status,collision_index,collision_year,collision_reference,vehicle_reference,vehicle_type,towing_and_articulation,vehicle_manoeuvre,vehicle_direction_from,vehicle_direction_to,vehicle_location_restricted_lane,junction_location,skidding_and_overturning,hit_object_in_carriageway,vehicle_leaving_carriageway,hit_object_off_carriageway,first_point_of_impact,vehicle_left_hand_drive,journey_purpose_of_driver,sex_of_driver,age_of_driver,age_band_of_driver,engine_capacity_cc,propulsion_code,age_of_vehicle,generic_make_model,driver_imd_decile,driver_home_area_type,lsoa_of_driver,escooter_flag
Unvalidated,2024010487556,2024,010487556,1,3,0,18,1,5,0,8,0,0,0,0,9,1,1,2,19,4,-1,-1,-1,-1,7,1,E01001495,0
Unvalidated,2024010487556,2024,010487556,2,9,9,99,9,9,99,9,9,99,9,99,2,9,6,3,-1,-1,-1,-1,-1,-1,-1,-1,-1,0
Unvalidated,2024010487561,2024,010487561,1,9,0,18,3,7,0,8,0,0,1,1,1,1,6,2,52,8,-1,-1,-1,-1,3,1,E01002504,0
Unvalidated,2024010487561,2024,010487561,2,9,0,18,1,5,0,8,0,0,0,0,4,1,6,2,44,7,-1,-1,-1,-1,3,1,E01015527,0
Unvalidated,2024010487561,2024,010487561,3,11,0,10,5,3,0,1,0,0,0,0,1,1,1,2,52,8,-1,-1,-1,-1,4,1,E01002486,0
Unvalidated,2024010487572,2024,010487572,1,3,0,99,9,9,99,9,9,99,9,99,9,1,1,2,36,7,-1,-1,-1,-1,3,1,E01001814,0
Unvalidated,2024010487572,2024,010487572,2,9,9,99,9,9,99,9,9,99,9,99,9,9,6,3,-1,-1,-1,-1,-1,-1,-1,-1,-1,0
Unvalidated,2024010487591,2024,010487591,1,9,0,7,1,2,6,2,0,0,0,0,3,1,6,1,50,8,-1,-1,-1,-1,2,1,E01004287,0
Unvalidated,2024010487591,2024,010487591,2,9,0,18,7,3,0,1,0,0,0,0,4,1,6,1,40,7,-1,-1,-1,-1,1,1,E01000061,0
Unvalidated,2024010487596,2024,010487596,1,9,0,16,1,3,0,1,0,0,0,0,1,1,6,3,-1,-1,-1,-1,-1,-1,-1,-1,-1,0
Unvalidated,2024010487596,2024,010487596,2,9,0,4,6,2,0,1,0,0,0,0,1,1,6,2,54,8,-1,-1,-1,-1,6,1,E01004186,0
Unvalidated,2024010487596,2024,010487596,3,9,0,2,0,0,0,1,0,0,0,0,1,1,6,3,-1,-1,-1,-1,-1,-1,-1,-1,-1,0
Unvalidated,2024010487596,2024,010487596,4,9,0,2,0,0,0,1,0,0,0,0,2,1,6,3,-1,-1,-1,-1,-1,-1,-1,-1,-1,0
Unvalidated,2024010487605,2024,010487605,1,9,0,99,9,9,99,9,9,99,9,99,1,9,6,1,63,9,-1,-1,-1,-1,2,1,E01001551,0
Unvalidated,2024010487605,2024,010487605,2,19,9,99,9,9,99,9,9,99,9,99,9,9,6,1,-1,-1,-1,-1,-1,-1,2,1,E01001485,0
Unvalidated,2024010487612,2024,010487612,1,9,0,18,1,5,0,1,0,0,0,0,1,1,6,1,24,5,-1,-1,-1,-1,1,1,E01002093,0
Unvalidated,2024010487620,2024,010487620,1,3,0,18,1,5,0,0,5,0,0,0,1,1,1,1,35,6,-1,-1,-1,-1,-1,-1,-1,0
Unvalidated,2024010487622,2024,010487622,1,11,0,18,7,3,0,0,0,0,0,0,0,1,1,1,33,6,-1,-1,-1,-1,4,1,E01001148,0
Unvalidated,2024010487623,2024,010487623,1,9,0,18,3,7,9,0,0,11,0,0,1,1,6,1,51,8,-1,-1,-1,-1,2,1,E01002046,0
Unvalidated,2024010487630,2024,010487630,1,11,0,5,3,7,0,1,0,0,0,0,0,1,1,1,30,6,-1,-1,-1,-1,1,1,E01033207,0
Unvalidated,2024010487632,2024,010487632,1,3,0,99,9,9,99,9,9,99,9,99,9,1,1,1,30,6,-1,-1,-1,-1,4,1,E01002180,0
Unvalidated,2024010487632,2024,010487632,2,9,0,99,9,9,99,9,9,99,9,99,9,9,6,3,-1,-1,-1,-1,-1,-1,-1,-1,-1,0
Unvalidated,2024010487633,2024,010487633,1,11,0,18,3,7,0,1,0,0,0,0,1,1,1,1,50,8,-1,-1,-1,-1,1,1,E01000721,0
Unvalidated,2024010487633,2024,010487633,2,9,0,3,3,7,0,1,0,0,0,0,2,1,6,1,51,8,-1,-1,-1,-1,7,1,E01004619,0
Unvalidated,2024010487633,2024,010487633,3,9,0,3,3,7,0,1,0,0,0,0,2,1,6,2,25,5,-1,-1,-1,-1,3,1,E01000819,0
Unvalidated,2024010487633,2024,010487633,4,9,0,3,3,7,0,1,0,0,0,0,0,1,6,1,50,8,-1,-1,-1,-1,2,1,E01003297,0
Unvalidated,2024010487637,2024,010487637,1,9,0,5,5,1,0,8,0,0,0,0,1,1,6,1,54,8,-1,-1,-1,-1,7,1,E01003794,0
Unvalidated,2024010487637,2024,010487637,2,1,0,18,3,7,0,8,0,0,0,0,4,1,2,1,56,9,-1,-1,-1,-1,8,1,E01003795,0
Unvalidated,2024010487645,2024,010487645,1,3,0,18,7,3,0,1,0,0,0,0,3,1,2,2,23,5,-1,-1,-1,-1,3,1,E01004355,0
Unvalidated,2024010487645,2024,010487645,2,1,0,9,7,6,0,1,0,0,0,0,3,1,6,1,22,5,-1,-1,-1,-1,2,1,E01003059,0
Unvalidated,2024010487649,2024,010487649,1,9,0,99,9,9,99,9,9,99,9,99,1,9,6,3,-1,-1,-1,-1,-1,-1,-1,-1,-1,0
Unvalidated,2024010487654,2024,010487654,1,2,0,18,8,4,0,1,2,0,0,0,1,1,6,1,22,5,-1,-1,-1,-1,3,1,E01002768,0
Unvalidated,2024010487656,2024,010487656,1,4,0,9,3,1,0,8,0,0,0,0,4,1,6,1,23,5,-1,-1,-1,-1,5,1,E01002361,0
Unvalidated,2024010487656,2024,010487656,2,9,0,18,5,1,0,4,0,0,0,0,1,1,6,2,-1,-1,-1,-1,-1,-1,2,1,E01003732,0
Unvalidated,2024010487664,2024,010487664,1,9,0,18,3,7,0,8,0,0,0,0,4,1,2,2,45,7,-1,-1,-1,-1,2,1,E01000019,0
Unvalidated,2024010487664,2024,010487664,2,9,0,18,5,1,0,1,0,0,0,0,1,1,6,1,70,10,-1,-1,-1,-1,2,1,E01000072,0
Unvalidated,2024010487665,2024,010487665,1,9,0,5,1,5,0,1,0,0,1,11,1,2,6,2,34,6,-1,-1,-1,-1,2,1,E01003046,0
Unvalidated,2024010487668,2024,010487668,1,5,0,18,2,6,0,2,2,0,7,2,1,1,6,1,33,6,-1,-1,-1,-1,3,1,E01000128,0
Unvalidated,2024010487668,2024,010487668,2,9,0,9,4,2,0,1,0,0,0,0,1,1,6,1,18,4,-1,-1,-1,-1,4,1,E01000498,0
Unvalidated,2024010487670,2024,010487670,1,9,9,2,0,0,99,0,9,99,9,99,9,1,6,3,-1,-1,-1,-1,-1,-1,-1,-1,-1,0
Unvalidated,2024010487670,2024,010487670,2,3,9,99,9,9,99,0,9,99,9,99,9,1,6,1,-1,-1,-1,-1,-1,-1,4,1,E01001176,0
Unvalidated,2024010487671,2024,010487671,1,9,0,18,1,5,0,0,0,0,0,0,1,1,6,1,23,5,-1,-1,-1,-1,7,1,E01002328,0
Unvalidated,2024010487672,2024,010487672,1,11,1,18,5,1,0,6,0,0,0,0,4,1,1,1,44,7,-1,-1,-1,-1,1,1,E01001979,0
Unvalidated,2024010487672,2024,010487672,2,11,0,5,5,1,0,8,0,0,0,0,1,1,1,1,41,7,-1,-1,-1,-1,5,1,-1,0
Unvalidated,2024010487674,2024,010487674,1,1,9,99,9,9,99,0,9,99,9,99,0,1,6,2,27,6,-1,-1,-1,-1,1,1,E01004273,0
Unvalidated,2024010487674,2024,010487674,2,1,9,99,9,9,99,0,9,99,9,99,0,1,6,2,-1,-1,-1,-1,-1,-1,1,1,E01004273,0
Unvalidated,2024010487674,2024,010487674,3,9,9,99,9,9,99,0,9,99,9,99,9,9,6,3,-1,-1,-1,-1,-1,-1,-1,-1,-1,0
Unvalidated,2024010487675,2024,010487675,1,9,0,9,2,8,0,1,0,0,0,0,1,1,1,1,46,8,-1,-1,-1,-1,2,1,E01001441,0
Unvalidated,2024010487675,2024,010487675,2,3,0,18,7,3,0,1,1,0,0,0,3,1,6,1,17,4,-1,-1,-1,-1,5,1,E01023303,0
Unvalidated,2024010487676,2024,010487676,1,9,0,14,5,1,0,1,0,0,0,0,1,1,6,1,31,6,-1,-1,-1,-1,6,1,E01002006,0
Unvalidated,2024010487678,2024,010487678,1,9,0,6,1,1,0,6,0,0,0,0,3,1,6,2,48,8,-1,-1,-1,-1,8,1,E01002915,0
Unvalidated,2024010487678,2024,010487678,2,9,0,18,7,3,0,1,0,0,0,0,1,1,6,1,59,9,-1,-1,-1,-1,9,1,E01003384,0
Unvalidated,2024010487679,2024,010487679,1,9,0,4,1,5,0,0,0,4,0,0,4,1,6,1,18,4,-1,-1,-1,-1,5,1,E01009248,0
Unvalidated,2024010487679,2024,010487679,2,9,0,2,0,0,0,0,0,0,0,0,3,1,6,3,-1,-1,-1,-1,-1,-1,-1,-1,-1,0
Unvalidated,2024010487681,2024,010487681,1,9,0,18,1,5,9,0,0,0,7,10,1,1,6,1,73,10,-1,-1,-1,-1,2,1,E01003593,0
Unvalidated,2024010487684,2024,010487684,1,9,0,18,7,3,0,2,5,2,7,5,1,1,6,1,27,6,-1,-1,-1,-1,5,1,E01001646,0
Unvalidated,2024010487684,2024,010487684,2,9,0,18,7,3,0,1,0,0,0,0,0,1,1,1,25,5,-1,-1,-1,-1,2,1,E01004008,0
Unvalidated,2024010487685,2024,010487685,1,9,0,16,7,3,0,8,5,10,0,0,1,1,6,1,44,7,-1,-1,-1,-1,2,1,E01000064,0
Unvalidated,2024010487690,2024,010487690,1,9,0,18,7,3,0,0,1,7,4,6,1,1,6,1,52,8,-1,-1,-1,-1,-1,-1,-1,0
Unvalidated,2024010487692,2024,010487692,1,9,0,99,9,9,99,9,9,99,9,99,9,9,1,1,32,6,-1,-1,-1,-1,4,3,E01021260,0
Unvalidated,2024010487692,2024,010487692,2,9,9,99,9,9,99,9,9,99,9,99,9,9,6,1,-1,-1,-1,-1,-1,-1,-1,-1,-1,0
Unvalidated,2024010487696,2024,010487696,1,1,9,99,9,9,99,9,9,99,9,99,9,1,2,1,33,6,-1,-1,-1,-1,2,1,E01001830,0
Unvalidated,2024010487696,2024,010487696,2,8,0,99,9,9,99,9,9,99,9,99,9,9,6,3,-1,-1,-1,-1,-1,-1,-1,-1,-1,0
Unvalidated,2024010487702,2024,010487702,1,1,9,99,9,9,99,9,9,99,9,99,9,1,6,1,36,7,-1,-1,-1,-1,6,1,E01003367,0
Unvalidated,2024010487702,2024,010487702,2,19,0,99,9,9,99,9,9,99,9,99,1,9,6,3,-1,-1,-1,-1,-1,-1,1,1,E01003070,0
Unvalidated,2024010487716,2024,010487716,1,1,9,99,9,9,99,9,9,99,9,99,9,1,6,1,29,6,-1,-1,-1,-1,7,1,E01004512,0
Unvalidated,2024010487716,2024,010487716,2,9,0,99,9,9,99,9,9,99,9,99,1,9,6,3,-1,-1,-1,-1,-1,-1,-1,-1,-1,0
Unvalidated,2024010487722,2024,010487722,1,9,0,18,1,5,0,1,0,0,0,0,0,1,2,2,51,8,-1,-1,-1,-1,-1,-1,-1,0
Unvalidated,2024010487723,2024,010487723,1,9,0,13,7,3,0,0,0,0,0,0,4,1,6,1,84,11,-1,-1,-1,-1,10,1,E01002920,0
Unvalidated,2024010487723,2024,010487723,2,9,0,14,3,7,0,0,0,0,0,0,3,1,6,1,37,7,-1,-1,-1,-1,6,3,W01000613,0
Unvalidated,2024010487723,2024,010487723,3,9,0,3,7,3,0,0,0,0,0,0,3,1,6,2,30,6,-1,-1,-1,-1,3,1,E01003136,0
Unvalidated,2024010487723,2024,010487723,4,19,0,2,0,0,0,0,0,0,0,0,3,1,6,3,-1,-1,-1,-1,-1,-1,-1,-1,-1,0
Unvalidated,2024010487729,2024,010487729,1,11,0,4,1,5,0,1,0,0,0,0,0,1,1,1,30,6,-1,-1,-1,-1,6,1,E01001040,0
Unvalidated,2024010487730,2024,010487730,1,9,9,99,9,9,99,9,9,99,9,99,9,9,6,3,-1,-1,-1,-1,-1,-1,-1,-1,-1,0
Unvalidated,2024010487737,2024,010487737,1,3,0,99,9,9,99,9,9,99,9,99,1,1,2,1,26,6,-1,-1,-1,-1,6,1,E01004485,0
Unvalidated,2024010487737,2024,010487737,2,9,0,99,9,9,99,9,9,99,9,99,9,9,6,3,-1,-1,-1,-1,-1,-1,-1,-1,-1,0
Unvalidated,2024010487746,2024,010487746,1,9,0,5,2,6,0,0,0,4,0,0,1,1,6,1,28,6,-1,-1,-1,-1,5,1,E01000847,0
Unvalidated,2024010487746,2024,010487746,2,9,0,1,1,5,0,0,0,0,0,0,2,1,6,2,24,5,-1,-1,-1,-1,7,1,E01009707,0
Unvalidated,2024010487746,2024,010487746,3,9,0,2,0,0,0,0,0,0,0,0,4,1,6,3,-1,-1,-1,-1,-1,-1,-1,-1,-1,0
Unvalidated,2024010487746,2024,010487746,4,9,0,2,0,0,0,0,0,0,0,0,3,1,6,3,-1,-1,-1,-1,-1,-1,-1,-1,-1,0
Unvalidated,2024010487746,2024,010487746,5,9,0,2,0,0,0,0,0,0,0,0,2,1,6,3,-1,-1,-1,-1,-1,-1,-1,-1,-1,0
Unvalidated,2024010487752,2024,010487752,1,11,0,99,9,9,99,9,9,99,9,99,9,9,6,3,-1,-1,-1,-1,-1,-1,-1,-1,-1,0
Unvalidated,2024010487755,2024,010487755,1,9,0,5,5,1,0,0,0,0,0,0,1,1,6,2,58,9,-1,-1,-1,-1,2,1,E01026097,0
Unvalidated,2024010487756,2024,010487756,1,9,0,18,7,3,0,1,0,0,0,0,1,1,6,1,-1,-1,-1,-1,-1,-1,-1,-1,-1,0
Unvalidated,2024010487758,2024,010487758,1,11,0,5,0,6,2,0,0,0,0,0,0,1,1,1,60,9,-1,-1,-1,-1,8,1,E01030335,0
Unvalidated,2024010487765,2024,010487765,1,9,0,99,9,9,0,0,0,0,0,0,1,1,6,2,-1,-1,-1,-1,-1,-1,-1,-1,-1,0
Unvalidated,2024010487768,2024,010487768,1,9,0,4,5,1,9,2,0,0,0,0,1,1,6,1,31,6,-1,-1,-1,-1,4,1,E01000491,0
Unvalidated,2024010487769,2024,010487769,1,9,0,99,9,9,99,0,9,99,9,99,9,9,6,2,64,9,-1,-1,-1,-1,5,1,E01001348,0
Unvalidated,2024010487771,2024,010487771,1,9,0,18,7,3,0,1,0,0,0,0,1,1,1,1,50,8,-1,-1,-1,-1,7,1,E01002154,0
Unvalidated,2024010487776,2024,010487776,1,8,0,18,8,4,0,1,0,0,0,0,3,1,6,1,59,9,-1,-1,-1,-1,1,1,E01001430,0
Unvalidated,2024010487776,2024,010487776,2,1,0,18,8,4,0,8,0,0,0,0,1,1,2,1,37,7,-1,-1,-1,-1,1,1,E01002092,0
Unvalidated,2024010487777,2024,010487777,1,11,0,5,3,7,0,0,0,0,0,0,0,1,1,1,59,9,-1,-1,-1,-1,2,1,E01001875,0
Unvalidated,2024010487783,2024,010487783,1,9,0,18,7,3,0,8,0,0,0,0,1,1,6,1,22,5,-1,-1,-1,-1,3,1,E01033084,0
Unvalidated,2024010487783,2024,010487783,2,21,0,18,5,1,0,8,0,0,3,1,4,1,1,1,55,8,-1,-1,-1,-1,3,1,E01002585,0
Unvalidated,2024010487790,2024,010487790,1,9,0,18,7,3,0,2,0,0,0,0,3,1,6,2,53,8,-1,-1,-1,-1,2,1,E01000121,0
Unvalidated,2024010487790,2024,010487790,2,9,0,18,7,3,0,1,0,0,0,0,3,1,6,3,34,6,-1,-1,-1,-1,-1,-1,-1,0
Unvalidated,2024010487791,2024,010487791,1,9,0,99,9,9,99,9,9,99,9,99,2,9,6,1,37,7,-1,-1,-1,-1,4,1,E01001323,0
Unvalidated,2024010487791,2024,010487791,2,9,0,99,9,9,99,9,9,99,9,99,2,9,6,3,-1,-1,-1,-1,-1,-1,-1,-1,-1,0
Unvalidated,2024010487793,2024,010487793,1,1,0,18,3,7,9,6,0,0,0,0,0,1,6,1,23,5,-1,-1,-1,-1,-1,-1,-1,0
Unvalidated,2024010487795,2024,010487795,1,11,0,4,7,3,0,0,0,0,0,0,2,1,1,2,43,7,-1,-1,-1,-1,-1,-1,-1,0
Unvalidated,2024010487795,2024,010487795,2,2,0,18,7,3,0,0,0,0,0,0,1,1,6,1,20,4,-1,-1,-1,-1,7,1,E01004159,0
Unvalidated,2024010487799,2024,010487799,1,9,0,18,1,5,0,1,0,4,0,0,1,1,6,3,-1,-1,-1,-1,-1,-1,-1,-1,-1,0
Unvalidated,2024010487799,2024,010487799,2,9,0,18,1,5,0,1,0,4,0,0,2,1,6,1,29,6,-1,-1,-1,-1,3,1,E01016459,0
Unvalidated,2024010487799,2024,010487799,3,9,0,18,1,5,0,1,0,0,0,0,2,1,6,1,58,9,-1,-1,-1,-1,4,1,E01001321,0
Unvalidated,2024010487800,2024,010487800,1,9,0,3,1,5,0,0,0,0,1,0,2,1,6,1,22,5,-1,-1,-1,-1,6,1,E01000193,0
Unvalidated,2024010487800,2024,010487800,2,9,0,18,1,5,0,0,0,0,1,0,1,1,1,1,50,8,-1,-1,-1,-1,8,1,E01003652,0
Unvalidated,2024010487801,2024,010487801,1,3,0,18,5,1,0,2,0,0,0,0,1,1,1,1,25,5,-1,-1,-1,-1,5,1,E01003495,0
Unvalidated,2024010487801,2024,010487801,2,9,0,6,1,1,0,2,0,0,0,0,1,1,6,1,34,6,-1,-1,-1,-1,6,1,E01001590,0
Unvalidated,2024010487806,2024,010487806,1,9,0,18,8,4,0,0,0,0,0,0,1,1,6,1,33,6,-1,-1,-1,-1,2,1,E01003918,0
Unvalidated,2024010487806,2024,010487806,2,90,0,2,0,0,0,0,0,0,0,0,1,1,6,3,-1,-1,-1,-1,-1,-1,-1,-1,-1,0
Unvalidated,2024010487808,2024,010487808,1,9,0,18,5,1,0,8,0,0,0,0,4,1,6,3,-1,-1,-1,-1,-1,-1,-1,-1,-1,0
Unvalidated,2024010487808,2024,010487808,2,2,0,18,5,1,0,2,0,0,7,0,4,1,1,1,53,8,-1,-1,-1,-1,2,1,E01003304,0
Unvalidated,2024010487810,2024,010487810,1,3,0,4,1,5,0,4,0,0,0,0,1,1,6,1,22,5,-1,-1,-1,-1,2,1,E01002723,0
Unvalidated,2024010487810,2024,010487810,2,9,0,4,5,1,0,4,0,0,0,0,2,1,6,3,-1,-1,-1,-1,-1,-1,-1,-1,-1,0
Unvalidated,2024010487814,2024,010487814,1,9,0,18,3,7,0,8,0,0,0,0,1,1,1,1,34,6,-1,-1,-1,-1,3,1,E01003567,0
Unvalidated,2024010487814,2024,010487814,2,9,0,5,1,5,0,8,1,0,0,0,4,1,1,1,21,5,-1,-1,-1,-1,2,1,E01003507,0
Unvalidated,2024010487818,2024,010487818,1,9,0,18,3,7,0,0,0,0,0,0,1,1,6,2,25,5,-1,-1,-1,-1,9,1,E01002271,0
Unvalidated,2024010487818,2024,010487818,2,9,0,13,3,7,0,0,0,0,0,0,2,1,6,1,57,9,-1,-1,-1,-1,2,1,E01000100,0
Unvalidated,2024010487826,2024,010487826,1,8,0,99,9,9,99,0,9,99,9,99,2,9,6,1,38,7,-1,-1,-1,-1,7,1,E01000225,0
Unvalidated,2024010487832,2024,010487832,1,9,0,13,4,8,0,0,0,4,0,0,1,1,6,1,46,8,-1,-1,-1,-1,2,1,E01032562,0
Unvalidated,2024010487832,2024,010487832,2,9,0,2,0,0,0,0,0,0,0,0,2,1,6,3,-1,-1,-1,-1,-1,-1,-1,-1,-1,0
Unvalidated,2024010487832,2024,010487832,3,9,0,2,0,0,0,0,0,0,0,0,1,1,6,3,-1,-1,-1,-1,-1,-1,-1,-1,-1,0
Unvalidated,2024010487832,2024,010487832,4,9,0,2,0,0,0,0,0,0,0,0,1,1,6,3,-1,-1,-1,-1,-1,-1,-1,-1,-1,0
Unvalidated,2024010487832,2024,010487832,5,9,0,2,0,0,0,0,0,0,0,0,1,2,6,3,-1,-1,-1,-1,-1,-1,-1,-1,-1,0
Unvalidated,2024010487833,2024,010487833,1,9,5,3,3,7,0,1,0,0,1,5,4,1,6,1,48,8,-1,-1,-1,-1,4,1,E01003543,0
Unvalidated,2024010487833,2024,010487833,2,9,0,15,3,7,0,1,0,0,0,0,1,1,6,1,40,7,-1,-1,-1,-1,3,1,E01004064,0
Unvalidated,2024010487833,2024,010487833,3,9,0,2,0,0,0,1,0,0,0,0,3,1,6,3,-1,-1,-1,-1,-1,-1,-1,-1,-1,0
Unvalidated,2024010487841,2024,010487841,1,19,0,99,9,9,99,9,9,99,9,99,1,9,6,3,-1,-1,-1,-1,-1,-1,-1,-1,-1,0
Unvalidated,2024010487847,2024,010487847,1,9,0,99,9,9,99,9,9,99,9,99,1,9,6,3,-1,-1,-1,-1,-1,-1,4,1,E01003721,0
Unvalidated,2024010487849,2024,010487849,1,4,0,5,2,6,0,1,0,0,0,0,1,1,6,1,22,5,-1,-1,-1,-1,3,1,E01004329,0
Unvalidated,2024010487849,2024,010487849,2,1,0,7,5,6,0,1,0,0,0,0,3,1,6,1,67,10,-1,-1,-1,-1,7,1,E01002819,0
Unvalidated,2024010487863,2024,010487863,1,8,9,99,9,9,99,9,9,99,0,0,9,9,6,3,61,9,-1,-1,-1,-1,3,1,E01004034,0
Unvalidated,2024010487863,2024,010487863,2,9,9,99,9,9,99,9,9,99,0,0,9,9,6,3,24,5,-1,-1,-1,-1,7,1,E01023850,0
Unvalidated,2024010487863,2024,010487863,3,19,9,99,9,9,99,9,9,99,0,0,9,9,6,3,-1,-1,-1,-1,-1,-1,-1,-1,-1,0
Unvalidated,2024010487867,2024,010487867,1,19,0,5,5,1,0,8,0,0,0,0,3,1,1,1,24,5,-1,-1,-1,-1,6,1,E01003367,0
Unvalidated,2024010487867,2024,010487867,2,9,0,18,3,7,0,8,0,0,0,0,1,1,6,1,26,6,-1,-1,-1,-1,9,1,E01004115,0
Unvalidated,2024010487869,2024,010487869,1,9,0,9,5,3,0,1,2,7,0,0,1,1,2,1,32,6,-1,-1,-1,-1,4,1,E01021843,0
Unvalidated,2024010487869,2024,010487869,2,9,0,18,1,5,0,1,0,0,0,0,1,1,6,2,29,6,-1,-1,-1,-1,3,1,E01000088,0
Unvalidated,2024010487873,2024,010487873,1,9,0,18,7,3,0,1,0,12,0,0,1,1,6,3,-1,-1,-1,-1,-1,-1,-1,-1,-1,0
Unvalidated,2024010487874,2024,010487874,1,4,0,18,3,7,0,1,0,0,0,0,3,1,6,1,24,5,-1,-1,-1,-1,4,1,E01001197,0
Unvalidated,2024010487874,2024,010487874,2,8,0,9,7,4,0,2,0,0,0,0,2,1,1,1,61,9,-1,-1,-1,-1,7,1,E01001280,0
Unvalidated,2024010487879,2024,010487879,1,9,0,14,5,1,0,1,0,0,0,0,1,1,6,2,32,6,-1,-1,-1,-1,3,1,E01002104,0
Unvalidated,2024010487879,2024,010487879,2,9,0,18,5,1,0,8,0,0,0,0,3,1,6,1,19,4,-1,-1,-1,-1,4,1,E01001484,0
Unvalidated,2024010487880,2024,010487880,1,9,0,18,5,1,0,1,0,0,7,4,1,1,6,1,35,6,-1,-1,-1,-1,-1,-1,-1,0
Unvalidated,2024010487880,2024,010487880,2,9,0,9,8,5,0,6,0,0,0,0,0,1,6,1,23,5,-1,-1,-1,-1,9,1,E01001135,0
Unvalidated,2024010487890,2024,010487890,1,9,0,17,1,7,0,0,2,0,0,0,3,1,6,1,48,8,-1,-1,-1,-1,2,1,E01000100,0
Unvalidated,2024010487892,2024,010487892,1,11,0,99,9,9,99,0,9,99,9,99,1,9,6,3,-1,-1,-1,-1,-1,-1,-1,-1,-1,0
Unvalidated,2024010487894,2024,010487894,1,9,0,99,9,9,0,1,0,0,0,0,1,1,6,1,-1,-1,-1,-1,-1,-1,4,1,E01001174,0
Unvalidated,2024010487896,2024,010487896,1,11,0,18,5,1,0,1,0,0,0,0,0,1,1,1,62,9,-1,-1,-1,-1,3,1,E01030744,0
Unvalidated,2024010487897,2024,010487897,1,9,0,10,1,7,0,8,0,0,0,0,1,1,6,2,43,7,-1,-1,-1,-1,2,1,E01004251,0
Unvalidated,2024010487897,2024,010487897,2,3,0,5,0,3,0,8,5,0,0,0,3,1,1,1,37,7,-1,-1,-1,-1,2,1,E01004224,0
Unvalidated,2024010487900,2024,010487900,1,9,0,99,9,9,99,9,9,99,9,99,9,9,6,2,53,8,-1,-1,-1,-1,6,1,E01003676,0
Unvalidated,2024010487903,2024,010487903,1,19,0,18,1,5,0,0,0,0,0,0,2,1,6,1,28,6,-1,-1,-1,-1,-1,-1,-1,0
Unvalidated,2024010487903,2024,010487903,2,8,0,2,0,0,2,0,0,0,0,0,2,1,6,3,-1,-1,-1,-1,-1,-1,-1,-1,-1,0
Unvalidated,2024010487903,2024,010487903,3,9,0,14,1,5,0,0,1,0,0,0,1,1,6,1,-1,-1,-1,-1,-1,-1,3,1,E01032774,0
Unvalidated,2024010487904,2024,010487904,1,9,0,18,1,5,9,5,1,0,7,0,1,1,6,3,23,5,-1,-1,-1,-1,-1,-1,-1,0
Unvalidated,2024010487904,2024,010487904,2,9,0,3,6,2,0,1,0,0,0,0,1,1,6,2,32,6,-1,-1,-1,-1,8,1,E01000690,0
Unvalidated,2024010487916,2024,010487916,1,9,0,99,9,9,99,9,9,99,9,99,9,9,6,1,30,6,-1,-1,-1,-1,1,1,E01000953,0
Unvalidated,2024010487916,2024,010487916,2,9,9,99,9,9,99,9,9,99,9,99,9,9,6,3,-1,-1,-1,-1,-1,-1,-1,-1,-1,0
Unvalidated,2024010487918,2024,010487918,1,9,0,9,4,3,0,1,0,0,0,0,3,1,6,2,45,7,-1,-1,-1,-1,-1,-1,-1,0
Unvalidated,2024010487918,2024,010487918,2,3,0,13,7,3,0,1,0,0,0,0,1,1,6,1,19,4,-1,-1,-1,-1,5,1,E01000454,0
Unvalidated,2024010487919,2024,010487919,1,9,0,18,3,7,0,7,5,0,0,0,1,1,6,1,23,5,-1,-1,-1,-1,-1,-1,-1,0
Unvalidated,2024010487919,2024,010487919,2,9,0,18,3,7,0,6,0,0,0,0,0,1,6,1,33,6,-1,-1,-1,-1,-1,-1,-1,0
Unvalidated,2024010487919,2024,010487919,3,9,0,18,3,7,0,6,0,0,0,0,0,1,1,1,36,7,-1,-1,-1,-1,-1,-1,-1,0
Unvalidated,2024010487919,2024,010487919,4,9,0,18,3,7,0,6,0,0,1,0,0,1,1,1,53,8,-1,-1,-1,-1,-1,-1,-1,0
Unvalidated,2024010487919,2024,010487919,5,9,0,18,3,7,0,7,0,0,1,0,0,1,1,1,34,6,-1,-1,-1,-1,-1,-1,-1,0
Unvalidated,2024010487926,2024,010487926,1,9,0,18,1,5,0,8,0,0,0,0,1,1,6,1,50,8,-1,-1,-1,-1,3,1,E01002284,0
Unvalidated,2024010487933,2024,010487933,1,3,0,99,9,9,99,9,9,99,9,99,9,1,1,1,33,6,-1,-1,-1,-1,1,1,E01001554,0
Unvalidated,2024010487933,2024,010487933,2,9,0,99,9,9,99,9,9,99,9,99,9,9,6,3,-1,-1,-1,-1,-1,-1,-1,-1,-1,0
Unvalidated,2024010487935,2024,010487935,1,3,0,99,9,9,99,9,9,99,9,99,9,1,2,1,36,7,-1,-1,-1,-1,6,1,E01023118,0
Unvalidated,2024010487935,2024,010487935,2,9,0,99,9,9,99,9,9,99,9,99,9,9,6,3,-1,-1,-1,-1,-1,-1,-1,-1,-1,0
Unvalidated,2024010487936,2024,010487936,1,9,0,18,5,1,0,1,0,0,1,0,4,1,6,1,30,6,-1,-1,-1,-1,3,1,E01003036,0
Unvalidated,2024010487936,2024,010487936,2,9,0,8,7,2,0,1,0,0,0,0,1,1,6,1,23,5,-1,-1,-1,-1,2,1,E01003092,0