status,collision_index,collision_year,collision_reference,vehicle_reference,vehicle_type,towing_and_articulation,vehicle_manoeuvre,vehicle_direction_from,vehicle_direction_to,vehicle_location_restricted_lane,junction_location,skidding_and_overturning,hit_object_in_carriageway,vehicle_leaving_carriageway,hit_object_off_carriageway,first_point_of_impact,vehicle_left_hand_drive,journey_purpose_of_driver,sex_of_driver,age_of_driver,age_band_of_driver,engine_capacity_cc,propulsion_code,age_of_vehicle,generic_make_model,driver_imd_decile,driver_home_area_type,lsoa_of_driver,escooter_flag
Unvalidated,2024010487940,2024,010487940,1,9,0,99,9,9,99,9,9,99,9,99,9,9,6,1,33,6,-1,-1,-1,-1,2,1,E01000992,0
Unvalidated,2024010487955,2024,010487955,1,3,0,99,9,9,99,9,9,99,9,99,1,1,1,2,31,6,-1,-1,-1,-1,1,1,E01002071,0
Unvalidated,2024010487955,2024,010487955,2,9,9,99,9,9,99,9,9,99,9,99,9,9,6,1,26,6,-1,-1,-1,-1,3,1,E01001823,0
Unvalidated,2024010487956,2024,010487956,1,9,0,14,4,8,9,8,5,10,1,9,2,1,6,1,18,4,-1,-1,-1,-1,8,1,E01023549,0
Unvalidated,2024010487956,2024,010487956,2,9,0,10,4,2,0,8,0,10,7,1,2,2,6,2,82,11,-1,-1,-1,-1,9,1,E01002225,0
Unvalidated,2024010487958,2024,010487958,1,5,0,2,0,0,9,1,0,0,0,0,0,1,6,3,-1,-1,-1,-1,-1,-1,-1,-1,-1,0
Unvalidated,2024010487958,2024,010487958,2,9,0,1,1,5,0,6,0,0,1,11,2,2,6,1,84,11,-1,-1,-1,-1,6,1,E01004359,0
Unvalidated,2024010487959,2024,010487959,1,9,0,99,9,9,99,9,9,99,9,99,2,9,6,1,21,5,-1,-1,-1,-1,5,1,E01001863,0
Unvalidated,2024010487961,2024,010487961,1,5,0,15,1,5,0,1,0,0,0,0,1,1,6,1,36,7,-1,-1,-1,-1,5,1,E01004560,0
Unvalidated,2024010487964,2024,010487964,1,3,0,99,9,9,99,9,9,99,9,99,1,1,1,2,23,5,-1,-1,-1,-1,9,1,E01030453,0
Unvalidated,2024010487964,2024,010487964,2,9,9,99,9,9,99,9,9,99,9,99,9,9,6,3,-1,-1,-1,-1,-1,-1,-1,-1,-1,0
Unvalidated,2024010487965,2024,010487965,1,3,0,99,9,9,99,0,9,99,9,99,9,1,1,2,34,6,-1,-1,-1,-1,5,1,E01003547,0
Unvalidated,2024010487965,2024,010487965,2,9,0,99,9,9,99,0,9,99,9,99,9,9,6,3,-1,-1,-1,-1,-1,-1,-1,-1,-1,0
Unvalidated,2024010487968,2024,010487968,1,8,0,99,9,9,99,9,9,99,9,99,9,9,1,1,45,7,-1,-1,-1,-1,6,1,E01001070,0
Unvalidated,2024010487968,2024,010487968,2,3,0,99,9,9,99,9,9,99,9,99,1,1,6,3,-1,-1,-1,-1,-1,-1,-1,-1,-1,0
Unvalidated,2024010487974,2024,010487974,1,9,0,4,5,1,0,1,0,4,0,0,1,1,1,2,53,8,-1,-1,-1,-1,4,1,E01000997,0
Unvalidated,2024010487974,2024,010487974,2,9,0,2,0,0,0,8,0,0,0,0,1,1,6,3,-1,-1,-1,-1,-1,-1,-1,-1,-1,0
Unvalidated,2024010487977,2024,010487977,1,3,0,99,9,9,99,9,9,99,9,99,9,1,6,1,23,5,-1,-1,-1,-1,2,1,E01000533,0
Unvalidated,2024010487977,2024,010487977,2,9,0,99,9,9,99,9,9,99,9,99,9,9,6,3,-1,-1,-1,-1,-1,-1,-1,-1,-1,0
Unvalidated,2024010487982,2024,010487982,1,19,0,99,9,9,0,8,9,0,0,0,9,9,6,3,-1,-1,-1,-1,-1,-1,-1,-1,-1,0
Unvalidated,2024010487984,2024,010487984,1,4,0,10,5,2,0,1,0,0,0,0,2,1,2,1,47,8,-1,-1,-1,-1,9,1,E01002134,0
Unvalidated,2024010487984,2024,010487984,2,11,0,9,1,6,0,6,0,0,0,0,3,1,1,1,48,8,-1,-1,-1,-1,3,1,E01001349,0
Unvalidated,2024010487986,2024,010487986,1,9,0,2,0,0,0,1,0,0,0,0,3,1,6,3,-1,-1,-1,-1,-1,-1,-1,-1,-1,0
Unvalidated,2024010487986,2024,010487986,2,1,0,18,6,2,0,1,0,0,0,0,1,1,6,2,27,6,-1,-1,-1,-1,4,1,E01001953,0
Unvalidated,2024010487990,2024,010487990,1,3,0,99,9,9,99,9,9,99,9,99,9,1,6,1,43,7,-1,-1,-1,-1,5,1,E01001091,0
Unvalidated,2024010487990,2024,010487990,2,9,0,99,9,9,99,9,9,99,9,99,9,9,6,3,-1,-1,-1,-1,-1,-1,-1,-1,-1,0
Unvalidated,2024010487995,2024,010487995,1,3,0,99,9,9,99,9,9,99,9,99,1,1,6,2,39,7,-1,-1,-1,-1,2,1,E01001112,0
Unvalidated,2024010487995,2024,010487995,2,9,0,99,9,9,99,9,9,99,9,99,9,9,6,3,-1,-1,-1,-1,-1,-1,-1,-1,-1,0
Unvalidated,2024010487996,2024,010487996,1,9,0,9,6,3,0,5,0,0,0,0,3,1,6,1,69,10,-1,-1,-1,-1,3,1,E01001799,0
Unvalidated,2024010487996,2024,010487996,2,1,0,9,5,2,0,5,0,0,0,0,1,1,1,1,28,6,-1,-1,-1,-1,2,1,E01002049,0
Unvalidated,2024010488003,2024,010488003,1,9,0,99,9,9,99,0,9,99,9,99,1,1,6,2,27,6,-1,-1,-1,-1,4,1,E01002244,0
Unvalidated,2024010488003,2024,010488003,2,11,9,99,9,9,99,0,9,99,9,99,9,1,6,3,-1,-1,-1,-1,-1,-1,-1,-1,-1,0
Unvalidated,2024010488007,2024,010488007,1,3,9,99,9,9,99,9,9,99,9,99,1,1,1,1,30,6,-1,-1,-1,-1,6,1,E01030736,0
Unvalidated,2024010488007,2024,010488007,2,9,9,99,9,9,99,9,9,99,9,99,1,9,6,3,-1,-1,-1,-1,-1,-1,-1,-1,-1,0
Unvalidated,2024010488013,2024,010488013,1,1,9,99,9,9,99,0,9,99,9,99,9,1,6,1,39,7,-1,-1,-1,-1,2,1,E01004467,0
Unvalidated,2024010488013,2024,010488013,2,19,0,99,9,9,99,0,9,99,9,99,9,9,6,3,20,4,-1,-1,-1,-1,3,1,E01033388,0
Unvalidated,2024010488020,2024,010488020,1,9,0,18,7,3,0,1,0,10,0,0,1,1,6,1,24,5,-1,-1,-1,-1,-1,-1,-1,0
Unvalidated,2024010488020,2024,010488020,2,11,0,18,3,7,0,1,0,0,0,0,1,1,1,1,60,9,-1,-1,-1,-1,6,2,E01030524,0
Unvalidated,2024010488023,2024,010488023,1,3,0,99,9,9,99,9,9,99,9,99,9,1,2,1,24,5,-1,-1,-1,-1,3,1,E01004031,0
Unvalidated,2024010488023,2024,010488023,2,8,9,99,9,9,99,9,9,99,9,99,9,9,6,3,-1,-1,-1,-1,-1,-1,-1,-1,-1,0
Unvalidated,2024010488028,2024,010488028,1,3,0,99,9,9,99,9,9,99,9,99,1,1,6,1,32,6,-1,-1,-1,-1,4,1,E01001153,0
Unvalidated,2024010488028,2024,010488028,2,9,0,99,9,9,99,9,9,99,9,99,1,9,6,3,-1,-1,-1,-1,-1,-1,-1,-1,-1,0
Unvalidated,2024010488029,2024,010488029,1,3,0,99,9,9,99,9,9,99,9,99,1,1,6,1,26,6,-1,-1,-1,-1,6,1,E01033463,0
Unvalidated,2024010488029,2024,010488029,2,9,0,99,9,9,99,9,9,99,9,99,1,9,6,3,-1,-1,-1,-1,-1,-1,-1,-1,-1,0
Unvalidated,2024010488036,2024,010488036,1,9,0,99,9,9,99,9,9,99,9,99,9,9,6,3,-1,-1,-1,-1,-1,-1,2,1,E01001439,0
Unvalidated,2024010488039,2024,010488039,1,2,0,18,7,3,0,2,0,4,0,0,1,1,6,1,35,6,-1,-1,-1,-1,1,1,E01033602,0
Unvalidated,2024010488039,2024,010488039,2,9,0,4,7,3,1,2,0,0,0,0,3,1,6,1,46,8,-1,-1,-1,-1,5,1,E01000519,0
Unvalidated,2024010488041,2024,010488041,1,9,0,18,1,5,0,1,0,0,0,0,1,2,6,1,18,4,-1,-1,-1,-1,2,1,E01023338,0
Unvalidated,2024010488041,2024,010488041,2,90,0,9,1,6,0,8,0,0,0,0,3,2,6,1,53,8,-1,-1,-1,-1,3,1,E01001807,0
Unvalidated,2024010488046,2024,010488046,1,9,0,18,8,4,0,2,0,0,0,0,3,1,6,2,37,7,-1,-1,-1,-1,3,1,E01004443,0
Unvalidated,2024010488046,2024,010488046,2,9,0,7,7,8,0,6,0,0,0,0,1,1,6,3,-1,-1,-1,-1,-1,-1,-1,-1,-1,0
Unvalidated,2024010488048,2024,010488048,1,3,0,99,9,9,99,9,9,99,9,99,1,1,1,1,20,4,-1,-1,-1,-1,4,1,E01000699,0
Unvalidated,2024010488048,2024,010488048,2,9,9,99,9,9,99,9,9,99,9,99,9,9,6,3,-1,-1,-1,-1,-1,-1,-1,-1,-1,0
Unvalidated,2024010488052,2024,010488052,1,11,0,5,1,5,2,1,0,0,0,0,0,1,1,1,26,6,-1,-1,-1,-1,4,1,E01000497,0
Unvalidated,2024010488055,2024,010488055,1,19,0,12,7,3,0,2,0,0,0,0,3,1,2,1,35,6,-1,-1,-1,-1,1,1,E01033585,0
Unvalidated,2024010488055,2024,010488055,2,3,0,18,7,3,0,2,0,0,0,0,4,1,1,1,27,6,-1,-1,-1,-1,3,1,E01003586,0
Unvalidated,2024010488062,2024,010488062,1,9,0,9,5,3,0,2,0,0,0,0,1,1,2,1,31,6,-1,-1,-1,-1,4,1,E01001041,0
Unvalidated,2024010488062,2024,010488062,2,9,0,5,1,5,0,5,0,0,0,0,1,1,2,2,32,6,-1,-1,-1,-1,4,1,E01000428,0
Unvalidated,2024010488063,2024,010488063,1,9,0,99,9,9,99,0,9,99,9,99,9,9,2,1,29,6,-1,-1,-1,-1,3,1,E01003264,0
Unvalidated,2024010488063,2024,010488063,2,9,9,18,7,3,0,0,0,0,0,0,3,9,6,3,-1,-1,-1,-1,-1,-1,-1,-1,-1,0
Unvalidated,2024010488065,2024,010488065,1,1,9,99,9,9,99,9,9,99,9,99,1,1,6,1,37,7,-1,-1,-1,-1,9,1,E01003477,0
Unvalidated,2024010488065,2024,010488065,2,3,9,99,9,9,99,9,9,99,9,99,1,1,6,3,-1,-1,-1,-1,-1,-1,-1,-1,-1,0
Unvalidated,2024010488065,2024,010488065,3,11,0,99,9,9,99,9,9,99,9,99,1,9,6,3,-1,-1,-1,-1,-1,-1,-1,-1,-1,0
Unvalidated,2024010488066,2024,010488066,1,9,0,9,5,4,0,8,0,0,1,11,1,1,6,1,48,8,-1,-1,-1,-1,3,1,E01021845,0
Unvalidated,2024010488070,2024,010488070,1,3,0,99,9,9,99,9,9,99,9,99,2,1,6,1,42,7,-1,-1,-1,-1,6,1,E01004497,0
Unvalidated,2024010488070,2024,010488070,2,9,0,99,9,9,99,9,9,99,9,99,1,9,6,2,82,11,-1,-1,-1,-1,3,1,E01003141,0
Unvalidated,2024010488072,2024,010488072,1,11,0,5,5,1,0,0,0,0,0,0,3,1,1,1,57,9,-1,-1,-1,-1,5,1,E01002395,0
Unvalidated,2024010488072,2024,010488072,2,9,0,13,5,1,0,0,0,0,0,0,3,1,6,2,30,6,-1,-1,-1,-1,9,1,E01002451,0
Unvalidated,2024010488072,2024,010488072,3,19,0,18,1,5,0,0,0,0,0,0,1,1,1,1,47,8,-1,-1,-1,-1,3,1,E01001366,0
Unvalidated,2024010488073,2024,010488073,1,1,0,7,5,7,0,2,0,0,0,0,1,1,2,1,53,8,-1,-1,-1,-1,5,1,E01004654,0
Unvalidated,2024010488073,2024,010488073,2,9,0,14,7,3,0,1,0,0,0,0,3,1,6,1,23,5,-1,-1,-1,-1,2,1,E01004711,0
Unvalidated,2024010488077,2024,010488077,1,9,0,9,5,3,0,1,0,0,0,0,4,1,1,1,36,7,-1,-1,-1,-1,3,1,E01003583,0
Unvalidated,2024010488077,2024,010488077,2,9,0,18,1,5,0,1,0,0,0,0,1,1,6,1,52,8,-1,-1,-1,-1,4,1,E01002326,0
Unvalidated,2024010488080,2024,010488080,1,9,0,18,5,1,0,2,0,0,0,0,1,1,6,1,37,7,-1,-1,-1,-1,8,1,E01023548,0
Unvalidated,2024010488082,2024,010488082,1,3,0,99,9,9,99,9,9,99,9,99,2,1,1,1,34,6,-1,-1,-1,-1,7,1,E01002182,0
Unvalidated,2024010488082,2024,010488082,2,9,0,18,7,3,0,1,0,0,0,0,1,9,6,3,-1,-1,-1,-1,-1,-1,-1,-1,-1,0
Unvalidated,2024010488083,2024,010488083,1,9,0,9,5,2,0,1,0,0,0,0,1,1,6,2,43,7,-1,-1,-1,-1,3,1,E01004333,0
Unvalidated,2024010488083,2024,010488083,2,3,0,18,1,5,0,1,0,0,0,0,1,1,1,1,25,5,-1,-1,-1,-1,3,1,E01004429,0
Unvalidated,2024010488090,2024,010488090,1,9,0,9,5,2,0,1,0,0,0,0,1,1,6,1,34,6,-1,-1,-1,-1,1,1,E01004464,0
Unvalidated,2024010488091,2024,010488091,1,9,0,18,6,2,0,8,0,0,0,0,1,1,6,1,20,4,-1,-1,-1,-1,3,1,E01004432,0
Unvalidated,2024010488091,2024,010488091,2,9,0,9,2,8,0,8,0,0,1,11,3,1,6,1,44,7,-1,-1,-1,-1,-1,-1,-1,0
Unvalidated,2024010488093,2024,010488093,1,8,0,5,0,5,0,0,0,0,0,0,1,1,1,1,44,7,-1,-1,-1,-1,-1,-1,-1,0
Unvalidated,2024010488096,2024,010488096,1,3,0,18,3,7,0,1,0,10,0,0,1,1,6,1,24,5,-1,-1,-1,-1,2,1,E01003538,0
Unvalidated,2024010488106,2024,010488106,1,9,0,99,9,9,99,9,9,99,9,99,9,9,6,1,38,7,-1,-1,-1,-1,3,1,E01001834,0
Unvalidated,2024010488106,2024,010488106,2,1,9,99,9,9,99,9,9,99,9,99,9,1,6,1,-1,-1,-1,-1,-1,-1,-1,-1,-1,0
Unvalidated,2024010488109,2024,010488109,1,3,0,99,9,9,99,9,9,99,9,99,9,1,2,1,42,7,-1,-1,-1,-1,3,1,E01000578,0
Unvalidated,2024010488109,2024,010488109,2,9,0,99,9,9,99,9,9,99,9,99,9,9,6,3,-1,-1,-1,-1,-1,-1,-1,-1,-1,0
Unvalidated,2024010488110,2024,010488110,1,3,0,99,9,9,99,9,9,99,9,99,9,1,1,3,24,5,-1,-1,-1,-1,2,1,E01001553,0
Unvalidated,2024010488110,2024,010488110,2,9,0,99,9,9,99,9,9,99,9,99,9,9,6,3,-1,-1,-1,-1,-1,-1,-1,-1,-1,0
Unvalidated,2024010488112,2024,010488112,1,5,0,15,1,5,0,0,0,0,0,0,1,1,6,1,39,7,-1,-1,-1,-1,8,1,E01002942,0
Unvalidated,2024010488112,2024,010488112,2,9,0,5,5,1,0,0,0,0,0,0,1,1,6,2,45,7,-1,-1,-1,-1,3,1,E01001177,0
Unvalidated,2024010488120,2024,010488120,1,3,0,99,9,9,99,9,9,99,9,99,1,1,6,1,48,8,-1,-1,-1,-1,2,1,E01004023,0
Unvalidated,2024010488120,2024,010488120,2,9,0,99,9,9,99,9,9,99,9,99,9,9,6,3,-1,-1,-1,-1,-1,-1,-1,-1,-1,0
Unvalidated,2024010488122,2024,010488122,1,9,0,99,9,9,99,0,9,99,9,99,9,9,6,3,-1,-1,-1,-1,-1,-1,-1,-1,-1,0
Unvalidated,2024010488129,2024,010488129,1,3,0,99,9,9,99,0,9,8,9,99,9,1,1,1,40,7,-1,-1,-1,-1,5,1,E01004695,0
Unvalidated,2024010488129,2024,010488129,2,9,0,99,9,9,99,0,9,99,9,99,9,9,6,3,-1,-1,-1,-1,-1,-1,-1,-1,-1,0
Unvalidated,2024010488139,2024,010488139,1,9,0,99,9,9,0,1,0,0,0,0,1,1,6,1,-1,-1,-1,-1,-1,-1,3,1,E01004429,0
Unvalidated,2024010488142,2024,010488142,1,4,0,13,1,5,0,1,0,0,0,0,4,1,2,1,27,6,-1,-1,-1,-1,6,1,E01000492,0
Unvalidated,2024010488142,2024,010488142,2,9,0,9,8,5,0,5,0,0,0,0,1,1,6,2,30,6,-1,-1,-1,-1,6,1,E01000262,0
Unvalidated,2024010488143,2024,010488143,1,3,9,99,9,9,99,9,9,99,9,99,9,1,6,3,33,6,-1,-1,-1,-1,6,3,E01030819,0
Unvalidated,2024010488143,2024,010488143,2,9,0,99,9,9,99,9,9,99,9,99,9,9,6,3,-1,-1,-1,-1,-1,-1,-1,-1,-1,0
Unvalidated,2024010488151,2024,010488151,1,9,0,9,1,7,0,5,0,0,0,0,3,1,6,2,32,6,-1,-1,-1,-1,3,1,E01000024,0
Unvalidated,2024010488160,2024,010488160,1,3,0,99,9,9,99,9,9,99,9,99,9,1,1,1,43,7,-1,-1,-1,-1,1,1,E01001425,0
Unvalidated,2024010488160,2024,010488160,2,9,0,99,9,9,99,9,9,99,9,99,9,9,6,3,-1,-1,-1,-1,-1,-1,-1,-1,-1,0
Unvalidated,2024010488162,2024,010488162,1,9,0,9,1,7,0,8,0,0,0,0,1,1,6,2,57,9,-1,-1,-1,-1,10,1,E01030356,0
Unvalidated,2024010488162,2024,010488162,2,1,0,4,1,5,0,1,0,0,0,0,1,1,6,1,58,9,-1,-1,-1,-1,5,1,E01004494,0
Unvalidated,2024010488163,2024,010488163,1,3,0,99,9,9,99,9,9,99,9,99,9,1,2,3,20,4,-1,-1,-1,-1,2,1,E01004243,0
Unvalidated,2024010488163,2024,010488163,2,9,0,99,9,9,99,9,9,99,9,99,9,9,6,3,-1,-1,-1,-1,-1,-1,-1,-1,-1,0
Unvalidated,2024010488164,2024,010488164,1,3,0,99,9,9,99,9,9,99,9,99,9,1,2,2,26,6,-1,-1,-1,-1,2,1,E01001976,0
Unvalidated,2024010488164,2024,010488164,2,9,0,99,9,9,99,9,9,99,9,99,9,9,6,3,-1,-1,-1,-1,-1,-1,-1,-1,-1,0
Unvalidated,2024010488167,2024,010488167,1,9,0,18,1,5,0,0,0,0,0,0,1,1,6,2,51,8,-1,-1,-1,-1,10,2,E01023948,0
Unvalidated,2024010488170,2024,010488170,1,9,0,99,9,9,99,9,9,99,9,99,2,9,1,1,28,6,-1,-1,-1,-1,8,1,E01003420,0
Unvalidated,2024010488170,2024,010488170,2,9,9,18,1,5,99,9,9,0,0,0,4,9,6,3,-1,-1,-1,-1,-1,-1,-1,-1,-1,0
Unvalidated,2024010488172,2024,010488172,1,9,0,99,9,9,99,9,9,99,9,99,9,9,2,2,44,7,-1,-1,-1,-1,3,1,E01001362,0
Unvalidated,2024010488172,2024,010488172,2,9,0,99,9,9,99,9,9,99,9,99,9,9,6,3,-1,-1,-1,-1,-1,-1,-1,-1,-1,0
Unvalidated,2024010488173,2024,010488173,1,9,9,99,9,9,99,9,9,99,9,99,9,9,6,3,21,5,-1,-1,-1,-1,3,1,E01003372,0
Unvalidated,2024010488173,2024,010488173,2,9,9,99,9,9,99,9,9,99,9,99,9,9,6,3,-1,-1,-1,-1,-1,-1,8,1,E01004171,0
Unvalidated,2024010488174,2024,010488174,1,8,0,18,1,5,0,0,0,0,0,0,2,1,1,1,58,9,-1,-1,-1,-1,5,1,E01000038,0
Unvalidated,2024010488177,2024,010488177,1,9,0,99,9,9,99,9,9,99,9,99,3,9,6,2,44,7,-1,-1,-1,-1,1,1,E01001364,0
Unvalidated,2024010488177,2024,010488177,2,9,0,99,9,9,99,9,9,99,9,99,1,9,6,3,-1,-1,-1,-1,-1,-1,-1,-1,-1,0
Unvalidated,2024010488177,2024,010488177,3,9,0,99,9,9,99,9,9,99,9,99,2,9,6,3,-1,-1,-1,-1,-1,-1,-1,-1,-1,0
Unvalidated,2024010488178,2024,010488178,1,1,9,99,9,9,99,9,9,99,9,99,1,1,1,1,19,4,-1,-1,-1,-1,2,1,E01001115,0
Unvalidated,2024010488178,2024,010488178,2,9,0,99,9,9,99,9,9,99,9,99,1,9,6,3,-1,-1,-1,-1,-1,-1,-1,-1,-1,0
Unvalidated,2024010488179,2024,010488179,1,3,0,99,9,9,99,9,9,99,9,99,9,1,2,1,28,6,-1,-1,-1,-1,5,1,E01003414,0
Unvalidated,2024010488179,2024,010488179,2,9,0,99,9,9,99,9,9,99,9,99,9,9,6,3,-1,-1,-1,-1,-1,-1,-1,-1,-1,0
Unvalidated,2024010488182,2024,010488182,1,9,0,18,5,1,0,2,0,0,0,0,4,1,3,2,38,7,-1,-1,-1,-1,2,1,E01000073,0
Unvalidated,2024010488186,2024,010488186,1,3,0,18,1,5,0,0,0,0,0,0,1,1,1,1,33,6,-1,-1,-1,-1,-1,-1,-1,0
Unvalidated,2024010488186,2024,010488186,2,9,0,3,1,5,0,0,0,0,0,0,2,1,6,2,65,9,-1,-1,-1,-1,-1,-1,-1,0
Unvalidated,2024010488195,2024,010488195,1,11,0,5,8,4,2,0,0,0,0,0,0,1,1,1,39,7,-1,-1,-1,-1,2,1,E01001947,0
Unvalidated,2024010488198,2024,010488198,1,9,0,14,1,5,0,2,0,4,1,11,1,1,6,2,78,11,-1,-1,-1,-1,6,1,E01001401,0
Unvalidated,2024010488198,2024,010488198,2,9,0,2,0,0,0,2,0,0,0,0,4,1,6,3,-1,-1,-1,-1,-1,-1,-1,-1,-1,0
Unvalidated,2024010488199,2024,010488199,1,9,0,18,3,7,0,0,0,0,0,0,1,1,6,2,47,8,-1,-1,-1,-1,5,1,E01001271,0
Unvalidated,2024010488211,2024,010488211,1,9,0,99,9,9,99,9,9,99,9,99,2,9,2,2,48,8,-1,-1,-1,-1,5,1,E01002123,0
Unvalidated,2024010488211,2024,010488211,2,9,0,99,9,9,99,9,9,99,9,99,1,9,6,3,-1,-1,-1,-1,-1,-1,-1,-1,-1,0
Unvalidated,2024010488212,2024,010488212,1,3,9,99,9,9,99,1,9,99,9,99,9,1,6,3,29,6,-1,-1,-1,-1,6,1,E01032567,0
Unvalidated,2024010488212,2024,010488212,2,9,9,99,9,9,99,6,9,99,9,99,9,9,6,3,-1,-1,-1,-1,-1,-1,-1,-1,-1,0
Unvalidated,2024010488215,2024,010488215,1,9,0,9,3,1,0,1,0,0,0,0,3,1,6,1,19,4,-1,-1,-1,-1,2,1,E01001791,0
Unvalidated,2024010488216,2024,010488216,1,3,0,99,9,9,99,9,9,99,9,99,1,1,1,1,24,5,-1,-1,-1,-1,5,1,E01001189,0
Unvalidated,2024010488216,2024,010488216,2,9,9,99,9,9,99,9,9,99,9,99,9,9,6,3,-1,-1,-1,-1,-1,-1,-1,-1,-1,0
Unvalidated,2024010488218,2024,010488218,1,3,0,99,9,9,99,9,9,99,9,99,9,1,6,3,52,8,-1,-1,-1,-1,9,1,E01000349,0
Unvalidated,2024010488218,2024,010488218,2,9,0,99,9,9,99,9,9,99,9,99,9,9,6,1,33,6,-1,-1,-1,-1,10,1,E01000445,0
Unvalidated,2024010488220,2024,010488220,1,1,9,99,9,9,99,1,9,99,9,99,9,1,1,3,26,6,-1,-1,-1,-1,3,1,E01004259,0
Unvalidated,2024010488220,2024,010488220,2,9,0,99,9,9,99,5,9,99,9,99,9,9,6,3,36,7,-1,-1,-1,-1,5,1,E01001088,0
Unvalidated,2024010488224,2024,010488224,1,9,0,3,1,5,0,1,0,0,0,0,1,1,6,2,22,5,-1,-1,-1,-1,5,1,E01000430,0
Unvalidated,2024010488224,2024,010488224,2,9,0,3,1,5,0,6,0,0,0,0,0,1,6,2,46,8,-1,-1,-1,-1,5,1,E01000430,0
Unvalidated,2024010488228,2024,010488228,1,8,0,9,1,7,0,8,0,0,0,0,1,1,6,1,48,8,-1,-1,-1,-1,4,1,E01003326,0
Unvalidated,2024010488228,2024,010488228,2,1,0,18,5,1,0,8,0,0,0,0,3,1,6,2,48,8,-1,-1,-1,-1,7,1,E01003167,0
Unvalidated,2024010488233,2024,010488233,1,3,0,99,9,9,99,9,9,99,9,99,9,1,1,1,28,6,-1,-1,-1,-1,3,1,E01003564,0
Unvalidated,2024010488233,2024,010488233,2,9,0,99,9,9,99,9,9,99,9,99,0,9,6,3,-1,-1,-1,-1,-1,-1,-1,-1,-1,0
Unvalidated,2024010488236,2024,010488236,1,1,9,99,9,9,99,9,9,99,9,99,1,1,1,1,25,5,-1,-1,-1,-1,3,1,E01004303,0
Unvalidated,2024010488237,2024,010488237,1,98,0,99,9,9,99,0,9,99,9,99,9,9,6,3,-1,-1,-1,-1,-1,-1,-1,-1,-1,0
Unvalidated,2024010488240,2024,010488240,1,9,0,17,1,5,0,1,0,0,0,0,1,1,6,1,55,8,-1,-1,-1,-1,10,1,E01023451,0
Unvalidated,2024010488240,2024,010488240,2,9,3,16,5,1,0,2,0,0,0,0,1,1,6,2,33,6,-1,-1,-1,-1,4,1,E01015953,0
Unvalidated,2024010488242,2024,010488242,1,9,0,99,9,9,99,0,9,99,9,99,9,9,2,1,45,7,-1,-1,-1,-1,1,1,E01002842,0
Unvalidated,2024010488242,2024,010488242,2,8,0,99,9,9,99,0,9,99,9,99,9,9,6,3,-1,-1,-1,-1,-1,-1,-1,-1,-1,0
Unvalidated,2024010488245,2024,010488245,1,11,0,18,5,1,0,2,0,0,0,0,1,1,1,1,34,6,-1,-1,-1,-1,3,1,E01002598,0
Unvalidated,2024010488245,2024,010488245,2,9,0,13,5,1,0,2,0,0,0,0,2,1,2,1,45,7,-1,-1,-1,-1,3,1,E01002558,0
Unvalidated,2024010488247,2024,010488247,1,1,9,99,9,9,99,9,9,99,9,99,1,1,6,1,46,8,-1,-1,-1,-1,2,1,E01001744,0
Unvalidated,2024010488247,2024,010488247,2,9,0,99,9,9,99,9,9,99,9,99,1,9,6,2,38,7,-1,-1,-1,-1,2,1,E01001055,0
Unvalidated,2024010488248,2024,010488248,1,9,9,99,9,9,99,0,9,99,9,99,9,9,6,3,-1,-1,-1,-1,-1,-1,-1,-1,-1,0
Unvalidated,2024010488248,2024,010488248,2,11,9,99,9,9,99,0,9,99,9,99,9,9,6,3,-1,-1,-1,-1,-1,-1,-1,-1,-1,0
Unvalidated,2024010488250,2024,010488250,1,3,0,99,9,9,99,9,9,99,9,99,9,1,6,1,24,5,-1,-1,-1,-1,4,1,E01033572,0
Unvalidated,2024010488250,2024,010488250,2,98,0,1,9,9,99,9,9,99,9,99,2,9,6,1,-1,-1,-1,-1,-1,-1,3,2,E01017562,0
Unvalidated,2024010488258,2024,010488258,1,9,0,16,5,7,0,8,0,0,0,0,1,1,6,1,59,9,-1,-1,-1,-1,1,1,E01003511,0
Unvalidated,2024010488258,2024,010488258,2,1,0,15,7,3,0,8,0,0,0,0,3,1,6,1,11,3,-1,-1,-1,-1,3,1,E01003730,0
Unvalidated,2024010488259,2024,010488259,1,9,0,4,3,7,0,1,0,11,1,2,1,1,2,1,24,5,-1,-1,-1,-1,3,1,E01002558,0
Unvalidated,2024010488265,2024,010488265,1,9,0,99,9,9,99,9,9,99,9,99,1,9,6,3,-1,-1,-1,-1,-1,-1,-1,-1,-1,0
Unvalidated,2024010488266,2024,010488266,1,9,0,7,5,7,0,1,0,0,1,0,1,1,6,1,28,6,-1,-1,-1,-1,4,1,E01002001,0
Unvalidated,2024010488266,2024,010488266,2,1,0,13,5,1,0,1,0,0,0,0,2,1,2,1,27,6,-1,-1,-1,-1,3,1,E01001999,0
Unvalidated,2024010488272,2024,010488272,1,9,0,18,1,5,0,8,0,0,0,0,1,1,2,1,23,5,-1,-1,-1,-1,3,1,E01003563,0
Unvalidated,2024010488272,2024,010488272,2,19,0,18,3,7,0,8,0,0,0,0,3,1,1,1,36,7,-1,-1,-1,-1,2,1,E01000315,0