status,collision_index,collision_year,collision_reference,vehicle_reference,vehicle_type,towing_and_articulation,vehicle_manoeuvre,vehicle_direction_from,vehicle_direction_to,vehicle_location_restricted_lane,junction_location,skidding_and_overturning,hit_object_in_carriageway,vehicle_leaving_carriageway,hit_object_off_carriageway,first_point_of_impact,vehicle_left_hand_drive,journey_purpose_of_driver,sex_of_driver,age_of_driver,age_band_of_driver,engine_capacity_cc,propulsion_code,age_of_vehicle,generic_make_model,driver_imd_decile,driver_home_area_type,lsoa_of_driver,escooter_flag
Unvalidated,2024010488274,2024,010488274,1,1,9,99,9,9,99,9,9,99,9,99,2,1,2,2,37,7,-1,-1,-1,-1,6,1,E01004518,0
Unvalidated,2024010488274,2024,010488274,2,9,0,99,9,9,99,9,9,99,9,99,1,9,6,2,22,5,-1,-1,-1,-1,7,1,E01004516,0
Unvalidated,2024010488280,2024,010488280,1,9,9,99,9,9,99,9,9,99,9,99,1,9,6,3,-1,-1,-1,-1,-1,-1,-1,-1,-1,0
Unvalidated,2024010488287,2024,010488287,1,1,9,99,9,9,99,9,9,99,9,99,9,1,1,1,20,4,-1,-1,-1,-1,4,1,E01003169,0
Unvalidated,2024010488287,2024,010488287,2,9,0,99,9,9,99,9,9,99,9,99,1,9,6,3,-1,-1,-1,-1,-1,-1,-1,-1,-1,0
Unvalidated,2024010488290,2024,010488290,1,4,0,18,7,3,0,1,0,0,0,0,3,1,6,1,27,6,-1,-1,-1,-1,5,1,E01002330,0
Unvalidated,2024010488290,2024,010488290,2,9,0,18,3,7,0,8,0,0,0,0,1,1,6,3,-1,-1,-1,-1,-1,-1,-1,-1,-1,0
Unvalidated,2024010488291,2024,010488291,1,9,0,18,6,2,0,0,0,0,0,0,1,1,6,1,17,4,-1,-1,-1,-1,1,1,E01002095,0
Unvalidated,2024010488291,2024,010488291,2,9,0,18,6,2,0,0,0,0,0,0,1,1,6,3,-1,-1,-1,-1,-1,-1,-1,-1,-1,0
Unvalidated,2024010488293,2024,010488293,1,9,0,4,3,7,0,0,0,0,0,0,4,1,6,2,35,6,-1,-1,-1,-1,2,1,E01002217,0
Unvalidated,2024010488293,2024,010488293,2,9,0,18,7,3,0,0,0,0,0,0,4,1,6,3,-1,-1,-1,-1,-1,-1,-1,-1,-1,0
Unvalidated,2024010488297,2024,010488297,1,9,0,99,9,9,99,0,9,99,9,99,2,9,6,1,50,8,-1,-1,-1,-1,4,1,E01033739,0
Unvalidated,2024010488297,2024,010488297,2,9,0,99,9,9,99,0,9,99,9,99,1,9,6,2,-1,-1,-1,-1,-1,-1,2,1,E01001687,0
Unvalidated,2024010488298,2024,010488298,1,9,9,99,9,9,99,0,9,99,9,99,9,9,6,3,30,6,-1,-1,-1,-1,3,1,E01003723,0
Unvalidated,2024010488298,2024,010488298,2,9,9,99,9,9,99,0,9,99,9,99,9,9,6,3,-1,-1,-1,-1,-1,-1,-1,-1,-1,0
Unvalidated,2024010488300,2024,010488300,1,9,0,99,9,9,99,5,9,99,9,99,2,9,2,2,30,6,-1,-1,-1,-1,2,1,E01022332,0
Unvalidated,2024010488300,2024,010488300,2,9,0,99,9,9,99,6,9,99,9,99,2,9,6,3,30,6,-1,-1,-1,-1,-1,-1,-1,0
Unvalidated,2024010488302,2024,010488302,1,9,0,9,3,1,0,5,0,0,0,0,1,1,6,1,-1,-1,-1,-1,-1,-1,-1,-1,-1,0
Unvalidated,2024010488305,2024,010488305,1,9,0,18,5,1,0,0,0,0,0,0,1,1,2,1,25,5,-1,-1,-1,-1,9,1,E01004133,0
Unvalidated,2024010488308,2024,010488308,1,9,0,18,7,3,0,1,0,0,0,0,1,1,6,1,71,10,-1,-1,-1,-1,6,1,E01000555,0
Unvalidated,2024010488314,2024,010488314,1,3,0,18,6,2,0,2,0,0,1,0,3,1,1,1,23,5,-1,-1,-1,-1,3,1,E01003485,0
Unvalidated,2024010488314,2024,010488314,2,9,0,18,6,2,0,6,0,0,0,0,1,1,6,3,34,6,-1,-1,-1,-1,-1,-1,-1,0
Unvalidated,2024010488317,2024,010488317,1,9,0,5,5,1,0,8,0,0,0,0,1,1,1,1,45,7,-1,-1,-1,-1,7,1,E01000675,0
Unvalidated,2024010488317,2024,010488317,2,1,0,9,1,6,0,4,0,0,0,0,2,1,6,1,56,9,-1,-1,-1,-1,10,1,E01000772,0
Unvalidated,2024010488321,2024,010488321,1,9,9,99,9,9,99,0,9,99,9,99,9,9,6,3,-1,-1,-1,-1,-1,-1,-1,-1,-1,0
Unvalidated,2024010488325,2024,010488325,1,3,0,99,9,9,99,2,9,99,9,99,9,1,1,1,27,6,-1,-1,-1,-1,5,1,E01000639,0
Unvalidated,2024010488325,2024,010488325,2,9,0,99,9,9,99,4,9,99,9,99,9,9,6,3,-1,-1,-1,-1,-1,-1,-1,-1,-1,0
Unvalidated,2024010488334,2024,010488334,1,9,0,16,3,5,0,0,0,10,0,0,1,1,6,2,25,5,-1,-1,-1,-1,3,1,E01003617,0
Unvalidated,2024010488337,2024,010488337,1,9,0,9,1,6,0,6,0,0,0,0,2,1,6,2,43,7,-1,-1,-1,-1,4,1,E01001061,0
Unvalidated,2024010488340,2024,010488340,1,1,9,99,9,9,99,9,9,99,9,99,9,1,2,1,24,5,-1,-1,-1,-1,2,1,E01001337,0
Unvalidated,2024010488340,2024,010488340,2,10,0,99,9,9,99,9,9,99,9,99,1,9,6,3,-1,-1,-1,-1,-1,-1,-1,-1,-1,0
Unvalidated,2024010488341,2024,010488341,1,3,0,99,9,9,99,0,9,99,9,99,9,1,1,1,42,7,-1,-1,-1,-1,2,1,E01001977,0
Unvalidated,2024010488341,2024,010488341,2,9,0,99,9,9,99,0,9,99,9,99,2,9,6,3,-1,-1,-1,-1,-1,-1,-1,-1,-1,0
Unvalidated,2024010488348,2024,010488348,1,9,0,99,9,9,99,0,9,99,9,99,2,9,6,1,53,8,-1,-1,-1,-1,5,1,E01002361,0
Unvalidated,2024010488348,2024,010488348,2,98,0,99,9,9,0,0,0,99,9,99,1,9,6,3,-1,-1,-1,-1,-1,-1,3,1,E01016012,0
Unvalidated,2024010488349,2024,010488349,1,4,0,99,9,9,99,9,9,99,9,99,2,1,1,1,53,8,-1,-1,-1,-1,2,1,E01003097,0
Unvalidated,2024010488349,2024,010488349,2,9,0,99,9,9,99,9,9,99,9,99,1,9,6,3,-1,-1,-1,-1,-1,-1,-1,-1,-1,0
Unvalidated,2024010488353,2024,010488353,1,3,9,99,9,9,99,9,9,99,9,99,9,1,1,1,39,7,-1,-1,-1,-1,5,1,E01000505,0
Unvalidated,2024010488353,2024,010488353,2,9,9,99,9,9,99,9,9,99,9,99,9,9,6,3,-1,-1,-1,-1,-1,-1,-1,-1,-1,0
Unvalidated,2024010488356,2024,010488356,1,9,0,18,5,1,0,0,0,0,0,0,1,1,6,1,72,10,-1,-1,-1,-1,2,1,E01001112,0
Unvalidated,2024010488357,2024,010488357,1,9,0,16,5,1,0,0,0,0,0,0,1,1,6,2,67,10,-1,-1,-1,-1,9,1,E01000409,0
Unvalidated,2024010488357,2024,010488357,2,9,0,5,1,5,0,0,0,10,0,0,3,1,6,2,71,10,-1,-1,-1,-1,4,1,E01021224,0
Unvalidated,2024010488361,2024,010488361,1,19,0,18,1,5,0,2,0,0,0,0,1,1,2,1,33,6,-1,-1,-1,-1,2,1,E01000628,0
Unvalidated,2024010488361,2024,010488361,2,9,0,18,5,1,0,1,0,0,0,0,1,1,2,2,52,8,-1,-1,-1,-1,1,1,E01004722,0
Unvalidated,2024010488365,2024,010488365,1,9,9,99,9,9,99,9,9,99,9,99,9,9,6,3,-1,-1,-1,-1,-1,-1,-1,-1,-1,0
Unvalidated,2024010488371,2024,010488371,1,9,0,9,7,5,0,6,0,0,0,0,1,1,6,2,58,9,-1,-1,-1,-1,4,1,E01004215,0
Unvalidated,2024010488371,2024,010488371,2,1,0,18,5,1,0,1,0,0,0,0,1,1,2,1,75,10,-1,-1,-1,-1,4,1,E01004215,0
Unvalidated,2024010488372,2024,010488372,1,8,0,99,9,9,99,9,9,99,9,99,2,9,1,1,53,8,-1,-1,-1,-1,3,1,E01003597,0
Unvalidated,2024010488375,2024,010488375,1,11,0,4,7,3,0,2,0,0,0,0,4,1,1,1,57,9,-1,-1,-1,-1,-1,-1,-1,0
Unvalidated,2024010488377,2024,010488377,1,3,0,99,9,9,99,9,9,99,9,99,9,1,1,1,36,7,-1,-1,-1,-1,6,1,E01001160,0
Unvalidated,2024010488377,2024,010488377,2,9,0,99,9,9,99,9,9,99,9,99,9,9,6,3,-1,-1,-1,-1,-1,-1,-1,-1,-1,0
Unvalidated,2024010488379,2024,010488379,1,11,0,5,3,7,2,8,0,0,0,0,0,1,1,1,57,9,-1,-1,-1,-1,8,1,E01002453,0
Unvalidated,2024010488382,2024,010488382,1,1,9,99,9,9,99,9,9,99,9,99,1,1,2,2,27,6,-1,-1,-1,-1,-1,-1,-1,0
Unvalidated,2024010488382,2024,010488382,2,9,0,99,9,9,99,9,9,99,9,99,1,9,6,3,-1,-1,-1,-1,-1,-1,-1,-1,-1,0
Unvalidated,2024010488385,2024,010488385,1,9,0,4,1,5,0,1,0,0,0,0,1,1,6,1,46,8,-1,-1,-1,-1,8,1,E01000311,0
Unvalidated,2024010488387,2024,010488387,1,19,0,1,3,7,0,8,0,0,0,0,2,1,2,1,26,6,-1,-1,-1,-1,2,1,E01000133,0
Unvalidated,2024010488388,2024,010488388,1,9,0,5,2,6,0,7,0,0,0,0,1,1,2,2,44,7,-1,-1,-1,-1,7,1,E01001071,0
Unvalidated,2024010488402,2024,010488402,1,9,0,18,1,5,0,2,0,0,0,0,1,1,6,2,45,7,-1,-1,-1,-1,-1,-1,-1,0
Unvalidated,2024010488403,2024,010488403,1,3,0,99,9,9,99,9,9,99,9,99,9,1,6,1,26,6,-1,-1,-1,-1,2,1,E01001748,0
Unvalidated,2024010488403,2024,010488403,2,9,0,99,9,9,99,9,9,99,9,99,9,9,6,3,-1,-1,-1,-1,-1,-1,-1,-1,-1,0
Unvalidated,2024010488404,2024,010488404,1,9,5,18,7,3,0,3,0,0,0,0,1,1,6,1,77,11,-1,-1,-1,-1,8,1,E01002582,0
Unvalidated,2024010488412,2024,010488412,1,9,0,99,9,9,99,9,9,99,9,99,2,9,6,1,54,8,-1,-1,-1,-1,6,1,E01003711,0
Unvalidated,2024010488412,2024,010488412,2,9,9,18,3,7,99,9,0,99,9,99,1,1,6,3,-1,-1,-1,-1,-1,-1,-1,-1,-1,0
Unvalidated,2024010488415,2024,010488415,1,3,0,99,9,9,99,9,9,99,9,99,1,1,1,1,36,7,-1,-1,-1,-1,3,1,E01001814,0
Unvalidated,2024010488415,2024,010488415,2,9,9,99,9,9,99,9,9,99,9,99,9,9,6,3,-1,-1,-1,-1,-1,-1,-1,-1,-1,0
Unvalidated,2024010488416,2024,010488416,1,11,9,99,9,9,99,9,9,99,9,99,1,1,6,3,56,9,-1,-1,-1,-1,5,1,E01003314,0
Unvalidated,2024010488416,2024,010488416,2,19,9,99,9,9,99,9,9,99,9,99,9,1,6,3,-1,-1,-1,-1,-1,-1,-1,-1,-1,0
Unvalidated,2024010488417,2024,010488417,1,9,0,18,7,3,0,0,0,0,0,0,1,1,3,2,41,7,-1,-1,-1,-1,2,1,E01004014,0
Unvalidated,2024010488418,2024,010488418,1,97,0,18,3,7,2,0,5,0,0,0,1,1,6,3,-1,-1,-1,-1,-1,-1,-1,-1,-1,0
Unvalidated,2024010488423,2024,010488423,1,11,0,3,6,2,2,2,0,0,0,0,2,1,1,1,58,9,-1,-1,-1,-1,-1,-1,-1,0
Unvalidated,2024010488423,2024,010488423,2,11,0,18,6,2,2,2,1,0,0,0,1,1,1,1,44,7,-1,-1,-1,-1,4,1,E01001174,0
Unvalidated,2024010488424,2024,010488424,1,1,9,99,9,9,99,9,9,99,9,99,9,1,2,1,28,6,-1,-1,-1,-1,2,1,E01003089,0
Unvalidated,2024010488424,2024,010488424,2,90,0,99,9,9,99,9,9,99,9,99,9,9,6,3,-1,-1,-1,-1,-1,-1,-1,-1,-1,0
Unvalidated,2024010488427,2024,010488427,1,9,0,9,8,5,0,1,0,0,0,0,1,1,6,1,76,11,-1,-1,-1,-1,2,1,E01002686,0
Unvalidated,2024010488427,2024,010488427,2,1,0,18,5,1,0,1,0,0,0,0,4,1,1,1,37,7,-1,-1,-1,-1,3,1,E01003841,0
Unvalidated,2024010488432,2024,010488432,1,19,0,18,7,3,0,8,0,0,0,0,1,1,1,1,34,6,-1,-1,-1,-1,8,1,E01000447,0
Unvalidated,2024010488432,2024,010488432,2,9,0,18,7,3,0,8,0,0,0,0,1,1,2,2,23,5,-1,-1,-1,-1,3,1,E01001668,0
Unvalidated,2024010488432,2024,010488432,3,3,0,9,3,8,0,6,0,0,0,0,1,1,1,2,26,6,-1,-1,-1,-1,4,1,E01001586,0
Unvalidated,2024010488435,2024,010488435,1,3,0,5,5,1,0,6,0,0,0,0,0,1,6,1,28,6,-1,-1,-1,-1,3,1,E01003025,0
Unvalidated,2024010488435,2024,010488435,2,1,0,5,1,5,0,6,0,0,0,0,0,1,6,2,26,6,-1,-1,-1,-1,6,1,E01004476,0
Unvalidated,2024010488436,2024,010488436,1,9,0,99,9,9,99,0,9,99,9,99,0,9,6,1,40,7,-1,-1,-1,-1,9,1,E01004276,0
Unvalidated,2024010488436,2024,010488436,2,9,9,99,9,9,99,0,9,99,9,99,9,9,6,3,-1,-1,-1,-1,-1,-1,-1,-1,-1,0
Unvalidated,2024010488438,2024,010488438,1,19,0,7,3,6,0,1,0,0,0,0,0,1,6,2,28,6,-1,-1,-1,-1,3,1,E01002781,0
Unvalidated,2024010488438,2024,010488438,2,1,0,18,5,1,4,1,0,0,0,0,0,1,6,2,35,6,-1,-1,-1,-1,6,1,E01002984,0
Unvalidated,2024010488439,2024,010488439,1,3,0,99,9,9,99,9,9,99,9,99,1,1,2,1,28,6,-1,-1,-1,-1,2,1,E01000509,0
Unvalidated,2024010488439,2024,010488439,2,9,0,99,9,9,99,9,9,99,9,99,1,9,6,3,-1,-1,-1,-1,-1,-1,-1,-1,-1,0
Unvalidated,2024010488441,2024,010488441,1,9,0,17,5,1,9,6,0,10,1,0,0,1,3,1,29,6,-1,-1,-1,-1,3,1,E01003597,0
Unvalidated,2024010488442,2024,010488442,1,3,0,18,5,1,0,8,2,0,7,0,1,1,6,1,20,4,-1,-1,-1,-1,-1,-1,-1,0
Unvalidated,2024010488442,2024,010488442,2,8,0,9,5,3,0,8,0,0,0,0,3,1,1,1,52,8,-1,-1,-1,-1,1,1,E01033605,0
Unvalidated,2024010488442,2024,010488442,3,5,0,18,5,1,0,1,0,0,0,0,0,1,1,1,36,7,-1,-1,-1,-1,4,1,E01000472,0
Unvalidated,2024010488443,2024,010488443,1,3,0,99,9,9,99,9,9,99,9,99,1,1,1,3,37,7,-1,-1,-1,-1,2,1,E01000603,0
Unvalidated,2024010488443,2024,010488443,2,9,9,99,9,9,99,9,9,99,9,99,9,9,6,3,-1,-1,-1,-1,-1,-1,-1,-1,-1,0
Unvalidated,2024010488444,2024,010488444,1,9,0,18,7,3,0,1,0,0,0,0,1,1,6,1,89,11,-1,-1,-1,-1,8,1,E01004502,0
Unvalidated,2024010488444,2024,010488444,2,9,0,3,7,3,0,1,0,0,0,0,2,1,2,2,48,8,-1,-1,-1,-1,7,1,E01003853,0
Unvalidated,2024010488448,2024,010488448,1,11,0,4,3,7,2,8,0,0,0,0,0,1,1,1,25,5,-1,-1,-1,-1,4,1,E01002231,0
Unvalidated,2024010488450,2024,010488450,1,9,0,5,8,4,0,0,0,0,0,0,3,1,6,3,-1,-1,-1,-1,-1,-1,-1,-1,-1,0
Unvalidated,2024010488451,2024,010488451,1,9,0,99,9,9,0,9,0,99,0,0,9,9,6,1,50,8,-1,-1,-1,-1,2,1,E01000958,0
Unvalidated,2024010488454,2024,010488454,1,1,9,99,9,9,99,9,9,99,9,99,9,1,6,3,43,7,-1,-1,-1,-1,5,1,E01004644,0
Unvalidated,2024010488454,2024,010488454,2,9,9,99,9,9,99,9,9,99,9,99,9,9,6,3,60,9,-1,-1,-1,-1,6,1,E01002818,0
Unvalidated,2024010488458,2024,010488458,1,1,0,16,5,1,0,0,0,0,0,0,1,1,1,1,36,7,-1,-1,-1,-1,1,1,E01001786,0
Unvalidated,2024010488459,2024,010488459,1,3,0,99,9,9,99,9,9,99,9,99,9,1,6,1,23,5,-1,-1,-1,-1,5,1,E01000615,0
Unvalidated,2024010488459,2024,010488459,2,9,0,99,9,9,99,9,9,99,9,99,9,9,6,3,-1,-1,-1,-1,-1,-1,-1,-1,-1,0
Unvalidated,2024010488461,2024,010488461,1,1,9,99,9,9,99,9,9,99,9,99,9,1,6,1,28,6,-1,-1,-1,-1,6,1,E01001989,0
Unvalidated,2024010488461,2024,010488461,2,9,0,99,9,9,99,9,9,99,9,99,9,9,6,1,58,9,-1,-1,-1,-1,1,1,E01002748,0
Unvalidated,2024010488466,2024,010488466,1,9,0,99,9,9,99,9,9,99,9,99,9,9,6,1,57,9,-1,-1,-1,-1,9,1,E01000301,0
Unvalidated,2024010488470,2024,010488470,1,11,0,5,1,5,0,8,0,0,0,0,1,1,1,2,-1,-1,-1,-1,-1,-1,-1,-1,-1,0
Unvalidated,2024010488471,2024,010488471,1,9,0,5,6,2,0,2,0,0,0,0,1,1,6,2,39,7,-1,-1,-1,-1,2,1,E01002392,0
Unvalidated,2024010488473,2024,010488473,1,19,0,18,1,5,0,0,0,0,0,0,1,1,6,1,34,6,-1,-1,-1,-1,-1,-1,-1,0
Unvalidated,2024010488473,2024,010488473,2,9,0,18,1,5,0,0,0,0,0,0,1,1,6,2,29,6,-1,-1,-1,-1,-1,-1,-1,0
Unvalidated,2024010488476,2024,010488476,1,9,0,17,8,4,0,8,0,0,0,0,1,1,6,1,55,8,-1,-1,-1,-1,4,1,E01000171,0
Unvalidated,2024010488476,2024,010488476,2,9,0,9,4,2,0,8,0,0,0,0,1,1,6,2,71,10,-1,-1,-1,-1,8,1,E01000253,0
Unvalidated,2024010488480,2024,010488480,1,90,0,18,6,2,0,8,0,0,0,0,1,1,6,3,-1,-1,-1,-1,-1,-1,-1,-1,-1,1
Unvalidated,2024010488486,2024,010488486,1,11,2,4,1,5,2,0,0,0,0,0,0,1,1,1,55,8,-1,-1,-1,-1,5,1,E01001091,0
Unvalidated,2024010488487,2024,010488487,1,9,0,6,7,7,0,2,0,0,1,5,3,1,6,1,21,5,-1,-1,-1,-1,9,1,E01002516,0
Unvalidated,2024010488487,2024,010488487,2,9,0,18,7,3,0,2,0,0,0,0,1,1,6,3,-1,-1,-1,-1,-1,-1,-1,-1,-1,0
Unvalidated,2024010488487,2024,010488487,3,9,0,18,7,3,0,1,0,0,0,0,1,1,6,3,-1,-1,-1,-1,-1,-1,-1,-1,-1,0
Unvalidated,2024010488488,2024,010488488,1,9,0,17,5,3,0,0,0,0,0,0,3,1,6,2,62,9,-1,-1,-1,-1,9,1,E01002464,0
Unvalidated,2024010488489,2024,010488489,1,9,0,18,7,3,0,8,0,0,0,0,1,1,2,2,44,7,-1,-1,-1,-1,2,1,E01000065,0
Unvalidated,2024010488489,2024,010488489,2,9,0,18,1,5,0,8,0,0,0,0,1,1,6,1,47,8,-1,-1,-1,-1,3,1,E01000111,0
Unvalidated,2024010488490,2024,010488490,1,9,0,9,8,5,0,6,0,0,0,0,4,1,6,1,38,7,-1,-1,-1,-1,4,1,E01000746,0
Unvalidated,2024010488490,2024,010488490,2,1,0,18,8,4,0,1,0,0,0,0,1,1,6,1,28,6,-1,-1,-1,-1,3,1,E01000742,0
Unvalidated,2024010488494,2024,010488494,1,9,0,5,3,7,0,5,1,10,5,2,1,1,6,2,30,6,-1,-1,-1,-1,1,1,E01033602,0
Unvalidated,2024010488500,2024,010488500,1,9,0,18,2,6,0,0,0,4,1,0,1,1,6,3,-1,-1,-1,-1,-1,-1,-1,-1,-1,0
Unvalidated,2024010488500,2024,010488500,2,9,0,2,0,0,0,0,0,0,0,0,0,1,6,3,-1,-1,-1,-1,-1,-1,-1,-1,-1,0
Unvalidated,2024010488508,2024,010488508,1,1,9,99,9,9,99,9,9,99,9,99,9,1,1,1,34,6,-1,-1,-1,-1,1,1,E01001740,0
Unvalidated,2024010488508,2024,010488508,2,90,0,99,9,9,99,9,9,99,9,99,9,9,6,3,43,7,-1,-1,-1,-1,3,1,E01002215,0
Unvalidated,2024010488516,2024,010488516,1,9,0,18,2,6,0,2,0,0,0,0,1,1,6,2,31,6,-1,-1,-1,-1,2,1,E01003046,0
Unvalidated,2024010488526,2024,010488526,1,9,0,7,1,3,0,3,0,0,0,0,1,2,6,2,32,6,-1,-1,-1,-1,4,1,E01000769,0
Unvalidated,2024010488527,2024,010488527,1,9,0,9,3,1,0,1,0,0,0,0,1,1,6,2,49,8,-1,-1,-1,-1,3,1,E01002402,0
Unvalidated,2024010488527,2024,010488527,2,1,0,18,3,7,0,1,0,0,0,0,3,1,2,2,38,7,-1,-1,-1,-1,6,1,E01002422,0
Unvalidated,2024010488538,2024,010488538,1,1,9,99,9,9,99,9,9,99,9,99,0,1,3,2,31,6,-1,-1,-1,-1,3,1,E01032574,0
Unvalidated,2024010488538,2024,010488538,2,9,0,99,9,9,99,9,9,99,9,99,0,9,6,3,-1,-1,-1,-1,-1,-1,-1,-1,-1,0
Unvalidated,2024010488547,2024,010488547,1,19,0,4,1,5,0,1,0,0,0,0,2,1,1,1,39,7,-1,-1,-1,-1,1,1,E01009410,0
Unvalidated,2024010488547,2024,010488547,2,19,0,4,1,5,0,1,0,0,0,0,2,1,1,1,39,7,-1,-1,-1,-1,2,1,E01000627,0
Unvalidated,2024010488547,2024,010488547,3,19,0,18,1,5,0,1,0,0,0,0,1,1,1,1,66,10,-1,-1,-1,-1,6,1,E01000513,0
Unvalidated,2024010488548,2024,010488548,1,3,0,99,9,9,99,9,9,99,9,99,1,1,6,1,36,7,-1,-1,-1,-1,6,1,E01003398,0
Unvalidated,2024010488548,2024,010488548,2,9,0,99,9,9,99,9,9,99,9,99,9,9,6,3,-1,-1,-1,-1,-1,-1,-1,-1,-1,0
Unvalidated,2024010488549,2024,010488549,1,9,0,18,2,6,0,1,0,0,0,0,1,1,2,2,40,7,-1,-1,-1,-1,5,1,E01004624,0
Unvalidated,2024010488549,2024,010488549,2,1,0,18,8,4,0,8,0,0,0,0,1,1,1,1,39,7,-1,-1,-1,-1,6,1,E01001065,0
Unvalidated,2024010488550,2024,010488550,1,3,0,99,9,9,99,0,9,99,9,99,1,1,1,1,29,6,-1,-1,-1,-1,4,1,E01001002,0
Unvalidated,2024010488550,2024,010488550,2,9,0,99,9,9,99,0,9,99,9,99,2,9,6,3,-1,-1,-1,-1,-1,-1,-1,-1,-1,0
Unvalidated,2024010488554,2024,010488554,1,9,0,18,1,5,0,1,0,0,0,0,1,1,6,1,76,11,-1,-1,-1,-1,2,1,E01004402,0
Unvalidated,2024010488557,2024,010488557,1,9,0,9,4,2,0,8,0,0,0,0,1,1,6,1,52,8,-1,-1,-1,-1,9,1,E01002164,0
Unvalidated,2024010488557,2024,010488557,2,3,0,18,5,1,0,1,1,0,0,0,1,1,1,1,29,6,-1,-1,-1,-1,8,1,E01002109,0
Unvalidated,2024010488562,2024,010488562,1,9,0,4,5,1,0,0,0,0,0,0,2,1,6,2,26,6,-1,-1,-1,-1,10,1,E01023577,0
Unvalidated,2024010488562,2024,010488562,2,19,0,16,5,1,0,0,0,0,0,0,1,1,1,1,40,7,-1,-1,-1,-1,9,1,E01033313,0
Unvalidated,2024010488565,2024,010488565,1,90,9,99,9,9,99,9,9,99,9,99,9,9,6,1,-1,-1,-1,-1,-1,-1,-1,-1,-1,1
Unvalidated,2024010488567,2024,010488567,1,9,0,99,9,9,99,0,9,99,9,99,9,9,6,3,76,11,-1,-1,-1,-1,4,1,E01004048,0
Unvalidated,2024010488570,2024,010488570,1,3,9,99,9,9,99,9,9,99,9,99,1,1,1,1,35,6,-1,-1,-1,-1,3,1,E01003141,0
Unvalidated,2024010488570,2024,010488570,2,9,9,99,9,9,99,9,9,99,9,99,9,9,6,3,-1,-1,-1,-1,-1,-1,-1,-1,-1,0
Unvalidated,2024010488576,2024,010488576,1,3,0,99,9,9,99,9,9,99,9,99,1,1,6,1,32,6,-1,-1,-1,-1,5,1,E01003435,0
Unvalidated,2024010488576,2024,010488576,2,9,0,99,9,9,99,9,9,99,9,99,9,9,6,3,-1,-1,-1,-1,-1,-1,-1,-1,-1,0
Unvalidated,2024010488580,2024,010488580,1,9,9,99,9,9,0,9,9,99,9,99,9,9,6,3,-1,-1,-1,-1,-1,-1,-1,-1,-1,0
Unvalidated,2024010488581,2024,010488581,1,9,0,4,3,7,0,2,0,0,0,0,3,1,2,1,26,6,-1,-1,-1,-1,3,1,E01003725,0
Unvalidated,2024010488582,2024,010488582,1,3,0,99,9,9,99,9,9,99,9,99,2,1,6,1,35,6,-1,-1,-1,-1,5,1,E01002613,0
Unvalidated,2024010488582,2024,010488582,2,9,0,99,9,9,99,9,9,99,9,99,1,9,6,3,-1,-1,-1,-1,-1,-1,3,1,E01002645,0
Unvalidated,2024010488583,2024,010488583,1,3,0,18,3,7,0,1,0,0,0,0,1,1,2,1,44,7,-1,-1,-1,-1,5,1,E01004601,0
Unvalidated,2024010488583,2024,010488583,2,9,0,9,5,2,0,6,0,0,0,0,1,1,1,1,38,7,-1,-1,-1,-1,7,1,E01002412,0
Unvalidated,2024010488586,2024,010488586,1,8,0,16,3,7,0,0,0,0,0,0,3,1,6,1,39,7,-1,-1,-1,-1,4,1,E01003766,0
Unvalidated,2024010488590,2024,010488590,1,3,0,99,9,9,99,9,9,99,9,99,1,1,6,1,19,4,-1,-1,-1,-1,3,1,E01032764,0
Unvalidated,2024010488590,2024,010488590,2,9,0,99,9,9,99,9,9,99,9,99,1,9,6,3,-1,-1,-1,-1,-1,-1,-1,-1,-1,0
Unvalidated,2024010488596,2024,010488596,1,9,0,99,9,9,99,9,9,99,9,99,2,9,2,1,68,10,-1,-1,-1,-1,5,1,E01004644,0
Unvalidated,2024010488596,2024,010488596,2,11,0,99,9,9,99,9,9,99,9,99,2,9,6,1,63,9,-1,-1,-1,-1,6,1,E01002919,0
Unvalidated,2024010488597,2024,010488597,1,9,0,9,3,1,0,2,1,8,0,0,1,1,6,2,43,7,-1,-1,-1,-1,2,1,E01001529,0
Unvalidated,2024010488597,2024,010488597,2,9,0,18,5,1,0,1,1,0,0,0,1,1,6,1,18,4,-1,-1,-1,-1,2,1,E01000126,0
Unvalidated,2024010488597,2024,010488597,3,11,0,3,7,3,3,1,0,10,0,0,3,1,1,1,27,6,-1,-1,-1,-1,10,3,E01023908,0
Unvalidated,2024010488597,2024,010488597,4,9,0,17,5,1,0,1,0,10,0,0,1,1,1,1,41,7,-1,-1,-1,-1,8,3,E01018268,0
Unvalidated,2024010488598,2024,010488598,1,11,0,7,5,7,0,3,0,0,0,0,4,1,1,1,56,9,-1,-1,-1,-1,6,1,E01001648,0
Unvalidated,2024010488599,2024,010488599,1,1,9,99,9,9,99,9,9,99,9,99,1,1,2,1,45,7,-1,-1,-1,-1,3,1,E01002043,0
Unvalidated,2024010488599,2024,010488599,2,9,0,99,9,9,99,9,9,99,9,99,9,9,6,3,-1,-1,-1,-1,-1,-1,-1,-1,-1,0
Unvalidated,2024010488602,2024,010488602,1,3,0,99,9,9,99,9,9,99,9,99,9,1,1,1,43,7,-1,-1,-1,-1,3,1,E01001969,0