status,collision_index,collision_year,collision_reference,vehicle_reference,vehicle_type,towing_and_articulation,vehicle_manoeuvre,vehicle_direction_from,vehicle_direction_to,vehicle_location_restricted_lane,junction_location,skidding_and_overturning,hit_object_in_carriageway,vehicle_leaving_carriageway,hit_object_off_carriageway,first_point_of_impact,vehicle_left_hand_drive,journey_purpose_of_driver,sex_of_driver,age_of_driver,age_band_of_driver,engine_capacity_cc,propulsion_code,age_of_vehicle,generic_make_model,driver_imd_decile,driver_home_area_type,lsoa_of_driver,escooter_flag
Unvalidated,2024010488602,2024,010488602,2,9,0,99,9,9,99,9,9,99,9,99,9,9,6,3,-1,-1,-1,-1,-1,-1,-1,-1,-1,0
Unvalidated,2024010488610,2024,010488610,1,3,9,99,9,9,99,9,9,99,9,99,9,1,1,1,31,6,-1,-1,-1,-1,4,1,E01000475,0
Unvalidated,2024010488610,2024,010488610,2,9,9,99,9,9,99,9,9,99,9,99,9,9,6,3,-1,-1,-1,-1,-1,-1,-1,-1,-1,0
Unvalidated,2024010488611,2024,010488611,1,9,0,18,7,3,0,8,0,0,0,0,4,1,6,2,72,10,-1,-1,-1,-1,5,1,E01002083,0
Unvalidated,2024010488611,2024,010488611,2,1,0,18,2,6,0,8,5,0,0,0,1,1,6,1,18,4,-1,-1,-1,-1,2,1,E01002003,0
Unvalidated,2024010488612,2024,010488612,1,9,0,16,5,1,0,0,1,0,0,0,1,1,6,1,19,4,-1,-1,-1,-1,2,1,E01004295,0
Unvalidated,2024010488612,2024,010488612,2,11,0,18,1,5,0,0,0,0,0,0,3,1,6,1,34,6,-1,-1,-1,-1,3,1,E01003630,0
Unvalidated,2024010488612,2024,010488612,3,19,0,18,1,5,0,0,0,0,0,0,1,1,1,1,63,9,-1,-1,-1,-1,3,1,E01033583,0
Unvalidated,2024010488615,2024,010488615,1,9,0,18,3,7,0,1,0,0,0,0,4,1,1,1,36,7,-1,-1,-1,-1,9,1,E01024819,0
Unvalidated,2024010488617,2024,010488617,1,9,0,9,3,8,0,1,0,0,0,0,4,1,6,3,-1,-1,-1,-1,-1,-1,-1,-1,-1,0
Unvalidated,2024010488622,2024,010488622,1,9,0,18,5,1,0,1,0,0,0,0,1,1,6,1,41,7,-1,-1,-1,-1,2,1,E01004033,0
Unvalidated,2024010488622,2024,010488622,2,4,0,10,2,1,0,1,0,0,0,0,2,1,1,1,34,6,-1,-1,-1,-1,6,1,E01003163,0
Unvalidated,2024010488624,2024,010488624,1,9,0,9,5,4,0,8,0,0,0,0,1,1,2,1,42,7,-1,-1,-1,-1,6,1,E01003232,0
Unvalidated,2024010488624,2024,010488624,2,4,0,18,4,8,0,7,1,0,0,0,1,1,2,1,37,7,-1,-1,-1,-1,2,1,E01003984,0
Unvalidated,2024010488625,2024,010488625,1,1,9,99,9,9,99,1,9,99,9,99,0,1,2,1,41,7,-1,-1,-1,-1,5,1,E01000964,0
Unvalidated,2024010488625,2024,010488625,2,8,0,99,9,9,99,5,9,99,9,99,4,9,1,1,55,8,-1,-1,-1,-1,10,1,E01000810,0
Unvalidated,2024010488627,2024,010488627,1,9,0,18,5,1,0,2,0,0,0,0,1,1,2,2,35,6,-1,-1,-1,-1,4,1,E01002398,0
Unvalidated,2024010488628,2024,010488628,1,3,0,99,9,9,99,9,9,99,9,99,1,1,6,1,22,5,-1,-1,-1,-1,6,1,E01004485,0
Unvalidated,2024010488628,2024,010488628,2,9,0,99,9,9,99,9,9,99,9,99,9,9,6,3,-1,-1,-1,-1,-1,-1,-1,-1,-1,0
Unvalidated,2024010488632,2024,010488632,1,9,0,99,9,9,0,1,0,0,0,0,1,1,6,3,-1,-1,-1,-1,-1,-1,-1,-1,-1,0
Unvalidated,2024010488636,2024,010488636,1,9,0,4,1,5,0,0,0,0,0,0,1,1,6,2,71,10,-1,-1,-1,-1,9,1,E01002417,0
Unvalidated,2024010488639,2024,010488639,1,19,0,18,5,1,0,1,0,0,0,0,1,1,1,1,50,8,-1,-1,-1,-1,5,1,E01004076,0
Unvalidated,2024010488639,2024,010488639,2,9,0,18,2,6,0,1,0,0,0,0,4,1,6,2,43,7,-1,-1,-1,-1,3,1,E01004167,0
Unvalidated,2024010488639,2024,010488639,3,9,0,18,3,7,0,1,0,0,0,0,3,1,6,1,53,8,-1,-1,-1,-1,7,1,E01004149,0
Unvalidated,2024010488642,2024,010488642,1,9,0,5,8,4,0,8,0,0,0,0,4,1,6,2,41,7,-1,-1,-1,-1,2,1,E01003229,0
Unvalidated,2024010488642,2024,010488642,2,3,0,18,2,6,0,8,0,0,0,0,1,1,1,1,43,7,-1,-1,-1,-1,7,1,E01000703,0
Unvalidated,2024010488644,2024,010488644,1,9,0,9,6,3,0,1,0,0,0,0,1,1,6,1,49,8,-1,-1,-1,-1,6,1,E01004621,0
Unvalidated,2024010488649,2024,010488649,1,9,0,18,1,5,1,2,0,0,0,0,1,1,6,1,56,9,-1,-1,-1,-1,9,1,E01000991,0
Unvalidated,2024010488650,2024,010488650,1,9,0,18,7,3,0,8,0,0,0,0,1,1,6,2,41,7,-1,-1,-1,-1,2,1,E01001654,0
Unvalidated,2024010488650,2024,010488650,2,9,0,9,7,5,0,8,0,0,0,0,1,1,1,1,25,5,-1,-1,-1,-1,8,1,E01003823,0
Unvalidated,2024010488653,2024,010488653,1,9,0,3,1,5,0,1,0,0,0,0,1,1,6,1,59,9,-1,-1,-1,-1,2,1,E01032787,0
Unvalidated,2024010488653,2024,010488653,2,1,0,9,1,7,0,1,0,0,0,0,2,1,6,1,26,6,-1,-1,-1,-1,2,1,E01002703,0
Unvalidated,2024010488654,2024,010488654,1,2,0,15,2,6,0,1,0,0,0,0,1,1,6,1,22,5,-1,-1,-1,-1,5,1,E01003703,0
Unvalidated,2024010488654,2024,010488654,2,9,0,18,2,6,0,4,0,0,0,0,1,1,6,1,37,7,-1,-1,-1,-1,8,1,E01021784,0
Unvalidated,2024010488655,2024,010488655,1,9,0,99,9,9,99,9,9,99,9,99,2,9,6,2,40,7,-1,-1,-1,-1,1,1,E01001145,0
Unvalidated,2024010488655,2024,010488655,2,9,0,99,9,9,99,9,9,99,9,99,1,9,6,3,-1,-1,-1,-1,-1,-1,2,1,E01001143,0
Unvalidated,2024010488658,2024,010488658,1,9,0,18,5,1,0,1,0,0,0,0,1,1,6,1,86,11,-1,-1,-1,-1,4,1,E01002833,0
Unvalidated,2024010488663,2024,010488663,1,9,0,9,3,2,0,5,0,0,0,0,1,1,6,1,28,6,-1,-1,-1,-1,2,1,E01003055,0
Unvalidated,2024010488664,2024,010488664,1,9,0,9,7,5,0,3,0,0,0,0,3,1,6,1,38,7,-1,-1,-1,-1,4,1,E01033725,0
Unvalidated,2024010488665,2024,010488665,1,11,0,18,5,1,0,0,0,4,0,0,1,1,1,1,62,9,-1,-1,-1,-1,6,1,E01000727,0
Unvalidated,2024010488665,2024,010488665,2,9,0,2,0,0,0,0,0,4,0,0,1,1,6,3,-1,-1,-1,-1,-1,-1,-1,-1,-1,0
Unvalidated,2024010488665,2024,010488665,3,9,0,2,0,0,0,0,0,4,0,0,2,1,6,3,-1,-1,-1,-1,-1,-1,-1,-1,-1,0
Unvalidated,2024010488665,2024,010488665,4,19,0,2,0,0,0,0,1,0,0,0,1,1,6,3,-1,-1,-1,-1,-1,-1,-1,-1,-1,0
Unvalidated,2024010488665,2024,010488665,5,9,0,2,0,0,0,0,0,4,0,0,1,1,6,3,-1,-1,-1,-1,-1,-1,-1,-1,-1,0
Unvalidated,2024010488668,2024,010488668,1,9,0,18,3,7,0,0,0,0,0,0,3,1,6,2,24,5,-1,-1,-1,-1,3,1,E01002543,0
Unvalidated,2024010488668,2024,010488668,2,9,0,18,7,3,0,0,0,0,0,0,3,1,6,1,36,7,-1,-1,-1,-1,5,1,E01002586,0
Unvalidated,2024010488671,2024,010488671,1,9,0,18,3,7,0,0,0,0,0,0,4,1,6,1,66,10,-1,-1,-1,-1,2,1,E01004023,0
Unvalidated,2024010488671,2024,010488671,2,1,0,18,3,7,0,0,0,8,0,0,4,1,1,1,20,4,-1,-1,-1,-1,-1,-1,-1,0
Unvalidated,2024010488673,2024,010488673,1,9,0,99,9,9,99,0,9,99,9,99,2,9,6,2,27,6,-1,-1,-1,-1,1,1,E01004214,0
Unvalidated,2024010488681,2024,010488681,1,8,0,5,6,2,0,8,0,0,0,0,1,1,1,1,63,9,-1,-1,-1,-1,2,1,E01002217,0
Unvalidated,2024010488681,2024,010488681,2,1,0,5,1,5,0,2,5,0,0,0,3,1,6,2,25,5,-1,-1,-1,-1,4,1,E01003186,0
Unvalidated,2024010488688,2024,010488688,1,9,0,9,3,1,0,8,0,0,0,0,1,1,6,1,-1,-1,-1,-1,-1,-1,-1,-1,-1,0
Unvalidated,2024010488689,2024,010488689,1,11,0,5,1,5,2,1,0,0,0,0,0,1,1,1,54,8,-1,-1,-1,-1,8,1,E01023893,0
Unvalidated,2024010488691,2024,010488691,1,9,0,9,7,5,0,5,0,0,0,0,1,1,6,3,-1,-1,-1,-1,-1,-1,-1,-1,-1,0
Unvalidated,2024010488691,2024,010488691,2,1,0,18,3,7,0,1,5,0,0,0,1,1,2,1,20,4,-1,-1,-1,-1,2,1,E01004201,0
Unvalidated,2024010488692,2024,010488692,1,9,0,9,1,7,0,2,0,0,0,0,1,1,6,1,40,7,-1,-1,-1,-1,3,1,E01003406,0
Unvalidated,2024010488692,2024,010488692,2,9,0,5,5,1,0,1,0,0,0,0,1,1,6,1,17,4,-1,-1,-1,-1,7,1,E01003407,0
Unvalidated,2024010488696,2024,010488696,1,5,0,13,1,5,0,1,0,0,0,0,1,1,6,1,20,4,-1,-1,-1,-1,7,1,E01004510,0
Unvalidated,2024010488696,2024,010488696,2,19,0,9,1,6,0,5,0,0,0,0,3,1,6,1,71,10,-1,-1,-1,-1,4,1,E01004617,0
Unvalidated,2024010488696,2024,010488696,3,9,0,18,1,5,0,1,0,0,0,0,0,1,6,1,29,6,-1,-1,-1,-1,7,1,E01003456,0
Unvalidated,2024010488698,2024,010488698,1,9,0,3,1,5,0,2,0,0,0,0,3,1,6,1,56,9,-1,-1,-1,-1,5,1,E01001294,0
Unvalidated,2024010488698,2024,010488698,2,1,0,18,7,3,0,2,0,8,0,0,1,1,2,1,-1,-1,-1,-1,-1,-1,3,1,E01033596,0
Unvalidated,2024010488699,2024,010488699,1,3,0,18,1,5,0,8,0,0,0,0,1,1,2,1,36,7,-1,-1,-1,-1,2,1,E01003041,0
Unvalidated,2024010488699,2024,010488699,2,9,0,9,7,6,0,8,0,0,0,0,4,1,6,1,33,6,-1,-1,-1,-1,3,1,E01001808,0
Unvalidated,2024010488711,2024,010488711,1,21,0,18,3,7,0,0,0,0,0,0,2,1,1,1,69,10,-1,-1,-1,-1,3,3,E01024548,0
Unvalidated,2024010488711,2024,010488711,2,11,0,4,3,7,0,0,0,0,0,0,1,1,1,1,52,8,-1,-1,-1,-1,7,2,E01024388,0
Unvalidated,2024010488712,2024,010488712,1,1,9,99,9,9,99,9,9,99,9,99,1,1,2,1,54,8,-1,-1,-1,-1,2,1,E01001432,0
Unvalidated,2024010488712,2024,010488712,2,9,0,99,9,9,99,9,9,99,9,99,1,9,6,3,-1,-1,-1,-1,-1,-1,-1,-1,-1,0
Unvalidated,2024010488738,2024,010488738,1,3,0,99,9,9,99,9,9,99,9,99,1,1,1,1,44,7,-1,-1,-1,-1,3,1,E01004344,0
Unvalidated,2024010488738,2024,010488738,2,9,9,99,9,9,99,9,9,99,9,99,9,9,6,3,-1,-1,-1,-1,-1,-1,-1,-1,-1,0
Unvalidated,2024010488739,2024,010488739,1,9,0,99,9,9,99,9,9,99,9,99,1,9,6,2,33,6,-1,-1,-1,-1,3,1,E01003438,0
Unvalidated,2024010488739,2024,010488739,2,1,9,99,9,9,99,9,9,99,9,99,9,1,6,1,17,4,-1,-1,-1,-1,7,1,E01003369,0
Unvalidated,2024010488741,2024,010488741,1,3,0,99,9,9,99,9,9,99,9,99,9,1,1,1,36,7,-1,-1,-1,-1,4,1,E01003654,0
Unvalidated,2024010488741,2024,010488741,2,9,0,99,9,9,99,9,9,99,9,99,1,9,6,3,-1,-1,-1,-1,-1,-1,-1,-1,-1,0
Unvalidated,2024010488743,2024,010488743,1,1,9,99,9,9,99,9,9,99,9,99,9,1,1,2,31,6,-1,-1,-1,-1,4,1,E01000960,0
Unvalidated,2024010488743,2024,010488743,2,1,9,99,9,9,99,9,9,99,9,99,9,1,6,3,-1,-1,-1,-1,-1,-1,-1,-1,-1,0
Unvalidated,2024010488745,2024,010488745,1,9,0,9,3,1,0,5,0,4,0,0,1,1,6,2,32,6,-1,-1,-1,-1,5,1,E01032790,0
Unvalidated,2024010488745,2024,010488745,2,19,0,2,0,0,6,1,0,0,0,0,2,1,6,3,-1,-1,-1,-1,-1,-1,-1,-1,-1,0
Unvalidated,2024010488745,2024,010488745,3,1,0,18,7,3,2,1,0,0,0,0,3,1,6,1,41,7,-1,-1,-1,-1,2,1,E01000533,0
Unvalidated,2024010488747,2024,010488747,1,9,0,4,3,7,0,2,0,0,0,0,1,1,3,2,25,5,-1,-1,-1,-1,2,1,E01000789,0
Unvalidated,2024010488748,2024,010488748,1,3,0,99,9,9,99,9,9,99,9,99,2,1,2,1,28,6,-1,-1,-1,-1,4,1,E01030383,0
Unvalidated,2024010488748,2024,010488748,2,9,0,99,9,9,99,9,9,99,9,99,1,9,6,3,47,8,-1,-1,-1,-1,7,1,E01003407,0
Unvalidated,2024010488749,2024,010488749,1,9,9,99,9,9,99,0,9,99,9,99,9,9,6,1,-1,-1,-1,-1,-1,-1,-1,-1,-1,0
Unvalidated,2024010488750,2024,010488750,1,19,0,9,4,2,0,5,0,0,3,0,2,1,1,1,40,7,-1,-1,-1,-1,5,1,E01000975,0
Unvalidated,2024010488750,2024,010488750,2,5,0,18,1,5,0,8,2,0,0,0,1,1,6,1,21,5,-1,-1,-1,-1,2,1,E01001001,0
Unvalidated,2024010488754,2024,010488754,1,8,0,99,9,9,99,9,9,99,9,99,2,9,6,1,41,7,-1,-1,-1,-1,2,1,E01004305,0
Unvalidated,2024010488754,2024,010488754,2,9,0,99,9,9,99,9,9,99,9,99,1,9,6,3,-1,-1,-1,-1,-1,-1,-1,-1,-1,0
Unvalidated,2024010488758,2024,010488758,1,8,9,99,9,9,99,9,9,99,9,99,9,9,1,1,-1,-1,-1,-1,-1,-1,3,1,E01004123,0
Unvalidated,2024010488761,2024,010488761,1,3,0,99,9,9,99,9,9,99,9,99,2,1,1,3,41,7,-1,-1,-1,-1,7,1,E01003396,0
Unvalidated,2024010488761,2024,010488761,2,9,9,99,9,9,99,9,9,99,9,99,9,9,6,3,22,5,-1,-1,-1,-1,-1,-1,-1,0
Unvalidated,2024010488762,2024,010488762,1,3,0,99,9,9,99,9,9,99,9,99,9,1,2,1,37,7,-1,-1,-1,-1,4,1,E01002236,0
Unvalidated,2024010488762,2024,010488762,2,9,0,99,9,9,99,9,9,99,9,99,9,9,6,3,-1,-1,-1,-1,-1,-1,-1,-1,-1,0
Unvalidated,2024010488767,2024,010488767,1,3,0,99,9,9,99,0,9,99,9,99,9,1,6,3,59,9,-1,-1,-1,-1,2,1,E01001441,0
Unvalidated,2024010488767,2024,010488767,2,9,0,99,9,9,99,0,9,99,9,99,9,9,6,3,-1,-1,-1,-1,-1,-1,-1,-1,-1,0
Unvalidated,2024010488768,2024,010488768,1,1,9,99,9,9,99,0,9,99,9,99,1,1,6,2,52,8,-1,-1,-1,-1,2,1,E01000956,0
Unvalidated,2024010488768,2024,010488768,2,19,0,99,9,9,99,0,9,99,9,99,1,9,6,3,48,8,-1,-1,-1,-1,3,1,E01000545,0
Unvalidated,2024010488773,2024,010488773,1,19,0,18,1,5,0,2,0,0,0,0,1,2,6,1,63,9,-1,-1,-1,-1,5,2,E01017486,0
Unvalidated,2024010488774,2024,010488774,1,5,0,18,6,2,0,1,0,0,0,0,2,1,2,1,45,7,-1,-1,-1,-1,7,1,E01001346,0
Unvalidated,2024010488774,2024,010488774,2,9,0,7,2,4,0,5,0,0,7,0,3,1,6,3,48,8,-1,-1,-1,-1,2,1,E01001878,0
Unvalidated,2024010488776,2024,010488776,1,9,0,4,5,1,0,1,0,0,0,0,1,1,2,1,47,8,-1,-1,-1,-1,6,1,E01002921,0
Unvalidated,2024010488776,2024,010488776,2,9,0,18,5,1,0,1,0,0,0,0,2,1,6,2,54,8,-1,-1,-1,-1,2,1,E01001151,0
Unvalidated,2024010488778,2024,010488778,1,19,0,4,5,1,0,0,1,0,0,0,1,1,1,1,32,6,-1,-1,-1,-1,7,1,E01003456,0
Unvalidated,2024010488778,2024,010488778,2,19,0,1,5,1,0,0,0,0,0,0,2,1,6,3,-1,-1,-1,-1,-1,-1,-1,-1,-1,0
Unvalidated,2024010488779,2024,010488779,1,3,9,99,9,9,9,0,9,12,9,99,4,1,1,1,24,5,-1,-1,-1,-1,3,1,E01001440,0
Unvalidated,2024010488779,2024,010488779,2,9,9,99,9,9,99,0,9,12,9,99,4,9,6,3,-1,-1,-1,-1,-1,-1,-1,-1,-1,0
Unvalidated,2024010488783,2024,010488783,1,3,0,99,9,9,99,1,9,99,9,99,1,1,6,1,30,6,-1,-1,-1,-1,9,1,E01023706,0
Unvalidated,2024010488783,2024,010488783,2,9,0,99,9,9,99,6,9,99,9,99,9,9,6,3,-1,-1,-1,-1,-1,-1,6,1,E01001245,0
Unvalidated,2024010488784,2024,010488784,1,3,9,99,9,9,99,1,9,99,9,99,9,1,6,3,24,5,-1,-1,-1,-1,5,1,E01001659,0
Unvalidated,2024010488784,2024,010488784,2,9,9,99,9,9,99,5,9,99,9,99,9,9,6,3,-1,-1,-1,-1,-1,-1,-1,-1,-1,0
Unvalidated,2024010488785,2024,010488785,1,1,9,99,9,9,99,9,9,99,9,99,1,9,6,2,26,6,-1,-1,-1,-1,2,1,E01004062,0
Unvalidated,2024010488785,2024,010488785,2,9,0,99,9,9,99,9,9,99,9,99,1,9,6,3,59,9,-1,-1,-1,-1,3,1,E01016155,0
Unvalidated,2024010488788,2024,010488788,1,9,0,99,9,9,99,9,9,99,9,99,1,9,6,1,25,5,-1,-1,-1,-1,2,1,E01004041,0
Unvalidated,2024010488788,2024,010488788,2,9,0,99,9,9,99,9,9,99,9,99,9,9,6,2,48,8,-1,-1,-1,-1,-1,-1,-1,0
Unvalidated,2024010488790,2024,010488790,1,9,0,99,9,9,99,9,9,99,9,99,9,9,1,2,35,6,-1,-1,-1,-1,4,1,E01000728,0
Unvalidated,2024010488790,2024,010488790,2,9,0,99,9,9,99,9,9,99,9,99,1,9,6,2,50,8,-1,-1,-1,-1,4,1,E01000728,0
Unvalidated,2024010488799,2024,010488799,1,1,9,99,9,9,99,9,9,99,9,99,9,1,2,1,52,8,-1,-1,-1,-1,10,1,E01003008,0
Unvalidated,2024010488799,2024,010488799,2,9,0,99,9,9,99,9,9,99,9,99,1,9,6,3,-1,-1,-1,-1,-1,-1,-1,-1,-1,0
Unvalidated,2024010488800,2024,010488800,1,3,0,99,9,9,99,9,9,99,9,99,9,1,1,2,29,6,-1,-1,-1,-1,2,1,E01001509,0
Unvalidated,2024010488800,2024,010488800,2,9,9,99,9,9,99,9,9,99,9,99,9,9,6,3,-1,-1,-1,-1,-1,-1,-1,-1,-1,0
Unvalidated,2024010488801,2024,010488801,1,9,0,3,7,3,0,1,0,0,0,0,2,1,1,1,53,8,-1,-1,-1,-1,3,1,E01003221,0
Unvalidated,2024010488801,2024,010488801,2,9,0,5,7,3,0,1,0,0,0,0,1,1,2,1,64,9,-1,-1,-1,-1,9,1,E01000341,0
Unvalidated,2024010488804,2024,010488804,1,9,9,99,9,9,99,0,9,99,9,99,9,9,6,3,50,8,-1,-1,-1,-1,2,1,E01003987,0
Unvalidated,2024010488804,2024,010488804,2,3,9,99,9,9,99,0,9,99,9,99,9,1,6,3,-1,-1,-1,-1,-1,-1,2,1,E01003987,0
Unvalidated,2024010488805,2024,010488805,1,4,0,18,5,1,0,2,0,0,0,0,3,1,6,1,27,6,-1,-1,-1,-1,3,1,E01002707,0
Unvalidated,2024010488805,2024,010488805,2,9,0,11,5,1,0,1,0,0,0,0,4,2,6,3,34,6,-1,-1,-1,-1,-1,-1,-1,0
Unvalidated,2024010488810,2024,010488810,1,3,0,99,9,9,99,1,9,99,9,99,1,1,6,1,19,4,-1,-1,-1,-1,-1,-1,-1,0
Unvalidated,2024010488810,2024,010488810,2,9,0,99,9,9,99,6,9,99,9,99,9,9,6,3,-1,-1,-1,-1,-1,-1,-1,-1,-1,0
Unvalidated,2024010488811,2024,010488811,1,9,0,18,3,7,0,0,0,0,0,0,1,1,6,2,68,10,-1,-1,-1,-1,-1,-1,-1,0
Unvalidated,2024010488811,2024,010488811,2,9,0,18,3,7,0,0,0,0,0,0,0,1,6,2,39,7,-1,-1,-1,-1,-1,-1,-1,0
Unvalidated,2024010488817,2024,010488817,1,3,0,99,9,9,99,9,9,99,9,99,9,1,6,3,35,6,-1,-1,-1,-1,4,1,E01004150,0
Unvalidated,2024010488817,2024,010488817,2,9,0,99,9,9,99,9,9,99,9,99,9,9,6,3,-1,-1,-1,-1,-1,-1,-1,-1,-1,0
Unvalidated,2024010488821,2024,010488821,1,9,0,18,1,5,0,0,0,0,0,0,1,1,1,2,51,8,-1,-1,-1,-1,4,1,E01003568,0
Unvalidated,2024010488821,2024,010488821,2,4,0,18,5,1,0,0,0,0,0,0,0,1,6,1,51,8,-1,-1,-1,-1,3,1,E01003728,0
Unvalidated,2024010488821,2024,010488821,3,9,0,18,5,1,0,0,0,0,0,0,0,1,6,2,46,8,-1,-1,-1,-1,4,1,E01003554,0
Unvalidated,2024010488822,2024,010488822,1,9,0,99,9,9,99,0,9,99,9,99,9,1,6,2,31,6,-1,-1,-1,-1,6,1,E01002984,0
Unvalidated,2024010488822,2024,010488822,2,9,0,99,9,9,99,0,9,99,9,99,1,1,6,3,-1,-1,-1,-1,-1,-1,1,1,E01000521,0
Unvalidated,2024010488826,2024,010488826,1,9,0,99,9,9,99,9,9,99,9,99,1,9,2,1,27,6,-1,-1,-1,-1,7,1,E01024732,0
Unvalidated,2024010488826,2024,010488826,2,9,0,99,9,9,99,9,9,99,9,99,9,9,6,3,-1,-1,-1,-1,-1,-1,10,1,E01000813,0
Unvalidated,2024010488830,2024,010488830,1,1,9,99,9,9,99,9,9,99,9,99,1,1,2,1,49,8,-1,-1,-1,-1,4,1,E01000921,0
Unvalidated,2024010488830,2024,010488830,2,19,9,99,9,9,99,9,9,99,9,99,1,9,6,3,-1,-1,-1,-1,-1,-1,-1,-1,-1,0
Unvalidated,2024010488833,2024,010488833,1,1,9,99,9,9,99,9,9,99,9,99,1,1,6,1,17,4,-1,-1,-1,-1,3,1,E01004373,0
Unvalidated,2024010488842,2024,010488842,1,9,0,18,1,5,0,1,0,0,0,0,1,1,6,1,54,8,-1,-1,-1,-1,4,1,E01000242,0
Unvalidated,2024010488842,2024,010488842,2,3,0,5,3,7,0,1,0,0,0,0,1,1,6,2,33,6,-1,-1,-1,-1,2,1,E01002075,0
Unvalidated,2024010488843,2024,010488843,1,9,0,5,3,7,0,1,0,1,0,0,3,1,6,1,27,6,-1,-1,-1,-1,-1,-1,-1,0
Unvalidated,2024010488843,2024,010488843,2,3,0,9,5,3,0,5,0,0,0,0,4,1,2,2,25,5,-1,-1,-1,-1,-1,-1,-1,0
Unvalidated,2024010488845,2024,010488845,1,9,0,1,1,5,0,0,0,0,0,0,3,1,6,1,30,6,-1,-1,-1,-1,5,1,E01002629,0
Unvalidated,2024010488845,2024,010488845,2,4,0,5,7,3,0,0,0,0,0,0,1,1,2,1,38,7,-1,-1,-1,-1,2,1,E01001249,0
Unvalidated,2024010488847,2024,010488847,1,9,0,18,3,7,0,3,0,0,0,0,1,1,6,2,50,8,-1,-1,-1,-1,9,1,E01016540,0
Unvalidated,2024010488850,2024,010488850,1,9,0,99,9,9,99,0,9,99,9,99,2,9,6,1,75,10,-1,-1,-1,-1,2,1,E01002297,0
Unvalidated,2024010488850,2024,010488850,2,9,0,99,9,9,99,0,9,99,9,99,1,9,6,3,-1,-1,-1,-1,-1,-1,2,1,E01002281,0
Unvalidated,2024010488852,2024,010488852,1,1,9,99,9,9,99,9,9,99,9,99,9,1,2,1,40,7,-1,-1,-1,-1,3,1,E01000638,0
Unvalidated,2024010488852,2024,010488852,2,8,0,99,9,9,99,9,9,99,9,99,1,9,6,3,47,8,-1,-1,-1,-1,2,1,E01032744,0
Unvalidated,2024010488855,2024,010488855,1,8,0,9,3,1,0,1,0,0,0,0,1,1,1,1,56,9,-1,-1,-1,-1,-1,-1,-1,0
Unvalidated,2024010488855,2024,010488855,2,1,0,15,7,3,0,1,0,0,0,0,1,1,2,1,26,6,-1,-1,-1,-1,1,1,E01003921,0
Unvalidated,2024010488856,2024,010488856,1,5,0,15,4,8,0,0,0,0,0,0,3,1,2,1,55,8,-1,-1,-1,-1,5,1,E01002352,0
Unvalidated,2024010488856,2024,010488856,2,9,0,18,4,8,0,0,0,0,0,0,4,1,6,3,-1,-1,-1,-1,-1,-1,-1,-1,-1,0
Unvalidated,2024010488856,2024,010488856,3,9,0,2,0,0,0,0,0,0,0,0,2,1,6,3,-1,-1,-1,-1,-1,-1,-1,-1,-1,0
Unvalidated,2024010488858,2024,010488858,1,3,0,18,5,1,0,0,0,0,0,0,1,1,6,2,47,8,-1,-1,-1,-1,7,1,E01000650,0
Unvalidated,2024010488861,2024,010488861,1,8,0,18,3,7,0,1,0,0,0,0,4,1,1,1,80,11,-1,-1,-1,-1,6,1,E01023941,0
Unvalidated,2024010488863,2024,010488863,1,2,0,16,5,1,0,1,0,0,0,0,1,1,2,1,24,5,-1,-1,-1,-1,6,1,E01000575,0
Unvalidated,2024010488863,2024,010488863,2,19,0,12,5,1,0,1,0,0,0,0,3,1,1,1,51,8,-1,-1,-1,-1,5,1,E01003640,0
Unvalidated,2024010488864,2024,010488864,1,10,0,18,5,1,0,2,0,0,0,0,1,1,3,1,55,8,-1,-1,-1,-1,8,1,E01004179,0
Unvalidated,2024010488870,2024,010488870,1,9,0,6,7,7,0,1,0,0,0,0,4,1,6,1,40,7,-1,-1,-1,-1,8,1,E01002472,0
Unvalidated,2024010488870,2024,010488870,2,9,0,18,7,3,0,1,0,0,0,0,1,1,6,1,57,9,-1,-1,-1,-1,4,2,E01002442,0
Unvalidated,2024010488871,2024,010488871,1,9,0,9,3,1,0,1,0,0,0,0,2,1,2,2,41,7,-1,-1,-1,-1,7,1,E01000427,0
Unvalidated,2024010488871,2024,010488871,2,9,0,18,3,7,0,1,0,0,0,0,1,1,6,1,33,6,-1,-1,-1,-1,2,1,E01003607,0
Unvalidated,2024010488876,2024,010488876,1,9,0,16,5,1,0,0,5,10,2,2,1,1,6,1,24,5,-1,-1,-1,-1,7,1,E01000295,0
Unvalidated,2024010488876,2024,010488876,2,19,0,2,0,0,6,0,0,0,0,0,2,1,6,3,-1,-1,-1,-1,-1,-1,-1,-1,-1,0
Unvalidated,2024010488876,2024,010488876,3,9,0,2,0,0,6,0,0,0,0,0,2,1,6,3,-1,-1,-1,-1,-1,-1,-1,-1,-1,0
Unvalidated,2024010488882,2024,010488882,1,11,0,5,5,1,0,0,0,0,0,0,0,1,1,1,58,9,-1,-1,-1,-1,4,1,E01002098,0
Unvalidated,2024010488883,2024,010488883,1,9,0,99,9,9,99,0,9,99,9,99,9,9,6,1,52,8,-1,-1,-1,-1,3,1,E01003493,0