status,collision_index,collision_year,collision_reference,vehicle_reference,vehicle_type,towing_and_articulation,vehicle_manoeuvre,vehicle_direction_from,vehicle_direction_to,vehicle_location_restricted_lane,junction_location,skidding_and_overturning,hit_object_in_carriageway,vehicle_leaving_carriageway,hit_object_off_carriageway,first_point_of_impact,vehicle_left_hand_drive,journey_purpose_of_driver,sex_of_driver,age_of_driver,age_band_of_driver,engine_capacity_cc,propulsion_code,age_of_vehicle,generic_make_model,driver_imd_decile,driver_home_area_type,lsoa_of_driver,escooter_flag
Unvalidated,2024010488883,2024,010488883,2,9,0,99,9,9,99,0,9,99,9,99,1,9,6,3,-1,-1,-1,-1,-1,-1,-1,-1,-1,0
Unvalidated,2024010488888,2024,010488888,1,9,0,18,7,3,0,0,0,0,0,0,2,1,1,1,44,7,-1,-1,-1,-1,-1,-1,-1,0
Unvalidated,2024010488888,2024,010488888,2,19,0,18,7,3,0,0,0,0,0,0,1,1,6,3,-1,-1,-1,-1,-1,-1,-1,-1,-1,0
Unvalidated,2024010488889,2024,010488889,1,9,0,18,7,3,0,2,0,0,0,0,1,1,6,1,17,4,-1,-1,-1,-1,5,1,E01001068,0
Unvalidated,2024010488889,2024,010488889,2,9,0,18,7,3,0,2,0,0,0,0,2,1,6,2,56,9,-1,-1,-1,-1,-1,-1,-1,0
Unvalidated,2024010488889,2024,010488889,3,9,0,18,3,7,0,1,0,0,0,0,3,1,6,1,66,10,-1,-1,-1,-1,-1,-1,-1,0
Unvalidated,2024010488889,2024,010488889,4,9,0,2,0,0,0,2,0,0,0,0,2,1,6,3,-1,-1,-1,-1,-1,-1,-1,-1,-1,0
Unvalidated,2024010488891,2024,010488891,1,3,0,13,7,3,0,1,0,0,0,0,0,1,6,1,31,6,-1,-1,-1,-1,2,1,E01003489,0
Unvalidated,2024010488891,2024,010488891,2,19,0,7,1,3,0,6,0,0,0,0,0,1,6,1,54,8,-1,-1,-1,-1,3,1,E01003579,0
Unvalidated,2024010488894,2024,010488894,1,3,0,4,1,5,0,1,0,0,0,0,2,1,6,1,28,6,-1,-1,-1,-1,3,1,E01003585,0
Unvalidated,2024010488894,2024,010488894,2,9,0,18,1,5,0,1,0,0,0,0,1,1,6,3,-1,-1,-1,-1,-1,-1,-1,-1,-1,0
Unvalidated,2024010488894,2024,010488894,3,9,3,9,7,5,0,8,0,0,0,0,2,1,6,2,40,7,-1,-1,-1,-1,3,1,E01000099,0
Unvalidated,2024010488896,2024,010488896,1,9,0,18,7,3,0,1,0,4,0,0,1,1,1,1,34,6,-1,-1,-1,-1,4,1,E01024645,0
Unvalidated,2024010488896,2024,010488896,2,9,0,2,0,0,0,1,0,0,0,0,4,1,6,3,-1,-1,-1,-1,-1,-1,-1,-1,-1,0
Unvalidated,2024010488896,2024,010488896,3,9,0,2,0,0,0,1,0,0,0,0,4,1,6,3,-1,-1,-1,-1,-1,-1,-1,-1,-1,0
Unvalidated,2024010488896,2024,010488896,4,9,0,2,0,0,0,1,0,0,0,0,4,1,6,3,-1,-1,-1,-1,-1,-1,-1,-1,-1,0
Unvalidated,2024010488896,2024,010488896,5,9,0,2,0,0,0,1,0,0,0,0,4,1,6,3,-1,-1,-1,-1,-1,-1,-1,-1,-1,0
Unvalidated,2024010488897,2024,010488897,1,9,0,99,9,9,99,9,9,99,9,99,9,9,6,1,18,4,-1,-1,-1,-1,7,1,E01001049,0
Unvalidated,2024010488897,2024,010488897,2,19,0,99,9,9,99,9,9,99,9,99,9,9,6,3,-1,-1,-1,-1,-1,-1,-1,-1,-1,0
Unvalidated,2024010488898,2024,010488898,1,9,0,5,7,3,0,1,0,0,0,0,0,1,1,2,39,7,-1,-1,-1,-1,7,1,E01000675,0
Unvalidated,2024010488898,2024,010488898,2,3,0,5,7,3,0,2,0,10,0,0,0,1,6,1,16,4,-1,-1,-1,-1,10,1,E01000684,0
Unvalidated,2024010488899,2024,010488899,1,4,0,99,9,9,99,9,9,99,9,99,0,1,6,2,29,6,-1,-1,-1,-1,3,1,E01002057,0
Unvalidated,2024010488899,2024,010488899,2,9,0,99,9,9,99,9,9,99,9,99,0,9,6,3,-1,-1,-1,-1,-1,-1,-1,-1,-1,0
Unvalidated,2024010488905,2024,010488905,1,90,0,4,5,1,0,1,1,4,0,0,1,1,1,1,33,6,-1,-1,-1,-1,3,1,E01001004,0
Unvalidated,2024010488905,2024,010488905,2,19,0,4,5,1,0,4,0,0,0,0,2,1,2,1,61,9,-1,-1,-1,-1,9,1,E01000768,0
Unvalidated,2024010488908,2024,010488908,1,3,0,99,9,9,99,9,9,99,9,99,2,1,6,1,28,6,-1,-1,-1,-1,4,1,E01002131,0
Unvalidated,2024010488908,2024,010488908,2,9,0,99,9,9,99,9,9,99,9,99,1,9,6,3,-1,-1,-1,-1,-1,-1,-1,-1,-1,0
Unvalidated,2024010488909,2024,010488909,1,9,0,5,3,7,99,4,0,0,0,0,1,1,6,2,36,7,-1,-1,-1,-1,4,1,E01002833,0
Unvalidated,2024010488909,2024,010488909,2,1,0,9,3,8,0,3,0,0,0,0,1,1,2,2,45,7,-1,-1,-1,-1,2,1,E01000889,0
Unvalidated,2024010488911,2024,010488911,1,9,0,16,5,1,0,2,0,10,1,0,1,1,6,2,39,7,-1,-1,-1,-1,2,1,E01003238,0
Unvalidated,2024010488920,2024,010488920,1,1,9,18,7,3,9,9,9,0,9,0,1,1,6,3,-1,-1,-1,-1,-1,-1,-1,-1,-1,0
Unvalidated,2024010488924,2024,010488924,1,1,0,18,6,2,0,0,0,0,0,0,4,1,6,1,54,8,-1,-1,-1,-1,8,1,E01001228,0
Unvalidated,2024010488930,2024,010488930,1,3,0,18,7,3,0,0,0,0,0,0,1,1,6,1,44,7,-1,-1,-1,-1,8,1,E01021333,0
Unvalidated,2024010488930,2024,010488930,2,5,0,18,7,3,0,0,0,0,0,0,2,1,6,1,57,9,-1,-1,-1,-1,3,1,E01000114,0
Unvalidated,2024010488933,2024,010488933,1,9,0,99,9,9,99,0,9,99,9,99,2,9,6,1,27,6,-1,-1,-1,-1,8,1,E01003001,0
Unvalidated,2024010488933,2024,010488933,2,9,0,99,9,9,99,0,9,99,9,99,9,9,6,3,-1,-1,-1,-1,-1,-1,-1,-1,-1,0
Unvalidated,2024010488939,2024,010488939,1,4,0,18,3,7,0,2,0,0,0,0,1,1,6,3,-1,-1,-1,-1,-1,-1,-1,-1,-1,0
Unvalidated,2024010488941,2024,010488941,1,8,0,18,2,6,0,2,0,0,0,0,4,1,2,1,61,9,-1,-1,-1,-1,3,1,E01004355,0
Unvalidated,2024010488946,2024,010488946,1,1,9,99,9,9,99,9,9,99,9,99,9,1,6,1,27,6,-1,-1,-1,-1,1,1,E01003052,0
Unvalidated,2024010488946,2024,010488946,2,9,0,99,9,9,99,9,9,99,9,99,1,9,6,3,-1,-1,-1,-1,-1,-1,-1,-1,-1,0
Unvalidated,2024010488950,2024,010488950,1,4,0,99,9,9,99,9,9,99,9,99,1,1,6,1,35,6,-1,-1,-1,-1,8,1,E01000784,0
Unvalidated,2024010488955,2024,010488955,1,9,0,99,9,9,99,9,9,99,9,99,1,9,6,2,26,6,-1,-1,-1,-1,5,1,E01000131,0
Unvalidated,2024010488955,2024,010488955,2,9,0,99,9,9,99,9,9,99,9,99,1,9,6,3,-1,-1,-1,-1,-1,-1,4,1,E01000155,0
Unvalidated,2024010488959,2024,010488959,1,9,0,18,1,5,0,1,0,0,0,0,3,1,6,1,52,8,-1,-1,-1,-1,4,1,E01033576,0
Unvalidated,2024010488959,2024,010488959,2,9,0,18,7,3,0,1,0,0,0,0,1,1,6,1,26,6,-1,-1,-1,-1,3,1,E01003537,0
Unvalidated,2024010488968,2024,010488968,1,11,0,4,7,3,2,0,0,0,3,0,0,1,6,3,-1,-1,-1,-1,-1,-1,-1,-1,-1,0
Unvalidated,2024010488969,2024,010488969,1,1,9,99,9,9,99,9,9,99,9,99,1,1,6,2,25,5,-1,-1,-1,-1,7,1,E01004585,0
Unvalidated,2024010488969,2024,010488969,2,9,9,99,9,9,99,9,9,99,9,99,9,9,6,2,30,6,-1,-1,-1,-1,9,1,E01004558,0
Unvalidated,2024010488974,2024,010488974,1,11,0,16,1,5,0,8,0,0,0,0,1,1,1,1,61,9,-1,-1,-1,-1,1,1,E01002091,0
Unvalidated,2024010488974,2024,010488974,2,1,0,5,3,7,0,8,0,0,0,0,1,1,6,2,38,7,-1,-1,-1,-1,-1,-1,-1,0
Unvalidated,2024010488978,2024,010488978,1,3,0,18,1,5,0,1,0,0,0,0,4,1,6,1,20,4,-1,-1,-1,-1,8,1,E01000233,0
Unvalidated,2024010488978,2024,010488978,2,9,0,10,5,2,0,1,0,0,0,0,3,1,6,1,41,7,-1,-1,-1,-1,7,1,E01002182,0
Unvalidated,2024010488978,2024,010488978,3,9,0,10,3,8,0,1,0,0,0,0,1,1,6,1,19,4,-1,-1,-1,-1,7,1,E01002154,0
Unvalidated,2024010488980,2024,010488980,1,9,0,99,9,9,99,9,9,99,9,99,9,9,6,2,53,8,-1,-1,-1,-1,4,1,E01002511,0
Unvalidated,2024010488980,2024,010488980,2,9,0,99,9,9,99,9,9,99,9,99,1,9,6,3,-1,-1,-1,-1,-1,-1,-1,-1,-1,0
Unvalidated,2024010488987,2024,010488987,1,9,0,18,7,3,0,1,0,0,0,0,1,1,2,1,48,8,-1,-1,-1,-1,5,1,E01003085,0
Unvalidated,2024010488987,2024,010488987,2,9,0,9,1,7,0,6,0,0,0,0,3,1,2,2,38,7,-1,-1,-1,-1,4,1,E01003282,0
Unvalidated,2024010488990,2024,010488990,1,9,0,99,9,9,99,0,9,99,9,99,1,9,6,2,27,6,-1,-1,-1,-1,2,1,E01001591,0
Unvalidated,2024010488990,2024,010488990,2,9,0,99,9,9,99,0,9,99,9,99,1,9,6,3,-1,-1,-1,-1,-1,-1,-1,-1,-1,0
Unvalidated,2024010488992,2024,010488992,1,9,0,3,3,7,0,1,0,0,0,0,3,1,6,1,23,5,-1,-1,-1,-1,3,1,E01001489,0
Unvalidated,2024010488992,2024,010488992,2,1,0,14,3,7,0,1,0,0,0,0,4,1,6,1,28,6,-1,-1,-1,-1,3,1,E01033583,0
Unvalidated,2024010488993,2024,010488993,1,3,0,99,9,9,99,9,9,99,9,99,9,1,2,1,37,7,-1,-1,-1,-1,2,1,E01003179,0
Unvalidated,2024010488993,2024,010488993,2,20,0,99,9,9,99,9,9,99,9,99,9,9,6,1,35,6,-1,-1,-1,-1,9,3,E01033310,0
Unvalidated,2024010488994,2024,010488994,1,9,0,5,3,7,0,8,0,0,0,0,1,1,6,1,44,7,-1,-1,-1,-1,4,1,E01003165,0
Unvalidated,2024010488994,2024,010488994,2,1,0,13,1,5,0,1,0,0,0,0,1,1,6,1,48,8,-1,-1,-1,-1,3,1,E01003146,0
Unvalidated,2024010489002,2024,010489002,1,9,0,5,5,1,0,1,0,0,0,0,1,1,6,1,58,9,-1,-1,-1,-1,8,1,E01030846,0
Unvalidated,2024010489002,2024,010489002,2,4,0,5,7,3,0,6,0,0,0,0,3,1,2,1,29,6,-1,-1,-1,-1,4,1,E01001173,0
Unvalidated,2024010489009,2024,010489009,1,3,0,99,9,9,99,9,9,99,9,99,9,1,2,1,19,4,-1,-1,-1,-1,6,1,E01033738,0
Unvalidated,2024010489009,2024,010489009,2,9,0,99,9,9,99,9,9,99,9,99,1,9,6,3,37,7,-1,-1,-1,-1,-1,-1,-1,0
Unvalidated,2024010489010,2024,010489010,1,9,0,3,1,5,0,1,0,0,0,0,2,1,2,2,36,7,-1,-1,-1,-1,3,1,E01001045,0
Unvalidated,2024010489010,2024,010489010,2,9,0,3,1,5,0,1,0,0,0,0,2,1,6,1,30,6,-1,-1,-1,-1,3,1,E01003374,0
Unvalidated,2024010489010,2024,010489010,3,9,0,18,1,5,0,1,0,0,0,0,1,1,6,2,58,9,-1,-1,-1,-1,3,1,E01004125,0
Unvalidated,2024010489011,2024,010489011,1,3,0,18,3,7,0,0,0,0,0,0,1,1,6,1,41,7,-1,-1,-1,-1,3,1,E01030385,0
Unvalidated,2024010489011,2024,010489011,2,9,0,2,0,0,0,0,0,0,0,0,2,1,6,3,-1,-1,-1,-1,-1,-1,-1,-1,-1,0
Unvalidated,2024010489012,2024,010489012,1,11,0,5,2,6,0,8,0,0,0,0,0,1,1,1,41,7,-1,-1,-1,-1,7,1,E01002165,0
Unvalidated,2024010489014,2024,010489014,1,9,0,7,6,8,0,1,0,0,0,0,0,1,6,1,55,8,-1,-1,-1,-1,3,1,E01003221,0
Unvalidated,2024010489015,2024,010489015,1,3,0,13,5,1,0,1,0,0,0,0,1,1,6,1,35,6,-1,-1,-1,-1,2,1,E01001555,0
Unvalidated,2024010489015,2024,010489015,2,9,0,9,4,1,0,1,0,0,0,0,2,1,6,1,19,4,-1,-1,-1,-1,1,1,E01002081,0
Unvalidated,2024010489018,2024,010489018,1,9,0,18,7,3,0,1,0,0,0,0,3,1,6,1,66,10,-1,-1,-1,-1,2,1,E01001977,0
Unvalidated,2024010489018,2024,010489018,2,9,0,18,7,3,0,1,0,0,0,0,4,1,6,1,50,8,-1,-1,-1,-1,2,1,E01003604,0
Unvalidated,2024010489024,2024,010489024,1,4,0,18,3,7,0,1,2,10,7,10,2,1,6,1,22,5,-1,-1,-1,-1,2,1,E01003197,0
Unvalidated,2024010489024,2024,010489024,2,9,0,18,3,7,0,2,0,0,0,0,1,1,6,3,-1,-1,-1,-1,-1,-1,-1,-1,-1,0
Unvalidated,2024010489027,2024,010489027,1,9,0,18,5,1,0,1,0,0,0,0,1,1,6,1,32,6,-1,-1,-1,-1,3,1,E01003960,0
Unvalidated,2024010489027,2024,010489027,2,1,0,5,3,7,0,1,0,0,0,0,3,1,6,1,24,5,-1,-1,-1,-1,5,1,E01003085,0
Unvalidated,2024010489028,2024,010489028,1,3,0,99,9,9,99,9,9,99,9,99,9,1,1,1,37,7,-1,-1,-1,-1,3,1,E01003565,0
Unvalidated,2024010489031,2024,010489031,1,8,0,99,9,9,99,9,9,99,9,99,2,9,1,1,33,6,-1,-1,-1,-1,3,1,E01001492,0
Unvalidated,2024010489031,2024,010489031,2,9,0,99,9,9,99,9,9,99,9,99,1,9,6,3,-1,-1,-1,-1,-1,-1,-1,-1,-1,0
Unvalidated,2024010489033,2024,010489033,1,9,0,18,5,1,0,2,0,4,0,0,1,1,6,1,36,7,-1,-1,-1,-1,5,1,E01000705,0
Unvalidated,2024010489033,2024,010489033,2,9,0,2,0,0,0,2,0,0,0,0,3,1,6,3,-1,-1,-1,-1,-1,-1,-1,-1,-1,0
Unvalidated,2024010489034,2024,010489034,1,19,0,18,3,7,0,0,0,0,0,0,3,1,6,3,-1,-1,-1,-1,-1,-1,-1,-1,-1,0
Unvalidated,2024010489034,2024,010489034,2,9,0,2,0,0,0,0,0,0,0,0,1,1,6,3,-1,-1,-1,-1,-1,-1,-1,-1,-1,0
Unvalidated,2024010489034,2024,010489034,3,9,0,1,5,1,0,0,0,0,0,0,2,1,1,1,51,8,-1,-1,-1,-1,4,1,E01003666,0
Unvalidated,2024010489034,2024,010489034,4,9,0,18,7,3,0,0,0,0,0,0,4,1,6,1,29,6,-1,-1,-1,-1,-1,-1,-1,0
Unvalidated,2024010489035,2024,010489035,1,9,0,18,3,7,0,0,0,4,0,0,1,1,6,1,26,6,-1,-1,-1,-1,2,1,E01001506,0
Unvalidated,2024010489035,2024,010489035,2,9,0,2,0,0,0,0,0,0,0,0,3,1,6,3,-1,-1,-1,-1,-1,-1,-1,-1,-1,0
Unvalidated,2024010489036,2024,010489036,1,9,0,18,3,7,0,8,0,0,1,0,3,1,6,1,32,6,-1,-1,-1,-1,-1,-1,-1,0
Unvalidated,2024010489036,2024,010489036,2,8,0,18,7,3,0,8,0,0,0,0,1,1,6,1,64,9,-1,-1,-1,-1,1,1,E01002067,0
Unvalidated,2024010489038,2024,010489038,1,4,0,13,3,7,0,1,0,7,0,0,4,1,6,1,28,6,-1,-1,-1,-1,5,1,E01002651,0
Unvalidated,2024010489038,2024,010489038,2,21,1,18,7,3,0,1,0,0,0,0,0,1,1,1,36,7,-1,-1,-1,-1,5,1,E01030750,0
Unvalidated,2024010489039,2024,010489039,1,9,0,18,3,7,0,1,0,0,0,0,1,1,6,1,-1,-1,-1,-1,-1,-1,-1,-1,-1,0
Unvalidated,2024010489039,2024,010489039,2,9,0,18,7,3,0,1,0,0,0,0,1,1,6,1,40,7,-1,-1,-1,-1,1,1,E01004324,0
Unvalidated,2024010489039,2024,010489039,3,19,0,2,0,0,0,1,0,0,0,0,2,1,6,3,-1,-1,-1,-1,-1,-1,-1,-1,-1,0
Unvalidated,2024010489039,2024,010489039,4,9,0,2,0,0,0,1,0,0,0,0,3,1,6,3,-1,-1,-1,-1,-1,-1,-1,-1,-1,0
Unvalidated,2024010489042,2024,010489042,1,9,0,9,1,6,0,1,5,0,8,11,3,1,2,1,44,7,-1,-1,-1,-1,1,1,E01009147,0
Unvalidated,2024010489042,2024,010489042,2,21,4,18,5,1,0,2,0,0,0,0,1,1,1,1,41,7,-1,-1,-1,-1,6,3,E01023722,0
Unvalidated,2024010489043,2024,010489043,1,9,0,16,7,3,0,0,1,4,0,0,1,1,6,1,25,5,-1,-1,-1,-1,2,1,E01033151,0
Unvalidated,2024010489043,2024,010489043,2,21,1,2,0,0,0,0,0,0,0,0,4,1,6,3,-1,-1,-1,-1,-1,-1,-1,-1,-1,0
Unvalidated,2024010489043,2024,010489043,3,9,0,2,0,0,0,0,0,0,0,0,1,1,6,3,-1,-1,-1,-1,-1,-1,-1,-1,-1,0
Unvalidated,2024010489048,2024,010489048,1,9,0,18,7,3,0,8,0,0,0,0,1,1,2,1,25,5,-1,-1,-1,-1,3,1,E01002139,0
Unvalidated,2024010489048,2024,010489048,2,9,0,9,3,1,0,8,0,0,0,0,4,1,6,2,25,5,-1,-1,-1,-1,2,1,E01001316,0
Unvalidated,2024010489055,2024,010489055,1,9,0,18,1,5,0,2,0,4,0,0,1,1,6,1,23,5,-1,-1,-1,-1,5,1,E01023806,0
Unvalidated,2024010489055,2024,010489055,2,8,0,4,5,1,0,1,0,0,0,0,1,1,2,1,53,8,-1,-1,-1,-1,4,1,E01002179,0
Unvalidated,2024010489055,2024,010489055,3,9,0,2,0,0,0,2,0,0,1,0,2,1,6,3,-1,-1,-1,-1,-1,-1,-1,-1,-1,0
Unvalidated,2024010489057,2024,010489057,1,9,0,18,6,2,0,6,0,0,0,0,4,1,6,1,51,8,-1,-1,-1,-1,9,1,E01003759,0
Unvalidated,2024010489062,2024,010489062,1,9,0,18,7,3,0,0,0,0,0,0,1,1,6,1,24,5,-1,-1,-1,-1,2,1,E01001912,0
Unvalidated,2024010489062,2024,010489062,2,19,0,18,3,7,0,0,0,0,0,0,1,1,6,1,41,7,-1,-1,-1,-1,3,1,E01001650,0
Unvalidated,2024010489066,2024,010489066,1,9,0,99,9,9,99,9,9,99,9,99,2,9,6,2,60,9,-1,-1,-1,-1,4,1,E01001478,0
Unvalidated,2024010489066,2024,010489066,2,9,0,99,9,9,99,9,9,99,9,99,2,9,6,3,-1,-1,-1,-1,-1,-1,-1,-1,-1,0
Unvalidated,2024010489072,2024,010489072,1,1,9,99,9,9,99,9,9,8,9,99,1,1,6,1,35,6,-1,-1,-1,-1,3,1,E01000973,0
Unvalidated,2024010489072,2024,010489072,2,98,0,99,9,9,99,9,9,99,9,99,9,9,6,3,-1,-1,-1,-1,-1,-1,-1,-1,-1,0
Unvalidated,2024010489077,2024,010489077,1,9,0,18,3,7,0,1,0,0,0,0,4,1,6,1,27,6,-1,-1,-1,-1,-1,-1,-1,0
Unvalidated,2024010489077,2024,010489077,2,9,0,18,3,7,0,1,0,0,0,0,1,1,6,1,37,7,-1,-1,-1,-1,-1,-1,-1,0
Unvalidated,2024010489077,2024,010489077,3,9,0,2,0,0,0,1,0,0,0,0,2,1,6,3,-1,-1,-1,-1,-1,-1,-1,-1,-1,0
Unvalidated,2024010489077,2024,010489077,4,9,0,2,0,0,0,1,0,0,0,0,2,1,6,3,-1,-1,-1,-1,-1,-1,-1,-1,-1,0
Unvalidated,2024010489082,2024,010489082,1,9,0,9,4,1,0,1,0,0,0,0,1,1,6,1,80,11,-1,-1,-1,-1,8,1,E01001924,0
Unvalidated,2024010489082,2024,010489082,2,1,0,18,8,4,0,1,0,0,0,0,1,1,1,1,29,6,-1,-1,-1,-1,5,1,E01001389,0
Unvalidated,2024010489083,2024,010489083,1,9,0,5,7,3,0,8,0,0,0,0,1,1,6,1,51,8,-1,-1,-1,-1,4,1,E01002409,0
Unvalidated,2024010489083,2024,010489083,2,9,0,9,3,1,0,8,0,0,0,0,4,1,6,2,33,6,-1,-1,-1,-1,3,1,E01002401,0
Unvalidated,2024010489084,2024,010489084,1,1,9,99,9,9,99,9,9,99,9,99,1,1,6,1,63,9,-1,-1,-1,-1,3,1,E01001394,0
Unvalidated,2024010489084,2024,010489084,2,9,0,99,9,9,99,9,9,99,9,99,9,9,6,3,-1,-1,-1,-1,-1,-1,-1,-1,-1,0
Unvalidated,2024010489093,2024,010489093,1,9,0,2,0,0,0,1,0,0,0,0,2,1,6,3,-1,-1,-1,-1,-1,-1,-1,-1,-1,0
Unvalidated,2024010489093,2024,010489093,2,1,0,18,5,1,0,1,0,0,0,0,1,1,6,1,42,7,-1,-1,-1,-1,8,1,E01000880,0
Unvalidated,2024010489094,2024,010489094,1,9,0,18,7,3,0,5,0,0,0,0,2,1,6,2,33,6,-1,-1,-1,-1,2,1,E01017594,0
Unvalidated,2024010489094,2024,010489094,2,9,0,18,7,3,0,5,0,0,0,0,2,1,6,1,39,7,-1,-1,-1,-1,-1,-1,-1,0
Unvalidated,2024010489094,2024,010489094,3,9,0,11,7,3,0,5,0,10,0,0,1,1,6,1,23,5,-1,-1,-1,-1,3,1,E01000052,0
Unvalidated,2024010489094,2024,010489094,4,9,0,18,7,3,0,5,0,0,0,0,2,1,6,1,62,9,-1,-1,-1,-1,-1,-1,-1,0
Unvalidated,2024010489096,2024,010489096,1,1,9,99,9,9,99,9,9,99,9,99,1,1,6,2,29,6,-1,-1,-1,-1,5,1,E01001895,0
Unvalidated,2024010489096,2024,010489096,2,9,0,99,9,9,99,9,9,99,9,99,2,9,6,2,31,6,-1,-1,-1,-1,4,1,E01003900,0
Unvalidated,2024010489100,2024,010489100,1,8,0,18,1,5,0,8,0,0,0,0,1,1,1,1,40,7,-1,-1,-1,-1,5,1,E01000067,0
Unvalidated,2024010489104,2024,010489104,1,9,0,9,1,7,0,8,0,0,0,0,1,1,6,1,52,8,-1,-1,-1,-1,3,1,E01000644,0
Unvalidated,2024010489104,2024,010489104,2,1,0,18,7,3,0,8,0,0,0,0,1,1,6,1,36,7,-1,-1,-1,-1,4,1,E01004658,0
Unvalidated,2024010489106,2024,010489106,1,9,0,9,1,7,0,6,0,0,0,0,1,1,6,2,39,7,-1,-1,-1,-1,1,1,E01004005,0
Unvalidated,2024010489106,2024,010489106,2,1,0,18,7,3,0,1,0,0,0,0,1,1,6,1,38,7,-1,-1,-1,-1,3,1,E01004006,0
Unvalidated,2024010489113,2024,010489113,1,1,9,99,9,9,99,9,9,99,9,99,9,1,2,1,58,9,-1,-1,-1,-1,2,1,E01000959,0
Unvalidated,2024010489113,2024,010489113,2,9,0,99,9,9,99,9,9,99,9,99,0,9,6,3,-1,-1,-1,-1,-1,-1,-1,-1,-1,0
Unvalidated,2024010489114,2024,010489114,1,9,9,99,9,9,99,9,9,99,9,99,9,9,6,3,-1,-1,-1,-1,-1,-1,-1,-1,-1,0
Unvalidated,2024010489119,2024,010489119,1,9,0,18,1,5,0,8,0,0,0,0,3,1,6,1,28,6,-1,-1,-1,-1,7,1,E01030858,0
Unvalidated,2024010489119,2024,010489119,2,90,0,18,7,3,0,2,0,0,0,0,1,1,1,1,42,7,-1,-1,-1,-1,6,1,E01002496,0
Unvalidated,2024010489122,2024,010489122,1,1,9,99,9,9,99,9,9,99,9,99,9,1,3,2,35,6,-1,-1,-1,-1,-1,-1,-1,0
Unvalidated,2024010489122,2024,010489122,2,9,0,99,9,9,99,9,9,99,9,99,2,9,6,3,38,7,-1,-1,-1,-1,-1,-1,-1,0
Unvalidated,2024010489123,2024,010489123,1,9,0,99,9,9,99,9,9,99,9,99,1,9,6,2,48,8,-1,-1,-1,-1,5,1,E01001525,0
Unvalidated,2024010489123,2024,010489123,2,9,9,99,9,9,99,8,9,99,9,99,9,9,6,3,-1,-1,-1,-1,-1,-1,-1,-1,-1,0
Unvalidated,2024010489125,2024,010489125,1,9,0,99,9,9,99,9,9,99,9,99,4,9,6,1,29,6,-1,-1,-1,-1,5,1,E01002330,0
Unvalidated,2024010489130,2024,010489130,1,9,0,9,3,1,0,8,0,0,0,0,1,1,6,1,72,10,-1,-1,-1,-1,5,1,E01000571,0
Unvalidated,2024010489130,2024,010489130,2,9,0,14,1,5,0,8,0,0,0,0,1,1,6,1,23,5,-1,-1,-1,-1,4,1,E01001023,0
Unvalidated,2024010489132,2024,010489132,1,9,0,9,1,7,0,8,0,0,0,0,1,1,6,2,34,6,-1,-1,-1,-1,3,1,E01002728,0
Unvalidated,2024010489132,2024,010489132,2,3,0,16,6,1,0,8,1,0,0,0,1,1,6,1,53,8,-1,-1,-1,-1,2,1,E01004405,0
Unvalidated,2024010489139,2024,010489139,1,11,0,18,1,5,2,1,0,0,0,0,0,1,1,1,37,7,-1,-1,-1,-1,3,1,E01002445,0
Unvalidated,2024010489140,2024,010489140,1,11,0,18,3,7,0,1,0,0,0,0,0,1,6,1,45,7,-1,-1,-1,-1,-1,-1,-1,0
Unvalidated,2024010489141,2024,010489141,1,23,0,18,5,1,0,0,1,0,0,0,0,1,1,1,19,4,-1,-1,-1,-1,2,1,E01033148,0
Unvalidated,2024010489142,2024,010489142,1,9,0,18,3,7,0,0,0,0,4,2,4,1,6,1,36,7,-1,-1,-1,-1,2,1,E01000017,0
Unvalidated,2024010489143,2024,010489143,1,9,0,99,9,9,99,9,9,99,9,99,9,9,6,2,30,6,-1,-1,-1,-1,6,1,E01002117,0
Unvalidated,2024010489149,2024,010489149,1,9,0,18,1,5,0,1,0,0,0,0,0,1,1,1,31,6,-1,-1,-1,-1,3,1,E01004259,0
Unvalidated,2024010489149,2024,010489149,2,9,0,18,2,6,0,1,0,0,0,0,1,1,6,1,19,4,-1,-1,-1,-1,3,1,E01004303,0
Unvalidated,2024010489149,2024,010489149,3,9,0,18,6,2,0,1,0,0,0,0,1,1,2,1,24,5,-1,-1,-1,-1,2,1,E01004242,0
Unvalidated,2024010489149,2024,010489149,4,9,0,2,0,0,0,1,0,0,0,0,1,1,6,3,-1,-1,-1,-1,-1,-1,-1,-1,-1,0
Unvalidated,2024010489150,2024,010489150,1,9,0,99,9,9,99,9,9,99,9,99,2,9,6,1,60,9,-1,-1,-1,-1,2,1,E01001448,0
Unvalidated,2024010489150,2024,010489150,2,19,0,99,9,9,99,9,9,99,9,99,1,9,6,3,45,7,-1,-1,-1,-1,3,1,E01001465,0
Unvalidated,2024010489153,2024,010489153,1,9,0,18,3,7,0,1,0,0,0,0,0,1,1,1,33,6,-1,-1,-1,-1,-1,-1,-1,0
Unvalidated,2024010489153,2024,010489153,2,3,0,18,3,7,0,1,0,10,0,0,0,1,6,1,17,4,-1,-1,-1,-1,5,1,E01004188,0
Unvalidated,2024010489154,2024,010489154,1,9,0,18,3,7,9,1,1,10,7,4,1,1,6,1,18,4,-1,-1,-1,-1,2,1,E01001827,0
Unvalidated,2024010489154,2024,010489154,2,9,0,18,3,7,0,1,0,0,0,0,0,1,1,1,28,6,-1,-1,-1,-1,2,1,E01001830,0