status,collision_index,collision_year,collision_reference,vehicle_reference,vehicle_type,towing_and_articulation,vehicle_manoeuvre,vehicle_direction_from,vehicle_direction_to,vehicle_location_restricted_lane,junction_location,skidding_and_overturning,hit_object_in_carriageway,vehicle_leaving_carriageway,hit_object_off_carriageway,first_point_of_impact,vehicle_left_hand_drive,journey_purpose_of_driver,sex_of_driver,age_of_driver,age_band_of_driver,engine_capacity_cc,propulsion_code,age_of_vehicle,generic_make_model,driver_imd_decile,driver_home_area_type,lsoa_of_driver,escooter_flag
Unvalidated,2024010489156,2024,010489156,1,9,0,9,5,3,0,5,0,0,0,0,3,1,6,1,48,8,-1,-1,-1,-1,2,1,E01001695,0
Unvalidated,2024010489156,2024,010489156,2,3,0,18,5,1,0,1,0,0,0,0,1,1,6,1,45,7,-1,-1,-1,-1,2,1,E01004013,0
Unvalidated,2024010489164,2024,010489164,1,3,0,99,9,9,99,9,9,99,9,99,9,1,1,1,28,6,-1,-1,-1,-1,3,1,E01000640,0
Unvalidated,2024010489164,2024,010489164,2,9,9,99,9,9,99,9,9,99,9,99,9,9,6,3,-1,-1,-1,-1,-1,-1,-1,-1,-1,0
Unvalidated,2024010489166,2024,010489166,1,3,0,99,9,9,99,9,9,99,9,99,1,1,2,1,33,6,-1,-1,-1,-1,2,1,E01003126,0
Unvalidated,2024010489166,2024,010489166,2,9,0,99,9,9,99,9,9,99,9,99,1,9,6,3,-1,-1,-1,-1,-1,-1,-1,-1,-1,0
Unvalidated,2024010489167,2024,010489167,1,9,9,4,5,1,99,0,9,99,9,10,9,9,6,1,35,6,-1,-1,-1,-1,3,1,E01003296,0
Unvalidated,2024010489167,2024,010489167,2,9,9,18,1,5,99,0,9,99,9,99,9,9,6,1,-1,-1,-1,-1,-1,-1,-1,-1,-1,0
Unvalidated,2024010489168,2024,010489168,1,19,0,18,1,5,0,2,0,0,0,0,1,1,1,1,78,11,-1,-1,-1,-1,5,1,E01000530,0
Unvalidated,2024010489168,2024,010489168,2,1,0,18,7,3,0,2,0,0,0,0,4,1,2,1,74,10,-1,-1,-1,-1,2,1,E01001940,0
Unvalidated,2024010489169,2024,010489169,1,3,0,99,9,9,99,0,9,99,9,99,1,1,2,1,25,5,-1,-1,-1,-1,5,1,E01003433,0
Unvalidated,2024010489169,2024,010489169,2,9,0,99,9,9,99,0,9,99,9,99,3,9,6,3,-1,-1,-1,-1,-1,-1,-1,-1,-1,0
Unvalidated,2024010489171,2024,010489171,1,9,0,18,7,3,0,4,0,0,0,0,4,1,6,2,20,4,-1,-1,-1,-1,2,1,E01001320,0
Unvalidated,2024010489171,2024,010489171,2,9,0,18,5,1,0,4,0,0,0,0,1,1,6,1,32,6,-1,-1,-1,-1,3,1,E01001391,0
Unvalidated,2024010489172,2024,010489172,1,9,0,4,7,3,9,0,0,0,0,0,1,1,6,1,22,5,-1,-1,-1,-1,3,1,E01003719,0
Unvalidated,2024010489179,2024,010489179,1,9,0,99,9,9,99,9,9,99,9,99,1,9,6,3,-1,-1,-1,-1,-1,-1,-1,-1,-1,0
Unvalidated,2024010489184,2024,010489184,1,1,0,18,3,7,0,1,0,0,0,0,1,1,2,2,43,7,-1,-1,-1,-1,-1,-1,-1,0
Unvalidated,2024010489184,2024,010489184,2,9,0,9,7,4,0,1,0,0,0,0,1,1,6,2,31,6,-1,-1,-1,-1,2,1,E01001438,0
Unvalidated,2024010489188,2024,010489188,1,19,0,6,3,3,0,2,0,0,0,0,3,1,6,1,28,6,-1,-1,-1,-1,5,1,E01021491,0
Unvalidated,2024010489188,2024,010489188,2,5,0,13,3,7,0,2,0,0,0,0,1,1,6,1,25,5,-1,-1,-1,-1,3,1,E01033583,0
Unvalidated,2024010489191,2024,010489191,1,9,0,18,7,3,0,1,0,0,0,0,1,1,1,1,25,5,-1,-1,-1,-1,7,1,E01004130,0
Unvalidated,2024010489194,2024,010489194,1,3,0,99,9,9,99,9,9,99,9,99,2,1,6,1,43,7,-1,-1,-1,-1,2,1,E01000603,0
Unvalidated,2024010489194,2024,010489194,2,9,0,99,9,9,99,9,9,99,9,99,2,9,6,3,-1,-1,-1,-1,-1,-1,-1,-1,-1,0
Unvalidated,2024010489196,2024,010489196,1,9,0,9,3,2,0,6,0,0,0,0,0,1,6,1,53,8,-1,-1,-1,-1,4,1,E01001233,0
Unvalidated,2024010489196,2024,010489196,2,5,0,18,5,1,0,1,1,0,0,0,0,1,2,1,42,7,-1,-1,-1,-1,6,1,E01001195,0
Unvalidated,2024010489198,2024,010489198,1,3,0,99,9,9,99,0,9,99,9,99,1,1,2,1,30,6,-1,-1,-1,-1,1,1,E01003961,0
Unvalidated,2024010489198,2024,010489198,2,9,0,99,9,9,99,0,9,99,9,99,9,9,6,3,-1,-1,-1,-1,-1,-1,-1,-1,-1,0
Unvalidated,2024010489201,2024,010489201,1,9,0,99,9,9,99,9,9,99,9,99,2,9,6,1,37,7,-1,-1,-1,-1,10,2,E01024725,0
Unvalidated,2024010489201,2024,010489201,2,19,0,99,9,9,99,9,9,99,9,99,1,9,6,3,-1,-1,-1,-1,-1,-1,-1,-1,-1,0
Unvalidated,2024010489202,2024,010489202,1,9,0,5,7,3,0,8,0,0,0,0,1,1,2,1,59,9,-1,-1,-1,-1,4,1,E01001939,0
Unvalidated,2024010489202,2024,010489202,2,1,0,18,5,1,0,8,0,0,0,0,4,1,2,1,40,7,-1,-1,-1,-1,9,1,E01033101,0
Unvalidated,2024010489207,2024,010489207,1,9,0,18,7,3,0,0,0,0,0,0,1,1,2,2,34,6,-1,-1,-1,-1,4,1,E01001323,0
Unvalidated,2024010489209,2024,010489209,1,3,0,99,9,9,99,9,9,99,9,99,9,1,6,1,33,6,-1,-1,-1,-1,8,1,E01002209,0
Unvalidated,2024010489209,2024,010489209,2,9,0,99,9,9,99,9,9,99,9,99,1,9,6,3,-1,-1,-1,-1,-1,-1,8,1,E01002206,0
Unvalidated,2024010489213,2024,010489213,1,1,9,99,9,9,99,9,9,99,9,99,9,1,6,1,28,6,-1,-1,-1,-1,8,1,E01002157,0
Unvalidated,2024010489213,2024,010489213,2,11,9,99,9,9,99,9,9,99,9,99,9,1,6,2,39,7,-1,-1,-1,-1,2,1,E01001980,0
Unvalidated,2024010489214,2024,010489214,1,9,0,99,9,9,99,0,9,99,9,99,2,9,6,1,42,7,-1,-1,-1,-1,2,1,E01004268,0
Unvalidated,2024010489215,2024,010489215,1,1,9,99,9,9,99,9,9,99,9,99,9,1,2,1,37,7,-1,-1,-1,-1,7,1,E01001455,0
Unvalidated,2024010489215,2024,010489215,2,9,0,99,9,9,99,9,9,99,9,99,1,9,6,3,-1,-1,-1,-1,-1,-1,-1,-1,-1,0
Unvalidated,2024010489219,2024,010489219,1,10,0,9,5,2,0,2,0,11,0,0,1,1,1,1,49,8,-1,-1,-1,-1,2,1,E01003120,0
Unvalidated,2024010489220,2024,010489220,1,9,0,7,1,3,0,8,0,0,0,0,1,1,6,1,60,9,-1,-1,-1,-1,7,1,E01001231,0
Unvalidated,2024010489221,2024,010489221,1,3,0,99,9,9,99,9,9,99,9,99,9,1,1,2,31,6,-1,-1,-1,-1,-1,-1,-1,0
Unvalidated,2024010489221,2024,010489221,2,9,9,99,9,9,99,9,9,99,9,99,9,9,6,3,-1,-1,-1,-1,-1,-1,-1,-1,-1,0
Unvalidated,2024010489222,2024,010489222,1,1,9,99,9,9,99,9,9,99,9,99,1,1,6,1,44,7,-1,-1,-1,-1,2,1,E01004001,0
Unvalidated,2024010489222,2024,010489222,2,9,0,99,9,9,99,9,9,99,9,99,9,9,6,3,44,7,-1,-1,-1,-1,3,1,E01004019,0
Unvalidated,2024010489223,2024,010489223,1,3,0,99,9,9,99,9,9,99,9,99,9,1,2,3,41,7,-1,-1,-1,-1,2,1,E01003324,0
Unvalidated,2024010489223,2024,010489223,2,9,0,99,9,9,99,9,9,99,9,99,9,9,6,3,-1,-1,-1,-1,-1,-1,-1,-1,-1,0
Unvalidated,2024010489226,2024,010489226,1,9,0,7,1,2,0,2,0,0,1,0,4,1,2,1,46,8,-1,-1,-1,-1,1,1,E01033585,0
Unvalidated,2024010489226,2024,010489226,2,1,0,18,3,7,0,1,0,0,0,0,1,1,6,1,34,6,-1,-1,-1,-1,6,1,E01001159,0
Unvalidated,2024010489227,2024,010489227,1,9,0,18,3,7,0,1,0,0,0,0,1,1,6,1,39,7,-1,-1,-1,-1,2,1,E01003111,0
Unvalidated,2024010489227,2024,010489227,2,90,0,18,3,7,0,1,0,0,0,0,1,1,1,1,36,7,-1,-1,-1,-1,6,1,E01004493,0
Unvalidated,2024010489227,2024,010489227,3,9,0,5,3,7,0,1,0,0,1,0,2,1,6,2,51,8,-1,-1,-1,-1,4,1,E01003098,0
Unvalidated,2024010489231,2024,010489231,1,9,0,99,9,9,99,9,9,99,9,99,9,9,6,3,-1,-1,-1,-1,-1,-1,-1,-1,-1,0
Unvalidated,2024010489232,2024,010489232,1,9,0,7,7,2,0,2,0,0,0,0,1,1,6,1,22,5,-1,-1,-1,-1,3,1,E01003430,0
Unvalidated,2024010489232,2024,010489232,2,9,0,18,2,6,0,1,0,0,0,0,1,1,6,1,26,6,-1,-1,-1,-1,3,1,E01003431,0
Unvalidated,2024010489232,2024,010489232,3,9,0,7,6,8,0,2,0,0,0,0,0,1,1,1,35,6,-1,-1,-1,-1,8,1,E01004498,0
Unvalidated,2024010489234,2024,010489234,1,9,0,7,1,3,0,4,0,0,2,4,1,1,2,1,56,9,-1,-1,-1,-1,1,1,E01004273,0
Unvalidated,2024010489234,2024,010489234,2,1,0,18,7,3,0,3,0,0,0,0,2,1,2,1,38,7,-1,-1,-1,-1,2,1,W01001942,0
Unvalidated,2024010489235,2024,010489235,1,9,0,99,9,9,99,9,9,99,9,99,9,9,2,1,41,7,-1,-1,-1,-1,5,1,E01000417,0
Unvalidated,2024010489235,2024,010489235,2,8,0,99,9,9,99,9,9,99,9,99,9,9,6,3,-1,-1,-1,-1,-1,-1,3,1,E01003589,0
Unvalidated,2024010489239,2024,010489239,1,9,0,99,9,9,0,0,9,99,9,99,2,9,1,1,51,8,-1,-1,-1,-1,-1,-1,-1,0
Unvalidated,2024010489239,2024,010489239,2,9,0,99,9,9,0,0,9,99,9,99,1,9,6,3,-1,-1,-1,-1,-1,-1,6,1,E01003699,0
Unvalidated,2024010489239,2024,010489239,3,90,0,99,9,9,0,0,9,99,9,99,2,9,6,3,-1,-1,-1,-1,-1,-1,4,3,E01016070,0
Unvalidated,2024010489241,2024,010489241,1,9,0,9,6,3,0,2,0,0,0,0,1,1,1,2,41,7,-1,-1,-1,-1,3,1,E01000900,0
Unvalidated,2024010489241,2024,010489241,2,1,0,9,1,6,0,2,0,0,0,0,1,1,2,2,31,6,-1,-1,-1,-1,2,1,E01004271,0
Unvalidated,2024010489243,2024,010489243,1,9,0,9,2,8,0,2,0,0,0,0,3,1,6,2,64,9,-1,-1,-1,-1,2,1,E01002033,0
Unvalidated,2024010489243,2024,010489243,2,1,0,18,8,4,0,8,0,0,0,0,1,1,2,2,55,8,-1,-1,-1,-1,8,1,E01001390,0
Unvalidated,2024010489244,2024,010489244,1,9,9,99,9,9,99,9,9,99,9,99,9,9,6,3,-1,-1,-1,-1,-1,-1,-1,-1,-1,0
Unvalidated,2024010489247,2024,010489247,1,3,9,99,9,9,99,0,9,99,0,0,1,1,2,1,30,6,-1,-1,-1,-1,4,1,E01000570,0
Unvalidated,2024010489247,2024,010489247,2,9,9,99,9,9,0,0,9,99,0,0,2,9,6,3,-1,-1,-1,-1,-1,-1,-1,-1,-1,0
Unvalidated,2024010489249,2024,010489249,1,9,0,18,4,8,0,0,0,0,0,0,1,1,2,1,47,8,-1,-1,-1,-1,5,1,E01000067,0
Unvalidated,2024010489250,2024,010489250,1,9,0,16,7,3,0,0,0,0,0,0,1,1,6,2,84,11,-1,-1,-1,-1,6,1,E01002218,0
Unvalidated,2024010489250,2024,010489250,2,19,0,17,7,3,0,0,0,0,0,0,1,1,1,1,57,9,-1,-1,-1,-1,4,1,E01012820,0
Unvalidated,2024010489254,2024,010489254,1,11,0,5,1,5,0,8,0,0,0,0,0,1,1,1,38,7,-1,-1,-1,-1,2,1,E01003911,0
Unvalidated,2024010489258,2024,010489258,1,3,0,99,9,9,99,9,9,99,9,99,9,1,1,3,34,6,-1,-1,-1,-1,5,1,E01003139,0
Unvalidated,2024010489258,2024,010489258,2,9,9,99,9,9,99,9,9,99,9,99,9,9,6,3,-1,-1,-1,-1,-1,-1,-1,-1,-1,0
Unvalidated,2024010489270,2024,010489270,1,3,0,18,1,5,0,1,0,0,0,0,1,1,1,1,21,5,-1,-1,-1,-1,5,1,E01001644,0
Unvalidated,2024010489270,2024,010489270,2,9,0,5,0,5,0,1,0,0,0,0,1,1,6,1,48,8,-1,-1,-1,-1,4,1,E01003211,0
Unvalidated,2024010489270,2024,010489270,3,9,0,2,0,0,0,1,0,0,0,0,3,1,6,3,-1,-1,-1,-1,-1,-1,-1,-1,-1,0
Unvalidated,2024010489273,2024,010489273,1,11,9,99,9,9,99,0,9,99,9,99,9,1,6,3,57,9,-1,-1,-1,-1,3,1,E01000637,0
Unvalidated,2024010489275,2024,010489275,1,19,0,5,1,5,0,1,0,0,0,0,1,1,1,2,41,7,-1,-1,-1,-1,4,1,E01001756,0
Unvalidated,2024010489275,2024,010489275,2,1,0,3,1,5,0,1,0,0,0,0,2,1,2,2,60,9,-1,-1,-1,-1,2,1,E01002086,0
Unvalidated,2024010489276,2024,010489276,1,11,0,5,8,4,0,0,0,0,0,0,0,1,1,1,35,6,-1,-1,-1,-1,5,1,E01000892,0
Unvalidated,2024010489276,2024,010489276,2,9,0,7,5,6,0,0,0,0,0,0,1,1,6,2,21,5,-1,-1,-1,-1,4,1,E01023547,0
Unvalidated,2024010489278,2024,010489278,1,9,0,7,7,1,0,6,0,0,0,0,3,1,6,1,32,6,-1,-1,-1,-1,-1,-1,-1,0
Unvalidated,2024010489278,2024,010489278,2,1,0,18,5,1,0,3,0,0,0,0,1,1,2,2,30,6,-1,-1,-1,-1,-1,-1,-1,0
Unvalidated,2024010489281,2024,010489281,1,4,0,99,9,9,99,9,9,99,9,99,9,1,2,1,41,7,-1,-1,-1,-1,5,1,E01023332,0
Unvalidated,2024010489281,2024,010489281,2,9,0,99,9,9,99,9,9,99,9,99,9,9,6,2,-1,-1,-1,-1,-1,-1,3,1,E01002771,0
Unvalidated,2024010489287,2024,010489287,1,9,0,3,1,5,0,1,0,0,0,0,2,1,6,1,43,7,-1,-1,-1,-1,6,1,E01033600,0
Unvalidated,2024010489287,2024,010489287,2,9,0,3,1,5,0,1,0,0,0,0,2,1,6,2,35,6,-1,-1,-1,-1,6,3,E01026391,0
Unvalidated,2024010489287,2024,010489287,3,9,0,18,1,5,0,1,0,0,0,0,1,1,6,2,32,6,-1,-1,-1,-1,7,1,E01011633,0
Unvalidated,2024010489292,2024,010489292,1,9,0,18,1,5,0,0,0,0,0,0,1,1,6,3,-1,-1,-1,-1,-1,-1,-1,-1,-1,0
Unvalidated,2024010489294,2024,010489294,1,9,0,18,5,1,0,8,0,0,0,0,1,1,1,2,35,6,-1,-1,-1,-1,3,1,E01000922,0
Unvalidated,2024010489294,2024,010489294,2,9,0,18,7,3,0,8,0,0,0,0,3,1,3,2,28,6,-1,-1,-1,-1,2,1,E01000972,0
Unvalidated,2024010489296,2024,010489296,1,11,0,4,5,1,2,0,0,0,0,0,0,1,1,1,42,7,-1,-1,-1,-1,5,1,E01003359,0
Unvalidated,2024010489298,2024,010489298,1,1,9,99,9,9,99,9,9,99,9,99,1,1,6,1,47,8,-1,-1,-1,-1,9,1,E01001454,0
Unvalidated,2024010489298,2024,010489298,2,19,0,99,9,9,99,9,9,99,9,99,1,9,6,3,42,7,-1,-1,-1,-1,6,1,E01001522,0
Unvalidated,2024010489299,2024,010489299,1,1,9,99,9,9,99,9,9,99,9,99,9,1,2,1,26,6,-1,-1,-1,-1,6,1,E01031853,0
Unvalidated,2024010489299,2024,010489299,2,9,0,99,9,9,99,9,9,99,9,99,9,9,6,3,-1,-1,-1,-1,-1,-1,-1,-1,-1,0
Unvalidated,2024010489300,2024,010489300,1,3,0,18,1,5,0,2,0,0,0,0,1,1,6,1,30,6,-1,-1,-1,-1,3,1,E01003109,0
Unvalidated,2024010489300,2024,010489300,2,9,0,18,1,5,0,2,0,0,0,0,4,1,1,1,51,8,-1,-1,-1,-1,-1,-1,-1,0
Unvalidated,2024010489302,2024,010489302,1,1,9,99,9,9,99,9,9,99,9,99,1,1,2,1,21,5,-1,-1,-1,-1,6,1,E01004216,0
Unvalidated,2024010489302,2024,010489302,2,9,0,99,9,9,99,9,9,99,9,99,9,9,6,3,-1,-1,-1,-1,-1,-1,-1,-1,-1,0
Unvalidated,2024010489305,2024,010489305,1,9,0,99,9,9,99,9,9,99,9,99,1,9,6,3,-1,-1,-1,-1,-1,-1,2,1,E01002056,0
Unvalidated,2024010489308,2024,010489308,1,9,0,99,9,9,99,9,9,99,9,99,2,9,2,2,57,9,-1,-1,-1,-1,7,1,E01000288,0
Unvalidated,2024010489308,2024,010489308,2,9,0,99,9,9,99,9,9,99,9,99,1,9,6,2,58,9,-1,-1,-1,-1,7,1,E01000288,0
Unvalidated,2024010489314,2024,010489314,1,9,0,99,9,9,99,9,9,99,9,99,9,9,2,1,20,4,-1,-1,-1,-1,4,1,E01001674,0
Unvalidated,2024010489314,2024,010489314,2,9,9,99,9,9,99,9,9,99,9,99,9,9,6,3,-1,-1,-1,-1,-1,-1,-1,-1,-1,0
Unvalidated,2024010489315,2024,010489315,1,9,0,99,9,9,0,9,9,99,9,99,1,9,6,2,43,7,-1,-1,-1,-1,3,1,E01002554,0
Unvalidated,2024010489316,2024,010489316,1,9,0,3,1,5,0,0,0,0,0,0,0,1,6,2,29,6,-1,-1,-1,-1,2,1,E01004535,0
Unvalidated,2024010489316,2024,010489316,2,8,0,1,5,1,0,0,0,0,0,0,0,1,6,1,55,8,-1,-1,-1,-1,1,1,E01001765,0
Unvalidated,2024010489318,2024,010489318,1,19,0,18,3,7,0,0,0,0,0,0,3,1,2,1,25,5,-1,-1,-1,-1,8,1,E01002207,0
Unvalidated,2024010489318,2024,010489318,2,9,0,18,7,3,0,0,0,12,0,0,1,1,6,2,53,8,-1,-1,-1,-1,7,1,E01001027,0
Unvalidated,2024010489319,2024,010489319,1,3,0,3,9,9,99,9,9,99,9,99,2,9,1,1,28,6,-1,-1,-1,-1,1,1,E01000953,0
Unvalidated,2024010489319,2024,010489319,2,9,0,18,9,9,99,9,9,99,9,99,1,9,6,3,-1,-1,-1,-1,-1,-1,-1,-1,-1,0
Unvalidated,2024010489320,2024,010489320,1,9,0,3,7,3,0,0,0,0,0,0,2,1,6,2,30,6,-1,-1,-1,-1,1,1,E01001562,0
Unvalidated,2024010489320,2024,010489320,2,9,0,3,7,3,0,0,0,0,0,0,2,1,6,1,-1,-1,-1,-1,-1,-1,3,1,E01032581,0
Unvalidated,2024010489320,2024,010489320,3,9,0,18,7,3,0,0,0,0,0,0,1,1,6,3,-1,-1,-1,-1,-1,-1,-1,-1,-1,0
Unvalidated,2024010489321,2024,010489321,1,4,0,18,3,7,0,0,0,0,0,0,1,1,6,1,27,6,-1,-1,-1,-1,3,1,E01002070,0
Unvalidated,2024010489329,2024,010489329,1,9,0,4,3,7,0,1,0,0,0,0,2,1,6,1,27,6,-1,-1,-1,-1,7,1,E01000217,0
Unvalidated,2024010489329,2024,010489329,2,9,0,4,3,7,0,1,0,0,0,0,2,1,1,1,33,6,-1,-1,-1,-1,4,1,E01000472,0
Unvalidated,2024010489329,2024,010489329,3,9,0,3,3,7,0,1,0,0,0,0,3,1,6,1,73,10,-1,-1,-1,-1,9,1,E01000266,0
Unvalidated,2024010489329,2024,010489329,4,9,0,3,3,7,0,1,0,0,0,0,3,1,6,2,52,8,-1,-1,-1,-1,10,1,E01001533,0
Unvalidated,2024010489333,2024,010489333,1,19,0,18,3,7,0,0,0,0,0,0,3,1,6,1,34,6,-1,-1,-1,-1,3,1,E01000403,0
Unvalidated,2024010489333,2024,010489333,2,9,0,18,3,7,0,0,0,0,0,0,4,1,6,1,34,6,-1,-1,-1,-1,4,1,E01003666,0
Unvalidated,2024010489333,2024,010489333,3,9,0,18,3,7,0,0,0,0,0,0,4,1,6,1,29,6,-1,-1,-1,-1,4,1,E01003666,0
Unvalidated,2024010489340,2024,010489340,1,19,0,9,5,3,0,8,0,0,0,0,1,1,1,1,40,7,-1,-1,-1,-1,2,1,E01001487,0
Unvalidated,2024010489340,2024,010489340,2,1,0,18,1,5,0,8,1,0,0,0,1,1,1,1,30,6,-1,-1,-1,-1,2,1,E01000863,0
Unvalidated,2024010489343,2024,010489343,1,9,9,99,9,9,99,9,9,99,9,99,1,9,6,3,-1,-1,-1,-1,-1,-1,-1,-1,-1,0
Unvalidated,2024010489345,2024,010489345,1,3,9,99,9,9,99,9,9,99,9,99,9,1,6,1,25,5,-1,-1,-1,-1,7,1,E01003709,0
Unvalidated,2024010489345,2024,010489345,2,9,9,99,9,9,99,9,9,99,9,99,9,9,6,3,-1,-1,-1,-1,-1,-1,-1,-1,-1,0
Unvalidated,2024010489352,2024,010489352,1,9,0,7,1,4,0,1,0,0,0,0,4,1,2,1,32,6,-1,-1,-1,-1,3,1,E01000081,0
Unvalidated,2024010489352,2024,010489352,2,4,0,18,2,6,2,1,0,0,0,0,3,1,2,1,54,8,-1,-1,-1,-1,6,1,E01001341,0
Unvalidated,2024010489353,2024,010489353,1,3,0,18,1,5,0,8,0,0,0,0,2,1,1,1,30,6,-1,-1,-1,-1,6,1,E01015961,0
Unvalidated,2024010489353,2024,010489353,2,9,0,5,1,5,0,8,0,0,0,0,1,1,2,1,23,5,-1,-1,-1,-1,3,1,E01003602,0
Unvalidated,2024010489354,2024,010489354,1,9,0,99,9,9,99,9,9,99,9,99,2,9,2,2,37,7,-1,-1,-1,-1,4,1,E01017581,0
Unvalidated,2024010489354,2024,010489354,2,19,0,99,9,9,99,9,9,99,9,99,1,9,6,3,32,6,-1,-1,-1,-1,-1,-1,-1,0
Unvalidated,2024010489358,2024,010489358,1,3,0,99,9,9,99,0,9,99,9,99,1,1,6,1,22,5,-1,-1,-1,-1,3,1,E01003989,0
Unvalidated,2024010489358,2024,010489358,2,9,0,99,9,9,99,0,9,99,9,99,9,9,6,3,-1,-1,-1,-1,-1,-1,-1,-1,-1,0
Unvalidated,2024010489360,2024,010489360,1,3,0,99,9,9,99,9,9,99,9,99,1,1,6,1,27,6,-1,-1,-1,-1,7,3,E01030583,0
Unvalidated,2024010489360,2024,010489360,2,9,0,99,9,9,99,9,9,99,9,99,9,9,6,3,-1,-1,-1,-1,-1,-1,-1,-1,-1,0
Unvalidated,2024010489369,2024,010489369,1,9,0,18,1,5,0,1,0,0,0,0,4,1,2,2,45,7,-1,-1,-1,-1,7,1,E01004149,0
Unvalidated,2024010489369,2024,010489369,2,9,0,7,7,1,0,6,0,0,0,0,1,1,1,1,51,8,-1,-1,-1,-1,8,1,E01004158,0
Unvalidated,2024010489372,2024,010489372,1,9,0,16,7,3,0,7,1,0,4,0,1,1,6,2,52,8,-1,-1,-1,-1,8,1,E01000447,0
Unvalidated,2024010489374,2024,010489374,1,19,0,18,7,3,0,0,0,0,0,0,1,1,6,3,-1,-1,-1,-1,-1,-1,-1,-1,-1,0
Unvalidated,2024010489378,2024,010489378,1,9,0,99,9,9,99,9,9,99,9,99,1,9,6,2,25,5,-1,-1,-1,-1,2,1,E01000533,0
Unvalidated,2024010489378,2024,010489378,2,1,9,99,9,9,99,9,9,99,9,99,1,1,6,3,-1,-1,-1,-1,-1,-1,-1,-1,-1,0
Unvalidated,2024010489380,2024,010489380,1,1,9,99,9,9,99,9,9,8,9,99,1,1,2,1,32,6,-1,-1,-1,-1,8,1,E01003895,0
Unvalidated,2024010489380,2024,010489380,2,9,0,99,9,9,99,9,9,99,9,99,9,9,6,1,35,6,-1,-1,-1,-1,9,1,E01006393,0
Unvalidated,2024010489382,2024,010489382,1,9,0,18,3,7,0,0,0,0,0,0,1,1,2,2,39,7,-1,-1,-1,-1,7,1,E01002683,0
Unvalidated,2024010489382,2024,010489382,2,1,0,18,7,3,0,0,0,0,0,0,2,1,2,1,29,6,-1,-1,-1,-1,6,1,E01002565,0
Unvalidated,2024010489382,2024,010489382,3,9,0,2,0,0,0,0,0,0,0,0,1,1,6,3,-1,-1,-1,-1,-1,-1,-1,-1,-1,0
Unvalidated,2024010489385,2024,010489385,1,3,0,99,9,9,99,9,9,99,9,99,1,1,6,1,33,6,-1,-1,-1,-1,2,1,E01000626,0
Unvalidated,2024010489385,2024,010489385,2,9,0,99,9,9,99,9,9,99,9,99,9,9,6,3,-1,-1,-1,-1,-1,-1,-1,-1,-1,0
Unvalidated,2024010489386,2024,010489386,1,3,0,99,9,9,99,9,9,99,9,99,9,1,2,3,39,7,-1,-1,-1,-1,8,1,E01003795,0
Unvalidated,2024010489386,2024,010489386,2,9,0,99,9,9,99,9,9,99,9,99,9,9,6,3,-1,-1,-1,-1,-1,-1,-1,-1,-1,0
Unvalidated,2024010489389,2024,010489389,1,9,0,99,9,9,0,9,0,0,0,0,9,9,6,1,-1,-1,-1,-1,-1,-1,2,1,E01003601,0
Unvalidated,2024010489390,2024,010489390,1,9,0,99,9,9,99,9,9,99,9,99,1,9,6,3,-1,-1,-1,-1,-1,-1,-1,-1,-1,0
Unvalidated,2024010489391,2024,010489391,1,9,0,3,1,5,0,1,0,0,0,0,1,1,6,3,-1,-1,-1,-1,-1,-1,-1,-1,-1,0
Unvalidated,2024010489391,2024,010489391,2,1,0,10,5,3,0,1,0,0,0,0,1,1,2,1,40,7,-1,-1,-1,-1,4,1,E01004366,0
Unvalidated,2024010489396,2024,010489396,1,19,0,9,1,6,4,5,0,0,0,0,1,2,1,1,38,7,-1,-1,-1,-1,3,1,E01003536,0
Unvalidated,2024010489396,2024,010489396,2,1,0,18,5,1,4,1,0,0,0,0,1,1,2,1,31,6,-1,-1,-1,-1,8,1,E01004557,0
Unvalidated,2024010489397,2024,010489397,1,9,0,99,9,9,99,9,9,99,9,99,2,9,1,2,27,6,-1,-1,-1,-1,-1,-1,-1,0
Unvalidated,2024010489397,2024,010489397,2,9,0,99,9,9,99,9,9,99,9,99,2,9,6,3,-1,-1,-1,-1,-1,-1,2,1,E01003601,0
Unvalidated,2024010489397,2024,010489397,3,9,0,99,9,9,99,9,9,99,9,99,1,9,6,3,-1,-1,-1,-1,-1,-1,-1,-1,-1,0
Unvalidated,2024010489398,2024,010489398,1,9,0,18,5,1,0,4,0,0,0,0,1,1,2,1,31,6,-1,-1,-1,-1,9,1,E01033569,0
Unvalidated,2024010489398,2024,010489398,2,9,0,18,5,1,0,4,0,0,0,0,4,1,2,1,53,8,-1,-1,-1,-1,4,1,E01001855,0
Unvalidated,2024010489401,2024,010489401,1,1,9,99,9,9,99,9,9,99,9,99,2,1,2,2,28,6,-1,-1,-1,-1,3,1,E01004425,0
Unvalidated,2024010489401,2024,010489401,2,9,0,99,9,9,99,9,9,99,9,99,1,9,6,2,28,6,-1,-1,-1,-1,2,1,E01004402,0
Unvalidated,2024010489402,2024,010489402,1,9,0,99,9,9,0,9,9,99,9,99,2,9,6,2,53,8,-1,-1,-1,-1,3,1,E01001546,0
Unvalidated,2024010489402,2024,010489402,2,8,0,99,9,9,0,9,9,99,9,99,2,9,6,3,-1,-1,-1,-1,-1,-1,-1,-1,-1,0