status,collision_index,collision_year,collision_reference,vehicle_reference,vehicle_type,towing_and_articulation,vehicle_manoeuvre,vehicle_direction_from,vehicle_direction_to,vehicle_location_restricted_lane,junction_location,skidding_and_overturning,hit_object_in_carriageway,vehicle_leaving_carriageway,hit_object_off_carriageway,first_point_of_impact,vehicle_left_hand_drive,journey_purpose_of_driver,sex_of_driver,age_of_driver,age_band_of_driver,engine_capacity_cc,propulsion_code,age_of_vehicle,generic_make_model,driver_imd_decile,driver_home_area_type,lsoa_of_driver,escooter_flag
Unvalidated,2024010489404,2024,010489404,1,9,0,18,1,5,0,8,0,0,0,0,1,1,6,1,62,9,-1,-1,-1,-1,5,1,E01000530,0
Unvalidated,2024010489404,2024,010489404,2,3,0,18,3,7,0,8,0,0,0,0,3,1,1,1,26,6,-1,-1,-1,-1,1,1,E01000643,0
Unvalidated,2024010489408,2024,010489408,1,19,0,10,7,6,0,1,0,0,0,0,3,1,1,1,35,6,-1,-1,-1,-1,4,1,E01002103,0
Unvalidated,2024010489408,2024,010489408,2,3,0,13,7,3,0,1,0,0,0,0,1,1,1,1,22,5,-1,-1,-1,-1,8,1,E01004507,0
Unvalidated,2024010489413,2024,010489413,1,9,0,4,5,1,0,1,0,0,0,0,3,1,2,2,20,4,-1,-1,-1,-1,-1,-1,-1,0
Unvalidated,2024010489415,2024,010489415,1,11,0,14,5,1,2,0,0,0,0,0,1,1,1,1,54,8,-1,-1,-1,-1,6,1,E01032567,0
Unvalidated,2024010489419,2024,010489419,1,8,0,3,5,1,0,0,0,0,0,0,2,1,2,1,36,7,-1,-1,-1,-1,9,1,E01030854,0
Unvalidated,2024010489419,2024,010489419,2,9,0,18,5,1,0,0,0,0,0,0,1,1,6,2,24,5,-1,-1,-1,-1,2,1,E01001193,0
Unvalidated,2024010489420,2024,010489420,1,1,9,99,9,9,99,9,9,99,9,99,9,1,2,1,41,7,-1,-1,-1,-1,7,1,E01001657,0
Unvalidated,2024010489420,2024,010489420,2,9,0,99,9,9,99,9,9,99,9,99,1,9,6,3,41,7,-1,-1,-1,-1,2,1,E01003304,0
Unvalidated,2024010489427,2024,010489427,1,9,0,99,9,9,99,9,9,99,9,99,9,9,6,1,34,6,-1,-1,-1,-1,3,1,E01000742,0
Unvalidated,2024010489427,2024,010489427,2,9,0,99,9,9,99,9,9,99,9,99,1,9,6,3,-1,-1,-1,-1,-1,-1,-1,-1,-1,0
Unvalidated,2024010489430,2024,010489430,1,9,0,18,5,1,0,1,0,0,0,0,1,1,6,1,59,9,-1,-1,-1,-1,4,1,E01003231,0
Unvalidated,2024010489430,2024,010489430,2,9,0,10,1,7,0,4,0,0,0,0,1,1,6,1,53,8,-1,-1,-1,-1,2,1,E01032565,0
Unvalidated,2024010489434,2024,010489434,1,1,9,99,9,9,99,9,9,99,9,99,1,1,2,1,35,6,-1,-1,-1,-1,7,1,E01002972,0
Unvalidated,2024010489434,2024,010489434,2,19,0,99,9,9,99,9,9,99,9,99,9,9,6,1,24,5,-1,-1,-1,-1,7,1,E01002998,0
Unvalidated,2024010489437,2024,010489437,1,9,0,4,3,7,0,1,0,0,0,0,1,1,6,2,25,5,-1,-1,-1,-1,3,1,E01002405,0
Unvalidated,2024010489437,2024,010489437,2,9,0,14,5,1,0,1,0,0,0,0,1,1,6,2,43,7,-1,-1,-1,-1,3,1,E01002404,0
Unvalidated,2024010489439,2024,010489439,1,3,0,99,9,9,99,9,9,99,9,99,2,1,1,1,32,6,-1,-1,-1,-1,3,1,E01000052,0
Unvalidated,2024010489439,2024,010489439,2,9,0,99,9,9,99,9,9,99,9,99,1,9,6,3,-1,-1,-1,-1,-1,-1,-1,-1,-1,0
Unvalidated,2024010489443,2024,010489443,1,9,0,18,6,2,0,1,0,0,0,0,1,1,6,2,76,11,-1,-1,-1,-1,9,1,E01000199,0
Unvalidated,2024010489445,2024,010489445,1,3,0,99,9,9,99,1,9,99,9,99,1,1,6,1,29,6,-1,-1,-1,-1,8,1,E01000874,0
Unvalidated,2024010489445,2024,010489445,2,9,0,99,9,9,99,6,9,99,9,99,0,9,6,3,-1,-1,-1,-1,-1,-1,-1,-1,-1,0
Unvalidated,2024010489446,2024,010489446,1,3,0,99,9,9,99,9,9,99,9,99,9,1,6,1,28,6,-1,-1,-1,-1,4,1,E01001180,0
Unvalidated,2024010489446,2024,010489446,2,9,0,99,9,9,99,9,9,99,9,99,9,9,6,3,-1,-1,-1,-1,-1,-1,-1,-1,-1,0
Unvalidated,2024010489449,2024,010489449,1,11,1,5,2,6,0,0,0,0,0,0,4,1,6,1,38,7,-1,-1,-1,-1,2,1,E01004295,0
Unvalidated,2024010489449,2024,010489449,2,1,0,5,2,6,0,0,0,0,0,0,4,1,6,1,41,7,-1,-1,-1,-1,2,1,E01004238,0
Unvalidated,2024010489454,2024,010489454,1,9,0,10,1,6,0,8,0,0,0,0,1,1,6,1,31,6,-1,-1,-1,-1,2,1,E01001894,0
Unvalidated,2024010489454,2024,010489454,2,9,0,3,1,5,0,8,0,0,0,0,2,1,6,1,49,8,-1,-1,-1,-1,2,1,E01004711,0
Unvalidated,2024010489458,2024,010489458,1,9,0,99,9,9,0,1,0,0,0,0,1,1,6,3,-1,-1,-1,-1,-1,-1,-1,-1,-1,0
Unvalidated,2024010489460,2024,010489460,1,5,0,99,9,9,99,9,9,99,9,99,1,1,1,1,40,7,-1,-1,-1,-1,5,1,E01000488,0
Unvalidated,2024010489460,2024,010489460,2,9,0,99,9,9,99,9,9,99,9,99,2,9,6,1,48,8,-1,-1,-1,-1,7,2,E01026979,0
Unvalidated,2024010489463,2024,010489463,1,1,9,99,9,9,99,9,9,99,9,99,9,1,6,3,-1,-1,-1,-1,-1,-1,-1,-1,-1,0
Unvalidated,2024010489464,2024,010489464,1,4,0,4,1,5,0,1,0,0,0,0,3,1,2,1,52,8,-1,-1,-1,-1,2,1,E01001112,0
Unvalidated,2024010489468,2024,010489468,1,9,0,99,9,9,0,0,0,0,0,0,9,1,6,3,-1,-1,-1,-1,-1,-1,-1,-1,-1,0
Unvalidated,2024010489475,2024,010489475,1,9,0,9,4,2,7,5,0,0,0,0,1,1,6,1,47,8,-1,-1,-1,-1,6,1,E01000332,0
Unvalidated,2024010489476,2024,010489476,1,9,0,9,4,2,0,5,0,0,0,0,3,1,1,2,42,7,-1,-1,-1,-1,3,1,E01003431,0
Unvalidated,2024010489476,2024,010489476,2,3,0,14,6,2,0,1,0,0,0,0,4,1,6,1,18,4,-1,-1,-1,-1,3,1,E01001045,0
Unvalidated,2024010489483,2024,010489483,1,9,0,99,9,9,99,9,9,99,9,99,2,9,6,1,42,7,-1,-1,-1,-1,9,1,E01003381,0
Unvalidated,2024010489484,2024,010489484,1,5,0,5,7,3,0,0,1,0,0,0,0,1,6,1,44,7,-1,-1,-1,-1,7,1,E01000326,0
Unvalidated,2024010489487,2024,010489487,1,11,0,18,1,5,0,1,0,0,0,0,0,1,1,1,52,8,-1,-1,-1,-1,5,1,E01000975,0
Unvalidated,2024010489487,2024,010489487,2,9,0,7,3,6,0,1,0,0,0,0,0,1,6,3,-1,-1,-1,-1,-1,-1,-1,-1,-1,0
Unvalidated,2024010489490,2024,010489490,1,9,0,18,3,7,0,3,0,0,0,0,1,1,6,3,-1,-1,-1,-1,-1,-1,-1,-1,-1,0
Unvalidated,2024010489492,2024,010489492,1,1,0,18,5,1,5,0,0,0,0,0,1,1,2,2,37,7,-1,-1,-1,-1,10,1,E01016586,0
Unvalidated,2024010489492,2024,010489492,2,1,0,18,1,5,5,0,0,0,0,0,1,1,6,1,-1,-1,-1,-1,-1,-1,-1,-1,-1,0
Unvalidated,2024010489495,2024,010489495,1,1,0,18,1,5,9,0,0,0,0,0,1,1,2,1,33,6,-1,-1,-1,-1,4,1,E01004612,0
Unvalidated,2024010489498,2024,010489498,1,11,0,5,0,1,0,1,0,0,0,0,0,1,1,1,54,8,-1,-1,-1,-1,2,1,E01004014,0
Unvalidated,2024010489501,2024,010489501,1,9,0,9,1,7,0,6,0,0,1,0,1,1,6,2,68,10,-1,-1,-1,-1,3,1,E01001969,0
Unvalidated,2024010489501,2024,010489501,2,3,0,3,7,3,0,1,0,0,0,0,2,1,1,2,40,7,-1,-1,-1,-1,3,1,E01002100,0
Unvalidated,2024010489501,2024,010489501,3,9,0,2,0,0,6,2,0,0,7,2,4,1,6,3,-1,-1,-1,-1,-1,-1,-1,-1,-1,0
Unvalidated,2024010489502,2024,010489502,1,9,0,99,9,9,99,9,9,99,9,99,1,9,6,1,41,7,-1,-1,-1,-1,3,1,E01001311,0
Unvalidated,2024010489505,2024,010489505,1,11,0,4,1,5,0,0,0,0,0,0,0,1,1,1,54,8,-1,-1,-1,-1,1,1,E01001955,0
Unvalidated,2024010489511,2024,010489511,1,3,0,18,7,3,0,2,0,0,0,0,1,1,6,3,-1,-1,-1,-1,-1,-1,-1,-1,-1,0
Unvalidated,2024010489516,2024,010489516,1,3,0,3,3,7,0,1,1,0,0,0,2,1,1,1,28,6,-1,-1,-1,-1,2,1,E01003576,0
Unvalidated,2024010489516,2024,010489516,2,8,0,3,3,7,0,1,0,0,0,0,2,1,6,1,55,8,-1,-1,-1,-1,9,1,E01003648,0
Unvalidated,2024010489517,2024,010489517,1,9,0,99,9,9,99,9,9,99,9,99,9,9,6,2,27,6,-1,-1,-1,-1,2,1,E01000025,0
Unvalidated,2024010489519,2024,010489519,1,5,0,3,5,1,0,0,0,0,0,0,4,1,6,1,42,7,-1,-1,-1,-1,7,1,E01002377,0
Unvalidated,2024010489519,2024,010489519,2,9,0,5,5,1,0,0,0,99,0,0,1,9,6,3,-1,-1,-1,-1,-1,-1,-1,-1,-1,0
Unvalidated,2024010489521,2024,010489521,1,9,0,18,1,5,0,6,0,0,0,0,1,1,6,3,-1,-1,-1,-1,-1,-1,-1,-1,-1,0
Unvalidated,2024010489529,2024,010489529,1,3,0,18,2,6,0,0,0,0,0,0,1,1,2,1,33,6,-1,-1,-1,-1,1,1,E01003511,0
Unvalidated,2024010489529,2024,010489529,2,9,0,2,0,0,0,0,0,0,0,0,0,1,6,3,-1,-1,-1,-1,-1,-1,-1,-1,-1,0
Unvalidated,2024010489537,2024,010489537,1,9,0,9,3,1,0,2,0,0,0,0,1,1,6,1,37,7,-1,-1,-1,-1,9,1,E01002116,0
Unvalidated,2024010489537,2024,010489537,2,3,0,14,1,5,0,1,0,0,0,0,1,1,6,1,21,5,-1,-1,-1,-1,5,1,E01023529,0
Unvalidated,2024010489544,2024,010489544,1,3,0,99,9,9,99,9,9,99,9,99,2,1,1,2,44,7,-1,-1,-1,-1,5,1,E01003495,0
Unvalidated,2024010489544,2024,010489544,2,9,9,99,9,9,99,9,9,99,9,99,9,9,6,3,-1,-1,-1,-1,-1,-1,-1,-1,-1,0
Unvalidated,2024010489547,2024,010489547,1,3,0,99,9,9,99,9,9,99,9,99,9,1,1,1,27,6,-1,-1,-1,-1,3,1,E01000644,0
Unvalidated,2024010489547,2024,010489547,2,9,9,99,9,9,99,9,9,99,9,99,9,9,6,3,-1,-1,-1,-1,-1,-1,-1,-1,-1,0
Unvalidated,2024010489551,2024,010489551,1,1,9,99,9,9,99,9,9,99,9,99,9,1,2,1,33,6,-1,-1,-1,-1,6,1,E01004476,0
Unvalidated,2024010489551,2024,010489551,2,9,0,99,9,9,99,9,9,99,9,99,1,9,6,1,52,8,-1,-1,-1,-1,10,1,E01016188,0
Unvalidated,2024010489554,2024,010489554,1,9,0,99,9,9,99,9,9,99,9,99,1,9,6,3,-1,-1,-1,-1,-1,-1,-1,-1,-1,0
Unvalidated,2024010489560,2024,010489560,1,9,0,99,9,9,99,0,9,99,9,99,9,9,6,3,-1,-1,-1,-1,-1,-1,-1,-1,-1,0
Unvalidated,2024010489561,2024,010489561,1,3,0,99,9,9,99,0,9,99,9,99,1,9,2,1,39,7,-1,-1,-1,-1,4,1,E01033727,0
Unvalidated,2024010489561,2024,010489561,2,9,0,99,9,9,99,0,9,99,9,99,9,9,6,3,-1,-1,-1,-1,-1,-1,-1,-1,-1,0
Unvalidated,2024010489562,2024,010489562,1,1,9,99,9,9,99,9,9,99,9,99,2,1,6,1,31,6,-1,-1,-1,-1,2,1,E01004252,0
Unvalidated,2024010489562,2024,010489562,2,9,0,99,9,9,99,9,9,99,9,99,1,9,6,3,-1,-1,-1,-1,-1,-1,2,1,E01004231,0
Unvalidated,2024010489567,2024,010489567,1,3,0,99,9,9,99,1,9,99,9,99,1,1,6,1,21,5,-1,-1,-1,-1,3,1,E01015701,0
Unvalidated,2024010489567,2024,010489567,2,9,0,99,9,9,99,6,9,99,9,99,9,9,6,3,-1,-1,-1,-1,-1,-1,-1,-1,-1,0
Unvalidated,2024010489568,2024,010489568,1,9,0,18,2,6,0,1,0,0,0,0,4,1,2,1,47,8,-1,-1,-1,-1,3,1,E01000511,0
Unvalidated,2024010489581,2024,010489581,1,19,0,5,5,1,0,1,0,0,0,0,4,1,6,3,-1,-1,-1,-1,-1,-1,-1,-1,-1,0
Unvalidated,2024010489581,2024,010489581,2,1,0,5,5,1,0,1,0,0,1,0,4,1,6,1,29,6,-1,-1,-1,-1,6,1,E01001937,0
Unvalidated,2024010489585,2024,010489585,1,9,0,18,3,7,0,0,0,0,0,0,3,1,2,1,64,9,-1,-1,-1,-1,5,1,E01002636,0
Unvalidated,2024010489587,2024,010489587,1,9,0,18,7,3,0,0,5,10,0,0,1,1,2,2,64,9,-1,-1,-1,-1,8,1,E01000989,0
Unvalidated,2024010489588,2024,010489588,1,3,0,5,1,5,0,1,0,0,0,0,1,1,2,2,58,9,-1,-1,-1,-1,1,1,E01002069,0
Unvalidated,2024010489588,2024,010489588,2,9,0,4,1,5,0,7,0,0,0,0,2,1,6,3,-1,-1,-1,-1,-1,-1,-1,-1,-1,0
Unvalidated,2024010489592,2024,010489592,1,3,0,99,9,9,99,9,9,99,9,99,9,1,6,3,37,7,-1,-1,-1,-1,3,1,E01003105,0
Unvalidated,2024010489592,2024,010489592,2,9,0,99,9,9,99,9,9,99,9,99,9,9,6,3,-1,-1,-1,-1,-1,-1,-1,-1,-1,0
Unvalidated,2024010489597,2024,010489597,1,9,0,10,2,8,0,6,0,0,0,0,3,1,6,2,57,9,-1,-1,-1,-1,7,1,E01000362,0
Unvalidated,2024010489597,2024,010489597,2,1,0,18,2,6,0,1,0,0,1,0,3,1,6,1,38,7,-1,-1,-1,-1,7,1,E01000391,0
Unvalidated,2024010489602,2024,010489602,1,9,0,99,9,9,99,9,9,99,9,99,1,9,1,1,34,6,-1,-1,-1,-1,3,1,E01003625,0
Unvalidated,2024010489602,2024,010489602,2,19,0,99,9,9,99,9,9,99,9,99,9,9,6,3,-1,-1,-1,-1,-1,-1,6,1,E01000414,0
Unvalidated,2024010489603,2024,010489603,1,3,0,99,9,9,99,9,9,99,9,99,9,1,1,1,30,6,-1,-1,-1,-1,2,1,E01001487,0
Unvalidated,2024010489603,2024,010489603,2,9,9,99,9,9,99,9,9,99,9,99,9,9,6,3,-1,-1,-1,-1,-1,-1,-1,-1,-1,0
Unvalidated,2024010489604,2024,010489604,1,9,0,18,2,6,0,1,0,0,0,0,1,1,2,1,43,7,-1,-1,-1,-1,10,1,E01021751,0
Unvalidated,2024010489611,2024,010489611,1,3,0,99,9,9,99,9,9,99,9,99,9,1,1,1,35,6,-1,-1,-1,-1,2,1,E01001980,0
Unvalidated,2024010489611,2024,010489611,2,9,0,99,9,9,99,9,9,99,9,99,9,9,6,3,-1,-1,-1,-1,-1,-1,-1,-1,-1,0
Unvalidated,2024010489621,2024,010489621,1,19,0,9,3,2,0,2,0,0,0,0,4,1,1,1,30,6,-1,-1,-1,-1,7,1,E01003407,0
Unvalidated,2024010489621,2024,010489621,2,5,0,18,7,3,0,1,5,0,0,0,1,1,2,1,50,8,-1,-1,-1,-1,7,1,E01004635,0
Unvalidated,2024010489623,2024,010489623,1,9,0,13,5,1,0,1,5,7,7,0,1,2,6,1,20,4,-1,-1,-1,-1,6,1,E01021794,0
Unvalidated,2024010489634,2024,010489634,1,3,9,99,9,9,99,9,9,99,9,99,9,1,1,2,25,5,-1,-1,-1,-1,3,1,E01001808,0
Unvalidated,2024010489634,2024,010489634,2,9,9,99,9,9,99,9,9,99,9,99,1,9,6,3,-1,-1,-1,-1,-1,-1,-1,-1,-1,0
Unvalidated,2024010489635,2024,010489635,1,9,9,13,5,1,99,0,9,99,0,0,9,9,6,3,-1,-1,-1,-1,-1,-1,-1,-1,-1,0
Unvalidated,2024010489635,2024,010489635,2,1,9,99,9,9,99,0,9,99,0,0,9,1,6,1,38,7,-1,-1,-1,-1,5,1,E01002410,0
Unvalidated,2024010489636,2024,010489636,1,9,0,99,9,9,99,0,9,99,9,99,2,9,6,1,40,7,-1,-1,-1,-1,9,1,E01015939,0
Unvalidated,2024010489636,2024,010489636,2,9,0,99,9,9,99,0,9,99,9,99,1,9,6,3,-1,-1,-1,-1,-1,-1,-1,-1,-1,0
Unvalidated,2024010489640,2024,010489640,1,3,0,99,9,9,99,9,9,99,9,99,1,1,2,1,34,6,-1,-1,-1,-1,5,1,E01015435,0
Unvalidated,2024010489640,2024,010489640,2,9,0,99,9,9,99,9,9,99,9,99,2,9,6,1,-1,-1,-1,-1,-1,-1,-1,-1,-1,0
Unvalidated,2024010489648,2024,010489648,1,9,0,7,5,7,0,6,0,0,0,0,4,1,6,3,-1,-1,-1,-1,-1,-1,-1,-1,-1,0
Unvalidated,2024010489653,2024,010489653,1,3,9,99,9,9,99,2,9,99,9,99,9,1,6,1,55,8,-1,-1,-1,-1,5,1,E01023791,0
Unvalidated,2024010489653,2024,010489653,2,9,9,99,9,9,99,6,9,99,9,99,9,9,6,3,-1,-1,-1,-1,-1,-1,-1,-1,-1,0
Unvalidated,2024010489654,2024,010489654,1,3,0,99,9,9,99,9,9,99,9,99,9,1,1,2,35,6,-1,-1,-1,-1,5,1,E01033577,0
Unvalidated,2024010489654,2024,010489654,2,9,0,99,9,9,99,9,9,99,9,99,1,9,6,3,-1,-1,-1,-1,-1,-1,3,1,E01002772,0
Unvalidated,2024010489663,2024,010489663,1,9,9,99,9,9,99,0,9,99,9,99,9,9,6,3,-1,-1,-1,-1,-1,-1,-1,-1,-1,0
Unvalidated,2024010489664,2024,010489664,1,1,9,99,9,9,99,9,9,99,9,99,2,1,6,1,26,6,-1,-1,-1,-1,2,1,E01003578,0
Unvalidated,2024010489665,2024,010489665,1,10,0,99,9,9,99,9,9,99,9,99,9,9,6,3,-1,-1,-1,-1,-1,-1,-1,-1,-1,0
Unvalidated,2024010489667,2024,010489667,1,1,9,99,9,9,99,9,9,99,9,99,1,1,2,1,42,7,-1,-1,-1,-1,9,1,E01002967,0
Unvalidated,2024010489667,2024,010489667,2,8,0,99,9,9,99,9,9,99,9,99,9,1,6,3,-1,-1,-1,-1,-1,-1,-1,-1,-1,0
Unvalidated,2024010489668,2024,010489668,1,19,0,9,7,5,0,2,0,0,0,0,1,1,2,1,44,7,-1,-1,-1,-1,2,1,E01004341,0
Unvalidated,2024010489668,2024,010489668,2,1,0,18,5,1,0,1,5,0,0,0,3,1,6,1,27,6,-1,-1,-1,-1,3,1,E01002100,0
Unvalidated,2024010489669,2024,010489669,1,9,0,99,9,9,99,9,9,99,9,99,9,9,6,3,-1,-1,-1,-1,-1,-1,-1,-1,-1,0
Unvalidated,2024010489671,2024,010489671,1,19,9,18,1,5,0,8,0,0,0,0,9,9,1,1,35,6,-1,-1,-1,-1,10,1,E01023894,0
Unvalidated,2024010489671,2024,010489671,2,9,0,99,9,9,0,1,0,0,0,0,2,9,6,3,-1,-1,-1,-1,-1,-1,-1,-1,-1,0
Unvalidated,2024010489674,2024,010489674,1,9,0,99,9,9,99,9,9,99,9,99,0,9,6,2,40,7,-1,-1,-1,-1,4,1,E01000932,0
Unvalidated,2024010489681,2024,010489681,1,9,0,99,9,9,99,9,9,99,9,99,2,9,6,2,46,8,-1,-1,-1,-1,3,1,E01024149,0
Unvalidated,2024010489681,2024,010489681,2,9,9,99,9,9,99,9,9,99,9,99,9,9,6,2,20,4,-1,-1,-1,-1,8,1,E01000366,0
Unvalidated,2024010489683,2024,010489683,1,9,0,18,8,4,0,0,0,0,0,0,1,1,6,3,-1,-1,-1,-1,-1,-1,-1,-1,-1,0
Unvalidated,2024010489683,2024,010489683,2,1,0,4,8,4,0,0,0,0,0,0,0,1,2,1,33,6,-1,-1,-1,-1,2,1,E01003964,0
Unvalidated,2024010489686,2024,010489686,1,9,0,9,5,4,0,5,0,0,0,0,1,1,2,1,62,9,-1,-1,-1,-1,10,1,E01004190,0
Unvalidated,2024010489688,2024,010489688,1,9,0,18,4,8,0,0,5,0,1,7,3,1,6,1,24,5,-1,-1,-1,-1,2,1,E01002368,0
Unvalidated,2024010489688,2024,010489688,2,9,4,18,4,8,0,0,0,0,0,0,4,1,1,1,30,6,-1,-1,-1,-1,9,1,E01015941,0
Unvalidated,2024010489692,2024,010489692,1,97,0,18,1,5,0,2,0,0,0,0,1,1,6,3,-1,-1,-1,-1,-1,-1,-1,-1,-1,0
Unvalidated,2024010489695,2024,010489695,1,9,0,99,9,9,99,9,9,99,9,99,2,9,2,2,32,6,-1,-1,-1,-1,3,1,E01002548,0
Unvalidated,2024010489695,2024,010489695,2,9,0,99,9,9,99,9,9,99,9,99,1,9,6,1,-1,-1,-1,-1,-1,-1,-1,-1,-1,0
Unvalidated,2024010489696,2024,010489696,1,1,9,99,9,9,99,1,9,99,9,0,9,1,2,1,47,8,-1,-1,-1,-1,4,1,E01001903,0
Unvalidated,2024010489696,2024,010489696,2,19,9,99,9,9,99,6,0,99,9,99,9,9,6,1,-1,-1,-1,-1,-1,-1,-1,-1,-1,0
Unvalidated,2024010489697,2024,010489697,1,9,0,9,5,4,0,8,0,0,0,0,1,1,6,2,36,7,-1,-1,-1,-1,4,1,E01024293,0
Unvalidated,2024010489697,2024,010489697,2,9,0,18,2,6,0,8,0,0,0,0,1,1,6,2,52,8,-1,-1,-1,-1,8,1,E01000823,0
Unvalidated,2024010489698,2024,010489698,1,9,0,18,3,7,0,1,0,0,0,0,1,1,6,2,44,7,-1,-1,-1,-1,5,1,E01002456,0
Unvalidated,2024010489700,2024,010489700,1,11,0,5,5,1,0,1,0,0,0,0,0,1,1,2,54,8,-1,-1,-1,-1,3,1,E01032785,0
Unvalidated,2024010489701,2024,010489701,1,9,0,99,9,9,99,0,9,99,9,99,9,9,6,3,-1,-1,-1,-1,-1,-1,-1,-1,-1,0
Unvalidated,2024010489706,2024,010489706,1,9,9,18,1,5,99,9,9,99,9,99,9,1,6,1,65,9,-1,-1,-1,-1,2,1,E01001746,0
Unvalidated,2024010489707,2024,010489707,1,1,9,99,9,9,99,9,9,99,9,99,9,1,2,1,31,6,-1,-1,-1,-1,10,1,E01017610,0
Unvalidated,2024010489707,2024,010489707,2,8,0,99,9,9,99,9,9,99,9,99,9,9,6,1,49,8,-1,-1,-1,-1,6,1,E01000942,0
Unvalidated,2024010489711,2024,010489711,1,1,9,99,9,9,99,9,9,99,9,99,1,1,6,1,28,6,-1,-1,-1,-1,4,1,E01000932,0
Unvalidated,2024010489711,2024,010489711,2,19,0,99,9,9,99,9,9,99,9,99,2,9,6,3,-1,-1,-1,-1,-1,-1,-1,-1,-1,0
Unvalidated,2024010489715,2024,010489715,1,9,0,2,0,0,0,2,0,4,0,0,3,1,6,3,-1,-1,-1,-1,-1,-1,-1,-1,-1,0
Unvalidated,2024010489715,2024,010489715,2,9,0,14,7,3,0,6,0,4,0,0,1,1,6,1,34,6,-1,-1,-1,-1,-1,-1,-1,0
Unvalidated,2024010489718,2024,010489718,1,9,0,9,3,1,0,5,0,0,0,0,2,1,6,1,43,7,-1,-1,-1,-1,2,1,E01016480,0
Unvalidated,2024010489718,2024,010489718,2,9,0,18,3,7,0,1,0,0,0,0,1,1,6,1,41,7,-1,-1,-1,-1,8,1,E01033724,0
Unvalidated,2024010489720,2024,010489720,1,19,0,18,8,4,0,2,0,0,0,0,1,1,1,1,75,10,-1,-1,-1,-1,1,1,E01000868,0
Unvalidated,2024010489723,2024,010489723,1,8,0,99,9,9,99,9,9,99,9,99,9,9,1,1,51,8,-1,-1,-1,-1,9,1,E01001454,0
Unvalidated,2024010489723,2024,010489723,2,9,0,99,9,9,99,9,9,99,9,99,1,9,6,1,46,8,-1,-1,-1,-1,1,1,E01002720,0
Unvalidated,2024010489725,2024,010489725,1,9,0,18,3,7,0,1,0,0,0,0,1,1,1,1,39,7,-1,-1,-1,-1,3,1,E01004259,0
Unvalidated,2024010489725,2024,010489725,2,1,0,9,4,1,0,1,0,0,0,0,3,1,6,1,37,7,-1,-1,-1,-1,3,1,E01004203,0
Unvalidated,2024010489726,2024,010489726,1,9,0,99,9,9,99,9,9,99,9,99,2,9,6,1,36,7,-1,-1,-1,-1,6,1,E01001309,0
Unvalidated,2024010489726,2024,010489726,2,9,0,99,9,9,99,9,9,99,9,99,1,9,6,1,-1,-1,-1,-1,-1,-1,-1,-1,-1,0
Unvalidated,2024010489726,2024,010489726,3,9,0,99,9,9,99,9,9,99,9,99,2,9,6,3,-1,-1,-1,-1,-1,-1,-1,-1,-1,0
Unvalidated,2024010489730,2024,010489730,1,19,0,18,1,5,0,2,0,0,0,0,3,1,6,1,28,6,-1,-1,-1,-1,2,1,E01033581,0
Unvalidated,2024010489737,2024,010489737,1,9,0,18,1,5,0,1,0,0,0,0,3,1,6,2,19,4,-1,-1,-1,-1,2,1,E01000091,0
Unvalidated,2024010489737,2024,010489737,2,3,0,13,5,1,0,1,0,0,0,0,4,1,6,1,31,6,-1,-1,-1,-1,3,1,E01003525,0
Unvalidated,2024010489738,2024,010489738,1,9,0,18,3,7,0,2,0,0,0,0,4,1,6,3,-1,-1,-1,-1,-1,-1,-1,-1,-1,0
Unvalidated,2024010489738,2024,010489738,2,9,0,8,4,5,0,8,0,0,0,0,1,1,6,3,-1,-1,-1,-1,-1,-1,-1,-1,-1,0
Unvalidated,2024010489738,2024,010489738,3,9,0,18,5,1,0,1,0,0,0,0,1,1,6,3,-1,-1,-1,-1,-1,-1,-1,-1,-1,0
Unvalidated,2024010489738,2024,010489738,4,9,0,2,0,0,0,1,0,0,0,0,4,1,6,3,-1,-1,-1,-1,-1,-1,-1,-1,-1,0
Unvalidated,2024010489738,2024,010489738,5,9,0,2,0,0,0,1,0,0,0,0,3,1,6,3,-1,-1,-1,-1,-1,-1,-1,-1,-1,0
Unvalidated,2024010489740,2024,010489740,1,19,0,18,5,1,0,2,0,0,0,0,1,1,2,1,62,9,-1,-1,-1,-1,4,1,E01001087,0
Unvalidated,2024010489740,2024,010489740,2,1,0,18,5,1,0,2,0,0,0,0,3,1,6,2,62,9,-1,-1,-1,-1,8,1,E01003426,0
Unvalidated,2024010489742,2024,010489742,1,21,1,12,7,3,0,0,0,0,0,0,1,2,1,1,31,6,-1,-1,-1,-1,-1,-1,-1,0
Unvalidated,2024010489742,2024,010489742,2,9,0,18,7,3,0,0,1,0,1,0,4,1,2,2,27,6,-1,-1,-1,-1,6,1,E01016231,0
Unvalidated,2024010489742,2024,010489742,3,19,0,18,7,3,0,0,0,0,0,0,2,1,2,1,30,6,-1,-1,-1,-1,5,1,E01032836,0
Unvalidated,2024010489742,2024,010489742,4,21,0,18,7,3,0,0,0,0,0,0,1,1,1,1,41,7,-1,-1,-1,-1,6,1,E01016473,0
Unvalidated,2024010489746,2024,010489746,1,3,0,99,9,9,99,9,9,99,9,99,9,1,6,3,25,5,-1,-1,-1,-1,7,1,E01000118,0
Unvalidated,2024010489746,2024,010489746,2,9,0,99,9,9,99,9,9,99,9,99,9,9,6,3,-1,-1,-1,-1,-1,-1,-1,-1,-1,0