status,collision_index,collision_year,collision_reference,vehicle_reference,vehicle_type,towing_and_articulation,vehicle_manoeuvre,vehicle_direction_from,vehicle_direction_to,vehicle_location_restricted_lane,junction_location,skidding_and_overturning,hit_object_in_carriageway,vehicle_leaving_carriageway,hit_object_off_carriageway,first_point_of_impact,vehicle_left_hand_drive,journey_purpose_of_driver,sex_of_driver,age_of_driver,age_band_of_driver,engine_capacity_cc,propulsion_code,age_of_vehicle,generic_make_model,driver_imd_decile,driver_home_area_type,lsoa_of_driver,escooter_flag
Unvalidated,2024010489748,2024,010489748,1,3,9,99,9,9,99,9,9,99,9,99,9,1,6,3,26,6,-1,-1,-1,-1,5,1,E01001232,0
Unvalidated,2024010489748,2024,010489748,2,9,0,99,9,9,99,9,9,99,9,99,9,9,6,3,-1,-1,-1,-1,-1,-1,-1,-1,-1,0
Unvalidated,2024010489756,2024,010489756,1,11,0,4,3,7,0,0,0,0,0,0,0,1,1,1,18,4,-1,-1,-1,-1,3,1,E01000020,0
Unvalidated,2024010489757,2024,010489757,1,9,0,10,8,6,0,5,1,0,0,0,2,1,2,2,66,10,-1,-1,-1,-1,10,1,E01002430,0
Unvalidated,2024010489757,2024,010489757,2,9,0,18,5,1,0,5,1,0,0,0,1,1,2,2,42,7,-1,-1,-1,-1,10,1,E01002430,0
Unvalidated,2024010489763,2024,010489763,1,3,0,99,9,9,99,9,9,99,9,99,9,1,6,1,24,5,-1,-1,-1,-1,2,1,E01003546,0
Unvalidated,2024010489763,2024,010489763,2,9,9,99,9,9,99,9,9,99,9,99,9,9,6,1,60,9,-1,-1,-1,-1,1,1,E01001730,0
Unvalidated,2024010489766,2024,010489766,1,1,9,99,9,9,99,9,9,99,9,99,9,1,3,2,45,7,-1,-1,-1,-1,2,1,E01004400,0
Unvalidated,2024010489766,2024,010489766,2,11,0,99,9,9,99,9,9,99,9,99,9,9,6,3,-1,-1,-1,-1,-1,-1,-1,-1,-1,0
Unvalidated,2024010489779,2024,010489779,1,1,9,99,9,9,99,9,9,99,9,99,1,1,2,1,54,8,-1,-1,-1,-1,3,1,E01004342,0
Unvalidated,2024010489779,2024,010489779,2,19,0,99,9,9,99,9,9,99,9,99,9,9,6,1,61,9,-1,-1,-1,-1,4,1,E01002324,0
Unvalidated,2024010489782,2024,010489782,1,11,9,99,9,9,99,9,9,99,9,99,9,1,6,3,40,7,-1,-1,-1,-1,2,1,E01004539,0
Unvalidated,2024010489783,2024,010489783,1,9,0,9,3,1,0,6,0,0,0,0,3,1,6,3,-1,-1,-1,-1,-1,-1,-1,-1,-1,0
Unvalidated,2024010489785,2024,010489785,1,1,9,99,9,9,99,9,9,99,9,99,9,1,2,1,28,6,-1,-1,-1,-1,7,1,E01004620,0
Unvalidated,2024010489785,2024,010489785,2,9,0,99,9,9,99,9,9,99,9,99,9,9,6,1,41,7,-1,-1,-1,-1,9,1,E01033101,0
Unvalidated,2024010489787,2024,010489787,1,11,0,18,3,7,0,1,0,0,0,0,1,1,2,1,62,9,-1,-1,-1,-1,2,1,E01000075,0
Unvalidated,2024010489791,2024,010489791,1,1,0,18,1,5,5,6,1,11,0,0,1,1,6,1,38,7,-1,-1,-1,-1,3,1,E01003581,0
Unvalidated,2024010489792,2024,010489792,1,3,0,18,3,7,0,1,0,0,0,0,1,1,6,1,29,6,-1,-1,-1,-1,3,1,E01002044,0
Unvalidated,2024010489792,2024,010489792,2,1,0,9,7,5,0,1,0,0,0,0,1,1,2,2,50,8,-1,-1,-1,-1,8,1,E01000878,0
Unvalidated,2024010489795,2024,010489795,1,9,0,18,5,1,0,2,0,0,0,0,1,1,3,2,39,7,-1,-1,-1,-1,10,1,E01000681,0
Unvalidated,2024010489795,2024,010489795,2,9,0,9,3,1,0,8,0,0,7,1,4,1,3,1,44,7,-1,-1,-1,-1,4,1,E01000787,0
Unvalidated,2024010489798,2024,010489798,1,9,0,18,1,5,0,1,0,0,0,0,1,1,1,1,58,9,-1,-1,-1,-1,3,1,E01000441,0
Unvalidated,2024010489798,2024,010489798,2,9,0,18,7,3,0,1,0,0,7,11,1,1,3,2,23,5,-1,-1,-1,-1,-1,-1,-1,0
Unvalidated,2024010489801,2024,010489801,1,19,0,9,7,5,0,6,0,0,0,0,1,1,1,1,42,7,-1,-1,-1,-1,3,1,E01001479,0
Unvalidated,2024010489808,2024,010489808,1,3,0,99,9,9,99,9,9,99,9,99,9,1,1,2,34,6,-1,-1,-1,-1,2,1,E01002049,0
Unvalidated,2024010489808,2024,010489808,2,9,9,99,9,9,99,9,9,99,9,99,9,9,6,3,-1,-1,-1,-1,-1,-1,-1,-1,-1,0
Unvalidated,2024010489809,2024,010489809,1,9,0,99,9,9,99,9,9,99,9,99,2,9,6,2,35,6,-1,-1,-1,-1,6,1,E01004164,0
Unvalidated,2024010489809,2024,010489809,2,9,0,99,9,9,99,9,9,99,9,99,1,9,6,2,37,7,-1,-1,-1,-1,7,1,E01001058,0
Unvalidated,2024010489811,2024,010489811,1,8,0,3,1,5,0,0,0,0,0,0,4,1,1,1,34,6,-1,-1,-1,-1,1,1,E01004675,0
Unvalidated,2024010489811,2024,010489811,2,1,0,18,5,1,0,0,0,4,0,0,1,1,6,1,52,8,-1,-1,-1,-1,5,1,E01004641,0
Unvalidated,2024010489814,2024,010489814,1,9,0,7,3,5,0,6,0,0,0,0,3,1,6,1,31,6,-1,-1,-1,-1,6,3,E01021907,0
Unvalidated,2024010489814,2024,010489814,2,9,0,18,1,5,0,8,0,0,0,0,1,1,1,1,43,7,-1,-1,-1,-1,5,1,E01003701,0
Unvalidated,2024010489815,2024,010489815,1,3,0,99,9,9,99,1,9,99,9,99,1,1,6,1,24,5,-1,-1,-1,-1,5,1,E01003134,0
Unvalidated,2024010489815,2024,010489815,2,9,0,99,9,9,99,6,9,99,9,99,9,9,6,3,-1,-1,-1,-1,-1,-1,-1,-1,-1,0
Unvalidated,2024010489817,2024,010489817,1,9,0,99,9,9,99,9,9,99,9,99,2,9,6,2,62,9,-1,-1,-1,-1,10,1,E01016664,0
Unvalidated,2024010489817,2024,010489817,2,9,9,99,9,9,99,9,9,99,9,99,9,9,6,3,-1,-1,-1,-1,-1,-1,-1,-1,-1,0
Unvalidated,2024010489819,2024,010489819,1,4,0,5,3,7,0,1,0,0,0,0,1,1,6,1,20,4,-1,-1,-1,-1,2,1,E01003990,0
Unvalidated,2024010489825,2024,010489825,1,9,0,18,5,1,0,1,0,0,0,0,4,1,6,1,34,6,-1,-1,-1,-1,2,1,E01024477,0
Unvalidated,2024010489828,2024,010489828,1,1,0,18,3,7,0,1,0,0,0,0,3,1,6,3,24,5,-1,-1,-1,-1,-1,-1,-1,0
Unvalidated,2024010489829,2024,010489829,1,9,0,7,5,7,0,8,0,0,0,0,1,1,6,1,55,8,-1,-1,-1,-1,6,1,E01004491,0
Unvalidated,2024010489835,2024,010489835,1,3,9,99,9,9,99,9,9,99,9,99,9,1,6,3,37,7,-1,-1,-1,-1,4,1,E01001276,0
Unvalidated,2024010489835,2024,010489835,2,9,0,99,9,9,99,9,9,99,9,99,9,9,6,3,-1,-1,-1,-1,-1,-1,-1,-1,-1,0
Unvalidated,2024010489837,2024,010489837,1,3,0,5,1,5,0,1,0,0,0,0,0,1,1,1,34,6,-1,-1,-1,-1,3,1,E01001394,0
Unvalidated,2024010489846,2024,010489846,1,9,0,7,5,8,0,1,0,0,0,0,4,1,6,1,38,7,-1,-1,-1,-1,5,1,E01003016,0
Unvalidated,2024010489846,2024,010489846,2,1,0,7,3,5,0,1,0,0,0,0,3,1,2,1,43,7,-1,-1,-1,-1,8,1,E01004506,0
Unvalidated,2024010489847,2024,010489847,1,9,0,99,9,9,99,9,9,99,9,99,2,9,6,2,51,8,-1,-1,-1,-1,5,1,E01002443,0
Unvalidated,2024010489847,2024,010489847,2,90,9,99,9,9,99,9,9,99,9,99,9,9,6,3,-1,-1,-1,-1,-1,-1,-1,-1,-1,0
Unvalidated,2024010489854,2024,010489854,1,3,0,99,9,9,99,0,9,99,9,99,1,1,1,1,30,6,-1,-1,-1,-1,1,1,E01000596,0
Unvalidated,2024010489854,2024,010489854,2,9,0,99,9,9,99,0,9,99,9,99,9,9,6,3,-1,-1,-1,-1,-1,-1,-1,-1,-1,0
Unvalidated,2024010489856,2024,010489856,1,9,0,99,9,9,99,9,9,99,9,99,9,9,6,3,-1,-1,-1,-1,-1,-1,-1,-1,-1,0
Unvalidated,2024010489858,2024,010489858,1,3,0,99,9,9,99,9,9,99,9,99,1,1,6,1,29,6,-1,-1,-1,-1,3,1,E01001239,0
Unvalidated,2024010489858,2024,010489858,2,9,0,99,9,9,99,9,9,99,9,99,9,9,6,3,-1,-1,-1,-1,-1,-1,-1,-1,-1,0
Unvalidated,2024010489865,2024,010489865,1,11,0,5,5,1,0,1,0,0,0,0,0,1,1,1,54,8,-1,-1,-1,-1,2,1,E01004011,0
Unvalidated,2024010489866,2024,010489866,1,3,0,99,9,9,99,9,9,99,9,99,1,1,2,1,32,6,-1,-1,-1,-1,3,1,E01004367,0
Unvalidated,2024010489866,2024,010489866,2,9,0,99,9,9,99,9,9,99,9,99,2,9,6,3,-1,-1,-1,-1,-1,-1,-1,-1,-1,0
Unvalidated,2024010489874,2024,010489874,1,9,0,4,1,5,0,1,0,0,0,0,3,1,6,1,46,8,-1,-1,-1,-1,6,1,E01032572,0
Unvalidated,2024010489874,2024,010489874,2,1,0,18,7,3,5,8,0,0,0,0,1,1,6,1,26,6,-1,-1,-1,-1,3,1,E01001238,0
Unvalidated,2024010489877,2024,010489877,1,9,0,18,1,5,5,6,1,0,0,0,1,2,2,1,46,8,-1,-1,-1,-1,3,1,E01002404,0
Unvalidated,2024010489877,2024,010489877,2,2,0,5,1,5,5,6,0,0,0,0,2,1,1,1,28,6,-1,-1,-1,-1,5,1,E01002447,0
Unvalidated,2024010489881,2024,010489881,1,9,0,9,3,8,0,8,0,0,0,0,1,1,6,1,33,6,-1,-1,-1,-1,2,1,E01002392,0
Unvalidated,2024010489881,2024,010489881,2,9,0,18,1,5,0,8,0,0,0,0,1,1,2,1,48,8,-1,-1,-1,-1,3,1,E01002429,0
Unvalidated,2024010489883,2024,010489883,1,9,0,9,5,3,9,8,0,0,1,2,1,1,6,2,16,4,-1,-1,-1,-1,-1,-1,-1,0
Unvalidated,2024010489883,2024,010489883,2,9,0,9,5,3,0,5,0,0,0,0,0,1,6,1,22,5,-1,-1,-1,-1,5,1,E01001677,0
Unvalidated,2024010489886,2024,010489886,1,3,0,18,5,1,0,1,0,0,0,0,1,1,6,3,-1,-1,-1,-1,-1,-1,-1,-1,-1,0
Unvalidated,2024010489887,2024,010489887,1,1,9,99,9,9,99,9,9,99,9,99,1,1,2,2,27,6,-1,-1,-1,-1,4,1,E01004065,0
Unvalidated,2024010489887,2024,010489887,2,9,0,99,9,9,99,9,9,99,9,99,1,9,6,3,-1,-1,-1,-1,-1,-1,-1,-1,-1,0
Unvalidated,2024010489888,2024,010489888,1,9,0,99,9,9,99,9,9,99,9,99,2,1,2,1,50,8,-1,-1,-1,-1,2,1,E01002049,0
Unvalidated,2024010489888,2024,010489888,2,9,0,99,9,9,99,9,9,99,9,99,2,1,6,3,-1,-1,-1,-1,-1,-1,-1,-1,-1,0
Unvalidated,2024010489893,2024,010489893,1,9,0,18,1,5,0,9,0,0,0,0,1,2,6,2,71,10,-1,-1,-1,-1,3,1,E01004590,0
Unvalidated,2024010489897,2024,010489897,1,3,0,99,9,9,99,0,9,99,9,99,9,1,2,1,21,5,-1,-1,-1,-1,2,1,E01004567,0
Unvalidated,2024010489897,2024,010489897,2,9,0,99,9,9,99,0,9,99,9,99,1,9,6,1,-1,-1,-1,-1,-1,-1,-1,-1,-1,0
Unvalidated,2024010489898,2024,010489898,1,3,0,10,4,2,0,1,0,0,0,0,4,1,1,1,28,6,-1,-1,-1,-1,7,1,E01000573,0
Unvalidated,2024010489898,2024,010489898,2,9,0,9,4,1,0,8,0,0,0,0,1,1,3,2,33,6,-1,-1,-1,-1,10,1,E01004117,0
Unvalidated,2024010489902,2024,010489902,1,9,0,99,9,9,99,0,9,99,9,99,1,9,6,1,76,11,-1,-1,-1,-1,6,1,E01001573,0
Unvalidated,2024010489904,2024,010489904,1,9,0,9,1,7,0,5,0,0,0,0,1,1,2,1,45,7,-1,-1,-1,-1,9,1,E01001306,0
Unvalidated,2024010489904,2024,010489904,2,4,0,9,5,3,0,1,0,0,0,0,1,1,6,1,18,4,-1,-1,-1,-1,3,1,E01001287,0
Unvalidated,2024010489905,2024,010489905,1,3,0,99,9,9,99,9,9,99,9,99,1,1,6,1,24,5,-1,-1,-1,-1,5,1,E01000705,0
Unvalidated,2024010489905,2024,010489905,2,9,0,99,9,9,99,9,9,99,9,99,9,9,6,3,-1,-1,-1,-1,-1,-1,-1,-1,-1,0
Unvalidated,2024010489907,2024,010489907,1,1,9,99,9,9,99,0,9,99,9,99,0,1,2,1,45,7,-1,-1,-1,-1,9,1,E01000894,0
Unvalidated,2024010489907,2024,010489907,2,9,0,99,9,9,99,0,9,99,9,99,0,9,6,3,-1,-1,-1,-1,-1,-1,5,1,E01004648,0
Unvalidated,2024010489909,2024,010489909,1,9,0,9,5,2,0,8,0,0,0,0,1,1,6,1,20,4,-1,-1,-1,-1,3,1,E01001048,0
Unvalidated,2024010489909,2024,010489909,2,5,0,7,3,5,0,8,0,0,0,0,1,1,6,1,38,7,-1,-1,-1,-1,6,1,E01000981,0
Unvalidated,2024010489911,2024,010489911,1,9,0,4,3,7,0,1,0,0,0,0,2,1,6,2,62,9,-1,-1,-1,-1,-1,-1,-1,0
Unvalidated,2024010489911,2024,010489911,2,9,0,18,3,7,0,1,0,0,0,0,1,1,1,1,36,7,-1,-1,-1,-1,3,1,E01002504,0
Unvalidated,2024010489917,2024,010489917,1,9,0,9,1,8,0,6,0,0,1,0,1,1,2,1,24,5,-1,-1,-1,-1,2,1,E01003069,0
Unvalidated,2024010489918,2024,010489918,1,9,0,18,1,5,0,1,0,0,0,0,0,1,6,2,26,6,-1,-1,-1,-1,1,1,E01004311,0
Unvalidated,2024010489920,2024,010489920,1,9,0,99,9,9,99,9,9,99,9,99,2,9,6,2,64,9,-1,-1,-1,-1,4,1,E01003043,0
Unvalidated,2024010489920,2024,010489920,2,9,0,99,9,9,99,9,9,99,9,99,1,9,6,3,-1,-1,-1,-1,-1,-1,-1,-1,-1,0
Unvalidated,2024010489924,2024,010489924,1,9,0,18,6,2,0,2,0,0,0,0,1,1,6,1,62,9,-1,-1,-1,-1,5,1,E01002882,0
Unvalidated,2024010489924,2024,010489924,2,3,0,18,6,2,0,1,0,0,0,0,2,1,6,1,19,4,-1,-1,-1,-1,5,1,E01000512,0
Unvalidated,2024010489925,2024,010489925,1,9,0,18,5,1,0,2,0,0,0,0,1,1,6,1,37,7,-1,-1,-1,-1,8,1,E01023879,0
Unvalidated,2024010489925,2024,010489925,2,9,0,18,1,5,0,2,0,0,0,0,1,1,2,2,50,8,-1,-1,-1,-1,-1,-1,-1,0
Unvalidated,2024010489926,2024,010489926,1,9,0,10,1,6,0,0,0,0,0,0,2,1,6,1,22,5,-1,-1,-1,-1,5,1,E01000159,0
Unvalidated,2024010489926,2024,010489926,2,9,0,18,1,5,0,0,0,0,0,0,1,1,6,1,88,11,-1,-1,-1,-1,6,1,E01000161,0
Unvalidated,2024010489928,2024,010489928,1,19,3,18,1,5,0,1,0,0,0,0,1,1,1,1,33,6,-1,-1,-1,-1,3,1,E01004259,0
Unvalidated,2024010489929,2024,010489929,1,9,0,99,9,9,99,0,9,99,9,99,9,9,6,1,38,7,-1,-1,-1,-1,6,1,E01030311,0
Unvalidated,2024010489929,2024,010489929,2,9,9,99,9,9,99,0,9,99,9,99,9,9,6,3,-1,-1,-1,-1,-1,-1,-1,-1,-1,0
Unvalidated,2024010489930,2024,010489930,1,9,0,5,7,3,0,8,0,0,0,0,1,1,6,2,24,5,-1,-1,-1,-1,7,1,E01002338,0
Unvalidated,2024010489930,2024,010489930,2,9,0,3,5,1,0,1,0,0,0,0,4,1,1,1,26,6,-1,-1,-1,-1,6,1,E01003711,0
Unvalidated,2024010489937,2024,010489937,1,1,0,18,6,2,4,1,0,0,0,0,2,1,2,1,52,8,-1,-1,-1,-1,1,1,E01004205,0
Unvalidated,2024010489940,2024,010489940,1,9,0,9,1,8,0,8,0,0,0,0,0,1,6,2,56,9,-1,-1,-1,-1,3,1,E01003630,0
Unvalidated,2024010489940,2024,010489940,2,9,0,18,5,1,0,1,0,0,0,0,0,1,6,3,34,6,-1,-1,-1,-1,-1,-1,-1,0
Unvalidated,2024010489943,2024,010489943,1,9,0,3,1,5,0,1,0,0,0,0,2,1,6,2,40,7,-1,-1,-1,-1,4,1,E01000405,0
Unvalidated,2024010489943,2024,010489943,2,11,0,18,1,5,0,1,0,0,0,0,1,1,6,1,34,6,-1,-1,-1,-1,5,1,E01003314,0
Unvalidated,2024010489946,2024,010489946,1,9,0,9,1,7,8,6,0,0,0,0,3,1,2,2,53,8,-1,-1,-1,-1,8,1,E01002193,0
Unvalidated,2024010489946,2024,010489946,2,90,0,14,7,3,0,1,0,0,0,0,1,1,6,1,21,5,-1,-1,-1,-1,4,1,E01000476,1
Unvalidated,2024010489947,2024,010489947,1,9,0,17,1,5,0,1,0,0,0,0,3,1,1,1,44,7,-1,-1,-1,-1,3,1,E01004448,0
Unvalidated,2024010489947,2024,010489947,2,1,0,18,1,5,0,1,0,0,0,0,1,1,6,1,26,6,-1,-1,-1,-1,3,1,E01003960,0
Unvalidated,2024010489951,2024,010489951,1,9,0,99,9,9,99,9,9,99,9,99,1,9,6,3,43,7,-1,-1,-1,-1,8,1,E01002536,0
Unvalidated,2024010489956,2024,010489956,1,3,0,11,1,5,0,1,0,0,0,0,2,1,1,1,30,6,-1,-1,-1,-1,-1,-1,-1,0
Unvalidated,2024010489956,2024,010489956,2,3,0,4,1,5,0,1,0,0,0,0,1,1,6,1,34,6,-1,-1,-1,-1,7,1,E01003218,0
Unvalidated,2024010489957,2024,010489957,1,8,0,6,5,5,0,0,0,0,0,0,1,1,2,1,52,8,-1,-1,-1,-1,2,1,E01001339,0
Unvalidated,2024010489957,2024,010489957,2,3,5,5,5,1,0,0,1,0,0,0,1,1,6,1,25,5,-1,-1,-1,-1,6,1,E01003843,0
Unvalidated,2024010489959,2024,010489959,1,9,0,18,5,1,0,1,0,0,0,0,1,1,6,3,-1,-1,-1,-1,-1,-1,-1,-1,-1,0
Unvalidated,2024010489961,2024,010489961,1,3,0,18,7,3,0,8,0,0,0,0,1,1,2,1,59,9,-1,-1,-1,-1,2,1,E01003297,0
Unvalidated,2024010489961,2024,010489961,2,9,0,9,1,7,0,8,0,0,0,0,1,1,6,3,-1,-1,-1,-1,-1,-1,-1,-1,-1,0
Unvalidated,2024010489963,2024,010489963,1,8,0,3,3,7,0,1,0,7,1,4,2,1,1,1,43,7,-1,-1,-1,-1,2,1,E01002505,0
Unvalidated,2024010489963,2024,010489963,2,9,0,18,7,3,0,1,0,0,0,0,1,1,6,1,37,7,-1,-1,-1,-1,5,1,E01023867,0
Unvalidated,2024010489964,2024,010489964,1,9,0,18,7,3,0,7,0,0,0,0,2,1,6,1,20,4,-1,-1,-1,-1,2,1,E01004392,0
Unvalidated,2024010489966,2024,010489966,1,9,0,6,7,7,0,1,0,0,1,0,2,1,6,1,37,7,-1,-1,-1,-1,8,1,E01023312,0
Unvalidated,2024010489966,2024,010489966,2,9,0,18,5,1,0,1,1,0,0,0,1,1,6,1,28,6,-1,-1,-1,-1,3,1,E01001440,0
Unvalidated,2024010489969,2024,010489969,1,11,0,18,7,3,2,1,0,0,0,0,1,1,1,1,62,9,-1,-1,-1,-1,4,1,E01001261,0
Unvalidated,2024010489975,2024,010489975,1,90,0,18,5,1,0,0,0,0,0,0,1,1,1,1,48,8,-1,-1,-1,-1,3,1,E01001170,0
Unvalidated,2024010489977,2024,010489977,1,9,0,7,7,1,0,0,0,0,0,0,0,1,6,1,62,9,-1,-1,-1,-1,2,1,E01001579,0
Unvalidated,2024010489977,2024,010489977,2,9,0,18,5,1,0,0,1,0,0,0,1,1,6,1,24,5,-1,-1,-1,-1,2,1,E01001579,0
Unvalidated,2024010489987,2024,010489987,1,3,0,99,9,9,99,9,9,99,9,99,9,1,6,3,29,6,-1,-1,-1,-1,5,1,E01000240,0
Unvalidated,2024010489987,2024,010489987,2,9,0,99,9,9,99,9,9,99,9,99,9,9,6,3,-1,-1,-1,-1,-1,-1,-1,-1,-1,0
Unvalidated,2024010489989,2024,010489989,1,9,9,99,9,9,9,9,0,99,9,99,9,9,6,2,40,7,-1,-1,-1,-1,3,1,E01016014,0
Unvalidated,2024010489989,2024,010489989,2,9,9,99,9,9,99,9,0,99,9,99,9,9,6,1,61,9,-1,-1,-1,-1,8,1,E01033063,0
Unvalidated,2024010489990,2024,010489990,1,1,9,99,9,9,9,1,9,99,9,99,4,1,2,2,32,6,-1,-1,-1,-1,5,1,E01030337,0
Unvalidated,2024010489990,2024,010489990,2,9,9,99,9,9,9,6,9,99,9,99,9,9,6,3,32,6,-1,-1,-1,-1,4,1,E01004580,0
Unvalidated,2024010489994,2024,010489994,1,1,9,99,9,9,99,1,9,99,9,99,9,1,2,1,40,7,-1,-1,-1,-1,3,1,E01003537,0
Unvalidated,2024010489994,2024,010489994,2,9,0,99,9,9,99,6,9,99,9,99,9,9,6,3,27,6,-1,-1,-1,-1,3,1,E01001502,0
Unvalidated,2024010489996,2024,010489996,1,3,0,99,9,9,99,9,9,99,9,99,1,1,6,1,39,7,-1,-1,-1,-1,2,1,E01003097,0
Unvalidated,2024010489996,2024,010489996,2,9,0,99,9,9,99,9,9,99,9,99,9,9,6,3,-1,-1,-1,-1,-1,-1,-1,-1,-1,0
Unvalidated,2024010489999,2024,010489999,1,1,0,18,1,5,0,8,0,0,0,0,1,1,2,1,58,9,-1,-1,-1,-1,6,1,E01000238,0
Unvalidated,2024010489999,2024,010489999,2,9,0,99,9,9,1,8,0,0,0,0,1,2,6,1,-1,-1,-1,-1,-1,-1,7,1,E01000237,0
Unvalidated,2024010490006,2024,010490006,1,90,0,18,7,3,0,3,0,0,0,0,1,1,1,2,25,5,-1,-1,-1,-1,7,1,E01002538,0
Unvalidated,2024010490006,2024,010490006,2,1,0,13,3,7,0,3,0,0,0,0,1,1,6,1,45,7,-1,-1,-1,-1,8,1,E01002477,0
Unvalidated,2024010490008,2024,010490008,1,9,0,99,9,9,99,9,9,99,9,99,1,9,2,2,65,9,-1,-1,-1,-1,2,1,E01000087,0
Unvalidated,2024010490008,2024,010490008,2,9,0,99,9,9,99,9,9,99,9,99,1,9,6,1,52,8,-1,-1,-1,-1,3,1,E01000088,0
Unvalidated,2024010490011,2024,010490011,1,3,0,99,9,9,99,1,9,99,9,99,1,1,6,1,28,6,-1,-1,-1,-1,4,1,E01000621,0
Unvalidated,2024010490011,2024,010490011,2,9,0,99,9,9,99,6,9,99,9,99,9,9,6,3,-1,-1,-1,-1,-1,-1,-1,-1,-1,0
Unvalidated,2024010490015,2024,010490015,1,1,0,15,5,1,0,1,0,0,0,0,1,1,1,1,29,6,-1,-1,-1,-1,2,1,E01002638,0
Unvalidated,2024010490018,2024,010490018,1,3,0,99,9,9,99,9,9,99,9,99,9,1,1,3,26,6,-1,-1,-1,-1,4,1,E01000997,0
Unvalidated,2024010490018,2024,010490018,2,9,0,99,9,9,99,9,9,99,9,99,9,9,6,3,-1,-1,-1,-1,-1,-1,-1,-1,-1,0
Unvalidated,2024010490021,2024,010490021,1,9,0,5,1,5,0,8,0,0,0,0,1,1,6,2,62,9,-1,-1,-1,-1,1,1,E01004272,0
Unvalidated,2024010490021,2024,010490021,2,1,0,18,3,7,0,8,0,0,0,0,3,1,6,1,36,7,-1,-1,-1,-1,2,1,E01004243,0
Unvalidated,2024010490024,2024,010490024,1,9,9,99,9,9,99,0,9,99,9,99,9,9,6,3,-1,-1,-1,-1,-1,-1,-1,-1,-1,0
Unvalidated,2024010490025,2024,010490025,1,3,0,99,9,9,99,9,9,99,9,99,9,1,6,3,23,5,-1,-1,-1,-1,3,1,E01003171,0
Unvalidated,2024010490025,2024,010490025,2,9,0,99,9,9,99,9,9,99,9,99,9,9,6,3,-1,-1,-1,-1,-1,-1,-1,-1,-1,0
Unvalidated,2024010490026,2024,010490026,1,3,0,99,9,9,99,1,9,99,9,99,1,1,6,2,25,5,-1,-1,-1,-1,5,1,E01003415,0
Unvalidated,2024010490026,2024,010490026,2,9,0,99,9,9,99,6,9,99,9,99,9,9,6,3,-1,-1,-1,-1,-1,-1,-1,-1,-1,0
Unvalidated,2024010490030,2024,010490030,1,9,0,18,3,7,0,0,0,0,0,0,1,1,2,1,29,6,-1,-1,-1,-1,5,1,E01000067,0
Unvalidated,2024010490031,2024,010490031,1,9,0,99,9,9,99,9,9,99,9,99,1,9,6,2,47,8,-1,-1,-1,-1,2,1,E01001437,0
Unvalidated,2024010490032,2024,010490032,1,3,0,99,9,9,99,9,9,99,9,99,9,1,1,1,26,6,-1,-1,-1,-1,3,1,E01000637,0
Unvalidated,2024010490032,2024,010490032,2,9,9,99,9,9,99,9,9,99,9,99,9,9,6,3,-1,-1,-1,-1,-1,-1,-1,-1,-1,0
Unvalidated,2024010490034,2024,010490034,1,19,0,4,3,7,0,1,0,0,0,0,4,1,6,1,41,7,-1,-1,-1,-1,2,1,E01001943,0
Unvalidated,2024010490035,2024,010490035,1,1,0,99,9,9,0,0,0,0,0,0,9,1,6,2,53,8,-1,-1,-1,-1,3,1,E01002752,0
Unvalidated,2024010490035,2024,010490035,2,9,0,99,9,9,0,0,0,0,0,0,9,9,6,2,58,9,-1,-1,-1,-1,6,1,E01004706,0
Unvalidated,2024010490039,2024,010490039,1,9,0,9,7,5,0,2,0,0,0,0,1,1,2,1,18,4,-1,-1,-1,-1,3,1,E01000381,0
Unvalidated,2024010490039,2024,010490039,2,3,0,18,5,1,0,2,0,0,0,0,4,1,6,1,42,7,-1,-1,-1,-1,8,1,E01001223,0
Unvalidated,2024010490043,2024,010490043,1,9,0,18,5,1,0,4,0,0,0,0,2,2,2,1,24,5,-1,-1,-1,-1,5,1,E01000337,0
Unvalidated,2024010490043,2024,010490043,2,4,0,3,8,4,0,1,0,0,0,0,2,1,6,1,40,7,-1,-1,-1,-1,4,1,E01033739,0
Unvalidated,2024010490047,2024,010490047,1,11,0,18,1,5,0,2,0,0,0,0,0,1,1,2,56,9,-1,-1,-1,-1,-1,-1,-1,0
Unvalidated,2024010490048,2024,010490048,1,3,0,99,9,9,99,9,9,99,9,99,9,1,1,1,28,6,-1,-1,-1,-1,3,1,E01004064,0
Unvalidated,2024010490048,2024,010490048,2,9,0,99,9,9,99,9,9,99,9,99,1,9,6,3,-1,-1,-1,-1,-1,-1,-1,-1,-1,0
Unvalidated,2024010490049,2024,010490049,1,1,9,99,9,9,99,9,9,99,9,99,1,1,2,1,48,8,-1,-1,-1,-1,7,1,E01003371,0
Unvalidated,2024010490049,2024,010490049,2,9,0,99,9,9,99,9,9,99,9,99,1,9,6,3,-1,-1,-1,-1,-1,-1,-1,-1,-1,0
Unvalidated,2024010490053,2024,010490053,1,1,9,99,9,9,99,2,9,99,9,99,9,1,2,2,50,8,-1,-1,-1,-1,4,1,E01000066,0