status,collision_index,collision_year,collision_reference,vehicle_reference,vehicle_type,towing_and_articulation,vehicle_manoeuvre,vehicle_direction_from,vehicle_direction_to,vehicle_location_restricted_lane,junction_location,skidding_and_overturning,hit_object_in_carriageway,vehicle_leaving_carriageway,hit_object_off_carriageway,first_point_of_impact,vehicle_left_hand_drive,journey_purpose_of_driver,sex_of_driver,age_of_driver,age_band_of_driver,engine_capacity_cc,propulsion_code,age_of_vehicle,generic_make_model,driver_imd_decile,driver_home_area_type,lsoa_of_driver,escooter_flag
Unvalidated,2024010490053,2024,010490053,2,9,0,99,9,9,99,6,9,99,9,99,1,9,6,3,-1,-1,-1,-1,-1,-1,-1,-1,-1,0
Unvalidated,2024010490056,2024,010490056,1,9,0,2,0,0,6,0,0,0,0,0,2,1,6,3,-1,-1,-1,-1,-1,-1,-1,-1,-1,0
Unvalidated,2024010490056,2024,010490056,2,9,0,18,5,1,0,0,0,0,0,0,1,1,6,1,21,5,-1,-1,-1,-1,3,1,E01001243,0
Unvalidated,2024010490057,2024,010490057,1,3,9,99,9,9,99,9,9,99,9,99,2,1,1,1,27,6,-1,-1,-1,-1,2,1,E01001447,0
Unvalidated,2024010490057,2024,010490057,2,9,9,99,9,9,99,9,9,99,9,99,1,9,6,3,-1,-1,-1,-1,-1,-1,-1,-1,-1,0
Unvalidated,2024010490058,2024,010490058,1,9,0,9,5,3,0,4,0,0,0,0,3,1,6,3,24,5,-1,-1,-1,-1,-1,-1,-1,0
Unvalidated,2024010490058,2024,010490058,2,9,0,9,5,3,0,4,0,0,0,0,3,1,2,2,63,9,-1,-1,-1,-1,4,1,E01000485,0
Unvalidated,2024010490059,2024,010490059,1,11,0,3,5,1,0,2,0,0,0,0,0,1,1,2,45,7,-1,-1,-1,-1,6,1,E01004186,0
Unvalidated,2024010490060,2024,010490060,1,3,0,99,9,9,99,9,9,99,9,99,1,1,1,3,31,6,-1,-1,-1,-1,9,1,E01002483,0
Unvalidated,2024010490060,2024,010490060,2,9,9,99,9,9,99,9,9,99,9,99,9,9,6,3,-1,-1,-1,-1,-1,-1,-1,-1,-1,0
Unvalidated,2024010490065,2024,010490065,1,1,9,99,9,9,99,9,9,99,9,99,9,1,2,1,16,4,-1,-1,-1,-1,10,1,E01030388,0
Unvalidated,2024010490065,2024,010490065,2,9,0,99,9,9,99,9,9,99,9,99,1,9,6,1,67,10,-1,-1,-1,-1,7,1,E01001134,0
Unvalidated,2024010490067,2024,010490067,1,3,9,99,9,9,99,9,9,99,9,99,9,1,1,2,21,5,-1,-1,-1,-1,5,1,E01003142,0
Unvalidated,2024010490067,2024,010490067,2,9,9,99,9,9,99,9,9,99,9,99,1,9,6,3,-1,-1,-1,-1,-1,-1,-1,-1,-1,0
Unvalidated,2024010490070,2024,010490070,1,1,9,99,9,9,99,1,9,99,9,99,9,1,6,1,46,8,-1,-1,-1,-1,5,1,E01002636,0
Unvalidated,2024010490070,2024,010490070,2,9,0,99,9,9,99,6,9,99,9,99,1,9,6,3,-1,-1,-1,-1,-1,-1,-1,-1,-1,0
Unvalidated,2024010490074,2024,010490074,1,9,0,99,9,9,99,9,9,99,9,99,9,9,6,3,-1,-1,-1,-1,-1,-1,-1,-1,-1,0
Unvalidated,2024010490076,2024,010490076,1,9,0,18,7,3,0,1,0,0,0,0,4,1,6,2,49,8,-1,-1,-1,-1,2,1,E01004755,0
Unvalidated,2024010490081,2024,010490081,1,9,0,10,7,4,0,1,0,0,0,0,1,1,3,1,71,10,-1,-1,-1,-1,4,1,E01002299,0
Unvalidated,2024010490081,2024,010490081,2,3,0,13,7,3,0,1,2,0,7,0,1,1,2,1,39,7,-1,-1,-1,-1,-1,-1,-1,0
Unvalidated,2024010490084,2024,010490084,1,1,9,99,9,9,99,9,9,99,9,99,1,1,3,2,37,7,-1,-1,-1,-1,6,1,E01002565,0
Unvalidated,2024010490084,2024,010490084,2,9,0,99,9,9,99,9,9,99,9,99,1,9,6,1,37,7,-1,-1,-1,-1,3,1,E01004756,0
Unvalidated,2024010490085,2024,010490085,1,9,0,9,1,6,0,5,0,0,0,0,4,1,6,2,71,10,-1,-1,-1,-1,6,1,E01004581,0
Unvalidated,2024010490085,2024,010490085,2,3,0,18,4,8,0,1,0,0,0,0,1,1,6,1,27,6,-1,-1,-1,-1,2,1,E01001110,0
Unvalidated,2024010490085,2024,010490085,3,9,0,18,5,1,0,1,0,0,0,0,0,1,1,1,29,6,-1,-1,-1,-1,7,1,E01003456,0
Unvalidated,2024010490093,2024,010490093,1,9,0,99,9,9,99,9,9,99,9,99,9,9,6,1,-1,-1,-1,-1,-1,-1,5,1,E01003833,0
Unvalidated,2024010490093,2024,010490093,2,19,0,18,1,5,0,6,0,0,0,0,9,9,6,3,-1,-1,-1,-1,-1,-1,-1,-1,-1,0
Unvalidated,2024010490094,2024,010490094,1,5,0,99,9,9,99,9,9,99,9,99,2,1,2,1,27,6,-1,-1,-1,-1,8,2,E01021347,0
Unvalidated,2024010490094,2024,010490094,2,9,0,99,9,9,99,9,9,99,9,99,1,9,6,3,-1,-1,-1,-1,-1,-1,4,1,E01000171,0
Unvalidated,2024010490099,2024,010490099,1,9,0,9,5,2,0,8,0,0,0,0,4,1,1,2,28,6,-1,-1,-1,-1,3,1,E01001445,0
Unvalidated,2024010490099,2024,010490099,2,9,0,18,1,5,0,8,0,0,0,0,1,1,6,2,52,8,-1,-1,-1,-1,8,1,E01001544,0
Unvalidated,2024010490100,2024,010490100,1,3,0,99,9,9,99,9,9,99,9,99,9,1,1,1,34,6,-1,-1,-1,-1,3,1,E01003570,0
Unvalidated,2024010490100,2024,010490100,2,9,0,99,9,9,99,9,9,99,9,99,1,9,6,3,-1,-1,-1,-1,-1,-1,-1,-1,-1,0
Unvalidated,2024010490103,2024,010490103,1,1,0,99,9,9,99,9,9,99,9,99,9,9,6,3,-1,-1,-1,-1,-1,-1,-1,-1,-1,0
Unvalidated,2024010490105,2024,010490105,1,1,9,99,9,9,99,9,9,99,9,99,2,1,6,2,34,6,-1,-1,-1,-1,10,1,E01003811,0
Unvalidated,2024010490105,2024,010490105,2,9,0,99,9,9,99,9,9,99,9,99,1,9,6,3,-1,-1,-1,-1,-1,-1,-1,-1,-1,0
Unvalidated,2024010490110,2024,010490110,1,9,0,18,1,5,0,1,0,0,0,0,1,1,6,2,45,7,-1,-1,-1,-1,5,1,E01003028,0
Unvalidated,2024010490110,2024,010490110,2,4,0,18,3,7,0,1,0,0,0,0,3,1,1,1,22,5,-1,-1,-1,-1,2,1,E01003168,0
Unvalidated,2024010490111,2024,010490111,1,9,0,99,9,9,99,9,9,99,9,99,1,9,6,3,-1,-1,-1,-1,-1,-1,-1,-1,-1,0
Unvalidated,2024010490113,2024,010490113,1,8,0,18,5,1,0,0,0,0,0,0,1,1,1,1,50,8,-1,-1,-1,-1,3,1,E01001752,0
Unvalidated,2024010490114,2024,010490114,1,8,0,99,9,9,99,9,9,99,9,99,1,9,1,1,59,9,-1,-1,-1,-1,2,1,E01003509,0
Unvalidated,2024010490115,2024,010490115,1,1,9,99,9,9,99,9,9,99,9,99,9,1,2,2,61,9,-1,-1,-1,-1,5,1,E01000310,0
Unvalidated,2024010490115,2024,010490115,2,9,0,99,9,9,99,9,9,99,9,99,9,9,6,3,-1,-1,-1,-1,-1,-1,7,1,E01000145,0
Unvalidated,2024010490116,2024,010490116,1,2,0,99,9,9,99,9,9,99,9,99,9,1,6,1,56,9,-1,-1,-1,-1,4,1,E01002101,0
Unvalidated,2024010490116,2024,010490116,2,19,0,99,9,9,99,9,9,99,9,99,9,9,6,3,-1,-1,-1,-1,-1,-1,-1,-1,-1,0
Unvalidated,2024010490117,2024,010490117,1,23,0,18,3,7,0,0,0,0,0,0,1,1,6,3,-1,-1,-1,-1,-1,-1,-1,-1,-1,0
Unvalidated,2024010490117,2024,010490117,2,9,0,2,0,0,0,0,0,0,0,0,1,1,6,3,-1,-1,-1,-1,-1,-1,-1,-1,-1,0
Unvalidated,2024010490117,2024,010490117,3,9,0,18,7,3,0,0,0,0,0,0,0,1,1,1,24,5,-1,-1,-1,-1,4,1,E01003666,0
Unvalidated,2024010490119,2024,010490119,1,11,0,5,1,5,0,1,0,0,0,0,1,1,1,2,31,6,-1,-1,-1,-1,3,1,E01003725,0
Unvalidated,2024010490120,2024,010490120,1,11,0,4,1,5,2,0,0,0,1,0,1,1,6,1,34,6,-1,-1,-1,-1,-1,-1,-1,0
Unvalidated,2024010490127,2024,010490127,1,19,0,18,1,5,0,1,0,0,0,0,1,1,1,1,39,7,-1,-1,-1,-1,9,3,E01017414,0
Unvalidated,2024010490127,2024,010490127,2,9,0,18,1,5,0,1,0,0,0,0,2,1,6,2,38,7,-1,-1,-1,-1,8,1,E01002163,0
Unvalidated,2024010490127,2024,010490127,3,9,0,18,1,5,0,8,0,0,0,0,1,1,6,3,-1,-1,-1,-1,-1,-1,-1,-1,-1,0
Unvalidated,2024010490129,2024,010490129,1,9,0,18,1,5,0,2,0,0,0,0,2,1,2,1,61,9,-1,-1,-1,-1,-1,-1,-1,0
Unvalidated,2024010490129,2024,010490129,2,3,0,18,3,7,0,1,0,0,0,0,1,1,1,2,28,6,-1,-1,-1,-1,-1,-1,-1,0
Unvalidated,2024010490131,2024,010490131,1,9,0,18,3,7,0,0,0,11,0,0,1,1,6,1,56,9,-1,-1,-1,-1,6,1,E01000306,0
Unvalidated,2024010490133,2024,010490133,1,9,0,99,9,9,0,1,0,0,0,0,9,1,6,1,59,9,-1,-1,-1,-1,4,1,E01004187,0
Unvalidated,2024010490137,2024,010490137,1,9,0,99,9,9,99,9,9,99,9,99,2,9,6,1,42,7,-1,-1,-1,-1,5,1,E01002492,0
Unvalidated,2024010490137,2024,010490137,2,9,0,99,9,9,99,9,9,99,9,99,2,9,6,3,-1,-1,-1,-1,-1,-1,-1,-1,-1,0
Unvalidated,2024010490139,2024,010490139,1,9,0,9,3,2,0,1,0,0,0,0,1,1,6,2,46,8,-1,-1,-1,-1,5,1,E01002011,0
Unvalidated,2024010490143,2024,010490143,1,1,0,18,1,5,0,4,0,0,0,0,1,1,6,1,35,6,-1,-1,-1,-1,2,1,E01001333,0
Unvalidated,2024010490151,2024,010490151,1,9,0,18,1,5,0,0,0,0,0,0,1,1,6,1,26,6,-1,-1,-1,-1,2,1,E01032787,0
Unvalidated,2024010490151,2024,010490151,2,9,0,18,5,1,0,0,0,0,0,0,3,1,6,1,47,8,-1,-1,-1,-1,2,1,E01001283,0
Unvalidated,2024010490154,2024,010490154,1,3,0,18,6,2,0,1,1,0,0,0,1,1,1,1,21,5,-1,-1,-1,-1,5,1,E01002584,0
Unvalidated,2024010490154,2024,010490154,2,9,0,18,2,6,0,1,0,0,0,0,1,1,6,1,37,7,-1,-1,-1,-1,4,1,E01002603,0
Unvalidated,2024010490158,2024,010490158,1,3,0,18,1,5,0,0,2,2,0,0,3,1,1,1,28,6,-1,-1,-1,-1,3,1,E01003574,0
Unvalidated,2024010490158,2024,010490158,2,9,0,18,1,5,0,0,0,0,0,0,1,1,6,3,-1,-1,-1,-1,-1,-1,-1,-1,-1,0
Unvalidated,2024010490161,2024,010490161,1,9,0,18,3,7,0,1,0,0,0,0,1,1,6,3,-1,-1,-1,-1,-1,-1,6,3,E01030677,0
Unvalidated,2024010490161,2024,010490161,2,9,0,18,7,3,0,1,0,0,0,0,1,1,1,1,40,7,-1,-1,-1,-1,3,1,E01002605,0
Unvalidated,2024010490163,2024,010490163,1,9,0,9,5,3,0,8,0,0,0,0,1,1,1,1,48,8,-1,-1,-1,-1,-1,-1,-1,0
Unvalidated,2024010490163,2024,010490163,2,3,0,18,1,5,0,8,0,0,0,0,3,1,1,1,28,6,-1,-1,-1,-1,-1,-1,-1,0
Unvalidated,2024010490166,2024,010490166,1,9,0,18,3,7,0,8,5,4,0,0,4,1,6,2,52,8,-1,-1,-1,-1,8,2,E01024784,0
Unvalidated,2024010490166,2024,010490166,2,9,0,2,0,0,9,1,0,0,0,0,3,2,6,3,-1,-1,-1,-1,-1,-1,-1,-1,-1,0
Unvalidated,2024010490178,2024,010490178,1,9,0,18,5,1,0,7,0,0,0,0,1,1,6,2,35,6,-1,-1,-1,-1,4,1,E01002631,0
Unvalidated,2024010490181,2024,010490181,1,9,9,4,3,7,0,3,9,11,0,0,1,1,6,3,-1,-1,-1,-1,-1,-1,-1,-1,-1,0
Unvalidated,2024010490187,2024,010490187,1,11,0,18,5,1,2,1,0,0,0,0,0,1,1,1,53,8,-1,-1,-1,-1,3,1,E01032574,0
Unvalidated,2024010490190,2024,010490190,1,9,0,1,3,7,0,2,0,0,0,0,2,1,6,2,27,6,-1,-1,-1,-1,6,1,E01001415,0
Unvalidated,2024010490195,2024,010490195,1,3,0,99,9,9,99,1,9,99,9,99,1,1,1,1,31,6,-1,-1,-1,-1,4,1,E01000498,0
Unvalidated,2024010490195,2024,010490195,2,9,0,99,9,9,99,5,9,99,9,99,1,9,6,3,-1,-1,-1,-1,-1,-1,-1,-1,-1,0
Unvalidated,2024010490212,2024,010490212,1,9,0,4,5,1,0,0,0,0,0,0,2,1,6,1,45,7,-1,-1,-1,-1,1,1,E01001458,0
Unvalidated,2024010490212,2024,010490212,2,9,0,18,5,1,0,0,0,0,0,0,1,1,6,2,49,8,-1,-1,-1,-1,3,1,E01021811,0
Unvalidated,2024010490216,2024,010490216,1,9,0,7,5,8,0,6,0,0,0,0,9,1,6,1,71,10,-1,-1,-1,-1,3,1,E01000908,0
Unvalidated,2024010490216,2024,010490216,2,3,0,7,4,6,0,6,0,0,0,0,1,1,6,1,45,7,-1,-1,-1,-1,2,1,E01001110,0
Unvalidated,2024010490222,2024,010490222,1,3,0,99,9,9,99,9,9,99,9,99,9,1,1,1,24,5,-1,-1,-1,-1,3,1,E01001240,0
Unvalidated,2024010490222,2024,010490222,2,3,0,99,9,9,99,9,9,99,9,99,1,1,6,3,-1,-1,-1,-1,-1,-1,-1,-1,-1,0
Unvalidated,2024010490230,2024,010490230,1,11,0,14,3,7,2,1,0,0,0,0,3,1,1,1,50,8,-1,-1,-1,-1,1,1,E01000721,0
Unvalidated,2024010490230,2024,010490230,2,11,0,3,3,7,2,1,0,0,0,0,2,1,1,1,64,9,-1,-1,-1,-1,2,1,E01003310,0
Unvalidated,2024010490235,2024,010490235,1,1,9,13,9,9,99,1,9,99,9,99,1,1,6,1,29,6,-1,-1,-1,-1,2,1,E01003984,0
Unvalidated,2024010490235,2024,010490235,2,19,0,99,9,9,99,5,9,99,9,99,9,9,6,3,-1,-1,-1,-1,-1,-1,-1,-1,-1,0
Unvalidated,2024010490251,2024,010490251,1,11,0,9,7,5,0,8,0,0,0,0,1,1,1,1,46,8,-1,-1,-1,-1,4,1,E01001336,0
Unvalidated,2024010490251,2024,010490251,2,9,0,8,3,5,0,2,0,0,0,0,1,1,6,1,69,10,-1,-1,-1,-1,3,1,E01002589,0
Unvalidated,2024010490251,2024,010490251,3,9,0,3,1,5,0,2,0,0,0,0,2,1,6,2,39,7,-1,-1,-1,-1,4,1,E01002641,0
Unvalidated,2024010490251,2024,010490251,4,9,0,3,1,5,0,2,0,0,0,0,2,1,6,2,46,8,-1,-1,-1,-1,1,1,E01002673,0
Unvalidated,2024010490253,2024,010490253,1,9,0,99,9,9,99,9,9,99,9,99,2,9,6,2,38,7,-1,-1,-1,-1,3,1,E01002585,0
Unvalidated,2024010490253,2024,010490253,2,9,0,99,9,9,99,9,9,99,9,99,0,9,6,3,-1,-1,-1,-1,-1,-1,-1,-1,-1,0
Unvalidated,2024010490255,2024,010490255,1,9,0,99,9,9,99,9,9,99,9,99,4,9,6,3,62,9,-1,-1,-1,-1,6,1,E01002828,0
Unvalidated,2024010490259,2024,010490259,1,19,0,99,9,9,99,9,9,99,9,99,1,9,1,1,58,9,-1,-1,-1,-1,2,1,E01001594,0
Unvalidated,2024010490259,2024,010490259,2,9,0,99,9,9,99,9,9,99,9,99,9,9,6,3,-1,-1,-1,-1,-1,-1,-1,-1,-1,0
Unvalidated,2024010490265,2024,010490265,1,19,0,9,1,7,0,1,0,0,0,0,1,1,6,1,39,7,-1,-1,-1,-1,3,1,E01001864,0
Unvalidated,2024010490266,2024,010490266,1,11,0,18,5,1,0,6,0,0,0,0,0,1,1,1,60,9,-1,-1,-1,-1,4,1,E01004465,0
Unvalidated,2024010490267,2024,010490267,1,3,0,99,9,9,99,9,9,99,9,99,1,1,6,1,40,7,-1,-1,-1,-1,6,1,E01002204,0
Unvalidated,2024010490267,2024,010490267,2,19,9,99,9,9,99,9,9,99,9,99,2,9,6,3,-1,-1,-1,-1,-1,-1,-1,-1,-1,0
Unvalidated,2024010490268,2024,010490268,1,9,0,99,9,9,99,9,9,99,9,99,2,9,6,1,25,5,-1,-1,-1,-1,4,1,E01001329,0
Unvalidated,2024010490268,2024,010490268,2,9,0,99,9,9,99,9,9,99,9,99,9,9,6,3,-1,-1,-1,-1,-1,-1,-1,-1,-1,0
Unvalidated,2024010490270,2024,010490270,1,23,0,99,9,9,99,9,9,99,9,99,1,1,6,3,-1,-1,-1,-1,-1,-1,-1,-1,-1,0
Unvalidated,2024010490271,2024,010490271,1,11,0,18,5,1,2,8,0,0,0,0,1,1,1,1,23,5,-1,-1,-1,-1,5,1,E01000251,0
Unvalidated,2024010490272,2024,010490272,1,9,0,18,5,1,0,0,0,0,1,0,1,1,6,2,50,8,-1,-1,-1,-1,1,1,E01001458,0
Unvalidated,2024010490272,2024,010490272,2,9,0,18,1,5,0,0,0,0,0,0,1,1,6,1,37,7,-1,-1,-1,-1,3,1,E01002079,0
Unvalidated,2024010490275,2024,010490275,1,11,5,18,5,1,0,1,0,0,0,0,1,1,1,1,44,7,-1,-1,-1,-1,3,1,E01000490,0
Unvalidated,2024010490276,2024,010490276,1,4,0,18,5,1,2,0,0,0,0,0,1,1,6,1,32,6,-1,-1,-1,-1,3,1,E01000908,0
Unvalidated,2024010490276,2024,010490276,2,8,0,6,5,5,2,0,0,0,0,0,1,1,6,1,52,8,-1,-1,-1,-1,2,1,E01004211,0
Unvalidated,2024010490278,2024,010490278,1,8,0,18,5,1,0,0,0,0,0,0,1,1,1,1,50,8,-1,-1,-1,-1,2,1,E01032787,0
Unvalidated,2024010490278,2024,010490278,2,9,0,18,5,1,0,0,0,0,0,0,2,1,6,2,40,7,-1,-1,-1,-1,2,1,E01001754,0
Unvalidated,2024010490279,2024,010490279,1,9,0,18,3,7,0,8,0,0,0,0,1,1,6,1,40,7,-1,-1,-1,-1,10,1,E01002191,0
Unvalidated,2024010490279,2024,010490279,2,9,0,18,3,7,0,8,0,0,0,0,2,1,6,2,24,5,-1,-1,-1,-1,9,1,E01002192,0
Unvalidated,2024010490284,2024,010490284,1,9,0,9,7,5,0,8,0,0,0,0,4,1,6,1,29,6,-1,-1,-1,-1,2,1,E01001011,0
Unvalidated,2024010490284,2024,010490284,2,9,0,18,1,5,0,8,0,0,0,0,3,1,1,1,49,8,-1,-1,-1,-1,3,1,E01001045,0
Unvalidated,2024010490291,2024,010490291,1,3,0,18,6,2,0,1,0,0,0,0,1,1,6,1,39,7,-1,-1,-1,-1,3,1,E01000506,0
Unvalidated,2024010490291,2024,010490291,2,9,0,18,1,5,0,6,0,0,0,0,1,1,6,2,25,5,-1,-1,-1,-1,2,1,E01033485,0
Unvalidated,2024010490292,2024,010490292,1,9,0,99,9,9,99,9,9,99,9,99,2,9,6,1,27,6,-1,-1,-1,-1,6,1,E01001269,0
Unvalidated,2024010490292,2024,010490292,2,9,0,18,1,5,0,8,0,0,0,0,1,1,6,3,-1,-1,-1,-1,-1,-1,-1,-1,-1,0
Unvalidated,2024010490299,2024,010490299,1,9,0,5,0,1,0,1,0,0,0,0,3,1,6,1,60,9,-1,-1,-1,-1,5,1,E01003233,0
Unvalidated,2024010490299,2024,010490299,2,1,0,15,1,5,0,1,0,8,0,0,1,1,1,1,29,6,-1,-1,-1,-1,-1,-1,-1,0
Unvalidated,2024010490300,2024,010490300,1,9,0,99,9,9,99,9,9,99,9,99,2,9,6,1,27,6,-1,-1,-1,-1,2,1,E01003059,0
Unvalidated,2024010490300,2024,010490300,2,8,0,99,9,9,99,9,9,99,9,99,1,9,6,3,-1,-1,-1,-1,-1,-1,-1,-1,-1,0
Unvalidated,2024010490303,2024,010490303,1,9,0,7,1,4,0,1,2,7,0,0,1,1,6,1,41,7,-1,-1,-1,-1,3,1,E01000107,0
Unvalidated,2024010490306,2024,010490306,1,11,0,16,3,7,0,1,0,7,0,0,1,1,1,1,59,9,-1,-1,-1,-1,2,1,E01001980,0
Unvalidated,2024010490307,2024,010490307,1,9,0,18,3,7,0,1,5,0,0,0,1,1,6,1,82,11,-1,-1,-1,-1,2,1,E01000386,0
Unvalidated,2024010490307,2024,010490307,2,9,0,11,3,7,0,3,0,0,0,0,2,1,6,1,63,9,-1,-1,-1,-1,9,1,E01000382,0
Unvalidated,2024010490308,2024,010490308,1,9,0,18,5,1,0,0,0,0,0,0,3,1,6,1,34,6,-1,-1,-1,-1,2,1,E01000096,0
Unvalidated,2024010490308,2024,010490308,2,9,0,18,5,1,0,0,0,0,0,0,4,1,6,1,53,8,-1,-1,-1,-1,2,1,E01003580,0
Unvalidated,2024010490309,2024,010490309,1,9,0,18,1,5,0,0,0,10,0,0,1,1,1,1,28,6,-1,-1,-1,-1,2,1,E01004008,0
Unvalidated,2024010490312,2024,010490312,1,19,0,18,1,5,0,2,0,0,0,0,1,1,1,1,48,8,-1,-1,-1,-1,4,1,E01023349,0
Unvalidated,2024010490312,2024,010490312,2,3,0,18,1,5,0,2,0,0,0,0,2,1,1,2,37,7,-1,-1,-1,-1,5,1,E01002184,0
Unvalidated,2024010490314,2024,010490314,1,9,0,18,3,7,0,3,0,0,0,0,3,1,6,1,68,10,-1,-1,-1,-1,7,1,E01000685,0
Unvalidated,2024010490314,2024,010490314,2,9,0,18,5,1,0,3,0,0,0,0,1,1,1,1,64,9,-1,-1,-1,-1,5,1,E01002371,0
Unvalidated,2024010490315,2024,010490315,1,4,0,14,1,5,0,2,0,0,0,0,1,1,1,1,23,5,-1,-1,-1,-1,6,1,E01003393,0
Unvalidated,2024010490317,2024,010490317,1,1,9,99,9,9,99,9,9,99,9,99,1,1,6,1,28,6,-1,-1,-1,-1,2,1,E01003021,0
Unvalidated,2024010490317,2024,010490317,2,9,0,99,9,9,99,9,9,99,9,99,9,9,6,3,20,4,-1,-1,-1,-1,3,1,E01001373,0
Unvalidated,2024010490318,2024,010490318,1,9,0,5,1,5,0,6,0,0,0,0,1,1,6,3,-1,-1,-1,-1,-1,-1,-1,-1,-1,0
Unvalidated,2024010490324,2024,010490324,1,9,0,99,9,9,99,9,9,99,9,99,9,9,6,1,37,7,-1,-1,-1,-1,1,1,E01000782,0
Unvalidated,2024010490324,2024,010490324,2,8,0,99,9,9,99,9,9,99,9,99,9,9,6,1,58,9,-1,-1,-1,-1,2,1,E01001702,0
Unvalidated,2024010490325,2024,010490325,1,1,9,99,9,9,99,9,9,99,9,99,1,1,6,1,28,6,-1,-1,-1,-1,7,1,E01002812,0
Unvalidated,2024010490325,2024,010490325,2,9,0,99,9,9,99,9,9,99,9,99,1,9,6,3,-1,-1,-1,-1,-1,-1,-1,-1,-1,0
Unvalidated,2024010490329,2024,010490329,1,1,9,99,9,9,99,9,9,99,9,99,1,1,6,1,25,5,-1,-1,-1,-1,1,1,E01003246,0
Unvalidated,2024010490329,2024,010490329,2,9,0,99,9,9,99,9,9,99,9,99,9,9,6,3,-1,-1,-1,-1,-1,-1,10,1,E01030903,0
Unvalidated,2024010490332,2024,010490332,1,9,0,99,9,9,99,9,9,99,9,99,1,9,2,1,43,7,-1,-1,-1,-1,2,1,E01000042,0
Unvalidated,2024010490332,2024,010490332,2,9,0,99,9,9,99,9,9,99,9,99,9,9,6,3,-1,-1,-1,-1,-1,-1,-1,-1,-1,0
Unvalidated,2024010490339,2024,010490339,1,9,0,99,9,9,99,9,9,99,9,99,2,9,2,2,18,4,-1,-1,-1,-1,6,1,E01024171,0
Unvalidated,2024010490344,2024,010490344,1,9,0,9,2,7,0,1,0,0,0,0,1,1,6,1,30,6,-1,-1,-1,-1,2,1,E01000129,0
Unvalidated,2024010490344,2024,010490344,2,1,0,18,1,5,9,1,0,0,0,0,1,1,1,1,39,7,-1,-1,-1,-1,4,1,E01033572,0
Unvalidated,2024010490345,2024,010490345,1,8,0,99,9,9,99,9,9,99,9,99,2,9,1,1,47,8,-1,-1,-1,-1,5,1,E01001214,0
Unvalidated,2024010490345,2024,010490345,2,9,9,99,9,9,0,9,0,0,0,0,1,9,6,3,-1,-1,-1,-1,-1,-1,-1,-1,-1,0
Unvalidated,2024010490346,2024,010490346,1,11,0,16,3,7,0,2,0,0,0,0,1,1,1,1,68,10,-1,-1,-1,-1,2,1,E01004011,0
Unvalidated,2024010490346,2024,010490346,2,9,0,16,7,3,0,2,0,0,0,0,2,1,6,2,35,6,-1,-1,-1,-1,4,1,E01003249,0
Unvalidated,2024010490346,2024,010490346,3,19,0,16,7,3,0,2,0,0,0,0,2,1,6,1,44,7,-1,-1,-1,-1,-1,-1,-1,0
Unvalidated,2024010490347,2024,010490347,1,3,0,99,9,9,99,0,9,99,9,99,1,1,1,1,22,5,-1,-1,-1,-1,3,1,E01003493,0
Unvalidated,2024010490347,2024,010490347,2,9,0,99,9,9,99,0,9,99,9,99,9,9,6,3,-1,-1,-1,-1,-1,-1,2,1,E01000604,0
Unvalidated,2024010490357,2024,010490357,1,9,0,99,9,9,99,9,9,99,9,99,9,9,6,1,62,9,-1,-1,-1,-1,7,1,E01002199,0
Unvalidated,2024010490357,2024,010490357,2,9,0,99,9,9,99,9,9,99,9,99,1,9,6,3,-1,-1,-1,-1,-1,-1,-1,-1,-1,0
Unvalidated,2024010490358,2024,010490358,1,1,9,99,9,9,99,9,9,99,9,99,1,1,1,1,27,6,-1,-1,-1,-1,3,1,E01000577,0
Unvalidated,2024010490358,2024,010490358,2,9,0,99,9,9,99,9,9,99,9,99,9,9,6,3,-1,-1,-1,-1,-1,-1,-1,-1,-1,0
Unvalidated,2024010490364,2024,010490364,1,9,0,9,5,3,0,6,0,0,7,0,1,1,6,1,26,6,-1,-1,-1,-1,10,1,E01003881,0
Unvalidated,2024010490364,2024,010490364,2,1,0,18,1,5,4,1,0,0,0,0,1,1,6,2,50,8,-1,-1,-1,-1,9,1,E01003884,0
Unvalidated,2024010490370,2024,010490370,1,9,0,99,9,9,99,9,9,99,9,99,9,9,6,2,62,9,-1,-1,-1,-1,2,1,E01002786,0
Unvalidated,2024010490370,2024,010490370,2,97,0,99,9,9,99,9,9,99,9,99,9,9,6,3,-1,-1,-1,-1,-1,-1,4,1,E01002014,0
Unvalidated,2024010490373,2024,010490373,1,11,0,4,5,1,2,8,0,0,0,0,0,1,1,1,27,6,-1,-1,-1,-1,3,1,E01003493,0
Unvalidated,2024010490376,2024,010490376,1,8,0,99,9,9,99,9,9,99,9,99,2,9,1,1,33,6,-1,-1,-1,-1,2,1,E01000073,0
Unvalidated,2024010490376,2024,010490376,2,9,9,18,5,1,0,4,9,12,0,0,9,9,6,3,-1,-1,-1,-1,-1,-1,-1,-1,-1,0
Unvalidated,2024010490377,2024,010490377,1,1,9,99,9,9,99,9,9,99,9,99,2,1,6,1,27,6,-1,-1,-1,-1,2,1,E01003918,0
Unvalidated,2024010490377,2024,010490377,2,9,0,99,9,9,99,9,9,99,9,99,1,1,6,3,-1,-1,-1,-1,-1,-1,-1,-1,-1,0