status,collision_index,collision_year,collision_reference,vehicle_reference,vehicle_type,towing_and_articulation,vehicle_manoeuvre,vehicle_direction_from,vehicle_direction_to,vehicle_location_restricted_lane,junction_location,skidding_and_overturning,hit_object_in_carriageway,vehicle_leaving_carriageway,hit_object_off_carriageway,first_point_of_impact,vehicle_left_hand_drive,journey_purpose_of_driver,sex_of_driver,age_of_driver,age_band_of_driver,engine_capacity_cc,propulsion_code,age_of_vehicle,generic_make_model,driver_imd_decile,driver_home_area_type,lsoa_of_driver,escooter_flag
Unvalidated,2024010490381,2024,010490381,1,9,0,18,7,3,0,2,0,0,1,0,1,1,6,1,57,9,-1,-1,-1,-1,10,1,E01021244,0
Unvalidated,2024010490383,2024,010490383,1,9,0,99,9,9,99,9,9,99,9,99,9,9,6,2,44,7,-1,-1,-1,-1,6,1,E01003223,0
Unvalidated,2024010490383,2024,010490383,2,1,9,99,9,9,99,9,9,99,9,99,9,1,6,3,-1,-1,-1,-1,-1,-1,-1,-1,-1,0
Unvalidated,2024010490387,2024,010490387,1,1,9,99,9,9,99,9,9,99,9,99,9,1,2,2,48,8,-1,-1,-1,-1,8,1,E01016319,0
Unvalidated,2024010490387,2024,010490387,2,8,0,99,9,9,99,9,9,99,9,99,9,9,6,3,-1,-1,-1,-1,-1,-1,-1,-1,-1,0
Unvalidated,2024010490388,2024,010490388,1,9,0,14,1,5,0,0,0,4,0,0,1,1,6,2,81,11,-1,-1,-1,-1,9,1,E01003365,0
Unvalidated,2024010490388,2024,010490388,2,9,0,2,0,0,0,0,0,0,0,0,3,1,6,3,-1,-1,-1,-1,-1,-1,-1,-1,-1,0
Unvalidated,2024010490391,2024,010490391,1,3,0,18,7,3,0,1,1,0,0,0,0,1,6,2,37,7,-1,-1,-1,-1,3,1,E01002841,0
Unvalidated,2024010490391,2024,010490391,2,9,0,3,7,3,0,1,0,0,0,0,0,1,6,2,39,7,-1,-1,-1,-1,-1,-1,-1,0
Unvalidated,2024010490392,2024,010490392,1,9,0,2,0,0,0,1,0,0,0,0,4,1,6,3,-1,-1,-1,-1,-1,-1,-1,-1,-1,0
Unvalidated,2024010490392,2024,010490392,2,1,0,18,7,3,0,1,0,0,0,0,4,1,1,1,39,7,-1,-1,-1,-1,3,1,E01000052,0
Unvalidated,2024010490393,2024,010490393,1,1,9,99,9,9,99,0,9,99,9,99,1,1,2,2,38,7,-1,-1,-1,-1,3,1,E01004228,0
Unvalidated,2024010490393,2024,010490393,2,9,0,99,9,9,99,0,9,99,9,99,9,9,6,3,-1,-1,-1,-1,-1,-1,-1,-1,-1,0
Unvalidated,2024010490395,2024,010490395,1,9,0,18,8,4,0,1,0,0,0,0,1,1,6,3,-1,-1,-1,-1,-1,-1,-1,-1,-1,0
Unvalidated,2024010490399,2024,010490399,1,9,0,99,9,9,99,9,9,99,9,99,9,9,6,1,18,4,-1,-1,-1,-1,8,1,E01004135,0
Unvalidated,2024010490399,2024,010490399,2,9,0,99,9,9,99,9,9,99,9,99,9,9,6,3,-1,-1,-1,-1,-1,-1,9,1,E01004133,0
Unvalidated,2024010490400,2024,010490400,1,9,0,99,9,9,99,9,9,99,9,99,1,9,6,2,78,11,-1,-1,-1,-1,9,1,E01023849,0
Unvalidated,2024010490400,2024,010490400,2,9,9,99,9,9,99,9,9,99,9,99,9,9,6,3,-1,-1,-1,-1,-1,-1,-1,-1,-1,0
Unvalidated,2024010490406,2024,010490406,1,9,0,99,9,9,99,0,9,99,9,99,4,9,6,2,29,6,-1,-1,-1,-1,3,1,E01001446,0
Unvalidated,2024010490406,2024,010490406,2,9,0,99,9,9,99,0,9,99,9,99,1,9,6,3,-1,-1,-1,-1,-1,-1,8,1,E01001398,0
Unvalidated,2024010490409,2024,010490409,1,9,0,18,5,1,0,3,0,0,0,0,1,1,6,1,-1,-1,-1,-1,-1,-1,-1,-1,-1,0
Unvalidated,2024010490410,2024,010490410,1,9,0,17,3,7,0,2,1,0,0,0,1,1,6,2,47,8,-1,-1,-1,-1,3,1,E01002491,0
Unvalidated,2024010490410,2024,010490410,2,9,0,2,0,0,0,2,0,0,0,0,1,1,6,3,-1,-1,-1,-1,-1,-1,-1,-1,-1,0
Unvalidated,2024010490411,2024,010490411,1,1,0,18,5,1,0,0,0,0,2,10,1,1,1,1,40,7,-1,-1,-1,-1,7,1,E01000297,0
Unvalidated,2024010490413,2024,010490413,1,11,0,18,5,1,0,0,0,0,0,0,4,1,1,1,44,7,-1,-1,-1,-1,-1,-1,-1,0
Unvalidated,2024010490430,2024,010490430,1,3,0,99,9,9,99,9,9,99,9,99,9,1,6,3,-1,-1,-1,-1,-1,-1,-1,-1,-1,0
Unvalidated,2024010490433,2024,010490433,1,9,0,9,7,5,0,5,0,0,0,0,1,1,6,1,24,5,-1,-1,-1,-1,2,1,E01001477,0
Unvalidated,2024010490433,2024,010490433,2,3,0,18,1,5,0,2,0,0,0,0,0,1,6,1,21,5,-1,-1,-1,-1,1,1,E01001729,0
Unvalidated,2024010490438,2024,010490438,1,9,0,99,9,9,99,0,9,99,9,99,1,9,6,2,27,6,-1,-1,-1,-1,3,1,E01000929,0
Unvalidated,2024010490438,2024,010490438,2,9,0,99,9,9,99,0,9,99,9,99,1,9,6,3,-1,-1,-1,-1,-1,-1,-1,-1,-1,0
Unvalidated,2024010490442,2024,010490442,1,9,0,17,3,1,0,8,2,9,0,0,0,1,6,1,28,6,-1,-1,-1,-1,10,1,E01000425,0
Unvalidated,2024010490443,2024,010490443,1,9,0,18,1,5,0,0,0,0,0,0,1,1,6,1,19,4,-1,-1,-1,-1,-1,-1,-1,0
Unvalidated,2024010490443,2024,010490443,2,11,0,2,0,0,0,0,0,0,0,0,1,1,6,3,-1,-1,-1,-1,-1,-1,-1,-1,-1,0
Unvalidated,2024010490445,2024,010490445,1,9,0,18,7,3,0,0,2,7,1,7,4,1,6,1,20,4,-1,-1,-1,-1,3,1,E01002564,0
Unvalidated,2024010490449,2024,010490449,1,1,0,18,7,3,0,8,0,0,0,0,1,1,2,1,24,5,-1,-1,-1,-1,3,1,E01004270,0
Unvalidated,2024010490449,2024,010490449,2,9,0,18,5,1,0,8,0,0,0,0,1,1,1,1,29,6,-1,-1,-1,-1,3,1,E01004259,0
Unvalidated,2024010490454,2024,010490454,1,3,0,99,9,9,99,1,9,99,9,99,9,1,1,1,41,7,-1,-1,-1,-1,4,1,E01000155,0
Unvalidated,2024010490454,2024,010490454,2,9,0,99,9,9,99,6,9,99,9,99,9,9,6,1,36,7,-1,-1,-1,-1,6,1,E01000219,0
Unvalidated,2024010490466,2024,010490466,1,9,0,99,9,9,99,9,9,99,9,99,1,9,2,2,49,8,-1,-1,-1,-1,-1,-1,-1,0
Unvalidated,2024010490466,2024,010490466,2,9,0,99,9,9,99,9,9,99,9,99,0,9,6,3,46,8,-1,-1,-1,-1,4,1,E01016481,0
Unvalidated,2024010490472,2024,010490472,1,9,0,18,1,5,0,0,0,0,0,0,1,1,6,1,-1,-1,-1,-1,-1,-1,-1,-1,-1,0
Unvalidated,2024010490476,2024,010490476,1,3,0,99,9,9,99,9,9,99,9,99,9,1,1,1,20,4,-1,-1,-1,-1,2,1,E01001433,0
Unvalidated,2024010490476,2024,010490476,2,9,0,99,9,9,99,9,9,99,9,99,9,9,6,3,-1,-1,-1,-1,-1,-1,-1,-1,-1,0
Unvalidated,2024010490477,2024,010490477,1,5,0,99,9,9,99,9,9,99,9,99,2,1,6,1,66,10,-1,-1,-1,-1,9,1,E01000446,0
Unvalidated,2024010490477,2024,010490477,2,9,0,99,9,9,99,9,9,99,9,99,1,9,6,3,47,8,-1,-1,-1,-1,4,1,E01003076,0
Unvalidated,2024010490483,2024,010490483,1,9,0,99,9,9,99,9,9,99,9,99,9,9,6,2,32,6,-1,-1,-1,-1,5,1,E01003833,0
Unvalidated,2024010490483,2024,010490483,2,9,0,99,9,9,99,9,9,99,9,99,9,9,6,3,-1,-1,-1,-1,-1,-1,4,1,E01002611,0
Unvalidated,2024010490489,2024,010490489,1,9,0,5,3,7,0,6,0,0,0,0,1,1,6,3,-1,-1,-1,-1,-1,-1,-1,-1,-1,0
Unvalidated,2024010490490,2024,010490490,1,3,0,99,9,9,99,9,9,99,9,99,9,1,6,1,34,6,-1,-1,-1,-1,5,1,E01002219,0
Unvalidated,2024010490490,2024,010490490,2,9,0,99,9,9,99,9,9,99,9,99,1,1,6,3,-1,-1,-1,-1,-1,-1,-1,-1,-1,0
Unvalidated,2024010490497,2024,010490497,1,9,0,18,1,5,0,8,0,0,0,0,1,1,6,3,-1,-1,-1,-1,-1,-1,-1,-1,-1,0
Unvalidated,2024010490497,2024,010490497,2,9,0,3,1,5,0,8,0,0,0,0,2,1,6,2,39,7,-1,-1,-1,-1,7,1,E01000442,0
Unvalidated,2024010490497,2024,010490497,3,9,0,3,1,5,0,8,0,0,0,0,2,1,6,2,45,7,-1,-1,-1,-1,4,1,E01000380,0
Unvalidated,2024010490504,2024,010490504,1,1,9,99,9,9,99,0,9,99,9,99,1,1,2,2,29,6,-1,-1,-1,-1,6,1,E01002933,0
Unvalidated,2024010490504,2024,010490504,2,9,0,99,9,9,99,0,9,99,9,99,9,9,6,3,-1,-1,-1,-1,-1,-1,-1,-1,-1,0
Unvalidated,2024010490506,2024,010490506,1,9,0,18,5,1,0,8,0,0,0,0,1,1,2,1,42,7,-1,-1,-1,-1,10,1,E01016670,0
Unvalidated,2024010490506,2024,010490506,2,1,0,18,6,2,0,8,0,0,0,0,3,1,6,1,20,4,-1,-1,-1,-1,4,1,E01001939,0
Unvalidated,2024010490510,2024,010490510,1,19,0,6,5,5,0,1,0,0,0,0,1,1,1,1,34,6,-1,-1,-1,-1,-1,-1,-1,0
Unvalidated,2024010490512,2024,010490512,1,9,0,16,5,6,0,8,0,0,0,0,1,1,2,2,43,7,-1,-1,-1,-1,1,1,E01003488,0
Unvalidated,2024010490512,2024,010490512,2,9,0,9,3,1,0,4,0,0,0,0,1,1,2,1,40,7,-1,-1,-1,-1,5,1,E01003939,0
Unvalidated,2024010490515,2024,010490515,1,3,0,99,9,9,99,9,9,99,9,99,9,1,1,1,39,7,-1,-1,-1,-1,2,1,E01003197,0
Unvalidated,2024010490515,2024,010490515,2,9,0,99,9,9,99,9,9,99,9,99,9,9,6,3,-1,-1,-1,-1,-1,-1,-1,-1,-1,0
Unvalidated,2024010490518,2024,010490518,1,9,0,17,5,1,0,8,0,0,0,0,0,1,6,1,84,11,-1,-1,-1,-1,9,1,E01001020,0
Unvalidated,2024010490518,2024,010490518,2,3,0,16,5,1,0,8,0,0,0,0,0,1,6,1,34,6,-1,-1,-1,-1,7,1,E01030851,0
Unvalidated,2024010490521,2024,010490521,1,5,0,13,3,7,0,2,0,0,0,0,4,1,6,1,42,7,-1,-1,-1,-1,-1,-1,-1,0
Unvalidated,2024010490521,2024,010490521,2,9,0,18,3,7,0,2,0,0,0,0,3,1,6,1,59,9,-1,-1,-1,-1,2,1,E01003973,0
Unvalidated,2024010490525,2024,010490525,1,19,0,99,9,9,99,9,9,99,0,0,9,9,1,1,33,6,-1,-1,-1,-1,2,1,E01024277,0
Unvalidated,2024010490525,2024,010490525,2,9,0,99,9,9,99,9,9,99,0,0,9,9,6,3,-1,-1,-1,-1,-1,-1,7,1,E01000442,0
Unvalidated,2024010490527,2024,010490527,1,3,4,99,9,9,99,9,9,99,9,99,1,1,1,1,40,7,-1,-1,-1,-1,2,1,E01003258,0
Unvalidated,2024010490527,2024,010490527,2,9,9,99,9,9,99,9,9,99,9,99,9,9,6,1,-1,-1,-1,-1,-1,-1,-1,-1,-1,0
Unvalidated,2024010490534,2024,010490534,1,3,4,99,9,9,99,9,9,99,9,99,2,1,6,1,28,6,-1,-1,-1,-1,10,1,E01002390,0
Unvalidated,2024010490535,2024,010490535,1,11,0,18,8,4,0,0,0,0,0,0,0,1,1,1,25,5,-1,-1,-1,-1,3,1,E01000092,0
Unvalidated,2024010490538,2024,010490538,1,3,0,99,9,9,99,9,9,99,9,99,9,1,2,1,20,4,-1,-1,-1,-1,3,1,E01003493,0
Unvalidated,2024010490538,2024,010490538,2,9,0,99,9,9,99,9,9,99,9,99,9,9,6,3,-1,-1,-1,-1,-1,-1,-1,-1,-1,0
Unvalidated,2024010490547,2024,010490547,1,9,0,99,9,9,99,9,9,99,9,99,2,9,6,1,22,5,-1,-1,-1,-1,2,1,E01003499,0
Unvalidated,2024010490547,2024,010490547,2,9,0,99,9,9,99,9,9,99,9,99,1,9,6,3,-1,-1,-1,-1,-1,-1,2,1,E01003634,0
Unvalidated,2024010490552,2024,010490552,1,11,0,7,2,4,2,0,0,0,0,0,1,1,6,1,43,7,-1,-1,-1,-1,6,1,E01003232,0
Unvalidated,2024010490558,2024,010490558,1,9,0,18,4,8,0,0,0,0,0,0,1,1,6,3,-1,-1,-1,-1,-1,-1,-1,-1,-1,0
Unvalidated,2024010490569,2024,010490569,1,9,0,99,9,9,99,9,9,99,9,99,2,9,6,2,38,7,-1,-1,-1,-1,7,1,E01023863,0
Unvalidated,2024010490571,2024,010490571,1,1,9,99,9,9,99,9,9,99,9,99,9,1,2,1,68,10,-1,-1,-1,-1,6,1,E01004509,0
Unvalidated,2024010490571,2024,010490571,2,9,0,99,9,9,99,9,9,99,9,99,1,9,6,3,46,8,-1,-1,-1,-1,9,1,E01030571,0
Unvalidated,2024010490574,2024,010490574,1,3,0,99,9,9,99,9,9,99,9,99,1,1,6,1,29,6,-1,-1,-1,-1,2,1,E01033327,0
Unvalidated,2024010490574,2024,010490574,2,9,0,99,9,9,99,9,9,99,9,99,1,9,6,3,-1,-1,-1,-1,-1,-1,-1,-1,-1,0
Unvalidated,2024010490579,2024,010490579,1,1,9,99,9,9,99,9,9,99,9,99,9,1,2,1,48,8,-1,-1,-1,-1,7,1,E01003419,0
Unvalidated,2024010490579,2024,010490579,2,19,0,99,9,9,99,9,9,99,9,99,1,9,6,3,64,9,-1,-1,-1,-1,3,1,E01003439,0
Unvalidated,2024010490585,2024,010490585,1,9,0,18,4,8,0,0,0,0,0,0,0,1,6,2,62,9,-1,-1,-1,-1,5,1,E01023936,0
Unvalidated,2024010490585,2024,010490585,2,1,0,18,4,8,0,0,2,0,0,0,1,1,6,1,18,4,-1,-1,-1,-1,5,1,E01000159,0
Unvalidated,2024010490591,2024,010490591,1,9,0,18,3,7,0,1,0,0,0,0,0,1,6,1,36,7,-1,-1,-1,-1,9,1,E01004116,0
Unvalidated,2024010490591,2024,010490591,2,19,0,18,3,7,0,1,0,0,0,0,1,1,6,1,20,4,-1,-1,-1,-1,6,1,E01004108,0
Unvalidated,2024010490592,2024,010490592,1,9,0,18,5,1,0,2,0,11,0,0,1,1,6,1,76,11,-1,-1,-1,-1,5,1,E01002652,0
Unvalidated,2024010490597,2024,010490597,1,19,0,8,6,8,0,1,0,99,1,0,2,9,6,3,-1,-1,-1,-1,-1,-1,-1,-1,-1,0
Unvalidated,2024010490597,2024,010490597,2,1,0,10,6,3,0,1,0,0,0,0,2,1,6,1,15,3,-1,-1,-1,-1,8,1,E01004543,0
Unvalidated,2024010490598,2024,010490598,1,10,0,18,5,1,0,1,0,0,0,0,4,1,6,1,30,6,-1,-1,-1,-1,3,1,E01002401,0
Unvalidated,2024010490599,2024,010490599,1,11,0,5,5,1,0,4,0,0,0,0,1,1,6,1,37,7,-1,-1,-1,-1,4,1,E01002696,0
Unvalidated,2024010490600,2024,010490600,1,3,0,18,5,1,0,8,0,0,0,0,1,1,1,1,27,6,-1,-1,-1,-1,6,1,E01002358,0
Unvalidated,2024010490600,2024,010490600,2,9,0,9,7,5,0,8,0,0,0,0,1,1,6,1,29,6,-1,-1,-1,-1,4,1,E01000113,0
Unvalidated,2024010490602,2024,010490602,1,9,0,9,5,2,0,1,0,0,0,0,1,2,1,1,33,6,-1,-1,-1,-1,3,1,E01001166,0
Unvalidated,2024010490602,2024,010490602,2,1,0,5,7,3,2,5,0,0,0,0,3,1,2,1,33,6,-1,-1,-1,-1,3,1,E01032764,0
Unvalidated,2024010490604,2024,010490604,1,9,0,5,1,5,0,6,0,0,0,0,1,1,6,1,40,7,-1,-1,-1,-1,2,1,E01001014,0
Unvalidated,2024010490604,2024,010490604,2,9,0,17,5,1,0,1,0,0,0,0,1,1,6,1,22,5,-1,-1,-1,-1,3,1,E01001147,0
Unvalidated,2024010490606,2024,010490606,1,9,0,7,2,4,9,1,0,0,0,0,1,1,2,1,56,9,-1,-1,-1,-1,5,1,E01000360,0
Unvalidated,2024010490606,2024,010490606,2,9,0,2,0,0,9,1,0,0,0,0,2,1,6,3,-1,-1,-1,-1,-1,-1,-1,-1,-1,0
Unvalidated,2024010490607,2024,010490607,1,1,9,99,9,9,99,9,9,99,9,99,1,1,6,1,-1,-1,-1,-1,-1,-1,8,1,E01003417,0
Unvalidated,2024010490609,2024,010490609,1,9,9,99,9,9,99,9,9,99,9,99,9,9,6,3,-1,-1,-1,-1,-1,-1,-1,-1,-1,0
Unvalidated,2024010490611,2024,010490611,1,11,0,5,3,7,0,1,0,0,0,0,1,1,1,1,65,9,-1,-1,-1,-1,3,1,E01001864,0
Unvalidated,2024010490616,2024,010490616,1,9,0,18,7,3,0,1,0,0,4,6,1,1,6,1,29,6,-1,-1,-1,-1,10,1,E01000276,0
Unvalidated,2024010490616,2024,010490616,2,9,0,12,7,3,0,1,0,0,0,0,3,1,1,1,58,9,-1,-1,-1,-1,-1,-1,-1,0
Unvalidated,2024010490617,2024,010490617,1,9,0,99,9,9,99,9,9,99,9,99,0,9,2,2,38,7,-1,-1,-1,-1,5,1,E01000375,0
Unvalidated,2024010490618,2024,010490618,1,9,0,18,7,3,0,1,0,0,0,0,1,1,6,1,24,5,-1,-1,-1,-1,-1,-1,-1,0
Unvalidated,2024010490618,2024,010490618,2,8,0,18,7,3,0,1,0,0,0,0,1,1,6,1,62,9,-1,-1,-1,-1,9,1,E01002286,0
Unvalidated,2024010490618,2024,010490618,3,9,0,18,7,3,0,1,0,0,0,0,0,1,1,1,34,6,-1,-1,-1,-1,-1,-1,-1,0
Unvalidated,2024010490623,2024,010490623,1,9,0,9,7,5,0,6,0,0,0,0,3,1,6,1,64,9,-1,-1,-1,-1,3,1,E01001715,0
Unvalidated,2024010490624,2024,010490624,1,9,0,5,3,7,0,8,0,0,0,0,1,1,6,3,-1,-1,-1,-1,-1,-1,-1,-1,-1,0
Unvalidated,2024010490629,2024,010490629,1,1,0,7,5,6,0,8,0,0,0,0,1,1,6,1,24,5,-1,-1,-1,-1,-1,-1,-1,0
Unvalidated,2024010490629,2024,010490629,2,90,0,18,5,1,0,1,0,0,0,0,1,1,6,2,24,5,-1,-1,-1,-1,3,1,E01003532,1
Unvalidated,2024010490633,2024,010490633,1,9,0,3,1,5,9,2,0,10,1,1,1,1,1,1,61,9,-1,-1,-1,-1,5,1,E01003134,0
Unvalidated,2024010490636,2024,010490636,1,9,0,99,9,9,99,9,9,99,9,99,1,1,6,3,-1,-1,-1,-1,-1,-1,-1,-1,-1,0
Unvalidated,2024010490638,2024,010490638,1,1,9,99,9,9,99,9,9,99,9,99,9,1,2,1,58,9,-1,-1,-1,-1,4,1,E01004642,0
Unvalidated,2024010490638,2024,010490638,2,9,0,99,9,9,99,9,9,99,9,99,9,9,6,3,-1,-1,-1,-1,-1,-1,-1,-1,-1,0
Unvalidated,2024010490639,2024,010490639,1,3,0,99,9,9,99,9,9,99,9,99,9,1,2,3,38,7,-1,-1,-1,-1,2,1,E01003604,0
Unvalidated,2024010490639,2024,010490639,2,9,0,99,9,9,99,9,9,99,9,99,9,9,6,3,-1,-1,-1,-1,-1,-1,-1,-1,-1,0
Unvalidated,2024010490640,2024,010490640,1,9,0,9,5,2,0,5,0,12,7,0,1,1,1,1,62,9,-1,-1,-1,-1,2,1,E01001250,0
Unvalidated,2024010490641,2024,010490641,1,9,0,5,1,5,0,0,0,0,0,0,3,1,2,2,44,7,-1,-1,-1,-1,2,1,E01004185,0
Unvalidated,2024010490650,2024,010490650,1,11,0,99,9,9,99,9,9,99,9,99,9,9,6,3,-1,-1,-1,-1,-1,-1,-1,-1,-1,0
Unvalidated,2024010490651,2024,010490651,1,1,9,99,9,9,99,9,9,99,9,99,9,1,2,2,60,9,-1,-1,-1,-1,8,1,E01000896,0
Unvalidated,2024010490651,2024,010490651,2,9,0,99,9,9,99,9,9,99,9,99,9,9,6,3,-1,-1,-1,-1,-1,-1,-1,-1,-1,0
Unvalidated,2024010490654,2024,010490654,1,9,0,99,9,9,99,9,9,99,9,99,2,9,6,2,30,6,-1,-1,-1,-1,1,1,E01002588,0
Unvalidated,2024010490654,2024,010490654,2,9,0,99,9,9,99,9,9,99,9,99,0,9,6,1,18,4,-1,-1,-1,-1,-1,-1,-1,0
Unvalidated,2024010490657,2024,010490657,1,9,0,1,1,5,9,0,0,0,0,0,2,1,6,1,31,6,-1,-1,-1,-1,2,1,E01001761,0
Unvalidated,2024010490664,2024,010490664,1,19,0,7,7,1,5,8,0,0,0,0,1,1,1,1,60,9,-1,-1,-1,-1,7,1,E01004149,0
Unvalidated,2024010490664,2024,010490664,2,1,0,18,3,7,5,8,5,0,0,0,1,1,2,2,24,5,-1,-1,-1,-1,3,1,E01004031,0
Unvalidated,2024010490665,2024,010490665,1,9,0,99,9,9,99,9,9,99,9,99,1,9,6,3,-1,-1,-1,-1,-1,-1,-1,-1,-1,0
Unvalidated,2024010490666,2024,010490666,1,3,0,99,9,9,99,9,9,99,9,99,9,1,1,2,35,6,-1,-1,-1,-1,-1,-1,-1,0
Unvalidated,2024010490666,2024,010490666,2,9,9,99,9,9,99,9,9,99,9,99,9,9,6,3,-1,-1,-1,-1,-1,-1,-1,-1,-1,0
Unvalidated,2024010490668,2024,010490668,1,3,0,99,9,9,99,9,9,99,9,99,1,1,6,1,23,5,-1,-1,-1,-1,5,1,E01002371,0
Unvalidated,2024010490668,2024,010490668,2,9,0,99,9,9,99,9,9,99,9,99,2,9,6,3,-1,-1,-1,-1,-1,-1,-1,-1,-1,0
Unvalidated,2024010490676,2024,010490676,1,19,0,4,5,1,0,1,0,0,0,0,1,1,1,1,38,7,-1,-1,-1,-1,2,1,E01021851,0
Unvalidated,2024010490677,2024,010490677,1,1,9,99,9,9,99,9,9,99,9,99,9,1,6,1,36,7,-1,-1,-1,-1,3,1,E01003534,0
Unvalidated,2024010490677,2024,010490677,2,9,0,99,9,9,99,9,9,99,9,99,1,9,6,3,-1,-1,-1,-1,-1,-1,-1,-1,-1,0
Unvalidated,2024010490678,2024,010490678,1,3,0,99,9,9,99,9,9,99,9,99,1,1,6,1,34,6,-1,-1,-1,-1,8,1,E01022502,0
Unvalidated,2024010490678,2024,010490678,2,9,0,99,9,9,99,9,9,99,9,99,9,9,6,3,-1,-1,-1,-1,-1,-1,-1,-1,-1,0
Unvalidated,2024010490680,2024,010490680,1,19,9,99,9,9,99,0,9,99,9,99,9,9,6,3,-1,-1,-1,-1,-1,-1,-1,-1,-1,0
Unvalidated,2024010490683,2024,010490683,1,9,0,99,9,9,99,0,9,99,9,99,2,9,6,1,42,7,-1,-1,-1,-1,4,1,E01000031,0
Unvalidated,2024010490683,2024,010490683,2,19,0,3,3,7,0,0,0,0,0,0,1,1,6,1,39,7,-1,-1,-1,-1,4,1,E01002250,0
Unvalidated,2024010490686,2024,010490686,1,10,0,5,3,7,0,2,0,0,0,0,4,1,1,1,70,10,-1,-1,-1,-1,7,1,E01004102,0
Unvalidated,2024010490695,2024,010490695,1,9,0,18,7,3,0,8,0,0,0,0,3,1,1,1,49,8,-1,-1,-1,-1,2,1,E01001830,0
Unvalidated,2024010490695,2024,010490695,2,9,0,18,1,5,0,8,0,0,0,0,1,1,6,1,49,8,-1,-1,-1,-1,2,1,E01001773,0
Unvalidated,2024010490700,2024,010490700,1,9,0,18,6,2,0,1,0,0,0,0,3,1,3,2,24,5,-1,-1,-1,-1,5,1,E01003284,0
Unvalidated,2024010490701,2024,010490701,1,9,0,99,9,9,99,9,9,99,9,99,9,9,6,3,-1,-1,-1,-1,-1,-1,-1,-1,-1,0
Unvalidated,2024010490707,2024,010490707,1,9,0,7,7,2,0,5,0,0,0,0,4,1,2,2,50,8,-1,-1,-1,-1,6,1,E01001195,0
Unvalidated,2024010490707,2024,010490707,2,1,0,18,7,3,0,1,0,0,0,0,1,1,1,1,26,6,-1,-1,-1,-1,6,1,E01001387,0
Unvalidated,2024010490708,2024,010490708,1,9,0,5,5,1,0,6,0,0,0,0,1,1,6,2,51,8,-1,-1,-1,-1,3,1,E01000195,0
Unvalidated,2024010490708,2024,010490708,2,11,0,18,3,7,0,8,0,0,0,0,1,1,1,1,62,9,-1,-1,-1,-1,2,1,E01000289,0
Unvalidated,2024010490709,2024,010490709,1,9,0,10,3,1,0,6,0,0,0,0,4,1,6,1,27,6,-1,-1,-1,-1,5,1,E01002501,0
Unvalidated,2024010490711,2024,010490711,1,19,0,18,3,7,0,0,0,0,0,0,3,1,1,1,63,9,-1,-1,-1,-1,2,1,E01002077,0
Unvalidated,2024010490711,2024,010490711,2,9,0,18,7,3,0,0,0,0,0,0,3,1,2,1,40,7,-1,-1,-1,-1,6,1,E01023632,0
Unvalidated,2024010490711,2024,010490711,3,9,0,2,0,0,9,0,0,0,0,0,3,1,6,3,-1,-1,-1,-1,-1,-1,-1,-1,-1,0
Unvalidated,2024010490711,2024,010490711,4,19,0,2,0,0,0,0,0,0,0,0,3,1,6,3,-1,-1,-1,-1,-1,-1,-1,-1,-1,0
Unvalidated,2024010490712,2024,010490712,1,4,0,18,1,5,2,1,1,0,0,0,4,1,6,1,42,7,-1,-1,-1,-1,5,1,E01000140,0
Unvalidated,2024010490712,2024,010490712,2,9,0,7,1,3,0,1,0,0,0,0,3,1,6,1,23,5,-1,-1,-1,-1,8,1,E01000253,0
Unvalidated,2024010490722,2024,010490722,1,3,9,99,9,9,99,9,9,99,9,99,1,1,1,2,30,6,-1,-1,-1,-1,2,1,E01004435,0
Unvalidated,2024010490722,2024,010490722,2,9,9,99,9,9,99,9,9,99,9,99,9,9,6,3,-1,-1,-1,-1,-1,-1,-1,-1,-1,0
Unvalidated,2024010490723,2024,010490723,1,9,0,1,3,7,9,6,0,0,0,0,2,1,6,1,52,8,-1,-1,-1,-1,7,1,E01000791,0
Unvalidated,2024010490725,2024,010490725,1,19,0,9,1,6,0,5,0,0,0,0,1,1,1,1,40,7,-1,-1,-1,-1,6,1,E01001269,0
Unvalidated,2024010490725,2024,010490725,2,1,0,18,5,1,4,8,0,0,0,0,3,1,2,1,34,6,-1,-1,-1,-1,3,1,E01000735,0
Unvalidated,2024010490726,2024,010490726,1,9,0,18,5,1,0,0,0,0,0,0,4,1,3,1,35,6,-1,-1,-1,-1,-1,-1,-1,0
Unvalidated,2024010490727,2024,010490727,1,9,0,5,8,4,0,1,1,0,0,0,2,1,6,1,56,9,-1,-1,-1,-1,7,2,E01031541,0
Unvalidated,2024010490727,2024,010490727,2,9,0,5,6,2,0,1,1,0,0,0,2,1,6,2,43,7,-1,-1,-1,-1,7,1,E01030423,0
Unvalidated,2024010490728,2024,010490728,1,9,0,99,9,9,99,9,9,99,9,99,2,9,6,2,43,7,-1,-1,-1,-1,8,1,E01000343,0
Unvalidated,2024010490728,2024,010490728,2,9,0,99,9,9,99,9,9,99,9,99,1,9,6,1,62,9,-1,-1,-1,-1,10,1,E01000425,0
Unvalidated,2024010490736,2024,010490736,1,9,0,10,1,6,0,1,0,0,0,0,1,1,6,1,37,7,-1,-1,-1,-1,7,1,E01003815,0
Unvalidated,2024010490736,2024,010490736,2,3,0,14,1,5,0,1,0,0,0,0,3,1,6,1,18,4,-1,-1,-1,-1,3,1,E01002605,0