status,collision_index,collision_year,collision_reference,vehicle_reference,vehicle_type,towing_and_articulation,vehicle_manoeuvre,vehicle_direction_from,vehicle_direction_to,vehicle_location_restricted_lane,junction_location,skidding_and_overturning,hit_object_in_carriageway,vehicle_leaving_carriageway,hit_object_off_carriageway,first_point_of_impact,vehicle_left_hand_drive,journey_purpose_of_driver,sex_of_driver,age_of_driver,age_band_of_driver,engine_capacity_cc,propulsion_code,age_of_vehicle,generic_make_model,driver_imd_decile,driver_home_area_type,lsoa_of_driver,escooter_flag
Unvalidated,2024010490738,2024,010490738,1,9,0,5,7,3,0,4,0,0,0,0,1,1,6,1,75,10,-1,-1,-1,-1,5,1,E01000450,0
Unvalidated,2024010490738,2024,010490738,2,9,0,3,7,3,0,4,0,0,3,0,1,1,6,2,60,9,-1,-1,-1,-1,5,1,E01001677,0
Unvalidated,2024010490739,2024,010490739,1,9,0,18,7,3,0,0,0,0,0,0,2,1,6,2,51,8,-1,-1,-1,-1,7,1,E01002343,0
Unvalidated,2024010490739,2024,010490739,2,9,0,11,7,3,0,0,0,0,0,0,1,1,6,1,29,6,-1,-1,-1,-1,1,1,E01016006,0
Unvalidated,2024010490740,2024,010490740,1,9,0,99,9,9,99,9,9,99,9,99,9,9,2,2,29,6,-1,-1,-1,-1,6,1,E01030755,0
Unvalidated,2024010490740,2024,010490740,2,9,0,99,9,9,99,9,9,99,9,99,1,9,6,1,-1,-1,-1,-1,-1,-1,9,1,E01031004,0
Unvalidated,2024010490740,2024,010490740,3,90,0,99,9,9,99,9,9,99,9,99,9,9,6,1,56,9,-1,-1,-1,-1,9,1,E01030718,0
Unvalidated,2024010490744,2024,010490744,1,9,0,7,1,3,0,6,1,0,0,0,1,1,6,2,22,5,-1,-1,-1,-1,5,1,E01001293,0
Unvalidated,2024010490744,2024,010490744,2,19,0,13,3,7,0,1,0,0,0,0,1,1,1,1,26,6,-1,-1,-1,-1,6,1,E01000306,0
Unvalidated,2024010490746,2024,010490746,1,9,0,3,7,3,0,1,0,0,0,0,2,1,2,2,41,7,-1,-1,-1,-1,4,1,E01016135,0
Unvalidated,2024010490746,2024,010490746,2,9,0,4,7,3,0,1,0,0,0,0,2,1,2,1,35,6,-1,-1,-1,-1,4,1,E01000418,0
Unvalidated,2024010490746,2024,010490746,3,9,0,18,7,3,0,1,0,0,0,0,1,1,6,1,34,6,-1,-1,-1,-1,2,1,E01004284,0
Unvalidated,2024010490749,2024,010490749,1,9,0,9,7,5,0,8,0,0,0,0,1,1,6,3,-1,-1,-1,-1,-1,-1,-1,-1,-1,0
Unvalidated,2024010490749,2024,010490749,2,9,0,18,3,7,0,1,0,0,1,0,1,1,2,1,76,11,-1,-1,-1,-1,4,1,E01001137,0
Unvalidated,2024010490749,2024,010490749,3,9,0,2,0,0,0,8,0,0,0,0,3,1,6,3,-1,-1,-1,-1,-1,-1,-1,-1,-1,0
Unvalidated,2024010490751,2024,010490751,1,3,0,99,9,9,99,9,9,99,9,99,2,1,6,1,30,6,-1,-1,-1,-1,8,1,E01000210,0
Unvalidated,2024010490751,2024,010490751,2,9,0,99,9,9,99,9,9,99,9,99,2,9,6,3,-1,-1,-1,-1,-1,-1,-1,-1,-1,0
Unvalidated,2024010490754,2024,010490754,1,3,0,99,9,9,99,9,9,99,9,99,1,1,6,1,28,6,-1,-1,-1,-1,2,1,E01003120,0
Unvalidated,2024010490754,2024,010490754,2,9,0,99,9,9,99,9,9,99,9,99,9,9,6,3,-1,-1,-1,-1,-1,-1,-1,-1,-1,0
Unvalidated,2024010490759,2024,010490759,1,5,0,99,9,9,99,9,9,99,9,99,1,1,2,1,29,6,-1,-1,-1,-1,9,1,E01002471,0
Unvalidated,2024010490759,2024,010490759,2,9,0,99,9,9,99,9,9,99,9,99,1,9,6,3,26,6,-1,-1,-1,-1,3,1,E01003819,0
Unvalidated,2024010490763,2024,010490763,1,3,0,99,9,9,99,9,9,99,9,99,2,1,1,1,49,8,-1,-1,-1,-1,2,1,E01000042,0
Unvalidated,2024010490763,2024,010490763,2,9,0,99,9,9,99,9,9,99,9,99,1,9,6,3,-1,-1,-1,-1,-1,-1,-1,-1,-1,0
Unvalidated,2024010490766,2024,010490766,1,3,0,99,9,9,99,9,9,99,9,99,9,1,2,1,39,7,-1,-1,-1,-1,6,1,E01033083,0
Unvalidated,2024010490766,2024,010490766,2,90,0,99,9,9,99,9,9,99,9,99,9,9,6,3,-1,-1,-1,-1,-1,-1,-1,-1,-1,0
Unvalidated,2024010490769,2024,010490769,1,9,0,7,4,7,0,1,0,0,0,0,4,1,6,1,37,7,-1,-1,-1,-1,3,1,E01002772,0
Unvalidated,2024010490779,2024,010490779,1,9,0,99,9,9,99,9,9,99,9,99,9,9,1,1,33,6,-1,-1,-1,-1,2,1,E01003523,0
Unvalidated,2024010490779,2024,010490779,2,9,9,99,9,9,99,9,9,99,9,99,9,9,6,3,-1,-1,-1,-1,-1,-1,-1,-1,-1,0
Unvalidated,2024010490780,2024,010490780,1,9,0,18,7,3,0,1,0,0,0,0,3,1,6,2,62,9,-1,-1,-1,-1,7,1,E01002412,0
Unvalidated,2024010490781,2024,010490781,1,8,0,9,1,6,0,1,0,0,0,0,1,1,1,1,54,8,-1,-1,-1,-1,1,1,E01004222,0
Unvalidated,2024010490781,2024,010490781,2,2,0,18,1,5,0,8,5,0,0,0,1,1,6,1,16,4,-1,-1,-1,-1,1,1,E01004464,0
Unvalidated,2024010490783,2024,010490783,1,9,0,99,9,9,99,9,9,99,9,99,1,9,6,3,34,6,-1,-1,-1,-1,-1,-1,-1,0
Unvalidated,2024010490785,2024,010490785,1,4,0,18,8,4,9,0,0,0,0,0,1,1,6,3,-1,-1,-1,-1,-1,-1,-1,-1,-1,0
Unvalidated,2024010490790,2024,010490790,1,19,0,18,5,1,0,7,0,0,0,0,1,1,1,1,39,7,-1,-1,-1,-1,8,2,E01014868,0
Unvalidated,2024010490790,2024,010490790,2,9,0,13,5,1,0,7,0,0,0,0,1,1,2,2,40,7,-1,-1,-1,-1,2,1,E01000604,0
Unvalidated,2024010490790,2024,010490790,3,9,0,13,5,1,0,7,0,0,0,0,0,1,1,1,53,8,-1,-1,-1,-1,6,1,E01002138,0
Unvalidated,2024010490791,2024,010490791,1,9,9,99,9,9,99,9,9,99,9,99,9,9,6,3,-1,-1,-1,-1,-1,-1,-1,-1,-1,0
Unvalidated,2024010490796,2024,010490796,1,9,0,5,5,1,0,3,0,0,0,0,1,1,6,1,19,4,-1,-1,-1,-1,5,1,E01024356,0
Unvalidated,2024010490796,2024,010490796,2,1,0,4,3,7,0,4,0,9,0,0,1,1,6,1,43,7,-1,-1,-1,-1,3,1,E01001938,0
Unvalidated,2024010490797,2024,010490797,1,1,9,99,9,9,99,9,9,99,9,99,9,1,6,1,34,6,-1,-1,-1,-1,3,1,E01033709,0
Unvalidated,2024010490797,2024,010490797,2,9,0,99,9,9,99,9,9,99,9,99,1,9,6,3,-1,-1,-1,-1,-1,-1,-1,-1,-1,0
Unvalidated,2024010490798,2024,010490798,1,9,0,99,9,9,99,9,9,99,9,99,1,9,6,2,32,6,-1,-1,-1,-1,2,1,E01033578,0
Unvalidated,2024010490798,2024,010490798,2,9,0,99,9,9,99,9,9,99,9,99,1,9,6,3,-1,-1,-1,-1,-1,-1,-1,-1,-1,0
Unvalidated,2024010490802,2024,010490802,1,9,0,99,9,9,99,9,9,99,9,99,2,9,6,2,39,7,-1,-1,-1,-1,4,1,E01023337,0
Unvalidated,2024010490804,2024,010490804,1,9,0,99,9,9,99,9,9,99,9,99,9,9,6,3,49,8,-1,-1,-1,-1,4,1,E01002894,0
Unvalidated,2024010490805,2024,010490805,1,9,0,9,5,3,4,6,0,0,0,0,4,1,6,3,-1,-1,-1,-1,-1,-1,-1,-1,-1,0
Unvalidated,2024010490805,2024,010490805,2,1,0,5,3,7,4,6,5,0,0,0,1,1,1,1,29,6,-1,-1,-1,-1,1,1,E01003961,0
Unvalidated,2024010490806,2024,010490806,1,9,0,7,7,1,0,5,0,0,0,0,1,1,1,1,47,8,-1,-1,-1,-1,4,1,E01002267,0
Unvalidated,2024010490806,2024,010490806,2,1,0,18,7,3,4,5,0,0,0,0,3,1,2,1,20,4,-1,-1,-1,-1,1,1,E01004324,0
Unvalidated,2024010490808,2024,010490808,1,9,0,18,1,5,0,1,1,0,0,0,3,1,6,2,28,6,-1,-1,-1,-1,4,1,E01001097,0
Unvalidated,2024010490808,2024,010490808,2,9,0,18,3,7,0,1,1,0,0,0,1,1,6,1,29,6,-1,-1,-1,-1,10,2,E01031720,0
Unvalidated,2024010490810,2024,010490810,1,9,0,1,7,3,0,2,0,0,0,0,2,1,6,1,26,6,-1,-1,-1,-1,4,1,E01004254,0
Unvalidated,2024010490812,2024,010490812,1,19,0,18,7,3,0,0,0,0,0,0,1,1,1,1,29,6,-1,-1,-1,-1,3,1,E01016005,0
Unvalidated,2024010490812,2024,010490812,2,9,0,4,7,3,0,0,0,0,0,0,2,1,1,1,45,7,-1,-1,-1,-1,6,1,E01024513,0
Unvalidated,2024010490813,2024,010490813,1,9,0,5,5,1,0,2,0,4,0,0,1,1,2,2,35,6,-1,-1,-1,-1,2,1,E01000152,0
Unvalidated,2024010490813,2024,010490813,2,9,0,2,0,0,0,2,0,0,0,0,3,1,6,3,-1,-1,-1,-1,-1,-1,-1,-1,-1,0
Unvalidated,2024010490813,2024,010490813,3,9,0,2,0,0,0,2,0,0,0,0,1,1,6,3,-1,-1,-1,-1,-1,-1,-1,-1,-1,0
Unvalidated,2024010490815,2024,010490815,1,11,9,99,9,9,99,9,9,99,9,99,9,1,6,3,-1,-1,-1,-1,-1,-1,-1,-1,-1,0
Unvalidated,2024010490817,2024,010490817,1,5,0,13,1,5,0,1,0,0,0,0,1,1,2,1,34,6,-1,-1,-1,-1,3,1,E01001774,0
Unvalidated,2024010490817,2024,010490817,2,8,0,10,1,6,0,1,0,0,0,0,1,1,1,1,54,8,-1,-1,-1,-1,3,1,E01002706,0
Unvalidated,2024010490818,2024,010490818,1,3,0,18,5,1,2,8,0,0,0,0,1,1,6,1,46,8,-1,-1,-1,-1,7,1,E01003407,0
Unvalidated,2024010490818,2024,010490818,2,9,0,9,1,7,0,8,0,0,0,0,1,1,6,1,62,9,-1,-1,-1,-1,9,1,E01003400,0
Unvalidated,2024010490822,2024,010490822,1,9,0,9,7,5,0,6,0,0,1,0,1,1,2,2,54,8,-1,-1,-1,-1,2,1,E01003137,0
Unvalidated,2024010490823,2024,010490823,1,3,9,99,9,9,99,9,9,99,9,99,9,1,2,1,19,4,-1,-1,-1,-1,5,1,E01031403,0
Unvalidated,2024010490823,2024,010490823,2,9,9,99,9,9,99,9,0,0,9,0,9,9,6,3,-1,-1,-1,-1,-1,-1,-1,-1,-1,0
Unvalidated,2024010490829,2024,010490829,1,3,0,99,9,9,99,9,0,99,9,99,9,1,1,1,37,7,-1,-1,-1,-1,3,1,E01003493,0
Unvalidated,2024010490829,2024,010490829,2,9,0,99,9,9,99,9,0,99,9,99,9,9,6,3,-1,-1,-1,-1,-1,-1,-1,-1,-1,0
Unvalidated,2024010490836,2024,010490836,1,3,9,18,5,1,0,0,9,0,0,0,2,1,1,1,30,6,-1,-1,-1,-1,4,1,E01003685,0
Unvalidated,2024010490836,2024,010490836,2,9,0,99,9,9,0,0,9,0,0,0,1,2,6,3,-1,-1,-1,-1,-1,-1,-1,-1,-1,0
Unvalidated,2024010490841,2024,010490841,1,9,3,7,5,7,1,5,0,0,1,0,0,1,6,2,44,7,-1,-1,-1,-1,8,1,E01021468,0
Unvalidated,2024010490841,2024,010490841,2,2,0,18,5,1,2,8,1,0,0,0,0,1,6,1,48,8,-1,-1,-1,-1,1,1,E01004273,0
Unvalidated,2024010490843,2024,010490843,1,9,0,99,9,9,99,9,9,99,9,99,1,9,6,2,42,7,-1,-1,-1,-1,3,1,E01002721,0
Unvalidated,2024010490843,2024,010490843,2,9,0,99,9,9,99,9,9,99,9,99,1,9,6,3,-1,-1,-1,-1,-1,-1,3,1,E01002721,0
Unvalidated,2024010490844,2024,010490844,1,9,0,18,1,5,0,1,0,0,0,0,1,1,6,3,-1,-1,-1,-1,-1,-1,-1,-1,-1,0
Unvalidated,2024010490848,2024,010490848,1,3,0,99,9,9,99,1,9,99,9,99,9,1,1,3,27,6,-1,-1,-1,-1,3,1,E01000578,0
Unvalidated,2024010490848,2024,010490848,2,9,0,99,9,9,99,6,9,99,9,99,9,9,6,3,-1,-1,-1,-1,-1,-1,-1,-1,-1,0
Unvalidated,2024010490849,2024,010490849,1,9,0,99,9,9,99,9,9,99,9,99,9,9,2,2,53,8,-1,-1,-1,-1,2,1,E01003506,0
Unvalidated,2024010490849,2024,010490849,2,1,9,99,9,9,99,9,9,99,9,99,9,1,6,2,-1,-1,-1,-1,-1,-1,2,1,E01003540,0
Unvalidated,2024010490856,2024,010490856,1,9,0,99,9,9,99,9,9,99,9,99,1,9,6,2,27,6,-1,-1,-1,-1,10,1,E01017924,0
Unvalidated,2024010490856,2024,010490856,2,97,9,99,9,9,99,9,9,99,9,99,9,1,6,3,23,5,-1,-1,-1,-1,8,3,E01021171,0
Unvalidated,2024010490857,2024,010490857,1,3,0,99,9,9,99,9,9,99,9,99,9,1,2,1,31,6,-1,-1,-1,-1,4,1,E01002180,0
Unvalidated,2024010490857,2024,010490857,2,9,0,99,9,9,99,9,9,99,9,99,9,9,6,3,-1,-1,-1,-1,-1,-1,-1,-1,-1,0
Unvalidated,2024010490858,2024,010490858,1,9,0,99,9,9,99,0,9,99,9,99,2,9,6,2,57,9,-1,-1,-1,-1,2,1,E01002879,0
Unvalidated,2024010490858,2024,010490858,2,8,0,99,9,9,99,0,9,99,9,99,1,9,6,3,-1,-1,-1,-1,-1,-1,5,1,E01000375,0
Unvalidated,2024010490861,2024,010490861,1,9,0,17,5,1,0,1,0,10,3,10,0,1,6,2,30,6,-1,-1,-1,-1,6,1,E01004174,0
Unvalidated,2024010490861,2024,010490861,2,90,0,9,5,3,0,1,0,0,7,0,0,1,6,3,-1,-1,-1,-1,-1,-1,-1,-1,-1,0
Unvalidated,2024010490871,2024,010490871,1,11,0,9,5,3,0,1,0,0,0,0,3,1,6,1,32,6,-1,-1,-1,-1,8,1,E01000366,0
Unvalidated,2024010490871,2024,010490871,2,90,0,3,1,5,9,6,0,0,0,0,1,1,6,1,36,7,-1,-1,-1,-1,5,1,E01001658,1
Unvalidated,2024010490874,2024,010490874,1,19,0,10,5,2,0,5,0,0,0,0,3,1,1,1,26,6,-1,-1,-1,-1,5,1,E01004354,0
Unvalidated,2024010490874,2024,010490874,2,3,0,15,5,1,0,5,0,10,0,0,4,1,2,1,44,7,-1,-1,-1,-1,7,1,E01003673,0
Unvalidated,2024010490878,2024,010490878,1,9,0,18,1,5,0,1,0,0,0,0,1,1,6,3,-1,-1,-1,-1,-1,-1,-1,-1,-1,0
Unvalidated,2024010490881,2024,010490881,1,3,0,99,9,9,99,9,9,99,9,99,2,1,1,1,23,5,-1,-1,-1,-1,4,1,E01001459,0
Unvalidated,2024010490881,2024,010490881,2,98,0,99,9,9,99,9,9,99,9,99,1,9,6,3,-1,-1,-1,-1,-1,-1,-1,-1,-1,0
Unvalidated,2024010490882,2024,010490882,1,9,0,99,9,9,99,9,9,99,9,99,1,1,6,3,38,7,-1,-1,-1,-1,8,1,E01002498,0
Unvalidated,2024010490886,2024,010490886,1,9,0,99,9,9,99,9,9,99,9,99,1,9,6,3,-1,-1,-1,-1,-1,-1,5,1,E01000285,0
Unvalidated,2024010490891,2024,010490891,1,9,0,18,5,1,0,1,0,0,0,0,1,1,2,1,59,9,-1,-1,-1,-1,9,3,E01024440,0
Unvalidated,2024010490891,2024,010490891,2,9,0,10,7,4,0,1,0,0,0,0,2,1,6,2,72,10,-1,-1,-1,-1,3,1,E01004575,0
Unvalidated,2024010490898,2024,010490898,1,20,0,7,8,2,0,5,0,0,0,0,4,1,1,1,60,9,-1,-1,-1,-1,4,1,E01015776,0
Unvalidated,2024010490899,2024,010490899,1,19,0,5,3,7,0,8,0,0,0,0,1,1,1,1,26,6,-1,-1,-1,-1,-1,-1,-1,0
Unvalidated,2024010490899,2024,010490899,2,1,0,5,1,5,0,8,0,0,0,0,1,1,2,2,39,7,-1,-1,-1,-1,4,1,E01004547,0
Unvalidated,2024010490909,2024,010490909,1,9,0,99,9,9,99,9,9,99,9,99,2,9,6,2,46,8,-1,-1,-1,-1,4,1,E01001325,0
Unvalidated,2024010490910,2024,010490910,1,1,9,99,9,9,99,9,9,99,9,99,9,1,6,1,39,7,-1,-1,-1,-1,7,1,E01002962,0
Unvalidated,2024010490910,2024,010490910,2,9,0,99,9,9,99,9,9,99,9,99,3,9,6,3,-1,-1,-1,-1,-1,-1,-1,-1,-1,0
Unvalidated,2024010490911,2024,010490911,1,1,9,99,9,9,99,9,9,99,9,99,2,1,2,2,37,7,-1,-1,-1,-1,5,1,E01002456,0
Unvalidated,2024010490911,2024,010490911,2,9,0,99,9,9,99,9,9,99,9,99,9,9,6,3,-1,-1,-1,-1,-1,-1,4,1,E01002409,0
Unvalidated,2024010490912,2024,010490912,1,3,0,99,9,9,99,9,9,99,9,99,9,1,1,1,27,6,-1,-1,-1,-1,3,1,E01033464,0
Unvalidated,2024010490912,2024,010490912,2,9,9,99,9,9,99,9,9,99,9,99,9,9,6,3,-1,-1,-1,-1,-1,-1,-1,-1,-1,0
Unvalidated,2024010490920,2024,010490920,1,9,0,5,0,7,9,2,0,0,0,0,3,1,6,1,34,6,-1,-1,-1,-1,-1,-1,-1,0
Unvalidated,2024010490920,2024,010490920,2,9,0,18,3,7,0,2,0,0,0,0,3,1,3,1,49,8,-1,-1,-1,-1,5,1,E01000402,0
Unvalidated,2024010490925,2024,010490925,1,5,0,18,4,8,2,1,1,0,0,0,1,1,6,1,25,5,-1,-1,-1,-1,2,1,E01033327,0
Unvalidated,2024010490925,2024,010490925,2,5,0,9,7,4,0,5,0,0,0,0,4,1,2,1,31,6,-1,-1,-1,-1,2,1,E01003324,0
Unvalidated,2024010490927,2024,010490927,1,3,0,18,3,7,0,1,0,0,0,0,1,1,6,1,33,6,-1,-1,-1,-1,3,1,E01032581,0
Unvalidated,2024010490927,2024,010490927,2,9,0,18,3,7,0,1,0,0,0,0,2,1,6,2,41,7,-1,-1,-1,-1,5,1,E01003663,0
Unvalidated,2024010490928,2024,010490928,1,9,0,9,5,3,0,5,0,0,0,0,1,1,2,2,47,8,-1,-1,-1,-1,5,1,E01000375,0
Unvalidated,2024010490928,2024,010490928,2,1,0,18,5,1,9,1,5,0,0,0,1,1,2,1,18,4,-1,-1,-1,-1,5,1,E01003340,0
Unvalidated,2024010490934,2024,010490934,1,9,0,99,9,9,99,9,9,99,9,99,9,9,6,1,26,6,-1,-1,-1,-1,9,1,E01030761,0
Unvalidated,2024010490934,2024,010490934,2,9,9,99,9,9,99,9,9,99,9,99,9,9,6,3,-1,-1,-1,-1,-1,-1,-1,-1,-1,0
Unvalidated,2024010490935,2024,010490935,1,9,9,99,9,9,99,9,9,99,9,99,9,1,6,1,43,7,-1,-1,-1,-1,9,1,E01030900,0
Unvalidated,2024010490937,2024,010490937,1,9,0,99,9,9,99,9,9,99,9,99,2,9,6,2,31,6,-1,-1,-1,-1,4,1,E01003115,0
Unvalidated,2024010490937,2024,010490937,2,90,0,99,9,9,99,9,9,99,9,99,1,9,6,3,-1,-1,-1,-1,-1,-1,-1,-1,-1,0
Unvalidated,2024010490941,2024,010490941,1,9,0,8,1,3,0,1,0,0,0,0,4,1,6,1,84,11,-1,-1,-1,-1,7,1,E01001642,0
Unvalidated,2024010490944,2024,010490944,1,1,9,99,9,9,99,9,9,8,9,99,1,1,2,1,37,7,-1,-1,-1,-1,2,1,E01000743,0
Unvalidated,2024010490947,2024,010490947,1,3,0,18,1,5,0,1,0,0,0,0,1,1,6,1,29,6,-1,-1,-1,-1,3,1,E01001154,0
Unvalidated,2024010490947,2024,010490947,2,9,0,5,5,1,0,1,0,0,0,0,1,1,1,1,64,9,-1,-1,-1,-1,10,1,E01004196,0
Unvalidated,2024010490958,2024,010490958,1,9,0,18,4,8,0,0,0,0,0,0,1,1,6,1,71,10,-1,-1,-1,-1,9,1,E01002535,0
Unvalidated,2024010490958,2024,010490958,2,9,0,18,4,8,0,0,0,0,0,0,2,1,6,1,38,7,-1,-1,-1,-1,7,1,E01000237,0
Unvalidated,2024010490958,2024,010490958,3,9,0,4,4,8,0,0,0,0,0,0,2,1,6,1,57,9,-1,-1,-1,-1,7,3,E01023506,0
Unvalidated,2024010490958,2024,010490958,4,9,0,4,4,8,0,0,0,0,0,0,2,1,6,1,44,7,-1,-1,-1,-1,6,1,E01023305,0
Unvalidated,2024010490960,2024,010490960,1,9,0,18,7,3,0,2,0,0,0,0,1,1,6,2,70,10,-1,-1,-1,-1,9,2,E01024268,0
Unvalidated,2024010490968,2024,010490968,1,9,0,18,3,7,0,8,0,0,1,0,3,1,2,2,47,8,-1,-1,-1,-1,10,1,E01002430,0
Unvalidated,2024010490968,2024,010490968,2,9,0,18,1,5,0,1,0,0,0,0,1,1,6,1,38,7,-1,-1,-1,-1,3,1,E01002400,0
Unvalidated,2024010490973,2024,010490973,1,4,0,3,5,1,0,4,0,0,0,0,2,1,6,1,35,6,-1,-1,-1,-1,4,1,E01001995,0
Unvalidated,2024010490973,2024,010490973,2,9,0,3,5,1,0,4,0,0,0,0,1,1,6,1,36,7,-1,-1,-1,-1,3,1,E01001805,0
Unvalidated,2024010490979,2024,010490979,1,9,0,99,9,9,99,9,9,99,9,99,9,9,6,1,49,8,-1,-1,-1,-1,7,1,E01002939,0
Unvalidated,2024010490979,2024,010490979,2,19,0,99,9,9,99,9,9,99,9,99,9,9,6,3,-1,-1,-1,-1,-1,-1,-1,-1,-1,0
Unvalidated,2024010490981,2024,010490981,1,3,0,18,1,5,9,8,0,0,0,0,2,1,6,1,35,6,-1,-1,-1,-1,3,1,E01024599,0
Unvalidated,2024010490981,2024,010490981,2,9,0,18,1,5,0,8,0,0,0,0,1,1,6,3,-1,-1,-1,-1,-1,-1,-1,-1,-1,0
Unvalidated,2024010490987,2024,010490987,1,8,0,18,4,8,0,0,0,0,0,0,1,1,1,1,48,8,-1,-1,-1,-1,3,1,E01004429,0
Unvalidated,2024010490987,2024,010490987,2,9,0,18,8,4,0,0,0,0,0,0,1,1,6,1,49,8,-1,-1,-1,-1,-1,-1,-1,0
Unvalidated,2024010490988,2024,010490988,1,9,0,18,7,3,0,0,0,0,0,0,4,1,6,2,53,8,-1,-1,-1,-1,4,1,E01000869,0
Unvalidated,2024010490989,2024,010490989,1,9,0,13,1,5,0,8,0,0,7,0,1,2,6,3,23,5,-1,-1,-1,-1,3,1,E01001365,0
Unvalidated,2024010490989,2024,010490989,2,9,0,18,1,5,0,8,0,0,1,0,3,2,1,1,36,7,-1,-1,-1,-1,3,1,E01001263,0
Unvalidated,2024010490990,2024,010490990,1,5,0,18,3,7,0,0,0,10,0,0,1,1,6,1,30,6,-1,-1,-1,-1,9,1,E01004640,0
Unvalidated,2024010490993,2024,010490993,1,9,0,6,5,5,0,2,0,0,0,0,1,1,6,1,29,6,-1,-1,-1,-1,8,1,E01023312,0
Unvalidated,2024010490994,2024,010490994,1,9,0,18,5,1,0,0,0,0,0,0,1,1,6,3,-1,-1,-1,-1,-1,-1,-1,-1,-1,0
Unvalidated,2024010491000,2024,010491000,1,1,9,99,9,9,99,9,9,99,9,99,9,1,2,2,51,8,-1,-1,-1,-1,6,1,E01004532,0
Unvalidated,2024010491000,2024,010491000,2,9,0,99,9,9,99,9,9,99,9,99,9,9,6,3,-1,-1,-1,-1,-1,-1,-1,-1,-1,0
Unvalidated,2024010491001,2024,010491001,1,9,0,7,5,7,0,8,0,0,0,0,1,1,6,1,66,10,-1,-1,-1,-1,4,1,E01003278,0
Unvalidated,2024010491001,2024,010491001,2,1,0,18,1,5,4,8,0,0,0,0,1,1,6,1,34,6,-1,-1,-1,-1,3,1,E01001589,0
Unvalidated,2024010491003,2024,010491003,1,9,0,1,1,5,0,0,0,0,0,0,2,9,6,1,38,7,-1,-1,-1,-1,9,1,E01016608,0
Unvalidated,2024010491015,2024,010491015,1,1,9,99,9,9,99,9,9,99,9,99,9,1,2,1,32,6,-1,-1,-1,-1,8,1,E01003420,0
Unvalidated,2024010491015,2024,010491015,2,9,0,99,9,9,99,9,9,99,9,99,1,9,6,3,43,7,-1,-1,-1,-1,9,1,E01003403,0
Unvalidated,2024010491016,2024,010491016,1,9,0,18,1,5,0,4,0,0,0,0,3,1,6,2,49,8,-1,-1,-1,-1,-1,-1,-1,0
Unvalidated,2024010491016,2024,010491016,2,9,0,18,3,7,0,4,0,0,0,0,4,1,6,1,67,10,-1,-1,-1,-1,-1,-1,-1,0
Unvalidated,2024010491017,2024,010491017,1,9,0,4,3,7,0,0,0,0,0,0,1,1,3,1,46,8,-1,-1,-1,-1,2,1,E01004323,0
Unvalidated,2024010491021,2024,010491021,1,9,0,18,1,5,0,6,0,11,0,0,3,1,6,3,-1,-1,-1,-1,-1,-1,-1,-1,-1,0
Unvalidated,2024010491021,2024,010491021,2,1,0,18,1,5,0,2,5,0,0,0,1,1,6,1,20,4,-1,-1,-1,-1,3,1,E01003562,0
Unvalidated,2024010491030,2024,010491030,1,9,0,2,9,9,99,1,9,99,9,99,2,9,6,2,27,6,-1,-1,-1,-1,6,1,E01002241,0
Unvalidated,2024010491030,2024,010491030,2,9,0,99,9,9,99,1,9,99,9,99,9,9,6,2,-1,-1,-1,-1,-1,-1,8,1,E01000261,0
Unvalidated,2024010491035,2024,010491035,1,3,0,99,9,9,99,9,9,99,9,99,1,1,6,1,38,7,-1,-1,-1,-1,4,1,E01000491,0
Unvalidated,2024010491035,2024,010491035,2,9,0,99,9,9,99,9,9,99,9,99,9,9,6,3,-1,-1,-1,-1,-1,-1,-1,-1,-1,0
Unvalidated,2024010491039,2024,010491039,1,3,0,99,9,9,99,9,9,99,9,99,9,1,2,3,30,6,-1,-1,-1,-1,8,1,E01024133,0
Unvalidated,2024010491039,2024,010491039,2,9,0,99,9,9,99,9,9,99,9,99,9,9,6,3,-1,-1,-1,-1,-1,-1,-1,-1,-1,0
Unvalidated,2024010491042,2024,010491042,1,3,0,99,9,9,99,9,9,99,9,99,9,1,2,1,29,6,-1,-1,-1,-1,1,1,E01001558,0
Unvalidated,2024010491042,2024,010491042,2,9,0,99,9,9,99,9,9,99,9,99,9,9,6,3,-1,-1,-1,-1,-1,-1,-1,-1,-1,0
Unvalidated,2024010491044,2024,010491044,1,9,0,99,9,9,99,9,9,99,9,99,9,9,6,1,83,11,-1,-1,-1,-1,9,1,E01000209,0
Unvalidated,2024010491044,2024,010491044,2,9,0,99,9,9,99,9,9,99,9,99,9,9,6,1,46,8,-1,-1,-1,-1,5,1,E01001520,0
Unvalidated,2024010491046,2024,010491046,1,3,0,99,9,9,99,9,9,99,9,99,9,1,1,3,29,6,-1,-1,-1,-1,3,1,E01016249,0
Unvalidated,2024010491046,2024,010491046,2,9,9,99,9,9,99,9,9,99,9,99,9,9,6,3,-1,-1,-1,-1,-1,-1,-1,-1,-1,0
Unvalidated,2024010491047,2024,010491047,1,9,0,4,7,3,0,2,0,0,0,0,3,1,6,1,25,5,-1,-1,-1,-1,3,1,E01004633,0
Unvalidated,2024010491047,2024,010491047,2,4,0,13,1,5,0,1,0,0,1,0,3,1,6,1,52,8,-1,-1,-1,-1,7,1,E01022526,0