status,collision_index,collision_year,collision_reference,vehicle_reference,vehicle_type,towing_and_articulation,vehicle_manoeuvre,vehicle_direction_from,vehicle_direction_to,vehicle_location_restricted_lane,junction_location,skidding_and_overturning,hit_object_in_carriageway,vehicle_leaving_carriageway,hit_object_off_carriageway,first_point_of_impact,vehicle_left_hand_drive,journey_purpose_of_driver,sex_of_driver,age_of_driver,age_band_of_driver,engine_capacity_cc,propulsion_code,age_of_vehicle,generic_make_model,driver_imd_decile,driver_home_area_type,lsoa_of_driver,escooter_flag
Unvalidated,2024010491049,2024,010491049,1,3,0,13,6,2,0,1,1,0,0,0,1,1,2,1,26,6,-1,-1,-1,-1,6,1,E01004706,0
Unvalidated,2024010491049,2024,010491049,2,9,0,9,6,5,0,1,0,0,0,0,3,1,6,2,44,7,-1,-1,-1,-1,2,1,E01033599,0
Unvalidated,2024010491057,2024,010491057,1,9,0,18,3,7,0,1,0,0,7,1,1,1,6,2,79,11,-1,-1,-1,-1,10,1,E01021548,0
Unvalidated,2024010491059,2024,010491059,1,90,0,99,9,9,99,9,9,99,9,99,1,9,6,3,-1,-1,-1,-1,-1,-1,-1,-1,-1,0
Unvalidated,2024010491062,2024,010491062,1,3,0,18,7,3,0,1,2,0,0,0,0,1,6,1,56,9,-1,-1,-1,-1,6,1,E01002974,0
Unvalidated,2024010491062,2024,010491062,2,9,0,9,3,1,0,1,0,0,0,0,0,1,1,1,25,5,-1,-1,-1,-1,6,1,E01021807,0
Unvalidated,2024010491063,2024,010491063,1,9,0,18,3,7,0,4,0,0,0,0,1,1,3,1,46,8,-1,-1,-1,-1,9,1,E01002991,0
Unvalidated,2024010491063,2024,010491063,2,1,0,18,5,1,0,3,0,0,0,0,2,1,4,1,15,3,-1,-1,-1,-1,10,1,E01002924,0
Unvalidated,2024010491066,2024,010491066,1,3,0,99,9,9,99,9,9,99,9,99,9,1,1,1,31,6,-1,-1,-1,-1,2,1,E01003126,0
Unvalidated,2024010491066,2024,010491066,2,9,0,99,9,9,99,9,9,99,9,99,9,9,6,3,-1,-1,-1,-1,-1,-1,-1,-1,-1,0
Unvalidated,2024010491067,2024,010491067,1,3,0,18,7,3,0,1,0,0,0,0,1,1,6,1,21,5,-1,-1,-1,-1,9,1,E01000829,0
Unvalidated,2024010491067,2024,010491067,2,9,0,9,1,7,0,6,0,0,0,0,3,1,6,2,32,6,-1,-1,-1,-1,3,1,E01032568,0
Unvalidated,2024010491068,2024,010491068,1,2,0,13,1,5,0,1,1,0,0,0,0,1,2,1,30,6,-1,-1,-1,-1,1,1,E01003207,0
Unvalidated,2024010491068,2024,010491068,2,9,0,9,1,6,0,1,0,0,0,0,0,1,6,1,71,10,-1,-1,-1,-1,7,1,E01001642,0
Unvalidated,2024010491076,2024,010491076,1,3,0,99,9,9,99,9,9,99,9,99,9,1,1,1,27,6,-1,-1,-1,-1,3,1,E01000638,0
Unvalidated,2024010491076,2024,010491076,2,9,9,99,9,9,99,9,9,99,9,99,9,9,6,3,-1,-1,-1,-1,-1,-1,-1,-1,-1,0
Unvalidated,2024010491080,2024,010491080,1,8,0,99,9,9,99,9,9,99,9,99,1,9,6,3,51,8,-1,-1,-1,-1,3,1,E01000944,0
Unvalidated,2024010491087,2024,010491087,1,9,0,18,5,1,0,1,0,0,0,0,4,1,6,1,57,9,-1,-1,-1,-1,2,1,E01000523,0
Unvalidated,2024010491088,2024,010491088,1,9,0,18,3,7,99,9,9,99,0,0,1,9,6,3,-1,-1,-1,-1,-1,-1,-1,-1,-1,0
Unvalidated,2024010491089,2024,010491089,1,9,0,17,1,5,0,4,5,10,0,0,4,1,6,2,75,10,-1,-1,-1,-1,8,1,E01003004,0
Unvalidated,2024010491090,2024,010491090,1,1,9,99,9,9,99,9,9,99,9,99,9,1,1,1,22,5,-1,-1,-1,-1,2,1,E01004319,0
Unvalidated,2024010491090,2024,010491090,2,9,0,99,9,9,99,9,9,99,9,99,1,9,6,3,-1,-1,-1,-1,-1,-1,-1,-1,-1,0
Unvalidated,2024010491093,2024,010491093,1,9,0,18,3,7,0,0,0,0,0,0,3,1,1,1,64,9,-1,-1,-1,-1,6,1,E01001016,0
Unvalidated,2024010491093,2024,010491093,2,9,0,18,3,7,0,0,0,0,1,4,1,1,6,1,24,5,-1,-1,-1,-1,4,1,E01001146,0
Unvalidated,2024010491093,2024,010491093,3,3,0,18,7,3,0,0,0,10,1,0,1,1,1,1,24,5,-1,-1,-1,-1,-1,-1,-1,0
Unvalidated,2024010491093,2024,010491093,4,9,0,2,0,0,0,0,0,0,0,0,2,1,6,3,-1,-1,-1,-1,-1,-1,-1,-1,-1,0
Unvalidated,2024010491093,2024,010491093,5,9,0,2,0,0,0,0,0,0,0,0,3,1,6,3,-1,-1,-1,-1,-1,-1,-1,-1,-1,0
Unvalidated,2024010491093,2024,010491093,6,9,0,2,0,0,0,0,0,0,0,0,0,1,6,3,-1,-1,-1,-1,-1,-1,-1,-1,-1,0
Unvalidated,2024010491097,2024,010491097,1,9,0,99,9,9,99,0,9,99,9,99,1,9,6,3,-1,-1,-1,-1,-1,-1,-1,-1,-1,0
Unvalidated,2024010491100,2024,010491100,1,9,0,99,9,9,99,9,9,99,9,99,2,9,1,1,30,6,-1,-1,-1,-1,1,1,E01000528,0
Unvalidated,2024010491100,2024,010491100,2,9,0,99,9,9,99,9,9,99,9,99,1,9,6,3,-1,-1,-1,-1,-1,-1,-1,-1,-1,0
Unvalidated,2024010491103,2024,010491103,1,9,0,9,1,7,0,6,0,0,0,0,1,1,2,2,44,7,-1,-1,-1,-1,7,1,E01003659,0
Unvalidated,2024010491107,2024,010491107,1,9,0,9,3,2,0,5,0,0,0,0,4,1,6,2,35,6,-1,-1,-1,-1,3,1,E01001190,0
Unvalidated,2024010491108,2024,010491108,1,3,0,99,9,9,99,9,9,99,9,99,1,1,6,1,24,5,-1,-1,-1,-1,7,1,E01003696,0
Unvalidated,2024010491108,2024,010491108,2,9,0,99,9,9,99,9,9,99,9,99,1,9,6,3,-1,-1,-1,-1,-1,-1,-1,-1,-1,0
Unvalidated,2024010491111,2024,010491111,1,9,0,99,9,9,99,9,9,99,9,99,9,9,6,2,38,7,-1,-1,-1,-1,2,1,E01003057,0
Unvalidated,2024010491111,2024,010491111,2,90,0,99,9,9,99,9,9,99,9,99,9,9,6,3,-1,-1,-1,-1,-1,-1,-1,-1,-1,0
Unvalidated,2024010491118,2024,010491118,1,9,0,9,4,2,0,6,0,0,0,0,1,1,2,1,21,5,-1,-1,-1,-1,2,1,E01003243,0
Unvalidated,2024010491118,2024,010491118,2,9,0,18,2,6,0,1,0,0,4,1,4,1,2,2,37,7,-1,-1,-1,-1,10,1,E01000425,0
Unvalidated,2024010491119,2024,010491119,1,1,9,99,9,9,99,9,9,99,9,99,1,1,6,1,28,6,-1,-1,-1,-1,3,1,E01000922,0
Unvalidated,2024010491119,2024,010491119,2,9,0,99,9,9,99,9,9,99,9,99,9,9,6,3,-1,-1,-1,-1,-1,-1,-1,-1,-1,0
Unvalidated,2024010491128,2024,010491128,1,9,0,5,0,7,0,2,0,0,0,0,3,1,6,1,23,5,-1,-1,-1,-1,-1,-1,-1,0
Unvalidated,2024010491128,2024,010491128,2,1,0,18,3,7,0,6,9,0,0,0,1,1,6,2,25,5,-1,-1,-1,-1,2,1,E01004729,0
Unvalidated,2024010491129,2024,010491129,1,9,0,99,9,9,99,9,9,99,9,99,1,9,2,2,28,6,-1,-1,-1,-1,2,1,E01003097,0
Unvalidated,2024010491129,2024,010491129,2,2,0,99,9,9,99,9,9,99,9,99,1,1,6,3,38,7,-1,-1,-1,-1,3,1,E01003109,0
Unvalidated,2024010491131,2024,010491131,1,9,0,99,9,9,99,0,9,99,9,99,2,9,6,1,64,9,-1,-1,-1,-1,10,1,E01000753,0
Unvalidated,2024010491131,2024,010491131,2,9,0,99,9,9,99,0,9,99,9,99,2,9,6,2,-1,-1,-1,-1,-1,-1,10,1,E01000755,0
Unvalidated,2024010491131,2024,010491131,3,9,9,99,9,9,99,0,9,99,0,0,9,9,6,3,-1,-1,-1,-1,-1,-1,10,1,E01000758,0
Unvalidated,2024010491132,2024,010491132,1,1,9,99,9,9,99,9,9,99,9,99,9,1,2,1,26,6,-1,-1,-1,-1,2,1,E01001795,0
Unvalidated,2024010491132,2024,010491132,2,98,0,99,9,9,99,9,9,99,9,99,1,9,6,3,-1,-1,-1,-1,-1,-1,-1,-1,-1,0
Unvalidated,2024010491133,2024,010491133,1,3,0,18,1,5,0,1,0,0,0,0,1,1,2,1,31,6,-1,-1,-1,-1,4,1,E01002704,0
Unvalidated,2024010491134,2024,010491134,1,9,0,18,3,7,0,1,0,0,0,0,1,1,1,1,62,9,-1,-1,-1,-1,7,1,E01002470,0
Unvalidated,2024010491134,2024,010491134,2,9,0,9,5,2,0,6,0,0,0,0,3,1,6,1,62,9,-1,-1,-1,-1,7,1,E01002187,0
Unvalidated,2024010491135,2024,010491135,1,3,0,4,1,5,0,1,0,0,0,0,1,1,6,1,50,8,-1,-1,-1,-1,3,1,E01000499,0
Unvalidated,2024010491135,2024,010491135,2,9,0,7,1,3,0,1,0,0,0,0,4,1,6,3,-1,-1,-1,-1,-1,-1,-1,-1,-1,0
Unvalidated,2024010491137,2024,010491137,1,9,0,4,1,5,0,0,0,0,0,0,2,1,6,1,34,6,-1,-1,-1,-1,8,1,E01002265,0
Unvalidated,2024010491137,2024,010491137,2,9,0,4,1,5,0,0,0,0,0,0,1,1,6,1,24,5,-1,-1,-1,-1,3,1,E01001715,0
Unvalidated,2024010491137,2024,010491137,3,9,0,4,1,5,0,0,0,0,0,0,2,1,6,2,57,9,-1,-1,-1,-1,10,1,E01023474,0
Unvalidated,2024010491137,2024,010491137,4,9,0,18,1,5,0,0,0,0,0,0,1,1,6,1,40,7,-1,-1,-1,-1,2,1,E01003582,0
Unvalidated,2024010491138,2024,010491138,1,1,9,99,9,9,99,1,9,99,9,99,9,1,2,1,21,5,-1,-1,-1,-1,2,1,E01000533,0
Unvalidated,2024010491138,2024,010491138,2,9,0,99,9,9,99,6,9,99,9,99,1,9,6,3,-1,-1,-1,-1,-1,-1,-1,-1,-1,0
Unvalidated,2024010491140,2024,010491140,1,1,9,99,9,9,99,9,9,99,9,99,9,1,2,1,40,7,-1,-1,-1,-1,3,1,E01000973,0
Unvalidated,2024010491140,2024,010491140,2,9,0,99,9,9,99,9,9,99,9,99,1,9,6,3,-1,-1,-1,-1,-1,-1,-1,-1,-1,0
Unvalidated,2024010491141,2024,010491141,1,9,0,99,9,9,99,9,9,99,9,99,1,9,6,2,25,5,-1,-1,-1,-1,2,1,E01003350,0
Unvalidated,2024010491141,2024,010491141,2,9,9,99,9,9,99,9,9,99,9,99,9,9,6,3,-1,-1,-1,-1,-1,-1,-1,-1,-1,0
Unvalidated,2024010491142,2024,010491142,1,3,0,18,1,5,0,8,0,0,0,0,3,1,6,1,19,4,-1,-1,-1,-1,-1,1,-1,0
Unvalidated,2024010491142,2024,010491142,2,9,0,18,1,5,0,1,0,0,0,0,1,1,6,3,-1,-1,-1,-1,-1,-1,-1,-1,-1,0
Unvalidated,2024010491147,2024,010491147,1,9,0,7,1,3,0,2,0,0,0,0,1,1,6,2,63,9,-1,-1,-1,-1,6,1,E01002928,0
Unvalidated,2024010491147,2024,010491147,2,9,0,18,1,5,0,2,0,0,0,0,1,1,6,1,18,4,-1,-1,-1,-1,8,1,E01002981,0
Unvalidated,2024010491149,2024,010491149,1,21,1,3,1,5,0,0,0,0,0,0,2,1,6,1,60,9,-1,-1,-1,-1,3,1,E01000335,0
Unvalidated,2024010491151,2024,010491151,1,9,0,9,5,3,0,1,1,0,0,0,1,1,6,1,32,6,-1,-1,-1,-1,5,1,E01029102,0
Unvalidated,2024010491151,2024,010491151,2,9,0,4,3,7,0,1,0,0,0,0,1,1,1,1,41,7,-1,-1,-1,-1,4,1,E01000472,0
Unvalidated,2024010491151,2024,010491151,3,9,0,2,0,0,0,2,0,0,0,0,1,1,6,3,-1,-1,-1,-1,-1,-1,-1,-1,-1,0
Unvalidated,2024010491151,2024,010491151,4,9,0,2,0,0,0,1,0,0,0,0,2,1,6,3,-1,-1,-1,-1,-1,-1,-1,-1,-1,0
Unvalidated,2024010491155,2024,010491155,1,19,0,99,9,9,99,0,9,99,9,99,9,9,2,1,31,6,-1,-1,-1,-1,4,1,E01003743,0
Unvalidated,2024010491155,2024,010491155,2,19,0,99,9,9,99,0,9,99,9,99,9,9,6,3,-1,-1,-1,-1,-1,-1,-1,-1,-1,0
Unvalidated,2024010491156,2024,010491156,1,1,0,18,5,1,0,1,1,0,0,0,1,1,1,1,26,6,-1,-1,-1,-1,5,1,E01003342,0
Unvalidated,2024010491157,2024,010491157,1,9,0,99,9,9,99,9,9,99,9,99,2,9,6,1,35,6,-1,-1,-1,-1,6,1,E01003000,0
Unvalidated,2024010491157,2024,010491157,2,9,0,99,9,9,99,9,9,99,9,99,1,9,6,3,-1,-1,-1,-1,-1,-1,-1,-1,-1,0
Unvalidated,2024010491158,2024,010491158,1,9,0,99,9,9,99,9,9,99,9,99,2,9,6,1,37,7,-1,-1,-1,-1,3,1,E01000058,0
Unvalidated,2024010491158,2024,010491158,2,9,0,99,9,9,99,9,9,99,9,99,1,9,6,3,-1,-1,-1,-1,-1,-1,-1,-1,-1,0
Unvalidated,2024010491159,2024,010491159,1,9,0,9,7,5,0,1,0,0,0,0,1,1,6,1,23,5,-1,-1,-1,-1,-1,-1,-1,0
Unvalidated,2024010491159,2024,010491159,2,1,0,18,5,1,0,1,0,0,0,0,1,1,6,1,37,7,-1,-1,-1,-1,-1,-1,-1,0
Unvalidated,2024010491160,2024,010491160,1,9,0,1,7,3,9,5,0,0,0,0,2,1,6,1,38,7,-1,-1,-1,-1,3,1,E01002620,0
Unvalidated,2024010491160,2024,010491160,2,1,0,18,1,5,0,8,0,0,0,0,3,1,6,1,41,7,-1,-1,-1,-1,6,1,E01002618,0
Unvalidated,2024010491162,2024,010491162,1,9,0,18,7,3,0,1,0,0,0,0,1,1,6,3,-1,-1,-1,-1,-1,-1,-1,-1,-1,0
Unvalidated,2024010491163,2024,010491163,1,1,9,99,9,9,99,9,9,99,9,99,2,1,1,1,42,7,-1,-1,-1,-1,2,1,E01003553,0
Unvalidated,2024010491163,2024,010491163,2,9,0,99,9,9,99,9,9,99,9,99,1,9,6,3,64,9,-1,-1,-1,-1,1,1,E01001845,0
Unvalidated,2024010491165,2024,010491165,1,9,0,17,3,7,0,0,2,10,7,9,1,1,6,1,31,6,-1,-1,-1,-1,2,1,E01000033,0
Unvalidated,2024010491167,2024,010491167,1,9,0,18,1,5,0,0,0,10,0,0,1,1,2,1,45,7,-1,-1,-1,-1,-1,-1,-1,0
Unvalidated,2024010491168,2024,010491168,1,9,0,18,3,7,0,4,0,0,0,0,4,1,6,1,23,5,-1,-1,-1,-1,7,1,E01002226,0
Unvalidated,2024010491168,2024,010491168,2,9,0,18,3,7,0,4,1,10,0,0,3,1,6,1,32,6,-1,-1,-1,-1,6,1,E01000306,0
Unvalidated,2024010491177,2024,010491177,1,5,0,13,3,7,0,1,0,0,0,0,1,1,2,1,34,6,-1,-1,-1,-1,1,2,E01022045,0
Unvalidated,2024010491177,2024,010491177,2,9,0,12,3,7,0,1,0,0,0,0,2,1,6,1,69,10,-1,-1,-1,-1,5,1,E01021518,0
Unvalidated,2024010491182,2024,010491182,1,3,0,99,9,9,99,9,9,99,9,99,9,1,1,1,29,6,-1,-1,-1,-1,1,1,E01001178,0
Unvalidated,2024010491182,2024,010491182,2,9,0,99,9,9,99,9,9,99,9,99,9,9,6,3,-1,-1,-1,-1,-1,-1,-1,-1,-1,0
Unvalidated,2024010491183,2024,010491183,1,1,9,99,9,9,99,9,9,99,9,99,9,1,1,2,24,5,-1,-1,-1,-1,6,1,E01000566,0
Unvalidated,2024010491183,2024,010491183,2,9,0,99,9,9,99,9,9,99,9,99,1,9,6,2,63,9,-1,-1,-1,-1,3,1,E01000630,0
Unvalidated,2024010491188,2024,010491188,1,9,0,99,9,9,99,0,9,99,9,99,2,9,2,1,48,8,-1,-1,-1,-1,8,1,E01033501,0
Unvalidated,2024010491188,2024,010491188,2,9,0,99,9,9,99,0,9,99,9,99,1,9,6,3,-1,-1,-1,-1,-1,-1,-1,-1,-1,0
Unvalidated,2024010491191,2024,010491191,1,9,0,9,5,3,0,8,0,0,0,0,1,1,2,2,27,6,-1,-1,-1,-1,6,1,E01003449,0
Unvalidated,2024010491194,2024,010491194,1,9,0,18,3,7,0,6,0,0,0,0,1,1,1,2,59,9,-1,-1,-1,-1,5,1,E01001149,0
Unvalidated,2024010491195,2024,010491195,1,3,0,3,5,1,0,6,0,10,1,2,2,1,2,1,37,7,-1,-1,-1,-1,4,1,E01000995,0
Unvalidated,2024010491195,2024,010491195,2,9,0,18,5,1,0,6,0,0,0,0,1,1,2,1,45,7,-1,-1,-1,-1,2,1,E01001014,0
Unvalidated,2024010491197,2024,010491197,1,9,0,18,7,3,0,0,0,0,0,0,3,1,6,1,25,5,-1,-1,-1,-1,5,1,E01004461,0
Unvalidated,2024010491198,2024,010491198,1,9,0,99,9,9,99,9,9,99,9,99,1,9,6,3,-1,-1,-1,-1,-1,-1,-1,-1,-1,0
Unvalidated,2024010491200,2024,010491200,1,3,0,99,9,9,99,9,9,99,9,99,9,1,2,3,48,8,-1,-1,-1,-1,5,1,E01001542,0
Unvalidated,2024010491200,2024,010491200,2,9,0,99,9,9,99,9,9,99,9,99,9,9,6,3,-1,-1,-1,-1,-1,-1,-1,-1,-1,0
Unvalidated,2024010491204,2024,010491204,1,3,0,99,9,9,99,9,9,99,9,99,9,1,6,3,29,6,-1,-1,-1,-1,3,1,E01000506,0
Unvalidated,2024010491204,2024,010491204,2,9,0,99,9,9,99,9,9,99,9,99,9,9,6,3,-1,-1,-1,-1,-1,-1,-1,-1,-1,0
Unvalidated,2024010491205,2024,010491205,1,3,0,99,9,9,99,9,9,99,9,99,9,1,2,1,29,6,-1,-1,-1,-1,3,1,E01000642,0
Unvalidated,2024010491205,2024,010491205,2,19,9,99,9,9,99,9,9,99,9,99,9,9,6,3,-1,-1,-1,-1,-1,-1,-1,-1,-1,0
Unvalidated,2024010491207,2024,010491207,1,9,0,18,1,5,0,0,0,0,0,0,1,1,6,1,31,6,-1,-1,-1,-1,1,1,E01001554,0
Unvalidated,2024010491213,2024,010491213,1,3,9,99,9,9,99,9,9,99,9,99,1,1,1,1,42,7,-1,-1,-1,-1,1,1,E01032575,0
Unvalidated,2024010491213,2024,010491213,2,9,9,99,9,9,99,9,9,99,9,99,1,9,6,3,-1,-1,-1,-1,-1,-1,-1,-1,-1,0
Unvalidated,2024010491215,2024,010491215,1,9,0,17,1,5,0,9,0,0,0,0,1,1,1,1,24,5,-1,-1,-1,-1,4,1,E01000155,0
Unvalidated,2024010491217,2024,010491217,1,9,0,18,8,4,0,0,0,0,0,0,1,1,6,3,-1,-1,-1,-1,-1,-1,-1,-1,-1,0
Unvalidated,2024010491218,2024,010491218,1,9,0,18,3,7,0,2,0,0,0,0,2,1,6,1,66,10,-1,-1,-1,-1,2,1,E01004023,0
Unvalidated,2024010491219,2024,010491219,1,3,0,99,9,9,99,9,9,99,9,99,9,1,2,1,32,6,-1,-1,-1,-1,4,1,E01001085,0
Unvalidated,2024010491219,2024,010491219,2,9,0,99,9,9,99,9,9,99,9,99,9,9,6,3,-1,-1,-1,-1,-1,-1,-1,-1,-1,0
Unvalidated,2024010491221,2024,010491221,1,9,0,1,9,9,99,0,9,99,9,99,2,9,6,1,-1,-1,-1,-1,-1,-1,2,1,E01002737,0
Unvalidated,2024010491221,2024,010491221,2,1,9,3,9,9,99,0,9,99,9,99,1,1,6,1,-1,-1,-1,-1,-1,-1,2,1,E01004003,0
Unvalidated,2024010491222,2024,010491222,1,3,0,99,9,9,99,9,9,99,9,99,9,1,6,3,44,7,-1,-1,-1,-1,5,1,E01003139,0
Unvalidated,2024010491222,2024,010491222,2,9,0,99,9,9,99,9,9,99,9,99,9,9,6,3,49,8,-1,-1,-1,-1,9,1,E01004625,0
Unvalidated,2024010491224,2024,010491224,1,9,0,18,5,1,0,8,0,0,0,0,1,1,6,1,39,7,-1,-1,-1,-1,6,1,E01003698,0
Unvalidated,2024010491224,2024,010491224,2,9,0,18,1,5,0,1,0,7,0,0,1,1,6,2,42,7,-1,-1,-1,-1,2,1,E01000028,0
Unvalidated,2024010491225,2024,010491225,1,19,0,17,3,7,0,0,0,0,0,0,1,1,1,1,57,9,-1,-1,-1,-1,7,1,E01023679,0
Unvalidated,2024010491226,2024,010491226,1,9,0,9,7,6,0,6,0,0,0,0,3,1,6,1,24,5,-1,-1,-1,-1,8,1,E01011825,0
Unvalidated,2024010491226,2024,010491226,2,90,0,18,2,6,0,1,0,0,0,0,1,1,6,1,24,5,-1,-1,-1,-1,3,1,E01003348,1
Unvalidated,2024010491228,2024,010491228,1,90,0,16,1,5,0,8,0,0,0,0,2,1,6,1,43,7,-1,-1,-1,-1,6,1,E01000165,0
Unvalidated,2024010491229,2024,010491229,1,1,9,99,9,9,99,9,9,99,9,99,9,1,6,1,36,7,-1,-1,-1,-1,2,1,E01004252,0
Unvalidated,2024010491230,2024,010491230,1,3,0,99,9,9,99,9,9,99,9,99,1,1,1,3,38,7,-1,-1,-1,-1,4,1,E01000405,0
Unvalidated,2024010491230,2024,010491230,2,9,0,99,9,9,99,9,9,99,9,99,2,9,6,3,-1,-1,-1,-1,-1,-1,-1,-1,-1,0
Unvalidated,2024010491232,2024,010491232,1,9,0,7,3,6,0,5,0,0,0,0,4,1,6,2,35,6,-1,-1,-1,-1,8,1,E01000540,0
Unvalidated,2024010491232,2024,010491232,2,3,0,18,3,7,0,8,0,0,0,0,3,1,1,1,31,6,-1,-1,-1,-1,3,1,E01000245,0
Unvalidated,2024010491233,2024,010491233,1,3,0,99,9,9,99,9,9,99,9,99,1,1,1,1,-1,-1,-1,-1,-1,-1,7,1,E01002121,0
Unvalidated,2024010491233,2024,010491233,2,9,0,99,9,9,99,9,9,99,9,99,9,9,6,3,-1,-1,-1,-1,-1,-1,-1,-1,-1,0
Unvalidated,2024010491235,2024,010491235,1,3,0,13,1,5,0,1,0,0,0,0,1,1,1,1,21,5,-1,-1,-1,-1,3,1,E01003101,0
Unvalidated,2024010491235,2024,010491235,2,9,0,9,1,7,0,1,0,0,0,0,3,1,1,1,39,7,-1,-1,-1,-1,3,1,E01004037,0
Unvalidated,2024010491236,2024,010491236,1,9,0,1,3,7,0,1,0,11,0,0,2,1,6,1,22,5,-1,-1,-1,-1,5,1,E01001214,0
Unvalidated,2024010491238,2024,010491238,1,9,0,18,7,3,0,1,0,0,0,0,0,1,6,1,27,6,-1,-1,-1,-1,6,1,E01033738,0
Unvalidated,2024010491238,2024,010491238,2,1,0,18,7,3,0,1,0,0,0,0,1,1,1,2,23,5,-1,-1,-1,-1,6,1,E01004581,0
Unvalidated,2024010491239,2024,010491239,1,3,9,99,9,9,99,9,9,99,9,99,1,1,1,1,26,6,-1,-1,-1,-1,1,1,E01032575,0
Unvalidated,2024010491239,2024,010491239,2,9,9,99,9,9,99,9,9,99,9,99,9,9,6,3,-1,-1,-1,-1,-1,-1,-1,-1,-1,0
Unvalidated,2024010491243,2024,010491243,1,9,0,18,3,7,0,0,0,0,0,0,3,1,6,2,59,9,-1,-1,-1,-1,8,1,E01000878,0
Unvalidated,2024010491243,2024,010491243,2,3,0,18,7,3,0,0,2,0,0,0,1,1,6,1,37,7,-1,-1,-1,-1,4,1,E01000557,0
Unvalidated,2024010491250,2024,010491250,1,11,9,99,9,9,99,9,9,99,9,99,9,9,6,1,-1,-1,-1,-1,-1,-1,6,1,E01001163,0
Unvalidated,2024010491250,2024,010491250,2,9,9,99,9,9,99,9,9,99,9,99,9,9,6,1,51,8,-1,-1,-1,-1,5,1,E01021575,0
Unvalidated,2024010491252,2024,010491252,1,11,0,18,7,3,0,1,0,0,0,0,1,1,1,1,56,9,-1,-1,-1,-1,4,1,E01002631,0
Unvalidated,2024010491252,2024,010491252,2,9,0,18,7,3,0,1,0,0,0,0,2,1,1,2,40,7,-1,-1,-1,-1,2,1,E01001130,0
Unvalidated,2024010491252,2024,010491252,3,9,0,18,7,3,0,1,0,0,0,0,2,1,2,1,64,9,-1,-1,-1,-1,7,1,E01016510,0
Unvalidated,2024010491252,2024,010491252,4,9,0,18,7,3,0,1,0,0,0,0,2,1,2,1,62,9,-1,-1,-1,-1,5,1,E01001335,0
Unvalidated,2024010491253,2024,010491253,1,1,9,99,9,9,99,9,9,99,9,99,9,1,6,1,51,8,-1,-1,-1,-1,6,1,E01003033,0
Unvalidated,2024010491255,2024,010491255,1,9,9,18,5,1,9,2,0,0,0,0,0,9,6,1,-1,-1,-1,-1,-1,-1,-1,-1,-1,0
Unvalidated,2024010491257,2024,010491257,1,9,0,99,9,9,0,0,0,0,0,0,9,1,6,3,-1,-1,-1,-1,-1,-1,-1,-1,-1,0
Unvalidated,2024010491262,2024,010491262,1,9,0,18,7,3,0,1,0,0,0,0,4,1,6,1,29,6,-1,-1,-1,-1,-1,-1,-1,0
Unvalidated,2024010491262,2024,010491262,2,1,0,18,3,7,0,1,0,0,0,0,3,1,6,1,25,5,-1,-1,-1,-1,3,1,E01003960,0
Unvalidated,2024010491268,2024,010491268,1,3,0,99,9,9,99,9,9,99,9,99,9,1,1,1,47,8,-1,-1,-1,-1,2,1,E01004238,0
Unvalidated,2024010491268,2024,010491268,2,9,0,99,9,9,99,9,9,99,9,99,9,9,6,3,-1,-1,-1,-1,-1,-1,-1,-1,-1,0
Unvalidated,2024010491269,2024,010491269,1,9,0,99,9,9,99,9,9,99,9,99,2,9,6,1,55,8,-1,-1,-1,-1,7,1,E01003287,0
Unvalidated,2024010491269,2024,010491269,2,9,0,99,9,9,99,9,9,99,9,99,9,9,6,3,-1,-1,-1,-1,-1,-1,-1,-1,-1,0
Unvalidated,2024010491276,2024,010491276,1,8,0,9,3,1,0,1,0,0,0,0,1,1,1,1,52,8,-1,-1,-1,-1,5,1,E01000036,0
Unvalidated,2024010491278,2024,010491278,1,1,9,99,9,9,99,9,9,99,9,99,9,1,6,2,36,7,-1,-1,-1,-1,1,1,E01004205,0
Unvalidated,2024010491278,2024,010491278,2,90,0,99,9,9,99,9,9,99,9,99,9,9,6,3,-1,-1,-1,-1,-1,-1,-1,-1,-1,0
Unvalidated,2024010491280,2024,010491280,1,11,9,99,9,9,99,0,9,99,9,99,9,1,6,3,-1,-1,-1,-1,-1,-1,-1,-1,-1,0
Unvalidated,2024010491281,2024,010491281,1,9,0,18,7,3,0,2,0,0,0,0,4,1,2,2,28,6,-1,-1,-1,-1,5,1,E01021432,0
Unvalidated,2024010491281,2024,010491281,2,9,0,7,1,3,0,2,0,0,0,0,3,1,6,1,52,8,-1,-1,-1,-1,4,1,E01000066,0
Unvalidated,2024010491282,2024,010491282,1,9,0,99,9,9,99,9,9,99,9,99,9,9,6,1,79,11,-1,-1,-1,-1,5,1,E01000240,0
Unvalidated,2024010491283,2024,010491283,1,1,9,99,9,9,99,9,9,99,9,99,9,1,6,3,27,6,-1,-1,-1,-1,2,1,E01000544,0
Unvalidated,2024010491283,2024,010491283,2,9,0,99,9,9,99,9,9,99,9,99,9,9,6,3,-1,-1,-1,-1,-1,-1,-1,-1,-1,0
Unvalidated,2024010491285,2024,010491285,1,3,0,99,9,9,99,9,9,99,9,99,9,1,1,1,35,6,-1,-1,-1,-1,2,1,E01001783,0