status,collision_index,collision_year,collision_reference,vehicle_reference,vehicle_type,towing_and_articulation,vehicle_manoeuvre,vehicle_direction_from,vehicle_direction_to,vehicle_location_restricted_lane,junction_location,skidding_and_overturning,hit_object_in_carriageway,vehicle_leaving_carriageway,hit_object_off_carriageway,first_point_of_impact,vehicle_left_hand_drive,journey_purpose_of_driver,sex_of_driver,age_of_driver,age_band_of_driver,engine_capacity_cc,propulsion_code,age_of_vehicle,generic_make_model,driver_imd_decile,driver_home_area_type,lsoa_of_driver,escooter_flag
Unvalidated,2024010491285,2024,010491285,2,9,9,99,9,9,99,9,9,99,9,99,9,9,6,3,-1,-1,-1,-1,-1,-1,-1,-1,-1,0
Unvalidated,2024010491288,2024,010491288,1,8,0,7,7,2,0,1,0,0,0,0,4,1,1,1,53,8,-1,-1,-1,-1,5,1,E01002948,0
Unvalidated,2024010491288,2024,010491288,2,3,0,18,7,3,0,1,0,0,0,0,3,1,2,1,60,9,-1,-1,-1,-1,8,1,E01000659,0
Unvalidated,2024010491294,2024,010491294,1,19,0,5,1,5,0,2,0,0,0,0,1,1,1,1,33,6,-1,-1,-1,-1,4,1,E01003119,0
Unvalidated,2024010491294,2024,010491294,2,9,0,4,1,5,0,2,0,0,0,0,2,1,3,2,35,6,-1,-1,-1,-1,5,1,E01004522,0
Unvalidated,2024010491294,2024,010491294,3,9,0,4,1,5,0,1,0,0,0,0,2,1,6,2,44,7,-1,-1,-1,-1,6,1,E01003429,0
Unvalidated,2024010491295,2024,010491295,1,9,0,17,5,1,0,1,0,0,1,0,1,1,1,1,40,7,-1,-1,-1,-1,9,1,E01022136,0
Unvalidated,2024010491295,2024,010491295,2,5,0,4,5,1,0,1,0,0,1,0,2,1,1,1,35,6,-1,-1,-1,-1,3,1,E01003618,0
Unvalidated,2024010491298,2024,010491298,1,9,0,9,5,3,0,1,0,0,0,0,1,1,2,1,43,7,-1,-1,-1,-1,4,1,E01004141,0
Unvalidated,2024010491298,2024,010491298,2,4,0,7,1,4,0,1,0,0,0,0,3,1,6,1,29,6,-1,-1,-1,-1,8,1,E01004110,0
Unvalidated,2024010491299,2024,010491299,1,9,0,3,1,5,0,1,0,0,0,0,4,1,6,1,47,8,-1,-1,-1,-1,7,1,E01001308,0
Unvalidated,2024010491299,2024,010491299,2,9,0,7,3,6,0,6,0,0,0,0,4,1,6,2,26,6,-1,-1,-1,-1,2,1,E01001205,0
Unvalidated,2024010491311,2024,010491311,1,8,0,99,9,9,99,9,9,99,9,99,2,9,1,1,44,7,-1,-1,-1,-1,6,1,E01000232,0
Unvalidated,2024010491311,2024,010491311,2,9,9,99,9,9,0,9,9,99,9,99,9,9,6,1,44,7,-1,-1,-1,-1,-1,3,-1,0
Unvalidated,2024010491311,2024,010491311,3,9,9,99,9,9,0,9,9,99,9,0,9,9,6,3,-1,-1,-1,-1,-1,-1,3,1,E01002598,0
Unvalidated,2024010491315,2024,010491315,1,9,0,18,7,3,0,0,0,4,0,0,1,1,6,3,-1,-1,-1,-1,-1,-1,1,1,E01002073,0
Unvalidated,2024010491315,2024,010491315,2,3,0,18,7,3,0,0,0,0,0,0,4,1,6,1,27,6,-1,-1,-1,-1,-1,-1,-1,0
Unvalidated,2024010491315,2024,010491315,3,9,0,2,0,0,0,0,0,0,0,0,2,1,6,3,-1,-1,-1,-1,-1,-1,-1,-1,-1,0
Unvalidated,2024010491315,2024,010491315,4,9,0,2,0,0,0,0,0,0,0,0,2,1,6,3,-1,-1,-1,-1,-1,-1,-1,-1,-1,0
Unvalidated,2024010491316,2024,010491316,1,9,0,9,7,5,0,5,0,0,0,0,3,1,6,1,53,8,-1,-1,-1,-1,-1,-1,-1,0
Unvalidated,2024010491316,2024,010491316,2,5,0,17,7,3,0,1,2,0,0,0,4,1,6,1,39,7,-1,-1,-1,-1,-1,-1,-1,0
Unvalidated,2024010491322,2024,010491322,1,1,9,99,9,9,99,9,9,99,9,99,9,1,2,1,60,9,-1,-1,-1,-1,6,1,E01004637,0
Unvalidated,2024010491322,2024,010491322,2,9,0,99,9,9,99,9,9,99,9,99,1,9,6,3,-1,-1,-1,-1,-1,-1,-1,-1,-1,0
Unvalidated,2024010491325,2024,010491325,1,9,0,7,7,1,0,5,0,0,0,0,4,1,6,1,32,6,-1,-1,-1,-1,8,1,E01003670,0
Unvalidated,2024010491333,2024,010491333,1,9,0,99,9,9,99,9,9,99,9,99,1,9,6,2,30,6,-1,-1,-1,-1,3,1,E01000092,0
Unvalidated,2024010491333,2024,010491333,2,9,0,18,1,5,0,1,9,0,0,0,9,1,6,1,34,6,-1,-1,-1,-1,1,1,E01000048,0
Unvalidated,2024010491333,2024,010491333,3,19,0,18,1,5,0,1,9,0,0,0,1,9,6,3,-1,-1,-1,-1,-1,-1,-1,-1,-1,0
Unvalidated,2024010491335,2024,010491335,1,2,0,5,2,6,0,1,2,0,0,0,1,1,6,1,17,4,-1,-1,-1,-1,7,1,E01002329,0
Unvalidated,2024010491335,2024,010491335,2,9,0,9,6,4,0,1,0,0,0,0,1,1,6,1,18,4,-1,-1,-1,-1,6,1,E01002351,0
Unvalidated,2024010491336,2024,010491336,1,11,0,18,7,3,2,1,0,0,0,0,3,1,1,2,24,5,-1,-1,-1,-1,3,1,E01003073,0
Unvalidated,2024010491337,2024,010491337,1,3,0,18,3,7,0,0,0,0,0,0,3,1,1,1,34,6,-1,-1,-1,-1,4,1,E01000875,0
Unvalidated,2024010491337,2024,010491337,2,9,0,18,3,7,0,0,0,0,0,0,3,1,2,1,62,9,-1,-1,-1,-1,3,1,E01004676,0
Unvalidated,2024010491339,2024,010491339,1,9,0,99,9,9,99,9,9,99,9,99,2,9,1,1,48,8,-1,-1,-1,-1,9,1,E01023378,0
Unvalidated,2024010491339,2024,010491339,2,9,0,99,9,9,99,9,9,99,9,99,1,9,6,3,-1,-1,-1,-1,-1,-1,-1,-1,-1,0
Unvalidated,2024010491339,2024,010491339,3,9,0,99,9,9,99,9,9,99,9,99,0,9,6,3,-1,-1,-1,-1,-1,-1,-1,-1,-1,0
Unvalidated,2024010491340,2024,010491340,1,9,0,99,9,9,99,9,9,99,9,99,2,9,6,1,56,9,-1,-1,-1,-1,7,1,E01003419,0
Unvalidated,2024010491340,2024,010491340,2,9,0,99,9,9,99,9,9,99,9,99,1,9,6,3,-1,-1,-1,-1,-1,-1,8,1,E01003445,0
Unvalidated,2024010491342,2024,010491342,1,11,0,5,7,3,0,2,0,0,0,0,1,1,1,1,23,5,-1,-1,-1,-1,3,1,E01004212,0
Unvalidated,2024010491345,2024,010491345,1,1,9,99,9,9,99,9,9,99,9,99,1,1,1,1,28,6,-1,-1,-1,-1,3,1,E01032774,0
Unvalidated,2024010491345,2024,010491345,2,9,0,99,9,9,0,9,0,0,9,0,9,1,6,3,-1,-1,-1,-1,-1,-1,4,1,E01000466,0
Unvalidated,2024010491349,2024,010491349,1,9,0,3,5,1,0,1,0,0,0,0,3,1,6,1,-1,-1,-1,-1,-1,-1,-1,-1,-1,0
Unvalidated,2024010491349,2024,010491349,2,1,0,18,4,8,0,6,0,8,0,0,1,1,6,1,31,6,-1,-1,-1,-1,3,1,E01002620,0
Unvalidated,2024010491353,2024,010491353,1,3,0,13,8,4,0,1,0,0,0,0,1,1,6,1,29,6,-1,-1,-1,-1,3,1,E01001045,0
Unvalidated,2024010491353,2024,010491353,2,9,0,18,5,1,0,2,0,0,0,0,1,1,6,1,36,7,-1,-1,-1,-1,5,1,E01003139,0
Unvalidated,2024010491353,2024,010491353,3,1,0,9,8,5,0,1,0,0,0,0,3,1,6,1,33,6,-1,-1,-1,-1,3,1,E01003387,0
Unvalidated,2024010491357,2024,010491357,1,9,0,18,5,1,0,1,0,0,0,0,1,1,6,1,33,6,-1,-1,-1,-1,2,1,E01002712,0
Unvalidated,2024010491357,2024,010491357,2,8,0,3,5,1,0,1,0,0,0,0,2,1,1,1,59,9,-1,-1,-1,-1,1,1,E01000528,0
Unvalidated,2024010491357,2024,010491357,3,9,0,3,5,1,0,1,0,0,0,0,2,1,6,1,59,9,-1,-1,-1,-1,9,1,E01025669,0
Unvalidated,2024010491358,2024,010491358,1,9,0,17,1,5,0,1,5,4,1,2,1,1,6,1,24,5,-1,-1,-1,-1,10,1,E01030331,0
Unvalidated,2024010491358,2024,010491358,2,9,0,2,0,0,0,1,0,0,0,0,1,1,6,3,-1,-1,-1,-1,-1,-1,-1,-1,-1,0
Unvalidated,2024010491359,2024,010491359,1,9,0,18,8,4,0,0,0,0,0,0,1,1,6,3,-1,-1,-1,-1,-1,-1,-1,-1,-1,0
Unvalidated,2024010491360,2024,010491360,1,9,0,18,1,5,0,4,0,0,0,0,1,1,2,1,26,6,-1,-1,-1,-1,-1,-1,-1,0
Unvalidated,2024010491360,2024,010491360,2,9,0,4,1,5,0,4,0,0,0,0,0,1,2,2,44,7,-1,-1,-1,-1,-1,-1,-1,0
Unvalidated,2024010491364,2024,010491364,1,5,0,5,5,1,0,0,0,10,1,5,1,1,6,1,25,5,-1,-1,-1,-1,4,1,E01004416,0
Unvalidated,2024010491368,2024,010491368,1,19,0,18,1,5,0,0,0,0,0,0,1,1,1,1,44,7,-1,-1,-1,-1,6,1,E01003843,0
Unvalidated,2024010491377,2024,010491377,1,19,0,2,0,0,0,9,0,0,0,0,3,1,6,3,-1,-1,-1,-1,-1,-1,-1,-1,-1,0
Unvalidated,2024010491377,2024,010491377,2,1,0,14,7,3,0,2,0,0,0,0,4,1,6,2,32,6,-1,-1,-1,-1,4,1,E01001855,0
Unvalidated,2024010491378,2024,010491378,1,1,0,18,5,1,0,8,0,0,0,0,1,1,2,1,29,6,-1,-1,-1,-1,-1,-1,-1,0
Unvalidated,2024010491378,2024,010491378,2,9,0,99,9,9,0,8,0,0,0,0,1,1,6,1,-1,-1,-1,-1,-1,-1,-1,-1,-1,0
Unvalidated,2024010491379,2024,010491379,1,9,0,99,9,9,99,9,9,99,9,99,9,1,6,1,27,6,-1,-1,-1,-1,4,1,E01001618,0
Unvalidated,2024010491390,2024,010491390,1,9,0,5,1,5,0,3,0,10,0,0,1,1,6,1,75,10,-1,-1,-1,-1,7,1,E01002436,0
Unvalidated,2024010491393,2024,010491393,1,1,9,99,9,9,99,9,9,99,9,99,9,1,2,1,19,4,-1,-1,-1,-1,4,1,E01000491,0
Unvalidated,2024010491393,2024,010491393,2,98,0,99,9,9,99,9,9,99,9,99,0,9,6,3,-1,-1,-1,-1,-1,-1,-1,-1,-1,0
Unvalidated,2024010491396,2024,010491396,1,9,0,18,7,3,0,8,0,0,0,0,1,1,6,3,-1,-1,-1,-1,-1,-1,-1,-1,-1,0
Unvalidated,2024010491397,2024,010491397,1,9,0,18,7,3,0,4,0,0,0,0,1,1,6,1,52,8,-1,-1,-1,-1,-1,-1,-1,0
Unvalidated,2024010491397,2024,010491397,2,3,0,18,3,7,0,4,0,0,0,0,4,1,6,2,29,6,-1,-1,-1,-1,-1,-1,-1,0
Unvalidated,2024010491402,2024,010491402,1,11,0,5,1,5,0,2,0,0,0,0,0,1,1,1,48,8,-1,-1,-1,-1,1,1,E01003515,0
Unvalidated,2024010491403,2024,010491403,1,9,0,9,5,3,0,1,0,0,0,0,1,1,1,2,66,10,-1,-1,-1,-1,6,1,E01002186,0
Unvalidated,2024010491405,2024,010491405,1,19,0,5,3,7,0,8,0,0,0,0,4,1,1,2,47,8,-1,-1,-1,-1,-1,-1,-1,0
Unvalidated,2024010491405,2024,010491405,2,10,0,5,5,1,0,8,0,0,0,0,1,1,1,1,47,8,-1,-1,-1,-1,9,1,W01000943,0
Unvalidated,2024010491407,2024,010491407,1,5,0,4,5,1,0,1,0,0,0,0,1,1,1,1,24,5,-1,-1,-1,-1,5,1,E01021778,0
Unvalidated,2024010491408,2024,010491408,1,3,0,18,5,1,0,8,0,0,0,0,3,1,1,1,24,5,-1,-1,-1,-1,2,1,E01003266,0
Unvalidated,2024010491408,2024,010491408,2,9,0,9,1,7,0,8,0,0,0,0,1,1,6,1,31,6,-1,-1,-1,-1,7,1,E01024141,0
Unvalidated,2024010491413,2024,010491413,1,8,9,99,9,9,99,9,9,99,9,99,9,9,1,1,54,8,-1,-1,-1,-1,6,1,E01001312,0
Unvalidated,2024010491413,2024,010491413,2,9,9,5,7,3,99,9,9,99,9,99,9,9,6,1,-1,-1,-1,-1,-1,-1,-1,-1,-1,0
Unvalidated,2024010491418,2024,010491418,1,9,0,1,8,4,0,0,0,0,0,0,2,1,6,1,45,7,-1,-1,-1,-1,4,1,E01002744,0
Unvalidated,2024010491422,2024,010491422,1,3,0,99,9,9,99,9,9,99,9,99,9,1,6,1,32,6,-1,-1,-1,-1,2,1,E01004036,0
Unvalidated,2024010491422,2024,010491422,2,9,0,99,9,9,99,9,9,99,9,99,9,9,6,3,-1,-1,-1,-1,-1,-1,-1,-1,-1,0
Unvalidated,2024010491434,2024,010491434,1,9,0,4,5,1,0,2,0,0,0,0,2,1,2,1,35,6,-1,-1,-1,-1,4,1,E01003114,0
Unvalidated,2024010491434,2024,010491434,2,3,0,15,5,1,0,2,2,0,0,0,3,1,6,1,33,6,-1,-1,-1,-1,2,1,E01001115,0
Unvalidated,2024010491436,2024,010491436,1,1,0,5,4,8,0,0,0,0,0,0,2,1,1,1,23,5,-1,-1,-1,-1,3,1,E01004259,0
Unvalidated,2024010491436,2024,010491436,2,9,0,18,4,8,0,0,0,0,0,0,1,1,6,3,-1,-1,-1,-1,-1,-1,-1,-1,-1,0
Unvalidated,2024010491438,2024,010491438,1,5,0,99,9,9,99,9,9,99,9,99,9,1,6,1,44,7,-1,-1,-1,-1,3,1,E01002235,0
Unvalidated,2024010491438,2024,010491438,2,9,0,99,9,9,99,9,9,99,9,99,0,9,6,3,-1,-1,-1,-1,-1,-1,-1,-1,-1,0
Unvalidated,2024010491439,2024,010491439,1,1,9,99,9,9,99,9,9,99,9,99,9,1,2,2,43,7,-1,-1,-1,-1,5,1,E01004644,0
Unvalidated,2024010491439,2024,010491439,2,9,0,99,9,9,99,9,9,99,9,99,1,9,6,3,-1,-1,-1,-1,-1,-1,6,1,E01000585,0
Unvalidated,2024010491448,2024,010491448,1,9,0,99,9,9,99,9,9,99,9,99,9,9,6,2,32,6,-1,-1,-1,-1,5,1,E01002515,0
Unvalidated,2024010491450,2024,010491450,1,19,0,18,1,5,0,8,0,0,0,0,3,1,2,1,65,9,-1,-1,-1,-1,10,1,E01030931,0
Unvalidated,2024010491452,2024,010491452,1,9,0,99,9,9,99,9,9,99,9,99,2,9,6,2,49,8,-1,-1,-1,-1,3,1,E01002303,0
Unvalidated,2024010491452,2024,010491452,2,9,0,99,9,9,99,9,9,99,9,99,2,9,6,3,-1,-1,-1,-1,-1,-1,-1,-1,-1,0
Unvalidated,2024010491454,2024,010491454,1,8,0,99,9,9,99,9,9,99,9,99,9,9,1,1,55,8,-1,-1,-1,-1,3,1,E01000054,0
Unvalidated,2024010491454,2024,010491454,2,10,0,99,9,9,99,9,9,99,9,99,9,9,6,3,-1,-1,-1,-1,-1,-1,-1,-1,-1,0
Unvalidated,2024010491458,2024,010491458,1,4,0,18,7,3,0,0,0,0,0,0,1,1,6,1,26,6,-1,-1,-1,-1,2,1,E01004755,0
Unvalidated,2024010491458,2024,010491458,2,9,0,5,7,3,0,0,0,0,0,0,3,1,6,1,49,8,-1,-1,-1,-1,-1,-1,-1,0
Unvalidated,2024010491460,2024,010491460,1,9,0,5,5,1,0,0,0,0,0,0,1,1,6,1,34,6,-1,-1,-1,-1,4,1,E01001325,0
Unvalidated,2024010491463,2024,010491463,1,9,0,9,7,5,0,1,0,0,0,0,4,1,6,1,21,5,-1,-1,-1,-1,5,1,E01001091,0
Unvalidated,2024010491463,2024,010491463,2,5,0,3,5,1,0,1,0,0,0,0,1,1,1,1,50,8,-1,-1,-1,-1,10,1,E01024337,0
Unvalidated,2024010491465,2024,010491465,1,9,0,18,2,6,0,2,0,0,0,0,4,1,6,2,23,5,-1,-1,-1,-1,2,1,E01000154,0
Unvalidated,2024010491465,2024,010491465,2,1,0,9,2,7,9,2,0,0,0,0,4,1,6,1,17,4,-1,-1,-1,-1,2,1,E01000129,0
Unvalidated,2024010491467,2024,010491467,1,3,0,18,3,7,0,0,0,0,0,0,2,1,6,1,33,6,-1,-1,-1,-1,4,1,E01002233,0
Unvalidated,2024010491467,2024,010491467,2,90,0,18,3,7,0,0,0,0,0,0,2,1,6,1,48,8,-1,-1,-1,-1,8,1,E01002148,0
Unvalidated,2024010491467,2024,010491467,3,9,0,3,3,7,0,0,0,0,0,0,2,1,6,2,22,5,-1,-1,-1,-1,7,1,E01032577,0
Unvalidated,2024010491467,2024,010491467,4,9,0,3,3,7,0,0,0,0,0,0,2,1,6,2,54,8,-1,-1,-1,-1,5,1,E01002533,0
Unvalidated,2024010491467,2024,010491467,5,9,0,18,3,7,0,0,0,0,0,0,1,1,6,1,38,7,-1,-1,-1,-1,7,1,E01002173,0
Unvalidated,2024010491470,2024,010491470,1,9,0,9,8,6,0,1,0,0,0,0,1,1,6,1,39,7,-1,-1,-1,-1,4,1,E01023106,0
Unvalidated,2024010491470,2024,010491470,2,1,0,18,4,8,0,1,5,0,0,0,1,1,1,1,27,6,-1,-1,-1,-1,3,1,E01001240,0
Unvalidated,2024010491471,2024,010491471,1,1,9,99,9,9,99,9,9,99,9,99,9,1,6,1,40,7,-1,-1,-1,-1,5,1,E01004461,0
Unvalidated,2024010491476,2024,010491476,1,9,0,18,7,3,0,2,0,0,0,0,4,1,6,2,57,9,-1,-1,-1,-1,5,1,E01002344,0
Unvalidated,2024010491478,2024,010491478,1,8,0,99,9,9,99,9,9,99,9,99,9,9,2,1,26,6,-1,-1,-1,-1,7,1,E01001455,0
Unvalidated,2024010491478,2024,010491478,2,9,9,99,9,9,99,9,9,99,9,99,9,9,6,3,-1,-1,-1,-1,-1,-1,-1,-1,-1,0
Unvalidated,2024010491482,2024,010491482,1,1,0,18,5,1,9,0,0,0,0,0,1,1,6,1,34,6,-1,-1,-1,-1,-1,-1,-1,0
Unvalidated,2024010491485,2024,010491485,1,9,0,18,5,1,9,5,0,0,7,0,1,1,6,1,33,6,-1,-1,-1,-1,2,1,E01001796,0
Unvalidated,2024010491485,2024,010491485,2,1,0,18,1,5,9,8,0,0,0,0,1,1,1,1,20,4,-1,-1,-1,-1,3,1,E01002043,0
Unvalidated,2024010491486,2024,010491486,1,9,0,99,9,9,99,9,9,99,9,99,9,9,6,2,20,4,-1,-1,-1,-1,1,1,E01024612,0
Unvalidated,2024010491486,2024,010491486,2,9,0,99,9,9,99,9,9,99,9,99,2,9,6,3,-1,-1,-1,-1,-1,-1,-1,-1,-1,0
Unvalidated,2024010491490,2024,010491490,1,3,0,18,5,1,0,8,0,0,0,0,3,1,3,1,31,6,-1,-1,-1,-1,5,1,E01000284,0
Unvalidated,2024010491490,2024,010491490,2,9,0,9,1,7,0,8,0,0,0,0,1,1,6,1,49,8,-1,-1,-1,-1,7,1,E01000198,0
Unvalidated,2024010491493,2024,010491493,1,9,0,9,7,5,0,8,0,0,0,0,4,1,6,1,19,4,-1,-1,-1,-1,3,1,E01001465,0
Unvalidated,2024010491493,2024,010491493,2,3,0,18,3,7,0,8,0,0,0,0,1,1,1,1,33,6,-1,-1,-1,-1,5,1,E01021962,0
Unvalidated,2024010491494,2024,010491494,1,9,0,18,3,7,0,0,0,0,0,0,3,1,6,1,30,6,-1,-1,-1,-1,7,1,E01032728,0
Unvalidated,2024010491494,2024,010491494,2,9,0,18,3,7,0,0,0,0,0,0,3,1,6,3,-1,-1,-1,-1,-1,-1,-1,-1,-1,0
Unvalidated,2024010491495,2024,010491495,1,9,0,16,4,8,0,1,0,0,0,0,1,1,6,1,40,7,-1,-1,-1,-1,10,1,E01002254,0
Unvalidated,2024010491495,2024,010491495,2,9,0,17,1,5,0,1,0,0,0,0,1,1,6,1,21,5,-1,-1,-1,-1,6,1,E01001393,0
Unvalidated,2024010491499,2024,010491499,1,9,0,18,3,7,9,1,0,0,1,5,1,1,6,1,24,5,-1,-1,-1,-1,-1,-1,-1,0
Unvalidated,2024010491501,2024,010491501,1,9,0,9,2,7,0,8,0,0,0,0,2,1,6,2,29,6,-1,-1,-1,-1,7,1,E01024355,0
Unvalidated,2024010491501,2024,010491501,2,11,0,5,5,1,0,1,0,0,0,0,1,1,6,1,68,10,-1,-1,-1,-1,3,1,E01024279,0
Unvalidated,2024010491503,2024,010491503,1,9,0,18,7,3,0,2,1,0,1,0,1,2,6,1,29,6,-1,-1,-1,-1,10,1,E01002153,0
Unvalidated,2024010491503,2024,010491503,2,9,0,18,7,3,0,2,0,0,1,0,2,2,2,1,52,8,-1,-1,-1,-1,8,1,E01022298,0
Unvalidated,2024010491507,2024,010491507,1,9,0,7,6,1,0,1,0,11,0,0,1,1,2,2,45,7,-1,-1,-1,-1,3,1,E01003209,0
Unvalidated,2024010491508,2024,010491508,1,9,0,16,1,5,0,8,0,0,1,10,1,1,6,1,29,6,-1,-1,-1,-1,4,1,E01004737,0
Unvalidated,2024010491523,2024,010491523,1,9,0,99,9,9,99,9,9,99,9,99,1,9,6,2,55,8,-1,-1,-1,-1,5,1,E01001088,0
Unvalidated,2024010491523,2024,010491523,2,9,0,99,9,9,99,9,9,99,9,99,1,9,6,3,-1,-1,-1,-1,-1,-1,3,1,E01001089,0
Unvalidated,2024010491524,2024,010491524,1,9,0,99,9,9,99,0,9,99,9,99,9,9,6,2,50,8,-1,-1,-1,-1,7,1,E01002653,0
Unvalidated,2024010491526,2024,010491526,1,9,0,9,3,1,0,8,0,0,0,0,1,1,2,1,26,6,-1,-1,-1,-1,2,1,E01033491,0
Unvalidated,2024010491526,2024,010491526,2,3,0,18,7,3,0,1,0,0,0,0,1,1,1,1,30,6,-1,-1,-1,-1,-1,-1,-1,0
Unvalidated,2024010491529,2024,010491529,1,5,9,99,9,9,99,9,9,99,9,99,9,1,6,1,20,4,-1,-1,-1,-1,6,1,E01033738,0
Unvalidated,2024010491529,2024,010491529,2,9,9,99,9,9,99,9,9,99,9,99,9,9,6,1,34,6,-1,-1,-1,-1,5,1,E01000454,0
Unvalidated,2024010491532,2024,010491532,1,9,0,3,1,5,0,1,0,0,0,0,2,1,6,1,36,7,-1,-1,-1,-1,3,1,E01003372,0
Unvalidated,2024010491532,2024,010491532,2,90,0,18,1,5,0,1,0,0,0,0,1,1,6,1,22,5,-1,-1,-1,-1,-1,-1,-1,0
Unvalidated,2024010491543,2024,010491543,1,1,9,99,9,9,99,9,9,99,9,99,9,1,6,3,24,5,-1,-1,-1,-1,6,1,E01003030,0
Unvalidated,2024010491543,2024,010491543,2,9,9,99,9,9,99,9,9,99,9,99,9,9,6,3,-1,-1,-1,-1,-1,-1,-1,-1,-1,0
Unvalidated,2024010491546,2024,010491546,1,9,0,18,3,7,0,8,0,0,0,0,1,1,1,1,45,7,-1,-1,-1,-1,3,1,E01003606,0
Unvalidated,2024010491546,2024,010491546,2,9,0,99,9,9,99,9,9,99,9,99,1,9,6,1,-1,-1,-1,-1,-1,-1,-1,-1,-1,0
Unvalidated,2024010491547,2024,010491547,1,1,9,99,9,9,99,9,9,99,9,99,9,1,6,2,24,5,-1,-1,-1,-1,2,1,E01000315,0
Unvalidated,2024010491547,2024,010491547,2,9,0,99,9,9,99,9,9,99,9,99,9,9,6,2,27,6,-1,-1,-1,-1,4,1,E01001459,0
Unvalidated,2024010491549,2024,010491549,1,3,0,18,5,1,0,0,0,0,0,0,2,1,6,1,34,6,-1,-1,-1,-1,6,1,E01000624,0
Unvalidated,2024010491549,2024,010491549,2,9,0,18,5,1,0,0,0,0,0,0,1,9,6,3,-1,-1,-1,-1,-1,-1,-1,-1,-1,0
Unvalidated,2024010491551,2024,010491551,1,9,0,5,3,7,0,0,0,0,0,0,4,1,6,1,76,11,-1,-1,-1,-1,-1,-1,-1,0
Unvalidated,2024010491552,2024,010491552,1,9,0,18,1,5,0,0,0,4,0,0,1,1,2,2,54,8,-1,-1,-1,-1,-1,-1,-1,0
Unvalidated,2024010491552,2024,010491552,2,8,0,18,1,5,0,0,0,0,0,0,2,1,1,1,27,6,-1,-1,-1,-1,4,1,E01021776,0
Unvalidated,2024010491552,2024,010491552,3,9,0,2,0,0,0,0,0,0,0,0,3,1,6,3,-1,-1,-1,-1,-1,-1,-1,-1,-1,0
Unvalidated,2024010491561,2024,010491561,1,8,0,99,9,9,0,0,0,0,0,0,4,9,6,3,-1,-1,-1,-1,-1,-1,-1,-1,-1,0
Unvalidated,2024010491573,2024,010491573,1,9,0,9,1,7,0,8,0,0,0,0,1,1,6,1,45,7,-1,-1,-1,-1,1,1,E01001811,0
Unvalidated,2024010491573,2024,010491573,2,1,0,18,7,3,0,8,0,0,0,0,1,1,6,2,44,7,-1,-1,-1,-1,2,1,E01001815,0
Unvalidated,2024010491574,2024,010491574,1,9,5,18,1,5,0,8,0,10,0,0,1,1,6,2,29,6,-1,-1,-1,-1,4,1,E01002549,0
Unvalidated,2024010491579,2024,010491579,1,1,0,18,1,5,0,1,0,0,0,0,1,1,6,1,13,3,-1,-1,-1,-1,5,1,E01003833,0
Unvalidated,2024010491582,2024,010491582,1,9,0,99,9,9,99,0,9,99,9,99,9,9,6,1,36,7,-1,-1,-1,-1,5,1,E01003955,0
Unvalidated,2024010491582,2024,010491582,2,9,0,99,9,9,99,0,9,99,9,99,9,9,6,3,-1,-1,-1,-1,-1,-1,-1,-1,-1,0
Unvalidated,2024010491583,2024,010491583,1,9,9,99,9,9,99,9,9,99,9,99,9,9,6,3,-1,-1,-1,-1,-1,-1,-1,-1,-1,0
Unvalidated,2024010491589,2024,010491589,1,9,0,18,1,5,0,0,0,0,0,0,1,1,6,3,-1,-1,-1,-1,-1,-1,-1,-1,-1,0
Unvalidated,2024010491593,2024,010491593,1,9,0,4,5,1,0,0,0,0,0,0,1,1,6,1,34,6,-1,-1,-1,-1,9,1,E01002416,0
Unvalidated,2024010491593,2024,010491593,2,3,0,4,5,1,0,0,0,0,0,0,2,1,1,1,26,6,-1,-1,-1,-1,7,1,E01002199,0
Unvalidated,2024010491594,2024,010491594,1,1,9,99,9,9,99,9,9,99,9,99,9,1,2,1,36,7,-1,-1,-1,-1,2,1,E01004253,0
Unvalidated,2024010491597,2024,010491597,1,9,0,18,1,5,0,8,0,0,0,0,3,1,6,1,27,6,-1,-1,-1,-1,9,1,E01033022,0
Unvalidated,2024010491597,2024,010491597,2,9,0,9,5,3,0,8,0,0,0,0,1,1,6,2,74,10,-1,-1,-1,-1,2,1,E01033148,0
Unvalidated,2024010491603,2024,010491603,1,1,9,99,9,9,99,9,9,99,9,99,1,1,6,3,-1,-1,-1,-1,-1,-1,3,1,E01023873,0
Unvalidated,2024010491607,2024,010491607,1,9,0,18,5,1,0,1,1,0,0,0,1,1,6,1,36,7,-1,-1,-1,-1,4,1,E01000466,0
Unvalidated,2024010491607,2024,010491607,2,9,0,18,1,5,0,1,1,0,0,0,1,1,6,1,31,6,-1,-1,-1,-1,3,1,E01016038,0
Unvalidated,2024010491612,2024,010491612,1,9,0,99,9,9,99,9,9,99,9,99,3,9,6,2,22,5,-1,-1,-1,-1,5,1,E01000619,0
Unvalidated,2024010491612,2024,010491612,2,9,0,99,9,9,99,9,9,99,9,99,1,9,6,3,-1,-1,-1,-1,-1,-1,-1,-1,-1,0
Unvalidated,2024010491616,2024,010491616,1,3,0,99,9,9,99,9,9,99,9,99,1,1,6,2,26,6,-1,-1,-1,-1,3,1,E01002044,0
Unvalidated,2024010491616,2024,010491616,2,8,0,99,9,9,99,9,9,99,9,99,2,9,6,3,-1,-1,-1,-1,-1,-1,-1,-1,-1,0