status,collision_index,collision_year,collision_reference,vehicle_reference,vehicle_type,towing_and_articulation,vehicle_manoeuvre,vehicle_direction_from,vehicle_direction_to,vehicle_location_restricted_lane,junction_location,skidding_and_overturning,hit_object_in_carriageway,vehicle_leaving_carriageway,hit_object_off_carriageway,first_point_of_impact,vehicle_left_hand_drive,journey_purpose_of_driver,sex_of_driver,age_of_driver,age_band_of_driver,engine_capacity_cc,propulsion_code,age_of_vehicle,generic_make_model,driver_imd_decile,driver_home_area_type,lsoa_of_driver,escooter_flag
Unvalidated,2024010491618,2024,010491618,1,3,0,18,8,4,0,0,2,4,0,0,1,1,2,1,21,5,-1,-1,-1,-1,3,1,E01003331,0
Unvalidated,2024010491618,2024,010491618,2,9,0,2,0,0,0,0,0,0,0,0,2,1,6,3,-1,-1,-1,-1,-1,-1,-1,-1,-1,0
Unvalidated,2024010491621,2024,010491621,1,9,0,17,5,1,0,0,0,0,0,0,1,1,6,1,55,8,-1,-1,-1,-1,7,1,E01002127,0
Unvalidated,2024010491621,2024,010491621,2,9,0,16,1,5,0,0,1,0,0,0,1,1,6,1,32,6,-1,-1,-1,-1,8,1,E01000966,0
Unvalidated,2024010491622,2024,010491622,1,9,0,2,0,0,0,0,0,8,0,0,1,1,6,3,-1,-1,-1,-1,-1,-1,-1,-1,-1,0
Unvalidated,2024010491622,2024,010491622,2,1,0,14,7,3,0,0,0,8,0,0,1,1,2,1,26,6,-1,-1,-1,-1,2,1,E01004219,0
Unvalidated,2024010491623,2024,010491623,1,9,0,2,0,0,9,3,0,0,0,0,1,1,6,3,-1,-1,-1,-1,-1,-1,-1,-1,-1,0
Unvalidated,2024010491623,2024,010491623,2,9,0,18,7,3,0,3,0,4,0,0,1,1,6,1,23,5,-1,-1,-1,-1,3,1,E01024182,0
Unvalidated,2024010491624,2024,010491624,1,9,0,18,1,5,0,0,0,0,0,0,0,1,1,1,37,7,-1,-1,-1,-1,7,1,E01003456,0
Unvalidated,2024010491624,2024,010491624,2,9,0,18,1,5,0,0,0,0,0,0,1,1,6,1,24,5,-1,-1,-1,-1,-1,-1,-1,0
Unvalidated,2024010491624,2024,010491624,3,3,0,18,5,1,0,0,0,0,0,0,1,1,6,1,28,6,-1,-1,-1,-1,-1,-1,-1,0
Unvalidated,2024010491626,2024,010491626,1,9,0,18,2,6,0,1,5,7,0,0,1,1,6,2,26,6,-1,-1,-1,-1,3,1,E01000226,0
Unvalidated,2024010491627,2024,010491627,1,9,0,99,9,9,99,9,9,99,9,99,2,9,2,1,44,7,-1,-1,-1,-1,5,1,E01015928,0
Unvalidated,2024010491627,2024,010491627,2,9,0,99,9,9,99,9,9,99,9,99,1,9,6,3,42,7,-1,-1,-1,-1,2,1,E01015931,0
Unvalidated,2024010491628,2024,010491628,1,19,0,18,8,4,0,8,0,0,0,0,1,1,1,1,25,5,-1,-1,-1,-1,9,1,E01023308,0
Unvalidated,2024010491628,2024,010491628,2,19,0,18,8,4,0,8,0,0,0,0,0,1,1,1,42,7,-1,-1,-1,-1,10,2,E01027295,0
Unvalidated,2024010491632,2024,010491632,1,3,9,99,9,9,99,9,9,99,9,99,1,1,1,1,24,5,-1,-1,-1,-1,8,1,E01000311,0
Unvalidated,2024010491632,2024,010491632,2,9,9,99,9,9,99,9,9,99,9,99,9,9,6,3,-1,-1,-1,-1,-1,-1,-1,-1,-1,0
Unvalidated,2024010491633,2024,010491633,1,3,0,99,9,9,99,9,9,99,9,99,1,1,6,1,30,6,-1,-1,-1,-1,8,1,E01003420,0
Unvalidated,2024010491633,2024,010491633,2,9,0,99,9,9,99,9,9,99,9,99,1,9,6,3,-1,-1,-1,-1,-1,-1,-1,-1,-1,0
Unvalidated,2024010491635,2024,010491635,1,3,0,13,6,2,0,8,2,0,7,2,1,1,2,1,55,8,-1,-1,-1,-1,2,1,E01001136,0
Unvalidated,2024010491635,2024,010491635,2,9,0,9,5,2,0,8,0,0,0,0,1,1,2,1,53,8,-1,-1,-1,-1,6,1,E01003149,0
Unvalidated,2024010491636,2024,010491636,1,9,0,13,5,1,0,8,0,0,0,0,3,1,6,2,44,7,-1,-1,-1,-1,2,1,E01004271,0
Unvalidated,2024010491636,2024,010491636,2,1,0,16,5,1,0,8,0,0,0,0,4,1,6,1,28,6,-1,-1,-1,-1,3,1,E01004202,0
Unvalidated,2024010491637,2024,010491637,1,9,0,9,7,5,0,1,0,0,0,0,1,1,6,1,59,9,-1,-1,-1,-1,5,1,E01001946,0
Unvalidated,2024010491637,2024,010491637,2,1,0,14,7,3,0,1,0,0,0,0,4,1,6,1,43,7,-1,-1,-1,-1,10,1,E01003805,0
Unvalidated,2024010491641,2024,010491641,1,3,0,99,9,9,99,9,9,99,9,99,1,1,2,1,25,5,-1,-1,-1,-1,3,1,E01001154,0
Unvalidated,2024010491641,2024,010491641,2,9,0,99,9,9,99,9,9,99,9,99,9,9,6,3,-1,-1,-1,-1,-1,-1,-1,-1,-1,0
Unvalidated,2024010491642,2024,010491642,1,9,0,5,5,1,0,5,0,11,0,0,1,1,2,2,39,7,-1,-1,-1,-1,5,1,E01031585,0
Unvalidated,2024010491644,2024,010491644,1,3,0,18,1,5,0,1,0,0,0,0,1,1,6,1,46,8,-1,-1,-1,-1,2,1,E01004400,0
Unvalidated,2024010491646,2024,010491646,1,11,5,18,7,3,2,0,0,0,0,0,1,1,6,2,46,8,-1,-1,-1,-1,4,1,E01001323,0
Unvalidated,2024010491646,2024,010491646,2,19,0,2,0,0,2,0,0,0,0,0,4,1,6,3,-1,-1,-1,-1,-1,-1,-1,-1,-1,0
Unvalidated,2024010491647,2024,010491647,1,9,0,99,9,9,99,9,9,99,9,99,9,9,6,2,39,7,-1,-1,-1,-1,2,1,E01003545,0
Unvalidated,2024010491655,2024,010491655,1,9,0,99,5,1,99,0,9,99,9,99,2,9,2,1,30,6,-1,-1,-1,-1,2,1,E01000729,0
Unvalidated,2024010491655,2024,010491655,2,90,0,99,5,1,99,0,9,99,9,99,2,9,6,3,-1,-1,-1,-1,-1,-1,-1,-1,-1,0
Unvalidated,2024010491666,2024,010491666,1,3,0,99,9,9,99,9,9,99,9,99,1,1,1,3,30,6,-1,-1,-1,-1,1,1,E01001155,0
Unvalidated,2024010491666,2024,010491666,2,9,0,99,9,9,99,9,9,99,9,99,9,9,6,3,-1,-1,-1,-1,-1,-1,-1,-1,-1,0
Unvalidated,2024010491667,2024,010491667,1,3,0,99,9,9,99,9,9,99,9,99,9,1,1,1,28,6,-1,-1,-1,-1,4,1,E01003937,0
Unvalidated,2024010491667,2024,010491667,2,9,0,99,9,9,99,9,9,99,9,99,1,9,6,3,-1,-1,-1,-1,-1,-1,-1,-1,-1,0
Unvalidated,2024010491671,2024,010491671,1,9,0,18,5,1,0,0,0,0,0,0,1,2,6,2,79,11,-1,-1,-1,-1,5,1,E01004601,0
Unvalidated,2024010491671,2024,010491671,2,9,0,18,5,1,0,0,0,0,0,0,2,2,6,1,49,8,-1,-1,-1,-1,2,1,E01003132,0
Unvalidated,2024010491671,2024,010491671,3,9,0,18,5,1,0,0,0,0,0,0,2,2,6,1,61,9,-1,-1,-1,-1,2,1,E01003137,0
Unvalidated,2024010491674,2024,010491674,1,1,9,99,9,9,99,9,9,99,9,99,1,1,6,2,63,9,-1,-1,-1,-1,1,1,E01001729,0
Unvalidated,2024010491674,2024,010491674,2,11,0,99,9,9,99,9,9,99,9,99,2,9,6,3,-1,-1,-1,-1,-1,-1,-1,-1,-1,0
Unvalidated,2024010491677,2024,010491677,1,3,0,99,9,9,99,9,9,99,9,99,9,1,2,1,56,9,-1,-1,-1,-1,3,1,E01000740,0
Unvalidated,2024010491677,2024,010491677,2,9,0,99,9,9,99,9,9,99,9,99,1,9,6,3,-1,-1,-1,-1,-1,-1,-1,-1,-1,0
Unvalidated,2024010491680,2024,010491680,1,8,0,9,3,2,0,6,0,0,0,0,1,1,6,1,31,6,-1,-1,-1,-1,2,1,E01003125,0
Unvalidated,2024010491680,2024,010491680,2,1,0,18,7,3,0,1,1,0,0,0,1,1,6,1,25,5,-1,-1,-1,-1,7,1,E01002902,0
Unvalidated,2024010491706,2024,010491706,1,9,0,99,9,9,99,9,9,99,9,99,9,9,6,1,36,7,-1,-1,-1,-1,-1,-1,-1,0
Unvalidated,2024010491713,2024,010491713,1,4,0,18,4,8,0,0,0,0,0,0,1,1,1,1,21,5,-1,-1,-1,-1,7,1,E01000462,0
Unvalidated,2024010491713,2024,010491713,2,9,0,18,8,4,0,0,0,0,0,0,1,1,1,1,49,8,-1,-1,-1,-1,3,1,E01001669,0
Unvalidated,2024010491726,2024,010491726,1,9,0,99,9,9,0,1,0,0,0,0,1,1,6,3,-1,-1,-1,-1,-1,-1,-1,-1,-1,0
Unvalidated,2024010491728,2024,010491728,1,1,9,99,9,9,99,9,9,99,9,99,9,1,6,1,55,8,-1,-1,-1,-1,7,1,E01001587,0
Unvalidated,2024010491728,2024,010491728,2,9,0,99,9,9,99,9,9,99,9,99,1,9,6,3,-1,-1,-1,-1,-1,-1,-1,-1,-1,0
Unvalidated,2024010491736,2024,010491736,1,3,0,18,6,2,2,1,0,0,0,0,1,1,2,1,65,9,-1,-1,-1,-1,-1,-1,-1,0
Unvalidated,2024010491736,2024,010491736,2,1,0,9,4,2,0,1,0,0,0,0,1,1,6,1,37,7,-1,-1,-1,-1,4,1,E01003278,0
Unvalidated,2024010491738,2024,010491738,1,5,0,99,9,9,99,9,9,99,9,99,2,1,2,1,26,6,-1,-1,-1,-1,8,1,E01002348,0
Unvalidated,2024010491738,2024,010491738,2,9,0,99,9,9,99,9,9,99,9,99,1,9,6,3,-1,-1,-1,-1,-1,-1,-1,-1,-1,0
Unvalidated,2024010491745,2024,010491745,1,3,0,99,9,9,99,9,9,99,9,99,2,1,1,1,24,5,-1,-1,-1,-1,3,1,E01003788,0
Unvalidated,2024010491745,2024,010491745,2,9,0,99,9,9,99,9,9,99,9,99,2,9,6,3,-1,-1,-1,-1,-1,-1,-1,-1,-1,0
Unvalidated,2024010491746,2024,010491746,1,9,0,9,2,7,9,2,0,0,1,1,1,1,1,1,42,7,-1,-1,-1,-1,6,1,E01032767,0
Unvalidated,2024010491746,2024,010491746,2,1,0,18,3,7,9,2,0,0,1,0,2,1,6,1,18,4,-1,-1,-1,-1,9,1,E01002518,0
Unvalidated,2024010491747,2024,010491747,1,9,0,99,9,9,99,9,9,99,9,99,1,1,2,1,28,6,-1,-1,-1,-1,5,1,E01003953,0
Unvalidated,2024010491747,2024,010491747,2,9,9,99,9,9,99,9,9,99,9,99,9,1,6,3,-1,-1,-1,-1,-1,-1,-1,-1,-1,0
Unvalidated,2024010491748,2024,010491748,1,9,0,3,5,1,0,8,0,0,0,0,2,1,6,1,48,8,-1,-1,-1,-1,4,1,E01001061,0
Unvalidated,2024010491748,2024,010491748,2,9,0,4,5,1,0,8,0,0,0,0,1,1,6,1,45,7,-1,-1,-1,-1,6,1,E01001034,0
Unvalidated,2024010491749,2024,010491749,1,1,9,99,9,9,99,0,9,8,9,99,1,1,2,1,29,6,-1,-1,-1,-1,3,1,E01000957,0
Unvalidated,2024010491749,2024,010491749,2,9,0,99,9,9,99,0,9,99,9,99,0,1,6,1,51,8,-1,-1,-1,-1,1,1,E01002907,0
Unvalidated,2024010491751,2024,010491751,1,9,0,17,5,1,0,0,1,0,0,0,1,1,6,1,19,4,-1,-1,-1,-1,6,1,E01024833,0
Unvalidated,2024010491751,2024,010491751,2,9,0,17,5,1,0,0,0,0,0,0,2,1,6,2,49,8,-1,-1,-1,-1,3,1,E01004440,0
Unvalidated,2024010491753,2024,010491753,1,3,0,14,1,5,0,1,0,0,0,0,1,1,6,1,32,6,-1,-1,-1,-1,3,1,E01003571,0
Unvalidated,2024010491753,2024,010491753,2,9,0,9,3,1,0,2,0,0,0,0,1,2,6,1,43,7,-1,-1,-1,-1,2,1,E01003499,0
Unvalidated,2024010491755,2024,010491755,1,1,9,99,9,9,99,9,9,99,9,99,9,1,6,2,49,8,-1,-1,-1,-1,9,1,E01003466,0
Unvalidated,2024010491755,2024,010491755,2,9,0,99,9,9,99,9,9,99,9,99,9,9,6,3,-1,-1,-1,-1,-1,-1,9,1,E01033135,0
Unvalidated,2024010491767,2024,010491767,1,9,0,18,3,7,0,1,0,0,0,0,1,1,6,1,70,10,-1,-1,-1,-1,5,1,E01000402,0
Unvalidated,2024010491772,2024,010491772,1,1,9,99,9,9,99,9,9,99,9,99,9,1,2,1,29,6,-1,-1,-1,-1,8,3,E01028765,0
Unvalidated,2024010491772,2024,010491772,2,19,0,99,9,9,99,9,9,99,9,99,9,9,6,3,-1,-1,-1,-1,-1,-1,-1,-1,-1,0
Unvalidated,2024010491772,2024,010491772,3,1,9,99,9,9,99,9,9,99,9,99,0,1,6,3,-1,-1,-1,-1,-1,-1,5,1,E01002769,0
Unvalidated,2024010491773,2024,010491773,1,9,0,99,9,9,99,9,9,99,9,99,2,9,6,1,44,7,-1,-1,-1,-1,5,1,E01002492,0
Unvalidated,2024010491773,2024,010491773,2,11,0,99,9,9,99,9,9,99,9,99,2,9,6,3,-1,-1,-1,-1,-1,-1,-1,-1,-1,0
Unvalidated,2024010491774,2024,010491774,1,1,9,99,9,9,99,9,9,99,9,99,1,1,2,2,38,7,-1,-1,-1,-1,5,1,E01003855,0
Unvalidated,2024010491774,2024,010491774,2,9,0,99,9,9,99,9,9,99,9,99,9,9,6,3,-1,-1,-1,-1,-1,-1,-1,-1,-1,0
Unvalidated,2024010491778,2024,010491778,1,9,0,18,3,7,9,2,0,10,3,10,1,1,6,1,24,5,-1,-1,-1,-1,3,1,E01002130,0
Unvalidated,2024010491783,2024,010491783,1,4,0,13,3,7,0,2,0,7,0,0,1,1,1,1,57,9,-1,-1,-1,-1,5,1,E01003071,0
Unvalidated,2024010491784,2024,010491784,1,9,0,18,1,5,0,1,0,0,0,0,1,1,1,1,35,6,-1,-1,-1,-1,7,1,E01003456,0
Unvalidated,2024010491784,2024,010491784,2,1,0,15,1,5,0,1,0,0,0,0,2,1,6,1,27,6,-1,-1,-1,-1,-1,-1,-1,0
Unvalidated,2024010491785,2024,010491785,1,9,0,18,5,1,0,2,0,0,0,0,1,1,6,2,48,8,-1,-1,-1,-1,7,1,E01001290,0
Unvalidated,2024010491785,2024,010491785,2,9,0,18,5,1,0,2,0,0,0,0,1,1,6,2,23,5,-1,-1,-1,-1,6,1,E01001289,0
Unvalidated,2024010491787,2024,010491787,1,5,0,9,6,3,0,1,0,0,0,0,1,1,1,2,44,7,-1,-1,-1,-1,7,1,E01017114,0
Unvalidated,2024010491787,2024,010491787,2,9,0,9,3,8,0,1,0,0,0,0,4,1,1,1,24,5,-1,-1,-1,-1,-1,-1,-1,0
Unvalidated,2024010491792,2024,010491792,1,11,0,18,5,1,0,8,0,0,7,10,1,1,1,1,61,9,-1,-1,-1,-1,1,1,E01000524,0
Unvalidated,2024010491794,2024,010491794,1,9,0,18,7,3,0,8,0,7,3,11,1,1,6,1,20,4,-1,-1,-1,-1,-1,-1,-1,0
Unvalidated,2024010491798,2024,010491798,1,9,0,2,0,0,0,0,0,0,0,0,4,1,6,3,-1,-1,-1,-1,-1,-1,-1,-1,-1,0
Unvalidated,2024010491798,2024,010491798,2,1,0,18,5,1,4,0,0,8,1,0,1,1,2,2,34,6,-1,-1,-1,-1,5,1,E01001168,0
Unvalidated,2024010491800,2024,010491800,1,3,0,99,9,9,99,9,9,99,9,99,9,1,2,1,20,4,-1,-1,-1,-1,2,1,E01000533,0
Unvalidated,2024010491800,2024,010491800,2,9,0,99,9,9,99,9,9,99,9,99,1,9,6,3,-1,-1,-1,-1,-1,-1,-1,-1,-1,0
Unvalidated,2024010491801,2024,010491801,1,9,0,9,5,3,0,5,0,0,0,0,1,1,2,1,48,8,-1,-1,-1,-1,9,1,E01003901,0
Unvalidated,2024010491801,2024,010491801,2,1,0,18,1,5,0,8,0,0,0,0,1,1,2,1,25,5,-1,-1,-1,-1,1,1,E01001220,0
Unvalidated,2024010491805,2024,010491805,1,19,0,18,1,5,0,1,0,0,0,0,2,1,1,1,34,6,-1,-1,-1,-1,2,1,E01005470,0
Unvalidated,2024010491805,2024,010491805,2,3,0,13,1,5,0,1,1,0,1,0,1,1,2,1,35,6,-1,-1,-1,-1,7,1,E01000703,0
Unvalidated,2024010491806,2024,010491806,1,9,0,5,3,7,0,1,0,0,0,0,2,1,2,1,27,6,-1,-1,-1,-1,5,1,E01001157,0
Unvalidated,2024010491806,2024,010491806,2,9,0,2,0,0,0,2,0,0,0,0,3,1,6,3,-1,-1,-1,-1,-1,-1,-1,-1,-1,0
Unvalidated,2024010491806,2024,010491806,3,19,0,5,3,7,0,2,0,0,0,0,1,1,2,1,34,6,-1,-1,-1,-1,2,1,E01000990,0
Unvalidated,2024010491807,2024,010491807,1,19,0,18,1,5,0,3,0,0,0,0,1,1,1,1,21,5,-1,-1,-1,-1,2,1,E01004310,0
Unvalidated,2024010491807,2024,010491807,2,1,0,18,7,3,9,2,0,0,0,0,0,1,6,2,41,7,-1,-1,-1,-1,2,1,E01004004,0
Unvalidated,2024010491813,2024,010491813,1,90,0,10,3,1,0,1,0,0,0,0,4,1,1,1,37,7,-1,-1,-1,-1,2,1,E01000954,0
Unvalidated,2024010491813,2024,010491813,2,1,0,18,1,5,0,8,0,4,0,0,1,1,2,2,33,6,-1,-1,-1,-1,8,1,E01000910,0
Unvalidated,2024010491817,2024,010491817,1,3,9,99,9,9,99,9,9,99,9,99,1,1,1,1,19,4,-1,-1,-1,-1,2,1,E01002072,0
Unvalidated,2024010491817,2024,010491817,2,9,9,99,9,9,99,9,9,99,9,99,9,9,6,3,-1,-1,-1,-1,-1,-1,-1,-1,-1,0
Unvalidated,2024010491818,2024,010491818,1,9,0,4,3,7,0,1,0,0,0,0,1,1,2,1,43,7,-1,-1,-1,-1,5,1,E01032789,0
Unvalidated,2024010491818,2024,010491818,2,9,0,4,3,7,0,1,0,0,0,0,2,1,2,1,48,8,-1,-1,-1,-1,5,1,E01015768,0
Unvalidated,2024010491820,2024,010491820,1,8,0,16,3,7,0,8,0,0,0,0,1,1,1,1,42,7,-1,-1,-1,-1,3,1,E01000510,0
Unvalidated,2024010491820,2024,010491820,2,1,0,18,1,5,0,8,5,0,0,0,1,1,2,2,43,7,-1,-1,-1,-1,5,1,E01004052,0
Unvalidated,2024010491824,2024,010491824,1,9,0,18,1,5,9,1,1,10,1,11,4,1,6,2,71,10,-1,-1,-1,-1,9,1,E01021767,0
Unvalidated,2024010491824,2024,010491824,2,9,0,9,3,8,0,1,0,0,0,0,1,1,1,1,63,9,-1,-1,-1,-1,5,3,E01021800,0
Unvalidated,2024010491826,2024,010491826,1,1,9,99,9,9,99,9,9,99,9,99,1,1,6,1,-1,-1,-1,-1,-1,-1,1,1,E01001850,0
Unvalidated,2024010491828,2024,010491828,1,8,0,6,1,1,0,0,0,0,0,0,3,2,1,1,59,9,-1,-1,-1,-1,2,1,E01003920,0
Unvalidated,2024010491828,2024,010491828,2,4,0,13,5,1,0,0,0,0,0,0,1,1,2,1,65,9,-1,-1,-1,-1,5,1,E01003083,0
Unvalidated,2024010491829,2024,010491829,1,3,0,99,9,9,99,9,9,99,9,99,9,1,1,1,32,6,-1,-1,-1,-1,3,1,E01004203,0
Unvalidated,2024010491829,2024,010491829,2,9,0,99,9,9,99,9,9,99,9,99,9,9,6,3,-1,-1,-1,-1,-1,-1,-1,-1,-1,0
Unvalidated,2024010491830,2024,010491830,1,3,0,99,9,9,99,9,9,99,9,99,2,1,1,1,21,5,-1,-1,-1,-1,3,1,E01001162,0
Unvalidated,2024010491830,2024,010491830,2,9,9,99,9,9,99,9,9,99,9,99,9,9,6,3,-1,-1,-1,-1,-1,-1,-1,-1,-1,0
Unvalidated,2024010491835,2024,010491835,1,9,0,99,9,9,99,0,9,99,9,99,2,9,2,1,30,6,-1,-1,-1,-1,2,1,E01003489,0
Unvalidated,2024010491835,2024,010491835,2,9,0,99,9,9,99,0,9,99,9,99,1,9,6,3,-1,-1,-1,-1,-1,-1,-1,-1,-1,0
Unvalidated,2024010491837,2024,010491837,1,3,0,18,4,8,0,1,1,0,0,0,1,1,2,1,40,7,-1,-1,-1,-1,9,1,E01000349,0
Unvalidated,2024010491837,2024,010491837,2,9,0,18,4,8,0,8,0,0,0,0,2,1,6,3,-1,-1,-1,-1,-1,-1,-1,-1,-1,0
Unvalidated,2024010491841,2024,010491841,1,9,0,18,7,3,0,2,0,0,0,0,4,1,2,1,46,8,-1,-1,-1,-1,6,1,E01002241,0
Unvalidated,2024010491844,2024,010491844,1,1,0,4,4,8,0,1,0,0,0,0,1,1,2,1,33,6,-1,-1,-1,-1,7,1,E01000883,0
Unvalidated,2024010491844,2024,010491844,2,9,0,5,2,6,0,1,0,0,0,0,1,1,6,1,33,6,-1,-1,-1,-1,2,1,E01001351,0
Unvalidated,2024010491846,2024,010491846,1,3,0,18,5,1,0,1,0,0,0,0,1,1,6,1,34,6,-1,-1,-1,-1,9,1,E01001039,0
Unvalidated,2024010491847,2024,010491847,1,9,0,99,9,9,99,9,9,99,9,99,9,9,6,2,34,6,-1,-1,-1,-1,7,1,E01000236,0
Unvalidated,2024010491847,2024,010491847,2,9,0,99,9,9,99,9,9,99,9,99,1,9,6,3,56,9,-1,-1,-1,-1,4,1,E01000307,0
Unvalidated,2024010491855,2024,010491855,1,1,9,99,9,9,99,9,9,99,9,99,9,1,2,2,31,6,-1,-1,-1,-1,3,1,E01003096,0
Unvalidated,2024010491855,2024,010491855,2,9,0,99,9,9,99,9,9,99,9,99,4,9,6,3,-1,-1,-1,-1,-1,-1,-1,-1,-1,0
Unvalidated,2024010491858,2024,010491858,1,9,0,99,9,9,99,9,9,99,9,99,1,9,6,3,27,6,-1,-1,-1,-1,7,1,E01002654,0
Unvalidated,2024010491864,2024,010491864,1,3,9,99,9,9,99,9,9,99,9,99,1,1,1,1,25,5,-1,-1,-1,-1,2,1,E01000533,0
Unvalidated,2024010491864,2024,010491864,2,9,9,99,9,9,99,9,9,99,9,99,9,9,6,3,-1,-1,-1,-1,-1,-1,-1,-1,-1,0
Unvalidated,2024010491866,2024,010491866,1,3,9,99,9,9,99,9,9,99,9,99,9,1,6,1,44,7,-1,-1,-1,-1,1,1,E01033086,0
Unvalidated,2024010491866,2024,010491866,2,19,9,99,9,9,99,9,9,99,9,99,9,9,6,3,-1,-1,-1,-1,-1,-1,-1,-1,-1,0
Unvalidated,2024010491868,2024,010491868,1,9,9,99,9,9,99,9,9,99,9,99,9,9,6,3,-1,-1,-1,-1,-1,-1,-1,-1,-1,0
Unvalidated,2024010491878,2024,010491878,1,9,0,99,9,9,99,9,9,99,9,99,1,9,6,2,43,7,-1,-1,-1,-1,6,1,E01002680,0
Unvalidated,2024010491881,2024,010491881,1,19,0,99,9,9,99,9,9,99,9,99,1,9,1,1,31,6,-1,-1,-1,-1,1,1,E01001559,0
Unvalidated,2024010491881,2024,010491881,2,9,0,99,9,9,99,9,9,99,9,99,2,9,6,3,-1,-1,-1,-1,-1,-1,-1,-1,-1,0
Unvalidated,2024010491884,2024,010491884,1,9,0,18,3,7,0,1,0,0,0,0,1,1,2,2,30,6,-1,-1,-1,-1,1,1,E01001517,0
Unvalidated,2024010491885,2024,010491885,1,9,0,99,9,9,99,9,9,99,9,99,1,9,2,1,39,7,-1,-1,-1,-1,5,1,E01002488,0
Unvalidated,2024010491885,2024,010491885,2,9,0,99,9,9,99,9,9,99,9,99,1,9,6,3,-1,-1,-1,-1,-1,-1,-1,-1,-1,0
Unvalidated,2024010491886,2024,010491886,1,1,9,99,9,9,99,9,9,99,9,99,9,1,6,3,33,6,-1,-1,-1,-1,3,1,E01003214,0
Unvalidated,2024010491886,2024,010491886,2,19,0,99,9,9,99,9,9,99,9,99,9,9,6,3,38,7,-1,-1,-1,-1,3,1,E01003193,0
Unvalidated,2024010491889,2024,010491889,1,5,0,18,1,5,0,1,0,0,3,0,1,1,6,1,47,8,-1,-1,-1,-1,5,1,E01000302,0
Unvalidated,2024010491889,2024,010491889,2,9,0,9,5,3,0,2,0,0,1,0,1,1,6,2,30,6,-1,-1,-1,-1,2,1,E01033587,0
Unvalidated,2024010491890,2024,010491890,1,9,0,18,6,2,0,4,0,0,0,0,1,1,6,3,74,10,-1,-1,-1,-1,-1,-1,-1,0
Unvalidated,2024010491891,2024,010491891,1,9,0,99,9,9,99,0,9,99,9,99,9,9,6,2,56,9,-1,-1,-1,-1,9,1,E01002432,0
Unvalidated,2024010491891,2024,010491891,2,9,9,18,1,5,99,0,9,99,9,99,9,9,6,3,-1,-1,-1,-1,-1,-1,-1,-1,-1,0
Unvalidated,2024010491892,2024,010491892,1,3,0,18,5,1,0,8,0,0,0,0,1,1,6,1,26,6,-1,-1,-1,-1,1,1,E01000524,0
Unvalidated,2024010491894,2024,010491894,1,9,9,99,9,9,99,9,9,99,9,99,1,9,6,2,35,6,-1,-1,-1,-1,1,1,E01004301,0
Unvalidated,2024010491894,2024,010491894,2,21,9,18,1,5,99,9,9,99,9,0,9,1,6,1,57,9,-1,-1,-1,-1,4,1,E01003929,0
Unvalidated,2024010491896,2024,010491896,1,9,0,99,9,9,99,9,9,99,9,99,2,9,6,2,29,6,-1,-1,-1,-1,4,1,E01001325,0
Unvalidated,2024010491896,2024,010491896,2,9,0,99,9,9,99,9,9,99,9,99,1,9,6,3,-1,-1,-1,-1,-1,-1,-1,-1,-1,0
Unvalidated,2024010491897,2024,010491897,1,4,0,18,3,7,0,0,0,0,0,0,1,1,6,1,21,5,-1,-1,-1,-1,7,1,E01002679,0
Unvalidated,2024010491897,2024,010491897,2,19,0,18,3,7,0,0,0,0,0,0,2,1,6,1,47,8,-1,-1,-1,-1,10,1,E01022516,0
Unvalidated,2024010491900,2024,010491900,1,9,0,99,9,9,99,9,9,99,9,99,1,9,6,2,27,6,-1,-1,-1,-1,3,1,E01000130,0
Unvalidated,2024010491901,2024,010491901,1,9,0,18,1,5,0,8,0,7,1,10,1,1,6,1,61,9,-1,-1,-1,-1,5,1,E01003741,0
Unvalidated,2024010491901,2024,010491901,2,9,0,5,7,3,0,6,0,0,0,0,1,1,6,1,23,5,-1,-1,-1,-1,3,1,E01003493,0
Unvalidated,2024010491904,2024,010491904,1,9,0,4,5,1,0,1,0,0,0,0,4,1,3,2,48,8,-1,-1,-1,-1,7,1,E01000298,0
Unvalidated,2024010491904,2024,010491904,2,9,0,9,2,8,0,5,0,0,0,0,1,1,6,2,61,9,-1,-1,-1,-1,-1,-1,-1,0
Unvalidated,2024010491904,2024,010491904,3,1,0,18,6,2,0,1,0,0,0,0,3,1,6,2,31,6,-1,-1,-1,-1,-1,-1,-1,0
Unvalidated,2024010491905,2024,010491905,1,90,0,15,7,3,0,1,0,0,0,0,1,1,2,1,19,4,-1,-1,-1,-1,2,1,E01003912,1
Unvalidated,2024010491910,2024,010491910,1,9,0,18,5,1,0,1,0,0,0,0,1,1,6,1,63,9,-1,-1,-1,-1,7,1,E01023835,0
Unvalidated,2024010491910,2024,010491910,2,9,0,18,5,1,0,1,0,0,0,0,1,1,6,2,53,8,-1,-1,-1,-1,3,1,E01002185,0
Unvalidated,2024010491910,2024,010491910,3,9,0,18,1,5,0,1,0,0,0,0,1,1,6,2,49,8,-1,-1,-1,-1,7,1,E01002436,0
Unvalidated,2024010491911,2024,010491911,1,9,0,99,9,9,99,0,9,99,9,99,1,9,2,2,23,5,-1,-1,-1,-1,-1,-1,-1,0