status,collision_index,collision_year,collision_reference,vehicle_reference,vehicle_type,towing_and_articulation,vehicle_manoeuvre,vehicle_direction_from,vehicle_direction_to,vehicle_location_restricted_lane,junction_location,skidding_and_overturning,hit_object_in_carriageway,vehicle_leaving_carriageway,hit_object_off_carriageway,first_point_of_impact,vehicle_left_hand_drive,journey_purpose_of_driver,sex_of_driver,age_of_driver,age_band_of_driver,engine_capacity_cc,propulsion_code,age_of_vehicle,generic_make_model,driver_imd_decile,driver_home_area_type,lsoa_of_driver,escooter_flag
Unvalidated,2024010491911,2024,010491911,2,98,9,99,9,9,99,0,9,99,9,99,9,9,6,1,55,8,-1,-1,-1,-1,5,1,E01003072,0
Unvalidated,2024010491911,2024,010491911,3,9,0,18,1,5,0,0,0,0,0,0,9,1,6,2,38,7,-1,-1,-1,-1,8,1,E01001072,0
Unvalidated,2024010491912,2024,010491912,1,9,0,18,7,3,0,8,0,0,0,0,1,1,6,1,20,4,-1,-1,-1,-1,10,1,E01004105,0
Unvalidated,2024010491916,2024,010491916,1,9,0,18,1,5,0,0,0,0,0,0,3,1,6,1,20,4,-1,-1,-1,-1,-1,-1,-1,0
Unvalidated,2024010491919,2024,010491919,1,9,0,99,9,9,99,9,9,99,9,99,9,9,6,3,30,6,-1,-1,-1,-1,6,1,E01004493,0
Unvalidated,2024010491920,2024,010491920,1,9,0,18,7,3,0,1,0,11,0,0,1,9,6,2,43,7,-1,-1,-1,-1,-1,-1,-1,0
Unvalidated,2024010491924,2024,010491924,1,9,0,18,1,5,0,1,0,0,0,0,0,1,6,2,42,7,-1,-1,-1,-1,1,1,E01004088,0
Unvalidated,2024010491925,2024,010491925,1,9,0,99,9,9,99,9,9,99,9,99,3,9,2,2,21,5,-1,-1,-1,-1,10,1,E01002462,0
Unvalidated,2024010491925,2024,010491925,2,9,0,99,9,9,99,9,9,99,9,99,4,9,6,3,-1,-1,-1,-1,-1,-1,-1,-1,-1,0
Unvalidated,2024010491927,2024,010491927,1,1,9,99,9,9,99,9,9,99,9,99,9,1,6,1,30,6,-1,-1,-1,-1,-1,-1,-1,0
Unvalidated,2024010491927,2024,010491927,2,9,9,99,9,9,99,9,9,99,9,99,9,9,6,3,-1,-1,-1,-1,-1,-1,-1,-1,-1,0
Unvalidated,2024010491930,2024,010491930,1,1,9,99,9,9,99,9,9,99,9,99,9,1,2,1,28,6,-1,-1,-1,-1,6,1,E01001451,0
Unvalidated,2024010491930,2024,010491930,2,9,0,99,9,9,99,9,9,99,9,99,1,9,6,3,-1,-1,-1,-1,-1,-1,-1,-1,-1,0
Unvalidated,2024010491934,2024,010491934,1,8,0,18,1,5,0,1,0,0,0,0,1,1,1,1,30,6,-1,-1,-1,-1,4,1,E01004258,0
Unvalidated,2024010491936,2024,010491936,1,9,0,6,1,1,0,0,0,0,0,0,1,1,6,2,23,5,-1,-1,-1,-1,5,1,E01002584,0
Unvalidated,2024010491936,2024,010491936,2,3,0,13,5,1,0,0,0,0,0,0,1,1,1,1,39,7,-1,-1,-1,-1,1,1,E01001729,0
Unvalidated,2024010491937,2024,010491937,1,3,0,18,6,2,0,1,0,0,7,0,2,1,6,2,27,6,-1,-1,-1,-1,2,1,E01000743,0
Unvalidated,2024010491937,2024,010491937,2,9,0,18,1,5,0,1,0,0,0,0,2,1,6,3,-1,-1,-1,-1,-1,-1,-1,-1,-1,0
Unvalidated,2024010491939,2024,010491939,1,9,0,7,1,2,0,1,0,0,0,0,0,1,6,3,-1,-1,-1,-1,-1,-1,-1,-1,-1,0
Unvalidated,2024010491939,2024,010491939,2,1,0,18,6,2,0,1,0,0,0,0,0,1,6,1,73,10,-1,-1,-1,-1,5,1,E01004377,0
Unvalidated,2024010491941,2024,010491941,1,1,9,18,9,9,99,9,9,99,9,99,9,1,2,1,24,5,-1,-1,-1,-1,7,1,E01001901,0
Unvalidated,2024010491941,2024,010491941,2,8,0,6,9,9,99,9,9,99,9,99,9,9,6,3,40,7,-1,-1,-1,-1,6,1,E01002125,0
Unvalidated,2024010491945,2024,010491945,1,9,0,3,7,3,0,2,0,0,0,0,4,1,1,1,23,5,-1,-1,-1,-1,3,1,E01004259,0
Unvalidated,2024010491945,2024,010491945,2,90,0,18,7,3,0,2,0,0,0,0,1,1,6,1,37,7,-1,-1,-1,-1,2,1,E01004287,1
Unvalidated,2024010491946,2024,010491946,1,9,9,99,9,9,0,9,9,0,9,0,1,9,6,1,24,5,-1,-1,-1,-1,-1,-1,-1,0
Unvalidated,2024010491953,2024,010491953,1,3,0,18,3,7,0,1,2,10,0,0,4,1,6,1,27,6,-1,-1,-1,-1,5,1,E01001881,0
Unvalidated,2024010491955,2024,010491955,1,9,0,99,9,9,99,9,9,99,9,99,2,9,6,2,18,4,-1,-1,-1,-1,1,1,E01002026,0
Unvalidated,2024010491955,2024,010491955,2,9,0,99,9,9,99,9,9,99,9,99,9,9,6,3,22,5,-1,-1,-1,-1,2,1,E01004434,0
Unvalidated,2024010491956,2024,010491956,1,3,0,18,1,5,0,0,0,0,0,0,1,1,6,1,32,6,-1,-1,-1,-1,-1,-1,-1,0
Unvalidated,2024010491958,2024,010491958,1,9,0,18,5,1,0,0,0,0,0,0,1,1,6,1,61,9,-1,-1,-1,-1,9,1,E01000461,0
Unvalidated,2024010491958,2024,010491958,2,19,0,18,1,5,0,0,0,0,0,0,1,1,6,1,31,6,-1,-1,-1,-1,-1,-1,-1,0
Unvalidated,2024010491960,2024,010491960,1,9,0,18,8,4,0,0,0,0,0,0,1,1,6,3,-1,-1,-1,-1,-1,-1,-1,-1,-1,0
Unvalidated,2024010491960,2024,010491960,2,19,0,18,8,4,0,0,0,0,1,7,2,1,1,1,36,7,-1,-1,-1,-1,10,1,E01031737,0
Unvalidated,2024010491962,2024,010491962,1,9,0,18,3,7,0,1,0,0,0,0,4,1,2,2,32,6,-1,-1,-1,-1,6,1,E01004717,0
Unvalidated,2024010491962,2024,010491962,2,1,0,18,3,7,4,1,5,0,0,0,3,1,2,1,38,7,-1,-1,-1,-1,7,1,E01002827,0
Unvalidated,2024010491966,2024,010491966,1,5,0,18,3,7,0,0,0,0,0,0,1,1,6,1,31,6,-1,-1,-1,-1,5,1,E01021518,0
Unvalidated,2024010491966,2024,010491966,2,19,0,9,2,7,0,0,0,0,0,0,3,1,6,1,59,9,-1,-1,-1,-1,3,1,E01021273,0
Unvalidated,2024010491971,2024,010491971,1,11,0,5,3,7,0,0,0,0,0,0,0,1,1,1,52,8,-1,-1,-1,-1,3,1,E01000094,0
Unvalidated,2024010491985,2024,010491985,1,9,0,18,1,5,0,0,0,0,0,0,1,1,2,1,48,8,-1,-1,-1,-1,4,1,E01016048,0
Unvalidated,2024010491990,2024,010491990,1,1,9,99,9,9,99,9,9,99,9,99,9,1,2,1,41,7,-1,-1,-1,-1,7,1,E01033733,0
Unvalidated,2024010491994,2024,010491994,1,9,0,99,9,9,99,9,9,99,9,99,3,9,6,1,40,7,-1,-1,-1,-1,8,1,E01001523,0
Unvalidated,2024010491994,2024,010491994,2,9,0,18,5,1,0,1,0,0,0,0,9,1,6,3,-1,-1,-1,-1,-1,-1,-1,-1,-1,0
Unvalidated,2024010491995,2024,010491995,1,9,0,3,9,9,99,0,9,99,9,99,1,9,6,1,41,7,-1,-1,-1,-1,4,2,E01002442,0
Unvalidated,2024010491995,2024,010491995,2,9,0,1,9,9,99,0,9,99,9,99,2,9,6,1,46,8,-1,-1,-1,-1,9,1,E01002537,0
Unvalidated,2024010491998,2024,010491998,1,19,9,2,0,0,99,9,9,99,9,99,9,9,6,3,-1,-1,-1,-1,-1,-1,-1,-1,-1,0
Unvalidated,2024010491999,2024,010491999,1,21,4,4,1,5,6,0,0,10,0,0,2,1,1,1,50,8,-1,-1,-1,-1,9,1,E01019409,0
Unvalidated,2024010491999,2024,010491999,2,21,1,18,5,1,0,0,0,4,0,0,1,1,1,2,39,7,-1,-1,-1,-1,4,3,E01018096,0
Unvalidated,2024010492000,2024,010492000,1,9,0,99,9,9,99,9,9,99,9,99,1,9,6,1,23,5,-1,-1,-1,-1,1,1,E01002736,0
Unvalidated,2024010492000,2024,010492000,2,10,0,99,9,9,99,9,9,99,9,99,9,9,6,1,34,6,-1,-1,-1,-1,7,1,E01000147,0
Unvalidated,2024010492007,2024,010492007,1,3,0,99,9,9,99,9,9,99,9,99,9,1,1,1,37,7,-1,-1,-1,-1,3,1,E01033704,0
Unvalidated,2024010492007,2024,010492007,2,9,0,99,9,9,99,9,9,99,9,99,9,9,6,3,-1,-1,-1,-1,-1,-1,-1,-1,-1,0
Unvalidated,2024010492013,2024,010492013,1,9,9,99,9,9,99,9,9,99,9,99,9,9,6,3,-1,-1,-1,-1,-1,-1,-1,-1,-1,0
Unvalidated,2024010492015,2024,010492015,1,21,0,3,7,3,0,1,0,0,0,0,1,1,6,1,24,5,-1,-1,-1,-1,9,1,E01024750,0
Unvalidated,2024010492015,2024,010492015,2,9,0,18,7,3,0,1,0,0,0,0,3,1,1,1,45,7,-1,-1,-1,-1,2,1,E01004306,0
Unvalidated,2024010492018,2024,010492018,1,1,9,99,9,9,99,9,9,99,9,99,9,1,6,1,44,7,-1,-1,-1,-1,1,1,E01004204,0
Unvalidated,2024010492018,2024,010492018,2,9,0,99,9,9,99,9,9,99,9,99,1,9,6,3,-1,-1,-1,-1,-1,-1,9,2,E01033609,0
Unvalidated,2024010492023,2024,010492023,1,19,0,1,1,3,0,1,0,0,0,0,2,1,1,1,37,7,-1,-1,-1,-1,5,1,E01021338,0
Unvalidated,2024010492026,2024,010492026,1,1,9,99,9,9,99,1,9,99,9,99,1,1,6,1,31,6,-1,-1,-1,-1,4,1,E01003029,0
Unvalidated,2024010492026,2024,010492026,2,9,0,99,9,9,99,6,9,99,9,99,9,9,6,3,-1,-1,-1,-1,-1,-1,-1,-1,-1,0
Unvalidated,2024010492029,2024,010492029,1,5,0,14,7,3,0,0,1,0,0,0,4,1,2,1,55,8,-1,-1,-1,-1,6,1,E01022824,0
Unvalidated,2024010492031,2024,010492031,1,9,0,99,9,9,99,0,9,99,9,99,9,9,6,2,44,7,-1,-1,-1,-1,8,1,E01004119,0
Unvalidated,2024010492031,2024,010492031,2,9,0,99,9,9,99,0,9,99,9,99,9,9,6,3,-1,-1,-1,-1,-1,-1,-1,-1,-1,0
Unvalidated,2024010492033,2024,010492033,1,5,0,13,1,5,0,0,0,0,0,0,4,1,6,1,58,9,-1,-1,-1,-1,2,1,E01001437,0
Unvalidated,2024010492033,2024,010492033,2,9,0,18,1,5,0,0,0,0,0,0,3,1,6,1,64,9,-1,-1,-1,-1,1,1,E01004288,0
Unvalidated,2024010492036,2024,010492036,1,9,0,5,3,7,0,4,0,0,0,0,1,1,6,2,29,6,-1,-1,-1,-1,5,1,E01002319,0
Unvalidated,2024010492036,2024,010492036,2,5,0,7,5,6,0,3,1,0,0,0,1,1,6,1,54,8,-1,-1,-1,-1,-1,-1,-1,0
Unvalidated,2024010492040,2024,010492040,1,1,9,99,9,9,99,9,9,99,9,99,2,1,2,1,47,8,-1,-1,-1,-1,3,1,E01004355,0
Unvalidated,2024010492040,2024,010492040,2,9,0,99,9,9,99,9,9,99,9,99,1,9,6,3,-1,-1,-1,-1,-1,-1,-1,-1,-1,0
Unvalidated,2024010492042,2024,010492042,1,3,0,99,9,9,99,9,9,99,9,99,2,1,1,1,30,6,-1,-1,-1,-1,4,1,E01004525,0
Unvalidated,2024010492042,2024,010492042,2,9,0,99,9,9,99,9,9,99,9,99,1,9,6,3,-1,-1,-1,-1,-1,-1,-1,-1,-1,0
Unvalidated,2024010492044,2024,010492044,1,9,0,99,9,9,99,0,9,99,9,99,2,9,6,2,35,6,-1,-1,-1,-1,2,1,E01000796,0
Unvalidated,2024010492044,2024,010492044,2,9,0,99,9,9,99,0,9,99,9,99,1,9,6,3,-1,-1,-1,-1,-1,-1,3,1,E01024480,0
Unvalidated,2024010492049,2024,010492049,1,9,0,5,5,1,0,1,0,0,0,0,1,1,2,1,58,9,-1,-1,-1,-1,4,1,E01001435,0
Unvalidated,2024010492050,2024,010492050,1,9,0,5,1,5,0,1,0,0,0,0,1,1,3,1,50,8,-1,-1,-1,-1,5,1,E01003737,0
Unvalidated,2024010492052,2024,010492052,1,3,0,99,9,9,99,9,9,99,9,99,9,1,1,3,35,6,-1,-1,-1,-1,9,1,E01000765,0
Unvalidated,2024010492052,2024,010492052,2,9,9,99,9,9,99,9,9,99,9,99,9,9,6,3,-1,-1,-1,-1,-1,-1,-1,-1,-1,0
Unvalidated,2024010492053,2024,010492053,1,11,0,18,5,1,0,1,0,0,0,0,0,1,1,1,53,8,-1,-1,-1,-1,5,1,E01023325,0
Unvalidated,2024010492055,2024,010492055,1,9,0,9,1,7,0,7,0,0,0,0,1,1,1,1,37,7,-1,-1,-1,-1,3,1,E01001175,0
Unvalidated,2024010492058,2024,010492058,1,1,0,18,2,6,0,1,2,0,0,0,1,1,6,1,21,5,-1,-1,-1,-1,7,1,E01023935,0
Unvalidated,2024010492060,2024,010492060,1,1,9,99,9,9,99,9,9,99,9,99,1,1,6,3,20,4,-1,-1,-1,-1,3,1,E01004313,0
Unvalidated,2024010492066,2024,010492066,1,9,0,1,8,4,0,0,0,0,0,0,2,1,6,2,39,7,-1,-1,-1,-1,1,1,E01000596,0
Unvalidated,2024010492067,2024,010492067,1,9,0,99,9,9,99,0,9,99,9,99,1,1,6,2,34,6,-1,-1,-1,-1,2,1,E01003112,0
Unvalidated,2024010492069,2024,010492069,1,9,0,99,9,9,99,9,9,99,9,99,2,9,6,1,26,6,-1,-1,-1,-1,4,1,E01003781,0
Unvalidated,2024010492069,2024,010492069,2,9,0,99,9,9,99,9,9,99,9,99,1,9,6,2,28,6,-1,-1,-1,-1,4,1,E01003690,0
Unvalidated,2024010492070,2024,010492070,1,1,0,18,3,7,9,0,0,0,0,0,1,1,6,1,24,5,-1,-1,-1,-1,-1,-1,-1,0
Unvalidated,2024010492072,2024,010492072,1,9,0,18,7,3,0,1,0,0,0,0,1,1,2,2,56,9,-1,-1,-1,-1,7,1,E01002654,0
Unvalidated,2024010492075,2024,010492075,1,9,0,99,9,9,99,9,0,0,0,0,0,9,6,3,-1,-1,-1,-1,-1,-1,-1,-1,-1,0
Unvalidated,2024010492077,2024,010492077,1,3,0,99,9,9,99,9,9,99,9,99,9,1,2,1,23,5,-1,-1,-1,-1,6,1,E01000196,0
Unvalidated,2024010492077,2024,010492077,2,9,0,99,9,9,99,9,9,99,9,99,9,9,6,3,-1,-1,-1,-1,-1,-1,-1,-1,-1,0
Unvalidated,2024010492081,2024,010492081,1,9,0,18,1,5,0,1,0,0,0,0,1,1,6,2,41,7,-1,-1,-1,-1,1,1,E01002026,0
Unvalidated,2024010492088,2024,010492088,1,9,0,9,1,7,0,1,0,0,0,0,4,1,3,1,41,7,-1,-1,-1,-1,3,1,E01001864,0
Unvalidated,2024010492088,2024,010492088,2,5,0,18,5,1,0,1,0,0,0,0,1,1,6,1,26,6,-1,-1,-1,-1,-1,-1,-1,0
Unvalidated,2024010492089,2024,010492089,1,4,0,13,1,5,9,1,0,0,1,0,3,1,6,1,39,7,-1,-1,-1,-1,-1,-1,-1,0
Unvalidated,2024010492089,2024,010492089,2,9,0,10,3,1,0,1,0,0,0,0,4,1,6,2,22,5,-1,-1,-1,-1,9,1,E01004632,0
Unvalidated,2024010492091,2024,010492091,1,9,0,18,1,5,0,0,0,0,0,0,1,1,6,1,72,10,-1,-1,-1,-1,4,1,E01001738,0
Unvalidated,2024010492102,2024,010492102,1,9,0,7,5,6,0,4,0,0,0,0,1,1,2,2,54,8,-1,-1,-1,-1,3,1,E01002552,0
Unvalidated,2024010492102,2024,010492102,2,22,0,18,3,7,0,8,0,0,0,0,1,1,6,1,59,9,-1,-1,-1,-1,4,1,E01002549,0
Unvalidated,2024010492107,2024,010492107,1,3,0,14,3,7,0,1,0,0,0,0,1,1,6,1,21,5,-1,-1,-1,-1,9,1,E01001306,0
Unvalidated,2024010492107,2024,010492107,2,1,0,18,1,5,0,1,0,0,0,0,4,1,6,1,37,7,-1,-1,-1,-1,3,1,E01001262,0
Unvalidated,2024010492112,2024,010492112,1,8,0,18,4,8,0,1,0,0,0,0,1,1,1,1,41,7,-1,-1,-1,-1,-1,-1,-1,0
Unvalidated,2024010492115,2024,010492115,1,1,9,99,9,9,99,9,9,99,9,99,9,1,6,2,43,7,-1,-1,-1,-1,4,1,E01003344,0
Unvalidated,2024010492116,2024,010492116,1,9,0,18,3,7,0,1,0,11,0,0,1,1,2,1,23,5,-1,-1,-1,-1,4,1,E01001252,0
Unvalidated,2024010492120,2024,010492120,1,9,0,3,7,3,0,0,0,0,0,0,2,1,6,2,18,4,-1,-1,-1,-1,4,1,E01030709,0
Unvalidated,2024010492120,2024,010492120,2,9,0,3,7,3,0,0,0,4,0,0,2,1,6,2,45,7,-1,-1,-1,-1,7,1,E01030707,0
Unvalidated,2024010492120,2024,010492120,3,9,0,18,7,3,0,0,0,4,0,0,1,1,6,2,31,6,-1,-1,-1,-1,6,1,E01002601,0
Unvalidated,2024010492120,2024,010492120,4,9,0,18,7,3,0,0,0,4,0,0,1,1,6,1,46,8,-1,-1,-1,-1,7,1,E01030707,0
Unvalidated,2024010492123,2024,010492123,1,9,9,99,9,9,99,9,9,99,9,99,9,1,6,3,-1,-1,-1,-1,-1,-1,-1,-1,-1,0
Unvalidated,2024010492124,2024,010492124,1,9,0,18,5,1,0,3,0,0,0,0,4,1,6,1,21,5,-1,-1,-1,-1,2,1,E01000781,0
Unvalidated,2024010492124,2024,010492124,2,9,0,18,7,3,0,4,0,0,0,0,1,1,6,1,56,9,-1,-1,-1,-1,8,1,E01000695,0
Unvalidated,2024010492127,2024,010492127,1,3,0,14,1,5,0,0,0,0,0,0,1,1,6,1,20,4,-1,-1,-1,-1,2,1,E01002051,0
Unvalidated,2024010492132,2024,010492132,1,9,0,18,1,5,0,8,0,0,0,0,1,1,2,1,23,5,-1,-1,-1,-1,2,1,E01004284,0
Unvalidated,2024010492132,2024,010492132,2,9,0,18,1,5,0,2,0,7,0,0,2,1,6,1,51,8,-1,-1,-1,-1,1,1,E01001729,0
Unvalidated,2024010492132,2024,010492132,3,4,0,8,3,5,0,6,0,0,0,0,3,1,1,1,33,6,-1,-1,-1,-1,-1,1,-1,0
Unvalidated,2024010492138,2024,010492138,1,3,0,13,1,5,0,5,0,0,0,0,1,1,6,2,33,6,-1,-1,-1,-1,5,1,E01002619,0
Unvalidated,2024010492138,2024,010492138,2,9,0,9,1,8,0,5,0,0,0,0,3,1,6,3,-1,-1,-1,-1,-1,-1,-1,-1,-1,0
Unvalidated,2024010492142,2024,010492142,1,9,0,18,5,1,0,8,0,0,0,0,3,1,6,2,52,8,-1,-1,-1,-1,6,1,E01004186,0
Unvalidated,2024010492142,2024,010492142,2,9,0,9,8,6,0,1,0,0,0,0,1,1,6,2,31,6,-1,-1,-1,-1,7,1,E01004153,0
Unvalidated,2024010492145,2024,010492145,1,9,0,6,7,7,0,0,0,0,0,0,3,1,1,1,55,8,-1,-1,-1,-1,1,1,E01000093,0
Unvalidated,2024010492145,2024,010492145,2,3,0,18,3,7,0,0,0,0,0,0,1,1,6,2,48,8,-1,-1,-1,-1,6,1,E01000365,0
Unvalidated,2024010492151,2024,010492151,1,9,0,99,9,9,99,9,9,99,9,99,9,9,6,1,42,7,-1,-1,-1,-1,5,1,E01032783,0
Unvalidated,2024010492151,2024,010492151,2,98,0,99,9,9,99,9,9,99,9,99,9,9,6,3,-1,-1,-1,-1,-1,-1,-1,-1,-1,0
Unvalidated,2024010492153,2024,010492153,1,3,0,18,3,7,0,1,0,0,0,0,1,1,1,1,32,6,-1,-1,-1,-1,2,1,E01001218,0
Unvalidated,2024010492153,2024,010492153,2,9,0,6,3,3,0,6,0,0,0,0,3,1,6,1,20,4,-1,-1,-1,-1,1,1,E01001364,0
Unvalidated,2024010492154,2024,010492154,1,8,0,4,1,5,0,1,0,0,0,0,2,1,1,1,45,7,-1,-1,-1,-1,2,1,E01001712,0
Unvalidated,2024010492154,2024,010492154,2,3,0,4,1,5,0,1,0,0,0,0,1,1,6,1,20,4,-1,-1,-1,-1,8,1,E01004507,0
Unvalidated,2024010492155,2024,010492155,1,11,0,18,3,7,0,1,0,0,0,0,1,1,1,2,49,8,-1,-1,-1,-1,6,1,E01004651,0
Unvalidated,2024010492160,2024,010492160,1,3,0,99,9,9,99,9,9,99,9,99,1,1,1,2,27,6,-1,-1,-1,-1,5,1,E01000636,0
Unvalidated,2024010492160,2024,010492160,2,90,0,99,9,9,99,9,9,99,9,99,2,9,6,3,-1,-1,-1,-1,-1,-1,-1,-1,-1,0
Unvalidated,2024010492162,2024,010492162,1,4,0,18,1,5,0,2,0,0,0,0,1,1,2,1,49,8,-1,-1,-1,-1,3,1,E01002620,0
Unvalidated,2024010492162,2024,010492162,2,1,0,5,7,3,0,6,0,0,0,0,4,1,2,1,46,8,-1,-1,-1,-1,5,1,E01003413,0
Unvalidated,2024010492163,2024,010492163,1,9,9,99,9,9,0,9,9,0,0,0,9,9,6,3,-1,-1,-1,-1,-1,-1,-1,-1,-1,0
Unvalidated,2024010492165,2024,010492165,1,9,0,99,9,9,99,9,9,99,9,99,9,9,6,2,34,6,-1,-1,-1,-1,2,1,E01004260,0
Unvalidated,2024010492165,2024,010492165,2,98,0,99,9,9,99,9,9,99,9,99,9,9,6,3,-1,-1,-1,-1,-1,-1,-1,-1,-1,0
Unvalidated,2024010492174,2024,010492174,1,19,0,18,1,5,0,6,0,0,0,0,1,1,2,1,25,5,-1,-1,-1,-1,4,1,E01016215,0
Unvalidated,2024010492176,2024,010492176,1,19,0,9,7,6,0,1,0,0,0,0,1,1,1,1,33,6,-1,-1,-1,-1,4,1,E01014353,0
Unvalidated,2024010492176,2024,010492176,2,1,0,8,3,4,0,1,0,0,0,0,1,1,1,1,58,9,-1,-1,-1,-1,1,1,E01001740,0
Unvalidated,2024010492180,2024,010492180,1,3,0,99,9,9,99,9,9,99,9,99,1,1,1,1,33,6,-1,-1,-1,-1,3,1,E01000553,0
Unvalidated,2024010492180,2024,010492180,2,9,0,99,9,9,99,9,9,99,9,99,9,9,6,3,-1,-1,-1,-1,-1,-1,-1,-1,-1,0
Unvalidated,2024010492181,2024,010492181,1,19,0,18,3,7,0,0,0,0,0,0,0,1,1,1,34,6,-1,-1,-1,-1,3,1,E01000022,0
Unvalidated,2024010492181,2024,010492181,2,19,0,3,3,7,0,0,0,0,0,0,0,1,1,1,30,6,-1,-1,-1,-1,5,1,E01000251,0
Unvalidated,2024010492185,2024,010492185,1,9,0,9,1,7,0,2,0,0,7,11,1,1,6,2,38,7,-1,-1,-1,-1,4,1,E01001674,0
Unvalidated,2024010492189,2024,010492189,1,3,0,99,9,9,99,9,9,99,9,99,1,1,6,1,22,5,-1,-1,-1,-1,8,1,E01030845,0
Unvalidated,2024010492189,2024,010492189,2,9,0,99,9,9,99,9,9,99,9,99,0,9,6,3,-1,-1,-1,-1,-1,-1,-1,-1,-1,0
Unvalidated,2024010492190,2024,010492190,1,98,0,5,5,1,0,2,0,0,0,0,1,1,6,3,-1,-1,-1,-1,-1,-1,-1,-1,-1,0
Unvalidated,2024010492193,2024,010492193,1,9,0,14,3,7,0,1,0,0,0,0,4,1,3,1,53,8,-1,-1,-1,-1,6,1,E01003378,0
Unvalidated,2024010492193,2024,010492193,2,11,0,2,0,0,0,1,0,0,0,0,0,1,6,3,-1,-1,-1,-1,-1,-1,-1,-1,-1,0
Unvalidated,2024010492194,2024,010492194,1,21,1,18,3,7,0,0,0,0,0,0,0,1,1,1,-1,-1,-1,-1,-1,-1,-1,1,-1,0
Unvalidated,2024010492196,2024,010492196,1,9,0,9,1,6,0,6,0,0,0,0,2,1,2,1,78,11,-1,-1,-1,-1,6,3,E01031193,0
Unvalidated,2024010492196,2024,010492196,2,1,0,9,2,8,0,5,0,0,0,0,3,1,2,1,60,9,-1,-1,-1,-1,9,1,E01033101,0
Unvalidated,2024010492198,2024,010492198,1,9,0,7,6,1,0,1,0,0,0,0,1,1,1,1,44,7,-1,-1,-1,-1,5,1,E01028556,0
Unvalidated,2024010492198,2024,010492198,2,2,0,18,6,2,0,1,0,0,0,0,1,1,6,1,16,4,-1,-1,-1,-1,4,1,E01004048,0
Unvalidated,2024010492199,2024,010492199,1,9,0,9,5,2,4,8,0,0,0,0,4,1,6,3,-1,-1,-1,-1,-1,-1,-1,-1,-1,0
Unvalidated,2024010492199,2024,010492199,2,1,0,18,1,5,4,8,0,0,0,0,1,1,1,1,31,6,-1,-1,-1,-1,3,1,E01004391,0
Unvalidated,2024010492203,2024,010492203,1,9,0,18,2,6,0,3,0,0,0,0,1,1,6,3,-1,-1,-1,-1,-1,-1,-1,-1,-1,0
Unvalidated,2024010492203,2024,010492203,2,11,0,18,6,2,1,4,0,0,0,0,1,1,1,1,55,8,-1,-1,-1,-1,2,1,E01024315,0
Unvalidated,2024010492205,2024,010492205,1,9,0,99,9,9,99,0,9,99,9,99,9,9,6,1,39,7,-1,-1,-1,-1,6,1,E01002742,0
Unvalidated,2024010492205,2024,010492205,2,9,9,18,1,5,99,0,9,99,9,99,9,9,6,1,-1,-1,-1,-1,-1,-1,3,1,E01000644,0
Unvalidated,2024010492212,2024,010492212,1,19,0,18,3,7,0,1,0,0,7,0,1,1,1,1,40,7,-1,-1,-1,-1,5,1,E01023780,0
Unvalidated,2024010492212,2024,010492212,2,9,0,18,5,1,0,8,0,0,0,0,3,1,6,2,63,9,-1,-1,-1,-1,1,1,E01023536,0
Unvalidated,2024010492212,2024,010492212,3,11,0,18,1,5,0,8,0,0,0,0,3,1,1,1,35,6,-1,-1,-1,-1,3,1,E01002151,0
Unvalidated,2024010492213,2024,010492213,1,9,0,1,1,3,0,1,0,0,0,0,1,1,6,1,53,8,-1,-1,-1,-1,3,1,E01003688,0
Unvalidated,2024010492214,2024,010492214,1,19,0,5,5,1,0,0,0,0,0,0,3,1,6,1,58,9,-1,-1,-1,-1,3,1,E01001175,0
Unvalidated,2024010492215,2024,010492215,1,9,0,18,1,5,0,2,0,0,0,0,4,1,6,3,-1,-1,-1,-1,-1,-1,-1,-1,-1,0
Unvalidated,2024010492215,2024,010492215,2,1,0,18,1,5,0,1,0,7,0,0,3,1,6,1,59,9,-1,-1,-1,-1,7,1,E01000339,0
Unvalidated,2024010492216,2024,010492216,1,3,0,18,8,4,0,0,0,0,0,0,1,1,6,2,23,5,-1,-1,-1,-1,2,1,E01002051,0
Unvalidated,2024010492221,2024,010492221,1,3,0,99,9,9,99,9,9,99,9,99,9,1,6,3,41,7,-1,-1,-1,-1,-1,-1,-1,0
Unvalidated,2024010492221,2024,010492221,2,9,0,99,9,9,99,9,9,99,9,99,9,9,6,3,-1,-1,-1,-1,-1,-1,-1,-1,-1,0
Unvalidated,2024010492223,2024,010492223,1,9,5,18,1,5,0,3,5,4,0,0,1,1,6,1,81,11,-1,-1,-1,-1,3,1,E01000062,0
Unvalidated,2024010492224,2024,010492224,1,11,0,5,7,3,0,8,0,0,0,0,1,1,1,1,61,9,-1,-1,-1,-1,3,1,E01000099,0
Unvalidated,2024010492224,2024,010492224,2,3,0,5,7,3,0,2,0,0,0,0,2,1,6,1,53,8,-1,-1,-1,-1,9,1,E01003808,0
Unvalidated,2024010492231,2024,010492231,1,9,0,99,9,9,99,0,9,99,9,99,9,9,6,1,39,7,-1,-1,-1,-1,1,1,E01001655,0
Unvalidated,2024010492231,2024,010492231,2,8,0,99,9,9,99,0,9,99,9,99,9,9,6,3,54,8,-1,-1,-1,-1,2,1,E01004238,0