status,collision_index,collision_year,collision_reference,vehicle_reference,vehicle_type,towing_and_articulation,vehicle_manoeuvre,vehicle_direction_from,vehicle_direction_to,vehicle_location_restricted_lane,junction_location,skidding_and_overturning,hit_object_in_carriageway,vehicle_leaving_carriageway,hit_object_off_carriageway,first_point_of_impact,vehicle_left_hand_drive,journey_purpose_of_driver,sex_of_driver,age_of_driver,age_band_of_driver,engine_capacity_cc,propulsion_code,age_of_vehicle,generic_make_model,driver_imd_decile,driver_home_area_type,lsoa_of_driver,escooter_flag
Unvalidated,2024010492253,2024,010492253,1,3,0,99,9,9,99,9,9,99,9,99,9,1,2,3,21,5,-1,-1,-1,-1,3,1,E01003430,0
Unvalidated,2024010492253,2024,010492253,2,9,0,99,9,9,99,9,9,99,9,99,9,9,6,3,-1,-1,-1,-1,-1,-1,-1,-1,-1,0
Unvalidated,2024010492256,2024,010492256,1,9,0,99,9,9,99,9,9,99,9,99,1,9,6,1,48,8,-1,-1,-1,-1,7,3,E01024422,0
Unvalidated,2024010492256,2024,010492256,2,9,0,99,9,9,99,9,9,99,9,99,1,9,6,2,82,11,-1,-1,-1,-1,7,1,E01024422,0
Unvalidated,2024010492258,2024,010492258,1,3,0,99,9,9,99,0,9,99,9,99,2,1,1,1,22,5,-1,-1,-1,-1,2,1,E01003594,0
Unvalidated,2024010492258,2024,010492258,2,9,0,99,9,9,99,0,9,99,9,99,1,9,6,3,-1,-1,-1,-1,-1,-1,2,1,E01017345,0
Unvalidated,2024010492258,2024,010492258,3,9,0,99,9,9,99,0,9,99,9,99,2,9,6,3,-1,-1,-1,-1,-1,-1,-1,-1,-1,0
Unvalidated,2024010492262,2024,010492262,1,2,3,18,5,1,0,1,0,0,0,0,1,1,6,3,-1,-1,-1,-1,-1,-1,-1,-1,-1,0
Unvalidated,2024010492264,2024,010492264,1,9,0,9,6,3,0,8,0,0,0,0,3,1,6,1,26,6,-1,-1,-1,-1,2,1,E01004060,0
Unvalidated,2024010492264,2024,010492264,2,3,0,13,6,2,0,8,0,0,0,0,4,1,6,1,29,6,-1,-1,-1,-1,4,1,E01001956,0
Unvalidated,2024010492267,2024,010492267,1,9,0,11,7,3,0,1,1,7,0,0,4,1,6,1,84,11,-1,-1,-1,-1,9,1,E01017403,0
Unvalidated,2024010492269,2024,010492269,1,9,0,9,7,5,0,8,0,0,0,0,1,1,6,2,23,5,-1,-1,-1,-1,3,1,E01001749,0
Unvalidated,2024010492269,2024,010492269,2,1,0,18,5,1,0,1,0,0,0,0,1,1,6,1,29,6,-1,-1,-1,-1,3,1,E01004422,0
Unvalidated,2024010492277,2024,010492277,1,9,0,9,7,4,0,1,0,0,0,0,1,1,6,2,62,9,-1,-1,-1,-1,3,1,E01000020,0
Unvalidated,2024010492277,2024,010492277,2,3,0,4,3,7,0,1,0,0,0,0,1,1,6,2,29,6,-1,-1,-1,-1,3,1,E01003734,0
Unvalidated,2024010492278,2024,010492278,1,9,0,6,3,3,0,0,0,0,0,0,4,1,6,3,24,5,-1,-1,-1,-1,2,1,E01002356,0
Unvalidated,2024010492278,2024,010492278,2,5,0,18,3,7,0,0,5,0,0,0,1,1,2,1,40,7,-1,-1,-1,-1,5,1,E01003664,0
Unvalidated,2024010492279,2024,010492279,1,9,0,5,1,5,0,6,0,0,0,0,1,1,6,1,26,6,-1,-1,-1,-1,6,1,E01002331,0
Unvalidated,2024010492279,2024,010492279,2,3,0,8,1,3,0,6,0,0,0,0,4,1,1,1,38,7,-1,-1,-1,-1,2,1,E01004233,0
Unvalidated,2024010492280,2024,010492280,1,9,0,5,1,5,0,6,0,0,0,0,1,1,6,3,-1,-1,-1,-1,-1,-1,-1,-1,-1,0
Unvalidated,2024010492280,2024,010492280,2,1,0,18,3,7,0,1,5,0,0,0,4,1,6,1,39,7,-1,-1,-1,-1,6,3,E01013072,0
Unvalidated,2024010492281,2024,010492281,1,11,0,5,3,7,0,8,0,0,0,0,3,1,1,1,56,9,-1,-1,-1,-1,6,1,E01002353,0
Unvalidated,2024010492281,2024,010492281,2,9,0,13,3,7,0,8,0,0,0,0,1,1,6,3,-1,-1,-1,-1,-1,-1,-1,-1,-1,0
Unvalidated,2024010492283,2024,010492283,1,9,0,18,5,1,0,3,0,0,0,0,1,1,6,2,46,8,-1,-1,-1,-1,3,1,E01002279,0
Unvalidated,2024010492284,2024,010492284,1,9,0,9,2,7,0,3,0,0,7,0,4,1,6,2,64,9,-1,-1,-1,-1,5,1,E01002667,0
Unvalidated,2024010492287,2024,010492287,1,9,0,99,9,9,99,9,9,99,9,99,2,9,2,2,27,6,-1,-1,-1,-1,4,1,E01003740,0
Unvalidated,2024010492289,2024,010492289,1,1,9,99,9,9,99,0,9,99,9,99,1,1,2,2,32,6,-1,-1,-1,-1,5,1,E01004225,0
Unvalidated,2024010492289,2024,010492289,2,10,0,99,9,9,99,0,9,99,9,99,1,9,6,3,-1,-1,-1,-1,-1,-1,-1,-1,-1,0
Unvalidated,2024010492290,2024,010492290,1,9,0,18,6,2,3,6,0,0,1,10,1,1,6,1,64,9,-1,-1,-1,-1,2,1,E01000958,0
Unvalidated,2024010492290,2024,010492290,2,11,0,18,6,2,2,1,0,0,0,0,0,1,6,1,54,8,-1,-1,-1,-1,1,1,E01002736,0
Unvalidated,2024010492290,2024,010492290,3,9,0,18,6,2,0,1,0,0,0,0,2,1,6,1,29,6,-1,-1,-1,-1,2,1,E01004444,0
Unvalidated,2024010492290,2024,010492290,4,2,0,5,6,2,0,8,0,0,0,0,4,1,6,1,43,7,-1,-1,-1,-1,4,1,E01001484,0
Unvalidated,2024010492295,2024,010492295,1,9,0,18,1,5,0,1,0,0,0,0,0,2,6,1,37,7,-1,-1,-1,-1,7,1,E01002367,0
Unvalidated,2024010492295,2024,010492295,2,9,0,18,5,1,0,2,0,0,3,0,1,2,6,2,24,5,-1,-1,-1,-1,9,1,E01002386,0
Unvalidated,2024010492300,2024,010492300,1,8,0,5,1,5,0,1,0,0,0,0,0,1,1,1,44,7,-1,-1,-1,-1,4,1,E01002236,0
Unvalidated,2024010492302,2024,010492302,1,11,0,5,5,1,0,1,0,0,0,0,0,1,1,1,41,7,-1,-1,-1,-1,3,1,E01003264,0
Unvalidated,2024010492303,2024,010492303,1,9,0,7,5,7,0,6,0,10,1,0,1,1,2,1,57,9,-1,-1,-1,-1,5,1,E01004466,0
Unvalidated,2024010492308,2024,010492308,1,5,0,18,3,7,0,0,0,0,0,0,1,1,6,1,46,8,-1,-1,-1,-1,7,2,E01031979,0
Unvalidated,2024010492308,2024,010492308,2,9,0,4,3,7,0,0,0,0,0,0,2,1,6,1,38,7,-1,-1,-1,-1,3,1,E01016452,0
Unvalidated,2024010492308,2024,010492308,3,9,0,18,3,7,0,0,0,1,0,0,1,1,6,1,24,5,-1,-1,-1,-1,6,1,E01002140,0
Unvalidated,2024010492309,2024,010492309,1,9,0,18,1,5,0,1,0,0,0,0,1,1,2,2,29,6,-1,-1,-1,-1,3,1,E01000044,0
Unvalidated,2024010492310,2024,010492310,1,8,0,7,7,1,0,1,0,0,1,11,1,1,1,1,39,7,-1,-1,-1,-1,4,1,E01001896,0
Unvalidated,2024010492310,2024,010492310,2,1,0,18,7,3,4,1,0,0,1,0,3,1,6,1,28,6,-1,-1,-1,-1,5,1,E01001381,0
Unvalidated,2024010492314,2024,010492314,1,9,0,18,5,1,9,2,0,0,1,2,1,1,6,1,33,6,-1,-1,-1,-1,2,1,E01002312,0
Unvalidated,2024010492314,2024,010492314,2,9,0,2,0,0,9,2,0,0,0,0,2,1,6,3,-1,-1,-1,-1,-1,-1,-1,-1,-1,0
Unvalidated,2024010492315,2024,010492315,1,9,0,5,5,1,0,0,0,0,0,0,1,1,6,1,44,7,-1,-1,-1,-1,5,1,E01003028,0
Unvalidated,2024010492317,2024,010492317,1,9,0,16,3,4,0,2,0,0,0,0,1,1,1,1,39,7,-1,-1,-1,-1,2,1,E01001555,0
Unvalidated,2024010492317,2024,010492317,2,1,0,17,3,2,0,2,0,0,0,0,3,1,6,1,18,4,-1,-1,-1,-1,5,1,E01004307,0
Unvalidated,2024010492319,2024,010492319,1,9,0,18,1,5,0,0,0,4,0,0,2,1,2,1,64,9,-1,-1,-1,-1,2,1,E01003528,0
Unvalidated,2024010492319,2024,010492319,2,9,0,2,0,0,0,0,0,0,0,0,1,1,6,3,-1,-1,-1,-1,-1,-1,-1,-1,-1,0
Unvalidated,2024010492319,2024,010492319,3,9,0,2,0,0,0,0,0,4,0,0,1,1,6,3,-1,-1,-1,-1,-1,-1,-1,-1,-1,0
Unvalidated,2024010492319,2024,010492319,4,9,0,2,0,0,0,0,0,0,0,0,2,1,6,3,-1,-1,-1,-1,-1,-1,-1,-1,-1,0
Unvalidated,2024010492320,2024,010492320,1,3,0,5,7,3,0,8,0,0,0,0,1,1,6,1,27,6,-1,-1,-1,-1,2,1,E01003057,0
Unvalidated,2024010492320,2024,010492320,2,9,0,7,7,1,0,8,0,0,0,0,1,1,6,3,-1,-1,-1,-1,-1,-1,-1,-1,-1,0
Unvalidated,2024010492325,2024,010492325,1,9,0,7,1,4,0,1,1,0,1,11,1,1,6,1,38,7,-1,-1,-1,-1,4,1,E01003278,0
Unvalidated,2024010492325,2024,010492325,2,9,0,18,1,5,0,1,0,0,0,0,0,1,1,1,33,6,-1,-1,-1,-1,7,1,E01002514,0
Unvalidated,2024010492326,2024,010492326,1,9,0,16,2,6,0,3,0,0,0,0,1,1,1,1,55,8,-1,-1,-1,-1,4,1,E01004580,0
Unvalidated,2024010492326,2024,010492326,2,19,0,9,5,2,0,3,0,0,0,0,3,1,1,1,72,10,-1,-1,-1,-1,7,1,E01023531,0
Unvalidated,2024010492328,2024,010492328,1,9,0,18,4,8,0,0,1,0,0,0,1,1,6,1,32,6,-1,-1,-1,-1,7,1,E01002127,0
Unvalidated,2024010492328,2024,010492328,2,19,0,2,0,0,0,0,1,0,0,0,2,1,6,3,-1,-1,-1,-1,-1,-1,-1,-1,-1,0
Unvalidated,2024010492328,2024,010492328,3,9,0,2,0,0,0,0,0,0,0,0,1,1,6,3,-1,-1,-1,-1,-1,-1,-1,-1,-1,0
Unvalidated,2024010492330,2024,010492330,1,9,0,17,5,1,1,4,0,0,0,0,0,1,6,1,40,7,-1,-1,-1,-1,4,1,E01030634,0
Unvalidated,2024010492330,2024,010492330,2,9,0,3,3,7,7,4,0,0,0,0,3,1,6,1,31,6,-1,-1,-1,-1,5,1,E01002212,0
Unvalidated,2024010492333,2024,010492333,1,1,9,99,9,9,99,9,9,8,9,99,1,1,6,1,54,8,-1,-1,-1,-1,9,1,E01002471,0
Unvalidated,2024010492333,2024,010492333,2,8,0,99,9,9,99,9,9,99,9,99,4,9,6,3,-1,-1,-1,-1,-1,-1,-1,-1,-1,0
Unvalidated,2024010492338,2024,010492338,1,9,3,18,3,7,5,0,1,10,7,10,1,1,6,1,34,6,-1,-1,-1,-1,4,1,E01004366,0
Unvalidated,2024010492338,2024,010492338,2,9,0,15,3,7,9,0,1,10,7,9,1,1,6,1,56,9,-1,-1,-1,-1,7,1,E01003677,0
Unvalidated,2024010492339,2024,010492339,1,3,0,99,9,9,99,9,9,99,9,99,9,1,6,1,26,6,-1,-1,-1,-1,5,1,E01024122,0
Unvalidated,2024010492339,2024,010492339,2,9,0,99,9,9,99,9,9,99,9,99,9,9,6,1,39,7,-1,-1,-1,-1,3,1,E01001449,0
Unvalidated,2024010492340,2024,010492340,1,19,0,18,1,5,0,1,0,4,0,0,1,1,1,1,60,9,-1,-1,-1,-1,3,1,E01003521,0
Unvalidated,2024010492340,2024,010492340,2,11,0,18,1,5,0,1,0,0,0,0,2,1,1,1,60,9,-1,-1,-1,-1,6,1,E01016492,0
Unvalidated,2024010492343,2024,010492343,1,9,0,99,9,9,99,9,0,99,9,99,9,9,6,3,53,8,-1,-1,-1,-1,4,1,E01033746,0
Unvalidated,2024010492346,2024,010492346,1,1,9,99,9,9,99,9,9,99,9,99,1,1,6,1,34,6,-1,-1,-1,-1,4,1,E01004027,0
Unvalidated,2024010492346,2024,010492346,2,9,0,99,9,9,99,9,9,99,9,99,9,9,6,3,-1,-1,-1,-1,-1,-1,9,2,E01017551,0
Unvalidated,2024010492347,2024,010492347,1,9,0,99,9,9,99,9,9,99,9,99,1,9,6,2,50,8,-1,-1,-1,-1,1,1,E01000643,0
Unvalidated,2024010492348,2024,010492348,1,9,0,1,5,1,0,0,0,0,0,0,1,1,2,1,23,5,-1,-1,-1,-1,7,3,E01000748,0
Unvalidated,2024010492348,2024,010492348,2,9,0,3,5,1,0,0,0,0,0,0,1,1,2,2,37,7,-1,-1,-1,-1,4,1,E01000722,0
Unvalidated,2024010492348,2024,010492348,3,9,0,3,5,1,0,0,0,0,0,0,2,1,2,1,40,7,-1,-1,-1,-1,4,2,E01024429,0
Unvalidated,2024010492355,2024,010492355,1,1,9,18,1,5,0,8,5,0,0,0,4,1,2,1,23,5,-1,-1,-1,-1,2,1,E01003325,0
Unvalidated,2024010492355,2024,010492355,2,9,0,10,4,2,0,6,0,0,0,0,1,9,6,2,-1,-1,-1,-1,-1,-1,-1,-1,-1,0
Unvalidated,2024010492367,2024,010492367,1,3,0,99,9,9,99,1,9,99,9,99,9,1,1,3,29,6,-1,-1,-1,-1,6,1,E01001494,0
Unvalidated,2024010492367,2024,010492367,2,9,0,99,9,9,99,6,9,99,9,99,9,9,6,3,-1,-1,-1,-1,-1,-1,-1,-1,-1,0
Unvalidated,2024010492372,2024,010492372,1,3,0,99,9,9,99,9,9,99,9,99,1,1,6,3,57,9,-1,-1,-1,-1,3,1,E01003405,0
Unvalidated,2024010492372,2024,010492372,2,9,0,99,9,9,99,9,9,99,9,99,9,9,6,2,57,9,-1,-1,-1,-1,3,1,E01003025,0
Unvalidated,2024010492378,2024,010492378,1,9,0,3,9,9,99,9,9,99,9,99,1,9,6,1,36,7,-1,-1,-1,-1,7,1,E01000309,0
Unvalidated,2024010492378,2024,010492378,2,20,0,1,9,9,99,9,9,99,9,99,2,9,6,1,29,6,-1,-1,-1,-1,2,1,E01000184,0
Unvalidated,2024010492384,2024,010492384,1,3,0,18,3,7,0,1,0,0,0,0,2,1,6,1,51,8,-1,-1,-1,-1,3,1,E01000305,0
Unvalidated,2024010492384,2024,010492384,2,9,0,7,5,8,0,1,0,0,0,0,1,1,6,2,48,8,-1,-1,-1,-1,-1,-1,-1,0
Unvalidated,2024010492390,2024,010492390,1,9,0,18,1,5,0,0,0,0,0,0,1,1,2,1,50,8,-1,-1,-1,-1,3,1,E01000092,0
Unvalidated,2024010492394,2024,010492394,1,9,0,4,1,5,0,1,0,0,0,0,2,1,6,2,39,7,-1,-1,-1,-1,9,1,E01002432,0
Unvalidated,2024010492394,2024,010492394,2,19,0,18,1,5,0,1,0,0,0,0,1,1,1,1,32,6,-1,-1,-1,-1,6,1,E01000871,0
Unvalidated,2024010492401,2024,010492401,1,9,0,9,1,7,1,6,0,0,0,0,4,1,6,3,-1,-1,-1,-1,-1,-1,-1,-1,-1,0
Unvalidated,2024010492401,2024,010492401,2,8,0,18,7,3,0,1,0,0,0,0,3,2,3,1,40,7,-1,-1,-1,-1,1,1,E01003516,0
Unvalidated,2024010492402,2024,010492402,1,9,0,18,1,5,0,0,0,0,0,0,1,1,6,2,36,7,-1,-1,-1,-1,2,1,E01003044,0
Unvalidated,2024010492402,2024,010492402,2,9,0,18,5,1,0,0,0,0,0,0,1,1,6,1,33,6,-1,-1,-1,-1,3,1,E01003916,0
Unvalidated,2024010492403,2024,010492403,1,9,0,7,3,4,0,3,0,0,0,0,1,1,1,1,28,6,-1,-1,-1,-1,8,1,E01001022,0
Unvalidated,2024010492403,2024,010492403,2,1,0,7,7,2,0,3,0,0,0,0,1,1,1,1,53,8,-1,-1,-1,-1,3,1,E01002803,0
Unvalidated,2024010492404,2024,010492404,1,9,0,10,5,3,0,2,0,0,0,0,0,1,3,2,54,8,-1,-1,-1,-1,8,1,E01000412,0
Unvalidated,2024010492404,2024,010492404,2,9,0,18,1,5,0,6,0,0,2,2,1,1,3,2,36,7,-1,-1,-1,-1,5,1,E01000402,0
Unvalidated,2024010492405,2024,010492405,1,1,9,99,9,9,99,9,9,99,9,99,1,1,2,1,54,8,-1,-1,-1,-1,6,1,E01002640,0
Unvalidated,2024010492405,2024,010492405,2,9,0,99,9,9,99,9,9,99,9,99,9,9,6,3,-1,-1,-1,-1,-1,-1,-1,-1,-1,0
Unvalidated,2024010492409,2024,010492409,1,3,0,99,9,9,99,9,9,99,9,99,2,1,1,1,27,6,-1,-1,-1,-1,3,1,E01000226,0
Unvalidated,2024010492409,2024,010492409,2,9,0,99,9,9,99,9,9,99,9,99,1,9,6,3,-1,-1,-1,-1,-1,-1,-1,-1,-1,0
Unvalidated,2024010492410,2024,010492410,1,9,0,5,0,1,0,2,0,0,0,0,4,1,2,2,42,7,-1,-1,-1,-1,7,1,E01002465,0
Unvalidated,2024010492410,2024,010492410,2,9,0,2,0,0,0,8,0,0,0,0,3,1,6,3,-1,-1,-1,-1,-1,-1,-1,-1,-1,0
Unvalidated,2024010492410,2024,010492410,3,9,0,12,5,1,0,8,0,4,0,0,4,1,6,1,18,4,-1,-1,-1,-1,5,1,E01016461,0
Unvalidated,2024010492411,2024,010492411,1,21,4,18,3,7,0,1,0,0,0,0,1,1,1,1,32,6,-1,-1,-1,-1,6,3,E01021656,0
Unvalidated,2024010492414,2024,010492414,1,11,0,18,7,3,2,8,0,0,0,0,0,1,1,1,37,7,-1,-1,-1,-1,4,1,E01003210,0
Unvalidated,2024010492414,2024,010492414,2,9,0,18,1,5,0,6,0,0,0,0,0,1,6,1,67,10,-1,-1,-1,-1,5,1,E01002801,0
Unvalidated,2024010492417,2024,010492417,1,3,0,99,9,9,99,9,9,99,9,99,9,1,1,1,27,6,-1,-1,-1,-1,5,1,E01000606,0
Unvalidated,2024010492417,2024,010492417,2,9,0,99,9,9,99,9,9,99,9,99,1,9,6,3,-1,-1,-1,-1,-1,-1,-1,-1,-1,0
Unvalidated,2024010492418,2024,010492418,1,11,0,18,1,5,0,1,0,0,0,0,0,1,1,1,49,8,-1,-1,-1,-1,9,1,E01023580,0
Unvalidated,2024010492419,2024,010492419,1,3,0,99,9,9,99,9,9,99,9,99,1,1,1,1,41,7,-1,-1,-1,-1,3,1,E01003521,0
Unvalidated,2024010492419,2024,010492419,2,9,0,99,9,9,99,9,9,99,9,99,9,9,6,3,-1,-1,-1,-1,-1,-1,-1,-1,-1,0
Unvalidated,2024010492421,2024,010492421,1,9,0,4,3,7,0,0,0,0,0,0,3,1,6,2,51,8,-1,-1,-1,-1,8,1,E01001526,0
Unvalidated,2024010492425,2024,010492425,1,1,9,99,9,9,99,9,9,99,9,99,9,1,2,1,34,6,-1,-1,-1,-1,3,1,E01003177,0
Unvalidated,2024010492425,2024,010492425,2,9,0,99,9,9,99,9,9,99,9,99,9,9,6,3,-1,-1,-1,-1,-1,-1,-1,-1,-1,0
Unvalidated,2024010492426,2024,010492426,1,9,0,4,7,3,0,2,0,0,0,0,1,1,6,3,-1,-1,-1,-1,-1,-1,-1,-1,-1,0
Unvalidated,2024010492435,2024,010492435,1,1,9,99,9,9,99,9,9,99,9,99,9,1,6,1,69,10,-1,-1,-1,-1,8,1,E01001211,0
Unvalidated,2024010492435,2024,010492435,2,9,0,99,9,9,99,9,9,99,9,99,9,9,6,3,-1,-1,-1,-1,-1,-1,-1,-1,-1,0
Unvalidated,2024010492439,2024,010492439,1,11,0,99,9,9,99,9,9,99,9,99,0,9,1,1,64,9,-1,-1,-1,-1,3,1,E01001188,0
Unvalidated,2024010492440,2024,010492440,1,9,0,9,6,4,0,5,0,0,7,0,3,1,6,1,35,6,-1,-1,-1,-1,4,1,E01001435,0
Unvalidated,2024010492440,2024,010492440,2,3,0,14,7,3,0,8,0,0,8,10,1,1,6,1,18,4,-1,-1,-1,-1,7,1,E01021791,0
Unvalidated,2024010492440,2024,010492440,3,19,0,2,0,0,0,8,0,0,0,0,1,1,6,3,-1,-1,-1,-1,-1,-1,-1,-1,-1,0
Unvalidated,2024010492443,2024,010492443,1,9,0,99,9,9,99,9,9,99,9,99,2,9,2,1,30,6,-1,-1,-1,-1,3,1,E01004031,0
Unvalidated,2024010492443,2024,010492443,2,19,0,99,9,9,99,9,9,99,9,99,1,9,6,3,-1,-1,-1,-1,-1,-1,-1,-1,-1,0
Unvalidated,2024010492445,2024,010492445,1,9,0,18,7,3,0,8,0,0,0,0,1,1,6,1,57,9,-1,-1,-1,-1,6,1,E01002724,0
Unvalidated,2024010492445,2024,010492445,2,5,0,4,7,3,0,8,0,0,0,0,2,1,6,1,39,7,-1,-1,-1,-1,2,1,E01000870,0
Unvalidated,2024010492452,2024,010492452,1,9,0,9,1,6,0,5,0,0,0,0,4,1,6,2,60,9,-1,-1,-1,-1,10,1,E01030447,0
Unvalidated,2024010492452,2024,010492452,2,1,0,18,1,5,0,8,0,0,0,0,1,1,2,1,34,6,-1,-1,-1,-1,3,1,E01003405,0
Unvalidated,2024010492454,2024,010492454,1,1,9,99,9,9,99,9,9,99,9,99,1,1,2,3,36,7,-1,-1,-1,-1,9,1,E01004147,0
Unvalidated,2024010492454,2024,010492454,2,9,0,99,9,9,99,9,9,99,9,99,1,9,6,2,57,9,-1,-1,-1,-1,10,1,E01003424,0
Unvalidated,2024010492455,2024,010492455,1,9,0,9,5,3,0,1,0,0,0,0,3,1,6,1,20,4,-1,-1,-1,-1,1,1,E01004005,0
Unvalidated,2024010492455,2024,010492455,2,1,0,18,1,5,0,8,0,0,0,0,1,1,2,2,30,6,-1,-1,-1,-1,2,1,E01003298,0
Unvalidated,2024010492465,2024,010492465,1,9,0,18,7,3,0,2,0,0,0,0,4,1,6,1,47,8,-1,-1,-1,-1,3,1,E01001809,0
Unvalidated,2024010492466,2024,010492466,1,9,0,99,9,9,99,9,9,99,9,99,9,9,6,2,33,6,-1,-1,-1,-1,5,1,E01002652,0
Unvalidated,2024010492466,2024,010492466,2,9,0,99,9,9,99,9,9,99,9,99,9,9,6,1,-1,-1,-1,-1,-1,-1,4,1,E01004715,0
Unvalidated,2024010492471,2024,010492471,1,3,0,17,3,7,0,1,0,0,0,0,1,1,1,1,30,6,-1,-1,-1,-1,4,1,E01001139,0
Unvalidated,2024010492471,2024,010492471,2,19,0,9,5,2,0,1,0,0,0,0,1,1,3,1,40,7,-1,-1,-1,-1,5,1,E01004616,0
Unvalidated,2024010492475,2024,010492475,1,9,0,99,9,9,99,9,9,99,9,99,2,9,6,1,27,6,-1,-1,-1,-1,2,1,E01001731,0
Unvalidated,2024010492475,2024,010492475,2,9,9,18,1,5,99,9,9,99,9,99,9,2,6,3,-1,-1,-1,-1,-1,-1,-1,-1,-1,0
Unvalidated,2024010492478,2024,010492478,1,9,0,5,3,7,0,2,0,0,0,0,0,1,3,1,20,4,-1,-1,-1,-1,2,1,E01000017,0
Unvalidated,2024010492484,2024,010492484,1,1,9,99,9,9,99,0,9,99,9,99,9,1,1,1,21,5,-1,-1,-1,-1,4,1,E01003560,0
Unvalidated,2024010492484,2024,010492484,2,8,0,99,9,9,99,0,9,99,9,99,9,9,6,3,-1,-1,-1,-1,-1,-1,-1,-1,-1,0
Unvalidated,2024010492488,2024,010492488,1,9,0,9,6,3,0,6,0,0,0,0,1,1,6,2,24,5,-1,-1,-1,-1,-1,-1,-1,0
Unvalidated,2024010492488,2024,010492488,2,90,0,3,3,7,0,8,0,0,0,0,4,1,6,1,45,7,-1,-1,-1,-1,2,1,E01003966,1
Unvalidated,2024010492489,2024,010492489,1,9,0,1,5,1,0,0,0,0,0,0,2,2,6,1,64,9,-1,-1,-1,-1,3,1,E01017181,0
Unvalidated,2024010492496,2024,010492496,1,9,0,10,1,6,0,8,0,0,0,0,1,1,6,1,35,6,-1,-1,-1,-1,3,1,E01003101,0
Unvalidated,2024010492496,2024,010492496,2,2,0,18,5,1,0,8,5,0,0,0,1,1,6,1,30,6,-1,-1,-1,-1,6,1,E01003228,0
Unvalidated,2024010492497,2024,010492497,1,9,0,4,5,1,0,4,0,0,0,0,1,1,6,2,26,6,-1,-1,-1,-1,4,1,E01001222,0
Unvalidated,2024010492497,2024,010492497,2,9,0,3,5,1,0,4,0,0,0,0,2,1,6,1,41,7,-1,-1,-1,-1,4,1,E01017570,0
Unvalidated,2024010492497,2024,010492497,3,3,5,3,5,1,0,4,0,0,0,0,2,1,6,2,36,7,-1,-1,-1,-1,3,1,E01003819,0
Unvalidated,2024010492504,2024,010492504,1,5,0,7,5,8,0,1,1,0,0,0,2,1,6,1,36,7,-1,-1,-1,-1,2,1,E01001748,0
Unvalidated,2024010492504,2024,010492504,2,9,0,18,5,1,0,1,0,0,0,0,1,1,6,1,24,5,-1,-1,-1,-1,4,1,E01004368,0
Unvalidated,2024010492505,2024,010492505,1,9,0,18,2,6,0,1,0,0,0,0,3,1,6,2,31,6,-1,-1,-1,-1,3,1,E01003185,0
Unvalidated,2024010492505,2024,010492505,2,5,0,5,1,5,0,1,0,0,0,0,1,1,6,1,20,4,-1,-1,-1,-1,6,1,E01003232,0
Unvalidated,2024010492506,2024,010492506,1,9,0,99,9,9,0,0,0,0,9,0,1,1,6,3,28,6,-1,-1,-1,-1,-1,-1,-1,0
Unvalidated,2024010492507,2024,010492507,1,9,0,9,3,1,0,8,0,0,0,0,1,1,2,1,60,9,-1,-1,-1,-1,6,1,E01003707,0
Unvalidated,2024010492507,2024,010492507,2,9,0,18,7,3,0,8,0,0,0,0,1,1,2,1,33,6,-1,-1,-1,-1,2,1,E01000060,0
Unvalidated,2024010492508,2024,010492508,1,9,9,99,9,9,99,0,9,99,9,99,9,9,6,3,-1,-1,-1,-1,-1,-1,-1,-1,-1,0
Unvalidated,2024010492513,2024,010492513,1,9,0,7,1,3,0,1,0,0,0,0,4,1,1,2,39,7,-1,-1,-1,-1,6,1,E01000160,0
Unvalidated,2024010492513,2024,010492513,2,1,0,7,1,3,0,5,2,4,0,0,4,1,2,1,43,7,-1,-1,-1,-1,-1,-1,-1,0
Unvalidated,2024010492523,2024,010492523,1,9,0,18,1,5,0,1,0,0,0,0,2,1,6,3,-1,-1,-1,-1,-1,-1,-1,-1,-1,0
Unvalidated,2024010492523,2024,010492523,2,90,0,18,1,5,0,1,0,0,0,0,2,1,6,2,17,4,-1,-1,-1,-1,4,1,E01000780,1
Unvalidated,2024010492525,2024,010492525,1,1,0,12,4,8,0,5,1,10,0,0,1,1,6,1,33,6,-1,-1,-1,-1,3,1,E01004708,0
Unvalidated,2024010492529,2024,010492529,1,1,9,99,9,9,99,9,9,99,9,99,1,1,6,3,-1,-1,-1,-1,-1,-1,-1,-1,-1,0
Unvalidated,2024010492532,2024,010492532,1,3,0,99,9,9,99,1,9,99,9,99,9,1,1,3,36,7,-1,-1,-1,-1,3,1,E01003431,0
Unvalidated,2024010492532,2024,010492532,2,9,9,99,9,9,99,6,9,99,9,99,9,9,6,3,-1,-1,-1,-1,-1,-1,-1,-1,-1,0
Unvalidated,2024010492538,2024,010492538,1,19,0,9,7,5,0,6,0,0,0,0,1,1,1,1,64,9,-1,-1,-1,-1,3,1,E01003275,0
Unvalidated,2024010492538,2024,010492538,2,1,0,18,7,3,0,6,0,0,0,0,1,1,6,1,54,8,-1,-1,-1,-1,6,1,E01003227,0
Unvalidated,2024010492541,2024,010492541,1,1,9,99,9,9,99,1,9,99,9,99,9,1,6,1,37,7,-1,-1,-1,-1,6,1,E01004513,0