status,collision_index,collision_year,collision_reference,vehicle_reference,vehicle_type,towing_and_articulation,vehicle_manoeuvre,vehicle_direction_from,vehicle_direction_to,vehicle_location_restricted_lane,junction_location,skidding_and_overturning,hit_object_in_carriageway,vehicle_leaving_carriageway,hit_object_off_carriageway,first_point_of_impact,vehicle_left_hand_drive,journey_purpose_of_driver,sex_of_driver,age_of_driver,age_band_of_driver,engine_capacity_cc,propulsion_code,age_of_vehicle,generic_make_model,driver_imd_decile,driver_home_area_type,lsoa_of_driver,escooter_flag
Unvalidated,2024010492541,2024,010492541,2,9,0,99,9,9,99,5,9,99,9,99,1,9,6,3,-1,-1,-1,-1,-1,-1,-1,-1,-1,0
Unvalidated,2024010492543,2024,010492543,1,9,0,99,9,9,99,9,9,99,9,99,9,9,6,2,43,7,-1,-1,-1,-1,5,1,E01004127,0
Unvalidated,2024010492543,2024,010492543,2,9,0,99,9,9,99,9,9,99,9,99,9,9,6,3,-1,-1,-1,-1,-1,-1,3,1,E01003406,0
Unvalidated,2024010492544,2024,010492544,1,9,0,99,9,9,99,9,9,99,9,99,1,9,6,1,35,6,-1,-1,-1,-1,7,1,E01033568,0
Unvalidated,2024010492544,2024,010492544,2,9,0,99,9,9,99,9,9,99,9,99,1,9,6,3,-1,-1,-1,-1,-1,-1,-1,-1,-1,0
Unvalidated,2024010492545,2024,010492545,1,1,9,99,9,9,99,9,9,99,9,99,9,1,2,1,32,6,-1,-1,-1,-1,3,1,E01003976,0
Unvalidated,2024010492545,2024,010492545,2,8,0,99,9,9,99,9,9,99,9,99,9,9,6,1,43,7,-1,-1,-1,-1,4,1,E01002326,0
Unvalidated,2024010492546,2024,010492546,1,1,9,99,9,9,99,9,9,99,9,99,9,1,2,1,32,6,-1,-1,-1,-1,2,1,E01004014,0
Unvalidated,2024010492546,2024,010492546,2,1,9,99,9,9,99,9,9,99,9,99,1,1,6,3,-1,-1,-1,-1,-1,-1,-1,-1,-1,0
Unvalidated,2024010492560,2024,010492560,1,9,0,7,7,2,0,5,0,0,0,0,4,1,6,1,61,9,-1,-1,-1,-1,7,1,E01004552,0
Unvalidated,2024010492560,2024,010492560,2,3,0,15,6,2,4,8,1,0,0,0,1,1,1,1,36,7,-1,-1,-1,-1,9,1,E01004504,0
Unvalidated,2024010492570,2024,010492570,1,9,0,4,7,3,7,1,0,0,0,0,2,1,6,1,43,7,-1,-1,-1,-1,4,1,E01002050,0
Unvalidated,2024010492570,2024,010492570,2,1,0,15,7,3,0,1,0,0,0,0,1,1,6,1,33,6,-1,-1,-1,-1,1,1,E01004312,0
Unvalidated,2024010492571,2024,010492571,1,9,0,9,7,4,0,1,0,0,0,0,1,1,6,2,70,10,-1,-1,-1,-1,9,1,E01003892,0
Unvalidated,2024010492571,2024,010492571,2,1,0,14,3,7,0,1,0,0,0,0,1,1,6,2,57,9,-1,-1,-1,-1,8,1,E01003895,0
Unvalidated,2024010492573,2024,010492573,1,9,0,5,4,8,0,3,0,0,0,0,2,1,6,2,24,5,-1,-1,-1,-1,2,1,E01001128,0
Unvalidated,2024010492573,2024,010492573,2,9,0,5,1,5,0,4,0,0,0,0,1,1,6,2,40,7,-1,-1,-1,-1,9,1,E01000991,0
Unvalidated,2024010492574,2024,010492574,1,3,0,99,9,9,99,9,9,99,9,99,9,1,1,2,26,6,-1,-1,-1,-1,5,1,E01000779,0
Unvalidated,2024010492574,2024,010492574,2,9,9,99,9,9,99,9,9,99,9,99,9,9,6,3,-1,-1,-1,-1,-1,-1,-1,-1,-1,0
Unvalidated,2024010492575,2024,010492575,1,9,0,4,7,3,9,0,0,4,7,4,1,1,6,2,66,10,-1,-1,-1,-1,3,1,E01000432,0
Unvalidated,2024010492575,2024,010492575,2,9,0,2,0,0,0,0,0,0,0,0,0,1,6,3,-1,-1,-1,-1,-1,-1,-1,-1,-1,0
Unvalidated,2024010492576,2024,010492576,1,1,9,99,9,9,99,9,9,99,9,99,1,1,6,1,30,6,-1,-1,-1,-1,-1,-1,-1,0
Unvalidated,2024010492576,2024,010492576,2,9,0,99,9,9,99,9,9,99,9,99,9,9,6,3,-1,-1,-1,-1,-1,-1,8,1,E01004119,0
Unvalidated,2024010492586,2024,010492586,1,4,0,18,1,5,0,0,0,0,0,0,1,1,6,1,34,6,-1,-1,-1,-1,3,1,E01000545,0
Unvalidated,2024010492586,2024,010492586,2,9,0,6,5,5,0,0,0,0,0,0,1,1,6,1,23,5,-1,-1,-1,-1,3,1,E01000138,0
Unvalidated,2024010492589,2024,010492589,1,3,0,99,9,9,99,9,9,99,9,99,9,1,6,3,33,6,-1,-1,-1,-1,3,1,E01001832,0
Unvalidated,2024010492589,2024,010492589,2,9,0,99,9,9,99,9,9,99,9,99,9,9,6,3,-1,-1,-1,-1,-1,-1,-1,-1,-1,0
Unvalidated,2024010492590,2024,010492590,1,9,0,99,9,9,99,0,9,99,9,99,2,9,6,2,75,10,-1,-1,-1,-1,3,1,E01002313,0
Unvalidated,2024010492590,2024,010492590,2,9,0,99,9,9,99,0,9,99,9,99,1,9,6,3,-1,-1,-1,-1,-1,-1,4,1,E01003690,0
Unvalidated,2024010492592,2024,010492592,1,1,9,99,9,9,99,9,9,99,9,99,1,1,2,1,17,4,-1,-1,-1,-1,4,1,E01001444,0
Unvalidated,2024010492592,2024,010492592,2,9,0,99,9,9,99,9,9,99,9,99,1,9,6,3,-1,-1,-1,-1,-1,-1,-1,-1,-1,0
Unvalidated,2024010492593,2024,010492593,1,1,9,99,9,9,99,9,9,99,9,99,9,1,2,3,28,6,-1,-1,-1,-1,2,1,E01002730,0
Unvalidated,2024010492593,2024,010492593,2,9,0,99,9,9,99,9,9,99,9,99,9,9,6,3,-1,-1,-1,-1,-1,-1,-1,-1,-1,0
Unvalidated,2024010492594,2024,010492594,1,19,0,7,8,2,0,6,0,0,0,0,3,1,2,1,31,6,-1,-1,-1,-1,3,1,E01017536,0
Unvalidated,2024010492601,2024,010492601,1,3,0,99,9,9,99,0,9,99,9,99,2,1,6,1,18,4,-1,-1,-1,-1,6,1,E01002614,0
Unvalidated,2024010492601,2024,010492601,2,19,0,99,9,9,99,0,9,99,9,99,1,9,6,3,-1,-1,-1,-1,-1,-1,-1,-1,-1,0
Unvalidated,2024010492602,2024,010492602,1,1,9,99,9,9,99,9,9,99,9,99,2,1,6,2,43,7,-1,-1,-1,-1,2,1,E01004402,0
Unvalidated,2024010492602,2024,010492602,2,9,0,99,9,9,99,9,9,99,9,99,1,9,6,3,75,10,-1,-1,-1,-1,1,1,E01002036,0
Unvalidated,2024010492603,2024,010492603,1,9,0,99,9,9,99,9,9,99,9,99,1,9,6,2,34,6,-1,-1,-1,-1,4,1,E01021829,0
Unvalidated,2024010492604,2024,010492604,1,1,9,99,9,9,99,9,9,99,9,99,9,1,6,2,25,5,-1,-1,-1,-1,3,1,E01003275,0
Unvalidated,2024010492604,2024,010492604,2,9,0,99,9,9,99,9,9,99,9,99,1,9,6,3,-1,-1,-1,-1,-1,-1,-1,-1,-1,0
Unvalidated,2024010492606,2024,010492606,1,11,0,99,9,9,99,9,9,99,9,99,9,9,6,3,-1,-1,-1,-1,-1,-1,-1,-1,-1,0
Unvalidated,2024010492612,2024,010492612,1,1,0,18,5,1,0,0,0,0,0,0,1,1,6,3,24,5,-1,-1,-1,-1,-1,-1,-1,0
Unvalidated,2024010492616,2024,010492616,1,9,0,18,5,1,0,2,0,0,0,0,1,1,6,1,35,6,-1,-1,-1,-1,3,1,E01002404,0
Unvalidated,2024010492618,2024,010492618,1,19,0,9,7,5,0,6,0,0,0,0,1,1,1,1,54,8,-1,-1,-1,-1,4,1,E01003031,0
Unvalidated,2024010492622,2024,010492622,1,11,0,3,5,1,0,0,0,0,0,0,0,1,1,1,41,7,-1,-1,-1,-1,7,1,E01004153,0
Unvalidated,2024010492623,2024,010492623,1,1,9,99,9,9,99,9,9,99,9,99,9,1,6,2,32,6,-1,-1,-1,-1,4,1,E01000745,0
Unvalidated,2024010492623,2024,010492623,2,9,0,99,9,9,99,9,9,99,9,99,9,9,6,3,-1,-1,-1,-1,-1,-1,-1,-1,-1,0
Unvalidated,2024010492627,2024,010492627,1,9,0,9,1,6,0,1,0,0,0,0,4,1,6,1,54,8,-1,-1,-1,-1,2,1,E01000533,0
Unvalidated,2024010492627,2024,010492627,2,3,0,18,6,2,0,1,0,0,0,0,3,1,6,2,24,5,-1,-1,-1,-1,6,1,E01001160,0
Unvalidated,2024010492628,2024,010492628,1,9,0,3,1,5,0,2,0,0,0,0,2,1,6,1,52,8,-1,-1,-1,-1,4,1,E01032782,0
Unvalidated,2024010492628,2024,010492628,2,3,0,18,1,5,0,2,0,0,0,0,1,1,1,1,17,4,-1,-1,-1,-1,3,1,E01003597,0
Unvalidated,2024010492631,2024,010492631,1,9,0,18,2,6,0,8,0,0,0,0,4,1,6,1,47,8,-1,-1,-1,-1,7,1,E01024465,0
Unvalidated,2024010492631,2024,010492631,2,9,0,9,4,2,0,1,0,0,0,0,1,1,6,1,60,9,-1,-1,-1,-1,2,1,E01001820,0
Unvalidated,2024010492633,2024,010492633,1,9,0,18,5,1,0,0,0,0,0,0,1,1,6,2,81,11,-1,-1,-1,-1,3,1,E01002100,0
Unvalidated,2024010492634,2024,010492634,1,3,0,18,3,7,0,0,0,0,0,0,3,1,6,1,25,5,-1,-1,-1,-1,2,1,E01024476,0
Unvalidated,2024010492634,2024,010492634,2,9,0,18,7,3,0,0,0,0,0,0,1,1,6,3,-1,-1,-1,-1,-1,-1,-1,-1,-1,0
Unvalidated,2024010492635,2024,010492635,1,9,0,9,7,5,0,2,0,0,0,0,1,1,6,1,-1,-1,-1,-1,-1,-1,-1,-1,-1,0
Unvalidated,2024010492636,2024,010492636,1,9,9,99,9,9,99,9,9,99,9,99,9,9,6,3,-1,-1,-1,-1,-1,-1,-1,-1,-1,0
Unvalidated,2024010492637,2024,010492637,1,9,0,18,5,1,0,2,0,0,0,0,1,1,2,1,55,8,-1,-1,-1,-1,1,1,E01000105,0
Unvalidated,2024010492637,2024,010492637,2,8,0,18,5,1,0,2,0,0,0,0,3,1,1,1,47,8,-1,-1,-1,-1,3,1,E01003491,0
Unvalidated,2024010492640,2024,010492640,1,9,0,18,2,6,0,0,0,0,0,0,1,1,6,2,57,9,-1,-1,-1,-1,4,1,E01000171,0
Unvalidated,2024010492641,2024,010492641,1,9,0,99,9,9,99,0,9,99,9,99,9,9,6,2,34,6,-1,-1,-1,-1,4,1,E01004049,0
Unvalidated,2024010492641,2024,010492641,2,9,0,99,9,9,99,0,9,99,9,99,9,9,6,1,22,5,-1,-1,-1,-1,3,1,E01003164,0
Unvalidated,2024010492644,2024,010492644,1,9,0,99,9,9,99,9,9,99,9,99,9,9,6,1,34,6,-1,-1,-1,-1,6,1,E01001347,0
Unvalidated,2024010492644,2024,010492644,2,90,0,99,9,9,99,9,9,99,9,99,9,9,6,3,-1,-1,-1,-1,-1,-1,-1,-1,-1,0
Unvalidated,2024010492645,2024,010492645,1,3,0,18,5,1,0,1,0,0,1,0,3,1,6,1,27,6,-1,-1,-1,-1,4,1,E01000780,0
Unvalidated,2024010492645,2024,010492645,2,9,0,6,1,1,0,1,0,0,0,0,1,1,6,2,41,7,-1,-1,-1,-1,-1,-1,-1,0
Unvalidated,2024010492647,2024,010492647,1,3,0,18,1,5,0,0,0,0,0,0,4,1,1,1,28,6,-1,-1,-1,-1,4,1,E01001090,0
Unvalidated,2024010492647,2024,010492647,2,9,0,6,1,1,0,0,0,0,0,0,4,1,6,1,34,6,-1,-1,-1,-1,2,1,E01003321,0
Unvalidated,2024010492651,2024,010492651,1,9,0,7,3,5,0,8,0,0,0,0,3,1,6,2,22,5,-1,-1,-1,-1,4,1,E01001995,0
Unvalidated,2024010492651,2024,010492651,2,9,0,18,1,5,0,8,0,0,0,0,1,1,6,3,-1,-1,-1,-1,-1,-1,-1,-1,-1,0
Unvalidated,2024010492654,2024,010492654,1,9,0,9,5,2,0,6,0,0,0,0,1,1,2,1,69,10,-1,-1,-1,-1,6,1,E01000069,0
Unvalidated,2024010492655,2024,010492655,1,3,0,99,9,9,99,9,9,99,9,99,9,1,1,1,24,5,-1,-1,-1,-1,2,1,E01002686,0
Unvalidated,2024010492655,2024,010492655,2,19,0,99,9,9,99,9,9,99,9,99,9,9,6,3,-1,-1,-1,-1,-1,-1,-1,-1,-1,0
Unvalidated,2024010492658,2024,010492658,1,9,0,99,9,9,99,9,9,99,9,99,2,9,2,1,45,7,-1,-1,-1,-1,5,1,E01002447,0
Unvalidated,2024010492658,2024,010492658,2,9,0,99,9,9,99,9,9,99,9,99,9,9,6,3,-1,-1,-1,-1,-1,-1,-1,-1,-1,0
Unvalidated,2024010492661,2024,010492661,1,9,0,99,9,9,99,9,9,99,9,99,4,9,6,2,35,6,-1,-1,-1,-1,1,1,E01004675,0
Unvalidated,2024010492661,2024,010492661,2,9,9,18,7,3,0,6,9,99,0,0,9,1,1,1,33,6,-1,-1,-1,-1,9,2,E01023525,0
Unvalidated,2024010492662,2024,010492662,1,9,0,99,9,9,99,9,9,99,9,99,2,9,6,1,45,7,-1,-1,-1,-1,3,1,E01000622,0
Unvalidated,2024010492662,2024,010492662,2,9,0,99,9,9,99,9,9,99,9,99,2,9,6,3,-1,-1,-1,-1,-1,-1,-1,-1,-1,0
Unvalidated,2024010492665,2024,010492665,1,9,0,18,3,7,0,0,0,0,0,0,1,1,6,1,28,6,-1,-1,-1,-1,3,1,E01003564,0
Unvalidated,2024010492668,2024,010492668,1,9,0,18,5,1,0,2,5,4,0,0,1,1,6,2,50,8,-1,-1,-1,-1,3,1,E01001892,0
Unvalidated,2024010492668,2024,010492668,2,9,0,2,0,0,0,1,0,0,0,0,1,1,6,3,-1,-1,-1,-1,-1,-1,-1,-1,-1,0
Unvalidated,2024010492668,2024,010492668,3,9,0,2,0,0,0,1,0,0,0,0,3,1,6,3,-1,-1,-1,-1,-1,-1,-1,-1,-1,0
Unvalidated,2024010492670,2024,010492670,1,9,0,1,1,5,9,6,0,0,0,0,3,1,6,1,54,8,-1,-1,-1,-1,2,1,E01001438,0
Unvalidated,2024010492672,2024,010492672,1,90,0,5,5,1,0,1,0,0,0,0,0,1,1,1,29,6,-1,-1,-1,-1,7,1,E01003456,0
Unvalidated,2024010492672,2024,010492672,2,9,0,5,5,1,0,1,0,4,8,4,1,1,6,1,31,6,-1,-1,-1,-1,2,1,E01003302,0
Unvalidated,2024010492672,2024,010492672,3,9,0,2,0,0,0,1,0,0,0,0,0,1,6,3,-1,-1,-1,-1,-1,-1,-1,-1,-1,0
Unvalidated,2024010492677,2024,010492677,1,3,0,18,7,3,0,8,1,0,0,0,1,1,2,1,28,6,-1,-1,-1,-1,3,1,E01003493,0
Unvalidated,2024010492683,2024,010492683,1,1,9,99,9,9,99,9,9,99,9,99,2,1,6,1,76,11,-1,-1,-1,-1,7,1,E01000842,0
Unvalidated,2024010492683,2024,010492683,2,9,9,99,9,9,99,9,9,99,9,99,1,9,6,3,-1,-1,-1,-1,-1,-1,-1,-1,-1,0
Unvalidated,2024010492690,2024,010492690,1,9,0,18,3,7,0,2,0,0,0,0,4,2,6,1,42,7,-1,-1,-1,-1,4,1,E01002507,0
Unvalidated,2024010492690,2024,010492690,2,9,0,18,5,1,0,1,0,0,0,0,1,1,6,1,23,5,-1,-1,-1,-1,3,2,E01015924,0
Unvalidated,2024010492691,2024,010492691,1,3,0,99,9,9,99,9,9,99,9,99,9,1,1,2,35,6,-1,-1,-1,-1,4,1,E01032566,0
Unvalidated,2024010492691,2024,010492691,2,9,0,99,9,9,99,9,9,99,9,99,1,9,6,3,59,9,-1,-1,-1,-1,8,1,E01003225,0
Unvalidated,2024010492692,2024,010492692,1,1,0,18,3,7,0,0,0,10,1,7,4,1,6,2,72,10,-1,-1,-1,-1,4,1,E01001873,0
Unvalidated,2024010492701,2024,010492701,1,97,0,99,9,9,0,1,0,0,0,0,9,1,6,3,-1,-1,-1,-1,-1,-1,-1,-1,-1,0
Unvalidated,2024010492703,2024,010492703,1,11,0,5,0,5,2,5,0,0,0,0,0,1,1,1,61,9,-1,-1,-1,-1,5,1,E01004343,0
Unvalidated,2024010492706,2024,010492706,1,9,0,18,1,5,0,0,0,0,0,0,1,1,6,2,56,9,-1,-1,-1,-1,5,1,E01021800,0
Unvalidated,2024010492706,2024,010492706,2,9,0,18,5,1,0,0,0,0,0,0,1,1,6,2,18,4,-1,-1,-1,-1,6,3,E01021769,0
Unvalidated,2024010492709,2024,010492709,1,11,0,4,5,1,0,1,0,0,0,0,0,1,6,1,57,9,-1,-1,-1,-1,1,1,E01024305,0
Unvalidated,2024010492709,2024,010492709,2,9,0,7,5,7,0,1,0,0,0,0,0,1,6,2,32,6,-1,-1,-1,-1,5,1,E01000443,0
Unvalidated,2024010492715,2024,010492715,1,9,0,99,9,9,99,9,9,99,9,99,2,9,6,2,27,6,-1,-1,-1,-1,6,1,E01000196,0
Unvalidated,2024010492720,2024,010492720,1,9,0,5,7,3,0,8,0,0,0,0,1,1,6,1,53,8,-1,-1,-1,-1,2,1,E01002049,0
Unvalidated,2024010492720,2024,010492720,2,1,0,18,5,1,0,8,0,0,0,0,1,1,1,1,29,6,-1,-1,-1,-1,3,1,E01002084,0
Unvalidated,2024010492728,2024,010492728,1,9,0,99,9,9,99,9,9,99,9,99,2,9,2,2,42,7,-1,-1,-1,-1,10,3,E01023160,0
Unvalidated,2024010492728,2024,010492728,2,1,9,99,9,9,99,9,9,99,9,99,2,1,6,2,-1,-1,-1,-1,-1,-1,-1,-1,-1,0
Unvalidated,2024010492745,2024,010492745,1,9,0,18,1,5,9,1,0,10,1,11,1,1,6,2,26,6,-1,-1,-1,-1,-1,-1,-1,0
Unvalidated,2024010492746,2024,010492746,1,9,0,4,8,4,0,1,0,0,0,0,2,1,6,1,49,8,-1,-1,-1,-1,5,1,E01017390,0
Unvalidated,2024010492746,2024,010492746,2,1,0,4,8,4,0,1,0,0,0,0,1,1,6,1,-1,-1,-1,-1,-1,-1,-1,-1,-1,0
Unvalidated,2024010492748,2024,010492748,1,9,0,99,9,9,99,9,9,99,9,99,9,9,6,1,52,8,-1,-1,-1,-1,4,1,E01004465,0
Unvalidated,2024010492748,2024,010492748,2,9,0,99,9,9,99,9,9,99,9,99,2,9,6,3,-1,-1,-1,-1,-1,-1,-1,-1,-1,0
Unvalidated,2024010492753,2024,010492753,1,9,0,99,9,9,99,0,9,99,9,99,2,1,6,3,-1,-1,-1,-1,-1,-1,-1,-1,-1,0
Unvalidated,2024010492755,2024,010492755,1,9,0,99,9,9,99,9,9,99,9,99,2,9,6,2,55,8,-1,-1,-1,-1,7,2,E01021803,0
Unvalidated,2024010492755,2024,010492755,2,9,0,99,9,9,99,9,9,99,9,99,1,9,6,3,-1,-1,-1,-1,-1,-1,-1,-1,-1,0
Unvalidated,2024010492757,2024,010492757,1,9,0,5,3,7,0,1,0,0,0,0,4,1,6,1,43,7,-1,-1,-1,-1,5,1,E01001498,0
Unvalidated,2024010492758,2024,010492758,1,1,9,99,9,9,99,9,9,99,9,99,9,1,6,1,45,7,-1,-1,-1,-1,7,1,E01002895,0
Unvalidated,2024010492758,2024,010492758,2,9,0,99,9,9,99,9,9,99,9,99,9,9,6,3,-1,-1,-1,-1,-1,-1,-1,-1,-1,0
Unvalidated,2024010492761,2024,010492761,1,9,0,99,9,9,99,9,9,99,9,99,1,9,6,2,54,8,-1,-1,-1,-1,4,1,E01004728,0
Unvalidated,2024010492761,2024,010492761,2,8,0,99,9,9,99,9,9,99,9,99,1,9,6,3,-1,-1,-1,-1,-1,-1,6,1,E01001342,0
Unvalidated,2024010492777,2024,010492777,1,9,0,99,9,9,99,9,9,99,9,99,2,9,6,3,55,8,-1,-1,-1,-1,8,1,E01000233,0
Unvalidated,2024010492777,2024,010492777,2,9,0,99,9,9,99,9,9,99,9,99,1,9,6,3,-1,-1,-1,-1,-1,-1,-1,-1,-1,0
Unvalidated,2024010492779,2024,010492779,1,1,9,99,9,9,99,9,9,99,9,99,1,1,2,1,40,7,-1,-1,-1,-1,3,1,E01002405,0
Unvalidated,2024010492779,2024,010492779,2,9,0,99,9,9,99,9,9,99,9,99,9,9,6,1,48,8,-1,-1,-1,-1,-1,-1,-1,0
Unvalidated,2024010492788,2024,010492788,1,1,9,99,9,9,99,9,9,99,9,99,1,1,6,1,20,4,-1,-1,-1,-1,2,1,E01000374,0
Unvalidated,2024010492788,2024,010492788,2,9,0,99,9,9,99,9,9,99,9,99,2,9,6,3,56,9,-1,-1,-1,-1,5,1,E01000375,0
Unvalidated,2024010492794,2024,010492794,1,9,0,99,9,9,99,9,9,99,9,99,2,9,6,3,-1,-1,-1,-1,-1,-1,4,1,E01000497,0
Unvalidated,2024010492794,2024,010492794,2,98,0,99,9,9,99,9,9,99,9,99,1,9,6,1,-1,-1,-1,-1,-1,-1,3,1,E01002413,0
Unvalidated,2024010492798,2024,010492798,1,9,0,5,6,2,0,1,0,0,0,0,1,1,6,2,22,5,-1,-1,-1,-1,2,1,E01002072,0
Unvalidated,2024010492800,2024,010492800,1,9,0,9,1,6,0,1,0,0,0,0,3,1,6,1,56,9,-1,-1,-1,-1,3,1,E01002612,0
Unvalidated,2024010492800,2024,010492800,2,1,0,13,1,5,0,1,0,0,0,0,4,1,1,1,23,5,-1,-1,-1,-1,2,1,E01003933,0
Unvalidated,2024010492806,2024,010492806,1,9,0,18,7,3,0,1,0,0,1,10,1,1,6,1,28,6,-1,-1,-1,-1,1,1,E01033153,0
Unvalidated,2024010492809,2024,010492809,1,4,0,15,7,3,0,1,5,0,0,0,3,1,6,1,27,6,-1,-1,-1,-1,3,1,E01004676,0
Unvalidated,2024010492809,2024,010492809,2,9,0,7,7,1,0,1,0,0,0,0,4,1,6,1,26,6,-1,-1,-1,-1,8,1,E01006532,0
Unvalidated,2024010492812,2024,010492812,1,8,0,18,1,5,0,0,0,0,0,0,1,1,1,1,39,7,-1,-1,-1,-1,5,1,E01003195,0
Unvalidated,2024010492814,2024,010492814,1,3,0,18,1,5,0,1,0,0,0,0,0,1,1,1,43,7,-1,-1,-1,-1,6,1,E01002129,0
Unvalidated,2024010492820,2024,010492820,1,19,0,18,7,3,0,0,0,0,0,0,3,1,6,3,-1,-1,-1,-1,-1,-1,-1,-1,-1,0
Unvalidated,2024010492839,2024,010492839,1,9,0,4,7,3,0,2,0,0,0,0,2,1,6,2,30,6,-1,-1,-1,-1,2,1,E01000030,0
Unvalidated,2024010492839,2024,010492839,2,9,0,9,5,3,0,6,0,0,0,0,1,1,1,1,44,7,-1,-1,-1,-1,3,1,E01003719,0
Unvalidated,2024010492844,2024,010492844,1,9,0,18,6,2,0,1,0,0,0,0,1,1,6,2,52,8,-1,-1,-1,-1,4,1,E01003447,0
Unvalidated,2024010492844,2024,010492844,2,9,0,18,6,2,0,1,0,0,0,0,0,1,6,1,44,7,-1,-1,-1,-1,9,1,E01002996,0
Unvalidated,2024010492847,2024,010492847,1,3,0,99,9,9,99,9,9,99,9,99,9,1,2,1,25,5,-1,-1,-1,-1,2,1,E01003636,0
Unvalidated,2024010492847,2024,010492847,2,9,0,99,9,9,99,9,9,99,9,99,9,9,6,3,-1,-1,-1,-1,-1,-1,-1,-1,-1,0
Unvalidated,2024010492851,2024,010492851,1,3,0,99,9,9,99,0,9,99,9,99,1,1,1,3,35,6,-1,-1,-1,-1,6,1,E01030751,0
Unvalidated,2024010492851,2024,010492851,2,9,9,99,9,9,99,0,9,99,9,99,9,9,6,3,-1,-1,-1,-1,-1,-1,-1,-1,-1,0
Unvalidated,2024010492861,2024,010492861,1,1,9,99,9,9,99,9,9,99,9,99,9,1,2,1,23,5,-1,-1,-1,-1,2,1,E01004267,0
Unvalidated,2024010492861,2024,010492861,2,9,0,9,7,5,0,9,0,99,0,0,9,1,6,1,33,6,-1,-1,-1,-1,10,1,E01030416,0
Unvalidated,2024010492864,2024,010492864,1,1,9,99,9,9,99,9,9,99,9,99,9,1,6,1,31,6,-1,-1,-1,-1,2,1,E01001441,0
Unvalidated,2024010492864,2024,010492864,2,9,0,99,9,9,99,9,9,99,9,99,9,9,6,3,-1,-1,-1,-1,-1,-1,-1,-1,-1,0
Unvalidated,2024010492872,2024,010492872,1,9,0,3,7,3,0,6,0,0,0,0,1,1,6,3,-1,-1,-1,-1,-1,-1,-1,-1,-1,0
Unvalidated,2024010492872,2024,010492872,2,1,0,5,7,3,0,6,0,0,0,0,2,1,2,1,57,9,-1,-1,-1,-1,4,1,E01001898,0
Unvalidated,2024010492874,2024,010492874,1,3,0,18,9,9,99,1,9,99,9,99,1,1,1,1,46,8,-1,-1,-1,-1,5,1,E01000150,0
Unvalidated,2024010492874,2024,010492874,2,9,0,5,9,9,99,6,9,99,9,99,9,9,6,3,-1,-1,-1,-1,-1,-1,-1,-1,-1,0
Unvalidated,2024010492881,2024,010492881,1,9,0,8,5,7,0,6,0,0,0,0,3,1,1,1,23,5,-1,-1,-1,-1,7,1,E01030402,0
Unvalidated,2024010492891,2024,010492891,1,19,0,18,7,3,0,0,0,0,0,0,1,1,1,1,31,6,-1,-1,-1,-1,8,1,E01024762,0
Unvalidated,2024010492891,2024,010492891,2,21,1,4,7,3,0,0,0,0,0,0,2,1,1,1,49,8,-1,-1,-1,-1,9,1,E01023174,0
Unvalidated,2024010492893,2024,010492893,1,9,0,18,1,5,0,0,0,0,0,0,1,1,6,3,-1,-1,-1,-1,-1,-1,-1,-1,-1,0
Unvalidated,2024010492894,2024,010492894,1,3,0,99,9,9,99,9,9,99,9,99,9,1,2,1,26,6,-1,-1,-1,-1,6,1,E01001393,0
Unvalidated,2024010492894,2024,010492894,2,9,0,99,9,9,99,9,9,99,9,99,9,9,6,3,-1,-1,-1,-1,-1,-1,-1,-1,-1,0
Unvalidated,2024010492898,2024,010492898,1,9,0,4,2,6,0,2,0,0,0,0,2,1,6,2,38,7,-1,-1,-1,-1,9,1,E01000538,0
Unvalidated,2024010492898,2024,010492898,2,9,0,4,2,6,0,2,0,0,0,0,2,1,6,2,30,6,-1,-1,-1,-1,7,1,E01002172,0
Unvalidated,2024010492898,2024,010492898,3,9,0,4,2,6,0,2,0,0,0,0,1,1,2,1,25,5,-1,-1,-1,-1,7,1,E01000573,0
Unvalidated,2024010492900,2024,010492900,1,1,9,99,9,9,99,9,9,99,9,99,1,1,6,1,29,6,-1,-1,-1,-1,1,1,E01001155,0
Unvalidated,2024010492900,2024,010492900,2,9,0,99,9,9,99,9,9,99,9,99,9,9,6,3,-1,-1,-1,-1,-1,-1,-1,-1,-1,0
Unvalidated,2024010492905,2024,010492905,1,9,9,99,9,9,99,9,9,99,9,99,9,9,6,3,32,6,-1,-1,-1,-1,4,1,E01001139,0
Unvalidated,2024010492905,2024,010492905,2,3,9,99,9,9,99,9,9,99,9,99,9,1,6,3,37,7,-1,-1,-1,-1,4,1,E01001879,0
Unvalidated,2024010492913,2024,010492913,1,9,0,7,3,6,0,8,0,0,0,0,1,1,6,1,17,4,-1,-1,-1,-1,3,1,E01000915,0
Unvalidated,2024010492913,2024,010492913,2,9,0,2,0,0,6,1,0,0,0,0,1,1,6,3,-1,-1,-1,-1,-1,-1,-1,-1,-1,0
Unvalidated,2024010492913,2024,010492913,3,9,0,2,0,0,0,1,0,0,0,0,1,1,6,3,-1,-1,-1,-1,-1,-1,-1,-1,-1,0
Unvalidated,2024010492915,2024,010492915,1,3,0,99,9,9,99,9,9,99,9,99,1,1,1,3,33,6,-1,-1,-1,-1,3,1,E01004453,0