status,collision_index,collision_year,collision_reference,vehicle_reference,vehicle_type,towing_and_articulation,vehicle_manoeuvre,vehicle_direction_from,vehicle_direction_to,vehicle_location_restricted_lane,junction_location,skidding_and_overturning,hit_object_in_carriageway,vehicle_leaving_carriageway,hit_object_off_carriageway,first_point_of_impact,vehicle_left_hand_drive,journey_purpose_of_driver,sex_of_driver,age_of_driver,age_band_of_driver,engine_capacity_cc,propulsion_code,age_of_vehicle,generic_make_model,driver_imd_decile,driver_home_area_type,lsoa_of_driver,escooter_flag
Unvalidated,2024010492915,2024,010492915,2,9,9,99,9,9,99,9,9,99,9,99,9,9,6,3,-1,-1,-1,-1,-1,-1,-1,-1,-1,0
Unvalidated,2024010492920,2024,010492920,1,9,5,18,5,1,0,2,0,0,0,0,2,1,6,1,71,10,-1,-1,-1,-1,-1,-1,-1,0
Unvalidated,2024010492920,2024,010492920,2,90,0,15,5,1,0,2,0,0,0,0,2,1,6,2,19,4,-1,-1,-1,-1,3,1,E01000947,1
Unvalidated,2024010492923,2024,010492923,1,9,0,18,7,3,0,0,1,0,0,0,0,1,6,2,49,8,-1,-1,-1,-1,9,1,E01003466,0
Unvalidated,2024010492923,2024,010492923,2,9,0,18,7,3,0,0,0,0,0,0,2,1,6,1,52,8,-1,-1,-1,-1,5,1,E01002616,0
Unvalidated,2024010492923,2024,010492923,3,9,0,18,7,3,0,0,0,0,0,0,1,1,6,2,39,7,-1,-1,-1,-1,10,1,E01030542,0
Unvalidated,2024010492927,2024,010492927,1,1,9,99,9,9,99,6,9,99,9,99,9,1,2,2,24,5,-1,-1,-1,-1,6,1,E01002565,0
Unvalidated,2024010492927,2024,010492927,2,9,0,99,9,9,99,1,9,99,9,99,1,9,6,1,33,6,-1,-1,-1,-1,1,1,E01002588,0
Unvalidated,2024010492928,2024,010492928,1,1,9,99,9,9,99,0,9,8,9,99,9,1,6,1,44,7,-1,-1,-1,-1,7,1,E01004635,0
Unvalidated,2024010492928,2024,010492928,2,9,0,99,9,9,99,0,9,99,9,99,9,9,6,1,33,6,-1,-1,-1,-1,1,1,E01004420,0
Unvalidated,2024010492929,2024,010492929,1,19,0,99,9,9,99,9,9,99,9,99,2,9,6,3,-1,-1,-1,-1,-1,-1,2,1,E01003500,0
Unvalidated,2024010492930,2024,010492930,1,9,0,18,5,1,0,0,0,8,0,0,1,1,2,2,32,6,-1,-1,-1,-1,8,1,E01000672,0
Unvalidated,2024010492930,2024,010492930,2,19,0,2,0,0,0,0,0,0,0,0,3,1,6,3,-1,-1,-1,-1,-1,-1,-1,-1,-1,0
Unvalidated,2024010492937,2024,010492937,1,3,0,99,9,9,99,9,9,99,9,99,1,1,1,3,26,6,-1,-1,-1,-1,3,1,E01003519,0
Unvalidated,2024010492937,2024,010492937,2,9,9,99,9,9,99,9,9,99,9,99,9,9,6,3,-1,-1,-1,-1,-1,-1,-1,-1,-1,0
Unvalidated,2024010492939,2024,010492939,1,3,9,99,9,9,99,9,9,99,9,99,1,1,2,1,19,4,-1,-1,-1,-1,3,1,E01001489,0
Unvalidated,2024010492939,2024,010492939,2,9,9,99,9,9,99,9,9,99,9,99,2,9,6,3,-1,-1,-1,-1,-1,-1,-1,-1,-1,0
Unvalidated,2024010492941,2024,010492941,1,9,0,18,8,4,0,2,0,0,0,0,4,1,6,3,-1,-1,-1,-1,-1,-1,-1,-1,-1,0
Unvalidated,2024010492949,2024,010492949,1,9,9,99,9,9,99,1,9,99,9,99,2,9,6,1,50,8,-1,-1,-1,-1,3,1,E01001362,0
Unvalidated,2024010492949,2024,010492949,2,9,0,99,9,9,99,1,9,99,9,99,9,9,6,3,-1,-1,-1,-1,-1,-1,-1,-1,-1,0
Unvalidated,2024010492950,2024,010492950,1,11,0,18,7,3,0,3,0,0,0,0,0,1,1,1,45,7,-1,-1,-1,-1,3,1,E01001363,0
Unvalidated,2024010492952,2024,010492952,1,9,0,99,9,9,99,0,9,99,9,99,1,9,2,2,43,7,-1,-1,-1,-1,5,1,E01001782,0
Unvalidated,2024010492952,2024,010492952,2,1,9,99,9,9,99,0,9,99,9,99,1,1,6,1,-1,-1,-1,-1,-1,-1,-1,-1,-1,0
Unvalidated,2024010492954,2024,010492954,1,3,0,5,1,5,0,1,0,0,0,0,4,1,6,1,20,4,-1,-1,-1,-1,1,1,E01004285,0
Unvalidated,2024010492954,2024,010492954,2,11,0,18,1,5,0,8,0,0,0,0,3,1,1,1,42,7,-1,-1,-1,-1,3,1,E01001629,0
Unvalidated,2024010492958,2024,010492958,1,1,9,99,9,9,99,9,9,99,9,99,9,1,2,2,31,6,-1,-1,-1,-1,5,1,E01004549,0
Unvalidated,2024010492958,2024,010492958,2,9,0,99,9,9,99,9,9,99,9,99,9,9,6,3,-1,-1,-1,-1,-1,-1,-1,-1,-1,0
Unvalidated,2024010492960,2024,010492960,1,1,9,18,9,9,99,9,9,8,9,99,1,1,2,1,33,6,-1,-1,-1,-1,3,1,E01000586,0
Unvalidated,2024010492960,2024,010492960,2,9,0,2,9,9,99,9,9,99,9,99,9,9,6,3,-1,-1,-1,-1,-1,-1,-1,-1,-1,0
Unvalidated,2024010492967,2024,010492967,1,9,0,18,3,7,0,0,5,4,0,0,1,1,2,2,34,6,-1,-1,-1,-1,2,1,E01001621,0
Unvalidated,2024010492967,2024,010492967,2,9,0,2,0,0,0,0,0,0,0,0,3,1,6,3,-1,-1,-1,-1,-1,-1,-1,-1,-1,0
Unvalidated,2024010492967,2024,010492967,3,19,0,2,0,0,0,0,0,0,0,0,2,1,6,3,-1,-1,-1,-1,-1,-1,-1,-1,-1,0
Unvalidated,2024010492968,2024,010492968,1,8,9,99,9,9,99,0,9,99,9,99,9,1,6,3,-1,-1,-1,-1,-1,-1,-1,-1,-1,0
Unvalidated,2024010492968,2024,010492968,2,9,0,99,9,9,99,0,9,99,9,99,1,9,6,1,26,6,-1,-1,-1,-1,3,1,E01004342,0
Unvalidated,2024010492970,2024,010492970,1,9,0,9,5,2,0,8,0,0,0,0,1,1,6,2,40,7,-1,-1,-1,-1,4,1,E01003739,0
Unvalidated,2024010492974,2024,010492974,1,9,0,18,1,5,0,8,0,0,0,0,1,1,3,2,45,7,-1,-1,-1,-1,6,1,E01002138,0
Unvalidated,2024010492975,2024,010492975,1,9,0,4,5,1,0,1,0,0,0,0,4,1,6,2,29,6,-1,-1,-1,-1,2,1,E01001448,0
Unvalidated,2024010492981,2024,010492981,1,9,0,18,5,1,0,8,0,0,0,0,4,1,1,1,44,7,-1,-1,-1,-1,1,1,E01000521,0
Unvalidated,2024010492981,2024,010492981,2,1,0,18,7,3,0,8,5,0,0,0,1,1,6,2,43,7,-1,-1,-1,-1,3,1,E01001238,0
Unvalidated,2024010492984,2024,010492984,1,3,0,99,9,9,99,0,9,8,9,99,1,1,1,1,26,6,-1,-1,-1,-1,5,1,E01000468,0
Unvalidated,2024010492984,2024,010492984,2,9,0,99,9,9,99,0,9,99,9,99,9,9,6,1,46,8,-1,-1,-1,-1,7,1,E01000822,0
Unvalidated,2024010492987,2024,010492987,1,9,0,18,5,1,0,1,0,0,0,0,0,1,1,1,34,6,-1,-1,-1,-1,3,1,E01002612,0
Unvalidated,2024010492987,2024,010492987,2,9,0,7,3,5,0,8,0,0,0,0,0,1,6,2,29,6,-1,-1,-1,-1,5,1,E01002563,0
Unvalidated,2024010492987,2024,010492987,3,9,0,18,3,7,0,1,0,0,0,0,0,1,6,1,26,6,-1,-1,-1,-1,5,1,E01016519,0
Unvalidated,2024010492988,2024,010492988,1,20,0,1,1,5,0,1,0,0,0,0,4,1,6,1,54,8,-1,-1,-1,-1,8,1,E01002495,0
Unvalidated,2024010492993,2024,010492993,1,9,0,18,1,5,0,6,0,0,0,0,2,1,6,1,51,8,-1,-1,-1,-1,9,1,E01004191,0
Unvalidated,2024010492994,2024,010492994,1,9,0,99,9,9,99,0,9,99,9,99,2,9,6,1,36,7,-1,-1,-1,-1,1,1,E01001978,0
Unvalidated,2024010492994,2024,010492994,2,9,0,99,9,9,99,0,9,99,9,99,2,9,6,3,-1,-1,-1,-1,-1,-1,-1,-1,-1,0
Unvalidated,2024010492994,2024,010492994,3,8,0,99,9,9,99,0,9,99,9,99,1,9,6,3,-1,-1,-1,-1,-1,-1,-1,-1,-1,0
Unvalidated,2024010492996,2024,010492996,1,9,0,5,0,1,9,6,0,0,0,0,1,1,6,1,59,9,-1,-1,-1,-1,-1,-1,-1,0
Unvalidated,2024010492998,2024,010492998,1,22,0,18,1,5,99,9,5,0,0,0,9,1,6,1,-1,-1,-1,-1,-1,-1,6,1,E01002531,0
Unvalidated,2024010493002,2024,010493002,1,9,0,18,7,3,0,8,0,7,0,0,1,1,6,2,44,7,-1,-1,-1,-1,2,1,E01000098,0
Unvalidated,2024010493004,2024,010493004,1,19,0,3,7,3,0,1,0,0,0,0,2,1,2,1,29,6,-1,-1,-1,-1,6,1,E01021331,0
Unvalidated,2024010493004,2024,010493004,2,19,0,3,7,3,0,1,0,0,0,0,2,1,1,1,36,7,-1,-1,-1,-1,7,1,E01000119,0
Unvalidated,2024010493004,2024,010493004,3,9,0,18,3,7,0,1,0,0,0,0,1,1,1,1,36,7,-1,-1,-1,-1,5,1,E01033573,0
Unvalidated,2024010493008,2024,010493008,1,9,0,18,1,5,0,0,5,4,0,0,4,1,6,2,20,4,-1,-1,-1,-1,2,1,E01003611,0
Unvalidated,2024010493008,2024,010493008,2,9,0,2,0,0,0,0,0,0,0,0,3,1,6,3,-1,-1,-1,-1,-1,-1,-1,-1,-1,0
Unvalidated,2024010493013,2024,010493013,1,8,0,12,8,4,0,8,0,0,0,0,1,1,1,1,25,5,-1,-1,-1,-1,10,2,E01023231,0
Unvalidated,2024010493013,2024,010493013,2,9,0,17,8,4,0,8,0,0,0,0,2,1,6,1,47,8,-1,-1,-1,-1,3,1,E01016030,0
Unvalidated,2024010493017,2024,010493017,1,1,9,99,9,9,99,9,9,99,9,99,0,1,2,1,34,6,-1,-1,-1,-1,2,1,E01003049,0
Unvalidated,2024010493017,2024,010493017,2,90,9,99,9,9,99,9,9,99,9,99,9,1,6,2,-1,-1,-1,-1,-1,-1,-1,-1,-1,1
Unvalidated,2024010493022,2024,010493022,1,1,9,99,9,9,99,0,9,99,9,99,2,1,1,2,36,7,-1,-1,-1,-1,4,1,E01003186,0
Unvalidated,2024010493022,2024,010493022,2,19,0,99,9,9,99,0,9,99,9,99,1,9,6,3,-1,-1,-1,-1,-1,-1,-1,-1,-1,0
Unvalidated,2024010493026,2024,010493026,1,19,0,18,7,3,0,0,0,0,0,0,2,1,1,1,22,5,-1,-1,-1,-1,3,1,E01002243,0
Unvalidated,2024010493026,2024,010493026,2,9,0,18,7,3,0,0,0,0,0,0,1,1,6,2,50,8,-1,-1,-1,-1,5,1,E01002229,0
Unvalidated,2024010493026,2024,010493026,3,9,0,18,7,3,0,0,0,0,0,0,1,1,6,1,45,7,-1,-1,-1,-1,3,1,E01015801,0
Unvalidated,2024010493026,2024,010493026,4,9,0,18,7,3,0,0,5,0,0,0,1,1,6,2,32,6,-1,-1,-1,-1,-1,-1,-1,0
Unvalidated,2024010493026,2024,010493026,5,9,0,18,7,3,0,0,0,0,0,0,2,1,6,1,22,5,-1,-1,-1,-1,5,1,E01000268,0
Unvalidated,2024010493029,2024,010493029,1,9,0,2,0,0,0,0,0,0,0,0,1,1,6,3,-1,-1,-1,-1,-1,-1,-1,-1,-1,0
Unvalidated,2024010493029,2024,010493029,2,1,0,18,5,1,0,0,0,4,0,0,1,1,6,2,28,6,-1,-1,-1,-1,2,1,E01003159,0
Unvalidated,2024010493031,2024,010493031,1,3,0,99,9,9,99,0,9,99,9,99,9,1,1,1,33,6,-1,-1,-1,-1,3,1,E01000499,0
Unvalidated,2024010493031,2024,010493031,2,9,0,1,9,9,99,0,9,99,9,99,9,9,6,3,-1,-1,-1,-1,-1,-1,-1,-1,-1,0
Unvalidated,2024010493033,2024,010493033,1,9,9,99,9,9,99,9,9,99,9,99,9,1,6,3,-1,-1,-1,-1,-1,-1,-1,-1,-1,0
Unvalidated,2024010493036,2024,010493036,1,3,0,99,9,9,99,9,9,99,9,99,1,1,1,3,40,7,-1,-1,-1,-1,2,1,E01001776,0
Unvalidated,2024010493036,2024,010493036,2,9,0,99,9,9,99,9,9,99,9,99,9,9,6,3,-1,-1,-1,-1,-1,-1,-1,-1,-1,0
Unvalidated,2024010493042,2024,010493042,1,3,0,99,9,9,99,9,9,99,9,99,1,1,6,1,34,6,-1,-1,-1,-1,3,1,E01000622,0
Unvalidated,2024010493042,2024,010493042,2,9,0,99,9,9,99,9,9,99,9,99,9,9,6,3,-1,-1,-1,-1,-1,-1,-1,-1,-1,0
Unvalidated,2024010493048,2024,010493048,1,3,0,99,9,9,99,9,9,99,9,99,9,1,1,3,20,4,-1,-1,-1,-1,3,1,E01001969,0
Unvalidated,2024010493048,2024,010493048,2,9,9,99,9,9,99,9,9,99,9,99,9,9,6,3,-1,-1,-1,-1,-1,-1,-1,-1,-1,0
Unvalidated,2024010493049,2024,010493049,1,3,0,18,1,5,0,2,2,0,0,0,3,1,6,1,33,6,-1,-1,-1,-1,4,1,E01001406,0
Unvalidated,2024010493049,2024,010493049,2,9,0,18,1,5,0,2,0,0,0,0,4,1,6,1,-1,-1,-1,-1,-1,-1,-1,-1,-1,0
Unvalidated,2024010493051,2024,010493051,1,3,0,99,9,9,99,9,9,99,9,99,9,1,1,3,36,7,-1,-1,-1,-1,5,1,E01003140,0
Unvalidated,2024010493051,2024,010493051,2,9,0,99,9,9,99,9,9,99,9,99,9,9,6,3,-1,-1,-1,-1,-1,-1,-1,-1,-1,0
Unvalidated,2024010493058,2024,010493058,1,1,9,99,9,9,99,1,9,99,9,99,9,1,2,1,52,8,-1,-1,-1,-1,2,1,E01004537,0
Unvalidated,2024010493058,2024,010493058,2,19,0,99,9,9,99,6,9,99,9,99,0,9,6,1,-1,-1,-1,-1,-1,-1,-1,-1,-1,0
Unvalidated,2024010493060,2024,010493060,1,11,0,5,7,3,0,0,0,0,0,0,4,1,1,1,40,7,-1,-1,-1,-1,2,1,E01004231,0
Unvalidated,2024010493070,2024,010493070,1,8,0,99,9,9,99,9,9,99,9,99,2,9,6,1,40,7,-1,-1,-1,-1,3,1,E01003736,0
Unvalidated,2024010493070,2024,010493070,2,9,0,99,9,9,99,9,9,99,9,99,1,9,6,3,-1,-1,-1,-1,-1,-1,-1,-1,-1,0
Unvalidated,2024010493073,2024,010493073,1,19,0,4,3,7,0,0,0,0,0,0,2,1,1,1,37,7,-1,-1,-1,-1,5,1,E01002145,0
Unvalidated,2024010493073,2024,010493073,2,3,0,4,3,7,0,0,0,0,0,0,1,1,6,1,19,4,-1,-1,-1,-1,3,1,E01000641,0
Unvalidated,2024010493074,2024,010493074,1,2,0,99,9,9,99,1,9,99,9,99,9,1,2,3,31,6,-1,-1,-1,-1,1,1,E01000524,0
Unvalidated,2024010493074,2024,010493074,2,9,0,99,9,9,99,5,9,99,9,99,9,9,6,3,-1,-1,-1,-1,-1,-1,-1,-1,-1,0
Unvalidated,2024010493075,2024,010493075,1,9,0,18,5,1,0,8,0,0,0,0,1,1,6,1,27,6,-1,-1,-1,-1,-1,-1,-1,0
Unvalidated,2024010493075,2024,010493075,2,9,0,18,1,5,0,8,0,0,0,0,4,1,6,2,52,8,-1,-1,-1,-1,7,1,E01030469,0
Unvalidated,2024010493079,2024,010493079,1,9,0,9,7,5,0,6,0,0,0,0,1,1,2,1,53,8,-1,-1,-1,-1,6,1,E01002680,0
Unvalidated,2024010493079,2024,010493079,2,1,0,18,5,1,0,8,0,0,0,0,1,1,2,1,51,8,-1,-1,-1,-1,4,1,E01000475,0
Unvalidated,2024010493081,2024,010493081,1,9,0,3,7,3,0,0,0,0,0,0,3,1,2,1,46,8,-1,-1,-1,-1,4,1,E01000722,0
Unvalidated,2024010493085,2024,010493085,1,1,9,99,9,9,99,9,9,99,9,99,9,1,2,1,29,6,-1,-1,-1,-1,6,1,E01004509,0
Unvalidated,2024010493090,2024,010493090,1,9,9,99,9,9,99,9,9,99,0,0,9,9,6,3,21,5,-1,-1,-1,-1,4,1,E01000728,0
Unvalidated,2024010493091,2024,010493091,1,11,0,5,7,3,0,1,0,0,0,0,0,1,1,1,21,5,-1,-1,-1,-1,3,1,E01003788,0
Unvalidated,2024010493093,2024,010493093,1,3,0,99,9,9,99,0,9,99,9,99,2,1,1,3,24,5,-1,-1,-1,-1,4,1,E01003452,0
Unvalidated,2024010493093,2024,010493093,2,9,9,99,9,9,99,0,9,99,9,99,9,9,6,3,-1,-1,-1,-1,-1,-1,-1,-1,-1,0
Unvalidated,2024010493094,2024,010493094,1,9,0,18,5,1,0,8,0,0,0,0,1,1,6,1,63,9,-1,-1,-1,-1,2,1,E01004068,0
Unvalidated,2024010493094,2024,010493094,2,9,0,7,4,6,0,8,0,11,0,0,1,1,6,1,24,5,-1,-1,-1,-1,-1,-1,-1,0
Unvalidated,2024010493096,2024,010493096,1,3,0,99,9,9,99,9,9,99,9,99,9,1,2,1,24,5,-1,-1,-1,-1,2,1,E01001491,0
Unvalidated,2024010493096,2024,010493096,2,9,0,99,9,9,99,9,9,99,9,99,1,9,6,3,-1,-1,-1,-1,-1,-1,-1,-1,-1,0
Unvalidated,2024010493097,2024,010493097,1,1,9,99,9,9,99,9,9,99,9,99,1,1,6,1,57,9,-1,-1,-1,-1,2,1,E01032765,0
Unvalidated,2024010493097,2024,010493097,2,9,0,99,9,9,99,9,9,99,9,99,1,9,6,3,-1,-1,-1,-1,-1,-1,-1,-1,-1,0
Unvalidated,2024010493099,2024,010493099,1,9,0,99,9,9,99,9,9,99,9,99,2,9,6,1,31,6,-1,-1,-1,-1,6,1,E01003226,0
Unvalidated,2024010493099,2024,010493099,2,9,0,7,7,1,99,9,9,99,9,99,1,9,6,3,-1,-1,-1,-1,-1,-1,-1,-1,-1,0
Unvalidated,2024010493102,2024,010493102,1,9,0,9,7,5,0,5,0,0,0,0,4,1,6,1,55,8,-1,-1,-1,-1,4,1,E01001618,0
Unvalidated,2024010493102,2024,010493102,2,1,0,15,3,7,4,1,0,11,0,0,1,1,6,1,57,9,-1,-1,-1,-1,4,1,E01001613,0
Unvalidated,2024010493106,2024,010493106,1,9,0,7,5,8,0,1,0,0,0,0,4,1,2,2,46,8,-1,-1,-1,-1,7,1,E01003369,0
Unvalidated,2024010493106,2024,010493106,2,1,0,18,5,1,4,1,0,0,0,0,1,1,2,2,45,7,-1,-1,-1,-1,3,1,E01004533,0
Unvalidated,2024010493119,2024,010493119,1,9,0,7,5,8,0,8,0,0,0,0,1,1,6,1,31,6,-1,-1,-1,-1,4,1,E01015930,0
Unvalidated,2024010493119,2024,010493119,2,1,0,18,5,1,0,8,0,0,0,0,3,1,2,1,48,8,-1,-1,-1,-1,3,1,E01002806,0
Unvalidated,2024010493124,2024,010493124,1,9,0,1,1,5,0,0,0,0,0,0,2,1,6,1,-1,-1,-1,-1,-1,-1,-1,-1,-1,0
Unvalidated,2024010493124,2024,010493124,2,1,0,18,5,1,0,0,0,0,0,0,3,1,1,1,27,6,-1,-1,-1,-1,3,1,E01003526,0
Unvalidated,2024010493125,2024,010493125,1,9,0,18,1,5,0,8,0,0,0,0,1,1,6,1,47,8,-1,-1,-1,-1,4,1,E01003529,0
Unvalidated,2024010493127,2024,010493127,1,3,0,14,5,1,0,1,0,0,0,0,1,1,6,1,46,8,-1,-1,-1,-1,1,1,E01004272,0
Unvalidated,2024010493129,2024,010493129,1,3,0,4,1,5,0,2,0,0,0,0,1,1,6,1,21,5,-1,-1,-1,-1,3,1,E01003073,0
Unvalidated,2024010493131,2024,010493131,1,9,0,5,5,1,0,3,0,0,0,0,3,2,1,1,42,7,-1,-1,-1,-1,8,1,E01004192,0
Unvalidated,2024010493141,2024,010493141,1,9,0,4,1,5,0,8,0,0,0,0,3,1,6,1,40,7,-1,-1,-1,-1,3,1,E01032743,0
Unvalidated,2024010493142,2024,010493142,1,9,0,17,3,7,0,1,0,0,0,0,1,1,6,1,31,6,-1,-1,-1,-1,5,1,E01003742,0
Unvalidated,2024010493142,2024,010493142,2,1,0,16,7,3,0,2,0,0,0,0,1,1,2,1,43,7,-1,-1,-1,-1,7,1,E01000361,0
Unvalidated,2024010493145,2024,010493145,1,1,9,99,9,9,99,9,9,99,9,99,9,1,2,1,65,9,-1,-1,-1,-1,8,1,E01000896,0
Unvalidated,2024010493145,2024,010493145,2,9,0,99,9,9,99,9,9,99,9,99,1,9,6,3,-1,-1,-1,-1,-1,-1,-1,-1,-1,0
Unvalidated,2024010493146,2024,010493146,1,9,0,9,5,2,0,1,0,0,0,0,3,1,6,1,24,5,-1,-1,-1,-1,6,1,E01003754,0
Unvalidated,2024010493146,2024,010493146,2,3,0,18,5,1,0,1,0,0,0,0,1,1,6,1,30,6,-1,-1,-1,-1,3,1,E01000043,0
Unvalidated,2024010493147,2024,010493147,1,9,0,18,1,5,0,1,0,0,0,0,1,1,6,3,-1,-1,-1,-1,-1,-1,-1,-1,-1,0
Unvalidated,2024010493150,2024,010493150,1,9,0,4,3,7,0,8,0,0,0,0,2,1,2,1,52,8,-1,-1,-1,-1,2,1,E01033588,0
Unvalidated,2024010493150,2024,010493150,2,21,1,18,3,7,0,8,1,0,0,0,1,1,1,1,35,6,-1,-1,-1,-1,3,1,E01015956,0
Unvalidated,2024010493152,2024,010493152,1,97,0,18,5,1,0,1,0,0,0,0,1,1,6,3,-1,-1,-1,-1,-1,-1,-1,-1,-1,0
Unvalidated,2024010493155,2024,010493155,1,9,0,9,3,2,0,4,0,10,0,0,4,1,6,2,55,8,-1,-1,-1,-1,8,1,E01000717,0
Unvalidated,2024010493155,2024,010493155,2,9,0,18,1,5,0,4,0,0,0,0,1,1,6,2,31,6,-1,-1,-1,-1,3,1,E01001156,0
Unvalidated,2024010493158,2024,010493158,1,1,9,99,9,9,99,9,9,99,9,99,9,1,6,1,51,8,-1,-1,-1,-1,3,1,E01002862,0
Unvalidated,2024010493158,2024,010493158,2,9,0,99,9,9,99,9,9,99,9,99,9,9,6,3,-1,-1,-1,-1,-1,-1,-1,-1,-1,0
Unvalidated,2024010493160,2024,010493160,1,9,0,99,9,9,99,9,0,99,9,99,4,9,6,1,50,8,-1,-1,-1,-1,7,1,E01001131,0
Unvalidated,2024010493161,2024,010493161,1,11,0,4,5,1,0,1,0,0,0,0,1,1,1,1,66,10,-1,-1,-1,-1,5,2,-1,0
Unvalidated,2024010493163,2024,010493163,1,9,0,2,0,0,0,0,0,0,0,0,0,9,6,3,-1,-1,-1,-1,-1,-1,-1,-1,-1,0
Unvalidated,2024010493163,2024,010493163,2,20,0,99,9,9,0,0,0,0,0,0,4,1,6,1,-1,-1,-1,-1,-1,-1,-1,-1,-1,0
Unvalidated,2024010493164,2024,010493164,1,1,9,99,9,9,99,9,9,99,9,99,1,1,6,1,39,7,-1,-1,-1,-1,2,1,E01004230,0
Unvalidated,2024010493164,2024,010493164,2,9,0,99,9,9,99,9,9,99,9,99,9,9,6,3,-1,-1,-1,-1,-1,-1,-1,-1,-1,0
Unvalidated,2024010493167,2024,010493167,1,9,9,99,9,9,0,9,9,0,0,0,9,1,6,3,-1,-1,-1,-1,-1,-1,-1,-1,-1,0
Unvalidated,2024010493170,2024,010493170,1,19,0,3,1,5,0,0,0,0,0,0,1,1,6,1,48,8,-1,-1,-1,-1,5,1,E01001389,0
Unvalidated,2024010493170,2024,010493170,2,1,0,18,1,5,0,0,2,0,0,0,1,1,6,1,33,6,-1,-1,-1,-1,7,3,E01023663,0
Unvalidated,2024010493171,2024,010493171,1,9,0,18,6,2,0,1,0,0,0,0,1,1,6,1,40,7,-1,-1,-1,-1,2,1,E01003950,0
Unvalidated,2024010493172,2024,010493172,1,9,0,18,3,7,0,8,5,11,5,7,0,1,6,1,28,6,-1,-1,-1,-1,3,1,E01001638,0
Unvalidated,2024010493173,2024,010493173,1,9,0,18,1,5,0,1,0,0,0,0,1,1,6,1,56,9,-1,-1,-1,-1,2,1,E01001576,0
Unvalidated,2024010493173,2024,010493173,2,8,0,18,5,1,0,2,0,0,0,0,3,1,6,1,49,8,-1,-1,-1,-1,4,1,E01003482,0
Unvalidated,2024010493174,2024,010493174,1,19,0,99,9,9,99,9,9,99,9,99,9,9,1,2,29,6,-1,-1,-1,-1,2,1,E01003499,0
Unvalidated,2024010493174,2024,010493174,2,1,9,99,9,9,99,9,9,99,9,99,9,1,6,3,-1,-1,-1,-1,-1,-1,-1,-1,-1,0
Unvalidated,2024010493179,2024,010493179,1,3,0,18,3,7,0,1,1,11,0,0,4,1,6,1,21,5,-1,-1,-1,-1,2,1,E01003024,0
Unvalidated,2024010493181,2024,010493181,1,11,0,9,1,7,0,8,0,0,0,0,1,1,1,1,60,9,-1,-1,-1,-1,5,1,E01000994,0
Unvalidated,2024010493182,2024,010493182,1,9,0,18,1,5,2,0,1,4,0,0,2,1,6,1,42,7,-1,-1,-1,-1,3,1,E01001886,0
Unvalidated,2024010493182,2024,010493182,2,11,0,2,0,0,2,0,0,0,0,0,2,1,6,3,-1,-1,-1,-1,-1,-1,-1,-1,-1,0
Unvalidated,2024010493185,2024,010493185,1,9,0,18,7,3,0,1,0,11,0,0,1,1,6,1,46,8,-1,-1,-1,-1,3,1,E01002568,0
Unvalidated,2024010493186,2024,010493186,1,1,0,18,7,3,5,1,0,0,0,0,1,1,6,3,24,5,-1,-1,-1,-1,-1,-1,-1,0
Unvalidated,2024010493192,2024,010493192,1,3,0,99,9,9,99,9,9,99,9,99,9,1,6,1,31,6,-1,-1,-1,-1,4,1,E01001618,0
Unvalidated,2024010493192,2024,010493192,2,19,0,99,9,9,99,9,9,99,9,99,4,9,6,3,-1,-1,-1,-1,-1,-1,-1,-1,-1,0
Unvalidated,2024010493193,2024,010493193,1,9,0,17,4,2,0,1,0,0,0,0,3,1,6,2,53,8,-1,-1,-1,-1,4,1,E01004232,0
Unvalidated,2024010493193,2024,010493193,2,9,0,17,4,2,0,1,1,0,0,0,1,1,6,2,25,5,-1,-1,-1,-1,1,1,E01004198,0
Unvalidated,2024010493194,2024,010493194,1,1,9,99,9,9,99,9,9,99,9,99,9,1,2,2,54,8,-1,-1,-1,-1,5,1,E01002410,0
Unvalidated,2024010493194,2024,010493194,2,8,0,99,9,9,99,9,9,99,9,99,1,9,6,3,-1,-1,-1,-1,-1,-1,-1,-1,-1,0
Unvalidated,2024010493195,2024,010493195,1,9,0,99,9,9,99,3,9,0,9,0,3,9,6,1,-1,-1,-1,-1,-1,-1,-1,-1,-1,0
Unvalidated,2024010493196,2024,010493196,1,9,0,9,7,5,0,8,0,0,0,0,1,1,6,2,58,9,-1,-1,-1,-1,5,1,E01001803,0
Unvalidated,2024010493196,2024,010493196,2,1,0,3,5,1,0,8,0,0,0,0,1,1,6,1,33,6,-1,-1,-1,-1,3,1,E01001807,0
Unvalidated,2024010493197,2024,010493197,1,90,0,9,1,7,0,5,0,0,0,0,1,1,2,1,56,9,-1,-1,-1,-1,2,1,E01000482,0
Unvalidated,2024010493197,2024,010493197,2,1,0,15,5,1,4,1,0,0,0,0,1,1,2,2,35,6,-1,-1,-1,-1,7,1,E01004627,0
Unvalidated,2024010493205,2024,010493205,1,3,0,99,9,9,99,9,9,99,9,99,9,1,2,3,30,6,-1,-1,-1,-1,5,1,E01003142,0
Unvalidated,2024010493205,2024,010493205,2,9,0,99,9,9,99,9,9,99,9,99,9,9,6,3,-1,-1,-1,-1,-1,-1,-1,-1,-1,0
Unvalidated,2024010493208,2024,010493208,1,1,9,99,9,9,99,9,9,99,9,99,9,1,6,1,40,7,-1,-1,-1,-1,10,1,E01002938,0