status,collision_index,collision_year,collision_reference,vehicle_reference,vehicle_type,towing_and_articulation,vehicle_manoeuvre,vehicle_direction_from,vehicle_direction_to,vehicle_location_restricted_lane,junction_location,skidding_and_overturning,hit_object_in_carriageway,vehicle_leaving_carriageway,hit_object_off_carriageway,first_point_of_impact,vehicle_left_hand_drive,journey_purpose_of_driver,sex_of_driver,age_of_driver,age_band_of_driver,engine_capacity_cc,propulsion_code,age_of_vehicle,generic_make_model,driver_imd_decile,driver_home_area_type,lsoa_of_driver,escooter_flag
Unvalidated,2024010493208,2024,010493208,2,19,0,99,9,9,99,9,9,99,9,99,1,9,6,3,-1,-1,-1,-1,-1,-1,8,1,E01003001,0
Unvalidated,2024010493210,2024,010493210,1,1,9,99,9,9,99,9,9,99,9,99,9,1,6,2,44,7,-1,-1,-1,-1,5,1,E01000174,0
Unvalidated,2024010493210,2024,010493210,2,9,0,99,9,9,99,9,9,99,9,99,9,9,6,1,28,6,-1,-1,-1,-1,1,1,E01001955,0
Unvalidated,2024010493212,2024,010493212,1,9,0,18,7,3,0,8,0,0,0,0,1,1,6,1,61,9,-1,-1,-1,-1,7,1,E01000572,0
Unvalidated,2024010493222,2024,010493222,1,1,0,18,1,5,0,8,0,4,0,0,1,1,6,1,43,7,-1,-1,-1,-1,9,1,E01000356,0
Unvalidated,2024010493222,2024,010493222,2,19,0,2,0,0,0,8,0,4,0,0,0,1,6,3,-1,-1,-1,-1,-1,-1,-1,-1,-1,0
Unvalidated,2024010493224,2024,010493224,1,11,0,4,1,5,0,8,0,0,0,0,1,1,6,1,51,8,-1,-1,-1,-1,7,1,E01000986,0
Unvalidated,2024010493237,2024,010493237,1,9,0,99,9,9,99,9,9,99,9,99,9,9,6,1,19,4,-1,-1,-1,-1,6,2,E01031249,0
Unvalidated,2024010493237,2024,010493237,2,1,9,99,9,9,99,9,9,99,9,99,9,1,6,1,-1,-1,-1,-1,-1,-1,-1,-1,-1,0
Unvalidated,2024010493239,2024,010493239,1,9,0,5,3,7,9,1,0,4,7,10,1,1,6,2,68,10,-1,-1,-1,-1,6,1,E01001496,0
Unvalidated,2024010493239,2024,010493239,2,19,0,2,0,0,0,1,0,0,0,0,2,1,6,3,-1,-1,-1,-1,-1,-1,-1,-1,-1,0
Unvalidated,2024010493240,2024,010493240,1,21,4,18,5,1,5,2,0,0,1,1,1,2,1,1,35,6,-1,-1,-1,-1,3,1,E01016150,0
Unvalidated,2024010493244,2024,010493244,1,19,0,18,3,7,0,8,0,0,0,0,1,1,2,1,58,9,-1,-1,-1,-1,2,1,E01022043,0
Unvalidated,2024010493244,2024,010493244,2,19,0,9,7,5,0,8,0,0,0,0,4,1,6,1,55,8,-1,-1,-1,-1,6,1,E01003449,0
Unvalidated,2024010493246,2024,010493246,1,3,0,99,9,9,99,2,9,99,9,99,9,1,1,1,25,5,-1,-1,-1,-1,4,1,E01000558,0
Unvalidated,2024010493246,2024,010493246,2,9,0,99,9,9,99,5,9,99,9,99,1,9,6,3,-1,-1,-1,-1,-1,-1,-1,-1,-1,0
Unvalidated,2024010493247,2024,010493247,1,9,0,18,6,2,0,1,0,0,0,0,3,1,6,1,57,9,-1,-1,-1,-1,2,1,E01003622,0
Unvalidated,2024010493247,2024,010493247,2,1,0,18,5,1,0,1,0,0,0,0,2,1,1,1,46,8,-1,-1,-1,-1,-1,-1,-1,0
Unvalidated,2024010493248,2024,010493248,1,1,9,18,9,9,99,9,9,8,9,99,2,1,2,1,41,7,-1,-1,-1,-1,6,1,E01002639,0
Unvalidated,2024010493248,2024,010493248,2,9,0,2,9,9,99,9,9,99,9,99,3,9,6,3,-1,-1,-1,-1,-1,-1,-1,-1,-1,0
Unvalidated,2024010493254,2024,010493254,1,9,0,3,9,9,99,9,9,99,9,99,1,9,6,2,29,6,-1,-1,-1,-1,2,1,E01032805,0
Unvalidated,2024010493254,2024,010493254,2,9,0,1,9,9,99,9,9,99,9,99,0,9,6,3,-1,-1,-1,-1,-1,-1,-1,-1,-1,0
Unvalidated,2024010493255,2024,010493255,1,9,0,18,5,1,0,1,0,0,7,0,4,1,2,1,25,5,-1,-1,-1,-1,8,1,E01032571,0
Unvalidated,2024010493257,2024,010493257,1,9,0,18,7,3,0,0,0,0,0,0,1,1,6,1,34,6,-1,-1,-1,-1,4,1,E01023538,0
Unvalidated,2024010493257,2024,010493257,2,9,0,18,3,7,0,0,0,0,0,0,1,1,3,1,31,6,-1,-1,-1,-1,3,1,E01002015,0
Unvalidated,2024010493258,2024,010493258,1,3,9,99,9,9,99,9,9,99,9,99,9,1,1,1,29,6,-1,-1,-1,-1,4,1,E01004447,0
Unvalidated,2024010493258,2024,010493258,2,9,9,99,9,9,99,9,9,99,9,99,1,9,6,3,-1,-1,-1,-1,-1,-1,-1,-1,-1,0
Unvalidated,2024010493259,2024,010493259,1,11,0,18,1,5,0,1,0,0,0,0,0,1,2,1,36,7,-1,-1,-1,-1,9,1,E01000686,0
Unvalidated,2024010493266,2024,010493266,1,19,0,5,7,3,0,1,0,0,0,0,9,1,6,3,-1,-1,-1,-1,-1,-1,7,1,E01001888,0
Unvalidated,2024010493266,2024,010493266,2,1,0,5,5,1,0,1,0,0,0,0,4,1,6,1,51,8,-1,-1,-1,-1,4,1,E01002894,0
Unvalidated,2024010493275,2024,010493275,1,9,9,99,9,9,99,9,9,99,9,99,9,9,6,1,25,5,-1,-1,-1,-1,1,1,E01000105,0
Unvalidated,2024010493275,2024,010493275,2,9,9,99,9,9,99,9,9,99,9,99,9,9,6,3,-1,-1,-1,-1,-1,-1,-1,-1,-1,0
Unvalidated,2024010493282,2024,010493282,1,3,0,99,9,9,99,9,9,99,9,99,1,1,1,1,36,7,-1,-1,-1,-1,1,1,E01033604,0
Unvalidated,2024010493282,2024,010493282,2,11,0,99,9,9,99,9,9,99,9,99,1,9,6,3,28,6,-1,-1,-1,-1,-1,-1,-1,0
Unvalidated,2024010493293,2024,010493293,1,11,0,5,5,1,0,2,0,0,0,0,0,1,1,1,60,9,-1,-1,-1,-1,5,1,E01001315,0
Unvalidated,2024010493296,2024,010493296,1,9,9,99,9,9,99,9,9,99,9,99,1,9,2,2,37,7,-1,-1,-1,-1,1,1,E01002842,0
Unvalidated,2024010493296,2024,010493296,2,9,9,99,9,9,99,9,9,99,9,99,9,9,6,3,-1,-1,-1,-1,-1,-1,-1,-1,-1,0
Unvalidated,2024010493303,2024,010493303,1,3,0,18,1,5,0,2,0,0,0,0,1,1,1,1,35,6,-1,-1,-1,-1,7,1,E01002198,0
Unvalidated,2024010493306,2024,010493306,1,8,0,4,1,5,0,4,0,4,0,0,3,1,1,1,62,9,-1,-1,-1,-1,-1,-1,-1,0
Unvalidated,2024010493306,2024,010493306,2,9,0,1,1,5,0,4,0,0,0,0,1,1,6,1,53,8,-1,-1,-1,-1,3,1,E01000404,0
Unvalidated,2024010493316,2024,010493316,1,9,0,10,3,1,0,1,0,0,0,0,0,1,3,2,42,7,-1,-1,-1,-1,6,1,E01000549,0
Unvalidated,2024010493323,2024,010493323,1,1,9,99,9,9,99,9,9,99,9,99,1,1,2,2,45,7,-1,-1,-1,-1,7,1,E01001255,0
Unvalidated,2024010493323,2024,010493323,2,9,0,99,9,9,99,9,9,99,9,99,1,9,6,3,-1,-1,-1,-1,-1,-1,-1,-1,-1,0
Unvalidated,2024010493324,2024,010493324,1,9,0,99,9,9,99,9,9,99,9,99,2,9,6,1,34,6,-1,-1,-1,-1,3,1,E01033583,0
Unvalidated,2024010493324,2024,010493324,2,9,0,99,9,9,99,9,9,99,9,99,1,9,6,3,-1,-1,-1,-1,-1,-1,3,1,E01003989,0
Unvalidated,2024010493325,2024,010493325,1,9,0,11,7,3,0,1,0,0,0,0,1,1,2,1,73,10,-1,-1,-1,-1,8,1,E01023879,0
Unvalidated,2024010493325,2024,010493325,2,9,0,18,7,3,0,6,0,0,0,0,1,1,6,1,20,4,-1,-1,-1,-1,7,1,E01000574,0
Unvalidated,2024010493325,2024,010493325,3,9,0,2,0,0,0,1,0,0,0,0,3,1,6,3,-1,-1,-1,-1,-1,-1,-1,-1,-1,0
Unvalidated,2024010493325,2024,010493325,4,9,0,2,0,0,0,1,0,0,0,0,2,1,6,3,-1,-1,-1,-1,-1,-1,-1,-1,-1,0
Unvalidated,2024010493327,2024,010493327,1,3,0,18,1,5,0,1,0,0,0,0,1,1,1,1,44,7,-1,-1,-1,-1,5,1,E01002590,0
Unvalidated,2024010493327,2024,010493327,2,9,0,9,5,2,0,1,0,0,0,0,1,1,2,2,40,7,-1,-1,-1,-1,6,1,E01002601,0
Unvalidated,2024010493334,2024,010493334,1,9,0,18,5,1,0,0,0,0,0,0,1,1,6,1,79,11,-1,-1,-1,-1,-1,-1,-1,0
Unvalidated,2024010493335,2024,010493335,1,9,0,18,7,3,0,8,0,0,0,0,1,1,3,1,27,6,-1,-1,-1,-1,4,1,E01000401,0
Unvalidated,2024010493335,2024,010493335,2,9,0,7,1,3,0,8,0,0,0,0,1,1,2,2,64,9,-1,-1,-1,-1,7,1,E01016078,0
Unvalidated,2024010493347,2024,010493347,1,9,0,18,3,7,0,1,0,0,0,0,1,1,6,2,46,8,-1,-1,-1,-1,4,1,E01002611,0
Unvalidated,2024010493347,2024,010493347,2,1,0,18,7,3,0,1,0,0,0,0,1,1,6,1,20,4,-1,-1,-1,-1,4,1,E01002596,0
Unvalidated,2024010493350,2024,010493350,1,9,0,5,3,7,0,2,0,0,0,0,1,1,6,1,26,6,-1,-1,-1,-1,2,1,E01002767,0
Unvalidated,2024010493351,2024,010493351,1,9,0,18,1,5,0,2,0,0,0,0,1,1,6,1,56,9,-1,-1,-1,-1,2,1,E01003966,0
Unvalidated,2024010493351,2024,010493351,2,1,0,9,8,5,9,2,0,0,0,0,2,1,2,2,27,6,-1,-1,-1,-1,2,1,E01004062,0
Unvalidated,2024010493352,2024,010493352,1,9,0,18,5,1,0,3,0,0,0,0,1,1,6,1,40,7,-1,-1,-1,-1,4,1,E01000472,0
Unvalidated,2024010493352,2024,010493352,2,9,0,4,5,1,0,3,0,0,0,0,2,1,6,1,47,8,-1,-1,-1,-1,6,1,E01002422,0
Unvalidated,2024010493359,2024,010493359,1,3,0,99,9,9,99,9,9,99,9,99,9,1,2,3,24,5,-1,-1,-1,-1,1,1,E01001559,0
Unvalidated,2024010493359,2024,010493359,2,9,0,99,9,9,99,9,9,99,9,99,9,9,6,3,-1,-1,-1,-1,-1,-1,-1,-1,-1,0
Unvalidated,2024010493365,2024,010493365,1,9,0,9,2,8,0,8,0,0,0,0,1,1,6,1,45,7,-1,-1,-1,-1,6,1,E01003416,0
Unvalidated,2024010493370,2024,010493370,1,20,0,99,9,9,99,9,9,99,9,99,2,9,6,1,41,7,-1,-1,-1,-1,2,1,E01001331,0
Unvalidated,2024010493370,2024,010493370,2,9,0,99,9,9,99,9,9,99,9,99,1,9,6,3,-1,-1,-1,-1,-1,-1,5,1,E01032733,0
Unvalidated,2024010493372,2024,010493372,1,90,0,18,1,5,0,1,0,0,0,0,3,1,6,1,17,4,-1,-1,-1,-1,1,1,E01002870,1
Unvalidated,2024010493372,2024,010493372,2,19,0,9,5,3,0,5,9,0,0,0,1,1,6,3,-1,-1,-1,-1,-1,-1,-1,-1,-1,0
Unvalidated,2024010493378,2024,010493378,1,9,9,99,9,9,99,9,9,99,9,99,9,9,6,3,-1,-1,-1,-1,-1,-1,-1,-1,-1,0
Unvalidated,2024010493379,2024,010493379,1,97,0,18,1,5,0,0,0,0,0,0,1,1,6,1,-1,-1,-1,-1,-1,-1,-1,-1,-1,0
Unvalidated,2024010493381,2024,010493381,1,4,0,99,9,9,99,9,9,99,9,99,9,1,6,1,22,5,-1,-1,-1,-1,3,1,E01004562,0
Unvalidated,2024010493381,2024,010493381,2,9,0,99,9,9,99,9,9,99,9,99,9,9,6,3,-1,-1,-1,-1,-1,-1,-1,-1,-1,0
Unvalidated,2024010493382,2024,010493382,1,9,0,2,0,0,0,1,0,0,0,0,2,2,6,3,-1,-1,-1,-1,-1,-1,-1,-1,-1,0
Unvalidated,2024010493382,2024,010493382,2,9,0,18,5,1,0,2,0,0,0,0,1,2,2,1,18,4,-1,-1,-1,-1,10,1,E01000115,0
Unvalidated,2024010493382,2024,010493382,3,9,0,9,3,1,0,6,0,0,0,0,0,1,2,1,52,8,-1,-1,-1,-1,8,1,E01033029,0
Unvalidated,2024010493386,2024,010493386,1,9,0,18,2,6,0,8,0,0,0,0,1,1,6,2,43,7,-1,-1,-1,-1,3,1,E01001445,0
Unvalidated,2024010493386,2024,010493386,2,19,0,5,2,6,0,1,0,0,0,0,1,1,6,1,27,6,-1,-1,-1,-1,3,1,E01016520,0
Unvalidated,2024010493387,2024,010493387,1,3,0,99,9,9,0,1,0,0,0,0,9,1,2,2,38,7,-1,-1,-1,-1,1,1,E01032575,0
Unvalidated,2024010493387,2024,010493387,2,9,0,99,9,9,0,1,0,0,0,0,9,1,6,1,40,7,-1,-1,-1,-1,2,1,E01001726,0
Unvalidated,2024010493388,2024,010493388,1,9,0,9,1,8,0,1,0,0,1,0,1,1,6,2,55,8,-1,-1,-1,-1,5,1,E01001525,0
Unvalidated,2024010493389,2024,010493389,1,9,0,2,0,0,99,0,9,99,9,99,2,1,6,3,-1,-1,-1,-1,-1,-1,-1,-1,-1,0
Unvalidated,2024010493389,2024,010493389,2,9,0,99,9,9,99,0,9,99,9,99,9,1,6,2,-1,-1,-1,-1,-1,-1,-1,-1,-1,0
Unvalidated,2024010493391,2024,010493391,1,9,0,18,3,7,0,1,0,0,0,0,1,1,1,1,32,6,-1,-1,-1,-1,10,1,E01023379,0
Unvalidated,2024010493391,2024,010493391,2,5,0,9,3,1,0,5,0,0,0,0,1,1,2,1,24,5,-1,-1,-1,-1,9,1,E01023553,0
Unvalidated,2024010493392,2024,010493392,1,3,0,99,9,9,99,9,9,99,9,99,1,1,1,3,20,4,-1,-1,-1,-1,3,1,E01001446,0
Unvalidated,2024010493392,2024,010493392,2,9,9,99,9,9,99,9,9,99,9,99,9,9,6,3,-1,-1,-1,-1,-1,-1,-1,-1,-1,0
Unvalidated,2024010493393,2024,010493393,1,9,0,9,7,5,0,8,0,0,0,0,1,1,3,2,45,7,-1,-1,-1,-1,5,1,E01004076,0
Unvalidated,2024010493398,2024,010493398,1,3,0,99,9,9,99,9,9,99,9,99,1,1,2,1,34,6,-1,-1,-1,-1,1,1,E01002026,0
Unvalidated,2024010493398,2024,010493398,2,9,0,99,9,9,99,9,9,99,9,99,9,9,6,3,-1,-1,-1,-1,-1,-1,-1,-1,-1,0
Unvalidated,2024010493408,2024,010493408,1,19,0,99,9,9,99,9,9,99,9,99,2,9,1,1,32,6,-1,-1,-1,-1,5,1,E01033573,0
Unvalidated,2024010493408,2024,010493408,2,19,0,99,9,9,99,9,9,99,9,99,1,9,6,3,-1,-1,-1,-1,-1,-1,7,1,E01002121,0
Unvalidated,2024010493411,2024,010493411,1,3,0,99,9,9,99,2,9,99,9,99,9,1,6,1,28,6,-1,-1,-1,-1,6,1,E01001662,0
Unvalidated,2024010493411,2024,010493411,2,9,0,99,9,9,99,4,9,99,9,99,9,9,6,3,-1,-1,-1,-1,-1,-1,-1,-1,-1,0
Unvalidated,2024010493415,2024,010493415,1,19,0,9,3,1,0,2,0,0,0,0,3,1,2,1,30,6,-1,-1,-1,-1,3,1,E01003616,0
Unvalidated,2024010493418,2024,010493418,1,4,0,18,3,7,0,2,0,0,0,0,4,1,1,1,24,5,-1,-1,-1,-1,5,1,E01002584,0
Unvalidated,2024010493418,2024,010493418,2,9,0,5,3,7,0,2,0,0,0,0,3,1,1,1,31,6,-1,-1,-1,-1,3,1,E01002568,0
Unvalidated,2024010493425,2024,010493425,1,19,0,17,7,5,0,3,0,0,0,0,1,1,1,1,28,6,-1,-1,-1,-1,5,1,E01004644,0
Unvalidated,2024010493425,2024,010493425,2,1,0,18,1,5,0,4,0,0,0,0,3,1,2,1,25,5,-1,-1,-1,-1,3,1,E01000641,0
Unvalidated,2024010493436,2024,010493436,1,5,0,99,9,9,99,1,9,99,9,99,1,1,2,1,28,6,-1,-1,-1,-1,8,1,E01002868,0
Unvalidated,2024010493436,2024,010493436,2,9,0,99,9,9,99,6,9,99,9,99,1,9,6,2,-1,-1,-1,-1,-1,-1,-1,-1,-1,0
Unvalidated,2024010493438,2024,010493438,1,1,9,99,9,9,99,9,9,99,9,99,9,1,6,1,26,6,-1,-1,-1,-1,5,1,E01002119,0
Unvalidated,2024010493438,2024,010493438,2,9,0,99,9,9,99,9,9,99,9,99,9,9,6,3,-1,-1,-1,-1,-1,-1,-1,-1,-1,0
Unvalidated,2024010493439,2024,010493439,1,9,0,9,4,2,0,5,0,7,1,0,1,1,6,1,31,6,-1,-1,-1,-1,2,1,E01001591,0
Unvalidated,2024010493444,2024,010493444,1,19,0,18,7,3,0,0,0,0,0,0,1,1,1,1,58,9,-1,-1,-1,-1,1,1,E01004088,0
Unvalidated,2024010493444,2024,010493444,2,19,0,18,3,7,0,0,0,0,0,0,1,1,6,1,24,5,-1,-1,-1,-1,-1,-1,-1,0
Unvalidated,2024010493444,2024,010493444,3,9,0,18,7,3,0,0,0,0,0,0,4,1,2,1,43,7,-1,-1,-1,-1,2,1,E01004253,0
Unvalidated,2024010493445,2024,010493445,1,4,0,3,3,7,0,9,0,0,0,0,2,1,6,1,44,7,-1,-1,-1,-1,3,1,E01030744,0
Unvalidated,2024010493445,2024,010493445,2,9,0,99,9,9,0,9,9,0,0,0,1,9,6,3,-1,-1,-1,-1,-1,-1,-1,-1,-1,0
Unvalidated,2024010493448,2024,010493448,1,3,0,99,9,9,99,2,9,99,9,99,9,1,1,1,33,6,-1,-1,-1,-1,5,1,E01000911,0
Unvalidated,2024010493448,2024,010493448,2,3,0,99,9,9,99,1,9,99,9,99,9,1,6,3,-1,-1,-1,-1,-1,-1,-1,-1,-1,0
Unvalidated,2024010493452,2024,010493452,1,9,0,4,1,5,0,1,0,0,0,0,2,1,1,2,44,7,-1,-1,-1,-1,10,1,E01016407,0
Unvalidated,2024010493452,2024,010493452,2,19,0,18,1,5,0,1,1,0,0,0,1,1,1,1,29,6,-1,-1,-1,-1,9,1,E01004094,0
Unvalidated,2024010493452,2024,010493452,3,19,0,18,3,7,0,1,0,0,0,0,0,1,1,1,30,6,-1,-1,-1,-1,7,1,E01000675,0
Unvalidated,2024010493453,2024,010493453,1,9,9,18,5,1,99,9,9,99,9,99,9,9,6,1,28,6,-1,-1,-1,-1,8,1,E01000649,0
Unvalidated,2024010493455,2024,010493455,1,9,0,18,5,1,0,8,1,0,0,0,1,1,6,3,34,6,-1,-1,-1,-1,-1,-1,-1,0
Unvalidated,2024010493455,2024,010493455,2,9,0,18,3,7,0,1,0,0,7,2,4,1,6,1,36,7,-1,-1,-1,-1,2,1,E01000501,0
Unvalidated,2024010493456,2024,010493456,1,9,0,99,9,9,99,9,9,99,9,99,2,9,6,3,45,7,-1,-1,-1,-1,2,1,E01001576,0
Unvalidated,2024010493459,2024,010493459,1,9,0,5,3,7,0,1,0,0,0,0,1,1,6,1,70,10,-1,-1,-1,-1,9,1,E01001375,0
Unvalidated,2024010493459,2024,010493459,2,19,0,3,3,7,0,1,0,0,0,0,2,1,1,1,51,8,-1,-1,-1,-1,3,1,E01002402,0
Unvalidated,2024010493459,2024,010493459,3,19,0,3,3,7,0,1,0,0,0,0,1,1,1,1,-1,-1,-1,-1,-1,-1,-1,-1,-1,0
Unvalidated,2024010493463,2024,010493463,1,19,0,3,4,8,0,1,0,0,0,0,3,1,1,1,23,5,-1,-1,-1,-1,1,1,E01001364,0
Unvalidated,2024010493463,2024,010493463,2,90,0,18,3,7,0,1,0,0,0,0,1,1,6,2,17,4,-1,-1,-1,-1,2,1,E01004686,1
Unvalidated,2024010493467,2024,010493467,1,9,0,9,6,5,2,8,0,0,0,0,4,1,1,1,49,8,-1,-1,-1,-1,8,1,E01000649,0
Unvalidated,2024010493467,2024,010493467,2,8,0,18,7,3,2,8,0,0,0,0,3,1,1,1,45,7,-1,-1,-1,-1,-1,-1,-1,0
Unvalidated,2024010493468,2024,010493468,1,9,0,18,6,2,0,1,0,7,0,0,1,1,6,1,38,7,-1,-1,-1,-1,-1,-1,-1,0
Unvalidated,2024010493469,2024,010493469,1,97,0,99,9,9,99,0,9,99,9,99,9,9,6,3,-1,-1,-1,-1,-1,-1,-1,-1,-1,0
Unvalidated,2024010493471,2024,010493471,1,9,0,14,3,7,0,0,0,0,0,0,1,1,6,2,53,8,-1,-1,-1,-1,6,1,E01001138,0
Unvalidated,2024010493472,2024,010493472,1,11,0,9,3,1,0,7,0,0,0,0,0,1,6,3,-1,-1,-1,-1,-1,-1,1,1,E01003065,0
Unvalidated,2024010493475,2024,010493475,1,3,0,18,7,3,0,4,1,11,0,0,1,1,2,1,46,8,-1,-1,-1,-1,3,1,E01003915,0
Unvalidated,2024010493477,2024,010493477,1,9,0,99,9,9,99,0,9,99,9,99,9,9,6,2,52,8,-1,-1,-1,-1,2,1,E01002969,0
Unvalidated,2024010493477,2024,010493477,2,9,0,99,9,9,99,0,9,99,9,99,9,9,6,3,25,5,-1,-1,-1,-1,6,1,E01002957,0
Unvalidated,2024010493480,2024,010493480,1,20,0,5,0,7,0,8,0,0,0,0,3,1,1,1,57,9,-1,-1,-1,-1,6,1,E01030516,0
Unvalidated,2024010493481,2024,010493481,1,9,0,99,9,9,99,9,9,99,9,99,2,9,6,1,29,6,-1,-1,-1,-1,3,1,E01002595,0
Unvalidated,2024010493481,2024,010493481,2,9,0,99,9,9,99,9,9,99,9,99,9,9,6,3,-1,-1,-1,-1,-1,-1,7,1,E01002965,0
Unvalidated,2024010493481,2024,010493481,3,9,9,99,9,9,99,9,9,99,9,99,9,9,6,3,-1,-1,-1,-1,-1,-1,-1,-1,-1,0
Unvalidated,2024010493486,2024,010493486,1,9,0,4,7,3,0,1,0,0,1,7,3,1,2,1,49,8,-1,-1,-1,-1,3,1,E01004448,0
Unvalidated,2024010493487,2024,010493487,1,3,0,99,9,9,99,1,9,99,9,99,1,1,1,1,35,6,-1,-1,-1,-1,3,1,E01003430,0
Unvalidated,2024010493487,2024,010493487,2,9,0,99,9,9,99,6,9,99,9,99,9,9,6,3,-1,-1,-1,-1,-1,-1,-1,-1,-1,0
Unvalidated,2024010493489,2024,010493489,1,8,0,99,9,9,99,0,9,99,9,99,2,9,1,1,42,7,-1,-1,-1,-1,9,1,E01000775,0
Unvalidated,2024010493489,2024,010493489,2,9,0,99,9,9,99,0,9,99,9,99,2,9,6,3,-1,-1,-1,-1,-1,-1,3,1,E01001900,0
Unvalidated,2024010493493,2024,010493493,1,9,0,7,8,3,0,1,0,99,9,0,1,1,6,1,24,5,-1,-1,-1,-1,5,1,E01001782,0
Unvalidated,2024010493493,2024,010493493,2,1,0,18,5,1,0,1,9,99,9,99,2,1,4,2,11,3,-1,-1,-1,-1,3,1,E01033709,0
Unvalidated,2024010493494,2024,010493494,1,3,0,99,9,9,99,9,9,99,9,99,9,1,3,1,51,8,-1,-1,-1,-1,6,1,E01003434,0
Unvalidated,2024010493494,2024,010493494,2,9,0,99,9,9,99,9,9,99,9,99,0,9,6,3,-1,-1,-1,-1,-1,-1,2,1,E01003377,0
Unvalidated,2024010493498,2024,010493498,1,9,0,99,9,9,99,9,9,99,9,99,1,9,1,1,31,6,-1,-1,-1,-1,1,1,E01000524,0
Unvalidated,2024010493498,2024,010493498,2,3,0,99,9,9,99,9,9,99,9,99,1,1,6,3,22,5,-1,-1,-1,-1,2,1,E01000525,0
Unvalidated,2024010493500,2024,010493500,1,9,0,18,5,1,0,1,0,0,0,0,1,1,6,2,29,6,-1,-1,-1,-1,8,1,E01000896,0
Unvalidated,2024010493502,2024,010493502,1,9,0,18,3,7,0,2,0,0,0,0,4,1,2,1,44,7,-1,-1,-1,-1,5,1,E01000159,0
Unvalidated,2024010493503,2024,010493503,1,9,0,18,5,1,0,1,0,0,0,0,1,1,6,2,63,9,-1,-1,-1,-1,3,1,E01000022,0
Unvalidated,2024010493512,2024,010493512,1,9,0,9,1,7,0,6,0,0,0,0,1,2,6,1,29,6,-1,-1,-1,-1,3,1,E01000052,0
Unvalidated,2024010493517,2024,010493517,1,9,0,99,9,9,0,8,0,0,9,99,1,9,6,3,-1,-1,-1,-1,-1,-1,-1,-1,-1,0
Unvalidated,2024010493519,2024,010493519,1,3,0,9,2,8,0,1,0,0,0,0,2,1,1,1,26,6,-1,-1,-1,-1,-1,-1,-1,0
Unvalidated,2024010493519,2024,010493519,2,19,0,18,2,6,0,1,0,0,0,0,1,1,6,3,-1,-1,-1,-1,-1,-1,-1,-1,-1,0
Unvalidated,2024010493521,2024,010493521,1,9,0,99,9,9,0,0,9,99,9,99,2,9,2,1,38,7,-1,-1,-1,-1,7,1,E01021857,0
Unvalidated,2024010493521,2024,010493521,2,9,0,99,9,9,0,0,9,99,9,99,1,9,6,3,-1,-1,-1,-1,-1,-1,-1,-1,-1,0
Unvalidated,2024010493521,2024,010493521,3,9,0,99,9,9,0,0,9,99,9,99,1,9,6,3,-1,-1,-1,-1,-1,-1,-1,-1,-1,0
Unvalidated,2024010493522,2024,010493522,1,11,0,7,5,8,0,2,0,0,0,0,1,1,1,1,46,8,-1,-1,-1,-1,4,1,E01027189,0
Unvalidated,2024010493524,2024,010493524,1,9,0,99,9,9,99,9,9,99,9,99,9,9,6,3,-1,-1,-1,-1,-1,-1,-1,-1,-1,0
Unvalidated,2024010493527,2024,010493527,1,19,0,18,3,7,0,1,0,0,0,0,3,1,6,1,53,8,-1,-1,-1,-1,7,1,E01000704,0
Unvalidated,2024010493528,2024,010493528,1,9,0,3,7,3,0,8,0,0,1,10,1,1,2,1,50,8,-1,-1,-1,-1,7,1,E01003673,0
Unvalidated,2024010493529,2024,010493529,1,9,0,18,3,7,0,2,0,0,0,0,0,1,6,1,30,6,-1,-1,-1,-1,1,1,E01001798,0
Unvalidated,2024010493533,2024,010493533,1,8,0,9,1,6,0,1,1,0,0,0,1,1,1,1,62,9,-1,-1,-1,-1,4,1,E01032773,0
Unvalidated,2024010493533,2024,010493533,2,1,0,7,1,3,0,1,0,0,1,0,1,1,1,1,25,5,-1,-1,-1,-1,1,1,E01004214,0
Unvalidated,2024010493538,2024,010493538,1,9,0,18,7,3,0,0,1,0,0,0,2,1,6,1,49,8,-1,-1,-1,-1,3,1,E01001492,0
Unvalidated,2024010493538,2024,010493538,2,8,0,18,7,3,0,0,0,0,0,0,3,1,1,1,34,6,-1,-1,-1,-1,7,1,E01000340,0
Unvalidated,2024010493538,2024,010493538,3,9,0,18,7,3,0,0,0,0,0,0,2,1,6,1,39,7,-1,-1,-1,-1,1,1,E01004316,0
Unvalidated,2024010493538,2024,010493538,4,11,0,5,7,3,0,0,0,0,0,0,1,1,1,1,43,7,-1,-1,-1,-1,3,1,E01001203,0
Unvalidated,2024010493540,2024,010493540,1,9,0,5,7,3,0,0,0,0,0,0,1,1,6,1,37,7,-1,-1,-1,-1,3,1,E01001045,0
Unvalidated,2024010493541,2024,010493541,1,9,0,5,5,1,0,0,0,0,0,0,3,1,1,1,35,6,-1,-1,-1,-1,10,1,E01024718,0
Unvalidated,2024010493541,2024,010493541,2,90,0,18,5,1,0,0,0,0,0,0,0,1,6,1,58,9,-1,-1,-1,-1,1,1,E01001655,1
Unvalidated,2024010493543,2024,010493543,1,9,0,6,1,1,0,1,0,0,0,0,2,1,6,2,56,9,-1,-1,-1,-1,5,1,E01003262,0