status,collision_index,collision_year,collision_reference,vehicle_reference,vehicle_type,towing_and_articulation,vehicle_manoeuvre,vehicle_direction_from,vehicle_direction_to,vehicle_location_restricted_lane,junction_location,skidding_and_overturning,hit_object_in_carriageway,vehicle_leaving_carriageway,hit_object_off_carriageway,first_point_of_impact,vehicle_left_hand_drive,journey_purpose_of_driver,sex_of_driver,age_of_driver,age_band_of_driver,engine_capacity_cc,propulsion_code,age_of_vehicle,generic_make_model,driver_imd_decile,driver_home_area_type,lsoa_of_driver,escooter_flag
Unvalidated,2024010493543,2024,010493543,2,9,0,18,3,7,0,1,0,0,0,0,1,1,6,1,26,6,-1,-1,-1,-1,-1,-1,-1,0
Unvalidated,2024010493545,2024,010493545,1,9,0,99,9,9,99,9,9,99,9,99,9,9,6,1,32,6,-1,-1,-1,-1,3,1,E01001000,0
Unvalidated,2024010493545,2024,010493545,2,97,9,99,9,9,99,9,9,99,9,99,9,1,6,3,-1,-1,-1,-1,-1,-1,-1,-1,-1,0
Unvalidated,2024010493549,2024,010493549,1,9,0,18,1,5,0,1,0,0,0,0,0,1,6,1,46,8,-1,-1,-1,-1,2,1,E01010047,0
Unvalidated,2024010493549,2024,010493549,2,9,0,18,5,1,0,1,0,0,0,0,0,1,6,1,62,9,-1,-1,-1,-1,5,1,E01000454,0
Unvalidated,2024010493549,2024,010493549,3,9,0,2,0,0,0,2,0,0,0,0,0,1,6,3,-1,-1,-1,-1,-1,-1,-1,-1,-1,0
Unvalidated,2024010493549,2024,010493549,4,19,0,2,0,0,0,2,0,0,0,0,0,1,6,3,-1,-1,-1,-1,-1,-1,-1,-1,-1,0
Unvalidated,2024010493549,2024,010493549,5,9,0,2,0,0,0,2,0,0,0,0,0,1,6,3,-1,-1,-1,-1,-1,-1,-1,-1,-1,0
Unvalidated,2024010493550,2024,010493550,1,9,0,5,1,5,0,1,0,0,0,0,1,1,2,1,22,5,-1,-1,-1,-1,5,1,E01001232,0
Unvalidated,2024010493566,2024,010493566,1,2,0,99,9,9,99,0,9,99,9,99,1,1,6,3,-1,-1,-1,-1,-1,-1,-1,-1,-1,0
Unvalidated,2024010493571,2024,010493571,1,9,0,99,9,9,99,0,9,99,9,99,9,1,6,3,-1,-1,-1,-1,-1,-1,-1,-1,-1,0
Unvalidated,2024010493572,2024,010493572,1,9,0,99,9,9,99,9,9,99,9,99,2,9,6,1,48,8,-1,-1,-1,-1,4,1,E01001463,0
Unvalidated,2024010493572,2024,010493572,2,9,0,99,9,9,0,1,0,0,0,0,2,1,6,2,-1,-1,-1,-1,-1,-1,-1,-1,-1,0
Unvalidated,2024010493573,2024,010493573,1,9,0,18,7,3,0,2,0,4,7,2,1,1,6,1,31,6,-1,-1,-1,-1,7,1,E01033093,0
Unvalidated,2024010493573,2024,010493573,2,9,0,2,0,0,0,2,0,0,0,0,1,1,6,3,-1,-1,-1,-1,-1,-1,-1,-1,-1,0
Unvalidated,2024010493575,2024,010493575,1,9,0,9,5,3,0,1,0,0,0,0,3,1,2,1,23,5,-1,-1,-1,-1,1,1,E01001330,0
Unvalidated,2024010493575,2024,010493575,2,1,0,7,7,1,0,1,0,0,0,0,1,1,6,1,26,6,-1,-1,-1,-1,4,1,E01002224,0
Unvalidated,2024010493577,2024,010493577,1,9,0,18,7,3,0,0,5,0,0,0,1,1,6,1,22,5,-1,-1,-1,-1,7,1,E01033133,0
Unvalidated,2024010493582,2024,010493582,1,9,0,18,5,1,0,4,0,0,0,0,1,1,6,1,-1,-1,-1,-1,-1,-1,8,1,E01016138,0
Unvalidated,2024010493582,2024,010493582,2,3,0,18,3,7,0,8,5,0,0,0,4,1,2,1,40,7,-1,-1,-1,-1,3,1,E01024149,0
Unvalidated,2024010493584,2024,010493584,1,1,9,18,9,9,99,9,9,99,9,99,1,1,2,1,54,8,-1,-1,-1,-1,10,1,E01030447,0
Unvalidated,2024010493584,2024,010493584,2,9,0,7,9,9,99,9,9,99,9,99,9,9,6,3,-1,-1,-1,-1,-1,-1,-1,-1,-1,0
Unvalidated,2024010493588,2024,010493588,1,9,0,9,7,4,0,8,0,0,0,0,1,1,3,2,43,7,-1,-1,-1,-1,2,1,E01000086,0
Unvalidated,2024010493588,2024,010493588,2,1,0,7,5,6,0,8,0,0,0,0,1,1,2,2,29,6,-1,-1,-1,-1,3,1,E01000024,0
Unvalidated,2024010493591,2024,010493591,1,9,0,18,1,5,0,0,0,0,0,0,1,1,6,1,58,9,-1,-1,-1,-1,2,1,E01001051,0
Unvalidated,2024010493596,2024,010493596,1,9,0,9,7,4,0,1,0,0,0,0,3,1,2,2,57,9,-1,-1,-1,-1,2,1,E01001577,0
Unvalidated,2024010493599,2024,010493599,1,1,9,99,9,9,99,0,9,8,9,99,9,1,3,2,46,8,-1,-1,-1,-1,6,1,E01003107,0
Unvalidated,2024010493599,2024,010493599,2,9,0,99,9,9,99,0,9,99,9,99,9,9,6,3,-1,-1,-1,-1,-1,-1,5,1,E01002882,0
Unvalidated,2024010493600,2024,010493600,1,3,0,99,9,9,99,9,9,99,9,99,1,1,1,3,24,5,-1,-1,-1,-1,3,1,E01003146,0
Unvalidated,2024010493600,2024,010493600,2,9,0,99,9,9,99,9,9,99,9,99,9,9,6,3,-1,-1,-1,-1,-1,-1,-1,-1,-1,0
Unvalidated,2024010493602,2024,010493602,1,1,9,99,9,9,99,9,9,99,9,99,9,1,2,1,33,6,-1,-1,-1,-1,10,1,E01023604,0
Unvalidated,2024010493602,2024,010493602,2,9,0,99,9,9,99,9,9,99,9,99,1,9,6,1,42,7,-1,-1,-1,-1,5,1,E01000239,0
Unvalidated,2024010493603,2024,010493603,1,19,0,18,4,8,0,4,0,0,0,0,1,1,2,1,28,6,-1,-1,-1,-1,4,1,E01030608,0
Unvalidated,2024010493603,2024,010493603,2,1,0,18,3,7,0,4,0,0,0,0,1,1,2,2,30,6,-1,-1,-1,-1,2,1,E01033707,0
Unvalidated,2024010493611,2024,010493611,1,11,0,5,7,3,0,2,0,0,0,0,0,1,1,1,65,9,-1,-1,-1,-1,2,1,E01003783,0
Unvalidated,2024010493615,2024,010493615,1,9,0,99,9,9,99,9,9,99,9,99,1,9,6,1,52,8,-1,-1,-1,-1,9,1,E01001379,0
Unvalidated,2024010493616,2024,010493616,1,9,0,9,8,6,0,8,0,0,0,0,3,1,1,1,41,7,-1,-1,-1,-1,9,1,E01003363,0
Unvalidated,2024010493617,2024,010493617,1,8,0,99,9,9,99,9,9,99,9,99,9,9,1,2,48,8,-1,-1,-1,-1,4,1,E01001329,0
Unvalidated,2024010493617,2024,010493617,2,19,9,99,9,9,99,9,9,99,9,99,9,9,6,3,56,9,-1,-1,-1,-1,8,2,E01024053,0
Unvalidated,2024010493622,2024,010493622,1,9,0,99,9,9,0,0,0,0,0,0,9,1,6,3,44,7,-1,-1,-1,-1,2,1,E01000060,0
Unvalidated,2024010493627,2024,010493627,1,9,0,99,9,9,99,9,9,99,9,99,1,9,6,3,-1,-1,-1,-1,-1,-1,10,1,E01003797,0
Unvalidated,2024010493629,2024,010493629,1,1,9,99,4,8,99,9,9,99,9,99,1,1,6,3,-1,-1,-1,-1,-1,-1,5,1,E01003946,0
Unvalidated,2024010493629,2024,010493629,2,1,9,99,8,4,99,9,9,99,9,99,1,1,6,1,-1,-1,-1,-1,-1,-1,4,1,E01004027,0
Unvalidated,2024010493631,2024,010493631,1,3,0,99,9,9,99,9,9,99,9,99,2,1,1,1,24,5,-1,-1,-1,-1,8,3,E01028647,0
Unvalidated,2024010493631,2024,010493631,2,9,0,99,9,9,99,9,9,99,9,99,1,9,6,3,-1,-1,-1,-1,-1,-1,6,1,E01002335,0
Unvalidated,2024010493633,2024,010493633,1,3,0,99,9,9,99,9,9,99,9,99,9,1,2,1,31,6,-1,-1,-1,-1,3,1,E01001502,0
Unvalidated,2024010493633,2024,010493633,2,9,0,99,9,9,99,9,9,99,9,99,9,9,6,3,-1,-1,-1,-1,-1,-1,-1,-1,-1,0
Unvalidated,2024010493636,2024,010493636,1,9,0,18,1,5,0,4,0,0,0,0,1,1,6,1,34,6,-1,-1,-1,-1,5,1,E01002635,0
Unvalidated,2024010493636,2024,010493636,2,8,0,18,8,4,0,8,0,0,0,0,1,1,1,1,61,9,-1,-1,-1,-1,4,1,E01004417,0
Unvalidated,2024010493639,2024,010493639,1,9,0,99,9,9,99,9,9,99,9,99,9,9,6,2,35,6,-1,-1,-1,-1,2,1,E01004409,0
Unvalidated,2024010493639,2024,010493639,2,9,0,99,9,9,99,9,9,99,9,99,9,9,6,3,-1,-1,-1,-1,-1,-1,-1,-1,-1,0
Unvalidated,2024010493643,2024,010493643,1,9,0,18,1,5,0,1,0,0,0,0,0,1,3,2,42,7,-1,-1,-1,-1,9,1,E01002983,0
Unvalidated,2024010493643,2024,010493643,2,19,0,18,1,5,0,1,0,0,0,0,0,1,6,1,23,5,-1,-1,-1,-1,9,1,E01002916,0
Unvalidated,2024010493647,2024,010493647,1,9,0,3,8,4,0,0,0,0,0,0,1,1,6,1,40,7,-1,-1,-1,-1,10,1,E01000263,0
Unvalidated,2024010493647,2024,010493647,2,3,0,18,8,4,0,0,0,0,0,0,1,1,6,1,31,6,-1,-1,-1,-1,5,1,E01000146,0
Unvalidated,2024010493652,2024,010493652,1,9,0,9,5,2,0,5,0,0,0,0,1,1,6,1,23,5,-1,-1,-1,-1,7,1,E01000236,0
Unvalidated,2024010493654,2024,010493654,1,9,0,99,9,9,99,9,9,99,9,99,9,9,6,1,60,9,-1,-1,-1,-1,3,1,E01002403,0
Unvalidated,2024010493654,2024,010493654,2,9,0,99,9,9,99,9,9,99,9,99,9,9,6,3,-1,-1,-1,-1,-1,-1,-1,-1,-1,0
Unvalidated,2024010493656,2024,010493656,1,5,0,99,9,9,99,9,9,99,9,99,0,1,2,1,39,7,-1,-1,-1,-1,9,1,E01030785,0
Unvalidated,2024010493656,2024,010493656,2,9,0,99,9,9,99,9,9,99,9,99,9,9,6,2,-1,-1,-1,-1,-1,-1,-1,-1,-1,0
Unvalidated,2024010493657,2024,010493657,1,9,0,4,5,1,0,0,0,0,0,0,2,9,6,1,46,8,-1,-1,-1,-1,8,1,E01004158,0
Unvalidated,2024010493657,2024,010493657,2,20,0,18,5,1,0,0,0,0,0,0,1,9,6,1,-1,-1,-1,-1,-1,-1,2,1,E01001143,0
Unvalidated,2024010493663,2024,010493663,1,9,9,99,9,9,99,9,9,99,9,99,9,9,6,3,-1,-1,-1,-1,-1,-1,-1,-1,-1,0
Unvalidated,2024010493665,2024,010493665,1,11,0,18,7,3,0,0,0,0,0,0,1,1,1,2,55,8,-1,-1,-1,-1,3,1,E01002308,0
Unvalidated,2024010493665,2024,010493665,2,9,0,18,3,7,0,0,0,0,0,0,1,1,6,1,58,9,-1,-1,-1,-1,3,1,E01000035,0
Unvalidated,2024010493667,2024,010493667,1,3,0,99,9,9,99,0,9,99,9,99,1,1,1,1,27,6,-1,-1,-1,-1,3,1,E01002756,0
Unvalidated,2024010493667,2024,010493667,2,19,0,99,9,9,99,0,9,99,9,99,9,9,6,3,-1,-1,-1,-1,-1,-1,-1,-1,-1,0
Unvalidated,2024010493669,2024,010493669,1,19,9,99,9,9,99,9,9,99,9,99,9,9,6,3,-1,-1,-1,-1,-1,-1,-1,-1,-1,0
Unvalidated,2024010493672,2024,010493672,1,11,0,5,5,1,0,4,0,99,0,0,3,1,1,1,38,7,-1,-1,-1,-1,-1,-1,-1,0
Unvalidated,2024010493672,2024,010493672,2,90,9,5,5,1,0,4,0,99,0,0,4,9,1,1,-1,-1,-1,-1,-1,-1,6,1,E01013302,0
Unvalidated,2024010493673,2024,010493673,1,9,0,18,3,7,0,8,0,0,0,0,3,1,1,1,44,7,-1,-1,-1,-1,6,1,E01000329,0
Unvalidated,2024010493673,2024,010493673,2,8,0,2,0,0,0,8,0,0,0,0,4,1,6,3,-1,-1,-1,-1,-1,-1,-1,-1,-1,0
Unvalidated,2024010493677,2024,010493677,1,9,0,18,3,7,0,0,0,0,0,0,0,1,6,1,34,6,-1,-1,-1,-1,2,1,E01033588,0
Unvalidated,2024010493677,2024,010493677,2,9,0,18,3,7,0,0,0,0,0,0,2,1,6,1,28,6,-1,-1,-1,-1,2,1,E01000097,0
Unvalidated,2024010493679,2024,010493679,1,3,0,99,9,9,99,9,9,99,9,99,1,1,2,1,26,6,-1,-1,-1,-1,4,1,E01023337,0
Unvalidated,2024010493679,2024,010493679,2,9,0,99,9,9,99,9,9,99,9,99,1,9,6,1,41,7,-1,-1,-1,-1,2,1,E01003528,0
Unvalidated,2024010493683,2024,010493683,1,9,0,99,9,9,99,9,9,99,9,99,9,9,6,1,58,9,-1,-1,-1,-1,8,1,E01004171,0
Unvalidated,2024010493683,2024,010493683,2,9,0,99,9,9,99,9,9,99,9,99,1,9,6,3,-1,-1,-1,-1,-1,-1,2,1,E01001010,0
Unvalidated,2024010493684,2024,010493684,1,9,0,5,5,1,0,6,0,0,0,0,1,1,6,2,50,8,-1,-1,-1,-1,4,1,E01000378,0
Unvalidated,2024010493684,2024,010493684,2,4,0,13,8,4,0,1,0,0,0,0,1,1,6,1,29,6,-1,-1,-1,-1,5,1,E01000360,0
Unvalidated,2024010493687,2024,010493687,1,8,0,1,9,9,99,0,9,99,9,99,2,9,6,3,-1,-1,-1,-1,-1,-1,-1,-1,-1,0
Unvalidated,2024010493691,2024,010493691,1,9,0,1,5,1,0,1,0,0,0,0,2,1,6,3,-1,-1,-1,-1,-1,-1,-1,-1,-1,0
Unvalidated,2024010493693,2024,010493693,1,19,0,13,5,1,0,2,0,4,0,0,4,1,6,1,67,10,-1,-1,-1,-1,2,1,E01003298,0
Unvalidated,2024010493693,2024,010493693,2,1,0,18,5,1,0,2,0,0,1,0,2,1,6,1,23,5,-1,-1,-1,-1,5,1,E01003307,0
Unvalidated,2024010493694,2024,010493694,1,9,0,18,1,5,0,0,0,0,0,0,1,1,6,1,26,6,-1,-1,-1,-1,2,1,E01000100,0
Unvalidated,2024010493694,2024,010493694,2,9,0,18,1,5,0,0,0,0,0,0,0,1,1,1,23,5,-1,-1,-1,-1,4,1,E01003666,0
Unvalidated,2024010493694,2024,010493694,3,9,0,18,1,5,0,0,0,0,0,0,0,1,1,1,23,5,-1,-1,-1,-1,4,1,E01003666,0
Unvalidated,2024010493694,2024,010493694,4,9,0,18,5,1,0,0,0,0,0,0,1,1,6,2,45,7,-1,-1,-1,-1,2,1,E01000102,0
Unvalidated,2024010493694,2024,010493694,5,19,0,18,1,5,0,0,0,0,0,0,4,1,6,1,24,5,-1,-1,-1,-1,-1,-1,-1,0
Unvalidated,2024010493694,2024,010493694,6,9,0,18,1,5,0,0,0,0,0,0,3,1,6,1,23,5,-1,-1,-1,-1,1,1,E01004285,0
Unvalidated,2024010493694,2024,010493694,7,19,0,2,0,0,0,0,0,0,0,0,3,1,6,3,-1,-1,-1,-1,-1,-1,-1,-1,-1,0
Unvalidated,2024010493694,2024,010493694,8,9,0,2,0,0,0,0,0,0,0,0,1,1,6,3,-1,-1,-1,-1,-1,-1,-1,-1,-1,0
Unvalidated,2024010493694,2024,010493694,9,9,0,2,0,0,0,0,0,0,0,0,3,1,6,3,-1,-1,-1,-1,-1,-1,-1,-1,-1,0
Unvalidated,2024010493696,2024,010493696,1,9,0,7,5,7,0,3,0,0,0,0,1,1,2,1,34,6,-1,-1,-1,-1,4,1,E01003683,0
Unvalidated,2024010493696,2024,010493696,2,3,0,4,7,3,0,4,0,0,0,0,0,1,6,1,26,6,-1,-1,-1,-1,3,1,E01000024,0
Unvalidated,2024010493697,2024,010493697,1,3,0,99,9,9,99,9,9,99,9,99,9,1,6,2,37,7,-1,-1,-1,-1,5,1,E01004494,0
Unvalidated,2024010493697,2024,010493697,2,9,0,99,9,9,99,9,9,99,9,99,9,9,6,3,-1,-1,-1,-1,-1,-1,-1,-1,-1,0
Unvalidated,2024010493699,2024,010493699,1,3,0,99,9,9,99,0,9,99,9,99,9,1,1,3,23,5,-1,-1,-1,-1,6,1,E01003149,0
Unvalidated,2024010493699,2024,010493699,2,9,9,99,9,9,99,0,9,99,9,99,9,9,6,3,-1,-1,-1,-1,-1,-1,-1,-1,-1,0
Unvalidated,2024010493702,2024,010493702,1,9,0,18,3,7,0,8,0,0,0,0,1,1,6,2,38,7,-1,-1,-1,-1,2,1,E01002493,0
Unvalidated,2024010493702,2024,010493702,2,9,0,7,5,8,0,2,0,0,0,0,1,2,6,2,48,8,-1,-1,-1,-1,2,1,E01002493,0
Unvalidated,2024010493704,2024,010493704,1,3,0,13,5,1,0,1,0,0,0,0,1,1,6,1,54,8,-1,-1,-1,-1,7,1,E01002060,0
Unvalidated,2024010493704,2024,010493704,2,9,0,14,5,1,0,1,0,0,0,0,3,1,6,2,47,8,-1,-1,-1,-1,8,1,E01000120,0
Unvalidated,2024010493708,2024,010493708,1,11,0,18,1,5,0,4,0,0,0,0,0,1,1,2,34,6,-1,-1,-1,-1,6,1,E01002169,0
Unvalidated,2024010493708,2024,010493708,2,20,0,18,8,4,0,4,0,0,0,0,0,1,1,1,60,9,-1,-1,-1,-1,2,1,E01001414,0
Unvalidated,2024010493711,2024,010493711,1,9,0,18,1,5,0,1,0,0,0,0,1,1,6,1,46,8,-1,-1,-1,-1,6,1,E01000541,0
Unvalidated,2024010493711,2024,010493711,2,9,0,18,7,3,0,6,0,0,0,0,4,1,6,1,67,10,-1,-1,-1,-1,7,1,E01032577,0
Unvalidated,2024010493713,2024,010493713,1,9,0,18,4,8,9,1,5,7,1,0,1,1,6,1,45,7,-1,-1,-1,-1,7,1,E01002161,0
Unvalidated,2024010493714,2024,010493714,1,9,0,99,9,9,99,9,9,99,9,99,9,9,2,1,22,5,-1,-1,-1,-1,3,1,E01003525,0
Unvalidated,2024010493714,2024,010493714,2,8,0,99,9,9,99,9,9,99,9,99,2,9,6,1,65,9,-1,-1,-1,-1,2,1,E01003499,0
Unvalidated,2024010493716,2024,010493716,1,8,0,5,0,1,6,6,0,0,0,0,4,2,6,1,51,8,-1,-1,-1,-1,3,1,E01003548,0
Unvalidated,2024010493716,2024,010493716,2,9,0,3,3,7,0,1,0,0,0,0,3,1,2,2,47,8,-1,-1,-1,-1,1,1,E01004334,0
Unvalidated,2024010493719,2024,010493719,1,9,0,9,3,1,0,2,0,0,0,0,1,1,6,1,33,6,-1,-1,-1,-1,3,1,E01003569,0
Unvalidated,2024010493719,2024,010493719,2,3,0,7,7,1,0,2,0,0,0,0,2,1,1,1,27,6,-1,-1,-1,-1,-1,-1,-1,0
Unvalidated,2024010493721,2024,010493721,1,11,0,18,2,6,0,8,0,0,0,0,4,1,1,1,43,7,-1,-1,-1,-1,5,1,E01003262,0
Unvalidated,2024010493721,2024,010493721,2,3,0,4,3,7,0,8,0,0,0,0,1,1,6,1,21,5,-1,-1,-1,-1,1,1,E01003246,0
Unvalidated,2024010493724,2024,010493724,1,8,0,18,4,8,0,0,0,0,0,0,4,1,1,1,55,8,-1,-1,-1,-1,5,3,E01002948,0
Unvalidated,2024010493724,2024,010493724,2,1,0,18,4,8,0,0,0,0,1,0,2,1,2,1,35,6,-1,-1,-1,-1,2,1,E01002545,0
Unvalidated,2024010493727,2024,010493727,1,3,0,13,3,7,0,1,0,4,0,0,1,1,6,1,35,6,-1,-1,-1,-1,10,1,E01000666,0
Unvalidated,2024010493727,2024,010493727,2,9,0,10,5,2,0,2,0,0,0,0,1,1,3,1,42,7,-1,-1,-1,-1,8,1,E01000671,0
Unvalidated,2024010493728,2024,010493728,1,3,0,9,7,5,0,8,0,0,0,0,4,1,6,1,33,6,-1,-1,-1,-1,-1,-1,-1,0
Unvalidated,2024010493728,2024,010493728,2,9,0,18,1,5,0,4,0,0,0,0,1,1,6,2,84,11,-1,-1,-1,-1,-1,-1,-1,0
Unvalidated,2024010493729,2024,010493729,1,9,0,9,7,5,0,5,0,0,0,0,1,1,6,1,34,6,-1,-1,-1,-1,6,1,E01023539,0
Unvalidated,2024010493729,2024,010493729,2,3,0,18,3,7,0,1,0,0,0,0,1,1,1,1,32,6,-1,-1,-1,-1,4,1,E01001435,0
Unvalidated,2024010493731,2024,010493731,1,3,0,3,5,1,0,2,0,0,0,0,2,1,2,1,47,8,-1,-1,-1,-1,5,1,E01000322,0
Unvalidated,2024010493731,2024,010493731,2,9,0,3,5,1,0,2,0,0,0,0,1,1,2,2,28,6,-1,-1,-1,-1,2,1,E01002879,0
Unvalidated,2024010493731,2024,010493731,3,9,0,15,5,1,0,2,0,0,0,0,1,1,1,1,33,6,-1,-1,-1,-1,2,1,E01000626,0
Unvalidated,2024010493732,2024,010493732,1,9,0,3,5,1,0,0,0,0,0,0,3,1,6,2,42,7,-1,-1,-1,-1,4,1,E01001323,0
Unvalidated,2024010493732,2024,010493732,2,90,0,18,5,1,0,0,0,0,0,0,1,1,2,1,30,6,-1,-1,-1,-1,4,1,E01002631,1
Unvalidated,2024010493733,2024,010493733,1,19,0,18,5,1,0,0,0,0,0,0,1,1,1,1,57,9,-1,-1,-1,-1,3,1,E01000630,0
Unvalidated,2024010493736,2024,010493736,1,9,0,99,9,9,99,9,9,99,9,99,9,9,6,2,40,7,-1,-1,-1,-1,1,1,E01033456,0
Unvalidated,2024010493736,2024,010493736,2,1,9,99,9,9,99,9,9,99,9,99,9,1,6,3,-1,-1,-1,-1,-1,-1,-1,-1,-1,0
Unvalidated,2024010493739,2024,010493739,1,9,0,99,9,9,99,9,9,99,9,99,2,9,6,2,42,7,-1,-1,-1,-1,5,1,E01000564,0
Unvalidated,2024010493739,2024,010493739,2,11,9,9,5,2,0,9,0,0,0,0,2,1,6,3,-1,-1,-1,-1,-1,-1,-1,-1,-1,0
Unvalidated,2024010493747,2024,010493747,1,3,0,18,3,7,0,0,0,0,0,0,1,1,1,1,50,8,-1,-1,-1,-1,1,1,W01001481,0
Unvalidated,2024010493752,2024,010493752,1,9,0,4,1,5,0,2,0,0,0,0,1,1,6,1,40,7,-1,-1,-1,-1,4,1,E01000570,0
Unvalidated,2024010493752,2024,010493752,2,3,0,4,1,5,0,1,0,0,0,0,1,1,2,1,27,6,-1,-1,-1,-1,-1,-1,-1,0
Unvalidated,2024010493756,2024,010493756,1,9,0,99,9,9,99,9,9,99,9,99,2,9,6,1,26,6,-1,-1,-1,-1,9,1,E01002192,0
Unvalidated,2024010493764,2024,010493764,1,9,0,99,9,9,99,9,9,99,9,99,2,9,6,1,41,7,-1,-1,-1,-1,4,1,E01001225,0
Unvalidated,2024010493764,2024,010493764,2,9,0,14,5,1,0,1,9,99,0,0,1,9,6,3,-1,-1,-1,-1,-1,-1,-1,-1,-1,0
Unvalidated,2024010493765,2024,010493765,1,8,0,99,9,9,99,9,9,99,9,99,2,9,2,1,60,9,-1,-1,-1,-1,3,1,E01004183,0
Unvalidated,2024010493765,2024,010493765,2,19,0,99,9,9,99,9,9,99,9,99,1,9,6,3,-1,-1,-1,-1,-1,-1,5,1,E01004522,0
Unvalidated,2024010493765,2024,010493765,3,9,0,99,9,9,99,9,9,99,9,99,2,9,6,3,-1,-1,-1,-1,-1,-1,-1,-1,-1,0
Unvalidated,2024010493765,2024,010493765,4,9,0,99,9,9,99,9,9,99,9,99,2,9,6,3,-1,-1,-1,-1,-1,-1,-1,-1,-1,0
Unvalidated,2024010493766,2024,010493766,1,9,0,18,8,4,0,0,0,0,0,0,3,1,6,1,40,7,-1,-1,-1,-1,-1,-1,-1,0
Unvalidated,2024010493766,2024,010493766,2,9,0,18,8,4,0,0,0,0,0,0,1,1,6,3,-1,-1,-1,-1,-1,-1,-1,-1,-1,0
Unvalidated,2024010493767,2024,010493767,1,9,0,9,7,6,0,1,0,0,0,0,1,1,6,2,48,8,-1,-1,-1,-1,2,1,E01004003,0
Unvalidated,2024010493767,2024,010493767,2,11,0,3,3,7,0,1,0,0,0,0,1,1,1,2,52,8,-1,-1,-1,-1,2,1,E01004537,0
Unvalidated,2024010493768,2024,010493768,1,9,0,10,5,3,0,1,0,0,0,0,1,1,6,1,22,5,-1,-1,-1,-1,-1,-1,-1,0
Unvalidated,2024010493768,2024,010493768,2,5,0,10,5,3,0,1,0,0,0,0,2,1,6,1,56,9,-1,-1,-1,-1,-1,-1,-1,0
Unvalidated,2024010493773,2024,010493773,1,9,0,18,3,7,0,0,0,0,1,11,3,1,2,1,36,7,-1,-1,-1,-1,5,1,E01003772,0
Unvalidated,2024010493773,2024,010493773,2,21,1,11,7,3,0,0,0,0,0,0,4,1,1,1,50,8,-1,-1,-1,-1,3,1,E01021303,0
Unvalidated,2024010493775,2024,010493775,1,9,0,18,5,1,0,1,0,0,0,0,0,1,1,1,34,6,-1,-1,-1,-1,6,1,E01003013,0
Unvalidated,2024010493775,2024,010493775,2,9,0,18,5,1,9,1,0,4,1,11,4,1,6,1,19,4,-1,-1,-1,-1,1,1,E01003291,0
Unvalidated,2024010493775,2024,010493775,3,19,0,2,0,0,0,1,0,0,1,0,3,1,6,3,-1,-1,-1,-1,-1,-1,-1,-1,-1,0
Unvalidated,2024010493776,2024,010493776,1,2,0,99,9,9,99,9,9,99,9,99,9,1,2,1,48,8,-1,-1,-1,-1,2,1,E01003125,0
Unvalidated,2024010493776,2024,010493776,2,9,0,99,9,9,99,9,9,99,9,99,9,1,6,3,-1,-1,-1,-1,-1,-1,-1,-1,-1,0
Unvalidated,2024010493776,2024,010493776,3,9,0,99,9,9,0,9,0,99,0,0,9,1,6,2,22,5,-1,-1,-1,-1,4,1,E01000997,0
Unvalidated,2024010493779,2024,010493779,1,9,0,99,9,9,99,9,9,99,9,99,2,9,6,1,26,6,-1,-1,-1,-1,9,1,E01030712,0
Unvalidated,2024010493779,2024,010493779,2,9,9,18,3,7,99,9,9,99,9,99,9,9,6,1,23,5,-1,-1,-1,-1,2,1,E01000533,0
Unvalidated,2024010493781,2024,010493781,1,9,0,18,2,6,0,8,0,0,0,0,1,1,6,2,38,7,-1,-1,-1,-1,7,1,E01002187,0
Unvalidated,2024010493781,2024,010493781,2,9,0,18,4,8,0,8,0,0,3,11,1,1,6,3,-1,-1,-1,-1,-1,-1,-1,-1,-1,0
Unvalidated,2024010493787,2024,010493787,1,9,0,7,7,1,0,5,0,0,0,0,4,1,1,1,34,6,-1,-1,-1,-1,6,1,E01003437,0
Unvalidated,2024010493787,2024,010493787,2,9,0,18,7,3,0,1,0,0,0,0,1,1,6,1,-1,-1,-1,-1,-1,-1,-1,-1,-1,0
Unvalidated,2024010493788,2024,010493788,1,3,0,99,9,9,99,9,9,99,9,99,9,1,1,3,32,6,-1,-1,-1,-1,4,1,E01001484,0
Unvalidated,2024010493788,2024,010493788,2,9,0,99,9,9,99,9,9,99,9,99,1,9,6,3,-1,-1,-1,-1,-1,-1,-1,-1,-1,0
Unvalidated,2024010493791,2024,010493791,1,90,0,99,9,9,99,9,9,99,9,99,1,9,1,1,27,6,-1,-1,-1,-1,6,1,E01003694,0
Unvalidated,2024010493791,2024,010493791,2,9,0,99,9,9,99,9,9,99,9,99,1,9,6,3,49,8,-1,-1,-1,-1,-1,-1,-1,0
Unvalidated,2024010493792,2024,010493792,1,9,0,99,9,9,0,1,0,0,0,0,1,1,6,3,-1,-1,-1,-1,-1,-1,-1,-1,-1,0
Unvalidated,2024010493793,2024,010493793,1,90,9,99,9,9,99,9,9,99,0,0,9,9,6,3,-1,-1,-1,-1,-1,-1,-1,-1,-1,1
Unvalidated,2024010493794,2024,010493794,1,1,9,99,9,9,99,9,9,99,9,99,9,1,6,2,41,7,-1,-1,-1,-1,4,1,E01003212,0