status,collision_index,collision_year,collision_reference,vehicle_reference,vehicle_type,towing_and_articulation,vehicle_manoeuvre,vehicle_direction_from,vehicle_direction_to,vehicle_location_restricted_lane,junction_location,skidding_and_overturning,hit_object_in_carriageway,vehicle_leaving_carriageway,hit_object_off_carriageway,first_point_of_impact,vehicle_left_hand_drive,journey_purpose_of_driver,sex_of_driver,age_of_driver,age_band_of_driver,engine_capacity_cc,propulsion_code,age_of_vehicle,generic_make_model,driver_imd_decile,driver_home_area_type,lsoa_of_driver,escooter_flag
Unvalidated,2024010493794,2024,010493794,2,9,0,99,9,9,99,9,9,99,9,99,1,9,6,3,25,5,-1,-1,-1,-1,2,1,E01003988,0
Unvalidated,2024010493801,2024,010493801,1,9,0,18,8,4,0,0,0,4,0,0,4,1,6,1,57,9,-1,-1,-1,-1,4,1,E01003329,0
Unvalidated,2024010493801,2024,010493801,2,9,0,2,0,0,0,0,0,0,0,0,3,1,6,3,-1,-1,-1,-1,-1,-1,-1,-1,-1,0
Unvalidated,2024010493801,2024,010493801,3,9,0,2,0,0,0,0,0,0,0,0,2,1,6,3,-1,-1,-1,-1,-1,-1,-1,-1,-1,0
Unvalidated,2024010493802,2024,010493802,1,9,0,9,7,5,0,6,0,0,0,0,1,1,6,1,32,6,-1,-1,-1,-1,3,1,E01001819,0
Unvalidated,2024010493821,2024,010493821,1,9,0,99,9,9,99,0,9,99,9,99,9,9,6,1,33,6,-1,-1,-1,-1,8,1,E01030734,0
Unvalidated,2024010493821,2024,010493821,2,9,0,99,9,9,99,0,9,99,9,99,1,9,6,3,-1,-1,-1,-1,-1,-1,6,1,E01002628,0
Unvalidated,2024010493829,2024,010493829,1,9,0,18,5,1,0,4,0,0,0,0,1,1,6,2,29,6,-1,-1,-1,-1,10,1,E01000811,0
Unvalidated,2024010493829,2024,010493829,2,9,0,5,5,1,0,4,0,0,0,0,1,1,6,1,49,8,-1,-1,-1,-1,-1,-1,-1,0
Unvalidated,2024010493832,2024,010493832,1,9,9,99,9,9,99,9,9,99,9,99,9,1,6,3,-1,-1,-1,-1,-1,-1,-1,-1,-1,0
Unvalidated,2024010493836,2024,010493836,1,9,0,4,5,1,0,1,0,11,0,0,1,1,3,1,45,7,-1,-1,-1,-1,-1,-1,-1,0
Unvalidated,2024010493842,2024,010493842,1,11,0,99,9,9,99,9,9,99,9,99,9,9,1,1,58,9,-1,-1,-1,-1,2,1,E01000008,0
Unvalidated,2024010493842,2024,010493842,2,90,0,99,9,9,99,9,9,99,9,99,2,9,6,3,37,7,-1,-1,-1,-1,-1,-1,-1,0
Unvalidated,2024010493846,2024,010493846,1,9,0,7,1,4,4,1,0,0,0,0,4,1,6,1,58,9,-1,-1,-1,-1,7,1,E01002944,0
Unvalidated,2024010493846,2024,010493846,2,1,0,18,1,5,4,1,0,0,0,0,3,1,2,1,42,7,-1,-1,-1,-1,9,1,E01004191,0
Unvalidated,2024010493848,2024,010493848,1,9,0,18,5,1,0,1,0,0,0,0,0,1,1,1,38,7,-1,-1,-1,-1,1,1,E01003047,0
Unvalidated,2024010493848,2024,010493848,2,4,0,18,5,1,0,1,0,0,0,0,1,1,1,1,16,4,-1,-1,-1,-1,1,1,E01003052,0
Unvalidated,2024010493848,2024,010493848,3,19,0,4,5,1,0,1,0,0,0,0,1,1,2,1,24,5,-1,-1,-1,-1,3,1,E01003081,0
Unvalidated,2024010493849,2024,010493849,1,8,0,99,9,9,99,9,9,99,9,99,2,9,1,1,42,7,-1,-1,-1,-1,1,1,E01004298,0
Unvalidated,2024010493851,2024,010493851,1,3,0,99,9,9,99,9,9,99,9,99,1,1,6,1,29,6,-1,-1,-1,-1,1,1,-1,0
Unvalidated,2024010493851,2024,010493851,2,9,0,99,9,9,99,9,9,99,9,99,4,9,6,3,-1,-1,-1,-1,-1,-1,-1,-1,-1,0
Unvalidated,2024010493852,2024,010493852,1,9,0,18,3,7,0,0,0,0,0,0,1,1,6,1,42,7,-1,-1,-1,-1,6,1,E01001678,0
Unvalidated,2024010493852,2024,010493852,2,9,0,18,7,3,0,0,0,0,0,0,1,1,6,1,51,8,-1,-1,-1,-1,5,1,E01000430,0
Unvalidated,2024010493853,2024,010493853,1,3,0,99,9,9,99,9,9,99,9,99,9,1,1,1,24,5,-1,-1,-1,-1,4,1,E01004468,0
Unvalidated,2024010493853,2024,010493853,2,9,0,99,9,9,99,9,9,99,9,99,9,9,6,3,-1,-1,-1,-1,-1,-1,3,1,E01006521,0
Unvalidated,2024010493855,2024,010493855,1,9,0,99,9,9,99,9,9,99,9,99,2,9,6,2,60,9,-1,-1,-1,-1,9,1,E01024145,0
Unvalidated,2024010493855,2024,010493855,2,9,9,99,9,9,99,9,9,99,9,99,9,9,6,1,-1,-1,-1,-1,-1,-1,-1,-1,-1,0
Unvalidated,2024010493856,2024,010493856,1,11,0,14,7,3,0,0,0,0,0,0,0,1,1,1,46,8,-1,-1,-1,-1,3,1,E01023310,0
Unvalidated,2024010493857,2024,010493857,1,9,0,18,1,5,0,4,0,0,0,0,1,1,6,1,27,6,-1,-1,-1,-1,5,1,E01001105,0
Unvalidated,2024010493857,2024,010493857,2,9,0,18,3,7,0,4,0,0,0,0,1,1,6,2,27,6,-1,-1,-1,-1,3,1,E01001053,0
Unvalidated,2024010493859,2024,010493859,1,9,0,9,3,1,0,5,0,0,0,0,4,1,6,1,43,7,-1,-1,-1,-1,3,1,E01002647,0
Unvalidated,2024010493859,2024,010493859,2,1,0,18,7,3,0,1,0,0,0,0,1,1,6,1,36,7,-1,-1,-1,-1,4,1,E01002603,0
Unvalidated,2024010493863,2024,010493863,1,9,0,18,5,1,0,1,0,0,0,0,1,2,6,1,76,11,-1,-1,-1,-1,2,1,E01030599,0
Unvalidated,2024010493863,2024,010493863,2,9,0,10,4,2,0,1,0,0,0,0,2,1,6,2,67,10,-1,-1,-1,-1,9,1,E01001020,0
Unvalidated,2024010493866,2024,010493866,1,9,0,18,1,5,0,0,0,0,0,0,1,1,6,3,-1,-1,-1,-1,-1,-1,-1,-1,-1,0
Unvalidated,2024010493868,2024,010493868,1,19,0,4,7,3,0,1,0,0,0,0,0,1,1,1,50,8,-1,-1,-1,-1,1,1,E01001517,0
Unvalidated,2024010493868,2024,010493868,2,9,0,4,7,3,0,1,1,0,0,0,1,1,6,1,67,10,-1,-1,-1,-1,3,1,E01002311,0
Unvalidated,2024010493870,2024,010493870,1,9,0,99,9,9,99,9,9,99,9,99,2,9,6,1,38,7,-1,-1,-1,-1,7,1,E01001968,0
Unvalidated,2024010493873,2024,010493873,1,9,0,18,5,1,0,1,0,0,0,0,3,1,6,3,55,8,-1,-1,-1,-1,-1,-1,-1,0
Unvalidated,2024010493873,2024,010493873,2,9,0,18,5,1,0,1,0,0,0,0,3,1,6,1,57,9,-1,-1,-1,-1,6,1,E01001065,0
Unvalidated,2024010493874,2024,010493874,1,9,0,10,1,7,0,6,0,0,0,0,2,1,6,1,67,10,-1,-1,-1,-1,3,1,E01002777,0
Unvalidated,2024010493874,2024,010493874,2,9,0,10,1,7,0,6,0,0,0,0,1,1,6,1,47,8,-1,-1,-1,-1,2,1,E01003181,0
Unvalidated,2024010493875,2024,010493875,1,3,0,5,2,6,0,2,0,0,0,0,2,1,6,1,43,7,-1,-1,-1,-1,2,1,E01003735,0
Unvalidated,2024010493875,2024,010493875,2,9,0,5,2,6,0,2,0,0,0,0,1,1,6,3,-1,-1,-1,-1,-1,-1,3,1,E01003567,0
Unvalidated,2024010493877,2024,010493877,1,2,0,15,6,2,0,1,0,0,0,0,1,1,1,1,32,6,-1,-1,-1,-1,7,1,E01000139,0
Unvalidated,2024010493877,2024,010493877,2,9,0,9,6,4,0,5,0,0,0,0,3,1,6,1,35,6,-1,-1,-1,-1,8,1,E01000896,0
Unvalidated,2024010493885,2024,010493885,1,9,0,5,0,5,0,0,0,0,0,0,3,1,6,1,57,9,-1,-1,-1,-1,6,1,E01004163,0
Unvalidated,2024010493885,2024,010493885,2,4,0,18,1,5,0,0,0,0,0,0,1,1,6,1,38,7,-1,-1,-1,-1,6,1,E01004163,0
Unvalidated,2024010493890,2024,010493890,1,9,0,5,7,3,0,1,0,0,0,0,4,1,6,2,33,6,-1,-1,-1,-1,4,1,E01002593,0
Unvalidated,2024010493897,2024,010493897,1,9,0,99,9,9,99,9,9,99,9,99,2,9,6,1,45,7,-1,-1,-1,-1,2,1,E01004398,0
Unvalidated,2024010493897,2024,010493897,2,9,0,99,9,9,99,9,9,99,9,99,1,9,6,1,37,7,-1,-1,-1,-1,5,1,E01001644,0
Unvalidated,2024010493898,2024,010493898,1,9,0,99,9,9,99,9,9,99,9,99,9,9,6,2,39,7,-1,-1,-1,-1,8,1,E01001526,0
Unvalidated,2024010493898,2024,010493898,2,9,0,99,9,9,99,9,9,99,9,99,1,9,6,3,-1,-1,-1,-1,-1,-1,-1,-1,-1,0
Unvalidated,2024010493899,2024,010493899,1,9,0,99,9,9,99,9,9,99,9,99,1,9,1,1,25,5,-1,-1,-1,-1,5,1,E01000615,0
Unvalidated,2024010493901,2024,010493901,1,9,0,17,1,5,0,8,0,0,0,0,1,1,6,2,31,6,-1,-1,-1,-1,5,3,E01021443,0
Unvalidated,2024010493901,2024,010493901,2,9,0,10,3,8,0,1,0,0,3,0,1,1,6,1,22,5,-1,-1,-1,-1,4,1,E01010361,0
Unvalidated,2024010493902,2024,010493902,1,4,0,18,2,6,0,2,5,0,0,0,1,1,6,1,33,6,-1,-1,-1,-1,2,1,E01001893,0
Unvalidated,2024010493903,2024,010493903,1,9,0,18,1,5,0,2,0,0,0,0,1,1,6,3,-1,-1,-1,-1,-1,-1,-1,-1,-1,0
Unvalidated,2024010493903,2024,010493903,2,1,0,18,5,1,0,2,2,0,0,0,3,1,6,1,33,6,-1,-1,-1,-1,6,1,E01004513,0
Unvalidated,2024010493907,2024,010493907,1,3,0,18,3,7,0,8,0,0,0,0,1,1,6,1,29,6,-1,-1,-1,-1,7,1,E01002203,0
Unvalidated,2024010493907,2024,010493907,2,9,0,9,7,6,0,8,0,0,0,0,1,1,6,1,58,9,-1,-1,-1,-1,7,1,E01000517,0
Unvalidated,2024010493909,2024,010493909,1,9,0,9,1,7,9,2,0,0,1,4,1,1,6,1,20,4,-1,-1,-1,-1,3,1,E01001436,0
Unvalidated,2024010493909,2024,010493909,2,9,0,9,1,7,0,5,0,0,0,0,0,1,1,1,38,7,-1,-1,-1,-1,4,1,E01001484,0
Unvalidated,2024010493910,2024,010493910,1,9,0,17,7,3,0,1,0,10,0,0,1,1,6,1,48,8,-1,-1,-1,-1,5,1,E01000194,0
Unvalidated,2024010493911,2024,010493911,1,9,0,99,9,9,99,9,9,99,9,99,2,9,6,3,19,4,-1,-1,-1,-1,3,1,E01004355,0
Unvalidated,2024010493911,2024,010493911,2,9,0,99,9,9,99,9,9,99,9,99,9,9,6,1,63,9,-1,-1,-1,-1,4,1,E01003608,0
Unvalidated,2024010493913,2024,010493913,1,9,0,18,3,7,0,0,0,0,1,10,1,1,6,2,25,5,-1,-1,-1,-1,1,1,E01000528,0
Unvalidated,2024010493914,2024,010493914,1,3,0,15,1,5,0,1,1,10,0,0,1,1,6,1,67,10,-1,-1,-1,-1,1,1,E01001944,0
Unvalidated,2024010493914,2024,010493914,2,11,0,7,1,3,0,1,0,0,0,0,4,1,1,2,51,8,-1,-1,-1,-1,3,1,E01003185,0
Unvalidated,2024010493919,2024,010493919,1,10,0,9,3,8,0,1,0,0,0,0,3,1,6,1,-1,-1,-1,-1,-1,-1,3,1,E01001804,0
Unvalidated,2024010493919,2024,010493919,2,3,0,13,3,7,0,1,1,0,0,0,3,1,6,1,15,3,-1,-1,-1,-1,3,1,E01001806,0
Unvalidated,2024010493922,2024,010493922,1,9,0,18,3,7,0,6,0,11,0,0,1,1,6,1,43,7,-1,-1,-1,-1,2,1,E01003240,0
Unvalidated,2024010493922,2024,010493922,2,19,0,2,0,0,0,6,0,0,0,0,1,2,6,3,-1,-1,-1,-1,-1,-1,-1,-1,-1,0
Unvalidated,2024010493923,2024,010493923,1,8,0,18,3,7,0,1,0,0,0,0,1,1,1,1,50,8,-1,-1,-1,-1,2,1,E01003432,0
Unvalidated,2024010493923,2024,010493923,2,19,0,18,7,3,0,1,0,0,1,0,1,1,1,1,51,8,-1,-1,-1,-1,6,1,E01001678,0
Unvalidated,2024010493929,2024,010493929,1,9,0,9,3,1,0,1,0,0,0,0,1,1,6,2,32,6,-1,-1,-1,-1,-1,-1,-1,0
Unvalidated,2024010493929,2024,010493929,2,9,0,3,8,4,0,1,0,0,0,0,3,1,6,1,72,10,-1,-1,-1,-1,9,1,E01002471,0
Unvalidated,2024010493929,2024,010493929,3,9,0,18,4,8,0,1,0,0,0,0,3,1,2,1,53,8,-1,-1,-1,-1,4,1,E01000475,0
Unvalidated,2024010493936,2024,010493936,1,9,0,18,1,5,0,0,2,4,0,0,4,1,6,2,32,6,-1,-1,-1,-1,7,1,E01002013,0
Unvalidated,2024010493936,2024,010493936,2,9,0,2,0,0,0,0,0,0,0,0,3,1,6,3,-1,-1,-1,-1,-1,-1,-1,-1,-1,0
Unvalidated,2024010493936,2024,010493936,3,9,0,2,0,0,0,0,0,0,0,0,3,1,6,3,-1,-1,-1,-1,-1,-1,-1,-1,-1,0
Unvalidated,2024010493948,2024,010493948,1,9,0,99,9,9,99,9,9,99,9,99,2,9,6,1,25,5,-1,-1,-1,-1,4,1,E01002802,0
Unvalidated,2024010493948,2024,010493948,2,8,0,99,9,9,99,9,9,99,9,99,1,9,6,3,-1,-1,-1,-1,-1,-1,-1,-1,-1,0
Unvalidated,2024010493953,2024,010493953,1,11,0,18,5,1,0,8,0,0,0,0,1,1,1,1,49,8,-1,-1,-1,-1,1,1,E01000798,0
Unvalidated,2024010493956,2024,010493956,1,9,0,17,7,4,0,0,0,0,1,1,1,1,6,1,38,7,-1,-1,-1,-1,3,1,E01003352,0
Unvalidated,2024010493963,2024,010493963,1,9,0,4,1,5,0,1,0,0,1,0,2,1,6,1,40,7,-1,-1,-1,-1,2,1,E01001800,0
Unvalidated,2024010493963,2024,010493963,2,1,0,18,1,5,1,1,0,0,0,0,1,1,6,1,45,7,-1,-1,-1,-1,1,1,E01002782,0
Unvalidated,2024010493964,2024,010493964,1,3,0,99,9,9,2,1,9,99,9,99,1,1,6,1,27,6,-1,-1,-1,-1,3,1,E01003616,0
Unvalidated,2024010493964,2024,010493964,2,19,0,99,9,9,99,5,9,99,9,99,2,9,6,3,-1,-1,-1,-1,-1,-1,-1,-1,-1,0
Unvalidated,2024010493971,2024,010493971,1,8,9,99,9,9,99,9,9,99,9,99,2,9,6,3,-1,-1,-1,-1,-1,-1,-1,-1,-1,0
Unvalidated,2024010493972,2024,010493972,1,9,0,18,3,7,0,0,1,0,0,0,1,1,6,2,35,6,-1,-1,-1,-1,1,1,E01001510,0
Unvalidated,2024010493978,2024,010493978,1,1,0,18,5,1,0,1,0,0,0,0,3,1,6,1,33,6,-1,-1,-1,-1,2,1,E01003229,0
Unvalidated,2024010493978,2024,010493978,2,9,0,9,5,4,0,5,0,0,0,0,1,1,6,2,52,8,-1,-1,-1,-1,4,1,E01000733,0
Unvalidated,2024010493979,2024,010493979,1,9,9,10,9,9,99,5,9,99,9,99,9,9,6,2,31,6,-1,-1,-1,-1,6,1,E01002912,0
Unvalidated,2024010493979,2024,010493979,2,3,9,13,9,9,99,1,9,99,9,99,9,1,6,1,29,6,-1,-1,-1,-1,2,1,E01033597,0
Unvalidated,2024010493985,2024,010493985,1,9,0,99,9,9,99,9,9,99,9,99,2,9,6,2,23,5,-1,-1,-1,-1,6,1,E01000318,0
Unvalidated,2024010493985,2024,010493985,2,8,0,99,9,9,99,9,9,99,9,99,1,9,6,3,45,7,-1,-1,-1,-1,3,1,E01003177,0
Unvalidated,2024010493992,2024,010493992,1,9,0,5,5,1,0,0,0,0,0,0,1,1,2,1,59,9,-1,-1,-1,-1,2,1,E01000034,0
Unvalidated,2024010493992,2024,010493992,2,9,0,18,5,1,0,0,0,0,0,0,1,1,6,1,36,7,-1,-1,-1,-1,6,1,E01002358,0
Unvalidated,2024010493992,2024,010493992,3,9,0,18,5,1,0,0,0,0,0,0,4,1,6,1,30,6,-1,-1,-1,-1,4,1,E01000039,0
Unvalidated,2024010493996,2024,010493996,1,1,9,99,9,9,99,0,9,99,9,99,9,1,6,2,29,6,-1,-1,-1,-1,9,1,E01003874,0
Unvalidated,2024010493996,2024,010493996,2,1,9,99,9,9,99,0,9,99,9,99,1,1,6,3,50,8,-1,-1,-1,-1,-1,-1,-1,0
Unvalidated,2024010493996,2024,010493996,3,9,9,99,9,9,99,0,9,99,9,99,9,1,6,3,-1,-1,-1,-1,-1,-1,-1,-1,-1,0
Unvalidated,2024010494001,2024,010494001,1,1,9,99,9,9,99,9,9,99,9,99,9,1,6,1,27,6,-1,-1,-1,-1,3,1,E01033704,0
Unvalidated,2024010494001,2024,010494001,2,9,0,99,9,9,99,9,9,99,9,99,9,9,6,3,-1,-1,-1,-1,-1,-1,3,1,E01003250,0
Unvalidated,2024010494006,2024,010494006,1,9,0,99,9,9,99,9,9,99,9,99,1,9,6,3,-1,-1,-1,-1,-1,-1,-1,-1,-1,0
Unvalidated,2024010494012,2024,010494012,1,9,0,3,5,1,0,1,0,0,0,0,1,1,6,1,64,9,-1,-1,-1,-1,5,1,E01003878,0
Unvalidated,2024010494012,2024,010494012,2,19,0,3,5,1,0,1,0,0,0,0,3,1,1,1,23,5,-1,-1,-1,-1,3,1,E01004573,0
Unvalidated,2024010494018,2024,010494018,1,9,0,99,9,9,99,9,9,99,9,99,9,9,6,2,58,9,-1,-1,-1,-1,4,1,E01033745,0
Unvalidated,2024010494018,2024,010494018,2,1,9,99,9,9,99,9,9,99,9,99,0,1,6,3,-1,-1,-1,-1,-1,-1,5,1,E01001644,0
Unvalidated,2024010494019,2024,010494019,1,9,0,99,9,9,99,9,9,99,9,99,1,9,6,3,33,6,-1,-1,-1,-1,-1,-1,-1,0
Unvalidated,2024010494019,2024,010494019,2,1,9,99,9,9,99,9,9,99,9,99,1,1,6,3,33,6,-1,-1,-1,-1,-1,-1,-1,0
Unvalidated,2024010494027,2024,010494027,1,9,0,4,1,5,0,8,0,0,0,0,4,1,6,1,43,7,-1,-1,-1,-1,4,1,E01001148,0
Unvalidated,2024010494027,2024,010494027,2,9,0,18,7,3,0,8,0,0,0,0,1,1,6,3,-1,-1,-1,-1,-1,-1,-1,-1,-1,0
Unvalidated,2024010494028,2024,010494028,1,9,9,18,3,7,99,0,9,99,9,99,9,1,6,3,-1,-1,-1,-1,-1,-1,-1,-1,-1,0
Unvalidated,2024010494035,2024,010494035,1,9,0,99,9,9,99,9,9,99,9,99,9,9,6,1,22,5,-1,-1,-1,-1,6,1,E01004361,0
Unvalidated,2024010494036,2024,010494036,1,11,0,17,3,7,0,4,0,0,0,0,0,1,6,1,23,5,-1,-1,-1,-1,7,1,E01002161,0
Unvalidated,2024010494041,2024,010494041,1,1,0,18,1,5,0,0,0,0,1,4,1,1,1,1,21,5,-1,-1,-1,-1,3,1,E01003439,0
Unvalidated,2024010494046,2024,010494046,1,9,0,10,9,9,99,9,9,99,9,99,2,9,6,1,33,6,-1,-1,-1,-1,6,1,E01000267,0
Unvalidated,2024010494046,2024,010494046,2,9,0,18,9,9,99,9,9,99,9,99,1,9,6,3,-1,-1,-1,-1,-1,-1,4,1,E01002307,0
Unvalidated,2024010494047,2024,010494047,1,9,0,99,9,9,99,9,9,99,9,99,3,9,2,2,50,8,-1,-1,-1,-1,3,1,E01002100,0
Unvalidated,2024010494047,2024,010494047,2,97,0,99,9,9,99,9,9,99,9,99,1,1,6,3,-1,-1,-1,-1,-1,-1,-1,-1,-1,0
Unvalidated,2024010494048,2024,010494048,1,11,0,5,2,6,3,1,0,0,0,0,0,1,1,1,31,6,-1,-1,-1,-1,-1,-1,-1,0
Unvalidated,2024010494049,2024,010494049,1,9,0,99,9,9,99,9,9,99,9,99,9,9,6,1,22,5,-1,-1,-1,-1,2,1,E01032787,0
Unvalidated,2024010494049,2024,010494049,2,9,9,99,9,9,0,9,9,0,0,0,9,1,6,1,20,4,-1,-1,-1,-1,3,1,E01000043,0
Unvalidated,2024010494052,2024,010494052,1,9,0,18,1,5,0,0,0,0,0,0,1,1,2,2,52,8,-1,-1,-1,-1,2,1,E01003977,0
Unvalidated,2024010494055,2024,010494055,1,9,0,18,6,2,0,0,5,4,0,0,1,1,6,1,40,7,-1,-1,-1,-1,1,1,E01033598,0
Unvalidated,2024010494055,2024,010494055,2,9,0,2,0,0,0,0,1,0,0,0,3,1,6,3,-1,-1,-1,-1,-1,-1,-1,-1,-1,0
Unvalidated,2024010494058,2024,010494058,1,9,0,18,7,3,0,1,5,0,0,0,1,1,1,1,25,5,-1,-1,-1,-1,2,1,E01002697,0
Unvalidated,2024010494061,2024,010494061,1,9,0,18,3,7,0,8,0,0,0,0,3,1,1,1,40,7,-1,-1,-1,-1,8,1,E01015974,0
Unvalidated,2024010494061,2024,010494061,2,21,1,9,7,5,0,8,0,0,0,0,1,2,1,1,46,8,-1,-1,-1,-1,-1,-1,-1,0
Unvalidated,2024010494063,2024,010494063,1,8,0,99,9,9,99,9,9,99,9,99,2,9,1,1,48,8,-1,-1,-1,-1,3,1,E01000800,0
Unvalidated,2024010494074,2024,010494074,1,19,0,99,9,9,99,9,9,99,9,99,9,9,1,1,45,7,-1,-1,-1,-1,8,1,E01002322,0
Unvalidated,2024010494074,2024,010494074,2,1,9,99,9,9,99,9,9,99,9,99,1,1,6,3,-1,-1,-1,-1,-1,-1,-1,-1,-1,0
Unvalidated,2024010494085,2024,010494085,1,97,0,99,9,9,99,9,9,99,9,99,9,1,6,3,30,6,-1,-1,-1,-1,2,1,E01003120,0
Unvalidated,2024010494087,2024,010494087,1,3,0,99,9,9,99,9,9,99,9,99,9,1,1,3,29,6,-1,-1,-1,-1,4,1,E01004617,0
Unvalidated,2024010494087,2024,010494087,2,9,0,99,9,9,99,9,9,99,9,99,9,9,6,3,-1,-1,-1,-1,-1,-1,-1,-1,-1,0
Unvalidated,2024010494088,2024,010494088,1,21,0,5,1,5,0,1,0,0,0,0,1,1,1,1,44,7,-1,-1,-1,-1,1,1,E01003070,0
Unvalidated,2024010494089,2024,010494089,1,9,0,18,5,1,0,2,1,0,1,11,4,1,6,1,24,5,-1,-1,-1,-1,9,1,E01000696,0
Unvalidated,2024010494089,2024,010494089,2,9,0,18,7,3,0,1,0,0,0,0,1,1,6,1,45,7,-1,-1,-1,-1,5,1,E01032771,0
Unvalidated,2024010494090,2024,010494090,1,3,0,99,9,9,99,9,9,99,9,99,2,1,2,1,49,8,-1,-1,-1,-1,6,1,E01003149,0
Unvalidated,2024010494090,2024,010494090,2,9,0,99,9,9,99,9,9,99,9,99,1,9,6,1,58,9,-1,-1,-1,-1,3,1,E01003275,0
Unvalidated,2024010494091,2024,010494091,1,9,9,99,9,9,99,9,9,99,9,99,9,9,6,3,-1,-1,-1,-1,-1,-1,-1,-1,-1,0
Unvalidated,2024010494091,2024,010494091,2,1,9,4,5,1,99,9,9,99,9,0,0,1,2,1,25,5,-1,-1,-1,-1,9,1,E01002935,0
Unvalidated,2024010494093,2024,010494093,1,11,0,18,4,8,2,0,0,0,0,0,0,1,6,3,-1,-1,-1,-1,-1,-1,-1,-1,-1,0
Unvalidated,2024010494097,2024,010494097,1,3,9,99,9,9,99,9,9,99,9,99,9,1,6,3,32,6,-1,-1,-1,-1,7,1,E01030647,0
Unvalidated,2024010494097,2024,010494097,2,9,9,99,9,9,99,9,9,99,9,99,9,9,6,3,-1,-1,-1,-1,-1,-1,-1,-1,-1,0
Unvalidated,2024010494101,2024,010494101,1,1,9,99,9,9,99,9,9,99,9,99,2,1,2,1,57,9,-1,-1,-1,-1,5,1,E01004521,0
Unvalidated,2024010494101,2024,010494101,2,9,0,99,9,9,99,9,9,99,9,99,9,9,6,3,-1,-1,-1,-1,-1,-1,-1,-1,-1,0
Unvalidated,2024010494105,2024,010494105,1,98,0,99,9,9,99,9,9,99,9,99,2,9,6,1,42,7,-1,-1,-1,-1,9,3,E01023910,0
Unvalidated,2024010494106,2024,010494106,1,3,9,99,9,9,99,1,9,99,9,99,1,1,1,1,30,6,-1,-1,-1,-1,4,1,E01004525,0
Unvalidated,2024010494106,2024,010494106,2,9,9,99,9,9,99,6,9,99,9,99,9,9,6,3,-1,-1,-1,-1,-1,-1,-1,-1,-1,0
Unvalidated,2024010494107,2024,010494107,1,9,0,4,5,1,0,8,0,0,0,0,2,1,1,1,58,9,-1,-1,-1,-1,1,1,E01033086,0
Unvalidated,2024010494107,2024,010494107,2,11,0,18,5,1,0,8,0,0,0,0,1,1,1,1,40,7,-1,-1,-1,-1,3,1,E01000948,0
Unvalidated,2024010494111,2024,010494111,1,3,0,99,9,9,99,9,9,99,9,99,9,1,1,1,25,5,-1,-1,-1,-1,6,1,E01000244,0
Unvalidated,2024010494111,2024,010494111,2,9,0,99,9,9,99,9,9,99,9,99,9,9,6,1,31,6,-1,-1,-1,-1,4,1,E01003169,0
Unvalidated,2024010494113,2024,010494113,1,3,0,18,9,9,99,0,9,99,9,99,9,1,1,1,23,5,-1,-1,-1,-1,1,1,E01002855,0
Unvalidated,2024010494113,2024,010494113,2,9,9,13,9,9,99,0,9,99,9,99,9,9,6,3,-1,-1,-1,-1,-1,-1,-1,-1,-1,0
Unvalidated,2024010494114,2024,010494114,1,9,0,10,3,1,9,5,0,0,0,0,1,1,1,2,32,6,-1,-1,-1,-1,6,1,E01003840,0
Unvalidated,2024010494114,2024,010494114,2,5,0,18,1,5,0,2,0,0,0,0,4,1,6,1,51,8,-1,-1,-1,-1,9,1,E01030713,0
Unvalidated,2024010494134,2024,010494134,1,4,0,99,9,9,99,9,9,99,9,99,1,1,1,1,29,6,-1,-1,-1,-1,3,1,E01001154,0
Unvalidated,2024010494134,2024,010494134,2,9,9,99,9,9,99,9,9,99,9,99,9,9,6,3,-1,-1,-1,-1,-1,-1,-1,-1,-1,0
Unvalidated,2024010494137,2024,010494137,1,9,0,99,9,9,99,9,9,99,9,99,1,9,6,1,23,5,-1,-1,-1,-1,2,1,E01003619,0
Unvalidated,2024010494137,2024,010494137,2,9,0,99,9,9,99,9,9,99,9,99,1,9,6,1,66,10,-1,-1,-1,-1,8,2,E01026007,0
Unvalidated,2024010494138,2024,010494138,1,3,0,99,9,9,99,9,9,99,9,99,9,1,1,1,26,6,-1,-1,-1,-1,6,1,E01000244,0
Unvalidated,2024010494138,2024,010494138,2,90,0,99,9,9,99,9,9,99,9,99,9,9,6,3,-1,-1,-1,-1,-1,-1,-1,-1,-1,0
Unvalidated,2024010494141,2024,010494141,1,3,0,5,5,1,0,1,0,0,0,0,4,1,6,1,27,6,-1,-1,-1,-1,5,1,E01002212,0
Unvalidated,2024010494141,2024,010494141,2,3,0,5,7,3,0,1,0,0,0,0,1,1,6,1,45,7,-1,-1,-1,-1,4,1,E01000625,0
Unvalidated,2024010494143,2024,010494143,1,11,0,18,1,5,0,2,0,0,0,0,0,1,1,1,66,10,-1,-1,-1,-1,2,1,E01001687,0
Unvalidated,2024010494151,2024,010494151,1,9,0,9,3,8,0,0,0,4,7,10,1,1,6,2,80,11,-1,-1,-1,-1,3,1,E01002279,0
Unvalidated,2024010494151,2024,010494151,2,9,0,2,0,0,6,0,0,0,0,0,0,1,6,3,-1,-1,-1,-1,-1,-1,-1,-1,-1,0