status,collision_index,collision_year,collision_reference,vehicle_reference,vehicle_type,towing_and_articulation,vehicle_manoeuvre,vehicle_direction_from,vehicle_direction_to,vehicle_location_restricted_lane,junction_location,skidding_and_overturning,hit_object_in_carriageway,vehicle_leaving_carriageway,hit_object_off_carriageway,first_point_of_impact,vehicle_left_hand_drive,journey_purpose_of_driver,sex_of_driver,age_of_driver,age_band_of_driver,engine_capacity_cc,propulsion_code,age_of_vehicle,generic_make_model,driver_imd_decile,driver_home_area_type,lsoa_of_driver,escooter_flag
Unvalidated,2024010494158,2024,010494158,1,9,9,99,9,9,0,0,9,99,9,99,9,9,6,3,-1,-1,-1,-1,-1,-1,-1,-1,-1,0
Unvalidated,2024010494159,2024,010494159,1,3,0,99,9,9,99,9,9,99,9,99,9,1,1,1,31,6,-1,-1,-1,-1,5,1,E01002123,0
Unvalidated,2024010494163,2024,010494163,1,9,0,9,2,8,0,1,0,0,0,0,1,1,6,1,-1,-1,-1,-1,-1,-1,-1,-1,-1,0
Unvalidated,2024010494165,2024,010494165,1,9,0,99,9,9,99,1,9,99,9,99,2,9,6,1,25,5,-1,-1,-1,-1,7,1,E01001226,0
Unvalidated,2024010494165,2024,010494165,2,9,9,99,9,9,99,5,9,99,9,99,9,9,6,2,56,9,-1,-1,-1,-1,8,1,E01000233,0
Unvalidated,2024010494169,2024,010494169,1,9,0,99,9,9,99,0,9,99,9,99,2,9,6,2,49,8,-1,-1,-1,-1,1,1,E01002093,0
Unvalidated,2024010494169,2024,010494169,2,9,0,99,9,9,99,0,9,99,9,99,1,9,6,3,-1,-1,-1,-1,-1,-1,-1,-1,-1,0
Unvalidated,2024010494171,2024,010494171,1,9,0,99,9,9,99,0,9,99,9,99,9,1,6,2,47,8,-1,-1,-1,-1,9,1,E01030718,0
Unvalidated,2024010494174,2024,010494174,1,9,0,5,3,7,0,1,0,0,0,0,1,1,6,2,31,6,-1,-1,-1,-1,6,1,E01004151,0
Unvalidated,2024010494174,2024,010494174,2,9,0,16,1,5,0,1,0,0,0,0,4,1,6,2,51,8,-1,-1,-1,-1,7,1,E01004159,0
Unvalidated,2024010494180,2024,010494180,1,9,0,99,9,9,99,9,9,99,9,99,9,9,6,2,40,7,-1,-1,-1,-1,1,1,E01002034,0
Unvalidated,2024010494180,2024,010494180,2,2,0,99,9,9,99,9,9,99,9,99,1,1,6,3,25,5,-1,-1,-1,-1,2,1,E01015367,0
Unvalidated,2024010494186,2024,010494186,1,3,0,99,9,9,99,1,9,99,9,99,1,1,6,1,53,8,-1,-1,-1,-1,4,1,E01004628,0
Unvalidated,2024010494186,2024,010494186,2,19,0,99,9,9,99,5,9,99,9,99,9,9,6,3,-1,-1,-1,-1,-1,-1,6,1,E01003469,0
Unvalidated,2024010494195,2024,010494195,1,5,0,99,9,9,99,9,9,99,9,99,1,1,6,1,20,4,-1,-1,-1,-1,8,1,E01003660,0
Unvalidated,2024010494195,2024,010494195,2,9,0,99,9,9,99,9,9,99,9,99,9,9,6,3,77,11,-1,-1,-1,-1,3,1,E01003656,0
Unvalidated,2024010494204,2024,010494204,1,1,0,18,5,1,0,2,0,0,0,0,1,1,1,1,25,5,-1,-1,-1,-1,4,1,E01002704,0
Unvalidated,2024010494204,2024,010494204,2,9,0,18,5,1,0,2,0,0,0,0,4,1,1,3,-1,-1,-1,-1,-1,-1,-1,-1,-1,0
Unvalidated,2024010494206,2024,010494206,1,11,0,99,9,9,99,9,9,99,9,99,9,9,6,3,-1,-1,-1,-1,-1,-1,-1,-1,-1,0
Unvalidated,2024010494206,2024,010494206,2,90,9,99,9,9,99,9,9,99,9,99,9,9,6,3,-1,-1,-1,-1,-1,-1,-1,-1,-1,0
Unvalidated,2024010494208,2024,010494208,1,9,0,9,6,3,0,6,0,0,0,0,3,1,6,3,20,4,-1,-1,-1,-1,6,1,E01004109,0
Unvalidated,2024010494208,2024,010494208,2,3,0,18,5,1,0,1,0,0,0,0,1,1,1,1,28,6,-1,-1,-1,-1,2,1,E01000998,0
Unvalidated,2024010494211,2024,010494211,1,9,0,99,9,9,99,9,9,99,9,99,9,9,6,2,46,8,-1,-1,-1,-1,4,1,E01000608,0
Unvalidated,2024010494211,2024,010494211,2,9,0,99,9,9,99,9,9,99,9,99,9,9,6,3,-1,-1,-1,-1,-1,-1,-1,-1,-1,0
Unvalidated,2024010494212,2024,010494212,1,9,0,18,3,7,0,8,0,0,5,6,4,1,6,2,52,8,-1,-1,-1,-1,3,1,E01002540,0
Unvalidated,2024010494212,2024,010494212,2,9,0,12,3,7,0,8,0,0,0,0,3,1,6,3,-1,-1,-1,-1,-1,-1,-1,-1,-1,0
Unvalidated,2024010494214,2024,010494214,1,9,0,99,9,9,99,9,9,99,9,99,1,9,6,2,60,9,-1,-1,-1,-1,5,1,E01001157,0
Unvalidated,2024010494214,2024,010494214,2,1,9,99,9,9,99,9,9,99,9,99,3,1,6,1,-1,-1,-1,-1,-1,-1,2,1,E01001014,0
Unvalidated,2024010494215,2024,010494215,1,1,9,99,9,9,99,9,9,99,9,99,9,1,1,1,30,6,-1,-1,-1,-1,4,1,E01032639,0
Unvalidated,2024010494215,2024,010494215,2,90,0,99,9,9,99,9,9,99,9,99,1,9,6,3,-1,-1,-1,-1,-1,-1,-1,-1,-1,0
Unvalidated,2024010494216,2024,010494216,1,9,0,99,9,9,99,9,9,99,9,99,3,9,1,1,34,6,-1,-1,-1,-1,5,1,E01002682,0
Unvalidated,2024010494216,2024,010494216,2,11,0,7,1,2,0,5,0,0,0,0,4,1,6,3,-1,-1,-1,-1,-1,-1,-1,-1,-1,0
Unvalidated,2024010494221,2024,010494221,1,2,0,7,5,7,0,8,0,0,0,0,1,1,6,1,28,6,-1,-1,-1,-1,1,1,E01003511,0
Unvalidated,2024010494221,2024,010494221,2,9,0,16,5,7,0,1,0,0,0,0,1,1,6,3,-1,-1,-1,-1,-1,-1,-1,-1,-1,0
Unvalidated,2024010494229,2024,010494229,1,4,0,99,9,9,99,9,9,99,9,99,9,1,1,1,44,7,-1,-1,-1,-1,1,1,E01002040,0
Unvalidated,2024010494229,2024,010494229,2,9,0,99,9,9,99,9,9,99,9,99,9,9,6,3,-1,-1,-1,-1,-1,-1,-1,-1,-1,0
Unvalidated,2024010494231,2024,010494231,1,3,0,99,9,9,99,1,9,99,9,99,9,1,1,1,44,7,-1,-1,-1,-1,3,1,E01000610,0
Unvalidated,2024010494231,2024,010494231,2,19,0,99,9,9,99,9,9,99,9,99,1,9,6,1,48,8,-1,-1,-1,-1,3,1,E01001263,0
Unvalidated,2024010494234,2024,010494234,1,9,0,18,4,8,0,6,0,0,0,0,1,1,6,1,31,6,-1,-1,-1,-1,3,1,E01004064,0
Unvalidated,2024010494234,2024,010494234,2,9,0,18,8,4,0,1,0,0,1,0,1,1,6,1,51,8,-1,-1,-1,-1,6,1,E01003030,0
Unvalidated,2024010494238,2024,010494238,1,2,0,18,5,1,0,1,0,0,0,0,3,1,1,1,21,5,-1,-1,-1,-1,2,1,E01002829,0
Unvalidated,2024010494238,2024,010494238,2,2,0,18,3,7,0,1,0,0,0,0,3,1,1,1,35,6,-1,-1,-1,-1,1,1,E01000551,0
Unvalidated,2024010494245,2024,010494245,1,1,0,18,5,1,0,1,0,0,1,0,1,1,1,2,44,7,-1,-1,-1,-1,4,1,E01000976,0
Unvalidated,2024010494245,2024,010494245,2,9,0,18,1,5,0,1,0,0,0,0,1,1,1,1,27,6,-1,-1,-1,-1,2,1,E01001152,0
Unvalidated,2024010494248,2024,010494248,1,9,0,18,7,3,0,1,0,0,0,0,2,1,2,2,60,9,-1,-1,-1,-1,5,1,E01033577,0
Unvalidated,2024010494248,2024,010494248,2,19,0,18,7,3,0,1,0,0,0,0,1,1,1,1,45,7,-1,-1,-1,-1,1,1,E01002073,0
Unvalidated,2024010494249,2024,010494249,1,1,0,18,7,3,4,0,0,0,0,0,1,1,6,3,-1,-1,-1,-1,-1,-1,-1,-1,-1,0
Unvalidated,2024010494249,2024,010494249,2,1,0,18,3,7,4,0,0,0,0,0,1,1,1,1,43,7,-1,-1,-1,-1,9,1,E01003158,0
Unvalidated,2024010494250,2024,010494250,1,5,0,18,5,1,0,8,0,0,0,0,1,1,6,1,55,8,-1,-1,-1,-1,4,1,E01003513,0
Unvalidated,2024010494251,2024,010494251,1,3,0,99,9,9,99,1,9,99,9,99,1,1,1,3,29,6,-1,-1,-1,-1,2,1,E01003093,0
Unvalidated,2024010494251,2024,010494251,2,9,9,99,9,9,99,6,9,99,9,99,9,9,6,3,-1,-1,-1,-1,-1,-1,-1,-1,-1,0
Unvalidated,2024010494253,2024,010494253,1,3,0,99,9,9,99,9,9,99,9,99,9,1,6,3,30,6,-1,-1,-1,-1,4,1,E01003034,0
Unvalidated,2024010494253,2024,010494253,2,9,0,99,9,9,99,9,9,99,9,99,9,9,6,3,-1,-1,-1,-1,-1,-1,-1,-1,-1,0
Unvalidated,2024010494254,2024,010494254,1,4,0,99,9,9,99,9,9,99,9,99,9,1,1,1,31,6,-1,-1,-1,-1,2,1,E01000223,0
Unvalidated,2024010494254,2024,010494254,2,9,9,99,9,9,99,9,9,99,9,99,9,9,6,3,-1,-1,-1,-1,-1,-1,-1,-1,-1,0
Unvalidated,2024010494256,2024,010494256,1,4,0,18,1,5,2,2,0,4,0,0,1,1,2,1,58,9,-1,-1,-1,-1,10,1,E01023742,0
Unvalidated,2024010494256,2024,010494256,2,9,0,2,0,0,2,2,0,0,0,0,2,1,6,3,-1,-1,-1,-1,-1,-1,-1,-1,-1,0
Unvalidated,2024010494257,2024,010494257,1,3,0,99,9,9,99,9,9,99,9,99,9,1,1,2,29,6,-1,-1,-1,-1,8,1,E01004194,0
Unvalidated,2024010494257,2024,010494257,2,9,0,99,9,9,99,9,9,99,9,99,9,9,6,3,-1,-1,-1,-1,-1,-1,-1,-1,-1,0
Unvalidated,2024010494263,2024,010494263,1,4,0,18,3,7,0,2,0,0,0,0,4,1,6,1,23,5,-1,-1,-1,-1,10,1,E01028822,0
Unvalidated,2024010494263,2024,010494263,2,9,0,7,3,6,0,2,0,0,0,0,1,1,1,1,52,8,-1,-1,-1,-1,2,1,E01001395,0
Unvalidated,2024010494272,2024,010494272,1,3,0,99,9,9,99,9,9,99,9,99,9,1,6,3,32,6,-1,-1,-1,-1,7,1,E01032776,0
Unvalidated,2024010494272,2024,010494272,2,9,0,99,9,9,99,9,9,99,9,99,9,9,6,3,-1,-1,-1,-1,-1,-1,-1,-1,-1,0
Unvalidated,2024010494274,2024,010494274,1,9,0,15,1,5,0,0,0,0,0,0,1,1,1,1,44,7,-1,-1,-1,-1,4,1,E01021817,0
Unvalidated,2024010494279,2024,010494279,1,1,0,12,5,1,0,1,0,0,0,0,2,1,1,1,30,6,-1,-1,-1,-1,6,1,E01004634,0
Unvalidated,2024010494279,2024,010494279,2,9,0,18,5,1,0,1,0,0,0,0,1,1,6,2,58,9,-1,-1,-1,-1,8,1,E01030393,0
Unvalidated,2024010494281,2024,010494281,1,3,0,99,9,9,99,9,9,99,9,99,1,1,1,1,22,5,-1,-1,-1,-1,5,1,E01000631,0
Unvalidated,2024010494281,2024,010494281,2,9,0,99,9,9,99,9,9,99,9,99,2,9,6,3,-1,-1,-1,-1,-1,-1,4,1,E01000485,0
Unvalidated,2024010494283,2024,010494283,1,3,0,99,9,9,99,9,9,99,9,99,2,1,6,1,27,6,-1,-1,-1,-1,4,1,E01001879,0
Unvalidated,2024010494283,2024,010494283,2,9,0,99,9,9,99,9,9,99,9,99,1,9,6,1,-1,-1,-1,-1,-1,-1,7,1,E01000714,0
Unvalidated,2024010494284,2024,010494284,1,3,0,99,9,9,99,6,9,99,9,99,9,1,1,3,18,4,-1,-1,-1,-1,4,1,E01001047,0
Unvalidated,2024010494284,2024,010494284,2,9,9,99,9,9,99,1,9,99,9,99,9,9,6,3,-1,-1,-1,-1,-1,-1,-1,-1,-1,0
Unvalidated,2024010494288,2024,010494288,1,5,0,18,6,2,0,4,0,0,0,0,1,1,2,1,48,8,-1,-1,-1,-1,9,1,E01030605,0
Unvalidated,2024010494288,2024,010494288,2,9,0,18,1,5,0,4,0,0,0,0,1,1,2,2,39,7,-1,-1,-1,-1,5,1,E01004178,0
Unvalidated,2024010494289,2024,010494289,1,3,0,99,9,9,99,9,9,99,9,99,9,1,6,1,19,4,-1,-1,-1,-1,8,1,E01030698,0
Unvalidated,2024010494289,2024,010494289,2,19,0,99,9,9,99,9,9,99,9,99,1,9,6,1,52,8,-1,-1,-1,-1,6,1,E01003862,0
Unvalidated,2024010494295,2024,010494295,1,3,0,99,9,9,99,9,9,99,9,99,9,1,1,1,36,7,-1,-1,-1,-1,5,1,E01030984,0
Unvalidated,2024010494295,2024,010494295,2,9,0,99,9,9,99,9,9,99,9,99,9,9,6,3,-1,-1,-1,-1,-1,-1,-1,-1,-1,0
Unvalidated,2024010494300,2024,010494300,1,2,0,99,9,9,99,9,9,99,9,99,1,1,6,3,-1,-1,-1,-1,-1,-1,-1,-1,-1,0
Unvalidated,2024010494304,2024,010494304,1,3,0,99,9,9,99,9,9,99,9,99,1,1,1,1,23,5,-1,-1,-1,-1,7,1,E01003407,0
Unvalidated,2024010494304,2024,010494304,2,9,9,99,9,9,99,9,9,99,9,99,9,9,6,3,-1,-1,-1,-1,-1,-1,-1,-1,-1,0
Unvalidated,2024010494306,2024,010494306,1,19,0,9,1,6,0,1,0,0,0,0,1,1,1,1,59,9,-1,-1,-1,-1,3,1,E01001177,0
Unvalidated,2024010494308,2024,010494308,1,11,0,5,1,5,0,8,0,0,0,0,0,1,1,1,33,6,-1,-1,-1,-1,3,1,E01001362,0
Unvalidated,2024010494310,2024,010494310,1,8,0,99,9,9,99,0,9,99,9,99,2,9,1,1,48,8,-1,-1,-1,-1,4,1,E01002594,0
Unvalidated,2024010494310,2024,010494310,2,9,0,99,9,9,99,0,9,99,9,99,1,9,6,3,-1,-1,-1,-1,-1,-1,5,1,E01000636,0
Unvalidated,2024010494313,2024,010494313,1,3,0,99,9,9,99,9,9,99,9,99,9,1,2,1,33,6,-1,-1,-1,-1,4,1,E01000618,0
Unvalidated,2024010494313,2024,010494313,2,9,0,99,9,9,99,9,9,99,9,99,9,9,6,3,-1,-1,-1,-1,-1,-1,-1,-1,-1,0
Unvalidated,2024010494318,2024,010494318,1,1,9,99,9,9,99,9,9,99,9,99,1,1,6,1,27,6,-1,-1,-1,-1,2,1,E01003112,0
Unvalidated,2024010494318,2024,010494318,2,9,0,99,9,9,99,9,9,99,9,99,1,9,6,2,-1,-1,-1,-1,-1,-1,8,1,E01004170,0
Unvalidated,2024010494320,2024,010494320,1,3,0,99,9,9,99,9,9,0,9,99,1,1,1,1,52,8,-1,-1,-1,-1,5,1,E01000281,0
Unvalidated,2024010494320,2024,010494320,2,9,0,99,9,9,99,9,9,99,9,99,9,9,6,3,-1,-1,-1,-1,-1,-1,3,1,E01000163,0
Unvalidated,2024010494321,2024,010494321,1,3,9,99,9,9,99,9,9,99,9,99,9,1,6,3,29,6,-1,-1,-1,-1,3,1,E01001676,0
Unvalidated,2024010494321,2024,010494321,2,9,9,99,9,9,99,9,9,99,9,99,9,9,6,3,-1,-1,-1,-1,-1,-1,-1,-1,-1,0
Unvalidated,2024010494325,2024,010494325,1,9,0,1,9,9,99,1,9,99,9,99,2,1,6,1,60,9,-1,-1,-1,-1,3,1,E01031789,0
Unvalidated,2024010494331,2024,010494331,1,1,9,99,9,9,99,9,9,99,9,99,1,1,2,1,25,5,-1,-1,-1,-1,5,1,E01001381,0
Unvalidated,2024010494331,2024,010494331,2,9,0,99,9,9,99,9,9,99,9,99,1,9,6,3,-1,-1,-1,-1,-1,-1,-1,-1,-1,0
Unvalidated,2024010494332,2024,010494332,1,3,9,99,9,9,99,9,9,99,9,99,2,1,1,1,24,5,-1,-1,-1,-1,7,1,E01023682,0
Unvalidated,2024010494332,2024,010494332,2,9,9,99,9,9,99,9,9,99,9,99,1,9,6,3,-1,-1,-1,-1,-1,-1,-1,-1,-1,0
Unvalidated,2024010494338,2024,010494338,1,9,0,99,9,9,99,9,9,99,9,99,4,9,6,3,-1,-1,-1,-1,-1,-1,10,1,E01016687,0
Unvalidated,2024010494338,2024,010494338,2,9,9,12,4,8,99,1,9,0,0,0,9,1,6,1,42,7,-1,-1,-1,-1,6,1,E01016477,0
Unvalidated,2024010494346,2024,010494346,1,1,9,99,9,9,4,0,0,0,0,0,1,1,2,1,16,4,-1,-1,-1,-1,6,1,E01004583,0
Unvalidated,2024010494346,2024,010494346,2,90,0,7,1,2,5,0,0,0,0,0,4,2,6,1,-1,-1,-1,-1,-1,-1,-1,-1,-1,0
Unvalidated,2024010494347,2024,010494347,1,19,0,9,1,7,0,5,0,0,0,0,1,1,1,1,27,6,-1,-1,-1,-1,10,1,E01002208,0
Unvalidated,2024010494347,2024,010494347,2,1,0,18,1,5,5,8,0,0,0,0,4,1,6,1,42,7,-1,-1,-1,-1,1,1,E01033455,0
Unvalidated,2024010494350,2024,010494350,1,1,9,99,9,9,99,9,9,99,9,99,9,1,2,1,55,8,-1,-1,-1,-1,5,1,E01004523,0
Unvalidated,2024010494350,2024,010494350,2,9,0,99,9,9,99,9,9,99,9,99,9,9,6,3,-1,-1,-1,-1,-1,-1,-1,-1,-1,0
Unvalidated,2024010494353,2024,010494353,1,19,0,3,5,1,0,8,0,0,0,0,2,1,1,1,48,8,-1,-1,-1,-1,6,1,E01023786,0
Unvalidated,2024010494353,2024,010494353,2,9,0,3,5,1,0,8,0,0,0,0,1,1,2,1,50,8,-1,-1,-1,-1,4,1,E01030115,0
Unvalidated,2024010494353,2024,010494353,3,9,0,18,5,1,0,8,0,0,0,0,1,1,6,3,-1,-1,-1,-1,-1,-1,-1,-1,-1,0
Unvalidated,2024010494356,2024,010494356,1,1,9,99,9,9,99,9,9,99,9,99,2,1,2,2,33,6,-1,-1,-1,-1,4,1,E01002642,0
Unvalidated,2024010494356,2024,010494356,2,9,0,99,9,9,99,9,9,99,9,99,9,9,6,3,-1,-1,-1,-1,-1,-1,-1,-1,-1,0
Unvalidated,2024010494358,2024,010494358,1,9,0,18,3,7,0,4,0,0,0,0,1,1,6,2,49,8,-1,-1,-1,-1,2,1,E01001010,0
Unvalidated,2024010494358,2024,010494358,2,9,0,9,7,5,0,3,0,0,0,0,4,1,6,2,32,6,-1,-1,-1,-1,5,1,E01001035,0
Unvalidated,2024010494366,2024,010494366,1,3,0,99,9,9,99,9,9,99,9,99,9,1,1,1,23,5,-1,-1,-1,-1,3,1,E01032581,0
Unvalidated,2024010494366,2024,010494366,2,9,0,99,9,9,99,9,9,99,9,99,9,9,6,3,-1,-1,-1,-1,-1,-1,-1,-1,-1,0
Unvalidated,2024010494373,2024,010494373,1,9,0,99,9,9,0,1,0,0,0,0,1,1,6,1,-1,-1,-1,-1,-1,-1,-1,-1,-1,0
Unvalidated,2024010494374,2024,010494374,1,3,0,18,9,9,99,0,9,99,9,99,2,1,6,1,21,5,-1,-1,-1,-1,3,1,E01003981,0
Unvalidated,2024010494374,2024,010494374,2,9,0,18,9,9,99,0,9,99,9,99,1,9,6,3,-1,-1,-1,-1,-1,-1,-1,-1,-1,0
Unvalidated,2024010494377,2024,010494377,1,8,0,99,9,9,99,9,9,99,9,99,4,9,1,1,72,10,-1,-1,-1,-1,3,1,E01003073,0
Unvalidated,2024010494377,2024,010494377,2,10,0,99,9,9,99,9,9,99,9,99,2,9,6,3,-1,-1,-1,-1,-1,-1,-1,-1,-1,0
Unvalidated,2024010494378,2024,010494378,1,9,0,99,9,9,0,1,9,99,9,99,2,9,6,2,44,7,-1,-1,-1,-1,9,1,E01001028,0
Unvalidated,2024010494378,2024,010494378,2,9,0,18,1,5,0,1,0,99,0,0,1,9,6,3,-1,-1,-1,-1,-1,-1,-1,-1,-1,0
Unvalidated,2024010494379,2024,010494379,1,9,0,18,1,5,0,8,0,0,0,0,0,2,6,1,46,8,-1,-1,-1,-1,1,1,E01000939,0
Unvalidated,2024010494381,2024,010494381,1,11,0,5,7,3,2,1,0,0,0,0,0,1,1,1,48,8,-1,-1,-1,-1,4,1,E01001261,0
Unvalidated,2024010494383,2024,010494383,1,9,0,99,9,9,99,9,9,99,9,99,1,9,1,2,30,6,-1,-1,-1,-1,9,1,E01015405,0
Unvalidated,2024010494383,2024,010494383,2,1,9,99,9,9,99,9,9,99,9,99,9,1,6,1,-1,-1,-1,-1,-1,-1,-1,-1,-1,0
Unvalidated,2024010494386,2024,010494386,1,9,0,6,7,7,0,0,0,0,0,0,4,1,2,1,25,5,-1,-1,-1,-1,6,3,E01024345,0
Unvalidated,2024010494386,2024,010494386,2,9,0,18,7,3,0,0,0,0,0,0,1,1,2,2,35,6,-1,-1,-1,-1,1,1,E01002673,0
Unvalidated,2024010494388,2024,010494388,1,19,0,18,7,3,0,8,0,0,0,0,1,1,2,1,36,7,-1,-1,-1,-1,-1,-1,-1,0
Unvalidated,2024010494388,2024,010494388,2,9,0,18,1,5,0,6,0,0,0,0,3,1,6,2,23,5,-1,-1,-1,-1,6,1,E01001991,0
Unvalidated,2024010494389,2024,010494389,1,3,0,99,9,9,99,9,9,99,9,99,9,1,1,1,33,6,-1,-1,-1,-1,3,1,E01003525,0
Unvalidated,2024010494389,2024,010494389,2,9,0,99,9,9,99,9,9,99,9,99,2,9,6,1,48,8,-1,-1,-1,-1,5,1,E01004363,0
Unvalidated,2024010494391,2024,010494391,1,1,9,99,9,9,99,9,9,99,9,99,2,1,6,1,24,5,-1,-1,-1,-1,2,1,E01001848,0
Unvalidated,2024010494391,2024,010494391,2,9,0,99,9,9,99,9,9,99,9,99,1,9,6,3,-1,-1,-1,-1,-1,-1,-1,-1,-1,0
Unvalidated,2024010494394,2024,010494394,1,9,0,99,9,9,99,0,9,99,9,99,2,9,2,2,25,5,-1,-1,-1,-1,9,1,E01000656,0
Unvalidated,2024010494394,2024,010494394,2,9,0,99,9,9,99,0,9,99,9,99,2,9,6,3,-1,-1,-1,-1,-1,-1,-1,-1,-1,0
Unvalidated,2024010494395,2024,010494395,1,9,0,7,4,6,0,1,0,0,0,0,2,1,6,2,55,8,-1,-1,-1,-1,5,1,E01002619,0
Unvalidated,2024010494395,2024,010494395,2,19,0,18,4,8,0,1,0,0,0,0,1,1,6,1,37,7,-1,-1,-1,-1,5,1,E01002586,0
Unvalidated,2024010494397,2024,010494397,1,11,0,18,1,5,0,1,0,0,0,0,0,1,1,1,65,9,-1,-1,-1,-1,4,1,E01001009,0
Unvalidated,2024010494401,2024,010494401,1,9,0,18,1,5,0,0,0,0,0,0,2,1,1,1,38,7,-1,-1,-1,-1,2,1,E01002506,0
Unvalidated,2024010494401,2024,010494401,2,9,0,14,1,5,0,0,0,0,0,0,1,1,6,3,-1,-1,-1,-1,-1,-1,-1,-1,-1,0
Unvalidated,2024010494402,2024,010494402,1,9,0,3,7,3,0,1,0,0,0,0,2,1,6,1,51,8,-1,-1,-1,-1,6,1,E01003843,0
Unvalidated,2024010494402,2024,010494402,2,9,0,18,7,3,0,1,0,0,0,0,1,1,6,3,-1,-1,-1,-1,-1,-1,-1,-1,-1,0
Unvalidated,2024010494404,2024,010494404,1,9,0,99,9,9,99,0,9,99,9,99,9,9,6,1,30,6,-1,-1,-1,-1,3,1,E01002308,0
Unvalidated,2024010494404,2024,010494404,2,9,0,99,9,9,99,0,9,99,9,99,9,9,6,3,-1,-1,-1,-1,-1,-1,-1,-1,-1,0
Unvalidated,2024010494405,2024,010494405,1,3,0,6,1,1,0,0,2,10,0,0,3,1,6,1,28,6,-1,-1,-1,-1,4,1,E01001005,0
Unvalidated,2024010494410,2024,010494410,1,3,0,13,7,3,0,0,0,0,0,0,1,1,6,1,-1,-1,-1,-1,-1,-1,-1,-1,-1,0
Unvalidated,2024010494411,2024,010494411,1,1,9,99,9,9,99,0,9,99,9,0,9,1,1,1,36,7,-1,-1,-1,-1,3,1,E01003583,0
Unvalidated,2024010494411,2024,010494411,2,19,9,99,9,9,99,0,9,99,9,99,9,1,6,3,-1,-1,-1,-1,-1,-1,-1,-1,-1,0
Unvalidated,2024010494412,2024,010494412,1,9,0,18,5,1,0,1,0,0,0,0,4,1,6,3,-1,-1,-1,-1,-1,-1,-1,-1,-1,0
Unvalidated,2024010494415,2024,010494415,1,11,0,18,1,5,0,1,0,0,0,0,1,1,6,1,-1,-1,-1,-1,-1,-1,-1,-1,-1,0
Unvalidated,2024010494416,2024,010494416,1,11,0,18,2,6,0,0,0,0,0,0,1,1,1,1,56,9,-1,-1,-1,-1,4,1,E01003115,0
Unvalidated,2024010494416,2024,010494416,2,1,0,18,2,6,0,0,2,7,0,0,1,1,6,1,42,7,-1,-1,-1,-1,3,1,E01003387,0
Unvalidated,2024010494422,2024,010494422,1,9,0,18,1,5,0,0,0,0,0,0,1,1,6,1,50,8,-1,-1,-1,-1,5,1,E01001214,0
Unvalidated,2024010494425,2024,010494425,1,9,0,99,9,9,99,0,9,99,9,99,2,9,6,1,40,7,-1,-1,-1,-1,3,1,E01003221,0
Unvalidated,2024010494425,2024,010494425,2,9,0,99,9,9,99,0,9,99,9,99,2,9,6,3,-1,-1,-1,-1,-1,-1,-1,-1,-1,0
Unvalidated,2024010494425,2024,010494425,3,9,0,99,9,9,99,0,9,99,9,99,2,9,6,3,-1,-1,-1,-1,-1,-1,4,1,E01001975,0
Unvalidated,2024010494425,2024,010494425,4,9,0,99,9,9,99,0,9,99,9,99,2,9,6,3,-1,-1,-1,-1,-1,-1,2,1,E01004235,0
Unvalidated,2024010494427,2024,010494427,1,9,0,99,9,9,0,1,0,0,0,0,2,1,6,3,50,8,-1,-1,-1,-1,1,1,E01000605,0
Unvalidated,2024010494436,2024,010494436,1,3,0,99,9,9,99,0,9,99,9,99,9,1,6,3,19,4,-1,-1,-1,-1,3,1,E01004571,0
Unvalidated,2024010494436,2024,010494436,2,9,0,99,9,9,99,0,9,99,9,99,9,9,6,3,-1,-1,-1,-1,-1,-1,-1,-1,-1,0
Unvalidated,2024010494437,2024,010494437,1,9,9,99,9,9,99,9,9,99,9,99,9,9,6,1,-1,-1,-1,-1,-1,-1,3,1,E01002130,0
Unvalidated,2024010494437,2024,010494437,2,9,9,99,9,9,99,9,9,99,9,99,9,9,6,3,-1,-1,-1,-1,-1,-1,-1,-1,-1,0
Unvalidated,2024010494440,2024,010494440,1,3,0,18,9,9,99,0,9,99,9,99,9,1,1,1,29,6,-1,-1,-1,-1,4,1,E01003554,0
Unvalidated,2024010494440,2024,010494440,2,9,0,6,9,9,99,0,9,99,9,99,9,9,6,3,-1,-1,-1,-1,-1,-1,-1,-1,-1,0
Unvalidated,2024010494441,2024,010494441,1,3,0,99,9,9,99,9,9,99,9,99,1,1,1,1,29,6,-1,-1,-1,-1,1,1,E01002067,0
Unvalidated,2024010494441,2024,010494441,2,9,9,99,9,9,99,9,9,99,9,99,9,9,6,3,-1,-1,-1,-1,-1,-1,-1,-1,-1,0
Unvalidated,2024010494448,2024,010494448,1,2,0,18,3,7,0,3,0,0,0,0,2,1,6,1,29,6,-1,-1,-1,-1,3,1,E01001171,0
Unvalidated,2024010494450,2024,010494450,1,2,9,5,1,5,0,9,0,99,0,0,9,1,6,3,-1,-1,-1,-1,-1,-1,-1,-1,-1,0
Unvalidated,2024010494454,2024,010494454,1,19,0,6,5,5,0,2,0,0,0,0,3,1,6,3,-1,-1,-1,-1,-1,-1,-1,-1,-1,0
Unvalidated,2024010494454,2024,010494454,2,1,0,18,5,1,0,2,5,0,0,0,1,1,6,1,17,4,-1,-1,-1,-1,4,1,E01002065,0