status,collision_index,collision_year,collision_reference,vehicle_reference,vehicle_type,towing_and_articulation,vehicle_manoeuvre,vehicle_direction_from,vehicle_direction_to,vehicle_location_restricted_lane,junction_location,skidding_and_overturning,hit_object_in_carriageway,vehicle_leaving_carriageway,hit_object_off_carriageway,first_point_of_impact,vehicle_left_hand_drive,journey_purpose_of_driver,sex_of_driver,age_of_driver,age_band_of_driver,engine_capacity_cc,propulsion_code,age_of_vehicle,generic_make_model,driver_imd_decile,driver_home_area_type,lsoa_of_driver,escooter_flag
Unvalidated,2024010494459,2024,010494459,1,9,9,99,9,9,99,9,9,99,9,99,2,9,6,3,23,5,-1,-1,-1,-1,1,1,E01000596,0
Unvalidated,2024010494460,2024,010494460,1,9,9,99,9,9,99,9,9,0,9,99,9,9,6,3,-1,-1,-1,-1,-1,-1,-1,-1,-1,0
Unvalidated,2024010494462,2024,010494462,1,9,0,2,0,0,99,0,0,0,9,0,3,9,6,3,-1,-1,-1,-1,-1,-1,-1,-1,-1,0
Unvalidated,2024010494462,2024,010494462,2,20,0,18,7,3,99,0,0,0,9,0,4,9,1,1,42,7,-1,-1,-1,-1,5,1,E01003130,0
Unvalidated,2024010494467,2024,010494467,1,9,0,18,3,7,0,6,0,0,0,0,2,1,6,1,63,9,-1,-1,-1,-1,-1,-1,-1,0
Unvalidated,2024010494467,2024,010494467,2,19,0,18,3,7,0,6,0,0,0,0,1,1,1,1,50,8,-1,-1,-1,-1,3,1,E01002771,0
Unvalidated,2024010494468,2024,010494468,1,9,0,18,7,3,0,1,0,0,0,0,4,1,2,1,48,8,-1,-1,-1,-1,2,1,E01001191,0
Unvalidated,2024010494477,2024,010494477,1,3,0,99,9,9,99,1,9,99,9,99,1,1,1,1,21,5,-1,-1,-1,-1,7,1,E01001308,0
Unvalidated,2024010494477,2024,010494477,2,19,0,1,9,9,99,1,9,99,9,99,2,9,6,3,-1,-1,-1,-1,-1,-1,-1,-1,-1,0
Unvalidated,2024010494481,2024,010494481,1,11,0,5,3,7,0,1,0,0,0,0,0,1,1,1,42,7,-1,-1,-1,-1,3,1,E01003609,0
Unvalidated,2024010494482,2024,010494482,1,3,0,18,1,5,0,8,0,0,0,0,9,1,1,1,25,5,-1,-1,-1,-1,9,1,E01000201,0
Unvalidated,2024010494482,2024,010494482,2,9,9,99,9,9,99,9,9,99,9,99,9,9,6,3,-1,-1,-1,-1,-1,-1,-1,-1,-1,0
Unvalidated,2024010494485,2024,010494485,1,9,0,9,1,7,0,3,0,0,0,0,1,1,1,1,40,7,-1,-1,-1,-1,1,1,E01004256,0
Unvalidated,2024010494485,2024,010494485,2,90,0,11,1,5,4,3,0,0,0,0,1,1,2,1,25,5,-1,-1,-1,-1,3,1,E01003998,0
Unvalidated,2024010494486,2024,010494486,1,97,0,13,1,5,0,0,0,0,0,0,1,1,6,3,-1,-1,-1,-1,-1,-1,-1,-1,-1,0
Unvalidated,2024010494491,2024,010494491,1,9,0,99,9,9,99,9,9,99,9,99,9,9,6,2,53,8,-1,-1,-1,-1,5,1,E01000911,0
Unvalidated,2024010494491,2024,010494491,2,1,9,99,9,9,99,9,9,99,9,99,9,1,6,1,-1,-1,-1,-1,-1,-1,-1,-1,-1,0
Unvalidated,2024010494498,2024,010494498,1,3,0,99,9,9,99,2,9,99,9,99,9,1,1,1,48,8,-1,-1,-1,-1,1,1,E01001847,0
Unvalidated,2024010494498,2024,010494498,2,8,0,99,9,9,99,1,9,99,9,99,9,9,6,3,-1,-1,-1,-1,-1,-1,-1,-1,-1,0
Unvalidated,2024010494504,2024,010494504,1,9,0,7,3,5,0,1,0,0,0,0,1,1,6,2,18,4,-1,-1,-1,-1,8,1,E01003225,0
Unvalidated,2024010494504,2024,010494504,2,9,0,9,5,3,0,1,0,0,0,0,3,1,6,2,26,6,-1,-1,-1,-1,10,1,E01024144,0
Unvalidated,2024010494505,2024,010494505,1,19,0,99,9,9,99,9,9,99,9,99,2,1,6,1,27,6,-1,-1,-1,-1,3,1,E01002185,0
Unvalidated,2024010494505,2024,010494505,2,9,0,99,9,9,99,9,9,99,9,99,1,1,6,3,-1,-1,-1,-1,-1,-1,-1,-1,-1,0
Unvalidated,2024010494507,2024,010494507,1,10,0,18,3,7,0,8,0,11,0,0,4,1,1,1,31,6,-1,-1,-1,-1,4,1,E01003937,0
Unvalidated,2024010494507,2024,010494507,2,11,0,18,5,1,0,8,0,0,0,0,1,1,1,1,35,6,-1,-1,-1,-1,-1,-1,-1,0
Unvalidated,2024010494510,2024,010494510,1,9,0,3,8,4,0,1,0,0,0,0,2,1,6,2,68,10,-1,-1,-1,-1,-1,-1,-1,0
Unvalidated,2024010494510,2024,010494510,2,9,0,18,8,4,0,1,0,0,0,0,1,1,6,3,-1,-1,-1,-1,-1,-1,-1,-1,-1,0
Unvalidated,2024010494514,2024,010494514,1,9,0,16,1,5,0,1,1,0,0,0,2,1,6,1,17,4,-1,-1,-1,-1,2,1,E01003599,0
Unvalidated,2024010494514,2024,010494514,2,9,0,16,5,1,0,1,0,0,0,0,1,1,6,3,18,4,-1,-1,-1,-1,5,1,E01003787,0
Unvalidated,2024010494514,2024,010494514,3,19,0,3,1,5,0,1,0,0,0,0,1,1,6,1,49,8,-1,-1,-1,-1,3,1,E01024307,0
Unvalidated,2024010494514,2024,010494514,4,9,0,2,0,0,0,1,0,0,0,0,4,1,6,3,-1,-1,-1,-1,-1,-1,-1,-1,-1,0
Unvalidated,2024010494514,2024,010494514,5,9,0,2,0,0,0,1,0,0,0,0,4,1,6,3,-1,-1,-1,-1,-1,-1,-1,-1,-1,0
Unvalidated,2024010494515,2024,010494515,1,3,0,99,9,9,99,9,9,99,9,99,9,1,1,1,29,6,-1,-1,-1,-1,3,1,E01000637,0
Unvalidated,2024010494515,2024,010494515,2,9,0,99,9,9,99,9,9,99,9,99,9,9,6,3,-1,-1,-1,-1,-1,-1,-1,-1,-1,0
Unvalidated,2024010494521,2024,010494521,1,19,0,99,9,9,99,9,9,99,9,99,1,9,6,3,45,7,-1,-1,-1,-1,6,1,E01001235,0
Unvalidated,2024010494522,2024,010494522,1,11,0,99,9,9,99,9,9,99,9,99,9,9,6,3,53,8,-1,-1,-1,-1,5,1,E01015928,0
Unvalidated,2024010494523,2024,010494523,1,3,0,99,9,9,99,9,9,99,9,99,1,1,2,1,35,6,-1,-1,-1,-1,2,1,E01004238,0
Unvalidated,2024010494523,2024,010494523,2,9,0,99,9,9,99,9,9,99,9,99,9,9,6,3,-1,-1,-1,-1,-1,-1,7,1,E01000983,0
Unvalidated,2024010494526,2024,010494526,1,9,0,17,5,1,0,1,0,0,0,0,0,1,6,3,-1,-1,-1,-1,-1,-1,-1,-1,-1,0
Unvalidated,2024010494526,2024,010494526,2,19,0,18,1,5,0,3,0,0,0,0,0,1,6,1,54,8,-1,-1,-1,-1,6,1,E01001266,0
Unvalidated,2024010494534,2024,010494534,1,9,0,7,6,1,0,6,0,0,0,0,3,1,6,1,38,7,-1,-1,-1,-1,2,1,E01004263,0
Unvalidated,2024010494535,2024,010494535,1,9,0,18,1,5,0,0,0,0,0,0,1,1,6,2,74,10,-1,-1,-1,-1,3,1,E01002532,0
Unvalidated,2024010494538,2024,010494538,1,9,0,99,9,9,99,9,9,99,9,99,9,9,6,3,-1,-1,-1,-1,-1,-1,-1,-1,-1,0
Unvalidated,2024010494540,2024,010494540,1,3,0,99,9,9,99,9,9,99,9,99,9,1,2,1,44,7,-1,-1,-1,-1,4,1,E01003166,0
Unvalidated,2024010494540,2024,010494540,2,19,9,99,9,9,99,9,9,99,9,99,9,9,6,3,-1,-1,-1,-1,-1,-1,3,1,E01018145,0
Unvalidated,2024010494541,2024,010494541,1,23,0,13,3,7,0,1,0,0,0,0,3,1,6,1,53,8,-1,-1,-1,-1,10,1,E01003797,0
Unvalidated,2024010494541,2024,010494541,2,8,0,6,3,3,0,1,0,0,0,0,1,1,1,1,43,7,-1,-1,-1,-1,3,1,E01003094,0
Unvalidated,2024010494543,2024,010494543,1,9,0,99,9,9,99,0,9,99,9,99,2,9,2,1,60,9,-1,-1,-1,-1,5,1,E01003198,0
Unvalidated,2024010494543,2024,010494543,2,9,0,99,9,9,99,0,9,99,9,99,9,9,6,3,-1,-1,-1,-1,-1,-1,-1,-1,-1,0
Unvalidated,2024010494545,2024,010494545,1,11,0,5,1,5,0,8,0,0,0,0,0,1,1,1,54,8,-1,-1,-1,-1,4,1,E01003919,0
Unvalidated,2024010494546,2024,010494546,1,3,0,99,9,9,99,0,9,99,9,99,1,1,1,1,38,7,-1,-1,-1,-1,3,1,E01003525,0
Unvalidated,2024010494546,2024,010494546,2,9,0,99,9,9,99,0,9,99,9,99,9,9,6,3,53,8,-1,-1,-1,-1,2,1,E01004226,0
Unvalidated,2024010494547,2024,010494547,1,1,9,99,9,9,99,9,9,99,9,99,1,1,2,1,50,8,-1,-1,-1,-1,6,3,E01030862,0
Unvalidated,2024010494547,2024,010494547,2,9,0,99,9,9,99,9,9,99,9,99,9,9,6,3,-1,-1,-1,-1,-1,-1,9,1,E01015809,0
Unvalidated,2024010494548,2024,010494548,1,8,0,11,7,3,0,0,0,0,0,0,4,1,1,1,57,9,-1,-1,-1,-1,2,1,E01015787,0
Unvalidated,2024010494548,2024,010494548,2,4,0,18,7,3,0,0,1,0,1,0,3,1,2,1,36,7,-1,-1,-1,-1,7,1,E01023901,0
Unvalidated,2024010494553,2024,010494553,1,9,0,9,5,3,0,8,0,0,3,0,4,1,6,1,48,8,-1,-1,-1,-1,2,1,E01003243,0
Unvalidated,2024010494553,2024,010494553,2,8,0,18,3,7,0,8,0,0,0,0,1,1,1,1,54,8,-1,-1,-1,-1,1,1,E01004042,0
Unvalidated,2024010494554,2024,010494554,1,1,0,18,1,5,5,0,1,0,0,0,1,1,6,1,34,6,-1,-1,-1,-1,-1,-1,-1,0
Unvalidated,2024010494557,2024,010494557,1,9,0,15,1,5,0,1,0,0,0,0,1,1,6,1,22,5,-1,-1,-1,-1,9,1,E01001098,0
Unvalidated,2024010494557,2024,010494557,2,9,0,9,1,6,0,1,0,0,1,0,2,1,6,1,53,8,-1,-1,-1,-1,4,1,E01001165,0
Unvalidated,2024010494560,2024,010494560,1,9,5,18,1,5,0,0,0,0,0,0,2,1,6,1,26,6,-1,-1,-1,-1,4,2,E01024429,0
Unvalidated,2024010494560,2024,010494560,2,9,0,18,1,5,0,0,0,0,0,0,1,1,6,2,49,8,-1,-1,-1,-1,2,1,E01003191,0
Unvalidated,2024010494561,2024,010494561,1,9,0,5,3,7,0,8,0,0,0,0,1,1,1,1,50,8,-1,-1,-1,-1,2,1,E01003943,0
Unvalidated,2024010494561,2024,010494561,2,1,0,5,3,7,0,8,0,0,0,0,2,1,6,2,31,6,-1,-1,-1,-1,4,1,E01003043,0
Unvalidated,2024010494562,2024,010494562,1,9,0,18,7,3,0,1,0,0,0,0,1,1,2,1,59,9,-1,-1,-1,-1,6,1,E01002126,0
Unvalidated,2024010494563,2024,010494563,1,1,9,99,9,9,99,9,9,99,9,99,9,1,2,1,45,7,-1,-1,-1,-1,3,1,E01003637,0
Unvalidated,2024010494563,2024,010494563,2,9,0,99,9,9,99,9,9,99,9,99,1,9,6,1,50,8,-1,-1,-1,-1,3,1,E01000011,0
Unvalidated,2024010494567,2024,010494567,1,9,9,99,9,9,99,9,9,99,9,99,2,9,6,1,46,8,-1,-1,-1,-1,2,1,E01003390,0
Unvalidated,2024010494567,2024,010494567,2,98,9,99,9,9,99,9,9,99,9,99,9,9,1,1,38,7,-1,-1,-1,-1,8,1,E01030659,0
Unvalidated,2024010494574,2024,010494574,1,9,0,18,5,1,9,3,0,0,3,1,1,1,6,2,53,8,-1,-1,-1,-1,8,1,E01024184,0
Unvalidated,2024010494575,2024,010494575,1,19,0,9,7,5,0,5,0,0,1,0,3,1,6,3,-1,-1,-1,-1,-1,-1,-1,-1,-1,0
Unvalidated,2024010494579,2024,010494579,1,9,9,99,9,9,99,9,9,99,9,99,9,1,6,3,-1,-1,-1,-1,-1,-1,-1,-1,-1,0
Unvalidated,2024010494586,2024,010494586,1,1,9,99,9,9,99,9,9,99,9,99,2,1,2,1,51,8,-1,-1,-1,-1,4,1,E01003913,0
Unvalidated,2024010494586,2024,010494586,2,9,0,99,9,9,99,9,9,99,9,99,1,9,6,3,-1,-1,-1,-1,-1,-1,-1,-1,-1,0
Unvalidated,2024010494587,2024,010494587,1,9,0,18,3,7,0,2,0,0,0,0,1,1,1,1,30,6,-1,-1,-1,-1,1,1,E01002773,0
Unvalidated,2024010494587,2024,010494587,2,1,0,18,7,3,0,1,0,0,0,0,1,1,6,2,18,4,-1,-1,-1,-1,3,1,E01001858,0
Unvalidated,2024010494588,2024,010494588,1,9,0,18,7,3,0,0,0,0,0,0,1,1,6,1,31,6,-1,-1,-1,-1,3,1,E01004303,0
Unvalidated,2024010494589,2024,010494589,1,9,0,18,3,7,0,1,0,0,0,0,1,1,6,1,23,5,-1,-1,-1,-1,3,1,E01002557,0
Unvalidated,2024010494589,2024,010494589,2,4,0,18,3,7,0,1,0,0,0,0,2,1,1,1,28,6,-1,-1,-1,-1,3,1,E01003296,0
Unvalidated,2024010494592,2024,010494592,1,3,0,18,1,5,0,8,5,0,0,0,2,1,1,1,18,4,-1,-1,-1,-1,7,1,E01033023,0
Unvalidated,2024010494592,2024,010494592,2,9,0,18,1,5,0,1,0,0,0,0,1,1,6,3,-1,-1,-1,-1,-1,-1,-1,-1,-1,0
Unvalidated,2024010494593,2024,010494593,1,3,0,18,5,1,0,0,5,0,0,0,3,1,2,1,50,8,-1,-1,-1,-1,4,1,E01004371,0
Unvalidated,2024010494593,2024,010494593,2,9,0,11,5,1,0,0,0,0,0,0,4,1,6,1,-1,-1,-1,-1,-1,-1,-1,-1,-1,0
Unvalidated,2024010494598,2024,010494598,1,4,0,15,3,7,4,1,1,0,0,0,1,1,6,1,75,10,-1,-1,-1,-1,9,1,E01003462,0
Unvalidated,2024010494599,2024,010494599,1,4,0,18,7,3,0,0,0,0,1,0,1,1,6,1,24,5,-1,-1,-1,-1,8,1,E01003777,0
Unvalidated,2024010494599,2024,010494599,2,9,0,2,0,0,9,0,0,0,0,0,1,1,6,3,-1,-1,-1,-1,-1,-1,-1,-1,-1,0
Unvalidated,2024010494600,2024,010494600,1,9,0,9,4,2,0,5,0,0,0,0,4,1,6,1,24,5,-1,-1,-1,-1,8,1,E01033027,0
Unvalidated,2024010494600,2024,010494600,2,1,0,18,2,6,2,1,5,0,1,0,1,1,1,1,47,8,-1,-1,-1,-1,2,1,E01000861,0
Unvalidated,2024010494604,2024,010494604,1,19,4,18,4,8,0,3,0,0,0,0,1,2,1,2,40,7,-1,-1,-1,-1,-1,-1,-1,0
Unvalidated,2024010494604,2024,010494604,2,9,0,18,4,8,0,3,0,0,0,0,2,1,6,1,47,8,-1,-1,-1,-1,-1,1,-1,0
Unvalidated,2024010494607,2024,010494607,1,4,0,18,1,5,0,0,0,0,0,0,3,1,6,1,20,4,-1,-1,-1,-1,3,1,E01003372,0
Unvalidated,2024010494608,2024,010494608,1,4,0,99,9,9,99,1,9,99,9,99,1,1,6,1,25,5,-1,-1,-1,-1,2,1,E01003933,0
Unvalidated,2024010494608,2024,010494608,2,3,0,99,9,9,99,5,9,99,9,99,1,1,6,3,-1,-1,-1,-1,-1,-1,-1,-1,-1,0
Unvalidated,2024010494609,2024,010494609,1,11,0,4,5,1,0,2,0,0,0,0,0,1,1,2,53,8,-1,-1,-1,-1,3,1,E01004038,0
Unvalidated,2024010494611,2024,010494611,1,3,0,99,9,9,99,9,9,99,9,99,1,1,1,2,22,5,-1,-1,-1,-1,2,1,E01003120,0
Unvalidated,2024010494611,2024,010494611,2,9,9,99,9,9,99,9,9,99,9,99,9,9,6,3,-1,-1,-1,-1,-1,-1,-1,-1,-1,0
Unvalidated,2024010494616,2024,010494616,1,3,0,99,9,9,99,9,9,99,9,99,1,1,6,1,31,6,-1,-1,-1,-1,3,1,E01001109,0
Unvalidated,2024010494616,2024,010494616,2,9,0,99,9,9,99,9,9,99,9,99,1,9,6,3,-1,-1,-1,-1,-1,-1,-1,-1,-1,0
Unvalidated,2024010494618,2024,010494618,1,9,0,18,7,3,0,8,0,0,0,0,3,1,2,2,37,7,-1,-1,-1,-1,4,1,E01003410,0
Unvalidated,2024010494618,2024,010494618,2,9,0,18,5,1,0,8,0,0,0,0,1,9,6,1,-1,-1,-1,-1,-1,-1,3,1,E01001048,0
Unvalidated,2024010494624,2024,010494624,1,1,9,99,9,9,99,9,9,99,9,99,9,1,2,1,31,6,-1,-1,-1,-1,4,1,E01001756,0
Unvalidated,2024010494624,2024,010494624,2,19,0,99,9,9,99,9,9,99,9,99,9,9,6,3,-1,-1,-1,-1,-1,-1,-1,-1,-1,0
Unvalidated,2024010494628,2024,010494628,1,9,0,99,9,9,99,9,9,99,9,99,9,9,2,1,52,8,-1,-1,-1,-1,2,1,E01000073,0
Unvalidated,2024010494628,2024,010494628,2,9,9,99,9,9,99,9,9,99,9,99,9,9,6,3,-1,-1,-1,-1,-1,-1,-1,-1,-1,0
Unvalidated,2024010494629,2024,010494629,1,3,0,99,9,9,99,9,9,99,9,99,9,1,1,3,31,6,-1,-1,-1,-1,2,1,E01002051,0
Unvalidated,2024010494629,2024,010494629,2,9,9,99,9,9,99,9,9,99,9,99,9,9,6,3,-1,-1,-1,-1,-1,-1,-1,-1,-1,0
Unvalidated,2024010494631,2024,010494631,1,1,9,99,9,9,4,1,9,99,9,99,1,1,6,2,32,6,-1,-1,-1,-1,5,1,E01002801,0
Unvalidated,2024010494631,2024,010494631,2,8,0,99,9,9,99,5,9,99,9,99,1,9,6,3,-1,-1,-1,-1,-1,-1,-1,-1,-1,0
Unvalidated,2024010494633,2024,010494633,1,9,0,4,7,3,0,0,0,0,0,0,4,1,3,2,40,7,-1,-1,-1,-1,9,1,E01002263,0
Unvalidated,2024010494637,2024,010494637,1,9,0,18,5,1,0,8,0,0,0,0,4,1,1,1,33,6,-1,-1,-1,-1,4,1,E01003666,0
Unvalidated,2024010494637,2024,010494637,2,9,0,18,7,3,0,8,0,0,0,0,3,1,6,1,64,9,-1,-1,-1,-1,2,1,E01002316,0
Unvalidated,2024010494644,2024,010494644,1,9,0,99,9,9,99,9,9,99,9,99,1,9,6,2,30,6,-1,-1,-1,-1,3,1,E01001394,0
Unvalidated,2024010494644,2024,010494644,2,19,0,99,9,9,99,9,9,99,9,99,0,9,6,3,-1,-1,-1,-1,-1,-1,-1,-1,-1,0
Unvalidated,2024010494645,2024,010494645,1,9,0,18,1,5,0,1,0,0,7,11,1,1,6,1,18,4,-1,-1,-1,-1,6,1,E01023306,0
Unvalidated,2024010494645,2024,010494645,2,9,0,8,3,5,0,8,0,0,0,0,1,1,6,1,32,6,-1,-1,-1,-1,-1,-1,-1,0
Unvalidated,2024010494652,2024,010494652,1,9,0,18,1,5,0,0,0,0,0,0,4,1,6,1,48,8,-1,-1,-1,-1,4,1,E01016453,0
Unvalidated,2024010494653,2024,010494653,1,9,0,99,9,9,99,9,9,99,9,99,9,9,6,2,58,9,-1,-1,-1,-1,4,1,E01004172,0
Unvalidated,2024010494653,2024,010494653,2,9,0,99,9,9,99,9,9,99,9,99,1,9,6,2,61,9,-1,-1,-1,-1,9,1,E01004092,0
Unvalidated,2024010494656,2024,010494656,1,3,0,99,9,9,99,0,9,99,9,99,2,1,1,1,29,6,-1,-1,-1,-1,3,1,E01003574,0
Unvalidated,2024010494656,2024,010494656,2,9,0,99,9,9,99,0,9,99,9,99,1,9,6,3,-1,-1,-1,-1,-1,-1,-1,-1,-1,0
Unvalidated,2024010494658,2024,010494658,1,9,0,16,4,8,0,0,0,0,0,0,4,1,6,2,54,8,-1,-1,-1,-1,3,1,E01000058,0
Unvalidated,2024010494660,2024,010494660,1,11,0,5,2,6,2,1,0,0,0,0,0,1,6,1,50,8,-1,-1,-1,-1,3,1,E01015962,0
Unvalidated,2024010494661,2024,010494661,1,9,0,7,1,3,0,1,0,0,0,0,4,1,1,1,43,7,-1,-1,-1,-1,3,1,E01033583,0
Unvalidated,2024010494661,2024,010494661,2,1,0,16,1,5,4,1,0,0,0,0,3,1,2,1,34,6,-1,-1,-1,-1,3,1,E01002731,0
Unvalidated,2024010494663,2024,010494663,1,9,0,18,5,1,0,0,1,6,4,11,1,1,6,2,67,10,-1,-1,-1,-1,2,1,E01004246,0
Unvalidated,2024010494667,2024,010494667,1,9,0,18,5,1,0,8,0,0,0,0,1,1,6,3,-1,-1,-1,-1,-1,-1,-1,-1,-1,0
Unvalidated,2024010494669,2024,010494669,1,9,0,18,6,2,0,8,0,0,0,0,3,1,1,2,43,7,-1,-1,-1,-1,4,1,E01001167,0
Unvalidated,2024010494669,2024,010494669,2,9,0,5,5,1,0,8,0,0,0,0,1,1,6,2,22,5,-1,-1,-1,-1,-1,-1,-1,0
Unvalidated,2024010494670,2024,010494670,1,9,0,9,5,3,0,5,0,0,0,0,1,1,6,2,67,10,-1,-1,-1,-1,-1,-1,-1,0
Unvalidated,2024010494670,2024,010494670,2,5,0,18,5,1,0,1,0,0,0,0,1,1,2,1,24,5,-1,-1,-1,-1,2,1,E01001333,0
Unvalidated,2024010494674,2024,010494674,1,11,0,5,7,3,2,1,0,0,0,0,0,1,1,1,60,9,-1,-1,-1,-1,2,1,E01001757,0
Unvalidated,2024010494675,2024,010494675,1,9,0,18,2,6,0,8,0,0,0,0,1,1,1,1,60,9,-1,-1,-1,-1,7,1,E01002653,0
Unvalidated,2024010494675,2024,010494675,2,9,0,9,8,6,0,8,0,0,0,0,4,1,6,2,25,5,-1,-1,-1,-1,5,1,E01002651,0
Unvalidated,2024010494685,2024,010494685,1,3,0,99,9,9,99,9,9,99,9,99,9,1,1,1,30,6,-1,-1,-1,-1,1,1,E01002041,0
Unvalidated,2024010494685,2024,010494685,2,9,9,99,9,9,99,9,9,99,9,99,9,9,6,3,-1,-1,-1,-1,-1,-1,-1,-1,-1,0
Unvalidated,2024010494687,2024,010494687,1,9,0,18,3,7,0,2,0,0,0,0,1,1,2,1,17,4,-1,-1,-1,-1,8,1,E01001891,0
Unvalidated,2024010494687,2024,010494687,2,90,0,18,1,5,0,2,0,0,0,0,4,1,6,1,25,5,-1,-1,-1,-1,5,1,E01002692,1
Unvalidated,2024010494690,2024,010494690,1,3,0,99,9,9,99,0,9,99,9,99,9,1,1,1,23,5,-1,-1,-1,-1,1,1,E01001558,0
Unvalidated,2024010494690,2024,010494690,2,9,0,99,9,9,99,0,9,99,9,99,1,9,6,3,-1,-1,-1,-1,-1,-1,-1,-1,-1,0
Unvalidated,2024010494691,2024,010494691,1,19,0,18,3,7,0,8,0,0,0,0,3,1,2,1,28,6,-1,-1,-1,-1,6,1,E01002676,0
Unvalidated,2024010494691,2024,010494691,2,1,0,18,1,5,0,8,0,0,0,0,1,1,6,2,41,7,-1,-1,-1,-1,2,1,E01004729,0
Unvalidated,2024010494700,2024,010494700,1,3,0,9,3,1,0,8,5,0,0,0,3,1,6,1,38,7,-1,-1,-1,-1,5,1,E01000592,0
Unvalidated,2024010494700,2024,010494700,2,9,0,18,1,5,0,8,0,0,0,0,1,2,2,1,24,5,-1,-1,-1,-1,8,1,E01002216,0
Unvalidated,2024010494714,2024,010494714,1,9,0,18,5,1,0,1,0,0,0,0,1,1,1,1,55,8,-1,-1,-1,-1,3,1,E01003728,0
Unvalidated,2024010494714,2024,010494714,2,9,0,18,5,1,0,1,0,0,0,0,0,1,1,2,50,8,-1,-1,-1,-1,2,1,E01003576,0
Unvalidated,2024010494714,2024,010494714,3,19,0,18,5,1,0,1,0,0,0,0,0,1,1,2,22,5,-1,-1,-1,-1,3,1,E01021418,0
Unvalidated,2024010494723,2024,010494723,1,11,0,8,5,6,3,1,0,0,0,0,0,1,1,1,52,8,-1,-1,-1,-1,3,1,E01003493,0
Unvalidated,2024010494728,2024,010494728,1,98,4,1,9,9,99,0,9,99,9,99,2,1,6,3,-1,-1,-1,-1,-1,-1,-1,-1,-1,0
Unvalidated,2024010494735,2024,010494735,1,8,0,3,7,3,0,1,0,0,0,0,0,1,1,1,55,8,-1,-1,-1,-1,-1,-1,-1,0
Unvalidated,2024010494735,2024,010494735,2,4,0,13,7,3,0,1,0,0,0,0,0,1,6,1,18,4,-1,-1,-1,-1,2,1,E01003044,0
Unvalidated,2024010494738,2024,010494738,1,9,0,9,1,6,0,5,0,0,0,0,4,1,6,1,55,8,-1,-1,-1,-1,5,1,E01004127,0
Unvalidated,2024010494738,2024,010494738,2,1,0,18,5,1,0,8,0,0,0,0,4,1,6,1,44,7,-1,-1,-1,-1,4,1,E01003412,0
Unvalidated,2024010494744,2024,010494744,1,9,0,3,5,1,0,0,0,0,0,0,2,1,6,1,30,6,-1,-1,-1,-1,2,1,E01004238,0
Unvalidated,2024010494744,2024,010494744,2,3,0,18,5,1,0,0,0,0,0,0,1,1,6,1,16,4,-1,-1,-1,-1,6,1,E01003705,0
Unvalidated,2024010494745,2024,010494745,1,97,0,18,2,6,0,0,0,0,0,0,1,1,6,1,-1,-1,-1,-1,-1,-1,-1,-1,-1,0
Unvalidated,2024010494746,2024,010494746,1,9,0,8,1,3,0,6,0,0,0,0,4,1,6,1,43,7,-1,-1,-1,-1,2,1,E01004036,0
Unvalidated,2024010494746,2024,010494746,2,19,0,18,3,7,0,1,0,0,0,0,1,1,2,1,24,5,-1,-1,-1,-1,2,1,E01004008,0
Unvalidated,2024010494747,2024,010494747,1,9,0,18,1,5,0,8,0,0,0,0,1,1,1,2,20,4,-1,-1,-1,-1,2,1,E01001283,0
Unvalidated,2024010494747,2024,010494747,2,1,0,18,7,3,0,8,0,0,0,0,1,1,6,1,24,5,-1,-1,-1,-1,8,1,E01002450,0
Unvalidated,2024010494749,2024,010494749,1,4,0,5,3,7,0,8,0,0,0,0,1,1,2,1,30,6,-1,-1,-1,-1,2,1,E01003324,0
Unvalidated,2024010494749,2024,010494749,2,1,0,18,7,3,0,6,0,0,0,0,3,1,6,1,26,6,-1,-1,-1,-1,-1,-1,-1,0
Unvalidated,2024010494752,2024,010494752,1,3,0,3,1,5,0,2,0,0,0,0,2,1,2,1,25,5,-1,-1,-1,-1,4,1,E01003513,0
Unvalidated,2024010494752,2024,010494752,2,9,0,18,1,5,0,2,0,0,0,0,1,1,6,2,56,9,-1,-1,-1,-1,7,1,E01002349,0
Unvalidated,2024010494754,2024,010494754,1,9,0,10,5,3,0,6,0,0,0,0,1,1,6,1,45,7,-1,-1,-1,-1,7,1,E01001231,0
Unvalidated,2024010494754,2024,010494754,2,90,0,18,7,3,0,1,1,0,0,0,1,1,6,1,34,6,-1,-1,-1,-1,6,1,E01001237,1
Unvalidated,2024010494757,2024,010494757,1,23,0,18,7,3,9,0,9,99,9,0,9,1,6,3,-1,-1,-1,-1,-1,-1,-1,-1,-1,0
Unvalidated,2024010494760,2024,010494760,1,9,0,18,3,7,0,1,0,0,0,0,0,1,6,1,30,6,-1,-1,-1,-1,-1,-1,-1,0
Unvalidated,2024010494767,2024,010494767,1,9,0,18,3,7,0,0,0,0,0,0,1,1,6,1,29,6,-1,-1,-1,-1,7,1,E01000326,0
Unvalidated,2024010494768,2024,010494768,1,9,0,18,3,7,0,8,0,0,0,0,3,1,2,1,23,5,-1,-1,-1,-1,4,1,E01000570,0
Unvalidated,2024010494768,2024,010494768,2,9,0,18,5,1,0,7,1,0,0,0,1,1,6,1,28,6,-1,-1,-1,-1,4,1,E01000471,0