status,collision_index,collision_year,collision_reference,vehicle_reference,vehicle_type,towing_and_articulation,vehicle_manoeuvre,vehicle_direction_from,vehicle_direction_to,vehicle_location_restricted_lane,junction_location,skidding_and_overturning,hit_object_in_carriageway,vehicle_leaving_carriageway,hit_object_off_carriageway,first_point_of_impact,vehicle_left_hand_drive,journey_purpose_of_driver,sex_of_driver,age_of_driver,age_band_of_driver,engine_capacity_cc,propulsion_code,age_of_vehicle,generic_make_model,driver_imd_decile,driver_home_area_type,lsoa_of_driver,escooter_flag
Unvalidated,2024010494769,2024,010494769,1,19,0,9,3,1,0,6,0,0,0,0,1,1,2,1,33,6,-1,-1,-1,-1,4,1,E01023296,0
Unvalidated,2024010494769,2024,010494769,2,1,0,16,7,1,0,6,0,0,0,0,3,1,6,1,41,7,-1,-1,-1,-1,7,1,E01000145,0
Unvalidated,2024010494770,2024,010494770,1,9,0,11,2,6,0,3,0,0,0,0,1,2,2,2,53,8,-1,-1,-1,-1,6,1,E01003840,0
Unvalidated,2024010494770,2024,010494770,2,4,0,16,5,1,0,3,0,10,0,0,4,1,2,1,34,6,-1,-1,-1,-1,4,1,E01002642,0
Unvalidated,2024010494773,2024,010494773,1,9,0,99,9,9,99,9,9,99,9,99,1,9,6,3,34,6,-1,-1,-1,-1,5,1,E01000255,0
Unvalidated,2024010494774,2024,010494774,1,9,0,13,5,1,0,2,0,4,7,0,1,2,2,1,39,7,-1,-1,-1,-1,5,1,E01002449,0
Unvalidated,2024010494774,2024,010494774,2,9,0,2,0,0,0,1,0,0,0,0,1,1,6,3,-1,-1,-1,-1,-1,-1,-1,-1,-1,0
Unvalidated,2024010494775,2024,010494775,1,9,0,18,1,5,0,1,0,0,0,0,3,9,6,1,49,8,-1,-1,-1,-1,6,1,E01000238,0
Unvalidated,2024010494776,2024,010494776,1,23,9,99,9,9,99,9,9,99,9,99,9,1,1,1,27,6,-1,-1,-1,-1,5,1,E01001091,0
Unvalidated,2024010494776,2024,010494776,2,9,0,99,9,9,99,9,9,99,9,99,1,9,6,1,32,6,-1,-1,-1,-1,4,1,E01003090,0
Unvalidated,2024010494780,2024,010494780,1,8,0,99,9,9,0,1,0,0,0,0,1,1,6,3,47,8,-1,-1,-1,-1,2,1,E01002003,0
Unvalidated,2024010494781,2024,010494781,1,9,0,9,3,1,0,8,0,0,0,0,1,1,6,1,27,6,-1,-1,-1,-1,2,1,E01004238,0
Unvalidated,2024010494781,2024,010494781,2,9,0,18,7,3,0,1,0,0,0,0,1,1,2,1,43,7,-1,-1,-1,-1,1,1,E01024306,0
Unvalidated,2024010494784,2024,010494784,1,8,0,18,1,5,0,0,0,0,0,0,1,1,1,1,56,9,-1,-1,-1,-1,2,1,E01003236,0
Unvalidated,2024010494784,2024,010494784,2,19,0,2,0,0,0,0,0,0,0,0,1,1,6,3,-1,-1,-1,-1,-1,-1,-1,-1,-1,0
Unvalidated,2024010494784,2024,010494784,3,9,0,5,0,1,0,0,0,0,1,0,2,1,6,2,36,7,-1,-1,-1,-1,3,1,E01000819,0
Unvalidated,2024010494785,2024,010494785,1,9,0,99,9,9,99,9,9,99,9,99,1,9,6,3,-1,-1,-1,-1,-1,-1,-1,-1,-1,0
Unvalidated,2024010494786,2024,010494786,1,1,9,99,9,9,99,9,9,99,9,99,1,1,2,1,45,7,-1,-1,-1,-1,9,1,E01016104,0
Unvalidated,2024010494791,2024,010494791,1,21,0,9,5,3,0,2,0,0,0,0,1,1,1,1,57,9,-1,-1,-1,-1,8,2,E01016568,0
Unvalidated,2024010494791,2024,010494791,2,1,0,18,3,7,0,1,5,0,0,0,4,1,6,1,54,8,-1,-1,-1,-1,8,1,E01000910,0
Unvalidated,2024010494794,2024,010494794,1,9,0,7,1,3,0,1,0,0,0,0,1,1,2,2,32,6,-1,-1,-1,-1,8,1,E01000671,0
Unvalidated,2024010494794,2024,010494794,2,9,0,18,5,1,0,1,0,0,0,0,1,1,2,2,37,7,-1,-1,-1,-1,9,1,E01000829,0
Unvalidated,2024010494797,2024,010494797,1,3,0,7,1,3,0,2,0,0,0,0,1,1,6,1,34,6,-1,-1,-1,-1,6,1,E01032572,0
Unvalidated,2024010494797,2024,010494797,2,1,0,18,1,5,0,1,0,0,0,0,1,1,6,1,18,4,-1,-1,-1,-1,3,1,E01004571,0
Unvalidated,2024010494803,2024,010494803,1,19,0,4,5,1,0,0,0,0,0,0,2,1,6,1,39,7,-1,-1,-1,-1,4,1,E01013623,0
Unvalidated,2024010494803,2024,010494803,2,9,0,18,5,1,0,0,0,0,0,0,1,1,6,1,57,9,-1,-1,-1,-1,9,1,E01004053,0
Unvalidated,2024010494803,2024,010494803,3,9,0,18,5,1,0,0,0,0,0,0,1,1,6,1,50,8,-1,-1,-1,-1,3,1,E01032581,0
Unvalidated,2024010494803,2024,010494803,4,9,0,18,5,1,0,0,0,0,0,0,1,1,6,1,23,5,-1,-1,-1,-1,2,1,E01033498,0
Unvalidated,2024010494806,2024,010494806,1,9,0,7,7,8,0,0,0,10,0,0,0,1,6,2,76,11,-1,-1,-1,-1,3,1,E01004676,0
Unvalidated,2024010494806,2024,010494806,2,4,0,9,7,5,0,0,0,10,0,0,0,1,2,1,55,8,-1,-1,-1,-1,3,1,E01000499,0
Unvalidated,2024010494809,2024,010494809,1,9,0,18,5,1,0,8,0,0,0,0,1,1,6,1,61,9,-1,-1,-1,-1,2,1,E01002031,0
Unvalidated,2024010494809,2024,010494809,2,90,0,9,1,7,0,8,0,0,0,0,1,1,1,1,29,6,-1,-1,-1,-1,4,1,E01021849,0
Unvalidated,2024010494813,2024,010494813,1,9,0,18,1,5,0,2,0,0,0,0,1,1,6,1,31,6,-1,-1,-1,-1,3,1,E01001834,0
Unvalidated,2024010494813,2024,010494813,2,9,0,18,5,1,0,2,0,0,0,0,1,1,6,2,41,7,-1,-1,-1,-1,2,1,E01001745,0
Unvalidated,2024010494813,2024,010494813,3,9,0,2,0,0,0,2,0,0,0,0,2,1,6,3,-1,-1,-1,-1,-1,-1,-1,-1,-1,0
Unvalidated,2024010494814,2024,010494814,1,3,0,99,9,9,99,9,9,99,9,99,9,1,6,1,29,6,-1,-1,-1,-1,2,1,E01002774,0
Unvalidated,2024010494814,2024,010494814,2,9,0,99,9,9,99,9,9,99,9,99,1,9,6,3,-1,-1,-1,-1,-1,-1,-1,-1,-1,0
Unvalidated,2024010494817,2024,010494817,1,3,0,18,2,6,0,0,0,0,0,0,1,1,1,1,48,8,-1,-1,-1,-1,3,1,E01002185,0
Unvalidated,2024010494817,2024,010494817,2,19,0,4,2,6,0,0,0,0,0,0,0,1,1,1,30,6,-1,-1,-1,-1,2,1,E01001947,0
Unvalidated,2024010494819,2024,010494819,1,97,0,99,9,9,0,0,0,0,0,0,1,1,6,1,-1,-1,-1,-1,-1,-1,2,1,E01002561,0
Unvalidated,2024010494823,2024,010494823,1,3,0,99,9,9,99,9,9,99,9,99,9,1,1,3,48,8,-1,-1,-1,-1,2,1,E01002051,0
Unvalidated,2024010494823,2024,010494823,2,8,0,99,9,9,99,9,9,99,9,99,1,9,6,3,-1,-1,-1,-1,-1,-1,-1,-1,-1,0
Unvalidated,2024010494826,2024,010494826,1,9,0,7,1,2,0,2,0,0,0,0,1,1,6,3,-1,-1,-1,-1,-1,-1,-1,-1,-1,0
Unvalidated,2024010494830,2024,010494830,1,11,0,17,1,5,0,1,0,0,0,0,0,1,1,1,65,9,-1,-1,-1,-1,6,1,E01003705,0
Unvalidated,2024010494832,2024,010494832,1,9,0,4,3,7,0,2,0,0,0,0,2,1,2,1,37,7,-1,-1,-1,-1,8,1,E01032963,0
Unvalidated,2024010494832,2024,010494832,2,9,0,4,3,7,0,2,0,0,0,0,2,1,6,2,62,9,-1,-1,-1,-1,8,1,E01002383,0
Unvalidated,2024010494832,2024,010494832,3,9,0,4,3,7,0,1,0,0,0,0,2,1,6,1,62,9,-1,-1,-1,-1,8,2,E01021444,0
Unvalidated,2024010494832,2024,010494832,4,19,0,4,3,7,0,2,0,0,0,0,1,1,1,1,36,7,-1,-1,-1,-1,3,1,E01002311,0
Unvalidated,2024010494834,2024,010494834,1,1,9,99,9,9,99,9,9,99,9,99,1,1,6,1,44,7,-1,-1,-1,-1,10,1,E01030322,0
Unvalidated,2024010494834,2024,010494834,2,19,0,99,9,9,99,9,9,99,9,99,4,9,6,3,-1,-1,-1,-1,-1,-1,9,1,E01002983,0
Unvalidated,2024010494836,2024,010494836,1,9,0,5,7,3,0,4,0,0,0,0,1,1,2,1,37,7,-1,-1,-1,-1,8,1,E01000539,0
Unvalidated,2024010494836,2024,010494836,2,3,0,18,5,1,0,4,0,0,0,0,1,1,2,2,25,5,-1,-1,-1,-1,4,1,E01000475,0
Unvalidated,2024010494837,2024,010494837,1,9,0,7,1,2,0,5,0,0,0,0,1,1,6,2,29,6,-1,-1,-1,-1,6,1,E01002117,0
Unvalidated,2024010494844,2024,010494844,1,5,0,18,7,3,0,2,0,0,0,0,1,1,6,1,52,8,-1,-1,-1,-1,-1,-1,-1,0
Unvalidated,2024010494844,2024,010494844,2,9,0,6,3,3,0,1,0,0,0,0,4,1,1,1,52,8,-1,-1,-1,-1,5,1,E01004225,0
Unvalidated,2024010494849,2024,010494849,1,9,0,9,5,2,0,5,0,0,0,0,4,1,6,2,34,6,-1,-1,-1,-1,2,1,E01001877,0
Unvalidated,2024010494849,2024,010494849,2,3,0,18,1,5,0,1,0,0,0,0,1,1,6,1,62,9,-1,-1,-1,-1,3,1,E01001886,0
Unvalidated,2024010494853,2024,010494853,1,19,0,7,7,1,0,1,0,0,0,0,3,1,1,1,37,7,-1,-1,-1,-1,5,1,E01001895,0
Unvalidated,2024010494853,2024,010494853,2,1,0,7,7,1,0,1,0,10,0,0,1,1,2,1,28,6,-1,-1,-1,-1,6,1,E01001393,0
Unvalidated,2024010494854,2024,010494854,1,9,0,18,1,5,0,0,0,0,0,0,1,1,6,1,64,9,-1,-1,-1,-1,3,1,E01001728,0
Unvalidated,2024010494854,2024,010494854,2,1,0,18,1,5,0,0,0,0,0,0,4,1,6,1,26,6,-1,-1,-1,-1,2,1,E01002056,0
Unvalidated,2024010494855,2024,010494855,1,1,9,99,9,9,99,9,9,99,9,99,9,1,2,1,30,6,-1,-1,-1,-1,5,1,E01002745,0
Unvalidated,2024010494855,2024,010494855,2,9,0,99,9,9,99,9,9,99,9,99,9,9,6,3,-1,-1,-1,-1,-1,-1,4,1,E01002055,0
Unvalidated,2024010494856,2024,010494856,1,19,0,1,7,3,0,2,0,0,0,0,2,1,1,1,55,8,-1,-1,-1,-1,10,1,E01002430,0
Unvalidated,2024010494856,2024,010494856,2,3,0,4,7,3,0,2,0,0,0,0,1,1,1,2,27,6,-1,-1,-1,-1,2,1,E01000544,0
Unvalidated,2024010494862,2024,010494862,1,19,0,1,5,1,0,2,0,0,0,0,2,1,1,1,62,9,-1,-1,-1,-1,5,1,E01000663,0
Unvalidated,2024010494862,2024,010494862,2,1,0,4,5,1,0,2,0,0,0,0,1,1,6,2,58,9,-1,-1,-1,-1,2,1,E01003321,0
Unvalidated,2024010494864,2024,010494864,1,11,0,4,5,1,2,1,0,0,0,0,0,1,6,1,52,8,-1,-1,-1,-1,2,1,E01001745,0
Unvalidated,2024010494865,2024,010494865,1,3,0,99,9,9,99,9,9,99,9,99,1,1,6,2,44,7,-1,-1,-1,-1,2,1,E01001651,0
Unvalidated,2024010494865,2024,010494865,2,9,0,99,9,9,99,9,9,99,9,99,9,9,6,3,-1,-1,-1,-1,-1,-1,-1,-1,-1,0
Unvalidated,2024010494868,2024,010494868,1,3,0,99,9,9,99,9,9,99,9,99,9,1,1,1,29,6,-1,-1,-1,-1,5,1,E01003085,0
Unvalidated,2024010494868,2024,010494868,2,9,0,99,9,9,99,9,9,99,9,99,9,9,6,3,-1,-1,-1,-1,-1,-1,-1,-1,-1,0
Unvalidated,2024010494869,2024,010494869,1,9,0,9,3,1,0,1,0,0,1,0,1,1,1,1,41,7,-1,-1,-1,-1,8,1,E01004292,0
Unvalidated,2024010494869,2024,010494869,2,5,0,18,1,5,0,1,0,0,0,0,1,1,1,1,25,5,-1,-1,-1,-1,-1,-1,-1,0
Unvalidated,2024010494871,2024,010494871,1,4,0,99,9,9,99,9,9,99,9,99,1,1,2,1,31,6,-1,-1,-1,-1,2,1,E01000889,0
Unvalidated,2024010494875,2024,010494875,1,90,9,99,9,9,99,1,9,99,9,99,9,9,6,1,38,7,-1,-1,-1,-1,7,1,E01030859,1
Unvalidated,2024010494881,2024,010494881,1,9,0,99,9,9,99,9,9,99,9,99,1,9,6,1,45,7,-1,-1,-1,-1,3,1,E01003522,0
Unvalidated,2024010494881,2024,010494881,2,9,0,99,9,9,99,9,9,99,9,99,9,9,6,3,-1,-1,-1,-1,-1,-1,3,1,E01000043,0
Unvalidated,2024010494887,2024,010494887,1,1,0,15,1,5,0,1,0,0,0,0,1,1,6,3,-1,-1,-1,-1,-1,-1,-1,-1,-1,0
Unvalidated,2024010494889,2024,010494889,1,8,9,99,9,9,99,2,9,99,9,99,9,9,6,1,27,6,-1,-1,-1,-1,4,1,E01004234,0
Unvalidated,2024010494889,2024,010494889,2,19,0,99,9,9,99,6,9,99,9,99,1,9,6,1,37,7,-1,-1,-1,-1,7,1,E01021628,0
Unvalidated,2024010494898,2024,010494898,1,9,0,1,3,7,0,1,0,0,0,0,2,1,6,1,59,9,-1,-1,-1,-1,3,1,E01002151,0
Unvalidated,2024010494899,2024,010494899,1,9,0,99,9,9,99,9,9,99,9,99,9,9,6,2,37,7,-1,-1,-1,-1,6,1,E01004107,0
Unvalidated,2024010494899,2024,010494899,2,9,0,99,9,9,99,9,9,99,9,99,1,9,6,3,-1,-1,-1,-1,-1,-1,4,1,E01000728,0
Unvalidated,2024010494902,2024,010494902,1,3,0,99,9,9,99,9,9,99,9,99,9,1,6,1,36,7,-1,-1,-1,-1,5,1,E01003703,0
Unvalidated,2024010494902,2024,010494902,2,9,0,99,9,9,99,9,9,99,9,99,9,9,6,3,-1,-1,-1,-1,-1,-1,-1,-1,-1,0
Unvalidated,2024010494907,2024,010494907,1,9,0,18,3,7,0,8,0,0,0,0,1,1,6,1,53,8,-1,-1,-1,-1,5,1,E01004275,0
Unvalidated,2024010494907,2024,010494907,2,1,0,18,1,5,0,8,0,0,0,0,4,1,2,1,27,6,-1,-1,-1,-1,2,1,E01004219,0
Unvalidated,2024010494911,2024,010494911,1,9,0,99,9,9,99,9,9,99,9,99,1,9,6,1,31,6,-1,-1,-1,-1,2,1,E01004251,0
Unvalidated,2024010494914,2024,010494914,1,9,0,5,3,7,9,6,0,0,0,0,1,1,6,1,38,7,-1,-1,-1,-1,6,1,E01001592,0
Unvalidated,2024010494914,2024,010494914,2,22,0,18,8,4,0,8,0,0,0,0,4,1,6,1,82,11,-1,-1,-1,-1,4,1,E01003353,0
Unvalidated,2024010494922,2024,010494922,1,9,0,4,7,3,0,0,0,0,0,0,2,1,2,1,41,7,-1,-1,-1,-1,3,1,E01002028,0
Unvalidated,2024010494922,2024,010494922,2,3,0,18,7,3,0,0,0,0,0,0,1,1,6,1,22,5,-1,-1,-1,-1,2,1,E01002090,0
Unvalidated,2024010494926,2024,010494926,1,9,0,3,8,4,0,1,0,10,0,0,1,1,6,1,78,11,-1,-1,-1,-1,5,1,E01004370,0
Unvalidated,2024010494927,2024,010494927,1,9,9,99,9,9,99,0,9,99,9,99,9,9,6,1,44,7,-1,-1,-1,-1,2,1,E01004295,0
Unvalidated,2024010494932,2024,010494932,1,4,0,18,3,7,0,1,0,0,0,0,1,1,6,1,36,7,-1,-1,-1,-1,2,1,E01001144,0
Unvalidated,2024010494932,2024,010494932,2,9,0,9,7,4,0,1,0,0,0,0,1,1,6,1,41,7,-1,-1,-1,-1,6,1,E01031601,0
Unvalidated,2024010494934,2024,010494934,1,9,0,9,4,1,0,8,0,0,0,0,3,1,6,1,67,10,-1,-1,-1,-1,1,1,E01001517,0
Unvalidated,2024010494934,2024,010494934,2,10,0,18,5,1,0,8,0,0,0,0,1,1,1,1,32,6,-1,-1,-1,-1,4,1,E01000472,0
Unvalidated,2024010494935,2024,010494935,1,9,0,5,0,1,8,2,0,0,0,0,2,1,6,1,74,10,-1,-1,-1,-1,5,1,E01003640,0
Unvalidated,2024010494935,2024,010494935,2,9,0,5,0,1,8,2,0,0,0,0,1,1,1,1,65,9,-1,-1,-1,-1,3,1,E01003536,0
Unvalidated,2024010494937,2024,010494937,1,3,0,9,4,1,0,4,0,0,0,0,3,1,2,1,33,6,-1,-1,-1,-1,2,1,E01004365,0
Unvalidated,2024010494937,2024,010494937,2,9,0,17,1,6,0,4,0,0,0,0,1,1,6,1,31,6,-1,-1,-1,-1,4,1,E01004416,0
Unvalidated,2024010494939,2024,010494939,1,3,0,18,3,7,0,1,0,0,0,0,2,1,1,1,27,6,-1,-1,-1,-1,2,1,E01000129,0
Unvalidated,2024010494939,2024,010494939,2,9,0,9,2,7,0,1,0,0,0,0,1,1,6,2,31,6,-1,-1,-1,-1,3,1,E01000130,0
Unvalidated,2024010494940,2024,010494940,1,9,0,99,9,9,99,9,9,99,9,99,2,9,2,1,31,6,-1,-1,-1,-1,2,1,E01003950,0
Unvalidated,2024010494940,2024,010494940,2,19,0,99,9,9,99,9,9,99,9,99,1,9,6,3,-1,-1,-1,-1,-1,-1,-1,-1,-1,0
Unvalidated,2024010494941,2024,010494941,1,9,0,18,1,5,0,2,0,4,0,0,1,1,6,2,40,7,-1,-1,-1,-1,3,1,E01003630,0
Unvalidated,2024010494941,2024,010494941,2,9,0,2,0,0,0,2,0,0,0,0,3,1,6,3,-1,-1,-1,-1,-1,-1,-1,-1,-1,0
Unvalidated,2024010494942,2024,010494942,1,11,0,4,3,7,0,1,0,0,0,0,0,1,1,2,51,8,-1,-1,-1,-1,5,1,E01001348,0
Unvalidated,2024010494943,2024,010494943,1,9,0,18,7,3,0,8,0,0,0,0,3,1,6,1,39,7,-1,-1,-1,-1,3,1,E01001213,0
Unvalidated,2024010494950,2024,010494950,1,9,0,9,5,3,0,8,0,0,0,0,1,1,6,3,-1,-1,-1,-1,-1,-1,-1,-1,-1,0
Unvalidated,2024010494950,2024,010494950,2,1,0,3,3,7,0,8,0,0,0,0,3,1,6,1,24,5,-1,-1,-1,-1,5,1,E01001837,0
Unvalidated,2024010494952,2024,010494952,1,9,0,99,9,9,99,0,9,99,9,99,2,9,2,2,28,6,-1,-1,-1,-1,3,1,E01003387,0
Unvalidated,2024010494952,2024,010494952,2,9,0,99,9,9,99,0,9,99,9,99,1,9,6,3,30,6,-1,-1,-1,-1,3,1,E01003091,0
Unvalidated,2024010494953,2024,010494953,1,9,0,9,5,3,0,8,0,0,0,0,1,1,6,2,34,6,-1,-1,-1,-1,10,3,E01018266,0
Unvalidated,2024010494953,2024,010494953,2,3,0,18,1,5,0,8,0,0,0,0,1,1,1,1,26,6,-1,-1,-1,-1,-1,-1,-1,0
Unvalidated,2024010494955,2024,010494955,1,3,0,4,1,5,0,2,1,0,0,0,0,1,6,1,30,6,-1,-1,-1,-1,-1,-1,-1,0
Unvalidated,2024010494957,2024,010494957,1,9,0,9,3,1,0,8,0,0,0,0,1,1,6,1,44,7,-1,-1,-1,-1,5,1,E01003292,0
Unvalidated,2024010494957,2024,010494957,2,1,0,18,7,3,0,8,0,0,0,0,1,1,1,1,19,4,-1,-1,-1,-1,7,1,E01003218,0
Unvalidated,2024010494962,2024,010494962,1,10,0,5,0,5,0,1,0,0,0,0,1,1,6,3,-1,-1,-1,-1,-1,-1,-1,-1,-1,0
Unvalidated,2024010494963,2024,010494963,1,8,0,17,5,1,0,1,0,0,1,4,1,1,6,1,49,8,-1,-1,-1,-1,8,1,E01004103,0
Unvalidated,2024010494964,2024,010494964,1,8,0,18,3,7,0,8,1,0,1,11,1,1,2,1,31,6,-1,-1,-1,-1,4,1,E01004234,0
Unvalidated,2024010494964,2024,010494964,2,9,0,9,7,6,0,8,0,0,1,0,4,1,6,1,21,5,-1,-1,-1,-1,2,1,E01032787,0
Unvalidated,2024010494965,2024,010494965,1,9,0,10,7,5,0,8,0,0,0,0,1,1,6,1,25,5,-1,-1,-1,-1,2,1,E01003059,0
Unvalidated,2024010494965,2024,010494965,2,1,0,3,7,3,0,2,0,0,0,0,2,1,2,1,42,7,-1,-1,-1,-1,2,1,E01003124,0
Unvalidated,2024010494969,2024,010494969,1,2,0,3,5,1,0,2,0,0,0,0,4,1,6,1,21,5,-1,-1,-1,-1,1,1,E01001210,0
Unvalidated,2024010494970,2024,010494970,1,9,0,18,2,6,0,2,0,0,0,0,1,1,6,1,53,8,-1,-1,-1,-1,2,1,E01003111,0
Unvalidated,2024010494970,2024,010494970,2,9,0,16,6,2,0,1,0,0,0,0,3,1,2,1,34,6,-1,-1,-1,-1,2,1,E01003509,0
Unvalidated,2024010494971,2024,010494971,1,9,0,18,5,1,0,2,0,0,0,0,4,1,6,1,24,5,-1,-1,-1,-1,1,1,E01002066,0
Unvalidated,2024010494973,2024,010494973,1,1,9,99,9,9,99,9,9,99,9,99,9,1,2,1,31,6,-1,-1,-1,-1,8,1,E01002993,0
Unvalidated,2024010494973,2024,010494973,2,9,0,99,9,9,99,9,9,99,9,99,9,9,6,3,-1,-1,-1,-1,-1,-1,-1,-1,-1,0
Unvalidated,2024010494974,2024,010494974,1,90,9,99,9,9,99,9,9,99,9,99,9,9,6,3,-1,-1,-1,-1,-1,-1,-1,-1,-1,1
Unvalidated,2024010494975,2024,010494975,1,9,0,18,3,7,0,1,0,4,0,0,1,1,6,1,28,6,-1,-1,-1,-1,5,1,E01033711,0
Unvalidated,2024010494975,2024,010494975,2,9,0,2,0,0,0,1,0,0,0,0,2,1,6,3,-1,-1,-1,-1,-1,-1,-1,-1,-1,0
Unvalidated,2024010494975,2024,010494975,3,9,0,2,0,0,0,1,0,0,0,0,3,1,6,3,-1,-1,-1,-1,-1,-1,-1,-1,-1,0
Unvalidated,2024010494981,2024,010494981,1,9,0,99,9,9,99,9,9,99,9,99,2,9,6,2,36,7,-1,-1,-1,-1,8,1,E01030390,0
Unvalidated,2024010494981,2024,010494981,2,9,0,99,9,9,99,9,9,99,9,99,1,9,6,3,-1,-1,-1,-1,-1,-1,8,1,E01003445,0
Unvalidated,2024010494982,2024,010494982,1,9,0,99,9,9,99,9,9,99,9,99,2,9,6,1,31,6,-1,-1,-1,-1,9,1,E01000424,0
Unvalidated,2024010494982,2024,010494982,2,9,0,99,9,9,99,9,9,99,9,99,1,9,6,1,59,9,-1,-1,-1,-1,2,1,E01001625,0
Unvalidated,2024010494987,2024,010494987,1,1,9,99,9,9,99,9,9,99,9,99,2,1,1,1,57,9,-1,-1,-1,-1,3,1,E01033706,0
Unvalidated,2024010494987,2024,010494987,2,9,0,99,9,9,99,9,9,99,9,99,1,9,6,3,42,7,-1,-1,-1,-1,2,1,E01001820,0
Unvalidated,2024010494989,2024,010494989,1,19,0,12,1,5,0,8,0,0,0,0,0,1,6,3,-1,-1,-1,-1,-1,-1,-1,-1,-1,0
Unvalidated,2024010494989,2024,010494989,2,9,0,18,1,5,0,8,0,0,0,0,2,1,6,2,35,6,-1,-1,-1,-1,6,2,E01017550,0
Unvalidated,2024010494989,2024,010494989,3,9,0,18,1,5,0,8,0,0,0,0,1,1,6,1,24,5,-1,-1,-1,-1,10,1,E01023733,0
Unvalidated,2024010494994,2024,010494994,1,3,0,99,9,9,99,9,9,99,9,99,9,1,1,1,32,6,-1,-1,-1,-1,5,1,E01002661,0
Unvalidated,2024010494994,2024,010494994,2,9,0,99,9,9,99,9,9,99,9,99,9,9,6,3,-1,-1,-1,-1,-1,-1,-1,-1,-1,0
Unvalidated,2024010494998,2024,010494998,1,9,0,99,9,9,99,0,9,99,9,99,2,1,6,2,24,5,-1,-1,-1,-1,5,1,E01000264,0
Unvalidated,2024010494998,2024,010494998,2,9,9,99,9,9,99,0,9,99,9,99,9,1,6,3,-1,-1,-1,-1,-1,-1,-1,-1,-1,0
Unvalidated,2024010495000,2024,010495000,1,3,0,99,9,9,99,9,9,99,9,99,9,1,6,1,22,5,-1,-1,-1,-1,-1,-1,-1,0
Unvalidated,2024010495000,2024,010495000,2,9,0,99,9,9,99,9,9,99,9,99,9,9,6,3,32,6,-1,-1,-1,-1,4,1,E01004438,0
Unvalidated,2024010495001,2024,010495001,1,3,0,99,9,9,99,1,9,99,9,99,1,1,1,3,36,7,-1,-1,-1,-1,1,1,E01002067,0
Unvalidated,2024010495001,2024,010495001,2,9,0,99,9,9,99,6,9,99,9,99,9,9,6,3,-1,-1,-1,-1,-1,-1,-1,-1,-1,0
Unvalidated,2024010495002,2024,010495002,1,2,0,18,3,7,0,2,0,0,0,0,1,1,6,1,28,6,-1,-1,-1,-1,2,1,E01004720,0
Unvalidated,2024010495003,2024,010495003,1,3,0,99,9,9,99,9,9,99,9,99,1,1,6,1,34,6,-1,-1,-1,-1,3,1,E01000984,0
Unvalidated,2024010495003,2024,010495003,2,9,0,99,9,9,99,9,9,99,9,99,9,9,6,3,-1,-1,-1,-1,-1,-1,4,1,E01001174,0
Unvalidated,2024010495007,2024,010495007,1,9,0,18,3,7,0,1,0,0,0,0,2,1,6,1,64,9,-1,-1,-1,-1,2,1,E01003334,0
Unvalidated,2024010495007,2024,010495007,2,4,0,18,3,7,0,1,0,0,0,0,1,1,6,1,20,4,-1,-1,-1,-1,4,1,E01003353,0
Unvalidated,2024010495013,2024,010495013,1,9,0,16,2,6,0,3,0,0,1,0,4,1,6,2,70,10,-1,-1,-1,-1,5,1,E01000337,0
Unvalidated,2024010495013,2024,010495013,2,9,0,16,4,8,0,4,0,0,0,0,1,1,6,1,30,6,-1,-1,-1,-1,2,1,E01001367,0
Unvalidated,2024010495016,2024,010495016,1,9,0,4,5,1,0,2,0,0,0,0,1,1,6,2,26,6,-1,-1,-1,-1,4,1,E01003031,0
Unvalidated,2024010495018,2024,010495018,1,8,0,5,1,5,5,1,0,0,0,0,1,1,1,1,55,8,-1,-1,-1,-1,8,1,E01002150,0
Unvalidated,2024010495018,2024,010495018,2,1,0,18,6,2,5,5,0,0,0,0,1,1,6,2,30,6,-1,-1,-1,-1,5,1,E01001914,0
Unvalidated,2024010495019,2024,010495019,1,11,0,4,5,1,0,0,0,0,0,0,0,1,1,1,24,5,-1,-1,-1,-1,6,1,E01003416,0
Unvalidated,2024010495020,2024,010495020,1,9,0,18,3,7,0,8,0,0,0,0,4,1,1,1,52,8,-1,-1,-1,-1,3,1,E01004427,0
Unvalidated,2024010495020,2024,010495020,2,1,0,18,1,5,0,6,0,0,0,0,1,1,6,1,16,4,-1,-1,-1,-1,5,1,E01000847,0
Unvalidated,2024010495021,2024,010495021,1,9,0,99,9,9,99,9,9,99,9,99,3,9,6,1,59,9,-1,-1,-1,-1,5,1,E01000620,0
Unvalidated,2024010495021,2024,010495021,2,9,0,99,9,9,99,9,9,99,9,99,9,9,6,3,-1,-1,-1,-1,-1,-1,1,1,E01032513,0
Unvalidated,2024010495023,2024,010495023,1,9,0,18,3,7,0,0,0,0,0,0,2,1,1,1,59,9,-1,-1,-1,-1,3,1,E01000385,0
Unvalidated,2024010495023,2024,010495023,2,9,0,15,3,7,0,0,0,0,0,0,1,1,6,3,-1,-1,-1,-1,-1,-1,-1,-1,-1,0
Unvalidated,2024010495027,2024,010495027,1,9,0,18,3,7,0,1,0,0,0,0,4,1,6,1,35,6,-1,-1,-1,-1,2,1,E01000053,0