status,collision_index,collision_year,collision_reference,vehicle_reference,vehicle_type,towing_and_articulation,vehicle_manoeuvre,vehicle_direction_from,vehicle_direction_to,vehicle_location_restricted_lane,junction_location,skidding_and_overturning,hit_object_in_carriageway,vehicle_leaving_carriageway,hit_object_off_carriageway,first_point_of_impact,vehicle_left_hand_drive,journey_purpose_of_driver,sex_of_driver,age_of_driver,age_band_of_driver,engine_capacity_cc,propulsion_code,age_of_vehicle,generic_make_model,driver_imd_decile,driver_home_area_type,lsoa_of_driver,escooter_flag
Unvalidated,2024010495033,2024,010495033,1,9,9,99,9,9,99,9,9,99,9,99,9,9,6,3,-1,-1,-1,-1,-1,-1,-1,-1,-1,0
Unvalidated,2024010495041,2024,010495041,1,9,5,11,3,7,0,0,0,0,1,11,1,1,6,1,45,7,-1,-1,-1,-1,4,1,E01016512,0
Unvalidated,2024010495041,2024,010495041,2,3,0,18,3,7,0,0,0,0,1,0,3,1,6,1,21,5,-1,-1,-1,-1,3,1,E01002396,0
Unvalidated,2024010495041,2024,010495041,3,9,0,18,3,7,0,0,0,0,1,11,2,1,6,2,55,8,-1,-1,-1,-1,6,1,E01002541,0
Unvalidated,2024010495042,2024,010495042,1,9,0,18,5,1,0,0,0,0,0,0,1,1,6,1,80,11,-1,-1,-1,-1,4,1,E01000591,0
Unvalidated,2024010495042,2024,010495042,2,3,0,5,5,1,0,0,0,0,0,0,1,1,6,1,35,6,-1,-1,-1,-1,5,1,E01000592,0
Unvalidated,2024010495054,2024,010495054,1,9,0,99,9,9,99,0,9,99,9,99,2,9,6,2,45,7,-1,-1,-1,-1,4,1,E01001636,0
Unvalidated,2024010495054,2024,010495054,2,9,0,99,9,9,99,0,9,99,9,99,1,9,6,1,-1,-1,-1,-1,-1,-1,7,1,E01000400,0
Unvalidated,2024010495061,2024,010495061,1,11,0,9,3,1,2,3,0,0,0,0,0,1,1,1,59,9,-1,-1,-1,-1,4,1,E01000477,0
Unvalidated,2024010495066,2024,010495066,1,9,0,99,9,9,99,9,9,99,9,99,1,9,6,1,-1,-1,-1,-1,-1,-1,-1,-1,-1,0
Unvalidated,2024010495068,2024,010495068,1,9,0,18,5,1,0,6,0,0,0,0,1,1,6,1,76,11,-1,-1,-1,-1,-1,-1,-1,0
Unvalidated,2024010495070,2024,010495070,1,9,0,18,3,7,0,0,0,0,0,0,1,1,6,2,56,9,-1,-1,-1,-1,2,1,E01003624,0
Unvalidated,2024010495070,2024,010495070,2,9,0,11,3,7,0,0,1,0,0,0,1,1,6,1,31,6,-1,-1,-1,-1,4,1,E01002369,0
Unvalidated,2024010495077,2024,010495077,1,8,0,18,5,1,0,8,0,7,0,0,1,1,1,1,50,8,-1,-1,-1,-1,9,1,E01002537,0
Unvalidated,2024010495077,2024,010495077,2,9,0,18,7,3,0,6,0,0,0,0,1,1,1,2,27,6,-1,-1,-1,-1,3,1,E01004661,0
Unvalidated,2024010495078,2024,010495078,1,9,0,9,6,5,0,1,0,0,0,0,1,1,6,2,23,5,-1,-1,-1,-1,2,1,E01002032,0
Unvalidated,2024010495078,2024,010495078,2,3,0,18,2,6,0,1,0,0,0,0,1,1,1,1,20,4,-1,-1,-1,-1,3,1,E01002104,0
Unvalidated,2024010495079,2024,010495079,1,5,0,99,9,9,0,0,0,0,0,0,9,1,6,1,39,7,-1,-1,-1,-1,7,1,E01021765,0
Unvalidated,2024010495079,2024,010495079,2,9,0,99,9,9,0,0,0,0,0,0,9,9,6,3,-1,-1,-1,-1,-1,-1,-1,-1,-1,0
Unvalidated,2024010495081,2024,010495081,1,3,0,99,9,9,99,9,9,99,9,99,9,1,6,1,38,7,-1,-1,-1,-1,3,1,E01001548,0
Unvalidated,2024010495081,2024,010495081,2,9,0,99,9,9,99,9,9,99,9,99,9,9,6,3,-1,-1,-1,-1,-1,-1,-1,-1,-1,0
Unvalidated,2024010495084,2024,010495084,1,9,0,18,3,7,0,1,0,0,0,0,1,1,6,2,68,10,-1,-1,-1,-1,10,1,E01030454,0
Unvalidated,2024010495084,2024,010495084,2,1,0,18,5,1,0,6,5,0,0,0,1,1,6,1,27,6,-1,-1,-1,-1,2,1,E01002075,0
Unvalidated,2024010495088,2024,010495088,1,3,0,14,1,5,0,2,0,0,0,0,1,1,6,1,18,4,-1,-1,-1,-1,1,1,E01004665,0
Unvalidated,2024010495088,2024,010495088,2,9,0,1,1,5,0,2,0,0,0,0,1,1,6,3,-1,-1,-1,-1,-1,-1,-1,-1,-1,0
Unvalidated,2024010495089,2024,010495089,1,9,0,18,3,7,0,0,0,0,0,0,1,1,6,1,22,5,-1,-1,-1,-1,4,1,E01003204,0
Unvalidated,2024010495091,2024,010495091,1,9,0,18,3,7,2,8,0,0,0,0,1,1,6,2,45,7,-1,-1,-1,-1,4,1,E01000475,0
Unvalidated,2024010495093,2024,010495093,1,3,0,4,3,7,0,1,0,0,0,0,1,1,6,1,17,4,-1,-1,-1,-1,4,1,E01002677,0
Unvalidated,2024010495096,2024,010495096,1,9,0,99,9,9,99,9,9,99,9,99,1,9,6,3,-1,-1,-1,-1,-1,-1,-1,-1,-1,0
Unvalidated,2024010495096,2024,010495096,2,9,9,99,9,9,99,9,9,99,9,99,9,9,6,1,41,7,-1,-1,-1,-1,2,1,E01033737,0
Unvalidated,2024010495104,2024,010495104,1,2,0,18,5,1,0,1,1,0,0,0,1,1,6,1,35,6,-1,-1,-1,-1,2,1,E01001702,0
Unvalidated,2024010495104,2024,010495104,2,9,0,5,7,3,0,8,0,0,0,0,3,1,6,1,50,8,-1,-1,-1,-1,9,1,E01001606,0
Unvalidated,2024010495105,2024,010495105,1,9,0,18,7,3,0,1,0,4,0,0,1,1,6,1,66,10,-1,-1,-1,-1,5,1,E01001677,0
Unvalidated,2024010495105,2024,010495105,2,9,0,2,0,0,0,2,0,0,0,0,2,1,6,3,-1,-1,-1,-1,-1,-1,-1,-1,-1,0
Unvalidated,2024010495105,2024,010495105,3,9,0,4,7,3,0,1,0,10,1,2,3,1,6,2,24,5,-1,-1,-1,-1,2,1,E01001591,0
Unvalidated,2024010495105,2024,010495105,4,9,0,2,0,0,0,1,0,0,0,0,2,1,6,3,-1,-1,-1,-1,-1,-1,-1,-1,-1,0
Unvalidated,2024010495108,2024,010495108,1,3,0,18,2,6,0,1,0,0,0,0,1,1,6,1,19,4,-1,-1,-1,-1,5,1,E01001091,0
Unvalidated,2024010495108,2024,010495108,2,9,0,10,1,6,0,6,0,0,0,0,1,1,6,1,70,10,-1,-1,-1,-1,3,1,E01032583,0
Unvalidated,2024010495110,2024,010495110,1,20,0,5,3,7,0,1,0,0,0,0,1,1,6,3,-1,-1,-1,-1,-1,-1,-1,-1,-1,0
Unvalidated,2024010495114,2024,010495114,1,9,0,18,3,7,0,2,0,10,0,0,3,1,6,1,26,6,-1,-1,-1,-1,5,1,E01003741,0
Unvalidated,2024010495114,2024,010495114,2,9,0,18,3,7,0,2,0,10,0,0,4,1,6,1,44,7,-1,-1,-1,-1,6,1,E01032767,0
Unvalidated,2024010495119,2024,010495119,1,9,0,18,7,3,0,5,0,0,0,0,2,1,6,1,40,7,-1,-1,-1,-1,3,1,E01000094,0
Unvalidated,2024010495119,2024,010495119,2,9,0,18,7,3,0,5,0,0,0,0,1,1,6,3,-1,-1,-1,-1,-1,-1,-1,-1,-1,0
Unvalidated,2024010495123,2024,010495123,1,3,0,5,1,5,0,2,0,0,0,0,0,1,6,1,20,4,-1,-1,-1,-1,2,1,E01000045,0
Unvalidated,2024010495131,2024,010495131,1,9,0,18,7,3,0,0,5,0,0,0,1,1,6,1,39,7,-1,-1,-1,-1,5,1,E01001060,0
Unvalidated,2024010495131,2024,010495131,2,8,0,18,7,3,0,0,1,10,0,0,3,1,1,1,43,7,-1,-1,-1,-1,3,1,E01004645,0
Unvalidated,2024010495138,2024,010495138,1,1,9,99,9,9,99,9,9,99,9,99,9,1,6,2,24,5,-1,-1,-1,-1,4,1,E01001353,0
Unvalidated,2024010495138,2024,010495138,2,98,0,99,9,9,99,9,9,99,9,99,1,9,6,3,-1,-1,-1,-1,-1,-1,-1,-1,-1,0
Unvalidated,2024010495139,2024,010495139,1,3,0,99,9,9,99,9,9,99,9,99,1,1,6,1,21,5,-1,-1,-1,-1,2,1,E01003432,0
Unvalidated,2024010495139,2024,010495139,2,9,0,99,9,9,99,9,9,99,9,99,9,9,6,3,-1,-1,-1,-1,-1,-1,-1,-1,-1,0
Unvalidated,2024010495141,2024,010495141,1,1,9,18,9,9,99,9,9,99,9,99,1,1,6,1,29,6,-1,-1,-1,-1,8,1,E01004587,0
Unvalidated,2024010495141,2024,010495141,2,98,0,7,9,9,99,9,9,99,9,99,9,9,6,3,-1,-1,-1,-1,-1,-1,-1,-1,-1,0
Unvalidated,2024010495147,2024,010495147,1,9,0,99,9,9,99,9,9,99,9,99,2,9,2,1,35,6,-1,-1,-1,-1,9,1,E01031589,0
Unvalidated,2024010495147,2024,010495147,2,9,0,99,9,9,99,9,9,99,9,99,1,9,6,3,-1,-1,-1,-1,-1,-1,6,1,E01003000,0
Unvalidated,2024010495149,2024,010495149,1,1,9,99,9,9,99,9,9,99,9,99,9,1,2,1,52,8,-1,-1,-1,-1,8,1,E01002285,0
Unvalidated,2024010495149,2024,010495149,2,9,0,99,9,9,99,9,9,99,9,99,9,9,6,3,-1,-1,-1,-1,-1,-1,-1,-1,-1,0
Unvalidated,2024010495150,2024,010495150,1,9,9,99,9,9,99,9,9,99,9,99,9,9,6,3,-1,-1,-1,-1,-1,-1,-1,-1,-1,0
Unvalidated,2024010495158,2024,010495158,1,8,9,99,9,9,99,9,9,99,9,99,9,9,6,3,-1,-1,-1,-1,-1,-1,-1,-1,-1,0
Unvalidated,2024010495159,2024,010495159,1,19,0,99,9,9,99,9,9,99,9,99,9,9,2,2,24,5,-1,-1,-1,-1,5,1,E01004353,0
Unvalidated,2024010495159,2024,010495159,2,19,0,99,9,9,99,9,9,99,9,99,9,9,6,1,54,8,-1,-1,-1,-1,2,1,E01003604,0
Unvalidated,2024010495163,2024,010495163,1,9,0,10,5,2,0,0,0,0,0,0,3,1,2,2,48,8,-1,-1,-1,-1,6,1,E01004216,0
Unvalidated,2024010495163,2024,010495163,2,9,0,18,4,8,0,0,0,0,0,0,4,1,1,2,44,7,-1,-1,-1,-1,-1,-1,-1,0
Unvalidated,2024010495164,2024,010495164,1,9,0,18,1,5,0,0,0,0,0,0,2,1,1,1,43,7,-1,-1,-1,-1,-1,-1,-1,0
Unvalidated,2024010495164,2024,010495164,2,9,0,18,1,5,0,0,1,0,2,7,1,1,6,2,47,8,-1,-1,-1,-1,6,1,E01000259,0
Unvalidated,2024010495169,2024,010495169,1,9,0,18,3,7,0,2,0,10,0,0,3,1,6,2,19,4,-1,-1,-1,-1,6,1,E01002258,0
Unvalidated,2024010495171,2024,010495171,1,9,0,18,9,9,99,0,9,99,9,99,9,9,6,1,18,4,-1,-1,-1,-1,2,1,E01001388,0
Unvalidated,2024010495171,2024,010495171,2,9,0,5,9,9,99,0,9,99,9,99,2,9,6,2,22,5,-1,-1,-1,-1,2,1,E01002566,0
Unvalidated,2024010495172,2024,010495172,1,3,0,99,9,9,99,9,9,99,9,99,9,1,1,1,30,6,-1,-1,-1,-1,5,1,E01002374,0
Unvalidated,2024010495172,2024,010495172,2,9,0,99,9,9,99,9,9,99,9,99,9,9,6,3,-1,-1,-1,-1,-1,-1,-1,-1,-1,0
Unvalidated,2024010495174,2024,010495174,1,11,0,9,8,6,2,6,0,0,0,0,1,1,1,1,44,7,-1,-1,-1,-1,6,1,E01004731,0
Unvalidated,2024010495177,2024,010495177,1,1,9,99,9,9,99,1,9,99,9,99,1,1,6,1,31,6,-1,-1,-1,-1,4,1,E01003165,0
Unvalidated,2024010495177,2024,010495177,2,9,0,99,9,9,99,6,9,99,9,99,1,9,6,2,-1,-1,-1,-1,-1,-1,-1,-1,-1,0
Unvalidated,2024010495180,2024,010495180,1,1,9,99,9,9,99,9,9,99,9,99,9,1,6,1,31,6,-1,-1,-1,-1,1,1,E01002093,0
Unvalidated,2024010495180,2024,010495180,2,9,0,99,9,9,99,9,9,99,9,99,1,9,6,2,61,9,-1,-1,-1,-1,1,1,E01001430,0
Unvalidated,2024010495182,2024,010495182,1,9,0,99,9,9,99,9,9,99,9,99,9,9,6,2,26,6,-1,-1,-1,-1,7,1,E01021752,0
Unvalidated,2024010495182,2024,010495182,2,9,9,99,9,9,0,9,9,0,0,0,9,1,6,1,21,5,-1,-1,-1,-1,4,1,E01001406,0
Unvalidated,2024010495184,2024,010495184,1,9,0,11,3,7,0,6,0,0,1,0,4,1,2,1,28,6,-1,-1,-1,-1,2,1,E01002080,0
Unvalidated,2024010495184,2024,010495184,2,9,0,12,3,7,0,6,0,0,0,0,1,1,6,1,44,7,-1,-1,-1,-1,2,1,E01002080,0
Unvalidated,2024010495196,2024,010495196,1,9,0,99,9,9,99,9,9,99,9,99,9,9,6,1,31,6,-1,-1,-1,-1,8,1,E01002452,0
Unvalidated,2024010495196,2024,010495196,2,9,0,99,9,9,99,9,9,99,9,99,1,9,6,3,-1,-1,-1,-1,-1,-1,-1,-1,-1,0
Unvalidated,2024010495198,2024,010495198,1,3,0,18,3,7,0,8,0,0,0,0,1,1,6,1,18,4,-1,-1,-1,-1,1,1,E01033456,0
Unvalidated,2024010495198,2024,010495198,2,9,0,10,8,5,0,8,0,0,0,0,4,1,6,1,62,9,-1,-1,-1,-1,5,1,E01000594,0
Unvalidated,2024010495199,2024,010495199,1,8,0,18,1,5,0,0,1,0,0,0,3,1,1,1,51,8,-1,-1,-1,-1,8,1,E01004081,0
Unvalidated,2024010495199,2024,010495199,2,9,0,13,5,1,0,0,0,0,0,0,3,1,6,3,-1,-1,-1,-1,-1,-1,-1,-1,-1,0
Unvalidated,2024010495201,2024,010495201,1,3,0,9,5,2,0,2,0,0,0,0,1,1,6,1,17,4,-1,-1,-1,-1,3,1,E01003917,0
Unvalidated,2024010495201,2024,010495201,2,9,0,18,2,6,0,1,0,0,0,0,1,1,6,1,44,7,-1,-1,-1,-1,3,1,E01003923,0
Unvalidated,2024010495215,2024,010495215,1,9,0,3,1,5,0,6,0,0,0,0,1,1,6,2,55,8,-1,-1,-1,-1,6,1,E01033571,0
Unvalidated,2024010495215,2024,010495215,2,9,0,3,1,5,0,6,0,0,0,0,1,1,6,1,19,4,-1,-1,-1,-1,1,1,E01004040,0
Unvalidated,2024010495218,2024,010495218,1,9,0,18,5,1,0,8,0,0,0,0,2,1,6,1,27,6,-1,-1,-1,-1,4,1,E01033572,0
Unvalidated,2024010495218,2024,010495218,2,9,0,18,7,3,0,8,0,0,1,1,1,1,6,3,23,5,-1,-1,-1,-1,8,1,E01000175,0
Unvalidated,2024010495221,2024,010495221,1,9,0,4,7,3,0,1,0,0,0,0,1,1,6,1,59,9,-1,-1,-1,-1,-1,-1,-1,0
Unvalidated,2024010495222,2024,010495222,1,9,0,18,1,5,0,3,0,0,0,0,1,1,6,3,44,7,-1,-1,-1,-1,-1,-1,-1,0
Unvalidated,2024010495222,2024,010495222,2,1,0,18,1,5,0,3,0,0,0,0,2,1,1,1,37,7,-1,-1,-1,-1,2,1,E01001339,0
Unvalidated,2024010495224,2024,010495224,1,9,0,18,4,8,0,8,0,0,0,0,1,1,6,1,32,6,-1,-1,-1,-1,6,2,E01023063,0
Unvalidated,2024010495229,2024,010495229,1,9,0,18,5,1,0,0,0,0,0,0,1,1,6,3,-1,-1,-1,-1,-1,-1,-1,-1,-1,0
Unvalidated,2024010495231,2024,010495231,1,9,0,9,4,2,0,1,0,0,1,0,1,1,2,1,51,8,-1,-1,-1,-1,5,1,E01003327,0
Unvalidated,2024010495231,2024,010495231,2,4,0,18,5,1,0,1,0,0,0,0,1,1,1,1,29,6,-1,-1,-1,-1,3,1,E01001000,0
Unvalidated,2024010495233,2024,010495233,1,9,0,99,9,9,99,9,9,99,9,99,2,9,6,1,32,6,-1,-1,-1,-1,2,1,E01033151,0
Unvalidated,2024010495233,2024,010495233,2,9,0,99,9,9,99,9,9,99,9,99,2,9,6,3,-1,-1,-1,-1,-1,-1,-1,-1,-1,0
Unvalidated,2024010495235,2024,010495235,1,9,0,9,1,7,0,5,0,0,0,0,4,1,2,1,58,9,-1,-1,-1,-1,4,1,E01004215,0
Unvalidated,2024010495235,2024,010495235,2,90,0,18,5,1,0,1,0,0,0,0,1,1,6,1,22,5,-1,-1,-1,-1,3,1,E01004274,1
Unvalidated,2024010495237,2024,010495237,1,9,0,18,3,7,0,1,0,0,0,0,2,1,6,1,40,7,-1,-1,-1,-1,10,3,E01017632,0
Unvalidated,2024010495237,2024,010495237,2,5,0,18,3,7,0,1,0,0,0,0,1,1,6,1,53,8,-1,-1,-1,-1,-1,-1,-1,0
Unvalidated,2024010495238,2024,010495238,1,19,0,9,5,3,0,1,0,0,0,0,3,1,6,1,57,9,-1,-1,-1,-1,2,1,E01015735,0
Unvalidated,2024010495238,2024,010495238,2,3,0,13,5,1,0,1,0,0,0,0,1,1,1,1,46,8,-1,-1,-1,-1,7,1,E01001304,0
Unvalidated,2024010495240,2024,010495240,1,3,0,99,9,9,99,9,9,99,9,99,1,1,1,1,27,6,-1,-1,-1,-1,5,1,E01001895,0
Unvalidated,2024010495240,2024,010495240,2,9,0,99,9,9,99,9,9,99,9,99,2,9,6,3,-1,-1,-1,-1,-1,-1,-1,-1,-1,0
Unvalidated,2024010495242,2024,010495242,1,9,0,9,3,1,0,8,0,0,0,0,1,1,6,1,23,5,-1,-1,-1,-1,4,1,E01002307,0
Unvalidated,2024010495242,2024,010495242,2,3,0,18,7,3,0,1,0,0,0,0,1,1,6,1,24,5,-1,-1,-1,-1,6,1,E01002327,0
Unvalidated,2024010495251,2024,010495251,1,9,0,6,7,7,0,0,0,10,0,0,4,1,6,1,27,6,-1,-1,-1,-1,2,1,E01001719,0
Unvalidated,2024010495251,2024,010495251,2,9,0,18,7,3,0,0,0,0,0,0,1,1,1,1,34,6,-1,-1,-1,-1,-1,-1,-1,0
Unvalidated,2024010495255,2024,010495255,1,9,0,18,5,1,9,1,0,0,7,2,1,1,2,1,71,10,-1,-1,-1,-1,2,1,E01003968,0
Unvalidated,2024010495256,2024,010495256,1,1,9,99,9,9,0,8,1,99,0,0,9,1,6,1,36,7,-1,-1,-1,-1,5,1,E01004353,0
Unvalidated,2024010495262,2024,010495262,1,9,0,99,9,9,99,9,9,99,9,99,9,1,6,2,32,6,-1,-1,-1,-1,3,1,E01004562,0
Unvalidated,2024010495265,2024,010495265,1,9,0,99,9,9,99,5,9,99,9,99,9,9,6,1,52,8,-1,-1,-1,-1,4,3,E01002441,0
Unvalidated,2024010495265,2024,010495265,2,9,0,99,9,9,99,6,9,99,9,99,1,9,6,3,-1,-1,-1,-1,-1,-1,6,2,E01002439,0
Unvalidated,2024010495285,2024,010495285,1,11,0,99,9,9,99,9,9,99,9,99,9,9,6,3,-1,-1,-1,-1,-1,-1,4,1,E01002050,0
Unvalidated,2024010495290,2024,010495290,1,9,0,99,9,9,99,9,9,99,9,99,2,9,6,1,54,8,-1,-1,-1,-1,3,1,E01000515,0
Unvalidated,2024010495290,2024,010495290,2,9,0,99,9,9,99,9,9,99,9,99,1,9,6,3,-1,-1,-1,-1,-1,-1,-1,-1,-1,0
Unvalidated,2024010495303,2024,010495303,1,9,0,7,3,6,0,5,0,0,0,0,4,1,1,1,39,7,-1,-1,-1,-1,6,2,E01027057,0
Unvalidated,2024010495303,2024,010495303,2,3,0,15,3,7,0,1,0,0,0,0,1,1,6,1,44,7,-1,-1,-1,-1,3,1,E01001983,0
Unvalidated,2024010495304,2024,010495304,1,19,0,9,1,6,0,8,0,0,0,0,1,1,2,1,47,8,-1,-1,-1,-1,8,3,E01016339,0
Unvalidated,2024010495304,2024,010495304,2,1,0,14,1,5,0,8,0,0,0,0,1,1,2,1,17,4,-1,-1,-1,-1,4,1,E01004699,0
Unvalidated,2024010495305,2024,010495305,1,3,9,99,9,9,99,9,9,99,9,99,9,1,1,1,35,6,-1,-1,-1,-1,7,1,E01004175,0
Unvalidated,2024010495305,2024,010495305,2,9,9,99,9,9,99,9,9,99,9,99,1,9,6,3,-1,-1,-1,-1,-1,-1,-1,-1,-1,0
Unvalidated,2024010495308,2024,010495308,1,4,0,5,1,5,0,5,0,0,0,0,4,1,6,2,49,8,-1,-1,-1,-1,4,1,E01002042,0
Unvalidated,2024010495309,2024,010495309,1,3,9,99,9,9,99,9,9,99,9,99,9,1,1,1,40,7,-1,-1,-1,-1,2,1,E01002077,0
Unvalidated,2024010495309,2024,010495309,2,9,9,99,9,9,99,9,9,99,9,99,1,9,6,3,-1,-1,-1,-1,-1,-1,-1,-1,-1,0
Unvalidated,2024010495315,2024,010495315,1,9,0,99,9,9,0,0,0,0,0,0,9,1,6,2,46,8,-1,-1,-1,-1,7,1,E01002329,0
Unvalidated,2024010495315,2024,010495315,2,9,0,99,9,9,0,0,0,0,0,0,9,1,6,1,-1,-1,-1,-1,-1,-1,-1,-1,-1,0
Unvalidated,2024010495317,2024,010495317,1,3,0,99,9,9,99,0,9,99,9,99,9,1,6,3,30,6,-1,-1,-1,-1,3,1,E01001175,0
Unvalidated,2024010495317,2024,010495317,2,9,0,99,9,9,99,0,9,99,9,99,9,9,6,3,-1,-1,-1,-1,-1,-1,-1,-1,-1,0
Unvalidated,2024010495320,2024,010495320,1,11,9,99,9,9,99,9,9,99,9,99,9,1,6,3,-1,-1,-1,-1,-1,-1,-1,-1,-1,0
Unvalidated,2024010495321,2024,010495321,1,9,0,18,1,5,0,8,0,0,0,0,1,1,1,1,56,9,-1,-1,-1,-1,5,1,E01002897,0
Unvalidated,2024010495322,2024,010495322,1,9,0,9,7,5,0,5,0,0,0,0,4,1,1,1,67,10,-1,-1,-1,-1,9,1,E01003910,0
Unvalidated,2024010495322,2024,010495322,2,3,0,18,3,7,0,8,0,0,0,0,1,1,6,1,49,8,-1,-1,-1,-1,2,1,E01002686,0
Unvalidated,2024010495323,2024,010495323,1,3,0,99,9,9,99,9,9,99,9,99,9,1,6,3,34,6,-1,-1,-1,-1,3,1,E01001747,0
Unvalidated,2024010495323,2024,010495323,2,9,0,99,9,9,99,9,9,99,9,99,9,9,6,3,-1,-1,-1,-1,-1,-1,-1,-1,-1,0
Unvalidated,2024010495328,2024,010495328,1,11,0,5,0,1,0,6,0,0,0,0,0,1,1,1,56,9,-1,-1,-1,-1,2,1,E01001557,0
Unvalidated,2024010495334,2024,010495334,1,9,0,1,3,7,0,6,0,0,0,0,2,1,6,1,56,9,-1,-1,-1,-1,6,1,E01000262,0
Unvalidated,2024010495336,2024,010495336,1,9,0,99,9,9,99,9,9,99,9,99,2,9,6,1,63,9,-1,-1,-1,-1,9,1,E01030334,0
Unvalidated,2024010495336,2024,010495336,2,9,0,99,9,9,99,9,9,99,9,99,1,9,6,3,35,6,-1,-1,-1,-1,4,1,E01003095,0
Unvalidated,2024010495340,2024,010495340,1,3,0,99,9,9,99,9,9,99,9,99,9,1,2,3,25,5,-1,-1,-1,-1,1,1,E01001978,0
Unvalidated,2024010495340,2024,010495340,2,9,0,99,9,9,99,9,9,99,9,99,9,9,6,3,-1,-1,-1,-1,-1,-1,-1,-1,-1,0
Unvalidated,2024010495343,2024,010495343,1,1,9,99,9,9,99,9,9,99,9,99,1,1,6,1,39,7,-1,-1,-1,-1,3,1,E01002058,0
Unvalidated,2024010495343,2024,010495343,2,9,0,99,9,9,99,9,9,99,9,99,9,9,6,3,-1,-1,-1,-1,-1,-1,-1,-1,-1,0
Unvalidated,2024010495346,2024,010495346,1,9,0,3,5,1,0,1,0,0,0,0,1,1,6,2,35,6,-1,-1,-1,-1,-1,-1,-1,0
Unvalidated,2024010495346,2024,010495346,2,9,0,3,5,1,0,1,0,0,0,0,1,1,6,1,40,7,-1,-1,-1,-1,-1,-1,-1,0
Unvalidated,2024010495346,2024,010495346,3,9,0,18,1,5,0,1,0,0,0,0,2,1,6,1,76,11,-1,-1,-1,-1,5,1,E01001074,0
Unvalidated,2024010495346,2024,010495346,4,9,0,18,1,5,0,1,0,0,0,0,1,1,6,1,19,4,-1,-1,-1,-1,-1,-1,-1,0
Unvalidated,2024010495353,2024,010495353,1,9,0,2,0,0,0,0,0,0,0,0,0,1,6,3,-1,-1,-1,-1,-1,-1,-1,-1,-1,0
Unvalidated,2024010495353,2024,010495353,2,1,0,18,7,3,0,0,0,0,0,0,1,1,6,1,38,7,-1,-1,-1,-1,7,1,E01004705,0
Unvalidated,2024010495363,2024,010495363,1,9,0,18,7,3,0,0,0,0,0,0,3,1,6,3,-1,-1,-1,-1,-1,-1,-1,-1,-1,0
Unvalidated,2024010495364,2024,010495364,1,1,9,99,9,9,99,9,9,99,9,99,9,1,6,1,27,6,-1,-1,-1,-1,5,1,E01002791,0
Unvalidated,2024010495364,2024,010495364,2,9,9,99,9,9,99,9,9,99,9,99,9,1,6,3,-1,-1,-1,-1,-1,-1,-1,-1,-1,0
Unvalidated,2024010495368,2024,010495368,1,8,0,99,9,9,99,9,9,99,9,99,2,9,1,3,54,8,-1,-1,-1,-1,2,1,E01003580,0
Unvalidated,2024010495368,2024,010495368,2,9,0,99,9,9,99,9,9,99,9,99,1,9,6,3,-1,-1,-1,-1,-1,-1,-1,-1,-1,0
Unvalidated,2024010495370,2024,010495370,1,3,0,13,3,7,0,1,1,0,7,0,4,1,6,1,25,5,-1,-1,-1,-1,3,1,E01004397,0
Unvalidated,2024010495370,2024,010495370,2,9,0,9,3,1,0,1,0,0,0,0,3,1,6,2,18,4,-1,-1,-1,-1,4,1,E01021853,0
Unvalidated,2024010495379,2024,010495379,1,97,0,99,9,9,99,9,9,99,9,99,1,1,6,2,44,7,-1,-1,-1,-1,1,1,E01001559,0
Unvalidated,2024010495382,2024,010495382,1,2,0,18,5,1,0,8,0,0,0,0,1,1,1,1,34,6,-1,-1,-1,-1,3,1,E01002526,0
Unvalidated,2024010495385,2024,010495385,1,9,0,18,7,3,0,0,0,4,0,0,4,1,6,3,-1,-1,-1,-1,-1,-1,-1,-1,-1,0
Unvalidated,2024010495385,2024,010495385,2,19,0,18,7,3,0,0,0,0,0,0,3,1,1,1,37,7,-1,-1,-1,-1,3,1,E01001546,0
Unvalidated,2024010495385,2024,010495385,3,9,0,2,0,0,0,0,0,0,0,0,3,1,6,3,-1,-1,-1,-1,-1,-1,-1,-1,-1,0
Unvalidated,2024010495385,2024,010495385,4,9,0,18,7,3,0,0,0,0,0,0,0,1,1,1,34,6,-1,-1,-1,-1,3,1,E01003221,0
Unvalidated,2024010495387,2024,010495387,1,9,0,99,9,9,99,9,9,99,9,99,2,9,2,1,41,7,-1,-1,-1,-1,3,1,E01000032,0
Unvalidated,2024010495387,2024,010495387,2,9,0,99,9,9,99,9,9,99,9,99,1,9,6,3,-1,-1,-1,-1,-1,-1,5,1,E01004363,0
Unvalidated,2024010495392,2024,010495392,1,11,0,4,1,5,0,2,0,0,0,0,0,1,1,1,53,8,-1,-1,-1,-1,5,1,E01003411,0
Unvalidated,2024010495393,2024,010495393,1,9,0,10,7,4,0,2,0,0,0,0,1,1,6,2,35,6,-1,-1,-1,-1,2,1,E01004615,0
Unvalidated,2024010495393,2024,010495393,2,5,0,18,3,7,0,1,0,0,0,0,1,1,6,1,59,9,-1,-1,-1,-1,7,1,E01004512,0
Unvalidated,2024010495395,2024,010495395,1,19,0,7,5,7,0,8,0,0,0,0,4,1,6,1,46,8,-1,-1,-1,-1,4,1,E01001241,0
Unvalidated,2024010495395,2024,010495395,2,3,0,18,5,1,0,8,0,0,0,0,3,1,6,2,31,6,-1,-1,-1,-1,4,1,E01002603,0