status,collision_index,collision_year,collision_reference,vehicle_reference,vehicle_type,towing_and_articulation,vehicle_manoeuvre,vehicle_direction_from,vehicle_direction_to,vehicle_location_restricted_lane,junction_location,skidding_and_overturning,hit_object_in_carriageway,vehicle_leaving_carriageway,hit_object_off_carriageway,first_point_of_impact,vehicle_left_hand_drive,journey_purpose_of_driver,sex_of_driver,age_of_driver,age_band_of_driver,engine_capacity_cc,propulsion_code,age_of_vehicle,generic_make_model,driver_imd_decile,driver_home_area_type,lsoa_of_driver,escooter_flag
Unvalidated,2024010495399,2024,010495399,1,1,9,99,9,9,99,9,9,99,9,99,1,1,6,3,-1,-1,-1,-1,-1,-1,-1,-1,-1,0
Unvalidated,2024010495401,2024,010495401,1,9,0,99,9,9,99,9,9,99,9,99,9,9,6,2,32,6,-1,-1,-1,-1,2,1,E01004233,0
Unvalidated,2024010495401,2024,010495401,2,9,9,99,9,9,99,9,9,99,9,99,9,9,6,3,-1,-1,-1,-1,-1,-1,-1,-1,-1,0
Unvalidated,2024010495403,2024,010495403,1,9,0,18,3,7,0,0,0,0,0,0,4,1,6,2,41,7,-1,-1,-1,-1,1,1,E01032512,0
Unvalidated,2024010495404,2024,010495404,1,9,0,4,2,6,0,1,0,0,0,0,2,1,3,2,42,7,-1,-1,-1,-1,2,1,E01001110,0
Unvalidated,2024010495404,2024,010495404,2,9,0,4,2,6,0,1,0,0,0,0,1,1,6,1,19,4,-1,-1,-1,-1,3,1,E01004540,0
Unvalidated,2024010495405,2024,010495405,1,9,0,99,9,9,99,0,9,99,9,99,9,9,2,1,22,5,-1,-1,-1,-1,5,1,E01000450,0
Unvalidated,2024010495405,2024,010495405,2,9,0,99,9,9,99,0,9,99,9,99,9,9,6,3,60,9,-1,-1,-1,-1,9,1,E01000452,0
Unvalidated,2024010495407,2024,010495407,1,9,0,11,5,1,0,0,0,0,0,0,1,1,6,3,-1,-1,-1,-1,-1,-1,-1,-1,-1,0
Unvalidated,2024010495407,2024,010495407,2,1,0,18,5,1,0,0,0,0,0,0,2,1,2,2,29,6,-1,-1,-1,-1,5,1,E01003142,0
Unvalidated,2024010495408,2024,010495408,1,9,0,18,5,1,0,1,0,0,0,0,1,1,6,2,29,6,-1,-1,-1,-1,3,1,E01000630,0
Unvalidated,2024010495412,2024,010495412,1,9,0,18,1,5,0,0,0,0,0,0,2,1,6,1,81,11,-1,-1,-1,-1,-1,-1,-1,0
Unvalidated,2024010495412,2024,010495412,2,1,0,18,1,5,0,0,0,0,0,0,1,1,6,1,45,7,-1,-1,-1,-1,10,1,E01002924,0
Unvalidated,2024010495424,2024,010495424,1,1,9,99,9,9,99,9,9,99,9,99,1,1,1,1,26,6,-1,-1,-1,-1,4,1,E01001736,0
Unvalidated,2024010495424,2024,010495424,2,8,0,99,9,9,99,9,9,99,9,99,1,9,6,3,-1,-1,-1,-1,-1,-1,-1,-1,-1,0
Unvalidated,2024010495430,2024,010495430,1,3,0,18,1,5,0,0,0,0,0,0,1,1,6,1,21,5,-1,-1,-1,-1,2,1,E01002227,0
Unvalidated,2024010495430,2024,010495430,2,9,0,13,5,1,0,0,0,0,0,0,0,1,6,1,25,5,-1,-1,-1,-1,8,1,E01023571,0
Unvalidated,2024010495431,2024,010495431,1,1,9,99,9,9,4,9,9,99,9,99,1,1,2,1,26,6,-1,-1,-1,-1,8,1,E01004293,0
Unvalidated,2024010495431,2024,010495431,2,9,0,99,9,9,99,9,9,99,9,99,1,9,6,3,-1,-1,-1,-1,-1,-1,2,1,E01004233,0
Unvalidated,2024010495434,2024,010495434,1,19,0,9,3,2,0,6,0,0,0,0,4,1,6,1,57,9,-1,-1,-1,-1,3,1,E01002028,0
Unvalidated,2024010495434,2024,010495434,2,1,0,7,2,3,0,6,0,0,0,0,3,1,1,1,60,9,-1,-1,-1,-1,8,1,E01000122,0
Unvalidated,2024010495447,2024,010495447,1,5,0,13,1,5,0,1,0,0,0,0,4,1,2,1,51,8,-1,-1,-1,-1,4,1,E01021808,0
Unvalidated,2024010495447,2024,010495447,2,9,0,10,8,6,0,1,0,0,0,0,3,1,6,1,54,8,-1,-1,-1,-1,10,2,E01023909,0
Unvalidated,2024010495453,2024,010495453,1,9,0,9,5,3,0,6,0,0,0,0,1,1,2,2,46,8,-1,-1,-1,-1,2,1,E01001001,0
Unvalidated,2024010495453,2024,010495453,2,1,0,18,3,7,0,8,0,0,0,0,1,1,6,1,37,7,-1,-1,-1,-1,6,1,E01001160,0
Unvalidated,2024010495455,2024,010495455,1,9,0,18,1,5,0,1,0,0,0,0,4,1,6,3,-1,-1,-1,-1,-1,-1,-1,-1,-1,0
Unvalidated,2024010495465,2024,010495465,1,9,0,99,9,9,99,9,9,99,9,99,2,9,6,2,23,5,-1,-1,-1,-1,3,1,E01000099,0
Unvalidated,2024010495465,2024,010495465,2,9,0,99,9,9,99,9,9,99,9,99,1,9,6,3,-1,-1,-1,-1,-1,-1,-1,-1,-1,0
Unvalidated,2024010495473,2024,010495473,1,2,0,4,5,1,0,0,0,4,0,0,2,1,2,1,26,6,-1,-1,-1,-1,5,1,E01004137,0
Unvalidated,2024010495473,2024,010495473,2,9,0,3,5,1,0,0,0,0,0,0,2,1,2,2,57,9,-1,-1,-1,-1,4,1,E01003062,0
Unvalidated,2024010495473,2024,010495473,3,9,0,18,5,1,0,0,0,0,0,0,1,1,2,1,27,6,-1,-1,-1,-1,1,1,E01003192,0
Unvalidated,2024010495474,2024,010495474,1,3,0,99,9,9,99,9,9,99,9,99,2,1,1,1,28,6,-1,-1,-1,-1,7,1,E01003283,0
Unvalidated,2024010495474,2024,010495474,2,9,0,99,9,9,99,9,9,99,9,99,1,9,6,3,-1,-1,-1,-1,-1,-1,-1,-1,-1,0
Unvalidated,2024010495474,2024,010495474,3,9,0,99,9,9,99,9,9,99,9,99,2,9,6,3,-1,-1,-1,-1,-1,-1,4,1,E01001855,0
Unvalidated,2024010495476,2024,010495476,1,9,0,3,7,3,0,1,0,4,0,0,1,1,6,2,61,9,-1,-1,-1,-1,3,1,E01004571,0
Unvalidated,2024010495476,2024,010495476,2,9,0,4,7,3,0,1,0,0,0,0,2,1,6,2,57,9,-1,-1,-1,-1,7,1,E01003853,0
Unvalidated,2024010495477,2024,010495477,1,9,0,99,9,9,99,9,9,99,9,99,9,9,2,2,57,9,-1,-1,-1,-1,2,1,E01003984,0
Unvalidated,2024010495477,2024,010495477,2,1,9,99,9,9,99,9,9,99,9,99,9,1,6,3,35,6,-1,-1,-1,-1,5,1,E01033325,0
Unvalidated,2024010495484,2024,010495484,1,1,9,18,7,3,99,8,9,99,9,99,2,1,6,1,61,9,-1,-1,-1,-1,-1,-1,-1,0
Unvalidated,2024010495484,2024,010495484,2,90,9,99,9,9,99,8,9,99,9,99,1,9,6,3,-1,-1,-1,-1,-1,-1,-1,-1,-1,0
Unvalidated,2024010495486,2024,010495486,1,9,0,99,9,9,99,9,9,99,9,99,2,9,6,1,71,10,-1,-1,-1,-1,7,1,E01001069,0
Unvalidated,2024010495486,2024,010495486,2,9,0,99,9,9,99,9,9,99,9,99,1,9,6,3,-1,-1,-1,-1,-1,-1,-1,-1,-1,0
Unvalidated,2024010495493,2024,010495493,1,3,0,3,9,9,99,9,9,99,9,99,9,1,6,3,33,6,-1,-1,-1,-1,7,1,E01002198,0
Unvalidated,2024010495493,2024,010495493,2,9,0,1,9,9,99,9,9,99,9,99,9,9,6,3,-1,-1,-1,-1,-1,-1,-1,-1,-1,0
Unvalidated,2024010495496,2024,010495496,1,11,0,18,8,4,0,0,0,0,0,0,0,1,1,1,36,7,-1,-1,-1,-1,1,1,E01033598,0
Unvalidated,2024010495504,2024,010495504,1,9,0,18,1,5,0,2,0,0,0,0,1,1,6,2,43,7,-1,-1,-1,-1,-1,-1,-1,0
Unvalidated,2024010495507,2024,010495507,1,1,9,99,9,9,99,9,9,99,9,99,9,1,6,1,-1,-1,-1,-1,-1,-1,-1,-1,-1,0
Unvalidated,2024010495509,2024,010495509,1,3,0,99,9,9,99,1,9,99,9,99,2,1,6,1,45,7,-1,-1,-1,-1,2,1,E01000509,0
Unvalidated,2024010495509,2024,010495509,2,9,0,18,9,9,99,1,9,99,9,99,1,9,6,3,-1,-1,-1,-1,-1,-1,-1,-1,-1,0
Unvalidated,2024010495513,2024,010495513,1,9,0,3,5,1,0,1,0,0,0,0,1,1,6,2,34,6,-1,-1,-1,-1,-1,-1,-1,0
Unvalidated,2024010495513,2024,010495513,2,1,0,10,5,3,5,1,0,0,0,0,2,1,6,1,34,6,-1,-1,-1,-1,-1,-1,-1,0
Unvalidated,2024010495514,2024,010495514,1,9,0,18,1,5,0,0,0,99,0,0,9,1,6,2,25,5,-1,-1,-1,-1,8,1,E01002461,0
Unvalidated,2024010495514,2024,010495514,2,9,0,18,1,5,0,0,0,99,0,0,9,1,6,1,-1,-1,-1,-1,-1,-1,-1,-1,-1,0
Unvalidated,2024010495515,2024,010495515,1,3,9,99,9,9,99,1,9,99,9,99,2,1,2,1,23,5,-1,-1,-1,-1,4,1,E01000618,0
Unvalidated,2024010495515,2024,010495515,2,9,9,99,9,9,99,1,9,99,9,99,9,9,6,3,-1,-1,-1,-1,-1,-1,-1,-1,-1,0
Unvalidated,2024010495517,2024,010495517,1,3,0,99,9,9,99,9,9,99,9,99,2,1,1,1,31,6,-1,-1,-1,-1,4,1,E01001727,0
Unvalidated,2024010495517,2024,010495517,2,9,0,99,9,9,99,9,9,99,9,99,1,9,6,3,-1,-1,-1,-1,-1,-1,-1,-1,-1,0
Unvalidated,2024010495521,2024,010495521,1,98,0,99,9,9,0,0,0,0,0,0,9,1,6,3,-1,-1,-1,-1,-1,-1,-1,-1,-1,0
Unvalidated,2024010495522,2024,010495522,1,3,0,99,9,9,99,9,9,99,9,99,9,1,2,3,29,6,-1,-1,-1,-1,2,1,E01001594,0
Unvalidated,2024010495522,2024,010495522,2,9,0,99,9,9,99,9,9,99,9,99,9,9,6,3,-1,-1,-1,-1,-1,-1,-1,-1,-1,0
Unvalidated,2024010495523,2024,010495523,1,9,0,18,3,7,0,0,0,0,0,0,1,1,6,3,-1,-1,-1,-1,-1,-1,-1,-1,-1,0
Unvalidated,2024010495527,2024,010495527,1,1,0,18,3,7,5,1,0,0,0,0,1,1,6,1,34,6,-1,-1,-1,-1,3,1,E01003275,0
Unvalidated,2024010495527,2024,010495527,2,19,0,8,3,6,0,5,0,0,0,0,4,9,6,1,-1,-1,-1,-1,-1,-1,-1,-1,-1,0
Unvalidated,2024010495533,2024,010495533,1,9,0,18,1,5,0,2,0,0,0,0,2,1,6,2,47,8,-1,-1,-1,-1,7,3,E01030569,0
Unvalidated,2024010495533,2024,010495533,2,19,4,18,1,5,0,2,0,0,0,0,1,2,1,1,76,11,-1,-1,-1,-1,-1,-1,-1,0
Unvalidated,2024010495537,2024,010495537,1,9,0,18,3,7,0,0,0,0,0,0,1,1,6,2,71,10,-1,-1,-1,-1,8,1,E01023312,0
Unvalidated,2024010495540,2024,010495540,1,1,9,99,9,9,99,9,9,99,9,99,1,1,2,1,51,8,-1,-1,-1,-1,10,1,E01030395,0
Unvalidated,2024010495542,2024,010495542,1,9,0,99,9,9,99,9,9,99,9,99,2,9,6,3,-1,-1,-1,-1,-1,-1,-1,-1,-1,0
Unvalidated,2024010495547,2024,010495547,1,3,0,99,9,9,99,9,9,99,9,99,1,1,6,1,27,6,-1,-1,-1,-1,4,1,E01002970,0
Unvalidated,2024010495547,2024,010495547,2,9,0,99,9,9,99,9,9,99,9,99,9,9,6,3,-1,-1,-1,-1,-1,-1,-1,-1,-1,0
Unvalidated,2024010495548,2024,010495548,1,3,0,99,9,9,99,9,9,99,9,99,1,1,1,1,37,7,-1,-1,-1,-1,3,1,E01001391,0
Unvalidated,2024010495548,2024,010495548,2,9,0,99,9,9,99,9,9,99,9,99,9,9,6,3,-1,-1,-1,-1,-1,-1,-1,-1,-1,0
Unvalidated,2024010495549,2024,010495549,1,8,0,99,9,9,99,9,9,99,9,99,4,9,1,1,58,9,-1,-1,-1,-1,10,1,E01000357,0
Unvalidated,2024010495549,2024,010495549,2,9,0,99,9,9,99,9,9,99,9,99,1,9,6,3,-1,-1,-1,-1,-1,-1,2,1,E01003988,0
Unvalidated,2024010495551,2024,010495551,1,1,9,99,9,9,99,9,9,99,9,99,9,1,2,1,27,6,-1,-1,-1,-1,10,1,E01000766,0
Unvalidated,2024010495551,2024,010495551,2,9,0,99,9,9,99,9,9,99,9,99,9,9,6,3,-1,-1,-1,-1,-1,-1,7,1,E01001049,0
Unvalidated,2024010495553,2024,010495553,1,3,0,99,9,9,99,0,9,99,9,99,9,1,1,3,27,6,-1,-1,-1,-1,8,1,E01000784,0
Unvalidated,2024010495553,2024,010495553,2,9,9,99,9,9,99,0,9,99,9,99,9,9,6,3,-1,-1,-1,-1,-1,-1,-1,-1,-1,0
Unvalidated,2024010495555,2024,010495555,1,8,0,18,7,3,0,8,0,0,0,0,3,1,6,1,51,8,-1,-1,-1,-1,7,1,E01021827,0
Unvalidated,2024010495556,2024,010495556,1,3,0,99,9,9,99,9,9,99,9,99,9,1,1,1,32,6,-1,-1,-1,-1,3,1,E01001363,0
Unvalidated,2024010495556,2024,010495556,2,8,0,99,9,9,99,9,9,99,9,99,9,9,6,3,40,7,-1,-1,-1,-1,4,1,E01017926,0
Unvalidated,2024010495559,2024,010495559,1,9,0,18,1,5,0,2,0,0,0,0,1,1,3,2,40,7,-1,-1,-1,-1,1,1,E01000721,0
Unvalidated,2024010495563,2024,010495563,1,9,0,99,9,9,99,9,9,99,9,99,1,9,6,3,-1,-1,-1,-1,-1,-1,-1,-1,-1,0
Unvalidated,2024010495566,2024,010495566,1,1,9,99,9,9,99,9,9,99,9,99,9,1,6,3,44,7,-1,-1,-1,-1,8,1,E01003827,0
Unvalidated,2024010495566,2024,010495566,2,9,9,99,9,9,99,9,9,99,9,99,9,9,6,3,-1,-1,-1,-1,-1,-1,-1,-1,-1,0
Unvalidated,2024010495570,2024,010495570,1,11,0,9,5,3,0,1,0,0,0,0,0,1,1,1,37,7,-1,-1,-1,-1,2,1,E01000034,0
Unvalidated,2024010495571,2024,010495571,1,1,9,15,9,9,99,0,9,99,9,99,9,1,2,1,34,6,-1,-1,-1,-1,-1,-1,-1,0
Unvalidated,2024010495571,2024,010495571,2,11,0,5,9,9,99,0,9,99,9,99,9,9,6,3,-1,-1,-1,-1,-1,-1,3,1,E01001311,0
Unvalidated,2024010495574,2024,010495574,1,9,0,18,3,7,0,0,1,0,0,0,4,1,6,3,-1,-1,-1,-1,-1,-1,-1,-1,-1,0
Unvalidated,2024010495575,2024,010495575,1,11,0,5,6,2,2,1,0,0,0,0,0,1,1,1,21,5,-1,-1,-1,-1,2,1,E01003497,0
Unvalidated,2024010495577,2024,010495577,1,9,0,9,3,1,0,6,0,0,0,0,1,1,6,1,42,7,-1,-1,-1,-1,8,1,E01001392,0
Unvalidated,2024010495577,2024,010495577,2,2,0,18,1,5,0,8,0,0,0,0,1,1,6,1,17,4,-1,-1,-1,-1,-1,-1,-1,0
Unvalidated,2024010495585,2024,010495585,1,1,9,99,9,9,99,9,9,99,9,99,9,1,6,1,44,7,-1,-1,-1,-1,2,1,E01003175,0
Unvalidated,2024010495585,2024,010495585,2,9,0,99,9,9,99,9,9,99,9,99,9,9,6,3,-1,-1,-1,-1,-1,-1,-1,-1,-1,0
Unvalidated,2024010495587,2024,010495587,1,9,0,99,9,9,99,9,9,99,9,99,1,9,6,2,36,7,-1,-1,-1,-1,5,1,E01000264,0
Unvalidated,2024010495587,2024,010495587,2,9,0,99,9,9,99,9,9,99,9,99,2,9,6,3,32,6,-1,-1,-1,-1,4,1,E01002643,0
Unvalidated,2024010495593,2024,010495593,1,11,0,18,5,1,0,1,0,0,0,0,3,1,1,1,54,8,-1,-1,-1,-1,4,1,E01033745,0
Unvalidated,2024010495595,2024,010495595,1,11,0,18,5,1,0,0,0,0,0,0,0,1,1,1,21,5,-1,-1,-1,-1,4,1,E01001683,0
Unvalidated,2024010495602,2024,010495602,1,8,0,18,7,3,0,8,0,0,0,0,4,1,1,1,47,8,-1,-1,-1,-1,1,1,E01004301,0
Unvalidated,2024010495602,2024,010495602,2,1,0,12,7,3,0,8,0,0,0,0,3,1,2,1,37,7,-1,-1,-1,-1,2,1,E01033707,0
Unvalidated,2024010495608,2024,010495608,1,4,0,13,5,1,0,8,2,0,0,0,1,1,2,1,25,5,-1,-1,-1,-1,3,1,E01001834,0
Unvalidated,2024010495608,2024,010495608,2,9,0,9,1,6,0,2,0,0,0,0,1,1,2,1,31,6,-1,-1,-1,-1,8,1,E01003420,0
Unvalidated,2024010495616,2024,010495616,1,9,0,9,7,5,0,6,0,0,0,0,3,1,6,2,19,4,-1,-1,-1,-1,8,1,E01002657,0
Unvalidated,2024010495616,2024,010495616,2,9,0,2,0,0,0,6,0,0,0,0,1,1,6,3,-1,-1,-1,-1,-1,-1,-1,-1,-1,0
Unvalidated,2024010495616,2024,010495616,3,3,0,18,5,1,0,1,1,4,0,0,1,1,6,1,40,7,-1,-1,-1,-1,7,1,E01002683,0
Unvalidated,2024010495621,2024,010495621,1,9,0,99,9,9,99,9,9,99,9,99,9,9,6,1,40,7,-1,-1,-1,-1,3,1,E01002243,0
Unvalidated,2024010495621,2024,010495621,2,8,0,99,9,9,99,9,9,99,9,99,1,9,6,3,-1,-1,-1,-1,-1,-1,2,1,E01002097,0
Unvalidated,2024010495628,2024,010495628,1,9,0,18,4,8,9,6,0,0,0,0,1,1,6,2,41,7,-1,-1,-1,-1,4,1,E01003249,0
Unvalidated,2024010495629,2024,010495629,1,9,0,18,5,1,0,0,1,0,0,0,1,1,6,1,31,6,-1,-1,-1,-1,3,1,E01017790,0
Unvalidated,2024010495631,2024,010495631,1,9,0,9,8,6,0,5,0,0,0,0,1,1,3,2,41,7,-1,-1,-1,-1,7,1,E01001888,0
Unvalidated,2024010495631,2024,010495631,2,1,0,15,5,1,0,1,0,0,0,0,3,1,2,2,25,5,-1,-1,-1,-1,4,1,E01001953,0
Unvalidated,2024010495634,2024,010495634,1,19,0,99,9,9,99,9,9,99,9,99,9,9,1,1,34,6,-1,-1,-1,-1,3,1,E01003405,0
Unvalidated,2024010495634,2024,010495634,2,5,0,99,9,9,99,9,9,99,9,99,9,1,6,3,-1,-1,-1,-1,-1,-1,-1,-1,-1,0
Unvalidated,2024010495650,2024,010495650,1,9,0,4,7,3,0,0,0,0,0,0,2,1,6,2,47,8,-1,-1,-1,-1,4,1,E01001503,0
Unvalidated,2024010495650,2024,010495650,2,3,0,4,7,3,0,0,0,0,0,0,1,1,6,1,24,5,-1,-1,-1,-1,2,1,E01004409,0
Unvalidated,2024010495655,2024,010495655,1,9,0,9,5,2,0,6,0,0,0,0,1,1,6,1,44,7,-1,-1,-1,-1,5,1,E01004046,0
Unvalidated,2024010495655,2024,010495655,2,4,0,18,3,7,0,1,0,0,0,0,1,1,1,1,31,6,-1,-1,-1,-1,7,1,E01002226,0
Unvalidated,2024010495656,2024,010495656,1,9,0,5,7,3,0,6,0,0,0,0,1,1,2,1,45,7,-1,-1,-1,-1,9,1,E01003466,0
Unvalidated,2024010495656,2024,010495656,2,9,0,10,3,1,0,1,0,0,0,0,1,1,6,1,45,7,-1,-1,-1,-1,9,1,E01004155,0
Unvalidated,2024010495656,2024,010495656,3,9,0,18,1,5,0,1,0,0,0,0,1,1,6,2,76,11,-1,-1,-1,-1,8,1,E01003417,0
Unvalidated,2024010495658,2024,010495658,1,1,0,16,4,8,2,4,0,0,0,0,1,1,6,1,36,7,-1,-1,-1,-1,2,1,E01004008,0
Unvalidated,2024010495658,2024,010495658,2,1,0,18,7,3,2,8,0,0,0,0,1,1,6,2,24,5,-1,-1,-1,-1,-1,-1,-1,0
Unvalidated,2024010495659,2024,010495659,1,9,0,3,6,2,0,0,0,0,0,0,1,1,6,1,44,7,-1,-1,-1,-1,2,1,E01000627,0
Unvalidated,2024010495663,2024,010495663,1,1,0,99,9,9,0,0,0,99,0,0,9,1,6,3,-1,-1,-1,-1,-1,-1,-1,-1,-1,0
Unvalidated,2024010495669,2024,010495669,1,9,9,99,9,9,0,0,9,99,9,99,9,9,6,1,29,6,-1,-1,-1,-1,4,1,E01002267,0
Unvalidated,2024010495675,2024,010495675,1,9,0,14,6,2,0,0,0,0,0,0,3,1,6,2,31,6,-1,-1,-1,-1,2,1,E01004349,0
Unvalidated,2024010495675,2024,010495675,2,3,0,14,6,2,0,0,1,0,0,0,4,1,2,1,36,7,-1,-1,-1,-1,3,1,E01000945,0
Unvalidated,2024010495676,2024,010495676,1,3,0,99,9,9,99,2,9,99,9,99,9,1,1,1,43,7,-1,-1,-1,-1,5,1,E01000224,0
Unvalidated,2024010495676,2024,010495676,2,9,0,99,9,9,99,6,9,99,9,99,1,9,6,3,-1,-1,-1,-1,-1,-1,-1,-1,-1,0
Unvalidated,2024010495680,2024,010495680,1,3,0,99,9,9,99,9,9,99,9,99,9,1,1,3,48,8,-1,-1,-1,-1,4,1,E01001739,0
Unvalidated,2024010495680,2024,010495680,2,9,9,99,9,9,99,9,9,99,9,99,9,9,6,3,-1,-1,-1,-1,-1,-1,-1,-1,-1,0
Unvalidated,2024010495681,2024,010495681,1,9,0,9,4,1,0,8,0,0,0,0,1,1,1,1,51,8,-1,-1,-1,-1,1,1,E01004722,0
Unvalidated,2024010495687,2024,010495687,1,3,0,13,3,7,0,0,0,11,0,0,1,1,1,1,24,5,-1,-1,-1,-1,6,1,E01002170,0
Unvalidated,2024010495687,2024,010495687,2,9,0,18,3,7,0,0,0,0,0,0,2,1,1,1,37,7,-1,-1,-1,-1,2,1,E01004567,0
Unvalidated,2024010495688,2024,010495688,1,19,0,17,3,7,0,0,0,0,0,0,1,1,1,2,28,6,-1,-1,-1,-1,9,3,E01024343,0
Unvalidated,2024010495688,2024,010495688,2,20,0,16,7,3,0,0,0,0,0,0,1,1,1,1,25,5,-1,-1,-1,-1,4,1,E01000980,0
Unvalidated,2024010495689,2024,010495689,1,9,0,9,1,6,0,5,0,0,0,0,1,1,6,2,31,6,-1,-1,-1,-1,2,1,E01024277,0
Unvalidated,2024010495689,2024,010495689,2,3,0,18,5,1,0,1,0,0,0,0,1,1,1,1,36,7,-1,-1,-1,-1,6,1,E01001415,0
Unvalidated,2024010495711,2024,010495711,1,3,0,3,7,3,0,8,0,0,0,0,4,1,1,1,28,6,-1,-1,-1,-1,3,1,E01002605,0
Unvalidated,2024010495711,2024,010495711,2,9,0,9,1,7,0,6,0,0,0,0,1,1,1,1,36,7,-1,-1,-1,-1,9,1,E01030733,0
Unvalidated,2024010495712,2024,010495712,1,1,9,99,9,9,99,9,9,99,9,99,9,1,2,2,26,6,-1,-1,-1,-1,7,1,E01002898,0
Unvalidated,2024010495712,2024,010495712,2,9,0,99,9,9,99,9,9,99,9,99,1,9,6,3,-1,-1,-1,-1,-1,-1,5,1,E01003941,0
Unvalidated,2024010495714,2024,010495714,1,9,0,18,3,7,0,8,0,0,0,0,4,1,1,2,32,6,-1,-1,-1,-1,4,1,E01001484,0
Unvalidated,2024010495714,2024,010495714,2,9,0,9,5,3,0,6,0,0,0,0,4,1,6,2,80,11,-1,-1,-1,-1,1,1,E01001978,0
Unvalidated,2024010495717,2024,010495717,1,1,9,99,9,9,9,9,9,99,9,99,9,1,2,1,36,7,-1,-1,-1,-1,2,1,E01004574,0
Unvalidated,2024010495717,2024,010495717,2,9,9,99,9,9,99,9,9,99,9,99,9,9,6,3,-1,-1,-1,-1,-1,-1,-1,-1,-1,0
Unvalidated,2024010495719,2024,010495719,1,3,0,99,9,9,99,9,9,99,9,99,9,1,1,1,35,6,-1,-1,-1,-1,3,1,E01001188,0
Unvalidated,2024010495719,2024,010495719,2,9,0,99,9,9,99,9,9,99,9,99,1,9,6,3,-1,-1,-1,-1,-1,-1,-1,-1,-1,0
Unvalidated,2024010495722,2024,010495722,1,2,0,18,7,3,0,1,0,0,0,0,0,1,1,1,33,6,-1,-1,-1,-1,1,1,E01004670,0
Unvalidated,2024010495722,2024,010495722,2,9,0,5,3,7,0,1,0,0,0,0,0,1,6,3,24,5,-1,-1,-1,-1,-1,-1,-1,0
Unvalidated,2024010495724,2024,010495724,1,3,9,99,9,9,99,9,9,99,9,99,9,1,1,1,51,8,-1,-1,-1,-1,3,1,E01003136,0
Unvalidated,2024010495724,2024,010495724,2,9,9,99,9,9,99,9,9,99,9,99,1,9,6,3,64,9,-1,-1,-1,-1,2,1,E01001161,0
Unvalidated,2024010495725,2024,010495725,1,90,0,14,5,1,0,0,0,11,0,0,1,1,1,1,27,6,-1,-1,-1,-1,2,1,E01000084,0
Unvalidated,2024010495729,2024,010495729,1,1,9,99,9,9,99,9,9,99,9,99,9,1,2,1,20,4,-1,-1,-1,-1,2,1,E01001947,0
Unvalidated,2024010495729,2024,010495729,2,1,9,99,9,9,99,9,9,99,9,99,0,1,1,3,-1,-1,-1,-1,-1,-1,-1,-1,-1,0
Unvalidated,2024010495732,2024,010495732,1,1,9,99,9,9,99,9,9,99,9,99,1,1,2,1,34,6,-1,-1,-1,-1,3,1,E01000740,0
Unvalidated,2024010495732,2024,010495732,2,9,0,99,9,9,99,9,9,99,9,99,2,9,6,3,-1,-1,-1,-1,-1,-1,-1,-1,-1,0
Unvalidated,2024010495738,2024,010495738,1,1,9,99,9,9,99,9,9,99,9,99,9,1,6,1,38,7,-1,-1,-1,-1,2,1,E01003918,0
Unvalidated,2024010495742,2024,010495742,1,9,0,9,1,6,9,2,0,10,0,0,3,1,6,1,43,7,-1,-1,-1,-1,3,1,E01003586,0
Unvalidated,2024010495742,2024,010495742,2,19,0,15,1,5,8,1,0,0,2,4,1,1,6,1,24,5,-1,-1,-1,-1,-1,-1,-1,0
Unvalidated,2024010495749,2024,010495749,1,9,0,5,0,1,0,1,0,0,0,0,1,1,6,1,26,6,-1,-1,-1,-1,9,1,E01000272,0
Unvalidated,2024010495752,2024,010495752,1,9,0,18,1,5,0,0,0,0,0,0,1,1,3,1,44,7,-1,-1,-1,-1,9,1,E01003899,0
Unvalidated,2024010495753,2024,010495753,1,9,0,99,9,9,99,9,9,99,9,99,1,9,6,3,53,8,-1,-1,-1,-1,2,1,E01002045,0
Unvalidated,2024010495761,2024,010495761,1,9,0,99,9,9,99,9,9,99,9,99,0,1,6,2,72,10,-1,-1,-1,-1,7,1,E01003270,0
Unvalidated,2024010495763,2024,010495763,1,9,0,7,8,2,0,1,0,0,0,0,2,1,6,2,31,6,-1,-1,-1,-1,7,1,E01021752,0
Unvalidated,2024010495763,2024,010495763,2,9,0,7,8,2,0,1,0,0,0,0,1,1,6,3,24,5,-1,-1,-1,-1,1,1,E01004311,0
Unvalidated,2024010495768,2024,010495768,1,9,0,5,4,8,9,1,0,0,7,10,1,1,6,1,33,6,-1,-1,-1,-1,5,1,E01003028,0
Unvalidated,2024010495774,2024,010495774,1,5,0,99,9,9,99,9,9,99,9,99,9,1,6,1,32,6,-1,-1,-1,-1,5,1,E01030719,0
Unvalidated,2024010495774,2024,010495774,2,9,0,99,9,9,99,9,9,99,9,99,9,9,6,3,-1,-1,-1,-1,-1,-1,-1,-1,-1,0
Unvalidated,2024010495778,2024,010495778,1,9,0,9,3,1,0,1,0,0,0,0,1,1,2,1,45,7,-1,-1,-1,-1,10,1,E01023551,0
Unvalidated,2024010495783,2024,010495783,1,8,0,18,6,2,0,2,0,0,0,0,3,1,1,1,68,10,-1,-1,-1,-1,9,1,E01021925,0