status,collision_index,collision_year,collision_reference,vehicle_reference,vehicle_type,towing_and_articulation,vehicle_manoeuvre,vehicle_direction_from,vehicle_direction_to,vehicle_location_restricted_lane,junction_location,skidding_and_overturning,hit_object_in_carriageway,vehicle_leaving_carriageway,hit_object_off_carriageway,first_point_of_impact,vehicle_left_hand_drive,journey_purpose_of_driver,sex_of_driver,age_of_driver,age_band_of_driver,engine_capacity_cc,propulsion_code,age_of_vehicle,generic_make_model,driver_imd_decile,driver_home_area_type,lsoa_of_driver,escooter_flag
Unvalidated,2024010495785,2024,010495785,1,3,0,18,1,5,0,0,0,0,0,0,1,1,1,1,29,6,-1,-1,-1,-1,8,1,E01002495,0
Unvalidated,2024010495791,2024,010495791,1,9,0,4,6,2,0,1,0,4,0,0,1,1,6,2,28,6,-1,-1,-1,-1,2,1,E01001079,0
Unvalidated,2024010495791,2024,010495791,2,19,0,3,6,2,0,1,0,0,0,0,2,1,1,1,54,8,-1,-1,-1,-1,1,1,E01024306,0
Unvalidated,2024010495793,2024,010495793,1,9,0,18,7,3,0,0,0,10,0,0,1,1,6,3,-1,-1,-1,-1,-1,-1,-1,-1,-1,0
Unvalidated,2024010495793,2024,010495793,2,19,0,18,7,3,0,0,1,0,2,11,1,1,2,1,36,7,-1,-1,-1,-1,5,1,E01004347,0
Unvalidated,2024010495793,2024,010495793,3,8,0,18,7,3,0,0,1,0,0,0,2,1,2,1,54,8,-1,-1,-1,-1,4,1,E01003645,0
Unvalidated,2024010495798,2024,010495798,1,9,0,99,9,9,99,9,9,99,9,99,9,9,2,1,32,6,-1,-1,-1,-1,4,1,E01032777,0
Unvalidated,2024010495798,2024,010495798,2,9,0,99,9,9,99,9,9,99,9,99,9,9,6,3,-1,-1,-1,-1,-1,-1,2,1,E01003604,0
Unvalidated,2024010495799,2024,010495799,1,9,0,16,1,5,0,3,0,0,0,0,4,1,1,3,42,7,-1,-1,-1,-1,4,1,E01000134,0
Unvalidated,2024010495799,2024,010495799,2,3,0,15,1,5,0,8,1,0,1,0,3,1,6,1,57,9,-1,-1,-1,-1,3,1,E01000522,0
Unvalidated,2024010495804,2024,010495804,1,9,0,99,9,9,99,9,9,99,9,99,9,9,6,2,41,7,-1,-1,-1,-1,3,1,E01001481,0
Unvalidated,2024010495804,2024,010495804,2,2,0,99,9,9,99,9,9,99,9,99,9,1,6,1,24,5,-1,-1,-1,-1,4,1,E01004376,0
Unvalidated,2024010495809,2024,010495809,1,19,0,99,9,9,99,9,9,99,9,99,2,9,1,1,61,9,-1,-1,-1,-1,8,1,E01022636,0
Unvalidated,2024010495809,2024,010495809,2,19,0,99,9,9,99,9,9,99,9,99,2,9,6,3,-1,-1,-1,-1,-1,-1,-1,-1,-1,0
Unvalidated,2024010495811,2024,010495811,1,9,0,99,9,9,99,9,9,99,9,99,9,9,6,1,20,4,-1,-1,-1,-1,6,1,E01001269,0
Unvalidated,2024010495811,2024,010495811,2,9,0,99,9,9,99,9,9,99,9,99,2,9,6,3,-1,-1,-1,-1,-1,-1,6,1,E01001269,0
Unvalidated,2024010495811,2024,010495811,3,9,0,99,9,9,99,9,9,99,9,99,2,9,6,3,-1,-1,-1,-1,-1,-1,-1,-1,-1,0
Unvalidated,2024010495820,2024,010495820,1,9,0,18,7,3,9,3,0,10,7,11,1,1,2,1,52,8,-1,-1,-1,-1,6,1,E01000192,0
Unvalidated,2024010495822,2024,010495822,1,9,0,12,7,3,0,0,1,0,0,0,2,1,6,2,29,6,-1,-1,-1,-1,7,1,E01001913,0
Unvalidated,2024010495822,2024,010495822,2,9,0,18,7,3,0,0,0,0,0,0,1,1,6,1,19,4,-1,-1,-1,-1,5,1,E01001895,0
Unvalidated,2024010495823,2024,010495823,1,9,0,1,5,1,0,2,0,0,0,0,4,1,6,3,-1,-1,-1,-1,-1,-1,-1,-1,-1,0
Unvalidated,2024010495827,2024,010495827,1,9,0,3,3,7,0,1,0,0,0,0,2,1,2,1,56,9,-1,-1,-1,-1,1,1,E01002094,0
Unvalidated,2024010495827,2024,010495827,2,9,0,18,7,3,0,1,0,0,1,0,1,1,6,3,-1,-1,-1,-1,-1,-1,-1,-1,-1,0
Unvalidated,2024010495829,2024,010495829,1,1,0,18,5,1,0,1,2,11,0,0,1,1,6,1,21,5,-1,-1,-1,-1,-1,-1,-1,0
Unvalidated,2024010495829,2024,010495829,2,1,0,18,5,1,0,1,0,0,0,0,2,1,6,1,33,6,-1,-1,-1,-1,3,1,E01004747,0
Unvalidated,2024010495830,2024,010495830,1,9,0,7,7,1,0,1,0,0,0,0,1,1,6,3,-1,-1,-1,-1,-1,-1,-1,-1,-1,0
Unvalidated,2024010495830,2024,010495830,2,1,0,18,7,3,4,1,0,0,0,0,2,1,6,1,26,6,-1,-1,-1,-1,2,1,E01003598,0
Unvalidated,2024010495833,2024,010495833,1,9,0,18,7,3,0,1,0,0,0,0,1,1,6,1,32,6,-1,-1,-1,-1,2,1,E01004233,0
Unvalidated,2024010495835,2024,010495835,1,5,0,18,7,3,0,8,0,0,0,0,1,1,2,1,61,9,-1,-1,-1,-1,3,1,E01001468,0
Unvalidated,2024010495835,2024,010495835,2,9,0,9,3,2,0,8,0,0,0,0,4,1,2,2,39,7,-1,-1,-1,-1,3,1,E01001547,0
Unvalidated,2024010495839,2024,010495839,1,9,0,99,9,9,99,0,9,99,9,99,1,9,6,1,37,7,-1,-1,-1,-1,5,1,E01000070,0
Unvalidated,2024010495839,2024,010495839,2,19,0,99,9,9,99,0,9,99,9,99,2,9,6,3,36,7,-1,-1,-1,-1,3,1,E01003728,0
Unvalidated,2024010495842,2024,010495842,1,3,0,99,9,9,99,9,9,99,9,99,1,1,1,1,41,7,-1,-1,-1,-1,8,1,E01004074,0
Unvalidated,2024010495842,2024,010495842,2,9,0,99,9,9,99,9,9,99,9,99,9,9,6,3,-1,-1,-1,-1,-1,-1,-1,-1,-1,0
Unvalidated,2024010495847,2024,010495847,1,1,9,99,9,9,99,9,9,99,9,99,9,1,2,1,27,6,-1,-1,-1,-1,4,1,E01003249,0
Unvalidated,2024010495847,2024,010495847,2,9,0,99,9,9,99,9,9,99,9,99,1,9,6,3,-1,-1,-1,-1,-1,-1,-1,-1,-1,0
Unvalidated,2024010495848,2024,010495848,1,9,0,99,9,9,99,9,9,99,9,99,1,9,6,2,25,5,-1,-1,-1,-1,5,1,E01003314,0
Unvalidated,2024010495848,2024,010495848,2,9,0,99,9,9,99,9,9,99,9,99,1,9,6,3,-1,-1,-1,-1,-1,-1,1,1,E01003347,0
Unvalidated,2024010495852,2024,010495852,1,19,0,99,9,9,99,9,9,99,9,99,9,9,6,3,-1,-1,-1,-1,-1,-1,8,1,E01002453,0
Unvalidated,2024010495852,2024,010495852,2,1,9,99,9,9,99,9,9,99,9,99,9,1,6,1,-1,-1,-1,-1,-1,-1,6,1,E01003033,0
Unvalidated,2024010495852,2024,010495852,3,1,9,99,9,9,99,9,9,99,9,99,9,1,6,1,-1,-1,-1,-1,-1,-1,-1,-1,-1,0
Unvalidated,2024010495854,2024,010495854,1,11,0,3,4,8,2,0,0,0,0,0,0,1,1,1,32,6,-1,-1,-1,-1,2,1,E01002774,0
Unvalidated,2024010495874,2024,010495874,1,9,0,99,9,9,99,9,9,99,9,99,2,1,6,1,35,6,-1,-1,-1,-1,5,1,E01003161,0
Unvalidated,2024010495874,2024,010495874,2,9,0,99,9,9,99,9,9,99,9,99,1,1,6,3,36,7,-1,-1,-1,-1,1,1,E01003052,0
Unvalidated,2024010495878,2024,010495878,1,1,9,99,9,9,99,9,9,99,9,99,9,1,2,1,28,6,-1,-1,-1,-1,3,1,E01004336,0
Unvalidated,2024010495878,2024,010495878,2,9,0,99,9,9,99,9,9,99,9,99,9,9,6,3,-1,-1,-1,-1,-1,-1,-1,-1,-1,0
Unvalidated,2024010495880,2024,010495880,1,9,0,18,7,3,0,4,1,0,0,0,4,1,6,1,30,6,-1,-1,-1,-1,6,1,E01000778,0
Unvalidated,2024010495880,2024,010495880,2,9,0,18,1,5,0,4,0,0,0,0,1,1,6,1,54,8,-1,-1,-1,-1,-1,-1,-1,0
Unvalidated,2024010495880,2024,010495880,3,9,0,18,3,7,0,1,0,0,0,0,1,1,6,2,30,6,-1,-1,-1,-1,-1,-1,-1,0
Unvalidated,2024010495884,2024,010495884,1,9,0,18,1,5,0,1,0,0,0,0,4,9,6,1,67,10,-1,-1,-1,-1,10,1,E01000763,0
Unvalidated,2024010495884,2024,010495884,2,9,0,9,3,1,0,6,0,0,0,0,1,9,6,2,-1,-1,-1,-1,-1,-1,-1,-1,-1,0
Unvalidated,2024010495885,2024,010495885,1,90,9,99,9,9,99,0,9,99,9,99,9,1,6,2,58,9,-1,-1,-1,-1,2,1,E01002843,1
Unvalidated,2024010495885,2024,010495885,2,98,9,99,9,9,99,0,9,99,9,99,9,1,6,3,-1,-1,-1,-1,-1,-1,-1,-1,-1,0
Unvalidated,2024010495887,2024,010495887,1,9,9,99,9,9,99,9,9,99,9,99,1,9,6,1,-1,-1,-1,-1,-1,-1,-1,-1,-1,0
Unvalidated,2024010495888,2024,010495888,1,19,0,18,5,1,4,1,0,12,0,0,1,2,1,1,24,5,-1,-1,-1,-1,-1,-1,-1,0
Unvalidated,2024010495890,2024,010495890,1,1,9,18,3,7,99,8,9,99,9,99,9,1,2,1,51,8,-1,-1,-1,-1,8,3,E01016302,0
Unvalidated,2024010495890,2024,010495890,2,9,9,18,7,3,0,8,9,99,9,99,9,9,6,1,49,8,-1,-1,-1,-1,3,1,E01032583,0
Unvalidated,2024010495905,2024,010495905,1,9,0,18,5,1,0,6,0,0,0,0,1,1,1,1,29,6,-1,-1,-1,-1,3,1,E01000010,0
Unvalidated,2024010495907,2024,010495907,1,9,0,5,0,1,9,0,0,0,0,0,1,1,3,2,62,9,-1,-1,-1,-1,2,1,E01003601,0
Unvalidated,2024010495908,2024,010495908,1,9,0,9,5,2,0,8,0,0,0,0,1,1,4,2,41,7,-1,-1,-1,-1,2,1,E01003432,0
Unvalidated,2024010495909,2024,010495909,1,1,9,99,9,9,99,0,9,99,9,99,1,1,2,2,33,6,-1,-1,-1,-1,9,1,E01003857,0
Unvalidated,2024010495909,2024,010495909,2,9,0,99,9,9,99,0,9,99,9,99,9,9,6,2,-1,-1,-1,-1,-1,-1,-1,-1,-1,0
Unvalidated,2024010495910,2024,010495910,1,3,0,99,9,9,99,9,9,99,9,99,1,1,2,1,32,6,-1,-1,-1,-1,3,1,E01003533,0
Unvalidated,2024010495910,2024,010495910,2,19,0,99,9,9,99,9,9,99,9,99,2,9,6,3,-1,-1,-1,-1,-1,-1,-1,-1,-1,0
Unvalidated,2024010495917,2024,010495917,1,3,0,18,2,6,0,2,0,0,0,0,1,1,6,1,26,6,-1,-1,-1,-1,3,1,E01002647,0
Unvalidated,2024010495922,2024,010495922,1,1,0,18,1,5,2,1,0,0,0,0,1,1,2,1,47,8,-1,-1,-1,-1,2,1,E01001487,0
Unvalidated,2024010495922,2024,010495922,2,9,0,7,1,3,0,5,0,0,0,0,3,1,6,3,-1,-1,-1,-1,-1,-1,-1,-1,-1,0
Unvalidated,2024010495924,2024,010495924,1,9,0,1,7,3,0,5,0,0,0,0,4,1,6,2,38,7,-1,-1,-1,-1,7,1,E01002197,0
Unvalidated,2024010495924,2024,010495924,2,9,0,18,3,7,0,1,0,0,0,0,1,1,6,1,35,6,-1,-1,-1,-1,-1,-1,-1,0
Unvalidated,2024010495928,2024,010495928,1,1,9,99,9,9,99,9,9,99,9,99,9,1,2,1,32,6,-1,-1,-1,-1,5,1,E01002769,0
Unvalidated,2024010495928,2024,010495928,2,19,0,99,9,9,99,9,9,99,9,99,9,9,6,3,-1,-1,-1,-1,-1,-1,-1,-1,-1,0
Unvalidated,2024010495930,2024,010495930,1,1,9,99,9,9,99,9,9,99,9,99,9,1,6,1,26,6,-1,-1,-1,-1,3,1,E01001747,0
Unvalidated,2024010495930,2024,010495930,2,9,0,99,9,9,99,9,9,99,9,99,1,9,6,3,-1,-1,-1,-1,-1,-1,-1,-1,-1,0
Unvalidated,2024010495931,2024,010495931,1,9,0,99,9,9,99,0,9,99,9,99,2,9,6,2,31,6,-1,-1,-1,-1,2,1,E01002392,0
Unvalidated,2024010495932,2024,010495932,1,9,0,99,9,9,99,9,9,99,0,0,9,9,1,1,33,6,-1,-1,-1,-1,3,1,E01003521,0
Unvalidated,2024010495932,2024,010495932,2,9,0,99,9,9,99,9,9,99,9,99,9,9,6,3,-1,-1,-1,-1,-1,-1,-1,-1,-1,0
Unvalidated,2024010495938,2024,010495938,1,9,0,99,9,9,0,0,9,99,9,99,2,9,1,2,29,6,-1,-1,-1,-1,6,1,E01001951,0
Unvalidated,2024010495938,2024,010495938,2,9,0,99,9,9,0,0,9,99,9,99,1,9,6,3,-1,-1,-1,-1,-1,-1,-1,-1,-1,0
Unvalidated,2024010495938,2024,010495938,3,19,0,99,9,9,0,0,9,99,9,99,2,9,6,3,-1,-1,-1,-1,-1,-1,-1,-1,-1,0
Unvalidated,2024010495941,2024,010495941,1,9,0,99,9,9,99,9,9,99,9,99,1,9,6,1,75,10,-1,-1,-1,-1,9,1,E01023319,0
Unvalidated,2024010495942,2024,010495942,1,1,9,99,9,9,99,9,9,99,9,99,9,1,2,1,53,8,-1,-1,-1,-1,10,1,E01030296,0
Unvalidated,2024010495942,2024,010495942,2,1,9,99,9,9,99,9,9,99,9,99,1,1,6,3,-1,-1,-1,-1,-1,-1,-1,-1,-1,0
Unvalidated,2024010495943,2024,010495943,1,9,0,18,4,8,0,1,0,0,0,0,1,1,6,1,34,6,-1,-1,-1,-1,-1,-1,-1,0
Unvalidated,2024010495943,2024,010495943,2,1,0,18,4,8,0,1,0,10,0,0,3,1,6,1,31,6,-1,-1,-1,-1,-1,-1,-1,0
Unvalidated,2024010495946,2024,010495946,1,3,0,3,9,9,99,9,9,99,9,99,1,1,1,1,25,5,-1,-1,-1,-1,3,1,E01002508,0
Unvalidated,2024010495946,2024,010495946,2,19,0,1,9,9,99,9,9,99,9,99,2,9,6,3,-1,-1,-1,-1,-1,-1,-1,-1,-1,0
Unvalidated,2024010495948,2024,010495948,1,9,0,99,9,9,99,0,9,99,9,99,9,9,6,2,28,6,-1,-1,-1,-1,10,3,E01021467,0
Unvalidated,2024010495948,2024,010495948,2,9,0,99,9,9,99,0,9,99,9,99,1,9,6,3,-1,-1,-1,-1,-1,-1,-1,-1,-1,0
Unvalidated,2024010495951,2024,010495951,1,3,0,18,1,5,0,8,2,0,0,0,1,1,6,1,21,5,-1,-1,-1,-1,2,1,E01004679,0
Unvalidated,2024010495951,2024,010495951,2,11,0,9,5,3,0,8,0,0,0,0,4,1,1,1,61,9,-1,-1,-1,-1,5,1,E01003368,0
Unvalidated,2024010495952,2024,010495952,1,1,0,18,7,3,0,1,2,0,0,0,4,1,2,1,64,9,-1,-1,-1,-1,8,1,E01000420,0
Unvalidated,2024010495952,2024,010495952,2,9,0,9,3,1,0,1,0,0,0,0,3,1,6,1,30,6,-1,-1,-1,-1,5,1,E01033734,0
Unvalidated,2024010495953,2024,010495953,1,8,0,10,7,4,0,1,0,0,0,0,1,1,1,1,44,7,-1,-1,-1,-1,7,1,E01002122,0
Unvalidated,2024010495953,2024,010495953,2,4,0,13,3,7,0,1,5,0,0,0,1,1,6,1,21,5,-1,-1,-1,-1,5,1,E01004564,0
Unvalidated,2024010495956,2024,010495956,1,3,0,99,9,9,99,9,9,99,9,99,2,1,1,1,44,7,-1,-1,-1,-1,4,1,E01000031,0
Unvalidated,2024010495956,2024,010495956,2,3,0,99,9,9,99,9,9,99,9,99,1,1,6,3,-1,-1,-1,-1,-1,-1,4,1,E01003767,0
Unvalidated,2024010495962,2024,010495962,1,9,0,99,9,9,99,9,9,99,9,99,1,9,6,1,50,8,-1,-1,-1,-1,7,1,E01004692,0
Unvalidated,2024010495974,2024,010495974,1,9,0,9,1,6,0,8,0,0,0,0,1,1,6,3,-1,-1,-1,-1,-1,-1,-1,-1,-1,0
Unvalidated,2024010495976,2024,010495976,1,9,0,99,9,9,99,9,9,99,9,99,2,9,6,1,35,6,-1,-1,-1,-1,3,1,E01003014,0
Unvalidated,2024010495977,2024,010495977,1,19,0,9,4,1,0,1,0,0,0,0,1,1,1,1,61,9,-1,-1,-1,-1,2,1,E01002078,0
Unvalidated,2024010495985,2024,010495985,1,9,0,18,5,1,0,1,0,0,0,0,1,1,6,1,23,5,-1,-1,-1,-1,3,1,E01001440,0
Unvalidated,2024010495985,2024,010495985,2,9,0,4,5,1,0,1,0,0,0,0,2,1,6,2,-1,-1,-1,-1,-1,-1,2,1,E01001441,0
Unvalidated,2024010495990,2024,010495990,1,9,0,99,9,9,99,9,9,99,9,99,9,9,6,1,29,6,-1,-1,-1,-1,3,1,E01001147,0
Unvalidated,2024010495990,2024,010495990,2,3,0,99,9,9,99,9,9,99,9,99,1,1,6,3,-1,-1,-1,-1,-1,-1,-1,-1,-1,0
Unvalidated,2024010495991,2024,010495991,1,9,0,99,9,9,99,9,9,99,9,99,1,9,6,1,64,9,-1,-1,-1,-1,2,1,E01003111,0
Unvalidated,2024010495991,2024,010495991,2,97,0,99,9,9,99,9,9,99,9,99,1,1,6,3,-1,-1,-1,-1,-1,-1,8,1,E01004073,0
Unvalidated,2024010495992,2024,010495992,1,1,0,18,1,5,0,0,0,0,0,0,1,1,1,1,22,5,-1,-1,-1,-1,7,1,E01003817,0
Unvalidated,2024010495995,2024,010495995,1,8,0,6,1,1,0,0,0,0,0,0,3,1,2,1,53,8,-1,-1,-1,-1,1,1,E01001429,0
Unvalidated,2024010495995,2024,010495995,2,4,0,18,5,1,0,0,0,0,0,0,1,1,1,1,30,6,-1,-1,-1,-1,3,1,E01032785,0
Unvalidated,2024010495996,2024,010495996,1,1,9,99,9,9,99,9,9,99,9,99,1,1,2,2,37,7,-1,-1,-1,-1,6,1,E01001951,0
Unvalidated,2024010495996,2024,010495996,2,9,0,99,9,9,99,9,9,99,9,99,2,9,6,3,-1,-1,-1,-1,-1,-1,3,1,E01003146,0
Unvalidated,2024010496001,2024,010496001,1,9,9,18,1,5,0,9,9,99,9,99,9,9,6,3,-1,-1,-1,-1,-1,-1,-1,-1,-1,0
Unvalidated,2024010496002,2024,010496002,1,8,0,4,5,1,0,1,0,0,0,0,2,1,6,1,39,7,-1,-1,-1,-1,3,1,E01002308,0
Unvalidated,2024010496002,2024,010496002,2,9,0,11,5,1,0,1,0,0,0,0,1,1,2,2,54,8,-1,-1,-1,-1,2,1,E01001802,0
Unvalidated,2024010496005,2024,010496005,1,9,0,9,5,3,0,0,0,0,0,0,1,1,6,2,43,7,-1,-1,-1,-1,3,1,E01000305,0
Unvalidated,2024010496012,2024,010496012,1,3,0,18,1,5,0,1,0,0,0,0,0,1,1,1,23,5,-1,-1,-1,-1,2,1,E01001218,0
Unvalidated,2024010496012,2024,010496012,2,9,0,10,5,3,0,1,0,0,0,0,0,1,6,1,24,5,-1,-1,-1,-1,3,1,E01001262,0
Unvalidated,2024010496014,2024,010496014,1,9,0,18,1,5,0,0,0,0,0,0,1,1,6,1,43,7,-1,-1,-1,-1,-1,-1,-1,0
Unvalidated,2024010496014,2024,010496014,2,9,0,5,1,5,0,0,0,0,0,0,3,1,6,2,48,8,-1,-1,-1,-1,2,1,E01001482,0
Unvalidated,2024010496020,2024,010496020,1,3,0,99,9,9,99,9,9,99,9,99,1,1,1,1,20,4,-1,-1,-1,-1,1,1,E01001730,0
Unvalidated,2024010496020,2024,010496020,2,9,0,99,9,9,99,9,9,99,9,99,9,9,6,3,-1,-1,-1,-1,-1,-1,-1,-1,-1,0
Unvalidated,2024010496024,2024,010496024,1,9,0,18,5,1,0,2,0,0,0,0,0,1,6,1,24,5,-1,-1,-1,-1,-1,-1,-1,0
Unvalidated,2024010496024,2024,010496024,2,9,0,18,5,1,0,1,0,0,0,0,1,1,6,3,-1,-1,-1,-1,-1,-1,-1,-1,-1,0
Unvalidated,2024010496031,2024,010496031,1,9,0,10,1,6,0,5,0,0,0,0,4,1,1,1,34,6,-1,-1,-1,-1,4,1,E01003573,0
Unvalidated,2024010496031,2024,010496031,2,1,0,18,1,5,0,8,0,0,0,0,4,1,6,1,23,5,-1,-1,-1,-1,-1,-1,-1,0
Unvalidated,2024010496035,2024,010496035,1,3,0,17,6,2,0,0,0,0,0,0,2,1,6,1,27,6,-1,-1,-1,-1,8,1,E01003421,0
Unvalidated,2024010496035,2024,010496035,2,9,0,17,6,2,0,0,0,0,0,0,1,1,6,3,-1,-1,-1,-1,-1,-1,-1,-1,-1,0
Unvalidated,2024010496039,2024,010496039,1,19,0,17,3,1,0,0,0,0,0,0,1,1,2,1,27,6,-1,-1,-1,-1,6,1,E01000160,0
Unvalidated,2024010496051,2024,010496051,1,3,0,99,9,9,99,9,9,99,9,99,9,1,2,1,20,4,-1,-1,-1,-1,7,3,E01021344,0
Unvalidated,2024010496051,2024,010496051,2,9,0,99,9,9,99,9,9,99,9,99,9,9,6,3,-1,-1,-1,-1,-1,-1,-1,-1,-1,0
Unvalidated,2024010496059,2024,010496059,1,9,0,99,9,9,99,9,9,99,9,99,2,9,6,2,28,6,-1,-1,-1,-1,2,1,E01004392,0
Unvalidated,2024010496059,2024,010496059,2,98,0,99,9,9,99,9,9,99,9,99,1,9,6,3,-1,-1,-1,-1,-1,-1,-1,-1,-1,0
Unvalidated,2024010496062,2024,010496062,1,9,0,18,7,3,0,0,0,0,0,0,1,1,6,2,54,8,-1,-1,-1,-1,2,1,E01001161,0
Unvalidated,2024010496066,2024,010496066,1,3,9,99,9,9,9,1,9,99,9,99,4,1,2,1,30,6,-1,-1,-1,-1,7,1,E01030414,0
Unvalidated,2024010496066,2024,010496066,2,9,9,99,9,9,99,6,9,99,9,99,4,9,6,3,-1,-1,-1,-1,-1,-1,-1,-1,-1,0
Unvalidated,2024010496071,2024,010496071,1,9,9,99,9,9,99,0,9,99,9,99,9,1,6,3,19,4,-1,-1,-1,-1,3,1,E01000336,0
Unvalidated,2024010496072,2024,010496072,1,3,0,99,9,9,99,9,9,99,9,99,1,1,1,1,34,6,-1,-1,-1,-1,2,1,E01002096,0
Unvalidated,2024010496072,2024,010496072,2,9,0,99,9,9,99,9,9,99,9,99,9,9,6,1,-1,-1,-1,-1,-1,-1,-1,-1,-1,0
Unvalidated,2024010496074,2024,010496074,1,9,0,18,7,3,0,8,0,0,0,0,4,1,2,1,26,6,-1,-1,-1,-1,4,1,E01003561,0
Unvalidated,2024010496074,2024,010496074,2,9,0,18,7,3,0,1,0,0,0,0,3,1,6,1,28,6,-1,-1,-1,-1,2,1,E01004460,0
Unvalidated,2024010496075,2024,010496075,1,9,0,9,5,3,0,5,0,0,9,0,4,1,6,2,35,6,-1,-1,-1,-1,2,1,E01000863,0
Unvalidated,2024010496075,2024,010496075,2,9,0,99,9,9,0,5,0,0,1,0,1,9,6,1,23,5,-1,-1,-1,-1,-1,-1,-1,0
Unvalidated,2024010496076,2024,010496076,1,9,0,99,9,9,99,9,9,99,9,99,9,9,6,1,51,8,-1,-1,-1,-1,8,1,E01002498,0
Unvalidated,2024010496076,2024,010496076,2,19,0,99,9,9,99,9,9,99,9,99,9,9,6,3,38,7,-1,-1,-1,-1,3,1,E01000128,0
Unvalidated,2024010496078,2024,010496078,1,9,0,18,5,1,0,0,0,0,0,0,1,1,6,1,84,11,-1,-1,-1,-1,9,3,E01021446,0
Unvalidated,2024010496078,2024,010496078,2,21,0,18,5,1,0,0,0,0,0,0,2,1,1,1,44,7,-1,-1,-1,-1,7,1,E01023328,0
Unvalidated,2024010496080,2024,010496080,1,9,0,99,9,9,99,9,9,99,9,99,9,9,6,2,40,7,-1,-1,-1,-1,3,1,E01001239,0
Unvalidated,2024010496080,2024,010496080,2,9,0,99,9,9,99,9,9,99,9,99,1,9,6,3,-1,-1,-1,-1,-1,-1,-1,-1,-1,0
Unvalidated,2024010496084,2024,010496084,1,9,0,18,5,1,0,8,0,0,0,0,3,1,1,1,34,6,-1,-1,-1,-1,3,1,E01003550,0
Unvalidated,2024010496084,2024,010496084,2,19,0,18,7,3,0,8,0,0,0,0,1,1,1,1,23,5,-1,-1,-1,-1,6,3,E01021917,0
Unvalidated,2024010496087,2024,010496087,1,1,9,99,9,9,99,9,9,99,9,99,9,1,6,1,34,6,-1,-1,-1,-1,6,1,E01002678,0
Unvalidated,2024010496087,2024,010496087,2,8,0,99,9,9,99,9,9,99,9,99,1,9,6,3,-1,-1,-1,-1,-1,-1,-1,-1,-1,0
Unvalidated,2024010496088,2024,010496088,1,9,0,18,3,7,0,1,0,0,0,0,1,1,6,2,32,6,-1,-1,-1,-1,3,1,E01004006,0
Unvalidated,2024010496091,2024,010496091,1,3,0,99,9,9,99,9,9,99,9,99,1,1,6,1,35,6,-1,-1,-1,-1,5,1,E01002221,0
Unvalidated,2024010496091,2024,010496091,2,9,0,99,9,9,99,9,9,99,9,99,9,9,6,3,-1,-1,-1,-1,-1,-1,-1,-1,-1,0
Unvalidated,2024010496093,2024,010496093,1,9,0,18,1,5,0,1,1,0,0,0,1,1,6,1,34,6,-1,-1,-1,-1,2,1,E01002566,0
Unvalidated,2024010496093,2024,010496093,2,9,0,9,5,3,0,1,1,0,0,0,4,1,6,1,21,5,-1,-1,-1,-1,6,1,E01001266,0
Unvalidated,2024010496095,2024,010496095,1,9,0,6,7,7,0,0,0,0,0,0,1,1,6,1,31,6,-1,-1,-1,-1,5,1,E01000520,0
Unvalidated,2024010496095,2024,010496095,2,9,0,18,3,7,0,0,0,0,0,0,1,1,6,1,77,11,-1,-1,-1,-1,7,1,E01002111,0
Unvalidated,2024010496097,2024,010496097,1,9,0,99,9,9,99,9,9,99,9,99,9,9,6,1,22,5,-1,-1,-1,-1,4,1,E01003782,0
Unvalidated,2024010496097,2024,010496097,2,9,0,99,9,9,99,9,9,99,9,99,9,9,6,3,-1,-1,-1,-1,-1,-1,4,1,E01003740,0
Unvalidated,2024010496098,2024,010496098,1,9,0,11,5,1,0,2,1,10,7,10,2,1,1,1,38,7,-1,-1,-1,-1,-1,-1,-1,0
Unvalidated,2024010496098,2024,010496098,2,9,0,18,5,1,0,2,0,0,0,0,0,1,6,3,-1,-1,-1,-1,-1,-1,-1,-1,-1,0
Unvalidated,2024010496099,2024,010496099,1,9,0,18,5,1,0,1,2,9,2,4,1,1,6,1,34,6,-1,-1,-1,-1,2,1,E01002087,0
Unvalidated,2024010496099,2024,010496099,2,9,0,18,5,1,0,1,0,0,0,0,0,1,1,1,25,5,-1,-1,-1,-1,-1,-1,-1,0
Unvalidated,2024010496102,2024,010496102,1,9,0,99,9,9,99,9,9,99,9,99,2,9,6,1,34,6,-1,-1,-1,-1,4,1,E01002611,0
Unvalidated,2024010496102,2024,010496102,2,9,0,99,9,9,99,9,9,99,9,99,1,9,6,3,-1,-1,-1,-1,-1,-1,6,1,E01001295,0
Unvalidated,2024010496103,2024,010496103,1,3,0,99,9,9,99,9,9,99,9,99,9,1,6,1,42,7,-1,-1,-1,-1,1,1,E01001732,0
Unvalidated,2024010496103,2024,010496103,2,98,0,99,9,9,99,9,9,99,9,99,9,9,6,3,43,7,-1,-1,-1,-1,3,1,E01000957,0
Unvalidated,2024010496112,2024,010496112,1,3,0,99,9,9,99,1,9,99,9,99,0,1,2,2,33,6,-1,-1,-1,-1,3,1,E01001175,0