status,collision_index,collision_year,collision_reference,vehicle_reference,vehicle_type,towing_and_articulation,vehicle_manoeuvre,vehicle_direction_from,vehicle_direction_to,vehicle_location_restricted_lane,junction_location,skidding_and_overturning,hit_object_in_carriageway,vehicle_leaving_carriageway,hit_object_off_carriageway,first_point_of_impact,vehicle_left_hand_drive,journey_purpose_of_driver,sex_of_driver,age_of_driver,age_band_of_driver,engine_capacity_cc,propulsion_code,age_of_vehicle,generic_make_model,driver_imd_decile,driver_home_area_type,lsoa_of_driver,escooter_flag
Unvalidated,2024010496112,2024,010496112,2,9,0,99,9,9,99,5,9,99,9,99,1,9,6,3,-1,-1,-1,-1,-1,-1,-1,-1,-1,0
Unvalidated,2024010496117,2024,010496117,1,9,0,7,6,1,4,5,0,0,1,0,1,1,1,1,61,9,-1,-1,-1,-1,9,1,E01000395,0
Unvalidated,2024010496117,2024,010496117,2,90,0,18,6,2,4,1,0,0,0,0,1,1,6,2,18,4,-1,-1,-1,-1,1,1,E01002907,1
Unvalidated,2024010496118,2024,010496118,1,1,9,99,9,9,99,9,9,99,9,99,9,1,2,2,29,6,-1,-1,-1,-1,3,1,E01001733,0
Unvalidated,2024010496118,2024,010496118,2,9,0,99,9,9,99,9,9,99,9,99,1,9,6,3,-1,-1,-1,-1,-1,-1,-1,-1,-1,0
Unvalidated,2024010496123,2024,010496123,1,3,0,99,9,9,99,1,9,99,9,99,9,1,1,1,-1,-1,-1,-1,-1,-1,4,1,E01000633,0
Unvalidated,2024010496123,2024,010496123,2,9,0,6,9,9,99,9,9,99,9,99,1,9,6,3,-1,-1,-1,-1,-1,-1,-1,-1,-1,0
Unvalidated,2024010496130,2024,010496130,1,1,0,99,9,9,0,9,0,0,0,0,0,1,6,1,32,6,-1,-1,-1,-1,2,1,E01003055,0
Unvalidated,2024010496131,2024,010496131,1,19,0,99,9,9,99,9,9,99,9,99,9,9,1,1,20,4,-1,-1,-1,-1,2,1,E01001653,0
Unvalidated,2024010496131,2024,010496131,2,9,0,99,9,9,99,9,9,99,9,99,9,9,6,3,-1,-1,-1,-1,-1,-1,7,1,E01004635,0
Unvalidated,2024010496131,2024,010496131,3,9,0,99,9,9,99,9,9,99,9,99,2,9,6,3,33,6,-1,-1,-1,-1,-1,-1,-1,0
Unvalidated,2024010496136,2024,010496136,1,3,0,99,9,9,99,1,9,99,9,99,1,1,6,1,28,6,-1,-1,-1,-1,1,1,E01033455,0
Unvalidated,2024010496136,2024,010496136,2,9,0,99,9,9,99,6,9,99,9,99,9,9,6,3,-1,-1,-1,-1,-1,-1,-1,-1,-1,0
Unvalidated,2024010496142,2024,010496142,1,90,0,18,5,1,0,1,0,0,0,0,1,1,6,3,-1,-1,-1,-1,-1,-1,-1,-1,-1,0
Unvalidated,2024010496146,2024,010496146,1,3,0,99,9,9,99,9,9,99,9,99,1,1,1,1,32,6,-1,-1,-1,-1,3,1,E01000553,0
Unvalidated,2024010496146,2024,010496146,2,9,0,99,9,9,99,9,9,99,9,99,3,9,6,3,-1,-1,-1,-1,-1,-1,-1,-1,-1,0
Unvalidated,2024010496147,2024,010496147,1,3,0,18,1,5,0,1,0,0,0,0,4,1,1,1,25,5,-1,-1,-1,-1,5,1,E01003413,0
Unvalidated,2024010496147,2024,010496147,2,9,0,9,4,1,0,1,0,0,7,0,1,1,1,1,31,6,-1,-1,-1,-1,10,1,E01030322,0
Unvalidated,2024010496150,2024,010496150,1,9,0,4,3,7,0,0,0,0,0,0,2,1,6,2,60,9,-1,-1,-1,-1,5,1,E01003664,0
Unvalidated,2024010496150,2024,010496150,2,9,0,4,3,7,0,0,0,0,0,0,2,1,6,1,28,6,-1,-1,-1,-1,6,1,E01021772,0
Unvalidated,2024010496150,2024,010496150,3,9,0,4,3,7,0,0,0,0,0,0,2,1,6,1,52,8,-1,-1,-1,-1,6,1,E01003665,0
Unvalidated,2024010496150,2024,010496150,4,9,0,4,3,7,0,0,0,0,0,0,0,1,6,1,30,6,-1,-1,-1,-1,7,1,E01003675,0
Unvalidated,2024010496151,2024,010496151,1,9,0,18,7,3,0,1,0,0,0,0,1,1,6,1,45,7,-1,-1,-1,-1,3,1,E01015959,0
Unvalidated,2024010496151,2024,010496151,2,9,0,18,7,3,0,1,0,0,0,0,1,1,6,2,41,7,-1,-1,-1,-1,1,1,E01004249,0
Unvalidated,2024010496154,2024,010496154,1,3,0,99,9,9,99,9,9,99,9,99,1,1,6,3,-1,-1,-1,-1,-1,-1,-1,-1,-1,0
Unvalidated,2024010496155,2024,010496155,1,11,0,18,1,5,0,1,0,0,0,0,0,1,1,1,49,8,-1,-1,-1,-1,3,1,E01000719,0
Unvalidated,2024010496158,2024,010496158,1,19,0,99,9,9,99,9,9,99,9,99,1,9,6,2,37,7,-1,-1,-1,-1,-1,-1,-1,0
Unvalidated,2024010496159,2024,010496159,1,9,0,18,3,7,0,6,0,0,0,0,0,1,1,1,58,9,-1,-1,-1,-1,5,1,E01003935,0
Unvalidated,2024010496159,2024,010496159,2,9,0,4,7,3,0,6,0,0,0,0,0,1,6,1,20,4,-1,-1,-1,-1,4,1,E01001336,0
Unvalidated,2024010496160,2024,010496160,1,5,0,18,6,2,0,1,1,0,0,0,1,1,6,1,27,6,-1,-1,-1,-1,3,1,E01033699,0
Unvalidated,2024010496160,2024,010496160,2,9,0,9,2,7,0,1,0,0,0,0,1,1,6,1,33,6,-1,-1,-1,-1,9,2,E01023036,0
Unvalidated,2024010496161,2024,010496161,1,9,0,99,9,9,0,0,9,99,9,99,2,9,6,2,20,4,-1,-1,-1,-1,3,1,E01000432,0
Unvalidated,2024010496161,2024,010496161,2,9,0,99,9,9,0,0,9,99,9,99,1,9,6,3,-1,-1,-1,-1,-1,-1,-1,-1,-1,0
Unvalidated,2024010496161,2024,010496161,3,9,0,99,9,9,0,0,9,99,9,99,2,9,6,3,-1,-1,-1,-1,-1,-1,-1,-1,-1,0
Unvalidated,2024010496162,2024,010496162,1,9,0,5,3,7,0,5,0,0,0,0,3,1,6,1,86,11,-1,-1,-1,-1,9,1,E01004546,0
Unvalidated,2024010496162,2024,010496162,2,1,0,18,7,3,0,5,0,0,0,0,1,1,6,1,24,5,-1,-1,-1,-1,4,1,E01003114,0
Unvalidated,2024010496172,2024,010496172,1,1,9,99,9,9,99,9,9,99,9,99,2,1,2,2,24,5,-1,-1,-1,-1,4,1,E01004484,0
Unvalidated,2024010496172,2024,010496172,2,9,0,99,9,9,99,9,9,99,9,99,2,9,6,3,-1,-1,-1,-1,-1,-1,-1,-1,-1,0
Unvalidated,2024010496175,2024,010496175,1,9,0,5,1,5,0,8,0,0,0,0,3,1,6,1,31,6,-1,-1,-1,-1,7,1,E01000480,0
Unvalidated,2024010496175,2024,010496175,2,9,0,18,3,7,0,2,0,0,0,0,1,1,1,1,49,8,-1,-1,-1,-1,2,1,E01000151,0
Unvalidated,2024010496176,2024,010496176,1,21,0,5,5,1,0,1,0,0,0,0,4,2,1,1,61,9,-1,-1,-1,-1,6,1,E01003002,0
Unvalidated,2024010496177,2024,010496177,1,3,0,18,7,3,0,3,0,0,0,0,1,1,2,1,18,4,-1,-1,-1,-1,4,1,E01032639,0
Unvalidated,2024010496180,2024,010496180,1,21,1,11,5,1,0,0,0,0,0,0,4,1,1,1,54,8,-1,-1,-1,-1,2,1,E01003580,0
Unvalidated,2024010496180,2024,010496180,2,9,0,18,5,1,0,0,0,0,1,0,2,1,6,1,23,5,-1,-1,-1,-1,4,1,E01021837,0
Unvalidated,2024010496182,2024,010496182,1,2,0,18,7,3,0,2,0,0,0,0,1,1,6,3,-1,-1,-1,-1,-1,-1,-1,-1,-1,0
Unvalidated,2024010496184,2024,010496184,1,8,0,99,9,9,99,9,9,99,9,99,2,1,1,1,54,8,-1,-1,-1,-1,3,1,E01003586,0
Unvalidated,2024010496184,2024,010496184,2,98,9,99,9,9,99,9,9,99,9,99,9,1,6,3,-1,-1,-1,-1,-1,-1,-1,-1,-1,0
Unvalidated,2024010496185,2024,010496185,1,1,9,99,9,9,99,0,9,99,9,99,9,1,1,1,34,6,-1,-1,-1,-1,2,1,E01004252,0
Unvalidated,2024010496185,2024,010496185,2,9,9,99,9,9,99,0,9,99,9,99,1,9,6,3,-1,-1,-1,-1,-1,-1,-1,-1,-1,0
Unvalidated,2024010496189,2024,010496189,1,9,0,9,6,4,0,6,0,0,0,0,1,1,6,1,49,8,-1,-1,-1,-1,2,1,E01001579,0
Unvalidated,2024010496189,2024,010496189,2,3,0,18,5,1,0,1,0,0,0,0,3,1,6,1,22,5,-1,-1,-1,-1,4,1,E01001645,0
Unvalidated,2024010496190,2024,010496190,1,1,9,99,9,9,99,9,9,99,9,99,1,1,1,1,33,6,-1,-1,-1,-1,4,1,E01002624,0
Unvalidated,2024010496190,2024,010496190,2,4,0,99,9,9,99,9,9,99,9,99,1,1,6,3,-1,-1,-1,-1,-1,-1,3,1,E01002568,0
Unvalidated,2024010496192,2024,010496192,1,9,0,18,4,8,0,2,0,0,0,0,4,1,6,3,-1,-1,-1,-1,-1,-1,-1,-1,-1,0
Unvalidated,2024010496196,2024,010496196,1,9,0,18,2,6,0,0,0,0,0,0,1,1,6,3,-1,-1,-1,-1,-1,-1,1,1,E01001821,0
Unvalidated,2024010496196,2024,010496196,2,9,0,3,2,6,0,0,0,0,0,0,2,1,2,2,40,7,-1,-1,-1,-1,2,1,E01004434,0
Unvalidated,2024010496196,2024,010496196,3,9,0,3,2,6,0,0,0,0,0,0,2,1,6,1,35,6,-1,-1,-1,-1,7,1,E01003709,0
Unvalidated,2024010496197,2024,010496197,1,9,0,9,1,7,0,5,0,0,0,0,1,1,6,1,33,6,-1,-1,-1,-1,4,1,E01003409,0
Unvalidated,2024010496201,2024,010496201,1,9,0,99,9,9,99,9,9,99,9,99,9,9,6,1,34,6,-1,-1,-1,-1,3,1,E01003537,0
Unvalidated,2024010496201,2024,010496201,2,9,0,99,9,9,99,9,9,99,9,99,1,9,6,3,-1,-1,-1,-1,-1,-1,-1,-1,-1,0
Unvalidated,2024010496204,2024,010496204,1,3,0,18,5,1,0,1,0,0,0,0,1,1,1,1,29,6,-1,-1,-1,-1,2,1,E01004467,0
Unvalidated,2024010496204,2024,010496204,2,9,0,9,1,6,0,1,0,0,0,0,1,1,6,2,24,5,-1,-1,-1,-1,-1,-1,-1,0
Unvalidated,2024010496207,2024,010496207,1,9,0,9,5,3,0,5,0,0,0,0,4,1,2,2,39,7,-1,-1,-1,-1,6,1,E01000865,0
Unvalidated,2024010496207,2024,010496207,2,4,0,18,1,5,0,1,0,0,0,0,1,1,1,1,31,6,-1,-1,-1,-1,6,1,E01001565,0
Unvalidated,2024010496217,2024,010496217,1,9,0,18,7,3,0,2,0,0,0,0,3,1,6,1,61,9,-1,-1,-1,-1,2,1,E01001735,0
Unvalidated,2024010496217,2024,010496217,2,9,0,5,5,1,0,8,0,0,0,0,1,1,6,1,56,9,-1,-1,-1,-1,5,1,E01003140,0
Unvalidated,2024010496221,2024,010496221,1,3,0,4,5,1,0,6,0,0,0,0,2,1,6,1,29,6,-1,-1,-1,-1,7,1,E01002222,0
Unvalidated,2024010496221,2024,010496221,2,9,0,9,5,2,0,1,0,0,0,0,1,1,6,1,48,8,-1,-1,-1,-1,8,1,E01002513,0
Unvalidated,2024010496225,2024,010496225,1,9,0,9,8,5,9,8,0,10,2,11,1,1,6,1,44,7,-1,-1,-1,-1,3,1,E01001650,0
Unvalidated,2024010496227,2024,010496227,1,9,0,5,2,6,0,8,0,0,0,0,1,1,6,2,56,9,-1,-1,-1,-1,7,1,E01002812,0
Unvalidated,2024010496227,2024,010496227,2,3,0,18,4,8,0,8,0,0,0,0,1,1,6,1,26,6,-1,-1,-1,-1,-1,-1,-1,0
Unvalidated,2024010496228,2024,010496228,1,9,0,18,5,1,0,2,0,0,0,0,1,1,6,3,-1,-1,-1,-1,-1,-1,-1,-1,-1,0
Unvalidated,2024010496230,2024,010496230,1,9,0,16,2,6,0,1,0,0,0,0,1,1,6,2,45,7,-1,-1,-1,-1,8,1,E01002922,0
Unvalidated,2024010496244,2024,010496244,1,1,9,99,9,9,99,9,9,99,9,99,9,1,2,2,51,8,-1,-1,-1,-1,3,1,E01003339,0
Unvalidated,2024010496244,2024,010496244,2,19,0,99,9,9,99,9,9,99,9,99,9,9,6,3,40,7,-1,-1,-1,-1,4,1,E01000722,0
Unvalidated,2024010496248,2024,010496248,1,9,0,9,5,3,0,8,0,0,0,0,4,1,6,1,69,10,-1,-1,-1,-1,8,1,E01003904,0
Unvalidated,2024010496248,2024,010496248,2,9,0,18,7,3,0,1,0,0,0,0,3,1,6,1,35,6,-1,-1,-1,-1,8,1,E01003904,0
Unvalidated,2024010496257,2024,010496257,1,9,0,18,3,7,0,8,0,0,0,0,1,1,6,1,27,6,-1,-1,-1,-1,7,1,E01000147,0
Unvalidated,2024010496257,2024,010496257,2,9,0,9,1,6,0,5,0,0,0,0,4,1,6,1,34,6,-1,-1,-1,-1,5,1,E01000474,0
Unvalidated,2024010496259,2024,010496259,1,9,0,99,9,9,99,9,9,99,9,99,2,9,6,2,34,6,-1,-1,-1,-1,6,1,E01030411,0
Unvalidated,2024010496259,2024,010496259,2,9,0,99,9,9,99,9,9,99,9,99,1,9,6,3,41,7,-1,-1,-1,-1,2,1,E01003057,0
Unvalidated,2024010496262,2024,010496262,1,3,0,99,9,9,99,9,9,99,9,99,2,1,6,1,22,5,-1,-1,-1,-1,2,1,E01001827,0
Unvalidated,2024010496262,2024,010496262,2,11,0,99,9,9,99,9,9,99,9,99,1,9,6,3,-1,-1,-1,-1,-1,-1,3,1,E01001467,0
Unvalidated,2024010496266,2024,010496266,1,3,0,99,9,9,99,9,9,99,9,99,2,1,1,2,33,6,-1,-1,-1,-1,2,1,E01001579,0
Unvalidated,2024010496266,2024,010496266,2,9,0,99,9,9,99,9,9,99,9,99,1,9,6,3,-1,-1,-1,-1,-1,-1,-1,-1,-1,0
Unvalidated,2024010496272,2024,010496272,1,9,0,9,3,2,0,1,0,0,0,0,3,1,6,1,25,5,-1,-1,-1,-1,2,1,E01003498,0
Unvalidated,2024010496272,2024,010496272,2,3,0,13,3,7,0,1,0,0,0,0,4,1,1,1,29,6,-1,-1,-1,-1,3,1,E01003569,0
Unvalidated,2024010496275,2024,010496275,1,21,1,7,3,6,0,4,0,0,0,0,4,1,1,1,30,6,-1,-1,-1,-1,3,1,E01021328,0
Unvalidated,2024010496275,2024,010496275,2,3,0,15,3,7,0,4,0,0,0,0,3,1,6,1,31,6,-1,-1,-1,-1,7,1,E01003675,0
Unvalidated,2024010496281,2024,010496281,1,9,0,4,6,2,0,1,0,4,0,0,1,1,6,2,48,8,-1,-1,-1,-1,2,1,E01004539,0
Unvalidated,2024010496281,2024,010496281,2,9,0,4,6,2,0,4,0,0,0,0,2,1,6,2,52,8,-1,-1,-1,-1,3,1,E01004573,0
Unvalidated,2024010496282,2024,010496282,1,9,0,9,5,3,0,1,0,0,0,0,1,1,6,1,20,4,-1,-1,-1,-1,5,1,E01001646,0
Unvalidated,2024010496282,2024,010496282,2,9,0,18,1,5,0,1,0,0,1,0,3,1,6,1,80,11,-1,-1,-1,-1,4,1,E01002677,0
Unvalidated,2024010496300,2024,010496300,1,3,0,99,9,9,99,1,9,99,9,99,1,9,1,1,37,7,-1,-1,-1,-1,4,1,E01000612,0
Unvalidated,2024010496300,2024,010496300,2,19,0,1,9,9,99,1,9,99,9,99,2,9,6,3,-1,-1,-1,-1,-1,-1,-1,-1,-1,0
Unvalidated,2024010496305,2024,010496305,1,1,9,99,9,9,99,9,9,99,9,99,1,1,6,3,-1,-1,-1,-1,-1,-1,7,1,E01001888,0
Unvalidated,2024010496308,2024,010496308,1,9,0,9,5,2,0,8,0,0,0,0,1,1,6,2,71,10,-1,-1,-1,-1,8,1,E01000319,0
Unvalidated,2024010496322,2024,010496322,1,9,0,99,9,9,99,9,9,99,9,99,1,9,6,1,30,6,-1,-1,-1,-1,3,1,E01003586,0
Unvalidated,2024010496327,2024,010496327,1,9,0,3,7,3,0,1,0,0,0,0,2,1,6,1,69,10,-1,-1,-1,-1,8,1,E01024605,0
Unvalidated,2024010496327,2024,010496327,2,9,0,4,7,3,0,1,0,0,0,0,1,1,6,1,34,6,-1,-1,-1,-1,10,1,E01028816,0
Unvalidated,2024010496331,2024,010496331,1,9,0,9,3,2,0,2,0,0,0,0,1,1,6,1,20,4,-1,-1,-1,-1,8,3,E01022591,0
Unvalidated,2024010496331,2024,010496331,2,3,0,18,5,1,0,8,0,0,0,0,4,1,1,1,42,7,-1,-1,-1,-1,3,1,E01002079,0
Unvalidated,2024010496332,2024,010496332,1,9,0,18,7,3,4,0,0,7,7,2,1,1,6,1,39,7,-1,-1,-1,-1,9,1,E01014998,0
Unvalidated,2024010496332,2024,010496332,2,9,0,18,3,7,0,0,0,0,0,0,1,1,6,2,23,5,-1,-1,-1,-1,1,1,E01004247,0
Unvalidated,2024010496332,2024,010496332,3,9,0,18,3,7,0,0,0,0,0,0,1,1,2,1,27,6,-1,-1,-1,-1,8,1,E01003471,0
Unvalidated,2024010496332,2024,010496332,4,1,0,18,7,3,4,0,0,0,0,0,0,1,2,2,33,6,-1,-1,-1,-1,-1,-1,-1,0
Unvalidated,2024010496335,2024,010496335,1,9,0,18,5,1,0,1,0,4,0,0,1,1,6,1,19,4,-1,-1,-1,-1,2,1,E01004239,0
Unvalidated,2024010496335,2024,010496335,2,19,0,18,1,5,0,2,0,0,0,0,1,1,6,1,31,6,-1,-1,-1,-1,2,1,E01001257,0
Unvalidated,2024010496335,2024,010496335,3,19,0,2,0,0,9,1,0,0,0,0,4,1,6,3,-1,-1,-1,-1,-1,-1,-1,-1,-1,0
Unvalidated,2024010496335,2024,010496335,4,9,0,2,0,0,0,1,0,0,0,0,4,1,6,3,-1,-1,-1,-1,-1,-1,-1,-1,-1,0
Unvalidated,2024010496335,2024,010496335,5,19,0,18,5,1,0,1,0,0,0,0,0,1,1,1,33,6,-1,-1,-1,-1,4,1,E01003666,0
Unvalidated,2024010496337,2024,010496337,1,9,0,18,3,7,0,0,0,0,0,0,1,1,6,1,39,7,-1,-1,-1,-1,9,1,E01021681,0
Unvalidated,2024010496337,2024,010496337,2,9,0,18,3,7,0,0,0,0,0,0,2,1,6,1,39,7,-1,-1,-1,-1,1,1,E01002034,0
Unvalidated,2024010496342,2024,010496342,1,11,0,15,5,1,2,1,0,0,0,0,1,1,1,1,35,6,-1,-1,-1,-1,2,1,E01002075,0
Unvalidated,2024010496343,2024,010496343,1,4,0,18,1,5,0,4,0,0,0,0,3,1,6,1,26,6,-1,-1,-1,-1,6,1,E01003416,0
Unvalidated,2024010496343,2024,010496343,2,9,0,18,7,3,0,4,0,0,0,0,1,1,2,2,55,8,-1,-1,-1,-1,6,1,E01001033,0
Unvalidated,2024010496345,2024,010496345,1,9,0,9,4,2,0,1,0,0,0,0,1,1,6,2,27,6,-1,-1,-1,-1,7,1,E01003003,0
Unvalidated,2024010496345,2024,010496345,2,9,0,18,2,6,0,1,0,0,0,0,1,1,6,1,28,6,-1,-1,-1,-1,-1,-1,-1,0
Unvalidated,2024010496346,2024,010496346,1,11,0,99,9,9,99,9,9,99,9,99,4,9,1,1,53,8,-1,-1,-1,-1,3,1,E01001488,0
Unvalidated,2024010496347,2024,010496347,1,9,0,99,9,9,99,9,9,99,9,99,2,9,6,2,39,7,-1,-1,-1,-1,5,1,E01003700,0
Unvalidated,2024010496347,2024,010496347,2,9,0,99,9,9,99,9,9,99,9,99,1,9,6,3,33,6,-1,-1,-1,-1,2,1,E01002637,0
Unvalidated,2024010496352,2024,010496352,1,1,9,99,9,9,99,9,9,99,9,99,1,1,2,1,43,7,-1,-1,-1,-1,5,1,E01000636,0
Unvalidated,2024010496352,2024,010496352,2,9,0,99,9,9,99,9,9,99,9,99,9,9,6,3,-1,-1,-1,-1,-1,-1,-1,-1,-1,0
Unvalidated,2024010496357,2024,010496357,1,9,0,7,1,3,0,5,0,0,0,0,0,1,1,1,34,6,-1,-1,-1,-1,3,1,E01004259,0
Unvalidated,2024010496357,2024,010496357,2,9,0,7,1,3,0,5,0,0,0,0,1,1,6,1,27,6,-1,-1,-1,-1,2,1,E01003968,0
Unvalidated,2024010496358,2024,010496358,1,9,0,99,9,9,99,0,9,99,9,99,2,9,6,1,30,6,-1,-1,-1,-1,1,1,E01033688,0
Unvalidated,2024010496358,2024,010496358,2,9,0,99,9,9,99,0,9,99,9,99,9,9,6,3,-1,-1,-1,-1,-1,-1,8,1,E01000880,0
Unvalidated,2024010496359,2024,010496359,1,9,0,10,5,3,0,4,0,0,0,0,3,1,6,2,38,7,-1,-1,-1,-1,-1,-1,-1,0
Unvalidated,2024010496359,2024,010496359,2,3,0,14,1,5,0,4,0,0,7,0,1,1,6,1,18,4,-1,-1,-1,-1,7,1,E01024187,0
Unvalidated,2024010496361,2024,010496361,1,9,0,99,9,9,99,9,9,99,9,99,9,9,6,3,-1,-1,-1,-1,-1,-1,-1,-1,-1,0
Unvalidated,2024010496366,2024,010496366,1,9,0,9,1,7,0,1,0,0,0,0,1,1,6,2,20,4,-1,-1,-1,-1,7,2,E01022020,0
Unvalidated,2024010496366,2024,010496366,2,3,3,7,5,7,0,1,0,0,0,0,1,1,1,1,30,6,-1,-1,-1,-1,2,1,E01001748,0
Unvalidated,2024010496367,2024,010496367,1,9,0,18,5,1,0,1,0,0,0,0,3,1,1,1,40,7,-1,-1,-1,-1,2,1,E01001006,0
Unvalidated,2024010496367,2024,010496367,2,9,0,18,5,1,0,8,1,0,0,0,1,1,6,1,25,5,-1,-1,-1,-1,1,1,E01003047,0
Unvalidated,2024010496368,2024,010496368,1,19,0,18,1,5,0,8,0,0,1,0,1,1,6,1,32,6,-1,-1,-1,-1,10,3,E01024631,0
Unvalidated,2024010496368,2024,010496368,2,9,3,18,1,5,1,2,1,0,0,0,0,1,1,1,26,6,-1,-1,-1,-1,5,1,E01033573,0
Unvalidated,2024010496368,2024,010496368,3,9,0,2,0,0,0,2,0,0,0,0,0,1,6,3,-1,-1,-1,-1,-1,-1,-1,-1,-1,0
Unvalidated,2024010496368,2024,010496368,4,9,0,2,0,0,0,2,0,0,0,0,0,1,6,3,-1,-1,-1,-1,-1,-1,-1,-1,-1,0
Unvalidated,2024010496379,2024,010496379,1,3,0,99,9,9,99,0,9,99,9,99,9,1,6,1,22,5,-1,-1,-1,-1,2,1,E01002368,0
Unvalidated,2024010496379,2024,010496379,2,9,0,99,9,9,99,0,9,99,9,99,9,9,6,3,62,9,-1,-1,-1,-1,6,1,E01002246,0
Unvalidated,2024010496382,2024,010496382,1,9,0,13,5,1,0,2,0,7,0,0,4,1,6,1,23,5,-1,-1,-1,-1,-1,-1,-1,0
Unvalidated,2024010496382,2024,010496382,2,19,0,3,5,1,0,2,0,0,0,0,0,1,2,1,33,6,-1,-1,-1,-1,2,1,E01000154,0
Unvalidated,2024010496386,2024,010496386,1,9,0,99,9,9,99,9,9,99,9,99,9,9,6,2,23,5,-1,-1,-1,-1,10,1,E01030324,0
Unvalidated,2024010496386,2024,010496386,2,9,0,99,9,9,99,9,9,99,9,99,9,9,6,3,-1,-1,-1,-1,-1,-1,-1,-1,-1,0
Unvalidated,2024010496388,2024,010496388,1,9,0,13,5,1,0,0,5,4,0,0,3,1,6,1,21,5,-1,-1,-1,-1,4,1,E01015933,0
Unvalidated,2024010496388,2024,010496388,2,9,0,2,0,0,0,0,0,0,0,0,0,1,6,3,-1,-1,-1,-1,-1,-1,-1,-1,-1,0
Unvalidated,2024010496388,2024,010496388,3,9,0,2,0,0,0,0,0,0,0,0,0,1,6,3,-1,-1,-1,-1,-1,-1,-1,-1,-1,0
Unvalidated,2024010496391,2024,010496391,1,9,0,99,9,9,99,9,9,99,9,99,9,9,6,2,28,6,-1,-1,-1,-1,6,1,E01003843,0
Unvalidated,2024010496391,2024,010496391,2,9,0,99,9,9,99,9,9,99,9,99,9,9,6,3,31,6,-1,-1,-1,-1,9,1,E01030991,0
Unvalidated,2024010496392,2024,010496392,1,4,0,99,9,9,99,9,9,99,9,99,9,1,6,2,49,8,-1,-1,-1,-1,3,1,E01004228,0
Unvalidated,2024010496392,2024,010496392,2,9,0,99,9,9,99,9,9,99,9,99,1,9,6,3,-1,-1,-1,-1,-1,-1,-1,-1,-1,0
Unvalidated,2024010496393,2024,010496393,1,5,0,18,1,5,0,2,0,10,5,11,1,1,6,1,59,9,-1,-1,-1,-1,5,1,E01004700,0
Unvalidated,2024010496395,2024,010496395,1,19,0,18,1,5,0,1,1,0,0,0,1,1,6,1,37,7,-1,-1,-1,-1,3,1,E01021811,0
Unvalidated,2024010496395,2024,010496395,2,9,0,9,3,1,0,6,0,0,0,0,1,1,6,2,53,8,-1,-1,-1,-1,10,1,E01001416,0
Unvalidated,2024010496398,2024,010496398,1,3,9,99,9,9,99,9,9,99,9,99,9,1,1,1,30,6,-1,-1,-1,-1,1,1,E01003517,0
Unvalidated,2024010496398,2024,010496398,2,9,9,99,9,9,99,9,9,99,9,99,9,9,6,3,-1,-1,-1,-1,-1,-1,-1,-1,-1,0
Unvalidated,2024010496402,2024,010496402,1,9,0,18,5,1,0,8,0,11,0,0,2,1,6,1,52,8,-1,-1,-1,-1,8,1,E01002949,0
Unvalidated,2024010496402,2024,010496402,2,1,0,18,5,1,0,8,0,0,0,0,1,1,6,2,28,6,-1,-1,-1,-1,8,1,E01004623,0
Unvalidated,2024010496407,2024,010496407,1,9,0,4,3,7,0,8,0,0,0,0,2,1,6,2,37,7,-1,-1,-1,-1,5,1,E01004076,0
Unvalidated,2024010496407,2024,010496407,2,3,0,18,3,7,0,8,0,0,0,0,1,1,6,1,18,4,-1,-1,-1,-1,6,1,E01004163,0
Unvalidated,2024010496408,2024,010496408,1,9,0,4,3,7,0,2,0,0,0,0,1,1,1,1,44,7,-1,-1,-1,-1,5,1,E01001265,0
Unvalidated,2024010496408,2024,010496408,2,1,0,18,3,7,0,2,0,0,0,0,1,1,6,1,59,9,-1,-1,-1,-1,7,1,E01001346,0
Unvalidated,2024010496411,2024,010496411,1,9,0,3,8,4,0,1,0,0,0,0,2,1,6,2,26,6,-1,-1,-1,-1,5,1,E01000629,0
Unvalidated,2024010496411,2024,010496411,2,9,0,18,2,6,0,1,0,0,0,0,1,1,6,3,-1,-1,-1,-1,-1,-1,2,1,E01001249,0
Unvalidated,2024010496422,2024,010496422,1,3,0,99,9,9,99,9,9,99,9,99,1,1,2,1,41,7,-1,-1,-1,-1,3,2,E01002313,0
Unvalidated,2024010496422,2024,010496422,2,9,0,99,9,9,99,9,9,99,9,99,9,9,6,3,-1,-1,-1,-1,-1,-1,-1,-1,-1,0
Unvalidated,2024010496423,2024,010496423,1,9,0,99,9,9,99,9,9,99,9,99,2,9,2,2,26,6,-1,-1,-1,-1,5,2,E01016566,0
Unvalidated,2024010496423,2024,010496423,2,3,0,99,9,9,99,9,9,99,9,99,1,9,6,3,-1,-1,-1,-1,-1,-1,-1,-1,-1,0
Unvalidated,2024010496433,2024,010496433,1,97,0,99,9,9,0,9,0,99,9,99,9,9,1,1,30,6,-1,-1,-1,-1,10,1,E01002153,0
Unvalidated,2024010496433,2024,010496433,2,9,9,99,9,9,0,9,9,99,0,0,9,9,6,3,-1,-1,-1,-1,-1,-1,-1,-1,-1,0
Unvalidated,2024010496440,2024,010496440,1,9,0,3,1,5,0,1,0,0,0,0,2,1,6,1,39,7,-1,-1,-1,-1,8,1,E01002946,0
Unvalidated,2024010496440,2024,010496440,2,19,0,5,1,5,0,1,0,0,0,0,1,2,1,1,58,9,-1,-1,-1,-1,-1,-1,-1,0