status,collision_index,collision_year,collision_reference,vehicle_reference,vehicle_type,towing_and_articulation,vehicle_manoeuvre,vehicle_direction_from,vehicle_direction_to,vehicle_location_restricted_lane,junction_location,skidding_and_overturning,hit_object_in_carriageway,vehicle_leaving_carriageway,hit_object_off_carriageway,first_point_of_impact,vehicle_left_hand_drive,journey_purpose_of_driver,sex_of_driver,age_of_driver,age_band_of_driver,engine_capacity_cc,propulsion_code,age_of_vehicle,generic_make_model,driver_imd_decile,driver_home_area_type,lsoa_of_driver,escooter_flag
Unvalidated,2024010496442,2024,010496442,1,9,0,99,9,9,99,9,9,99,9,99,3,9,6,1,51,8,-1,-1,-1,-1,8,1,E01001392,0
Unvalidated,2024010496452,2024,010496452,1,9,0,9,5,3,0,1,1,0,0,0,1,1,6,1,32,6,-1,-1,-1,-1,5,1,E01002443,0
Unvalidated,2024010496453,2024,010496453,1,9,0,18,5,1,0,0,0,0,0,0,1,1,6,1,67,10,-1,-1,-1,-1,4,1,E01000570,0
Unvalidated,2024010496453,2024,010496453,2,3,0,14,4,8,0,0,0,0,0,0,1,1,6,1,19,4,-1,-1,-1,-1,5,1,E01000146,0
Unvalidated,2024010496454,2024,010496454,1,9,0,5,5,1,0,7,0,0,0,0,1,1,6,1,29,6,-1,-1,-1,-1,4,1,E01021342,0
Unvalidated,2024010496454,2024,010496454,2,1,0,18,3,7,0,7,0,0,0,0,1,1,6,1,24,5,-1,-1,-1,-1,3,1,E01002264,0
Unvalidated,2024010496456,2024,010496456,1,9,0,10,8,7,0,2,0,0,0,0,3,1,1,1,51,8,-1,-1,-1,-1,2,1,E01000045,0
Unvalidated,2024010496456,2024,010496456,2,1,0,18,7,3,0,2,0,0,0,0,4,1,1,1,26,6,-1,-1,-1,-1,1,1,E01004205,0
Unvalidated,2024010496459,2024,010496459,1,9,0,5,0,1,2,0,0,0,1,0,1,1,6,2,25,5,-1,-1,-1,-1,4,1,E01001087,0
Unvalidated,2024010496461,2024,010496461,1,9,0,9,5,3,0,5,0,0,1,0,1,1,2,2,67,10,-1,-1,-1,-1,5,1,E01000571,0
Unvalidated,2024010496462,2024,010496462,1,9,5,4,1,5,0,1,5,0,0,0,1,1,6,1,27,6,-1,-1,-1,-1,1,1,E01004309,0
Unvalidated,2024010496462,2024,010496462,2,1,0,18,1,5,0,1,0,0,0,0,2,1,6,2,40,7,-1,-1,-1,-1,1,1,E01004199,0
Unvalidated,2024010496466,2024,010496466,1,20,0,99,9,9,99,9,9,99,9,99,9,9,1,1,44,7,-1,-1,-1,-1,2,1,E01001550,0
Unvalidated,2024010496466,2024,010496466,2,1,9,99,9,9,99,9,9,99,9,99,9,1,6,3,-1,-1,-1,-1,-1,-1,-1,-1,-1,0
Unvalidated,2024010496470,2024,010496470,1,3,0,18,8,4,2,1,1,0,0,0,4,1,6,2,33,6,-1,-1,-1,-1,4,1,E01001974,0
Unvalidated,2024010496470,2024,010496470,2,9,0,7,8,1,0,1,0,0,0,0,4,1,6,3,-1,-1,-1,-1,-1,-1,-1,-1,-1,0
Unvalidated,2024010496472,2024,010496472,1,9,0,7,5,6,0,1,0,0,0,0,0,1,1,1,23,5,-1,-1,-1,-1,3,1,E01001370,0
Unvalidated,2024010496472,2024,010496472,2,90,0,3,2,6,0,1,0,0,0,0,0,1,6,1,22,5,-1,-1,-1,-1,3,1,E01002620,1
Unvalidated,2024010496474,2024,010496474,1,9,0,99,9,9,0,1,0,0,1,0,2,9,6,3,-1,-1,-1,-1,-1,-1,-1,-1,-1,0
Unvalidated,2024010496474,2024,010496474,2,1,0,4,3,7,0,1,5,0,0,0,2,1,1,1,21,5,-1,-1,-1,-1,4,1,E01001444,0
Unvalidated,2024010496479,2024,010496479,1,1,9,99,9,9,99,1,9,99,9,99,9,1,6,1,58,9,-1,-1,-1,-1,4,1,E01000534,0
Unvalidated,2024010496479,2024,010496479,2,9,0,1,9,9,99,1,9,99,9,99,2,9,6,3,-1,-1,-1,-1,-1,-1,-1,-1,-1,0
Unvalidated,2024010496482,2024,010496482,1,9,0,18,6,2,0,0,0,0,0,0,1,1,6,1,44,7,-1,-1,-1,-1,-1,-1,-1,0
Unvalidated,2024010496482,2024,010496482,2,9,0,2,0,0,0,0,0,0,0,0,2,1,6,3,-1,-1,-1,-1,-1,-1,-1,-1,-1,0
Unvalidated,2024010496486,2024,010496486,1,9,0,18,5,1,0,0,0,0,0,0,1,1,6,3,-1,-1,-1,-1,-1,-1,-1,-1,-1,0
Unvalidated,2024010496488,2024,010496488,1,9,0,18,6,2,0,0,5,4,0,0,1,1,6,2,18,4,-1,-1,-1,-1,10,1,E01000694,0
Unvalidated,2024010496488,2024,010496488,2,9,0,2,0,0,0,0,0,0,0,0,1,1,6,3,-1,-1,-1,-1,-1,-1,-1,-1,-1,0
Unvalidated,2024010496490,2024,010496490,1,9,0,9,7,5,0,1,0,0,0,0,3,1,6,1,44,7,-1,-1,-1,-1,3,1,E01000094,0
Unvalidated,2024010496490,2024,010496490,2,9,0,18,5,1,0,1,0,0,0,0,1,1,6,1,54,8,-1,-1,-1,-1,2,1,E01000103,0
Unvalidated,2024010496495,2024,010496495,1,9,0,99,9,9,99,9,9,99,9,99,1,9,6,1,41,7,-1,-1,-1,-1,4,1,E01001945,0
Unvalidated,2024010496496,2024,010496496,1,11,0,4,8,4,0,1,0,0,0,0,0,1,1,2,27,6,-1,-1,-1,-1,3,1,E01002504,0
Unvalidated,2024010496501,2024,010496501,1,2,0,7,5,8,0,1,0,0,0,0,1,1,6,1,34,6,-1,-1,-1,-1,2,1,E01000141,0
Unvalidated,2024010496501,2024,010496501,2,11,0,18,3,7,0,8,0,0,0,0,4,1,1,1,47,8,-1,-1,-1,-1,2,1,E01002722,0
Unvalidated,2024010496502,2024,010496502,1,3,0,13,7,3,0,0,0,0,0,0,2,1,6,3,-1,-1,-1,-1,-1,-1,-1,-1,-1,0
Unvalidated,2024010496502,2024,010496502,2,1,0,18,7,3,0,0,0,0,0,0,2,1,6,2,39,7,-1,-1,-1,-1,2,1,E01003049,0
Unvalidated,2024010496504,2024,010496504,1,9,0,18,1,5,0,8,0,0,3,0,1,1,2,1,38,7,-1,-1,-1,-1,2,1,E01001551,0
Unvalidated,2024010496504,2024,010496504,2,8,0,18,7,3,0,8,0,0,0,0,4,1,1,1,57,9,-1,-1,-1,-1,2,1,E01001428,0
Unvalidated,2024010496504,2024,010496504,3,8,0,18,1,5,0,8,0,0,0,0,1,1,1,1,54,8,-1,-1,-1,-1,8,1,E01021793,0
Unvalidated,2024010496505,2024,010496505,1,9,0,18,3,7,0,8,0,0,0,0,4,1,6,1,22,5,-1,-1,-1,-1,5,1,E01004461,0
Unvalidated,2024010496505,2024,010496505,2,3,0,7,3,6,0,8,5,0,0,0,1,1,6,1,43,7,-1,-1,-1,-1,-1,-1,-1,0
Unvalidated,2024010496507,2024,010496507,1,9,0,16,7,3,0,8,0,7,8,11,1,1,6,1,33,6,-1,-1,-1,-1,6,1,E01033582,0
Unvalidated,2024010496510,2024,010496510,1,3,0,18,3,7,0,1,0,0,0,0,1,1,6,1,29,6,-1,-1,-1,-1,3,1,E01003286,0
Unvalidated,2024010496513,2024,010496513,1,9,0,18,1,5,8,8,0,0,0,0,4,1,6,1,21,5,-1,-1,-1,-1,4,1,E01013758,0
Unvalidated,2024010496513,2024,010496513,2,3,0,18,5,1,8,8,0,0,7,0,4,1,6,1,24,5,-1,-1,-1,-1,4,1,E01004652,0
Unvalidated,2024010496516,2024,010496516,1,1,9,99,9,9,99,9,9,99,9,99,9,1,1,1,28,6,-1,-1,-1,-1,3,1,E01002030,0
Unvalidated,2024010496516,2024,010496516,2,8,0,99,9,9,99,9,9,99,9,99,9,9,6,1,37,7,-1,-1,-1,-1,2,1,E01001812,0
Unvalidated,2024010496523,2024,010496523,1,97,0,18,3,7,0,0,0,0,0,0,4,1,6,3,-1,-1,-1,-1,-1,-1,-1,-1,-1,0
Unvalidated,2024010496524,2024,010496524,1,3,0,99,9,9,99,9,9,99,9,99,1,1,2,1,24,5,-1,-1,-1,-1,2,1,E01002002,0
Unvalidated,2024010496524,2024,010496524,2,9,0,99,9,9,99,9,9,99,9,99,9,9,6,3,-1,-1,-1,-1,-1,-1,-1,-1,-1,0
Unvalidated,2024010496528,2024,010496528,1,11,0,4,7,3,2,1,0,4,0,0,1,1,1,1,65,9,-1,-1,-1,-1,9,1,E01030933,0
Unvalidated,2024010496528,2024,010496528,2,11,0,3,7,3,2,1,0,0,0,0,2,1,1,1,71,10,-1,-1,-1,-1,2,1,E01002634,0
Unvalidated,2024010496531,2024,010496531,1,9,0,99,9,9,99,9,9,99,9,99,1,9,1,1,21,5,-1,-1,-1,-1,3,1,E01000114,0
Unvalidated,2024010496531,2024,010496531,2,19,9,99,9,9,99,9,9,99,9,99,9,9,6,3,-1,-1,-1,-1,-1,-1,-1,-1,-1,0
Unvalidated,2024010496536,2024,010496536,1,3,0,18,3,7,0,8,0,0,0,0,1,1,2,1,21,5,-1,-1,-1,-1,3,1,E01003926,0
Unvalidated,2024010496536,2024,010496536,2,9,0,9,5,3,0,1,0,0,0,0,1,1,1,1,55,8,-1,-1,-1,-1,6,1,E01003958,0
Unvalidated,2024010496539,2024,010496539,1,9,0,99,9,9,99,9,9,99,9,99,9,9,1,1,46,8,-1,-1,-1,-1,9,1,E01002516,0
Unvalidated,2024010496541,2024,010496541,1,8,0,99,9,9,99,9,9,99,9,99,2,1,6,3,32,6,-1,-1,-1,-1,7,1,E01000237,0
Unvalidated,2024010496548,2024,010496548,1,9,0,14,2,6,0,8,0,0,0,0,1,1,1,2,43,7,-1,-1,-1,-1,8,1,E01021578,0
Unvalidated,2024010496548,2024,010496548,2,11,0,3,2,6,0,8,0,0,0,0,2,1,1,1,60,9,-1,-1,-1,-1,3,1,E01002308,0
Unvalidated,2024010496549,2024,010496549,1,9,0,18,8,4,0,8,0,0,0,0,1,1,1,1,49,8,-1,-1,-1,-1,-1,-1,-1,0
Unvalidated,2024010496549,2024,010496549,2,1,0,18,7,3,0,8,0,0,0,0,1,1,1,1,56,9,-1,-1,-1,-1,7,1,E01002902,0
Unvalidated,2024010496552,2024,010496552,1,9,9,99,9,9,99,9,9,99,9,99,1,9,6,1,38,7,-1,-1,-1,-1,6,1,E01002381,0
Unvalidated,2024010496552,2024,010496552,2,9,9,99,9,9,99,9,9,99,9,99,9,9,6,3,-1,-1,-1,-1,-1,-1,-1,-1,-1,0
Unvalidated,2024010496553,2024,010496553,1,9,0,12,3,7,0,0,0,0,0,0,2,1,6,2,32,6,-1,-1,-1,-1,-1,-1,-1,0
Unvalidated,2024010496553,2024,010496553,2,3,0,18,3,7,0,0,0,0,0,0,1,1,6,2,36,7,-1,-1,-1,-1,-1,-1,-1,0
Unvalidated,2024010496554,2024,010496554,1,3,0,99,9,9,99,9,9,99,9,99,1,1,6,1,35,6,-1,-1,-1,-1,5,1,E01000747,0
Unvalidated,2024010496554,2024,010496554,2,9,0,99,9,9,99,9,9,99,9,99,9,9,6,3,-1,-1,-1,-1,-1,-1,-1,-1,-1,0
Unvalidated,2024010496560,2024,010496560,1,1,9,99,9,9,99,0,9,99,9,99,1,1,2,1,26,6,-1,-1,-1,-1,8,1,E01001390,0
Unvalidated,2024010496560,2024,010496560,2,21,0,99,9,9,99,0,9,99,9,99,1,9,6,1,47,8,-1,-1,-1,-1,2,1,E01003832,0
Unvalidated,2024010496561,2024,010496561,1,9,0,99,9,9,99,9,9,99,9,99,2,9,6,2,46,8,-1,-1,-1,-1,8,1,E01001585,0
Unvalidated,2024010496561,2024,010496561,2,9,0,99,9,9,99,9,9,99,9,99,1,9,6,3,-1,-1,-1,-1,-1,-1,3,1,E01001688,0
Unvalidated,2024010496582,2024,010496582,1,9,0,18,1,5,9,0,0,0,7,11,1,1,1,2,49,8,-1,-1,-1,-1,3,1,E01001368,0
Unvalidated,2024010496585,2024,010496585,1,1,9,99,9,9,99,9,9,99,9,99,1,1,2,1,17,4,-1,-1,-1,-1,6,1,E01002928,0
Unvalidated,2024010496585,2024,010496585,2,9,0,99,9,9,99,9,9,99,9,99,9,9,6,3,-1,-1,-1,-1,-1,-1,9,1,E01002953,0
Unvalidated,2024010496586,2024,010496586,1,3,0,18,7,3,0,8,0,0,0,0,1,1,6,1,35,6,-1,-1,-1,-1,2,1,E01030227,0
Unvalidated,2024010496586,2024,010496586,2,9,0,9,3,8,0,1,0,0,0,0,1,1,6,1,25,5,-1,-1,-1,-1,8,1,E01000412,0
Unvalidated,2024010496592,2024,010496592,1,9,0,99,9,9,99,9,9,99,9,99,1,9,2,1,26,6,-1,-1,-1,-1,7,1,E01002173,0
Unvalidated,2024010496592,2024,010496592,2,9,0,99,9,9,99,9,9,99,9,99,9,9,6,2,28,6,-1,-1,-1,-1,6,1,E01002162,0
Unvalidated,2024010496596,2024,010496596,1,9,0,18,1,5,0,8,0,0,0,0,0,1,2,1,41,7,-1,-1,-1,-1,6,1,E01002818,0
Unvalidated,2024010496596,2024,010496596,2,9,0,5,0,5,0,8,0,0,0,0,0,1,2,1,57,9,-1,-1,-1,-1,7,1,E01004499,0
Unvalidated,2024010496596,2024,010496596,3,9,0,2,0,0,0,8,0,0,0,0,0,1,6,3,-1,-1,-1,-1,-1,-1,-1,-1,-1,0
Unvalidated,2024010496605,2024,010496605,1,9,0,5,3,7,0,0,0,0,0,0,3,1,6,1,66,10,-1,-1,-1,-1,2,1,E01001820,0
Unvalidated,2024010496605,2024,010496605,2,1,0,18,3,7,0,0,0,0,0,0,1,1,6,1,41,7,-1,-1,-1,-1,-1,-1,-1,0
Unvalidated,2024010496606,2024,010496606,1,9,0,99,9,9,99,9,9,99,9,99,9,9,6,2,34,6,-1,-1,-1,-1,2,1,E01002545,0
Unvalidated,2024010496606,2024,010496606,2,9,0,99,9,9,99,9,9,99,9,99,9,9,6,3,-1,-1,-1,-1,-1,-1,-1,-1,-1,0
Unvalidated,2024010496609,2024,010496609,1,9,0,3,6,2,0,1,0,0,0,0,1,1,6,2,48,8,-1,-1,-1,-1,5,1,E01002815,0
Unvalidated,2024010496609,2024,010496609,2,9,0,9,2,1,0,5,0,0,0,0,3,1,6,1,24,5,-1,-1,-1,-1,2,1,E01012573,0
Unvalidated,2024010496609,2024,010496609,3,3,0,15,2,6,0,1,0,0,0,0,1,1,6,1,18,4,-1,-1,-1,-1,4,1,E01000491,0
Unvalidated,2024010496615,2024,010496615,1,3,0,99,9,9,99,0,9,99,9,99,9,1,1,1,34,6,-1,-1,-1,-1,4,1,E01001686,0
Unvalidated,2024010496615,2024,010496615,2,9,0,99,9,9,99,0,9,99,9,99,9,9,6,3,-1,-1,-1,-1,-1,-1,-1,-1,-1,0
Unvalidated,2024010496619,2024,010496619,1,1,9,99,9,9,99,9,9,99,9,99,1,1,6,1,23,5,-1,-1,-1,-1,3,1,E01003969,0
Unvalidated,2024010496619,2024,010496619,2,98,9,18,1,5,99,9,9,99,9,99,9,9,6,3,-1,-1,-1,-1,-1,-1,-1,-1,-1,0
Unvalidated,2024010496622,2024,010496622,1,1,9,99,9,9,99,9,9,99,9,99,2,1,6,1,27,6,-1,-1,-1,-1,3,1,E01001747,0
Unvalidated,2024010496622,2024,010496622,2,8,0,99,9,9,99,9,9,99,9,99,9,9,6,1,52,8,-1,-1,-1,-1,9,1,E01030559,0
Unvalidated,2024010496628,2024,010496628,1,3,0,99,9,9,99,9,9,99,9,99,9,1,1,2,25,5,-1,-1,-1,-1,4,1,E01003023,0
Unvalidated,2024010496628,2024,010496628,2,9,0,99,9,9,99,9,9,99,9,99,9,9,6,3,-1,-1,-1,-1,-1,-1,-1,-1,-1,0
Unvalidated,2024010496633,2024,010496633,1,9,0,18,5,1,0,8,0,0,0,0,1,1,6,3,-1,-1,-1,-1,-1,-1,-1,-1,-1,0
Unvalidated,2024010496641,2024,010496641,1,9,0,99,9,9,99,9,9,99,9,99,9,9,6,3,-1,-1,-1,-1,-1,-1,-1,-1,-1,0
Unvalidated,2024010496643,2024,010496643,1,1,9,99,9,9,99,9,9,99,9,99,9,1,2,2,35,6,-1,-1,-1,-1,3,1,E01004280,0
Unvalidated,2024010496648,2024,010496648,1,9,0,99,9,9,99,9,9,99,9,99,9,9,6,2,83,11,-1,-1,-1,-1,6,1,E01003888,0
Unvalidated,2024010496656,2024,010496656,1,9,0,7,5,7,0,2,0,0,0,0,1,1,6,2,62,9,-1,-1,-1,-1,1,1,E01001330,0
Unvalidated,2024010496656,2024,010496656,2,1,0,18,3,7,0,1,0,0,0,0,1,1,6,1,43,7,-1,-1,-1,-1,6,1,E01001295,0
Unvalidated,2024010496659,2024,010496659,1,9,0,99,9,9,99,9,9,99,9,99,9,9,6,2,28,6,-1,-1,-1,-1,4,1,E01002315,0
Unvalidated,2024010496659,2024,010496659,2,9,0,99,9,9,99,9,9,99,9,99,9,9,6,3,-1,-1,-1,-1,-1,-1,-1,-1,-1,0
Unvalidated,2024010496660,2024,010496660,1,9,0,5,1,5,0,8,1,0,0,0,4,1,2,2,37,7,-1,-1,-1,-1,2,1,E01003689,0
Unvalidated,2024010496660,2024,010496660,2,9,0,18,3,7,0,8,1,0,0,0,1,1,6,2,41,7,-1,-1,-1,-1,4,1,E01000113,0
Unvalidated,2024010496664,2024,010496664,1,1,9,99,9,9,0,9,0,99,0,0,9,1,1,1,28,6,-1,-1,-1,-1,3,1,E01003493,0
Unvalidated,2024010496664,2024,010496664,2,9,0,99,9,9,99,9,9,99,0,0,2,9,6,3,-1,-1,-1,-1,-1,-1,-1,-1,-1,0
Unvalidated,2024010496666,2024,010496666,1,8,0,18,3,7,0,3,0,0,0,0,1,1,1,1,72,10,-1,-1,-1,-1,4,1,E01003740,0
Unvalidated,2024010496667,2024,010496667,1,11,0,17,1,5,0,0,0,0,0,0,0,1,6,1,53,8,-1,-1,-1,-1,4,1,E01000995,0
Unvalidated,2024010496667,2024,010496667,2,9,0,4,1,5,0,0,0,0,0,0,0,1,6,3,34,6,-1,-1,-1,-1,-1,-1,-1,0
Unvalidated,2024010496667,2024,010496667,3,9,0,18,1,5,0,0,0,0,0,0,0,1,6,3,34,6,-1,-1,-1,-1,-1,-1,-1,0
Unvalidated,2024010496668,2024,010496668,1,1,9,99,9,9,99,9,9,99,9,99,9,1,6,1,34,6,-1,-1,-1,-1,5,1,E01001859,0
Unvalidated,2024010496668,2024,010496668,2,3,0,99,9,9,99,9,9,99,9,99,9,1,6,3,-1,-1,-1,-1,-1,-1,-1,-1,-1,0
Unvalidated,2024010496672,2024,010496672,1,19,0,18,1,5,0,2,0,11,0,0,1,1,2,1,33,6,-1,-1,-1,-1,3,1,E01004397,0
Unvalidated,2024010496675,2024,010496675,1,9,0,18,1,5,0,2,0,0,0,0,1,1,6,1,29,6,-1,-1,-1,-1,4,1,E01003702,0
Unvalidated,2024010496675,2024,010496675,2,1,0,18,3,7,0,8,0,0,0,0,4,1,6,1,33,6,-1,-1,-1,-1,7,1,E01000135,0
Unvalidated,2024010496676,2024,010496676,1,8,9,18,9,9,99,9,9,99,9,99,9,9,6,3,-1,-1,-1,-1,-1,-1,-1,-1,-1,0
Unvalidated,2024010496676,2024,010496676,2,9,9,1,1,5,0,9,0,99,0,0,2,1,6,3,-1,-1,-1,-1,-1,-1,-1,-1,-1,0
Unvalidated,2024010496681,2024,010496681,1,19,0,18,1,5,0,3,0,11,0,0,4,1,2,1,64,9,-1,-1,-1,-1,-1,-1,-1,0
Unvalidated,2024010496683,2024,010496683,1,3,0,99,9,9,99,9,9,99,9,99,1,1,1,1,29,6,-1,-1,-1,-1,1,1,E01001461,0
Unvalidated,2024010496683,2024,010496683,2,9,0,99,9,9,99,9,9,99,0,0,9,9,6,3,39,7,-1,-1,-1,-1,3,1,E01003629,0
Unvalidated,2024010496686,2024,010496686,1,8,0,18,7,3,0,2,0,10,7,2,1,1,6,1,40,7,-1,-1,-1,-1,-1,-1,-1,0
Unvalidated,2024010496689,2024,010496689,1,9,0,99,9,9,99,9,9,99,9,99,2,9,6,2,19,4,-1,-1,-1,-1,10,1,E01002389,0
Unvalidated,2024010496689,2024,010496689,2,9,0,99,9,9,99,9,9,99,9,99,2,9,6,3,-1,-1,-1,-1,-1,-1,-1,-1,-1,0
Unvalidated,2024010496692,2024,010496692,1,9,0,9,3,1,0,1,0,4,0,0,1,1,6,1,62,9,-1,-1,-1,-1,5,1,E01000036,0
Unvalidated,2024010496692,2024,010496692,2,9,0,2,0,0,0,1,0,0,0,0,2,1,6,3,-1,-1,-1,-1,-1,-1,-1,-1,-1,0
Unvalidated,2024010496692,2024,010496692,3,9,0,2,0,0,0,1,0,0,0,0,1,1,6,3,-1,-1,-1,-1,-1,-1,-1,-1,-1,0
Unvalidated,2024010496699,2024,010496699,1,9,0,7,7,2,9,5,0,0,1,11,1,1,6,1,19,4,-1,-1,-1,-1,2,1,E01001250,0
Unvalidated,2024010496701,2024,010496701,1,9,0,18,1,5,0,1,0,0,0,0,4,1,6,1,38,7,-1,-1,-1,-1,2,1,E01000221,0
Unvalidated,2024010496701,2024,010496701,2,9,0,18,5,1,0,1,1,10,0,0,3,1,6,3,24,5,-1,-1,-1,-1,-1,-1,-1,0
Unvalidated,2024010496701,2024,010496701,3,9,0,2,0,0,0,1,0,0,0,0,1,1,6,3,-1,-1,-1,-1,-1,-1,-1,-1,-1,0
Unvalidated,2024010496702,2024,010496702,1,3,0,9,8,6,0,2,0,0,0,0,3,1,1,1,24,5,-1,-1,-1,-1,4,1,E01004142,0
Unvalidated,2024010496702,2024,010496702,2,9,0,9,6,3,0,8,0,0,0,0,1,1,6,3,-1,-1,-1,-1,-1,-1,-1,-1,-1,0
Unvalidated,2024010496704,2024,010496704,1,9,0,6,7,7,0,0,0,0,0,0,4,1,6,1,34,6,-1,-1,-1,-1,4,1,E01033589,0
Unvalidated,2024010496704,2024,010496704,2,3,0,18,3,7,0,0,0,0,0,0,1,1,6,1,30,6,-1,-1,-1,-1,3,1,E01003588,0
Unvalidated,2024010496713,2024,010496713,1,3,0,99,9,9,99,9,9,99,9,99,9,1,1,1,25,5,-1,-1,-1,-1,3,1,E01001546,0
Unvalidated,2024010496713,2024,010496713,2,9,0,99,9,9,99,9,9,99,9,99,9,9,6,2,39,7,-1,-1,-1,-1,4,1,E01001404,0
Unvalidated,2024010496723,2024,010496723,1,9,0,99,9,9,99,9,9,99,9,99,9,9,6,1,28,6,-1,-1,-1,-1,3,1,E01003686,0
Unvalidated,2024010496723,2024,010496723,2,9,0,99,9,9,99,9,9,99,9,99,9,9,6,3,-1,-1,-1,-1,-1,-1,-1,-1,-1,0
Unvalidated,2024010496724,2024,010496724,1,9,0,99,9,9,99,0,9,99,9,99,9,9,6,2,-1,-1,-1,-1,-1,-1,4,1,E01000029,0
Unvalidated,2024010496724,2024,010496724,2,9,0,2,0,0,0,0,0,0,0,0,0,1,6,3,-1,-1,-1,-1,-1,-1,-1,-1,-1,0
Unvalidated,2024010496730,2024,010496730,1,1,9,99,9,9,99,9,9,99,9,99,9,1,2,1,30,6,-1,-1,-1,-1,4,1,E01002307,0
Unvalidated,2024010496730,2024,010496730,2,9,0,99,9,9,99,9,9,99,9,99,1,9,6,3,35,6,-1,-1,-1,-1,10,1,E01030776,0
Unvalidated,2024010496733,2024,010496733,1,3,0,99,9,9,99,9,9,99,9,99,9,1,6,1,37,7,-1,-1,-1,-1,5,1,E01000747,0
Unvalidated,2024010496733,2024,010496733,2,9,0,99,9,9,99,9,9,99,9,99,9,9,6,3,-1,-1,-1,-1,-1,-1,-1,-1,-1,0
Unvalidated,2024010496734,2024,010496734,1,3,9,99,9,9,99,1,9,99,9,99,9,1,1,3,34,6,-1,-1,-1,-1,3,1,E01000511,0
Unvalidated,2024010496734,2024,010496734,2,9,9,99,9,9,99,6,9,99,9,99,9,9,6,3,34,6,-1,-1,-1,-1,-1,-1,-1,0
Unvalidated,2024010496736,2024,010496736,1,4,0,99,9,9,99,9,9,99,9,99,1,1,6,1,28,6,-1,-1,-1,-1,2,1,E01002840,0
Unvalidated,2024010496736,2024,010496736,2,19,9,99,9,9,99,9,9,99,9,99,2,9,6,3,-1,-1,-1,-1,-1,-1,-1,-1,-1,0
Unvalidated,2024010496737,2024,010496737,1,3,0,99,9,9,99,9,9,99,9,99,9,1,2,1,29,6,-1,-1,-1,-1,9,1,E01024143,0
Unvalidated,2024010496737,2024,010496737,2,9,0,99,9,9,99,9,9,99,9,99,9,9,6,3,-1,-1,-1,-1,-1,-1,-1,-1,-1,0
Unvalidated,2024010496741,2024,010496741,1,3,0,99,9,9,99,9,9,99,9,99,1,1,1,1,18,4,-1,-1,-1,-1,2,1,E01002799,0
Unvalidated,2024010496741,2024,010496741,2,9,0,99,9,9,99,9,9,99,9,99,1,9,6,3,-1,-1,-1,-1,-1,-1,-1,-1,-1,0
Unvalidated,2024010496742,2024,010496742,1,9,0,7,4,7,0,3,0,0,7,0,4,1,6,2,40,7,-1,-1,-1,-1,3,1,E01001076,0
Unvalidated,2024010496742,2024,010496742,2,8,0,7,4,7,0,3,0,0,0,0,1,1,1,1,64,9,-1,-1,-1,-1,3,1,E01000977,0
Unvalidated,2024010496744,2024,010496744,1,3,0,99,9,9,99,9,9,99,9,99,9,1,1,1,32,6,-1,-1,-1,-1,2,1,E01002072,0
Unvalidated,2024010496744,2024,010496744,2,9,0,99,9,9,99,9,9,99,9,99,9,9,6,3,-1,-1,-1,-1,-1,-1,-1,-1,-1,0
Unvalidated,2024010496745,2024,010496745,1,9,0,99,9,9,99,2,9,99,9,99,4,9,6,2,27,6,-1,-1,-1,-1,5,1,E01002533,0
Unvalidated,2024010496745,2024,010496745,2,9,0,99,9,9,99,6,9,99,9,99,1,9,6,3,-1,-1,-1,-1,-1,-1,5,3,E01016577,0
Unvalidated,2024010496747,2024,010496747,1,1,9,99,9,9,99,0,9,99,9,99,9,1,6,1,35,6,-1,-1,-1,-1,4,1,E01004591,0
Unvalidated,2024010496747,2024,010496747,2,19,0,99,9,9,99,0,9,99,9,99,9,9,6,3,-1,-1,-1,-1,-1,-1,-1,-1,-1,0
Unvalidated,2024010496752,2024,010496752,1,9,9,3,7,3,0,4,9,0,0,0,2,9,6,1,48,8,-1,-1,-1,-1,9,1,E01002242,0
Unvalidated,2024010496752,2024,010496752,2,9,9,18,7,3,0,4,9,0,0,0,1,9,6,2,53,8,-1,-1,-1,-1,6,1,E01002541,0
Unvalidated,2024010496759,2024,010496759,1,9,0,18,4,8,0,0,0,0,0,0,1,1,6,3,-1,-1,-1,-1,-1,-1,-1,-1,-1,0
Unvalidated,2024010496760,2024,010496760,1,1,9,99,9,9,99,9,9,99,9,99,9,1,6,1,20,4,-1,-1,-1,-1,7,1,E01002965,0
Unvalidated,2024010496760,2024,010496760,2,9,0,99,9,9,99,9,9,99,9,99,1,9,6,3,-1,-1,-1,-1,-1,-1,-1,-1,-1,0
Unvalidated,2024010496767,2024,010496767,1,21,0,5,1,5,0,1,0,0,0,0,4,1,1,1,43,7,-1,-1,-1,-1,2,1,E01002278,0
Unvalidated,2024010496767,2024,010496767,2,1,0,5,1,5,0,1,0,0,0,0,3,1,6,2,27,6,-1,-1,-1,-1,4,1,E01004715,0
Unvalidated,2024010496769,2024,010496769,1,9,0,18,1,5,0,2,0,0,0,0,1,1,6,3,-1,-1,-1,-1,-1,-1,-1,-1,-1,0
Unvalidated,2024010496769,2024,010496769,2,1,0,18,1,5,0,2,0,0,0,0,2,1,6,1,24,5,-1,-1,-1,-1,3,1,E01002028,0