status,collision_index,collision_year,collision_reference,vehicle_reference,vehicle_type,towing_and_articulation,vehicle_manoeuvre,vehicle_direction_from,vehicle_direction_to,vehicle_location_restricted_lane,junction_location,skidding_and_overturning,hit_object_in_carriageway,vehicle_leaving_carriageway,hit_object_off_carriageway,first_point_of_impact,vehicle_left_hand_drive,journey_purpose_of_driver,sex_of_driver,age_of_driver,age_band_of_driver,engine_capacity_cc,propulsion_code,age_of_vehicle,generic_make_model,driver_imd_decile,driver_home_area_type,lsoa_of_driver,escooter_flag
Unvalidated,2024010496773,2024,010496773,1,9,0,7,5,7,0,1,0,0,0,0,1,1,2,2,36,7,-1,-1,-1,-1,6,1,E01002668,0
Unvalidated,2024010496773,2024,010496773,2,1,0,18,7,3,0,1,0,0,0,0,2,1,2,1,57,9,-1,-1,-1,-1,1,2,E01021988,0
Unvalidated,2024010496774,2024,010496774,1,5,0,99,9,9,99,9,9,99,9,99,9,1,1,3,37,7,-1,-1,-1,-1,3,1,E01001858,0
Unvalidated,2024010496774,2024,010496774,2,9,0,99,9,9,99,9,9,99,9,99,1,9,6,3,-1,-1,-1,-1,-1,-1,5,1,E01001895,0
Unvalidated,2024010496775,2024,010496775,1,9,0,9,7,6,0,1,0,4,3,10,1,1,6,1,48,8,-1,-1,-1,-1,2,1,E01003995,0
Unvalidated,2024010496775,2024,010496775,2,9,0,2,0,0,0,1,0,0,0,0,1,1,6,3,-1,-1,-1,-1,-1,-1,-1,-1,-1,0
Unvalidated,2024010496775,2024,010496775,3,1,0,18,1,5,0,1,0,0,0,0,1,1,6,1,39,7,-1,-1,-1,-1,2,1,E01003912,0
Unvalidated,2024010496778,2024,010496778,1,3,0,99,9,9,99,1,9,99,9,99,9,1,6,1,54,8,-1,-1,-1,-1,2,1,E01000143,0
Unvalidated,2024010496778,2024,010496778,2,9,0,6,9,9,99,5,9,99,9,99,9,9,6,3,-1,-1,-1,-1,-1,-1,-1,-1,-1,0
Unvalidated,2024010496780,2024,010496780,1,19,0,99,9,9,99,0,9,99,9,99,2,9,1,1,59,9,-1,-1,-1,-1,5,1,E01004549,0
Unvalidated,2024010496780,2024,010496780,2,19,0,99,9,9,99,0,9,99,9,99,1,9,6,3,-1,-1,-1,-1,-1,-1,-1,-1,-1,0
Unvalidated,2024010496782,2024,010496782,1,1,0,18,3,7,4,1,0,0,0,0,1,1,1,2,48,8,-1,-1,-1,-1,4,1,E01004065,0
Unvalidated,2024010496782,2024,010496782,2,9,0,10,7,5,0,1,0,0,0,0,1,1,6,1,62,9,-1,-1,-1,-1,-1,-1,-1,0
Unvalidated,2024010496783,2024,010496783,1,9,0,18,5,1,0,8,0,0,0,0,4,1,2,1,52,8,-1,-1,-1,-1,3,1,E01003728,0
Unvalidated,2024010496783,2024,010496783,2,9,0,9,7,5,0,8,0,0,0,0,1,1,3,2,26,6,-1,-1,-1,-1,3,1,E01000009,0
Unvalidated,2024010496786,2024,010496786,1,3,0,99,9,9,0,8,0,0,9,0,9,1,6,3,33,6,-1,-1,-1,-1,7,3,E01021344,0
Unvalidated,2024010496786,2024,010496786,2,9,0,99,9,9,0,8,0,0,9,0,9,9,6,3,-1,-1,-1,-1,-1,-1,-1,-1,-1,0
Unvalidated,2024010496787,2024,010496787,1,19,0,18,3,7,0,2,0,0,0,0,3,1,1,1,40,7,-1,-1,-1,-1,4,1,E01030710,0
Unvalidated,2024010496797,2024,010496797,1,3,0,99,9,9,99,9,9,8,9,99,9,1,1,1,23,5,-1,-1,-1,-1,3,1,E01000630,0
Unvalidated,2024010496797,2024,010496797,2,9,0,99,9,9,99,9,9,99,9,99,9,9,6,3,-1,-1,-1,-1,-1,-1,-1,-1,-1,0
Unvalidated,2024010496798,2024,010496798,1,9,0,5,6,2,6,7,0,0,0,0,4,1,6,1,72,10,-1,-1,-1,-1,5,1,E01001086,0
Unvalidated,2024010496798,2024,010496798,2,3,0,5,6,2,0,7,0,0,8,10,4,1,1,1,29,6,-1,-1,-1,-1,7,1,E01004597,0
Unvalidated,2024010496800,2024,010496800,1,9,0,18,3,7,0,1,0,0,0,0,1,1,6,2,60,9,-1,-1,-1,-1,10,1,E01003858,0
Unvalidated,2024010496800,2024,010496800,2,1,0,18,5,1,0,1,0,0,0,0,3,1,4,1,16,4,-1,-1,-1,-1,2,1,E01002606,0
Unvalidated,2024010496801,2024,010496801,1,9,0,99,9,9,99,9,9,99,9,99,2,9,6,2,44,7,-1,-1,-1,-1,7,1,E01001600,0
Unvalidated,2024010496801,2024,010496801,2,4,0,99,9,9,99,9,9,99,9,99,2,1,6,3,-1,-1,-1,-1,-1,-1,-1,-1,-1,0
Unvalidated,2024010496802,2024,010496802,1,1,9,99,9,9,99,9,9,99,9,99,9,1,6,1,52,8,-1,-1,-1,-1,5,1,E01004644,0
Unvalidated,2024010496802,2024,010496802,2,9,0,99,9,9,99,9,9,99,9,99,1,9,6,3,49,8,-1,-1,-1,-1,9,1,E01003011,0
Unvalidated,2024010496804,2024,010496804,1,1,9,99,9,9,99,9,9,99,9,99,1,1,2,1,32,6,-1,-1,-1,-1,4,1,E01003031,0
Unvalidated,2024010496804,2024,010496804,2,9,0,99,9,9,99,9,9,99,9,99,9,9,6,3,-1,-1,-1,-1,-1,-1,-1,-1,-1,0
Unvalidated,2024010496807,2024,010496807,1,3,0,99,9,9,99,9,9,99,9,99,9,1,1,1,30,6,-1,-1,-1,-1,3,1,E01000638,0
Unvalidated,2024010496807,2024,010496807,2,9,0,99,9,9,99,9,9,99,9,99,9,9,6,3,-1,-1,-1,-1,-1,-1,-1,-1,-1,0
Unvalidated,2024010496810,2024,010496810,1,9,0,18,5,1,0,1,0,0,0,0,1,1,6,1,50,8,-1,-1,-1,-1,6,1,E01002602,0
Unvalidated,2024010496814,2024,010496814,1,9,0,18,5,1,0,0,0,0,0,0,2,1,6,1,21,5,-1,-1,-1,-1,5,1,E01003312,0
Unvalidated,2024010496814,2024,010496814,2,9,0,18,5,1,0,0,0,0,0,0,2,1,6,1,24,5,-1,-1,-1,-1,-1,-1,-1,0
Unvalidated,2024010496814,2024,010496814,3,9,0,18,5,1,0,0,0,0,0,0,1,1,6,1,23,5,-1,-1,-1,-1,-1,-1,-1,0
Unvalidated,2024010496815,2024,010496815,1,1,9,99,9,9,99,0,9,99,9,99,1,1,6,1,21,5,-1,-1,-1,-1,2,1,E01000785,0
Unvalidated,2024010496815,2024,010496815,2,9,0,99,9,9,99,0,9,99,9,99,1,9,6,3,-1,-1,-1,-1,-1,-1,-1,-1,-1,0
Unvalidated,2024010496818,2024,010496818,1,9,5,99,9,9,0,1,0,0,0,0,9,1,6,1,44,7,-1,-1,-1,-1,3,1,E01003537,0
Unvalidated,2024010496823,2024,010496823,1,9,0,18,3,7,0,8,0,0,0,0,1,1,6,2,27,6,-1,-1,-1,-1,3,1,E01003567,0
Unvalidated,2024010496823,2024,010496823,2,9,0,18,5,1,0,8,0,0,0,0,3,1,6,1,20,4,-1,-1,-1,-1,3,1,E01004411,0
Unvalidated,2024010496827,2024,010496827,1,9,0,8,2,3,0,1,0,0,0,0,3,1,6,1,55,8,-1,-1,-1,-1,4,2,E01015923,0
Unvalidated,2024010496827,2024,010496827,2,9,0,3,3,7,0,1,0,0,0,0,1,1,2,1,41,7,-1,-1,-1,-1,8,1,E01021931,0
Unvalidated,2024010496828,2024,010496828,1,9,0,4,3,7,0,4,0,0,0,0,2,1,6,1,34,6,-1,-1,-1,-1,7,2,E01024437,0
Unvalidated,2024010496828,2024,010496828,2,9,0,8,3,4,0,1,0,0,0,0,1,1,6,3,-1,-1,-1,-1,-1,-1,-1,-1,-1,0
Unvalidated,2024010496830,2024,010496830,1,9,0,99,9,9,99,9,0,0,0,0,9,9,6,3,-1,-1,-1,-1,-1,-1,-1,-1,-1,0
Unvalidated,2024010496836,2024,010496836,1,9,0,9,2,1,0,6,0,0,0,0,1,1,6,1,38,7,-1,-1,-1,-1,5,1,E01002652,0
Unvalidated,2024010496837,2024,010496837,1,9,0,18,7,3,0,0,0,0,0,0,0,1,6,2,68,10,-1,-1,-1,-1,4,1,E01032742,0
Unvalidated,2024010496840,2024,010496840,1,1,9,18,9,9,99,9,9,99,9,99,1,1,2,2,34,6,-1,-1,-1,-1,3,1,E01003164,0
Unvalidated,2024010496840,2024,010496840,2,19,0,7,9,9,99,9,9,99,9,99,9,9,6,3,48,8,-1,-1,-1,-1,4,1,E01001002,0
Unvalidated,2024010496841,2024,010496841,1,3,0,99,9,9,0,8,0,0,9,0,9,1,6,2,28,6,-1,-1,-1,-1,2,1,E01001560,0
Unvalidated,2024010496841,2024,010496841,2,9,0,99,9,9,0,8,0,0,9,0,9,9,6,3,-1,-1,-1,-1,-1,-1,-1,-1,-1,0
Unvalidated,2024010496843,2024,010496843,1,9,0,9,1,7,0,1,0,0,0,0,1,1,6,2,35,6,-1,-1,-1,-1,5,1,E01016158,0
Unvalidated,2024010496843,2024,010496843,2,9,0,18,5,1,0,4,0,0,0,0,1,1,6,2,33,6,-1,-1,-1,-1,4,1,E01000792,0
Unvalidated,2024010496845,2024,010496845,1,3,0,99,9,9,99,9,9,99,9,99,2,1,6,1,27,6,-1,-1,-1,-1,2,1,E01001011,0
Unvalidated,2024010496845,2024,010496845,2,9,0,99,9,9,99,9,9,99,9,99,1,9,6,3,-1,-1,-1,-1,-1,-1,-1,-1,-1,0
Unvalidated,2024010496846,2024,010496846,1,9,0,18,1,5,0,5,0,0,0,0,1,1,6,2,74,10,-1,-1,-1,-1,-1,-1,-1,0
Unvalidated,2024010496848,2024,010496848,1,9,0,2,0,0,0,1,0,0,0,0,4,1,6,3,-1,-1,-1,-1,-1,-1,-1,-1,-1,0
Unvalidated,2024010496848,2024,010496848,2,9,0,18,5,1,0,1,0,0,0,0,4,1,6,2,78,11,-1,-1,-1,-1,7,1,E01002223,0
Unvalidated,2024010496852,2024,010496852,1,9,0,1,9,9,99,0,9,99,9,99,2,9,6,3,-1,-1,-1,-1,-1,-1,-1,-1,-1,0
Unvalidated,2024010496854,2024,010496854,1,9,0,9,4,2,0,1,0,0,0,0,3,1,6,2,46,8,-1,-1,-1,-1,2,1,E01003256,0
Unvalidated,2024010496854,2024,010496854,2,4,0,18,8,4,0,1,0,0,0,0,1,1,6,1,48,8,-1,-1,-1,-1,7,1,E01000714,0
Unvalidated,2024010496859,2024,010496859,1,1,9,99,9,9,99,9,9,99,9,99,9,1,2,2,25,5,-1,-1,-1,-1,3,1,E01004202,0
Unvalidated,2024010496859,2024,010496859,2,19,0,99,9,9,99,9,9,99,9,99,9,9,6,1,28,6,-1,-1,-1,-1,2,1,E01000096,0
Unvalidated,2024010496860,2024,010496860,1,4,0,18,5,1,0,0,0,0,0,0,1,1,6,1,-1,-1,-1,-1,-1,-1,4,1,E01015957,0
Unvalidated,2024010496862,2024,010496862,1,9,0,99,9,9,99,9,9,99,9,99,2,9,2,2,54,8,-1,-1,-1,-1,9,1,E01021788,0
Unvalidated,2024010496862,2024,010496862,2,19,0,99,9,9,99,9,9,99,9,99,2,9,6,3,-1,-1,-1,-1,-1,-1,8,1,E01002975,0
Unvalidated,2024010496865,2024,010496865,1,11,0,4,1,5,0,0,0,0,0,0,4,1,1,1,34,6,-1,-1,-1,-1,6,1,E01031554,0
Unvalidated,2024010496866,2024,010496866,1,9,0,99,9,9,99,9,9,99,9,99,9,9,6,1,54,8,-1,-1,-1,-1,7,1,W01001017,0
Unvalidated,2024010496866,2024,010496866,2,9,0,99,9,9,99,9,9,99,9,99,9,9,6,3,-1,-1,-1,-1,-1,-1,-1,-1,-1,0
Unvalidated,2024010496872,2024,010496872,1,1,9,99,9,9,99,9,9,99,9,99,1,1,6,2,28,6,-1,-1,-1,-1,4,1,E01001353,0
Unvalidated,2024010496873,2024,010496873,1,11,0,18,5,1,2,0,0,0,0,0,0,1,1,1,42,7,-1,-1,-1,-1,6,1,E01003843,0
Unvalidated,2024010496876,2024,010496876,1,9,0,6,5,5,0,8,0,0,0,0,3,1,6,1,27,6,-1,-1,-1,-1,8,1,E01024385,0
Unvalidated,2024010496876,2024,010496876,2,9,0,18,5,1,0,8,0,0,0,0,1,1,6,1,44,7,-1,-1,-1,-1,7,1,E01000387,0
Unvalidated,2024010496880,2024,010496880,1,1,9,99,9,9,99,0,9,99,9,99,9,1,3,1,14,3,-1,-1,-1,-1,8,1,E01001211,0
Unvalidated,2024010496880,2024,010496880,2,9,0,99,9,9,99,0,9,99,9,99,9,9,6,3,-1,-1,-1,-1,-1,-1,-1,-1,-1,0
Unvalidated,2024010496882,2024,010496882,1,9,0,9,7,6,0,1,0,0,0,0,1,1,6,1,37,7,-1,-1,-1,-1,-1,-1,-1,0
Unvalidated,2024010496882,2024,010496882,2,3,0,18,1,5,0,1,0,0,0,0,1,1,6,1,23,5,-1,-1,-1,-1,-1,-1,-1,0
Unvalidated,2024010496883,2024,010496883,1,11,0,5,1,5,2,1,0,0,0,0,0,1,1,1,38,7,-1,-1,-1,-1,1,1,E01003048,0
Unvalidated,2024010496890,2024,010496890,1,9,0,99,9,9,99,9,9,99,9,99,1,9,6,3,-1,-1,-1,-1,-1,-1,-1,-1,-1,0
Unvalidated,2024010496891,2024,010496891,1,1,9,99,9,9,99,9,9,99,9,99,1,1,2,1,52,8,-1,-1,-1,-1,10,1,E01003835,0
Unvalidated,2024010496891,2024,010496891,2,9,0,99,9,9,99,9,9,99,9,99,1,9,6,1,64,9,-1,-1,-1,-1,9,1,E01003892,0
Unvalidated,2024010496894,2024,010496894,1,9,0,7,4,6,0,2,0,0,0,0,3,1,6,1,31,6,-1,-1,-1,-1,-1,-1,-1,0
Unvalidated,2024010496894,2024,010496894,2,1,0,18,6,2,0,1,0,4,0,0,4,1,6,1,24,5,-1,-1,-1,-1,2,1,E01004460,0
Unvalidated,2024010496898,2024,010496898,1,9,0,18,1,5,9,2,0,10,7,4,1,1,6,1,43,7,-1,-1,-1,-1,5,1,E01003435,0
Unvalidated,2024010496901,2024,010496901,1,9,0,17,3,1,0,2,1,0,0,0,1,1,6,1,24,5,-1,-1,-1,-1,-1,-1,-1,0
Unvalidated,2024010496907,2024,010496907,1,9,0,18,3,7,0,0,1,4,0,0,1,1,6,1,52,8,-1,-1,-1,-1,6,1,E01032567,0
Unvalidated,2024010496907,2024,010496907,2,9,0,2,0,0,0,0,0,0,7,0,4,1,6,3,-1,-1,-1,-1,-1,-1,-1,-1,-1,0
Unvalidated,2024010496907,2024,010496907,3,9,0,2,0,0,0,0,0,0,0,0,0,1,6,3,-1,-1,-1,-1,-1,-1,-1,-1,-1,0
Unvalidated,2024010496907,2024,010496907,4,9,0,2,0,0,0,0,0,0,0,0,0,1,6,3,-1,-1,-1,-1,-1,-1,-1,-1,-1,0
Unvalidated,2024010496912,2024,010496912,1,9,0,6,7,7,0,2,0,0,0,0,2,1,6,1,45,7,-1,-1,-1,-1,2,1,E01003768,0
Unvalidated,2024010496912,2024,010496912,2,9,0,18,3,7,0,2,0,0,0,0,1,1,2,1,29,6,-1,-1,-1,-1,-1,-1,-1,0
Unvalidated,2024010496913,2024,010496913,1,9,0,7,1,3,0,8,0,0,0,0,1,1,6,2,23,5,-1,-1,-1,-1,1,1,E01004382,0
Unvalidated,2024010496913,2024,010496913,2,1,0,18,1,5,0,8,5,0,0,0,2,1,2,2,30,6,-1,-1,-1,-1,3,1,E01001170,0
Unvalidated,2024010496914,2024,010496914,1,3,0,18,2,6,0,1,0,0,0,0,1,1,6,1,24,5,-1,-1,-1,-1,1,1,E01000508,0
Unvalidated,2024010496914,2024,010496914,2,4,0,10,6,3,0,1,0,0,0,0,0,1,6,1,35,6,-1,-1,-1,-1,5,1,E01000564,0
Unvalidated,2024010496915,2024,010496915,1,9,0,5,0,1,0,2,0,0,0,0,1,1,6,1,18,4,-1,-1,-1,-1,3,1,E01004406,0
Unvalidated,2024010496915,2024,010496915,2,9,0,13,5,1,0,1,0,0,0,0,4,1,6,2,42,7,-1,-1,-1,-1,1,1,E01003207,0
Unvalidated,2024010496920,2024,010496920,1,5,0,17,2,6,0,8,1,0,1,10,1,1,6,1,31,6,-1,-1,-1,-1,5,1,E01000911,0
Unvalidated,2024010496920,2024,010496920,2,9,0,17,2,6,0,1,0,0,0,0,0,1,6,1,34,6,-1,-1,-1,-1,7,1,E01001343,0
Unvalidated,2024010496925,2024,010496925,1,8,0,99,9,9,99,0,9,0,0,0,2,9,6,3,-1,-1,-1,-1,-1,-1,-1,-1,-1,0
Unvalidated,2024010496925,2024,010496925,2,9,9,3,5,1,99,0,9,0,0,0,1,9,6,3,-1,-1,-1,-1,-1,-1,-1,-1,-1,0
Unvalidated,2024010496928,2024,010496928,1,3,0,99,9,9,99,1,9,99,9,99,1,1,1,1,37,7,-1,-1,-1,-1,2,1,E01003243,0
Unvalidated,2024010496928,2024,010496928,2,9,0,99,9,9,99,5,9,99,9,99,9,9,6,3,-1,-1,-1,-1,-1,-1,-1,-1,-1,0
Unvalidated,2024010496935,2024,010496935,1,9,0,17,3,7,0,3,0,0,0,0,2,1,1,1,43,7,-1,-1,-1,-1,8,1,E01002252,0
Unvalidated,2024010496935,2024,010496935,2,9,0,18,3,7,0,3,0,0,0,0,1,1,2,2,49,8,-1,-1,-1,-1,5,1,E01002629,0
Unvalidated,2024010496941,2024,010496941,1,9,0,9,5,2,0,1,0,0,0,0,1,1,6,2,59,9,-1,-1,-1,-1,7,1,E01000963,0
Unvalidated,2024010496941,2024,010496941,2,3,0,18,1,5,0,1,0,0,0,0,1,1,2,1,52,8,-1,-1,-1,-1,10,1,E01023743,0
Unvalidated,2024010496946,2024,010496946,1,9,0,1,7,3,0,0,0,0,0,0,2,1,6,2,35,6,-1,-1,-1,-1,9,1,E01003849,0
Unvalidated,2024010496948,2024,010496948,1,9,0,18,1,5,9,1,1,4,1,11,1,1,6,2,39,7,-1,-1,-1,-1,1,1,E01003192,0
Unvalidated,2024010496948,2024,010496948,2,9,0,2,0,0,0,1,0,0,0,0,1,1,6,3,-1,-1,-1,-1,-1,-1,-1,-1,-1,0
Unvalidated,2024010496948,2024,010496948,3,9,0,2,0,0,0,1,0,0,0,0,1,1,6,3,-1,-1,-1,-1,-1,-1,-1,-1,-1,0
Unvalidated,2024010496953,2024,010496953,1,3,0,99,9,9,99,9,9,99,9,99,9,1,1,3,23,5,-1,-1,-1,-1,5,1,E01003130,0
Unvalidated,2024010496953,2024,010496953,2,9,0,99,9,9,99,9,9,99,9,99,1,9,6,3,-1,-1,-1,-1,-1,-1,-1,-1,-1,0
Unvalidated,2024010496955,2024,010496955,1,3,0,99,9,9,99,9,9,99,9,99,1,1,2,1,31,6,-1,-1,-1,-1,6,1,E01000541,0
Unvalidated,2024010496955,2024,010496955,2,9,0,99,9,9,99,9,9,99,9,99,9,9,6,3,-1,-1,-1,-1,-1,-1,-1,-1,-1,0
Unvalidated,2024010496956,2024,010496956,1,9,0,4,8,4,0,1,0,0,0,0,0,1,6,2,40,7,-1,-1,-1,-1,4,1,E01000558,0
Unvalidated,2024010496956,2024,010496956,2,3,0,18,1,5,0,1,0,0,0,0,1,1,6,1,32,6,-1,-1,-1,-1,5,1,E01000142,0
Unvalidated,2024010496957,2024,010496957,1,9,0,7,5,7,0,2,0,0,0,0,0,1,3,1,43,7,-1,-1,-1,-1,9,1,E01002116,0
Unvalidated,2024010496960,2024,010496960,1,9,0,4,7,3,0,0,0,0,0,0,0,1,1,1,40,7,-1,-1,-1,-1,-1,-1,-1,0
Unvalidated,2024010496960,2024,010496960,2,1,0,18,7,3,0,0,0,8,0,0,1,1,2,1,30,6,-1,-1,-1,-1,-1,-1,-1,0
Unvalidated,2024010496961,2024,010496961,1,1,9,99,9,9,99,9,9,99,9,99,9,1,2,1,58,9,-1,-1,-1,-1,3,1,E01004329,0
Unvalidated,2024010496961,2024,010496961,2,9,0,99,9,9,99,9,9,99,9,99,1,9,6,3,-1,-1,-1,-1,-1,-1,2,1,E01001785,0
Unvalidated,2024010496967,2024,010496967,1,3,0,99,9,9,99,9,9,99,9,99,9,1,1,2,29,6,-1,-1,-1,-1,3,1,E01003143,0
Unvalidated,2024010496967,2024,010496967,2,9,0,99,9,9,99,9,9,99,9,99,9,9,6,3,-1,-1,-1,-1,-1,-1,-1,-1,-1,0
Unvalidated,2024010496969,2024,010496969,1,9,0,18,5,1,0,1,0,0,0,0,1,1,6,1,26,6,-1,-1,-1,-1,1,1,E01002800,0
Unvalidated,2024010496969,2024,010496969,2,1,0,18,1,5,0,1,0,0,0,0,1,1,1,1,19,4,-1,-1,-1,-1,2,1,E01000863,0
Unvalidated,2024010496972,2024,010496972,1,9,0,99,9,9,99,0,9,99,9,99,9,9,2,1,22,5,-1,-1,-1,-1,3,1,E01003536,0
Unvalidated,2024010496975,2024,010496975,1,9,0,99,9,9,99,9,9,99,9,99,2,9,6,2,54,8,-1,-1,-1,-1,5,1,E01032789,0
Unvalidated,2024010496975,2024,010496975,2,9,0,99,9,9,99,9,9,99,9,99,2,9,6,3,-1,-1,-1,-1,-1,-1,-1,-1,-1,0
Unvalidated,2024010496976,2024,010496976,1,3,0,99,9,9,99,9,9,99,9,99,9,1,1,1,27,6,-1,-1,-1,-1,5,1,E01000994,0
Unvalidated,2024010496976,2024,010496976,2,9,0,99,9,9,99,9,9,99,9,99,9,9,6,3,-1,-1,-1,-1,-1,-1,-1,-1,-1,0
Unvalidated,2024010496977,2024,010496977,1,1,9,99,9,9,99,9,9,99,9,99,9,1,2,2,26,6,-1,-1,-1,-1,6,1,E01003397,0
Unvalidated,2024010496977,2024,010496977,2,8,0,99,9,9,99,9,9,99,9,99,1,9,6,3,-1,-1,-1,-1,-1,-1,4,1,E01004614,0
Unvalidated,2024010496982,2024,010496982,1,3,0,99,9,9,99,9,9,99,9,99,9,1,6,3,30,6,-1,-1,-1,-1,2,1,E01001014,0
Unvalidated,2024010496982,2024,010496982,2,9,0,99,9,9,99,9,9,99,9,99,9,9,6,3,-1,-1,-1,-1,-1,-1,-1,-1,-1,0
Unvalidated,2024010496983,2024,010496983,1,3,0,99,9,9,99,9,9,99,9,99,1,1,2,1,29,6,-1,-1,-1,-1,3,1,E01001638,0
Unvalidated,2024010496983,2024,010496983,2,9,0,99,9,9,99,9,9,99,9,99,9,9,6,3,34,6,-1,-1,-1,-1,-1,-1,-1,0
Unvalidated,2024010496989,2024,010496989,1,19,0,3,1,5,0,1,0,0,0,0,2,1,1,1,24,5,-1,-1,-1,-1,5,1,E01002183,0
Unvalidated,2024010496989,2024,010496989,2,19,0,3,1,5,0,1,0,0,0,0,1,1,6,3,-1,-1,-1,-1,-1,-1,-1,-1,-1,0
Unvalidated,2024010496991,2024,010496991,1,3,0,99,9,9,99,9,9,99,9,99,1,1,1,3,25,5,-1,-1,-1,-1,4,1,E01023333,0
Unvalidated,2024010496991,2024,010496991,2,9,0,99,9,9,99,9,9,99,9,99,9,9,6,3,-1,-1,-1,-1,-1,-1,-1,-1,-1,0
Unvalidated,2024010496994,2024,010496994,1,1,9,99,9,9,99,9,9,99,9,99,9,1,6,1,36,7,-1,-1,-1,-1,2,1,E01002003,0
Unvalidated,2024010496996,2024,010496996,1,9,9,18,5,1,0,3,9,99,0,0,3,9,6,3,-1,-1,-1,-1,-1,-1,-1,-1,-1,0
Unvalidated,2024010497003,2024,010497003,1,23,0,99,9,9,99,0,9,99,9,99,9,9,2,1,25,5,-1,-1,-1,-1,8,1,E01021766,0
Unvalidated,2024010497003,2024,010497003,2,9,0,99,9,9,99,0,9,99,9,99,9,9,6,3,-1,-1,-1,-1,-1,-1,-1,-1,-1,0
Unvalidated,2024010497004,2024,010497004,1,11,0,18,3,7,0,8,0,0,0,0,1,1,1,1,38,7,-1,-1,-1,-1,5,1,E01015992,0
Unvalidated,2024010497004,2024,010497004,2,9,0,6,3,3,0,8,0,0,0,0,3,1,6,3,-1,-1,-1,-1,-1,-1,-1,-1,-1,0
Unvalidated,2024010497009,2024,010497009,1,3,0,99,9,9,99,9,9,99,9,99,9,1,1,1,40,7,-1,-1,-1,-1,7,1,E01024129,0
Unvalidated,2024010497009,2024,010497009,2,9,0,99,9,9,99,9,9,99,9,99,9,9,6,3,-1,-1,-1,-1,-1,-1,-1,-1,-1,0
Unvalidated,2024010497011,2024,010497011,1,9,0,18,8,4,0,2,0,0,0,0,1,1,2,2,38,7,-1,-1,-1,-1,7,1,E01000683,0
Unvalidated,2024010497011,2024,010497011,2,9,0,18,4,8,0,1,0,0,0,0,1,1,6,2,44,7,-1,-1,-1,-1,7,1,E01000683,0
Unvalidated,2024010497013,2024,010497013,1,4,0,18,1,5,0,0,0,0,0,0,1,1,1,1,49,8,-1,-1,-1,-1,8,1,E01000669,0
Unvalidated,2024010497014,2024,010497014,1,9,0,9,3,8,0,8,0,0,0,0,4,1,6,1,41,7,-1,-1,-1,-1,2,1,E01004253,0
Unvalidated,2024010497014,2024,010497014,2,3,0,18,7,3,2,1,5,0,0,0,1,1,1,1,25,5,-1,-1,-1,-1,2,1,E01003712,0
Unvalidated,2024010497017,2024,010497017,1,8,0,99,9,9,99,9,9,99,9,99,9,9,6,1,43,7,-1,-1,-1,-1,2,1,E01003346,0
Unvalidated,2024010497019,2024,010497019,1,3,0,99,9,9,99,9,9,99,9,99,9,1,6,1,37,7,-1,-1,-1,-1,7,1,E01024317,0
Unvalidated,2024010497019,2024,010497019,2,9,0,99,9,9,99,9,9,99,9,99,9,9,6,3,-1,-1,-1,-1,-1,-1,-1,-1,-1,0
Unvalidated,2024010497027,2024,010497027,1,3,0,99,9,9,99,1,9,99,9,99,1,9,1,1,30,6,-1,-1,-1,-1,2,1,E01001113,0
Unvalidated,2024010497027,2024,010497027,2,9,0,99,9,9,99,6,9,99,9,99,9,9,6,1,50,8,-1,-1,-1,-1,5,1,E01004482,0
Unvalidated,2024010497028,2024,010497028,1,19,0,1,1,5,0,5,0,11,0,0,2,1,6,1,57,9,-1,-1,-1,-1,5,1,E01000583,0
Unvalidated,2024010497029,2024,010497029,1,9,0,9,5,3,0,2,0,0,0,0,1,1,2,1,42,7,-1,-1,-1,-1,5,1,E01000037,0
Unvalidated,2024010497032,2024,010497032,1,9,0,9,2,7,0,8,0,0,0,0,1,1,6,2,66,10,-1,-1,-1,-1,10,1,E01000682,0
Unvalidated,2024010497032,2024,010497032,2,9,0,18,1,5,0,8,0,0,0,0,1,1,6,1,56,9,-1,-1,-1,-1,6,1,E01000677,0
Unvalidated,2024010497033,2024,010497033,1,1,9,99,9,9,99,9,9,99,9,99,9,1,2,1,34,6,-1,-1,-1,-1,3,1,E01004443,0
Unvalidated,2024010497033,2024,010497033,2,98,0,99,9,9,99,9,9,99,9,99,1,9,6,3,-1,-1,-1,-1,-1,-1,-1,-1,-1,0
Unvalidated,2024010497034,2024,010497034,1,90,0,18,1,5,0,1,0,0,0,0,3,1,1,1,52,8,-1,-1,-1,-1,6,1,E01023518,0
Unvalidated,2024010497034,2024,010497034,2,1,0,13,3,7,0,1,0,0,0,0,3,1,4,1,9,2,-1,-1,-1,-1,3,1,E01002104,0
Unvalidated,2024010497037,2024,010497037,1,9,0,99,9,9,99,9,9,99,9,99,2,9,6,1,26,6,-1,-1,-1,-1,2,1,E01003601,0
Unvalidated,2024010497040,2024,010497040,1,5,0,18,7,3,0,2,0,0,1,0,3,1,6,1,49,8,-1,-1,-1,-1,10,1,E01024474,0
Unvalidated,2024010497040,2024,010497040,2,19,0,9,5,3,0,6,0,0,0,0,3,1,6,1,35,6,-1,-1,-1,-1,-1,-1,-1,0
Unvalidated,2024010497043,2024,010497043,1,11,0,5,3,7,0,3,0,0,0,0,0,1,1,1,22,5,-1,-1,-1,-1,2,1,E01000016,0