status,collision_index,collision_year,collision_reference,vehicle_reference,vehicle_type,towing_and_articulation,vehicle_manoeuvre,vehicle_direction_from,vehicle_direction_to,vehicle_location_restricted_lane,junction_location,skidding_and_overturning,hit_object_in_carriageway,vehicle_leaving_carriageway,hit_object_off_carriageway,first_point_of_impact,vehicle_left_hand_drive,journey_purpose_of_driver,sex_of_driver,age_of_driver,age_band_of_driver,engine_capacity_cc,propulsion_code,age_of_vehicle,generic_make_model,driver_imd_decile,driver_home_area_type,lsoa_of_driver,escooter_flag
Unvalidated,2024010497047,2024,010497047,1,9,0,9,6,3,0,1,0,0,0,0,0,1,1,1,24,5,-1,-1,-1,-1,3,1,E01033594,0
Unvalidated,2024010497047,2024,010497047,2,1,0,18,6,2,0,1,0,0,0,0,1,1,6,1,18,4,-1,-1,-1,-1,2,1,E01002045,0
Unvalidated,2024010497048,2024,010497048,1,9,9,99,9,9,99,9,9,99,9,99,9,9,6,3,-1,-1,-1,-1,-1,-1,-1,-1,-1,0
Unvalidated,2024010497050,2024,010497050,1,9,0,18,3,7,0,1,0,0,0,0,1,1,2,2,49,8,-1,-1,-1,-1,5,1,E01015928,0
Unvalidated,2024010497050,2024,010497050,2,19,0,9,1,7,0,6,0,0,0,0,1,1,6,3,-1,-1,-1,-1,-1,-1,-1,-1,-1,0
Unvalidated,2024010497051,2024,010497051,1,11,0,9,1,7,0,8,0,0,0,0,1,1,1,1,27,6,-1,-1,-1,-1,4,1,E01003530,0
Unvalidated,2024010497058,2024,010497058,1,9,0,18,7,3,0,3,0,0,0,0,0,1,6,3,34,6,-1,-1,-1,-1,2,1,E01000100,0
Unvalidated,2024010497068,2024,010497068,1,5,0,18,7,3,0,0,0,0,0,0,1,1,6,1,36,7,-1,-1,-1,-1,5,1,E01016015,0
Unvalidated,2024010497069,2024,010497069,1,9,0,18,1,5,0,2,0,0,0,0,1,1,6,2,32,6,-1,-1,-1,-1,6,1,E01001040,0
Unvalidated,2024010497069,2024,010497069,2,3,0,18,5,1,0,1,1,0,0,0,1,1,2,1,53,8,-1,-1,-1,-1,3,1,E01001147,0
Unvalidated,2024010497069,2024,010497069,3,9,0,18,5,1,0,1,0,0,0,0,3,1,2,2,34,6,-1,-1,-1,-1,2,1,E01000990,0
Unvalidated,2024010497070,2024,010497070,1,1,9,99,9,9,99,9,9,99,9,99,2,1,6,1,14,3,-1,-1,-1,-1,3,1,E01003639,0
Unvalidated,2024010497070,2024,010497070,2,9,0,99,9,9,99,9,9,99,9,99,1,9,6,3,-1,-1,-1,-1,-1,-1,3,1,E01003639,0
Unvalidated,2024010497073,2024,010497073,1,3,0,99,9,9,99,1,9,99,9,99,9,1,6,1,24,5,-1,-1,-1,-1,3,1,E01001240,0
Unvalidated,2024010497073,2024,010497073,2,9,0,99,9,9,99,6,9,99,9,99,1,9,6,3,31,6,-1,-1,-1,-1,9,1,E01030706,0
Unvalidated,2024010497080,2024,010497080,1,3,9,99,9,9,99,9,9,99,9,99,9,1,6,1,30,6,-1,-1,-1,-1,1,1,E01002066,0
Unvalidated,2024010497080,2024,010497080,2,9,9,99,9,9,99,9,9,99,9,99,9,1,6,3,-1,-1,-1,-1,-1,-1,-1,-1,-1,0
Unvalidated,2024010497084,2024,010497084,1,9,0,99,9,9,99,9,9,99,9,99,2,9,6,2,49,8,-1,-1,-1,-1,8,1,E01000371,0
Unvalidated,2024010497084,2024,010497084,2,9,0,99,9,9,99,9,9,99,9,99,1,9,6,3,28,6,-1,-1,-1,-1,5,1,E01000454,0
Unvalidated,2024010497088,2024,010497088,1,9,0,12,5,1,0,0,0,0,5,4,1,1,6,2,52,8,-1,-1,-1,-1,2,1,E01000739,0
Unvalidated,2024010497090,2024,010497090,1,9,0,18,2,6,0,0,0,0,0,0,3,1,6,1,22,5,-1,-1,-1,-1,5,1,E01001068,0
Unvalidated,2024010497090,2024,010497090,2,9,0,6,2,2,0,0,0,0,0,0,1,1,6,3,-1,-1,-1,-1,-1,-1,-1,-1,-1,0
Unvalidated,2024010497091,2024,010497091,1,9,0,18,6,2,0,0,0,0,0,0,1,1,2,1,28,6,-1,-1,-1,-1,1,1,E01004382,0
Unvalidated,2024010497091,2024,010497091,2,9,0,4,2,6,0,0,0,0,0,0,1,1,6,1,30,6,-1,-1,-1,-1,4,1,E01004380,0
Unvalidated,2024010497096,2024,010497096,1,9,0,18,5,1,0,8,0,10,3,11,1,1,6,1,33,6,-1,-1,-1,-1,8,1,E01002534,0
Unvalidated,2024010497102,2024,010497102,1,9,0,18,3,7,0,8,0,0,0,0,1,1,6,1,54,8,-1,-1,-1,-1,2,1,E01015725,0
Unvalidated,2024010497102,2024,010497102,2,9,0,18,1,5,0,1,0,11,0,0,4,1,6,1,22,5,-1,-1,-1,-1,7,1,E01001069,0
Unvalidated,2024010497104,2024,010497104,1,9,0,18,3,7,0,2,1,10,0,0,4,1,6,1,24,5,-1,-1,-1,-1,5,1,E01000631,0
Unvalidated,2024010497104,2024,010497104,2,9,0,18,7,3,0,2,0,0,0,0,1,1,2,1,32,6,-1,-1,-1,-1,-1,-1,-1,0
Unvalidated,2024010497104,2024,010497104,3,8,0,99,9,9,99,9,9,99,9,99,9,1,6,1,69,10,-1,-1,-1,-1,4,1,E01000497,0
Unvalidated,2024010497104,2024,010497104,4,9,0,18,3,7,1,2,0,99,0,0,1,1,2,1,44,7,-1,-1,-1,-1,4,1,E01000472,0
Unvalidated,2024010497120,2024,010497120,1,9,0,5,1,5,0,2,0,0,0,0,4,1,2,2,37,7,-1,-1,-1,-1,6,1,E01001245,0
Unvalidated,2024010497120,2024,010497120,2,9,0,18,7,3,0,8,0,0,0,0,4,1,6,2,41,7,-1,-1,-1,-1,-1,-1,-1,0
Unvalidated,2024010497125,2024,010497125,1,9,0,99,9,9,99,9,9,99,9,99,1,9,6,3,-1,-1,-1,-1,-1,-1,-1,-1,-1,0
Unvalidated,2024010497126,2024,010497126,1,4,0,99,9,9,99,9,9,99,9,99,9,1,1,1,34,6,-1,-1,-1,-1,2,1,E01003502,0
Unvalidated,2024010497126,2024,010497126,2,9,0,99,9,9,99,9,9,99,9,99,9,9,6,3,-1,-1,-1,-1,-1,-1,-1,-1,-1,0
Unvalidated,2024010497132,2024,010497132,1,5,0,17,5,2,0,1,0,10,0,0,1,1,6,3,-1,-1,-1,-1,-1,-1,-1,-1,-1,0
Unvalidated,2024010497135,2024,010497135,1,3,0,99,9,9,99,9,9,99,9,99,1,1,1,1,31,6,-1,-1,-1,-1,2,1,E01001980,0
Unvalidated,2024010497135,2024,010497135,2,9,9,99,9,9,99,9,9,99,9,99,9,9,6,3,-1,-1,-1,-1,-1,-1,-1,-1,-1,0
Unvalidated,2024010497136,2024,010497136,1,9,0,18,5,1,0,0,0,0,0,0,2,1,6,1,25,5,-1,-1,-1,-1,4,1,E01023883,0
Unvalidated,2024010497136,2024,010497136,2,9,0,18,5,1,0,0,0,0,0,0,1,1,6,1,19,4,-1,-1,-1,-1,5,1,E01023411,0
Unvalidated,2024010497136,2024,010497136,3,9,0,18,5,1,0,0,0,0,0,0,1,1,6,1,21,5,-1,-1,-1,-1,3,1,E01023873,0
Unvalidated,2024010497136,2024,010497136,4,19,0,18,1,5,0,0,0,0,0,0,1,1,6,1,51,8,-1,-1,-1,-1,10,1,E01023810,0
Unvalidated,2024010497137,2024,010497137,1,9,0,99,9,9,99,9,9,99,9,99,9,9,6,1,30,6,-1,-1,-1,-1,5,1,E01003142,0
Unvalidated,2024010497137,2024,010497137,2,9,0,99,9,9,99,9,9,99,9,99,9,9,6,3,-1,-1,-1,-1,-1,-1,-1,-1,-1,0
Unvalidated,2024010497143,2024,010497143,1,3,0,99,9,9,99,9,9,99,9,99,1,1,1,1,26,6,-1,-1,-1,-1,4,1,E01001444,0
Unvalidated,2024010497143,2024,010497143,2,9,0,99,9,9,99,9,9,99,9,99,1,9,6,3,-1,-1,-1,-1,-1,-1,-1,-1,-1,0
Unvalidated,2024010497149,2024,010497149,1,3,0,99,9,9,99,9,9,99,9,99,1,1,1,3,-1,-1,-1,-1,-1,-1,3,1,E01000929,0
Unvalidated,2024010497149,2024,010497149,2,9,0,99,9,9,99,9,9,99,9,99,9,9,6,3,-1,-1,-1,-1,-1,-1,-1,-1,-1,0
Unvalidated,2024010497151,2024,010497151,1,5,0,17,3,8,0,0,0,0,0,0,1,1,6,1,43,7,-1,-1,-1,-1,-1,-1,-1,0
Unvalidated,2024010497151,2024,010497151,2,9,0,17,3,8,0,0,0,0,2,1,1,1,6,1,38,7,-1,-1,-1,-1,5,1,E01000629,0
Unvalidated,2024010497153,2024,010497153,1,3,0,99,9,9,99,9,9,99,9,99,9,1,1,1,27,6,-1,-1,-1,-1,4,1,E01002754,0
Unvalidated,2024010497153,2024,010497153,2,9,0,99,9,9,99,9,9,99,9,99,9,9,6,3,-1,-1,-1,-1,-1,-1,-1,-1,-1,0
Unvalidated,2024010497157,2024,010497157,1,3,0,99,9,9,99,9,9,99,9,99,1,1,1,1,41,7,-1,-1,-1,-1,5,1,E01003142,0
Unvalidated,2024010497157,2024,010497157,2,9,0,99,9,9,99,9,9,99,9,99,9,9,6,3,-1,-1,-1,-1,-1,-1,-1,-1,-1,0
Unvalidated,2024010497158,2024,010497158,1,3,0,99,9,9,99,9,9,99,9,99,9,1,2,1,29,6,-1,-1,-1,-1,4,2,E01023192,0
Unvalidated,2024010497158,2024,010497158,2,9,0,99,9,9,99,9,9,99,9,99,9,9,6,3,-1,-1,-1,-1,-1,-1,-1,-1,-1,0
Unvalidated,2024010497163,2024,010497163,1,3,0,99,9,9,99,9,9,99,9,99,9,1,1,3,31,6,-1,-1,-1,-1,2,1,E01001193,0
Unvalidated,2024010497163,2024,010497163,2,9,9,99,9,9,99,9,9,99,9,99,9,9,6,3,-1,-1,-1,-1,-1,-1,-1,-1,-1,0
Unvalidated,2024010497164,2024,010497164,1,9,0,99,9,9,99,0,9,99,9,99,3,9,6,2,43,7,-1,-1,-1,-1,7,1,E01000493,0
Unvalidated,2024010497164,2024,010497164,2,9,0,99,9,9,99,0,9,99,9,99,3,9,6,3,-1,-1,-1,-1,-1,-1,-1,-1,-1,0
Unvalidated,2024010497165,2024,010497165,1,9,0,18,5,1,0,1,0,0,0,0,1,1,6,1,56,9,-1,-1,-1,-1,7,1,E01001125,0
Unvalidated,2024010497166,2024,010497166,1,3,0,99,9,9,99,9,9,99,9,99,9,1,1,3,30,6,-1,-1,-1,-1,9,3,E01023964,0
Unvalidated,2024010497166,2024,010497166,2,9,9,99,9,9,99,9,9,99,9,99,9,9,6,3,-1,-1,-1,-1,-1,-1,-1,-1,-1,0
Unvalidated,2024010497167,2024,010497167,1,9,0,9,3,1,0,2,0,0,0,0,1,1,6,1,54,8,-1,-1,-1,-1,2,1,E01004271,0
Unvalidated,2024010497170,2024,010497170,1,9,0,9,3,1,0,5,0,0,1,0,1,1,3,2,40,7,-1,-1,-1,-1,2,1,E01000091,0
Unvalidated,2024010497170,2024,010497170,2,1,0,17,7,3,4,1,0,0,0,0,1,1,2,1,40,7,-1,-1,-1,-1,5,1,E01004370,0
Unvalidated,2024010497171,2024,010497171,1,9,0,7,1,3,0,5,0,0,0,0,4,1,2,1,34,6,-1,-1,-1,-1,3,1,E01001969,0
Unvalidated,2024010497171,2024,010497171,2,1,0,18,1,5,0,1,0,0,0,0,1,1,6,1,18,4,-1,-1,-1,-1,2,1,E01000121,0
Unvalidated,2024010497173,2024,010497173,1,3,0,99,9,9,99,9,9,99,9,99,9,1,1,1,48,8,-1,-1,-1,-1,5,1,E01001542,0
Unvalidated,2024010497173,2024,010497173,2,9,0,99,9,9,99,9,9,99,9,99,9,9,6,3,-1,-1,-1,-1,-1,-1,-1,-1,-1,0
Unvalidated,2024010497174,2024,010497174,1,9,0,99,9,9,99,0,9,99,9,99,9,9,6,1,24,5,-1,-1,-1,-1,4,1,E01004172,0
Unvalidated,2024010497174,2024,010497174,2,9,0,99,9,9,99,0,9,99,9,99,0,9,6,3,-1,-1,-1,-1,-1,-1,-1,-1,-1,0
Unvalidated,2024010497175,2024,010497175,1,19,0,1,5,1,9,8,0,0,0,0,2,1,1,1,32,6,-1,-1,-1,-1,3,1,E01001759,0
Unvalidated,2024010497176,2024,010497176,1,9,0,18,7,3,0,0,0,0,0,0,1,1,6,1,79,11,-1,-1,-1,-1,10,1,E01023885,0
Unvalidated,2024010497177,2024,010497177,1,1,9,99,9,9,99,9,9,99,9,99,9,1,6,1,22,5,-1,-1,-1,-1,8,1,E01002890,0
Unvalidated,2024010497177,2024,010497177,2,3,9,99,9,9,99,9,9,99,9,99,9,1,6,3,-1,-1,-1,-1,-1,-1,-1,-1,-1,0
Unvalidated,2024010497178,2024,010497178,1,1,0,18,8,4,0,1,0,0,0,0,1,1,6,1,39,7,-1,-1,-1,-1,5,1,E01003413,0
Unvalidated,2024010497178,2024,010497178,2,9,0,9,8,5,0,1,0,0,0,0,1,1,6,1,39,7,-1,-1,-1,-1,2,1,E01001744,0
Unvalidated,2024010497181,2024,010497181,1,11,0,5,7,3,0,0,0,0,0,0,0,1,6,1,39,7,-1,-1,-1,-1,3,1,E01002105,0
Unvalidated,2024010497188,2024,010497188,1,9,0,99,9,9,0,9,0,0,0,0,4,9,6,1,48,8,-1,-1,-1,-1,7,3,E01024173,0
Unvalidated,2024010497191,2024,010497191,1,1,9,99,9,9,99,9,9,99,9,99,2,1,6,1,66,10,-1,-1,-1,-1,7,1,E01002965,0
Unvalidated,2024010497191,2024,010497191,2,9,0,99,9,9,99,9,9,99,9,99,1,9,6,3,43,7,-1,-1,-1,-1,3,1,E01000740,0
Unvalidated,2024010497192,2024,010497192,1,3,0,18,4,8,0,1,0,0,3,0,1,1,2,1,25,5,-1,-1,-1,-1,8,1,E01000426,0
Unvalidated,2024010497192,2024,010497192,2,9,0,18,2,6,0,8,0,0,0,0,4,1,6,1,86,11,-1,-1,-1,-1,10,1,E01000423,0
Unvalidated,2024010497194,2024,010497194,1,9,0,18,7,3,0,1,0,0,0,0,1,1,1,1,35,6,-1,-1,-1,-1,-1,-1,-1,0
Unvalidated,2024010497194,2024,010497194,2,9,0,18,7,3,0,1,0,0,0,0,1,1,6,1,32,6,-1,-1,-1,-1,-1,-1,-1,0
Unvalidated,2024010497194,2024,010497194,3,9,0,18,5,1,0,2,0,0,0,0,4,1,6,1,53,8,-1,-1,-1,-1,4,1,E01000504,0
Unvalidated,2024010497195,2024,010497195,1,3,0,99,9,9,99,0,9,99,9,99,1,1,1,3,42,7,-1,-1,-1,-1,5,1,E01000747,0
Unvalidated,2024010497195,2024,010497195,2,9,9,99,9,9,99,0,9,99,9,99,9,9,6,3,-1,-1,-1,-1,-1,-1,-1,-1,-1,0
Unvalidated,2024010497200,2024,010497200,1,3,0,99,9,9,99,9,9,99,9,99,1,1,6,1,25,5,-1,-1,-1,-1,3,1,E01000009,0
Unvalidated,2024010497200,2024,010497200,2,9,0,99,9,9,99,9,9,99,9,99,1,9,6,3,-1,-1,-1,-1,-1,-1,-1,-1,-1,0
Unvalidated,2024010497201,2024,010497201,1,1,9,99,9,9,99,9,9,99,9,99,9,1,2,1,36,7,-1,-1,-1,-1,5,1,E01001718,0
Unvalidated,2024010497201,2024,010497201,2,9,0,99,9,9,99,9,9,99,9,99,1,9,6,3,-1,-1,-1,-1,-1,-1,-1,-1,-1,0
Unvalidated,2024010497204,2024,010497204,1,8,0,99,9,9,99,9,9,99,9,99,9,9,6,3,-1,-1,-1,-1,-1,-1,-1,-1,-1,0
Unvalidated,2024010497205,2024,010497205,1,9,0,3,5,1,0,0,0,0,0,0,3,1,6,1,45,7,-1,-1,-1,-1,3,1,E01000465,0
Unvalidated,2024010497205,2024,010497205,2,3,0,18,5,1,0,0,0,8,0,0,1,1,2,1,36,7,-1,-1,-1,-1,4,1,E01002785,0
Unvalidated,2024010497209,2024,010497209,1,9,0,5,7,3,0,8,0,0,0,0,3,1,2,1,46,8,-1,-1,-1,-1,7,1,E01002337,0
Unvalidated,2024010497209,2024,010497209,2,3,0,11,5,1,0,8,0,0,0,0,1,1,1,1,50,8,-1,-1,-1,-1,3,1,E01004425,0
Unvalidated,2024010497211,2024,010497211,1,8,9,99,9,9,99,9,9,99,9,99,9,9,6,1,76,11,-1,-1,-1,-1,6,1,E01004738,0
Unvalidated,2024010497217,2024,010497217,1,90,0,18,1,5,0,1,0,0,0,0,2,1,1,1,48,8,-1,-1,-1,-1,5,1,E01023384,0
Unvalidated,2024010497220,2024,010497220,1,9,0,99,9,9,99,1,9,99,9,99,2,9,6,2,30,6,-1,-1,-1,-1,6,1,E01001853,0
Unvalidated,2024010497220,2024,010497220,2,9,0,99,9,9,99,1,9,99,9,99,1,9,6,1,20,4,-1,-1,-1,-1,1,1,E01015729,0
Unvalidated,2024010497222,2024,010497222,1,8,0,99,9,9,99,0,9,99,9,99,1,9,1,2,57,9,-1,-1,-1,-1,2,1,E01000523,0
Unvalidated,2024010497225,2024,010497225,1,3,9,3,9,9,99,9,9,99,9,99,2,1,1,1,39,7,-1,-1,-1,-1,8,1,E01000311,0
Unvalidated,2024010497225,2024,010497225,2,9,9,18,9,9,99,9,9,99,9,99,9,9,6,1,-1,-1,-1,-1,-1,-1,9,1,E01000272,0
Unvalidated,2024010497227,2024,010497227,1,11,0,18,8,4,0,0,0,0,0,0,1,1,1,1,47,8,-1,-1,-1,-1,4,1,E01000518,0
Unvalidated,2024010497227,2024,010497227,2,9,0,18,4,8,0,0,2,4,0,0,1,1,6,2,64,9,-1,-1,-1,-1,10,2,E01023581,0
Unvalidated,2024010497227,2024,010497227,3,9,0,2,0,0,0,0,1,4,7,0,2,1,6,3,-1,-1,-1,-1,-1,-1,-1,-1,-1,0
Unvalidated,2024010497231,2024,010497231,1,11,0,5,1,5,0,0,0,0,0,0,0,1,1,1,52,8,-1,-1,-1,-1,3,1,E01000035,0
Unvalidated,2024010497234,2024,010497234,1,9,0,9,5,3,0,8,0,0,0,0,1,1,2,1,46,8,-1,-1,-1,-1,1,1,E01001838,0
Unvalidated,2024010497236,2024,010497236,1,1,9,99,9,9,99,9,9,99,9,99,1,1,2,1,32,6,-1,-1,-1,-1,1,1,E01001430,0
Unvalidated,2024010497236,2024,010497236,2,9,9,18,3,7,99,9,9,99,9,99,9,9,6,3,-1,-1,-1,-1,-1,-1,2,1,E01002090,0
Unvalidated,2024010497237,2024,010497237,1,11,0,5,3,7,0,6,0,0,0,0,0,1,1,1,52,8,-1,-1,-1,-1,3,1,E01000024,0
Unvalidated,2024010497240,2024,010497240,1,9,0,9,7,5,0,3,0,0,0,0,3,1,6,2,44,7,-1,-1,-1,-1,9,1,E01003363,0
Unvalidated,2024010497241,2024,010497241,1,9,0,99,9,9,99,9,9,99,9,99,9,9,6,1,36,7,-1,-1,-1,-1,2,1,E01003313,0
Unvalidated,2024010497242,2024,010497242,1,9,0,18,5,1,0,8,0,0,0,0,4,1,6,1,59,9,-1,-1,-1,-1,10,1,E01003007,0
Unvalidated,2024010497243,2024,010497243,1,1,9,99,9,9,99,9,9,99,9,99,2,1,6,1,20,4,-1,-1,-1,-1,3,1,E01002731,0
Unvalidated,2024010497243,2024,010497243,2,9,0,99,9,9,99,9,9,99,9,99,1,9,6,3,-1,-1,-1,-1,-1,-1,-1,-1,-1,0
Unvalidated,2024010497244,2024,010497244,1,8,0,99,9,9,99,0,9,99,9,99,2,9,6,1,49,8,-1,-1,-1,-1,9,1,E01015939,0
Unvalidated,2024010497244,2024,010497244,2,9,0,99,9,9,99,0,9,99,9,99,1,9,6,3,-1,-1,-1,-1,-1,-1,3,1,E01003525,0
Unvalidated,2024010497246,2024,010497246,1,1,9,99,9,9,99,0,9,8,9,99,1,1,2,1,39,7,-1,-1,-1,-1,5,1,E01033577,0
Unvalidated,2024010497246,2024,010497246,2,10,0,99,9,9,99,0,9,99,9,99,9,9,6,3,-1,-1,-1,-1,-1,-1,-1,-1,-1,0
Unvalidated,2024010497247,2024,010497247,1,9,0,9,3,1,0,6,0,0,0,0,1,1,6,1,52,8,-1,-1,-1,-1,7,1,E01000241,0
Unvalidated,2024010497247,2024,010497247,2,3,0,18,1,5,0,1,0,0,0,0,4,1,6,1,24,5,-1,-1,-1,-1,3,1,E01002048,0
Unvalidated,2024010497248,2024,010497248,1,9,0,99,9,9,99,1,9,99,9,99,2,9,6,2,60,9,-1,-1,-1,-1,6,1,E01015864,0
Unvalidated,2024010497248,2024,010497248,2,1,9,99,9,9,99,1,9,99,9,99,1,1,6,1,-1,-1,-1,-1,-1,-1,2,1,E01004323,0
Unvalidated,2024010497250,2024,010497250,1,11,0,5,5,1,0,1,0,0,0,0,0,1,1,1,34,6,-1,-1,-1,-1,3,1,E01000092,0
Unvalidated,2024010497253,2024,010497253,1,19,0,18,7,3,0,0,0,0,0,0,2,1,6,1,23,5,-1,-1,-1,-1,3,1,E01016154,0
Unvalidated,2024010497253,2024,010497253,2,3,0,11,3,7,0,0,0,0,0,0,1,1,6,1,29,6,-1,-1,-1,-1,-1,-1,-1,0
Unvalidated,2024010497258,2024,010497258,1,9,0,10,6,4,0,1,0,0,0,0,1,1,6,2,36,7,-1,-1,-1,-1,3,1,E01003235,0
Unvalidated,2024010497258,2024,010497258,2,90,0,18,4,8,0,1,0,0,0,0,1,1,3,1,16,4,-1,-1,-1,-1,2,1,E01003324,1
Unvalidated,2024010497259,2024,010497259,1,9,0,9,7,4,2,5,0,0,0,0,4,1,6,1,18,4,-1,-1,-1,-1,3,1,E01000287,0
Unvalidated,2024010497259,2024,010497259,2,5,0,18,1,5,2,1,0,0,0,0,1,1,6,1,53,8,-1,-1,-1,-1,1,1,E01001838,0
Unvalidated,2024010497262,2024,010497262,1,1,9,99,9,9,99,9,9,99,9,99,9,1,6,1,21,5,-1,-1,-1,-1,3,1,E01004038,0
Unvalidated,2024010497262,2024,010497262,2,9,0,99,9,9,99,9,9,99,9,99,9,9,6,3,30,6,-1,-1,-1,-1,3,1,E01004037,0
Unvalidated,2024010497271,2024,010497271,1,9,0,99,9,9,99,9,9,99,9,99,1,9,2,2,31,6,-1,-1,-1,-1,4,1,E01004414,0
Unvalidated,2024010497271,2024,010497271,2,9,0,99,9,9,99,9,9,99,9,99,9,9,6,3,-1,-1,-1,-1,-1,-1,-1,-1,-1,0
Unvalidated,2024010497273,2024,010497273,1,11,0,4,5,1,0,0,0,0,0,0,1,1,1,1,61,9,-1,-1,-1,-1,-1,-1,-1,0
Unvalidated,2024010497274,2024,010497274,1,9,0,18,3,7,0,1,0,0,0,0,1,1,6,2,33,6,-1,-1,-1,-1,4,1,E01001586,0
Unvalidated,2024010497274,2024,010497274,2,9,0,9,1,7,0,2,1,0,0,0,1,1,6,1,24,5,-1,-1,-1,-1,-1,-1,-1,0
Unvalidated,2024010497275,2024,010497275,1,9,0,5,0,1,0,1,0,0,0,0,1,1,6,2,53,8,-1,-1,-1,-1,3,1,E01001920,0
Unvalidated,2024010497275,2024,010497275,2,19,0,5,5,1,0,1,0,0,0,0,0,1,1,2,-1,-1,-1,-1,-1,-1,3,1,E01004734,0
Unvalidated,2024010497275,2024,010497275,3,1,3,5,5,1,0,1,0,0,0,0,2,1,2,1,73,10,-1,-1,-1,-1,3,1,E01003014,0
Unvalidated,2024010497276,2024,010497276,1,9,0,6,3,3,0,0,0,0,0,0,3,1,6,3,-1,-1,-1,-1,-1,-1,2,1,E01001860,0
Unvalidated,2024010497276,2024,010497276,2,1,0,18,3,7,0,0,0,0,0,0,1,1,6,1,25,5,-1,-1,-1,-1,1,1,E01033455,0
Unvalidated,2024010497277,2024,010497277,1,3,0,9,3,8,0,3,0,0,0,0,1,1,1,2,25,5,-1,-1,-1,-1,2,1,E01001692,0
Unvalidated,2024010497277,2024,010497277,2,9,0,9,3,8,0,3,0,0,0,0,1,1,6,1,36,7,-1,-1,-1,-1,3,1,E01021669,0
Unvalidated,2024010497279,2024,010497279,1,11,0,5,3,7,0,8,0,0,0,0,4,1,6,3,-1,-1,-1,-1,-1,-1,-1,-1,-1,0
Unvalidated,2024010497284,2024,010497284,1,9,0,18,1,5,0,8,0,0,0,0,1,1,6,1,33,6,-1,-1,-1,-1,2,1,E01000990,0
Unvalidated,2024010497284,2024,010497284,2,9,0,3,5,1,0,8,0,0,0,0,1,1,2,1,34,6,-1,-1,-1,-1,2,1,E01001181,0
Unvalidated,2024010497284,2024,010497284,3,9,0,3,5,1,0,8,0,0,0,0,1,1,6,1,25,5,-1,-1,-1,-1,6,1,E01000706,0
Unvalidated,2024010497288,2024,010497288,1,3,0,9,4,2,0,8,2,0,0,0,4,1,1,1,33,6,-1,-1,-1,-1,4,1,E01003530,0
Unvalidated,2024010497288,2024,010497288,2,3,0,18,7,3,0,8,5,0,0,0,1,1,1,1,24,5,-1,-1,-1,-1,1,1,E01004257,0
Unvalidated,2024010497290,2024,010497290,1,9,0,18,1,5,0,1,0,0,0,0,1,1,1,1,24,5,-1,-1,-1,-1,2,1,E01001423,0
Unvalidated,2024010497290,2024,010497290,2,1,0,3,3,7,0,1,0,0,0,0,1,1,6,1,43,7,-1,-1,-1,-1,5,1,E01004486,0
Unvalidated,2024010497292,2024,010497292,1,8,0,9,7,5,0,1,0,0,0,0,3,1,1,1,63,9,-1,-1,-1,-1,2,1,E01003991,0
Unvalidated,2024010497292,2024,010497292,2,1,0,13,7,3,0,1,0,0,0,0,1,1,2,1,22,5,-1,-1,-1,-1,-1,-1,-1,0
Unvalidated,2024010497293,2024,010497293,1,1,0,9,1,6,0,1,0,0,0,0,1,1,6,1,41,7,-1,-1,-1,-1,6,1,E01001870,0
Unvalidated,2024010497296,2024,010497296,1,4,0,99,9,9,99,9,9,99,9,99,9,1,6,1,76,11,-1,-1,-1,-1,10,1,E01002952,0
Unvalidated,2024010497296,2024,010497296,2,9,0,99,9,9,99,9,9,99,9,99,9,9,6,3,49,8,-1,-1,-1,-1,4,1,E01001928,0
Unvalidated,2024010497301,2024,010497301,1,1,9,99,9,9,99,9,9,99,9,99,9,1,6,3,36,7,-1,-1,-1,-1,-1,-1,-1,0
Unvalidated,2024010497301,2024,010497301,2,3,0,99,9,9,99,9,9,99,9,99,9,1,6,3,-1,-1,-1,-1,-1,-1,-1,-1,-1,0
Unvalidated,2024010497302,2024,010497302,1,9,0,5,1,5,0,8,0,11,0,0,1,1,1,1,42,7,-1,-1,-1,-1,4,1,E01003695,0
Unvalidated,2024010497306,2024,010497306,1,1,9,99,9,9,99,9,9,99,9,99,9,1,2,1,43,7,-1,-1,-1,-1,5,1,E01024075,0
Unvalidated,2024010497306,2024,010497306,2,19,0,99,9,9,99,9,9,99,9,99,9,9,6,3,-1,-1,-1,-1,-1,-1,2,1,E01003267,0
Unvalidated,2024010497308,2024,010497308,1,3,0,99,9,9,99,9,9,99,9,99,9,1,1,1,21,5,-1,-1,-1,-1,9,3,E01017829,0
Unvalidated,2024010497308,2024,010497308,2,9,0,99,9,9,99,9,9,99,9,99,9,9,6,3,-1,-1,-1,-1,-1,-1,-1,-1,-1,0
Unvalidated,2024010497309,2024,010497309,1,3,0,99,9,9,99,9,9,99,9,99,9,1,6,3,29,6,-1,-1,-1,-1,3,1,E01002100,0
Unvalidated,2024010497309,2024,010497309,2,9,0,99,9,9,99,9,9,99,9,99,9,9,6,3,-1,-1,-1,-1,-1,-1,-1,-1,-1,0
Unvalidated,2024010497310,2024,010497310,1,9,0,99,9,9,99,9,9,99,9,99,9,9,6,1,46,8,-1,-1,-1,-1,9,1,E01003837,0