status,collision_index,collision_year,collision_reference,vehicle_reference,vehicle_type,towing_and_articulation,vehicle_manoeuvre,vehicle_direction_from,vehicle_direction_to,vehicle_location_restricted_lane,junction_location,skidding_and_overturning,hit_object_in_carriageway,vehicle_leaving_carriageway,hit_object_off_carriageway,first_point_of_impact,vehicle_left_hand_drive,journey_purpose_of_driver,sex_of_driver,age_of_driver,age_band_of_driver,engine_capacity_cc,propulsion_code,age_of_vehicle,generic_make_model,driver_imd_decile,driver_home_area_type,lsoa_of_driver,escooter_flag
Unvalidated,2024010497937,2024,010497937,1,9,0,3,1,5,0,1,0,0,0,0,0,1,1,1,64,9,-1,-1,-1,-1,7,1,E01000665,0
Unvalidated,2024010497940,2024,010497940,1,3,0,99,9,9,99,9,9,99,9,99,9,1,6,1,24,5,-1,-1,-1,-1,4,1,E01001183,0
Unvalidated,2024010497940,2024,010497940,2,9,0,99,9,9,99,9,9,99,9,99,9,9,6,3,-1,-1,-1,-1,-1,-1,-1,-1,-1,0
Unvalidated,2024010497942,2024,010497942,1,3,0,99,9,9,99,9,9,99,9,99,9,1,1,3,28,6,-1,-1,-1,-1,3,1,E01002043,0
Unvalidated,2024010497942,2024,010497942,2,9,9,99,9,9,99,9,9,99,9,99,9,9,6,3,-1,-1,-1,-1,-1,-1,-1,-1,-1,0
Unvalidated,2024010497949,2024,010497949,1,9,0,7,5,6,0,1,0,0,0,0,1,1,6,2,37,7,-1,-1,-1,-1,5,1,E01032741,0
Unvalidated,2024010497949,2024,010497949,2,9,0,18,3,7,0,2,0,0,0,0,4,1,1,2,33,6,-1,-1,-1,-1,4,1,E01016011,0
Unvalidated,2024010497951,2024,010497951,1,9,0,3,7,3,0,1,0,0,0,0,2,1,1,1,53,8,-1,-1,-1,-1,7,1,E01004544,0
Unvalidated,2024010497951,2024,010497951,2,9,0,18,7,3,0,1,0,0,0,0,1,1,1,1,34,6,-1,-1,-1,-1,9,1,E01030687,0
Unvalidated,2024010497956,2024,010497956,1,3,0,15,1,5,0,1,2,0,0,0,3,1,2,1,39,7,-1,-1,-1,-1,3,1,E01021291,0
Unvalidated,2024010497956,2024,010497956,2,9,0,9,1,8,0,1,0,0,0,0,4,1,2,1,43,7,-1,-1,-1,-1,9,2,E01021458,0
Unvalidated,2024010497957,2024,010497957,1,9,0,99,9,9,99,9,9,99,9,99,9,9,6,3,-1,-1,-1,-1,-1,-1,-1,-1,-1,0
Unvalidated,2024010497959,2024,010497959,1,1,9,99,9,9,4,1,9,99,9,99,9,1,2,1,32,6,-1,-1,-1,-1,4,1,E01033730,0
Unvalidated,2024010497959,2024,010497959,2,9,0,99,9,9,99,6,9,99,9,99,1,9,6,1,-1,-1,-1,-1,-1,-1,-1,-1,-1,0
Unvalidated,2024010497963,2024,010497963,1,9,0,7,3,6,9,5,0,0,0,0,2,1,2,1,49,8,-1,-1,-1,-1,5,1,E01003116,0
Unvalidated,2024010497963,2024,010497963,2,1,0,13,3,7,9,1,0,0,0,0,4,1,2,1,60,9,-1,-1,-1,-1,3,1,E01003135,0
Unvalidated,2024010497966,2024,010497966,1,9,0,1,5,3,9,5,0,4,0,0,1,1,3,2,48,8,-1,-1,-1,-1,5,1,E01002584,0
Unvalidated,2024010497966,2024,010497966,2,9,0,2,0,0,9,5,0,0,0,0,1,1,6,3,-1,-1,-1,-1,-1,-1,-1,-1,-1,0
Unvalidated,2024010497966,2024,010497966,3,9,0,2,0,0,5,5,0,0,0,0,4,1,6,3,-1,-1,-1,-1,-1,-1,-1,-1,-1,0
Unvalidated,2024010497968,2024,010497968,1,3,0,18,3,7,0,1,0,0,0,0,1,1,6,1,30,6,-1,-1,-1,-1,3,1,E01000312,0
Unvalidated,2024010497968,2024,010497968,2,9,0,9,7,5,0,5,0,0,0,0,1,1,6,2,53,8,-1,-1,-1,-1,4,1,E01001421,0
Unvalidated,2024010497969,2024,010497969,1,9,0,99,9,9,99,0,9,99,9,99,9,9,6,1,21,5,-1,-1,-1,-1,2,1,E01032787,0
Unvalidated,2024010497970,2024,010497970,1,9,0,4,8,4,0,2,0,0,0,0,1,1,1,2,33,6,-1,-1,-1,-1,1,1,E01001846,0
Unvalidated,2024010497970,2024,010497970,2,1,0,5,3,7,0,2,0,0,0,0,4,1,2,2,36,7,-1,-1,-1,-1,3,1,E01004337,0
Unvalidated,2024010497972,2024,010497972,1,1,9,99,9,9,99,9,9,99,9,99,9,1,6,1,31,6,-1,-1,-1,-1,4,1,E01003561,0
Unvalidated,2024010497972,2024,010497972,2,9,0,99,9,9,99,9,9,99,9,99,1,9,6,3,-1,-1,-1,-1,-1,-1,-1,-1,-1,0
Unvalidated,2024010497973,2024,010497973,1,11,0,5,5,1,3,1,0,0,0,0,0,1,1,1,48,8,-1,-1,-1,-1,3,1,E01003572,0
Unvalidated,2024010497974,2024,010497974,1,9,0,9,5,3,0,6,0,0,0,0,1,1,1,1,40,7,-1,-1,-1,-1,2,1,E01003300,0
Unvalidated,2024010497974,2024,010497974,2,5,5,18,7,3,0,1,0,0,0,0,0,1,2,1,28,6,-1,-1,-1,-1,10,2,E01024725,0
Unvalidated,2024010497976,2024,010497976,1,9,0,18,3,7,0,8,0,0,0,0,1,1,6,3,-1,-1,-1,-1,-1,-1,-1,-1,-1,0
Unvalidated,2024010497978,2024,010497978,1,1,9,99,9,9,99,9,9,99,9,99,2,1,6,1,72,10,-1,-1,-1,-1,5,1,E01004169,0
Unvalidated,2024010497978,2024,010497978,2,9,0,99,9,9,99,9,9,99,9,99,1,9,6,3,-1,-1,-1,-1,-1,-1,-1,-1,-1,0
Unvalidated,2024010497979,2024,010497979,1,1,9,99,9,9,99,1,9,99,9,99,9,1,2,1,40,7,-1,-1,-1,-1,1,1,E01003921,0
Unvalidated,2024010497979,2024,010497979,2,9,0,99,9,9,99,5,9,99,9,99,1,9,6,3,-1,-1,-1,-1,-1,-1,-1,-1,-1,0
Unvalidated,2024010497982,2024,010497982,1,9,0,18,8,4,0,0,9,99,0,0,1,1,6,1,24,5,-1,-1,-1,-1,-1,-1,-1,0
Unvalidated,2024010497984,2024,010497984,1,9,0,13,5,1,0,1,0,0,0,0,4,1,2,1,28,6,-1,-1,-1,-1,8,1,E01002210,0
Unvalidated,2024010497984,2024,010497984,2,9,0,9,5,3,0,1,0,0,0,0,3,1,6,2,52,8,-1,-1,-1,-1,6,1,E01015721,0
Unvalidated,2024010497986,2024,010497986,1,1,9,99,9,9,99,1,9,99,9,99,9,1,6,1,21,5,-1,-1,-1,-1,1,1,E01004710,0
Unvalidated,2024010497986,2024,010497986,2,9,9,99,9,9,99,6,9,99,9,99,9,9,6,1,58,9,-1,-1,-1,-1,4,1,E01001286,0
Unvalidated,2024010497989,2024,010497989,1,9,0,7,7,1,0,1,0,0,0,0,1,1,6,3,-1,-1,-1,-1,-1,-1,-1,-1,-1,0
Unvalidated,2024010497992,2024,010497992,1,9,0,18,1,5,0,0,0,0,0,0,0,1,6,1,41,7,-1,-1,-1,-1,7,1,E01021608,0
Unvalidated,2024010497992,2024,010497992,2,9,0,18,1,5,0,0,2,7,3,4,1,1,6,1,25,5,-1,-1,-1,-1,3,2,E01002313,0
Unvalidated,2024010497994,2024,010497994,1,9,0,9,1,8,0,0,0,0,0,0,1,1,6,1,34,6,-1,-1,-1,-1,10,1,E01002459,0
Unvalidated,2024010497995,2024,010497995,1,3,0,17,5,1,0,0,0,10,1,2,4,1,6,1,21,5,-1,-1,-1,-1,4,1,E01001261,0
Unvalidated,2024010497999,2024,010497999,1,3,0,18,5,1,0,0,0,4,0,0,4,1,6,1,22,5,-1,-1,-1,-1,5,1,E01000639,0
Unvalidated,2024010497999,2024,010497999,2,9,0,2,0,0,1,0,0,0,0,0,4,1,6,3,-1,-1,-1,-1,-1,-1,-1,-1,-1,0
Unvalidated,2024010498001,2024,010498001,1,9,0,13,5,1,9,0,1,0,0,0,1,1,6,1,18,4,-1,-1,-1,-1,2,1,E01004211,0
Unvalidated,2024010498001,2024,010498001,2,9,0,18,5,1,0,0,0,0,0,0,0,1,1,2,30,6,-1,-1,-1,-1,3,1,E01004259,0
Unvalidated,2024010498003,2024,010498003,1,19,0,18,4,8,0,8,0,0,0,0,3,1,6,3,-1,-1,-1,-1,-1,-1,-1,-1,-1,0
Unvalidated,2024010498003,2024,010498003,2,1,0,5,6,2,0,8,0,0,0,0,4,1,2,1,63,9,-1,-1,-1,-1,7,1,E01000462,0
Unvalidated,2024010498005,2024,010498005,1,9,0,9,7,5,0,1,0,0,0,0,1,1,6,1,34,6,-1,-1,-1,-1,2,1,E01001796,0
Unvalidated,2024010498005,2024,010498005,2,3,0,18,3,7,0,1,0,0,0,0,1,1,2,1,58,9,-1,-1,-1,-1,7,1,E01003794,0
Unvalidated,2024010498006,2024,010498006,1,8,9,18,3,7,99,0,9,99,9,99,9,9,1,1,-1,-1,-1,-1,-1,-1,-1,-1,-1,0
Unvalidated,2024010498009,2024,010498009,1,3,0,99,9,9,99,9,9,99,9,99,9,1,2,1,34,6,-1,-1,-1,-1,2,1,E01002076,0
Unvalidated,2024010498009,2024,010498009,2,9,0,99,9,9,99,9,9,99,9,99,9,9,6,3,-1,-1,-1,-1,-1,-1,-1,-1,-1,0
Unvalidated,2024010498015,2024,010498015,1,9,0,99,9,9,99,0,9,99,9,99,9,9,6,3,-1,-1,-1,-1,-1,-1,-1,-1,-1,0
Unvalidated,2024010498016,2024,010498016,1,9,0,18,1,5,0,8,0,0,0,0,2,1,6,2,45,7,-1,-1,-1,-1,9,1,E01023580,0
Unvalidated,2024010498016,2024,010498016,2,21,1,18,1,5,0,8,0,0,0,0,1,1,1,1,33,6,-1,-1,-1,-1,3,1,E01002028,0
Unvalidated,2024010498020,2024,010498020,1,8,0,99,9,9,99,0,9,99,9,99,2,1,6,3,-1,-1,-1,-1,-1,-1,-1,-1,-1,0
Unvalidated,2024010498023,2024,010498023,1,1,9,99,9,9,99,9,9,99,9,99,9,1,3,2,34,6,-1,-1,-1,-1,2,1,E01003049,0
Unvalidated,2024010498023,2024,010498023,2,9,9,99,9,9,99,9,9,99,9,99,9,9,6,3,-1,-1,-1,-1,-1,-1,-1,-1,-1,0
Unvalidated,2024010498026,2024,010498026,1,3,0,99,9,9,99,9,9,99,9,99,9,1,1,3,33,6,-1,-1,-1,-1,4,1,E01004142,0
Unvalidated,2024010498026,2024,010498026,2,9,0,99,9,9,99,9,9,99,9,99,9,9,6,3,-1,-1,-1,-1,-1,-1,-1,-1,-1,0
Unvalidated,2024010498028,2024,010498028,1,9,0,3,5,1,0,1,0,4,0,0,2,1,6,1,64,9,-1,-1,-1,-1,1,1,E01001813,0
Unvalidated,2024010498028,2024,010498028,2,9,0,4,5,1,0,1,0,0,0,0,2,1,6,2,40,7,-1,-1,-1,-1,6,1,E01001741,0
Unvalidated,2024010498028,2024,010498028,3,9,0,4,5,1,0,1,0,4,0,0,1,1,6,1,26,6,-1,-1,-1,-1,2,1,E01004238,0
Unvalidated,2024010498029,2024,010498029,1,1,9,99,9,9,99,9,9,99,9,99,9,1,6,3,33,6,-1,-1,-1,-1,1,1,E01002907,0
Unvalidated,2024010498029,2024,010498029,2,9,9,99,9,9,99,9,9,99,9,99,9,9,6,1,32,6,-1,-1,-1,-1,-1,-1,-1,0
Unvalidated,2024010498032,2024,010498032,1,9,0,99,9,9,99,9,9,99,9,99,9,9,6,1,46,8,-1,-1,-1,-1,4,1,E01001623,0
Unvalidated,2024010498032,2024,010498032,2,19,0,99,9,9,99,9,9,99,9,99,9,9,6,3,-1,-1,-1,-1,-1,-1,10,1,E01030415,0
Unvalidated,2024010498033,2024,010498033,1,11,0,9,5,2,9,8,0,11,1,10,1,1,1,1,48,8,-1,-1,-1,-1,5,1,E01003495,0
Unvalidated,2024010498034,2024,010498034,1,3,0,99,9,9,99,9,9,99,9,99,9,1,2,3,39,7,-1,-1,-1,-1,4,1,E01002088,0
Unvalidated,2024010498034,2024,010498034,2,9,0,99,9,9,99,9,9,99,9,99,9,9,6,3,-1,-1,-1,-1,-1,-1,-1,-1,-1,0
Unvalidated,2024010498037,2024,010498037,1,9,0,9,1,6,0,6,0,0,0,0,1,1,6,1,40,7,-1,-1,-1,-1,3,1,E01003734,0
Unvalidated,2024010498037,2024,010498037,2,1,0,18,3,7,4,1,0,0,0,0,1,1,6,2,39,7,-1,-1,-1,-1,7,1,E01004297,0
Unvalidated,2024010498039,2024,010498039,1,1,9,99,9,9,99,9,9,8,9,99,9,1,2,1,18,4,-1,-1,-1,-1,8,1,E01017488,0
Unvalidated,2024010498039,2024,010498039,2,9,9,99,9,9,99,9,9,99,9,99,1,1,6,2,-1,-1,-1,-1,-1,-1,-1,-1,-1,0
Unvalidated,2024010498042,2024,010498042,1,4,0,13,1,5,0,1,5,0,0,0,4,1,6,1,52,8,-1,-1,-1,-1,1,1,E01002040,0
Unvalidated,2024010498042,2024,010498042,2,9,0,10,1,7,0,1,0,0,0,0,3,1,6,1,43,7,-1,-1,-1,-1,6,1,E01002260,0
Unvalidated,2024010498043,2024,010498043,1,9,0,3,3,7,0,1,0,0,0,0,2,1,6,2,41,7,-1,-1,-1,-1,2,1,E01000483,0
Unvalidated,2024010498043,2024,010498043,2,5,0,18,3,7,0,1,5,0,0,0,1,1,2,1,24,5,-1,-1,-1,-1,6,1,E01000514,0
Unvalidated,2024010498045,2024,010498045,1,9,0,4,7,3,0,1,0,0,0,0,1,1,6,1,65,9,-1,-1,-1,-1,5,1,E01003156,0
Unvalidated,2024010498048,2024,010498048,1,1,9,99,9,9,99,9,9,99,9,99,2,1,1,1,59,9,-1,-1,-1,-1,3,1,E01002508,0
Unvalidated,2024010498048,2024,010498048,2,9,0,99,9,9,99,9,9,99,9,99,0,9,6,3,-1,-1,-1,-1,-1,-1,-1,-1,-1,0
Unvalidated,2024010498051,2024,010498051,1,9,0,10,5,3,0,6,0,0,0,0,1,1,1,1,34,6,-1,-1,-1,-1,8,1,E01023541,0
Unvalidated,2024010498051,2024,010498051,2,90,0,18,1,5,0,1,0,0,0,0,1,1,6,2,52,8,-1,-1,-1,-1,5,1,E01002010,0
Unvalidated,2024010498054,2024,010498054,1,3,0,99,9,9,99,9,9,99,9,99,9,1,1,1,31,6,-1,-1,-1,-1,4,1,E01001480,0
Unvalidated,2024010498054,2024,010498054,2,9,9,99,9,9,99,9,9,99,9,99,9,9,6,3,-1,-1,-1,-1,-1,-1,-1,-1,-1,0
Unvalidated,2024010498056,2024,010498056,1,9,0,6,1,1,0,0,0,0,0,0,1,1,6,2,30,6,-1,-1,-1,-1,5,1,E01000636,0
Unvalidated,2024010498056,2024,010498056,2,4,0,18,5,1,0,0,5,0,0,0,2,1,1,1,23,5,-1,-1,-1,-1,9,1,E01002242,0
Unvalidated,2024010498057,2024,010498057,1,3,0,18,1,5,0,8,0,0,0,0,1,1,6,1,21,5,-1,-1,-1,-1,4,1,E01003165,0
Unvalidated,2024010498057,2024,010498057,2,19,0,9,5,3,0,8,0,0,0,0,4,1,6,3,-1,-1,-1,-1,-1,-1,-1,-1,-1,0
Unvalidated,2024010498065,2024,010498065,1,1,9,99,9,9,99,0,9,99,9,99,9,1,2,1,28,6,-1,-1,-1,-1,8,1,E01000874,0
Unvalidated,2024010498065,2024,010498065,2,98,0,99,9,9,99,0,9,99,9,99,9,9,6,3,-1,-1,-1,-1,-1,-1,-1,-1,-1,0
Unvalidated,2024010498066,2024,010498066,1,8,0,4,1,5,2,0,0,0,0,0,3,2,6,1,49,8,-1,-1,-1,-1,1,1,E01000858,0
Unvalidated,2024010498066,2024,010498066,2,1,0,18,1,5,2,0,0,0,0,0,1,1,2,1,34,6,-1,-1,-1,-1,5,1,E01000277,0
Unvalidated,2024010498072,2024,010498072,1,9,0,99,9,9,99,9,9,99,9,99,2,9,6,1,32,6,-1,-1,-1,-1,10,1,E01023715,0
Unvalidated,2024010498072,2024,010498072,2,9,9,99,9,9,99,9,9,99,9,99,9,9,6,2,-1,-1,-1,-1,-1,-1,-1,-1,-1,0
Unvalidated,2024010498075,2024,010498075,1,3,0,99,9,9,99,9,9,99,9,99,9,1,1,3,33,6,-1,-1,-1,-1,2,1,E01001734,0
Unvalidated,2024010498075,2024,010498075,2,9,9,99,9,9,99,9,9,99,9,99,9,9,6,3,-1,-1,-1,-1,-1,-1,-1,-1,-1,0
Unvalidated,2024010498076,2024,010498076,1,3,0,99,9,9,99,0,9,99,9,99,9,1,1,3,20,4,-1,-1,-1,-1,4,1,E01032715,0
Unvalidated,2024010498076,2024,010498076,2,9,0,99,9,9,99,0,9,99,9,99,9,9,6,3,48,8,-1,-1,-1,-1,-1,-1,-1,0
Unvalidated,2024010498091,2024,010498091,1,9,9,99,9,9,99,9,9,99,9,99,9,9,6,3,-1,-1,-1,-1,-1,-1,-1,-1,-1,0
Unvalidated,2024010498096,2024,010498096,1,19,0,18,5,1,0,2,0,0,0,0,1,1,1,1,65,9,-1,-1,-1,-1,3,1,E01023876,0
Unvalidated,2024010498096,2024,010498096,2,19,0,18,5,1,0,2,0,0,0,0,2,1,6,1,44,7,-1,-1,-1,-1,-1,-1,-1,0
Unvalidated,2024010498097,2024,010498097,1,19,0,15,3,7,0,0,0,0,0,0,4,1,2,1,51,8,-1,-1,-1,-1,9,1,E01030401,0
Unvalidated,2024010498097,2024,010498097,2,9,0,2,0,0,0,0,0,0,0,0,0,1,6,3,-1,-1,-1,-1,-1,-1,-1,-1,-1,0
Unvalidated,2024010498097,2024,010498097,3,1,0,18,3,7,0,0,0,0,0,0,0,1,2,1,40,7,-1,-1,-1,-1,-1,-1,-1,0
Unvalidated,2024010498098,2024,010498098,1,3,0,99,9,9,99,9,9,99,9,99,1,1,1,2,34,6,-1,-1,-1,-1,2,1,E01001437,0
Unvalidated,2024010498098,2024,010498098,2,9,0,99,9,9,99,9,9,99,9,99,1,9,6,1,64,9,-1,-1,-1,-1,3,1,E01001759,0
Unvalidated,2024010498099,2024,010498099,1,3,0,99,9,9,99,9,9,99,9,99,9,1,1,3,40,7,-1,-1,-1,-1,3,1,E01021291,0
Unvalidated,2024010498099,2024,010498099,2,9,9,99,9,9,99,9,9,99,9,99,9,9,6,3,-1,-1,-1,-1,-1,-1,-1,-1,-1,0
Unvalidated,2024010498100,2024,010498100,1,9,0,99,9,9,99,0,9,99,9,99,2,9,6,2,40,7,-1,-1,-1,-1,2,1,E01003288,0
Unvalidated,2024010498100,2024,010498100,2,11,0,99,9,9,99,0,9,99,9,99,2,9,6,1,50,8,-1,-1,-1,-1,2,1,E01003920,0
Unvalidated,2024010498102,2024,010498102,1,3,0,14,3,7,0,1,2,0,0,0,2,1,2,1,45,7,-1,-1,-1,-1,5,1,E01003359,0
Unvalidated,2024010498102,2024,010498102,2,9,0,18,3,7,0,1,0,0,0,0,4,1,2,1,53,8,-1,-1,-1,-1,10,1,E01030392,0
Unvalidated,2024010498106,2024,010498106,1,3,0,99,9,9,99,9,9,99,9,99,2,1,1,1,35,6,-1,-1,-1,-1,2,1,E01003558,0
Unvalidated,2024010498106,2024,010498106,2,9,0,99,9,9,99,9,9,99,9,99,1,9,6,3,-1,-1,-1,-1,-1,-1,-1,-1,-1,0
Unvalidated,2024010498121,2024,010498121,1,8,0,15,2,6,0,0,0,0,0,0,1,1,6,1,41,7,-1,-1,-1,-1,2,1,E01001702,0
Unvalidated,2024010498122,2024,010498122,1,11,0,7,2,4,0,5,0,0,1,0,4,1,1,1,60,9,-1,-1,-1,-1,6,1,E01023554,0
Unvalidated,2024010498123,2024,010498123,1,1,9,99,9,9,99,0,9,99,9,99,9,1,2,2,42,7,-1,-1,-1,-1,4,1,E01000634,0
Unvalidated,2024010498126,2024,010498126,1,9,0,18,1,5,0,1,0,0,0,0,4,1,1,1,30,6,-1,-1,-1,-1,-1,-1,-1,0
Unvalidated,2024010498126,2024,010498126,2,1,0,18,1,5,0,1,0,0,0,0,1,1,6,1,22,5,-1,-1,-1,-1,5,1,E01004052,0
Unvalidated,2024010498133,2024,010498133,1,9,0,99,9,9,99,0,9,99,9,99,1,9,6,3,-1,-1,-1,-1,-1,-1,-1,-1,-1,0
Unvalidated,2024010498138,2024,010498138,1,9,0,18,5,1,0,1,0,0,0,0,4,1,6,2,52,8,-1,-1,-1,-1,6,1,E01004626,0
Unvalidated,2024010498138,2024,010498138,2,9,0,9,3,1,0,6,0,0,0,0,1,1,2,1,31,6,-1,-1,-1,-1,3,1,E01000742,0
Unvalidated,2024010498140,2024,010498140,1,9,0,99,9,9,99,9,9,99,9,99,2,9,6,1,48,8,-1,-1,-1,-1,3,1,E01001089,0
Unvalidated,2024010498142,2024,010498142,1,9,0,99,9,9,99,9,9,99,9,99,2,9,6,3,-1,-1,-1,-1,-1,-1,2,1,E01003490,0
Unvalidated,2024010498142,2024,010498142,2,9,0,99,9,9,99,9,9,99,9,99,9,9,6,3,-1,-1,-1,-1,-1,-1,-1,-1,-1,0
Unvalidated,2024010498143,2024,010498143,1,9,0,12,7,3,0,1,0,0,0,0,1,1,6,1,51,8,-1,-1,-1,-1,9,1,E01002983,0
Unvalidated,2024010498143,2024,010498143,2,4,0,18,7,3,1,1,0,0,0,0,4,1,6,1,58,9,-1,-1,-1,-1,5,1,E01002977,0
Unvalidated,2024010498144,2024,010498144,1,11,0,4,7,3,2,1,0,0,1,0,0,1,1,1,45,7,-1,-1,-1,-1,1,1,E01002758,0
Unvalidated,2024010498145,2024,010498145,1,1,9,99,9,9,99,0,9,99,9,99,2,1,2,1,41,7,-1,-1,-1,-1,1,1,E01004721,0
Unvalidated,2024010498145,2024,010498145,2,9,0,99,9,9,99,0,9,99,9,99,1,9,6,3,-1,-1,-1,-1,-1,-1,4,1,E01033208,0
Unvalidated,2024010498149,2024,010498149,1,9,0,18,9,9,99,9,9,99,9,99,2,9,1,1,46,8,-1,-1,-1,-1,8,1,E01003896,0
Unvalidated,2024010498149,2024,010498149,2,9,0,18,9,9,99,9,9,99,9,99,1,9,6,3,-1,-1,-1,-1,-1,-1,-1,-1,-1,0
Unvalidated,2024010498158,2024,010498158,1,19,0,99,9,9,99,9,9,99,9,99,2,9,6,1,59,9,-1,-1,-1,-1,8,3,E01024803,0
Unvalidated,2024010498162,2024,010498162,1,9,0,7,3,5,0,8,0,0,0,0,3,1,6,1,34,6,-1,-1,-1,-1,-1,-1,-1,0
Unvalidated,2024010498162,2024,010498162,2,1,0,13,3,7,4,1,0,0,0,0,1,1,2,1,32,6,-1,-1,-1,-1,8,1,E01002690,0
Unvalidated,2024010498163,2024,010498163,1,9,0,99,9,9,99,9,9,99,9,99,2,9,6,2,47,8,-1,-1,-1,-1,3,1,E01001327,0
Unvalidated,2024010498164,2024,010498164,1,9,0,18,1,5,0,0,0,0,0,0,3,1,6,2,38,7,-1,-1,-1,-1,10,1,E01030387,0
Unvalidated,2024010498164,2024,010498164,2,9,0,18,1,5,0,0,0,0,0,0,4,1,6,2,45,7,-1,-1,-1,-1,8,1,E01004121,0
Unvalidated,2024010498166,2024,010498166,1,9,0,99,9,9,99,9,9,99,9,99,1,9,1,1,19,4,-1,-1,-1,-1,8,1,E01002925,0
Unvalidated,2024010498166,2024,010498166,2,1,9,99,9,9,99,9,9,99,9,99,1,1,6,1,-1,-1,-1,-1,-1,-1,-1,-1,-1,0
Unvalidated,2024010498167,2024,010498167,1,9,0,7,7,2,4,6,0,0,0,0,1,1,1,1,50,8,-1,-1,-1,-1,6,1,E01030336,0
Unvalidated,2024010498167,2024,010498167,2,20,0,5,5,1,0,1,0,0,0,0,1,1,1,1,41,7,-1,-1,-1,-1,2,1,E01002054,0
Unvalidated,2024010498168,2024,010498168,1,3,0,99,9,9,99,9,9,99,9,99,1,1,1,1,26,6,-1,-1,-1,-1,5,1,E01003083,0
Unvalidated,2024010498168,2024,010498168,2,9,0,99,9,9,99,9,9,99,9,99,1,9,6,3,24,5,-1,-1,-1,-1,3,1,E01004533,0
Unvalidated,2024010498169,2024,010498169,1,9,0,99,9,9,99,9,9,99,9,99,2,9,6,3,46,8,-1,-1,-1,-1,8,1,E01001030,0
Unvalidated,2024010498169,2024,010498169,2,9,0,99,9,9,99,9,9,99,9,99,9,9,6,3,-1,-1,-1,-1,-1,-1,-1,-1,-1,0
Unvalidated,2024010498177,2024,010498177,1,19,0,18,5,1,0,8,0,0,0,0,1,1,6,3,-1,-1,-1,-1,-1,-1,-1,-1,-1,0
Unvalidated,2024010498177,2024,010498177,2,1,0,18,5,1,0,8,0,0,0,0,3,1,6,1,20,4,-1,-1,-1,-1,4,1,E01001835,0
Unvalidated,2024010498180,2024,010498180,1,3,0,99,9,9,99,9,9,99,9,99,1,1,1,1,32,6,-1,-1,-1,-1,4,1,E01002641,0
Unvalidated,2024010498180,2024,010498180,2,9,0,99,9,9,99,9,9,99,9,99,9,9,6,3,38,7,-1,-1,-1,-1,6,1,E01002668,0
Unvalidated,2024010498183,2024,010498183,1,9,0,9,3,1,0,1,0,10,0,0,3,1,1,1,26,6,-1,-1,-1,-1,2,1,E01001719,0
Unvalidated,2024010498183,2024,010498183,2,9,0,13,7,3,0,1,0,0,0,0,1,1,2,1,26,6,-1,-1,-1,-1,3,1,E01033709,0
Unvalidated,2024010498187,2024,010498187,1,3,0,18,5,1,0,1,0,0,0,0,1,1,1,1,20,4,-1,-1,-1,-1,-1,-1,-1,0
Unvalidated,2024010498187,2024,010498187,2,9,0,9,7,5,0,6,0,0,0,0,4,1,6,3,-1,-1,-1,-1,-1,-1,-1,-1,-1,0
Unvalidated,2024010498190,2024,010498190,1,11,0,5,7,3,0,6,0,0,0,0,0,1,1,2,23,5,-1,-1,-1,-1,3,1,E01001360,0
Unvalidated,2024010498193,2024,010498193,1,3,0,99,9,9,99,9,9,99,9,99,9,1,1,1,33,6,-1,-1,-1,-1,1,1,E01001425,0
Unvalidated,2024010498193,2024,010498193,2,9,0,99,9,9,99,9,9,99,9,99,9,9,6,3,-1,-1,-1,-1,-1,-1,-1,-1,-1,0
Unvalidated,2024010498200,2024,010498200,1,3,0,99,9,9,99,9,9,99,9,99,9,1,1,1,24,5,-1,-1,-1,-1,1,1,E01000643,0
Unvalidated,2024010498200,2024,010498200,2,9,0,99,9,9,99,9,9,99,9,99,9,9,6,3,-1,-1,-1,-1,-1,-1,-1,-1,-1,0
Unvalidated,2024010498204,2024,010498204,1,9,0,99,9,9,99,9,9,99,9,99,9,9,6,2,42,7,-1,-1,-1,-1,2,1,E01001056,0
Unvalidated,2024010498204,2024,010498204,2,9,9,99,9,9,99,9,9,99,9,99,9,9,6,3,-1,-1,-1,-1,-1,-1,-1,-1,-1,0
Unvalidated,2024010498205,2024,010498205,1,3,0,99,9,9,99,9,9,99,9,99,9,1,1,3,33,6,-1,-1,-1,-1,6,1,E01023539,0
Unvalidated,2024010498205,2024,010498205,2,9,0,99,9,9,99,9,9,99,9,99,9,9,6,3,-1,-1,-1,-1,-1,-1,-1,-1,-1,0
Unvalidated,2024010498208,2024,010498208,1,9,0,18,3,7,0,1,0,4,0,0,1,1,6,1,28,6,-1,-1,-1,-1,1,1,E01002904,0
Unvalidated,2024010498208,2024,010498208,2,11,0,3,3,7,0,1,0,4,0,0,1,1,6,2,63,9,-1,-1,-1,-1,6,1,E01002565,0
Unvalidated,2024010498215,2024,010498215,1,3,0,99,9,9,99,9,9,99,9,99,1,1,2,1,58,9,-1,-1,-1,-1,2,1,E01001487,0
Unvalidated,2024010498215,2024,010498215,2,9,0,99,9,9,99,9,9,99,9,99,9,9,6,3,-1,-1,-1,-1,-1,-1,-1,-1,-1,0