status,collision_index,collision_year,collision_reference,vehicle_reference,vehicle_type,towing_and_articulation,vehicle_manoeuvre,vehicle_direction_from,vehicle_direction_to,vehicle_location_restricted_lane,junction_location,skidding_and_overturning,hit_object_in_carriageway,vehicle_leaving_carriageway,hit_object_off_carriageway,first_point_of_impact,vehicle_left_hand_drive,journey_purpose_of_driver,sex_of_driver,age_of_driver,age_band_of_driver,engine_capacity_cc,propulsion_code,age_of_vehicle,generic_make_model,driver_imd_decile,driver_home_area_type,lsoa_of_driver,escooter_flag
Unvalidated,2024010498216,2024,010498216,1,9,0,99,9,9,99,9,9,99,9,99,9,9,6,2,33,6,-1,-1,-1,-1,5,1,E01000443,0
Unvalidated,2024010498216,2024,010498216,2,9,0,99,9,9,99,9,9,99,9,99,1,9,6,3,-1,-1,-1,-1,-1,-1,5,1,E01000443,0
Unvalidated,2024010498219,2024,010498219,1,3,0,99,9,9,99,9,9,99,9,99,9,1,2,3,35,6,-1,-1,-1,-1,3,1,E01003372,0
Unvalidated,2024010498219,2024,010498219,2,9,0,99,9,9,99,9,9,99,9,99,9,9,6,3,-1,-1,-1,-1,-1,-1,-1,-1,-1,0
Unvalidated,2024010498227,2024,010498227,1,3,0,99,9,9,99,9,9,99,9,99,9,1,1,3,24,5,-1,-1,-1,-1,1,1,E01001559,0
Unvalidated,2024010498227,2024,010498227,2,9,9,99,9,9,99,9,9,99,9,99,9,9,6,3,-1,-1,-1,-1,-1,-1,-1,-1,-1,0
Unvalidated,2024010498230,2024,010498230,1,9,9,18,1,5,0,9,0,0,9,0,1,9,6,2,61,9,-1,-1,-1,-1,1,1,E01000508,0
Unvalidated,2024010498234,2024,010498234,1,3,0,99,9,9,99,9,9,99,9,99,9,1,6,3,25,5,-1,-1,-1,-1,4,1,E01001180,0
Unvalidated,2024010498234,2024,010498234,2,9,0,99,9,9,99,9,9,99,9,99,9,9,6,3,-1,-1,-1,-1,-1,-1,-1,-1,-1,0
Unvalidated,2024010498235,2024,010498235,1,9,0,99,9,9,99,9,9,99,9,99,9,9,1,1,35,6,-1,-1,-1,-1,4,1,E01000588,0
Unvalidated,2024010498235,2024,010498235,2,9,0,99,9,9,99,9,9,99,9,99,1,9,6,3,-1,-1,-1,-1,-1,-1,-1,-1,-1,0
Unvalidated,2024010498237,2024,010498237,1,9,0,18,5,1,0,0,0,0,0,0,1,1,6,2,24,5,-1,-1,-1,-1,2,1,E01004235,0
Unvalidated,2024010498237,2024,010498237,2,9,0,2,0,0,0,0,0,0,0,0,2,1,6,3,-1,-1,-1,-1,-1,-1,-1,-1,-1,0
Unvalidated,2024010498238,2024,010498238,1,9,0,99,9,9,99,9,9,99,9,99,4,9,6,3,-1,-1,-1,-1,-1,-1,2,1,E01004460,0
Unvalidated,2024010498241,2024,010498241,1,97,0,99,9,9,99,9,9,99,9,99,9,1,6,1,16,4,-1,-1,-1,-1,3,1,E01003406,0
Unvalidated,2024010498241,2024,010498241,2,9,0,99,9,9,99,9,9,99,9,99,1,9,6,3,-1,-1,-1,-1,-1,-1,-1,-1,-1,0
Unvalidated,2024010498242,2024,010498242,1,9,9,99,9,9,99,0,9,99,9,99,9,9,6,3,-1,-1,-1,-1,-1,-1,-1,-1,-1,0
Unvalidated,2024010498246,2024,010498246,1,3,0,3,9,9,99,9,9,99,9,99,2,1,1,3,28,6,-1,-1,-1,-1,8,1,E01002207,0
Unvalidated,2024010498246,2024,010498246,2,9,0,18,9,9,99,9,9,99,9,99,1,9,6,3,34,6,-1,-1,-1,-1,-1,-1,-1,0
Unvalidated,2024010498249,2024,010498249,1,9,0,99,9,9,99,9,9,99,9,99,1,9,6,1,42,7,-1,-1,-1,-1,2,1,E01003479,0
Unvalidated,2024010498249,2024,010498249,2,9,0,99,9,9,99,9,9,99,9,99,9,9,6,3,56,9,-1,-1,-1,-1,3,1,E01002370,0
Unvalidated,2024010498252,2024,010498252,1,9,0,9,1,8,0,1,0,7,0,0,0,1,6,1,33,6,-1,-1,-1,-1,7,1,E01000117,0
Unvalidated,2024010498252,2024,010498252,2,9,0,9,1,8,0,1,0,0,0,0,0,1,6,3,-1,-1,-1,-1,-1,-1,-1,-1,-1,0
Unvalidated,2024010498256,2024,010498256,1,3,0,99,9,9,99,1,9,99,9,99,9,1,6,3,20,4,-1,-1,-1,-1,2,1,E01001439,0
Unvalidated,2024010498256,2024,010498256,2,9,0,99,9,9,99,6,9,99,9,99,9,9,6,3,-1,-1,-1,-1,-1,-1,-1,-1,-1,0
Unvalidated,2024010498258,2024,010498258,1,3,0,99,9,9,99,9,9,99,9,99,9,1,1,3,27,6,-1,-1,-1,-1,1,1,E01002039,0
Unvalidated,2024010498258,2024,010498258,2,9,0,99,9,9,99,9,9,99,9,99,9,9,6,3,-1,-1,-1,-1,-1,-1,-1,-1,-1,0
Unvalidated,2024010498272,2024,010498272,1,9,0,99,9,9,99,9,9,99,9,99,9,9,6,1,39,7,-1,-1,-1,-1,5,1,E01003713,0
Unvalidated,2024010498272,2024,010498272,2,9,0,99,9,9,99,9,9,99,9,99,9,9,6,3,-1,-1,-1,-1,-1,-1,-1,-1,-1,0
Unvalidated,2024010498274,2024,010498274,1,9,0,9,1,6,0,1,0,0,0,0,4,1,6,2,83,11,-1,-1,-1,-1,10,1,E01002430,0
Unvalidated,2024010498276,2024,010498276,1,3,0,99,9,9,99,9,9,99,9,99,9,1,1,3,27,6,-1,-1,-1,-1,2,1,E01002075,0
Unvalidated,2024010498276,2024,010498276,2,9,9,99,9,9,99,9,9,99,9,99,9,9,6,3,-1,-1,-1,-1,-1,-1,-1,-1,-1,0
Unvalidated,2024010498280,2024,010498280,1,9,0,17,5,1,0,2,0,0,0,0,1,1,6,2,65,9,-1,-1,-1,-1,9,1,E01000716,0
Unvalidated,2024010498280,2024,010498280,2,1,0,18,1,5,0,2,0,0,0,0,1,1,6,1,11,3,-1,-1,-1,-1,9,1,E01000712,0
Unvalidated,2024010498288,2024,010498288,1,9,0,10,1,7,0,1,0,0,0,0,2,1,6,1,63,9,-1,-1,-1,-1,4,1,E01021775,0
Unvalidated,2024010498288,2024,010498288,2,9,0,3,1,5,0,1,0,0,0,0,1,1,6,2,33,6,-1,-1,-1,-1,5,1,E01000360,0
Unvalidated,2024010498290,2024,010498290,1,9,0,99,9,9,99,9,9,99,9,99,2,9,6,1,51,8,-1,-1,-1,-1,3,1,E01002283,0
Unvalidated,2024010498290,2024,010498290,2,9,9,99,9,9,99,9,9,99,9,99,9,9,6,3,-1,-1,-1,-1,-1,-1,-1,-1,-1,0
Unvalidated,2024010498291,2024,010498291,1,9,0,18,4,8,0,8,0,0,0,0,1,1,3,2,44,7,-1,-1,-1,-1,3,1,E01000090,0
Unvalidated,2024010498291,2024,010498291,2,19,0,18,2,6,0,8,0,10,7,10,4,1,1,1,34,6,-1,-1,-1,-1,5,2,E01015926,0
Unvalidated,2024010498291,2024,010498291,3,9,0,2,0,0,9,1,0,0,7,0,2,1,6,3,-1,-1,-1,-1,-1,-1,-1,-1,-1,0
Unvalidated,2024010498292,2024,010498292,1,9,0,9,5,3,0,6,0,0,0,0,1,1,6,2,28,6,-1,-1,-1,-1,6,1,E01003378,0
Unvalidated,2024010498292,2024,010498292,2,9,0,18,3,7,0,1,0,0,0,0,1,1,6,1,51,8,-1,-1,-1,-1,9,1,E01004115,0
Unvalidated,2024010498294,2024,010498294,1,3,0,10,7,5,0,1,0,0,0,0,3,1,6,1,24,5,-1,-1,-1,-1,3,1,E01003588,0
Unvalidated,2024010498294,2024,010498294,2,3,0,15,7,3,0,1,0,0,0,0,1,1,6,3,-1,-1,-1,-1,-1,-1,-1,-1,-1,0
Unvalidated,2024010498297,2024,010498297,1,9,0,1,1,3,0,2,0,0,0,0,2,1,2,3,35,6,-1,-1,-1,-1,5,1,E01001335,0
Unvalidated,2024010498301,2024,010498301,1,9,0,7,7,1,0,8,0,0,0,0,0,1,6,2,52,8,-1,-1,-1,-1,-1,-1,-1,0
Unvalidated,2024010498301,2024,010498301,2,1,0,9,3,1,0,8,0,0,0,0,1,1,6,2,36,7,-1,-1,-1,-1,2,1,E01004242,0
Unvalidated,2024010498304,2024,010498304,1,9,0,18,5,1,0,0,0,0,0,0,4,1,6,3,-1,-1,-1,-1,-1,-1,-1,-1,-1,0
Unvalidated,2024010498306,2024,010498306,1,9,0,18,1,5,0,1,0,0,0,0,3,1,6,1,31,6,-1,-1,-1,-1,5,1,E01001091,0
Unvalidated,2024010498306,2024,010498306,2,9,0,18,5,1,0,1,0,0,0,0,1,1,6,2,47,8,-1,-1,-1,-1,4,1,E01001090,0
Unvalidated,2024010498313,2024,010498313,1,9,0,18,7,3,0,2,0,0,0,0,1,1,6,1,79,11,-1,-1,-1,-1,5,1,E01000607,0
Unvalidated,2024010498320,2024,010498320,1,9,0,7,5,6,0,0,0,0,0,0,0,1,6,2,24,5,-1,-1,-1,-1,4,1,E01001090,0
Unvalidated,2024010498320,2024,010498320,2,1,0,14,1,5,0,0,1,0,7,0,0,1,1,1,43,7,-1,-1,-1,-1,5,1,E01001088,0
Unvalidated,2024010498324,2024,010498324,1,9,9,99,9,9,99,9,9,99,9,99,9,9,6,3,-1,-1,-1,-1,-1,-1,-1,-1,-1,0
Unvalidated,2024010498326,2024,010498326,1,9,0,2,0,0,9,0,0,0,0,0,1,1,6,3,-1,-1,-1,-1,-1,-1,-1,-1,-1,0
Unvalidated,2024010498326,2024,010498326,2,9,0,18,5,1,0,0,5,4,0,0,1,1,6,1,50,8,-1,-1,-1,-1,2,1,E01000739,0
Unvalidated,2024010498330,2024,010498330,1,1,9,99,9,9,4,1,9,99,9,99,1,1,2,1,29,6,-1,-1,-1,-1,2,1,E01004267,0
Unvalidated,2024010498330,2024,010498330,2,9,0,99,9,9,99,5,9,99,9,99,9,9,6,3,-1,-1,-1,-1,-1,-1,-1,-1,-1,0
Unvalidated,2024010498337,2024,010498337,1,1,9,99,9,9,99,9,9,99,9,99,9,1,2,1,53,8,-1,-1,-1,-1,6,1,E01003223,0
Unvalidated,2024010498337,2024,010498337,2,9,0,99,9,9,99,9,9,99,9,99,9,9,6,3,-1,-1,-1,-1,-1,-1,-1,-1,-1,0
Unvalidated,2024010498341,2024,010498341,1,9,0,18,1,5,0,4,0,10,3,11,1,1,6,1,44,7,-1,-1,-1,-1,5,1,E01002481,0
Unvalidated,2024010498341,2024,010498341,2,9,0,10,1,6,0,4,0,0,0,0,3,1,6,1,44,7,-1,-1,-1,-1,9,1,E01002471,0
Unvalidated,2024010498341,2024,010498341,3,9,0,18,5,1,0,1,0,0,0,0,1,1,6,2,77,11,-1,-1,-1,-1,8,1,E01023875,0
Unvalidated,2024010498343,2024,010498343,1,1,9,99,9,9,99,9,9,99,9,99,1,1,2,2,28,6,-1,-1,-1,-1,4,1,E01003211,0
Unvalidated,2024010498343,2024,010498343,2,9,0,99,9,9,99,9,9,99,9,99,9,9,6,3,-1,-1,-1,-1,-1,-1,-1,-1,-1,0
Unvalidated,2024010498349,2024,010498349,1,9,0,6,7,7,0,1,0,0,0,0,1,1,1,1,31,6,-1,-1,-1,-1,4,1,E01003666,0
Unvalidated,2024010498349,2024,010498349,2,9,0,6,7,7,0,1,0,0,0,0,1,1,6,3,24,5,-1,-1,-1,-1,-1,-1,-1,0
Unvalidated,2024010498352,2024,010498352,1,11,0,5,3,7,2,1,0,0,0,0,0,1,1,1,62,9,-1,-1,-1,-1,3,1,E01003319,0
Unvalidated,2024010498354,2024,010498354,1,9,0,99,9,9,99,9,9,99,9,99,9,9,2,1,31,6,-1,-1,-1,-1,2,1,E01000525,0
Unvalidated,2024010498354,2024,010498354,2,9,0,99,9,9,99,9,9,99,9,99,9,9,6,3,-1,-1,-1,-1,-1,-1,-1,-1,-1,0
Unvalidated,2024010498356,2024,010498356,1,8,0,5,3,7,0,8,0,0,0,0,1,1,1,1,63,9,-1,-1,-1,-1,10,1,E01030377,0
Unvalidated,2024010498356,2024,010498356,2,3,0,5,5,1,0,1,0,0,0,0,3,1,6,1,23,5,-1,-1,-1,-1,3,1,E01000613,0
Unvalidated,2024010498357,2024,010498357,1,9,0,7,1,4,0,5,0,0,0,0,4,2,6,1,35,6,-1,-1,-1,-1,4,1,E01002042,0
Unvalidated,2024010498361,2024,010498361,1,9,0,18,3,7,0,1,0,0,0,0,0,1,1,1,28,6,-1,-1,-1,-1,2,1,E01001830,0
Unvalidated,2024010498361,2024,010498361,2,9,0,17,1,5,0,8,2,10,0,0,3,1,6,1,18,4,-1,-1,-1,-1,4,1,E01002792,0
Unvalidated,2024010498363,2024,010498363,1,9,0,18,3,7,0,1,0,7,7,10,1,1,6,1,24,5,-1,-1,-1,-1,9,1,E01030636,0
Unvalidated,2024010498367,2024,010498367,1,9,0,9,5,3,2,6,0,0,0,0,3,1,2,2,23,5,-1,-1,-1,-1,1,1,E01002800,0
Unvalidated,2024010498367,2024,010498367,2,1,0,18,3,7,0,1,0,0,0,0,1,1,2,1,42,7,-1,-1,-1,-1,6,1,E01004653,0
Unvalidated,2024010498368,2024,010498368,1,9,9,4,5,1,0,8,9,99,3,99,2,9,6,2,63,9,-1,-1,-1,-1,4,1,E01000406,0
Unvalidated,2024010498368,2024,010498368,2,19,9,18,2,6,0,8,9,4,3,99,1,9,6,1,-1,-1,-1,-1,-1,-1,-1,-1,-1,0
Unvalidated,2024010498371,2024,010498371,1,3,0,99,9,9,99,9,9,99,9,99,9,1,1,3,24,5,-1,-1,-1,-1,3,1,E01003603,0
Unvalidated,2024010498371,2024,010498371,2,9,0,99,9,9,99,9,9,99,9,99,9,9,6,3,34,6,-1,-1,-1,-1,-1,-1,-1,0
Unvalidated,2024010498376,2024,010498376,1,1,9,99,9,9,4,1,9,99,9,99,9,1,2,1,27,6,-1,-1,-1,-1,2,1,E01004242,0
Unvalidated,2024010498376,2024,010498376,2,19,0,99,9,9,99,5,9,99,9,99,1,9,6,3,-1,-1,-1,-1,-1,-1,-1,-1,-1,0
Unvalidated,2024010498381,2024,010498381,1,3,0,99,9,9,99,9,9,99,9,99,1,1,6,1,21,5,-1,-1,-1,-1,1,1,E01004222,0
Unvalidated,2024010498381,2024,010498381,2,9,0,99,9,9,99,9,9,99,9,99,2,9,6,3,-1,-1,-1,-1,-1,-1,-1,-1,-1,0
Unvalidated,2024010498385,2024,010498385,1,3,0,15,9,9,99,5,9,99,9,99,9,1,1,3,-1,-1,-1,-1,-1,-1,6,1,E01001872,0
Unvalidated,2024010498385,2024,010498385,2,9,0,11,9,9,99,5,9,99,9,99,9,9,6,3,-1,-1,-1,-1,-1,-1,-1,-1,-1,0
Unvalidated,2024010498393,2024,010498393,1,9,9,18,1,5,9,9,0,0,9,99,1,1,6,3,-1,-1,-1,-1,-1,-1,-1,-1,-1,0
Unvalidated,2024010498404,2024,010498404,1,9,0,18,1,5,0,2,1,0,0,0,1,9,6,1,57,9,-1,-1,-1,-1,2,1,E01003243,0
Unvalidated,2024010498404,2024,010498404,2,9,9,18,5,1,0,2,1,0,0,0,4,9,6,1,-1,-1,-1,-1,-1,-1,-1,-1,-1,0
Unvalidated,2024010498404,2024,010498404,3,9,9,18,5,1,0,2,1,0,0,0,4,9,6,1,-1,-1,-1,-1,-1,-1,-1,-1,-1,0
Unvalidated,2024010498405,2024,010498405,1,9,0,18,3,7,0,2,0,0,0,0,1,1,6,3,-1,-1,-1,-1,-1,-1,-1,-1,-1,0
Unvalidated,2024010498405,2024,010498405,2,1,0,18,3,7,0,2,2,0,0,0,1,1,6,1,60,9,-1,-1,-1,-1,1,1,E01002870,0
Unvalidated,2024010498406,2024,010498406,1,9,0,99,9,9,99,9,9,99,9,99,1,9,6,1,78,11,-1,-1,-1,-1,3,1,E01003656,0
Unvalidated,2024010498406,2024,010498406,2,9,0,99,9,9,99,9,9,99,9,99,9,9,6,3,-1,-1,-1,-1,-1,-1,-1,-1,-1,0
Unvalidated,2024010498408,2024,010498408,1,3,0,99,9,9,99,9,9,99,9,99,9,1,1,2,28,6,-1,-1,-1,-1,3,1,E01002043,0
Unvalidated,2024010498408,2024,010498408,2,9,9,99,9,9,99,9,9,99,9,99,9,9,6,3,-1,-1,-1,-1,-1,-1,-1,-1,-1,0
Unvalidated,2024010498411,2024,010498411,1,9,0,99,9,9,99,9,9,99,9,99,2,9,2,1,42,7,-1,-1,-1,-1,6,1,E01015766,0
Unvalidated,2024010498411,2024,010498411,2,9,0,99,9,9,99,9,9,99,9,99,9,9,6,3,-1,-1,-1,-1,-1,-1,-1,-1,-1,0
Unvalidated,2024010498413,2024,010498413,1,3,0,99,9,9,99,9,9,99,9,99,9,1,1,3,38,7,-1,-1,-1,-1,2,1,E01003507,0
Unvalidated,2024010498413,2024,010498413,2,9,0,99,9,9,99,9,9,99,9,99,9,9,6,3,-1,-1,-1,-1,-1,-1,-1,-1,-1,0
Unvalidated,2024010498416,2024,010498416,1,1,9,99,9,9,99,9,9,99,9,99,9,1,6,1,53,8,-1,-1,-1,-1,2,1,E01001959,0
Unvalidated,2024010498416,2024,010498416,2,3,0,99,9,9,0,8,0,0,9,0,9,1,6,3,-1,-1,-1,-1,-1,-1,-1,-1,-1,0
Unvalidated,2024010498417,2024,010498417,1,9,0,99,9,9,99,9,9,99,9,99,9,9,6,1,47,8,-1,-1,-1,-1,-1,-1,-1,0
Unvalidated,2024010498417,2024,010498417,2,9,0,99,9,9,99,9,9,99,9,99,9,9,6,3,-1,-1,-1,-1,-1,-1,2,1,E01001249,0
Unvalidated,2024010498426,2024,010498426,1,4,0,99,9,9,99,9,9,99,9,99,2,1,1,1,32,6,-1,-1,-1,-1,9,1,E01000538,0
Unvalidated,2024010498426,2024,010498426,2,9,0,99,9,9,99,9,9,99,9,99,1,9,6,3,-1,-1,-1,-1,-1,-1,-1,-1,-1,0
Unvalidated,2024010498428,2024,010498428,1,3,9,99,9,9,99,9,9,99,9,99,1,1,1,1,23,5,-1,-1,-1,-1,3,1,E01001969,0
Unvalidated,2024010498428,2024,010498428,2,9,9,99,9,9,99,9,9,99,9,99,9,9,6,3,-1,-1,-1,-1,-1,-1,-1,-1,-1,0
Unvalidated,2024010498432,2024,010498432,1,9,0,18,1,5,9,1,0,0,0,0,4,1,6,3,34,6,-1,-1,-1,-1,-1,-1,-1,0
Unvalidated,2024010498436,2024,010498436,1,9,0,4,5,1,0,0,0,0,0,0,3,1,6,1,23,5,-1,-1,-1,-1,-1,-1,-1,0
Unvalidated,2024010498438,2024,010498438,1,9,0,18,1,5,0,2,0,0,0,0,3,1,6,2,30,6,-1,-1,-1,-1,2,1,E01002530,0
Unvalidated,2024010498438,2024,010498438,2,3,0,13,5,1,0,2,0,0,0,0,1,1,1,1,36,7,-1,-1,-1,-1,5,1,E01003067,0
Unvalidated,2024010498441,2024,010498441,1,1,0,7,1,4,0,1,0,0,0,0,1,1,6,3,-1,-1,-1,-1,-1,-1,-1,-1,-1,0
Unvalidated,2024010498442,2024,010498442,1,9,0,99,9,9,99,0,9,99,9,99,3,9,6,1,58,9,-1,-1,-1,-1,6,1,E01001937,0
Unvalidated,2024010498444,2024,010498444,1,3,0,99,9,9,99,9,9,99,9,99,9,1,6,1,35,6,-1,-1,-1,-1,5,1,E01003312,0
Unvalidated,2024010498444,2024,010498444,2,9,0,99,9,9,99,9,9,99,9,99,9,9,6,3,34,6,-1,-1,-1,-1,-1,-1,-1,0
Unvalidated,2024010498446,2024,010498446,1,3,0,18,9,9,99,1,9,99,9,99,9,1,1,3,35,6,-1,-1,-1,-1,6,1,E01003149,0
Unvalidated,2024010498446,2024,010498446,2,9,9,5,9,9,99,1,9,99,9,99,9,9,6,3,-1,-1,-1,-1,-1,-1,-1,-1,-1,0
Unvalidated,2024010498447,2024,010498447,1,9,0,1,5,1,7,2,0,0,0,0,2,1,6,1,43,7,-1,-1,-1,-1,9,3,E01017701,0
Unvalidated,2024010498454,2024,010498454,1,19,0,3,2,6,0,5,0,0,0,0,1,1,1,1,40,7,-1,-1,-1,-1,2,1,E01000063,0
Unvalidated,2024010498454,2024,010498454,2,90,0,3,2,6,0,5,0,0,0,0,0,1,1,1,36,7,-1,-1,-1,-1,4,1,E01015930,0
Unvalidated,2024010498459,2024,010498459,1,9,0,18,5,1,0,0,0,0,0,0,1,1,3,2,39,7,-1,-1,-1,-1,10,1,E01002934,0
Unvalidated,2024010498459,2024,010498459,2,9,0,18,1,5,0,0,0,4,0,0,1,1,3,1,71,10,-1,-1,-1,-1,7,1,E01002972,0
Unvalidated,2024010498459,2024,010498459,3,9,0,2,0,0,0,0,0,0,0,0,3,1,6,3,-1,-1,-1,-1,-1,-1,-1,-1,-1,0
Unvalidated,2024010498463,2024,010498463,1,1,9,99,9,9,99,0,9,99,9,99,9,1,6,1,19,4,-1,-1,-1,-1,3,1,E01003605,0
Unvalidated,2024010498463,2024,010498463,2,9,0,99,9,9,99,0,9,99,9,99,1,9,6,3,-1,-1,-1,-1,-1,-1,-1,-1,-1,0
Unvalidated,2024010498468,2024,010498468,1,9,0,5,7,3,0,1,0,0,0,0,3,1,6,2,36,7,-1,-1,-1,-1,7,1,E01000347,0
Unvalidated,2024010498468,2024,010498468,2,11,0,18,7,3,0,1,0,0,0,0,1,1,1,1,49,8,-1,-1,-1,-1,4,1,E01000405,0
Unvalidated,2024010498475,2024,010498475,1,9,0,18,3,7,0,1,0,0,0,0,4,1,6,3,-1,-1,-1,-1,-1,-1,-1,-1,-1,0
Unvalidated,2024010498477,2024,010498477,1,19,0,1,3,7,9,5,0,0,1,0,2,1,1,1,38,7,-1,-1,-1,-1,3,1,E01015869,0
Unvalidated,2024010498487,2024,010498487,1,9,0,99,9,9,99,9,9,99,9,99,9,9,6,2,21,5,-1,-1,-1,-1,3,1,E01003539,0
Unvalidated,2024010498495,2024,010498495,1,9,0,18,1,5,0,1,0,0,0,0,3,1,2,1,35,6,-1,-1,-1,-1,6,1,E01002240,0
Unvalidated,2024010498495,2024,010498495,2,21,1,11,1,5,0,1,0,0,0,0,4,1,1,1,45,7,-1,-1,-1,-1,1,1,E01006050,0
Unvalidated,2024010498500,2024,010498500,1,19,0,18,6,2,0,2,0,0,0,0,1,1,6,3,-1,-1,-1,-1,-1,-1,-1,-1,-1,0
Unvalidated,2024010498501,2024,010498501,1,9,9,99,9,9,99,9,9,99,9,99,9,9,6,3,-1,-1,-1,-1,-1,-1,-1,-1,-1,0
Unvalidated,2024010498502,2024,010498502,1,9,0,9,5,2,0,8,0,0,0,0,1,1,6,2,54,8,-1,-1,-1,-1,2,1,E01001603,0
Unvalidated,2024010498502,2024,010498502,2,3,0,18,1,5,0,1,0,0,0,0,1,1,6,1,23,5,-1,-1,-1,-1,1,1,E01001178,0
Unvalidated,2024010498510,2024,010498510,1,5,0,99,9,9,99,9,9,99,9,99,2,1,6,1,30,6,-1,-1,-1,-1,6,1,E01002293,0
Unvalidated,2024010498510,2024,010498510,2,9,0,99,9,9,99,9,9,99,9,99,2,9,6,3,40,7,-1,-1,-1,-1,1,1,E01001813,0
Unvalidated,2024010498511,2024,010498511,1,9,0,99,9,9,99,9,9,99,9,99,9,9,6,2,33,6,-1,-1,-1,-1,1,1,E01003347,0
Unvalidated,2024010498512,2024,010498512,1,9,0,18,5,1,0,0,0,0,0,0,3,1,2,1,21,5,-1,-1,-1,-1,5,1,E01003787,0
Unvalidated,2024010498512,2024,010498512,2,21,1,11,5,1,0,0,0,0,0,0,4,1,1,1,35,6,-1,-1,-1,-1,5,1,E01029324,0
Unvalidated,2024010498513,2024,010498513,1,9,0,99,9,9,99,9,9,99,9,99,2,9,2,1,48,8,-1,-1,-1,-1,5,1,E01001294,0
Unvalidated,2024010498513,2024,010498513,2,9,0,99,9,9,99,9,9,99,9,99,1,9,6,1,35,6,-1,-1,-1,-1,5,1,E01002490,0
Unvalidated,2024010498513,2024,010498513,3,9,0,99,9,9,99,9,9,99,9,99,9,9,6,3,-1,-1,-1,-1,-1,-1,3,1,E01002400,0
Unvalidated,2024010498526,2024,010498526,1,97,0,18,4,8,0,1,0,0,0,0,1,1,6,1,-1,-1,-1,-1,-1,-1,-1,-1,-1,0
Unvalidated,2024010498527,2024,010498527,1,11,0,18,5,1,0,8,0,0,0,0,1,1,1,1,62,9,-1,-1,-1,-1,-1,-1,-1,0
Unvalidated,2024010498527,2024,010498527,2,1,0,9,5,3,0,8,0,0,0,0,2,1,6,2,28,6,-1,-1,-1,-1,2,1,E01001731,0
Unvalidated,2024010498528,2024,010498528,1,9,0,9,1,6,0,8,0,0,0,0,1,1,6,1,16,4,-1,-1,-1,-1,5,1,E01002591,0
Unvalidated,2024010498528,2024,010498528,2,9,0,18,7,3,0,8,0,7,0,0,4,1,2,2,23,5,-1,-1,-1,-1,5,1,E01002616,0
Unvalidated,2024010498528,2024,010498528,3,9,0,18,1,5,0,1,0,0,0,0,0,1,1,1,50,8,-1,-1,-1,-1,3,1,E01002612,0
Unvalidated,2024010498533,2024,010498533,1,9,0,18,5,1,0,2,1,11,1,7,1,1,6,1,39,7,-1,-1,-1,-1,2,1,E01001555,0
Unvalidated,2024010498533,2024,010498533,2,21,1,18,1,5,0,2,1,0,0,0,2,1,1,1,27,6,-1,-1,-1,-1,-1,-1,-1,0
Unvalidated,2024010498537,2024,010498537,1,9,0,18,7,3,0,1,0,0,0,0,1,1,6,1,24,5,-1,-1,-1,-1,3,1,E01002100,0
Unvalidated,2024010498537,2024,010498537,2,9,0,18,3,7,0,1,0,0,0,0,1,1,6,1,38,7,-1,-1,-1,-1,1,1,E01001424,0
Unvalidated,2024010498537,2024,010498537,3,9,0,9,1,7,0,1,0,0,0,0,1,1,6,1,25,5,-1,-1,-1,-1,2,1,E01000030,0
Unvalidated,2024010498545,2024,010498545,1,3,0,99,9,9,99,9,9,99,9,99,9,1,1,1,30,6,-1,-1,-1,-1,3,1,E01000637,0
Unvalidated,2024010498545,2024,010498545,2,9,0,99,9,9,99,9,9,99,9,99,9,9,6,3,-1,-1,-1,-1,-1,-1,-1,-1,-1,0
Unvalidated,2024010498558,2024,010498558,1,8,0,99,9,9,99,9,9,99,9,99,2,9,1,1,28,6,-1,-1,-1,-1,1,1,E01004257,0
Unvalidated,2024010498558,2024,010498558,2,8,0,99,9,9,99,9,9,99,9,99,1,9,6,3,-1,-1,-1,-1,-1,-1,2,1,E01004326,0
Unvalidated,2024010498560,2024,010498560,1,9,0,4,3,7,0,8,0,0,0,0,2,1,3,2,49,8,-1,-1,-1,-1,7,1,E01021765,0
Unvalidated,2024010498560,2024,010498560,2,9,0,3,3,7,0,8,0,0,0,0,1,1,3,2,37,7,-1,-1,-1,-1,-1,-1,-1,0
Unvalidated,2024010498564,2024,010498564,1,3,0,18,9,9,99,9,9,99,9,99,2,1,1,1,25,5,-1,-1,-1,-1,4,1,E01001854,0
Unvalidated,2024010498564,2024,010498564,2,9,0,18,9,9,99,9,9,99,9,99,1,9,6,3,-1,-1,-1,-1,-1,-1,-1,-1,-1,0
Unvalidated,2024010498571,2024,010498571,1,11,0,18,1,5,0,0,0,0,0,0,4,1,1,1,53,8,-1,-1,-1,-1,5,1,E01033740,0
Unvalidated,2024010498571,2024,010498571,2,1,0,18,1,5,0,0,0,0,0,0,3,1,1,1,26,6,-1,-1,-1,-1,-1,-1,-1,0
Unvalidated,2024010498572,2024,010498572,1,3,0,99,9,9,99,9,9,99,9,99,9,1,6,3,24,5,-1,-1,-1,-1,3,1,E01002100,0
Unvalidated,2024010498572,2024,010498572,2,9,0,99,9,9,99,9,9,99,9,99,9,9,6,3,-1,-1,-1,-1,-1,-1,-1,-1,-1,0
Unvalidated,2024010498575,2024,010498575,1,3,0,7,7,2,0,2,0,0,0,0,3,1,1,1,26,6,-1,-1,-1,-1,2,1,E01003633,0