status,collision_index,collision_year,collision_reference,vehicle_reference,vehicle_type,towing_and_articulation,vehicle_manoeuvre,vehicle_direction_from,vehicle_direction_to,vehicle_location_restricted_lane,junction_location,skidding_and_overturning,hit_object_in_carriageway,vehicle_leaving_carriageway,hit_object_off_carriageway,first_point_of_impact,vehicle_left_hand_drive,journey_purpose_of_driver,sex_of_driver,age_of_driver,age_band_of_driver,engine_capacity_cc,propulsion_code,age_of_vehicle,generic_make_model,driver_imd_decile,driver_home_area_type,lsoa_of_driver,escooter_flag
Unvalidated,2024010498575,2024,010498575,2,8,0,7,7,8,0,2,0,0,0,0,4,1,6,3,-1,-1,-1,-1,-1,-1,-1,-1,-1,0
Unvalidated,2024010498576,2024,010498576,1,3,0,99,9,9,99,9,9,99,9,99,9,1,1,1,46,8,-1,-1,-1,-1,2,1,E01002051,0
Unvalidated,2024010498576,2024,010498576,2,9,0,99,9,9,99,9,9,99,9,99,9,9,6,1,25,5,-1,-1,-1,-1,1,1,E01002790,0
Unvalidated,2024010498578,2024,010498578,1,4,0,13,3,7,0,1,2,0,0,0,1,1,2,1,39,7,-1,-1,-1,-1,4,1,E01002250,0
Unvalidated,2024010498578,2024,010498578,2,9,0,9,5,2,0,1,0,0,0,0,1,1,6,1,46,8,-1,-1,-1,-1,7,2,E01024430,0
Unvalidated,2024010498581,2024,010498581,1,9,0,18,1,5,0,3,0,0,0,0,1,1,6,1,33,6,-1,-1,-1,-1,5,2,E01024191,0
Unvalidated,2024010498581,2024,010498581,2,9,0,9,4,1,0,6,0,0,0,0,3,1,6,2,71,10,-1,-1,-1,-1,-1,-1,-1,0
Unvalidated,2024010498585,2024,010498585,1,9,0,9,5,3,0,8,0,0,0,0,4,1,3,2,51,8,-1,-1,-1,-1,8,1,E01004479,0
Unvalidated,2024010498585,2024,010498585,2,90,0,18,5,1,0,8,0,0,0,0,1,1,2,1,28,6,-1,-1,-1,-1,9,1,E01004559,1
Unvalidated,2024010498588,2024,010498588,1,9,0,17,7,3,0,2,0,0,0,0,2,1,6,2,44,7,-1,-1,-1,-1,-1,-1,-1,0
Unvalidated,2024010498588,2024,010498588,2,9,0,18,7,3,0,2,0,0,0,0,1,1,6,1,36,7,-1,-1,-1,-1,7,1,E01003270,0
Unvalidated,2024010498589,2024,010498589,1,3,0,99,9,9,99,9,9,99,9,99,1,1,2,1,30,6,-1,-1,-1,-1,6,1,E01003397,0
Unvalidated,2024010498589,2024,010498589,2,9,0,99,9,9,99,9,9,99,9,99,1,9,6,3,-1,-1,-1,-1,-1,-1,-1,-1,-1,0
Unvalidated,2024010498593,2024,010498593,1,9,0,99,9,9,99,9,9,99,9,99,2,9,2,2,39,7,-1,-1,-1,-1,2,1,E01004400,0
Unvalidated,2024010498593,2024,010498593,2,9,9,99,9,9,99,9,9,99,9,99,9,9,6,3,-1,-1,-1,-1,-1,-1,-1,-1,-1,0
Unvalidated,2024010498595,2024,010498595,1,1,9,99,9,9,99,9,9,99,9,99,9,1,2,1,37,7,-1,-1,-1,-1,2,1,E01001757,0
Unvalidated,2024010498595,2024,010498595,2,9,0,99,9,9,99,9,9,99,9,99,3,9,6,3,-1,-1,-1,-1,-1,-1,-1,-1,-1,0
Unvalidated,2024010498597,2024,010498597,1,5,0,18,3,7,0,0,1,0,1,2,2,1,1,1,46,8,-1,-1,-1,-1,3,1,E01002284,0
Unvalidated,2024010498597,2024,010498597,2,19,0,11,3,7,0,0,0,0,0,0,2,1,2,1,34,6,-1,-1,-1,-1,3,1,E01021418,0
Unvalidated,2024010498597,2024,010498597,3,8,0,2,0,0,9,0,0,0,0,0,1,1,6,3,-1,-1,-1,-1,-1,-1,-1,-1,-1,0
Unvalidated,2024010498599,2024,010498599,1,11,0,4,5,1,0,0,0,0,0,0,4,1,6,2,61,9,-1,-1,-1,-1,4,1,E01001183,0
Unvalidated,2024010498601,2024,010498601,1,1,9,99,9,9,99,9,9,99,9,99,9,1,2,2,31,6,-1,-1,-1,-1,3,1,E01004342,0
Unvalidated,2024010498601,2024,010498601,2,9,0,99,9,9,99,9,9,99,9,99,9,9,6,3,-1,-1,-1,-1,-1,-1,-1,-1,-1,0
Unvalidated,2024010498604,2024,010498604,1,19,0,18,8,4,0,0,0,10,1,2,1,1,1,1,57,9,-1,-1,-1,-1,6,1,E01001527,0
Unvalidated,2024010498605,2024,010498605,1,9,0,99,9,9,99,9,9,99,9,99,9,9,6,1,64,9,-1,-1,-1,-1,-1,-1,-1,0
Unvalidated,2024010498608,2024,010498608,1,9,9,99,9,9,99,9,9,99,9,99,9,9,6,3,-1,-1,-1,-1,-1,-1,-1,-1,-1,0
Unvalidated,2024010498609,2024,010498609,1,1,9,99,9,9,99,9,9,99,9,99,9,1,2,2,34,6,-1,-1,-1,-1,3,1,E01001752,0
Unvalidated,2024010498609,2024,010498609,2,9,0,99,9,9,99,9,9,99,9,99,9,9,6,3,48,8,-1,-1,-1,-1,5,1,E01000067,0
Unvalidated,2024010498611,2024,010498611,1,9,0,17,3,7,9,1,0,0,1,3,1,1,1,1,35,6,-1,-1,-1,-1,7,1,E01017705,0
Unvalidated,2024010498611,2024,010498611,2,9,0,9,1,7,0,6,0,0,0,0,0,1,6,3,-1,-1,-1,-1,-1,-1,-1,-1,-1,0
Unvalidated,2024010498612,2024,010498612,1,3,9,99,9,9,99,9,9,99,9,99,9,1,1,1,21,5,-1,-1,-1,-1,3,1,E01000481,0
Unvalidated,2024010498612,2024,010498612,2,9,9,99,9,9,99,9,9,99,9,99,9,9,6,3,-1,-1,-1,-1,-1,-1,-1,-1,-1,0
Unvalidated,2024010498614,2024,010498614,1,9,0,9,5,3,0,1,0,0,1,11,3,1,6,1,43,7,-1,-1,-1,-1,3,1,E01003068,0
Unvalidated,2024010498614,2024,010498614,2,9,0,13,1,5,0,1,0,0,0,0,3,1,6,3,-1,-1,-1,-1,-1,-1,-1,-1,-1,0
Unvalidated,2024010498616,2024,010498616,1,3,9,99,9,9,99,9,9,99,9,99,9,1,1,1,31,6,-1,-1,-1,-1,5,1,E01001659,0
Unvalidated,2024010498616,2024,010498616,2,9,9,99,9,9,99,9,9,99,9,99,9,9,6,3,-1,-1,-1,-1,-1,-1,-1,-1,-1,0
Unvalidated,2024010498618,2024,010498618,1,3,0,99,9,9,99,9,9,99,9,99,9,1,2,1,26,6,-1,-1,-1,-1,2,1,E01004260,0
Unvalidated,2024010498618,2024,010498618,2,9,0,99,9,9,99,9,9,99,9,99,9,9,6,3,-1,-1,-1,-1,-1,-1,-1,-1,-1,0
Unvalidated,2024010498621,2024,010498621,1,9,0,18,1,5,0,0,0,0,0,0,1,1,6,3,-1,-1,-1,-1,-1,-1,-1,-1,-1,0
Unvalidated,2024010498631,2024,010498631,1,9,0,9,1,6,0,1,0,4,1,0,1,1,6,1,21,5,-1,-1,-1,-1,5,1,E01001681,0
Unvalidated,2024010498631,2024,010498631,2,9,0,18,1,5,0,2,0,0,0,0,1,1,6,1,74,10,-1,-1,-1,-1,9,1,E01000452,0
Unvalidated,2024010498631,2024,010498631,3,9,0,18,5,1,0,6,0,0,0,0,0,1,1,2,30,6,-1,-1,-1,-1,5,1,E01001677,0
Unvalidated,2024010498640,2024,010498640,1,5,0,15,7,3,0,0,0,0,0,0,0,1,6,1,31,6,-1,-1,-1,-1,5,1,E01027826,0
Unvalidated,2024010498640,2024,010498640,2,9,0,12,7,3,0,0,0,0,0,0,1,1,6,3,-1,-1,-1,-1,-1,-1,-1,-1,-1,0
Unvalidated,2024010498647,2024,010498647,1,9,0,18,7,3,0,1,0,0,0,0,1,1,1,1,38,7,-1,-1,-1,-1,9,1,E01030830,0
Unvalidated,2024010498647,2024,010498647,2,9,0,18,7,3,0,1,0,0,0,0,2,1,2,2,41,7,-1,-1,-1,-1,4,1,E01024162,0
Unvalidated,2024010498647,2024,010498647,3,19,0,18,7,3,0,1,0,0,0,0,2,1,2,1,51,8,-1,-1,-1,-1,2,1,E01003514,0
Unvalidated,2024010498647,2024,010498647,4,9,0,18,7,3,0,1,0,0,0,0,2,1,2,2,43,7,-1,-1,-1,-1,7,1,E01024630,0
Unvalidated,2024010498648,2024,010498648,1,9,0,18,5,1,2,1,0,0,0,0,1,1,1,1,58,9,-1,-1,-1,-1,3,1,E01001742,0
Unvalidated,2024010498648,2024,010498648,2,8,0,9,1,7,0,1,0,0,0,0,3,1,1,1,36,7,-1,-1,-1,-1,5,1,E01024254,0
Unvalidated,2024010498651,2024,010498651,1,9,0,5,1,5,0,1,0,0,0,0,3,1,6,1,61,9,-1,-1,-1,-1,2,1,E01004268,0
Unvalidated,2024010498651,2024,010498651,2,1,0,16,1,5,0,1,0,0,0,0,1,1,1,1,41,7,-1,-1,-1,-1,1,1,E01004250,0
Unvalidated,2024010498654,2024,010498654,1,1,9,99,9,9,99,9,9,99,9,99,9,1,2,1,35,6,-1,-1,-1,-1,3,1,E01002711,0
Unvalidated,2024010498654,2024,010498654,2,9,0,99,9,9,99,9,9,99,9,99,9,9,6,3,53,8,-1,-1,-1,-1,2,1,E01002709,0
Unvalidated,2024010498655,2024,010498655,1,9,0,9,4,2,0,4,0,0,0,0,1,1,6,2,32,6,-1,-1,-1,-1,6,1,E01001236,0
Unvalidated,2024010498655,2024,010498655,2,1,0,18,7,3,0,3,0,0,0,0,1,1,6,1,74,10,-1,-1,-1,-1,-1,-1,-1,0
Unvalidated,2024010498656,2024,010498656,1,9,9,99,9,9,99,9,9,99,9,99,2,9,6,1,21,5,-1,-1,-1,-1,2,1,E01003546,0
Unvalidated,2024010498656,2024,010498656,2,98,9,99,9,9,99,9,9,99,9,99,2,9,6,3,31,6,-1,-1,-1,-1,8,1,E01021824,0
Unvalidated,2024010498664,2024,010498664,1,10,0,2,0,0,0,0,0,0,0,0,0,1,6,3,-1,-1,-1,-1,-1,-1,-1,-1,-1,0
Unvalidated,2024010498664,2024,010498664,2,9,0,1,3,7,0,0,0,0,0,0,2,1,6,1,21,5,-1,-1,-1,-1,2,1,E01003337,0
Unvalidated,2024010498664,2024,010498664,3,3,0,3,3,7,0,0,0,0,0,0,1,1,6,1,30,6,-1,-1,-1,-1,4,1,E01003213,0
Unvalidated,2024010498668,2024,010498668,1,9,0,18,1,5,0,0,5,7,0,0,3,1,6,1,39,7,-1,-1,-1,-1,3,1,E01000092,0
Unvalidated,2024010498673,2024,010498673,1,9,0,4,7,3,0,8,0,0,0,0,2,1,6,1,47,8,-1,-1,-1,-1,4,1,E01004330,0
Unvalidated,2024010498673,2024,010498673,2,9,0,18,7,3,0,8,0,0,0,0,1,1,6,1,49,8,-1,-1,-1,-1,6,1,E01015968,0
Unvalidated,2024010498673,2024,010498673,3,9,0,18,7,3,0,8,0,0,0,0,1,1,6,1,24,5,-1,-1,-1,-1,2,1,E01004239,0
Unvalidated,2024010498674,2024,010498674,1,9,0,7,5,8,0,5,0,0,1,0,4,1,6,1,64,9,-1,-1,-1,-1,5,1,E01002745,0
Unvalidated,2024010498674,2024,010498674,2,1,0,18,5,1,4,1,0,10,7,0,1,1,2,1,33,6,-1,-1,-1,-1,3,1,E01002058,0
Unvalidated,2024010498675,2024,010498675,1,1,9,99,9,9,99,0,9,99,9,99,1,1,6,3,-1,-1,-1,-1,-1,-1,-1,-1,-1,0
Unvalidated,2024010498676,2024,010498676,1,3,0,18,5,1,0,8,0,0,0,0,1,1,6,1,19,4,-1,-1,-1,-1,3,1,E01004425,0
Unvalidated,2024010498676,2024,010498676,2,9,0,18,3,7,0,8,0,0,0,0,4,1,6,1,23,5,-1,-1,-1,-1,2,1,E01001776,0
Unvalidated,2024010498678,2024,010498678,1,1,9,99,9,9,99,0,9,99,9,99,9,1,6,1,34,6,-1,-1,-1,-1,3,1,E01002047,0
Unvalidated,2024010498678,2024,010498678,2,11,0,99,9,9,99,0,9,99,9,99,9,9,6,3,-1,-1,-1,-1,-1,-1,-1,-1,-1,0
Unvalidated,2024010498680,2024,010498680,1,9,0,18,5,1,0,1,0,0,0,0,4,1,6,2,25,5,-1,-1,-1,-1,4,1,E01001140,0
Unvalidated,2024010498680,2024,010498680,2,9,0,18,5,1,0,1,0,0,0,0,3,1,6,1,29,6,-1,-1,-1,-1,4,1,E01003074,0
Unvalidated,2024010498680,2024,010498680,3,9,0,18,5,1,0,1,0,0,0,0,4,1,6,2,60,9,-1,-1,-1,-1,4,1,E01003255,0
Unvalidated,2024010498684,2024,010498684,1,3,0,12,5,1,0,2,0,0,0,0,1,1,6,1,24,5,-1,-1,-1,-1,2,1,E01002708,0
Unvalidated,2024010498684,2024,010498684,2,19,0,9,4,1,0,2,0,0,0,0,2,1,1,1,23,5,-1,-1,-1,-1,4,1,E01001435,0
Unvalidated,2024010498685,2024,010498685,1,9,0,5,5,1,0,8,0,0,0,0,1,1,6,1,30,6,-1,-1,-1,-1,3,1,E01000806,0
Unvalidated,2024010498685,2024,010498685,2,1,0,5,5,1,0,8,1,0,0,0,2,1,6,1,67,10,-1,-1,-1,-1,2,1,E01003044,0
Unvalidated,2024010498687,2024,010498687,1,9,0,99,9,9,99,9,9,99,9,99,3,9,6,2,27,6,-1,-1,-1,-1,2,1,E01033587,0
Unvalidated,2024010498687,2024,010498687,2,98,9,99,9,9,99,9,9,99,9,99,9,9,6,3,50,8,-1,-1,-1,-1,10,1,E01024150,0
Unvalidated,2024010498688,2024,010498688,1,9,0,99,9,9,99,9,9,99,9,99,9,9,6,2,30,6,-1,-1,-1,-1,9,1,E01017935,0
Unvalidated,2024010498688,2024,010498688,2,9,0,99,9,9,99,9,9,99,9,99,9,9,6,2,36,7,-1,-1,-1,-1,9,1,E01002537,0
Unvalidated,2024010498695,2024,010498695,1,9,0,7,5,7,0,6,0,0,0,0,1,1,6,3,-1,-1,-1,-1,-1,-1,-1,-1,-1,0
Unvalidated,2024010498695,2024,010498695,2,90,0,17,2,6,0,2,0,0,0,0,2,1,6,1,18,4,-1,-1,-1,-1,2,1,E01003310,1
Unvalidated,2024010498699,2024,010498699,1,1,9,99,9,9,99,9,9,99,9,99,9,1,2,1,23,5,-1,-1,-1,-1,5,1,E01000488,0
Unvalidated,2024010498699,2024,010498699,2,9,0,99,9,9,99,9,9,99,9,99,1,9,6,3,-1,-1,-1,-1,-1,-1,-1,-1,-1,0
Unvalidated,2024010498700,2024,010498700,1,9,0,17,6,2,0,1,0,0,7,0,1,1,6,1,32,6,-1,-1,-1,-1,-1,-1,-1,0
Unvalidated,2024010498700,2024,010498700,2,8,0,18,6,2,0,1,0,0,1,11,1,1,1,1,42,7,-1,-1,-1,-1,3,1,E01004212,0
Unvalidated,2024010498701,2024,010498701,1,9,0,18,5,1,0,8,0,0,0,0,1,1,6,1,34,6,-1,-1,-1,-1,7,1,E01000391,0
Unvalidated,2024010498701,2024,010498701,2,9,0,9,1,7,0,8,0,0,0,0,4,1,6,1,17,4,-1,-1,-1,-1,10,1,E01000348,0
Unvalidated,2024010498703,2024,010498703,1,9,0,18,1,5,0,8,0,0,0,0,0,1,6,1,25,5,-1,-1,-1,-1,3,1,E01001513,0
Unvalidated,2024010498707,2024,010498707,1,1,9,99,9,9,99,9,9,99,9,99,0,1,6,1,49,8,-1,-1,-1,-1,6,1,E01004059,0
Unvalidated,2024010498707,2024,010498707,2,9,0,99,9,9,99,9,9,99,9,99,0,9,6,3,-1,-1,-1,-1,-1,-1,-1,-1,-1,0
Unvalidated,2024010498709,2024,010498709,1,1,9,18,9,9,99,9,9,99,9,99,9,1,6,1,51,8,-1,-1,-1,-1,7,1,E01003475,0
Unvalidated,2024010498709,2024,010498709,2,19,0,11,9,9,99,9,9,99,9,99,9,9,6,1,26,6,-1,-1,-1,-1,7,3,E01022087,0
Unvalidated,2024010498710,2024,010498710,1,9,0,5,5,1,0,1,0,0,0,0,1,1,6,1,33,6,-1,-1,-1,-1,4,1,E01001174,0
Unvalidated,2024010498711,2024,010498711,1,3,0,7,7,1,0,1,0,0,0,0,1,1,2,1,23,5,-1,-1,-1,-1,4,1,E01004462,0
Unvalidated,2024010498711,2024,010498711,2,9,0,7,7,2,0,1,0,0,0,0,4,1,6,1,48,8,-1,-1,-1,-1,1,1,E01003515,0
Unvalidated,2024010498720,2024,010498720,1,9,0,4,7,3,0,1,0,0,0,0,2,1,6,2,38,7,-1,-1,-1,-1,4,1,E01017850,0
Unvalidated,2024010498720,2024,010498720,2,21,1,4,7,3,0,1,1,0,0,0,1,1,1,1,51,8,-1,-1,-1,-1,8,1,E01032994,0
Unvalidated,2024010498730,2024,010498730,1,9,0,9,6,3,0,0,0,0,0,0,1,1,6,1,42,7,-1,-1,-1,-1,5,1,E01002692,0
Unvalidated,2024010498730,2024,010498730,2,3,0,18,7,3,0,0,0,0,0,0,1,1,6,2,25,5,-1,-1,-1,-1,8,1,E01002658,0
Unvalidated,2024010498735,2024,010498735,1,3,3,13,3,7,0,1,2,0,0,0,4,1,6,1,20,4,-1,-1,-1,-1,10,1,E01003745,0
Unvalidated,2024010498735,2024,010498735,2,9,0,9,3,1,0,2,0,0,0,0,3,1,6,1,51,8,-1,-1,-1,-1,5,1,E01001829,0
Unvalidated,2024010498742,2024,010498742,1,9,0,18,3,7,0,1,0,0,0,0,4,1,6,1,51,8,-1,-1,-1,-1,2,1,E01000060,0
Unvalidated,2024010498745,2024,010498745,1,9,0,9,1,7,0,6,0,0,0,0,1,1,6,2,20,4,-1,-1,-1,-1,4,1,E01001497,0
Unvalidated,2024010498745,2024,010498745,2,9,0,18,7,3,0,1,0,0,0,0,1,1,6,1,32,6,-1,-1,-1,-1,8,1,E01001402,0
Unvalidated,2024010498745,2024,010498745,3,9,0,3,7,3,0,1,0,0,0,0,1,1,6,2,27,6,-1,-1,-1,-1,1,1,E01001558,0
Unvalidated,2024010498746,2024,010498746,1,19,0,5,1,5,0,8,0,0,0,0,4,1,1,1,29,6,-1,-1,-1,-1,6,1,E01002943,0
Unvalidated,2024010498746,2024,010498746,2,1,0,18,3,7,0,8,1,0,0,0,1,1,6,1,23,5,-1,-1,-1,-1,3,1,E01000641,0
Unvalidated,2024010498749,2024,010498749,1,9,0,9,8,5,0,5,0,4,0,0,1,1,6,2,55,8,-1,-1,-1,-1,4,1,E01001194,0
Unvalidated,2024010498749,2024,010498749,2,9,0,2,0,0,0,2,0,0,0,0,2,1,6,3,-1,-1,-1,-1,-1,-1,-1,-1,-1,0
Unvalidated,2024010498749,2024,010498749,3,9,0,2,0,0,0,2,0,0,0,0,2,1,6,3,-1,-1,-1,-1,-1,-1,-1,-1,-1,0
Unvalidated,2024010498752,2024,010498752,1,9,0,6,3,3,0,0,0,0,0,0,4,1,1,1,38,7,-1,-1,-1,-1,5,1,E01001881,0
Unvalidated,2024010498752,2024,010498752,2,11,0,4,3,7,0,0,0,0,0,0,1,1,6,1,42,7,-1,-1,-1,-1,1,1,E01004335,0
Unvalidated,2024010498753,2024,010498753,1,11,0,4,5,1,0,0,0,0,0,0,4,1,1,1,43,7,-1,-1,-1,-1,1,1,E01004209,0
Unvalidated,2024010498755,2024,010498755,1,1,9,99,9,9,99,9,9,99,9,99,9,1,2,1,38,7,-1,-1,-1,-1,7,1,E01003419,0
Unvalidated,2024010498755,2024,010498755,2,98,0,99,9,9,99,9,9,99,9,99,1,9,6,1,-1,-1,-1,-1,-1,-1,-1,-1,-1,0
Unvalidated,2024010498762,2024,010498762,1,9,0,14,4,8,0,0,0,0,0,0,1,1,1,1,48,8,-1,-1,-1,-1,-1,-1,-1,0
Unvalidated,2024010498765,2024,010498765,1,8,0,18,7,3,0,8,0,0,0,0,4,1,1,1,47,8,-1,-1,-1,-1,1,1,E01000528,0
Unvalidated,2024010498765,2024,010498765,2,21,0,18,7,3,0,1,0,0,0,0,1,1,6,2,23,5,-1,-1,-1,-1,-1,-1,-1,0
Unvalidated,2024010498766,2024,010498766,1,9,0,4,5,1,0,1,0,0,0,0,2,1,6,2,63,9,-1,-1,-1,-1,2,1,E01000729,0
Unvalidated,2024010498766,2024,010498766,2,1,0,18,1,5,0,1,5,0,1,0,1,1,6,1,36,7,-1,-1,-1,-1,2,1,E01032805,0
Unvalidated,2024010498769,2024,010498769,1,9,0,4,1,5,0,8,0,0,0,0,0,1,6,2,36,7,-1,-1,-1,-1,5,1,E01002292,0
Unvalidated,2024010498769,2024,010498769,2,9,0,4,5,1,0,8,0,0,0,0,2,1,6,1,30,6,-1,-1,-1,-1,7,1,E01002962,0
Unvalidated,2024010498770,2024,010498770,1,1,0,18,5,1,0,0,0,0,0,0,1,1,1,1,28,6,-1,-1,-1,-1,2,1,E01001367,0
Unvalidated,2024010498778,2024,010498778,1,9,0,18,5,1,0,1,0,0,1,0,1,1,6,1,81,11,-1,-1,-1,-1,10,1,E01030377,0
Unvalidated,2024010498778,2024,010498778,2,9,0,9,1,6,0,1,0,0,1,0,1,1,6,1,44,7,-1,-1,-1,-1,3,1,E01003182,0
Unvalidated,2024010498778,2024,010498778,3,9,0,9,1,6,0,1,0,0,1,0,2,1,6,2,56,9,-1,-1,-1,-1,4,1,E01001148,0
Unvalidated,2024010498778,2024,010498778,4,9,0,8,1,2,0,1,0,0,1,0,1,1,6,2,24,5,-1,-1,-1,-1,2,1,E01001014,0
Unvalidated,2024010498781,2024,010498781,1,3,0,99,9,9,99,0,9,99,9,99,9,1,1,1,36,7,-1,-1,-1,-1,-1,-1,-1,0
Unvalidated,2024010498784,2024,010498784,1,9,0,13,3,7,0,0,0,0,0,0,1,1,6,1,27,6,-1,-1,-1,-1,9,1,E01021786,0
Unvalidated,2024010498784,2024,010498784,2,9,0,12,3,7,0,0,1,0,0,0,2,1,6,2,35,6,-1,-1,-1,-1,3,1,E01015927,0
Unvalidated,2024010498787,2024,010498787,1,3,0,13,5,1,0,1,0,0,0,0,1,1,6,1,22,5,-1,-1,-1,-1,1,1,E01003207,0
Unvalidated,2024010498787,2024,010498787,2,19,0,10,1,6,0,1,0,0,0,0,3,1,1,1,33,6,-1,-1,-1,-1,3,1,E01003296,0
Unvalidated,2024010498788,2024,010498788,1,9,0,99,9,9,99,0,9,99,9,99,2,9,6,1,31,6,-1,-1,-1,-1,-1,-1,-1,0
Unvalidated,2024010498788,2024,010498788,2,9,0,99,9,9,0,0,0,0,0,0,1,1,6,2,-1,-1,-1,-1,-1,-1,-1,-1,-1,0
Unvalidated,2024010498790,2024,010498790,1,8,0,7,5,7,0,8,0,0,0,0,1,1,1,1,72,10,-1,-1,-1,-1,8,1,E01021744,0
Unvalidated,2024010498790,2024,010498790,2,1,0,18,3,7,0,8,0,0,0,0,1,1,2,2,28,6,-1,-1,-1,-1,3,1,E01004406,0
Unvalidated,2024010498793,2024,010498793,1,1,0,18,3,7,0,0,5,4,0,0,1,1,6,1,70,10,-1,-1,-1,-1,7,1,E01004605,0
Unvalidated,2024010498796,2024,010498796,1,11,0,18,6,2,0,1,0,0,0,0,0,1,1,1,24,5,-1,-1,-1,-1,2,1,E01000025,0
Unvalidated,2024010498800,2024,010498800,1,8,0,99,9,9,99,9,9,99,9,99,1,9,6,1,43,7,-1,-1,-1,-1,4,1,E01002792,0
Unvalidated,2024010498807,2024,010498807,1,11,0,4,1,5,0,1,0,0,0,0,0,1,1,2,32,6,-1,-1,-1,-1,3,1,E01032786,0
Unvalidated,2024010498808,2024,010498808,1,9,0,18,1,5,0,1,0,0,0,0,3,1,6,1,30,6,-1,-1,-1,-1,6,1,E01000857,0
Unvalidated,2024010498808,2024,010498808,2,9,0,18,7,3,0,1,0,0,0,0,1,1,6,1,63,9,-1,-1,-1,-1,9,1,E01003423,0
Unvalidated,2024010498810,2024,010498810,1,9,0,99,9,9,99,9,9,99,9,99,2,9,6,2,26,6,-1,-1,-1,-1,4,1,E01003722,0
Unvalidated,2024010498810,2024,010498810,2,19,0,99,9,9,99,9,9,99,9,99,1,9,6,3,-1,-1,-1,-1,-1,-1,-1,-1,-1,0
Unvalidated,2024010498812,2024,010498812,1,9,0,14,1,5,0,2,0,0,0,0,1,1,2,2,34,6,-1,-1,-1,-1,4,1,E01002899,0
Unvalidated,2024010498815,2024,010498815,1,9,0,9,2,7,0,5,0,0,0,0,4,1,6,2,55,8,-1,-1,-1,-1,5,1,E01001829,0
Unvalidated,2024010498815,2024,010498815,2,5,0,18,7,3,0,1,5,0,0,0,1,1,6,1,34,6,-1,-1,-1,-1,2,1,E01003483,0
Unvalidated,2024010498817,2024,010498817,1,9,0,99,9,9,99,9,9,99,9,99,2,9,6,2,53,8,-1,-1,-1,-1,3,1,E01004064,0
Unvalidated,2024010498817,2024,010498817,2,9,0,99,9,9,99,9,9,99,9,99,1,9,6,3,21,5,-1,-1,-1,-1,2,1,E01000789,0
Unvalidated,2024010498823,2024,010498823,1,11,0,9,5,3,0,1,0,0,7,0,1,1,1,1,49,8,-1,-1,-1,-1,2,1,E01003558,0
Unvalidated,2024010498823,2024,010498823,2,1,0,18,1,5,0,8,0,0,0,0,1,1,6,1,24,5,-1,-1,-1,-1,-1,-1,-1,0
Unvalidated,2024010498824,2024,010498824,1,9,9,99,9,9,99,9,9,99,9,99,9,1,6,1,64,9,-1,-1,-1,-1,2,1,E01002767,0
Unvalidated,2024010498825,2024,010498825,1,8,0,99,9,9,99,9,9,99,9,99,9,9,6,1,24,5,-1,-1,-1,-1,2,1,E01003059,0
Unvalidated,2024010498825,2024,010498825,2,9,0,99,9,9,99,9,9,99,9,99,1,9,6,3,81,11,-1,-1,-1,-1,9,3,E01012233,0
Unvalidated,2024010498828,2024,010498828,1,9,0,7,5,8,0,5,0,0,0,0,4,1,6,1,33,6,-1,-1,-1,-1,5,3,E01026523,0
Unvalidated,2024010498828,2024,010498828,2,3,0,18,5,1,0,8,0,0,0,0,3,1,6,1,56,9,-1,-1,-1,-1,3,1,E01003606,0
Unvalidated,2024010498830,2024,010498830,1,9,0,18,1,5,0,0,0,0,0,0,1,1,6,1,24,5,-1,-1,-1,-1,7,3,E01030569,0
Unvalidated,2024010498830,2024,010498830,2,1,0,5,1,5,0,0,0,0,0,0,4,1,6,2,10,2,-1,-1,-1,-1,4,1,E01001023,0
Unvalidated,2024010498832,2024,010498832,1,9,0,99,9,9,99,9,9,99,9,99,2,9,6,1,44,7,-1,-1,-1,-1,5,1,E01003224,0
Unvalidated,2024010498832,2024,010498832,2,9,0,99,9,9,99,9,9,99,9,99,1,9,6,3,-1,-1,-1,-1,-1,-1,4,1,E01000792,0
Unvalidated,2024010498837,2024,010498837,1,11,0,17,1,5,0,8,0,0,0,0,1,1,1,1,38,7,-1,-1,-1,-1,3,1,E01003567,0
Unvalidated,2024010498838,2024,010498838,1,11,0,4,5,1,2,1,0,0,0,0,0,1,1,1,47,8,-1,-1,-1,-1,8,1,E01000420,0
Unvalidated,2024010498840,2024,010498840,1,11,0,18,5,1,0,4,0,0,0,0,0,1,6,1,46,8,-1,-1,-1,-1,3,1,E01002559,0
Unvalidated,2024010498841,2024,010498841,1,9,0,18,7,3,0,0,0,4,0,0,3,1,6,1,47,8,-1,-1,-1,-1,3,1,E01033583,0
Unvalidated,2024010498841,2024,010498841,2,9,0,2,0,0,6,0,0,0,0,0,1,1,6,3,-1,-1,-1,-1,-1,-1,-1,-1,-1,0
Unvalidated,2024010498841,2024,010498841,3,9,0,2,0,0,6,0,0,0,0,0,3,1,6,3,-1,-1,-1,-1,-1,-1,-1,-1,-1,0
Unvalidated,2024010498841,2024,010498841,4,9,0,18,7,3,0,0,0,4,0,0,1,1,1,1,94,11,-1,-1,-1,-1,4,1,E01003666,0