status,collision_index,collision_year,collision_reference,vehicle_reference,vehicle_type,towing_and_articulation,vehicle_manoeuvre,vehicle_direction_from,vehicle_direction_to,vehicle_location_restricted_lane,junction_location,skidding_and_overturning,hit_object_in_carriageway,vehicle_leaving_carriageway,hit_object_off_carriageway,first_point_of_impact,vehicle_left_hand_drive,journey_purpose_of_driver,sex_of_driver,age_of_driver,age_band_of_driver,engine_capacity_cc,propulsion_code,age_of_vehicle,generic_make_model,driver_imd_decile,driver_home_area_type,lsoa_of_driver,escooter_flag
Unvalidated,2024010498846,2024,010498846,1,9,0,9,1,7,0,5,0,0,0,0,1,1,6,3,39,7,-1,-1,-1,-1,-1,-1,-1,0
Unvalidated,2024010498846,2024,010498846,2,3,0,18,5,1,0,8,0,0,0,0,3,1,2,1,26,6,-1,-1,-1,-1,4,1,E01003560,0
Unvalidated,2024010498847,2024,010498847,1,9,0,17,1,7,0,0,5,0,1,9,1,1,6,1,46,8,-1,-1,-1,-1,-1,-1,-1,0
Unvalidated,2024010498848,2024,010498848,1,9,0,18,7,3,0,1,0,0,0,0,1,1,6,1,33,6,-1,-1,-1,-1,3,1,E01003708,0
Unvalidated,2024010498848,2024,010498848,2,3,0,18,7,3,0,1,0,0,0,0,2,1,6,1,30,6,-1,-1,-1,-1,6,1,E01003698,0
Unvalidated,2024010498849,2024,010498849,1,3,0,5,7,3,0,0,0,0,0,0,1,1,1,1,20,4,-1,-1,-1,-1,4,1,E01004142,0
Unvalidated,2024010498853,2024,010498853,1,9,0,7,7,1,0,5,0,0,0,0,1,1,6,3,-1,-1,-1,-1,-1,-1,-1,-1,-1,0
Unvalidated,2024010498855,2024,010498855,1,9,0,18,1,5,0,3,0,0,0,0,3,1,6,2,50,8,-1,-1,-1,-1,9,1,E01001454,0
Unvalidated,2024010498855,2024,010498855,2,3,0,13,1,5,0,3,0,0,0,0,4,1,6,1,22,5,-1,-1,-1,-1,2,1,E01002068,0
Unvalidated,2024010498859,2024,010498859,1,11,0,18,7,3,0,8,0,0,0,0,1,1,1,2,49,8,-1,-1,-1,-1,3,1,E01000082,0
Unvalidated,2024010498860,2024,010498860,1,9,0,18,5,1,0,1,0,0,0,0,4,1,2,1,46,8,-1,-1,-1,-1,4,1,E01017570,0
Unvalidated,2024010498868,2024,010498868,1,21,1,18,5,1,0,1,0,0,0,0,1,1,1,1,38,7,-1,-1,-1,-1,2,1,E01027243,0
Unvalidated,2024010498870,2024,010498870,1,9,0,99,9,9,99,9,9,99,9,99,2,9,6,2,29,6,-1,-1,-1,-1,5,1,E01023537,0
Unvalidated,2024010498870,2024,010498870,2,9,0,99,9,9,99,9,9,99,9,99,1,9,6,3,-1,-1,-1,-1,-1,-1,-1,-1,-1,0
Unvalidated,2024010498871,2024,010498871,1,8,0,99,9,9,99,9,9,99,9,99,9,9,1,1,55,8,-1,-1,-1,-1,2,1,E01000126,0
Unvalidated,2024010498871,2024,010498871,2,9,0,99,9,9,99,9,9,99,9,99,1,9,6,3,-1,-1,-1,-1,-1,-1,-1,-1,-1,0
Unvalidated,2024010498872,2024,010498872,1,9,0,99,9,9,99,9,9,99,9,99,9,9,6,1,23,5,-1,-1,-1,-1,5,1,E01001029,0
Unvalidated,2024010498874,2024,010498874,1,1,9,99,9,9,99,9,9,99,9,99,9,1,2,1,30,6,-1,-1,-1,-1,3,1,E01002085,0
Unvalidated,2024010498874,2024,010498874,2,9,0,99,9,9,99,9,9,99,9,99,9,9,6,3,-1,-1,-1,-1,-1,-1,3,1,E01001825,0
Unvalidated,2024010498879,2024,010498879,1,11,0,18,7,3,0,0,0,0,0,0,1,1,1,1,59,9,-1,-1,-1,-1,4,1,E01000634,0
Unvalidated,2024010498880,2024,010498880,1,9,0,18,5,1,0,0,0,0,0,0,1,1,6,3,24,5,-1,-1,-1,-1,-1,-1,-1,0
Unvalidated,2024010498880,2024,010498880,2,19,0,18,1,5,0,0,0,0,0,0,1,1,6,1,58,9,-1,-1,-1,-1,5,1,E01000337,0
Unvalidated,2024010498880,2024,010498880,3,19,0,18,1,5,0,0,0,0,0,0,1,1,6,1,70,10,-1,-1,-1,-1,-1,-1,-1,0
Unvalidated,2024010498881,2024,010498881,1,3,0,18,3,7,0,0,0,0,0,0,1,1,1,1,25,5,-1,-1,-1,-1,3,1,E01004448,0
Unvalidated,2024010498882,2024,010498882,1,8,0,4,5,1,0,0,0,0,1,0,0,1,1,1,59,9,-1,-1,-1,-1,2,1,E01000014,0
Unvalidated,2024010498884,2024,010498884,1,8,0,18,5,1,0,8,0,0,1,0,3,1,1,1,36,7,-1,-1,-1,-1,4,1,E01003718,0
Unvalidated,2024010498884,2024,010498884,2,9,0,9,1,6,0,1,0,0,0,0,3,2,6,1,25,5,-1,-1,-1,-1,1,1,E01009566,0
Unvalidated,2024010498886,2024,010498886,1,9,0,18,7,3,0,8,0,4,8,1,1,1,6,1,32,6,-1,-1,-1,-1,2,1,E01001875,0
Unvalidated,2024010498886,2024,010498886,2,9,0,2,0,0,6,8,0,4,0,0,0,1,6,3,-1,-1,-1,-1,-1,-1,-1,-1,-1,0
Unvalidated,2024010498889,2024,010498889,1,9,0,18,7,3,0,0,0,4,0,0,1,1,6,2,65,9,-1,-1,-1,-1,3,1,E01000689,0
Unvalidated,2024010498889,2024,010498889,2,9,0,4,5,1,0,0,0,0,7,4,1,1,6,1,25,5,-1,-1,-1,-1,4,1,E01000802,0
Unvalidated,2024010498890,2024,010498890,1,3,0,18,5,1,0,1,0,0,0,0,1,1,6,1,35,6,-1,-1,-1,-1,3,1,E01001887,0
Unvalidated,2024010498890,2024,010498890,2,9,0,9,5,3,0,7,0,0,0,0,1,1,6,3,-1,-1,-1,-1,-1,-1,-1,-1,-1,0
Unvalidated,2024010498892,2024,010498892,1,9,0,18,7,3,0,0,0,0,0,0,2,1,6,1,45,7,-1,-1,-1,-1,2,1,E01002077,0
Unvalidated,2024010498892,2024,010498892,2,1,0,18,3,7,0,0,0,0,0,0,3,1,6,1,34,6,-1,-1,-1,-1,1,1,E01002095,0
Unvalidated,2024010498892,2024,010498892,3,9,0,13,7,3,0,0,0,0,0,0,1,1,6,1,41,7,-1,-1,-1,-1,4,1,E01002088,0
Unvalidated,2024010498893,2024,010498893,1,8,0,7,3,5,0,2,0,0,0,0,3,1,1,1,43,7,-1,-1,-1,-1,7,1,E01000723,0
Unvalidated,2024010498895,2024,010498895,1,3,0,7,7,1,0,7,0,0,0,0,3,1,1,1,35,6,-1,-1,-1,-1,-1,-1,-1,0
Unvalidated,2024010498895,2024,010498895,2,9,0,7,7,1,0,1,0,0,0,0,4,1,6,2,23,5,-1,-1,-1,-1,10,1,E01026352,0
Unvalidated,2024010498902,2024,010498902,1,9,0,18,4,8,0,1,0,0,0,0,1,1,6,1,61,9,-1,-1,-1,-1,-1,-1,-1,0
Unvalidated,2024010498902,2024,010498902,2,1,0,18,6,2,0,1,0,0,0,0,1,1,6,1,14,3,-1,-1,-1,-1,3,1,E01004331,0
Unvalidated,2024010498906,2024,010498906,1,1,0,18,2,6,0,8,0,0,0,0,2,1,4,2,24,5,-1,-1,-1,-1,1,1,E01000953,0
Unvalidated,2024010498906,2024,010498906,2,9,0,7,2,4,0,6,0,0,0,0,2,1,6,1,31,6,-1,-1,-1,-1,4,1,E01000928,0
Unvalidated,2024010498913,2024,010498913,1,1,9,99,9,9,99,9,9,99,9,99,1,1,1,1,35,6,-1,-1,-1,-1,6,1,E01003013,0
Unvalidated,2024010498913,2024,010498913,2,8,0,99,9,9,99,9,9,99,9,99,9,9,6,3,49,8,-1,-1,-1,-1,4,1,E01003106,0
Unvalidated,2024010498917,2024,010498917,1,9,0,18,5,1,0,0,0,0,0,0,2,1,6,1,52,8,-1,-1,-1,-1,3,1,E01004421,0
Unvalidated,2024010498922,2024,010498922,1,11,0,18,2,6,2,0,0,0,0,0,4,1,1,1,28,6,-1,-1,-1,-1,5,1,E01000071,0
Unvalidated,2024010498940,2024,010498940,1,3,0,13,5,1,0,8,0,0,0,0,1,1,1,1,29,6,-1,-1,-1,-1,5,1,E01003392,0
Unvalidated,2024010498940,2024,010498940,2,9,0,3,5,1,0,8,0,0,0,0,2,1,6,1,57,9,-1,-1,-1,-1,5,3,E01021694,0
Unvalidated,2024010498941,2024,010498941,1,8,0,18,7,3,0,2,0,0,0,0,1,1,1,1,57,9,-1,-1,-1,-1,10,1,E01024151,0
Unvalidated,2024010498941,2024,010498941,2,1,0,9,5,3,0,6,0,0,0,0,2,1,1,1,34,6,-1,-1,-1,-1,2,1,E01033601,0
Unvalidated,2024010498953,2024,010498953,1,11,0,18,7,3,0,1,0,0,0,0,0,1,1,1,19,4,-1,-1,-1,-1,3,1,E01003603,0
Unvalidated,2024010498955,2024,010498955,1,3,0,99,9,9,99,1,9,99,9,99,9,1,6,1,25,5,-1,-1,-1,-1,3,1,E01004325,0
Unvalidated,2024010498955,2024,010498955,2,19,0,99,9,9,99,6,9,99,9,99,3,9,6,3,-1,-1,-1,-1,-1,-1,-1,-1,-1,0
Unvalidated,2024010498960,2024,010498960,1,1,9,99,9,9,99,9,9,99,9,99,1,1,2,1,24,5,-1,-1,-1,-1,6,1,E01004712,0
Unvalidated,2024010498960,2024,010498960,2,9,0,99,9,9,99,9,9,99,9,99,1,9,6,2,-1,-1,-1,-1,-1,-1,-1,1,-1,0
Unvalidated,2024010498970,2024,010498970,1,9,0,9,7,5,0,6,0,0,0,0,3,1,6,1,77,11,-1,-1,-1,-1,10,3,E01024724,0
Unvalidated,2024010498970,2024,010498970,2,9,0,18,5,1,0,1,0,0,0,0,1,1,6,1,28,6,-1,-1,-1,-1,9,1,E01000804,0
Unvalidated,2024010498989,2024,010498989,1,9,0,18,5,1,0,6,0,0,0,0,0,1,1,1,49,8,-1,-1,-1,-1,3,1,E01003221,0
Unvalidated,2024010498989,2024,010498989,2,3,0,18,5,1,0,6,1,10,0,0,0,1,6,1,36,7,-1,-1,-1,-1,5,1,E01000982,0
Unvalidated,2024010498989,2024,010498989,3,9,0,18,5,1,0,8,1,0,0,0,0,1,6,1,24,5,-1,-1,-1,-1,2,1,E01001693,0
Unvalidated,2024010498990,2024,010498990,1,9,0,18,5,1,0,0,0,0,0,0,1,1,6,1,24,5,-1,-1,-1,-1,2,1,E01001693,0
Unvalidated,2024010498990,2024,010498990,2,9,0,18,5,1,0,0,0,0,0,0,4,1,6,3,-1,-1,-1,-1,-1,-1,-1,-1,-1,0
Unvalidated,2024010498990,2024,010498990,3,9,0,18,1,5,0,0,0,0,0,0,4,1,6,1,31,6,-1,-1,-1,-1,-1,-1,-1,0
Unvalidated,2024010498990,2024,010498990,4,9,0,18,5,1,0,0,0,0,0,0,0,1,6,1,50,8,-1,-1,-1,-1,3,1,E01003221,0
Unvalidated,2024010498990,2024,010498990,5,9,0,18,5,1,0,0,0,0,0,0,2,1,6,1,67,10,-1,-1,-1,-1,4,1,E01033320,0
Unvalidated,2024010498990,2024,010498990,6,19,0,18,5,1,0,0,0,0,0,0,2,1,6,1,26,6,-1,-1,-1,-1,3,1,E01016952,0
Unvalidated,2024010498991,2024,010498991,1,9,0,18,7,3,0,1,0,0,0,0,2,1,6,1,62,9,-1,-1,-1,-1,5,1,E01026264,0
Unvalidated,2024010498991,2024,010498991,2,9,0,18,7,3,0,1,0,0,0,0,2,1,6,2,58,9,-1,-1,-1,-1,3,1,E01002264,0
Unvalidated,2024010498991,2024,010498991,3,9,0,18,7,3,0,1,1,0,1,3,1,1,6,3,-1,-1,-1,-1,-1,-1,-1,-1,-1,0
Unvalidated,2024010498994,2024,010498994,1,9,0,18,2,6,0,1,0,10,7,11,1,1,6,2,59,9,-1,-1,-1,-1,4,1,E01000788,0
Unvalidated,2024010498994,2024,010498994,2,9,0,18,2,6,0,2,0,0,0,0,1,1,2,1,60,9,-1,-1,-1,-1,7,1,E01016728,0
Unvalidated,2024010498999,2024,010498999,1,3,0,18,7,3,0,1,0,0,0,0,1,1,1,1,25,5,-1,-1,-1,-1,3,1,E01002645,0
Unvalidated,2024010498999,2024,010498999,2,9,0,3,7,3,0,1,0,0,0,0,2,2,2,1,50,8,-1,-1,-1,-1,4,1,-1,0
Unvalidated,2024010499000,2024,010499000,1,3,0,18,3,7,0,8,0,0,0,0,1,1,1,1,22,5,-1,-1,-1,-1,6,1,E01000584,0
Unvalidated,2024010499002,2024,010499002,1,9,0,99,9,9,0,9,0,0,0,0,2,9,6,1,37,7,-1,-1,-1,-1,5,1,E01002123,0
Unvalidated,2024010499002,2024,010499002,2,9,0,99,9,9,0,9,0,0,0,0,9,9,6,3,36,7,-1,-1,-1,-1,5,1,E01002123,0
Unvalidated,2024010499002,2024,010499002,3,9,0,99,9,9,0,9,0,0,9,99,9,9,6,3,-1,-1,-1,-1,-1,-1,-1,-1,-1,0
Unvalidated,2024010499003,2024,010499003,1,9,0,9,5,3,0,8,0,0,0,0,1,1,6,1,39,7,-1,-1,-1,-1,5,1,E01004346,0
Unvalidated,2024010499005,2024,010499005,1,11,0,14,5,1,0,1,0,0,0,0,1,1,1,1,73,10,-1,-1,-1,-1,4,1,E01000112,0
Unvalidated,2024010499006,2024,010499006,1,9,0,4,7,3,0,2,0,0,0,0,1,1,6,2,27,6,-1,-1,-1,-1,3,1,E01001629,0
Unvalidated,2024010499006,2024,010499006,2,9,0,3,7,3,0,2,0,0,0,0,2,1,6,1,31,6,-1,-1,-1,-1,2,1,E01024311,0
Unvalidated,2024010499006,2024,010499006,3,9,0,3,7,3,0,2,0,0,0,0,2,1,6,1,61,9,-1,-1,-1,-1,4,1,E01003166,0
Unvalidated,2024010499008,2024,010499008,1,1,9,99,9,9,99,9,9,99,9,99,1,1,6,1,20,4,-1,-1,-1,-1,-1,-1,-1,0
Unvalidated,2024010499008,2024,010499008,2,19,0,99,9,9,99,9,9,99,9,99,0,9,6,3,-1,-1,-1,-1,-1,-1,3,1,E01001789,0
Unvalidated,2024010499015,2024,010499015,1,9,0,9,1,7,0,1,0,10,1,2,1,1,6,1,34,6,-1,-1,-1,-1,6,1,E01000582,0
Unvalidated,2024010499018,2024,010499018,1,9,0,99,9,9,99,9,9,99,9,99,2,1,6,3,-1,-1,-1,-1,-1,-1,-1,-1,-1,0
Unvalidated,2024010499018,2024,010499018,2,9,0,99,9,9,99,9,9,99,9,99,2,1,6,1,-1,-1,-1,-1,-1,-1,-1,-1,-1,0
Unvalidated,2024010499018,2024,010499018,3,9,0,99,9,9,0,9,0,99,9,99,2,1,6,2,43,7,-1,-1,-1,-1,3,1,E01001445,0
Unvalidated,2024010499022,2024,010499022,1,3,0,18,3,7,0,4,0,0,0,0,4,1,1,1,27,6,-1,-1,-1,-1,4,1,E01002665,0
Unvalidated,2024010499022,2024,010499022,2,9,0,18,5,1,0,4,0,0,0,0,1,1,1,1,25,5,-1,-1,-1,-1,3,1,E01001373,0
Unvalidated,2024010499023,2024,010499023,1,3,0,6,1,1,0,0,1,0,0,0,1,1,6,1,44,7,-1,-1,-1,-1,5,1,E01001998,0
Unvalidated,2024010499023,2024,010499023,2,19,0,18,1,5,0,0,0,0,0,0,1,1,1,1,34,6,-1,-1,-1,-1,4,1,E01004396,0
Unvalidated,2024010499025,2024,010499025,1,9,0,9,3,1,0,1,0,0,0,0,4,1,6,1,-1,-1,-1,-1,-1,-1,-1,-1,-1,0
Unvalidated,2024010499025,2024,010499025,2,3,0,18,7,3,0,2,0,0,1,0,1,1,6,1,39,7,-1,-1,-1,-1,4,1,E01004419,0
Unvalidated,2024010499031,2024,010499031,1,3,0,99,9,9,99,9,9,99,9,99,1,1,1,1,31,6,-1,-1,-1,-1,7,1,E01017839,0
Unvalidated,2024010499031,2024,010499031,2,9,9,99,9,9,99,9,9,99,9,99,9,9,6,3,-1,-1,-1,-1,-1,-1,-1,-1,-1,0
Unvalidated,2024010499035,2024,010499035,1,9,9,99,9,9,0,9,9,99,9,99,1,9,6,3,-1,-1,-1,-1,-1,-1,-1,-1,-1,0
Unvalidated,2024010499035,2024,010499035,2,1,0,18,5,1,0,9,0,0,9,99,2,1,6,1,34,6,-1,-1,-1,-1,7,3,E01002438,0
Unvalidated,2024010499037,2024,010499037,1,4,0,18,9,9,99,9,9,99,9,99,1,1,2,1,22,5,-1,-1,-1,-1,2,1,E01003253,0
Unvalidated,2024010499037,2024,010499037,2,9,0,5,9,9,99,9,9,99,9,99,1,9,6,3,-1,-1,-1,-1,-1,-1,-1,-1,-1,0
Unvalidated,2024010499039,2024,010499039,1,3,9,3,9,9,99,1,9,99,9,99,2,1,1,1,48,8,-1,-1,-1,-1,1,1,E01002040,0
Unvalidated,2024010499039,2024,010499039,2,9,9,18,9,9,99,1,9,99,9,99,1,9,6,3,-1,-1,-1,-1,-1,-1,-1,-1,-1,0
Unvalidated,2024010499044,2024,010499044,1,3,0,99,9,9,99,9,9,99,9,99,9,1,1,3,22,5,-1,-1,-1,-1,2,1,E01003636,0
Unvalidated,2024010499044,2024,010499044,2,9,9,99,9,9,99,9,9,99,9,99,9,9,6,3,-1,-1,-1,-1,-1,-1,-1,-1,-1,0
Unvalidated,2024010499046,2024,010499046,1,1,9,99,9,9,99,0,9,99,9,99,9,1,6,1,32,6,-1,-1,-1,-1,5,1,E01004521,0
Unvalidated,2024010499046,2024,010499046,2,9,0,99,9,9,99,0,9,99,9,99,3,1,6,3,-1,-1,-1,-1,-1,-1,-1,-1,-1,0
Unvalidated,2024010499047,2024,010499047,1,3,9,99,9,9,99,1,9,99,9,99,9,1,1,3,31,6,-1,-1,-1,-1,4,1,E01016130,0
Unvalidated,2024010499047,2024,010499047,2,9,9,99,9,9,99,6,9,99,9,99,9,9,6,3,-1,-1,-1,-1,-1,-1,-1,-1,-1,0
Unvalidated,2024010499055,2024,010499055,1,3,9,99,9,9,99,9,9,99,9,99,1,1,1,1,20,4,-1,-1,-1,-1,1,1,E01002038,0
Unvalidated,2024010499055,2024,010499055,2,9,9,99,9,9,99,9,9,99,9,99,9,9,6,3,-1,-1,-1,-1,-1,-1,-1,-1,-1,0
Unvalidated,2024010499056,2024,010499056,1,3,0,99,9,9,99,9,9,99,9,99,9,1,2,1,27,6,-1,-1,-1,-1,2,1,E01000482,0
Unvalidated,2024010499056,2024,010499056,2,9,9,99,9,9,99,9,9,99,9,99,9,9,6,3,-1,-1,-1,-1,-1,-1,-1,-1,-1,0
Unvalidated,2024010499060,2024,010499060,1,9,0,99,9,9,99,9,9,99,9,99,2,9,6,3,-1,-1,-1,-1,-1,-1,-1,-1,-1,0
Unvalidated,2024010499061,2024,010499061,1,9,9,99,9,9,99,9,9,99,0,0,9,9,6,3,-1,-1,-1,-1,-1,-1,-1,-1,-1,0
Unvalidated,2024010499063,2024,010499063,1,3,0,99,9,9,99,9,9,99,9,99,9,1,1,1,25,5,-1,-1,-1,-1,2,1,E01001433,0
Unvalidated,2024010499063,2024,010499063,2,9,9,99,9,9,99,9,9,99,9,99,9,9,6,3,-1,-1,-1,-1,-1,-1,-1,-1,-1,0
Unvalidated,2024010499065,2024,010499065,1,97,9,14,3,7,99,9,9,99,9,99,9,1,6,1,29,6,-1,-1,-1,-1,7,1,E01000714,0
Unvalidated,2024010499065,2024,010499065,2,19,9,9,7,4,99,9,9,99,9,99,9,9,6,3,-1,-1,-1,-1,-1,-1,-1,-1,-1,0
Unvalidated,2024010499073,2024,010499073,1,3,0,99,9,9,99,9,9,99,9,99,9,1,2,3,31,6,-1,-1,-1,-1,6,1,E01002298,0
Unvalidated,2024010499073,2024,010499073,2,9,0,99,9,9,99,9,9,99,9,99,9,9,6,3,48,8,-1,-1,-1,-1,3,1,E01001546,0
Unvalidated,2024010499077,2024,010499077,1,90,0,18,1,5,9,5,0,0,3,0,2,1,1,1,33,6,-1,-1,-1,-1,5,1,E01002443,0
Unvalidated,2024010499077,2024,010499077,2,3,0,18,3,7,0,1,0,0,0,0,1,1,2,1,22,5,-1,-1,-1,-1,3,1,E01002585,0
Unvalidated,2024010499080,2024,010499080,1,1,9,99,9,9,99,9,9,99,9,99,9,1,6,1,34,6,-1,-1,-1,-1,2,1,E01002786,0
Unvalidated,2024010499080,2024,010499080,2,9,0,99,9,9,99,9,9,99,9,99,9,9,6,3,-1,-1,-1,-1,-1,-1,-1,-1,-1,0
Unvalidated,2024010499085,2024,010499085,1,9,0,9,3,1,4,8,0,0,0,0,1,1,1,1,34,6,-1,-1,-1,-1,4,1,E01002650,0
Unvalidated,2024010499085,2024,010499085,2,1,0,18,7,3,4,8,0,0,0,0,3,1,2,1,62,9,-1,-1,-1,-1,3,1,E01002645,0
Unvalidated,2024010499086,2024,010499086,1,9,9,99,9,9,0,9,9,99,0,0,9,9,6,3,44,7,-1,-1,-1,-1,6,1,E01003375,0
Unvalidated,2024010499086,2024,010499086,2,9,9,99,9,9,0,9,9,0,0,0,9,9,6,3,57,9,-1,-1,-1,-1,4,1,E01003441,0
Unvalidated,2024010499088,2024,010499088,1,3,0,99,9,9,99,9,9,99,9,99,9,1,2,3,33,6,-1,-1,-1,-1,3,1,E01001981,0
Unvalidated,2024010499088,2024,010499088,2,9,0,99,9,9,99,9,9,99,9,99,9,9,6,3,-1,-1,-1,-1,-1,-1,-1,-1,-1,0
Unvalidated,2024010499089,2024,010499089,1,8,0,99,9,9,99,9,9,99,9,99,1,9,1,1,41,7,-1,-1,-1,-1,3,1,E01003736,0
Unvalidated,2024010499089,2024,010499089,2,9,0,99,9,9,99,9,9,99,9,99,9,9,6,3,-1,-1,-1,-1,-1,-1,-1,-1,-1,0
Unvalidated,2024010499094,2024,010499094,1,2,0,18,5,1,0,9,9,99,9,99,1,1,1,1,20,4,-1,-1,-1,-1,2,1,E01001367,0
Unvalidated,2024010499094,2024,010499094,2,9,9,6,5,5,0,9,9,99,0,0,3,9,6,1,-1,-1,-1,-1,-1,-1,-1,-1,-1,0
Unvalidated,2024010499095,2024,010499095,1,8,0,9,1,6,0,8,0,0,0,0,1,1,1,1,41,7,-1,-1,-1,-1,2,1,E01003933,0
Unvalidated,2024010499095,2024,010499095,2,5,0,18,7,3,0,8,1,0,0,0,1,1,1,1,20,4,-1,-1,-1,-1,2,1,E01001115,0
Unvalidated,2024010499109,2024,010499109,1,9,0,99,9,9,99,0,9,99,9,99,3,9,6,1,22,5,-1,-1,-1,-1,8,1,E01022081,0
Unvalidated,2024010499109,2024,010499109,2,9,0,99,9,9,99,0,9,99,9,99,9,9,6,1,-1,-1,-1,-1,-1,-1,-1,-1,-1,0
Unvalidated,2024010499112,2024,010499112,1,9,0,99,9,9,99,9,9,99,9,99,1,9,6,1,32,6,-1,-1,-1,-1,2,1,E01032569,0
Unvalidated,2024010499112,2024,010499112,2,9,0,99,9,9,99,9,9,99,9,99,1,9,6,3,-1,-1,-1,-1,-1,-1,-1,-1,-1,0
Unvalidated,2024010499114,2024,010499114,1,9,0,99,9,9,99,9,9,99,9,99,1,9,6,3,-1,-1,-1,-1,-1,-1,-1,-1,-1,0
Unvalidated,2024010499123,2024,010499123,1,1,9,99,9,9,99,9,9,8,9,99,1,1,6,1,53,8,-1,-1,-1,-1,2,1,E01004246,0
Unvalidated,2024010499123,2024,010499123,2,9,0,99,9,9,99,9,9,99,9,99,9,9,6,3,-1,-1,-1,-1,-1,-1,-1,-1,-1,0
Unvalidated,2024010499142,2024,010499142,1,3,0,18,5,1,0,8,0,0,0,0,3,1,6,1,27,6,-1,-1,-1,-1,3,1,E01000545,0
Unvalidated,2024010499142,2024,010499142,2,9,0,18,5,1,0,8,0,0,0,0,4,1,6,2,47,8,-1,-1,-1,-1,-1,-1,-1,0
Unvalidated,2024010499142,2024,010499142,3,9,0,18,5,1,0,8,0,0,0,0,3,1,6,1,43,7,-1,-1,-1,-1,8,1,E01000969,0
Unvalidated,2024010499146,2024,010499146,1,9,0,18,1,5,0,8,0,0,0,0,1,1,6,1,29,6,-1,-1,-1,-1,4,1,E01001167,0
Unvalidated,2024010499146,2024,010499146,2,9,0,5,1,5,0,8,0,10,3,1,1,1,3,2,34,6,-1,-1,-1,-1,5,1,E01001091,0
Unvalidated,2024010499156,2024,010499156,1,9,0,99,9,9,99,9,9,99,9,99,2,9,6,2,32,6,-1,-1,-1,-1,-1,1,-1,0
Unvalidated,2024010499156,2024,010499156,2,9,0,99,9,9,99,9,9,99,9,99,1,9,6,3,-1,-1,-1,-1,-1,-1,-1,-1,-1,0
Unvalidated,2024010499158,2024,010499158,1,3,0,99,9,9,99,9,9,99,9,99,9,1,6,1,32,6,-1,-1,-1,-1,2,1,E01001249,0
Unvalidated,2024010499158,2024,010499158,2,9,0,99,9,9,99,9,9,99,9,99,1,9,6,3,25,5,-1,-1,-1,-1,4,1,E01002650,0
Unvalidated,2024010499161,2024,010499161,1,1,9,99,9,9,99,9,9,99,9,99,1,1,2,1,27,6,-1,-1,-1,-1,2,1,E01003183,0
Unvalidated,2024010499161,2024,010499161,2,9,0,99,9,9,99,9,9,99,9,99,1,9,6,1,-1,-1,-1,-1,-1,-1,5,1,E01032790,0
Unvalidated,2024010499166,2024,010499166,1,3,0,99,9,9,99,0,9,99,9,99,9,1,2,1,38,7,-1,-1,-1,-1,5,1,E01003340,0
Unvalidated,2024010499166,2024,010499166,2,9,0,6,9,9,99,0,9,99,9,99,9,9,6,3,-1,-1,-1,-1,-1,-1,-1,-1,-1,0
Unvalidated,2024010499174,2024,010499174,1,1,0,99,9,9,0,8,0,99,9,99,9,1,2,1,46,8,-1,-1,-1,-1,7,1,E01000178,0
Unvalidated,2024010499174,2024,010499174,2,9,0,99,9,9,99,9,9,99,9,99,3,9,6,3,-1,-1,-1,-1,-1,-1,-1,-1,-1,0
Unvalidated,2024010499176,2024,010499176,1,9,0,9,3,1,0,2,0,0,0,0,1,1,6,1,18,4,-1,-1,-1,-1,5,1,E01023332,0
Unvalidated,2024010499176,2024,010499176,2,9,0,18,1,5,0,1,0,0,0,0,1,1,6,1,55,8,-1,-1,-1,-1,7,1,E01001399,0
Unvalidated,2024010499178,2024,010499178,1,9,0,99,9,9,0,0,9,99,9,99,2,9,6,2,25,5,-1,-1,-1,-1,10,2,E01031725,0
Unvalidated,2024010499178,2024,010499178,2,9,0,99,9,9,0,0,9,99,9,99,1,9,6,3,-1,-1,-1,-1,-1,-1,-1,-1,-1,0
Unvalidated,2024010499183,2024,010499183,1,9,0,18,1,5,0,2,0,0,0,0,1,1,6,1,32,6,-1,-1,-1,-1,8,1,E01002495,0
Unvalidated,2024010499187,2024,010499187,1,11,0,4,1,5,0,1,0,0,0,0,0,1,6,1,34,6,-1,-1,-1,-1,3,1,E01002645,0
Unvalidated,2024010499191,2024,010499191,1,9,0,7,6,1,2,1,0,0,0,0,4,1,6,1,36,7,-1,-1,-1,-1,3,1,E01002070,0
Unvalidated,2024010499191,2024,010499191,2,1,0,18,6,2,2,1,0,0,0,0,3,1,6,1,25,5,-1,-1,-1,-1,1,1,E01001517,0
Unvalidated,2024010499193,2024,010499193,1,11,0,5,7,3,0,0,0,0,0,0,0,1,1,1,53,8,-1,-1,-1,-1,8,1,E01003812,0
Unvalidated,2024010499194,2024,010499194,1,1,9,99,9,9,99,9,9,99,9,99,2,1,2,1,29,6,-1,-1,-1,-1,3,1,E01004022,0
Unvalidated,2024010499194,2024,010499194,2,9,0,99,9,9,99,9,9,99,9,99,9,9,6,1,58,9,-1,-1,-1,-1,6,1,E01003273,0
Unvalidated,2024010499198,2024,010499198,1,1,9,18,9,9,4,9,9,99,9,99,1,1,2,1,27,6,-1,-1,-1,-1,3,1,E01003250,0