status,collision_index,collision_year,collision_reference,vehicle_reference,vehicle_type,towing_and_articulation,vehicle_manoeuvre,vehicle_direction_from,vehicle_direction_to,vehicle_location_restricted_lane,junction_location,skidding_and_overturning,hit_object_in_carriageway,vehicle_leaving_carriageway,hit_object_off_carriageway,first_point_of_impact,vehicle_left_hand_drive,journey_purpose_of_driver,sex_of_driver,age_of_driver,age_band_of_driver,engine_capacity_cc,propulsion_code,age_of_vehicle,generic_make_model,driver_imd_decile,driver_home_area_type,lsoa_of_driver,escooter_flag
Unvalidated,2024010499198,2024,010499198,2,9,0,5,9,9,99,9,9,99,9,99,9,9,6,3,-1,-1,-1,-1,-1,-1,4,1,E01001061,0
Unvalidated,2024010499199,2024,010499199,1,9,0,99,9,9,99,9,9,99,9,99,1,9,6,3,-1,-1,-1,-1,-1,-1,-1,-1,-1,0
Unvalidated,2024010499203,2024,010499203,1,9,0,9,2,7,0,8,0,0,0,0,1,1,6,3,-1,-1,-1,-1,-1,-1,-1,-1,-1,0
Unvalidated,2024010499203,2024,010499203,2,1,0,18,6,2,0,8,5,0,3,1,3,1,6,1,33,6,-1,-1,-1,-1,3,1,E01033710,0
Unvalidated,2024010499204,2024,010499204,1,9,0,99,9,9,99,9,9,99,9,99,2,9,2,1,45,7,-1,-1,-1,-1,10,1,E01002961,0
Unvalidated,2024010499204,2024,010499204,2,9,0,99,9,9,99,9,9,99,9,99,1,9,6,2,-1,-1,-1,-1,-1,-1,1,1,E01001885,0
Unvalidated,2024010499206,2024,010499206,1,9,0,18,1,5,0,0,0,0,0,0,3,1,6,1,73,10,-1,-1,-1,-1,5,1,E01003072,0
Unvalidated,2024010499206,2024,010499206,2,9,0,18,5,1,0,0,0,0,0,0,3,1,6,1,30,6,-1,-1,-1,-1,3,1,E01000642,0
Unvalidated,2024010499209,2024,010499209,1,5,0,4,5,1,0,4,0,0,0,0,2,1,2,1,60,9,-1,-1,-1,-1,6,1,E01002335,0
Unvalidated,2024010499209,2024,010499209,2,9,0,4,5,1,0,4,0,0,0,0,1,1,2,1,43,7,-1,-1,-1,-1,5,1,E01002305,0
Unvalidated,2024010499210,2024,010499210,1,9,0,11,5,1,0,1,0,0,0,0,4,1,6,3,-1,-1,-1,-1,-1,-1,-1,-1,-1,0
Unvalidated,2024010499210,2024,010499210,2,4,0,5,5,1,0,1,1,0,3,0,3,1,6,1,30,6,-1,-1,-1,-1,3,1,E01004575,0
Unvalidated,2024010499215,2024,010499215,1,19,0,12,3,7,0,1,0,0,0,0,1,1,1,1,35,6,-1,-1,-1,-1,3,1,E01003617,0
Unvalidated,2024010499215,2024,010499215,2,9,0,3,3,7,0,1,0,0,0,0,2,1,1,1,39,7,-1,-1,-1,-1,3,1,E01000020,0
Unvalidated,2024010499215,2024,010499215,3,9,0,3,3,7,1,1,0,0,0,0,2,2,6,1,48,8,-1,-1,-1,-1,3,1,E01003485,0
Unvalidated,2024010499216,2024,010499216,1,1,9,99,9,9,99,1,9,99,9,99,1,1,6,2,23,5,-1,-1,-1,-1,-1,-1,-1,0
Unvalidated,2024010499216,2024,010499216,2,9,0,99,9,9,99,5,9,99,9,99,9,9,6,1,-1,-1,-1,-1,-1,-1,2,1,E01004424,0
Unvalidated,2024010499217,2024,010499217,1,9,0,18,5,1,0,1,0,0,0,0,1,1,6,1,33,6,-1,-1,-1,-1,9,1,E01000395,0
Unvalidated,2024010499217,2024,010499217,2,9,0,18,7,3,0,1,0,0,0,0,1,1,6,3,-1,-1,-1,-1,-1,-1,-1,-1,-1,0
Unvalidated,2024010499224,2024,010499224,1,9,0,99,9,9,99,9,9,99,9,99,4,9,2,1,41,7,-1,-1,-1,-1,9,1,E01024115,0
Unvalidated,2024010499224,2024,010499224,2,9,0,99,9,9,99,9,9,99,9,99,1,9,6,3,22,5,-1,-1,-1,-1,-1,-1,-1,0
Unvalidated,2024010499227,2024,010499227,1,1,9,99,9,9,99,9,9,99,9,99,1,1,1,1,23,5,-1,-1,-1,-1,3,1,E01000506,0
Unvalidated,2024010499227,2024,010499227,2,9,0,99,9,9,99,9,9,99,9,99,1,9,6,2,42,7,-1,-1,-1,-1,5,1,E01000920,0
Unvalidated,2024010499233,2024,010499233,1,3,0,18,1,5,0,1,1,10,1,0,1,1,6,1,16,4,-1,-1,-1,-1,6,1,E01001401,0
Unvalidated,2024010499233,2024,010499233,2,9,0,18,5,1,0,2,0,0,0,0,0,1,6,1,44,7,-1,-1,-1,-1,2,1,E01004252,0
Unvalidated,2024010499239,2024,010499239,1,9,0,4,1,5,0,6,0,0,0,0,1,1,3,2,44,7,-1,-1,-1,-1,2,1,E01003591,0
Unvalidated,2024010499251,2024,010499251,1,3,0,18,7,3,0,1,0,0,0,0,2,1,2,1,46,8,-1,-1,-1,-1,5,1,E01000530,0
Unvalidated,2024010499251,2024,010499251,2,90,0,18,3,7,0,1,0,0,0,0,1,1,1,1,30,6,-1,-1,-1,-1,3,1,E01000127,0
Unvalidated,2024010499251,2024,010499251,3,9,0,18,3,7,0,1,0,0,0,0,1,1,2,1,61,9,-1,-1,-1,-1,7,1,E01003673,0
Unvalidated,2024010499252,2024,010499252,1,9,0,18,1,5,9,5,0,0,3,11,1,1,6,1,35,6,-1,-1,-1,-1,-1,-1,-1,0
Unvalidated,2024010499254,2024,010499254,1,3,0,99,9,9,99,9,9,99,9,99,1,1,6,1,25,5,-1,-1,-1,-1,3,1,E01033464,0
Unvalidated,2024010499254,2024,010499254,2,9,0,99,9,9,99,9,9,99,9,99,9,9,6,1,50,8,-1,-1,-1,-1,8,1,E01000261,0
Unvalidated,2024010499257,2024,010499257,1,9,9,1,7,3,99,9,0,99,0,0,2,9,6,3,-1,-1,-1,-1,-1,-1,-1,-1,-1,0
Unvalidated,2024010499262,2024,010499262,1,3,0,99,9,9,99,9,9,99,9,99,1,1,2,2,20,4,-1,-1,-1,-1,6,1,E01000219,0
Unvalidated,2024010499262,2024,010499262,2,9,0,99,9,9,99,9,9,99,9,99,9,9,6,3,-1,-1,-1,-1,-1,-1,-1,-1,-1,0
Unvalidated,2024010499263,2024,010499263,1,3,0,99,9,9,99,9,9,99,9,99,9,1,2,1,48,8,-1,-1,-1,-1,3,1,E01004342,0
Unvalidated,2024010499263,2024,010499263,2,19,0,99,9,9,99,9,9,99,9,99,9,9,6,3,48,8,-1,-1,-1,-1,2,1,E01001509,0
Unvalidated,2024010499266,2024,010499266,1,1,9,99,9,9,99,9,9,99,9,99,9,1,2,1,27,6,-1,-1,-1,-1,1,1,E01001790,0
Unvalidated,2024010499266,2024,010499266,2,3,0,99,9,9,99,9,9,99,9,99,0,1,6,2,40,7,-1,-1,-1,-1,1,1,E01002758,0
Unvalidated,2024010499269,2024,010499269,1,9,0,99,9,9,99,9,9,99,9,99,2,9,6,2,38,7,-1,-1,-1,-1,7,1,E01000376,0
Unvalidated,2024010499269,2024,010499269,2,9,9,99,9,9,99,9,9,99,9,99,9,9,6,3,58,9,-1,-1,-1,-1,4,1,E01001624,0
Unvalidated,2024010499269,2024,010499269,3,9,9,99,9,9,99,9,9,99,9,99,9,9,6,1,79,11,-1,-1,-1,-1,3,1,E01003960,0
Unvalidated,2024010499270,2024,010499270,1,3,0,99,9,9,99,9,9,99,9,99,1,9,2,1,24,5,-1,-1,-1,-1,7,1,E01002121,0
Unvalidated,2024010499270,2024,010499270,2,9,0,99,9,9,99,9,9,99,9,99,1,9,6,3,-1,-1,-1,-1,-1,-1,-1,-1,-1,0
Unvalidated,2024010499280,2024,010499280,1,3,0,99,9,9,99,9,9,99,9,99,9,1,1,1,29,6,-1,-1,-1,-1,4,1,E01000171,0
Unvalidated,2024010499280,2024,010499280,2,9,0,99,9,9,99,9,9,99,9,99,9,9,6,3,-1,-1,-1,-1,-1,-1,-1,-1,-1,0
Unvalidated,2024010499289,2024,010499289,1,9,0,9,6,3,0,5,5,0,3,0,1,1,3,2,46,8,-1,-1,-1,-1,-1,-1,-1,0
Unvalidated,2024010499289,2024,010499289,2,3,0,18,8,4,0,1,0,10,0,0,1,1,6,2,25,5,-1,-1,-1,-1,3,1,E01000132,0
Unvalidated,2024010499291,2024,010499291,1,9,0,5,0,8,0,8,0,0,0,0,1,1,6,1,46,8,-1,-1,-1,-1,3,1,E01000011,0
Unvalidated,2024010499291,2024,010499291,2,9,0,18,6,2,0,8,0,0,7,0,4,1,3,1,20,4,-1,-1,-1,-1,3,1,E01003734,0
Unvalidated,2024010499292,2024,010499292,1,11,9,99,9,9,99,9,9,99,9,99,9,1,6,3,-1,-1,-1,-1,-1,-1,-1,-1,-1,0
Unvalidated,2024010499293,2024,010499293,1,9,0,99,9,9,99,9,9,99,9,99,1,9,6,3,-1,-1,-1,-1,-1,-1,-1,-1,-1,0
Unvalidated,2024010499296,2024,010499296,1,11,0,4,7,3,0,1,0,0,0,0,0,1,1,2,46,8,-1,-1,-1,-1,2,1,E01000789,0
Unvalidated,2024010499297,2024,010499297,1,1,9,99,9,9,99,9,9,99,9,99,1,1,2,1,29,6,-1,-1,-1,-1,3,1,E01002105,0
Unvalidated,2024010499297,2024,010499297,2,9,0,99,9,9,99,9,9,99,9,99,1,9,6,1,34,6,-1,-1,-1,-1,2,1,E01002090,0
Unvalidated,2024010499298,2024,010499298,1,3,0,99,9,9,99,9,9,99,9,99,9,1,1,1,18,4,-1,-1,-1,-1,4,1,E01000570,0
Unvalidated,2024010499298,2024,010499298,2,9,0,99,9,9,99,9,9,99,9,99,9,9,6,3,-1,-1,-1,-1,-1,-1,-1,-1,-1,0
Unvalidated,2024010499300,2024,010499300,1,3,0,99,9,9,99,9,9,99,9,99,1,1,1,1,23,5,-1,-1,-1,-1,3,1,E01000630,0
Unvalidated,2024010499300,2024,010499300,2,8,0,99,9,9,99,9,9,99,9,99,2,9,6,3,-1,-1,-1,-1,-1,-1,-1,-1,-1,0
Unvalidated,2024010499303,2024,010499303,1,9,0,10,3,8,0,1,0,0,0,0,1,1,6,1,64,9,-1,-1,-1,-1,9,1,E01004606,0
Unvalidated,2024010499303,2024,010499303,2,4,0,10,3,8,0,1,0,0,0,0,1,1,6,2,25,5,-1,-1,-1,-1,3,1,E01004575,0
Unvalidated,2024010499308,2024,010499308,1,3,0,99,9,9,99,9,9,99,9,99,9,1,6,3,32,6,-1,-1,-1,-1,2,1,E01003509,0
Unvalidated,2024010499308,2024,010499308,2,9,0,99,9,9,99,9,9,99,9,99,9,9,6,3,-1,-1,-1,-1,-1,-1,-1,-1,-1,0
Unvalidated,2024010499312,2024,010499312,1,9,0,7,1,3,0,3,0,0,0,0,1,1,2,1,22,5,-1,-1,-1,-1,7,1,E01003419,0
Unvalidated,2024010499313,2024,010499313,1,1,9,99,9,9,99,0,9,99,9,99,9,1,2,1,53,8,-1,-1,-1,-1,6,1,E01001519,0
Unvalidated,2024010499314,2024,010499314,1,3,0,99,9,9,99,9,9,99,9,99,9,1,1,1,24,5,-1,-1,-1,-1,2,1,E01004570,0
Unvalidated,2024010499314,2024,010499314,2,9,0,99,9,9,99,9,9,99,9,99,9,9,6,3,-1,-1,-1,-1,-1,-1,-1,-1,-1,0
Unvalidated,2024010499318,2024,010499318,1,11,0,18,3,7,0,2,0,0,0,0,1,1,1,1,53,8,-1,-1,-1,-1,6,1,E01001289,0
Unvalidated,2024010499322,2024,010499322,1,8,0,5,1,5,0,6,0,0,0,0,1,1,1,1,65,9,-1,-1,-1,-1,9,1,E01000768,0
Unvalidated,2024010499329,2024,010499329,1,9,0,99,9,9,99,9,9,99,9,99,2,9,6,1,24,5,-1,-1,-1,-1,6,1,E01003367,0
Unvalidated,2024010499329,2024,010499329,2,9,0,99,9,9,99,9,9,99,9,99,1,9,6,3,-1,-1,-1,-1,-1,-1,-1,-1,-1,0
Unvalidated,2024010499334,2024,010499334,1,3,0,99,9,9,99,1,9,99,9,99,9,1,2,1,39,7,-1,-1,-1,-1,1,1,E01001425,0
Unvalidated,2024010499334,2024,010499334,2,9,0,99,9,9,99,6,9,99,9,99,9,9,6,3,-1,-1,-1,-1,-1,-1,-1,-1,-1,0
Unvalidated,2024010499339,2024,010499339,1,1,9,99,9,9,99,0,9,99,9,99,1,1,6,3,-1,-1,-1,-1,-1,-1,-1,-1,-1,0
Unvalidated,2024010499340,2024,010499340,1,3,0,99,9,9,99,9,9,99,9,99,9,1,2,1,31,6,-1,-1,-1,-1,3,1,E01001548,0
Unvalidated,2024010499340,2024,010499340,2,9,0,99,9,9,99,9,9,99,9,99,9,9,6,3,-1,-1,-1,-1,-1,-1,-1,-1,-1,0
Unvalidated,2024010499346,2024,010499346,1,9,0,99,9,9,99,9,9,99,9,99,2,9,6,2,31,6,-1,-1,-1,-1,3,1,E01004408,0
Unvalidated,2024010499346,2024,010499346,2,9,0,99,9,9,99,9,0,12,9,99,1,9,6,3,-1,-1,-1,-1,-1,-1,-1,-1,-1,0
Unvalidated,2024010499354,2024,010499354,1,9,0,9,6,3,0,1,0,0,0,0,3,1,1,1,46,8,-1,-1,-1,-1,4,1,E01004368,0
Unvalidated,2024010499354,2024,010499354,2,4,0,18,5,1,0,1,0,0,0,0,1,1,6,1,18,4,-1,-1,-1,-1,3,1,E01004421,0
Unvalidated,2024010499359,2024,010499359,1,3,0,18,3,7,0,1,1,0,0,0,0,1,6,1,39,7,-1,-1,-1,-1,4,1,E01002684,0
Unvalidated,2024010499359,2024,010499359,2,9,0,4,3,7,0,1,0,0,0,0,0,1,6,3,-1,-1,-1,-1,-1,-1,-1,-1,-1,0
Unvalidated,2024010499364,2024,010499364,1,9,0,9,1,6,0,6,0,0,0,0,2,1,6,1,29,6,-1,-1,-1,-1,1,1,E01004205,0
Unvalidated,2024010499364,2024,010499364,2,9,0,9,1,6,0,1,0,0,0,0,1,1,2,1,35,6,-1,-1,-1,-1,4,1,E01004254,0
Unvalidated,2024010499366,2024,010499366,1,1,9,99,9,9,99,9,9,99,9,99,9,1,2,1,47,8,-1,-1,-1,-1,1,1,E01002800,0
Unvalidated,2024010499366,2024,010499366,2,9,9,99,9,9,99,9,9,99,9,99,9,9,6,1,-1,-1,-1,-1,-1,-1,1,1,E01001558,0
Unvalidated,2024010499375,2024,010499375,1,9,0,99,9,9,99,9,9,99,9,99,9,9,6,1,38,7,-1,-1,-1,-1,2,1,E01002566,0
Unvalidated,2024010499375,2024,010499375,2,9,0,99,9,9,99,9,9,99,9,99,9,9,6,3,-1,-1,-1,-1,-1,-1,-1,-1,-1,0
Unvalidated,2024010499388,2024,010499388,1,97,0,99,9,9,99,9,9,99,9,99,1,1,6,3,-1,-1,-1,-1,-1,-1,2,1,E01001800,0
Unvalidated,2024010499392,2024,010499392,1,9,0,9,3,1,0,1,0,0,0,0,3,1,6,2,48,8,-1,-1,-1,-1,3,1,E01004415,0
Unvalidated,2024010499392,2024,010499392,2,90,0,18,3,7,0,1,0,0,0,0,1,1,2,1,18,4,-1,-1,-1,-1,3,1,E01004454,1
Unvalidated,2024010499395,2024,010499395,1,9,0,18,7,3,0,2,0,0,0,0,4,1,6,1,39,7,-1,-1,-1,-1,3,1,E01004378,0
Unvalidated,2024010499397,2024,010499397,1,11,0,5,4,8,0,8,0,0,0,0,0,1,1,1,68,10,-1,-1,-1,-1,5,1,E01033740,0
Unvalidated,2024010499397,2024,010499397,2,1,0,13,4,8,0,8,0,0,0,0,0,1,6,3,23,5,-1,-1,-1,-1,-1,-1,-1,0
Unvalidated,2024010499398,2024,010499398,1,9,3,18,5,1,0,2,0,0,0,0,0,1,6,1,24,5,-1,-1,-1,-1,4,1,E01000869,0
Unvalidated,2024010499398,2024,010499398,2,9,0,18,3,7,0,1,0,0,0,0,0,1,2,1,50,8,-1,-1,-1,-1,9,1,E01003872,0
Unvalidated,2024010499401,2024,010499401,1,9,0,99,9,9,99,9,9,99,9,99,9,9,6,1,28,6,-1,-1,-1,-1,2,1,E01001151,0
Unvalidated,2024010499401,2024,010499401,2,3,0,99,9,9,99,9,9,99,9,99,9,9,6,3,-1,-1,-1,-1,-1,-1,-1,-1,-1,0
Unvalidated,2024010499404,2024,010499404,1,9,0,99,9,9,99,9,9,99,9,99,9,9,2,1,41,7,-1,-1,-1,-1,1,1,E01000661,0
Unvalidated,2024010499404,2024,010499404,2,9,9,99,9,9,99,9,9,99,9,99,9,1,6,3,-1,-1,-1,-1,-1,-1,-1,-1,-1,0
Unvalidated,2024010499406,2024,010499406,1,1,9,99,9,9,99,9,9,99,9,99,2,1,2,1,28,6,-1,-1,-1,-1,1,1,E01001798,0
Unvalidated,2024010499406,2024,010499406,2,9,0,99,9,9,99,9,9,99,9,99,9,9,6,3,-1,-1,-1,-1,-1,-1,-1,-1,-1,0
Unvalidated,2024010499414,2024,010499414,1,1,9,99,9,9,99,0,9,8,9,99,9,1,2,1,56,9,-1,-1,-1,-1,2,1,E01004201,0
Unvalidated,2024010499414,2024,010499414,2,9,0,99,9,9,99,0,9,99,9,99,9,9,6,3,67,10,-1,-1,-1,-1,3,1,E01003981,0
Unvalidated,2024010499415,2024,010499415,1,9,0,3,3,7,0,1,0,0,0,0,2,1,3,2,36,7,-1,-1,-1,-1,8,1,E01004192,0
Unvalidated,2024010499415,2024,010499415,2,9,0,4,3,7,0,1,0,0,0,0,1,1,1,1,59,9,-1,-1,-1,-1,7,1,E01002962,0
Unvalidated,2024010499425,2024,010499425,1,9,0,99,9,9,99,9,9,99,9,99,9,9,2,1,21,5,-1,-1,-1,-1,1,1,E01004324,0
Unvalidated,2024010499425,2024,010499425,2,9,0,99,9,9,99,9,9,99,9,99,1,9,6,3,-1,-1,-1,-1,-1,-1,-1,-1,-1,0
Unvalidated,2024010499429,2024,010499429,1,5,0,99,9,9,99,1,9,99,9,99,9,1,6,1,30,6,-1,-1,-1,-1,3,1,E01001836,0
Unvalidated,2024010499429,2024,010499429,2,9,0,99,9,9,99,5,9,99,9,99,1,9,6,3,-1,-1,-1,-1,-1,-1,-1,-1,-1,0
Unvalidated,2024010499430,2024,010499430,1,9,0,9,5,2,0,5,0,0,0,0,4,1,6,1,48,8,-1,-1,-1,-1,7,1,E01000388,0
Unvalidated,2024010499430,2024,010499430,2,1,0,18,1,5,0,1,0,0,0,0,1,1,1,1,22,5,-1,-1,-1,-1,9,1,E01000456,0
Unvalidated,2024010499431,2024,010499431,1,8,0,5,1,5,0,8,0,0,0,0,1,1,1,1,65,9,-1,-1,-1,-1,3,1,E01002878,0
Unvalidated,2024010499437,2024,010499437,1,3,0,99,9,9,99,9,9,99,9,99,9,1,6,1,23,5,-1,-1,-1,-1,8,1,E01002289,0
Unvalidated,2024010499437,2024,010499437,2,9,0,99,9,9,99,9,9,99,9,99,9,9,6,3,-1,-1,-1,-1,-1,-1,-1,-1,-1,0
Unvalidated,2024010499440,2024,010499440,1,8,0,99,9,9,99,9,9,99,9,99,9,9,6,3,-1,-1,-1,-1,-1,-1,-1,-1,-1,0
Unvalidated,2024010499443,2024,010499443,1,8,0,1,1,5,0,0,0,0,0,0,2,1,6,1,47,8,-1,-1,-1,-1,1,1,E01003188,0
Unvalidated,2024010499444,2024,010499444,1,9,0,9,1,7,0,8,0,0,0,0,1,1,6,1,28,6,-1,-1,-1,-1,5,1,E01004564,0
Unvalidated,2024010499448,2024,010499448,1,9,0,18,5,1,0,1,0,0,0,0,1,1,6,1,50,8,-1,-1,-1,-1,3,1,E01004575,0
Unvalidated,2024010499457,2024,010499457,1,9,0,18,7,3,9,1,1,10,7,2,4,1,6,1,20,4,-1,-1,-1,-1,1,1,E01004199,0
Unvalidated,2024010499457,2024,010499457,2,9,0,18,7,3,0,1,0,0,0,0,0,1,6,1,28,6,-1,-1,-1,-1,4,1,E01003666,0
Unvalidated,2024010499461,2024,010499461,1,9,0,99,9,9,99,9,9,99,9,99,2,9,6,2,32,6,-1,-1,-1,-1,6,1,E01033738,0
Unvalidated,2024010499461,2024,010499461,2,9,0,99,9,9,99,9,9,99,9,99,1,9,6,3,-1,-1,-1,-1,-1,-1,-1,-1,-1,0
Unvalidated,2024010499465,2024,010499465,1,19,0,4,3,7,0,1,0,8,0,0,3,1,1,1,23,5,-1,-1,-1,-1,5,1,E01021297,0
Unvalidated,2024010499465,2024,010499465,2,3,0,18,3,7,0,1,0,8,0,0,3,1,1,2,35,6,-1,-1,-1,-1,1,1,E01002036,0
Unvalidated,2024010499469,2024,010499469,1,9,0,2,0,0,99,9,9,99,9,99,2,9,6,3,-1,-1,-1,-1,-1,-1,-1,-1,-1,0
Unvalidated,2024010499469,2024,010499469,2,9,0,99,9,9,99,9,9,99,9,99,2,9,6,3,-1,-1,-1,-1,-1,-1,5,1,E01002489,0
Unvalidated,2024010499475,2024,010499475,1,9,0,99,9,9,99,9,9,99,9,99,9,9,2,2,23,5,-1,-1,-1,-1,3,1,E01001942,0
Unvalidated,2024010499483,2024,010499483,1,19,0,7,1,4,0,1,0,0,0,0,1,1,1,1,41,7,-1,-1,-1,-1,2,1,E01000085,0
Unvalidated,2024010499483,2024,010499483,2,1,0,18,1,5,0,1,0,0,1,0,1,1,2,2,55,8,-1,-1,-1,-1,5,1,E01000964,0
Unvalidated,2024010499484,2024,010499484,1,9,9,99,9,9,99,9,9,99,9,99,9,9,6,2,31,6,-1,-1,-1,-1,-1,-1,-1,0
Unvalidated,2024010499489,2024,010499489,1,19,0,5,3,7,0,2,0,4,0,0,1,1,1,1,48,8,-1,-1,-1,-1,3,1,E01003263,0
Unvalidated,2024010499489,2024,010499489,2,9,0,3,3,7,0,2,0,0,0,0,2,1,6,2,55,8,-1,-1,-1,-1,3,1,E01003915,0
Unvalidated,2024010499491,2024,010499491,1,9,0,99,9,9,99,0,9,99,9,99,2,9,2,2,57,9,-1,-1,-1,-1,3,1,E01024280,0
Unvalidated,2024010499491,2024,010499491,2,19,0,99,9,9,99,0,9,99,9,99,1,9,6,3,-1,-1,-1,-1,-1,-1,4,1,E01024176,0
Unvalidated,2024010499493,2024,010499493,1,9,0,99,9,9,99,9,9,99,9,99,9,9,2,1,34,6,-1,-1,-1,-1,4,1,E01003529,0
Unvalidated,2024010499493,2024,010499493,2,9,0,99,9,9,99,9,9,99,9,99,9,9,6,3,-1,-1,-1,-1,-1,-1,4,1,E01003793,0
Unvalidated,2024010499495,2024,010499495,1,3,0,99,9,9,99,0,9,99,9,99,9,1,1,1,39,7,-1,-1,-1,-1,8,1,E01003361,0
Unvalidated,2024010499495,2024,010499495,2,9,0,99,9,9,99,0,9,99,9,99,9,9,6,3,-1,-1,-1,-1,-1,-1,-1,-1,-1,0
Unvalidated,2024010499500,2024,010499500,1,3,0,3,7,3,0,1,0,0,0,0,0,1,6,1,21,5,-1,-1,-1,-1,3,1,E01003014,0
Unvalidated,2024010499501,2024,010499501,1,3,9,99,9,9,99,9,9,99,9,99,9,1,1,2,26,6,-1,-1,-1,-1,3,1,E01000499,0
Unvalidated,2024010499501,2024,010499501,2,9,9,99,9,9,99,9,9,99,9,99,9,9,6,3,-1,-1,-1,-1,-1,-1,-1,-1,-1,0
Unvalidated,2024010499502,2024,010499502,1,3,0,99,9,9,99,9,9,99,9,99,9,1,1,1,29,6,-1,-1,-1,-1,2,1,E01004062,0
Unvalidated,2024010499502,2024,010499502,2,9,0,99,9,9,99,9,9,99,9,99,1,9,6,3,34,6,-1,-1,-1,-1,3,1,E01002303,0
Unvalidated,2024010499504,2024,010499504,1,19,0,10,1,7,0,1,0,0,0,0,2,1,1,1,62,9,-1,-1,-1,-1,1,1,E01021323,0
Unvalidated,2024010499504,2024,010499504,2,11,0,10,1,7,0,1,0,0,0,0,1,1,1,1,24,5,-1,-1,-1,-1,1,1,E01004273,0
Unvalidated,2024010499508,2024,010499508,1,9,0,18,1,5,0,6,0,0,0,0,1,1,6,2,80,11,-1,-1,-1,-1,8,1,E01000204,0
Unvalidated,2024010499509,2024,010499509,1,9,0,99,9,9,99,9,9,99,9,99,2,9,2,1,56,9,-1,-1,-1,-1,3,1,E01021269,0
Unvalidated,2024010499509,2024,010499509,2,9,0,99,9,9,99,9,9,99,9,99,9,9,6,3,-1,-1,-1,-1,-1,-1,-1,-1,-1,0
Unvalidated,2024010499513,2024,010499513,1,3,0,5,5,1,0,1,0,0,0,0,4,1,1,1,47,8,-1,-1,-1,-1,4,1,E01004617,0
Unvalidated,2024010499513,2024,010499513,2,9,0,3,5,1,0,1,0,0,0,0,1,1,6,3,27,6,-1,-1,-1,-1,3,1,E01003073,0
Unvalidated,2024010499517,2024,010499517,1,4,0,18,7,3,0,1,1,0,0,0,3,1,6,1,17,4,-1,-1,-1,-1,4,1,E01003317,0
Unvalidated,2024010499517,2024,010499517,2,19,0,18,3,7,0,1,0,0,0,0,0,1,1,1,27,6,-1,-1,-1,-1,8,1,E01000752,0
Unvalidated,2024010499520,2024,010499520,1,9,0,5,6,2,0,1,0,0,0,0,1,1,6,1,31,6,-1,-1,-1,-1,4,1,E01000066,0
Unvalidated,2024010499526,2024,010499526,1,9,0,1,4,8,0,0,0,0,0,0,2,1,6,1,56,9,-1,-1,-1,-1,6,1,E01000203,0
Unvalidated,2024010499528,2024,010499528,1,1,9,99,9,9,99,9,9,99,9,99,1,1,6,1,60,9,-1,-1,-1,-1,8,1,E01000200,0
Unvalidated,2024010499528,2024,010499528,2,90,9,99,9,9,99,9,9,99,9,99,9,9,6,3,34,6,-1,-1,-1,-1,-1,-1,-1,0
Unvalidated,2024010499529,2024,010499529,1,1,9,99,9,9,99,9,9,99,9,99,9,1,2,1,39,7,-1,-1,-1,-1,8,1,E01001985,0
Unvalidated,2024010499529,2024,010499529,2,9,9,99,9,9,99,9,9,99,9,99,9,9,6,3,38,7,-1,-1,-1,-1,2,1,E01002716,0
Unvalidated,2024010499533,2024,010499533,1,3,0,99,9,9,99,9,9,99,9,99,9,1,1,1,26,6,-1,-1,-1,-1,5,1,E01003140,0
Unvalidated,2024010499533,2024,010499533,2,9,9,99,9,9,99,9,9,99,9,99,9,9,6,3,-1,-1,-1,-1,-1,-1,-1,-1,-1,0
Unvalidated,2024010499536,2024,010499536,1,3,0,99,9,9,99,9,9,99,9,99,1,1,1,3,29,6,-1,-1,-1,-1,2,1,E01002049,0
Unvalidated,2024010499536,2024,010499536,2,9,0,99,9,9,99,9,9,99,9,99,2,9,6,3,-1,-1,-1,-1,-1,-1,-1,-1,-1,0
Unvalidated,2024010499544,2024,010499544,1,9,0,7,5,7,0,1,0,0,0,0,4,1,6,1,42,7,-1,-1,-1,-1,4,1,E01000805,0
Unvalidated,2024010499544,2024,010499544,2,1,0,15,5,1,0,1,0,0,0,0,1,1,2,1,27,6,-1,-1,-1,-1,3,1,E01003088,0
Unvalidated,2024010499545,2024,010499545,1,3,0,99,9,9,99,0,9,99,9,99,9,1,6,1,20,4,-1,-1,-1,-1,3,1,E01003328,0
Unvalidated,2024010499545,2024,010499545,2,9,0,99,9,9,99,0,9,99,9,99,9,9,6,3,-1,-1,-1,-1,-1,-1,-1,-1,-1,0
Unvalidated,2024010499547,2024,010499547,1,1,9,99,9,9,99,0,9,99,9,99,1,1,2,1,48,8,-1,-1,-1,-1,2,1,E01002730,0
Unvalidated,2024010499547,2024,010499547,2,19,0,99,9,9,99,0,9,99,9,99,9,9,6,3,-1,-1,-1,-1,-1,-1,-1,-1,-1,0
Unvalidated,2024010499549,2024,010499549,1,9,0,99,9,9,0,0,9,99,9,99,2,9,6,2,61,9,-1,-1,-1,-1,8,1,E01023312,0
Unvalidated,2024010499549,2024,010499549,2,19,9,99,9,9,0,0,9,99,9,99,1,9,6,3,-1,-1,-1,-1,-1,-1,-1,-1,-1,0