status,collision_index,collision_year,collision_reference,vehicle_reference,vehicle_type,towing_and_articulation,vehicle_manoeuvre,vehicle_direction_from,vehicle_direction_to,vehicle_location_restricted_lane,junction_location,skidding_and_overturning,hit_object_in_carriageway,vehicle_leaving_carriageway,hit_object_off_carriageway,first_point_of_impact,vehicle_left_hand_drive,journey_purpose_of_driver,sex_of_driver,age_of_driver,age_band_of_driver,engine_capacity_cc,propulsion_code,age_of_vehicle,generic_make_model,driver_imd_decile,driver_home_area_type,lsoa_of_driver,escooter_flag
Unvalidated,2024010499550,2024,010499550,1,9,0,3,4,8,0,0,0,0,0,0,2,1,2,2,43,7,-1,-1,-1,-1,2,1,E01004570,0
Unvalidated,2024010499550,2024,010499550,2,19,0,7,5,8,0,0,0,0,0,0,1,1,6,3,-1,-1,-1,-1,-1,-1,-1,-1,-1,0
Unvalidated,2024010499552,2024,010499552,1,9,0,99,9,9,99,9,9,99,9,99,2,9,6,1,-1,-1,-1,-1,-1,-1,3,1,E01003615,0
Unvalidated,2024010499552,2024,010499552,2,9,0,99,9,9,99,9,9,99,9,99,1,9,6,3,-1,-1,-1,-1,-1,-1,-1,-1,-1,0
Unvalidated,2024010499553,2024,010499553,1,3,0,99,9,9,99,1,9,99,9,99,1,1,1,3,33,6,-1,-1,-1,-1,5,1,E01000824,0
Unvalidated,2024010499553,2024,010499553,2,9,0,99,9,9,99,6,9,99,9,99,9,9,6,3,-1,-1,-1,-1,-1,-1,-1,-1,-1,0
Unvalidated,2024010499557,2024,010499557,1,9,0,99,9,9,99,9,9,99,9,99,1,9,6,3,-1,-1,-1,-1,-1,-1,-1,-1,-1,0
Unvalidated,2024010499559,2024,010499559,1,19,0,18,1,5,0,0,0,0,0,0,1,1,1,1,22,5,-1,-1,-1,-1,9,1,E01000656,0
Unvalidated,2024010499559,2024,010499559,2,1,0,13,5,1,0,0,0,0,0,0,1,1,6,1,33,6,-1,-1,-1,-1,6,1,E01003013,0
Unvalidated,2024010499560,2024,010499560,1,9,0,18,2,6,0,0,0,0,0,0,1,1,6,1,65,9,-1,-1,-1,-1,2,1,E01003190,0
Unvalidated,2024010499560,2024,010499560,2,1,0,18,8,4,0,0,0,0,0,0,4,1,6,2,39,7,-1,-1,-1,-1,3,1,E01001640,0
Unvalidated,2024010499564,2024,010499564,1,9,0,9,6,3,0,8,0,0,0,0,1,1,6,2,31,6,-1,-1,-1,-1,3,1,E01001109,0
Unvalidated,2024010499564,2024,010499564,2,4,0,13,1,5,0,8,0,0,0,0,1,1,2,1,57,9,-1,-1,-1,-1,2,1,E01004129,0
Unvalidated,2024010499565,2024,010499565,1,90,0,18,7,3,0,1,0,0,0,0,1,1,6,1,27,6,-1,-1,-1,-1,5,1,E01004616,1
Unvalidated,2024010499572,2024,010499572,1,1,9,99,9,9,99,9,9,99,9,99,9,1,2,1,32,6,-1,-1,-1,-1,2,1,E01003175,0
Unvalidated,2024010499572,2024,010499572,2,9,0,99,9,9,99,9,9,99,9,99,1,9,6,3,-1,-1,-1,-1,-1,-1,2,1,E01004067,0
Unvalidated,2024010499580,2024,010499580,1,90,9,18,2,6,99,9,9,99,9,99,9,1,6,1,-1,-1,-1,-1,-1,-1,-1,-1,-1,1
Unvalidated,2024010499582,2024,010499582,1,1,9,99,9,9,99,9,9,99,9,99,9,1,2,1,23,5,-1,-1,-1,-1,2,1,E01003258,0
Unvalidated,2024010499582,2024,010499582,2,9,0,99,9,9,99,9,9,99,9,99,1,9,6,3,-1,-1,-1,-1,-1,-1,-1,-1,-1,0
Unvalidated,2024010499585,2024,010499585,1,20,9,2,0,0,99,0,9,99,9,99,9,9,6,3,-1,-1,-1,-1,-1,-1,-1,-1,-1,0
Unvalidated,2024010499589,2024,010499589,1,8,0,9,1,7,0,2,0,0,0,0,1,1,6,1,65,9,-1,-1,-1,-1,6,1,E01003705,0
Unvalidated,2024010499589,2024,010499589,2,5,0,18,3,7,0,1,2,10,0,0,3,1,2,1,37,7,-1,-1,-1,-1,2,1,E01001862,0
Unvalidated,2024010499594,2024,010499594,1,11,0,3,1,5,0,4,0,0,0,0,0,1,1,1,35,6,-1,-1,-1,-1,4,1,E01004682,0
Unvalidated,2024010499597,2024,010499597,1,9,0,99,9,9,99,9,9,99,9,99,9,9,2,1,33,6,-1,-1,-1,-1,2,1,E01001112,0
Unvalidated,2024010499597,2024,010499597,2,98,9,99,9,9,99,9,9,99,9,99,9,9,6,3,-1,-1,-1,-1,-1,-1,-1,-1,-1,0
Unvalidated,2024010499599,2024,010499599,1,8,0,5,0,5,0,8,0,0,0,0,0,1,6,2,48,8,-1,-1,-1,-1,7,1,E01024675,0
Unvalidated,2024010499604,2024,010499604,1,9,0,99,9,9,99,9,9,99,9,99,2,9,1,2,64,9,-1,-1,-1,-1,2,1,E01000627,0
Unvalidated,2024010499605,2024,010499605,1,90,0,18,7,3,0,0,0,0,0,0,4,1,6,1,-1,-1,-1,-1,-1,-1,-1,-1,-1,1
Unvalidated,2024010499610,2024,010499610,1,9,0,13,3,7,0,3,0,4,0,0,1,1,6,1,24,5,-1,-1,-1,-1,1,1,E01000153,0
Unvalidated,2024010499610,2024,010499610,2,9,0,2,0,0,0,2,0,0,0,0,2,1,6,3,-1,-1,-1,-1,-1,-1,-1,-1,-1,0
Unvalidated,2024010499610,2024,010499610,3,4,0,3,3,7,0,2,2,0,0,0,2,1,6,1,32,6,-1,-1,-1,-1,6,1,E01000624,0
Unvalidated,2024010499610,2024,010499610,4,9,0,18,3,7,0,3,0,0,0,0,0,1,1,1,43,7,-1,-1,-1,-1,3,1,E01000245,0
Unvalidated,2024010499611,2024,010499611,1,19,0,99,9,9,99,9,9,99,9,99,1,9,6,3,-1,-1,-1,-1,-1,-1,-1,-1,-1,0
Unvalidated,2024010499617,2024,010499617,1,9,0,18,5,1,0,1,0,0,0,0,1,1,6,2,27,6,-1,-1,-1,-1,1,1,E01003087,0
Unvalidated,2024010499619,2024,010499619,1,9,0,99,9,9,99,9,9,99,9,99,3,9,6,1,24,5,-1,-1,-1,-1,1,1,E01001458,0
Unvalidated,2024010499619,2024,010499619,2,9,0,18,1,5,0,1,0,0,0,0,1,1,6,3,-1,-1,-1,-1,-1,-1,-1,-1,-1,0
Unvalidated,2024010499621,2024,010499621,1,9,0,9,1,7,0,8,0,0,0,0,1,1,6,1,50,8,-1,-1,-1,-1,7,1,E01000572,0
Unvalidated,2024010499621,2024,010499621,2,9,0,18,3,7,0,1,0,0,0,0,0,1,1,1,33,6,-1,-1,-1,-1,5,1,E01000631,0
Unvalidated,2024010499623,2024,010499623,1,9,0,18,5,1,0,1,0,4,0,0,1,2,6,1,33,6,-1,-1,-1,-1,8,1,E01000188,0
Unvalidated,2024010499623,2024,010499623,2,19,0,4,5,1,0,1,0,4,0,0,2,1,1,1,37,7,-1,-1,-1,-1,3,1,E01023346,0
Unvalidated,2024010499623,2024,010499623,3,9,0,4,5,1,0,1,0,0,0,0,2,2,6,1,18,4,-1,-1,-1,-1,6,1,E01000231,0
Unvalidated,2024010499624,2024,010499624,1,9,0,99,9,9,99,0,9,99,9,99,3,9,6,1,22,5,-1,-1,-1,-1,9,1,E01024056,0
Unvalidated,2024010499624,2024,010499624,2,9,0,99,9,9,99,0,9,99,9,99,1,9,6,3,-1,-1,-1,-1,-1,-1,-1,-1,-1,0
Unvalidated,2024010499630,2024,010499630,1,9,0,5,5,1,0,1,0,0,0,0,4,1,3,2,61,9,-1,-1,-1,-1,2,1,E01000889,0
Unvalidated,2024010499638,2024,010499638,1,9,0,17,1,5,0,1,0,0,0,0,1,1,6,2,84,11,-1,-1,-1,-1,7,1,E01000300,0
Unvalidated,2024010499638,2024,010499638,2,3,0,9,3,1,0,2,0,0,0,0,3,1,6,1,22,5,-1,-1,-1,-1,4,1,E01000543,0
Unvalidated,2024010499643,2024,010499643,1,1,0,18,5,1,0,0,5,10,1,0,1,1,6,1,19,4,-1,-1,-1,-1,7,1,E01003419,0
Unvalidated,2024010499648,2024,010499648,1,9,0,18,3,7,0,4,0,0,3,0,1,1,2,1,33,6,-1,-1,-1,-1,5,1,E01002501,0
Unvalidated,2024010499648,2024,010499648,2,1,0,7,1,4,0,8,0,0,0,0,3,1,6,1,39,7,-1,-1,-1,-1,6,1,E01017026,0
Unvalidated,2024010499653,2024,010499653,1,3,0,99,9,9,99,9,9,99,9,99,1,1,2,2,26,6,-1,-1,-1,-1,3,1,E01000490,0
Unvalidated,2024010499653,2024,010499653,2,9,0,99,9,9,99,9,9,99,9,99,1,9,6,3,-1,-1,-1,-1,-1,-1,-1,-1,-1,0
Unvalidated,2024010499655,2024,010499655,1,9,0,9,3,1,0,8,0,0,0,0,1,1,2,2,-1,-1,-1,-1,-1,-1,4,1,E01001321,0
Unvalidated,2024010499657,2024,010499657,1,1,9,99,9,9,99,9,9,99,9,99,1,1,2,2,52,8,-1,-1,-1,-1,4,1,E01002874,0
Unvalidated,2024010499661,2024,010499661,1,19,0,9,5,3,0,6,0,0,0,0,1,1,1,1,41,7,-1,-1,-1,-1,6,2,E01024425,0
Unvalidated,2024010499661,2024,010499661,2,1,0,18,3,7,0,1,0,0,0,0,4,1,4,1,16,4,-1,-1,-1,-1,4,1,E01003410,0
Unvalidated,2024010499662,2024,010499662,1,9,0,18,3,7,0,8,0,10,0,0,1,1,6,3,-1,-1,-1,-1,-1,-1,-1,-1,-1,0
Unvalidated,2024010499662,2024,010499662,2,1,0,18,3,7,9,5,0,0,0,0,2,1,6,1,13,3,-1,-1,-1,-1,2,1,E01003191,0
Unvalidated,2024010499667,2024,010499667,1,3,0,99,9,9,99,9,9,99,9,99,1,1,6,1,22,5,-1,-1,-1,-1,5,1,E01031605,0
Unvalidated,2024010499667,2024,010499667,2,9,0,99,9,9,99,9,9,99,9,99,1,9,6,3,-1,-1,-1,-1,-1,-1,-1,-1,-1,0
Unvalidated,2024010499668,2024,010499668,1,1,9,99,9,9,99,9,9,99,9,99,1,1,2,1,29,6,-1,-1,-1,-1,2,1,E01004323,0
Unvalidated,2024010499668,2024,010499668,2,9,0,99,9,9,99,9,9,99,9,99,9,9,6,3,-1,-1,-1,-1,-1,-1,6,1,E01002887,0
Unvalidated,2024010499674,2024,010499674,1,3,0,99,9,9,99,9,9,99,9,99,1,1,6,1,23,5,-1,-1,-1,-1,4,1,E01000475,0
Unvalidated,2024010499674,2024,010499674,2,9,0,99,9,9,99,9,9,99,9,99,2,9,6,3,-1,-1,-1,-1,-1,-1,-1,-1,-1,0
Unvalidated,2024010499677,2024,010499677,1,9,9,99,9,9,99,9,9,99,9,99,2,1,6,1,35,6,-1,-1,-1,-1,1,1,E01002071,0
Unvalidated,2024010499677,2024,010499677,2,20,9,99,9,9,99,9,9,99,9,99,9,1,6,3,-1,-1,-1,-1,-1,-1,-1,-1,-1,0
Unvalidated,2024010499678,2024,010499678,1,9,0,99,9,9,99,9,9,99,9,99,9,9,6,2,33,6,-1,-1,-1,-1,4,1,E01003117,0
Unvalidated,2024010499678,2024,010499678,2,9,9,99,9,9,99,9,9,99,9,99,9,9,6,3,-1,-1,-1,-1,-1,-1,-1,-1,-1,0
Unvalidated,2024010499684,2024,010499684,1,9,9,99,9,9,99,9,9,99,0,0,9,9,6,2,39,7,-1,-1,-1,-1,7,1,E01000665,0
Unvalidated,2024010499685,2024,010499685,1,3,0,99,9,9,99,9,9,99,9,99,9,1,2,1,34,6,-1,-1,-1,-1,2,1,E01001485,0
Unvalidated,2024010499685,2024,010499685,2,9,0,99,9,9,99,9,9,99,9,99,9,9,6,3,-1,-1,-1,-1,-1,-1,-1,-1,-1,0
Unvalidated,2024010499687,2024,010499687,1,3,0,99,9,9,99,9,9,99,9,99,9,1,1,1,30,6,-1,-1,-1,-1,4,1,E01001975,0
Unvalidated,2024010499687,2024,010499687,2,9,0,99,9,9,99,9,9,99,9,99,9,9,6,3,-1,-1,-1,-1,-1,-1,-1,-1,-1,0
Unvalidated,2024010499689,2024,010499689,1,11,0,3,3,7,0,0,0,0,0,0,2,1,1,1,46,8,-1,-1,-1,-1,-1,-1,-1,0
Unvalidated,2024010499689,2024,010499689,2,11,0,5,3,7,0,0,0,0,0,0,1,1,1,1,28,6,-1,-1,-1,-1,-1,-1,-1,0
Unvalidated,2024010499691,2024,010499691,1,3,0,99,9,9,99,9,9,99,9,99,9,1,1,1,23,5,-1,-1,-1,-1,4,1,E01000171,0
Unvalidated,2024010499691,2024,010499691,2,9,0,99,9,9,99,9,9,99,9,99,9,9,6,3,-1,-1,-1,-1,-1,-1,-1,-1,-1,0
Unvalidated,2024010499692,2024,010499692,1,9,0,13,7,3,0,1,0,10,7,0,1,1,6,1,18,4,-1,-1,-1,-1,9,1,E01000773,0
Unvalidated,2024010499692,2024,010499692,2,9,0,9,7,4,0,2,0,0,0,0,3,1,6,1,87,11,-1,-1,-1,-1,7,3,E01000748,0
Unvalidated,2024010499696,2024,010499696,1,3,0,99,9,9,99,9,9,99,9,99,1,1,6,1,29,6,-1,-1,-1,-1,2,1,E01003236,0
Unvalidated,2024010499696,2024,010499696,2,9,0,99,9,9,99,9,9,99,9,99,1,9,6,3,-1,-1,-1,-1,-1,-1,-1,-1,-1,0
Unvalidated,2024010499697,2024,010499697,1,11,0,3,7,3,0,1,0,0,0,0,0,1,1,2,40,7,-1,-1,-1,-1,4,1,E01002425,0
Unvalidated,2024010499699,2024,010499699,1,9,0,7,7,2,0,2,0,0,0,0,3,1,2,1,30,6,-1,-1,-1,-1,6,1,E01004476,0
Unvalidated,2024010499699,2024,010499699,2,1,0,5,7,3,0,2,0,0,0,0,1,1,2,1,43,7,-1,-1,-1,-1,2,1,E01004567,0
Unvalidated,2024010499700,2024,010499700,1,9,0,9,4,1,0,6,0,0,0,0,1,1,2,1,28,6,-1,-1,-1,-1,4,1,E01004576,0
Unvalidated,2024010499700,2024,010499700,2,1,0,18,4,8,0,1,0,0,0,0,3,1,2,1,50,8,-1,-1,-1,-1,5,1,E01003022,0
Unvalidated,2024010499702,2024,010499702,1,3,0,99,9,9,99,9,9,99,9,99,9,1,1,1,51,8,-1,-1,-1,-1,1,1,E01001426,0
Unvalidated,2024010499702,2024,010499702,2,9,0,99,9,9,99,9,9,99,9,99,9,9,6,1,39,7,-1,-1,-1,-1,1,1,E01001410,0
Unvalidated,2024010499707,2024,010499707,1,3,0,14,9,9,99,0,9,99,9,99,9,1,2,1,20,4,-1,-1,-1,-1,2,1,E01004535,0
Unvalidated,2024010499707,2024,010499707,2,9,0,9,9,9,99,0,9,99,9,99,9,9,6,3,-1,-1,-1,-1,-1,-1,-1,-1,-1,0
Unvalidated,2024010499708,2024,010499708,1,9,0,18,3,7,0,0,0,0,0,0,1,2,1,1,58,9,-1,-1,-1,-1,6,1,E01033570,0
Unvalidated,2024010499708,2024,010499708,2,8,0,6,3,3,0,0,0,0,0,0,3,2,1,1,48,8,-1,-1,-1,-1,2,1,E01003490,0
Unvalidated,2024010499710,2024,010499710,1,1,9,99,9,9,99,9,9,99,9,99,1,1,2,2,50,8,-1,-1,-1,-1,5,1,E01004488,0
Unvalidated,2024010499710,2024,010499710,2,9,0,99,9,9,99,9,9,99,9,99,9,9,6,1,46,8,-1,-1,-1,-1,3,1,E01004536,0
Unvalidated,2024010499715,2024,010499715,1,19,0,5,8,4,0,4,0,0,0,0,1,1,6,3,-1,-1,-1,-1,-1,-1,-1,-1,-1,0
Unvalidated,2024010499715,2024,010499715,2,1,0,17,5,4,0,3,1,0,0,0,0,1,6,1,40,7,-1,-1,-1,-1,5,1,E01000979,0
Unvalidated,2024010499717,2024,010499717,1,3,0,18,3,7,0,0,0,0,0,0,3,1,6,1,23,5,-1,-1,-1,-1,4,1,E01003573,0
Unvalidated,2024010499717,2024,010499717,2,9,0,18,3,7,0,0,0,0,0,0,4,1,6,1,31,6,-1,-1,-1,-1,6,1,E01002266,0
Unvalidated,2024010499720,2024,010499720,1,3,0,99,9,9,99,9,9,99,9,99,9,1,1,2,34,6,-1,-1,-1,-1,4,1,E01004572,0
Unvalidated,2024010499720,2024,010499720,2,9,0,99,9,9,99,9,9,99,9,99,9,9,6,3,-1,-1,-1,-1,-1,-1,10,1,E01022876,0
Unvalidated,2024010499721,2024,010499721,1,3,0,99,9,9,99,9,9,99,9,99,9,1,1,1,25,5,-1,-1,-1,-1,2,1,E01000526,0
Unvalidated,2024010499721,2024,010499721,2,9,0,99,9,9,99,9,9,99,9,99,9,9,6,3,-1,-1,-1,-1,-1,-1,-1,-1,-1,0
Unvalidated,2024010499729,2024,010499729,1,3,0,99,9,9,99,9,9,99,9,99,1,1,1,1,32,6,-1,-1,-1,-1,3,1,E01000872,0
Unvalidated,2024010499729,2024,010499729,2,9,0,99,9,9,99,9,9,99,9,99,9,9,6,3,53,8,-1,-1,-1,-1,5,1,E01003110,0
Unvalidated,2024010499733,2024,010499733,1,9,0,9,1,6,9,5,0,0,1,0,1,1,6,1,77,11,-1,-1,-1,-1,-1,-1,-1,0
Unvalidated,2024010499733,2024,010499733,2,3,0,4,1,5,0,5,0,0,1,0,2,1,6,1,30,6,-1,-1,-1,-1,3,1,E01002605,0
Unvalidated,2024010499740,2024,010499740,1,3,0,11,7,3,0,8,1,0,0,0,2,1,1,1,20,4,-1,-1,-1,-1,7,1,E01003078,0
Unvalidated,2024010499740,2024,010499740,2,19,0,3,7,3,0,2,0,0,0,0,2,1,1,1,36,7,-1,-1,-1,-1,1,1,E01024610,0
Unvalidated,2024010499741,2024,010499741,1,9,0,5,0,1,0,2,0,0,0,0,1,1,6,1,39,7,-1,-1,-1,-1,2,1,E01003558,0
Unvalidated,2024010499751,2024,010499751,1,3,0,99,9,9,99,9,9,99,9,99,9,1,2,2,40,7,-1,-1,-1,-1,2,1,E01032765,0
Unvalidated,2024010499751,2024,010499751,2,9,0,99,9,9,99,9,9,99,9,99,9,9,6,3,-1,-1,-1,-1,-1,-1,-1,-1,-1,0
Unvalidated,2024010499752,2024,010499752,1,9,9,99,9,9,99,9,9,99,9,99,9,9,6,2,53,8,-1,-1,-1,-1,3,1,E01004454,0
Unvalidated,2024010499762,2024,010499762,1,9,0,99,9,9,99,9,9,99,9,99,2,9,6,2,40,7,-1,-1,-1,-1,5,1,E01000067,0
Unvalidated,2024010499762,2024,010499762,2,9,0,99,9,9,99,9,9,99,9,99,1,9,6,3,-1,-1,-1,-1,-1,-1,4,1,E01003714,0
Unvalidated,2024010499763,2024,010499763,1,9,0,2,0,0,4,0,0,0,0,0,2,1,6,3,-1,-1,-1,-1,-1,-1,-1,-1,-1,0
Unvalidated,2024010499763,2024,010499763,2,1,0,18,5,1,0,0,0,0,0,0,1,1,6,1,48,8,-1,-1,-1,-1,7,1,E01000963,0
Unvalidated,2024010499766,2024,010499766,1,9,0,99,9,9,99,9,9,99,9,99,9,1,6,3,21,5,-1,-1,-1,-1,9,1,E01004053,0
Unvalidated,2024010499767,2024,010499767,1,9,0,18,1,5,0,8,0,0,0,0,1,1,6,2,87,11,-1,-1,-1,-1,8,1,E01001994,0
Unvalidated,2024010499772,2024,010499772,1,1,9,99,9,9,99,9,9,99,9,99,9,1,6,2,52,8,-1,-1,-1,-1,8,1,E01003827,0
Unvalidated,2024010499772,2024,010499772,2,9,0,99,9,9,99,9,9,99,9,99,9,9,6,1,52,8,-1,-1,-1,-1,8,1,E01003904,0
Unvalidated,2024010499773,2024,010499773,1,19,0,18,1,5,0,0,0,0,0,0,3,1,2,1,62,9,-1,-1,-1,-1,10,1,E01004122,0
Unvalidated,2024010499776,2024,010499776,1,1,9,18,9,9,99,1,9,99,9,99,1,1,2,1,25,5,-1,-1,-1,-1,6,1,E01001245,0
Unvalidated,2024010499776,2024,010499776,2,3,0,18,9,9,99,5,9,99,9,99,1,1,6,3,-1,-1,-1,-1,-1,-1,-1,-1,-1,0
Unvalidated,2024010499777,2024,010499777,1,9,9,7,2,5,0,6,0,0,0,0,1,9,6,1,35,6,-1,-1,-1,-1,2,1,E01003966,0
Unvalidated,2024010499777,2024,010499777,2,1,0,18,7,3,0,1,0,0,0,0,3,1,6,2,16,4,-1,-1,-1,-1,3,1,E01004020,0
Unvalidated,2024010499779,2024,010499779,1,8,9,99,9,9,99,9,9,99,9,99,9,9,6,3,-1,-1,-1,-1,-1,-1,-1,-1,-1,0
Unvalidated,2024010499780,2024,010499780,1,3,0,99,9,9,99,9,9,99,9,99,9,1,1,1,36,7,-1,-1,-1,-1,3,1,E01000578,0
Unvalidated,2024010499780,2024,010499780,2,9,0,99,9,9,99,9,9,99,9,99,9,9,6,3,-1,-1,-1,-1,-1,-1,-1,-1,-1,0
Unvalidated,2024010499785,2024,010499785,1,11,0,18,1,5,2,4,0,0,0,0,0,1,1,1,55,8,-1,-1,-1,-1,3,1,E01000465,0
Unvalidated,2024010499785,2024,010499785,2,9,0,18,1,5,0,4,0,0,0,0,0,2,6,3,43,7,-1,-1,-1,-1,2,1,E01003346,0
Unvalidated,2024010499786,2024,010499786,1,8,0,5,0,3,0,0,0,0,0,0,1,1,1,1,58,9,-1,-1,-1,-1,3,1,E01000107,0
Unvalidated,2024010499786,2024,010499786,2,1,0,18,5,1,0,0,0,0,0,0,3,1,6,1,30,6,-1,-1,-1,-1,2,1,E01001783,0
Unvalidated,2024010499798,2024,010499798,1,19,0,4,1,5,0,3,0,0,0,0,1,1,2,1,39,7,-1,-1,-1,-1,5,1,E01000402,0
Unvalidated,2024010499798,2024,010499798,2,9,0,18,5,1,0,4,0,0,0,0,1,1,2,2,63,9,-1,-1,-1,-1,9,1,E01000440,0
Unvalidated,2024010499803,2024,010499803,1,9,0,18,3,7,0,0,0,0,0,0,4,1,6,1,22,5,-1,-1,-1,-1,2,1,E01001437,0
Unvalidated,2024010499803,2024,010499803,2,21,1,12,3,7,0,0,0,0,0,0,3,2,6,1,42,7,-1,-1,-1,-1,-1,-1,-1,0
Unvalidated,2024010499804,2024,010499804,1,19,0,1,1,5,0,6,0,0,0,0,2,1,1,1,59,9,-1,-1,-1,-1,6,1,E01016224,0
Unvalidated,2024010499804,2024,010499804,2,3,0,3,7,3,0,1,0,0,0,0,1,1,1,1,27,6,-1,-1,-1,-1,5,1,E01001866,0
Unvalidated,2024010499805,2024,010499805,1,9,0,5,7,3,0,4,0,0,0,0,1,1,6,2,54,8,-1,-1,-1,-1,3,1,E01003829,0
Unvalidated,2024010499805,2024,010499805,2,1,0,9,6,3,0,4,0,0,0,0,2,1,2,1,64,9,-1,-1,-1,-1,6,1,E01003836,0
Unvalidated,2024010499806,2024,010499806,1,11,0,4,7,3,0,0,0,0,0,0,4,1,1,2,63,9,-1,-1,-1,-1,2,1,E01001144,0
Unvalidated,2024010499809,2024,010499809,1,9,0,6,1,1,0,0,0,0,0,0,3,1,1,1,38,7,-1,-1,-1,-1,-1,-1,-1,0
Unvalidated,2024010499809,2024,010499809,2,3,0,13,1,5,0,0,0,0,0,0,1,1,2,1,27,6,-1,-1,-1,-1,-1,-1,-1,0
Unvalidated,2024010499810,2024,010499810,1,19,0,9,3,1,0,1,0,0,0,0,1,1,6,1,52,8,-1,-1,-1,-1,3,1,E01024608,0
Unvalidated,2024010499810,2024,010499810,2,1,0,18,7,3,0,1,0,0,0,0,1,1,6,1,44,7,-1,-1,-1,-1,2,1,E01004238,0
Unvalidated,2024010499812,2024,010499812,1,9,0,9,3,2,0,1,0,0,0,0,1,1,6,1,66,10,-1,-1,-1,-1,8,1,E01000774,0
Unvalidated,2024010499818,2024,010499818,1,9,0,5,4,8,0,1,0,0,1,11,1,1,6,2,50,8,-1,-1,-1,-1,9,1,E01032576,0
Unvalidated,2024010499818,2024,010499818,2,9,0,5,6,2,0,2,0,0,0,0,1,1,6,2,54,8,-1,-1,-1,-1,7,1,E01002154,0
Unvalidated,2024010499820,2024,010499820,1,9,0,7,7,1,0,6,0,4,0,0,1,1,2,1,58,9,-1,-1,-1,-1,6,1,E01001258,0
Unvalidated,2024010499820,2024,010499820,2,9,0,2,0,0,0,2,0,4,0,0,3,1,6,3,-1,-1,-1,-1,-1,-1,-1,-1,-1,0
Unvalidated,2024010499820,2024,010499820,3,9,0,2,0,0,0,2,0,0,0,0,0,1,6,3,-1,-1,-1,-1,-1,-1,-1,-1,-1,0
Unvalidated,2024010499825,2024,010499825,1,3,0,99,9,9,99,9,9,99,9,99,1,1,1,1,21,5,-1,-1,-1,-1,3,1,E01001445,0
Unvalidated,2024010499825,2024,010499825,2,9,0,99,9,9,99,9,9,99,9,99,1,9,6,3,-1,-1,-1,-1,-1,-1,-1,-1,-1,0
Unvalidated,2024010499827,2024,010499827,1,9,0,99,9,9,99,9,9,99,9,99,1,9,6,2,27,6,-1,-1,-1,-1,9,1,E01004191,0
Unvalidated,2024010499829,2024,010499829,1,3,0,9,5,2,0,8,1,0,0,0,1,1,1,1,32,6,-1,-1,-1,-1,9,1,E01000538,0
Unvalidated,2024010499829,2024,010499829,2,19,0,18,1,5,0,8,0,0,0,0,1,1,1,1,21,5,-1,-1,-1,-1,7,1,E01002474,0
Unvalidated,2024010499830,2024,010499830,1,3,0,99,9,9,99,9,9,99,9,99,9,1,6,1,20,4,-1,-1,-1,-1,4,1,E01001139,0
Unvalidated,2024010499830,2024,010499830,2,9,0,99,9,9,99,9,9,99,9,99,1,9,6,3,-1,-1,-1,-1,-1,-1,-1,-1,-1,0
Unvalidated,2024010499833,2024,010499833,1,97,0,18,8,4,0,8,0,0,0,0,1,1,6,3,-1,-1,-1,-1,-1,-1,-1,-1,-1,0
Unvalidated,2024010499834,2024,010499834,1,3,0,18,6,2,0,2,0,0,0,0,1,1,6,1,22,5,-1,-1,-1,-1,5,1,E01003640,0
Unvalidated,2024010499834,2024,010499834,2,9,0,9,7,4,0,6,0,0,0,0,3,1,1,1,40,7,-1,-1,-1,-1,4,1,E01002744,0
Unvalidated,2024010499835,2024,010499835,1,3,0,18,5,1,0,6,0,0,0,0,1,1,2,1,43,7,-1,-1,-1,-1,1,1,E01004214,0
Unvalidated,2024010499835,2024,010499835,2,1,0,9,5,2,0,4,0,0,0,0,1,1,2,2,32,6,-1,-1,-1,-1,2,1,E01004033,0
Unvalidated,2024010499836,2024,010499836,1,1,9,99,9,9,99,9,9,99,9,99,9,1,2,1,29,6,-1,-1,-1,-1,4,1,E01002798,0
Unvalidated,2024010499836,2024,010499836,2,9,0,99,9,9,99,9,9,99,9,99,9,9,6,3,-1,-1,-1,-1,-1,-1,-1,-1,-1,0
Unvalidated,2024010499838,2024,010499838,1,9,0,18,3,7,9,1,0,10,7,11,1,1,2,2,70,10,-1,-1,-1,-1,7,1,E01002474,0
Unvalidated,2024010499840,2024,010499840,1,9,0,18,5,1,0,0,1,6,8,11,3,1,6,1,17,4,-1,-1,-1,-1,-1,-1,-1,0
Unvalidated,2024010499840,2024,010499840,2,9,0,18,5,1,0,0,0,0,0,0,0,1,6,1,40,7,-1,-1,-1,-1,-1,-1,-1,0
Unvalidated,2024010499841,2024,010499841,1,9,0,9,5,2,0,1,0,0,0,0,4,1,6,1,60,9,-1,-1,-1,-1,5,1,E01002652,0
Unvalidated,2024010499841,2024,010499841,2,3,0,15,5,1,0,1,5,0,1,2,1,1,2,1,24,5,-1,-1,-1,-1,4,1,E01001934,0
Unvalidated,2024010499854,2024,010499854,1,19,0,9,5,3,0,5,0,0,0,0,4,1,1,1,22,5,-1,-1,-1,-1,-1,-1,-1,0
Unvalidated,2024010499854,2024,010499854,2,1,0,18,5,1,2,8,0,0,0,0,1,1,2,1,51,8,-1,-1,-1,-1,9,1,E01004097,0