status,collision_index,collision_year,collision_reference,vehicle_reference,vehicle_type,towing_and_articulation,vehicle_manoeuvre,vehicle_direction_from,vehicle_direction_to,vehicle_location_restricted_lane,junction_location,skidding_and_overturning,hit_object_in_carriageway,vehicle_leaving_carriageway,hit_object_off_carriageway,first_point_of_impact,vehicle_left_hand_drive,journey_purpose_of_driver,sex_of_driver,age_of_driver,age_band_of_driver,engine_capacity_cc,propulsion_code,age_of_vehicle,generic_make_model,driver_imd_decile,driver_home_area_type,lsoa_of_driver,escooter_flag
Unvalidated,2024010499856,2024,010499856,1,1,0,17,5,1,0,0,0,0,0,0,0,1,6,1,32,6,-1,-1,-1,-1,3,1,E01032774,0
Unvalidated,2024010499856,2024,010499856,2,1,0,17,5,1,0,0,0,0,0,0,1,1,6,1,52,8,-1,-1,-1,-1,5,1,E01003292,0
Unvalidated,2024010499856,2024,010499856,3,1,0,17,5,1,0,0,0,0,0,0,1,1,6,1,31,6,-1,-1,-1,-1,2,1,E01002776,0
Unvalidated,2024010499862,2024,010499862,1,3,0,18,9,9,99,9,9,99,9,99,9,1,2,2,29,6,-1,-1,-1,-1,7,1,E01003395,0
Unvalidated,2024010499862,2024,010499862,2,9,0,5,9,9,99,9,9,99,9,99,9,9,6,3,-1,-1,-1,-1,-1,-1,-1,-1,-1,0
Unvalidated,2024010499863,2024,010499863,1,9,0,4,7,3,0,8,0,0,0,0,1,1,6,1,77,11,-1,-1,-1,-1,9,1,E01001028,0
Unvalidated,2024010499863,2024,010499863,2,9,0,3,7,3,0,8,0,0,0,0,2,1,6,2,33,6,-1,-1,-1,-1,-1,-1,-1,0
Unvalidated,2024010499863,2024,010499863,3,9,3,3,7,3,0,8,0,0,0,0,2,1,6,1,47,8,-1,-1,-1,-1,8,1,E01016995,0
Unvalidated,2024010499867,2024,010499867,1,9,0,17,1,7,0,8,0,0,0,0,1,1,1,1,67,10,-1,-1,-1,-1,3,1,E01033583,0
Unvalidated,2024010499867,2024,010499867,2,9,0,18,1,5,0,8,0,0,2,7,4,1,6,1,22,5,-1,-1,-1,-1,2,1,E01003546,0
Unvalidated,2024010499870,2024,010499870,1,9,0,17,5,4,0,8,0,0,0,0,1,1,6,2,68,10,-1,-1,-1,-1,3,1,E01003269,0
Unvalidated,2024010499870,2024,010499870,2,1,0,18,5,1,0,8,0,0,0,0,1,1,2,1,36,7,-1,-1,-1,-1,2,1,E01001653,0
Unvalidated,2024010499871,2024,010499871,1,9,0,18,3,7,0,2,0,0,0,0,4,1,3,2,31,6,-1,-1,-1,-1,1,1,E01002073,0
Unvalidated,2024010499873,2024,010499873,1,3,0,99,9,9,99,9,9,99,9,99,1,1,1,1,38,7,-1,-1,-1,-1,8,1,E01002941,0
Unvalidated,2024010499873,2024,010499873,2,9,0,99,9,9,99,9,9,99,9,99,9,9,6,3,-1,-1,-1,-1,-1,-1,-1,-1,-1,0
Unvalidated,2024010499882,2024,010499882,1,5,0,99,9,9,99,9,9,99,9,99,9,1,6,1,38,7,-1,-1,-1,-1,4,1,E01000507,0
Unvalidated,2024010499882,2024,010499882,2,9,0,99,9,9,99,9,9,99,9,99,4,9,6,3,-1,-1,-1,-1,-1,-1,-1,-1,-1,0
Unvalidated,2024010499886,2024,010499886,1,3,0,99,9,9,99,9,9,99,9,99,1,1,1,3,19,4,-1,-1,-1,-1,5,1,E01000150,0
Unvalidated,2024010499886,2024,010499886,2,9,0,99,9,9,99,9,9,99,9,99,9,9,6,3,-1,-1,-1,-1,-1,-1,-1,-1,-1,0
Unvalidated,2024010499887,2024,010499887,1,1,9,99,9,9,99,1,9,99,9,99,1,1,6,2,30,6,-1,-1,-1,-1,1,1,E01003246,0
Unvalidated,2024010499887,2024,010499887,2,9,0,99,9,9,99,6,9,99,9,99,9,9,6,1,28,6,-1,-1,-1,-1,2,1,E01032579,0
Unvalidated,2024010499893,2024,010499893,1,9,0,1,4,8,0,0,0,0,0,0,2,1,6,3,-1,-1,-1,-1,-1,-1,-1,-1,-1,0
Unvalidated,2024010499895,2024,010499895,1,3,0,99,9,9,99,9,9,99,9,99,9,1,2,3,27,6,-1,-1,-1,-1,3,1,E01001969,0
Unvalidated,2024010499895,2024,010499895,2,9,0,99,9,9,99,9,9,99,9,99,9,9,6,3,-1,-1,-1,-1,-1,-1,-1,-1,-1,0
Unvalidated,2024010499896,2024,010499896,1,3,0,99,9,9,99,9,9,99,9,99,9,1,1,1,35,6,-1,-1,-1,-1,3,1,E01000481,0
Unvalidated,2024010499896,2024,010499896,2,9,0,99,9,9,99,9,9,99,9,99,9,9,6,3,-1,-1,-1,-1,-1,-1,-1,-1,-1,0
Unvalidated,2024010499897,2024,010499897,1,1,9,99,9,9,99,9,9,99,9,99,9,1,6,1,60,9,-1,-1,-1,-1,4,1,E01004439,0
Unvalidated,2024010499897,2024,010499897,2,19,0,99,9,9,99,9,9,99,9,99,1,9,6,3,-1,-1,-1,-1,-1,-1,-1,-1,-1,0
Unvalidated,2024010499898,2024,010499898,1,1,9,99,9,9,99,9,9,99,9,99,1,1,2,1,33,6,-1,-1,-1,-1,2,1,E01000863,0
Unvalidated,2024010499898,2024,010499898,2,9,0,99,9,9,99,9,9,99,9,99,9,9,6,1,-1,-1,-1,-1,-1,-1,2,1,E01000950,0
Unvalidated,2024010499900,2024,010499900,1,9,0,18,1,5,0,8,0,0,0,0,1,1,2,2,21,5,-1,-1,-1,-1,10,1,E01003362,0
Unvalidated,2024010499902,2024,010499902,1,2,0,99,9,9,99,9,9,99,9,99,9,1,1,1,17,4,-1,-1,-1,-1,8,1,E01004119,0
Unvalidated,2024010499902,2024,010499902,2,9,0,99,9,9,99,9,9,99,9,99,9,9,6,3,-1,-1,-1,-1,-1,-1,-1,-1,-1,0
Unvalidated,2024010499904,2024,010499904,1,9,0,99,9,9,99,9,9,99,9,99,2,9,6,2,33,6,-1,-1,-1,-1,2,1,E01002615,0
Unvalidated,2024010499904,2024,010499904,2,9,0,99,9,9,99,9,9,99,9,99,1,9,6,3,-1,-1,-1,-1,-1,-1,-1,-1,-1,0
Unvalidated,2024010499906,2024,010499906,1,9,0,18,5,1,0,0,0,0,0,0,1,1,6,3,-1,-1,-1,-1,-1,-1,-1,-1,-1,0
Unvalidated,2024010499907,2024,010499907,1,19,0,18,3,7,0,1,0,0,0,0,1,1,1,1,21,5,-1,-1,-1,-1,5,1,E01004347,0
Unvalidated,2024010499907,2024,010499907,2,9,0,2,0,0,0,1,0,0,1,1,3,1,6,3,-1,-1,-1,-1,-1,-1,-1,-1,-1,0
Unvalidated,2024010499908,2024,010499908,1,4,0,18,5,1,0,1,0,0,0,0,1,1,6,1,22,5,-1,-1,-1,-1,9,1,E01030568,0
Unvalidated,2024010499908,2024,010499908,2,1,0,18,5,1,0,1,0,0,0,0,2,1,6,1,40,7,-1,-1,-1,-1,9,1,E01001098,0
Unvalidated,2024010499908,2024,010499908,3,9,0,18,1,5,0,1,0,0,0,0,0,1,6,1,24,5,-1,-1,-1,-1,-1,-1,-1,0
Unvalidated,2024010499909,2024,010499909,1,3,0,99,9,9,99,9,9,99,9,99,9,1,1,3,38,7,-1,-1,-1,-1,2,1,E01001448,0
Unvalidated,2024010499909,2024,010499909,2,9,9,99,9,9,99,9,9,99,9,99,9,9,6,3,-1,-1,-1,-1,-1,-1,-1,-1,-1,0
Unvalidated,2024010499910,2024,010499910,1,1,9,99,9,9,99,9,9,99,9,0,9,1,2,2,33,6,-1,-1,-1,-1,3,1,E01001715,0
Unvalidated,2024010499910,2024,010499910,2,9,0,99,9,9,99,9,9,99,9,99,9,1,6,3,-1,-1,-1,-1,-1,-1,2,1,E01002741,0
Unvalidated,2024010499911,2024,010499911,1,19,0,18,3,7,0,8,0,0,0,0,1,1,6,3,-1,-1,-1,-1,-1,-1,-1,-1,-1,0
Unvalidated,2024010499912,2024,010499912,1,1,9,99,9,9,99,0,9,8,9,99,0,1,2,2,24,5,-1,-1,-1,-1,3,1,E01004012,0
Unvalidated,2024010499912,2024,010499912,2,9,0,99,9,9,99,0,9,99,9,99,0,1,6,3,-1,-1,-1,-1,-1,-1,-1,-1,-1,0
Unvalidated,2024010499913,2024,010499913,1,3,9,99,9,9,99,9,9,99,9,99,1,1,1,1,26,6,-1,-1,-1,-1,2,1,E01001485,0
Unvalidated,2024010499913,2024,010499913,2,9,9,99,9,9,99,9,9,99,9,99,9,9,6,3,-1,-1,-1,-1,-1,-1,-1,-1,-1,0
Unvalidated,2024010499914,2024,010499914,1,1,9,99,9,9,99,9,9,99,9,99,1,1,6,1,24,5,-1,-1,-1,-1,3,1,E01002772,0
Unvalidated,2024010499914,2024,010499914,2,98,0,99,9,9,99,9,9,99,9,99,9,9,6,3,-1,-1,-1,-1,-1,-1,-1,-1,-1,0
Unvalidated,2024010499916,2024,010499916,1,19,0,18,7,3,0,0,0,0,0,0,3,1,6,1,46,8,-1,-1,-1,-1,4,1,E01012762,0
Unvalidated,2024010499916,2024,010499916,2,90,0,18,7,3,0,0,5,0,0,0,3,1,6,1,57,9,-1,-1,-1,-1,2,1,E01002045,1
Unvalidated,2024010499917,2024,010499917,1,9,0,99,9,9,99,9,9,99,9,99,9,9,6,1,52,8,-1,-1,-1,-1,5,1,E01003435,0
Unvalidated,2024010499917,2024,010499917,2,9,0,99,9,9,99,9,9,99,9,99,1,9,6,3,53,8,-1,-1,-1,-1,5,1,E01001149,0
Unvalidated,2024010499922,2024,010499922,1,9,0,18,7,3,0,0,0,0,0,0,3,1,2,1,32,6,-1,-1,-1,-1,2,1,E01002776,0
Unvalidated,2024010499922,2024,010499922,2,9,0,18,3,7,0,0,0,0,0,0,3,1,6,1,51,8,-1,-1,-1,-1,1,1,E01001850,0
Unvalidated,2024010499922,2024,010499922,3,9,0,18,7,3,0,0,0,0,0,0,0,1,2,2,27,6,-1,-1,-1,-1,2,1,E01004455,0
Unvalidated,2024010499923,2024,010499923,1,3,0,18,9,9,99,9,9,99,9,99,9,1,6,3,40,7,-1,-1,-1,-1,2,1,E01033485,0
Unvalidated,2024010499923,2024,010499923,2,9,0,1,9,9,99,9,9,99,9,99,9,9,6,3,-1,-1,-1,-1,-1,-1,-1,-1,-1,0
Unvalidated,2024010499925,2024,010499925,1,9,0,4,5,1,0,4,0,0,0,0,1,1,6,2,21,5,-1,-1,-1,-1,7,1,E01003655,0
Unvalidated,2024010499925,2024,010499925,2,9,0,4,5,1,0,4,0,0,0,0,2,1,6,1,62,9,-1,-1,-1,-1,1,1,E01000661,0
Unvalidated,2024010499927,2024,010499927,1,3,0,99,9,9,99,9,9,99,9,99,1,1,1,1,41,7,-1,-1,-1,-1,10,1,E01024469,0
Unvalidated,2024010499927,2024,010499927,2,9,0,99,9,9,99,9,9,99,9,99,9,9,6,3,-1,-1,-1,-1,-1,-1,-1,-1,-1,0
Unvalidated,2024010499928,2024,010499928,1,9,0,18,1,5,0,0,1,0,1,0,1,1,6,2,50,8,-1,-1,-1,-1,9,1,E01002992,0
Unvalidated,2024010499928,2024,010499928,2,9,0,18,5,1,0,0,0,0,0,0,1,1,6,2,55,8,-1,-1,-1,-1,9,1,E01002996,0
Unvalidated,2024010499931,2024,010499931,1,9,0,99,9,9,99,9,9,99,9,99,9,9,6,2,28,6,-1,-1,-1,-1,9,1,E01003809,0
Unvalidated,2024010499931,2024,010499931,2,98,0,99,9,9,99,9,9,99,9,99,9,9,6,3,-1,-1,-1,-1,-1,-1,3,1,E01024567,0
Unvalidated,2024010499932,2024,010499932,1,9,0,4,7,3,0,0,0,0,0,0,2,1,6,2,57,9,-1,-1,-1,-1,8,1,E01001062,0
Unvalidated,2024010499932,2024,010499932,2,3,0,18,7,3,0,0,1,0,0,0,1,1,1,1,25,5,-1,-1,-1,-1,2,1,E01001181,0
Unvalidated,2024010499936,2024,010499936,1,11,0,5,1,5,8,0,0,0,0,0,0,1,1,1,63,9,-1,-1,-1,-1,4,1,E01004148,0
Unvalidated,2024010499942,2024,010499942,1,3,0,99,9,9,99,9,9,99,9,99,9,1,1,3,29,6,-1,-1,-1,-1,2,1,E01001515,0
Unvalidated,2024010499942,2024,010499942,2,9,9,99,9,9,99,9,9,99,9,99,9,9,6,3,-1,-1,-1,-1,-1,-1,-1,-1,-1,0
Unvalidated,2024010499945,2024,010499945,1,1,0,4,5,1,9,1,0,0,0,0,0,1,6,1,72,10,-1,-1,-1,-1,5,1,E01000224,0
Unvalidated,2024010499945,2024,010499945,2,9,0,8,7,1,9,6,0,0,0,0,0,1,6,2,31,6,-1,-1,-1,-1,3,1,E01000222,0
Unvalidated,2024010499947,2024,010499947,1,9,0,5,0,1,0,0,0,0,0,0,1,1,1,1,46,8,-1,-1,-1,-1,1,1,E01001080,0
Unvalidated,2024010499948,2024,010499948,1,11,0,4,3,7,0,0,0,0,0,0,3,1,6,3,-1,-1,-1,-1,-1,-1,-1,-1,-1,0
Unvalidated,2024010499949,2024,010499949,1,9,0,99,9,9,99,9,9,99,9,99,9,9,6,2,34,6,-1,-1,-1,-1,2,1,E01003594,0
Unvalidated,2024010499949,2024,010499949,2,9,0,99,9,9,99,9,9,99,9,99,1,9,6,3,-1,-1,-1,-1,-1,-1,-1,-1,-1,0
Unvalidated,2024010499952,2024,010499952,1,9,0,11,3,7,0,5,0,0,0,0,3,1,6,1,22,5,-1,-1,-1,-1,1,1,E01000308,0
Unvalidated,2024010499952,2024,010499952,2,11,0,3,7,3,0,1,0,0,0,0,2,1,1,1,41,7,-1,-1,-1,-1,7,1,E01031396,0
Unvalidated,2024010499952,2024,010499952,3,9,0,3,3,7,0,1,0,0,0,0,1,1,2,1,37,7,-1,-1,-1,-1,4,1,E01000565,0
Unvalidated,2024010499958,2024,010499958,1,1,9,99,9,9,99,9,9,99,9,99,9,1,2,1,53,8,-1,-1,-1,-1,10,1,E01002934,0
Unvalidated,2024010499958,2024,010499958,2,9,0,99,9,9,99,9,9,99,9,99,9,9,6,3,-1,-1,-1,-1,-1,-1,-1,-1,-1,0
Unvalidated,2024010499959,2024,010499959,1,11,0,15,7,3,0,1,0,4,0,0,4,1,6,2,57,9,-1,-1,-1,-1,1,1,E01002673,0
Unvalidated,2024010499959,2024,010499959,2,19,0,18,3,7,0,1,0,0,0,0,4,1,2,1,46,8,-1,-1,-1,-1,7,1,E01000971,0
Unvalidated,2024010499959,2024,010499959,3,8,0,18,3,7,0,1,0,0,0,0,4,1,2,1,27,6,-1,-1,-1,-1,2,1,E01004319,0
Unvalidated,2024010499959,2024,010499959,4,8,0,18,7,3,0,1,0,0,0,0,0,1,6,1,60,9,-1,-1,-1,-1,5,1,E01001536,0
Unvalidated,2024010499962,2024,010499962,1,3,0,99,9,9,99,9,9,99,9,99,9,1,2,3,24,5,-1,-1,-1,-1,2,1,E01001112,0
Unvalidated,2024010499962,2024,010499962,2,9,0,99,9,9,99,9,9,99,9,99,9,9,6,3,-1,-1,-1,-1,-1,-1,-1,-1,-1,0
Unvalidated,2024010499966,2024,010499966,1,3,0,99,9,9,99,9,9,99,9,99,9,1,1,1,25,5,-1,-1,-1,-1,1,1,E01001425,0
Unvalidated,2024010499966,2024,010499966,2,9,0,99,9,9,99,9,9,99,9,99,9,9,6,3,-1,-1,-1,-1,-1,-1,-1,-1,-1,0
Unvalidated,2024010499968,2024,010499968,1,1,9,99,9,9,99,9,9,99,9,99,9,1,2,2,35,6,-1,-1,-1,-1,2,1,E01003290,0
Unvalidated,2024010499968,2024,010499968,2,9,0,99,9,9,99,9,9,99,9,99,1,9,6,3,-1,-1,-1,-1,-1,-1,5,1,E01003279,0
Unvalidated,2024010499970,2024,010499970,1,8,0,10,7,4,0,8,0,0,0,0,3,1,6,1,59,9,-1,-1,-1,-1,6,1,E01000590,0
Unvalidated,2024010499970,2024,010499970,2,9,0,9,4,1,0,8,0,0,0,0,1,1,6,1,35,6,-1,-1,-1,-1,3,1,E01000312,0
Unvalidated,2024010499974,2024,010499974,1,9,0,99,9,9,99,9,9,99,9,99,2,9,2,2,55,8,-1,-1,-1,-1,2,1,E01003350,0
Unvalidated,2024010499974,2024,010499974,2,9,0,99,9,9,99,9,9,99,9,99,1,9,6,3,-1,-1,-1,-1,-1,-1,-1,-1,-1,0
Unvalidated,2024010499977,2024,010499977,1,1,9,99,9,9,99,9,9,99,9,99,1,1,2,1,36,7,-1,-1,-1,-1,3,1,E01003592,0
Unvalidated,2024010499977,2024,010499977,2,9,0,99,9,9,99,9,9,99,0,0,9,9,6,1,67,10,-1,-1,-1,-1,3,1,E01003602,0
Unvalidated,2024010499981,2024,010499981,1,11,0,18,7,3,0,3,0,0,0,0,0,1,1,1,56,9,-1,-1,-1,-1,3,1,E01002403,0
Unvalidated,2024010499987,2024,010499987,1,9,0,18,7,3,0,1,0,0,0,0,3,1,1,2,31,6,-1,-1,-1,-1,2,1,E01003507,0
Unvalidated,2024010499987,2024,010499987,2,19,0,10,1,7,0,7,0,0,0,0,1,1,6,1,54,8,-1,-1,-1,-1,4,1,E01003494,0
Unvalidated,2024010499989,2024,010499989,1,9,0,18,1,5,0,0,0,0,0,0,1,2,6,1,60,9,-1,-1,-1,-1,3,1,E01001504,0
Unvalidated,2024010499989,2024,010499989,2,9,0,18,5,1,0,0,0,0,0,0,1,2,6,1,43,7,-1,-1,-1,-1,3,1,E01001488,0
Unvalidated,2024010499990,2024,010499990,1,90,0,17,7,5,0,8,0,0,0,0,0,1,6,1,44,7,-1,-1,-1,-1,2,1,E01003239,0
Unvalidated,2024010499990,2024,010499990,2,90,0,18,1,5,0,8,0,0,0,0,1,1,6,1,18,4,-1,-1,-1,-1,2,1,E01003132,0
Unvalidated,2024010499991,2024,010499991,1,9,0,4,1,5,0,1,0,0,0,0,1,1,2,1,18,4,-1,-1,-1,-1,5,1,E01000158,0
Unvalidated,2024010499997,2024,010499997,1,9,0,8,1,3,0,1,0,0,0,0,1,1,6,2,70,10,-1,-1,-1,-1,10,1,E01000697,0
Unvalidated,2024010499997,2024,010499997,2,5,0,18,3,7,0,1,0,0,0,0,1,1,6,1,50,8,-1,-1,-1,-1,4,1,E01000676,0
Unvalidated,2024010500002,2024,010500002,1,1,9,99,9,9,99,2,9,99,9,99,9,1,2,2,36,7,-1,-1,-1,-1,2,1,E01032765,0
Unvalidated,2024010500002,2024,010500002,2,9,0,99,9,9,99,4,9,99,9,99,1,9,6,3,-1,-1,-1,-1,-1,-1,-1,-1,-1,0
Unvalidated,2024010500004,2024,010500004,1,9,0,9,1,7,0,8,0,0,0,0,1,1,6,1,46,8,-1,-1,-1,-1,4,1,E01002103,0
Unvalidated,2024010500005,2024,010500005,1,98,0,9,3,8,0,1,0,0,0,0,1,1,6,3,-1,-1,-1,-1,-1,-1,-1,-1,-1,0
Unvalidated,2024010500005,2024,010500005,2,22,0,18,3,7,0,1,0,0,0,0,1,1,6,2,67,10,-1,-1,-1,-1,4,1,E01003447,0
Unvalidated,2024010500010,2024,010500010,1,9,0,99,9,9,99,9,9,99,9,99,1,9,6,1,23,5,-1,-1,-1,-1,3,1,E01000226,0
Unvalidated,2024010500010,2024,010500010,2,9,0,99,9,9,99,9,9,99,9,99,0,9,6,3,-1,-1,-1,-1,-1,-1,-1,-1,-1,0
Unvalidated,2024010500012,2024,010500012,1,11,0,18,7,3,0,1,0,0,0,0,1,1,1,1,31,6,-1,-1,-1,-1,2,1,E01003377,0
Unvalidated,2024010500012,2024,010500012,2,3,0,9,1,6,0,6,0,0,0,0,3,1,6,2,23,5,-1,-1,-1,-1,2,1,E01001012,0
Unvalidated,2024010500015,2024,010500015,1,21,1,11,3,7,0,2,0,0,0,0,3,1,1,1,50,8,-1,-1,-1,-1,3,1,E01004411,0
Unvalidated,2024010500016,2024,010500016,1,9,0,9,1,7,0,1,0,0,0,0,1,1,1,1,44,7,-1,-1,-1,-1,-1,-1,-1,0
Unvalidated,2024010500016,2024,010500016,2,1,0,18,5,1,0,1,0,0,0,0,1,1,1,1,26,6,-1,-1,-1,-1,-1,-1,-1,0
Unvalidated,2024010500017,2024,010500017,1,20,0,1,3,7,0,6,0,0,0,0,2,2,6,1,36,7,-1,-1,-1,-1,5,2,E01031501,0
Unvalidated,2024010500018,2024,010500018,1,9,0,9,7,5,0,8,0,7,1,6,1,1,6,1,28,6,-1,-1,-1,-1,2,1,E01004283,0
Unvalidated,2024010500020,2024,010500020,1,9,0,18,7,3,0,5,0,0,0,0,3,1,1,1,27,6,-1,-1,-1,-1,3,1,E01000922,0
Unvalidated,2024010500020,2024,010500020,2,1,0,18,3,7,0,1,0,0,0,0,1,1,6,2,16,4,-1,-1,-1,-1,8,1,E01000910,0
Unvalidated,2024010500021,2024,010500021,1,1,0,5,3,7,0,1,0,4,0,0,1,1,6,1,20,4,-1,-1,-1,-1,3,1,E01033699,0
Unvalidated,2024010500021,2024,010500021,2,19,0,12,3,7,0,1,0,0,0,0,3,1,6,3,-1,-1,-1,-1,-1,-1,-1,-1,-1,0
Unvalidated,2024010500022,2024,010500022,1,9,0,2,0,0,0,0,0,0,0,0,1,1,6,3,-1,-1,-1,-1,-1,-1,-1,-1,-1,0
Unvalidated,2024010500022,2024,010500022,2,3,0,18,5,1,0,0,0,0,0,0,1,1,6,1,29,6,-1,-1,-1,-1,3,1,E01004212,0
Unvalidated,2024010500024,2024,010500024,1,9,0,18,5,1,0,1,0,0,0,0,1,1,2,1,53,8,-1,-1,-1,-1,7,1,E01000347,0
Unvalidated,2024010500025,2024,010500025,1,9,0,18,5,1,0,1,0,0,0,0,4,1,6,2,62,9,-1,-1,-1,-1,3,1,E01001466,0
Unvalidated,2024010500025,2024,010500025,2,1,0,18,5,1,9,1,0,0,0,0,3,1,6,2,63,9,-1,-1,-1,-1,4,1,E01001404,0
Unvalidated,2024010500029,2024,010500029,1,9,0,18,1,5,0,0,0,0,0,0,0,1,6,1,61,9,-1,-1,-1,-1,3,1,E01004266,0
Unvalidated,2024010500029,2024,010500029,2,9,0,3,5,1,0,0,0,0,0,0,4,1,1,1,53,8,-1,-1,-1,-1,3,1,E01032743,0
Unvalidated,2024010500029,2024,010500029,3,9,0,3,5,1,0,0,0,0,0,0,4,1,1,1,44,7,-1,-1,-1,-1,7,1,E01003709,0
Unvalidated,2024010500029,2024,010500029,4,4,0,13,1,5,0,0,5,4,0,0,1,1,6,1,47,8,-1,-1,-1,-1,6,1,E01004637,0
Unvalidated,2024010500032,2024,010500032,1,1,0,18,1,5,2,0,0,0,0,0,3,1,6,1,36,7,-1,-1,-1,-1,4,1,E01001276,0
Unvalidated,2024010500032,2024,010500032,2,9,0,11,1,5,2,0,0,0,0,0,4,1,6,2,49,8,-1,-1,-1,-1,1,1,E01000596,0
Unvalidated,2024010500049,2024,010500049,1,9,0,6,7,7,0,2,0,0,1,0,1,1,6,1,64,9,-1,-1,-1,-1,2,1,E01003977,0
Unvalidated,2024010500049,2024,010500049,2,3,0,18,3,7,0,2,0,0,0,0,3,1,6,1,42,7,-1,-1,-1,-1,3,1,E01000740,0
Unvalidated,2024010500051,2024,010500051,1,9,0,18,5,1,0,1,0,0,0,0,1,1,6,1,34,6,-1,-1,-1,-1,2,1,E01003489,0
Unvalidated,2024010500051,2024,010500051,2,9,0,18,5,1,0,1,0,0,0,0,2,1,1,1,39,7,-1,-1,-1,-1,2,1,E01001830,0
Unvalidated,2024010500052,2024,010500052,1,9,0,1,3,7,9,0,0,0,1,10,2,1,6,2,37,7,-1,-1,-1,-1,5,1,E01002399,0
Unvalidated,2024010500054,2024,010500054,1,19,0,10,1,6,0,8,0,0,0,0,1,1,1,1,52,8,-1,-1,-1,-1,2,1,E01003079,0
Unvalidated,2024010500054,2024,010500054,2,3,0,5,3,7,0,8,0,0,0,0,1,1,1,1,36,7,-1,-1,-1,-1,3,1,E01003141,0
Unvalidated,2024010500058,2024,010500058,1,3,0,18,9,9,99,5,9,99,9,99,9,1,6,3,30,6,-1,-1,-1,-1,2,1,E01000501,0
Unvalidated,2024010500058,2024,010500058,2,9,0,18,9,9,99,1,9,99,9,99,9,9,6,3,-1,-1,-1,-1,-1,-1,-1,-1,-1,0
Unvalidated,2024010500060,2024,010500060,1,3,0,99,9,9,99,9,9,99,9,99,9,1,6,3,32,6,-1,-1,-1,-1,5,1,E01000747,0
Unvalidated,2024010500060,2024,010500060,2,9,0,99,9,9,99,9,9,99,9,99,9,9,6,3,-1,-1,-1,-1,-1,-1,-1,-1,-1,0
Unvalidated,2024010500061,2024,010500061,1,9,0,13,3,7,0,1,0,0,0,0,1,1,6,3,34,6,-1,-1,-1,-1,4,1,E01016496,0
Unvalidated,2024010500061,2024,010500061,2,19,0,10,3,8,0,1,0,0,0,0,3,1,2,1,57,9,-1,-1,-1,-1,2,1,E01003538,0
Unvalidated,2024010500061,2024,010500061,3,9,0,18,7,3,0,1,0,0,0,0,1,1,6,2,42,7,-1,-1,-1,-1,3,1,E01003549,0
Unvalidated,2024010500061,2024,010500061,4,9,0,18,3,7,0,1,0,0,0,0,2,1,6,1,44,7,-1,-1,-1,-1,3,1,E01003544,0
Unvalidated,2024010500062,2024,010500062,1,8,0,99,9,9,99,9,9,99,9,99,1,9,1,1,45,7,-1,-1,-1,-1,2,1,E01008999,0
Unvalidated,2024010500062,2024,010500062,2,9,0,99,9,9,99,9,9,99,9,99,1,9,6,3,40,7,-1,-1,-1,-1,3,1,E01024291,0
Unvalidated,2024010500065,2024,010500065,1,8,0,9,1,8,0,8,0,0,7,0,1,1,1,1,44,7,-1,-1,-1,-1,-1,-1,-1,0
Unvalidated,2024010500065,2024,010500065,2,3,0,5,6,2,0,1,0,0,0,0,1,1,2,1,28,6,-1,-1,-1,-1,3,1,E01003068,0
Unvalidated,2024010500066,2024,010500066,1,9,0,5,7,3,0,5,0,0,7,0,1,1,6,3,-1,-1,-1,-1,-1,-1,-1,-1,-1,0
Unvalidated,2024010500067,2024,010500067,1,9,0,18,1,5,0,1,0,0,1,0,1,1,6,3,-1,-1,-1,-1,-1,-1,-1,-1,-1,0
Unvalidated,2024010500069,2024,010500069,1,1,9,99,9,9,99,9,9,99,9,99,9,1,6,2,29,6,-1,-1,-1,-1,1,1,E01004286,0
Unvalidated,2024010500072,2024,010500072,1,9,0,5,3,7,9,5,0,0,1,10,1,1,6,1,80,11,-1,-1,-1,-1,4,1,E01002315,0
Unvalidated,2024010500073,2024,010500073,1,9,0,9,7,5,0,2,0,0,0,0,1,1,6,2,36,7,-1,-1,-1,-1,2,1,E01003983,0
Unvalidated,2024010500073,2024,010500073,2,1,0,18,3,7,4,2,0,0,0,0,1,1,6,1,30,6,-1,-1,-1,-1,5,1,E01003116,0
Unvalidated,2024010500074,2024,010500074,1,1,9,99,9,9,99,9,9,99,9,99,9,1,6,1,50,8,-1,-1,-1,-1,7,1,E01002007,0
Unvalidated,2024010500074,2024,010500074,2,9,0,99,9,9,99,9,9,99,9,99,9,9,6,3,-1,-1,-1,-1,-1,-1,4,1,E01002785,0
Unvalidated,2024010500075,2024,010500075,1,11,0,18,5,1,2,0,0,0,0,0,0,1,1,2,37,7,-1,-1,-1,-1,3,1,E01002559,0
Unvalidated,2024010500076,2024,010500076,1,4,0,18,5,1,0,1,2,0,0,0,1,1,6,1,23,5,-1,-1,-1,-1,2,1,E01001136,0
Unvalidated,2024010500076,2024,010500076,2,9,0,9,5,3,0,1,0,0,0,0,2,1,6,1,48,8,-1,-1,-1,-1,7,1,E01001608,0
Unvalidated,2024010500078,2024,010500078,1,9,0,18,6,2,0,0,0,0,0,0,1,1,6,2,53,8,-1,-1,-1,-1,4,1,E01030914,0