status,collision_index,collision_year,collision_reference,vehicle_reference,vehicle_type,towing_and_articulation,vehicle_manoeuvre,vehicle_direction_from,vehicle_direction_to,vehicle_location_restricted_lane,junction_location,skidding_and_overturning,hit_object_in_carriageway,vehicle_leaving_carriageway,hit_object_off_carriageway,first_point_of_impact,vehicle_left_hand_drive,journey_purpose_of_driver,sex_of_driver,age_of_driver,age_band_of_driver,engine_capacity_cc,propulsion_code,age_of_vehicle,generic_make_model,driver_imd_decile,driver_home_area_type,lsoa_of_driver,escooter_flag
Unvalidated,2024010500079,2024,010500079,1,9,0,99,9,9,99,2,9,99,9,99,2,9,6,1,53,8,-1,-1,-1,-1,2,1,E01001877,0
Unvalidated,2024010500079,2024,010500079,2,98,9,99,9,9,99,4,9,99,9,99,1,9,6,1,29,6,-1,-1,-1,-1,3,1,E01000510,0
Unvalidated,2024010500080,2024,010500080,1,3,0,99,9,9,99,0,9,99,9,99,1,1,2,1,26,6,-1,-1,-1,-1,4,1,E01002088,0
Unvalidated,2024010500080,2024,010500080,2,9,0,99,9,9,99,0,9,99,9,99,1,9,6,3,-1,-1,-1,-1,-1,-1,-1,-1,-1,0
Unvalidated,2024010500082,2024,010500082,1,9,0,99,9,9,99,0,9,99,9,99,9,9,6,2,35,6,-1,-1,-1,-1,6,1,E01002353,0
Unvalidated,2024010500082,2024,010500082,2,9,0,99,9,9,99,0,9,99,9,99,1,9,6,3,-1,-1,-1,-1,-1,-1,-1,-1,-1,0
Unvalidated,2024010500083,2024,010500083,1,9,0,9,1,7,0,8,0,0,0,0,1,1,6,1,42,7,-1,-1,-1,-1,8,1,E01030698,0
Unvalidated,2024010500083,2024,010500083,2,2,0,18,5,1,0,8,5,0,0,0,3,1,6,1,45,7,-1,-1,-1,-1,5,1,E01003316,0
Unvalidated,2024010500084,2024,010500084,1,97,0,18,5,1,0,2,0,0,0,0,2,1,6,3,-1,-1,-1,-1,-1,-1,-1,-1,-1,0
Unvalidated,2024010500084,2024,010500084,2,1,0,18,5,1,0,2,0,0,0,0,2,1,6,1,46,8,-1,-1,-1,-1,7,1,E01001308,0
Unvalidated,2024010500088,2024,010500088,1,1,9,18,1,5,99,8,9,99,9,99,1,1,2,2,29,6,-1,-1,-1,-1,3,1,E01000718,0
Unvalidated,2024010500088,2024,010500088,2,9,0,99,3,1,99,6,9,99,9,99,9,9,6,3,-1,-1,-1,-1,-1,-1,6,1,E01000778,0
Unvalidated,2024010500092,2024,010500092,1,1,0,5,5,1,0,1,5,0,0,0,1,1,2,1,43,7,-1,-1,-1,-1,2,1,E01003912,0
Unvalidated,2024010500092,2024,010500092,2,9,0,7,5,7,0,1,0,0,0,0,2,1,6,1,34,6,-1,-1,-1,-1,-1,-1,-1,0
Unvalidated,2024010500093,2024,010500093,1,8,0,99,9,9,99,9,9,99,9,99,2,9,1,1,39,7,-1,-1,-1,-1,2,1,E01001515,0
Unvalidated,2024010500093,2024,010500093,2,9,0,99,9,9,99,9,9,99,9,99,1,9,6,3,-1,-1,-1,-1,-1,-1,-1,-1,-1,0
Unvalidated,2024010500095,2024,010500095,1,9,0,15,7,3,0,2,0,0,0,0,1,1,2,1,62,9,-1,-1,-1,-1,5,1,E01000071,0
Unvalidated,2024010500104,2024,010500104,1,3,0,99,9,9,99,9,9,99,9,99,9,1,6,3,34,6,-1,-1,-1,-1,5,1,E01003140,0
Unvalidated,2024010500104,2024,010500104,2,9,0,99,9,9,99,9,9,99,9,99,9,9,6,3,-1,-1,-1,-1,-1,-1,-1,-1,-1,0
Unvalidated,2024010500107,2024,010500107,1,9,0,99,9,9,99,9,9,99,9,99,2,9,6,2,48,8,-1,-1,-1,-1,4,1,E01001463,0
Unvalidated,2024010500107,2024,010500107,2,9,0,99,9,9,99,9,9,99,9,99,1,9,6,1,27,6,-1,-1,-1,-1,2,1,E01001442,0
Unvalidated,2024010500112,2024,010500112,1,9,0,18,7,3,0,1,0,0,0,0,1,1,6,2,47,8,-1,-1,-1,-1,5,1,E01001718,0
Unvalidated,2024010500112,2024,010500112,2,1,0,18,5,1,0,1,0,0,0,0,1,1,6,1,34,6,-1,-1,-1,-1,3,1,E01002731,0
Unvalidated,2024010500114,2024,010500114,1,3,0,18,1,5,0,1,0,0,0,0,1,1,1,1,26,6,-1,-1,-1,-1,5,1,E01001200,0
Unvalidated,2024010500114,2024,010500114,2,9,0,9,3,1,0,6,0,0,0,0,1,1,6,1,50,8,-1,-1,-1,-1,6,1,E01016473,0
Unvalidated,2024010500116,2024,010500116,1,5,0,99,9,9,99,9,9,99,9,99,9,1,2,1,48,8,-1,-1,-1,-1,7,1,E01002420,0
Unvalidated,2024010500116,2024,010500116,2,9,0,99,9,9,99,9,9,99,9,99,9,9,6,3,-1,-1,-1,-1,-1,-1,-1,-1,-1,0
Unvalidated,2024010500117,2024,010500117,1,1,9,99,9,9,99,9,9,99,9,99,2,1,2,2,45,7,-1,-1,-1,-1,1,1,E01001729,0
Unvalidated,2024010500117,2024,010500117,2,9,0,99,9,9,99,9,9,99,9,99,1,9,6,3,-1,-1,-1,-1,-1,-1,2,1,E01001842,0
Unvalidated,2024010500123,2024,010500123,1,9,0,18,3,7,0,1,0,0,1,0,2,1,6,1,34,6,-1,-1,-1,-1,4,1,E01002309,0
Unvalidated,2024010500123,2024,010500123,2,9,0,7,1,2,0,2,0,0,0,0,1,1,6,1,43,7,-1,-1,-1,-1,3,1,E01002308,0
Unvalidated,2024010500124,2024,010500124,1,9,0,18,4,8,0,8,0,0,0,0,1,1,6,1,70,10,-1,-1,-1,-1,5,1,E01002237,0
Unvalidated,2024010500124,2024,010500124,2,9,0,18,2,6,0,8,0,0,0,0,1,1,6,2,36,7,-1,-1,-1,-1,4,1,E01000588,0
Unvalidated,2024010500126,2024,010500126,1,11,0,18,4,8,2,0,0,0,0,0,0,1,1,1,45,7,-1,-1,-1,-1,1,1,E01001549,0
Unvalidated,2024010500127,2024,010500127,1,3,0,18,8,4,0,0,0,0,0,0,2,1,6,1,58,9,-1,-1,-1,-1,2,1,E01004001,0
Unvalidated,2024010500127,2024,010500127,2,9,0,13,8,4,0,0,0,0,0,0,1,1,6,3,-1,-1,-1,-1,-1,-1,-1,-1,-1,0
Unvalidated,2024010500129,2024,010500129,1,9,0,99,9,9,99,9,9,99,9,99,2,9,6,2,36,7,-1,-1,-1,-1,1,1,E01001155,0
Unvalidated,2024010500129,2024,010500129,2,9,9,99,9,9,99,9,9,99,9,99,9,9,6,3,24,5,-1,-1,-1,-1,2,1,E01032805,0
Unvalidated,2024010500133,2024,010500133,1,3,0,18,5,1,0,1,0,0,0,0,1,1,6,1,22,5,-1,-1,-1,-1,2,1,E01004725,0
Unvalidated,2024010500133,2024,010500133,2,1,0,14,1,5,0,1,0,0,0,0,1,1,6,1,36,7,-1,-1,-1,-1,1,1,E01004675,0
Unvalidated,2024010500139,2024,010500139,1,11,0,3,5,1,0,1,0,0,0,0,1,2,1,1,45,7,-1,-1,-1,-1,4,1,E01003106,0
Unvalidated,2024010500141,2024,010500141,1,9,0,18,7,3,0,1,0,0,0,0,1,1,6,1,36,7,-1,-1,-1,-1,6,1,E01002567,0
Unvalidated,2024010500146,2024,010500146,1,97,0,18,1,5,0,8,0,0,0,0,1,1,6,3,-1,-1,-1,-1,-1,-1,-1,-1,-1,0
Unvalidated,2024010500147,2024,010500147,1,9,0,3,7,3,0,9,0,0,0,0,4,9,6,3,-1,-1,-1,-1,-1,-1,-1,-1,-1,0
Unvalidated,2024010500151,2024,010500151,1,5,0,99,9,9,99,9,9,99,9,99,2,1,6,1,31,6,-1,-1,-1,-1,4,1,E01003740,0
Unvalidated,2024010500151,2024,010500151,2,9,0,99,9,9,99,9,9,99,9,99,2,9,6,3,-1,-1,-1,-1,-1,-1,5,1,E01000071,0
Unvalidated,2024010500154,2024,010500154,1,8,0,4,1,5,0,0,0,0,0,0,2,1,1,1,30,6,-1,-1,-1,-1,1,1,E01001765,0
Unvalidated,2024010500154,2024,010500154,2,4,0,13,1,5,0,0,2,0,0,0,1,1,1,1,34,6,-1,-1,-1,-1,4,1,E01002014,0
Unvalidated,2024010500162,2024,010500162,1,3,0,18,7,3,0,8,5,0,0,0,1,1,1,1,40,7,-1,-1,-1,-1,3,1,E01001930,0
Unvalidated,2024010500162,2024,010500162,2,8,0,18,1,5,0,8,0,0,0,0,3,1,6,1,-1,-1,-1,-1,-1,-1,6,1,E01003163,0
Unvalidated,2024010500163,2024,010500163,1,9,0,18,3,7,0,3,0,0,0,0,1,1,6,1,27,6,-1,-1,-1,-1,6,1,E01001272,0
Unvalidated,2024010500163,2024,010500163,2,9,0,4,7,3,0,1,0,0,0,0,1,1,6,1,21,5,-1,-1,-1,-1,8,1,E01002163,0
Unvalidated,2024010500164,2024,010500164,1,9,0,18,1,5,0,0,0,0,0,0,1,1,6,1,-1,-1,-1,-1,-1,-1,-1,-1,-1,0
Unvalidated,2024010500166,2024,010500166,1,8,0,18,1,5,0,1,0,0,0,0,1,1,1,1,50,8,-1,-1,-1,-1,3,1,E01000866,0
Unvalidated,2024010500168,2024,010500168,1,9,0,6,5,5,0,2,0,0,0,0,4,1,6,1,28,6,-1,-1,-1,-1,3,1,E01004333,0
Unvalidated,2024010500168,2024,010500168,2,9,0,13,1,5,0,1,0,0,0,0,1,1,6,1,57,9,-1,-1,-1,-1,7,1,E01003039,0
Unvalidated,2024010500169,2024,010500169,1,9,0,2,0,0,9,0,0,7,1,0,1,1,6,3,-1,-1,-1,-1,-1,-1,-1,-1,-1,0
Unvalidated,2024010500172,2024,010500172,1,3,0,99,9,9,99,1,9,99,9,99,9,1,6,1,19,4,-1,-1,-1,-1,3,1,E01004425,0
Unvalidated,2024010500172,2024,010500172,2,9,0,99,9,9,99,6,9,99,9,99,1,9,6,3,-1,-1,-1,-1,-1,-1,-1,-1,-1,0
Unvalidated,2024010500173,2024,010500173,1,8,0,18,1,5,0,0,0,0,0,0,3,1,1,1,34,6,-1,-1,-1,-1,3,1,E01003352,0
Unvalidated,2024010500175,2024,010500175,1,11,0,5,1,5,2,1,0,0,0,0,1,1,1,2,29,6,-1,-1,-1,-1,1,1,E01004334,0
Unvalidated,2024010500175,2024,010500175,2,9,0,5,3,7,0,6,0,0,0,0,4,1,6,1,50,8,-1,-1,-1,-1,2,1,E01001448,0
Unvalidated,2024010500180,2024,010500180,1,9,0,18,3,7,0,0,5,0,0,0,1,1,6,1,20,4,-1,-1,-1,-1,4,1,E01004419,0
Unvalidated,2024010500180,2024,010500180,2,9,0,18,3,7,0,0,0,0,0,0,3,1,6,1,66,10,-1,-1,-1,-1,4,1,E01021274,0
Unvalidated,2024010500181,2024,010500181,1,9,0,5,6,2,0,1,0,0,0,0,1,1,6,1,44,7,-1,-1,-1,-1,3,1,E01021300,0
Unvalidated,2024010500181,2024,010500181,2,11,0,17,6,4,0,1,0,0,0,0,4,2,6,1,63,9,-1,-1,-1,-1,4,1,E01015953,0
Unvalidated,2024010500187,2024,010500187,1,9,0,18,3,7,0,6,0,0,0,0,3,1,6,3,-1,-1,-1,-1,-1,-1,-1,-1,-1,0
Unvalidated,2024010500187,2024,010500187,2,90,0,18,3,7,0,6,5,0,7,0,2,1,2,1,57,9,-1,-1,-1,-1,2,1,E01001753,1
Unvalidated,2024010500190,2024,010500190,1,9,0,8,4,7,0,1,0,0,0,0,3,1,6,1,40,7,-1,-1,-1,-1,6,1,E01003707,0
Unvalidated,2024010500190,2024,010500190,2,9,0,7,1,4,0,1,1,0,0,0,1,1,6,1,23,5,-1,-1,-1,-1,3,1,E01003725,0
Unvalidated,2024010500196,2024,010500196,1,3,0,99,9,9,99,9,9,99,9,99,1,1,1,1,30,6,-1,-1,-1,-1,3,1,E01003215,0
Unvalidated,2024010500196,2024,010500196,2,9,0,99,9,9,99,9,9,99,9,99,9,9,6,3,-1,-1,-1,-1,-1,-1,-1,-1,-1,0
Unvalidated,2024010500197,2024,010500197,1,3,0,99,9,9,99,0,9,99,9,99,9,1,1,3,25,5,-1,-1,-1,-1,3,1,E01000577,0
Unvalidated,2024010500197,2024,010500197,2,9,0,99,9,9,99,0,9,99,9,99,9,9,6,3,-1,-1,-1,-1,-1,-1,-1,-1,-1,0
Unvalidated,2024010500201,2024,010500201,1,9,0,9,1,6,0,2,0,0,0,0,1,1,6,2,41,7,-1,-1,-1,-1,1,1,E01003245,0
Unvalidated,2024010500201,2024,010500201,2,1,0,18,4,8,0,1,0,0,0,0,1,1,6,1,41,7,-1,-1,-1,-1,2,1,E01003302,0
Unvalidated,2024010500203,2024,010500203,1,3,0,99,9,9,99,0,9,99,9,99,1,1,1,1,23,5,-1,-1,-1,-1,5,1,E01002119,0
Unvalidated,2024010500203,2024,010500203,2,9,0,99,9,9,99,0,9,99,9,99,2,9,6,3,-1,-1,-1,-1,-1,-1,-1,-1,-1,0
Unvalidated,2024010500218,2024,010500218,1,9,0,18,7,3,0,2,0,0,0,0,1,1,6,3,23,5,-1,-1,-1,-1,-1,-1,-1,0
Unvalidated,2024010500225,2024,010500225,1,3,0,99,9,9,99,9,9,99,9,99,1,1,2,1,29,6,-1,-1,-1,-1,1,1,E01000093,0
Unvalidated,2024010500225,2024,010500225,2,9,4,99,9,9,99,9,9,99,9,99,2,9,6,3,-1,-1,-1,-1,-1,-1,-1,-1,-1,0
Unvalidated,2024010500227,2024,010500227,1,1,9,99,9,9,99,1,9,99,9,99,1,1,6,1,32,6,-1,-1,-1,-1,5,1,E01004662,0
Unvalidated,2024010500227,2024,010500227,2,19,0,99,9,9,99,5,9,99,9,99,9,9,6,3,-1,-1,-1,-1,-1,-1,-1,-1,-1,0
Unvalidated,2024010500231,2024,010500231,1,9,0,99,9,9,99,9,9,99,9,99,9,9,6,1,60,9,-1,-1,-1,-1,3,1,E01001467,0
Unvalidated,2024010500231,2024,010500231,2,9,0,99,9,9,99,9,9,99,9,99,9,9,6,3,-1,-1,-1,-1,-1,-1,-1,-1,-1,0
Unvalidated,2024010500235,2024,010500235,1,9,0,99,9,9,99,0,9,99,9,99,1,9,6,3,-1,-1,-1,-1,-1,-1,-1,-1,-1,0
Unvalidated,2024010500249,2024,010500249,1,9,0,99,9,9,99,0,9,99,9,99,1,9,6,3,-1,-1,-1,-1,-1,-1,-1,-1,-1,0
Unvalidated,2024010500249,2024,010500249,2,22,9,18,2,6,0,0,0,0,0,0,1,1,6,1,-1,-1,-1,-1,-1,-1,7,1,E01000818,0
Unvalidated,2024010500251,2024,010500251,1,9,9,99,9,9,99,9,9,99,9,99,9,9,6,3,-1,-1,-1,-1,-1,-1,-1,-1,-1,0
Unvalidated,2024010500254,2024,010500254,1,19,0,18,3,7,0,4,0,0,0,0,1,1,1,1,31,6,-1,-1,-1,-1,1,1,E01001558,0
Unvalidated,2024010500254,2024,010500254,2,1,0,18,1,5,0,1,0,0,0,0,4,1,6,1,69,10,-1,-1,-1,-1,1,1,E01001427,0
Unvalidated,2024010500256,2024,010500256,1,1,9,99,9,9,4,1,9,8,9,99,9,1,6,1,40,7,-1,-1,-1,-1,1,1,E01003986,0
Unvalidated,2024010500256,2024,010500256,2,9,9,18,1,5,99,2,9,99,9,99,9,9,6,3,-1,-1,-1,-1,-1,-1,-1,-1,-1,0
Unvalidated,2024010500261,2024,010500261,1,9,0,18,3,7,3,8,0,0,0,0,1,1,6,3,-1,-1,-1,-1,-1,-1,-1,-1,-1,0
Unvalidated,2024010500262,2024,010500262,1,11,0,7,5,7,0,8,0,0,0,0,0,1,1,3,34,6,-1,-1,-1,-1,6,1,E01001319,0
Unvalidated,2024010500264,2024,010500264,1,11,0,4,7,3,0,0,0,0,0,0,0,1,1,1,56,9,-1,-1,-1,-1,4,1,E01000113,0
Unvalidated,2024010500266,2024,010500266,1,3,0,18,3,7,0,1,0,0,0,0,1,1,2,2,21,5,-1,-1,-1,-1,3,1,E01003981,0
Unvalidated,2024010500266,2024,010500266,2,1,0,18,5,1,0,1,0,0,0,0,3,1,2,1,44,7,-1,-1,-1,-1,4,1,E01001724,0
Unvalidated,2024010500269,2024,010500269,1,9,0,9,7,5,0,6,0,0,0,0,3,1,6,1,55,8,-1,-1,-1,-1,8,1,E01000913,0
Unvalidated,2024010500269,2024,010500269,2,5,0,4,5,1,0,1,5,0,0,0,1,1,6,1,23,5,-1,-1,-1,-1,3,1,E01001440,0
Unvalidated,2024010500275,2024,010500275,1,9,0,1,7,3,0,1,0,0,9,0,2,9,6,3,-1,-1,-1,-1,-1,-1,-1,-1,-1,0
Unvalidated,2024010500276,2024,010500276,1,9,0,18,1,5,99,9,9,0,0,0,9,9,6,3,-1,-1,-1,-1,-1,-1,-1,-1,-1,0
Unvalidated,2024010500279,2024,010500279,1,9,0,3,2,6,0,2,0,0,0,0,0,1,1,1,55,8,-1,-1,-1,-1,5,1,E01004127,0
Unvalidated,2024010500279,2024,010500279,2,8,0,18,6,2,0,1,0,0,0,0,0,1,6,1,-1,-1,-1,-1,-1,-1,-1,-1,-1,0
Unvalidated,2024010500279,2024,010500279,3,90,0,13,6,2,0,1,0,4,0,0,1,1,6,1,35,6,-1,-1,-1,-1,8,1,E01031838,1
Unvalidated,2024010500285,2024,010500285,1,9,0,7,3,5,0,8,0,0,0,0,4,1,6,1,53,8,-1,-1,-1,-1,2,1,E01032720,0
Unvalidated,2024010500285,2024,010500285,2,3,0,5,3,7,0,8,0,0,0,0,3,1,1,1,31,6,-1,-1,-1,-1,5,1,E01000131,0
Unvalidated,2024010500286,2024,010500286,1,1,9,99,9,9,99,9,9,99,9,99,1,1,6,1,37,7,-1,-1,-1,-1,2,1,E01003545,0
Unvalidated,2024010500286,2024,010500286,2,9,0,99,9,9,99,9,9,99,9,99,1,9,6,3,-1,-1,-1,-1,-1,-1,-1,-1,-1,0
Unvalidated,2024010500291,2024,010500291,1,9,0,99,9,9,99,9,9,99,9,99,9,9,6,2,37,7,-1,-1,-1,-1,4,1,E01000532,0
Unvalidated,2024010500292,2024,010500292,1,5,0,13,1,5,0,2,1,10,7,0,2,1,6,1,22,5,-1,-1,-1,-1,4,1,E01001873,0
Unvalidated,2024010500295,2024,010500295,1,3,0,99,9,9,99,9,9,99,9,99,2,1,1,1,24,5,-1,-1,-1,-1,2,1,E01003506,0
Unvalidated,2024010500295,2024,010500295,2,9,0,99,9,9,99,9,9,99,9,99,2,9,6,3,-1,-1,-1,-1,-1,-1,-1,-1,-1,0
Unvalidated,2024010500298,2024,010500298,1,3,0,9,1,7,0,2,0,0,0,0,4,1,1,1,27,6,-1,-1,-1,-1,1,1,E01033603,0
Unvalidated,2024010500298,2024,010500298,2,3,0,7,5,7,0,1,0,0,0,0,1,1,6,1,49,8,-1,-1,-1,-1,5,1,E01004648,0
Unvalidated,2024010500301,2024,010500301,1,8,0,9,7,4,0,8,0,0,0,0,4,1,2,1,63,9,-1,-1,-1,-1,2,1,E01000626,0
Unvalidated,2024010500301,2024,010500301,2,3,0,18,3,7,0,8,0,0,0,0,1,1,1,1,29,6,-1,-1,-1,-1,5,1,E01000474,0
Unvalidated,2024010500304,2024,010500304,1,9,0,18,1,5,0,0,5,4,0,0,1,1,6,1,25,5,-1,-1,-1,-1,7,1,E01000665,0
Unvalidated,2024010500304,2024,010500304,2,9,0,2,0,0,0,0,0,0,0,0,1,1,6,3,-1,-1,-1,-1,-1,-1,-1,-1,-1,0
Unvalidated,2024010500307,2024,010500307,1,19,0,16,5,1,0,3,5,0,1,0,4,1,1,1,50,8,-1,-1,-1,-1,5,1,E01002221,0
Unvalidated,2024010500307,2024,010500307,2,9,0,18,7,3,0,4,0,0,0,0,1,1,6,3,-1,-1,-1,-1,-1,-1,-1,-1,-1,0
Unvalidated,2024010500309,2024,010500309,1,9,0,18,7,3,0,1,0,0,0,0,4,1,6,1,34,6,-1,-1,-1,-1,-1,-1,-1,0
Unvalidated,2024010500310,2024,010500310,1,9,0,11,3,7,0,2,0,0,0,0,4,1,6,1,20,4,-1,-1,-1,-1,7,1,E01001204,0
Unvalidated,2024010500310,2024,010500310,2,5,0,18,3,7,0,1,2,10,2,11,3,1,6,1,47,8,-1,-1,-1,-1,2,1,E01000600,0
Unvalidated,2024010500311,2024,010500311,1,9,0,4,5,1,0,0,0,0,0,0,1,1,2,1,54,8,-1,-1,-1,-1,2,1,E01004036,0
Unvalidated,2024010500313,2024,010500313,1,11,0,16,5,1,0,3,0,0,0,0,1,1,1,1,61,9,-1,-1,-1,-1,3,1,E01000465,0
Unvalidated,2024010500313,2024,010500313,2,9,0,18,7,3,0,4,0,0,0,0,1,1,6,1,39,7,-1,-1,-1,-1,3,1,E01001629,0
Unvalidated,2024010500314,2024,010500314,1,9,0,99,9,9,99,9,9,99,9,99,9,9,6,2,22,5,-1,-1,-1,-1,4,1,E01003147,0
Unvalidated,2024010500314,2024,010500314,2,11,9,99,9,9,99,9,9,99,9,99,9,9,6,1,39,7,-1,-1,-1,-1,3,1,E01000947,0
Unvalidated,2024010500318,2024,010500318,1,3,0,99,9,9,99,9,9,99,9,99,9,1,1,1,22,5,-1,-1,-1,-1,1,1,E01001978,0
Unvalidated,2024010500318,2024,010500318,2,9,0,99,9,9,99,9,9,99,9,99,1,9,6,3,-1,-1,-1,-1,-1,-1,-1,-1,-1,0
Unvalidated,2024010500321,2024,010500321,1,9,0,18,6,2,0,0,0,0,0,0,1,1,3,1,58,9,-1,-1,-1,-1,7,1,E01004650,0
Unvalidated,2024010500325,2024,010500325,1,11,0,18,2,6,0,8,0,0,0,0,3,1,1,1,47,8,-1,-1,-1,-1,1,1,E01033585,0
Unvalidated,2024010500325,2024,010500325,2,9,0,7,8,2,0,6,0,0,0,0,1,1,3,1,84,11,-1,-1,-1,-1,3,3,E01021806,0
Unvalidated,2024010500327,2024,010500327,1,3,0,99,9,9,99,9,9,99,9,99,1,1,2,2,41,7,-1,-1,-1,-1,9,1,E01023299,0
Unvalidated,2024010500327,2024,010500327,2,9,0,99,9,9,99,9,9,99,9,99,9,9,6,3,-1,-1,-1,-1,-1,-1,-1,-1,-1,0
Unvalidated,2024010500328,2024,010500328,1,3,0,99,9,9,99,1,9,99,9,99,9,1,2,3,36,7,-1,-1,-1,-1,2,1,E01002031,0
Unvalidated,2024010500328,2024,010500328,2,9,0,99,9,9,99,6,9,99,9,99,9,9,6,3,-1,-1,-1,-1,-1,-1,-1,-1,-1,0
Unvalidated,2024010500335,2024,010500335,1,3,9,99,9,9,99,9,9,99,9,99,1,1,1,1,22,5,-1,-1,-1,-1,1,1,E01001427,0
Unvalidated,2024010500335,2024,010500335,2,9,9,99,9,9,99,9,9,99,9,99,9,9,6,3,-1,-1,-1,-1,-1,-1,-1,-1,-1,0
Unvalidated,2024010500338,2024,010500338,1,3,0,99,9,9,99,0,9,99,9,99,1,1,2,1,45,7,-1,-1,-1,-1,5,1,E01000430,0
Unvalidated,2024010500338,2024,010500338,2,9,0,99,9,9,99,0,9,99,9,99,9,9,6,3,-1,-1,-1,-1,-1,-1,-1,-1,-1,0
Unvalidated,2024010500342,2024,010500342,1,11,0,99,9,9,99,0,9,99,9,99,2,1,6,3,-1,-1,-1,-1,-1,-1,-1,-1,-1,0
Unvalidated,2024010500345,2024,010500345,1,9,0,99,9,9,99,9,9,99,9,99,9,9,6,2,28,6,-1,-1,-1,-1,4,1,E01001146,0
Unvalidated,2024010500345,2024,010500345,2,9,0,99,9,9,99,9,9,99,9,99,9,9,6,3,70,10,-1,-1,-1,-1,4,1,E01001153,0
Unvalidated,2024010500348,2024,010500348,1,19,0,4,5,1,0,1,0,0,0,0,2,1,6,3,-1,-1,-1,-1,-1,-1,-1,-1,-1,0
Unvalidated,2024010500348,2024,010500348,2,1,0,18,5,1,0,1,0,0,0,0,1,1,1,1,48,8,-1,-1,-1,-1,5,1,E01002492,0
Unvalidated,2024010500352,2024,010500352,1,3,0,18,1,5,2,2,0,0,0,0,3,1,2,1,57,9,-1,-1,-1,-1,3,1,E01003388,0
Unvalidated,2024010500352,2024,010500352,2,1,0,18,1,5,0,5,0,0,0,0,1,1,6,3,23,5,-1,-1,-1,-1,-1,-1,-1,0
Unvalidated,2024010500354,2024,010500354,1,3,9,99,9,9,99,2,9,99,9,99,1,1,1,3,28,6,-1,-1,-1,-1,2,1,E01033737,0
Unvalidated,2024010500354,2024,010500354,2,9,9,99,9,9,99,4,9,99,9,99,9,9,6,3,-1,-1,-1,-1,-1,-1,-1,-1,-1,0
Unvalidated,2024010500357,2024,010500357,1,3,0,99,9,9,99,1,9,99,9,99,1,1,1,1,19,4,-1,-1,-1,-1,4,1,E01002785,0
Unvalidated,2024010500357,2024,010500357,2,9,0,99,9,9,99,5,9,99,9,99,9,9,6,3,-1,-1,-1,-1,-1,-1,-1,-1,-1,0
Unvalidated,2024010500360,2024,010500360,1,3,0,99,9,9,99,9,9,99,9,99,9,1,1,1,36,7,-1,-1,-1,-1,6,1,E01003398,0
Unvalidated,2024010500360,2024,010500360,2,9,0,99,9,9,99,9,9,99,9,99,9,9,6,3,-1,-1,-1,-1,-1,-1,-1,-1,-1,0
Unvalidated,2024010500365,2024,010500365,1,9,0,9,1,7,0,8,0,0,0,0,1,1,6,2,51,8,-1,-1,-1,-1,2,1,E01003190,0
Unvalidated,2024010500366,2024,010500366,1,9,0,10,3,2,0,1,0,12,7,11,2,1,4,1,19,4,-1,-1,-1,-1,3,1,E01000020,0
Unvalidated,2024010500366,2024,010500366,2,19,0,4,3,7,0,1,0,0,0,0,1,1,1,1,27,6,-1,-1,-1,-1,7,1,E01005863,0
Unvalidated,2024010500369,2024,010500369,1,9,0,9,3,1,0,5,0,0,0,0,0,1,6,2,37,7,-1,-1,-1,-1,-1,-1,-1,0
Unvalidated,2024010500369,2024,010500369,2,3,0,14,3,7,0,8,0,0,0,0,0,1,2,1,23,5,-1,-1,-1,-1,9,1,E01000382,0
Unvalidated,2024010500373,2024,010500373,1,9,0,18,3,7,0,2,0,0,0,0,1,1,1,1,65,9,-1,-1,-1,-1,1,1,E01004288,0
Unvalidated,2024010500375,2024,010500375,1,1,9,99,9,9,99,9,9,99,9,99,9,1,2,2,27,6,-1,-1,-1,-1,7,1,E01004619,0
Unvalidated,2024010500375,2024,010500375,2,9,0,99,9,9,99,9,9,99,9,99,1,9,6,3,-1,-1,-1,-1,-1,-1,-1,-1,-1,0
Unvalidated,2024010500376,2024,010500376,1,9,0,9,7,5,0,8,0,0,0,0,1,1,6,2,29,6,-1,-1,-1,-1,6,1,E01002353,0
Unvalidated,2024010500376,2024,010500376,2,1,0,18,5,1,0,8,0,0,0,0,4,1,6,1,52,8,-1,-1,-1,-1,9,1,E01002286,0
Unvalidated,2024010500377,2024,010500377,1,8,0,99,9,9,99,9,9,99,9,99,2,9,1,1,69,10,-1,-1,-1,-1,4,1,E01000155,0
Unvalidated,2024010500377,2024,010500377,2,9,9,99,9,9,99,9,9,99,9,99,9,9,6,3,-1,-1,-1,-1,-1,-1,-1,-1,-1,0
Unvalidated,2024010500378,2024,010500378,1,9,0,99,9,9,99,9,9,99,9,99,2,9,6,2,26,6,-1,-1,-1,-1,6,2,E01017826,0
Unvalidated,2024010500378,2024,010500378,2,9,0,99,9,9,99,9,9,99,9,99,1,9,6,3,-1,-1,-1,-1,-1,-1,7,3,E01016579,0
Unvalidated,2024010500379,2024,010500379,1,9,0,99,9,9,0,0,9,99,9,99,4,9,6,2,38,7,-1,-1,-1,-1,3,1,E01023397,0
Unvalidated,2024010500379,2024,010500379,2,20,1,99,9,9,0,0,9,99,9,99,9,9,6,3,-1,-1,-1,-1,-1,-1,-1,-1,-1,0