status,collision_index,collision_year,collision_reference,vehicle_reference,vehicle_type,towing_and_articulation,vehicle_manoeuvre,vehicle_direction_from,vehicle_direction_to,vehicle_location_restricted_lane,junction_location,skidding_and_overturning,hit_object_in_carriageway,vehicle_leaving_carriageway,hit_object_off_carriageway,first_point_of_impact,vehicle_left_hand_drive,journey_purpose_of_driver,sex_of_driver,age_of_driver,age_band_of_driver,engine_capacity_cc,propulsion_code,age_of_vehicle,generic_make_model,driver_imd_decile,driver_home_area_type,lsoa_of_driver,escooter_flag
Unvalidated,2024010500380,2024,010500380,1,3,0,99,9,9,99,9,9,99,9,99,1,1,2,1,38,7,-1,-1,-1,-1,2,1,E01001812,0
Unvalidated,2024010500380,2024,010500380,2,9,0,99,9,9,99,9,9,99,9,99,9,9,6,3,-1,-1,-1,-1,-1,-1,-1,-1,-1,0
Unvalidated,2024010500387,2024,010500387,1,9,0,11,7,3,0,1,0,0,0,0,4,1,6,1,59,9,-1,-1,-1,-1,4,1,E01016521,0
Unvalidated,2024010500387,2024,010500387,2,3,0,18,7,3,0,1,0,0,0,0,3,1,1,1,44,7,-1,-1,-1,-1,-1,-1,-1,0
Unvalidated,2024010500391,2024,010500391,1,3,0,99,9,9,99,0,9,99,9,99,2,1,1,1,40,7,-1,-1,-1,-1,5,1,E01000996,0
Unvalidated,2024010500391,2024,010500391,2,9,0,99,9,9,99,0,9,99,9,99,1,9,6,3,-1,-1,-1,-1,-1,-1,-1,-1,-1,0
Unvalidated,2024010500394,2024,010500394,1,11,9,99,9,9,99,9,9,99,9,99,9,1,6,3,-1,-1,-1,-1,-1,-1,-1,-1,-1,0
Unvalidated,2024010500396,2024,010500396,1,3,0,99,9,9,99,9,9,99,9,99,1,1,1,3,39,7,-1,-1,-1,-1,3,1,E01000553,0
Unvalidated,2024010500396,2024,010500396,2,9,0,99,9,9,99,9,9,99,9,99,9,9,6,3,-1,-1,-1,-1,-1,-1,-1,-1,-1,0
Unvalidated,2024010500402,2024,010500402,1,9,9,99,9,9,99,9,9,99,9,10,9,9,6,3,-1,-1,-1,-1,-1,-1,3,1,E01004270,0
Unvalidated,2024010500403,2024,010500403,1,11,0,4,1,5,0,0,0,0,0,0,0,1,6,1,28,6,-1,-1,-1,-1,-1,-1,-1,0
Unvalidated,2024010500408,2024,010500408,1,90,0,99,9,9,99,9,9,99,9,99,1,9,6,3,-1,-1,-1,-1,-1,-1,-1,-1,-1,0
Unvalidated,2024010500409,2024,010500409,1,9,0,99,9,9,99,0,9,99,9,99,2,9,6,2,29,6,-1,-1,-1,-1,2,1,E01003925,0
Unvalidated,2024010500409,2024,010500409,2,9,0,99,9,9,99,0,9,99,9,99,1,9,6,3,-1,-1,-1,-1,-1,-1,-1,-1,-1,0
Unvalidated,2024010500413,2024,010500413,1,4,0,14,3,7,0,0,0,0,0,0,1,1,2,3,36,7,-1,-1,-1,-1,-1,-1,-1,0
Unvalidated,2024010500415,2024,010500415,1,11,0,14,5,1,0,0,0,0,0,0,4,1,1,1,37,7,-1,-1,-1,-1,9,1,E01003882,0
Unvalidated,2024010500423,2024,010500423,1,1,9,99,9,9,99,9,9,99,9,99,1,1,2,1,27,6,-1,-1,-1,-1,5,1,E01003116,0
Unvalidated,2024010500423,2024,010500423,2,19,0,99,9,9,99,9,9,99,9,99,9,9,6,3,-1,-1,-1,-1,-1,-1,3,1,E01003136,0
Unvalidated,2024010500426,2024,010500426,1,11,0,5,7,3,0,0,0,0,0,0,1,1,1,1,45,7,-1,-1,-1,-1,3,1,E01002572,0
Unvalidated,2024010500426,2024,010500426,2,9,0,4,7,3,0,0,0,0,0,0,2,1,6,1,65,9,-1,-1,-1,-1,3,1,E01000610,0
Unvalidated,2024010500427,2024,010500427,1,3,0,10,7,5,0,1,0,0,0,0,1,1,1,1,23,5,-1,-1,-1,-1,2,1,E01021322,0
Unvalidated,2024010500427,2024,010500427,2,9,0,18,5,1,0,1,0,0,0,0,1,1,1,1,48,8,-1,-1,-1,-1,4,1,E01001480,0
Unvalidated,2024010500429,2024,010500429,1,9,0,7,3,6,0,6,0,0,0,0,1,2,6,1,21,5,-1,-1,-1,-1,5,1,E01002184,0
Unvalidated,2024010500429,2024,010500429,2,3,0,18,7,3,0,8,1,0,1,0,3,1,1,1,29,6,-1,-1,-1,-1,5,1,E01002237,0
Unvalidated,2024010500430,2024,010500430,1,3,0,99,9,9,99,1,9,99,9,99,9,1,6,3,35,6,-1,-1,-1,-1,2,1,E01001506,0
Unvalidated,2024010500430,2024,010500430,2,9,0,99,9,9,99,6,9,99,9,99,9,9,6,3,-1,-1,-1,-1,-1,-1,-1,-1,-1,0
Unvalidated,2024010500439,2024,010500439,1,1,9,99,9,9,99,9,9,99,9,99,1,1,2,1,56,9,-1,-1,-1,-1,6,1,E01001923,0
Unvalidated,2024010500439,2024,010500439,2,9,0,99,9,9,99,9,9,99,9,99,9,9,6,3,-1,-1,-1,-1,-1,-1,-1,-1,-1,0
Unvalidated,2024010500441,2024,010500441,1,5,0,99,9,9,99,9,9,99,9,99,9,1,2,1,45,7,-1,-1,-1,-1,6,1,E01030312,0
Unvalidated,2024010500441,2024,010500441,2,9,0,99,9,9,99,9,9,99,9,99,3,9,6,3,49,8,-1,-1,-1,-1,7,1,E01001280,0
Unvalidated,2024010500444,2024,010500444,1,9,0,16,2,6,0,6,0,0,0,0,4,1,2,1,58,9,-1,-1,-1,-1,-1,-1,-1,0
Unvalidated,2024010500444,2024,010500444,2,1,0,18,4,8,9,1,0,0,1,0,1,1,6,1,46,8,-1,-1,-1,-1,5,1,E01002660,0
Unvalidated,2024010500446,2024,010500446,1,9,0,99,9,9,99,9,9,99,9,99,2,9,6,2,51,8,-1,-1,-1,-1,3,1,E01001650,0
Unvalidated,2024010500446,2024,010500446,2,11,9,18,2,6,99,9,9,99,9,99,9,9,6,3,-1,-1,-1,-1,-1,-1,-1,-1,-1,0
Unvalidated,2024010500449,2024,010500449,1,9,0,9,4,3,0,1,0,0,0,0,1,1,6,1,42,7,-1,-1,-1,-1,8,1,W01001944,0
Unvalidated,2024010500449,2024,010500449,2,1,0,18,8,4,0,1,0,0,0,0,3,1,6,1,19,4,-1,-1,-1,-1,2,1,E01003983,0
Unvalidated,2024010500451,2024,010500451,1,1,9,99,9,9,99,9,9,99,9,99,2,1,2,2,45,7,-1,-1,-1,-1,2,1,E01000930,0
Unvalidated,2024010500451,2024,010500451,2,9,0,99,9,9,99,9,9,99,9,99,1,9,6,3,-1,-1,-1,-1,-1,-1,10,1,E01000276,0
Unvalidated,2024010500454,2024,010500454,1,9,0,18,1,5,0,1,2,4,0,0,1,1,6,1,44,7,-1,-1,-1,-1,-1,-1,-1,0
Unvalidated,2024010500454,2024,010500454,2,9,0,2,0,0,0,1,0,0,0,0,1,1,6,3,-1,-1,-1,-1,-1,-1,-1,-1,-1,0
Unvalidated,2024010500456,2024,010500456,1,9,0,3,7,3,0,1,0,0,0,0,2,1,6,1,74,10,-1,-1,-1,-1,-1,-1,-1,0
Unvalidated,2024010500456,2024,010500456,2,3,0,12,7,3,0,1,0,0,0,0,1,1,6,1,65,9,-1,-1,-1,-1,5,1,E01004520,0
Unvalidated,2024010500458,2024,010500458,1,1,9,99,9,9,99,0,9,99,9,99,9,1,6,1,43,7,-1,-1,-1,-1,10,1,E01003362,0
Unvalidated,2024010500458,2024,010500458,2,9,0,99,9,9,99,0,9,99,9,99,9,9,6,3,36,7,-1,-1,-1,-1,7,2,E01030833,0
Unvalidated,2024010500459,2024,010500459,1,11,0,17,5,1,9,2,0,0,0,0,1,1,1,1,52,8,-1,-1,-1,-1,4,1,E01001694,0
Unvalidated,2024010500460,2024,010500460,1,9,0,9,1,6,0,1,0,0,0,0,1,1,2,2,42,7,-1,-1,-1,-1,-1,-1,-1,0
Unvalidated,2024010500460,2024,010500460,2,4,0,18,8,4,0,1,0,0,0,0,1,1,2,1,41,7,-1,-1,-1,-1,5,1,E01004522,0
Unvalidated,2024010500461,2024,010500461,1,1,9,99,9,9,99,9,9,99,9,99,2,1,1,1,39,7,-1,-1,-1,-1,2,1,E01004755,0
Unvalidated,2024010500461,2024,010500461,2,19,9,18,3,7,99,9,9,11,9,99,9,9,6,3,-1,-1,-1,-1,-1,-1,-1,-1,-1,0
Unvalidated,2024010500468,2024,010500468,1,9,0,99,9,9,99,9,9,99,9,99,2,9,6,2,30,6,-1,-1,-1,-1,2,1,E01009405,0
Unvalidated,2024010500468,2024,010500468,2,9,0,99,9,9,99,9,9,99,9,99,1,9,6,3,-1,-1,-1,-1,-1,-1,-1,-1,-1,0
Unvalidated,2024010500469,2024,010500469,1,1,9,99,9,9,99,9,9,99,9,99,9,1,6,3,-1,-1,-1,-1,-1,-1,-1,-1,-1,0
Unvalidated,2024010500471,2024,010500471,1,1,9,99,9,9,99,9,9,99,9,99,9,1,1,1,34,6,-1,-1,-1,-1,4,1,E01001420,0
Unvalidated,2024010500471,2024,010500471,2,19,0,99,9,9,99,9,9,99,9,99,9,9,6,3,-1,-1,-1,-1,-1,-1,-1,-1,-1,0
Unvalidated,2024010500473,2024,010500473,1,9,9,99,9,9,0,3,9,99,0,0,1,9,6,3,-1,-1,-1,-1,-1,-1,-1,-1,-1,0
Unvalidated,2024010500474,2024,010500474,1,9,0,18,1,5,0,0,0,0,0,0,1,1,6,1,54,8,-1,-1,-1,-1,3,1,E01000502,0
Unvalidated,2024010500477,2024,010500477,1,9,0,1,3,7,0,0,0,0,0,0,2,1,6,1,22,5,-1,-1,-1,-1,1,1,E01002026,0
Unvalidated,2024010500482,2024,010500482,1,9,0,18,1,5,0,0,0,0,0,0,1,1,6,1,51,8,-1,-1,-1,-1,4,1,E01000313,0
Unvalidated,2024010500483,2024,010500483,1,9,0,6,1,1,0,8,0,0,0,0,1,1,6,2,24,5,-1,-1,-1,-1,5,1,E01004071,0
Unvalidated,2024010500483,2024,010500483,2,4,0,18,1,5,0,8,0,0,0,0,4,1,2,1,36,7,-1,-1,-1,-1,1,1,E01001655,0
Unvalidated,2024010500485,2024,010500485,1,9,0,7,7,1,0,6,0,0,0,0,1,1,6,1,-1,-1,-1,-1,-1,-1,4,1,E01001421,0
Unvalidated,2024010500485,2024,010500485,2,1,0,18,5,1,0,1,0,0,0,0,1,1,6,1,58,9,-1,-1,-1,-1,10,1,E01003671,0
Unvalidated,2024010500489,2024,010500489,1,9,0,9,5,3,0,8,0,0,0,0,0,1,6,1,63,9,-1,-1,-1,-1,2,1,E01001136,0
Unvalidated,2024010500489,2024,010500489,2,90,0,18,1,5,0,8,0,0,0,0,1,2,6,1,26,6,-1,-1,-1,-1,2,1,E01012648,1
Unvalidated,2024010500492,2024,010500492,1,9,0,4,1,5,0,1,0,0,0,0,1,1,6,1,55,8,-1,-1,-1,-1,3,1,E01002503,0
Unvalidated,2024010500494,2024,010500494,1,3,0,18,9,9,99,9,9,99,9,99,1,1,6,1,34,6,-1,-1,-1,-1,1,1,E01004304,0
Unvalidated,2024010500494,2024,010500494,2,9,0,1,9,9,99,9,9,99,9,99,1,9,6,3,-1,-1,-1,-1,-1,-1,-1,-1,-1,0
Unvalidated,2024010500497,2024,010500497,1,2,0,3,7,3,0,1,0,0,0,0,1,1,6,1,-1,-1,-1,-1,-1,-1,10,1,E01002191,0
Unvalidated,2024010500499,2024,010500499,1,3,0,18,5,1,4,1,1,10,0,0,4,1,6,1,29,6,-1,-1,-1,-1,2,1,E01004326,0
Unvalidated,2024010500499,2024,010500499,2,9,0,4,5,1,0,1,0,0,0,0,0,1,6,1,29,6,-1,-1,-1,-1,3,1,E01002695,0
Unvalidated,2024010500502,2024,010500502,1,4,0,18,1,5,2,0,0,0,0,0,1,1,6,1,24,5,-1,-1,-1,-1,-1,-1,-1,0
Unvalidated,2024010500504,2024,010500504,1,9,0,18,3,7,0,2,0,4,0,0,1,1,6,1,20,4,-1,-1,-1,-1,7,1,E01001495,0
Unvalidated,2024010500504,2024,010500504,2,9,0,2,0,0,0,2,0,0,0,0,4,1,6,3,-1,-1,-1,-1,-1,-1,-1,-1,-1,0
Unvalidated,2024010500504,2024,010500504,3,9,0,2,0,0,0,2,0,0,0,0,1,1,6,3,-1,-1,-1,-1,-1,-1,-1,-1,-1,0
Unvalidated,2024010500504,2024,010500504,4,9,0,2,0,0,0,2,0,0,0,0,4,1,6,3,-1,-1,-1,-1,-1,-1,-1,-1,-1,0
Unvalidated,2024010500507,2024,010500507,1,11,0,4,1,5,0,0,0,0,0,0,0,1,1,1,48,8,-1,-1,-1,-1,4,1,E01003114,0
Unvalidated,2024010500508,2024,010500508,1,1,0,99,9,9,4,1,0,0,9,99,1,1,2,1,34,6,-1,-1,-1,-1,4,1,E01004375,0
Unvalidated,2024010500508,2024,010500508,2,9,0,99,9,9,99,9,9,99,9,99,9,9,6,1,52,8,-1,-1,-1,-1,3,1,E01004421,0
Unvalidated,2024010500511,2024,010500511,1,9,0,18,1,5,9,1,0,10,4,1,1,1,6,1,26,6,-1,-1,-1,-1,1,1,E01000061,0
Unvalidated,2024010500512,2024,010500512,1,9,0,18,1,5,0,0,0,0,0,0,1,1,6,1,75,10,-1,-1,-1,-1,-1,-1,-1,0
Unvalidated,2024010500512,2024,010500512,2,20,0,18,5,1,0,0,0,0,0,0,1,1,1,1,60,9,-1,-1,-1,-1,-1,-1,-1,0
Unvalidated,2024010500513,2024,010500513,1,3,9,3,9,9,0,0,9,99,9,99,9,1,6,1,28,6,-1,-1,-1,-1,8,1,E01002160,0
Unvalidated,2024010500513,2024,010500513,2,9,9,18,9,9,99,0,9,99,9,99,9,9,6,3,-1,-1,-1,-1,-1,-1,-1,-1,-1,0
Unvalidated,2024010500519,2024,010500519,1,4,0,99,9,9,99,9,9,99,9,99,9,1,1,1,26,6,-1,-1,-1,-1,3,1,E01003143,0
Unvalidated,2024010500519,2024,010500519,2,9,0,99,9,9,99,9,9,99,9,99,9,9,6,3,-1,-1,-1,-1,-1,-1,-1,-1,-1,0
Unvalidated,2024010500521,2024,010500521,1,9,0,7,7,1,0,5,0,0,0,0,2,1,1,1,41,7,-1,-1,-1,-1,8,1,E01030659,0
Unvalidated,2024010500521,2024,010500521,2,1,0,18,3,7,0,1,0,0,1,0,1,1,6,1,49,8,-1,-1,-1,-1,7,1,E01002898,0
Unvalidated,2024010500522,2024,010500522,1,3,0,99,9,9,99,0,9,99,9,99,9,1,1,1,25,5,-1,-1,-1,-1,4,1,E01003326,0
Unvalidated,2024010500522,2024,010500522,2,9,0,99,9,9,99,0,9,99,9,99,1,9,6,3,-1,-1,-1,-1,-1,-1,-1,-1,-1,0
Unvalidated,2024010500525,2024,010500525,1,3,0,99,9,9,99,9,9,99,9,99,9,1,2,1,37,7,-1,-1,-1,-1,4,1,E01003255,0
Unvalidated,2024010500525,2024,010500525,2,9,0,99,9,9,99,9,9,99,9,99,1,9,6,3,-1,-1,-1,-1,-1,-1,-1,-1,-1,0
Unvalidated,2024010500526,2024,010500526,1,3,0,99,9,9,99,9,9,99,9,99,9,1,1,1,33,6,-1,-1,-1,-1,5,1,E01002344,0
Unvalidated,2024010500526,2024,010500526,2,9,0,99,9,9,99,9,9,99,9,99,9,9,6,3,-1,-1,-1,-1,-1,-1,-1,-1,-1,0
Unvalidated,2024010500530,2024,010500530,1,3,0,99,9,9,99,9,9,99,9,99,9,1,1,1,33,6,-1,-1,-1,-1,4,1,E01002088,0
Unvalidated,2024010500530,2024,010500530,2,9,0,99,9,9,99,9,9,99,9,99,9,9,6,3,-1,-1,-1,-1,-1,-1,-1,-1,-1,0
Unvalidated,2024010500536,2024,010500536,1,21,1,11,1,5,0,0,0,0,0,0,1,1,1,1,51,8,-1,-1,-1,-1,3,1,E01004189,0
Unvalidated,2024010500536,2024,010500536,2,9,0,18,1,5,0,0,1,0,0,0,3,1,2,2,53,8,-1,-1,-1,-1,-1,-1,-1,0
Unvalidated,2024010500539,2024,010500539,1,3,0,99,9,9,99,0,9,99,9,99,9,1,1,1,33,6,-1,-1,-1,-1,6,1,E01003366,0
Unvalidated,2024010500539,2024,010500539,2,9,0,99,9,9,99,0,9,99,9,99,9,9,6,3,-1,-1,-1,-1,-1,-1,-1,-1,-1,0
Unvalidated,2024010500543,2024,010500543,1,9,0,99,9,9,99,9,9,99,9,99,1,9,6,3,48,8,-1,-1,-1,-1,7,1,E01000389,0
Unvalidated,2024010500553,2024,010500553,1,9,0,99,9,9,99,9,9,99,9,99,9,9,6,1,32,6,-1,-1,-1,-1,2,1,E01003490,0
Unvalidated,2024010500553,2024,010500553,2,9,9,99,9,9,99,9,9,99,9,99,9,9,6,3,-1,-1,-1,-1,-1,-1,-1,-1,-1,0
Unvalidated,2024010500562,2024,010500562,1,98,0,99,9,9,99,0,9,99,9,99,9,9,1,1,52,8,-1,-1,-1,-1,7,1,E01000683,0
Unvalidated,2024010500562,2024,010500562,2,9,0,99,9,9,99,0,9,99,9,99,2,9,6,3,-1,-1,-1,-1,-1,-1,10,1,E01000681,0
Unvalidated,2024010500563,2024,010500563,1,9,0,5,3,7,0,4,0,0,0,0,1,1,1,1,39,7,-1,-1,-1,-1,6,1,E01001570,0
Unvalidated,2024010500563,2024,010500563,2,1,0,18,1,5,0,8,0,0,0,0,4,1,6,2,66,10,-1,-1,-1,-1,9,1,E01023831,0
Unvalidated,2024010500565,2024,010500565,1,9,0,12,5,1,2,1,0,0,0,0,3,1,6,2,39,7,-1,-1,-1,-1,4,1,E01003119,0
Unvalidated,2024010500565,2024,010500565,2,19,0,16,5,1,0,1,0,0,0,0,4,1,1,1,64,9,-1,-1,-1,-1,5,1,E01002563,0
Unvalidated,2024010500565,2024,010500565,3,19,0,2,0,0,2,1,0,0,0,0,3,1,6,3,-1,-1,-1,-1,-1,-1,-1,-1,-1,0
Unvalidated,2024010500565,2024,010500565,4,9,0,2,0,0,2,1,0,0,0,0,3,1,6,3,-1,-1,-1,-1,-1,-1,-1,-1,-1,0
Unvalidated,2024010500565,2024,010500565,5,19,0,2,0,0,2,1,0,0,0,0,3,1,6,3,-1,-1,-1,-1,-1,-1,-1,-1,-1,0
Unvalidated,2024010500572,2024,010500572,1,3,0,99,9,9,99,9,9,99,9,99,9,1,1,1,53,8,-1,-1,-1,-1,3,1,E01003976,0
Unvalidated,2024010500572,2024,010500572,2,9,0,99,9,9,99,9,9,99,9,99,9,9,6,3,-1,-1,-1,-1,-1,-1,-1,-1,-1,0
Unvalidated,2024010500586,2024,010500586,1,9,0,99,9,9,99,9,9,99,9,99,9,9,6,3,61,9,-1,-1,-1,-1,3,1,E01001479,0
Unvalidated,2024010500594,2024,010500594,1,3,0,99,9,9,99,9,9,99,9,99,9,1,2,1,43,7,-1,-1,-1,-1,6,1,E01001245,0
Unvalidated,2024010500594,2024,010500594,2,9,0,99,9,9,99,9,9,99,9,99,9,9,6,3,-1,-1,-1,-1,-1,-1,-1,-1,-1,0
Unvalidated,2024010500598,2024,010500598,1,9,0,17,7,3,0,3,0,0,0,0,2,1,3,2,52,8,-1,-1,-1,-1,4,1,E01003282,0
Unvalidated,2024010500598,2024,010500598,2,1,0,18,1,5,0,4,0,0,1,0,1,1,3,2,41,7,-1,-1,-1,-1,4,1,E01003282,0
Unvalidated,2024010500599,2024,010500599,1,3,0,2,9,9,99,0,9,99,9,99,9,1,1,1,43,7,-1,-1,-1,-1,2,1,E01004264,0
Unvalidated,2024010500599,2024,010500599,2,9,0,18,9,9,99,0,9,99,9,99,9,9,6,3,-1,-1,-1,-1,-1,-1,-1,-1,-1,0
Unvalidated,2024010500606,2024,010500606,1,9,0,18,3,7,0,1,0,0,0,0,1,1,6,2,44,7,-1,-1,-1,-1,3,1,E01004421,0
Unvalidated,2024010500610,2024,010500610,1,9,0,99,9,9,99,9,9,99,9,99,1,9,6,2,69,10,-1,-1,-1,-1,5,1,E01001520,0
Unvalidated,2024010500629,2024,010500629,1,9,0,18,1,5,0,1,0,0,0,0,1,1,6,1,70,10,-1,-1,-1,-1,4,1,E01003715,0
Unvalidated,2024010500637,2024,010500637,1,9,0,99,9,9,99,0,9,99,9,99,2,9,2,2,35,6,-1,-1,-1,-1,2,1,E01033085,0
Unvalidated,2024010500637,2024,010500637,2,97,0,99,9,9,99,0,9,99,9,99,1,1,6,3,-1,-1,-1,-1,-1,-1,-1,-1,-1,0
Unvalidated,2024010500643,2024,010500643,1,1,9,99,9,9,99,9,9,99,9,99,2,1,2,1,32,6,-1,-1,-1,-1,3,1,E01001243,0
Unvalidated,2024010500643,2024,010500643,2,8,0,99,9,9,99,9,9,99,9,99,1,9,6,3,-1,-1,-1,-1,-1,-1,-1,-1,-1,0
Unvalidated,2024010500646,2024,010500646,1,19,0,18,7,3,0,1,0,0,0,0,2,1,2,1,36,7,-1,-1,-1,-1,7,1,E01002255,0
Unvalidated,2024010500646,2024,010500646,2,11,0,18,7,3,0,1,0,0,0,0,1,1,1,1,48,8,-1,-1,-1,-1,2,1,E01001750,0
Unvalidated,2024010500647,2024,010500647,1,9,0,18,1,5,0,8,0,0,0,0,1,1,6,1,60,9,-1,-1,-1,-1,3,1,E01003625,0
Unvalidated,2024010500650,2024,010500650,1,1,9,99,9,9,99,9,9,99,9,99,9,1,2,2,25,5,-1,-1,-1,-1,2,1,E01004185,0
Unvalidated,2024010500650,2024,010500650,2,9,0,99,9,9,99,9,9,99,9,99,9,9,6,3,55,8,-1,-1,-1,-1,8,1,E01030409,0
Unvalidated,2024010500652,2024,010500652,1,9,0,17,1,5,0,2,0,0,0,0,1,1,6,3,-1,-1,-1,-1,-1,-1,-1,-1,-1,0
Unvalidated,2024010500655,2024,010500655,1,9,0,18,1,5,0,2,0,0,0,0,3,1,2,1,41,7,-1,-1,-1,-1,9,1,E01000991,0
Unvalidated,2024010500655,2024,010500655,2,3,0,18,1,5,0,2,0,0,0,0,1,1,6,1,27,6,-1,-1,-1,-1,2,1,E01001115,0
Unvalidated,2024010500660,2024,010500660,1,11,0,18,5,1,0,0,0,0,0,0,0,1,1,1,44,7,-1,-1,-1,-1,4,1,E01001476,0
Unvalidated,2024010500661,2024,010500661,1,19,0,3,7,3,0,1,0,0,0,0,1,1,1,1,20,4,-1,-1,-1,-1,1,1,E01001845,0
Unvalidated,2024010500671,2024,010500671,1,5,0,18,7,3,0,0,0,0,0,0,1,1,2,1,49,8,-1,-1,-1,-1,4,1,E01003527,0
Unvalidated,2024010500673,2024,010500673,1,1,9,99,9,9,99,9,9,99,9,99,9,1,2,2,27,6,-1,-1,-1,-1,2,1,E01001754,0
Unvalidated,2024010500673,2024,010500673,2,9,0,99,9,9,99,9,9,99,9,99,9,9,6,3,-1,-1,-1,-1,-1,-1,-1,-1,-1,0
Unvalidated,2024010500673,2024,010500673,3,9,9,99,9,9,99,9,9,99,9,99,9,9,6,3,-1,-1,-1,-1,-1,-1,-1,-1,-1,0
Unvalidated,2024010500679,2024,010500679,1,9,0,18,5,1,9,0,0,0,1,11,1,1,6,1,26,6,-1,-1,-1,-1,3,1,E01003537,0
Unvalidated,2024010500679,2024,010500679,2,9,0,2,0,0,0,0,0,0,0,0,4,1,6,3,-1,-1,-1,-1,-1,-1,-1,-1,-1,0
Unvalidated,2024010500679,2024,010500679,3,9,0,2,0,0,0,0,0,0,0,0,2,1,6,3,-1,-1,-1,-1,-1,-1,-1,-1,-1,0
Unvalidated,2024010500682,2024,010500682,1,21,0,18,5,1,0,2,0,0,0,0,1,1,1,1,64,9,-1,-1,-1,-1,2,1,E01003970,0
Unvalidated,2024010500682,2024,010500682,2,1,0,18,5,1,0,2,0,0,0,0,3,1,6,2,33,6,-1,-1,-1,-1,3,1,E01033492,0
Unvalidated,2024010500684,2024,010500684,1,9,0,99,9,9,99,1,9,99,9,99,2,9,6,2,43,7,-1,-1,-1,-1,3,1,E01002120,0
Unvalidated,2024010500684,2024,010500684,2,9,0,3,1,5,0,1,0,0,0,0,3,1,6,2,55,8,-1,-1,-1,-1,2,1,E01000484,0
Unvalidated,2024010500693,2024,010500693,1,9,0,6,1,1,1,0,0,0,1,10,1,1,6,3,58,9,-1,-1,-1,-1,5,1,E01002262,0
Unvalidated,2024010500698,2024,010500698,1,1,0,18,6,2,0,0,0,0,0,0,4,1,6,1,57,9,-1,-1,-1,-1,3,1,E01004037,0
Unvalidated,2024010500699,2024,010500699,1,19,0,18,3,7,0,2,0,0,0,0,1,1,2,1,45,7,-1,-1,-1,-1,2,1,E01001081,0
Unvalidated,2024010500699,2024,010500699,2,19,0,9,5,3,0,1,0,0,0,0,3,1,2,1,43,7,-1,-1,-1,-1,5,1,E01001038,0
Unvalidated,2024010500704,2024,010500704,1,3,0,99,9,9,99,9,9,99,9,99,9,1,1,3,23,5,-1,-1,-1,-1,6,1,E01001997,0
Unvalidated,2024010500704,2024,010500704,2,9,0,99,9,9,99,9,9,99,9,99,9,9,6,3,-1,-1,-1,-1,-1,-1,-1,-1,-1,0
Unvalidated,2024010500706,2024,010500706,1,3,0,3,9,9,99,9,9,99,9,99,2,1,6,1,27,6,-1,-1,-1,-1,4,1,E01000478,0
Unvalidated,2024010500706,2024,010500706,2,9,0,18,9,9,99,9,9,99,9,99,1,9,6,3,-1,-1,-1,-1,-1,-1,-1,-1,-1,0
Unvalidated,2024010500707,2024,010500707,1,9,0,3,7,3,0,1,0,0,0,0,2,9,6,1,43,7,-1,-1,-1,-1,4,1,E01003278,0
Unvalidated,2024010500707,2024,010500707,2,9,0,18,7,3,0,1,9,0,1,0,1,9,6,1,-1,-1,-1,-1,-1,-1,-1,-1,-1,0
Unvalidated,2024010500711,2024,010500711,1,11,0,18,3,7,0,0,0,0,0,0,0,1,1,1,31,6,-1,-1,-1,-1,2,1,E01001439,0
Unvalidated,2024010500712,2024,010500712,1,8,0,3,7,3,0,2,0,0,7,99,2,9,1,1,63,9,-1,-1,-1,-1,1,1,E01000106,0
Unvalidated,2024010500712,2024,010500712,2,9,0,3,7,3,0,2,9,0,7,99,1,9,6,1,25,5,-1,-1,-1,-1,3,1,E01003172,0
Unvalidated,2024010500715,2024,010500715,1,9,0,99,9,9,99,9,9,99,9,99,2,9,6,2,21,5,-1,-1,-1,-1,1,1,E01001554,0
Unvalidated,2024010500715,2024,010500715,2,19,0,99,9,9,99,9,9,99,9,99,1,9,6,3,-1,-1,-1,-1,-1,-1,3,1,E01001546,0
Unvalidated,2024010500717,2024,010500717,1,9,0,9,7,6,0,6,0,0,0,0,3,1,6,1,72,10,-1,-1,-1,-1,5,1,E01000747,0
Unvalidated,2024010500717,2024,010500717,2,9,0,16,1,5,0,1,0,0,0,0,1,1,6,1,29,6,-1,-1,-1,-1,7,1,E01000657,0
Unvalidated,2024010500718,2024,010500718,1,19,0,18,8,4,0,8,0,0,0,0,1,1,1,1,58,9,-1,-1,-1,-1,9,1,E01001422,0
Unvalidated,2024010500718,2024,010500718,2,4,0,18,2,6,0,8,0,0,0,0,3,1,2,1,32,6,-1,-1,-1,-1,4,1,E01001459,0
Unvalidated,2024010500719,2024,010500719,1,3,0,99,9,9,99,9,9,99,9,99,9,1,1,1,21,5,-1,-1,-1,-1,2,1,E01003120,0
Unvalidated,2024010500719,2024,010500719,2,9,0,99,9,9,99,9,9,99,9,99,9,9,6,3,-1,-1,-1,-1,-1,-1,-1,-1,-1,0
Unvalidated,2024010500724,2024,010500724,1,3,0,13,1,5,0,0,0,0,0,0,1,1,2,1,26,6,-1,-1,-1,-1,2,1,E01002799,0
Unvalidated,2024010500725,2024,010500725,1,5,0,13,7,3,0,0,0,0,0,0,4,1,2,1,50,8,-1,-1,-1,-1,-1,-1,-1,0