status,collision_index,collision_year,collision_reference,vehicle_reference,vehicle_type,towing_and_articulation,vehicle_manoeuvre,vehicle_direction_from,vehicle_direction_to,vehicle_location_restricted_lane,junction_location,skidding_and_overturning,hit_object_in_carriageway,vehicle_leaving_carriageway,hit_object_off_carriageway,first_point_of_impact,vehicle_left_hand_drive,journey_purpose_of_driver,sex_of_driver,age_of_driver,age_band_of_driver,engine_capacity_cc,propulsion_code,age_of_vehicle,generic_make_model,driver_imd_decile,driver_home_area_type,lsoa_of_driver,escooter_flag
Unvalidated,2024010500725,2024,010500725,2,9,0,12,7,3,0,0,0,0,0,0,3,1,6,1,62,9,-1,-1,-1,-1,3,1,E01001492,0
Unvalidated,2024010500729,2024,010500729,1,9,0,99,9,9,99,9,9,99,9,99,2,9,1,3,46,8,-1,-1,-1,-1,6,1,E01023341,0
Unvalidated,2024010500729,2024,010500729,2,9,0,99,9,9,99,9,9,99,9,99,1,9,6,3,-1,-1,-1,-1,-1,-1,-1,-1,-1,0
Unvalidated,2024010500729,2024,010500729,3,9,9,99,9,9,99,9,9,99,9,99,9,9,6,1,-1,-1,-1,-1,-1,-1,-1,-1,-1,0
Unvalidated,2024010500732,2024,010500732,1,9,3,9,1,7,0,8,0,0,0,0,1,1,6,2,20,4,-1,-1,-1,-1,6,1,E01002296,0
Unvalidated,2024010500738,2024,010500738,1,3,0,99,9,9,99,9,9,99,9,99,9,1,2,3,27,6,-1,-1,-1,-1,4,1,E01001444,0
Unvalidated,2024010500738,2024,010500738,2,9,0,99,9,9,99,9,9,99,9,99,9,9,6,3,-1,-1,-1,-1,-1,-1,-1,-1,-1,0
Unvalidated,2024010500741,2024,010500741,1,90,0,99,9,9,99,9,9,99,9,99,1,9,1,1,26,6,-1,-1,-1,-1,4,1,E01001176,0
Unvalidated,2024010500744,2024,010500744,1,1,9,99,9,9,99,2,9,99,9,99,9,1,6,2,59,9,-1,-1,-1,-1,3,1,E01001930,0
Unvalidated,2024010500744,2024,010500744,2,9,0,99,9,9,99,6,9,99,9,99,9,9,6,3,-1,-1,-1,-1,-1,-1,4,1,E01000618,0
Unvalidated,2024010500746,2024,010500746,1,3,0,3,9,9,99,9,9,99,9,99,2,9,1,1,38,7,-1,-1,-1,-1,4,1,E01003568,0
Unvalidated,2024010500746,2024,010500746,2,98,0,18,9,9,99,9,9,99,9,99,1,9,6,3,-1,-1,-1,-1,-1,-1,-1,-1,-1,0
Unvalidated,2024010500750,2024,010500750,1,1,9,99,9,9,99,9,9,99,9,99,1,1,3,2,41,7,-1,-1,-1,-1,10,1,E01003879,0
Unvalidated,2024010500750,2024,010500750,2,9,9,99,9,9,99,9,9,99,9,99,9,9,6,2,41,7,-1,-1,-1,-1,7,1,E01003817,0
Unvalidated,2024010500753,2024,010500753,1,1,9,99,9,9,99,9,9,99,9,99,1,1,2,1,28,6,-1,-1,-1,-1,1,1,E01003075,0
Unvalidated,2024010500753,2024,010500753,2,90,0,99,9,9,99,9,9,99,9,99,9,9,6,3,-1,-1,-1,-1,-1,-1,-1,-1,-1,0
Unvalidated,2024010500755,2024,010500755,1,9,0,18,3,7,0,0,0,0,0,0,1,1,6,1,47,8,-1,-1,-1,-1,8,1,E01001541,0
Unvalidated,2024010500766,2024,010500766,1,4,0,99,9,9,99,9,9,99,9,99,9,1,1,1,22,5,-1,-1,-1,-1,1,1,E01000595,0
Unvalidated,2024010500766,2024,010500766,2,9,0,99,9,9,99,9,9,99,9,99,9,9,6,3,-1,-1,-1,-1,-1,-1,3,1,E01000638,0
Unvalidated,2024010500767,2024,010500767,1,9,0,99,9,9,99,9,9,99,9,99,2,9,6,1,25,5,-1,-1,-1,-1,6,1,E01000871,0
Unvalidated,2024010500767,2024,010500767,2,97,0,99,9,9,99,9,9,99,9,99,9,1,6,3,-1,-1,-1,-1,-1,-1,-1,-1,-1,0
Unvalidated,2024010500769,2024,010500769,1,9,0,18,5,1,0,1,0,0,0,0,4,1,2,1,59,9,-1,-1,-1,-1,9,1,E01031000,0
Unvalidated,2024010500769,2024,010500769,2,9,0,18,3,7,0,1,0,0,0,0,1,1,2,2,44,7,-1,-1,-1,-1,3,1,E01012287,0
Unvalidated,2024010500771,2024,010500771,1,9,0,18,3,7,0,1,0,0,0,0,1,1,6,1,69,10,-1,-1,-1,-1,4,1,E01002168,0
Unvalidated,2024010500773,2024,010500773,1,3,0,99,9,9,99,9,9,99,9,99,9,1,1,1,28,6,-1,-1,-1,-1,2,1,E01001625,0
Unvalidated,2024010500773,2024,010500773,2,9,0,99,9,9,99,9,9,99,9,99,1,9,6,3,-1,-1,-1,-1,-1,-1,-1,-1,-1,0
Unvalidated,2024010500774,2024,010500774,1,9,0,99,9,9,99,0,9,99,9,99,2,9,6,1,37,7,-1,-1,-1,-1,8,1,E01033580,0
Unvalidated,2024010500777,2024,010500777,1,3,0,18,9,9,99,9,9,99,9,99,9,1,6,3,42,7,-1,-1,-1,-1,1,1,E01002040,0
Unvalidated,2024010500777,2024,010500777,2,9,0,5,9,9,99,9,9,99,9,99,9,9,6,3,-1,-1,-1,-1,-1,-1,-1,-1,-1,0
Unvalidated,2024010500779,2024,010500779,1,3,0,99,9,9,99,9,9,99,9,99,2,1,1,1,25,5,-1,-1,-1,-1,2,1,E01003633,0
Unvalidated,2024010500779,2024,010500779,2,9,0,99,9,9,99,9,9,99,9,99,1,9,6,3,-1,-1,-1,-1,-1,-1,-1,-1,-1,0
Unvalidated,2024010500782,2024,010500782,1,1,0,7,8,3,0,2,0,0,0,0,1,1,2,1,37,7,-1,-1,-1,-1,2,1,E01003633,0
Unvalidated,2024010500782,2024,010500782,2,11,0,9,7,6,0,1,0,0,0,0,0,1,1,1,53,8,-1,-1,-1,-1,-1,-1,-1,0
Unvalidated,2024010500785,2024,010500785,1,9,9,99,9,9,0,1,9,99,9,99,9,9,6,3,-1,-1,-1,-1,-1,-1,-1,-1,-1,0
Unvalidated,2024010500786,2024,010500786,1,21,4,99,9,9,99,9,9,99,9,99,2,9,6,3,-1,-1,-1,-1,-1,-1,-1,-1,-1,0
Unvalidated,2024010500788,2024,010500788,1,9,0,99,9,9,99,0,9,99,9,99,9,9,1,1,48,8,-1,-1,-1,-1,9,1,E01000346,0
Unvalidated,2024010500788,2024,010500788,2,9,9,99,9,9,99,0,9,99,9,99,9,9,6,3,-1,-1,-1,-1,-1,-1,-1,-1,-1,0
Unvalidated,2024010500791,2024,010500791,1,3,0,99,9,9,99,9,9,8,9,99,0,1,1,3,23,5,-1,-1,-1,-1,3,1,E01000742,0
Unvalidated,2024010500791,2024,010500791,2,9,9,99,9,9,99,9,9,99,9,99,9,9,6,3,-1,-1,-1,-1,-1,-1,2,1,E01002877,0
Unvalidated,2024010500796,2024,010500796,1,9,0,99,9,9,99,9,9,99,9,99,9,9,6,3,-1,-1,-1,-1,-1,-1,-1,-1,-1,0
Unvalidated,2024010500798,2024,010500798,1,1,9,99,9,9,99,9,9,99,9,99,9,1,2,1,42,7,-1,-1,-1,-1,-1,1,-1,0
Unvalidated,2024010500798,2024,010500798,2,1,9,99,9,9,99,9,9,99,9,99,1,1,6,3,-1,-1,-1,-1,-1,-1,-1,-1,-1,0
Unvalidated,2024010500805,2024,010500805,1,3,0,99,9,9,99,9,9,99,9,99,0,1,1,1,33,6,-1,-1,-1,-1,2,1,E01003497,0
Unvalidated,2024010500805,2024,010500805,2,9,9,99,9,9,99,9,9,99,9,99,9,9,6,3,-1,-1,-1,-1,-1,-1,-1,-1,-1,0
Unvalidated,2024010500807,2024,010500807,1,2,0,99,9,9,0,9,0,99,9,0,9,1,6,3,-1,-1,-1,-1,-1,-1,-1,-1,-1,0
Unvalidated,2024010500809,2024,010500809,1,3,0,99,9,9,99,1,9,99,9,99,9,1,1,1,24,5,-1,-1,-1,-1,2,1,E01004405,0
Unvalidated,2024010500809,2024,010500809,2,9,0,99,9,9,99,6,9,99,9,99,1,9,6,3,-1,-1,-1,-1,-1,-1,-1,-1,-1,0
Unvalidated,2024010500810,2024,010500810,1,11,0,4,3,7,0,0,0,0,0,0,2,1,1,1,54,8,-1,-1,-1,-1,6,1,E01003223,0
Unvalidated,2024010500810,2024,010500810,2,8,0,18,3,7,0,0,0,0,0,0,1,1,1,1,46,8,-1,-1,-1,-1,-1,-1,-1,0
Unvalidated,2024010500811,2024,010500811,1,1,9,99,9,9,99,1,9,99,9,99,1,1,2,1,32,6,-1,-1,-1,-1,2,1,E01004003,0
Unvalidated,2024010500811,2024,010500811,2,9,0,99,9,9,99,5,9,99,9,99,9,9,6,3,-1,-1,-1,-1,-1,-1,-1,-1,-1,0
Unvalidated,2024010500814,2024,010500814,1,9,0,9,5,3,0,6,0,0,0,0,3,1,2,2,60,9,-1,-1,-1,-1,8,1,E01002290,0
Unvalidated,2024010500814,2024,010500814,2,90,0,18,5,1,0,1,0,0,0,0,1,1,2,1,19,4,-1,-1,-1,-1,2,1,E01033591,1
Unvalidated,2024010500816,2024,010500816,1,9,9,99,9,9,0,1,9,99,9,99,9,9,6,3,44,7,-1,-1,-1,-1,4,1,E01000792,0
Unvalidated,2024010500816,2024,010500816,2,9,9,99,9,9,99,1,9,99,9,99,9,9,6,3,-1,-1,-1,-1,-1,-1,-1,-1,-1,0
Unvalidated,2024010500817,2024,010500817,1,9,0,7,1,2,0,2,0,0,1,5,1,1,6,2,78,11,-1,-1,-1,-1,8,1,E01001523,0
Unvalidated,2024010500817,2024,010500817,2,19,0,18,6,2,0,2,0,0,0,0,4,1,1,1,42,7,-1,-1,-1,-1,7,1,E01001538,0
Unvalidated,2024010500825,2024,010500825,1,1,9,99,9,9,99,9,9,99,9,99,1,1,6,1,29,6,-1,-1,-1,-1,9,1,E01003875,0
Unvalidated,2024010500825,2024,010500825,2,98,0,99,9,9,99,9,9,99,9,99,9,9,6,3,36,7,-1,-1,-1,-1,7,1,E01003475,0
Unvalidated,2024010500827,2024,010500827,1,1,0,18,1,5,5,3,0,0,0,0,1,1,6,1,64,9,-1,-1,-1,-1,-1,-1,-1,0
Unvalidated,2024010500827,2024,010500827,2,1,0,18,1,5,5,3,0,0,0,0,1,1,6,2,24,5,-1,-1,-1,-1,4,1,E01002833,0
Unvalidated,2024010500828,2024,010500828,1,19,0,9,1,7,0,1,0,0,0,0,4,1,6,1,26,6,-1,-1,-1,-1,5,1,E01002232,0
Unvalidated,2024010500828,2024,010500828,2,2,0,13,1,5,0,1,0,0,0,0,1,1,6,1,58,9,-1,-1,-1,-1,5,1,E01000615,0
Unvalidated,2024010500834,2024,010500834,1,9,0,99,9,9,99,9,9,99,9,99,9,9,6,2,28,6,-1,-1,-1,-1,2,1,E01003604,0
Unvalidated,2024010500835,2024,010500835,1,1,9,99,9,9,99,9,9,99,9,99,2,1,6,1,26,6,-1,-1,-1,-1,3,1,E01003101,0
Unvalidated,2024010500835,2024,010500835,2,9,0,99,9,9,99,9,9,99,9,99,1,9,6,3,-1,-1,-1,-1,-1,-1,10,1,E01002419,0
Unvalidated,2024010500836,2024,010500836,1,8,0,10,8,5,0,1,0,0,0,0,4,1,6,2,34,6,-1,-1,-1,-1,9,1,E01003202,0
Unvalidated,2024010500840,2024,010500840,1,1,9,99,9,9,99,9,9,99,9,99,1,1,2,1,16,4,-1,-1,-1,-1,1,1,E01002720,0
Unvalidated,2024010500842,2024,010500842,1,3,0,9,7,5,0,1,0,0,0,0,3,1,6,1,33,6,-1,-1,-1,-1,1,1,E01002904,0
Unvalidated,2024010500842,2024,010500842,2,4,0,18,7,3,0,1,0,0,0,0,1,1,2,1,59,9,-1,-1,-1,-1,1,1,E01004674,0
Unvalidated,2024010500844,2024,010500844,1,1,9,99,9,9,99,9,9,99,9,99,9,1,2,1,22,5,-1,-1,-1,-1,2,1,E01002735,0
Unvalidated,2024010500844,2024,010500844,2,9,0,99,9,9,99,9,9,99,9,99,9,9,6,3,-1,-1,-1,-1,-1,-1,-1,-1,-1,0
Unvalidated,2024010500847,2024,010500847,1,19,0,17,3,7,0,8,0,0,0,0,1,1,1,1,41,7,-1,-1,-1,-1,2,1,E01003983,0
Unvalidated,2024010500847,2024,010500847,2,1,0,18,3,7,0,8,0,0,0,0,0,1,6,1,29,6,-1,-1,-1,-1,3,1,E01003940,0
Unvalidated,2024010500850,2024,010500850,1,9,0,99,9,9,99,9,9,99,9,99,2,9,2,2,18,4,-1,-1,-1,-1,9,1,E01002354,0
Unvalidated,2024010500850,2024,010500850,2,9,0,99,9,9,99,9,9,99,9,99,1,9,6,1,-1,-1,-1,-1,-1,-1,-1,-1,-1,0
Unvalidated,2024010500857,2024,010500857,1,9,0,7,1,3,0,5,0,0,0,0,4,1,6,1,37,7,-1,-1,-1,-1,2,1,E01001877,0
Unvalidated,2024010500857,2024,010500857,2,3,0,18,1,5,0,8,0,0,0,0,3,1,6,1,29,6,-1,-1,-1,-1,-1,1,-1,0
Unvalidated,2024010500864,2024,010500864,1,8,0,16,7,3,8,4,0,9,1,7,1,1,6,1,36,7,-1,-1,-1,-1,6,1,E01015766,0
Unvalidated,2024010500866,2024,010500866,1,11,0,18,5,1,0,0,0,0,0,0,0,1,1,1,58,9,-1,-1,-1,-1,1,1,E01004399,0
Unvalidated,2024010500868,2024,010500868,1,9,0,5,2,6,0,1,0,4,0,0,1,1,6,1,68,10,-1,-1,-1,-1,6,1,E01000203,0
Unvalidated,2024010500868,2024,010500868,2,9,0,2,0,0,0,1,0,0,0,0,1,1,6,3,-1,-1,-1,-1,-1,-1,-1,-1,-1,0
Unvalidated,2024010500868,2024,010500868,3,9,0,3,6,2,0,1,0,0,0,0,2,1,6,2,36,7,-1,-1,-1,-1,6,1,E01000219,0
Unvalidated,2024010500868,2024,010500868,4,9,0,18,7,3,0,2,0,0,0,0,2,1,6,2,35,6,-1,-1,-1,-1,7,1,E01000218,0
Unvalidated,2024010500874,2024,010500874,1,19,0,18,1,5,0,0,0,0,0,0,1,1,1,1,38,7,-1,-1,-1,-1,9,1,E01015939,0
Unvalidated,2024010500875,2024,010500875,1,9,0,18,7,3,0,2,0,4,0,0,4,1,6,1,16,4,-1,-1,-1,-1,3,1,E01001445,0
Unvalidated,2024010500875,2024,010500875,2,19,0,2,0,0,0,1,0,0,0,0,4,1,6,3,-1,-1,-1,-1,-1,-1,-1,-1,-1,0
Unvalidated,2024010500876,2024,010500876,1,9,0,18,1,5,0,1,0,0,0,0,1,1,6,1,17,4,-1,-1,-1,-1,6,1,E01001678,0
Unvalidated,2024010500876,2024,010500876,2,9,0,18,1,5,0,1,0,0,0,0,2,1,6,1,37,7,-1,-1,-1,-1,9,2,E01022063,0
Unvalidated,2024010500876,2024,010500876,3,19,0,18,1,5,0,1,0,0,0,0,2,1,1,1,39,7,-1,-1,-1,-1,5,1,E01023327,0
Unvalidated,2024010500879,2024,010500879,1,9,0,18,3,7,0,2,0,0,0,0,1,1,6,1,21,5,-1,-1,-1,-1,3,1,E01001508,0
Unvalidated,2024010500879,2024,010500879,2,9,0,18,7,3,0,8,0,0,0,0,1,1,6,3,-1,-1,-1,-1,-1,-1,-1,-1,-1,0
Unvalidated,2024010500883,2024,010500883,1,9,0,10,1,6,0,1,0,0,0,0,1,1,2,2,46,8,-1,-1,-1,-1,8,1,E01004554,0
Unvalidated,2024010500883,2024,010500883,2,1,0,15,5,1,4,1,0,0,0,0,1,1,2,1,29,6,-1,-1,-1,-1,7,1,E01004552,0
Unvalidated,2024010500886,2024,010500886,1,3,0,99,9,9,99,9,9,99,9,99,9,1,1,1,23,5,-1,-1,-1,-1,2,1,E01002080,0
Unvalidated,2024010500886,2024,010500886,2,9,0,99,9,9,99,9,9,99,9,99,9,9,6,3,-1,-1,-1,-1,-1,-1,-1,-1,-1,0
Unvalidated,2024010500893,2024,010500893,1,9,9,99,9,9,99,9,9,99,9,99,1,1,6,3,-1,-1,-1,-1,-1,-1,-1,-1,-1,0
Unvalidated,2024010500894,2024,010500894,1,3,0,99,9,9,99,9,9,99,9,99,9,1,1,1,37,7,-1,-1,-1,-1,2,1,E01003079,0
Unvalidated,2024010500894,2024,010500894,2,9,0,99,9,9,99,9,9,99,9,99,9,9,6,3,-1,-1,-1,-1,-1,-1,-1,-1,-1,0
Unvalidated,2024010500898,2024,010500898,1,1,9,99,9,9,99,9,9,99,9,99,2,1,3,1,31,6,-1,-1,-1,-1,7,1,E01003475,0
Unvalidated,2024010500898,2024,010500898,2,9,0,99,9,9,99,9,9,99,9,99,9,9,6,3,64,9,-1,-1,-1,-1,4,1,E01003448,0
Unvalidated,2024010500899,2024,010500899,1,1,9,99,9,9,99,9,9,99,9,99,9,1,2,1,46,8,-1,-1,-1,-1,6,1,E01001288,0
Unvalidated,2024010500899,2024,010500899,2,19,0,99,9,9,99,9,9,99,9,99,1,9,6,1,39,7,-1,-1,-1,-1,3,1,E01001263,0
Unvalidated,2024010500900,2024,010500900,1,3,0,99,9,9,99,9,9,99,9,99,9,1,1,1,25,5,-1,-1,-1,-1,2,1,E01004615,0
Unvalidated,2024010500900,2024,010500900,2,9,0,99,9,9,99,9,9,99,9,99,9,9,6,3,-1,-1,-1,-1,-1,-1,-1,-1,-1,0
Unvalidated,2024010500907,2024,010500907,1,1,9,99,9,9,99,9,9,99,9,99,9,1,2,1,34,6,-1,-1,-1,-1,3,1,E01004020,0
Unvalidated,2024010500907,2024,010500907,2,8,0,99,9,9,99,9,9,99,9,99,1,9,6,1,29,6,-1,-1,-1,-1,3,1,E01000092,0
Unvalidated,2024010500909,2024,010500909,1,1,0,18,7,3,0,7,9,0,0,0,1,1,6,1,46,8,-1,-1,-1,-1,5,1,E01001407,0
Unvalidated,2024010500909,2024,010500909,2,9,9,16,3,5,0,7,9,0,9,0,1,9,6,3,-1,-1,-1,-1,-1,-1,-1,-1,-1,0
Unvalidated,2024010500910,2024,010500910,1,9,0,18,1,5,0,1,0,0,0,0,1,1,6,1,49,8,-1,-1,-1,-1,6,1,E01004173,0
Unvalidated,2024010500910,2024,010500910,2,9,0,5,3,7,0,2,0,0,0,0,3,1,6,2,44,7,-1,-1,-1,-1,9,1,E01004079,0
Unvalidated,2024010500911,2024,010500911,1,1,9,99,9,9,99,9,9,99,9,99,9,1,2,1,36,7,-1,-1,-1,-1,5,1,E01004483,0
Unvalidated,2024010500911,2024,010500911,2,9,0,99,9,9,99,9,9,99,9,99,9,9,6,1,61,9,-1,-1,-1,-1,5,1,E01001164,0
Unvalidated,2024010500914,2024,010500914,1,9,0,99,9,9,99,9,9,99,9,99,9,9,6,3,31,6,-1,-1,-1,-1,2,1,E01004524,0
Unvalidated,2024010500914,2024,010500914,2,3,0,99,9,9,99,9,9,99,9,99,9,1,6,3,-1,-1,-1,-1,-1,-1,-1,-1,-1,0
Unvalidated,2024010500916,2024,010500916,1,3,0,99,9,9,99,9,9,99,9,99,9,1,1,1,28,6,-1,-1,-1,-1,3,1,E01003592,0
Unvalidated,2024010500916,2024,010500916,2,9,0,99,9,9,99,9,9,99,9,99,1,9,6,3,-1,-1,-1,-1,-1,-1,-1,-1,-1,0
Unvalidated,2024010500919,2024,010500919,1,9,0,99,9,9,99,9,9,99,9,99,1,9,6,1,61,9,-1,-1,-1,-1,4,1,E01000634,0
Unvalidated,2024010500924,2024,010500924,1,19,0,3,5,1,0,0,0,0,0,0,2,1,2,1,50,8,-1,-1,-1,-1,7,1,E01030577,0
Unvalidated,2024010500924,2024,010500924,2,9,0,5,5,1,0,0,0,10,4,6,1,1,6,2,38,7,-1,-1,-1,-1,2,1,E01001054,0
Unvalidated,2024010500930,2024,010500930,1,8,0,99,9,9,99,9,9,99,9,99,9,9,1,1,37,7,-1,-1,-1,-1,6,1,E01002678,0
Unvalidated,2024010500930,2024,010500930,2,9,0,99,9,9,99,9,9,99,9,99,1,9,6,3,-1,-1,-1,-1,-1,-1,-1,-1,-1,0
Unvalidated,2024010500932,2024,010500932,1,3,0,99,9,9,99,9,9,99,9,99,1,1,1,1,35,6,-1,-1,-1,-1,1,1,E01004420,0
Unvalidated,2024010500932,2024,010500932,2,19,9,99,9,9,99,9,9,99,9,99,2,9,6,3,-1,-1,-1,-1,-1,-1,4,1,E01003210,0
Unvalidated,2024010500933,2024,010500933,1,11,0,8,3,5,0,4,0,0,0,0,0,1,1,1,56,9,-1,-1,-1,-1,6,1,E01002260,0
Unvalidated,2024010500934,2024,010500934,1,11,0,18,3,7,0,4,0,0,0,0,1,1,1,1,52,8,-1,-1,-1,-1,3,1,E01003526,0
Unvalidated,2024010500934,2024,010500934,2,9,0,9,7,5,0,3,0,0,0,0,0,1,6,1,53,8,-1,-1,-1,-1,4,1,E01003766,0
Unvalidated,2024010500941,2024,010500941,1,3,0,3,9,9,99,9,9,99,9,99,9,1,1,1,32,6,-1,-1,-1,-1,2,1,E01004251,0
Unvalidated,2024010500941,2024,010500941,2,9,0,1,9,9,99,9,9,99,9,99,9,9,6,3,-1,-1,-1,-1,-1,-1,-1,-1,-1,0
Unvalidated,2024010500942,2024,010500942,1,11,0,18,5,1,0,8,0,0,0,0,1,1,1,1,23,5,-1,-1,-1,-1,4,1,E01001050,0
Unvalidated,2024010500942,2024,010500942,2,19,0,18,3,7,0,1,0,0,0,0,4,1,1,1,47,8,-1,-1,-1,-1,4,1,E01000428,0
Unvalidated,2024010500944,2024,010500944,1,9,0,1,5,1,0,1,0,0,0,0,2,1,6,1,38,7,-1,-1,-1,-1,3,1,E01001552,0
Unvalidated,2024010500945,2024,010500945,1,9,0,99,9,9,99,0,9,99,9,99,2,9,6,1,25,5,-1,-1,-1,-1,10,1,E01021751,0
Unvalidated,2024010500945,2024,010500945,2,9,0,99,9,9,99,0,9,99,9,99,1,9,6,3,-1,-1,-1,-1,-1,-1,7,1,E01023054,0
Unvalidated,2024010500948,2024,010500948,1,9,0,7,4,7,0,1,0,0,0,0,0,1,6,1,58,9,-1,-1,-1,-1,6,1,E01002943,0
Unvalidated,2024010500948,2024,010500948,2,1,0,18,5,1,0,1,0,0,0,0,0,1,6,1,51,8,-1,-1,-1,-1,8,1,E01004194,0
Unvalidated,2024010500951,2024,010500951,1,9,0,9,5,3,0,5,0,0,0,0,3,1,6,2,59,9,-1,-1,-1,-1,1,1,E01003535,0
Unvalidated,2024010500951,2024,010500951,2,9,0,13,5,1,0,1,0,0,0,0,1,1,6,3,-1,-1,-1,-1,-1,-1,-1,-1,-1,0
Unvalidated,2024010500951,2024,010500951,3,9,0,2,0,0,0,2,0,0,0,0,3,1,6,3,-1,-1,-1,-1,-1,-1,-1,-1,-1,0
Unvalidated,2024010500952,2024,010500952,1,9,0,4,2,6,0,1,0,0,0,0,1,1,6,1,33,6,-1,-1,-1,-1,5,1,E01001091,0
Unvalidated,2024010500952,2024,010500952,2,1,0,18,8,4,0,1,0,0,0,0,4,1,6,1,50,8,-1,-1,-1,-1,4,1,E01001179,0
Unvalidated,2024010500953,2024,010500953,1,11,0,99,9,9,99,9,9,99,9,99,0,9,1,1,38,7,-1,-1,-1,-1,6,1,E01000244,0
Unvalidated,2024010500955,2024,010500955,1,19,0,5,1,5,0,1,0,0,0,0,1,1,1,1,62,9,-1,-1,-1,-1,-1,-1,-1,0
Unvalidated,2024010500957,2024,010500957,1,3,0,99,9,9,99,9,9,99,9,99,9,1,1,1,41,7,-1,-1,-1,-1,3,1,E01001004,0
Unvalidated,2024010500957,2024,010500957,2,9,0,99,9,9,99,9,9,99,9,99,9,9,6,3,-1,-1,-1,-1,-1,-1,-1,-1,-1,0
Unvalidated,2024010500964,2024,010500964,1,19,0,99,9,9,99,9,9,99,9,99,2,9,1,1,32,6,-1,-1,-1,-1,7,1,E01001657,0
Unvalidated,2024010500964,2024,010500964,2,9,0,99,9,9,99,9,9,99,9,99,1,9,6,3,-1,-1,-1,-1,-1,-1,-1,-1,-1,0
Unvalidated,2024010500965,2024,010500965,1,4,0,99,9,9,99,9,9,99,9,99,9,1,2,2,31,6,-1,-1,-1,-1,2,1,E01002056,0
Unvalidated,2024010500965,2024,010500965,2,9,0,99,9,9,99,9,9,99,9,99,2,9,6,3,33,6,-1,-1,-1,-1,2,1,E01001812,0
Unvalidated,2024010500966,2024,010500966,1,1,9,99,9,9,99,9,9,99,9,99,2,1,6,1,41,7,-1,-1,-1,-1,3,1,E01001362,0
Unvalidated,2024010500966,2024,010500966,2,9,0,99,9,9,99,9,9,99,9,99,1,9,6,3,-1,-1,-1,-1,-1,-1,-1,-1,-1,0
Unvalidated,2024010500967,2024,010500967,1,1,0,7,5,7,0,0,0,0,0,0,1,1,2,1,26,6,-1,-1,-1,-1,5,1,E01004579,0
Unvalidated,2024010500967,2024,010500967,2,21,0,18,3,7,0,0,1,0,0,0,4,1,1,1,53,8,-1,-1,-1,-1,6,1,E01023927,0
Unvalidated,2024010500968,2024,010500968,1,3,0,99,9,9,99,9,9,99,9,99,9,1,1,2,37,7,-1,-1,-1,-1,4,1,E01000591,0
Unvalidated,2024010500968,2024,010500968,2,9,9,99,9,9,99,9,9,99,9,99,9,9,6,3,-1,-1,-1,-1,-1,-1,-1,-1,-1,0
Unvalidated,2024010500971,2024,010500971,1,9,0,9,8,6,0,3,0,0,0,0,1,1,6,2,26,6,-1,-1,-1,-1,4,1,E01003704,0
Unvalidated,2024010500971,2024,010500971,2,9,0,18,2,6,0,1,0,0,0,0,9,1,6,1,30,6,-1,-1,-1,-1,3,1,E01001972,0
Unvalidated,2024010500980,2024,010500980,1,9,0,18,3,7,0,0,5,11,0,0,3,1,1,2,55,8,-1,-1,-1,-1,8,1,E01004143,0
Unvalidated,2024010500984,2024,010500984,1,9,0,99,9,9,99,0,9,99,9,99,2,9,2,2,53,8,-1,-1,-1,-1,9,1,E01023999,0
Unvalidated,2024010500984,2024,010500984,2,9,0,99,9,9,99,0,9,99,9,99,1,9,6,3,-1,-1,-1,-1,-1,-1,2,1,E01004252,0
Unvalidated,2024010500984,2024,010500984,3,9,0,99,9,9,99,0,9,99,9,99,2,9,6,3,-1,-1,-1,-1,-1,-1,6,1,E01032768,0
Unvalidated,2024010500986,2024,010500986,1,5,0,5,5,1,0,8,0,0,0,0,1,1,2,1,42,7,-1,-1,-1,-1,4,1,E01003329,0
Unvalidated,2024010500986,2024,010500986,2,9,0,9,1,8,0,8,0,0,0,0,3,1,6,2,30,6,-1,-1,-1,-1,9,1,E01001017,0
Unvalidated,2024010500989,2024,010500989,1,9,0,4,1,5,4,0,0,0,0,0,2,1,6,1,61,9,-1,-1,-1,-1,1,1,E01004340,0
Unvalidated,2024010500989,2024,010500989,2,3,0,18,1,5,0,0,0,0,0,0,1,1,6,1,22,5,-1,-1,-1,-1,4,1,E01001645,0
Unvalidated,2024010500991,2024,010500991,1,9,0,9,5,3,0,1,0,0,0,0,3,1,2,1,26,6,-1,-1,-1,-1,4,1,E01030608,0
Unvalidated,2024010500991,2024,010500991,2,2,0,13,5,1,0,1,0,0,0,0,3,1,6,1,55,8,-1,-1,-1,-1,10,1,E01002917,0
Unvalidated,2024010500991,2024,010500991,3,9,0,8,5,7,0,2,0,0,0,0,1,1,6,2,37,7,-1,-1,-1,-1,-1,-1,-1,0
Unvalidated,2024010500994,2024,010500994,1,19,0,1,1,5,0,0,0,0,0,0,2,1,1,1,41,7,-1,-1,-1,-1,6,1,E01003375,0
Unvalidated,2024010500995,2024,010500995,1,3,0,99,9,9,99,9,9,99,9,99,1,1,6,1,28,6,-1,-1,-1,-1,2,1,E01003971,0
Unvalidated,2024010500995,2024,010500995,2,90,0,99,9,9,99,9,9,99,9,99,1,9,6,3,-1,-1,-1,-1,-1,-1,-1,-1,-1,0