status,collision_index,collision_year,collision_reference,vehicle_reference,vehicle_type,towing_and_articulation,vehicle_manoeuvre,vehicle_direction_from,vehicle_direction_to,vehicle_location_restricted_lane,junction_location,skidding_and_overturning,hit_object_in_carriageway,vehicle_leaving_carriageway,hit_object_off_carriageway,first_point_of_impact,vehicle_left_hand_drive,journey_purpose_of_driver,sex_of_driver,age_of_driver,age_band_of_driver,engine_capacity_cc,propulsion_code,age_of_vehicle,generic_make_model,driver_imd_decile,driver_home_area_type,lsoa_of_driver,escooter_flag
Unvalidated,2024010500997,2024,010500997,1,3,0,99,9,9,99,9,9,99,9,99,9,1,1,1,30,6,-1,-1,-1,-1,4,1,E01000995,0
Unvalidated,2024010500997,2024,010500997,2,9,0,99,9,9,99,9,9,99,9,99,1,9,6,1,55,8,-1,-1,-1,-1,5,1,E01004521,0
Unvalidated,2024010500998,2024,010500998,1,19,0,7,1,3,0,1,0,0,0,0,1,1,6,3,-1,-1,-1,-1,-1,-1,-1,-1,-1,0
Unvalidated,2024010500998,2024,010500998,2,90,0,18,7,3,0,1,0,0,0,0,3,1,6,1,61,9,-1,-1,-1,-1,2,1,E01004455,1
Unvalidated,2024010500999,2024,010500999,1,9,0,18,8,4,0,1,5,0,1,0,3,1,2,1,62,9,-1,-1,-1,-1,3,1,E01002064,0
Unvalidated,2024010500999,2024,010500999,2,9,0,10,4,2,0,1,0,0,0,0,2,1,1,1,72,10,-1,-1,-1,-1,6,1,E01001563,0
Unvalidated,2024010500999,2024,010500999,3,9,0,10,4,2,0,1,1,0,0,0,0,1,3,2,39,7,-1,-1,-1,-1,4,1,E01000170,0
Unvalidated,2024010501002,2024,010501002,1,9,0,9,5,2,0,5,0,0,0,0,1,1,6,2,38,7,-1,-1,-1,-1,1,1,E01003065,0
Unvalidated,2024010501002,2024,010501002,2,9,0,18,5,1,0,2,0,0,0,0,2,1,2,2,33,6,-1,-1,-1,-1,3,1,E01004568,0
Unvalidated,2024010501006,2024,010501006,1,9,0,99,9,9,99,1,9,99,9,99,9,9,6,2,26,6,-1,-1,-1,-1,3,1,E01000287,0
Unvalidated,2024010501006,2024,010501006,2,19,0,99,9,9,99,6,9,99,9,99,9,9,6,3,-1,-1,-1,-1,-1,-1,-1,-1,-1,0
Unvalidated,2024010501007,2024,010501007,1,19,0,2,0,0,0,1,0,0,0,0,3,1,6,3,-1,-1,-1,-1,-1,-1,-1,-1,-1,0
Unvalidated,2024010501007,2024,010501007,2,1,0,14,5,1,0,1,0,8,0,0,1,1,2,1,40,7,-1,-1,-1,-1,2,1,E01004067,0
Unvalidated,2024010501009,2024,010501009,1,4,0,18,7,3,0,0,0,0,0,0,1,1,1,1,19,4,-1,-1,-1,-1,4,1,E01002684,0
Unvalidated,2024010501013,2024,010501013,1,8,0,5,5,1,0,0,0,0,0,0,1,1,1,1,63,9,-1,-1,-1,-1,4,1,E01021790,0
Unvalidated,2024010501017,2024,010501017,1,1,9,99,9,9,99,9,9,99,9,99,0,1,2,1,45,7,-1,-1,-1,-1,5,1,E01030739,0
Unvalidated,2024010501017,2024,010501017,2,9,9,99,9,9,99,9,9,99,9,99,9,9,6,3,-1,-1,-1,-1,-1,-1,-1,-1,-1,0
Unvalidated,2024010501021,2024,010501021,1,9,0,99,9,9,99,9,9,99,9,99,1,1,6,1,49,8,-1,-1,-1,-1,1,1,E01000721,0
Unvalidated,2024010501022,2024,010501022,1,9,0,9,7,5,0,2,0,0,0,0,1,1,6,1,40,7,-1,-1,-1,-1,7,1,E01003673,0
Unvalidated,2024010501024,2024,010501024,1,3,0,14,5,1,0,0,0,0,0,0,4,1,6,1,31,6,-1,-1,-1,-1,5,1,E01001278,0
Unvalidated,2024010501025,2024,010501025,1,1,9,99,9,9,99,9,9,99,9,99,9,1,6,3,54,8,-1,-1,-1,-1,7,1,E01003003,0
Unvalidated,2024010501025,2024,010501025,2,9,9,99,9,9,99,9,9,99,9,99,9,9,6,1,55,8,-1,-1,-1,-1,7,1,E01002918,0
Unvalidated,2024010501028,2024,010501028,1,9,0,18,4,8,0,1,0,0,0,0,1,1,6,1,33,6,-1,-1,-1,-1,7,1,E01002514,0
Unvalidated,2024010501028,2024,010501028,2,9,0,1,4,8,0,2,0,0,0,0,2,1,6,1,32,6,-1,-1,-1,-1,-1,-1,-1,0
Unvalidated,2024010501031,2024,010501031,1,3,0,10,7,4,0,2,0,0,0,0,2,1,1,1,26,6,-1,-1,-1,-1,3,1,E01000109,0
Unvalidated,2024010501031,2024,010501031,2,9,0,18,7,3,0,1,0,0,0,0,1,1,6,3,-1,-1,-1,-1,-1,-1,-1,-1,-1,0
Unvalidated,2024010501038,2024,010501038,1,8,0,3,6,2,0,0,0,0,0,0,3,1,1,1,29,6,-1,-1,-1,-1,3,1,E01003588,0
Unvalidated,2024010501038,2024,010501038,2,8,0,3,6,2,0,0,0,0,0,0,4,1,2,1,44,7,-1,-1,-1,-1,9,1,E01002339,0
Unvalidated,2024010501038,2024,010501038,3,11,0,3,6,2,0,0,0,0,0,0,3,1,6,1,31,6,-1,-1,-1,-1,4,1,E01000472,0
Unvalidated,2024010501038,2024,010501038,4,1,0,18,6,2,0,0,0,0,0,0,1,1,6,1,34,6,-1,-1,-1,-1,8,1,E01000859,0
Unvalidated,2024010501043,2024,010501043,1,19,0,9,7,5,0,6,0,0,0,0,2,1,2,1,44,7,-1,-1,-1,-1,4,1,E01004538,0
Unvalidated,2024010501043,2024,010501043,2,1,0,15,3,7,4,1,0,0,0,0,1,1,2,1,42,7,-1,-1,-1,-1,9,1,E01003875,0
Unvalidated,2024010501045,2024,010501045,1,9,0,18,5,1,0,6,0,0,0,0,1,1,6,2,57,9,-1,-1,-1,-1,3,1,E01000385,0
Unvalidated,2024010501045,2024,010501045,2,9,0,18,3,7,0,8,0,0,0,0,1,1,6,1,51,8,-1,-1,-1,-1,10,1,E01023112,0
Unvalidated,2024010501046,2024,010501046,1,9,0,7,7,1,0,6,0,0,0,0,1,1,6,3,-1,-1,-1,-1,-1,-1,-1,-1,-1,0
Unvalidated,2024010501046,2024,010501046,2,1,0,5,7,3,4,8,0,0,0,0,3,1,1,1,27,6,-1,-1,-1,-1,5,1,E01003939,0
Unvalidated,2024010501054,2024,010501054,1,9,0,14,1,5,0,1,0,10,0,0,1,1,2,1,29,6,-1,-1,-1,-1,2,1,E01023338,0
Unvalidated,2024010501054,2024,010501054,2,9,0,18,1,5,0,1,0,0,0,0,3,1,2,1,51,8,-1,-1,-1,-1,2,1,E01002712,0
Unvalidated,2024010501057,2024,010501057,1,9,9,2,0,0,99,0,9,99,0,0,9,9,6,3,-1,-1,-1,-1,-1,-1,-1,-1,-1,0
Unvalidated,2024010501057,2024,010501057,2,9,0,99,9,9,0,0,0,4,0,0,9,9,6,3,-1,-1,-1,-1,-1,-1,5,1,E01000375,0
Unvalidated,2024010501059,2024,010501059,1,3,0,99,9,9,99,9,9,99,9,99,1,1,6,1,27,6,-1,-1,-1,-1,7,1,E01004018,0
Unvalidated,2024010501059,2024,010501059,2,9,0,99,9,9,99,9,9,99,9,99,9,9,6,3,-1,-1,-1,-1,-1,-1,-1,-1,-1,0
Unvalidated,2024010501061,2024,010501061,1,1,9,99,9,9,99,1,9,99,9,99,9,1,6,3,40,7,-1,-1,-1,-1,4,1,E01003118,0
Unvalidated,2024010501061,2024,010501061,2,9,9,99,9,9,99,6,9,99,9,99,9,9,6,2,-1,-1,-1,-1,-1,-1,6,1,E01003386,0
Unvalidated,2024010501062,2024,010501062,1,3,0,99,9,9,99,9,9,99,9,99,9,1,1,1,46,8,-1,-1,-1,-1,7,1,E01000118,0
Unvalidated,2024010501062,2024,010501062,2,9,0,99,9,9,99,9,9,99,9,99,9,9,6,3,-1,-1,-1,-1,-1,-1,-1,-1,-1,0
Unvalidated,2024010501063,2024,010501063,1,3,0,18,5,1,0,8,0,0,0,0,1,1,6,1,22,5,-1,-1,-1,-1,3,1,E01000644,0
Unvalidated,2024010501065,2024,010501065,1,9,0,7,7,8,0,1,0,0,0,0,1,1,2,1,26,6,-1,-1,-1,-1,2,1,E01002097,0
Unvalidated,2024010501065,2024,010501065,2,1,0,5,8,4,0,1,0,0,0,0,1,1,2,1,34,6,-1,-1,-1,-1,5,1,E01001973,0
Unvalidated,2024010501070,2024,010501070,1,9,0,99,9,9,99,9,9,99,9,99,2,9,6,2,46,8,-1,-1,-1,-1,3,1,E01002610,0
Unvalidated,2024010501070,2024,010501070,2,3,0,99,9,9,99,9,9,99,9,99,1,1,6,3,-1,-1,-1,-1,-1,-1,3,1,E01002605,0
Unvalidated,2024010501073,2024,010501073,1,9,0,18,7,3,0,1,0,7,0,0,1,1,3,1,38,7,-1,-1,-1,-1,5,1,E01000268,0
Unvalidated,2024010501073,2024,010501073,2,9,0,18,5,1,0,1,0,0,0,0,4,1,3,2,54,8,-1,-1,-1,-1,8,1,E01000269,0
Unvalidated,2024010501073,2024,010501073,3,9,0,18,5,1,0,1,0,0,0,0,1,1,3,2,31,6,-1,-1,-1,-1,4,1,E01000124,0
Unvalidated,2024010501073,2024,010501073,4,9,0,18,5,1,0,1,0,0,0,0,4,1,3,2,45,7,-1,-1,-1,-1,10,1,E01000283,0
Unvalidated,2024010501077,2024,010501077,1,9,0,9,8,7,9,8,0,0,7,11,1,1,6,2,78,11,-1,-1,-1,-1,3,1,E01000137,0
Unvalidated,2024010501077,2024,010501077,2,19,0,18,3,7,0,8,0,0,0,0,1,1,6,3,-1,-1,-1,-1,-1,-1,-1,-1,-1,0
Unvalidated,2024010501079,2024,010501079,1,9,0,9,2,8,0,1,0,0,0,0,3,1,6,2,35,6,-1,-1,-1,-1,10,1,E01002920,0
Unvalidated,2024010501079,2024,010501079,2,1,0,18,1,5,0,1,0,0,0,0,1,1,6,2,53,8,-1,-1,-1,-1,9,1,E01002991,0
Unvalidated,2024010501084,2024,010501084,1,9,0,18,7,3,0,6,0,0,0,0,4,1,6,1,40,7,-1,-1,-1,-1,2,1,E01000902,0
Unvalidated,2024010501085,2024,010501085,1,3,0,99,9,9,99,9,9,99,9,99,1,1,1,2,25,5,-1,-1,-1,-1,3,1,E01001688,0
Unvalidated,2024010501085,2024,010501085,2,9,9,99,9,9,99,9,9,99,9,99,9,9,6,3,-1,-1,-1,-1,-1,-1,-1,-1,-1,0
Unvalidated,2024010501088,2024,010501088,1,9,0,99,9,9,99,9,9,99,9,99,9,1,6,3,-1,-1,-1,-1,-1,-1,-1,-1,-1,0
Unvalidated,2024010501092,2024,010501092,1,3,0,99,9,9,99,9,9,99,9,99,9,1,1,3,28,6,-1,-1,-1,-1,3,1,E01033100,0
Unvalidated,2024010501092,2024,010501092,2,9,9,99,9,9,99,9,9,99,9,99,9,9,6,3,-1,-1,-1,-1,-1,-1,-1,-1,-1,0
Unvalidated,2024010501094,2024,010501094,1,4,0,99,9,9,99,9,9,99,9,99,2,1,2,1,46,8,-1,-1,-1,-1,8,1,E01002163,0
Unvalidated,2024010501094,2024,010501094,2,9,0,99,9,9,99,9,9,99,9,99,1,9,6,2,66,10,-1,-1,-1,-1,6,1,E01001319,0
Unvalidated,2024010501098,2024,010501098,1,3,0,99,9,9,99,9,9,99,9,99,9,1,1,3,31,6,-1,-1,-1,-1,4,1,E01001618,0
Unvalidated,2024010501098,2024,010501098,2,9,9,99,9,9,99,9,9,99,9,99,9,9,6,3,-1,-1,-1,-1,-1,-1,-1,-1,-1,0
Unvalidated,2024010501100,2024,010501100,1,98,0,7,1,2,0,1,0,0,0,0,2,1,6,3,-1,-1,-1,-1,-1,-1,-1,-1,-1,0
Unvalidated,2024010501100,2024,010501100,2,1,0,7,1,2,0,1,0,0,0,0,0,1,2,1,27,6,-1,-1,-1,-1,1,1,E01002094,0
Unvalidated,2024010501101,2024,010501101,1,21,0,9,7,4,0,1,0,0,0,0,1,1,1,1,58,9,-1,-1,-1,-1,4,1,E01026466,0
Unvalidated,2024010501101,2024,010501101,2,1,0,5,3,7,0,1,0,0,0,0,1,1,1,1,53,8,-1,-1,-1,-1,3,1,E01001170,0
Unvalidated,2024010501107,2024,010501107,1,9,9,99,9,9,99,9,0,99,9,99,9,9,6,3,-1,-1,-1,-1,-1,-1,-1,-1,-1,0
Unvalidated,2024010501108,2024,010501108,1,1,9,18,9,9,4,0,9,99,9,99,1,1,2,1,31,6,-1,-1,-1,-1,3,1,E01033583,0
Unvalidated,2024010501108,2024,010501108,2,1,9,5,9,9,4,0,9,99,9,99,1,1,6,2,-1,-1,-1,-1,-1,-1,-1,-1,-1,0
Unvalidated,2024010501112,2024,010501112,1,1,0,99,9,9,99,9,9,99,9,99,2,1,6,1,25,5,-1,-1,-1,-1,4,1,E01002307,0
Unvalidated,2024010501112,2024,010501112,2,9,0,99,9,9,99,9,9,99,9,99,1,9,6,3,-1,-1,-1,-1,-1,-1,-1,-1,-1,0
Unvalidated,2024010501113,2024,010501113,1,9,0,9,3,1,0,8,0,0,0,0,1,1,6,1,24,5,-1,-1,-1,-1,-1,-1,-1,0
Unvalidated,2024010501113,2024,010501113,2,9,0,18,5,1,0,8,0,0,0,0,1,1,6,1,50,8,-1,-1,-1,-1,6,1,E01001393,0
Unvalidated,2024010501113,2024,010501113,3,9,0,3,1,5,0,1,0,0,0,0,1,1,6,2,44,7,-1,-1,-1,-1,2,1,E01000121,0
Unvalidated,2024010501115,2024,010501115,1,19,0,1,5,1,0,0,0,0,0,0,2,1,1,1,35,6,-1,-1,-1,-1,3,2,E01011786,0
Unvalidated,2024010501121,2024,010501121,1,19,0,16,2,6,0,2,0,4,0,0,1,1,1,1,67,10,-1,-1,-1,-1,2,1,E01000056,0
Unvalidated,2024010501121,2024,010501121,2,9,0,3,6,2,0,1,0,0,0,0,4,1,6,1,64,9,-1,-1,-1,-1,4,1,E01002267,0
Unvalidated,2024010501121,2024,010501121,3,19,4,3,6,2,0,1,0,0,0,0,1,1,1,1,32,6,-1,-1,-1,-1,4,1,E01016011,0
Unvalidated,2024010501121,2024,010501121,4,19,0,2,0,0,0,1,0,0,0,0,4,1,6,3,-1,-1,-1,-1,-1,-1,-1,-1,-1,0
Unvalidated,2024010501124,2024,010501124,1,9,0,6,1,1,0,1,0,0,0,0,1,1,6,3,-1,-1,-1,-1,-1,-1,-1,-1,-1,0
Unvalidated,2024010501124,2024,010501124,2,3,0,10,1,7,0,1,0,0,0,0,4,1,6,2,26,6,-1,-1,-1,-1,3,1,E01002044,0
Unvalidated,2024010501125,2024,010501125,1,3,0,99,9,9,99,0,9,99,9,99,1,1,1,1,37,7,-1,-1,-1,-1,6,1,E01000575,0
Unvalidated,2024010501125,2024,010501125,2,9,0,99,9,9,99,0,9,99,9,99,9,9,6,3,-1,-1,-1,-1,-1,-1,-1,-1,-1,0
Unvalidated,2024010501134,2024,010501134,1,2,0,99,9,9,99,9,9,99,9,99,0,1,2,1,53,8,-1,-1,-1,-1,4,1,E01004682,0
Unvalidated,2024010501134,2024,010501134,2,9,0,99,9,9,99,9,9,99,9,99,0,9,6,3,-1,-1,-1,-1,-1,-1,-1,-1,-1,0
Unvalidated,2024010501137,2024,010501137,1,3,0,99,9,9,99,9,9,99,9,99,1,1,6,1,31,6,-1,-1,-1,-1,5,1,E01004152,0
Unvalidated,2024010501137,2024,010501137,2,9,0,99,9,9,99,9,9,99,9,99,0,9,6,3,-1,-1,-1,-1,-1,-1,-1,-1,-1,0
Unvalidated,2024010501138,2024,010501138,1,9,0,4,6,2,0,1,0,0,0,0,1,1,6,1,34,6,-1,-1,-1,-1,9,1,E01001422,0
Unvalidated,2024010501138,2024,010501138,2,19,0,3,6,2,0,1,0,0,0,0,2,1,1,1,31,6,-1,-1,-1,-1,3,3,E01026740,0
Unvalidated,2024010501138,2024,010501138,3,19,0,3,6,2,0,1,0,0,0,0,2,1,1,1,25,5,-1,-1,-1,-1,6,1,E01026575,0
Unvalidated,2024010501139,2024,010501139,1,3,0,99,9,9,99,9,9,99,9,99,9,1,2,2,26,6,-1,-1,-1,-1,3,1,E01002044,0
Unvalidated,2024010501139,2024,010501139,2,9,0,99,9,9,99,9,9,99,9,99,9,9,6,3,-1,-1,-1,-1,-1,-1,4,1,E01001463,0
Unvalidated,2024010501140,2024,010501140,1,3,0,99,9,9,99,9,9,99,9,99,1,1,1,1,33,6,-1,-1,-1,-1,2,1,E01023404,0
Unvalidated,2024010501140,2024,010501140,2,9,0,99,9,9,99,9,9,99,9,99,1,9,6,3,-1,-1,-1,-1,-1,-1,-1,-1,-1,0
Unvalidated,2024010501146,2024,010501146,1,9,0,4,1,5,9,0,0,0,7,5,1,1,1,1,37,7,-1,-1,-1,-1,-1,-1,-1,0
Unvalidated,2024010501147,2024,010501147,1,11,0,4,3,7,2,1,0,0,0,0,0,1,1,1,42,7,-1,-1,-1,-1,5,1,E01002249,0
Unvalidated,2024010501154,2024,010501154,1,3,9,99,9,9,99,9,9,99,9,99,9,1,6,3,43,7,-1,-1,-1,-1,7,1,E01003794,0
Unvalidated,2024010501154,2024,010501154,2,9,0,99,9,9,99,9,9,99,9,99,9,9,6,3,-1,-1,-1,-1,-1,-1,-1,-1,-1,0
Unvalidated,2024010501155,2024,010501155,1,9,0,99,9,9,99,9,9,99,9,99,9,9,1,1,34,6,-1,-1,-1,-1,9,1,E01003889,0
Unvalidated,2024010501155,2024,010501155,2,9,0,99,9,9,99,9,9,99,9,99,1,9,6,3,-1,-1,-1,-1,-1,-1,-1,-1,-1,0
Unvalidated,2024010501167,2024,010501167,1,9,0,18,3,7,0,8,0,0,0,0,1,1,2,1,52,8,-1,-1,-1,-1,2,1,E01001181,0
Unvalidated,2024010501167,2024,010501167,2,9,0,18,5,1,0,8,0,7,0,0,1,1,2,2,40,7,-1,-1,-1,-1,-1,-1,-1,0
Unvalidated,2024010501169,2024,010501169,1,9,0,18,1,5,0,1,0,0,0,0,1,1,1,2,47,8,-1,-1,-1,-1,2,1,E01002879,0
Unvalidated,2024010501169,2024,010501169,2,1,0,13,1,5,0,1,0,0,0,0,1,1,1,1,45,7,-1,-1,-1,-1,3,1,E01033132,0
Unvalidated,2024010501179,2024,010501179,1,11,0,16,7,3,0,3,0,0,0,0,0,1,1,1,36,7,-1,-1,-1,-1,5,1,E01002492,0
Unvalidated,2024010501184,2024,010501184,1,5,0,10,1,7,0,1,0,0,0,0,2,1,6,1,38,7,-1,-1,-1,-1,5,1,E01000469,0
Unvalidated,2024010501184,2024,010501184,2,9,0,15,1,5,0,8,0,0,0,0,1,1,6,2,26,6,-1,-1,-1,-1,5,1,E01033731,0
Unvalidated,2024010501187,2024,010501187,1,9,0,18,7,3,0,0,0,0,0,0,2,1,6,2,34,6,-1,-1,-1,-1,1,1,E01004249,0
Unvalidated,2024010501187,2024,010501187,2,9,0,18,7,3,0,0,0,4,0,0,2,1,6,1,47,8,-1,-1,-1,-1,2,1,E01033587,0
Unvalidated,2024010501187,2024,010501187,3,9,0,18,7,3,0,0,0,4,0,0,1,1,6,1,44,7,-1,-1,-1,-1,4,1,E01016003,0
Unvalidated,2024010501191,2024,010501191,1,3,0,99,9,9,99,9,9,99,9,99,1,1,2,1,42,7,-1,-1,-1,-1,4,1,E01000171,0
Unvalidated,2024010501191,2024,010501191,2,9,0,99,9,9,99,9,9,99,9,99,9,9,6,3,-1,-1,-1,-1,-1,-1,-1,-1,-1,0
Unvalidated,2024010501192,2024,010501192,1,9,0,3,6,2,0,1,0,0,0,0,1,1,6,1,-1,-1,-1,-1,-1,-1,6,1,E01002602,0
Unvalidated,2024010501192,2024,010501192,2,9,0,7,6,8,0,1,0,0,0,0,2,1,6,1,38,7,-1,-1,-1,-1,-1,-1,-1,0
Unvalidated,2024010501194,2024,010501194,1,9,0,8,1,3,0,1,0,0,0,0,1,1,3,2,32,6,-1,-1,-1,-1,5,1,E01000571,0
Unvalidated,2024010501201,2024,010501201,1,9,9,99,9,9,99,9,9,99,9,99,1,9,2,2,52,8,-1,-1,-1,-1,3,1,E01002043,0
Unvalidated,2024010501201,2024,010501201,2,9,0,99,9,9,99,9,9,99,9,99,1,9,6,3,-1,-1,-1,-1,-1,-1,-1,-1,-1,0
Unvalidated,2024010501203,2024,010501203,1,5,0,4,1,5,0,0,0,0,0,0,0,1,6,1,21,5,-1,-1,-1,-1,2,1,E01000016,0
Unvalidated,2024010501205,2024,010501205,1,1,9,99,9,9,99,0,9,99,9,99,9,1,1,2,30,6,-1,-1,-1,-1,5,1,E01004560,0
Unvalidated,2024010501205,2024,010501205,2,9,0,99,9,9,99,0,9,99,9,99,1,9,6,3,57,9,-1,-1,-1,-1,-1,-1,-1,0
Unvalidated,2024010501207,2024,010501207,1,9,0,99,9,9,99,0,9,99,9,99,1,9,6,1,28,6,-1,-1,-1,-1,9,3,E01022099,0
Unvalidated,2024010501207,2024,010501207,2,9,0,99,9,9,99,0,9,99,9,99,2,9,6,3,-1,-1,-1,-1,-1,-1,-1,-1,-1,0
Unvalidated,2024010501211,2024,010501211,1,1,9,99,9,9,99,1,9,99,9,99,1,1,2,3,31,6,-1,-1,-1,-1,6,1,E01004530,0
Unvalidated,2024010501211,2024,010501211,2,9,0,99,9,9,99,6,9,99,9,99,1,9,6,3,-1,-1,-1,-1,-1,-1,-1,-1,-1,0
Unvalidated,2024010501213,2024,010501213,1,5,0,99,9,9,99,9,9,99,9,99,9,1,2,1,39,7,-1,-1,-1,-1,3,1,E01003263,0
Unvalidated,2024010501213,2024,010501213,2,9,0,99,9,9,99,9,9,99,9,99,1,9,6,2,49,8,-1,-1,-1,-1,-1,-1,-1,0
Unvalidated,2024010501221,2024,010501221,1,9,0,99,9,9,99,9,9,99,9,99,9,9,6,2,40,7,-1,-1,-1,-1,9,1,E01004147,0
Unvalidated,2024010501225,2024,010501225,1,9,0,18,5,1,0,1,0,0,0,0,1,1,2,1,49,8,-1,-1,-1,-1,-1,-1,-1,0
Unvalidated,2024010501227,2024,010501227,1,5,0,18,4,8,0,1,0,0,0,0,1,1,6,1,53,8,-1,-1,-1,-1,5,1,E01023327,0
Unvalidated,2024010501227,2024,010501227,2,1,0,9,8,6,0,1,0,0,0,0,1,1,6,1,21,5,-1,-1,-1,-1,-1,-1,-1,0
Unvalidated,2024010501232,2024,010501232,1,9,0,3,7,3,0,1,0,0,0,0,2,1,6,1,32,6,-1,-1,-1,-1,3,1,E01001003,0
Unvalidated,2024010501232,2024,010501232,2,9,0,18,7,3,0,1,0,0,0,0,1,1,6,1,24,5,-1,-1,-1,-1,2,1,E01004129,0
Unvalidated,2024010501235,2024,010501235,1,3,0,18,1,5,0,1,0,0,0,0,1,1,1,1,23,5,-1,-1,-1,-1,-1,-1,-1,0
Unvalidated,2024010501235,2024,010501235,2,9,0,18,1,5,0,5,0,0,0,0,1,1,6,1,-1,-1,-1,-1,-1,-1,1,1,E01004665,0
Unvalidated,2024010501239,2024,010501239,1,9,9,99,9,9,99,0,9,99,9,99,2,9,2,2,26,6,-1,-1,-1,-1,2,1,E01000075,0
Unvalidated,2024010501239,2024,010501239,2,20,9,99,9,9,99,0,9,99,9,99,1,9,6,3,-1,-1,-1,-1,-1,-1,-1,-1,-1,0
Unvalidated,2024010501242,2024,010501242,1,9,0,18,1,5,0,2,0,0,0,0,1,1,6,3,-1,-1,-1,-1,-1,-1,-1,-1,-1,0
Unvalidated,2024010501246,2024,010501246,1,9,0,9,2,8,0,6,0,0,0,0,1,1,6,2,57,9,-1,-1,-1,-1,-1,-1,-1,0
Unvalidated,2024010501246,2024,010501246,2,3,0,18,8,4,0,1,0,0,0,0,4,1,6,1,44,7,-1,-1,-1,-1,-1,-1,-1,0
Unvalidated,2024010501247,2024,010501247,1,3,0,99,9,9,99,0,9,8,9,99,9,1,6,1,30,6,-1,-1,-1,-1,2,1,E01001161,0
Unvalidated,2024010501247,2024,010501247,2,9,0,2,0,0,0,0,0,99,0,0,0,9,6,3,-1,-1,-1,-1,-1,-1,-1,-1,-1,0
Unvalidated,2024010501251,2024,010501251,1,19,0,18,5,1,0,1,0,8,0,0,1,1,6,1,18,4,-1,-1,-1,-1,2,1,E01004332,0
Unvalidated,2024010501251,2024,010501251,2,9,0,4,1,5,0,1,0,0,0,0,2,1,6,1,45,7,-1,-1,-1,-1,7,1,E01003643,0
Unvalidated,2024010501251,2024,010501251,3,9,0,13,1,5,0,1,0,0,7,0,0,1,6,1,19,4,-1,-1,-1,-1,3,1,E01004329,0
Unvalidated,2024010501252,2024,010501252,1,9,0,10,1,6,0,8,0,0,0,0,3,1,2,1,30,6,-1,-1,-1,-1,6,1,E01002602,0
Unvalidated,2024010501252,2024,010501252,2,9,0,18,5,1,0,8,0,0,0,0,3,1,2,1,53,8,-1,-1,-1,-1,3,1,E01002542,0
Unvalidated,2024010501252,2024,010501252,3,90,0,18,3,7,0,8,0,0,0,0,1,1,6,1,54,8,-1,-1,-1,-1,2,1,E01002561,1
Unvalidated,2024010501254,2024,010501254,1,9,0,99,9,9,99,9,9,99,9,99,1,9,6,1,59,9,-1,-1,-1,-1,2,1,E01001773,0
Unvalidated,2024010501254,2024,010501254,2,19,0,99,9,9,99,9,9,99,9,99,2,9,6,3,37,7,-1,-1,-1,-1,5,1,E01001737,0
Unvalidated,2024010501258,2024,010501258,1,8,0,7,1,2,0,5,0,0,0,0,4,1,1,1,52,8,-1,-1,-1,-1,5,1,E01002410,0
Unvalidated,2024010501258,2024,010501258,2,1,0,18,1,5,0,1,5,0,0,0,2,1,6,1,26,6,-1,-1,-1,-1,4,1,E01004061,0
Unvalidated,2024010501259,2024,010501259,1,9,0,10,3,1,0,1,0,0,0,0,3,1,6,1,18,4,-1,-1,-1,-1,9,1,E01030706,0
Unvalidated,2024010501259,2024,010501259,2,3,0,3,5,1,0,5,0,0,0,0,1,1,2,1,29,6,-1,-1,-1,-1,2,1,E01001334,0
Unvalidated,2024010501262,2024,010501262,1,9,0,17,5,2,0,1,0,0,3,0,4,1,6,1,28,6,-1,-1,-1,-1,5,1,E01001265,0
Unvalidated,2024010501264,2024,010501264,1,9,0,18,3,7,0,0,0,0,0,0,3,1,6,2,28,6,-1,-1,-1,-1,-1,-1,-1,0
Unvalidated,2024010501266,2024,010501266,1,9,0,18,3,7,0,1,0,0,0,0,1,1,6,1,30,6,-1,-1,-1,-1,-1,-1,-1,0
Unvalidated,2024010501266,2024,010501266,2,3,0,18,7,3,0,1,0,0,7,0,1,1,6,1,23,5,-1,-1,-1,-1,4,1,E01003308,0
Unvalidated,2024010501273,2024,010501273,1,11,0,18,5,1,0,2,0,0,0,0,1,1,1,1,44,7,-1,-1,-1,-1,3,1,E01000127,0
Unvalidated,2024010501280,2024,010501280,1,9,0,99,9,9,99,9,9,99,9,99,9,9,6,2,47,8,-1,-1,-1,-1,3,1,E01001192,0
Unvalidated,2024010501280,2024,010501280,2,9,0,99,9,9,99,9,9,99,9,99,9,9,6,3,-1,-1,-1,-1,-1,-1,-1,-1,-1,0
Unvalidated,2024010501286,2024,010501286,1,9,0,18,1,5,0,8,0,0,0,0,1,1,6,3,-1,-1,-1,-1,-1,-1,-1,-1,-1,0
Unvalidated,2024010501288,2024,010501288,1,1,9,99,9,9,99,0,9,99,9,99,1,1,2,2,31,6,-1,-1,-1,-1,6,1,E01004164,0
Unvalidated,2024010501288,2024,010501288,2,9,0,99,9,9,99,0,9,99,9,99,9,9,6,3,-1,-1,-1,-1,-1,-1,5,1,E01001157,0
Unvalidated,2024010501295,2024,010501295,1,9,0,18,3,7,0,5,0,1,8,11,3,2,6,1,25,5,-1,-1,-1,-1,7,1,E01003763,0