status,collision_index,collision_year,collision_reference,vehicle_reference,vehicle_type,towing_and_articulation,vehicle_manoeuvre,vehicle_direction_from,vehicle_direction_to,vehicle_location_restricted_lane,junction_location,skidding_and_overturning,hit_object_in_carriageway,vehicle_leaving_carriageway,hit_object_off_carriageway,first_point_of_impact,vehicle_left_hand_drive,journey_purpose_of_driver,sex_of_driver,age_of_driver,age_band_of_driver,engine_capacity_cc,propulsion_code,age_of_vehicle,generic_make_model,driver_imd_decile,driver_home_area_type,lsoa_of_driver,escooter_flag
Unvalidated,2024010501295,2024,010501295,2,19,0,18,3,7,0,7,0,1,3,0,1,1,6,1,59,9,-1,-1,-1,-1,2,1,E01000077,0
Unvalidated,2024010501302,2024,010501302,1,3,0,99,9,9,99,9,9,99,9,99,2,1,1,1,30,6,-1,-1,-1,-1,5,1,E01003706,0
Unvalidated,2024010501302,2024,010501302,2,9,0,99,9,9,99,9,9,99,9,99,1,9,6,1,45,7,-1,-1,-1,-1,4,1,E01003722,0
Unvalidated,2024010501307,2024,010501307,1,9,0,4,7,3,0,1,0,0,0,0,2,1,1,1,38,7,-1,-1,-1,-1,4,1,E01002833,0
Unvalidated,2024010501307,2024,010501307,2,90,0,18,7,3,0,1,0,0,0,0,1,1,6,1,17,4,-1,-1,-1,-1,-1,-1,-1,1
Unvalidated,2024010501310,2024,010501310,1,19,0,5,7,3,0,1,0,0,0,0,1,1,6,1,52,8,-1,-1,-1,-1,6,1,E01002293,0
Unvalidated,2024010501318,2024,010501318,1,9,0,14,1,5,0,2,0,4,1,2,1,1,6,2,78,11,-1,-1,-1,-1,6,1,E01000407,0
Unvalidated,2024010501318,2024,010501318,2,9,0,2,0,0,0,8,0,0,7,10,2,1,6,3,-1,-1,-1,-1,-1,-1,-1,-1,-1,0
Unvalidated,2024010501321,2024,010501321,1,1,9,99,9,9,99,9,9,99,9,99,9,1,6,2,37,7,-1,-1,-1,-1,9,1,E01004546,0
Unvalidated,2024010501321,2024,010501321,2,9,0,99,9,9,99,9,9,99,9,99,1,9,6,3,-1,-1,-1,-1,-1,-1,-1,-1,-1,0
Unvalidated,2024010501324,2024,010501324,1,5,0,18,5,1,0,0,0,0,0,0,1,1,6,1,31,6,-1,-1,-1,-1,5,1,E01023936,0
Unvalidated,2024010501325,2024,010501325,1,1,9,99,9,9,99,1,9,99,9,99,1,1,6,2,33,6,-1,-1,-1,-1,5,1,E01001837,0
Unvalidated,2024010501325,2024,010501325,2,19,0,99,9,9,99,5,9,99,9,99,1,9,6,3,-1,-1,-1,-1,-1,-1,-1,-1,-1,0
Unvalidated,2024010501327,2024,010501327,1,3,0,99,9,9,99,1,9,99,9,99,9,1,3,3,35,6,-1,-1,-1,-1,6,1,E01003149,0
Unvalidated,2024010501327,2024,010501327,2,9,0,99,9,9,99,6,9,99,9,99,9,9,6,3,-1,-1,-1,-1,-1,-1,-1,-1,-1,0
Unvalidated,2024010501330,2024,010501330,1,9,0,99,9,9,99,9,9,99,9,99,2,9,6,2,24,5,-1,-1,-1,-1,7,1,E01000702,0
Unvalidated,2024010501330,2024,010501330,2,9,0,99,9,9,99,9,9,99,9,99,1,9,6,3,-1,-1,-1,-1,-1,-1,-1,-1,-1,0
Unvalidated,2024010501331,2024,010501331,1,1,0,99,9,9,0,8,0,0,0,0,1,1,2,1,32,6,-1,-1,-1,-1,2,1,E01004365,0
Unvalidated,2024010501331,2024,010501331,2,9,0,18,7,3,0,6,0,0,0,0,1,1,6,1,51,8,-1,-1,-1,-1,8,1,E01001994,0
Unvalidated,2024010501334,2024,010501334,1,1,9,99,9,9,99,1,9,99,9,99,9,1,6,1,46,8,-1,-1,-1,-1,1,1,E01004285,0
Unvalidated,2024010501334,2024,010501334,2,9,0,99,9,9,99,5,9,99,9,99,1,9,6,3,-1,-1,-1,-1,-1,-1,-1,-1,-1,0
Unvalidated,2024010501342,2024,010501342,1,9,0,18,3,7,0,0,0,4,0,0,1,1,6,2,43,7,-1,-1,-1,-1,2,1,E01000097,0
Unvalidated,2024010501342,2024,010501342,2,9,0,4,3,7,0,0,0,0,0,0,2,1,6,1,28,6,-1,-1,-1,-1,2,1,E01015476,0
Unvalidated,2024010501349,2024,010501349,1,9,0,99,9,9,99,9,9,99,9,99,1,9,6,3,39,7,-1,-1,-1,-1,3,1,E01000641,0
Unvalidated,2024010501349,2024,010501349,2,90,9,99,9,9,99,9,9,99,9,99,9,1,6,1,42,7,-1,-1,-1,-1,7,1,E01000314,0
Unvalidated,2024010501353,2024,010501353,1,9,0,1,8,4,0,0,0,0,0,0,0,1,6,3,-1,-1,-1,-1,-1,-1,-1,-1,-1,0
Unvalidated,2024010501354,2024,010501354,1,9,0,18,1,5,0,1,0,0,0,0,1,2,1,1,28,6,-1,-1,-1,-1,2,1,E01001830,0
Unvalidated,2024010501354,2024,010501354,2,1,0,18,7,3,0,1,0,0,0,0,2,1,6,2,25,5,-1,-1,-1,-1,1,1,E01000858,0
Unvalidated,2024010501356,2024,010501356,1,4,0,99,9,9,99,9,9,99,9,99,2,1,6,1,25,5,-1,-1,-1,-1,2,1,E01002735,0
Unvalidated,2024010501356,2024,010501356,2,19,0,99,9,9,99,9,9,99,9,99,9,9,6,3,-1,-1,-1,-1,-1,-1,-1,-1,-1,0
Unvalidated,2024010501358,2024,010501358,1,9,0,18,5,1,0,1,0,0,1,0,4,1,6,2,31,6,-1,-1,-1,-1,2,1,E01001057,0
Unvalidated,2024010501362,2024,010501362,1,3,0,7,3,5,0,8,0,0,0,0,4,1,2,1,58,9,-1,-1,-1,-1,6,1,E01000898,0
Unvalidated,2024010501362,2024,010501362,2,3,0,15,3,7,0,8,0,0,0,0,1,1,6,2,26,6,-1,-1,-1,-1,2,1,E01000861,0
Unvalidated,2024010501365,2024,010501365,1,9,0,9,1,7,0,8,0,0,0,0,1,2,6,3,-1,-1,-1,-1,-1,-1,-1,-1,-1,0
Unvalidated,2024010501371,2024,010501371,1,9,0,18,7,3,0,0,5,4,0,0,1,1,6,2,31,6,-1,-1,-1,-1,8,1,E01002322,0
Unvalidated,2024010501371,2024,010501371,2,9,0,2,0,0,0,0,0,0,0,0,0,1,6,3,-1,-1,-1,-1,-1,-1,-1,-1,-1,0
Unvalidated,2024010501371,2024,010501371,3,9,0,2,0,0,0,0,0,0,0,0,0,1,6,3,-1,-1,-1,-1,-1,-1,-1,-1,-1,0
Unvalidated,2024010501372,2024,010501372,1,1,9,5,1,5,0,2,9,8,1,0,1,1,4,1,13,3,-1,-1,-1,-1,2,1,E01004240,0
Unvalidated,2024010501380,2024,010501380,1,1,9,99,9,9,99,9,9,99,9,99,9,1,2,1,57,9,-1,-1,-1,-1,4,1,E01002648,0
Unvalidated,2024010501380,2024,010501380,2,9,0,99,9,9,99,9,9,99,9,99,1,9,6,3,-1,-1,-1,-1,-1,-1,-1,-1,-1,0
Unvalidated,2024010501384,2024,010501384,1,9,0,18,9,9,99,0,9,99,9,99,9,9,6,2,35,6,-1,-1,-1,-1,6,1,E01004029,0
Unvalidated,2024010501384,2024,010501384,2,9,0,11,9,9,99,0,9,99,9,99,9,9,6,3,-1,-1,-1,-1,-1,-1,-1,-1,-1,0
Unvalidated,2024010501385,2024,010501385,1,5,0,10,5,3,0,1,0,0,0,0,3,1,6,1,39,7,-1,-1,-1,-1,3,1,E01001676,0
Unvalidated,2024010501385,2024,010501385,2,10,0,14,3,7,0,8,0,0,0,0,4,1,6,1,42,7,-1,-1,-1,-1,6,1,E01000330,0
Unvalidated,2024010501386,2024,010501386,1,9,0,18,3,7,0,0,0,0,0,0,3,1,6,1,34,6,-1,-1,-1,-1,4,1,E01000477,0
Unvalidated,2024010501386,2024,010501386,2,9,0,18,3,7,0,0,0,0,0,0,1,1,6,3,-1,-1,-1,-1,-1,-1,-1,-1,-1,0
Unvalidated,2024010501388,2024,010501388,1,9,0,2,0,0,0,0,0,0,0,0,3,1,6,3,-1,-1,-1,-1,-1,-1,-1,-1,-1,0
Unvalidated,2024010501388,2024,010501388,2,9,0,18,7,3,9,0,0,0,1,4,1,1,6,1,40,7,-1,-1,-1,-1,2,1,E01000433,0
Unvalidated,2024010501393,2024,010501393,1,9,0,3,7,3,0,0,0,0,0,0,0,1,6,1,21,5,-1,-1,-1,-1,8,2,E01031617,0
Unvalidated,2024010501393,2024,010501393,2,9,0,18,7,3,0,0,0,0,0,0,1,1,6,1,34,6,-1,-1,-1,-1,2,1,E01004004,0
Unvalidated,2024010501395,2024,010501395,1,9,0,9,1,7,0,5,0,0,0,0,4,1,6,1,26,6,-1,-1,-1,-1,3,1,E01003564,0
Unvalidated,2024010501395,2024,010501395,2,1,0,18,5,1,9,1,0,0,0,0,4,1,6,1,25,5,-1,-1,-1,-1,2,1,E01003490,0
Unvalidated,2024010501399,2024,010501399,1,3,0,99,9,9,99,9,9,99,9,99,1,1,2,1,41,7,-1,-1,-1,-1,3,1,E01003215,0
Unvalidated,2024010501399,2024,010501399,2,8,0,99,9,9,99,9,9,99,9,99,4,9,6,1,57,9,-1,-1,-1,-1,3,1,E01032584,0
Unvalidated,2024010501402,2024,010501402,1,19,4,18,6,2,0,1,0,0,0,0,1,1,1,1,32,6,-1,-1,-1,-1,7,1,E01003476,0
Unvalidated,2024010501402,2024,010501402,2,9,0,7,1,4,0,3,0,0,0,0,1,1,6,2,24,5,-1,-1,-1,-1,-1,-1,-1,0
Unvalidated,2024010501405,2024,010501405,1,9,0,9,5,3,0,1,0,0,0,0,1,1,6,1,25,5,-1,-1,-1,-1,4,1,E01003715,0
Unvalidated,2024010501405,2024,010501405,2,9,0,18,5,1,0,1,0,0,0,0,1,1,6,1,35,6,-1,-1,-1,-1,3,1,E01002795,0
Unvalidated,2024010501412,2024,010501412,1,9,4,18,6,2,0,1,0,10,0,0,1,1,6,2,31,6,-1,-1,-1,-1,2,1,E01003582,0
Unvalidated,2024010501425,2024,010501425,1,9,0,16,5,1,0,0,0,7,0,0,1,1,6,1,18,4,-1,-1,-1,-1,8,1,E01003669,0
Unvalidated,2024010501428,2024,010501428,1,9,0,18,7,3,0,0,0,0,0,0,2,1,6,2,80,11,-1,-1,-1,-1,6,1,E01004703,0
Unvalidated,2024010501428,2024,010501428,2,9,0,18,7,3,0,0,0,0,0,0,1,1,6,1,28,6,-1,-1,-1,-1,2,1,E01000433,0
Unvalidated,2024010501434,2024,010501434,1,9,0,18,3,7,0,1,5,4,0,0,1,1,6,1,49,8,-1,-1,-1,-1,5,1,E01002119,0
Unvalidated,2024010501434,2024,010501434,2,9,0,2,0,0,0,2,0,0,1,0,2,1,6,3,-1,-1,-1,-1,-1,-1,-1,-1,-1,0
Unvalidated,2024010501439,2024,010501439,1,9,0,99,9,9,99,9,9,99,9,99,2,9,6,2,46,8,-1,-1,-1,-1,5,1,E01023537,0
Unvalidated,2024010501440,2024,010501440,1,9,0,18,5,1,0,1,0,0,0,0,4,1,6,2,78,11,-1,-1,-1,-1,3,1,E01001045,0
Unvalidated,2024010501447,2024,010501447,1,9,0,5,0,7,0,1,0,0,0,0,4,1,2,2,45,7,-1,-1,-1,-1,4,1,E01002519,0
Unvalidated,2024010501465,2024,010501465,1,1,9,99,9,9,99,9,9,99,9,99,9,1,2,2,42,7,-1,-1,-1,-1,7,1,E01004018,0
Unvalidated,2024010501465,2024,010501465,2,9,0,99,9,9,99,9,9,99,9,99,1,9,6,3,-1,-1,-1,-1,-1,-1,-1,-1,-1,0
Unvalidated,2024010501469,2024,010501469,1,9,0,18,5,1,0,0,0,7,0,0,1,1,6,1,69,10,-1,-1,-1,-1,9,1,E01000670,0
Unvalidated,2024010501469,2024,010501469,2,9,0,18,1,5,0,0,0,0,0,0,1,1,2,2,26,6,-1,-1,-1,-1,7,1,E01001120,0
Unvalidated,2024010501471,2024,010501471,1,9,0,18,5,1,0,1,0,0,0,0,1,1,6,1,51,8,-1,-1,-1,-1,10,2,E01023377,0
Unvalidated,2024010501471,2024,010501471,2,90,0,9,7,5,0,6,0,0,0,0,1,1,6,1,14,3,-1,-1,-1,-1,1,1,E01002091,1
Unvalidated,2024010501472,2024,010501472,1,1,0,99,9,9,9,0,0,0,9,0,9,1,6,1,24,5,-1,-1,-1,-1,-1,-1,-1,0
Unvalidated,2024010501483,2024,010501483,1,9,0,99,9,9,99,9,9,99,9,99,2,9,6,2,-1,-1,-1,-1,-1,-1,4,1,E01001376,0
Unvalidated,2024010501483,2024,010501483,2,9,0,99,9,9,99,9,9,99,9,99,1,9,6,1,-1,-1,-1,-1,-1,-1,-1,-1,-1,0
Unvalidated,2024010501489,2024,010501489,1,9,0,5,0,1,0,8,0,0,0,0,1,1,6,2,53,8,-1,-1,-1,-1,-1,-1,-1,0
Unvalidated,2024010501489,2024,010501489,2,1,0,5,0,7,0,2,0,0,0,0,4,1,4,1,11,3,-1,-1,-1,-1,3,1,E01001661,0
Unvalidated,2024010501491,2024,010501491,1,9,0,99,9,9,99,0,9,99,9,99,9,9,6,1,-1,-1,-1,-1,-1,-1,8,1,E01004144,0
Unvalidated,2024010501491,2024,010501491,2,9,0,99,9,9,99,0,9,99,9,99,9,9,6,2,-1,-1,-1,-1,-1,-1,8,1,E01001030,0
Unvalidated,2024010501492,2024,010501492,1,9,0,18,5,1,0,0,0,0,0,0,1,1,6,1,37,7,-1,-1,-1,-1,5,1,E01033577,0
Unvalidated,2024010501492,2024,010501492,2,9,0,18,5,1,0,0,0,0,0,0,2,1,6,1,45,7,-1,-1,-1,-1,2,1,E01004224,0
Unvalidated,2024010501494,2024,010501494,1,9,0,17,1,5,0,8,0,0,0,0,3,1,6,1,22,5,-1,-1,-1,-1,8,1,E01000453,0
Unvalidated,2024010501494,2024,010501494,2,1,0,18,7,3,0,8,0,0,0,0,1,1,6,1,32,6,-1,-1,-1,-1,7,1,E01002343,0
Unvalidated,2024010501495,2024,010501495,1,9,0,9,1,7,0,1,0,0,0,0,1,1,6,1,30,6,-1,-1,-1,-1,4,1,E01003758,0
Unvalidated,2024010501495,2024,010501495,2,1,0,18,5,1,0,1,0,0,0,0,4,1,6,1,44,7,-1,-1,-1,-1,6,1,E01003694,0
Unvalidated,2024010501497,2024,010501497,1,9,0,18,3,7,0,0,1,0,0,0,1,1,6,1,48,8,-1,-1,-1,-1,6,1,E01004361,0
Unvalidated,2024010501497,2024,010501497,2,9,0,18,7,3,0,0,1,0,0,0,1,1,6,1,24,5,-1,-1,-1,-1,4,1,E01001435,0
Unvalidated,2024010501500,2024,010501500,1,9,0,18,6,2,0,8,0,0,0,0,3,1,6,1,33,6,-1,-1,-1,-1,9,3,E01017811,0
Unvalidated,2024010501500,2024,010501500,2,19,0,18,6,2,0,8,0,0,0,0,1,1,6,1,33,6,-1,-1,-1,-1,8,1,E01002238,0
Unvalidated,2024010501504,2024,010501504,1,9,0,18,6,2,0,2,0,0,0,0,1,1,6,1,68,10,-1,-1,-1,-1,3,1,E01001831,0
Unvalidated,2024010501506,2024,010501506,1,9,0,7,5,7,0,8,0,0,0,0,1,1,6,1,46,8,-1,-1,-1,-1,3,1,E01001141,0
Unvalidated,2024010501506,2024,010501506,2,9,0,2,0,0,0,1,0,0,0,0,2,1,6,3,-1,-1,-1,-1,-1,-1,-1,-1,-1,0
Unvalidated,2024010501506,2024,010501506,3,19,0,2,0,0,0,1,0,0,0,0,2,1,6,3,-1,-1,-1,-1,-1,-1,-1,-1,-1,0
Unvalidated,2024010501510,2024,010501510,1,23,9,99,9,9,0,0,9,0,0,0,0,1,1,1,28,6,-1,-1,-1,-1,1,1,E01003963,0
Unvalidated,2024010501516,2024,010501516,1,9,0,18,1,5,0,6,0,0,0,0,1,1,2,1,80,11,-1,-1,-1,-1,8,1,E01000212,0
Unvalidated,2024010501516,2024,010501516,2,1,0,18,3,7,0,8,0,10,0,0,3,1,1,1,26,6,-1,-1,-1,-1,5,1,E01002118,0
Unvalidated,2024010501523,2024,010501523,1,9,0,4,7,3,9,0,0,0,1,11,2,1,6,2,59,9,-1,-1,-1,-1,3,1,E01000092,0
Unvalidated,2024010501523,2024,010501523,2,9,0,18,7,3,0,0,0,4,0,0,1,1,6,2,29,6,-1,-1,-1,-1,2,1,E01000018,0
Unvalidated,2024010501524,2024,010501524,1,9,0,7,7,1,4,1,0,0,0,0,1,1,6,3,-1,-1,-1,-1,-1,-1,-1,-1,-1,0
Unvalidated,2024010501524,2024,010501524,2,1,0,18,7,3,4,8,0,0,0,0,3,1,1,1,19,4,-1,-1,-1,-1,3,1,E01004391,0
Unvalidated,2024010501526,2024,010501526,1,9,0,99,9,9,99,0,9,99,9,99,2,9,6,1,31,6,-1,-1,-1,-1,3,1,E01004031,0
Unvalidated,2024010501526,2024,010501526,2,9,0,99,9,9,99,0,9,99,9,99,1,9,6,3,-1,-1,-1,-1,-1,-1,-1,-1,-1,0
Unvalidated,2024010501526,2024,010501526,3,1,9,99,9,9,99,0,9,99,9,99,0,1,6,3,-1,-1,-1,-1,-1,-1,-1,-1,-1,0
Unvalidated,2024010501527,2024,010501527,1,3,0,18,1,5,0,0,0,7,0,0,1,1,6,1,26,6,-1,-1,-1,-1,2,1,E01003120,0
Unvalidated,2024010501528,2024,010501528,1,9,0,99,9,9,99,0,9,99,9,99,9,1,6,2,-1,-1,-1,-1,-1,-1,4,1,E01000503,0
Unvalidated,2024010501531,2024,010501531,1,1,0,18,1,5,0,1,0,0,0,0,1,1,6,1,47,8,-1,-1,-1,-1,4,1,E01001355,0
Unvalidated,2024010501531,2024,010501531,2,11,0,9,3,1,0,2,0,0,0,0,1,1,1,1,62,9,-1,-1,-1,-1,7,1,E01001226,0
Unvalidated,2024010501535,2024,010501535,1,9,0,18,5,1,0,8,0,0,0,0,3,1,6,2,56,9,-1,-1,-1,-1,3,1,E01001349,0
Unvalidated,2024010501535,2024,010501535,2,9,0,18,3,7,0,1,0,0,0,0,1,1,1,2,30,6,-1,-1,-1,-1,2,1,E01001215,0
Unvalidated,2024010501537,2024,010501537,1,9,0,18,1,5,0,0,0,0,0,0,1,1,6,1,18,4,-1,-1,-1,-1,5,1,E01014065,0
Unvalidated,2024010501537,2024,010501537,2,9,0,18,1,5,0,0,0,0,0,0,3,1,6,1,54,8,-1,-1,-1,-1,3,1,E01004280,0
Unvalidated,2024010501537,2024,010501537,3,9,0,18,1,5,0,0,0,0,0,0,1,1,6,2,47,8,-1,-1,-1,-1,9,1,E01003775,0
Unvalidated,2024010501537,2024,010501537,4,9,0,18,1,5,0,0,0,0,0,0,3,1,6,1,27,6,-1,-1,-1,-1,3,1,E01033274,0
Unvalidated,2024010501539,2024,010501539,1,3,4,99,9,9,99,9,9,99,9,99,1,1,6,1,35,6,-1,-1,-1,-1,5,1,E01003130,0
Unvalidated,2024010501539,2024,010501539,2,9,9,99,9,9,99,9,9,99,9,99,9,9,6,3,-1,-1,-1,-1,-1,-1,-1,-1,-1,0
Unvalidated,2024010501541,2024,010501541,1,9,0,13,1,5,0,1,0,0,0,0,1,1,6,1,24,5,-1,-1,-1,-1,-1,-1,-1,0
Unvalidated,2024010501541,2024,010501541,2,9,0,9,3,1,0,6,0,0,0,0,1,1,6,2,20,4,-1,-1,-1,-1,3,1,E01004373,0
Unvalidated,2024010501546,2024,010501546,1,9,0,99,9,9,99,0,9,99,9,99,9,9,6,1,43,7,-1,-1,-1,-1,3,1,E01001446,0
Unvalidated,2024010501546,2024,010501546,2,9,0,99,9,9,99,0,9,99,9,99,9,9,6,3,-1,-1,-1,-1,-1,-1,-1,-1,-1,0
Unvalidated,2024010501547,2024,010501547,1,9,0,18,6,2,0,1,0,0,1,0,1,1,6,2,79,11,-1,-1,-1,-1,-1,-1,-1,0
Unvalidated,2024010501547,2024,010501547,2,9,0,18,6,2,0,1,0,0,0,0,2,1,6,3,-1,-1,-1,-1,-1,-1,-1,-1,-1,0
Unvalidated,2024010501549,2024,010501549,1,9,0,9,7,5,0,8,0,0,0,0,4,1,6,1,18,4,-1,-1,-1,-1,9,1,E01001103,0
Unvalidated,2024010501549,2024,010501549,2,9,0,5,7,3,0,8,0,0,0,0,1,1,6,1,32,6,-1,-1,-1,-1,3,1,E01016038,0
Unvalidated,2024010501550,2024,010501550,1,3,0,99,9,9,99,9,9,99,9,99,1,1,2,1,32,6,-1,-1,-1,-1,5,1,E01004374,0
Unvalidated,2024010501550,2024,010501550,2,9,0,99,9,9,99,9,9,99,9,99,1,9,6,3,-1,-1,-1,-1,-1,-1,-1,-1,-1,0
Unvalidated,2024010501551,2024,010501551,1,9,0,18,5,1,0,0,0,4,0,0,1,1,6,1,46,8,-1,-1,-1,-1,4,1,E01003114,0
Unvalidated,2024010501551,2024,010501551,2,9,0,2,0,0,9,0,0,0,0,0,1,1,6,3,-1,-1,-1,-1,-1,-1,-1,-1,-1,0
Unvalidated,2024010501555,2024,010501555,1,1,9,99,9,9,99,9,9,99,9,99,1,1,6,2,31,6,-1,-1,-1,-1,2,1,E01004226,0
Unvalidated,2024010501555,2024,010501555,2,9,0,99,9,9,99,9,9,99,9,99,9,9,6,3,-1,-1,-1,-1,-1,-1,-1,-1,-1,0
Unvalidated,2024010501556,2024,010501556,1,9,0,13,5,1,0,0,0,0,0,0,1,1,6,1,31,6,-1,-1,-1,-1,2,1,E01003373,0
Unvalidated,2024010501556,2024,010501556,2,9,0,2,0,0,0,0,0,0,0,0,1,1,6,3,-1,-1,-1,-1,-1,-1,-1,-1,-1,0
Unvalidated,2024010501556,2024,010501556,3,9,0,2,0,0,0,0,0,0,0,0,1,1,6,3,-1,-1,-1,-1,-1,-1,-1,-1,-1,0
Unvalidated,2024010501556,2024,010501556,4,9,0,2,0,0,0,0,0,0,0,0,2,1,6,3,-1,-1,-1,-1,-1,-1,-1,-1,-1,0
Unvalidated,2024010501556,2024,010501556,5,9,0,2,0,0,0,0,0,0,0,0,3,1,6,3,-1,-1,-1,-1,-1,-1,-1,-1,-1,0
Unvalidated,2024010501556,2024,010501556,6,19,0,2,0,0,0,0,0,0,0,0,1,1,6,3,-1,-1,-1,-1,-1,-1,-1,-1,-1,0
Unvalidated,2024010501557,2024,010501557,1,9,0,9,5,2,0,8,0,0,0,0,1,1,1,1,48,8,-1,-1,-1,-1,2,1,E01004290,0
Unvalidated,2024010501557,2024,010501557,2,1,0,18,3,7,0,8,0,0,0,0,3,1,6,1,35,6,-1,-1,-1,-1,4,1,E01003326,0
Unvalidated,2024010501558,2024,010501558,1,19,0,18,6,2,0,1,0,0,0,0,0,1,6,3,-1,-1,-1,-1,-1,-1,-1,-1,-1,0
Unvalidated,2024010501558,2024,010501558,2,1,0,18,6,2,0,8,5,0,0,0,2,1,2,1,36,7,-1,-1,-1,-1,2,1,E01004014,0
Unvalidated,2024010501561,2024,010501561,1,9,0,5,0,1,0,0,0,0,0,0,4,1,6,1,53,8,-1,-1,-1,-1,4,1,E01000260,0
Unvalidated,2024010501567,2024,010501567,1,8,0,99,9,9,99,0,9,99,9,99,9,9,6,1,31,6,-1,-1,-1,-1,-1,1,-1,0
Unvalidated,2024010501567,2024,010501567,2,8,9,99,9,9,99,0,9,99,9,99,9,9,6,3,-1,-1,-1,-1,-1,-1,-1,-1,-1,0
Unvalidated,2024010501568,2024,010501568,1,9,0,9,3,1,0,1,0,0,0,0,1,1,3,2,43,7,-1,-1,-1,-1,3,1,E01001371,0
Unvalidated,2024010501577,2024,010501577,1,1,9,99,9,9,99,0,9,8,9,99,1,1,3,2,43,7,-1,-1,-1,-1,3,1,E01003572,0
Unvalidated,2024010501577,2024,010501577,2,9,0,99,9,9,99,0,9,99,9,99,3,9,6,3,-1,-1,-1,-1,-1,-1,-1,-1,-1,0
Unvalidated,2024010501578,2024,010501578,1,1,9,99,9,9,99,1,9,99,9,99,0,1,6,2,25,5,-1,-1,-1,-1,2,1,E01000550,0
Unvalidated,2024010501578,2024,010501578,2,8,0,99,9,9,99,6,9,99,9,99,0,9,6,1,48,8,-1,-1,-1,-1,2,1,E01002686,0
Unvalidated,2024010501582,2024,010501582,1,3,0,99,9,9,99,0,9,99,9,99,1,1,1,1,25,5,-1,-1,-1,-1,3,1,E01001244,0
Unvalidated,2024010501582,2024,010501582,2,9,9,99,9,9,99,0,9,99,9,99,9,9,6,3,-1,-1,-1,-1,-1,-1,-1,-1,-1,0
Unvalidated,2024010501584,2024,010501584,1,9,0,18,5,1,0,0,0,0,0,0,1,1,6,1,45,7,-1,-1,-1,-1,2,1,E01000017,0
Unvalidated,2024010501584,2024,010501584,2,1,0,18,3,7,0,0,0,0,0,0,4,1,4,2,10,2,-1,-1,-1,-1,2,1,E01000079,0
Unvalidated,2024010501594,2024,010501594,1,9,9,18,7,3,99,9,9,99,9,99,3,1,6,3,-1,-1,-1,-1,-1,-1,-1,-1,-1,0
Unvalidated,2024010501603,2024,010501603,1,9,0,99,9,9,99,9,9,99,9,99,2,9,1,1,48,8,-1,-1,-1,-1,6,1,E01002617,0
Unvalidated,2024010501604,2024,010501604,1,4,0,99,9,9,99,9,9,99,9,99,9,1,1,1,31,6,-1,-1,-1,-1,8,1,E01000653,0
Unvalidated,2024010501604,2024,010501604,2,9,0,99,9,9,99,9,9,99,9,99,9,9,6,3,-1,-1,-1,-1,-1,-1,-1,-1,-1,0
Unvalidated,2024010501609,2024,010501609,1,3,0,99,9,9,99,9,9,99,9,99,2,1,1,1,-1,-1,-1,-1,-1,-1,5,1,E01004461,0
Unvalidated,2024010501609,2024,010501609,2,9,0,99,9,9,99,9,9,99,9,99,1,9,6,3,-1,-1,-1,-1,-1,-1,-1,-1,-1,0
Unvalidated,2024010501611,2024,010501611,1,9,0,4,3,7,0,1,0,0,0,0,2,1,2,1,34,6,-1,-1,-1,-1,1,1,E01004241,0
Unvalidated,2024010501611,2024,010501611,2,9,0,3,3,7,0,1,0,0,0,0,1,1,1,1,42,7,-1,-1,-1,-1,7,1,E01003270,0
Unvalidated,2024010501622,2024,010501622,1,21,1,17,5,1,0,0,0,0,0,0,1,1,1,1,36,7,-1,-1,-1,-1,3,1,E01013983,0
Unvalidated,2024010501622,2024,010501622,2,9,0,16,1,5,0,0,1,0,1,9,1,1,6,1,30,6,-1,-1,-1,-1,5,1,E01002622,0
Unvalidated,2024010501623,2024,010501623,1,3,0,14,3,7,0,2,0,0,0,0,4,1,6,1,42,7,-1,-1,-1,-1,1,1,E01032575,0
Unvalidated,2024010501623,2024,010501623,2,9,0,5,3,7,0,6,0,0,0,0,3,1,6,1,34,6,-1,-1,-1,-1,6,1,E01000324,0
Unvalidated,2024010501625,2024,010501625,1,90,9,99,9,9,99,0,9,99,9,99,9,9,6,3,-1,-1,-1,-1,-1,-1,-1,-1,-1,0
Unvalidated,2024010501625,2024,010501625,2,1,0,18,5,1,0,0,0,0,0,0,2,1,6,1,26,6,-1,-1,-1,-1,2,1,E01001982,0
Unvalidated,2024010501626,2024,010501626,1,1,9,99,9,9,99,9,9,99,9,99,1,1,6,1,46,8,-1,-1,-1,-1,5,1,E01004492,0
Unvalidated,2024010501626,2024,010501626,2,9,0,99,9,9,99,9,9,99,9,99,2,9,6,3,-1,-1,-1,-1,-1,-1,4,1,E01004525,0
Unvalidated,2024010501626,2024,010501626,3,19,0,99,9,9,99,9,9,99,9,99,0,9,6,1,-1,-1,-1,-1,-1,-1,-1,-1,-1,0
Unvalidated,2024010501627,2024,010501627,1,9,0,18,5,1,9,5,0,0,1,0,1,1,6,1,33,6,-1,-1,-1,-1,2,1,E01002712,0
Unvalidated,2024010501630,2024,010501630,1,3,0,99,9,9,99,9,9,99,9,99,9,1,6,3,26,6,-1,-1,-1,-1,2,1,E01003159,0
Unvalidated,2024010501630,2024,010501630,2,9,0,99,9,9,99,9,9,99,9,99,9,9,6,3,-1,-1,-1,-1,-1,-1,-1,-1,-1,0