status,collision_index,collision_year,collision_reference,vehicle_reference,vehicle_type,towing_and_articulation,vehicle_manoeuvre,vehicle_direction_from,vehicle_direction_to,vehicle_location_restricted_lane,junction_location,skidding_and_overturning,hit_object_in_carriageway,vehicle_leaving_carriageway,hit_object_off_carriageway,first_point_of_impact,vehicle_left_hand_drive,journey_purpose_of_driver,sex_of_driver,age_of_driver,age_band_of_driver,engine_capacity_cc,propulsion_code,age_of_vehicle,generic_make_model,driver_imd_decile,driver_home_area_type,lsoa_of_driver,escooter_flag
Unvalidated,2024010501632,2024,010501632,1,3,0,99,9,9,99,1,9,99,9,99,1,1,1,1,37,7,-1,-1,-1,-1,5,1,E01001149,0
Unvalidated,2024010501632,2024,010501632,2,9,0,99,9,9,99,6,9,99,9,99,9,9,6,3,79,11,-1,-1,-1,-1,3,1,E01002841,0
Unvalidated,2024010501639,2024,010501639,1,21,0,18,1,5,0,2,0,0,0,0,3,1,1,1,51,8,-1,-1,-1,-1,-1,-1,-1,0
Unvalidated,2024010501642,2024,010501642,1,1,9,99,9,9,99,9,9,99,9,99,9,1,6,1,59,9,-1,-1,-1,-1,7,1,E01024189,0
Unvalidated,2024010501642,2024,010501642,2,9,9,99,9,9,99,9,9,99,9,99,9,9,6,3,-1,-1,-1,-1,-1,-1,7,3,E01032656,0
Unvalidated,2024010501648,2024,010501648,1,9,0,17,7,3,0,1,0,0,0,0,1,2,6,1,39,7,-1,-1,-1,-1,6,1,E01001352,0
Unvalidated,2024010501648,2024,010501648,2,1,0,16,3,7,0,1,0,0,0,0,1,1,6,1,39,7,-1,-1,-1,-1,5,1,E01002399,0
Unvalidated,2024010501659,2024,010501659,1,1,9,99,9,9,99,0,9,99,9,99,9,1,2,2,35,6,-1,-1,-1,-1,7,1,E01002675,0
Unvalidated,2024010501659,2024,010501659,2,9,0,99,9,9,99,0,9,99,9,99,9,9,6,3,-1,-1,-1,-1,-1,-1,-1,-1,-1,0
Unvalidated,2024010501660,2024,010501660,1,9,0,4,4,8,0,1,0,0,0,0,3,1,6,1,55,8,-1,-1,-1,-1,2,1,E01003731,0
Unvalidated,2024010501661,2024,010501661,1,9,0,7,1,2,0,0,0,0,0,0,2,1,1,1,36,7,-1,-1,-1,-1,2,1,E01001056,0
Unvalidated,2024010501661,2024,010501661,2,9,0,3,1,5,0,0,0,0,0,0,2,1,6,1,39,7,-1,-1,-1,-1,2,1,E01004083,0
Unvalidated,2024010501666,2024,010501666,1,9,0,11,1,5,3,2,0,0,0,0,4,1,3,1,44,7,-1,-1,-1,-1,2,1,E01001826,0
Unvalidated,2024010501666,2024,010501666,2,1,0,18,1,5,0,2,0,0,0,0,3,1,2,1,43,7,-1,-1,-1,-1,2,1,E01001820,0
Unvalidated,2024010501672,2024,010501672,1,9,0,18,6,2,0,1,0,0,0,0,1,1,6,2,51,8,-1,-1,-1,-1,6,1,E01002373,0
Unvalidated,2024010501672,2024,010501672,2,8,0,18,8,4,0,1,0,0,0,0,1,1,2,1,49,8,-1,-1,-1,-1,2,1,E01016004,0
Unvalidated,2024010501681,2024,010501681,1,5,0,99,9,9,99,9,9,99,9,99,2,1,6,1,30,6,-1,-1,-1,-1,3,1,E01000222,0
Unvalidated,2024010501681,2024,010501681,2,9,9,99,9,9,99,9,9,99,9,99,2,9,6,3,-1,-1,-1,-1,-1,-1,-1,-1,-1,0
Unvalidated,2024010501683,2024,010501683,1,1,9,99,9,9,99,9,9,99,9,99,9,1,2,1,49,8,-1,-1,-1,-1,4,1,E01003326,0
Unvalidated,2024010501683,2024,010501683,2,2,9,99,9,9,99,9,9,99,9,99,9,1,6,3,-1,-1,-1,-1,-1,-1,-1,-1,-1,0
Unvalidated,2024010501685,2024,010501685,1,9,0,10,1,6,0,1,0,0,0,0,1,1,6,1,37,7,-1,-1,-1,-1,1,1,E01002081,0
Unvalidated,2024010501685,2024,010501685,2,1,0,18,3,7,0,1,0,0,0,0,1,1,6,1,21,5,-1,-1,-1,-1,2,1,E01002765,0
Unvalidated,2024010501686,2024,010501686,1,3,9,99,9,9,99,9,9,99,9,99,9,1,1,1,24,5,-1,-1,-1,-1,3,1,E01003146,0
Unvalidated,2024010501687,2024,010501687,1,9,0,18,5,1,0,1,0,0,0,0,1,1,1,1,47,8,-1,-1,-1,-1,2,1,E01003619,0
Unvalidated,2024010501687,2024,010501687,2,19,0,1,5,1,0,1,0,0,0,0,2,1,6,3,24,5,-1,-1,-1,-1,-1,-1,-1,0
Unvalidated,2024010501688,2024,010501688,1,11,9,99,9,9,99,9,9,99,9,99,9,1,6,3,-1,-1,-1,-1,-1,-1,-1,-1,-1,0
Unvalidated,2024010501693,2024,010501693,1,9,0,18,1,5,0,2,0,0,0,0,1,1,1,1,50,8,-1,-1,-1,-1,3,1,E01002932,0
Unvalidated,2024010501696,2024,010501696,1,8,0,99,9,9,99,0,9,99,9,99,2,1,6,3,53,8,-1,-1,-1,-1,4,1,E01004357,0
Unvalidated,2024010501697,2024,010501697,1,9,0,18,1,5,0,1,0,0,0,0,1,1,6,2,31,6,-1,-1,-1,-1,4,1,E01004526,0
Unvalidated,2024010501698,2024,010501698,1,9,0,18,1,5,0,0,0,0,0,0,1,2,2,2,58,9,-1,-1,-1,-1,2,1,E01001700,0
Unvalidated,2024010501702,2024,010501702,1,3,0,4,5,1,0,0,0,0,0,0,1,1,6,1,28,6,-1,-1,-1,-1,4,1,E01003529,0
Unvalidated,2024010501702,2024,010501702,2,9,0,18,5,1,0,0,0,0,0,0,2,9,6,3,-1,-1,-1,-1,-1,-1,-1,-1,-1,0
Unvalidated,2024010501704,2024,010501704,1,9,0,18,5,1,0,8,5,0,0,0,4,1,6,1,28,6,-1,-1,-1,-1,4,1,E01002406,0
Unvalidated,2024010501704,2024,010501704,2,9,0,18,3,7,0,8,0,0,0,0,1,1,6,1,28,6,-1,-1,-1,-1,3,1,E01002400,0
Unvalidated,2024010501712,2024,010501712,1,3,9,99,9,9,99,9,9,99,9,99,9,1,6,1,28,6,-1,-1,-1,-1,3,1,E01003209,0
Unvalidated,2024010501712,2024,010501712,2,3,9,99,9,9,99,9,9,99,9,99,9,1,6,3,-1,-1,-1,-1,-1,-1,-1,-1,-1,0
Unvalidated,2024010501713,2024,010501713,1,9,0,99,9,9,99,9,9,99,9,99,2,9,6,1,45,7,-1,-1,-1,-1,10,1,E01016132,0
Unvalidated,2024010501713,2024,010501713,2,9,0,99,9,9,99,9,9,99,9,99,1,9,6,3,-1,-1,-1,-1,-1,-1,-1,-1,-1,0
Unvalidated,2024010501713,2024,010501713,3,9,0,99,9,9,99,9,9,99,9,99,2,9,6,3,-1,-1,-1,-1,-1,-1,-1,-1,-1,0
Unvalidated,2024010501718,2024,010501718,1,9,0,9,5,3,0,6,0,0,0,0,1,1,6,3,-1,-1,-1,-1,-1,-1,-1,-1,-1,0
Unvalidated,2024010501720,2024,010501720,1,9,0,99,9,9,99,0,9,99,9,99,9,9,6,2,28,6,-1,-1,-1,-1,3,1,E01003609,0
Unvalidated,2024010501720,2024,010501720,2,9,0,99,9,9,99,0,9,99,9,99,2,9,6,3,-1,-1,-1,-1,-1,-1,-1,-1,-1,0
Unvalidated,2024010501725,2024,010501725,1,9,0,18,3,7,0,8,0,0,0,0,2,1,2,2,26,6,-1,-1,-1,-1,4,1,E01002643,0
Unvalidated,2024010501725,2024,010501725,2,19,0,18,5,1,0,8,0,0,0,0,2,1,1,1,21,5,-1,-1,-1,-1,3,1,E01002502,0
Unvalidated,2024010501726,2024,010501726,1,9,0,18,5,1,0,0,0,0,0,0,2,1,6,1,47,8,-1,-1,-1,-1,10,1,E01021751,0
Unvalidated,2024010501726,2024,010501726,2,9,0,18,5,1,0,0,0,0,0,0,1,1,6,1,20,4,-1,-1,-1,-1,-1,-1,-1,0
Unvalidated,2024010501728,2024,010501728,1,9,0,16,5,7,0,0,0,0,0,0,1,1,6,1,29,6,-1,-1,-1,-1,1,1,E01001729,0
Unvalidated,2024010501728,2024,010501728,2,19,0,17,7,3,0,0,0,0,0,0,1,1,1,1,46,8,-1,-1,-1,-1,8,1,E01000569,0
Unvalidated,2024010501733,2024,010501733,1,1,9,99,9,9,99,0,9,99,9,99,2,1,6,1,54,8,-1,-1,-1,-1,3,1,E01003182,0
Unvalidated,2024010501733,2024,010501733,2,9,0,99,9,9,99,0,9,99,9,99,1,9,6,3,-1,-1,-1,-1,-1,-1,-1,-1,-1,0
Unvalidated,2024010501735,2024,010501735,1,3,0,99,9,9,99,9,9,99,9,99,9,1,1,1,41,7,-1,-1,-1,-1,4,1,E01001165,0
Unvalidated,2024010501735,2024,010501735,2,9,0,99,9,9,99,9,9,99,9,99,9,9,6,3,-1,-1,-1,-1,-1,-1,-1,-1,-1,0
Unvalidated,2024010501737,2024,010501737,1,3,0,99,9,9,99,1,9,99,9,99,9,1,1,3,29,6,-1,-1,-1,-1,4,1,E01001180,0
Unvalidated,2024010501737,2024,010501737,2,9,9,99,9,9,99,6,9,99,9,99,9,9,6,3,-1,-1,-1,-1,-1,-1,-1,-1,-1,0
Unvalidated,2024010501739,2024,010501739,1,9,0,18,7,3,0,2,0,0,0,0,1,1,2,2,41,7,-1,-1,-1,-1,6,1,E01023306,0
Unvalidated,2024010501741,2024,010501741,1,9,0,18,5,1,0,0,0,0,0,0,0,1,6,1,53,8,-1,-1,-1,-1,3,1,E01016511,0
Unvalidated,2024010501741,2024,010501741,2,9,0,18,5,1,0,0,0,0,0,0,1,1,6,1,35,6,-1,-1,-1,-1,9,1,E01003898,0
Unvalidated,2024010501747,2024,010501747,1,1,0,9,5,2,4,0,0,0,0,0,1,1,2,1,29,6,-1,-1,-1,-1,6,1,E01002834,0
Unvalidated,2024010501748,2024,010501748,1,3,0,99,9,9,99,9,9,99,9,99,1,1,2,1,24,5,-1,-1,-1,-1,2,1,E01001432,0
Unvalidated,2024010501748,2024,010501748,2,9,0,99,9,9,99,9,9,99,9,99,9,9,6,3,-1,-1,-1,-1,-1,-1,-1,-1,-1,0
Unvalidated,2024010501751,2024,010501751,1,19,0,9,3,2,0,8,0,0,0,0,1,1,1,1,64,9,-1,-1,-1,-1,3,1,E01007480,0
Unvalidated,2024010501751,2024,010501751,2,1,0,16,7,2,4,8,2,0,0,0,1,1,2,1,51,8,-1,-1,-1,-1,9,1,E01001375,0
Unvalidated,2024010501759,2024,010501759,1,1,9,99,9,9,99,9,9,99,9,99,9,1,2,2,39,7,-1,-1,-1,-1,5,1,E01001852,0
Unvalidated,2024010501759,2024,010501759,2,8,0,99,9,9,99,9,9,99,9,99,9,9,6,3,-1,-1,-1,-1,-1,-1,-1,-1,-1,0
Unvalidated,2024010501761,2024,010501761,1,1,9,99,9,9,99,1,9,99,9,99,1,1,2,1,35,6,-1,-1,-1,-1,4,1,E01003255,0
Unvalidated,2024010501761,2024,010501761,2,9,0,99,9,9,99,5,9,99,9,99,1,9,6,3,-1,-1,-1,-1,-1,-1,3,1,E01004563,0
Unvalidated,2024010501764,2024,010501764,1,9,0,99,9,9,99,9,9,99,9,99,9,9,6,1,29,6,-1,-1,-1,-1,2,1,E01004305,0
Unvalidated,2024010501764,2024,010501764,2,9,9,99,9,9,99,9,9,99,9,99,1,9,6,3,23,5,-1,-1,-1,-1,2,1,E01004253,0
Unvalidated,2024010501766,2024,010501766,1,9,0,18,7,3,0,8,0,0,0,0,4,1,2,2,41,7,-1,-1,-1,-1,2,1,E01000023,0
Unvalidated,2024010501766,2024,010501766,2,9,0,18,1,5,0,8,0,0,0,0,1,1,1,2,36,7,-1,-1,-1,-1,5,1,E01003663,0
Unvalidated,2024010501768,2024,010501768,1,9,0,5,3,7,0,8,0,0,0,0,1,1,2,1,30,6,-1,-1,-1,-1,2,1,E01000876,0
Unvalidated,2024010501768,2024,010501768,2,5,0,13,1,5,0,1,0,0,0,0,1,1,2,1,49,8,-1,-1,-1,-1,6,1,E01030546,0
Unvalidated,2024010501769,2024,010501769,1,3,0,99,9,9,99,9,9,99,9,99,9,1,2,3,41,7,-1,-1,-1,-1,2,1,E01003324,0
Unvalidated,2024010501769,2024,010501769,2,9,0,99,9,9,99,9,9,99,9,99,9,9,6,3,-1,-1,-1,-1,-1,-1,-1,-1,-1,0
Unvalidated,2024010501770,2024,010501770,1,3,0,99,9,9,99,9,9,99,9,99,9,1,1,1,32,6,-1,-1,-1,-1,6,3,E01004108,0
Unvalidated,2024010501770,2024,010501770,2,9,9,99,9,9,99,9,9,99,9,99,9,9,6,3,-1,-1,-1,-1,-1,-1,-1,-1,-1,0
Unvalidated,2024010501773,2024,010501773,1,3,0,99,9,9,99,9,9,99,9,99,1,1,1,1,26,6,-1,-1,-1,-1,3,1,E01001409,0
Unvalidated,2024010501773,2024,010501773,2,9,0,99,9,9,99,9,9,99,9,99,9,9,6,3,-1,-1,-1,-1,-1,-1,-1,-1,-1,0
Unvalidated,2024010501775,2024,010501775,1,9,0,5,5,1,0,0,0,7,0,0,3,1,3,2,50,8,-1,-1,-1,-1,3,1,E01032784,0
Unvalidated,2024010501776,2024,010501776,1,3,0,4,3,7,0,8,0,0,0,0,0,1,2,1,18,4,-1,-1,-1,-1,7,1,E01000493,0
Unvalidated,2024010501776,2024,010501776,2,9,0,18,3,7,0,1,0,0,0,0,2,1,6,1,44,7,-1,-1,-1,-1,4,1,E01001686,0
Unvalidated,2024010501780,2024,010501780,1,3,0,99,9,9,99,9,9,99,9,99,9,1,2,3,35,6,-1,-1,-1,-1,7,1,E01000413,0
Unvalidated,2024010501780,2024,010501780,2,9,0,99,9,9,99,9,9,99,9,99,9,9,6,3,-1,-1,-1,-1,-1,-1,-1,-1,-1,0
Unvalidated,2024010501782,2024,010501782,1,9,0,18,1,5,0,1,0,0,0,0,1,1,6,1,48,8,-1,-1,-1,-1,2,1,E01000796,0
Unvalidated,2024010501782,2024,010501782,2,2,0,18,1,5,0,1,0,0,0,0,1,1,6,1,26,6,-1,-1,-1,-1,3,1,E01003251,0
Unvalidated,2024010501783,2024,010501783,1,1,9,99,9,9,99,9,9,99,9,99,1,1,2,1,23,5,-1,-1,-1,-1,3,1,E01004313,0
Unvalidated,2024010501783,2024,010501783,2,9,0,99,9,9,99,9,9,99,9,99,1,9,6,3,-1,-1,-1,-1,-1,-1,-1,-1,-1,0
Unvalidated,2024010501787,2024,010501787,1,9,0,5,7,3,0,6,0,0,0,0,1,2,1,2,49,8,-1,-1,-1,-1,3,1,E01003263,0
Unvalidated,2024010501787,2024,010501787,2,1,0,4,3,7,0,5,0,0,0,0,1,1,1,1,35,6,-1,-1,-1,-1,7,1,E01016903,0
Unvalidated,2024010501788,2024,010501788,1,9,0,18,3,7,0,1,0,0,0,0,1,1,6,3,-1,-1,-1,-1,-1,-1,-1,-1,-1,0
Unvalidated,2024010501788,2024,010501788,2,9,0,2,0,0,0,1,0,0,0,0,3,2,6,3,-1,-1,-1,-1,-1,-1,-1,-1,-1,0
Unvalidated,2024010501789,2024,010501789,1,3,0,99,9,9,99,9,9,99,9,99,9,1,1,3,36,7,-1,-1,-1,-1,1,1,E01002082,0
Unvalidated,2024010501789,2024,010501789,2,9,0,99,9,9,99,9,9,99,9,99,9,9,6,3,-1,-1,-1,-1,-1,-1,-1,-1,-1,0
Unvalidated,2024010501792,2024,010501792,1,11,0,18,1,5,2,1,0,0,0,0,0,1,1,1,62,9,-1,-1,-1,-1,-1,-1,-1,0
Unvalidated,2024010501798,2024,010501798,1,1,9,99,9,9,99,0,9,8,9,99,1,1,2,1,55,8,-1,-1,-1,-1,4,1,E01003062,0
Unvalidated,2024010501798,2024,010501798,2,8,0,99,9,9,99,0,9,99,9,99,9,9,6,3,-1,-1,-1,-1,-1,-1,-1,-1,-1,0
Unvalidated,2024010501799,2024,010501799,1,19,0,18,7,3,0,0,0,0,0,0,1,1,1,1,23,5,-1,-1,-1,-1,8,3,E01021172,0
Unvalidated,2024010501799,2024,010501799,2,3,0,15,7,3,0,0,0,10,1,0,1,1,1,1,30,6,-1,-1,-1,-1,3,1,E01004684,0
Unvalidated,2024010501802,2024,010501802,1,1,9,99,9,9,99,9,9,99,9,99,0,1,1,1,29,6,-1,-1,-1,-1,1,1,E01003087,0
Unvalidated,2024010501802,2024,010501802,2,9,0,99,9,9,99,9,9,99,9,99,9,9,6,3,-1,-1,-1,-1,-1,-1,-1,-1,-1,0
Unvalidated,2024010501807,2024,010501807,1,1,9,99,9,9,99,9,9,99,9,99,9,1,6,2,41,7,-1,-1,-1,-1,2,1,E01003980,0
Unvalidated,2024010501807,2024,010501807,2,1,9,99,9,9,99,9,9,99,9,99,1,1,6,1,-1,-1,-1,-1,-1,-1,-1,-1,-1,0
Unvalidated,2024010501812,2024,010501812,1,1,9,99,9,9,99,1,9,99,9,99,1,1,6,1,25,5,-1,-1,-1,-1,2,1,E01002872,0
Unvalidated,2024010501812,2024,010501812,2,19,0,99,9,9,99,5,9,99,9,99,9,9,6,1,-1,-1,-1,-1,-1,-1,8,1,E01002513,0
Unvalidated,2024010501815,2024,010501815,1,10,0,18,7,3,0,0,5,4,0,0,4,1,6,2,24,5,-1,-1,-1,-1,7,1,E01028541,0
Unvalidated,2024010501815,2024,010501815,2,9,0,2,0,0,0,0,0,0,0,0,3,1,6,3,-1,-1,-1,-1,-1,-1,-1,-1,-1,0
Unvalidated,2024010501815,2024,010501815,3,9,0,2,0,0,0,0,0,0,0,0,2,1,6,3,-1,-1,-1,-1,-1,-1,-1,-1,-1,0
Unvalidated,2024010501817,2024,010501817,1,1,0,18,3,7,0,0,5,0,0,0,3,1,2,1,47,8,-1,-1,-1,-1,6,1,E01004518,0
Unvalidated,2024010501817,2024,010501817,2,90,0,18,3,7,0,0,0,0,0,0,1,1,6,3,-1,-1,-1,-1,-1,-1,-1,-1,-1,0
Unvalidated,2024010501830,2024,010501830,1,9,0,9,5,3,0,2,0,0,0,0,1,1,6,1,27,6,-1,-1,-1,-1,2,1,E01000063,0
Unvalidated,2024010501831,2024,010501831,1,9,0,9,3,2,0,1,0,0,0,0,3,1,2,1,58,9,-1,-1,-1,-1,4,1,E01000503,0
Unvalidated,2024010501831,2024,010501831,2,19,0,18,5,1,0,8,0,0,0,0,1,1,6,1,52,8,-1,-1,-1,-1,3,1,E01000511,0
Unvalidated,2024010501835,2024,010501835,1,1,9,99,9,9,99,9,9,99,9,99,1,1,1,2,18,4,-1,-1,-1,-1,2,1,E01002664,0
Unvalidated,2024010501835,2024,010501835,2,9,0,99,9,9,99,9,9,99,9,99,1,9,6,3,35,6,-1,-1,-1,-1,2,1,E01002633,0
Unvalidated,2024010501842,2024,010501842,1,19,0,18,1,5,0,1,0,0,0,0,3,1,6,3,26,6,-1,-1,-1,-1,-1,-1,-1,0
Unvalidated,2024010501847,2024,010501847,1,9,0,99,9,9,99,9,9,99,9,99,1,9,6,1,32,6,-1,-1,-1,-1,4,1,E01003758,0
Unvalidated,2024010501853,2024,010501853,1,1,9,99,9,9,99,9,9,99,9,99,9,1,2,1,32,6,-1,-1,-1,-1,4,1,E01003133,0
Unvalidated,2024010501853,2024,010501853,2,9,0,99,9,9,99,9,9,99,9,99,1,9,6,3,-1,-1,-1,-1,-1,-1,-1,-1,-1,0
Unvalidated,2024010501854,2024,010501854,1,9,0,13,5,1,0,8,1,0,1,0,1,1,6,1,-1,-1,-1,-1,-1,-1,2,1,E01001114,0
Unvalidated,2024010501854,2024,010501854,2,9,0,9,5,3,0,8,1,0,0,0,1,1,6,2,47,8,-1,-1,-1,-1,-1,-1,-1,0
Unvalidated,2024010501855,2024,010501855,1,9,0,99,9,9,99,9,9,99,9,99,9,9,1,1,52,8,-1,-1,-1,-1,1,1,E01001790,0
Unvalidated,2024010501855,2024,010501855,2,9,9,99,9,9,99,9,9,99,9,99,9,9,6,1,37,7,-1,-1,-1,-1,3,1,E01001759,0
Unvalidated,2024010501856,2024,010501856,1,9,0,3,2,6,0,0,0,0,0,0,2,1,6,2,42,7,-1,-1,-1,-1,6,1,E01002943,0
Unvalidated,2024010501856,2024,010501856,2,9,0,3,2,6,0,0,0,0,0,0,2,1,2,1,56,9,-1,-1,-1,-1,8,1,E01030977,0
Unvalidated,2024010501856,2024,010501856,3,9,0,3,2,6,0,0,0,0,0,0,2,1,6,1,42,7,-1,-1,-1,-1,3,1,E01016037,0
Unvalidated,2024010501856,2024,010501856,4,90,0,18,2,6,0,0,0,0,0,0,1,1,1,1,54,8,-1,-1,-1,-1,4,1,E01030551,0
Unvalidated,2024010501857,2024,010501857,1,9,0,18,5,1,0,0,0,0,0,0,4,1,6,1,25,5,-1,-1,-1,-1,3,1,E01001156,0
Unvalidated,2024010501857,2024,010501857,2,1,0,18,5,1,0,0,0,0,0,0,1,1,6,1,35,6,-1,-1,-1,-1,2,1,E01003086,0
Unvalidated,2024010501862,2024,010501862,1,9,0,18,7,3,0,0,0,0,0,0,4,1,6,1,-1,-1,-1,-1,-1,-1,10,1,E01000756,0
Unvalidated,2024010501864,2024,010501864,1,1,0,18,8,4,0,1,0,0,0,0,1,1,6,1,24,5,-1,-1,-1,-1,-1,-1,-1,0
Unvalidated,2024010501865,2024,010501865,1,9,0,99,9,9,99,9,9,99,9,99,9,9,2,2,54,8,-1,-1,-1,-1,7,1,E01001125,0
Unvalidated,2024010501868,2024,010501868,1,1,9,99,9,9,99,9,9,99,9,99,9,1,2,1,43,7,-1,-1,-1,-1,4,1,E01003213,0
Unvalidated,2024010501868,2024,010501868,2,9,0,99,9,9,99,9,9,99,9,99,9,9,6,3,45,7,-1,-1,-1,-1,5,1,E01003341,0
Unvalidated,2024010501869,2024,010501869,1,9,0,99,9,9,99,9,9,99,9,99,9,9,6,2,49,8,-1,-1,-1,-1,5,1,E01002689,0
Unvalidated,2024010501869,2024,010501869,2,1,9,99,9,9,99,9,9,99,9,99,9,1,6,1,51,8,-1,-1,-1,-1,5,1,E01001859,0
Unvalidated,2024010501871,2024,010501871,1,9,0,18,3,7,0,1,1,0,7,0,1,1,2,2,19,4,-1,-1,-1,-1,5,1,E01004076,0
Unvalidated,2024010501871,2024,010501871,2,19,0,18,1,5,0,1,1,0,1,9,3,1,1,2,54,8,-1,-1,-1,-1,9,1,E01003418,0
Unvalidated,2024010501874,2024,010501874,1,9,0,7,1,4,0,6,0,0,1,0,4,1,6,1,39,7,-1,-1,-1,-1,2,1,E01003063,0
Unvalidated,2024010501874,2024,010501874,2,1,0,18,5,1,0,1,0,0,0,0,1,1,2,2,29,6,-1,-1,-1,-1,8,1,E01004480,0
Unvalidated,2024010501875,2024,010501875,1,3,0,15,5,1,0,0,0,0,0,0,1,1,1,1,41,7,-1,-1,-1,-1,6,1,E01002200,0
Unvalidated,2024010501875,2024,010501875,2,9,0,9,1,6,0,0,0,0,0,0,3,1,6,1,24,5,-1,-1,-1,-1,3,1,E01033464,0
Unvalidated,2024010501876,2024,010501876,1,11,0,18,1,5,0,8,0,0,0,0,1,1,6,1,33,6,-1,-1,-1,-1,2,1,E01001775,0
Unvalidated,2024010501880,2024,010501880,1,1,9,99,9,9,99,9,9,99,9,99,9,1,2,1,28,6,-1,-1,-1,-1,1,1,E01002732,0
Unvalidated,2024010501880,2024,010501880,2,9,0,99,9,9,99,9,9,99,9,99,1,9,6,3,-1,-1,-1,-1,-1,-1,2,1,E01002807,0
Unvalidated,2024010501881,2024,010501881,1,1,9,99,9,9,99,0,9,99,9,99,1,1,2,1,44,7,-1,-1,-1,-1,6,1,E01000352,0
Unvalidated,2024010501881,2024,010501881,2,9,0,99,9,9,99,0,9,99,9,99,1,9,6,3,-1,-1,-1,-1,-1,-1,-1,-1,-1,0
Unvalidated,2024010501883,2024,010501883,1,9,0,99,9,9,0,1,9,0,0,0,1,9,6,2,-1,-1,-1,-1,-1,-1,-1,-1,-1,0
Unvalidated,2024010501884,2024,010501884,1,9,0,99,9,9,99,9,9,99,9,99,2,9,6,1,26,6,-1,-1,-1,-1,3,1,E01002028,0
Unvalidated,2024010501885,2024,010501885,1,3,0,13,5,1,0,1,0,0,0,0,1,1,6,1,19,4,-1,-1,-1,-1,-1,-1,-1,0
Unvalidated,2024010501885,2024,010501885,2,9,0,9,1,6,0,5,0,0,0,0,0,2,6,2,40,7,-1,-1,-1,-1,9,1,E01002951,0
Unvalidated,2024010501886,2024,010501886,1,9,0,18,7,3,0,0,0,0,7,1,3,1,6,2,31,6,-1,-1,-1,-1,6,1,E01002200,0
Unvalidated,2024010501888,2024,010501888,1,9,0,99,9,9,99,9,9,99,9,99,1,9,6,3,-1,-1,-1,-1,-1,-1,-1,-1,-1,0
Unvalidated,2024010501889,2024,010501889,1,19,0,13,7,3,0,0,0,0,0,0,3,1,6,3,-1,-1,-1,-1,-1,-1,-1,-1,-1,0
Unvalidated,2024010501889,2024,010501889,2,1,0,16,7,3,0,0,0,0,7,0,4,1,6,1,35,6,-1,-1,-1,-1,6,1,E01004509,0
Unvalidated,2024010501895,2024,010501895,1,3,0,3,1,5,0,1,0,0,0,0,2,1,6,1,34,6,-1,-1,-1,-1,2,1,E01000072,0
Unvalidated,2024010501895,2024,010501895,2,9,0,3,1,5,0,1,0,0,0,0,1,1,6,1,32,6,-1,-1,-1,-1,2,1,E01001555,0
Unvalidated,2024010501897,2024,010501897,1,9,0,4,8,4,0,0,1,0,0,0,1,1,6,1,39,7,-1,-1,-1,-1,1,1,E01004420,0
Unvalidated,2024010501898,2024,010501898,1,9,0,18,1,5,0,8,0,0,0,0,4,1,1,2,32,6,-1,-1,-1,-1,3,1,E01001501,0
Unvalidated,2024010501898,2024,010501898,2,9,0,18,3,7,0,8,0,0,0,0,1,1,2,2,27,6,-1,-1,-1,-1,2,1,E01003302,0
Unvalidated,2024010501902,2024,010501902,1,1,9,99,9,9,99,9,9,99,9,99,9,1,2,1,57,9,-1,-1,-1,-1,4,1,E01004694,0
Unvalidated,2024010501902,2024,010501902,2,9,0,99,9,9,99,9,9,99,9,99,9,9,6,3,-1,-1,-1,-1,-1,-1,-1,-1,-1,0
Unvalidated,2024010501903,2024,010501903,1,9,0,18,5,1,0,8,0,0,0,0,1,1,2,1,45,7,-1,-1,-1,-1,3,1,E01003602,0
Unvalidated,2024010501903,2024,010501903,2,1,0,18,3,7,0,8,0,0,0,0,4,1,1,1,27,6,-1,-1,-1,-1,2,1,E01003604,0
Unvalidated,2024010501907,2024,010501907,1,3,0,3,9,9,99,9,9,99,9,99,1,1,3,1,44,7,-1,-1,-1,-1,6,1,E01004636,0
Unvalidated,2024010501907,2024,010501907,2,19,0,1,9,9,99,9,9,99,9,99,2,9,6,1,-1,-1,-1,-1,-1,-1,6,1,E01002968,0
Unvalidated,2024010501910,2024,010501910,1,1,9,99,9,9,99,9,9,99,9,99,1,1,2,1,25,5,-1,-1,-1,-1,4,1,E01004366,0
Unvalidated,2024010501910,2024,010501910,2,9,0,99,9,9,99,9,9,99,9,99,1,9,6,3,41,7,-1,-1,-1,-1,2,1,E01003540,0
Unvalidated,2024010501918,2024,010501918,1,9,0,99,9,9,99,9,9,99,9,99,1,9,6,3,-1,-1,-1,-1,-1,-1,-1,-1,-1,0
Unvalidated,2024010501919,2024,010501919,1,9,0,18,3,7,0,2,5,4,0,0,1,1,6,1,30,6,-1,-1,-1,-1,3,1,E01000055,0
Unvalidated,2024010501919,2024,010501919,2,9,0,2,0,0,9,2,0,0,0,0,2,1,6,3,-1,-1,-1,-1,-1,-1,-1,-1,-1,0
Unvalidated,2024010501919,2024,010501919,3,9,0,2,0,0,9,2,0,0,0,0,1,1,6,3,-1,-1,-1,-1,-1,-1,-1,-1,-1,0