status,collision_index,collision_year,collision_reference,vehicle_reference,vehicle_type,towing_and_articulation,vehicle_manoeuvre,vehicle_direction_from,vehicle_direction_to,vehicle_location_restricted_lane,junction_location,skidding_and_overturning,hit_object_in_carriageway,vehicle_leaving_carriageway,hit_object_off_carriageway,first_point_of_impact,vehicle_left_hand_drive,journey_purpose_of_driver,sex_of_driver,age_of_driver,age_band_of_driver,engine_capacity_cc,propulsion_code,age_of_vehicle,generic_make_model,driver_imd_decile,driver_home_area_type,lsoa_of_driver,escooter_flag
Unvalidated,2024010501919,2024,010501919,4,9,0,2,0,0,9,2,0,0,0,0,2,1,6,3,-1,-1,-1,-1,-1,-1,-1,-1,-1,0
Unvalidated,2024010501925,2024,010501925,1,3,0,99,9,9,99,9,9,99,9,99,1,1,1,1,37,7,-1,-1,-1,-1,1,1,E01000744,0
Unvalidated,2024010501925,2024,010501925,2,9,0,99,9,9,99,9,9,99,9,99,9,9,6,3,-1,-1,-1,-1,-1,-1,-1,-1,-1,0
Unvalidated,2024010501935,2024,010501935,1,4,0,99,9,9,99,9,9,99,9,99,9,1,6,1,24,5,-1,-1,-1,-1,2,1,E01001448,0
Unvalidated,2024010501937,2024,010501937,1,9,0,18,1,5,0,0,0,0,0,0,1,1,6,1,53,8,-1,-1,-1,-1,5,1,E01000516,0
Unvalidated,2024010501937,2024,010501937,2,9,0,15,1,5,0,0,2,0,0,0,1,2,6,1,27,6,-1,-1,-1,-1,2,1,E01000931,0
Unvalidated,2024010501938,2024,010501938,1,9,9,99,9,9,99,0,9,99,9,99,9,9,6,3,25,5,-1,-1,-1,-1,3,1,E01000465,0
Unvalidated,2024010501938,2024,010501938,2,9,9,99,9,9,99,0,9,99,9,99,9,9,6,3,44,7,-1,-1,-1,-1,2,1,E01033726,0
Unvalidated,2024010501943,2024,010501943,1,3,0,18,7,3,0,1,0,0,0,0,1,1,2,1,27,6,-1,-1,-1,-1,1,1,E01001957,0
Unvalidated,2024010501943,2024,010501943,2,9,0,7,1,3,0,1,0,0,0,0,0,1,6,1,22,5,-1,-1,-1,-1,5,1,E01000140,0
Unvalidated,2024010501947,2024,010501947,1,3,0,99,9,9,99,9,9,99,9,99,2,1,1,2,47,8,-1,-1,-1,-1,2,1,E01002056,0
Unvalidated,2024010501947,2024,010501947,2,9,0,99,9,9,99,9,9,99,9,99,2,9,6,3,-1,-1,-1,-1,-1,-1,-1,-1,-1,0
Unvalidated,2024010501950,2024,010501950,1,1,9,99,9,9,99,9,9,99,9,99,9,1,2,2,41,7,-1,-1,-1,-1,4,1,E01002672,0
Unvalidated,2024010501952,2024,010501952,1,1,9,99,9,9,99,9,9,99,9,99,9,1,2,2,27,6,-1,-1,-1,-1,6,1,E01000970,0
Unvalidated,2024010501952,2024,010501952,2,9,0,99,9,9,99,9,9,99,9,99,9,9,6,3,-1,-1,-1,-1,-1,-1,-1,-1,-1,0
Unvalidated,2024010501955,2024,010501955,1,3,0,99,9,9,99,9,9,99,9,99,2,1,6,3,22,5,-1,-1,-1,-1,5,1,E01000629,0
Unvalidated,2024010501955,2024,010501955,2,9,0,99,9,9,99,9,9,99,9,99,1,9,6,3,-1,-1,-1,-1,-1,-1,-1,-1,-1,0
Unvalidated,2024010501956,2024,010501956,1,19,0,1,7,3,0,0,0,0,0,0,2,1,1,1,58,9,-1,-1,-1,-1,9,1,E01000716,0
Unvalidated,2024010501957,2024,010501957,1,9,0,99,9,9,99,9,9,99,9,99,1,9,6,3,-1,-1,-1,-1,-1,-1,-1,-1,-1,0
Unvalidated,2024010501957,2024,010501957,2,90,9,99,9,9,99,9,9,99,9,99,9,9,6,1,29,6,-1,-1,-1,-1,2,1,E01002049,1
Unvalidated,2024010501959,2024,010501959,1,9,0,4,6,2,0,0,0,0,0,0,2,1,6,2,44,7,-1,-1,-1,-1,2,1,E01003229,0
Unvalidated,2024010501959,2024,010501959,2,9,0,4,6,2,0,0,0,0,0,0,2,1,6,2,25,5,-1,-1,-1,-1,9,1,E01001098,0
Unvalidated,2024010501959,2024,010501959,3,9,0,18,6,2,0,0,0,0,0,0,1,1,6,2,34,6,-1,-1,-1,-1,5,1,E01001068,0
Unvalidated,2024010501963,2024,010501963,1,3,0,99,9,9,99,9,9,99,9,99,9,1,1,1,44,7,-1,-1,-1,-1,5,1,E01004624,0
Unvalidated,2024010501963,2024,010501963,2,9,9,99,9,9,99,9,9,99,9,99,9,9,6,3,-1,-1,-1,-1,-1,-1,-1,-1,-1,0
Unvalidated,2024010501966,2024,010501966,1,9,0,6,5,5,0,6,0,0,0,0,0,1,6,2,58,9,-1,-1,-1,-1,2,1,E01003349,0
Unvalidated,2024010501966,2024,010501966,2,9,0,2,0,0,9,5,0,0,0,0,2,1,6,3,-1,-1,-1,-1,-1,-1,-1,-1,-1,0
Unvalidated,2024010501966,2024,010501966,3,1,0,18,5,1,0,6,0,0,0,0,1,1,6,2,56,9,-1,-1,-1,-1,2,1,E01003236,0
Unvalidated,2024010501971,2024,010501971,1,1,9,99,9,9,99,9,9,99,9,99,9,1,6,1,28,6,-1,-1,-1,-1,1,1,E01002037,0
Unvalidated,2024010501971,2024,010501971,2,9,0,99,9,9,99,9,9,99,9,99,9,9,6,3,-1,-1,-1,-1,-1,-1,-1,-1,-1,0
Unvalidated,2024010501972,2024,010501972,1,3,0,99,9,9,99,9,9,99,9,99,1,1,6,1,34,6,-1,-1,-1,-1,2,1,E01004287,0
Unvalidated,2024010501972,2024,010501972,2,9,0,99,9,9,99,9,9,99,9,99,1,9,6,3,-1,-1,-1,-1,-1,-1,-1,-1,-1,0
Unvalidated,2024010501975,2024,010501975,1,5,0,18,3,7,0,1,0,0,0,0,1,1,6,2,60,9,-1,-1,-1,-1,2,1,E01015931,0
Unvalidated,2024010501975,2024,010501975,2,8,0,9,7,4,0,8,0,0,0,0,4,1,6,1,48,8,-1,-1,-1,-1,5,1,E01003741,0
Unvalidated,2024010501977,2024,010501977,1,9,0,5,5,1,0,1,0,10,0,0,0,1,6,2,31,6,-1,-1,-1,-1,4,1,E01000616,0
Unvalidated,2024010501978,2024,010501978,1,1,9,99,9,9,99,9,9,99,9,99,2,1,2,1,31,6,-1,-1,-1,-1,2,1,E01033488,0
Unvalidated,2024010501978,2024,010501978,2,9,0,99,9,9,99,9,9,99,9,99,9,9,6,1,66,10,-1,-1,-1,-1,2,1,E01001912,0
Unvalidated,2024010501979,2024,010501979,1,9,0,99,9,9,99,9,9,99,9,99,9,9,6,2,44,7,-1,-1,-1,-1,3,1,E01012287,0
Unvalidated,2024010501980,2024,010501980,1,4,0,18,5,1,0,1,0,0,0,0,4,1,3,2,41,7,-1,-1,-1,-1,3,1,E01003214,0
Unvalidated,2024010501980,2024,010501980,2,9,0,9,7,4,0,6,0,0,0,0,1,1,1,1,52,8,-1,-1,-1,-1,2,1,E01003305,0
Unvalidated,2024010501984,2024,010501984,1,9,0,99,9,9,99,9,9,99,9,99,2,9,6,1,41,7,-1,-1,-1,-1,4,1,E01003031,0
Unvalidated,2024010501984,2024,010501984,2,9,0,99,9,9,99,9,9,99,9,99,1,9,6,3,-1,-1,-1,-1,-1,-1,3,1,E01001111,0
Unvalidated,2024010501986,2024,010501986,1,9,0,1,4,2,0,2,0,0,0,0,2,1,6,3,-1,-1,-1,-1,-1,-1,-1,-1,-1,0
Unvalidated,2024010501988,2024,010501988,1,9,0,3,1,5,0,8,0,0,0,0,1,1,6,2,84,11,-1,-1,-1,-1,9,1,E01030559,0
Unvalidated,2024010501990,2024,010501990,1,19,0,7,3,5,0,8,0,0,0,0,4,1,1,1,20,4,-1,-1,-1,-1,3,1,E01000635,0
Unvalidated,2024010501990,2024,010501990,2,3,3,18,3,7,0,1,1,0,0,0,4,1,6,1,18,4,-1,-1,-1,-1,5,1,E01000505,0
Unvalidated,2024010501992,2024,010501992,1,9,0,99,9,9,99,9,9,99,9,99,9,9,2,2,59,9,-1,-1,-1,-1,8,1,E01004502,0
Unvalidated,2024010501992,2024,010501992,2,98,9,99,9,9,99,9,9,99,9,99,9,9,6,3,-1,-1,-1,-1,-1,-1,9,3,E01022061,0
Unvalidated,2024010501994,2024,010501994,1,11,0,18,3,7,0,9,0,0,0,0,1,1,6,1,46,8,-1,-1,-1,-1,3,1,E01000108,0
Unvalidated,2024010501995,2024,010501995,1,3,0,99,9,9,99,9,9,99,9,99,9,1,1,1,55,8,-1,-1,-1,-1,9,1,E01015982,0
Unvalidated,2024010501995,2024,010501995,2,9,9,99,9,9,99,9,9,99,9,99,9,9,6,3,-1,-1,-1,-1,-1,-1,-1,-1,-1,0
Unvalidated,2024010501997,2024,010501997,1,1,9,99,9,9,99,1,9,99,9,99,9,1,2,1,42,7,-1,-1,-1,-1,5,1,E01004644,0
Unvalidated,2024010501997,2024,010501997,2,19,0,99,9,9,99,5,9,99,9,99,9,9,6,1,36,7,-1,-1,-1,-1,9,1,E01030366,0
Unvalidated,2024010502001,2024,010502001,1,9,0,18,5,1,0,8,0,0,0,0,1,1,6,1,57,9,-1,-1,-1,-1,6,1,E01000585,0
Unvalidated,2024010502007,2024,010502007,1,19,0,99,9,9,99,0,9,99,9,99,3,9,1,1,58,9,-1,-1,-1,-1,3,1,E01001789,0
Unvalidated,2024010502008,2024,010502008,1,19,0,10,4,3,0,8,0,0,0,0,3,1,1,1,62,9,-1,-1,-1,-1,7,1,E01021093,0
Unvalidated,2024010502008,2024,010502008,2,4,0,13,4,8,0,1,0,0,0,0,1,1,6,1,43,7,-1,-1,-1,-1,7,1,E01004175,0
Unvalidated,2024010502012,2024,010502012,1,1,9,99,9,9,99,9,9,99,9,99,1,1,6,1,55,8,-1,-1,-1,-1,4,1,E01004234,0
Unvalidated,2024010502012,2024,010502012,2,9,0,99,9,9,99,9,9,99,9,99,1,9,6,1,57,9,-1,-1,-1,-1,4,1,E01002779,0
Unvalidated,2024010502017,2024,010502017,1,90,0,99,9,9,99,0,9,99,9,99,9,1,6,3,-1,-1,-1,-1,-1,-1,-1,-1,-1,0
Unvalidated,2024010502026,2024,010502026,1,9,0,99,9,9,99,0,9,99,9,99,2,9,2,2,22,5,-1,-1,-1,-1,10,1,E01030511,0
Unvalidated,2024010502026,2024,010502026,2,98,0,99,9,9,99,0,9,99,9,99,2,9,6,3,-1,-1,-1,-1,-1,-1,-1,-1,-1,0
Unvalidated,2024010502033,2024,010502033,1,5,0,5,7,3,0,2,0,0,0,0,1,1,2,1,60,9,-1,-1,-1,-1,8,1,E01002925,0
Unvalidated,2024010502033,2024,010502033,2,9,0,6,3,3,0,2,0,0,0,0,3,2,2,1,31,6,-1,-1,-1,-1,7,1,E01015955,0
Unvalidated,2024010502034,2024,010502034,1,1,9,99,9,9,4,9,9,99,9,99,4,1,2,1,45,7,-1,-1,-1,-1,8,1,E01003422,0
Unvalidated,2024010502034,2024,010502034,2,19,0,99,9,9,99,5,9,99,9,99,4,9,6,3,42,7,-1,-1,-1,-1,6,1,E01001073,0
Unvalidated,2024010502038,2024,010502038,1,1,9,99,9,9,99,1,9,99,9,99,9,1,2,1,34,6,-1,-1,-1,-1,5,1,E01001354,0
Unvalidated,2024010502038,2024,010502038,2,9,0,99,9,9,99,5,9,99,9,99,9,9,6,3,-1,-1,-1,-1,-1,-1,-1,-1,-1,0
Unvalidated,2024010502039,2024,010502039,1,11,0,3,1,5,0,1,0,0,0,0,0,1,1,1,54,8,-1,-1,-1,-1,7,1,E01000309,0
Unvalidated,2024010502041,2024,010502041,1,3,0,99,9,9,99,9,9,99,9,99,2,1,6,1,26,6,-1,-1,-1,-1,8,1,E01002132,0
Unvalidated,2024010502041,2024,010502041,2,19,0,99,9,9,99,9,9,99,9,99,1,9,6,3,26,6,-1,-1,-1,-1,5,1,E01003435,0
Unvalidated,2024010502047,2024,010502047,1,9,0,18,4,8,0,8,0,0,0,0,1,1,3,2,46,8,-1,-1,-1,-1,9,1,E01004032,0
Unvalidated,2024010502048,2024,010502048,1,97,0,18,7,3,0,0,0,0,0,0,1,1,6,3,-1,-1,-1,-1,-1,-1,-1,-1,-1,0
Unvalidated,2024010502053,2024,010502053,1,3,0,99,9,9,99,9,9,99,9,99,9,1,1,1,-1,-1,-1,-1,-1,-1,4,1,E01004697,0
Unvalidated,2024010502053,2024,010502053,2,9,0,99,9,9,99,9,9,99,9,99,1,9,6,3,-1,-1,-1,-1,-1,-1,-1,-1,-1,0
Unvalidated,2024010502055,2024,010502055,1,5,0,17,5,1,0,0,0,0,0,0,1,1,1,1,33,6,-1,-1,-1,-1,3,1,E01000915,0
Unvalidated,2024010502056,2024,010502056,1,1,9,99,9,9,99,9,9,99,9,99,9,1,2,1,26,6,-1,-1,-1,-1,6,1,E01004534,0
Unvalidated,2024010502056,2024,010502056,2,9,0,99,9,9,99,9,9,99,9,99,1,9,6,2,-1,-1,-1,-1,-1,-1,-1,-1,-1,0
Unvalidated,2024010502073,2024,010502073,1,1,9,99,9,9,99,9,9,99,9,99,0,1,2,1,32,6,-1,-1,-1,-1,6,1,E01004731,0
Unvalidated,2024010502073,2024,010502073,2,8,0,99,9,9,99,9,9,99,9,99,9,9,6,3,-1,-1,-1,-1,-1,-1,-1,-1,-1,0
Unvalidated,2024010502077,2024,010502077,1,97,0,18,3,7,0,1,0,0,0,0,1,1,6,1,46,8,-1,-1,-1,-1,2,1,E01000100,0
Unvalidated,2024010502078,2024,010502078,1,9,0,18,7,3,0,0,0,0,0,0,3,1,6,1,31,6,-1,-1,-1,-1,3,1,E01003581,0
Unvalidated,2024010502078,2024,010502078,2,9,0,12,7,3,0,0,1,0,0,0,4,1,6,3,34,6,-1,-1,-1,-1,-1,-1,-1,0
Unvalidated,2024010502079,2024,010502079,1,3,0,13,1,5,0,8,0,0,0,0,4,1,6,1,19,4,-1,-1,-1,-1,3,1,E01003728,0
Unvalidated,2024010502079,2024,010502079,2,9,0,9,1,6,0,8,0,0,0,0,1,1,1,1,48,8,-1,-1,-1,-1,7,1,E01003696,0
Unvalidated,2024010502081,2024,010502081,1,97,0,18,1,5,9,0,0,10,0,0,1,1,6,3,-1,-1,-1,-1,-1,-1,-1,-1,-1,0
Unvalidated,2024010502088,2024,010502088,1,1,9,99,9,9,99,9,9,8,9,99,9,1,2,1,50,8,-1,-1,-1,-1,7,1,E01003476,0
Unvalidated,2024010502088,2024,010502088,2,9,0,99,9,9,99,9,9,99,9,99,9,9,6,2,45,7,-1,-1,-1,-1,3,1,E01004645,0
Unvalidated,2024010502092,2024,010502092,1,90,0,18,3,7,99,9,0,12,9,99,9,1,6,3,-1,-1,-1,-1,-1,-1,-1,-1,-1,1
Unvalidated,2024010502107,2024,010502107,1,9,0,7,5,7,0,6,0,0,0,0,1,1,6,1,24,5,-1,-1,-1,-1,5,1,E01002501,0
Unvalidated,2024010502107,2024,010502107,2,3,0,7,5,7,0,6,0,0,0,0,2,1,6,1,42,7,-1,-1,-1,-1,1,1,E01000596,0
Unvalidated,2024010502110,2024,010502110,1,9,0,11,7,3,0,0,0,0,0,0,2,1,6,1,22,5,-1,-1,-1,-1,2,1,E01004267,0
Unvalidated,2024010502110,2024,010502110,2,3,0,13,7,3,0,0,0,0,0,0,1,1,6,1,31,6,-1,-1,-1,-1,-1,-1,-1,0
Unvalidated,2024010502112,2024,010502112,1,1,0,4,1,5,0,1,0,0,0,0,1,1,6,1,26,6,-1,-1,-1,-1,4,1,E01004484,0
Unvalidated,2024010502112,2024,010502112,2,8,0,9,5,2,0,1,0,0,0,0,1,1,1,1,45,7,-1,-1,-1,-1,2,1,E01009058,0
Unvalidated,2024010502113,2024,010502113,1,9,0,18,5,1,0,1,0,0,0,0,4,1,2,1,27,6,-1,-1,-1,-1,2,1,E01001082,0
Unvalidated,2024010502116,2024,010502116,1,9,0,99,9,9,99,0,9,99,9,99,2,9,6,1,21,5,-1,-1,-1,-1,6,1,E01000513,0
Unvalidated,2024010502116,2024,010502116,2,9,0,18,7,3,0,0,9,99,9,99,4,2,6,3,26,6,-1,-1,-1,-1,4,1,E01000316,0
Unvalidated,2024010502116,2024,010502116,3,9,0,18,7,3,0,0,9,99,9,99,1,2,6,1,59,9,-1,-1,-1,-1,9,1,E01033022,0
Unvalidated,2024010502118,2024,010502118,1,3,0,18,7,3,0,8,0,0,0,0,1,1,6,1,20,4,-1,-1,-1,-1,-1,-1,-1,0
Unvalidated,2024010502122,2024,010502122,1,19,0,9,5,4,0,1,0,0,0,0,4,1,2,1,63,9,-1,-1,-1,-1,1,1,E01021703,0
Unvalidated,2024010502122,2024,010502122,2,4,0,18,5,1,0,1,0,0,0,0,1,1,2,1,61,9,-1,-1,-1,-1,3,1,E01002283,0
Unvalidated,2024010502124,2024,010502124,1,21,0,99,9,9,99,9,9,99,9,99,9,9,6,1,28,6,-1,-1,-1,-1,5,1,E01021492,0
Unvalidated,2024010502127,2024,010502127,1,9,0,18,3,7,9,0,0,0,1,4,1,1,6,1,38,7,-1,-1,-1,-1,4,1,E01003722,0
Unvalidated,2024010502131,2024,010502131,1,9,0,99,9,9,99,9,9,99,9,99,9,9,6,3,45,7,-1,-1,-1,-1,5,1,E01000519,0
Unvalidated,2024010502134,2024,010502134,1,9,0,9,5,4,0,5,0,0,0,0,1,1,6,2,35,6,-1,-1,-1,-1,2,1,E01001696,0
Unvalidated,2024010502134,2024,010502134,2,4,0,15,5,1,2,8,0,0,0,0,1,1,6,1,23,5,-1,-1,-1,-1,2,1,E01000386,0
Unvalidated,2024010502135,2024,010502135,1,4,0,18,3,7,0,2,0,0,0,0,1,1,2,1,50,8,-1,-1,-1,-1,3,1,E01001156,0
Unvalidated,2024010502135,2024,010502135,2,9,0,18,3,7,0,2,0,0,0,0,3,1,2,1,45,7,-1,-1,-1,-1,3,1,E01003352,0
Unvalidated,2024010502136,2024,010502136,1,3,0,13,9,9,99,9,9,99,9,99,1,1,2,1,30,6,-1,-1,-1,-1,3,1,E01004397,0
Unvalidated,2024010502136,2024,010502136,2,9,0,12,9,9,99,9,9,99,9,99,1,9,6,3,-1,-1,-1,-1,-1,-1,-1,-1,-1,0
Unvalidated,2024010502153,2024,010502153,1,9,0,5,7,3,0,8,1,0,0,0,1,1,6,2,60,9,-1,-1,-1,-1,9,1,E01002995,0
Unvalidated,2024010502153,2024,010502153,2,9,0,17,1,5,0,1,1,0,0,0,4,1,6,1,49,8,-1,-1,-1,-1,6,1,E01002919,0
Unvalidated,2024010502158,2024,010502158,1,19,0,7,5,8,0,1,0,0,0,0,4,1,1,1,36,7,-1,-1,-1,-1,10,1,E01000463,0
Unvalidated,2024010502158,2024,010502158,2,1,0,18,5,1,0,1,0,0,0,0,4,1,2,2,45,7,-1,-1,-1,-1,6,1,E01003227,0
Unvalidated,2024010502162,2024,010502162,1,3,0,99,9,9,99,9,9,99,9,99,9,1,1,3,31,6,-1,-1,-1,-1,4,1,E01001686,0
Unvalidated,2024010502162,2024,010502162,2,9,9,99,9,9,99,9,9,99,9,99,9,9,6,3,-1,-1,-1,-1,-1,-1,-1,-1,-1,0
Unvalidated,2024010502164,2024,010502164,1,9,0,17,1,6,0,0,5,4,0,0,1,1,6,1,59,9,-1,-1,-1,-1,5,1,E01023542,0
Unvalidated,2024010502164,2024,010502164,2,9,0,2,0,0,0,0,0,0,0,0,1,1,6,3,-1,-1,-1,-1,-1,-1,-1,-1,-1,0
Unvalidated,2024010502164,2024,010502164,3,9,0,2,0,0,0,0,0,0,0,0,4,1,6,3,-1,-1,-1,-1,-1,-1,-1,-1,-1,0
Unvalidated,2024010502165,2024,010502165,1,19,0,9,5,3,0,2,0,0,0,0,1,2,1,1,32,6,-1,-1,-1,-1,7,1,E01001996,0
Unvalidated,2024010502178,2024,010502178,1,5,0,99,9,9,99,0,9,99,9,99,1,1,2,1,50,8,-1,-1,-1,-1,6,1,E01004108,0
Unvalidated,2024010502178,2024,010502178,2,9,0,99,9,9,99,0,9,99,9,99,1,9,6,3,41,7,-1,-1,-1,-1,6,1,E01004107,0
Unvalidated,2024010502181,2024,010502181,1,4,0,99,9,9,99,9,9,99,9,99,1,1,2,1,25,5,-1,-1,-1,-1,4,1,E01000503,0
Unvalidated,2024010502181,2024,010502181,2,19,0,99,9,9,99,9,9,99,9,99,2,9,6,3,-1,-1,-1,-1,-1,-1,-1,-1,-1,0
Unvalidated,2024010502183,2024,010502183,1,9,0,9,3,2,0,6,0,0,0,0,1,1,6,2,64,9,-1,-1,-1,-1,8,1,E01001100,0
Unvalidated,2024010502185,2024,010502185,1,4,0,18,5,1,0,0,0,0,0,0,4,1,2,1,61,9,-1,-1,-1,-1,8,1,E01024845,0
Unvalidated,2024010502188,2024,010502188,1,9,0,18,5,1,0,0,5,4,7,0,4,1,6,1,15,3,-1,-1,-1,-1,2,1,E01001485,0
Unvalidated,2024010502188,2024,010502188,2,9,0,2,0,0,0,0,0,0,0,0,3,1,6,3,-1,-1,-1,-1,-1,-1,-1,-1,-1,0
Unvalidated,2024010502188,2024,010502188,3,9,0,2,0,0,0,0,0,0,0,0,1,1,6,3,-1,-1,-1,-1,-1,-1,-1,-1,-1,0
Unvalidated,2024010502190,2024,010502190,1,19,0,7,3,5,0,1,0,0,0,0,1,1,6,1,34,6,-1,-1,-1,-1,4,1,E01003718,0
Unvalidated,2024010502190,2024,010502190,2,1,0,18,3,7,4,1,0,0,0,0,1,1,1,1,25,5,-1,-1,-1,-1,9,1,E01004607,0
Unvalidated,2024010502191,2024,010502191,1,3,0,99,9,9,99,9,9,99,9,99,9,1,1,1,30,6,-1,-1,-1,-1,2,1,E01000021,0
Unvalidated,2024010502191,2024,010502191,2,9,0,99,9,9,99,9,9,99,9,99,1,9,6,1,21,5,-1,-1,-1,-1,2,1,E01000958,0
Unvalidated,2024010502196,2024,010502196,1,3,0,99,9,9,99,9,9,99,9,99,1,1,1,1,22,5,-1,-1,-1,-1,3,1,E01000644,0
Unvalidated,2024010502196,2024,010502196,2,9,0,99,9,9,99,9,9,99,9,99,1,9,6,3,-1,-1,-1,-1,-1,-1,-1,-1,-1,0
Unvalidated,2024010502197,2024,010502197,1,9,0,18,1,5,0,8,0,0,0,0,3,1,1,2,37,7,-1,-1,-1,-1,4,1,E01033572,0
Unvalidated,2024010502197,2024,010502197,2,9,0,18,7,3,0,8,0,0,0,0,3,1,6,2,71,10,-1,-1,-1,-1,8,1,E01002178,0
Unvalidated,2024010502205,2024,010502205,1,3,0,99,9,9,99,9,9,99,9,99,1,1,1,1,25,5,-1,-1,-1,-1,3,1,E01000610,0
Unvalidated,2024010502205,2024,010502205,2,19,0,99,9,9,99,9,9,99,9,99,2,9,6,3,-1,-1,-1,-1,-1,-1,-1,-1,-1,0
Unvalidated,2024010502211,2024,010502211,1,1,9,99,9,9,99,9,9,99,9,99,9,9,6,3,-1,-1,-1,-1,-1,-1,-1,-1,-1,0
Unvalidated,2024010502213,2024,010502213,1,9,0,5,5,1,0,4,0,0,0,0,1,1,1,2,47,8,-1,-1,-1,-1,2,1,E01001911,0
Unvalidated,2024010502213,2024,010502213,2,9,0,5,5,1,0,4,0,0,0,0,1,1,6,2,53,8,-1,-1,-1,-1,10,1,E01000325,0
Unvalidated,2024010502213,2024,010502213,3,9,0,5,5,1,0,4,0,0,0,0,1,1,6,1,63,9,-1,-1,-1,-1,-1,-1,-1,0
Unvalidated,2024010502214,2024,010502214,1,9,0,99,9,9,99,9,9,99,9,99,2,9,6,1,57,9,-1,-1,-1,-1,4,1,E01001165,0
Unvalidated,2024010502214,2024,010502214,2,9,0,99,9,9,99,9,9,99,9,99,1,9,6,3,-1,-1,-1,-1,-1,-1,-1,-1,-1,0
Unvalidated,2024010502232,2024,010502232,1,19,0,7,5,8,0,1,0,0,0,0,1,1,1,1,40,7,-1,-1,-1,-1,2,1,E01004287,0
Unvalidated,2024010502232,2024,010502232,2,1,0,5,5,1,0,1,0,0,0,0,3,1,2,1,30,6,-1,-1,-1,-1,5,1,E01001718,0
Unvalidated,2024010502236,2024,010502236,1,4,0,99,9,9,99,0,9,99,9,99,1,1,2,1,25,5,-1,-1,-1,-1,1,1,E01002755,0
Unvalidated,2024010502236,2024,010502236,2,90,9,99,9,9,99,0,9,99,9,99,9,9,6,3,-1,-1,-1,-1,-1,-1,-1,-1,-1,0
Unvalidated,2024010502242,2024,010502242,1,5,0,5,5,1,0,6,0,4,0,0,4,1,6,1,45,7,-1,-1,-1,-1,-1,-1,-1,0
Unvalidated,2024010502242,2024,010502242,2,9,0,5,5,1,0,5,0,0,0,0,1,1,6,1,37,7,-1,-1,-1,-1,3,1,E01000915,0
Unvalidated,2024010502245,2024,010502245,1,9,0,18,1,5,0,7,0,12,0,0,9,9,6,1,20,4,-1,-1,-1,-1,7,1,E01000147,0
Unvalidated,2024010502247,2024,010502247,1,97,0,99,9,9,99,9,9,99,9,99,1,1,6,3,-1,-1,-1,-1,-1,-1,-1,-1,-1,0
Unvalidated,2024010502251,2024,010502251,1,19,0,3,5,1,0,8,0,0,0,0,2,1,1,1,32,6,-1,-1,-1,-1,8,1,E01030893,0
Unvalidated,2024010502251,2024,010502251,2,19,0,3,5,1,0,8,0,0,0,0,2,1,6,1,30,6,-1,-1,-1,-1,-1,-1,-1,0
Unvalidated,2024010502251,2024,010502251,3,19,0,18,5,1,0,8,0,4,0,0,2,1,6,1,24,5,-1,-1,-1,-1,2,1,E01000990,0
Unvalidated,2024010502258,2024,010502258,1,3,0,2,9,9,99,9,9,99,9,99,1,1,1,3,24,5,-1,-1,-1,-1,2,1,E01000533,0
Unvalidated,2024010502258,2024,010502258,2,9,0,1,9,9,99,9,9,99,9,99,2,9,6,3,-1,-1,-1,-1,-1,-1,-1,-1,-1,0
Unvalidated,2024010502259,2024,010502259,1,9,0,3,1,5,0,1,0,0,0,0,2,1,6,1,59,9,-1,-1,-1,-1,5,1,E01000975,0
Unvalidated,2024010502259,2024,010502259,2,9,0,5,1,5,0,1,0,0,0,0,1,1,6,1,22,5,-1,-1,-1,-1,2,1,E01033327,0
Unvalidated,2024010502272,2024,010502272,1,9,0,7,5,8,0,8,0,0,0,0,4,1,6,1,61,9,-1,-1,-1,-1,7,1,E01002569,0
Unvalidated,2024010502272,2024,010502272,2,3,0,9,7,6,0,8,0,0,0,0,1,1,6,1,23,5,-1,-1,-1,-1,5,1,E01001863,0
Unvalidated,2024010502273,2024,010502273,1,9,0,1,7,3,0,0,0,0,0,0,3,1,6,1,48,8,-1,-1,-1,-1,4,1,E01032777,0
Unvalidated,2024010502273,2024,010502273,2,1,0,18,3,7,0,0,0,0,0,0,1,1,6,1,26,6,-1,-1,-1,-1,-1,-1,-1,0
Unvalidated,2024010502274,2024,010502274,1,9,0,4,5,1,0,0,0,0,0,0,2,1,6,1,27,6,-1,-1,-1,-1,5,1,E01016503,0
Unvalidated,2024010502274,2024,010502274,2,9,0,18,5,1,0,0,0,0,0,0,1,1,6,2,38,7,-1,-1,-1,-1,3,1,E01000148,0
Unvalidated,2024010502274,2024,010502274,3,9,0,4,5,1,0,0,0,0,0,0,2,1,6,1,38,7,-1,-1,-1,-1,2,1,E01024128,0
Unvalidated,2024010502275,2024,010502275,1,9,0,9,5,3,0,6,0,0,0,0,3,1,6,1,55,8,-1,-1,-1,-1,3,1,E01002403,0
Unvalidated,2024010502275,2024,010502275,2,9,0,18,3,7,0,1,0,0,0,0,1,1,6,1,20,4,-1,-1,-1,-1,9,1,E01002509,0
Unvalidated,2024010502278,2024,010502278,1,90,0,99,9,9,99,9,9,99,9,99,1,9,2,1,27,6,-1,-1,-1,-1,10,2,E01023949,0