status,collision_index,collision_year,collision_reference,vehicle_reference,vehicle_type,towing_and_articulation,vehicle_manoeuvre,vehicle_direction_from,vehicle_direction_to,vehicle_location_restricted_lane,junction_location,skidding_and_overturning,hit_object_in_carriageway,vehicle_leaving_carriageway,hit_object_off_carriageway,first_point_of_impact,vehicle_left_hand_drive,journey_purpose_of_driver,sex_of_driver,age_of_driver,age_band_of_driver,engine_capacity_cc,propulsion_code,age_of_vehicle,generic_make_model,driver_imd_decile,driver_home_area_type,lsoa_of_driver,escooter_flag
Unvalidated,2024010502278,2024,010502278,2,9,0,99,9,9,99,9,9,99,9,99,1,9,6,3,-1,-1,-1,-1,-1,-1,-1,-1,-1,0
Unvalidated,2024010502281,2024,010502281,1,9,0,18,5,1,0,1,0,0,0,0,1,1,6,1,74,10,-1,-1,-1,-1,6,1,E01002630,0
Unvalidated,2024010502282,2024,010502282,1,3,0,18,7,3,0,1,0,0,0,0,2,1,6,2,54,8,-1,-1,-1,-1,2,1,E01001079,0
Unvalidated,2024010502282,2024,010502282,2,9,0,18,7,3,0,8,0,4,0,0,1,1,6,3,-1,-1,-1,-1,-1,-1,-1,-1,-1,0
Unvalidated,2024010502287,2024,010502287,1,9,0,3,7,3,0,8,0,0,0,0,1,1,6,1,29,6,-1,-1,-1,-1,3,1,E01027340,0
Unvalidated,2024010502287,2024,010502287,2,9,0,7,7,2,0,8,0,0,0,0,2,1,6,2,42,7,-1,-1,-1,-1,5,1,E01002635,0
Unvalidated,2024010502287,2024,010502287,3,9,0,3,7,3,0,8,0,0,0,0,2,1,6,1,43,7,-1,-1,-1,-1,3,1,E01002645,0
Unvalidated,2024010502290,2024,010502290,1,1,9,99,9,9,99,9,9,99,9,99,1,1,2,2,19,4,-1,-1,-1,-1,3,1,E01002731,0
Unvalidated,2024010502290,2024,010502290,2,9,0,99,9,9,99,9,9,99,9,99,9,9,6,3,-1,-1,-1,-1,-1,-1,-1,-1,-1,0
Unvalidated,2024010502293,2024,010502293,1,9,0,6,3,3,0,0,0,0,0,0,1,1,6,1,38,7,-1,-1,-1,-1,3,1,E01002627,0
Unvalidated,2024010502294,2024,010502294,1,5,0,18,1,5,0,8,5,0,0,0,1,1,6,1,56,9,-1,-1,-1,-1,10,1,E01016260,0
Unvalidated,2024010502294,2024,010502294,2,9,0,9,5,3,0,8,0,0,0,0,1,1,6,1,26,6,-1,-1,-1,-1,2,1,E01003943,0
Unvalidated,2024010502302,2024,010502302,1,9,0,99,9,9,99,9,9,99,9,99,1,9,6,1,22,5,-1,-1,-1,-1,9,1,E01002415,0
Unvalidated,2024010502302,2024,010502302,2,9,0,99,9,9,99,9,9,99,9,99,9,9,6,3,-1,-1,-1,-1,-1,-1,-1,-1,-1,0
Unvalidated,2024010502304,2024,010502304,1,9,0,5,3,7,0,4,0,0,0,0,4,1,6,1,26,6,-1,-1,-1,-1,-1,-1,-1,0
Unvalidated,2024010502304,2024,010502304,2,9,0,5,1,5,0,4,0,0,0,0,1,1,6,1,43,7,-1,-1,-1,-1,-1,-1,-1,0
Unvalidated,2024010502308,2024,010502308,1,9,0,16,7,3,0,0,0,4,0,0,1,1,6,1,44,7,-1,-1,-1,-1,4,1,E01001711,0
Unvalidated,2024010502308,2024,010502308,2,9,0,2,0,0,0,0,0,0,0,0,2,1,6,3,-1,-1,-1,-1,-1,-1,-1,-1,-1,0
Unvalidated,2024010502313,2024,010502313,1,3,0,18,7,3,0,1,0,4,0,0,1,1,6,1,33,6,-1,-1,-1,-1,4,1,E01002101,0
Unvalidated,2024010502313,2024,010502313,2,9,0,9,1,8,0,8,0,0,0,0,3,1,6,2,43,7,-1,-1,-1,-1,4,1,E01000558,0
Unvalidated,2024010502313,2024,010502313,3,9,0,2,0,0,0,2,0,0,0,0,2,1,6,3,-1,-1,-1,-1,-1,-1,-1,-1,-1,0
Unvalidated,2024010502315,2024,010502315,1,3,0,18,7,3,0,1,5,11,0,0,1,1,6,1,17,4,-1,-1,-1,-1,7,1,E01001231,0
Unvalidated,2024010502316,2024,010502316,1,3,0,18,5,1,0,1,5,0,0,0,4,1,6,1,27,6,-1,-1,-1,-1,4,1,E01004526,0
Unvalidated,2024010502316,2024,010502316,2,9,0,9,6,4,0,8,0,0,0,0,1,1,6,1,18,4,-1,-1,-1,-1,4,1,E01004495,0
Unvalidated,2024010502317,2024,010502317,1,9,0,16,5,1,0,4,0,0,0,0,1,1,2,1,66,10,-1,-1,-1,-1,3,1,E01001089,0
Unvalidated,2024010502317,2024,010502317,2,1,0,18,1,5,0,4,0,0,0,0,2,1,2,1,35,6,-1,-1,-1,-1,7,1,E01000993,0
Unvalidated,2024010502318,2024,010502318,1,3,0,5,0,2,0,2,0,0,0,0,1,1,1,1,29,6,-1,-1,-1,-1,3,1,E01000610,0
Unvalidated,2024010502318,2024,010502318,2,9,0,1,5,2,0,2,0,0,0,0,2,1,6,2,73,10,-1,-1,-1,-1,7,1,E01000536,0
Unvalidated,2024010502327,2024,010502327,1,19,0,18,5,1,0,0,0,0,0,0,4,1,2,1,35,6,-1,-1,-1,-1,-1,-1,-1,0
Unvalidated,2024010502333,2024,010502333,1,9,0,99,9,9,99,9,9,99,9,99,9,9,2,1,48,8,-1,-1,-1,-1,3,1,E01002403,0
Unvalidated,2024010502333,2024,010502333,2,9,0,99,9,9,99,9,9,99,9,99,1,9,6,3,-1,-1,-1,-1,-1,-1,3,1,E01002401,0
Unvalidated,2024010502341,2024,010502341,1,19,0,9,1,6,0,6,0,0,0,0,1,1,2,1,49,8,-1,-1,-1,-1,4,1,E01017902,0
Unvalidated,2024010502341,2024,010502341,2,1,0,9,1,6,0,6,0,0,0,0,3,1,6,2,27,6,-1,-1,-1,-1,5,1,E01000589,0
Unvalidated,2024010502347,2024,010502347,1,3,0,99,9,9,99,9,9,99,9,99,2,1,1,1,26,6,-1,-1,-1,-1,7,1,E01003682,0
Unvalidated,2024010502347,2024,010502347,2,9,0,99,9,9,99,9,9,99,9,99,1,9,6,3,-1,-1,-1,-1,-1,-1,9,2,E01027053,0
Unvalidated,2024010502353,2024,010502353,1,1,9,99,9,9,99,9,9,99,9,99,9,1,6,1,53,8,-1,-1,-1,-1,2,1,E01001667,0
Unvalidated,2024010502353,2024,010502353,2,9,0,99,9,9,99,9,9,99,9,99,1,9,6,3,-1,-1,-1,-1,-1,-1,1,1,E01003207,0
Unvalidated,2024010502354,2024,010502354,1,9,0,4,7,3,0,1,0,0,0,0,2,1,6,2,52,8,-1,-1,-1,-1,5,1,E01023342,0
Unvalidated,2024010502354,2024,010502354,2,9,0,4,7,3,0,1,0,0,0,0,1,1,6,2,33,6,-1,-1,-1,-1,1,1,E01004309,0
Unvalidated,2024010502354,2024,010502354,3,9,0,18,7,3,0,1,0,0,0,0,1,1,6,1,32,6,-1,-1,-1,-1,2,1,E01004271,0
Unvalidated,2024010502361,2024,010502361,1,9,0,99,9,9,99,9,9,99,9,99,2,9,6,2,54,8,-1,-1,-1,-1,4,1,E01000558,0
Unvalidated,2024010502361,2024,010502361,2,9,0,99,9,9,99,9,9,99,9,99,9,9,6,3,-1,-1,-1,-1,-1,-1,-1,-1,-1,0
Unvalidated,2024010502364,2024,010502364,1,9,0,18,1,5,0,0,0,4,0,0,4,1,6,1,33,6,-1,-1,-1,-1,1,1,E01003052,0
Unvalidated,2024010502364,2024,010502364,2,9,0,2,0,0,0,0,0,0,0,0,4,1,6,3,-1,-1,-1,-1,-1,-1,-1,-1,-1,0
Unvalidated,2024010502364,2024,010502364,3,9,0,2,0,0,0,0,0,0,0,0,3,1,6,3,-1,-1,-1,-1,-1,-1,-1,-1,-1,0
Unvalidated,2024010502364,2024,010502364,4,9,0,2,0,0,0,0,0,0,0,0,2,1,6,3,-1,-1,-1,-1,-1,-1,-1,-1,-1,0
Unvalidated,2024010502364,2024,010502364,5,9,0,2,0,0,0,0,0,0,0,0,0,1,6,3,-1,-1,-1,-1,-1,-1,-1,-1,-1,0
Unvalidated,2024010502365,2024,010502365,1,9,0,3,7,3,0,1,0,0,0,0,0,1,6,1,57,9,-1,-1,-1,-1,-1,-1,-1,0
Unvalidated,2024010502370,2024,010502370,1,3,0,99,9,9,99,9,9,99,9,99,2,1,1,1,21,5,-1,-1,-1,-1,6,1,E01000487,0
Unvalidated,2024010502370,2024,010502370,2,9,0,99,9,9,99,9,9,99,9,99,1,9,6,3,-1,-1,-1,-1,-1,-1,-1,-1,-1,0
Unvalidated,2024010502376,2024,010502376,1,9,0,99,9,9,99,9,9,99,9,99,1,9,6,1,-1,-1,-1,-1,-1,-1,-1,-1,-1,0
Unvalidated,2024010502379,2024,010502379,1,11,0,2,0,0,0,2,0,0,0,0,2,1,6,3,-1,-1,-1,-1,-1,-1,-1,-1,-1,0
Unvalidated,2024010502379,2024,010502379,2,9,0,18,6,2,0,1,0,4,0,0,1,1,6,2,77,11,-1,-1,-1,-1,6,1,E01004474,0
Unvalidated,2024010502384,2024,010502384,1,3,0,17,1,5,0,6,0,0,0,0,1,1,6,1,22,5,-1,-1,-1,-1,-1,-1,-1,0
Unvalidated,2024010502384,2024,010502384,2,20,0,9,5,3,0,2,0,0,0,0,3,1,6,1,27,6,-1,-1,-1,-1,4,1,E01003268,0
Unvalidated,2024010502386,2024,010502386,1,9,0,9,7,5,0,6,0,0,0,0,1,1,1,1,25,5,-1,-1,-1,-1,3,1,E01004426,0
Unvalidated,2024010502386,2024,010502386,2,4,0,18,5,1,0,1,0,0,0,0,4,1,6,1,54,8,-1,-1,-1,-1,4,1,E01003654,0
Unvalidated,2024010502387,2024,010502387,1,9,0,7,5,7,0,1,0,0,0,0,4,1,6,1,30,6,-1,-1,-1,-1,8,1,E01000985,0
Unvalidated,2024010502387,2024,010502387,2,3,0,15,5,1,2,1,0,0,0,0,1,1,6,1,46,8,-1,-1,-1,-1,-1,-1,-1,0
Unvalidated,2024010502396,2024,010502396,1,9,0,99,9,9,99,9,9,99,9,99,2,9,6,1,56,9,-1,-1,-1,-1,2,1,E01000527,0
Unvalidated,2024010502396,2024,010502396,2,97,0,99,9,9,99,9,9,99,9,99,2,9,6,3,-1,-1,-1,-1,-1,-1,-1,-1,-1,0
Unvalidated,2024010502400,2024,010502400,1,9,0,5,0,3,0,2,0,0,0,0,4,1,1,1,29,6,-1,-1,-1,-1,7,1,E01000135,0
Unvalidated,2024010502400,2024,010502400,2,4,0,18,3,7,0,8,0,0,0,0,1,1,6,2,31,6,-1,-1,-1,-1,2,1,E01000627,0
Unvalidated,2024010502402,2024,010502402,1,11,0,18,1,5,0,0,0,0,0,0,4,1,6,3,-1,-1,-1,-1,-1,-1,-1,-1,-1,0
Unvalidated,2024010502405,2024,010502405,1,9,0,99,9,9,99,9,9,99,9,99,4,9,6,2,52,8,-1,-1,-1,-1,5,1,E01002443,0
Unvalidated,2024010502408,2024,010502408,1,3,0,16,1,5,0,0,5,0,0,0,1,1,6,1,32,6,-1,-1,-1,-1,2,1,E01000959,0
Unvalidated,2024010502408,2024,010502408,2,9,0,17,5,1,0,0,0,0,0,0,1,1,6,1,21,5,-1,-1,-1,-1,5,1,E01017901,0
Unvalidated,2024010502411,2024,010502411,1,9,0,99,9,9,99,0,9,99,9,99,1,9,6,2,59,9,-1,-1,-1,-1,7,1,E01003709,0
Unvalidated,2024010502411,2024,010502411,2,11,0,99,9,9,99,0,9,99,9,99,9,9,6,3,-1,-1,-1,-1,-1,-1,-1,-1,-1,0
Unvalidated,2024010502421,2024,010502421,1,9,0,17,1,7,0,8,0,0,0,0,1,1,2,1,63,9,-1,-1,-1,-1,7,1,E01023098,0
Unvalidated,2024010502431,2024,010502431,1,8,0,3,1,5,0,4,0,0,0,0,2,1,6,1,57,9,-1,-1,-1,-1,2,1,E01003735,0
Unvalidated,2024010502431,2024,010502431,2,9,0,18,1,5,0,4,0,4,0,0,1,1,6,3,-1,-1,-1,-1,-1,-1,-1,-1,-1,0
Unvalidated,2024010502434,2024,010502434,1,9,0,10,4,1,0,0,0,0,0,0,3,1,6,1,25,5,-1,-1,-1,-1,9,1,E01030900,0
Unvalidated,2024010502434,2024,010502434,2,5,0,18,5,1,0,0,0,0,0,0,1,1,6,1,46,8,-1,-1,-1,-1,-1,-1,-1,0
Unvalidated,2024010502435,2024,010502435,1,9,0,99,9,9,99,9,9,99,9,99,1,9,6,3,36,7,-1,-1,-1,-1,5,1,E01024254,0
Unvalidated,2024010502436,2024,010502436,1,11,0,4,5,1,0,2,0,0,0,0,1,1,1,1,57,9,-1,-1,-1,-1,5,3,E01002344,0
Unvalidated,2024010502441,2024,010502441,1,11,0,4,3,7,0,1,0,0,0,0,1,1,1,1,51,8,-1,-1,-1,-1,4,1,E01004538,0
Unvalidated,2024010502441,2024,010502441,2,1,0,18,7,3,0,2,0,0,0,0,1,1,6,1,20,4,-1,-1,-1,-1,10,1,E01003474,0
Unvalidated,2024010502442,2024,010502442,1,2,0,14,5,1,0,0,0,0,0,0,1,1,6,3,-1,-1,-1,-1,-1,-1,-1,-1,-1,0
Unvalidated,2024010502443,2024,010502443,1,9,0,18,3,7,0,6,0,0,0,0,1,1,6,1,20,4,-1,-1,-1,-1,4,1,E01003767,0
Unvalidated,2024010502443,2024,010502443,2,9,0,2,0,0,0,1,0,0,0,0,1,1,6,3,-1,-1,-1,-1,-1,-1,-1,-1,-1,0
Unvalidated,2024010502443,2024,010502443,3,9,0,2,0,0,0,1,0,0,0,0,1,1,6,3,-1,-1,-1,-1,-1,-1,-1,-1,-1,0
Unvalidated,2024010502443,2024,010502443,4,9,0,18,7,3,0,6,0,0,0,0,1,1,6,2,23,5,-1,-1,-1,-1,2,1,E01000098,0
Unvalidated,2024010502443,2024,010502443,5,9,0,2,0,0,0,1,0,0,0,0,1,1,6,3,-1,-1,-1,-1,-1,-1,-1,-1,-1,0
Unvalidated,2024010502443,2024,010502443,6,9,0,2,0,0,0,1,0,0,0,0,1,1,6,3,-1,-1,-1,-1,-1,-1,-1,-1,-1,0
Unvalidated,2024010502444,2024,010502444,1,9,0,18,1,5,0,1,0,0,0,0,3,1,6,2,49,8,-1,-1,-1,-1,1,1,E01004541,0
Unvalidated,2024010502444,2024,010502444,2,9,0,7,3,5,0,2,0,0,0,0,1,1,6,2,57,9,-1,-1,-1,-1,2,1,E01004535,0
Unvalidated,2024010502449,2024,010502449,1,9,0,18,1,5,0,1,1,0,0,0,4,1,2,1,32,6,-1,-1,-1,-1,1,1,E01003511,0
Unvalidated,2024010502449,2024,010502449,2,9,0,18,1,5,0,2,2,0,0,0,1,1,6,1,24,5,-1,-1,-1,-1,-1,-1,-1,0
Unvalidated,2024010502453,2024,010502453,1,9,0,18,7,3,0,0,0,4,0,0,1,1,6,2,50,8,-1,-1,-1,-1,1,1,E01003535,0
Unvalidated,2024010502453,2024,010502453,2,9,0,2,0,0,0,0,0,0,0,0,2,1,6,3,-1,-1,-1,-1,-1,-1,-1,-1,-1,0
Unvalidated,2024010502455,2024,010502455,1,9,0,18,7,3,0,2,5,7,4,6,1,1,6,1,27,6,-1,-1,-1,-1,7,1,E01016162,0
Unvalidated,2024010502456,2024,010502456,1,9,0,18,5,1,0,2,0,0,0,0,1,1,6,3,-1,-1,-1,-1,-1,-1,-1,-1,-1,0
Unvalidated,2024010502456,2024,010502456,2,9,0,5,1,5,0,2,0,0,0,0,3,1,6,1,25,5,-1,-1,-1,-1,2,1,E01003194,0
Unvalidated,2024010502457,2024,010502457,1,8,0,9,2,7,0,6,0,0,0,0,1,1,1,1,49,8,-1,-1,-1,-1,4,1,E01000031,0
Unvalidated,2024010502457,2024,010502457,2,9,0,18,1,5,0,1,0,0,0,0,1,1,1,1,41,7,-1,-1,-1,-1,7,1,E01003456,0
Unvalidated,2024010502459,2024,010502459,1,9,0,13,1,5,0,1,0,0,0,0,1,1,6,2,55,8,-1,-1,-1,-1,2,1,E01001066,0
Unvalidated,2024010502459,2024,010502459,2,9,0,18,5,1,0,2,0,0,0,0,1,1,6,1,46,8,-1,-1,-1,-1,1,1,E01003188,0
Unvalidated,2024010502462,2024,010502462,1,9,0,9,7,4,0,8,0,0,0,0,4,1,6,1,54,8,-1,-1,-1,-1,1,1,E01003087,0
Unvalidated,2024010502462,2024,010502462,2,1,0,18,7,3,0,8,0,0,0,0,1,1,6,1,36,7,-1,-1,-1,-1,2,1,E01003037,0
Unvalidated,2024010502463,2024,010502463,1,9,0,9,5,3,0,2,0,11,0,0,1,1,6,1,62,9,-1,-1,-1,-1,3,1,E01000372,0
Unvalidated,2024010502464,2024,010502464,1,8,0,18,5,1,0,0,5,4,0,0,1,1,1,1,37,7,-1,-1,-1,-1,2,1,E01003991,0
Unvalidated,2024010502464,2024,010502464,2,9,0,2,0,0,0,0,0,0,0,0,3,1,6,3,-1,-1,-1,-1,-1,-1,-1,-1,-1,0
Unvalidated,2024010502464,2024,010502464,3,9,0,2,0,0,0,0,0,0,0,0,1,1,6,3,-1,-1,-1,-1,-1,-1,-1,-1,-1,0
Unvalidated,2024010502464,2024,010502464,4,9,0,2,0,0,0,0,0,0,0,0,1,1,6,3,-1,-1,-1,-1,-1,-1,-1,-1,-1,0
Unvalidated,2024010502468,2024,010502468,1,19,0,18,5,1,0,8,0,0,0,0,1,1,2,1,47,8,-1,-1,-1,-1,-1,-1,-1,0
Unvalidated,2024010502468,2024,010502468,2,1,0,16,7,1,0,8,0,0,0,0,1,1,6,2,50,8,-1,-1,-1,-1,5,1,E01000803,0
Unvalidated,2024010502473,2024,010502473,1,3,0,99,9,9,99,9,9,99,9,99,1,1,6,1,19,4,-1,-1,-1,-1,4,1,E01000475,0
Unvalidated,2024010502473,2024,010502473,2,9,0,99,9,9,99,9,9,99,9,99,0,9,6,3,-1,-1,-1,-1,-1,-1,-1,-1,-1,0
Unvalidated,2024010502476,2024,010502476,1,9,0,99,9,9,99,9,9,99,9,99,9,9,2,1,46,8,-1,-1,-1,-1,10,1,E01030789,0
Unvalidated,2024010502479,2024,010502479,1,1,9,99,9,9,99,9,9,99,9,99,9,1,6,1,28,6,-1,-1,-1,-1,3,1,E01003286,0
Unvalidated,2024010502479,2024,010502479,2,19,9,99,9,9,99,9,9,99,9,99,9,9,6,3,-1,-1,-1,-1,-1,-1,-1,-1,-1,0
Unvalidated,2024010502485,2024,010502485,1,9,0,99,9,9,99,9,9,99,9,99,2,9,6,2,62,9,-1,-1,-1,-1,10,1,E01023102,0
Unvalidated,2024010502485,2024,010502485,2,19,0,99,9,9,99,9,9,99,9,99,1,9,6,3,-1,-1,-1,-1,-1,-1,7,1,E01004162,0
Unvalidated,2024010502495,2024,010502495,1,1,9,99,9,9,99,1,9,99,9,99,1,1,6,1,35,6,-1,-1,-1,-1,-1,-1,-1,0
Unvalidated,2024010502495,2024,010502495,2,9,0,99,9,9,99,6,9,99,9,99,1,9,6,3,-1,-1,-1,-1,-1,-1,6,1,E01000244,0
Unvalidated,2024010502496,2024,010502496,1,11,0,14,3,7,0,0,0,0,0,0,0,1,1,1,37,7,-1,-1,-1,-1,4,1,E01002603,0
Unvalidated,2024010502497,2024,010502497,1,9,0,18,1,5,0,0,0,0,0,0,1,1,6,1,45,7,-1,-1,-1,-1,6,1,E01003752,0
Unvalidated,2024010502500,2024,010502500,1,11,0,18,5,1,0,8,0,0,0,0,4,1,1,1,57,9,-1,-1,-1,-1,-1,-1,-1,0
Unvalidated,2024010502500,2024,010502500,2,1,0,7,3,4,0,8,0,0,0,0,2,1,6,1,42,7,-1,-1,-1,-1,4,1,E01004254,0
Unvalidated,2024010502501,2024,010502501,1,9,0,99,9,9,99,9,9,99,9,99,9,9,6,3,-1,-1,-1,-1,-1,-1,2,1,E01004129,0
Unvalidated,2024010502506,2024,010502506,1,9,0,18,6,2,0,0,0,0,0,0,1,1,6,1,65,9,-1,-1,-1,-1,2,1,E01000533,0
Unvalidated,2024010502511,2024,010502511,1,9,0,99,9,9,99,9,9,99,9,99,2,9,1,1,37,7,-1,-1,-1,-1,6,1,E01004621,0
Unvalidated,2024010502511,2024,010502511,2,3,0,99,9,9,99,9,9,99,9,99,1,1,6,3,-1,-1,-1,-1,-1,-1,-1,-1,-1,0
Unvalidated,2024010502512,2024,010502512,1,1,9,99,9,9,99,1,9,99,9,99,9,1,2,2,26,6,-1,-1,-1,-1,5,1,E01001354,0
Unvalidated,2024010502512,2024,010502512,2,9,0,99,9,9,99,4,9,99,9,99,9,9,6,3,-1,-1,-1,-1,-1,-1,-1,-1,-1,0
Unvalidated,2024010502516,2024,010502516,1,9,0,18,4,8,0,8,0,0,0,0,4,1,6,1,29,6,-1,-1,-1,-1,5,1,E01001973,0
Unvalidated,2024010502517,2024,010502517,1,3,0,18,2,6,0,0,0,4,0,0,1,1,6,1,18,4,-1,-1,-1,-1,3,1,E01004336,0
Unvalidated,2024010502517,2024,010502517,2,9,0,4,2,6,0,0,0,0,0,0,2,1,1,1,41,7,-1,-1,-1,-1,-1,-1,-1,0
Unvalidated,2024010502518,2024,010502518,1,9,0,99,9,9,99,9,9,99,9,99,2,9,6,2,32,6,-1,-1,-1,-1,8,1,E01023627,0
Unvalidated,2024010502518,2024,010502518,2,9,0,99,9,9,99,9,9,99,9,99,1,9,6,3,-1,-1,-1,-1,-1,-1,-1,-1,-1,0
Unvalidated,2024010502519,2024,010502519,1,9,0,18,1,5,0,2,0,8,0,0,1,1,2,1,57,9,-1,-1,-1,-1,6,1,E01000584,0
Unvalidated,2024010502519,2024,010502519,2,9,0,2,0,0,0,1,0,0,0,0,0,1,6,3,-1,-1,-1,-1,-1,-1,-1,-1,-1,0
Unvalidated,2024010502520,2024,010502520,1,9,0,18,5,1,0,0,0,0,0,0,1,1,1,1,27,6,-1,-1,-1,-1,2,1,E01003324,0
Unvalidated,2024010502520,2024,010502520,2,9,0,4,5,1,0,0,0,0,0,0,2,1,6,2,25,5,-1,-1,-1,-1,3,1,E01032764,0
Unvalidated,2024010502523,2024,010502523,1,1,9,99,9,9,99,9,9,99,9,99,9,1,6,2,27,6,-1,-1,-1,-1,5,1,E01001803,0
Unvalidated,2024010502523,2024,010502523,2,9,0,99,9,9,99,9,9,99,9,99,9,9,6,2,-1,-1,-1,-1,-1,-1,5,1,E01002745,0
Unvalidated,2024010502524,2024,010502524,1,9,0,18,5,1,0,8,0,0,0,0,1,1,6,1,21,5,-1,-1,-1,-1,-1,-1,-1,0
Unvalidated,2024010502524,2024,010502524,2,9,0,5,3,7,0,8,0,0,0,0,1,1,6,2,28,6,-1,-1,-1,-1,4,1,E01015971,0
Unvalidated,2024010502525,2024,010502525,1,1,0,9,5,3,0,1,0,0,0,0,3,1,6,2,44,7,-1,-1,-1,-1,3,1,E01004331,0
Unvalidated,2024010502528,2024,010502528,1,3,0,7,5,7,0,1,1,0,0,0,4,1,6,1,22,5,-1,-1,-1,-1,4,1,E01002309,0
Unvalidated,2024010502528,2024,010502528,2,9,0,7,5,7,0,3,0,0,0,0,1,1,6,2,24,5,-1,-1,-1,-1,6,1,E01000110,0
Unvalidated,2024010502530,2024,010502530,1,3,0,99,9,9,99,9,9,99,9,99,1,1,1,2,51,8,-1,-1,-1,-1,1,1,E01002074,0
Unvalidated,2024010502530,2024,010502530,2,9,9,99,9,9,99,9,9,99,9,99,9,9,6,3,-1,-1,-1,-1,-1,-1,-1,-1,-1,0
Unvalidated,2024010502533,2024,010502533,1,3,0,99,9,9,99,9,9,99,9,99,9,1,1,3,27,6,-1,-1,-1,-1,5,1,E01000803,0
Unvalidated,2024010502533,2024,010502533,2,9,9,99,9,9,99,9,9,99,9,99,9,9,6,3,-1,-1,-1,-1,-1,-1,-1,-1,-1,0
Unvalidated,2024010502539,2024,010502539,1,3,0,99,9,9,99,9,9,99,9,99,1,1,1,1,32,6,-1,-1,-1,-1,6,1,E01024152,0
Unvalidated,2024010502539,2024,010502539,2,9,0,99,9,9,99,9,9,99,9,99,2,9,6,3,-1,-1,-1,-1,-1,-1,-1,-1,-1,0
Unvalidated,2024010502544,2024,010502544,1,9,0,99,9,9,99,9,9,99,9,99,2,9,6,1,32,6,-1,-1,-1,-1,3,1,E01003725,0
Unvalidated,2024010502544,2024,010502544,2,9,0,99,9,9,99,9,9,99,9,99,1,9,6,3,30,6,-1,-1,-1,-1,2,1,E01014127,0
Unvalidated,2024010502547,2024,010502547,1,11,0,5,3,7,0,0,0,0,0,0,4,1,1,1,44,7,-1,-1,-1,-1,3,1,E01001466,0
Unvalidated,2024010502547,2024,010502547,2,1,0,18,3,7,0,0,0,0,1,0,3,1,2,2,52,8,-1,-1,-1,-1,2,1,E01002068,0
Unvalidated,2024010502548,2024,010502548,1,9,0,7,5,7,0,5,0,0,0,0,3,1,1,2,50,8,-1,-1,-1,-1,2,1,E01000008,0
Unvalidated,2024010502548,2024,010502548,2,1,0,7,5,8,0,6,0,0,0,0,4,1,6,1,35,6,-1,-1,-1,-1,2,1,E01004290,0
Unvalidated,2024010502568,2024,010502568,1,9,0,9,3,1,0,8,0,0,0,0,1,1,6,2,44,7,-1,-1,-1,-1,3,1,E01002814,0
Unvalidated,2024010502568,2024,010502568,2,1,0,18,1,5,0,8,0,0,0,0,1,1,2,1,41,7,-1,-1,-1,-1,1,1,E01004670,0
Unvalidated,2024010502570,2024,010502570,1,3,0,9,7,5,0,6,0,0,0,0,1,1,1,1,26,6,-1,-1,-1,-1,7,1,E01000993,0
Unvalidated,2024010502570,2024,010502570,2,1,0,5,3,7,0,6,0,0,0,0,4,1,6,1,18,4,-1,-1,-1,-1,5,1,E01003195,0
Unvalidated,2024010502572,2024,010502572,1,9,0,18,1,5,0,0,0,0,0,0,2,1,6,1,38,7,-1,-1,-1,-1,9,1,E01030712,0
Unvalidated,2024010502572,2024,010502572,2,9,0,18,1,5,0,0,0,0,0,0,1,1,1,1,28,6,-1,-1,-1,-1,3,1,E01001147,0
Unvalidated,2024010502572,2024,010502572,3,9,0,18,1,5,0,0,0,0,0,0,0,1,6,2,24,5,-1,-1,-1,-1,7,1,E01001026,0
Unvalidated,2024010502573,2024,010502573,1,4,0,5,1,5,0,1,1,0,0,0,1,1,6,1,46,8,-1,-1,-1,-1,2,1,E01003918,0
Unvalidated,2024010502575,2024,010502575,1,90,0,18,3,7,9,5,0,0,0,0,1,1,6,3,23,5,-1,-1,-1,-1,-1,-1,-1,1
Unvalidated,2024010502576,2024,010502576,1,11,0,16,3,5,2,1,0,0,0,0,1,1,1,1,54,8,-1,-1,-1,-1,6,1,E01001289,0
Unvalidated,2024010502582,2024,010502582,1,5,0,18,1,5,0,0,1,0,0,0,2,1,6,1,35,6,-1,-1,-1,-1,5,1,E01001542,0
Unvalidated,2024010502582,2024,010502582,2,9,0,9,6,3,0,0,0,0,0,0,1,1,6,1,38,7,-1,-1,-1,-1,3,1,E01001489,0
Unvalidated,2024010502583,2024,010502583,1,19,0,7,1,3,0,8,0,0,0,0,4,1,1,1,24,5,-1,-1,-1,-1,7,1,E01000517,0
Unvalidated,2024010502583,2024,010502583,2,5,0,18,1,5,0,8,2,0,0,0,3,1,1,1,48,8,-1,-1,-1,-1,4,1,E01000472,0
Unvalidated,2024010502584,2024,010502584,1,11,0,18,1,5,0,2,0,0,0,0,4,1,1,1,25,5,-1,-1,-1,-1,3,1,E01003917,0
Unvalidated,2024010502585,2024,010502585,1,3,0,18,3,7,0,2,0,0,0,0,1,1,6,1,39,7,-1,-1,-1,-1,2,1,E01000527,0
Unvalidated,2024010502585,2024,010502585,2,9,0,8,1,2,0,2,0,0,0,0,4,1,6,1,35,6,-1,-1,-1,-1,-1,-1,-1,0
Unvalidated,2024010502588,2024,010502588,1,9,0,99,9,9,99,9,9,99,9,99,2,9,6,3,38,7,-1,-1,-1,-1,1,1,E01002041,0