status,collision_index,collision_year,collision_reference,vehicle_reference,vehicle_type,towing_and_articulation,vehicle_manoeuvre,vehicle_direction_from,vehicle_direction_to,vehicle_location_restricted_lane,junction_location,skidding_and_overturning,hit_object_in_carriageway,vehicle_leaving_carriageway,hit_object_off_carriageway,first_point_of_impact,vehicle_left_hand_drive,journey_purpose_of_driver,sex_of_driver,age_of_driver,age_band_of_driver,engine_capacity_cc,propulsion_code,age_of_vehicle,generic_make_model,driver_imd_decile,driver_home_area_type,lsoa_of_driver,escooter_flag
Unvalidated,2024010502588,2024,010502588,2,9,9,99,9,9,99,9,9,99,9,99,9,9,6,1,52,8,-1,-1,-1,-1,1,1,E01003535,0
Unvalidated,2024010502590,2024,010502590,1,9,0,9,3,1,0,1,0,0,0,0,4,1,6,1,25,5,-1,-1,-1,-1,5,1,E01016488,0
Unvalidated,2024010502590,2024,010502590,2,1,0,18,7,3,0,1,0,0,0,0,4,1,6,1,27,6,-1,-1,-1,-1,3,1,E01002595,0
Unvalidated,2024010502596,2024,010502596,1,9,0,12,5,1,0,0,0,0,0,0,2,1,6,1,42,7,-1,-1,-1,-1,2,1,E01004423,0
Unvalidated,2024010502596,2024,010502596,2,9,0,18,5,1,0,0,0,0,0,0,1,1,6,1,30,6,-1,-1,-1,-1,2,1,E01000853,0
Unvalidated,2024010502602,2024,010502602,1,9,0,17,5,1,0,0,1,7,1,4,1,1,6,1,23,5,-1,-1,-1,-1,3,1,E01001053,0
Unvalidated,2024010502602,2024,010502602,2,9,0,17,5,1,0,0,0,0,0,0,0,1,1,1,33,6,-1,-1,-1,-1,7,1,E01000675,0
Unvalidated,2024010502609,2024,010502609,1,9,0,14,3,7,0,0,1,0,0,0,1,1,6,1,54,8,-1,-1,-1,-1,7,1,E01000389,0
Unvalidated,2024010502609,2024,010502609,2,19,0,4,3,7,0,0,0,0,0,0,2,1,6,1,44,7,-1,-1,-1,-1,5,1,E01024156,0
Unvalidated,2024010502609,2024,010502609,3,9,0,18,3,7,0,0,0,0,0,0,1,1,6,1,56,9,-1,-1,-1,-1,7,1,E01000400,0
Unvalidated,2024010502614,2024,010502614,1,11,0,4,1,5,0,0,0,0,0,0,0,1,1,1,34,6,-1,-1,-1,-1,2,1,E01005230,0
Unvalidated,2024010502616,2024,010502616,1,9,0,18,2,6,0,2,0,0,0,0,1,1,1,1,34,6,-1,-1,-1,-1,-1,-1,-1,0
Unvalidated,2024010502617,2024,010502617,1,9,0,9,7,4,9,1,0,0,0,0,1,1,6,1,52,8,-1,-1,-1,-1,2,1,E01000064,0
Unvalidated,2024010502617,2024,010502617,2,9,0,18,1,5,0,1,0,0,1,10,1,1,6,2,24,5,-1,-1,-1,-1,2,1,E01004424,0
Unvalidated,2024010502619,2024,010502619,1,9,0,99,9,9,99,0,9,99,9,99,9,9,6,2,17,4,-1,-1,-1,-1,-1,1,-1,0
Unvalidated,2024010502621,2024,010502621,1,11,0,18,1,5,0,0,0,0,0,0,0,1,6,1,23,5,-1,-1,-1,-1,2,1,E01024170,0
Unvalidated,2024010502642,2024,010502642,1,9,0,18,7,3,6,0,0,0,0,0,3,1,6,1,72,10,-1,-1,-1,-1,5,1,E01004646,0
Unvalidated,2024010502642,2024,010502642,2,1,0,18,7,3,0,0,0,4,0,0,1,1,6,2,30,6,-1,-1,-1,-1,8,1,E01000859,0
Unvalidated,2024010502653,2024,010502653,1,9,0,99,9,9,99,9,9,99,9,99,1,9,6,2,30,6,-1,-1,-1,-1,2,1,E01000484,0
Unvalidated,2024010502653,2024,010502653,2,9,0,99,9,9,99,9,9,99,9,99,1,9,6,3,21,5,-1,-1,-1,-1,4,1,E01000485,0
Unvalidated,2024010502660,2024,010502660,1,9,0,99,9,9,0,9,9,99,9,99,9,9,6,1,59,9,-1,-1,-1,-1,5,1,E01002352,0
Unvalidated,2024010502662,2024,010502662,1,9,0,16,2,6,0,6,0,0,0,0,1,1,6,2,75,10,-1,-1,-1,-1,-1,1,-1,0
Unvalidated,2024010502664,2024,010502664,1,9,0,18,3,7,0,0,0,0,0,0,3,1,6,2,27,6,-1,-1,-1,-1,4,1,E01003784,0
Unvalidated,2024010502664,2024,010502664,2,90,0,9,3,1,0,0,0,0,0,0,1,1,6,1,40,7,-1,-1,-1,-1,3,1,E01032574,1
Unvalidated,2024010502665,2024,010502665,1,9,0,18,7,3,0,6,0,0,3,0,3,1,6,3,-1,-1,-1,-1,-1,-1,-1,-1,-1,0
Unvalidated,2024010502668,2024,010502668,1,1,9,99,9,9,99,9,9,8,9,99,1,1,6,1,21,5,-1,-1,-1,-1,3,1,E01033263,0
Unvalidated,2024010502668,2024,010502668,2,8,0,99,9,9,99,9,9,99,9,99,9,9,6,1,49,8,-1,-1,-1,-1,8,1,E01002975,0
Unvalidated,2024010502669,2024,010502669,1,8,0,99,9,9,99,9,9,99,9,99,2,9,1,1,34,6,-1,-1,-1,-1,1,1,E01002081,0
Unvalidated,2024010502670,2024,010502670,1,19,0,16,5,7,0,8,0,0,7,1,1,1,6,1,41,7,-1,-1,-1,-1,5,1,E01004523,0
Unvalidated,2024010502675,2024,010502675,1,9,0,99,9,9,99,9,9,99,9,99,9,9,6,1,36,7,-1,-1,-1,-1,10,1,E01030607,0
Unvalidated,2024010502675,2024,010502675,2,1,9,99,9,9,99,9,9,99,9,99,9,1,6,1,-1,-1,-1,-1,-1,-1,-1,-1,-1,0
Unvalidated,2024010502680,2024,010502680,1,9,0,3,5,1,0,2,0,0,0,0,3,1,6,1,67,10,-1,-1,-1,-1,4,1,E01001376,0
Unvalidated,2024010502680,2024,010502680,2,1,0,18,5,1,0,2,0,8,0,0,1,1,6,2,67,10,-1,-1,-1,-1,7,1,E01017006,0
Unvalidated,2024010502685,2024,010502685,1,3,0,9,5,3,0,6,0,0,0,0,1,1,6,1,29,6,-1,-1,-1,-1,5,2,E01024774,0
Unvalidated,2024010502685,2024,010502685,2,9,0,5,1,5,0,6,0,0,0,0,3,2,6,1,35,6,-1,-1,-1,-1,1,1,E01000661,0
Unvalidated,2024010502689,2024,010502689,1,1,9,99,9,9,99,9,9,99,9,99,1,1,6,1,40,7,-1,-1,-1,-1,2,1,E01004264,0
Unvalidated,2024010502689,2024,010502689,2,9,0,99,9,9,99,9,9,99,9,99,9,9,6,3,-1,-1,-1,-1,-1,-1,-1,-1,-1,0
Unvalidated,2024010502692,2024,010502692,1,9,0,99,9,9,99,9,9,99,9,99,1,9,6,2,42,7,-1,-1,-1,-1,2,1,E01033151,0
Unvalidated,2024010502692,2024,010502692,2,9,0,99,9,9,99,9,9,99,9,99,2,9,6,3,-1,-1,-1,-1,-1,-1,-1,-1,-1,0
Unvalidated,2024010502696,2024,010502696,1,9,0,99,9,9,99,9,9,99,9,99,9,9,6,1,59,9,-1,-1,-1,-1,4,1,E01004611,0
Unvalidated,2024010502696,2024,010502696,2,9,0,99,9,9,99,9,9,99,9,99,9,9,6,3,-1,-1,-1,-1,-1,-1,9,1,E01000647,0
Unvalidated,2024010502696,2024,010502696,3,9,0,99,9,9,99,9,9,99,9,99,0,9,6,3,34,6,-1,-1,-1,-1,-1,-1,-1,0
Unvalidated,2024010502698,2024,010502698,1,9,0,99,9,9,99,9,9,99,9,99,1,1,6,3,-1,-1,-1,-1,-1,-1,-1,-1,-1,0
Unvalidated,2024010502698,2024,010502698,2,22,9,99,9,9,99,9,9,99,9,99,9,1,6,1,34,6,-1,-1,-1,-1,3,1,E01002770,0
Unvalidated,2024010502705,2024,010502705,1,9,0,18,3,7,0,0,0,10,0,0,2,1,6,1,31,6,-1,-1,-1,-1,6,1,E01004491,0
Unvalidated,2024010502705,2024,010502705,2,9,0,18,3,7,0,0,0,0,0,0,1,1,6,1,39,7,-1,-1,-1,-1,5,1,E01002352,0
Unvalidated,2024010502705,2024,010502705,3,9,0,18,3,7,0,0,0,0,0,0,1,1,6,3,-1,-1,-1,-1,-1,-1,-1,-1,-1,0
Unvalidated,2024010502705,2024,010502705,4,9,0,18,2,6,0,0,0,0,0,0,1,1,6,3,-1,-1,-1,-1,-1,-1,-1,-1,-1,0
Unvalidated,2024010502709,2024,010502709,1,9,0,9,3,1,0,1,0,0,0,0,1,1,2,1,29,6,-1,-1,-1,-1,5,1,E01000454,0
Unvalidated,2024010502710,2024,010502710,1,9,0,18,1,5,0,1,0,0,0,0,3,1,6,3,-1,-1,-1,-1,-1,-1,-1,-1,-1,0
Unvalidated,2024010502713,2024,010502713,1,9,0,18,1,5,0,4,0,0,1,11,1,1,6,1,26,6,-1,-1,-1,-1,4,1,E01016008,0
Unvalidated,2024010502713,2024,010502713,2,9,0,18,1,5,0,4,0,0,1,11,3,1,6,1,30,6,-1,-1,-1,-1,6,1,E01003223,0
Unvalidated,2024010502717,2024,010502717,1,9,0,18,7,3,0,8,1,0,0,0,1,1,1,1,63,9,-1,-1,-1,-1,-1,-1,-1,0
Unvalidated,2024010502718,2024,010502718,1,19,0,18,5,1,0,2,0,0,0,0,1,1,1,1,24,5,-1,-1,-1,-1,2,1,E01021864,0
Unvalidated,2024010502718,2024,010502718,2,9,0,9,5,2,0,1,1,0,0,0,1,1,6,2,56,9,-1,-1,-1,-1,10,1,E01023440,0
Unvalidated,2024010502724,2024,010502724,1,4,0,18,1,5,9,1,0,0,0,0,1,1,6,1,51,8,-1,-1,-1,-1,2,1,E01002811,0
Unvalidated,2024010502724,2024,010502724,2,9,0,9,5,3,0,5,0,0,0,0,4,1,1,2,56,9,-1,-1,-1,-1,9,1,E01003857,0
Unvalidated,2024010502729,2024,010502729,1,3,0,99,9,9,99,9,9,99,9,99,1,1,1,1,27,6,-1,-1,-1,-1,2,1,E01003159,0
Unvalidated,2024010502729,2024,010502729,2,9,0,99,9,9,99,9,9,99,9,99,9,9,6,3,-1,-1,-1,-1,-1,-1,-1,-1,-1,0
Unvalidated,2024010502738,2024,010502738,1,9,0,7,3,5,0,2,0,0,0,0,1,1,2,1,48,8,-1,-1,-1,-1,4,1,E01004002,0
Unvalidated,2024010502741,2024,010502741,1,90,0,18,4,8,0,1,0,0,0,0,1,1,6,1,19,4,-1,-1,-1,-1,2,1,E01004010,1
Unvalidated,2024010502746,2024,010502746,1,3,0,99,9,9,99,9,9,99,9,99,9,1,6,3,36,7,-1,-1,-1,-1,5,1,E01030980,0
Unvalidated,2024010502746,2024,010502746,2,9,9,99,9,9,99,9,9,99,9,99,9,9,6,3,-1,-1,-1,-1,-1,-1,-1,-1,-1,0
Unvalidated,2024010502748,2024,010502748,1,9,0,18,9,9,99,0,9,99,9,99,4,9,6,1,26,6,-1,-1,-1,-1,7,1,E01000657,0
Unvalidated,2024010502748,2024,010502748,2,9,0,5,9,9,99,0,9,99,9,99,1,9,6,2,33,6,-1,-1,-1,-1,7,1,E01000674,0
Unvalidated,2024010502749,2024,010502749,1,3,0,99,9,9,99,1,9,99,9,99,9,1,6,3,31,6,-1,-1,-1,-1,6,1,E01000844,0
Unvalidated,2024010502749,2024,010502749,2,9,0,99,9,9,99,6,9,99,9,99,9,9,6,3,-1,-1,-1,-1,-1,-1,-1,-1,-1,0
Unvalidated,2024010502750,2024,010502750,1,9,9,99,9,9,99,0,9,99,9,99,9,9,6,3,-1,-1,-1,-1,-1,-1,-1,-1,-1,0
Unvalidated,2024010502753,2024,010502753,1,3,0,99,9,9,99,9,9,99,9,99,1,1,6,1,21,5,-1,-1,-1,-1,3,1,E01001188,0
Unvalidated,2024010502756,2024,010502756,1,9,0,99,9,9,99,6,9,99,9,99,9,9,6,3,-1,-1,-1,-1,-1,-1,-1,-1,-1,0
Unvalidated,2024010502756,2024,010502756,2,23,9,99,9,9,99,2,9,99,9,99,9,1,6,2,-1,-1,-1,-1,-1,-1,2,1,E01004711,0
Unvalidated,2024010502758,2024,010502758,1,3,0,13,1,5,0,1,0,0,7,0,3,1,6,1,22,5,-1,-1,-1,-1,2,1,E01003024,0
Unvalidated,2024010502758,2024,010502758,2,9,0,9,1,6,0,1,0,0,0,0,3,2,1,2,60,9,-1,-1,-1,-1,2,1,E01021278,0
Unvalidated,2024010502761,2024,010502761,1,19,0,7,1,4,0,5,0,0,0,0,4,1,1,1,60,9,-1,-1,-1,-1,1,1,E01002855,0
Unvalidated,2024010502765,2024,010502765,1,3,0,99,9,9,99,9,9,99,9,99,2,1,1,3,33,6,-1,-1,-1,-1,3,1,E01003567,0
Unvalidated,2024010502765,2024,010502765,2,11,0,99,9,9,99,9,9,99,9,99,1,9,6,3,61,9,-1,-1,-1,-1,3,1,E01003727,0
Unvalidated,2024010502772,2024,010502772,1,9,0,4,7,3,0,0,0,0,0,0,1,1,6,2,30,6,-1,-1,-1,-1,3,1,E01003430,0
Unvalidated,2024010502785,2024,010502785,1,9,0,99,9,9,99,9,9,99,9,99,2,9,6,2,59,9,-1,-1,-1,-1,8,1,E01002274,0
Unvalidated,2024010502785,2024,010502785,2,9,9,99,9,9,99,9,9,99,9,99,9,9,6,2,38,7,-1,-1,-1,-1,2,1,E01003973,0
Unvalidated,2024010502789,2024,010502789,1,9,0,7,2,5,0,6,0,0,0,0,3,1,6,1,49,8,-1,-1,-1,-1,8,1,E01000646,0
Unvalidated,2024010502789,2024,010502789,2,4,0,18,7,3,0,1,5,0,0,0,1,1,1,2,49,8,-1,-1,-1,-1,3,1,E01001089,0
Unvalidated,2024010502794,2024,010502794,1,3,0,18,3,7,0,1,0,0,0,0,3,1,6,1,24,5,-1,-1,-1,-1,-1,-1,-1,0
Unvalidated,2024010502795,2024,010502795,1,9,0,16,7,1,0,1,0,0,0,0,1,1,6,1,49,8,-1,-1,-1,-1,4,1,E01016129,0
Unvalidated,2024010502797,2024,010502797,1,11,0,4,5,1,0,1,0,0,0,0,0,1,6,1,41,7,-1,-1,-1,-1,2,1,E01004140,0
Unvalidated,2024010502806,2024,010502806,1,9,0,18,1,5,0,8,0,0,0,0,4,1,6,1,38,7,-1,-1,-1,-1,3,1,E01003567,0
Unvalidated,2024010502806,2024,010502806,2,9,5,6,1,1,0,8,0,0,1,0,1,1,6,1,30,6,-1,-1,-1,-1,2,1,E01003479,0
Unvalidated,2024010502815,2024,010502815,1,5,0,18,7,3,0,8,0,0,0,0,3,1,6,1,33,6,-1,-1,-1,-1,3,1,E01003439,0
Unvalidated,2024010502815,2024,010502815,2,9,0,9,7,5,0,8,0,0,0,0,1,1,6,2,61,9,-1,-1,-1,-1,2,1,E01003079,0
Unvalidated,2024010502821,2024,010502821,1,9,0,99,9,9,99,9,9,99,9,99,1,1,6,3,-1,-1,-1,-1,-1,-1,-1,-1,-1,0
Unvalidated,2024010502830,2024,010502830,1,9,0,18,5,1,0,4,0,0,0,0,1,1,6,3,-1,-1,-1,-1,-1,-1,-1,-1,-1,0
Unvalidated,2024010502830,2024,010502830,2,9,0,9,6,5,0,4,0,0,0,0,2,1,6,1,20,4,-1,-1,-1,-1,4,1,E01002017,0
Unvalidated,2024010502831,2024,010502831,1,9,0,18,3,7,0,6,0,0,0,0,2,1,1,1,42,7,-1,-1,-1,-1,-1,-1,-1,0
Unvalidated,2024010502831,2024,010502831,2,9,0,18,5,1,0,1,0,0,0,0,2,1,6,3,-1,-1,-1,-1,-1,-1,-1,-1,-1,0
Unvalidated,2024010502833,2024,010502833,1,5,0,99,9,9,99,9,9,99,9,99,1,1,6,1,40,7,-1,-1,-1,-1,3,1,E01001505,0
Unvalidated,2024010502833,2024,010502833,2,9,0,99,9,9,99,9,9,99,9,99,1,9,6,3,-1,-1,-1,-1,-1,-1,-1,-1,-1,0
Unvalidated,2024010502836,2024,010502836,1,9,0,18,7,3,0,1,0,0,0,0,1,1,2,1,35,6,-1,-1,-1,-1,5,1,E01000705,0
Unvalidated,2024010502836,2024,010502836,2,1,0,18,7,3,0,1,0,0,0,0,4,1,6,1,35,6,-1,-1,-1,-1,2,1,E01003097,0
Unvalidated,2024010502837,2024,010502837,1,9,0,99,9,9,99,9,9,99,9,99,9,9,6,1,33,6,-1,-1,-1,-1,4,1,E01003632,0
Unvalidated,2024010502837,2024,010502837,2,9,0,1,9,9,99,9,9,99,9,99,9,9,6,1,-1,-1,-1,-1,-1,-1,3,1,E01003733,0
Unvalidated,2024010502839,2024,010502839,1,1,9,99,9,9,99,9,9,99,9,99,2,1,1,1,31,6,-1,-1,-1,-1,2,1,E01001802,0
Unvalidated,2024010502839,2024,010502839,2,9,0,99,9,9,99,9,9,99,9,99,9,9,6,3,39,7,-1,-1,-1,-1,4,1,E01001724,0
Unvalidated,2024010502843,2024,010502843,1,3,0,18,7,3,0,1,0,7,0,0,1,1,6,1,19,4,-1,-1,-1,-1,1,1,E01001787,0
Unvalidated,2024010502847,2024,010502847,1,1,0,7,7,1,0,8,0,0,0,0,3,1,6,1,36,7,-1,-1,-1,-1,2,1,E01001775,0
Unvalidated,2024010502847,2024,010502847,2,9,0,7,7,1,0,8,0,0,0,0,1,1,6,3,-1,-1,-1,-1,-1,-1,-1,-1,-1,0
Unvalidated,2024010502853,2024,010502853,1,9,0,99,9,9,99,9,9,99,9,99,9,9,6,3,-1,-1,-1,-1,-1,-1,-1,-1,-1,0
Unvalidated,2024010502854,2024,010502854,1,3,0,99,9,9,99,9,9,99,9,99,1,1,1,1,26,6,-1,-1,-1,-1,3,1,E01000088,0
Unvalidated,2024010502854,2024,010502854,2,9,0,99,9,9,99,9,9,99,9,99,1,9,6,3,-1,-1,-1,-1,-1,-1,-1,-1,-1,0
Unvalidated,2024010502859,2024,010502859,1,9,0,3,7,3,0,1,0,8,0,0,4,1,2,1,38,7,-1,-1,-1,-1,2,1,E01004260,0
Unvalidated,2024010502859,2024,010502859,2,1,0,15,7,3,0,1,0,8,0,0,1,1,2,1,58,9,-1,-1,-1,-1,2,1,E01004269,0
Unvalidated,2024010502865,2024,010502865,1,20,0,9,4,1,0,8,0,0,0,0,4,1,1,1,52,8,-1,-1,-1,-1,2,1,E01033726,0
Unvalidated,2024010502865,2024,010502865,2,19,0,18,3,7,0,8,0,0,0,0,1,1,1,1,43,7,-1,-1,-1,-1,4,1,E01021841,0
Unvalidated,2024010502866,2024,010502866,1,19,0,18,5,1,0,0,0,0,0,0,1,1,1,1,29,6,-1,-1,-1,-1,4,1,E01001260,0
Unvalidated,2024010502870,2024,010502870,1,3,0,99,9,9,99,9,9,99,9,99,1,1,1,3,43,7,-1,-1,-1,-1,7,1,E01000714,0
Unvalidated,2024010502870,2024,010502870,2,9,9,99,9,9,99,9,9,99,9,99,9,9,6,3,-1,-1,-1,-1,-1,-1,-1,-1,-1,0
Unvalidated,2024010502873,2024,010502873,1,3,0,99,9,9,99,9,9,99,9,99,9,1,1,3,43,7,-1,-1,-1,-1,5,1,E01000996,0
Unvalidated,2024010502873,2024,010502873,2,9,9,99,9,9,99,9,9,99,9,99,9,9,6,3,-1,-1,-1,-1,-1,-1,-1,-1,-1,0
Unvalidated,2024010502880,2024,010502880,1,9,0,9,5,3,0,1,0,0,0,0,4,1,6,1,47,8,-1,-1,-1,-1,6,1,E01000514,0
Unvalidated,2024010502880,2024,010502880,2,9,0,18,1,5,0,1,0,0,0,0,1,1,6,3,-1,-1,-1,-1,-1,-1,-1,-1,-1,0
Unvalidated,2024010502882,2024,010502882,1,9,0,99,9,9,0,8,0,0,0,0,1,1,6,1,-1,-1,-1,-1,-1,-1,-1,-1,-1,0
Unvalidated,2024010502884,2024,010502884,1,8,0,9,8,7,0,8,0,0,0,0,3,1,1,1,67,10,-1,-1,-1,-1,3,1,E01003269,0
Unvalidated,2024010502884,2024,010502884,2,4,0,18,1,5,0,1,5,0,0,0,1,1,6,1,55,8,-1,-1,-1,-1,8,1,E01003774,0
Unvalidated,2024010502886,2024,010502886,1,8,0,18,2,6,0,0,0,0,0,0,2,1,1,1,61,9,-1,-1,-1,-1,8,1,E01004135,0
Unvalidated,2024010502886,2024,010502886,2,1,0,18,2,6,0,0,0,0,0,0,1,1,6,1,64,9,-1,-1,-1,-1,9,1,E01000001,0
Unvalidated,2024010502887,2024,010502887,1,19,0,1,3,7,0,0,0,0,0,0,2,1,1,1,59,9,-1,-1,-1,-1,2,1,E01001745,0
Unvalidated,2024010502891,2024,010502891,1,9,0,7,5,7,0,8,0,0,0,0,3,1,6,2,49,8,-1,-1,-1,-1,2,1,E01003240,0
Unvalidated,2024010502891,2024,010502891,2,1,0,18,5,1,0,1,0,0,0,0,1,1,6,1,59,9,-1,-1,-1,-1,2,1,E01003309,0
Unvalidated,2024010502892,2024,010502892,1,3,0,99,9,9,99,0,9,99,9,99,9,1,6,2,22,5,-1,-1,-1,-1,4,1,E01002000,0
Unvalidated,2024010502892,2024,010502892,2,19,9,99,9,9,99,0,9,99,9,99,9,9,6,3,-1,-1,-1,-1,-1,-1,-1,-1,-1,0
Unvalidated,2024010502894,2024,010502894,1,3,0,4,1,5,0,0,0,0,0,0,2,1,1,1,25,5,-1,-1,-1,-1,3,1,E01003524,0
Unvalidated,2024010502894,2024,010502894,2,21,0,18,1,5,0,0,0,0,0,0,1,1,1,1,66,10,-1,-1,-1,-1,3,1,E01016454,0
Unvalidated,2024010502894,2024,010502894,3,9,0,3,1,5,0,0,0,0,0,0,2,1,6,1,23,5,-1,-1,-1,-1,9,1,E01000452,0
Unvalidated,2024010502896,2024,010502896,1,3,0,99,9,9,99,9,9,99,9,99,9,1,2,2,49,8,-1,-1,-1,-1,4,1,E01002042,0
Unvalidated,2024010502896,2024,010502896,2,9,0,99,9,9,99,9,9,99,9,99,1,9,6,3,-1,-1,-1,-1,-1,-1,-1,-1,-1,0
Unvalidated,2024010502898,2024,010502898,1,3,0,18,1,5,0,1,0,0,0,0,1,1,2,1,16,4,-1,-1,-1,-1,2,1,E01002096,0
Unvalidated,2024010502898,2024,010502898,2,19,0,5,1,5,0,1,0,0,0,0,4,1,1,1,50,8,-1,-1,-1,-1,2,1,E01004400,0
Unvalidated,2024010502899,2024,010502899,1,5,0,3,3,7,0,1,0,0,0,0,1,1,6,1,27,6,-1,-1,-1,-1,-1,-1,-1,0
Unvalidated,2024010502899,2024,010502899,2,9,0,3,3,7,0,1,0,0,0,0,1,1,6,3,-1,-1,-1,-1,-1,-1,-1,-1,-1,0
Unvalidated,2024010502903,2024,010502903,1,9,0,5,7,3,0,1,0,0,0,0,1,1,2,2,62,9,-1,-1,-1,-1,7,1,E01017909,0
Unvalidated,2024010502903,2024,010502903,2,1,0,5,7,3,0,1,0,0,0,0,2,1,2,2,48,8,-1,-1,-1,-1,3,1,E01001262,0
Unvalidated,2024010502905,2024,010502905,1,3,0,99,9,9,99,9,9,99,9,99,9,1,1,1,36,7,-1,-1,-1,-1,5,1,E01003142,0
Unvalidated,2024010502905,2024,010502905,2,9,0,99,9,9,99,9,9,99,9,99,9,9,6,3,-1,-1,-1,-1,-1,-1,-1,-1,-1,0
Unvalidated,2024010502906,2024,010502906,1,3,0,4,7,3,0,1,0,0,0,0,4,1,6,2,30,6,-1,-1,-1,-1,2,1,E01002856,0
Unvalidated,2024010502906,2024,010502906,2,9,0,4,7,3,0,1,0,0,0,0,1,1,6,3,-1,-1,-1,-1,-1,-1,-1,-1,-1,0
Unvalidated,2024010502908,2024,010502908,1,1,9,99,9,9,99,1,9,99,9,99,9,1,2,1,45,7,-1,-1,-1,-1,10,1,E01003007,0
Unvalidated,2024010502908,2024,010502908,2,9,0,99,9,9,99,6,9,99,9,99,9,9,6,3,-1,-1,-1,-1,-1,-1,3,1,E01001938,0
Unvalidated,2024010502909,2024,010502909,1,1,9,99,9,9,99,9,9,99,9,99,9,1,2,3,23,5,-1,-1,-1,-1,8,1,E01016956,0
Unvalidated,2024010502909,2024,010502909,2,19,0,99,9,9,99,9,9,99,9,99,9,9,6,3,-1,-1,-1,-1,-1,-1,-1,-1,-1,0
Unvalidated,2024010502912,2024,010502912,1,9,0,99,9,9,99,0,9,99,9,99,2,9,6,2,43,7,-1,-1,-1,-1,1,1,E01002093,0
Unvalidated,2024010502912,2024,010502912,2,9,0,99,9,9,99,0,9,99,9,99,1,9,6,3,33,6,-1,-1,-1,-1,-1,-1,-1,0
Unvalidated,2024010502916,2024,010502916,1,3,0,99,9,9,99,9,9,99,9,99,9,1,1,3,21,5,-1,-1,-1,-1,1,1,E01001558,0
Unvalidated,2024010502916,2024,010502916,2,3,9,99,9,9,99,9,9,99,9,99,9,1,6,3,-1,-1,-1,-1,-1,-1,-1,-1,-1,0
Unvalidated,2024010502918,2024,010502918,1,9,0,18,3,7,0,1,0,0,0,0,2,1,6,2,44,7,-1,-1,-1,-1,5,1,E01003222,0
Unvalidated,2024010502918,2024,010502918,2,4,0,13,3,7,0,1,0,0,0,0,1,1,6,1,22,5,-1,-1,-1,-1,3,1,E01003251,0
Unvalidated,2024010502919,2024,010502919,1,3,0,18,9,9,99,9,9,99,9,99,1,1,6,1,26,6,-1,-1,-1,-1,6,1,E01003852,0
Unvalidated,2024010502919,2024,010502919,2,9,0,6,9,9,99,9,9,99,9,99,9,9,6,3,-1,-1,-1,-1,-1,-1,-1,-1,-1,0
Unvalidated,2024010502923,2024,010502923,1,9,0,99,9,9,99,9,9,99,9,99,2,9,2,2,52,8,-1,-1,-1,-1,2,1,E01001328,0
Unvalidated,2024010502923,2024,010502923,2,11,0,18,1,5,0,9,0,0,0,0,1,1,6,1,59,9,-1,-1,-1,-1,4,1,E01001261,0
Unvalidated,2024010502925,2024,010502925,1,8,0,18,1,5,0,0,0,0,0,0,1,1,6,1,34,6,-1,-1,-1,-1,2,1,E01001842,0
Unvalidated,2024010502929,2024,010502929,1,9,0,18,3,7,0,0,0,0,0,0,1,1,6,1,55,8,-1,-1,-1,-1,3,1,E01002585,0
Unvalidated,2024010502935,2024,010502935,1,9,0,18,5,1,0,1,0,0,0,0,0,1,1,1,24,5,-1,-1,-1,-1,5,1,E01033573,0
Unvalidated,2024010502935,2024,010502935,2,9,0,18,5,1,0,8,0,4,8,11,1,1,6,1,29,6,-1,-1,-1,-1,-1,-1,-1,0
Unvalidated,2024010502935,2024,010502935,3,9,0,18,4,8,0,1,0,0,0,0,3,1,6,2,27,6,-1,-1,-1,-1,3,1,E01000499,0
Unvalidated,2024010502940,2024,010502940,1,9,0,99,9,9,99,9,9,99,9,99,1,9,6,1,75,10,-1,-1,-1,-1,9,1,E01002539,0
Unvalidated,2024010502947,2024,010502947,1,9,0,99,9,9,99,9,9,99,9,99,9,1,6,3,-1,-1,-1,-1,-1,-1,5,2,E01024134,0
Unvalidated,2024010502951,2024,010502951,1,3,0,99,9,9,99,1,9,99,9,99,1,1,6,1,20,4,-1,-1,-1,-1,1,1,E01001876,0
Unvalidated,2024010502951,2024,010502951,2,9,0,99,9,9,99,6,9,99,9,99,9,9,6,2,44,7,-1,-1,-1,-1,2,1,E01002217,0
Unvalidated,2024010502963,2024,010502963,1,9,0,18,3,7,0,0,0,0,0,0,1,1,6,1,24,5,-1,-1,-1,-1,-1,-1,-1,0
Unvalidated,2024010502963,2024,010502963,2,1,0,18,3,7,9,0,0,0,0,0,1,1,6,1,13,3,-1,-1,-1,-1,2,1,E01001433,0
Unvalidated,2024010502966,2024,010502966,1,1,9,99,9,9,99,9,9,99,9,99,9,1,2,2,29,6,-1,-1,-1,-1,6,1,E01004534,0
Unvalidated,2024010502966,2024,010502966,2,9,0,99,9,9,99,9,9,99,9,99,1,9,6,1,51,8,-1,-1,-1,-1,3,1,E01004562,0
Unvalidated,2024010502972,2024,010502972,1,19,0,18,7,3,0,1,0,0,0,0,1,1,1,1,24,5,-1,-1,-1,-1,3,1,E01004259,0