status,collision_index,collision_year,collision_reference,vehicle_reference,vehicle_type,towing_and_articulation,vehicle_manoeuvre,vehicle_direction_from,vehicle_direction_to,vehicle_location_restricted_lane,junction_location,skidding_and_overturning,hit_object_in_carriageway,vehicle_leaving_carriageway,hit_object_off_carriageway,first_point_of_impact,vehicle_left_hand_drive,journey_purpose_of_driver,sex_of_driver,age_of_driver,age_band_of_driver,engine_capacity_cc,propulsion_code,age_of_vehicle,generic_make_model,driver_imd_decile,driver_home_area_type,lsoa_of_driver,escooter_flag
Unvalidated,2024010502972,2024,010502972,2,1,0,18,5,1,0,6,0,0,0,0,4,1,6,1,28,6,-1,-1,-1,-1,6,1,E01032768,0
Unvalidated,2024010502973,2024,010502973,1,9,0,9,5,3,0,1,0,0,0,0,1,1,6,1,20,4,-1,-1,-1,-1,4,1,E01000006,0
Unvalidated,2024010502973,2024,010502973,2,1,0,18,3,7,0,1,0,0,0,0,1,1,1,1,25,5,-1,-1,-1,-1,2,1,E01000049,0
Unvalidated,2024010502974,2024,010502974,1,90,0,99,9,9,99,9,9,99,9,99,1,9,6,3,-1,-1,-1,-1,-1,-1,-1,-1,-1,0
Unvalidated,2024010502975,2024,010502975,1,9,0,9,6,4,0,6,0,0,0,0,1,2,6,1,56,9,-1,-1,-1,-1,2,1,E01004287,0
Unvalidated,2024010502975,2024,010502975,2,3,0,18,4,8,0,8,0,0,0,0,1,1,6,1,24,5,-1,-1,-1,-1,4,1,E01004538,0
Unvalidated,2024010502976,2024,010502976,1,9,0,9,3,1,0,2,0,0,0,0,1,1,6,1,54,8,-1,-1,-1,-1,10,1,E01030589,0
Unvalidated,2024010502976,2024,010502976,2,3,0,18,1,5,0,1,0,0,0,0,1,1,6,1,24,5,-1,-1,-1,-1,5,1,E01003948,0
Unvalidated,2024010502977,2024,010502977,1,19,0,3,7,3,0,3,0,0,0,0,2,1,1,1,54,8,-1,-1,-1,-1,2,1,E01001748,0
Unvalidated,2024010502977,2024,010502977,2,90,0,16,7,3,0,8,0,0,0,0,1,1,6,1,16,4,-1,-1,-1,-1,3,1,E01004228,1
Unvalidated,2024010502979,2024,010502979,1,9,0,10,1,6,0,1,0,0,0,0,1,1,6,3,-1,-1,-1,-1,-1,-1,-1,-1,-1,0
Unvalidated,2024010502981,2024,010502981,1,1,0,14,5,1,0,1,1,0,0,0,2,1,2,1,28,6,-1,-1,-1,-1,4,1,E01000242,0
Unvalidated,2024010502981,2024,010502981,2,9,0,5,5,1,0,1,0,0,0,0,1,1,6,1,38,7,-1,-1,-1,-1,4,1,E01000846,0
Unvalidated,2024010502984,2024,010502984,1,9,9,1,5,1,0,2,9,99,9,99,9,1,6,2,47,8,-1,-1,-1,-1,9,1,E01001224,0
Unvalidated,2024010502988,2024,010502988,1,9,0,18,7,3,0,1,0,0,0,0,4,1,2,2,22,5,-1,-1,-1,-1,7,1,E01000384,0
Unvalidated,2024010502988,2024,010502988,2,9,0,5,1,5,0,6,0,0,0,0,1,1,6,1,40,7,-1,-1,-1,-1,5,1,E01003284,0
Unvalidated,2024010502989,2024,010502989,1,1,0,18,3,7,0,8,0,0,0,0,1,1,6,2,38,7,-1,-1,-1,-1,1,1,E01001957,0
Unvalidated,2024010502989,2024,010502989,2,3,0,18,1,5,0,8,0,0,0,0,1,1,6,3,-1,-1,-1,-1,-1,-1,-1,-1,-1,0
Unvalidated,2024010502990,2024,010502990,1,9,0,18,1,5,0,1,0,0,0,0,1,1,6,1,51,8,-1,-1,-1,-1,10,1,E01007961,0
Unvalidated,2024010502990,2024,010502990,2,3,0,13,1,5,0,1,0,0,0,0,4,1,6,1,20,4,-1,-1,-1,-1,2,1,E01003925,0
Unvalidated,2024010502990,2024,010502990,3,9,0,9,3,1,0,2,0,0,0,0,1,1,2,1,23,5,-1,-1,-1,-1,3,1,E01000020,0
Unvalidated,2024010502998,2024,010502998,1,9,0,1,1,5,9,1,0,0,0,0,2,1,6,2,64,9,-1,-1,-1,-1,5,1,E01023342,0
Unvalidated,2024010502999,2024,010502999,1,11,0,9,1,6,0,8,0,0,0,0,4,1,1,1,46,8,-1,-1,-1,-1,2,1,E01003132,0
Unvalidated,2024010502999,2024,010502999,2,4,0,13,1,5,0,8,5,0,0,0,4,1,6,1,36,7,-1,-1,-1,-1,6,1,E01004173,0
Unvalidated,2024010503003,2024,010503003,1,1,9,99,9,9,99,0,9,99,9,99,2,1,6,1,25,5,-1,-1,-1,-1,4,1,E01002698,0
Unvalidated,2024010503003,2024,010503003,2,9,0,99,9,9,99,0,9,99,9,99,9,9,6,3,-1,-1,-1,-1,-1,-1,-1,-1,-1,0
Unvalidated,2024010503005,2024,010503005,1,9,0,7,7,1,0,1,1,0,7,0,1,1,6,1,24,5,-1,-1,-1,-1,3,1,E01024092,0
Unvalidated,2024010503009,2024,010503009,1,9,0,18,1,5,0,1,0,0,0,0,1,1,6,3,-1,-1,-1,-1,-1,-1,-1,-1,-1,0
Unvalidated,2024010503009,2024,010503009,2,9,0,4,1,5,0,1,0,0,0,0,2,1,6,1,53,8,-1,-1,-1,-1,2,1,E01004400,0
Unvalidated,2024010503009,2024,010503009,3,8,0,3,1,5,0,1,0,0,0,0,2,1,1,1,64,9,-1,-1,-1,-1,5,1,E01003664,0
Unvalidated,2024010503009,2024,010503009,4,9,0,18,1,5,0,1,0,0,0,0,2,1,6,3,-1,-1,-1,-1,-1,-1,-1,-1,-1,0
Unvalidated,2024010503011,2024,010503011,1,11,0,5,2,6,0,1,0,0,0,0,1,1,1,1,68,10,-1,-1,-1,-1,-1,-1,-1,0
Unvalidated,2024010503011,2024,010503011,2,4,0,3,2,6,0,1,0,0,0,0,2,1,6,2,39,7,-1,-1,-1,-1,5,1,E01001088,0
Unvalidated,2024010503016,2024,010503016,1,97,0,99,9,9,0,1,0,0,3,0,1,1,6,3,-1,-1,-1,-1,-1,-1,-1,-1,-1,0
Unvalidated,2024010503017,2024,010503017,1,11,0,18,1,5,2,0,0,0,0,0,1,1,1,1,47,8,-1,-1,-1,-1,4,1,E01003090,0
Unvalidated,2024010503017,2024,010503017,2,3,0,4,1,5,2,0,5,0,0,0,2,1,6,1,42,7,-1,-1,-1,-1,4,1,E01003332,0
Unvalidated,2024010503018,2024,010503018,1,9,0,5,1,5,0,1,0,0,0,0,1,1,6,1,81,11,-1,-1,-1,-1,3,1,E01033100,0
Unvalidated,2024010503019,2024,010503019,1,1,0,18,1,5,0,2,0,0,0,0,3,1,2,1,27,6,-1,-1,-1,-1,2,1,E01001509,0
Unvalidated,2024010503019,2024,010503019,2,9,0,5,1,5,0,2,0,0,0,0,4,1,6,3,-1,-1,-1,-1,-1,-1,-1,-1,-1,0
Unvalidated,2024010503020,2024,010503020,1,9,0,18,3,7,0,1,1,10,1,2,1,1,6,1,38,7,-1,-1,-1,-1,10,1,E01030948,0
Unvalidated,2024010503023,2024,010503023,1,1,9,99,9,9,99,9,9,99,9,99,1,1,1,1,24,5,-1,-1,-1,-1,5,1,E01000975,0
Unvalidated,2024010503023,2024,010503023,2,11,0,99,9,9,99,9,9,99,9,99,1,1,6,3,66,10,-1,-1,-1,-1,4,1,E01001090,0
Unvalidated,2024010503025,2024,010503025,1,1,9,99,9,9,99,9,9,99,9,99,1,1,2,1,33,6,-1,-1,-1,-1,10,1,E01002189,0
Unvalidated,2024010503025,2024,010503025,2,9,0,99,9,9,99,9,9,99,9,99,1,9,6,3,31,6,-1,-1,-1,-1,8,1,E01002238,0
Unvalidated,2024010503026,2024,010503026,1,1,0,18,3,7,1,8,0,0,0,0,1,1,2,1,49,8,-1,-1,-1,-1,-1,-1,-1,0
Unvalidated,2024010503026,2024,010503026,2,90,0,18,1,5,0,8,0,0,0,0,3,1,6,1,39,7,-1,-1,-1,-1,1,1,E01001729,0
Unvalidated,2024010503035,2024,010503035,1,1,0,18,7,3,4,0,0,0,0,0,1,1,2,2,26,6,-1,-1,-1,-1,9,1,E01003478,0
Unvalidated,2024010503037,2024,010503037,1,11,0,18,6,2,2,1,0,0,0,0,1,1,1,1,51,8,-1,-1,-1,-1,8,1,E01002322,0
Unvalidated,2024010503037,2024,010503037,2,9,0,7,1,2,0,5,0,0,0,0,4,1,6,1,21,5,-1,-1,-1,-1,3,1,E01003539,0
Unvalidated,2024010503039,2024,010503039,1,9,4,99,9,9,99,9,9,99,9,99,9,9,1,1,38,7,-1,-1,-1,-1,2,1,E01001152,0
Unvalidated,2024010503039,2024,010503039,2,9,4,99,9,9,99,9,9,99,9,99,9,9,6,3,-1,-1,-1,-1,-1,-1,-1,-1,-1,0
Unvalidated,2024010503042,2024,010503042,1,11,0,4,7,3,0,0,0,0,0,0,0,1,1,1,47,8,-1,-1,-1,-1,6,1,E01003753,0
Unvalidated,2024010503042,2024,010503042,2,9,9,4,7,3,0,0,9,0,0,0,0,9,6,3,-1,-1,-1,-1,-1,-1,-1,-1,-1,0
Unvalidated,2024010503047,2024,010503047,1,3,0,99,9,9,99,9,9,99,9,99,9,1,1,3,23,5,-1,-1,-1,-1,3,1,E01001244,0
Unvalidated,2024010503047,2024,010503047,2,9,0,99,9,9,99,9,9,99,9,99,9,9,6,3,-1,-1,-1,-1,-1,-1,-1,-1,-1,0
Unvalidated,2024010503057,2024,010503057,1,9,0,99,9,9,99,0,9,99,9,99,9,9,6,3,-1,-1,-1,-1,-1,-1,-1,-1,-1,0
Unvalidated,2024010503060,2024,010503060,1,9,0,99,9,9,99,5,9,99,9,99,2,9,6,2,49,8,-1,-1,-1,-1,10,1,E01030837,0
Unvalidated,2024010503060,2024,010503060,2,9,0,99,9,9,99,6,9,99,9,99,1,9,6,3,-1,-1,-1,-1,-1,-1,-1,-1,-1,0
Unvalidated,2024010503061,2024,010503061,1,3,0,99,9,9,99,9,9,99,9,99,2,1,1,1,34,6,-1,-1,-1,-1,9,1,E01000455,0
Unvalidated,2024010503061,2024,010503061,2,9,0,99,9,9,99,9,9,99,9,99,1,9,6,3,-1,-1,-1,-1,-1,-1,-1,-1,-1,0
Unvalidated,2024010503063,2024,010503063,1,19,0,2,0,0,0,0,0,10,0,0,2,1,6,3,-1,-1,-1,-1,-1,-1,-1,-1,-1,0
Unvalidated,2024010503063,2024,010503063,2,9,0,18,1,5,4,0,0,4,0,0,1,1,6,1,58,9,-1,-1,-1,-1,3,1,E01001669,0
Unvalidated,2024010503065,2024,010503065,1,9,0,99,9,9,99,9,9,99,9,99,1,1,6,3,-1,-1,-1,-1,-1,-1,2,1,E01015794,0
Unvalidated,2024010503073,2024,010503073,1,9,0,99,9,9,99,9,9,99,9,99,9,9,6,2,58,9,-1,-1,-1,-1,10,1,E01000839,0
Unvalidated,2024010503073,2024,010503073,2,9,0,99,9,9,99,9,9,99,9,99,1,9,6,3,-1,-1,-1,-1,-1,-1,-1,-1,-1,0
Unvalidated,2024010503075,2024,010503075,1,9,0,4,8,4,0,0,0,0,0,0,2,1,6,1,74,10,-1,-1,-1,-1,6,1,E01021448,0
Unvalidated,2024010503075,2024,010503075,2,9,0,4,8,4,0,0,0,4,0,0,2,1,6,2,40,7,-1,-1,-1,-1,-1,-1,-1,0
Unvalidated,2024010503075,2024,010503075,3,9,0,18,8,4,0,0,0,4,0,0,1,1,6,2,74,10,-1,-1,-1,-1,10,3,E01022062,0
Unvalidated,2024010503076,2024,010503076,1,1,0,4,3,7,4,5,0,0,0,0,1,1,6,3,25,5,-1,-1,-1,-1,-1,-1,-1,0
Unvalidated,2024010503093,2024,010503093,1,1,9,99,9,9,99,9,9,99,9,99,1,1,6,3,-1,-1,-1,-1,-1,-1,-1,-1,-1,0
Unvalidated,2024010503094,2024,010503094,1,3,0,99,9,9,99,9,9,99,9,99,1,1,6,1,30,6,-1,-1,-1,-1,3,1,E01001479,0
Unvalidated,2024010503094,2024,010503094,2,9,0,99,9,9,99,9,9,99,9,99,9,9,6,3,-1,-1,-1,-1,-1,-1,-1,-1,-1,0
Unvalidated,2024010503105,2024,010503105,1,9,0,99,9,9,99,0,9,99,9,99,9,9,6,1,56,9,-1,-1,-1,-1,2,1,E01004423,0
Unvalidated,2024010503105,2024,010503105,2,1,9,99,9,9,99,0,9,99,9,99,9,1,6,3,-1,-1,-1,-1,-1,-1,1,1,E01033153,0
Unvalidated,2024010503114,2024,010503114,1,9,0,18,7,3,0,1,0,0,4,0,1,1,1,1,43,7,-1,-1,-1,-1,2,1,E01000051,0
Unvalidated,2024010503114,2024,010503114,2,9,0,18,7,3,0,1,0,0,0,0,1,1,6,1,27,6,-1,-1,-1,-1,5,1,E01003664,0
Unvalidated,2024010503114,2024,010503114,3,9,0,18,3,7,0,1,0,0,0,0,1,1,6,1,21,5,-1,-1,-1,-1,5,1,E01003664,0
Unvalidated,2024010503122,2024,010503122,1,9,0,99,9,9,99,9,9,99,9,99,9,9,6,2,26,6,-1,-1,-1,-1,-1,-1,-1,0
Unvalidated,2024010503122,2024,010503122,2,9,0,99,9,9,99,9,9,99,9,99,1,9,6,3,-1,-1,-1,-1,-1,-1,3,1,E01001238,0
Unvalidated,2024010503127,2024,010503127,1,3,0,99,9,9,99,9,9,99,9,99,1,1,1,3,21,5,-1,-1,-1,-1,2,1,E01001439,0
Unvalidated,2024010503127,2024,010503127,2,9,9,99,9,9,99,9,9,99,9,99,9,9,6,3,-1,-1,-1,-1,-1,-1,-1,-1,-1,0
Unvalidated,2024010503144,2024,010503144,1,1,9,99,9,9,99,0,9,99,9,99,1,1,2,1,31,6,-1,-1,-1,-1,2,1,E01001750,0
Unvalidated,2024010503144,2024,010503144,2,3,0,99,9,9,99,0,9,99,9,99,1,1,6,3,17,4,-1,-1,-1,-1,2,1,E01001753,0
Unvalidated,2024010503147,2024,010503147,1,9,0,9,7,5,0,6,0,0,0,0,1,1,6,2,37,7,-1,-1,-1,-1,1,1,E01001562,0
Unvalidated,2024010503147,2024,010503147,2,9,0,9,1,7,0,1,0,0,0,0,3,1,6,2,39,7,-1,-1,-1,-1,1,1,E01001427,0
Unvalidated,2024010503148,2024,010503148,1,19,0,3,7,3,0,0,0,0,0,0,2,1,1,1,59,9,-1,-1,-1,-1,-1,-1,-1,0
Unvalidated,2024010503148,2024,010503148,2,9,0,18,7,3,0,0,0,0,0,0,1,1,6,3,-1,-1,-1,-1,-1,-1,-1,-1,-1,0
Unvalidated,2024010503149,2024,010503149,1,11,0,18,1,5,0,1,0,0,0,0,1,1,1,1,26,6,-1,-1,-1,-1,3,1,E01002647,0
Unvalidated,2024010503149,2024,010503149,2,9,0,11,1,5,0,8,0,0,0,0,2,1,6,1,35,6,-1,-1,-1,-1,5,1,E01016460,0
Unvalidated,2024010503151,2024,010503151,1,11,0,5,5,1,0,1,0,0,0,0,0,1,1,1,30,6,-1,-1,-1,-1,5,1,E01004521,0
Unvalidated,2024010503152,2024,010503152,1,9,0,99,9,9,99,9,9,99,9,99,2,9,6,2,38,7,-1,-1,-1,-1,2,1,E01004405,0
Unvalidated,2024010503152,2024,010503152,2,98,0,99,9,9,99,9,9,99,9,99,2,9,6,3,-1,-1,-1,-1,-1,-1,-1,-1,-1,0
Unvalidated,2024010503155,2024,010503155,1,1,9,99,9,9,99,1,9,99,9,99,9,1,6,1,31,6,-1,-1,-1,-1,6,1,E01001573,0
Unvalidated,2024010503155,2024,010503155,2,19,0,99,9,9,99,6,9,99,9,99,1,9,6,3,-1,-1,-1,-1,-1,-1,-1,-1,-1,0
Unvalidated,2024010503158,2024,010503158,1,8,0,99,9,9,99,9,9,99,9,99,0,9,6,3,-1,-1,-1,-1,-1,-1,-1,-1,-1,0
Unvalidated,2024010503159,2024,010503159,1,9,0,99,9,9,99,9,9,99,9,99,9,9,6,3,56,9,-1,-1,-1,-1,3,1,E01001638,0
Unvalidated,2024010503160,2024,010503160,1,9,0,5,3,7,0,8,0,4,0,0,1,1,6,1,43,7,-1,-1,-1,-1,2,1,E01004467,0
Unvalidated,2024010503160,2024,010503160,2,9,0,18,1,5,0,8,0,0,0,0,4,1,2,2,54,8,-1,-1,-1,-1,3,1,E01003520,0
Unvalidated,2024010503160,2024,010503160,3,9,0,2,0,0,0,2,0,0,1,0,3,1,6,3,-1,-1,-1,-1,-1,-1,-1,-1,-1,0
Unvalidated,2024010503164,2024,010503164,1,11,0,5,7,3,0,2,0,0,0,0,0,1,1,1,64,9,-1,-1,-1,-1,4,1,E01000995,0
Unvalidated,2024010503170,2024,010503170,1,1,9,99,9,9,99,9,9,99,9,99,1,1,6,3,-1,-1,-1,-1,-1,-1,-1,-1,-1,0
Unvalidated,2024010503171,2024,010503171,1,19,0,18,4,8,0,0,0,0,0,0,1,1,1,1,48,8,-1,-1,-1,-1,2,1,E01004233,0
Unvalidated,2024010503171,2024,010503171,2,1,0,18,4,8,0,0,0,0,0,0,2,1,1,1,30,6,-1,-1,-1,-1,1,1,E01001786,0
Unvalidated,2024010503173,2024,010503173,1,9,0,18,1,5,0,1,0,0,0,0,0,1,1,1,54,8,-1,-1,-1,-1,-1,-1,-1,0
Unvalidated,2024010503173,2024,010503173,2,9,0,13,1,5,9,1,0,0,7,4,1,1,6,1,24,5,-1,-1,-1,-1,-1,-1,-1,0
Unvalidated,2024010503181,2024,010503181,1,9,0,9,6,3,0,1,0,0,0,0,4,1,6,1,33,6,-1,-1,-1,-1,1,1,E01002040,0
Unvalidated,2024010503181,2024,010503181,2,5,0,18,2,6,0,1,0,0,0,0,1,1,6,1,32,6,-1,-1,-1,-1,2,1,E01033702,0
Unvalidated,2024010503183,2024,010503183,1,9,0,99,9,9,99,9,9,99,9,99,2,9,6,1,52,8,-1,-1,-1,-1,8,1,E01017818,0
Unvalidated,2024010503183,2024,010503183,2,9,0,99,9,9,99,9,9,99,9,99,1,9,6,3,-1,-1,-1,-1,-1,-1,1,1,E01000106,0
Unvalidated,2024010503188,2024,010503188,1,9,0,99,9,9,99,0,9,99,9,99,2,9,6,1,36,7,-1,-1,-1,-1,2,1,E01001795,0
Unvalidated,2024010503189,2024,010503189,1,9,0,99,9,9,99,5,9,99,9,99,1,1,6,3,48,8,-1,-1,-1,-1,8,1,E01002985,0
Unvalidated,2024010503190,2024,010503190,1,3,0,18,3,7,0,2,0,0,0,0,1,1,1,1,22,5,-1,-1,-1,-1,6,1,E01000219,0
Unvalidated,2024010503190,2024,010503190,2,8,0,6,3,3,0,2,0,0,0,0,3,1,6,1,55,8,-1,-1,-1,-1,2,1,E01003732,0
Unvalidated,2024010503191,2024,010503191,1,9,0,17,6,2,0,8,0,0,0,0,3,1,2,2,55,8,-1,-1,-1,-1,6,1,E01002555,0
Unvalidated,2024010503191,2024,010503191,2,1,0,18,3,7,0,8,0,0,0,0,1,1,2,1,54,8,-1,-1,-1,-1,5,2,E01020454,0
Unvalidated,2024010503193,2024,010503193,1,3,0,18,5,1,0,8,1,0,0,0,3,1,2,1,27,6,-1,-1,-1,-1,6,1,E01003764,0
Unvalidated,2024010503193,2024,010503193,2,9,0,10,1,7,0,8,0,0,0,0,0,1,6,1,-1,-1,-1,-1,-1,-1,-1,-1,-1,0
Unvalidated,2024010503196,2024,010503196,1,9,0,18,5,1,0,8,0,0,0,0,1,1,2,1,35,6,-1,-1,-1,-1,3,1,E01003081,0
Unvalidated,2024010503196,2024,010503196,2,9,0,9,1,6,0,1,0,0,0,0,1,1,6,3,23,5,-1,-1,-1,-1,-1,-1,-1,0
Unvalidated,2024010503199,2024,010503199,1,1,0,18,4,8,4,8,0,0,0,0,1,1,6,1,37,7,-1,-1,-1,-1,3,1,E01001668,0
Unvalidated,2024010503199,2024,010503199,2,19,0,7,2,4,0,8,0,0,0,0,1,1,1,1,39,7,-1,-1,-1,-1,4,1,E01003249,0
Unvalidated,2024010503201,2024,010503201,1,1,0,18,5,1,0,0,0,0,0,0,0,1,1,1,32,6,-1,-1,-1,-1,4,1,E01003934,0
Unvalidated,2024010503205,2024,010503205,1,3,9,99,9,9,99,9,9,99,9,99,2,1,1,1,35,6,-1,-1,-1,-1,-1,-1,-1,0
Unvalidated,2024010503205,2024,010503205,2,11,9,99,9,9,99,9,9,99,9,99,9,9,6,3,-1,-1,-1,-1,-1,-1,-1,-1,-1,0
Unvalidated,2024010503212,2024,010503212,1,1,0,18,1,5,0,6,0,0,0,0,1,1,2,1,24,5,-1,-1,-1,-1,3,1,E01002771,0
Unvalidated,2024010503215,2024,010503215,1,3,0,99,9,9,99,9,9,99,9,99,9,1,1,1,38,7,-1,-1,-1,-1,3,1,E01001505,0
Unvalidated,2024010503215,2024,010503215,2,9,0,99,9,9,99,9,9,99,9,99,3,9,6,3,-1,-1,-1,-1,-1,-1,-1,-1,-1,0
Unvalidated,2024010503228,2024,010503228,1,1,9,99,9,9,99,9,9,99,9,99,0,1,2,1,46,8,-1,-1,-1,-1,4,1,E01003658,0
Unvalidated,2024010503228,2024,010503228,2,9,0,99,9,9,99,9,9,99,9,99,9,9,6,3,31,6,-1,-1,-1,-1,2,1,E01023339,0
Unvalidated,2024010503233,2024,010503233,1,90,0,99,9,9,99,9,9,99,9,99,2,9,6,2,45,7,-1,-1,-1,-1,5,1,E01023533,0
Unvalidated,2024010503233,2024,010503233,2,90,0,99,9,9,99,9,9,99,9,99,9,9,6,3,-1,-1,-1,-1,-1,-1,-1,-1,-1,0
Unvalidated,2024010503234,2024,010503234,1,3,0,99,9,9,99,9,9,99,9,99,9,1,1,3,33,6,-1,-1,-1,-1,1,1,E01002026,0
Unvalidated,2024010503234,2024,010503234,2,9,0,99,9,9,99,9,9,99,9,99,9,9,6,3,-1,-1,-1,-1,-1,-1,-1,-1,-1,0
Unvalidated,2024010503235,2024,010503235,1,3,0,18,5,1,0,1,0,0,0,0,1,1,1,1,40,7,-1,-1,-1,-1,5,1,E01000383,0
Unvalidated,2024010503236,2024,010503236,1,3,0,99,9,9,99,9,9,99,9,99,2,1,6,1,30,6,-1,-1,-1,-1,3,1,E01002133,0
Unvalidated,2024010503236,2024,010503236,2,9,0,99,9,9,99,9,9,99,9,99,1,9,6,3,59,9,-1,-1,-1,-1,7,1,E01002171,0
Unvalidated,2024010503237,2024,010503237,1,9,0,18,1,5,0,2,0,10,0,0,3,1,1,1,56,9,-1,-1,-1,-1,6,3,E01031692,0
Unvalidated,2024010503237,2024,010503237,2,9,0,13,1,5,0,2,1,0,0,0,4,1,6,1,24,5,-1,-1,-1,-1,3,1,E01003025,0
Unvalidated,2024010503237,2024,010503237,3,9,0,16,1,5,0,7,0,0,1,4,3,1,2,1,36,7,-1,-1,-1,-1,8,1,E01004171,0
Unvalidated,2024010503241,2024,010503241,1,3,0,99,9,9,99,9,9,99,9,99,9,1,1,1,32,6,-1,-1,-1,-1,5,1,E01002591,0
Unvalidated,2024010503241,2024,010503241,2,9,0,99,9,9,99,9,9,99,9,99,9,9,6,3,-1,-1,-1,-1,-1,-1,-1,-1,-1,0
Unvalidated,2024010503242,2024,010503242,1,1,0,99,9,9,0,1,0,0,0,0,1,1,6,3,33,6,-1,-1,-1,-1,4,1,E01003278,0
Unvalidated,2024010503242,2024,010503242,2,9,0,99,9,9,0,1,0,0,0,0,1,9,6,2,41,7,-1,-1,-1,-1,4,1,E01003277,0
Unvalidated,2024010503249,2024,010503249,1,3,0,99,9,9,99,9,9,99,9,99,9,1,1,2,23,5,-1,-1,-1,-1,7,1,E01002182,0
Unvalidated,2024010503249,2024,010503249,2,9,0,99,9,9,99,9,9,99,9,99,9,9,6,3,-1,-1,-1,-1,-1,-1,-1,-1,-1,0
Unvalidated,2024010503251,2024,010503251,1,1,0,18,5,1,5,6,0,0,0,0,1,1,6,2,15,3,-1,-1,-1,-1,1,1,E01000596,0
Unvalidated,2024010503258,2024,010503258,1,9,0,99,9,9,99,9,9,99,9,99,2,9,2,2,37,7,-1,-1,-1,-1,10,1,E01000815,0
Unvalidated,2024010503258,2024,010503258,2,9,0,99,9,9,99,9,9,99,9,99,1,9,6,3,-1,-1,-1,-1,-1,-1,10,1,E01024468,0
Unvalidated,2024010503259,2024,010503259,1,5,0,99,9,9,99,9,9,99,9,99,1,1,2,1,53,8,-1,-1,-1,-1,8,1,E01004168,0
Unvalidated,2024010503259,2024,010503259,2,9,0,99,9,9,99,9,9,99,9,99,2,9,6,3,44,7,-1,-1,-1,-1,7,1,E01003419,0
Unvalidated,2024010503270,2024,010503270,1,19,0,18,3,7,0,1,0,0,0,0,1,1,1,1,36,7,-1,-1,-1,-1,3,1,E01003976,0
Unvalidated,2024010503272,2024,010503272,1,9,0,99,9,9,99,9,9,99,9,99,9,9,1,2,24,5,-1,-1,-1,-1,6,2,E01026492,0
Unvalidated,2024010503272,2024,010503272,2,9,9,99,9,9,99,9,9,99,9,99,9,9,6,3,-1,-1,-1,-1,-1,-1,-1,-1,-1,0
Unvalidated,2024010503275,2024,010503275,1,19,0,17,3,7,0,0,0,0,0,0,1,1,1,1,32,6,-1,-1,-1,-1,4,1,E01002677,0
Unvalidated,2024010503278,2024,010503278,1,11,0,18,7,3,2,1,0,0,0,0,0,1,1,2,27,6,-1,-1,-1,-1,9,1,E01003158,0
Unvalidated,2024010503279,2024,010503279,1,19,3,4,3,7,0,8,0,0,0,0,0,1,1,1,51,8,-1,-1,-1,-1,10,1,E01002937,0
Unvalidated,2024010503284,2024,010503284,1,4,3,18,3,7,0,1,2,0,0,0,3,1,6,1,32,6,-1,-1,-1,-1,3,1,E01000312,0
Unvalidated,2024010503297,2024,010503297,1,9,9,99,9,9,99,9,9,99,9,99,9,1,6,3,-1,-1,-1,-1,-1,-1,-1,-1,-1,0
Unvalidated,2024010503297,2024,010503297,2,90,0,99,9,9,99,9,9,99,9,99,9,1,6,1,65,9,-1,-1,-1,-1,4,1,E01000532,1
Unvalidated,2024010503298,2024,010503298,1,3,0,7,5,6,9,0,0,0,0,0,3,1,1,1,36,7,-1,-1,-1,-1,-1,-1,-1,0
Unvalidated,2024010503298,2024,010503298,2,5,0,18,1,5,0,0,0,0,0,0,1,1,6,1,36,7,-1,-1,-1,-1,-1,-1,-1,0
Unvalidated,2024010503302,2024,010503302,1,19,0,7,7,8,0,2,0,0,0,0,1,1,2,1,30,6,-1,-1,-1,-1,1,1,E01001838,0
Unvalidated,2024010503303,2024,010503303,1,9,0,7,5,7,0,5,0,0,0,0,4,1,6,1,23,5,-1,-1,-1,-1,4,1,E01033745,0
Unvalidated,2024010503303,2024,010503303,2,9,0,18,5,1,2,8,1,0,1,2,1,1,6,1,36,7,-1,-1,-1,-1,10,1,E01000833,0
Unvalidated,2024010503306,2024,010503306,1,1,0,18,7,3,4,8,0,0,0,0,3,1,2,1,31,6,-1,-1,-1,-1,2,1,E01003126,0
Unvalidated,2024010503306,2024,010503306,2,9,0,7,7,2,0,5,0,0,0,0,4,2,6,2,39,7,-1,-1,-1,-1,6,1,E01004581,0
Unvalidated,2024010503310,2024,010503310,1,1,9,99,9,9,99,9,9,99,9,99,9,1,2,2,33,6,-1,-1,-1,-1,6,1,E01002062,0
Unvalidated,2024010503310,2024,010503310,2,9,0,99,9,9,99,9,9,99,9,99,9,9,6,3,41,7,-1,-1,-1,-1,1,1,E01002734,0
Unvalidated,2024010503312,2024,010503312,1,9,0,18,1,5,0,2,0,0,0,0,4,1,6,2,24,5,-1,-1,-1,-1,6,1,E01002422,0
Unvalidated,2024010503316,2024,010503316,1,9,0,3,5,1,0,0,0,0,0,0,2,1,6,1,30,6,-1,-1,-1,-1,3,1,E01033492,0
Unvalidated,2024010503316,2024,010503316,2,3,0,18,5,1,0,0,0,0,0,0,1,1,6,1,17,4,-1,-1,-1,-1,5,1,E01002739,0