status,collision_index,collision_year,collision_reference,vehicle_reference,vehicle_type,towing_and_articulation,vehicle_manoeuvre,vehicle_direction_from,vehicle_direction_to,vehicle_location_restricted_lane,junction_location,skidding_and_overturning,hit_object_in_carriageway,vehicle_leaving_carriageway,hit_object_off_carriageway,first_point_of_impact,vehicle_left_hand_drive,journey_purpose_of_driver,sex_of_driver,age_of_driver,age_band_of_driver,engine_capacity_cc,propulsion_code,age_of_vehicle,generic_make_model,driver_imd_decile,driver_home_area_type,lsoa_of_driver,escooter_flag
Unvalidated,2024010503317,2024,010503317,1,11,0,4,3,7,0,1,0,0,0,0,0,1,6,1,36,7,-1,-1,-1,-1,6,1,E01023396,0
Unvalidated,2024010503322,2024,010503322,1,9,0,15,5,1,0,8,0,0,0,0,4,1,6,1,24,5,-1,-1,-1,-1,-1,-1,-1,0
Unvalidated,2024010503322,2024,010503322,2,90,0,4,5,1,0,1,0,0,0,0,3,1,2,1,23,5,-1,-1,-1,-1,6,1,E01002186,1
Unvalidated,2024010503324,2024,010503324,1,8,0,18,3,7,0,0,0,0,0,0,4,1,1,1,57,9,-1,-1,-1,-1,2,1,E01002840,0
Unvalidated,2024010503324,2024,010503324,2,1,0,18,3,7,9,0,0,0,0,0,3,1,6,1,40,7,-1,-1,-1,-1,3,1,E01004678,0
Unvalidated,2024010503328,2024,010503328,1,9,0,18,7,3,0,8,0,0,0,0,1,1,6,3,-1,-1,-1,-1,-1,-1,-1,-1,-1,0
Unvalidated,2024010503329,2024,010503329,1,9,0,2,0,0,0,1,0,0,0,0,4,1,6,3,-1,-1,-1,-1,-1,-1,-1,-1,-1,0
Unvalidated,2024010503329,2024,010503329,2,1,0,5,7,3,0,1,0,0,0,0,1,1,6,1,19,4,-1,-1,-1,-1,10,1,E01030404,0
Unvalidated,2024010503331,2024,010503331,1,3,0,18,3,7,0,8,0,0,0,0,1,1,6,2,21,5,-1,-1,-1,-1,-1,-1,-1,0
Unvalidated,2024010503332,2024,010503332,1,9,0,99,9,9,99,9,9,99,9,99,2,9,6,2,29,6,-1,-1,-1,-1,2,1,E01004014,0
Unvalidated,2024010503332,2024,010503332,2,9,0,99,9,9,99,9,9,99,9,99,0,9,6,3,-1,-1,-1,-1,-1,-1,-1,-1,-1,0
Unvalidated,2024010503332,2024,010503332,3,9,0,99,9,9,99,9,9,99,9,99,1,9,6,3,26,6,-1,-1,-1,-1,2,1,E01001152,0
Unvalidated,2024010503335,2024,010503335,1,9,0,99,9,9,99,9,9,99,9,99,2,9,6,2,54,8,-1,-1,-1,-1,6,1,E01004532,0
Unvalidated,2024010503335,2024,010503335,2,9,0,99,9,9,99,9,9,99,9,99,9,9,6,3,-1,-1,-1,-1,-1,-1,5,1,E01004624,0
Unvalidated,2024010503336,2024,010503336,1,9,0,9,2,7,0,8,0,0,0,0,1,1,6,2,28,6,-1,-1,-1,-1,1,1,E01032512,0
Unvalidated,2024010503337,2024,010503337,1,9,0,9,4,2,0,1,0,0,0,0,1,1,6,2,46,8,-1,-1,-1,-1,6,1,E01003261,0
Unvalidated,2024010503337,2024,010503337,2,4,0,18,1,5,0,1,0,0,0,0,1,1,6,1,24,5,-1,-1,-1,-1,2,1,E01001710,0
Unvalidated,2024010503339,2024,010503339,1,9,0,9,3,8,0,8,0,0,0,0,3,1,2,1,66,10,-1,-1,-1,-1,8,1,E01003460,0
Unvalidated,2024010503341,2024,010503341,1,9,0,18,1,5,0,2,0,0,0,0,1,1,6,3,-1,-1,-1,-1,-1,-1,-1,-1,-1,0
Unvalidated,2024010503342,2024,010503342,1,5,0,99,9,9,99,9,9,99,9,99,2,1,1,1,33,6,-1,-1,-1,-1,3,1,E01000641,0
Unvalidated,2024010503342,2024,010503342,2,9,0,99,9,9,99,9,9,99,9,99,1,9,6,3,37,7,-1,-1,-1,-1,4,1,E01000547,0
Unvalidated,2024010503347,2024,010503347,1,1,9,99,9,9,99,9,9,99,9,99,9,1,2,1,27,6,-1,-1,-1,-1,6,1,E01004493,0
Unvalidated,2024010503347,2024,010503347,2,9,9,99,9,9,99,9,9,99,9,99,9,9,6,3,61,9,-1,-1,-1,-1,8,1,E01002859,0
Unvalidated,2024010503348,2024,010503348,1,9,0,4,7,3,0,0,0,0,0,0,4,1,6,1,26,6,-1,-1,-1,-1,7,1,E01016239,0
Unvalidated,2024010503348,2024,010503348,2,3,0,18,7,3,0,0,0,0,0,0,1,1,6,2,20,4,-1,-1,-1,-1,6,1,E01002670,0
Unvalidated,2024010503350,2024,010503350,1,19,0,3,5,1,0,1,0,0,0,0,1,1,6,3,-1,-1,-1,-1,-1,-1,-1,-1,-1,0
Unvalidated,2024010503350,2024,010503350,2,9,0,8,1,2,0,1,0,0,0,0,2,1,6,1,22,5,-1,-1,-1,-1,3,1,E01001436,0
Unvalidated,2024010503353,2024,010503353,1,9,0,99,9,9,99,9,9,99,9,99,2,9,2,1,32,6,-1,-1,-1,-1,9,1,E01033313,0
Unvalidated,2024010503353,2024,010503353,2,9,0,99,9,9,99,9,9,99,9,99,1,9,6,3,-1,-1,-1,-1,-1,-1,-1,-1,-1,0
Unvalidated,2024010503357,2024,010503357,1,9,0,9,5,3,0,6,0,0,0,0,1,1,6,1,25,5,-1,-1,-1,-1,3,1,E01001116,0
Unvalidated,2024010503357,2024,010503357,2,3,0,18,3,7,0,1,0,0,0,0,1,1,6,1,29,6,-1,-1,-1,-1,4,1,E01003186,0
Unvalidated,2024010503359,2024,010503359,1,9,0,18,7,3,0,8,0,0,0,0,1,1,6,3,-1,-1,-1,-1,-1,-1,-1,-1,-1,0
Unvalidated,2024010503361,2024,010503361,1,9,0,9,6,3,0,1,0,0,0,0,4,1,6,1,28,6,-1,-1,-1,-1,4,1,E01004027,0
Unvalidated,2024010503361,2024,010503361,2,1,0,18,3,7,0,1,0,0,0,0,1,1,1,1,33,6,-1,-1,-1,-1,3,1,E01003014,0
Unvalidated,2024010503364,2024,010503364,1,9,0,18,6,2,0,1,0,0,1,10,1,1,6,1,66,10,-1,-1,-1,-1,4,1,E01004366,0
Unvalidated,2024010503365,2024,010503365,1,3,0,18,1,5,0,1,0,0,0,0,1,1,2,1,44,7,-1,-1,-1,-1,4,1,E01003216,0
Unvalidated,2024010503366,2024,010503366,1,2,0,3,7,3,0,1,1,0,0,0,0,1,6,1,22,5,-1,-1,-1,-1,1,1,E01000105,0
Unvalidated,2024010503369,2024,010503369,1,9,0,18,5,1,0,1,0,0,0,0,1,1,6,3,-1,-1,-1,-1,-1,-1,-1,-1,-1,0
Unvalidated,2024010503369,2024,010503369,2,2,0,3,1,5,0,8,0,0,0,0,1,1,2,1,38,7,-1,-1,-1,-1,3,1,E01001481,0
Unvalidated,2024010503372,2024,010503372,1,3,0,99,9,9,99,9,9,99,9,99,9,1,6,1,25,5,-1,-1,-1,-1,6,1,E01000924,0
Unvalidated,2024010503372,2024,010503372,2,9,0,99,9,9,99,9,9,99,9,99,1,9,6,1,-1,-1,-1,-1,-1,-1,-1,-1,-1,0
Unvalidated,2024010503376,2024,010503376,1,3,0,99,9,9,99,9,9,99,9,99,9,1,1,3,33,6,-1,-1,-1,-1,2,1,E01003497,0
Unvalidated,2024010503376,2024,010503376,2,9,0,99,9,9,99,9,9,99,9,99,9,9,6,3,-1,-1,-1,-1,-1,-1,-1,-1,-1,0
Unvalidated,2024010503382,2024,010503382,1,3,0,99,9,9,99,9,9,99,9,99,9,1,1,1,23,5,-1,-1,-1,-1,5,1,E01003130,0
Unvalidated,2024010503382,2024,010503382,2,9,0,99,9,9,99,9,9,99,9,99,9,9,6,3,-1,-1,-1,-1,-1,-1,-1,-1,-1,0
Unvalidated,2024010503394,2024,010503394,1,3,0,99,9,9,99,9,9,99,9,99,9,1,1,3,33,6,-1,-1,-1,-1,5,1,E01001685,0
Unvalidated,2024010503394,2024,010503394,2,9,9,99,9,9,99,9,9,99,9,99,9,9,6,3,-1,-1,-1,-1,-1,-1,-1,-1,-1,0
Unvalidated,2024010503395,2024,010503395,1,3,0,99,9,9,99,9,9,99,9,99,9,1,1,1,27,6,-1,-1,-1,-1,1,1,E01004042,0
Unvalidated,2024010503395,2024,010503395,2,9,0,99,9,9,99,9,9,99,9,99,9,9,6,3,-1,-1,-1,-1,-1,-1,-1,-1,-1,0
Unvalidated,2024010503404,2024,010503404,1,3,0,99,9,9,99,1,9,99,9,99,1,1,1,3,-1,-1,-1,-1,-1,-1,3,1,E01003374,0
Unvalidated,2024010503404,2024,010503404,2,9,0,99,9,9,99,6,9,99,9,99,1,9,6,3,-1,-1,-1,-1,-1,-1,-1,-1,-1,0
Unvalidated,2024010503409,2024,010503409,1,3,9,18,9,9,99,9,9,99,9,99,1,1,1,1,46,8,-1,-1,-1,-1,4,1,E01001180,0
Unvalidated,2024010503409,2024,010503409,2,9,0,1,9,9,99,9,9,99,9,99,2,9,6,3,-1,-1,-1,-1,-1,-1,-1,-1,-1,0
Unvalidated,2024010503410,2024,010503410,1,9,9,99,9,9,99,0,9,99,9,99,9,9,6,3,-1,-1,-1,-1,-1,-1,-1,-1,-1,0
Unvalidated,2024010503412,2024,010503412,1,1,0,18,1,5,0,1,0,0,0,0,1,1,2,1,38,7,-1,-1,-1,-1,-1,-1,-1,0
Unvalidated,2024010503414,2024,010503414,1,9,0,14,7,3,0,0,0,0,0,0,1,1,1,1,29,6,-1,-1,-1,-1,4,2,E01021799,0
Unvalidated,2024010503415,2024,010503415,1,3,0,99,9,9,99,9,9,99,9,99,9,1,1,1,38,7,-1,-1,-1,-1,2,1,E01002075,0
Unvalidated,2024010503415,2024,010503415,2,9,9,99,9,9,99,9,9,99,9,99,9,9,6,3,-1,-1,-1,-1,-1,-1,-1,-1,-1,0
Unvalidated,2024010503417,2024,010503417,1,3,0,99,9,9,99,9,9,99,9,99,1,1,1,1,29,6,-1,-1,-1,-1,7,1,E01000517,0
Unvalidated,2024010503417,2024,010503417,2,9,0,99,9,9,99,9,9,99,9,99,2,9,6,3,-1,-1,-1,-1,-1,-1,2,1,E01000289,0
Unvalidated,2024010503429,2024,010503429,1,3,9,99,9,9,99,9,9,99,9,99,9,1,6,1,33,6,-1,-1,-1,-1,1,1,E01003515,0
Unvalidated,2024010503429,2024,010503429,2,9,9,99,9,9,99,9,9,99,9,99,9,9,6,3,-1,-1,-1,-1,-1,-1,-1,-1,-1,0
Unvalidated,2024010503431,2024,010503431,1,11,0,16,1,5,0,1,0,0,0,0,0,1,1,1,30,6,-1,-1,-1,-1,-1,-1,-1,0
Unvalidated,2024010503431,2024,010503431,2,19,0,18,5,1,0,1,0,0,0,0,1,1,6,1,58,9,-1,-1,-1,-1,2,1,E01001971,0
Unvalidated,2024010503431,2024,010503431,3,19,0,18,1,5,0,1,0,0,0,0,1,1,1,1,41,7,-1,-1,-1,-1,-1,-1,-1,0
Unvalidated,2024010503434,2024,010503434,1,9,0,3,3,7,0,8,0,0,0,0,1,1,1,1,47,8,-1,-1,-1,-1,3,1,E01002649,0
Unvalidated,2024010503434,2024,010503434,2,9,0,12,3,7,0,8,0,0,0,0,2,1,6,1,43,7,-1,-1,-1,-1,4,1,E01015750,0
Unvalidated,2024010503442,2024,010503442,1,9,0,99,9,9,99,9,9,99,9,99,1,9,6,1,40,7,-1,-1,-1,-1,5,1,E01000636,0
Unvalidated,2024010503442,2024,010503442,2,1,0,3,6,2,0,8,0,0,0,0,2,1,6,1,55,8,-1,-1,-1,-1,5,1,E01000488,0
Unvalidated,2024010503451,2024,010503451,1,9,0,99,9,9,99,9,9,99,9,99,1,9,6,3,-1,-1,-1,-1,-1,-1,-1,-1,-1,0
Unvalidated,2024010503453,2024,010503453,1,1,9,99,9,9,99,1,9,99,9,99,9,1,2,1,35,6,-1,-1,-1,-1,3,1,E01004031,0
Unvalidated,2024010503453,2024,010503453,2,9,0,99,9,9,99,6,9,99,9,99,1,9,6,1,-1,-1,-1,-1,-1,-1,5,3,E01015000,0
Unvalidated,2024010503456,2024,010503456,1,9,0,4,7,3,0,5,0,0,0,0,3,1,1,1,53,8,-1,-1,-1,-1,3,1,E01009448,0
Unvalidated,2024010503456,2024,010503456,2,1,0,4,7,3,0,1,0,0,0,0,1,1,6,2,27,6,-1,-1,-1,-1,2,1,E01000523,0
Unvalidated,2024010503457,2024,010503457,1,9,0,18,1,5,0,0,0,0,0,0,1,1,6,2,78,11,-1,-1,-1,-1,8,1,E01002008,0
Unvalidated,2024010503457,2024,010503457,2,9,0,2,0,0,0,0,0,0,1,0,2,1,6,3,-1,-1,-1,-1,-1,-1,-1,-1,-1,0
Unvalidated,2024010503457,2024,010503457,3,9,0,2,0,0,0,0,0,0,0,0,3,1,6,3,-1,-1,-1,-1,-1,-1,-1,-1,-1,0
Unvalidated,2024010503458,2024,010503458,1,9,0,99,9,9,99,0,9,99,9,99,2,9,2,1,39,7,-1,-1,-1,-1,6,1,E01033738,0
Unvalidated,2024010503458,2024,010503458,2,9,0,99,9,9,99,0,9,99,9,99,1,9,6,3,-1,-1,-1,-1,-1,-1,4,1,E01008451,0
Unvalidated,2024010503460,2024,010503460,1,3,0,99,9,9,99,9,9,99,9,99,9,1,1,1,39,7,-1,-1,-1,-1,2,1,E01004302,0
Unvalidated,2024010503460,2024,010503460,2,19,0,99,9,9,99,9,9,99,9,99,2,9,6,3,-1,-1,-1,-1,-1,-1,-1,-1,-1,0
Unvalidated,2024010503463,2024,010503463,1,3,0,99,9,9,99,1,9,99,9,99,9,1,1,3,25,5,-1,-1,-1,-1,9,1,E01030438,0
Unvalidated,2024010503463,2024,010503463,2,9,9,99,9,9,99,6,9,99,9,99,9,9,6,3,-1,-1,-1,-1,-1,-1,-1,-1,-1,0
Unvalidated,2024010503471,2024,010503471,1,9,0,17,1,5,0,1,0,11,0,0,2,2,6,1,32,6,-1,-1,-1,-1,3,1,E01002706,0
Unvalidated,2024010503471,2024,010503471,2,9,0,18,1,5,0,1,0,0,0,0,1,1,6,3,-1,-1,-1,-1,-1,-1,-1,-1,-1,0
Unvalidated,2024010503473,2024,010503473,1,4,0,18,3,7,0,2,0,0,0,0,4,1,6,1,53,8,-1,-1,-1,-1,6,1,E01001342,0
Unvalidated,2024010503473,2024,010503473,2,9,0,18,3,7,0,8,0,0,0,0,1,1,6,3,-1,-1,-1,-1,-1,-1,-1,-1,-1,0
Unvalidated,2024010503475,2024,010503475,1,9,0,99,9,9,99,9,9,99,9,99,2,9,6,1,40,7,-1,-1,-1,-1,3,1,E01000128,0
Unvalidated,2024010503475,2024,010503475,2,9,0,99,9,9,0,9,0,99,0,0,9,1,6,3,-1,-1,-1,-1,-1,-1,-1,-1,-1,0
Unvalidated,2024010503485,2024,010503485,1,5,0,18,5,1,0,1,1,0,0,0,4,1,1,1,24,5,-1,-1,-1,-1,-1,-1,-1,0
Unvalidated,2024010503485,2024,010503485,2,3,0,18,1,5,0,1,0,0,0,0,1,1,6,3,-1,-1,-1,-1,-1,-1,-1,-1,-1,0
Unvalidated,2024010503492,2024,010503492,1,9,0,18,3,7,0,8,0,0,0,0,1,1,6,1,31,6,-1,-1,-1,-1,2,1,E01000783,0
Unvalidated,2024010503492,2024,010503492,2,9,0,18,5,1,0,8,0,0,0,0,1,1,2,1,23,5,-1,-1,-1,-1,10,1,E01000425,0
Unvalidated,2024010503492,2024,010503492,3,9,0,8,3,5,0,1,0,0,0,0,1,1,6,1,28,6,-1,-1,-1,-1,9,1,E01000696,0
Unvalidated,2024010503497,2024,010503497,1,9,0,18,2,6,0,0,0,0,0,0,1,1,6,3,-1,-1,-1,-1,-1,-1,-1,-1,-1,0
Unvalidated,2024010503497,2024,010503497,2,3,0,18,2,6,0,0,0,0,0,0,2,1,2,1,33,6,-1,-1,-1,-1,1,1,E01002038,0
Unvalidated,2024010503498,2024,010503498,1,19,0,4,7,3,0,2,0,0,0,0,1,1,2,1,30,6,-1,-1,-1,-1,8,1,E01030552,0
Unvalidated,2024010503498,2024,010503498,2,19,0,3,7,3,0,2,0,0,0,0,2,1,6,1,43,7,-1,-1,-1,-1,5,1,E01002371,0
Unvalidated,2024010503498,2024,010503498,3,9,0,3,7,3,0,2,0,0,0,0,2,1,6,2,47,8,-1,-1,-1,-1,7,1,E01002939,0
Unvalidated,2024010503500,2024,010503500,1,5,0,99,9,9,99,9,9,99,9,99,2,1,2,1,57,9,-1,-1,-1,-1,9,1,E01000350,0
Unvalidated,2024010503500,2024,010503500,2,9,0,99,9,9,99,9,9,99,9,99,9,9,6,3,-1,-1,-1,-1,-1,-1,-1,-1,-1,0
Unvalidated,2024010503502,2024,010503502,1,9,0,9,4,3,0,6,0,0,0,0,3,1,6,1,71,10,-1,-1,-1,-1,4,1,E01000799,0
Unvalidated,2024010503502,2024,010503502,2,1,0,18,7,3,1,1,0,0,0,0,1,1,6,1,22,5,-1,-1,-1,-1,7,1,E01000701,0
Unvalidated,2024010503503,2024,010503503,1,19,0,4,3,7,0,1,0,0,0,0,2,1,6,1,60,9,-1,-1,-1,-1,4,1,E01001480,0
Unvalidated,2024010503503,2024,010503503,2,9,0,3,3,7,0,1,0,0,0,0,1,2,2,1,25,5,-1,-1,-1,-1,2,1,E01002032,0
Unvalidated,2024010503504,2024,010503504,1,9,0,7,5,8,0,8,0,0,0,0,4,1,6,1,55,8,-1,-1,-1,-1,1,1,E01003192,0
Unvalidated,2024010503504,2024,010503504,2,1,0,5,3,7,0,1,0,0,0,0,1,1,6,2,35,6,-1,-1,-1,-1,3,1,E01003105,0
Unvalidated,2024010503506,2024,010503506,1,9,0,18,7,3,0,7,0,0,0,0,1,1,1,1,65,9,-1,-1,-1,-1,5,1,E01004450,0
Unvalidated,2024010503506,2024,010503506,2,9,0,18,3,7,0,7,0,0,0,0,1,1,6,3,-1,-1,-1,-1,-1,-1,-1,-1,-1,0
Unvalidated,2024010503506,2024,010503506,3,9,0,18,3,7,0,7,0,0,0,0,0,1,6,1,37,7,-1,-1,-1,-1,4,1,E01003666,0
Unvalidated,2024010503518,2024,010503518,1,9,0,4,5,1,0,0,0,0,0,0,1,1,6,2,19,4,-1,-1,-1,-1,3,1,E01001445,0
Unvalidated,2024010503518,2024,010503518,2,9,0,4,5,1,0,0,0,0,0,0,2,1,6,1,24,5,-1,-1,-1,-1,4,1,E01020129,0
Unvalidated,2024010503524,2024,010503524,1,2,9,99,9,9,99,9,9,99,9,99,9,1,6,3,-1,-1,-1,-1,-1,-1,-1,-1,-1,0
Unvalidated,2024010503526,2024,010503526,1,9,0,18,1,5,0,8,0,0,0,0,0,1,6,3,-1,-1,-1,-1,-1,-1,-1,-1,-1,0
Unvalidated,2024010503530,2024,010503530,1,9,0,18,7,3,0,1,0,0,0,0,4,1,6,2,46,8,-1,-1,-1,-1,-1,-1,-1,0
Unvalidated,2024010503530,2024,010503530,2,9,0,18,1,5,0,1,0,0,0,0,1,1,6,2,71,10,-1,-1,-1,-1,-1,-1,-1,0
Unvalidated,2024010503533,2024,010503533,1,1,9,99,9,9,99,9,9,99,9,99,9,1,6,2,31,6,-1,-1,-1,-1,4,1,E01004591,0
Unvalidated,2024010503533,2024,010503533,2,90,0,99,9,9,99,9,9,99,9,99,1,9,6,3,-1,-1,-1,-1,-1,-1,-1,-1,-1,0
Unvalidated,2024010503540,2024,010503540,1,5,0,99,9,9,99,9,9,99,9,99,2,1,6,1,40,7,-1,-1,-1,-1,7,1,E01017491,0
Unvalidated,2024010503540,2024,010503540,2,9,0,99,9,9,99,9,9,99,9,99,1,9,6,2,42,7,-1,-1,-1,-1,2,1,E01003313,0
Unvalidated,2024010503541,2024,010503541,1,4,0,5,3,7,0,2,0,0,0,0,4,1,6,1,24,5,-1,-1,-1,-1,-1,-1,-1,0
Unvalidated,2024010503541,2024,010503541,2,9,0,6,3,3,0,2,0,0,0,0,1,1,6,1,30,6,-1,-1,-1,-1,-1,-1,-1,0
Unvalidated,2024010503546,2024,010503546,1,9,0,18,5,1,0,1,1,0,1,10,1,1,6,1,24,5,-1,-1,-1,-1,3,1,E01001874,0
Unvalidated,2024010503546,2024,010503546,2,9,0,6,1,1,0,1,0,0,0,0,1,1,6,2,45,7,-1,-1,-1,-1,5,1,E01003878,0
Unvalidated,2024010503547,2024,010503547,1,9,0,18,6,2,0,2,5,4,0,0,1,1,6,1,23,5,-1,-1,-1,-1,7,1,E01033093,0
Unvalidated,2024010503547,2024,010503547,2,9,0,2,0,0,0,2,0,0,1,0,2,1,6,3,-1,-1,-1,-1,-1,-1,-1,-1,-1,0
Unvalidated,2024010503552,2024,010503552,1,9,0,2,0,0,0,1,0,0,0,0,1,1,6,3,-1,-1,-1,-1,-1,-1,-1,-1,-1,0
Unvalidated,2024010503552,2024,010503552,2,9,0,2,0,0,0,1,0,0,0,0,3,1,6,3,-1,-1,-1,-1,-1,-1,-1,-1,-1,0
Unvalidated,2024010503552,2024,010503552,3,9,0,14,1,5,0,1,0,0,0,0,3,1,1,2,54,8,-1,-1,-1,-1,4,1,E01033727,0
Unvalidated,2024010503554,2024,010503554,1,9,0,18,1,5,0,2,0,0,0,0,4,1,6,1,32,6,-1,-1,-1,-1,2,1,E01001894,0
Unvalidated,2024010503559,2024,010503559,1,9,0,18,3,7,0,2,0,0,0,0,1,1,1,1,48,8,-1,-1,-1,-1,-1,-1,-1,0
Unvalidated,2024010503562,2024,010503562,1,3,0,99,9,9,99,9,9,99,9,99,1,1,6,1,28,6,-1,-1,-1,-1,6,1,E01002617,0
Unvalidated,2024010503562,2024,010503562,2,9,0,99,9,9,99,9,9,99,9,99,9,9,6,3,-1,-1,-1,-1,-1,-1,-1,-1,-1,0
Unvalidated,2024010503571,2024,010503571,1,3,0,99,9,9,99,9,9,99,9,99,1,1,6,1,30,6,-1,-1,-1,-1,3,1,E01001479,0
Unvalidated,2024010503571,2024,010503571,2,9,0,99,9,9,99,9,9,99,9,99,9,9,6,3,49,8,-1,-1,-1,-1,6,1,E01004485,0
Unvalidated,2024010503576,2024,010503576,1,8,9,99,9,9,99,9,9,99,9,99,9,9,6,3,-1,-1,-1,-1,-1,-1,-1,-1,-1,0
Unvalidated,2024010503576,2024,010503576,2,9,9,99,9,9,99,9,9,99,9,99,9,9,6,1,-1,-1,-1,-1,-1,-1,9,1,E01002134,0
Unvalidated,2024010503578,2024,010503578,1,9,0,99,9,9,99,0,9,99,9,99,9,9,6,1,25,5,-1,-1,-1,-1,3,1,E01002400,0
Unvalidated,2024010503578,2024,010503578,2,9,0,99,9,9,99,0,9,99,9,99,9,9,6,3,-1,-1,-1,-1,-1,-1,-1,-1,-1,0
Unvalidated,2024010503581,2024,010503581,1,4,0,18,1,5,0,1,0,0,0,0,1,1,2,1,61,9,-1,-1,-1,-1,5,1,E01001157,0
Unvalidated,2024010503581,2024,010503581,2,9,0,10,1,6,0,1,0,0,0,0,3,1,6,2,72,10,-1,-1,-1,-1,8,1,E01003404,0
Unvalidated,2024010503583,2024,010503583,1,9,0,99,9,9,99,0,9,99,9,99,1,9,2,1,32,6,-1,-1,-1,-1,7,1,E01004175,0
Unvalidated,2024010503583,2024,010503583,2,9,0,99,9,9,99,0,9,99,9,99,2,9,6,3,-1,-1,-1,-1,-1,-1,-1,-1,-1,0
Unvalidated,2024010503585,2024,010503585,1,9,0,7,1,3,0,1,0,0,0,0,1,1,6,1,44,7,-1,-1,-1,-1,8,1,E01030390,0
Unvalidated,2024010503585,2024,010503585,2,1,0,5,1,5,0,1,1,0,0,0,1,1,6,1,38,7,-1,-1,-1,-1,9,1,E01030401,0
Unvalidated,2024010503592,2024,010503592,1,19,0,7,5,8,0,8,0,0,0,0,1,1,6,3,-1,-1,-1,-1,-1,-1,-1,-1,-1,0
Unvalidated,2024010503592,2024,010503592,2,1,0,18,5,1,2,1,0,0,0,0,3,1,6,1,36,7,-1,-1,-1,-1,3,1,E01003135,0
Unvalidated,2024010503599,2024,010503599,1,9,0,13,5,1,0,3,0,0,0,0,1,1,6,1,28,6,-1,-1,-1,-1,2,1,E01004435,0
Unvalidated,2024010503599,2024,010503599,2,9,0,3,1,5,0,1,0,0,0,0,1,1,2,1,36,7,-1,-1,-1,-1,9,1,E01004276,0
Unvalidated,2024010503601,2024,010503601,1,9,0,99,9,9,99,9,9,99,9,99,9,9,2,2,49,8,-1,-1,-1,-1,3,1,E01016014,0
Unvalidated,2024010503601,2024,010503601,2,9,0,99,9,9,99,9,9,99,9,99,9,9,6,3,-1,-1,-1,-1,-1,-1,-1,-1,-1,0
Unvalidated,2024010503607,2024,010503607,1,19,0,6,3,3,0,0,0,0,0,0,3,1,2,1,66,10,-1,-1,-1,-1,1,1,E01024670,0
Unvalidated,2024010503607,2024,010503607,2,5,0,18,3,7,0,0,0,0,0,0,1,1,6,1,21,5,-1,-1,-1,-1,3,1,E01001856,0
Unvalidated,2024010503612,2024,010503612,1,3,0,99,9,9,99,9,9,99,9,99,9,1,6,1,30,6,-1,-1,-1,-1,6,1,E01000324,0
Unvalidated,2024010503612,2024,010503612,2,9,0,99,9,9,99,9,9,99,9,99,2,9,6,3,-1,-1,-1,-1,-1,-1,4,1,E01001420,0
Unvalidated,2024010503615,2024,010503615,1,3,0,13,5,1,0,8,0,10,0,0,3,1,6,1,28,6,-1,-1,-1,-1,-1,-1,-1,0
Unvalidated,2024010503615,2024,010503615,2,19,0,5,0,1,0,4,0,0,0,0,3,1,1,1,40,7,-1,-1,-1,-1,1,1,E01033455,0
Unvalidated,2024010503624,2024,010503624,1,9,0,9,1,7,0,8,0,0,0,0,4,1,6,1,65,9,-1,-1,-1,-1,3,1,E01000032,0
Unvalidated,2024010503624,2024,010503624,2,9,0,6,1,1,0,8,0,0,0,0,3,1,1,1,22,5,-1,-1,-1,-1,3,1,E01004421,0
Unvalidated,2024010503625,2024,010503625,1,9,0,18,3,7,0,0,0,0,0,0,4,1,2,1,49,8,-1,-1,-1,-1,3,1,E01000725,0
Unvalidated,2024010503625,2024,010503625,2,9,0,14,7,3,0,0,0,0,0,0,3,1,6,2,62,9,-1,-1,-1,-1,10,1,E01000794,0
Unvalidated,2024010503629,2024,010503629,1,1,9,99,9,9,99,0,9,99,9,99,9,1,2,1,29,6,-1,-1,-1,-1,2,1,E01002077,0
Unvalidated,2024010503629,2024,010503629,2,9,0,99,9,9,99,0,9,99,9,99,9,9,6,3,-1,-1,-1,-1,-1,-1,-1,-1,-1,0
Unvalidated,2024010503633,2024,010503633,1,9,0,99,9,9,99,9,9,99,9,99,2,9,6,1,36,7,-1,-1,-1,-1,2,1,E01003267,0
Unvalidated,2024010503633,2024,010503633,2,9,0,99,9,9,99,9,9,99,9,99,1,9,6,3,-1,-1,-1,-1,-1,-1,-1,-1,-1,0
Unvalidated,2024010503637,2024,010503637,1,11,0,4,5,1,0,2,0,0,0,0,0,1,1,1,43,7,-1,-1,-1,-1,2,1,E01015774,0
Unvalidated,2024010503637,2024,010503637,2,90,0,14,5,1,0,2,0,0,0,0,1,1,6,1,54,8,-1,-1,-1,-1,2,1,E01003174,0
Unvalidated,2024010503643,2024,010503643,1,9,0,9,7,5,0,2,0,0,0,0,1,1,6,1,-1,-1,-1,-1,-1,-1,4,1,E01024027,0
Unvalidated,2024010503643,2024,010503643,2,1,0,18,1,5,0,2,0,0,0,0,3,1,6,2,51,8,-1,-1,-1,-1,3,1,E01002560,0
Unvalidated,2024010503644,2024,010503644,1,9,9,99,9,9,99,9,9,99,9,99,9,1,6,3,-1,-1,-1,-1,-1,-1,2,1,E01001218,0
Unvalidated,2024010503644,2024,010503644,2,1,9,99,9,9,99,9,9,99,9,99,9,1,6,1,17,4,-1,-1,-1,-1,2,1,E01001218,0
Unvalidated,2024010503649,2024,010503649,1,9,0,99,9,9,99,9,9,99,9,99,9,9,6,1,32,6,-1,-1,-1,-1,4,1,E01003529,0