status,collision_index,collision_year,collision_reference,vehicle_reference,vehicle_type,towing_and_articulation,vehicle_manoeuvre,vehicle_direction_from,vehicle_direction_to,vehicle_location_restricted_lane,junction_location,skidding_and_overturning,hit_object_in_carriageway,vehicle_leaving_carriageway,hit_object_off_carriageway,first_point_of_impact,vehicle_left_hand_drive,journey_purpose_of_driver,sex_of_driver,age_of_driver,age_band_of_driver,engine_capacity_cc,propulsion_code,age_of_vehicle,generic_make_model,driver_imd_decile,driver_home_area_type,lsoa_of_driver,escooter_flag
Unvalidated,2024010503649,2024,010503649,2,3,0,99,9,9,99,9,9,99,9,99,9,1,6,3,-1,-1,-1,-1,-1,-1,-1,-1,-1,0
Unvalidated,2024010503652,2024,010503652,1,9,0,18,5,1,0,1,0,0,0,0,1,1,6,3,23,5,-1,-1,-1,-1,-1,-1,-1,0
Unvalidated,2024010503653,2024,010503653,1,11,0,18,1,5,0,0,0,0,0,0,0,1,1,1,65,9,-1,-1,-1,-1,-1,-1,-1,0
Unvalidated,2024010503657,2024,010503657,1,9,0,7,5,7,0,1,0,0,1,0,0,1,6,3,-1,-1,-1,-1,-1,-1,5,1,E01004564,0
Unvalidated,2024010503657,2024,010503657,2,1,0,5,5,1,0,1,0,0,1,0,4,1,6,1,35,6,-1,-1,-1,-1,7,1,E01004692,0
Unvalidated,2024010503661,2024,010503661,1,9,0,18,1,5,0,4,0,0,0,0,0,1,6,1,42,7,-1,-1,-1,-1,4,1,E01001321,0
Unvalidated,2024010503661,2024,010503661,2,8,0,18,7,3,0,4,0,0,0,0,1,1,1,1,43,7,-1,-1,-1,-1,2,1,E01001339,0
Unvalidated,2024010503662,2024,010503662,1,19,0,7,5,7,0,3,0,0,0,0,4,1,6,1,44,7,-1,-1,-1,-1,-1,-1,-1,0
Unvalidated,2024010503662,2024,010503662,2,1,0,7,5,7,0,3,0,0,0,0,3,1,6,1,40,7,-1,-1,-1,-1,2,1,E01000012,0
Unvalidated,2024010503664,2024,010503664,1,9,0,4,1,5,0,1,0,0,0,0,0,1,6,1,44,7,-1,-1,-1,-1,8,1,E01002892,0
Unvalidated,2024010503664,2024,010503664,2,90,0,18,5,1,0,1,0,0,0,0,3,1,6,1,34,6,-1,-1,-1,-1,8,1,E01002914,0
Unvalidated,2024010503665,2024,010503665,1,9,0,7,5,8,9,6,0,0,0,0,1,1,6,1,32,6,-1,-1,-1,-1,6,1,E01002140,0
Unvalidated,2024010503667,2024,010503667,1,9,0,18,1,5,0,8,0,0,0,0,1,1,6,1,67,10,-1,-1,-1,-1,5,1,E01002629,0
Unvalidated,2024010503667,2024,010503667,2,9,0,9,5,3,0,8,0,0,0,0,1,1,6,2,28,6,-1,-1,-1,-1,3,1,E01003387,0
Unvalidated,2024010503668,2024,010503668,1,9,0,99,9,9,99,9,9,99,9,99,9,9,6,2,32,6,-1,-1,-1,-1,2,1,E01001218,0
Unvalidated,2024010503668,2024,010503668,2,9,0,99,9,9,99,9,9,99,9,99,9,9,6,3,-1,-1,-1,-1,-1,-1,-1,-1,-1,0
Unvalidated,2024010503671,2024,010503671,1,9,5,99,9,9,9,9,5,99,9,99,9,9,6,3,-1,-1,-1,-1,-1,-1,-1,-1,-1,0
Unvalidated,2024010503672,2024,010503672,1,9,0,18,2,6,5,1,0,0,0,0,4,1,6,1,25,5,-1,-1,-1,-1,6,1,E01001270,0
Unvalidated,2024010503675,2024,010503675,1,9,0,99,9,9,99,9,9,99,9,99,9,9,6,2,51,8,-1,-1,-1,-1,2,1,E01001651,0
Unvalidated,2024010503675,2024,010503675,2,97,0,99,9,9,99,9,9,99,9,99,9,9,6,3,-1,-1,-1,-1,-1,-1,2,1,E01001651,0
Unvalidated,2024010503679,2024,010503679,1,9,0,99,9,9,99,9,9,99,9,99,2,9,6,1,23,5,-1,-1,-1,-1,3,1,E01003733,0
Unvalidated,2024010503679,2024,010503679,2,9,0,99,9,9,99,9,9,99,9,99,2,9,6,1,19,4,-1,-1,-1,-1,2,1,E01003514,0
Unvalidated,2024010503681,2024,010503681,1,1,9,99,9,9,99,9,9,99,9,99,1,1,1,1,26,6,-1,-1,-1,-1,6,1,E01002135,0
Unvalidated,2024010503681,2024,010503681,2,1,9,99,9,9,99,9,9,99,9,99,1,1,6,3,-1,-1,-1,-1,-1,-1,-1,-1,-1,0
Unvalidated,2024010503683,2024,010503683,1,11,0,18,5,1,0,8,0,0,0,0,1,1,1,1,61,9,-1,-1,-1,-1,5,1,E01001086,0
Unvalidated,2024010503683,2024,010503683,2,8,0,18,1,5,0,8,0,0,0,0,1,1,1,1,55,8,-1,-1,-1,-1,3,1,E01016456,0
Unvalidated,2024010503685,2024,010503685,1,9,0,2,0,0,0,0,0,0,0,0,0,1,6,3,-1,-1,-1,-1,-1,-1,-1,-1,-1,0
Unvalidated,2024010503685,2024,010503685,2,9,0,18,1,5,0,0,0,4,0,0,1,1,6,1,23,5,-1,-1,-1,-1,-1,-1,-1,0
Unvalidated,2024010503692,2024,010503692,1,9,0,99,9,9,99,9,9,99,9,99,2,9,6,1,36,7,-1,-1,-1,-1,3,1,E01003575,0
Unvalidated,2024010503692,2024,010503692,2,19,0,99,9,9,0,9,0,0,0,0,9,1,6,1,52,8,-1,-1,-1,-1,3,1,E01003728,0
Unvalidated,2024010503693,2024,010503693,1,9,0,9,3,8,0,8,0,0,0,0,1,1,6,1,67,10,-1,-1,-1,-1,2,1,E01003309,0
Unvalidated,2024010503695,2024,010503695,1,9,0,9,7,5,0,2,0,0,0,0,3,1,6,1,61,9,-1,-1,-1,-1,4,1,E01002873,0
Unvalidated,2024010503695,2024,010503695,2,3,0,18,5,1,0,1,0,0,0,0,1,1,1,1,19,4,-1,-1,-1,-1,4,1,E01000621,0
Unvalidated,2024010503703,2024,010503703,1,19,0,9,7,4,0,6,0,0,0,0,1,1,1,1,20,4,-1,-1,-1,-1,2,1,E01003974,0
Unvalidated,2024010503703,2024,010503703,2,1,0,17,4,1,0,1,0,0,0,0,1,1,6,1,43,7,-1,-1,-1,-1,2,1,E01004001,0
Unvalidated,2024010503709,2024,010503709,1,9,0,18,5,1,0,1,0,0,0,0,4,1,6,1,45,7,-1,-1,-1,-1,1,1,E01000524,0
Unvalidated,2024010503709,2024,010503709,2,1,0,18,5,1,0,1,0,0,0,0,3,1,6,1,23,5,-1,-1,-1,-1,2,1,E01003121,0
Unvalidated,2024010503711,2024,010503711,1,4,0,8,1,3,0,1,0,0,0,0,2,1,6,1,38,7,-1,-1,-1,-1,5,1,E01000140,0
Unvalidated,2024010503711,2024,010503711,2,9,0,18,1,5,0,1,0,4,0,0,1,1,6,3,-1,-1,-1,-1,-1,-1,-1,-1,-1,0
Unvalidated,2024010503718,2024,010503718,1,11,0,4,5,1,0,8,0,0,0,0,0,1,1,1,44,7,-1,-1,-1,-1,3,1,E01002695,0
Unvalidated,2024010503723,2024,010503723,1,4,9,99,9,9,0,9,9,0,0,0,1,1,2,1,48,8,-1,-1,-1,-1,7,1,E01002821,0
Unvalidated,2024010503723,2024,010503723,2,98,0,99,9,9,0,9,0,0,0,0,9,9,6,3,37,7,-1,-1,-1,-1,7,1,E01023963,0
Unvalidated,2024010503725,2024,010503725,1,19,0,18,5,1,0,1,0,0,0,0,1,1,6,3,-1,-1,-1,-1,-1,-1,-1,-1,-1,0
Unvalidated,2024010503727,2024,010503727,1,1,3,18,1,5,0,8,0,0,0,0,4,1,6,2,26,6,-1,-1,-1,-1,2,1,E01001830,0
Unvalidated,2024010503727,2024,010503727,2,19,0,7,3,6,0,8,0,0,0,0,3,1,6,3,-1,-1,-1,-1,-1,-1,-1,-1,-1,0
Unvalidated,2024010503730,2024,010503730,1,9,0,7,5,7,0,8,0,0,0,0,1,1,6,2,50,8,-1,-1,-1,-1,4,1,E01002098,0
Unvalidated,2024010503730,2024,010503730,2,1,0,18,7,3,0,1,0,0,0,0,1,1,6,1,40,7,-1,-1,-1,-1,-1,1,-1,0
Unvalidated,2024010503736,2024,010503736,1,9,0,99,9,9,99,9,9,99,9,99,1,9,6,2,-1,-1,-1,-1,-1,-1,-1,-1,-1,0
Unvalidated,2024010503740,2024,010503740,1,11,0,2,0,0,2,2,0,0,0,0,2,1,6,3,-1,-1,-1,-1,-1,-1,-1,-1,-1,0
Unvalidated,2024010503740,2024,010503740,2,1,0,18,5,1,2,1,0,0,0,0,1,1,6,2,25,5,-1,-1,-1,-1,3,1,E01004676,0
Unvalidated,2024010503745,2024,010503745,1,1,9,99,9,9,99,9,9,99,9,99,1,1,6,2,49,8,-1,-1,-1,-1,2,1,E01004746,0
Unvalidated,2024010503745,2024,010503745,2,1,9,99,9,9,99,9,9,99,9,99,1,1,6,3,-1,-1,-1,-1,-1,-1,-1,-1,-1,0
Unvalidated,2024010503748,2024,010503748,1,8,0,4,7,3,0,2,0,0,0,0,4,1,1,1,71,10,-1,-1,-1,-1,-1,-1,-1,0
Unvalidated,2024010503752,2024,010503752,1,9,0,12,3,7,0,5,0,0,0,0,3,1,6,2,42,7,-1,-1,-1,-1,2,1,E01003241,0
Unvalidated,2024010503752,2024,010503752,2,9,0,18,3,7,0,1,0,0,7,0,4,1,6,2,29,6,-1,-1,-1,-1,4,1,E01003230,0
Unvalidated,2024010503756,2024,010503756,1,1,9,99,9,9,99,0,9,99,9,99,9,1,6,1,36,7,-1,-1,-1,-1,4,1,E01003608,0
Unvalidated,2024010503756,2024,010503756,2,9,0,99,9,9,99,0,9,99,9,99,1,9,6,3,-1,-1,-1,-1,-1,-1,2,1,E01004197,0
Unvalidated,2024010503767,2024,010503767,1,3,0,18,1,5,0,0,0,4,0,0,1,1,1,1,21,5,-1,-1,-1,-1,1,1,E01001730,0
Unvalidated,2024010503767,2024,010503767,2,9,0,5,0,5,0,0,0,0,0,0,3,1,6,1,20,4,-1,-1,-1,-1,1,1,E01004222,0
Unvalidated,2024010503768,2024,010503768,1,3,0,18,1,5,0,1,0,0,0,0,1,1,6,2,41,7,-1,-1,-1,-1,3,1,E01003916,0
Unvalidated,2024010503768,2024,010503768,2,9,0,9,5,3,0,1,1,0,0,0,1,1,6,2,20,4,-1,-1,-1,-1,3,1,E01004039,0
Unvalidated,2024010503771,2024,010503771,1,20,0,99,9,9,99,9,9,99,9,99,2,9,6,3,-1,-1,-1,-1,-1,-1,-1,-1,-1,0
Unvalidated,2024010503773,2024,010503773,1,9,0,4,7,3,0,1,0,0,0,0,2,1,6,1,28,6,-1,-1,-1,-1,4,1,E01004369,0
Unvalidated,2024010503773,2024,010503773,2,9,0,18,7,3,0,3,0,0,0,0,1,1,6,3,-1,-1,-1,-1,-1,-1,-1,-1,-1,0
Unvalidated,2024010503781,2024,010503781,1,19,0,9,3,1,0,1,0,0,0,0,1,1,6,3,-1,-1,-1,-1,-1,-1,-1,-1,-1,0
Unvalidated,2024010503781,2024,010503781,2,1,5,18,1,5,0,8,0,0,0,0,1,1,1,2,30,6,-1,-1,-1,-1,4,1,E01002642,0
Unvalidated,2024010503782,2024,010503782,1,9,0,99,9,9,99,9,9,99,9,99,9,9,6,1,42,7,-1,-1,-1,-1,7,1,E01002412,0
Unvalidated,2024010503782,2024,010503782,2,1,9,99,9,9,99,9,9,99,9,99,9,1,6,1,-1,-1,-1,-1,-1,-1,-1,-1,-1,0
Unvalidated,2024010503784,2024,010503784,1,1,9,99,9,9,99,9,9,99,9,99,0,1,6,1,33,6,-1,-1,-1,-1,6,1,E01003038,0
Unvalidated,2024010503784,2024,010503784,2,9,0,99,9,9,99,9,9,99,9,99,9,9,6,3,-1,-1,-1,-1,-1,-1,-1,-1,-1,0
Unvalidated,2024010503787,2024,010503787,1,9,0,18,5,1,2,8,0,0,0,0,1,1,6,1,23,5,-1,-1,-1,-1,2,1,E01000907,0
Unvalidated,2024010503787,2024,010503787,2,1,0,18,5,1,0,8,0,0,0,0,1,1,6,1,19,4,-1,-1,-1,-1,4,1,E01002017,0
Unvalidated,2024010503789,2024,010503789,1,9,0,99,9,9,99,9,9,99,9,99,2,9,6,1,38,7,-1,-1,-1,-1,6,3,E01015950,0
Unvalidated,2024010503790,2024,010503790,1,9,0,9,5,2,0,8,0,0,0,0,3,1,6,1,52,8,-1,-1,-1,-1,5,1,E01001060,0
Unvalidated,2024010503790,2024,010503790,2,3,0,13,5,1,0,8,0,0,0,0,1,1,6,1,19,4,-1,-1,-1,-1,2,1,E01001054,0
Unvalidated,2024010503791,2024,010503791,1,9,0,99,9,9,99,9,9,99,9,99,2,9,6,2,52,8,-1,-1,-1,-1,2,1,E01003046,0
Unvalidated,2024010503791,2024,010503791,2,8,0,99,9,9,99,9,9,99,9,99,1,9,6,3,-1,-1,-1,-1,-1,-1,-1,-1,-1,0
Unvalidated,2024010503792,2024,010503792,1,8,0,3,2,6,0,1,0,0,0,0,4,1,1,1,27,6,-1,-1,-1,-1,1,1,E01004311,0
Unvalidated,2024010503792,2024,010503792,2,3,0,15,2,6,0,1,0,8,0,0,1,1,1,1,37,7,-1,-1,-1,-1,-1,1,-1,0
Unvalidated,2024010503797,2024,010503797,1,9,0,1,7,3,0,6,0,0,0,0,0,1,6,3,58,9,-1,-1,-1,-1,1,1,E01004040,0
Unvalidated,2024010503797,2024,010503797,2,1,0,12,1,5,5,1,0,10,0,0,0,1,6,1,56,9,-1,-1,-1,-1,8,1,E01002989,0
Unvalidated,2024010503799,2024,010503799,1,4,0,18,3,7,0,8,1,0,0,0,1,1,6,1,23,5,-1,-1,-1,-1,5,1,E01001933,0
Unvalidated,2024010503799,2024,010503799,2,1,0,7,7,1,0,6,0,0,0,0,3,1,1,1,28,6,-1,-1,-1,-1,4,1,E01003781,0
Unvalidated,2024010503800,2024,010503800,1,2,0,4,1,5,0,1,0,0,0,0,1,1,6,1,21,5,-1,-1,-1,-1,6,1,E01000487,0
Unvalidated,2024010503800,2024,010503800,2,9,9,99,9,9,99,9,9,99,9,99,9,9,6,3,-1,-1,-1,-1,-1,-1,-1,-1,-1,0
Unvalidated,2024010503805,2024,010503805,1,9,0,2,0,0,0,1,0,0,1,0,2,1,6,3,-1,-1,-1,-1,-1,-1,-1,-1,-1,0
Unvalidated,2024010503805,2024,010503805,2,9,0,15,3,7,0,1,0,0,0,0,1,1,6,1,44,7,-1,-1,-1,-1,4,1,E01017905,0
Unvalidated,2024010503806,2024,010503806,1,11,0,99,9,9,99,0,9,99,9,99,9,9,1,1,66,10,-1,-1,-1,-1,1,1,E01001545,0
Unvalidated,2024010503806,2024,010503806,2,9,0,99,9,9,99,0,9,99,9,99,9,9,6,3,54,8,-1,-1,-1,-1,4,1,E01003494,0
Unvalidated,2024010503807,2024,010503807,1,9,0,99,9,9,99,9,9,99,9,99,2,9,6,2,45,7,-1,-1,-1,-1,4,1,E01016008,0
Unvalidated,2024010503812,2024,010503812,1,3,0,18,6,2,0,0,0,4,0,0,1,1,1,1,24,5,-1,-1,-1,-1,4,1,E01004368,0
Unvalidated,2024010503812,2024,010503812,2,9,0,2,0,0,0,0,0,0,0,0,1,1,6,3,-1,-1,-1,-1,-1,-1,-1,-1,-1,0
Unvalidated,2024010503818,2024,010503818,1,2,0,18,4,8,0,1,0,0,0,0,1,1,6,1,17,4,-1,-1,-1,-1,3,1,E01003135,0
Unvalidated,2024010503818,2024,010503818,2,9,0,18,8,4,0,1,0,0,0,0,1,1,6,2,-1,-1,-1,-1,-1,-1,10,1,E01030797,0
Unvalidated,2024010503826,2024,010503826,1,8,0,9,7,5,0,8,0,0,0,0,1,2,1,1,46,8,-1,-1,-1,-1,6,1,E01023900,0
Unvalidated,2024010503827,2024,010503827,1,9,0,99,9,9,99,9,9,99,9,99,3,9,2,1,36,7,-1,-1,-1,-1,1,1,E01001786,0
Unvalidated,2024010503827,2024,010503827,2,9,0,99,9,9,99,9,9,99,9,99,9,9,6,3,-1,-1,-1,-1,-1,-1,-1,-1,-1,0
Unvalidated,2024010503828,2024,010503828,1,3,0,99,9,9,99,9,9,99,9,99,1,1,2,2,25,5,-1,-1,-1,-1,6,1,E01003223,0
Unvalidated,2024010503828,2024,010503828,2,9,0,99,9,9,99,9,9,99,9,99,1,9,6,3,-1,-1,-1,-1,-1,-1,-1,-1,-1,0
Unvalidated,2024010503837,2024,010503837,1,1,9,99,9,9,99,9,9,99,9,99,1,1,6,1,61,9,-1,-1,-1,-1,8,1,E01003138,0
Unvalidated,2024010503837,2024,010503837,2,9,0,99,9,9,99,9,9,99,9,99,9,9,6,3,-1,-1,-1,-1,-1,-1,1,1,E01015932,0
Unvalidated,2024010503838,2024,010503838,1,9,0,3,3,7,0,0,0,0,0,0,2,1,6,1,35,6,-1,-1,-1,-1,8,1,E01001402,0
Unvalidated,2024010503838,2024,010503838,2,9,0,3,3,7,0,0,0,0,0,0,2,1,6,1,36,7,-1,-1,-1,-1,2,1,E01021314,0
Unvalidated,2024010503838,2024,010503838,3,19,0,4,3,7,0,0,0,0,0,0,1,1,1,1,22,5,-1,-1,-1,-1,3,1,E01015986,0
Unvalidated,2024010503838,2024,010503838,4,9,0,4,3,7,0,0,0,0,0,0,2,1,6,3,-1,-1,-1,-1,-1,-1,-1,-1,-1,0
Unvalidated,2024010503841,2024,010503841,1,1,9,99,9,9,99,0,9,99,9,99,9,1,6,1,53,8,-1,-1,-1,-1,-1,-1,-1,0
Unvalidated,2024010503841,2024,010503841,2,9,0,99,9,9,99,0,9,99,9,99,9,9,6,3,-1,-1,-1,-1,-1,-1,-1,-1,-1,0
Unvalidated,2024010503842,2024,010503842,1,3,0,99,9,9,99,9,9,99,9,99,1,1,6,1,33,6,-1,-1,-1,-1,3,1,E01003088,0
Unvalidated,2024010503842,2024,010503842,2,9,0,99,9,9,99,9,9,99,9,99,1,9,6,3,-1,-1,-1,-1,-1,-1,-1,-1,-1,0
Unvalidated,2024010503843,2024,010503843,1,9,9,99,9,9,99,9,9,99,9,99,9,9,6,3,-1,-1,-1,-1,-1,-1,-1,-1,-1,0
Unvalidated,2024010503845,2024,010503845,1,3,0,99,9,9,99,9,9,99,9,99,9,1,1,1,40,7,-1,-1,-1,-1,3,1,E01003154,0
Unvalidated,2024010503845,2024,010503845,2,9,9,99,9,9,99,9,9,99,9,99,9,9,6,3,-1,-1,-1,-1,-1,-1,-1,-1,-1,0
Unvalidated,2024010503848,2024,010503848,1,9,0,99,9,9,0,0,9,99,9,99,2,9,6,2,61,9,-1,-1,-1,-1,6,1,E01017592,0
Unvalidated,2024010503849,2024,010503849,1,1,9,99,9,9,99,9,9,99,9,99,1,1,6,1,61,9,-1,-1,-1,-1,10,1,E01003805,0
Unvalidated,2024010503849,2024,010503849,2,9,0,99,9,9,99,9,9,99,9,99,1,9,6,3,-1,-1,-1,-1,-1,-1,6,1,E01002628,0
Unvalidated,2024010503850,2024,010503850,1,1,9,99,9,9,99,0,9,99,9,99,9,1,6,1,37,7,-1,-1,-1,-1,3,1,E01004367,0
Unvalidated,2024010503850,2024,010503850,2,9,0,99,9,9,99,0,9,99,9,99,1,9,6,3,-1,-1,-1,-1,-1,-1,-1,-1,-1,0
Unvalidated,2024010503851,2024,010503851,1,3,0,99,9,9,99,9,9,99,9,99,1,1,2,1,26,6,-1,-1,-1,-1,6,1,E01003394,0
Unvalidated,2024010503851,2024,010503851,2,9,0,99,9,9,99,9,9,99,9,99,9,9,6,3,-1,-1,-1,-1,-1,-1,-1,-1,-1,0
Unvalidated,2024010503857,2024,010503857,1,9,0,9,3,1,0,2,5,10,1,7,1,1,2,1,39,7,-1,-1,-1,-1,5,1,E01003706,0
Unvalidated,2024010503857,2024,010503857,2,9,0,18,5,1,0,1,0,0,0,0,1,1,6,1,49,8,-1,-1,-1,-1,1,1,E01002082,0
Unvalidated,2024010503860,2024,010503860,1,1,9,99,9,9,99,9,9,99,9,99,1,1,2,1,27,6,-1,-1,-1,-1,4,1,E01002744,0
Unvalidated,2024010503860,2024,010503860,2,8,0,99,9,9,99,9,9,99,9,99,9,9,6,3,-1,-1,-1,-1,-1,-1,-1,-1,-1,0
Unvalidated,2024010503863,2024,010503863,1,3,0,99,9,9,99,9,9,99,9,99,9,1,2,1,40,7,-1,-1,-1,-1,3,1,E01003727,0
Unvalidated,2024010503863,2024,010503863,2,8,0,99,9,9,99,9,9,99,9,99,2,9,6,3,-1,-1,-1,-1,-1,-1,-1,-1,-1,0
Unvalidated,2024010503874,2024,010503874,1,1,9,99,9,9,99,9,9,99,9,99,9,1,2,1,34,6,-1,-1,-1,-1,2,1,E01002765,0
Unvalidated,2024010503874,2024,010503874,2,9,0,99,9,9,99,9,9,99,9,99,9,9,6,3,-1,-1,-1,-1,-1,-1,-1,-1,-1,0
Unvalidated,2024010503876,2024,010503876,1,3,0,99,9,9,99,9,9,99,9,99,9,1,1,1,29,6,-1,-1,-1,-1,2,1,E01004570,0
Unvalidated,2024010503876,2024,010503876,2,9,0,99,9,9,99,9,9,99,9,99,9,9,6,3,-1,-1,-1,-1,-1,-1,-1,-1,-1,0
Unvalidated,2024010503884,2024,010503884,1,9,0,18,5,1,0,0,0,0,0,0,1,1,6,1,48,8,-1,-1,-1,-1,3,1,E01001391,0
Unvalidated,2024010503884,2024,010503884,2,9,0,18,1,5,0,0,0,0,0,0,1,1,6,1,43,7,-1,-1,-1,-1,7,1,E01000117,0
Unvalidated,2024010503886,2024,010503886,1,1,9,99,9,9,99,9,9,99,9,99,1,1,6,2,27,6,-1,-1,-1,-1,6,1,E01004608,0
Unvalidated,2024010503886,2024,010503886,2,19,0,99,9,9,99,9,9,99,9,99,2,9,6,1,21,5,-1,-1,-1,-1,2,1,E01001334,0
Unvalidated,2024010503887,2024,010503887,1,8,0,99,9,9,99,9,9,99,9,99,9,9,1,1,60,9,-1,-1,-1,-1,3,1,E01001668,0
Unvalidated,2024010503887,2024,010503887,2,9,9,99,9,9,99,9,9,99,9,99,9,9,6,3,39,7,-1,-1,-1,-1,2,1,E01001625,0
Unvalidated,2024010503888,2024,010503888,1,1,0,3,3,7,1,1,0,0,0,0,1,1,6,1,35,6,-1,-1,-1,-1,-1,-1,-1,0
Unvalidated,2024010503888,2024,010503888,2,11,0,3,3,7,2,1,0,0,0,0,2,1,1,1,54,8,-1,-1,-1,-1,4,1,E01004419,0
Unvalidated,2024010503888,2024,010503888,3,19,0,18,3,7,0,1,0,0,0,0,4,1,1,1,37,7,-1,-1,-1,-1,4,1,E01016453,0
Unvalidated,2024010503891,2024,010503891,1,9,0,99,9,9,99,0,9,99,9,99,9,9,6,1,52,8,-1,-1,-1,-1,3,1,E01023891,0
Unvalidated,2024010503891,2024,010503891,2,9,0,99,9,9,99,0,9,99,9,99,1,9,6,3,-1,-1,-1,-1,-1,-1,-1,-1,-1,0
Unvalidated,2024010503893,2024,010503893,1,9,0,9,5,2,0,8,0,0,0,0,1,1,1,1,28,6,-1,-1,-1,-1,2,1,E01016041,0
Unvalidated,2024010503893,2024,010503893,2,9,0,9,3,1,0,8,0,0,0,0,3,1,6,2,24,5,-1,-1,-1,-1,2,1,E01001057,0
Unvalidated,2024010503894,2024,010503894,1,90,0,5,7,3,0,8,0,0,0,0,4,1,6,1,49,8,-1,-1,-1,-1,1,1,E01002783,1
Unvalidated,2024010503894,2024,010503894,2,9,0,5,1,5,0,8,0,0,0,0,1,1,6,3,-1,-1,-1,-1,-1,-1,-1,-1,-1,0
Unvalidated,2024010503895,2024,010503895,1,1,9,99,9,9,99,9,9,99,9,99,9,1,6,1,28,6,-1,-1,-1,-1,3,1,E01001762,0
Unvalidated,2024010503895,2024,010503895,2,9,0,99,9,9,99,9,9,99,9,99,1,9,6,3,-1,-1,-1,-1,-1,-1,4,1,E01023555,0
Unvalidated,2024010503900,2024,010503900,1,9,0,9,2,7,9,1,0,0,0,0,1,2,6,1,24,5,-1,-1,-1,-1,-1,-1,-1,0
Unvalidated,2024010503902,2024,010503902,1,19,0,99,9,9,99,9,9,99,9,99,1,9,6,1,57,9,-1,-1,-1,-1,7,1,E01003854,0
Unvalidated,2024010503902,2024,010503902,2,9,0,99,9,9,0,9,0,0,0,0,9,9,6,3,-1,-1,-1,-1,-1,-1,-1,-1,-1,0
Unvalidated,2024010503904,2024,010503904,1,9,0,18,7,3,0,0,0,0,0,0,1,1,6,1,37,7,-1,-1,-1,-1,3,1,E01000579,0
Unvalidated,2024010503904,2024,010503904,2,9,3,18,7,3,0,0,0,0,0,0,0,1,6,1,24,5,-1,-1,-1,-1,10,1,E01017841,0
Unvalidated,2024010503911,2024,010503911,1,1,9,99,9,9,99,9,9,99,9,99,9,1,6,1,60,9,-1,-1,-1,-1,8,1,E01000913,0
Unvalidated,2024010503911,2024,010503911,2,9,0,99,9,9,99,9,9,99,9,99,9,9,6,2,52,8,-1,-1,-1,-1,8,1,E01000182,0
Unvalidated,2024010503912,2024,010503912,1,3,0,99,9,9,99,9,9,99,9,99,9,1,1,3,34,6,-1,-1,-1,-1,5,3,E01030814,0
Unvalidated,2024010503912,2024,010503912,2,9,9,99,9,9,99,9,9,99,9,99,9,9,6,3,-1,-1,-1,-1,-1,-1,-1,-1,-1,0
Unvalidated,2024010503920,2024,010503920,1,3,0,99,9,9,99,9,9,99,9,99,1,1,1,1,41,7,-1,-1,-1,-1,2,1,E01001487,0
Unvalidated,2024010503920,2024,010503920,2,9,0,99,9,9,99,9,9,99,9,99,9,9,6,3,-1,-1,-1,-1,-1,-1,-1,-1,-1,0
Unvalidated,2024010503924,2024,010503924,1,9,0,99,9,9,99,9,9,99,9,99,9,9,6,2,52,8,-1,-1,-1,-1,8,1,E01000182,0
Unvalidated,2024010503924,2024,010503924,2,1,9,99,9,9,99,9,9,99,9,99,9,1,6,3,-1,-1,-1,-1,-1,-1,-1,-1,-1,0
Unvalidated,2024010503926,2024,010503926,1,1,9,99,9,9,99,9,9,8,9,99,9,1,6,1,28,6,-1,-1,-1,-1,6,1,E01004703,0
Unvalidated,2024010503926,2024,010503926,2,9,0,2,9,9,99,9,9,99,9,99,9,9,6,3,-1,-1,-1,-1,-1,-1,-1,-1,-1,0
Unvalidated,2024010503932,2024,010503932,1,4,0,99,9,9,99,9,9,99,9,99,9,1,1,1,23,5,-1,-1,-1,-1,8,1,E01000136,0
Unvalidated,2024010503932,2024,010503932,2,9,0,99,9,9,99,9,9,99,9,99,9,9,6,3,-1,-1,-1,-1,-1,-1,-1,-1,-1,0
Unvalidated,2024010503940,2024,010503940,1,3,0,99,9,9,99,0,9,99,9,99,1,1,2,1,27,6,-1,-1,-1,-1,4,1,E01003934,0
Unvalidated,2024010503940,2024,010503940,2,9,0,99,9,9,99,0,9,99,9,99,9,9,6,3,-1,-1,-1,-1,-1,-1,-1,-1,-1,0
Unvalidated,2024010503947,2024,010503947,1,4,0,18,5,1,0,1,0,0,3,0,1,1,6,3,-1,-1,-1,-1,-1,-1,-1,-1,-1,0
Unvalidated,2024010503952,2024,010503952,1,3,0,18,1,5,9,1,0,0,0,0,1,1,6,1,26,6,-1,-1,-1,-1,-1,-1,-1,0
Unvalidated,2024010503952,2024,010503952,2,1,0,9,5,2,0,5,0,0,0,0,4,1,6,1,34,6,-1,-1,-1,-1,3,1,E01001768,0
Unvalidated,2024010503953,2024,010503953,1,3,0,12,7,3,0,8,0,0,0,0,1,1,6,1,17,4,-1,-1,-1,-1,7,1,E01002427,0
Unvalidated,2024010503953,2024,010503953,2,9,0,18,5,1,0,1,0,0,0,0,1,1,6,1,51,8,-1,-1,-1,-1,8,1,E01016595,0
Unvalidated,2024010503957,2024,010503957,1,9,0,18,4,8,0,8,0,0,0,0,1,1,6,1,33,6,-1,-1,-1,-1,2,1,E01001875,0