status,collision_index,collision_year,collision_reference,vehicle_reference,vehicle_type,towing_and_articulation,vehicle_manoeuvre,vehicle_direction_from,vehicle_direction_to,vehicle_location_restricted_lane,junction_location,skidding_and_overturning,hit_object_in_carriageway,vehicle_leaving_carriageway,hit_object_off_carriageway,first_point_of_impact,vehicle_left_hand_drive,journey_purpose_of_driver,sex_of_driver,age_of_driver,age_band_of_driver,engine_capacity_cc,propulsion_code,age_of_vehicle,generic_make_model,driver_imd_decile,driver_home_area_type,lsoa_of_driver,escooter_flag
Unvalidated,2024010503957,2024,010503957,2,90,0,18,3,7,0,8,0,0,0,0,1,1,6,2,57,9,-1,-1,-1,-1,3,1,E01001239,1
Unvalidated,2024010503958,2024,010503958,1,9,0,18,3,7,0,6,0,10,0,0,1,1,6,3,-1,-1,-1,-1,-1,-1,-1,-1,-1,0
Unvalidated,2024010503958,2024,010503958,2,9,0,18,3,7,0,6,0,0,0,0,0,1,1,1,44,7,-1,-1,-1,-1,4,1,E01003666,0
Unvalidated,2024010503958,2024,010503958,3,9,0,2,0,0,0,2,0,0,0,0,3,1,6,3,-1,-1,-1,-1,-1,-1,-1,-1,-1,0
Unvalidated,2024010503958,2024,010503958,4,9,0,18,5,1,0,8,0,0,0,0,2,1,6,1,32,6,-1,-1,-1,-1,-1,-1,-1,0
Unvalidated,2024010503958,2024,010503958,5,9,0,3,5,1,0,6,0,0,0,0,1,1,6,2,45,7,-1,-1,-1,-1,7,1,E01003677,0
Unvalidated,2024010503959,2024,010503959,1,9,0,18,3,7,0,8,0,0,0,0,2,1,6,1,25,5,-1,-1,-1,-1,4,1,E01002180,0
Unvalidated,2024010503959,2024,010503959,2,3,0,7,3,6,0,8,0,0,0,0,1,1,6,1,60,9,-1,-1,-1,-1,8,1,E01000654,0
Unvalidated,2024010503960,2024,010503960,1,9,0,99,9,9,99,9,9,99,9,99,2,9,2,1,27,6,-1,-1,-1,-1,4,1,E01004395,0
Unvalidated,2024010503960,2024,010503960,2,9,0,99,9,9,99,9,9,99,9,99,9,9,6,3,-1,-1,-1,-1,-1,-1,5,1,E01003697,0
Unvalidated,2024010503961,2024,010503961,1,9,0,9,7,6,0,6,0,0,0,0,1,1,6,1,52,8,-1,-1,-1,-1,5,1,E01000268,0
Unvalidated,2024010503961,2024,010503961,2,3,0,18,6,2,0,1,0,0,0,0,1,1,2,1,25,5,-1,-1,-1,-1,3,1,E01002048,0
Unvalidated,2024010503963,2024,010503963,1,9,0,4,8,4,0,1,0,0,0,0,4,1,1,2,37,7,-1,-1,-1,-1,6,1,E01001073,0
Unvalidated,2024010503963,2024,010503963,2,1,0,18,8,4,4,1,0,0,0,0,3,1,6,1,31,6,-1,-1,-1,-1,7,1,E01001026,0
Unvalidated,2024010503971,2024,010503971,1,8,0,99,9,9,99,0,9,99,9,99,9,9,1,1,35,6,-1,-1,-1,-1,4,1,E01001276,0
Unvalidated,2024010503971,2024,010503971,2,9,9,18,2,6,0,0,0,99,9,0,1,9,6,1,34,6,-1,-1,-1,-1,5,1,E01019359,0
Unvalidated,2024010503972,2024,010503972,1,9,0,18,5,1,0,3,0,0,0,0,1,1,6,3,-1,-1,-1,-1,-1,-1,-1,-1,-1,0
Unvalidated,2024010503978,2024,010503978,1,9,0,18,3,7,0,6,0,0,0,0,1,1,6,1,24,5,-1,-1,-1,-1,3,1,E01002104,0
Unvalidated,2024010503979,2024,010503979,1,4,0,18,1,5,0,2,0,0,0,0,1,1,6,1,24,5,-1,-1,-1,-1,2,1,E01015921,0
Unvalidated,2024010503979,2024,010503979,2,1,0,18,3,7,0,6,0,0,0,0,4,1,2,1,60,9,-1,-1,-1,-1,5,1,E01001902,0
Unvalidated,2024010503982,2024,010503982,1,9,0,6,3,3,0,8,0,0,0,0,2,1,6,3,-1,-1,-1,-1,-1,-1,-1,-1,-1,0
Unvalidated,2024010503983,2024,010503983,1,9,0,18,5,1,0,0,0,0,0,0,1,1,6,3,-1,-1,-1,-1,-1,-1,-1,-1,-1,0
Unvalidated,2024010503984,2024,010503984,1,11,0,18,1,5,2,2,0,10,0,0,1,1,1,1,41,7,-1,-1,-1,-1,4,1,E01004418,0
Unvalidated,2024010503985,2024,010503985,1,19,0,4,7,3,0,0,0,0,0,0,4,1,2,1,39,7,-1,-1,-1,-1,6,1,E01001665,0
Unvalidated,2024010503985,2024,010503985,2,1,0,18,7,3,5,0,0,0,0,0,4,1,6,1,39,7,-1,-1,-1,-1,3,1,E01003550,0
Unvalidated,2024010503986,2024,010503986,1,9,0,99,9,9,99,9,9,99,9,99,9,9,6,3,-1,-1,-1,-1,-1,-1,-1,-1,-1,0
Unvalidated,2024010503986,2024,010503986,2,1,0,18,7,3,5,8,0,0,0,0,3,1,6,1,33,6,-1,-1,-1,-1,3,1,E01004303,0
Unvalidated,2024010503994,2024,010503994,1,9,0,9,6,4,0,1,0,0,7,0,1,1,1,1,22,5,-1,-1,-1,-1,9,1,E01030766,0
Unvalidated,2024010503994,2024,010503994,2,5,0,18,2,6,0,1,0,0,0,0,1,1,6,1,42,7,-1,-1,-1,-1,4,1,E01002592,0
Unvalidated,2024010503995,2024,010503995,1,1,9,99,9,9,99,9,9,99,9,99,1,1,6,3,-1,-1,-1,-1,-1,-1,-1,-1,-1,0
Unvalidated,2024010503998,2024,010503998,1,9,0,18,5,1,0,0,0,4,0,0,1,1,6,1,42,7,-1,-1,-1,-1,7,1,E01000334,0
Unvalidated,2024010503998,2024,010503998,2,9,0,18,1,5,0,0,0,4,0,0,1,1,2,2,28,6,-1,-1,-1,-1,4,1,E01001674,0
Unvalidated,2024010503998,2024,010503998,3,9,0,2,0,0,0,0,0,0,0,0,4,1,6,3,-1,-1,-1,-1,-1,-1,-1,-1,-1,0
Unvalidated,2024010503998,2024,010503998,4,9,0,2,0,0,0,0,0,0,0,0,4,1,6,3,-1,-1,-1,-1,-1,-1,-1,-1,-1,0
Unvalidated,2024010503998,2024,010503998,5,9,0,18,5,1,0,0,0,0,0,0,0,1,1,1,29,6,-1,-1,-1,-1,3,1,E01003221,0
Unvalidated,2024010503999,2024,010503999,1,1,0,5,7,3,0,1,0,0,1,0,1,1,6,1,43,7,-1,-1,-1,-1,8,1,E01003455,0
Unvalidated,2024010503999,2024,010503999,2,11,0,5,3,7,0,1,0,0,0,0,1,1,6,3,-1,-1,-1,-1,-1,-1,-1,-1,-1,0
Unvalidated,2024010504004,2024,010504004,1,9,0,99,9,9,99,9,9,99,9,99,9,9,6,1,29,6,-1,-1,-1,-1,6,1,E01001519,0
Unvalidated,2024010504004,2024,010504004,2,9,9,99,9,9,99,9,9,99,9,99,9,9,6,3,-1,-1,-1,-1,-1,-1,-1,-1,-1,0
Unvalidated,2024010504005,2024,010504005,1,9,0,9,5,2,0,1,0,0,0,0,1,1,6,1,29,6,-1,-1,-1,-1,4,1,E01003249,0
Unvalidated,2024010504006,2024,010504006,1,3,0,99,9,9,99,9,9,99,9,99,9,1,1,1,33,6,-1,-1,-1,-1,5,1,E01003703,0
Unvalidated,2024010504006,2024,010504006,2,9,9,99,9,9,99,9,9,99,9,99,9,9,6,3,-1,-1,-1,-1,-1,-1,-1,-1,-1,0
Unvalidated,2024010504011,2024,010504011,1,1,9,99,9,9,99,9,9,99,9,99,9,1,6,1,31,6,-1,-1,-1,-1,-1,-1,-1,0
Unvalidated,2024010504012,2024,010504012,1,9,9,99,9,9,0,9,0,99,0,0,9,9,6,3,-1,-1,-1,-1,-1,-1,-1,-1,-1,0
Unvalidated,2024010504014,2024,010504014,1,3,9,99,9,9,99,1,9,99,9,99,9,1,6,3,24,5,-1,-1,-1,-1,5,1,E01003140,0
Unvalidated,2024010504014,2024,010504014,2,9,0,99,9,9,99,6,9,99,9,99,9,9,6,3,-1,-1,-1,-1,-1,-1,-1,-1,-1,0
Unvalidated,2024010504022,2024,010504022,1,9,0,18,5,1,0,6,0,0,0,0,1,1,6,1,58,9,-1,-1,-1,-1,6,1,E01001951,0
Unvalidated,2024010504022,2024,010504022,2,1,0,18,5,1,0,1,0,0,0,0,1,1,6,1,42,7,-1,-1,-1,-1,7,1,E01002971,0
Unvalidated,2024010504024,2024,010504024,1,1,0,18,3,7,0,1,0,0,0,0,4,1,2,1,42,7,-1,-1,-1,-1,2,1,E01033578,0
Unvalidated,2024010504024,2024,010504024,2,9,0,18,5,1,0,2,0,4,3,0,1,1,6,3,-1,-1,-1,-1,-1,-1,-1,-1,-1,0
Unvalidated,2024010504030,2024,010504030,1,9,0,9,1,7,0,6,0,0,0,0,1,1,2,2,45,7,-1,-1,-1,-1,3,1,E01004600,0
Unvalidated,2024010504037,2024,010504037,1,3,0,99,9,9,99,9,9,99,9,99,1,1,1,1,23,5,-1,-1,-1,-1,2,1,E01001812,0
Unvalidated,2024010504037,2024,010504037,2,9,0,99,9,9,99,9,9,99,9,99,9,9,6,3,-1,-1,-1,-1,-1,-1,-1,-1,-1,0
Unvalidated,2024010504041,2024,010504041,1,1,9,99,9,9,99,9,9,99,9,99,2,1,6,1,61,9,-1,-1,-1,-1,7,1,E01000198,0
Unvalidated,2024010504041,2024,010504041,2,9,0,99,9,9,99,9,9,99,9,99,1,9,6,3,-1,-1,-1,-1,-1,-1,4,1,E01000260,0
Unvalidated,2024010504043,2024,010504043,1,3,0,99,9,9,99,9,9,99,9,99,1,1,6,1,25,5,-1,-1,-1,-1,3,1,E01001175,0
Unvalidated,2024010504043,2024,010504043,2,9,0,99,9,9,99,9,9,99,9,99,1,9,6,3,-1,-1,-1,-1,-1,-1,-1,-1,-1,0
Unvalidated,2024010504044,2024,010504044,1,9,0,18,5,1,0,1,0,0,0,0,1,1,6,1,36,7,-1,-1,-1,-1,2,1,E01003046,0
Unvalidated,2024010504045,2024,010504045,1,9,0,9,7,5,0,8,0,0,0,0,3,1,6,2,32,6,-1,-1,-1,-1,2,1,E01001218,0
Unvalidated,2024010504046,2024,010504046,1,3,0,12,5,1,0,1,0,0,0,0,3,1,6,1,47,8,-1,-1,-1,-1,1,1,E01001554,0
Unvalidated,2024010504046,2024,010504046,2,20,1,10,5,3,0,1,0,0,0,0,0,1,1,1,56,9,-1,-1,-1,-1,5,1,E01000847,0
Unvalidated,2024010504048,2024,010504048,1,9,0,9,3,1,0,6,0,0,0,0,3,1,6,1,45,7,-1,-1,-1,-1,9,1,E01004111,0
Unvalidated,2024010504048,2024,010504048,2,9,0,3,7,3,0,8,0,0,0,0,1,1,6,1,72,10,-1,-1,-1,-1,3,1,E01016036,0
Unvalidated,2024010504049,2024,010504049,1,9,0,18,3,7,0,1,0,0,0,0,1,9,6,1,60,9,-1,-1,-1,-1,3,1,E01003819,0
Unvalidated,2024010504051,2024,010504051,1,3,0,99,9,9,9,9,5,0,0,0,1,1,1,1,30,6,-1,-1,-1,-1,3,1,E01001479,0
Unvalidated,2024010504051,2024,010504051,2,9,9,99,9,9,99,9,9,99,9,99,9,1,6,3,-1,-1,-1,-1,-1,-1,-1,-1,-1,0
Unvalidated,2024010504056,2024,010504056,1,9,0,3,5,1,1,1,0,0,0,0,2,1,1,1,28,6,-1,-1,-1,-1,1,1,E01003246,0
Unvalidated,2024010504056,2024,010504056,2,3,0,18,5,1,1,1,0,0,0,0,1,1,6,1,31,6,-1,-1,-1,-1,8,1,E01004058,0
Unvalidated,2024010504062,2024,010504062,1,3,0,99,9,9,99,9,9,99,9,99,9,1,1,2,26,6,-1,-1,-1,-1,2,1,E01001692,0
Unvalidated,2024010504062,2024,010504062,2,9,0,99,9,9,99,9,9,99,9,99,9,9,6,3,-1,-1,-1,-1,-1,-1,-1,-1,-1,0
Unvalidated,2024010504063,2024,010504063,1,9,0,18,1,5,0,1,0,0,0,0,2,1,2,2,35,6,-1,-1,-1,-1,2,1,E01004083,0
Unvalidated,2024010504063,2024,010504063,2,9,0,18,1,5,0,1,0,0,0,0,1,1,6,1,24,5,-1,-1,-1,-1,-1,-1,-1,0
Unvalidated,2024010504066,2024,010504066,1,9,0,99,9,9,99,0,9,99,9,99,1,9,6,2,64,9,-1,-1,-1,-1,3,1,E01003916,0
Unvalidated,2024010504066,2024,010504066,2,9,0,99,9,9,99,0,9,99,9,99,9,9,6,2,58,9,-1,-1,-1,-1,2,1,E01003918,0
Unvalidated,2024010504069,2024,010504069,1,9,0,18,4,8,0,8,0,0,0,0,3,2,6,1,47,8,-1,-1,-1,-1,2,1,E01001001,0
Unvalidated,2024010504069,2024,010504069,2,9,0,5,2,6,0,2,0,0,0,0,1,1,6,3,-1,-1,-1,-1,-1,-1,-1,-1,-1,0
Unvalidated,2024010504075,2024,010504075,1,3,0,18,9,9,99,9,9,99,9,99,1,1,1,1,31,6,-1,-1,-1,-1,7,1,E01002171,0
Unvalidated,2024010504075,2024,010504075,2,9,0,1,9,9,99,9,9,99,9,99,0,9,6,3,-1,-1,-1,-1,-1,-1,8,1,E01000233,0
Unvalidated,2024010504082,2024,010504082,1,3,0,99,9,9,99,9,9,99,9,99,9,1,1,1,29,6,-1,-1,-1,-1,8,3,E01023576,0
Unvalidated,2024010504082,2024,010504082,2,9,0,99,9,9,99,9,9,99,9,99,9,9,6,3,-1,-1,-1,-1,-1,-1,-1,-1,-1,0
Unvalidated,2024010504090,2024,010504090,1,9,0,5,1,5,0,3,0,0,0,0,1,1,6,1,50,8,-1,-1,-1,-1,9,1,E01024186,0
Unvalidated,2024010504094,2024,010504094,1,9,0,18,7,3,0,3,0,0,0,0,1,1,6,2,31,6,-1,-1,-1,-1,4,1,E01033745,0
Unvalidated,2024010504094,2024,010504094,2,9,0,3,7,3,0,3,0,0,0,0,2,1,6,1,64,9,-1,-1,-1,-1,4,1,E01000466,0
Unvalidated,2024010504097,2024,010504097,1,1,9,99,9,9,99,9,9,99,9,99,1,1,6,1,16,4,-1,-1,-1,-1,6,1,E01000587,0
Unvalidated,2024010504097,2024,010504097,2,19,9,99,9,9,99,9,9,99,9,99,9,9,1,3,-1,-1,-1,-1,-1,-1,-1,-1,-1,0
Unvalidated,2024010504098,2024,010504098,1,11,0,18,3,7,0,1,0,0,0,0,0,1,1,2,41,7,-1,-1,-1,-1,2,1,E01000867,0
Unvalidated,2024010504107,2024,010504107,1,11,0,4,5,1,2,1,0,0,0,0,1,1,1,1,52,8,-1,-1,-1,-1,6,1,E01003375,0
Unvalidated,2024010504107,2024,010504107,2,9,0,7,6,1,2,1,0,0,0,0,0,1,6,1,55,8,-1,-1,-1,-1,7,1,E01000190,0
Unvalidated,2024010504110,2024,010504110,1,3,0,18,6,2,0,1,0,0,0,0,4,1,6,1,51,8,-1,-1,-1,-1,-1,-1,-1,0
Unvalidated,2024010504110,2024,010504110,2,9,0,18,6,2,0,1,0,0,0,0,1,1,6,1,66,10,-1,-1,-1,-1,-1,-1,-1,0
Unvalidated,2024010504110,2024,010504110,3,9,0,4,6,2,0,1,0,0,0,0,2,1,6,2,51,8,-1,-1,-1,-1,7,1,E01000275,0
Unvalidated,2024010504110,2024,010504110,4,9,0,2,0,0,0,1,0,0,0,0,3,1,6,3,-1,-1,-1,-1,-1,-1,-1,-1,-1,0
Unvalidated,2024010504111,2024,010504111,1,5,0,18,3,7,0,0,5,0,0,0,3,1,6,1,65,9,-1,-1,-1,-1,5,1,E01002660,0
Unvalidated,2024010504113,2024,010504113,1,1,9,99,9,9,99,9,9,99,9,99,9,9,6,3,-1,-1,-1,-1,-1,-1,-1,-1,-1,0
Unvalidated,2024010504116,2024,010504116,1,9,0,9,7,4,0,8,0,0,0,0,1,1,6,2,67,10,-1,-1,-1,-1,7,1,E01002474,0
Unvalidated,2024010504116,2024,010504116,2,9,3,7,3,6,0,8,0,0,0,0,1,1,6,1,48,8,-1,-1,-1,-1,6,1,E01017793,0
Unvalidated,2024010504119,2024,010504119,1,2,0,99,9,9,99,9,9,99,9,99,9,1,2,2,45,7,-1,-1,-1,-1,3,1,E01003603,0
Unvalidated,2024010504122,2024,010504122,1,97,0,18,5,1,0,0,0,0,0,0,1,1,6,3,-1,-1,-1,-1,-1,-1,-1,-1,-1,0
Unvalidated,2024010504124,2024,010504124,1,9,0,99,9,9,99,0,9,99,9,99,2,9,6,3,-1,-1,-1,-1,-1,-1,3,1,E01000099,0
Unvalidated,2024010504126,2024,010504126,1,1,9,99,9,9,99,9,9,99,9,99,1,1,6,1,34,6,-1,-1,-1,-1,4,1,E01003278,0
Unvalidated,2024010504126,2024,010504126,2,9,0,99,9,9,99,9,9,99,9,99,9,9,6,3,-1,-1,-1,-1,-1,-1,-1,-1,-1,0
Unvalidated,2024010504127,2024,010504127,1,9,0,9,3,1,0,8,0,0,0,0,1,1,6,3,-1,-1,-1,-1,-1,-1,-1,-1,-1,0
Unvalidated,2024010504128,2024,010504128,1,9,0,5,0,1,0,0,0,4,0,0,1,1,6,1,87,11,-1,-1,-1,-1,5,1,E01033322,0
Unvalidated,2024010504128,2024,010504128,2,9,0,2,0,0,0,0,0,0,0,0,2,1,6,3,-1,-1,-1,-1,-1,-1,-1,-1,-1,0
Unvalidated,2024010504128,2024,010504128,3,9,0,2,0,0,0,0,0,0,0,0,3,1,6,3,-1,-1,-1,-1,-1,-1,-1,-1,-1,0
Unvalidated,2024010504129,2024,010504129,1,9,0,99,9,9,99,9,9,99,9,99,1,9,6,1,35,6,-1,-1,-1,-1,2,1,E01000078,0
Unvalidated,2024010504130,2024,010504130,1,8,0,18,3,7,0,8,0,0,0,0,4,1,1,1,51,8,-1,-1,-1,-1,2,1,E01002709,0
Unvalidated,2024010504130,2024,010504130,2,1,0,18,5,1,0,8,0,5,0,0,1,1,6,1,25,5,-1,-1,-1,-1,1,1,E01004674,0
Unvalidated,2024010504131,2024,010504131,1,9,0,99,9,9,99,9,9,99,9,99,1,9,2,1,19,4,-1,-1,-1,-1,9,1,E01000358,0
Unvalidated,2024010504132,2024,010504132,1,9,0,4,1,5,0,0,0,0,0,0,1,1,6,2,83,11,-1,-1,-1,-1,9,1,E01002110,0
Unvalidated,2024010504134,2024,010504134,1,9,0,18,5,1,0,0,0,0,0,0,2,1,6,1,30,6,-1,-1,-1,-1,3,1,E01003493,0
Unvalidated,2024010504134,2024,010504134,2,9,0,18,5,1,0,0,0,0,0,0,2,1,6,1,68,10,-1,-1,-1,-1,3,1,E01003625,0
Unvalidated,2024010504134,2024,010504134,3,9,0,18,5,1,0,0,0,0,0,0,1,1,6,3,-1,-1,-1,-1,-1,-1,-1,-1,-1,0
Unvalidated,2024010504136,2024,010504136,1,1,9,99,9,9,99,9,9,99,9,99,1,1,2,1,41,7,-1,-1,-1,-1,2,1,E01001976,0
Unvalidated,2024010504136,2024,010504136,2,19,0,99,9,9,99,9,9,99,9,99,9,9,6,3,-1,-1,-1,-1,-1,-1,3,3,E01021806,0
Unvalidated,2024010504139,2024,010504139,1,1,9,99,9,9,99,9,9,99,9,99,9,1,2,1,47,8,-1,-1,-1,-1,4,1,E01001896,0
Unvalidated,2024010504139,2024,010504139,2,98,0,99,9,9,99,9,9,99,9,99,1,9,6,3,24,5,-1,-1,-1,-1,4,1,E01004643,0
Unvalidated,2024010504143,2024,010504143,1,9,0,99,9,9,99,9,9,99,9,99,2,9,6,2,29,6,-1,-1,-1,-1,3,1,E01001807,0
Unvalidated,2024010504144,2024,010504144,1,9,0,6,3,3,0,1,0,0,0,0,3,1,6,1,56,9,-1,-1,-1,-1,2,1,E01001862,0
Unvalidated,2024010504144,2024,010504144,2,3,0,13,3,7,0,1,0,0,0,0,1,1,6,1,21,5,-1,-1,-1,-1,3,1,E01002572,0
Unvalidated,2024010504150,2024,010504150,1,9,0,1,7,3,0,0,0,0,0,0,2,1,6,3,-1,-1,-1,-1,-1,-1,-1,-1,-1,0
Unvalidated,2024010504150,2024,010504150,2,9,0,4,7,3,0,0,0,0,0,0,1,1,1,1,30,6,-1,-1,-1,-1,4,1,E01004142,0
Unvalidated,2024010504151,2024,010504151,1,9,0,3,3,7,0,2,0,0,0,0,1,2,2,1,33,6,-1,-1,-1,-1,-1,-1,-1,0
Unvalidated,2024010504151,2024,010504151,2,1,0,18,8,4,0,1,0,0,0,0,1,1,6,1,68,10,-1,-1,-1,-1,2,1,E01004007,0
Unvalidated,2024010504152,2024,010504152,1,9,0,99,9,9,99,9,9,99,9,99,2,9,6,1,63,9,-1,-1,-1,-1,9,1,E01021789,0
Unvalidated,2024010504152,2024,010504152,2,9,0,99,9,9,99,9,9,99,9,99,9,9,6,3,-1,-1,-1,-1,-1,-1,7,1,E01003682,0
Unvalidated,2024010504158,2024,010504158,1,9,0,12,3,7,0,0,0,0,0,0,3,1,6,2,24,5,-1,-1,-1,-1,2,1,E01003335,0
Unvalidated,2024010504158,2024,010504158,2,21,1,18,3,7,0,0,0,0,0,0,1,1,1,1,41,7,-1,-1,-1,-1,7,1,E01016820,0
Unvalidated,2024010504161,2024,010504161,1,3,0,9,7,5,0,6,0,4,0,0,2,1,1,1,27,6,-1,-1,-1,-1,3,1,E01003571,0
Unvalidated,2024010504161,2024,010504161,2,9,0,18,1,5,0,2,0,0,0,0,1,1,6,1,24,5,-1,-1,-1,-1,6,1,W01001839,0
Unvalidated,2024010504161,2024,010504161,3,9,0,2,0,0,0,2,0,0,0,0,2,1,6,3,-1,-1,-1,-1,-1,-1,-1,-1,-1,0
Unvalidated,2024010504162,2024,010504162,1,9,0,17,3,8,0,8,0,0,0,0,4,1,6,3,-1,-1,-1,-1,-1,-1,-1,-1,-1,0
Unvalidated,2024010504164,2024,010504164,1,90,0,99,9,9,99,9,9,99,9,99,1,9,6,3,-1,-1,-1,-1,-1,-1,-1,-1,-1,1
Unvalidated,2024010504172,2024,010504172,1,19,0,99,9,9,99,9,9,99,9,99,9,9,6,1,29,6,-1,-1,-1,-1,2,1,E01004696,0
Unvalidated,2024010504172,2024,010504172,2,19,0,99,9,9,99,9,9,99,9,99,9,9,6,3,-1,-1,-1,-1,-1,-1,7,1,E01002142,0
Unvalidated,2024010504175,2024,010504175,1,11,0,11,3,7,0,0,0,0,0,0,0,1,1,1,54,8,-1,-1,-1,-1,5,1,E01000488,0
Unvalidated,2024010504176,2024,010504176,1,3,0,99,9,9,99,9,9,99,9,99,9,1,1,3,46,8,-1,-1,-1,-1,2,1,E01001976,0
Unvalidated,2024010504176,2024,010504176,2,9,9,99,9,9,99,9,9,99,9,99,9,9,6,3,-1,-1,-1,-1,-1,-1,-1,-1,-1,0
Unvalidated,2024010504177,2024,010504177,1,3,0,99,9,9,99,1,9,99,9,99,9,1,1,3,38,7,-1,-1,-1,-1,2,1,E01000525,0
Unvalidated,2024010504177,2024,010504177,2,9,9,99,9,9,99,6,9,99,9,99,9,9,6,3,-1,-1,-1,-1,-1,-1,-1,-1,-1,0
Unvalidated,2024010504179,2024,010504179,1,9,0,12,5,1,0,8,0,0,0,0,4,1,1,1,56,9,-1,-1,-1,-1,8,1,E01001891,0
Unvalidated,2024010504179,2024,010504179,2,5,0,18,5,1,0,8,0,0,0,0,1,1,6,1,38,7,-1,-1,-1,-1,4,1,E01003119,0
Unvalidated,2024010504181,2024,010504181,1,9,0,99,9,9,99,9,9,99,9,99,2,9,2,2,39,7,-1,-1,-1,-1,2,1,E01033085,0
Unvalidated,2024010504181,2024,010504181,2,19,0,99,9,9,99,9,9,99,9,99,9,9,6,3,-1,-1,-1,-1,-1,-1,-1,-1,-1,0
Unvalidated,2024010504182,2024,010504182,1,8,0,5,1,5,0,1,0,0,0,0,1,1,1,1,59,9,-1,-1,-1,-1,4,1,E01023857,0
Unvalidated,2024010504183,2024,010504183,1,9,5,18,1,5,99,9,5,12,9,99,9,9,6,1,-1,-1,-1,-1,-1,-1,-1,-1,-1,0
Unvalidated,2024010504183,2024,010504183,2,1,9,18,1,5,99,9,9,12,9,99,1,1,6,1,17,4,-1,-1,-1,-1,2,1,E01001722,0
Unvalidated,2024010504184,2024,010504184,1,9,0,5,0,1,0,1,0,0,0,0,1,1,6,1,41,7,-1,-1,-1,-1,2,1,E01003189,0
Unvalidated,2024010504184,2024,010504184,2,1,0,18,5,1,0,1,0,0,0,0,1,1,6,1,77,11,-1,-1,-1,-1,1,1,E01004042,0
Unvalidated,2024010504189,2024,010504189,1,3,0,99,9,9,99,9,9,99,9,99,9,1,1,3,24,5,-1,-1,-1,-1,2,1,E01001432,0
Unvalidated,2024010504189,2024,010504189,2,9,0,99,9,9,99,9,9,99,9,99,9,9,6,3,-1,-1,-1,-1,-1,-1,-1,-1,-1,0
Unvalidated,2024010504190,2024,010504190,1,3,0,99,9,9,99,9,9,99,9,99,9,1,1,1,36,7,-1,-1,-1,-1,3,1,E01001489,0
Unvalidated,2024010504190,2024,010504190,2,9,0,99,9,9,99,9,9,99,9,99,9,9,6,3,-1,-1,-1,-1,-1,-1,-1,-1,-1,0
Unvalidated,2024010504191,2024,010504191,1,3,0,99,9,9,99,9,9,99,9,99,9,1,2,1,23,5,-1,-1,-1,-1,3,1,E01009001,0
Unvalidated,2024010504191,2024,010504191,2,9,0,99,9,9,99,9,9,99,9,99,9,9,6,3,-1,-1,-1,-1,-1,-1,-1,-1,-1,0
Unvalidated,2024010504195,2024,010504195,1,9,0,9,1,7,0,2,0,7,0,0,3,1,6,2,36,7,-1,-1,-1,-1,3,1,E01000089,0
Unvalidated,2024010504195,2024,010504195,2,9,0,18,5,1,0,6,0,0,0,0,1,1,2,1,60,9,-1,-1,-1,-1,5,2,E01015949,0
Unvalidated,2024010504199,2024,010504199,1,9,9,99,9,9,99,9,9,99,9,99,9,9,6,1,31,6,-1,-1,-1,-1,1,1,E01033636,0
Unvalidated,2024010504199,2024,010504199,2,20,1,99,9,9,99,9,9,99,9,99,9,9,6,1,-1,-1,-1,-1,-1,-1,9,1,E01030704,0
Unvalidated,2024010504200,2024,010504200,1,1,9,99,9,9,99,9,9,99,9,99,9,1,1,1,28,6,-1,-1,-1,-1,2,1,E01000954,0
Unvalidated,2024010504200,2024,010504200,2,9,0,99,9,9,99,9,9,99,9,99,9,9,6,3,-1,-1,-1,-1,-1,-1,-1,-1,-1,0
Unvalidated,2024010504204,2024,010504204,1,9,0,99,9,9,99,9,9,99,9,99,9,9,6,3,-1,-1,-1,-1,-1,-1,-1,-1,-1,0
Unvalidated,2024010504205,2024,010504205,1,9,0,18,3,7,0,5,0,0,0,0,1,2,6,1,55,8,-1,-1,-1,-1,7,1,E01002013,0
Unvalidated,2024010504205,2024,010504205,2,1,0,18,5,1,0,1,0,0,1,0,1,1,2,1,31,6,-1,-1,-1,-1,6,1,E01001984,0
Unvalidated,2024010504206,2024,010504206,1,3,9,99,9,9,99,0,9,99,9,99,9,1,2,2,33,6,-1,-1,-1,-1,2,1,E01003594,0
Unvalidated,2024010504206,2024,010504206,2,9,9,99,9,9,99,0,9,99,9,99,9,9,6,3,-1,-1,-1,-1,-1,-1,-1,-1,-1,0
Unvalidated,2024010504210,2024,010504210,1,11,0,3,5,1,0,0,0,0,0,0,0,1,1,1,25,5,-1,-1,-1,-1,4,1,E01002098,0
Unvalidated,2024010504210,2024,010504210,2,1,0,18,5,1,4,0,0,0,0,0,9,1,6,1,24,5,-1,-1,-1,-1,3,1,E01001501,0
Unvalidated,2024010504212,2024,010504212,1,20,5,5,3,7,0,1,0,0,0,0,1,1,1,1,28,6,-1,-1,-1,-1,8,1,E01021795,0
Unvalidated,2024010504212,2024,010504212,2,3,0,3,3,7,0,1,0,0,0,0,2,1,1,1,42,7,-1,-1,-1,-1,5,1,E01000607,0
Unvalidated,2024010504216,2024,010504216,1,3,0,99,9,9,99,9,9,99,9,99,9,1,1,3,34,6,-1,-1,-1,-1,1,1,E01002040,0
Unvalidated,2024010504216,2024,010504216,2,9,9,99,9,9,99,9,9,99,9,99,9,9,6,3,-1,-1,-1,-1,-1,-1,-1,-1,-1,0