status,collision_index,collision_year,collision_reference,vehicle_reference,vehicle_type,towing_and_articulation,vehicle_manoeuvre,vehicle_direction_from,vehicle_direction_to,vehicle_location_restricted_lane,junction_location,skidding_and_overturning,hit_object_in_carriageway,vehicle_leaving_carriageway,hit_object_off_carriageway,first_point_of_impact,vehicle_left_hand_drive,journey_purpose_of_driver,sex_of_driver,age_of_driver,age_band_of_driver,engine_capacity_cc,propulsion_code,age_of_vehicle,generic_make_model,driver_imd_decile,driver_home_area_type,lsoa_of_driver,escooter_flag
Unvalidated,2024010504222,2024,010504222,1,9,9,99,9,9,99,6,9,99,9,99,9,9,6,3,-1,-1,-1,-1,-1,-1,-1,-1,-1,0
Unvalidated,2024010504222,2024,010504222,2,3,9,99,9,9,99,1,9,99,9,99,1,1,1,1,33,6,-1,-1,-1,-1,2,1,E01002068,0
Unvalidated,2024010504223,2024,010504223,1,9,0,4,7,3,0,1,0,0,0,0,1,1,6,2,27,6,-1,-1,-1,-1,5,1,E01015975,0
Unvalidated,2024010504223,2024,010504223,2,9,0,3,7,3,0,8,0,4,0,0,2,1,6,1,65,9,-1,-1,-1,-1,4,1,E01002248,0
Unvalidated,2024010504224,2024,010504224,1,8,0,10,7,6,0,1,0,0,7,0,4,1,6,3,57,9,-1,-1,-1,-1,5,1,E01033489,0
Unvalidated,2024010504224,2024,010504224,2,1,0,18,3,7,0,1,0,0,0,0,1,1,2,1,27,6,-1,-1,-1,-1,3,1,E01032784,0
Unvalidated,2024010504225,2024,010504225,1,19,0,9,3,8,8,2,0,0,0,0,2,1,1,1,48,8,-1,-1,-1,-1,1,1,E01001559,0
Unvalidated,2024010504225,2024,010504225,2,9,0,17,1,5,0,1,0,0,0,0,1,1,1,1,30,6,-1,-1,-1,-1,2,1,E01001528,0
Unvalidated,2024010504226,2024,010504226,1,11,0,5,7,3,0,1,0,0,0,0,0,1,1,1,68,10,-1,-1,-1,-1,6,1,E01001408,0
Unvalidated,2024010504233,2024,010504233,1,1,0,5,5,1,4,1,0,0,0,0,0,1,3,1,40,7,-1,-1,-1,-1,6,1,E01003366,0
Unvalidated,2024010504234,2024,010504234,1,3,0,9,1,7,0,2,0,0,0,0,3,1,6,1,26,6,-1,-1,-1,-1,2,1,E01003500,0
Unvalidated,2024010504234,2024,010504234,2,9,0,9,7,5,0,1,0,0,0,0,1,2,2,2,63,9,-1,-1,-1,-1,2,1,E01000086,0
Unvalidated,2024010504235,2024,010504235,1,3,0,99,9,9,99,9,9,99,9,99,9,1,1,3,32,6,-1,-1,-1,-1,6,1,E01020029,0
Unvalidated,2024010504235,2024,010504235,2,9,9,99,9,9,99,9,9,99,9,99,9,9,6,3,-1,-1,-1,-1,-1,-1,-1,-1,-1,0
Unvalidated,2024010504236,2024,010504236,1,9,0,18,8,4,0,1,0,0,0,0,3,1,1,1,31,6,-1,-1,-1,-1,1,1,E01023536,0
Unvalidated,2024010504236,2024,010504236,2,8,0,9,8,6,0,1,0,0,0,0,4,1,6,2,64,9,-1,-1,-1,-1,2,1,E01000955,0
Unvalidated,2024010504239,2024,010504239,1,9,0,18,5,1,9,6,0,4,0,0,1,1,1,2,29,6,-1,-1,-1,-1,6,1,E01003840,0
Unvalidated,2024010504239,2024,010504239,2,3,0,18,3,7,0,1,1,0,0,0,2,1,6,1,25,5,-1,-1,-1,-1,5,1,E01002613,0
Unvalidated,2024010504240,2024,010504240,1,3,0,18,2,6,0,0,0,0,0,0,1,1,1,2,44,7,-1,-1,-1,-1,4,1,E01032742,0
Unvalidated,2024010504240,2024,010504240,2,9,0,10,6,4,0,0,0,0,0,0,3,1,6,1,57,9,-1,-1,-1,-1,-1,-1,-1,0
Unvalidated,2024010504241,2024,010504241,1,3,0,99,9,9,99,9,9,99,9,99,9,1,1,3,30,6,-1,-1,-1,-1,3,1,E01001175,0
Unvalidated,2024010504241,2024,010504241,2,9,9,99,9,9,99,9,9,99,9,99,9,9,6,3,-1,-1,-1,-1,-1,-1,-1,-1,-1,0
Unvalidated,2024010504242,2024,010504242,1,9,0,4,1,5,0,0,0,0,0,0,2,1,6,1,78,11,-1,-1,-1,-1,9,3,E01023910,0
Unvalidated,2024010504242,2024,010504242,2,9,0,18,1,5,0,0,0,0,0,0,1,1,6,1,70,10,-1,-1,-1,-1,6,1,E01001566,0
Unvalidated,2024010504246,2024,010504246,1,3,0,99,9,9,99,9,9,99,9,99,9,1,6,1,25,5,-1,-1,-1,-1,2,1,E01003159,0
Unvalidated,2024010504246,2024,010504246,2,9,0,99,9,9,99,9,9,99,9,99,9,9,6,3,-1,-1,-1,-1,-1,-1,-1,-1,-1,0
Unvalidated,2024010504249,2024,010504249,1,1,9,99,9,9,99,0,9,99,9,99,1,1,2,1,29,6,-1,-1,-1,-1,1,1,E01001730,0
Unvalidated,2024010504249,2024,010504249,2,8,9,99,9,9,99,0,9,99,9,99,9,9,6,3,-1,-1,-1,-1,-1,-1,-1,-1,-1,0
Unvalidated,2024010504254,2024,010504254,1,9,0,5,7,3,0,2,0,0,0,0,0,1,6,1,89,11,-1,-1,-1,-1,6,1,E01000231,0
Unvalidated,2024010504254,2024,010504254,2,3,0,7,7,1,0,2,0,0,0,0,1,1,6,1,19,4,-1,-1,-1,-1,8,1,E01000233,0
Unvalidated,2024010504263,2024,010504263,1,1,9,99,9,9,99,9,9,99,9,99,9,1,2,1,58,9,-1,-1,-1,-1,8,1,E01004085,0
Unvalidated,2024010504263,2024,010504263,2,9,0,99,9,9,99,9,9,99,9,99,1,9,6,3,46,8,-1,-1,-1,-1,2,1,E01002566,0
Unvalidated,2024010504268,2024,010504268,1,9,0,99,9,9,99,9,9,99,9,99,2,9,2,2,46,8,-1,-1,-1,-1,4,2,E01016074,0
Unvalidated,2024010504268,2024,010504268,2,9,0,99,9,9,99,9,9,99,9,99,1,9,6,3,-1,-1,-1,-1,-1,-1,-1,-1,-1,0
Unvalidated,2024010504269,2024,010504269,1,1,9,99,9,9,99,1,9,99,9,99,1,1,6,1,28,6,-1,-1,-1,-1,3,1,E01003050,0
Unvalidated,2024010504269,2024,010504269,2,9,0,99,9,9,99,5,9,99,9,99,2,9,6,3,51,8,-1,-1,-1,-1,2,1,E01004013,0
Unvalidated,2024010504271,2024,010504271,1,19,0,4,5,1,0,0,0,0,0,0,2,2,6,1,45,7,-1,-1,-1,-1,8,1,E01003710,0
Unvalidated,2024010504271,2024,010504271,2,19,0,4,5,1,0,0,0,0,0,0,1,1,1,1,27,6,-1,-1,-1,-1,2,1,E01001447,0
Unvalidated,2024010504271,2024,010504271,3,5,0,4,5,1,0,0,0,0,0,0,1,1,1,1,45,7,-1,-1,-1,-1,8,1,E01003669,0
Unvalidated,2024010504274,2024,010504274,1,9,0,2,9,9,99,9,9,99,0,0,4,9,6,2,49,8,-1,-1,-1,-1,2,1,E01003046,0
Unvalidated,2024010504274,2024,010504274,2,19,9,18,9,9,99,9,9,99,0,0,9,9,6,3,-1,-1,-1,-1,-1,-1,-1,-1,-1,0
Unvalidated,2024010504275,2024,010504275,1,5,0,99,9,9,99,1,9,99,9,99,1,1,6,1,26,6,-1,-1,-1,-1,2,1,E01003059,0
Unvalidated,2024010504275,2024,010504275,2,9,0,99,9,9,99,6,9,99,9,99,1,9,6,3,31,6,-1,-1,-1,-1,-1,1,-1,0
Unvalidated,2024010504276,2024,010504276,1,1,9,99,9,9,99,9,9,99,9,99,1,1,2,1,28,6,-1,-1,-1,-1,4,1,E01003929,0
Unvalidated,2024010504276,2024,010504276,2,90,0,99,9,9,99,9,9,99,9,99,9,9,6,1,-1,-1,-1,-1,-1,-1,-1,-1,-1,1
Unvalidated,2024010504277,2024,010504277,1,11,0,4,5,1,2,1,0,0,0,0,0,1,1,1,39,7,-1,-1,-1,-1,1,1,E01003188,0
Unvalidated,2024010504287,2024,010504287,1,3,0,18,3,7,0,0,0,0,0,0,0,1,6,1,25,5,-1,-1,-1,-1,1,1,E01033584,0
Unvalidated,2024010504291,2024,010504291,1,1,9,99,9,9,4,9,9,99,9,99,1,1,2,1,39,7,-1,-1,-1,-1,5,1,E01002801,0
Unvalidated,2024010504291,2024,010504291,2,1,9,99,9,9,4,9,9,99,9,99,1,1,6,3,-1,-1,-1,-1,-1,-1,-1,-1,-1,0
Unvalidated,2024010504294,2024,010504294,1,3,0,3,3,7,0,8,0,0,0,0,2,1,6,1,37,7,-1,-1,-1,-1,6,1,E01002602,0
Unvalidated,2024010504294,2024,010504294,2,9,0,18,3,7,0,8,0,0,0,0,1,1,6,1,76,11,-1,-1,-1,-1,6,1,E01002674,0
Unvalidated,2024010504296,2024,010504296,1,21,4,18,1,5,0,0,0,0,0,0,1,1,1,1,30,6,-1,-1,-1,-1,2,1,E01015760,0
Unvalidated,2024010504299,2024,010504299,1,9,0,18,7,3,0,0,0,0,0,0,2,1,6,1,38,7,-1,-1,-1,-1,1,1,E01001461,0
Unvalidated,2024010504299,2024,010504299,2,9,0,18,7,3,0,0,0,0,0,0,2,1,6,1,27,6,-1,-1,-1,-1,3,1,E01001505,0
Unvalidated,2024010504299,2024,010504299,3,9,0,18,7,3,0,0,0,0,0,0,2,1,6,1,31,6,-1,-1,-1,-1,1,1,E01004205,0
Unvalidated,2024010504299,2024,010504299,4,19,0,5,7,3,0,0,0,0,0,0,1,1,2,1,40,7,-1,-1,-1,-1,-1,-1,-1,0
Unvalidated,2024010504299,2024,010504299,5,9,0,5,7,3,0,0,0,0,0,0,1,1,6,1,21,5,-1,-1,-1,-1,2,1,E01004434,0
Unvalidated,2024010504301,2024,010504301,1,19,0,99,9,9,99,9,9,99,9,99,1,9,1,1,35,6,-1,-1,-1,-1,2,1,E01003768,0
Unvalidated,2024010504301,2024,010504301,2,9,0,99,9,9,99,9,9,99,9,99,1,9,6,3,35,6,-1,-1,-1,-1,3,1,E01003570,0
Unvalidated,2024010504304,2024,010504304,1,8,0,99,9,9,99,9,9,99,9,99,2,9,1,1,32,6,-1,-1,-1,-1,5,1,E01000847,0
Unvalidated,2024010504304,2024,010504304,2,11,0,99,9,9,99,9,9,99,9,99,2,9,6,3,30,6,-1,-1,-1,-1,6,1,E01003459,0
Unvalidated,2024010504306,2024,010504306,1,9,0,99,9,9,99,9,9,99,9,99,3,9,6,2,37,7,-1,-1,-1,-1,3,1,E01002738,0
Unvalidated,2024010504306,2024,010504306,2,9,0,99,9,9,99,9,9,99,9,99,1,9,6,3,-1,-1,-1,-1,-1,-1,-1,-1,-1,0
Unvalidated,2024010504312,2024,010504312,1,9,0,9,5,2,0,1,0,0,0,0,3,1,6,2,20,4,-1,-1,-1,-1,3,1,E01003609,0
Unvalidated,2024010504312,2024,010504312,2,3,0,18,3,7,0,1,0,0,0,0,3,1,1,1,42,7,-1,-1,-1,-1,2,1,E01000042,0
Unvalidated,2024010504315,2024,010504315,1,1,9,99,9,9,99,9,9,99,9,99,9,1,2,1,31,6,-1,-1,-1,-1,2,1,E01000907,0
Unvalidated,2024010504315,2024,010504315,2,9,0,99,9,9,99,9,9,99,9,99,1,9,6,3,45,7,-1,-1,-1,-1,7,1,E01002819,0
Unvalidated,2024010504317,2024,010504317,1,9,0,18,7,3,0,0,0,0,0,0,2,1,6,1,22,5,-1,-1,-1,-1,5,1,E01003772,0
Unvalidated,2024010504317,2024,010504317,2,3,0,13,7,3,0,0,0,0,0,0,1,1,6,1,15,3,-1,-1,-1,-1,3,1,E01004331,0
Unvalidated,2024010504319,2024,010504319,1,9,0,99,9,9,99,9,9,99,9,99,1,9,6,2,55,8,-1,-1,-1,-1,2,1,E01001079,0
Unvalidated,2024010504319,2024,010504319,2,9,0,99,9,9,99,9,9,99,9,99,0,9,6,3,-1,-1,-1,-1,-1,-1,-1,-1,-1,0
Unvalidated,2024010504320,2024,010504320,1,3,0,99,9,9,99,9,9,99,9,99,1,1,1,1,49,8,-1,-1,-1,-1,-1,-1,-1,0
Unvalidated,2024010504320,2024,010504320,2,9,0,99,9,9,99,9,9,99,9,99,2,9,6,3,-1,-1,-1,-1,-1,-1,-1,-1,-1,0
Unvalidated,2024010504321,2024,010504321,1,9,0,18,2,6,0,8,0,0,0,0,0,1,4,1,49,8,-1,-1,-1,-1,2,1,E01003239,0
Unvalidated,2024010504321,2024,010504321,2,3,0,17,2,6,0,8,0,0,0,0,3,1,4,1,17,4,-1,-1,-1,-1,2,1,E01003236,0
Unvalidated,2024010504322,2024,010504322,1,9,0,11,1,5,0,1,5,7,0,0,3,1,6,1,22,5,-1,-1,-1,-1,2,1,E01004284,0
Unvalidated,2024010504322,2024,010504322,2,9,0,18,1,5,0,1,0,0,0,0,0,1,6,1,28,6,-1,-1,-1,-1,2,1,E01004255,0
Unvalidated,2024010504329,2024,010504329,1,9,0,17,3,7,0,2,5,7,0,0,1,1,6,2,24,5,-1,-1,-1,-1,9,1,E01002242,0
Unvalidated,2024010504332,2024,010504332,1,9,0,7,1,3,0,2,0,0,1,9,1,1,6,2,20,4,-1,-1,-1,-1,5,1,E01002374,0
Unvalidated,2024010504332,2024,010504332,2,9,0,9,5,3,0,2,0,0,0,0,4,1,2,1,57,9,-1,-1,-1,-1,2,1,E01000030,0
Unvalidated,2024010504334,2024,010504334,1,3,0,18,7,3,0,1,1,0,0,0,1,1,6,2,28,6,-1,-1,-1,-1,9,1,E01023259,0
Unvalidated,2024010504334,2024,010504334,2,9,0,7,7,8,0,1,0,0,0,0,4,1,2,1,35,6,-1,-1,-1,-1,1,1,E01004722,0
Unvalidated,2024010504335,2024,010504335,1,3,9,99,9,9,99,1,9,99,9,99,9,1,6,3,25,5,-1,-1,-1,-1,1,1,E01000524,0
Unvalidated,2024010504335,2024,010504335,2,9,0,99,9,9,99,6,9,99,9,99,9,9,6,3,-1,-1,-1,-1,-1,-1,-1,-1,-1,0
Unvalidated,2024010504338,2024,010504338,1,5,0,18,3,7,0,0,0,0,5,2,4,1,2,2,37,7,-1,-1,-1,-1,6,1,E01002331,0
Unvalidated,2024010504338,2024,010504338,2,9,0,12,3,7,0,0,0,0,0,0,3,1,1,1,50,8,-1,-1,-1,-1,4,1,E01033739,0
Unvalidated,2024010504340,2024,010504340,1,9,9,99,9,9,99,9,9,99,9,99,9,9,6,1,44,7,-1,-1,-1,-1,7,1,E01002165,0
Unvalidated,2024010504341,2024,010504341,1,9,0,99,9,9,0,9,9,99,9,99,2,9,6,1,47,8,-1,-1,-1,-1,1,1,E01000721,0
Unvalidated,2024010504341,2024,010504341,2,9,0,99,9,9,0,9,9,99,9,99,1,9,6,3,-1,-1,-1,-1,-1,-1,-1,-1,-1,0
Unvalidated,2024010504342,2024,010504342,1,1,9,99,9,9,4,1,9,99,9,99,9,1,6,1,37,7,-1,-1,-1,-1,8,1,E01004051,0
Unvalidated,2024010504342,2024,010504342,2,9,0,99,9,9,99,6,9,99,9,99,9,9,6,3,-1,-1,-1,-1,-1,-1,6,1,E01024285,0
Unvalidated,2024010504345,2024,010504345,1,3,0,99,9,9,99,9,9,99,9,99,2,1,1,3,28,6,-1,-1,-1,-1,5,1,E01002167,0
Unvalidated,2024010504345,2024,010504345,2,9,0,99,9,9,99,9,9,99,9,99,1,9,6,3,-1,-1,-1,-1,-1,-1,-1,-1,-1,0
Unvalidated,2024010504346,2024,010504346,1,11,0,18,1,5,0,1,0,0,0,0,1,1,1,1,49,8,-1,-1,-1,-1,6,1,E01000487,0
Unvalidated,2024010504346,2024,010504346,2,1,0,18,1,5,0,1,0,0,0,0,3,1,6,1,37,7,-1,-1,-1,-1,4,1,E01000546,0
Unvalidated,2024010504349,2024,010504349,1,9,0,18,6,2,0,8,0,0,0,0,4,1,2,1,41,7,-1,-1,-1,-1,2,1,E01002851,0
Unvalidated,2024010504349,2024,010504349,2,1,0,18,4,8,0,8,0,0,0,0,1,1,2,1,26,6,-1,-1,-1,-1,7,1,E01004297,0
Unvalidated,2024010504351,2024,010504351,1,5,0,17,1,7,0,1,0,0,0,0,4,1,2,1,31,6,-1,-1,-1,-1,6,1,E01032798,0
Unvalidated,2024010504354,2024,010504354,1,9,0,99,9,9,99,9,9,99,9,99,1,9,6,2,59,9,-1,-1,-1,-1,7,1,E01001929,0
Unvalidated,2024010504354,2024,010504354,2,1,9,99,9,9,99,9,9,99,9,99,9,1,6,1,-1,-1,-1,-1,-1,-1,4,1,E01001855,0
Unvalidated,2024010504354,2024,010504354,3,1,9,99,9,9,99,9,9,99,9,99,9,1,6,3,-1,-1,-1,-1,-1,-1,-1,-1,-1,0
Unvalidated,2024010504361,2024,010504361,1,3,9,99,9,9,99,9,9,99,9,99,9,1,6,3,51,8,-1,-1,-1,-1,1,1,E01001426,0
Unvalidated,2024010504361,2024,010504361,2,9,0,99,9,9,99,9,9,99,9,99,9,9,6,3,-1,-1,-1,-1,-1,-1,-1,-1,-1,0
Unvalidated,2024010504368,2024,010504368,1,9,0,3,5,1,0,1,0,0,0,0,1,1,2,1,33,6,-1,-1,-1,-1,4,1,E01003216,0
Unvalidated,2024010504368,2024,010504368,2,23,0,13,1,5,0,1,0,0,0,0,1,1,6,1,24,5,-1,-1,-1,-1,-1,-1,-1,0
Unvalidated,2024010504372,2024,010504372,1,9,0,9,4,1,0,2,0,0,0,0,0,1,6,1,43,7,-1,-1,-1,-1,3,1,E01003544,0
Unvalidated,2024010504372,2024,010504372,2,5,0,9,4,1,0,2,0,0,0,0,0,1,2,1,42,7,-1,-1,-1,-1,-1,-1,-1,0
Unvalidated,2024010504373,2024,010504373,1,3,0,99,9,9,99,9,9,99,9,99,1,1,6,1,36,7,-1,-1,-1,-1,4,1,E01003937,0
Unvalidated,2024010504373,2024,010504373,2,11,0,99,9,9,99,9,9,99,9,99,1,9,6,3,-1,-1,-1,-1,-1,-1,-1,-1,-1,0
Unvalidated,2024010504375,2024,010504375,1,9,0,99,9,9,99,0,9,99,9,99,2,9,6,2,46,8,-1,-1,-1,-1,10,1,E01002152,0
Unvalidated,2024010504375,2024,010504375,2,9,0,99,9,9,99,0,9,99,9,99,1,9,6,3,-1,-1,-1,-1,-1,-1,10,1,E01002146,0
Unvalidated,2024010504375,2024,010504375,3,9,0,99,9,9,99,0,9,99,9,99,0,9,6,3,-1,-1,-1,-1,-1,-1,-1,-1,-1,0
Unvalidated,2024010504384,2024,010504384,1,9,0,99,9,9,99,9,9,99,9,99,9,9,6,2,51,8,-1,-1,-1,-1,2,1,E01003325,0
Unvalidated,2024010504384,2024,010504384,2,9,0,99,9,9,99,9,9,99,9,99,9,9,6,3,-1,-1,-1,-1,-1,-1,3,1,E01003280,0
Unvalidated,2024010504389,2024,010504389,1,9,0,2,0,0,0,1,0,0,0,0,3,1,6,3,-1,-1,-1,-1,-1,-1,-1,-1,-1,0
Unvalidated,2024010504389,2024,010504389,2,9,0,5,4,8,0,1,0,0,0,0,3,1,6,3,-1,-1,-1,-1,-1,-1,-1,-1,-1,0
Unvalidated,2024010504390,2024,010504390,1,3,0,99,9,9,99,9,9,99,9,99,9,1,2,3,28,6,-1,-1,-1,-1,7,1,E01000710,0
Unvalidated,2024010504390,2024,010504390,2,9,0,99,9,9,99,9,9,99,9,99,9,9,6,3,-1,-1,-1,-1,-1,-1,-1,-1,-1,0
Unvalidated,2024010504395,2024,010504395,1,9,0,99,9,9,99,0,9,99,9,99,9,9,1,1,52,8,-1,-1,-1,-1,4,1,E01002964,0
Unvalidated,2024010504395,2024,010504395,2,9,0,99,9,9,99,0,9,99,9,99,1,9,6,1,26,6,-1,-1,-1,-1,4,1,E01002607,0
Unvalidated,2024010504399,2024,010504399,1,9,0,18,1,5,0,0,0,0,0,0,0,1,1,1,36,7,-1,-1,-1,-1,2,1,E01001830,0
Unvalidated,2024010504399,2024,010504399,2,9,0,18,1,5,0,0,0,7,0,0,1,1,6,1,18,4,-1,-1,-1,-1,2,1,E01033705,0
Unvalidated,2024010504399,2024,010504399,3,9,0,3,1,5,0,0,0,0,0,0,2,1,1,1,62,9,-1,-1,-1,-1,4,1,E01033579,0
Unvalidated,2024010504408,2024,010504408,1,9,0,99,9,9,99,9,9,99,9,99,2,9,6,1,47,8,-1,-1,-1,-1,4,1,E01003743,0
Unvalidated,2024010504408,2024,010504408,2,9,0,99,9,9,99,9,9,99,9,99,9,9,6,3,-1,-1,-1,-1,-1,-1,4,1,E01003743,0
Unvalidated,2024010504410,2024,010504410,1,1,9,99,9,9,99,9,9,99,9,99,9,1,2,2,44,7,-1,-1,-1,-1,4,1,E01001197,0
Unvalidated,2024010504414,2024,010504414,1,3,0,99,9,9,99,9,9,99,9,99,9,1,1,1,37,7,-1,-1,-1,-1,2,1,E01001202,0
Unvalidated,2024010504414,2024,010504414,2,9,0,99,9,9,99,9,9,99,9,99,1,9,6,3,-1,-1,-1,-1,-1,-1,3,1,E01002401,0
Unvalidated,2024010504415,2024,010504415,1,3,0,99,9,9,99,9,9,99,9,99,9,1,6,1,36,7,-1,-1,-1,-1,2,1,E01000556,0
Unvalidated,2024010504415,2024,010504415,2,9,0,99,9,9,99,9,9,99,9,99,9,9,6,3,-1,-1,-1,-1,-1,-1,-1,-1,-1,0
Unvalidated,2024010504421,2024,010504421,1,4,0,99,9,9,99,9,9,99,9,99,1,1,6,1,51,8,-1,-1,-1,-1,2,1,E01001693,0
Unvalidated,2024010504421,2024,010504421,2,9,0,99,9,9,99,9,9,99,9,99,9,9,6,3,-1,-1,-1,-1,-1,-1,-1,-1,-1,0
Unvalidated,2024010504428,2024,010504428,1,3,0,99,9,9,99,1,9,99,9,99,1,1,1,3,38,7,-1,-1,-1,-1,1,1,E01002073,0
Unvalidated,2024010504428,2024,010504428,2,9,0,99,9,9,99,6,9,99,9,99,9,9,6,3,-1,-1,-1,-1,-1,-1,-1,-1,-1,0
Unvalidated,2024010504429,2024,010504429,1,9,0,99,9,9,99,9,9,99,9,99,2,9,2,1,56,9,-1,-1,-1,-1,7,1,E01001343,0
Unvalidated,2024010504429,2024,010504429,2,97,0,99,9,9,99,9,9,99,9,99,9,1,6,3,28,6,-1,-1,-1,-1,5,1,E01002629,0
Unvalidated,2024010504430,2024,010504430,1,9,0,7,7,1,0,1,0,0,0,0,1,1,6,1,65,9,-1,-1,-1,-1,2,1,E01001486,0
Unvalidated,2024010504430,2024,010504430,2,1,0,18,7,3,2,1,0,0,0,0,1,1,2,1,31,6,-1,-1,-1,-1,2,1,E01002003,0
Unvalidated,2024010504431,2024,010504431,1,1,9,99,9,9,99,9,9,99,9,99,2,1,2,1,57,9,-1,-1,-1,-1,3,1,E01001834,0
Unvalidated,2024010504431,2024,010504431,2,9,0,99,9,9,99,9,9,99,9,99,2,9,6,3,-1,-1,-1,-1,-1,-1,-1,-1,-1,0
Unvalidated,2024010504435,2024,010504435,1,9,0,1,2,8,0,1,0,0,0,0,1,1,6,2,41,7,-1,-1,-1,-1,3,1,E01003235,0
Unvalidated,2024010504439,2024,010504439,1,9,0,10,4,2,0,8,0,0,0,0,3,1,6,1,24,5,-1,-1,-1,-1,2,1,E01001712,0
Unvalidated,2024010504439,2024,010504439,2,3,0,14,4,8,0,8,0,0,0,0,1,1,6,1,18,4,-1,-1,-1,-1,3,1,E01004432,0
Unvalidated,2024010504441,2024,010504441,1,9,0,5,6,2,0,1,0,0,0,0,1,2,6,1,61,9,-1,-1,-1,-1,3,1,E01001203,0
Unvalidated,2024010504441,2024,010504441,2,1,0,18,3,7,0,1,0,0,0,0,1,1,6,2,24,5,-1,-1,-1,-1,5,1,E01001859,0
Unvalidated,2024010504443,2024,010504443,1,1,9,99,9,9,99,9,9,99,9,99,9,1,2,1,48,8,-1,-1,-1,-1,8,1,E01001377,0
Unvalidated,2024010504443,2024,010504443,2,8,0,99,9,9,99,9,9,99,9,99,1,9,6,2,44,7,-1,-1,-1,-1,1,1,E01002842,0
Unvalidated,2024010504450,2024,010504450,1,3,0,18,3,7,0,0,0,0,0,0,1,1,1,1,41,7,-1,-1,-1,-1,3,1,E01000577,0
Unvalidated,2024010504450,2024,010504450,2,8,0,3,7,3,0,0,0,0,0,0,0,1,1,1,31,6,-1,-1,-1,-1,1,1,E01033585,0
Unvalidated,2024010504451,2024,010504451,1,1,9,99,9,9,99,9,9,99,9,99,9,1,6,3,-1,-1,-1,-1,-1,-1,-1,-1,-1,0
Unvalidated,2024010504459,2024,010504459,1,9,0,6,3,3,0,1,0,0,0,0,1,1,6,1,56,9,-1,-1,-1,-1,3,1,E01003522,0
Unvalidated,2024010504459,2024,010504459,2,9,0,18,3,7,0,8,0,0,0,0,1,1,1,1,23,5,-1,-1,-1,-1,2,1,E01003507,0
Unvalidated,2024010504462,2024,010504462,1,9,0,10,5,2,0,1,0,0,0,0,1,1,6,2,22,5,-1,-1,-1,-1,4,1,E01033208,0
Unvalidated,2024010504462,2024,010504462,2,1,0,18,3,7,0,1,0,0,0,0,1,1,6,1,63,9,-1,-1,-1,-1,7,1,E01001231,0
Unvalidated,2024010504463,2024,010504463,1,9,9,99,9,9,99,0,9,99,9,99,9,1,6,3,-1,-1,-1,-1,-1,-1,-1,-1,-1,0
Unvalidated,2024010504470,2024,010504470,1,9,0,99,9,9,99,0,9,99,9,99,2,9,6,2,24,5,-1,-1,-1,-1,-1,1,-1,0
Unvalidated,2024010504470,2024,010504470,2,9,0,99,9,9,99,0,9,99,9,99,1,9,6,3,-1,-1,-1,-1,-1,-1,-1,-1,-1,0
Unvalidated,2024010504486,2024,010504486,1,9,0,18,7,3,0,1,0,0,0,0,3,1,6,1,31,6,-1,-1,-1,-1,2,1,E01003046,0
Unvalidated,2024010504486,2024,010504486,2,3,0,18,7,3,0,1,0,0,0,0,1,1,6,1,23,5,-1,-1,-1,-1,2,1,E01004068,0
Unvalidated,2024010504488,2024,010504488,1,9,0,18,1,5,0,0,5,0,0,0,1,1,6,2,51,8,-1,-1,-1,-1,2,1,E01003735,0
Unvalidated,2024010504488,2024,010504488,2,9,0,2,0,0,0,0,0,0,0,0,1,2,6,3,-1,-1,-1,-1,-1,-1,-1,-1,-1,0
Unvalidated,2024010504488,2024,010504488,3,9,0,2,0,0,0,0,0,0,0,0,4,1,6,3,-1,-1,-1,-1,-1,-1,-1,-1,-1,0
Unvalidated,2024010504490,2024,010504490,1,9,0,5,5,1,0,1,0,0,0,0,1,1,6,1,29,6,-1,-1,-1,-1,4,1,E01033572,0
Unvalidated,2024010504490,2024,010504490,2,90,0,5,3,7,0,6,0,0,0,0,4,1,6,2,14,3,-1,-1,-1,-1,6,1,E01000219,1
Unvalidated,2024010504492,2024,010504492,1,9,0,99,9,9,99,9,9,99,9,99,3,9,6,2,40,7,-1,-1,-1,-1,8,1,E01000873,0
Unvalidated,2024010504493,2024,010504493,1,9,0,9,3,2,0,6,0,0,0,0,3,1,6,1,50,8,-1,-1,-1,-1,2,1,E01004567,0
Unvalidated,2024010504493,2024,010504493,2,5,0,18,7,3,0,8,0,0,0,0,1,1,6,1,55,8,-1,-1,-1,-1,-1,-1,-1,0
Unvalidated,2024010504496,2024,010504496,1,9,0,99,9,9,99,9,9,99,9,99,9,9,6,2,57,9,-1,-1,-1,-1,5,1,E01003414,0
Unvalidated,2024010504496,2024,010504496,2,9,9,99,9,9,99,9,9,99,9,99,9,1,6,3,-1,-1,-1,-1,-1,-1,-1,-1,-1,0
Unvalidated,2024010504498,2024,010504498,1,11,9,99,9,9,0,9,0,0,0,0,9,1,6,3,-1,-1,-1,-1,-1,-1,-1,-1,-1,0