status,collision_index,collision_year,collision_reference,vehicle_reference,vehicle_type,towing_and_articulation,vehicle_manoeuvre,vehicle_direction_from,vehicle_direction_to,vehicle_location_restricted_lane,junction_location,skidding_and_overturning,hit_object_in_carriageway,vehicle_leaving_carriageway,hit_object_off_carriageway,first_point_of_impact,vehicle_left_hand_drive,journey_purpose_of_driver,sex_of_driver,age_of_driver,age_band_of_driver,engine_capacity_cc,propulsion_code,age_of_vehicle,generic_make_model,driver_imd_decile,driver_home_area_type,lsoa_of_driver,escooter_flag
Unvalidated,2024010504503,2024,010504503,1,9,0,18,3,7,0,7,5,4,0,0,4,1,6,2,34,6,-1,-1,-1,-1,9,1,E01004546,0
Unvalidated,2024010504503,2024,010504503,2,9,0,2,0,0,0,1,0,4,0,0,1,1,6,3,-1,-1,-1,-1,-1,-1,-1,-1,-1,0
Unvalidated,2024010504503,2024,010504503,3,9,0,2,0,0,0,1,0,0,0,0,1,1,6,3,-1,-1,-1,-1,-1,-1,-1,-1,-1,0
Unvalidated,2024010504504,2024,010504504,1,9,9,99,9,9,99,0,9,99,9,99,9,9,6,1,20,4,-1,-1,-1,-1,9,1,E01001020,0
Unvalidated,2024010504504,2024,010504504,2,98,9,99,9,9,99,0,9,99,9,99,9,9,6,3,-1,-1,-1,-1,-1,-1,3,1,E01000092,0
Unvalidated,2024010504506,2024,010504506,1,9,0,10,5,2,0,1,0,0,0,0,2,1,6,1,44,7,-1,-1,-1,-1,2,1,E01000600,0
Unvalidated,2024010504506,2024,010504506,2,3,0,9,5,2,0,1,1,0,0,0,1,1,6,1,25,5,-1,-1,-1,-1,7,1,E01001871,0
Unvalidated,2024010504507,2024,010504507,1,9,0,99,9,9,99,9,9,99,9,99,9,9,6,1,26,6,-1,-1,-1,-1,6,1,E01002022,0
Unvalidated,2024010504507,2024,010504507,2,9,9,99,9,9,99,9,9,99,9,99,9,9,6,3,-1,-1,-1,-1,-1,-1,-1,-1,-1,0
Unvalidated,2024010504510,2024,010504510,1,9,0,99,9,9,99,9,9,99,9,99,9,9,6,2,38,7,-1,-1,-1,-1,3,1,E01001409,0
Unvalidated,2024010504510,2024,010504510,2,9,0,99,9,9,99,9,9,99,9,99,9,9,6,3,-1,-1,-1,-1,-1,-1,-1,-1,-1,0
Unvalidated,2024010504511,2024,010504511,1,9,0,18,7,3,0,1,0,0,0,0,0,1,6,1,33,6,-1,-1,-1,-1,2,1,E01001215,0
Unvalidated,2024010504511,2024,010504511,2,3,0,18,7,3,0,1,0,0,0,0,1,1,6,1,34,6,-1,-1,-1,-1,-1,-1,-1,0
Unvalidated,2024010504515,2024,010504515,1,3,0,4,7,3,0,2,0,10,1,0,1,1,1,1,31,6,-1,-1,-1,-1,2,1,E01030599,0
Unvalidated,2024010504515,2024,010504515,2,9,0,3,7,3,0,2,0,0,0,0,2,1,2,1,31,6,-1,-1,-1,-1,2,1,E01000998,0
Unvalidated,2024010504515,2024,010504515,3,90,0,15,3,7,0,1,0,0,0,0,0,1,1,1,31,6,-1,-1,-1,-1,3,1,E01001045,0
Unvalidated,2024010504520,2024,010504520,1,1,9,99,9,9,99,1,9,99,9,99,9,1,2,1,33,6,-1,-1,-1,-1,1,1,E01003075,0
Unvalidated,2024010504520,2024,010504520,2,19,0,99,9,9,99,6,9,99,9,99,1,9,6,3,40,7,-1,-1,-1,-1,1,1,E01003070,0
Unvalidated,2024010504523,2024,010504523,1,1,0,9,7,5,9,1,0,0,0,0,3,1,2,2,20,4,-1,-1,-1,-1,2,1,E01002730,0
Unvalidated,2024010504523,2024,010504523,2,9,0,7,3,6,0,1,0,0,0,0,1,1,6,2,62,9,-1,-1,-1,-1,5,1,E01002740,0
Unvalidated,2024010504524,2024,010504524,1,9,0,99,9,9,99,0,9,99,9,99,2,9,2,1,50,8,-1,-1,-1,-1,2,1,E01000027,0
Unvalidated,2024010504524,2024,010504524,2,9,0,99,9,9,99,0,9,99,9,99,1,9,6,3,-1,-1,-1,-1,-1,-1,1,1,E01004272,0
Unvalidated,2024010504526,2024,010504526,1,9,0,1,1,5,0,0,0,0,0,0,2,1,1,1,36,7,-1,-1,-1,-1,5,1,E01002212,0
Unvalidated,2024010504534,2024,010504534,1,11,0,5,3,7,0,1,0,0,0,0,1,1,1,1,29,6,-1,-1,-1,-1,-1,-1,-1,0
Unvalidated,2024010504539,2024,010504539,1,9,0,99,9,9,99,9,9,99,9,99,1,9,6,3,-1,-1,-1,-1,-1,-1,-1,-1,-1,0
Unvalidated,2024010504541,2024,010504541,1,9,0,5,2,6,9,0,0,4,1,10,1,1,6,2,77,11,-1,-1,-1,-1,9,1,E01000349,0
Unvalidated,2024010504541,2024,010504541,2,11,0,3,2,6,0,0,0,0,0,0,0,1,1,1,37,7,-1,-1,-1,-1,5,1,E01000450,0
Unvalidated,2024010504546,2024,010504546,1,1,9,99,9,9,99,9,9,99,9,99,2,1,6,1,72,10,-1,-1,-1,-1,5,1,E01000037,0
Unvalidated,2024010504546,2024,010504546,2,9,0,99,9,9,99,9,9,99,9,99,1,9,6,2,62,9,-1,-1,-1,-1,5,1,E01002347,0
Unvalidated,2024010504547,2024,010504547,1,8,0,13,7,3,0,8,0,0,4,0,1,1,6,1,67,10,-1,-1,-1,-1,9,1,E01004276,0
Unvalidated,2024010504547,2024,010504547,2,11,0,18,3,7,0,8,0,0,0,0,1,1,1,1,21,5,-1,-1,-1,-1,6,1,E01016241,0
Unvalidated,2024010504549,2024,010504549,1,4,0,99,9,9,99,9,9,99,9,99,9,1,1,1,37,7,-1,-1,-1,-1,4,1,E01001435,0
Unvalidated,2024010504549,2024,010504549,2,9,0,99,9,9,99,9,9,99,9,99,1,9,6,3,-1,-1,-1,-1,-1,-1,-1,-1,-1,0
Unvalidated,2024010504552,2024,010504552,1,3,0,99,9,9,99,9,9,99,9,99,9,1,1,3,30,6,-1,-1,-1,-1,1,1,E01001978,0
Unvalidated,2024010504552,2024,010504552,2,9,0,99,9,9,99,9,9,99,9,99,9,9,6,3,-1,-1,-1,-1,-1,-1,-1,-1,-1,0
Unvalidated,2024010504555,2024,010504555,1,3,0,99,9,9,99,9,9,99,9,99,9,1,2,1,48,8,-1,-1,-1,-1,2,1,E01004023,0
Unvalidated,2024010504555,2024,010504555,2,9,0,99,9,9,99,9,9,99,9,99,9,9,6,3,-1,-1,-1,-1,-1,-1,-1,-1,-1,0
Unvalidated,2024010504557,2024,010504557,1,1,9,99,9,9,99,9,9,99,9,99,1,1,2,1,45,7,-1,-1,-1,-1,4,1,E01003133,0
Unvalidated,2024010504557,2024,010504557,2,8,0,99,9,9,99,9,9,99,9,99,1,9,6,3,-1,-1,-1,-1,-1,-1,-1,-1,-1,0
Unvalidated,2024010504558,2024,010504558,1,19,0,99,9,9,99,9,9,99,9,99,9,1,6,3,-1,-1,-1,-1,-1,-1,-1,-1,-1,0
Unvalidated,2024010504560,2024,010504560,1,9,0,99,9,9,99,9,9,99,9,99,2,9,6,2,42,7,-1,-1,-1,-1,6,1,E01001159,0
Unvalidated,2024010504560,2024,010504560,2,5,0,99,9,9,99,9,9,99,9,99,2,1,6,3,-1,-1,-1,-1,-1,-1,-1,-1,-1,0
Unvalidated,2024010504565,2024,010504565,1,1,9,99,9,9,99,9,9,99,9,99,9,1,2,1,33,6,-1,-1,-1,-1,9,1,E01002116,0
Unvalidated,2024010504565,2024,010504565,2,9,0,99,9,9,99,9,9,99,9,99,3,9,6,3,40,7,-1,-1,-1,-1,5,1,E01000516,0
Unvalidated,2024010504566,2024,010504566,1,3,0,18,1,5,0,1,2,0,0,0,1,1,6,1,37,7,-1,-1,-1,-1,-1,-1,-1,0
Unvalidated,2024010504572,2024,010504572,1,8,0,9,5,3,0,8,0,0,0,0,4,1,1,1,40,7,-1,-1,-1,-1,5,1,E01003948,0
Unvalidated,2024010504572,2024,010504572,2,1,0,18,1,5,0,8,0,0,0,0,1,1,6,2,25,5,-1,-1,-1,-1,2,1,E01000904,0
Unvalidated,2024010504576,2024,010504576,1,21,0,9,3,1,0,6,0,0,0,0,1,1,1,1,35,6,-1,-1,-1,-1,8,1,E01002414,0
Unvalidated,2024010504578,2024,010504578,1,9,0,18,1,5,0,0,0,0,0,0,4,2,2,1,51,8,-1,-1,-1,-1,5,1,E01003638,0
Unvalidated,2024010504579,2024,010504579,1,3,0,99,9,9,99,9,9,99,9,99,9,1,6,1,18,4,-1,-1,-1,-1,4,1,E01001241,0
Unvalidated,2024010504579,2024,010504579,2,9,0,99,9,9,99,9,9,99,9,99,9,9,6,3,-1,-1,-1,-1,-1,-1,-1,-1,-1,0
Unvalidated,2024010504580,2024,010504580,1,1,9,99,9,9,99,9,9,99,9,99,9,1,2,2,39,7,-1,-1,-1,-1,5,1,E01003307,0
Unvalidated,2024010504580,2024,010504580,2,9,0,99,9,9,99,9,9,99,9,99,1,9,6,1,58,9,-1,-1,-1,-1,2,1,E01002506,0
Unvalidated,2024010504581,2024,010504581,1,9,0,3,6,2,0,0,0,0,0,0,2,1,6,2,54,8,-1,-1,-1,-1,7,1,E01002653,0
Unvalidated,2024010504581,2024,010504581,2,9,0,4,6,2,0,0,0,0,0,0,1,1,6,1,27,6,-1,-1,-1,-1,5,1,E01002636,0
Unvalidated,2024010504582,2024,010504582,1,9,0,4,5,1,0,1,0,0,0,0,2,1,2,1,29,6,-1,-1,-1,-1,6,1,E01029285,0
Unvalidated,2024010504582,2024,010504582,2,9,0,18,5,1,0,1,0,0,0,0,1,1,2,1,28,6,-1,-1,-1,-1,5,1,E01002395,0
Unvalidated,2024010504583,2024,010504583,1,3,0,99,9,9,99,9,9,99,9,99,9,1,1,1,34,6,-1,-1,-1,-1,6,1,E01002656,0
Unvalidated,2024010504583,2024,010504583,2,9,0,99,9,9,99,9,9,99,9,99,9,9,6,3,37,7,-1,-1,-1,-1,2,1,E01001257,0
Unvalidated,2024010504584,2024,010504584,1,3,0,99,9,9,99,9,9,99,9,99,1,1,2,1,31,6,-1,-1,-1,-1,3,1,E01001449,0
Unvalidated,2024010504584,2024,010504584,2,9,0,99,9,9,99,9,9,99,9,99,9,9,6,3,-1,-1,-1,-1,-1,-1,-1,-1,-1,0
Unvalidated,2024010504587,2024,010504587,1,11,0,18,7,3,2,2,0,0,0,0,0,1,1,1,57,9,-1,-1,-1,-1,1,1,E01002089,0
Unvalidated,2024010504594,2024,010504594,1,9,0,9,5,3,0,5,0,0,7,0,3,1,6,2,26,6,-1,-1,-1,-1,5,1,E01004169,0
Unvalidated,2024010504594,2024,010504594,2,3,0,7,3,5,0,5,0,0,1,0,1,1,1,2,26,6,-1,-1,-1,-1,4,1,E01004150,0
Unvalidated,2024010504599,2024,010504599,1,1,9,99,9,9,99,9,9,99,9,99,2,1,6,1,24,5,-1,-1,-1,-1,9,1,E01004053,0
Unvalidated,2024010504599,2024,010504599,2,9,0,99,9,9,99,9,9,99,9,99,1,9,6,3,-1,-1,-1,-1,-1,-1,6,1,E01003754,0
Unvalidated,2024010504600,2024,010504600,1,4,0,16,3,7,0,0,0,10,0,0,2,1,6,1,30,6,-1,-1,-1,-1,4,1,E01001234,0
Unvalidated,2024010504600,2024,010504600,2,9,0,18,7,3,0,0,0,0,0,0,1,1,6,3,-1,-1,-1,-1,-1,-1,-1,-1,-1,0
Unvalidated,2024010504607,2024,010504607,1,3,0,99,9,9,99,9,9,99,9,99,2,1,1,1,46,8,-1,-1,-1,-1,2,1,E01004308,0
Unvalidated,2024010504607,2024,010504607,2,9,0,99,9,9,99,9,9,99,9,99,2,9,6,3,-1,-1,-1,-1,-1,-1,-1,-1,-1,0
Unvalidated,2024010504610,2024,010504610,1,1,9,99,9,9,99,9,9,99,9,99,9,1,6,1,21,5,-1,-1,-1,-1,2,1,E01003984,0
Unvalidated,2024010504610,2024,010504610,2,9,0,99,9,9,99,9,9,99,9,99,9,9,6,3,-1,-1,-1,-1,-1,-1,-1,-1,-1,0
Unvalidated,2024010504611,2024,010504611,1,3,0,99,9,9,99,9,9,99,9,99,9,1,6,1,26,6,-1,-1,-1,-1,6,1,E01000486,0
Unvalidated,2024010504611,2024,010504611,2,9,0,99,9,9,99,9,9,99,9,99,9,9,6,3,49,8,-1,-1,-1,-1,3,1,E01004760,0
Unvalidated,2024010504615,2024,010504615,1,8,0,18,3,7,0,1,0,0,0,0,1,1,1,1,52,8,-1,-1,-1,-1,7,1,E01033728,0
Unvalidated,2024010504615,2024,010504615,2,1,0,7,5,7,0,6,0,0,0,0,1,1,6,1,70,10,-1,-1,-1,-1,6,1,E01001937,0
Unvalidated,2024010504617,2024,010504617,1,97,0,99,9,9,99,9,9,99,9,99,9,9,2,1,27,6,-1,-1,-1,-1,9,1,E01002991,0
Unvalidated,2024010504617,2024,010504617,2,9,0,99,9,9,99,9,9,99,9,99,9,9,6,3,-1,-1,-1,-1,-1,-1,-1,-1,-1,0
Unvalidated,2024010504618,2024,010504618,1,9,0,4,7,3,0,2,0,0,0,0,0,1,6,1,35,6,-1,-1,-1,-1,-1,-1,-1,0
Unvalidated,2024010504618,2024,010504618,2,9,0,14,7,3,0,2,0,4,0,0,4,1,6,1,18,4,-1,-1,-1,-1,3,1,E01000577,0
Unvalidated,2024010504618,2024,010504618,3,11,0,3,7,3,0,2,0,0,0,0,2,1,6,1,44,7,-1,-1,-1,-1,2,1,E01001218,0
Unvalidated,2024010504618,2024,010504618,4,9,0,2,0,0,0,2,0,4,0,0,2,1,6,3,-1,-1,-1,-1,-1,-1,-1,-1,-1,0
Unvalidated,2024010504635,2024,010504635,1,9,0,99,9,9,99,9,9,99,9,99,9,9,6,2,36,7,-1,-1,-1,-1,3,1,E01002646,0
Unvalidated,2024010504638,2024,010504638,1,9,0,18,5,1,0,0,0,0,0,0,4,1,6,1,20,4,-1,-1,-1,-1,7,1,E01000169,0
Unvalidated,2024010504638,2024,010504638,2,9,0,12,5,1,0,0,0,0,0,0,3,1,6,3,-1,-1,-1,-1,-1,-1,-1,-1,-1,0
Unvalidated,2024010504641,2024,010504641,1,9,0,5,0,3,0,1,0,4,0,0,1,1,1,1,67,10,-1,-1,-1,-1,-1,-1,-1,0
Unvalidated,2024010504641,2024,010504641,2,1,0,5,0,3,0,1,0,4,0,0,3,1,6,1,15,3,-1,-1,-1,-1,1,1,E01000521,0
Unvalidated,2024010504650,2024,010504650,1,2,0,18,7,3,0,6,0,0,0,0,1,1,6,3,-1,-1,-1,-1,-1,-1,-1,-1,-1,0
Unvalidated,2024010504652,2024,010504652,1,11,0,4,5,1,0,0,0,0,0,0,0,1,1,1,54,8,-1,-1,-1,-1,2,1,E01001878,0
Unvalidated,2024010504652,2024,010504652,2,9,0,4,5,1,0,0,0,0,0,0,0,2,6,3,-1,-1,-1,-1,-1,-1,-1,-1,-1,0
Unvalidated,2024010504653,2024,010504653,1,9,0,18,1,5,0,1,0,0,0,0,1,1,6,2,31,6,-1,-1,-1,-1,9,1,E01004542,0
Unvalidated,2024010504653,2024,010504653,2,1,0,5,7,3,0,1,0,0,0,0,3,1,6,1,31,6,-1,-1,-1,-1,3,1,E01003050,0
Unvalidated,2024010504654,2024,010504654,1,19,0,4,1,5,0,1,0,0,0,0,2,1,6,1,28,6,-1,-1,-1,-1,2,1,E01001877,0
Unvalidated,2024010504654,2024,010504654,2,9,0,3,1,5,0,1,0,0,0,0,2,1,2,1,43,7,-1,-1,-1,-1,3,1,E01002102,0
Unvalidated,2024010504655,2024,010504655,1,9,0,18,7,3,0,1,0,0,0,0,1,1,6,1,-1,-1,-1,-1,-1,-1,-1,-1,-1,0
Unvalidated,2024010504655,2024,010504655,2,90,0,18,8,4,0,1,0,0,0,0,1,1,6,1,36,7,-1,-1,-1,-1,5,1,E01000975,1
Unvalidated,2024010504664,2024,010504664,1,9,0,13,3,7,0,1,0,0,0,0,4,1,6,3,-1,-1,-1,-1,-1,-1,-1,-1,-1,0
Unvalidated,2024010504664,2024,010504664,2,1,0,18,3,7,0,1,0,0,0,0,3,1,6,1,19,4,-1,-1,-1,-1,2,1,E01000482,0
Unvalidated,2024010504670,2024,010504670,1,9,0,16,7,1,0,5,0,0,0,0,1,1,6,2,50,8,-1,-1,-1,-1,4,1,E01002398,0
Unvalidated,2024010504675,2024,010504675,1,8,0,99,9,9,99,0,9,99,9,99,2,9,1,1,54,8,-1,-1,-1,-1,-1,-1,-1,0
Unvalidated,2024010504675,2024,010504675,2,9,0,99,9,9,99,0,9,99,9,99,1,9,6,3,-1,-1,-1,-1,-1,-1,-1,-1,-1,0
Unvalidated,2024010504677,2024,010504677,1,9,0,5,0,3,9,0,0,0,1,0,1,1,6,3,-1,-1,-1,-1,-1,-1,-1,-1,-1,0
Unvalidated,2024010504680,2024,010504680,1,9,0,18,7,3,0,1,2,10,7,4,4,1,6,2,19,4,-1,-1,-1,-1,2,1,E01002310,0
Unvalidated,2024010504683,2024,010504683,1,9,0,18,5,1,0,0,1,0,7,4,1,1,6,1,21,5,-1,-1,-1,-1,9,2,E01021873,0
Unvalidated,2024010504684,2024,010504684,1,9,0,17,3,7,0,3,0,0,1,7,1,1,6,1,27,6,-1,-1,-1,-1,10,1,E01030945,0
Unvalidated,2024010504685,2024,010504685,1,9,0,7,1,3,0,0,1,11,0,0,1,1,2,1,22,5,-1,-1,-1,-1,5,1,E01003414,0
Unvalidated,2024010504687,2024,010504687,1,3,0,99,9,9,99,9,9,99,9,99,1,1,6,3,-1,-1,-1,-1,-1,-1,2,1,E01002087,0
Unvalidated,2024010504691,2024,010504691,1,9,0,4,3,7,0,1,0,0,0,0,1,1,2,2,50,8,-1,-1,-1,-1,1,1,E01001979,0
Unvalidated,2024010504691,2024,010504691,2,3,0,13,3,7,0,1,0,0,0,0,2,1,1,1,52,8,-1,-1,-1,-1,3,1,E01000257,0
Unvalidated,2024010504699,2024,010504699,1,9,0,99,9,9,99,0,9,99,9,99,2,9,6,1,29,6,-1,-1,-1,-1,6,1,E01023305,0
Unvalidated,2024010504699,2024,010504699,2,9,0,99,9,9,99,0,9,99,9,99,1,9,6,2,43,7,-1,-1,-1,-1,3,1,E01003035,0
Unvalidated,2024010504703,2024,010504703,1,3,0,99,9,9,99,9,9,99,9,99,2,1,1,1,25,5,-1,-1,-1,-1,4,1,E01002180,0
Unvalidated,2024010504703,2024,010504703,2,9,0,99,9,9,99,9,9,99,9,99,1,9,6,1,43,7,-1,-1,-1,-1,3,1,E01000164,0
Unvalidated,2024010504704,2024,010504704,1,9,0,17,5,1,2,1,0,0,1,1,1,1,6,1,29,6,-1,-1,-1,-1,2,1,E01003980,0
Unvalidated,2024010504707,2024,010504707,1,11,9,99,9,9,99,9,9,99,9,99,9,1,6,3,-1,-1,-1,-1,-1,-1,-1,-1,-1,0
Unvalidated,2024010504708,2024,010504708,1,11,0,18,5,1,0,0,0,0,0,0,0,1,1,1,26,6,-1,-1,-1,-1,4,1,E01001009,0
Unvalidated,2024010504708,2024,010504708,2,9,0,11,5,1,0,0,0,0,0,0,0,1,6,3,-1,-1,-1,-1,-1,-1,-1,-1,-1,0
Unvalidated,2024010504709,2024,010504709,1,1,9,99,9,9,99,9,9,99,9,99,9,1,6,2,28,6,-1,-1,-1,-1,3,1,E01003104,0
Unvalidated,2024010504709,2024,010504709,2,9,0,99,9,9,99,9,9,99,9,99,9,9,6,3,-1,-1,-1,-1,-1,-1,-1,-1,-1,0
Unvalidated,2024010504710,2024,010504710,1,1,0,18,5,1,2,1,0,0,0,0,1,1,6,1,23,5,-1,-1,-1,-1,3,1,E01003788,0
Unvalidated,2024010504710,2024,010504710,2,9,0,7,5,8,2,5,0,0,0,0,1,1,6,2,35,6,-1,-1,-1,-1,4,1,E01033589,0
Unvalidated,2024010504725,2024,010504725,1,3,0,99,9,9,99,0,9,99,9,99,9,1,6,3,35,6,-1,-1,-1,-1,3,1,E01003522,0
Unvalidated,2024010504725,2024,010504725,2,9,0,99,9,9,99,0,9,99,9,99,1,9,6,3,-1,-1,-1,-1,-1,-1,-1,-1,-1,0
Unvalidated,2024010504726,2024,010504726,1,1,0,5,5,1,4,1,0,10,0,0,0,1,6,1,56,9,-1,-1,-1,-1,4,1,E01000507,0
Unvalidated,2024010504726,2024,010504726,2,19,0,11,5,1,0,2,0,0,0,0,0,1,6,3,-1,-1,-1,-1,-1,-1,-1,-1,-1,0
Unvalidated,2024010504727,2024,010504727,1,8,0,99,9,9,99,9,9,99,9,99,2,9,1,1,51,8,-1,-1,-1,-1,2,1,E01002045,0
Unvalidated,2024010504727,2024,010504727,2,9,0,99,9,9,99,9,9,99,9,99,1,9,6,3,-1,-1,-1,-1,-1,-1,1,1,E01000643,0
Unvalidated,2024010504729,2024,010504729,1,9,0,7,4,6,0,5,0,0,0,0,1,2,6,2,20,4,-1,-1,-1,-1,2,1,E01003298,0
Unvalidated,2024010504729,2024,010504729,2,1,0,18,4,8,0,8,0,0,0,0,2,1,6,1,21,5,-1,-1,-1,-1,1,1,E01003047,0
Unvalidated,2024010504731,2024,010504731,1,9,0,5,0,1,0,9,0,99,0,0,9,1,6,1,58,9,-1,-1,-1,-1,5,1,E01000070,0
Unvalidated,2024010504740,2024,010504740,1,11,0,18,5,1,0,2,0,0,0,0,1,1,1,1,41,7,-1,-1,-1,-1,3,1,E01004373,0
Unvalidated,2024010504740,2024,010504740,2,19,0,7,7,1,0,2,0,0,0,0,2,1,1,2,27,6,-1,-1,-1,-1,2,1,E01001830,0
Unvalidated,2024010504742,2024,010504742,1,4,0,99,9,9,99,9,9,99,0,0,1,1,6,1,32,6,-1,-1,-1,-1,9,1,E01002339,0
Unvalidated,2024010504742,2024,010504742,2,9,0,99,9,9,99,9,0,99,0,0,9,9,6,1,40,7,-1,-1,-1,-1,-1,1,-1,0
Unvalidated,2024010504743,2024,010504743,1,11,0,5,1,5,0,2,0,0,0,0,3,1,1,1,53,8,-1,-1,-1,-1,4,1,E01001995,0
Unvalidated,2024010504743,2024,010504743,2,9,0,7,1,4,0,2,0,0,0,0,2,1,6,1,54,8,-1,-1,-1,-1,6,1,E01015671,0
Unvalidated,2024010504744,2024,010504744,1,23,0,99,9,9,99,9,9,99,9,99,9,1,1,1,24,5,-1,-1,-1,-1,2,1,E01000905,0
Unvalidated,2024010504744,2024,010504744,2,9,0,99,9,9,99,9,9,99,9,99,1,9,6,3,-1,-1,-1,-1,-1,-1,-1,-1,-1,0
Unvalidated,2024010504745,2024,010504745,1,9,0,5,7,3,0,1,0,0,0,0,2,1,6,1,66,10,-1,-1,-1,-1,2,1,E01001773,0
Unvalidated,2024010504745,2024,010504745,2,1,0,18,3,7,0,1,0,0,0,0,1,1,6,1,61,9,-1,-1,-1,-1,8,1,E01014668,0
Unvalidated,2024010504746,2024,010504746,1,3,0,99,9,9,99,9,9,99,9,99,1,1,6,1,31,6,-1,-1,-1,-1,2,1,E01001448,0
Unvalidated,2024010504746,2024,010504746,2,9,0,99,9,9,99,9,9,99,9,99,9,9,6,3,-1,-1,-1,-1,-1,-1,-1,-1,-1,0
Unvalidated,2024010504747,2024,010504747,1,3,0,99,9,9,99,9,9,99,9,99,1,1,1,1,32,6,-1,-1,-1,-1,3,1,E01001673,0
Unvalidated,2024010504747,2024,010504747,2,9,0,99,9,9,99,9,9,99,9,99,2,9,6,3,-1,-1,-1,-1,-1,-1,4,1,E01001635,0
Unvalidated,2024010504748,2024,010504748,1,9,0,18,7,3,1,4,0,11,0,0,1,1,2,1,31,6,-1,-1,-1,-1,4,1,E01004628,0
Unvalidated,2024010504750,2024,010504750,1,3,0,99,9,9,99,9,9,99,9,99,2,1,6,1,29,6,-1,-1,-1,-1,6,1,E01033463,0
Unvalidated,2024010504750,2024,010504750,2,9,9,99,9,9,99,9,9,99,9,99,9,9,6,3,-1,-1,-1,-1,-1,-1,-1,-1,-1,0
Unvalidated,2024010504754,2024,010504754,1,1,0,99,9,9,99,0,9,99,9,99,9,1,6,2,41,7,-1,-1,-1,-1,9,1,E01003898,0
Unvalidated,2024010504754,2024,010504754,2,9,9,99,9,9,99,0,9,99,9,99,9,9,6,3,-1,-1,-1,-1,-1,-1,-1,-1,-1,0
Unvalidated,2024010504755,2024,010504755,1,9,0,18,1,5,0,1,0,4,0,0,4,1,6,2,65,9,-1,-1,-1,-1,6,1,E01000778,0
Unvalidated,2024010504755,2024,010504755,2,9,0,2,0,0,0,1,0,0,3,10,2,1,6,3,-1,-1,-1,-1,-1,-1,-1,-1,-1,0
Unvalidated,2024010504757,2024,010504757,1,1,0,14,5,1,0,2,0,0,0,0,1,1,2,2,23,5,-1,-1,-1,-1,3,1,E01001834,0
Unvalidated,2024010504758,2024,010504758,1,9,0,9,8,5,0,7,0,12,0,0,3,1,6,1,56,9,-1,-1,-1,-1,3,1,E01003716,0
Unvalidated,2024010504758,2024,010504758,2,9,0,1,3,7,0,7,0,99,0,0,2,1,6,3,-1,-1,-1,-1,-1,-1,-1,-1,-1,0
Unvalidated,2024010504759,2024,010504759,1,9,0,18,4,8,0,4,0,0,0,0,4,1,2,2,51,8,-1,-1,-1,-1,2,1,E01002561,0
Unvalidated,2024010504759,2024,010504759,2,9,0,7,5,8,0,4,0,0,0,0,1,1,6,1,52,8,-1,-1,-1,-1,1,1,E01001461,0
Unvalidated,2024010504761,2024,010504761,1,11,0,18,3,7,0,1,0,0,0,0,0,1,2,1,53,8,-1,-1,-1,-1,7,1,E01003796,0
Unvalidated,2024010504762,2024,010504762,1,3,0,99,9,9,99,9,9,99,9,99,1,1,1,1,27,6,-1,-1,-1,-1,2,1,E01002033,0
Unvalidated,2024010504762,2024,010504762,2,9,0,99,9,9,99,9,9,99,9,99,9,9,6,3,-1,-1,-1,-1,-1,-1,-1,-1,-1,0
Unvalidated,2024010504764,2024,010504764,1,9,0,18,3,7,0,2,0,0,0,0,3,1,6,2,52,8,-1,-1,-1,-1,8,1,E01002472,0
Unvalidated,2024010504769,2024,010504769,1,3,0,99,9,9,99,1,9,99,9,99,9,1,6,1,21,5,-1,-1,-1,-1,1,1,E01004665,0
Unvalidated,2024010504769,2024,010504769,2,9,0,99,9,9,99,5,9,99,9,99,9,9,6,3,46,8,-1,-1,-1,-1,3,1,E01000305,0
Unvalidated,2024010504775,2024,010504775,1,9,0,18,3,7,0,8,0,0,0,0,3,1,1,1,45,7,-1,-1,-1,-1,1,1,E01001811,0
Unvalidated,2024010504775,2024,010504775,2,1,0,9,1,7,0,8,5,0,0,0,4,1,6,2,27,6,-1,-1,-1,-1,3,1,E01002027,0
Unvalidated,2024010504776,2024,010504776,1,3,0,7,1,3,0,1,0,0,0,0,1,1,2,1,26,6,-1,-1,-1,-1,2,1,E01003591,0
Unvalidated,2024010504776,2024,010504776,2,9,0,9,7,5,0,1,0,0,0,0,1,1,6,1,38,7,-1,-1,-1,-1,3,1,E01003979,0
Unvalidated,2024010504787,2024,010504787,1,9,0,99,9,9,99,9,9,99,9,99,1,9,6,1,24,5,-1,-1,-1,-1,6,1,E01002541,0
Unvalidated,2024010504788,2024,010504788,1,9,0,18,5,1,0,2,0,0,0,0,1,1,6,2,42,7,-1,-1,-1,-1,7,1,E01002367,0
Unvalidated,2024010504788,2024,010504788,2,9,0,9,2,7,0,2,0,0,0,0,3,1,6,1,49,8,-1,-1,-1,-1,7,1,E01002366,0
Unvalidated,2024010504788,2024,010504788,3,9,0,2,0,0,0,2,0,0,0,0,3,1,6,3,-1,-1,-1,-1,-1,-1,-1,-1,-1,0
Unvalidated,2024010504790,2024,010504790,1,9,0,18,5,1,0,1,0,0,0,0,2,1,6,1,34,6,-1,-1,-1,-1,4,1,E01004547,0
Unvalidated,2024010504790,2024,010504790,2,9,0,18,1,5,0,1,0,0,0,0,1,1,6,1,25,5,-1,-1,-1,-1,4,1,E01000472,0