status,collision_index,collision_year,collision_reference,vehicle_reference,vehicle_type,towing_and_articulation,vehicle_manoeuvre,vehicle_direction_from,vehicle_direction_to,vehicle_location_restricted_lane,junction_location,skidding_and_overturning,hit_object_in_carriageway,vehicle_leaving_carriageway,hit_object_off_carriageway,first_point_of_impact,vehicle_left_hand_drive,journey_purpose_of_driver,sex_of_driver,age_of_driver,age_band_of_driver,engine_capacity_cc,propulsion_code,age_of_vehicle,generic_make_model,driver_imd_decile,driver_home_area_type,lsoa_of_driver,escooter_flag
Unvalidated,2024010504794,2024,010504794,1,9,0,16,5,1,0,0,0,0,0,0,1,1,6,2,33,6,-1,-1,-1,-1,8,1,E01000653,0
Unvalidated,2024010504794,2024,010504794,2,9,0,18,1,5,0,0,0,0,0,0,1,1,6,1,79,11,-1,-1,-1,-1,9,1,E01000696,0
Unvalidated,2024010504796,2024,010504796,1,11,0,18,1,5,0,2,0,0,0,0,0,1,1,1,37,7,-1,-1,-1,-1,4,1,E01000554,0
Unvalidated,2024010504797,2024,010504797,1,9,0,18,1,5,0,1,0,0,0,0,3,1,6,2,63,9,-1,-1,-1,-1,4,1,E01001336,0
Unvalidated,2024010504797,2024,010504797,2,9,0,9,5,3,0,1,0,0,0,0,1,1,6,2,44,7,-1,-1,-1,-1,2,1,E01001388,0
Unvalidated,2024010504798,2024,010504798,1,9,0,3,1,5,0,3,0,0,0,0,1,1,6,1,46,8,-1,-1,-1,-1,8,2,E01030405,0
Unvalidated,2024010504798,2024,010504798,2,1,0,3,1,5,0,3,0,0,0,0,1,1,6,1,20,4,-1,-1,-1,-1,8,1,E01002990,0
Unvalidated,2024010504801,2024,010504801,1,9,0,18,5,1,0,8,0,0,0,0,4,1,6,1,55,8,-1,-1,-1,-1,-1,-1,-1,0
Unvalidated,2024010504802,2024,010504802,1,11,0,7,1,3,0,8,0,0,0,0,3,1,1,1,45,7,-1,-1,-1,-1,6,1,E01004581,0
Unvalidated,2024010504804,2024,010504804,1,3,0,18,1,5,0,0,0,0,0,0,1,1,6,2,-1,-1,-1,-1,-1,-1,5,1,E01000571,0
Unvalidated,2024010504806,2024,010504806,1,9,0,4,1,5,0,0,0,0,0,0,3,1,6,1,46,8,-1,-1,-1,-1,2,1,E01003258,0
Unvalidated,2024010504809,2024,010504809,1,9,0,18,7,3,0,8,0,0,0,0,1,1,6,2,44,7,-1,-1,-1,-1,2,1,E01000064,0
Unvalidated,2024010504813,2024,010504813,1,9,0,12,7,3,0,7,0,0,0,0,0,1,6,1,72,10,-1,-1,-1,-1,5,1,E01000662,0
Unvalidated,2024010504813,2024,010504813,2,3,0,18,7,3,0,7,1,10,0,0,0,1,6,1,35,6,-1,-1,-1,-1,1,1,E01004256,0
Unvalidated,2024010504814,2024,010504814,1,9,9,99,9,9,99,9,9,99,9,99,9,9,6,2,46,8,-1,-1,-1,-1,3,1,E01001109,0
Unvalidated,2024010504814,2024,010504814,2,8,9,99,9,9,99,9,9,99,9,99,9,9,6,3,-1,-1,-1,-1,-1,-1,3,1,E01001109,0
Unvalidated,2024010504815,2024,010504815,1,9,0,5,1,5,0,8,0,0,0,0,2,1,6,1,35,6,-1,-1,-1,-1,-1,-1,-1,0
Unvalidated,2024010504815,2024,010504815,2,9,0,5,1,5,0,4,0,0,0,0,1,1,6,1,39,7,-1,-1,-1,-1,-1,-1,-1,0
Unvalidated,2024010504815,2024,010504815,3,9,0,17,7,3,0,3,0,0,0,0,1,1,6,3,-1,-1,-1,-1,-1,-1,-1,-1,-1,0
Unvalidated,2024010504817,2024,010504817,1,9,0,18,5,1,0,1,5,0,0,0,1,1,2,2,36,7,-1,-1,-1,-1,8,1,E01003909,0
Unvalidated,2024010504817,2024,010504817,2,9,0,2,0,0,0,1,0,0,0,0,3,1,6,3,-1,-1,-1,-1,-1,-1,-1,-1,-1,0
Unvalidated,2024010504821,2024,010504821,1,9,0,99,9,9,0,0,0,0,0,0,2,9,6,1,45,7,-1,-1,-1,-1,10,1,E01021958,0
Unvalidated,2024010504821,2024,010504821,2,9,0,99,9,9,99,0,9,99,9,99,1,9,6,3,-1,-1,-1,-1,-1,-1,-1,-1,-1,0
Unvalidated,2024010504823,2024,010504823,1,9,0,18,1,5,0,8,0,0,0,0,3,1,6,2,50,8,-1,-1,-1,-1,4,1,E01033725,0
Unvalidated,2024010504823,2024,010504823,2,90,0,18,7,3,0,8,0,0,0,0,1,1,6,1,37,7,-1,-1,-1,-1,2,1,E01002392,1
Unvalidated,2024010504825,2024,010504825,1,9,0,18,3,7,0,8,0,0,0,0,1,1,6,2,36,7,-1,-1,-1,-1,2,1,E01002774,0
Unvalidated,2024010504825,2024,010504825,2,9,0,18,7,3,0,8,0,0,0,0,1,1,6,1,55,8,-1,-1,-1,-1,4,1,E01002785,0
Unvalidated,2024010504827,2024,010504827,1,8,0,18,1,5,0,0,0,0,0,0,1,1,6,1,60,9,-1,-1,-1,-1,6,1,E01003394,0
Unvalidated,2024010504828,2024,010504828,1,9,0,99,9,9,99,9,9,99,9,99,2,9,6,1,37,7,-1,-1,-1,-1,8,1,E01030393,0
Unvalidated,2024010504828,2024,010504828,2,9,0,99,9,9,99,9,9,99,9,99,1,9,6,3,50,8,-1,-1,-1,-1,10,1,E01030382,0
Unvalidated,2024010504829,2024,010504829,1,4,0,5,3,7,0,8,0,0,0,0,1,1,2,1,26,6,-1,-1,-1,-1,6,1,E01000575,0
Unvalidated,2024010504829,2024,010504829,2,9,0,18,5,1,0,8,0,0,0,0,1,1,6,3,-1,-1,-1,-1,-1,-1,-1,-1,-1,0
Unvalidated,2024010504830,2024,010504830,1,10,0,9,7,4,0,5,0,0,0,0,2,1,2,1,54,8,-1,-1,-1,-1,2,1,E01001947,0
Unvalidated,2024010504830,2024,010504830,2,4,0,18,3,7,0,1,0,0,0,0,1,1,1,1,23,5,-1,-1,-1,-1,7,1,E01001915,0
Unvalidated,2024010504832,2024,010504832,1,19,0,7,7,1,0,1,0,0,0,0,1,1,6,3,-1,-1,-1,-1,-1,-1,2,1,E01001115,0
Unvalidated,2024010504832,2024,010504832,2,1,0,4,3,7,0,1,0,0,0,0,3,1,6,1,19,4,-1,-1,-1,-1,2,1,E01004271,0
Unvalidated,2024010504835,2024,010504835,1,9,0,6,1,1,0,1,0,0,0,0,1,1,6,2,34,6,-1,-1,-1,-1,2,1,E01000789,0
Unvalidated,2024010504835,2024,010504835,2,4,0,18,1,5,0,1,1,0,0,0,1,1,6,1,38,7,-1,-1,-1,-1,6,1,E01003366,0
Unvalidated,2024010504836,2024,010504836,1,9,0,2,0,0,0,0,0,0,0,0,1,1,6,3,-1,-1,-1,-1,-1,-1,-1,-1,-1,0
Unvalidated,2024010504836,2024,010504836,2,19,0,18,2,6,0,0,0,0,0,0,1,1,6,1,41,7,-1,-1,-1,-1,4,1,E01000554,0
Unvalidated,2024010504838,2024,010504838,1,19,0,5,1,5,0,8,0,0,0,0,1,1,2,1,45,7,-1,-1,-1,-1,2,1,E01003783,0
Unvalidated,2024010504838,2024,010504838,2,4,0,18,7,3,0,8,0,0,0,0,1,1,6,1,19,4,-1,-1,-1,-1,3,1,E01003533,0
Unvalidated,2024010504839,2024,010504839,1,19,0,18,2,6,9,0,0,0,1,0,1,1,6,3,-1,-1,-1,-1,-1,-1,-1,-1,-1,0
Unvalidated,2024010504855,2024,010504855,1,9,0,3,1,5,0,1,0,0,0,0,2,1,6,1,51,8,-1,-1,-1,-1,1,1,E01003207,0
Unvalidated,2024010504855,2024,010504855,2,9,0,18,1,5,0,1,0,0,0,0,1,1,6,1,36,7,-1,-1,-1,-1,4,1,E01033739,0
Unvalidated,2024010504861,2024,010504861,1,9,0,99,9,9,99,9,9,99,9,99,9,9,6,1,21,5,-1,-1,-1,-1,1,1,E01001978,0
Unvalidated,2024010504862,2024,010504862,1,9,9,99,9,9,99,9,9,99,9,99,9,9,6,2,44,7,-1,-1,-1,-1,6,1,E01014781,0
Unvalidated,2024010504862,2024,010504862,2,9,9,99,9,9,99,9,9,99,9,99,9,9,6,3,-1,-1,-1,-1,-1,-1,-1,-1,-1,0
Unvalidated,2024010504868,2024,010504868,1,9,0,18,5,1,0,1,0,0,0,0,4,1,6,1,39,7,-1,-1,-1,-1,3,1,E01004270,0
Unvalidated,2024010504868,2024,010504868,2,5,0,15,5,1,0,1,0,0,2,10,1,1,6,1,28,6,-1,-1,-1,-1,3,1,E01001045,0
Unvalidated,2024010504869,2024,010504869,1,11,0,5,5,1,0,0,0,0,0,0,0,1,1,2,51,8,-1,-1,-1,-1,3,1,E01001117,0
Unvalidated,2024010504869,2024,010504869,2,9,0,18,5,1,0,0,0,0,0,0,0,1,6,3,-1,-1,-1,-1,-1,-1,-1,-1,-1,0
Unvalidated,2024010504871,2024,010504871,1,9,0,6,1,1,0,0,0,0,0,0,1,1,6,1,31,6,-1,-1,-1,-1,5,1,E01003028,0
Unvalidated,2024010504871,2024,010504871,2,1,0,18,5,1,0,0,0,0,0,0,2,1,6,1,25,5,-1,-1,-1,-1,4,1,E01001087,0
Unvalidated,2024010504876,2024,010504876,1,9,9,1,1,5,99,9,9,0,9,0,2,1,6,3,-1,-1,-1,-1,-1,-1,-1,-1,-1,0
Unvalidated,2024010504878,2024,010504878,1,9,0,99,9,9,99,9,9,99,9,99,3,9,6,1,47,8,-1,-1,-1,-1,3,1,E01024608,0
Unvalidated,2024010504878,2024,010504878,2,9,0,1,7,3,0,9,0,0,0,0,2,1,6,3,-1,-1,-1,-1,-1,-1,-1,-1,-1,0
Unvalidated,2024010504879,2024,010504879,1,11,0,17,1,5,0,1,0,0,1,0,3,1,1,1,52,8,-1,-1,-1,-1,4,1,E01003919,0
Unvalidated,2024010504879,2024,010504879,2,9,0,16,5,1,0,1,0,0,0,0,3,1,6,1,22,5,-1,-1,-1,-1,1,1,E01001052,0
Unvalidated,2024010504880,2024,010504880,1,9,0,18,1,5,0,1,0,0,0,0,0,1,6,2,55,8,-1,-1,-1,-1,9,1,E01023426,0
Unvalidated,2024010504880,2024,010504880,2,9,0,4,1,5,0,1,0,0,0,0,0,1,6,2,25,5,-1,-1,-1,-1,7,1,E01000438,0
Unvalidated,2024010504881,2024,010504881,1,9,0,18,8,4,0,0,0,0,0,0,1,1,6,1,28,6,-1,-1,-1,-1,3,1,E01003609,0
Unvalidated,2024010504884,2024,010504884,1,3,0,99,9,9,0,2,9,99,9,99,9,1,6,3,-1,-1,-1,-1,-1,-1,-1,-1,-1,0
Unvalidated,2024010504886,2024,010504886,1,3,0,99,9,9,99,9,9,99,9,99,2,1,1,1,33,6,-1,-1,-1,-1,6,1,E01002680,0
Unvalidated,2024010504886,2024,010504886,2,9,0,99,9,9,99,9,9,99,9,99,1,9,6,3,-1,-1,-1,-1,-1,-1,-1,-1,-1,0
Unvalidated,2024010504893,2024,010504893,1,9,0,5,1,5,0,1,0,10,0,0,4,1,6,1,39,7,-1,-1,-1,-1,2,1,E01001339,0
Unvalidated,2024010504893,2024,010504893,2,9,0,99,9,9,0,1,0,0,0,0,1,9,6,3,-1,-1,-1,-1,-1,-1,-1,-1,-1,0
Unvalidated,2024010504896,2024,010504896,1,3,0,99,9,9,99,9,9,99,9,99,1,1,6,1,32,6,-1,-1,-1,-1,2,1,E01006492,0
Unvalidated,2024010504896,2024,010504896,2,9,0,99,9,9,99,9,9,99,9,99,9,9,6,3,79,11,-1,-1,-1,-1,5,1,E01015928,0
Unvalidated,2024010504898,2024,010504898,1,1,9,18,9,9,4,9,9,99,9,99,9,1,2,1,31,6,-1,-1,-1,-1,2,1,E01004000,0
Unvalidated,2024010504898,2024,010504898,2,9,0,18,9,9,99,9,9,99,9,99,1,9,6,3,25,5,-1,-1,-1,-1,2,1,E01004252,0
Unvalidated,2024010504900,2024,010504900,1,9,0,99,9,9,99,9,9,99,9,99,9,1,6,2,53,8,-1,-1,-1,-1,4,1,E01000802,0
Unvalidated,2024010504905,2024,010504905,1,9,0,99,9,9,99,9,9,99,9,99,9,9,6,3,-1,-1,-1,-1,-1,-1,-1,-1,-1,0
Unvalidated,2024010504907,2024,010504907,1,1,0,18,5,1,0,1,2,0,0,0,1,1,6,1,28,6,-1,-1,-1,-1,5,1,E01002791,0
Unvalidated,2024010504911,2024,010504911,1,9,0,9,5,3,0,8,0,0,0,0,3,1,6,1,20,4,-1,-1,-1,-1,5,1,E01009279,0
Unvalidated,2024010504911,2024,010504911,2,19,0,18,5,1,0,8,0,0,0,0,1,1,2,1,23,5,-1,-1,-1,-1,4,1,E01002631,0
Unvalidated,2024010504912,2024,010504912,1,11,0,18,5,1,0,1,0,0,0,0,0,1,1,1,31,6,-1,-1,-1,-1,3,1,E01001141,0
Unvalidated,2024010504922,2024,010504922,1,9,0,18,5,1,0,1,0,0,0,0,1,1,6,1,35,6,-1,-1,-1,-1,7,2,E01017828,0
Unvalidated,2024010504922,2024,010504922,2,1,0,7,5,7,0,1,1,0,0,0,4,1,6,1,20,4,-1,-1,-1,-1,3,1,E01002554,0
Unvalidated,2024010504924,2024,010504924,1,11,0,9,6,3,0,5,0,0,0,0,0,1,1,1,37,7,-1,-1,-1,-1,5,1,E01004347,0
Unvalidated,2024010504929,2024,010504929,1,9,0,9,5,2,0,6,0,0,0,0,1,1,6,1,19,4,-1,-1,-1,-1,8,1,E01016711,0
Unvalidated,2024010504929,2024,010504929,2,1,0,7,7,1,0,6,0,0,0,0,1,1,6,1,58,9,-1,-1,-1,-1,1,1,E01004042,0
Unvalidated,2024010504930,2024,010504930,1,9,9,99,9,9,99,0,9,99,9,99,9,9,6,3,-1,-1,-1,-1,-1,-1,-1,-1,-1,0
Unvalidated,2024010504936,2024,010504936,1,9,0,13,5,1,0,1,0,0,0,0,0,1,6,1,58,9,-1,-1,-1,-1,-1,-1,-1,0
Unvalidated,2024010504936,2024,010504936,2,3,0,18,1,5,0,1,5,0,0,0,0,1,6,1,30,6,-1,-1,-1,-1,-1,-1,-1,0
Unvalidated,2024010504942,2024,010504942,1,9,0,18,7,3,0,1,0,0,0,0,1,1,6,1,80,11,-1,-1,-1,-1,8,1,E01000319,0
Unvalidated,2024010504942,2024,010504942,2,11,0,18,3,7,0,1,0,0,0,0,1,1,6,1,60,9,-1,-1,-1,-1,6,1,E01001312,0
Unvalidated,2024010504945,2024,010504945,1,9,0,99,9,9,99,9,9,99,9,99,9,9,6,1,44,7,-1,-1,-1,-1,3,1,E01000046,0
Unvalidated,2024010504945,2024,010504945,2,9,0,99,9,9,99,9,9,99,9,99,9,9,6,3,-1,-1,-1,-1,-1,-1,-1,-1,-1,0
Unvalidated,2024010504947,2024,010504947,1,3,0,18,3,7,0,1,0,0,0,0,1,1,1,1,29,6,-1,-1,-1,-1,5,1,E01003392,0
Unvalidated,2024010504947,2024,010504947,2,9,0,9,7,5,0,1,0,0,0,0,1,1,6,3,-1,-1,-1,-1,-1,-1,-1,-1,-1,0
Unvalidated,2024010504953,2024,010504953,1,9,0,18,5,1,0,8,0,0,0,0,1,1,6,1,32,6,-1,-1,-1,-1,1,1,E01004256,0
Unvalidated,2024010504957,2024,010504957,1,9,0,1,7,3,9,6,0,0,0,0,1,1,6,1,79,11,-1,-1,-1,-1,4,1,E01003776,0
Unvalidated,2024010504957,2024,010504957,2,9,0,2,0,0,9,6,0,0,0,0,4,1,6,3,-1,-1,-1,-1,-1,-1,-1,-1,-1,0
Unvalidated,2024010504958,2024,010504958,1,9,0,18,5,1,0,1,0,0,0,0,1,1,6,1,32,6,-1,-1,-1,-1,4,1,E01000976,0
Unvalidated,2024010504958,2024,010504958,2,3,0,18,5,1,0,1,0,0,0,0,1,1,6,1,26,6,-1,-1,-1,-1,5,1,E01000979,0
Unvalidated,2024010504959,2024,010504959,1,9,0,18,7,3,0,8,0,0,0,0,3,1,6,1,35,6,-1,-1,-1,-1,4,1,E01003530,0
Unvalidated,2024010504964,2024,010504964,1,9,0,5,3,7,0,4,0,0,0,0,1,1,6,1,34,6,-1,-1,-1,-1,1,1,E01001196,0
Unvalidated,2024010504964,2024,010504964,2,9,0,5,5,1,0,3,0,0,0,0,4,1,6,2,36,7,-1,-1,-1,-1,5,1,E01001293,0
Unvalidated,2024010504965,2024,010504965,1,9,0,10,1,7,0,1,0,0,0,0,1,1,1,2,56,9,-1,-1,-1,-1,9,1,E01002415,0
Unvalidated,2024010504965,2024,010504965,2,5,0,14,1,5,0,1,0,0,0,0,1,1,1,1,32,6,-1,-1,-1,-1,8,2,E01015588,0
Unvalidated,2024010504967,2024,010504967,1,3,0,99,9,9,99,9,9,99,9,99,1,1,6,1,46,8,-1,-1,-1,-1,4,1,E01032566,0
Unvalidated,2024010504967,2024,010504967,2,9,0,99,9,9,99,9,9,99,9,99,1,9,6,3,-1,-1,-1,-1,-1,-1,-1,-1,-1,0
Unvalidated,2024010504971,2024,010504971,1,1,9,99,9,9,99,9,9,99,9,99,9,1,6,1,31,6,-1,-1,-1,-1,3,1,E01004422,0
Unvalidated,2024010504971,2024,010504971,2,9,9,99,9,9,99,9,9,99,9,99,9,9,6,3,-1,-1,-1,-1,-1,-1,-1,-1,-1,0
Unvalidated,2024010504975,2024,010504975,1,3,0,99,9,9,99,9,9,99,9,99,1,1,1,1,46,8,-1,-1,-1,-1,6,1,E01002169,0
Unvalidated,2024010504975,2024,010504975,2,9,0,99,9,9,99,9,9,99,9,99,9,9,6,3,-1,-1,-1,-1,-1,-1,-1,-1,-1,0
Unvalidated,2024010504982,2024,010504982,1,3,0,99,9,9,99,9,9,99,9,99,9,1,1,1,34,6,-1,-1,-1,-1,1,1,E01002073,0
Unvalidated,2024010504982,2024,010504982,2,9,0,99,9,9,99,9,9,99,9,99,9,9,6,3,-1,-1,-1,-1,-1,-1,-1,-1,-1,0
Unvalidated,2024010504987,2024,010504987,1,19,0,18,5,1,0,8,0,0,0,0,1,1,2,1,57,9,-1,-1,-1,-1,2,1,E01001722,0
Unvalidated,2024010504991,2024,010504991,1,3,0,18,9,9,99,0,9,99,9,99,1,1,2,1,39,7,-1,-1,-1,-1,5,1,E01000664,0
Unvalidated,2024010504991,2024,010504991,2,9,0,5,9,9,99,0,9,99,9,99,1,9,6,3,-1,-1,-1,-1,-1,-1,7,1,E01000668,0
Unvalidated,2024010504999,2024,010504999,1,8,0,9,5,2,0,8,0,0,0,0,1,1,6,1,50,8,-1,-1,-1,-1,3,1,E01004540,0
Unvalidated,2024010504999,2024,010504999,2,4,0,18,7,3,0,8,0,0,0,0,1,1,2,1,27,6,-1,-1,-1,-1,-1,1,-1,0
Unvalidated,2024010505001,2024,010505001,1,9,9,99,9,9,99,9,9,99,9,99,9,9,6,3,-1,-1,-1,-1,-1,-1,2,1,E01000556,0
Unvalidated,2024010505004,2024,010505004,1,11,0,4,3,7,0,1,0,0,0,0,0,1,1,1,47,8,-1,-1,-1,-1,6,3,E01024432,0
Unvalidated,2024010505005,2024,010505005,1,1,9,99,9,9,99,9,9,99,9,99,1,1,6,1,31,6,-1,-1,-1,-1,6,1,E01001563,0
Unvalidated,2024010505005,2024,010505005,2,8,0,99,9,9,99,9,9,99,9,99,9,9,6,3,-1,-1,-1,-1,-1,-1,-1,-1,-1,0
Unvalidated,2024010505008,2024,010505008,1,9,0,10,4,2,99,9,9,99,0,0,2,1,6,2,27,6,-1,-1,-1,-1,4,1,E01000068,0
Unvalidated,2024010505008,2024,010505008,2,9,9,18,6,2,0,6,0,99,0,0,1,1,6,1,51,8,-1,-1,-1,-1,-1,-1,-1,0
Unvalidated,2024010505009,2024,010505009,1,3,0,99,9,9,99,9,9,99,9,99,9,1,1,2,28,6,-1,-1,-1,-1,3,1,E01004034,0
Unvalidated,2024010505009,2024,010505009,2,9,0,99,9,9,99,9,9,99,9,99,9,9,6,3,-1,-1,-1,-1,-1,-1,-1,-1,-1,0
Unvalidated,2024010505012,2024,010505012,1,9,0,99,9,9,99,9,9,99,9,99,9,9,6,1,45,7,-1,-1,-1,-1,3,1,E01002130,0
Unvalidated,2024010505012,2024,010505012,2,9,0,99,9,9,99,9,9,99,9,99,9,9,6,3,-1,-1,-1,-1,-1,-1,-1,-1,-1,0
Unvalidated,2024010505013,2024,010505013,1,90,0,18,2,6,0,1,0,0,1,0,1,1,6,3,-1,-1,-1,-1,-1,-1,-1,-1,-1,1
Unvalidated,2024010505014,2024,010505014,1,90,0,9,1,6,0,3,0,0,0,0,4,1,6,1,19,4,-1,-1,-1,-1,3,1,E01004167,1
Unvalidated,2024010505014,2024,010505014,2,9,0,18,7,3,0,3,0,0,0,0,1,1,6,2,47,8,-1,-1,-1,-1,7,1,E01004138,0
Unvalidated,2024010505015,2024,010505015,1,5,0,99,9,9,99,0,9,99,9,99,9,1,6,1,39,7,-1,-1,-1,-1,8,1,E01001062,0
Unvalidated,2024010505015,2024,010505015,2,9,0,99,9,9,99,0,9,99,9,99,9,9,6,1,-1,-1,-1,-1,-1,-1,-1,-1,-1,0
Unvalidated,2024010505017,2024,010505017,1,9,0,99,9,9,9,9,0,0,0,0,4,9,6,3,-1,-1,-1,-1,-1,-1,-1,-1,-1,0
Unvalidated,2024010505022,2024,010505022,1,9,0,9,8,6,0,5,1,0,0,0,4,1,6,1,42,7,-1,-1,-1,-1,2,1,E01003373,0
Unvalidated,2024010505022,2024,010505022,2,4,0,9,8,5,0,5,1,0,0,0,4,1,6,1,26,6,-1,-1,-1,-1,4,1,E01001050,0
Unvalidated,2024010505023,2024,010505023,1,9,0,18,5,1,0,2,0,0,0,0,1,1,6,2,32,6,-1,-1,-1,-1,9,1,E01000831,0
Unvalidated,2024010505028,2024,010505028,1,9,0,99,9,9,99,9,9,99,9,99,2,9,6,1,30,6,-1,-1,-1,-1,2,1,E01001961,0
Unvalidated,2024010505028,2024,010505028,2,9,0,99,9,9,99,9,9,99,9,99,9,9,6,3,-1,-1,-1,-1,-1,-1,9,1,E01017692,0
Unvalidated,2024010505034,2024,010505034,1,9,0,18,3,7,0,1,0,0,0,0,1,1,1,1,43,7,-1,-1,-1,-1,1,1,E01001426,0
Unvalidated,2024010505034,2024,010505034,2,90,0,18,5,1,0,8,0,0,0,0,4,1,2,1,30,6,-1,-1,-1,-1,2,1,E01000889,1
Unvalidated,2024010505038,2024,010505038,1,9,0,18,1,5,0,8,0,0,0,0,1,1,6,2,24,5,-1,-1,-1,-1,5,1,E01001105,0
Unvalidated,2024010505040,2024,010505040,1,8,0,18,3,7,9,5,0,0,0,0,1,1,1,1,54,8,-1,-1,-1,-1,4,1,E01000428,0
Unvalidated,2024010505054,2024,010505054,1,3,0,99,9,9,99,9,9,99,9,99,9,1,6,1,29,6,-1,-1,-1,-1,3,1,E01004328,0
Unvalidated,2024010505054,2024,010505054,2,19,0,99,9,9,99,9,9,99,9,99,1,9,6,3,-1,-1,-1,-1,-1,-1,-1,-1,-1,0
Unvalidated,2024010505059,2024,010505059,1,8,0,99,9,9,99,9,9,99,9,99,2,9,1,1,39,7,-1,-1,-1,-1,3,1,E01001043,0
Unvalidated,2024010505059,2024,010505059,2,9,0,99,9,9,99,9,9,99,9,99,0,9,6,3,-1,-1,-1,-1,-1,-1,-1,-1,-1,0
Unvalidated,2024010505061,2024,010505061,1,9,0,18,5,1,0,0,0,0,0,0,1,1,6,2,42,7,-1,-1,-1,-1,8,1,E01002900,0
Unvalidated,2024010505063,2024,010505063,1,9,0,14,2,6,0,1,0,4,0,0,1,1,6,2,21,5,-1,-1,-1,-1,1,1,E01001839,0
Unvalidated,2024010505063,2024,010505063,2,19,0,2,0,0,0,1,0,0,0,0,1,1,6,3,-1,-1,-1,-1,-1,-1,-1,-1,-1,0
Unvalidated,2024010505066,2024,010505066,1,9,0,3,6,2,0,8,0,0,0,0,3,1,6,1,84,11,-1,-1,-1,-1,6,1,E01002680,0
Unvalidated,2024010505066,2024,010505066,2,1,0,5,6,2,0,8,0,4,0,0,1,1,1,2,42,7,-1,-1,-1,-1,6,1,E01002640,0
Unvalidated,2024010505067,2024,010505067,1,3,0,99,9,9,99,9,9,99,9,99,9,1,1,3,24,5,-1,-1,-1,-1,7,1,E01002203,0
Unvalidated,2024010505067,2024,010505067,2,9,0,99,9,9,99,9,9,99,9,99,1,9,6,3,-1,-1,-1,-1,-1,-1,-1,-1,-1,0
Unvalidated,2024010505070,2024,010505070,1,5,0,99,9,9,99,9,9,99,9,99,1,1,6,3,-1,-1,-1,-1,-1,-1,-1,-1,-1,0
Unvalidated,2024010505077,2024,010505077,1,9,0,5,4,8,0,0,0,10,1,11,1,1,6,1,49,8,-1,-1,-1,-1,6,1,E01003223,0
Unvalidated,2024010505078,2024,010505078,1,19,0,9,6,4,0,6,0,0,0,0,1,1,1,1,23,5,-1,-1,-1,-1,2,1,E01002608,0
Unvalidated,2024010505078,2024,010505078,2,9,0,11,6,2,0,1,0,0,0,0,1,1,6,3,-1,-1,-1,-1,-1,-1,-1,-1,-1,0
Unvalidated,2024010505080,2024,010505080,1,8,0,5,0,1,0,0,0,0,0,0,2,1,1,1,53,8,-1,-1,-1,-1,3,1,E01016474,0
Unvalidated,2024010505082,2024,010505082,1,1,9,99,9,9,99,9,9,99,9,99,1,1,6,2,25,5,-1,-1,-1,-1,4,1,E01004366,0
Unvalidated,2024010505082,2024,010505082,2,9,0,99,9,9,99,9,9,99,9,99,9,9,6,3,-1,-1,-1,-1,-1,-1,-1,-1,-1,0
Unvalidated,2024010505083,2024,010505083,1,11,0,5,3,7,0,8,0,0,0,0,0,1,1,1,56,9,-1,-1,-1,-1,5,1,E01001658,0
Unvalidated,2024010505084,2024,010505084,1,9,0,18,7,3,0,2,0,0,0,0,0,1,2,1,59,9,-1,-1,-1,-1,3,1,E01001436,0
Unvalidated,2024010505084,2024,010505084,2,9,0,3,7,3,0,2,0,0,0,0,0,1,6,1,49,8,-1,-1,-1,-1,5,1,E01001499,0
Unvalidated,2024010505085,2024,010505085,1,9,0,99,9,9,99,9,9,99,9,99,2,9,6,1,39,7,-1,-1,-1,-1,7,1,W01001877,0
Unvalidated,2024010505085,2024,010505085,2,9,0,99,9,9,99,9,9,99,9,99,1,9,6,3,-1,-1,-1,-1,-1,-1,-1,-1,-1,0
Unvalidated,2024010505093,2024,010505093,1,11,0,99,9,9,99,9,9,99,9,99,9,9,6,1,61,9,-1,-1,-1,-1,4,1,E01020974,0
Unvalidated,2024010505093,2024,010505093,2,9,9,18,5,1,0,1,0,0,0,0,0,9,6,3,-1,-1,-1,-1,-1,-1,-1,-1,-1,0
Unvalidated,2024010505100,2024,010505100,1,2,0,15,1,5,0,1,0,0,0,0,1,1,6,3,-1,-1,-1,-1,-1,-1,-1,-1,-1,0
Unvalidated,2024010505101,2024,010505101,1,1,0,18,1,5,0,8,0,0,0,0,1,1,6,1,18,4,-1,-1,-1,-1,-1,-1,-1,0
Unvalidated,2024010505104,2024,010505104,1,9,0,99,9,9,99,9,9,99,9,99,2,9,6,1,51,8,-1,-1,-1,-1,4,1,E01004728,0
Unvalidated,2024010505104,2024,010505104,2,9,9,99,9,9,99,9,9,99,9,99,1,9,6,3,-1,-1,-1,-1,-1,-1,-1,-1,-1,0
Unvalidated,2024010505105,2024,010505105,1,9,0,17,1,7,0,8,0,0,0,0,4,1,2,2,25,5,-1,-1,-1,-1,2,1,E01000483,0
Unvalidated,2024010505108,2024,010505108,1,1,9,99,9,9,99,9,9,99,9,99,9,1,2,1,48,8,-1,-1,-1,-1,5,1,E01003279,0
Unvalidated,2024010505108,2024,010505108,2,19,0,99,9,9,99,9,9,99,9,99,9,9,6,3,-1,-1,-1,-1,-1,-1,-1,-1,-1,0