status,collision_index,collision_year,collision_reference,vehicle_reference,vehicle_type,towing_and_articulation,vehicle_manoeuvre,vehicle_direction_from,vehicle_direction_to,vehicle_location_restricted_lane,junction_location,skidding_and_overturning,hit_object_in_carriageway,vehicle_leaving_carriageway,hit_object_off_carriageway,first_point_of_impact,vehicle_left_hand_drive,journey_purpose_of_driver,sex_of_driver,age_of_driver,age_band_of_driver,engine_capacity_cc,propulsion_code,age_of_vehicle,generic_make_model,driver_imd_decile,driver_home_area_type,lsoa_of_driver,escooter_flag
Unvalidated,2024010505109,2024,010505109,1,11,0,16,5,1,0,3,0,0,0,0,0,1,1,1,53,8,-1,-1,-1,-1,2,1,E01001014,0
Unvalidated,2024010505117,2024,010505117,1,19,0,9,1,6,0,8,0,0,0,0,4,1,6,1,55,8,-1,-1,-1,-1,4,1,E01001167,0
Unvalidated,2024010505117,2024,010505117,2,1,0,16,6,1,0,8,0,0,0,0,1,1,6,1,20,4,-1,-1,-1,-1,3,1,E01001177,0
Unvalidated,2024010505119,2024,010505119,1,19,0,99,9,9,99,9,9,99,9,99,2,9,2,1,52,8,-1,-1,-1,-1,1,1,E01001013,0
Unvalidated,2024010505119,2024,010505119,2,9,0,99,9,9,99,9,9,99,9,99,1,9,6,3,-1,-1,-1,-1,-1,-1,2,1,E01003183,0
Unvalidated,2024010505122,2024,010505122,1,9,0,7,2,4,2,5,0,0,0,0,4,1,6,2,40,7,-1,-1,-1,-1,10,1,E01003401,0
Unvalidated,2024010505122,2024,010505122,2,1,0,18,2,6,2,1,0,0,0,0,1,1,2,1,58,9,-1,-1,-1,-1,5,1,E01003071,0
Unvalidated,2024010505124,2024,010505124,1,3,0,18,5,1,0,8,0,0,1,0,4,1,6,1,21,5,-1,-1,-1,-1,4,1,E01000611,0
Unvalidated,2024010505125,2024,010505125,1,11,0,18,1,5,0,8,0,0,0,0,1,1,1,1,46,8,-1,-1,-1,-1,2,1,E01016018,0
Unvalidated,2024010505125,2024,010505125,2,1,0,18,5,1,0,1,0,0,0,0,1,1,6,1,17,4,-1,-1,-1,-1,3,1,E01003992,0
Unvalidated,2024010505136,2024,010505136,1,90,0,18,5,1,0,1,0,0,0,0,4,1,4,1,16,4,-1,-1,-1,-1,1,1,E01001358,1
Unvalidated,2024010505136,2024,010505136,2,9,0,18,7,3,0,1,0,0,0,0,1,1,1,1,30,6,-1,-1,-1,-1,2,1,E01000525,0
Unvalidated,2024010505138,2024,010505138,1,3,0,99,9,9,99,1,9,99,9,99,9,1,1,3,50,8,-1,-1,-1,-1,6,1,E01004481,0
Unvalidated,2024010505138,2024,010505138,2,9,0,99,9,9,99,6,9,99,9,99,9,9,6,3,-1,-1,-1,-1,-1,-1,-1,-1,-1,0
Unvalidated,2024010505141,2024,010505141,1,1,9,99,9,9,99,9,9,99,9,99,1,1,6,2,29,6,-1,-1,-1,-1,2,1,E01002741,0
Unvalidated,2024010505141,2024,010505141,2,1,9,99,9,9,99,9,9,99,9,99,1,1,6,3,-1,-1,-1,-1,-1,-1,-1,-1,-1,0
Unvalidated,2024010505146,2024,010505146,1,1,0,18,5,1,0,1,5,0,0,0,2,1,6,1,48,8,-1,-1,-1,-1,4,1,E01003278,0
Unvalidated,2024010505146,2024,010505146,2,9,0,10,5,2,0,8,0,0,0,0,1,9,6,3,-1,-1,-1,-1,-1,-1,-1,-1,-1,0
Unvalidated,2024010505149,2024,010505149,1,9,0,3,3,7,0,1,0,0,0,0,2,1,3,2,36,7,-1,-1,-1,-1,3,1,E01002404,0
Unvalidated,2024010505149,2024,010505149,2,9,0,3,3,7,0,1,0,0,0,0,1,1,2,1,44,7,-1,-1,-1,-1,4,1,E01002406,0
Unvalidated,2024010505149,2024,010505149,3,9,0,4,3,7,0,1,0,0,0,0,1,1,1,2,24,5,-1,-1,-1,-1,2,1,E01001339,0
Unvalidated,2024010505154,2024,010505154,1,3,0,99,9,9,99,1,9,99,9,99,1,1,6,1,24,5,-1,-1,-1,-1,6,1,E01024130,0
Unvalidated,2024010505154,2024,010505154,2,9,0,99,9,9,99,6,9,99,9,99,1,9,6,3,-1,-1,-1,-1,-1,-1,-1,-1,-1,0
Unvalidated,2024010505158,2024,010505158,1,19,0,18,5,1,0,8,0,0,0,0,3,1,1,1,39,7,-1,-1,-1,-1,3,1,E01021276,0
Unvalidated,2024010505158,2024,010505158,2,1,0,18,7,3,0,6,2,0,0,0,1,1,4,1,13,3,-1,-1,-1,-1,4,1,E01004439,0
Unvalidated,2024010505165,2024,010505165,1,3,0,99,9,9,99,9,9,99,9,99,1,1,6,1,22,5,-1,-1,-1,-1,3,1,E01002808,0
Unvalidated,2024010505165,2024,010505165,2,9,0,99,9,9,99,9,9,99,9,99,9,9,6,3,-1,-1,-1,-1,-1,-1,-1,-1,-1,0
Unvalidated,2024010505166,2024,010505166,1,5,0,13,2,6,0,0,0,0,0,0,1,1,2,1,28,6,-1,-1,-1,-1,8,1,E01030848,0
Unvalidated,2024010505166,2024,010505166,2,9,0,9,6,4,0,0,0,0,0,0,4,1,3,2,52,8,-1,-1,-1,-1,10,1,E01030855,0
Unvalidated,2024010505169,2024,010505169,1,1,9,99,9,9,99,9,9,99,9,99,9,1,2,2,53,8,-1,-1,-1,-1,4,1,E01001855,0
Unvalidated,2024010505169,2024,010505169,2,11,0,99,9,9,99,9,9,99,9,99,9,9,6,3,-1,-1,-1,-1,-1,-1,-1,-1,-1,0
Unvalidated,2024010505172,2024,010505172,1,3,0,99,9,9,99,9,0,99,0,0,9,1,1,1,26,6,-1,-1,-1,-1,2,1,E01003350,0
Unvalidated,2024010505172,2024,010505172,2,9,0,99,9,9,99,9,9,99,0,0,9,9,6,3,-1,-1,-1,-1,-1,-1,-1,-1,-1,0
Unvalidated,2024010505178,2024,010505178,1,9,0,99,9,9,99,9,9,99,9,99,2,9,6,2,45,7,-1,-1,-1,-1,3,1,E01002413,0
Unvalidated,2024010505178,2024,010505178,2,9,0,99,9,9,99,9,9,99,9,99,2,9,6,3,-1,-1,-1,-1,-1,-1,1,1,E01000596,0
Unvalidated,2024010505185,2024,010505185,1,8,0,99,9,9,99,9,9,99,9,99,2,9,6,1,40,7,-1,-1,-1,-1,3,1,E01032786,0
Unvalidated,2024010505185,2024,010505185,2,9,0,99,9,9,99,9,9,99,9,99,9,9,6,2,34,6,-1,-1,-1,-1,3,1,E01032786,0
Unvalidated,2024010505188,2024,010505188,1,9,0,7,1,3,0,8,0,0,0,0,1,1,2,1,84,11,-1,-1,-1,-1,9,1,E01001992,0
Unvalidated,2024010505188,2024,010505188,2,1,0,18,1,5,0,8,0,0,0,0,1,1,2,1,40,7,-1,-1,-1,-1,4,1,E01002001,0
Unvalidated,2024010505190,2024,010505190,1,3,9,18,5,1,0,0,9,99,9,99,9,1,6,3,-1,-1,-1,-1,-1,-1,-1,-1,-1,0
Unvalidated,2024010505192,2024,010505192,1,1,9,18,9,9,99,9,9,99,9,99,1,1,6,1,19,4,-1,-1,-1,-1,5,1,E01003247,0
Unvalidated,2024010505192,2024,010505192,2,9,0,6,9,9,99,9,9,99,9,99,9,9,6,3,38,7,-1,-1,-1,-1,5,1,E01003691,0
Unvalidated,2024010505194,2024,010505194,1,3,0,99,9,9,99,9,9,99,9,99,9,1,6,3,29,6,-1,-1,-1,-1,8,2,E01021055,0
Unvalidated,2024010505194,2024,010505194,2,9,0,99,9,9,99,9,9,99,9,99,9,9,6,3,-1,-1,-1,-1,-1,-1,-1,-1,-1,0
Unvalidated,2024010505198,2024,010505198,1,9,0,18,4,8,0,2,0,0,0,0,2,1,2,1,56,9,-1,-1,-1,-1,2,1,E01021311,0
Unvalidated,2024010505198,2024,010505198,2,3,0,18,4,8,0,8,0,0,0,0,1,1,6,1,22,5,-1,-1,-1,-1,5,1,E01002361,0
Unvalidated,2024010505200,2024,010505200,1,9,0,18,5,1,0,0,0,0,0,0,3,1,2,2,20,4,-1,-1,-1,-1,2,1,E01002530,0
Unvalidated,2024010505200,2024,010505200,2,9,0,13,5,1,0,0,0,0,0,0,1,1,6,2,23,5,-1,-1,-1,-1,8,1,E01002159,0
Unvalidated,2024010505201,2024,010505201,1,90,0,18,5,1,9,1,0,0,0,0,2,1,1,1,47,8,-1,-1,-1,-1,2,1,E01003265,1
Unvalidated,2024010505202,2024,010505202,1,9,0,14,1,5,0,2,0,0,0,0,2,1,6,1,51,8,-1,-1,-1,-1,5,1,E01002119,0
Unvalidated,2024010505202,2024,010505202,2,9,0,2,0,0,0,2,0,0,0,0,2,1,6,3,-1,-1,-1,-1,-1,-1,-1,-1,-1,0
Unvalidated,2024010505204,2024,010505204,1,9,0,99,9,9,99,9,9,99,9,99,1,9,6,3,-1,-1,-1,-1,-1,-1,-1,-1,-1,0
Unvalidated,2024010505204,2024,010505204,2,3,0,99,9,9,99,9,9,99,9,99,2,1,1,1,29,6,-1,-1,-1,-1,4,1,E01002101,0
Unvalidated,2024010505205,2024,010505205,1,1,0,18,1,5,0,4,0,0,0,0,3,1,6,2,30,6,-1,-1,-1,-1,3,1,E01004203,0
Unvalidated,2024010505205,2024,010505205,2,8,0,5,3,7,0,4,0,0,0,0,1,1,1,1,52,8,-1,-1,-1,-1,3,1,E01003525,0
Unvalidated,2024010505210,2024,010505210,1,9,0,11,7,3,0,0,1,0,1,0,1,1,6,1,27,6,-1,-1,-1,-1,1,1,E01004206,0
Unvalidated,2024010505210,2024,010505210,2,19,0,18,7,3,0,0,2,0,0,0,2,1,1,1,47,8,-1,-1,-1,-1,6,1,E01003738,0
Unvalidated,2024010505214,2024,010505214,1,11,0,4,1,5,0,1,0,0,0,0,0,1,1,1,46,8,-1,-1,-1,-1,2,1,E01002080,0
Unvalidated,2024010505215,2024,010505215,1,19,0,1,5,1,0,2,0,4,0,0,2,1,6,1,24,5,-1,-1,-1,-1,-1,-1,-1,0
Unvalidated,2024010505215,2024,010505215,2,9,0,4,5,1,0,1,0,0,0,0,1,1,1,1,33,6,-1,-1,-1,-1,9,1,E01002364,0
Unvalidated,2024010505216,2024,010505216,1,9,0,18,7,3,0,0,0,0,0,0,1,1,6,1,64,9,-1,-1,-1,-1,2,1,E01004089,0
Unvalidated,2024010505216,2024,010505216,2,9,0,18,3,7,0,0,0,0,0,0,1,1,6,1,30,6,-1,-1,-1,-1,8,1,E01004179,0
Unvalidated,2024010505216,2024,010505216,3,3,0,18,7,3,0,0,0,0,0,0,1,1,6,1,38,7,-1,-1,-1,-1,7,1,E01030851,0
Unvalidated,2024010505217,2024,010505217,1,11,0,5,0,1,0,0,0,0,0,0,3,1,1,1,51,8,-1,-1,-1,-1,2,1,E01003189,0
Unvalidated,2024010505217,2024,010505217,2,9,0,14,5,1,0,0,0,0,0,0,1,1,6,2,28,6,-1,-1,-1,-1,3,1,E01001045,0
Unvalidated,2024010505217,2024,010505217,3,11,0,18,1,5,0,0,0,0,0,0,3,1,1,1,58,9,-1,-1,-1,-1,3,1,E01004540,0
Unvalidated,2024010505219,2024,010505219,1,9,9,99,9,9,99,9,9,99,9,99,9,9,6,1,20,4,-1,-1,-1,-1,-1,-1,-1,0
Unvalidated,2024010505219,2024,010505219,2,90,9,99,9,9,99,9,9,99,9,99,9,9,6,3,-1,-1,-1,-1,-1,-1,-1,-1,-1,0
Unvalidated,2024010505221,2024,010505221,1,5,0,99,9,9,99,0,9,99,9,99,9,1,6,1,29,6,-1,-1,-1,-1,2,1,E01003712,0
Unvalidated,2024010505221,2024,010505221,2,9,0,99,9,9,99,0,9,99,9,99,9,9,6,3,-1,-1,-1,-1,-1,-1,-1,-1,-1,0
Unvalidated,2024010505228,2024,010505228,1,11,0,18,5,1,0,1,0,0,0,0,0,1,6,1,32,6,-1,-1,-1,-1,2,1,E01001082,0
Unvalidated,2024010505229,2024,010505229,1,1,0,18,4,8,0,8,0,0,0,0,9,1,6,2,60,9,-1,-1,-1,-1,9,1,E01002951,0
Unvalidated,2024010505229,2024,010505229,2,19,0,18,4,8,0,4,0,0,0,0,9,1,6,3,-1,-1,-1,-1,-1,-1,-1,-1,-1,0
Unvalidated,2024010505239,2024,010505239,1,9,0,18,1,5,0,1,0,0,0,0,1,1,6,2,27,6,-1,-1,-1,-1,2,1,E01021315,0
Unvalidated,2024010505239,2024,010505239,2,9,0,9,8,6,0,8,0,0,0,0,4,1,6,1,48,8,-1,-1,-1,-1,2,1,E01003607,0
Unvalidated,2024010505240,2024,010505240,1,9,0,99,9,9,99,9,9,99,9,99,9,9,6,3,-1,-1,-1,-1,-1,-1,-1,-1,-1,0
Unvalidated,2024010505241,2024,010505241,1,9,0,99,9,9,99,9,9,99,9,99,1,9,2,1,27,6,-1,-1,-1,-1,4,1,E01001476,0
Unvalidated,2024010505241,2024,010505241,2,9,0,99,9,9,99,9,9,99,9,99,1,9,6,3,-1,-1,-1,-1,-1,-1,-1,-1,-1,0
Unvalidated,2024010505245,2024,010505245,1,11,0,18,1,5,0,0,0,0,0,0,2,1,1,2,37,7,-1,-1,-1,-1,4,1,E01003344,0
Unvalidated,2024010505245,2024,010505245,2,9,0,18,1,5,0,0,0,0,0,0,1,1,6,3,-1,-1,-1,-1,-1,-1,-1,-1,-1,0
Unvalidated,2024010505246,2024,010505246,1,3,0,18,5,1,0,1,0,0,0,0,4,1,6,2,23,5,-1,-1,-1,-1,2,1,E01014293,0
Unvalidated,2024010505246,2024,010505246,2,9,0,7,7,1,0,8,0,0,0,0,1,1,6,1,51,8,-1,-1,-1,-1,1,1,E01032512,0
Unvalidated,2024010505246,2024,010505246,3,19,0,10,1,7,0,1,0,0,0,0,1,1,1,1,51,8,-1,-1,-1,-1,1,1,E01004702,0
Unvalidated,2024010505251,2024,010505251,1,9,0,99,9,9,99,0,9,99,9,99,2,9,6,2,36,7,-1,-1,-1,-1,-1,-1,-1,0
Unvalidated,2024010505251,2024,010505251,2,9,0,99,9,9,99,0,9,99,9,99,1,9,6,3,45,7,-1,-1,-1,-1,4,1,E01004016,0
Unvalidated,2024010505251,2024,010505251,3,9,0,99,9,9,99,0,9,99,9,99,2,9,6,3,-1,-1,-1,-1,-1,-1,-1,-1,-1,0
Unvalidated,2024010505253,2024,010505253,1,1,0,18,1,5,0,1,0,0,0,0,1,1,6,1,40,7,-1,-1,-1,-1,3,1,E01004656,0
Unvalidated,2024010505259,2024,010505259,1,9,0,9,2,7,0,8,0,0,0,0,1,1,6,2,42,7,-1,-1,-1,-1,7,1,E01000362,0
Unvalidated,2024010505259,2024,010505259,2,3,0,15,8,4,2,8,0,0,0,0,3,1,6,1,43,7,-1,-1,-1,-1,2,1,E01004036,0
Unvalidated,2024010505265,2024,010505265,1,9,0,5,7,3,0,5,0,0,0,0,2,1,2,2,23,5,-1,-1,-1,-1,1,1,E01001431,0
Unvalidated,2024010505265,2024,010505265,2,5,0,18,3,7,0,1,0,0,0,0,1,1,2,1,32,6,-1,-1,-1,-1,2,1,E01001477,0
Unvalidated,2024010505267,2024,010505267,1,3,0,18,9,9,99,1,9,99,9,99,1,1,1,2,28,6,-1,-1,-1,-1,5,1,E01003130,0
Unvalidated,2024010505267,2024,010505267,2,9,0,5,9,9,99,6,9,99,9,99,1,9,6,3,-1,-1,-1,-1,-1,-1,-1,-1,-1,0
Unvalidated,2024010505271,2024,010505271,1,19,0,3,1,5,0,2,0,0,0,0,3,1,1,1,48,8,-1,-1,-1,-1,5,3,E01020512,0
Unvalidated,2024010505271,2024,010505271,2,1,0,18,3,7,0,1,0,0,0,0,1,1,6,1,32,6,-1,-1,-1,-1,1,1,E01033207,0
Unvalidated,2024010505273,2024,010505273,1,3,0,99,9,9,99,9,9,99,9,99,9,1,1,1,25,5,-1,-1,-1,-1,3,1,E01004571,0
Unvalidated,2024010505273,2024,010505273,2,19,0,99,9,9,99,9,9,99,9,99,9,9,6,1,37,7,-1,-1,-1,-1,7,1,E01023832,0
Unvalidated,2024010505276,2024,010505276,1,9,0,18,1,5,0,0,0,10,1,7,1,1,6,2,34,6,-1,-1,-1,-1,3,1,E01000737,0
Unvalidated,2024010505278,2024,010505278,1,5,0,4,7,3,0,0,0,0,0,0,2,1,6,1,28,6,-1,-1,-1,-1,3,1,E01002649,0
Unvalidated,2024010505278,2024,010505278,2,9,0,3,7,3,0,0,0,0,0,0,1,1,6,3,-1,-1,-1,-1,-1,-1,3,1,E01016505,0
Unvalidated,2024010505279,2024,010505279,1,9,0,99,9,9,99,9,9,99,9,99,2,9,6,2,43,7,-1,-1,-1,-1,6,1,E01000069,0
Unvalidated,2024010505279,2024,010505279,2,9,9,18,4,8,99,9,9,99,9,99,9,9,6,3,-1,-1,-1,-1,-1,-1,-1,-1,-1,0
Unvalidated,2024010505281,2024,010505281,1,9,0,13,3,7,0,0,0,4,0,0,4,1,6,1,24,5,-1,-1,-1,-1,2,1,E01000931,0
Unvalidated,2024010505281,2024,010505281,2,8,0,18,7,3,0,0,0,0,0,0,3,1,6,2,55,8,-1,-1,-1,-1,1,1,E01002857,0
Unvalidated,2024010505281,2024,010505281,3,9,0,2,0,0,0,0,0,0,0,0,4,1,6,3,-1,-1,-1,-1,-1,-1,-1,-1,-1,0
Unvalidated,2024010505281,2024,010505281,4,9,0,2,0,0,0,0,0,0,0,0,3,1,6,3,-1,-1,-1,-1,-1,-1,-1,-1,-1,0
Unvalidated,2024010505283,2024,010505283,1,11,0,10,3,8,0,1,0,0,0,0,0,1,1,1,36,7,-1,-1,-1,-1,1,1,E01002071,0
Unvalidated,2024010505285,2024,010505285,1,19,0,9,5,2,2,5,0,10,0,0,1,1,2,1,47,8,-1,-1,-1,-1,4,1,E01001503,0
Unvalidated,2024010505285,2024,010505285,2,3,5,3,5,1,2,5,0,10,0,0,0,1,2,1,38,7,-1,-1,-1,-1,5,1,E01000911,0
Unvalidated,2024010505286,2024,010505286,1,5,0,18,1,5,0,1,0,0,0,0,0,1,2,1,42,7,-1,-1,-1,-1,7,1,E01023351,0
Unvalidated,2024010505286,2024,010505286,2,9,0,5,1,5,0,1,0,0,0,0,0,1,6,3,-1,-1,-1,-1,-1,-1,-1,-1,-1,0
Unvalidated,2024010505292,2024,010505292,1,1,0,18,1,5,0,2,0,0,0,0,1,1,6,1,22,5,-1,-1,-1,-1,-1,-1,-1,0
Unvalidated,2024010505292,2024,010505292,2,19,0,18,1,5,0,1,0,0,0,0,1,1,1,1,55,8,-1,-1,-1,-1,9,3,E01029905,0
Unvalidated,2024010505293,2024,010505293,1,9,0,9,5,2,0,2,0,0,0,0,1,1,6,1,69,10,-1,-1,-1,-1,4,1,E01001480,0
Unvalidated,2024010505293,2024,010505293,2,1,0,18,1,5,0,1,0,0,0,0,3,1,6,1,36,7,-1,-1,-1,-1,1,1,E01001798,0
Unvalidated,2024010505296,2024,010505296,1,9,0,18,1,5,0,2,0,0,0,0,1,1,6,1,39,7,-1,-1,-1,-1,2,1,E01033491,0
Unvalidated,2024010505296,2024,010505296,2,1,5,18,1,5,0,1,0,0,0,0,1,1,6,2,22,5,-1,-1,-1,-1,2,1,E01002767,0
Unvalidated,2024010505302,2024,010505302,1,9,0,18,7,3,0,5,0,0,0,0,1,1,6,1,33,6,-1,-1,-1,-1,6,1,E01000514,0
Unvalidated,2024010505306,2024,010505306,1,9,9,99,9,9,99,9,9,99,9,99,3,9,6,2,26,6,-1,-1,-1,-1,2,1,E01033151,0
Unvalidated,2024010505308,2024,010505308,1,9,0,99,9,9,99,9,9,99,9,99,9,9,6,2,56,9,-1,-1,-1,-1,1,1,E01003347,0
Unvalidated,2024010505308,2024,010505308,2,9,0,99,9,9,99,9,9,99,9,99,1,9,6,3,44,7,-1,-1,-1,-1,2,1,E01001706,0
Unvalidated,2024010505314,2024,010505314,1,3,0,17,1,5,0,0,1,0,0,0,0,1,6,1,27,6,-1,-1,-1,-1,4,1,E01003133,0
Unvalidated,2024010505316,2024,010505316,1,9,0,7,8,2,0,1,0,0,0,0,3,1,6,2,50,8,-1,-1,-1,-1,5,1,E01003742,0
Unvalidated,2024010505316,2024,010505316,2,20,0,18,6,2,0,1,0,0,0,0,1,1,6,3,-1,-1,-1,-1,-1,-1,-1,-1,-1,0
Unvalidated,2024010505316,2024,010505316,3,9,0,3,6,2,0,1,0,0,0,0,1,1,6,1,48,8,-1,-1,-1,-1,3,1,E01015854,0
Unvalidated,2024010505317,2024,010505317,1,9,0,18,7,3,0,0,0,0,0,0,2,1,2,1,54,8,-1,-1,-1,-1,-1,-1,-1,0
Unvalidated,2024010505317,2024,010505317,2,21,0,11,7,3,0,0,0,0,0,0,1,1,1,1,29,6,-1,-1,-1,-1,9,1,-1,0
Unvalidated,2024010505321,2024,010505321,1,9,0,99,9,9,99,9,9,99,9,99,9,9,6,3,-1,-1,-1,-1,-1,-1,2,1,E01033000,0
Unvalidated,2024010505322,2024,010505322,1,9,0,99,9,9,99,9,9,99,9,99,2,9,6,2,31,6,-1,-1,-1,-1,2,1,E01003966,0
Unvalidated,2024010505322,2024,010505322,2,9,0,99,9,9,99,9,9,99,9,99,1,9,6,2,48,8,-1,-1,-1,-1,5,1,E01003941,0
Unvalidated,2024010505325,2024,010505325,1,3,0,18,1,5,0,1,0,0,0,0,1,1,6,1,19,4,-1,-1,-1,-1,2,1,E01001340,0
Unvalidated,2024010505325,2024,010505325,2,9,0,9,3,1,0,8,0,0,0,0,3,1,6,1,28,6,-1,-1,-1,-1,7,3,E01002438,0
Unvalidated,2024010505329,2024,010505329,1,9,0,18,1,5,0,1,2,7,0,0,1,1,1,1,28,6,-1,-1,-1,-1,3,1,E01004452,0
Unvalidated,2024010505333,2024,010505333,1,3,0,99,9,9,99,9,9,99,9,99,9,1,1,1,43,7,-1,-1,-1,-1,6,1,E01002023,0
Unvalidated,2024010505333,2024,010505333,2,9,0,99,9,9,99,9,9,99,9,99,9,9,6,3,-1,-1,-1,-1,-1,-1,-1,-1,-1,0
Unvalidated,2024010505338,2024,010505338,1,3,9,3,3,7,99,0,9,99,9,99,2,1,6,1,52,8,-1,-1,-1,-1,3,1,E01000035,0
Unvalidated,2024010505338,2024,010505338,2,9,9,18,3,7,99,0,9,99,9,99,1,9,6,1,-1,-1,-1,-1,-1,-1,-1,-1,-1,0
Unvalidated,2024010505339,2024,010505339,1,3,9,99,9,9,99,0,9,99,9,99,9,1,1,1,21,5,-1,-1,-1,-1,3,1,E01001239,0
Unvalidated,2024010505339,2024,010505339,2,9,9,99,9,9,99,0,9,99,9,99,9,9,6,1,48,8,-1,-1,-1,-1,4,1,E01003626,0
Unvalidated,2024010505340,2024,010505340,1,19,0,3,1,5,0,8,0,0,0,0,1,1,1,1,43,7,-1,-1,-1,-1,8,3,E01030479,0
Unvalidated,2024010505340,2024,010505340,2,1,0,5,3,7,0,8,0,0,0,0,1,1,2,1,39,7,-1,-1,-1,-1,2,1,E01003299,0
Unvalidated,2024010505342,2024,010505342,1,9,0,6,1,1,0,1,0,0,0,0,2,1,3,2,46,8,-1,-1,-1,-1,3,1,E01004356,0
Unvalidated,2024010505342,2024,010505342,2,4,0,13,1,5,0,8,0,0,0,0,1,1,1,1,31,6,-1,-1,-1,-1,2,1,E01001439,0
Unvalidated,2024010505347,2024,010505347,1,9,0,2,0,0,0,0,0,0,0,0,3,1,6,3,-1,-1,-1,-1,-1,-1,-1,-1,-1,0
Unvalidated,2024010505348,2024,010505348,1,9,0,18,3,7,0,7,0,0,0,0,2,1,1,1,43,7,-1,-1,-1,-1,3,1,E01004425,0
Unvalidated,2024010505348,2024,010505348,2,9,0,18,3,7,0,1,0,0,0,0,1,1,1,1,46,8,-1,-1,-1,-1,2,1,E01004405,0
Unvalidated,2024010505348,2024,010505348,3,3,0,11,3,7,0,1,0,0,0,0,1,1,1,1,30,6,-1,-1,-1,-1,3,1,E01003587,0
Unvalidated,2024010505352,2024,010505352,1,3,0,99,9,9,99,9,9,99,9,99,9,1,1,1,26,6,-1,-1,-1,-1,5,1,E01000571,0
Unvalidated,2024010505352,2024,010505352,2,9,0,99,9,9,99,9,9,99,9,99,1,9,6,3,-1,-1,-1,-1,-1,-1,-1,-1,-1,0
Unvalidated,2024010505354,2024,010505354,1,3,0,99,9,9,99,9,9,99,9,99,1,1,6,1,27,6,-1,-1,-1,-1,5,1,E01004482,0
Unvalidated,2024010505354,2024,010505354,2,9,0,99,9,9,99,9,9,99,9,99,3,9,6,3,-1,-1,-1,-1,-1,-1,-1,-1,-1,0
Unvalidated,2024010505355,2024,010505355,1,19,0,5,7,3,4,8,0,0,0,0,3,1,1,1,26,6,-1,-1,-1,-1,10,1,E01021960,0
Unvalidated,2024010505355,2024,010505355,2,1,0,18,1,5,4,8,2,0,0,0,1,1,2,2,22,5,-1,-1,-1,-1,-1,1,-1,0
Unvalidated,2024010505356,2024,010505356,1,9,0,7,5,6,0,1,0,0,7,0,1,1,1,2,62,9,-1,-1,-1,-1,3,1,E01003352,0
Unvalidated,2024010505356,2024,010505356,2,3,0,7,3,6,0,1,0,0,0,0,1,1,6,1,54,8,-1,-1,-1,-1,4,1,E01001672,0
Unvalidated,2024010505357,2024,010505357,1,1,9,99,9,9,99,9,9,99,9,99,9,1,6,1,45,7,-1,-1,-1,-1,8,1,E01001377,0
Unvalidated,2024010505357,2024,010505357,2,9,0,99,9,9,99,9,9,99,9,99,9,9,6,3,-1,-1,-1,-1,-1,-1,8,1,E01001377,0
Unvalidated,2024010505363,2024,010505363,1,1,9,18,9,9,4,0,9,99,9,99,1,1,6,2,43,7,-1,-1,-1,-1,5,1,E01001029,0
Unvalidated,2024010505363,2024,010505363,2,9,0,11,9,9,4,0,9,99,9,99,4,9,6,2,33,6,-1,-1,-1,-1,6,1,E01030563,0
Unvalidated,2024010505365,2024,010505365,1,5,0,99,9,9,99,9,9,99,9,99,9,1,6,1,54,8,-1,-1,-1,-1,3,1,E01003068,0
Unvalidated,2024010505365,2024,010505365,2,9,0,99,9,9,99,9,9,99,9,99,9,9,6,3,-1,-1,-1,-1,-1,-1,-1,-1,-1,0
Unvalidated,2024010505367,2024,010505367,1,1,9,18,9,9,99,9,9,8,9,99,9,1,6,3,58,9,-1,-1,-1,-1,3,1,E01003999,0
Unvalidated,2024010505367,2024,010505367,2,8,9,2,9,9,99,9,9,99,9,99,9,9,6,1,64,9,-1,-1,-1,-1,10,1,E01002153,0
Unvalidated,2024010505369,2024,010505369,1,9,0,9,3,8,0,8,0,0,0,0,1,1,6,1,22,5,-1,-1,-1,-1,2,1,E01003489,0
Unvalidated,2024010505369,2024,010505369,2,1,0,9,3,8,0,1,0,0,0,0,2,1,6,1,71,10,-1,-1,-1,-1,3,1,E01003562,0
Unvalidated,2024010505372,2024,010505372,1,9,0,4,3,7,0,0,0,0,0,0,1,1,6,1,95,11,-1,-1,-1,-1,9,1,E01021767,0
Unvalidated,2024010505372,2024,010505372,2,22,0,18,1,5,0,0,0,0,0,0,3,1,6,2,63,9,-1,-1,-1,-1,4,1,E01003721,0
Unvalidated,2024010505376,2024,010505376,1,1,9,99,9,9,99,1,9,99,9,99,9,1,6,2,45,7,-1,-1,-1,-1,2,1,E01004290,0
Unvalidated,2024010505376,2024,010505376,2,9,0,99,9,9,99,5,9,99,9,99,1,9,6,2,35,6,-1,-1,-1,-1,3,1,E01004038,0
Unvalidated,2024010505380,2024,010505380,1,9,0,9,7,5,0,8,0,0,0,0,1,1,6,1,52,8,-1,-1,-1,-1,8,1,E01000447,0
Unvalidated,2024010505380,2024,010505380,2,9,0,18,3,7,0,8,0,0,0,0,1,1,6,1,19,4,-1,-1,-1,-1,4,1,E01000722,0