status,collision_index,collision_year,collision_reference,vehicle_reference,vehicle_type,towing_and_articulation,vehicle_manoeuvre,vehicle_direction_from,vehicle_direction_to,vehicle_location_restricted_lane,junction_location,skidding_and_overturning,hit_object_in_carriageway,vehicle_leaving_carriageway,hit_object_off_carriageway,first_point_of_impact,vehicle_left_hand_drive,journey_purpose_of_driver,sex_of_driver,age_of_driver,age_band_of_driver,engine_capacity_cc,propulsion_code,age_of_vehicle,generic_make_model,driver_imd_decile,driver_home_area_type,lsoa_of_driver,escooter_flag
Unvalidated,2024010505382,2024,010505382,1,11,0,18,7,3,0,8,0,0,0,0,4,1,1,1,29,6,-1,-1,-1,-1,4,1,E01002455,0
Unvalidated,2024010505385,2024,010505385,1,9,0,9,1,7,0,2,0,0,0,0,1,1,6,1,79,11,-1,-1,-1,-1,5,1,E01000321,0
Unvalidated,2024010505385,2024,010505385,2,1,0,9,1,7,0,2,0,0,0,0,2,1,2,1,59,9,-1,-1,-1,-1,8,1,E01000270,0
Unvalidated,2024010505389,2024,010505389,1,4,0,99,9,9,99,9,9,99,9,99,9,1,1,1,26,6,-1,-1,-1,-1,8,1,E01024133,0
Unvalidated,2024010505389,2024,010505389,2,9,9,99,9,9,99,9,9,99,9,99,9,9,6,3,-1,-1,-1,-1,-1,-1,-1,-1,-1,0
Unvalidated,2024010505392,2024,010505392,1,9,0,18,3,7,0,1,0,0,0,0,1,1,2,1,55,8,-1,-1,-1,-1,5,1,E01001659,0
Unvalidated,2024010505392,2024,010505392,2,1,0,18,1,5,0,1,0,0,0,0,4,1,2,1,51,8,-1,-1,-1,-1,8,1,E01002575,0
Unvalidated,2024010505394,2024,010505394,1,9,0,18,3,7,0,6,0,0,0,0,1,1,1,2,31,6,-1,-1,-1,-1,5,1,E01001542,0
Unvalidated,2024010505395,2024,010505395,1,9,0,4,1,5,0,0,0,0,0,0,1,1,6,1,44,7,-1,-1,-1,-1,-1,-1,-1,0
Unvalidated,2024010505395,2024,010505395,2,9,0,5,1,5,0,0,0,0,0,0,1,1,1,1,45,7,-1,-1,-1,-1,4,1,E01003666,0
Unvalidated,2024010505395,2024,010505395,3,9,0,18,1,5,0,0,0,0,0,0,0,1,1,1,32,6,-1,-1,-1,-1,4,1,E01003666,0
Unvalidated,2024010505397,2024,010505397,1,3,0,99,9,9,99,0,9,8,9,99,9,1,6,3,34,6,-1,-1,-1,-1,6,1,E01000486,0
Unvalidated,2024010505397,2024,010505397,2,8,0,99,9,9,99,0,9,99,9,99,9,9,6,1,43,7,-1,-1,-1,-1,2,1,E01001339,0
Unvalidated,2024010505400,2024,010505400,1,3,0,18,5,1,0,1,0,0,0,0,3,1,1,1,35,6,-1,-1,-1,-1,2,1,E01004403,0
Unvalidated,2024010505400,2024,010505400,2,9,0,2,0,0,0,1,0,0,0,0,3,1,6,3,-1,-1,-1,-1,-1,-1,-1,-1,-1,0
Unvalidated,2024010505401,2024,010505401,1,1,9,99,9,9,99,9,9,99,9,99,9,1,6,1,26,6,-1,-1,-1,-1,6,1,E01000069,0
Unvalidated,2024010505401,2024,010505401,2,9,9,99,9,9,99,9,9,99,9,99,9,9,6,3,-1,-1,-1,-1,-1,-1,-1,-1,-1,0
Unvalidated,2024010505402,2024,010505402,1,3,0,18,3,7,0,0,0,0,0,0,1,1,6,1,45,7,-1,-1,-1,-1,5,1,E01002249,0
Unvalidated,2024010505402,2024,010505402,2,19,0,4,3,7,0,0,0,0,0,0,2,1,1,1,39,7,-1,-1,-1,-1,5,1,E01002671,0
Unvalidated,2024010505403,2024,010505403,1,3,0,99,9,9,99,9,9,99,9,99,1,1,6,3,-1,-1,-1,-1,-1,-1,-1,-1,-1,0
Unvalidated,2024010505405,2024,010505405,1,9,0,18,5,1,0,1,0,0,0,0,1,1,3,2,29,6,-1,-1,-1,-1,2,1,E01003598,0
Unvalidated,2024010505406,2024,010505406,1,11,0,4,3,7,0,8,0,0,0,0,0,1,1,1,56,9,-1,-1,-1,-1,3,1,E01032574,0
Unvalidated,2024010505408,2024,010505408,1,9,0,1,1,5,0,6,0,4,0,0,2,1,6,1,20,4,-1,-1,-1,-1,-1,-1,-1,0
Unvalidated,2024010505408,2024,010505408,2,9,0,10,5,2,0,1,0,0,0,0,4,1,6,2,57,9,-1,-1,-1,-1,2,1,E01001113,0
Unvalidated,2024010505408,2024,010505408,3,19,0,3,7,3,0,2,0,0,0,0,2,1,6,1,49,8,-1,-1,-1,-1,6,1,E01001059,0
Unvalidated,2024010505411,2024,010505411,1,11,0,18,1,5,0,2,0,0,0,0,0,1,1,1,41,7,-1,-1,-1,-1,2,1,E01000091,0
Unvalidated,2024010505413,2024,010505413,1,9,0,99,9,9,99,9,9,99,9,99,9,9,2,2,43,7,-1,-1,-1,-1,10,1,E01031666,0
Unvalidated,2024010505413,2024,010505413,2,9,0,99,9,9,99,9,9,99,9,99,1,9,6,3,-1,-1,-1,-1,-1,-1,8,1,E01004119,0
Unvalidated,2024010505414,2024,010505414,1,19,0,5,7,3,0,0,0,11,0,0,1,1,1,1,40,7,-1,-1,-1,-1,1,1,E01016964,0
Unvalidated,2024010505424,2024,010505424,1,3,0,99,9,9,99,9,9,99,9,99,1,1,2,1,35,6,-1,-1,-1,-1,2,1,E01001447,0
Unvalidated,2024010505424,2024,010505424,2,9,0,99,9,9,99,9,9,99,9,99,9,9,6,3,-1,-1,-1,-1,-1,-1,-1,-1,-1,0
Unvalidated,2024010505427,2024,010505427,1,11,0,18,1,5,2,8,0,0,0,0,0,1,1,1,35,6,-1,-1,-1,-1,3,1,E01032785,0
Unvalidated,2024010505432,2024,010505432,1,9,0,99,9,9,99,9,9,99,9,99,2,9,6,2,39,7,-1,-1,-1,-1,4,1,E01002486,0
Unvalidated,2024010505432,2024,010505432,2,9,9,99,9,9,99,9,9,99,9,99,1,9,6,3,-1,-1,-1,-1,-1,-1,-1,-1,-1,0
Unvalidated,2024010505435,2024,010505435,1,9,0,99,9,9,99,6,9,99,9,99,9,9,6,2,30,6,-1,-1,-1,-1,4,1,E01003129,0
Unvalidated,2024010505435,2024,010505435,2,9,0,99,9,9,99,1,9,99,9,99,9,9,6,3,-1,-1,-1,-1,-1,-1,-1,-1,-1,0
Unvalidated,2024010505436,2024,010505436,1,1,9,99,9,9,99,1,9,99,9,99,1,1,6,2,36,7,-1,-1,-1,-1,4,1,E01033099,0
Unvalidated,2024010505436,2024,010505436,2,8,0,99,9,9,99,5,9,99,9,99,2,9,6,3,-1,-1,-1,-1,-1,-1,-1,-1,-1,0
Unvalidated,2024010505443,2024,010505443,1,1,0,18,1,5,4,1,0,0,0,0,1,1,2,2,49,8,-1,-1,-1,-1,2,1,E01003021,0
Unvalidated,2024010505443,2024,010505443,2,1,0,18,5,1,4,5,0,0,0,0,1,1,6,1,34,6,-1,-1,-1,-1,2,1,E01004365,0
Unvalidated,2024010505450,2024,010505450,1,1,9,99,9,9,99,9,9,99,9,99,1,1,2,1,31,6,-1,-1,-1,-1,6,1,E01004513,0
Unvalidated,2024010505450,2024,010505450,2,9,0,99,9,9,99,9,9,99,9,99,1,9,6,3,-1,-1,-1,-1,-1,-1,2,1,E01004574,0
Unvalidated,2024010505453,2024,010505453,1,9,0,18,3,7,0,1,0,0,0,0,1,1,2,2,41,7,-1,-1,-1,-1,9,3,E01030861,0
Unvalidated,2024010505454,2024,010505454,1,3,0,99,9,9,99,9,9,99,9,99,9,1,6,1,30,6,-1,-1,-1,-1,3,1,E01000515,0
Unvalidated,2024010505454,2024,010505454,2,9,0,99,9,9,99,9,9,99,9,99,1,9,6,3,-1,-1,-1,-1,-1,-1,-1,-1,-1,0
Unvalidated,2024010505455,2024,010505455,1,1,9,99,9,9,99,0,9,99,9,99,0,1,6,1,52,8,-1,-1,-1,-1,2,1,E01000027,0
Unvalidated,2024010505455,2024,010505455,2,9,0,99,9,9,99,0,9,99,9,99,9,9,6,3,-1,-1,-1,-1,-1,-1,-1,-1,-1,0
Unvalidated,2024010505456,2024,010505456,1,9,9,99,9,9,99,9,9,99,9,99,9,9,6,3,-1,-1,-1,-1,-1,-1,-1,-1,-1,0
Unvalidated,2024010505456,2024,010505456,2,9,9,99,9,9,99,9,9,99,9,99,9,9,6,3,-1,-1,-1,-1,-1,-1,-1,-1,-1,0
Unvalidated,2024010505457,2024,010505457,1,3,0,99,9,9,99,9,9,99,9,99,1,1,1,1,25,5,-1,-1,-1,-1,5,1,E01004517,0
Unvalidated,2024010505457,2024,010505457,2,9,9,99,9,9,99,9,9,99,9,99,9,9,6,3,-1,-1,-1,-1,-1,-1,-1,-1,-1,0
Unvalidated,2024010505465,2024,010505465,1,4,0,18,1,5,0,1,1,0,0,0,4,1,6,1,19,4,-1,-1,-1,-1,2,1,E01032565,0
Unvalidated,2024010505465,2024,010505465,2,9,0,18,1,5,0,1,0,0,0,0,3,1,6,1,47,8,-1,-1,-1,-1,9,1,E01000713,0
Unvalidated,2024010505465,2024,010505465,3,9,0,18,5,1,0,1,0,0,0,0,1,1,6,1,71,10,-1,-1,-1,-1,3,1,E01001169,0
Unvalidated,2024010505466,2024,010505466,1,11,0,5,7,3,2,1,0,0,0,0,0,1,1,2,23,5,-1,-1,-1,-1,2,1,E01003920,0
Unvalidated,2024010505476,2024,010505476,1,9,0,10,7,4,0,1,0,0,0,0,0,1,6,1,41,7,-1,-1,-1,-1,5,1,E01002395,0
Unvalidated,2024010505476,2024,010505476,2,3,0,18,5,1,0,8,0,0,0,0,1,1,6,1,26,6,-1,-1,-1,-1,3,1,E01002503,0
Unvalidated,2024010505481,2024,010505481,1,21,0,4,1,5,0,8,0,0,0,0,0,1,1,1,40,7,-1,-1,-1,-1,3,1,E01002028,0
Unvalidated,2024010505481,2024,010505481,2,1,0,18,1,5,4,1,2,0,0,0,0,1,2,1,29,6,-1,-1,-1,-1,4,1,E01002055,0
Unvalidated,2024010505482,2024,010505482,1,11,0,4,1,5,0,2,0,0,0,0,0,1,1,1,63,9,-1,-1,-1,-1,3,1,E01001504,0
Unvalidated,2024010505483,2024,010505483,1,9,0,99,9,9,99,9,9,99,9,99,1,9,6,3,-1,-1,-1,-1,-1,-1,-1,-1,-1,0
Unvalidated,2024010505486,2024,010505486,1,9,0,99,9,9,99,9,9,99,9,99,3,9,2,1,36,7,-1,-1,-1,-1,3,1,E01000736,0
Unvalidated,2024010505486,2024,010505486,2,9,0,99,9,9,99,9,9,99,9,99,9,9,6,3,-1,-1,-1,-1,-1,-1,-1,-1,-1,0
Unvalidated,2024010505488,2024,010505488,1,9,0,99,9,9,99,9,9,99,9,99,9,9,6,2,25,5,-1,-1,-1,-1,4,1,E01001323,0
Unvalidated,2024010505489,2024,010505489,1,9,0,99,9,9,99,9,9,99,9,99,2,9,2,1,36,7,-1,-1,-1,-1,3,1,E01000736,0
Unvalidated,2024010505489,2024,010505489,2,11,0,99,9,9,99,9,9,99,9,99,2,9,6,3,-1,-1,-1,-1,-1,-1,2,1,E01003310,0
Unvalidated,2024010505492,2024,010505492,1,9,0,4,7,3,0,1,0,0,0,0,3,1,2,2,43,7,-1,-1,-1,-1,7,1,E01002222,0
Unvalidated,2024010505492,2024,010505492,2,1,0,18,5,1,0,8,0,0,0,0,1,1,2,2,52,8,-1,-1,-1,-1,5,1,E01002563,0
Unvalidated,2024010505498,2024,010505498,1,9,0,18,3,7,0,6,0,0,0,0,1,1,6,1,34,6,-1,-1,-1,-1,2,1,E01003911,0
Unvalidated,2024010505498,2024,010505498,2,3,0,18,3,7,0,6,0,0,0,0,1,1,1,1,31,6,-1,-1,-1,-1,3,1,E01001116,0
Unvalidated,2024010505500,2024,010505500,1,9,0,18,5,1,0,0,0,4,7,0,1,1,6,1,19,4,-1,-1,-1,-1,7,1,E01002343,0
Unvalidated,2024010505500,2024,010505500,2,9,0,2,0,0,0,0,0,0,0,0,0,1,6,3,-1,-1,-1,-1,-1,-1,-1,-1,-1,0
Unvalidated,2024010505500,2024,010505500,3,9,0,2,0,0,0,0,0,0,0,0,0,1,6,3,-1,-1,-1,-1,-1,-1,-1,-1,-1,0
Unvalidated,2024010505506,2024,010505506,1,9,0,18,1,5,0,2,0,0,0,0,2,1,2,1,47,8,-1,-1,-1,-1,4,1,E01016115,0
Unvalidated,2024010505506,2024,010505506,2,9,0,18,1,5,0,2,0,0,0,0,2,1,6,1,60,9,-1,-1,-1,-1,4,1,E01024162,0
Unvalidated,2024010505506,2024,010505506,3,9,0,18,1,5,0,2,0,0,0,0,1,1,6,2,36,7,-1,-1,-1,-1,3,1,E01000368,0
Unvalidated,2024010505507,2024,010505507,1,9,0,18,1,5,0,1,0,0,0,0,0,1,6,1,47,8,-1,-1,-1,-1,3,1,E01003589,0
Unvalidated,2024010505510,2024,010505510,1,9,0,99,9,9,99,0,9,99,9,99,1,9,6,2,35,6,-1,-1,-1,-1,1,1,E01004035,0
Unvalidated,2024010505510,2024,010505510,2,9,9,99,9,9,9,0,9,99,9,99,9,9,6,1,47,8,-1,-1,-1,-1,2,1,E01003932,0
Unvalidated,2024010505511,2024,010505511,1,9,0,2,0,0,0,0,0,0,0,0,3,1,6,3,-1,-1,-1,-1,-1,-1,-1,-1,-1,0
Unvalidated,2024010505511,2024,010505511,2,1,0,18,1,5,0,0,0,4,0,0,1,1,2,1,43,7,-1,-1,-1,-1,1,1,E01000105,0
Unvalidated,2024010505512,2024,010505512,1,9,0,18,1,5,0,0,0,0,0,0,2,1,6,1,25,5,-1,-1,-1,-1,4,1,E01001142,0
Unvalidated,2024010505512,2024,010505512,2,3,0,18,1,5,0,0,0,0,0,0,1,1,1,1,22,5,-1,-1,-1,-1,5,1,E01003368,0
Unvalidated,2024010505515,2024,010505515,1,9,0,18,5,1,0,1,0,11,3,10,1,1,6,2,35,6,-1,-1,-1,-1,-1,-1,-1,0
Unvalidated,2024010505515,2024,010505515,2,1,0,9,5,2,0,6,0,0,0,0,1,1,2,1,58,9,-1,-1,-1,-1,9,1,E01028772,0
Unvalidated,2024010505521,2024,010505521,1,9,0,99,9,9,99,9,9,99,9,99,9,9,6,1,37,7,-1,-1,-1,-1,2,1,E01001442,0
Unvalidated,2024010505523,2024,010505523,1,9,0,18,5,1,0,0,0,0,0,0,0,1,6,2,31,6,-1,-1,-1,-1,-1,-1,-1,0
Unvalidated,2024010505523,2024,010505523,2,3,0,18,5,1,0,0,0,0,0,0,2,1,6,1,25,5,-1,-1,-1,-1,2,1,E01003432,0
Unvalidated,2024010505523,2024,010505523,3,19,0,18,5,1,0,0,0,0,0,0,1,1,2,1,36,7,-1,-1,-1,-1,5,1,E01004152,0
Unvalidated,2024010505524,2024,010505524,1,9,0,18,7,3,0,1,0,0,0,0,3,1,6,1,24,5,-1,-1,-1,-1,5,1,E01002815,0
Unvalidated,2024010505524,2024,010505524,2,2,0,18,3,7,0,1,5,4,0,0,1,1,1,1,25,5,-1,-1,-1,-1,5,1,E01033608,0
Unvalidated,2024010505528,2024,010505528,1,1,9,99,9,9,99,9,9,99,9,99,9,1,2,2,30,6,-1,-1,-1,-1,5,1,E01001038,0
Unvalidated,2024010505528,2024,010505528,2,99,9,99,9,9,99,9,9,99,9,99,9,9,6,2,-1,-1,-1,-1,-1,-1,-1,-1,-1,0
Unvalidated,2024010505535,2024,010505535,1,9,0,13,5,1,0,1,1,10,0,0,3,1,6,1,28,6,-1,-1,-1,-1,-1,-1,-1,0
Unvalidated,2024010505535,2024,010505535,2,11,0,18,5,1,0,8,0,0,0,0,4,1,1,1,56,9,-1,-1,-1,-1,3,1,E01003617,0
Unvalidated,2024010505536,2024,010505536,1,9,0,2,0,0,0,1,0,0,0,0,3,1,6,3,-1,-1,-1,-1,-1,-1,-1,-1,-1,0
Unvalidated,2024010505536,2024,010505536,2,1,0,18,1,5,0,1,0,4,0,0,1,1,6,1,44,7,-1,-1,-1,-1,9,1,E01033101,0
Unvalidated,2024010505537,2024,010505537,1,9,0,14,1,5,0,6,0,0,0,0,1,1,2,1,33,6,-1,-1,-1,-1,2,1,E01000600,0
Unvalidated,2024010505538,2024,010505538,1,9,0,9,1,6,0,1,0,0,0,0,1,1,1,1,54,8,-1,-1,-1,-1,4,1,E01000313,0
Unvalidated,2024010505538,2024,010505538,2,1,0,18,5,1,0,1,0,0,0,0,1,1,6,1,66,10,-1,-1,-1,-1,7,1,E01000309,0
Unvalidated,2024010505544,2024,010505544,1,9,9,99,9,9,99,9,9,99,9,99,9,9,6,1,51,8,-1,-1,-1,-1,6,1,E01003393,0
Unvalidated,2024010505546,2024,010505546,1,98,0,99,9,9,99,9,9,99,9,99,1,9,6,3,32,6,-1,-1,-1,-1,3,1,E01015973,0
Unvalidated,2024010505547,2024,010505547,1,20,0,4,5,1,0,1,0,4,0,0,1,1,6,1,28,6,-1,-1,-1,-1,2,1,E01001115,0
Unvalidated,2024010505547,2024,010505547,2,9,0,2,0,0,0,2,0,0,0,0,2,1,6,2,-1,-1,-1,-1,-1,-1,-1,-1,-1,0
Unvalidated,2024010505549,2024,010505549,1,19,0,7,3,5,0,5,0,0,0,0,4,1,1,1,27,6,-1,-1,-1,-1,3,1,E01002102,0
Unvalidated,2024010505549,2024,010505549,2,1,0,18,3,7,0,1,0,0,0,0,1,1,2,1,45,7,-1,-1,-1,-1,5,1,E01004383,0
Unvalidated,2024010505556,2024,010505556,1,5,0,18,7,3,0,0,0,0,0,0,1,1,2,1,40,7,-1,-1,-1,-1,10,1,E01017816,0
Unvalidated,2024010505556,2024,010505556,2,9,0,11,7,3,0,0,0,0,0,0,4,1,2,2,29,6,-1,-1,-1,-1,7,1,E01016510,0
Unvalidated,2024010505557,2024,010505557,1,3,0,99,9,9,99,9,9,99,9,99,9,1,2,1,31,6,-1,-1,-1,-1,2,1,E01003634,0
Unvalidated,2024010505557,2024,010505557,2,9,0,99,9,9,99,9,9,99,9,99,9,9,6,3,-1,-1,-1,-1,-1,-1,-1,-1,-1,0
Unvalidated,2024010505560,2024,010505560,1,9,0,99,9,9,99,9,9,99,9,99,2,9,2,2,24,5,-1,-1,-1,-1,5,1,E01002410,0
Unvalidated,2024010505560,2024,010505560,2,9,0,99,9,9,99,9,9,99,9,99,9,9,6,3,-1,-1,-1,-1,-1,-1,-1,-1,-1,0
Unvalidated,2024010505561,2024,010505561,1,90,9,99,9,9,99,9,9,99,9,99,9,9,6,1,21,5,-1,-1,-1,-1,-1,-1,-1,1
Unvalidated,2024010505561,2024,010505561,2,90,9,99,9,9,99,9,9,99,9,99,9,9,6,2,-1,-1,-1,-1,-1,-1,-1,-1,-1,1
Unvalidated,2024010505566,2024,010505566,1,1,9,99,9,9,99,9,9,99,9,99,2,1,2,2,27,6,-1,-1,-1,-1,6,1,E01002005,0
Unvalidated,2024010505566,2024,010505566,2,9,0,99,9,9,99,9,9,99,9,99,1,9,6,3,72,10,-1,-1,-1,-1,8,1,E01000216,0
Unvalidated,2024010505570,2024,010505570,1,1,0,18,1,5,2,1,5,0,0,0,1,1,1,2,35,6,-1,-1,-1,-1,2,1,E01002787,0
Unvalidated,2024010505570,2024,010505570,2,9,0,11,1,5,2,1,0,0,0,0,4,2,1,1,34,6,-1,-1,-1,-1,2,1,E01001830,0
Unvalidated,2024010505572,2024,010505572,1,9,0,5,7,3,0,8,0,0,0,0,3,1,6,3,-1,-1,-1,-1,-1,-1,-1,-1,-1,0
Unvalidated,2024010505573,2024,010505573,1,9,0,13,7,3,0,1,0,0,0,0,4,1,6,3,-1,-1,-1,-1,-1,-1,-1,-1,-1,0
Unvalidated,2024010505573,2024,010505573,2,1,0,5,7,3,0,1,0,0,0,0,0,1,2,2,22,5,-1,-1,-1,-1,4,1,E01001672,0
Unvalidated,2024010505576,2024,010505576,1,1,9,99,9,9,99,0,9,99,9,99,1,1,2,1,52,8,-1,-1,-1,-1,4,1,E01033739,0
Unvalidated,2024010505576,2024,010505576,2,9,0,99,9,9,99,0,9,99,9,99,9,9,6,2,19,4,-1,-1,-1,-1,6,1,E01024152,0
Unvalidated,2024010505578,2024,010505578,1,1,9,99,9,9,99,6,9,99,9,99,1,1,2,1,24,5,-1,-1,-1,-1,6,1,E01004621,0
Unvalidated,2024010505578,2024,010505578,2,9,0,99,9,9,99,1,9,99,9,99,1,9,6,3,-1,-1,-1,-1,-1,-1,-1,-1,-1,0
Unvalidated,2024010505579,2024,010505579,1,3,0,99,9,9,99,9,9,99,9,99,9,1,1,3,23,5,-1,-1,-1,-1,2,1,E01002080,0
Unvalidated,2024010505579,2024,010505579,2,9,0,99,9,9,99,9,9,99,9,99,9,9,6,3,-1,-1,-1,-1,-1,-1,-1,-1,-1,0
Unvalidated,2024010505582,2024,010505582,1,9,0,3,3,7,0,8,0,0,0,0,3,1,6,2,30,6,-1,-1,-1,-1,6,1,E01002293,0
Unvalidated,2024010505582,2024,010505582,2,9,0,18,7,3,0,1,0,0,0,0,3,1,1,1,39,7,-1,-1,-1,-1,4,1,E01003666,0
Unvalidated,2024010505582,2024,010505582,3,19,0,18,7,3,0,8,0,0,0,0,1,1,6,1,23,5,-1,-1,-1,-1,5,3,E01021443,0
Unvalidated,2024010505582,2024,010505582,4,10,0,9,7,4,0,8,0,0,0,0,1,1,2,1,63,9,-1,-1,-1,-1,8,1,E01003669,0
Unvalidated,2024010505582,2024,010505582,5,8,0,18,5,1,0,8,0,0,0,0,4,1,1,1,59,9,-1,-1,-1,-1,-1,-1,-1,0
Unvalidated,2024010505590,2024,010505590,1,9,0,99,9,9,99,9,9,99,9,99,2,9,6,2,34,6,-1,-1,-1,-1,5,1,E01002586,0
Unvalidated,2024010505590,2024,010505590,2,9,0,99,9,9,99,9,9,99,9,99,0,9,6,1,19,4,-1,-1,-1,-1,3,1,E01002585,0
Unvalidated,2024010505590,2024,010505590,3,9,0,99,9,9,99,9,9,99,9,99,2,9,6,3,-1,-1,-1,-1,-1,-1,-1,-1,-1,0
Unvalidated,2024010505591,2024,010505591,1,3,0,99,9,9,99,9,9,99,9,99,9,1,2,1,21,5,-1,-1,-1,-1,4,1,E01000591,0
Unvalidated,2024010505591,2024,010505591,2,9,0,99,9,9,99,9,9,99,9,99,1,9,6,3,79,11,-1,-1,-1,-1,4,1,E01002643,0
Unvalidated,2024010505600,2024,010505600,1,9,0,18,5,1,0,2,0,0,0,0,1,1,6,2,26,6,-1,-1,-1,-1,3,1,E01003025,0
Unvalidated,2024010505608,2024,010505608,1,9,0,3,1,5,0,2,0,0,0,0,2,1,6,1,24,5,-1,-1,-1,-1,5,1,E01002219,0
Unvalidated,2024010505608,2024,010505608,2,9,0,5,1,5,0,2,0,0,0,0,1,1,6,2,30,6,-1,-1,-1,-1,5,1,E01000631,0
Unvalidated,2024010505609,2024,010505609,1,9,0,18,7,3,0,1,0,0,0,0,1,1,3,2,43,7,-1,-1,-1,-1,4,1,E01001514,0
Unvalidated,2024010505609,2024,010505609,2,9,0,7,8,1,0,1,0,0,0,0,1,1,2,2,22,5,-1,-1,-1,-1,4,1,E01001512,0
Unvalidated,2024010505611,2024,010505611,1,3,0,99,9,9,99,9,9,99,9,99,1,1,2,2,26,6,-1,-1,-1,-1,1,1,E01003535,0
Unvalidated,2024010505611,2024,010505611,2,9,0,99,9,9,99,9,9,99,9,99,1,9,6,3,-1,-1,-1,-1,-1,-1,-1,-1,-1,0
Unvalidated,2024010505612,2024,010505612,1,5,0,99,9,9,99,9,9,99,9,99,2,1,2,1,41,7,-1,-1,-1,-1,4,1,E01023099,0
Unvalidated,2024010505612,2024,010505612,2,9,0,99,9,9,99,9,9,99,9,99,1,9,6,3,-1,-1,-1,-1,-1,-1,-1,-1,-1,0
Unvalidated,2024010505616,2024,010505616,1,1,0,18,5,1,0,0,0,0,0,0,1,1,1,1,38,7,-1,-1,-1,-1,6,3,E01004108,0
Unvalidated,2024010505617,2024,010505617,1,9,9,99,9,9,0,9,0,0,0,0,9,9,6,3,-1,-1,-1,-1,-1,-1,-1,-1,-1,0
Unvalidated,2024010505618,2024,010505618,1,9,0,6,5,5,0,0,0,0,0,0,4,1,3,2,34,6,-1,-1,-1,-1,2,1,E01003256,0
Unvalidated,2024010505618,2024,010505618,2,9,0,18,5,1,1,0,0,0,0,0,1,1,2,1,47,8,-1,-1,-1,-1,1,1,E01003318,0
Unvalidated,2024010505623,2024,010505623,1,3,0,13,7,3,0,8,0,0,0,0,4,1,6,1,32,6,-1,-1,-1,-1,4,1,E01001286,0
Unvalidated,2024010505623,2024,010505623,2,9,0,9,7,5,0,5,0,0,0,0,3,1,6,1,30,6,-1,-1,-1,-1,5,1,E01032789,0
Unvalidated,2024010505624,2024,010505624,1,2,0,18,2,6,0,1,0,0,0,0,1,1,6,1,20,4,-1,-1,-1,-1,3,1,E01004445,0
Unvalidated,2024010505624,2024,010505624,2,9,0,18,6,2,0,1,0,0,0,0,1,1,6,1,51,8,-1,-1,-1,-1,9,1,E01000761,0
Unvalidated,2024010505624,2024,010505624,3,8,0,18,2,6,0,1,0,0,0,0,3,1,1,1,51,8,-1,-1,-1,-1,5,1,E01003342,0
Unvalidated,2024010505625,2024,010505625,1,9,0,99,9,9,99,9,9,99,9,99,2,9,6,1,49,8,-1,-1,-1,-1,2,1,E01000133,0
Unvalidated,2024010505625,2024,010505625,2,9,0,99,9,9,99,9,9,99,9,99,1,9,6,3,34,6,-1,-1,-1,-1,-1,-1,-1,0
Unvalidated,2024010505629,2024,010505629,1,5,0,3,7,3,0,1,0,0,0,0,1,1,1,1,45,7,-1,-1,-1,-1,3,1,E01003221,0
Unvalidated,2024010505629,2024,010505629,2,21,0,8,7,2,0,1,0,0,0,0,1,2,1,1,28,6,-1,-1,-1,-1,-1,-1,-1,0
Unvalidated,2024010505630,2024,010505630,1,11,0,18,7,3,0,0,0,0,0,0,3,1,1,1,56,9,-1,-1,-1,-1,4,1,E01000471,0
Unvalidated,2024010505630,2024,010505630,2,11,0,18,7,3,1,0,0,0,0,0,3,1,1,1,61,9,-1,-1,-1,-1,4,1,E01002131,0
Unvalidated,2024010505630,2024,010505630,3,1,0,18,3,7,0,0,0,0,0,0,1,1,6,1,27,6,-1,-1,-1,-1,4,1,E01003739,0
Unvalidated,2024010505631,2024,010505631,1,9,0,99,9,9,99,9,9,99,9,99,2,9,6,1,30,6,-1,-1,-1,-1,4,1,E01023859,0
Unvalidated,2024010505631,2024,010505631,2,9,0,5,3,7,0,1,0,0,9,0,2,1,1,1,49,8,-1,-1,-1,-1,6,1,E01002200,0
Unvalidated,2024010505635,2024,010505635,1,1,9,99,9,9,99,4,9,99,9,99,9,1,2,1,43,7,-1,-1,-1,-1,5,1,E01001038,0
Unvalidated,2024010505635,2024,010505635,2,19,0,99,9,9,99,4,9,99,9,99,9,9,6,1,50,8,-1,-1,-1,-1,9,1,E01001132,0
Unvalidated,2024010505636,2024,010505636,1,3,0,99,9,9,99,5,9,99,9,99,9,1,1,3,49,8,-1,-1,-1,-1,7,1,E01002115,0
Unvalidated,2024010505636,2024,010505636,2,9,9,99,9,9,99,6,9,99,9,99,9,9,6,3,-1,-1,-1,-1,-1,-1,-1,-1,-1,0
Unvalidated,2024010505637,2024,010505637,1,9,0,99,9,9,99,6,9,99,9,99,9,9,6,3,-1,-1,-1,-1,-1,-1,-1,-1,-1,0
Unvalidated,2024010505637,2024,010505637,2,3,0,99,9,9,99,1,9,99,9,99,9,1,6,1,25,5,-1,-1,-1,-1,4,1,E01032639,0
Unvalidated,2024010505641,2024,010505641,1,3,9,99,9,9,99,9,9,99,9,99,9,1,6,1,23,5,-1,-1,-1,-1,2,1,E01003988,0