status,collision_index,collision_year,collision_reference,vehicle_reference,vehicle_type,towing_and_articulation,vehicle_manoeuvre,vehicle_direction_from,vehicle_direction_to,vehicle_location_restricted_lane,junction_location,skidding_and_overturning,hit_object_in_carriageway,vehicle_leaving_carriageway,hit_object_off_carriageway,first_point_of_impact,vehicle_left_hand_drive,journey_purpose_of_driver,sex_of_driver,age_of_driver,age_band_of_driver,engine_capacity_cc,propulsion_code,age_of_vehicle,generic_make_model,driver_imd_decile,driver_home_area_type,lsoa_of_driver,escooter_flag
Unvalidated,2024010505641,2024,010505641,2,9,9,99,9,9,99,9,9,99,9,99,9,9,6,3,-1,-1,-1,-1,-1,-1,-1,-1,-1,0
Unvalidated,2024010505645,2024,010505645,1,3,0,18,7,3,0,0,0,0,0,0,1,1,6,2,35,6,-1,-1,-1,-1,5,1,E01000505,0
Unvalidated,2024010505653,2024,010505653,1,9,0,9,1,6,0,1,0,0,0,0,1,1,6,2,32,6,-1,-1,-1,-1,2,1,E01001849,0
Unvalidated,2024010505653,2024,010505653,2,1,0,17,5,1,0,1,0,0,0,0,1,1,6,1,25,5,-1,-1,-1,-1,2,1,E01004224,0
Unvalidated,2024010505660,2024,010505660,1,3,0,99,9,9,99,9,9,99,9,99,9,1,1,1,41,7,-1,-1,-1,-1,1,1,E01004301,0
Unvalidated,2024010505660,2024,010505660,2,9,0,99,9,9,99,9,9,99,9,99,9,9,6,3,57,9,-1,-1,-1,-1,6,1,E01003149,0
Unvalidated,2024010505662,2024,010505662,1,9,0,9,3,1,0,7,0,0,0,0,4,1,2,1,33,6,-1,-1,-1,-1,6,1,E01033487,0
Unvalidated,2024010505669,2024,010505669,1,2,0,18,7,3,0,1,0,0,0,0,1,1,6,3,-1,-1,-1,-1,-1,-1,-1,-1,-1,0
Unvalidated,2024010505671,2024,010505671,1,1,9,99,9,9,99,9,9,99,9,99,9,1,2,1,37,7,-1,-1,-1,-1,6,1,E01002293,0
Unvalidated,2024010505671,2024,010505671,2,9,0,99,9,9,99,9,9,99,9,99,1,9,6,2,26,6,-1,-1,-1,-1,4,1,E01000029,0
Unvalidated,2024010505677,2024,010505677,1,1,9,99,9,9,99,9,9,99,9,99,9,1,2,1,36,7,-1,-1,-1,-1,6,1,E01001989,0
Unvalidated,2024010505677,2024,010505677,2,9,0,99,9,9,99,9,9,99,9,99,9,9,6,3,-1,-1,-1,-1,-1,-1,-1,-1,-1,0
Unvalidated,2024010505678,2024,010505678,1,1,9,99,9,9,99,9,9,99,9,99,9,1,6,1,20,4,-1,-1,-1,-1,1,1,E01003052,0
Unvalidated,2024010505678,2024,010505678,2,9,9,99,9,9,99,9,9,99,9,99,9,9,6,3,-1,-1,-1,-1,-1,-1,-1,-1,-1,0
Unvalidated,2024010505679,2024,010505679,1,8,0,7,7,1,0,8,0,0,0,0,1,1,6,1,58,9,-1,-1,-1,-1,3,1,E01002044,0
Unvalidated,2024010505680,2024,010505680,1,9,0,9,7,5,0,8,0,0,0,0,1,1,6,1,24,5,-1,-1,-1,-1,2,1,E01002505,0
Unvalidated,2024010505680,2024,010505680,2,3,0,9,7,5,0,8,0,0,0,0,2,1,1,1,53,8,-1,-1,-1,-1,3,1,E01002553,0
Unvalidated,2024010505681,2024,010505681,1,11,0,99,9,9,99,9,9,99,9,99,2,9,1,1,62,9,-1,-1,-1,-1,2,1,E01000789,0
Unvalidated,2024010505681,2024,010505681,2,1,9,99,9,9,99,9,9,99,9,99,1,1,6,1,-1,-1,-1,-1,-1,-1,10,1,E01000449,0
Unvalidated,2024010505683,2024,010505683,1,5,0,99,9,9,99,9,9,99,9,99,9,1,6,2,30,6,-1,-1,-1,-1,4,1,E01001724,0
Unvalidated,2024010505683,2024,010505683,2,9,0,99,9,9,99,9,9,99,9,99,9,9,6,3,-1,-1,-1,-1,-1,-1,7,1,E01024140,0
Unvalidated,2024010505691,2024,010505691,1,1,0,18,5,1,0,8,0,0,0,0,1,1,6,1,28,6,-1,-1,-1,-1,3,1,E01000984,0
Unvalidated,2024010505691,2024,010505691,2,9,0,18,3,7,0,8,0,0,0,0,3,1,6,1,61,9,-1,-1,-1,-1,8,1,E01003421,0
Unvalidated,2024010505692,2024,010505692,1,9,0,17,1,5,0,1,0,0,0,0,1,1,6,2,50,8,-1,-1,-1,-1,10,2,E01032809,0
Unvalidated,2024010505693,2024,010505693,1,3,0,13,7,3,0,1,2,0,0,0,4,1,6,1,40,7,-1,-1,-1,-1,4,1,E01004447,0
Unvalidated,2024010505693,2024,010505693,2,9,0,9,7,5,0,1,0,0,0,0,3,1,1,1,56,9,-1,-1,-1,-1,6,1,E01000981,0
Unvalidated,2024010505694,2024,010505694,1,9,0,18,5,1,0,1,0,0,0,0,1,1,6,3,-1,-1,-1,-1,-1,-1,-1,-1,-1,0
Unvalidated,2024010505696,2024,010505696,1,9,0,9,1,6,4,6,0,0,0,0,3,1,6,1,30,6,-1,-1,-1,-1,4,1,E01033579,0
Unvalidated,2024010505696,2024,010505696,2,1,0,18,7,3,4,8,0,0,0,0,1,1,1,1,30,6,-1,-1,-1,-1,2,1,E01003580,0
Unvalidated,2024010505698,2024,010505698,1,21,0,17,7,3,0,2,0,0,0,0,4,1,6,1,33,6,-1,-1,-1,-1,2,1,E01005302,0
Unvalidated,2024010505698,2024,010505698,2,1,0,17,7,3,0,2,0,0,0,0,3,1,6,1,20,4,-1,-1,-1,-1,4,1,E01003203,0
Unvalidated,2024010505702,2024,010505702,1,9,0,5,5,1,0,3,0,0,0,0,1,1,6,2,89,11,-1,-1,-1,-1,8,1,E01002949,0
Unvalidated,2024010505702,2024,010505702,2,10,0,3,5,1,0,1,0,0,0,0,2,1,3,1,64,9,-1,-1,-1,-1,6,1,E01004109,0
Unvalidated,2024010505703,2024,010505703,1,9,0,9,8,5,0,5,0,7,7,10,1,1,2,2,63,9,-1,-1,-1,-1,8,1,E01001891,0
Unvalidated,2024010505708,2024,010505708,1,9,0,99,9,9,99,9,9,99,9,99,9,1,6,3,-1,-1,-1,-1,-1,-1,-1,-1,-1,0
Unvalidated,2024010505711,2024,010505711,1,3,0,18,5,1,0,8,0,0,0,0,1,1,6,1,33,6,-1,-1,-1,-1,2,1,E01003079,0
Unvalidated,2024010505712,2024,010505712,1,9,0,18,5,1,0,4,0,0,0,0,3,1,6,1,41,7,-1,-1,-1,-1,9,1,E01000382,0
Unvalidated,2024010505712,2024,010505712,2,9,0,18,1,5,0,4,1,0,0,0,3,1,6,1,38,7,-1,-1,-1,-1,7,1,E01000459,0
Unvalidated,2024010505718,2024,010505718,1,1,9,99,9,9,99,1,9,99,9,99,9,1,2,1,35,6,-1,-1,-1,-1,5,1,E01033325,0
Unvalidated,2024010505718,2024,010505718,2,9,0,99,9,9,99,5,9,99,9,99,1,9,6,3,-1,-1,-1,-1,-1,-1,-1,-1,-1,0
Unvalidated,2024010505723,2024,010505723,1,9,0,99,9,9,99,9,9,99,9,99,1,9,6,1,40,7,-1,-1,-1,-1,3,1,E01000610,0
Unvalidated,2024010505723,2024,010505723,2,9,0,1,4,6,0,1,0,99,0,0,9,1,6,3,-1,-1,-1,-1,-1,-1,-1,-1,-1,0
Unvalidated,2024010505725,2024,010505725,1,9,0,6,1,1,0,0,0,0,0,0,3,1,6,1,26,6,-1,-1,-1,-1,-1,-1,-1,0
Unvalidated,2024010505725,2024,010505725,2,1,0,18,5,1,0,0,0,0,0,0,1,1,6,1,24,5,-1,-1,-1,-1,1,1,E01032575,0
Unvalidated,2024010505729,2024,010505729,1,9,0,18,5,1,0,1,1,10,2,11,1,1,6,1,21,5,-1,-1,-1,-1,3,1,E01002308,0
Unvalidated,2024010505731,2024,010505731,1,9,0,18,7,3,0,6,0,0,0,0,1,1,1,1,24,5,-1,-1,-1,-1,3,1,E01004325,0
Unvalidated,2024010505731,2024,010505731,2,9,0,7,2,3,0,1,0,7,1,11,4,1,6,1,43,7,-1,-1,-1,-1,2,1,E01004284,0
Unvalidated,2024010505732,2024,010505732,1,9,0,16,3,7,0,0,0,0,0,0,1,1,2,1,22,5,-1,-1,-1,-1,6,1,E01024568,0
Unvalidated,2024010505732,2024,010505732,2,9,0,1,3,7,0,0,0,0,0,0,1,1,2,1,34,6,-1,-1,-1,-1,4,1,E01016164,0
Unvalidated,2024010505732,2024,010505732,3,9,0,2,0,0,0,0,0,0,0,0,1,1,6,3,-1,-1,-1,-1,-1,-1,-1,-1,-1,0
Unvalidated,2024010505733,2024,010505733,1,19,0,18,3,7,0,0,0,0,0,0,1,1,6,1,31,6,-1,-1,-1,-1,-1,-1,-1,0
Unvalidated,2024010505739,2024,010505739,1,3,0,99,9,9,99,9,9,99,9,99,1,1,1,3,33,6,-1,-1,-1,-1,5,1,E01000174,0
Unvalidated,2024010505739,2024,010505739,2,9,0,99,9,9,99,9,9,99,9,99,1,1,6,3,-1,-1,-1,-1,-1,-1,-1,-1,-1,0
Unvalidated,2024010505745,2024,010505745,1,9,0,13,6,2,0,0,5,10,0,0,1,1,2,2,36,7,-1,-1,-1,-1,5,1,E01002212,0
Unvalidated,2024010505746,2024,010505746,1,9,0,99,9,9,99,9,9,99,9,99,3,9,6,1,33,6,-1,-1,-1,-1,5,1,E01001029,0
Unvalidated,2024010505746,2024,010505746,2,1,9,99,9,9,99,9,9,99,9,99,1,1,6,3,-1,-1,-1,-1,-1,-1,-1,-1,-1,0
Unvalidated,2024010505757,2024,010505757,1,3,0,99,9,9,99,9,9,99,9,99,1,1,6,1,38,7,-1,-1,-1,-1,4,1,E01000405,0
Unvalidated,2024010505757,2024,010505757,2,98,0,99,9,9,99,9,9,99,9,99,2,9,6,3,-1,-1,-1,-1,-1,-1,-1,-1,-1,0
Unvalidated,2024010505765,2024,010505765,1,3,0,99,9,9,99,9,9,99,9,99,9,1,1,1,29,6,-1,-1,-1,-1,4,1,E01000171,0
Unvalidated,2024010505765,2024,010505765,2,9,0,99,9,9,99,9,9,99,9,99,9,9,6,3,-1,-1,-1,-1,-1,-1,-1,-1,-1,0
Unvalidated,2024010505767,2024,010505767,1,3,0,99,9,9,99,9,9,99,9,99,1,1,1,1,38,7,-1,-1,-1,-1,3,1,E01003581,0
Unvalidated,2024010505767,2024,010505767,2,9,0,99,9,9,99,9,9,99,9,99,1,9,6,3,60,9,-1,-1,-1,-1,6,1,E01002353,0
Unvalidated,2024010505769,2024,010505769,1,5,0,15,7,3,0,0,0,0,7,0,1,1,6,1,30,6,-1,-1,-1,-1,-1,-1,-1,0
Unvalidated,2024010505769,2024,010505769,2,9,0,6,3,3,0,0,0,0,1,0,3,1,6,1,24,5,-1,-1,-1,-1,-1,-1,-1,0
Unvalidated,2024010505770,2024,010505770,1,9,0,5,0,1,0,0,0,0,0,0,1,1,6,1,88,11,-1,-1,-1,-1,8,1,E01002949,0
Unvalidated,2024010505770,2024,010505770,2,9,0,2,0,0,0,0,0,0,0,0,2,1,6,3,-1,-1,-1,-1,-1,-1,-1,-1,-1,0
Unvalidated,2024010505776,2024,010505776,1,9,0,99,9,9,99,9,9,99,9,99,9,9,6,3,65,9,-1,-1,-1,-1,2,1,E01001773,0
Unvalidated,2024010505776,2024,010505776,2,9,0,99,9,9,99,9,9,99,9,99,9,9,6,3,-1,-1,-1,-1,-1,-1,-1,-1,-1,0
Unvalidated,2024010505779,2024,010505779,1,1,9,99,9,9,99,0,9,99,9,99,1,1,6,3,-1,-1,-1,-1,-1,-1,-1,-1,-1,0
Unvalidated,2024010505781,2024,010505781,1,9,0,99,9,9,99,9,9,99,9,99,2,9,6,2,57,9,-1,-1,-1,-1,8,1,E01024185,0
Unvalidated,2024010505781,2024,010505781,2,97,0,99,9,9,99,9,9,99,9,99,1,1,6,3,-1,-1,-1,-1,-1,-1,-1,-1,-1,0
Unvalidated,2024010505784,2024,010505784,1,9,0,4,1,5,0,7,0,0,0,0,1,1,1,1,52,8,-1,-1,-1,-1,7,1,E01002171,0
Unvalidated,2024010505784,2024,010505784,2,1,0,5,1,5,5,7,0,0,0,0,3,1,1,2,25,5,-1,-1,-1,-1,6,1,E01002169,0
Unvalidated,2024010505787,2024,010505787,1,9,0,99,9,9,99,0,9,99,9,99,2,9,6,3,44,7,-1,-1,-1,-1,3,1,E01003574,0
Unvalidated,2024010505792,2024,010505792,1,1,9,99,9,9,99,9,9,99,9,99,9,1,2,2,55,8,-1,-1,-1,-1,5,1,E01004071,0
Unvalidated,2024010505792,2024,010505792,2,19,0,99,9,9,99,9,9,99,9,99,9,1,6,1,-1,-1,-1,-1,-1,-1,10,1,E01023516,0
Unvalidated,2024010505794,2024,010505794,1,3,0,99,9,9,99,9,9,99,9,99,9,1,2,1,31,6,-1,-1,-1,-1,3,1,E01004333,0
Unvalidated,2024010505795,2024,010505795,1,3,0,99,9,9,99,9,9,99,9,99,9,1,1,1,26,6,-1,-1,-1,-1,8,1,E01000136,0
Unvalidated,2024010505795,2024,010505795,2,9,0,99,9,9,99,9,9,99,9,99,9,9,6,3,-1,-1,-1,-1,-1,-1,-1,-1,-1,0
Unvalidated,2024010505796,2024,010505796,1,9,0,18,4,8,0,1,0,0,0,0,1,1,6,3,-1,-1,-1,-1,-1,-1,-1,-1,-1,0
Unvalidated,2024010505798,2024,010505798,1,9,0,99,9,9,99,9,9,99,9,99,2,9,6,1,30,6,-1,-1,-1,-1,3,1,E01004432,0
Unvalidated,2024010505798,2024,010505798,2,9,0,99,9,9,99,9,9,99,9,99,1,9,6,3,-1,-1,-1,-1,-1,-1,-1,-1,-1,0
Unvalidated,2024010505803,2024,010505803,1,19,0,5,1,5,0,8,1,0,0,0,1,1,1,1,60,9,-1,-1,-1,-1,3,1,E01000973,0
Unvalidated,2024010505803,2024,010505803,2,1,0,18,7,3,1,8,0,0,0,0,3,1,6,1,48,8,-1,-1,-1,-1,3,1,E01032583,0
Unvalidated,2024010505806,2024,010505806,1,9,0,99,9,9,99,9,9,99,9,99,9,9,6,1,18,4,-1,-1,-1,-1,2,1,E01001428,0
Unvalidated,2024010505812,2024,010505812,1,9,0,18,1,5,0,0,0,0,0,0,1,1,6,1,37,7,-1,-1,-1,-1,3,1,E01003592,0
Unvalidated,2024010505812,2024,010505812,2,9,0,18,1,5,0,0,0,0,0,0,1,1,6,3,-1,-1,-1,-1,-1,-1,-1,-1,-1,0
Unvalidated,2024010505815,2024,010505815,1,3,0,99,9,9,99,9,9,99,9,99,1,1,1,1,25,5,-1,-1,-1,-1,7,1,E01002172,0
Unvalidated,2024010505815,2024,010505815,2,19,0,99,9,9,99,9,9,99,9,99,2,9,6,3,-1,-1,-1,-1,-1,-1,-1,-1,-1,0
Unvalidated,2024010505817,2024,010505817,1,5,0,99,9,9,99,9,9,99,9,99,9,1,6,1,30,6,-1,-1,-1,-1,10,1,E01021247,0
Unvalidated,2024010505817,2024,010505817,2,9,0,99,9,9,99,9,9,99,9,99,1,9,6,3,-1,-1,-1,-1,-1,-1,-1,-1,-1,0
Unvalidated,2024010505823,2024,010505823,1,9,0,99,9,9,99,0,9,99,9,99,9,9,6,1,38,7,-1,-1,-1,-1,2,1,E01004295,0
Unvalidated,2024010505823,2024,010505823,2,9,0,99,9,9,99,0,9,99,9,99,1,9,6,3,-1,-1,-1,-1,-1,-1,3,1,E01004350,0
Unvalidated,2024010505826,2024,010505826,1,11,0,17,4,8,2,1,0,0,0,0,3,1,1,1,50,8,-1,-1,-1,-1,7,1,E01001871,0
Unvalidated,2024010505826,2024,010505826,2,9,0,13,4,8,0,1,0,0,0,0,4,1,6,1,34,6,-1,-1,-1,-1,7,1,E01003369,0
Unvalidated,2024010505827,2024,010505827,1,9,0,99,9,9,99,0,9,99,9,99,9,9,6,1,19,4,-1,-1,-1,-1,5,1,E01001091,0
Unvalidated,2024010505827,2024,010505827,2,9,0,99,9,9,99,0,9,99,9,99,9,9,6,3,-1,-1,-1,-1,-1,-1,-1,-1,-1,0
Unvalidated,2024010505834,2024,010505834,1,9,0,18,7,3,0,0,0,11,0,0,3,1,2,2,25,5,-1,-1,-1,-1,7,1,E01002428,0
Unvalidated,2024010505836,2024,010505836,1,9,0,18,8,4,0,0,0,0,0,0,1,1,6,2,36,7,-1,-1,-1,-1,8,1,E01000230,0
Unvalidated,2024010505836,2024,010505836,2,19,0,18,8,4,0,0,0,0,0,0,2,1,6,1,47,8,-1,-1,-1,-1,3,1,E01001505,0
Unvalidated,2024010505846,2024,010505846,1,9,0,99,9,9,0,9,0,99,9,0,4,9,6,3,-1,-1,-1,-1,-1,-1,-1,-1,-1,0
Unvalidated,2024010505847,2024,010505847,1,3,0,99,9,9,99,9,9,99,9,99,1,1,6,1,32,6,-1,-1,-1,-1,5,1,E01000519,0
Unvalidated,2024010505847,2024,010505847,2,9,0,99,9,9,99,9,9,99,9,99,3,9,6,3,-1,-1,-1,-1,-1,-1,-1,-1,-1,0
Unvalidated,2024010505849,2024,010505849,1,8,0,18,5,1,0,1,0,10,1,0,3,1,1,1,43,7,-1,-1,-1,-1,3,1,E01001169,0
Unvalidated,2024010505849,2024,010505849,2,9,0,9,2,1,0,6,0,0,0,0,4,1,6,2,18,4,-1,-1,-1,-1,10,1,E01001019,0
Unvalidated,2024010505853,2024,010505853,1,3,0,99,9,9,99,9,9,99,9,99,9,1,1,1,36,7,-1,-1,-1,-1,3,1,E01000535,0
Unvalidated,2024010505853,2024,010505853,2,9,9,99,9,9,99,9,9,99,9,99,9,9,6,3,-1,-1,-1,-1,-1,-1,-1,-1,-1,0
Unvalidated,2024010505855,2024,010505855,1,9,0,9,1,7,0,1,0,0,0,0,1,1,6,2,36,7,-1,-1,-1,-1,4,1,E01004414,0
Unvalidated,2024010505855,2024,010505855,2,3,0,18,1,5,4,2,0,0,0,0,1,1,6,1,39,7,-1,-1,-1,-1,3,1,E01004367,0
Unvalidated,2024010505857,2024,010505857,1,9,0,9,3,1,0,5,0,0,1,0,4,1,6,1,82,11,-1,-1,-1,-1,3,1,E01002738,0
Unvalidated,2024010505857,2024,010505857,2,3,0,18,3,7,2,1,0,0,0,0,1,1,6,1,19,4,-1,-1,-1,-1,3,1,E01004303,0
Unvalidated,2024010505858,2024,010505858,1,9,0,5,0,3,0,8,0,0,0,0,1,1,6,1,25,5,-1,-1,-1,-1,2,1,E01003580,0
Unvalidated,2024010505858,2024,010505858,2,9,0,18,5,1,0,8,0,0,0,0,1,1,6,2,45,7,-1,-1,-1,-1,2,1,E01003783,0
Unvalidated,2024010505865,2024,010505865,1,3,0,99,9,9,99,9,9,99,9,99,9,1,6,1,33,6,-1,-1,-1,-1,3,1,E01001983,0
Unvalidated,2024010505865,2024,010505865,2,9,0,99,9,9,99,9,9,99,9,99,1,9,6,3,-1,-1,-1,-1,-1,-1,-1,-1,-1,0
Unvalidated,2024010505870,2024,010505870,1,1,0,18,1,5,5,1,0,10,0,0,1,1,6,1,58,9,-1,-1,-1,-1,2,1,E01001448,0
Unvalidated,2024010505870,2024,010505870,2,19,5,3,3,7,0,1,0,0,0,0,1,1,1,1,27,6,-1,-1,-1,-1,8,1,E01001402,0
Unvalidated,2024010505870,2024,010505870,3,9,0,7,1,3,0,1,0,0,0,0,1,1,6,3,-1,-1,-1,-1,-1,-1,-1,-1,-1,0
Unvalidated,2024010505873,2024,010505873,1,9,0,18,1,5,0,1,0,0,0,0,1,1,6,1,33,6,-1,-1,-1,-1,1,1,E01026824,0
Unvalidated,2024010505873,2024,010505873,2,3,0,13,1,5,0,1,0,0,0,0,1,1,1,1,36,7,-1,-1,-1,-1,1,1,E01001427,0
Unvalidated,2024010505875,2024,010505875,1,9,0,13,7,3,0,8,0,0,0,0,1,1,6,1,39,7,-1,-1,-1,-1,2,1,E01003507,0
Unvalidated,2024010505875,2024,010505875,2,9,0,9,7,5,0,8,0,0,1,0,3,1,6,1,63,9,-1,-1,-1,-1,2,1,E01001792,0
Unvalidated,2024010505877,2024,010505877,1,9,0,5,0,5,0,1,0,11,0,0,1,1,6,2,63,9,-1,-1,-1,-1,7,1,E01004762,0
Unvalidated,2024010505881,2024,010505881,1,19,0,9,2,8,0,1,0,0,0,0,1,1,1,1,60,9,-1,-1,-1,-1,8,1,E01023415,0
Unvalidated,2024010505881,2024,010505881,2,9,0,18,3,7,0,1,0,0,0,0,3,1,6,2,49,8,-1,-1,-1,-1,8,1,E01000282,0
Unvalidated,2024010505881,2024,010505881,3,9,0,2,0,0,0,2,0,0,0,0,2,1,6,3,-1,-1,-1,-1,-1,-1,-1,-1,-1,0
Unvalidated,2024010505882,2024,010505882,1,9,0,9,7,5,0,2,0,0,0,0,1,1,2,2,37,7,-1,-1,-1,-1,4,1,E01002016,0
Unvalidated,2024010505888,2024,010505888,1,9,0,99,9,9,99,9,9,99,9,99,9,9,2,1,42,7,-1,-1,-1,-1,2,1,E01002045,0
Unvalidated,2024010505888,2024,010505888,2,9,0,99,9,9,99,9,9,99,9,99,1,9,6,3,-1,-1,-1,-1,-1,-1,-1,-1,-1,0
Unvalidated,2024010505889,2024,010505889,1,9,0,7,3,5,0,6,0,0,0,0,1,1,6,1,-1,-1,-1,-1,-1,-1,1,1,E01003065,0
Unvalidated,2024010505889,2024,010505889,2,1,0,18,1,5,4,8,0,0,0,0,1,1,2,2,41,7,-1,-1,-1,-1,5,1,E01004482,0
Unvalidated,2024010505895,2024,010505895,1,9,0,7,1,4,0,1,0,0,0,0,1,1,6,1,25,5,-1,-1,-1,-1,6,1,E01000273,0
Unvalidated,2024010505895,2024,010505895,2,3,0,7,1,4,9,1,0,0,1,1,1,1,6,1,18,4,-1,-1,-1,-1,3,1,E01001809,0
Unvalidated,2024010505897,2024,010505897,1,5,0,18,7,3,0,1,0,0,0,0,4,1,2,1,34,6,-1,-1,-1,-1,7,3,E01024157,0
Unvalidated,2024010505904,2024,010505904,1,1,9,99,9,9,99,9,9,99,9,99,2,1,2,1,27,6,-1,-1,-1,-1,3,1,E01003102,0
Unvalidated,2024010505904,2024,010505904,2,9,0,99,9,9,99,9,9,99,9,99,1,9,6,3,32,6,-1,-1,-1,-1,9,1,E01003890,0
Unvalidated,2024010505908,2024,010505908,1,9,0,18,6,2,0,1,0,0,7,0,4,1,6,1,56,9,-1,-1,-1,-1,3,1,E01000195,0
Unvalidated,2024010505908,2024,010505908,2,9,0,9,1,6,0,1,0,0,0,0,1,1,6,1,60,9,-1,-1,-1,-1,8,1,E01002106,0
Unvalidated,2024010505914,2024,010505914,1,1,0,5,3,7,0,8,0,0,0,0,1,1,6,1,15,3,-1,-1,-1,-1,5,1,E01000632,0
Unvalidated,2024010505914,2024,010505914,2,9,0,18,1,5,0,8,0,0,0,0,1,1,6,3,-1,-1,-1,-1,-1,-1,-1,-1,-1,0
Unvalidated,2024010505924,2024,010505924,1,11,0,5,1,5,2,2,0,0,0,0,0,1,6,1,58,9,-1,-1,-1,-1,5,1,E01001157,0
Unvalidated,2024010505926,2024,010505926,1,9,0,14,7,3,0,2,0,0,0,0,1,1,6,1,24,5,-1,-1,-1,-1,5,1,E01002616,0
Unvalidated,2024010505926,2024,010505926,2,11,0,2,0,0,0,2,0,0,0,0,0,1,6,3,-1,-1,-1,-1,-1,-1,-1,-1,-1,0
Unvalidated,2024010505928,2024,010505928,1,9,0,99,9,9,0,9,9,99,9,99,2,9,2,2,59,9,-1,-1,-1,-1,2,1,E01033148,0
Unvalidated,2024010505928,2024,010505928,2,9,0,99,9,9,0,9,9,99,9,99,1,9,6,3,-1,-1,-1,-1,-1,-1,-1,-1,-1,0
Unvalidated,2024010505933,2024,010505933,1,3,0,18,5,1,0,1,0,0,0,0,1,1,6,1,24,5,-1,-1,-1,-1,4,1,E01002621,0
Unvalidated,2024010505933,2024,010505933,2,9,0,9,7,4,0,2,0,0,1,0,4,1,6,1,37,7,-1,-1,-1,-1,4,1,E01030383,0
Unvalidated,2024010505934,2024,010505934,1,9,0,18,3,7,0,0,1,0,0,0,1,1,2,1,27,6,-1,-1,-1,-1,8,1,E01004192,0
Unvalidated,2024010505934,2024,010505934,2,9,0,18,7,3,0,0,1,0,1,11,1,1,6,1,23,5,-1,-1,-1,-1,8,1,E01004144,0
Unvalidated,2024010505937,2024,010505937,1,9,0,17,8,4,0,1,0,11,0,0,1,1,2,1,59,9,-1,-1,-1,-1,7,1,E01002203,0
Unvalidated,2024010505940,2024,010505940,1,9,9,99,9,9,99,9,9,12,9,99,9,9,6,3,-1,-1,-1,-1,-1,-1,-1,-1,-1,0
Unvalidated,2024010505941,2024,010505941,1,9,9,4,3,7,99,9,9,99,9,99,9,1,1,1,42,7,-1,-1,-1,-1,3,1,E01000642,0
Unvalidated,2024010505949,2024,010505949,1,9,0,99,9,9,99,9,9,99,9,99,9,9,6,2,43,7,-1,-1,-1,-1,7,1,E01021463,0
Unvalidated,2024010505949,2024,010505949,2,1,9,99,9,9,99,9,9,99,9,99,1,1,6,1,-1,-1,-1,-1,-1,-1,-1,-1,-1,0
Unvalidated,2024010505950,2024,010505950,1,9,0,5,3,7,0,8,0,0,0,0,1,1,6,2,43,7,-1,-1,-1,-1,2,1,E01004467,0
Unvalidated,2024010505950,2024,010505950,2,1,0,18,3,7,0,8,0,0,0,0,4,1,6,1,49,8,-1,-1,-1,-1,9,2,E01021798,0
Unvalidated,2024010505953,2024,010505953,1,3,0,99,9,9,99,9,9,99,9,99,9,1,1,3,22,5,-1,-1,-1,-1,4,1,E01001645,0
Unvalidated,2024010505953,2024,010505953,2,9,9,99,9,9,99,9,9,99,9,99,9,9,6,3,-1,-1,-1,-1,-1,-1,-1,-1,-1,0
Unvalidated,2024010505958,2024,010505958,1,9,0,9,5,2,0,5,0,0,0,0,1,1,6,3,-1,-1,-1,-1,-1,-1,-1,-1,-1,0
Unvalidated,2024010505958,2024,010505958,2,1,0,18,2,6,0,2,0,0,0,0,3,1,2,1,53,8,-1,-1,-1,-1,2,1,E01001722,0
Unvalidated,2024010505968,2024,010505968,1,1,9,99,9,9,99,9,9,8,9,99,9,1,2,2,41,7,-1,-1,-1,-1,6,1,E01004621,0
Unvalidated,2024010505968,2024,010505968,2,1,9,99,9,9,99,9,9,99,9,99,1,1,6,1,-1,-1,-1,-1,-1,-1,6,1,E01004621,0
Unvalidated,2024010505968,2024,010505968,3,9,0,99,9,9,99,9,9,99,9,99,1,9,6,3,-1,-1,-1,-1,-1,-1,-1,-1,-1,0
Unvalidated,2024010505975,2024,010505975,1,8,0,18,5,1,0,8,0,0,0,0,1,1,1,1,64,9,-1,-1,-1,-1,2,1,E01015851,0
Unvalidated,2024010505975,2024,010505975,2,9,0,18,3,7,0,1,0,0,0,0,1,2,6,1,34,6,-1,-1,-1,-1,3,1,E01003109,0
Unvalidated,2024010505976,2024,010505976,1,3,0,18,2,6,0,1,0,0,0,0,1,1,6,1,22,5,-1,-1,-1,-1,6,1,E01033457,0
Unvalidated,2024010505976,2024,010505976,2,19,0,18,2,6,0,5,0,0,0,0,1,1,6,3,-1,-1,-1,-1,-1,-1,-1,-1,-1,0
Unvalidated,2024010505979,2024,010505979,1,9,0,18,3,7,0,8,5,0,0,0,1,1,6,2,44,7,-1,-1,-1,-1,9,1,E01002421,0
Unvalidated,2024010505979,2024,010505979,2,9,0,3,1,5,0,8,0,0,0,0,2,1,1,2,54,8,-1,-1,-1,-1,2,1,E01015754,0
Unvalidated,2024010505981,2024,010505981,1,9,0,7,2,3,0,7,0,0,0,0,2,1,6,1,65,9,-1,-1,-1,-1,2,1,E01000016,0
Unvalidated,2024010505981,2024,010505981,2,9,0,18,7,3,0,8,0,0,0,0,1,1,1,1,19,4,-1,-1,-1,-1,2,1,E01000014,0