status,collision_index,collision_year,collision_reference,vehicle_reference,vehicle_type,towing_and_articulation,vehicle_manoeuvre,vehicle_direction_from,vehicle_direction_to,vehicle_location_restricted_lane,junction_location,skidding_and_overturning,hit_object_in_carriageway,vehicle_leaving_carriageway,hit_object_off_carriageway,first_point_of_impact,vehicle_left_hand_drive,journey_purpose_of_driver,sex_of_driver,age_of_driver,age_band_of_driver,engine_capacity_cc,propulsion_code,age_of_vehicle,generic_make_model,driver_imd_decile,driver_home_area_type,lsoa_of_driver,escooter_flag
Unvalidated,2024010505982,2024,010505982,1,3,0,99,9,9,99,9,9,99,9,99,1,1,1,1,24,5,-1,-1,-1,-1,9,1,E01002386,0
Unvalidated,2024010505982,2024,010505982,2,9,0,99,9,9,99,9,9,99,9,99,1,9,6,3,-1,-1,-1,-1,-1,-1,-1,-1,-1,0
Unvalidated,2024010505984,2024,010505984,1,1,9,99,9,9,99,9,9,99,9,99,9,1,2,2,31,6,-1,-1,-1,-1,1,1,E01003291,0
Unvalidated,2024010505985,2024,010505985,1,4,0,99,9,9,99,1,9,99,9,99,9,1,6,1,25,5,-1,-1,-1,-1,2,1,E01003993,0
Unvalidated,2024010505985,2024,010505985,2,9,9,99,9,9,99,6,9,99,9,99,1,9,6,3,-1,-1,-1,-1,-1,-1,-1,-1,-1,0
Unvalidated,2024010505986,2024,010505986,1,9,0,99,9,9,99,9,9,99,9,99,3,9,6,2,58,9,-1,-1,-1,-1,3,1,E01001368,0
Unvalidated,2024010505986,2024,010505986,2,9,0,99,9,9,99,9,9,99,9,99,1,9,6,3,-1,-1,-1,-1,-1,-1,3,1,E01002627,0
Unvalidated,2024010505992,2024,010505992,1,3,0,9,5,3,0,7,0,0,0,0,0,1,6,2,14,3,-1,-1,-1,-1,-1,-1,-1,0
Unvalidated,2024010505992,2024,010505992,2,1,0,18,3,7,0,1,0,0,0,0,0,1,6,2,26,6,-1,-1,-1,-1,3,1,E01002726,0
Unvalidated,2024010505995,2024,010505995,1,9,0,9,3,1,0,1,0,0,0,0,1,1,6,1,64,9,-1,-1,-1,-1,3,1,E01004373,0
Unvalidated,2024010505995,2024,010505995,2,1,0,18,1,5,0,1,0,0,0,0,1,1,6,1,52,8,-1,-1,-1,-1,7,1,E01002122,0
Unvalidated,2024010505996,2024,010505996,1,3,0,9,4,3,0,8,0,0,0,0,1,1,6,1,31,6,-1,-1,-1,-1,1,1,E01003047,0
Unvalidated,2024010505996,2024,010505996,2,90,0,18,8,4,0,8,0,0,0,0,1,1,6,1,21,5,-1,-1,-1,-1,1,1,E01003060,1
Unvalidated,2024010505997,2024,010505997,1,9,0,18,7,3,0,0,0,0,0,0,1,1,6,1,56,9,-1,-1,-1,-1,6,2,E01024425,0
Unvalidated,2024010505997,2024,010505997,2,1,0,18,7,3,0,0,0,0,0,0,1,1,6,1,53,8,-1,-1,-1,-1,6,1,E01003152,0
Unvalidated,2024010506003,2024,010506003,1,9,0,3,8,4,0,2,0,0,0,0,2,1,6,1,88,11,-1,-1,-1,-1,5,1,E01000146,0
Unvalidated,2024010506003,2024,010506003,2,1,0,18,8,4,0,2,0,0,0,0,1,1,6,2,25,5,-1,-1,-1,-1,5,1,E01000843,0
Unvalidated,2024010506003,2024,010506003,3,1,0,18,8,4,0,1,0,0,0,0,0,1,6,2,27,6,-1,-1,-1,-1,2,1,E01001660,0
Unvalidated,2024010506003,2024,010506003,4,1,0,18,8,4,0,1,0,0,0,0,0,1,6,2,30,6,-1,-1,-1,-1,2,1,E01001340,0
Unvalidated,2024010506006,2024,010506006,1,4,9,99,9,9,99,9,9,99,9,99,1,1,6,1,32,6,-1,-1,-1,-1,8,1,E01002495,0
Unvalidated,2024010506007,2024,010506007,1,2,0,99,9,9,99,1,9,99,9,99,9,1,2,1,54,8,-1,-1,-1,-1,4,1,E01004538,0
Unvalidated,2024010506007,2024,010506007,2,9,0,99,9,9,99,5,9,99,9,99,0,9,6,2,49,8,-1,-1,-1,-1,4,1,E01004495,0
Unvalidated,2024010506009,2024,010506009,1,9,0,9,5,3,0,1,0,0,0,0,3,1,6,1,50,8,-1,-1,-1,-1,4,1,E01004572,0
Unvalidated,2024010506009,2024,010506009,2,1,0,5,3,7,0,1,0,0,0,0,3,1,6,1,26,6,-1,-1,-1,-1,1,1,E01004732,0
Unvalidated,2024010506010,2024,010506010,1,9,0,17,1,5,0,0,0,0,7,0,1,1,6,1,38,7,-1,-1,-1,-1,4,1,E01003632,0
Unvalidated,2024010506011,2024,010506011,1,9,0,99,9,9,99,9,9,99,9,99,2,9,6,2,31,6,-1,-1,-1,-1,4,1,E01004396,0
Unvalidated,2024010506011,2024,010506011,2,9,0,99,9,9,99,9,9,99,9,99,1,9,6,3,-1,-1,-1,-1,-1,-1,-1,-1,-1,0
Unvalidated,2024010506011,2024,010506011,3,9,0,99,9,9,99,9,9,99,9,99,2,9,6,3,-1,-1,-1,-1,-1,-1,-1,-1,-1,0
Unvalidated,2024010506015,2024,010506015,1,9,0,99,9,9,99,0,9,99,9,99,2,9,6,2,55,8,-1,-1,-1,-1,3,1,E01003606,0
Unvalidated,2024010506015,2024,010506015,2,9,9,18,3,7,0,0,0,0,0,0,9,9,6,3,41,7,-1,-1,-1,-1,2,1,E01004332,0
Unvalidated,2024010506022,2024,010506022,1,3,0,99,9,9,99,9,9,99,9,99,1,1,6,1,26,6,-1,-1,-1,-1,4,1,E01002101,0
Unvalidated,2024010506022,2024,010506022,2,9,0,99,9,9,99,9,9,99,9,99,9,9,6,3,-1,-1,-1,-1,-1,-1,-1,-1,-1,0
Unvalidated,2024010506023,2024,010506023,1,3,0,17,1,5,0,0,0,4,0,0,1,1,6,1,34,6,-1,-1,-1,-1,3,1,E01001513,0
Unvalidated,2024010506023,2024,010506023,2,9,0,2,0,0,9,0,0,4,0,0,4,1,6,3,-1,-1,-1,-1,-1,-1,-1,-1,-1,0
Unvalidated,2024010506023,2024,010506023,3,9,0,2,0,0,9,0,0,4,0,0,4,1,6,3,-1,-1,-1,-1,-1,-1,-1,-1,-1,0
Unvalidated,2024010506026,2024,010506026,1,9,0,18,6,2,0,0,5,0,0,0,1,1,6,1,42,7,-1,-1,-1,-1,3,1,E01004661,0
Unvalidated,2024010506026,2024,010506026,2,9,5,2,0,0,0,0,0,0,0,0,2,2,6,3,-1,-1,-1,-1,-1,-1,-1,-1,-1,0
Unvalidated,2024010506026,2024,010506026,3,9,0,2,0,0,0,0,0,0,0,0,2,2,6,3,-1,-1,-1,-1,-1,-1,-1,-1,-1,0
Unvalidated,2024010506027,2024,010506027,1,11,0,4,3,7,0,0,0,0,0,0,1,1,1,1,71,10,-1,-1,-1,-1,9,1,E01003882,0
Unvalidated,2024010506039,2024,010506039,1,3,0,99,9,9,99,9,9,99,9,99,2,1,1,1,24,5,-1,-1,-1,-1,3,1,E01001326,0
Unvalidated,2024010506039,2024,010506039,2,9,0,18,4,8,0,9,0,12,9,99,1,1,6,3,-1,-1,-1,-1,-1,-1,-1,-1,-1,0
Unvalidated,2024010506043,2024,010506043,1,90,0,18,1,5,0,0,0,0,0,0,0,1,6,3,-1,-1,-1,-1,-1,-1,-1,-1,-1,0
Unvalidated,2024010506043,2024,010506043,2,9,0,4,5,1,0,0,0,0,0,0,2,1,6,1,34,6,-1,-1,-1,-1,4,1,E01024162,0
Unvalidated,2024010506043,2024,010506043,3,9,0,4,5,1,0,0,0,0,0,0,2,1,6,2,29,6,-1,-1,-1,-1,-1,-1,-1,0
Unvalidated,2024010506043,2024,010506043,4,9,0,18,5,1,0,0,0,0,0,0,1,1,6,1,51,8,-1,-1,-1,-1,-1,-1,-1,0
Unvalidated,2024010506044,2024,010506044,1,9,0,17,5,1,0,0,0,0,0,0,1,1,6,2,80,11,-1,-1,-1,-1,3,1,E01002878,0
Unvalidated,2024010506054,2024,010506054,1,9,0,99,9,9,99,9,9,99,9,99,2,9,2,2,43,7,-1,-1,-1,-1,3,1,E01004453,0
Unvalidated,2024010506054,2024,010506054,2,9,0,99,9,9,99,9,9,99,9,99,1,9,6,3,-1,-1,-1,-1,-1,-1,-1,-1,-1,0
Unvalidated,2024010506056,2024,010506056,1,19,0,18,5,1,9,2,0,0,1,11,1,1,6,1,53,8,-1,-1,-1,-1,3,1,E01000312,0
Unvalidated,2024010506059,2024,010506059,1,9,0,9,1,6,0,1,0,0,0,0,1,1,6,1,38,7,-1,-1,-1,-1,5,2,E01024774,0
Unvalidated,2024010506059,2024,010506059,2,9,0,18,7,3,0,1,0,4,0,0,3,1,2,1,51,8,-1,-1,-1,-1,9,1,E01000831,0
Unvalidated,2024010506065,2024,010506065,1,9,0,18,1,5,0,1,0,0,0,0,1,1,6,2,24,5,-1,-1,-1,-1,2,1,E01001553,0
Unvalidated,2024010506069,2024,010506069,1,9,0,99,9,9,99,9,9,99,9,99,1,9,6,2,26,6,-1,-1,-1,-1,-1,-1,-1,0
Unvalidated,2024010506069,2024,010506069,2,9,0,99,9,9,99,9,9,99,9,99,9,9,6,2,52,8,-1,-1,-1,-1,3,1,E01003609,0
Unvalidated,2024010506071,2024,010506071,1,9,0,5,0,1,0,5,0,0,0,0,0,1,6,1,46,8,-1,-1,-1,-1,2,1,E01001130,0
Unvalidated,2024010506071,2024,010506071,2,4,0,18,1,5,0,1,0,0,0,0,1,1,6,1,26,6,-1,-1,-1,-1,6,1,E01001040,0
Unvalidated,2024010506077,2024,010506077,1,9,0,99,9,9,99,9,9,99,9,99,2,9,6,1,50,8,-1,-1,-1,-1,10,1,E01000757,0
Unvalidated,2024010506077,2024,010506077,2,9,9,99,9,9,99,9,9,99,9,99,9,9,6,3,-1,-1,-1,-1,-1,-1,-1,-1,-1,0
Unvalidated,2024010506079,2024,010506079,1,9,0,5,3,7,0,1,0,0,0,0,1,1,2,2,64,9,-1,-1,-1,-1,4,1,E01003308,0
Unvalidated,2024010506079,2024,010506079,2,3,0,7,1,4,0,1,0,0,0,0,1,1,6,1,18,4,-1,-1,-1,-1,6,1,E01003378,0
Unvalidated,2024010506086,2024,010506086,1,1,0,18,1,5,0,0,0,0,0,0,1,1,6,1,26,6,-1,-1,-1,-1,2,1,E01004319,0
Unvalidated,2024010506087,2024,010506087,1,19,0,7,5,7,0,6,0,0,0,0,1,1,6,3,53,8,-1,-1,-1,-1,5,1,E01002374,0
Unvalidated,2024010506087,2024,010506087,2,9,0,5,7,3,0,6,0,10,0,0,2,1,6,1,26,6,-1,-1,-1,-1,-1,1,-1,0
Unvalidated,2024010506090,2024,010506090,1,1,9,99,9,9,99,9,9,99,9,99,9,1,2,1,40,7,-1,-1,-1,-1,2,1,E01000151,0
Unvalidated,2024010506090,2024,010506090,2,9,0,99,9,9,99,9,9,99,9,99,9,9,6,3,-1,-1,-1,-1,-1,-1,-1,-1,-1,0
Unvalidated,2024010506091,2024,010506091,1,1,0,18,1,5,2,1,0,0,1,0,1,1,2,1,38,7,-1,-1,-1,-1,4,1,E01033208,0
Unvalidated,2024010506091,2024,010506091,2,9,0,13,1,5,0,1,0,0,0,0,1,1,6,3,-1,-1,-1,-1,-1,-1,-1,-1,-1,0
Unvalidated,2024010506092,2024,010506092,1,9,0,4,5,1,0,0,0,0,0,0,1,1,6,1,33,6,-1,-1,-1,-1,3,1,E01024149,0
Unvalidated,2024010506092,2024,010506092,2,9,0,3,5,1,0,0,0,0,0,0,2,2,6,1,64,9,-1,-1,-1,-1,10,1,E01024404,0
Unvalidated,2024010506095,2024,010506095,1,9,0,99,9,9,99,9,9,99,9,99,9,9,6,3,-1,-1,-1,-1,-1,-1,2,1,E01004062,0
Unvalidated,2024010506099,2024,010506099,1,9,0,13,3,7,0,8,0,0,0,0,1,1,1,1,24,5,-1,-1,-1,-1,9,1,E01000696,0
Unvalidated,2024010506099,2024,010506099,2,9,0,9,5,2,0,8,0,0,0,0,3,1,6,1,36,7,-1,-1,-1,-1,2,1,E01003309,0
Unvalidated,2024010506100,2024,010506100,1,9,0,99,9,9,99,9,9,99,9,99,2,9,6,2,32,6,-1,-1,-1,-1,2,1,E01000431,0
Unvalidated,2024010506100,2024,010506100,2,9,0,99,9,9,99,9,9,99,9,99,1,9,6,1,-1,-1,-1,-1,-1,-1,2,1,E01033591,0
Unvalidated,2024010506104,2024,010506104,1,9,0,18,5,1,0,2,0,7,0,0,1,1,6,1,24,5,-1,-1,-1,-1,-1,-1,-1,0
Unvalidated,2024010506105,2024,010506105,1,9,0,13,1,5,0,1,0,0,0,0,1,1,6,1,31,6,-1,-1,-1,-1,2,1,E01004524,0
Unvalidated,2024010506105,2024,010506105,2,5,0,18,1,5,0,1,0,0,0,0,2,1,6,1,27,6,-1,-1,-1,-1,7,1,E01004516,0
Unvalidated,2024010506106,2024,010506106,1,9,0,13,5,1,0,2,0,0,0,0,1,1,6,1,66,10,-1,-1,-1,-1,4,1,E01003169,0
Unvalidated,2024010506106,2024,010506106,2,9,0,18,5,1,0,2,0,0,0,0,1,1,6,1,32,6,-1,-1,-1,-1,1,1,E01004035,0
Unvalidated,2024010506109,2024,010506109,1,9,0,18,5,1,0,1,0,0,0,0,1,1,1,1,44,7,-1,-1,-1,-1,4,1,E01001174,0
Unvalidated,2024010506109,2024,010506109,2,3,0,9,1,6,0,1,0,0,0,0,1,1,1,1,25,5,-1,-1,-1,-1,7,1,E01004134,0
Unvalidated,2024010506110,2024,010506110,1,9,0,18,1,5,0,0,0,4,1,11,1,1,6,1,22,5,-1,-1,-1,-1,4,1,E01004412,0
Unvalidated,2024010506110,2024,010506110,2,9,0,18,1,5,0,0,0,0,0,0,4,1,1,1,-1,-1,-1,-1,-1,-1,4,1,E01003666,0
Unvalidated,2024010506110,2024,010506110,3,9,0,2,0,0,0,0,0,0,1,0,2,1,6,3,-1,-1,-1,-1,-1,-1,-1,-1,-1,0
Unvalidated,2024010506110,2024,010506110,4,9,0,2,0,0,0,0,0,0,0,0,4,1,6,3,-1,-1,-1,-1,-1,-1,-1,-1,-1,0
Unvalidated,2024010506111,2024,010506111,1,9,0,13,7,3,0,0,1,0,0,0,2,1,6,1,28,6,-1,-1,-1,-1,-1,-1,-1,0
Unvalidated,2024010506111,2024,010506111,2,9,0,4,7,3,0,0,1,0,0,0,2,1,6,1,22,5,-1,-1,-1,-1,8,1,E01002414,0
Unvalidated,2024010506125,2024,010506125,1,9,0,18,8,4,0,0,0,0,0,0,1,1,6,1,52,8,-1,-1,-1,-1,3,1,E01000022,0
Unvalidated,2024010506126,2024,010506126,1,19,0,9,1,7,0,8,0,0,0,0,1,1,6,1,60,9,-1,-1,-1,-1,6,1,E01002496,0
Unvalidated,2024010506126,2024,010506126,2,1,0,18,5,1,0,8,0,0,0,0,3,1,6,1,36,7,-1,-1,-1,-1,6,1,E01003223,0
Unvalidated,2024010506131,2024,010506131,1,10,0,18,5,1,0,0,0,0,0,0,1,1,6,2,24,5,-1,-1,-1,-1,3,1,E01004012,0
Unvalidated,2024010506140,2024,010506140,1,11,0,18,3,7,0,2,0,0,0,0,0,1,1,1,25,5,-1,-1,-1,-1,4,1,E01003317,0
Unvalidated,2024010506144,2024,010506144,1,9,0,9,1,7,0,8,0,0,0,0,3,1,6,1,27,6,-1,-1,-1,-1,2,1,E01003983,0
Unvalidated,2024010506144,2024,010506144,2,3,0,18,1,5,0,6,2,0,0,0,1,1,6,1,22,5,-1,-1,-1,-1,8,1,E01004072,0
Unvalidated,2024010506148,2024,010506148,1,9,0,9,1,7,0,6,0,7,0,0,1,1,6,3,-1,-1,-1,-1,-1,-1,-1,-1,-1,0
Unvalidated,2024010506153,2024,010506153,1,9,0,5,5,1,0,1,0,10,7,11,1,1,6,2,77,11,-1,-1,-1,-1,8,1,E01003649,0
Unvalidated,2024010506155,2024,010506155,1,9,0,99,9,9,99,9,9,99,9,99,2,9,6,1,57,9,-1,-1,-1,-1,3,1,E01002030,0
Unvalidated,2024010506161,2024,010506161,1,9,0,9,5,2,0,1,0,0,0,0,3,1,6,2,56,9,-1,-1,-1,-1,2,1,E01002076,0
Unvalidated,2024010506161,2024,010506161,2,2,0,13,5,1,0,1,5,0,7,0,1,1,6,3,-1,-1,-1,-1,-1,-1,-1,-1,-1,0
Unvalidated,2024010506161,2024,010506161,3,2,0,13,5,1,0,1,5,0,7,0,1,1,6,3,-1,-1,-1,-1,-1,-1,-1,-1,-1,0
Unvalidated,2024010506176,2024,010506176,1,9,0,18,1,5,0,0,0,0,0,0,1,1,6,1,48,8,-1,-1,-1,-1,8,1,E01015448,0
Unvalidated,2024010506176,2024,010506176,2,9,0,18,1,5,0,0,0,0,0,0,1,1,6,2,31,6,-1,-1,-1,-1,8,1,E01030538,0
Unvalidated,2024010506180,2024,010506180,1,3,4,9,2,8,0,4,0,0,0,0,1,1,1,1,26,6,-1,-1,-1,-1,4,1,E01000547,0
Unvalidated,2024010506180,2024,010506180,2,9,0,9,2,7,0,4,0,0,0,0,2,1,1,1,67,10,-1,-1,-1,-1,5,1,E01000530,0
Unvalidated,2024010506182,2024,010506182,1,9,0,1,1,5,0,8,0,11,0,0,2,1,6,2,28,6,-1,-1,-1,-1,2,1,E01004669,0
Unvalidated,2024010506182,2024,010506182,2,9,0,2,0,0,0,1,0,0,0,0,2,1,6,3,-1,-1,-1,-1,-1,-1,-1,-1,-1,0
Unvalidated,2024010506182,2024,010506182,3,9,0,2,0,0,0,1,0,0,0,0,2,1,6,3,-1,-1,-1,-1,-1,-1,-1,-1,-1,0
Unvalidated,2024010506182,2024,010506182,4,1,0,18,1,5,0,1,0,0,0,0,1,1,6,2,26,6,-1,-1,-1,-1,3,1,E01004747,0
Unvalidated,2024010506183,2024,010506183,1,9,0,9,7,5,0,8,0,0,0,0,3,1,6,1,67,10,-1,-1,-1,-1,3,1,E01000735,0
Unvalidated,2024010506183,2024,010506183,2,9,0,18,5,1,0,8,0,0,0,0,1,1,6,1,39,7,-1,-1,-1,-1,3,1,E01000725,0
Unvalidated,2024010506184,2024,010506184,1,1,9,99,9,9,99,9,9,99,9,99,9,1,2,1,29,6,-1,-1,-1,-1,4,1,E01003482,0
Unvalidated,2024010506184,2024,010506184,2,9,0,99,9,9,99,9,9,99,9,99,1,9,6,2,35,6,-1,-1,-1,-1,-1,-1,-1,0
Unvalidated,2024010506185,2024,010506185,1,9,0,99,9,9,99,0,9,99,9,99,2,9,6,1,44,7,-1,-1,-1,-1,2,1,E01000041,0
Unvalidated,2024010506185,2024,010506185,2,9,0,99,9,9,99,0,9,99,9,99,1,9,6,3,-1,-1,-1,-1,-1,-1,-1,-1,-1,0
Unvalidated,2024010506188,2024,010506188,1,1,9,99,9,9,99,9,9,99,9,99,1,1,6,1,34,6,-1,-1,-1,-1,5,2,E01026940,0
Unvalidated,2024010506188,2024,010506188,2,1,9,99,9,9,99,9,9,99,9,99,2,1,6,3,-1,-1,-1,-1,-1,-1,-1,-1,-1,0
Unvalidated,2024010506188,2024,010506188,3,9,0,99,9,9,99,9,9,99,9,99,9,9,6,3,-1,-1,-1,-1,-1,-1,-1,-1,-1,0
Unvalidated,2024010506201,2024,010506201,1,3,0,99,9,9,99,9,9,99,9,99,2,1,1,1,39,7,-1,-1,-1,-1,3,1,E01003565,0
Unvalidated,2024010506201,2024,010506201,2,9,9,99,9,9,99,9,9,99,9,99,9,9,6,1,39,7,-1,-1,-1,-1,3,1,E01001504,0
Unvalidated,2024010506205,2024,010506205,1,5,0,18,1,5,0,0,0,0,0,0,4,1,6,1,27,6,-1,-1,-1,-1,4,1,E01002684,0
Unvalidated,2024010506205,2024,010506205,2,19,0,18,1,5,0,0,0,0,0,0,3,1,6,3,-1,-1,-1,-1,-1,-1,-1,-1,-1,0
Unvalidated,2024010506210,2024,010506210,1,9,0,18,7,3,0,0,0,0,0,0,1,1,6,1,39,7,-1,-1,-1,-1,-1,-1,-1,0
Unvalidated,2024010506210,2024,010506210,2,9,0,18,7,3,0,0,0,0,0,0,4,1,6,2,41,7,-1,-1,-1,-1,7,3,E01021463,0
Unvalidated,2024010506210,2024,010506210,3,9,0,18,7,3,0,0,0,0,0,0,2,1,6,1,46,8,-1,-1,-1,-1,2,1,E01001800,0
Unvalidated,2024010506212,2024,010506212,1,9,0,99,9,9,99,9,9,99,9,99,2,9,6,1,44,7,-1,-1,-1,-1,4,1,E01000406,0
Unvalidated,2024010506212,2024,010506212,2,19,9,18,1,5,99,9,9,0,9,99,1,9,6,3,-1,-1,-1,-1,-1,-1,-1,-1,-1,0
Unvalidated,2024010506215,2024,010506215,1,1,0,18,3,7,9,0,0,0,0,0,1,1,6,3,34,6,-1,-1,-1,-1,-1,-1,-1,0
Unvalidated,2024010506216,2024,010506216,1,9,0,18,5,1,0,0,0,4,0,0,1,1,6,1,71,10,-1,-1,-1,-1,2,1,E01002766,0
Unvalidated,2024010506216,2024,010506216,2,9,0,2,0,0,0,0,0,0,0,0,1,1,6,3,-1,-1,-1,-1,-1,-1,-1,-1,-1,0
Unvalidated,2024010506216,2024,010506216,3,9,0,2,0,0,0,0,0,0,0,0,3,1,6,3,-1,-1,-1,-1,-1,-1,-1,-1,-1,0
Unvalidated,2024010506217,2024,010506217,1,19,0,5,1,5,0,0,0,0,0,0,3,1,1,1,63,9,-1,-1,-1,-1,4,1,E01003255,0
Unvalidated,2024010506217,2024,010506217,2,3,0,18,1,5,0,0,0,0,0,0,4,1,6,1,24,5,-1,-1,-1,-1,2,1,E01004231,0
Unvalidated,2024010506220,2024,010506220,1,1,9,18,9,9,99,9,9,99,9,99,2,1,1,1,31,6,-1,-1,-1,-1,2,1,E01004240,0
Unvalidated,2024010506220,2024,010506220,2,9,0,18,9,9,99,9,9,99,9,99,1,9,6,2,41,7,-1,-1,-1,-1,1,1,E01004272,0
Unvalidated,2024010506221,2024,010506221,1,3,0,9,3,8,0,0,0,4,0,0,4,1,6,1,26,6,-1,-1,-1,-1,5,1,E01000594,0
Unvalidated,2024010506221,2024,010506221,2,9,0,3,3,7,0,0,0,0,0,0,1,1,2,2,38,7,-1,-1,-1,-1,3,1,E01000579,0
Unvalidated,2024010506224,2024,010506224,1,9,0,18,3,7,0,0,0,0,0,0,1,1,6,1,28,6,-1,-1,-1,-1,8,1,E01014634,0
Unvalidated,2024010506224,2024,010506224,2,3,0,18,7,3,0,0,5,0,0,0,1,1,6,1,29,6,-1,-1,-1,-1,2,1,E01003712,0
Unvalidated,2024010506224,2024,010506224,3,9,0,2,0,0,0,0,0,0,0,0,0,1,6,3,-1,-1,-1,-1,-1,-1,-1,-1,-1,0
Unvalidated,2024010506234,2024,010506234,1,97,0,7,6,1,0,3,0,0,0,0,1,1,6,3,-1,-1,-1,-1,-1,-1,-1,-1,-1,0
Unvalidated,2024010506234,2024,010506234,2,1,0,7,6,1,4,3,5,0,0,0,3,1,6,2,41,7,-1,-1,-1,-1,2,1,E01003932,0
Unvalidated,2024010506237,2024,010506237,1,9,0,99,9,9,99,9,9,99,9,99,1,9,6,1,55,8,-1,-1,-1,-1,3,1,E01002558,0
Unvalidated,2024010506237,2024,010506237,2,9,9,99,9,9,99,9,9,99,9,99,9,9,6,3,-1,-1,-1,-1,-1,-1,-1,-1,-1,0
Unvalidated,2024010506238,2024,010506238,1,3,0,18,6,2,0,1,0,0,0,0,3,1,6,1,24,5,-1,-1,-1,-1,7,1,E01002154,0
Unvalidated,2024010506238,2024,010506238,2,9,0,5,6,2,9,1,0,0,0,0,4,1,2,1,42,7,-1,-1,-1,-1,5,1,E01002118,0
Unvalidated,2024010506240,2024,010506240,1,19,0,99,9,9,99,0,9,99,9,99,2,9,2,1,47,8,-1,-1,-1,-1,-1,-1,-1,0
Unvalidated,2024010506240,2024,010506240,2,9,9,99,9,9,99,0,9,99,9,99,9,9,6,1,55,8,-1,-1,-1,-1,-1,-1,-1,0
Unvalidated,2024010506243,2024,010506243,1,9,0,99,9,9,99,9,9,99,9,99,2,9,2,1,40,7,-1,-1,-1,-1,3,1,E01000392,0
Unvalidated,2024010506243,2024,010506243,2,9,0,99,9,9,99,9,9,99,9,99,1,9,6,3,-1,-1,-1,-1,-1,-1,-1,-1,-1,0
Unvalidated,2024010506245,2024,010506245,1,1,0,18,1,5,4,2,0,0,1,0,0,1,6,1,54,8,-1,-1,-1,-1,3,1,E01000010,0
Unvalidated,2024010506248,2024,010506248,1,3,0,99,9,9,99,9,9,99,9,99,2,1,2,1,24,5,-1,-1,-1,-1,5,1,E01002666,0
Unvalidated,2024010506248,2024,010506248,2,9,0,99,9,9,99,9,9,99,9,99,1,9,6,3,-1,-1,-1,-1,-1,-1,-1,-1,-1,0
Unvalidated,2024010506254,2024,010506254,1,9,0,18,5,1,0,1,0,0,7,4,1,1,6,1,49,8,-1,-1,-1,-1,1,1,E01004206,0
Unvalidated,2024010506262,2024,010506262,1,1,0,14,1,5,0,0,0,0,0,0,1,1,1,1,49,8,-1,-1,-1,-1,3,1,E01004317,0
Unvalidated,2024010506262,2024,010506262,2,9,0,5,5,1,0,0,0,0,0,0,1,1,6,3,42,7,-1,-1,-1,-1,2,1,E01004308,0
Unvalidated,2024010506264,2024,010506264,1,3,0,99,9,9,99,9,9,99,9,99,9,1,1,3,38,7,-1,-1,-1,-1,4,1,E01000006,0
Unvalidated,2024010506264,2024,010506264,2,9,9,99,9,9,99,9,9,99,9,99,9,9,6,3,-1,-1,-1,-1,-1,-1,-1,-1,-1,0
Unvalidated,2024010506270,2024,010506270,1,3,0,99,9,9,99,9,9,99,9,99,1,1,1,1,25,5,-1,-1,-1,-1,3,1,E01003164,0
Unvalidated,2024010506270,2024,010506270,2,9,0,99,9,9,99,9,9,99,9,99,9,9,6,3,-1,-1,-1,-1,-1,-1,-1,-1,-1,0
Unvalidated,2024010506277,2024,010506277,1,19,0,18,4,8,0,0,0,0,0,0,2,1,1,1,29,6,-1,-1,-1,-1,8,1,E01000411,0
Unvalidated,2024010506277,2024,010506277,2,9,0,18,4,8,0,0,0,0,0,0,1,1,6,2,30,6,-1,-1,-1,-1,8,1,E01024475,0
Unvalidated,2024010506279,2024,010506279,1,9,0,18,1,5,0,6,0,0,0,0,3,1,2,2,51,8,-1,-1,-1,-1,2,1,E01000796,0
Unvalidated,2024010506279,2024,010506279,2,9,0,2,0,0,0,2,0,0,0,0,3,1,6,3,-1,-1,-1,-1,-1,-1,-1,-1,-1,0
Unvalidated,2024010506279,2024,010506279,3,9,0,2,0,0,0,2,0,0,0,0,1,1,6,3,-1,-1,-1,-1,-1,-1,-1,-1,-1,0
Unvalidated,2024010506280,2024,010506280,1,1,0,18,6,2,0,0,0,0,0,0,4,1,1,1,28,6,-1,-1,-1,-1,6,1,E01002639,0
Unvalidated,2024010506282,2024,010506282,1,3,0,99,9,9,99,9,9,99,9,99,1,1,6,1,30,6,-1,-1,-1,-1,2,1,E01003924,0
Unvalidated,2024010506282,2024,010506282,2,9,0,99,9,9,99,9,9,99,9,99,9,9,6,3,-1,-1,-1,-1,-1,-1,-1,-1,-1,0
Unvalidated,2024010506287,2024,010506287,1,9,0,5,7,3,0,8,0,0,0,0,1,1,6,1,26,6,-1,-1,-1,-1,3,1,E01002508,0
Unvalidated,2024010506287,2024,010506287,2,9,0,9,1,7,0,8,0,0,0,0,3,1,6,1,28,6,-1,-1,-1,-1,4,1,E01002448,0
Unvalidated,2024010506288,2024,010506288,1,9,0,18,1,5,0,0,0,0,0,0,1,1,6,1,43,7,-1,-1,-1,-1,6,1,E01000306,0
Unvalidated,2024010506288,2024,010506288,2,9,0,18,5,1,0,0,0,0,0,0,1,1,6,2,36,7,-1,-1,-1,-1,3,1,E01004709,0
Unvalidated,2024010506290,2024,010506290,1,9,0,99,9,9,99,9,9,99,9,99,9,9,6,1,42,7,-1,-1,-1,-1,9,1,E01001281,0