status,collision_index,collision_year,collision_reference,vehicle_reference,vehicle_type,towing_and_articulation,vehicle_manoeuvre,vehicle_direction_from,vehicle_direction_to,vehicle_location_restricted_lane,junction_location,skidding_and_overturning,hit_object_in_carriageway,vehicle_leaving_carriageway,hit_object_off_carriageway,first_point_of_impact,vehicle_left_hand_drive,journey_purpose_of_driver,sex_of_driver,age_of_driver,age_band_of_driver,engine_capacity_cc,propulsion_code,age_of_vehicle,generic_make_model,driver_imd_decile,driver_home_area_type,lsoa_of_driver,escooter_flag
Unvalidated,2024010506290,2024,010506290,2,1,9,99,9,9,99,9,9,99,9,99,9,1,6,1,-1,-1,-1,-1,-1,-1,9,1,E01001281,0
Unvalidated,2024010506300,2024,010506300,1,9,0,18,5,1,0,0,0,0,0,0,1,1,1,1,68,10,-1,-1,-1,-1,4,1,E01003376,0
Unvalidated,2024010506300,2024,010506300,2,9,0,18,5,1,0,0,0,0,0,0,2,1,6,1,31,6,-1,-1,-1,-1,5,1,E01004624,0
Unvalidated,2024010506300,2024,010506300,3,9,0,18,5,1,0,0,0,0,0,0,1,1,6,2,45,7,-1,-1,-1,-1,9,1,E01004191,0
Unvalidated,2024010506303,2024,010506303,1,9,0,99,9,9,99,9,9,99,9,99,2,9,6,2,31,6,-1,-1,-1,-1,7,1,E01030613,0
Unvalidated,2024010506303,2024,010506303,2,9,0,99,9,9,99,9,9,99,9,99,1,9,6,1,28,6,-1,-1,-1,-1,4,1,E01001150,0
Unvalidated,2024010506303,2024,010506303,3,9,0,99,9,9,99,9,9,99,9,99,2,9,6,3,-1,-1,-1,-1,-1,-1,-1,-1,-1,0
Unvalidated,2024010506305,2024,010506305,1,9,0,10,8,5,0,5,0,0,0,0,1,1,6,1,67,10,-1,-1,-1,-1,10,1,E01016706,0
Unvalidated,2024010506305,2024,010506305,2,1,0,18,3,7,0,1,0,0,0,0,1,1,2,1,23,5,-1,-1,-1,-1,8,1,E01002922,0
Unvalidated,2024010506316,2024,010506316,1,3,0,99,9,9,99,9,9,99,9,99,9,1,1,1,27,6,-1,-1,-1,-1,1,1,E01002071,0
Unvalidated,2024010506316,2024,010506316,2,9,0,99,9,9,99,9,9,99,9,99,9,9,6,3,-1,-1,-1,-1,-1,-1,-1,-1,-1,0
Unvalidated,2024010506319,2024,010506319,1,9,0,99,9,9,0,9,9,99,9,99,3,9,6,2,25,5,-1,-1,-1,-1,2,1,E01000483,0
Unvalidated,2024010506319,2024,010506319,2,9,0,99,9,9,0,9,9,99,9,99,1,9,6,3,-1,-1,-1,-1,-1,-1,-1,-1,-1,0
Unvalidated,2024010506320,2024,010506320,1,11,0,18,5,1,0,2,0,0,0,0,3,1,1,1,47,8,-1,-1,-1,-1,8,1,E01003470,0
Unvalidated,2024010506320,2024,010506320,2,1,0,13,1,5,0,2,0,0,0,0,3,1,2,1,23,5,-1,-1,-1,-1,3,1,E01001900,0
Unvalidated,2024010506321,2024,010506321,1,11,0,5,3,7,0,1,0,0,0,0,0,1,1,2,37,7,-1,-1,-1,-1,4,1,E01030709,0
Unvalidated,2024010506323,2024,010506323,1,4,0,14,1,5,0,1,0,0,0,0,1,1,6,1,24,5,-1,-1,-1,-1,5,1,E01003703,0
Unvalidated,2024010506323,2024,010506323,2,9,0,9,3,1,0,1,0,0,0,0,4,1,6,1,27,6,-1,-1,-1,-1,3,1,E01003629,0
Unvalidated,2024010506326,2024,010506326,1,9,0,9,5,2,0,6,0,0,0,0,4,1,6,1,68,10,-1,-1,-1,-1,-1,-1,-1,0
Unvalidated,2024010506326,2024,010506326,2,1,0,14,3,7,0,1,0,0,0,0,1,1,6,1,32,6,-1,-1,-1,-1,2,1,E01032579,0
Unvalidated,2024010506328,2024,010506328,1,21,0,7,2,3,0,1,0,0,0,0,3,1,1,1,35,6,-1,-1,-1,-1,5,1,E01023755,0
Unvalidated,2024010506328,2024,010506328,2,1,0,18,3,7,0,1,0,0,0,0,3,1,1,1,28,6,-1,-1,-1,-1,-1,-1,-1,0
Unvalidated,2024010506332,2024,010506332,1,3,0,99,9,9,99,9,9,99,9,99,9,1,1,1,25,5,-1,-1,-1,-1,9,3,E01016575,0
Unvalidated,2024010506332,2024,010506332,2,9,9,99,9,9,99,9,9,99,9,99,9,9,6,3,-1,-1,-1,-1,-1,-1,-1,-1,-1,0
Unvalidated,2024010506338,2024,010506338,1,11,0,4,3,7,0,2,0,0,0,0,1,1,1,1,57,9,-1,-1,-1,-1,2,1,E01001815,0
Unvalidated,2024010506343,2024,010506343,1,1,9,99,9,9,99,9,9,99,9,99,9,1,1,1,18,4,-1,-1,-1,-1,4,1,E01004412,0
Unvalidated,2024010506343,2024,010506343,2,9,0,99,9,9,99,9,9,99,9,99,1,9,6,3,-1,-1,-1,-1,-1,-1,-1,-1,-1,0
Unvalidated,2024010506344,2024,010506344,1,21,0,18,1,5,0,8,0,0,0,0,1,1,1,1,65,9,-1,-1,-1,-1,2,1,E01004398,0
Unvalidated,2024010506345,2024,010506345,1,9,0,5,7,3,0,0,0,0,0,0,1,1,3,2,41,7,-1,-1,-1,-1,3,1,E01001816,0
Unvalidated,2024010506345,2024,010506345,2,1,0,18,7,3,0,0,0,0,0,0,1,1,2,1,57,9,-1,-1,-1,-1,1,1,E01001839,0
Unvalidated,2024010506346,2024,010506346,1,3,0,3,9,9,99,9,9,99,9,99,2,1,6,1,34,6,-1,-1,-1,-1,4,1,E01000543,0
Unvalidated,2024010506346,2024,010506346,2,9,0,18,9,9,99,9,9,99,9,99,1,9,6,3,-1,-1,-1,-1,-1,-1,-1,-1,-1,0
Unvalidated,2024010506353,2024,010506353,1,1,9,99,9,9,99,0,9,99,9,99,1,1,6,1,37,7,-1,-1,-1,-1,6,1,E01000924,0
Unvalidated,2024010506353,2024,010506353,2,9,9,5,9,9,99,0,9,99,9,99,4,9,6,2,-1,-1,-1,-1,-1,-1,-1,-1,-1,0
Unvalidated,2024010506354,2024,010506354,1,9,0,5,1,5,0,1,0,0,0,0,1,1,6,1,40,7,-1,-1,-1,-1,2,1,E01004403,0
Unvalidated,2024010506354,2024,010506354,2,90,0,18,3,7,9,1,0,0,0,0,1,1,4,2,13,3,-1,-1,-1,-1,2,1,E01004402,1
Unvalidated,2024010506355,2024,010506355,1,9,0,99,9,9,99,9,9,99,9,99,2,9,2,2,49,8,-1,-1,-1,-1,4,1,E01001624,0
Unvalidated,2024010506355,2024,010506355,2,9,0,99,9,9,99,9,9,99,9,99,2,9,6,3,-1,-1,-1,-1,-1,-1,-1,-1,-1,0
Unvalidated,2024010506356,2024,010506356,1,9,0,18,3,7,0,1,0,0,0,0,1,1,2,2,47,8,-1,-1,-1,-1,3,1,E01003136,0
Unvalidated,2024010506356,2024,010506356,2,9,0,18,3,7,0,1,0,0,0,0,1,1,6,1,28,6,-1,-1,-1,-1,2,1,E01003160,0
Unvalidated,2024010506356,2024,010506356,3,1,0,18,1,5,0,8,5,4,0,0,1,1,2,1,55,8,-1,-1,-1,-1,4,1,E01003913,0
Unvalidated,2024010506358,2024,010506358,1,9,0,7,5,8,2,6,0,0,0,0,1,1,6,2,27,6,-1,-1,-1,-1,2,1,E01000023,0
Unvalidated,2024010506358,2024,010506358,2,11,0,18,3,7,2,1,0,0,0,0,4,1,6,1,23,5,-1,-1,-1,-1,5,1,E01003359,0
Unvalidated,2024010506362,2024,010506362,1,11,9,18,1,5,99,9,9,0,0,0,9,1,1,1,21,5,-1,-1,-1,-1,3,1,E01001116,0
Unvalidated,2024010506364,2024,010506364,1,9,0,7,3,6,0,1,0,0,0,0,4,1,6,1,45,7,-1,-1,-1,-1,3,1,E01003315,0
Unvalidated,2024010506364,2024,010506364,2,4,0,18,5,1,0,1,0,0,0,0,4,1,6,1,21,5,-1,-1,-1,-1,3,1,E01003250,0
Unvalidated,2024010506365,2024,010506365,1,9,0,18,7,3,0,1,0,0,0,0,1,1,3,2,35,6,-1,-1,-1,-1,4,1,E01000731,0
Unvalidated,2024010506365,2024,010506365,2,9,0,18,1,5,0,1,0,0,0,0,1,1,3,2,31,6,-1,-1,-1,-1,2,1,E01000729,0
Unvalidated,2024010506366,2024,010506366,1,9,0,99,9,9,99,0,9,99,9,99,2,9,6,1,29,6,-1,-1,-1,-1,3,1,E01002139,0
Unvalidated,2024010506366,2024,010506366,2,3,0,99,9,9,0,0,0,99,9,99,9,1,6,3,-1,-1,-1,-1,-1,-1,-1,-1,-1,0
Unvalidated,2024010506369,2024,010506369,1,1,9,99,9,9,99,0,9,99,9,99,1,1,6,2,-1,-1,-1,-1,-1,-1,-1,-1,-1,0
Unvalidated,2024010506370,2024,010506370,1,3,0,18,9,9,99,9,9,99,9,99,1,1,6,1,20,4,-1,-1,-1,-1,4,1,E01003919,0
Unvalidated,2024010506370,2024,010506370,2,9,0,6,9,9,99,9,9,99,9,99,9,9,6,3,-1,-1,-1,-1,-1,-1,-1,-1,-1,0
Unvalidated,2024010506374,2024,010506374,1,9,0,99,9,9,99,9,9,99,9,99,9,9,6,1,46,8,-1,-1,-1,-1,3,1,E01001489,0
Unvalidated,2024010506377,2024,010506377,1,9,0,9,5,2,0,1,0,0,0,0,1,1,6,3,-1,-1,-1,-1,-1,-1,-1,-1,-1,0
Unvalidated,2024010506379,2024,010506379,1,1,9,99,9,9,99,9,9,99,9,99,1,1,2,1,28,6,-1,-1,-1,-1,4,1,E01000313,0
Unvalidated,2024010506379,2024,010506379,2,9,0,99,9,9,99,9,9,99,9,99,9,9,6,1,48,8,-1,-1,-1,-1,1,1,E01003487,0
Unvalidated,2024010506380,2024,010506380,1,9,0,18,4,8,0,0,0,0,1,2,1,1,6,3,-1,-1,-1,-1,-1,-1,-1,-1,-1,0
Unvalidated,2024010506380,2024,010506380,2,9,0,18,4,8,0,0,0,0,0,0,0,1,1,1,46,8,-1,-1,-1,-1,3,1,E01003221,0
Unvalidated,2024010506382,2024,010506382,1,9,0,9,7,5,0,6,0,0,0,0,1,1,1,1,44,7,-1,-1,-1,-1,6,1,E01002628,0
Unvalidated,2024010506382,2024,010506382,2,1,0,14,5,1,0,8,0,0,0,0,1,1,1,1,21,5,-1,-1,-1,-1,3,1,E01002806,0
Unvalidated,2024010506383,2024,010506383,1,1,0,99,9,9,0,0,0,0,0,0,2,1,6,3,-1,-1,-1,-1,-1,-1,-1,-1,-1,0
Unvalidated,2024010506387,2024,010506387,1,8,0,99,9,9,99,9,9,99,9,99,1,9,6,3,-1,-1,-1,-1,-1,-1,-1,-1,-1,0
Unvalidated,2024010506388,2024,010506388,1,9,0,99,9,9,99,9,9,99,9,99,2,9,6,1,40,7,-1,-1,-1,-1,3,1,E01002504,0
Unvalidated,2024010506395,2024,010506395,1,23,0,5,2,6,0,2,0,0,0,0,2,1,2,1,35,6,-1,-1,-1,-1,3,1,E01002756,0
Unvalidated,2024010506395,2024,010506395,2,8,0,5,2,6,0,2,0,0,0,0,1,1,6,3,24,5,-1,-1,-1,-1,-1,-1,-1,0
Unvalidated,2024010506395,2024,010506395,3,9,0,2,0,0,0,2,0,4,0,0,1,1,6,3,-1,-1,-1,-1,-1,-1,-1,-1,-1,0
Unvalidated,2024010506395,2024,010506395,4,9,0,2,0,0,0,2,0,4,0,0,1,1,6,3,-1,-1,-1,-1,-1,-1,-1,-1,-1,0
Unvalidated,2024010506405,2024,010506405,1,9,0,18,3,7,0,1,0,0,0,0,1,1,6,1,54,8,-1,-1,-1,-1,2,1,E01000544,0
Unvalidated,2024010506410,2024,010506410,1,97,0,99,9,9,99,0,9,99,9,99,9,1,6,3,-1,-1,-1,-1,-1,-1,-1,-1,-1,0
Unvalidated,2024010506412,2024,010506412,1,3,0,18,1,5,0,1,0,0,0,0,1,1,2,2,18,4,-1,-1,-1,-1,2,1,E01000014,0
Unvalidated,2024010506412,2024,010506412,2,9,0,18,3,7,0,8,0,0,0,0,3,1,3,1,40,7,-1,-1,-1,-1,4,1,E01000113,0
Unvalidated,2024010506413,2024,010506413,1,11,0,18,2,6,0,8,0,0,0,0,1,1,1,1,61,9,-1,-1,-1,-1,-1,-1,-1,0
Unvalidated,2024010506413,2024,010506413,2,2,0,18,8,4,0,8,0,0,0,0,1,1,2,1,28,6,-1,-1,-1,-1,1,1,E01002073,0
Unvalidated,2024010506414,2024,010506414,1,9,0,18,8,4,0,2,0,0,0,0,4,1,6,2,36,7,-1,-1,-1,-1,2,1,E01003335,0
Unvalidated,2024010506414,2024,010506414,2,8,0,18,6,2,0,2,0,0,0,0,3,1,6,1,45,7,-1,-1,-1,-1,2,1,E01003324,0
Unvalidated,2024010506415,2024,010506415,1,9,0,3,3,7,0,1,0,0,0,0,1,1,6,2,29,6,-1,-1,-1,-1,3,1,E01003605,0
Unvalidated,2024010506420,2024,010506420,1,3,0,18,6,2,0,2,0,0,0,0,1,1,2,1,46,8,-1,-1,-1,-1,4,1,E01003714,0
Unvalidated,2024010506420,2024,010506420,2,9,0,18,6,2,0,2,0,0,0,0,2,1,6,1,34,6,-1,-1,-1,-1,6,1,E01002496,0
Unvalidated,2024010506421,2024,010506421,1,3,0,18,1,5,0,0,0,10,1,0,2,1,6,1,24,5,-1,-1,-1,-1,5,1,E01001677,0
Unvalidated,2024010506421,2024,010506421,2,9,0,18,1,5,0,0,0,0,0,0,1,1,6,3,-1,-1,-1,-1,-1,-1,-1,-1,-1,0
Unvalidated,2024010506422,2024,010506422,1,21,0,6,7,7,0,0,0,0,0,0,0,1,1,1,53,8,-1,-1,-1,-1,1,1,E01001429,0
Unvalidated,2024010506422,2024,010506422,2,1,0,5,7,3,0,0,0,0,0,0,0,1,6,1,29,6,-1,-1,-1,-1,1,1,E01001558,0
Unvalidated,2024010506424,2024,010506424,1,9,0,4,5,1,0,1,0,0,0,0,1,1,2,2,43,7,-1,-1,-1,-1,5,1,E01000519,0
Unvalidated,2024010506425,2024,010506425,1,9,0,99,9,9,99,9,9,99,9,99,1,9,6,3,-1,-1,-1,-1,-1,-1,-1,-1,-1,0
Unvalidated,2024010506430,2024,010506430,1,9,0,99,9,9,99,9,9,99,9,99,9,9,6,1,38,7,-1,-1,-1,-1,5,1,E01002202,0
Unvalidated,2024010506430,2024,010506430,2,9,0,99,9,9,99,9,9,99,9,99,1,9,6,3,-1,-1,-1,-1,-1,-1,-1,-1,-1,0
Unvalidated,2024010506431,2024,010506431,1,9,0,7,2,5,0,1,0,0,0,0,1,1,3,1,49,8,-1,-1,-1,-1,9,1,E01000716,0
Unvalidated,2024010506431,2024,010506431,2,1,0,7,1,4,0,1,0,0,0,0,0,1,2,1,38,7,-1,-1,-1,-1,7,1,E01000701,0
Unvalidated,2024010506433,2024,010506433,1,9,0,9,1,7,0,5,0,0,0,0,1,1,6,3,-1,-1,-1,-1,-1,-1,-1,-1,-1,0
Unvalidated,2024010506437,2024,010506437,1,9,9,99,9,9,99,9,0,99,9,99,9,9,6,3,-1,-1,-1,-1,-1,-1,-1,-1,-1,0
Unvalidated,2024010506438,2024,010506438,1,5,0,14,7,3,0,1,0,0,0,0,4,1,1,1,24,5,-1,-1,-1,-1,4,1,E01001317,0
Unvalidated,2024010506438,2024,010506438,2,98,4,7,7,1,0,2,0,0,1,0,2,1,6,3,-1,-1,-1,-1,-1,-1,-1,-1,-1,0
Unvalidated,2024010506448,2024,010506448,1,9,0,18,3,7,0,0,0,0,0,0,3,1,1,1,51,8,-1,-1,-1,-1,6,3,E01022090,0
Unvalidated,2024010506448,2024,010506448,2,19,4,11,3,7,0,0,0,0,0,0,4,1,1,1,42,7,-1,-1,-1,-1,4,1,E01004414,0
Unvalidated,2024010506449,2024,010506449,1,9,0,99,9,9,99,9,9,99,9,99,9,9,2,2,21,5,-1,-1,-1,-1,4,1,E01002964,0
Unvalidated,2024010506449,2024,010506449,2,9,0,99,9,9,99,9,9,99,9,99,1,9,6,3,-1,-1,-1,-1,-1,-1,9,1,E01002926,0
Unvalidated,2024010506450,2024,010506450,1,1,9,18,9,9,99,9,9,99,9,99,9,1,6,3,38,7,-1,-1,-1,-1,1,1,E01003060,0
Unvalidated,2024010506450,2024,010506450,2,9,9,13,9,9,99,9,9,99,9,99,2,9,6,3,-1,-1,-1,-1,-1,-1,-1,-1,-1,0
Unvalidated,2024010506452,2024,010506452,1,4,0,99,9,9,99,2,9,99,9,99,9,1,1,3,29,6,-1,-1,-1,-1,3,1,E01004039,0
Unvalidated,2024010506452,2024,010506452,2,9,0,99,9,9,99,6,9,99,9,99,1,9,6,3,-1,-1,-1,-1,-1,-1,-1,-1,-1,0
Unvalidated,2024010506453,2024,010506453,1,11,0,18,1,5,0,1,0,0,0,0,0,1,1,1,49,8,-1,-1,-1,-1,7,1,E01004566,0
Unvalidated,2024010506455,2024,010506455,1,3,0,99,9,9,99,1,9,99,9,99,1,1,6,1,27,6,-1,-1,-1,-1,7,1,E01004018,0
Unvalidated,2024010506455,2024,010506455,2,9,0,99,9,9,99,6,9,99,9,99,1,9,6,3,-1,-1,-1,-1,-1,-1,-1,-1,-1,0
Unvalidated,2024010506456,2024,010506456,1,3,0,99,9,9,99,9,9,99,9,99,9,1,1,1,38,7,-1,-1,-1,-1,4,1,E01002088,0
Unvalidated,2024010506456,2024,010506456,2,9,0,99,9,9,99,9,9,99,9,99,9,9,6,3,-1,-1,-1,-1,-1,-1,-1,-1,-1,0
Unvalidated,2024010506459,2024,010506459,1,9,0,99,9,9,99,9,9,99,9,99,2,9,6,2,34,6,-1,-1,-1,-1,4,1,E01023805,0
Unvalidated,2024010506459,2024,010506459,2,9,0,99,9,9,99,9,9,99,9,99,1,9,6,3,-1,-1,-1,-1,-1,-1,-1,-1,-1,0
Unvalidated,2024010506462,2024,010506462,1,9,0,99,9,9,99,9,9,99,9,99,1,9,6,3,-1,-1,-1,-1,-1,-1,-1,-1,-1,0
Unvalidated,2024010506464,2024,010506464,1,3,0,18,9,9,99,0,9,99,9,99,9,1,1,1,32,6,-1,-1,-1,-1,6,1,E01003149,0
Unvalidated,2024010506464,2024,010506464,2,9,0,5,9,9,99,0,9,99,9,99,9,9,6,3,-1,-1,-1,-1,-1,-1,-1,-1,-1,0
Unvalidated,2024010506468,2024,010506468,1,19,0,4,1,5,0,2,0,0,0,0,1,1,1,1,40,7,-1,-1,-1,-1,3,1,E01002403,0
Unvalidated,2024010506468,2024,010506468,2,3,0,14,1,5,0,1,2,0,0,0,1,1,6,1,33,6,-1,-1,-1,-1,4,1,E01030745,0
Unvalidated,2024010506468,2024,010506468,3,9,0,2,0,0,0,1,0,0,0,0,3,1,6,3,-1,-1,-1,-1,-1,-1,-1,-1,-1,0
Unvalidated,2024010506470,2024,010506470,1,9,0,4,5,1,6,0,0,0,0,0,3,1,6,1,52,8,-1,-1,-1,-1,2,1,E01003988,0
Unvalidated,2024010506470,2024,010506470,2,9,0,18,5,1,0,0,2,4,0,0,4,1,6,1,38,7,-1,-1,-1,-1,5,1,E01021778,0
Unvalidated,2024010506470,2024,010506470,3,19,0,12,5,1,8,0,0,0,0,0,1,1,1,1,33,6,-1,-1,-1,-1,3,1,E01000062,0
Unvalidated,2024010506473,2024,010506473,1,1,9,99,9,9,99,9,9,99,9,99,9,1,2,2,30,6,-1,-1,-1,-1,2,1,E01001754,0
Unvalidated,2024010506473,2024,010506473,2,9,0,99,9,9,99,9,9,99,9,99,1,9,6,3,-1,-1,-1,-1,-1,-1,-1,-1,-1,0
Unvalidated,2024010506476,2024,010506476,1,9,0,1,7,3,9,6,0,0,0,0,2,1,6,2,24,5,-1,-1,-1,-1,7,1,E01004138,0
Unvalidated,2024010506482,2024,010506482,1,97,0,99,9,9,99,9,9,99,9,99,1,1,6,3,-1,-1,-1,-1,-1,-1,-1,-1,-1,0
Unvalidated,2024010506484,2024,010506484,1,1,9,99,9,9,99,9,9,99,9,99,9,1,6,1,60,9,-1,-1,-1,-1,3,1,E01000130,0
Unvalidated,2024010506485,2024,010506485,1,1,9,18,1,5,4,8,9,0,0,0,1,1,6,1,-1,-1,-1,-1,-1,-1,3,1,E01001784,0
Unvalidated,2024010506485,2024,010506485,2,9,9,18,1,5,99,9,9,0,9,0,1,1,6,1,34,6,-1,-1,-1,-1,1,1,E01000093,0
Unvalidated,2024010506494,2024,010506494,1,1,9,99,9,9,99,1,9,99,9,99,1,1,2,1,30,6,-1,-1,-1,-1,2,1,E01000901,0
Unvalidated,2024010506494,2024,010506494,2,8,0,99,9,9,99,6,9,99,9,99,1,9,6,3,-1,-1,-1,-1,-1,-1,-1,-1,-1,0
Unvalidated,2024010506495,2024,010506495,1,9,0,9,5,2,0,6,0,0,0,0,1,1,2,1,36,7,-1,-1,-1,-1,3,1,E01000800,0
Unvalidated,2024010506495,2024,010506495,2,4,0,4,5,1,0,1,0,0,0,0,3,1,2,1,33,6,-1,-1,-1,-1,2,1,E01001603,0
Unvalidated,2024010506496,2024,010506496,1,3,9,99,9,9,99,9,9,99,9,99,9,1,1,1,30,6,-1,-1,-1,-1,6,1,E01001496,0
Unvalidated,2024010506496,2024,010506496,2,9,9,99,9,9,99,9,9,99,9,99,1,9,6,3,-1,-1,-1,-1,-1,-1,-1,-1,-1,0
Unvalidated,2024010506497,2024,010506497,1,9,0,2,0,0,0,2,0,0,0,0,2,1,6,3,-1,-1,-1,-1,-1,-1,-1,-1,-1,0
Unvalidated,2024010506497,2024,010506497,2,9,0,1,3,7,0,2,0,0,0,0,0,1,6,1,32,6,-1,-1,-1,-1,2,1,E01004326,0
Unvalidated,2024010506500,2024,010506500,1,1,9,99,9,9,99,9,9,99,9,99,9,1,6,1,45,7,-1,-1,-1,-1,6,1,E01001563,0
Unvalidated,2024010506500,2024,010506500,2,9,0,99,9,9,99,9,9,99,9,99,9,9,6,3,-1,-1,-1,-1,-1,-1,-1,-1,-1,0
Unvalidated,2024010506507,2024,010506507,1,11,0,5,1,5,0,2,0,0,0,0,1,1,1,1,26,6,-1,-1,-1,-1,4,1,E01016013,0
Unvalidated,2024010506507,2024,010506507,2,9,0,9,3,1,0,8,0,0,0,0,0,1,6,3,34,6,-1,-1,-1,-1,-1,-1,-1,0
Unvalidated,2024010506511,2024,010506511,1,11,0,4,5,1,0,1,0,0,0,0,0,1,1,1,54,8,-1,-1,-1,-1,2,1,E01003299,0
Unvalidated,2024010506513,2024,010506513,1,9,0,99,9,9,99,9,9,99,9,99,1,9,6,3,44,7,-1,-1,-1,-1,-1,1,-1,0
Unvalidated,2024010506521,2024,010506521,1,9,0,1,1,5,0,0,0,0,0,0,2,1,6,3,43,7,-1,-1,-1,-1,2,1,E01001112,0
Unvalidated,2024010506524,2024,010506524,1,9,0,99,9,9,99,9,9,99,9,99,4,9,6,2,40,7,-1,-1,-1,-1,9,1,E01000538,0
Unvalidated,2024010506524,2024,010506524,2,9,0,6,1,1,0,6,0,99,0,0,4,2,6,1,31,6,-1,-1,-1,-1,5,1,E01000571,0
Unvalidated,2024010506526,2024,010506526,1,3,9,99,9,9,99,0,9,99,9,99,9,1,6,3,41,7,-1,-1,-1,-1,4,1,E01032782,0
Unvalidated,2024010506526,2024,010506526,2,9,9,99,9,9,99,0,9,99,9,99,9,9,6,3,-1,-1,-1,-1,-1,-1,-1,-1,-1,0
Unvalidated,2024010506531,2024,010506531,1,9,0,99,9,9,99,9,9,99,9,99,9,9,6,3,-1,-1,-1,-1,-1,-1,-1,-1,-1,0
Unvalidated,2024010506531,2024,010506531,2,3,0,99,9,9,99,9,9,99,9,99,9,1,2,1,45,7,-1,-1,-1,-1,6,1,E01023359,0
Unvalidated,2024010506532,2024,010506532,1,1,9,99,9,9,99,2,9,99,9,99,1,1,6,2,25,5,-1,-1,-1,-1,5,1,E01004475,0
Unvalidated,2024010506532,2024,010506532,2,9,0,99,9,9,99,4,9,99,9,99,9,9,6,3,-1,-1,-1,-1,-1,-1,-1,-1,-1,0
Unvalidated,2024010506533,2024,010506533,1,3,0,99,9,9,99,0,9,99,9,99,9,1,2,1,32,6,-1,-1,-1,-1,5,1,E01001524,0
Unvalidated,2024010506533,2024,010506533,2,9,0,99,9,9,99,0,9,99,9,99,9,9,6,3,-1,-1,-1,-1,-1,-1,-1,-1,-1,0
Unvalidated,2024010506542,2024,010506542,1,9,0,18,6,2,0,6,0,0,0,0,1,1,6,3,-1,-1,-1,-1,-1,-1,-1,-1,-1,0
Unvalidated,2024010506542,2024,010506542,2,1,0,5,4,8,0,8,0,0,0,0,3,1,6,2,39,7,-1,-1,-1,-1,7,1,E01003651,0
Unvalidated,2024010506547,2024,010506547,1,9,0,18,3,7,0,4,0,0,0,0,1,1,6,1,77,11,-1,-1,-1,-1,10,1,E01004157,0
Unvalidated,2024010506549,2024,010506549,1,9,0,5,7,3,0,2,0,0,0,0,1,1,2,1,59,9,-1,-1,-1,-1,5,1,E01004086,0
Unvalidated,2024010506552,2024,010506552,1,9,0,99,9,9,99,9,9,99,9,99,1,9,6,3,-1,-1,-1,-1,-1,-1,-1,-1,-1,0
Unvalidated,2024010506553,2024,010506553,1,9,0,9,1,7,0,6,0,0,0,0,1,1,6,1,59,9,-1,-1,-1,-1,6,1,E01001016,0
Unvalidated,2024010506553,2024,010506553,2,3,0,18,5,1,0,8,0,0,0,0,4,1,6,1,26,6,-1,-1,-1,-1,4,1,E01001015,0
Unvalidated,2024010506556,2024,010506556,1,1,9,99,9,9,99,9,9,99,9,99,1,1,6,2,-1,-1,-1,-1,-1,-1,-1,-1,-1,0
Unvalidated,2024010506556,2024,010506556,2,9,0,99,9,9,99,9,9,99,9,99,1,9,6,2,-1,-1,-1,-1,-1,-1,-1,-1,-1,0
Unvalidated,2024010506562,2024,010506562,1,9,0,99,9,9,99,9,9,99,9,99,9,9,2,2,53,8,-1,-1,-1,-1,10,1,E01000359,0
Unvalidated,2024010506562,2024,010506562,2,9,0,99,9,9,99,9,9,99,9,99,1,9,6,3,-1,-1,-1,-1,-1,-1,4,1,E01000466,0
Unvalidated,2024010506563,2024,010506563,1,1,9,99,9,9,99,9,9,99,9,99,9,1,2,2,29,6,-1,-1,-1,-1,4,1,E01004065,0
Unvalidated,2024010506563,2024,010506563,2,9,0,1,9,9,99,9,9,99,9,99,2,9,6,1,34,6,-1,-1,-1,-1,9,1,E01004559,0
Unvalidated,2024010506565,2024,010506565,1,5,0,18,5,1,0,0,0,0,0,0,1,1,6,1,64,9,-1,-1,-1,-1,-1,-1,-1,0
Unvalidated,2024010506566,2024,010506566,1,9,0,18,7,3,0,1,0,0,0,0,1,2,6,1,41,7,-1,-1,-1,-1,6,1,E01024180,0
Unvalidated,2024010506568,2024,010506568,1,9,0,7,1,4,0,6,0,0,0,0,1,1,6,2,40,7,-1,-1,-1,-1,8,1,E01004073,0
Unvalidated,2024010506568,2024,010506568,2,9,0,18,1,5,0,1,0,0,0,0,4,1,6,1,32,6,-1,-1,-1,-1,2,1,E01003993,0
Unvalidated,2024010506573,2024,010506573,1,9,0,99,9,9,99,9,9,99,9,99,9,9,6,1,54,8,-1,-1,-1,-1,7,1,E01002328,0
Unvalidated,2024010506573,2024,010506573,2,9,0,99,9,9,99,9,9,99,9,99,9,9,6,2,22,5,-1,-1,-1,-1,6,1,E01002332,0
Unvalidated,2024010506576,2024,010506576,1,11,0,99,9,9,99,9,9,99,9,99,9,9,6,3,-1,-1,-1,-1,-1,-1,-1,-1,-1,0
Unvalidated,2024010506578,2024,010506578,1,9,0,9,3,1,0,1,0,10,0,0,1,1,6,3,18,4,-1,-1,-1,-1,4,1,E01004565,0
Unvalidated,2024010506578,2024,010506578,2,9,0,2,0,0,0,1,0,0,0,0,2,1,6,3,-1,-1,-1,-1,-1,-1,-1,-1,-1,0
Unvalidated,2024010506578,2024,010506578,3,9,0,2,0,0,0,1,1,0,1,2,1,1,6,3,-1,-1,-1,-1,-1,-1,-1,-1,-1,0