status,collision_index,collision_year,collision_reference,vehicle_reference,vehicle_type,towing_and_articulation,vehicle_manoeuvre,vehicle_direction_from,vehicle_direction_to,vehicle_location_restricted_lane,junction_location,skidding_and_overturning,hit_object_in_carriageway,vehicle_leaving_carriageway,hit_object_off_carriageway,first_point_of_impact,vehicle_left_hand_drive,journey_purpose_of_driver,sex_of_driver,age_of_driver,age_band_of_driver,engine_capacity_cc,propulsion_code,age_of_vehicle,generic_make_model,driver_imd_decile,driver_home_area_type,lsoa_of_driver,escooter_flag
Unvalidated,2024010506578,2024,010506578,4,9,0,2,0,0,0,1,0,0,0,0,2,1,6,3,-1,-1,-1,-1,-1,-1,-1,-1,-1,0
Unvalidated,2024010506578,2024,010506578,5,1,0,18,5,1,0,1,2,0,0,0,3,1,6,1,22,5,-1,-1,-1,-1,-1,-1,-1,0
Unvalidated,2024010506579,2024,010506579,1,8,0,99,9,9,99,9,9,99,9,99,2,9,1,1,38,7,-1,-1,-1,-1,5,1,E01004188,0
Unvalidated,2024010506579,2024,010506579,2,9,0,99,9,9,99,9,9,99,9,99,1,9,6,3,-1,-1,-1,-1,-1,-1,-1,-1,-1,0
Unvalidated,2024010506582,2024,010506582,1,9,0,9,4,1,0,1,0,0,0,0,4,1,6,1,56,9,-1,-1,-1,-1,2,1,E01033726,0
Unvalidated,2024010506582,2024,010506582,2,5,0,18,8,4,0,1,0,0,0,0,1,1,6,1,38,7,-1,-1,-1,-1,9,1,E01000410,0
Unvalidated,2024010506586,2024,010506586,1,11,0,17,3,7,0,0,0,0,0,0,1,1,1,1,47,8,-1,-1,-1,-1,3,1,E01023346,0
Unvalidated,2024010506586,2024,010506586,2,9,0,16,7,3,0,0,0,0,0,0,1,1,6,1,28,6,-1,-1,-1,-1,-1,1,-1,0
Unvalidated,2024010506589,2024,010506589,1,9,0,9,5,3,0,8,0,0,0,0,1,1,6,1,37,7,-1,-1,-1,-1,2,1,E01000087,0
Unvalidated,2024010506589,2024,010506589,2,9,0,18,1,5,0,8,0,0,0,0,1,1,6,2,23,5,-1,-1,-1,-1,2,1,E01000103,0
Unvalidated,2024010506590,2024,010506590,1,3,0,18,5,1,0,2,0,0,0,0,4,1,2,1,42,7,-1,-1,-1,-1,8,1,E01030848,0
Unvalidated,2024010506590,2024,010506590,2,19,0,5,5,1,0,2,0,0,0,0,3,1,1,1,28,6,-1,-1,-1,-1,3,1,E01002015,0
Unvalidated,2024010506591,2024,010506591,1,9,0,7,7,1,0,2,0,0,1,2,1,1,6,1,18,4,-1,-1,-1,-1,5,1,E01002214,0
Unvalidated,2024010506592,2024,010506592,1,3,0,13,5,1,0,1,5,0,0,0,1,1,6,1,23,5,-1,-1,-1,-1,4,1,E01004401,0
Unvalidated,2024010506592,2024,010506592,2,9,0,9,6,3,0,1,0,0,0,0,2,1,6,1,52,8,-1,-1,-1,-1,7,1,E01004650,0
Unvalidated,2024010506594,2024,010506594,1,9,0,16,1,5,0,6,2,4,3,0,1,1,6,3,23,5,-1,-1,-1,-1,-1,-1,-1,0
Unvalidated,2024010506594,2024,010506594,2,21,0,18,5,1,0,1,0,0,0,0,3,1,1,1,51,8,-1,-1,-1,-1,-1,-1,-1,0
Unvalidated,2024010506600,2024,010506600,1,1,0,5,1,5,4,1,0,0,0,0,4,1,6,1,31,6,-1,-1,-1,-1,2,1,E01033601,0
Unvalidated,2024010506600,2024,010506600,2,9,9,99,9,9,99,9,9,0,0,0,1,9,6,1,53,8,-1,-1,-1,-1,-1,-1,-1,0
Unvalidated,2024010506606,2024,010506606,1,9,0,3,5,1,0,2,0,0,0,0,2,1,1,1,36,7,-1,-1,-1,-1,2,1,E01002029,0
Unvalidated,2024010506606,2024,010506606,2,9,0,3,5,1,0,2,0,0,0,0,1,1,6,2,61,9,-1,-1,-1,-1,3,1,E01001969,0
Unvalidated,2024010506609,2024,010506609,1,4,0,18,1,5,0,1,1,0,0,0,1,1,2,1,22,5,-1,-1,-1,-1,2,1,E01003175,0
Unvalidated,2024010506609,2024,010506609,2,9,0,7,1,3,0,5,0,0,0,0,4,1,2,1,56,9,-1,-1,-1,-1,9,1,E01000771,0
Unvalidated,2024010506611,2024,010506611,1,1,0,18,5,1,0,8,0,0,0,0,0,1,2,2,48,8,-1,-1,-1,-1,2,1,E01002831,0
Unvalidated,2024010506611,2024,010506611,2,9,0,9,1,6,0,8,0,0,0,0,0,1,1,2,26,6,-1,-1,-1,-1,2,1,E01004720,0
Unvalidated,2024010506618,2024,010506618,1,3,0,14,1,5,0,1,5,0,0,0,4,1,6,1,34,6,-1,-1,-1,-1,4,1,E01002704,0
Unvalidated,2024010506618,2024,010506618,2,9,0,9,3,1,0,1,0,0,0,0,1,1,6,2,34,6,-1,-1,-1,-1,7,1,E01001049,0
Unvalidated,2024010506620,2024,010506620,1,1,9,99,9,9,99,1,9,99,9,99,1,1,6,3,36,7,-1,-1,-1,-1,2,1,E01004226,0
Unvalidated,2024010506620,2024,010506620,2,9,0,99,9,9,99,6,9,99,9,99,1,9,6,3,-1,-1,-1,-1,-1,-1,-1,-1,-1,0
Unvalidated,2024010506625,2024,010506625,1,21,0,18,3,7,0,1,0,0,0,0,4,1,1,1,35,6,-1,-1,-1,-1,3,1,E01004633,0
Unvalidated,2024010506627,2024,010506627,1,20,0,99,9,9,0,0,0,99,9,99,9,9,6,1,27,6,-1,-1,-1,-1,7,1,E01021381,0
Unvalidated,2024010506627,2024,010506627,2,9,0,99,9,9,0,0,9,99,9,99,9,1,6,1,50,8,-1,-1,-1,-1,8,1,E01021801,0
Unvalidated,2024010506642,2024,010506642,1,8,0,18,3,7,99,9,9,99,9,99,4,1,1,1,36,7,-1,-1,-1,-1,3,1,E01000088,0
Unvalidated,2024010506642,2024,010506642,2,9,0,18,5,1,99,9,9,99,9,99,1,1,6,3,-1,-1,-1,-1,-1,-1,-1,-1,-1,0
Unvalidated,2024010506645,2024,010506645,1,8,0,7,5,6,0,6,0,0,0,0,3,1,1,1,53,8,-1,-1,-1,-1,3,1,E01001362,0
Unvalidated,2024010506649,2024,010506649,1,3,0,99,9,9,99,0,9,99,9,99,9,1,1,1,30,6,-1,-1,-1,-1,2,1,E01001709,0
Unvalidated,2024010506649,2024,010506649,2,9,0,99,9,9,99,0,9,99,9,99,9,9,6,3,-1,-1,-1,-1,-1,-1,-1,-1,-1,0
Unvalidated,2024010506652,2024,010506652,1,1,9,99,9,9,99,2,9,99,9,99,9,1,2,1,45,7,-1,-1,-1,-1,7,1,E01001610,0
Unvalidated,2024010506652,2024,010506652,2,9,0,99,9,9,99,4,9,99,9,99,1,9,6,3,46,8,-1,-1,-1,-1,6,1,E01001656,0
Unvalidated,2024010506657,2024,010506657,1,11,9,99,9,9,0,0,9,99,9,99,9,1,6,3,-1,-1,-1,-1,-1,-1,-1,-1,-1,0
Unvalidated,2024010506660,2024,010506660,1,4,0,18,1,5,0,1,0,8,0,0,1,1,1,1,53,8,-1,-1,-1,-1,3,1,E01000586,0
Unvalidated,2024010506660,2024,010506660,2,8,0,3,1,5,0,2,0,0,0,0,3,1,6,1,42,7,-1,-1,-1,-1,1,1,E01002904,0
Unvalidated,2024010506662,2024,010506662,1,9,0,18,5,1,0,1,0,0,0,0,1,1,1,1,27,6,-1,-1,-1,-1,3,1,E01003940,0
Unvalidated,2024010506666,2024,010506666,1,3,0,99,9,9,99,1,9,8,9,99,1,1,1,1,24,5,-1,-1,-1,-1,3,1,E01002401,0
Unvalidated,2024010506666,2024,010506666,2,9,0,99,9,9,99,2,9,99,9,99,9,9,6,3,-1,-1,-1,-1,-1,-1,-1,-1,-1,0
Unvalidated,2024010506669,2024,010506669,1,9,0,15,3,7,0,1,0,0,0,0,1,1,6,1,28,6,-1,-1,-1,-1,5,1,E01001530,0
Unvalidated,2024010506669,2024,010506669,2,9,0,18,3,7,0,1,0,0,0,0,0,1,6,2,30,6,-1,-1,-1,-1,3,1,E01001547,0
Unvalidated,2024010506669,2024,010506669,3,9,0,18,3,7,0,8,0,0,0,0,1,1,6,1,38,7,-1,-1,-1,-1,6,1,E01001419,0
Unvalidated,2024010506675,2024,010506675,1,9,0,1,6,2,5,8,0,0,0,0,2,1,1,1,24,5,-1,-1,-1,-1,7,1,E01003370,0
Unvalidated,2024010506676,2024,010506676,1,9,0,99,9,9,99,9,9,99,9,99,9,9,2,1,27,6,-1,-1,-1,-1,4,1,E01017570,0
Unvalidated,2024010506676,2024,010506676,2,1,9,99,9,9,99,9,9,99,9,99,1,1,6,1,-1,-1,-1,-1,-1,-1,-1,-1,-1,0
Unvalidated,2024010506681,2024,010506681,1,9,0,4,3,7,0,1,0,0,0,0,1,1,6,1,50,8,-1,-1,-1,-1,4,1,E01004580,0
Unvalidated,2024010506681,2024,010506681,2,1,0,4,3,7,0,1,0,0,0,0,2,1,6,2,49,8,-1,-1,-1,-1,4,1,E01004580,0
Unvalidated,2024010506687,2024,010506687,1,3,0,99,9,9,99,9,9,99,9,99,9,1,1,1,34,6,-1,-1,-1,-1,-1,-1,-1,0
Unvalidated,2024010506687,2024,010506687,2,9,0,99,9,9,99,9,9,99,9,99,1,9,6,3,-1,-1,-1,-1,-1,-1,-1,-1,-1,0
Unvalidated,2024010506689,2024,010506689,1,3,0,99,9,9,99,9,9,99,9,99,9,1,6,3,24,5,-1,-1,-1,-1,5,1,E01001524,0
Unvalidated,2024010506689,2024,010506689,2,9,0,99,9,9,99,9,9,99,9,99,9,9,6,3,-1,-1,-1,-1,-1,-1,-1,-1,-1,0
Unvalidated,2024010506692,2024,010506692,1,3,0,9,5,3,0,1,0,0,0,0,2,1,6,2,30,6,-1,-1,-1,-1,4,1,E01000565,0
Unvalidated,2024010506692,2024,010506692,2,19,0,9,3,1,0,1,0,0,0,0,1,1,1,1,28,6,-1,-1,-1,-1,4,1,E01001376,0
Unvalidated,2024010506693,2024,010506693,1,11,0,4,5,1,0,8,0,0,0,0,0,1,1,2,33,6,-1,-1,-1,-1,2,1,E01003299,0
Unvalidated,2024010506695,2024,010506695,1,1,9,99,9,9,99,9,9,99,9,99,1,1,2,1,54,8,-1,-1,-1,-1,5,1,E01003276,0
Unvalidated,2024010506695,2024,010506695,2,19,0,99,9,9,99,9,9,99,9,99,3,9,6,2,51,8,-1,-1,-1,-1,7,2,E01024173,0
Unvalidated,2024010506711,2024,010506711,1,1,9,99,9,9,99,9,9,99,9,99,9,1,2,2,23,5,-1,-1,-1,-1,3,1,E01004397,0
Unvalidated,2024010506711,2024,010506711,2,19,0,99,9,9,99,9,9,99,9,99,1,9,6,3,-1,-1,-1,-1,-1,-1,-1,-1,-1,0
Unvalidated,2024010506722,2024,010506722,1,9,0,99,9,9,99,9,9,99,9,99,9,9,6,2,50,8,-1,-1,-1,-1,3,1,E01002084,0
Unvalidated,2024010506722,2024,010506722,2,90,0,99,9,9,99,9,9,99,9,99,9,9,6,3,-1,-1,-1,-1,-1,-1,-1,-1,-1,0
Unvalidated,2024010506723,2024,010506723,1,9,0,99,9,9,99,9,9,99,9,99,1,9,6,2,36,7,-1,-1,-1,-1,2,1,E01001054,0
Unvalidated,2024010506723,2024,010506723,2,9,0,99,9,9,99,9,9,99,9,99,1,9,6,3,-1,-1,-1,-1,-1,-1,-1,-1,-1,0
Unvalidated,2024010506728,2024,010506728,1,9,0,18,5,1,0,2,0,11,0,0,1,1,6,1,76,11,-1,-1,-1,-1,6,1,E01003254,0
Unvalidated,2024010506729,2024,010506729,1,90,0,99,9,9,99,9,9,99,9,99,1,9,1,1,30,6,-1,-1,-1,-1,8,1,E01000671,0
Unvalidated,2024010506729,2024,010506729,2,9,0,99,9,9,99,9,9,99,9,99,9,9,6,3,-1,-1,-1,-1,-1,-1,9,1,E01000667,0
Unvalidated,2024010506734,2024,010506734,1,90,9,99,9,9,99,9,9,99,9,99,9,9,6,3,-1,-1,-1,-1,-1,-1,-1,-1,-1,1
Unvalidated,2024010506739,2024,010506739,1,9,0,18,1,5,0,2,0,0,0,0,1,1,6,3,-1,-1,-1,-1,-1,-1,-1,-1,-1,0
Unvalidated,2024010506739,2024,010506739,2,8,0,3,5,1,0,2,0,0,0,0,1,1,6,1,62,9,-1,-1,-1,-1,3,1,E01001192,0
Unvalidated,2024010506743,2024,010506743,1,9,9,99,9,9,99,9,9,99,9,99,9,9,6,2,23,5,-1,-1,-1,-1,1,1,E01004300,0
Unvalidated,2024010506743,2024,010506743,2,19,9,99,9,9,99,9,9,99,9,99,9,9,6,1,67,10,-1,-1,-1,-1,10,1,E01030509,0
Unvalidated,2024010506744,2024,010506744,1,9,0,99,9,9,99,9,9,99,9,99,2,9,1,1,26,6,-1,-1,-1,-1,5,1,E01024282,0
Unvalidated,2024010506744,2024,010506744,2,11,0,99,9,9,99,9,9,99,9,99,1,9,6,3,-1,-1,-1,-1,-1,-1,-1,-1,-1,0
Unvalidated,2024010506747,2024,010506747,1,3,0,7,7,1,0,1,0,0,0,0,1,1,1,1,28,6,-1,-1,-1,-1,2,1,E01001110,0
Unvalidated,2024010506747,2024,010506747,2,9,0,18,3,7,0,1,0,0,0,0,1,1,6,3,-1,-1,-1,-1,-1,-1,-1,-1,-1,0
Unvalidated,2024010506749,2024,010506749,1,9,0,99,9,9,99,9,9,99,9,99,9,9,6,1,48,8,-1,-1,-1,-1,5,1,E01000519,0
Unvalidated,2024010506749,2024,010506749,2,19,0,99,9,9,99,9,9,99,9,99,0,9,6,3,-1,-1,-1,-1,-1,-1,5,1,E01000620,0
Unvalidated,2024010506758,2024,010506758,1,8,0,6,1,1,0,6,0,0,0,0,1,1,1,1,40,7,-1,-1,-1,-1,2,1,E01000959,0
Unvalidated,2024010506758,2024,010506758,2,1,0,18,1,5,0,8,0,0,0,0,1,1,6,1,58,9,-1,-1,-1,-1,6,1,E01004659,0
Unvalidated,2024010506760,2024,010506760,1,1,9,99,9,9,99,1,9,99,9,99,1,1,2,1,31,6,-1,-1,-1,-1,2,1,E01004197,0
Unvalidated,2024010506760,2024,010506760,2,9,0,99,9,9,99,5,9,99,9,99,1,9,6,3,31,6,-1,-1,-1,-1,3,1,E01004202,0
Unvalidated,2024010506761,2024,010506761,1,3,0,18,5,1,0,8,5,0,0,0,0,1,1,1,37,7,-1,-1,-1,-1,7,1,E01000156,0
Unvalidated,2024010506761,2024,010506761,2,9,0,10,7,5,0,6,0,0,0,0,0,1,6,1,35,6,-1,-1,-1,-1,3,1,E01000287,0
Unvalidated,2024010506768,2024,010506768,1,1,9,99,9,9,99,9,9,99,9,99,2,1,2,1,41,7,-1,-1,-1,-1,3,1,E01000481,0
Unvalidated,2024010506768,2024,010506768,2,9,0,99,9,9,99,9,9,99,9,99,1,9,6,3,-1,-1,-1,-1,-1,-1,-1,-1,-1,0
Unvalidated,2024010506771,2024,010506771,1,11,0,4,1,5,0,1,0,0,0,0,4,1,1,1,63,9,-1,-1,-1,-1,4,1,E01001511,0
Unvalidated,2024010506775,2024,010506775,1,3,0,5,1,5,0,8,0,0,0,0,2,1,1,1,32,6,-1,-1,-1,-1,3,1,E01033464,0
Unvalidated,2024010506775,2024,010506775,2,9,0,18,1,5,0,8,0,0,0,0,1,1,6,1,29,6,-1,-1,-1,-1,6,1,E01033457,0
Unvalidated,2024010506776,2024,010506776,1,9,0,9,7,6,0,1,0,0,0,0,2,1,6,2,37,7,-1,-1,-1,-1,2,1,E01001977,0
Unvalidated,2024010506776,2024,010506776,2,3,0,18,7,3,0,1,0,0,0,0,2,1,2,1,38,7,-1,-1,-1,-1,5,1,E01001498,0
Unvalidated,2024010506785,2024,010506785,1,9,0,9,3,1,0,1,0,0,0,0,1,1,6,3,-1,-1,-1,-1,-1,-1,-1,-1,-1,0
Unvalidated,2024010506785,2024,010506785,2,1,0,5,7,3,0,1,0,0,1,0,1,1,6,1,32,6,-1,-1,-1,-1,-1,-1,-1,0
Unvalidated,2024010506792,2024,010506792,1,20,1,99,9,9,99,9,9,99,9,99,2,9,6,3,63,9,-1,-1,-1,-1,1,1,E01001845,0
Unvalidated,2024010506792,2024,010506792,2,9,9,99,9,9,99,9,9,99,9,99,2,9,2,1,38,7,-1,-1,-1,-1,2,1,E01000077,0
Unvalidated,2024010506793,2024,010506793,1,9,0,3,7,3,99,9,9,99,0,0,2,9,2,2,31,6,-1,-1,-1,-1,4,1,E01002244,0
Unvalidated,2024010506793,2024,010506793,2,9,0,18,7,3,99,9,9,99,9,99,1,1,6,3,-1,-1,-1,-1,-1,-1,3,1,E01000094,0
Unvalidated,2024010506793,2024,010506793,3,9,0,3,7,3,99,9,9,99,9,99,2,9,6,1,49,8,-1,-1,-1,-1,4,3,E01021260,0
Unvalidated,2024010506795,2024,010506795,1,9,0,9,3,8,0,2,0,0,0,0,1,1,1,1,57,9,-1,-1,-1,-1,2,1,E01024294,0
Unvalidated,2024010506795,2024,010506795,2,1,0,18,1,5,0,1,2,0,0,0,1,1,2,2,48,8,-1,-1,-1,-1,6,1,E01003272,0
Unvalidated,2024010506796,2024,010506796,1,9,0,3,3,7,0,1,0,0,0,0,4,1,6,1,32,6,-1,-1,-1,-1,5,1,E01000144,0
Unvalidated,2024010506796,2024,010506796,2,3,0,14,3,7,0,1,5,8,0,0,3,1,6,1,19,4,-1,-1,-1,-1,1,1,E01000596,0
Unvalidated,2024010506799,2024,010506799,1,9,0,9,1,6,0,1,0,0,0,0,4,1,6,3,21,5,-1,-1,-1,-1,4,1,E01001666,0
Unvalidated,2024010506799,2024,010506799,2,1,0,18,1,5,0,1,9,0,9,0,1,1,6,1,35,6,-1,-1,-1,-1,2,1,E01003350,0
Unvalidated,2024010506806,2024,010506806,1,1,0,5,5,1,0,0,0,0,0,0,1,1,2,1,37,7,-1,-1,-1,-1,2,1,E01003911,0
Unvalidated,2024010506806,2024,010506806,2,8,0,7,7,1,0,0,0,0,0,0,3,1,6,1,65,9,-1,-1,-1,-1,1,1,E01033602,0
Unvalidated,2024010506812,2024,010506812,1,11,0,18,1,5,2,1,0,0,0,0,0,1,1,1,45,7,-1,-1,-1,-1,7,1,E01001918,0
Unvalidated,2024010506815,2024,010506815,1,9,9,4,7,3,0,2,0,0,0,0,1,9,6,2,56,9,-1,-1,-1,-1,10,1,E01000763,0
Unvalidated,2024010506816,2024,010506816,1,9,9,99,9,9,99,0,9,99,9,99,9,9,6,3,-1,-1,-1,-1,-1,-1,-1,-1,-1,0
Unvalidated,2024010506816,2024,010506816,2,1,9,99,9,9,99,0,9,99,9,99,9,1,6,1,-1,-1,-1,-1,-1,-1,2,1,E01002881,0
Unvalidated,2024010506818,2024,010506818,1,9,0,3,9,9,99,9,9,99,9,99,9,9,6,1,44,7,-1,-1,-1,-1,4,1,E01002704,0
Unvalidated,2024010506818,2024,010506818,2,5,0,18,9,9,99,9,9,99,9,99,9,1,6,1,27,6,-1,-1,-1,-1,2,1,E01003097,0
Unvalidated,2024010506819,2024,010506819,1,9,0,7,3,5,0,1,0,0,2,10,4,1,6,2,48,8,-1,-1,-1,-1,3,1,E01003348,0
Unvalidated,2024010506819,2024,010506819,2,9,0,18,1,5,0,1,0,0,1,0,1,1,6,2,53,8,-1,-1,-1,-1,9,1,E01000440,0
Unvalidated,2024010506824,2024,010506824,1,1,0,18,7,3,0,8,0,0,0,0,1,1,6,1,17,4,-1,-1,-1,-1,8,1,E01003904,0
Unvalidated,2024010506824,2024,010506824,2,19,0,10,7,5,0,8,0,0,0,0,2,1,2,1,48,8,-1,-1,-1,-1,3,1,E01001169,0
Unvalidated,2024010506825,2024,010506825,1,9,0,99,9,9,99,9,9,99,9,99,2,9,6,3,-1,-1,-1,-1,-1,-1,-1,-1,-1,0
Unvalidated,2024010506826,2024,010506826,1,3,0,99,9,9,99,9,9,99,9,99,9,1,1,3,34,6,-1,-1,-1,-1,2,1,E01001448,0
Unvalidated,2024010506826,2024,010506826,2,9,9,99,9,9,99,9,9,99,9,99,9,9,6,3,-1,-1,-1,-1,-1,-1,-1,-1,-1,0
Unvalidated,2024010506830,2024,010506830,1,1,9,99,9,9,99,9,9,99,9,99,9,1,2,1,51,8,-1,-1,-1,-1,7,1,E01000197,0
Unvalidated,2024010506830,2024,010506830,2,8,0,99,9,9,99,9,9,99,9,99,9,9,6,3,-1,-1,-1,-1,-1,-1,3,1,E01015788,0
Unvalidated,2024010506830,2024,010506830,3,9,0,99,9,9,99,9,9,99,9,99,9,9,6,3,-1,-1,-1,-1,-1,-1,-1,-1,-1,0
Unvalidated,2024010506835,2024,010506835,1,9,0,99,9,9,99,0,9,99,9,99,1,9,6,1,63,9,-1,-1,-1,-1,9,1,E01023964,0
Unvalidated,2024010506836,2024,010506836,1,9,0,18,3,7,0,8,0,0,0,0,4,1,3,2,48,8,-1,-1,-1,-1,5,1,E01002692,0
Unvalidated,2024010506836,2024,010506836,2,8,0,18,3,7,0,8,0,0,0,0,3,1,1,2,43,7,-1,-1,-1,-1,3,1,E01004533,0
Unvalidated,2024010506837,2024,010506837,1,5,0,18,5,1,0,1,9,0,0,0,1,1,1,1,37,7,-1,-1,-1,-1,9,1,E01029939,0
Unvalidated,2024010506837,2024,010506837,2,9,0,4,5,1,0,1,0,0,0,0,2,1,6,1,21,5,-1,-1,-1,-1,3,1,E01023310,0
Unvalidated,2024010506841,2024,010506841,1,20,0,18,7,3,0,0,0,0,0,0,0,1,1,1,57,9,-1,-1,-1,-1,8,1,E01016281,0
Unvalidated,2024010506841,2024,010506841,2,1,0,18,7,3,0,0,0,10,1,10,1,1,6,2,21,5,-1,-1,-1,-1,8,3,E01023232,0
Unvalidated,2024010506843,2024,010506843,1,3,0,99,9,9,99,1,9,99,9,99,9,1,6,3,25,5,-1,-1,-1,-1,2,1,E01015367,0
Unvalidated,2024010506843,2024,010506843,2,9,0,99,9,9,99,6,9,99,9,99,9,9,6,3,-1,-1,-1,-1,-1,-1,-1,-1,-1,0
Unvalidated,2024010506844,2024,010506844,1,3,0,99,9,9,99,0,9,99,9,99,9,1,1,1,39,7,-1,-1,-1,-1,2,1,E01032722,0
Unvalidated,2024010506844,2024,010506844,2,9,0,99,9,9,99,0,9,99,9,99,9,9,6,3,-1,-1,-1,-1,-1,-1,-1,-1,-1,0
Unvalidated,2024010506852,2024,010506852,1,21,0,5,0,5,0,1,0,0,0,0,1,1,1,1,55,8,-1,-1,-1,-1,4,1,E01023738,0
Unvalidated,2024010506857,2024,010506857,1,1,9,99,9,9,99,9,9,99,9,99,9,1,6,2,63,9,-1,-1,-1,-1,5,1,E01001381,0
Unvalidated,2024010506857,2024,010506857,2,19,0,99,9,9,99,9,9,99,9,99,9,9,6,3,-1,-1,-1,-1,-1,-1,-1,-1,-1,0
Unvalidated,2024010506862,2024,010506862,1,9,0,18,1,5,0,8,0,0,0,0,4,2,6,1,62,9,-1,-1,-1,-1,2,1,E01001143,0
Unvalidated,2024010506862,2024,010506862,2,1,0,9,4,1,0,8,0,0,0,0,1,1,6,1,30,6,-1,-1,-1,-1,5,1,E01003067,0
Unvalidated,2024010506863,2024,010506863,1,9,0,9,6,4,0,8,0,0,7,0,1,1,2,1,25,5,-1,-1,-1,-1,4,1,E01003031,0
Unvalidated,2024010506863,2024,010506863,2,1,0,9,8,6,0,8,0,0,7,0,1,1,2,2,30,6,-1,-1,-1,-1,8,1,E01003138,0
Unvalidated,2024010506868,2024,010506868,1,3,0,99,9,9,99,1,9,99,9,99,1,1,1,3,28,6,-1,-1,-1,-1,3,1,E01000586,0
Unvalidated,2024010506868,2024,010506868,2,9,9,99,9,9,99,9,9,99,9,99,9,9,6,3,-1,-1,-1,-1,-1,-1,-1,-1,-1,0
Unvalidated,2024010506869,2024,010506869,1,3,0,99,9,9,99,0,9,99,9,99,2,1,6,1,31,6,-1,-1,-1,-1,2,1,E01003634,0
Unvalidated,2024010506870,2024,010506870,1,1,9,99,9,9,99,9,9,99,9,99,9,1,3,2,25,5,-1,-1,-1,-1,7,1,E01004499,0
Unvalidated,2024010506870,2024,010506870,2,19,0,99,9,9,99,9,9,99,9,99,9,9,6,3,-1,-1,-1,-1,-1,-1,-1,-1,-1,0
Unvalidated,2024010506874,2024,010506874,1,11,0,18,2,6,0,1,0,0,0,0,0,1,1,1,62,9,-1,-1,-1,-1,7,1,E01001120,0
Unvalidated,2024010506876,2024,010506876,1,3,0,99,9,9,99,9,9,99,9,99,9,1,1,1,26,6,-1,-1,-1,-1,6,1,E01001387,0
Unvalidated,2024010506876,2024,010506876,2,9,0,99,9,9,99,9,9,99,9,99,2,9,6,3,-1,-1,-1,-1,-1,-1,-1,-1,-1,0
Unvalidated,2024010506879,2024,010506879,1,3,0,99,9,9,99,1,9,99,9,99,9,1,6,2,23,5,-1,-1,-1,-1,3,1,E01001117,0
Unvalidated,2024010506879,2024,010506879,2,9,0,99,9,9,99,6,9,99,9,99,9,9,6,1,37,7,-1,-1,-1,-1,4,1,E01003213,0
Unvalidated,2024010506880,2024,010506880,1,3,0,3,3,7,99,9,9,99,9,99,2,1,6,1,35,6,-1,-1,-1,-1,4,1,E01003568,0
Unvalidated,2024010506880,2024,010506880,2,9,0,18,7,3,99,9,9,99,9,99,1,1,6,3,-1,-1,-1,-1,-1,-1,-1,-1,-1,0
Unvalidated,2024010506881,2024,010506881,1,11,0,4,1,5,0,1,0,0,0,0,0,1,1,2,48,8,-1,-1,-1,-1,3,1,E01003081,0
Unvalidated,2024010506882,2024,010506882,1,3,9,99,9,9,99,9,9,99,9,99,1,1,1,1,40,7,-1,-1,-1,-1,1,1,E01002069,0
Unvalidated,2024010506882,2024,010506882,2,9,9,99,9,9,99,9,9,99,9,99,1,9,6,3,-1,-1,-1,-1,-1,-1,-1,-1,-1,0
Unvalidated,2024010506887,2024,010506887,1,9,0,99,9,9,99,9,9,99,9,99,9,9,6,2,43,7,-1,-1,-1,-1,4,1,E01004419,0
Unvalidated,2024010506887,2024,010506887,2,90,0,99,9,9,99,9,9,99,9,99,9,9,6,3,-1,-1,-1,-1,-1,-1,-1,-1,-1,0
Unvalidated,2024010506888,2024,010506888,1,3,0,99,9,9,99,0,9,99,9,99,9,1,1,3,30,6,-1,-1,-1,-1,4,1,E01004124,0
Unvalidated,2024010506888,2024,010506888,2,9,9,99,9,9,99,0,9,99,9,99,9,9,6,3,-1,-1,-1,-1,-1,-1,-1,-1,-1,0
Unvalidated,2024010506900,2024,010506900,1,9,0,3,3,7,0,1,0,0,0,0,2,1,6,2,44,7,-1,-1,-1,-1,10,1,E01003805,0
Unvalidated,2024010506900,2024,010506900,2,11,0,5,3,7,0,1,0,0,0,0,1,1,1,1,30,6,-1,-1,-1,-1,6,1,E01002628,0
Unvalidated,2024010506901,2024,010506901,1,1,9,99,9,9,99,9,9,99,9,99,9,1,6,1,35,6,-1,-1,-1,-1,1,1,E01002853,0
Unvalidated,2024010506901,2024,010506901,2,9,0,99,9,9,99,9,9,99,9,99,9,9,6,3,65,9,-1,-1,-1,-1,1,1,E01002852,0
Unvalidated,2024010506902,2024,010506902,1,9,0,4,1,5,0,0,0,0,0,0,1,1,3,2,36,7,-1,-1,-1,-1,3,1,E01002542,0
Unvalidated,2024010506903,2024,010506903,1,3,0,15,1,5,0,1,2,0,0,0,1,1,2,1,32,6,-1,-1,-1,-1,7,1,E01001851,0
Unvalidated,2024010506903,2024,010506903,2,9,0,9,3,1,0,6,0,0,0,0,1,2,6,1,49,8,-1,-1,-1,-1,1,1,E01002853,0