status,collision_index,collision_year,collision_reference,vehicle_reference,vehicle_type,towing_and_articulation,vehicle_manoeuvre,vehicle_direction_from,vehicle_direction_to,vehicle_location_restricted_lane,junction_location,skidding_and_overturning,hit_object_in_carriageway,vehicle_leaving_carriageway,hit_object_off_carriageway,first_point_of_impact,vehicle_left_hand_drive,journey_purpose_of_driver,sex_of_driver,age_of_driver,age_band_of_driver,engine_capacity_cc,propulsion_code,age_of_vehicle,generic_make_model,driver_imd_decile,driver_home_area_type,lsoa_of_driver,escooter_flag
Unvalidated,2024010506904,2024,010506904,1,3,0,5,3,7,0,1,1,0,0,0,1,1,6,1,17,4,-1,-1,-1,-1,4,1,E01003412,0
Unvalidated,2024010506904,2024,010506904,2,9,0,9,7,5,0,1,0,0,0,0,3,1,2,2,60,9,-1,-1,-1,-1,6,1,E01001077,0
Unvalidated,2024010506909,2024,010506909,1,97,0,99,9,9,99,0,9,99,9,99,1,1,6,3,-1,-1,-1,-1,-1,-1,-1,-1,-1,0
Unvalidated,2024010506910,2024,010506910,1,9,0,7,3,5,0,3,0,0,0,0,1,1,6,2,46,8,-1,-1,-1,-1,-1,-1,-1,0
Unvalidated,2024010506910,2024,010506910,2,1,0,7,1,4,0,3,2,0,0,0,4,1,1,1,66,10,-1,-1,-1,-1,4,1,E01004215,0
Unvalidated,2024010506911,2024,010506911,1,98,0,99,9,9,0,8,0,0,0,0,9,1,6,3,-1,-1,-1,-1,-1,-1,-1,-1,-1,0
Unvalidated,2024010506922,2024,010506922,1,1,9,99,9,9,99,9,9,99,9,99,9,1,6,1,50,8,-1,-1,-1,-1,3,1,E01002850,0
Unvalidated,2024010506922,2024,010506922,2,9,0,99,9,9,99,9,9,99,9,99,9,9,6,1,65,9,-1,-1,-1,-1,8,1,E01003361,0
Unvalidated,2024010506927,2024,010506927,1,19,0,9,1,8,0,1,0,0,0,0,3,1,1,1,60,9,-1,-1,-1,-1,10,1,E01023452,0
Unvalidated,2024010506927,2024,010506927,2,9,0,18,3,7,0,1,0,0,0,0,3,1,6,1,29,6,-1,-1,-1,-1,6,1,E01002373,0
Unvalidated,2024010506931,2024,010506931,1,11,0,18,5,1,0,1,0,0,0,0,0,1,1,1,41,7,-1,-1,-1,-1,3,1,E01002554,0
Unvalidated,2024010506933,2024,010506933,1,9,0,18,1,5,0,1,0,0,0,0,0,1,1,1,38,7,-1,-1,-1,-1,-1,-1,-1,0
Unvalidated,2024010506933,2024,010506933,2,97,0,18,1,5,9,1,0,0,0,0,1,1,6,3,-1,-1,-1,-1,-1,-1,-1,-1,-1,0
Unvalidated,2024010506935,2024,010506935,1,1,0,4,3,7,0,0,0,0,0,0,2,1,2,1,41,7,-1,-1,-1,-1,-1,1,-1,0
Unvalidated,2024010506935,2024,010506935,2,11,0,15,3,7,0,0,0,0,0,0,1,1,1,1,40,7,-1,-1,-1,-1,3,1,E01003575,0
Unvalidated,2024010506942,2024,010506942,1,9,0,99,9,9,0,0,0,0,0,0,9,9,6,2,36,7,-1,-1,-1,-1,3,1,E01000082,0
Unvalidated,2024010506942,2024,010506942,2,9,0,99,9,9,0,0,0,0,0,0,4,9,6,1,37,7,-1,-1,-1,-1,3,1,E01000055,0
Unvalidated,2024010506944,2024,010506944,1,9,0,1,7,1,9,1,0,0,0,0,1,1,6,3,-1,-1,-1,-1,-1,-1,-1,-1,-1,0
Unvalidated,2024010506945,2024,010506945,1,8,0,18,5,1,2,0,0,0,0,0,1,1,6,3,-1,-1,-1,-1,-1,-1,-1,-1,-1,0
Unvalidated,2024010506948,2024,010506948,1,9,0,9,3,1,0,6,0,0,0,0,4,1,6,1,22,5,-1,-1,-1,-1,-1,-1,-1,0
Unvalidated,2024010506948,2024,010506948,2,19,0,18,5,1,0,8,0,0,0,0,1,2,6,1,54,8,-1,-1,-1,-1,4,1,E01003743,0
Unvalidated,2024010506952,2024,010506952,1,9,0,10,5,2,0,1,0,0,0,0,1,1,6,1,21,5,-1,-1,-1,-1,2,1,E01001802,0
Unvalidated,2024010506952,2024,010506952,2,1,0,18,3,7,0,8,1,0,0,0,4,1,6,1,28,6,-1,-1,-1,-1,4,1,E01002884,0
Unvalidated,2024010506953,2024,010506953,1,3,0,18,7,3,0,0,0,11,0,0,1,1,6,3,-1,-1,-1,-1,-1,-1,-1,-1,-1,0
Unvalidated,2024010506955,2024,010506955,1,1,9,99,9,9,99,0,9,99,9,99,9,1,2,2,34,6,-1,-1,-1,-1,-1,-1,-1,0
Unvalidated,2024010506955,2024,010506955,2,1,9,99,9,9,99,0,9,99,9,99,1,1,6,3,-1,-1,-1,-1,-1,-1,-1,-1,-1,0
Unvalidated,2024010506957,2024,010506957,1,9,0,5,0,3,0,1,0,0,0,0,3,1,6,1,51,8,-1,-1,-1,-1,4,1,E01002607,0
Unvalidated,2024010506957,2024,010506957,2,3,0,5,7,3,0,1,0,0,0,0,4,1,6,1,39,7,-1,-1,-1,-1,3,1,E01002598,0
Unvalidated,2024010506960,2024,010506960,1,9,0,9,5,3,4,1,0,0,0,0,3,1,6,3,-1,-1,-1,-1,-1,-1,-1,-1,-1,0
Unvalidated,2024010506960,2024,010506960,2,1,0,18,5,1,4,1,0,0,0,0,3,1,1,1,49,8,-1,-1,-1,-1,4,1,E01001435,0
Unvalidated,2024010506962,2024,010506962,1,9,5,18,1,5,0,0,0,0,0,0,4,1,6,1,46,8,-1,-1,-1,-1,8,1,E01001994,0
Unvalidated,2024010506962,2024,010506962,2,3,5,18,5,1,0,0,0,0,0,0,4,1,6,1,39,7,-1,-1,-1,-1,3,1,E01002120,0
Unvalidated,2024010506966,2024,010506966,1,9,0,18,8,4,0,8,0,0,0,0,1,1,6,1,34,6,-1,-1,-1,-1,3,1,E01000185,0
Unvalidated,2024010506966,2024,010506966,2,9,0,18,1,5,0,1,0,0,0,0,3,1,6,2,34,6,-1,-1,-1,-1,2,1,E01000189,0
Unvalidated,2024010506966,2024,010506966,3,9,0,18,5,1,0,1,0,0,0,0,0,1,1,1,44,7,-1,-1,-1,-1,3,1,E01002030,0
Unvalidated,2024010506966,2024,010506966,4,9,0,2,0,0,0,2,0,0,0,0,3,1,6,3,-1,-1,-1,-1,-1,-1,-1,-1,-1,0
Unvalidated,2024010506966,2024,010506966,5,9,0,2,0,0,0,2,0,0,0,0,2,1,6,3,-1,-1,-1,-1,-1,-1,-1,-1,-1,0
Unvalidated,2024010506968,2024,010506968,1,1,9,99,9,9,99,9,9,99,9,99,1,1,1,1,23,5,-1,-1,-1,-1,2,1,E01001438,0
Unvalidated,2024010506968,2024,010506968,2,90,0,99,9,9,99,9,9,99,9,99,1,9,6,3,-1,-1,-1,-1,-1,-1,-1,-1,-1,0
Unvalidated,2024010506975,2024,010506975,1,9,0,18,3,7,0,0,0,0,0,0,1,1,6,1,71,10,-1,-1,-1,-1,8,1,E01030860,0
Unvalidated,2024010506975,2024,010506975,2,9,0,18,7,3,0,0,0,0,0,0,1,1,6,1,35,6,-1,-1,-1,-1,6,1,E01001064,0
Unvalidated,2024010506975,2024,010506975,3,9,0,18,7,3,0,0,0,1,0,0,1,1,6,1,50,8,-1,-1,-1,-1,-1,-1,-1,0
Unvalidated,2024010506975,2024,010506975,4,9,0,18,7,3,0,0,0,1,0,0,1,1,6,2,29,6,-1,-1,-1,-1,2,1,E01001057,0
Unvalidated,2024010506976,2024,010506976,1,3,0,99,9,9,99,9,9,99,9,99,9,1,1,1,30,6,-1,-1,-1,-1,5,1,E01003742,0
Unvalidated,2024010506976,2024,010506976,2,9,0,99,9,9,99,9,9,99,9,99,9,9,6,2,45,7,-1,-1,-1,-1,4,1,E01003560,0
Unvalidated,2024010506980,2024,010506980,1,9,0,99,9,9,99,9,9,99,9,99,9,9,2,1,36,7,-1,-1,-1,-1,4,1,E01023337,0
Unvalidated,2024010506986,2024,010506986,1,11,0,18,3,7,2,2,0,0,0,0,0,1,1,1,41,7,-1,-1,-1,-1,3,1,E01003592,0
Unvalidated,2024010506990,2024,010506990,1,3,0,18,1,5,9,5,0,0,0,0,1,1,6,1,28,6,-1,-1,-1,-1,9,1,E01014103,0
Unvalidated,2024010506990,2024,010506990,2,3,0,9,5,2,9,5,0,0,0,0,4,1,6,1,32,6,-1,-1,-1,-1,3,1,E01001117,0
Unvalidated,2024010507001,2024,010507001,1,9,0,3,2,6,0,8,0,0,0,0,2,1,6,2,33,6,-1,-1,-1,-1,10,1,W01000804,0
Unvalidated,2024010507001,2024,010507001,2,1,0,18,2,6,0,8,0,0,0,0,1,1,1,1,41,7,-1,-1,-1,-1,5,1,E01002426,0
Unvalidated,2024010507005,2024,010507005,1,1,9,99,9,9,99,0,9,99,9,99,2,1,1,1,18,4,-1,-1,-1,-1,2,1,E01004720,0
Unvalidated,2024010507005,2024,010507005,2,19,0,99,9,9,99,0,9,99,9,99,1,9,6,3,-1,-1,-1,-1,-1,-1,-1,-1,-1,0
Unvalidated,2024010507007,2024,010507007,1,9,0,10,1,7,0,5,0,0,0,0,1,1,3,2,31,6,-1,-1,-1,-1,2,1,E01000525,0
Unvalidated,2024010507013,2024,010507013,1,9,0,9,7,5,0,8,0,0,0,0,4,1,2,1,32,6,-1,-1,-1,-1,-1,-1,-1,0
Unvalidated,2024010507013,2024,010507013,2,9,0,18,7,3,0,8,0,0,0,0,4,1,6,1,45,7,-1,-1,-1,-1,-1,-1,-1,0
Unvalidated,2024010507015,2024,010507015,1,9,0,18,3,7,99,9,0,0,9,0,1,9,2,3,-1,-1,-1,-1,-1,-1,-1,-1,-1,0
Unvalidated,2024010507016,2024,010507016,1,1,0,99,9,9,0,9,0,99,9,0,9,1,6,3,-1,-1,-1,-1,-1,-1,-1,-1,-1,0
Unvalidated,2024010507020,2024,010507020,1,9,0,4,1,5,0,1,0,0,0,0,2,1,2,2,47,8,-1,-1,-1,-1,2,1,E01004007,0
Unvalidated,2024010507020,2024,010507020,2,9,0,4,5,1,0,1,0,0,0,0,2,1,2,2,42,7,-1,-1,-1,-1,1,1,E01004042,0
Unvalidated,2024010507021,2024,010507021,1,3,9,99,9,9,99,9,9,99,9,99,2,1,1,1,25,5,-1,-1,-1,-1,1,1,E01000643,0
Unvalidated,2024010507021,2024,010507021,2,9,9,99,9,9,99,9,9,99,9,99,2,9,6,3,-1,-1,-1,-1,-1,-1,-1,-1,-1,0
Unvalidated,2024010507025,2024,010507025,1,8,0,18,1,5,0,4,0,0,0,0,1,1,2,1,65,9,-1,-1,-1,-1,3,1,E01002595,0
Unvalidated,2024010507025,2024,010507025,2,9,0,18,1,5,0,4,0,0,0,0,1,1,2,1,53,8,-1,-1,-1,-1,-1,-1,-1,0
Unvalidated,2024010507027,2024,010507027,1,9,0,15,1,5,0,6,0,0,0,0,4,1,6,3,24,5,-1,-1,-1,-1,-1,-1,-1,0
Unvalidated,2024010507027,2024,010507027,2,1,0,18,1,5,0,1,0,0,0,0,2,1,2,1,45,7,-1,-1,-1,-1,5,1,E01003054,0
Unvalidated,2024010507032,2024,010507032,1,9,0,99,9,9,99,1,9,99,9,99,9,9,6,1,25,5,-1,-1,-1,-1,2,1,E01004004,0
Unvalidated,2024010507032,2024,010507032,2,5,9,18,3,7,0,1,9,99,9,99,9,1,6,3,-1,-1,-1,-1,-1,-1,-1,-1,-1,0
Unvalidated,2024010507034,2024,010507034,1,90,0,99,9,9,99,9,9,99,9,99,1,9,6,1,29,6,-1,-1,-1,-1,6,1,E01002166,0
Unvalidated,2024010507037,2024,010507037,1,3,0,99,9,9,99,9,9,99,9,99,9,1,2,3,36,7,-1,-1,-1,-1,5,1,E01000803,0
Unvalidated,2024010507037,2024,010507037,2,9,0,99,9,9,99,9,9,99,9,99,9,9,6,3,-1,-1,-1,-1,-1,-1,-1,-1,-1,0
Unvalidated,2024010507038,2024,010507038,1,9,0,18,7,3,0,1,0,0,0,0,0,1,6,1,50,8,-1,-1,-1,-1,2,1,E01033485,0
Unvalidated,2024010507038,2024,010507038,2,90,0,18,7,3,0,1,0,0,0,0,3,1,6,1,39,7,-1,-1,-1,-1,2,1,E01002856,0
Unvalidated,2024010507039,2024,010507039,1,19,0,5,1,5,0,8,1,0,0,0,1,1,6,1,19,4,-1,-1,-1,-1,2,1,E01033000,0
Unvalidated,2024010507039,2024,010507039,2,9,0,18,5,1,0,8,0,0,0,0,1,1,6,1,73,10,-1,-1,-1,-1,9,1,E01003809,0
Unvalidated,2024010507043,2024,010507043,1,1,0,18,1,5,0,6,0,0,0,0,3,1,1,2,25,5,-1,-1,-1,-1,2,1,E01003046,0
Unvalidated,2024010507043,2024,010507043,2,9,0,5,1,5,0,2,0,0,0,0,3,1,1,1,27,6,-1,-1,-1,-1,3,1,E01001673,0
Unvalidated,2024010507044,2024,010507044,1,1,9,99,9,9,99,9,9,99,9,99,1,1,6,1,66,10,-1,-1,-1,-1,2,1,E01001828,0
Unvalidated,2024010507044,2024,010507044,2,9,0,99,9,9,99,9,9,99,9,99,9,9,6,3,-1,-1,-1,-1,-1,-1,-1,-1,-1,0
Unvalidated,2024010507045,2024,010507045,1,9,9,3,3,7,99,0,9,99,9,99,9,9,6,2,50,8,-1,-1,-1,-1,3,1,E01004182,0
Unvalidated,2024010507045,2024,010507045,2,9,9,14,3,7,99,0,9,99,9,99,9,9,6,2,-1,-1,-1,-1,-1,-1,5,1,E01001099,0
Unvalidated,2024010507049,2024,010507049,1,3,0,99,9,9,99,0,9,99,9,99,9,1,2,1,29,6,-1,-1,-1,-1,8,1,E01003445,0
Unvalidated,2024010507049,2024,010507049,2,9,0,99,9,9,99,0,9,99,9,99,1,9,6,1,58,9,-1,-1,-1,-1,6,1,E01021435,0
Unvalidated,2024010507050,2024,010507050,1,9,0,9,7,5,0,8,0,0,0,0,1,1,6,2,31,6,-1,-1,-1,-1,4,1,E01003178,0
Unvalidated,2024010507050,2024,010507050,2,3,0,18,3,7,0,8,0,0,0,0,1,1,6,1,23,5,-1,-1,-1,-1,-1,-1,-1,0
Unvalidated,2024010507051,2024,010507051,1,9,0,18,5,1,0,8,0,0,3,0,4,1,6,3,-1,-1,-1,-1,-1,-1,-1,-1,-1,0
Unvalidated,2024010507052,2024,010507052,1,9,0,3,1,5,0,0,0,0,0,0,2,2,1,1,45,7,-1,-1,-1,-1,-1,-1,-1,0
Unvalidated,2024010507052,2024,010507052,2,19,0,5,1,5,0,0,0,0,0,0,1,1,6,1,53,8,-1,-1,-1,-1,2,1,E01024165,0
Unvalidated,2024010507056,2024,010507056,1,9,0,18,7,3,0,8,0,0,0,0,1,1,1,1,48,8,-1,-1,-1,-1,5,1,E01004733,0
Unvalidated,2024010507056,2024,010507056,2,9,0,18,5,1,0,8,0,0,0,0,1,1,6,1,49,8,-1,-1,-1,-1,1,1,E01007529,0
Unvalidated,2024010507057,2024,010507057,1,11,0,4,5,1,0,0,0,0,0,0,1,1,6,2,31,6,-1,-1,-1,-1,9,2,E01023525,0
Unvalidated,2024010507059,2024,010507059,1,3,0,99,9,9,99,9,9,99,9,99,1,1,1,3,35,6,-1,-1,-1,-1,6,1,E01015402,0
Unvalidated,2024010507059,2024,010507059,2,9,0,99,9,9,99,9,9,99,9,99,1,9,6,3,-1,-1,-1,-1,-1,-1,-1,-1,-1,0
Unvalidated,2024010507060,2024,010507060,1,3,0,99,9,9,99,2,9,99,9,99,9,1,1,3,26,6,-1,-1,-1,-1,7,1,E01000573,0
Unvalidated,2024010507060,2024,010507060,2,9,9,99,9,9,99,4,9,99,9,99,9,9,6,3,-1,-1,-1,-1,-1,-1,-1,-1,-1,0
Unvalidated,2024010507062,2024,010507062,1,3,0,99,9,9,99,9,9,99,9,99,9,1,1,1,23,5,-1,-1,-1,-1,1,1,E01001458,0
Unvalidated,2024010507062,2024,010507062,2,10,0,99,9,9,99,9,9,99,9,99,9,9,6,1,58,9,-1,-1,-1,-1,1,1,E01001483,0
Unvalidated,2024010507063,2024,010507063,1,9,9,99,9,9,0,9,0,0,0,0,1,9,6,3,-1,-1,-1,-1,-1,-1,-1,-1,-1,0
Unvalidated,2024010507063,2024,010507063,2,1,0,18,3,7,0,1,0,0,0,0,3,1,2,1,24,5,-1,-1,-1,-1,5,1,E01000494,0
Unvalidated,2024010507064,2024,010507064,1,11,0,18,1,5,0,1,0,0,0,0,1,1,1,2,39,7,-1,-1,-1,-1,3,1,E01003143,0
Unvalidated,2024010507070,2024,010507070,1,9,0,99,9,9,99,0,9,99,9,99,2,9,2,2,51,8,-1,-1,-1,-1,9,1,E01030844,0
Unvalidated,2024010507070,2024,010507070,2,9,0,99,9,9,99,0,9,99,9,99,9,9,6,3,-1,-1,-1,-1,-1,-1,-1,-1,-1,0
Unvalidated,2024010507074,2024,010507074,1,9,0,18,5,1,0,1,0,0,0,0,2,1,6,3,-1,-1,-1,-1,-1,-1,-1,-1,-1,0
Unvalidated,2024010507074,2024,010507074,2,9,0,4,5,1,0,1,0,0,0,0,1,1,6,1,54,8,-1,-1,-1,-1,5,1,E01003756,0
Unvalidated,2024010507074,2024,010507074,3,9,0,18,1,5,0,8,0,0,0,0,1,1,6,1,20,4,-1,-1,-1,-1,5,1,E01003772,0
Unvalidated,2024010507074,2024,010507074,4,19,0,3,5,1,0,1,0,0,0,0,1,1,1,1,49,8,-1,-1,-1,-1,-1,-1,-1,0
Unvalidated,2024010507074,2024,010507074,5,19,0,18,5,1,0,1,0,0,0,0,1,1,1,1,59,9,-1,-1,-1,-1,6,1,E01003711,0
Unvalidated,2024010507074,2024,010507074,6,9,0,18,1,5,9,1,0,0,0,0,1,1,1,1,39,7,-1,-1,-1,-1,4,1,E01003666,0
Unvalidated,2024010507081,2024,010507081,1,9,9,99,9,9,99,9,9,99,9,99,9,9,6,3,-1,-1,-1,-1,-1,-1,-1,-1,-1,0
Unvalidated,2024010507082,2024,010507082,1,2,0,17,7,3,0,1,0,0,0,0,1,1,6,1,-1,-1,-1,-1,-1,-1,-1,-1,-1,0
Unvalidated,2024010507086,2024,010507086,1,11,0,5,5,1,0,8,0,0,0,0,0,1,1,1,62,9,-1,-1,-1,-1,2,1,E01001219,0
Unvalidated,2024010507090,2024,010507090,1,1,9,99,9,9,99,9,9,99,9,99,9,1,1,1,57,9,-1,-1,-1,-1,3,1,E01000872,0
Unvalidated,2024010507090,2024,010507090,2,9,0,99,9,9,99,9,9,99,9,99,1,9,6,1,35,6,-1,-1,-1,-1,-1,-1,-1,0
Unvalidated,2024010507091,2024,010507091,1,1,9,99,9,9,99,9,9,99,9,99,1,1,6,1,33,6,-1,-1,-1,-1,2,1,E01002566,0
Unvalidated,2024010507091,2024,010507091,2,9,0,99,9,9,99,9,9,99,9,99,9,9,6,3,-1,-1,-1,-1,-1,-1,-1,-1,-1,0
Unvalidated,2024010507092,2024,010507092,1,9,0,18,7,3,0,2,0,0,0,0,1,1,6,1,35,6,-1,-1,-1,-1,6,1,E01005694,0
Unvalidated,2024010507093,2024,010507093,1,3,0,17,1,5,0,1,0,0,0,0,4,1,6,1,32,6,-1,-1,-1,-1,-1,-1,-1,0
Unvalidated,2024010507093,2024,010507093,2,19,0,9,5,2,0,1,0,0,0,0,4,1,1,1,37,7,-1,-1,-1,-1,6,1,E01003754,0
Unvalidated,2024010507095,2024,010507095,1,1,9,99,9,9,99,0,9,99,9,99,1,1,6,1,21,5,-1,-1,-1,-1,4,1,E01003210,0
Unvalidated,2024010507096,2024,010507096,1,11,0,18,1,5,0,6,0,0,0,0,0,1,1,1,57,9,-1,-1,-1,-1,7,1,E01004102,0
Unvalidated,2024010507099,2024,010507099,1,9,0,4,7,3,0,1,0,0,0,0,1,2,2,2,34,6,-1,-1,-1,-1,4,1,E01003169,0
Unvalidated,2024010507099,2024,010507099,2,23,0,18,7,3,0,1,0,0,0,0,2,1,1,1,31,6,-1,-1,-1,-1,2,1,E01001161,0
Unvalidated,2024010507102,2024,010507102,1,11,0,18,1,5,0,1,0,0,0,0,0,1,1,1,53,8,-1,-1,-1,-1,4,1,E01003332,0
Unvalidated,2024010507106,2024,010507106,1,2,0,13,3,7,0,1,1,0,0,0,3,1,6,1,24,5,-1,-1,-1,-1,2,1,E01001911,0
Unvalidated,2024010507106,2024,010507106,2,9,0,6,4,4,0,6,0,0,0,0,3,1,6,1,37,7,-1,-1,-1,-1,3,1,E01004743,0
Unvalidated,2024010507106,2024,010507106,3,19,0,3,3,7,0,1,0,0,0,0,2,1,1,1,43,7,-1,-1,-1,-1,6,2,E01016304,0
Unvalidated,2024010507108,2024,010507108,1,9,0,5,3,7,0,1,0,0,0,0,1,1,2,2,61,9,-1,-1,-1,-1,9,1,E01001104,0
Unvalidated,2024010507113,2024,010507113,1,3,0,18,1,5,0,1,0,0,0,0,4,1,6,1,21,5,-1,-1,-1,-1,4,1,E01002603,0
Unvalidated,2024010507113,2024,010507113,2,9,0,10,3,1,0,1,0,0,0,0,1,1,6,1,33,6,-1,-1,-1,-1,-1,-1,-1,0
Unvalidated,2024010507119,2024,010507119,1,1,9,99,9,9,99,9,9,99,9,99,1,1,6,3,-1,-1,-1,-1,-1,-1,-1,-1,-1,0
Unvalidated,2024010507119,2024,010507119,2,1,9,99,9,9,99,9,9,99,9,99,9,1,2,1,43,7,-1,-1,-1,-1,8,1,E01002890,0
Unvalidated,2024010507124,2024,010507124,1,11,0,9,1,8,0,5,0,0,0,0,4,1,1,1,45,7,-1,-1,-1,-1,3,1,E01001117,0
Unvalidated,2024010507124,2024,010507124,2,1,0,18,5,1,0,1,0,0,0,0,1,1,2,1,29,6,-1,-1,-1,-1,6,1,E01004608,0
Unvalidated,2024010507126,2024,010507126,1,9,0,9,1,6,0,1,5,4,0,0,1,1,6,1,87,11,-1,-1,-1,-1,-1,-1,-1,0
Unvalidated,2024010507126,2024,010507126,2,9,0,2,0,0,0,1,0,0,0,0,3,1,6,3,-1,-1,-1,-1,-1,-1,-1,-1,-1,0
Unvalidated,2024010507126,2024,010507126,3,19,0,2,0,0,0,1,0,0,0,0,3,1,6,3,-1,-1,-1,-1,-1,-1,-1,-1,-1,0
Unvalidated,2024010507130,2024,010507130,1,5,0,18,1,5,0,1,5,0,0,0,1,1,6,1,26,6,-1,-1,-1,-1,2,1,E01000525,0
Unvalidated,2024010507130,2024,010507130,2,9,0,6,7,7,0,6,0,0,0,0,4,1,2,1,33,6,-1,-1,-1,-1,5,1,E01003433,0
Unvalidated,2024010507132,2024,010507132,1,19,0,18,7,3,0,1,0,0,0,0,1,1,6,1,60,9,-1,-1,-1,-1,4,1,E01000618,0
Unvalidated,2024010507132,2024,010507132,2,9,0,18,3,7,0,1,0,0,0,0,1,1,2,1,41,7,-1,-1,-1,-1,8,3,E01017461,0
Unvalidated,2024010507133,2024,010507133,1,19,0,9,1,6,0,2,0,0,0,0,1,1,1,1,52,8,-1,-1,-1,-1,-1,-1,-1,0
Unvalidated,2024010507136,2024,010507136,1,9,0,99,9,9,99,0,9,99,9,99,2,9,6,2,26,6,-1,-1,-1,-1,3,1,E01002027,0
Unvalidated,2024010507136,2024,010507136,2,9,0,99,9,9,99,0,9,99,9,99,9,9,6,3,-1,-1,-1,-1,-1,-1,2,1,E01005207,0
Unvalidated,2024010507136,2024,010507136,3,9,0,99,9,9,99,0,9,99,9,99,2,9,6,3,-1,-1,-1,-1,-1,-1,-1,-1,-1,0
Unvalidated,2024010507147,2024,010507147,1,1,9,99,9,9,99,9,9,99,9,99,1,1,2,1,30,6,-1,-1,-1,-1,6,1,E01004146,0
Unvalidated,2024010507148,2024,010507148,1,1,0,18,1,5,0,2,5,0,0,0,1,1,6,1,38,7,-1,-1,-1,-1,2,1,E01001161,0
Unvalidated,2024010507148,2024,010507148,2,1,0,18,1,5,0,2,0,0,0,0,2,1,2,1,32,6,-1,-1,-1,-1,5,1,E01003247,0
Unvalidated,2024010507148,2024,010507148,3,4,0,18,5,1,0,2,2,0,0,0,1,1,6,3,-1,-1,-1,-1,-1,-1,-1,-1,-1,0
Unvalidated,2024010507153,2024,010507153,1,5,0,18,1,5,0,1,0,0,0,0,1,1,6,1,22,5,-1,-1,-1,-1,2,1,E01001947,0
Unvalidated,2024010507153,2024,010507153,2,3,0,9,5,4,0,1,0,0,0,0,1,1,2,2,26,6,-1,-1,-1,-1,6,1,E01002117,0
Unvalidated,2024010507155,2024,010507155,1,19,0,99,9,9,0,0,0,0,0,0,1,1,6,3,-1,-1,-1,-1,-1,-1,-1,-1,-1,0
Unvalidated,2024010507174,2024,010507174,1,9,0,9,6,3,0,6,0,0,0,0,3,1,6,1,51,8,-1,-1,-1,-1,3,1,E01001318,0
Unvalidated,2024010507174,2024,010507174,2,3,0,9,1,6,0,6,0,0,0,0,1,1,6,1,26,6,-1,-1,-1,-1,3,1,E01004568,0
Unvalidated,2024010507178,2024,010507178,1,9,0,10,3,8,0,8,0,0,0,0,2,1,6,1,63,9,-1,-1,-1,-1,2,1,E01002056,0
Unvalidated,2024010507178,2024,010507178,2,9,0,18,3,7,0,8,0,0,0,0,1,1,6,3,-1,-1,-1,-1,-1,-1,1,1,E01001461,0
Unvalidated,2024010507179,2024,010507179,1,8,0,18,3,7,0,2,0,0,0,0,1,1,1,1,44,7,-1,-1,-1,-1,3,1,E01032581,0
Unvalidated,2024010507181,2024,010507181,1,9,0,11,7,3,0,2,0,0,0,0,1,1,6,1,21,5,-1,-1,-1,-1,3,1,E01003539,0
Unvalidated,2024010507181,2024,010507181,2,9,0,18,7,3,0,2,1,0,0,0,2,1,6,1,41,7,-1,-1,-1,-1,-1,-1,-1,0
Unvalidated,2024010507185,2024,010507185,1,9,0,18,6,2,0,1,0,0,0,0,1,1,6,1,35,6,-1,-1,-1,-1,6,1,E01001496,0
Unvalidated,2024010507186,2024,010507186,1,11,0,5,0,1,2,0,0,0,0,0,0,1,6,1,62,9,-1,-1,-1,-1,5,1,E01003085,0
Unvalidated,2024010507186,2024,010507186,2,9,0,18,5,1,0,0,0,0,0,0,1,1,6,3,-1,-1,-1,-1,-1,-1,2,1,E01004062,0
Unvalidated,2024010507187,2024,010507187,1,9,0,18,1,5,0,1,0,0,0,0,1,1,1,1,42,7,-1,-1,-1,-1,7,1,E01000710,0
Unvalidated,2024010507187,2024,010507187,2,9,0,18,1,5,0,1,0,0,0,0,3,1,1,1,55,8,-1,-1,-1,-1,1,1,E01003047,0
Unvalidated,2024010507191,2024,010507191,1,9,0,9,5,2,0,6,0,0,0,0,4,1,6,1,34,6,-1,-1,-1,-1,2,1,E01001460,0
Unvalidated,2024010507191,2024,010507191,2,9,0,9,2,7,0,1,0,0,0,0,1,1,6,1,21,5,-1,-1,-1,-1,6,1,E01002844,0
Unvalidated,2024010507192,2024,010507192,1,9,0,18,1,5,0,0,0,4,0,0,1,1,6,1,66,10,-1,-1,-1,-1,2,1,E01003049,0
Unvalidated,2024010507192,2024,010507192,2,9,0,2,0,0,0,0,0,0,0,0,3,1,6,3,-1,-1,-1,-1,-1,-1,-1,-1,-1,0
Unvalidated,2024010507192,2024,010507192,3,19,0,2,0,0,0,0,0,0,0,0,3,1,6,3,-1,-1,-1,-1,-1,-1,-1,-1,-1,0
Unvalidated,2024010507193,2024,010507193,1,3,0,18,5,1,0,8,0,0,0,0,1,1,6,1,24,5,-1,-1,-1,-1,-1,-1,-1,0
Unvalidated,2024010507193,2024,010507193,2,1,0,18,8,4,4,8,0,0,0,0,1,1,6,1,24,5,-1,-1,-1,-1,3,1,E01004709,0
Unvalidated,2024010507203,2024,010507203,1,9,0,18,3,7,0,0,1,10,1,9,1,1,2,1,33,6,-1,-1,-1,-1,9,1,E01029512,0
Unvalidated,2024010507206,2024,010507206,1,19,0,7,1,4,0,2,0,0,0,0,1,1,1,1,51,8,-1,-1,-1,-1,9,1,E01023580,0
Unvalidated,2024010507210,2024,010507210,1,3,0,18,1,5,0,0,1,0,0,0,3,1,6,1,25,5,-1,-1,-1,-1,-1,-1,-1,0