status,collision_index,collision_year,collision_reference,vehicle_reference,vehicle_type,towing_and_articulation,vehicle_manoeuvre,vehicle_direction_from,vehicle_direction_to,vehicle_location_restricted_lane,junction_location,skidding_and_overturning,hit_object_in_carriageway,vehicle_leaving_carriageway,hit_object_off_carriageway,first_point_of_impact,vehicle_left_hand_drive,journey_purpose_of_driver,sex_of_driver,age_of_driver,age_band_of_driver,engine_capacity_cc,propulsion_code,age_of_vehicle,generic_make_model,driver_imd_decile,driver_home_area_type,lsoa_of_driver,escooter_flag
Unvalidated,2024010507210,2024,010507210,2,9,0,18,1,5,0,0,0,0,0,0,4,1,6,3,-1,-1,-1,-1,-1,-1,-1,-1,-1,0
Unvalidated,2024010507211,2024,010507211,1,1,9,99,9,9,99,9,9,99,9,99,1,1,2,1,43,7,-1,-1,-1,-1,5,1,E01003116,0
Unvalidated,2024010507211,2024,010507211,2,8,0,99,9,9,99,9,9,99,9,99,1,9,6,3,61,9,-1,-1,-1,-1,2,1,E01004004,0
Unvalidated,2024010507212,2024,010507212,1,3,0,18,5,1,0,0,0,0,0,0,1,1,6,3,-1,-1,-1,-1,-1,-1,-1,-1,-1,0
Unvalidated,2024010507218,2024,010507218,1,3,0,99,9,9,99,9,9,99,9,99,9,1,6,1,22,5,-1,-1,-1,-1,3,1,E01001203,0
Unvalidated,2024010507218,2024,010507218,2,9,0,99,9,9,99,9,9,99,9,99,9,9,6,3,31,6,-1,-1,-1,-1,2,1,E01003601,0
Unvalidated,2024010507222,2024,010507222,1,9,0,18,7,3,0,8,0,0,0,0,1,1,1,1,52,8,-1,-1,-1,-1,4,1,E01002600,0
Unvalidated,2024010507222,2024,010507222,2,1,0,18,5,1,0,8,0,0,0,0,1,1,6,1,17,4,-1,-1,-1,-1,4,1,E01002425,0
Unvalidated,2024010507224,2024,010507224,1,11,0,16,3,7,2,8,0,0,0,0,1,1,1,1,32,6,-1,-1,-1,-1,2,1,E01000863,0
Unvalidated,2024010507238,2024,010507238,1,11,0,5,1,5,2,1,0,0,0,0,4,1,1,1,54,8,-1,-1,-1,-1,-1,-1,-1,0
Unvalidated,2024010507239,2024,010507239,1,1,9,99,9,9,99,9,9,99,9,99,2,1,6,1,37,7,-1,-1,-1,-1,2,1,E01004746,0
Unvalidated,2024010507239,2024,010507239,2,9,0,99,9,9,99,9,9,99,9,99,9,9,6,3,-1,-1,-1,-1,-1,-1,-1,-1,-1,0
Unvalidated,2024010507241,2024,010507241,1,4,0,12,5,1,0,8,0,0,0,0,1,1,6,2,50,8,-1,-1,-1,-1,-1,-1,-1,0
Unvalidated,2024010507241,2024,010507241,2,9,0,18,1,5,0,1,0,0,0,0,1,1,6,2,55,8,-1,-1,-1,-1,4,1,E01004551,0
Unvalidated,2024010507243,2024,010507243,1,9,0,99,9,9,99,0,9,99,9,99,2,1,6,3,55,8,-1,-1,-1,-1,4,1,E01000428,0
Unvalidated,2024010507243,2024,010507243,2,19,0,99,9,9,99,0,9,99,9,99,1,1,6,3,-1,-1,-1,-1,-1,-1,-1,-1,-1,0
Unvalidated,2024010507244,2024,010507244,1,1,9,99,9,9,99,9,9,99,9,99,1,1,2,1,38,7,-1,-1,-1,-1,4,1,E01000625,0
Unvalidated,2024010507244,2024,010507244,2,9,0,99,9,9,99,9,9,99,9,99,1,9,6,3,-1,-1,-1,-1,-1,-1,-1,-1,-1,0
Unvalidated,2024010507248,2024,010507248,1,11,0,4,3,7,0,1,0,0,0,0,0,1,1,1,24,5,-1,-1,-1,-1,-1,-1,-1,0
Unvalidated,2024010507250,2024,010507250,1,9,0,9,3,1,0,8,0,0,0,0,1,1,6,2,53,8,-1,-1,-1,-1,7,3,E01017423,0
Unvalidated,2024010507251,2024,010507251,1,3,0,99,9,9,99,9,9,99,9,99,9,1,1,1,33,6,-1,-1,-1,-1,6,3,E01024084,0
Unvalidated,2024010507251,2024,010507251,2,9,0,99,9,9,99,9,9,99,9,99,9,9,6,3,-1,-1,-1,-1,-1,-1,-1,-1,-1,0
Unvalidated,2024010507256,2024,010507256,1,9,0,3,3,7,0,1,0,0,0,0,4,1,6,2,18,4,-1,-1,-1,-1,4,2,E01002440,0
Unvalidated,2024010507256,2024,010507256,2,9,0,18,1,5,0,1,0,0,0,0,4,1,6,1,49,8,-1,-1,-1,-1,-1,-1,-1,0
Unvalidated,2024010507263,2024,010507263,1,9,0,99,9,9,99,0,9,99,9,99,9,9,6,2,25,5,-1,-1,-1,-1,1,1,E01004042,0
Unvalidated,2024010507263,2024,010507263,2,9,9,99,9,9,99,0,9,99,9,99,9,9,6,3,-1,-1,-1,-1,-1,-1,-1,-1,-1,0
Unvalidated,2024010507265,2024,010507265,1,1,9,99,9,9,99,9,9,99,9,99,9,1,6,1,16,4,-1,-1,-1,-1,4,1,E01001194,0
Unvalidated,2024010507265,2024,010507265,2,9,0,99,9,9,99,9,9,99,9,99,9,9,6,3,-1,-1,-1,-1,-1,-1,-1,-1,-1,0
Unvalidated,2024010507268,2024,010507268,1,5,0,9,5,2,0,6,0,0,0,0,1,1,6,1,23,5,-1,-1,-1,-1,4,1,E01000943,0
Unvalidated,2024010507270,2024,010507270,1,3,0,99,9,9,99,2,9,99,9,99,9,1,2,1,41,7,-1,-1,-1,-1,7,1,E01000362,0
Unvalidated,2024010507270,2024,010507270,2,8,0,99,9,9,99,1,9,99,9,99,1,9,6,3,41,7,-1,-1,-1,-1,1,1,E01002852,0
Unvalidated,2024010507278,2024,010507278,1,97,0,18,8,4,0,0,0,0,0,0,1,1,6,3,-1,-1,-1,-1,-1,-1,-1,-1,-1,0
Unvalidated,2024010507278,2024,010507278,2,22,0,18,1,5,0,0,0,0,0,0,3,1,6,2,60,9,-1,-1,-1,-1,4,1,E01002103,0
Unvalidated,2024010507280,2024,010507280,1,19,0,9,1,6,0,1,0,0,0,0,1,1,2,1,37,7,-1,-1,-1,-1,4,1,E01000503,0
Unvalidated,2024010507280,2024,010507280,2,3,0,14,1,5,0,1,0,0,0,0,1,1,2,1,28,6,-1,-1,-1,-1,3,1,E01000644,0
Unvalidated,2024010507281,2024,010507281,1,9,0,99,9,9,99,9,9,99,9,99,9,9,6,1,30,6,-1,-1,-1,-1,5,1,E01002167,0
Unvalidated,2024010507281,2024,010507281,2,19,0,99,9,9,99,9,9,99,9,99,9,9,6,3,-1,-1,-1,-1,-1,-1,-1,-1,-1,0
Unvalidated,2024010507283,2024,010507283,1,9,0,18,5,1,0,0,0,0,0,0,1,1,6,2,23,5,-1,-1,-1,-1,2,1,E01004014,0
Unvalidated,2024010507283,2024,010507283,2,9,0,12,5,1,6,0,0,0,0,0,3,1,6,1,60,9,-1,-1,-1,-1,2,1,E01002804,0
Unvalidated,2024010507288,2024,010507288,1,11,0,5,7,3,0,1,0,0,0,0,0,1,1,2,41,7,-1,-1,-1,-1,2,1,E01032579,0
Unvalidated,2024010507289,2024,010507289,1,3,0,18,7,3,0,2,0,0,7,0,4,1,6,1,21,5,-1,-1,-1,-1,7,1,E01001457,0
Unvalidated,2024010507289,2024,010507289,2,9,0,12,7,3,0,2,0,0,0,0,3,1,6,1,34,6,-1,-1,-1,-1,10,1,E01024102,0
Unvalidated,2024010507290,2024,010507290,1,9,0,18,3,7,0,7,0,0,0,0,4,1,6,1,25,5,-1,-1,-1,-1,4,1,E01001463,0
Unvalidated,2024010507290,2024,010507290,2,9,0,18,5,1,0,6,0,0,0,0,1,1,6,1,21,5,-1,-1,-1,-1,1,1,E01003291,0
Unvalidated,2024010507291,2024,010507291,1,3,0,18,4,8,0,1,0,0,0,0,1,1,6,1,16,4,-1,-1,-1,-1,6,1,E01004653,0
Unvalidated,2024010507291,2024,010507291,2,9,0,18,4,8,0,1,0,0,0,0,0,1,1,1,42,7,-1,-1,-1,-1,7,1,E01002817,0
Unvalidated,2024010507297,2024,010507297,1,3,0,3,3,7,0,1,0,0,0,0,2,1,6,1,29,6,-1,-1,-1,-1,2,1,E01004539,0
Unvalidated,2024010507297,2024,010507297,2,9,0,18,3,7,0,1,0,0,0,0,1,1,6,1,46,8,-1,-1,-1,-1,6,1,E01003163,0
Unvalidated,2024010507299,2024,010507299,1,9,0,99,9,9,99,9,9,99,9,99,9,9,6,1,62,9,-1,-1,-1,-1,3,1,E01002151,0
Unvalidated,2024010507299,2024,010507299,2,19,0,99,9,9,99,9,9,99,9,99,9,9,6,3,39,7,-1,-1,-1,-1,2,1,E01002633,0
Unvalidated,2024010507300,2024,010507300,1,9,0,11,7,3,0,0,5,0,0,0,4,1,6,1,39,7,-1,-1,-1,-1,4,1,E01002576,0
Unvalidated,2024010507300,2024,010507300,2,9,0,18,7,3,0,0,0,0,0,0,0,1,6,1,54,8,-1,-1,-1,-1,4,1,E01023146,0
Unvalidated,2024010507307,2024,010507307,1,9,0,18,5,1,0,1,1,0,1,2,1,1,6,1,59,9,-1,-1,-1,-1,6,1,E01004174,0
Unvalidated,2024010507314,2024,010507314,1,9,0,18,5,1,0,4,0,0,0,0,1,1,6,2,23,5,-1,-1,-1,-1,10,1,E01001533,0
Unvalidated,2024010507314,2024,010507314,2,9,0,18,5,1,0,4,0,0,0,0,3,1,2,1,56,9,-1,-1,-1,-1,7,1,E01004153,0
Unvalidated,2024010507315,2024,010507315,1,9,0,18,1,5,0,0,0,0,0,0,1,1,6,1,22,5,-1,-1,-1,-1,5,1,E01002632,0
Unvalidated,2024010507315,2024,010507315,2,9,0,18,1,5,0,0,0,0,0,0,0,1,6,2,36,7,-1,-1,-1,-1,3,1,E01002647,0
Unvalidated,2024010507315,2024,010507315,3,9,0,12,1,5,0,0,0,0,0,0,0,1,6,1,32,6,-1,-1,-1,-1,3,1,E01002542,0
Unvalidated,2024010507320,2024,010507320,1,9,0,18,3,7,0,8,0,0,0,0,1,1,6,1,24,5,-1,-1,-1,-1,6,1,E01023934,0
Unvalidated,2024010507320,2024,010507320,2,9,0,18,5,1,0,8,0,0,7,0,1,1,6,1,23,5,-1,-1,-1,-1,5,1,E01024673,0
Unvalidated,2024010507324,2024,010507324,1,3,0,3,3,7,0,1,0,0,0,0,2,1,1,1,39,7,-1,-1,-1,-1,-1,-1,-1,0
Unvalidated,2024010507324,2024,010507324,2,9,0,5,3,7,0,1,0,0,0,0,1,1,6,1,34,6,-1,-1,-1,-1,4,1,E01003513,0
Unvalidated,2024010507328,2024,010507328,1,9,0,18,8,4,0,1,0,0,7,2,1,1,6,1,50,8,-1,-1,-1,-1,9,1,E01004095,0
Unvalidated,2024010507328,2024,010507328,2,9,0,18,8,4,0,1,0,0,0,0,0,1,6,1,29,6,-1,-1,-1,-1,3,1,E01002560,0
Unvalidated,2024010507330,2024,010507330,1,9,0,99,9,9,99,9,9,99,9,99,2,9,6,1,45,7,-1,-1,-1,-1,6,1,E01031637,0
Unvalidated,2024010507330,2024,010507330,2,9,0,99,9,9,99,9,9,99,9,99,1,9,6,3,18,4,-1,-1,-1,-1,6,1,E01001075,0
Unvalidated,2024010507333,2024,010507333,1,9,0,5,7,3,0,3,0,0,0,0,3,1,1,1,56,9,-1,-1,-1,-1,-1,-1,-1,0
Unvalidated,2024010507336,2024,010507336,1,21,1,18,3,7,0,8,0,0,0,0,1,1,1,1,58,9,-1,-1,-1,-1,4,1,E01031573,0
Unvalidated,2024010507336,2024,010507336,2,9,0,18,7,3,0,8,0,7,7,1,1,1,6,1,59,9,-1,-1,-1,-1,3,1,E01024169,0
Unvalidated,2024010507338,2024,010507338,1,97,0,18,5,1,0,0,0,0,0,0,1,1,6,3,-1,-1,-1,-1,-1,-1,-1,-1,-1,0
Unvalidated,2024010507339,2024,010507339,1,9,0,18,5,1,0,2,0,0,0,0,1,1,6,1,47,8,-1,-1,-1,-1,6,1,E01031656,0
Unvalidated,2024010507340,2024,010507340,1,19,0,18,1,5,0,2,1,10,0,0,1,1,6,1,35,6,-1,-1,-1,-1,7,1,E01003956,0
Unvalidated,2024010507345,2024,010507345,1,9,0,3,9,9,99,9,9,99,9,99,9,9,6,1,20,4,-1,-1,-1,-1,3,1,E01000750,0
Unvalidated,2024010507345,2024,010507345,2,9,0,12,9,9,0,9,0,99,0,0,9,1,6,2,38,7,-1,-1,-1,-1,10,1,E01016054,0
Unvalidated,2024010507346,2024,010507346,1,3,0,18,6,2,0,0,0,0,0,0,1,1,1,1,20,4,-1,-1,-1,-1,7,1,E01002111,0
Unvalidated,2024010507347,2024,010507347,1,9,0,3,1,5,0,1,0,0,0,0,2,1,1,1,48,8,-1,-1,-1,-1,2,1,E01000902,0
Unvalidated,2024010507347,2024,010507347,2,9,0,18,1,5,0,1,0,4,0,0,1,1,6,1,34,6,-1,-1,-1,-1,4,1,E01000940,0
Unvalidated,2024010507350,2024,010507350,1,9,0,18,5,1,0,1,0,0,0,0,1,1,1,1,36,7,-1,-1,-1,-1,7,1,E01003395,0
Unvalidated,2024010507350,2024,010507350,2,9,0,10,7,5,0,1,0,0,0,0,1,1,6,1,19,4,-1,-1,-1,-1,4,1,E01030676,0
Unvalidated,2024010507351,2024,010507351,1,3,0,4,3,7,0,0,0,0,0,0,1,1,6,1,25,5,-1,-1,-1,-1,3,1,E01001649,0
Unvalidated,2024010507351,2024,010507351,2,9,0,6,7,7,0,0,0,0,0,0,4,1,6,3,-1,-1,-1,-1,-1,-1,-1,-1,-1,0
Unvalidated,2024010507357,2024,010507357,1,9,0,13,7,3,0,1,0,0,0,0,1,1,6,1,17,4,-1,-1,-1,-1,-1,-1,-1,0
Unvalidated,2024010507357,2024,010507357,2,9,0,18,7,3,0,1,0,0,0,0,0,1,6,1,38,7,-1,-1,-1,-1,-1,-1,-1,0
Unvalidated,2024010507357,2024,010507357,3,9,0,18,7,3,0,1,0,0,0,0,3,1,6,2,55,8,-1,-1,-1,-1,-1,-1,-1,0
Unvalidated,2024010507357,2024,010507357,4,9,0,3,7,3,0,1,0,0,0,0,3,2,6,1,40,7,-1,-1,-1,-1,-1,-1,-1,0
Unvalidated,2024010507357,2024,010507357,5,9,0,3,3,7,0,1,0,0,0,0,1,1,6,1,58,9,-1,-1,-1,-1,5,1,E01003772,0
Unvalidated,2024010507359,2024,010507359,1,19,0,6,8,8,0,1,0,0,0,0,3,1,1,1,29,6,-1,-1,-1,-1,9,3,E01030309,0
Unvalidated,2024010507359,2024,010507359,2,9,0,13,8,4,0,1,0,0,0,0,4,1,1,1,52,8,-1,-1,-1,-1,5,1,E01000264,0
Unvalidated,2024010507360,2024,010507360,1,9,0,99,9,9,99,9,9,99,9,99,1,9,6,3,42,7,-1,-1,-1,-1,2,1,E01001745,0
Unvalidated,2024010507362,2024,010507362,1,9,0,18,1,5,0,0,0,0,0,0,4,1,6,3,-1,-1,-1,-1,-1,-1,-1,-1,-1,0
Unvalidated,2024010507365,2024,010507365,1,9,0,18,3,7,0,1,0,0,0,0,2,1,6,2,37,7,-1,-1,-1,-1,5,1,E01021338,0
Unvalidated,2024010507365,2024,010507365,2,9,0,18,3,7,0,1,0,0,0,0,1,1,6,1,25,5,-1,-1,-1,-1,6,1,E01003753,0
Unvalidated,2024010507374,2024,010507374,1,9,0,18,1,5,0,8,0,0,1,2,4,2,6,1,24,5,-1,-1,-1,-1,5,1,E01001060,0
Unvalidated,2024010507375,2024,010507375,1,3,0,99,9,9,99,9,9,99,9,99,9,1,6,1,28,6,-1,-1,-1,-1,4,1,E01000565,0
Unvalidated,2024010507375,2024,010507375,2,9,0,99,9,9,99,9,9,99,9,99,1,9,6,3,-1,-1,-1,-1,-1,-1,-1,-1,-1,0
Unvalidated,2024010507379,2024,010507379,1,9,0,18,1,5,0,2,5,4,0,0,1,1,6,1,29,6,-1,-1,-1,-1,9,1,E01000713,0
Unvalidated,2024010507379,2024,010507379,2,9,0,2,0,0,0,1,0,0,0,0,2,1,6,3,-1,-1,-1,-1,-1,-1,-1,-1,-1,0
Unvalidated,2024010507379,2024,010507379,3,9,0,2,0,0,0,1,0,0,7,0,4,1,6,3,-1,-1,-1,-1,-1,-1,-1,-1,-1,0
Unvalidated,2024010507379,2024,010507379,4,10,0,2,0,0,0,1,0,0,0,0,3,1,6,3,-1,-1,-1,-1,-1,-1,-1,-1,-1,0
Unvalidated,2024010507379,2024,010507379,5,19,0,2,0,0,0,1,0,0,0,0,3,1,6,3,-1,-1,-1,-1,-1,-1,-1,-1,-1,0
Unvalidated,2024010507381,2024,010507381,1,3,0,99,9,9,99,9,9,99,9,99,9,1,1,1,24,5,-1,-1,-1,-1,2,1,E01033591,0
Unvalidated,2024010507381,2024,010507381,2,9,0,99,9,9,99,9,9,99,9,99,1,9,6,3,-1,-1,-1,-1,-1,-1,4,1,E01003568,0
Unvalidated,2024010507384,2024,010507384,1,3,0,99,9,9,99,9,9,99,9,99,9,1,1,1,27,6,-1,-1,-1,-1,1,1,E01004042,0
Unvalidated,2024010507384,2024,010507384,2,9,0,99,9,9,99,9,9,99,9,99,9,9,6,3,-1,-1,-1,-1,-1,-1,-1,-1,-1,0
Unvalidated,2024010507389,2024,010507389,1,9,0,5,0,7,0,0,0,0,0,0,0,1,6,1,59,9,-1,-1,-1,-1,5,1,E01004641,0
Unvalidated,2024010507389,2024,010507389,2,9,0,5,0,1,0,0,0,0,0,0,0,1,6,2,52,8,-1,-1,-1,-1,-1,-1,-1,0
Unvalidated,2024010507389,2024,010507389,3,1,0,18,7,3,0,0,0,8,0,0,0,1,6,2,79,11,-1,-1,-1,-1,8,1,E01001927,0
Unvalidated,2024010507403,2024,010507403,1,3,0,18,9,9,99,4,9,99,9,99,2,1,6,1,25,5,-1,-1,-1,-1,5,1,E01003433,0
Unvalidated,2024010507403,2024,010507403,2,9,0,18,9,9,99,4,9,99,9,99,1,9,6,3,-1,-1,-1,-1,-1,-1,-1,-1,-1,0
Unvalidated,2024010507404,2024,010507404,1,9,0,18,7,3,0,0,0,0,0,0,4,1,6,1,33,6,-1,-1,-1,-1,8,1,E01004587,0
Unvalidated,2024010507404,2024,010507404,2,1,0,18,7,3,0,0,0,0,0,0,3,1,1,1,24,5,-1,-1,-1,-1,9,1,E01003458,0
Unvalidated,2024010507408,2024,010507408,1,9,0,3,1,5,0,1,0,4,0,0,1,1,6,1,28,6,-1,-1,-1,-1,3,1,E01002540,0
Unvalidated,2024010507408,2024,010507408,2,9,0,4,1,5,0,1,0,0,0,0,2,1,6,1,33,6,-1,-1,-1,-1,5,1,E01002501,0
Unvalidated,2024010507408,2024,010507408,3,9,0,3,1,5,0,1,0,0,0,0,0,1,1,1,28,6,-1,-1,-1,-1,7,1,E01002514,0
Unvalidated,2024010507409,2024,010507409,1,9,0,18,3,7,0,0,5,10,7,2,1,1,6,1,48,8,-1,-1,-1,-1,10,1,E01004105,0
Unvalidated,2024010507412,2024,010507412,1,9,0,99,9,9,99,9,9,99,9,99,1,9,6,1,36,7,-1,-1,-1,-1,8,1,E01004081,0
Unvalidated,2024010507412,2024,010507412,2,9,0,18,1,5,0,8,9,0,0,0,9,9,6,3,-1,-1,-1,-1,-1,-1,-1,-1,-1,0
Unvalidated,2024010507419,2024,010507419,1,9,0,2,0,0,0,1,0,0,0,0,2,1,6,3,-1,-1,-1,-1,-1,-1,-1,-1,-1,0
Unvalidated,2024010507419,2024,010507419,2,9,0,18,7,3,0,6,0,0,0,0,1,1,6,1,34,6,-1,-1,-1,-1,-1,-1,-1,0
Unvalidated,2024010507420,2024,010507420,1,9,0,9,3,1,0,1,0,0,0,0,1,1,6,3,-1,-1,-1,-1,-1,-1,-1,-1,-1,0
Unvalidated,2024010507420,2024,010507420,2,3,0,7,7,1,0,1,0,0,0,0,3,1,6,1,30,6,-1,-1,-1,-1,3,1,E01003493,0
Unvalidated,2024010507424,2024,010507424,1,9,0,17,3,7,0,1,0,0,0,0,1,1,6,1,30,6,-1,-1,-1,-1,3,1,E01003570,0
Unvalidated,2024010507424,2024,010507424,2,1,0,9,1,7,0,1,0,0,0,0,1,1,6,1,27,6,-1,-1,-1,-1,2,1,E01001557,0
Unvalidated,2024010507426,2024,010507426,1,9,0,9,1,7,0,6,0,0,0,0,3,1,1,1,28,6,-1,-1,-1,-1,8,1,E01015805,0
Unvalidated,2024010507426,2024,010507426,2,1,0,18,7,3,0,8,0,0,0,0,1,1,6,1,27,6,-1,-1,-1,-1,4,1,E01002631,0
Unvalidated,2024010507428,2024,010507428,1,9,0,18,3,7,0,8,0,0,0,0,4,1,6,1,28,6,-1,-1,-1,-1,5,1,E01000979,0
Unvalidated,2024010507428,2024,010507428,2,9,0,18,5,1,0,1,0,0,0,0,1,1,6,2,31,6,-1,-1,-1,-1,5,1,E01001863,0
Unvalidated,2024010507428,2024,010507428,3,9,0,2,0,0,0,8,0,0,0,0,2,1,6,3,-1,-1,-1,-1,-1,-1,-1,-1,-1,0
Unvalidated,2024010507431,2024,010507431,1,3,9,99,9,9,99,9,9,99,8,99,9,1,1,1,51,8,-1,-1,-1,-1,3,1,E01001725,0
Unvalidated,2024010507433,2024,010507433,1,9,0,18,5,1,0,6,0,0,0,0,4,1,6,2,35,6,-1,-1,-1,-1,4,1,E01001995,0
Unvalidated,2024010507433,2024,010507433,2,9,0,1,3,7,0,6,0,0,0,0,2,1,6,3,-1,-1,-1,-1,-1,-1,-1,-1,-1,0
Unvalidated,2024010507434,2024,010507434,1,9,0,18,1,5,0,3,0,0,0,0,4,1,6,1,34,6,-1,-1,-1,-1,4,1,E01001421,0
Unvalidated,2024010507434,2024,010507434,2,9,0,7,1,4,0,1,0,0,0,0,1,1,6,2,26,6,-1,-1,-1,-1,3,1,E01000088,0
Unvalidated,2024010507449,2024,010507449,1,11,0,5,0,1,2,2,0,0,0,0,0,1,1,1,38,7,-1,-1,-1,-1,2,1,E01000060,0
Unvalidated,2024010507450,2024,010507450,1,1,9,99,9,9,99,9,9,99,9,99,1,1,6,1,37,7,-1,-1,-1,-1,7,1,E01003475,0
Unvalidated,2024010507450,2024,010507450,2,8,0,99,9,9,99,9,9,99,9,99,1,9,6,3,-1,-1,-1,-1,-1,-1,2,1,E01004584,0
Unvalidated,2024010507451,2024,010507451,1,3,0,18,3,7,0,4,5,0,0,0,0,1,6,1,24,5,-1,-1,-1,-1,-1,-1,-1,0
Unvalidated,2024010507451,2024,010507451,2,9,0,18,3,7,0,4,0,0,0,0,0,1,6,2,37,7,-1,-1,-1,-1,2,1,E01001943,0
Unvalidated,2024010507452,2024,010507452,1,23,0,18,3,7,0,6,0,0,3,0,1,1,6,3,-1,-1,-1,-1,-1,-1,-1,-1,-1,0
Unvalidated,2024010507453,2024,010507453,1,11,0,99,9,9,99,9,9,99,9,99,1,1,1,1,54,8,-1,-1,-1,-1,1,1,E01033585,0
Unvalidated,2024010507453,2024,010507453,2,16,9,99,9,9,99,9,9,99,9,99,9,1,6,1,-1,-1,-1,-1,-1,-1,5,1,E01004689,0
Unvalidated,2024010507453,2024,010507453,3,9,9,2,0,0,99,9,9,99,9,99,9,1,6,3,-1,-1,-1,-1,-1,-1,-1,-1,-1,0
Unvalidated,2024010507453,2024,010507453,4,9,9,2,0,0,99,9,9,99,9,99,9,1,6,3,-1,-1,-1,-1,-1,-1,-1,-1,-1,0
Unvalidated,2024010507453,2024,010507453,5,1,9,99,9,9,99,9,9,99,9,99,9,1,6,1,-1,-1,-1,-1,-1,-1,-1,-1,-1,0
Unvalidated,2024010507453,2024,010507453,6,9,9,99,9,9,99,9,9,99,9,99,9,1,6,1,44,7,-1,-1,-1,-1,10,1,E01016651,0
Unvalidated,2024010507453,2024,010507453,7,19,0,99,9,9,99,9,0,99,9,99,9,1,6,1,55,8,-1,-1,-1,-1,2,1,E01001709,0
Unvalidated,2024010507453,2024,010507453,8,20,9,99,9,9,99,9,9,99,9,99,9,1,6,1,45,7,-1,-1,-1,-1,7,1,E01021081,0
Unvalidated,2024010507453,2024,010507453,9,16,9,99,9,9,99,9,9,99,9,99,9,1,1,2,19,4,-1,-1,-1,-1,5,1,E01004689,0
Unvalidated,2024010507453,2024,010507453,10,16,9,99,9,9,99,9,9,99,9,99,9,1,1,1,22,5,-1,-1,-1,-1,5,1,E01004689,0
Unvalidated,2024010507454,2024,010507454,1,9,0,9,3,1,0,1,0,0,0,0,1,1,6,2,21,5,-1,-1,-1,-1,2,1,E01001745,0
Unvalidated,2024010507454,2024,010507454,2,1,0,16,7,3,0,1,0,0,1,0,1,1,1,1,40,7,-1,-1,-1,-1,3,1,E01004458,0
Unvalidated,2024010507457,2024,010507457,1,9,0,18,7,3,0,8,0,7,0,0,3,1,6,2,49,8,-1,-1,-1,-1,9,1,E01000293,0
Unvalidated,2024010507457,2024,010507457,2,19,0,9,5,3,0,6,0,0,0,0,1,1,6,1,53,8,-1,-1,-1,-1,5,1,E01000277,0
Unvalidated,2024010507461,2024,010507461,1,9,0,99,9,9,99,0,9,99,9,99,9,9,6,2,33,6,-1,-1,-1,-1,5,1,E01000450,0
Unvalidated,2024010507461,2024,010507461,2,9,0,99,9,9,99,0,9,99,9,99,2,9,6,2,40,7,-1,-1,-1,-1,4,1,E01001595,0
Unvalidated,2024010507468,2024,010507468,1,9,0,18,5,1,0,2,0,0,0,0,1,1,6,2,28,6,-1,-1,-1,-1,4,1,E01023330,0
Unvalidated,2024010507468,2024,010507468,2,1,0,18,7,3,0,2,0,0,0,0,1,1,6,1,30,6,-1,-1,-1,-1,2,1,E01003768,0
Unvalidated,2024010507469,2024,010507469,1,9,5,18,4,8,0,0,0,0,0,0,2,1,6,1,33,6,-1,-1,-1,-1,-1,-1,-1,0
Unvalidated,2024010507469,2024,010507469,2,9,0,18,4,8,0,0,0,0,0,0,0,1,6,1,39,7,-1,-1,-1,-1,-1,-1,-1,0
Unvalidated,2024010507476,2024,010507476,1,9,0,99,9,9,99,9,9,99,9,99,9,9,6,1,38,7,-1,-1,-1,-1,2,1,E01001487,0
Unvalidated,2024010507476,2024,010507476,2,9,0,99,9,9,99,9,9,99,9,99,9,9,6,2,-1,-1,-1,-1,-1,-1,-1,-1,-1,0
Unvalidated,2024010507477,2024,010507477,1,9,0,18,3,7,0,0,0,0,0,0,1,1,6,1,40,7,-1,-1,-1,-1,5,1,E01021497,0
Unvalidated,2024010507477,2024,010507477,2,9,0,3,3,7,0,0,0,0,0,0,2,1,1,1,49,8,-1,-1,-1,-1,3,1,E01003734,0
Unvalidated,2024010507479,2024,010507479,1,11,0,4,5,1,0,1,0,0,0,0,1,1,1,1,30,6,-1,-1,-1,-1,4,1,E01004526,0
Unvalidated,2024010507479,2024,010507479,2,1,0,9,7,5,0,1,2,0,0,0,1,1,6,1,18,4,-1,-1,-1,-1,3,1,E01004536,0
Unvalidated,2024010507480,2024,010507480,1,9,0,17,5,1,0,0,0,4,0,0,1,1,6,1,35,6,-1,-1,-1,-1,-1,-1,-1,0
Unvalidated,2024010507480,2024,010507480,2,9,0,2,0,0,0,0,0,0,0,0,2,1,6,3,-1,-1,-1,-1,-1,-1,-1,-1,-1,0
Unvalidated,2024010507482,2024,010507482,1,9,0,18,7,3,0,2,0,0,0,0,0,1,2,1,50,8,-1,-1,-1,-1,3,1,E01001371,0
Unvalidated,2024010507482,2024,010507482,2,1,0,18,5,1,0,2,0,0,0,0,0,1,2,1,29,6,-1,-1,-1,-1,4,1,E01001260,0
Unvalidated,2024010507486,2024,010507486,1,3,0,99,9,9,99,9,9,99,9,99,9,1,2,1,31,6,-1,-1,-1,-1,3,1,E01003521,0
Unvalidated,2024010507486,2024,010507486,2,9,0,99,9,9,99,9,9,99,9,99,9,9,6,3,-1,-1,-1,-1,-1,-1,-1,-1,-1,0
Unvalidated,2024010507488,2024,010507488,1,9,0,99,9,9,99,9,9,99,9,99,9,9,2,1,38,7,-1,-1,-1,-1,4,1,E01004141,0