status,collision_index,collision_year,collision_reference,vehicle_reference,vehicle_type,towing_and_articulation,vehicle_manoeuvre,vehicle_direction_from,vehicle_direction_to,vehicle_location_restricted_lane,junction_location,skidding_and_overturning,hit_object_in_carriageway,vehicle_leaving_carriageway,hit_object_off_carriageway,first_point_of_impact,vehicle_left_hand_drive,journey_purpose_of_driver,sex_of_driver,age_of_driver,age_band_of_driver,engine_capacity_cc,propulsion_code,age_of_vehicle,generic_make_model,driver_imd_decile,driver_home_area_type,lsoa_of_driver,escooter_flag
Unvalidated,2024010507488,2024,010507488,2,9,0,99,9,9,99,9,9,99,9,99,9,9,6,3,47,8,-1,-1,-1,-1,3,1,E01004167,0
Unvalidated,2024010507489,2024,010507489,1,9,0,7,5,6,0,5,0,0,0,0,4,1,2,2,29,6,-1,-1,-1,-1,1,1,E01002099,0
Unvalidated,2024010507490,2024,010507490,1,3,0,99,9,9,99,9,9,99,9,99,9,1,2,1,34,6,-1,-1,-1,-1,2,1,E01002003,0
Unvalidated,2024010507490,2024,010507490,2,9,0,99,9,9,99,9,9,99,9,99,9,9,6,3,-1,-1,-1,-1,-1,-1,-1,-1,-1,0
Unvalidated,2024010507493,2024,010507493,1,3,0,99,9,9,99,9,9,99,9,99,9,1,2,1,37,7,-1,-1,-1,-1,6,1,E01003227,0
Unvalidated,2024010507493,2024,010507493,2,9,0,99,9,9,99,9,9,99,9,99,1,9,6,3,-1,-1,-1,-1,-1,-1,-1,-1,-1,0
Unvalidated,2024010507494,2024,010507494,1,9,0,17,5,1,0,0,0,0,0,0,1,1,6,1,55,8,-1,-1,-1,-1,6,1,E01001159,0
Unvalidated,2024010507496,2024,010507496,1,3,0,99,9,9,99,9,9,99,9,99,9,1,1,1,42,7,-1,-1,-1,-1,6,1,E01001952,0
Unvalidated,2024010507496,2024,010507496,2,9,0,99,9,9,99,9,9,99,9,99,9,9,6,3,-1,-1,-1,-1,-1,-1,-1,-1,-1,0
Unvalidated,2024010507498,2024,010507498,1,3,0,99,9,9,99,0,9,99,9,99,2,1,2,1,33,6,-1,-1,-1,-1,3,1,E01001547,0
Unvalidated,2024010507498,2024,010507498,2,9,0,99,9,9,99,0,9,99,9,99,1,9,6,3,-1,-1,-1,-1,-1,-1,-1,-1,-1,0
Unvalidated,2024010507504,2024,010507504,1,3,0,18,9,9,99,1,9,99,9,99,9,1,1,2,29,6,-1,-1,-1,-1,3,1,E01000586,0
Unvalidated,2024010507504,2024,010507504,2,9,0,5,9,9,99,6,9,99,9,99,9,9,6,3,-1,-1,-1,-1,-1,-1,-1,-1,-1,0
Unvalidated,2024010507507,2024,010507507,1,10,0,99,9,9,99,9,9,99,9,99,1,9,6,3,-1,-1,-1,-1,-1,-1,-1,-1,-1,0
Unvalidated,2024010507510,2024,010507510,1,1,9,99,9,9,99,9,9,99,9,99,9,1,2,2,47,8,-1,-1,-1,-1,5,1,E01002261,0
Unvalidated,2024010507513,2024,010507513,1,1,9,99,9,9,99,9,9,99,9,99,9,1,6,2,28,6,-1,-1,-1,-1,4,1,E01002798,0
Unvalidated,2024010507513,2024,010507513,2,9,0,99,9,9,99,9,9,99,9,99,0,9,6,3,-1,-1,-1,-1,-1,-1,-1,-1,-1,0
Unvalidated,2024010507515,2024,010507515,1,9,0,99,9,9,99,9,9,99,9,99,2,9,2,2,26,6,-1,-1,-1,-1,5,1,E01002214,0
Unvalidated,2024010507521,2024,010507521,1,9,0,16,5,1,9,8,0,7,7,10,1,1,6,1,67,10,-1,-1,-1,-1,8,1,E01002265,0
Unvalidated,2024010507524,2024,010507524,1,3,0,99,9,9,99,9,9,99,9,99,1,1,6,1,19,4,-1,-1,-1,-1,3,1,E01001043,0
Unvalidated,2024010507524,2024,010507524,2,9,0,99,9,9,99,9,9,99,9,99,9,9,6,3,-1,-1,-1,-1,-1,-1,7,1,E01030851,0
Unvalidated,2024010507530,2024,010507530,1,9,0,99,9,9,99,9,9,99,9,99,2,9,6,2,27,6,-1,-1,-1,-1,3,1,E01002770,0
Unvalidated,2024010507530,2024,010507530,2,9,0,99,9,9,99,9,9,99,9,99,1,9,6,3,-1,-1,-1,-1,-1,-1,-1,-1,-1,0
Unvalidated,2024010507534,2024,010507534,1,3,0,99,9,9,99,9,9,99,9,99,1,1,1,3,34,6,-1,-1,-1,-1,2,1,E01002033,0
Unvalidated,2024010507534,2024,010507534,2,9,0,99,9,9,99,9,9,99,9,99,2,9,6,3,-1,-1,-1,-1,-1,-1,-1,-1,-1,0
Unvalidated,2024010507535,2024,010507535,1,3,0,99,9,9,99,1,9,99,9,99,9,1,2,1,44,7,-1,-1,-1,-1,3,1,E01000510,0
Unvalidated,2024010507535,2024,010507535,2,9,0,99,9,9,99,6,9,99,9,99,9,9,6,3,-1,-1,-1,-1,-1,-1,-1,-1,-1,0
Unvalidated,2024010507541,2024,010507541,1,1,9,99,9,9,99,9,9,99,9,99,1,1,6,1,-1,-1,-1,-1,-1,-1,-1,-1,-1,0
Unvalidated,2024010507547,2024,010507547,1,9,0,99,9,9,99,9,9,99,9,99,9,9,6,2,27,6,-1,-1,-1,-1,-1,-1,-1,0
Unvalidated,2024010507547,2024,010507547,2,2,0,99,9,9,99,9,9,99,9,99,1,1,6,1,47,8,-1,-1,-1,-1,5,1,E01003144,0
Unvalidated,2024010507552,2024,010507552,1,19,0,99,9,9,99,6,9,99,9,99,9,9,1,1,41,7,-1,-1,-1,-1,9,1,E01023847,0
Unvalidated,2024010507552,2024,010507552,2,9,9,99,9,9,99,1,9,99,9,99,9,9,6,3,-1,-1,-1,-1,-1,-1,-1,-1,-1,0
Unvalidated,2024010507555,2024,010507555,1,9,0,4,5,1,0,2,0,0,0,0,2,1,6,1,44,7,-1,-1,-1,-1,8,1,E01033028,0
Unvalidated,2024010507555,2024,010507555,2,9,0,4,5,1,0,2,0,4,0,0,1,1,6,2,40,7,-1,-1,-1,-1,7,1,E01002349,0
Unvalidated,2024010507555,2024,010507555,3,9,0,4,5,1,0,2,0,4,0,0,1,1,6,1,66,10,-1,-1,-1,-1,2,1,E01000079,0
Unvalidated,2024010507560,2024,010507560,1,9,0,4,5,1,0,1,0,0,0,0,2,1,6,1,30,6,-1,-1,-1,-1,4,1,E01002101,0
Unvalidated,2024010507560,2024,010507560,2,19,0,4,5,1,0,1,0,0,0,0,1,1,1,1,44,7,-1,-1,-1,-1,4,1,E01004462,0
Unvalidated,2024010507565,2024,010507565,1,4,0,99,9,9,99,0,9,99,9,99,1,1,6,1,38,7,-1,-1,-1,-1,4,1,E01000960,0
Unvalidated,2024010507565,2024,010507565,2,9,9,99,9,9,99,0,9,99,0,0,9,9,6,1,-1,-1,-1,-1,-1,-1,-1,-1,-1,0
Unvalidated,2024010507569,2024,010507569,1,3,0,99,9,9,99,1,9,99,9,99,9,1,1,3,36,7,-1,-1,-1,-1,7,1,E01000413,0
Unvalidated,2024010507569,2024,010507569,2,9,0,99,9,9,99,6,9,99,9,99,9,9,6,3,-1,-1,-1,-1,-1,-1,-1,-1,-1,0
Unvalidated,2024010507577,2024,010507577,1,9,0,18,6,2,0,0,0,0,0,0,4,1,1,1,60,9,-1,-1,-1,-1,6,1,E01002169,0
Unvalidated,2024010507580,2024,010507580,1,19,0,18,5,1,9,5,0,0,1,11,1,1,2,1,28,6,-1,-1,-1,-1,7,1,E01024316,0
Unvalidated,2024010507587,2024,010507587,1,1,9,99,9,9,99,9,9,99,9,99,9,1,2,2,55,8,-1,-1,-1,-1,6,1,E01002022,0
Unvalidated,2024010507587,2024,010507587,2,9,0,99,9,9,99,9,9,99,9,99,9,9,6,3,-1,-1,-1,-1,-1,-1,-1,-1,-1,0
Unvalidated,2024010507588,2024,010507588,1,3,0,99,9,9,99,9,9,99,9,99,9,1,1,1,33,6,-1,-1,-1,-1,2,1,E01001249,0
Unvalidated,2024010507588,2024,010507588,2,9,9,99,9,9,99,9,9,99,9,99,9,9,6,3,-1,-1,-1,-1,-1,-1,-1,-1,-1,0
Unvalidated,2024010507591,2024,010507591,1,3,0,99,9,9,99,9,9,99,9,99,9,1,1,1,26,6,-1,-1,-1,-1,3,1,E01004262,0
Unvalidated,2024010507591,2024,010507591,2,9,9,99,9,9,99,9,9,99,9,99,9,9,6,3,-1,-1,-1,-1,-1,-1,-1,-1,-1,0
Unvalidated,2024010507592,2024,010507592,1,1,9,99,9,9,99,0,9,99,9,99,9,1,2,1,36,7,-1,-1,-1,-1,8,1,E01001302,0
Unvalidated,2024010507592,2024,010507592,2,9,0,18,9,9,99,0,9,99,9,99,9,9,6,1,-1,-1,-1,-1,-1,-1,-1,-1,-1,0
Unvalidated,2024010507594,2024,010507594,1,1,9,99,9,9,99,0,9,99,9,99,9,1,2,2,50,8,-1,-1,-1,-1,8,1,E01000447,0
Unvalidated,2024010507594,2024,010507594,2,9,0,99,9,9,99,0,9,99,9,99,9,9,6,3,-1,-1,-1,-1,-1,-1,8,1,E01000447,0
Unvalidated,2024010507595,2024,010507595,1,9,0,99,9,9,99,9,9,99,9,99,1,9,6,1,53,8,-1,-1,-1,-1,6,1,E01000324,0
Unvalidated,2024010507595,2024,010507595,2,9,0,99,9,9,99,9,9,99,9,99,3,9,6,3,-1,-1,-1,-1,-1,-1,-1,-1,-1,0
Unvalidated,2024010507595,2024,010507595,3,9,0,99,9,9,99,9,9,99,9,99,2,9,6,1,-1,-1,-1,-1,-1,-1,-1,-1,-1,0
Unvalidated,2024010507601,2024,010507601,1,9,0,9,4,3,0,1,0,0,0,0,4,1,6,2,67,10,-1,-1,-1,-1,3,1,E01001166,0
Unvalidated,2024010507601,2024,010507601,2,5,0,18,8,4,0,1,0,0,0,0,1,1,6,1,23,5,-1,-1,-1,-1,2,1,E01004129,0
Unvalidated,2024010507604,2024,010507604,1,1,0,18,8,4,4,0,0,0,0,0,1,1,6,1,24,5,-1,-1,-1,-1,-1,-1,-1,0
Unvalidated,2024010507606,2024,010507606,1,9,0,9,1,7,0,5,0,0,0,0,1,1,1,1,64,9,-1,-1,-1,-1,3,1,E01001156,0
Unvalidated,2024010507606,2024,010507606,2,1,0,18,5,1,0,1,0,0,0,0,1,1,6,1,56,9,-1,-1,-1,-1,3,1,E01003014,0
Unvalidated,2024010507609,2024,010507609,1,11,0,5,0,1,0,1,0,0,0,0,0,1,1,1,57,9,-1,-1,-1,-1,2,1,E01000291,0
Unvalidated,2024010507612,2024,010507612,1,9,0,9,7,4,0,1,0,0,0,0,3,1,6,1,47,8,-1,-1,-1,-1,3,1,E01001972,0
Unvalidated,2024010507612,2024,010507612,2,5,0,13,3,7,0,1,0,0,7,10,1,1,6,1,23,5,-1,-1,-1,-1,3,1,E01004337,0
Unvalidated,2024010507614,2024,010507614,1,3,0,18,7,3,99,9,9,99,0,0,1,1,2,1,31,6,-1,-1,-1,-1,8,1,E01000653,0
Unvalidated,2024010507614,2024,010507614,2,9,0,18,1,5,0,9,9,99,0,0,3,1,6,3,-1,-1,-1,-1,-1,-1,-1,-1,-1,0
Unvalidated,2024010507616,2024,010507616,1,19,0,9,1,6,0,2,0,0,0,0,4,1,6,1,49,8,-1,-1,-1,-1,2,1,E01003265,0
Unvalidated,2024010507616,2024,010507616,2,5,0,18,5,1,0,8,0,0,0,0,1,1,6,1,41,7,-1,-1,-1,-1,3,1,E01003916,0
Unvalidated,2024010507619,2024,010507619,1,11,0,5,3,7,0,6,0,0,0,0,0,1,1,1,34,6,-1,-1,-1,-1,3,1,E01002550,0
Unvalidated,2024010507622,2024,010507622,1,11,0,18,3,7,0,1,0,0,0,0,4,1,3,1,52,8,-1,-1,-1,-1,1,1,E01021305,0
Unvalidated,2024010507622,2024,010507622,2,9,0,5,3,7,0,1,0,4,0,0,3,1,6,2,42,7,-1,-1,-1,-1,3,1,E01000032,0
Unvalidated,2024010507622,2024,010507622,3,9,0,2,0,0,0,1,0,0,0,0,2,1,6,3,-1,-1,-1,-1,-1,-1,-1,-1,-1,0
Unvalidated,2024010507624,2024,010507624,1,5,0,9,7,4,0,1,0,0,0,0,1,1,6,1,21,5,-1,-1,-1,-1,3,1,E01002235,0
Unvalidated,2024010507624,2024,010507624,2,9,0,9,1,6,0,1,0,0,0,0,3,1,6,1,47,8,-1,-1,-1,-1,-1,-1,-1,0
Unvalidated,2024010507628,2024,010507628,1,9,0,18,1,5,0,1,0,0,0,0,4,1,2,1,59,9,-1,-1,-1,-1,8,1,E01016217,0
Unvalidated,2024010507634,2024,010507634,1,9,0,18,4,8,0,0,0,0,0,0,1,1,3,1,42,7,-1,-1,-1,-1,-1,-1,-1,0
Unvalidated,2024010507636,2024,010507636,1,9,0,16,5,1,0,2,0,0,0,0,1,1,6,1,28,6,-1,-1,-1,-1,-1,-1,-1,0
Unvalidated,2024010507636,2024,010507636,2,3,0,4,5,1,0,2,0,0,1,0,2,1,1,1,40,7,-1,-1,-1,-1,5,1,E01004601,0
Unvalidated,2024010507637,2024,010507637,1,4,0,18,5,1,0,1,0,0,0,0,0,1,6,1,35,6,-1,-1,-1,-1,4,1,E01002168,0
Unvalidated,2024010507638,2024,010507638,1,9,0,18,7,3,0,1,0,0,0,0,4,1,6,1,68,10,-1,-1,-1,-1,8,1,E01003818,0
Unvalidated,2024010507640,2024,010507640,1,9,0,99,9,9,99,9,9,99,9,99,2,9,6,1,39,7,-1,-1,-1,-1,2,1,E01003432,0
Unvalidated,2024010507640,2024,010507640,2,9,0,99,9,9,99,9,9,99,9,99,1,9,6,3,-1,-1,-1,-1,-1,-1,-1,-1,-1,0
Unvalidated,2024010507641,2024,010507641,1,4,0,99,9,9,99,9,9,99,9,99,1,1,1,1,31,6,-1,-1,-1,-1,5,1,E01000150,0
Unvalidated,2024010507641,2024,010507641,2,9,0,99,9,9,99,9,9,99,9,99,2,9,6,3,-1,-1,-1,-1,-1,-1,-1,-1,-1,0
Unvalidated,2024010507642,2024,010507642,1,9,0,4,5,1,0,1,0,0,0,0,2,1,1,1,46,8,-1,-1,-1,-1,3,1,E01000011,0
Unvalidated,2024010507642,2024,010507642,2,1,0,18,5,1,0,1,0,0,0,0,1,1,6,1,24,5,-1,-1,-1,-1,3,1,E01001752,0
Unvalidated,2024010507643,2024,010507643,1,1,9,3,9,9,99,9,9,99,9,99,2,1,2,2,37,7,-1,-1,-1,-1,3,1,E01001668,0
Unvalidated,2024010507643,2024,010507643,2,9,0,18,9,9,99,9,9,99,9,99,1,9,6,3,-1,-1,-1,-1,-1,-1,5,1,E01001652,0
Unvalidated,2024010507655,2024,010507655,1,9,0,5,8,4,0,6,0,0,0,0,1,1,6,2,34,6,-1,-1,-1,-1,5,1,E01004086,0
Unvalidated,2024010507655,2024,010507655,2,3,0,5,8,4,0,6,0,0,0,0,2,1,2,1,24,5,-1,-1,-1,-1,9,1,E01000991,0
Unvalidated,2024010507656,2024,010507656,1,9,0,99,9,9,99,9,9,99,9,99,9,9,6,2,32,6,-1,-1,-1,-1,8,1,E01004511,0
Unvalidated,2024010507656,2024,010507656,2,1,9,99,9,9,99,9,9,99,9,99,9,1,6,1,20,4,-1,-1,-1,-1,3,1,E01001892,0
Unvalidated,2024010507657,2024,010507657,1,1,9,99,9,9,99,9,9,99,9,99,1,1,6,3,-1,-1,-1,-1,-1,-1,-1,-1,-1,0
Unvalidated,2024010507658,2024,010507658,1,9,0,12,4,8,0,3,0,0,0,0,3,1,6,1,66,10,-1,-1,-1,-1,3,1,E01004189,0
Unvalidated,2024010507658,2024,010507658,2,9,0,16,4,8,0,3,0,0,0,0,4,1,6,2,36,7,-1,-1,-1,-1,2,1,E01000992,0
Unvalidated,2024010507670,2024,010507670,1,9,0,7,2,5,0,3,0,0,0,0,2,1,6,2,44,7,-1,-1,-1,-1,4,1,E01003450,0
Unvalidated,2024010507670,2024,010507670,2,9,0,18,5,1,0,8,0,0,0,0,4,1,6,2,33,6,-1,-1,-1,-1,5,1,E01000824,0
Unvalidated,2024010507672,2024,010507672,1,9,0,5,7,3,0,6,0,0,0,0,1,1,6,1,21,5,-1,-1,-1,-1,2,1,E01004239,0
Unvalidated,2024010507673,2024,010507673,1,9,0,18,1,5,0,8,0,4,0,0,4,2,6,1,24,5,-1,-1,-1,-1,-1,-1,-1,0
Unvalidated,2024010507673,2024,010507673,2,9,0,2,0,0,0,8,0,0,0,0,1,2,6,3,-1,-1,-1,-1,-1,-1,-1,-1,-1,0
Unvalidated,2024010507673,2024,010507673,3,9,0,2,0,0,0,8,0,0,0,0,3,2,6,3,-1,-1,-1,-1,-1,-1,-1,-1,-1,0
Unvalidated,2024010507673,2024,010507673,4,19,0,2,0,0,0,8,0,0,0,0,1,2,6,3,-1,-1,-1,-1,-1,-1,-1,-1,-1,0
Unvalidated,2024010507673,2024,010507673,5,9,0,3,5,1,0,8,0,0,0,0,4,2,1,3,24,5,-1,-1,-1,-1,-1,-1,-1,0
Unvalidated,2024010507673,2024,010507673,6,9,0,2,0,0,0,8,0,0,0,0,1,2,6,3,-1,-1,-1,-1,-1,-1,-1,-1,-1,0
Unvalidated,2024010507677,2024,010507677,1,9,0,4,7,3,0,1,0,0,0,0,1,1,6,3,-1,-1,-1,-1,-1,-1,-1,-1,-1,0
Unvalidated,2024010507678,2024,010507678,1,9,0,16,5,7,0,6,0,0,0,0,1,1,6,3,-1,-1,-1,-1,-1,-1,-1,-1,-1,0
Unvalidated,2024010507678,2024,010507678,2,1,0,18,5,1,0,7,0,0,0,0,4,1,6,1,21,5,-1,-1,-1,-1,3,1,E01003539,0
Unvalidated,2024010507684,2024,010507684,1,9,0,18,3,7,0,0,0,4,0,0,1,1,6,2,21,5,-1,-1,-1,-1,1,1,E01001876,0
Unvalidated,2024010507684,2024,010507684,2,9,0,2,0,0,0,0,0,0,0,0,2,1,6,3,-1,-1,-1,-1,-1,-1,-1,-1,-1,0
Unvalidated,2024010507685,2024,010507685,1,9,0,9,5,3,0,6,0,0,3,0,3,2,6,2,37,7,-1,-1,-1,-1,2,1,E01000040,0
Unvalidated,2024010507685,2024,010507685,2,9,0,18,3,7,0,1,0,0,0,0,1,2,6,1,41,7,-1,-1,-1,-1,2,1,E01001219,0
Unvalidated,2024010507690,2024,010507690,1,9,0,5,1,5,0,1,0,0,0,0,1,1,6,2,53,8,-1,-1,-1,-1,9,1,E01020356,0
Unvalidated,2024010507690,2024,010507690,2,1,0,9,1,7,0,4,0,0,0,0,3,1,6,2,44,7,-1,-1,-1,-1,7,1,E01003419,0
Unvalidated,2024010507691,2024,010507691,1,9,0,18,3,7,0,8,0,0,0,0,1,1,1,1,51,8,-1,-1,-1,-1,4,1,E01004215,0
Unvalidated,2024010507691,2024,010507691,2,4,0,4,3,7,0,8,0,0,0,0,2,1,2,2,28,6,-1,-1,-1,-1,-1,-1,-1,0
Unvalidated,2024010507692,2024,010507692,1,3,0,13,5,1,0,1,0,0,0,0,4,1,6,1,41,7,-1,-1,-1,-1,6,1,E01004181,0
Unvalidated,2024010507692,2024,010507692,2,9,0,9,5,2,0,5,0,0,0,0,3,1,6,2,54,8,-1,-1,-1,-1,7,1,E01032570,0
Unvalidated,2024010507694,2024,010507694,1,9,0,99,9,9,99,9,9,99,9,99,9,9,6,2,39,7,-1,-1,-1,-1,2,1,E01001551,0
Unvalidated,2024010507698,2024,010507698,1,1,9,99,9,9,99,9,9,99,9,99,1,1,2,1,28,6,-1,-1,-1,-1,5,1,E01001866,0
Unvalidated,2024010507698,2024,010507698,2,19,0,99,9,9,99,9,9,99,0,0,9,9,6,3,-1,-1,-1,-1,-1,-1,-1,-1,-1,0
Unvalidated,2024010507701,2024,010507701,1,3,0,99,9,9,99,9,9,99,9,99,9,1,1,1,45,7,-1,-1,-1,-1,-1,-1,-1,0
Unvalidated,2024010507701,2024,010507701,2,9,0,99,9,9,99,9,9,99,9,99,9,9,6,3,-1,-1,-1,-1,-1,-1,-1,-1,-1,0
Unvalidated,2024010507705,2024,010507705,1,3,0,18,1,5,0,8,0,0,0,0,1,1,2,1,29,6,-1,-1,-1,-1,3,1,E01016249,0
Unvalidated,2024010507705,2024,010507705,2,9,0,99,9,9,99,9,9,99,9,99,9,9,6,3,-1,-1,-1,-1,-1,-1,-1,-1,-1,0
Unvalidated,2024010507706,2024,010507706,1,3,9,99,9,9,99,9,9,99,9,99,1,1,6,1,23,5,-1,-1,-1,-1,4,1,E01001686,0
Unvalidated,2024010507706,2024,010507706,2,9,9,99,9,9,99,9,9,99,9,99,1,9,6,3,-1,-1,-1,-1,-1,-1,-1,-1,-1,0
Unvalidated,2024010507707,2024,010507707,1,4,0,13,1,5,0,1,0,0,0,0,1,1,2,1,36,7,-1,-1,-1,-1,6,1,E01002124,0
Unvalidated,2024010507710,2024,010507710,1,9,0,18,3,7,0,1,0,4,0,0,1,1,6,1,41,7,-1,-1,-1,-1,4,1,E01033576,0
Unvalidated,2024010507710,2024,010507710,2,9,0,2,0,0,0,1,0,4,0,0,1,1,6,3,-1,-1,-1,-1,-1,-1,-1,-1,-1,0
Unvalidated,2024010507710,2024,010507710,3,9,0,2,0,0,0,1,0,0,0,0,2,1,6,3,-1,-1,-1,-1,-1,-1,-1,-1,-1,0
Unvalidated,2024010507712,2024,010507712,1,9,9,18,5,1,8,1,0,11,1,99,1,9,6,3,26,6,-1,-1,-1,-1,-1,-1,-1,0
Unvalidated,2024010507712,2024,010507712,2,9,9,18,5,1,8,6,0,11,1,99,1,9,6,3,-1,-1,-1,-1,-1,-1,-1,-1,-1,0
Unvalidated,2024010507713,2024,010507713,1,9,0,18,7,3,0,1,0,0,3,0,1,1,3,1,57,9,-1,-1,-1,-1,-1,-1,-1,0
Unvalidated,2024010507713,2024,010507713,2,3,0,18,7,3,0,1,0,0,0,0,2,1,6,1,50,8,-1,-1,-1,-1,6,1,E01000581,0
Unvalidated,2024010507714,2024,010507714,1,9,0,9,7,5,0,8,0,0,0,0,4,1,2,2,55,8,-1,-1,-1,-1,10,1,E01021787,0
Unvalidated,2024010507714,2024,010507714,2,9,0,5,3,7,0,8,0,0,0,0,1,1,2,2,49,8,-1,-1,-1,-1,5,1,E01033741,0
Unvalidated,2024010507721,2024,010507721,1,3,9,99,9,9,99,9,9,99,9,99,2,1,1,1,29,6,-1,-1,-1,-1,1,1,E01002095,0
Unvalidated,2024010507721,2024,010507721,2,9,9,99,9,9,99,9,9,99,9,99,1,9,6,3,-1,-1,-1,-1,-1,-1,-1,-1,-1,0
Unvalidated,2024010507723,2024,010507723,1,97,0,99,9,9,99,9,9,99,9,99,1,1,6,3,-1,-1,-1,-1,-1,-1,-1,-1,-1,0
Unvalidated,2024010507725,2024,010507725,1,9,0,9,7,6,0,8,0,11,0,0,3,1,6,1,62,9,-1,-1,-1,-1,2,1,E01001112,0
Unvalidated,2024010507725,2024,010507725,2,1,0,10,6,3,0,8,0,0,0,0,1,1,6,1,42,7,-1,-1,-1,-1,6,1,E01030633,0
Unvalidated,2024010507733,2024,010507733,1,1,0,7,3,5,0,3,1,0,0,0,4,1,6,1,41,7,-1,-1,-1,-1,7,1,E01002972,0
Unvalidated,2024010507733,2024,010507733,2,1,0,7,3,5,0,4,1,0,0,0,4,1,6,1,43,7,-1,-1,-1,-1,8,1,E01003807,0
Unvalidated,2024010507735,2024,010507735,1,3,0,7,7,2,0,8,0,0,0,0,0,1,6,1,26,6,-1,-1,-1,-1,2,1,E01003968,0
Unvalidated,2024010507737,2024,010507737,1,5,0,99,9,9,99,9,9,99,9,99,9,1,1,1,28,6,-1,-1,-1,-1,-1,-1,-1,0
Unvalidated,2024010507737,2024,010507737,2,9,0,99,9,9,99,9,9,99,9,99,9,1,6,3,-1,-1,-1,-1,-1,-1,-1,-1,-1,0
Unvalidated,2024010507738,2024,010507738,1,9,0,18,5,1,0,1,0,0,0,0,4,1,6,3,-1,-1,-1,-1,-1,-1,-1,-1,-1,0
Unvalidated,2024010507738,2024,010507738,2,1,0,18,5,1,0,1,0,0,0,0,3,1,6,2,34,6,-1,-1,-1,-1,6,1,E01004493,0
Unvalidated,2024010507738,2024,010507738,3,11,0,2,0,0,2,1,0,0,0,0,3,1,6,3,-1,-1,-1,-1,-1,-1,-1,-1,-1,0
Unvalidated,2024010507747,2024,010507747,1,3,0,13,7,3,0,0,0,0,0,0,1,1,1,1,26,6,-1,-1,-1,-1,3,1,E01004568,0
Unvalidated,2024010507747,2024,010507747,2,9,0,9,7,5,0,0,0,0,0,0,3,1,3,2,47,8,-1,-1,-1,-1,-1,-1,-1,0
Unvalidated,2024010507751,2024,010507751,1,9,0,2,0,0,0,2,0,0,1,0,2,1,6,3,-1,-1,-1,-1,-1,-1,-1,-1,-1,0
Unvalidated,2024010507751,2024,010507751,2,19,0,14,7,3,0,2,0,4,0,0,2,1,6,3,-1,-1,-1,-1,-1,-1,-1,-1,-1,0
Unvalidated,2024010507752,2024,010507752,1,9,0,99,9,9,99,0,9,99,9,99,1,9,6,2,35,6,-1,-1,-1,-1,10,1,E01002196,0
Unvalidated,2024010507752,2024,010507752,2,9,0,99,9,9,99,0,9,99,9,99,9,9,6,3,-1,-1,-1,-1,-1,-1,-1,-1,-1,0
Unvalidated,2024010507754,2024,010507754,1,9,0,18,7,3,0,8,0,0,0,0,1,1,6,1,43,7,-1,-1,-1,-1,9,1,E01003893,0
Unvalidated,2024010507755,2024,010507755,1,9,0,4,5,1,0,1,0,0,0,0,1,1,6,1,25,5,-1,-1,-1,-1,3,1,E01003609,0
Unvalidated,2024010507755,2024,010507755,2,90,0,18,6,2,0,6,0,0,0,0,3,1,6,2,50,8,-1,-1,-1,-1,3,1,E01000094,1
Unvalidated,2024010507757,2024,010507757,1,3,0,18,9,9,99,0,9,99,9,99,1,1,2,1,17,4,-1,-1,-1,-1,5,1,E01033731,0
Unvalidated,2024010507757,2024,010507757,2,9,0,5,9,9,99,0,9,99,9,99,9,9,6,3,-1,-1,-1,-1,-1,-1,-1,-1,-1,0
Unvalidated,2024010507765,2024,010507765,1,1,9,99,9,9,99,9,9,99,9,99,1,1,6,2,47,8,-1,-1,-1,-1,2,1,E01003044,0
Unvalidated,2024010507765,2024,010507765,2,9,0,99,9,9,99,9,9,99,9,99,9,9,6,3,-1,-1,-1,-1,-1,-1,8,1,E01002979,0
Unvalidated,2024010507767,2024,010507767,1,9,0,11,3,7,0,0,0,0,0,0,4,1,2,1,29,6,-1,-1,-1,-1,-1,-1,-1,0
Unvalidated,2024010507767,2024,010507767,2,3,0,15,3,7,0,0,0,0,0,0,3,1,1,1,45,7,-1,-1,-1,-1,10,1,E01023889,0
Unvalidated,2024010507774,2024,010507774,1,3,0,99,9,9,99,9,9,99,9,99,9,1,1,3,39,7,-1,-1,-1,-1,4,1,E01001686,0
Unvalidated,2024010507774,2024,010507774,2,9,0,99,9,9,99,9,9,99,9,99,9,9,6,3,-1,-1,-1,-1,-1,-1,-1,-1,-1,0
Unvalidated,2024010507784,2024,010507784,1,11,0,18,1,5,0,0,0,0,0,0,0,1,1,1,58,9,-1,-1,-1,-1,8,1,E01016217,0
Unvalidated,2024010507789,2024,010507789,1,3,9,99,9,9,99,9,9,99,9,99,9,1,6,3,27,6,-1,-1,-1,-1,4,1,E01001153,0
Unvalidated,2024010507789,2024,010507789,2,9,0,5,9,9,99,9,9,99,9,99,9,9,6,3,-1,-1,-1,-1,-1,-1,-1,-1,-1,0
Unvalidated,2024010507790,2024,010507790,1,1,0,18,4,8,0,0,0,0,0,0,1,1,6,1,-1,-1,-1,-1,-1,-1,-1,-1,-1,0
Unvalidated,2024010507791,2024,010507791,1,11,0,18,7,3,0,4,0,0,0,0,3,1,1,1,56,9,-1,-1,-1,-1,6,1,E01002555,0
Unvalidated,2024010507791,2024,010507791,2,9,0,18,5,1,0,4,0,9,0,0,2,1,2,1,50,8,-1,-1,-1,-1,8,1,E01030686,0