status,collision_index,collision_year,collision_reference,vehicle_reference,vehicle_type,towing_and_articulation,vehicle_manoeuvre,vehicle_direction_from,vehicle_direction_to,vehicle_location_restricted_lane,junction_location,skidding_and_overturning,hit_object_in_carriageway,vehicle_leaving_carriageway,hit_object_off_carriageway,first_point_of_impact,vehicle_left_hand_drive,journey_purpose_of_driver,sex_of_driver,age_of_driver,age_band_of_driver,engine_capacity_cc,propulsion_code,age_of_vehicle,generic_make_model,driver_imd_decile,driver_home_area_type,lsoa_of_driver,escooter_flag
Unvalidated,2024010507796,2024,010507796,1,9,0,18,1,5,0,8,0,0,0,0,2,1,6,2,54,8,-1,-1,-1,-1,5,2,E01024774,0
Unvalidated,2024010507796,2024,010507796,2,9,0,9,5,3,0,8,0,0,0,0,1,1,6,2,57,9,-1,-1,-1,-1,6,1,E01030653,0
Unvalidated,2024010507796,2024,010507796,3,1,0,18,1,5,0,8,0,0,0,0,1,1,6,1,23,5,-1,-1,-1,-1,9,1,E01003473,0
Unvalidated,2024010507799,2024,010507799,1,9,0,18,3,7,0,2,0,0,0,0,0,1,6,1,39,7,-1,-1,-1,-1,8,1,E01000878,0
Unvalidated,2024010507799,2024,010507799,2,1,0,18,3,7,0,2,0,0,0,0,0,1,6,1,37,7,-1,-1,-1,-1,2,1,E01000931,0
Unvalidated,2024010507801,2024,010507801,1,9,0,99,9,9,99,0,9,99,9,99,9,9,6,2,35,6,-1,-1,-1,-1,3,1,E01001076,0
Unvalidated,2024010507801,2024,010507801,2,9,9,99,9,9,99,0,9,99,9,99,9,9,6,2,-1,-1,-1,-1,-1,-1,7,1,E01001036,0
Unvalidated,2024010507803,2024,010507803,1,1,9,99,9,9,99,9,9,99,9,99,9,1,2,2,55,8,-1,-1,-1,-1,7,1,E01003170,0
Unvalidated,2024010507803,2024,010507803,2,8,0,99,9,9,99,9,9,99,9,99,1,9,6,3,-1,-1,-1,-1,-1,-1,2,1,E01001055,0
Unvalidated,2024010507805,2024,010507805,1,8,9,99,9,9,99,9,9,99,9,99,9,1,6,3,-1,-1,-1,-1,-1,-1,-1,-1,-1,0
Unvalidated,2024010507805,2024,010507805,2,9,0,2,0,0,0,9,9,4,1,99,4,9,6,3,-1,-1,-1,-1,-1,-1,-1,-1,-1,0
Unvalidated,2024010507813,2024,010507813,1,3,0,99,9,9,99,1,9,99,9,99,9,1,1,3,41,7,-1,-1,-1,-1,3,1,E01001111,0
Unvalidated,2024010507813,2024,010507813,2,9,9,99,9,9,99,6,9,99,9,99,9,9,6,3,61,9,-1,-1,-1,-1,5,1,E01004519,0
Unvalidated,2024010507814,2024,010507814,1,9,9,99,9,9,99,0,9,99,9,99,9,9,6,2,36,7,-1,-1,-1,-1,4,1,E01002406,0
Unvalidated,2024010507816,2024,010507816,1,9,0,9,5,3,0,5,0,0,0,0,1,1,6,1,83,11,-1,-1,-1,-1,8,1,E01001543,0
Unvalidated,2024010507816,2024,010507816,2,3,0,18,1,5,0,1,0,0,0,0,1,1,6,1,41,7,-1,-1,-1,-1,3,1,E01001505,0
Unvalidated,2024010507818,2024,010507818,1,9,0,7,1,3,0,1,0,0,0,0,1,1,1,1,49,8,-1,-1,-1,-1,5,1,E01001829,0
Unvalidated,2024010507818,2024,010507818,2,1,0,18,1,5,0,1,0,0,0,0,3,1,1,1,30,6,-1,-1,-1,-1,2,1,E01001750,0
Unvalidated,2024010507821,2024,010507821,1,9,0,1,6,2,0,0,0,0,0,0,2,1,6,1,38,7,-1,-1,-1,-1,3,1,E01003819,0
Unvalidated,2024010507822,2024,010507822,1,1,9,99,9,9,99,9,9,99,9,99,9,1,2,2,38,7,-1,-1,-1,-1,6,1,E01001034,0
Unvalidated,2024010507822,2024,010507822,2,9,0,99,9,9,99,9,9,99,9,99,9,9,6,3,-1,-1,-1,-1,-1,-1,1,1,E01003051,0
Unvalidated,2024010507828,2024,010507828,1,9,0,7,4,5,0,1,0,0,0,0,4,1,6,1,59,9,-1,-1,-1,-1,9,1,E01004640,0
Unvalidated,2024010507828,2024,010507828,2,1,0,18,3,7,4,1,2,0,0,0,1,1,2,1,39,7,-1,-1,-1,-1,-1,-1,-1,0
Unvalidated,2024010507831,2024,010507831,1,9,0,99,9,9,99,9,9,99,9,99,2,9,6,1,38,7,-1,-1,-1,-1,2,1,E01001687,0
Unvalidated,2024010507831,2024,010507831,2,9,0,99,9,9,99,9,9,99,9,99,1,9,6,3,-1,-1,-1,-1,-1,-1,3,1,E01003605,0
Unvalidated,2024010507832,2024,010507832,1,9,0,18,3,7,9,6,0,0,0,0,1,1,2,1,48,8,-1,-1,-1,-1,5,1,E01000158,0
Unvalidated,2024010507833,2024,010507833,1,9,0,4,2,6,0,0,0,0,0,0,2,1,2,1,53,8,-1,-1,-1,-1,4,1,E01002611,0
Unvalidated,2024010507833,2024,010507833,2,9,0,18,2,6,0,0,0,0,0,0,2,1,2,2,47,8,-1,-1,-1,-1,4,1,E01002650,0
Unvalidated,2024010507833,2024,010507833,3,9,0,18,2,6,0,0,0,0,0,0,1,1,2,2,35,6,-1,-1,-1,-1,6,1,E01002555,0
Unvalidated,2024010507835,2024,010507835,1,19,0,5,8,4,0,4,0,0,0,0,1,1,2,1,34,6,-1,-1,-1,-1,4,1,E01002059,0
Unvalidated,2024010507835,2024,010507835,2,2,0,5,8,4,0,4,0,0,0,0,2,1,6,1,33,6,-1,-1,-1,-1,5,1,E01002221,0
Unvalidated,2024010507838,2024,010507838,1,5,0,18,2,6,0,1,0,0,0,0,1,1,6,1,39,7,-1,-1,-1,-1,7,1,E01023206,0
Unvalidated,2024010507838,2024,010507838,2,9,0,9,6,4,0,8,0,0,0,0,4,1,6,2,26,6,-1,-1,-1,-1,7,1,E01004281,0
Unvalidated,2024010507842,2024,010507842,1,9,5,17,1,5,0,4,0,0,0,0,1,1,6,1,46,8,-1,-1,-1,-1,10,1,E01017897,0
Unvalidated,2024010507842,2024,010507842,2,9,0,9,3,1,0,4,0,0,0,0,3,1,6,1,25,5,-1,-1,-1,-1,7,1,E01002514,0
Unvalidated,2024010507842,2024,010507842,3,9,0,9,7,5,0,4,0,0,0,0,1,1,6,1,33,6,-1,-1,-1,-1,7,1,E01002514,0
Unvalidated,2024010507844,2024,010507844,1,3,0,18,7,3,0,8,0,0,0,0,2,1,6,1,23,5,-1,-1,-1,-1,3,1,E01030400,0
Unvalidated,2024010507844,2024,010507844,2,9,0,9,7,6,0,5,0,0,0,0,1,1,6,3,-1,-1,-1,-1,-1,-1,-1,-1,-1,0
Unvalidated,2024010507853,2024,010507853,1,9,0,12,3,7,0,7,0,0,0,0,4,1,6,1,21,5,-1,-1,-1,-1,6,1,E01004216,0
Unvalidated,2024010507853,2024,010507853,2,9,0,18,3,7,0,2,0,0,0,0,1,1,6,1,38,7,-1,-1,-1,-1,2,1,E01003501,0
Unvalidated,2024010507853,2024,010507853,3,3,0,11,3,7,0,2,0,0,0,0,4,1,2,1,29,6,-1,-1,-1,-1,3,1,E01000043,0
Unvalidated,2024010507854,2024,010507854,1,1,9,99,9,9,99,1,9,99,9,99,9,1,6,2,31,6,-1,-1,-1,-1,1,1,E01003246,0
Unvalidated,2024010507854,2024,010507854,2,9,0,99,9,9,99,6,9,99,9,99,1,9,6,1,43,7,-1,-1,-1,-1,3,1,E01001640,0
Unvalidated,2024010507855,2024,010507855,1,9,0,18,7,3,0,1,0,0,0,0,1,1,6,3,-1,-1,-1,-1,-1,-1,-1,-1,-1,0
Unvalidated,2024010507855,2024,010507855,2,1,0,3,1,5,0,1,0,0,0,0,3,1,1,1,24,5,-1,-1,-1,-1,3,1,E01003109,0
Unvalidated,2024010507857,2024,010507857,1,9,0,18,7,3,0,8,1,0,0,0,2,1,2,2,32,6,-1,-1,-1,-1,3,1,E01002058,0
Unvalidated,2024010507857,2024,010507857,2,9,0,18,1,5,0,8,0,0,0,0,1,1,6,2,28,6,-1,-1,-1,-1,3,1,E01000922,0
Unvalidated,2024010507860,2024,010507860,1,9,0,18,6,2,0,1,1,0,0,0,4,1,6,2,70,10,-1,-1,-1,-1,5,1,E01000383,0
Unvalidated,2024010507860,2024,010507860,2,9,0,9,1,6,0,6,0,0,0,0,1,1,6,2,26,6,-1,-1,-1,-1,4,1,E01001674,0
Unvalidated,2024010507866,2024,010507866,1,9,0,18,1,5,0,0,0,0,0,0,3,1,1,1,40,7,-1,-1,-1,-1,7,1,E01003456,0
Unvalidated,2024010507866,2024,010507866,2,3,0,5,5,1,0,0,0,0,0,0,0,1,6,1,26,6,-1,-1,-1,-1,3,1,E01004645,0
Unvalidated,2024010507867,2024,010507867,1,9,0,13,7,3,0,0,0,0,1,0,4,1,3,2,40,7,-1,-1,-1,-1,3,1,E01001362,0
Unvalidated,2024010507867,2024,010507867,2,3,0,18,3,7,0,0,0,0,0,0,4,1,6,1,60,9,-1,-1,-1,-1,4,1,E01001286,0
Unvalidated,2024010507873,2024,010507873,1,9,0,99,9,9,99,9,9,99,9,99,2,9,1,1,62,9,-1,-1,-1,-1,2,1,E01001215,0
Unvalidated,2024010507873,2024,010507873,2,9,0,99,9,9,99,9,9,99,9,99,1,9,6,3,-1,-1,-1,-1,-1,-1,-1,-1,-1,0
Unvalidated,2024010507873,2024,010507873,3,9,0,99,9,9,99,9,9,99,9,99,0,9,6,3,-1,-1,-1,-1,-1,-1,8,1,E01032758,0
Unvalidated,2024010507876,2024,010507876,1,3,0,99,9,9,99,0,9,99,9,99,9,1,6,1,24,5,-1,-1,-1,-1,2,1,E01001414,0
Unvalidated,2024010507876,2024,010507876,2,9,0,99,9,9,99,0,9,99,9,99,9,9,6,1,52,8,-1,-1,-1,-1,8,1,E01000269,0
Unvalidated,2024010507881,2024,010507881,1,3,0,16,5,1,0,8,0,0,0,0,1,1,2,2,40,7,-1,-1,-1,-1,10,1,E01030416,0
Unvalidated,2024010507881,2024,010507881,2,1,0,7,4,7,0,8,0,0,0,0,2,1,6,1,24,5,-1,-1,-1,-1,-1,-1,-1,0
Unvalidated,2024010507883,2024,010507883,1,9,0,9,7,5,0,4,0,0,0,0,1,1,6,2,39,7,-1,-1,-1,-1,3,1,E01002649,0
Unvalidated,2024010507883,2024,010507883,2,1,0,18,7,3,0,4,0,0,0,0,1,1,6,1,59,9,-1,-1,-1,-1,7,1,E01002944,0
Unvalidated,2024010507884,2024,010507884,1,3,0,18,5,1,0,1,0,0,0,0,4,1,2,1,38,7,-1,-1,-1,-1,4,1,E01004551,0
Unvalidated,2024010507885,2024,010507885,1,9,0,7,1,4,9,5,1,10,1,11,1,1,6,1,24,5,-1,-1,-1,-1,2,1,E01000223,0
Unvalidated,2024010507885,2024,010507885,2,9,0,18,1,5,0,1,0,0,0,0,0,1,1,1,29,6,-1,-1,-1,-1,5,1,E01033573,0
Unvalidated,2024010507886,2024,010507886,1,1,9,99,9,9,99,9,9,99,9,99,9,1,3,1,41,7,-1,-1,-1,-1,3,1,E01003263,0
Unvalidated,2024010507886,2024,010507886,2,19,0,99,9,9,99,9,9,99,9,99,9,9,6,3,-1,-1,-1,-1,-1,-1,-1,-1,-1,0
Unvalidated,2024010507888,2024,010507888,1,9,0,99,9,9,99,9,9,99,9,99,2,9,6,3,-1,-1,-1,-1,-1,-1,-1,-1,-1,0
Unvalidated,2024010507889,2024,010507889,1,9,0,7,1,3,0,1,0,0,0,0,1,1,2,2,41,7,-1,-1,-1,-1,10,1,E01002191,0
Unvalidated,2024010507889,2024,010507889,2,1,0,7,7,1,0,1,0,0,0,0,1,1,6,1,49,8,-1,-1,-1,-1,8,1,E01002160,0
Unvalidated,2024010507891,2024,010507891,1,3,0,99,9,9,99,0,9,99,9,99,9,1,6,1,31,6,-1,-1,-1,-1,4,1,E01004439,0
Unvalidated,2024010507891,2024,010507891,2,9,0,99,9,9,99,0,9,99,9,99,9,9,6,3,-1,-1,-1,-1,-1,-1,3,1,E01003978,0
Unvalidated,2024010507900,2024,010507900,1,1,0,18,1,5,0,1,0,0,0,0,1,1,2,1,44,7,-1,-1,-1,-1,3,1,E01000912,0
Unvalidated,2024010507905,2024,010507905,1,11,0,4,7,3,2,2,0,0,0,0,4,1,1,1,35,6,-1,-1,-1,-1,3,1,E01001449,0
Unvalidated,2024010507905,2024,010507905,2,1,0,18,3,7,9,2,0,4,0,0,4,1,2,1,43,7,-1,-1,-1,-1,4,2,E01026250,0
Unvalidated,2024010507908,2024,010507908,1,9,0,3,5,1,0,1,0,0,0,0,2,1,1,1,55,8,-1,-1,-1,-1,2,1,E01001151,0
Unvalidated,2024010507908,2024,010507908,2,11,0,18,5,1,0,1,0,4,0,0,1,1,1,1,60,9,-1,-1,-1,-1,3,1,E01030400,0
Unvalidated,2024010507914,2024,010507914,1,1,9,18,3,7,99,9,9,99,9,0,9,1,6,1,47,8,-1,-1,-1,-1,9,1,E01000419,0
Unvalidated,2024010507914,2024,010507914,2,9,9,99,9,9,99,9,9,99,9,99,9,9,6,2,-1,-1,-1,-1,-1,-1,-1,-1,-1,0
Unvalidated,2024010507917,2024,010507917,1,1,9,99,9,9,99,9,9,99,9,99,9,1,6,3,34,6,-1,-1,-1,-1,3,1,E01003550,0
Unvalidated,2024010507917,2024,010507917,2,9,0,99,9,9,99,9,9,99,9,99,9,9,6,3,49,8,-1,-1,-1,-1,4,1,E01004375,0
Unvalidated,2024010507919,2024,010507919,1,1,9,99,9,9,99,9,9,99,9,99,2,1,2,2,30,6,-1,-1,-1,-1,5,1,E01004374,0
Unvalidated,2024010507919,2024,010507919,2,9,0,99,9,9,99,9,9,99,9,99,1,9,6,3,-1,-1,-1,-1,-1,-1,-1,-1,-1,0
Unvalidated,2024010507920,2024,010507920,1,3,0,99,9,9,99,9,9,99,9,99,9,1,1,1,28,6,-1,-1,-1,-1,2,1,E01003079,0
Unvalidated,2024010507920,2024,010507920,2,9,0,99,9,9,99,9,9,99,9,99,9,9,6,3,49,8,-1,-1,-1,-1,3,1,E01003525,0
Unvalidated,2024010507921,2024,010507921,1,9,0,9,1,7,0,1,0,0,0,0,1,1,6,2,47,8,-1,-1,-1,-1,9,1,E01000213,0
Unvalidated,2024010507921,2024,010507921,2,3,0,14,7,3,0,1,0,0,0,0,4,1,6,1,29,6,-1,-1,-1,-1,2,1,E01000959,0
Unvalidated,2024010507922,2024,010507922,1,8,0,18,4,8,0,1,0,0,0,0,1,1,1,1,48,8,-1,-1,-1,-1,7,1,E01001343,0
Unvalidated,2024010507934,2024,010507934,1,3,9,99,9,9,99,9,9,99,9,99,9,1,1,1,43,7,-1,-1,-1,-1,6,1,E01001245,0
Unvalidated,2024010507934,2024,010507934,2,9,9,99,9,9,99,9,9,99,9,99,1,9,6,3,-1,-1,-1,-1,-1,-1,-1,-1,-1,0
Unvalidated,2024010507938,2024,010507938,1,11,0,18,7,3,0,1,0,0,0,0,0,1,1,2,60,9,-1,-1,-1,-1,2,1,E01003256,0
Unvalidated,2024010507940,2024,010507940,1,9,0,99,9,9,99,9,9,99,9,99,2,9,6,1,28,6,-1,-1,-1,-1,3,1,E01001661,0
Unvalidated,2024010507940,2024,010507940,2,9,0,99,9,9,99,9,9,99,9,99,1,9,6,3,-1,-1,-1,-1,-1,-1,-1,-1,-1,0
Unvalidated,2024010507941,2024,010507941,1,3,0,99,9,9,99,9,9,99,9,99,1,1,6,2,53,8,-1,-1,-1,-1,2,1,E01004364,0
Unvalidated,2024010507941,2024,010507941,2,9,0,99,9,9,99,9,9,99,9,99,1,9,6,3,-1,-1,-1,-1,-1,-1,-1,-1,-1,0
Unvalidated,2024010507943,2024,010507943,1,1,9,99,9,9,99,9,9,99,9,99,1,1,6,1,-1,-1,-1,-1,-1,-1,-1,-1,-1,0
Unvalidated,2024010507948,2024,010507948,1,19,0,99,9,9,99,9,9,99,9,99,9,9,6,1,73,10,-1,-1,-1,-1,2,1,E01003160,0
Unvalidated,2024010507951,2024,010507951,1,9,0,99,9,9,99,5,9,99,9,99,3,9,6,3,46,8,-1,-1,-1,-1,3,1,E01003583,0
Unvalidated,2024010507951,2024,010507951,2,1,9,99,9,9,99,1,9,99,9,99,9,1,2,1,43,7,-1,-1,-1,-1,5,1,E01001859,0
Unvalidated,2024010507952,2024,010507952,1,1,9,99,9,9,99,9,9,99,9,99,9,1,6,1,24,5,-1,-1,-1,-1,5,1,E01004736,0
Unvalidated,2024010507952,2024,010507952,2,8,0,99,9,9,99,9,9,99,9,99,9,9,6,3,-1,-1,-1,-1,-1,-1,-1,-1,-1,0
Unvalidated,2024010507958,2024,010507958,1,3,0,99,9,9,99,9,9,99,9,99,1,1,1,2,44,7,-1,-1,-1,-1,2,1,E01000544,0
Unvalidated,2024010507958,2024,010507958,2,9,0,99,9,9,99,9,9,99,9,99,1,9,6,3,-1,-1,-1,-1,-1,-1,-1,-1,-1,0
Unvalidated,2024010507961,2024,010507961,1,9,0,99,9,9,99,9,9,99,9,99,9,9,6,1,54,8,-1,-1,-1,-1,9,1,E01000356,0
Unvalidated,2024010507961,2024,010507961,2,9,0,99,9,9,99,9,9,99,9,99,1,9,6,3,55,8,-1,-1,-1,-1,-1,-1,-1,0
Unvalidated,2024010507963,2024,010507963,1,3,9,99,9,9,99,9,9,99,9,99,9,1,1,1,33,6,-1,-1,-1,-1,3,2,E01002313,0
Unvalidated,2024010507963,2024,010507963,2,9,9,99,9,9,99,9,9,99,9,99,9,9,6,3,-1,-1,-1,-1,-1,-1,-1,-1,-1,0
Unvalidated,2024010507966,2024,010507966,1,3,0,15,4,8,0,2,0,0,0,0,3,1,6,1,34,6,-1,-1,-1,-1,-1,-1,-1,0
Unvalidated,2024010507966,2024,010507966,2,19,3,7,6,8,0,1,0,0,0,0,4,1,1,1,63,9,-1,-1,-1,-1,3,1,E01000125,0
Unvalidated,2024010507967,2024,010507967,1,9,0,14,1,5,0,1,0,0,0,0,1,1,6,1,44,7,-1,-1,-1,-1,5,1,E01003139,0
Unvalidated,2024010507967,2024,010507967,2,9,0,4,1,5,0,1,0,0,0,0,2,1,6,2,47,8,-1,-1,-1,-1,2,1,E01000992,0
Unvalidated,2024010507969,2024,010507969,1,3,0,99,9,9,99,9,9,99,9,99,9,1,6,3,23,5,-1,-1,-1,-1,9,1,E01002134,0
Unvalidated,2024010507969,2024,010507969,2,9,0,99,9,9,99,9,9,99,9,99,9,9,6,3,-1,-1,-1,-1,-1,-1,-1,-1,-1,0
Unvalidated,2024010507972,2024,010507972,1,19,0,99,9,9,99,9,9,99,9,99,9,9,6,3,-1,-1,-1,-1,-1,-1,-1,-1,-1,0
Unvalidated,2024010507977,2024,010507977,1,5,0,12,7,3,0,0,2,0,0,0,0,1,6,1,43,7,-1,-1,-1,-1,2,1,E01000097,0
Unvalidated,2024010507977,2024,010507977,2,9,0,18,7,3,0,0,0,0,0,0,0,1,6,3,-1,-1,-1,-1,-1,-1,-1,-1,-1,0
Unvalidated,2024010507978,2024,010507978,1,1,0,18,7,3,0,2,0,0,0,0,1,1,6,3,34,6,-1,-1,-1,-1,-1,-1,-1,0
Unvalidated,2024010507980,2024,010507980,1,20,0,3,3,7,0,1,0,0,0,0,1,1,1,1,46,8,-1,-1,-1,-1,1,1,E01002842,0
Unvalidated,2024010507980,2024,010507980,2,1,0,9,3,1,0,1,0,0,0,0,4,1,6,1,20,4,-1,-1,-1,-1,4,1,E01002621,0
Unvalidated,2024010507982,2024,010507982,1,3,0,99,9,9,99,9,9,99,9,99,1,1,1,2,34,6,-1,-1,-1,-1,2,1,E01000141,0
Unvalidated,2024010507982,2024,010507982,2,9,0,99,9,9,99,9,9,99,9,99,9,9,6,3,34,6,-1,-1,-1,-1,-1,-1,-1,0
Unvalidated,2024010507985,2024,010507985,1,9,0,99,9,9,99,9,9,99,9,99,1,1,6,3,-1,-1,-1,-1,-1,-1,-1,-1,-1,0
Unvalidated,2024010507987,2024,010507987,1,3,0,99,9,9,99,9,9,99,9,99,1,1,1,1,23,5,-1,-1,-1,-1,5,1,E01002119,0
Unvalidated,2024010507987,2024,010507987,2,9,0,99,9,9,99,9,9,99,9,99,2,9,6,3,-1,-1,-1,-1,-1,-1,-1,-1,-1,0
Unvalidated,2024010507991,2024,010507991,1,19,0,9,8,5,0,6,0,0,0,0,0,1,1,1,56,9,-1,-1,-1,-1,7,1,E01023795,0
Unvalidated,2024010507991,2024,010507991,2,1,0,14,3,7,0,1,0,0,0,0,0,1,6,1,20,4,-1,-1,-1,-1,7,1,E01003456,0
Unvalidated,2024010507992,2024,010507992,1,1,9,99,9,9,99,1,9,99,9,99,9,1,2,2,44,7,-1,-1,-1,-1,3,1,E01004202,0
Unvalidated,2024010507992,2024,010507992,2,9,0,99,9,9,99,6,9,99,9,99,1,9,6,1,-1,-1,-1,-1,-1,-1,4,1,E01003683,0
Unvalidated,2024010507993,2024,010507993,1,1,9,99,9,9,99,0,9,99,9,99,1,1,6,1,33,6,-1,-1,-1,-1,1,1,E01004322,0
Unvalidated,2024010507993,2024,010507993,2,9,0,99,9,9,99,0,9,99,9,99,2,9,6,3,-1,-1,-1,-1,-1,-1,-1,-1,-1,0
Unvalidated,2024010507994,2024,010507994,1,9,0,3,1,5,0,1,0,0,0,0,3,1,3,1,59,9,-1,-1,-1,-1,1,1,E01004670,0
Unvalidated,2024010507994,2024,010507994,2,1,0,18,1,5,0,1,0,4,0,0,1,1,1,1,23,5,-1,-1,-1,-1,3,1,E01003146,0
Unvalidated,2024010507996,2024,010507996,1,9,9,99,9,9,99,9,9,99,9,99,9,9,6,2,44,7,-1,-1,-1,-1,8,1,E01000540,0
Unvalidated,2024010507997,2024,010507997,1,9,0,99,9,9,99,9,9,99,9,99,1,9,2,2,40,7,-1,-1,-1,-1,2,1,E01001477,0
Unvalidated,2024010507997,2024,010507997,2,9,0,99,9,9,99,9,9,99,9,99,9,9,6,3,-1,-1,-1,-1,-1,-1,-1,-1,-1,0
Unvalidated,2024010508003,2024,010508003,1,4,0,99,9,9,99,1,9,99,9,99,9,1,2,1,42,7,-1,-1,-1,-1,4,1,E01003357,0
Unvalidated,2024010508003,2024,010508003,2,9,0,99,9,9,99,6,9,99,9,99,9,9,6,1,33,6,-1,-1,-1,-1,1,1,E01001155,0
Unvalidated,2024010508008,2024,010508008,1,9,9,7,3,5,99,9,9,99,9,99,9,1,6,2,58,9,-1,-1,-1,-1,7,1,E01001027,0
Unvalidated,2024010508009,2024,010508009,1,9,0,9,3,8,0,2,0,0,0,0,1,1,6,2,38,7,-1,-1,-1,-1,2,1,E01001357,0
Unvalidated,2024010508017,2024,010508017,1,3,0,18,4,8,0,8,0,0,0,0,1,1,6,1,24,5,-1,-1,-1,-1,1,1,E01002904,0
Unvalidated,2024010508023,2024,010508023,1,8,0,99,9,9,99,9,9,99,9,99,2,9,1,1,34,6,-1,-1,-1,-1,5,1,E01002449,0
Unvalidated,2024010508023,2024,010508023,2,9,0,99,9,9,99,9,9,99,9,99,2,9,6,3,-1,-1,-1,-1,-1,-1,3,1,E01002647,0
Unvalidated,2024010508023,2024,010508023,3,8,0,99,9,9,99,9,9,99,9,99,1,9,6,3,-1,-1,-1,-1,-1,-1,3,1,E01002647,0
Unvalidated,2024010508025,2024,010508025,1,9,9,99,9,9,99,9,9,99,9,99,9,9,6,3,-1,-1,-1,-1,-1,-1,-1,-1,-1,0
Unvalidated,2024010508028,2024,010508028,1,9,0,99,9,9,99,0,9,99,9,99,9,9,2,1,22,5,-1,-1,-1,-1,8,1,E01030686,0
Unvalidated,2024010508032,2024,010508032,1,9,0,99,9,9,99,9,9,99,9,99,9,9,6,2,66,10,-1,-1,-1,-1,6,1,E01021464,0
Unvalidated,2024010508032,2024,010508032,2,4,0,99,9,9,99,9,9,99,9,99,9,1,6,3,-1,-1,-1,-1,-1,-1,-1,-1,-1,0
Unvalidated,2024010508033,2024,010508033,1,9,0,7,5,7,0,5,0,0,0,0,2,1,6,1,27,6,-1,-1,-1,-1,2,1,E01002776,0
Unvalidated,2024010508033,2024,010508033,2,1,0,12,5,1,0,1,0,0,0,0,1,1,1,1,25,5,-1,-1,-1,-1,-1,1,-1,0
Unvalidated,2024010508034,2024,010508034,1,5,0,99,9,9,99,9,9,99,9,99,9,1,6,1,45,7,-1,-1,-1,-1,3,1,E01000381,0
Unvalidated,2024010508034,2024,010508034,2,9,0,99,9,9,99,9,9,99,9,99,9,9,6,3,-1,-1,-1,-1,-1,-1,-1,-1,-1,0
Unvalidated,2024010508037,2024,010508037,1,90,0,18,5,1,0,5,0,0,0,0,1,1,6,3,-1,-1,-1,-1,-1,-1,-1,-1,-1,1
Unvalidated,2024010508039,2024,010508039,1,9,0,4,1,5,0,0,0,10,0,0,1,1,2,1,65,9,-1,-1,-1,-1,9,1,E01003905,0
Unvalidated,2024010508041,2024,010508041,1,9,0,2,0,0,0,1,0,0,0,0,0,1,6,3,-1,-1,-1,-1,-1,-1,-1,-1,-1,0
Unvalidated,2024010508041,2024,010508041,2,9,0,18,7,3,0,1,0,0,0,0,1,1,6,3,-1,-1,-1,-1,-1,-1,-1,-1,-1,0
Unvalidated,2024010508043,2024,010508043,1,9,0,5,1,5,0,2,0,0,0,0,1,1,6,2,56,9,-1,-1,-1,-1,4,1,E01003354,0
Unvalidated,2024010508043,2024,010508043,2,9,0,5,1,5,0,1,0,0,0,0,4,1,6,1,66,10,-1,-1,-1,-1,2,1,E01003325,0
Unvalidated,2024010508047,2024,010508047,1,9,0,4,1,5,0,0,0,0,0,0,2,1,1,1,29,6,-1,-1,-1,-1,8,1,E01002334,0
Unvalidated,2024010508047,2024,010508047,2,9,0,18,1,5,0,0,0,0,0,0,1,1,6,1,44,7,-1,-1,-1,-1,3,1,E01003526,0
Unvalidated,2024010508049,2024,010508049,1,9,0,18,3,7,0,0,0,10,0,0,4,1,1,2,39,7,-1,-1,-1,-1,5,1,E01001524,0
Unvalidated,2024010508049,2024,010508049,2,9,0,12,3,7,0,0,0,0,0,0,3,1,6,3,-1,-1,-1,-1,-1,-1,-1,-1,-1,0
Unvalidated,2024010508053,2024,010508053,1,9,0,99,9,9,99,0,9,99,9,99,1,9,6,1,55,8,-1,-1,-1,-1,2,1,E01001553,0
Unvalidated,2024010508058,2024,010508058,1,9,0,9,3,1,0,6,0,0,0,0,1,1,6,1,23,5,-1,-1,-1,-1,10,1,E01031822,0
Unvalidated,2024010508058,2024,010508058,2,5,0,18,1,5,0,1,0,0,0,0,4,1,6,1,46,8,-1,-1,-1,-1,2,1,E01001054,0
Unvalidated,2024010508060,2024,010508060,1,3,0,99,9,9,99,9,9,99,9,99,2,1,1,1,49,8,-1,-1,-1,-1,7,1,E01003865,0
Unvalidated,2024010508060,2024,010508060,2,9,0,99,9,9,99,9,9,99,9,99,1,9,6,3,-1,-1,-1,-1,-1,-1,-1,-1,-1,0
Unvalidated,2024010508063,2024,010508063,1,3,0,99,9,9,2,9,9,99,9,99,1,1,2,1,34,6,-1,-1,-1,-1,7,1,E01002329,0
Unvalidated,2024010508063,2024,010508063,2,9,0,99,9,9,99,9,9,99,9,99,9,9,6,3,-1,-1,-1,-1,-1,-1,-1,-1,-1,0
Unvalidated,2024010508066,2024,010508066,1,3,0,14,7,3,0,1,5,0,0,0,1,1,6,1,22,5,-1,-1,-1,-1,4,1,E01033739,0
Unvalidated,2024010508066,2024,010508066,2,9,0,10,1,6,0,8,0,0,0,0,1,1,6,1,40,7,-1,-1,-1,-1,3,1,E01003521,0