status,collision_index,collision_year,collision_reference,vehicle_reference,vehicle_type,towing_and_articulation,vehicle_manoeuvre,vehicle_direction_from,vehicle_direction_to,vehicle_location_restricted_lane,junction_location,skidding_and_overturning,hit_object_in_carriageway,vehicle_leaving_carriageway,hit_object_off_carriageway,first_point_of_impact,vehicle_left_hand_drive,journey_purpose_of_driver,sex_of_driver,age_of_driver,age_band_of_driver,engine_capacity_cc,propulsion_code,age_of_vehicle,generic_make_model,driver_imd_decile,driver_home_area_type,lsoa_of_driver,escooter_flag
Unvalidated,2024010508071,2024,010508071,1,9,0,7,5,7,0,1,0,0,0,0,1,1,6,1,51,8,-1,-1,-1,-1,3,1,E01001823,0
Unvalidated,2024010508071,2024,010508071,2,1,0,4,1,5,0,1,0,0,0,0,1,1,2,1,37,7,-1,-1,-1,-1,2,1,E01002072,0
Unvalidated,2024010508072,2024,010508072,1,3,0,17,6,2,0,0,0,10,1,11,1,1,6,1,16,4,-1,-1,-1,-1,7,1,E01000339,0
Unvalidated,2024010508073,2024,010508073,1,9,0,18,1,5,0,2,1,0,0,0,1,1,3,2,32,6,-1,-1,-1,-1,4,1,E01003482,0
Unvalidated,2024010508078,2024,010508078,1,1,9,99,9,9,4,1,9,99,9,99,9,1,2,1,35,6,-1,-1,-1,-1,8,1,E01002942,0
Unvalidated,2024010508078,2024,010508078,2,9,0,99,9,9,99,5,9,99,9,99,1,9,6,3,24,5,-1,-1,-1,-1,3,1,E01004437,0
Unvalidated,2024010508080,2024,010508080,1,9,0,18,7,3,0,0,0,0,0,0,2,1,6,1,22,5,-1,-1,-1,-1,3,1,E01003592,0
Unvalidated,2024010508080,2024,010508080,2,5,0,18,7,3,0,0,0,0,0,0,1,1,6,1,33,6,-1,-1,-1,-1,3,1,E01000094,0
Unvalidated,2024010508081,2024,010508081,1,9,0,2,0,0,0,1,0,0,0,0,2,1,6,3,-1,-1,-1,-1,-1,-1,-1,-1,-1,0
Unvalidated,2024010508081,2024,010508081,2,1,0,18,5,1,0,1,0,4,7,0,1,1,1,1,20,4,-1,-1,-1,-1,4,1,E01001137,0
Unvalidated,2024010508082,2024,010508082,1,9,0,99,9,9,99,9,9,99,9,99,2,9,6,2,22,5,-1,-1,-1,-1,5,1,E01000488,0
Unvalidated,2024010508082,2024,010508082,2,4,0,99,9,9,99,9,9,99,9,99,3,1,6,3,-1,-1,-1,-1,-1,-1,-1,-1,-1,0
Unvalidated,2024010508083,2024,010508083,1,9,0,18,5,1,0,0,0,0,0,0,1,1,3,2,39,7,-1,-1,-1,-1,5,1,E01000402,0
Unvalidated,2024010508083,2024,010508083,2,1,0,18,1,5,0,0,0,0,0,0,1,1,6,1,9,2,-1,-1,-1,-1,5,1,E01000402,0
Unvalidated,2024010508086,2024,010508086,1,19,9,99,9,9,99,1,9,0,0,0,1,9,1,1,31,6,-1,-1,-1,-1,2,1,E01002003,0
Unvalidated,2024010508087,2024,010508087,1,90,0,15,2,6,4,1,0,0,0,0,0,1,6,1,-1,-1,-1,-1,-1,-1,-1,-1,-1,1
Unvalidated,2024010508091,2024,010508091,1,19,0,18,1,5,0,0,0,0,0,0,3,1,6,1,52,8,-1,-1,-1,-1,6,1,E01002544,0
Unvalidated,2024010508091,2024,010508091,2,19,0,3,1,5,0,0,0,0,0,0,3,1,6,1,24,5,-1,-1,-1,-1,5,1,E01001214,0
Unvalidated,2024010508094,2024,010508094,1,9,0,7,3,5,8,6,0,0,0,0,1,1,1,1,63,9,-1,-1,-1,-1,5,1,E01001381,0
Unvalidated,2024010508094,2024,010508094,2,5,0,18,1,5,0,1,1,0,0,0,2,1,6,1,64,9,-1,-1,-1,-1,9,3,E01002391,0
Unvalidated,2024010508097,2024,010508097,1,3,0,9,3,1,0,6,0,0,0,0,2,1,1,1,22,5,-1,-1,-1,-1,2,1,E01000743,0
Unvalidated,2024010508097,2024,010508097,2,9,0,18,1,5,0,8,0,0,0,0,1,1,6,2,58,9,-1,-1,-1,-1,6,1,E01003378,0
Unvalidated,2024010508098,2024,010508098,1,9,0,3,3,7,0,1,0,0,0,0,2,1,2,2,24,5,-1,-1,-1,-1,2,1,E01003633,0
Unvalidated,2024010508098,2024,010508098,2,90,0,15,3,7,0,1,0,0,0,0,1,1,2,1,22,5,-1,-1,-1,-1,2,1,E01033578,1
Unvalidated,2024010508106,2024,010508106,1,19,0,18,3,7,0,8,0,0,0,0,1,1,1,2,30,6,-1,-1,-1,-1,4,1,E01003666,0
Unvalidated,2024010508106,2024,010508106,2,9,0,18,1,5,0,8,0,0,0,0,1,1,6,1,29,6,-1,-1,-1,-1,10,1,E01023885,0
Unvalidated,2024010508110,2024,010508110,1,3,0,99,9,9,99,9,9,99,9,99,9,1,2,1,27,6,-1,-1,-1,-1,2,1,E01002080,0
Unvalidated,2024010508110,2024,010508110,2,9,0,99,9,9,99,9,9,99,9,99,9,9,6,3,-1,-1,-1,-1,-1,-1,-1,-1,-1,0
Unvalidated,2024010508111,2024,010508111,1,11,0,11,5,1,2,8,0,0,0,0,1,1,1,1,46,8,-1,-1,-1,-1,4,1,E01003343,0
Unvalidated,2024010508111,2024,010508111,2,1,0,18,5,1,2,8,0,0,0,0,2,1,2,2,26,6,-1,-1,-1,-1,3,1,E01003017,0
Unvalidated,2024010508116,2024,010508116,1,9,0,3,8,4,0,8,0,0,9,0,2,1,6,2,31,6,-1,-1,-1,-1,2,1,E01000526,0
Unvalidated,2024010508116,2024,010508116,2,9,9,99,9,9,0,9,9,99,9,0,1,9,6,3,-1,-1,-1,-1,-1,-1,3,1,E01000644,0
Unvalidated,2024010508121,2024,010508121,1,9,0,18,1,5,0,2,0,0,1,0,1,1,6,2,63,9,-1,-1,-1,-1,9,1,E01015684,0
Unvalidated,2024010508121,2024,010508121,2,19,0,18,1,5,0,2,0,0,0,0,2,1,1,1,42,7,-1,-1,-1,-1,9,1,E01017389,0
Unvalidated,2024010508130,2024,010508130,1,1,9,99,9,9,99,9,9,99,9,99,1,1,2,1,34,6,-1,-1,-1,-1,6,1,E01001540,0
Unvalidated,2024010508130,2024,010508130,2,9,0,99,9,9,99,9,9,99,9,99,4,9,6,1,28,6,-1,-1,-1,-1,3,1,E01001501,0
Unvalidated,2024010508135,2024,010508135,1,9,0,99,9,9,99,9,9,99,9,99,9,9,6,1,33,6,-1,-1,-1,-1,6,1,E01001662,0
Unvalidated,2024010508135,2024,010508135,2,11,0,99,9,9,99,9,9,99,9,99,9,9,6,3,-1,-1,-1,-1,-1,-1,-1,-1,-1,0
Unvalidated,2024010508139,2024,010508139,1,1,9,99,9,9,99,9,9,99,9,99,9,1,6,2,25,5,-1,-1,-1,-1,3,1,E01001769,0
Unvalidated,2024010508139,2024,010508139,2,9,9,99,9,9,99,9,9,99,9,99,9,9,6,1,-1,-1,-1,-1,-1,-1,-1,-1,-1,0
Unvalidated,2024010508141,2024,010508141,1,3,0,99,9,9,99,9,9,99,9,99,9,1,1,3,-1,-1,-1,-1,-1,-1,3,1,E01004203,0
Unvalidated,2024010508141,2024,010508141,2,9,0,99,9,9,99,9,9,99,9,99,9,9,6,3,-1,-1,-1,-1,-1,-1,-1,-1,-1,0
Unvalidated,2024010508144,2024,010508144,1,9,0,9,3,1,2,5,0,0,0,0,1,2,1,1,66,10,-1,-1,-1,-1,2,1,E01004023,0
Unvalidated,2024010508144,2024,010508144,2,90,0,15,7,3,2,1,0,0,0,0,1,1,6,1,25,5,-1,-1,-1,-1,1,1,E01021317,1
Unvalidated,2024010508145,2024,010508145,1,9,0,18,1,5,0,0,0,0,0,0,2,1,6,1,18,4,-1,-1,-1,-1,9,1,E01004638,0
Unvalidated,2024010508145,2024,010508145,2,9,0,4,1,5,0,0,0,10,0,0,2,1,6,1,42,7,-1,-1,-1,-1,8,1,E01003001,0
Unvalidated,2024010508145,2024,010508145,3,9,0,4,1,5,0,0,0,0,0,0,0,1,6,1,20,4,-1,-1,-1,-1,2,1,E01004574,0
Unvalidated,2024010508145,2024,010508145,4,9,0,18,1,5,0,0,0,0,0,0,4,1,6,1,66,10,-1,-1,-1,-1,-1,-1,-1,0
Unvalidated,2024010508146,2024,010508146,1,9,0,18,7,3,0,8,1,0,0,0,4,1,2,1,46,8,-1,-1,-1,-1,7,1,E01021765,0
Unvalidated,2024010508146,2024,010508146,2,19,0,9,3,1,0,1,0,0,0,0,3,1,6,1,43,7,-1,-1,-1,-1,3,1,E01003728,0
Unvalidated,2024010508150,2024,010508150,1,8,0,18,5,1,0,1,0,0,0,0,2,1,6,1,57,9,-1,-1,-1,-1,-1,-1,-1,0
Unvalidated,2024010508150,2024,010508150,2,19,0,18,5,1,0,1,0,0,0,0,1,1,6,3,-1,-1,-1,-1,-1,-1,-1,-1,-1,0
Unvalidated,2024010508151,2024,010508151,1,19,0,18,5,1,0,1,0,0,0,0,4,1,6,3,-1,-1,-1,-1,-1,-1,-1,-1,-1,0
Unvalidated,2024010508151,2024,010508151,2,1,0,18,5,1,0,6,0,0,0,0,3,1,2,1,44,7,-1,-1,-1,-1,2,1,E01003947,0
Unvalidated,2024010508152,2024,010508152,1,1,9,99,9,9,99,9,9,99,9,99,9,1,2,2,33,6,-1,-1,-1,-1,5,1,E01000571,0
Unvalidated,2024010508152,2024,010508152,2,9,0,99,9,9,99,9,9,99,9,99,9,9,6,3,-1,-1,-1,-1,-1,-1,-1,-1,-1,0
Unvalidated,2024010508160,2024,010508160,1,9,0,18,5,1,0,2,0,0,0,0,2,1,2,1,45,7,-1,-1,-1,-1,7,1,E01004512,0
Unvalidated,2024010508160,2024,010508160,2,19,3,18,5,1,0,2,0,0,0,0,1,1,1,1,48,8,-1,-1,-1,-1,3,1,E01004592,0
Unvalidated,2024010508161,2024,010508161,1,11,0,9,6,3,0,6,0,0,0,0,0,2,1,1,40,7,-1,-1,-1,-1,8,1,E01000399,0
Unvalidated,2024010508164,2024,010508164,1,9,0,3,1,5,0,0,0,0,0,0,2,1,6,1,35,6,-1,-1,-1,-1,8,1,E01021583,0
Unvalidated,2024010508164,2024,010508164,2,9,0,18,1,5,0,0,0,0,0,0,1,1,6,1,25,5,-1,-1,-1,-1,6,1,E01021472,0
Unvalidated,2024010508166,2024,010508166,1,3,0,18,3,7,0,0,0,0,0,0,1,1,6,1,19,4,-1,-1,-1,-1,3,1,E01000062,0
Unvalidated,2024010508166,2024,010508166,2,9,0,12,3,7,0,0,0,0,0,0,3,1,6,1,43,7,-1,-1,-1,-1,-1,-1,-1,0
Unvalidated,2024010508167,2024,010508167,1,9,0,4,5,1,0,0,0,4,0,0,2,1,6,1,77,11,-1,-1,-1,-1,7,1,E01001986,0
Unvalidated,2024010508167,2024,010508167,2,9,0,2,0,0,0,0,0,4,0,0,2,1,6,3,-1,-1,-1,-1,-1,-1,-1,-1,-1,0
Unvalidated,2024010508167,2024,010508167,3,19,0,2,0,0,0,0,0,0,0,0,2,1,6,3,-1,-1,-1,-1,-1,-1,-1,-1,-1,0
Unvalidated,2024010508171,2024,010508171,1,9,0,99,9,9,99,9,9,99,9,99,2,9,6,1,40,7,-1,-1,-1,-1,3,1,E01001493,0
Unvalidated,2024010508171,2024,010508171,2,9,9,18,3,7,99,9,9,99,9,99,9,9,6,3,-1,-1,-1,-1,-1,-1,-1,-1,-1,0
Unvalidated,2024010508175,2024,010508175,1,97,0,13,5,1,0,1,0,0,0,0,1,1,6,3,-1,-1,-1,-1,-1,-1,-1,-1,-1,0
Unvalidated,2024010508183,2024,010508183,1,9,0,5,7,3,0,5,0,0,0,0,2,1,6,2,43,7,-1,-1,-1,-1,-1,-1,-1,0
Unvalidated,2024010508183,2024,010508183,2,9,0,18,7,3,0,6,0,0,0,0,1,1,6,1,59,9,-1,-1,-1,-1,6,1,E01001245,0
Unvalidated,2024010508183,2024,010508183,3,9,0,3,7,3,0,1,0,0,0,0,1,1,6,1,54,8,-1,-1,-1,-1,3,1,E01001239,0
Unvalidated,2024010508185,2024,010508185,1,9,0,9,1,6,0,8,0,0,0,0,0,1,6,1,41,7,-1,-1,-1,-1,4,1,E01003914,0
Unvalidated,2024010508185,2024,010508185,2,3,0,18,5,1,2,8,0,0,0,0,4,1,6,1,19,4,-1,-1,-1,-1,1,1,E01001178,0
Unvalidated,2024010508186,2024,010508186,1,9,0,9,1,7,8,6,0,0,0,0,1,1,6,2,77,11,-1,-1,-1,-1,2,1,E01000056,0
Unvalidated,2024010508186,2024,010508186,2,9,0,3,1,5,0,8,0,0,0,0,3,1,6,1,40,7,-1,-1,-1,-1,1,1,E01000061,0
Unvalidated,2024010508190,2024,010508190,1,9,0,9,1,7,0,5,0,0,0,0,1,1,1,2,31,6,-1,-1,-1,-1,4,1,E01002663,0
Unvalidated,2024010508190,2024,010508190,2,9,0,8,5,8,0,6,0,0,0,0,3,1,6,2,69,10,-1,-1,-1,-1,3,1,E01002585,0
Unvalidated,2024010508190,2024,010508190,3,9,0,18,5,1,0,1,0,0,0,0,1,1,6,1,29,6,-1,-1,-1,-1,3,1,E01001298,0
Unvalidated,2024010508193,2024,010508193,1,9,0,99,9,9,99,9,9,99,9,99,9,9,6,1,23,5,-1,-1,-1,-1,4,1,E01004439,0
Unvalidated,2024010508193,2024,010508193,2,98,0,99,9,9,99,9,9,99,9,99,9,9,6,3,-1,-1,-1,-1,-1,-1,-1,-1,-1,0
Unvalidated,2024010508196,2024,010508196,1,1,9,99,9,9,99,9,9,99,0,0,9,1,2,1,47,8,-1,-1,-1,-1,2,1,E01003174,0
Unvalidated,2024010508196,2024,010508196,2,9,9,99,9,9,99,9,9,99,0,0,9,9,6,3,31,6,-1,-1,-1,-1,2,1,E01003041,0
Unvalidated,2024010508199,2024,010508199,1,9,0,18,3,7,0,8,0,0,0,0,1,1,6,1,82,11,-1,-1,-1,-1,9,1,E01001385,0
Unvalidated,2024010508199,2024,010508199,2,90,0,9,5,3,0,8,0,0,0,0,3,1,1,2,46,8,-1,-1,-1,-1,6,1,E01002617,0
Unvalidated,2024010508205,2024,010508205,1,1,9,99,9,9,99,0,9,99,9,99,9,1,2,1,50,8,-1,-1,-1,-1,4,1,E01004465,0
Unvalidated,2024010508205,2024,010508205,2,9,0,99,9,9,99,0,9,99,9,99,9,9,6,3,-1,-1,-1,-1,-1,-1,-1,-1,-1,0
Unvalidated,2024010508206,2024,010508206,1,1,9,99,9,9,99,9,9,99,9,99,9,1,6,3,-1,-1,-1,-1,-1,-1,-1,-1,-1,0
Unvalidated,2024010508206,2024,010508206,2,97,0,99,9,9,99,9,9,99,9,99,1,9,6,3,-1,-1,-1,-1,-1,-1,-1,-1,-1,0
Unvalidated,2024010508209,2024,010508209,1,11,0,18,5,1,0,0,0,0,0,0,0,1,1,1,50,8,-1,-1,-1,-1,2,1,E01000057,0
Unvalidated,2024010508215,2024,010508215,1,9,0,99,9,9,99,9,9,99,9,99,1,9,6,3,-1,-1,-1,-1,-1,-1,-1,-1,-1,0
Unvalidated,2024010508219,2024,010508219,1,9,5,18,8,4,9,1,0,0,3,0,0,1,6,1,25,5,-1,-1,-1,-1,-1,-1,-1,0
Unvalidated,2024010508219,2024,010508219,2,9,0,18,8,4,0,1,0,0,0,0,1,1,6,1,29,6,-1,-1,-1,-1,-1,-1,-1,0
Unvalidated,2024010508227,2024,010508227,1,9,0,99,9,9,99,9,9,99,9,99,2,9,6,2,45,7,-1,-1,-1,-1,3,1,E01000432,0
Unvalidated,2024010508227,2024,010508227,2,9,0,99,9,9,99,9,9,99,9,99,1,9,6,3,-1,-1,-1,-1,-1,-1,-1,-1,-1,0
Unvalidated,2024010508231,2024,010508231,1,9,0,18,5,1,0,1,0,0,0,0,3,1,6,1,18,4,-1,-1,-1,-1,8,1,E01003795,0
Unvalidated,2024010508240,2024,010508240,1,19,0,6,5,5,0,0,0,0,0,0,0,1,1,1,22,5,-1,-1,-1,-1,6,1,E01002331,0
Unvalidated,2024010508240,2024,010508240,2,3,0,18,4,8,0,0,0,0,0,0,1,1,6,2,18,4,-1,-1,-1,-1,4,1,E01002299,0
Unvalidated,2024010508240,2024,010508240,3,9,0,18,6,2,0,0,0,0,0,0,2,1,6,1,41,7,-1,-1,-1,-1,7,1,E01002329,0
Unvalidated,2024010508242,2024,010508242,1,9,0,18,3,7,0,1,0,0,0,0,2,1,2,1,20,4,-1,-1,-1,-1,3,1,E01000392,0
Unvalidated,2024010508242,2024,010508242,2,9,0,7,6,1,0,1,0,0,0,0,1,1,6,2,46,8,-1,-1,-1,-1,8,1,E01000399,0
Unvalidated,2024010508246,2024,010508246,1,9,0,7,5,8,0,1,0,0,0,0,3,1,6,1,24,5,-1,-1,-1,-1,5,1,E01002492,0
Unvalidated,2024010508246,2024,010508246,2,3,0,4,5,1,0,1,2,0,0,0,4,1,6,1,36,7,-1,-1,-1,-1,6,1,E01001295,0
Unvalidated,2024010508248,2024,010508248,1,1,9,99,9,9,99,9,9,99,9,99,1,1,2,1,31,6,-1,-1,-1,-1,5,1,E01001852,0
Unvalidated,2024010508248,2024,010508248,2,9,0,99,9,9,99,9,9,99,9,99,9,9,6,3,44,7,-1,-1,-1,-1,2,1,E01000600,0
Unvalidated,2024010508252,2024,010508252,1,11,0,5,0,1,0,1,0,0,0,0,0,1,1,1,59,9,-1,-1,-1,-1,4,1,E01003115,0
Unvalidated,2024010508254,2024,010508254,1,9,0,7,7,2,0,1,0,0,0,0,3,1,6,1,58,9,-1,-1,-1,-1,4,1,E01002304,0
Unvalidated,2024010508254,2024,010508254,2,3,0,5,5,1,2,1,0,0,0,0,1,1,1,1,24,5,-1,-1,-1,-1,4,1,E01002593,0
Unvalidated,2024010508255,2024,010508255,1,9,0,99,9,9,0,0,0,0,0,0,2,1,6,3,-1,-1,-1,-1,-1,-1,3,1,E01033744,0
Unvalidated,2024010508260,2024,010508260,1,1,9,99,9,9,99,0,9,8,9,99,1,1,2,2,22,5,-1,-1,-1,-1,4,1,E01033579,0
Unvalidated,2024010508260,2024,010508260,2,19,0,2,9,9,99,0,9,99,9,99,2,9,6,3,-1,-1,-1,-1,-1,-1,3,1,E01003575,0
Unvalidated,2024010508264,2024,010508264,1,9,0,15,1,5,0,1,0,0,0,0,1,1,6,3,-1,-1,-1,-1,-1,-1,-1,-1,-1,0
Unvalidated,2024010508264,2024,010508264,2,1,0,18,1,5,0,1,0,0,0,0,2,1,2,1,30,6,-1,-1,-1,-1,4,1,E01002642,0
Unvalidated,2024010508267,2024,010508267,1,1,9,99,9,9,99,9,9,99,9,99,9,1,6,1,41,7,-1,-1,-1,-1,4,1,E01003560,0
Unvalidated,2024010508267,2024,010508267,2,9,0,99,9,9,99,9,9,99,9,99,9,9,6,3,-1,-1,-1,-1,-1,-1,-1,-1,-1,0
Unvalidated,2024010508268,2024,010508268,1,90,0,18,7,3,0,1,0,0,0,0,3,1,6,1,17,4,-1,-1,-1,-1,5,1,E01001091,1
Unvalidated,2024010508268,2024,010508268,2,1,0,13,5,1,0,1,0,0,0,0,1,1,2,1,34,6,-1,-1,-1,-1,5,1,E01004482,0
Unvalidated,2024010508270,2024,010508270,1,9,0,99,9,9,99,9,9,99,9,99,2,9,6,3,63,9,-1,-1,-1,-1,9,1,E01024299,0
Unvalidated,2024010508270,2024,010508270,2,1,9,18,1,5,99,9,9,99,9,99,9,1,6,1,12,3,-1,-1,-1,-1,4,1,E01003169,0
Unvalidated,2024010508273,2024,010508273,1,1,0,9,7,5,9,1,0,0,0,0,2,1,2,2,28,6,-1,-1,-1,-1,2,1,E01033713,0
Unvalidated,2024010508273,2024,010508273,2,9,0,18,3,7,0,2,0,0,0,0,1,1,6,1,38,7,-1,-1,-1,-1,2,1,E01002566,0
Unvalidated,2024010508276,2024,010508276,1,9,0,18,3,7,0,0,0,0,0,0,4,1,1,1,56,9,-1,-1,-1,-1,3,1,E01021764,0
Unvalidated,2024010508279,2024,010508279,1,9,0,99,9,9,99,0,9,99,9,99,1,1,6,1,24,5,-1,-1,-1,-1,2,1,E01003089,0
Unvalidated,2024010508288,2024,010508288,1,9,0,99,9,9,99,9,9,99,9,99,9,9,6,2,28,6,-1,-1,-1,-1,2,1,E01004011,0
Unvalidated,2024010508288,2024,010508288,2,9,0,99,9,9,99,9,9,99,0,0,9,9,6,3,-1,-1,-1,-1,-1,-1,-1,-1,-1,0
Unvalidated,2024010508292,2024,010508292,1,9,0,18,7,3,0,0,0,0,0,0,1,1,6,1,18,4,-1,-1,-1,-1,-1,-1,-1,0
Unvalidated,2024010508292,2024,010508292,2,9,0,18,3,7,0,0,0,0,0,0,1,1,6,3,24,5,-1,-1,-1,-1,-1,-1,-1,0
Unvalidated,2024010508299,2024,010508299,1,9,0,9,3,1,0,1,0,0,0,0,1,1,6,3,-1,-1,-1,-1,-1,-1,-1,-1,-1,0
Unvalidated,2024010508299,2024,010508299,2,1,0,18,5,1,0,1,0,0,0,0,2,1,6,1,54,8,-1,-1,-1,-1,1,1,E01002736,0
Unvalidated,2024010508304,2024,010508304,1,3,0,18,1,5,0,8,0,0,0,0,3,1,1,1,22,5,-1,-1,-1,-1,3,1,E01002589,0
Unvalidated,2024010508304,2024,010508304,2,9,0,9,5,3,0,8,0,0,0,0,1,1,6,3,-1,-1,-1,-1,-1,-1,-1,-1,-1,0
Unvalidated,2024010508305,2024,010508305,1,9,0,5,0,7,0,8,0,0,0,0,1,1,6,3,-1,-1,-1,-1,-1,-1,-1,-1,-1,0
Unvalidated,2024010508307,2024,010508307,1,9,0,7,7,1,0,6,0,0,0,0,4,1,6,1,32,6,-1,-1,-1,-1,7,1,E01002171,0
Unvalidated,2024010508307,2024,010508307,2,3,0,18,7,3,0,2,0,0,0,0,4,1,6,1,58,9,-1,-1,-1,-1,9,1,E01003893,0
Unvalidated,2024010508311,2024,010508311,1,9,0,9,3,1,0,8,0,0,0,0,3,1,1,1,32,6,-1,-1,-1,-1,7,1,E01002838,0
Unvalidated,2024010508317,2024,010508317,1,3,0,99,9,9,99,9,9,99,9,99,1,1,6,1,25,5,-1,-1,-1,-1,3,1,E01001213,0
Unvalidated,2024010508317,2024,010508317,2,9,0,99,9,9,99,9,9,99,9,99,1,9,6,3,-1,-1,-1,-1,-1,-1,7,1,E01001307,0
Unvalidated,2024010508318,2024,010508318,1,9,0,18,1,5,0,8,0,0,0,0,2,1,3,1,45,7,-1,-1,-1,-1,-1,-1,-1,0
Unvalidated,2024010508318,2024,010508318,2,9,0,18,1,5,0,8,0,0,0,0,1,1,1,1,46,8,-1,-1,-1,-1,6,1,E01002117,0
Unvalidated,2024010508321,2024,010508321,1,3,9,99,9,9,99,9,9,99,9,99,1,1,1,1,33,6,-1,-1,-1,-1,1,1,E01001427,0
Unvalidated,2024010508321,2024,010508321,2,9,9,99,9,9,99,9,9,99,9,99,9,9,6,3,-1,-1,-1,-1,-1,-1,-1,-1,-1,0
Unvalidated,2024010508322,2024,010508322,1,9,0,17,7,3,0,2,0,0,0,0,1,1,6,2,23,5,-1,-1,-1,-1,6,1,E01002331,0
Unvalidated,2024010508325,2024,010508325,1,9,0,5,3,7,0,6,1,0,0,0,1,1,6,1,35,6,-1,-1,-1,-1,-1,-1,-1,0
Unvalidated,2024010508325,2024,010508325,2,9,0,18,1,5,0,8,0,0,0,0,3,1,6,1,32,6,-1,-1,-1,-1,8,1,E01023875,0
Unvalidated,2024010508326,2024,010508326,1,9,0,99,9,9,99,9,9,99,9,99,1,9,6,1,74,10,-1,-1,-1,-1,3,1,E01001602,0
Unvalidated,2024010508329,2024,010508329,1,9,0,99,9,9,99,5,9,99,9,99,9,9,6,2,61,9,-1,-1,-1,-1,2,1,E01003947,0
Unvalidated,2024010508329,2024,010508329,2,1,9,99,9,9,99,1,9,99,9,99,9,1,6,1,-1,-1,-1,-1,-1,-1,-1,-1,-1,0
Unvalidated,2024010508330,2024,010508330,1,9,0,99,9,9,99,9,9,99,9,99,2,9,2,2,56,9,-1,-1,-1,-1,7,1,E01000668,0
Unvalidated,2024010508330,2024,010508330,2,19,0,99,9,9,99,9,9,99,9,99,1,9,6,1,-1,-1,-1,-1,-1,-1,4,1,E01001704,0
Unvalidated,2024010508333,2024,010508333,1,3,0,99,9,9,99,9,9,99,9,99,1,1,1,3,34,6,-1,-1,-1,-1,2,1,E01001448,0
Unvalidated,2024010508333,2024,010508333,2,9,0,99,9,9,99,9,9,99,9,99,9,9,6,3,-1,-1,-1,-1,-1,-1,-1,-1,-1,0
Unvalidated,2024010508335,2024,010508335,1,9,0,9,5,3,0,6,0,0,1,0,1,1,3,1,57,9,-1,-1,-1,-1,8,1,E01000678,0
Unvalidated,2024010508341,2024,010508341,1,9,0,99,9,9,99,9,9,99,9,99,9,9,6,1,-1,-1,-1,-1,-1,-1,10,1,E01023839,0
Unvalidated,2024010508341,2024,010508341,2,9,0,99,9,9,99,9,9,99,9,99,0,9,6,3,-1,-1,-1,-1,-1,-1,-1,-1,-1,0
Unvalidated,2024010508342,2024,010508342,1,3,0,99,9,9,99,9,9,99,9,99,1,1,1,3,22,5,-1,-1,-1,-1,1,1,E01002073,0
Unvalidated,2024010508342,2024,010508342,2,9,0,99,9,9,99,9,9,99,9,99,9,9,6,3,-1,-1,-1,-1,-1,-1,-1,-1,-1,0
Unvalidated,2024010508345,2024,010508345,1,1,9,99,9,9,99,1,9,99,9,99,9,1,1,1,48,8,-1,-1,-1,-1,4,1,E01000864,0
Unvalidated,2024010508345,2024,010508345,2,9,0,99,9,9,99,5,9,99,9,99,1,9,6,3,-1,-1,-1,-1,-1,-1,-1,-1,-1,0
Unvalidated,2024010508349,2024,010508349,1,9,0,7,1,3,0,5,0,0,0,0,4,1,6,2,54,8,-1,-1,-1,-1,7,1,E01003199,0
Unvalidated,2024010508349,2024,010508349,2,11,0,12,1,5,2,6,0,0,0,0,3,1,1,1,46,8,-1,-1,-1,-1,6,1,E01003223,0
Unvalidated,2024010508352,2024,010508352,1,9,0,99,9,9,99,9,9,99,9,99,2,9,6,2,44,7,-1,-1,-1,-1,2,1,E01000905,0
Unvalidated,2024010508352,2024,010508352,2,9,0,99,9,9,99,9,9,99,9,99,1,9,6,3,-1,-1,-1,-1,-1,-1,1,1,E01000890,0
Unvalidated,2024010508353,2024,010508353,1,19,0,18,1,5,0,0,0,0,0,0,0,1,1,1,34,6,-1,-1,-1,-1,-1,1,-1,0
Unvalidated,2024010508355,2024,010508355,1,3,0,99,9,9,99,9,9,99,9,99,9,1,1,3,21,5,-1,-1,-1,-1,3,1,E01000553,0
Unvalidated,2024010508355,2024,010508355,2,9,9,99,9,9,99,9,9,99,9,99,9,9,6,3,-1,-1,-1,-1,-1,-1,-1,-1,-1,0
Unvalidated,2024010508358,2024,010508358,1,9,0,99,9,9,99,9,9,99,9,99,3,1,6,1,74,10,-1,-1,-1,-1,9,1,E01000894,0
Unvalidated,2024010508359,2024,010508359,1,9,0,18,3,7,0,2,0,0,0,0,1,1,6,2,33,6,-1,-1,-1,-1,3,1,E01002589,0
Unvalidated,2024010508360,2024,010508360,1,9,0,99,9,9,99,9,9,99,9,99,9,9,6,2,37,7,-1,-1,-1,-1,9,1,E01001104,0
Unvalidated,2024010508361,2024,010508361,1,9,0,1,3,7,0,6,0,0,0,0,2,1,6,1,55,8,-1,-1,-1,-1,-1,-1,-1,0
Unvalidated,2024010508361,2024,010508361,2,3,0,18,1,5,0,1,0,0,0,0,1,1,1,2,35,6,-1,-1,-1,-1,-1,-1,-1,0
Unvalidated,2024010508364,2024,010508364,1,9,0,18,1,5,0,1,0,0,0,0,0,1,1,1,43,7,-1,-1,-1,-1,10,1,E01021431,0
Unvalidated,2024010508364,2024,010508364,2,3,0,18,1,5,0,1,0,0,0,0,1,1,6,2,19,4,-1,-1,-1,-1,1,1,E01002073,0