status,collision_index,collision_year,collision_reference,vehicle_reference,vehicle_type,towing_and_articulation,vehicle_manoeuvre,vehicle_direction_from,vehicle_direction_to,vehicle_location_restricted_lane,junction_location,skidding_and_overturning,hit_object_in_carriageway,vehicle_leaving_carriageway,hit_object_off_carriageway,first_point_of_impact,vehicle_left_hand_drive,journey_purpose_of_driver,sex_of_driver,age_of_driver,age_band_of_driver,engine_capacity_cc,propulsion_code,age_of_vehicle,generic_make_model,driver_imd_decile,driver_home_area_type,lsoa_of_driver,escooter_flag
Unvalidated,2024010508365,2024,010508365,1,9,0,3,1,5,99,9,9,99,0,0,2,1,6,2,45,7,-1,-1,-1,-1,5,1,E01002249,0
Unvalidated,2024010508365,2024,010508365,2,9,0,18,1,5,0,9,0,99,9,99,1,1,6,3,-1,-1,-1,-1,-1,-1,-1,-1,-1,0
Unvalidated,2024010508366,2024,010508366,1,3,0,18,7,3,0,1,1,0,0,0,1,1,1,1,24,5,-1,-1,-1,-1,3,1,E01003571,0
Unvalidated,2024010508366,2024,010508366,2,9,0,18,5,1,0,6,0,0,0,0,1,1,6,1,26,6,-1,-1,-1,-1,4,1,E01004234,0
Unvalidated,2024010508369,2024,010508369,1,11,0,7,7,1,0,1,0,0,0,0,1,1,6,1,24,5,-1,-1,-1,-1,-1,-1,-1,0
Unvalidated,2024010508376,2024,010508376,1,9,9,99,9,9,99,0,9,99,9,99,9,1,6,3,-1,-1,-1,-1,-1,-1,-1,-1,-1,0
Unvalidated,2024010508380,2024,010508380,1,1,9,99,9,9,99,9,9,99,9,99,1,1,2,2,33,6,-1,-1,-1,-1,5,1,E01001542,0
Unvalidated,2024010508380,2024,010508380,2,9,0,99,9,9,99,9,9,99,9,99,1,9,6,3,-1,-1,-1,-1,-1,-1,-1,-1,-1,0
Unvalidated,2024010508382,2024,010508382,1,19,0,18,3,7,0,2,0,0,0,0,4,1,1,1,41,7,-1,-1,-1,-1,5,1,E01023864,0
Unvalidated,2024010508382,2024,010508382,2,1,0,18,1,5,0,6,0,0,0,0,1,1,6,2,19,4,-1,-1,-1,-1,2,1,E01000525,0
Unvalidated,2024010508387,2024,010508387,1,1,0,99,9,9,99,9,0,99,9,99,9,1,6,3,47,8,-1,-1,-1,-1,8,1,E01004075,0
Unvalidated,2024010508387,2024,010508387,2,11,0,18,1,5,0,9,0,99,0,0,9,1,6,3,-1,-1,-1,-1,-1,-1,-1,-1,-1,0
Unvalidated,2024010508399,2024,010508399,1,9,0,9,5,3,0,8,0,0,0,0,1,1,1,1,43,7,-1,-1,-1,-1,2,1,E01002087,0
Unvalidated,2024010508400,2024,010508400,1,9,0,9,1,7,0,1,0,0,4,6,4,1,6,2,29,6,-1,-1,-1,-1,5,1,E01000593,0
Unvalidated,2024010508400,2024,010508400,2,8,0,18,5,1,0,1,0,0,0,0,1,1,6,1,51,8,-1,-1,-1,-1,6,1,E01003705,0
Unvalidated,2024010508402,2024,010508402,1,9,0,4,1,5,0,1,0,0,0,0,1,1,6,2,18,4,-1,-1,-1,-1,10,1,E01023550,0
Unvalidated,2024010508402,2024,010508402,2,9,0,4,1,5,0,1,0,0,0,0,2,1,6,2,53,8,-1,-1,-1,-1,7,1,E01000178,0
Unvalidated,2024010508403,2024,010508403,1,1,9,99,9,9,4,1,9,99,9,99,9,1,2,2,28,6,-1,-1,-1,-1,-1,-1,-1,0
Unvalidated,2024010508403,2024,010508403,2,19,0,99,9,9,99,6,9,99,9,99,1,9,6,3,-1,-1,-1,-1,-1,-1,-1,-1,-1,0
Unvalidated,2024010508408,2024,010508408,1,3,0,99,9,9,99,9,9,99,9,99,1,1,6,1,30,6,-1,-1,-1,-1,-1,-1,-1,0
Unvalidated,2024010508408,2024,010508408,2,9,0,99,9,9,99,9,9,99,9,99,1,9,6,3,-1,-1,-1,-1,-1,-1,-1,-1,-1,0
Unvalidated,2024010508410,2024,010508410,1,3,0,99,9,9,99,9,9,99,9,99,1,1,2,1,25,5,-1,-1,-1,-1,3,1,E01001111,0
Unvalidated,2024010508410,2024,010508410,2,9,0,99,9,9,99,9,9,99,9,99,1,9,6,3,57,9,-1,-1,-1,-1,2,1,E01004539,0
Unvalidated,2024010508411,2024,010508411,1,3,9,99,9,9,99,9,9,99,9,99,9,1,1,1,55,8,-1,-1,-1,-1,4,1,E01002179,0
Unvalidated,2024010508411,2024,010508411,2,9,9,99,9,9,99,9,9,99,9,99,9,9,6,3,-1,-1,-1,-1,-1,-1,-1,-1,-1,0
Unvalidated,2024010508417,2024,010508417,1,1,9,99,9,9,99,9,9,99,9,99,1,1,2,1,56,9,-1,-1,-1,-1,8,1,E01000678,0
Unvalidated,2024010508417,2024,010508417,2,9,0,99,9,9,99,9,9,99,9,99,9,9,6,2,47,8,-1,-1,-1,-1,5,1,E01003276,0
Unvalidated,2024010508418,2024,010508418,1,1,9,99,9,9,99,9,9,99,9,99,9,1,2,1,49,8,-1,-1,-1,-1,3,1,E01002047,0
Unvalidated,2024010508418,2024,010508418,2,9,0,99,9,9,99,9,9,99,9,99,9,9,6,3,-1,-1,-1,-1,-1,-1,-1,-1,-1,0
Unvalidated,2024010508424,2024,010508424,1,98,0,13,7,3,0,0,0,0,0,0,3,1,6,3,-1,-1,-1,-1,-1,-1,-1,-1,-1,0
Unvalidated,2024010508427,2024,010508427,1,9,0,10,5,3,0,5,0,0,0,0,2,2,6,1,60,9,-1,-1,-1,-1,-1,-1,-1,0
Unvalidated,2024010508427,2024,010508427,2,19,0,3,5,1,0,1,1,0,0,0,1,1,6,1,38,7,-1,-1,-1,-1,-1,-1,-1,0
Unvalidated,2024010508429,2024,010508429,1,90,0,9,1,6,0,5,0,0,1,0,1,1,2,1,24,5,-1,-1,-1,-1,4,1,E01023899,0
Unvalidated,2024010508429,2024,010508429,2,9,0,18,5,1,0,8,0,0,1,0,3,1,2,2,29,6,-1,-1,-1,-1,8,1,E01000874,0
Unvalidated,2024010508433,2024,010508433,1,9,0,99,9,9,99,9,9,99,9,99,2,9,6,2,35,6,-1,-1,-1,-1,9,3,E01028802,0
Unvalidated,2024010508433,2024,010508433,2,9,0,99,9,9,0,1,0,0,0,0,1,1,6,1,-1,-1,-1,-1,-1,-1,1,1,E01002853,0
Unvalidated,2024010508443,2024,010508443,1,9,0,99,9,9,99,9,9,99,9,99,1,9,6,3,24,5,-1,-1,-1,-1,2,1,E01001722,0
Unvalidated,2024010508444,2024,010508444,1,3,0,18,5,1,2,1,0,0,0,0,1,1,6,2,25,5,-1,-1,-1,-1,3,1,E01001446,0
Unvalidated,2024010508444,2024,010508444,2,9,0,9,1,7,2,1,0,0,0,0,4,1,1,1,66,10,-1,-1,-1,-1,8,1,E01001568,0
Unvalidated,2024010508446,2024,010508446,1,11,0,18,5,1,0,8,0,0,0,0,4,1,1,2,58,9,-1,-1,-1,-1,-1,-1,-1,0
Unvalidated,2024010508446,2024,010508446,2,9,0,7,7,1,0,7,0,0,0,0,3,2,6,1,25,5,-1,-1,-1,-1,3,1,E01000010,0
Unvalidated,2024010508447,2024,010508447,1,9,0,9,1,6,0,5,0,0,0,0,1,1,6,1,33,6,-1,-1,-1,-1,2,1,E01033737,0
Unvalidated,2024010508447,2024,010508447,2,2,0,18,6,2,2,8,1,0,1,0,1,1,6,1,25,5,-1,-1,-1,-1,1,1,E01001507,0
Unvalidated,2024010508450,2024,010508450,1,9,0,99,9,9,99,9,9,99,9,99,1,9,6,1,56,9,-1,-1,-1,-1,3,1,E01030025,0
Unvalidated,2024010508451,2024,010508451,1,9,0,18,1,5,0,7,0,0,0,0,1,1,6,3,-1,-1,-1,-1,-1,-1,-1,-1,-1,0
Unvalidated,2024010508451,2024,010508451,2,9,0,18,1,5,0,7,0,0,0,0,2,1,2,2,37,7,-1,-1,-1,-1,3,1,E01000092,0
Unvalidated,2024010508451,2024,010508451,3,9,0,18,1,5,0,7,0,0,0,0,2,1,2,2,38,7,-1,-1,-1,-1,4,1,E01016013,0
Unvalidated,2024010508452,2024,010508452,1,9,0,15,7,3,0,8,0,0,1,7,1,1,6,1,41,7,-1,-1,-1,-1,8,1,E01004193,0
Unvalidated,2024010508452,2024,010508452,2,9,0,9,5,3,0,8,0,0,0,0,1,1,6,1,32,6,-1,-1,-1,-1,8,1,E01004195,0
Unvalidated,2024010508456,2024,010508456,1,9,0,9,3,1,0,1,0,0,0,0,3,1,6,1,46,8,-1,-1,-1,-1,3,1,E01002550,0
Unvalidated,2024010508456,2024,010508456,2,9,0,5,1,5,0,2,0,0,0,0,1,1,6,1,60,9,-1,-1,-1,-1,10,1,E01030726,0
Unvalidated,2024010508458,2024,010508458,1,11,0,15,5,1,0,0,0,0,0,0,1,1,1,1,62,9,-1,-1,-1,-1,3,1,E01000062,0
Unvalidated,2024010508459,2024,010508459,1,9,9,99,9,9,0,3,9,99,9,99,1,9,6,3,-1,-1,-1,-1,-1,-1,-1,-1,-1,0
Unvalidated,2024010508461,2024,010508461,1,1,9,99,9,9,4,9,0,8,9,99,9,1,2,2,42,7,-1,-1,-1,-1,6,1,E01001374,0
Unvalidated,2024010508461,2024,010508461,2,8,9,2,9,9,0,9,0,99,9,99,9,9,6,3,-1,-1,-1,-1,-1,-1,5,1,E01003084,0
Unvalidated,2024010508463,2024,010508463,1,9,0,14,5,1,0,0,0,0,0,0,4,1,2,2,41,7,-1,-1,-1,-1,1,1,E01003245,0
Unvalidated,2024010508475,2024,010508475,1,9,0,18,3,7,0,1,0,0,0,0,2,1,6,1,30,6,-1,-1,-1,-1,2,1,E01001760,0
Unvalidated,2024010508475,2024,010508475,2,19,0,18,3,7,0,1,0,0,0,0,1,1,1,1,39,7,-1,-1,-1,-1,-1,-1,-1,0
Unvalidated,2024010508477,2024,010508477,1,9,0,99,9,9,99,9,9,99,9,99,2,9,6,2,34,6,-1,-1,-1,-1,3,1,E01001242,0
Unvalidated,2024010508477,2024,010508477,2,9,0,99,9,9,99,9,9,99,9,99,1,9,6,3,-1,-1,-1,-1,-1,-1,-1,-1,-1,0
Unvalidated,2024010508488,2024,010508488,1,9,0,17,3,7,0,1,0,10,4,0,1,2,6,1,23,5,-1,-1,-1,-1,6,1,E01003693,0
Unvalidated,2024010508488,2024,010508488,2,9,0,3,1,5,0,1,0,10,0,0,3,1,1,1,39,7,-1,-1,-1,-1,-1,-1,-1,0
Unvalidated,2024010508488,2024,010508488,3,9,0,2,0,0,0,2,0,10,5,7,2,1,6,3,-1,-1,-1,-1,-1,-1,-1,-1,-1,0
Unvalidated,2024010508488,2024,010508488,4,9,0,2,0,0,0,2,0,0,4,7,2,1,6,3,-1,-1,-1,-1,-1,-1,-1,-1,-1,0
Unvalidated,2024010508490,2024,010508490,1,9,0,7,7,1,0,5,0,0,0,0,1,1,6,3,-1,-1,-1,-1,-1,-1,-1,-1,-1,0
Unvalidated,2024010508500,2024,010508500,1,3,0,99,9,9,99,0,9,99,9,99,1,1,1,1,25,5,-1,-1,-1,-1,5,1,E01003247,0
Unvalidated,2024010508500,2024,010508500,2,9,0,99,9,9,99,0,9,99,9,99,9,9,6,3,-1,-1,-1,-1,-1,-1,-1,-1,-1,0
Unvalidated,2024010508507,2024,010508507,1,3,0,99,9,9,99,9,9,99,9,99,1,1,1,1,28,6,-1,-1,-1,-1,2,1,E01001448,0
Unvalidated,2024010508507,2024,010508507,2,9,9,99,9,9,99,9,9,99,9,99,9,9,6,3,-1,-1,-1,-1,-1,-1,-1,-1,-1,0
Unvalidated,2024010508510,2024,010508510,1,3,0,99,9,9,0,1,0,0,0,0,9,1,1,1,28,6,-1,-1,-1,-1,4,1,E01000478,0
Unvalidated,2024010508510,2024,010508510,2,9,0,99,9,9,0,1,0,0,0,0,4,1,6,3,-1,-1,-1,-1,-1,-1,-1,-1,-1,0
Unvalidated,2024010508514,2024,010508514,1,9,0,4,1,5,4,0,0,0,0,0,2,1,2,2,38,7,-1,-1,-1,-1,4,1,E01001444,0
Unvalidated,2024010508514,2024,010508514,2,1,0,18,1,5,0,0,5,0,7,0,1,1,6,1,58,9,-1,-1,-1,-1,7,1,E01001968,0
Unvalidated,2024010508518,2024,010508518,1,9,9,99,9,9,99,9,0,99,9,99,9,9,6,3,-1,-1,-1,-1,-1,-1,-1,-1,-1,0
Unvalidated,2024010508518,2024,010508518,2,90,9,99,9,9,99,9,0,99,9,99,9,9,6,2,-1,-1,-1,-1,-1,-1,2,1,E01004435,1
Unvalidated,2024010508519,2024,010508519,1,5,0,99,9,9,99,0,9,99,9,99,9,1,2,1,41,7,-1,-1,-1,-1,7,1,E01000236,0
Unvalidated,2024010508519,2024,010508519,2,9,9,99,9,9,99,0,9,99,9,99,9,9,6,3,55,8,-1,-1,-1,-1,7,1,E01000218,0
Unvalidated,2024010508522,2024,010508522,1,2,0,18,7,3,0,1,1,0,1,0,0,1,1,1,43,7,-1,-1,-1,-1,-1,-1,-1,0
Unvalidated,2024010508522,2024,010508522,2,19,0,9,1,6,0,2,0,0,0,0,0,1,1,1,58,9,-1,-1,-1,-1,3,1,E01033150,0
Unvalidated,2024010508523,2024,010508523,1,3,0,99,9,9,99,9,9,99,9,99,1,1,2,1,26,6,-1,-1,-1,-1,3,1,E01003280,0
Unvalidated,2024010508523,2024,010508523,2,9,0,99,9,9,99,9,9,99,9,99,1,9,6,3,35,6,-1,-1,-1,-1,5,1,E01001644,0
Unvalidated,2024010508527,2024,010508527,1,9,0,18,5,1,0,2,0,0,0,0,1,1,6,1,60,9,-1,-1,-1,-1,3,1,E01004448,0
Unvalidated,2024010508535,2024,010508535,1,19,0,99,9,9,99,9,9,99,9,99,1,9,6,3,-1,-1,-1,-1,-1,-1,-1,-1,-1,0
Unvalidated,2024010508536,2024,010508536,1,9,0,9,5,3,0,8,0,0,0,0,4,1,1,1,55,8,-1,-1,-1,-1,2,1,E01000889,0
Unvalidated,2024010508536,2024,010508536,2,3,0,13,5,1,0,1,0,0,0,0,1,1,6,1,30,6,-1,-1,-1,-1,7,1,E01000314,0
Unvalidated,2024010508537,2024,010508537,1,9,0,99,9,9,99,9,9,99,9,99,1,9,6,3,-1,-1,-1,-1,-1,-1,-1,-1,-1,0
Unvalidated,2024010508538,2024,010508538,1,9,0,15,3,7,0,0,0,10,2,4,3,1,6,3,-1,-1,-1,-1,-1,-1,-1,-1,-1,0
Unvalidated,2024010508538,2024,010508538,2,9,0,18,3,7,0,0,0,0,0,0,1,1,6,1,29,6,-1,-1,-1,-1,4,1,E01001512,0
Unvalidated,2024010508538,2024,010508538,3,9,0,18,7,3,0,0,0,0,0,0,3,1,6,2,76,11,-1,-1,-1,-1,2,1,E01001438,0
Unvalidated,2024010508541,2024,010508541,1,5,0,99,9,9,99,9,9,99,9,99,9,1,2,1,33,6,-1,-1,-1,-1,2,1,E01000627,0
Unvalidated,2024010508541,2024,010508541,2,9,0,99,9,9,99,9,9,99,9,99,9,9,6,3,-1,-1,-1,-1,-1,-1,-1,-1,-1,0
Unvalidated,2024010508544,2024,010508544,1,3,0,18,5,1,0,8,0,0,0,0,4,1,6,1,24,5,-1,-1,-1,-1,2,1,E01000008,0
Unvalidated,2024010508544,2024,010508544,2,9,0,9,3,8,0,8,0,0,0,0,4,1,1,1,54,8,-1,-1,-1,-1,-1,-1,-1,0
Unvalidated,2024010508545,2024,010508545,1,3,0,99,9,9,99,9,9,99,9,99,9,1,6,2,26,6,-1,-1,-1,-1,8,1,E01000210,0
Unvalidated,2024010508545,2024,010508545,2,9,0,99,9,9,99,9,9,99,9,99,2,9,6,3,-1,-1,-1,-1,-1,-1,-1,-1,-1,0
Unvalidated,2024010508546,2024,010508546,1,9,0,3,3,7,0,1,0,0,0,0,1,1,1,1,37,7,-1,-1,-1,-1,3,1,E01004259,0
Unvalidated,2024010508552,2024,010508552,1,9,0,18,5,1,0,8,0,0,0,0,1,1,1,1,38,7,-1,-1,-1,-1,6,1,E01002668,0
Unvalidated,2024010508552,2024,010508552,2,90,0,18,3,7,0,8,0,0,0,0,4,1,6,1,16,4,-1,-1,-1,-1,3,1,E01002605,1
Unvalidated,2024010508557,2024,010508557,1,11,0,18,5,1,0,2,0,0,0,0,0,1,1,1,61,9,-1,-1,-1,-1,2,1,E01001971,0
Unvalidated,2024010508559,2024,010508559,1,9,0,9,6,4,8,2,0,0,0,0,1,2,6,1,46,8,-1,-1,-1,-1,7,1,E01032570,0
Unvalidated,2024010508561,2024,010508561,1,1,9,18,1,5,99,0,9,99,9,99,9,1,6,3,24,5,-1,-1,-1,-1,-1,-1,-1,0
Unvalidated,2024010508563,2024,010508563,1,9,0,4,7,3,0,0,0,0,0,0,1,1,6,1,50,8,-1,-1,-1,-1,5,1,E01003116,0
Unvalidated,2024010508563,2024,010508563,2,9,0,3,3,7,0,0,0,0,0,0,2,1,6,2,57,9,-1,-1,-1,-1,2,1,E01004539,0
Unvalidated,2024010508564,2024,010508564,1,9,0,18,3,7,0,1,0,4,0,0,1,1,3,1,42,7,-1,-1,-1,-1,3,1,E01000094,0
Unvalidated,2024010508564,2024,010508564,2,9,0,2,0,0,6,1,0,4,0,0,1,1,6,3,-1,-1,-1,-1,-1,-1,-1,-1,-1,0
Unvalidated,2024010508564,2024,010508564,3,9,0,2,0,0,6,1,0,4,0,0,3,1,6,3,-1,-1,-1,-1,-1,-1,-1,-1,-1,0
Unvalidated,2024010508564,2024,010508564,4,9,0,2,0,0,6,1,0,4,0,0,1,1,6,3,-1,-1,-1,-1,-1,-1,-1,-1,-1,0
Unvalidated,2024010508565,2024,010508565,1,3,0,99,9,9,99,0,9,99,9,99,9,1,1,1,32,6,-1,-1,-1,-1,3,1,E01003565,0
Unvalidated,2024010508565,2024,010508565,2,9,0,99,9,9,99,0,9,99,9,99,9,9,6,3,-1,-1,-1,-1,-1,-1,-1,-1,-1,0
Unvalidated,2024010508567,2024,010508567,1,9,0,18,5,1,0,8,0,0,0,0,1,1,6,1,22,5,-1,-1,-1,-1,4,1,E01002454,0
Unvalidated,2024010508567,2024,010508567,2,9,0,18,3,7,0,8,1,0,0,0,3,1,1,2,42,7,-1,-1,-1,-1,-1,-1,-1,0
Unvalidated,2024010508572,2024,010508572,1,19,0,99,9,9,99,0,9,99,9,99,1,9,6,3,-1,-1,-1,-1,-1,-1,2,1,E01001011,0
Unvalidated,2024010508574,2024,010508574,1,9,0,9,5,4,0,5,0,0,0,0,3,1,6,1,28,6,-1,-1,-1,-1,3,1,E01004563,0
Unvalidated,2024010508574,2024,010508574,2,1,0,18,5,1,0,1,5,0,0,0,3,1,6,1,30,6,-1,-1,-1,-1,3,1,E01003141,0
Unvalidated,2024010508575,2024,010508575,1,9,0,18,7,3,0,1,1,0,0,0,3,1,1,2,56,9,-1,-1,-1,-1,4,1,E01000066,0
Unvalidated,2024010508575,2024,010508575,2,9,0,18,3,7,0,1,0,0,0,0,3,1,6,2,33,6,-1,-1,-1,-1,2,1,E01000033,0
Unvalidated,2024010508577,2024,010508577,1,9,0,18,3,7,0,1,0,0,0,0,1,2,6,1,34,6,-1,-1,-1,-1,4,1,E01001323,0
Unvalidated,2024010508577,2024,010508577,2,3,0,18,1,5,0,2,0,0,3,0,3,1,6,1,29,6,-1,-1,-1,-1,7,1,E01002176,0
Unvalidated,2024010508579,2024,010508579,1,9,0,1,5,1,0,2,0,0,0,0,2,1,6,1,33,6,-1,-1,-1,-1,-1,-1,-1,0
Unvalidated,2024010508588,2024,010508588,1,3,0,15,7,3,0,1,1,0,0,0,0,1,6,1,31,6,-1,-1,-1,-1,3,1,E01003617,0
Unvalidated,2024010508588,2024,010508588,2,9,0,3,7,3,0,1,0,0,0,0,0,1,6,1,48,8,-1,-1,-1,-1,-1,-1,-1,0
Unvalidated,2024010508590,2024,010508590,1,4,0,9,5,3,0,1,0,0,0,0,3,1,1,1,27,6,-1,-1,-1,-1,3,1,E01004708,0
Unvalidated,2024010508590,2024,010508590,2,9,0,18,1,5,0,1,0,0,0,0,1,2,6,1,45,7,-1,-1,-1,-1,2,1,E01033601,0
Unvalidated,2024010508597,2024,010508597,1,9,0,9,5,3,0,8,0,0,0,0,1,1,1,1,42,7,-1,-1,-1,-1,1,1,E01002854,0
Unvalidated,2024010508599,2024,010508599,1,9,0,18,7,3,0,0,0,0,0,0,4,1,6,2,36,7,-1,-1,-1,-1,-1,-1,-1,0
Unvalidated,2024010508601,2024,010508601,1,9,0,7,5,7,0,1,0,0,0,0,2,1,6,2,33,6,-1,-1,-1,-1,3,1,E01000336,0
Unvalidated,2024010508601,2024,010508601,2,9,0,2,0,0,0,1,0,0,0,0,2,1,6,3,-1,-1,-1,-1,-1,-1,-1,-1,-1,0
Unvalidated,2024010508601,2024,010508601,3,9,0,18,1,5,0,1,0,0,0,0,2,1,6,2,17,4,-1,-1,-1,-1,2,1,E01000785,0
Unvalidated,2024010508608,2024,010508608,1,3,0,18,5,1,0,8,0,0,0,0,1,1,6,3,-1,-1,-1,-1,-1,-1,-1,-1,-1,0
Unvalidated,2024010508609,2024,010508609,1,9,9,99,9,9,99,0,9,99,9,99,2,9,6,1,24,5,-1,-1,-1,-1,2,1,E01000083,0
Unvalidated,2024010508609,2024,010508609,2,9,9,99,9,9,99,0,9,99,9,99,9,9,6,3,-1,-1,-1,-1,-1,-1,2,1,E01004436,0
Unvalidated,2024010508610,2024,010508610,1,9,0,3,1,5,0,1,0,0,0,0,1,1,6,3,-1,-1,-1,-1,-1,-1,-1,-1,-1,0
Unvalidated,2024010508616,2024,010508616,1,9,0,18,1,5,9,1,0,0,1,0,4,1,6,3,-1,-1,-1,-1,-1,-1,-1,-1,-1,0
Unvalidated,2024010508618,2024,010508618,1,9,0,18,5,1,0,0,0,0,0,0,1,1,6,3,-1,-1,-1,-1,-1,-1,-1,-1,-1,0
Unvalidated,2024010508625,2024,010508625,1,11,0,4,3,7,0,0,0,0,0,0,0,1,1,1,39,7,-1,-1,-1,-1,4,1,E01002406,0
Unvalidated,2024010508626,2024,010508626,1,9,0,18,7,3,0,8,5,0,0,0,1,1,4,1,32,6,-1,-1,-1,-1,2,1,E01003290,0
Unvalidated,2024010508626,2024,010508626,2,9,0,18,3,7,0,8,0,0,0,0,1,1,6,1,24,5,-1,-1,-1,-1,8,1,E01033245,0
Unvalidated,2024010508626,2024,010508626,3,9,0,18,7,3,0,2,0,0,0,0,2,1,6,3,34,6,-1,-1,-1,-1,3,1,E01003172,0
Unvalidated,2024010508626,2024,010508626,4,9,0,18,3,7,0,1,1,0,0,0,3,1,6,1,43,7,-1,-1,-1,-1,-1,-1,-1,0
Unvalidated,2024010508626,2024,010508626,5,9,0,18,7,3,0,1,0,0,0,0,0,1,6,1,34,6,-1,-1,-1,-1,3,1,E01001045,0
Unvalidated,2024010508629,2024,010508629,1,9,0,18,3,7,0,8,0,0,0,0,4,1,1,1,30,6,-1,-1,-1,-1,3,1,E01002030,0
Unvalidated,2024010508629,2024,010508629,2,9,0,18,1,5,0,8,0,0,0,0,1,1,6,1,26,6,-1,-1,-1,-1,1,1,E01002034,0
Unvalidated,2024010508630,2024,010508630,1,9,0,5,0,5,0,1,0,0,0,0,1,1,2,1,38,7,-1,-1,-1,-1,3,1,E01001932,0
Unvalidated,2024010508630,2024,010508630,2,9,0,5,0,5,0,1,0,0,0,0,4,1,2,1,27,6,-1,-1,-1,-1,3,1,E01002587,0
Unvalidated,2024010508630,2024,010508630,3,9,0,5,0,5,0,1,0,0,0,0,4,1,1,1,34,6,-1,-1,-1,-1,7,1,W01000295,0
Unvalidated,2024010508631,2024,010508631,1,9,0,7,5,7,0,1,0,0,0,0,1,1,6,1,27,6,-1,-1,-1,-1,6,1,E01000487,0
Unvalidated,2024010508631,2024,010508631,2,1,0,18,1,5,0,1,0,4,0,0,1,1,6,1,20,4,-1,-1,-1,-1,7,1,E01000536,0
Unvalidated,2024010508632,2024,010508632,1,9,0,18,5,1,0,0,0,0,0,0,1,1,6,1,49,8,-1,-1,-1,-1,4,1,E01000029,0
Unvalidated,2024010508635,2024,010508635,1,9,0,7,3,5,0,5,0,0,0,0,4,1,6,3,-1,-1,-1,-1,-1,-1,-1,-1,-1,0
Unvalidated,2024010508635,2024,010508635,2,1,0,18,3,7,0,1,5,0,0,0,3,1,6,1,17,4,-1,-1,-1,-1,3,1,E01004415,0
Unvalidated,2024010508637,2024,010508637,1,9,0,9,3,1,0,1,0,0,0,0,2,1,6,2,27,6,-1,-1,-1,-1,2,1,E01001931,0
Unvalidated,2024010508637,2024,010508637,2,3,0,18,7,3,0,1,0,0,0,0,1,1,6,1,19,4,-1,-1,-1,-1,4,1,E01001061,0
Unvalidated,2024010508641,2024,010508641,1,11,0,5,1,5,2,1,0,0,0,0,0,1,1,1,63,9,-1,-1,-1,-1,4,1,E01001153,0
Unvalidated,2024010508642,2024,010508642,1,9,0,18,3,7,0,8,0,0,0,0,3,1,6,1,42,7,-1,-1,-1,-1,4,1,E01001704,0
Unvalidated,2024010508642,2024,010508642,2,4,0,18,1,5,0,8,5,0,0,0,1,1,6,1,23,5,-1,-1,-1,-1,6,1,E01003281,0
Unvalidated,2024010508643,2024,010508643,1,9,0,18,5,1,0,1,0,0,0,0,2,1,6,1,50,8,-1,-1,-1,-1,3,1,E01004030,0
Unvalidated,2024010508643,2024,010508643,2,9,0,18,5,1,0,1,0,0,0,0,1,1,6,2,30,6,-1,-1,-1,-1,-1,1,-1,0
Unvalidated,2024010508643,2024,010508643,3,9,0,18,5,1,0,1,0,0,0,0,1,2,1,1,50,8,-1,-1,-1,-1,1,1,E01004257,0
Unvalidated,2024010508646,2024,010508646,1,3,0,18,3,7,0,2,0,10,0,0,1,1,6,1,29,6,-1,-1,-1,-1,-1,-1,-1,0
Unvalidated,2024010508649,2024,010508649,1,9,0,18,8,4,0,1,0,10,1,1,1,1,6,1,29,6,-1,-1,-1,-1,5,1,E01023303,0
Unvalidated,2024010508650,2024,010508650,1,9,0,18,1,5,0,4,0,0,0,0,1,1,6,1,27,6,-1,-1,-1,-1,2,1,E01000027,0
Unvalidated,2024010508650,2024,010508650,2,9,0,18,1,5,0,4,0,0,0,0,2,1,1,1,59,9,-1,-1,-1,-1,-1,-1,-1,0
Unvalidated,2024010508650,2024,010508650,3,9,0,18,1,5,0,4,0,0,0,0,2,1,6,1,47,8,-1,-1,-1,-1,-1,-1,-1,0
Unvalidated,2024010508653,2024,010508653,1,90,0,18,1,5,0,1,1,0,0,0,0,1,6,1,27,6,-1,-1,-1,-1,-1,-1,-1,1
Unvalidated,2024010508655,2024,010508655,1,1,9,99,9,9,99,9,9,99,9,99,9,1,6,1,31,6,-1,-1,-1,-1,8,1,E01004171,0
Unvalidated,2024010508655,2024,010508655,2,9,0,99,9,9,99,9,9,99,9,99,1,9,6,3,-1,-1,-1,-1,-1,-1,4,1,E01004487,0
Unvalidated,2024010508657,2024,010508657,1,9,0,99,9,9,99,9,9,99,9,99,9,9,6,2,42,7,-1,-1,-1,-1,6,1,E01003653,0
Unvalidated,2024010508657,2024,010508657,2,9,0,99,9,9,99,9,9,99,9,99,9,9,6,3,-1,-1,-1,-1,-1,-1,-1,-1,-1,0
Unvalidated,2024010508660,2024,010508660,1,19,0,99,9,9,99,9,9,99,9,99,9,9,6,3,-1,-1,-1,-1,-1,-1,4,1,E01000031,0
Unvalidated,2024010508660,2024,010508660,2,1,9,99,9,9,99,9,9,99,9,99,1,1,2,1,30,6,-1,-1,-1,-1,8,1,E01000873,0
Unvalidated,2024010508661,2024,010508661,1,9,0,5,7,3,1,1,0,4,7,10,2,1,6,1,30,6,-1,-1,-1,-1,2,1,E01003346,0
Unvalidated,2024010508661,2024,010508661,2,9,0,2,0,0,9,1,0,0,0,0,2,1,6,3,-1,-1,-1,-1,-1,-1,-1,-1,-1,0