status,collision_index,collision_year,collision_reference,vehicle_reference,vehicle_type,towing_and_articulation,vehicle_manoeuvre,vehicle_direction_from,vehicle_direction_to,vehicle_location_restricted_lane,junction_location,skidding_and_overturning,hit_object_in_carriageway,vehicle_leaving_carriageway,hit_object_off_carriageway,first_point_of_impact,vehicle_left_hand_drive,journey_purpose_of_driver,sex_of_driver,age_of_driver,age_band_of_driver,engine_capacity_cc,propulsion_code,age_of_vehicle,generic_make_model,driver_imd_decile,driver_home_area_type,lsoa_of_driver,escooter_flag
Unvalidated,2024010508662,2024,010508662,1,9,0,4,1,5,0,1,0,0,0,0,0,1,1,1,34,6,-1,-1,-1,-1,4,1,E01003666,0
Unvalidated,2024010508662,2024,010508662,2,9,0,18,1,5,0,1,0,0,0,0,1,1,6,1,25,5,-1,-1,-1,-1,2,1,E01000040,0
Unvalidated,2024010508662,2024,010508662,3,9,0,4,3,7,0,1,0,0,0,0,3,1,6,1,48,8,-1,-1,-1,-1,7,1,-1,0
Unvalidated,2024010508662,2024,010508662,4,9,0,4,3,7,0,1,0,0,0,0,1,1,6,2,61,9,-1,-1,-1,-1,3,1,E01003532,0
Unvalidated,2024010508662,2024,010508662,5,9,0,4,1,5,0,1,0,0,0,0,0,1,1,1,30,6,-1,-1,-1,-1,4,1,E01003666,0
Unvalidated,2024010508666,2024,010508666,1,1,9,99,9,9,99,1,9,99,9,99,1,1,6,1,31,6,-1,-1,-1,-1,5,1,E01000140,0
Unvalidated,2024010508666,2024,010508666,2,9,0,99,9,9,99,4,9,99,9,99,9,9,6,3,36,7,-1,-1,-1,-1,-1,-1,-1,0
Unvalidated,2024010508669,2024,010508669,1,1,9,99,9,9,99,9,9,99,9,99,0,1,6,2,33,6,-1,-1,-1,-1,7,1,E01003199,0
Unvalidated,2024010508675,2024,010508675,1,9,0,10,5,3,0,1,0,0,0,0,1,1,6,1,40,7,-1,-1,-1,-1,-1,-1,-1,0
Unvalidated,2024010508675,2024,010508675,2,1,0,18,5,1,0,1,0,0,0,0,1,1,6,1,17,4,-1,-1,-1,-1,6,1,E01001075,0
Unvalidated,2024010508676,2024,010508676,1,1,9,99,9,9,99,9,9,99,9,99,9,1,2,1,46,8,-1,-1,-1,-1,3,1,E01004063,0
Unvalidated,2024010508676,2024,010508676,2,9,0,99,9,9,99,9,9,99,9,99,1,9,6,3,-1,-1,-1,-1,-1,-1,5,1,E01003040,0
Unvalidated,2024010508677,2024,010508677,1,9,0,4,5,1,0,1,0,0,0,0,2,1,6,1,58,9,-1,-1,-1,-1,4,1,E01030304,0
Unvalidated,2024010508677,2024,010508677,2,9,0,5,5,1,0,1,0,0,0,0,1,1,6,1,29,6,-1,-1,-1,-1,10,1,E01003007,0
Unvalidated,2024010508680,2024,010508680,1,3,0,18,7,3,99,9,9,99,9,99,1,1,1,1,41,7,-1,-1,-1,-1,4,1,E01001615,0
Unvalidated,2024010508680,2024,010508680,2,9,0,18,1,5,99,9,9,99,9,99,1,1,6,3,-1,-1,-1,-1,-1,-1,-1,-1,-1,0
Unvalidated,2024010508681,2024,010508681,1,3,0,18,3,7,0,0,1,0,0,0,1,1,6,1,41,7,-1,-1,-1,-1,1,1,E01004241,0
Unvalidated,2024010508681,2024,010508681,2,19,0,6,3,3,0,0,0,0,7,0,1,1,6,1,52,8,-1,-1,-1,-1,2,1,E01001824,0
Unvalidated,2024010508687,2024,010508687,1,9,0,99,9,9,99,9,9,99,9,99,2,9,6,1,-1,-1,-1,-1,-1,-1,9,1,E01003824,0
Unvalidated,2024010508689,2024,010508689,1,9,0,9,7,5,0,5,0,0,0,0,1,1,6,2,25,5,-1,-1,-1,-1,3,1,E01001365,0
Unvalidated,2024010508689,2024,010508689,2,1,0,18,3,7,2,1,5,0,0,0,1,1,6,1,16,4,-1,-1,-1,-1,3,1,E01002572,0
Unvalidated,2024010508690,2024,010508690,1,19,0,18,1,5,0,0,0,0,0,0,1,1,6,3,-1,-1,-1,-1,-1,-1,-1,-1,-1,0
Unvalidated,2024010508690,2024,010508690,2,9,0,6,5,5,0,0,0,0,0,0,3,1,6,1,17,4,-1,-1,-1,-1,9,1,E01002275,0
Unvalidated,2024010508696,2024,010508696,1,1,9,99,9,9,99,9,9,99,9,99,2,1,6,1,45,7,-1,-1,-1,-1,5,1,E01003359,0
Unvalidated,2024010508696,2024,010508696,2,9,0,99,9,9,99,9,9,99,9,99,1,9,6,3,-1,-1,-1,-1,-1,-1,-1,-1,-1,0
Unvalidated,2024010508698,2024,010508698,1,1,9,99,9,9,99,9,9,99,9,99,1,1,6,3,51,8,-1,-1,-1,-1,4,1,E01003074,0
Unvalidated,2024010508698,2024,010508698,2,8,0,99,9,9,99,9,9,99,9,99,9,9,6,3,-1,-1,-1,-1,-1,-1,-1,-1,-1,0
Unvalidated,2024010508702,2024,010508702,1,9,0,18,7,3,0,4,0,9,3,1,1,1,6,1,25,5,-1,-1,-1,-1,5,1,E01002212,0
Unvalidated,2024010508704,2024,010508704,1,9,0,9,2,8,0,2,0,0,0,0,1,1,6,1,38,7,-1,-1,-1,-1,5,1,E01000277,0
Unvalidated,2024010508704,2024,010508704,2,3,0,18,5,1,0,1,0,0,0,0,1,1,6,1,35,6,-1,-1,-1,-1,6,1,E01030631,0
Unvalidated,2024010508704,2024,010508704,3,1,0,18,1,5,0,1,0,0,0,0,3,1,6,1,65,9,-1,-1,-1,-1,9,1,E01000209,0
Unvalidated,2024010508705,2024,010508705,1,9,0,99,9,9,99,9,9,99,9,99,2,9,6,2,39,7,-1,-1,-1,-1,8,1,E01016001,0
Unvalidated,2024010508705,2024,010508705,2,9,0,99,9,9,99,9,9,99,9,99,1,9,6,3,-1,-1,-1,-1,-1,-1,-1,-1,-1,0
Unvalidated,2024010508707,2024,010508707,1,9,0,16,1,5,0,2,0,0,7,0,1,1,6,2,36,7,-1,-1,-1,-1,7,1,E01001036,0
Unvalidated,2024010508709,2024,010508709,1,11,0,18,1,5,0,1,0,0,0,0,1,1,1,1,29,6,-1,-1,-1,-1,2,1,E01003303,0
Unvalidated,2024010508712,2024,010508712,1,9,0,5,7,3,0,1,0,0,0,0,1,1,6,3,-1,-1,-1,-1,-1,-1,-1,-1,-1,0
Unvalidated,2024010508713,2024,010508713,1,9,0,18,5,1,0,0,0,0,0,0,1,1,6,1,25,5,-1,-1,-1,-1,7,1,E01000258,0
Unvalidated,2024010508713,2024,010508713,2,9,0,18,1,5,0,0,0,0,0,0,0,1,6,2,37,7,-1,-1,-1,-1,8,2,E01032704,0
Unvalidated,2024010508717,2024,010508717,1,9,0,15,1,5,0,2,0,0,0,0,1,1,6,1,25,5,-1,-1,-1,-1,-1,-1,-1,0
Unvalidated,2024010508717,2024,010508717,2,9,0,18,5,1,0,2,0,0,0,0,1,1,6,2,49,8,-1,-1,-1,-1,2,1,E01001191,0
Unvalidated,2024010508717,2024,010508717,3,9,0,18,5,1,0,2,0,0,0,0,0,1,6,1,46,8,-1,-1,-1,-1,3,1,E01021276,0
Unvalidated,2024010508719,2024,010508719,1,8,0,18,3,7,0,2,0,0,0,0,0,1,1,1,46,8,-1,-1,-1,-1,2,1,E01004319,0
Unvalidated,2024010508723,2024,010508723,1,9,0,3,3,7,0,0,0,0,0,0,2,1,6,1,37,7,-1,-1,-1,-1,5,1,E01017837,0
Unvalidated,2024010508723,2024,010508723,2,9,0,4,3,7,0,0,0,0,0,0,1,1,6,1,31,6,-1,-1,-1,-1,2,1,E01004471,0
Unvalidated,2024010508724,2024,010508724,1,1,9,99,9,9,99,9,9,99,9,99,2,1,6,1,31,6,-1,-1,-1,-1,1,1,E01003184,0
Unvalidated,2024010508724,2024,010508724,2,9,0,99,9,9,99,9,9,99,9,99,1,9,6,3,-1,-1,-1,-1,-1,-1,-1,-1,-1,0
Unvalidated,2024010508727,2024,010508727,1,9,9,99,9,9,99,9,9,99,9,0,9,9,6,1,42,7,-1,-1,-1,-1,6,1,E01002062,0
Unvalidated,2024010508736,2024,010508736,1,4,0,18,4,8,3,1,0,0,0,0,0,1,6,2,45,7,-1,-1,-1,-1,8,1,E01003001,0
Unvalidated,2024010508736,2024,010508736,2,9,0,9,8,7,0,8,0,0,0,0,0,1,6,3,-1,-1,-1,-1,-1,-1,-1,-1,-1,0
Unvalidated,2024010508737,2024,010508737,1,9,0,9,1,6,0,8,0,0,0,0,2,1,6,2,32,6,-1,-1,-1,-1,5,1,E01033731,0
Unvalidated,2024010508737,2024,010508737,2,9,0,18,5,1,0,8,0,0,0,0,1,1,6,2,26,6,-1,-1,-1,-1,1,1,E01005223,0
Unvalidated,2024010508738,2024,010508738,1,11,0,4,6,2,0,2,0,0,1,0,3,1,1,1,60,9,-1,-1,-1,-1,2,1,E01001395,0
Unvalidated,2024010508738,2024,010508738,2,9,0,18,6,2,0,2,0,0,0,0,4,1,6,3,-1,-1,-1,-1,-1,-1,-1,-1,-1,0
Unvalidated,2024010508742,2024,010508742,1,9,0,18,5,1,0,0,0,0,0,0,1,1,6,1,24,5,-1,-1,-1,-1,-1,-1,-1,0
Unvalidated,2024010508742,2024,010508742,2,9,0,18,5,1,0,0,0,0,0,0,2,1,6,1,38,7,-1,-1,-1,-1,6,1,E01004509,0
Unvalidated,2024010508742,2024,010508742,3,9,0,18,5,1,0,0,0,0,0,0,3,1,1,1,49,8,-1,-1,-1,-1,8,1,E01003399,0
Unvalidated,2024010508742,2024,010508742,4,9,0,18,5,1,0,0,0,0,0,0,4,1,1,1,-1,-1,-1,-1,-1,-1,4,1,E01003666,0
Unvalidated,2024010508742,2024,010508742,5,9,0,18,5,1,0,0,0,0,0,0,3,1,6,2,48,8,-1,-1,-1,-1,7,1,E01004605,0
Unvalidated,2024010508746,2024,010508746,1,5,0,11,7,3,0,8,0,7,0,0,1,1,6,1,33,6,-1,-1,-1,-1,2,1,E01000065,0
Unvalidated,2024010508749,2024,010508749,1,9,0,99,9,9,99,9,9,99,9,99,2,9,6,1,36,7,-1,-1,-1,-1,3,1,E01000736,0
Unvalidated,2024010508749,2024,010508749,2,9,0,99,9,9,99,9,9,99,9,99,1,9,6,3,-1,-1,-1,-1,-1,-1,-1,-1,-1,0
Unvalidated,2024010508751,2024,010508751,1,9,0,99,9,9,99,9,9,99,9,99,2,1,6,3,46,8,-1,-1,-1,-1,8,1,E01021744,0
Unvalidated,2024010508757,2024,010508757,1,9,0,18,1,5,0,2,0,0,0,0,2,1,6,3,-1,-1,-1,-1,-1,-1,-1,-1,-1,0
Unvalidated,2024010508757,2024,010508757,2,1,0,18,1,5,0,2,0,0,0,0,2,1,6,1,20,4,-1,-1,-1,-1,1,1,E01033207,0
Unvalidated,2024010508759,2024,010508759,1,3,0,3,3,7,0,2,0,0,0,0,1,1,1,1,36,7,-1,-1,-1,-1,3,1,E01000510,0
Unvalidated,2024010508759,2024,010508759,2,9,0,18,5,1,0,8,0,4,0,0,1,1,6,3,-1,-1,-1,-1,-1,-1,-1,-1,-1,0
Unvalidated,2024010508765,2024,010508765,1,9,0,18,1,5,0,1,0,0,0,0,1,1,6,1,33,6,-1,-1,-1,-1,-1,-1,-1,0
Unvalidated,2024010508765,2024,010508765,2,9,0,18,1,5,0,1,0,0,0,0,1,1,6,3,-1,-1,-1,-1,-1,-1,-1,-1,-1,0
Unvalidated,2024010508766,2024,010508766,1,9,0,9,1,6,0,1,0,0,0,0,3,1,6,2,60,9,-1,-1,-1,-1,2,1,E01003024,0
Unvalidated,2024010508766,2024,010508766,2,5,0,18,5,1,0,1,0,0,0,0,1,1,6,1,35,6,-1,-1,-1,-1,3,1,E01003992,0
Unvalidated,2024010508767,2024,010508767,1,3,0,99,9,9,99,9,9,99,9,99,1,1,6,1,19,4,-1,-1,-1,-1,3,1,E01001466,0
Unvalidated,2024010508767,2024,010508767,2,9,0,99,9,9,99,9,9,99,9,99,9,9,6,3,-1,-1,-1,-1,-1,-1,-1,-1,-1,0
Unvalidated,2024010508770,2024,010508770,1,98,9,99,9,9,99,9,9,99,9,99,9,9,6,3,-1,-1,-1,-1,-1,-1,-1,-1,-1,0
Unvalidated,2024010508770,2024,010508770,2,9,9,99,9,9,99,9,9,99,9,99,2,9,6,2,79,11,-1,-1,-1,-1,7,1,E01000517,0
Unvalidated,2024010508771,2024,010508771,1,9,0,9,5,3,0,6,0,0,0,0,3,1,6,2,24,5,-1,-1,-1,-1,1,1,E01001838,0
Unvalidated,2024010508771,2024,010508771,2,9,0,18,5,1,0,8,0,0,0,0,1,1,2,2,31,6,-1,-1,-1,-1,3,1,E01000718,0
Unvalidated,2024010508773,2024,010508773,1,1,0,18,1,5,0,1,0,0,0,0,1,1,6,1,38,7,-1,-1,-1,-1,2,1,E01001982,0
Unvalidated,2024010508773,2024,010508773,2,9,0,3,1,5,0,1,0,0,0,0,4,1,1,1,57,9,-1,-1,-1,-1,4,1,E01001503,0
Unvalidated,2024010508774,2024,010508774,1,9,0,18,7,3,0,1,0,0,0,0,1,1,6,3,-1,-1,-1,-1,-1,-1,-1,-1,-1,0
Unvalidated,2024010508775,2024,010508775,1,9,0,18,1,5,0,1,0,0,0,0,4,1,6,2,24,5,-1,-1,-1,-1,6,1,E01002186,0
Unvalidated,2024010508776,2024,010508776,1,9,0,5,0,3,8,0,0,0,0,0,3,1,6,3,-1,-1,-1,-1,-1,-1,-1,-1,-1,0
Unvalidated,2024010508776,2024,010508776,2,1,0,18,7,3,0,0,0,0,0,0,1,1,2,1,39,7,-1,-1,-1,-1,3,1,E01004203,0
Unvalidated,2024010508780,2024,010508780,1,9,0,99,9,9,99,9,9,99,9,99,2,9,6,1,48,8,-1,-1,-1,-1,4,1,E01001325,0
Unvalidated,2024010508780,2024,010508780,2,3,0,99,9,9,99,9,9,99,9,99,9,1,1,1,49,8,-1,-1,-1,-1,4,1,E01001247,0
Unvalidated,2024010508784,2024,010508784,1,9,0,18,5,1,0,5,0,4,0,0,1,1,6,1,21,5,-1,-1,-1,-1,5,1,E01001782,0
Unvalidated,2024010508784,2024,010508784,2,9,0,18,5,1,0,5,0,0,0,0,2,1,6,1,29,6,-1,-1,-1,-1,2,1,E01004400,0
Unvalidated,2024010508786,2024,010508786,1,9,0,9,5,2,0,8,0,0,0,0,1,1,1,1,50,8,-1,-1,-1,-1,4,1,E01001150,0
Unvalidated,2024010508796,2024,010508796,1,9,0,99,9,9,99,9,9,99,9,99,2,9,6,2,43,7,-1,-1,-1,-1,2,1,E01004410,0
Unvalidated,2024010508805,2024,010508805,1,20,0,18,3,7,0,2,0,0,0,0,3,1,1,1,34,6,-1,-1,-1,-1,1,1,E01001839,0
Unvalidated,2024010508815,2024,010508815,1,9,0,99,9,9,0,6,0,0,0,0,9,9,6,3,-1,-1,-1,-1,-1,-1,-1,-1,-1,0
Unvalidated,2024010508815,2024,010508815,2,97,0,99,9,9,0,6,0,99,0,0,9,1,6,1,24,5,-1,-1,-1,-1,-1,-1,-1,0
Unvalidated,2024010508820,2024,010508820,1,9,0,7,3,5,0,1,0,0,1,0,1,2,6,1,63,9,-1,-1,-1,-1,9,1,E01004638,0
Unvalidated,2024010508823,2024,010508823,1,9,0,99,9,9,99,9,9,99,9,99,4,9,6,2,40,7,-1,-1,-1,-1,3,1,E01000586,0
Unvalidated,2024010508823,2024,010508823,2,1,9,99,9,9,99,9,9,99,9,99,9,1,6,3,-1,-1,-1,-1,-1,-1,-1,-1,-1,0
Unvalidated,2024010508824,2024,010508824,1,11,0,4,7,3,0,1,0,0,0,0,0,2,1,1,66,10,-1,-1,-1,-1,4,1,E01016521,0
Unvalidated,2024010508830,2024,010508830,1,9,0,18,8,4,0,8,0,0,0,0,4,1,6,2,47,8,-1,-1,-1,-1,-1,-1,-1,0
Unvalidated,2024010508830,2024,010508830,2,9,0,9,5,3,0,6,0,0,0,0,1,1,6,2,50,8,-1,-1,-1,-1,-1,-1,-1,0
Unvalidated,2024010508838,2024,010508838,1,9,0,18,5,1,0,2,0,0,8,7,2,1,6,1,63,9,-1,-1,-1,-1,6,1,E01000238,0
Unvalidated,2024010508838,2024,010508838,2,9,0,18,5,1,0,2,0,0,7,7,1,1,6,1,32,6,-1,-1,-1,-1,6,1,E01001527,0
Unvalidated,2024010508840,2024,010508840,1,9,0,99,9,9,99,9,9,99,9,99,2,9,6,1,20,4,-1,-1,-1,-1,3,1,E01000973,0
Unvalidated,2024010508840,2024,010508840,2,3,9,99,9,9,99,9,9,99,9,99,2,1,6,3,-1,-1,-1,-1,-1,-1,-1,-1,-1,0
Unvalidated,2024010508842,2024,010508842,1,11,0,7,2,4,0,1,0,0,0,0,3,2,6,1,43,7,-1,-1,-1,-1,-1,-1,-1,0
Unvalidated,2024010508842,2024,010508842,2,9,0,8,2,4,0,1,0,0,0,0,4,1,6,2,43,7,-1,-1,-1,-1,4,1,E01001686,0
Unvalidated,2024010508847,2024,010508847,1,19,0,99,9,9,99,9,9,99,9,99,3,9,1,1,34,6,-1,-1,-1,-1,3,1,E01001349,0
Unvalidated,2024010508847,2024,010508847,2,3,0,18,5,1,0,9,0,99,0,0,1,1,6,3,-1,-1,-1,-1,-1,-1,-1,-1,-1,0
Unvalidated,2024010508848,2024,010508848,1,9,0,1,3,7,0,8,0,0,1,0,2,1,6,2,64,9,-1,-1,-1,-1,3,1,E01021764,0
Unvalidated,2024010508848,2024,010508848,2,9,0,16,3,7,0,2,0,0,0,0,1,1,6,1,64,9,-1,-1,-1,-1,4,1,E01003695,0
Unvalidated,2024010508853,2024,010508853,1,3,0,18,7,3,0,0,0,0,0,0,1,1,6,1,28,6,-1,-1,-1,-1,-1,-1,-1,0
Unvalidated,2024010508853,2024,010508853,2,9,0,18,7,3,0,0,0,0,0,0,2,1,6,3,-1,-1,-1,-1,-1,-1,-1,-1,-1,0
Unvalidated,2024010508859,2024,010508859,1,1,9,99,9,9,99,9,9,99,9,99,9,1,6,1,58,9,-1,-1,-1,-1,5,1,E01001354,0
Unvalidated,2024010508859,2024,010508859,2,9,0,99,9,9,99,9,9,99,9,99,9,9,6,2,43,7,-1,-1,-1,-1,3,1,E01001282,0
Unvalidated,2024010508861,2024,010508861,1,1,9,99,9,9,99,9,9,99,9,99,9,1,2,1,53,8,-1,-1,-1,-1,7,1,E01004352,0
Unvalidated,2024010508861,2024,010508861,2,9,0,99,9,9,99,9,9,99,9,99,1,9,6,3,-1,-1,-1,-1,-1,-1,-1,-1,-1,0
Unvalidated,2024010508862,2024,010508862,1,9,0,99,9,9,99,9,9,99,9,99,2,9,1,2,47,8,-1,-1,-1,-1,1,1,E01000596,0
Unvalidated,2024010508862,2024,010508862,2,9,0,99,9,9,99,9,9,99,9,99,1,9,6,1,54,8,-1,-1,-1,-1,4,1,E01000503,0
Unvalidated,2024010508865,2024,010508865,1,11,0,18,5,1,0,8,0,0,0,0,0,1,1,1,51,8,-1,-1,-1,-1,3,1,E01001262,0
Unvalidated,2024010508867,2024,010508867,1,9,0,5,3,7,0,0,0,0,0,0,4,1,6,2,45,7,-1,-1,-1,-1,8,1,E01030505,0
Unvalidated,2024010508869,2024,010508869,1,9,0,10,3,1,0,2,0,0,0,0,1,1,6,2,42,7,-1,-1,-1,-1,7,1,E01017851,0
Unvalidated,2024010508869,2024,010508869,2,9,0,13,1,5,0,1,0,0,0,0,1,1,1,1,21,5,-1,-1,-1,-1,2,1,E01002664,0
Unvalidated,2024010508874,2024,010508874,1,9,0,99,9,9,99,9,9,99,9,99,1,9,6,1,29,6,-1,-1,-1,-1,1,1,E01000048,0
Unvalidated,2024010508874,2024,010508874,2,9,0,99,9,9,99,9,9,99,9,99,9,9,6,3,-1,-1,-1,-1,-1,-1,-1,-1,-1,0
Unvalidated,2024010508876,2024,010508876,1,9,0,18,1,5,0,1,0,0,0,0,1,1,6,1,-1,-1,-1,-1,-1,-1,7,1,E01001411,0
Unvalidated,2024010508880,2024,010508880,1,9,0,18,5,1,0,1,0,4,0,0,1,1,6,1,30,6,-1,-1,-1,-1,5,1,E01003340,0
Unvalidated,2024010508880,2024,010508880,2,9,0,3,1,5,0,1,2,0,0,0,1,1,1,1,42,7,-1,-1,-1,-1,9,1,E01000804,0
Unvalidated,2024010508880,2024,010508880,3,9,0,4,1,5,0,1,0,0,0,0,2,1,6,1,26,6,-1,-1,-1,-1,8,1,E01000774,0
Unvalidated,2024010508883,2024,010508883,1,23,0,18,5,1,0,1,1,4,0,0,1,1,6,1,18,4,-1,-1,-1,-1,6,1,E01000795,0
Unvalidated,2024010508883,2024,010508883,2,9,0,2,0,0,0,2,0,0,0,0,2,1,6,3,-1,-1,-1,-1,-1,-1,-1,-1,-1,0
Unvalidated,2024010508884,2024,010508884,1,9,0,99,9,9,99,9,9,99,9,99,2,9,6,2,35,6,-1,-1,-1,-1,-1,-1,-1,0
Unvalidated,2024010508884,2024,010508884,2,19,9,99,9,9,99,9,9,99,9,99,9,9,6,3,-1,-1,-1,-1,-1,-1,-1,-1,-1,0
Unvalidated,2024010508887,2024,010508887,1,9,0,99,9,9,99,9,9,99,9,99,1,1,6,3,-1,-1,-1,-1,-1,-1,-1,-1,-1,0
Unvalidated,2024010508889,2024,010508889,1,9,0,18,1,5,0,1,5,0,0,0,1,1,6,1,87,11,-1,-1,-1,-1,6,1,E01001419,0
Unvalidated,2024010508889,2024,010508889,2,9,0,2,0,0,0,1,0,0,0,0,2,1,6,3,-1,-1,-1,-1,-1,-1,-1,-1,-1,0
Unvalidated,2024010508893,2024,010508893,1,3,0,18,7,3,0,2,2,0,0,0,1,1,6,1,44,7,-1,-1,-1,-1,2,1,E01024476,0
Unvalidated,2024010508895,2024,010508895,1,9,9,99,9,9,99,9,9,99,9,99,9,1,6,2,28,6,-1,-1,-1,-1,4,1,E01002743,0
Unvalidated,2024010508895,2024,010508895,2,9,9,99,9,9,99,9,9,99,9,99,9,1,6,3,-1,-1,-1,-1,-1,-1,-1,-1,-1,0
Unvalidated,2024010508896,2024,010508896,1,1,9,99,9,9,99,1,9,8,9,99,9,1,6,2,54,8,-1,-1,-1,-1,3,1,E01002572,0
Unvalidated,2024010508896,2024,010508896,2,9,0,99,9,9,99,2,9,99,9,99,9,9,6,3,-1,-1,-1,-1,-1,-1,9,1,E01016679,0
Unvalidated,2024010508904,2024,010508904,1,9,0,7,1,4,6,5,0,0,0,0,2,1,6,1,33,6,-1,-1,-1,-1,3,1,E01021267,0
Unvalidated,2024010508904,2024,010508904,2,1,0,18,1,5,9,1,0,0,0,0,1,1,6,1,36,7,-1,-1,-1,-1,3,1,E01003915,0
Unvalidated,2024010508906,2024,010508906,1,3,0,99,9,9,99,0,9,99,9,99,1,1,2,1,68,10,-1,-1,-1,-1,5,1,E01002183,0
Unvalidated,2024010508906,2024,010508906,2,9,0,99,9,9,99,0,9,99,9,99,9,9,6,3,56,9,-1,-1,-1,-1,2,1,E01001316,0
Unvalidated,2024010508909,2024,010508909,1,9,0,9,8,5,99,9,9,99,0,0,9,1,6,1,30,6,-1,-1,-1,-1,6,1,E01000110,0
Unvalidated,2024010508909,2024,010508909,2,3,0,13,1,5,0,9,9,99,0,0,1,1,6,3,-1,-1,-1,-1,-1,-1,3,1,E01004328,0
Unvalidated,2024010508910,2024,010508910,1,9,0,18,5,1,0,0,0,0,0,0,4,1,6,1,-1,-1,-1,-1,-1,-1,-1,-1,-1,0
Unvalidated,2024010508910,2024,010508910,2,9,0,5,5,1,0,0,0,0,0,0,1,1,6,1,54,8,-1,-1,-1,-1,2,1,E01004402,0
Unvalidated,2024010508910,2024,010508910,3,9,0,2,0,0,0,0,0,0,0,0,0,1,6,3,-1,-1,-1,-1,-1,-1,-1,-1,-1,0
Unvalidated,2024010508916,2024,010508916,1,9,0,99,9,9,99,9,9,99,9,99,2,9,6,2,36,7,-1,-1,-1,-1,6,1,E01001565,0
Unvalidated,2024010508918,2024,010508918,1,9,0,2,0,0,0,0,0,0,0,0,3,2,6,3,-1,-1,-1,-1,-1,-1,-1,-1,-1,0
Unvalidated,2024010508918,2024,010508918,2,9,0,2,0,0,0,0,0,0,0,0,3,1,6,3,-1,-1,-1,-1,-1,-1,-1,-1,-1,0
Unvalidated,2024010508918,2024,010508918,3,9,0,18,5,1,0,0,5,4,0,0,1,1,6,2,30,6,-1,-1,-1,-1,3,1,E01003629,0
Unvalidated,2024010508922,2024,010508922,1,90,0,99,9,9,99,9,9,99,9,0,9,9,6,3,-1,-1,-1,-1,-1,-1,-1,-1,-1,1
Unvalidated,2024010508924,2024,010508924,1,9,0,18,1,5,9,0,1,0,0,0,1,1,6,1,20,4,-1,-1,-1,-1,2,1,E01000951,0
Unvalidated,2024010508924,2024,010508924,2,9,0,2,0,0,9,0,0,4,0,0,2,1,6,3,-1,-1,-1,-1,-1,-1,-1,-1,-1,0
Unvalidated,2024010508925,2024,010508925,1,9,0,4,5,1,0,0,0,0,0,0,2,1,1,2,44,7,-1,-1,-1,-1,-1,-1,-1,0
Unvalidated,2024010508925,2024,010508925,2,90,1,18,5,1,0,0,0,0,0,0,1,1,1,1,27,6,-1,-1,-1,-1,7,1,E01000983,0
Unvalidated,2024010508929,2024,010508929,1,3,0,99,9,9,99,9,9,99,9,99,9,1,6,1,35,6,-1,-1,-1,-1,2,1,E01003300,0
Unvalidated,2024010508929,2024,010508929,2,9,0,99,9,9,99,9,9,99,9,99,1,9,6,3,-1,-1,-1,-1,-1,-1,-1,-1,-1,0
Unvalidated,2024010508931,2024,010508931,1,9,0,18,4,8,0,0,0,0,0,0,4,1,3,2,26,6,-1,-1,-1,-1,6,1,E01002024,0
Unvalidated,2024010508931,2024,010508931,2,1,0,9,7,5,0,0,0,0,0,0,1,1,1,1,57,9,-1,-1,-1,-1,6,1,E01001997,0
Unvalidated,2024010508937,2024,010508937,1,9,0,18,5,1,0,0,0,0,0,0,1,2,6,2,37,7,-1,-1,-1,-1,6,1,E01003002,0
Unvalidated,2024010508937,2024,010508937,2,19,0,18,5,1,0,0,0,0,0,0,3,1,6,1,31,6,-1,-1,-1,-1,-1,-1,-1,0
Unvalidated,2024010508938,2024,010508938,1,9,0,18,5,1,0,1,0,0,0,0,1,1,3,1,45,7,-1,-1,-1,-1,7,1,E01024422,0
Unvalidated,2024010508943,2024,010508943,1,9,0,99,9,9,99,9,9,99,9,99,9,9,2,2,36,7,-1,-1,-1,-1,1,1,E01021317,0
Unvalidated,2024010508943,2024,010508943,2,9,0,99,9,9,99,9,9,99,9,99,9,9,6,3,-1,-1,-1,-1,-1,-1,-1,-1,-1,0
Unvalidated,2024010508947,2024,010508947,1,3,0,99,9,9,99,9,9,99,9,99,9,1,1,1,27,6,-1,-1,-1,-1,5,1,E01003411,0
Unvalidated,2024010508947,2024,010508947,2,9,0,99,9,9,99,9,9,99,9,99,1,9,6,3,78,11,-1,-1,-1,-1,8,1,E01004179,0
Unvalidated,2024010508952,2024,010508952,1,9,0,3,7,3,0,8,0,0,0,0,1,1,2,1,45,7,-1,-1,-1,-1,4,1,E01001514,0
Unvalidated,2024010508954,2024,010508954,1,1,9,99,9,9,99,9,9,99,9,99,1,1,6,2,41,7,-1,-1,-1,-1,6,1,E01004621,0
Unvalidated,2024010508954,2024,010508954,2,1,9,99,9,9,99,9,9,99,9,99,1,1,6,3,-1,-1,-1,-1,-1,-1,-1,-1,-1,0
Unvalidated,2024010508955,2024,010508955,1,4,0,18,3,7,0,1,0,0,0,0,1,1,6,1,24,5,-1,-1,-1,-1,7,1,E01000517,0
Unvalidated,2024010508955,2024,010508955,2,9,0,9,3,8,0,1,0,0,0,0,1,1,1,1,40,7,-1,-1,-1,-1,4,1,E01032961,0
Unvalidated,2024010508957,2024,010508957,1,8,0,18,7,3,0,8,0,0,0,0,4,1,1,1,76,11,-1,-1,-1,-1,10,1,E01023744,0