status,collision_index,collision_year,collision_reference,vehicle_reference,vehicle_type,towing_and_articulation,vehicle_manoeuvre,vehicle_direction_from,vehicle_direction_to,vehicle_location_restricted_lane,junction_location,skidding_and_overturning,hit_object_in_carriageway,vehicle_leaving_carriageway,hit_object_off_carriageway,first_point_of_impact,vehicle_left_hand_drive,journey_purpose_of_driver,sex_of_driver,age_of_driver,age_band_of_driver,engine_capacity_cc,propulsion_code,age_of_vehicle,generic_make_model,driver_imd_decile,driver_home_area_type,lsoa_of_driver,escooter_flag
Unvalidated,2024010508957,2024,010508957,2,3,0,18,5,1,0,8,5,0,0,0,1,1,6,1,48,8,-1,-1,-1,-1,1,1,E01003060,0
Unvalidated,2024010508958,2024,010508958,1,1,9,99,9,9,99,9,9,99,9,99,9,1,6,2,30,6,-1,-1,-1,-1,5,1,E01000629,0
Unvalidated,2024010508958,2024,010508958,2,9,0,99,9,9,99,9,9,99,9,99,9,9,6,3,-1,-1,-1,-1,-1,-1,-1,-1,-1,0
Unvalidated,2024010508959,2024,010508959,1,9,0,99,9,9,99,9,9,99,9,99,9,9,1,3,45,7,-1,-1,-1,-1,4,1,E01000498,0
Unvalidated,2024010508959,2024,010508959,2,9,9,99,9,9,99,9,9,99,9,99,9,9,6,3,58,9,-1,-1,-1,-1,3,1,E01002407,0
Unvalidated,2024010508960,2024,010508960,1,2,0,15,5,1,0,1,0,0,0,0,3,1,6,1,28,6,-1,-1,-1,-1,-1,-1,-1,0
Unvalidated,2024010508960,2024,010508960,2,9,0,4,3,7,0,1,0,0,0,0,1,1,6,1,34,6,-1,-1,-1,-1,-1,-1,-1,0
Unvalidated,2024010508961,2024,010508961,1,3,0,99,9,9,99,9,9,99,9,99,9,1,6,1,20,4,-1,-1,-1,-1,3,1,E01003915,0
Unvalidated,2024010508961,2024,010508961,2,9,0,99,9,9,99,9,9,99,9,99,1,9,6,1,-1,-1,-1,-1,-1,-1,-1,-1,-1,0
Unvalidated,2024010508962,2024,010508962,1,3,0,99,9,9,99,9,9,99,9,99,1,1,1,3,42,7,-1,-1,-1,-1,3,1,E01001814,0
Unvalidated,2024010508962,2024,010508962,2,9,0,99,9,9,99,9,9,99,9,99,1,9,6,3,-1,-1,-1,-1,-1,-1,-1,-1,-1,0
Unvalidated,2024010508965,2024,010508965,1,9,0,9,8,5,0,2,0,0,0,0,1,1,6,1,25,5,-1,-1,-1,-1,6,1,E01003153,0
Unvalidated,2024010508969,2024,010508969,1,3,0,99,9,9,99,9,9,99,9,99,1,1,1,3,29,6,-1,-1,-1,-1,1,1,E01002095,0
Unvalidated,2024010508969,2024,010508969,2,9,0,99,9,9,99,9,9,99,9,99,1,9,6,3,-1,-1,-1,-1,-1,-1,-1,-1,-1,0
Unvalidated,2024010508971,2024,010508971,1,9,0,99,9,9,99,0,9,99,9,99,1,9,6,3,-1,-1,-1,-1,-1,-1,4,2,E01002440,0
Unvalidated,2024010508972,2024,010508972,1,9,0,99,9,9,99,9,9,99,9,99,2,9,6,2,44,7,-1,-1,-1,-1,2,1,E01000189,0
Unvalidated,2024010508972,2024,010508972,2,19,0,99,9,9,99,9,9,99,9,99,1,9,6,3,-1,-1,-1,-1,-1,-1,-1,-1,-1,0
Unvalidated,2024010508973,2024,010508973,1,1,9,99,9,9,99,9,9,99,9,99,1,1,6,1,51,8,-1,-1,-1,-1,3,1,E01001043,0
Unvalidated,2024010508973,2024,010508973,2,9,0,99,9,9,99,9,9,99,9,99,0,9,6,3,20,4,-1,-1,-1,-1,7,1,E01003395,0
Unvalidated,2024010508975,2024,010508975,1,11,0,7,3,5,0,1,0,0,0,0,2,1,1,3,59,9,-1,-1,-1,-1,3,1,E01000132,0
Unvalidated,2024010508983,2024,010508983,1,9,0,99,9,9,99,0,9,99,9,99,3,9,6,1,38,7,-1,-1,-1,-1,3,1,E01003537,0
Unvalidated,2024010508983,2024,010508983,2,11,9,99,9,9,99,0,9,99,9,99,9,9,6,3,-1,-1,-1,-1,-1,-1,-1,-1,-1,0
Unvalidated,2024010508987,2024,010508987,1,1,9,99,9,9,99,9,9,99,9,99,1,1,2,1,45,7,-1,-1,-1,-1,2,1,E01004321,0
Unvalidated,2024010508988,2024,010508988,1,3,0,99,9,9,99,9,9,99,9,99,9,1,1,1,47,8,-1,-1,-1,-1,3,1,E01001981,0
Unvalidated,2024010508988,2024,010508988,2,9,0,99,9,9,99,9,9,99,9,99,9,9,6,3,-1,-1,-1,-1,-1,-1,-1,-1,-1,0
Unvalidated,2024010508991,2024,010508991,1,9,0,4,5,1,0,0,0,0,0,0,1,1,6,1,97,11,-1,-1,-1,-1,10,1,E01002253,0
Unvalidated,2024010508991,2024,010508991,2,19,0,6,5,5,0,0,0,0,0,0,3,1,1,1,29,6,-1,-1,-1,-1,4,1,E01003784,0
Unvalidated,2024010508997,2024,010508997,1,9,0,16,1,5,9,2,0,4,7,1,1,1,6,2,69,10,-1,-1,-1,-1,2,1,E01000603,0
Unvalidated,2024010508997,2024,010508997,2,9,0,2,0,0,0,2,0,4,0,0,2,1,6,3,-1,-1,-1,-1,-1,-1,-1,-1,-1,0
Unvalidated,2024010508997,2024,010508997,3,9,0,2,0,0,0,2,0,4,0,0,1,1,6,3,-1,-1,-1,-1,-1,-1,-1,-1,-1,0
Unvalidated,2024010508998,2024,010508998,1,9,0,18,7,3,0,5,0,0,0,0,3,1,1,1,46,8,-1,-1,-1,-1,-1,-1,-1,0
Unvalidated,2024010508998,2024,010508998,2,1,0,13,7,3,0,5,0,0,0,0,4,1,6,1,59,9,-1,-1,-1,-1,2,1,E01001860,0
Unvalidated,2024010509000,2024,010509000,1,19,0,7,6,1,0,1,0,0,0,0,4,1,6,1,44,7,-1,-1,-1,-1,-1,-1,-1,0
Unvalidated,2024010509000,2024,010509000,2,1,0,18,4,8,0,1,0,0,0,0,3,1,2,1,42,7,-1,-1,-1,-1,2,1,E01004746,0
Unvalidated,2024010509001,2024,010509001,1,9,0,18,5,1,0,1,0,0,0,0,0,1,6,2,60,9,-1,-1,-1,-1,3,1,E01000367,0
Unvalidated,2024010509003,2024,010509003,1,19,0,8,6,7,0,1,0,0,0,0,2,1,1,1,43,7,-1,-1,-1,-1,3,1,E01004575,0
Unvalidated,2024010509003,2024,010509003,2,9,0,10,2,1,0,1,0,0,0,0,2,1,1,1,41,7,-1,-1,-1,-1,1,1,E01003052,0
Unvalidated,2024010509003,2024,010509003,3,9,0,18,2,6,0,1,0,0,0,0,1,1,1,1,58,9,-1,-1,-1,-1,3,1,E01004630,0
Unvalidated,2024010509005,2024,010509005,1,9,0,5,7,3,0,1,0,0,0,0,4,1,6,2,75,10,-1,-1,-1,-1,10,1,E01003891,0
Unvalidated,2024010509007,2024,010509007,1,9,0,99,9,9,99,9,9,99,9,99,2,9,6,2,41,7,-1,-1,-1,-1,7,1,E01001411,0
Unvalidated,2024010509007,2024,010509007,2,9,0,99,9,9,99,9,9,99,9,99,1,9,6,3,-1,-1,-1,-1,-1,-1,-1,-1,-1,0
Unvalidated,2024010509011,2024,010509011,1,3,0,99,9,9,99,9,9,99,9,99,9,1,1,1,28,6,-1,-1,-1,-1,4,1,E01003453,0
Unvalidated,2024010509011,2024,010509011,2,9,0,99,9,9,99,9,9,99,9,99,1,9,6,3,46,8,-1,-1,-1,-1,2,1,E01004524,0
Unvalidated,2024010509015,2024,010509015,1,9,0,7,5,7,0,6,0,0,0,0,1,1,2,2,49,8,-1,-1,-1,-1,10,1,E01000463,0
Unvalidated,2024010509022,2024,010509022,1,9,0,7,1,3,0,1,0,0,0,0,1,1,1,1,59,9,-1,-1,-1,-1,2,1,E01001448,0
Unvalidated,2024010509023,2024,010509023,1,90,5,18,7,3,0,0,0,0,0,0,2,1,1,1,61,9,-1,-1,-1,-1,4,1,E01023296,0
Unvalidated,2024010509025,2024,010509025,1,9,0,4,3,7,0,4,0,0,0,0,3,2,6,1,45,7,-1,-1,-1,-1,-1,-1,-1,0
Unvalidated,2024010509025,2024,010509025,2,9,0,18,1,5,0,8,0,0,0,0,1,1,6,1,35,6,-1,-1,-1,-1,3,1,E01000055,0
Unvalidated,2024010509025,2024,010509025,3,9,0,18,7,3,0,8,0,0,2,10,1,1,6,2,41,7,-1,-1,-1,-1,3,1,E01000092,0
Unvalidated,2024010509026,2024,010509026,1,19,0,3,5,1,0,1,0,0,0,0,2,1,2,1,30,6,-1,-1,-1,-1,10,1,E01023456,0
Unvalidated,2024010509026,2024,010509026,2,9,0,18,5,1,0,1,0,0,0,0,1,1,6,1,49,8,-1,-1,-1,-1,4,1,E01021835,0
Unvalidated,2024010509026,2024,010509026,3,9,0,18,5,1,0,1,0,0,0,0,1,1,6,1,22,5,-1,-1,-1,-1,5,1,E01001524,0
Unvalidated,2024010509028,2024,010509028,1,3,0,99,9,9,99,9,9,99,9,99,9,1,6,1,28,6,-1,-1,-1,-1,2,1,E01003971,0
Unvalidated,2024010509028,2024,010509028,2,9,0,99,9,9,99,9,9,99,9,99,1,9,6,3,-1,-1,-1,-1,-1,-1,-1,-1,-1,0
Unvalidated,2024010509029,2024,010509029,1,1,9,99,9,9,99,9,9,99,9,99,1,1,6,2,28,6,-1,-1,-1,-1,2,1,E01002056,0
Unvalidated,2024010509029,2024,010509029,2,19,0,99,9,9,99,9,9,99,9,99,9,9,6,3,-1,-1,-1,-1,-1,-1,-1,-1,-1,0
Unvalidated,2024010509031,2024,010509031,1,9,0,16,2,6,0,1,0,0,0,0,1,1,6,2,26,6,-1,-1,-1,-1,4,1,E01001974,0
Unvalidated,2024010509031,2024,010509031,2,11,0,17,6,2,0,2,0,0,0,0,3,1,1,2,37,7,-1,-1,-1,-1,1,1,E01002089,0
Unvalidated,2024010509031,2024,010509031,3,8,0,17,6,2,0,1,0,0,0,0,1,2,1,1,57,9,-1,-1,-1,-1,4,1,E01002103,0
Unvalidated,2024010509034,2024,010509034,1,3,0,99,9,9,99,9,9,99,9,99,1,1,1,3,24,5,-1,-1,-1,-1,2,1,E01002356,0
Unvalidated,2024010509034,2024,010509034,2,9,0,99,9,9,99,9,9,99,9,99,1,9,6,3,-1,-1,-1,-1,-1,-1,-1,-1,-1,0
Unvalidated,2024010509037,2024,010509037,1,3,0,99,9,9,99,9,9,99,9,99,9,1,1,1,30,6,-1,-1,-1,-1,2,1,E01004264,0
Unvalidated,2024010509037,2024,010509037,2,9,0,99,9,9,99,9,9,99,9,99,9,9,6,3,-1,-1,-1,-1,-1,-1,-1,-1,-1,0
Unvalidated,2024010509046,2024,010509046,1,3,0,99,9,9,99,9,9,99,9,99,9,1,1,1,32,6,-1,-1,-1,-1,3,1,E01004425,0
Unvalidated,2024010509046,2024,010509046,2,9,0,99,9,9,99,9,9,99,9,99,9,9,6,3,-1,-1,-1,-1,-1,-1,-1,-1,-1,0
Unvalidated,2024010509048,2024,010509048,1,11,0,16,5,1,0,3,0,0,0,0,0,1,1,1,49,8,-1,-1,-1,-1,5,1,E01000281,0
Unvalidated,2024010509049,2024,010509049,1,1,0,18,1,5,0,8,0,0,0,0,3,1,6,2,25,5,-1,-1,-1,-1,2,1,E01000972,0
Unvalidated,2024010509049,2024,010509049,2,19,0,18,1,5,0,6,0,0,0,0,1,1,6,3,-1,-1,-1,-1,-1,-1,-1,-1,-1,0
Unvalidated,2024010509055,2024,010509055,1,3,0,99,9,9,99,9,9,99,9,99,9,1,1,1,23,5,-1,-1,-1,-1,6,1,E01002887,0
Unvalidated,2024010509055,2024,010509055,2,9,0,99,9,9,99,9,9,99,9,99,9,9,6,3,-1,-1,-1,-1,-1,-1,-1,-1,-1,0
Unvalidated,2024010509065,2024,010509065,1,8,0,99,9,9,99,9,9,99,9,99,9,9,1,1,45,7,-1,-1,-1,-1,3,1,E01003617,0
Unvalidated,2024010509065,2024,010509065,2,8,0,99,9,9,99,9,9,99,9,99,1,9,6,1,52,8,-1,-1,-1,-1,4,1,E01003628,0
Unvalidated,2024010509071,2024,010509071,1,3,0,99,9,9,99,0,9,99,9,99,1,1,1,1,26,6,-1,-1,-1,-1,4,1,E01001153,0
Unvalidated,2024010509071,2024,010509071,2,9,0,99,9,9,99,0,9,99,0,0,9,9,6,3,39,7,-1,-1,-1,-1,2,1,E01004036,0
Unvalidated,2024010509075,2024,010509075,1,9,0,18,3,7,0,3,0,0,7,0,1,1,6,2,55,8,-1,-1,-1,-1,6,1,E01002260,0
Unvalidated,2024010509076,2024,010509076,1,11,0,18,5,1,0,1,0,0,0,0,0,1,1,1,59,9,-1,-1,-1,-1,7,1,E01000703,0
Unvalidated,2024010509082,2024,010509082,1,19,0,10,6,3,0,8,0,0,0,0,3,1,1,1,54,8,-1,-1,-1,-1,1,1,E01002853,0
Unvalidated,2024010509082,2024,010509082,2,1,0,18,4,8,0,8,2,0,0,0,1,1,1,2,26,6,-1,-1,-1,-1,8,1,E01030703,0
Unvalidated,2024010509086,2024,010509086,1,1,0,18,7,3,9,0,0,0,0,0,1,1,4,2,15,3,-1,-1,-1,-1,5,1,E01004616,0
Unvalidated,2024010509088,2024,010509088,1,9,0,99,9,9,99,0,9,99,9,99,9,9,6,1,40,7,-1,-1,-1,-1,4,1,E01004215,0
Unvalidated,2024010509088,2024,010509088,2,97,0,99,9,9,99,0,9,99,9,99,9,1,6,3,-1,-1,-1,-1,-1,-1,-1,-1,-1,0
Unvalidated,2024010509105,2024,010509105,1,9,0,9,7,4,0,8,0,0,0,0,4,1,6,1,25,5,-1,-1,-1,-1,3,1,E01000737,0
Unvalidated,2024010509105,2024,010509105,2,3,0,18,3,7,0,8,0,0,0,0,1,1,6,1,23,5,-1,-1,-1,-1,1,1,E01003087,0
Unvalidated,2024010509106,2024,010509106,1,9,0,5,1,5,0,0,0,0,0,0,1,1,2,1,64,9,-1,-1,-1,-1,8,3,E01030302,0
Unvalidated,2024010509106,2024,010509106,2,19,0,3,1,5,0,0,0,0,0,0,2,1,1,1,23,5,-1,-1,-1,-1,-1,-1,-1,0
Unvalidated,2024010509106,2024,010509106,3,9,0,3,1,5,0,0,0,0,0,0,2,1,6,2,38,7,-1,-1,-1,-1,6,1,E01004636,0
Unvalidated,2024010509109,2024,010509109,1,19,0,18,3,7,0,0,0,0,0,0,1,1,1,1,46,8,-1,-1,-1,-1,7,2,E01023527,0
Unvalidated,2024010509109,2024,010509109,2,9,0,18,3,7,0,0,0,0,0,0,2,1,6,1,41,7,-1,-1,-1,-1,4,1,E01030276,0
Unvalidated,2024010509111,2024,010509111,1,3,4,99,9,9,99,9,9,99,9,99,9,1,1,1,27,6,-1,-1,-1,-1,6,1,E01003738,0
Unvalidated,2024010509111,2024,010509111,2,9,4,99,9,9,99,9,9,99,9,99,1,9,6,1,25,5,-1,-1,-1,-1,3,1,E01003570,0
Unvalidated,2024010509113,2024,010509113,1,3,0,18,7,3,0,2,0,0,0,0,1,1,1,1,36,7,-1,-1,-1,-1,2,1,E01004315,0
Unvalidated,2024010509113,2024,010509113,2,11,0,18,3,7,0,2,0,0,0,0,2,1,1,1,34,6,-1,-1,-1,-1,2,1,E01012589,0
Unvalidated,2024010509114,2024,010509114,1,19,0,99,9,9,99,0,9,99,9,99,2,9,1,1,52,8,-1,-1,-1,-1,4,1,E01002233,0
Unvalidated,2024010509117,2024,010509117,1,9,0,99,9,9,99,9,9,99,9,99,9,9,6,3,-1,-1,-1,-1,-1,-1,-1,-1,-1,0
Unvalidated,2024010509121,2024,010509121,1,9,0,11,7,3,0,1,0,0,0,0,1,1,2,1,53,8,-1,-1,-1,-1,-1,-1,-1,0
Unvalidated,2024010509121,2024,010509121,2,1,0,5,7,3,0,1,0,0,0,0,2,1,6,1,19,4,-1,-1,-1,-1,2,1,E01001848,0
Unvalidated,2024010509123,2024,010509123,1,9,0,18,1,5,0,8,0,0,0,0,0,1,6,1,33,6,-1,-1,-1,-1,-1,-1,-1,0
Unvalidated,2024010509123,2024,010509123,2,9,0,18,5,1,0,8,0,0,0,0,0,1,1,1,37,7,-1,-1,-1,-1,3,1,E01003221,0
Unvalidated,2024010509123,2024,010509123,3,9,0,18,5,1,0,8,0,0,0,0,0,1,1,1,35,6,-1,-1,-1,-1,3,1,E01003221,0
Unvalidated,2024010509124,2024,010509124,1,9,0,10,7,4,0,1,0,0,0,0,4,1,1,2,45,7,-1,-1,-1,-1,1,1,E01001429,0
Unvalidated,2024010509124,2024,010509124,2,90,0,18,5,1,9,1,5,0,0,0,1,2,6,1,41,7,-1,-1,-1,-1,3,1,E01001467,1
Unvalidated,2024010509131,2024,010509131,1,11,0,18,1,5,0,0,0,0,0,0,1,1,1,2,45,7,-1,-1,-1,-1,3,1,E01001814,0
Unvalidated,2024010509135,2024,010509135,1,9,0,18,7,3,0,0,0,0,0,0,3,1,1,1,56,9,-1,-1,-1,-1,6,1,E01000492,0
Unvalidated,2024010509135,2024,010509135,2,9,0,18,7,3,0,0,0,0,0,0,4,1,1,2,47,8,-1,-1,-1,-1,4,1,E01000472,0
Unvalidated,2024010509136,2024,010509136,1,9,0,18,8,4,0,0,0,0,0,0,4,1,6,2,25,5,-1,-1,-1,-1,-1,-1,-1,0
Unvalidated,2024010509137,2024,010509137,1,9,0,99,9,9,99,9,9,99,9,99,1,9,6,1,18,4,-1,-1,-1,-1,1,1,E01001507,0
Unvalidated,2024010509139,2024,010509139,1,3,0,99,9,9,99,9,9,99,9,99,1,1,1,1,39,7,-1,-1,-1,-1,3,1,E01002646,0
Unvalidated,2024010509139,2024,010509139,2,9,0,99,9,9,99,9,9,99,9,99,1,9,6,3,-1,-1,-1,-1,-1,-1,-1,-1,-1,0
Unvalidated,2024010509140,2024,010509140,1,11,0,7,3,6,2,0,0,0,0,0,0,1,1,1,64,9,-1,-1,-1,-1,-1,-1,-1,0
Unvalidated,2024010509141,2024,010509141,1,9,0,18,5,1,0,0,1,0,0,0,0,1,6,2,27,6,-1,-1,-1,-1,-1,-1,-1,0
Unvalidated,2024010509141,2024,010509141,2,9,0,18,5,1,0,0,1,0,1,0,1,1,6,1,31,6,-1,-1,-1,-1,-1,-1,-1,0
Unvalidated,2024010509142,2024,010509142,1,9,0,18,1,5,0,1,0,0,0,0,3,1,6,2,38,7,-1,-1,-1,-1,2,1,E01001181,0
Unvalidated,2024010509142,2024,010509142,2,4,0,18,5,1,0,3,0,0,0,0,1,1,6,1,57,9,-1,-1,-1,-1,1,1,E01004541,0
Unvalidated,2024010509144,2024,010509144,1,98,0,99,9,9,99,9,9,99,9,99,2,9,6,1,29,6,-1,-1,-1,-1,3,1,E01003068,0
Unvalidated,2024010509144,2024,010509144,2,9,9,99,9,9,99,3,9,99,9,99,9,9,6,3,-1,-1,-1,-1,-1,-1,-1,-1,-1,0
Unvalidated,2024010509160,2024,010509160,1,9,0,18,1,5,0,6,0,0,0,0,1,1,6,1,33,6,-1,-1,-1,-1,3,1,E01004458,0
Unvalidated,2024010509160,2024,010509160,2,1,0,18,7,3,0,6,0,0,0,0,1,1,4,1,14,3,-1,-1,-1,-1,5,1,E01004461,0
Unvalidated,2024010509169,2024,010509169,1,9,0,7,5,8,0,1,0,0,0,0,4,1,6,1,33,6,-1,-1,-1,-1,6,1,E01030699,0
Unvalidated,2024010509169,2024,010509169,2,1,0,18,5,1,0,1,0,0,0,0,4,1,2,1,23,5,-1,-1,-1,-1,5,1,E01001088,0
Unvalidated,2024010509170,2024,010509170,1,9,9,18,9,9,99,9,9,99,9,99,9,9,6,3,43,7,-1,-1,-1,-1,5,1,E01000299,0
Unvalidated,2024010509170,2024,010509170,2,9,9,9,9,9,99,9,9,99,9,99,9,9,6,3,-1,-1,-1,-1,-1,-1,9,1,E01000202,0
Unvalidated,2024010509171,2024,010509171,1,3,9,99,9,9,99,9,9,99,9,99,1,1,1,1,33,6,-1,-1,-1,-1,4,1,E01001435,0
Unvalidated,2024010509171,2024,010509171,2,9,9,99,9,9,99,9,9,99,9,99,2,9,6,3,-1,-1,-1,-1,-1,-1,-1,-1,-1,0
Unvalidated,2024010509178,2024,010509178,1,9,0,9,1,6,0,8,0,0,0,0,3,1,6,1,26,6,-1,-1,-1,-1,4,1,E01021461,0
Unvalidated,2024010509178,2024,010509178,2,9,0,5,7,3,0,2,0,0,0,0,1,1,6,2,34,6,-1,-1,-1,-1,8,1,E01002334,0
Unvalidated,2024010509184,2024,010509184,1,9,0,18,3,7,0,8,0,0,0,0,1,1,6,2,48,8,-1,-1,-1,-1,-1,-1,-1,0
Unvalidated,2024010509184,2024,010509184,2,9,0,18,5,1,0,8,0,0,0,0,3,1,6,1,41,7,-1,-1,-1,-1,5,1,E01000664,0
Unvalidated,2024010509185,2024,010509185,1,3,0,99,9,9,99,9,9,99,9,99,1,1,6,1,29,6,-1,-1,-1,-1,2,1,E01003599,0
Unvalidated,2024010509185,2024,010509185,2,19,0,99,9,9,99,9,9,99,9,99,2,9,6,3,-1,-1,-1,-1,-1,-1,-1,-1,-1,0
Unvalidated,2024010509188,2024,010509188,1,3,0,99,9,9,99,9,9,99,9,99,1,1,2,2,19,4,-1,-1,-1,-1,2,1,E01001576,0
Unvalidated,2024010509188,2024,010509188,2,9,0,99,9,9,99,9,9,99,9,99,9,9,6,3,48,8,-1,-1,-1,-1,6,1,E01024152,0
Unvalidated,2024010509196,2024,010509196,1,9,0,2,0,0,9,0,0,0,0,0,3,1,6,3,-1,-1,-1,-1,-1,-1,-1,-1,-1,0
Unvalidated,2024010509196,2024,010509196,2,1,0,18,1,5,0,0,0,8,0,0,1,1,2,1,44,7,-1,-1,-1,-1,8,3,E01027297,0
Unvalidated,2024010509197,2024,010509197,1,4,0,99,9,9,99,9,9,99,9,99,1,1,1,1,27,6,-1,-1,-1,-1,1,1,E01001559,0
Unvalidated,2024010509197,2024,010509197,2,9,0,99,9,9,99,9,9,99,9,99,1,9,6,3,-1,-1,-1,-1,-1,-1,-1,-1,-1,0
Unvalidated,2024010509198,2024,010509198,1,9,0,99,9,9,99,9,9,99,9,99,9,9,6,1,28,6,-1,-1,-1,-1,3,1,E01003997,0
Unvalidated,2024010509198,2024,010509198,2,9,0,99,9,9,99,9,9,99,9,99,1,9,6,1,73,10,-1,-1,-1,-1,6,1,E01003786,0
Unvalidated,2024010509202,2024,010509202,1,9,0,12,1,5,0,8,0,0,0,0,1,1,2,1,66,10,-1,-1,-1,-1,6,1,E01004726,0
Unvalidated,2024010509202,2024,010509202,2,5,0,16,1,5,0,3,5,0,0,0,2,1,2,1,39,7,-1,-1,-1,-1,8,1,E01032609,0
Unvalidated,2024010509205,2024,010509205,1,3,0,99,9,9,99,9,9,99,9,99,1,1,1,3,34,6,-1,-1,-1,-1,4,1,E01004142,0
Unvalidated,2024010509205,2024,010509205,2,9,9,99,9,9,99,9,9,99,9,99,9,9,6,3,-1,-1,-1,-1,-1,-1,-1,-1,-1,0
Unvalidated,2024010509206,2024,010509206,1,4,0,4,7,3,0,0,0,0,0,0,1,1,6,1,40,7,-1,-1,-1,-1,-1,-1,-1,0
Unvalidated,2024010509206,2024,010509206,2,9,0,7,3,6,0,0,0,0,0,0,1,1,6,2,81,11,-1,-1,-1,-1,5,3,E01028864,0
Unvalidated,2024010509208,2024,010509208,1,11,0,3,7,3,0,1,0,0,0,0,0,1,6,1,40,7,-1,-1,-1,-1,3,1,E01001243,0
Unvalidated,2024010509210,2024,010509210,1,11,0,18,3,7,0,1,0,0,0,0,0,1,1,2,66,10,-1,-1,-1,-1,1,1,E01003347,0
Unvalidated,2024010509217,2024,010509217,1,3,0,99,9,9,99,9,9,99,9,99,1,1,1,1,28,6,-1,-1,-1,-1,3,1,E01003209,0
Unvalidated,2024010509217,2024,010509217,2,9,0,99,9,9,99,9,9,99,9,99,9,9,6,3,67,10,-1,-1,-1,-1,2,1,E01003991,0
Unvalidated,2024010509218,2024,010509218,1,19,0,18,7,3,0,1,0,0,0,0,0,1,2,1,26,6,-1,-1,-1,-1,7,1,E01021336,0
Unvalidated,2024010509218,2024,010509218,2,2,0,18,7,3,0,1,0,0,0,0,4,1,6,1,40,7,-1,-1,-1,-1,2,1,E01000023,0
Unvalidated,2024010509220,2024,010509220,1,90,9,99,9,9,99,9,9,99,9,99,9,9,6,3,-1,-1,-1,-1,-1,-1,-1,-1,-1,1
Unvalidated,2024010509222,2024,010509222,1,9,0,99,9,9,99,9,9,99,9,99,9,9,6,1,42,7,-1,-1,-1,-1,5,1,E01003222,0
Unvalidated,2024010509222,2024,010509222,2,3,0,99,9,9,99,9,9,99,9,99,1,1,6,3,-1,-1,-1,-1,-1,-1,-1,-1,-1,0
Unvalidated,2024010509229,2024,010509229,1,9,9,3,5,1,0,9,9,0,0,0,9,1,6,1,-1,-1,-1,-1,-1,-1,-1,-1,-1,0
Unvalidated,2024010509234,2024,010509234,1,1,9,99,9,9,99,9,9,99,9,99,9,1,6,1,26,6,-1,-1,-1,-1,3,1,E01003992,0
Unvalidated,2024010509234,2024,010509234,2,9,0,99,9,9,99,9,9,99,9,99,1,9,6,1,51,8,-1,-1,-1,-1,2,1,E01004226,0
Unvalidated,2024010509236,2024,010509236,1,9,0,99,9,9,0,1,0,0,0,0,9,1,6,3,-1,-1,-1,-1,-1,-1,-1,-1,-1,0
Unvalidated,2024010509240,2024,010509240,1,3,0,99,9,9,99,9,9,99,9,99,9,1,1,1,24,5,-1,-1,-1,-1,7,1,E01003794,0
Unvalidated,2024010509240,2024,010509240,2,9,0,99,9,9,99,9,9,99,9,99,9,9,6,3,-1,-1,-1,-1,-1,-1,-1,-1,-1,0
Unvalidated,2024010509243,2024,010509243,1,9,0,99,9,9,99,9,9,99,9,99,1,9,2,1,55,8,-1,-1,-1,-1,6,1,E01015937,0
Unvalidated,2024010509243,2024,010509243,2,9,0,99,9,9,99,9,9,99,9,99,9,9,6,3,-1,-1,-1,-1,-1,-1,8,1,E01002348,0
Unvalidated,2024010509243,2024,010509243,3,9,9,99,9,9,99,9,9,99,9,99,9,9,6,3,-1,-1,-1,-1,-1,-1,-1,-1,-1,0
Unvalidated,2024010509253,2024,010509253,1,1,9,14,9,9,99,9,9,99,9,99,9,1,6,1,49,8,-1,-1,-1,-1,9,1,E01000205,0
Unvalidated,2024010509253,2024,010509253,2,9,0,5,9,9,99,9,9,99,9,99,1,2,6,2,-1,-1,-1,-1,-1,-1,-1,-1,-1,0
Unvalidated,2024010509255,2024,010509255,1,3,0,99,9,9,99,9,9,99,9,99,1,1,2,1,22,5,-1,-1,-1,-1,2,1,E01004284,0
Unvalidated,2024010509255,2024,010509255,2,19,9,99,9,9,99,9,9,99,9,99,1,9,6,3,-1,-1,-1,-1,-1,-1,-1,-1,-1,0
Unvalidated,2024010509259,2024,010509259,1,19,0,18,3,7,0,4,0,0,0,0,1,1,6,1,68,10,-1,-1,-1,-1,6,1,E01003738,0
Unvalidated,2024010509259,2024,010509259,2,2,0,5,5,1,0,3,0,0,0,0,1,1,6,3,24,5,-1,-1,-1,-1,-1,-1,-1,0
Unvalidated,2024010509259,2024,010509259,3,9,0,3,1,5,0,1,0,0,0,0,3,1,2,1,48,8,-1,-1,-1,-1,5,1,E01003772,0
Unvalidated,2024010509261,2024,010509261,1,9,0,4,5,1,7,0,0,0,1,0,2,2,6,2,34,6,-1,-1,-1,-1,6,1,E01015937,0
Unvalidated,2024010509261,2024,010509261,2,9,0,18,5,1,0,0,0,4,0,0,2,2,6,2,82,11,-1,-1,-1,-1,6,3,E01002296,0
Unvalidated,2024010509262,2024,010509262,1,1,9,99,9,9,99,9,9,99,9,99,1,1,6,3,-1,-1,-1,-1,-1,-1,-1,-1,-1,0