status,collision_index,collision_year,collision_reference,vehicle_reference,vehicle_type,towing_and_articulation,vehicle_manoeuvre,vehicle_direction_from,vehicle_direction_to,vehicle_location_restricted_lane,junction_location,skidding_and_overturning,hit_object_in_carriageway,vehicle_leaving_carriageway,hit_object_off_carriageway,first_point_of_impact,vehicle_left_hand_drive,journey_purpose_of_driver,sex_of_driver,age_of_driver,age_band_of_driver,engine_capacity_cc,propulsion_code,age_of_vehicle,generic_make_model,driver_imd_decile,driver_home_area_type,lsoa_of_driver,escooter_flag
Unvalidated,2024010509264,2024,010509264,1,1,0,18,1,5,4,0,0,0,0,0,0,1,6,2,43,7,-1,-1,-1,-1,9,1,E01030317,0
Unvalidated,2024010509267,2024,010509267,1,9,0,18,1,5,0,6,0,0,0,0,1,1,6,2,55,8,-1,-1,-1,-1,9,1,E01001018,0
Unvalidated,2024010509267,2024,010509267,2,90,0,18,5,1,0,8,0,0,0,0,1,1,6,1,14,3,-1,-1,-1,-1,4,1,E01001182,0
Unvalidated,2024010509268,2024,010509268,1,9,0,9,7,4,0,1,0,0,0,0,0,1,6,2,38,7,-1,-1,-1,-1,7,1,E01003395,0
Unvalidated,2024010509268,2024,010509268,2,90,0,18,3,7,9,1,0,0,0,0,1,1,4,1,12,3,-1,-1,-1,-1,7,1,E01003370,1
Unvalidated,2024010509269,2024,010509269,1,4,0,18,3,7,0,8,0,0,0,0,1,1,6,1,29,6,-1,-1,-1,-1,8,1,E01001046,0
Unvalidated,2024010509269,2024,010509269,2,9,0,18,7,3,0,8,0,0,0,0,1,1,6,3,-1,-1,-1,-1,-1,-1,-1,-1,-1,0
Unvalidated,2024010509277,2024,010509277,1,9,0,99,9,9,99,9,9,99,9,99,9,9,6,2,35,6,-1,-1,-1,-1,1,1,E01004222,0
Unvalidated,2024010509277,2024,010509277,2,9,0,99,9,9,99,9,9,99,9,99,1,9,6,3,-1,-1,-1,-1,-1,-1,-1,-1,-1,0
Unvalidated,2024010509278,2024,010509278,1,9,0,99,9,9,99,9,9,99,9,99,9,9,6,1,38,7,-1,-1,-1,-1,2,1,E01002767,0
Unvalidated,2024010509278,2024,010509278,2,9,0,99,9,9,99,9,9,99,9,99,9,9,6,3,24,5,-1,-1,-1,-1,1,1,E01033456,0
Unvalidated,2024010509281,2024,010509281,1,8,0,3,5,1,0,0,0,0,0,0,1,1,1,1,54,8,-1,-1,-1,-1,3,1,E01003154,0
Unvalidated,2024010509281,2024,010509281,2,2,0,14,3,7,0,0,0,0,0,0,1,1,6,1,19,4,-1,-1,-1,-1,-1,-1,-1,0
Unvalidated,2024010509284,2024,010509284,1,23,0,99,9,9,99,9,9,11,9,99,9,1,2,1,42,7,-1,-1,-1,-1,3,1,E01003193,0
Unvalidated,2024010509285,2024,010509285,1,9,0,18,7,3,0,4,0,0,0,0,1,1,6,2,37,7,-1,-1,-1,-1,3,1,E01000381,0
Unvalidated,2024010509285,2024,010509285,2,9,0,5,1,5,0,4,0,0,0,0,4,1,6,2,61,9,-1,-1,-1,-1,2,1,E01003310,0
Unvalidated,2024010509288,2024,010509288,1,9,0,12,1,5,0,1,0,0,0,0,1,1,6,2,29,6,-1,-1,-1,-1,3,1,E01016044,0
Unvalidated,2024010509288,2024,010509288,2,5,0,13,1,5,0,1,2,0,0,0,1,1,2,1,57,9,-1,-1,-1,-1,5,1,E01003951,0
Unvalidated,2024010509288,2024,010509288,3,9,0,3,1,5,0,1,0,0,0,0,2,1,6,1,60,9,-1,-1,-1,-1,2,1,E01003973,0
Unvalidated,2024010509289,2024,010509289,1,3,0,99,9,9,99,9,9,99,9,99,9,1,2,1,32,6,-1,-1,-1,-1,3,1,E01003099,0
Unvalidated,2024010509289,2024,010509289,2,3,0,99,9,9,99,9,9,99,9,99,1,9,6,3,-1,-1,-1,-1,-1,-1,3,1,E01003014,0
Unvalidated,2024010509292,2024,010509292,1,11,0,3,1,5,2,1,0,0,0,0,3,1,1,1,67,10,-1,-1,-1,-1,5,1,E01003741,0
Unvalidated,2024010509292,2024,010509292,2,3,0,18,1,5,0,1,0,4,0,0,1,1,6,1,22,5,-1,-1,-1,-1,3,1,E01003605,0
Unvalidated,2024010509292,2024,010509292,3,9,0,18,1,5,0,1,0,0,0,0,4,1,6,2,23,5,-1,-1,-1,-1,2,1,E01000017,0
Unvalidated,2024010509292,2024,010509292,4,9,0,18,1,5,0,1,0,0,0,0,1,1,1,1,57,9,-1,-1,-1,-1,3,1,E01000092,0
Unvalidated,2024010509293,2024,010509293,1,11,0,4,1,5,0,4,0,0,0,0,0,1,1,1,24,5,-1,-1,-1,-1,1,1,E01002093,0
Unvalidated,2024010509301,2024,010509301,1,9,0,6,7,7,0,0,0,0,0,0,1,1,6,1,72,10,-1,-1,-1,-1,-1,-1,-1,0
Unvalidated,2024010509301,2024,010509301,2,9,0,18,7,3,0,0,0,0,0,0,1,1,1,1,44,7,-1,-1,-1,-1,7,1,E01004609,0
Unvalidated,2024010509307,2024,010509307,1,1,9,99,9,9,99,9,9,99,9,99,1,1,6,1,44,7,-1,-1,-1,-1,8,1,E01004386,0
Unvalidated,2024010509307,2024,010509307,2,9,0,99,9,9,99,9,9,99,9,99,9,9,6,2,-1,-1,-1,-1,-1,-1,8,1,E01021333,0
Unvalidated,2024010509322,2024,010509322,1,3,0,99,9,9,99,9,9,99,9,99,9,1,6,1,28,6,-1,-1,-1,-1,3,1,E01003635,0
Unvalidated,2024010509322,2024,010509322,2,1,9,99,9,9,99,9,9,99,9,99,1,1,6,3,-1,-1,-1,-1,-1,-1,-1,-1,-1,0
Unvalidated,2024010509323,2024,010509323,1,19,0,5,1,5,0,2,0,0,0,0,1,1,2,1,34,6,-1,-1,-1,-1,6,1,E01024340,0
Unvalidated,2024010509325,2024,010509325,1,9,0,18,5,1,0,0,0,10,0,0,4,1,6,2,85,11,-1,-1,-1,-1,-1,-1,-1,0
Unvalidated,2024010509325,2024,010509325,2,9,0,18,1,5,0,0,0,0,0,0,3,1,6,2,21,5,-1,-1,-1,-1,6,1,E01000318,0
Unvalidated,2024010509325,2024,010509325,3,9,0,2,0,0,0,0,0,0,0,0,1,1,6,3,-1,-1,-1,-1,-1,-1,-1,-1,-1,0
Unvalidated,2024010509326,2024,010509326,1,1,0,18,3,7,0,5,0,0,0,0,1,1,6,1,25,5,-1,-1,-1,-1,3,1,E01003942,0
Unvalidated,2024010509326,2024,010509326,2,9,0,18,3,7,0,1,0,0,0,0,1,1,6,3,-1,-1,-1,-1,-1,-1,-1,-1,-1,0
Unvalidated,2024010509328,2024,010509328,1,9,0,18,1,5,0,0,0,0,0,0,1,1,6,2,50,8,-1,-1,-1,-1,2,1,E01001143,0
Unvalidated,2024010509328,2024,010509328,2,3,0,18,1,5,0,0,0,0,0,0,1,1,6,1,29,6,-1,-1,-1,-1,2,1,E01001143,0
Unvalidated,2024010509337,2024,010509337,1,19,0,9,3,1,0,1,0,0,0,0,1,1,1,1,34,6,-1,-1,-1,-1,5,1,E01003433,0
Unvalidated,2024010509337,2024,010509337,2,3,0,13,1,5,0,1,0,0,0,0,4,1,6,1,26,6,-1,-1,-1,-1,4,1,E01004484,0
Unvalidated,2024010509338,2024,010509338,1,9,0,18,1,5,0,4,5,0,7,2,1,1,6,1,26,6,-1,-1,-1,-1,4,1,E01003492,0
Unvalidated,2024010509338,2024,010509338,2,9,0,7,4,6,0,4,0,0,0,0,1,1,6,1,40,7,-1,-1,-1,-1,4,1,E01015957,0
Unvalidated,2024010509339,2024,010509339,1,1,9,99,9,9,99,0,9,99,9,99,9,1,6,1,19,4,-1,-1,-1,-1,3,1,E01003605,0
Unvalidated,2024010509339,2024,010509339,2,9,0,99,9,9,99,0,9,99,9,99,9,9,6,3,-1,-1,-1,-1,-1,-1,-1,-1,-1,0
Unvalidated,2024010509341,2024,010509341,1,1,9,18,6,2,4,6,9,0,0,0,1,1,2,2,47,8,-1,-1,-1,-1,2,1,E01004033,0
Unvalidated,2024010509341,2024,010509341,2,9,9,18,6,2,99,5,9,99,1,99,1,9,6,3,-1,-1,-1,-1,-1,-1,-1,-1,-1,0
Unvalidated,2024010509342,2024,010509342,1,8,0,99,9,9,99,9,9,99,9,99,9,1,1,1,33,6,-1,-1,-1,-1,3,1,E01002185,0
Unvalidated,2024010509342,2024,010509342,2,19,0,99,9,9,99,9,9,99,9,99,1,1,6,3,-1,-1,-1,-1,-1,-1,9,1,E01002483,0
Unvalidated,2024010509343,2024,010509343,1,9,0,4,3,7,0,2,0,0,0,0,1,1,6,2,56,9,-1,-1,-1,-1,4,1,E01023574,0
Unvalidated,2024010509343,2024,010509343,2,9,0,18,7,3,0,1,0,0,0,0,2,1,2,2,45,7,-1,-1,-1,-1,8,1,E01000261,0
Unvalidated,2024010509343,2024,010509343,3,3,0,18,7,3,0,1,0,0,0,0,1,1,2,1,18,4,-1,-1,-1,-1,6,1,E01000231,0
Unvalidated,2024010509345,2024,010509345,1,3,9,99,9,9,99,9,9,99,9,99,1,1,1,1,27,6,-1,-1,-1,-1,3,1,E01033422,0
Unvalidated,2024010509345,2024,010509345,2,9,9,99,9,9,99,9,9,99,9,99,1,9,6,1,27,6,-1,-1,-1,-1,8,1,E01003138,0
Unvalidated,2024010509349,2024,010509349,1,1,0,18,5,1,3,1,0,0,0,0,1,1,1,1,29,6,-1,-1,-1,-1,4,1,E01004551,0
Unvalidated,2024010509353,2024,010509353,1,9,0,8,4,5,0,1,0,0,0,0,1,1,3,2,25,5,-1,-1,-1,-1,-1,-1,-1,0
Unvalidated,2024010509353,2024,010509353,2,9,0,18,7,3,0,2,0,0,0,0,4,1,1,2,28,6,-1,-1,-1,-1,1,1,E01003047,0
Unvalidated,2024010509362,2024,010509362,1,5,0,18,4,8,0,1,0,0,0,0,0,1,6,1,24,5,-1,-1,-1,-1,2,1,E01001625,0
Unvalidated,2024010509362,2024,010509362,2,19,0,9,3,8,0,6,0,0,0,0,0,1,1,1,35,6,-1,-1,-1,-1,9,1,E01023993,0
Unvalidated,2024010509364,2024,010509364,1,5,0,18,5,1,0,2,0,0,0,0,1,1,6,1,30,6,-1,-1,-1,-1,3,1,E01001769,0
Unvalidated,2024010509366,2024,010509366,1,3,0,5,3,7,0,1,5,0,0,0,3,1,2,1,23,5,-1,-1,-1,-1,7,1,E01003820,0
Unvalidated,2024010509366,2024,010509366,2,1,0,18,1,5,0,8,5,0,0,0,4,1,6,1,50,8,-1,-1,-1,-1,7,1,E01001290,0
Unvalidated,2024010509370,2024,010509370,1,11,9,99,9,9,99,9,9,99,9,99,9,9,6,3,-1,-1,-1,-1,-1,-1,-1,-1,-1,0
Unvalidated,2024010509371,2024,010509371,1,9,0,99,9,9,99,9,9,99,9,99,2,9,6,2,25,5,-1,-1,-1,-1,9,1,E01003466,0
Unvalidated,2024010509373,2024,010509373,1,9,0,18,5,1,0,1,0,0,0,0,0,1,6,3,-1,-1,-1,-1,-1,-1,-1,-1,-1,0
Unvalidated,2024010509374,2024,010509374,1,19,0,18,3,7,0,6,0,0,0,0,1,1,2,1,30,6,-1,-1,-1,-1,-1,-1,-1,0
Unvalidated,2024010509374,2024,010509374,2,1,0,12,3,7,0,1,0,0,0,0,1,1,4,1,16,4,-1,-1,-1,-1,2,1,E01003097,0
Unvalidated,2024010509375,2024,010509375,1,9,0,99,9,9,99,9,9,99,9,99,2,9,6,2,28,6,-1,-1,-1,-1,5,1,E01000338,0
Unvalidated,2024010509375,2024,010509375,2,9,0,99,9,9,99,9,9,99,9,99,0,9,6,3,-1,-1,-1,-1,-1,-1,4,1,E01000405,0
Unvalidated,2024010509378,2024,010509378,1,9,0,99,9,9,99,9,9,99,9,99,9,9,6,1,34,6,-1,-1,-1,-1,3,1,E01002028,0
Unvalidated,2024010509382,2024,010509382,1,4,0,18,9,9,99,0,9,99,9,99,1,1,6,1,24,5,-1,-1,-1,-1,6,1,E01002640,0
Unvalidated,2024010509382,2024,010509382,2,9,0,13,9,9,99,0,9,99,9,99,1,9,6,3,-1,-1,-1,-1,-1,-1,-1,-1,-1,0
Unvalidated,2024010509384,2024,010509384,1,3,0,99,9,9,99,9,9,99,9,99,9,1,1,2,32,6,-1,-1,-1,-1,4,1,E01003147,0
Unvalidated,2024010509384,2024,010509384,2,9,0,99,9,9,99,9,9,99,9,99,9,9,6,3,-1,-1,-1,-1,-1,-1,-1,-1,-1,0
Unvalidated,2024010509385,2024,010509385,1,3,9,99,9,9,99,9,9,99,9,99,9,1,1,1,19,4,-1,-1,-1,-1,2,1,E01033148,0
Unvalidated,2024010509385,2024,010509385,2,9,9,99,9,9,99,9,9,99,9,99,9,9,6,3,-1,-1,-1,-1,-1,-1,-1,-1,-1,0
Unvalidated,2024010509386,2024,010509386,1,3,0,99,9,9,99,9,9,99,9,99,9,1,6,3,30,6,-1,-1,-1,-1,1,1,E01033456,0
Unvalidated,2024010509386,2024,010509386,2,9,0,99,9,9,99,9,9,99,9,99,9,9,6,3,-1,-1,-1,-1,-1,-1,-1,-1,-1,0
Unvalidated,2024010509393,2024,010509393,1,3,0,99,9,9,99,9,9,99,9,99,1,1,1,3,33,6,-1,-1,-1,-1,3,2,E01002313,0
Unvalidated,2024010509393,2024,010509393,2,9,0,99,9,9,99,9,9,99,9,99,1,9,6,3,-1,-1,-1,-1,-1,-1,-1,-1,-1,0
Unvalidated,2024010509400,2024,010509400,1,4,9,99,9,9,99,9,9,99,9,99,9,1,6,1,-1,-1,-1,-1,-1,-1,-1,-1,-1,0
Unvalidated,2024010509408,2024,010509408,1,19,0,18,3,7,0,0,0,0,0,0,1,1,1,1,30,6,-1,-1,-1,-1,4,1,E01004345,0
Unvalidated,2024010509408,2024,010509408,2,2,0,18,7,3,0,0,0,0,0,0,1,1,1,1,27,6,-1,-1,-1,-1,3,1,E01004397,0
Unvalidated,2024010509409,2024,010509409,1,5,0,13,6,2,0,1,0,0,0,0,1,1,6,1,52,8,-1,-1,-1,-1,10,1,E01030922,0
Unvalidated,2024010509409,2024,010509409,2,9,0,9,6,3,0,8,0,0,0,0,1,1,3,2,42,7,-1,-1,-1,-1,5,1,E01001881,0
Unvalidated,2024010509411,2024,010509411,1,1,9,99,9,9,99,1,9,99,9,99,9,1,6,1,26,6,-1,-1,-1,-1,8,1,E01004480,0
Unvalidated,2024010509411,2024,010509411,2,8,0,99,9,9,99,5,9,99,9,99,9,9,6,3,-1,-1,-1,-1,-1,-1,-1,-1,-1,0
Unvalidated,2024010509415,2024,010509415,1,1,9,99,9,9,99,9,9,99,9,99,9,1,2,1,35,6,-1,-1,-1,-1,7,3,E01017910,0
Unvalidated,2024010509417,2024,010509417,1,3,0,99,9,9,99,1,9,99,9,99,9,1,2,1,44,7,-1,-1,-1,-1,9,1,E01024143,0
Unvalidated,2024010509417,2024,010509417,2,9,0,99,9,9,99,6,9,99,9,99,9,9,6,3,-1,-1,-1,-1,-1,-1,-1,-1,-1,0
Unvalidated,2024010509420,2024,010509420,1,9,0,5,5,1,0,1,0,0,0,0,0,1,1,1,32,6,-1,-1,-1,-1,8,1,E01000426,0
Unvalidated,2024010509421,2024,010509421,1,8,0,18,5,1,0,8,0,0,0,0,3,2,1,1,67,10,-1,-1,-1,-1,4,1,E01031562,0
Unvalidated,2024010509424,2024,010509424,1,3,0,18,1,5,0,1,0,0,0,0,1,1,6,1,18,4,-1,-1,-1,-1,-1,-1,-1,0
Unvalidated,2024010509424,2024,010509424,2,9,0,18,7,3,0,1,0,0,0,0,4,1,1,1,32,6,-1,-1,-1,-1,4,1,E01004750,0
Unvalidated,2024010509427,2024,010509427,1,11,0,18,5,1,0,1,0,0,0,0,0,1,1,1,58,9,-1,-1,-1,-1,2,1,E01002003,0
Unvalidated,2024010509430,2024,010509430,1,19,0,1,3,7,0,6,0,0,0,0,2,1,6,3,-1,-1,-1,-1,-1,-1,-1,-1,-1,0
Unvalidated,2024010509431,2024,010509431,1,9,0,18,1,5,0,1,0,0,0,0,1,1,6,3,-1,-1,-1,-1,-1,-1,-1,-1,-1,0
Unvalidated,2024010509431,2024,010509431,2,1,5,18,3,7,0,8,0,0,0,0,4,1,1,1,43,7,-1,-1,-1,-1,2,1,E01003321,0
Unvalidated,2024010509433,2024,010509433,1,11,0,18,5,1,0,1,0,10,0,0,1,1,1,3,74,10,-1,-1,-1,-1,-1,-1,-1,0
Unvalidated,2024010509433,2024,010509433,2,1,0,18,5,1,0,3,0,10,0,0,1,1,6,1,53,8,-1,-1,-1,-1,5,1,E01000337,0
Unvalidated,2024010509440,2024,010509440,1,9,5,18,6,2,0,1,0,0,0,0,1,1,6,1,43,7,-1,-1,-1,-1,-1,-1,-1,0
Unvalidated,2024010509440,2024,010509440,2,9,0,18,2,6,0,1,0,0,0,0,1,1,1,1,43,7,-1,-1,-1,-1,5,1,E01002229,0
Unvalidated,2024010509440,2024,010509440,3,20,0,18,6,2,0,1,0,0,0,0,2,1,1,1,36,7,-1,-1,-1,-1,4,1,E01002236,0
Unvalidated,2024010509442,2024,010509442,1,1,9,99,9,9,99,9,9,99,9,99,9,1,2,1,32,6,-1,-1,-1,-1,9,1,E01022654,0
Unvalidated,2024010509445,2024,010509445,1,9,0,18,7,3,0,8,0,0,0,0,1,1,6,1,30,6,-1,-1,-1,-1,-1,-1,-1,0
Unvalidated,2024010509445,2024,010509445,2,9,0,18,7,3,0,8,0,0,0,0,2,1,6,1,67,10,-1,-1,-1,-1,-1,1,-1,0
Unvalidated,2024010509449,2024,010509449,1,1,9,99,9,9,99,9,9,99,9,99,9,1,6,1,30,6,-1,-1,-1,-1,6,1,E01032768,0
Unvalidated,2024010509451,2024,010509451,1,9,0,9,1,8,0,5,0,0,0,0,1,1,6,2,53,8,-1,-1,-1,-1,3,1,E01003102,0
Unvalidated,2024010509451,2024,010509451,2,5,0,18,5,1,0,5,0,0,0,0,1,1,6,1,32,6,-1,-1,-1,-1,5,1,E01030640,0
Unvalidated,2024010509452,2024,010509452,1,3,0,99,9,9,99,9,9,99,9,99,9,1,1,3,25,5,-1,-1,-1,-1,1,1,E01002041,0
Unvalidated,2024010509452,2024,010509452,2,9,0,99,9,9,99,9,9,99,9,99,9,9,6,3,-1,-1,-1,-1,-1,-1,-1,-1,-1,0
Unvalidated,2024010509458,2024,010509458,1,11,0,18,5,1,0,0,0,0,0,0,4,1,1,1,20,4,-1,-1,-1,-1,4,1,E01000235,0
Unvalidated,2024010509463,2024,010509463,1,4,0,18,1,5,0,2,0,0,0,0,4,1,1,1,34,6,-1,-1,-1,-1,3,1,E01004528,0
Unvalidated,2024010509463,2024,010509463,2,19,0,18,5,1,0,2,0,0,0,0,1,1,2,1,63,9,-1,-1,-1,-1,7,1,E01003476,0
Unvalidated,2024010509468,2024,010509468,1,4,0,15,1,5,0,1,5,0,0,0,1,1,2,2,22,5,-1,-1,-1,-1,8,1,E01003426,0
Unvalidated,2024010509468,2024,010509468,2,9,0,9,1,7,0,5,0,0,0,0,3,1,6,2,61,9,-1,-1,-1,-1,9,1,E01003158,0
Unvalidated,2024010509474,2024,010509474,1,8,0,99,9,9,99,9,9,99,9,99,1,9,6,1,45,7,-1,-1,-1,-1,4,1,E01004294,0
Unvalidated,2024010509476,2024,010509476,1,1,9,99,9,9,99,9,9,99,9,99,1,1,6,3,-1,-1,-1,-1,-1,-1,-1,-1,-1,0
Unvalidated,2024010509478,2024,010509478,1,9,0,9,7,5,5,5,0,0,0,0,4,1,3,2,28,6,-1,-1,-1,-1,2,1,E01004423,0
Unvalidated,2024010509478,2024,010509478,2,1,0,18,2,6,4,1,0,0,0,0,1,1,6,2,51,8,-1,-1,-1,-1,2,1,E01004364,0
Unvalidated,2024010509479,2024,010509479,1,19,0,18,3,7,0,1,0,0,0,0,1,1,2,1,37,7,-1,-1,-1,-1,1,1,E01001798,0
Unvalidated,2024010509479,2024,010509479,2,1,0,7,8,3,0,2,0,0,0,0,1,1,3,1,9,2,-1,-1,-1,-1,2,1,E01001824,0
Unvalidated,2024010509483,2024,010509483,1,9,9,99,9,9,99,9,9,99,9,99,9,9,6,3,32,6,-1,-1,-1,-1,2,1,E01003506,0
Unvalidated,2024010509483,2024,010509483,2,9,9,99,9,9,99,9,9,99,9,99,9,9,6,3,-1,-1,-1,-1,-1,-1,-1,-1,-1,0
Unvalidated,2024010509484,2024,010509484,1,1,0,99,9,9,0,9,0,99,9,99,9,1,6,3,-1,-1,-1,-1,-1,-1,-1,-1,-1,0
Unvalidated,2024010509490,2024,010509490,1,1,9,99,9,9,99,9,9,99,9,99,9,1,6,1,41,7,-1,-1,-1,-1,7,1,E01000364,0
Unvalidated,2024010509490,2024,010509490,2,9,0,99,9,9,99,9,9,99,9,99,9,9,6,3,39,7,-1,-1,-1,-1,9,1,E01024300,0
Unvalidated,2024010509495,2024,010509495,1,9,0,18,5,1,0,1,0,0,0,0,1,1,3,2,45,7,-1,-1,-1,-1,9,1,E01000762,0
Unvalidated,2024010509499,2024,010509499,1,9,0,18,1,5,0,0,0,0,0,0,2,1,6,1,43,7,-1,-1,-1,-1,4,1,E01003645,0
Unvalidated,2024010509499,2024,010509499,2,19,0,18,1,5,0,0,0,0,0,0,1,1,6,1,34,6,-1,-1,-1,-1,4,1,E01003758,0
Unvalidated,2024010509503,2024,010509503,1,9,0,7,5,7,0,5,0,0,0,0,1,2,6,1,24,5,-1,-1,-1,-1,-1,-1,-1,0
Unvalidated,2024010509503,2024,010509503,2,1,0,18,1,5,0,1,0,0,0,0,1,1,2,1,39,7,-1,-1,-1,-1,8,1,E01003818,0
Unvalidated,2024010509504,2024,010509504,1,1,0,18,1,5,0,0,0,0,0,0,1,1,6,1,29,6,-1,-1,-1,-1,5,1,E01004052,0
Unvalidated,2024010509509,2024,010509509,1,9,0,4,5,1,0,1,0,0,0,0,0,1,2,1,38,7,-1,-1,-1,-1,5,1,E01001677,0
Unvalidated,2024010509509,2024,010509509,2,4,0,18,1,5,9,1,0,0,0,0,1,1,6,1,27,6,-1,-1,-1,-1,4,1,E01003308,0
Unvalidated,2024010509509,2024,010509509,3,9,0,5,0,5,9,1,0,0,0,0,1,1,6,2,44,7,-1,-1,-1,-1,2,1,E01003313,0
Unvalidated,2024010509510,2024,010509510,1,1,9,99,9,9,99,9,9,99,9,99,9,1,6,1,41,7,-1,-1,-1,-1,3,1,E01000082,0
Unvalidated,2024010509510,2024,010509510,2,9,0,99,9,9,99,9,9,99,9,99,9,9,6,3,-1,-1,-1,-1,-1,-1,2,1,E01016009,0
Unvalidated,2024010509512,2024,010509512,1,9,0,99,9,9,99,9,9,99,9,99,9,9,6,1,32,6,-1,-1,-1,-1,4,1,E01003662,0
Unvalidated,2024010509512,2024,010509512,2,9,9,18,5,1,0,1,0,0,0,0,1,9,6,1,25,5,-1,-1,-1,-1,4,1,E01003654,0
Unvalidated,2024010509514,2024,010509514,1,9,0,18,5,1,0,0,0,0,0,0,4,1,6,1,22,5,-1,-1,-1,-1,1,1,E01001358,0
Unvalidated,2024010509514,2024,010509514,2,9,0,18,5,1,0,0,0,0,0,0,1,1,6,1,35,6,-1,-1,-1,-1,3,1,E01004563,0
Unvalidated,2024010509516,2024,010509516,1,8,0,4,1,5,0,0,0,0,0,0,2,1,1,1,60,9,-1,-1,-1,-1,9,1,E01030315,0
Unvalidated,2024010509516,2024,010509516,2,1,0,18,1,5,0,0,0,0,0,0,1,1,6,1,27,6,-1,-1,-1,-1,10,1,E01023421,0
Unvalidated,2024010509518,2024,010509518,1,9,0,7,7,1,0,1,0,0,0,0,2,1,6,2,27,6,-1,-1,-1,-1,4,1,E01004414,0
Unvalidated,2024010509519,2024,010509519,1,9,0,5,1,5,0,8,0,0,0,0,4,1,6,1,63,9,-1,-1,-1,-1,4,1,E01002788,0
Unvalidated,2024010509526,2024,010509526,1,3,0,3,3,7,0,1,0,0,0,0,2,1,2,1,38,7,-1,-1,-1,-1,3,1,E01002647,0
Unvalidated,2024010509526,2024,010509526,2,9,0,4,3,7,0,1,0,0,0,0,1,1,2,1,35,6,-1,-1,-1,-1,4,1,E01016391,0
Unvalidated,2024010509529,2024,010509529,1,9,0,18,3,7,0,0,0,0,0,0,1,1,6,2,24,5,-1,-1,-1,-1,2,1,E01000078,0
Unvalidated,2024010509531,2024,010509531,1,4,0,18,5,1,0,1,0,0,0,0,1,1,1,1,21,5,-1,-1,-1,-1,8,1,E01030920,0
Unvalidated,2024010509531,2024,010509531,2,9,0,9,8,5,0,2,0,0,0,0,3,1,6,1,66,10,-1,-1,-1,-1,3,1,E01000642,0
Unvalidated,2024010509533,2024,010509533,1,4,0,18,4,8,0,1,0,0,0,0,1,1,6,1,24,5,-1,-1,-1,-1,3,1,E01001391,0
Unvalidated,2024010509533,2024,010509533,2,9,0,1,4,8,0,1,0,0,0,0,2,1,6,2,71,10,-1,-1,-1,-1,7,1,E01023679,0
Unvalidated,2024010509535,2024,010509535,1,9,0,6,1,1,0,0,0,0,0,0,3,1,6,1,49,8,-1,-1,-1,-1,1,1,E01001955,0
Unvalidated,2024010509535,2024,010509535,2,5,0,18,1,5,0,0,0,0,0,0,1,1,6,1,24,5,-1,-1,-1,-1,-1,-1,-1,0
Unvalidated,2024010509536,2024,010509536,1,9,0,18,3,7,0,0,0,0,0,0,1,1,6,1,42,7,-1,-1,-1,-1,4,1,E01003776,0
Unvalidated,2024010509536,2024,010509536,2,3,0,18,3,7,0,0,0,0,0,0,2,1,6,1,23,5,-1,-1,-1,-1,-1,-1,-1,0
Unvalidated,2024010509537,2024,010509537,1,9,0,9,3,1,0,8,0,0,0,0,1,1,6,1,18,4,-1,-1,-1,-1,3,1,E01002429,0
Unvalidated,2024010509537,2024,010509537,2,1,0,18,1,5,0,8,0,0,0,0,4,1,6,1,46,8,-1,-1,-1,-1,9,1,E01001224,0
Unvalidated,2024010509539,2024,010509539,1,5,0,18,1,5,0,8,0,0,1,0,1,1,6,1,25,5,-1,-1,-1,-1,9,1,E01003418,0
Unvalidated,2024010509543,2024,010509543,1,3,0,99,9,9,99,9,9,99,9,99,1,1,1,1,34,6,-1,-1,-1,-1,4,1,E01003530,0
Unvalidated,2024010509543,2024,010509543,2,9,0,99,9,9,99,9,9,99,9,99,2,9,6,3,-1,-1,-1,-1,-1,-1,-1,-1,-1,0
Unvalidated,2024010509546,2024,010509546,1,9,0,5,1,5,0,3,0,0,0,0,1,1,6,1,72,10,-1,-1,-1,-1,4,1,E01002893,0
Unvalidated,2024010509546,2024,010509546,2,19,0,3,1,5,0,2,0,0,0,0,2,1,1,1,57,9,-1,-1,-1,-1,4,2,E01015948,0
Unvalidated,2024010509551,2024,010509551,1,9,0,18,3,7,0,2,0,0,0,0,4,1,6,1,44,7,-1,-1,-1,-1,4,1,E01001148,0
Unvalidated,2024010509551,2024,010509551,2,1,0,7,7,1,0,2,2,0,0,0,1,1,1,1,25,5,-1,-1,-1,-1,2,1,E01001011,0
Unvalidated,2024010509554,2024,010509554,1,9,0,9,6,3,0,0,0,0,0,0,4,1,6,1,32,6,-1,-1,-1,-1,1,1,E01003087,0
Unvalidated,2024010509554,2024,010509554,2,1,0,18,2,6,0,0,0,0,0,0,1,1,6,1,45,7,-1,-1,-1,-1,6,1,E01001522,0
Unvalidated,2024010509555,2024,010509555,1,9,0,4,7,3,9,0,0,0,1,10,1,1,1,1,54,8,-1,-1,-1,-1,1,1,E01001220,0
Unvalidated,2024010509556,2024,010509556,1,1,9,99,9,9,99,9,9,99,9,99,9,1,6,1,37,7,-1,-1,-1,-1,2,1,E01001828,0