status,collision_index,collision_year,collision_reference,vehicle_reference,vehicle_type,towing_and_articulation,vehicle_manoeuvre,vehicle_direction_from,vehicle_direction_to,vehicle_location_restricted_lane,junction_location,skidding_and_overturning,hit_object_in_carriageway,vehicle_leaving_carriageway,hit_object_off_carriageway,first_point_of_impact,vehicle_left_hand_drive,journey_purpose_of_driver,sex_of_driver,age_of_driver,age_band_of_driver,engine_capacity_cc,propulsion_code,age_of_vehicle,generic_make_model,driver_imd_decile,driver_home_area_type,lsoa_of_driver,escooter_flag
Unvalidated,2024010509556,2024,010509556,2,9,0,99,9,9,99,9,9,99,9,99,9,9,6,3,-1,-1,-1,-1,-1,-1,5,1,E01015904,0
Unvalidated,2024010509557,2024,010509557,1,9,0,9,7,5,0,0,0,0,0,0,1,1,6,1,19,4,-1,-1,-1,-1,1,1,E01033584,0
Unvalidated,2024010509557,2024,010509557,2,9,0,9,7,5,0,0,0,0,0,0,0,1,1,3,44,7,-1,-1,-1,-1,-1,-1,-1,0
Unvalidated,2024010509557,2024,010509557,3,9,0,18,1,5,0,0,0,0,0,0,3,1,1,1,21,5,-1,-1,-1,-1,3,1,E01003572,0
Unvalidated,2024010509557,2024,010509557,4,9,0,2,0,0,0,0,0,0,0,0,2,1,6,3,-1,-1,-1,-1,-1,-1,-1,-1,-1,0
Unvalidated,2024010509558,2024,010509558,1,9,0,7,6,8,0,5,0,0,0,0,2,1,6,1,54,8,-1,-1,-1,-1,2,1,E01001557,0
Unvalidated,2024010509558,2024,010509558,2,3,0,18,4,8,0,1,0,0,0,0,1,1,6,1,29,6,-1,-1,-1,-1,5,1,E01001718,0
Unvalidated,2024010509559,2024,010509559,1,9,0,9,5,2,0,8,0,0,0,0,3,1,6,1,25,5,-1,-1,-1,-1,1,1,E01001461,0
Unvalidated,2024010509559,2024,010509559,2,9,0,18,7,3,0,8,0,0,0,0,4,1,6,2,49,8,-1,-1,-1,-1,5,1,E01001403,0
Unvalidated,2024010509564,2024,010509564,1,1,9,99,9,9,99,9,9,99,9,99,9,1,2,1,44,7,-1,-1,-1,-1,4,1,E01004142,0
Unvalidated,2024010509564,2024,010509564,2,9,0,99,9,9,99,9,9,99,9,99,4,9,6,3,-1,-1,-1,-1,-1,-1,-1,-1,-1,0
Unvalidated,2024010509565,2024,010509565,1,9,0,18,1,5,0,2,0,0,1,11,1,1,6,3,-1,-1,-1,-1,-1,-1,-1,-1,-1,0
Unvalidated,2024010509565,2024,010509565,2,9,0,18,5,1,0,1,0,0,0,0,0,1,1,1,39,7,-1,-1,-1,-1,2,1,E01004008,0
Unvalidated,2024010509568,2024,010509568,1,9,0,18,3,7,0,8,0,10,0,0,1,1,6,2,-1,-1,-1,-1,-1,-1,-1,-1,-1,0
Unvalidated,2024010509570,2024,010509570,1,9,0,18,1,5,0,1,0,0,0,0,1,2,6,2,23,5,-1,-1,-1,-1,1,1,E01001080,0
Unvalidated,2024010509571,2024,010509571,1,1,9,18,4,8,0,7,9,8,0,0,1,1,6,2,15,3,-1,-1,-1,-1,1,1,E01004702,0
Unvalidated,2024010509571,2024,010509571,2,8,9,18,6,2,0,8,9,99,1,99,4,9,6,1,-1,-1,-1,-1,-1,-1,-1,-1,-1,0
Unvalidated,2024010509578,2024,010509578,1,9,0,16,8,4,0,1,0,0,0,0,3,1,6,2,65,9,-1,-1,-1,-1,2,1,E01001702,0
Unvalidated,2024010509578,2024,010509578,2,9,0,9,2,8,0,5,0,0,0,0,1,1,1,1,38,7,-1,-1,-1,-1,2,1,E01001625,0
Unvalidated,2024010509581,2024,010509581,1,3,0,4,1,5,0,1,0,0,0,0,1,1,2,1,19,4,-1,-1,-1,-1,1,1,E01001461,0
Unvalidated,2024010509581,2024,010509581,2,97,0,18,1,5,0,1,0,0,0,0,2,1,6,3,-1,-1,-1,-1,-1,-1,-1,-1,-1,0
Unvalidated,2024010509583,2024,010509583,1,9,0,99,9,9,99,0,9,99,9,99,9,1,6,3,-1,-1,-1,-1,-1,-1,6,1,E01002358,0
Unvalidated,2024010509587,2024,010509587,1,1,9,18,9,9,99,9,9,99,9,99,1,1,2,1,36,7,-1,-1,-1,-1,2,1,E01004067,0
Unvalidated,2024010509587,2024,010509587,2,19,0,1,9,9,99,9,9,99,9,99,2,9,6,3,-1,-1,-1,-1,-1,-1,6,1,E01032646,0
Unvalidated,2024010509591,2024,010509591,1,98,0,99,9,9,99,0,9,99,9,99,9,9,2,1,29,6,-1,-1,-1,-1,4,1,E01003255,0
Unvalidated,2024010509591,2024,010509591,2,9,0,99,9,9,99,0,9,99,9,99,9,9,6,3,-1,-1,-1,-1,-1,-1,-1,-1,-1,0
Unvalidated,2024010509598,2024,010509598,1,9,0,5,1,5,0,8,0,0,0,0,1,1,6,2,41,7,-1,-1,-1,-1,3,1,E01023920,0
Unvalidated,2024010509598,2024,010509598,2,19,9,13,1,5,0,9,0,0,0,0,1,1,6,3,-1,-1,-1,-1,-1,-1,-1,-1,-1,0
Unvalidated,2024010509601,2024,010509601,1,1,9,99,9,9,99,1,9,99,9,99,1,1,2,1,26,6,-1,-1,-1,-1,3,1,E01033593,0
Unvalidated,2024010509601,2024,010509601,2,9,0,99,9,9,99,5,9,99,9,99,2,9,6,3,-1,-1,-1,-1,-1,-1,-1,-1,-1,0
Unvalidated,2024010509608,2024,010509608,1,9,0,99,9,9,99,9,9,99,9,99,9,9,6,3,-1,-1,-1,-1,-1,-1,-1,-1,-1,0
Unvalidated,2024010509610,2024,010509610,1,19,0,18,7,3,0,1,0,0,0,0,1,1,1,1,34,6,-1,-1,-1,-1,2,2,E01020751,0
Unvalidated,2024010509610,2024,010509610,2,1,0,18,5,1,0,1,0,0,0,0,4,1,6,1,34,6,-1,-1,-1,-1,7,1,E01021439,0
Unvalidated,2024010509611,2024,010509611,1,9,0,99,9,9,99,0,9,99,9,99,9,9,6,1,22,5,-1,-1,-1,-1,3,1,E01000974,0
Unvalidated,2024010509611,2024,010509611,2,19,9,99,9,9,99,0,9,99,9,99,1,9,6,3,-1,-1,-1,-1,-1,-1,3,1,E01000974,0
Unvalidated,2024010509617,2024,010509617,1,3,0,99,9,9,99,9,9,99,9,99,9,1,1,1,24,5,-1,-1,-1,-1,4,1,E01000976,0
Unvalidated,2024010509617,2024,010509617,2,9,0,99,9,9,99,9,9,99,9,99,9,9,6,3,-1,-1,-1,-1,-1,-1,-1,-1,-1,0
Unvalidated,2024010509618,2024,010509618,1,1,9,99,9,9,99,0,9,99,9,99,9,1,6,1,66,10,-1,-1,-1,-1,9,1,E01003457,0
Unvalidated,2024010509618,2024,010509618,2,1,9,99,9,9,99,0,9,99,9,99,1,1,6,3,-1,-1,-1,-1,-1,-1,-1,-1,-1,0
Unvalidated,2024010509619,2024,010509619,1,1,9,99,9,9,99,1,9,99,9,99,9,1,2,1,36,7,-1,-1,-1,-1,5,1,E01000398,0
Unvalidated,2024010509619,2024,010509619,2,9,0,99,9,9,99,5,9,99,9,99,9,9,6,3,-1,-1,-1,-1,-1,-1,-1,-1,-1,0
Unvalidated,2024010509622,2024,010509622,1,1,9,99,9,9,99,9,9,99,9,99,1,1,6,1,40,7,-1,-1,-1,-1,6,1,E01000160,0
Unvalidated,2024010509622,2024,010509622,2,9,0,99,9,9,99,9,9,99,9,99,2,9,6,3,30,6,-1,-1,-1,-1,5,1,E01000281,0
Unvalidated,2024010509622,2024,010509622,3,1,9,99,9,9,99,9,9,99,9,99,9,1,6,1,11,3,-1,-1,-1,-1,6,1,E01000160,0
Unvalidated,2024010509623,2024,010509623,1,11,0,4,5,1,0,0,0,0,0,0,0,1,1,1,36,7,-1,-1,-1,-1,9,1,E01002967,0
Unvalidated,2024010509624,2024,010509624,1,8,0,99,9,9,99,9,9,99,9,99,9,9,1,1,40,7,-1,-1,-1,-1,6,1,E01001494,0
Unvalidated,2024010509624,2024,010509624,2,1,9,99,9,9,99,9,9,99,9,99,9,1,6,3,-1,-1,-1,-1,-1,-1,3,1,E01002711,0
Unvalidated,2024010509625,2024,010509625,1,3,0,99,9,9,99,9,9,99,9,99,9,1,1,3,33,6,-1,-1,-1,-1,7,1,E01001538,0
Unvalidated,2024010509625,2024,010509625,2,9,0,99,9,9,99,9,9,99,9,99,9,9,6,3,-1,-1,-1,-1,-1,-1,-1,-1,-1,0
Unvalidated,2024010509627,2024,010509627,1,1,9,99,9,9,99,9,9,99,9,99,1,1,2,2,24,5,-1,-1,-1,-1,5,1,E01001829,0
Unvalidated,2024010509627,2024,010509627,2,9,0,99,9,9,99,9,9,99,9,99,9,9,6,3,-1,-1,-1,-1,-1,-1,-1,-1,-1,0
Unvalidated,2024010509632,2024,010509632,1,11,0,14,3,7,0,1,0,4,0,0,1,1,1,1,54,8,-1,-1,-1,-1,-1,-1,-1,0
Unvalidated,2024010509632,2024,010509632,2,19,0,3,3,7,9,1,0,0,0,0,2,1,1,1,75,10,-1,-1,-1,-1,2,1,E01001959,0
Unvalidated,2024010509633,2024,010509633,1,1,9,99,9,9,99,0,9,99,9,99,2,1,6,1,23,5,-1,-1,-1,-1,2,1,E01003633,0
Unvalidated,2024010509633,2024,010509633,2,9,0,99,9,9,99,0,9,99,9,99,1,9,6,3,24,5,-1,-1,-1,-1,5,3,E01026284,0
Unvalidated,2024010509638,2024,010509638,1,9,0,18,1,5,0,8,0,0,0,0,1,2,3,1,24,5,-1,-1,-1,-1,4,1,E01000504,0
Unvalidated,2024010509638,2024,010509638,2,9,0,2,0,0,0,8,0,0,0,0,1,2,6,3,-1,-1,-1,-1,-1,-1,-1,-1,-1,0
Unvalidated,2024010509638,2024,010509638,3,4,0,13,1,5,0,8,0,4,0,0,1,1,2,3,26,6,-1,-1,-1,-1,8,1,E01002150,0
Unvalidated,2024010509639,2024,010509639,1,9,0,9,5,3,0,6,0,0,0,0,1,1,6,1,67,10,-1,-1,-1,-1,3,1,E01002572,0
Unvalidated,2024010509639,2024,010509639,2,9,0,9,5,3,0,1,0,0,0,0,2,1,6,2,35,6,-1,-1,-1,-1,4,1,E01001353,0
Unvalidated,2024010509640,2024,010509640,1,9,0,8,6,7,0,1,0,0,0,0,4,1,1,1,54,8,-1,-1,-1,-1,5,1,E01003217,0
Unvalidated,2024010509640,2024,010509640,2,1,0,18,6,2,0,1,0,0,0,0,1,1,1,1,21,5,-1,-1,-1,-1,7,1,E01003218,0
Unvalidated,2024010509642,2024,010509642,1,9,0,8,4,6,0,1,0,0,1,0,1,1,2,1,43,7,-1,-1,-1,-1,10,1,E01001121,0
Unvalidated,2024010509642,2024,010509642,2,4,0,18,2,6,0,1,0,0,0,0,1,1,6,1,21,5,-1,-1,-1,-1,2,1,E01000990,0
Unvalidated,2024010509644,2024,010509644,1,9,0,7,5,7,0,3,0,11,0,0,3,1,6,2,27,6,-1,-1,-1,-1,3,1,E01001649,0
Unvalidated,2024010509644,2024,010509644,2,1,0,18,5,1,8,4,0,0,3,0,1,1,6,1,22,5,-1,-1,-1,-1,3,1,E01001589,0
Unvalidated,2024010509646,2024,010509646,1,9,0,3,5,1,0,8,0,0,0,0,4,1,6,3,30,6,-1,-1,-1,-1,2,1,E01003623,0
Unvalidated,2024010509646,2024,010509646,2,1,0,15,5,1,0,8,0,8,0,0,1,1,6,1,24,5,-1,-1,-1,-1,4,1,E01003529,0
Unvalidated,2024010509649,2024,010509649,1,9,3,4,1,5,0,1,0,0,0,0,4,2,2,1,26,6,-1,-1,-1,-1,1,1,E01002034,0
Unvalidated,2024010509649,2024,010509649,2,1,3,18,5,1,0,6,0,0,0,0,4,1,2,1,60,9,-1,-1,-1,-1,2,1,E01001726,0
Unvalidated,2024010509652,2024,010509652,1,9,0,99,9,9,99,9,9,99,9,99,1,9,6,3,-1,-1,-1,-1,-1,-1,-1,-1,-1,0
Unvalidated,2024010509654,2024,010509654,1,5,0,18,3,7,0,0,0,0,0,0,1,1,6,1,32,6,-1,-1,-1,-1,-1,-1,-1,0
Unvalidated,2024010509654,2024,010509654,2,9,0,6,3,3,0,0,0,0,0,0,4,1,1,1,60,9,-1,-1,-1,-1,3,1,E01000944,0
Unvalidated,2024010509655,2024,010509655,1,3,0,99,9,9,99,1,9,99,9,99,1,1,1,3,28,6,-1,-1,-1,-1,4,1,E01024090,0
Unvalidated,2024010509655,2024,010509655,2,9,9,99,9,9,99,6,9,99,9,99,9,9,6,3,-1,-1,-1,-1,-1,-1,-1,-1,-1,0
Unvalidated,2024010509657,2024,010509657,1,19,0,16,2,6,0,0,0,0,0,0,1,1,1,1,19,4,-1,-1,-1,-1,8,1,E01033088,0
Unvalidated,2024010509658,2024,010509658,1,3,0,18,5,1,0,1,0,0,0,0,1,1,6,1,24,5,-1,-1,-1,-1,7,1,E01021220,0
Unvalidated,2024010509658,2024,010509658,2,9,0,9,1,7,0,2,0,0,0,0,1,1,6,2,42,7,-1,-1,-1,-1,9,1,E01003899,0
Unvalidated,2024010509665,2024,010509665,1,19,0,99,9,9,99,9,9,99,9,99,9,9,1,1,41,7,-1,-1,-1,-1,4,1,E01001518,0
Unvalidated,2024010509665,2024,010509665,2,9,0,99,9,9,99,9,9,99,9,99,9,9,6,3,-1,-1,-1,-1,-1,-1,-1,-1,-1,0
Unvalidated,2024010509669,2024,010509669,1,11,0,4,2,6,0,1,0,0,0,0,0,1,6,1,30,6,-1,-1,-1,-1,5,1,E01003359,0
Unvalidated,2024010509669,2024,010509669,2,9,0,13,6,2,0,6,5,0,0,0,4,2,6,3,-1,-1,-1,-1,-1,-1,6,1,E01003957,0
Unvalidated,2024010509672,2024,010509672,1,9,0,99,9,9,99,9,9,99,9,99,1,9,6,1,55,8,-1,-1,-1,-1,7,1,E01002161,0
Unvalidated,2024010509677,2024,010509677,1,8,0,16,1,5,0,2,0,0,0,0,1,1,1,1,35,6,-1,-1,-1,-1,2,1,E01003304,0
Unvalidated,2024010509677,2024,010509677,2,1,0,18,5,1,0,1,0,0,0,0,1,1,6,1,48,8,-1,-1,-1,-1,2,1,E01002774,0
Unvalidated,2024010509692,2024,010509692,1,11,0,4,5,1,0,6,0,0,0,0,0,1,1,1,55,8,-1,-1,-1,-1,3,1,E01003656,0
Unvalidated,2024010509694,2024,010509694,1,4,0,99,9,9,99,9,9,99,9,99,1,1,6,3,-1,-1,-1,-1,-1,-1,-1,-1,-1,0
Unvalidated,2024010509697,2024,010509697,1,9,0,99,9,9,99,9,9,99,9,99,9,9,6,3,43,7,-1,-1,-1,-1,4,1,E01002233,0
Unvalidated,2024010509697,2024,010509697,2,1,9,99,9,9,99,9,9,99,9,99,1,1,6,3,-1,-1,-1,-1,-1,-1,5,1,E01002446,0
Unvalidated,2024010509698,2024,010509698,1,9,0,99,9,9,99,9,9,99,9,99,2,9,6,1,35,6,-1,-1,-1,-1,6,1,E01000262,0
Unvalidated,2024010509698,2024,010509698,2,8,0,99,9,9,99,9,9,99,9,99,1,9,6,1,65,9,-1,-1,-1,-1,5,1,E01001310,0
Unvalidated,2024010509704,2024,010509704,1,11,0,4,5,1,0,0,0,0,0,0,0,1,6,1,44,7,-1,-1,-1,-1,4,1,E01000995,0
Unvalidated,2024010509707,2024,010509707,1,19,0,3,1,5,0,2,0,0,0,0,2,1,1,1,56,9,-1,-1,-1,-1,8,1,E01031776,0
Unvalidated,2024010509707,2024,010509707,2,1,0,18,1,5,0,2,0,0,0,0,1,1,2,2,35,6,-1,-1,-1,-1,4,1,E01002964,0
Unvalidated,2024010509717,2024,010509717,1,3,0,5,7,3,0,1,0,0,0,0,1,1,2,1,25,5,-1,-1,-1,-1,-1,-1,-1,0
Unvalidated,2024010509720,2024,010509720,1,9,0,1,1,5,0,1,0,0,0,0,2,2,6,1,38,7,-1,-1,-1,-1,2,1,E01004696,0
Unvalidated,2024010509720,2024,010509720,2,9,0,3,1,5,0,1,0,0,0,0,1,1,6,1,46,8,-1,-1,-1,-1,3,1,E01004661,0
Unvalidated,2024010509721,2024,010509721,1,1,9,99,9,9,99,1,9,99,9,99,9,1,2,1,48,8,-1,-1,-1,-1,5,1,E01003484,0
Unvalidated,2024010509721,2024,010509721,2,9,0,99,9,9,99,6,9,99,9,99,1,9,6,3,-1,-1,-1,-1,-1,-1,-1,-1,-1,0
Unvalidated,2024010509725,2024,010509725,1,9,0,18,1,5,0,2,2,0,0,0,1,1,6,1,31,6,-1,-1,-1,-1,3,1,E01003544,0
Unvalidated,2024010509725,2024,010509725,2,9,0,18,5,1,0,1,0,0,0,0,1,1,6,2,22,5,-1,-1,-1,-1,4,1,E01003541,0
Unvalidated,2024010509725,2024,010509725,3,9,0,2,0,0,0,2,0,0,0,0,2,1,6,3,-1,-1,-1,-1,-1,-1,-1,-1,-1,0
Unvalidated,2024010509729,2024,010509729,1,9,0,9,8,6,0,1,0,0,0,0,3,1,6,1,19,4,-1,-1,-1,-1,3,1,E01003841,0
Unvalidated,2024010509729,2024,010509729,2,23,0,18,8,4,0,1,0,0,0,0,1,1,6,1,27,6,-1,-1,-1,-1,4,1,E01002672,0
Unvalidated,2024010509731,2024,010509731,1,9,0,18,1,5,0,0,0,0,0,0,1,1,4,1,49,8,-1,-1,-1,-1,3,1,E01001763,0
Unvalidated,2024010509732,2024,010509732,1,3,0,18,1,5,0,8,0,0,0,0,3,1,1,1,21,5,-1,-1,-1,-1,1,1,E01003252,0
Unvalidated,2024010509732,2024,010509732,2,9,0,13,1,5,0,8,0,0,0,0,4,1,6,1,22,5,-1,-1,-1,-1,6,1,E01003398,0
Unvalidated,2024010509734,2024,010509734,1,9,0,99,9,9,99,9,9,99,9,99,2,9,6,2,32,6,-1,-1,-1,-1,9,1,E01004079,0
Unvalidated,2024010509734,2024,010509734,2,9,0,99,9,9,99,9,9,99,9,99,1,9,6,3,-1,-1,-1,-1,-1,-1,-1,-1,-1,0
Unvalidated,2024010509735,2024,010509735,1,8,0,7,1,3,0,5,0,0,0,0,4,1,1,1,57,9,-1,-1,-1,-1,2,1,E01000523,0
Unvalidated,2024010509735,2024,010509735,2,1,0,18,1,5,4,8,0,0,0,0,1,1,6,1,37,7,-1,-1,-1,-1,5,1,E01000639,0
Unvalidated,2024010509736,2024,010509736,1,1,9,99,9,9,99,9,9,99,9,99,1,1,6,1,35,6,-1,-1,-1,-1,1,1,E01004309,0
Unvalidated,2024010509737,2024,010509737,1,19,0,9,5,2,0,1,0,0,0,0,1,1,1,1,43,7,-1,-1,-1,-1,2,1,E01004679,0
Unvalidated,2024010509739,2024,010509739,1,5,0,18,1,5,0,1,0,0,0,0,1,1,6,1,32,6,-1,-1,-1,-1,10,1,E01030584,0
Unvalidated,2024010509739,2024,010509739,2,9,0,9,1,7,0,1,0,0,0,0,3,1,6,2,28,6,-1,-1,-1,-1,8,1,E01004143,0
Unvalidated,2024010509742,2024,010509742,1,9,0,2,0,0,0,0,0,0,0,0,3,1,6,3,-1,-1,-1,-1,-1,-1,-1,-1,-1,0
Unvalidated,2024010509742,2024,010509742,2,9,0,2,0,0,0,0,0,0,0,0,4,1,6,3,-1,-1,-1,-1,-1,-1,-1,-1,-1,0
Unvalidated,2024010509742,2024,010509742,3,9,0,2,0,0,0,0,0,0,0,0,2,1,6,3,-1,-1,-1,-1,-1,-1,-1,-1,-1,0
Unvalidated,2024010509742,2024,010509742,4,9,0,2,0,0,0,0,0,0,0,0,3,1,6,3,-1,-1,-1,-1,-1,-1,-1,-1,-1,0
Unvalidated,2024010509742,2024,010509742,5,2,0,18,7,3,0,0,0,4,0,0,4,1,6,1,49,8,-1,-1,-1,-1,5,1,E01001310,0
Unvalidated,2024010509744,2024,010509744,1,9,0,99,9,9,99,9,9,99,9,99,9,9,6,2,31,6,-1,-1,-1,-1,2,1,E01001283,0
Unvalidated,2024010509748,2024,010509748,1,3,0,5,7,3,0,0,0,0,0,0,1,1,6,1,27,6,-1,-1,-1,-1,2,1,E01000556,0
Unvalidated,2024010509748,2024,010509748,2,9,0,9,5,3,0,0,0,0,0,0,3,1,6,1,54,8,-1,-1,-1,-1,4,1,E01001230,0
Unvalidated,2024010509749,2024,010509749,1,9,0,5,1,5,0,0,0,0,0,0,3,1,6,2,50,8,-1,-1,-1,-1,6,1,E01001312,0
Unvalidated,2024010509751,2024,010509751,1,1,0,18,1,5,0,8,0,0,0,0,2,1,6,1,48,8,-1,-1,-1,-1,4,1,E01033320,0
Unvalidated,2024010509751,2024,010509751,2,9,0,5,1,5,0,8,0,0,0,0,1,1,2,1,51,8,-1,-1,-1,-1,2,1,E01033090,0
Unvalidated,2024010509752,2024,010509752,1,1,9,99,9,9,99,9,9,99,9,99,9,1,6,3,-1,-1,-1,-1,-1,-1,-1,-1,-1,0
Unvalidated,2024010509753,2024,010509753,1,11,0,18,7,3,2,1,0,0,0,0,0,1,1,1,45,7,-1,-1,-1,-1,4,1,E01000995,0
Unvalidated,2024010509754,2024,010509754,1,9,0,18,3,7,0,0,0,0,0,0,1,1,6,1,34,6,-1,-1,-1,-1,-1,-1,-1,0
Unvalidated,2024010509758,2024,010509758,1,5,0,9,5,3,0,6,0,0,0,0,1,1,6,1,40,7,-1,-1,-1,-1,9,1,E01021454,0
Unvalidated,2024010509761,2024,010509761,1,9,0,9,5,3,0,8,0,0,0,0,1,1,6,2,35,6,-1,-1,-1,-1,4,1,E01003230,0
Unvalidated,2024010509761,2024,010509761,2,1,0,18,1,5,4,1,0,10,0,0,1,1,6,1,36,7,-1,-1,-1,-1,8,1,E01003355,0
Unvalidated,2024010509763,2024,010509763,1,9,0,99,9,9,99,9,9,99,9,99,9,9,6,2,28,6,-1,-1,-1,-1,6,1,E01000324,0
Unvalidated,2024010509763,2024,010509763,2,9,9,99,9,9,99,9,9,99,9,99,9,9,6,3,-1,-1,-1,-1,-1,-1,-1,-1,-1,0
Unvalidated,2024010509765,2024,010509765,1,9,0,18,5,1,0,1,0,7,0,0,1,1,6,2,23,5,-1,-1,-1,-1,4,1,E01001686,0
Unvalidated,2024010509770,2024,010509770,1,9,0,18,3,7,0,2,0,0,0,0,1,1,1,1,46,8,-1,-1,-1,-1,2,1,E01004264,0
Unvalidated,2024010509770,2024,010509770,2,3,0,7,5,7,0,2,2,0,0,0,3,1,1,1,28,6,-1,-1,-1,-1,2,1,E01004326,0
Unvalidated,2024010509771,2024,010509771,1,5,0,18,7,3,0,0,0,0,1,10,1,1,6,1,57,9,-1,-1,-1,-1,-1,-1,-1,0
Unvalidated,2024010509774,2024,010509774,1,11,0,18,1,5,0,0,0,0,0,0,0,1,1,1,39,7,-1,-1,-1,-1,2,1,E01000097,0
Unvalidated,2024010509774,2024,010509774,2,9,0,18,1,5,0,0,0,0,0,0,0,1,6,3,-1,-1,-1,-1,-1,-1,-1,-1,-1,0
Unvalidated,2024010509775,2024,010509775,1,9,0,18,1,5,9,1,1,10,0,0,1,1,2,1,19,4,-1,-1,-1,-1,7,1,E01000748,0
Unvalidated,2024010509778,2024,010509778,1,9,0,18,2,6,0,0,0,0,0,0,4,1,2,1,27,6,-1,-1,-1,-1,9,1,E01000991,0
Unvalidated,2024010509780,2024,010509780,1,9,0,18,3,7,0,8,1,0,0,0,1,1,6,2,21,5,-1,-1,-1,-1,4,1,E01002621,0
Unvalidated,2024010509780,2024,010509780,2,9,0,12,3,7,0,6,1,0,0,0,0,1,6,2,44,7,-1,-1,-1,-1,5,1,E01002143,0
Unvalidated,2024010509781,2024,010509781,1,9,0,18,3,7,0,1,0,0,0,0,1,1,6,2,23,5,-1,-1,-1,-1,6,1,E01002186,0
Unvalidated,2024010509781,2024,010509781,2,9,0,18,3,7,0,1,0,0,0,0,2,1,6,1,28,6,-1,-1,-1,-1,3,1,E01000630,0
Unvalidated,2024010509784,2024,010509784,1,21,0,18,5,1,0,2,1,0,0,0,1,1,1,1,59,9,-1,-1,-1,-1,7,1,E01023935,0
Unvalidated,2024010509784,2024,010509784,2,19,0,18,1,5,0,2,0,0,0,0,1,1,1,1,45,7,-1,-1,-1,-1,3,1,E01001240,0
Unvalidated,2024010509788,2024,010509788,1,11,0,18,1,5,0,1,0,0,0,0,4,1,1,1,55,8,-1,-1,-1,-1,-1,-1,-1,0
Unvalidated,2024010509788,2024,010509788,2,1,0,18,1,5,2,1,0,0,0,0,1,1,6,1,58,9,-1,-1,-1,-1,5,1,E01003084,0
Unvalidated,2024010509789,2024,010509789,1,9,0,99,9,9,99,0,9,99,9,99,9,9,6,1,35,6,-1,-1,-1,-1,3,1,E01000578,0
Unvalidated,2024010509789,2024,010509789,2,9,0,99,9,9,99,0,9,99,9,99,1,9,6,1,22,5,-1,-1,-1,-1,8,1,E01001031,0
Unvalidated,2024010509790,2024,010509790,1,9,0,15,5,1,0,1,0,0,0,0,1,1,6,3,-1,-1,-1,-1,-1,-1,-1,-1,-1,0
Unvalidated,2024010509790,2024,010509790,2,1,0,16,5,1,0,1,0,0,0,0,2,1,6,2,14,3,-1,-1,-1,-1,3,1,E01003244,0
Unvalidated,2024010509791,2024,010509791,1,3,0,18,1,5,0,1,0,0,1,10,2,1,6,1,26,6,-1,-1,-1,-1,2,1,E01003968,0
Unvalidated,2024010509791,2024,010509791,2,9,0,7,3,5,0,1,0,0,0,0,1,1,6,3,-1,-1,-1,-1,-1,-1,-1,-1,-1,0
Unvalidated,2024010509796,2024,010509796,1,19,0,18,5,1,0,0,0,0,0,0,0,1,1,1,30,6,-1,-1,-1,-1,8,1,E01003897,0
Unvalidated,2024010509796,2024,010509796,2,1,0,18,5,1,0,0,0,0,0,0,1,1,6,2,46,8,-1,-1,-1,-1,9,1,E01003860,0
Unvalidated,2024010509799,2024,010509799,1,9,0,5,2,6,0,4,0,0,0,0,2,1,6,2,44,7,-1,-1,-1,-1,4,1,E01003632,0
Unvalidated,2024010509799,2024,010509799,2,9,0,5,8,4,0,5,0,0,0,0,1,1,6,1,35,6,-1,-1,-1,-1,2,1,E01003689,0
Unvalidated,2024010509809,2024,010509809,1,9,0,9,7,5,0,6,0,0,7,0,3,1,6,3,-1,-1,-1,-1,-1,-1,-1,-1,-1,0
Unvalidated,2024010509809,2024,010509809,2,1,0,18,5,1,0,1,0,0,0,0,1,1,2,1,39,7,-1,-1,-1,-1,4,1,E01001286,0
Unvalidated,2024010509810,2024,010509810,1,3,0,99,9,9,99,9,9,99,9,99,1,1,6,1,21,5,-1,-1,-1,-1,1,1,E01001978,0
Unvalidated,2024010509810,2024,010509810,2,9,0,99,9,9,99,9,9,99,9,99,9,9,6,3,-1,-1,-1,-1,-1,-1,-1,-1,-1,0
Unvalidated,2024010509816,2024,010509816,1,19,0,7,8,2,0,1,0,0,0,0,4,1,1,1,50,8,-1,-1,-1,-1,3,1,E01003605,0
Unvalidated,2024010509816,2024,010509816,2,1,0,18,8,4,0,1,0,0,0,0,1,1,6,2,51,8,-1,-1,-1,-1,1,1,E01001850,0
Unvalidated,2024010509817,2024,010509817,1,9,9,4,5,1,0,9,0,0,0,0,1,9,6,1,24,5,-1,-1,-1,-1,9,1,E01003006,0
Unvalidated,2024010509818,2024,010509818,1,1,9,99,9,9,99,9,9,99,9,99,1,1,6,1,-1,-1,-1,-1,-1,-1,3,1,E01004336,0
Unvalidated,2024010509819,2024,010509819,1,9,0,4,5,1,0,8,0,0,0,0,1,1,6,2,25,5,-1,-1,-1,-1,9,1,E01021767,0
Unvalidated,2024010509819,2024,010509819,2,9,0,3,5,1,0,2,0,0,0,0,2,1,6,2,58,9,-1,-1,-1,-1,1,1,E01001461,0
Unvalidated,2024010509819,2024,010509819,3,9,0,3,5,1,0,2,0,0,0,0,2,1,6,2,54,8,-1,-1,-1,-1,9,1,E01004387,0
Unvalidated,2024010509821,2024,010509821,1,9,0,99,9,9,99,9,9,99,9,99,1,9,6,2,56,9,-1,-1,-1,-1,4,1,E01001503,0