status,collision_index,collision_year,collision_reference,vehicle_reference,vehicle_type,towing_and_articulation,vehicle_manoeuvre,vehicle_direction_from,vehicle_direction_to,vehicle_location_restricted_lane,junction_location,skidding_and_overturning,hit_object_in_carriageway,vehicle_leaving_carriageway,hit_object_off_carriageway,first_point_of_impact,vehicle_left_hand_drive,journey_purpose_of_driver,sex_of_driver,age_of_driver,age_band_of_driver,engine_capacity_cc,propulsion_code,age_of_vehicle,generic_make_model,driver_imd_decile,driver_home_area_type,lsoa_of_driver,escooter_flag
Unvalidated,2024010509821,2024,010509821,2,3,0,99,9,9,99,9,9,99,9,99,1,1,6,3,-1,-1,-1,-1,-1,-1,-1,-1,-1,0
Unvalidated,2024010509823,2024,010509823,1,19,0,1,7,3,0,0,0,0,0,0,2,1,1,1,21,5,-1,-1,-1,-1,9,1,E01001039,0
Unvalidated,2024010509823,2024,010509823,2,3,0,18,7,3,0,0,0,0,0,0,1,1,1,2,40,7,-1,-1,-1,-1,2,1,E01001620,0
Unvalidated,2024010509825,2024,010509825,1,9,0,9,5,3,0,6,0,10,0,0,3,1,6,2,61,9,-1,-1,-1,-1,6,1,E01031449,0
Unvalidated,2024010509825,2024,010509825,2,9,0,9,5,3,0,6,0,0,0,0,0,1,6,3,-1,-1,-1,-1,-1,-1,-1,-1,-1,0
Unvalidated,2024010509826,2024,010509826,1,3,0,18,7,3,0,1,0,0,0,0,1,1,6,1,25,5,-1,-1,-1,-1,9,1,E01030685,0
Unvalidated,2024010509826,2024,010509826,2,9,0,10,7,4,0,1,0,0,0,0,1,1,6,2,48,8,-1,-1,-1,-1,6,1,E01002433,0
Unvalidated,2024010509827,2024,010509827,1,9,0,99,9,9,99,9,9,99,9,99,9,9,6,2,58,9,-1,-1,-1,-1,8,1,E01004072,0
Unvalidated,2024010509827,2024,010509827,2,9,0,99,9,9,99,9,9,99,9,99,9,9,6,3,22,5,-1,-1,-1,-1,4,1,E01001090,0
Unvalidated,2024010509849,2024,010509849,1,8,0,99,9,9,99,9,9,99,9,99,2,9,1,1,56,9,-1,-1,-1,-1,3,1,E01004034,0
Unvalidated,2024010509849,2024,010509849,2,9,0,99,9,9,99,9,9,99,9,99,1,9,6,3,-1,-1,-1,-1,-1,-1,-1,-1,-1,0
Unvalidated,2024010509850,2024,010509850,1,9,0,5,0,7,9,0,0,0,0,0,4,1,6,1,60,9,-1,-1,-1,-1,4,1,E01003074,0
Unvalidated,2024010509850,2024,010509850,2,23,0,18,3,7,9,0,0,0,0,0,1,1,6,1,34,6,-1,-1,-1,-1,2,1,E01003179,0
Unvalidated,2024010509857,2024,010509857,1,9,0,18,1,5,0,0,0,0,0,0,1,1,6,1,21,5,-1,-1,-1,-1,2,1,E01004007,0
Unvalidated,2024010509857,2024,010509857,2,9,0,3,1,5,0,0,0,0,0,0,2,1,1,1,47,8,-1,-1,-1,-1,-1,-1,-1,0
Unvalidated,2024010509860,2024,010509860,1,1,9,99,9,9,99,0,9,8,9,99,1,1,6,1,24,5,-1,-1,-1,-1,4,1,E01004699,0
Unvalidated,2024010509860,2024,010509860,2,8,0,99,9,9,99,0,9,99,9,99,9,9,1,1,48,8,-1,-1,-1,-1,3,1,E01000735,0
Unvalidated,2024010509861,2024,010509861,1,9,0,14,3,7,0,0,0,4,0,0,1,1,6,1,30,6,-1,-1,-1,-1,3,1,E01003716,0
Unvalidated,2024010509861,2024,010509861,2,19,0,2,0,0,0,0,0,0,0,0,3,1,6,3,-1,-1,-1,-1,-1,-1,-1,-1,-1,0
Unvalidated,2024010509861,2024,010509861,3,9,0,4,3,7,0,0,0,0,0,0,4,2,6,1,51,8,-1,-1,-1,-1,4,1,E01003740,0
Unvalidated,2024010509861,2024,010509861,4,9,0,2,0,0,9,0,0,0,0,0,3,1,6,3,-1,-1,-1,-1,-1,-1,-1,-1,-1,0
Unvalidated,2024010509861,2024,010509861,5,9,0,2,0,0,9,0,0,0,0,0,3,1,6,3,-1,-1,-1,-1,-1,-1,-1,-1,-1,0
Unvalidated,2024010509861,2024,010509861,6,9,0,18,3,7,0,0,0,0,0,0,0,1,6,1,29,6,-1,-1,-1,-1,6,1,E01003711,0
Unvalidated,2024010509862,2024,010509862,1,9,0,17,5,1,0,0,0,0,0,0,4,1,6,1,43,7,-1,-1,-1,-1,4,1,E01001015,0
Unvalidated,2024010509862,2024,010509862,2,3,0,12,5,1,0,0,0,0,2,10,3,1,6,1,18,4,-1,-1,-1,-1,4,1,E01001167,0
Unvalidated,2024010509863,2024,010509863,1,1,9,99,9,9,99,9,9,99,9,99,1,1,6,1,42,7,-1,-1,-1,-1,6,1,E01001937,0
Unvalidated,2024010509863,2024,010509863,2,9,0,99,9,9,99,9,9,99,9,99,9,9,6,2,49,8,-1,-1,-1,-1,3,1,E01004540,0
Unvalidated,2024010509867,2024,010509867,1,1,0,18,3,7,4,1,0,0,0,0,1,1,6,1,57,9,-1,-1,-1,-1,7,1,E01002871,0
Unvalidated,2024010509870,2024,010509870,1,9,0,7,3,5,0,8,0,0,0,0,1,1,6,2,67,10,-1,-1,-1,-1,1,1,E01001957,0
Unvalidated,2024010509870,2024,010509870,2,1,0,18,3,7,0,1,5,0,0,0,1,1,6,1,24,5,-1,-1,-1,-1,8,1,E01002574,0
Unvalidated,2024010509871,2024,010509871,1,3,9,99,9,9,0,3,9,0,9,0,1,1,6,3,-1,-1,-1,-1,-1,-1,-1,-1,-1,0
Unvalidated,2024010509872,2024,010509872,1,9,0,99,9,9,99,0,9,99,9,99,1,1,6,1,83,11,-1,-1,-1,-1,5,1,E01002626,0
Unvalidated,2024010509875,2024,010509875,1,9,0,4,1,5,0,0,0,0,0,0,2,1,6,2,34,6,-1,-1,-1,-1,-1,-1,-1,0
Unvalidated,2024010509875,2024,010509875,2,3,0,18,1,5,0,0,1,0,0,0,1,1,6,1,26,6,-1,-1,-1,-1,1,1,E01001821,0
Unvalidated,2024010509884,2024,010509884,1,5,0,18,7,3,0,0,0,0,0,0,1,1,6,1,33,6,-1,-1,-1,-1,4,1,E01001480,0
Unvalidated,2024010509884,2024,010509884,2,9,0,18,7,3,0,0,0,0,0,0,1,1,6,1,65,9,-1,-1,-1,-1,2,1,E01001462,0
Unvalidated,2024010509884,2024,010509884,3,9,0,14,3,7,0,0,1,10,7,0,1,1,6,1,25,5,-1,-1,-1,-1,6,1,E01008006,0
Unvalidated,2024010509885,2024,010509885,1,9,0,13,4,8,0,2,0,0,0,0,1,1,1,1,33,6,-1,-1,-1,-1,5,1,E01000516,0
Unvalidated,2024010509885,2024,010509885,2,1,0,18,4,8,0,2,0,0,0,0,3,1,6,1,26,6,-1,-1,-1,-1,4,1,E01004663,0
Unvalidated,2024010509887,2024,010509887,1,5,0,18,3,7,0,0,1,10,1,10,1,1,6,1,19,4,-1,-1,-1,-1,-1,-1,-1,0
Unvalidated,2024010509887,2024,010509887,2,1,0,18,3,7,0,0,1,0,0,0,2,1,1,1,29,6,-1,-1,-1,-1,4,1,E01003530,0
Unvalidated,2024010509893,2024,010509893,1,9,0,5,3,7,9,6,0,4,7,0,1,1,6,3,-1,-1,-1,-1,-1,-1,-1,-1,-1,0
Unvalidated,2024010509893,2024,010509893,2,9,0,2,0,0,9,2,0,4,0,0,2,1,6,3,-1,-1,-1,-1,-1,-1,-1,-1,-1,0
Unvalidated,2024010509893,2024,010509893,3,9,0,2,0,0,9,2,0,4,0,0,1,1,6,3,-1,-1,-1,-1,-1,-1,-1,-1,-1,0
Unvalidated,2024010509896,2024,010509896,1,9,0,17,5,1,0,2,1,0,0,0,1,1,6,1,20,4,-1,-1,-1,-1,2,1,E01004389,0
Unvalidated,2024010509896,2024,010509896,2,9,0,17,1,5,0,2,1,0,0,0,1,1,6,1,31,6,-1,-1,-1,-1,-1,-1,-1,0
Unvalidated,2024010509900,2024,010509900,1,9,0,5,7,3,0,8,0,10,0,0,1,1,6,2,55,8,-1,-1,-1,-1,5,1,E01002682,0
Unvalidated,2024010509900,2024,010509900,2,9,0,15,7,3,0,1,1,0,0,0,1,1,6,1,60,9,-1,-1,-1,-1,4,1,E01002684,0
Unvalidated,2024010509907,2024,010509907,1,3,0,18,1,5,0,0,1,0,0,0,4,1,6,1,18,4,-1,-1,-1,-1,-1,-1,-1,0
Unvalidated,2024010509907,2024,010509907,2,9,0,18,1,5,0,0,0,0,0,0,3,1,6,1,57,9,-1,-1,-1,-1,-1,-1,-1,0
Unvalidated,2024010509911,2024,010509911,1,8,0,99,9,9,99,0,9,99,9,99,2,9,1,1,64,9,-1,-1,-1,-1,3,1,E01001186,0
Unvalidated,2024010509911,2024,010509911,2,9,0,99,9,9,99,0,9,99,9,99,1,9,6,3,-1,-1,-1,-1,-1,-1,-1,-1,-1,0
Unvalidated,2024010509914,2024,010509914,1,19,0,9,2,7,0,8,0,0,0,0,4,1,1,1,25,5,-1,-1,-1,-1,2,1,E01000743,0
Unvalidated,2024010509914,2024,010509914,2,1,0,18,7,3,0,6,0,0,0,0,4,1,6,1,27,6,-1,-1,-1,-1,-1,-1,-1,0
Unvalidated,2024010509921,2024,010509921,1,9,0,99,9,9,99,9,9,99,9,99,9,9,6,2,38,7,-1,-1,-1,-1,4,1,E01004728,0
Unvalidated,2024010509921,2024,010509921,2,1,9,99,9,9,99,9,9,8,9,99,1,1,6,3,-1,-1,-1,-1,-1,-1,2,1,E01000523,0
Unvalidated,2024010509922,2024,010509922,1,9,0,13,5,1,9,0,1,4,1,0,1,1,6,1,25,5,-1,-1,-1,-1,2,1,E01004231,0
Unvalidated,2024010509922,2024,010509922,2,9,0,6,1,1,0,0,1,0,0,0,1,1,6,1,56,9,-1,-1,-1,-1,2,1,E01032772,0
Unvalidated,2024010509929,2024,010509929,1,3,0,99,9,9,99,9,9,99,9,99,2,1,1,1,29,6,-1,-1,-1,-1,4,1,E01002648,0
Unvalidated,2024010509929,2024,010509929,2,9,0,99,9,9,99,9,9,99,9,99,9,9,6,3,-1,-1,-1,-1,-1,-1,-1,-1,-1,0
Unvalidated,2024010509930,2024,010509930,1,9,0,17,7,3,0,1,2,7,1,4,1,1,6,1,21,5,-1,-1,-1,-1,1,1,E01004324,0
Unvalidated,2024010509933,2024,010509933,1,9,0,18,5,1,9,0,0,10,1,11,1,1,6,1,22,5,-1,-1,-1,-1,5,1,E01002666,0
Unvalidated,2024010509933,2024,010509933,2,9,0,18,5,1,0,0,0,0,0,0,0,1,1,1,26,6,-1,-1,-1,-1,7,1,E01002514,0
Unvalidated,2024010509934,2024,010509934,1,9,0,16,5,1,0,3,1,7,7,10,1,1,1,1,23,5,-1,-1,-1,-1,5,1,E01000505,0
Unvalidated,2024010509935,2024,010509935,1,9,0,17,7,3,9,2,0,0,1,2,1,1,6,1,35,6,-1,-1,-1,-1,2,1,E01000627,0
Unvalidated,2024010509939,2024,010509939,1,9,0,18,1,5,0,2,1,0,0,0,4,1,6,3,-1,-1,-1,-1,-1,-1,-1,-1,-1,0
Unvalidated,2024010509941,2024,010509941,1,9,0,18,5,1,0,4,0,4,1,2,1,1,6,1,20,4,-1,-1,-1,-1,4,1,E01032778,0
Unvalidated,2024010509941,2024,010509941,2,9,0,5,3,7,0,8,0,0,0,0,2,1,6,1,26,6,-1,-1,-1,-1,2,1,E01001849,0
Unvalidated,2024010509942,2024,010509942,1,9,0,18,7,3,0,2,1,0,0,0,1,1,6,1,21,5,-1,-1,-1,-1,1,1,E01000106,0
Unvalidated,2024010509942,2024,010509942,2,9,0,18,7,3,0,2,0,0,0,0,3,1,6,1,30,6,-1,-1,-1,-1,1,1,E01009026,0
Unvalidated,2024010509944,2024,010509944,1,9,0,18,1,5,0,2,0,0,0,0,1,1,6,1,19,4,-1,-1,-1,-1,3,1,E01001436,0
Unvalidated,2024010509950,2024,010509950,1,9,0,18,5,1,0,1,0,0,0,0,3,1,6,1,61,9,-1,-1,-1,-1,2,1,E01004720,0
Unvalidated,2024010509950,2024,010509950,2,9,0,10,5,3,0,1,0,0,0,0,4,1,6,1,42,7,-1,-1,-1,-1,9,1,E01003360,0
Unvalidated,2024010509950,2024,010509950,3,9,0,15,5,1,2,1,0,0,0,0,2,1,6,2,42,7,-1,-1,-1,-1,-1,-1,-1,0
Unvalidated,2024010509950,2024,010509950,4,9,0,15,5,1,2,1,0,0,0,0,1,1,6,3,-1,-1,-1,-1,-1,-1,-1,-1,-1,0
Unvalidated,2024010509951,2024,010509951,1,9,0,99,9,9,99,9,9,99,9,99,1,9,6,2,36,7,-1,-1,-1,-1,4,1,E01001183,0
Unvalidated,2024010509951,2024,010509951,2,1,9,99,9,9,99,9,9,99,9,99,1,1,6,1,-1,-1,-1,-1,-1,-1,5,1,E01003948,0
Unvalidated,2024010509953,2024,010509953,1,9,0,99,9,9,99,9,9,99,9,99,2,9,6,2,55,8,-1,-1,-1,-1,2,1,E01001491,0
Unvalidated,2024010509956,2024,010509956,1,9,0,5,4,8,0,1,0,99,9,0,1,9,6,3,-1,-1,-1,-1,-1,-1,-1,-1,-1,0
Unvalidated,2024010509959,2024,010509959,1,21,1,18,1,5,0,5,0,0,0,0,4,1,1,1,51,8,-1,-1,-1,-1,3,1,E01024263,0
Unvalidated,2024010509962,2024,010509962,1,1,9,18,7,3,0,8,9,99,9,99,1,1,6,1,37,7,-1,-1,-1,-1,8,1,E01001907,0
Unvalidated,2024010509962,2024,010509962,2,9,0,9,4,1,99,9,9,99,9,99,4,1,6,1,37,7,-1,-1,-1,-1,1,1,E01005183,0
Unvalidated,2024010509964,2024,010509964,1,9,0,18,5,1,0,2,0,0,0,0,1,1,6,2,28,6,-1,-1,-1,-1,5,1,E01000843,0
Unvalidated,2024010509966,2024,010509966,1,3,0,18,7,3,0,1,0,0,0,0,0,1,6,1,42,7,-1,-1,-1,-1,4,1,E01003518,0
Unvalidated,2024010509969,2024,010509969,1,1,0,17,2,6,0,1,0,0,0,0,0,1,6,2,57,9,-1,-1,-1,-1,9,1,E01003466,0
Unvalidated,2024010509970,2024,010509970,1,9,0,18,6,2,0,6,0,0,0,0,3,1,6,2,39,7,-1,-1,-1,-1,8,1,E01023627,0
Unvalidated,2024010509970,2024,010509970,2,9,0,18,6,2,0,1,0,0,3,0,4,1,6,2,52,8,-1,-1,-1,-1,9,1,E01000199,0
Unvalidated,2024010509973,2024,010509973,1,1,9,99,9,9,99,9,9,99,9,99,0,1,6,1,59,9,-1,-1,-1,-1,5,1,E01001782,0
Unvalidated,2024010509973,2024,010509973,2,9,0,99,9,9,99,9,9,99,9,99,9,9,6,3,-1,-1,-1,-1,-1,-1,-1,-1,-1,0
Unvalidated,2024010509974,2024,010509974,1,1,9,99,9,9,99,0,9,99,9,99,9,1,6,1,25,5,-1,-1,-1,-1,2,1,E01002793,0
Unvalidated,2024010509974,2024,010509974,2,19,0,99,9,9,99,0,9,99,9,99,9,9,6,3,-1,-1,-1,-1,-1,-1,-1,-1,-1,0
Unvalidated,2024010509976,2024,010509976,1,9,0,99,9,9,99,9,9,99,9,99,9,9,6,2,75,10,-1,-1,-1,-1,9,1,E01030672,0
Unvalidated,2024010509979,2024,010509979,1,9,0,18,1,5,0,1,1,10,2,4,4,1,6,1,23,5,-1,-1,-1,-1,4,1,E01023403,0
Unvalidated,2024010509980,2024,010509980,1,1,0,17,7,3,5,1,0,0,0,0,1,1,6,1,41,7,-1,-1,-1,-1,3,1,E01001349,0
Unvalidated,2024010509980,2024,010509980,2,1,0,18,3,7,5,1,0,0,0,0,1,1,6,1,38,7,-1,-1,-1,-1,9,1,E01002416,0
Unvalidated,2024010509984,2024,010509984,1,9,0,1,1,5,0,2,0,0,0,0,4,1,6,1,44,7,-1,-1,-1,-1,5,1,E01002616,0
Unvalidated,2024010509984,2024,010509984,2,1,0,18,7,3,0,2,0,0,0,0,1,1,6,1,27,6,-1,-1,-1,-1,6,1,E01002614,0
Unvalidated,2024010509986,2024,010509986,1,9,0,18,3,7,0,2,0,0,0,0,1,1,6,3,-1,-1,-1,-1,-1,-1,-1,-1,-1,0
Unvalidated,2024010509988,2024,010509988,1,5,0,18,7,3,0,8,0,0,0,0,4,1,6,1,60,9,-1,-1,-1,-1,3,1,E01002605,0
Unvalidated,2024010509988,2024,010509988,2,9,3,17,1,5,0,6,0,0,0,0,1,2,6,1,79,11,-1,-1,-1,-1,-1,-1,-1,0
Unvalidated,2024010509988,2024,010509988,3,9,0,3,7,3,0,1,0,0,0,0,1,1,6,2,41,7,-1,-1,-1,-1,7,1,E01003816,0
Unvalidated,2024010509988,2024,010509988,4,9,0,3,7,3,0,1,0,0,0,0,2,1,6,2,22,5,-1,-1,-1,-1,-1,-1,-1,0
Unvalidated,2024010509988,2024,010509988,5,19,0,3,7,3,0,1,0,0,0,0,0,1,1,1,20,4,-1,-1,-1,-1,-1,-1,-1,0
Unvalidated,2024010509989,2024,010509989,1,9,0,18,7,3,0,8,0,0,0,0,1,1,6,2,31,6,-1,-1,-1,-1,2,1,E01002604,0
Unvalidated,2024010509989,2024,010509989,2,9,0,7,3,5,0,8,0,0,0,0,1,1,4,2,39,7,-1,-1,-1,-1,6,1,E01002555,0
Unvalidated,2024010509990,2024,010509990,1,9,0,10,4,2,0,1,0,0,0,0,1,1,6,1,35,6,-1,-1,-1,-1,9,1,E01003383,0
Unvalidated,2024010509990,2024,010509990,2,9,0,9,7,5,0,5,1,0,6,0,1,1,6,2,25,5,-1,-1,-1,-1,3,1,E01004571,0
Unvalidated,2024010509990,2024,010509990,3,9,0,9,3,8,0,1,1,0,0,0,1,1,6,1,41,7,-1,-1,-1,-1,-1,-1,-1,0
Unvalidated,2024010509994,2024,010509994,1,9,0,99,9,9,99,9,9,99,9,99,9,9,6,3,-1,-1,-1,-1,-1,-1,2,1,E01003256,0
Unvalidated,2024010509995,2024,010509995,1,1,9,99,9,9,99,9,9,99,9,99,9,1,1,1,49,8,-1,-1,-1,-1,-1,-1,-1,0
Unvalidated,2024010509995,2024,010509995,2,9,0,99,9,9,99,9,9,99,9,99,1,9,6,1,33,6,-1,-1,-1,-1,6,1,E01001083,0
Unvalidated,2024010509996,2024,010509996,1,1,9,99,9,9,99,9,9,8,9,99,9,1,2,1,22,5,-1,-1,-1,-1,9,1,E01033101,0
Unvalidated,2024010509996,2024,010509996,2,9,0,99,9,9,99,9,9,99,9,99,9,9,6,2,44,7,-1,-1,-1,-1,8,1,E01001949,0
Unvalidated,2024010509998,2024,010509998,1,9,0,99,9,9,99,9,9,99,9,99,0,9,6,2,-1,-1,-1,-1,-1,-1,-1,-1,-1,0
Unvalidated,2024010510003,2024,010510003,1,9,0,11,1,5,0,8,0,0,0,0,4,1,6,1,19,4,-1,-1,-1,-1,2,1,E01003336,0
Unvalidated,2024010510003,2024,010510003,2,3,0,17,2,6,0,1,0,0,0,0,3,1,1,1,30,6,-1,-1,-1,-1,2,1,E01003540,0
Unvalidated,2024010510004,2024,010510004,1,9,0,18,1,5,0,1,0,0,0,0,1,1,6,1,46,8,-1,-1,-1,-1,5,1,E01004178,0
Unvalidated,2024010510004,2024,010510004,2,9,0,3,1,5,0,1,0,0,0,0,2,1,6,1,44,7,-1,-1,-1,-1,4,1,E01004150,0
Unvalidated,2024010510004,2024,010510004,3,9,0,18,1,5,0,1,0,0,0,0,2,1,6,1,75,10,-1,-1,-1,-1,10,1,E01004101,0
Unvalidated,2024010510008,2024,010510008,1,9,0,18,4,8,0,0,0,0,0,0,3,1,6,1,25,5,-1,-1,-1,-1,6,1,E01024340,0
Unvalidated,2024010510008,2024,010510008,2,1,0,18,4,8,0,0,0,8,0,0,3,1,6,2,37,7,-1,-1,-1,-1,1,1,E01000953,0
Unvalidated,2024010510009,2024,010510009,1,9,0,18,1,5,0,2,0,0,0,0,4,1,6,1,89,11,-1,-1,-1,-1,3,1,E01033607,0
Unvalidated,2024010510011,2024,010510011,1,9,0,99,9,9,99,9,9,99,9,99,2,9,6,2,51,8,-1,-1,-1,-1,9,1,E01001453,0
Unvalidated,2024010510011,2024,010510011,2,9,0,99,9,9,99,9,9,99,9,99,1,9,6,3,-1,-1,-1,-1,-1,-1,8,1,E01000116,0
Unvalidated,2024010510015,2024,010510015,1,9,0,3,1,5,0,4,0,0,0,0,1,1,6,1,36,7,-1,-1,-1,-1,6,1,E01000220,0
Unvalidated,2024010510015,2024,010510015,2,3,0,3,1,5,0,4,0,0,0,0,2,1,6,1,51,8,-1,-1,-1,-1,3,1,E01002079,0
Unvalidated,2024010510018,2024,010510018,1,9,0,3,3,7,0,2,0,0,0,0,2,1,6,1,30,6,-1,-1,-1,-1,-1,-1,-1,0
Unvalidated,2024010510018,2024,010510018,2,9,0,18,7,3,0,2,0,4,0,0,1,1,6,2,65,9,-1,-1,-1,-1,-1,-1,-1,0
Unvalidated,2024010510019,2024,010510019,1,9,0,99,9,9,99,9,9,99,9,99,9,9,6,2,59,9,-1,-1,-1,-1,2,1,E01007633,0
Unvalidated,2024010510019,2024,010510019,2,9,0,99,9,9,99,9,9,99,9,99,9,9,6,3,-1,-1,-1,-1,-1,-1,-1,-1,-1,0
Unvalidated,2024010510025,2024,010510025,1,9,0,4,3,7,0,8,0,0,0,0,1,1,6,2,41,7,-1,-1,-1,-1,2,1,E01000023,0
Unvalidated,2024010510025,2024,010510025,2,2,0,4,3,7,0,1,0,0,0,0,2,1,6,1,28,6,-1,-1,-1,-1,4,1,E01002248,0
Unvalidated,2024010510030,2024,010510030,1,9,0,5,7,3,0,1,0,0,0,0,1,1,1,1,64,9,-1,-1,-1,-1,2,1,E01000028,0
Unvalidated,2024010510030,2024,010510030,2,3,0,5,7,3,0,1,0,0,0,0,1,1,1,1,48,8,-1,-1,-1,-1,3,1,E01003597,0
Unvalidated,2024010510032,2024,010510032,1,9,0,99,9,9,99,0,9,99,9,99,9,1,6,3,58,9,-1,-1,-1,-1,7,1,E01000256,0
Unvalidated,2024010510033,2024,010510033,1,3,5,5,2,6,0,0,0,0,0,0,1,1,1,1,27,6,-1,-1,-1,-1,-1,-1,-1,0
Unvalidated,2024010510035,2024,010510035,1,1,9,99,9,9,99,9,9,99,9,99,9,1,6,1,37,7,-1,-1,-1,-1,7,1,E01000657,0
Unvalidated,2024010510035,2024,010510035,2,9,0,99,9,9,99,9,9,99,9,99,1,9,6,1,17,4,-1,-1,-1,-1,7,1,E01000764,0
Unvalidated,2024010510037,2024,010510037,1,1,0,4,5,1,0,1,0,0,0,0,2,1,1,1,26,6,-1,-1,-1,-1,6,1,E01000514,0
Unvalidated,2024010510037,2024,010510037,2,11,0,4,5,1,0,1,0,0,0,0,1,1,6,3,-1,-1,-1,-1,-1,-1,-1,-1,-1,0
Unvalidated,2024010510038,2024,010510038,1,9,0,18,1,5,0,1,0,0,0,0,1,1,6,2,37,7,-1,-1,-1,-1,4,1,E01023530,0
Unvalidated,2024010510038,2024,010510038,2,9,0,3,1,5,0,1,1,0,0,0,2,1,6,1,27,6,-1,-1,-1,-1,4,1,E01003758,0
Unvalidated,2024010510038,2024,010510038,3,9,0,3,1,5,0,1,0,0,0,0,2,1,6,2,35,6,-1,-1,-1,-1,3,1,E01000195,0
Unvalidated,2024010510039,2024,010510039,1,9,0,18,1,5,0,8,1,0,7,0,1,1,1,1,28,6,-1,-1,-1,-1,8,1,E01000673,0
Unvalidated,2024010510039,2024,010510039,2,9,0,9,1,8,0,5,1,0,7,11,4,1,6,1,67,10,-1,-1,-1,-1,1,1,E01001772,0
Unvalidated,2024010510041,2024,010510041,1,5,0,18,1,5,0,1,0,0,0,0,1,1,6,1,41,7,-1,-1,-1,-1,6,1,E01000324,0
Unvalidated,2024010510041,2024,010510041,2,1,0,12,1,5,9,8,0,0,0,0,0,1,6,1,25,5,-1,-1,-1,-1,3,1,E01015813,0
Unvalidated,2024010510045,2024,010510045,1,11,0,18,7,3,2,5,0,0,0,0,0,1,1,1,27,6,-1,-1,-1,-1,2,1,E01004271,0
Unvalidated,2024010510045,2024,010510045,2,9,0,7,5,7,0,8,0,0,0,0,1,1,6,3,-1,-1,-1,-1,-1,-1,-1,-1,-1,0
Unvalidated,2024010510046,2024,010510046,1,9,0,18,6,2,9,3,1,0,8,7,1,1,6,1,18,4,-1,-1,-1,-1,10,1,E01000811,0
Unvalidated,2024010510047,2024,010510047,1,11,0,18,7,3,0,1,0,0,0,0,1,1,6,1,27,6,-1,-1,-1,-1,5,1,E01000036,0
Unvalidated,2024010510048,2024,010510048,1,9,0,18,5,1,9,1,0,10,3,10,1,1,6,1,42,7,-1,-1,-1,-1,2,1,E01004089,0
Unvalidated,2024010510049,2024,010510049,1,3,0,18,3,7,0,8,0,0,7,0,4,1,1,1,25,5,-1,-1,-1,-1,3,1,E01003565,0
Unvalidated,2024010510049,2024,010510049,2,9,0,5,5,1,0,6,0,0,0,0,1,1,6,3,-1,-1,-1,-1,-1,-1,-1,-1,-1,0
Unvalidated,2024010510054,2024,010510054,1,9,0,9,3,1,0,8,0,0,0,0,1,1,6,3,-1,-1,-1,-1,-1,-1,-1,-1,-1,0
Unvalidated,2024010510054,2024,010510054,2,1,0,18,1,5,0,8,0,0,0,0,1,1,1,1,29,6,-1,-1,-1,-1,2,1,E01004062,0
Unvalidated,2024010510057,2024,010510057,1,9,0,99,9,9,99,0,9,99,9,99,2,9,6,2,60,9,-1,-1,-1,-1,6,1,E01001563,0
Unvalidated,2024010510057,2024,010510057,2,9,0,99,9,9,99,0,9,99,9,99,1,9,6,3,-1,-1,-1,-1,-1,-1,-1,-1,-1,0
Unvalidated,2024010510060,2024,010510060,1,9,0,18,7,3,0,1,0,0,0,0,1,1,2,1,62,9,-1,-1,-1,-1,7,1,E01002223,0
Unvalidated,2024010510063,2024,010510063,1,3,0,9,3,8,0,0,5,0,0,0,2,1,6,1,19,4,-1,-1,-1,-1,2,1,E01001943,0
Unvalidated,2024010510063,2024,010510063,2,4,0,18,4,8,0,0,5,0,0,0,1,1,6,1,55,8,-1,-1,-1,-1,8,1,E01002981,0
Unvalidated,2024010510064,2024,010510064,1,9,0,8,2,5,0,2,0,0,0,0,0,1,1,1,28,6,-1,-1,-1,-1,9,1,E01023882,0
Unvalidated,2024010510064,2024,010510064,2,1,0,14,6,2,0,8,0,0,0,0,1,1,6,1,26,6,-1,-1,-1,-1,-1,-1,-1,0
Unvalidated,2024010510067,2024,010510067,1,9,0,2,0,0,0,0,0,0,0,0,2,1,6,3,-1,-1,-1,-1,-1,-1,-1,-1,-1,0
Unvalidated,2024010510067,2024,010510067,2,9,0,16,1,5,0,0,0,4,1,11,1,1,6,1,24,5,-1,-1,-1,-1,-1,-1,-1,0
Unvalidated,2024010510069,2024,010510069,1,9,0,7,5,7,9,7,0,0,1,0,3,1,6,1,23,5,-1,-1,-1,-1,1,1,E01000744,0
Unvalidated,2024010510069,2024,010510069,2,11,0,18,3,7,0,2,0,0,0,0,4,1,1,1,61,9,-1,-1,-1,-1,6,1,E01001059,0
Unvalidated,2024010510072,2024,010510072,1,4,0,18,3,7,0,0,1,10,0,0,1,1,6,2,25,5,-1,-1,-1,-1,2,1,E01001588,0
Unvalidated,2024010510073,2024,010510073,1,9,0,18,6,2,0,1,0,0,0,0,1,1,6,3,-1,-1,-1,-1,-1,-1,-1,-1,-1,0
Unvalidated,2024010510075,2024,010510075,1,9,0,18,5,1,0,0,0,0,0,0,1,1,6,3,-1,-1,-1,-1,-1,-1,-1,-1,-1,0
Unvalidated,2024010510075,2024,010510075,2,1,0,18,5,1,0,0,0,0,0,0,2,1,6,1,29,6,-1,-1,-1,-1,4,1,E01003530,0
Unvalidated,2024010510081,2024,010510081,1,9,0,18,4,8,0,0,1,0,0,0,1,1,6,2,21,5,-1,-1,-1,-1,8,1,E01000828,0