status,collision_index,collision_year,collision_reference,vehicle_reference,vehicle_type,towing_and_articulation,vehicle_manoeuvre,vehicle_direction_from,vehicle_direction_to,vehicle_location_restricted_lane,junction_location,skidding_and_overturning,hit_object_in_carriageway,vehicle_leaving_carriageway,hit_object_off_carriageway,first_point_of_impact,vehicle_left_hand_drive,journey_purpose_of_driver,sex_of_driver,age_of_driver,age_band_of_driver,engine_capacity_cc,propulsion_code,age_of_vehicle,generic_make_model,driver_imd_decile,driver_home_area_type,lsoa_of_driver,escooter_flag
Unvalidated,2024010510081,2024,010510081,2,9,0,2,0,0,0,0,0,0,0,0,2,1,6,3,-1,-1,-1,-1,-1,-1,-1,-1,-1,0
Unvalidated,2024010510083,2024,010510083,1,3,0,99,9,9,99,9,9,99,9,99,1,1,6,1,24,5,-1,-1,-1,-1,5,1,E01001189,0
Unvalidated,2024010510083,2024,010510083,2,9,0,99,9,9,99,9,9,99,9,99,9,9,6,3,-1,-1,-1,-1,-1,-1,-1,-1,-1,0
Unvalidated,2024010510087,2024,010510087,1,3,0,18,7,3,0,1,0,0,0,0,1,1,6,1,24,5,-1,-1,-1,-1,-1,-1,-1,0
Unvalidated,2024010510087,2024,010510087,2,9,0,18,3,7,0,1,0,0,0,0,2,1,6,3,-1,-1,-1,-1,-1,-1,-1,-1,-1,0
Unvalidated,2024010510088,2024,010510088,1,3,0,99,9,9,99,9,9,99,9,99,9,1,6,1,20,4,-1,-1,-1,-1,5,1,E01001381,0
Unvalidated,2024010510088,2024,010510088,2,9,0,99,9,9,99,9,9,99,9,99,9,9,6,3,-1,-1,-1,-1,-1,-1,-1,-1,-1,0
Unvalidated,2024010510094,2024,010510094,1,3,0,99,9,9,99,9,9,99,9,99,9,1,2,1,39,7,-1,-1,-1,-1,3,1,E01003609,0
Unvalidated,2024010510094,2024,010510094,2,9,0,99,9,9,99,9,9,99,9,99,9,9,6,3,-1,-1,-1,-1,-1,-1,-1,-1,-1,0
Unvalidated,2024010510096,2024,010510096,1,1,9,99,9,9,99,9,9,99,9,99,9,1,6,1,41,7,-1,-1,-1,-1,7,1,E01002228,0
Unvalidated,2024010510096,2024,010510096,2,19,0,99,9,9,99,9,9,99,9,99,9,9,6,1,43,7,-1,-1,-1,-1,3,1,E01000741,0
Unvalidated,2024010510098,2024,010510098,1,5,9,99,9,9,99,9,9,99,9,99,9,1,6,1,38,7,-1,-1,-1,-1,2,1,E01003593,0
Unvalidated,2024010510098,2024,010510098,2,9,0,99,9,9,99,9,9,99,9,99,9,9,6,3,-1,-1,-1,-1,-1,-1,-1,-1,-1,0
Unvalidated,2024010510102,2024,010510102,1,3,0,99,9,9,99,9,9,99,9,99,9,1,1,3,28,6,-1,-1,-1,-1,2,1,E01000527,0
Unvalidated,2024010510102,2024,010510102,2,9,0,99,9,9,99,9,9,99,9,99,9,9,6,3,-1,-1,-1,-1,-1,-1,-1,-1,-1,0
Unvalidated,2024010510106,2024,010510106,1,3,0,99,9,9,99,0,9,99,9,99,9,1,2,1,17,4,-1,-1,-1,-1,6,1,E01002678,0
Unvalidated,2024010510106,2024,010510106,2,9,0,99,9,9,99,0,9,99,9,99,9,9,6,3,47,8,-1,-1,-1,-1,4,1,E01003907,0
Unvalidated,2024010510108,2024,010510108,1,9,0,9,7,5,0,8,0,0,0,0,1,1,6,1,45,7,-1,-1,-1,-1,8,3,E01021347,0
Unvalidated,2024010510112,2024,010510112,1,3,0,99,9,9,99,9,9,99,9,99,1,1,1,1,38,7,-1,-1,-1,-1,3,1,E01001505,0
Unvalidated,2024010510112,2024,010510112,2,9,9,99,9,9,99,9,9,99,9,99,1,9,6,3,-1,-1,-1,-1,-1,-1,-1,-1,-1,0
Unvalidated,2024010510115,2024,010510115,1,9,0,18,5,1,0,0,0,0,4,6,3,1,1,1,21,5,-1,-1,-1,-1,8,1,E01021574,0
Unvalidated,2024010510115,2024,010510115,2,21,1,18,5,1,0,0,0,0,0,0,4,1,1,1,56,9,-1,-1,-1,-1,6,1,E01029983,0
Unvalidated,2024010510122,2024,010510122,1,1,0,7,5,7,0,8,1,0,0,0,1,1,1,1,36,7,-1,-1,-1,-1,2,1,E01000951,0
Unvalidated,2024010510123,2024,010510123,1,9,0,1,1,3,0,8,0,0,0,0,0,1,6,1,29,6,-1,-1,-1,-1,3,1,E01032574,0
Unvalidated,2024010510123,2024,010510123,2,9,0,18,5,1,0,1,0,0,7,3,0,1,6,1,22,5,-1,-1,-1,-1,3,1,E01000044,0
Unvalidated,2024010510126,2024,010510126,1,3,0,99,9,9,99,9,9,99,9,99,9,1,6,1,20,4,-1,-1,-1,-1,5,1,E01001381,0
Unvalidated,2024010510126,2024,010510126,2,9,0,99,9,9,99,9,9,99,9,99,1,9,6,3,-1,-1,-1,-1,-1,-1,-1,-1,-1,0
Unvalidated,2024010510128,2024,010510128,1,3,0,99,9,9,99,9,9,99,9,99,1,1,2,1,38,7,-1,-1,-1,-1,4,1,E01001047,0
Unvalidated,2024010510128,2024,010510128,2,9,0,99,9,9,99,9,9,99,9,99,9,9,6,3,-1,-1,-1,-1,-1,-1,-1,-1,-1,0
Unvalidated,2024010510130,2024,010510130,1,1,0,18,2,6,0,1,0,0,0,0,0,1,4,1,19,4,-1,-1,-1,-1,2,1,E01001959,0
Unvalidated,2024010510130,2024,010510130,2,19,0,7,2,4,0,1,0,0,0,0,3,1,1,1,55,8,-1,-1,-1,-1,8,1,E01021824,0
Unvalidated,2024010510134,2024,010510134,1,9,0,5,7,3,9,0,0,0,0,0,2,1,2,1,43,7,-1,-1,-1,-1,2,1,E01001130,0
Unvalidated,2024010510148,2024,010510148,1,8,0,18,7,3,0,0,0,4,7,10,1,1,1,1,65,9,-1,-1,-1,-1,5,1,E01000892,0
Unvalidated,2024010510148,2024,010510148,2,9,0,2,0,0,6,0,0,0,0,0,0,1,6,3,-1,-1,-1,-1,-1,-1,-1,-1,-1,0
Unvalidated,2024010510148,2024,010510148,3,9,0,2,0,0,6,0,0,0,0,0,0,1,6,3,-1,-1,-1,-1,-1,-1,-1,-1,-1,0
Unvalidated,2024010510148,2024,010510148,4,9,0,18,7,3,0,0,0,0,1,11,2,1,1,1,60,9,-1,-1,-1,-1,4,1,E01003900,0
Unvalidated,2024010510148,2024,010510148,5,9,0,2,0,0,6,0,0,0,0,0,2,1,6,3,-1,-1,-1,-1,-1,-1,-1,-1,-1,0
Unvalidated,2024010510148,2024,010510148,6,9,0,2,0,0,6,0,0,0,0,0,4,1,6,3,-1,-1,-1,-1,-1,-1,-1,-1,-1,0
Unvalidated,2024010510156,2024,010510156,1,11,0,3,1,5,2,2,0,0,0,0,2,1,1,1,55,8,-1,-1,-1,-1,5,1,E01004076,0
Unvalidated,2024010510156,2024,010510156,2,9,0,14,1,5,0,2,0,4,0,0,1,1,6,2,47,8,-1,-1,-1,-1,6,1,E01001033,0
Unvalidated,2024010510158,2024,010510158,1,9,0,5,1,5,0,1,0,0,1,0,2,2,6,2,26,6,-1,-1,-1,-1,3,1,E01001240,0
Unvalidated,2024010510161,2024,010510161,1,9,0,99,9,9,99,0,9,99,9,99,2,9,6,1,32,6,-1,-1,-1,-1,4,1,E01003441,0
Unvalidated,2024010510161,2024,010510161,2,9,0,99,9,9,99,0,9,99,9,99,2,9,6,3,-1,-1,-1,-1,-1,-1,4,1,E01003441,0
Unvalidated,2024010510164,2024,010510164,1,19,0,7,4,7,0,1,0,0,0,0,1,1,1,1,61,9,-1,-1,-1,-1,4,1,E01003758,0
Unvalidated,2024010510164,2024,010510164,2,1,0,15,2,6,0,1,0,0,0,0,1,1,6,1,19,4,-1,-1,-1,-1,2,1,E01004435,0
Unvalidated,2024010510165,2024,010510165,1,9,0,9,5,3,0,1,0,0,0,0,3,1,6,1,41,7,-1,-1,-1,-1,2,1,E01004253,0
Unvalidated,2024010510165,2024,010510165,2,9,0,18,1,5,0,1,0,0,0,0,1,1,6,3,-1,-1,-1,-1,-1,-1,-1,-1,-1,0
Unvalidated,2024010510169,2024,010510169,1,9,0,18,3,7,0,5,1,0,0,0,3,1,6,2,63,9,-1,-1,-1,-1,7,1,E01000147,0
Unvalidated,2024010510169,2024,010510169,2,19,0,5,5,1,0,8,0,0,1,0,1,1,2,1,52,8,-1,-1,-1,-1,10,1,E01016185,0
Unvalidated,2024010510172,2024,010510172,1,9,0,9,1,7,0,5,0,0,0,0,1,1,6,1,57,9,-1,-1,-1,-1,4,1,E01004526,0
Unvalidated,2024010510173,2024,010510173,1,3,0,99,9,9,99,9,9,99,9,99,9,1,6,3,32,6,-1,-1,-1,-1,3,1,E01004031,0
Unvalidated,2024010510173,2024,010510173,2,9,0,99,9,9,99,9,9,99,9,99,9,9,6,3,-1,-1,-1,-1,-1,-1,-1,-1,-1,0
Unvalidated,2024010510176,2024,010510176,1,3,0,99,9,9,99,9,9,99,9,99,1,1,6,1,34,6,-1,-1,-1,-1,3,1,E01001240,0
Unvalidated,2024010510176,2024,010510176,2,9,0,99,9,9,99,9,9,99,9,99,1,9,6,3,-1,-1,-1,-1,-1,-1,-1,-1,-1,0
Unvalidated,2024010510177,2024,010510177,1,9,0,99,9,9,99,9,9,99,9,99,9,9,6,1,61,9,-1,-1,-1,-1,4,1,E01002016,0
Unvalidated,2024010510177,2024,010510177,2,1,9,99,9,9,99,9,9,99,9,99,1,1,6,2,22,5,-1,-1,-1,-1,7,1,E01000493,0
Unvalidated,2024010510179,2024,010510179,1,1,9,99,9,9,99,0,9,99,9,99,1,1,6,1,33,6,-1,-1,-1,-1,4,1,E01002448,0
Unvalidated,2024010510179,2024,010510179,2,9,0,99,9,9,99,0,9,99,9,99,9,9,6,3,-1,-1,-1,-1,-1,-1,3,1,E01023972,0
Unvalidated,2024010510181,2024,010510181,1,3,0,99,9,9,99,9,9,99,9,99,1,1,1,1,42,7,-1,-1,-1,-1,3,1,E01001981,0
Unvalidated,2024010510181,2024,010510181,2,9,0,99,9,9,99,9,9,99,9,99,1,9,6,3,-1,-1,-1,-1,-1,-1,-1,-1,-1,0
Unvalidated,2024010510182,2024,010510182,1,1,9,99,9,9,99,9,9,99,9,99,9,1,2,1,26,6,-1,-1,-1,-1,3,1,E01000058,0
Unvalidated,2024010510182,2024,010510182,2,9,0,99,9,9,99,9,9,99,9,99,1,9,6,3,-1,-1,-1,-1,-1,-1,-1,-1,-1,0
Unvalidated,2024010510185,2024,010510185,1,3,0,99,9,9,99,1,9,99,9,99,9,1,1,3,26,6,-1,-1,-1,-1,5,1,E01000996,0
Unvalidated,2024010510185,2024,010510185,2,9,0,99,9,9,99,6,9,99,9,99,9,9,6,3,-1,-1,-1,-1,-1,-1,-1,-1,-1,0
Unvalidated,2024010510186,2024,010510186,1,3,0,99,9,9,99,9,9,99,9,99,2,1,6,1,22,5,-1,-1,-1,-1,3,1,E01003569,0
Unvalidated,2024010510186,2024,010510186,2,8,0,99,9,9,99,9,9,99,9,99,1,9,6,3,-1,-1,-1,-1,-1,-1,-1,-1,-1,0
Unvalidated,2024010510190,2024,010510190,1,11,0,18,1,5,0,1,0,0,0,0,0,1,1,1,42,7,-1,-1,-1,-1,1,1,E01000605,0
Unvalidated,2024010510193,2024,010510193,1,3,0,99,9,9,99,9,9,99,9,99,9,1,1,1,32,6,-1,-1,-1,-1,9,1,E01000765,0
Unvalidated,2024010510193,2024,010510193,2,9,0,99,9,9,99,9,9,99,9,99,9,9,6,3,-1,-1,-1,-1,-1,-1,4,1,E01003308,0
Unvalidated,2024010510194,2024,010510194,1,3,0,99,9,9,99,9,9,99,9,99,9,1,1,1,32,6,-1,-1,-1,-1,5,1,E01001685,0
Unvalidated,2024010510194,2024,010510194,2,9,0,99,9,9,99,9,9,99,9,99,9,9,6,3,-1,-1,-1,-1,-1,-1,-1,-1,-1,0
Unvalidated,2024010510195,2024,010510195,1,9,0,3,3,7,0,2,0,0,0,0,4,1,2,2,65,9,-1,-1,-1,-1,8,3,E01018224,0
Unvalidated,2024010510197,2024,010510197,1,19,0,18,1,5,0,1,0,0,0,0,1,1,3,1,43,7,-1,-1,-1,-1,3,1,E01004331,0
Unvalidated,2024010510197,2024,010510197,2,90,0,4,1,5,0,1,0,0,0,0,2,1,1,1,48,8,-1,-1,-1,-1,3,1,E01004342,0
Unvalidated,2024010510198,2024,010510198,1,1,9,99,9,9,99,9,9,99,9,99,9,1,2,1,30,6,-1,-1,-1,-1,8,1,E01032637,0
Unvalidated,2024010510198,2024,010510198,2,9,0,99,9,9,99,9,9,99,9,99,9,9,6,3,-1,-1,-1,-1,-1,-1,3,1,E01003250,0
Unvalidated,2024010510199,2024,010510199,1,20,0,18,2,6,0,1,0,0,0,0,3,1,1,1,23,5,-1,-1,-1,-1,4,1,E01024582,0
Unvalidated,2024010510204,2024,010510204,1,9,0,18,3,7,0,2,5,4,1,0,1,1,6,1,56,9,-1,-1,-1,-1,-1,-1,-1,0
Unvalidated,2024010510205,2024,010510205,1,1,9,99,9,9,99,9,9,99,9,99,2,1,2,1,35,6,-1,-1,-1,-1,2,1,E01003176,0
Unvalidated,2024010510205,2024,010510205,2,9,0,99,9,9,99,9,9,99,9,99,1,9,6,3,-1,-1,-1,-1,-1,-1,-1,-1,-1,0
Unvalidated,2024010510210,2024,010510210,1,9,0,99,9,9,99,9,9,99,9,99,2,9,2,1,25,5,-1,-1,-1,-1,1,1,E01002773,0
Unvalidated,2024010510210,2024,010510210,2,9,0,99,9,9,99,9,9,99,9,99,1,9,6,3,-1,-1,-1,-1,-1,-1,1,1,E01033086,0
Unvalidated,2024010510211,2024,010510211,1,8,0,99,9,9,99,9,9,99,9,99,2,9,6,3,-1,-1,-1,-1,-1,-1,-1,-1,-1,0
Unvalidated,2024010510214,2024,010510214,1,19,0,18,5,1,0,1,0,0,0,0,1,1,6,1,44,7,-1,-1,-1,-1,3,1,E01003405,0
Unvalidated,2024010510214,2024,010510214,2,9,0,9,7,4,0,1,0,0,0,0,1,1,6,2,61,9,-1,-1,-1,-1,8,1,E01004649,0
Unvalidated,2024010510217,2024,010510217,1,3,0,99,9,9,99,9,9,99,9,99,9,1,1,3,19,4,-1,-1,-1,-1,6,1,E01003762,0
Unvalidated,2024010510217,2024,010510217,2,9,9,99,9,9,99,9,9,99,9,99,9,9,6,3,-1,-1,-1,-1,-1,-1,-1,-1,-1,0
Unvalidated,2024010510220,2024,010510220,1,9,9,99,9,9,99,9,9,99,9,99,9,9,6,1,30,6,-1,-1,-1,-1,1,1,E01001196,0
Unvalidated,2024010510225,2024,010510225,1,19,0,13,3,7,0,0,0,0,0,0,0,1,1,1,24,5,-1,-1,-1,-1,5,1,E01004733,0
Unvalidated,2024010510225,2024,010510225,2,3,0,4,7,3,0,0,2,0,0,0,0,1,6,1,37,7,-1,-1,-1,-1,5,1,E01001277,0
Unvalidated,2024010510226,2024,010510226,1,5,0,7,1,4,0,5,1,0,1,0,0,1,6,1,46,8,-1,-1,-1,-1,9,1,E01003356,0
Unvalidated,2024010510227,2024,010510227,1,9,0,18,7,3,0,1,0,0,0,0,1,1,6,1,62,9,-1,-1,-1,-1,7,1,E01001120,0
Unvalidated,2024010510227,2024,010510227,2,9,0,9,5,3,0,1,0,0,0,0,1,1,2,1,46,8,-1,-1,-1,-1,-1,-1,-1,0
Unvalidated,2024010510227,2024,010510227,3,9,0,10,5,3,0,1,0,0,0,0,1,1,6,2,17,4,-1,-1,-1,-1,7,1,E01004159,0
Unvalidated,2024010510235,2024,010510235,1,1,9,99,9,9,99,9,9,99,9,99,9,1,6,2,29,6,-1,-1,-1,-1,6,1,E01001662,0
Unvalidated,2024010510235,2024,010510235,2,9,0,99,9,9,99,9,9,99,9,99,1,9,6,3,-1,-1,-1,-1,-1,-1,-1,-1,-1,0
Unvalidated,2024010510237,2024,010510237,1,11,0,18,1,5,0,0,0,0,0,0,1,1,1,1,64,9,-1,-1,-1,-1,3,1,E01004064,0
Unvalidated,2024010510238,2024,010510238,1,19,0,99,9,9,99,9,9,99,9,99,2,9,2,1,58,9,-1,-1,-1,-1,9,1,E01021919,0
Unvalidated,2024010510238,2024,010510238,2,19,0,99,9,9,99,9,9,99,9,99,1,9,6,3,-1,-1,-1,-1,-1,-1,-1,-1,-1,0
Unvalidated,2024010510238,2024,010510238,3,9,0,99,9,9,99,9,9,99,9,99,9,9,6,3,-1,-1,-1,-1,-1,-1,-1,-1,-1,0
Unvalidated,2024010510239,2024,010510239,1,9,0,18,6,2,0,8,0,0,0,0,4,1,1,1,71,10,-1,-1,-1,-1,2,1,E01004398,0
Unvalidated,2024010510239,2024,010510239,2,9,0,5,8,4,0,8,0,0,0,0,1,1,6,1,59,9,-1,-1,-1,-1,4,1,E01003034,0
Unvalidated,2024010510241,2024,010510241,1,9,0,9,1,8,0,8,0,0,0,0,4,1,6,1,28,6,-1,-1,-1,-1,7,1,E01000317,0
Unvalidated,2024010510241,2024,010510241,2,5,0,18,5,1,0,8,0,0,0,0,1,1,6,1,28,6,-1,-1,-1,-1,5,1,E01023791,0
Unvalidated,2024010510244,2024,010510244,1,9,0,18,7,3,0,2,0,0,0,0,4,1,6,1,35,6,-1,-1,-1,-1,2,1,E01030024,0
Unvalidated,2024010510244,2024,010510244,2,1,0,18,3,7,0,1,0,0,0,0,1,1,6,1,53,8,-1,-1,-1,-1,9,1,E01021748,0
Unvalidated,2024010510246,2024,010510246,1,9,0,3,3,7,99,9,9,99,0,0,2,1,6,2,28,6,-1,-1,-1,-1,2,1,E01003598,0
Unvalidated,2024010510246,2024,010510246,2,9,0,18,3,7,0,1,0,99,0,0,1,1,6,1,-1,-1,-1,-1,-1,-1,-1,-1,-1,0
Unvalidated,2024010510248,2024,010510248,1,9,0,11,7,3,0,0,0,0,0,0,4,1,6,3,-1,-1,-1,-1,-1,-1,-1,-1,-1,0
Unvalidated,2024010510248,2024,010510248,2,3,0,18,7,3,0,0,0,0,0,0,3,1,6,1,28,6,-1,-1,-1,-1,6,1,E01000110,0
Unvalidated,2024010510249,2024,010510249,1,19,0,9,2,1,0,6,0,0,0,0,4,1,6,1,35,6,-1,-1,-1,-1,6,1,E01002523,0
Unvalidated,2024010510249,2024,010510249,2,1,0,15,7,3,0,1,0,0,0,0,4,1,1,2,37,7,-1,-1,-1,-1,3,1,E01003915,0
Unvalidated,2024010510252,2024,010510252,1,9,0,17,1,5,0,8,5,7,0,0,1,1,1,1,50,8,-1,-1,-1,-1,-1,-1,-1,0
Unvalidated,2024010510261,2024,010510261,1,9,0,18,1,5,0,1,0,0,0,0,1,1,6,2,24,5,-1,-1,-1,-1,2,1,E01033148,0
Unvalidated,2024010510261,2024,010510261,2,9,0,9,5,2,0,2,0,0,0,0,1,1,6,1,24,5,-1,-1,-1,-1,1,1,E01004722,0
Unvalidated,2024010510264,2024,010510264,1,9,0,18,8,4,0,0,0,0,0,0,2,1,1,1,53,8,-1,-1,-1,-1,2,1,E01001250,0
Unvalidated,2024010510264,2024,010510264,2,1,0,13,8,4,0,0,0,0,0,0,1,1,6,1,41,7,-1,-1,-1,-1,9,1,E01001299,0
Unvalidated,2024010510265,2024,010510265,1,9,9,99,9,9,99,9,9,99,9,99,9,9,6,3,-1,-1,-1,-1,-1,-1,-1,-1,-1,0
Unvalidated,2024010510267,2024,010510267,1,1,9,99,9,9,99,9,9,99,9,99,9,1,2,2,25,5,-1,-1,-1,-1,3,1,E01004437,0
Unvalidated,2024010510267,2024,010510267,2,19,0,99,9,9,99,9,9,99,9,99,9,9,6,3,49,8,-1,-1,-1,-1,3,1,E01002554,0
Unvalidated,2024010510269,2024,010510269,1,9,0,5,3,7,0,1,0,0,0,0,0,1,3,2,45,7,-1,-1,-1,-1,8,1,E01001062,0
Unvalidated,2024010510271,2024,010510271,1,9,0,99,9,9,99,9,9,99,9,99,2,9,6,1,39,7,-1,-1,-1,-1,4,1,E01021277,0
Unvalidated,2024010510271,2024,010510271,2,5,0,99,9,9,99,9,9,99,9,99,1,1,6,3,-1,-1,-1,-1,-1,-1,-1,-1,-1,0
Unvalidated,2024010510274,2024,010510274,1,9,0,18,1,5,0,1,0,0,0,0,3,1,2,2,29,6,-1,-1,-1,-1,10,1,E01024423,0
Unvalidated,2024010510274,2024,010510274,2,9,0,18,5,1,0,1,0,0,7,0,3,1,6,1,63,9,-1,-1,-1,-1,7,1,E01003167,0
Unvalidated,2024010510276,2024,010510276,1,1,9,99,9,9,99,9,9,99,9,99,2,1,2,3,30,6,-1,-1,-1,-1,5,1,E01001708,0
Unvalidated,2024010510276,2024,010510276,2,9,0,99,9,9,99,9,9,99,9,99,2,9,6,3,-1,-1,-1,-1,-1,-1,-1,-1,-1,0
Unvalidated,2024010510279,2024,010510279,1,3,0,16,6,2,0,0,1,10,7,11,1,1,6,1,22,5,-1,-1,-1,-1,4,1,E01002607,0
Unvalidated,2024010510279,2024,010510279,2,19,0,2,0,0,0,0,0,0,1,0,0,1,6,3,-1,-1,-1,-1,-1,-1,-1,-1,-1,0
Unvalidated,2024010510282,2024,010510282,1,3,0,17,1,5,0,2,0,0,0,0,1,1,6,1,49,8,-1,-1,-1,-1,6,1,E01002126,0
Unvalidated,2024010510282,2024,010510282,2,9,0,10,1,7,0,6,0,0,0,0,3,1,6,2,73,10,-1,-1,-1,-1,9,1,E01023811,0
Unvalidated,2024010510285,2024,010510285,1,9,0,4,3,7,0,2,0,0,0,0,2,1,1,1,33,6,-1,-1,-1,-1,8,3,E01017818,0
Unvalidated,2024010510285,2024,010510285,2,19,0,4,3,7,0,2,0,0,0,0,1,1,1,1,50,8,-1,-1,-1,-1,3,1,E01016444,0
Unvalidated,2024010510290,2024,010510290,1,3,4,99,9,9,99,9,9,99,9,99,1,1,6,1,29,6,-1,-1,-1,-1,4,1,E01003743,0
Unvalidated,2024010510290,2024,010510290,2,9,0,99,9,9,99,9,9,99,9,99,1,9,6,3,-1,-1,-1,-1,-1,-1,4,1,E01003684,0
Unvalidated,2024010510293,2024,010510293,1,9,0,6,4,4,0,0,0,0,0,0,0,1,2,1,49,8,-1,-1,-1,-1,3,1,E01023142,0
Unvalidated,2024010510293,2024,010510293,2,1,0,3,4,8,4,0,0,0,1,0,1,1,2,1,41,7,-1,-1,-1,-1,3,1,E01033492,0
Unvalidated,2024010510294,2024,010510294,1,9,0,5,3,7,0,1,0,0,0,0,1,1,6,1,23,5,-1,-1,-1,-1,3,1,E01001368,0
Unvalidated,2024010510295,2024,010510295,1,9,0,5,0,2,0,0,0,0,0,0,3,1,6,1,29,6,-1,-1,-1,-1,6,1,E01000220,0
Unvalidated,2024010510295,2024,010510295,2,97,0,18,6,2,0,0,0,0,0,0,4,1,6,1,26,6,-1,-1,-1,-1,2,1,E01003598,0
Unvalidated,2024010510302,2024,010510302,1,9,0,17,6,2,0,2,1,4,0,0,1,1,2,1,23,5,-1,-1,-1,-1,1,1,E01001840,0
Unvalidated,2024010510302,2024,010510302,2,9,0,2,0,0,0,2,0,0,0,0,2,1,6,3,-1,-1,-1,-1,-1,-1,-1,-1,-1,0
Unvalidated,2024010510303,2024,010510303,1,3,0,99,9,9,99,9,9,99,9,99,9,1,1,3,29,6,-1,-1,-1,-1,5,1,E01003140,0
Unvalidated,2024010510303,2024,010510303,2,9,0,99,9,9,99,9,9,99,9,99,9,9,6,3,-1,-1,-1,-1,-1,-1,-1,-1,-1,0
Unvalidated,2024010510307,2024,010510307,1,9,0,5,5,1,0,2,0,11,0,0,1,1,2,1,33,6,-1,-1,-1,-1,3,1,E01003728,0
Unvalidated,2024010510313,2024,010510313,1,9,0,7,7,1,0,1,0,0,0,0,3,1,3,2,47,8,-1,-1,-1,-1,6,1,E01001597,0
Unvalidated,2024010510317,2024,010510317,1,9,5,3,5,1,0,2,0,0,0,0,3,1,2,1,42,7,-1,-1,-1,-1,4,1,E01004061,0
Unvalidated,2024010510317,2024,010510317,2,1,0,18,5,1,0,8,0,0,0,0,1,1,2,1,57,9,-1,-1,-1,-1,3,1,E01004019,0
Unvalidated,2024010510318,2024,010510318,1,1,9,99,9,9,99,9,9,99,9,99,9,1,2,1,39,7,-1,-1,-1,-1,2,1,E01001776,0
Unvalidated,2024010510318,2024,010510318,2,98,0,99,9,9,99,9,9,99,9,99,9,9,6,1,35,6,-1,-1,-1,-1,4,1,E01001484,0
Unvalidated,2024010510319,2024,010510319,1,11,0,5,5,1,0,1,0,0,0,0,1,1,1,1,61,9,-1,-1,-1,-1,1,1,E01002081,0
Unvalidated,2024010510321,2024,010510321,1,20,0,99,9,9,99,9,9,99,9,99,0,9,1,1,65,9,-1,-1,-1,-1,5,1,E01003480,0
Unvalidated,2024010510321,2024,010510321,2,9,0,99,9,9,99,9,9,99,9,99,9,9,6,3,-1,-1,-1,-1,-1,-1,-1,-1,-1,0
Unvalidated,2024010510322,2024,010510322,1,3,0,99,9,9,99,9,9,99,9,99,1,1,2,2,29,6,-1,-1,-1,-1,5,1,E01003130,0
Unvalidated,2024010510322,2024,010510322,2,9,0,99,9,9,99,9,9,99,9,99,9,9,6,3,-1,-1,-1,-1,-1,-1,-1,-1,-1,0
Unvalidated,2024010510325,2024,010510325,1,19,0,18,7,3,0,0,0,0,0,0,1,1,6,3,-1,-1,-1,-1,-1,-1,4,2,E01031862,0
Unvalidated,2024010510325,2024,010510325,2,21,0,18,7,3,0,0,0,0,0,0,0,1,1,1,67,10,-1,-1,-1,-1,5,1,E01023529,0
Unvalidated,2024010510326,2024,010510326,1,1,9,99,9,9,99,1,9,99,9,99,9,1,6,2,26,6,-1,-1,-1,-1,4,1,E01003913,0
Unvalidated,2024010510326,2024,010510326,2,9,0,99,9,9,99,6,9,99,9,99,1,9,6,3,-1,-1,-1,-1,-1,-1,1,1,E01004040,0
Unvalidated,2024010510327,2024,010510327,1,9,0,18,8,4,0,8,0,0,0,0,3,1,6,2,30,6,-1,-1,-1,-1,9,1,E01004116,0
Unvalidated,2024010510327,2024,010510327,2,9,0,9,4,2,0,8,0,0,0,0,3,1,1,1,44,7,-1,-1,-1,-1,-1,-1,-1,0
Unvalidated,2024010510328,2024,010510328,1,5,0,18,9,9,99,9,9,99,9,99,1,1,2,1,39,7,-1,-1,-1,-1,7,1,E01003659,0
Unvalidated,2024010510328,2024,010510328,2,9,0,5,9,9,99,9,9,99,9,99,9,9,6,3,-1,-1,-1,-1,-1,-1,-1,-1,-1,0
Unvalidated,2024010510334,2024,010510334,1,3,0,99,9,9,99,9,9,99,9,99,9,1,6,3,30,6,-1,-1,-1,-1,3,1,E01000638,0
Unvalidated,2024010510334,2024,010510334,2,9,0,99,9,9,99,9,9,99,9,99,9,9,6,3,-1,-1,-1,-1,-1,-1,-1,-1,-1,0
Unvalidated,2024010510335,2024,010510335,1,9,0,18,1,5,0,0,0,0,0,0,4,1,6,1,67,10,-1,-1,-1,-1,6,1,E01002162,0
Unvalidated,2024010510335,2024,010510335,2,21,1,4,1,5,0,0,0,0,0,0,3,2,1,1,56,9,-1,-1,-1,-1,-1,-1,-1,0
Unvalidated,2024010510339,2024,010510339,1,11,0,5,0,1,0,2,0,0,0,0,0,1,1,1,49,8,-1,-1,-1,-1,2,1,E01002774,0
Unvalidated,2024010510343,2024,010510343,1,11,0,18,7,3,0,2,0,0,0,0,0,1,1,1,51,8,-1,-1,-1,-1,3,1,E01000490,0
Unvalidated,2024010510344,2024,010510344,1,9,0,99,9,9,99,9,9,99,9,99,1,9,6,1,66,10,-1,-1,-1,-1,1,1,E01001517,0
Unvalidated,2024010510344,2024,010510344,2,9,0,99,9,9,99,9,9,99,9,99,1,9,6,3,21,5,-1,-1,-1,-1,7,1,E01023569,0