status,collision_index,collision_year,collision_reference,vehicle_reference,vehicle_type,towing_and_articulation,vehicle_manoeuvre,vehicle_direction_from,vehicle_direction_to,vehicle_location_restricted_lane,junction_location,skidding_and_overturning,hit_object_in_carriageway,vehicle_leaving_carriageway,hit_object_off_carriageway,first_point_of_impact,vehicle_left_hand_drive,journey_purpose_of_driver,sex_of_driver,age_of_driver,age_band_of_driver,engine_capacity_cc,propulsion_code,age_of_vehicle,generic_make_model,driver_imd_decile,driver_home_area_type,lsoa_of_driver,escooter_flag
Unvalidated,2024010510345,2024,010510345,1,19,0,18,1,5,0,0,0,0,0,0,1,1,2,1,40,7,-1,-1,-1,-1,-1,-1,-1,0
Unvalidated,2024010510345,2024,010510345,2,4,0,18,1,5,0,0,0,0,0,0,1,1,6,2,38,7,-1,-1,-1,-1,2,1,E01002090,0
Unvalidated,2024010510346,2024,010510346,1,1,9,99,9,9,99,9,9,99,9,99,9,1,2,1,23,5,-1,-1,-1,-1,6,1,E01002602,0
Unvalidated,2024010510346,2024,010510346,2,98,0,99,9,9,99,9,9,99,9,99,9,9,6,3,-1,-1,-1,-1,-1,-1,-1,-1,-1,0
Unvalidated,2024010510348,2024,010510348,1,3,0,99,9,9,99,9,9,99,9,99,9,1,6,1,44,7,-1,-1,-1,-1,2,1,E01003330,0
Unvalidated,2024010510348,2024,010510348,2,19,0,99,9,9,99,9,9,99,9,99,9,9,6,3,-1,-1,-1,-1,-1,-1,2,1,E01004060,0
Unvalidated,2024010510353,2024,010510353,1,3,0,99,9,9,99,9,9,99,9,99,9,1,6,3,33,6,-1,-1,-1,-1,4,1,E01003317,0
Unvalidated,2024010510353,2024,010510353,2,9,0,99,9,9,99,9,9,99,9,99,9,9,6,3,-1,-1,-1,-1,-1,-1,-1,-1,-1,0
Unvalidated,2024010510360,2024,010510360,1,9,0,99,9,9,99,9,9,99,9,99,9,9,2,2,34,6,-1,-1,-1,-1,8,1,E01016087,0
Unvalidated,2024010510360,2024,010510360,2,9,0,99,9,9,99,9,9,99,9,99,1,9,6,3,30,6,-1,-1,-1,-1,6,1,E01001258,0
Unvalidated,2024010510362,2024,010510362,1,3,0,99,9,9,99,1,9,99,9,99,9,1,2,1,31,6,-1,-1,-1,-1,7,1,E01023902,0
Unvalidated,2024010510362,2024,010510362,2,9,0,99,9,9,99,9,9,99,9,99,9,9,6,3,-1,-1,-1,-1,-1,-1,-1,-1,-1,0
Unvalidated,2024010510366,2024,010510366,1,9,0,18,1,5,99,9,9,99,9,99,3,1,6,1,43,7,-1,-1,-1,-1,1,1,E01004670,0
Unvalidated,2024010510371,2024,010510371,1,3,0,99,9,9,99,1,9,99,9,99,9,1,1,2,33,6,-1,-1,-1,-1,6,1,E01000585,0
Unvalidated,2024010510371,2024,010510371,2,9,0,99,9,9,99,5,9,99,9,99,9,9,6,3,-1,-1,-1,-1,-1,-1,-1,-1,-1,0
Unvalidated,2024010510373,2024,010510373,1,3,0,99,9,9,99,0,9,99,9,99,9,1,1,3,20,4,-1,-1,-1,-1,5,1,E01033731,0
Unvalidated,2024010510373,2024,010510373,2,9,9,99,9,9,99,0,9,99,9,99,9,9,6,3,-1,-1,-1,-1,-1,-1,-1,-1,-1,0
Unvalidated,2024010510376,2024,010510376,1,9,0,99,9,9,0,0,0,0,0,0,1,9,6,3,-1,-1,-1,-1,-1,-1,-1,-1,-1,0
Unvalidated,2024010510380,2024,010510380,1,9,9,99,9,9,99,0,9,99,9,99,9,9,6,1,42,7,-1,-1,-1,-1,7,1,E01001965,0
Unvalidated,2024010510380,2024,010510380,2,98,9,99,9,9,99,0,9,99,9,99,9,9,6,3,74,10,-1,-1,-1,-1,7,3,E01027129,0
Unvalidated,2024010510405,2024,010510405,1,1,9,99,9,9,99,9,9,99,9,99,9,1,6,1,46,8,-1,-1,-1,-1,2,1,E01004524,0
Unvalidated,2024010510405,2024,010510405,2,9,0,99,9,9,99,9,9,99,9,99,9,9,6,1,33,6,-1,-1,-1,-1,2,1,E01003150,0
Unvalidated,2024010510406,2024,010510406,1,4,0,18,1,5,0,8,0,0,0,0,1,1,6,1,36,7,-1,-1,-1,-1,3,1,E01004039,0
Unvalidated,2024010510406,2024,010510406,2,19,0,18,1,5,0,8,0,0,0,0,4,1,1,1,48,8,-1,-1,-1,-1,3,1,E01000622,0
Unvalidated,2024010510407,2024,010510407,1,3,9,99,9,9,99,9,0,99,9,99,9,1,6,1,24,5,-1,-1,-1,-1,3,1,E01003164,0
Unvalidated,2024010510407,2024,010510407,2,9,9,99,9,9,99,9,9,99,9,99,9,9,6,3,-1,-1,-1,-1,-1,-1,-1,-1,-1,0
Unvalidated,2024010510420,2024,010510420,1,9,0,18,5,1,0,1,0,4,1,11,1,1,6,2,89,11,-1,-1,-1,-1,9,1,E01003477,0
Unvalidated,2024010510420,2024,010510420,2,9,0,2,0,0,0,1,1,4,1,10,1,1,6,3,-1,-1,-1,-1,-1,-1,-1,-1,-1,0
Unvalidated,2024010510420,2024,010510420,3,9,0,2,0,0,0,1,0,0,0,0,3,1,6,3,-1,-1,-1,-1,-1,-1,-1,-1,-1,0
Unvalidated,2024010510423,2024,010510423,1,9,0,4,1,5,4,2,0,0,0,0,1,1,6,1,74,10,-1,-1,-1,-1,3,1,E01004708,0
Unvalidated,2024010510423,2024,010510423,2,1,0,18,5,1,5,1,0,0,0,0,1,1,1,1,23,5,-1,-1,-1,-1,2,1,E01003500,0
Unvalidated,2024010510428,2024,010510428,1,9,0,99,9,9,99,9,9,99,9,99,1,9,6,3,-1,-1,-1,-1,-1,-1,-1,-1,-1,0
Unvalidated,2024010510429,2024,010510429,1,3,0,99,9,9,99,9,9,99,9,99,9,1,2,1,35,6,-1,-1,-1,-1,5,1,E01023560,0
Unvalidated,2024010510429,2024,010510429,2,9,0,99,9,9,99,9,9,99,9,99,9,9,6,3,-1,-1,-1,-1,-1,-1,-1,-1,-1,0
Unvalidated,2024010510430,2024,010510430,1,9,0,99,9,9,99,9,9,99,9,99,9,9,6,3,-1,-1,-1,-1,-1,-1,-1,-1,-1,0
Unvalidated,2024010510433,2024,010510433,1,3,0,99,9,9,99,9,9,99,9,99,9,1,1,1,49,8,-1,-1,-1,-1,3,1,E01001371,0
Unvalidated,2024010510433,2024,010510433,2,9,0,99,9,9,99,9,9,99,9,99,2,9,6,3,-1,-1,-1,-1,-1,-1,-1,-1,-1,0
Unvalidated,2024010510435,2024,010510435,1,9,0,9,5,3,0,8,0,0,0,0,0,1,6,1,51,8,-1,-1,-1,-1,8,2,E01023315,0
Unvalidated,2024010510435,2024,010510435,2,1,0,18,5,1,0,1,0,0,0,0,1,1,6,1,24,5,-1,-1,-1,-1,1,1,E01004318,0
Unvalidated,2024010510436,2024,010510436,1,19,0,7,3,5,0,2,0,0,0,0,1,1,6,3,-1,-1,-1,-1,-1,-1,-1,-1,-1,0
Unvalidated,2024010510437,2024,010510437,1,1,9,99,9,9,99,9,9,8,9,99,1,1,6,1,23,5,-1,-1,-1,-1,3,1,E01033596,0
Unvalidated,2024010510437,2024,010510437,2,8,0,99,9,9,99,9,9,99,9,99,9,9,6,1,40,7,-1,-1,-1,-1,4,1,E01001645,0
Unvalidated,2024010510438,2024,010510438,1,9,0,18,3,7,0,6,0,0,0,0,1,1,6,1,36,7,-1,-1,-1,-1,2,1,E01003299,0
Unvalidated,2024010510439,2024,010510439,1,9,0,99,9,9,99,9,9,99,9,99,2,9,6,2,25,5,-1,-1,-1,-1,6,1,E01033742,0
Unvalidated,2024010510439,2024,010510439,2,9,0,99,9,9,99,9,9,99,9,99,1,9,6,3,53,8,-1,-1,-1,-1,9,1,E01001584,0
Unvalidated,2024010510440,2024,010510440,1,1,9,99,9,9,99,9,9,99,9,99,2,1,6,1,19,4,-1,-1,-1,-1,2,1,E01000289,0
Unvalidated,2024010510440,2024,010510440,2,9,0,99,9,9,99,9,9,99,9,99,1,9,6,3,-1,-1,-1,-1,-1,-1,7,3,E01029166,0
Unvalidated,2024010510443,2024,010510443,1,9,0,99,9,9,99,9,9,99,9,99,9,9,2,2,47,8,-1,-1,-1,-1,10,1,E01024474,0
Unvalidated,2024010510443,2024,010510443,2,9,0,99,9,9,99,9,9,99,9,99,9,9,6,3,-1,-1,-1,-1,-1,-1,-1,-1,-1,0
Unvalidated,2024010510446,2024,010510446,1,9,0,18,1,5,0,1,0,0,0,0,3,1,6,3,-1,-1,-1,-1,-1,-1,3,1,E01000011,0
Unvalidated,2024010510446,2024,010510446,2,9,0,5,0,5,0,1,0,0,0,0,1,1,1,2,44,7,-1,-1,-1,-1,8,1,E01003649,0
Unvalidated,2024010510450,2024,010510450,1,11,0,5,1,5,0,6,0,0,0,0,0,1,1,1,37,7,-1,-1,-1,-1,2,1,E01000954,0
Unvalidated,2024010510453,2024,010510453,1,1,0,18,3,7,0,8,0,0,0,0,1,1,6,1,23,5,-1,-1,-1,-1,1,1,E01004298,0
Unvalidated,2024010510453,2024,010510453,2,9,0,9,7,5,0,8,0,0,0,0,1,1,6,3,-1,-1,-1,-1,-1,-1,-1,-1,-1,0
Unvalidated,2024010510455,2024,010510455,1,9,0,9,5,3,0,1,0,0,0,0,1,1,1,1,50,8,-1,-1,-1,-1,3,1,E01004182,0
Unvalidated,2024010510455,2024,010510455,2,5,0,18,1,5,0,1,0,0,0,0,1,1,6,1,28,6,-1,-1,-1,-1,3,1,E01001109,0
Unvalidated,2024010510457,2024,010510457,1,1,9,99,9,9,99,9,9,99,9,99,1,1,2,1,23,5,-1,-1,-1,-1,6,1,E01000069,0
Unvalidated,2024010510457,2024,010510457,2,9,0,99,9,9,99,9,9,99,9,99,9,9,6,3,-1,-1,-1,-1,-1,-1,-1,-1,-1,0
Unvalidated,2024010510460,2024,010510460,1,9,0,5,5,1,0,0,0,0,0,0,4,1,2,1,39,7,-1,-1,-1,-1,2,1,E01001980,0
Unvalidated,2024010510460,2024,010510460,2,3,0,15,5,1,0,0,0,0,0,0,3,1,1,1,43,7,-1,-1,-1,-1,1,1,E01002069,0
Unvalidated,2024010510462,2024,010510462,1,3,0,13,5,1,0,1,0,0,1,0,1,1,6,1,32,6,-1,-1,-1,-1,2,1,E01001875,0
Unvalidated,2024010510462,2024,010510462,2,9,0,9,5,2,0,1,0,0,0,0,1,1,1,2,27,6,-1,-1,-1,-1,3,1,E01001793,0
Unvalidated,2024010510465,2024,010510465,1,9,0,3,7,3,0,1,0,0,0,0,2,1,6,2,35,6,-1,-1,-1,-1,4,1,E01004366,0
Unvalidated,2024010510465,2024,010510465,2,9,0,18,7,3,0,1,0,0,0,0,1,1,1,1,37,7,-1,-1,-1,-1,1,1,E01004247,0
Unvalidated,2024010510467,2024,010510467,1,9,0,4,3,7,6,7,0,0,0,0,4,1,6,1,20,4,-1,-1,-1,-1,-1,-1,-1,0
Unvalidated,2024010510468,2024,010510468,1,8,0,99,9,9,99,9,9,99,9,99,9,9,1,1,44,7,-1,-1,-1,-1,2,1,E01001218,0
Unvalidated,2024010510468,2024,010510468,2,19,9,99,9,9,99,9,9,99,9,99,2,9,6,3,-1,-1,-1,-1,-1,-1,7,3,E01019472,0
Unvalidated,2024010510469,2024,010510469,1,9,0,4,5,1,0,1,0,0,0,0,2,1,6,1,60,9,-1,-1,-1,-1,3,3,E01021974,0
Unvalidated,2024010510469,2024,010510469,2,9,0,3,1,5,0,1,0,0,0,0,0,1,6,1,48,8,-1,-1,-1,-1,6,1,E01000795,0
Unvalidated,2024010510469,2024,010510469,3,1,0,3,5,1,0,1,0,0,0,0,1,1,6,1,17,4,-1,-1,-1,-1,2,1,E01032562,0
Unvalidated,2024010510472,2024,010510472,1,9,0,18,3,7,0,8,0,0,0,0,4,1,6,1,20,4,-1,-1,-1,-1,3,1,E01004645,0
Unvalidated,2024010510472,2024,010510472,2,9,0,18,5,1,0,1,0,0,0,0,1,1,6,1,29,6,-1,-1,-1,-1,4,1,E01001087,0
Unvalidated,2024010510480,2024,010510480,1,9,0,18,7,3,0,5,0,0,0,0,2,1,6,2,41,7,-1,-1,-1,-1,7,1,E01003651,0
Unvalidated,2024010510480,2024,010510480,2,9,0,18,7,3,0,8,0,0,0,0,1,1,6,3,-1,-1,-1,-1,-1,-1,-1,-1,-1,0
Unvalidated,2024010510485,2024,010510485,1,9,0,18,2,6,0,1,0,0,0,0,1,1,6,3,-1,-1,-1,-1,-1,-1,-1,-1,-1,0
Unvalidated,2024010510486,2024,010510486,1,9,0,18,1,5,0,0,0,0,0,0,1,1,6,1,22,5,-1,-1,-1,-1,2,1,E01000221,0
Unvalidated,2024010510486,2024,010510486,2,9,0,2,0,0,9,0,0,0,0,0,4,1,6,3,-1,-1,-1,-1,-1,-1,-1,-1,-1,0
Unvalidated,2024010510487,2024,010510487,1,9,0,18,1,5,5,1,0,0,0,0,1,1,6,1,23,5,-1,-1,-1,-1,3,1,E01003215,0
Unvalidated,2024010510487,2024,010510487,2,11,0,5,5,1,5,2,0,0,0,0,1,1,1,1,51,8,-1,-1,-1,-1,2,1,E01002784,0
Unvalidated,2024010510495,2024,010510495,1,3,0,99,9,9,99,6,9,99,9,99,9,1,1,1,30,6,-1,-1,-1,-1,7,1,E01001131,0
Unvalidated,2024010510495,2024,010510495,2,9,0,99,9,9,99,1,9,99,9,99,9,9,6,3,-1,-1,-1,-1,-1,-1,-1,-1,-1,0
Unvalidated,2024010510496,2024,010510496,1,9,0,18,2,6,0,0,0,0,0,0,1,1,6,1,64,9,-1,-1,-1,-1,2,1,E01003236,0
Unvalidated,2024010510498,2024,010510498,1,9,0,3,7,3,0,1,0,0,0,0,3,1,6,2,19,4,-1,-1,-1,-1,1,1,E01001431,0
Unvalidated,2024010510498,2024,010510498,2,23,0,18,5,1,4,8,0,0,0,0,1,1,1,1,37,7,-1,-1,-1,-1,2,1,E01002056,0
Unvalidated,2024010510503,2024,010510503,1,3,0,99,9,9,99,9,9,99,9,99,9,1,1,1,29,6,-1,-1,-1,-1,2,1,E01003126,0
Unvalidated,2024010510503,2024,010510503,2,9,0,99,9,9,99,9,9,99,9,99,1,9,6,3,-1,-1,-1,-1,-1,-1,-1,-1,-1,0
Unvalidated,2024010510504,2024,010510504,1,9,0,15,5,1,0,3,0,0,0,0,1,1,3,2,28,6,-1,-1,-1,-1,4,1,E01003220,0
Unvalidated,2024010510507,2024,010510507,1,9,0,3,5,1,0,2,0,0,0,0,1,1,1,1,55,8,-1,-1,-1,-1,3,1,E01003109,0
Unvalidated,2024010510507,2024,010510507,2,3,0,9,4,1,0,1,0,0,0,0,4,1,6,2,49,8,-1,-1,-1,-1,2,1,E01003179,0
Unvalidated,2024010510516,2024,010510516,1,19,0,9,1,7,0,5,0,0,0,0,1,1,1,1,50,8,-1,-1,-1,-1,2,1,E01003538,0
Unvalidated,2024010510516,2024,010510516,2,1,0,18,1,5,0,1,0,0,0,0,1,1,2,1,39,7,-1,-1,-1,-1,9,1,E01023753,0
Unvalidated,2024010510517,2024,010510517,1,3,0,99,9,9,99,9,9,99,9,99,9,1,6,1,26,6,-1,-1,-1,-1,4,1,E01004414,0
Unvalidated,2024010510517,2024,010510517,2,9,0,99,9,9,99,9,9,99,9,99,1,9,6,3,-1,-1,-1,-1,-1,-1,-1,-1,-1,0
Unvalidated,2024010510520,2024,010510520,1,3,9,99,9,9,99,9,9,99,9,99,1,1,1,1,33,6,-1,-1,-1,-1,7,1,E01017839,0
Unvalidated,2024010510520,2024,010510520,2,9,9,99,9,9,99,9,9,99,9,99,1,9,6,3,-1,-1,-1,-1,-1,-1,-1,-1,-1,0
Unvalidated,2024010510522,2024,010510522,1,9,0,18,3,7,0,5,0,0,7,7,2,1,1,1,40,7,-1,-1,-1,-1,6,1,E01004351,0
Unvalidated,2024010510522,2024,010510522,2,9,0,12,3,7,0,7,0,0,0,0,1,1,6,3,-1,-1,-1,-1,-1,-1,-1,-1,-1,0
Unvalidated,2024010510523,2024,010510523,1,3,0,10,7,6,99,1,0,99,9,99,2,1,6,1,56,9,-1,-1,-1,-1,5,1,E01000265,0
Unvalidated,2024010510523,2024,010510523,2,9,0,99,9,9,99,9,0,99,9,99,9,9,6,2,-1,-1,-1,-1,-1,-1,-1,-1,-1,0
Unvalidated,2024010510526,2024,010510526,1,19,0,9,3,1,0,8,0,0,0,0,4,1,1,1,61,9,-1,-1,-1,-1,8,1,E01025908,0
Unvalidated,2024010510526,2024,010510526,2,1,0,18,7,3,0,8,0,0,0,0,1,1,2,2,33,6,-1,-1,-1,-1,2,1,E01004729,0
Unvalidated,2024010510527,2024,010510527,1,9,0,9,1,6,0,0,0,0,0,0,4,1,6,1,58,9,-1,-1,-1,-1,10,1,E01016607,0
Unvalidated,2024010510527,2024,010510527,2,1,0,18,6,2,0,0,0,0,0,0,1,1,1,1,44,7,-1,-1,-1,-1,2,1,E01004242,0
Unvalidated,2024010510528,2024,010510528,1,19,0,18,7,3,0,8,0,0,0,0,1,1,1,1,45,7,-1,-1,-1,-1,3,1,E01021821,0
Unvalidated,2024010510530,2024,010510530,1,1,9,18,1,5,0,9,9,99,9,99,1,1,6,1,-1,-1,-1,-1,-1,-1,-1,-1,-1,0
Unvalidated,2024010510532,2024,010510532,1,3,0,2,9,9,99,9,9,99,9,99,9,1,2,2,26,6,-1,-1,-1,-1,4,1,E01000498,0
Unvalidated,2024010510532,2024,010510532,2,9,0,1,9,9,99,9,9,99,9,99,9,9,6,3,-1,-1,-1,-1,-1,-1,-1,-1,-1,0
Unvalidated,2024010510533,2024,010510533,1,9,0,9,7,5,0,7,0,0,0,0,1,1,6,2,37,7,-1,-1,-1,-1,9,1,E01002935,0
Unvalidated,2024010510533,2024,010510533,2,1,0,18,1,5,4,1,0,0,0,0,3,1,2,1,38,7,-1,-1,-1,-1,7,1,E01003451,0
Unvalidated,2024010510535,2024,010510535,1,8,0,5,1,5,0,1,0,0,0,0,1,1,1,1,43,7,-1,-1,-1,-1,6,1,E01001207,0
Unvalidated,2024010510535,2024,010510535,2,1,0,5,3,7,0,8,0,0,0,0,1,1,6,2,33,6,-1,-1,-1,-1,-1,-1,-1,0
Unvalidated,2024010510541,2024,010510541,1,1,9,99,9,9,99,9,9,99,9,99,1,1,2,2,29,6,-1,-1,-1,-1,5,1,E01033494,0
Unvalidated,2024010510541,2024,010510541,2,19,0,99,9,9,99,9,9,99,9,99,9,9,6,3,55,8,-1,-1,-1,-1,4,1,E01022649,0
Unvalidated,2024010510542,2024,010510542,1,9,0,1,6,4,9,1,0,0,0,0,2,1,3,2,31,6,-1,-1,-1,-1,-1,-1,-1,0
Unvalidated,2024010510546,2024,010510546,1,3,0,99,9,9,99,9,9,99,9,99,9,1,1,3,33,6,-1,-1,-1,-1,6,1,E01004636,0
Unvalidated,2024010510546,2024,010510546,2,9,0,99,9,9,99,9,9,99,9,99,1,9,6,3,-1,-1,-1,-1,-1,-1,-1,-1,-1,0
Unvalidated,2024010510550,2024,010510550,1,9,0,18,5,1,0,2,0,0,0,0,2,1,6,2,27,6,-1,-1,-1,-1,5,1,E01003342,0
Unvalidated,2024010510552,2024,010510552,1,8,0,16,3,7,0,1,0,0,0,0,1,1,1,1,67,10,-1,-1,-1,-1,-1,-1,-1,0
Unvalidated,2024010510552,2024,010510552,2,9,0,18,7,3,0,1,0,0,0,0,1,1,6,3,-1,-1,-1,-1,-1,-1,-1,-1,-1,0
Unvalidated,2024010510555,2024,010510555,1,3,0,99,9,9,99,1,9,99,9,99,1,1,1,3,-1,-1,-1,-1,-1,-1,3,1,E01003496,0
Unvalidated,2024010510555,2024,010510555,2,9,0,99,9,9,99,6,9,99,9,99,1,9,6,3,-1,-1,-1,-1,-1,-1,-1,-1,-1,0
Unvalidated,2024010510556,2024,010510556,1,9,0,9,1,7,0,4,0,0,0,0,1,1,6,2,37,7,-1,-1,-1,-1,3,1,E01000092,0
Unvalidated,2024010510556,2024,010510556,2,9,0,18,5,1,0,4,0,0,0,0,1,1,1,1,48,8,-1,-1,-1,-1,7,1,E01002323,0
Unvalidated,2024010510562,2024,010510562,1,1,9,99,9,9,99,9,9,99,9,99,9,1,2,1,49,8,-1,-1,-1,-1,6,1,E01001040,0
Unvalidated,2024010510562,2024,010510562,2,9,0,99,9,9,99,9,9,99,9,99,1,9,6,3,-1,-1,-1,-1,-1,-1,-1,-1,-1,0
Unvalidated,2024010510564,2024,010510564,1,5,0,99,9,9,99,9,9,99,9,99,9,1,6,1,64,9,-1,-1,-1,-1,9,3,E01017916,0
Unvalidated,2024010510564,2024,010510564,2,9,0,99,9,9,99,9,9,99,9,99,1,9,6,1,21,5,-1,-1,-1,-1,4,1,E01002236,0
Unvalidated,2024010510565,2024,010510565,1,3,0,99,9,9,99,9,9,99,9,99,1,1,1,1,24,5,-1,-1,-1,-1,2,1,E01001485,0
Unvalidated,2024010510565,2024,010510565,2,9,9,99,9,9,99,9,9,99,9,99,9,9,6,3,-1,-1,-1,-1,-1,-1,-1,-1,-1,0
Unvalidated,2024010510567,2024,010510567,1,9,9,99,9,9,99,9,9,99,9,99,9,9,6,1,42,7,-1,-1,-1,-1,-1,-1,-1,0
Unvalidated,2024010510571,2024,010510571,1,3,0,99,9,9,99,9,9,99,9,99,1,1,1,2,-1,-1,-1,-1,-1,-1,2,1,E01000526,0
Unvalidated,2024010510573,2024,010510573,1,3,9,99,9,9,99,9,9,99,9,99,1,1,1,1,29,6,-1,-1,-1,-1,2,1,E01002076,0
Unvalidated,2024010510573,2024,010510573,2,9,9,99,9,9,99,9,9,99,9,99,2,9,6,3,-1,-1,-1,-1,-1,-1,-1,-1,-1,0
Unvalidated,2024010510574,2024,010510574,1,3,0,99,9,9,99,9,9,99,9,99,1,1,2,1,26,6,-1,-1,-1,-1,3,1,E01000740,0
Unvalidated,2024010510574,2024,010510574,2,9,0,99,9,9,99,9,9,99,9,99,9,9,6,3,-1,-1,-1,-1,-1,-1,-1,-1,-1,0
Unvalidated,2024010510576,2024,010510576,1,9,0,99,9,9,99,9,9,99,9,99,9,9,6,2,40,7,-1,-1,-1,-1,2,1,E01032562,0
Unvalidated,2024010510576,2024,010510576,2,9,0,99,9,9,99,9,9,99,9,99,9,9,6,3,-1,-1,-1,-1,-1,-1,-1,-1,-1,0
Unvalidated,2024010510579,2024,010510579,1,3,0,18,7,3,9,2,0,11,1,10,4,1,6,1,23,5,-1,-1,-1,-1,-1,-1,-1,0
Unvalidated,2024010510579,2024,010510579,2,9,0,18,3,7,0,2,0,0,0,0,0,1,1,1,36,7,-1,-1,-1,-1,5,1,E01000631,0
Unvalidated,2024010510579,2024,010510579,3,9,0,18,3,7,9,2,0,0,0,0,0,1,1,1,35,6,-1,-1,-1,-1,5,1,E01000631,0
Unvalidated,2024010510581,2024,010510581,1,1,9,99,9,9,99,9,9,99,9,99,9,1,6,3,38,7,-1,-1,-1,-1,3,1,E01001841,0
Unvalidated,2024010510581,2024,010510581,2,1,9,99,9,9,99,9,9,99,9,99,9,1,6,3,-1,-1,-1,-1,-1,-1,-1,-1,-1,0
Unvalidated,2024010510583,2024,010510583,1,19,0,17,5,1,0,1,0,0,0,0,4,1,2,1,68,10,-1,-1,-1,-1,2,1,E01017188,0
Unvalidated,2024010510583,2024,010510583,2,3,0,18,5,1,0,1,0,0,0,0,3,1,1,1,46,8,-1,-1,-1,-1,7,1,E01024422,0
Unvalidated,2024010510584,2024,010510584,1,9,0,3,7,3,0,1,0,0,0,0,3,1,6,1,40,7,-1,-1,-1,-1,4,1,E01001296,0
Unvalidated,2024010510584,2024,010510584,2,1,0,13,7,3,0,1,0,0,3,0,3,1,2,1,62,9,-1,-1,-1,-1,3,1,E01001369,0
Unvalidated,2024010510586,2024,010510586,1,9,9,99,9,9,99,8,9,99,9,99,9,9,6,3,66,10,-1,-1,-1,-1,9,1,E01003804,0
Unvalidated,2024010510586,2024,010510586,2,19,9,99,9,9,99,9,9,99,9,99,9,9,6,3,-1,-1,-1,-1,-1,-1,-1,-1,-1,0
Unvalidated,2024010510598,2024,010510598,1,9,0,18,7,3,0,0,0,0,0,0,1,1,6,1,30,6,-1,-1,-1,-1,1,1,E01002091,0
Unvalidated,2024010510598,2024,010510598,2,9,0,18,7,3,0,0,0,0,0,0,2,1,6,1,55,8,-1,-1,-1,-1,7,3,E01032656,0
Unvalidated,2024010510598,2024,010510598,3,19,0,18,7,3,0,0,0,0,0,0,2,1,6,1,40,7,-1,-1,-1,-1,5,1,E01002114,0
Unvalidated,2024010510601,2024,010510601,1,3,0,3,9,9,99,0,9,99,9,99,1,1,1,1,32,6,-1,-1,-1,-1,6,1,E01002630,0
Unvalidated,2024010510601,2024,010510601,2,19,9,1,9,9,99,0,9,99,9,99,9,9,6,3,-1,-1,-1,-1,-1,-1,4,1,E01002641,0
Unvalidated,2024010510604,2024,010510604,1,9,0,18,8,4,0,1,0,0,0,0,1,1,2,1,31,6,-1,-1,-1,-1,9,1,E01004080,0
Unvalidated,2024010510605,2024,010510605,1,1,9,99,9,9,99,9,9,99,9,99,9,1,2,1,26,6,-1,-1,-1,-1,4,1,E01000745,0
Unvalidated,2024010510605,2024,010510605,2,9,0,99,9,9,99,9,9,99,9,99,9,9,6,3,-1,-1,-1,-1,-1,-1,7,3,E01026098,0
Unvalidated,2024010510606,2024,010510606,1,1,0,18,1,5,0,1,0,0,0,0,3,1,6,1,35,6,-1,-1,-1,-1,7,1,E01004585,0
Unvalidated,2024010510608,2024,010510608,1,9,0,18,1,5,0,1,0,0,0,0,1,1,6,2,39,7,-1,-1,-1,-1,10,1,E01002938,0
Unvalidated,2024010510608,2024,010510608,2,11,0,3,5,1,0,2,0,0,0,0,1,1,6,1,20,4,-1,-1,-1,-1,8,1,E01003812,0
Unvalidated,2024010510612,2024,010510612,1,98,0,99,9,9,99,0,9,99,9,99,9,9,6,3,-1,-1,-1,-1,-1,-1,-1,-1,-1,0
Unvalidated,2024010510614,2024,010510614,1,9,0,4,1,5,0,1,0,0,0,0,1,1,6,1,52,8,-1,-1,-1,-1,1,1,E01002082,0
Unvalidated,2024010510614,2024,010510614,2,1,0,18,7,3,0,1,0,0,0,0,1,1,6,1,38,7,-1,-1,-1,-1,1,1,E01002074,0
Unvalidated,2024010510620,2024,010510620,1,11,0,18,1,5,2,0,0,0,0,0,1,1,6,1,66,10,-1,-1,-1,-1,4,1,E01000532,0
Unvalidated,2024010510621,2024,010510621,1,19,0,7,5,7,4,8,0,0,0,0,1,1,6,3,-1,-1,-1,-1,-1,-1,-1,-1,-1,0
Unvalidated,2024010510621,2024,010510621,2,1,0,18,5,1,4,1,0,0,0,0,3,1,2,2,56,9,-1,-1,-1,-1,5,1,E01004733,0
Unvalidated,2024010510623,2024,010510623,1,8,0,4,1,5,0,1,0,0,0,0,3,1,1,1,45,7,-1,-1,-1,-1,4,1,E01003259,0
Unvalidated,2024010510623,2024,010510623,2,90,0,18,1,5,0,1,0,8,0,0,4,1,6,1,32,6,-1,-1,-1,-1,9,1,E01002903,1
Unvalidated,2024010510627,2024,010510627,1,1,9,99,9,9,99,9,9,8,9,99,9,1,2,1,22,5,-1,-1,-1,-1,2,1,E01003057,0
Unvalidated,2024010510627,2024,010510627,2,9,0,99,9,9,99,9,9,99,9,99,9,9,6,1,40,7,-1,-1,-1,-1,1,1,E01004257,0
Unvalidated,2024010510628,2024,010510628,1,3,9,99,9,9,99,9,9,99,9,99,9,1,1,3,26,6,-1,-1,-1,-1,2,1,E01003151,0