status,collision_index,collision_year,collision_reference,vehicle_reference,vehicle_type,towing_and_articulation,vehicle_manoeuvre,vehicle_direction_from,vehicle_direction_to,vehicle_location_restricted_lane,junction_location,skidding_and_overturning,hit_object_in_carriageway,vehicle_leaving_carriageway,hit_object_off_carriageway,first_point_of_impact,vehicle_left_hand_drive,journey_purpose_of_driver,sex_of_driver,age_of_driver,age_band_of_driver,engine_capacity_cc,propulsion_code,age_of_vehicle,generic_make_model,driver_imd_decile,driver_home_area_type,lsoa_of_driver,escooter_flag
Unvalidated,2024010510628,2024,010510628,2,9,9,99,9,9,99,9,9,99,9,99,9,9,6,3,-1,-1,-1,-1,-1,-1,-1,-1,-1,0
Unvalidated,2024010510630,2024,010510630,1,9,0,4,4,8,0,0,0,0,0,0,2,1,6,2,44,7,-1,-1,-1,-1,2,1,E01000040,0
Unvalidated,2024010510630,2024,010510630,2,19,0,4,4,8,0,0,0,0,0,0,1,1,6,1,46,8,-1,-1,-1,-1,2,1,E01032580,0
Unvalidated,2024010510631,2024,010510631,1,3,0,18,2,6,0,1,0,0,0,0,1,1,2,1,17,4,-1,-1,-1,-1,7,1,E01015983,0
Unvalidated,2024010510631,2024,010510631,2,9,0,9,8,6,0,6,0,0,0,0,0,1,1,2,61,9,-1,-1,-1,-1,-1,-1,-1,0
Unvalidated,2024010510638,2024,010510638,1,9,0,15,1,5,0,1,0,0,0,0,1,1,6,2,75,10,-1,-1,-1,-1,9,1,E01003804,0
Unvalidated,2024010510638,2024,010510638,2,1,0,16,1,5,0,1,0,7,1,0,2,1,6,1,34,6,-1,-1,-1,-1,7,1,E01003865,0
Unvalidated,2024010510639,2024,010510639,1,9,0,7,7,2,0,1,0,0,0,0,1,1,6,3,-1,-1,-1,-1,-1,-1,-1,-1,-1,0
Unvalidated,2024010510639,2024,010510639,2,1,0,18,7,3,4,8,0,0,0,0,1,1,6,2,36,7,-1,-1,-1,-1,4,1,E01000780,0
Unvalidated,2024010510641,2024,010510641,1,9,9,99,9,9,99,9,9,99,9,99,9,9,6,3,-1,-1,-1,-1,-1,-1,-1,-1,-1,0
Unvalidated,2024010510643,2024,010510643,1,1,9,99,9,9,99,9,9,99,9,99,9,1,4,1,14,3,-1,-1,-1,-1,2,1,E01001320,0
Unvalidated,2024010510650,2024,010510650,1,1,9,99,9,9,99,9,9,99,9,99,9,1,2,1,62,9,-1,-1,-1,-1,5,1,E01003116,0
Unvalidated,2024010510650,2024,010510650,2,90,0,99,9,9,99,9,9,99,9,99,9,9,6,3,-1,-1,-1,-1,-1,-1,-1,-1,-1,0
Unvalidated,2024010510651,2024,010510651,1,9,0,9,7,4,0,8,0,0,0,0,4,1,6,1,26,6,-1,-1,-1,-1,2,1,E01001432,0
Unvalidated,2024010510651,2024,010510651,2,9,0,18,7,3,0,8,0,0,0,0,2,1,1,1,53,8,-1,-1,-1,-1,1,1,E01001507,0
Unvalidated,2024010510654,2024,010510654,1,3,0,11,3,7,0,1,0,0,0,0,3,1,6,2,22,5,-1,-1,-1,-1,3,1,E01032743,0
Unvalidated,2024010510654,2024,010510654,2,9,0,18,3,7,0,1,0,0,0,0,1,1,6,1,33,6,-1,-1,-1,-1,6,1,E01001292,0
Unvalidated,2024010510654,2024,010510654,3,3,0,18,3,7,0,1,0,0,0,0,2,1,6,3,-1,-1,-1,-1,-1,-1,-1,-1,-1,0
Unvalidated,2024010510655,2024,010510655,1,1,9,99,9,9,99,9,9,99,9,99,9,1,1,2,55,8,-1,-1,-1,-1,4,1,E01003344,0
Unvalidated,2024010510655,2024,010510655,2,9,9,99,9,9,99,9,9,99,9,99,9,9,6,3,-1,-1,-1,-1,-1,-1,-1,-1,-1,0
Unvalidated,2024010510657,2024,010510657,1,9,0,18,4,8,0,3,0,0,0,0,4,1,2,1,78,11,-1,-1,-1,-1,3,3,E01002276,0
Unvalidated,2024010510657,2024,010510657,2,9,0,18,4,8,0,1,0,0,0,0,2,1,2,2,46,8,-1,-1,-1,-1,-1,-1,-1,0
Unvalidated,2024010510657,2024,010510657,3,9,0,18,2,6,0,3,0,0,0,0,2,1,6,1,28,6,-1,-1,-1,-1,-1,-1,-1,0
Unvalidated,2024010510657,2024,010510657,4,9,0,1,6,1,0,3,0,0,8,7,1,1,6,1,23,5,-1,-1,-1,-1,6,3,E01021473,0
Unvalidated,2024010510659,2024,010510659,1,9,0,18,7,3,0,8,0,0,0,0,3,1,6,2,51,8,-1,-1,-1,-1,4,1,E01003453,0
Unvalidated,2024010510659,2024,010510659,2,1,0,18,5,1,0,8,5,0,0,0,1,1,6,1,20,4,-1,-1,-1,-1,4,1,E01003410,0
Unvalidated,2024010510661,2024,010510661,1,9,0,6,5,5,9,0,0,0,1,0,1,1,3,2,43,7,-1,-1,-1,-1,2,1,E01002217,0
Unvalidated,2024010510668,2024,010510668,1,9,0,99,9,9,99,9,9,99,9,99,1,9,6,1,77,11,-1,-1,-1,-1,10,2,E01023581,0
Unvalidated,2024010510668,2024,010510668,2,1,9,99,9,9,99,9,9,99,9,99,1,1,6,3,-1,-1,-1,-1,-1,-1,-1,-1,-1,0
Unvalidated,2024010510670,2024,010510670,1,9,0,99,9,9,99,9,9,99,9,99,1,9,6,2,46,8,-1,-1,-1,-1,5,1,E01003307,0
Unvalidated,2024010510670,2024,010510670,2,1,9,99,9,9,99,9,9,99,9,99,9,1,6,2,-1,-1,-1,-1,-1,-1,5,1,E01003949,0
Unvalidated,2024010510671,2024,010510671,1,19,0,18,1,5,0,1,0,0,0,0,2,1,1,1,43,7,-1,-1,-1,-1,-1,-1,-1,0
Unvalidated,2024010510671,2024,010510671,2,9,0,18,1,5,0,1,0,0,0,0,1,1,6,1,20,4,-1,-1,-1,-1,3,1,E01004709,0
Unvalidated,2024010510672,2024,010510672,1,9,0,99,9,9,99,9,9,99,9,99,9,9,6,2,27,6,-1,-1,-1,-1,9,1,E01000829,0
Unvalidated,2024010510672,2024,010510672,2,9,0,99,9,9,99,9,9,99,9,99,1,9,6,2,42,7,-1,-1,-1,-1,4,1,E01003353,0
Unvalidated,2024010510673,2024,010510673,1,3,0,5,1,5,0,1,0,0,0,0,1,1,6,1,23,5,-1,-1,-1,-1,6,1,E01002497,0
Unvalidated,2024010510673,2024,010510673,2,9,0,9,1,6,0,1,0,0,0,0,1,1,6,2,75,10,-1,-1,-1,-1,5,1,E01001265,0
Unvalidated,2024010510673,2024,010510673,3,9,0,18,5,1,0,1,0,0,0,0,1,2,6,1,-1,-1,-1,-1,-1,-1,6,1,E01002497,0
Unvalidated,2024010510678,2024,010510678,1,9,0,3,1,5,0,1,0,0,0,0,1,1,6,1,66,10,-1,-1,-1,-1,4,1,E01021283,0
Unvalidated,2024010510678,2024,010510678,2,9,0,5,5,1,0,1,0,0,0,0,1,1,6,2,39,7,-1,-1,-1,-1,1,1,E01002092,0
Unvalidated,2024010510682,2024,010510682,1,9,0,17,7,3,9,1,0,10,7,0,1,1,6,1,24,5,-1,-1,-1,-1,-1,-1,-1,0
Unvalidated,2024010510682,2024,010510682,2,9,0,18,3,7,0,1,0,10,0,0,1,1,6,3,24,5,-1,-1,-1,-1,-1,-1,-1,0
Unvalidated,2024010510683,2024,010510683,1,9,0,99,9,9,99,9,9,99,9,99,1,9,6,1,50,8,-1,-1,-1,-1,4,1,E01000746,0
Unvalidated,2024010510683,2024,010510683,2,1,9,99,9,9,99,9,9,99,9,99,9,1,6,1,-1,-1,-1,-1,-1,-1,7,1,E01004635,0
Unvalidated,2024010510690,2024,010510690,1,3,0,3,5,1,0,1,0,4,0,0,1,1,6,1,19,4,-1,-1,-1,-1,3,1,E01001368,0
Unvalidated,2024010510690,2024,010510690,2,9,0,3,5,1,0,1,0,0,0,0,0,1,6,1,55,8,-1,-1,-1,-1,9,1,E01031590,0
Unvalidated,2024010510694,2024,010510694,1,5,0,99,9,9,99,9,9,99,9,99,1,1,2,1,41,7,-1,-1,-1,-1,5,1,E01023766,0
Unvalidated,2024010510694,2024,010510694,2,9,0,99,9,9,99,9,9,99,9,99,9,9,6,1,29,6,-1,-1,-1,-1,7,1,E01002172,0
Unvalidated,2024010510696,2024,010510696,1,9,0,18,3,7,0,2,0,10,0,0,1,1,6,2,99,11,-1,-1,-1,-1,6,1,E01004636,0
Unvalidated,2024010510697,2024,010510697,1,1,9,99,9,9,99,9,9,99,9,99,9,1,2,1,33,6,-1,-1,-1,-1,2,1,E01004008,0
Unvalidated,2024010510697,2024,010510697,2,8,0,99,9,9,99,9,9,99,9,99,9,9,6,3,-1,-1,-1,-1,-1,-1,-1,-1,-1,0
Unvalidated,2024010510698,2024,010510698,1,9,0,17,1,5,0,1,0,0,0,0,3,1,6,1,79,11,-1,-1,-1,-1,3,1,E01003491,0
Unvalidated,2024010510699,2024,010510699,1,9,0,18,5,1,0,2,0,0,0,0,1,1,6,1,24,5,-1,-1,-1,-1,2,1,E01001113,0
Unvalidated,2024010510699,2024,010510699,2,1,0,5,3,7,0,2,0,0,0,0,1,1,6,1,11,3,-1,-1,-1,-1,2,1,E01001128,0
Unvalidated,2024010510700,2024,010510700,1,1,9,99,9,9,99,9,9,99,9,99,2,1,2,1,29,6,-1,-1,-1,-1,3,1,E01004344,0
Unvalidated,2024010510700,2024,010510700,2,19,0,99,9,9,99,9,9,99,9,99,1,9,6,3,-1,-1,-1,-1,-1,-1,-1,-1,-1,0
Unvalidated,2024010510704,2024,010510704,1,9,0,99,9,9,99,0,9,99,9,99,3,9,6,1,22,5,-1,-1,-1,-1,3,1,E01001763,0
Unvalidated,2024010510714,2024,010510714,1,9,0,18,3,7,0,4,0,0,0,0,1,1,6,1,38,7,-1,-1,-1,-1,2,1,E01004233,0
Unvalidated,2024010510714,2024,010510714,2,9,0,18,7,3,0,4,0,0,0,0,1,1,6,1,34,6,-1,-1,-1,-1,-1,-1,-1,0
Unvalidated,2024010510715,2024,010510715,1,11,0,18,3,7,0,0,0,0,0,0,0,1,1,1,64,9,-1,-1,-1,-1,1,1,E01002038,0
Unvalidated,2024010510716,2024,010510716,1,1,9,99,9,9,99,0,9,99,9,99,1,1,1,1,18,4,-1,-1,-1,-1,1,1,E01000595,0
Unvalidated,2024010510716,2024,010510716,2,9,0,99,9,9,99,0,9,99,9,99,1,9,6,3,-1,-1,-1,-1,-1,-1,2,1,E01001761,0
Unvalidated,2024010510720,2024,010510720,1,3,0,99,9,9,99,9,9,99,9,99,1,1,1,1,25,5,-1,-1,-1,-1,-1,1,-1,0
Unvalidated,2024010510720,2024,010510720,2,9,0,99,9,9,99,9,9,99,9,99,1,9,6,2,38,7,-1,-1,-1,-1,3,1,E01000062,0
Unvalidated,2024010510724,2024,010510724,1,9,0,18,7,3,0,1,0,0,0,0,1,1,6,1,55,8,-1,-1,-1,-1,4,1,E01032773,0
Unvalidated,2024010510724,2024,010510724,2,9,0,5,1,5,0,8,0,0,0,0,0,1,6,1,28,6,-1,-1,-1,-1,3,1,E01000535,0
Unvalidated,2024010510728,2024,010510728,1,3,0,14,5,1,0,1,0,0,0,0,1,1,2,1,18,4,-1,-1,-1,-1,5,1,E01002394,0
Unvalidated,2024010510728,2024,010510728,2,9,0,10,5,3,0,1,0,0,0,0,3,1,2,1,37,7,-1,-1,-1,-1,2,1,E01016450,0
Unvalidated,2024010510737,2024,010510737,1,3,0,99,9,9,99,9,9,99,9,99,9,1,2,1,28,6,-1,-1,-1,-1,5,1,E01002234,0
Unvalidated,2024010510737,2024,010510737,2,9,0,99,9,9,99,9,9,99,9,99,9,9,6,3,-1,-1,-1,-1,-1,-1,-1,-1,-1,0
Unvalidated,2024010510741,2024,010510741,1,1,9,99,9,9,99,0,9,8,9,99,1,1,1,1,25,5,-1,-1,-1,-1,4,1,E01003249,0
Unvalidated,2024010510741,2024,010510741,2,8,0,99,9,9,99,0,9,99,9,99,9,9,6,3,-1,-1,-1,-1,-1,-1,-1,-1,-1,0
Unvalidated,2024010510744,2024,010510744,1,1,9,99,9,9,99,9,9,99,9,99,1,1,6,2,26,6,-1,-1,-1,-1,3,1,E01003096,0
Unvalidated,2024010510744,2024,010510744,2,2,0,99,9,9,99,9,9,99,9,99,1,1,6,3,-1,-1,-1,-1,-1,-1,-1,-1,-1,0
Unvalidated,2024010510747,2024,010510747,1,1,0,18,3,7,4,1,0,0,0,0,1,1,6,1,46,8,-1,-1,-1,-1,3,1,E01003992,0
Unvalidated,2024010510747,2024,010510747,2,1,0,5,1,5,5,1,0,0,0,0,4,1,6,2,46,8,-1,-1,-1,-1,-1,-1,-1,0
Unvalidated,2024010510753,2024,010510753,1,3,0,99,9,9,99,9,9,99,9,99,9,1,1,1,28,6,-1,-1,-1,-1,2,1,E01001509,0
Unvalidated,2024010510753,2024,010510753,2,9,0,99,9,9,99,9,9,99,9,99,9,9,6,3,-1,-1,-1,-1,-1,-1,-1,-1,-1,0
Unvalidated,2024010510755,2024,010510755,1,9,0,99,9,9,99,9,9,99,9,99,9,9,6,3,-1,-1,-1,-1,-1,-1,-1,-1,-1,0
Unvalidated,2024010510755,2024,010510755,2,3,0,99,9,9,99,9,9,99,9,99,9,1,1,1,38,7,-1,-1,-1,-1,2,1,E01001448,0
Unvalidated,2024010510756,2024,010510756,1,1,9,99,9,9,99,9,9,99,9,99,9,1,6,1,50,8,-1,-1,-1,-1,8,1,E01004192,0
Unvalidated,2024010510756,2024,010510756,2,9,0,99,9,9,99,9,9,99,9,99,1,9,6,3,-1,-1,-1,-1,-1,-1,-1,-1,-1,0
Unvalidated,2024010510757,2024,010510757,1,19,0,9,3,8,0,2,0,0,0,0,1,1,1,1,28,6,-1,-1,-1,-1,3,1,E01003493,0
Unvalidated,2024010510757,2024,010510757,2,5,0,18,3,7,0,2,0,0,0,0,1,1,6,1,26,6,-1,-1,-1,-1,3,1,E01001768,0
Unvalidated,2024010510758,2024,010510758,1,10,0,6,3,3,0,0,0,0,0,0,3,1,1,1,54,8,-1,-1,-1,-1,3,1,E01001806,0
Unvalidated,2024010510758,2024,010510758,2,5,0,18,7,3,0,0,1,0,0,0,1,1,2,1,45,7,-1,-1,-1,-1,10,1,E01003869,0
Unvalidated,2024010510762,2024,010510762,1,9,0,18,7,3,0,1,0,0,0,0,1,1,2,1,23,5,-1,-1,-1,-1,6,1,E01003755,0
Unvalidated,2024010510762,2024,010510762,2,9,0,9,3,8,0,1,0,0,0,0,2,1,6,2,36,7,-1,-1,-1,-1,2,1,E01000955,0
Unvalidated,2024010510765,2024,010510765,1,3,0,99,9,9,99,9,9,99,9,99,9,1,6,3,28,6,-1,-1,-1,-1,5,1,E01030983,0
Unvalidated,2024010510765,2024,010510765,2,9,0,99,9,9,99,9,9,99,9,99,9,9,6,3,-1,-1,-1,-1,-1,-1,-1,-1,-1,0
Unvalidated,2024010510766,2024,010510766,1,11,0,5,0,5,0,1,0,0,0,0,0,1,6,1,54,8,-1,-1,-1,-1,3,1,E01003154,0
Unvalidated,2024010510767,2024,010510767,1,3,0,99,9,9,99,9,9,99,9,99,1,1,1,1,32,6,-1,-1,-1,-1,2,1,E01002046,0
Unvalidated,2024010510767,2024,010510767,2,9,9,99,9,9,99,9,9,99,9,99,9,9,6,3,-1,-1,-1,-1,-1,-1,-1,-1,-1,0
Unvalidated,2024010510777,2024,010510777,1,9,9,99,9,9,99,9,9,99,9,99,9,9,6,1,51,8,-1,-1,-1,-1,5,1,E01000150,0
Unvalidated,2024010510777,2024,010510777,2,9,9,99,9,9,99,9,9,99,9,99,9,9,6,3,-1,-1,-1,-1,-1,-1,-1,-1,-1,0
Unvalidated,2024010510778,2024,010510778,1,1,9,99,9,9,99,9,9,99,9,99,9,1,2,2,31,6,-1,-1,-1,-1,6,1,E01001245,0
Unvalidated,2024010510778,2024,010510778,2,9,0,99,9,9,99,9,9,99,9,99,9,9,6,3,-1,-1,-1,-1,-1,-1,-1,-1,-1,0
Unvalidated,2024010510779,2024,010510779,1,3,0,99,9,9,99,9,9,99,9,99,1,1,1,1,20,4,-1,-1,-1,-1,5,1,E01002119,0
Unvalidated,2024010510779,2024,010510779,2,9,0,99,9,9,99,9,9,99,9,99,2,9,6,3,21,5,-1,-1,-1,-1,3,1,E01000148,0
Unvalidated,2024010510781,2024,010510781,1,9,0,18,7,3,0,3,0,0,0,0,4,1,6,1,45,7,-1,-1,-1,-1,2,1,E01003514,0
Unvalidated,2024010510788,2024,010510788,1,9,0,18,5,1,0,8,0,0,0,0,2,9,6,1,73,10,-1,-1,-1,-1,5,1,E01002249,0
Unvalidated,2024010510788,2024,010510788,2,9,9,99,9,9,0,4,9,0,0,0,1,9,6,1,-1,-1,-1,-1,-1,-1,-1,-1,-1,0
Unvalidated,2024010510791,2024,010510791,1,1,9,99,9,9,99,9,9,99,9,99,2,1,6,2,-1,-1,-1,-1,-1,-1,9,1,E01002967,0
Unvalidated,2024010510791,2024,010510791,2,9,0,99,9,9,99,9,9,99,9,99,1,9,6,2,43,7,-1,-1,-1,-1,7,1,E01033568,0
Unvalidated,2024010510795,2024,010510795,1,9,0,6,5,5,0,0,0,0,0,0,3,1,6,2,49,8,-1,-1,-1,-1,2,1,E01000223,0
Unvalidated,2024010510795,2024,010510795,2,3,0,18,1,5,0,0,0,0,0,0,1,1,6,1,20,4,-1,-1,-1,-1,4,1,E01001739,0
Unvalidated,2024010510796,2024,010510796,1,9,0,18,5,1,0,2,1,0,0,0,1,1,1,1,50,8,-1,-1,-1,-1,8,1,E01032831,0
Unvalidated,2024010510796,2024,010510796,2,19,0,18,5,1,0,1,0,0,0,0,4,1,1,1,25,5,-1,-1,-1,-1,2,1,E01003634,0
Unvalidated,2024010510796,2024,010510796,3,9,0,18,5,1,0,1,1,0,0,0,4,1,6,1,32,6,-1,-1,-1,-1,2,1,E01024294,0
Unvalidated,2024010510798,2024,010510798,1,3,0,99,9,9,99,9,9,99,9,99,9,1,2,1,31,6,-1,-1,-1,-1,2,1,E01001982,0
Unvalidated,2024010510798,2024,010510798,2,9,0,99,9,9,99,9,9,99,9,99,9,9,6,3,-1,-1,-1,-1,-1,-1,-1,-1,-1,0
Unvalidated,2024010510800,2024,010510800,1,5,0,9,5,2,0,1,0,0,0,0,2,1,6,1,67,10,-1,-1,-1,-1,7,1,E01000339,0
Unvalidated,2024010510800,2024,010510800,2,9,0,17,5,2,0,1,0,0,0,0,1,1,6,1,35,6,-1,-1,-1,-1,7,1,E01000339,0
Unvalidated,2024010510801,2024,010510801,1,20,0,2,0,0,0,0,0,0,0,0,2,1,6,3,-1,-1,-1,-1,-1,-1,-1,-1,-1,0
Unvalidated,2024010510801,2024,010510801,2,1,0,14,3,7,0,0,0,0,0,0,1,1,4,1,16,4,-1,-1,-1,-1,3,1,E01004325,0
Unvalidated,2024010510803,2024,010510803,1,1,9,99,9,9,99,9,9,99,9,99,9,1,2,1,32,6,-1,-1,-1,-1,2,1,E01003298,0
Unvalidated,2024010510803,2024,010510803,2,19,0,99,9,9,99,9,9,99,9,99,9,9,6,3,-1,-1,-1,-1,-1,-1,-1,-1,-1,0
Unvalidated,2024010510804,2024,010510804,1,1,9,99,9,9,99,9,9,99,9,99,9,1,6,3,-1,-1,-1,-1,-1,-1,-1,-1,-1,0
Unvalidated,2024010510808,2024,010510808,1,1,9,99,9,9,99,9,9,10,9,99,9,1,2,1,63,9,-1,-1,-1,-1,10,1,E01004478,0
Unvalidated,2024010510808,2024,010510808,2,11,0,99,9,9,99,9,9,99,9,99,9,9,6,3,-1,-1,-1,-1,-1,-1,5,1,E01004076,0
Unvalidated,2024010510812,2024,010510812,1,1,0,18,7,3,4,0,0,0,0,0,1,1,2,1,30,6,-1,-1,-1,-1,3,1,E01032764,0
Unvalidated,2024010510813,2024,010510813,1,9,0,4,7,3,0,0,0,0,0,0,0,1,6,1,31,6,-1,-1,-1,-1,2,1,E01001830,0
Unvalidated,2024010510813,2024,010510813,2,3,0,4,7,3,0,0,0,0,0,0,0,1,6,1,32,6,-1,-1,-1,-1,3,1,E01001819,0
Unvalidated,2024010510825,2024,010510825,1,9,0,99,9,9,99,9,9,99,9,99,2,9,6,1,30,6,-1,-1,-1,-1,2,1,E01001848,0
Unvalidated,2024010510825,2024,010510825,2,9,9,99,9,9,99,9,9,99,9,99,9,9,6,1,33,6,-1,-1,-1,-1,2,1,E01004460,0
Unvalidated,2024010510826,2024,010510826,1,9,0,1,1,5,0,8,0,0,0,0,2,1,6,3,-1,-1,-1,-1,-1,-1,-1,-1,-1,0
Unvalidated,2024010510828,2024,010510828,1,3,0,99,9,9,99,0,9,99,9,99,9,1,1,3,25,5,-1,-1,-1,-1,3,1,E01001548,0
Unvalidated,2024010510828,2024,010510828,2,9,0,99,9,9,99,0,9,99,9,99,0,9,6,3,-1,-1,-1,-1,-1,-1,-1,-1,-1,0
Unvalidated,2024010510830,2024,010510830,1,11,0,10,5,3,0,2,0,0,0,0,0,1,1,1,46,8,-1,-1,-1,-1,4,1,E01002684,0
Unvalidated,2024010510835,2024,010510835,1,8,9,99,9,9,99,9,9,99,9,99,9,9,6,3,-1,-1,-1,-1,-1,-1,-1,-1,-1,0
Unvalidated,2024010510836,2024,010510836,1,3,0,9,7,5,0,8,0,0,0,0,0,1,2,1,55,8,-1,-1,-1,-1,5,1,E01003791,0
Unvalidated,2024010510836,2024,010510836,2,9,0,4,5,1,0,1,0,0,0,0,0,1,1,1,44,7,-1,-1,-1,-1,4,1,E01003666,0
Unvalidated,2024010510838,2024,010510838,1,9,0,9,7,5,0,6,0,0,0,0,0,1,6,3,-1,-1,-1,-1,-1,-1,-1,-1,-1,0
Unvalidated,2024010510838,2024,010510838,2,11,0,18,5,1,0,1,0,0,0,0,0,1,6,1,65,9,-1,-1,-1,-1,4,1,E01001323,0
Unvalidated,2024010510839,2024,010510839,1,9,0,18,3,7,0,0,0,0,0,0,1,1,6,2,86,11,-1,-1,-1,-1,7,1,E01000572,0
Unvalidated,2024010510839,2024,010510839,2,9,0,2,0,0,0,0,0,0,0,0,2,1,6,3,-1,-1,-1,-1,-1,-1,-1,-1,-1,0
Unvalidated,2024010510842,2024,010510842,1,90,0,18,3,7,0,1,0,0,0,0,1,1,1,1,20,4,-1,-1,-1,-1,-1,-1,-1,1
Unvalidated,2024010510843,2024,010510843,1,9,0,18,1,5,0,0,0,0,0,0,1,1,6,2,75,10,-1,-1,-1,-1,8,1,E01002942,0
Unvalidated,2024010510846,2024,010510846,1,9,0,7,5,7,0,1,0,0,0,0,1,1,6,1,63,9,-1,-1,-1,-1,3,1,E01001449,0
Unvalidated,2024010510847,2024,010510847,1,9,0,99,9,9,99,9,9,99,9,99,2,9,6,1,21,5,-1,-1,-1,-1,2,1,E01001557,0
Unvalidated,2024010510848,2024,010510848,1,9,0,18,1,5,0,0,0,0,0,0,1,1,6,2,36,7,-1,-1,-1,-1,2,1,E01003768,0
Unvalidated,2024010510848,2024,010510848,2,9,0,2,0,0,0,0,0,0,0,0,2,1,6,3,-1,-1,-1,-1,-1,-1,-1,-1,-1,0
Unvalidated,2024010510850,2024,010510850,1,9,0,4,5,1,0,1,0,0,0,0,4,1,6,1,26,6,-1,-1,-1,-1,10,2,E01021805,0
Unvalidated,2024010510858,2024,010510858,1,1,9,99,9,9,99,9,9,99,9,99,9,1,6,1,45,7,-1,-1,-1,-1,3,1,E01033464,0
Unvalidated,2024010510858,2024,010510858,2,9,0,99,9,9,99,9,9,99,9,99,9,9,6,3,-1,-1,-1,-1,-1,-1,-1,-1,-1,0
Unvalidated,2024010510859,2024,010510859,1,3,0,99,9,9,99,9,9,99,9,99,9,1,1,1,44,7,-1,-1,-1,-1,3,1,E01001111,0
Unvalidated,2024010510859,2024,010510859,2,9,0,99,9,9,99,9,9,99,9,99,1,9,6,3,-1,-1,-1,-1,-1,-1,-1,-1,-1,0
Unvalidated,2024010510862,2024,010510862,1,9,0,99,9,9,99,0,9,99,9,99,9,1,6,3,-1,-1,-1,-1,-1,-1,-1,-1,-1,0
Unvalidated,2024010510867,2024,010510867,1,9,0,15,7,3,0,2,0,0,0,0,1,1,6,1,25,5,-1,-1,-1,-1,-1,-1,-1,0
Unvalidated,2024010510874,2024,010510874,1,19,0,5,5,1,0,8,0,0,0,0,1,2,6,1,43,7,-1,-1,-1,-1,4,1,E01001934,0
Unvalidated,2024010510874,2024,010510874,2,3,0,9,5,2,0,8,5,0,0,0,2,1,6,1,35,6,-1,-1,-1,-1,3,1,E01002562,0
Unvalidated,2024010510875,2024,010510875,1,1,9,99,9,9,99,9,9,99,9,99,9,9,6,3,-1,-1,-1,-1,-1,-1,-1,-1,-1,0
Unvalidated,2024010510878,2024,010510878,1,9,0,9,1,7,0,5,0,11,0,0,1,1,6,2,24,5,-1,-1,-1,-1,-1,-1,-1,0
Unvalidated,2024010510878,2024,010510878,2,1,0,18,5,1,0,1,1,99,0,0,1,1,4,1,12,3,-1,-1,-1,-1,6,1,E01002668,0
Unvalidated,2024010510887,2024,010510887,1,3,0,11,3,7,0,0,0,0,0,0,4,1,6,1,25,5,-1,-1,-1,-1,2,1,E01002345,0
Unvalidated,2024010510887,2024,010510887,2,3,0,18,3,7,0,0,0,0,0,0,3,1,6,1,24,5,-1,-1,-1,-1,2,1,E01004246,0
Unvalidated,2024010510888,2024,010510888,1,9,0,14,1,5,0,2,0,0,0,0,1,1,1,1,72,10,-1,-1,-1,-1,1,1,E01003486,0
Unvalidated,2024010510889,2024,010510889,1,9,0,4,8,4,0,1,0,0,0,0,2,1,6,2,45,7,-1,-1,-1,-1,4,1,E01004338,0
Unvalidated,2024010510889,2024,010510889,2,9,0,11,8,4,0,1,0,0,0,0,1,1,1,1,34,6,-1,-1,-1,-1,3,1,E01003606,0
Unvalidated,2024010510891,2024,010510891,1,3,0,17,1,5,0,3,0,0,0,0,1,1,2,1,31,6,-1,-1,-1,-1,4,1,E01001150,0
Unvalidated,2024010510891,2024,010510891,2,1,0,5,7,3,0,1,0,0,0,0,1,1,6,1,28,6,-1,-1,-1,-1,6,1,E01003149,0
Unvalidated,2024010510893,2024,010510893,1,90,0,99,9,9,99,9,9,99,9,99,1,9,1,1,28,6,-1,-1,-1,-1,5,1,E01003342,0
Unvalidated,2024010510893,2024,010510893,2,9,0,99,9,9,99,9,9,99,9,99,1,9,6,3,54,8,-1,-1,-1,-1,7,1,E01004585,0
Unvalidated,2024010510895,2024,010510895,1,9,0,18,3,7,0,1,0,0,0,0,1,1,2,2,52,8,-1,-1,-1,-1,9,1,E01000991,0
Unvalidated,2024010510895,2024,010510895,2,9,0,18,3,7,0,1,0,0,0,0,2,1,2,2,57,9,-1,-1,-1,-1,3,1,E01000718,0
Unvalidated,2024010510898,2024,010510898,1,1,0,3,3,7,0,1,0,0,0,0,3,1,2,1,30,6,-1,-1,-1,-1,2,1,E01002729,0
Unvalidated,2024010510899,2024,010510899,1,1,9,99,9,9,99,0,9,99,9,99,1,1,6,1,35,6,-1,-1,-1,-1,3,1,E01001640,0
Unvalidated,2024010510899,2024,010510899,2,11,0,99,9,9,99,0,9,99,9,99,0,9,6,3,-1,-1,-1,-1,-1,-1,-1,-1,-1,0
Unvalidated,2024010510901,2024,010510901,1,9,0,18,7,3,0,1,0,0,0,0,1,1,6,1,23,5,-1,-1,-1,-1,4,2,E01015948,0
Unvalidated,2024010510901,2024,010510901,2,9,0,18,3,7,0,2,0,0,0,0,1,1,6,1,19,4,-1,-1,-1,-1,-1,1,-1,0
Unvalidated,2024010510901,2024,010510901,3,9,0,2,0,0,0,2,0,0,0,0,0,1,6,3,-1,-1,-1,-1,-1,-1,-1,-1,-1,0
Unvalidated,2024010510908,2024,010510908,1,9,0,1,3,7,0,1,0,0,0,0,2,1,6,2,49,8,-1,-1,-1,-1,2,1,E01001395,0