status,collision_index,collision_year,collision_reference,vehicle_reference,vehicle_type,towing_and_articulation,vehicle_manoeuvre,vehicle_direction_from,vehicle_direction_to,vehicle_location_restricted_lane,junction_location,skidding_and_overturning,hit_object_in_carriageway,vehicle_leaving_carriageway,hit_object_off_carriageway,first_point_of_impact,vehicle_left_hand_drive,journey_purpose_of_driver,sex_of_driver,age_of_driver,age_band_of_driver,engine_capacity_cc,propulsion_code,age_of_vehicle,generic_make_model,driver_imd_decile,driver_home_area_type,lsoa_of_driver,escooter_flag
Unvalidated,2024010510910,2024,010510910,1,9,0,5,5,1,0,1,1,7,6,10,1,1,6,1,26,6,-1,-1,-1,-1,2,1,E01003183,0
Unvalidated,2024010510912,2024,010510912,1,9,0,5,3,7,0,0,0,0,0,0,1,1,6,1,45,7,-1,-1,-1,-1,6,1,E01003738,0
Unvalidated,2024010510912,2024,010510912,2,5,0,18,3,7,0,0,0,0,0,0,1,1,6,1,36,7,-1,-1,-1,-1,-1,-1,-1,0
Unvalidated,2024010510913,2024,010510913,1,1,9,99,9,9,99,9,9,99,9,99,0,1,2,1,34,6,-1,-1,-1,-1,1,1,E01003921,0
Unvalidated,2024010510914,2024,010510914,1,1,9,99,9,9,99,9,9,99,9,99,9,1,2,1,30,6,-1,-1,-1,-1,3,1,E01004047,0
Unvalidated,2024010510914,2024,010510914,2,9,0,99,9,9,99,9,9,99,9,99,9,9,1,1,35,6,-1,-1,-1,-1,8,1,E01000835,0
Unvalidated,2024010510919,2024,010510919,1,9,0,17,7,3,0,6,0,0,0,0,1,1,6,1,24,5,-1,-1,-1,-1,5,1,E01002004,0
Unvalidated,2024010510921,2024,010510921,1,3,0,99,9,9,99,9,9,99,9,99,9,1,6,1,23,5,-1,-1,-1,-1,1,1,E01004257,0
Unvalidated,2024010510921,2024,010510921,2,9,0,99,9,9,99,9,9,99,9,99,9,9,6,3,-1,-1,-1,-1,-1,-1,-1,-1,-1,0
Unvalidated,2024010510924,2024,010510924,1,3,0,5,1,5,2,1,0,10,0,0,2,1,6,1,21,5,-1,-1,-1,-1,3,1,E01003999,0
Unvalidated,2024010510924,2024,010510924,2,9,0,5,1,5,0,1,0,0,0,0,1,1,6,1,45,7,-1,-1,-1,-1,5,1,E01004695,0
Unvalidated,2024010510930,2024,010510930,1,1,9,99,9,9,99,9,9,99,9,99,9,1,2,1,46,8,-1,-1,-1,-1,2,1,E01001151,0
Unvalidated,2024010510930,2024,010510930,2,9,0,99,9,9,99,9,9,99,9,99,9,9,6,3,-1,-1,-1,-1,-1,-1,-1,-1,-1,0
Unvalidated,2024010510932,2024,010510932,1,9,9,99,9,9,99,9,9,99,9,99,9,9,6,3,-1,-1,-1,-1,-1,-1,-1,-1,-1,0
Unvalidated,2024010510932,2024,010510932,2,9,0,99,9,9,99,9,9,99,9,99,9,9,6,3,34,6,-1,-1,-1,-1,-1,-1,-1,0
Unvalidated,2024010510935,2024,010510935,1,3,0,5,1,5,0,1,0,0,0,0,3,1,1,1,34,6,-1,-1,-1,-1,5,1,E01003760,0
Unvalidated,2024010510935,2024,010510935,2,9,0,9,1,7,0,1,0,0,0,0,1,1,1,1,27,6,-1,-1,-1,-1,2,1,E01000073,0
Unvalidated,2024010510937,2024,010510937,1,90,0,99,9,9,99,9,9,99,9,99,2,9,6,1,36,7,-1,-1,-1,-1,3,1,E01004183,0
Unvalidated,2024010510937,2024,010510937,2,9,0,99,9,9,99,9,9,99,9,99,1,9,6,3,-1,-1,-1,-1,-1,-1,-1,-1,-1,0
Unvalidated,2024010510939,2024,010510939,1,19,0,7,2,5,0,8,0,0,0,0,4,2,2,1,30,6,-1,-1,-1,-1,10,1,E01030638,0
Unvalidated,2024010510939,2024,010510939,2,1,0,18,2,6,0,8,0,0,0,0,3,1,2,1,42,7,-1,-1,-1,-1,2,1,E01003373,0
Unvalidated,2024010510943,2024,010510943,1,3,0,99,9,9,99,9,9,99,9,99,9,1,1,1,25,5,-1,-1,-1,-1,1,1,E01001978,0
Unvalidated,2024010510943,2024,010510943,2,23,0,99,9,9,99,9,9,99,9,99,9,1,6,3,-1,-1,-1,-1,-1,-1,-1,-1,-1,0
Unvalidated,2024010510945,2024,010510945,1,9,0,4,7,3,0,1,0,0,0,0,1,1,3,2,30,6,-1,-1,-1,-1,2,1,E01002634,0
Unvalidated,2024010510945,2024,010510945,2,9,0,4,7,3,0,1,0,0,0,0,2,1,6,1,56,9,-1,-1,-1,-1,7,1,E01002436,0
Unvalidated,2024010510946,2024,010510946,1,1,9,99,9,9,99,9,9,99,9,99,1,1,6,3,-1,-1,-1,-1,-1,-1,-1,-1,-1,0
Unvalidated,2024010510949,2024,010510949,1,9,0,5,1,5,0,0,0,0,0,0,2,9,6,2,73,10,-1,-1,-1,-1,5,1,E01001091,0
Unvalidated,2024010510949,2024,010510949,2,98,9,18,1,5,0,0,9,0,0,0,1,9,6,3,-1,-1,-1,-1,-1,-1,2,1,E01016018,0
Unvalidated,2024010510952,2024,010510952,1,19,0,7,1,3,0,8,0,0,0,0,4,1,1,1,54,8,-1,-1,-1,-1,1,1,E01001330,0
Unvalidated,2024010510952,2024,010510952,2,1,0,15,1,5,0,8,0,0,0,0,1,1,6,1,33,6,-1,-1,-1,-1,4,1,E01001247,0
Unvalidated,2024010510954,2024,010510954,1,3,0,99,9,9,99,9,9,99,9,99,9,1,1,1,41,7,-1,-1,-1,-1,2,1,E01004010,0
Unvalidated,2024010510954,2024,010510954,2,9,0,99,9,9,99,9,9,99,9,99,1,9,6,3,-1,-1,-1,-1,-1,-1,-1,-1,-1,0
Unvalidated,2024010510958,2024,010510958,1,9,0,99,9,9,99,9,9,99,9,99,2,9,6,2,52,8,-1,-1,-1,-1,8,1,E01002922,0
Unvalidated,2024010510958,2024,010510958,2,9,0,99,9,9,99,9,9,99,9,99,1,9,6,3,50,8,-1,-1,-1,-1,8,1,E01002993,0
Unvalidated,2024010510958,2024,010510958,3,9,0,99,9,9,99,9,9,99,9,99,2,9,6,3,-1,-1,-1,-1,-1,-1,-1,-1,-1,0
Unvalidated,2024010510963,2024,010510963,1,9,0,99,9,9,99,9,9,99,9,99,2,9,6,2,39,7,-1,-1,-1,-1,7,1,E01001027,0
Unvalidated,2024010510963,2024,010510963,2,9,0,99,9,9,99,9,9,99,9,99,1,9,6,2,53,8,-1,-1,-1,-1,-1,-1,-1,0
Unvalidated,2024010510966,2024,010510966,1,1,9,99,9,9,99,9,9,99,9,99,1,1,6,1,25,5,-1,-1,-1,-1,3,1,E01003972,0
Unvalidated,2024010510966,2024,010510966,2,1,9,99,9,9,99,9,9,99,9,99,1,1,6,3,-1,-1,-1,-1,-1,-1,-1,-1,-1,0
Unvalidated,2024010510968,2024,010510968,1,11,0,4,5,1,2,0,0,0,0,0,0,1,1,2,36,7,-1,-1,-1,-1,2,1,E01000796,0
Unvalidated,2024010510969,2024,010510969,1,3,0,99,9,9,99,9,9,99,9,99,9,1,1,1,41,7,-1,-1,-1,-1,5,1,E01000994,0
Unvalidated,2024010510969,2024,010510969,2,9,0,99,9,9,99,9,9,99,9,99,9,9,6,3,-1,-1,-1,-1,-1,-1,6,1,E01004626,0
Unvalidated,2024010510973,2024,010510973,1,3,0,99,9,9,99,9,9,99,9,99,9,1,2,1,31,6,-1,-1,-1,-1,2,1,E01001709,0
Unvalidated,2024010510973,2024,010510973,2,9,0,99,9,9,99,9,9,99,9,99,1,9,6,3,-1,-1,-1,-1,-1,-1,-1,-1,-1,0
Unvalidated,2024010510977,2024,010510977,1,9,9,18,1,5,99,9,9,99,9,99,9,9,6,3,-1,-1,-1,-1,-1,-1,-1,-1,-1,0
Unvalidated,2024010510980,2024,010510980,1,8,0,99,9,9,99,9,9,99,9,99,9,1,6,1,37,7,-1,-1,-1,-1,4,1,E01004376,0
Unvalidated,2024010510980,2024,010510980,2,1,9,99,9,9,99,9,9,99,9,99,1,1,6,2,-1,-1,-1,-1,-1,-1,-1,-1,-1,0
Unvalidated,2024010510981,2024,010510981,1,3,0,99,9,9,99,0,9,99,9,99,9,1,1,3,35,6,-1,-1,-1,-1,7,1,E01000413,0
Unvalidated,2024010510981,2024,010510981,2,9,9,99,9,9,99,0,9,99,9,99,9,9,6,3,-1,-1,-1,-1,-1,-1,-1,-1,-1,0
Unvalidated,2024010510982,2024,010510982,1,19,0,9,3,8,0,6,0,0,0,0,3,1,1,1,64,9,-1,-1,-1,-1,6,1,E01002218,0
Unvalidated,2024010510983,2024,010510983,1,3,0,99,9,9,99,9,9,99,9,99,1,1,6,1,22,5,-1,-1,-1,-1,2,1,E01003187,0
Unvalidated,2024010510983,2024,010510983,2,9,0,99,9,9,99,9,9,99,9,99,9,9,6,3,-1,-1,-1,-1,-1,-1,-1,-1,-1,0
Unvalidated,2024010510986,2024,010510986,1,9,0,99,9,9,99,9,9,99,9,99,9,9,2,1,27,6,-1,-1,-1,-1,7,1,E01000517,0
Unvalidated,2024010510986,2024,010510986,2,9,0,99,9,9,99,9,9,99,9,99,1,9,6,3,-1,-1,-1,-1,-1,-1,-1,-1,-1,0
Unvalidated,2024010510990,2024,010510990,1,9,0,9,5,3,0,4,0,0,0,0,1,1,2,1,51,8,-1,-1,-1,-1,-1,-1,-1,0
Unvalidated,2024010510990,2024,010510990,2,3,0,18,3,7,0,4,0,0,0,0,1,1,6,1,18,4,-1,-1,-1,-1,7,1,E01001131,0
Unvalidated,2024010510992,2024,010510992,1,11,9,16,5,1,99,4,9,99,9,99,4,1,6,3,-1,-1,-1,-1,-1,-1,-1,-1,-1,0
Unvalidated,2024010510996,2024,010510996,1,9,0,18,1,5,0,0,0,0,0,0,0,1,6,1,30,6,-1,-1,-1,-1,5,1,E01024156,0
Unvalidated,2024010510997,2024,010510997,1,3,0,99,9,9,99,9,9,99,9,99,9,1,2,1,29,6,-1,-1,-1,-1,3,1,E01033464,0
Unvalidated,2024010510997,2024,010510997,2,9,0,99,9,9,99,9,9,99,9,99,9,9,6,3,-1,-1,-1,-1,-1,-1,-1,-1,-1,0
Unvalidated,2024010511000,2024,010511000,1,3,0,8,7,2,0,4,5,0,0,0,2,1,6,1,28,6,-1,-1,-1,-1,-1,-1,-1,0
Unvalidated,2024010511000,2024,010511000,2,9,0,7,7,2,0,4,0,0,0,0,1,1,6,2,39,7,-1,-1,-1,-1,3,1,E01000109,0
Unvalidated,2024010511002,2024,010511002,1,9,9,18,1,5,0,9,9,99,9,99,9,9,6,1,-1,-1,-1,-1,-1,-1,-1,-1,-1,0
Unvalidated,2024010511004,2024,010511004,1,9,0,9,7,5,0,8,0,0,0,0,3,1,6,1,42,7,-1,-1,-1,-1,-1,-1,-1,0
Unvalidated,2024010511004,2024,010511004,2,5,0,18,7,3,0,8,1,0,3,0,4,1,6,1,35,6,-1,-1,-1,-1,3,1,E01002133,0
Unvalidated,2024010511009,2024,010511009,1,1,9,99,9,9,99,9,9,99,9,99,1,1,6,1,24,5,-1,-1,-1,-1,6,1,E01001565,0
Unvalidated,2024010511009,2024,010511009,2,9,0,99,9,9,99,9,9,99,9,99,1,9,6,3,22,5,-1,-1,-1,-1,1,1,E01002040,0
Unvalidated,2024010511010,2024,010511010,1,1,9,99,9,9,99,0,9,8,9,99,9,1,6,3,32,6,-1,-1,-1,-1,3,1,E01004064,0
Unvalidated,2024010511010,2024,010511010,2,9,0,99,9,9,99,0,9,99,9,99,9,9,6,3,-1,-1,-1,-1,-1,-1,-1,-1,-1,0
Unvalidated,2024010511012,2024,010511012,1,9,0,8,1,4,0,1,0,0,0,0,4,1,6,1,35,6,-1,-1,-1,-1,2,1,E01004289,0
Unvalidated,2024010511012,2024,010511012,2,3,0,18,1,5,0,1,0,8,0,0,1,1,6,1,36,7,-1,-1,-1,-1,3,1,E01004453,0
Unvalidated,2024010511012,2024,010511012,3,9,0,8,1,4,0,1,0,0,0,0,2,1,6,1,42,7,-1,-1,-1,-1,5,1,E01032783,0
Unvalidated,2024010511016,2024,010511016,1,9,0,9,1,7,0,5,0,0,0,0,4,1,6,1,40,7,-1,-1,-1,-1,6,1,E01023359,0
Unvalidated,2024010511016,2024,010511016,2,1,0,9,1,7,0,1,0,0,0,0,4,1,6,1,17,4,-1,-1,-1,-1,4,1,E01000997,0
Unvalidated,2024010511021,2024,010511021,1,5,0,99,9,9,99,9,9,99,9,99,1,1,2,1,57,9,-1,-1,-1,-1,3,1,E01002932,0
Unvalidated,2024010511021,2024,010511021,2,9,0,99,9,9,99,9,9,99,9,99,9,9,6,3,-1,-1,-1,-1,-1,-1,-1,-1,-1,0
Unvalidated,2024010511027,2024,010511027,1,9,0,18,7,3,0,8,1,10,0,0,3,1,6,2,64,9,-1,-1,-1,-1,3,1,E01000024,0
Unvalidated,2024010511027,2024,010511027,2,9,0,18,5,1,0,6,0,0,0,0,1,1,3,2,42,7,-1,-1,-1,-1,2,1,E01000033,0
Unvalidated,2024010511031,2024,010511031,1,9,0,99,9,9,99,9,9,99,9,99,3,1,2,2,63,9,-1,-1,-1,-1,2,1,E01000018,0
Unvalidated,2024010511031,2024,010511031,2,9,0,99,9,9,99,9,9,99,9,99,1,1,6,3,-1,-1,-1,-1,-1,-1,4,1,E01003702,0
Unvalidated,2024010511041,2024,010511041,1,9,0,18,1,5,0,0,0,0,0,0,1,1,6,1,24,5,-1,-1,-1,-1,6,1,E01000479,0
Unvalidated,2024010511042,2024,010511042,1,9,0,10,5,2,0,9,0,0,9,0,1,1,6,2,69,10,-1,-1,-1,-1,-1,-1,-1,0
Unvalidated,2024010511042,2024,010511042,2,9,9,13,5,1,0,1,9,0,0,0,4,9,6,3,-1,-1,-1,-1,-1,-1,-1,-1,-1,0
Unvalidated,2024010511049,2024,010511049,1,9,0,99,9,9,99,0,9,99,9,99,9,9,6,2,38,7,-1,-1,-1,-1,2,1,E01021816,0
Unvalidated,2024010511049,2024,010511049,2,9,0,99,9,9,99,0,9,99,9,99,9,9,6,3,-1,-1,-1,-1,-1,-1,-1,-1,-1,0
Unvalidated,2024010511051,2024,010511051,1,3,9,99,9,9,99,9,9,99,9,99,9,1,2,1,28,6,-1,-1,-1,-1,3,1,E01000094,0
Unvalidated,2024010511051,2024,010511051,2,9,9,99,9,9,99,9,9,99,9,99,9,9,6,3,-1,-1,-1,-1,-1,-1,-1,-1,-1,0
Unvalidated,2024010511055,2024,010511055,1,11,0,5,8,4,0,1,0,0,0,0,0,1,1,1,25,5,-1,-1,-1,-1,4,1,E01002098,0
Unvalidated,2024010511063,2024,010511063,1,9,0,9,3,1,0,8,0,0,0,0,4,1,1,1,51,8,-1,-1,-1,-1,3,1,E01003244,0
Unvalidated,2024010511063,2024,010511063,2,1,0,18,7,3,0,1,0,0,1,0,1,1,6,1,40,7,-1,-1,-1,-1,3,1,E01003286,0
Unvalidated,2024010511067,2024,010511067,1,3,0,99,9,9,99,9,9,99,9,99,1,1,6,1,33,6,-1,-1,-1,-1,7,1,E01000258,0
Unvalidated,2024010511067,2024,010511067,2,9,0,99,9,9,99,9,9,99,9,99,1,9,6,3,-1,-1,-1,-1,-1,-1,-1,-1,-1,0
Unvalidated,2024010511069,2024,010511069,1,90,0,99,9,9,99,9,9,99,9,99,9,9,6,3,-1,-1,-1,-1,-1,-1,-1,-1,-1,0
Unvalidated,2024010511069,2024,010511069,2,9,9,2,0,0,99,9,9,99,9,99,9,9,6,3,-1,-1,-1,-1,-1,-1,-1,-1,-1,0
Unvalidated,2024010511080,2024,010511080,1,9,0,99,9,9,0,9,0,0,0,0,9,9,1,1,28,6,-1,-1,-1,-1,-1,-1,-1,0
Unvalidated,2024010511080,2024,010511080,2,1,0,99,9,9,0,9,0,8,0,0,9,1,6,1,-1,-1,-1,-1,-1,-1,-1,-1,-1,0
Unvalidated,2024010511081,2024,010511081,1,9,0,1,7,3,0,8,0,0,0,0,2,1,6,3,-1,-1,-1,-1,-1,-1,-1,-1,-1,0
Unvalidated,2024010511081,2024,010511081,2,5,0,18,3,7,0,8,0,0,0,0,4,1,1,1,44,7,-1,-1,-1,-1,3,1,E01000915,0
Unvalidated,2024010511083,2024,010511083,1,9,0,18,1,5,0,1,0,0,0,0,4,1,6,3,-1,-1,-1,-1,-1,-1,-1,-1,-1,0
Unvalidated,2024010511083,2024,010511083,2,1,0,18,1,5,0,1,0,0,0,0,3,1,2,1,35,6,-1,-1,-1,-1,6,1,E01001065,0
Unvalidated,2024010511091,2024,010511091,1,9,0,18,3,7,0,1,0,0,0,0,1,1,6,1,25,5,-1,-1,-1,-1,5,1,E01004564,0
Unvalidated,2024010511091,2024,010511091,2,2,0,4,3,7,0,1,0,0,0,0,2,1,6,1,26,6,-1,-1,-1,-1,6,1,E01003427,0
Unvalidated,2024010511093,2024,010511093,1,9,0,18,3,7,1,0,0,0,0,0,4,1,1,1,22,5,-1,-1,-1,-1,-1,-1,-1,0
Unvalidated,2024010511098,2024,010511098,1,1,9,99,9,9,99,0,9,99,9,99,9,1,2,1,31,6,-1,-1,-1,-1,4,1,E01001180,0
Unvalidated,2024010511098,2024,010511098,2,97,0,99,9,9,99,0,9,99,9,99,9,1,6,3,28,6,-1,-1,-1,-1,4,1,E01001179,0
Unvalidated,2024010511100,2024,010511100,1,19,0,10,6,4,0,8,0,0,0,0,4,1,2,1,36,7,-1,-1,-1,-1,5,1,E01023542,0
Unvalidated,2024010511100,2024,010511100,2,1,0,18,4,8,0,8,0,0,0,0,1,1,2,1,36,7,-1,-1,-1,-1,6,1,E01001937,0
Unvalidated,2024010511103,2024,010511103,1,9,0,3,7,3,0,1,0,0,0,0,3,1,3,2,53,8,-1,-1,-1,-1,1,1,E01001364,0
Unvalidated,2024010511104,2024,010511104,1,9,0,18,3,7,0,8,0,0,0,0,1,1,6,3,-1,-1,-1,-1,-1,-1,-1,-1,-1,0
Unvalidated,2024010511108,2024,010511108,1,21,9,99,9,9,0,0,0,99,9,99,9,1,6,3,-1,-1,-1,-1,-1,-1,-1,-1,-1,0
Unvalidated,2024010511112,2024,010511112,1,3,0,18,3,7,0,8,0,0,0,0,1,1,1,1,25,5,-1,-1,-1,-1,-1,-1,-1,0
Unvalidated,2024010511112,2024,010511112,2,9,0,9,7,5,0,8,0,0,0,0,1,1,6,2,35,6,-1,-1,-1,-1,-1,-1,-1,0
Unvalidated,2024010511117,2024,010511117,1,9,0,3,3,7,0,9,9,99,9,99,2,9,6,1,32,6,-1,-1,-1,-1,7,1,E01002177,0
Unvalidated,2024010511117,2024,010511117,2,9,0,18,3,7,0,9,9,99,9,99,2,9,6,3,-1,-1,-1,-1,-1,-1,-1,-1,-1,0
Unvalidated,2024010511117,2024,010511117,3,9,0,18,3,7,0,9,9,99,9,99,1,9,6,3,-1,-1,-1,-1,-1,-1,-1,-1,-1,0
Unvalidated,2024010511118,2024,010511118,1,90,0,5,0,5,9,1,0,0,0,0,1,1,6,1,23,5,-1,-1,-1,-1,2,1,E01000017,1
Unvalidated,2024010511119,2024,010511119,1,9,0,18,1,5,0,1,0,0,1,11,1,1,6,3,-1,-1,-1,-1,-1,-1,-1,-1,-1,0
Unvalidated,2024010511119,2024,010511119,2,9,0,9,1,7,0,1,0,0,3,10,2,1,6,2,75,10,-1,-1,-1,-1,4,1,E01004016,0
Unvalidated,2024010511119,2024,010511119,3,9,0,2,0,0,0,1,0,0,1,0,2,1,6,3,-1,-1,-1,-1,-1,-1,-1,-1,-1,0
Unvalidated,2024010511119,2024,010511119,4,19,0,2,0,0,0,1,0,0,0,0,1,1,6,3,-1,-1,-1,-1,-1,-1,-1,-1,-1,0
Unvalidated,2024010511120,2024,010511120,1,9,0,18,8,4,0,1,0,0,0,0,1,1,6,1,25,5,-1,-1,-1,-1,6,1,E01001073,0
Unvalidated,2024010511124,2024,010511124,1,9,0,3,7,3,0,8,0,0,0,0,4,1,6,2,19,4,-1,-1,-1,-1,-1,-1,-1,0
Unvalidated,2024010511124,2024,010511124,2,3,0,9,3,1,0,8,0,0,0,0,1,1,1,1,29,6,-1,-1,-1,-1,-1,-1,-1,0
Unvalidated,2024010511126,2024,010511126,1,3,0,18,1,5,0,8,0,0,0,0,4,1,6,1,22,5,-1,-1,-1,-1,6,1,E01002125,0
Unvalidated,2024010511126,2024,010511126,2,9,0,9,1,7,0,8,0,0,0,0,1,1,6,3,-1,-1,-1,-1,-1,-1,-1,-1,-1,0
Unvalidated,2024010511129,2024,010511129,1,9,0,18,1,5,0,1,1,10,1,10,1,1,6,1,26,6,-1,-1,-1,-1,4,1,E01001085,0
Unvalidated,2024010511131,2024,010511131,1,9,0,9,5,3,0,8,0,0,0,0,1,1,6,1,31,6,-1,-1,-1,-1,3,1,E01002504,0
Unvalidated,2024010511131,2024,010511131,2,9,0,18,1,5,0,8,0,0,0,0,1,1,6,1,23,5,-1,-1,-1,-1,-1,-1,-1,0
Unvalidated,2024010511133,2024,010511133,1,9,0,16,1,5,0,1,0,0,0,0,1,1,6,1,19,4,-1,-1,-1,-1,4,1,E01021837,0
Unvalidated,2024010511133,2024,010511133,2,19,0,2,0,0,0,1,0,0,0,0,1,1,6,3,-1,-1,-1,-1,-1,-1,-1,-1,-1,0
Unvalidated,2024010511135,2024,010511135,1,9,0,18,7,3,9,2,0,0,7,2,1,1,6,2,19,4,-1,-1,-1,-1,5,1,E01000454,0
Unvalidated,2024010511136,2024,010511136,1,19,0,18,5,1,0,7,0,0,0,0,1,1,1,1,41,7,-1,-1,-1,-1,2,1,E01001246,0
Unvalidated,2024010511136,2024,010511136,2,9,0,18,5,1,0,7,0,0,0,0,1,1,6,1,39,7,-1,-1,-1,-1,10,1,E01003464,0
Unvalidated,2024010511136,2024,010511136,3,9,0,18,5,1,0,7,0,0,0,0,0,1,6,2,27,6,-1,-1,-1,-1,4,1,E01004728,0
Unvalidated,2024010511136,2024,010511136,4,9,0,18,5,1,0,5,0,0,0,0,0,1,6,1,37,7,-1,-1,-1,-1,-1,1,-1,0
Unvalidated,2024010511137,2024,010511137,1,9,0,14,1,5,0,0,0,0,0,0,1,1,6,1,23,5,-1,-1,-1,-1,1,1,E01002093,0
Unvalidated,2024010511137,2024,010511137,2,5,0,18,5,1,0,0,2,0,0,0,1,1,6,1,28,6,-1,-1,-1,-1,4,1,E01002759,0
Unvalidated,2024010511140,2024,010511140,1,9,0,18,5,1,0,0,0,0,0,0,1,1,2,1,52,8,-1,-1,-1,-1,4,1,E01001704,0
Unvalidated,2024010511140,2024,010511140,2,11,0,18,1,5,0,0,0,0,0,0,1,1,1,1,30,6,-1,-1,-1,-1,8,1,E01016179,0
Unvalidated,2024010511145,2024,010511145,1,9,0,7,4,7,0,6,0,0,0,0,1,1,6,1,47,8,-1,-1,-1,-1,3,1,E01004337,0
Unvalidated,2024010511145,2024,010511145,2,1,0,18,3,7,0,1,0,0,0,0,2,1,6,2,59,9,-1,-1,-1,-1,-1,1,-1,0
Unvalidated,2024010511146,2024,010511146,1,9,0,18,4,8,0,1,0,0,0,0,1,1,6,1,25,5,-1,-1,-1,-1,6,1,E01001309,0
Unvalidated,2024010511146,2024,010511146,2,9,0,18,4,8,0,1,0,0,0,0,2,1,6,1,50,8,-1,-1,-1,-1,3,1,E01000502,0
Unvalidated,2024010511149,2024,010511149,1,9,9,99,9,9,99,9,9,99,9,99,2,9,6,1,20,4,-1,-1,-1,-1,4,1,E01001484,0
Unvalidated,2024010511149,2024,010511149,2,9,0,99,9,9,99,9,9,99,9,99,1,9,6,3,-1,-1,-1,-1,-1,-1,-1,-1,-1,0
Unvalidated,2024010511150,2024,010511150,1,8,0,99,9,9,99,2,9,99,9,99,2,9,1,1,49,8,-1,-1,-1,-1,2,1,E01004310,0
Unvalidated,2024010511150,2024,010511150,2,9,9,99,9,9,99,1,9,99,9,99,9,9,6,3,-1,-1,-1,-1,-1,-1,-1,-1,-1,0
Unvalidated,2024010511156,2024,010511156,1,1,9,99,9,9,99,9,9,99,9,99,1,1,6,3,-1,-1,-1,-1,-1,-1,-1,-1,-1,0
Unvalidated,2024010511157,2024,010511157,1,9,0,5,1,5,8,7,0,4,8,11,1,1,6,1,82,11,-1,-1,-1,-1,10,1,E01003805,0
Unvalidated,2024010511157,2024,010511157,2,9,0,2,0,0,7,2,0,0,0,0,0,1,6,3,-1,-1,-1,-1,-1,-1,-1,-1,-1,0
Unvalidated,2024010511158,2024,010511158,1,9,0,18,5,1,0,8,0,0,0,0,2,1,6,2,45,7,-1,-1,-1,-1,9,1,E01001281,0
Unvalidated,2024010511158,2024,010511158,2,9,0,99,9,9,99,9,9,99,9,99,1,9,6,1,-1,-1,-1,-1,-1,-1,-1,-1,-1,0
Unvalidated,2024010511166,2024,010511166,1,9,0,99,9,9,99,9,9,99,9,99,2,9,1,1,33,6,-1,-1,-1,-1,2,1,E01000133,0
Unvalidated,2024010511167,2024,010511167,1,3,0,4,7,3,0,1,0,0,7,0,1,1,6,1,22,5,-1,-1,-1,-1,2,1,E01002879,0
Unvalidated,2024010511170,2024,010511170,1,9,0,6,5,5,0,1,0,0,0,0,3,1,6,1,62,9,-1,-1,-1,-1,2,1,E01002765,0
Unvalidated,2024010511170,2024,010511170,2,5,0,18,1,5,0,1,0,0,0,0,1,1,6,1,36,7,-1,-1,-1,-1,-1,-1,-1,0
Unvalidated,2024010511175,2024,010511175,1,9,0,7,7,2,0,6,0,0,0,0,3,1,6,1,51,8,-1,-1,-1,-1,9,1,E01002415,0
Unvalidated,2024010511175,2024,010511175,2,3,0,18,5,1,0,8,5,0,0,0,1,1,1,1,23,5,-1,-1,-1,-1,1,1,E01001958,0
Unvalidated,2024010511176,2024,010511176,1,9,0,10,8,5,0,5,0,0,0,0,4,1,6,2,50,8,-1,-1,-1,-1,4,1,E01003277,0
Unvalidated,2024010511176,2024,010511176,2,1,0,18,4,8,0,1,0,0,0,0,4,1,6,2,27,6,-1,-1,-1,-1,7,1,E01000675,0
Unvalidated,2024010511178,2024,010511178,1,23,0,9,7,4,0,1,0,0,0,0,1,1,6,3,-1,-1,-1,-1,-1,-1,-1,-1,-1,0
Unvalidated,2024010511178,2024,010511178,2,1,0,18,3,7,0,8,0,0,0,0,1,1,1,1,35,6,-1,-1,-1,-1,2,1,E01003556,0
Unvalidated,2024010511180,2024,010511180,1,9,0,99,9,9,99,0,9,99,9,99,1,9,6,3,-1,-1,-1,-1,-1,-1,-1,-1,-1,0
Unvalidated,2024010511183,2024,010511183,1,9,0,2,0,0,0,1,0,0,0,0,2,1,6,3,-1,-1,-1,-1,-1,-1,-1,-1,-1,0
Unvalidated,2024010511183,2024,010511183,2,9,0,18,1,5,0,1,0,4,0,0,3,1,6,1,30,6,-1,-1,-1,-1,3,1,E01002030,0
Unvalidated,2024010511183,2024,010511183,3,9,0,11,1,5,0,1,0,0,0,0,4,1,6,1,34,6,-1,-1,-1,-1,10,1,E01021545,0
Unvalidated,2024010511189,2024,010511189,1,9,0,99,9,9,0,9,9,99,9,99,9,9,6,1,71,10,-1,-1,-1,-1,9,2,E01021458,0
Unvalidated,2024010511189,2024,010511189,2,98,9,99,9,9,0,9,9,99,9,99,9,2,6,3,-1,-1,-1,-1,-1,-1,-1,-1,-1,0
Unvalidated,2024010511193,2024,010511193,1,1,0,18,1,5,4,0,5,0,0,0,4,1,6,1,38,7,-1,-1,-1,-1,2,1,E01002053,0
Unvalidated,2024010511193,2024,010511193,2,9,0,1,1,5,4,0,0,0,0,0,2,1,6,1,57,9,-1,-1,-1,-1,4,1,E01002798,0
Unvalidated,2024010511198,2024,010511198,1,9,0,5,0,7,0,6,0,0,0,0,1,1,6,1,50,8,-1,-1,-1,-1,-1,-1,-1,0
Unvalidated,2024010511198,2024,010511198,2,3,5,13,8,4,0,1,0,0,0,0,4,1,6,1,23,5,-1,-1,-1,-1,-1,-1,-1,0