status,collision_index,collision_year,collision_reference,vehicle_reference,vehicle_type,towing_and_articulation,vehicle_manoeuvre,vehicle_direction_from,vehicle_direction_to,vehicle_location_restricted_lane,junction_location,skidding_and_overturning,hit_object_in_carriageway,vehicle_leaving_carriageway,hit_object_off_carriageway,first_point_of_impact,vehicle_left_hand_drive,journey_purpose_of_driver,sex_of_driver,age_of_driver,age_band_of_driver,engine_capacity_cc,propulsion_code,age_of_vehicle,generic_make_model,driver_imd_decile,driver_home_area_type,lsoa_of_driver,escooter_flag
Unvalidated,2024010511199,2024,010511199,1,9,0,9,3,1,0,2,0,4,0,0,3,1,6,1,35,6,-1,-1,-1,-1,7,1,E01002329,0
Unvalidated,2024010511199,2024,010511199,2,9,0,3,1,5,0,2,0,0,0,0,0,1,6,1,57,9,-1,-1,-1,-1,4,1,E01003715,0
Unvalidated,2024010511202,2024,010511202,1,9,0,18,1,5,0,5,0,0,0,0,0,1,6,1,50,8,-1,-1,-1,-1,1,1,E01002758,0
Unvalidated,2024010511202,2024,010511202,2,9,0,18,1,5,0,2,0,0,0,0,1,1,6,1,34,6,-1,-1,-1,-1,2,1,E01002003,0
Unvalidated,2024010511202,2024,010511202,3,1,0,18,1,5,0,6,0,0,0,0,4,1,6,1,14,3,-1,-1,-1,-1,1,1,E01002094,0
Unvalidated,2024010511215,2024,010511215,1,9,0,18,3,7,0,8,1,10,1,2,1,1,6,1,26,6,-1,-1,-1,-1,1,1,E01002673,0
Unvalidated,2024010511215,2024,010511215,2,19,0,9,7,5,0,8,0,0,0,0,0,1,6,1,26,6,-1,-1,-1,-1,2,1,E01033000,0
Unvalidated,2024010511216,2024,010511216,1,9,0,99,9,9,99,9,9,99,9,99,2,9,6,2,41,7,-1,-1,-1,-1,10,1,E01004478,0
Unvalidated,2024010511216,2024,010511216,2,9,0,99,9,9,99,9,9,99,9,99,1,9,6,3,-1,-1,-1,-1,-1,-1,6,3,E01022520,0
Unvalidated,2024010511223,2024,010511223,1,11,5,4,3,7,2,5,0,11,3,5,1,1,1,1,28,6,-1,-1,-1,-1,5,1,E01002449,0
Unvalidated,2024010511224,2024,010511224,1,9,0,99,9,9,99,9,9,99,9,99,9,9,2,1,27,6,-1,-1,-1,-1,5,1,E01033573,0
Unvalidated,2024010511224,2024,010511224,2,9,0,99,9,9,99,9,9,99,9,99,9,9,6,3,36,7,-1,-1,-1,-1,3,1,E01000640,0
Unvalidated,2024010511228,2024,010511228,1,9,0,16,7,3,0,4,0,0,0,0,4,1,6,1,40,7,-1,-1,-1,-1,-1,-1,-1,0
Unvalidated,2024010511228,2024,010511228,2,9,0,16,7,3,0,4,0,0,0,0,1,1,6,1,21,5,-1,-1,-1,-1,-1,-1,-1,0
Unvalidated,2024010511229,2024,010511229,1,9,0,9,1,7,0,8,0,0,0,0,1,1,6,1,90,11,-1,-1,-1,-1,9,1,E01000424,0
Unvalidated,2024010511229,2024,010511229,2,9,0,9,1,7,0,8,1,10,1,11,1,1,6,1,20,4,-1,-1,-1,-1,-1,-1,-1,0
Unvalidated,2024010511230,2024,010511230,1,9,0,9,7,5,0,1,0,0,0,0,4,1,6,2,32,6,-1,-1,-1,-1,4,1,E01001476,0
Unvalidated,2024010511230,2024,010511230,2,9,0,18,5,1,0,1,0,0,0,0,3,1,6,1,45,7,-1,-1,-1,-1,5,1,E01021814,0
Unvalidated,2024010511231,2024,010511231,1,9,0,99,9,9,0,9,9,0,0,0,1,9,6,1,23,5,-1,-1,-1,-1,3,1,E01002413,0
Unvalidated,2024010511240,2024,010511240,1,9,0,99,9,9,99,9,9,99,9,99,1,9,6,2,30,6,-1,-1,-1,-1,6,1,E01003367,0
Unvalidated,2024010511240,2024,010511240,2,9,0,99,9,9,99,9,9,99,9,99,9,9,6,3,-1,-1,-1,-1,-1,-1,-1,-1,-1,0
Unvalidated,2024010511241,2024,010511241,1,9,0,99,9,9,99,9,9,99,9,99,9,9,6,2,40,7,-1,-1,-1,-1,3,1,E01003438,0
Unvalidated,2024010511241,2024,010511241,2,9,9,99,9,9,99,9,9,99,9,99,9,9,6,3,-1,-1,-1,-1,-1,-1,-1,-1,-1,0
Unvalidated,2024010511242,2024,010511242,1,9,0,18,7,3,0,0,0,0,0,0,0,1,2,1,31,6,-1,-1,-1,-1,3,1,E01003221,0
Unvalidated,2024010511242,2024,010511242,2,3,0,18,7,3,9,0,1,0,0,0,1,1,6,3,-1,-1,-1,-1,-1,-1,-1,-1,-1,0
Unvalidated,2024010511244,2024,010511244,1,11,0,15,3,7,0,0,0,10,7,11,1,1,6,2,37,7,-1,-1,-1,-1,3,1,E01003716,0
Unvalidated,2024010511244,2024,010511244,2,9,0,2,0,0,9,0,0,0,0,0,4,1,6,3,-1,-1,-1,-1,-1,-1,-1,-1,-1,0
Unvalidated,2024010511244,2024,010511244,3,9,0,2,0,0,9,0,0,0,0,0,2,1,6,3,-1,-1,-1,-1,-1,-1,-1,-1,-1,0
Unvalidated,2024010511246,2024,010511246,1,9,0,6,7,7,0,1,0,0,0,0,4,1,6,1,25,5,-1,-1,-1,-1,6,1,E01002295,0
Unvalidated,2024010511246,2024,010511246,2,3,0,15,7,3,0,1,1,0,0,0,1,1,6,1,24,5,-1,-1,-1,-1,1,1,E01002720,0
Unvalidated,2024010511249,2024,010511249,1,9,0,99,9,9,99,9,9,99,9,99,2,9,2,1,29,6,-1,-1,-1,-1,5,1,E01002666,0
Unvalidated,2024010511249,2024,010511249,2,9,0,18,5,1,0,9,0,0,0,0,1,9,6,3,43,7,-1,-1,-1,-1,5,1,E01002660,0
Unvalidated,2024010511251,2024,010511251,1,9,0,6,7,7,0,2,0,0,0,0,3,1,6,2,38,7,-1,-1,-1,-1,7,1,E01002136,0
Unvalidated,2024010511251,2024,010511251,2,3,0,14,7,3,0,2,0,0,0,0,1,1,2,1,29,6,-1,-1,-1,-1,5,1,E01000631,0
Unvalidated,2024010511252,2024,010511252,1,9,0,5,5,1,0,1,0,0,0,0,1,1,1,1,47,8,-1,-1,-1,-1,-1,-1,-1,0
Unvalidated,2024010511252,2024,010511252,2,1,0,5,1,5,0,1,0,0,0,0,1,1,6,2,26,6,-1,-1,-1,-1,-1,-1,-1,0
Unvalidated,2024010511254,2024,010511254,1,9,0,16,3,7,9,1,0,0,7,11,1,1,6,1,84,11,-1,-1,-1,-1,7,1,E01001399,0
Unvalidated,2024010511254,2024,010511254,2,9,0,2,0,0,9,1,0,0,0,0,3,1,6,3,-1,-1,-1,-1,-1,-1,-1,-1,-1,0
Unvalidated,2024010511255,2024,010511255,1,9,0,9,6,5,0,1,0,0,7,0,3,1,6,1,33,6,-1,-1,-1,-1,4,1,E01015723,0
Unvalidated,2024010511255,2024,010511255,2,5,0,18,1,5,0,1,2,0,7,0,1,1,6,1,33,6,-1,-1,-1,-1,10,1,E01030356,0
Unvalidated,2024010511257,2024,010511257,1,1,0,18,1,5,0,1,0,0,0,0,3,1,6,1,25,5,-1,-1,-1,-1,3,1,E01003549,0
Unvalidated,2024010511257,2024,010511257,2,9,0,9,5,3,0,2,0,0,0,0,4,1,6,3,-1,-1,-1,-1,-1,-1,-1,-1,-1,0
Unvalidated,2024010511258,2024,010511258,1,1,9,99,9,9,99,9,9,99,9,99,1,1,2,1,64,9,-1,-1,-1,-1,8,1,E01001208,0
Unvalidated,2024010511258,2024,010511258,2,9,0,99,9,9,99,9,9,99,9,99,4,9,6,3,-1,-1,-1,-1,-1,-1,-1,-1,-1,0
Unvalidated,2024010511266,2024,010511266,1,9,0,99,9,9,99,9,9,99,9,99,9,9,6,2,51,8,-1,-1,-1,-1,1,1,E01001426,0
Unvalidated,2024010511266,2024,010511266,2,9,0,18,2,6,99,9,0,0,9,99,9,1,6,3,-1,-1,-1,-1,-1,-1,-1,-1,-1,0
Unvalidated,2024010511268,2024,010511268,1,1,9,99,9,9,99,9,9,99,9,99,9,1,2,1,21,5,-1,-1,-1,-1,2,1,E01003305,0
Unvalidated,2024010511268,2024,010511268,2,9,0,99,9,9,99,9,9,99,9,99,9,9,6,3,-1,-1,-1,-1,-1,-1,1,1,E01003047,0
Unvalidated,2024010511269,2024,010511269,1,1,0,4,5,1,0,1,0,0,0,0,0,1,6,1,26,6,-1,-1,-1,-1,-1,1,-1,0
Unvalidated,2024010511269,2024,010511269,2,1,0,4,5,1,0,1,0,0,0,0,3,1,6,1,68,10,-1,-1,-1,-1,3,1,E01004645,0
Unvalidated,2024010511271,2024,010511271,1,9,0,6,1,1,0,8,0,0,0,0,2,1,6,1,34,6,-1,-1,-1,-1,1,1,E01001196,0
Unvalidated,2024010511271,2024,010511271,2,9,0,18,1,5,0,2,0,0,0,0,0,1,6,1,35,6,-1,-1,-1,-1,4,1,E01001939,0
Unvalidated,2024010511271,2024,010511271,3,3,0,18,5,1,0,1,1,0,0,0,1,1,1,1,39,7,-1,-1,-1,-1,2,1,E01004718,0
Unvalidated,2024010511274,2024,010511274,1,9,0,18,3,7,0,1,5,4,0,0,1,1,6,2,76,11,-1,-1,-1,-1,9,1,E01000346,0
Unvalidated,2024010511274,2024,010511274,2,9,0,2,0,0,0,1,0,0,7,0,2,1,6,3,-1,-1,-1,-1,-1,-1,-1,-1,-1,0
Unvalidated,2024010511277,2024,010511277,1,9,0,99,9,9,99,9,9,99,9,99,1,9,6,1,47,8,-1,-1,-1,-1,1,1,E01003051,0
Unvalidated,2024010511277,2024,010511277,2,9,9,99,9,9,99,9,9,99,9,99,9,9,6,1,37,7,-1,-1,-1,-1,-1,-1,-1,0
Unvalidated,2024010511280,2024,010511280,1,11,0,3,3,7,0,1,0,0,0,0,0,1,1,1,55,8,-1,-1,-1,-1,4,1,E01002643,0
Unvalidated,2024010511282,2024,010511282,1,9,0,18,1,5,0,1,0,0,0,0,1,1,6,3,-1,-1,-1,-1,-1,-1,-1,-1,-1,0
Unvalidated,2024010511284,2024,010511284,1,9,0,18,5,1,9,2,0,0,7,10,1,1,6,1,29,6,-1,-1,-1,-1,2,1,E01001971,0
Unvalidated,2024010511288,2024,010511288,1,9,0,3,5,1,0,1,0,0,0,0,3,1,1,1,66,10,-1,-1,-1,-1,2,1,E01033581,0
Unvalidated,2024010511288,2024,010511288,2,9,0,9,1,6,0,3,1,0,0,0,3,1,6,2,26,6,-1,-1,-1,-1,1,1,E01011283,0
Unvalidated,2024010511296,2024,010511296,1,9,9,99,9,9,0,6,0,99,9,99,9,9,6,3,-1,-1,-1,-1,-1,-1,-1,-1,-1,0
Unvalidated,2024010511296,2024,010511296,2,1,0,5,3,7,0,8,0,0,0,0,4,1,6,1,21,5,-1,-1,-1,-1,2,1,E01033702,0
Unvalidated,2024010511299,2024,010511299,1,9,0,18,3,7,0,0,5,0,2,7,4,1,6,2,20,4,-1,-1,-1,-1,1,1,E01004256,0
Unvalidated,2024010511301,2024,010511301,1,19,0,18,5,1,0,8,0,0,0,0,1,1,1,1,43,7,-1,-1,-1,-1,4,1,E01002168,0
Unvalidated,2024010511301,2024,010511301,2,9,0,9,1,7,0,1,0,0,0,0,4,1,6,1,43,7,-1,-1,-1,-1,6,1,E01003705,0
Unvalidated,2024010511306,2024,010511306,1,11,0,4,1,5,2,1,0,0,0,0,0,1,1,1,69,10,-1,-1,-1,-1,4,1,E01003043,0
Unvalidated,2024010511309,2024,010511309,1,9,0,99,9,9,99,9,9,99,9,99,2,9,6,1,40,7,-1,-1,-1,-1,9,1,E01003382,0
Unvalidated,2024010511309,2024,010511309,2,3,0,99,9,9,99,9,9,99,9,99,1,1,6,1,20,4,-1,-1,-1,-1,7,1,E01003396,0
Unvalidated,2024010511310,2024,010511310,1,9,0,9,1,6,0,0,0,0,0,0,1,1,6,1,54,8,-1,-1,-1,-1,10,1,E01030958,0
Unvalidated,2024010511310,2024,010511310,2,1,0,18,6,2,0,0,0,0,0,0,1,1,6,1,33,6,-1,-1,-1,-1,3,1,E01003102,0
Unvalidated,2024010511312,2024,010511312,1,1,9,99,9,9,99,9,9,99,9,99,9,1,2,1,30,6,-1,-1,-1,-1,2,1,E01033726,0
Unvalidated,2024010511312,2024,010511312,2,9,0,99,9,9,99,9,9,99,9,99,1,9,6,3,-1,-1,-1,-1,-1,-1,4,1,E01017159,0
Unvalidated,2024010511315,2024,010511315,1,9,0,18,1,5,0,6,0,0,0,0,1,1,6,3,-1,-1,-1,-1,-1,-1,-1,-1,-1,0
Unvalidated,2024010511315,2024,010511315,2,1,0,18,7,3,0,1,0,0,0,0,1,1,6,1,17,4,-1,-1,-1,-1,7,1,E01001965,0
Unvalidated,2024010511318,2024,010511318,1,9,0,18,7,3,0,8,0,0,0,0,4,2,6,1,57,9,-1,-1,-1,-1,2,1,E01002831,0
Unvalidated,2024010511318,2024,010511318,2,9,0,18,1,5,0,8,0,0,0,0,1,1,6,1,39,7,-1,-1,-1,-1,5,1,E01000277,0
Unvalidated,2024010511323,2024,010511323,1,9,0,18,1,5,0,8,0,0,1,0,0,1,6,1,83,11,-1,-1,-1,-1,4,1,E01003672,0
Unvalidated,2024010511323,2024,010511323,2,9,0,3,1,5,0,8,0,0,1,0,2,1,6,1,26,6,-1,-1,-1,-1,-1,-1,-1,0
Unvalidated,2024010511327,2024,010511327,1,9,0,18,5,1,0,1,0,0,0,0,1,1,6,2,34,6,-1,-1,-1,-1,-1,-1,-1,0
Unvalidated,2024010511327,2024,010511327,2,1,0,9,4,2,0,1,0,0,0,0,2,1,6,1,17,4,-1,-1,-1,-1,3,1,E01001446,0
Unvalidated,2024010511335,2024,010511335,1,9,0,7,5,8,0,1,0,0,0,0,4,1,6,1,27,6,-1,-1,-1,-1,-1,-1,-1,0
Unvalidated,2024010511335,2024,010511335,2,1,0,18,5,1,0,1,0,0,0,0,4,1,6,2,65,9,-1,-1,-1,-1,5,1,E01004751,0
Unvalidated,2024010511337,2024,010511337,1,9,0,99,9,9,99,9,9,99,9,99,2,9,6,2,41,7,-1,-1,-1,-1,5,1,E01003760,0
Unvalidated,2024010511337,2024,010511337,2,9,0,99,9,9,99,9,9,99,9,99,9,9,6,3,-1,-1,-1,-1,-1,-1,-1,-1,-1,0
Unvalidated,2024010511338,2024,010511338,1,90,0,99,9,9,99,9,9,99,9,99,2,9,6,1,49,8,-1,-1,-1,-1,9,2,E01021798,0
Unvalidated,2024010511338,2024,010511338,2,9,9,99,9,9,99,9,9,99,9,99,9,9,6,3,-1,-1,-1,-1,-1,-1,-1,-1,-1,0
Unvalidated,2024010511339,2024,010511339,1,3,0,99,9,9,99,9,9,99,9,99,1,1,1,1,32,6,-1,-1,-1,-1,9,1,E01002259,0
Unvalidated,2024010511339,2024,010511339,2,9,0,99,9,9,99,9,9,99,9,99,9,9,6,3,-1,-1,-1,-1,-1,-1,-1,-1,-1,0
Unvalidated,2024010511341,2024,010511341,1,19,0,9,5,3,0,5,0,0,0,0,1,1,1,1,58,9,-1,-1,-1,-1,8,1,E01033724,0
Unvalidated,2024010511341,2024,010511341,2,3,0,15,1,5,2,8,2,0,0,0,3,1,2,1,37,7,-1,-1,-1,-1,4,1,E01002663,0
Unvalidated,2024010511344,2024,010511344,1,9,0,3,3,7,0,0,0,0,0,0,2,1,6,1,61,9,-1,-1,-1,-1,4,1,E01003803,0
Unvalidated,2024010511344,2024,010511344,2,9,0,3,3,7,0,0,0,0,0,0,2,1,6,1,40,7,-1,-1,-1,-1,10,1,E01002920,0
Unvalidated,2024010511344,2024,010511344,3,9,0,18,3,7,0,0,0,0,0,0,1,1,6,2,51,8,-1,-1,-1,-1,8,1,E01002985,0
Unvalidated,2024010511353,2024,010511353,1,8,0,99,9,9,99,9,9,99,9,99,9,9,2,1,49,8,-1,-1,-1,-1,1,1,E01004249,0
Unvalidated,2024010511353,2024,010511353,2,9,0,99,9,9,99,9,9,99,9,99,1,9,6,1,28,6,-1,-1,-1,-1,2,1,E01005222,0
Unvalidated,2024010511355,2024,010511355,1,9,0,99,9,9,99,9,9,99,9,99,2,9,6,1,41,7,-1,-1,-1,-1,2,1,E01000102,0
Unvalidated,2024010511355,2024,010511355,2,9,0,99,9,9,99,9,9,99,9,99,1,9,6,3,31,6,-1,-1,-1,-1,2,1,E01004226,0
Unvalidated,2024010511359,2024,010511359,1,9,0,5,3,7,0,4,0,0,0,0,1,1,6,2,35,6,-1,-1,-1,-1,-1,-1,-1,0
Unvalidated,2024010511359,2024,010511359,2,1,0,18,1,5,0,3,2,0,0,0,2,1,6,1,64,9,-1,-1,-1,-1,9,1,E01002317,0
Unvalidated,2024010511361,2024,010511361,1,11,0,14,1,5,0,0,0,0,0,0,4,1,1,2,37,7,-1,-1,-1,-1,1,1,E01001729,0
Unvalidated,2024010511366,2024,010511366,1,9,0,18,5,1,0,0,0,0,0,0,4,1,1,1,72,10,-1,-1,-1,-1,7,1,E01001657,0
Unvalidated,2024010511366,2024,010511366,2,1,0,15,5,1,0,0,0,0,0,0,3,1,6,1,35,6,-1,-1,-1,-1,5,1,E01004521,0
Unvalidated,2024010511368,2024,010511368,1,9,0,99,9,9,99,0,9,99,9,99,2,9,1,1,33,6,-1,-1,-1,-1,8,1,E01000447,0
Unvalidated,2024010511368,2024,010511368,2,9,0,99,9,9,99,0,9,99,9,99,1,9,6,3,-1,-1,-1,-1,-1,-1,-1,-1,-1,0
Unvalidated,2024010511371,2024,010511371,1,1,9,99,9,9,99,9,9,99,9,99,9,1,6,1,18,4,-1,-1,-1,-1,5,1,E01000265,0
Unvalidated,2024010511371,2024,010511371,2,9,0,99,9,9,99,9,9,99,9,99,1,9,6,3,-1,-1,-1,-1,-1,-1,6,1,E01000219,0
Unvalidated,2024010511373,2024,010511373,1,1,9,99,9,9,99,9,9,99,9,99,9,1,6,1,39,7,-1,-1,-1,-1,2,1,E01001982,0
Unvalidated,2024010511373,2024,010511373,2,98,0,99,9,9,99,9,9,99,9,99,9,9,6,3,-1,-1,-1,-1,-1,-1,-1,-1,-1,0
Unvalidated,2024010511374,2024,010511374,1,9,0,99,9,9,99,1,9,99,9,99,9,9,6,3,-1,-1,-1,-1,-1,-1,-1,-1,-1,0
Unvalidated,2024010511374,2024,010511374,2,1,9,99,9,9,99,6,9,99,9,99,9,1,6,1,-1,-1,-1,-1,-1,-1,-1,-1,-1,0
Unvalidated,2024010511374,2024,010511374,3,1,9,99,9,9,99,6,9,99,9,99,9,1,6,1,-1,-1,-1,-1,-1,-1,-1,-1,-1,0
Unvalidated,2024010511375,2024,010511375,1,9,0,18,3,7,0,1,0,0,0,0,1,1,6,1,54,8,-1,-1,-1,-1,3,1,E01002532,0
Unvalidated,2024010511377,2024,010511377,1,9,0,99,9,9,0,0,9,99,9,99,2,9,6,1,40,7,-1,-1,-1,-1,9,1,E01023444,0
Unvalidated,2024010511377,2024,010511377,2,9,0,99,9,9,0,0,9,99,9,99,2,9,6,3,-1,-1,-1,-1,-1,-1,-1,-1,-1,0
Unvalidated,2024010511377,2024,010511377,3,9,0,99,9,9,0,0,9,99,9,99,9,9,6,3,-1,-1,-1,-1,-1,-1,-1,-1,-1,0
Unvalidated,2024010511384,2024,010511384,1,9,0,99,9,9,99,9,9,99,9,99,2,9,6,1,59,9,-1,-1,-1,-1,2,1,E01003502,0
Unvalidated,2024010511384,2024,010511384,2,9,0,99,9,9,99,9,9,99,9,99,9,9,6,3,-1,-1,-1,-1,-1,-1,-1,-1,-1,0
Unvalidated,2024010511386,2024,010511386,1,9,4,99,9,9,99,0,9,99,9,99,9,9,6,2,38,7,-1,-1,-1,-1,2,1,E01003132,0
Unvalidated,2024010511386,2024,010511386,2,9,5,18,1,5,99,0,9,0,0,0,9,9,6,3,-1,-1,-1,-1,-1,-1,-1,-1,-1,0
Unvalidated,2024010511392,2024,010511392,1,9,0,99,9,9,99,9,9,99,9,99,2,9,2,1,22,5,-1,-1,-1,-1,2,1,E01003932,0
Unvalidated,2024010511392,2024,010511392,2,9,0,99,9,9,99,9,9,99,9,99,1,9,6,3,-1,-1,-1,-1,-1,-1,-1,-1,-1,0
Unvalidated,2024010511394,2024,010511394,1,1,9,99,9,9,99,9,9,99,9,99,1,1,6,1,35,6,-1,-1,-1,-1,5,1,E01001611,0
Unvalidated,2024010511394,2024,010511394,2,9,0,99,9,9,99,9,9,99,9,99,1,9,6,3,-1,-1,-1,-1,-1,-1,-1,-1,-1,0
Unvalidated,2024010511402,2024,010511402,1,9,0,9,3,1,4,8,0,0,0,0,3,1,6,1,32,6,-1,-1,-1,-1,2,1,E01001911,0
Unvalidated,2024010511402,2024,010511402,2,1,0,18,3,7,4,8,0,0,0,0,1,1,6,1,53,8,-1,-1,-1,-1,6,1,E01001869,0
Unvalidated,2024010511403,2024,010511403,1,9,0,99,9,9,99,9,9,99,9,99,9,9,6,3,-1,-1,-1,-1,-1,-1,-1,-1,-1,0
Unvalidated,2024010511406,2024,010511406,1,9,0,99,9,9,99,0,9,99,9,99,1,9,6,1,38,7,-1,-1,-1,-1,7,1,E01003475,0
Unvalidated,2024010511406,2024,010511406,2,97,0,99,9,9,99,0,9,99,9,99,9,9,6,3,-1,-1,-1,-1,-1,-1,-1,-1,-1,0
Unvalidated,2024010511407,2024,010511407,1,3,0,5,3,7,0,2,0,0,0,0,0,1,6,1,43,7,-1,-1,-1,-1,5,1,E01001895,0
Unvalidated,2024010511407,2024,010511407,2,9,0,18,7,3,0,6,0,0,0,0,1,1,6,3,-1,-1,-1,-1,-1,-1,-1,-1,-1,0
Unvalidated,2024010511409,2024,010511409,1,4,0,15,3,7,0,1,0,0,0,0,4,1,6,1,37,7,-1,-1,-1,-1,8,1,E01000393,0
Unvalidated,2024010511409,2024,010511409,2,9,0,9,1,6,0,8,0,0,0,0,1,1,6,1,32,6,-1,-1,-1,-1,-1,-1,-1,0
Unvalidated,2024010511411,2024,010511411,1,9,0,18,3,7,0,1,1,0,0,0,1,1,6,1,33,6,-1,-1,-1,-1,-1,-1,-1,0
Unvalidated,2024010511411,2024,010511411,2,9,0,6,7,7,0,1,1,0,0,0,3,1,2,1,17,4,-1,-1,-1,-1,5,1,E01001658,0
Unvalidated,2024010511412,2024,010511412,1,90,0,18,5,1,0,1,5,11,0,0,0,1,2,1,40,7,-1,-1,-1,-1,-1,-1,-1,1
Unvalidated,2024010511414,2024,010511414,1,9,0,9,7,5,0,2,0,0,0,0,1,1,6,2,34,6,-1,-1,-1,-1,3,1,E01002780,0
Unvalidated,2024010511414,2024,010511414,2,9,0,18,7,3,0,2,0,0,0,0,1,1,6,1,20,4,-1,-1,-1,-1,-1,-1,-1,0
Unvalidated,2024010511420,2024,010511420,1,9,0,99,9,9,0,9,0,0,0,0,2,9,6,3,47,8,-1,-1,-1,-1,7,1,E01001583,0
Unvalidated,2024010511420,2024,010511420,2,9,0,99,9,9,0,9,0,0,0,0,1,9,6,3,-1,-1,-1,-1,-1,-1,4,1,E01002180,0
Unvalidated,2024010511420,2024,010511420,3,9,0,18,5,1,0,9,0,0,0,0,2,1,6,1,-1,-1,-1,-1,-1,-1,8,1,E01002150,0
Unvalidated,2024010511422,2024,010511422,1,9,0,18,3,7,0,8,0,0,0,0,4,1,6,1,51,8,-1,-1,-1,-1,2,1,E01004129,0
Unvalidated,2024010511422,2024,010511422,2,9,0,4,5,1,0,1,0,11,3,11,1,1,1,1,31,6,-1,-1,-1,-1,3,1,E01003374,0
Unvalidated,2024010511422,2024,010511422,3,19,0,18,7,3,0,8,0,0,0,0,3,1,6,1,33,6,-1,-1,-1,-1,10,1,E01030307,0
Unvalidated,2024010511426,2024,010511426,1,9,0,18,7,3,9,1,0,10,7,11,1,1,6,1,33,6,-1,-1,-1,-1,1,1,E01003503,0
Unvalidated,2024010511426,2024,010511426,2,9,0,18,7,3,0,1,0,0,0,0,0,1,1,1,34,6,-1,-1,-1,-1,4,1,E01003666,0
Unvalidated,2024010511429,2024,010511429,1,90,0,18,1,5,0,8,0,0,0,0,1,1,6,2,21,5,-1,-1,-1,-1,3,1,E01000009,0
Unvalidated,2024010511429,2024,010511429,2,9,0,18,3,7,0,8,0,0,0,0,3,1,6,1,92,11,-1,-1,-1,-1,8,1,E01002285,0
Unvalidated,2024010511431,2024,010511431,1,9,0,18,2,6,0,8,0,0,0,0,1,1,6,1,31,6,-1,-1,-1,-1,2,1,E01002561,0
Unvalidated,2024010511431,2024,010511431,2,9,0,9,8,6,0,8,0,0,0,0,4,1,6,1,26,6,-1,-1,-1,-1,4,1,E01002611,0
Unvalidated,2024010511432,2024,010511432,1,9,0,18,3,7,0,1,0,0,0,0,1,1,6,1,49,8,-1,-1,-1,-1,9,1,E01032576,0
Unvalidated,2024010511432,2024,010511432,2,9,0,2,0,0,0,1,0,0,0,0,3,1,6,3,-1,-1,-1,-1,-1,-1,-1,-1,-1,0
Unvalidated,2024010511432,2024,010511432,3,9,0,2,0,0,0,1,0,0,0,0,3,1,6,3,-1,-1,-1,-1,-1,-1,-1,-1,-1,0
Unvalidated,2024010511433,2024,010511433,1,9,0,18,1,5,0,1,0,0,1,11,1,1,6,1,21,5,-1,-1,-1,-1,-1,-1,-1,0
Unvalidated,2024010511433,2024,010511433,2,9,0,4,1,5,0,1,0,0,0,0,2,1,6,1,20,4,-1,-1,-1,-1,10,1,E01021366,0
Unvalidated,2024010511434,2024,010511434,1,9,0,4,7,3,0,0,2,0,0,0,1,1,6,1,45,7,-1,-1,-1,-1,4,1,E01001686,0
Unvalidated,2024010511435,2024,010511435,1,3,0,18,2,6,0,1,5,0,0,0,1,1,1,1,32,6,-1,-1,-1,-1,2,1,E01033485,0
Unvalidated,2024010511435,2024,010511435,2,19,0,9,1,8,0,2,0,0,0,0,1,1,2,1,26,6,-1,-1,-1,-1,-1,-1,-1,0
Unvalidated,2024010511436,2024,010511436,1,3,0,18,5,1,0,1,2,10,0,0,1,1,6,1,31,6,-1,-1,-1,-1,6,1,E01000851,0
Unvalidated,2024010511437,2024,010511437,1,9,0,18,1,5,0,2,0,0,0,0,1,1,2,1,43,7,-1,-1,-1,-1,5,1,E01023342,0
Unvalidated,2024010511437,2024,010511437,2,22,0,18,3,7,0,2,0,0,0,0,1,1,6,1,84,11,-1,-1,-1,-1,2,1,E01002096,0
Unvalidated,2024010511439,2024,010511439,1,19,0,9,5,2,0,5,0,0,0,0,2,1,1,1,30,6,-1,-1,-1,-1,5,1,E01001198,0
Unvalidated,2024010511439,2024,010511439,2,1,0,18,1,5,0,1,0,0,0,0,2,1,1,1,62,9,-1,-1,-1,-1,-1,-1,-1,0
Unvalidated,2024010511443,2024,010511443,1,9,0,5,5,1,0,1,0,0,0,0,1,1,3,2,46,8,-1,-1,-1,-1,4,1,E01000609,0
Unvalidated,2024010511444,2024,010511444,1,1,0,4,1,5,0,1,0,0,0,0,1,1,6,1,-1,-1,-1,-1,-1,-1,8,1,E01004192,0
Unvalidated,2024010511444,2024,010511444,2,9,0,5,5,1,0,1,0,0,0,0,1,9,6,3,-1,-1,-1,-1,-1,-1,-1,-1,-1,0
Unvalidated,2024010511455,2024,010511455,1,9,0,18,3,7,0,1,0,0,0,0,1,1,3,2,47,8,-1,-1,-1,-1,10,1,E01000425,0
Unvalidated,2024010511464,2024,010511464,1,9,0,99,9,9,99,9,9,99,9,99,1,9,6,3,-1,-1,-1,-1,-1,-1,-1,-1,-1,0
Unvalidated,2024010511464,2024,010511464,2,3,0,99,9,9,99,9,9,99,9,99,9,1,6,1,39,7,-1,-1,-1,-1,7,1,E01001313,0
Unvalidated,2024010511467,2024,010511467,1,9,0,18,7,3,0,1,0,0,0,0,1,1,1,1,67,10,-1,-1,-1,-1,6,1,E01002844,0
Unvalidated,2024010511472,2024,010511472,1,11,0,18,5,1,0,8,0,0,0,0,4,1,1,1,28,6,-1,-1,-1,-1,4,1,E01002665,0