status,collision_index,collision_year,collision_reference,vehicle_reference,vehicle_type,towing_and_articulation,vehicle_manoeuvre,vehicle_direction_from,vehicle_direction_to,vehicle_location_restricted_lane,junction_location,skidding_and_overturning,hit_object_in_carriageway,vehicle_leaving_carriageway,hit_object_off_carriageway,first_point_of_impact,vehicle_left_hand_drive,journey_purpose_of_driver,sex_of_driver,age_of_driver,age_band_of_driver,engine_capacity_cc,propulsion_code,age_of_vehicle,generic_make_model,driver_imd_decile,driver_home_area_type,lsoa_of_driver,escooter_flag
Unvalidated,2024010511474,2024,010511474,1,8,0,99,9,9,99,0,9,99,9,99,2,9,1,1,52,8,-1,-1,-1,-1,3,1,E01004066,0
Unvalidated,2024010511474,2024,010511474,2,9,0,99,9,9,99,0,9,99,9,99,1,9,6,1,27,6,-1,-1,-1,-1,7,1,E01001307,0
Unvalidated,2024010511476,2024,010511476,1,9,0,99,9,9,99,9,9,99,9,99,2,9,6,2,60,9,-1,-1,-1,-1,2,1,E01000550,0
Unvalidated,2024010511478,2024,010511478,1,3,0,99,9,9,99,9,9,99,9,99,9,1,2,1,27,6,-1,-1,-1,-1,1,1,E01002026,0
Unvalidated,2024010511478,2024,010511478,2,9,0,99,9,9,99,9,9,99,9,99,9,9,6,3,-1,-1,-1,-1,-1,-1,-1,-1,-1,0
Unvalidated,2024010511479,2024,010511479,1,9,0,18,5,1,0,0,0,0,0,0,3,1,2,1,21,5,-1,-1,-1,-1,10,1,E01025680,0
Unvalidated,2024010511479,2024,010511479,2,19,4,2,0,0,0,0,0,0,0,0,4,2,6,3,-1,-1,-1,-1,-1,-1,-1,-1,-1,0
Unvalidated,2024010511480,2024,010511480,1,3,0,18,1,5,0,8,0,0,0,0,2,1,1,1,45,7,-1,-1,-1,-1,2,1,E01000221,0
Unvalidated,2024010511480,2024,010511480,2,9,0,99,9,9,99,9,9,99,9,99,1,9,6,3,-1,-1,-1,-1,-1,-1,-1,-1,-1,0
Unvalidated,2024010511482,2024,010511482,1,1,9,99,9,9,99,1,9,99,9,99,1,1,6,1,26,6,-1,-1,-1,-1,6,1,E01004731,0
Unvalidated,2024010511482,2024,010511482,2,9,0,99,9,9,99,6,9,99,9,99,9,9,6,3,33,6,-1,-1,-1,-1,7,1,E01001027,0
Unvalidated,2024010511485,2024,010511485,1,19,0,9,7,4,0,1,0,0,0,0,3,1,1,1,45,7,-1,-1,-1,-1,3,1,E01001516,0
Unvalidated,2024010511488,2024,010511488,1,3,0,18,9,9,99,9,9,99,9,99,2,1,1,1,28,6,-1,-1,-1,-1,4,1,E01004525,0
Unvalidated,2024010511488,2024,010511488,2,9,0,1,9,9,99,9,9,99,9,99,2,9,6,3,-1,-1,-1,-1,-1,-1,-1,-1,-1,0
Unvalidated,2024010511490,2024,010511490,1,5,0,18,5,1,0,3,0,0,3,2,4,1,2,1,45,7,-1,-1,-1,-1,-1,-1,-1,0
Unvalidated,2024010511490,2024,010511490,2,9,0,9,4,1,0,3,0,0,0,0,3,1,6,2,23,5,-1,-1,-1,-1,3,1,E01003263,0
Unvalidated,2024010511494,2024,010511494,1,9,5,5,5,1,0,3,0,0,0,0,3,1,6,2,23,5,-1,-1,-1,-1,-1,-1,-1,0
Unvalidated,2024010511494,2024,010511494,2,1,0,18,3,7,0,3,0,0,0,0,1,1,6,1,57,9,-1,-1,-1,-1,9,1,E01002110,0
Unvalidated,2024010511495,2024,010511495,1,9,9,99,9,9,99,6,9,99,9,99,9,9,6,2,-1,-1,-1,-1,-1,-1,-1,-1,-1,0
Unvalidated,2024010511496,2024,010511496,1,3,0,99,9,9,99,9,9,99,9,99,9,1,6,1,33,6,-1,-1,-1,-1,3,1,E01001547,0
Unvalidated,2024010511496,2024,010511496,2,9,0,99,9,9,99,9,9,99,9,99,9,9,6,3,-1,-1,-1,-1,-1,-1,-1,-1,-1,0
Unvalidated,2024010511499,2024,010511499,1,3,0,99,9,9,99,9,9,99,9,99,9,1,1,3,37,7,-1,-1,-1,-1,6,1,E01001573,0
Unvalidated,2024010511499,2024,010511499,2,9,9,99,9,9,99,9,9,99,9,99,9,9,6,3,-1,-1,-1,-1,-1,-1,-1,-1,-1,0
Unvalidated,2024010511505,2024,010511505,1,9,0,4,3,7,0,1,0,0,0,0,1,1,1,1,52,8,-1,-1,-1,-1,-1,-1,-1,0
Unvalidated,2024010511505,2024,010511505,2,20,0,9,7,4,0,1,0,0,0,0,0,1,6,1,43,7,-1,-1,-1,-1,9,1,E01003828,0
Unvalidated,2024010511505,2024,010511505,3,1,0,11,3,7,0,8,0,0,0,0,2,1,1,1,52,8,-1,-1,-1,-1,9,1,E01003271,0
Unvalidated,2024010511508,2024,010511508,1,9,0,99,9,9,99,9,9,99,9,99,9,9,6,3,-1,-1,-1,-1,-1,-1,2,1,E01002851,0
Unvalidated,2024010511508,2024,010511508,2,98,0,99,9,9,99,9,9,99,9,99,9,9,6,1,55,8,-1,-1,-1,-1,2,1,E01001113,0
Unvalidated,2024010511511,2024,010511511,1,19,0,5,3,7,0,1,0,0,0,0,1,1,6,1,34,6,-1,-1,-1,-1,2,1,E01004055,0
Unvalidated,2024010511524,2024,010511524,1,9,0,99,9,9,99,9,9,99,9,99,2,9,6,1,46,8,-1,-1,-1,-1,10,2,E01017760,0
Unvalidated,2024010511524,2024,010511524,2,9,0,99,9,9,99,9,9,99,9,99,1,9,6,3,-1,-1,-1,-1,-1,-1,-1,-1,-1,0
Unvalidated,2024010511526,2024,010511526,1,9,0,18,5,1,0,8,0,0,0,0,4,1,6,1,26,6,-1,-1,-1,-1,4,1,E01003210,0
Unvalidated,2024010511526,2024,010511526,2,3,0,18,3,7,0,8,0,0,0,0,1,1,6,1,39,7,-1,-1,-1,-1,2,1,E01004679,0
Unvalidated,2024010511528,2024,010511528,1,9,0,1,5,1,0,1,0,0,0,0,2,1,6,1,55,8,-1,-1,-1,-1,-1,-1,-1,0
Unvalidated,2024010511528,2024,010511528,2,1,0,18,7,3,0,1,0,0,0,0,1,1,2,1,19,4,-1,-1,-1,-1,1,1,E01001358,0
Unvalidated,2024010511530,2024,010511530,1,9,0,18,5,1,0,0,0,0,0,0,1,1,6,1,79,11,-1,-1,-1,-1,4,1,E01016163,0
Unvalidated,2024010511530,2024,010511530,2,9,0,3,5,1,0,0,0,0,0,0,4,1,1,2,50,8,-1,-1,-1,-1,5,3,E01024366,0
Unvalidated,2024010511534,2024,010511534,1,1,9,99,9,9,99,9,9,99,9,99,1,1,2,1,36,7,-1,-1,-1,-1,5,1,E01000567,0
Unvalidated,2024010511534,2024,010511534,2,19,0,99,9,9,99,9,9,99,9,99,9,9,6,3,21,5,-1,-1,-1,-1,6,1,E01001319,0
Unvalidated,2024010511536,2024,010511536,1,3,0,99,9,9,99,9,9,99,9,99,9,1,2,1,28,6,-1,-1,-1,-1,1,1,E01004272,0
Unvalidated,2024010511536,2024,010511536,2,9,0,99,9,9,99,9,9,99,9,99,0,9,6,3,-1,-1,-1,-1,-1,-1,-1,-1,-1,0
Unvalidated,2024010511539,2024,010511539,1,9,9,99,9,9,99,9,9,99,9,99,9,9,6,3,34,6,-1,-1,-1,-1,6,1,E01003957,0
Unvalidated,2024010511541,2024,010511541,1,9,0,99,9,9,99,9,9,99,9,99,1,9,6,1,31,6,-1,-1,-1,-1,4,1,E01001512,0
Unvalidated,2024010511541,2024,010511541,2,9,0,99,9,9,99,9,9,99,9,99,2,9,6,3,-1,-1,-1,-1,-1,-1,-1,-1,-1,0
Unvalidated,2024010511542,2024,010511542,1,9,0,99,9,9,99,9,9,99,9,99,9,1,6,3,39,7,-1,-1,-1,-1,4,1,E01004611,0
Unvalidated,2024010511543,2024,010511543,1,9,0,99,9,9,99,9,9,99,9,99,2,9,6,3,-1,-1,-1,-1,-1,-1,-1,-1,-1,0
Unvalidated,2024010511548,2024,010511548,1,3,0,14,7,3,0,0,2,0,0,0,3,1,2,1,54,8,-1,-1,-1,-1,7,1,E01003903,0
Unvalidated,2024010511555,2024,010511555,1,9,0,18,6,2,0,2,0,0,0,0,1,1,6,2,70,10,-1,-1,-1,-1,4,1,E01001150,0
Unvalidated,2024010511562,2024,010511562,1,9,0,4,5,1,0,8,0,0,1,0,1,1,2,1,51,8,-1,-1,-1,-1,3,1,E01001162,0
Unvalidated,2024010511562,2024,010511562,2,9,4,7,5,8,0,8,0,0,0,0,1,1,6,1,41,7,-1,-1,-1,-1,3,1,E01003109,0
Unvalidated,2024010511562,2024,010511562,3,20,4,18,1,5,0,8,0,0,0,0,1,1,6,1,57,9,-1,-1,-1,-1,5,1,E01004152,0
Unvalidated,2024010511563,2024,010511563,1,1,9,99,9,9,99,9,9,99,9,99,9,1,6,1,-1,-1,-1,-1,-1,-1,-1,-1,-1,0
Unvalidated,2024010511570,2024,010511570,1,19,0,9,1,7,0,8,0,0,0,0,1,1,1,1,36,7,-1,-1,-1,-1,2,1,E01004308,0
Unvalidated,2024010511570,2024,010511570,2,9,0,18,5,1,0,8,0,0,0,0,1,1,6,2,22,5,-1,-1,-1,-1,3,1,E01000108,0
Unvalidated,2024010511571,2024,010511571,1,4,0,18,1,5,0,1,5,0,8,10,1,1,6,1,24,5,-1,-1,-1,-1,-1,-1,-1,0
Unvalidated,2024010511571,2024,010511571,2,19,0,10,1,7,0,1,0,0,0,0,3,1,6,1,57,9,-1,-1,-1,-1,8,1,E01002287,0
Unvalidated,2024010511571,2024,010511571,3,9,0,2,0,0,9,1,0,0,0,0,2,1,6,3,-1,-1,-1,-1,-1,-1,-1,-1,-1,0
Unvalidated,2024010511572,2024,010511572,1,1,9,99,9,9,99,2,9,99,9,99,9,1,2,2,48,8,-1,-1,-1,-1,8,1,E01001985,0
Unvalidated,2024010511572,2024,010511572,2,9,0,99,9,9,99,6,9,99,9,99,1,9,6,2,46,8,-1,-1,-1,-1,4,1,E01002785,0
Unvalidated,2024010511573,2024,010511573,1,9,0,99,9,9,99,0,9,99,9,99,2,9,6,2,47,8,-1,-1,-1,-1,10,1,E01000684,0
Unvalidated,2024010511573,2024,010511573,2,9,0,99,9,9,0,0,0,99,9,99,9,9,6,1,-1,-1,-1,-1,-1,-1,-1,-1,-1,0
Unvalidated,2024010511576,2024,010511576,1,9,0,18,1,5,0,0,0,0,0,0,3,1,6,3,-1,-1,-1,-1,-1,-1,-1,-1,-1,0
Unvalidated,2024010511577,2024,010511577,1,9,0,10,7,5,0,6,0,0,0,0,4,1,1,1,50,8,-1,-1,-1,-1,3,1,E01003769,0
Unvalidated,2024010511577,2024,010511577,2,90,0,4,1,5,9,1,0,0,0,0,1,1,6,1,14,3,-1,-1,-1,-1,2,1,E01000028,0
Unvalidated,2024010511580,2024,010511580,1,9,0,18,3,7,0,1,0,0,0,0,1,1,6,1,28,6,-1,-1,-1,-1,5,1,E01000036,0
Unvalidated,2024010511580,2024,010511580,2,9,0,3,3,7,0,1,0,0,0,0,0,1,6,1,73,10,-1,-1,-1,-1,6,1,E01003653,0
Unvalidated,2024010511580,2024,010511580,3,9,0,3,3,7,0,1,0,7,0,0,1,1,6,2,53,8,-1,-1,-1,-1,4,1,E01021790,0
Unvalidated,2024010511580,2024,010511580,4,19,0,3,3,7,0,1,0,0,0,0,0,1,6,1,42,7,-1,-1,-1,-1,3,1,E01000052,0
Unvalidated,2024010511580,2024,010511580,5,9,0,3,3,7,0,1,0,0,0,0,2,1,6,1,59,9,-1,-1,-1,-1,3,1,E01003544,0
Unvalidated,2024010511583,2024,010511583,1,90,0,18,5,1,9,0,0,0,0,0,2,1,6,1,17,4,-1,-1,-1,-1,2,1,E01002045,1
Unvalidated,2024010511586,2024,010511586,1,11,0,4,3,7,2,0,0,0,0,0,0,1,1,1,56,9,-1,-1,-1,-1,5,1,E01003359,0
Unvalidated,2024010511588,2024,010511588,1,9,0,18,1,5,0,1,0,0,0,0,1,1,1,1,24,5,-1,-1,-1,-1,2,1,E01001193,0
Unvalidated,2024010511589,2024,010511589,1,9,0,9,5,3,0,6,0,0,0,0,1,1,6,1,29,6,-1,-1,-1,-1,6,1,E01004164,0
Unvalidated,2024010511589,2024,010511589,2,3,0,10,7,5,0,1,0,0,0,0,3,1,6,1,17,4,-1,-1,-1,-1,4,1,E01001023,0
Unvalidated,2024010511594,2024,010511594,1,9,0,99,9,9,99,9,9,99,9,99,2,9,6,2,38,7,-1,-1,-1,-1,2,1,E01004615,0
Unvalidated,2024010511594,2024,010511594,2,9,9,99,9,9,99,9,9,99,9,99,3,9,6,2,-1,-1,-1,-1,-1,-1,-1,-1,-1,0
Unvalidated,2024010511601,2024,010511601,1,3,0,13,3,7,0,8,0,0,0,0,1,1,1,1,38,7,-1,-1,-1,-1,3,1,E01003563,0
Unvalidated,2024010511601,2024,010511601,2,1,0,9,3,1,0,8,0,0,0,0,2,1,2,1,62,9,-1,-1,-1,-1,2,1,E01002793,0
Unvalidated,2024010511602,2024,010511602,1,5,0,15,3,7,0,0,0,0,0,0,2,1,6,1,58,9,-1,-1,-1,-1,5,1,E01000158,0
Unvalidated,2024010511602,2024,010511602,2,9,0,18,3,7,0,0,0,0,0,0,2,1,6,1,57,9,-1,-1,-1,-1,7,1,E01002420,0
Unvalidated,2024010511602,2024,010511602,3,19,0,18,7,3,0,0,0,0,0,0,1,1,1,1,25,5,-1,-1,-1,-1,5,1,E01000606,0
Unvalidated,2024010511602,2024,010511602,4,9,0,18,3,7,0,0,0,0,0,0,1,1,6,2,41,7,-1,-1,-1,-1,4,1,E01000472,0
Unvalidated,2024010511603,2024,010511603,1,9,0,3,1,5,0,1,0,0,0,0,2,1,6,2,55,8,-1,-1,-1,-1,2,1,E01001172,0
Unvalidated,2024010511603,2024,010511603,2,9,0,3,1,5,0,1,0,0,0,0,1,1,2,2,50,8,-1,-1,-1,-1,3,1,E01003388,0
Unvalidated,2024010511605,2024,010511605,1,9,0,99,9,9,99,9,9,99,9,99,9,9,6,2,33,6,-1,-1,-1,-1,7,1,E01003064,0
Unvalidated,2024010511605,2024,010511605,2,9,0,99,9,9,99,9,9,99,9,99,1,9,6,3,-1,-1,-1,-1,-1,-1,-1,-1,-1,0
Unvalidated,2024010511609,2024,010511609,1,1,9,99,9,9,99,9,9,99,9,99,1,1,6,1,44,7,-1,-1,-1,-1,7,1,E01002965,0
Unvalidated,2024010511609,2024,010511609,2,9,0,99,9,9,99,9,9,99,9,99,2,9,6,3,-1,-1,-1,-1,-1,-1,-1,-1,-1,0
Unvalidated,2024010511610,2024,010511610,1,11,0,9,5,3,0,1,0,0,0,0,3,1,6,1,60,9,-1,-1,-1,-1,5,1,E01004188,0
Unvalidated,2024010511610,2024,010511610,2,3,0,18,3,7,0,1,0,0,0,0,1,1,6,1,51,8,-1,-1,-1,-1,3,1,E01003081,0
Unvalidated,2024010511613,2024,010511613,1,1,9,99,9,9,99,9,9,99,9,99,9,1,2,1,45,7,-1,-1,-1,-1,10,1,E01032623,0
Unvalidated,2024010511613,2024,010511613,2,9,0,99,9,9,99,9,9,99,9,99,1,9,6,3,-1,-1,-1,-1,-1,-1,-1,-1,-1,0
Unvalidated,2024010511614,2024,010511614,1,19,0,12,3,7,9,8,0,4,7,1,1,1,1,1,36,7,-1,-1,-1,-1,1,1,E01004399,0
Unvalidated,2024010511614,2024,010511614,2,9,0,9,3,1,0,1,0,0,0,0,1,1,6,2,38,7,-1,-1,-1,-1,2,1,E01004403,0
Unvalidated,2024010511614,2024,010511614,3,9,0,18,3,7,0,8,0,0,0,0,0,1,1,1,45,7,-1,-1,-1,-1,4,1,E01003666,0
Unvalidated,2024010511617,2024,010511617,1,11,0,5,7,3,2,1,0,0,0,0,0,1,1,1,62,9,-1,-1,-1,-1,3,1,E01000481,0
Unvalidated,2024010511619,2024,010511619,1,9,0,99,9,9,99,9,9,99,9,99,9,9,6,2,41,7,-1,-1,-1,-1,3,1,E01002400,0
Unvalidated,2024010511619,2024,010511619,2,9,0,99,9,9,99,9,9,99,9,99,9,9,6,3,-1,-1,-1,-1,-1,-1,-1,-1,-1,0
Unvalidated,2024010511620,2024,010511620,1,9,0,18,5,1,0,5,0,0,7,0,2,1,6,1,-1,-1,-1,-1,-1,-1,1,1,E01000939,0
Unvalidated,2024010511620,2024,010511620,2,1,0,10,5,3,0,1,0,0,0,0,2,1,6,2,33,6,-1,-1,-1,-1,3,1,E01001186,0
Unvalidated,2024010511621,2024,010511621,1,1,0,9,1,6,0,1,0,0,0,0,3,1,6,1,53,8,-1,-1,-1,-1,7,1,E01001593,0
Unvalidated,2024010511621,2024,010511621,2,1,0,18,5,1,0,8,0,0,0,0,2,1,6,3,-1,-1,-1,-1,-1,-1,-1,-1,-1,0
Unvalidated,2024010511624,2024,010511624,1,9,0,99,9,9,99,9,9,99,9,99,2,9,6,1,49,8,-1,-1,-1,-1,4,1,E01002648,0
Unvalidated,2024010511624,2024,010511624,2,9,0,99,9,9,99,9,9,99,9,99,1,9,6,3,-1,-1,-1,-1,-1,-1,3,1,E01030793,0
Unvalidated,2024010511632,2024,010511632,1,8,0,99,9,9,99,9,9,99,9,99,2,9,1,2,45,7,-1,-1,-1,-1,7,1,E01001871,0
Unvalidated,2024010511632,2024,010511632,2,8,0,99,9,9,99,9,9,99,9,99,1,9,6,3,57,9,-1,-1,-1,-1,2,1,E01001961,0
Unvalidated,2024010511634,2024,010511634,1,1,9,99,9,9,99,9,9,99,9,99,9,1,2,2,38,7,-1,-1,-1,-1,2,1,E01004003,0
Unvalidated,2024010511634,2024,010511634,2,9,0,99,9,9,99,9,9,99,9,99,1,9,6,2,-1,-1,-1,-1,-1,-1,-1,-1,-1,0
Unvalidated,2024010511637,2024,010511637,1,9,0,18,5,1,0,0,0,0,0,0,1,1,6,1,55,8,-1,-1,-1,-1,8,1,E01000774,0
Unvalidated,2024010511637,2024,010511637,2,9,0,18,1,5,0,0,0,0,0,0,1,1,6,1,24,5,-1,-1,-1,-1,9,1,E01000667,0
Unvalidated,2024010511639,2024,010511639,1,1,9,99,9,9,99,9,9,99,9,99,9,1,2,1,16,4,-1,-1,-1,-1,8,1,E01003909,0
Unvalidated,2024010511639,2024,010511639,2,9,0,99,9,9,99,9,9,99,9,99,9,9,6,2,81,11,-1,-1,-1,-1,8,1,E01003909,0
Unvalidated,2024010511643,2024,010511643,1,9,0,99,9,9,99,9,9,99,9,99,3,9,6,2,42,7,-1,-1,-1,-1,9,1,E01003648,0
Unvalidated,2024010511643,2024,010511643,2,9,0,99,9,9,0,9,0,99,9,99,4,9,6,1,35,6,-1,-1,-1,-1,-1,-1,-1,0
Unvalidated,2024010511644,2024,010511644,1,9,0,18,5,1,0,2,0,0,0,0,1,1,6,1,68,10,-1,-1,-1,-1,4,1,E01004642,0
Unvalidated,2024010511649,2024,010511649,1,9,0,18,3,7,0,0,0,0,0,0,3,1,6,1,25,5,-1,-1,-1,-1,4,1,E01004254,0
Unvalidated,2024010511649,2024,010511649,2,9,0,11,3,7,0,0,1,0,0,0,0,1,6,1,-1,-1,-1,-1,-1,-1,-1,-1,-1,0
Unvalidated,2024010511649,2024,010511649,3,9,0,18,3,7,1,0,5,0,0,0,2,1,6,1,38,7,-1,-1,-1,-1,1,1,E01009379,0
Unvalidated,2024010511652,2024,010511652,1,3,0,16,3,7,0,0,0,7,0,0,4,1,6,1,19,4,-1,-1,-1,-1,2,1,E01004711,0
Unvalidated,2024010511652,2024,010511652,2,9,0,16,3,7,0,0,0,0,0,0,1,1,6,3,-1,-1,-1,-1,-1,-1,-1,-1,-1,0
Unvalidated,2024010511662,2024,010511662,1,97,0,10,1,6,0,1,9,99,0,0,9,1,6,1,29,6,-1,-1,-1,-1,2,1,E01003128,0
Unvalidated,2024010511662,2024,010511662,2,9,0,18,1,5,0,9,0,99,0,0,9,9,6,3,-1,-1,-1,-1,-1,-1,-1,-1,-1,0
Unvalidated,2024010511664,2024,010511664,1,9,0,18,5,1,0,0,0,0,0,0,1,1,1,2,54,8,-1,-1,-1,-1,3,1,E01001391,0
Unvalidated,2024010511664,2024,010511664,2,3,0,18,1,5,0,0,0,0,0,0,1,1,1,1,21,5,-1,-1,-1,-1,6,1,E01001570,0
Unvalidated,2024010511667,2024,010511667,1,3,0,99,9,9,99,9,9,99,9,99,9,1,2,1,27,6,-1,-1,-1,-1,4,1,E01015480,0
Unvalidated,2024010511667,2024,010511667,2,9,0,99,9,9,99,9,9,99,9,99,1,9,6,3,-1,-1,-1,-1,-1,-1,-1,-1,-1,0
Unvalidated,2024010511674,2024,010511674,1,19,0,7,5,8,99,5,0,0,0,0,2,9,6,3,-1,-1,-1,-1,-1,-1,-1,-1,-1,0
Unvalidated,2024010511677,2024,010511677,1,5,0,18,7,3,0,8,0,0,0,0,1,1,2,1,57,9,-1,-1,-1,-1,6,3,E01017733,0
Unvalidated,2024010511677,2024,010511677,2,9,0,9,7,4,0,8,0,0,0,0,3,1,2,2,43,7,-1,-1,-1,-1,6,1,E01023539,0
Unvalidated,2024010511680,2024,010511680,1,3,0,99,9,9,99,9,9,99,9,99,1,1,6,1,30,6,-1,-1,-1,-1,1,1,E01002040,0
Unvalidated,2024010511680,2024,010511680,2,9,0,99,9,9,99,9,9,99,9,99,1,9,6,3,-1,-1,-1,-1,-1,-1,-1,-1,-1,0
Unvalidated,2024010511688,2024,010511688,1,3,0,15,5,1,0,1,0,0,0,0,2,1,6,1,30,6,-1,-1,-1,-1,6,1,E01003378,0
Unvalidated,2024010511688,2024,010511688,2,9,0,18,5,1,0,1,0,0,0,0,4,2,6,2,37,7,-1,-1,-1,-1,1,1,E01001080,0
Unvalidated,2024010511692,2024,010511692,1,3,0,99,9,9,99,9,9,99,9,99,9,1,6,3,22,5,-1,-1,-1,-1,2,1,E01032799,0
Unvalidated,2024010511692,2024,010511692,2,9,0,99,9,9,99,9,9,99,9,99,9,9,6,3,-1,-1,-1,-1,-1,-1,-1,-1,-1,0
Unvalidated,2024010511693,2024,010511693,1,3,0,99,9,9,99,9,9,99,9,99,9,1,2,1,31,6,-1,-1,-1,-1,2,1,E01002049,0
Unvalidated,2024010511693,2024,010511693,2,9,0,99,9,9,99,9,9,99,9,99,9,9,6,3,-1,-1,-1,-1,-1,-1,-1,-1,-1,0
Unvalidated,2024010511694,2024,010511694,1,9,0,9,4,1,5,8,0,0,0,0,3,1,2,1,63,9,-1,-1,-1,-1,10,1,E01002253,0
Unvalidated,2024010511694,2024,010511694,2,1,0,18,5,1,5,1,0,0,0,0,1,1,6,2,25,5,-1,-1,-1,-1,3,1,E01003564,0
Unvalidated,2024010511695,2024,010511695,1,3,0,99,9,9,99,9,9,99,9,99,1,1,6,2,32,6,-1,-1,-1,-1,2,1,E01004284,0
Unvalidated,2024010511695,2024,010511695,2,9,0,99,9,9,99,9,9,99,9,99,9,9,6,3,34,6,-1,-1,-1,-1,3,1,E01001825,0
Unvalidated,2024010511697,2024,010511697,1,3,0,18,9,9,99,0,9,99,9,99,1,1,1,1,31,6,-1,-1,-1,-1,7,1,E01002653,0
Unvalidated,2024010511697,2024,010511697,2,9,0,6,9,9,99,0,9,99,9,99,9,9,6,3,-1,-1,-1,-1,-1,-1,-1,-1,-1,0
Unvalidated,2024010511699,2024,010511699,1,19,0,1,5,1,0,1,0,0,0,0,2,1,6,1,37,7,-1,-1,-1,-1,3,1,E01003172,0
Unvalidated,2024010511700,2024,010511700,1,3,0,99,9,9,99,9,9,99,9,99,9,1,1,3,24,5,-1,-1,-1,-1,3,1,E01003548,0
Unvalidated,2024010511700,2024,010511700,2,9,0,99,9,9,99,9,9,99,9,99,9,9,6,3,-1,-1,-1,-1,-1,-1,-1,-1,-1,0
Unvalidated,2024010511703,2024,010511703,1,3,0,99,9,9,99,9,9,99,9,99,9,1,1,3,45,7,-1,-1,-1,-1,1,1,E01004272,0
Unvalidated,2024010511703,2024,010511703,2,9,9,99,9,9,99,9,9,99,9,99,9,9,6,3,-1,-1,-1,-1,-1,-1,-1,-1,-1,0
Unvalidated,2024010511706,2024,010511706,1,21,0,18,3,7,0,6,0,0,0,0,1,1,1,1,27,6,-1,-1,-1,-1,1,1,E01004088,0
Unvalidated,2024010511706,2024,010511706,2,1,0,18,1,5,0,1,0,0,0,0,1,1,1,1,33,6,-1,-1,-1,-1,-1,-1,-1,0
Unvalidated,2024010511707,2024,010511707,1,19,0,4,1,5,0,1,0,0,0,0,2,1,1,1,24,5,-1,-1,-1,-1,2,1,E01021314,0
Unvalidated,2024010511707,2024,010511707,2,9,0,18,1,5,0,1,0,0,0,0,1,1,6,1,47,8,-1,-1,-1,-1,4,1,E01023681,0
Unvalidated,2024010511708,2024,010511708,1,3,0,99,9,9,99,9,9,99,9,99,9,1,1,1,28,6,-1,-1,-1,-1,6,1,E01002676,0
Unvalidated,2024010511709,2024,010511709,1,9,0,99,9,9,99,0,9,99,9,99,3,9,6,2,37,7,-1,-1,-1,-1,6,1,E01002943,0
Unvalidated,2024010511709,2024,010511709,2,4,0,99,9,9,99,0,9,99,9,99,9,1,6,2,25,5,-1,-1,-1,-1,2,1,E01001800,0
Unvalidated,2024010511712,2024,010511712,1,97,0,18,1,5,0,1,0,0,0,0,1,1,6,3,-1,-1,-1,-1,-1,-1,-1,-1,-1,0
Unvalidated,2024010511718,2024,010511718,1,1,0,8,1,4,0,6,0,0,0,0,1,1,6,1,20,4,-1,-1,-1,-1,1,1,E01004088,0
Unvalidated,2024010511718,2024,010511718,2,9,0,9,6,3,0,8,0,0,0,0,1,1,6,3,-1,-1,-1,-1,-1,-1,-1,-1,-1,0
Unvalidated,2024010511719,2024,010511719,1,9,0,18,1,5,0,0,0,0,0,0,4,1,6,1,60,9,-1,-1,-1,-1,8,1,E01002859,0
Unvalidated,2024010511723,2024,010511723,1,9,0,9,3,1,0,1,0,0,0,0,1,1,6,1,49,8,-1,-1,-1,-1,5,1,E01004021,0
Unvalidated,2024010511723,2024,010511723,2,90,0,18,1,5,0,8,0,10,0,0,4,2,6,1,43,7,-1,-1,-1,-1,-1,-1,-1,1
Unvalidated,2024010511726,2024,010511726,1,11,0,5,3,7,0,1,0,0,0,0,0,1,6,1,66,10,-1,-1,-1,-1,6,1,E01001288,0
Unvalidated,2024010511727,2024,010511727,1,9,0,4,5,1,0,8,1,0,0,0,2,1,3,2,50,8,-1,-1,-1,-1,-1,-1,-1,0
Unvalidated,2024010511727,2024,010511727,2,19,0,18,5,1,0,8,0,0,0,0,1,1,6,1,42,7,-1,-1,-1,-1,7,1,E01001495,0
Unvalidated,2024010511731,2024,010511731,1,9,0,99,9,9,99,0,9,99,9,99,2,9,6,3,-1,-1,-1,-1,-1,-1,-1,-1,-1,0
Unvalidated,2024010511733,2024,010511733,1,9,0,99,9,9,99,9,9,99,9,99,9,9,6,2,48,8,-1,-1,-1,-1,6,1,E01001678,0
Unvalidated,2024010511733,2024,010511733,2,9,0,99,9,9,99,9,9,99,9,99,9,9,6,3,-1,-1,-1,-1,-1,-1,6,1,E01032567,0
Unvalidated,2024010511741,2024,010511741,1,1,9,99,9,9,99,9,9,99,9,99,9,1,2,1,49,8,-1,-1,-1,-1,10,1,E01030953,0
Unvalidated,2024010511741,2024,010511741,2,90,0,99,9,9,99,9,9,99,9,99,1,9,6,3,-1,-1,-1,-1,-1,-1,-1,-1,-1,0
Unvalidated,2024010511752,2024,010511752,1,3,0,99,9,9,99,9,9,99,9,99,9,1,1,1,40,7,-1,-1,-1,-1,1,1,E01003986,0
Unvalidated,2024010511752,2024,010511752,2,9,0,99,9,9,99,9,9,99,9,99,9,9,6,3,-1,-1,-1,-1,-1,-1,-1,-1,-1,0