status,collision_index,collision_year,collision_reference,vehicle_reference,vehicle_type,towing_and_articulation,vehicle_manoeuvre,vehicle_direction_from,vehicle_direction_to,vehicle_location_restricted_lane,junction_location,skidding_and_overturning,hit_object_in_carriageway,vehicle_leaving_carriageway,hit_object_off_carriageway,first_point_of_impact,vehicle_left_hand_drive,journey_purpose_of_driver,sex_of_driver,age_of_driver,age_band_of_driver,engine_capacity_cc,propulsion_code,age_of_vehicle,generic_make_model,driver_imd_decile,driver_home_area_type,lsoa_of_driver,escooter_flag
Unvalidated,2024010511755,2024,010511755,1,2,0,99,9,9,99,9,9,99,9,99,9,1,1,1,30,6,-1,-1,-1,-1,5,1,E01003945,0
Unvalidated,2024010511755,2024,010511755,2,9,0,99,9,9,99,9,9,99,9,99,1,9,6,3,-1,-1,-1,-1,-1,-1,-1,-1,-1,0
Unvalidated,2024010511756,2024,010511756,1,1,0,5,5,1,0,6,0,0,1,0,3,1,6,1,58,9,-1,-1,-1,-1,-1,-1,-1,0
Unvalidated,2024010511756,2024,010511756,2,9,0,5,5,1,0,6,0,0,1,0,1,1,6,3,-1,-1,-1,-1,-1,-1,-1,-1,-1,0
Unvalidated,2024010511763,2024,010511763,1,9,0,18,7,3,0,2,0,0,0,0,2,1,6,2,45,7,-1,-1,-1,-1,2,1,E01000386,0
Unvalidated,2024010511763,2024,010511763,2,9,0,18,7,3,0,1,0,0,0,0,1,1,6,2,75,10,-1,-1,-1,-1,5,1,E01000383,0
Unvalidated,2024010511765,2024,010511765,1,1,9,99,9,9,99,9,9,99,9,99,9,1,2,1,53,8,-1,-1,-1,-1,7,1,E01032577,0
Unvalidated,2024010511765,2024,010511765,2,9,0,99,9,9,99,9,9,99,9,99,9,9,6,3,-1,-1,-1,-1,-1,-1,-1,-1,-1,0
Unvalidated,2024010511772,2024,010511772,1,19,0,18,7,3,0,4,0,0,0,0,1,1,2,1,61,9,-1,-1,-1,-1,3,1,E01002550,0
Unvalidated,2024010511772,2024,010511772,2,1,0,18,5,1,0,4,0,0,0,0,3,1,6,1,36,7,-1,-1,-1,-1,8,1,E01033724,0
Unvalidated,2024010511776,2024,010511776,1,9,0,18,7,3,0,1,0,0,0,0,1,1,6,1,49,8,-1,-1,-1,-1,3,1,E01003575,0
Unvalidated,2024010511777,2024,010511777,1,9,0,9,3,1,0,1,0,0,0,0,1,1,2,1,22,5,-1,-1,-1,-1,1,1,E01001714,0
Unvalidated,2024010511777,2024,010511777,2,1,0,9,7,4,0,1,0,0,0,0,1,1,3,1,31,6,-1,-1,-1,-1,2,1,E01001830,0
Unvalidated,2024010511779,2024,010511779,1,3,0,99,9,9,99,1,9,99,9,99,1,1,6,1,18,4,-1,-1,-1,-1,2,1,E01000223,0
Unvalidated,2024010511779,2024,010511779,2,9,0,99,9,9,99,1,9,99,9,99,1,9,6,3,-1,-1,-1,-1,-1,-1,10,1,E01016386,0
Unvalidated,2024010511781,2024,010511781,1,1,0,10,1,7,0,1,5,0,0,0,1,1,6,2,32,6,-1,-1,-1,-1,4,1,E01003301,0
Unvalidated,2024010511781,2024,010511781,2,11,0,9,1,7,0,8,0,0,0,0,3,1,1,1,44,7,-1,-1,-1,-1,-1,-1,-1,0
Unvalidated,2024010511784,2024,010511784,1,1,9,99,9,9,99,9,9,99,9,99,9,1,2,2,23,5,-1,-1,-1,-1,7,1,E01004552,0
Unvalidated,2024010511784,2024,010511784,2,19,0,99,9,9,99,9,9,99,9,99,1,9,6,3,-1,-1,-1,-1,-1,-1,-1,-1,-1,0
Unvalidated,2024010511787,2024,010511787,1,9,0,18,1,5,0,0,0,0,0,0,1,1,6,3,-1,-1,-1,-1,-1,-1,-1,-1,-1,0
Unvalidated,2024010511791,2024,010511791,1,11,0,4,2,6,0,1,0,0,0,0,0,1,1,1,66,10,-1,-1,-1,-1,2,1,E01000950,0
Unvalidated,2024010511793,2024,010511793,1,1,9,99,9,9,99,9,9,99,9,99,1,1,2,1,47,8,-1,-1,-1,-1,4,1,E01000949,0
Unvalidated,2024010511793,2024,010511793,2,9,0,99,9,9,99,9,9,99,9,99,9,9,6,1,26,6,-1,-1,-1,-1,4,1,E01002759,0
Unvalidated,2024010511795,2024,010511795,1,11,0,5,3,7,2,1,0,0,0,0,0,1,1,2,39,7,-1,-1,-1,-1,3,1,E01001825,0
Unvalidated,2024010511803,2024,010511803,1,19,0,99,9,9,99,9,9,99,9,99,1,9,6,3,-1,-1,-1,-1,-1,-1,-1,-1,-1,0
Unvalidated,2024010511804,2024,010511804,1,3,0,18,5,1,0,1,1,0,0,0,1,1,1,2,32,6,-1,-1,-1,-1,3,1,E01003122,0
Unvalidated,2024010511804,2024,010511804,2,9,0,6,1,1,0,1,0,0,0,0,1,1,6,1,37,7,-1,-1,-1,-1,6,1,E01032780,0
Unvalidated,2024010511806,2024,010511806,1,9,0,18,3,7,99,0,9,99,9,99,0,1,6,2,55,8,-1,-1,-1,-1,3,1,E01003736,0
Unvalidated,2024010511806,2024,010511806,2,9,0,2,0,0,0,0,0,0,0,0,0,1,6,3,-1,-1,-1,-1,-1,-1,-1,-1,-1,0
Unvalidated,2024010511808,2024,010511808,1,9,0,3,8,4,0,1,0,0,0,0,4,1,6,1,35,6,-1,-1,-1,-1,2,1,E01003607,0
Unvalidated,2024010511808,2024,010511808,2,9,0,3,8,4,0,1,0,0,0,0,1,1,6,3,40,7,-1,-1,-1,-1,2,1,E01003600,0
Unvalidated,2024010511808,2024,010511808,3,9,0,3,8,4,0,1,0,0,0,0,2,1,6,3,49,8,-1,-1,-1,-1,3,1,E01001548,0
Unvalidated,2024010511809,2024,010511809,1,9,0,99,9,9,99,9,9,99,9,99,1,9,2,1,24,5,-1,-1,-1,-1,4,1,E01003530,0
Unvalidated,2024010511809,2024,010511809,2,90,0,99,9,9,99,9,9,99,9,99,9,9,6,3,-1,-1,-1,-1,-1,-1,-1,-1,-1,0
Unvalidated,2024010511814,2024,010511814,1,1,9,99,9,9,99,9,9,99,9,99,1,1,2,2,30,6,-1,-1,-1,-1,8,1,E01004623,0
Unvalidated,2024010511814,2024,010511814,2,9,0,99,9,9,99,9,9,99,9,99,9,9,6,2,-1,-1,-1,-1,-1,-1,3,1,E01004752,0
Unvalidated,2024010511817,2024,010511817,1,9,0,99,9,9,99,9,9,99,9,99,2,9,6,1,35,6,-1,-1,-1,-1,8,1,E01020515,0
Unvalidated,2024010511817,2024,010511817,2,19,0,99,9,9,99,9,9,99,9,99,1,9,6,3,-1,-1,-1,-1,-1,-1,3,1,E01000128,0
Unvalidated,2024010511820,2024,010511820,1,1,9,99,9,9,99,9,9,99,9,99,1,1,6,1,59,9,-1,-1,-1,-1,4,1,E01002869,0
Unvalidated,2024010511820,2024,010511820,2,9,0,99,9,9,99,9,9,99,9,99,9,9,6,3,31,6,-1,-1,-1,-1,10,2,E01017729,0
Unvalidated,2024010511821,2024,010511821,1,9,0,99,9,9,99,9,9,99,9,99,9,9,6,2,42,7,-1,-1,-1,-1,2,1,E01000084,0
Unvalidated,2024010511821,2024,010511821,2,9,0,99,9,9,99,9,9,99,9,99,1,9,6,3,34,6,-1,-1,-1,-1,-1,-1,-1,0
Unvalidated,2024010511824,2024,010511824,1,11,0,99,9,9,99,9,9,99,9,99,9,9,1,1,45,7,-1,-1,-1,-1,3,1,E01002564,0
Unvalidated,2024010511824,2024,010511824,2,1,9,99,9,9,99,9,9,99,9,99,1,1,6,1,-1,-1,-1,-1,-1,-1,-1,-1,-1,0
Unvalidated,2024010511826,2024,010511826,1,9,0,16,5,1,6,8,0,0,0,0,1,1,6,2,66,10,-1,-1,-1,-1,2,1,E01003987,0
Unvalidated,2024010511827,2024,010511827,1,9,0,99,9,9,99,9,9,99,9,99,2,9,6,1,28,6,-1,-1,-1,-1,4,1,E01024296,0
Unvalidated,2024010511827,2024,010511827,2,97,0,99,9,9,99,9,9,99,9,99,1,1,6,1,29,6,-1,-1,-1,-1,3,2,E01002313,0
Unvalidated,2024010511830,2024,010511830,1,9,0,99,9,9,99,9,9,99,9,99,2,9,6,2,29,6,-1,-1,-1,-1,5,1,E01023332,0
Unvalidated,2024010511830,2024,010511830,2,9,0,99,9,9,99,9,9,99,9,99,1,9,6,3,-1,-1,-1,-1,-1,-1,-1,-1,-1,0
Unvalidated,2024010511841,2024,010511841,1,8,0,99,9,9,99,1,9,99,9,99,1,9,1,1,64,9,-1,-1,-1,-1,1,1,E01004205,0
Unvalidated,2024010511841,2024,010511841,2,9,0,99,9,9,99,6,9,99,9,99,2,9,6,3,-1,-1,-1,-1,-1,-1,-1,-1,-1,0
Unvalidated,2024010511842,2024,010511842,1,11,0,18,3,7,2,1,0,0,0,0,3,1,1,1,62,9,-1,-1,-1,-1,4,1,E01003353,0
Unvalidated,2024010511842,2024,010511842,2,1,0,7,7,1,0,6,5,0,0,0,1,1,6,1,26,6,-1,-1,-1,-1,6,1,E01004509,0
Unvalidated,2024010511843,2024,010511843,1,21,0,7,5,8,2,5,0,0,1,0,4,1,1,1,64,9,-1,-1,-1,-1,2,1,E01002843,0
Unvalidated,2024010511843,2024,010511843,2,1,0,13,5,1,2,1,0,0,1,0,3,1,1,1,36,7,-1,-1,-1,-1,2,1,E01004233,0
Unvalidated,2024010511844,2024,010511844,1,19,0,18,7,3,0,3,0,0,0,0,1,1,1,1,41,7,-1,-1,-1,-1,8,3,E01033338,0
Unvalidated,2024010511844,2024,010511844,2,9,0,18,7,3,0,4,0,0,3,10,1,1,6,1,38,7,-1,-1,-1,-1,7,1,E01003815,0
Unvalidated,2024010511845,2024,010511845,1,19,0,7,1,2,0,1,0,0,0,0,2,1,1,1,47,8,-1,-1,-1,-1,2,1,E01003334,0
Unvalidated,2024010511845,2024,010511845,2,1,0,7,1,2,0,1,0,0,0,0,1,1,6,2,55,8,-1,-1,-1,-1,2,1,E01004041,0
Unvalidated,2024010511846,2024,010511846,1,9,0,18,7,3,0,8,0,7,3,10,1,1,6,1,29,6,-1,-1,-1,-1,2,1,E01001008,0
Unvalidated,2024010511846,2024,010511846,2,9,0,9,5,3,0,8,0,0,0,0,1,1,6,2,24,5,-1,-1,-1,-1,7,1,E01000119,0
Unvalidated,2024010511847,2024,010511847,1,9,0,18,7,3,0,5,0,4,7,4,1,2,6,2,30,6,-1,-1,-1,-1,5,1,E01001677,0
Unvalidated,2024010511847,2024,010511847,2,9,0,2,0,0,0,1,0,0,0,0,0,1,6,3,-1,-1,-1,-1,-1,-1,-1,-1,-1,0
Unvalidated,2024010511847,2024,010511847,3,9,0,2,0,0,0,1,0,0,0,0,0,1,6,3,-1,-1,-1,-1,-1,-1,-1,-1,-1,0
Unvalidated,2024010511848,2024,010511848,1,9,0,17,5,1,0,0,1,0,0,0,1,1,6,1,20,4,-1,-1,-1,-1,2,1,E01002686,0
Unvalidated,2024010511848,2024,010511848,2,3,0,18,1,5,0,0,0,0,0,0,1,1,1,1,26,6,-1,-1,-1,-1,5,1,E01002636,0
Unvalidated,2024010511849,2024,010511849,1,19,0,18,3,7,0,0,0,0,0,0,1,1,2,1,33,6,-1,-1,-1,-1,7,1,E01002269,0
Unvalidated,2024010511853,2024,010511853,1,9,0,16,7,3,0,0,1,10,1,4,1,1,6,1,22,5,-1,-1,-1,-1,3,2,E01015924,0
Unvalidated,2024010511854,2024,010511854,1,11,0,5,5,1,0,8,0,0,0,0,1,1,1,1,55,8,-1,-1,-1,-1,4,1,E01001139,0
Unvalidated,2024010511862,2024,010511862,1,5,0,13,1,5,0,0,1,0,0,0,1,1,2,1,38,7,-1,-1,-1,-1,8,1,E01002109,0
Unvalidated,2024010511863,2024,010511863,1,11,0,5,3,7,0,0,0,0,0,0,0,1,1,1,52,8,-1,-1,-1,-1,5,1,E01002591,0
Unvalidated,2024010511864,2024,010511864,1,11,0,18,1,5,0,2,0,0,0,0,1,1,1,1,62,9,-1,-1,-1,-1,5,1,E01002167,0
Unvalidated,2024010511866,2024,010511866,1,9,9,9,1,7,0,5,0,0,0,0,1,9,6,3,-1,-1,-1,-1,-1,-1,-1,-1,-1,0
Unvalidated,2024010511869,2024,010511869,1,9,0,9,7,5,0,2,0,0,0,0,1,1,6,1,55,8,-1,-1,-1,-1,1,1,E01002038,0
Unvalidated,2024010511869,2024,010511869,2,23,0,18,5,1,0,1,1,0,0,0,1,1,6,1,26,6,-1,-1,-1,-1,2,1,E01003553,0
Unvalidated,2024010511870,2024,010511870,1,11,0,5,0,1,0,8,0,0,0,0,0,1,6,3,-1,-1,-1,-1,-1,-1,-1,-1,-1,0
Unvalidated,2024010511870,2024,010511870,2,1,0,3,5,1,0,1,0,0,0,0,0,1,2,2,23,5,-1,-1,-1,-1,3,1,E01000640,0
Unvalidated,2024010511873,2024,010511873,1,9,0,9,7,4,0,5,0,0,0,0,1,1,6,2,68,10,-1,-1,-1,-1,7,1,E01002171,0
Unvalidated,2024010511873,2024,010511873,2,9,0,18,7,3,0,1,0,0,1,11,1,1,1,1,31,6,-1,-1,-1,-1,5,1,E01033573,0
Unvalidated,2024010511876,2024,010511876,1,9,0,18,5,1,0,1,0,0,0,0,1,1,6,1,51,8,-1,-1,-1,-1,7,1,E01004639,0
Unvalidated,2024010511876,2024,010511876,2,21,0,18,5,1,0,1,0,0,0,0,1,1,6,1,46,8,-1,-1,-1,-1,10,1,E01030396,0
Unvalidated,2024010511876,2024,010511876,3,9,0,18,5,1,0,1,0,0,0,0,2,1,6,2,23,5,-1,-1,-1,-1,-1,-1,-1,0
Unvalidated,2024010511877,2024,010511877,1,9,0,9,7,5,0,4,0,0,0,0,3,1,3,2,44,7,-1,-1,-1,-1,6,1,E01004174,0
Unvalidated,2024010511877,2024,010511877,2,1,0,18,5,1,0,4,0,0,0,0,1,1,6,1,52,8,-1,-1,-1,-1,7,1,E01004166,0
Unvalidated,2024010511879,2024,010511879,1,21,1,18,3,7,0,1,0,0,0,0,1,1,1,1,49,8,-1,-1,-1,-1,1,1,E01001558,0
Unvalidated,2024010511879,2024,010511879,2,9,0,4,3,7,0,1,0,0,0,0,2,1,1,1,54,8,-1,-1,-1,-1,-1,-1,-1,0
Unvalidated,2024010511880,2024,010511880,1,1,0,18,1,5,0,6,0,0,0,0,1,1,6,1,-1,-1,-1,-1,-1,-1,-1,-1,-1,0
Unvalidated,2024010511882,2024,010511882,1,1,0,18,1,5,0,2,0,0,0,0,1,1,2,1,46,8,-1,-1,-1,-1,5,1,E01003134,0
Unvalidated,2024010511884,2024,010511884,1,9,0,18,5,1,0,2,0,0,0,0,1,1,6,1,41,7,-1,-1,-1,-1,2,1,E01004696,0
Unvalidated,2024010511885,2024,010511885,1,9,0,18,7,3,0,0,0,0,0,0,4,1,6,1,-1,-1,-1,-1,-1,-1,-1,-1,-1,0
Unvalidated,2024010511885,2024,010511885,2,19,0,5,7,3,0,0,0,0,0,0,3,1,1,1,38,7,-1,-1,-1,-1,6,3,E01024346,0
Unvalidated,2024010511886,2024,010511886,1,9,0,5,1,5,0,1,0,0,0,0,2,1,6,2,55,8,-1,-1,-1,-1,8,1,E01000913,0
Unvalidated,2024010511888,2024,010511888,1,9,0,7,5,8,0,5,0,0,1,0,4,1,2,1,35,6,-1,-1,-1,-1,3,1,E01001516,0
Unvalidated,2024010511888,2024,010511888,2,90,0,18,1,5,0,1,0,0,0,0,0,1,6,2,18,4,-1,-1,-1,-1,2,1,E01004436,1
Unvalidated,2024010511890,2024,010511890,1,9,0,9,1,6,0,4,0,0,0,0,1,1,6,2,20,4,-1,-1,-1,-1,4,1,E01001582,0
Unvalidated,2024010511890,2024,010511890,2,9,0,18,1,5,0,4,0,0,0,0,3,2,6,2,68,10,-1,-1,-1,-1,4,1,E01004547,0
Unvalidated,2024010511891,2024,010511891,1,21,0,18,1,5,0,1,0,0,0,0,3,1,1,1,45,7,-1,-1,-1,-1,4,1,E01016784,0
Unvalidated,2024010511891,2024,010511891,2,1,0,18,1,5,0,1,0,0,0,0,4,1,6,1,24,5,-1,-1,-1,-1,5,1,E01002167,0
Unvalidated,2024010511892,2024,010511892,1,9,0,18,1,5,8,3,1,0,1,10,1,1,6,2,23,5,-1,-1,-1,-1,3,1,E01000441,0
Unvalidated,2024010511893,2024,010511893,1,9,0,18,8,4,0,1,0,0,0,0,4,1,6,2,20,4,-1,-1,-1,-1,5,1,E01002948,0
Unvalidated,2024010511893,2024,010511893,2,9,0,9,6,4,0,6,0,0,0,0,3,1,6,1,23,5,-1,-1,-1,-1,9,1,E01004191,0
Unvalidated,2024010511894,2024,010511894,1,90,0,18,1,5,9,9,9,0,9,99,9,9,6,3,-1,-1,-1,-1,-1,-1,-1,-1,-1,1
Unvalidated,2024010511895,2024,010511895,1,9,0,3,7,3,0,0,0,0,0,0,1,1,1,2,24,5,-1,-1,-1,-1,2,1,E01003507,0
Unvalidated,2024010511895,2024,010511895,2,20,0,1,3,7,0,0,0,0,0,0,2,1,6,1,-1,-1,-1,-1,-1,-1,-1,-1,-1,0
Unvalidated,2024010511896,2024,010511896,1,11,0,18,5,1,0,1,0,0,0,0,0,1,1,1,40,7,-1,-1,-1,-1,1,1,E01005681,0
Unvalidated,2024010511897,2024,010511897,1,19,0,18,1,5,0,0,0,0,0,0,0,1,6,3,-1,-1,-1,-1,-1,-1,-1,-1,-1,0
Unvalidated,2024010511898,2024,010511898,1,9,0,5,1,5,0,7,0,0,0,0,1,1,2,2,35,6,-1,-1,-1,-1,8,1,E01002452,0
Unvalidated,2024010511898,2024,010511898,2,3,0,18,3,7,0,1,0,0,0,0,1,1,2,1,23,5,-1,-1,-1,-1,3,1,E01001240,0
Unvalidated,2024010511900,2024,010511900,1,9,0,18,3,7,0,8,0,0,0,0,1,1,6,1,50,8,-1,-1,-1,-1,5,1,E01001348,0
Unvalidated,2024010511900,2024,010511900,2,90,0,18,5,1,0,6,0,0,0,0,3,1,6,1,24,5,-1,-1,-1,-1,3,1,E01002502,1
Unvalidated,2024010511901,2024,010511901,1,9,0,6,5,5,0,1,0,0,0,0,4,1,6,1,29,6,-1,-1,-1,-1,1,1,E01033207,0
Unvalidated,2024010511901,2024,010511901,2,3,0,15,1,5,0,1,0,0,0,0,4,1,6,1,25,5,-1,-1,-1,-1,6,1,E01001083,0
Unvalidated,2024010511902,2024,010511902,1,19,0,9,4,2,0,8,0,0,0,0,1,1,6,3,-1,-1,-1,-1,-1,-1,-1,-1,-1,0
Unvalidated,2024010511902,2024,010511902,2,1,0,7,8,2,0,8,2,10,1,0,1,1,6,1,24,5,-1,-1,-1,-1,9,1,E01000827,0
Unvalidated,2024010511903,2024,010511903,1,9,0,18,5,1,0,0,0,0,0,0,1,1,3,2,36,7,-1,-1,-1,-1,-1,-1,-1,0
Unvalidated,2024010511903,2024,010511903,2,9,0,3,5,1,0,0,0,0,0,0,2,1,6,2,73,10,-1,-1,-1,-1,2,1,E01002227,0
Unvalidated,2024010511903,2024,010511903,3,9,0,3,5,1,0,0,0,0,0,0,2,1,6,2,60,9,-1,-1,-1,-1,8,1,E01002201,0
Unvalidated,2024010511903,2024,010511903,4,9,0,3,5,1,0,0,0,0,0,0,2,1,6,1,35,6,-1,-1,-1,-1,6,1,E01017809,0
Unvalidated,2024010511904,2024,010511904,1,9,0,18,3,7,0,0,1,10,1,1,1,1,1,1,23,5,-1,-1,-1,-1,5,1,E01030725,0
Unvalidated,2024010511905,2024,010511905,1,8,0,5,1,5,0,2,0,0,0,0,3,1,6,1,63,9,-1,-1,-1,-1,5,1,E01004641,0
Unvalidated,2024010511905,2024,010511905,2,2,0,18,7,3,0,1,0,0,0,0,4,1,6,3,-1,-1,-1,-1,-1,-1,-1,-1,-1,0
Unvalidated,2024010511906,2024,010511906,1,11,0,5,3,7,0,2,0,0,0,0,0,1,1,1,21,5,-1,-1,-1,-1,2,1,E01003324,0
Unvalidated,2024010511907,2024,010511907,1,9,0,10,7,4,0,0,0,0,0,0,4,1,1,2,20,4,-1,-1,-1,-1,3,1,E01000403,0
Unvalidated,2024010511907,2024,010511907,2,3,0,13,2,6,0,0,0,0,0,0,4,1,1,1,24,5,-1,-1,-1,-1,2,1,E01003267,0
Unvalidated,2024010511909,2024,010511909,1,19,0,9,5,3,0,5,0,0,0,0,3,1,1,1,48,8,-1,-1,-1,-1,3,1,E01004453,0
Unvalidated,2024010511909,2024,010511909,2,3,0,13,5,1,0,1,0,0,0,0,1,1,1,1,34,6,-1,-1,-1,-1,5,1,E01032741,0
Unvalidated,2024010511910,2024,010511910,1,9,0,18,7,3,0,8,1,4,0,0,1,1,6,1,28,6,-1,-1,-1,-1,2,1,E01001161,0
Unvalidated,2024010511910,2024,010511910,2,9,0,2,0,0,0,8,0,0,0,0,2,1,6,3,-1,-1,-1,-1,-1,-1,-1,-1,-1,0
Unvalidated,2024010511910,2024,010511910,3,9,0,18,7,3,0,8,0,0,0,0,0,1,1,1,40,7,-1,-1,-1,-1,7,1,E01003456,0
Unvalidated,2024010511910,2024,010511910,4,9,0,18,7,3,0,8,0,0,0,0,0,1,1,1,26,6,-1,-1,-1,-1,7,1,E01003456,0
Unvalidated,2024010511911,2024,010511911,1,9,0,18,3,7,0,8,0,0,0,0,1,1,2,1,54,8,-1,-1,-1,-1,3,1,E01000535,0
Unvalidated,2024010511911,2024,010511911,2,5,0,18,7,3,0,8,1,0,0,0,1,1,2,1,47,8,-1,-1,-1,-1,5,1,E01001863,0
Unvalidated,2024010511913,2024,010511913,1,9,0,4,5,1,0,4,2,0,0,0,4,1,6,1,24,5,-1,-1,-1,-1,5,1,E01002948,0
Unvalidated,2024010511913,2024,010511913,2,90,0,5,6,2,4,4,0,0,0,0,4,1,2,1,36,7,-1,-1,-1,-1,5,1,E01004178,1
Unvalidated,2024010511914,2024,010511914,1,9,0,9,5,3,0,5,0,0,0,0,2,1,6,1,54,8,-1,-1,-1,-1,3,1,E01002796,0
Unvalidated,2024010511914,2024,010511914,2,3,0,18,1,5,0,1,0,0,0,0,1,1,6,1,24,5,-1,-1,-1,-1,5,1,E01003247,0
Unvalidated,2024010511918,2024,010511918,1,11,0,5,3,7,0,1,0,0,0,0,1,1,1,1,56,9,-1,-1,-1,-1,6,1,E01024163,0
Unvalidated,2024010511918,2024,010511918,2,9,0,4,3,7,0,1,0,0,0,0,0,1,6,2,63,9,-1,-1,-1,-1,7,1,E01000693,0
Unvalidated,2024010511918,2024,010511918,3,19,0,18,3,7,0,1,0,0,0,0,0,1,6,1,60,9,-1,-1,-1,-1,1,1,E01000744,0
Unvalidated,2024010511919,2024,010511919,1,8,0,4,2,6,0,2,0,0,0,0,1,1,6,3,-1,-1,-1,-1,-1,-1,-1,-1,-1,0
Unvalidated,2024010511920,2024,010511920,1,3,0,13,7,3,0,1,5,0,0,0,4,1,6,1,47,8,-1,-1,-1,-1,7,1,E01004496,0
Unvalidated,2024010511920,2024,010511920,2,1,0,9,7,5,0,1,5,0,0,0,3,1,6,2,26,6,-1,-1,-1,-1,5,1,E01003247,0
Unvalidated,2024010511921,2024,010511921,1,9,0,3,3,7,0,8,0,0,0,0,3,1,2,1,41,7,-1,-1,-1,-1,-1,-1,-1,0
Unvalidated,2024010511921,2024,010511921,2,1,0,18,1,5,0,8,1,0,0,0,1,1,6,1,39,7,-1,-1,-1,-1,2,1,E01004471,0
Unvalidated,2024010511927,2024,010511927,1,9,0,18,7,3,0,1,0,0,0,0,1,2,6,1,57,9,-1,-1,-1,-1,3,1,E01001717,0
Unvalidated,2024010511930,2024,010511930,1,20,0,3,7,3,0,1,0,0,0,0,1,1,1,1,48,8,-1,-1,-1,-1,3,1,E01021307,0
Unvalidated,2024010511930,2024,010511930,2,9,0,9,1,8,0,6,0,0,0,0,3,1,6,2,38,7,-1,-1,-1,-1,4,1,E01001050,0
Unvalidated,2024010511930,2024,010511930,3,3,0,18,7,3,0,1,0,0,0,0,1,1,6,1,25,5,-1,-1,-1,-1,4,1,E01001023,0
Unvalidated,2024010511935,2024,010511935,1,9,9,18,3,7,99,9,9,0,0,0,0,9,6,1,56,9,-1,-1,-1,-1,6,1,E01003843,0
Unvalidated,2024010511936,2024,010511936,1,9,0,5,6,2,0,1,0,0,0,0,1,1,2,2,32,6,-1,-1,-1,-1,4,1,E01001329,0
Unvalidated,2024010511936,2024,010511936,2,1,0,5,7,3,0,1,0,0,0,0,4,1,4,1,12,3,-1,-1,-1,-1,8,1,E01002499,0
Unvalidated,2024010511937,2024,010511937,1,21,1,18,1,5,0,0,0,0,0,0,1,1,1,1,52,8,-1,-1,-1,-1,3,1,W01001137,0
Unvalidated,2024010511938,2024,010511938,1,1,0,18,1,5,0,8,0,0,0,0,1,1,6,1,28,6,-1,-1,-1,-1,5,1,E01000911,0
Unvalidated,2024010511938,2024,010511938,2,19,0,7,1,3,0,5,0,0,1,0,4,1,1,1,49,8,-1,-1,-1,-1,3,1,E01002396,0
Unvalidated,2024010511939,2024,010511939,1,9,0,3,1,5,0,0,0,0,0,0,2,1,6,1,47,8,-1,-1,-1,-1,4,1,E01003770,0
Unvalidated,2024010511939,2024,010511939,2,9,0,15,5,1,0,0,1,0,0,0,1,1,6,3,-1,-1,-1,-1,-1,-1,-1,-1,-1,0
Unvalidated,2024010511940,2024,010511940,1,9,0,9,5,3,0,6,0,0,0,0,1,1,3,1,46,8,-1,-1,-1,-1,3,1,E01001884,0
Unvalidated,2024010511940,2024,010511940,2,1,0,18,7,3,0,8,0,0,0,0,3,1,6,1,33,6,-1,-1,-1,-1,9,1,E01003808,0
Unvalidated,2024010511944,2024,010511944,1,3,0,3,3,7,0,0,0,0,0,0,1,1,6,1,22,5,-1,-1,-1,-1,6,1,E01000238,0
Unvalidated,2024010511944,2024,010511944,2,9,0,18,3,7,0,0,0,0,0,0,2,1,6,2,53,8,-1,-1,-1,-1,5,1,E01000310,0
Unvalidated,2024010511946,2024,010511946,1,9,0,10,4,1,0,2,0,0,0,0,3,1,6,2,22,5,-1,-1,-1,-1,-1,-1,-1,0
Unvalidated,2024010511946,2024,010511946,2,1,0,18,2,6,0,1,5,0,0,0,1,1,6,1,48,8,-1,-1,-1,-1,9,1,E01004100,0
Unvalidated,2024010511948,2024,010511948,1,19,0,9,7,6,0,1,0,0,0,0,3,1,6,1,38,7,-1,-1,-1,-1,1,1,E01003291,0
Unvalidated,2024010511948,2024,010511948,2,5,0,18,1,5,0,1,0,0,0,0,4,1,6,1,45,7,-1,-1,-1,-1,6,1,E01003219,0
Unvalidated,2024010511950,2024,010511950,1,97,0,18,8,4,0,2,0,0,0,0,1,1,6,3,-1,-1,-1,-1,-1,-1,-1,-1,-1,0
Unvalidated,2024010511953,2024,010511953,1,3,0,2,0,0,0,0,0,0,0,0,2,1,6,3,-1,-1,-1,-1,-1,-1,-1,-1,-1,0
Unvalidated,2024010511953,2024,010511953,2,9,0,18,3,7,0,0,0,0,0,0,1,1,6,1,24,5,-1,-1,-1,-1,2,1,E01000959,0
Unvalidated,2024010511953,2024,010511953,3,9,0,18,1,5,0,0,0,0,0,0,0,1,1,1,32,6,-1,-1,-1,-1,3,1,E01000915,0
Unvalidated,2024010511953,2024,010511953,4,9,0,2,0,0,0,0,0,0,0,0,2,1,6,3,-1,-1,-1,-1,-1,-1,-1,-1,-1,0
Unvalidated,2024010511953,2024,010511953,5,9,0,18,7,3,0,0,0,0,0,0,1,1,1,1,40,7,-1,-1,-1,-1,2,1,E01002708,0
Unvalidated,2024010511954,2024,010511954,1,9,0,9,1,6,0,2,0,0,0,0,1,1,3,2,37,7,-1,-1,-1,-1,2,1,E01001462,0
Unvalidated,2024010511954,2024,010511954,2,9,0,18,7,3,0,1,0,0,0,0,1,1,6,1,24,5,-1,-1,-1,-1,5,1,E01000251,0