status,collision_index,collision_year,collision_reference,vehicle_reference,vehicle_type,towing_and_articulation,vehicle_manoeuvre,vehicle_direction_from,vehicle_direction_to,vehicle_location_restricted_lane,junction_location,skidding_and_overturning,hit_object_in_carriageway,vehicle_leaving_carriageway,hit_object_off_carriageway,first_point_of_impact,vehicle_left_hand_drive,journey_purpose_of_driver,sex_of_driver,age_of_driver,age_band_of_driver,engine_capacity_cc,propulsion_code,age_of_vehicle,generic_make_model,driver_imd_decile,driver_home_area_type,lsoa_of_driver,escooter_flag
Unvalidated,2024010511956,2024,010511956,1,21,0,11,3,7,0,3,0,0,0,0,4,1,1,1,36,7,-1,-1,-1,-1,5,1,E01002119,0
Unvalidated,2024010511956,2024,010511956,2,9,0,7,4,6,0,3,0,10,0,0,2,1,6,2,61,9,-1,-1,-1,-1,4,1,E01003704,0
Unvalidated,2024010511957,2024,010511957,1,19,0,18,7,3,0,2,2,0,0,0,2,1,2,1,32,6,-1,-1,-1,-1,7,1,E01024388,0
Unvalidated,2024010511957,2024,010511957,2,9,0,9,1,7,0,6,0,0,3,4,1,1,6,2,78,11,-1,-1,-1,-1,7,1,E01001610,0
Unvalidated,2024010511958,2024,010511958,1,9,0,9,1,6,0,1,0,0,1,0,1,1,6,1,50,8,-1,-1,-1,-1,7,1,E01002269,0
Unvalidated,2024010511959,2024,010511959,1,9,0,18,5,1,0,2,0,0,1,0,4,1,6,1,82,11,-1,-1,-1,-1,-1,-1,-1,0
Unvalidated,2024010511959,2024,010511959,2,3,0,18,5,1,0,2,0,0,0,0,2,1,1,1,30,6,-1,-1,-1,-1,-1,-1,-1,0
Unvalidated,2024010511960,2024,010511960,1,9,0,9,8,6,0,8,0,0,0,0,4,1,3,2,44,7,-1,-1,-1,-1,3,1,E01000465,0
Unvalidated,2024010511960,2024,010511960,2,9,0,18,4,8,0,4,0,0,0,0,1,1,6,1,29,6,-1,-1,-1,-1,8,1,E01000760,0
Unvalidated,2024010511961,2024,010511961,1,11,0,18,3,7,0,0,0,0,0,0,1,1,6,1,56,9,-1,-1,-1,-1,5,2,E01021399,0
Unvalidated,2024010511962,2024,010511962,1,9,0,7,6,7,0,5,0,0,0,0,2,1,2,1,24,5,-1,-1,-1,-1,-1,-1,-1,0
Unvalidated,2024010511962,2024,010511962,2,1,0,16,6,2,0,1,5,0,0,0,2,1,6,2,25,5,-1,-1,-1,-1,5,1,E01001720,0
Unvalidated,2024010511963,2024,010511963,1,97,0,18,3,7,0,3,0,0,0,0,1,1,6,3,-1,-1,-1,-1,-1,-1,-1,-1,-1,0
Unvalidated,2024010511964,2024,010511964,1,9,0,7,5,7,0,8,0,0,0,0,4,1,6,1,53,8,-1,-1,-1,-1,3,1,E01001823,0
Unvalidated,2024010511964,2024,010511964,2,1,0,18,5,1,0,8,0,0,0,0,4,1,6,1,22,5,-1,-1,-1,-1,5,1,E01002733,0
Unvalidated,2024010511965,2024,010511965,1,19,0,18,3,7,0,1,0,0,0,0,3,1,1,1,47,8,-1,-1,-1,-1,3,1,E01000009,0
Unvalidated,2024010511965,2024,010511965,2,1,0,18,3,7,0,1,0,0,0,0,4,1,6,1,17,4,-1,-1,-1,-1,3,1,E01000610,0
Unvalidated,2024010511968,2024,010511968,1,1,0,18,3,7,5,0,0,10,0,0,1,1,2,1,57,9,-1,-1,-1,-1,9,1,E01004095,0
Unvalidated,2024010511969,2024,010511969,1,9,0,10,7,5,1,1,0,0,0,0,2,1,2,2,48,8,-1,-1,-1,-1,5,1,E01023806,0
Unvalidated,2024010511969,2024,010511969,2,9,0,18,8,4,0,1,0,0,0,0,1,1,2,1,27,6,-1,-1,-1,-1,9,2,E01023525,0
Unvalidated,2024010511970,2024,010511970,1,4,0,18,3,7,2,1,5,0,0,0,1,1,2,1,35,6,-1,-1,-1,-1,-1,-1,-1,0
Unvalidated,2024010511971,2024,010511971,1,9,0,7,5,7,0,8,1,0,7,0,4,1,6,1,18,4,-1,-1,-1,-1,3,1,E01033583,0
Unvalidated,2024010511972,2024,010511972,1,9,0,3,4,8,0,2,0,0,0,0,4,1,1,1,23,5,-1,-1,-1,-1,3,1,E01000915,0
Unvalidated,2024010511972,2024,010511972,2,1,0,15,3,7,0,1,0,4,0,0,4,1,6,1,43,7,-1,-1,-1,-1,2,1,E01033488,0
Unvalidated,2024010511975,2024,010511975,1,4,0,13,5,1,0,8,0,0,0,0,0,1,6,1,40,7,-1,-1,-1,-1,10,1,E01031581,0
Unvalidated,2024010511975,2024,010511975,2,9,0,3,5,1,0,8,0,0,0,0,0,1,6,1,50,8,-1,-1,-1,-1,10,1,E01001101,0
Unvalidated,2024010511976,2024,010511976,1,9,0,5,0,3,0,0,0,0,0,0,1,1,1,2,60,9,-1,-1,-1,-1,-1,-1,-1,0
Unvalidated,2024010511976,2024,010511976,2,2,0,18,7,3,0,0,0,0,0,0,1,1,6,1,18,4,-1,-1,-1,-1,3,1,E01001930,0
Unvalidated,2024010511978,2024,010511978,1,9,0,18,1,5,0,0,0,0,0,0,1,1,2,1,44,7,-1,-1,-1,-1,7,1,E01003003,0
Unvalidated,2024010511978,2024,010511978,2,1,0,9,1,6,0,0,0,0,0,0,2,1,6,1,14,3,-1,-1,-1,-1,2,1,E01002872,0
Unvalidated,2024010511981,2024,010511981,1,9,0,9,7,5,0,5,0,0,0,0,1,1,6,2,69,10,-1,-1,-1,-1,7,1,E01033093,0
Unvalidated,2024010511981,2024,010511981,2,1,0,15,3,7,4,1,0,0,0,0,1,1,6,1,19,4,-1,-1,-1,-1,6,1,E01004497,0
Unvalidated,2024010511982,2024,010511982,1,9,0,18,3,7,0,1,0,0,0,0,4,1,6,2,76,11,-1,-1,-1,-1,7,3,E01027724,0
Unvalidated,2024010511983,2024,010511983,1,9,0,9,2,1,0,1,0,0,0,0,1,1,2,2,39,7,-1,-1,-1,-1,2,1,E01004434,0
Unvalidated,2024010511983,2024,010511983,2,1,0,18,1,5,4,1,0,0,0,0,1,1,6,1,40,7,-1,-1,-1,-1,2,1,E01004289,0
Unvalidated,2024010511985,2024,010511985,1,9,0,9,1,7,0,2,0,0,0,0,1,1,6,1,34,6,-1,-1,-1,-1,7,1,E01002228,0
Unvalidated,2024010511986,2024,010511986,1,5,0,18,6,2,0,1,0,0,0,0,1,1,6,1,40,7,-1,-1,-1,-1,2,1,E01000550,0
Unvalidated,2024010511986,2024,010511986,2,9,0,7,5,6,0,8,0,0,0,0,1,1,6,2,42,7,-1,-1,-1,-1,2,1,E01004719,0
Unvalidated,2024010511987,2024,010511987,1,90,0,18,1,5,0,1,0,0,0,0,2,1,1,1,43,7,-1,-1,-1,-1,8,2,E01026450,0
Unvalidated,2024010511987,2024,010511987,2,9,0,18,1,5,0,1,0,0,0,0,1,1,6,2,36,7,-1,-1,-1,-1,-1,-1,-1,0
Unvalidated,2024010511988,2024,010511988,1,9,0,4,7,3,0,0,0,4,0,0,1,1,6,1,37,7,-1,-1,-1,-1,7,1,E01021439,0
Unvalidated,2024010511988,2024,010511988,2,9,0,2,0,0,0,0,0,0,0,0,1,1,6,3,-1,-1,-1,-1,-1,-1,-1,-1,-1,0
Unvalidated,2024010511988,2024,010511988,3,19,0,2,0,0,0,0,0,0,0,0,1,1,6,3,-1,-1,-1,-1,-1,-1,-1,-1,-1,0
Unvalidated,2024010511990,2024,010511990,1,9,0,13,5,1,0,0,0,0,0,0,4,1,6,3,-1,-1,-1,-1,-1,-1,-1,-1,-1,0
Unvalidated,2024010511990,2024,010511990,2,11,0,9,1,7,0,0,0,0,0,0,1,1,1,1,44,7,-1,-1,-1,-1,4,1,E01003492,0
Unvalidated,2024010511990,2024,010511990,3,9,0,4,1,5,0,0,0,0,0,0,0,1,6,1,34,6,-1,-1,-1,-1,-1,-1,-1,0
Unvalidated,2024010511991,2024,010511991,1,9,0,7,8,2,0,8,5,7,3,1,1,1,6,1,36,7,-1,-1,-1,-1,3,1,E01003372,0
Unvalidated,2024010511998,2024,010511998,1,9,0,7,5,7,4,5,0,0,1,0,4,1,6,2,35,6,-1,-1,-1,-1,2,1,E01032722,0
Unvalidated,2024010511998,2024,010511998,2,1,0,18,1,5,4,1,0,0,0,0,1,1,6,1,32,6,-1,-1,-1,-1,1,1,E01003961,0
Unvalidated,2024010512001,2024,010512001,1,9,0,2,0,0,0,1,0,0,0,0,3,1,6,3,-1,-1,-1,-1,-1,-1,-1,-1,-1,0
Unvalidated,2024010512001,2024,010512001,2,21,0,18,5,1,0,1,0,0,0,0,3,1,1,1,41,7,-1,-1,-1,-1,2,1,E01000101,0
Unvalidated,2024010512001,2024,010512001,3,9,0,18,1,5,0,1,1,0,0,0,4,1,2,2,31,6,-1,-1,-1,-1,5,1,E01000251,0
Unvalidated,2024010512006,2024,010512006,1,9,9,99,9,9,99,9,9,99,9,99,9,9,6,3,-1,-1,-1,-1,-1,-1,-1,-1,-1,0
Unvalidated,2024010512007,2024,010512007,1,11,0,18,1,5,99,1,9,4,0,0,1,1,6,1,34,6,-1,-1,-1,-1,8,1,E01003710,0
Unvalidated,2024010512007,2024,010512007,2,9,0,2,0,0,9,8,0,4,0,0,4,1,6,3,-1,-1,-1,-1,-1,-1,-1,-1,-1,0
Unvalidated,2024010512008,2024,010512008,1,9,0,5,5,1,0,1,0,0,0,0,1,1,6,1,47,8,-1,-1,-1,-1,7,1,E01001405,0
Unvalidated,2024010512008,2024,010512008,2,1,0,5,7,3,0,2,0,0,0,0,3,1,6,1,41,7,-1,-1,-1,-1,4,1,E01001723,0
Unvalidated,2024010512009,2024,010512009,1,21,0,9,3,8,0,1,0,0,0,0,1,1,2,1,47,8,-1,-1,-1,-1,5,1,E01023327,0
Unvalidated,2024010512009,2024,010512009,2,1,0,18,1,5,0,1,5,0,0,0,1,1,6,2,28,6,-1,-1,-1,-1,8,3,E01027028,0
Unvalidated,2024010512011,2024,010512011,1,3,0,13,5,1,0,1,0,0,0,0,4,1,1,1,19,4,-1,-1,-1,-1,1,1,E01004244,0
Unvalidated,2024010512011,2024,010512011,2,9,0,18,5,1,0,1,0,0,0,0,3,1,6,1,25,5,-1,-1,-1,-1,9,1,E01023674,0
Unvalidated,2024010512014,2024,010512014,1,9,0,9,4,1,0,8,0,0,0,0,1,1,3,1,48,8,-1,-1,-1,-1,1,1,E01001813,0
Unvalidated,2024010512014,2024,010512014,2,1,0,18,1,5,0,1,0,0,0,0,1,1,6,1,29,6,-1,-1,-1,-1,4,1,E01004462,0
Unvalidated,2024010512015,2024,010512015,1,9,0,18,5,1,0,0,0,0,0,0,1,1,6,1,62,9,-1,-1,-1,-1,2,1,E01001820,0
Unvalidated,2024010512016,2024,010512016,1,9,0,4,7,3,0,1,0,0,0,0,4,1,1,1,44,7,-1,-1,-1,-1,-1,-1,-1,0
Unvalidated,2024010512016,2024,010512016,2,1,0,15,7,3,0,1,5,0,0,0,3,1,2,1,44,7,-1,-1,-1,-1,5,1,E01001720,0
Unvalidated,2024010512018,2024,010512018,1,1,0,18,1,5,4,2,2,0,0,0,1,1,2,2,56,9,-1,-1,-1,-1,9,1,E01001039,0
Unvalidated,2024010512019,2024,010512019,1,9,0,1,2,6,6,0,0,0,0,0,2,1,6,3,-1,-1,-1,-1,-1,-1,-1,-1,-1,0
Unvalidated,2024010512026,2024,010512026,1,9,0,3,5,1,0,1,0,0,0,0,2,1,6,1,38,7,-1,-1,-1,-1,-1,-1,-1,0
Unvalidated,2024010512026,2024,010512026,2,4,0,13,5,1,0,1,0,0,0,0,1,1,6,1,20,4,-1,-1,-1,-1,6,1,E01003033,0
Unvalidated,2024010512028,2024,010512028,1,9,0,9,3,1,5,5,0,0,0,0,2,1,6,1,50,8,-1,-1,-1,-1,10,1,E01000263,0
Unvalidated,2024010512028,2024,010512028,2,1,0,18,3,7,0,1,0,0,0,0,2,1,6,1,38,7,-1,-1,-1,-1,5,1,E01002118,0
Unvalidated,2024010512029,2024,010512029,1,9,0,5,3,7,0,0,0,0,1,0,1,1,6,3,-1,-1,-1,-1,-1,-1,-1,-1,-1,0
Unvalidated,2024010512029,2024,010512029,2,1,0,18,3,7,9,0,0,0,1,11,3,1,2,1,33,6,-1,-1,-1,-1,9,1,E01001584,0
Unvalidated,2024010512030,2024,010512030,1,9,0,9,3,1,0,5,0,0,0,0,1,1,6,1,54,8,-1,-1,-1,-1,7,1,E01001534,0
Unvalidated,2024010512030,2024,010512030,2,1,0,18,7,3,0,1,5,0,0,0,1,1,6,1,18,4,-1,-1,-1,-1,5,1,E01000243,0
Unvalidated,2024010512032,2024,010512032,1,9,0,5,0,3,0,1,0,0,0,0,3,1,6,2,55,8,-1,-1,-1,-1,4,1,E01002908,0
Unvalidated,2024010512032,2024,010512032,2,1,0,14,7,3,0,3,0,8,0,0,1,1,6,1,58,9,-1,-1,-1,-1,4,1,E01000580,0
Unvalidated,2024010512037,2024,010512037,1,9,0,1,6,2,0,0,0,0,0,0,4,1,6,1,69,10,-1,-1,-1,-1,5,1,E01002660,0
Unvalidated,2024010512037,2024,010512037,2,1,0,18,6,2,0,0,0,0,0,0,3,1,6,1,43,7,-1,-1,-1,-1,4,1,E01002621,0
Unvalidated,2024010512038,2024,010512038,1,9,0,9,1,7,0,6,0,0,0,0,1,1,6,1,35,6,-1,-1,-1,-1,10,1,E01016184,0
Unvalidated,2024010512038,2024,010512038,2,3,0,18,1,5,0,1,0,0,0,0,1,1,1,1,38,7,-1,-1,-1,-1,5,1,E01001914,0
Unvalidated,2024010512039,2024,010512039,1,9,0,5,7,3,0,8,0,0,0,0,1,1,6,1,43,7,-1,-1,-1,-1,4,1,E01003448,0
Unvalidated,2024010512039,2024,010512039,2,3,0,9,7,5,0,8,5,0,0,0,1,1,1,2,28,6,-1,-1,-1,-1,4,1,E01004612,0
Unvalidated,2024010512040,2024,010512040,1,3,0,18,3,7,0,2,0,0,0,0,1,1,6,1,39,7,-1,-1,-1,-1,3,1,E01002808,0
Unvalidated,2024010512040,2024,010512040,2,9,0,6,7,7,0,2,0,0,0,0,1,1,6,3,-1,-1,-1,-1,-1,-1,-1,-1,-1,0
Unvalidated,2024010512042,2024,010512042,1,9,0,9,5,3,5,8,0,0,0,0,4,1,6,3,-1,-1,-1,-1,-1,-1,-1,-1,-1,0
Unvalidated,2024010512042,2024,010512042,2,1,0,18,1,5,4,1,0,0,0,0,1,1,2,1,45,7,-1,-1,-1,-1,-1,-1,-1,0
Unvalidated,2024010512043,2024,010512043,1,9,0,18,5,1,0,5,0,10,0,0,1,1,6,1,50,8,-1,-1,-1,-1,2,1,E01000064,0
Unvalidated,2024010512044,2024,010512044,1,9,0,18,2,6,0,1,0,0,0,0,2,1,6,2,49,8,-1,-1,-1,-1,4,1,E01001459,0
Unvalidated,2024010512044,2024,010512044,2,9,0,18,2,6,0,1,0,0,0,0,1,1,6,3,-1,-1,-1,-1,-1,-1,-1,-1,-1,0
Unvalidated,2024010512045,2024,010512045,1,9,0,3,2,6,0,1,0,0,0,0,4,1,6,2,63,9,-1,-1,-1,-1,2,1,E01003323,0
Unvalidated,2024010512045,2024,010512045,2,1,0,5,2,6,0,1,0,0,0,0,3,1,1,1,33,6,-1,-1,-1,-1,2,1,E01001760,0
Unvalidated,2024010512046,2024,010512046,1,9,0,7,1,4,0,2,0,0,0,0,0,1,6,1,59,9,-1,-1,-1,-1,3,1,E01003263,0
Unvalidated,2024010512046,2024,010512046,2,1,0,12,1,5,0,1,0,0,0,0,0,1,1,2,29,6,-1,-1,-1,-1,3,1,E01003328,0
Unvalidated,2024010512047,2024,010512047,1,1,0,15,5,1,0,4,0,0,0,0,1,1,6,1,57,9,-1,-1,-1,-1,6,1,E01004173,0
Unvalidated,2024010512049,2024,010512049,1,9,0,18,3,7,0,6,0,0,0,0,0,1,6,1,75,10,-1,-1,-1,-1,9,1,E01002239,0
Unvalidated,2024010512051,2024,010512051,1,3,0,18,5,1,0,1,0,0,0,0,3,1,1,1,25,5,-1,-1,-1,-1,2,1,E01004271,0
Unvalidated,2024010512051,2024,010512051,2,19,0,5,5,1,0,2,0,0,0,0,1,2,6,1,35,6,-1,-1,-1,-1,4,1,E01021822,0
Unvalidated,2024010512052,2024,010512052,1,9,0,18,3,7,0,0,0,4,7,0,1,1,6,2,31,6,-1,-1,-1,-1,9,1,E01000455,0
Unvalidated,2024010512052,2024,010512052,2,9,0,2,0,0,9,0,0,0,0,0,1,1,6,3,-1,-1,-1,-1,-1,-1,-1,-1,-1,0
Unvalidated,2024010512054,2024,010512054,1,9,0,18,3,7,0,8,1,0,0,0,2,1,6,1,61,9,-1,-1,-1,-1,4,1,E01002759,0
Unvalidated,2024010512054,2024,010512054,2,9,0,18,3,7,0,8,0,0,0,0,1,1,6,1,21,5,-1,-1,-1,-1,4,1,E01003541,0
Unvalidated,2024010512054,2024,010512054,3,98,1,18,3,7,0,8,0,0,0,0,1,1,6,3,-1,-1,-1,-1,-1,-1,-1,-1,-1,0
Unvalidated,2024010512057,2024,010512057,1,4,0,7,4,5,0,3,0,0,0,0,2,1,2,1,38,7,-1,-1,-1,-1,8,1,E01030698,0
Unvalidated,2024010512057,2024,010512057,2,19,0,6,7,7,0,3,0,0,0,0,1,1,2,1,24,5,-1,-1,-1,-1,5,1,E01030725,0
Unvalidated,2024010512057,2024,010512057,3,9,5,18,5,1,0,3,0,0,0,0,0,1,6,1,35,6,-1,-1,-1,-1,6,1,E01003888,0
Unvalidated,2024010512060,2024,010512060,1,9,0,3,3,7,0,5,0,0,0,0,1,1,6,1,57,9,-1,-1,-1,-1,4,1,E01004345,0
Unvalidated,2024010512060,2024,010512060,2,9,0,1,3,7,0,5,0,0,0,0,2,1,6,1,57,9,-1,-1,-1,-1,3,1,E01001466,0
Unvalidated,2024010512061,2024,010512061,1,9,0,9,7,5,0,8,0,0,0,0,1,1,6,3,-1,-1,-1,-1,-1,-1,-1,-1,-1,0
Unvalidated,2024010512061,2024,010512061,2,1,0,18,5,1,0,1,2,0,7,11,1,1,6,1,45,7,-1,-1,-1,-1,3,1,E01004039,0
Unvalidated,2024010512062,2024,010512062,1,9,0,18,7,3,0,0,0,0,0,0,1,1,1,1,52,8,-1,-1,-1,-1,4,1,E01004401,0
Unvalidated,2024010512062,2024,010512062,2,5,0,18,3,7,0,0,0,0,0,0,1,1,6,1,28,6,-1,-1,-1,-1,-1,-1,-1,0
Unvalidated,2024010512063,2024,010512063,1,9,0,18,3,7,0,1,0,0,0,0,1,1,6,1,63,9,-1,-1,-1,-1,3,1,E01000099,0
Unvalidated,2024010512063,2024,010512063,2,9,0,18,7,3,0,1,0,0,0,0,1,1,1,1,58,9,-1,-1,-1,-1,5,1,E01000070,0
Unvalidated,2024010512064,2024,010512064,1,9,0,9,1,6,0,0,0,0,0,0,4,1,6,2,47,8,-1,-1,-1,-1,4,1,E01003389,0
Unvalidated,2024010512064,2024,010512064,2,1,0,18,6,2,0,0,0,0,0,0,1,1,6,1,34,6,-1,-1,-1,-1,5,1,E01004482,0
Unvalidated,2024010512066,2024,010512066,1,9,0,4,7,3,0,1,0,0,0,0,1,1,2,1,50,8,-1,-1,-1,-1,8,1,E01004069,0
Unvalidated,2024010512066,2024,010512066,2,1,0,18,5,1,0,1,0,0,0,0,4,1,2,1,16,4,-1,-1,-1,-1,2,1,E01003984,0
Unvalidated,2024010512068,2024,010512068,1,9,0,18,8,4,0,8,1,10,1,11,4,1,2,1,65,9,-1,-1,-1,-1,9,1,E01002509,0
Unvalidated,2024010512068,2024,010512068,2,9,0,8,2,4,0,1,0,0,0,0,1,1,2,1,39,7,-1,-1,-1,-1,-1,-1,-1,0
Unvalidated,2024010512069,2024,010512069,1,9,0,18,1,5,0,1,0,0,0,0,1,1,1,1,30,6,-1,-1,-1,-1,4,1,E01021266,0
Unvalidated,2024010512069,2024,010512069,2,9,0,18,3,7,0,1,0,0,0,0,4,1,6,1,57,9,-1,-1,-1,-1,7,1,E01002009,0
Unvalidated,2024010512073,2024,010512073,1,5,0,18,7,3,0,3,5,0,0,0,3,1,1,1,37,7,-1,-1,-1,-1,-1,-1,-1,0
Unvalidated,2024010512073,2024,010512073,2,19,0,18,7,3,0,3,0,0,0,0,4,1,1,1,25,5,-1,-1,-1,-1,-1,-1,-1,0
Unvalidated,2024010512073,2024,010512073,3,9,0,18,7,3,0,3,0,0,0,0,3,1,6,2,37,7,-1,-1,-1,-1,-1,-1,-1,0
Unvalidated,2024010512076,2024,010512076,1,9,0,5,4,8,0,2,0,0,1,0,4,1,6,2,32,6,-1,-1,-1,-1,8,1,E01000246,0
Unvalidated,2024010512077,2024,010512077,1,1,9,18,3,7,0,1,9,0,0,0,1,1,6,1,-1,-1,-1,-1,-1,-1,-1,-1,-1,0
Unvalidated,2024010512078,2024,010512078,1,9,0,3,5,1,0,1,0,0,0,0,1,1,6,1,31,6,-1,-1,-1,-1,4,1,E01033727,0
Unvalidated,2024010512078,2024,010512078,2,9,0,9,1,7,0,4,1,4,0,0,1,1,2,1,26,6,-1,-1,-1,-1,-1,-1,-1,0
Unvalidated,2024010512078,2024,010512078,3,9,0,18,2,6,0,1,0,4,0,0,1,1,6,2,28,6,-1,-1,-1,-1,5,1,E01003284,0
Unvalidated,2024010512083,2024,010512083,1,9,0,5,3,7,0,0,0,10,0,0,1,1,6,2,87,11,-1,-1,-1,-1,10,1,E01002460,0
Unvalidated,2024010512084,2024,010512084,1,3,0,18,8,4,0,1,0,0,0,0,2,1,6,1,39,7,-1,-1,-1,-1,4,1,E01002101,0
Unvalidated,2024010512084,2024,010512084,2,11,0,18,7,3,0,6,0,0,0,0,1,1,1,1,54,8,-1,-1,-1,-1,3,1,E01032584,0
Unvalidated,2024010512084,2024,010512084,3,9,0,18,8,4,0,1,0,0,0,0,0,1,6,1,47,8,-1,-1,-1,-1,3,1,E01001831,0
Unvalidated,2024010512086,2024,010512086,1,9,0,7,1,3,0,5,0,0,0,0,4,1,6,1,33,6,-1,-1,-1,-1,1,1,E01004675,0
Unvalidated,2024010512086,2024,010512086,2,1,0,15,1,5,0,1,1,0,0,0,1,1,1,1,17,4,-1,-1,-1,-1,2,1,E01000143,0
Unvalidated,2024010512087,2024,010512087,1,9,0,5,5,1,0,4,0,0,0,0,1,1,4,2,33,6,-1,-1,-1,-1,3,1,E01002445,0
Unvalidated,2024010512092,2024,010512092,1,9,0,18,1,5,0,2,0,0,0,0,1,1,6,1,46,8,-1,-1,-1,-1,6,1,E01002218,0
Unvalidated,2024010512094,2024,010512094,1,9,0,1,5,1,0,0,0,0,0,0,2,1,6,3,-1,-1,-1,-1,-1,-1,-1,-1,-1,0
Unvalidated,2024010512096,2024,010512096,1,9,0,5,7,3,0,0,0,0,0,0,1,1,6,1,27,6,-1,-1,-1,-1,6,1,E01003646,0
Unvalidated,2024010512096,2024,010512096,2,1,0,5,7,3,0,0,0,10,0,0,2,1,6,1,52,8,-1,-1,-1,-1,3,1,E01004212,0
Unvalidated,2024010512097,2024,010512097,1,9,0,18,7,3,9,3,0,0,0,0,1,1,6,1,82,11,-1,-1,-1,-1,-1,-1,-1,0
Unvalidated,2024010512097,2024,010512097,2,9,0,18,7,3,9,3,0,0,0,0,2,1,6,1,53,8,-1,-1,-1,-1,-1,-1,-1,0
Unvalidated,2024010512098,2024,010512098,1,1,0,18,7,3,0,8,0,0,0,0,1,1,6,3,24,5,-1,-1,-1,-1,-1,-1,-1,0
Unvalidated,2024010512101,2024,010512101,1,9,0,6,1,1,0,6,0,0,0,0,3,1,6,1,40,7,-1,-1,-1,-1,6,1,E01001619,0
Unvalidated,2024010512101,2024,010512101,2,90,0,18,5,1,0,1,5,0,0,0,3,1,6,1,35,6,-1,-1,-1,-1,4,1,E01001618,1
Unvalidated,2024010512102,2024,010512102,1,8,0,1,2,6,0,0,0,4,0,0,2,1,1,1,70,10,-1,-1,-1,-1,1,1,E01004205,0
Unvalidated,2024010512102,2024,010512102,2,1,0,1,6,2,0,0,0,4,0,0,2,1,1,1,27,6,-1,-1,-1,-1,3,1,E01000336,0
Unvalidated,2024010512103,2024,010512103,1,9,0,18,3,7,0,3,0,0,0,0,2,1,6,1,50,8,-1,-1,-1,-1,4,1,E01002018,0
Unvalidated,2024010512103,2024,010512103,2,9,0,18,3,7,0,3,0,0,0,0,1,1,6,1,-1,-1,-1,-1,-1,-1,2,1,E01001824,0
Unvalidated,2024010512104,2024,010512104,1,9,9,7,5,7,99,5,9,0,7,0,1,9,6,3,-1,-1,-1,-1,-1,-1,-1,-1,-1,0
Unvalidated,2024010512104,2024,010512104,2,90,0,18,5,1,9,1,0,0,0,0,3,1,6,1,15,3,-1,-1,-1,-1,6,1,E01003000,1
Unvalidated,2024010512105,2024,010512105,1,9,0,9,3,8,0,7,0,0,0,0,1,1,6,1,20,4,-1,-1,-1,-1,2,1,E01003523,0
Unvalidated,2024010512105,2024,010512105,2,4,0,18,7,3,0,1,0,0,0,0,1,1,6,1,22,5,-1,-1,-1,-1,3,1,E01021291,0
Unvalidated,2024010512106,2024,010512106,1,9,0,18,2,6,0,1,0,11,0,0,1,1,6,1,33,6,-1,-1,-1,-1,7,1,E01004500,0
Unvalidated,2024010512106,2024,010512106,2,1,0,18,4,8,0,1,0,0,0,0,1,1,6,1,10,2,-1,-1,-1,-1,6,1,E01001070,0
Unvalidated,2024010512107,2024,010512107,1,9,0,4,5,1,0,1,0,0,0,0,3,1,2,2,64,9,-1,-1,-1,-1,3,1,E01000635,0
Unvalidated,2024010512107,2024,010512107,2,90,0,18,5,1,0,1,5,0,0,0,1,1,6,1,13,3,-1,-1,-1,-1,5,1,E01001265,1
Unvalidated,2024010512109,2024,010512109,1,9,0,4,5,1,0,1,0,0,0,0,0,1,2,2,49,8,-1,-1,-1,-1,2,1,E01004253,0
Unvalidated,2024010512109,2024,010512109,2,5,0,18,5,1,0,1,0,0,0,0,1,1,6,1,33,6,-1,-1,-1,-1,5,1,E01000071,0
Unvalidated,2024010512110,2024,010512110,1,1,0,18,4,8,0,0,0,0,0,0,0,1,6,1,44,7,-1,-1,-1,-1,7,1,E01003407,0
Unvalidated,2024010512111,2024,010512111,1,9,0,17,5,1,0,1,2,4,0,0,4,1,6,1,22,5,-1,-1,-1,-1,2,1,E01002811,0
Unvalidated,2024010512111,2024,010512111,2,9,0,2,0,0,0,2,0,0,0,0,4,1,6,3,-1,-1,-1,-1,-1,-1,-1,-1,-1,0
Unvalidated,2024010512111,2024,010512111,3,9,0,2,0,0,0,2,0,0,0,0,4,1,6,3,-1,-1,-1,-1,-1,-1,-1,-1,-1,0
Unvalidated,2024010512111,2024,010512111,4,9,0,2,0,0,0,2,0,0,0,0,2,1,6,3,-1,-1,-1,-1,-1,-1,-1,-1,-1,0
Unvalidated,2024010512113,2024,010512113,1,9,0,18,7,3,0,2,0,0,0,0,1,1,6,1,58,9,-1,-1,-1,-1,-1,-1,-1,0
Unvalidated,2024010512113,2024,010512113,2,9,0,3,3,7,0,1,0,0,0,0,0,1,1,1,55,8,-1,-1,-1,-1,-1,-1,-1,0
Unvalidated,2024010512113,2024,010512113,3,1,0,14,5,1,0,1,0,0,0,0,4,1,6,1,12,3,-1,-1,-1,-1,3,1,E01004037,0
Unvalidated,2024010512116,2024,010512116,1,9,0,4,5,1,0,0,0,0,0,0,4,1,6,1,37,7,-1,-1,-1,-1,4,1,E01004221,0
Unvalidated,2024010512116,2024,010512116,2,1,0,14,5,1,0,0,5,8,0,0,1,1,6,2,76,11,-1,-1,-1,-1,9,1,E01004276,0
Unvalidated,2024010512117,2024,010512117,1,9,0,4,1,5,0,1,0,11,0,0,1,1,1,1,44,7,-1,-1,-1,-1,-1,-1,-1,0
Unvalidated,2024010512118,2024,010512118,1,2,0,18,7,3,0,0,0,0,0,0,1,1,6,1,21,5,-1,-1,-1,-1,6,1,E01001159,0