status,collision_index,collision_year,collision_reference,vehicle_reference,vehicle_type,towing_and_articulation,vehicle_manoeuvre,vehicle_direction_from,vehicle_direction_to,vehicle_location_restricted_lane,junction_location,skidding_and_overturning,hit_object_in_carriageway,vehicle_leaving_carriageway,hit_object_off_carriageway,first_point_of_impact,vehicle_left_hand_drive,journey_purpose_of_driver,sex_of_driver,age_of_driver,age_band_of_driver,engine_capacity_cc,propulsion_code,age_of_vehicle,generic_make_model,driver_imd_decile,driver_home_area_type,lsoa_of_driver,escooter_flag
Unvalidated,2024010512118,2024,010512118,2,9,0,7,7,2,0,0,0,0,0,0,1,1,6,1,19,4,-1,-1,-1,-1,4,1,E01024591,0
Unvalidated,2024010512129,2024,010512129,1,9,0,18,7,3,0,0,0,0,0,0,1,1,6,1,69,10,-1,-1,-1,-1,7,1,E01003407,0
Unvalidated,2024010512130,2024,010512130,1,9,0,4,3,7,0,1,0,0,0,0,1,1,6,2,38,7,-1,-1,-1,-1,3,1,E01023866,0
Unvalidated,2024010512130,2024,010512130,2,9,0,4,3,7,0,1,0,0,0,0,2,1,6,2,49,8,-1,-1,-1,-1,-1,-1,-1,0
Unvalidated,2024010512130,2024,010512130,3,9,0,4,3,7,0,1,0,0,0,0,2,1,1,1,36,7,-1,-1,-1,-1,1,1,E01015932,0
Unvalidated,2024010512132,2024,010512132,1,9,0,6,5,5,0,0,0,10,0,0,1,1,6,1,-1,-1,-1,-1,-1,-1,-1,-1,-1,0
Unvalidated,2024010512135,2024,010512135,1,9,0,18,6,2,0,1,5,10,1,10,1,1,6,1,35,6,-1,-1,-1,-1,-1,-1,-1,0
Unvalidated,2024010512135,2024,010512135,2,9,0,2,0,0,0,1,0,0,0,0,2,1,6,3,-1,-1,-1,-1,-1,-1,-1,-1,-1,0
Unvalidated,2024010512136,2024,010512136,1,9,0,18,3,7,0,8,0,0,1,0,1,1,6,3,-1,-1,-1,-1,-1,-1,-1,-1,-1,0
Unvalidated,2024010512136,2024,010512136,2,1,0,9,7,6,0,8,0,0,0,0,1,1,6,1,30,6,-1,-1,-1,-1,3,1,E01003532,0
Unvalidated,2024010512138,2024,010512138,1,9,0,18,2,6,0,2,0,0,0,0,1,1,6,1,31,6,-1,-1,-1,-1,5,1,E01030747,0
Unvalidated,2024010512140,2024,010512140,1,9,0,18,5,1,0,0,0,0,0,0,1,1,2,1,28,6,-1,-1,-1,-1,3,1,E01001762,0
Unvalidated,2024010512140,2024,010512140,2,9,0,1,5,1,0,0,0,0,0,0,4,1,6,2,57,9,-1,-1,-1,-1,2,1,E01004239,0
Unvalidated,2024010512141,2024,010512141,1,9,0,18,8,4,0,1,1,7,1,11,1,1,6,2,23,5,-1,-1,-1,-1,2,1,E01004233,0
Unvalidated,2024010512142,2024,010512142,1,9,0,18,7,3,0,0,5,12,1,2,1,1,6,2,21,5,-1,-1,-1,-1,2,1,E01024646,0
Unvalidated,2024010512144,2024,010512144,1,3,0,14,1,5,0,9,0,99,0,0,2,1,6,3,-1,-1,-1,-1,-1,-1,-1,-1,-1,0
Unvalidated,2024010512145,2024,010512145,1,9,0,18,1,5,0,1,1,0,0,0,1,1,1,1,25,5,-1,-1,-1,-1,4,1,E01000113,0
Unvalidated,2024010512145,2024,010512145,2,9,0,7,3,5,0,6,1,0,0,0,3,1,1,2,37,7,-1,-1,-1,-1,2,1,E01000018,0
Unvalidated,2024010512145,2024,010512145,3,9,0,2,0,0,9,1,0,0,0,0,3,1,6,3,-1,-1,-1,-1,-1,-1,-1,-1,-1,0
Unvalidated,2024010512148,2024,010512148,1,5,0,14,7,3,0,1,0,0,0,0,3,1,2,1,30,6,-1,-1,-1,-1,7,1,E01016170,0
Unvalidated,2024010512148,2024,010512148,2,9,0,9,7,4,0,1,0,0,0,0,1,1,6,3,26,6,-1,-1,-1,-1,5,1,E01003161,0
Unvalidated,2024010512149,2024,010512149,1,9,0,18,3,7,9,1,0,10,6,4,1,1,6,1,41,7,-1,-1,-1,-1,5,1,E01001866,0
Unvalidated,2024010512150,2024,010512150,1,9,0,9,8,5,0,0,0,0,0,0,1,1,6,1,40,7,-1,-1,-1,-1,1,1,E01003516,0
Unvalidated,2024010512151,2024,010512151,1,9,0,9,7,5,0,6,0,0,0,0,1,1,6,2,18,4,-1,-1,-1,-1,8,1,E01000393,0
Unvalidated,2024010512151,2024,010512151,2,2,0,18,5,1,0,8,2,0,0,0,1,1,2,2,41,7,-1,-1,-1,-1,3,1,E01001578,0
Unvalidated,2024010512153,2024,010512153,1,11,0,5,3,7,2,1,0,0,0,0,0,1,6,1,54,8,-1,-1,-1,-1,3,1,E01002756,0
Unvalidated,2024010512154,2024,010512154,1,9,0,18,1,5,0,6,0,0,0,0,1,1,2,1,57,9,-1,-1,-1,-1,1,1,E01003087,0
Unvalidated,2024010512154,2024,010512154,2,3,0,5,7,3,9,1,0,0,0,0,1,1,2,1,25,5,-1,-1,-1,-1,2,1,E01003324,0
Unvalidated,2024010512159,2024,010512159,1,9,0,18,1,5,0,1,0,0,0,0,1,1,6,3,-1,-1,-1,-1,-1,-1,-1,-1,-1,0
Unvalidated,2024010512160,2024,010512160,1,9,0,9,3,2,0,6,0,0,0,0,1,1,6,1,31,6,-1,-1,-1,-1,2,1,E01000184,0
Unvalidated,2024010512160,2024,010512160,2,1,0,18,2,6,0,8,5,0,0,0,3,1,6,1,42,7,-1,-1,-1,-1,6,1,E01000196,0
Unvalidated,2024010512163,2024,010512163,1,9,0,9,1,7,0,6,1,0,0,0,1,1,6,1,47,8,-1,-1,-1,-1,1,1,E01002588,0
Unvalidated,2024010512163,2024,010512163,2,19,0,18,5,1,0,8,0,0,0,0,3,1,1,1,54,8,-1,-1,-1,-1,5,1,E01016404,0
Unvalidated,2024010512164,2024,010512164,1,9,0,18,1,5,0,0,0,0,0,0,1,1,6,2,38,7,-1,-1,-1,-1,4,1,E01003133,0
Unvalidated,2024010512164,2024,010512164,2,1,0,17,3,7,9,0,1,0,0,0,4,1,6,2,54,8,-1,-1,-1,-1,2,1,E01003132,0
Unvalidated,2024010512167,2024,010512167,1,9,0,3,5,1,0,1,0,0,0,0,1,1,6,1,38,7,-1,-1,-1,-1,5,1,E01004519,0
Unvalidated,2024010512167,2024,010512167,2,90,0,9,6,4,0,5,5,4,0,0,1,1,6,1,28,6,-1,-1,-1,-1,5,1,E01004520,1
Unvalidated,2024010512170,2024,010512170,1,9,0,17,3,7,0,1,0,0,0,0,1,1,6,1,83,11,-1,-1,-1,-1,8,1,E01002210,0
Unvalidated,2024010512170,2024,010512170,2,3,0,9,7,4,0,1,0,0,0,0,1,1,6,1,21,5,-1,-1,-1,-1,3,1,E01000635,0
Unvalidated,2024010512171,2024,010512171,1,9,0,18,5,1,0,8,0,0,0,0,1,1,6,1,25,5,-1,-1,-1,-1,5,1,E01003547,0
Unvalidated,2024010512171,2024,010512171,2,3,0,9,7,5,0,8,0,0,0,0,1,1,1,1,23,5,-1,-1,-1,-1,2,1,E01033578,0
Unvalidated,2024010512174,2024,010512174,1,9,0,18,6,2,0,3,0,0,2,11,2,1,6,2,20,4,-1,-1,-1,-1,-1,-1,-1,0
Unvalidated,2024010512174,2024,010512174,2,9,0,18,6,2,0,4,0,0,0,0,1,1,6,3,-1,-1,-1,-1,-1,-1,-1,-1,-1,0
Unvalidated,2024010512175,2024,010512175,1,9,0,18,7,3,0,2,5,11,0,0,3,1,6,1,26,6,-1,-1,-1,-1,2,1,E01002797,0
Unvalidated,2024010512177,2024,010512177,1,11,0,18,3,7,0,1,0,0,0,0,4,1,6,1,68,10,-1,-1,-1,-1,5,1,E01001498,0
Unvalidated,2024010512178,2024,010512178,1,8,0,18,1,5,0,1,0,0,0,0,1,1,1,1,43,7,-1,-1,-1,-1,9,1,E01003158,0
Unvalidated,2024010512179,2024,010512179,1,5,0,3,3,7,0,8,0,0,0,0,2,1,6,1,25,5,-1,-1,-1,-1,4,1,E01003527,0
Unvalidated,2024010512179,2024,010512179,2,9,0,18,3,7,0,8,0,0,0,0,1,1,6,1,32,6,-1,-1,-1,-1,2,1,E01003576,0
Unvalidated,2024010512180,2024,010512180,1,11,0,7,1,3,0,2,0,0,0,0,0,1,1,1,67,10,-1,-1,-1,-1,7,1,E01000296,0
Unvalidated,2024010512184,2024,010512184,1,9,0,18,1,5,0,0,5,4,0,0,1,1,6,2,39,7,-1,-1,-1,-1,3,1,E01000167,0
Unvalidated,2024010512184,2024,010512184,2,9,0,2,0,0,0,0,0,0,0,0,3,1,6,3,-1,-1,-1,-1,-1,-1,-1,-1,-1,0
Unvalidated,2024010512186,2024,010512186,1,9,0,18,5,1,0,4,5,7,6,6,1,1,6,1,26,6,-1,-1,-1,-1,5,1,E01000337,0
Unvalidated,2024010512187,2024,010512187,1,9,0,11,1,5,0,2,0,0,0,0,4,1,1,1,59,9,-1,-1,-1,-1,2,1,E01003983,0
Unvalidated,2024010512187,2024,010512187,2,3,0,18,1,5,0,1,0,0,0,0,3,1,2,2,59,9,-1,-1,-1,-1,1,1,E01002069,0
Unvalidated,2024010512188,2024,010512188,1,9,0,2,0,0,0,1,0,0,0,0,1,1,6,3,-1,-1,-1,-1,-1,-1,-1,-1,-1,0
Unvalidated,2024010512188,2024,010512188,2,9,0,17,1,5,0,1,0,0,0,0,1,1,6,3,-1,-1,-1,-1,-1,-1,-1,-1,-1,0
Unvalidated,2024010512188,2024,010512188,3,9,0,17,5,1,0,1,0,0,0,0,1,1,6,1,73,10,-1,-1,-1,-1,5,1,E01002629,0
Unvalidated,2024010512188,2024,010512188,4,9,0,2,0,0,0,1,0,4,0,0,3,1,6,3,-1,-1,-1,-1,-1,-1,-1,-1,-1,0
Unvalidated,2024010512191,2024,010512191,1,11,0,18,4,8,0,1,0,0,0,0,0,1,1,1,28,6,-1,-1,-1,-1,9,1,E01001039,0
Unvalidated,2024010512193,2024,010512193,1,9,0,18,5,1,0,4,5,9,0,0,1,1,2,1,55,8,-1,-1,-1,-1,4,1,E01002309,0
Unvalidated,2024010512195,2024,010512195,1,9,0,3,1,5,0,4,0,0,0,0,2,1,6,1,39,7,-1,-1,-1,-1,6,2,E01015620,0
Unvalidated,2024010512195,2024,010512195,2,9,0,5,1,5,0,4,0,0,0,0,1,1,6,1,59,9,-1,-1,-1,-1,2,1,E01033587,0
Unvalidated,2024010512197,2024,010512197,1,9,0,4,5,1,0,0,0,0,0,0,1,1,6,2,55,8,-1,-1,-1,-1,3,1,E01001076,0
Unvalidated,2024010512197,2024,010512197,2,1,0,3,1,5,9,0,0,0,0,0,4,1,6,1,32,6,-1,-1,-1,-1,3,1,E01001076,0
Unvalidated,2024010512199,2024,010512199,1,9,0,18,3,7,0,8,0,0,0,0,1,1,6,2,78,11,-1,-1,-1,-1,3,1,E01001841,0
Unvalidated,2024010512199,2024,010512199,2,9,0,18,1,5,0,6,0,0,0,0,4,1,6,3,-1,-1,-1,-1,-1,-1,-1,-1,-1,0
Unvalidated,2024010512201,2024,010512201,1,11,0,18,5,1,0,1,0,0,7,0,1,1,1,1,43,7,-1,-1,-1,-1,3,1,E01001981,0
Unvalidated,2024010512201,2024,010512201,2,1,0,18,3,7,0,1,0,0,0,0,1,1,6,1,24,5,-1,-1,-1,-1,3,1,E01002711,0
Unvalidated,2024010512202,2024,010512202,1,9,0,16,7,3,0,8,1,10,1,2,3,1,6,1,23,5,-1,-1,-1,-1,3,1,E01000499,0
Unvalidated,2024010512202,2024,010512202,2,9,0,2,0,0,0,2,0,0,0,0,2,1,6,3,-1,-1,-1,-1,-1,-1,-1,-1,-1,0
Unvalidated,2024010512202,2024,010512202,3,9,0,2,0,0,0,2,0,0,0,0,2,1,6,3,-1,-1,-1,-1,-1,-1,-1,-1,-1,0
Unvalidated,2024010512203,2024,010512203,1,11,0,5,1,5,2,0,0,0,0,0,0,1,1,1,51,8,-1,-1,-1,-1,3,1,E01003154,0
Unvalidated,2024010512203,2024,010512203,2,9,0,18,1,5,0,0,0,0,0,0,0,1,6,3,-1,-1,-1,-1,-1,-1,-1,-1,-1,0
Unvalidated,2024010512205,2024,010512205,1,3,0,18,7,3,2,8,0,0,0,0,3,1,6,1,71,10,-1,-1,-1,-1,5,1,E01002740,0
Unvalidated,2024010512205,2024,010512205,2,5,0,18,7,3,2,8,0,0,0,0,3,1,6,1,26,6,-1,-1,-1,-1,7,1,E01000117,0
Unvalidated,2024010512206,2024,010512206,1,1,0,18,5,1,0,1,0,0,0,0,1,1,2,1,22,5,-1,-1,-1,-1,4,1,E01003326,0
Unvalidated,2024010512206,2024,010512206,2,9,0,3,5,1,0,1,0,0,0,0,4,1,6,2,57,9,-1,-1,-1,-1,2,1,E01003256,0
Unvalidated,2024010512207,2024,010512207,1,9,0,4,7,3,0,0,0,0,0,0,2,2,6,1,27,6,-1,-1,-1,-1,-1,-1,-1,0
Unvalidated,2024010512207,2024,010512207,2,5,0,18,7,3,0,0,0,0,0,0,1,1,6,1,60,9,-1,-1,-1,-1,-1,-1,-1,0
Unvalidated,2024010512208,2024,010512208,1,3,0,18,1,5,0,0,0,0,0,0,1,1,6,1,27,6,-1,-1,-1,-1,5,1,E01001157,0
Unvalidated,2024010512208,2024,010512208,2,1,0,18,1,5,0,0,0,0,0,0,2,1,6,1,72,10,-1,-1,-1,-1,5,1,E01001088,0
Unvalidated,2024010512210,2024,010512210,1,1,0,16,3,7,4,1,0,10,0,0,4,1,2,1,46,8,-1,-1,-1,-1,9,3,E01022069,0
Unvalidated,2024010512211,2024,010512211,1,9,0,9,5,2,0,1,0,0,0,0,3,1,1,1,52,8,-1,-1,-1,-1,2,1,E01000796,0
Unvalidated,2024010512211,2024,010512211,2,1,0,5,5,1,0,1,0,0,0,0,1,1,6,1,62,9,-1,-1,-1,-1,3,1,E01000742,0
Unvalidated,2024010512213,2024,010512213,1,11,0,18,1,5,0,1,0,0,0,0,1,1,1,1,58,9,-1,-1,-1,-1,1,1,E01002732,0
Unvalidated,2024010512214,2024,010512214,1,9,0,10,3,8,0,1,0,0,0,0,3,1,6,1,77,11,-1,-1,-1,-1,-1,-1,-1,0
Unvalidated,2024010512214,2024,010512214,2,1,0,18,3,7,0,1,0,0,0,0,1,1,2,1,29,6,-1,-1,-1,-1,2,1,E01002832,0
Unvalidated,2024010512215,2024,010512215,1,11,0,18,5,1,2,1,0,0,0,0,1,1,6,1,50,8,-1,-1,-1,-1,4,1,E01001704,0
Unvalidated,2024010512215,2024,010512215,2,3,0,18,5,1,0,2,0,0,0,0,2,1,6,1,26,6,-1,-1,-1,-1,-1,-1,-1,0
Unvalidated,2024010512218,2024,010512218,1,9,0,18,7,3,0,2,0,0,0,0,1,1,6,1,66,10,-1,-1,-1,-1,2,1,E01003299,0
Unvalidated,2024010512219,2024,010512219,1,9,0,5,8,4,0,2,0,0,0,0,4,1,6,1,23,5,-1,-1,-1,-1,1,1,E01002039,0
Unvalidated,2024010512219,2024,010512219,2,3,0,18,3,7,0,2,0,0,0,0,1,1,6,1,33,6,-1,-1,-1,-1,7,1,E01000309,0
Unvalidated,2024010512220,2024,010512220,1,3,0,18,1,5,0,0,0,0,0,0,1,1,6,1,34,6,-1,-1,-1,-1,2,1,E01001710,0
Unvalidated,2024010512220,2024,010512220,2,90,0,18,1,5,0,0,0,0,0,0,2,1,6,1,49,8,-1,-1,-1,-1,7,1,E01000457,0
Unvalidated,2024010512221,2024,010512221,1,2,0,18,7,3,0,8,0,0,0,0,1,1,6,1,51,8,-1,-1,-1,-1,1,1,E01004722,0
Unvalidated,2024010512221,2024,010512221,2,2,0,18,3,7,0,8,0,0,0,0,1,1,6,1,38,7,-1,-1,-1,-1,1,1,E01004710,0
Unvalidated,2024010512222,2024,010512222,1,9,0,18,1,5,0,2,1,0,0,0,1,1,6,1,21,5,-1,-1,-1,-1,4,1,E01000976,0
Unvalidated,2024010512222,2024,010512222,2,9,0,18,1,5,0,2,0,0,0,0,0,1,6,1,27,6,-1,-1,-1,-1,2,1,E01004008,0
Unvalidated,2024010512222,2024,010512222,3,11,0,9,1,7,0,2,0,0,0,0,0,1,1,1,32,6,-1,-1,-1,-1,5,1,E01003638,0
Unvalidated,2024010512225,2024,010512225,1,9,0,18,3,7,0,0,1,4,2,11,1,1,6,3,-1,-1,-1,-1,-1,-1,-1,-1,-1,0
Unvalidated,2024010512225,2024,010512225,2,10,0,2,0,0,6,0,0,0,0,0,0,1,6,3,-1,-1,-1,-1,-1,-1,-1,-1,-1,0
Unvalidated,2024010512226,2024,010512226,1,1,0,17,5,1,0,0,0,10,0,0,4,1,2,1,57,9,-1,-1,-1,-1,10,3,E01030418,0
Unvalidated,2024010512226,2024,010512226,2,9,0,18,5,1,0,0,0,0,0,0,1,1,6,2,46,8,-1,-1,-1,-1,6,1,E01030563,0
Unvalidated,2024010512229,2024,010512229,1,9,0,3,1,5,0,8,0,0,0,0,3,1,6,2,23,5,-1,-1,-1,-1,7,1,E01011652,0
Unvalidated,2024010512229,2024,010512229,2,21,0,18,1,5,0,8,0,0,0,0,1,1,1,1,47,8,-1,-1,-1,-1,3,1,E01001373,0
Unvalidated,2024010512230,2024,010512230,1,9,0,7,1,3,0,3,0,0,0,0,1,1,2,2,32,6,-1,-1,-1,-1,2,1,E01001219,0
Unvalidated,2024010512230,2024,010512230,2,1,0,13,7,3,0,6,0,0,0,0,2,1,2,2,28,6,-1,-1,-1,-1,5,1,E01001946,0
Unvalidated,2024010512232,2024,010512232,1,11,0,18,5,1,2,1,0,0,0,0,4,1,1,1,23,5,-1,-1,-1,-1,-1,-1,-1,0
Unvalidated,2024010512232,2024,010512232,2,90,0,2,0,0,2,1,0,0,0,0,3,1,6,3,-1,-1,-1,-1,-1,-1,-1,-1,-1,0
Unvalidated,2024010512235,2024,010512235,1,9,9,18,3,7,4,4,9,11,0,0,1,9,6,2,31,6,-1,-1,-1,-1,3,1,E01032582,0
Unvalidated,2024010512235,2024,010512235,2,1,9,18,7,3,5,7,9,99,0,0,2,1,6,2,59,9,-1,-1,-1,-1,4,1,E01002785,0
Unvalidated,2024010512236,2024,010512236,1,9,0,18,3,7,0,8,0,0,0,0,1,1,6,1,45,7,-1,-1,-1,-1,5,1,E01003751,0
Unvalidated,2024010512236,2024,010512236,2,9,0,18,1,5,0,6,0,0,0,0,3,1,1,1,46,8,-1,-1,-1,-1,7,1,E01002329,0
Unvalidated,2024010512237,2024,010512237,1,9,0,18,3,7,0,1,0,0,0,0,0,1,6,3,-1,-1,-1,-1,-1,-1,-1,-1,-1,0
Unvalidated,2024010512241,2024,010512241,1,11,0,4,1,5,0,1,0,0,0,0,4,1,6,2,24,5,-1,-1,-1,-1,2,1,E01003298,0
Unvalidated,2024010512242,2024,010512242,1,19,0,7,1,3,0,5,0,0,0,0,0,1,6,1,27,6,-1,-1,-1,-1,7,1,E01021476,0
Unvalidated,2024010512242,2024,010512242,2,11,0,5,1,5,2,1,0,0,0,0,0,1,1,1,64,9,-1,-1,-1,-1,4,1,E01000805,0
Unvalidated,2024010512243,2024,010512243,1,11,0,5,7,3,0,2,0,0,0,0,0,1,1,2,57,9,-1,-1,-1,-1,2,1,E01000028,0
Unvalidated,2024010512245,2024,010512245,1,9,0,9,1,6,0,1,0,0,0,0,1,1,6,3,-1,-1,-1,-1,-1,-1,-1,-1,-1,0
Unvalidated,2024010512247,2024,010512247,1,11,0,7,3,5,0,8,0,0,0,0,1,1,6,1,63,9,-1,-1,-1,-1,3,1,E01000737,0
Unvalidated,2024010512249,2024,010512249,1,19,0,10,7,4,0,1,0,0,0,0,0,1,2,1,53,8,-1,-1,-1,-1,-1,-1,-1,0
Unvalidated,2024010512249,2024,010512249,2,9,0,16,7,3,0,1,0,0,0,0,2,1,6,3,23,5,-1,-1,-1,-1,-1,-1,-1,0
Unvalidated,2024010512253,2024,010512253,1,9,0,7,3,4,0,0,0,0,0,0,4,1,6,1,64,9,-1,-1,-1,-1,9,1,E01003648,0
Unvalidated,2024010512253,2024,010512253,2,1,0,15,3,7,0,0,0,0,0,0,3,1,6,1,20,4,-1,-1,-1,-1,4,1,E01000039,0
Unvalidated,2024010512255,2024,010512255,1,97,0,18,1,5,9,8,0,0,0,0,1,1,6,3,-1,-1,-1,-1,-1,-1,-1,-1,-1,0
Unvalidated,2024010512256,2024,010512256,1,9,0,9,3,8,0,5,0,0,0,0,3,1,2,2,40,7,-1,-1,-1,-1,6,1,E01003698,0
Unvalidated,2024010512256,2024,010512256,2,1,0,9,3,8,0,1,0,0,0,0,1,1,2,1,38,7,-1,-1,-1,-1,2,1,E01001625,0
Unvalidated,2024010512261,2024,010512261,1,9,0,9,7,4,0,1,0,0,0,0,4,1,6,1,19,4,-1,-1,-1,-1,3,1,E01000035,0
Unvalidated,2024010512261,2024,010512261,2,9,0,18,3,7,0,8,0,0,0,0,1,1,6,1,44,7,-1,-1,-1,-1,2,1,E01003507,0
Unvalidated,2024010512262,2024,010512262,1,9,0,15,7,3,0,1,0,0,0,0,1,1,6,2,66,10,-1,-1,-1,-1,7,1,E01000791,0
Unvalidated,2024010512263,2024,010512263,1,9,0,18,1,5,0,1,0,0,0,0,4,1,6,2,76,11,-1,-1,-1,-1,1,1,E01004272,0
Unvalidated,2024010512265,2024,010512265,1,9,0,9,4,2,0,8,0,4,0,0,2,1,6,1,26,6,-1,-1,-1,-1,5,1,E01003284,0
Unvalidated,2024010512265,2024,010512265,2,9,0,18,4,8,0,8,0,0,0,0,1,1,1,2,37,7,-1,-1,-1,-1,3,1,E01003221,0
Unvalidated,2024010512265,2024,010512265,3,19,0,3,7,3,0,2,0,0,0,0,3,1,1,1,48,8,-1,-1,-1,-1,4,1,E01003212,0
Unvalidated,2024010512266,2024,010512266,1,11,0,4,1,5,0,0,0,0,0,0,3,1,1,1,31,6,-1,-1,-1,-1,4,1,E01002304,0
Unvalidated,2024010512266,2024,010512266,2,9,0,18,5,1,0,0,1,0,0,0,1,1,1,1,32,6,-1,-1,-1,-1,6,1,E01002335,0
Unvalidated,2024010512267,2024,010512267,1,9,0,7,3,5,0,5,0,0,0,0,4,1,6,1,49,8,-1,-1,-1,-1,2,1,E01001328,0
Unvalidated,2024010512267,2024,010512267,2,3,0,15,3,7,0,1,0,0,0,0,1,1,6,1,23,5,-1,-1,-1,-1,4,1,E01001321,0
Unvalidated,2024010512269,2024,010512269,1,9,0,2,0,0,0,0,0,0,0,0,2,1,6,3,-1,-1,-1,-1,-1,-1,-1,-1,-1,0
Unvalidated,2024010512269,2024,010512269,2,11,0,17,7,3,0,0,0,0,0,0,1,2,1,1,-1,-1,-1,-1,-1,-1,-1,-1,-1,0
Unvalidated,2024010512269,2024,010512269,3,9,0,16,5,7,0,0,0,0,0,0,1,1,6,2,65,9,-1,-1,-1,-1,2,1,E01003689,0
Unvalidated,2024010512270,2024,010512270,1,3,0,16,1,5,0,1,0,0,0,0,1,1,6,1,28,6,-1,-1,-1,-1,3,1,E01003627,0
Unvalidated,2024010512271,2024,010512271,1,9,0,4,7,3,0,8,0,0,0,0,2,1,2,1,45,7,-1,-1,-1,-1,-1,-1,-1,0
Unvalidated,2024010512271,2024,010512271,2,9,0,12,7,3,0,8,0,0,0,0,1,1,6,3,24,5,-1,-1,-1,-1,1,1,E01001554,0
Unvalidated,2024010512272,2024,010512272,1,3,0,13,1,5,0,1,0,10,0,0,1,1,6,1,40,7,-1,-1,-1,-1,4,1,E01002236,0
Unvalidated,2024010512272,2024,010512272,2,3,0,18,1,5,0,1,0,0,0,0,0,1,6,1,35,6,-1,-1,-1,-1,8,1,E01002201,0
Unvalidated,2024010512274,2024,010512274,1,9,0,5,7,3,0,8,0,0,0,0,4,1,6,1,21,5,-1,-1,-1,-1,3,1,E01002595,0
Unvalidated,2024010512279,2024,010512279,1,9,0,15,5,1,0,0,0,0,0,0,1,1,6,1,-1,-1,-1,-1,-1,-1,-1,-1,-1,0
Unvalidated,2024010512279,2024,010512279,2,1,0,5,5,1,0,0,0,0,1,0,0,1,6,1,21,5,-1,-1,-1,-1,4,1,E01004061,0
Unvalidated,2024010512280,2024,010512280,1,97,0,13,6,2,0,1,0,0,3,0,4,1,6,3,-1,-1,-1,-1,-1,-1,-1,-1,-1,0
Unvalidated,2024010512280,2024,010512280,2,1,0,9,4,2,0,1,0,0,0,0,3,1,2,1,19,4,-1,-1,-1,-1,1,1,E01003048,0
Unvalidated,2024010512282,2024,010512282,1,9,0,5,5,1,8,1,0,0,0,0,3,1,1,1,47,8,-1,-1,-1,-1,1,1,E01000939,0
Unvalidated,2024010512282,2024,010512282,2,1,0,7,5,8,0,2,0,0,0,0,3,1,6,1,27,6,-1,-1,-1,-1,-1,-1,-1,0
Unvalidated,2024010512288,2024,010512288,1,3,0,5,5,1,9,0,2,0,1,11,1,1,6,2,32,6,-1,-1,-1,-1,2,1,E01001848,0
Unvalidated,2024010512289,2024,010512289,1,19,0,1,3,7,0,0,0,0,0,0,2,1,2,1,43,7,-1,-1,-1,-1,2,1,E01003304,0
Unvalidated,2024010512293,2024,010512293,1,9,0,18,5,1,0,0,0,0,0,0,1,1,1,1,30,6,-1,-1,-1,-1,5,1,E01001556,0
Unvalidated,2024010512293,2024,010512293,2,3,0,18,1,5,0,0,0,0,0,0,1,1,1,1,20,4,-1,-1,-1,-1,6,1,E01001496,0
Unvalidated,2024010512295,2024,010512295,1,11,0,5,0,3,0,1,0,0,0,0,0,1,1,1,33,6,-1,-1,-1,-1,5,1,E01003359,0
Unvalidated,2024010512296,2024,010512296,1,9,0,5,7,3,0,1,0,0,0,0,1,1,6,3,-1,-1,-1,-1,-1,-1,-1,-1,-1,0
Unvalidated,2024010512296,2024,010512296,2,1,0,5,3,7,0,1,0,0,0,0,1,1,1,1,22,5,-1,-1,-1,-1,2,1,E01003918,0
Unvalidated,2024010512297,2024,010512297,1,3,0,18,5,1,0,3,0,0,0,0,3,1,6,1,22,5,-1,-1,-1,-1,3,1,E01003926,0
Unvalidated,2024010512297,2024,010512297,2,9,0,18,1,5,0,3,0,0,0,0,1,1,6,2,48,8,-1,-1,-1,-1,1,1,E01003048,0
Unvalidated,2024010512298,2024,010512298,1,9,0,18,5,1,0,0,0,0,0,0,1,1,1,1,29,6,-1,-1,-1,-1,5,1,E01000631,0
Unvalidated,2024010512299,2024,010512299,1,9,0,7,4,6,0,1,0,0,0,0,4,1,2,2,22,5,-1,-1,-1,-1,10,1,E01000445,0
Unvalidated,2024010512299,2024,010512299,2,1,0,18,4,8,0,1,0,0,0,0,1,1,6,1,54,8,-1,-1,-1,-1,4,1,E01001704,0
Unvalidated,2024010512300,2024,010512300,1,11,0,16,7,3,0,8,0,4,0,0,1,1,1,1,23,5,-1,-1,-1,-1,2,1,E01003176,0
Unvalidated,2024010512300,2024,010512300,2,9,0,18,1,5,0,8,0,0,0,0,1,1,6,2,26,6,-1,-1,-1,-1,3,1,E01003998,0
Unvalidated,2024010512301,2024,010512301,1,9,0,13,3,7,0,1,0,0,0,0,1,1,6,1,34,6,-1,-1,-1,-1,2,1,E01000103,0
Unvalidated,2024010512301,2024,010512301,2,21,1,18,3,7,0,1,0,0,0,0,2,1,1,1,61,9,-1,-1,-1,-1,4,1,E01015996,0
Unvalidated,2024010512303,2024,010512303,1,19,0,18,3,7,0,1,0,0,0,0,4,1,1,1,28,6,-1,-1,-1,-1,1,1,E01001772,0
Unvalidated,2024010512303,2024,010512303,2,1,0,9,5,3,0,6,0,0,0,0,1,1,6,1,30,6,-1,-1,-1,-1,1,1,E01002782,0
Unvalidated,2024010512304,2024,010512304,1,19,0,1,2,6,0,0,0,0,0,0,2,1,1,1,33,6,-1,-1,-1,-1,3,1,E01000312,0
Unvalidated,2024010512305,2024,010512305,1,1,0,18,5,1,0,1,0,0,0,0,2,1,6,1,20,4,-1,-1,-1,-1,2,1,E01001746,0