status,collision_index,collision_year,collision_reference,vehicle_reference,vehicle_type,towing_and_articulation,vehicle_manoeuvre,vehicle_direction_from,vehicle_direction_to,vehicle_location_restricted_lane,junction_location,skidding_and_overturning,hit_object_in_carriageway,vehicle_leaving_carriageway,hit_object_off_carriageway,first_point_of_impact,vehicle_left_hand_drive,journey_purpose_of_driver,sex_of_driver,age_of_driver,age_band_of_driver,engine_capacity_cc,propulsion_code,age_of_vehicle,generic_make_model,driver_imd_decile,driver_home_area_type,lsoa_of_driver,escooter_flag
Unvalidated,2024010512305,2024,010512305,2,1,0,18,3,7,0,1,5,0,0,0,2,1,6,1,57,9,-1,-1,-1,-1,-1,-1,-1,0
Unvalidated,2024010512306,2024,010512306,1,9,0,16,5,1,0,0,0,0,0,0,1,1,6,1,23,5,-1,-1,-1,-1,5,1,E01003751,0
Unvalidated,2024010512306,2024,010512306,2,9,0,17,1,5,0,0,0,0,0,0,1,1,2,1,44,7,-1,-1,-1,-1,5,1,E01003772,0
Unvalidated,2024010512307,2024,010512307,1,90,0,18,1,5,0,0,0,0,0,0,3,1,2,1,44,7,-1,-1,-1,-1,1,1,E01003047,0
Unvalidated,2024010512307,2024,010512307,2,1,0,7,1,3,0,0,0,0,0,0,3,1,2,1,45,7,-1,-1,-1,-1,5,1,E01003951,0
Unvalidated,2024010512310,2024,010512310,1,11,0,4,7,3,0,8,0,0,0,0,0,1,1,1,26,6,-1,-1,-1,-1,2,1,E01003336,0
Unvalidated,2024010512311,2024,010512311,1,9,0,18,8,4,0,8,0,0,0,0,1,1,6,2,58,9,-1,-1,-1,-1,5,1,E01000567,0
Unvalidated,2024010512311,2024,010512311,2,9,0,9,5,3,0,8,0,0,0,0,1,1,6,1,21,5,-1,-1,-1,-1,3,1,E01000635,0
Unvalidated,2024010512312,2024,010512312,1,9,0,4,5,1,0,1,0,0,0,0,1,1,6,1,44,7,-1,-1,-1,-1,5,1,E01023332,0
Unvalidated,2024010512312,2024,010512312,2,9,0,7,3,5,0,1,2,0,0,0,1,1,6,1,32,6,-1,-1,-1,-1,-1,-1,-1,0
Unvalidated,2024010512315,2024,010512315,1,9,0,6,5,5,0,1,0,0,0,0,1,1,6,3,-1,-1,-1,-1,-1,-1,-1,-1,-1,0
Unvalidated,2024010512315,2024,010512315,2,1,0,18,1,5,0,2,5,0,0,0,2,1,1,1,26,6,-1,-1,-1,-1,1,1,E01001978,0
Unvalidated,2024010512316,2024,010512316,1,3,0,18,3,7,0,1,0,0,1,0,1,1,6,1,19,4,-1,-1,-1,-1,1,1,E01032513,0
Unvalidated,2024010512316,2024,010512316,2,3,0,7,3,6,0,1,0,0,1,0,2,1,6,1,19,4,-1,-1,-1,-1,1,1,E01002855,0
Unvalidated,2024010512317,2024,010512317,1,9,0,18,1,5,0,4,0,0,0,0,3,1,6,1,69,10,-1,-1,-1,-1,-1,-1,-1,0
Unvalidated,2024010512317,2024,010512317,2,9,0,18,1,5,0,4,0,0,0,0,3,1,6,2,46,8,-1,-1,-1,-1,2,1,E01003507,0
Unvalidated,2024010512317,2024,010512317,3,9,0,18,1,5,0,4,0,0,0,0,0,1,1,1,34,6,-1,-1,-1,-1,4,1,E01003666,0
Unvalidated,2024010512317,2024,010512317,4,9,0,18,1,5,0,4,0,0,0,0,1,1,6,3,-1,-1,-1,-1,-1,-1,-1,-1,-1,0
Unvalidated,2024010512318,2024,010512318,1,19,0,8,3,6,0,0,0,0,0,0,2,1,1,1,30,6,-1,-1,-1,-1,2,1,E01003181,0
Unvalidated,2024010512318,2024,010512318,2,8,0,8,3,6,0,0,0,0,0,0,1,1,1,1,60,9,-1,-1,-1,-1,10,1,E01024326,0
Unvalidated,2024010512319,2024,010512319,1,9,0,16,4,8,0,0,1,0,8,4,1,1,6,1,18,4,-1,-1,-1,-1,10,1,E01002482,0
Unvalidated,2024010512320,2024,010512320,1,9,0,9,1,8,0,1,0,0,0,0,1,1,1,1,51,8,-1,-1,-1,-1,4,1,E01017570,0
Unvalidated,2024010512320,2024,010512320,2,3,0,18,1,5,0,1,0,0,0,0,1,1,1,1,46,8,-1,-1,-1,-1,3,1,E01003592,0
Unvalidated,2024010512321,2024,010512321,1,5,0,15,4,8,0,1,0,0,0,0,2,1,2,1,32,6,-1,-1,-1,-1,7,1,E01002569,0
Unvalidated,2024010512321,2024,010512321,2,19,0,10,5,2,0,1,0,0,0,0,1,1,2,1,49,8,-1,-1,-1,-1,3,2,E01017562,0
Unvalidated,2024010512322,2024,010512322,1,9,0,18,8,4,0,1,0,0,7,10,1,1,6,2,25,5,-1,-1,-1,-1,4,1,E01033745,0
Unvalidated,2024010512322,2024,010512322,2,9,0,15,8,4,0,1,0,0,0,0,3,1,6,1,30,6,-1,-1,-1,-1,-1,-1,-1,0
Unvalidated,2024010512325,2024,010512325,1,9,0,18,3,7,0,0,0,0,0,0,0,1,6,3,-1,-1,-1,-1,-1,-1,-1,-1,-1,0
Unvalidated,2024010512327,2024,010512327,1,9,0,18,3,7,0,0,0,0,0,0,2,1,6,1,20,4,-1,-1,-1,-1,4,1,E01032766,0
Unvalidated,2024010512327,2024,010512327,2,9,0,18,3,7,0,0,0,0,0,0,2,1,6,1,57,9,-1,-1,-1,-1,6,1,E01004361,0
Unvalidated,2024010512327,2024,010512327,3,9,0,18,3,7,0,0,0,0,0,0,1,1,6,3,-1,-1,-1,-1,-1,-1,-1,-1,-1,0
Unvalidated,2024010512331,2024,010512331,1,3,0,18,1,5,0,2,0,10,0,0,1,1,6,1,18,4,-1,-1,-1,-1,2,1,E01001395,0
Unvalidated,2024010512335,2024,010512335,1,1,0,10,5,2,0,5,5,0,0,0,2,1,6,1,47,8,-1,-1,-1,-1,10,1,E01004105,0
Unvalidated,2024010512335,2024,010512335,2,9,9,99,9,9,99,9,9,99,9,99,9,1,6,1,46,8,-1,-1,-1,-1,7,1,E01003407,0
Unvalidated,2024010512337,2024,010512337,1,9,0,18,3,7,0,8,0,0,0,0,1,1,1,1,55,8,-1,-1,-1,-1,2,1,E01032720,0
Unvalidated,2024010512337,2024,010512337,2,1,0,18,5,1,0,8,0,0,0,0,2,1,1,1,48,8,-1,-1,-1,-1,2,1,E01004003,0
Unvalidated,2024010512339,2024,010512339,1,9,0,18,1,5,0,0,0,0,0,0,1,1,6,2,25,5,-1,-1,-1,-1,9,1,E01001567,0
Unvalidated,2024010512339,2024,010512339,2,9,0,2,0,0,0,0,0,0,1,11,2,1,6,3,-1,-1,-1,-1,-1,-1,-1,-1,-1,0
Unvalidated,2024010512341,2024,010512341,1,5,0,18,5,1,0,1,0,0,0,0,4,1,6,1,43,7,-1,-1,-1,-1,-1,-1,-1,0
Unvalidated,2024010512341,2024,010512341,2,19,0,6,7,7,0,1,0,0,0,0,1,1,1,1,21,5,-1,-1,-1,-1,-1,-1,-1,0
Unvalidated,2024010512342,2024,010512342,1,2,0,18,1,5,0,0,0,0,0,0,4,1,2,1,50,8,-1,-1,-1,-1,6,1,E01001319,0
Unvalidated,2024010512342,2024,010512342,2,19,0,18,1,5,0,0,0,0,0,0,3,1,1,1,30,6,-1,-1,-1,-1,6,1,E01002496,0
Unvalidated,2024010512342,2024,010512342,3,9,0,18,1,5,0,0,0,0,0,0,4,1,6,3,-1,-1,-1,-1,-1,-1,-1,-1,-1,0
Unvalidated,2024010512344,2024,010512344,1,19,0,2,0,0,0,0,0,0,0,0,2,1,6,3,-1,-1,-1,-1,-1,-1,-1,-1,-1,0
Unvalidated,2024010512344,2024,010512344,2,9,0,18,1,5,0,0,0,4,0,0,2,1,1,1,27,6,-1,-1,-1,-1,8,1,E01031603,0
Unvalidated,2024010512346,2024,010512346,1,9,9,99,9,9,99,9,9,99,9,99,9,9,6,1,85,11,-1,-1,-1,-1,2,1,E01033707,0
Unvalidated,2024010512346,2024,010512346,2,1,9,99,9,9,99,9,9,99,9,99,9,1,6,2,-1,-1,-1,-1,-1,-1,5,1,E01002801,0
Unvalidated,2024010512347,2024,010512347,1,11,0,3,5,1,0,1,0,0,0,0,0,1,1,1,59,9,-1,-1,-1,-1,5,1,E01002319,0
Unvalidated,2024010512348,2024,010512348,1,9,0,9,8,5,0,8,0,0,0,0,1,1,2,1,44,7,-1,-1,-1,-1,-1,-1,-1,0
Unvalidated,2024010512348,2024,010512348,2,1,0,5,8,4,0,8,0,0,0,0,3,1,2,1,45,7,-1,-1,-1,-1,4,1,E01003074,0
Unvalidated,2024010512349,2024,010512349,1,9,0,18,3,7,0,0,0,4,0,0,1,1,6,1,52,8,-1,-1,-1,-1,9,1,E01023731,0
Unvalidated,2024010512349,2024,010512349,2,21,1,2,0,0,0,0,0,0,0,0,2,1,6,3,-1,-1,-1,-1,-1,-1,-1,-1,-1,0
Unvalidated,2024010512350,2024,010512350,1,9,0,17,5,1,0,8,0,0,0,0,1,1,6,2,28,6,-1,-1,-1,-1,4,1,E01001463,0
Unvalidated,2024010512350,2024,010512350,2,5,0,18,3,7,0,8,0,0,0,0,3,1,6,1,34,6,-1,-1,-1,-1,1,1,E01000308,0
Unvalidated,2024010512351,2024,010512351,1,11,0,1,5,1,0,2,0,0,0,0,0,1,1,1,26,6,-1,-1,-1,-1,2,1,E01003288,0
Unvalidated,2024010512353,2024,010512353,1,11,0,18,5,1,2,1,0,0,0,0,1,1,6,1,22,5,-1,-1,-1,-1,3,1,E01003113,0
Unvalidated,2024010512354,2024,010512354,1,3,0,18,5,1,0,1,0,0,7,0,4,1,1,1,31,6,-1,-1,-1,-1,-1,-1,-1,0
Unvalidated,2024010512354,2024,010512354,2,9,0,9,7,5,0,2,0,0,0,0,4,1,6,1,57,9,-1,-1,-1,-1,4,1,E01001503,0
Unvalidated,2024010512356,2024,010512356,1,9,0,18,7,3,0,1,0,0,0,0,4,1,1,2,40,7,-1,-1,-1,-1,1,1,E01001655,0
Unvalidated,2024010512356,2024,010512356,2,9,0,10,3,1,0,1,0,0,0,0,4,1,6,1,76,11,-1,-1,-1,-1,-1,-1,-1,0
Unvalidated,2024010512357,2024,010512357,1,9,0,2,0,0,0,4,0,0,0,0,1,1,6,3,-1,-1,-1,-1,-1,-1,-1,-1,-1,0
Unvalidated,2024010512358,2024,010512358,1,11,0,18,3,7,0,2,0,0,0,0,0,1,1,1,25,5,-1,-1,-1,-1,5,1,E01016494,0
Unvalidated,2024010512358,2024,010512358,2,9,0,7,2,3,0,8,0,0,0,0,0,1,6,1,76,11,-1,-1,-1,-1,7,1,E01002199,0
Unvalidated,2024010512359,2024,010512359,1,9,0,1,4,8,0,6,0,0,0,0,0,1,6,1,40,7,-1,-1,-1,-1,5,1,E01000467,0
Unvalidated,2024010512360,2024,010512360,1,9,0,18,3,7,0,8,0,0,0,0,4,1,6,1,47,8,-1,-1,-1,-1,7,1,E01024137,0
Unvalidated,2024010512361,2024,010512361,1,9,0,5,1,5,0,8,0,0,0,0,4,1,6,1,49,8,-1,-1,-1,-1,8,1,E01002450,0
Unvalidated,2024010512361,2024,010512361,2,1,0,18,1,5,0,8,0,0,0,0,4,1,6,1,55,8,-1,-1,-1,-1,3,1,E01002504,0
Unvalidated,2024010512362,2024,010512362,1,3,0,18,3,7,2,1,0,0,0,0,1,1,2,1,20,4,-1,-1,-1,-1,2,1,E01004537,0
Unvalidated,2024010512363,2024,010512363,1,8,0,18,7,3,0,2,0,0,0,0,1,2,6,1,41,7,-1,-1,-1,-1,1,1,E01004301,0
Unvalidated,2024010512364,2024,010512364,1,3,0,14,5,1,0,0,0,0,0,0,1,1,6,1,26,6,-1,-1,-1,-1,2,1,E01004260,0
Unvalidated,2024010512364,2024,010512364,2,3,0,3,5,1,0,0,0,0,0,0,1,1,1,1,27,6,-1,-1,-1,-1,2,1,E01004470,0
Unvalidated,2024010512365,2024,010512365,1,9,0,18,6,2,0,0,0,0,0,0,3,1,6,1,75,10,-1,-1,-1,-1,-1,-1,-1,0
Unvalidated,2024010512365,2024,010512365,2,9,0,18,2,6,0,0,0,0,0,0,1,1,6,1,37,7,-1,-1,-1,-1,-1,-1,-1,0
Unvalidated,2024010512366,2024,010512366,1,9,0,9,3,8,0,2,0,0,0,0,4,1,6,2,64,9,-1,-1,-1,-1,1,1,E01002748,0
Unvalidated,2024010512366,2024,010512366,2,1,0,9,5,3,0,1,0,0,0,0,3,1,2,1,34,6,-1,-1,-1,-1,2,1,E01002730,0
Unvalidated,2024010512367,2024,010512367,1,9,0,9,5,2,0,6,0,0,0,0,3,1,6,1,18,4,-1,-1,-1,-1,-1,-1,-1,0
Unvalidated,2024010512367,2024,010512367,2,3,0,18,3,7,0,1,0,0,0,0,1,1,6,1,36,7,-1,-1,-1,-1,-1,-1,-1,0
Unvalidated,2024010512369,2024,010512369,1,19,0,18,3,7,0,2,0,0,0,0,2,1,1,1,56,9,-1,-1,-1,-1,4,1,E01017947,0
Unvalidated,2024010512369,2024,010512369,2,1,0,18,3,7,0,2,0,0,0,0,1,1,2,1,49,8,-1,-1,-1,-1,3,1,E01001147,0
Unvalidated,2024010512371,2024,010512371,1,11,0,4,1,5,2,0,0,0,0,0,0,1,1,1,48,8,-1,-1,-1,-1,1,1,E01000521,0
Unvalidated,2024010512373,2024,010512373,1,9,0,10,7,5,0,1,0,0,0,0,1,1,2,1,34,6,-1,-1,-1,-1,3,1,E01004038,0
Unvalidated,2024010512373,2024,010512373,2,1,0,18,7,3,4,8,0,0,0,0,1,1,2,2,34,6,-1,-1,-1,-1,4,1,E01003213,0
Unvalidated,2024010512374,2024,010512374,1,9,0,9,3,1,0,8,0,0,0,0,3,1,6,1,49,8,-1,-1,-1,-1,-1,-1,-1,0
Unvalidated,2024010512374,2024,010512374,2,9,0,18,5,1,0,8,0,0,0,0,1,1,6,1,51,8,-1,-1,-1,-1,1,1,E01004248,0
Unvalidated,2024010512376,2024,010512376,1,9,0,15,5,1,0,1,0,0,0,0,1,1,6,1,29,6,-1,-1,-1,-1,3,1,E01001930,0
Unvalidated,2024010512378,2024,010512378,1,9,0,18,1,5,0,0,0,0,0,0,2,1,6,1,21,5,-1,-1,-1,-1,1,1,E01002089,0
Unvalidated,2024010512390,2024,010512390,1,9,0,9,1,6,0,5,0,0,0,0,1,1,6,1,44,7,-1,-1,-1,-1,2,1,E01004067,0
Unvalidated,2024010512390,2024,010512390,2,1,0,18,5,1,4,1,0,0,0,0,1,1,2,1,48,8,-1,-1,-1,-1,3,1,E01001650,0
Unvalidated,2024010512391,2024,010512391,1,4,0,18,5,1,0,6,0,10,3,11,1,1,6,1,21,5,-1,-1,-1,-1,-1,-1,-1,0
Unvalidated,2024010512391,2024,010512391,2,5,0,18,5,1,0,1,0,0,0,0,0,1,1,1,49,8,-1,-1,-1,-1,4,1,E01000472,0
Unvalidated,2024010512392,2024,010512392,1,9,0,7,3,5,0,8,0,0,0,0,1,1,6,1,41,7,-1,-1,-1,-1,9,1,E01000456,0
Unvalidated,2024010512392,2024,010512392,2,1,0,18,1,5,0,8,0,0,0,0,4,1,1,2,42,7,-1,-1,-1,-1,3,1,E01001391,0
Unvalidated,2024010512395,2024,010512395,1,1,0,18,7,3,9,0,0,0,0,0,3,1,6,2,42,7,-1,-1,-1,-1,6,1,E01003694,0
Unvalidated,2024010512395,2024,010512395,2,9,0,5,7,3,9,0,0,0,0,0,4,1,6,2,49,8,-1,-1,-1,-1,5,1,E01003791,0
Unvalidated,2024010512408,2024,010512408,1,3,0,99,9,9,99,9,9,99,9,99,9,1,1,3,29,6,-1,-1,-1,-1,7,1,E01000517,0
Unvalidated,2024010512408,2024,010512408,2,3,0,99,9,9,99,9,9,99,9,99,1,1,6,3,-1,-1,-1,-1,-1,-1,-1,-1,-1,0
Unvalidated,2024010512413,2024,010512413,1,3,0,99,9,9,99,9,9,99,9,99,1,1,1,1,22,5,-1,-1,-1,-1,2,1,E01003508,0
Unvalidated,2024010512413,2024,010512413,2,9,0,99,9,9,99,9,9,99,9,99,1,9,6,3,-1,-1,-1,-1,-1,-1,-1,-1,-1,0
Unvalidated,2024010512415,2024,010512415,1,3,0,99,9,9,99,9,9,99,9,99,1,1,2,1,23,5,-1,-1,-1,-1,3,1,E01021764,0
Unvalidated,2024010512415,2024,010512415,2,9,0,99,9,9,99,9,9,99,9,99,1,9,6,3,-1,-1,-1,-1,-1,-1,-1,-1,-1,0
Unvalidated,2024010512420,2024,010512420,1,1,9,99,9,9,99,9,9,99,9,99,9,1,2,1,42,7,-1,-1,-1,-1,10,1,E01000348,0
Unvalidated,2024010512420,2024,010512420,2,9,0,99,9,9,99,9,9,99,9,99,9,9,6,3,-1,-1,-1,-1,-1,-1,6,1,E01000352,0
Unvalidated,2024010512426,2024,010512426,1,9,0,99,9,9,99,9,9,99,9,99,1,9,2,2,50,8,-1,-1,-1,-1,2,1,E01000931,0
Unvalidated,2024010512426,2024,010512426,2,9,0,99,9,9,99,9,9,99,9,99,2,9,6,2,43,7,-1,-1,-1,-1,5,1,E01002636,0
Unvalidated,2024010512441,2024,010512441,1,9,9,99,9,9,99,9,9,99,9,99,9,9,6,1,67,10,-1,-1,-1,-1,-1,-1,-1,0
Unvalidated,2024010512442,2024,010512442,1,3,0,99,9,9,99,0,9,99,9,99,9,1,6,3,39,7,-1,-1,-1,-1,2,1,E01024028,0
Unvalidated,2024010512442,2024,010512442,2,9,0,99,9,9,99,0,9,99,9,99,9,9,6,3,-1,-1,-1,-1,-1,-1,-1,-1,-1,0
Unvalidated,2024010512444,2024,010512444,1,3,0,99,9,9,99,9,9,99,9,99,9,1,1,3,24,5,-1,-1,-1,-1,-1,-1,-1,0
Unvalidated,2024010512444,2024,010512444,2,9,0,99,9,9,99,9,9,99,9,99,9,9,6,3,-1,-1,-1,-1,-1,-1,-1,-1,-1,0
Unvalidated,2024010512450,2024,010512450,1,9,0,99,9,9,99,9,9,99,9,99,2,9,2,1,27,6,-1,-1,-1,-1,8,1,E01000177,0
Unvalidated,2024010512450,2024,010512450,2,9,0,99,9,9,99,9,9,99,9,99,1,9,6,3,-1,-1,-1,-1,-1,-1,-1,-1,-1,0
Unvalidated,2024010512452,2024,010512452,1,9,0,99,9,9,99,9,9,99,9,99,4,9,6,2,37,7,-1,-1,-1,-1,3,1,E01000735,0
Unvalidated,2024010512452,2024,010512452,2,9,9,5,0,4,0,9,9,99,9,99,9,9,6,2,28,6,-1,-1,-1,-1,-1,-1,-1,0
Unvalidated,2024010512468,2024,010512468,1,9,0,99,9,9,99,0,9,99,9,99,1,9,6,3,-1,-1,-1,-1,-1,-1,-1,-1,-1,0
Unvalidated,2024010512469,2024,010512469,1,9,0,99,9,9,99,9,9,99,9,99,1,9,6,3,-1,-1,-1,-1,-1,-1,4,1,E01003685,0
Unvalidated,2024010512472,2024,010512472,1,1,9,99,9,9,99,9,9,99,9,99,9,1,6,1,38,7,-1,-1,-1,-1,9,1,E01033101,0
Unvalidated,2024010512472,2024,010512472,2,19,0,99,9,9,99,9,9,99,9,99,1,9,6,3,-1,-1,-1,-1,-1,-1,-1,-1,-1,0
Unvalidated,2024010512480,2024,010512480,1,1,9,99,9,9,99,9,9,99,9,99,9,1,3,1,47,8,-1,-1,-1,-1,3,1,E01032764,0
Unvalidated,2024010512480,2024,010512480,2,9,9,10,1,7,99,9,9,0,9,99,9,9,6,1,61,9,-1,-1,-1,-1,2,1,E01004235,0
Unvalidated,2024010512481,2024,010512481,1,1,9,99,9,9,99,1,9,99,9,99,1,1,2,1,52,8,-1,-1,-1,-1,6,1,E01004186,0
Unvalidated,2024010512481,2024,010512481,2,9,0,99,9,9,99,6,9,99,9,99,1,9,6,3,40,7,-1,-1,-1,-1,5,1,E01004188,0
Unvalidated,2024010512482,2024,010512482,1,9,0,99,9,9,99,9,9,99,9,99,2,9,6,2,23,5,-1,-1,-1,-1,3,1,E01004429,0
Unvalidated,2024010512482,2024,010512482,2,9,0,99,9,9,99,9,9,99,9,99,9,9,6,3,-1,-1,-1,-1,-1,-1,-1,-1,-1,0
Unvalidated,2024010512484,2024,010512484,1,9,0,99,9,9,99,9,9,99,9,99,4,9,2,2,37,7,-1,-1,-1,-1,4,1,E01000557,0
Unvalidated,2024010512484,2024,010512484,2,1,9,99,9,9,99,9,9,8,9,99,1,1,6,2,-1,-1,-1,-1,-1,-1,-1,-1,-1,0
Unvalidated,2024010512488,2024,010512488,1,9,9,99,9,9,99,9,9,99,9,99,1,9,6,1,25,5,-1,-1,-1,-1,7,1,E01002427,0
Unvalidated,2024010512497,2024,010512497,1,1,9,99,9,9,99,9,9,99,9,99,1,1,6,3,-1,-1,-1,-1,-1,-1,5,1,E01003142,0
Unvalidated,2024010512506,2024,010512506,1,9,0,99,9,9,99,9,9,99,9,99,9,9,6,2,35,6,-1,-1,-1,-1,6,1,E01001266,0
Unvalidated,2024010512506,2024,010512506,2,90,9,99,9,9,99,9,9,99,9,99,1,9,6,3,-1,-1,-1,-1,-1,-1,-1,-1,-1,0
Unvalidated,2024010512510,2024,010512510,1,3,9,18,9,9,99,0,9,99,9,99,1,1,1,1,22,5,-1,-1,-1,-1,3,1,E01003185,0
Unvalidated,2024010512510,2024,010512510,2,9,9,5,9,9,99,0,9,99,9,99,9,9,6,3,-1,-1,-1,-1,-1,-1,-1,-1,-1,0
Unvalidated,2024010512511,2024,010512511,1,3,0,99,9,9,99,9,9,99,9,99,1,1,2,1,23,5,-1,-1,-1,-1,3,1,E01001972,0
Unvalidated,2024010512511,2024,010512511,2,9,0,99,9,9,99,9,9,99,9,99,1,9,6,3,-1,-1,-1,-1,-1,-1,-1,-1,-1,0
Unvalidated,2024010512521,2024,010512521,1,1,9,99,9,9,99,9,9,99,9,99,9,1,2,1,41,7,-1,-1,-1,-1,7,1,E01023923,0
Unvalidated,2024010512521,2024,010512521,2,9,0,99,9,9,99,9,9,99,9,99,9,9,6,2,66,10,-1,-1,-1,-1,3,1,E01000164,0
Unvalidated,2024010512530,2024,010512530,1,3,0,99,9,9,99,1,9,99,9,99,9,1,6,3,31,6,-1,-1,-1,-1,6,3,E01004108,0
Unvalidated,2024010512530,2024,010512530,2,9,0,99,9,9,99,6,9,99,9,99,9,9,6,3,-1,-1,-1,-1,-1,-1,-1,-1,-1,0
Unvalidated,2024010512532,2024,010512532,1,3,0,99,9,9,99,9,9,99,9,99,9,1,6,1,21,5,-1,-1,-1,-1,2,1,E01001316,0
Unvalidated,2024010512532,2024,010512532,2,9,0,99,9,9,99,9,9,99,9,99,9,9,6,3,-1,-1,-1,-1,-1,-1,-1,-1,-1,0
Unvalidated,2024010512534,2024,010512534,1,1,9,99,9,9,99,9,9,99,9,99,9,1,2,2,33,6,-1,-1,-1,-1,3,1,E01004427,0
Unvalidated,2024010512534,2024,010512534,2,9,0,99,9,9,99,9,9,99,9,99,1,9,6,3,29,6,-1,-1,-1,-1,3,1,E01004422,0
Unvalidated,2024010512536,2024,010512536,1,1,9,99,9,9,99,9,9,99,9,99,9,1,2,1,27,6,-1,-1,-1,-1,3,1,E01003439,0
Unvalidated,2024010512536,2024,010512536,2,8,0,99,9,9,99,9,9,99,9,99,9,9,6,3,-1,-1,-1,-1,-1,-1,-1,-1,-1,0
Unvalidated,2024010512545,2024,010512545,1,3,0,99,9,9,99,9,9,99,9,99,9,1,1,3,41,7,-1,-1,-1,-1,4,1,E01004128,0
Unvalidated,2024010512545,2024,010512545,2,9,0,99,9,9,99,9,9,99,9,99,9,9,6,3,-1,-1,-1,-1,-1,-1,-1,-1,-1,0
Unvalidated,2024010512551,2024,010512551,1,3,0,99,9,9,99,9,9,99,9,99,9,1,2,1,22,5,-1,-1,-1,-1,4,1,E01001247,0
Unvalidated,2024010512551,2024,010512551,2,9,0,99,9,9,99,9,9,99,9,99,9,9,6,3,-1,-1,-1,-1,-1,-1,-1,-1,-1,0
Unvalidated,2024010512560,2024,010512560,1,3,0,99,9,9,99,8,9,99,9,99,9,1,2,3,23,5,-1,-1,-1,-1,5,1,E01001960,0
Unvalidated,2024010512560,2024,010512560,2,9,0,99,9,9,99,6,9,99,9,99,9,9,6,3,-1,-1,-1,-1,-1,-1,-1,-1,-1,0
Unvalidated,2024010512563,2024,010512563,1,3,0,99,9,9,99,9,9,99,9,99,9,1,1,1,25,5,-1,-1,-1,-1,5,1,E01000705,0
Unvalidated,2024010512563,2024,010512563,2,9,0,99,9,9,99,9,9,99,9,99,1,9,6,3,-1,-1,-1,-1,-1,-1,-1,-1,-1,0
Unvalidated,2024010512565,2024,010512565,1,8,0,18,9,9,99,1,9,99,9,99,1,9,6,3,53,8,-1,-1,-1,-1,5,1,E01015768,0
Unvalidated,2024010512565,2024,010512565,2,9,0,4,9,9,99,1,9,99,9,99,2,9,6,3,-1,-1,-1,-1,-1,-1,-1,-1,-1,0
Unvalidated,2024010512567,2024,010512567,1,3,0,99,9,9,99,9,9,99,9,99,1,1,1,2,32,6,-1,-1,-1,-1,5,1,E01003435,0
Unvalidated,2024010512567,2024,010512567,2,9,9,99,9,9,99,9,9,99,9,99,9,9,6,2,-1,-1,-1,-1,-1,-1,-1,-1,-1,0
Unvalidated,2024010512577,2024,010512577,1,1,9,99,9,9,99,0,9,99,9,99,1,1,2,3,24,5,-1,-1,-1,-1,10,2,E01025814,0
Unvalidated,2024010512577,2024,010512577,2,8,0,99,9,9,99,0,9,99,9,99,9,9,6,3,-1,-1,-1,-1,-1,-1,-1,-1,-1,0
Unvalidated,2024010512584,2024,010512584,1,3,0,99,9,9,99,9,9,99,9,99,1,1,2,1,39,7,-1,-1,-1,-1,5,1,E01002123,0
Unvalidated,2024010512584,2024,010512584,2,9,0,99,9,9,99,9,9,99,9,99,1,9,6,3,53,8,-1,-1,-1,-1,3,1,E01000613,0
Unvalidated,2024010512585,2024,010512585,1,9,0,99,9,9,99,9,9,99,9,99,9,1,6,1,38,7,-1,-1,-1,-1,3,1,E01003571,0
Unvalidated,2024010512591,2024,010512591,1,1,9,99,9,9,99,9,9,99,9,99,1,1,2,1,25,5,-1,-1,-1,-1,1,1,E01004541,0
Unvalidated,2024010512591,2024,010512591,2,9,0,99,9,9,99,9,9,99,9,99,9,9,6,3,-1,-1,-1,-1,-1,-1,3,1,E01004592,0
Unvalidated,2024010512592,2024,010512592,1,9,0,99,9,9,99,9,9,99,9,99,1,9,6,2,32,6,-1,-1,-1,-1,3,1,E01003733,0
Unvalidated,2024010512592,2024,010512592,2,9,0,99,9,9,99,9,9,99,9,99,0,9,6,3,-1,-1,-1,-1,-1,-1,-1,-1,-1,0
Unvalidated,2024010512597,2024,010512597,1,9,0,99,9,9,99,9,9,99,9,99,1,9,6,3,-1,-1,-1,-1,-1,-1,-1,-1,-1,0
Unvalidated,2024010512605,2024,010512605,1,1,9,99,9,9,99,9,9,99,9,99,1,1,2,1,32,6,-1,-1,-1,-1,3,1,E01004540,0
Unvalidated,2024010512605,2024,010512605,2,9,0,99,9,9,99,9,9,99,9,99,9,9,6,3,-1,-1,-1,-1,-1,-1,6,1,E01004581,0
Unvalidated,2024010512606,2024,010512606,1,3,0,99,9,9,99,9,9,99,9,99,9,1,6,1,33,6,-1,-1,-1,-1,4,1,E01001090,0
Unvalidated,2024010512606,2024,010512606,2,9,0,99,9,9,99,9,9,99,9,99,9,9,6,3,-1,-1,-1,-1,-1,-1,-1,-1,-1,0
Unvalidated,2024010512609,2024,010512609,1,1,9,99,9,9,99,9,9,99,9,99,9,1,2,2,30,6,-1,-1,-1,-1,1,1,E01001714,0
Unvalidated,2024010512609,2024,010512609,2,98,0,99,9,9,99,9,9,99,9,99,1,9,6,3,-1,-1,-1,-1,-1,-1,-1,-1,-1,0