status,collision_index,collision_year,collision_reference,vehicle_reference,vehicle_type,towing_and_articulation,vehicle_manoeuvre,vehicle_direction_from,vehicle_direction_to,vehicle_location_restricted_lane,junction_location,skidding_and_overturning,hit_object_in_carriageway,vehicle_leaving_carriageway,hit_object_off_carriageway,first_point_of_impact,vehicle_left_hand_drive,journey_purpose_of_driver,sex_of_driver,age_of_driver,age_band_of_driver,engine_capacity_cc,propulsion_code,age_of_vehicle,generic_make_model,driver_imd_decile,driver_home_area_type,lsoa_of_driver,escooter_flag
Unvalidated,2024010512616,2024,010512616,1,1,9,99,9,9,99,9,9,99,9,99,1,1,6,1,39,7,-1,-1,-1,-1,4,1,E01001724,0
Unvalidated,2024010512616,2024,010512616,2,19,0,99,9,9,99,9,9,99,9,99,9,9,6,3,-1,-1,-1,-1,-1,-1,-1,-1,-1,0
Unvalidated,2024010512623,2024,010512623,1,8,0,99,9,9,99,9,9,99,9,99,1,9,1,1,36,7,-1,-1,-1,-1,5,1,E01023936,0
Unvalidated,2024010512626,2024,010512626,1,90,0,18,1,5,0,9,0,0,0,0,9,9,6,3,-1,-1,-1,-1,-1,-1,-1,-1,-1,0
Unvalidated,2024010512641,2024,010512641,1,1,9,99,9,9,99,9,9,99,9,99,9,1,2,1,49,8,-1,-1,-1,-1,6,1,E01002023,0
Unvalidated,2024010512641,2024,010512641,2,19,0,99,9,9,99,9,9,99,9,99,9,9,6,3,-1,-1,-1,-1,-1,-1,-1,-1,-1,0
Unvalidated,2024010512647,2024,010512647,1,9,0,99,9,9,99,0,9,99,9,99,1,9,6,2,31,6,-1,-1,-1,-1,2,1,E01004332,0
Unvalidated,2024010512647,2024,010512647,2,2,0,99,9,9,99,0,9,99,9,99,1,1,6,3,-1,-1,-1,-1,-1,-1,2,1,E01004424,0
Unvalidated,2024010512648,2024,010512648,1,9,0,99,9,9,99,0,9,99,9,99,9,9,6,1,45,7,-1,-1,-1,-1,8,1,E01033461,0
Unvalidated,2024010512648,2024,010512648,2,9,0,99,9,9,99,0,9,99,9,99,9,9,6,3,-1,-1,-1,-1,-1,-1,-1,-1,-1,0
Unvalidated,2024010512653,2024,010512653,1,9,9,99,9,9,99,9,9,99,0,0,2,9,6,3,-1,-1,-1,-1,-1,-1,7,1,E01004473,0
Unvalidated,2024010512655,2024,010512655,1,1,9,99,9,9,99,9,9,99,9,99,2,1,2,1,25,5,-1,-1,-1,-1,4,1,E01001261,0
Unvalidated,2024010512655,2024,010512655,2,9,0,99,9,9,99,9,9,99,9,99,1,9,6,3,55,8,-1,-1,-1,-1,3,1,E01001362,0
Unvalidated,2024010512660,2024,010512660,1,9,0,99,9,9,99,9,9,99,9,99,1,9,6,2,46,8,-1,-1,-1,-1,4,1,E01033745,0
Unvalidated,2024010512660,2024,010512660,2,9,0,99,9,9,99,9,9,99,9,99,2,9,6,3,-1,-1,-1,-1,-1,-1,-1,-1,-1,0
Unvalidated,2024010512661,2024,010512661,1,9,0,99,9,9,99,9,9,99,9,99,1,9,6,3,32,6,-1,-1,-1,-1,3,1,E01002554,0
Unvalidated,2024010512661,2024,010512661,2,9,0,99,9,9,99,9,9,99,9,99,9,9,6,3,-1,-1,-1,-1,-1,-1,3,1,E01002504,0
Unvalidated,2024010512665,2024,010512665,1,3,0,99,9,9,99,9,9,99,9,99,9,1,1,1,27,6,-1,-1,-1,-1,3,1,E01003548,0
Unvalidated,2024010512665,2024,010512665,2,9,0,99,9,9,99,9,9,99,9,99,1,9,6,3,-1,-1,-1,-1,-1,-1,-1,-1,-1,0
Unvalidated,2024010512666,2024,010512666,1,3,0,13,9,9,99,9,9,99,9,99,1,1,1,3,21,5,-1,-1,-1,-1,6,1,E01003227,0
Unvalidated,2024010512666,2024,010512666,2,9,9,12,9,9,99,9,9,99,9,99,9,9,6,3,-1,-1,-1,-1,-1,-1,-1,-1,-1,0
Unvalidated,2024010512678,2024,010512678,1,3,0,99,9,9,99,9,9,99,9,99,1,1,6,1,19,4,-1,-1,-1,-1,5,1,E01004483,0
Unvalidated,2024010512678,2024,010512678,2,9,0,99,9,9,99,9,9,99,9,99,9,9,6,3,-1,-1,-1,-1,-1,-1,-1,-1,-1,0
Unvalidated,2024010512679,2024,010512679,1,1,9,99,9,9,99,9,9,99,9,99,9,1,2,1,43,7,-1,-1,-1,-1,6,1,E01003694,0
Unvalidated,2024010512679,2024,010512679,2,9,0,99,9,9,99,9,9,99,9,99,9,9,6,3,29,6,-1,-1,-1,-1,7,1,E01030729,0
Unvalidated,2024010512688,2024,010512688,1,3,9,99,9,9,99,9,9,99,9,99,9,1,1,1,34,6,-1,-1,-1,-1,2,1,E01000628,0
Unvalidated,2024010512688,2024,010512688,2,9,9,99,9,9,99,9,9,99,9,99,1,9,6,3,-1,-1,-1,-1,-1,-1,-1,-1,-1,0
Unvalidated,2024010512691,2024,010512691,1,3,0,99,9,9,99,9,9,99,9,99,9,1,1,1,44,7,-1,-1,-1,-1,1,1,E01001559,0
Unvalidated,2024010512691,2024,010512691,2,9,0,99,9,9,99,9,9,99,9,99,9,9,6,3,-1,-1,-1,-1,-1,-1,-1,-1,-1,0
Unvalidated,2024010512692,2024,010512692,1,9,0,99,9,9,99,0,9,99,9,99,2,9,6,2,38,7,-1,-1,-1,-1,3,1,E01004125,0
Unvalidated,2024010512692,2024,010512692,2,9,0,99,9,9,99,0,9,99,9,99,2,9,6,3,43,7,-1,-1,-1,-1,9,1,E01004136,0
Unvalidated,2024010512693,2024,010512693,1,1,9,99,9,9,99,9,9,99,9,99,1,1,6,3,-1,-1,-1,-1,-1,-1,-1,-1,-1,0
Unvalidated,2024010512696,2024,010512696,1,9,0,99,9,9,99,9,9,99,9,99,9,9,6,2,57,9,-1,-1,-1,-1,4,1,E01001674,0
Unvalidated,2024010512696,2024,010512696,2,9,0,99,9,9,99,9,9,99,9,99,9,9,6,3,-1,-1,-1,-1,-1,-1,-1,-1,-1,0
Unvalidated,2024010512698,2024,010512698,1,1,9,99,9,9,99,0,9,99,9,99,9,1,2,2,63,9,-1,-1,-1,-1,3,1,E01002647,0
Unvalidated,2024010512698,2024,010512698,2,9,0,99,9,9,99,0,9,99,9,99,9,9,6,1,35,6,-1,-1,-1,-1,6,1,E01002601,0
Unvalidated,2024010512704,2024,010512704,1,3,0,99,9,9,99,9,9,99,9,99,9,1,1,1,27,6,-1,-1,-1,-1,4,1,E01001609,0
Unvalidated,2024010512704,2024,010512704,2,9,0,99,9,9,99,9,9,99,9,99,9,9,6,3,-1,-1,-1,-1,-1,-1,-1,-1,-1,0
Unvalidated,2024010512715,2024,010512715,1,3,0,99,9,9,99,9,9,99,9,99,9,1,1,1,33,6,-1,-1,-1,-1,7,1,E01002966,0
Unvalidated,2024010512715,2024,010512715,2,9,0,99,9,9,99,9,9,99,9,99,9,9,6,2,61,9,-1,-1,-1,-1,3,1,E01003406,0
Unvalidated,2024010512718,2024,010512718,1,1,9,99,9,9,99,9,9,99,9,99,9,1,6,3,-1,-1,-1,-1,-1,-1,-1,-1,-1,0
Unvalidated,2024010512719,2024,010512719,1,9,0,99,9,9,99,9,9,99,9,99,2,9,6,2,35,6,-1,-1,-1,-1,2,1,E01002735,0
Unvalidated,2024010512719,2024,010512719,2,1,9,99,9,9,99,9,9,99,9,99,1,1,6,3,-1,-1,-1,-1,-1,-1,-1,-1,-1,0
Unvalidated,2024010512722,2024,010512722,1,3,0,99,9,9,99,9,9,99,9,99,9,1,1,2,28,6,-1,-1,-1,-1,3,1,E01000553,0
Unvalidated,2024010512722,2024,010512722,2,9,9,99,9,9,99,9,9,99,9,99,9,9,6,3,-1,-1,-1,-1,-1,-1,-1,-1,-1,0
Unvalidated,2024010512725,2024,010512725,1,1,9,99,9,9,99,9,9,99,9,99,9,1,6,1,23,5,-1,-1,-1,-1,3,1,E01004342,0
Unvalidated,2024010512725,2024,010512725,2,9,0,99,9,9,99,9,9,99,9,99,9,9,6,3,-1,-1,-1,-1,-1,-1,-1,-1,-1,0
Unvalidated,2024010512726,2024,010512726,1,3,0,99,9,9,99,9,9,99,9,99,1,1,1,1,32,6,-1,-1,-1,-1,2,1,E01003924,0
Unvalidated,2024010512726,2024,010512726,2,9,0,99,9,9,99,9,9,99,9,99,9,9,6,3,41,7,-1,-1,-1,-1,2,1,E01003622,0
Unvalidated,2024010512741,2024,010512741,1,3,0,99,9,9,99,0,9,99,9,99,1,1,1,1,23,5,-1,-1,-1,-1,4,1,E01003561,0
Unvalidated,2024010512741,2024,010512741,2,9,0,99,9,9,99,0,9,99,9,99,2,9,6,3,-1,-1,-1,-1,-1,-1,-1,-1,-1,0
Unvalidated,2024010512749,2024,010512749,1,1,0,99,9,9,0,1,0,99,9,99,9,1,6,2,28,6,-1,-1,-1,-1,8,1,E01004511,0
Unvalidated,2024010512749,2024,010512749,2,19,0,99,9,9,0,1,0,99,0,0,9,9,6,3,-1,-1,-1,-1,-1,-1,2,1,E01004539,0
Unvalidated,2024010512750,2024,010512750,1,1,9,99,9,9,99,9,9,99,9,99,9,1,2,1,23,5,-1,-1,-1,-1,3,1,E01004203,0
Unvalidated,2024010512750,2024,010512750,2,9,0,99,9,9,99,9,9,99,9,99,2,9,6,3,-1,-1,-1,-1,-1,-1,-1,-1,-1,0
Unvalidated,2024010512751,2024,010512751,1,1,9,99,9,9,99,9,9,99,9,99,9,1,2,1,52,8,-1,-1,-1,-1,6,1,E01001897,0
Unvalidated,2024010512751,2024,010512751,2,5,9,99,9,9,99,9,9,99,9,99,9,1,6,3,-1,-1,-1,-1,-1,-1,10,1,E01031646,0
Unvalidated,2024010512753,2024,010512753,1,1,9,99,9,9,99,0,9,99,9,99,9,1,2,2,35,6,-1,-1,-1,-1,5,1,E01003262,0
Unvalidated,2024010512753,2024,010512753,2,9,0,99,9,9,99,0,9,99,9,99,9,9,6,1,30,6,-1,-1,-1,-1,3,1,E01003819,0
Unvalidated,2024010512757,2024,010512757,1,1,9,99,9,9,99,9,9,99,9,99,9,1,2,1,32,6,-1,-1,-1,-1,3,1,E01003096,0
Unvalidated,2024010512757,2024,010512757,2,19,0,99,9,9,99,9,9,99,9,99,9,9,6,3,-1,-1,-1,-1,-1,-1,-1,-1,-1,0
Unvalidated,2024010512758,2024,010512758,1,9,0,99,9,9,99,9,9,99,9,99,1,9,6,2,23,5,-1,-1,-1,-1,2,1,E01001477,0
Unvalidated,2024010512758,2024,010512758,2,9,0,99,9,9,99,9,9,99,9,99,1,9,6,1,22,5,-1,-1,-1,-1,2,1,E01001971,0
Unvalidated,2024010512771,2024,010512771,1,9,0,99,9,9,99,9,9,99,9,99,1,9,6,3,-1,-1,-1,-1,-1,-1,-1,-1,-1,0
Unvalidated,2024010512771,2024,010512771,2,1,9,99,9,9,99,9,9,99,9,99,2,1,6,1,24,5,-1,-1,-1,-1,5,1,E01004307,0
Unvalidated,2024010512775,2024,010512775,1,1,9,99,9,9,99,0,9,99,9,99,9,1,2,1,39,7,-1,-1,-1,-1,2,1,E01000867,0
Unvalidated,2024010512775,2024,010512775,2,9,0,99,9,9,99,0,9,99,9,99,9,9,6,3,-1,-1,-1,-1,-1,-1,-1,-1,-1,0
Unvalidated,2024010512777,2024,010512777,1,3,0,99,9,9,99,9,9,99,9,99,9,1,6,2,28,6,-1,-1,-1,-1,5,1,E01000975,0
Unvalidated,2024010512777,2024,010512777,2,9,0,99,9,9,99,9,9,99,9,99,9,9,6,3,43,7,-1,-1,-1,-1,4,1,E01003448,0
Unvalidated,2024010512784,2024,010512784,1,9,0,99,9,9,99,9,9,99,9,99,2,9,6,1,41,7,-1,-1,-1,-1,4,1,E01002020,0
Unvalidated,2024010512784,2024,010512784,2,9,0,99,9,9,99,9,9,99,9,99,1,9,6,3,40,7,-1,-1,-1,-1,6,1,E01002747,0
Unvalidated,2024010512793,2024,010512793,1,3,0,99,9,9,99,9,9,99,9,99,9,1,1,1,29,6,-1,-1,-1,-1,7,1,E01000361,0
Unvalidated,2024010512793,2024,010512793,2,9,0,99,9,9,99,9,9,99,9,99,9,9,6,1,53,8,-1,-1,-1,-1,1,1,E01004248,0
Unvalidated,2024010512795,2024,010512795,1,1,9,18,9,9,4,1,9,99,9,99,1,1,1,1,41,7,-1,-1,-1,-1,3,1,E01003221,0
Unvalidated,2024010512795,2024,010512795,2,19,0,7,9,9,99,5,9,99,9,99,9,9,6,3,25,5,-1,-1,-1,-1,9,1,E01000341,0
Unvalidated,2024010512809,2024,010512809,1,9,0,99,9,9,99,9,9,99,9,99,1,9,6,2,55,8,-1,-1,-1,-1,3,1,E01001688,0
Unvalidated,2024010512809,2024,010512809,2,9,9,99,9,9,0,9,9,99,9,99,9,9,6,3,39,7,-1,-1,-1,-1,2,1,E01000422,0
Unvalidated,2024010512817,2024,010512817,1,9,0,99,9,9,99,9,9,99,9,99,9,9,2,2,59,9,-1,-1,-1,-1,2,1,E01003479,0
Unvalidated,2024010512817,2024,010512817,2,9,9,99,9,9,99,9,9,99,9,99,9,9,6,3,34,6,-1,-1,-1,-1,4,1,E01002858,0
Unvalidated,2024010512825,2024,010512825,1,9,0,99,9,9,99,0,9,99,9,99,2,9,1,1,34,6,-1,-1,-1,-1,4,1,E01003767,0
Unvalidated,2024010512825,2024,010512825,2,9,0,99,9,9,99,0,9,99,9,99,1,9,6,3,-1,-1,-1,-1,-1,-1,-1,-1,-1,0
Unvalidated,2024010512829,2024,010512829,1,9,0,99,9,9,99,0,9,99,9,99,9,1,6,1,36,7,-1,-1,-1,-1,5,1,E01003022,0
Unvalidated,2024010512834,2024,010512834,1,9,0,99,9,9,99,9,9,99,9,99,2,1,6,1,29,6,-1,-1,-1,-1,3,1,E01000092,0
Unvalidated,2024010512834,2024,010512834,2,9,9,99,9,9,99,8,9,99,0,0,9,2,6,3,-1,-1,-1,-1,-1,-1,-1,-1,-1,0
Unvalidated,2024010512837,2024,010512837,1,9,0,99,9,9,99,9,9,99,9,99,9,9,2,2,17,4,-1,-1,-1,-1,1,1,E01021305,0
Unvalidated,2024010512837,2024,010512837,2,9,4,99,9,9,99,9,9,99,9,99,1,9,6,3,51,8,-1,-1,-1,-1,8,3,E01013058,0
Unvalidated,2024010512838,2024,010512838,1,1,9,99,9,9,99,9,9,99,9,99,1,1,6,1,26,6,-1,-1,-1,-1,4,1,E01001879,0
Unvalidated,2024010512838,2024,010512838,2,9,0,99,9,9,99,9,9,99,9,99,9,9,6,3,-1,-1,-1,-1,-1,-1,-1,-1,-1,0
Unvalidated,2024010512840,2024,010512840,1,9,0,99,9,9,99,9,9,99,9,99,2,9,6,1,46,8,-1,-1,-1,-1,3,1,E01021273,0
Unvalidated,2024010512840,2024,010512840,2,8,0,99,9,9,99,9,9,99,9,99,1,9,6,3,-1,-1,-1,-1,-1,-1,3,1,E01004633,0
Unvalidated,2024010512842,2024,010512842,1,1,9,18,9,9,99,1,9,99,9,99,9,1,2,1,58,9,-1,-1,-1,-1,7,1,E01032781,0
Unvalidated,2024010512842,2024,010512842,2,1,9,11,9,9,99,5,9,99,9,99,9,1,6,2,-1,-1,-1,-1,-1,-1,1,1,E01004301,0
Unvalidated,2024010512848,2024,010512848,1,3,0,99,9,9,99,9,9,99,9,99,2,1,1,1,35,6,-1,-1,-1,-1,1,1,E01001178,0
Unvalidated,2024010512848,2024,010512848,2,9,0,99,9,9,99,9,9,99,9,99,1,9,6,3,-1,-1,-1,-1,-1,-1,-1,-1,-1,0
Unvalidated,2024010512849,2024,010512849,1,9,0,99,9,9,99,0,9,99,9,99,2,1,6,1,24,5,-1,-1,-1,-1,7,1,E01033568,0
Unvalidated,2024010512851,2024,010512851,1,9,0,99,9,9,99,9,9,99,9,99,1,9,6,1,28,6,-1,-1,-1,-1,6,1,E01003378,0
Unvalidated,2024010512857,2024,010512857,1,1,9,99,9,9,99,9,9,99,9,99,1,1,6,1,16,4,-1,-1,-1,-1,2,1,E01002809,0
Unvalidated,2024010512857,2024,010512857,2,9,0,99,9,9,99,9,9,99,9,99,1,9,6,3,-1,-1,-1,-1,-1,-1,-1,-1,-1,0
Unvalidated,2024010512870,2024,010512870,1,1,9,99,9,9,99,9,9,99,9,99,1,1,6,1,27,6,-1,-1,-1,-1,7,1,E01004508,0
Unvalidated,2024010512870,2024,010512870,2,9,0,99,9,9,99,9,9,99,9,99,9,9,6,3,-1,-1,-1,-1,-1,-1,6,1,E01001159,0
Unvalidated,2024010512871,2024,010512871,1,9,0,99,9,9,99,0,9,99,9,99,2,9,6,1,84,11,-1,-1,-1,-1,10,1,E01004106,0
Unvalidated,2024010512871,2024,010512871,2,9,0,99,9,9,99,0,9,99,9,99,1,9,6,3,-1,-1,-1,-1,-1,-1,-1,-1,-1,0
Unvalidated,2024010512872,2024,010512872,1,9,0,99,9,9,99,0,9,99,9,99,2,9,6,2,49,8,-1,-1,-1,-1,8,1,E01024839,0
Unvalidated,2024010512872,2024,010512872,2,9,0,99,9,9,99,0,9,99,9,99,2,9,6,3,-1,-1,-1,-1,-1,-1,6,1,E01003152,0
Unvalidated,2024010512879,2024,010512879,1,9,9,99,9,9,99,9,9,99,9,99,2,9,6,3,-1,-1,-1,-1,-1,-1,5,1,E01003413,0
Unvalidated,2024010512879,2024,010512879,2,22,9,18,5,1,9,9,0,0,0,0,3,1,6,1,-1,-1,-1,-1,-1,-1,3,1,E01001111,0
Unvalidated,2024010512886,2024,010512886,1,9,0,99,9,9,99,9,9,99,9,99,2,9,6,2,27,6,-1,-1,-1,-1,3,1,E01002547,0
Unvalidated,2024010512886,2024,010512886,2,9,9,99,9,9,99,9,9,99,9,99,9,9,6,1,36,7,-1,-1,-1,-1,5,1,E01000606,0
Unvalidated,2024010512887,2024,010512887,1,1,9,99,3,7,99,9,9,99,9,99,9,1,2,1,39,7,-1,-1,-1,-1,3,1,E01003094,0
Unvalidated,2024010512887,2024,010512887,2,3,9,99,7,3,99,9,9,99,9,99,9,1,6,3,-1,-1,-1,-1,-1,-1,-1,-1,-1,0
Unvalidated,2024010512895,2024,010512895,1,1,9,99,9,9,99,9,9,99,9,99,9,1,6,3,-1,-1,-1,-1,-1,-1,-1,-1,-1,0
Unvalidated,2024010512902,2024,010512902,1,1,9,99,9,9,99,5,9,99,9,99,2,1,6,1,56,9,-1,-1,-1,-1,3,1,E01003250,0
Unvalidated,2024010512902,2024,010512902,2,9,0,99,9,9,99,1,9,99,9,99,1,9,6,3,-1,-1,-1,-1,-1,-1,-1,-1,-1,0
Unvalidated,2024010512908,2024,010512908,1,3,0,99,9,9,99,9,9,99,9,99,9,1,2,1,24,5,-1,-1,-1,-1,3,1,E01003145,0
Unvalidated,2024010512908,2024,010512908,2,9,0,99,9,9,99,9,9,99,9,99,9,9,6,3,-1,-1,-1,-1,-1,-1,-1,-1,-1,0
Unvalidated,2024010512909,2024,010512909,1,1,0,18,3,7,0,9,0,0,0,0,1,1,2,1,31,6,-1,-1,-1,-1,4,1,E01033572,0
Unvalidated,2024010512909,2024,010512909,2,9,0,99,9,9,99,9,9,99,9,99,1,9,6,2,-1,-1,-1,-1,-1,-1,8,1,E01001384,0
Unvalidated,2024010512913,2024,010512913,1,9,0,99,9,9,99,9,9,99,9,99,9,9,2,2,56,9,-1,-1,-1,-1,6,1,E01004476,0
Unvalidated,2024010512913,2024,010512913,2,9,0,99,9,9,99,9,9,99,9,99,2,9,6,3,-1,-1,-1,-1,-1,-1,-1,-1,-1,0
Unvalidated,2024010512916,2024,010512916,1,9,0,99,9,9,99,9,9,99,9,99,2,9,6,1,60,9,-1,-1,-1,-1,5,1,E01004503,0
Unvalidated,2024010512916,2024,010512916,2,9,0,99,9,9,99,9,9,99,9,99,2,9,6,3,-1,-1,-1,-1,-1,-1,-1,-1,-1,0
Unvalidated,2024010512918,2024,010512918,1,1,9,99,9,9,99,9,9,99,9,99,9,1,6,2,34,6,-1,-1,-1,-1,5,1,E01003327,0
Unvalidated,2024010512918,2024,010512918,2,9,0,99,9,9,99,9,9,99,9,99,9,9,6,1,57,9,-1,-1,-1,-1,2,1,E01032565,0
Unvalidated,2024010512922,2024,010512922,1,3,0,99,9,9,99,9,9,99,9,99,1,1,1,1,32,6,-1,-1,-1,-1,5,1,E01000747,0
Unvalidated,2024010512922,2024,010512922,2,9,9,99,9,9,99,9,9,99,9,99,9,9,6,1,-1,-1,-1,-1,-1,-1,-1,-1,-1,0
Unvalidated,2024010512935,2024,010512935,1,9,0,99,9,9,99,9,9,99,9,99,9,9,6,2,26,6,-1,-1,-1,-1,6,1,E01002541,0
Unvalidated,2024010512935,2024,010512935,2,9,0,99,9,9,99,9,9,99,9,99,9,9,6,3,-1,-1,-1,-1,-1,-1,-1,-1,-1,0
Unvalidated,2024010512949,2024,010512949,1,1,9,99,9,9,99,9,9,99,9,99,9,1,6,2,74,10,-1,-1,-1,-1,7,1,E01001290,0
Unvalidated,2024010512956,2024,010512956,1,9,0,99,9,9,99,9,9,99,9,99,9,9,6,1,32,6,-1,-1,-1,-1,5,1,E01003703,0
Unvalidated,2024010512956,2024,010512956,2,19,9,18,5,1,99,9,9,99,9,99,9,9,6,3,-1,-1,-1,-1,-1,-1,-1,-1,-1,0
Unvalidated,2024010512961,2024,010512961,1,9,0,99,9,9,99,9,9,99,9,99,4,9,6,1,35,6,-1,-1,-1,-1,4,1,E01003573,0
Unvalidated,2024010512961,2024,010512961,2,9,0,99,9,9,0,4,0,0,0,0,1,1,6,3,-1,-1,-1,-1,-1,-1,-1,-1,-1,0
Unvalidated,2024010512965,2024,010512965,1,1,9,99,9,9,99,9,9,99,9,99,9,1,6,1,30,6,-1,-1,-1,-1,6,1,E01003226,0
Unvalidated,2024010512965,2024,010512965,2,8,0,99,9,9,99,9,9,99,9,99,9,9,6,3,-1,-1,-1,-1,-1,-1,-1,-1,-1,0
Unvalidated,2024010512971,2024,010512971,1,9,0,99,9,9,99,9,9,99,9,99,9,9,6,1,50,8,-1,-1,-1,-1,2,1,E01001328,0
Unvalidated,2024010512971,2024,010512971,2,9,0,99,9,9,99,9,9,99,9,99,9,9,6,3,-1,-1,-1,-1,-1,-1,-1,-1,-1,0
Unvalidated,2024010512985,2024,010512985,1,3,0,99,9,9,99,9,9,99,9,99,9,1,6,1,37,7,-1,-1,-1,-1,3,1,E01001147,0
Unvalidated,2024010512986,2024,010512986,1,1,9,99,9,9,99,1,9,99,9,99,9,1,6,2,43,7,-1,-1,-1,-1,5,1,E01028441,0
Unvalidated,2024010512986,2024,010512986,2,9,0,99,9,9,99,5,9,99,9,99,2,9,6,3,-1,-1,-1,-1,-1,-1,-1,-1,-1,0
Unvalidated,2024010512988,2024,010512988,1,1,9,99,9,9,99,9,9,99,9,99,9,1,6,1,37,7,-1,-1,-1,-1,2,1,E01000931,0
Unvalidated,2024010512988,2024,010512988,2,9,0,99,9,9,99,9,9,99,9,99,1,9,6,3,38,7,-1,-1,-1,-1,3,1,E01003269,0
Unvalidated,2024010512998,2024,010512998,1,1,9,99,9,9,99,9,9,99,9,99,9,1,6,2,55,8,-1,-1,-1,-1,4,1,E01004124,0
Unvalidated,2024010512998,2024,010512998,2,8,0,99,9,9,99,9,9,99,9,99,9,9,6,3,-1,-1,-1,-1,-1,-1,-1,-1,-1,0
Unvalidated,2024010513003,2024,010513003,1,9,0,99,9,9,99,9,9,99,9,99,2,9,2,1,44,7,-1,-1,-1,-1,3,1,E01002102,0
Unvalidated,2024010513003,2024,010513003,2,9,0,99,9,9,99,9,9,99,9,99,1,9,6,3,-1,-1,-1,-1,-1,-1,-1,-1,-1,0
Unvalidated,2024010513023,2024,010513023,1,3,0,99,9,9,99,9,9,99,9,99,9,1,1,1,22,5,-1,-1,-1,-1,3,1,E01002043,0
Unvalidated,2024010513023,2024,010513023,2,9,9,99,9,9,99,9,9,99,9,99,9,9,6,3,-1,-1,-1,-1,-1,-1,-1,-1,-1,0
Unvalidated,2024010513034,2024,010513034,1,1,9,99,9,9,99,9,9,99,9,99,1,1,1,1,32,6,-1,-1,-1,-1,2,1,E01002807,0
Unvalidated,2024010513034,2024,010513034,2,98,9,99,9,9,99,9,9,99,9,99,9,9,6,3,-1,-1,-1,-1,-1,-1,-1,-1,-1,0
Unvalidated,2024010513036,2024,010513036,1,3,0,99,9,9,99,9,9,99,9,99,9,1,6,1,46,8,-1,-1,-1,-1,6,1,E01002423,0
Unvalidated,2024010513036,2024,010513036,2,9,0,99,9,9,99,9,9,99,9,99,1,9,6,3,-1,-1,-1,-1,-1,-1,-1,-1,-1,0
Unvalidated,2024010513044,2024,010513044,1,3,0,99,9,9,99,9,9,99,9,99,2,1,1,1,26,6,-1,-1,-1,-1,3,1,E01002647,0
Unvalidated,2024010513044,2024,010513044,2,9,9,99,9,9,99,9,9,99,9,99,9,9,6,3,28,6,-1,-1,-1,-1,-1,1,-1,0
Unvalidated,2024010513045,2024,010513045,1,11,0,99,9,9,99,0,9,99,9,99,3,9,6,2,48,8,-1,-1,-1,-1,6,1,E01000726,0
Unvalidated,2024010513051,2024,010513051,1,1,9,99,9,9,99,9,9,99,9,99,1,1,6,1,28,6,-1,-1,-1,-1,3,1,E01001874,0
Unvalidated,2024010513051,2024,010513051,2,9,0,99,9,9,99,9,9,99,9,99,9,9,6,3,55,8,-1,-1,-1,-1,10,1,E01003805,0
Unvalidated,2024010513059,2024,010513059,1,1,9,99,9,9,99,9,9,99,9,99,9,1,2,1,55,8,-1,-1,-1,-1,3,1,E01003251,0
Unvalidated,2024010513059,2024,010513059,2,19,0,99,9,9,99,9,9,99,9,99,9,9,6,1,30,6,-1,-1,-1,-1,5,1,E01024168,0
Unvalidated,2024010513065,2024,010513065,1,1,9,99,9,9,99,9,9,99,9,99,9,1,6,3,-1,-1,-1,-1,-1,-1,-1,-1,-1,0
Unvalidated,2024010513068,2024,010513068,1,4,0,99,9,9,99,9,9,99,9,99,1,1,6,1,31,6,-1,-1,-1,-1,4,1,E01001285,0
Unvalidated,2024010513068,2024,010513068,2,9,0,99,9,9,99,9,9,99,9,99,9,9,6,3,-1,-1,-1,-1,-1,-1,-1,-1,-1,0
Unvalidated,2024010513071,2024,010513071,1,9,0,99,9,9,99,9,9,99,9,99,2,9,6,1,35,6,-1,-1,-1,-1,4,1,E01004016,0
Unvalidated,2024010513071,2024,010513071,2,97,9,99,9,9,99,9,9,99,9,99,9,1,6,3,-1,-1,-1,-1,-1,-1,-1,-1,-1,0
Unvalidated,2024010513080,2024,010513080,1,3,0,99,9,9,99,9,9,99,9,99,9,1,2,1,46,8,-1,-1,-1,-1,2,1,E01003377,0
Unvalidated,2024010513080,2024,010513080,2,9,0,99,9,9,99,9,9,99,9,99,1,9,6,3,-1,-1,-1,-1,-1,-1,-1,-1,-1,0
Unvalidated,2024010513083,2024,010513083,1,3,0,99,9,9,99,9,9,99,9,99,9,1,2,2,35,6,-1,-1,-1,-1,5,1,E01033577,0
Unvalidated,2024010513083,2024,010513083,2,9,0,99,9,9,99,9,9,99,9,99,9,9,6,3,-1,-1,-1,-1,-1,-1,-1,-1,-1,0
Unvalidated,2024010513087,2024,010513087,1,8,0,99,9,9,99,9,9,99,9,99,1,9,1,1,33,6,-1,-1,-1,-1,6,1,E01000318,0
Unvalidated,2024010513087,2024,010513087,2,9,0,99,9,9,99,9,9,99,9,99,9,9,6,1,57,9,-1,-1,-1,-1,1,1,E01002093,0