status,collision_index,collision_year,collision_reference,vehicle_reference,vehicle_type,towing_and_articulation,vehicle_manoeuvre,vehicle_direction_from,vehicle_direction_to,vehicle_location_restricted_lane,junction_location,skidding_and_overturning,hit_object_in_carriageway,vehicle_leaving_carriageway,hit_object_off_carriageway,first_point_of_impact,vehicle_left_hand_drive,journey_purpose_of_driver,sex_of_driver,age_of_driver,age_band_of_driver,engine_capacity_cc,propulsion_code,age_of_vehicle,generic_make_model,driver_imd_decile,driver_home_area_type,lsoa_of_driver,escooter_flag
Unvalidated,2024010513088,2024,010513088,1,11,0,99,9,9,99,9,9,99,9,99,9,9,6,3,-1,-1,-1,-1,-1,-1,-1,-1,-1,0
Unvalidated,2024010513092,2024,010513092,1,1,9,99,9,9,99,9,9,99,9,99,1,1,2,1,56,9,-1,-1,-1,-1,3,1,E01003014,0
Unvalidated,2024010513092,2024,010513092,2,19,9,99,9,9,99,9,9,99,9,99,9,9,6,3,-1,-1,-1,-1,-1,-1,-1,-1,-1,0
Unvalidated,2024010513101,2024,010513101,1,9,0,99,9,9,99,9,9,99,9,99,9,9,6,3,-1,-1,-1,-1,-1,-1,-1,-1,-1,0
Unvalidated,2024010513101,2024,010513101,2,3,0,99,9,9,99,9,9,99,9,99,9,1,2,3,43,7,-1,-1,-1,-1,2,1,E01000603,0
Unvalidated,2024010513103,2024,010513103,1,8,0,99,9,9,99,9,9,99,9,99,1,9,1,1,56,9,-1,-1,-1,-1,7,1,E01023335,0
Unvalidated,2024010513103,2024,010513103,2,1,9,99,9,9,99,9,9,99,9,99,1,1,6,3,-1,-1,-1,-1,-1,-1,-1,-1,-1,0
Unvalidated,2024010513106,2024,010513106,1,9,0,99,9,9,99,0,9,99,9,99,2,9,6,1,28,6,-1,-1,-1,-1,4,1,E01001182,0
Unvalidated,2024010513106,2024,010513106,2,9,0,99,9,9,99,0,9,99,9,99,1,9,6,3,-1,-1,-1,-1,-1,-1,-1,-1,-1,0
Unvalidated,2024010513128,2024,010513128,1,9,0,99,9,9,99,0,9,99,9,99,0,9,6,3,-1,-1,-1,-1,-1,-1,-1,-1,-1,0
Unvalidated,2024010513135,2024,010513135,1,9,9,99,9,9,99,0,9,99,0,0,9,1,6,3,-1,-1,-1,-1,-1,-1,-1,-1,-1,0
Unvalidated,2024010513137,2024,010513137,1,9,0,99,9,9,99,9,9,99,9,99,9,9,2,1,65,9,-1,-1,-1,-1,2,1,E01002832,0
Unvalidated,2024010513137,2024,010513137,2,9,0,99,9,9,99,9,9,99,9,99,1,9,6,3,-1,-1,-1,-1,-1,-1,-1,-1,-1,0
Unvalidated,2024010513142,2024,010513142,1,9,0,99,9,9,99,9,9,99,9,99,2,9,6,1,41,7,-1,-1,-1,-1,1,1,E01009173,0
Unvalidated,2024010513143,2024,010513143,1,3,9,99,9,9,99,9,9,99,9,99,1,1,1,1,39,7,-1,-1,-1,-1,8,1,E01003361,0
Unvalidated,2024010513143,2024,010513143,2,9,9,99,9,9,99,9,9,99,9,99,9,9,6,3,-1,-1,-1,-1,-1,-1,-1,-1,-1,0
Unvalidated,2024010513150,2024,010513150,1,3,0,99,9,9,99,9,9,99,9,99,9,1,1,1,27,6,-1,-1,-1,-1,5,1,E01000619,0
Unvalidated,2024010513150,2024,010513150,2,9,0,99,9,9,99,9,9,99,9,99,9,9,6,3,-1,-1,-1,-1,-1,-1,-1,-1,-1,0
Unvalidated,2024010513154,2024,010513154,1,1,9,99,9,9,99,0,9,99,9,99,1,1,2,2,39,7,-1,-1,-1,-1,2,1,E01001791,0
Unvalidated,2024010513154,2024,010513154,2,9,0,99,9,9,99,0,9,99,9,99,9,9,6,3,37,7,-1,-1,-1,-1,4,1,E01004376,0
Unvalidated,2024010513158,2024,010513158,1,3,0,99,9,9,99,9,9,99,9,99,9,1,6,1,20,4,-1,-1,-1,-1,1,1,E01000524,0
Unvalidated,2024010513158,2024,010513158,2,9,0,99,9,9,99,9,9,99,9,99,9,9,6,3,-1,-1,-1,-1,-1,-1,-1,-1,-1,0
Unvalidated,2024010513168,2024,010513168,1,3,9,99,9,9,99,9,9,99,9,99,9,1,1,3,20,4,-1,-1,-1,-1,2,1,E01000501,0
Unvalidated,2024010513168,2024,010513168,2,9,9,99,9,9,99,9,9,99,9,99,9,9,6,3,-1,-1,-1,-1,-1,-1,-1,-1,-1,0
Unvalidated,2024010513170,2024,010513170,1,4,0,99,9,9,99,9,9,99,9,99,1,1,6,1,33,6,-1,-1,-1,-1,4,1,E01000846,0
Unvalidated,2024010513170,2024,010513170,2,9,0,99,9,9,99,9,9,99,9,99,9,9,6,3,-1,-1,-1,-1,-1,-1,-1,-1,-1,0
Unvalidated,2024010513174,2024,010513174,1,1,9,99,9,9,99,9,9,99,9,99,1,1,2,2,34,6,-1,-1,-1,-1,2,1,E01003061,0
Unvalidated,2024010513174,2024,010513174,2,98,0,99,9,9,99,9,9,99,9,99,9,9,6,3,-1,-1,-1,-1,-1,-1,-1,-1,-1,0
Unvalidated,2024010513176,2024,010513176,1,1,9,99,9,9,99,9,9,99,9,99,9,1,6,1,51,8,-1,-1,-1,-1,8,1,E01002963,0
Unvalidated,2024010513176,2024,010513176,2,9,0,99,9,9,99,9,9,99,9,99,1,9,6,3,64,9,-1,-1,-1,-1,8,1,E01003445,0
Unvalidated,2024010513178,2024,010513178,1,3,0,99,9,9,99,9,9,99,9,99,9,1,1,1,33,6,-1,-1,-1,-1,3,1,E01002645,0
Unvalidated,2024010513178,2024,010513178,2,9,0,99,9,9,99,9,9,99,9,99,9,9,6,3,44,7,-1,-1,-1,-1,4,1,E01002866,0
Unvalidated,2024010513200,2024,010513200,1,9,0,99,9,9,99,9,9,99,9,99,2,9,2,1,49,8,-1,-1,-1,-1,5,1,E01003724,0
Unvalidated,2024010513200,2024,010513200,2,2,0,99,9,9,99,9,9,99,9,99,1,1,6,3,-1,-1,-1,-1,-1,-1,-1,-1,-1,0
Unvalidated,2024010513205,2024,010513205,1,8,0,99,9,9,99,9,9,99,9,99,9,9,1,1,-1,-1,-1,-1,-1,-1,8,1,E01004168,0
Unvalidated,2024010513205,2024,010513205,2,9,0,99,9,9,99,9,9,99,9,99,9,9,6,3,-1,-1,-1,-1,-1,-1,5,3,E01020460,0
Unvalidated,2024010513221,2024,010513221,1,1,9,18,9,9,4,9,9,99,9,99,1,1,2,2,25,5,-1,-1,-1,-1,1,1,E01004322,0
Unvalidated,2024010513221,2024,010513221,2,9,0,2,9,9,99,9,9,8,9,99,9,9,6,3,48,8,-1,-1,-1,-1,2,1,E01004197,0
Unvalidated,2024010513222,2024,010513222,1,9,0,99,9,9,99,0,9,99,9,99,1,9,1,1,45,7,-1,-1,-1,-1,6,1,E01003653,0
Unvalidated,2024010513222,2024,010513222,2,9,0,99,9,9,99,0,9,99,9,99,2,9,6,2,45,7,-1,-1,-1,-1,1,1,E01001145,0
Unvalidated,2024010513227,2024,010513227,1,9,0,99,9,9,99,9,9,99,9,99,3,9,6,2,27,6,-1,-1,-1,-1,4,1,E01003448,0
Unvalidated,2024010513227,2024,010513227,2,9,0,99,9,9,99,9,9,99,9,99,1,9,6,3,-1,-1,-1,-1,-1,-1,-1,-1,-1,0
Unvalidated,2024010513229,2024,010513229,1,3,0,99,9,9,99,9,9,99,9,99,9,1,1,1,39,7,-1,-1,-1,-1,9,1,E01002926,0
Unvalidated,2024010513229,2024,010513229,2,9,0,99,9,9,99,9,9,99,9,99,9,9,6,3,-1,-1,-1,-1,-1,-1,-1,-1,-1,0
Unvalidated,2024010513231,2024,010513231,1,9,0,99,9,9,99,9,9,99,9,99,1,9,6,3,66,10,-1,-1,-1,-1,4,1,E01001903,0
Unvalidated,2024010513239,2024,010513239,1,9,9,99,9,9,99,9,9,99,9,99,9,9,6,3,-1,-1,-1,-1,-1,-1,-1,-1,-1,0
Unvalidated,2024010513242,2024,010513242,1,9,0,99,9,9,99,9,9,99,9,99,9,9,2,1,42,7,-1,-1,-1,-1,7,1,E01015272,0
Unvalidated,2024010513242,2024,010513242,2,9,0,99,9,9,99,9,9,99,9,99,9,9,6,3,-1,-1,-1,-1,-1,-1,-1,-1,-1,0
Unvalidated,2024010513243,2024,010513243,1,1,9,99,9,9,99,9,9,99,9,99,9,1,6,1,54,8,-1,-1,-1,-1,4,1,E01021809,0
Unvalidated,2024010513243,2024,010513243,2,9,0,99,9,9,99,9,9,99,9,99,9,9,6,3,-1,-1,-1,-1,-1,-1,-1,-1,-1,0
Unvalidated,2024010513244,2024,010513244,1,3,0,99,9,9,99,9,9,99,9,99,9,1,1,3,24,5,-1,-1,-1,-1,4,1,E01001503,0
Unvalidated,2024010513244,2024,010513244,2,9,0,99,9,9,99,9,9,99,9,99,1,9,6,3,-1,-1,-1,-1,-1,-1,-1,-1,-1,0
Unvalidated,2024010513252,2024,010513252,1,3,0,99,9,9,99,9,9,99,9,99,9,1,1,3,25,5,-1,-1,-1,-1,4,1,E01015494,0
Unvalidated,2024010513252,2024,010513252,2,9,0,99,9,9,99,9,9,99,9,99,9,9,6,3,-1,-1,-1,-1,-1,-1,-1,-1,-1,0
Unvalidated,2024010513256,2024,010513256,1,3,0,3,9,9,99,0,9,99,9,99,9,1,6,1,37,7,-1,-1,-1,-1,5,1,E01000996,0
Unvalidated,2024010513256,2024,010513256,2,9,0,1,9,9,99,0,9,99,9,99,2,9,6,3,-1,-1,-1,-1,-1,-1,-1,-1,-1,0
Unvalidated,2024010513258,2024,010513258,1,9,0,99,9,9,99,9,9,99,9,99,2,9,6,1,28,6,-1,-1,-1,-1,4,1,E01024296,0
Unvalidated,2024010513258,2024,010513258,2,2,0,99,9,9,99,9,9,99,9,99,1,1,6,3,-1,-1,-1,-1,-1,-1,-1,-1,-1,0
Unvalidated,2024010513262,2024,010513262,1,9,0,99,9,9,99,9,9,99,9,99,1,9,6,3,-1,-1,-1,-1,-1,-1,9,1,E01000444,0
Unvalidated,2024010513264,2024,010513264,1,1,9,99,9,9,99,9,9,99,9,99,9,1,2,1,36,7,-1,-1,-1,-1,1,1,E01001978,0
Unvalidated,2024010513264,2024,010513264,2,11,0,99,9,9,99,9,9,99,9,99,9,9,6,3,-1,-1,-1,-1,-1,-1,-1,-1,-1,0
Unvalidated,2024010513270,2024,010513270,1,3,0,99,9,9,99,9,9,99,9,99,1,1,6,1,42,7,-1,-1,-1,-1,5,1,E01003411,0
Unvalidated,2024010513270,2024,010513270,2,9,0,99,9,9,99,9,9,99,9,99,1,9,6,3,-1,-1,-1,-1,-1,-1,-1,-1,-1,0
Unvalidated,2024010513278,2024,010513278,1,3,0,99,9,9,99,9,9,99,9,99,1,1,6,1,35,6,-1,-1,-1,-1,3,1,E01001981,0
Unvalidated,2024010513278,2024,010513278,2,98,0,99,9,9,99,9,9,99,9,99,0,9,6,3,-1,-1,-1,-1,-1,-1,-1,-1,-1,0
Unvalidated,2024010513280,2024,010513280,1,3,0,99,9,9,99,9,9,99,9,99,9,1,2,1,24,5,-1,-1,-1,-1,5,1,E01000489,0
Unvalidated,2024010513280,2024,010513280,2,9,0,99,9,9,99,9,9,99,9,99,9,9,6,3,-1,-1,-1,-1,-1,-1,-1,-1,-1,0
Unvalidated,2024010513281,2024,010513281,1,9,0,99,9,9,99,0,9,99,9,99,9,9,6,3,-1,-1,-1,-1,-1,-1,-1,-1,-1,0
Unvalidated,2024010513284,2024,010513284,1,9,0,99,9,9,99,0,9,99,9,99,0,9,6,3,-1,-1,-1,-1,-1,-1,-1,-1,-1,0
Unvalidated,2024010513284,2024,010513284,2,90,0,2,0,0,0,0,0,0,0,0,9,1,6,3,-1,-1,-1,-1,-1,-1,-1,-1,-1,0
Unvalidated,2024010513286,2024,010513286,1,3,0,99,9,9,99,9,9,99,9,99,9,1,2,1,28,6,-1,-1,-1,-1,3,1,E01002646,0
Unvalidated,2024010513286,2024,010513286,2,9,0,99,9,9,99,9,9,99,9,99,9,9,6,3,-1,-1,-1,-1,-1,-1,-1,-1,-1,0
Unvalidated,2024010513288,2024,010513288,1,19,0,99,9,9,99,9,9,99,9,99,2,9,6,3,-1,-1,-1,-1,-1,-1,-1,-1,-1,0
Unvalidated,2024010513305,2024,010513305,1,3,0,99,9,9,99,9,9,99,9,99,1,9,6,3,-1,-1,-1,-1,-1,-1,-1,-1,-1,0
Unvalidated,2024010513305,2024,010513305,2,9,0,99,9,9,99,9,9,99,9,99,2,9,6,3,-1,-1,-1,-1,-1,-1,-1,-1,-1,0
Unvalidated,2024010513309,2024,010513309,1,3,0,99,9,9,99,9,9,99,9,99,9,1,6,1,51,8,-1,-1,-1,-1,3,1,E01002079,0
Unvalidated,2024010513309,2024,010513309,2,9,0,99,9,9,99,9,9,99,9,99,2,9,6,3,-1,-1,-1,-1,-1,-1,-1,-1,-1,0
Unvalidated,2024010513312,2024,010513312,1,9,0,99,9,9,99,9,9,99,9,99,2,9,1,2,28,6,-1,-1,-1,-1,8,1,E01002925,0
Unvalidated,2024010513312,2024,010513312,2,19,0,99,9,9,99,9,9,99,9,99,0,9,6,3,-1,-1,-1,-1,-1,-1,3,1,E01002502,0
Unvalidated,2024010513313,2024,010513313,1,3,9,99,9,9,99,9,9,99,9,99,9,1,1,1,27,6,-1,-1,-1,-1,3,1,E01000642,0
Unvalidated,2024010513313,2024,010513313,2,9,9,99,9,9,99,9,9,99,9,99,9,9,6,3,-1,-1,-1,-1,-1,-1,-1,-1,-1,0
Unvalidated,2024010513314,2024,010513314,1,1,9,99,9,9,99,0,9,99,9,99,9,1,2,3,30,6,-1,-1,-1,-1,7,1,E01004512,0
Unvalidated,2024010513314,2024,010513314,2,9,0,99,9,9,99,0,9,99,9,99,9,9,6,3,-1,-1,-1,-1,-1,-1,-1,-1,-1,0
Unvalidated,2024010513321,2024,010513321,1,90,0,18,1,5,9,1,0,0,0,0,9,9,6,3,-1,-1,-1,-1,-1,-1,-1,-1,-1,1
Unvalidated,2024010513325,2024,010513325,1,5,0,99,9,9,99,9,9,99,9,99,9,1,2,1,26,6,-1,-1,-1,-1,3,1,E01001262,0
Unvalidated,2024010513325,2024,010513325,2,9,0,99,9,9,99,9,9,99,9,99,9,9,6,3,-1,-1,-1,-1,-1,-1,-1,-1,-1,0
Unvalidated,2024010513330,2024,010513330,1,9,0,99,9,9,99,9,9,99,9,99,1,9,2,2,23,5,-1,-1,-1,-1,5,1,E01004492,0
Unvalidated,2024010513330,2024,010513330,2,9,9,99,9,9,99,9,9,99,9,99,9,9,6,3,-1,-1,-1,-1,-1,-1,-1,-1,-1,0
Unvalidated,2024010513332,2024,010513332,1,1,9,99,9,9,99,9,9,99,9,99,1,1,2,1,33,6,-1,-1,-1,-1,2,1,E01003174,0
Unvalidated,2024010513332,2024,010513332,2,19,0,99,9,9,99,9,9,99,9,99,1,9,6,3,29,6,-1,-1,-1,-1,10,1,E01002387,0
Unvalidated,2024010513334,2024,010513334,1,1,9,99,9,9,99,9,9,99,9,99,9,1,2,1,33,6,-1,-1,-1,-1,-1,-1,-1,0
Unvalidated,2024010513334,2024,010513334,2,9,0,99,9,9,99,9,9,99,9,99,1,9,6,3,-1,-1,-1,-1,-1,-1,-1,-1,-1,0
Unvalidated,2024010513338,2024,010513338,1,1,9,99,9,9,99,9,9,99,9,99,1,1,2,1,24,5,-1,-1,-1,-1,8,3,E01016760,0
Unvalidated,2024010513338,2024,010513338,2,1,9,99,9,9,99,9,9,99,9,99,1,1,6,1,-1,-1,-1,-1,-1,-1,-1,-1,-1,0
Unvalidated,2024010513339,2024,010513339,1,9,0,99,9,9,99,9,9,99,9,99,9,9,6,2,60,9,-1,-1,-1,-1,10,1,E01000449,0
Unvalidated,2024010513339,2024,010513339,2,9,0,99,9,9,99,9,9,99,9,99,1,9,6,3,-1,-1,-1,-1,-1,-1,-1,-1,-1,0
Unvalidated,2024010513340,2024,010513340,1,9,0,99,9,9,99,9,9,99,9,99,2,9,6,2,65,9,-1,-1,-1,-1,7,1,E01002577,0
Unvalidated,2024010513340,2024,010513340,2,9,0,99,9,9,99,9,9,99,9,99,1,9,6,3,-1,-1,-1,-1,-1,-1,-1,-1,-1,0
Unvalidated,2024010513341,2024,010513341,1,9,0,99,9,9,99,9,9,99,9,99,1,9,6,3,31,6,-1,-1,-1,-1,4,1,E01002101,0
Unvalidated,2024010513351,2024,010513351,1,1,9,18,9,9,4,0,9,99,9,99,9,1,2,2,23,5,-1,-1,-1,-1,9,1,E01001926,0
Unvalidated,2024010513351,2024,010513351,2,9,0,11,9,9,99,0,9,99,9,99,9,9,6,1,27,6,-1,-1,-1,-1,3,1,E01001369,0
Unvalidated,2024010513363,2024,010513363,1,8,0,99,9,9,99,9,9,99,9,99,2,9,6,3,-1,-1,-1,-1,-1,-1,2,1,E01001594,0
Unvalidated,2024010513363,2024,010513363,2,9,9,99,9,9,99,9,9,99,9,99,1,9,6,3,-1,-1,-1,-1,-1,-1,-1,-1,-1,0
Unvalidated,2024010513369,2024,010513369,1,1,9,99,9,9,99,9,9,99,9,99,1,1,2,1,41,7,-1,-1,-1,-1,2,1,E01001357,0
Unvalidated,2024010513369,2024,010513369,2,9,0,99,9,9,99,9,9,99,9,99,9,9,6,3,-1,-1,-1,-1,-1,-1,-1,-1,-1,0
Unvalidated,2024010513382,2024,010513382,1,9,0,99,9,9,99,0,9,99,9,99,4,9,6,3,22,5,-1,-1,-1,-1,4,1,E01002603,0
Unvalidated,2024010513382,2024,010513382,2,9,0,99,9,9,99,0,9,99,9,99,2,9,6,2,47,8,-1,-1,-1,-1,4,1,E01002603,0
Unvalidated,2024010513383,2024,010513383,1,1,9,99,9,9,99,9,9,99,9,99,9,1,6,1,54,8,-1,-1,-1,-1,7,1,E01032573,0
Unvalidated,2024010513383,2024,010513383,2,9,0,99,9,9,99,9,9,99,0,0,9,9,6,3,47,8,-1,-1,-1,-1,4,1,E01001221,0
Unvalidated,2024010513389,2024,010513389,1,3,0,99,9,9,99,9,9,99,9,99,9,1,2,1,39,7,-1,-1,-1,-1,2,1,E01000509,0
Unvalidated,2024010513389,2024,010513389,2,9,0,99,9,9,99,9,9,99,9,99,9,9,6,3,-1,-1,-1,-1,-1,-1,-1,-1,-1,0
Unvalidated,2024010513397,2024,010513397,1,3,0,99,9,9,99,9,9,99,9,99,9,1,2,1,21,5,-1,-1,-1,-1,6,1,E01002567,0
Unvalidated,2024010513397,2024,010513397,2,9,0,99,9,9,99,9,9,99,9,99,9,9,6,3,-1,-1,-1,-1,-1,-1,-1,-1,-1,0
Unvalidated,2024010513408,2024,010513408,1,1,9,99,9,9,99,9,9,99,9,99,9,1,6,2,37,7,-1,-1,-1,-1,6,1,E01004634,0
Unvalidated,2024010513408,2024,010513408,2,9,0,99,9,9,99,9,9,99,9,99,9,9,6,1,-1,-1,-1,-1,-1,-1,-1,-1,-1,0
Unvalidated,2024010513411,2024,010513411,1,1,9,99,9,9,99,9,9,99,9,99,1,1,2,1,25,5,-1,-1,-1,-1,5,1,E01002632,0
Unvalidated,2024010513411,2024,010513411,2,9,0,99,9,9,99,9,9,99,9,99,9,9,6,3,-1,-1,-1,-1,-1,-1,-1,-1,-1,0
Unvalidated,2024010513418,2024,010513418,1,1,9,99,9,9,99,9,9,99,9,99,9,1,2,2,33,6,-1,-1,-1,-1,3,1,E01004391,0
Unvalidated,2024010513418,2024,010513418,2,9,0,99,9,9,99,9,9,99,9,99,9,9,6,3,-1,-1,-1,-1,-1,-1,-1,-1,-1,0
Unvalidated,2024010513421,2024,010513421,1,1,9,99,9,9,99,9,9,99,9,99,9,1,6,1,56,9,-1,-1,-1,-1,3,1,E01001391,0
Unvalidated,2024010513421,2024,010513421,2,98,0,99,9,9,99,9,9,99,9,99,9,9,6,3,-1,-1,-1,-1,-1,-1,-1,-1,-1,0
Unvalidated,2024010513422,2024,010513422,1,3,0,99,9,9,99,9,9,99,9,99,9,1,6,3,29,6,-1,-1,-1,-1,6,1,E01002618,0
Unvalidated,2024010513422,2024,010513422,2,9,0,99,9,9,99,9,9,99,9,99,9,9,6,3,-1,-1,-1,-1,-1,-1,-1,-1,-1,0
Unvalidated,2024010513427,2024,010513427,1,9,0,99,9,9,99,9,9,99,9,99,2,9,2,1,24,5,-1,-1,-1,-1,10,1,E01003747,0
Unvalidated,2024010513427,2024,010513427,2,19,0,99,9,9,99,9,9,99,9,99,1,9,6,3,-1,-1,-1,-1,-1,-1,4,1,E01003482,0
Unvalidated,2024010513431,2024,010513431,1,3,0,18,9,9,99,9,9,99,9,99,9,1,2,1,21,5,-1,-1,-1,-1,2,1,E01001959,0
Unvalidated,2024010513431,2024,010513431,2,9,0,6,9,9,99,9,9,99,9,99,9,9,6,3,-1,-1,-1,-1,-1,-1,7,1,E01000218,0
Unvalidated,2024010513432,2024,010513432,1,9,0,99,9,9,99,9,9,99,9,99,0,9,6,2,38,7,-1,-1,-1,-1,3,1,E01033464,0
Unvalidated,2024010513432,2024,010513432,2,9,0,99,9,9,99,9,9,99,9,99,9,9,6,3,-1,-1,-1,-1,-1,-1,-1,-1,-1,0
Unvalidated,2024010513433,2024,010513433,1,9,0,99,9,9,99,9,9,99,9,99,2,9,6,2,32,6,-1,-1,-1,-1,-1,1,-1,0
Unvalidated,2024010513433,2024,010513433,2,98,0,99,9,9,99,9,9,99,9,99,1,9,6,3,-1,-1,-1,-1,-1,-1,-1,-1,-1,0
Unvalidated,2024010513433,2024,010513433,3,9,0,99,9,9,99,9,9,99,9,99,2,9,6,2,26,6,-1,-1,-1,-1,3,1,E01017347,0
Unvalidated,2024010513447,2024,010513447,1,9,0,99,9,9,99,9,9,99,9,99,9,9,6,3,-1,-1,-1,-1,-1,-1,-1,-1,-1,0
Unvalidated,2024010513450,2024,010513450,1,19,0,99,9,9,99,9,9,99,9,99,1,9,2,1,33,6,-1,-1,-1,-1,7,3,E01024437,0
Unvalidated,2024010513450,2024,010513450,2,9,0,99,9,9,99,9,9,99,9,99,1,9,6,3,-1,-1,-1,-1,-1,-1,1,1,E01004288,0
Unvalidated,2024010513456,2024,010513456,1,1,9,99,9,9,99,9,9,99,9,99,9,1,6,1,49,8,-1,-1,-1,-1,3,1,E01004406,0
Unvalidated,2024010513456,2024,010513456,2,9,0,99,9,9,99,9,9,99,9,99,9,9,6,3,-1,-1,-1,-1,-1,-1,-1,-1,-1,0
Unvalidated,2024010513457,2024,010513457,1,8,0,99,9,9,99,9,9,99,9,99,2,9,6,1,55,8,-1,-1,-1,-1,5,1,E01000274,0
Unvalidated,2024010513457,2024,010513457,2,9,0,99,9,9,99,9,9,99,9,99,1,9,6,3,-1,-1,-1,-1,-1,-1,-1,-1,-1,0
Unvalidated,2024010513458,2024,010513458,1,9,0,99,9,9,99,9,9,99,9,99,9,9,6,2,21,5,-1,-1,-1,-1,1,1,E01004249,0
Unvalidated,2024010513458,2024,010513458,2,9,0,99,9,9,99,9,9,99,9,99,1,9,6,3,-1,-1,-1,-1,-1,-1,-1,1,-1,0
Unvalidated,2024010513465,2024,010513465,1,1,9,99,9,9,99,9,9,99,9,99,9,1,2,1,24,5,-1,-1,-1,-1,2,1,E01002804,0
Unvalidated,2024010513465,2024,010513465,2,3,0,99,9,9,99,9,9,99,9,99,1,1,6,3,-1,-1,-1,-1,-1,-1,-1,-1,-1,0
Unvalidated,2024010513472,2024,010513472,1,9,0,99,9,9,99,9,9,99,9,99,2,9,6,1,20,4,-1,-1,-1,-1,1,1,E01000953,0
Unvalidated,2024010513472,2024,010513472,2,9,9,99,9,9,99,9,9,99,9,99,9,9,6,3,52,8,-1,-1,-1,-1,3,1,E01004259,0
Unvalidated,2024010513478,2024,010513478,1,9,0,99,9,9,99,9,9,99,9,99,2,9,2,2,59,9,-1,-1,-1,-1,10,1,E01030581,0
Unvalidated,2024010513478,2024,010513478,2,9,9,99,9,9,99,9,9,99,0,0,9,9,6,3,-1,-1,-1,-1,-1,-1,-1,-1,-1,0
Unvalidated,2024010513481,2024,010513481,1,3,0,99,9,9,99,9,9,99,9,99,9,1,1,1,33,6,-1,-1,-1,-1,8,1,E01002160,0
Unvalidated,2024010513481,2024,010513481,2,9,0,99,9,9,99,9,9,99,9,99,9,9,6,3,-1,-1,-1,-1,-1,-1,-1,-1,-1,0
Unvalidated,2024010513487,2024,010513487,1,5,0,99,9,9,99,9,9,99,9,99,9,1,6,2,53,8,-1,-1,-1,-1,9,2,E01019249,0
Unvalidated,2024010513487,2024,010513487,2,9,0,99,9,9,99,9,9,99,9,99,9,9,6,3,27,6,-1,-1,-1,-1,1,1,E01026867,0
Unvalidated,2024010513501,2024,010513501,1,3,0,99,9,9,99,9,9,99,9,99,9,1,2,1,43,7,-1,-1,-1,-1,2,1,E01024091,0
Unvalidated,2024010513501,2024,010513501,2,9,0,99,9,9,99,9,9,99,9,99,9,9,6,3,-1,-1,-1,-1,-1,-1,-1,-1,-1,0
Unvalidated,2024010513505,2024,010513505,1,1,9,99,9,9,99,1,9,99,9,99,1,1,2,2,49,8,-1,-1,-1,-1,3,1,E01002403,0
Unvalidated,2024010513505,2024,010513505,2,9,0,99,9,9,99,5,9,99,9,99,9,9,6,1,19,4,-1,-1,-1,-1,6,1,E01016507,0
Unvalidated,2024010513511,2024,010513511,1,3,0,99,9,9,99,9,9,99,9,99,9,1,6,1,26,6,-1,-1,-1,-1,4,1,E01003186,0
Unvalidated,2024010513511,2024,010513511,2,9,0,99,9,9,99,9,9,99,9,99,1,9,6,3,34,6,-1,-1,-1,-1,4,1,E01003739,0
Unvalidated,2024010513513,2024,010513513,1,3,0,15,5,1,0,1,0,0,0,0,1,1,6,2,18,4,-1,-1,-1,-1,2,1,E01004014,0
Unvalidated,2024010513513,2024,010513513,2,9,0,9,1,6,0,1,0,0,0,0,1,1,6,2,38,7,-1,-1,-1,-1,-1,-1,-1,0
Unvalidated,2024010513514,2024,010513514,1,5,0,18,3,7,0,4,5,0,0,0,1,1,6,1,30,6,-1,-1,-1,-1,-1,-1,-1,0
Unvalidated,2024010513514,2024,010513514,2,9,0,18,5,1,0,4,0,0,0,0,3,1,6,2,56,9,-1,-1,-1,-1,7,1,E01030629,0
Unvalidated,2024010513515,2024,010513515,1,11,0,17,1,5,2,2,0,0,0,0,0,1,1,1,25,5,-1,-1,-1,-1,3,1,E01001825,0
Unvalidated,2024010513518,2024,010513518,1,9,0,99,9,9,99,9,9,99,9,99,1,9,6,1,36,7,-1,-1,-1,-1,4,1,E01000580,0
Unvalidated,2024010513518,2024,010513518,2,9,0,99,9,9,99,9,9,99,9,99,1,9,6,2,32,6,-1,-1,-1,-1,6,1,E01001309,0
Unvalidated,2024010513527,2024,010513527,1,9,0,99,9,9,99,9,9,99,9,99,2,9,6,1,29,6,-1,-1,-1,-1,6,1,E01003152,0
Unvalidated,2024010513527,2024,010513527,2,9,0,99,9,9,99,9,9,99,9,99,1,9,6,3,-1,-1,-1,-1,-1,-1,-1,-1,-1,0
Unvalidated,2024010513529,2024,010513529,1,9,0,9,3,1,0,5,0,0,0,0,1,1,6,2,19,4,-1,-1,-1,-1,-1,-1,-1,0
Unvalidated,2024010513529,2024,010513529,2,5,0,18,7,3,0,1,0,0,0,0,1,1,6,1,44,7,-1,-1,-1,-1,3,1,E01000392,0
Unvalidated,2024010513535,2024,010513535,1,19,0,9,1,7,0,2,0,0,0,0,1,1,1,1,48,8,-1,-1,-1,-1,10,1,E01001129,0