status,collision_index,collision_year,collision_reference,vehicle_reference,vehicle_type,towing_and_articulation,vehicle_manoeuvre,vehicle_direction_from,vehicle_direction_to,vehicle_location_restricted_lane,junction_location,skidding_and_overturning,hit_object_in_carriageway,vehicle_leaving_carriageway,hit_object_off_carriageway,first_point_of_impact,vehicle_left_hand_drive,journey_purpose_of_driver,sex_of_driver,age_of_driver,age_band_of_driver,engine_capacity_cc,propulsion_code,age_of_vehicle,generic_make_model,driver_imd_decile,driver_home_area_type,lsoa_of_driver,escooter_flag
Unvalidated,2024010513536,2024,010513536,1,90,0,99,9,9,99,9,9,99,9,99,1,9,1,1,33,6,-1,-1,-1,-1,2,1,E01001875,0
Unvalidated,2024010513537,2024,010513537,1,5,0,18,5,1,0,1,0,0,0,0,1,1,6,1,28,6,-1,-1,-1,-1,6,1,E01002138,0
Unvalidated,2024010513539,2024,010513539,1,1,9,99,9,9,99,9,9,99,9,99,1,1,6,1,20,4,-1,-1,-1,-1,2,1,E01001372,0
Unvalidated,2024010513539,2024,010513539,2,9,0,99,9,9,99,9,9,99,9,99,9,9,6,3,20,4,-1,-1,-1,-1,4,1,E01002672,0
Unvalidated,2024010513547,2024,010513547,1,9,0,99,9,9,99,9,9,99,9,99,2,9,2,1,41,7,-1,-1,-1,-1,3,1,E01000800,0
Unvalidated,2024010513547,2024,010513547,2,9,0,99,9,9,99,9,9,99,9,99,1,9,6,3,-1,-1,-1,-1,-1,-1,-1,-1,-1,0
Unvalidated,2024010513551,2024,010513551,1,9,0,9,1,8,0,5,0,0,0,0,2,1,6,1,24,5,-1,-1,-1,-1,-1,-1,-1,0
Unvalidated,2024010513551,2024,010513551,2,5,0,3,1,5,0,1,0,0,0,0,0,1,6,1,50,8,-1,-1,-1,-1,4,1,E01023861,0
Unvalidated,2024010513555,2024,010513555,1,9,0,7,4,7,0,1,0,0,0,0,1,1,6,1,61,9,-1,-1,-1,-1,3,1,E01033583,0
Unvalidated,2024010513555,2024,010513555,2,1,0,15,7,3,0,1,0,0,0,0,1,1,6,1,31,6,-1,-1,-1,-1,2,1,E01001783,0
Unvalidated,2024010513558,2024,010513558,1,9,0,99,9,9,99,9,9,99,9,99,9,9,6,2,43,7,-1,-1,-1,-1,3,1,E01002560,0
Unvalidated,2024010513558,2024,010513558,2,9,9,99,9,9,99,9,9,99,9,99,9,9,6,3,49,8,-1,-1,-1,-1,4,1,E01002607,0
Unvalidated,2024010513559,2024,010513559,1,9,0,18,7,3,0,1,0,0,0,0,4,1,1,2,66,10,-1,-1,-1,-1,-1,-1,-1,0
Unvalidated,2024010513559,2024,010513559,2,90,0,18,7,3,0,1,0,0,0,0,4,1,6,3,24,5,-1,-1,-1,-1,-1,-1,-1,0
Unvalidated,2024010513573,2024,010513573,1,1,9,99,9,9,99,9,9,99,9,99,9,1,2,1,45,7,-1,-1,-1,-1,10,2,E01017794,0
Unvalidated,2024010513573,2024,010513573,2,9,9,99,9,9,99,9,9,99,9,99,9,9,6,3,-1,-1,-1,-1,-1,-1,-1,-1,-1,0
Unvalidated,2024010513573,2024,010513573,3,9,9,99,9,9,99,9,9,99,9,99,9,9,6,3,-1,-1,-1,-1,-1,-1,-1,-1,-1,0
Unvalidated,2024010513576,2024,010513576,1,8,0,18,3,7,0,8,0,0,0,0,1,1,2,1,44,7,-1,-1,-1,-1,3,1,E01003734,0
Unvalidated,2024010513576,2024,010513576,2,1,0,18,1,5,0,2,0,0,0,0,4,1,6,1,14,3,-1,-1,-1,-1,3,1,E01003730,0
Unvalidated,2024010513582,2024,010513582,1,19,0,18,3,7,0,2,0,0,0,0,4,1,1,1,48,8,-1,-1,-1,-1,2,1,E01003187,0
Unvalidated,2024010513583,2024,010513583,1,3,0,12,4,8,0,1,0,0,0,0,1,1,1,1,21,5,-1,-1,-1,-1,2,1,E01032565,0
Unvalidated,2024010513583,2024,010513583,2,9,0,18,4,8,0,1,0,0,0,0,1,1,6,2,37,7,-1,-1,-1,-1,4,1,E01004531,0
Unvalidated,2024010513586,2024,010513586,1,3,0,18,1,5,0,8,0,0,0,0,1,1,6,1,41,7,-1,-1,-1,-1,-1,-1,-1,0
Unvalidated,2024010513586,2024,010513586,2,19,0,9,5,3,0,8,0,0,0,0,1,1,1,1,23,5,-1,-1,-1,-1,-1,-1,-1,0
Unvalidated,2024010513588,2024,010513588,1,1,0,18,3,7,0,2,0,0,0,0,1,1,2,1,40,7,-1,-1,-1,-1,2,1,E01003183,0
Unvalidated,2024010513598,2024,010513598,1,3,0,18,5,1,0,1,0,0,0,0,3,1,6,1,30,6,-1,-1,-1,-1,3,1,E01000167,0
Unvalidated,2024010513598,2024,010513598,2,9,0,9,3,1,0,6,0,0,0,0,1,1,6,2,55,8,-1,-1,-1,-1,6,1,E01023751,0
Unvalidated,2024010513602,2024,010513602,1,19,0,7,6,1,0,7,0,0,1,0,3,1,2,1,58,9,-1,-1,-1,-1,3,2,E01024567,0
Unvalidated,2024010513602,2024,010513602,2,3,0,18,7,3,0,1,5,0,0,0,4,1,6,1,46,8,-1,-1,-1,-1,5,1,E01001935,0
Unvalidated,2024010513604,2024,010513604,1,9,0,17,5,3,0,2,0,0,0,0,1,2,6,1,57,9,-1,-1,-1,-1,7,1,E01003456,0
Unvalidated,2024010513608,2024,010513608,1,9,0,18,5,1,0,1,0,0,0,0,1,1,6,1,60,9,-1,-1,-1,-1,9,1,E01001025,0
Unvalidated,2024010513608,2024,010513608,2,9,0,15,1,5,0,2,0,0,0,0,1,1,6,3,-1,-1,-1,-1,-1,-1,-1,-1,-1,0
Unvalidated,2024010513617,2024,010513617,1,3,0,18,7,3,0,0,0,0,0,0,1,1,2,1,47,8,-1,-1,-1,-1,-1,-1,-1,0
Unvalidated,2024010513620,2024,010513620,1,1,9,99,9,9,99,9,9,99,9,99,1,1,2,1,25,5,-1,-1,-1,-1,3,1,E01002235,0
Unvalidated,2024010513621,2024,010513621,1,9,0,18,7,3,0,1,0,0,0,0,1,2,6,3,-1,-1,-1,-1,-1,-1,-1,-1,-1,0
Unvalidated,2024010513622,2024,010513622,1,2,0,18,6,2,0,1,0,0,0,0,1,1,6,3,-1,-1,-1,-1,-1,-1,-1,-1,-1,0
Unvalidated,2024010513625,2024,010513625,1,9,0,18,7,3,2,8,0,0,0,0,1,1,2,1,18,4,-1,-1,-1,-1,5,1,E01003737,0
Unvalidated,2024010513625,2024,010513625,2,9,0,9,3,1,0,8,0,0,0,0,1,1,2,1,60,9,-1,-1,-1,-1,5,1,E01003742,0
Unvalidated,2024010513629,2024,010513629,1,9,0,9,6,3,0,1,0,0,0,0,4,1,6,1,18,4,-1,-1,-1,-1,2,1,E01001660,0
Unvalidated,2024010513629,2024,010513629,2,9,0,18,3,7,0,1,0,0,0,0,1,1,6,1,19,4,-1,-1,-1,-1,1,1,E01000508,0
Unvalidated,2024010513630,2024,010513630,1,19,0,18,5,1,9,1,0,0,7,0,3,1,1,2,35,6,-1,-1,-1,-1,2,1,E01002506,0
Unvalidated,2024010513630,2024,010513630,2,9,0,5,3,7,0,1,0,0,3,0,1,1,6,1,36,7,-1,-1,-1,-1,5,1,E01001344,0
Unvalidated,2024010513631,2024,010513631,1,9,0,18,5,1,0,0,0,0,0,0,1,1,6,1,23,5,-1,-1,-1,-1,2,1,E01003594,0
Unvalidated,2024010513632,2024,010513632,1,9,0,18,7,3,0,8,0,0,0,0,1,1,6,1,26,6,-1,-1,-1,-1,2,1,E01004719,0
Unvalidated,2024010513632,2024,010513632,2,1,0,18,1,5,0,8,0,0,0,0,1,1,6,1,36,7,-1,-1,-1,-1,2,1,E01000544,0
Unvalidated,2024010513633,2024,010513633,1,9,0,15,5,1,0,2,0,0,0,0,1,1,6,1,30,6,-1,-1,-1,-1,2,1,E01004296,0
Unvalidated,2024010513633,2024,010513633,2,1,0,9,8,5,0,1,0,0,1,0,1,1,6,1,18,4,-1,-1,-1,-1,2,2,E01024135,0
Unvalidated,2024010513639,2024,010513639,1,9,0,99,9,9,99,9,9,99,9,99,9,9,6,1,23,5,-1,-1,-1,-1,1,1,E01004286,0
Unvalidated,2024010513639,2024,010513639,2,9,0,99,9,9,99,9,9,99,9,99,9,9,6,3,-1,-1,-1,-1,-1,-1,-1,-1,-1,0
Unvalidated,2024010513642,2024,010513642,1,9,0,18,3,7,0,1,5,7,0,0,1,1,6,1,34,6,-1,-1,-1,-1,-1,-1,-1,0
Unvalidated,2024010513643,2024,010513643,1,9,0,9,1,7,0,2,0,0,1,0,1,1,6,1,34,6,-1,-1,-1,-1,5,1,E01030725,0
Unvalidated,2024010513643,2024,010513643,2,1,0,7,5,8,0,8,0,0,0,0,4,1,6,2,22,5,-1,-1,-1,-1,2,1,E01000867,0
Unvalidated,2024010513646,2024,010513646,1,9,0,18,3,7,0,8,0,0,0,0,1,1,6,3,-1,-1,-1,-1,-1,-1,-1,-1,-1,0
Unvalidated,2024010513647,2024,010513647,1,19,0,18,5,1,0,0,0,0,0,0,2,1,1,1,38,7,-1,-1,-1,-1,4,1,E01000477,0
Unvalidated,2024010513647,2024,010513647,2,19,0,18,5,1,0,0,0,0,0,0,0,1,1,1,59,9,-1,-1,-1,-1,5,1,E01000636,0
Unvalidated,2024010513647,2024,010513647,3,9,0,15,5,1,0,0,0,0,0,0,1,1,6,3,24,5,-1,-1,-1,-1,-1,-1,-1,0
Unvalidated,2024010513647,2024,010513647,4,9,0,18,7,3,0,0,0,0,0,0,0,1,6,3,24,5,-1,-1,-1,-1,-1,-1,-1,0
Unvalidated,2024010513647,2024,010513647,5,9,0,18,5,1,0,0,0,0,0,0,0,1,1,1,35,6,-1,-1,-1,-1,2,1,E01003507,0
Unvalidated,2024010513647,2024,010513647,6,9,0,18,5,1,0,0,0,0,0,0,2,1,6,1,25,5,-1,-1,-1,-1,8,3,E01027290,0
Unvalidated,2024010513647,2024,010513647,7,9,0,18,5,1,0,0,0,0,0,0,1,1,6,3,24,5,-1,-1,-1,-1,-1,-1,-1,0
Unvalidated,2024010513649,2024,010513649,1,9,0,18,1,5,0,1,0,0,0,0,1,1,6,1,46,8,-1,-1,-1,-1,4,1,E01001050,0
Unvalidated,2024010513649,2024,010513649,2,2,0,18,8,4,0,4,0,0,0,0,2,1,6,1,24,5,-1,-1,-1,-1,2,1,E01001152,0
Unvalidated,2024010513650,2024,010513650,1,9,0,18,1,5,0,1,0,0,0,0,1,1,2,2,68,10,-1,-1,-1,-1,5,1,E01001407,0
Unvalidated,2024010513653,2024,010513653,1,3,0,14,3,7,0,8,0,0,0,0,3,1,2,1,28,6,-1,-1,-1,-1,2,1,E01003557,0
Unvalidated,2024010513653,2024,010513653,2,9,0,14,3,7,0,8,0,0,0,0,3,1,1,1,47,8,-1,-1,-1,-1,5,1,E01003779,0
Unvalidated,2024010513656,2024,010513656,1,3,0,18,3,7,0,2,0,0,0,0,4,1,1,1,45,7,-1,-1,-1,-1,3,1,E01004259,0
Unvalidated,2024010513656,2024,010513656,2,90,0,1,3,7,0,6,0,0,0,0,2,1,1,1,36,7,-1,-1,-1,-1,9,1,E01001227,0
Unvalidated,2024010513657,2024,010513657,1,3,0,99,9,9,99,9,9,99,9,99,1,1,6,1,34,6,-1,-1,-1,-1,2,1,E01001620,0
Unvalidated,2024010513657,2024,010513657,2,9,0,99,9,9,99,9,9,99,9,99,1,9,6,2,-1,-1,-1,-1,-1,-1,-1,-1,-1,0
Unvalidated,2024010513658,2024,010513658,1,9,0,18,7,3,0,8,0,0,0,0,1,9,6,3,-1,-1,-1,-1,-1,-1,-1,-1,-1,0
Unvalidated,2024010513660,2024,010513660,1,1,0,9,1,6,0,1,0,0,0,0,1,1,6,1,49,8,-1,-1,-1,-1,3,1,E01003978,0
Unvalidated,2024010513660,2024,010513660,2,1,0,18,7,3,0,1,0,0,0,0,1,1,6,1,53,8,-1,-1,-1,-1,5,1,E01000854,0
Unvalidated,2024010513664,2024,010513664,1,9,0,18,1,5,0,1,0,0,0,0,4,1,6,2,41,7,-1,-1,-1,-1,5,1,E01001200,0
Unvalidated,2024010513665,2024,010513665,1,9,0,9,5,3,0,1,0,0,0,0,1,1,6,3,-1,-1,-1,-1,-1,-1,-1,-1,-1,0
Unvalidated,2024010513667,2024,010513667,1,3,0,99,9,9,99,9,9,99,9,99,9,1,1,3,18,4,-1,-1,-1,-1,2,1,E01002799,0
Unvalidated,2024010513667,2024,010513667,2,9,0,99,9,9,99,9,9,99,9,99,9,9,6,3,-1,-1,-1,-1,-1,-1,-1,-1,-1,0
Unvalidated,2024010513669,2024,010513669,1,3,0,99,9,9,99,9,9,99,9,99,1,1,6,1,21,5,-1,-1,-1,-1,8,1,E01000173,0
Unvalidated,2024010513669,2024,010513669,2,9,0,99,9,9,99,9,9,99,9,99,2,9,6,3,-1,-1,-1,-1,-1,-1,7,1,E01001399,0
Unvalidated,2024010513672,2024,010513672,1,9,0,9,4,1,0,6,0,0,0,0,3,1,6,1,54,8,-1,-1,-1,-1,3,1,E01000499,0
Unvalidated,2024010513672,2024,010513672,2,5,0,18,1,5,9,1,1,0,0,0,3,1,6,1,33,6,-1,-1,-1,-1,3,1,E01033464,0
Unvalidated,2024010513677,2024,010513677,1,3,0,99,9,9,99,9,9,99,9,99,2,1,6,1,35,6,-1,-1,-1,-1,2,1,E01002087,0
Unvalidated,2024010513677,2024,010513677,2,9,0,99,9,9,99,9,9,99,9,99,1,9,6,3,22,5,-1,-1,-1,-1,7,1,E01004281,0
Unvalidated,2024010513681,2024,010513681,1,4,0,99,9,9,99,9,9,99,9,99,2,1,1,1,27,6,-1,-1,-1,-1,4,1,E01003541,0
Unvalidated,2024010513681,2024,010513681,2,9,0,99,9,9,99,9,9,99,9,99,1,9,6,1,40,7,-1,-1,-1,-1,5,1,E01003741,0
Unvalidated,2024010513683,2024,010513683,1,9,0,9,2,7,0,5,0,0,0,0,1,1,1,1,47,8,-1,-1,-1,-1,3,1,E01003733,0
Unvalidated,2024010513683,2024,010513683,2,3,0,18,5,1,0,1,0,0,0,0,1,1,1,1,33,6,-1,-1,-1,-1,2,1,E01000087,0
Unvalidated,2024010513687,2024,010513687,1,3,0,99,9,9,99,9,9,99,9,99,9,1,6,1,34,6,-1,-1,-1,-1,6,1,E01001160,0
Unvalidated,2024010513687,2024,010513687,2,9,0,99,9,9,99,9,9,99,9,99,1,9,6,3,-1,-1,-1,-1,-1,-1,-1,-1,-1,0
Unvalidated,2024010513689,2024,010513689,1,3,0,99,9,9,99,1,9,99,9,99,9,1,1,3,42,7,-1,-1,-1,-1,5,1,E01003433,0
Unvalidated,2024010513689,2024,010513689,2,9,0,99,9,9,99,6,9,99,9,99,9,9,6,2,71,10,-1,-1,-1,-1,6,1,E01004173,0
Unvalidated,2024010513695,2024,010513695,1,9,0,18,1,5,0,1,0,0,0,0,1,1,6,2,80,11,-1,-1,-1,-1,9,1,E01002225,0
Unvalidated,2024010513697,2024,010513697,1,3,0,99,9,9,99,9,9,99,9,99,9,1,2,1,44,7,-1,-1,-1,-1,4,1,E01004694,0
Unvalidated,2024010513697,2024,010513697,2,9,9,99,9,9,99,9,9,99,9,99,9,9,6,3,-1,-1,-1,-1,-1,-1,-1,-1,-1,0
Unvalidated,2024010513698,2024,010513698,1,19,0,18,7,3,0,3,0,4,0,0,1,1,6,1,23,5,-1,-1,-1,-1,6,1,E01000568,0
Unvalidated,2024010513698,2024,010513698,2,9,0,4,7,3,0,2,0,4,0,0,3,1,6,2,40,7,-1,-1,-1,-1,-1,-1,-1,0
Unvalidated,2024010513698,2024,010513698,3,9,0,4,7,3,0,1,0,0,0,0,0,2,6,1,44,7,-1,-1,-1,-1,-1,-1,-1,0
Unvalidated,2024010513702,2024,010513702,1,9,0,18,2,6,0,1,0,4,0,0,1,1,6,2,72,10,-1,-1,-1,-1,4,1,E01001153,0
Unvalidated,2024010513702,2024,010513702,2,9,0,2,0,0,0,1,0,4,0,0,2,1,6,3,-1,-1,-1,-1,-1,-1,-1,-1,-1,0
Unvalidated,2024010513702,2024,010513702,3,9,0,2,0,0,0,1,0,4,0,0,2,1,6,3,-1,-1,-1,-1,-1,-1,-1,-1,-1,0
Unvalidated,2024010513702,2024,010513702,4,9,0,2,0,0,0,1,0,0,0,0,2,1,6,3,-1,-1,-1,-1,-1,-1,-1,-1,-1,0
Unvalidated,2024010513706,2024,010513706,1,9,0,9,6,3,0,5,0,0,0,0,2,1,6,3,-1,-1,-1,-1,-1,-1,-1,-1,-1,0
Unvalidated,2024010513712,2024,010513712,1,11,0,18,3,7,0,0,0,0,0,0,1,1,6,3,-1,-1,-1,-1,-1,-1,-1,-1,-1,0
Unvalidated,2024010513713,2024,010513713,1,9,0,14,7,3,0,9,0,0,0,0,1,9,6,3,-1,-1,-1,-1,-1,-1,-1,-1,-1,0
Unvalidated,2024010513717,2024,010513717,1,9,0,15,5,1,0,0,1,10,0,0,4,1,6,1,30,6,-1,-1,-1,-1,10,1,E01023451,0
Unvalidated,2024010513717,2024,010513717,2,9,0,15,5,1,0,0,1,0,0,0,4,1,6,1,25,5,-1,-1,-1,-1,3,1,E01033699,0
Unvalidated,2024010513717,2024,010513717,3,19,0,18,5,1,0,0,0,0,0,0,4,1,1,1,32,6,-1,-1,-1,-1,-1,-1,-1,0
Unvalidated,2024010513721,2024,010513721,1,9,0,9,1,6,0,1,0,0,0,0,1,1,6,1,51,8,-1,-1,-1,-1,7,1,E01009645,0
Unvalidated,2024010513721,2024,010513721,2,3,0,13,5,1,0,1,0,0,0,0,1,1,1,1,32,6,-1,-1,-1,-1,5,1,E01001914,0
Unvalidated,2024010513722,2024,010513722,1,19,0,7,1,3,0,1,0,0,0,0,1,1,6,2,41,7,-1,-1,-1,-1,7,1,E01004761,0
Unvalidated,2024010513722,2024,010513722,2,3,0,18,7,3,2,1,5,0,0,0,3,1,6,1,28,6,-1,-1,-1,-1,3,1,E01004743,0
Unvalidated,2024010513725,2024,010513725,1,9,0,18,5,1,0,1,0,0,0,0,2,1,6,1,67,10,-1,-1,-1,-1,5,1,E01001035,0
Unvalidated,2024010513725,2024,010513725,2,9,0,18,5,1,0,1,0,0,0,0,2,1,6,2,60,9,-1,-1,-1,-1,9,1,E01001098,0
Unvalidated,2024010513725,2024,010513725,3,9,0,18,5,1,0,1,0,0,1,2,1,1,6,1,55,8,-1,-1,-1,-1,9,1,E01001135,0
Unvalidated,2024010513728,2024,010513728,1,9,0,13,7,3,0,8,0,0,0,0,1,1,6,3,-1,-1,-1,-1,-1,-1,-1,-1,-1,0
Unvalidated,2024010513729,2024,010513729,1,1,9,99,9,9,99,9,9,99,9,99,9,1,6,1,35,6,-1,-1,-1,-1,2,1,E01003334,0
Unvalidated,2024010513729,2024,010513729,2,9,0,99,9,9,99,9,9,99,9,99,3,9,6,3,-1,-1,-1,-1,-1,-1,-1,-1,-1,0
Unvalidated,2024010513732,2024,010513732,1,9,0,18,7,3,0,0,0,0,0,0,4,1,6,3,-1,-1,-1,-1,-1,-1,-1,-1,-1,0
Unvalidated,2024010513732,2024,010513732,2,1,0,18,7,3,0,0,5,10,0,0,2,1,6,2,33,6,-1,-1,-1,-1,3,1,E01032764,0
Unvalidated,2024010513733,2024,010513733,1,9,0,18,5,1,0,0,0,0,0,0,1,1,6,1,23,5,-1,-1,-1,-1,3,1,E01003829,0
Unvalidated,2024010513734,2024,010513734,1,9,0,18,7,3,0,1,0,0,0,0,1,1,1,1,56,9,-1,-1,-1,-1,2,1,E01000126,0
Unvalidated,2024010513734,2024,010513734,2,9,0,9,1,6,0,6,0,0,0,0,1,1,6,1,22,5,-1,-1,-1,-1,1,1,E01033602,0
Unvalidated,2024010513736,2024,010513736,1,9,0,17,6,2,0,1,0,0,0,0,1,1,6,1,32,6,-1,-1,-1,-1,2,1,E01002217,0
Unvalidated,2024010513736,2024,010513736,2,1,0,18,6,2,0,1,0,0,0,0,3,1,6,2,52,8,-1,-1,-1,-1,8,1,E01002159,0
Unvalidated,2024010513738,2024,010513738,1,11,0,5,0,7,2,5,0,0,0,0,0,1,1,1,37,7,-1,-1,-1,-1,4,1,E01002743,0
Unvalidated,2024010513741,2024,010513741,1,9,0,9,4,2,0,8,0,0,0,0,1,1,6,1,62,9,-1,-1,-1,-1,-1,-1,-1,0
Unvalidated,2024010513743,2024,010513743,1,3,0,18,7,3,0,0,0,0,0,0,1,1,6,1,40,7,-1,-1,-1,-1,5,1,E01000589,0
Unvalidated,2024010513743,2024,010513743,2,9,0,18,7,3,0,0,0,0,0,0,2,1,6,1,23,5,-1,-1,-1,-1,7,1,E01002171,0
Unvalidated,2024010513750,2024,010513750,1,1,9,99,9,9,99,0,9,99,9,99,9,1,6,1,37,7,-1,-1,-1,-1,-1,1,-1,0
Unvalidated,2024010513750,2024,010513750,2,19,0,99,9,9,99,0,9,99,9,99,2,9,6,3,54,8,-1,-1,-1,-1,4,1,E01001252,0
Unvalidated,2024010513763,2024,010513763,1,9,0,99,9,9,99,9,9,99,9,99,9,9,6,3,-1,-1,-1,-1,-1,-1,-1,-1,-1,0
Unvalidated,2024010513764,2024,010513764,1,9,0,99,9,9,99,9,9,99,9,99,2,9,2,1,34,6,-1,-1,-1,-1,8,1,E01021784,0
Unvalidated,2024010513764,2024,010513764,2,9,9,99,9,9,99,9,9,99,9,99,9,9,6,3,-1,-1,-1,-1,-1,-1,-1,-1,-1,0
Unvalidated,2024010513766,2024,010513766,1,5,0,18,8,4,0,0,0,4,0,0,1,1,6,1,32,6,-1,-1,-1,-1,3,1,E01002491,0
Unvalidated,2024010513766,2024,010513766,2,9,0,2,0,0,9,0,0,0,0,0,1,1,6,3,-1,-1,-1,-1,-1,-1,-1,-1,-1,0
Unvalidated,2024010513769,2024,010513769,1,9,0,18,1,5,0,8,2,0,0,0,1,1,6,1,49,8,-1,-1,-1,-1,-1,-1,-1,0
Unvalidated,2024010513769,2024,010513769,2,9,0,2,0,0,0,1,0,0,0,0,1,1,6,3,-1,-1,-1,-1,-1,-1,-1,-1,-1,0
Unvalidated,2024010513769,2024,010513769,3,9,0,2,0,0,0,1,0,0,0,0,1,1,6,3,-1,-1,-1,-1,-1,-1,-1,-1,-1,0
Unvalidated,2024010513770,2024,010513770,1,9,0,4,3,7,6,0,1,0,1,0,2,1,6,2,40,7,-1,-1,-1,-1,5,1,E01002635,0
Unvalidated,2024010513770,2024,010513770,2,9,0,16,3,7,0,0,0,0,0,0,1,1,6,2,39,7,-1,-1,-1,-1,-1,-1,-1,0
Unvalidated,2024010513772,2024,010513772,1,9,0,2,0,0,6,0,0,0,0,0,0,1,6,3,-1,-1,-1,-1,-1,-1,-1,-1,-1,0
Unvalidated,2024010513772,2024,010513772,2,90,0,16,1,5,0,0,0,0,0,0,1,1,6,3,-1,-1,-1,-1,-1,-1,-1,-1,-1,0
Unvalidated,2024010513773,2024,010513773,1,9,0,9,7,6,0,2,0,0,0,0,3,1,2,1,27,6,-1,-1,-1,-1,1,1,E01002760,0
Unvalidated,2024010513773,2024,010513773,2,1,0,18,7,3,0,1,0,0,0,0,3,1,6,1,15,3,-1,-1,-1,-1,3,1,E01032785,0
Unvalidated,2024010513774,2024,010513774,1,9,0,18,5,1,0,0,5,0,0,0,1,1,2,1,21,5,-1,-1,-1,-1,-1,-1,-1,0
Unvalidated,2024010513774,2024,010513774,2,9,0,2,0,0,0,0,0,0,0,0,3,1,6,3,-1,-1,-1,-1,-1,-1,-1,-1,-1,0
Unvalidated,2024010513774,2024,010513774,3,9,0,2,0,0,0,0,0,0,0,0,1,1,6,3,-1,-1,-1,-1,-1,-1,-1,-1,-1,0
Unvalidated,2024010513775,2024,010513775,1,9,0,4,8,4,0,2,0,0,0,0,3,1,1,1,25,5,-1,-1,-1,-1,5,1,E01032779,0
Unvalidated,2024010513775,2024,010513775,2,9,0,18,4,8,0,1,0,0,0,0,1,1,6,3,24,5,-1,-1,-1,-1,5,3,E01017486,0
Unvalidated,2024010513777,2024,010513777,1,5,0,15,1,5,0,1,0,0,0,0,1,1,6,1,27,6,-1,-1,-1,-1,5,1,E01001200,0
Unvalidated,2024010513777,2024,010513777,2,9,0,9,5,3,0,1,0,0,0,0,2,1,2,1,53,8,-1,-1,-1,-1,4,1,E01002549,0
Unvalidated,2024010513778,2024,010513778,1,9,0,13,5,1,3,1,0,0,0,0,4,1,6,1,36,7,-1,-1,-1,-1,6,1,E01003149,0
Unvalidated,2024010513778,2024,010513778,2,11,0,10,4,1,3,1,0,0,0,0,3,1,1,1,57,9,-1,-1,-1,-1,4,1,E01001158,0
Unvalidated,2024010513780,2024,010513780,1,9,0,99,9,9,99,9,9,99,9,99,1,9,6,1,29,6,-1,-1,-1,-1,5,1,E01000468,0
Unvalidated,2024010513783,2024,010513783,1,9,0,18,3,7,0,1,0,0,0,0,1,1,2,1,49,8,-1,-1,-1,-1,1,1,E01001957,0
Unvalidated,2024010513783,2024,010513783,2,90,0,9,1,6,0,1,0,0,0,0,1,1,6,1,20,4,-1,-1,-1,-1,1,1,E01001958,1
Unvalidated,2024010513794,2024,010513794,1,9,0,18,3,7,0,0,0,0,0,0,4,1,6,1,42,7,-1,-1,-1,-1,9,1,E01004080,0
Unvalidated,2024010513794,2024,010513794,2,1,0,18,3,7,0,0,5,0,0,0,3,1,6,1,58,9,-1,-1,-1,-1,6,1,E01004077,0
Unvalidated,2024010513795,2024,010513795,1,9,0,18,5,1,0,8,0,0,0,0,1,1,6,1,33,6,-1,-1,-1,-1,6,1,E01001522,0
Unvalidated,2024010513795,2024,010513795,2,9,0,18,3,7,0,8,0,0,0,0,4,1,6,1,57,9,-1,-1,-1,-1,3,1,E01001397,0
Unvalidated,2024010513796,2024,010513796,1,9,0,18,1,5,0,0,5,4,0,0,1,1,6,2,90,11,-1,-1,-1,-1,9,1,E01000272,0
Unvalidated,2024010513796,2024,010513796,2,9,0,2,0,0,0,0,0,0,0,0,1,1,6,3,-1,-1,-1,-1,-1,-1,-1,-1,-1,0
Unvalidated,2024010513797,2024,010513797,1,3,0,99,9,9,99,0,9,99,9,99,1,1,1,1,32,6,-1,-1,-1,-1,4,1,E01003118,0
Unvalidated,2024010513797,2024,010513797,2,9,0,99,9,9,99,0,9,99,9,99,9,9,6,3,71,10,-1,-1,-1,-1,3,1,E01003629,0
Unvalidated,2024010513800,2024,010513800,1,2,9,99,9,9,99,9,9,99,9,99,9,1,1,1,36,7,-1,-1,-1,-1,6,1,E01003386,0
Unvalidated,2024010513800,2024,010513800,2,9,9,99,9,9,99,9,9,99,9,99,9,9,6,3,-1,-1,-1,-1,-1,-1,-1,-1,-1,0
Unvalidated,2024010513801,2024,010513801,1,9,0,99,9,9,99,9,9,99,9,99,1,9,6,3,-1,-1,-1,-1,-1,-1,-1,-1,-1,0
Unvalidated,2024010513801,2024,010513801,2,1,9,99,9,9,99,9,9,99,9,99,9,1,6,2,19,4,-1,-1,-1,-1,3,1,E01003916,0
Unvalidated,2024010513802,2024,010513802,1,3,0,99,9,9,99,9,9,99,9,99,1,1,6,1,31,6,-1,-1,-1,-1,4,1,E01003573,0
Unvalidated,2024010513802,2024,010513802,2,9,0,99,9,9,99,9,9,99,9,99,9,9,6,3,-1,-1,-1,-1,-1,-1,-1,-1,-1,0
Unvalidated,2024010513818,2024,010513818,1,3,0,99,9,9,99,0,9,99,9,99,9,1,6,3,39,7,-1,-1,-1,-1,2,1,E01001442,0
Unvalidated,2024010513818,2024,010513818,2,9,0,99,9,9,99,0,9,99,9,99,9,9,6,3,-1,-1,-1,-1,-1,-1,-1,-1,-1,0
Unvalidated,2024010513821,2024,010513821,1,9,0,18,5,1,0,8,0,0,0,0,4,1,6,2,34,6,-1,-1,-1,-1,4,1,E01001883,0
Unvalidated,2024010513821,2024,010513821,2,1,0,18,3,7,0,1,0,0,0,0,1,1,6,2,26,6,-1,-1,-1,-1,8,1,E01030703,0