status,collision_index,collision_year,collision_reference,vehicle_reference,vehicle_type,towing_and_articulation,vehicle_manoeuvre,vehicle_direction_from,vehicle_direction_to,vehicle_location_restricted_lane,junction_location,skidding_and_overturning,hit_object_in_carriageway,vehicle_leaving_carriageway,hit_object_off_carriageway,first_point_of_impact,vehicle_left_hand_drive,journey_purpose_of_driver,sex_of_driver,age_of_driver,age_band_of_driver,engine_capacity_cc,propulsion_code,age_of_vehicle,generic_make_model,driver_imd_decile,driver_home_area_type,lsoa_of_driver,escooter_flag
Unvalidated,2024010513822,2024,010513822,1,3,0,18,1,5,0,1,0,0,0,0,1,1,6,1,70,10,-1,-1,-1,-1,4,1,E01003257,0
Unvalidated,2024010513822,2024,010513822,2,9,0,10,7,5,0,1,0,0,0,0,1,1,6,2,54,8,-1,-1,-1,-1,2,1,E01003330,0
Unvalidated,2024010513827,2024,010513827,1,9,0,18,3,7,0,0,0,0,0,0,1,1,6,1,44,7,-1,-1,-1,-1,8,1,E01002106,0
Unvalidated,2024010513830,2024,010513830,1,9,0,5,3,7,0,1,0,0,0,0,1,1,6,1,49,8,-1,-1,-1,-1,3,1,E01004184,0
Unvalidated,2024010513831,2024,010513831,1,5,0,18,3,7,0,0,0,0,0,0,4,1,6,1,67,10,-1,-1,-1,-1,4,1,E01000029,0
Unvalidated,2024010513831,2024,010513831,2,9,0,18,3,7,0,0,0,0,0,0,3,1,6,1,35,6,-1,-1,-1,-1,2,1,E01002356,0
Unvalidated,2024010513834,2024,010513834,1,1,0,18,5,1,9,1,0,0,0,0,3,1,6,2,27,6,-1,-1,-1,-1,5,1,E01002667,0
Unvalidated,2024010513834,2024,010513834,2,9,0,18,1,5,9,6,0,0,0,0,1,1,6,1,34,6,-1,-1,-1,-1,-1,-1,-1,0
Unvalidated,2024010513841,2024,010513841,1,9,0,7,1,3,0,6,0,0,0,0,1,1,6,1,24,5,-1,-1,-1,-1,2,1,E01004242,0
Unvalidated,2024010513841,2024,010513841,2,3,0,18,7,3,0,1,0,0,0,0,4,1,6,1,21,5,-1,-1,-1,-1,1,1,E01004757,0
Unvalidated,2024010513842,2024,010513842,1,3,0,18,3,7,0,1,0,0,0,0,0,1,6,1,25,5,-1,-1,-1,-1,2,1,E01000096,0
Unvalidated,2024010513843,2024,010513843,1,1,9,99,9,9,99,9,9,99,9,99,1,1,6,1,18,4,-1,-1,-1,-1,2,1,E01001719,0
Unvalidated,2024010513843,2024,010513843,2,9,0,99,9,9,99,9,9,99,9,99,9,9,6,3,-1,-1,-1,-1,-1,-1,-1,-1,-1,0
Unvalidated,2024010513844,2024,010513844,1,97,0,18,5,1,0,8,0,0,0,0,4,1,1,3,23,5,-1,-1,-1,-1,-1,-1,-1,0
Unvalidated,2024010513852,2024,010513852,1,4,0,99,9,9,99,9,9,99,9,99,2,1,6,1,47,8,-1,-1,-1,-1,10,2,E01022688,0
Unvalidated,2024010513852,2024,010513852,2,9,0,99,9,9,99,9,9,99,9,99,1,9,6,3,-1,-1,-1,-1,-1,-1,6,1,E01032646,0
Unvalidated,2024010513856,2024,010513856,1,9,0,1,5,1,0,1,0,0,0,0,2,2,6,1,58,9,-1,-1,-1,-1,7,1,E01003396,0
Unvalidated,2024010513864,2024,010513864,1,9,0,5,8,4,0,0,0,0,0,0,2,1,6,1,28,6,-1,-1,-1,-1,6,1,E01021986,0
Unvalidated,2024010513864,2024,010513864,2,9,0,3,8,4,0,0,1,0,0,0,2,1,6,2,47,8,-1,-1,-1,-1,3,1,E01002279,0
Unvalidated,2024010513866,2024,010513866,1,9,0,7,4,7,0,2,0,0,0,0,1,1,6,1,24,5,-1,-1,-1,-1,-1,-1,-1,0
Unvalidated,2024010513868,2024,010513868,1,90,0,9,1,7,0,1,0,0,0,0,0,1,6,1,40,7,-1,-1,-1,-1,3,1,E01003592,0
Unvalidated,2024010513870,2024,010513870,1,9,0,4,6,2,0,6,0,0,0,0,3,1,6,2,50,8,-1,-1,-1,-1,7,1,E01002269,0
Unvalidated,2024010513870,2024,010513870,2,3,0,15,6,2,0,6,0,4,1,0,1,1,6,1,24,5,-1,-1,-1,-1,-1,-1,-1,0
Unvalidated,2024010513872,2024,010513872,1,9,0,99,9,9,99,9,9,99,9,99,9,9,6,1,38,7,-1,-1,-1,-1,9,1,E01001102,0
Unvalidated,2024010513872,2024,010513872,2,9,0,99,9,9,99,9,9,99,9,99,9,9,6,3,-1,-1,-1,-1,-1,-1,3,1,E01000689,0
Unvalidated,2024010513879,2024,010513879,1,9,0,18,7,3,0,1,0,0,0,0,1,1,6,1,74,10,-1,-1,-1,-1,6,1,E01004583,0
Unvalidated,2024010513879,2024,010513879,2,9,0,18,7,3,0,1,0,0,0,0,2,1,6,1,39,7,-1,-1,-1,-1,3,1,E01000640,0
Unvalidated,2024010513880,2024,010513880,1,4,0,18,1,5,0,0,0,0,0,0,2,1,6,1,28,6,-1,-1,-1,-1,5,1,E01030725,0
Unvalidated,2024010513880,2024,010513880,2,9,0,18,1,5,0,0,0,0,0,0,1,1,6,1,31,6,-1,-1,-1,-1,1,1,E01001196,0
Unvalidated,2024010513880,2024,010513880,3,9,0,2,0,0,0,0,0,0,0,0,2,1,6,3,-1,-1,-1,-1,-1,-1,-1,-1,-1,0
Unvalidated,2024010513885,2024,010513885,1,1,9,99,9,9,99,9,9,99,9,99,2,1,2,1,41,7,-1,-1,-1,-1,6,1,E01033736,0
Unvalidated,2024010513885,2024,010513885,2,9,0,99,9,9,99,9,9,99,9,99,1,9,6,3,-1,-1,-1,-1,-1,-1,6,1,E01001590,0
Unvalidated,2024010513888,2024,010513888,1,1,0,18,1,5,9,2,0,0,0,0,2,1,6,1,-1,-1,-1,-1,-1,-1,-1,-1,-1,0
Unvalidated,2024010513889,2024,010513889,1,9,0,13,3,7,0,1,0,0,0,0,4,1,2,1,42,7,-1,-1,-1,-1,6,1,E01002331,0
Unvalidated,2024010513889,2024,010513889,2,1,0,18,3,7,0,1,5,0,0,0,1,1,6,1,43,7,-1,-1,-1,-1,3,1,E01000032,0
Unvalidated,2024010513890,2024,010513890,1,9,9,99,9,9,99,9,9,99,9,99,9,9,6,3,-1,-1,-1,-1,-1,-1,-1,-1,-1,0
Unvalidated,2024010513891,2024,010513891,1,9,0,99,9,9,99,9,9,99,9,99,2,9,6,1,59,9,-1,-1,-1,-1,1,1,E01000093,0
Unvalidated,2024010513891,2024,010513891,2,9,0,99,9,9,99,9,9,99,9,99,1,9,6,3,-1,-1,-1,-1,-1,-1,-1,-1,-1,0
Unvalidated,2024010513892,2024,010513892,1,4,0,4,5,1,4,2,0,0,1,0,2,1,1,1,48,8,-1,-1,-1,-1,3,1,E01004421,0
Unvalidated,2024010513892,2024,010513892,2,9,0,18,5,1,0,2,0,0,0,0,1,1,6,1,47,8,-1,-1,-1,-1,2,1,E01003545,0
Unvalidated,2024010513895,2024,010513895,1,3,0,18,7,3,0,2,5,0,0,0,1,1,6,1,25,5,-1,-1,-1,-1,6,1,E01000110,0
Unvalidated,2024010513895,2024,010513895,2,9,0,18,3,7,0,1,0,0,0,0,1,1,6,2,37,7,-1,-1,-1,-1,3,1,E01000637,0
Unvalidated,2024010513895,2024,010513895,3,19,0,2,0,0,0,8,0,0,0,0,1,1,6,3,-1,-1,-1,-1,-1,-1,-1,-1,-1,0
Unvalidated,2024010513896,2024,010513896,1,9,0,3,1,5,0,0,0,0,0,0,1,1,6,1,47,8,-1,-1,-1,-1,2,1,E01002737,0
Unvalidated,2024010513896,2024,010513896,2,5,0,3,5,1,0,0,0,0,0,0,0,1,6,1,28,6,-1,-1,-1,-1,3,1,E01001789,0
Unvalidated,2024010513896,2024,010513896,3,4,0,13,5,1,0,0,5,0,0,0,1,1,6,1,27,6,-1,-1,-1,-1,3,1,E01001999,0
Unvalidated,2024010513896,2024,010513896,4,9,0,2,0,0,0,0,0,0,0,0,3,1,6,3,-1,-1,-1,-1,-1,-1,-1,-1,-1,0
Unvalidated,2024010513896,2024,010513896,5,9,0,2,0,0,0,0,0,0,0,0,4,1,6,3,-1,-1,-1,-1,-1,-1,-1,-1,-1,0
Unvalidated,2024010513897,2024,010513897,1,11,0,3,1,5,0,1,0,0,1,0,0,1,1,1,36,7,-1,-1,-1,-1,7,1,E01002538,0
Unvalidated,2024010513897,2024,010513897,2,9,0,11,8,4,0,1,0,0,0,0,0,1,6,3,-1,-1,-1,-1,-1,-1,-1,-1,-1,0
Unvalidated,2024010513900,2024,010513900,1,9,9,99,9,9,99,9,9,99,9,99,9,9,6,3,-1,-1,-1,-1,-1,-1,-1,-1,-1,0
Unvalidated,2024010513904,2024,010513904,1,11,0,18,4,8,0,0,0,0,0,0,4,1,1,1,66,10,-1,-1,-1,-1,4,1,E01002519,0
Unvalidated,2024010513905,2024,010513905,1,1,9,99,9,9,99,9,9,99,9,99,1,1,6,1,35,6,-1,-1,-1,-1,7,1,E01004018,0
Unvalidated,2024010513905,2024,010513905,2,9,0,99,9,9,99,9,9,99,9,99,9,9,6,2,44,7,-1,-1,-1,-1,3,1,E01003293,0
Unvalidated,2024010513909,2024,010513909,1,9,0,18,1,5,0,1,0,0,0,0,1,1,6,1,37,7,-1,-1,-1,-1,2,1,E01003502,0
Unvalidated,2024010513909,2024,010513909,2,5,0,13,5,1,0,1,0,7,0,0,1,1,6,1,40,7,-1,-1,-1,-1,8,1,E01002193,0
Unvalidated,2024010513910,2024,010513910,1,9,0,4,1,5,0,2,0,0,0,0,1,1,6,1,21,5,-1,-1,-1,-1,1,1,E01002092,0
Unvalidated,2024010513910,2024,010513910,2,3,0,4,1,5,0,2,0,0,0,0,2,1,1,1,31,6,-1,-1,-1,-1,3,1,E01003567,0
Unvalidated,2024010513910,2024,010513910,3,9,0,4,1,5,0,2,0,0,0,0,0,1,6,2,64,9,-1,-1,-1,-1,3,1,E01002084,0
Unvalidated,2024010513910,2024,010513910,4,9,0,18,1,5,0,2,0,0,0,0,1,1,6,3,-1,-1,-1,-1,-1,-1,-1,-1,-1,0
Unvalidated,2024010513913,2024,010513913,1,23,0,18,5,1,0,1,0,0,0,0,1,1,6,1,32,6,-1,-1,-1,-1,7,1,E01004639,0
Unvalidated,2024010513913,2024,010513913,2,9,0,18,5,1,0,1,0,0,0,0,0,1,6,3,-1,-1,-1,-1,-1,-1,-1,-1,-1,0
Unvalidated,2024010513914,2024,010513914,1,9,0,15,7,3,0,0,0,0,0,0,3,1,6,2,42,7,-1,-1,-1,-1,10,1,E01004112,0
Unvalidated,2024010513914,2024,010513914,2,9,0,18,3,7,0,0,0,0,0,0,1,1,6,2,27,6,-1,-1,-1,-1,-1,-1,-1,0
Unvalidated,2024010513919,2024,010513919,1,9,0,11,3,7,0,2,0,0,0,0,4,1,6,1,41,7,-1,-1,-1,-1,5,1,E01004641,0
Unvalidated,2024010513919,2024,010513919,2,9,0,5,3,7,8,2,1,4,0,0,3,1,6,2,28,6,-1,-1,-1,-1,6,1,E01004501,0
Unvalidated,2024010513919,2024,010513919,3,9,0,2,0,0,6,1,0,0,0,0,3,1,6,3,-1,-1,-1,-1,-1,-1,-1,-1,-1,0
Unvalidated,2024010513920,2024,010513920,1,1,0,17,1,5,9,0,2,4,1,0,1,1,6,1,21,5,-1,-1,-1,-1,3,1,E01000052,0
Unvalidated,2024010513920,2024,010513920,2,9,0,2,0,0,6,0,0,0,0,0,2,1,6,3,-1,-1,-1,-1,-1,-1,-1,-1,-1,0
Unvalidated,2024010513920,2024,010513920,3,9,0,2,0,0,9,0,0,0,0,0,1,1,6,3,-1,-1,-1,-1,-1,-1,-1,-1,-1,0
Unvalidated,2024010513922,2024,010513922,1,9,0,3,1,5,0,0,0,0,0,0,1,1,6,1,31,6,-1,-1,-1,-1,9,1,E01002953,0
Unvalidated,2024010513922,2024,010513922,2,9,0,2,0,0,0,0,0,0,0,0,3,1,6,3,-1,-1,-1,-1,-1,-1,-1,-1,-1,0
Unvalidated,2024010513922,2024,010513922,3,9,0,18,5,1,0,0,0,0,0,0,1,1,6,3,-1,-1,-1,-1,-1,-1,-1,-1,-1,0
Unvalidated,2024010513925,2024,010513925,1,9,0,99,9,9,99,9,9,99,9,99,2,9,6,2,22,5,-1,-1,-1,-1,2,1,E01003229,0
Unvalidated,2024010513925,2024,010513925,2,9,9,99,9,9,99,9,9,99,9,99,9,9,6,3,-1,-1,-1,-1,-1,-1,-1,-1,-1,0
Unvalidated,2024010513926,2024,010513926,1,9,0,18,3,7,0,8,0,0,0,0,1,1,6,2,18,4,-1,-1,-1,-1,3,1,E01000404,0
Unvalidated,2024010513926,2024,010513926,2,19,0,18,7,3,0,8,0,0,0,0,1,1,1,1,40,7,-1,-1,-1,-1,4,1,E01003781,0
Unvalidated,2024010513927,2024,010513927,1,9,0,5,7,3,9,0,0,0,2,11,1,1,6,1,48,8,-1,-1,-1,-1,-1,-1,-1,0
Unvalidated,2024010513927,2024,010513927,2,9,0,2,0,0,9,0,0,0,0,0,1,1,6,3,-1,-1,-1,-1,-1,-1,-1,-1,-1,0
Unvalidated,2024010513929,2024,010513929,1,9,0,3,3,7,0,1,0,0,0,0,2,1,6,1,28,6,-1,-1,-1,-1,6,1,E01002327,0
Unvalidated,2024010513929,2024,010513929,2,9,0,18,3,7,0,1,0,0,0,0,1,1,6,1,40,7,-1,-1,-1,-1,3,1,E01003555,0
Unvalidated,2024010513931,2024,010513931,1,9,0,18,7,3,0,0,1,4,0,0,1,1,6,1,49,8,-1,-1,-1,-1,5,1,E01000036,0
Unvalidated,2024010513931,2024,010513931,2,9,0,2,0,0,9,0,0,0,0,0,1,1,6,3,-1,-1,-1,-1,-1,-1,-1,-1,-1,0
Unvalidated,2024010513932,2024,010513932,1,9,9,99,9,9,99,9,9,99,9,99,9,9,6,3,36,7,-1,-1,-1,-1,3,1,E01001338,0
Unvalidated,2024010513933,2024,010513933,1,9,0,99,9,9,0,1,0,0,0,0,3,9,2,1,55,8,-1,-1,-1,-1,3,1,E01001640,0
Unvalidated,2024010513933,2024,010513933,2,9,9,99,9,9,0,1,0,0,0,0,1,9,6,3,-1,-1,-1,-1,-1,-1,-1,-1,-1,0
Unvalidated,2024010513936,2024,010513936,1,9,0,18,1,5,0,3,0,10,0,0,1,1,6,1,28,6,-1,-1,-1,-1,2,1,E01003489,0
Unvalidated,2024010513938,2024,010513938,1,9,0,4,3,7,0,0,0,0,0,0,4,1,2,1,39,7,-1,-1,-1,-1,-1,-1,-1,0
Unvalidated,2024010513938,2024,010513938,2,3,0,18,3,7,0,0,1,0,0,0,1,1,2,1,20,4,-1,-1,-1,-1,-1,-1,-1,0
Unvalidated,2024010513941,2024,010513941,1,9,0,3,7,3,0,1,0,0,1,0,0,1,1,1,36,7,-1,-1,-1,-1,8,1,E01002453,0
Unvalidated,2024010513941,2024,010513941,2,1,0,11,5,1,0,6,0,0,0,0,0,1,6,1,33,6,-1,-1,-1,-1,-1,-1,-1,0
Unvalidated,2024010513945,2024,010513945,1,9,0,18,1,5,0,1,0,4,0,0,3,1,6,2,74,10,-1,-1,-1,-1,6,1,E01002639,0
Unvalidated,2024010513945,2024,010513945,2,9,0,2,0,0,6,2,0,0,0,0,3,1,6,3,-1,-1,-1,-1,-1,-1,-1,-1,-1,0
Unvalidated,2024010513945,2024,010513945,3,9,0,2,0,0,6,1,0,0,0,0,1,1,6,3,-1,-1,-1,-1,-1,-1,-1,-1,-1,0
Unvalidated,2024010513947,2024,010513947,1,8,0,99,9,9,99,1,9,99,9,99,1,9,1,1,53,8,-1,-1,-1,-1,8,1,E01021744,0
Unvalidated,2024010513947,2024,010513947,2,1,9,99,9,9,99,6,9,99,9,99,1,1,6,1,-1,-1,-1,-1,-1,-1,-1,-1,-1,0
Unvalidated,2024010513948,2024,010513948,1,4,0,18,3,7,0,0,0,0,0,0,3,1,2,1,53,8,-1,-1,-1,-1,2,1,E01021278,0
Unvalidated,2024010513948,2024,010513948,2,9,0,11,3,7,0,0,0,0,0,0,4,1,6,1,40,7,-1,-1,-1,-1,3,1,E01015935,0
Unvalidated,2024010513948,2024,010513948,3,9,0,18,3,7,0,0,0,0,0,0,2,1,2,1,63,9,-1,-1,-1,-1,10,3,E01021445,0
Unvalidated,2024010513953,2024,010513953,1,19,0,18,7,3,0,2,0,0,0,0,1,1,2,1,33,6,-1,-1,-1,-1,2,1,E01003591,0
Unvalidated,2024010513953,2024,010513953,2,9,0,17,1,5,0,1,0,0,0,0,1,1,6,1,31,6,-1,-1,-1,-1,4,1,E01001396,0
Unvalidated,2024010513953,2024,010513953,3,19,0,18,3,7,0,1,0,0,0,0,3,1,1,1,51,8,-1,-1,-1,-1,4,1,E01000068,0
Unvalidated,2024010513957,2024,010513957,1,9,0,9,5,3,0,6,0,0,0,0,1,1,6,2,46,8,-1,-1,-1,-1,7,1,E01003800,0
Unvalidated,2024010513957,2024,010513957,2,4,0,18,7,3,0,1,0,0,0,0,1,1,6,1,22,5,-1,-1,-1,-1,5,1,E01002449,0
Unvalidated,2024010513965,2024,010513965,1,1,9,99,9,9,99,9,9,99,9,99,9,1,2,1,32,6,-1,-1,-1,-1,3,1,E01003730,0
Unvalidated,2024010513965,2024,010513965,2,9,0,99,9,9,99,9,9,99,9,99,9,9,6,3,-1,-1,-1,-1,-1,-1,2,1,E01004290,0
Unvalidated,2024010513972,2024,010513972,1,1,0,18,5,1,5,1,0,0,0,0,2,1,2,1,54,8,-1,-1,-1,-1,6,1,E01001990,0
Unvalidated,2024010513972,2024,010513972,2,9,0,7,3,5,0,1,0,0,0,0,0,1,6,1,62,9,-1,-1,-1,-1,6,1,E01001997,0
Unvalidated,2024010513975,2024,010513975,1,9,0,18,5,1,0,1,0,0,0,0,2,1,6,1,61,9,-1,-1,-1,-1,5,1,E01000383,0
Unvalidated,2024010513975,2024,010513975,2,19,0,18,5,1,0,1,0,0,0,0,1,1,6,3,23,5,-1,-1,-1,-1,-1,-1,-1,0
Unvalidated,2024010513975,2024,010513975,3,19,0,18,5,1,0,1,0,0,0,0,1,1,6,1,51,8,-1,-1,-1,-1,8,1,E01000342,0
Unvalidated,2024010513975,2024,010513975,4,9,0,18,5,1,0,1,0,0,0,0,1,1,6,1,23,5,-1,-1,-1,-1,4,3,E01024624,0
Unvalidated,2024010513976,2024,010513976,1,1,9,18,9,9,99,9,9,99,9,99,9,1,2,2,28,6,-1,-1,-1,-1,4,1,E01003169,0
Unvalidated,2024010513976,2024,010513976,2,9,0,7,9,9,99,9,9,99,9,99,1,9,6,3,-1,-1,-1,-1,-1,-1,-1,-1,-1,0
Unvalidated,2024010513978,2024,010513978,1,3,0,18,9,9,99,0,9,99,9,99,9,1,1,3,44,7,-1,-1,-1,-1,2,1,E01024091,0
Unvalidated,2024010513978,2024,010513978,2,9,0,5,9,9,99,0,9,99,9,99,9,9,6,3,-1,-1,-1,-1,-1,-1,-1,-1,-1,0
Unvalidated,2024010513982,2024,010513982,1,9,0,5,0,1,0,6,0,0,0,0,3,1,6,1,50,8,-1,-1,-1,-1,2,1,E01001447,0
Unvalidated,2024010513986,2024,010513986,1,9,0,99,9,9,99,9,9,99,9,99,9,9,6,3,-1,-1,-1,-1,-1,-1,-1,-1,-1,0
Unvalidated,2024010513986,2024,010513986,2,3,0,99,9,9,99,9,9,99,9,99,9,1,1,1,33,6,-1,-1,-1,-1,3,1,E01000641,0
Unvalidated,2024010513988,2024,010513988,1,9,0,18,3,7,0,1,0,0,0,0,2,1,2,1,48,8,-1,-1,-1,-1,4,1,E01002592,0
Unvalidated,2024010513988,2024,010513988,2,9,0,18,3,7,0,1,0,0,0,0,1,1,6,2,22,5,-1,-1,-1,-1,3,1,E01002558,0
Unvalidated,2024010513989,2024,010513989,1,9,0,18,1,5,0,0,0,0,1,0,1,1,2,2,40,7,-1,-1,-1,-1,-1,-1,-1,0
Unvalidated,2024010513989,2024,010513989,2,9,0,18,5,1,0,0,0,0,1,0,1,2,1,1,42,7,-1,-1,-1,-1,5,3,E01021800,0
Unvalidated,2024010513992,2024,010513992,1,3,0,99,9,9,99,9,9,99,9,99,9,1,1,1,32,6,-1,-1,-1,-1,3,1,E01002105,0
Unvalidated,2024010513992,2024,010513992,2,9,0,99,9,9,99,9,9,99,9,99,9,9,6,3,-1,-1,-1,-1,-1,-1,-1,-1,-1,0
Unvalidated,2024010513993,2024,010513993,1,3,0,99,9,9,99,9,9,99,9,99,9,1,1,2,28,6,-1,-1,-1,-1,4,1,E01001595,0
Unvalidated,2024010513993,2024,010513993,2,9,9,99,9,9,99,9,9,99,9,99,9,9,6,3,-1,-1,-1,-1,-1,-1,-1,-1,-1,0
Unvalidated,2024010514009,2024,010514009,1,3,0,99,9,9,99,9,9,99,9,99,1,1,1,1,36,7,-1,-1,-1,-1,2,1,E01001555,0
Unvalidated,2024010514009,2024,010514009,2,9,9,99,9,9,99,9,9,99,9,99,9,9,6,3,-1,-1,-1,-1,-1,-1,-1,-1,-1,0
Unvalidated,2024010514012,2024,010514012,1,3,0,99,9,9,99,9,9,99,9,99,9,1,1,1,37,7,-1,-1,-1,-1,2,1,E01004238,0
Unvalidated,2024010514012,2024,010514012,2,9,0,99,9,9,99,9,9,99,9,99,9,9,6,3,-1,-1,-1,-1,-1,-1,-1,-1,-1,0
Unvalidated,2024010514016,2024,010514016,1,9,0,7,7,1,0,5,0,99,0,0,4,9,6,2,72,10,-1,-1,-1,-1,8,1,E01003421,0
Unvalidated,2024010514018,2024,010514018,1,5,0,18,5,1,0,6,5,0,0,0,1,1,2,1,35,6,-1,-1,-1,-1,3,1,E01001640,0
Unvalidated,2024010514018,2024,010514018,2,9,0,9,7,4,0,6,0,0,0,0,1,1,6,1,46,8,-1,-1,-1,-1,2,1,E01003121,0
Unvalidated,2024010514021,2024,010514021,1,19,0,7,7,1,0,8,0,0,0,0,1,1,6,1,58,9,-1,-1,-1,-1,6,1,E01004164,0
Unvalidated,2024010514021,2024,010514021,2,9,0,18,5,1,0,1,0,0,0,0,1,2,6,1,22,5,-1,-1,-1,-1,9,1,E01004133,0
Unvalidated,2024010514023,2024,010514023,1,9,0,9,3,8,0,6,0,0,0,0,1,1,6,2,42,7,-1,-1,-1,-1,4,1,E01002448,0
Unvalidated,2024010514023,2024,010514023,2,9,0,14,1,5,0,1,0,0,0,0,1,1,6,1,20,4,-1,-1,-1,-1,3,1,E01002407,0
Unvalidated,2024010514026,2024,010514026,1,19,0,18,3,7,0,2,0,0,0,0,3,1,1,1,25,5,-1,-1,-1,-1,4,1,E01000591,0
Unvalidated,2024010514026,2024,010514026,2,2,0,18,1,5,0,2,0,0,0,0,1,1,6,1,21,5,-1,-1,-1,-1,4,1,E01001276,0
Unvalidated,2024010514033,2024,010514033,1,3,0,15,3,7,0,1,0,0,0,0,1,1,6,1,15,3,-1,-1,-1,-1,5,1,E01000468,0
Unvalidated,2024010514033,2024,010514033,2,9,0,9,3,8,0,1,0,0,0,0,3,1,6,2,57,9,-1,-1,-1,-1,5,1,E01000468,0
Unvalidated,2024010514037,2024,010514037,1,1,9,99,9,9,99,9,9,99,9,99,1,1,6,3,-1,-1,-1,-1,-1,-1,-1,-1,-1,0
Unvalidated,2024010514038,2024,010514038,1,9,0,16,2,6,0,4,0,0,0,0,1,1,6,1,21,5,-1,-1,-1,-1,4,1,E01004531,0
Unvalidated,2024010514038,2024,010514038,2,1,0,18,3,7,0,3,0,0,0,0,1,1,6,1,33,6,-1,-1,-1,-1,8,1,E01004135,0
Unvalidated,2024010514040,2024,010514040,1,9,9,99,9,9,99,9,9,99,9,99,9,9,6,1,-1,-1,-1,-1,-1,-1,-1,-1,-1,0
Unvalidated,2024010514040,2024,010514040,2,1,9,99,9,9,99,9,9,99,9,99,9,1,6,3,21,5,-1,-1,-1,-1,3,1,E01004028,0
Unvalidated,2024010514041,2024,010514041,1,9,0,99,9,9,99,0,9,99,9,99,9,9,2,2,23,5,-1,-1,-1,-1,3,1,E01001970,0
Unvalidated,2024010514041,2024,010514041,2,9,0,99,9,9,99,0,9,99,9,99,9,9,6,3,-1,-1,-1,-1,-1,-1,-1,-1,-1,0
Unvalidated,2024010514042,2024,010514042,1,8,0,9,1,7,0,2,0,0,0,0,1,1,1,1,45,7,-1,-1,-1,-1,5,1,E01003217,0
Unvalidated,2024010514043,2024,010514043,1,3,9,99,9,9,99,9,9,99,9,99,1,1,1,1,31,6,-1,-1,-1,-1,3,3,E01002276,0
Unvalidated,2024010514043,2024,010514043,2,9,9,99,9,9,99,9,9,99,9,99,1,9,6,3,-1,-1,-1,-1,-1,-1,-1,-1,-1,0
Unvalidated,2024010514044,2024,010514044,1,3,0,99,9,9,99,9,9,99,9,99,9,1,6,1,38,7,-1,-1,-1,-1,3,1,E01001504,0
Unvalidated,2024010514044,2024,010514044,2,9,0,99,9,9,99,9,9,99,9,99,9,9,6,3,-1,-1,-1,-1,-1,-1,-1,-1,-1,0
Unvalidated,2024010514047,2024,010514047,1,9,0,9,2,7,0,1,0,0,0,0,1,1,6,1,54,8,-1,-1,-1,-1,3,1,E01003989,0
Unvalidated,2024010514047,2024,010514047,2,5,0,18,6,2,0,1,2,0,8,10,4,1,6,1,26,6,-1,-1,-1,-1,2,1,E01004068,0
Unvalidated,2024010514049,2024,010514049,1,9,9,99,9,9,99,9,9,99,9,99,9,9,6,3,-1,-1,-1,-1,-1,-1,-1,-1,-1,0
Unvalidated,2024010514050,2024,010514050,1,1,9,99,9,9,99,9,9,99,9,99,1,1,6,1,40,7,-1,-1,-1,-1,10,1,E01002189,0
Unvalidated,2024010514050,2024,010514050,2,9,0,99,9,9,99,9,9,99,9,99,9,9,6,3,96,11,-1,-1,-1,-1,10,1,E01002152,0
Unvalidated,2024010514052,2024,010514052,1,9,0,99,9,9,99,9,9,99,9,99,4,9,6,3,-1,-1,-1,-1,-1,-1,-1,-1,-1,0
Unvalidated,2024010514053,2024,010514053,1,4,0,99,9,9,99,9,9,99,9,99,9,1,1,3,20,4,-1,-1,-1,-1,3,1,E01001548,0
Unvalidated,2024010514053,2024,010514053,2,9,0,99,9,9,99,9,9,99,9,99,9,9,6,3,-1,-1,-1,-1,-1,-1,-1,-1,-1,0
Unvalidated,2024010514055,2024,010514055,1,9,0,18,5,1,0,1,0,4,7,4,1,1,6,1,16,4,-1,-1,-1,-1,4,1,E01002717,0
Unvalidated,2024010514055,2024,010514055,2,9,0,2,0,0,0,1,0,0,0,0,4,1,6,3,-1,-1,-1,-1,-1,-1,-1,-1,-1,0
Unvalidated,2024010514061,2024,010514061,1,9,9,14,1,5,0,9,9,99,0,0,9,1,6,1,-1,-1,-1,-1,-1,-1,2,1,E01001014,0
Unvalidated,2024010514065,2024,010514065,1,19,0,6,1,1,0,0,0,0,0,0,2,1,6,1,25,5,-1,-1,-1,-1,-1,-1,-1,0
Unvalidated,2024010514065,2024,010514065,2,4,0,18,1,5,0,0,0,0,0,0,1,1,6,1,18,4,-1,-1,-1,-1,-1,-1,-1,0
Unvalidated,2024010514066,2024,010514066,1,9,0,4,5,1,0,1,0,0,0,0,3,1,6,1,23,5,-1,-1,-1,-1,-1,-1,-1,0
Unvalidated,2024010514066,2024,010514066,2,3,0,5,5,1,0,1,0,0,0,0,1,1,1,1,37,7,-1,-1,-1,-1,-1,-1,-1,0
Unvalidated,2024010514066,2024,010514066,3,9,0,5,1,5,0,1,0,0,0,0,1,1,6,1,33,6,-1,-1,-1,-1,9,1,E01004118,0
Unvalidated,2024010514067,2024,010514067,1,9,0,18,5,1,0,0,0,0,0,0,2,1,2,2,43,7,-1,-1,-1,-1,5,1,E01003415,0
Unvalidated,2024010514067,2024,010514067,2,9,0,18,5,1,0,0,0,0,0,0,1,1,6,1,22,5,-1,-1,-1,-1,5,1,E01003435,0