status,collision_index,collision_year,collision_reference,vehicle_reference,vehicle_type,towing_and_articulation,vehicle_manoeuvre,vehicle_direction_from,vehicle_direction_to,vehicle_location_restricted_lane,junction_location,skidding_and_overturning,hit_object_in_carriageway,vehicle_leaving_carriageway,hit_object_off_carriageway,first_point_of_impact,vehicle_left_hand_drive,journey_purpose_of_driver,sex_of_driver,age_of_driver,age_band_of_driver,engine_capacity_cc,propulsion_code,age_of_vehicle,generic_make_model,driver_imd_decile,driver_home_area_type,lsoa_of_driver,escooter_flag
Unvalidated,2024010514074,2024,010514074,1,1,0,18,7,3,0,8,0,0,0,0,1,1,6,2,28,6,-1,-1,-1,-1,3,1,W01000999,0
Unvalidated,2024010514074,2024,010514074,2,20,0,9,3,1,4,8,0,0,0,0,4,1,1,1,38,7,-1,-1,-1,-1,5,1,E01000662,0
Unvalidated,2024010514075,2024,010514075,1,9,0,5,5,1,0,1,0,0,0,0,1,1,6,2,28,6,-1,-1,-1,-1,6,1,E01030300,0
Unvalidated,2024010514075,2024,010514075,2,5,0,5,5,1,0,1,0,0,0,0,3,1,6,1,41,7,-1,-1,-1,-1,4,1,E01023393,0
Unvalidated,2024010514075,2024,010514075,3,4,0,5,5,1,0,1,0,0,0,0,2,1,6,1,57,9,-1,-1,-1,-1,5,1,E01023956,0
Unvalidated,2024010514086,2024,010514086,1,1,9,99,9,9,99,1,9,99,9,99,1,1,2,2,30,6,-1,-1,-1,-1,6,1,E01002006,0
Unvalidated,2024010514086,2024,010514086,2,3,0,99,9,9,99,6,9,99,9,99,1,1,6,3,-1,-1,-1,-1,-1,-1,-1,-1,-1,0
Unvalidated,2024010514088,2024,010514088,1,3,0,18,5,1,0,0,5,0,0,0,1,1,2,1,21,5,-1,-1,-1,-1,-1,-1,-1,0
Unvalidated,2024010514089,2024,010514089,1,11,0,5,0,5,0,0,0,0,0,0,0,1,1,1,76,11,-1,-1,-1,-1,5,1,E01002626,0
Unvalidated,2024010514090,2024,010514090,1,9,0,9,8,6,0,1,0,0,1,11,3,1,6,2,46,8,-1,-1,-1,-1,5,1,E01000747,0
Unvalidated,2024010514090,2024,010514090,2,19,0,18,3,7,0,8,0,0,0,0,1,1,1,1,52,8,-1,-1,-1,-1,8,1,E01000752,0
Unvalidated,2024010514094,2024,010514094,1,3,0,17,3,1,0,2,2,0,0,0,4,1,6,1,21,5,-1,-1,-1,-1,3,1,E01001874,0
Unvalidated,2024010514094,2024,010514094,2,9,0,17,3,1,0,2,0,0,0,0,0,1,1,1,49,8,-1,-1,-1,-1,4,1,E01000472,0
Unvalidated,2024010514095,2024,010514095,1,9,0,18,2,6,0,2,0,4,0,0,3,1,6,1,22,5,-1,-1,-1,-1,4,1,E01003412,0
Unvalidated,2024010514095,2024,010514095,2,19,0,2,0,0,0,2,0,0,0,0,1,1,6,3,-1,-1,-1,-1,-1,-1,-1,-1,-1,0
Unvalidated,2024010514095,2024,010514095,3,9,0,2,0,0,0,2,0,0,0,0,2,1,6,3,-1,-1,-1,-1,-1,-1,-1,-1,-1,0
Unvalidated,2024010514108,2024,010514108,1,9,0,99,9,9,99,9,9,99,9,99,9,9,2,1,46,8,-1,-1,-1,-1,7,1,E01004635,0
Unvalidated,2024010514111,2024,010514111,1,3,0,18,5,1,0,8,0,0,0,0,1,1,6,1,33,6,-1,-1,-1,-1,2,1,E01003988,0
Unvalidated,2024010514111,2024,010514111,2,1,0,18,1,5,4,8,0,0,0,0,1,1,2,1,40,7,-1,-1,-1,-1,7,1,E01003956,0
Unvalidated,2024010514115,2024,010514115,1,9,0,99,9,9,99,9,9,99,9,99,9,9,6,1,39,7,-1,-1,-1,-1,3,1,E01000432,0
Unvalidated,2024010514115,2024,010514115,2,9,0,99,9,9,99,9,9,99,9,99,2,9,6,3,-1,-1,-1,-1,-1,-1,-1,-1,-1,0
Unvalidated,2024010514120,2024,010514120,1,9,0,9,4,1,0,5,0,0,0,0,3,1,6,1,-1,-1,-1,-1,-1,-1,3,1,E01021836,0
Unvalidated,2024010514120,2024,010514120,2,3,0,16,5,1,0,2,0,0,0,0,3,1,6,1,25,5,-1,-1,-1,-1,1,1,E01002081,0
Unvalidated,2024010514121,2024,010514121,1,9,0,9,1,7,0,4,0,0,0,0,1,1,6,1,31,6,-1,-1,-1,-1,5,1,E01000488,0
Unvalidated,2024010514121,2024,010514121,2,1,0,18,5,1,0,4,0,0,0,0,1,1,6,1,32,6,-1,-1,-1,-1,4,1,E01000471,0
Unvalidated,2024010514122,2024,010514122,1,1,0,18,1,5,0,1,0,0,0,0,1,1,6,3,24,5,-1,-1,-1,-1,-1,-1,-1,0
Unvalidated,2024010514127,2024,010514127,1,9,0,4,1,5,0,0,0,0,0,0,3,1,6,1,32,6,-1,-1,-1,-1,4,1,E01003353,0
Unvalidated,2024010514127,2024,010514127,2,9,0,1,3,1,0,0,0,0,0,0,2,1,6,1,33,6,-1,-1,-1,-1,-1,-1,-1,0
Unvalidated,2024010514130,2024,010514130,1,9,0,18,4,8,0,3,0,7,0,0,1,1,2,2,40,7,-1,-1,-1,-1,6,1,E01000727,0
Unvalidated,2024010514133,2024,010514133,1,9,0,99,9,9,99,9,9,99,9,99,1,9,6,1,34,6,-1,-1,-1,-1,-1,-1,-1,0
Unvalidated,2024010514133,2024,010514133,2,9,0,99,9,9,99,9,9,99,9,99,1,9,6,3,-1,-1,-1,-1,-1,-1,-1,-1,-1,0
Unvalidated,2024010514134,2024,010514134,1,9,0,18,7,3,0,0,0,0,0,0,1,1,6,3,-1,-1,-1,-1,-1,-1,-1,-1,-1,0
Unvalidated,2024010514134,2024,010514134,2,1,0,18,3,7,0,0,0,0,0,0,1,1,6,1,33,6,-1,-1,-1,-1,3,1,E01001111,0
Unvalidated,2024010514137,2024,010514137,1,9,0,18,3,7,1,0,0,0,0,0,3,1,6,2,19,4,-1,-1,-1,-1,3,1,E01000725,0
Unvalidated,2024010514137,2024,010514137,2,18,0,5,1,5,1,0,0,0,0,0,1,1,1,1,44,7,-1,-1,-1,-1,3,1,E01003387,0
Unvalidated,2024010514144,2024,010514144,1,3,9,99,9,9,99,9,9,99,9,99,9,1,1,3,23,5,-1,-1,-1,-1,3,1,E01003431,0
Unvalidated,2024010514144,2024,010514144,2,9,9,99,9,9,99,9,9,99,9,99,9,9,6,3,-1,-1,-1,-1,-1,-1,-1,-1,-1,0
Unvalidated,2024010514151,2024,010514151,1,9,0,7,1,2,0,8,0,0,0,0,1,1,6,2,69,10,-1,-1,-1,-1,2,1,E01001331,0
Unvalidated,2024010514151,2024,010514151,2,1,0,5,7,3,0,8,0,0,0,0,1,1,1,1,38,7,-1,-1,-1,-1,9,1,E01017813,0
Unvalidated,2024010514152,2024,010514152,1,9,0,99,9,9,99,1,9,99,9,99,9,9,6,2,46,8,-1,-1,-1,-1,6,1,E01000844,0
Unvalidated,2024010514152,2024,010514152,2,1,9,99,9,9,99,6,9,99,9,99,9,1,6,1,-1,-1,-1,-1,-1,-1,-1,-1,-1,0
Unvalidated,2024010514154,2024,010514154,1,9,0,99,9,9,99,9,9,99,9,99,2,9,6,2,42,7,-1,-1,-1,-1,7,1,E01001280,0
Unvalidated,2024010514155,2024,010514155,1,19,0,99,9,9,99,0,9,99,9,99,2,9,1,1,26,6,-1,-1,-1,-1,2,1,E01001820,0
Unvalidated,2024010514155,2024,010514155,2,9,0,99,9,9,99,0,9,99,9,99,1,9,6,3,-1,-1,-1,-1,-1,-1,-1,-1,-1,0
Unvalidated,2024010514158,2024,010514158,1,9,0,99,9,9,99,9,9,99,9,99,2,9,6,2,26,6,-1,-1,-1,-1,1,1,E01000596,0
Unvalidated,2024010514162,2024,010514162,1,3,0,99,9,9,99,9,9,99,9,99,9,1,1,1,27,6,-1,-1,-1,-1,2,1,E01001487,0
Unvalidated,2024010514162,2024,010514162,2,9,9,99,9,9,99,9,9,99,9,99,9,9,6,1,27,6,-1,-1,-1,-1,3,1,E01001808,0
Unvalidated,2024010514163,2024,010514163,1,1,9,99,9,9,99,9,9,99,9,99,1,1,6,1,39,7,-1,-1,-1,-1,9,1,E01000808,0
Unvalidated,2024010514163,2024,010514163,2,97,0,99,9,9,99,9,9,99,9,99,9,1,6,3,-1,-1,-1,-1,-1,-1,-1,-1,-1,0
Unvalidated,2024010514164,2024,010514164,1,9,0,18,3,7,0,0,0,0,0,0,1,1,6,1,36,7,-1,-1,-1,-1,9,1,E01032735,0
Unvalidated,2024010514164,2024,010514164,2,1,0,18,3,7,0,0,0,0,0,0,2,1,2,2,38,7,-1,-1,-1,-1,1,1,E01004005,0
Unvalidated,2024010514166,2024,010514166,1,3,9,99,9,9,99,9,5,99,9,99,9,1,1,1,29,6,-1,-1,-1,-1,-1,-1,-1,0
Unvalidated,2024010514166,2024,010514166,2,9,9,99,9,9,99,9,9,99,9,99,9,9,6,3,-1,-1,-1,-1,-1,-1,-1,-1,-1,0
Unvalidated,2024010514168,2024,010514168,1,3,0,99,9,9,99,9,9,99,9,99,9,1,1,1,29,6,-1,-1,-1,-1,2,1,E01002638,0
Unvalidated,2024010514168,2024,010514168,2,9,0,99,9,9,99,9,9,99,9,99,9,9,6,3,-1,-1,-1,-1,-1,-1,-1,-1,-1,0
Unvalidated,2024010514173,2024,010514173,1,9,0,99,9,9,99,9,9,99,9,99,9,9,6,2,42,7,-1,-1,-1,-1,6,1,E01004608,0
Unvalidated,2024010514173,2024,010514173,2,1,9,99,9,9,99,9,9,99,9,99,1,1,1,1,-1,-1,-1,-1,-1,-1,-1,-1,-1,0
Unvalidated,2024010514183,2024,010514183,1,9,0,18,1,5,0,9,0,0,9,0,1,9,6,2,-1,-1,-1,-1,-1,-1,-1,-1,-1,0
Unvalidated,2024010514184,2024,010514184,1,9,0,99,9,9,99,9,9,99,9,99,2,9,6,2,63,9,-1,-1,-1,-1,3,1,E01002105,0
Unvalidated,2024010514184,2024,010514184,2,19,0,99,9,9,99,9,9,99,9,99,1,9,6,3,-1,-1,-1,-1,-1,-1,-1,-1,-1,0
Unvalidated,2024010514187,2024,010514187,1,9,0,99,9,9,99,9,9,99,9,99,2,9,6,2,58,9,-1,-1,-1,-1,6,1,E01001966,0
Unvalidated,2024010514187,2024,010514187,2,98,0,99,9,9,99,9,9,99,9,99,1,9,6,3,-1,-1,-1,-1,-1,-1,-1,-1,-1,0
Unvalidated,2024010514189,2024,010514189,1,3,0,18,9,9,99,0,9,99,9,99,9,1,1,1,22,5,-1,-1,-1,-1,3,1,E01000644,0
Unvalidated,2024010514189,2024,010514189,2,9,0,5,9,9,99,0,9,99,9,99,9,9,6,3,-1,-1,-1,-1,-1,-1,-1,-1,-1,0
Unvalidated,2024010514192,2024,010514192,1,11,0,4,5,1,0,1,0,0,1,0,1,1,1,2,54,8,-1,-1,-1,-1,6,1,E01000193,0
Unvalidated,2024010514194,2024,010514194,1,4,0,7,1,2,0,8,0,0,0,0,1,1,1,1,24,5,-1,-1,-1,-1,3,1,E01003565,0
Unvalidated,2024010514194,2024,010514194,2,4,0,7,3,5,0,5,0,0,0,0,1,1,6,1,23,5,-1,-1,-1,-1,3,1,E01001841,0
Unvalidated,2024010514200,2024,010514200,1,1,9,99,9,9,99,9,9,99,9,99,1,1,6,3,-1,-1,-1,-1,-1,-1,-1,-1,-1,0
Unvalidated,2024010514200,2024,010514200,2,1,9,99,9,9,99,9,9,99,9,99,1,1,6,3,-1,-1,-1,-1,-1,-1,-1,-1,-1,0
Unvalidated,2024010514201,2024,010514201,1,9,0,9,5,3,0,6,0,0,0,0,1,1,6,2,58,9,-1,-1,-1,-1,3,1,E01002559,0
Unvalidated,2024010514202,2024,010514202,1,11,0,4,1,5,0,8,0,0,0,0,2,1,1,1,58,9,-1,-1,-1,-1,2,1,E01001894,0
Unvalidated,2024010514202,2024,010514202,2,19,0,18,1,5,0,8,0,0,0,0,1,1,1,1,38,7,-1,-1,-1,-1,4,1,E01002775,0
Unvalidated,2024010514203,2024,010514203,1,9,0,3,3,7,0,1,0,0,0,0,2,1,6,2,44,7,-1,-1,-1,-1,6,1,E01001419,0
Unvalidated,2024010514203,2024,010514203,2,3,0,18,3,7,0,1,0,0,0,0,1,1,6,1,29,6,-1,-1,-1,-1,3,1,E01001479,0
Unvalidated,2024010514205,2024,010514205,1,5,0,18,1,5,0,1,0,0,0,0,1,1,6,1,25,5,-1,-1,-1,-1,7,1,E01000674,0
Unvalidated,2024010514205,2024,010514205,2,9,0,9,3,2,2,6,0,0,0,0,4,1,6,1,20,4,-1,-1,-1,-1,5,1,E01003139,0
Unvalidated,2024010514211,2024,010514211,1,9,0,3,5,1,0,0,0,8,0,0,3,1,6,2,39,7,-1,-1,-1,-1,-1,-1,-1,0
Unvalidated,2024010514211,2024,010514211,2,90,0,18,1,5,0,0,0,0,0,0,1,1,6,2,27,6,-1,-1,-1,-1,-1,-1,-1,1
Unvalidated,2024010514212,2024,010514212,1,3,0,18,2,6,0,1,0,0,0,0,1,1,6,3,-1,-1,-1,-1,-1,-1,-1,-1,-1,0
Unvalidated,2024010514212,2024,010514212,2,1,0,8,2,5,0,1,0,0,0,0,3,1,6,1,76,11,-1,-1,-1,-1,2,1,E01001843,0
Unvalidated,2024010514222,2024,010514222,1,9,0,2,0,0,0,1,0,0,0,0,3,1,6,3,-1,-1,-1,-1,-1,-1,-1,-1,-1,0
Unvalidated,2024010514222,2024,010514222,2,3,0,18,5,1,0,6,0,8,7,0,1,1,1,1,30,6,-1,-1,-1,-1,4,1,E01002642,0
Unvalidated,2024010514224,2024,010514224,1,9,0,9,5,3,0,1,0,0,0,0,1,1,2,1,42,7,-1,-1,-1,-1,2,1,E01001971,0
Unvalidated,2024010514224,2024,010514224,2,1,0,5,5,1,0,1,0,0,0,0,1,1,2,1,29,6,-1,-1,-1,-1,7,1,E01004586,0
Unvalidated,2024010514230,2024,010514230,1,9,0,3,1,5,0,1,0,0,0,0,2,1,6,1,61,9,-1,-1,-1,-1,5,1,E01000516,0
Unvalidated,2024010514230,2024,010514230,2,9,0,3,1,5,0,1,0,0,0,0,2,1,6,1,25,5,-1,-1,-1,-1,5,1,E01017084,0
Unvalidated,2024010514230,2024,010514230,3,9,0,4,1,5,0,1,0,0,0,0,1,1,6,1,33,6,-1,-1,-1,-1,1,1,E01002800,0
Unvalidated,2024010514230,2024,010514230,4,9,0,3,1,5,0,1,0,0,0,0,2,1,6,2,64,9,-1,-1,-1,-1,1,1,E01004199,0
Unvalidated,2024010514231,2024,010514231,1,1,0,18,7,3,4,8,5,99,0,0,4,1,6,2,30,6,-1,-1,-1,-1,2,1,E01004062,0
Unvalidated,2024010514231,2024,010514231,2,9,0,7,7,1,0,1,0,0,0,0,1,2,6,2,23,5,-1,-1,-1,-1,7,1,E01024712,0
Unvalidated,2024010514236,2024,010514236,1,19,9,99,9,9,99,9,9,99,9,99,9,9,6,3,46,8,-1,-1,-1,-1,2,1,E01003540,0
Unvalidated,2024010514245,2024,010514245,1,9,0,18,7,3,0,8,0,0,7,1,0,1,6,2,72,10,-1,-1,-1,-1,5,1,E01002667,0
Unvalidated,2024010514245,2024,010514245,2,9,0,18,7,3,0,8,0,0,0,0,0,1,6,3,-1,-1,-1,-1,-1,-1,-1,-1,-1,0
Unvalidated,2024010514246,2024,010514246,1,5,0,17,3,1,0,2,0,0,0,0,4,1,2,1,34,6,-1,-1,-1,-1,9,1,E01023833,0
Unvalidated,2024010514246,2024,010514246,2,97,0,17,3,1,0,2,0,0,0,0,1,1,6,3,-1,-1,-1,-1,-1,-1,-1,-1,-1,0
Unvalidated,2024010514247,2024,010514247,1,3,0,99,9,9,99,9,9,99,9,99,9,1,1,3,42,7,-1,-1,-1,-1,5,1,E01003144,0
Unvalidated,2024010514247,2024,010514247,2,9,0,99,9,9,99,9,9,99,9,99,9,9,6,3,-1,-1,-1,-1,-1,-1,-1,-1,-1,0
Unvalidated,2024010514251,2024,010514251,1,9,0,99,9,9,99,0,9,99,9,99,9,9,6,2,-1,-1,-1,-1,-1,-1,9,1,E01003380,0
Unvalidated,2024010514251,2024,010514251,2,9,0,99,9,9,99,0,9,99,9,99,9,9,6,1,38,7,-1,-1,-1,-1,9,1,E01004191,0
Unvalidated,2024010514252,2024,010514252,1,9,0,99,9,9,99,9,9,99,9,99,9,9,6,3,-1,-1,-1,-1,-1,-1,-1,-1,-1,0
Unvalidated,2024010514252,2024,010514252,2,90,9,99,9,9,0,5,9,0,9,99,4,9,6,1,17,4,-1,-1,-1,-1,1,1,E01003045,1
Unvalidated,2024010514254,2024,010514254,1,3,0,18,4,8,0,1,0,0,0,0,4,1,6,1,26,6,-1,-1,-1,-1,-1,-1,-1,0
Unvalidated,2024010514254,2024,010514254,2,9,0,9,6,4,0,6,0,0,0,0,1,1,2,1,37,7,-1,-1,-1,-1,6,1,E01023830,0
Unvalidated,2024010514255,2024,010514255,1,9,0,18,5,1,0,8,0,0,0,0,3,1,6,1,32,6,-1,-1,-1,-1,2,1,E01001812,0
Unvalidated,2024010514255,2024,010514255,2,1,0,18,7,3,0,1,0,0,0,0,1,1,4,1,11,3,-1,-1,-1,-1,3,1,E01001769,0
Unvalidated,2024010514263,2024,010514263,1,9,0,9,1,7,0,8,0,0,0,0,4,1,6,1,22,5,-1,-1,-1,-1,2,1,E01000484,0
Unvalidated,2024010514263,2024,010514263,2,1,0,18,5,1,0,1,0,0,0,0,1,1,6,1,54,8,-1,-1,-1,-1,2,1,E01002702,0
Unvalidated,2024010514267,2024,010514267,1,1,9,18,9,9,99,0,9,99,9,99,2,1,6,2,22,5,-1,-1,-1,-1,-1,-1,-1,0
Unvalidated,2024010514267,2024,010514267,2,9,0,13,9,9,99,0,9,99,9,99,9,9,6,3,-1,-1,-1,-1,-1,-1,-1,-1,-1,0
Unvalidated,2024010514270,2024,010514270,1,9,0,9,1,7,0,1,0,0,0,0,3,1,6,2,31,6,-1,-1,-1,-1,5,1,E01004564,0
Unvalidated,2024010514270,2024,010514270,2,3,0,18,1,5,0,1,0,0,0,0,4,1,6,1,22,5,-1,-1,-1,-1,2,1,E01003187,0
Unvalidated,2024010514273,2024,010514273,1,1,9,99,9,9,99,0,9,99,9,99,1,1,6,3,-1,-1,-1,-1,-1,-1,-1,-1,-1,0
Unvalidated,2024010514274,2024,010514274,1,9,0,18,3,7,0,0,0,0,0,0,1,1,2,1,18,4,-1,-1,-1,-1,4,1,E01002324,0
Unvalidated,2024010514274,2024,010514274,2,3,0,5,3,7,0,0,0,0,0,0,2,1,1,1,31,6,-1,-1,-1,-1,2,1,E01003523,0
Unvalidated,2024010514275,2024,010514275,1,1,9,99,9,9,99,9,9,99,9,99,0,1,2,1,26,6,-1,-1,-1,-1,4,1,E01004580,0
Unvalidated,2024010514275,2024,010514275,2,9,0,99,9,9,99,9,9,99,9,99,9,9,6,3,-1,-1,-1,-1,-1,-1,3,1,E01003088,0
Unvalidated,2024010514277,2024,010514277,1,9,0,5,5,1,0,1,0,0,0,0,4,2,3,2,42,7,-1,-1,-1,-1,4,1,E01000113,0
Unvalidated,2024010514279,2024,010514279,1,3,0,99,9,9,99,9,9,99,9,99,1,1,1,1,29,6,-1,-1,-1,-1,8,1,E01002148,0
Unvalidated,2024010514279,2024,010514279,2,9,0,99,9,9,99,9,9,99,9,99,9,9,6,3,-1,-1,-1,-1,-1,-1,-1,-1,-1,0
Unvalidated,2024010514284,2024,010514284,1,1,9,99,9,9,99,0,9,99,9,99,9,1,2,1,35,6,-1,-1,-1,-1,3,1,E01004212,0
Unvalidated,2024010514284,2024,010514284,2,9,0,99,9,9,99,0,9,99,9,99,1,9,6,3,71,10,-1,-1,-1,-1,5,1,E01003842,0
Unvalidated,2024010514288,2024,010514288,1,9,0,99,9,9,99,9,9,99,9,99,9,9,6,1,64,9,-1,-1,-1,-1,7,1,E01003370,0
Unvalidated,2024010514288,2024,010514288,2,9,0,99,9,9,99,9,9,99,9,99,9,9,6,3,-1,-1,-1,-1,-1,-1,-1,-1,-1,0
Unvalidated,2024010514289,2024,010514289,1,98,9,99,9,9,99,9,9,99,9,99,9,9,6,3,-1,-1,-1,-1,-1,-1,-1,-1,-1,0
Unvalidated,2024010514291,2024,010514291,1,9,0,99,9,9,99,9,9,99,9,99,2,9,6,1,25,5,-1,-1,-1,-1,8,1,E01017983,0
Unvalidated,2024010514291,2024,010514291,2,9,0,99,9,9,99,9,9,99,9,99,1,9,6,3,-1,-1,-1,-1,-1,-1,5,1,E01002145,0
Unvalidated,2024010514294,2024,010514294,1,9,0,3,3,7,0,0,0,0,0,0,0,1,2,1,49,8,-1,-1,-1,-1,2,1,E01002848,0
Unvalidated,2024010514294,2024,010514294,2,3,0,3,3,7,0,0,0,0,0,0,0,1,1,1,29,6,-1,-1,-1,-1,5,1,E01001914,0
Unvalidated,2024010514295,2024,010514295,1,9,0,18,5,1,0,1,0,0,0,0,1,1,2,1,49,8,-1,-1,-1,-1,2,1,E01002056,0
Unvalidated,2024010514297,2024,010514297,1,23,9,99,9,9,99,0,9,99,9,99,9,1,6,3,-1,-1,-1,-1,-1,-1,-1,-1,-1,0
Unvalidated,2024010514306,2024,010514306,1,9,0,9,4,2,0,8,0,10,1,11,1,1,6,1,-1,-1,-1,-1,-1,-1,-1,-1,-1,0
Unvalidated,2024010514306,2024,010514306,2,9,0,18,4,8,0,1,0,0,0,0,0,1,1,1,48,8,-1,-1,-1,-1,-1,-1,-1,0
Unvalidated,2024010514306,2024,010514306,3,9,0,18,8,4,0,1,0,0,0,0,1,1,6,1,25,5,-1,-1,-1,-1,6,1,E01000898,0
Unvalidated,2024010514306,2024,010514306,4,11,0,18,8,4,0,1,0,0,0,0,3,1,1,3,-1,-1,-1,-1,-1,-1,-1,-1,-1,0
Unvalidated,2024010514310,2024,010514310,1,9,9,99,9,9,99,0,9,99,9,99,9,9,6,3,-1,-1,-1,-1,-1,-1,9,1,E01003837,0
Unvalidated,2024010514310,2024,010514310,2,23,9,99,9,9,99,0,9,99,9,99,9,9,6,3,-1,-1,-1,-1,-1,-1,-1,-1,-1,0
Unvalidated,2024010514322,2024,010514322,1,3,0,15,3,7,0,1,5,0,0,0,1,1,6,1,21,5,-1,-1,-1,-1,4,1,E01033727,0
Unvalidated,2024010514322,2024,010514322,2,9,0,6,7,7,0,2,0,0,0,0,1,1,6,1,50,8,-1,-1,-1,-1,2,1,E01004238,0
Unvalidated,2024010514325,2024,010514325,1,11,0,18,8,4,0,0,0,0,0,0,0,1,1,1,58,9,-1,-1,-1,-1,5,1,E01003307,0
Unvalidated,2024010514325,2024,010514325,2,8,0,18,4,8,0,0,0,0,0,0,1,1,6,3,-1,-1,-1,-1,-1,-1,-1,-1,-1,0
Unvalidated,2024010514327,2024,010514327,1,11,0,4,8,4,6,0,0,0,0,0,0,1,6,2,45,7,-1,-1,-1,-1,2,1,E01003299,0
Unvalidated,2024010514330,2024,010514330,1,3,0,18,1,5,0,8,0,0,0,0,1,1,6,3,-1,-1,-1,-1,-1,-1,-1,-1,-1,0
Unvalidated,2024010514330,2024,010514330,2,1,0,18,1,5,0,2,0,0,0,0,0,1,6,1,26,6,-1,-1,-1,-1,7,1,E01000198,0
Unvalidated,2024010514338,2024,010514338,1,9,0,18,3,7,0,0,0,0,0,0,2,1,6,1,29,6,-1,-1,-1,-1,2,1,E01000484,0
Unvalidated,2024010514338,2024,010514338,2,9,0,18,3,7,0,0,1,0,0,0,1,1,6,1,21,5,-1,-1,-1,-1,1,1,E01002026,0
Unvalidated,2024010514338,2024,010514338,3,9,0,18,3,7,0,0,0,0,0,0,2,1,6,1,24,5,-1,-1,-1,-1,3,1,E01004350,0
Unvalidated,2024010514338,2024,010514338,4,9,0,18,3,7,0,0,0,0,0,0,1,1,6,3,-1,-1,-1,-1,-1,-1,-1,-1,-1,0
Unvalidated,2024010514340,2024,010514340,1,1,9,99,9,9,99,9,9,99,9,99,9,1,6,1,36,7,-1,-1,-1,-1,4,1,E01002244,0
Unvalidated,2024010514340,2024,010514340,2,9,0,99,9,9,99,9,9,99,9,99,1,9,6,3,-1,-1,-1,-1,-1,-1,7,1,E01002338,0
Unvalidated,2024010514342,2024,010514342,1,9,0,18,5,1,0,2,0,0,0,0,1,1,6,2,38,7,-1,-1,-1,-1,5,1,E01003116,0
Unvalidated,2024010514342,2024,010514342,2,9,0,18,1,5,0,1,0,0,0,0,1,1,1,2,50,8,-1,-1,-1,-1,-1,-1,-1,0
Unvalidated,2024010514342,2024,010514342,3,9,0,2,0,0,0,1,0,0,0,0,3,1,6,3,-1,-1,-1,-1,-1,-1,-1,-1,-1,0
Unvalidated,2024010514343,2024,010514343,1,3,0,18,5,1,0,1,0,0,0,0,1,1,6,1,28,6,-1,-1,-1,-1,4,1,E01002050,0
Unvalidated,2024010514343,2024,010514343,2,9,0,6,1,1,0,1,0,0,0,0,1,1,6,2,-1,-1,-1,-1,-1,-1,-1,-1,-1,0
Unvalidated,2024010514346,2024,010514346,1,9,0,1,6,2,9,0,0,0,7,11,2,1,6,1,55,8,-1,-1,-1,-1,2,1,E01000781,0
Unvalidated,2024010514352,2024,010514352,1,9,0,18,1,5,0,2,0,0,0,0,1,1,1,1,59,9,-1,-1,-1,-1,2,1,E01002784,0
Unvalidated,2024010514352,2024,010514352,2,3,0,9,7,5,0,8,5,0,0,0,1,1,2,2,23,5,-1,-1,-1,-1,4,1,E01001854,0
Unvalidated,2024010514353,2024,010514353,1,1,9,99,9,9,99,9,9,99,9,99,4,1,6,3,43,7,-1,-1,-1,-1,4,1,E01002101,0
Unvalidated,2024010514363,2024,010514363,1,1,0,3,5,1,0,2,0,0,0,0,4,1,1,1,36,7,-1,-1,-1,-1,8,1,E01000678,0
Unvalidated,2024010514363,2024,010514363,2,9,0,3,7,3,0,1,0,0,0,0,1,9,6,1,-1,-1,-1,-1,-1,-1,-1,-1,-1,0
Unvalidated,2024010514369,2024,010514369,1,9,0,4,5,1,0,1,0,0,0,0,1,1,2,1,28,6,-1,-1,-1,-1,1,1,E01004273,0
Unvalidated,2024010514370,2024,010514370,1,9,0,6,5,5,0,1,0,0,1,0,1,1,3,2,37,7,-1,-1,-1,-1,4,1,E01033490,0
Unvalidated,2024010514370,2024,010514370,2,9,0,2,0,0,0,1,0,0,0,0,1,1,6,3,-1,-1,-1,-1,-1,-1,-1,-1,-1,0
Unvalidated,2024010514370,2024,010514370,3,1,0,18,5,1,0,1,0,0,0,0,1,1,2,2,32,6,-1,-1,-1,-1,2,1,E01001754,0
Unvalidated,2024010514374,2024,010514374,1,9,0,99,9,9,99,9,9,99,9,99,9,9,6,3,-1,-1,-1,-1,-1,-1,4,1,E01000066,0
Unvalidated,2024010514374,2024,010514374,2,1,9,99,9,9,99,9,9,99,9,99,1,1,2,1,29,6,-1,-1,-1,-1,3,1,E01001834,0
Unvalidated,2024010514375,2024,010514375,1,3,0,99,9,9,99,9,9,99,9,99,9,1,2,1,33,6,-1,-1,-1,-1,3,1,E01003521,0
Unvalidated,2024010514375,2024,010514375,2,9,0,99,9,9,99,9,9,99,9,99,9,9,6,1,-1,-1,-1,-1,-1,-1,-1,-1,-1,0
Unvalidated,2024010514377,2024,010514377,1,9,0,8,3,5,0,6,0,0,0,0,1,1,2,2,67,10,-1,-1,-1,-1,4,1,E01021812,0
Unvalidated,2024010514382,2024,010514382,1,3,0,99,9,9,99,9,9,99,9,99,1,1,1,1,38,7,-1,-1,-1,-1,5,1,E01001157,0
Unvalidated,2024010514382,2024,010514382,2,9,0,99,9,9,99,9,9,99,9,99,9,9,6,3,-1,-1,-1,-1,-1,-1,-1,-1,-1,0
Unvalidated,2024010514384,2024,010514384,1,9,0,99,9,9,99,2,9,99,9,99,2,9,2,1,42,7,-1,-1,-1,-1,8,1,E01003845,0