status,collision_index,collision_year,collision_reference,vehicle_reference,vehicle_type,towing_and_articulation,vehicle_manoeuvre,vehicle_direction_from,vehicle_direction_to,vehicle_location_restricted_lane,junction_location,skidding_and_overturning,hit_object_in_carriageway,vehicle_leaving_carriageway,hit_object_off_carriageway,first_point_of_impact,vehicle_left_hand_drive,journey_purpose_of_driver,sex_of_driver,age_of_driver,age_band_of_driver,engine_capacity_cc,propulsion_code,age_of_vehicle,generic_make_model,driver_imd_decile,driver_home_area_type,lsoa_of_driver,escooter_flag
Unvalidated,2024010514384,2024,010514384,2,9,0,99,9,9,99,1,9,99,9,99,1,9,6,3,-1,-1,-1,-1,-1,-1,7,1,E01001290,0
Unvalidated,2024010514387,2024,010514387,1,3,0,18,7,3,0,0,2,0,0,0,1,1,1,1,43,7,-1,-1,-1,-1,5,1,E01001524,0
Unvalidated,2024010514387,2024,010514387,2,19,0,18,3,7,0,0,0,0,0,0,1,1,1,1,46,8,-1,-1,-1,-1,6,1,E01023518,0
Unvalidated,2024010514388,2024,010514388,1,9,0,99,9,9,99,0,9,99,9,99,9,9,2,1,28,6,-1,-1,-1,-1,7,1,E01001399,0
Unvalidated,2024010514388,2024,010514388,2,1,9,99,9,9,99,0,9,99,9,99,1,1,6,1,37,7,-1,-1,-1,-1,2,1,E01000930,0
Unvalidated,2024010514392,2024,010514392,1,19,0,17,7,3,0,0,0,0,0,0,1,1,3,1,63,9,-1,-1,-1,-1,3,1,E01004022,0
Unvalidated,2024010514398,2024,010514398,1,3,0,99,9,9,99,9,9,99,9,99,1,1,6,1,38,7,-1,-1,-1,-1,5,1,E01023827,0
Unvalidated,2024010514398,2024,010514398,2,9,0,99,9,9,99,9,9,99,9,99,9,9,6,3,-1,-1,-1,-1,-1,-1,-1,-1,-1,0
Unvalidated,2024010514405,2024,010514405,1,9,0,9,3,2,0,8,0,0,0,0,1,1,6,2,50,8,-1,-1,-1,-1,7,1,E01002871,0
Unvalidated,2024010514405,2024,010514405,2,3,0,18,7,3,0,1,0,0,0,0,3,1,6,1,51,8,-1,-1,-1,-1,6,1,E01001897,0
Unvalidated,2024010514408,2024,010514408,1,19,0,18,3,7,0,1,0,0,0,0,0,1,1,1,45,7,-1,-1,-1,-1,6,1,E01002423,0
Unvalidated,2024010514411,2024,010514411,1,1,9,18,9,9,99,9,9,99,9,99,1,1,2,2,53,8,-1,-1,-1,-1,6,1,E01001138,0
Unvalidated,2024010514411,2024,010514411,2,9,0,7,9,9,99,9,9,99,9,99,9,9,6,2,31,6,-1,-1,-1,-1,3,1,E01001141,0
Unvalidated,2024010514415,2024,010514415,1,19,0,18,5,1,0,0,0,0,0,0,1,1,1,1,68,10,-1,-1,-1,-1,2,1,E01003346,0
Unvalidated,2024010514416,2024,010514416,1,1,9,99,9,9,99,9,9,99,9,99,1,1,2,2,26,6,-1,-1,-1,-1,2,1,E01004004,0
Unvalidated,2024010514416,2024,010514416,2,9,0,99,9,9,99,9,9,99,9,99,1,9,6,1,26,6,-1,-1,-1,-1,3,1,E01003969,0
Unvalidated,2024010514418,2024,010514418,1,1,0,18,2,6,0,0,0,0,0,0,1,1,6,1,40,7,-1,-1,-1,-1,6,1,E01002204,0
Unvalidated,2024010514421,2024,010514421,1,9,0,18,5,1,0,2,0,0,0,0,1,1,1,2,47,8,-1,-1,-1,-1,3,1,E01003969,0
Unvalidated,2024010514422,2024,010514422,1,9,0,18,3,7,0,9,0,0,0,0,1,1,6,1,-1,-1,-1,-1,-1,-1,-1,-1,-1,0
Unvalidated,2024010514427,2024,010514427,1,3,0,99,9,9,99,9,9,99,9,99,1,1,6,1,18,4,-1,-1,-1,-1,3,1,E01000035,0
Unvalidated,2024010514427,2024,010514427,2,9,0,99,9,9,99,9,9,99,9,99,9,9,6,3,-1,-1,-1,-1,-1,-1,-1,-1,-1,0
Unvalidated,2024010514440,2024,010514440,1,9,0,18,1,5,0,1,0,0,0,0,9,9,6,2,91,11,-1,-1,-1,-1,-1,-1,-1,0
Unvalidated,2024010514443,2024,010514443,1,3,0,99,9,9,99,9,9,99,9,99,1,1,1,1,25,5,-1,-1,-1,-1,8,1,E01002178,0
Unvalidated,2024010514443,2024,010514443,2,9,0,99,9,9,99,9,9,99,9,99,9,9,6,2,51,8,-1,-1,-1,-1,3,1,E01000473,0
Unvalidated,2024010514451,2024,010514451,1,1,9,99,9,9,99,9,9,99,9,99,1,1,2,2,25,5,-1,-1,-1,-1,4,1,E01003147,0
Unvalidated,2024010514451,2024,010514451,2,97,9,99,9,9,99,9,9,99,9,99,9,9,6,3,-1,-1,-1,-1,-1,-1,-1,-1,-1,0
Unvalidated,2024010514458,2024,010514458,1,1,9,99,9,9,99,9,9,99,9,99,9,1,2,1,43,7,-1,-1,-1,-1,9,1,E01030381,0
Unvalidated,2024010514458,2024,010514458,2,9,0,99,9,9,99,9,9,99,9,99,9,9,6,2,32,6,-1,-1,-1,-1,6,1,E01001923,0
Unvalidated,2024010514461,2024,010514461,1,9,0,18,5,1,0,8,0,0,0,0,1,1,2,1,40,7,-1,-1,-1,-1,2,1,E01000015,0
Unvalidated,2024010514461,2024,010514461,2,9,0,18,5,1,0,8,0,0,0,0,3,1,6,2,36,7,-1,-1,-1,-1,4,1,E01002247,0
Unvalidated,2024010514461,2024,010514461,3,1,0,18,7,3,0,8,0,0,0,0,1,1,6,1,21,5,-1,-1,-1,-1,2,1,E01000018,0
Unvalidated,2024010514464,2024,010514464,1,1,9,99,9,9,99,9,9,99,9,99,2,1,6,1,36,7,-1,-1,-1,-1,3,1,E01004031,0
Unvalidated,2024010514464,2024,010514464,2,9,0,99,9,9,99,9,9,99,9,99,1,9,6,3,25,5,-1,-1,-1,-1,2,1,E01003933,0
Unvalidated,2024010514466,2024,010514466,1,9,0,7,3,5,0,5,0,0,0,0,1,1,2,2,34,6,-1,-1,-1,-1,-1,-1,-1,0
Unvalidated,2024010514478,2024,010514478,1,11,0,9,8,5,0,1,0,0,0,0,0,1,1,2,31,6,-1,-1,-1,-1,3,1,E01001981,0
Unvalidated,2024010514479,2024,010514479,1,9,0,18,7,3,0,0,0,0,0,0,1,1,6,2,33,6,-1,-1,-1,-1,7,1,E01002197,0
Unvalidated,2024010514481,2024,010514481,1,9,0,99,9,9,0,0,0,12,0,0,9,1,6,2,35,6,-1,-1,-1,-1,6,2,E01021761,0
Unvalidated,2024010514481,2024,010514481,2,9,0,18,1,5,0,0,0,99,0,0,4,1,6,3,-1,-1,-1,-1,-1,-1,-1,-1,-1,0
Unvalidated,2024010514483,2024,010514483,1,9,0,99,9,9,99,9,9,99,9,99,2,9,6,1,35,6,-1,-1,-1,-1,2,1,E01000102,0
Unvalidated,2024010514483,2024,010514483,2,9,0,99,9,9,99,9,9,99,9,99,1,9,6,3,34,6,-1,-1,-1,-1,-1,-1,-1,0
Unvalidated,2024010514492,2024,010514492,1,3,0,5,2,6,0,1,0,0,1,0,3,1,6,2,36,7,-1,-1,-1,-1,8,1,E01002820,0
Unvalidated,2024010514492,2024,010514492,2,9,0,5,8,4,0,1,0,0,0,0,1,1,6,2,52,8,-1,-1,-1,-1,-1,-1,-1,0
Unvalidated,2024010514493,2024,010514493,1,90,0,18,5,1,0,1,0,0,0,0,0,1,6,1,-1,-1,-1,-1,-1,-1,-1,-1,-1,1
Unvalidated,2024010514495,2024,010514495,1,90,0,18,3,7,0,8,5,0,0,0,4,1,6,1,33,6,-1,-1,-1,-1,3,1,E01003969,1
Unvalidated,2024010514495,2024,010514495,2,19,0,18,3,7,0,8,0,0,0,0,3,1,2,1,54,8,-1,-1,-1,-1,-1,-1,-1,0
Unvalidated,2024010514496,2024,010514496,1,9,0,18,1,5,0,8,0,0,0,0,1,1,6,3,-1,-1,-1,-1,-1,-1,-1,-1,-1,0
Unvalidated,2024010514497,2024,010514497,1,9,0,3,3,7,0,1,1,0,0,0,1,1,6,1,29,6,-1,-1,-1,-1,3,1,E01003570,0
Unvalidated,2024010514497,2024,010514497,2,19,0,5,3,7,0,1,0,0,0,0,4,1,2,1,40,7,-1,-1,-1,-1,6,1,E01003657,0
Unvalidated,2024010514498,2024,010514498,1,9,0,99,9,9,99,9,9,99,9,99,1,9,6,2,35,6,-1,-1,-1,-1,7,1,E01002199,0
Unvalidated,2024010514498,2024,010514498,2,9,0,99,9,9,99,9,9,99,9,99,9,9,6,1,30,6,-1,-1,-1,-1,5,1,E01000264,0
Unvalidated,2024010514499,2024,010514499,1,9,0,18,5,1,99,9,9,99,0,0,4,1,2,1,36,7,-1,-1,-1,-1,3,1,E01003723,0
Unvalidated,2024010514499,2024,010514499,2,9,0,18,1,5,99,9,9,99,0,0,1,1,6,3,-1,-1,-1,-1,-1,-1,-1,-1,-1,0
Unvalidated,2024010514501,2024,010514501,1,3,0,18,5,1,6,0,0,0,0,0,1,1,2,1,40,7,-1,-1,-1,-1,3,1,E01002757,0
Unvalidated,2024010514501,2024,010514501,2,9,0,3,5,1,0,0,0,0,0,0,2,1,1,1,40,7,-1,-1,-1,-1,4,1,E01015786,0
Unvalidated,2024010514501,2024,010514501,3,9,0,3,5,1,0,0,0,0,0,0,3,1,6,2,58,9,-1,-1,-1,-1,9,3,W01000776,0
Unvalidated,2024010514505,2024,010514505,1,11,9,9,5,2,99,9,0,0,9,0,1,1,6,3,-1,-1,-1,-1,-1,-1,-1,-1,-1,0
Unvalidated,2024010514508,2024,010514508,1,11,0,5,7,3,0,1,0,0,0,0,0,1,1,2,56,9,-1,-1,-1,-1,2,1,E01000527,0
Unvalidated,2024010514509,2024,010514509,1,11,0,18,1,5,0,1,0,0,0,0,0,1,1,1,57,9,-1,-1,-1,-1,7,1,E01001204,0
Unvalidated,2024010514510,2024,010514510,1,1,9,99,9,9,99,9,9,99,9,99,9,1,2,2,38,7,-1,-1,-1,-1,10,1,E01004122,0
Unvalidated,2024010514510,2024,010514510,2,98,0,99,9,9,99,9,9,99,9,99,2,9,6,3,47,8,-1,-1,-1,-1,2,1,E01003912,0
Unvalidated,2024010514512,2024,010514512,1,5,0,18,6,2,0,2,0,0,0,0,1,1,6,1,19,4,-1,-1,-1,-1,8,1,E01000654,0
Unvalidated,2024010514517,2024,010514517,1,8,0,99,9,9,99,9,9,99,9,99,2,9,1,1,53,8,-1,-1,-1,-1,8,1,E01030393,0
Unvalidated,2024010514517,2024,010514517,2,9,0,99,9,9,99,9,9,99,9,99,0,9,6,3,-1,-1,-1,-1,-1,-1,-1,-1,-1,0
Unvalidated,2024010514518,2024,010514518,1,21,4,7,5,8,0,4,5,0,0,0,3,1,1,1,51,8,-1,-1,-1,-1,3,1,E01002528,0
Unvalidated,2024010514522,2024,010514522,1,9,0,9,2,7,0,2,0,10,7,0,1,1,6,2,76,11,-1,-1,-1,-1,6,1,E01002331,0
Unvalidated,2024010514527,2024,010514527,1,1,9,99,9,9,99,9,9,99,9,99,9,1,1,1,32,6,-1,-1,-1,-1,2,1,E01003508,0
Unvalidated,2024010514528,2024,010514528,1,3,0,99,9,9,99,2,9,99,9,99,9,1,1,1,37,7,-1,-1,-1,-1,4,1,E01001005,0
Unvalidated,2024010514528,2024,010514528,2,2,0,99,9,9,99,6,9,99,9,99,9,1,6,3,-1,-1,-1,-1,-1,-1,-1,-1,-1,0
Unvalidated,2024010514529,2024,010514529,1,9,0,18,2,6,0,1,0,0,0,0,1,1,6,1,-1,-1,-1,-1,-1,-1,-1,-1,-1,0
Unvalidated,2024010514530,2024,010514530,1,9,0,17,5,1,0,0,0,0,8,10,1,1,6,1,-1,-1,-1,-1,-1,-1,-1,-1,-1,0
Unvalidated,2024010514530,2024,010514530,2,9,0,16,1,5,0,0,0,0,7,0,1,1,6,2,32,6,-1,-1,-1,-1,4,1,E01016003,0
Unvalidated,2024010514538,2024,010514538,1,9,0,9,5,3,0,1,0,0,0,0,2,1,6,1,56,9,-1,-1,-1,-1,6,1,E01003449,0
Unvalidated,2024010514540,2024,010514540,1,9,0,2,0,0,9,0,0,0,0,0,4,1,6,3,-1,-1,-1,-1,-1,-1,-1,-1,-1,0
Unvalidated,2024010514540,2024,010514540,2,1,0,18,1,5,0,0,0,0,0,0,1,1,6,1,62,9,-1,-1,-1,-1,9,1,E01000191,0
Unvalidated,2024010514541,2024,010514541,1,9,0,18,7,3,0,8,0,0,0,0,1,1,6,3,-1,-1,-1,-1,-1,-1,-1,-1,-1,0
Unvalidated,2024010514542,2024,010514542,1,8,0,18,4,8,0,1,0,0,0,0,1,1,1,1,43,7,-1,-1,-1,-1,2,1,E01000954,0
Unvalidated,2024010514542,2024,010514542,2,9,0,18,2,6,0,1,0,0,0,0,1,1,2,1,27,6,-1,-1,-1,-1,6,1,E01004530,0
Unvalidated,2024010514544,2024,010514544,1,1,9,18,9,9,99,9,9,99,9,99,0,1,2,2,48,8,-1,-1,-1,-1,6,1,E01001573,0
Unvalidated,2024010514544,2024,010514544,2,11,0,13,9,9,99,9,9,99,9,99,9,9,6,3,63,9,-1,-1,-1,-1,8,1,E01001596,0
Unvalidated,2024010514547,2024,010514547,1,9,0,99,9,9,99,0,9,99,9,99,2,9,6,1,43,7,-1,-1,-1,-1,5,1,E01003495,0
Unvalidated,2024010514547,2024,010514547,2,9,0,99,9,9,99,0,9,99,9,99,1,9,6,3,-1,-1,-1,-1,-1,-1,2,1,E01003971,0
Unvalidated,2024010514549,2024,010514549,1,11,0,9,2,8,0,1,0,0,0,0,0,1,1,1,26,6,-1,-1,-1,-1,2,1,E01003983,0
Unvalidated,2024010514549,2024,010514549,2,19,0,18,6,2,0,4,0,0,0,0,0,1,6,3,-1,-1,-1,-1,-1,-1,-1,-1,-1,0
Unvalidated,2024010514550,2024,010514550,1,9,0,18,7,3,0,1,0,0,0,0,4,1,6,1,36,7,-1,-1,-1,-1,3,1,E01002841,0
Unvalidated,2024010514552,2024,010514552,1,9,0,9,1,6,0,8,0,0,0,0,4,1,6,1,70,10,-1,-1,-1,-1,6,1,E01004109,0
Unvalidated,2024010514552,2024,010514552,2,1,0,18,5,1,0,8,0,0,0,0,3,1,2,1,28,6,-1,-1,-1,-1,9,1,E01004087,0
Unvalidated,2024010514555,2024,010514555,1,5,0,18,7,3,9,2,2,0,1,2,1,1,6,1,32,6,-1,-1,-1,-1,3,1,E01003215,0
Unvalidated,2024010514556,2024,010514556,1,9,0,9,3,8,0,8,0,0,0,0,1,1,6,1,46,8,-1,-1,-1,-1,8,1,E01000672,0
Unvalidated,2024010514556,2024,010514556,2,1,0,18,1,5,4,8,0,0,0,0,1,1,6,1,39,7,-1,-1,-1,-1,1,1,E01001210,0
Unvalidated,2024010514560,2024,010514560,1,19,0,2,0,0,9,8,0,7,0,0,2,1,6,3,-1,-1,-1,-1,-1,-1,-1,-1,-1,0
Unvalidated,2024010514560,2024,010514560,2,9,0,18,5,1,0,1,2,4,1,0,2,1,1,1,57,9,-1,-1,-1,-1,3,1,E01001267,0
Unvalidated,2024010514560,2024,010514560,3,9,0,18,5,1,0,1,0,0,1,0,1,1,6,2,20,4,-1,-1,-1,-1,6,1,E01000587,0
Unvalidated,2024010514561,2024,010514561,1,9,0,7,5,7,7,6,0,0,0,0,1,1,1,1,27,6,-1,-1,-1,-1,7,1,E01004597,0
Unvalidated,2024010514568,2024,010514568,1,11,0,18,4,8,0,0,0,0,0,0,0,1,1,1,44,7,-1,-1,-1,-1,6,1,E01001419,0
Unvalidated,2024010514569,2024,010514569,1,4,0,99,9,9,99,9,9,99,9,99,2,1,2,2,44,7,-1,-1,-1,-1,6,1,E01004372,0
Unvalidated,2024010514569,2024,010514569,2,9,0,99,9,9,99,9,9,99,9,99,1,9,6,3,-1,-1,-1,-1,-1,-1,-1,-1,-1,0
Unvalidated,2024010514573,2024,010514573,1,1,0,16,1,5,99,3,0,0,9,99,4,1,2,1,46,8,-1,-1,-1,-1,3,1,E01003235,0
Unvalidated,2024010514573,2024,010514573,2,9,0,16,3,5,99,4,0,0,1,99,4,9,6,1,-1,-1,-1,-1,-1,-1,-1,-1,-1,0
Unvalidated,2024010514581,2024,010514581,1,9,0,17,7,3,0,0,0,4,0,0,4,1,6,2,41,7,-1,-1,-1,-1,5,1,E01004188,0
Unvalidated,2024010514581,2024,010514581,2,9,0,2,0,0,0,0,0,0,0,0,0,1,6,3,-1,-1,-1,-1,-1,-1,-1,-1,-1,0
Unvalidated,2024010514582,2024,010514582,1,9,0,99,9,9,99,9,9,99,9,99,2,9,2,2,29,6,-1,-1,-1,-1,2,1,E01003558,0
Unvalidated,2024010514582,2024,010514582,2,98,9,99,9,9,99,9,9,99,9,99,1,9,6,3,-1,-1,-1,-1,-1,-1,6,1,E01032977,0
Unvalidated,2024010514589,2024,010514589,1,9,0,7,2,5,9,1,0,0,0,0,1,1,2,1,41,7,-1,-1,-1,-1,9,1,E01030379,0
Unvalidated,2024010514589,2024,010514589,2,1,0,4,3,7,9,1,0,0,0,0,1,1,6,2,74,10,-1,-1,-1,-1,9,1,E01003864,0
Unvalidated,2024010514590,2024,010514590,1,9,0,3,5,1,0,1,0,0,0,0,2,1,6,2,33,6,-1,-1,-1,-1,3,1,E01000090,0
Unvalidated,2024010514590,2024,010514590,2,19,4,3,5,1,0,1,0,0,0,0,1,1,1,1,31,6,-1,-1,-1,-1,5,1,E01001157,0
Unvalidated,2024010514591,2024,010514591,1,1,0,15,1,5,0,6,0,0,1,0,1,1,1,1,43,7,-1,-1,-1,-1,3,1,E01002508,0
Unvalidated,2024010514591,2024,010514591,2,9,0,9,1,6,0,5,0,0,1,0,1,1,1,1,52,8,-1,-1,-1,-1,4,1,E01002487,0
Unvalidated,2024010514592,2024,010514592,1,9,9,99,9,9,99,0,9,99,9,99,9,1,6,3,-1,-1,-1,-1,-1,-1,-1,-1,-1,0
Unvalidated,2024010514593,2024,010514593,1,3,0,99,9,9,99,9,9,99,9,99,9,1,1,1,22,5,-1,-1,-1,-1,2,1,E01003735,0
Unvalidated,2024010514593,2024,010514593,2,9,0,99,9,9,99,9,9,99,9,99,0,9,6,3,-1,-1,-1,-1,-1,-1,-1,-1,-1,0
Unvalidated,2024010514598,2024,010514598,1,3,0,99,9,9,99,9,9,99,9,99,9,1,6,3,30,6,-1,-1,-1,-1,2,1,E01001448,0
Unvalidated,2024010514598,2024,010514598,2,9,0,99,9,9,99,9,9,99,9,99,9,9,6,2,48,8,-1,-1,-1,-1,3,1,E01027175,0
Unvalidated,2024010514601,2024,010514601,1,1,9,99,9,9,99,9,9,99,9,99,9,1,6,1,51,8,-1,-1,-1,-1,3,1,E01032784,0
Unvalidated,2024010514601,2024,010514601,2,9,9,99,9,9,99,9,9,99,9,99,9,9,6,3,-1,-1,-1,-1,-1,-1,-1,-1,-1,0
Unvalidated,2024010514604,2024,010514604,1,9,9,99,9,9,0,4,9,99,9,99,2,9,6,2,24,5,-1,-1,-1,-1,9,1,E01024445,0
Unvalidated,2024010514604,2024,010514604,2,9,9,99,9,9,0,4,9,99,9,99,1,9,6,3,40,7,-1,-1,-1,-1,-1,-1,-1,0
Unvalidated,2024010514605,2024,010514605,1,9,0,99,9,9,99,9,9,99,9,99,2,9,6,1,35,6,-1,-1,-1,-1,4,1,E01000616,0
Unvalidated,2024010514609,2024,010514609,1,9,0,7,4,7,0,0,0,0,0,0,2,1,6,2,33,6,-1,-1,-1,-1,-1,-1,-1,0
Unvalidated,2024010514609,2024,010514609,2,19,0,18,4,8,0,0,0,0,0,0,1,1,6,1,53,8,-1,-1,-1,-1,4,1,E01003410,0
Unvalidated,2024010514615,2024,010514615,1,9,0,18,1,5,0,0,0,0,2,3,1,1,6,2,31,6,-1,-1,-1,-1,2,1,E01000126,0
Unvalidated,2024010514618,2024,010514618,1,19,0,9,1,8,0,5,0,0,0,0,1,1,1,1,47,8,-1,-1,-1,-1,2,1,E01000861,0
Unvalidated,2024010514618,2024,010514618,2,3,0,18,5,1,2,1,5,0,0,0,1,1,6,1,22,5,-1,-1,-1,-1,2,1,E01003991,0
Unvalidated,2024010514623,2024,010514623,1,1,9,99,9,9,99,9,9,99,9,99,9,1,2,2,28,6,-1,-1,-1,-1,6,1,E01002140,0
Unvalidated,2024010514623,2024,010514623,2,11,0,99,9,9,99,9,9,99,9,99,9,9,6,3,-1,-1,-1,-1,-1,-1,8,1,E01003812,0
Unvalidated,2024010514624,2024,010514624,1,19,0,5,0,1,0,1,0,0,0,0,1,1,2,1,31,6,-1,-1,-1,-1,-1,-1,-1,0
Unvalidated,2024010514624,2024,010514624,2,5,0,18,1,5,9,1,1,0,0,0,1,1,2,1,45,7,-1,-1,-1,-1,4,1,E01004417,0
Unvalidated,2024010514625,2024,010514625,1,9,0,3,3,7,0,0,0,0,0,0,2,2,2,1,40,7,-1,-1,-1,-1,7,1,E01000675,0
Unvalidated,2024010514625,2024,010514625,2,9,0,4,3,7,0,0,0,0,0,0,1,2,6,3,-1,-1,-1,-1,-1,-1,-1,-1,-1,0
Unvalidated,2024010514628,2024,010514628,1,3,0,10,5,3,0,1,0,0,0,0,3,1,1,1,37,7,-1,-1,-1,-1,2,1,E01004211,0
Unvalidated,2024010514628,2024,010514628,2,9,0,9,3,1,0,6,0,0,0,0,1,1,1,2,66,10,-1,-1,-1,-1,3,1,E01004228,0
Unvalidated,2024010514630,2024,010514630,1,1,0,9,1,7,0,1,0,0,0,0,3,1,6,2,42,7,-1,-1,-1,-1,3,1,E01001823,0
Unvalidated,2024010514630,2024,010514630,2,3,0,16,5,1,2,1,0,0,0,0,1,1,6,3,-1,-1,-1,-1,-1,-1,-1,-1,-1,0
Unvalidated,2024010514633,2024,010514633,1,9,0,4,1,5,0,4,0,0,0,0,1,1,6,1,86,11,-1,-1,-1,-1,10,1,E01000458,0
Unvalidated,2024010514636,2024,010514636,1,23,5,99,9,9,99,9,9,99,9,99,9,1,6,2,-1,-1,-1,-1,-1,-1,2,1,E01001812,0
Unvalidated,2024010514636,2024,010514636,2,9,0,99,9,9,99,9,9,99,9,99,9,9,6,3,23,5,-1,-1,-1,-1,-1,-1,-1,0
Unvalidated,2024010514637,2024,010514637,1,9,0,9,3,1,0,6,0,0,0,0,1,1,6,2,24,5,-1,-1,-1,-1,-1,-1,-1,0
Unvalidated,2024010514637,2024,010514637,2,1,0,5,5,1,0,1,0,0,0,0,1,1,6,1,37,7,-1,-1,-1,-1,5,1,E01001646,0
Unvalidated,2024010514638,2024,010514638,1,11,0,18,3,7,0,2,0,0,0,0,0,1,1,1,56,9,-1,-1,-1,-1,6,1,E01003398,0
Unvalidated,2024010514639,2024,010514639,1,11,0,16,1,5,0,2,0,0,0,0,0,1,1,1,48,8,-1,-1,-1,-1,1,1,E01000891,0
Unvalidated,2024010514640,2024,010514640,1,9,0,9,2,7,0,0,0,0,0,0,2,1,3,1,34,6,-1,-1,-1,-1,4,1,E01002307,0
Unvalidated,2024010514640,2024,010514640,2,19,0,18,3,7,0,0,0,0,0,0,1,1,6,3,-1,-1,-1,-1,-1,-1,-1,-1,-1,0
Unvalidated,2024010514657,2024,010514657,1,19,0,9,6,4,5,5,0,0,0,0,4,1,1,1,36,7,-1,-1,-1,-1,6,1,E01032669,0
Unvalidated,2024010514658,2024,010514658,1,3,0,18,1,5,0,1,1,0,7,10,4,1,6,1,18,4,-1,-1,-1,-1,2,1,E01004570,0
Unvalidated,2024010514658,2024,010514658,2,9,0,9,1,7,0,1,0,0,0,0,3,1,6,1,62,9,-1,-1,-1,-1,4,1,E01001285,0
Unvalidated,2024010514666,2024,010514666,1,9,0,5,5,1,0,1,0,0,0,0,1,1,6,2,26,6,-1,-1,-1,-1,10,1,E01030314,0
Unvalidated,2024010514666,2024,010514666,2,1,0,18,1,5,0,2,1,0,0,0,1,1,6,1,17,4,-1,-1,-1,-1,2,1,E01004007,0
Unvalidated,2024010514667,2024,010514667,1,3,0,99,9,9,99,1,9,99,9,99,1,1,6,1,30,6,-1,-1,-1,-1,5,1,E01000265,0
Unvalidated,2024010514667,2024,010514667,2,9,0,99,9,9,99,6,9,99,9,99,9,9,6,3,-1,-1,-1,-1,-1,-1,-1,-1,-1,0
Unvalidated,2024010514671,2024,010514671,1,9,0,18,3,7,0,8,0,0,0,0,1,1,6,2,24,5,-1,-1,-1,-1,9,1,E01002225,0
Unvalidated,2024010514671,2024,010514671,2,9,0,5,1,5,0,6,0,0,3,0,4,1,6,1,25,5,-1,-1,-1,-1,3,1,E01002235,0
Unvalidated,2024010514671,2024,010514671,3,9,0,3,5,1,0,1,0,0,0,0,3,1,6,2,62,9,-1,-1,-1,-1,7,1,E01002111,0
Unvalidated,2024010514674,2024,010514674,1,3,0,99,9,9,99,9,9,99,9,99,9,1,2,1,27,6,-1,-1,-1,-1,1,1,E01002082,0
Unvalidated,2024010514674,2024,010514674,2,9,0,99,9,9,99,9,9,99,9,99,9,9,6,3,-1,-1,-1,-1,-1,-1,-1,-1,-1,0
Unvalidated,2024010514679,2024,010514679,1,9,0,18,5,1,0,2,0,0,0,0,1,1,2,2,54,8,-1,-1,-1,-1,10,1,E01002190,0
Unvalidated,2024010514679,2024,010514679,2,9,0,18,3,7,0,2,0,0,0,0,0,1,6,3,24,5,-1,-1,-1,-1,-1,-1,-1,0
Unvalidated,2024010514682,2024,010514682,1,9,9,99,9,9,99,9,9,99,9,99,9,9,6,3,-1,-1,-1,-1,-1,-1,-1,-1,-1,0
Unvalidated,2024010514682,2024,010514682,2,19,9,99,9,9,99,9,9,99,9,99,2,9,6,3,53,8,-1,-1,-1,-1,-1,-1,-1,0
Unvalidated,2024010514686,2024,010514686,1,1,9,99,9,9,99,9,9,99,9,99,1,1,6,1,-1,-1,-1,-1,-1,-1,-1,-1,-1,0
Unvalidated,2024010514687,2024,010514687,1,9,9,99,9,9,99,9,9,99,9,99,9,9,6,1,56,9,-1,-1,-1,-1,2,1,E01000950,0
Unvalidated,2024010514687,2024,010514687,2,9,9,99,9,9,99,9,9,99,9,99,9,9,6,2,-1,-1,-1,-1,-1,-1,3,1,E01001806,0
Unvalidated,2024010514688,2024,010514688,1,9,0,99,9,9,99,9,9,99,9,99,1,9,6,3,-1,-1,-1,-1,-1,-1,-1,-1,-1,0
Unvalidated,2024010514690,2024,010514690,1,9,0,18,9,9,99,0,9,99,9,99,9,9,2,2,52,8,-1,-1,-1,-1,8,1,E01000646,0
Unvalidated,2024010514690,2024,010514690,2,1,9,15,9,9,99,0,9,99,9,99,9,1,6,1,-1,-1,-1,-1,-1,-1,-1,-1,-1,0
Unvalidated,2024010514692,2024,010514692,1,9,0,8,1,3,0,1,0,0,0,0,2,1,6,1,22,5,-1,-1,-1,-1,3,1,E01023310,0
Unvalidated,2024010514694,2024,010514694,1,9,0,5,1,5,0,0,0,0,0,0,1,1,6,2,23,5,-1,-1,-1,-1,2,1,E01004219,0
Unvalidated,2024010514694,2024,010514694,2,1,0,18,5,1,0,0,0,0,0,0,1,1,1,1,32,6,-1,-1,-1,-1,5,1,E01000131,0
Unvalidated,2024010514695,2024,010514695,1,3,0,99,9,9,99,9,9,99,9,99,9,1,1,1,40,7,-1,-1,-1,-1,2,1,E01004435,0
Unvalidated,2024010514695,2024,010514695,2,9,0,99,9,9,99,9,9,99,9,99,9,9,6,3,-1,-1,-1,-1,-1,-1,-1,-1,-1,0
Unvalidated,2024010514697,2024,010514697,1,9,0,7,5,7,0,1,0,0,0,0,3,1,6,1,19,4,-1,-1,-1,-1,7,1,E01001307,0
Unvalidated,2024010514697,2024,010514697,2,9,0,18,5,1,0,1,0,0,0,0,1,1,6,1,54,8,-1,-1,-1,-1,8,1,E01000563,0