status,collision_index,collision_year,collision_reference,vehicle_reference,vehicle_type,towing_and_articulation,vehicle_manoeuvre,vehicle_direction_from,vehicle_direction_to,vehicle_location_restricted_lane,junction_location,skidding_and_overturning,hit_object_in_carriageway,vehicle_leaving_carriageway,hit_object_off_carriageway,first_point_of_impact,vehicle_left_hand_drive,journey_purpose_of_driver,sex_of_driver,age_of_driver,age_band_of_driver,engine_capacity_cc,propulsion_code,age_of_vehicle,generic_make_model,driver_imd_decile,driver_home_area_type,lsoa_of_driver,escooter_flag
Unvalidated,2024010514698,2024,010514698,1,1,0,18,3,7,0,1,0,0,0,0,1,1,6,1,23,5,-1,-1,-1,-1,-1,-1,-1,0
Unvalidated,2024010514700,2024,010514700,1,9,0,99,9,9,99,9,9,99,9,99,9,9,2,1,34,6,-1,-1,-1,-1,3,1,E01002393,0
Unvalidated,2024010514700,2024,010514700,2,9,0,99,9,9,99,9,9,99,9,99,1,9,6,3,32,6,-1,-1,-1,-1,4,1,E01001329,0
Unvalidated,2024010514701,2024,010514701,1,3,0,18,2,6,0,1,0,0,0,0,1,1,6,1,16,4,-1,-1,-1,-1,5,1,E01002563,0
Unvalidated,2024010514703,2024,010514703,1,9,0,5,1,5,0,1,0,0,0,0,1,1,6,2,25,5,-1,-1,-1,-1,4,1,E01003106,0
Unvalidated,2024010514720,2024,010514720,1,9,0,18,1,5,0,0,0,7,0,0,1,1,6,1,28,6,-1,-1,-1,-1,1,1,E01004722,0
Unvalidated,2024010514720,2024,010514720,2,9,0,18,1,5,0,0,0,0,0,0,0,1,1,1,41,7,-1,-1,-1,-1,4,1,E01000472,0
Unvalidated,2024010514720,2024,010514720,3,9,0,2,0,0,0,0,0,0,0,0,0,1,6,3,-1,-1,-1,-1,-1,-1,-1,-1,-1,0
Unvalidated,2024010514721,2024,010514721,1,1,0,18,3,7,0,1,0,0,0,0,4,1,2,1,25,5,-1,-1,-1,-1,7,3,E01028640,0
Unvalidated,2024010514721,2024,010514721,2,9,0,7,5,7,0,2,0,0,0,0,1,1,6,3,-1,-1,-1,-1,-1,-1,-1,-1,-1,0
Unvalidated,2024010514723,2024,010514723,1,9,9,99,9,9,99,9,9,99,9,99,9,9,6,3,-1,-1,-1,-1,-1,-1,-1,-1,-1,0
Unvalidated,2024010514729,2024,010514729,1,9,0,18,8,4,0,8,0,0,0,0,4,1,6,3,-1,-1,-1,-1,-1,-1,-1,-1,-1,0
Unvalidated,2024010514729,2024,010514729,2,1,0,18,8,4,0,8,0,0,0,0,3,1,1,1,38,7,-1,-1,-1,-1,4,1,E01000155,0
Unvalidated,2024010514730,2024,010514730,1,3,0,4,7,3,0,0,0,0,0,0,1,1,6,3,-1,-1,-1,-1,-1,-1,-1,-1,-1,0
Unvalidated,2024010514730,2024,010514730,2,1,0,4,7,3,0,0,5,0,0,0,2,1,3,1,14,3,-1,-1,-1,-1,3,1,E01002725,0
Unvalidated,2024010514733,2024,010514733,1,1,0,18,5,1,0,1,0,8,0,0,1,1,2,2,42,7,-1,-1,-1,-1,2,1,E01001202,0
Unvalidated,2024010514733,2024,010514733,2,9,0,2,0,0,0,8,0,0,0,0,1,1,6,3,-1,-1,-1,-1,-1,-1,-1,-1,-1,0
Unvalidated,2024010514734,2024,010514734,1,9,0,13,7,3,0,8,0,7,0,0,1,1,6,1,23,5,-1,-1,-1,-1,2,1,E01001012,0
Unvalidated,2024010514734,2024,010514734,2,9,0,9,1,7,0,8,0,7,0,0,1,1,6,1,35,6,-1,-1,-1,-1,4,1,E01001180,0
Unvalidated,2024010514736,2024,010514736,1,19,0,99,9,9,99,9,9,99,9,99,1,9,6,1,37,7,-1,-1,-1,-1,3,1,E01001941,0
Unvalidated,2024010514736,2024,010514736,2,9,0,99,9,9,99,9,9,99,9,99,9,9,6,1,17,4,-1,-1,-1,-1,9,1,E01002108,0
Unvalidated,2024010514740,2024,010514740,1,9,0,10,5,3,99,9,9,99,0,0,2,1,6,1,21,5,-1,-1,-1,-1,2,1,E01000074,0
Unvalidated,2024010514740,2024,010514740,2,9,0,18,5,1,99,9,9,99,0,0,1,1,6,3,-1,-1,-1,-1,-1,-1,-1,-1,-1,0
Unvalidated,2024010514741,2024,010514741,1,1,0,18,1,5,0,0,0,0,0,0,2,1,6,1,39,7,-1,-1,-1,-1,2,1,E01003509,0
Unvalidated,2024010514741,2024,010514741,2,9,0,3,1,5,0,0,0,0,0,0,1,1,6,1,56,9,-1,-1,-1,-1,-1,-1,-1,0
Unvalidated,2024010514742,2024,010514742,1,9,0,99,9,9,99,9,9,99,9,99,9,9,6,2,57,9,-1,-1,-1,-1,3,1,E01015758,0
Unvalidated,2024010514746,2024,010514746,1,9,0,18,7,3,0,0,1,0,0,0,1,1,6,1,24,5,-1,-1,-1,-1,-1,-1,-1,0
Unvalidated,2024010514746,2024,010514746,2,9,0,18,7,3,0,0,0,0,0,0,1,1,2,1,-1,-1,-1,-1,-1,-1,-1,-1,-1,0
Unvalidated,2024010514746,2024,010514746,3,9,0,3,7,3,0,0,0,0,0,0,2,1,6,1,30,6,-1,-1,-1,-1,-1,-1,-1,0
Unvalidated,2024010514746,2024,010514746,4,9,0,3,7,3,0,0,0,0,0,0,3,1,6,2,48,8,-1,-1,-1,-1,-1,-1,-1,0
Unvalidated,2024010514746,2024,010514746,5,9,0,3,7,3,0,0,0,0,0,0,2,1,6,2,24,5,-1,-1,-1,-1,10,1,E01001533,0
Unvalidated,2024010514755,2024,010514755,1,90,0,18,1,5,0,2,0,0,0,0,1,1,1,1,53,8,-1,-1,-1,-1,5,1,E01002613,0
Unvalidated,2024010514756,2024,010514756,1,9,9,99,9,9,99,9,9,99,9,99,9,9,6,3,-1,-1,-1,-1,-1,-1,-1,-1,-1,0
Unvalidated,2024010514766,2024,010514766,1,9,0,18,7,3,0,1,0,0,0,0,0,1,1,1,37,7,-1,-1,-1,-1,2,1,E01001215,0
Unvalidated,2024010514766,2024,010514766,2,9,0,18,7,3,0,1,1,4,1,11,1,1,6,1,23,5,-1,-1,-1,-1,3,1,E01001262,0
Unvalidated,2024010514766,2024,010514766,3,19,5,2,0,0,0,1,0,0,0,0,2,1,6,3,-1,-1,-1,-1,-1,-1,-1,-1,-1,0
Unvalidated,2024010514767,2024,010514767,1,9,0,18,3,7,0,2,1,10,0,0,1,1,6,2,55,8,-1,-1,-1,-1,1,1,E01021317,0
Unvalidated,2024010514767,2024,010514767,2,9,0,18,7,3,0,8,0,0,0,0,1,1,6,3,-1,-1,-1,-1,-1,-1,-1,-1,-1,0
Unvalidated,2024010514767,2024,010514767,3,8,0,18,3,7,0,2,0,0,0,0,1,1,1,1,54,8,-1,-1,-1,-1,5,1,E01002363,0
Unvalidated,2024010514769,2024,010514769,1,9,0,6,5,5,0,6,0,0,0,0,3,1,1,1,51,8,-1,-1,-1,-1,4,1,E01000608,0
Unvalidated,2024010514769,2024,010514769,2,90,0,18,1,5,0,1,2,0,0,0,1,1,2,1,37,7,-1,-1,-1,-1,7,1,E01003408,1
Unvalidated,2024010514773,2024,010514773,1,9,0,18,4,8,0,1,0,0,0,0,1,1,2,1,46,8,-1,-1,-1,-1,1,1,E01000782,0
Unvalidated,2024010514775,2024,010514775,1,3,0,99,9,9,99,0,9,99,9,99,9,1,1,1,41,7,-1,-1,-1,-1,8,1,E01003818,0
Unvalidated,2024010514775,2024,010514775,2,9,9,99,9,9,99,0,9,99,9,99,9,9,6,3,-1,-1,-1,-1,-1,-1,-1,-1,-1,0
Unvalidated,2024010514779,2024,010514779,1,19,0,3,4,8,0,1,0,0,0,0,2,1,1,2,23,5,-1,-1,-1,-1,9,1,E01021517,0
Unvalidated,2024010514779,2024,010514779,2,9,0,4,4,8,0,1,0,0,0,0,2,1,2,1,29,6,-1,-1,-1,-1,2,1,E01015954,0
Unvalidated,2024010514779,2024,010514779,3,19,0,18,4,8,0,1,0,0,0,0,1,1,1,1,36,7,-1,-1,-1,-1,7,1,E01021628,0
Unvalidated,2024010514781,2024,010514781,1,19,0,99,9,9,99,9,9,99,9,99,2,9,1,1,42,7,-1,-1,-1,-1,4,1,E01004547,0
Unvalidated,2024010514781,2024,010514781,2,9,9,99,9,9,99,9,9,99,0,0,9,9,6,3,-1,-1,-1,-1,-1,-1,-1,-1,-1,0
Unvalidated,2024010514782,2024,010514782,1,1,9,99,9,9,99,9,9,99,9,99,9,1,2,1,56,9,-1,-1,-1,-1,7,1,E01004516,0
Unvalidated,2024010514782,2024,010514782,2,9,0,99,9,9,99,9,9,99,9,99,1,9,6,3,52,8,-1,-1,-1,-1,3,1,E01003088,0
Unvalidated,2024010514789,2024,010514789,1,3,0,99,9,9,99,9,9,99,9,99,1,1,1,1,21,5,-1,-1,-1,-1,1,1,E01001558,0
Unvalidated,2024010514789,2024,010514789,2,9,9,99,9,9,99,9,9,99,9,99,9,9,6,3,-1,-1,-1,-1,-1,-1,-1,-1,-1,0
Unvalidated,2024010514791,2024,010514791,1,9,0,18,5,1,0,8,0,0,0,0,1,1,1,1,51,8,-1,-1,-1,-1,-1,-1,-1,0
Unvalidated,2024010514791,2024,010514791,2,9,0,9,5,3,0,1,0,0,0,0,1,1,6,1,59,9,-1,-1,-1,-1,-1,-1,-1,0
Unvalidated,2024010514792,2024,010514792,1,19,0,5,5,1,0,1,0,0,0,0,1,1,1,1,34,6,-1,-1,-1,-1,4,1,E01004694,0
Unvalidated,2024010514792,2024,010514792,2,1,0,13,5,1,0,1,5,0,0,0,1,1,2,1,38,7,-1,-1,-1,-1,7,1,E01002824,0
Unvalidated,2024010514793,2024,010514793,1,1,9,18,3,7,0,0,9,0,0,0,1,1,6,1,48,8,-1,-1,-1,-1,7,1,E01000714,0
Unvalidated,2024010514793,2024,010514793,2,97,0,4,7,3,99,0,0,0,0,0,1,1,1,1,-1,-1,-1,-1,-1,-1,-1,-1,-1,0
Unvalidated,2024010514794,2024,010514794,1,19,0,18,3,7,0,1,0,0,1,11,1,1,1,1,32,6,-1,-1,-1,-1,2,1,E01000730,0
Unvalidated,2024010514794,2024,010514794,2,9,0,18,1,5,1,1,0,0,3,11,1,1,6,1,55,8,-1,-1,-1,-1,9,1,E01000751,0
Unvalidated,2024010514795,2024,010514795,1,9,0,18,5,1,0,0,0,0,0,0,2,1,6,1,64,9,-1,-1,-1,-1,2,1,E01002741,0
Unvalidated,2024010514795,2024,010514795,2,1,0,18,5,1,0,0,0,0,0,0,1,1,6,1,17,4,-1,-1,-1,-1,4,1,E01002743,0
Unvalidated,2024010514799,2024,010514799,1,9,0,18,3,7,0,1,0,0,1,10,3,1,6,1,79,11,-1,-1,-1,-1,3,1,E01004189,0
Unvalidated,2024010514799,2024,010514799,2,9,0,18,1,5,0,2,0,0,0,0,1,1,6,1,24,5,-1,-1,-1,-1,8,1,E01004192,0
Unvalidated,2024010514800,2024,010514800,1,19,0,99,9,9,99,9,9,99,9,99,1,9,2,2,35,6,-1,-1,-1,-1,1,1,E01003761,0
Unvalidated,2024010514800,2024,010514800,2,9,0,99,9,9,99,9,9,99,9,99,2,9,6,3,-1,-1,-1,-1,-1,-1,-1,-1,-1,0
Unvalidated,2024010514801,2024,010514801,1,19,9,99,9,9,99,9,9,99,9,99,9,9,1,1,44,7,-1,-1,-1,-1,7,2,E01023373,0
Unvalidated,2024010514811,2024,010514811,1,19,0,9,1,8,0,1,0,0,0,0,1,1,1,1,36,7,-1,-1,-1,-1,1,1,E01024295,0
Unvalidated,2024010514811,2024,010514811,2,3,0,18,1,5,0,1,5,0,0,0,3,1,2,1,37,7,-1,-1,-1,-1,9,1,E01001273,0
Unvalidated,2024010514812,2024,010514812,1,3,0,99,9,9,99,9,9,99,9,99,1,1,2,2,23,5,-1,-1,-1,-1,4,1,E01000406,0
Unvalidated,2024010514812,2024,010514812,2,9,0,99,9,9,99,9,9,99,9,99,9,9,6,1,57,9,-1,-1,-1,-1,2,1,E01003984,0
Unvalidated,2024010514821,2024,010514821,1,3,0,99,9,9,99,9,9,99,9,99,1,1,1,1,31,6,-1,-1,-1,-1,3,1,E01003548,0
Unvalidated,2024010514821,2024,010514821,2,9,0,99,9,9,99,9,9,99,9,99,9,9,6,3,-1,-1,-1,-1,-1,-1,-1,-1,-1,0
Unvalidated,2024010514824,2024,010514824,1,19,0,9,2,7,9,1,0,0,0,0,1,1,1,1,33,6,-1,-1,-1,-1,10,2,E01016145,0
Unvalidated,2024010514824,2024,010514824,2,3,0,18,3,7,9,1,0,0,0,0,1,1,1,1,47,8,-1,-1,-1,-1,3,1,E01004427,0
Unvalidated,2024010514827,2024,010514827,1,1,9,99,9,9,99,9,9,99,9,99,1,1,2,1,42,7,-1,-1,-1,-1,10,1,E01002938,0
Unvalidated,2024010514827,2024,010514827,2,9,0,99,9,9,99,9,9,99,9,99,1,9,6,3,-1,-1,-1,-1,-1,-1,3,1,E01002580,0
Unvalidated,2024010514828,2024,010514828,1,9,0,7,7,1,0,8,0,0,0,0,4,1,2,2,39,7,-1,-1,-1,-1,1,1,E01000595,0
Unvalidated,2024010514828,2024,010514828,2,1,0,15,7,3,0,1,0,0,0,0,3,1,6,1,30,6,-1,-1,-1,-1,3,1,E01003088,0
Unvalidated,2024010514833,2024,010514833,1,9,0,5,1,5,0,0,0,0,0,0,0,1,6,1,65,9,-1,-1,-1,-1,4,1,E01003317,0
Unvalidated,2024010514833,2024,010514833,2,1,0,18,5,1,0,0,0,0,0,0,0,1,6,1,32,6,-1,-1,-1,-1,9,1,E01000716,0
Unvalidated,2024010514835,2024,010514835,1,1,9,99,9,9,99,9,9,99,9,99,9,1,6,3,-1,-1,-1,-1,-1,-1,-1,-1,-1,0
Unvalidated,2024010514839,2024,010514839,1,9,0,4,5,1,0,0,0,0,0,0,2,1,6,1,29,6,-1,-1,-1,-1,1,1,-1,0
Unvalidated,2024010514839,2024,010514839,2,9,0,18,5,1,0,0,0,0,0,0,1,1,6,2,49,8,-1,-1,-1,-1,5,1,E01002234,0
Unvalidated,2024010514840,2024,010514840,1,11,0,9,7,4,0,4,0,0,0,0,0,1,1,1,31,6,-1,-1,-1,-1,2,1,E01001337,0
Unvalidated,2024010514842,2024,010514842,1,19,0,1,8,4,9,8,0,0,0,0,2,1,1,1,26,6,-1,-1,-1,-1,3,1,E01003688,0
Unvalidated,2024010514847,2024,010514847,1,1,9,99,9,9,99,9,9,99,9,99,1,1,2,1,49,8,-1,-1,-1,-1,1,1,E01002093,0
Unvalidated,2024010514847,2024,010514847,2,19,0,99,9,9,99,9,9,99,9,99,0,9,6,3,-1,-1,-1,-1,-1,-1,-1,-1,-1,0
Unvalidated,2024010514848,2024,010514848,1,10,0,6,3,3,0,0,0,0,0,0,3,1,1,1,58,9,-1,-1,-1,-1,6,1,E01002826,0
Unvalidated,2024010514848,2024,010514848,2,3,0,18,3,7,0,0,5,0,0,0,1,1,1,1,54,8,-1,-1,-1,-1,6,1,E01004174,0
Unvalidated,2024010514853,2024,010514853,1,9,0,99,9,9,99,9,9,99,9,99,1,9,6,3,43,7,-1,-1,-1,-1,6,1,E01001415,0
Unvalidated,2024010514856,2024,010514856,1,11,0,4,7,3,0,1,0,4,0,0,1,1,1,1,48,8,-1,-1,-1,-1,5,1,E01002446,0
Unvalidated,2024010514856,2024,010514856,2,5,0,4,7,3,0,1,0,0,0,0,2,1,2,1,41,7,-1,-1,-1,-1,3,1,E01002554,0
Unvalidated,2024010514858,2024,010514858,1,3,0,13,7,3,0,1,0,0,0,0,1,1,1,2,28,6,-1,-1,-1,-1,2,1,E01003335,0
Unvalidated,2024010514858,2024,010514858,2,9,0,9,7,4,0,1,0,0,0,0,3,1,6,2,35,6,-1,-1,-1,-1,4,1,E01003216,0
Unvalidated,2024010514859,2024,010514859,1,9,0,99,9,9,99,9,9,99,9,99,1,9,6,2,29,6,-1,-1,-1,-1,6,1,E01001184,0
Unvalidated,2024010514864,2024,010514864,1,9,0,18,5,1,0,8,0,0,0,0,4,1,6,1,65,9,-1,-1,-1,-1,9,1,E01001224,0
Unvalidated,2024010514864,2024,010514864,2,9,0,18,3,7,0,1,0,0,0,0,1,1,6,2,83,11,-1,-1,-1,-1,7,1,E01002569,0
Unvalidated,2024010514866,2024,010514866,1,9,0,5,3,7,0,8,0,0,0,0,1,1,6,1,75,10,-1,-1,-1,-1,7,1,E01002577,0
Unvalidated,2024010514866,2024,010514866,2,2,0,5,5,1,0,8,0,0,0,0,0,1,2,1,21,5,-1,-1,-1,-1,2,1,E01000604,0
Unvalidated,2024010514868,2024,010514868,1,11,0,18,3,7,0,1,0,0,0,0,1,1,1,1,53,8,-1,-1,-1,-1,2,1,E01003335,0
Unvalidated,2024010514868,2024,010514868,2,1,0,18,1,5,2,1,0,0,0,0,4,1,6,1,18,4,-1,-1,-1,-1,5,1,E01003276,0
Unvalidated,2024010514876,2024,010514876,1,1,0,7,1,3,0,5,0,0,0,0,2,1,2,1,22,5,-1,-1,-1,-1,6,1,E01002982,0
Unvalidated,2024010514877,2024,010514877,1,9,0,1,7,3,6,2,0,0,0,0,2,1,2,2,47,8,-1,-1,-1,-1,9,1,E01002983,0
Unvalidated,2024010514879,2024,010514879,1,9,0,99,9,9,99,9,9,99,9,99,9,9,6,2,20,4,-1,-1,-1,-1,6,1,E01001494,0
Unvalidated,2024010514879,2024,010514879,2,9,0,99,9,9,99,9,9,99,9,99,1,9,6,3,-1,-1,-1,-1,-1,-1,5,1,E01001500,0
Unvalidated,2024010514882,2024,010514882,1,3,0,99,9,9,99,9,9,99,9,99,9,1,1,3,26,6,-1,-1,-1,-1,5,1,E01003130,0
Unvalidated,2024010514882,2024,010514882,2,9,0,99,9,9,99,9,9,99,9,99,9,9,6,3,32,6,-1,-1,-1,-1,5,1,E01003083,0
Unvalidated,2024010514887,2024,010514887,1,3,0,18,1,5,0,8,0,0,0,0,1,1,2,1,40,7,-1,-1,-1,-1,3,1,E01002550,0
Unvalidated,2024010514893,2024,010514893,1,9,0,99,9,9,99,9,9,99,9,99,1,9,6,3,-1,-1,-1,-1,-1,-1,-1,-1,-1,0
Unvalidated,2024010514893,2024,010514893,2,9,0,99,9,9,99,9,9,99,9,99,2,9,2,2,45,7,-1,-1,-1,-1,7,1,E01002514,0
Unvalidated,2024010514900,2024,010514900,1,9,0,99,9,9,99,9,9,99,9,99,2,9,6,3,-1,-1,-1,-1,-1,-1,-1,-1,-1,0
Unvalidated,2024010514903,2024,010514903,1,9,0,9,3,8,0,8,0,0,0,0,1,1,6,2,28,6,-1,-1,-1,-1,9,1,E01024462,0
Unvalidated,2024010514903,2024,010514903,2,1,0,18,7,3,0,1,0,0,0,0,1,1,1,1,29,6,-1,-1,-1,-1,6,1,E01003033,0
Unvalidated,2024010514907,2024,010514907,1,3,0,5,8,4,0,6,5,0,0,0,2,1,1,1,24,5,-1,-1,-1,-1,3,1,E01001089,0
Unvalidated,2024010514907,2024,010514907,2,9,0,18,6,2,0,8,0,0,0,0,1,1,2,2,48,8,-1,-1,-1,-1,5,1,E01003411,0
Unvalidated,2024010514920,2024,010514920,1,9,0,99,9,9,99,9,9,99,9,99,9,9,6,3,65,9,-1,-1,-1,-1,5,1,E01000892,0
Unvalidated,2024010514921,2024,010514921,1,9,0,18,2,6,0,0,0,0,7,1,1,1,6,2,73,10,-1,-1,-1,-1,-1,-1,-1,0
Unvalidated,2024010514923,2024,010514923,1,9,0,18,7,3,0,1,0,0,0,0,1,1,6,1,50,8,-1,-1,-1,-1,5,1,E01001293,0
Unvalidated,2024010514923,2024,010514923,2,9,0,2,0,0,0,1,0,0,0,0,4,1,6,3,-1,-1,-1,-1,-1,-1,-1,-1,-1,0
Unvalidated,2024010514923,2024,010514923,3,1,0,18,5,1,0,1,0,0,0,0,1,1,6,1,22,5,-1,-1,-1,-1,2,1,E01002766,0
Unvalidated,2024010514927,2024,010514927,1,9,0,1,1,5,0,0,0,0,1,0,4,1,2,1,53,8,-1,-1,-1,-1,2,1,E01001976,0
Unvalidated,2024010514927,2024,010514927,2,23,0,5,5,1,0,0,0,0,0,0,0,1,1,1,21,5,-1,-1,-1,-1,2,1,E01002046,0
Unvalidated,2024010514934,2024,010514934,1,9,0,18,7,3,0,0,0,0,0,0,4,1,2,1,41,7,-1,-1,-1,-1,9,1,E01004191,0
Unvalidated,2024010514937,2024,010514937,1,9,0,4,5,1,0,0,0,0,0,0,2,1,6,1,49,8,-1,-1,-1,-1,2,1,E01003950,0
Unvalidated,2024010514937,2024,010514937,2,3,0,18,5,1,0,0,0,0,0,0,1,1,6,1,23,5,-1,-1,-1,-1,4,1,E01001724,0
Unvalidated,2024010514938,2024,010514938,1,9,0,3,7,3,0,1,0,0,0,0,1,1,6,3,-1,-1,-1,-1,-1,-1,-1,-1,-1,0
Unvalidated,2024010514940,2024,010514940,1,8,0,99,9,9,99,9,9,99,9,99,2,9,1,1,36,7,-1,-1,-1,-1,2,1,E01008894,0
Unvalidated,2024010514940,2024,010514940,2,9,0,99,9,9,99,9,9,99,9,99,1,9,6,3,-1,-1,-1,-1,-1,-1,-1,-1,-1,0
Unvalidated,2024010514942,2024,010514942,1,9,0,18,1,5,0,1,0,0,0,0,1,1,6,1,22,5,-1,-1,-1,-1,5,1,E01015865,0
Unvalidated,2024010514942,2024,010514942,2,9,0,9,3,8,0,7,0,0,0,0,3,1,6,2,17,4,-1,-1,-1,-1,5,2,E01029152,0
Unvalidated,2024010514943,2024,010514943,1,9,0,99,9,9,99,9,9,99,9,99,2,9,6,2,43,7,-1,-1,-1,-1,4,1,E01003410,0
Unvalidated,2024010514943,2024,010514943,2,9,9,99,9,9,99,9,9,99,9,99,9,9,6,3,-1,-1,-1,-1,-1,-1,-1,-1,-1,0
Unvalidated,2024010514948,2024,010514948,1,9,0,18,8,4,0,1,0,0,0,0,1,1,6,1,24,5,-1,-1,-1,-1,2,1,E01004302,0
Unvalidated,2024010514948,2024,010514948,2,8,0,3,1,5,0,1,0,0,0,0,4,1,6,1,51,8,-1,-1,-1,-1,5,1,E01004560,0
Unvalidated,2024010514948,2024,010514948,3,9,0,18,8,4,0,1,0,0,0,0,0,1,6,1,52,8,-1,-1,-1,-1,-1,-1,-1,0
Unvalidated,2024010514948,2024,010514948,4,9,0,18,8,4,0,1,0,0,0,0,0,1,6,1,26,6,-1,-1,-1,-1,-1,-1,-1,0
Unvalidated,2024010514948,2024,010514948,5,9,0,18,8,4,0,1,0,0,0,0,0,1,6,1,36,7,-1,-1,-1,-1,2,1,E01001830,0
Unvalidated,2024010514949,2024,010514949,1,9,0,9,5,2,0,0,0,0,1,0,1,1,6,1,58,9,-1,-1,-1,-1,4,2,E01024132,0
Unvalidated,2024010514949,2024,010514949,2,3,0,14,7,3,0,0,0,0,1,0,3,1,6,1,24,5,-1,-1,-1,-1,2,1,E01002345,0
Unvalidated,2024010514952,2024,010514952,1,9,0,18,3,7,0,1,1,4,0,0,1,1,6,1,24,5,-1,-1,-1,-1,2,1,E01004326,0
Unvalidated,2024010514952,2024,010514952,2,9,0,3,3,7,0,1,0,0,0,0,2,1,6,1,41,7,-1,-1,-1,-1,1,1,E01004256,0
Unvalidated,2024010514952,2024,010514952,3,5,0,3,3,7,0,1,1,10,6,0,2,1,6,2,37,7,-1,-1,-1,-1,2,1,E01004252,0
Unvalidated,2024010514952,2024,010514952,4,9,0,3,3,7,0,1,1,0,0,0,2,1,6,1,63,9,-1,-1,-1,-1,-1,-1,-1,0
Unvalidated,2024010514953,2024,010514953,1,9,0,9,1,7,0,5,0,0,0,0,1,1,6,2,48,8,-1,-1,-1,-1,4,1,E01004049,0
Unvalidated,2024010514953,2024,010514953,2,5,0,18,2,6,0,6,0,0,0,0,1,1,6,1,25,5,-1,-1,-1,-1,2,1,E01033327,0
Unvalidated,2024010514954,2024,010514954,1,8,0,99,9,9,99,9,9,99,9,99,9,9,1,3,-1,-1,-1,-1,-1,-1,5,1,E01016518,0
Unvalidated,2024010514960,2024,010514960,1,9,0,18,7,3,0,1,0,0,0,0,1,1,6,2,18,4,-1,-1,-1,-1,5,1,E01002490,0
Unvalidated,2024010514960,2024,010514960,2,9,0,2,0,0,0,2,0,0,0,0,1,1,6,3,-1,-1,-1,-1,-1,-1,-1,-1,-1,0
Unvalidated,2024010514963,2024,010514963,1,9,0,18,4,8,0,4,0,0,0,0,0,1,6,1,39,7,-1,-1,-1,-1,-1,-1,-1,0
Unvalidated,2024010514963,2024,010514963,2,3,0,18,4,8,9,4,5,10,3,4,1,1,6,1,36,7,-1,-1,-1,-1,2,1,E01001755,0
Unvalidated,2024010514965,2024,010514965,1,3,0,18,5,1,0,2,0,0,0,0,3,1,6,1,27,6,-1,-1,-1,-1,2,1,E01003507,0
Unvalidated,2024010514965,2024,010514965,2,9,0,6,5,5,0,2,0,0,0,0,4,1,6,3,-1,-1,-1,-1,-1,-1,-1,-1,-1,0
Unvalidated,2024010514969,2024,010514969,1,9,0,11,3,7,0,1,0,0,0,0,2,1,6,1,34,6,-1,-1,-1,-1,3,1,E01001409,0
Unvalidated,2024010514969,2024,010514969,2,9,0,18,3,7,0,1,0,0,0,0,1,1,6,1,32,6,-1,-1,-1,-1,-1,-1,-1,0
Unvalidated,2024010514970,2024,010514970,1,8,0,3,5,1,0,0,0,0,4,0,2,1,6,1,32,6,-1,-1,-1,-1,4,1,E01033081,0
Unvalidated,2024010514970,2024,010514970,2,8,0,18,5,1,0,0,0,0,0,0,1,1,6,1,44,7,-1,-1,-1,-1,2,1,E01001437,0
Unvalidated,2024010514971,2024,010514971,1,9,0,5,1,5,0,3,0,0,0,0,0,1,1,1,47,8,-1,-1,-1,-1,3,1,E01004734,0
Unvalidated,2024010514972,2024,010514972,1,8,0,18,1,5,0,0,0,0,0,0,1,1,6,3,63,9,-1,-1,-1,-1,-1,-1,-1,0
Unvalidated,2024010514972,2024,010514972,2,3,0,18,1,5,0,0,0,0,0,0,1,1,6,1,39,7,-1,-1,-1,-1,8,1,E01002174,0
Unvalidated,2024010514974,2024,010514974,1,9,0,18,8,4,0,1,1,10,0,0,1,1,6,1,25,5,-1,-1,-1,-1,3,1,E01000138,0
Unvalidated,2024010514975,2024,010514975,1,1,0,18,1,5,0,0,1,7,0,0,1,1,2,1,30,6,-1,-1,-1,-1,1,1,E01033207,0
Unvalidated,2024010514977,2024,010514977,1,9,0,17,3,7,0,0,0,10,1,2,1,1,6,1,33,6,-1,-1,-1,-1,5,1,E01003663,0
Unvalidated,2024010514977,2024,010514977,2,9,0,18,3,7,0,0,0,0,0,0,0,1,1,1,45,7,-1,-1,-1,-1,-1,-1,-1,0
Unvalidated,2024010514977,2024,010514977,3,9,0,18,3,7,0,0,0,0,0,0,0,1,1,1,34,6,-1,-1,-1,-1,-1,-1,-1,0
Unvalidated,2024010514977,2024,010514977,4,8,0,2,0,0,0,0,0,0,0,0,1,1,6,3,-1,-1,-1,-1,-1,-1,-1,-1,-1,0
Unvalidated,2024010514985,2024,010514985,1,9,0,99,9,9,99,9,9,99,9,99,1,9,6,2,49,8,-1,-1,-1,-1,6,1,E01001033,0
Unvalidated,2024010514988,2024,010514988,1,1,0,18,1,5,0,8,0,0,0,0,1,1,6,1,41,7,-1,-1,-1,-1,1,1,E01001427,0
Unvalidated,2024010514988,2024,010514988,2,9,0,7,3,5,0,8,0,0,0,0,1,1,6,3,-1,-1,-1,-1,-1,-1,-1,-1,-1,0
Unvalidated,2024010514990,2024,010514990,1,9,0,9,2,8,9,8,0,0,2,10,4,1,2,1,40,7,-1,-1,-1,-1,5,1,E01002426,0
Unvalidated,2024010514990,2024,010514990,2,9,0,18,2,6,0,1,0,0,1,0,1,1,6,2,28,6,-1,-1,-1,-1,-1,-1,-1,0