status,collision_index,collision_year,collision_reference,vehicle_reference,vehicle_type,towing_and_articulation,vehicle_manoeuvre,vehicle_direction_from,vehicle_direction_to,vehicle_location_restricted_lane,junction_location,skidding_and_overturning,hit_object_in_carriageway,vehicle_leaving_carriageway,hit_object_off_carriageway,first_point_of_impact,vehicle_left_hand_drive,journey_purpose_of_driver,sex_of_driver,age_of_driver,age_band_of_driver,engine_capacity_cc,propulsion_code,age_of_vehicle,generic_make_model,driver_imd_decile,driver_home_area_type,lsoa_of_driver,escooter_flag
Unvalidated,2024010514995,2024,010514995,1,9,9,99,9,9,99,9,9,99,9,99,1,9,6,1,37,7,-1,-1,-1,-1,2,1,E01021322,0
Unvalidated,2024010514995,2024,010514995,2,9,9,99,9,9,99,9,9,99,9,99,9,9,1,3,54,8,-1,-1,-1,-1,2,1,E01000053,0
Unvalidated,2024010514999,2024,010514999,1,11,0,18,1,5,0,0,0,0,0,0,0,1,1,1,58,9,-1,-1,-1,-1,2,1,E01001625,0
Unvalidated,2024010515004,2024,010515004,1,1,9,99,9,9,99,9,9,99,9,99,1,1,2,1,46,8,-1,-1,-1,-1,8,1,E01002658,0
Unvalidated,2024010515004,2024,010515004,2,9,0,99,9,9,99,9,9,99,9,99,1,9,6,1,50,8,-1,-1,-1,-1,5,1,E01002651,0
Unvalidated,2024010515021,2024,010515021,1,9,0,6,1,1,0,1,0,0,0,0,3,1,6,1,40,7,-1,-1,-1,-1,2,1,E01021711,0
Unvalidated,2024010515021,2024,010515021,2,3,0,18,1,5,0,1,5,0,0,0,1,1,1,1,39,7,-1,-1,-1,-1,2,1,E01003509,0
Unvalidated,2024010515022,2024,010515022,1,9,0,4,7,3,0,0,0,0,0,0,2,1,2,2,63,9,-1,-1,-1,-1,-1,-1,-1,0
Unvalidated,2024010515022,2024,010515022,2,19,0,18,7,3,0,0,0,0,0,0,1,1,6,3,-1,-1,-1,-1,-1,-1,-1,-1,-1,0
Unvalidated,2024010515027,2024,010515027,1,9,0,18,3,7,0,8,0,0,0,0,4,1,3,2,44,7,-1,-1,-1,-1,2,1,E01002872,0
Unvalidated,2024010515027,2024,010515027,2,1,0,18,2,6,0,8,0,0,0,0,1,1,6,1,39,7,-1,-1,-1,-1,7,1,E01004508,0
Unvalidated,2024010515030,2024,010515030,1,9,0,2,0,0,9,0,0,0,1,0,3,1,6,3,-1,-1,-1,-1,-1,-1,-1,-1,-1,0
Unvalidated,2024010515030,2024,010515030,2,1,0,18,5,1,0,0,0,8,7,0,1,1,6,1,34,6,-1,-1,-1,-1,2,1,E01000060,0
Unvalidated,2024010515042,2024,010515042,1,9,0,10,5,2,0,5,0,0,0,0,2,1,6,1,57,9,-1,-1,-1,-1,4,1,E01023106,0
Unvalidated,2024010515042,2024,010515042,2,9,0,18,5,1,0,1,0,0,0,0,1,1,6,1,24,5,-1,-1,-1,-1,-1,-1,-1,0
Unvalidated,2024010515049,2024,010515049,1,5,0,18,5,1,0,1,0,10,0,0,0,1,6,1,24,5,-1,-1,-1,-1,4,1,E01001173,0
Unvalidated,2024010515049,2024,010515049,2,3,0,9,4,1,0,2,0,0,0,0,0,1,6,1,44,7,-1,-1,-1,-1,4,1,E01001085,0
Unvalidated,2024010515054,2024,010515054,1,9,0,99,9,9,99,0,9,99,9,99,2,9,6,1,27,6,-1,-1,-1,-1,3,1,E01003015,0
Unvalidated,2024010515054,2024,010515054,2,11,0,99,9,9,99,0,9,99,9,99,1,9,6,3,-1,-1,-1,-1,-1,-1,-1,-1,-1,0
Unvalidated,2024010515058,2024,010515058,1,9,0,99,9,9,99,9,9,99,9,99,9,9,2,2,58,9,-1,-1,-1,-1,3,1,E01002139,0
Unvalidated,2024010515058,2024,010515058,2,19,0,99,9,9,99,9,9,99,9,99,2,9,6,3,44,7,-1,-1,-1,-1,4,1,E01002406,0
Unvalidated,2024010515067,2024,010515067,1,1,9,99,9,9,99,9,9,99,9,99,9,1,6,1,23,5,-1,-1,-1,-1,2,1,E01004246,0
Unvalidated,2024010515067,2024,010515067,2,11,0,99,9,9,99,9,9,99,9,99,9,9,6,3,38,7,-1,-1,-1,-1,2,1,E01001722,0
Unvalidated,2024010515067,2024,010515067,3,9,9,99,9,9,99,9,9,99,9,99,9,9,6,3,-1,-1,-1,-1,-1,-1,-1,-1,-1,0
Unvalidated,2024010515071,2024,010515071,1,9,0,14,3,7,0,0,0,0,0,0,3,1,6,1,40,7,-1,-1,-1,-1,5,1,E01003484,0
Unvalidated,2024010515073,2024,010515073,1,3,0,4,1,5,0,1,0,0,0,0,2,1,6,1,22,5,-1,-1,-1,-1,4,1,E01004495,0
Unvalidated,2024010515073,2024,010515073,2,1,0,4,1,5,0,1,0,0,0,0,1,1,6,1,57,9,-1,-1,-1,-1,8,1,E01002582,0
Unvalidated,2024010515076,2024,010515076,1,8,0,99,9,9,99,0,9,99,9,99,1,9,6,1,51,8,-1,-1,-1,-1,3,1,E01003730,0
Unvalidated,2024010515077,2024,010515077,1,9,0,18,5,1,0,8,0,0,0,0,4,1,6,1,65,9,-1,-1,-1,-1,4,1,E01004065,0
Unvalidated,2024010515077,2024,010515077,2,9,0,7,7,2,0,8,1,0,0,0,1,1,6,1,23,5,-1,-1,-1,-1,-1,-1,-1,0
Unvalidated,2024010515077,2024,010515077,3,9,0,4,3,7,0,1,0,0,0,0,0,1,6,1,31,6,-1,-1,-1,-1,-1,-1,-1,0
Unvalidated,2024010515080,2024,010515080,1,9,0,18,5,1,0,3,0,10,1,2,1,1,6,2,19,4,-1,-1,-1,-1,4,1,E01000588,0
Unvalidated,2024010515081,2024,010515081,1,9,0,9,3,1,0,8,0,0,0,0,1,1,6,1,20,4,-1,-1,-1,-1,2,1,E01001791,0
Unvalidated,2024010515081,2024,010515081,2,1,0,18,7,3,0,8,0,0,0,0,3,1,6,1,33,6,-1,-1,-1,-1,4,1,E01004294,0
Unvalidated,2024010515082,2024,010515082,1,9,0,18,1,5,0,8,0,0,0,0,3,1,6,2,47,8,-1,-1,-1,-1,-1,-1,-1,0
Unvalidated,2024010515082,2024,010515082,2,9,0,4,5,1,0,8,0,0,0,0,1,1,2,1,45,7,-1,-1,-1,-1,10,3,E01018116,0
Unvalidated,2024010515084,2024,010515084,1,9,0,99,9,9,0,1,0,0,0,0,9,9,6,1,30,6,-1,-1,-1,-1,3,1,E01001186,0
Unvalidated,2024010515084,2024,010515084,2,9,0,1,1,5,99,9,0,0,0,0,9,9,6,3,-1,-1,-1,-1,-1,-1,-1,-1,-1,0
Unvalidated,2024010515087,2024,010515087,1,9,0,99,9,9,99,9,9,99,9,99,9,9,6,2,62,9,-1,-1,-1,-1,2,1,E01032805,0
Unvalidated,2024010515087,2024,010515087,2,9,0,99,9,9,99,9,9,99,9,99,0,9,6,3,-1,-1,-1,-1,-1,-1,-1,-1,-1,0
Unvalidated,2024010515089,2024,010515089,1,9,0,16,1,5,0,1,0,10,1,0,1,1,6,1,39,7,-1,-1,-1,-1,3,1,E01000128,0
Unvalidated,2024010515089,2024,010515089,2,9,0,9,5,2,1,1,0,10,1,0,1,1,1,1,69,10,-1,-1,-1,-1,-1,-1,-1,0
Unvalidated,2024010515093,2024,010515093,1,3,0,99,9,9,99,2,9,99,9,99,1,1,2,2,23,5,-1,-1,-1,-1,3,1,E01000806,0
Unvalidated,2024010515093,2024,010515093,2,9,0,99,9,9,99,6,9,99,9,99,2,9,6,3,-1,-1,-1,-1,-1,-1,-1,-1,-1,0
Unvalidated,2024010515098,2024,010515098,1,1,9,99,9,9,99,9,9,99,9,99,9,1,6,1,38,7,-1,-1,-1,-1,3,1,E01004266,0
Unvalidated,2024010515098,2024,010515098,2,98,0,99,9,9,99,9,9,99,9,99,9,9,6,1,60,9,-1,-1,-1,-1,3,1,E01000127,0
Unvalidated,2024010515099,2024,010515099,1,9,0,1,5,1,9,6,0,0,0,0,2,1,6,3,-1,-1,-1,-1,-1,-1,-1,-1,-1,0
Unvalidated,2024010515100,2024,010515100,1,9,0,18,5,1,0,1,0,10,1,2,1,1,6,3,24,5,-1,-1,-1,-1,-1,-1,-1,0
Unvalidated,2024010515100,2024,010515100,2,9,0,9,8,5,0,1,0,0,3,2,4,1,6,1,73,10,-1,-1,-1,-1,5,1,E01003935,0
Unvalidated,2024010515100,2024,010515100,3,9,0,18,2,6,0,1,0,0,0,0,2,1,6,1,51,8,-1,-1,-1,-1,10,1,E01000793,0
Unvalidated,2024010515101,2024,010515101,1,19,0,18,6,2,0,1,0,0,0,0,2,1,1,1,57,9,-1,-1,-1,-1,5,1,E01000516,0
Unvalidated,2024010515101,2024,010515101,2,9,0,18,2,6,0,2,0,0,0,0,1,1,6,1,46,8,-1,-1,-1,-1,4,1,E01004128,0
Unvalidated,2024010515101,2024,010515101,3,9,0,2,0,0,6,1,0,0,0,0,4,1,6,3,-1,-1,-1,-1,-1,-1,-1,-1,-1,0
Unvalidated,2024010515101,2024,010515101,4,9,0,18,6,2,0,1,0,4,0,0,2,1,6,1,32,6,-1,-1,-1,-1,7,1,E01002154,0
Unvalidated,2024010515101,2024,010515101,5,9,0,13,6,2,0,1,0,0,0,0,1,1,6,3,-1,-1,-1,-1,-1,-1,-1,-1,-1,0
Unvalidated,2024010515106,2024,010515106,1,9,0,3,7,3,0,1,0,0,0,0,2,1,6,2,28,6,-1,-1,-1,-1,2,1,E01001633,0
Unvalidated,2024010515106,2024,010515106,2,9,0,18,7,3,0,1,0,0,0,0,1,1,6,1,19,4,-1,-1,-1,-1,1,1,E01002074,0
Unvalidated,2024010515111,2024,010515111,1,9,0,99,9,9,99,9,9,99,9,99,2,9,6,2,25,5,-1,-1,-1,-1,10,2,E01028823,0
Unvalidated,2024010515111,2024,010515111,2,9,0,99,9,9,99,9,9,99,9,99,1,9,6,3,-1,-1,-1,-1,-1,-1,-1,-1,-1,0
Unvalidated,2024010515112,2024,010515112,1,11,0,18,1,5,0,2,0,0,0,0,1,1,6,3,24,5,-1,-1,-1,-1,2,1,E01003497,0
Unvalidated,2024010515112,2024,010515112,2,11,0,18,1,5,0,2,0,0,0,0,1,1,6,3,24,5,-1,-1,-1,-1,-1,-1,-1,0
Unvalidated,2024010515113,2024,010515113,1,3,0,7,6,8,0,0,0,0,1,0,2,1,1,1,27,6,-1,-1,-1,-1,-1,-1,-1,0
Unvalidated,2024010515113,2024,010515113,2,3,0,18,4,8,0,0,0,0,1,0,1,1,6,1,27,6,-1,-1,-1,-1,-1,-1,-1,0
Unvalidated,2024010515118,2024,010515118,1,9,0,18,3,7,0,0,0,10,0,0,1,1,6,2,29,6,-1,-1,-1,-1,1,1,E01002093,0
Unvalidated,2024010515118,2024,010515118,2,9,0,18,3,7,0,0,0,0,0,0,2,1,6,1,39,7,-1,-1,-1,-1,6,1,E01023858,0
Unvalidated,2024010515123,2024,010515123,1,5,0,18,1,5,2,2,0,0,0,0,1,1,6,1,37,7,-1,-1,-1,-1,1,1,E01002720,0
Unvalidated,2024010515123,2024,010515123,2,5,0,18,1,5,0,2,0,0,0,0,2,1,6,1,39,7,-1,-1,-1,-1,9,1,E01023448,0
Unvalidated,2024010515126,2024,010515126,1,11,0,18,1,5,0,2,0,0,0,0,1,1,6,1,29,6,-1,-1,-1,-1,2,1,E01003576,0
Unvalidated,2024010515133,2024,010515133,1,3,0,15,1,5,0,2,0,0,0,0,1,1,2,1,23,5,-1,-1,-1,-1,2,1,E01004723,0
Unvalidated,2024010515133,2024,010515133,2,9,0,7,1,3,0,1,0,0,7,0,3,1,6,2,65,9,-1,-1,-1,-1,5,1,E01004475,0
Unvalidated,2024010515134,2024,010515134,1,9,0,18,1,5,0,0,0,4,0,0,1,1,6,1,64,9,-1,-1,-1,-1,-1,-1,-1,0
Unvalidated,2024010515134,2024,010515134,2,9,0,2,0,0,0,0,0,0,0,0,4,1,6,3,-1,-1,-1,-1,-1,-1,-1,-1,-1,0
Unvalidated,2024010515134,2024,010515134,3,9,0,2,0,0,0,0,0,0,0,0,4,1,6,3,-1,-1,-1,-1,-1,-1,-1,-1,-1,0
Unvalidated,2024010515134,2024,010515134,4,9,0,2,0,0,0,0,0,0,0,0,1,1,6,3,-1,-1,-1,-1,-1,-1,-1,-1,-1,0
Unvalidated,2024010515134,2024,010515134,5,9,0,2,0,0,0,0,0,0,0,0,1,1,6,3,-1,-1,-1,-1,-1,-1,-1,-1,-1,0
Unvalidated,2024010515134,2024,010515134,6,9,0,2,0,0,0,0,0,0,0,0,4,1,6,3,-1,-1,-1,-1,-1,-1,-1,-1,-1,0
Unvalidated,2024010515138,2024,010515138,1,9,0,9,7,5,0,8,0,0,0,0,4,1,6,1,29,6,-1,-1,-1,-1,-1,-1,-1,0
Unvalidated,2024010515138,2024,010515138,2,1,0,18,3,7,0,1,0,0,0,0,1,1,6,1,33,6,-1,-1,-1,-1,-1,-1,-1,0
Unvalidated,2024010515139,2024,010515139,1,1,9,99,9,9,99,9,9,99,9,99,9,1,1,1,29,6,-1,-1,-1,-1,2,1,E01001877,0
Unvalidated,2024010515139,2024,010515139,2,9,0,99,9,9,99,9,9,99,9,99,1,9,6,3,-1,-1,-1,-1,-1,-1,5,1,E01002563,0
Unvalidated,2024010515141,2024,010515141,1,9,0,18,7,3,0,0,2,0,0,0,4,1,6,1,27,6,-1,-1,-1,-1,4,1,E01016013,0
Unvalidated,2024010515141,2024,010515141,2,9,0,18,7,3,0,0,1,0,0,0,3,1,6,1,41,7,-1,-1,-1,-1,7,1,E01000340,0
Unvalidated,2024010515144,2024,010515144,1,1,9,99,9,9,99,9,9,99,9,99,2,1,6,1,58,9,-1,-1,-1,-1,3,1,E01003617,0
Unvalidated,2024010515144,2024,010515144,2,9,0,99,9,9,99,9,9,99,9,99,9,9,6,3,-1,-1,-1,-1,-1,-1,2,1,E01004364,0
Unvalidated,2024010515145,2024,010515145,1,9,0,9,8,5,0,8,0,0,0,0,3,1,1,1,42,7,-1,-1,-1,-1,4,1,E01004462,0
Unvalidated,2024010515145,2024,010515145,2,9,0,18,5,1,0,8,0,0,0,0,1,1,6,3,-1,-1,-1,-1,-1,-1,-1,-1,-1,0
Unvalidated,2024010515147,2024,010515147,1,9,0,5,5,1,0,1,0,0,1,11,1,1,6,1,91,11,-1,-1,-1,-1,5,1,E01001658,0
Unvalidated,2024010515148,2024,010515148,1,9,0,18,1,5,0,0,0,0,0,0,2,1,6,3,-1,-1,-1,-1,-1,-1,-1,-1,-1,0
Unvalidated,2024010515148,2024,010515148,2,90,0,18,1,5,0,0,0,0,0,0,2,1,6,2,27,6,-1,-1,-1,-1,4,1,E01004002,1
Unvalidated,2024010515149,2024,010515149,1,9,0,9,3,8,0,1,0,0,0,0,1,1,6,1,21,5,-1,-1,-1,-1,3,1,E01003015,0
Unvalidated,2024010515149,2024,010515149,2,3,0,18,7,3,0,1,0,0,0,0,1,1,6,1,22,5,-1,-1,-1,-1,-1,-1,-1,0
Unvalidated,2024010515150,2024,010515150,1,11,0,18,5,1,0,1,0,0,0,0,0,1,6,3,-1,-1,-1,-1,-1,-1,-1,-1,-1,0
Unvalidated,2024010515156,2024,010515156,1,9,0,4,5,1,0,1,0,0,0,0,0,1,1,1,31,6,-1,-1,-1,-1,7,1,E01003199,0
Unvalidated,2024010515156,2024,010515156,2,9,0,17,5,1,9,1,0,4,0,0,1,1,6,3,-1,-1,-1,-1,-1,-1,-1,-1,-1,0
Unvalidated,2024010515156,2024,010515156,3,9,0,2,0,0,0,1,0,0,0,0,0,1,6,3,-1,-1,-1,-1,-1,-1,-1,-1,-1,0
Unvalidated,2024010515156,2024,010515156,4,9,0,2,0,0,0,1,0,0,0,0,0,1,6,3,-1,-1,-1,-1,-1,-1,-1,-1,-1,0
Unvalidated,2024010515156,2024,010515156,5,9,0,2,0,0,0,1,0,0,0,0,0,1,6,3,-1,-1,-1,-1,-1,-1,-1,-1,-1,0
Unvalidated,2024010515158,2024,010515158,1,9,5,9,1,7,0,8,0,7,0,0,1,1,6,3,23,5,-1,-1,-1,-1,-1,-1,-1,0
Unvalidated,2024010515159,2024,010515159,1,3,0,99,9,9,99,9,9,99,9,99,9,1,1,3,41,7,-1,-1,-1,-1,2,1,E01003324,0
Unvalidated,2024010515159,2024,010515159,2,9,9,99,9,9,99,9,9,99,9,99,9,9,6,3,-1,-1,-1,-1,-1,-1,-1,-1,-1,0
Unvalidated,2024010515161,2024,010515161,1,5,0,18,7,3,0,2,0,0,0,0,3,1,6,1,45,7,-1,-1,-1,-1,4,1,E01003543,0
Unvalidated,2024010515161,2024,010515161,2,9,0,6,3,3,0,2,0,0,0,0,1,1,6,3,-1,-1,-1,-1,-1,-1,-1,-1,-1,0
Unvalidated,2024010515162,2024,010515162,1,9,0,18,9,9,99,0,9,99,9,99,3,9,6,1,45,7,-1,-1,-1,-1,3,1,E01001188,0
Unvalidated,2024010515162,2024,010515162,2,11,0,18,7,3,0,0,0,0,0,0,4,1,6,3,-1,-1,-1,-1,-1,-1,-1,-1,-1,0
Unvalidated,2024010515169,2024,010515169,1,8,0,99,9,9,99,9,9,99,9,99,1,9,6,3,59,9,-1,-1,-1,-1,5,1,E01030725,0
Unvalidated,2024010515169,2024,010515169,2,1,9,99,9,9,99,9,9,99,9,99,2,1,2,1,45,7,-1,-1,-1,-1,2,1,E01004067,0
Unvalidated,2024010515170,2024,010515170,1,9,0,99,9,9,99,9,9,99,9,99,0,9,6,2,22,5,-1,-1,-1,-1,9,1,E01002417,0
Unvalidated,2024010515170,2024,010515170,2,9,0,99,9,9,99,9,9,99,9,99,1,9,6,3,-1,-1,-1,-1,-1,-1,4,1,E01033725,0
Unvalidated,2024010515174,2024,010515174,1,3,0,99,9,9,99,9,9,99,9,99,9,1,1,1,44,7,-1,-1,-1,-1,2,1,E01003066,0
Unvalidated,2024010515174,2024,010515174,2,9,9,99,9,9,99,9,9,99,9,99,9,9,6,3,-1,-1,-1,-1,-1,-1,-1,-1,-1,0
Unvalidated,2024010515175,2024,010515175,1,9,0,18,5,1,0,1,0,0,0,0,1,1,6,2,35,6,-1,-1,-1,-1,2,1,E01000901,0
Unvalidated,2024010515175,2024,010515175,2,19,9,99,9,9,99,9,9,99,9,99,1,9,1,1,-1,-1,-1,-1,-1,-1,-1,-1,-1,0
Unvalidated,2024010515176,2024,010515176,1,1,9,99,9,9,99,9,9,99,9,99,9,1,2,1,50,8,-1,-1,-1,-1,9,1,E01021746,0
Unvalidated,2024010515176,2024,010515176,2,9,0,99,9,9,99,9,9,99,9,99,4,9,6,1,40,7,-1,-1,-1,-1,3,1,E01003734,0
Unvalidated,2024010515180,2024,010515180,1,9,0,7,5,8,0,5,0,0,0,0,1,1,6,1,39,7,-1,-1,-1,-1,3,1,E01001116,0
Unvalidated,2024010515180,2024,010515180,2,1,0,15,5,1,0,5,0,0,0,0,1,1,1,1,28,6,-1,-1,-1,-1,2,1,E01003924,0
Unvalidated,2024010515181,2024,010515181,1,1,9,99,9,9,99,9,9,99,9,99,1,1,2,1,30,6,-1,-1,-1,-1,6,1,E01002006,0
Unvalidated,2024010515181,2024,010515181,2,9,0,99,9,9,99,9,9,99,9,99,9,9,6,1,-1,-1,-1,-1,-1,-1,-1,-1,-1,0
Unvalidated,2024010515188,2024,010515188,1,9,0,18,4,8,0,1,0,0,1,11,4,1,6,2,51,8,-1,-1,-1,-1,8,1,E01001400,0
Unvalidated,2024010515188,2024,010515188,2,9,0,9,5,2,0,8,0,0,0,0,1,1,6,2,80,11,-1,-1,-1,-1,3,1,E01001501,0
Unvalidated,2024010515189,2024,010515189,1,9,0,18,3,7,0,0,0,0,0,0,2,1,6,1,38,7,-1,-1,-1,-1,-1,-1,-1,0
Unvalidated,2024010515189,2024,010515189,2,19,0,18,7,3,0,0,0,0,0,0,1,1,1,1,53,8,-1,-1,-1,-1,3,1,E01027060,0
Unvalidated,2024010515193,2024,010515193,1,9,0,99,9,9,99,9,9,99,9,99,2,9,6,1,45,7,-1,-1,-1,-1,3,1,E01002554,0
Unvalidated,2024010515193,2024,010515193,2,9,0,99,9,9,99,9,9,99,9,99,1,9,6,3,-1,-1,-1,-1,-1,-1,-1,-1,-1,0
Unvalidated,2024010515194,2024,010515194,1,11,0,18,7,3,2,2,0,0,0,0,0,1,1,1,45,7,-1,-1,-1,-1,4,1,E01000497,0
Unvalidated,2024010515194,2024,010515194,2,90,0,18,7,3,2,8,0,0,0,0,0,1,6,3,-1,-1,-1,-1,-1,-1,-1,-1,-1,1
Unvalidated,2024010515195,2024,010515195,1,97,0,18,1,5,0,0,0,0,0,0,1,1,6,3,-1,-1,-1,-1,-1,-1,-1,-1,-1,0
Unvalidated,2024010515199,2024,010515199,1,3,0,99,9,9,99,9,9,99,9,99,9,1,1,1,25,5,-1,-1,-1,-1,7,1,E01001280,0
Unvalidated,2024010515199,2024,010515199,2,9,9,99,9,9,99,9,9,99,9,99,9,9,6,3,-1,-1,-1,-1,-1,-1,-1,-1,-1,0
Unvalidated,2024010515205,2024,010515205,1,9,0,18,1,5,0,8,0,0,0,0,4,1,6,1,21,5,-1,-1,-1,-1,-1,-1,-1,0
Unvalidated,2024010515206,2024,010515206,1,9,0,18,1,5,0,2,0,0,0,0,1,1,1,1,31,6,-1,-1,-1,-1,4,1,E01003123,0
Unvalidated,2024010515206,2024,010515206,2,3,0,4,5,1,0,2,0,0,0,0,1,1,6,1,16,4,-1,-1,-1,-1,9,1,E01003870,0
Unvalidated,2024010515208,2024,010515208,1,1,9,99,9,9,99,9,9,99,9,99,1,1,6,2,28,6,-1,-1,-1,-1,2,1,E01004004,0
Unvalidated,2024010515208,2024,010515208,2,11,0,99,9,9,99,9,9,99,9,99,0,9,6,3,-1,-1,-1,-1,-1,-1,-1,-1,-1,0
Unvalidated,2024010515210,2024,010515210,1,9,0,18,3,7,0,8,0,0,0,0,1,1,6,3,-1,-1,-1,-1,-1,-1,-1,-1,-1,0
Unvalidated,2024010515217,2024,010515217,1,1,9,99,9,9,99,9,9,99,9,99,1,1,6,3,-1,-1,-1,-1,-1,-1,-1,-1,-1,0
Unvalidated,2024010515224,2024,010515224,1,8,0,99,9,9,99,1,9,99,9,99,9,9,1,1,46,8,-1,-1,-1,-1,4,1,E01003793,0
Unvalidated,2024010515224,2024,010515224,2,9,0,99,9,9,99,6,9,99,9,99,1,9,6,3,23,5,-1,-1,-1,-1,2,1,E01024170,0
Unvalidated,2024010515228,2024,010515228,1,9,0,2,0,0,0,0,0,10,0,0,1,1,6,3,-1,-1,-1,-1,-1,-1,-1,-1,-1,0
Unvalidated,2024010515228,2024,010515228,2,9,0,18,5,1,0,0,0,4,0,0,1,1,6,2,35,6,-1,-1,-1,-1,5,1,E01004354,0
Unvalidated,2024010515230,2024,010515230,1,9,0,99,9,9,99,9,9,99,9,99,1,9,6,2,27,6,-1,-1,-1,-1,5,1,E01001737,0
Unvalidated,2024010515230,2024,010515230,2,9,9,99,9,9,99,9,9,99,9,99,9,9,6,3,-1,-1,-1,-1,-1,-1,-1,-1,-1,0
Unvalidated,2024010515236,2024,010515236,1,9,0,9,3,8,0,6,0,0,0,0,1,1,6,1,21,5,-1,-1,-1,-1,5,1,E01001164,0
Unvalidated,2024010515236,2024,010515236,2,9,0,17,5,1,0,1,0,0,0,0,1,1,6,1,60,9,-1,-1,-1,-1,2,1,E01000992,0
Unvalidated,2024010515237,2024,010515237,1,3,0,18,1,5,0,1,0,0,0,0,1,1,6,1,25,5,-1,-1,-1,-1,2,1,E01003598,0
Unvalidated,2024010515237,2024,010515237,2,9,0,8,3,5,0,1,0,0,0,0,1,1,6,1,33,6,-1,-1,-1,-1,2,1,E01003594,0
Unvalidated,2024010515241,2024,010515241,1,1,9,99,9,9,99,9,9,99,9,99,9,1,6,1,53,8,-1,-1,-1,-1,1,1,E01004382,0
Unvalidated,2024010515241,2024,010515241,2,9,0,99,9,9,99,9,9,99,9,99,4,9,6,3,-1,-1,-1,-1,-1,-1,-1,-1,-1,0
Unvalidated,2024010515243,2024,010515243,1,9,0,9,7,5,0,8,0,0,0,0,3,2,6,2,42,7,-1,-1,-1,-1,5,1,E01002232,0
Unvalidated,2024010515243,2024,010515243,2,3,0,13,7,3,0,1,0,0,0,0,4,1,6,1,33,6,-1,-1,-1,-1,2,1,E01003174,0
Unvalidated,2024010515246,2024,010515246,1,9,0,5,3,7,0,2,0,0,0,0,1,1,6,1,20,4,-1,-1,-1,-1,6,1,E01001269,0
Unvalidated,2024010515246,2024,010515246,2,9,0,6,3,3,0,8,0,0,0,0,3,1,1,1,33,6,-1,-1,-1,-1,4,1,E01001898,0
Unvalidated,2024010515247,2024,010515247,1,9,0,8,1,3,0,1,0,0,0,0,1,1,6,1,61,9,-1,-1,-1,-1,2,1,E01003066,0
Unvalidated,2024010515247,2024,010515247,2,1,0,18,1,5,9,8,0,0,0,0,1,1,1,1,25,5,-1,-1,-1,-1,4,1,E01003098,0
Unvalidated,2024010515250,2024,010515250,1,9,0,18,2,6,0,0,0,0,0,0,1,1,6,1,36,7,-1,-1,-1,-1,7,1,E01002203,0
Unvalidated,2024010515250,2024,010515250,2,9,0,18,6,2,0,0,0,0,0,0,1,1,6,1,70,10,-1,-1,-1,-1,-1,-1,-1,0
Unvalidated,2024010515251,2024,010515251,1,9,0,4,1,5,0,1,0,0,0,0,2,2,6,1,54,8,-1,-1,-1,-1,-1,-1,-1,0
Unvalidated,2024010515251,2024,010515251,2,3,0,13,1,5,0,1,0,0,0,0,1,1,1,1,31,6,-1,-1,-1,-1,-1,-1,-1,0
Unvalidated,2024010515256,2024,010515256,1,9,0,6,3,3,0,0,0,0,0,0,4,1,6,1,25,5,-1,-1,-1,-1,2,1,E01002797,0
Unvalidated,2024010515256,2024,010515256,2,1,0,15,3,7,0,0,0,0,0,0,1,1,6,2,49,8,-1,-1,-1,-1,2,1,E01003995,0
Unvalidated,2024010515258,2024,010515258,1,1,9,13,9,9,99,9,9,99,9,99,9,1,2,1,21,5,-1,-1,-1,-1,5,1,E01003083,0
Unvalidated,2024010515258,2024,010515258,2,9,0,3,9,9,99,9,9,99,9,99,9,9,6,1,49,8,-1,-1,-1,-1,4,1,E01003913,0
Unvalidated,2024010515260,2024,010515260,1,9,0,99,9,9,99,9,9,99,9,99,2,9,6,2,34,6,-1,-1,-1,-1,-1,1,-1,0
Unvalidated,2024010515260,2024,010515260,2,9,0,99,9,9,99,9,9,99,9,99,1,9,6,3,-1,-1,-1,-1,-1,-1,10,1,E01004180,0
Unvalidated,2024010515265,2024,010515265,1,4,0,99,9,9,99,9,9,99,9,99,9,1,6,1,28,6,-1,-1,-1,-1,8,1,E01000412,0
Unvalidated,2024010515265,2024,010515265,2,9,0,99,9,9,99,9,9,99,9,99,9,9,6,3,-1,-1,-1,-1,-1,-1,-1,-1,-1,0
Unvalidated,2024010515284,2024,010515284,1,9,0,99,9,9,99,0,9,99,9,99,1,9,6,3,-1,-1,-1,-1,-1,-1,-1,-1,-1,0
Unvalidated,2024010515285,2024,010515285,1,9,0,18,5,1,0,1,0,0,7,1,1,1,6,1,50,8,-1,-1,-1,-1,2,1,E01001557,0
Unvalidated,2024010515293,2024,010515293,1,9,0,18,7,3,0,3,5,10,1,4,0,1,6,1,23,5,-1,-1,-1,-1,-1,-1,-1,0
Unvalidated,2024010515296,2024,010515296,1,9,0,5,1,5,0,0,0,0,0,0,1,1,6,3,-1,-1,-1,-1,-1,-1,-1,-1,-1,0
Unvalidated,2024010515309,2024,010515309,1,3,0,99,9,9,99,0,9,99,9,99,9,1,6,1,23,5,-1,-1,-1,-1,2,1,E01003059,0
Unvalidated,2024010515309,2024,010515309,2,99,0,99,9,9,99,0,9,99,9,99,9,1,6,3,-1,-1,-1,-1,-1,-1,-1,-1,-1,0