status,collision_index,collision_year,collision_reference,vehicle_reference,vehicle_type,towing_and_articulation,vehicle_manoeuvre,vehicle_direction_from,vehicle_direction_to,vehicle_location_restricted_lane,junction_location,skidding_and_overturning,hit_object_in_carriageway,vehicle_leaving_carriageway,hit_object_off_carriageway,first_point_of_impact,vehicle_left_hand_drive,journey_purpose_of_driver,sex_of_driver,age_of_driver,age_band_of_driver,engine_capacity_cc,propulsion_code,age_of_vehicle,generic_make_model,driver_imd_decile,driver_home_area_type,lsoa_of_driver,escooter_flag
Unvalidated,2024010515309,2024,010515309,3,11,0,99,9,9,99,0,9,99,9,99,2,1,6,2,32,6,-1,-1,-1,-1,2,1,E01003330,0
Unvalidated,2024010515312,2024,010515312,1,3,0,99,9,9,99,9,9,99,9,99,1,1,1,1,27,6,-1,-1,-1,-1,2,1,E01000075,0
Unvalidated,2024010515312,2024,010515312,2,9,0,99,9,9,99,9,9,99,9,99,1,9,6,3,-1,-1,-1,-1,-1,-1,-1,-1,-1,0
Unvalidated,2024010515314,2024,010515314,1,19,0,5,1,5,0,1,0,0,0,0,4,1,1,1,62,9,-1,-1,-1,-1,7,2,E01021904,0
Unvalidated,2024010515316,2024,010515316,1,8,0,18,4,8,0,1,0,0,0,0,0,1,1,1,68,10,-1,-1,-1,-1,5,1,E01016151,0
Unvalidated,2024010515316,2024,010515316,2,1,0,5,4,8,0,1,0,0,0,0,1,1,3,1,15,3,-1,-1,-1,-1,7,1,E01001915,0
Unvalidated,2024010515318,2024,010515318,1,9,0,18,1,5,0,0,0,0,0,0,2,1,2,1,24,5,-1,-1,-1,-1,6,1,E01002170,0
Unvalidated,2024010515318,2024,010515318,2,9,0,18,1,5,0,0,0,0,0,0,1,1,6,1,-1,-1,-1,-1,-1,-1,-1,-1,-1,0
Unvalidated,2024010515320,2024,010515320,1,9,0,99,9,9,99,1,9,99,9,99,1,9,6,2,30,6,-1,-1,-1,-1,9,3,E01022099,0
Unvalidated,2024010515320,2024,010515320,2,9,0,99,9,9,99,1,9,99,9,99,9,9,6,3,-1,-1,-1,-1,-1,-1,8,1,E01004386,0
Unvalidated,2024010515324,2024,010515324,1,11,0,4,7,3,0,0,0,0,0,0,0,1,1,1,48,8,-1,-1,-1,-1,4,1,E01001934,0
Unvalidated,2024010515326,2024,010515326,1,1,9,99,9,9,99,1,9,99,9,99,9,1,2,1,38,7,-1,-1,-1,-1,4,1,E01001241,0
Unvalidated,2024010515326,2024,010515326,2,9,0,99,9,9,99,6,9,99,9,99,9,9,6,3,-1,-1,-1,-1,-1,-1,-1,-1,-1,0
Unvalidated,2024010515327,2024,010515327,1,11,0,9,3,1,0,6,0,0,0,0,4,1,6,1,57,9,-1,-1,-1,-1,4,1,E01021779,0
Unvalidated,2024010515331,2024,010515331,1,9,0,7,5,7,0,1,0,0,0,0,1,1,1,2,38,7,-1,-1,-1,-1,2,1,E01003290,0
Unvalidated,2024010515331,2024,010515331,2,90,0,18,1,5,0,8,0,0,0,0,1,2,2,1,25,5,-1,-1,-1,-1,2,1,E01003288,1
Unvalidated,2024010515335,2024,010515335,1,9,0,18,1,5,0,3,0,4,0,0,1,1,2,1,30,6,-1,-1,-1,-1,2,1,E01000600,0
Unvalidated,2024010515335,2024,010515335,2,90,0,18,1,5,0,3,0,0,0,0,2,1,1,1,48,8,-1,-1,-1,-1,5,1,E01001248,0
Unvalidated,2024010515336,2024,010515336,1,20,1,99,9,9,99,9,9,99,9,99,2,9,6,1,34,6,-1,-1,-1,-1,8,1,E01023872,0
Unvalidated,2024010515336,2024,010515336,2,98,9,99,9,9,99,9,9,99,9,99,9,9,6,3,-1,-1,-1,-1,-1,-1,-1,-1,-1,0
Unvalidated,2024010515337,2024,010515337,1,1,9,99,9,9,99,9,9,99,9,99,1,1,6,1,40,7,-1,-1,-1,-1,5,1,E01004052,0
Unvalidated,2024010515337,2024,010515337,2,9,0,99,9,9,99,9,9,99,9,99,1,9,6,3,-1,-1,-1,-1,-1,-1,4,1,E01000699,0
Unvalidated,2024010515338,2024,010515338,1,9,0,10,2,8,0,0,0,0,0,0,0,1,6,1,27,6,-1,-1,-1,-1,6,1,E01030736,0
Unvalidated,2024010515338,2024,010515338,2,9,9,99,9,9,99,0,9,99,9,99,9,9,6,3,-1,-1,-1,-1,-1,-1,-1,-1,-1,0
Unvalidated,2024010515339,2024,010515339,1,90,0,18,2,6,0,1,0,0,0,0,4,1,1,1,52,8,-1,-1,-1,-1,1,1,E01001788,0
Unvalidated,2024010515341,2024,010515341,1,3,0,13,7,3,0,8,0,0,0,0,1,1,1,1,42,7,-1,-1,-1,-1,2,1,E01001437,0
Unvalidated,2024010515341,2024,010515341,2,9,0,5,1,5,0,8,0,0,0,0,3,1,1,2,45,7,-1,-1,-1,-1,3,1,E01001488,0
Unvalidated,2024010515349,2024,010515349,1,90,9,99,9,9,9,0,9,99,0,0,9,9,6,3,-1,-1,-1,-1,-1,-1,-1,-1,-1,1
Unvalidated,2024010515353,2024,010515353,1,9,0,99,9,9,99,9,9,99,9,99,2,9,6,2,44,7,-1,-1,-1,-1,5,1,E01001029,0
Unvalidated,2024010515353,2024,010515353,2,19,0,99,9,9,99,9,9,99,9,99,1,9,6,1,-1,-1,-1,-1,-1,-1,4,1,E01001174,0
Unvalidated,2024010515356,2024,010515356,1,3,0,99,9,9,99,9,9,99,9,99,1,1,1,1,29,6,-1,-1,-1,-1,3,1,E01004342,0
Unvalidated,2024010515356,2024,010515356,2,9,0,99,9,9,99,9,9,99,9,99,1,9,6,1,-1,-1,-1,-1,-1,-1,3,1,E01016012,0
Unvalidated,2024010515357,2024,010515357,1,3,0,99,9,9,99,9,9,99,9,99,1,1,1,2,34,6,-1,-1,-1,-1,7,1,E01000714,0
Unvalidated,2024010515357,2024,010515357,2,9,9,99,9,9,99,9,9,99,9,99,9,9,6,3,-1,-1,-1,-1,-1,-1,-1,-1,-1,0
Unvalidated,2024010515362,2024,010515362,1,9,0,7,7,1,9,5,0,0,1,1,1,2,2,1,60,9,-1,-1,-1,-1,1,1,E01003252,0
Unvalidated,2024010515363,2024,010515363,1,9,0,3,1,5,0,1,1,4,0,0,2,1,6,2,41,7,-1,-1,-1,-1,6,1,E01002662,0
Unvalidated,2024010515363,2024,010515363,2,9,0,3,1,5,0,1,0,0,0,0,2,1,6,2,77,11,-1,-1,-1,-1,10,1,E01002978,0
Unvalidated,2024010515363,2024,010515363,3,9,0,3,1,5,0,1,0,4,0,0,1,1,6,1,60,9,-1,-1,-1,-1,7,1,E01030700,0
Unvalidated,2024010515368,2024,010515368,1,3,0,18,1,5,0,2,0,0,0,0,9,1,6,1,59,9,-1,-1,-1,-1,4,1,E01003203,0
Unvalidated,2024010515382,2024,010515382,1,11,0,18,7,3,0,1,0,0,0,0,9,1,1,3,-1,-1,-1,-1,-1,-1,-1,-1,-1,0
Unvalidated,2024010515382,2024,010515382,2,9,0,18,7,3,0,1,0,99,9,0,9,9,6,3,-1,-1,-1,-1,-1,-1,-1,-1,-1,0
Unvalidated,2024010515382,2024,010515382,3,9,9,18,7,3,99,1,9,99,9,99,9,9,6,3,-1,-1,-1,-1,-1,-1,-1,-1,-1,0
Unvalidated,2024010515382,2024,010515382,4,9,9,18,7,3,0,1,9,0,9,0,9,9,6,3,-1,-1,-1,-1,-1,-1,-1,-1,-1,0
Unvalidated,2024010515384,2024,010515384,1,9,0,99,9,9,99,9,9,99,9,99,2,9,6,3,39,7,-1,-1,-1,-1,9,1,E01000770,0
Unvalidated,2024010515388,2024,010515388,1,3,0,99,9,9,99,9,9,99,9,99,1,1,6,1,41,7,-1,-1,-1,-1,5,1,E01002202,0
Unvalidated,2024010515388,2024,010515388,2,9,0,99,9,9,99,9,9,99,9,99,9,9,6,3,-1,-1,-1,-1,-1,-1,-1,-1,-1,0
Unvalidated,2024010515392,2024,010515392,1,9,0,99,9,9,99,9,9,99,9,99,4,9,2,2,41,7,-1,-1,-1,-1,2,1,E01003611,0
Unvalidated,2024010515392,2024,010515392,2,9,0,99,9,9,99,9,9,99,9,99,9,9,6,3,27,6,-1,-1,-1,-1,3,1,E01033744,0
Unvalidated,2024010515398,2024,010515398,1,1,9,99,9,9,9,9,9,99,9,99,3,1,6,2,25,5,-1,-1,-1,-1,6,1,E01004618,0
Unvalidated,2024010515398,2024,010515398,2,9,9,99,9,9,99,9,9,99,9,99,4,9,6,3,-1,-1,-1,-1,-1,-1,-1,-1,-1,0
Unvalidated,2024010515403,2024,010515403,1,1,9,99,9,9,99,9,9,99,9,99,9,1,2,2,33,6,-1,-1,-1,-1,3,1,E01002100,0
Unvalidated,2024010515403,2024,010515403,2,9,0,99,9,9,99,9,9,99,9,99,9,9,6,3,-1,-1,-1,-1,-1,-1,-1,-1,-1,0
Unvalidated,2024010515409,2024,010515409,1,3,0,99,9,9,99,9,9,99,9,99,1,1,1,1,37,7,-1,-1,-1,-1,3,1,E01003572,0
Unvalidated,2024010515409,2024,010515409,2,9,0,99,9,9,99,9,9,99,9,99,9,9,6,3,-1,-1,-1,-1,-1,-1,-1,-1,-1,0
Unvalidated,2024010515410,2024,010515410,1,8,0,99,9,9,99,9,9,99,9,99,1,9,1,3,41,7,-1,-1,-1,-1,4,1,E01003518,0
Unvalidated,2024010515410,2024,010515410,2,9,0,99,9,9,99,9,9,99,9,99,2,9,6,3,-1,-1,-1,-1,-1,-1,-1,-1,-1,0
Unvalidated,2024010515417,2024,010515417,1,1,9,99,9,9,99,9,9,99,9,99,9,1,6,2,26,6,-1,-1,-1,-1,3,1,E01001970,0
Unvalidated,2024010515417,2024,010515417,2,19,0,99,9,9,99,9,9,99,9,99,9,9,6,3,-1,-1,-1,-1,-1,-1,-1,-1,-1,0
Unvalidated,2024010515429,2024,010515429,1,9,0,99,9,9,99,0,9,99,9,99,2,9,6,2,36,7,-1,-1,-1,-1,2,1,E01003735,0
Unvalidated,2024010515429,2024,010515429,2,9,0,99,9,9,99,0,9,99,9,99,1,9,6,3,-1,-1,-1,-1,-1,-1,-1,-1,-1,0
Unvalidated,2024010515435,2024,010515435,1,1,9,99,9,9,99,9,9,99,9,99,1,1,2,2,50,8,-1,-1,-1,-1,7,1,E01004281,0
Unvalidated,2024010515435,2024,010515435,2,9,0,99,9,9,99,9,9,99,9,99,9,9,6,3,-1,-1,-1,-1,-1,-1,-1,-1,-1,0
Unvalidated,2024010515437,2024,010515437,1,9,0,18,1,5,0,2,0,0,0,0,1,1,6,1,21,5,-1,-1,-1,-1,5,1,E01004127,0
Unvalidated,2024010515437,2024,010515437,2,9,0,18,1,5,0,1,0,0,0,0,3,1,6,2,39,7,-1,-1,-1,-1,3,1,E01004183,0
Unvalidated,2024010515443,2024,010515443,1,9,0,13,4,8,0,1,0,0,0,0,0,1,1,1,36,7,-1,-1,-1,-1,3,1,E01004259,0
Unvalidated,2024010515443,2024,010515443,2,1,0,18,8,4,0,2,0,0,0,0,1,1,6,3,-1,-1,-1,-1,-1,-1,-1,-1,-1,0
Unvalidated,2024010515444,2024,010515444,1,9,0,18,1,5,0,0,0,0,0,0,2,1,6,1,80,11,-1,-1,-1,-1,5,1,E01002492,0
Unvalidated,2024010515444,2024,010515444,2,3,0,18,1,5,0,0,0,0,0,0,1,1,6,1,33,6,-1,-1,-1,-1,5,1,E01002221,0
Unvalidated,2024010515447,2024,010515447,1,3,0,18,1,5,0,8,0,0,0,0,1,1,2,1,53,8,-1,-1,-1,-1,1,1,E01004754,0
Unvalidated,2024010515447,2024,010515447,2,1,0,5,3,7,5,8,0,0,0,0,3,1,2,2,57,9,-1,-1,-1,-1,3,1,E01004458,0
Unvalidated,2024010515448,2024,010515448,1,11,0,5,0,5,0,0,0,0,0,0,0,1,1,1,56,9,-1,-1,-1,-1,2,1,E01001506,0
Unvalidated,2024010515451,2024,010515451,1,9,0,18,3,7,0,1,0,0,0,0,1,1,6,2,42,7,-1,-1,-1,-1,4,1,E01001939,0
Unvalidated,2024010515451,2024,010515451,2,1,0,18,1,5,0,1,5,0,0,0,4,1,6,2,30,6,-1,-1,-1,-1,2,1,E01002906,0
Unvalidated,2024010515452,2024,010515452,1,9,0,1,5,7,0,1,0,0,1,0,2,1,6,1,41,7,-1,-1,-1,-1,4,1,E01004631,0
Unvalidated,2024010515452,2024,010515452,2,1,0,18,1,5,0,1,0,0,0,0,2,1,6,1,50,8,-1,-1,-1,-1,6,1,E01004583,0
Unvalidated,2024010515460,2024,010515460,1,9,0,18,5,1,0,0,0,0,0,0,1,1,2,1,65,9,-1,-1,-1,-1,2,1,E01003059,0
Unvalidated,2024010515466,2024,010515466,1,9,0,3,5,1,0,0,0,0,0,0,1,1,1,1,48,8,-1,-1,-1,-1,5,1,E01002426,0
Unvalidated,2024010515466,2024,010515466,2,9,0,18,5,1,0,0,0,0,0,0,3,1,6,1,60,9,-1,-1,-1,-1,-1,-1,-1,0
Unvalidated,2024010515466,2024,010515466,3,9,0,18,1,5,0,0,0,0,0,0,1,1,6,2,64,9,-1,-1,-1,-1,5,1,E01000589,0
Unvalidated,2024010515471,2024,010515471,1,9,0,18,7,3,0,0,0,0,0,0,1,1,1,1,37,7,-1,-1,-1,-1,4,1,E01003666,0
Unvalidated,2024010515471,2024,010515471,2,1,0,18,7,3,0,0,0,0,0,0,1,1,6,1,20,4,-1,-1,-1,-1,-1,-1,-1,0
Unvalidated,2024010515480,2024,010515480,1,11,0,99,9,9,99,0,9,99,9,99,1,9,6,3,-1,-1,-1,-1,-1,-1,-1,-1,-1,0
Unvalidated,2024010515482,2024,010515482,1,3,4,18,7,3,0,0,0,0,0,0,0,1,6,1,17,4,-1,-1,-1,-1,6,1,E01000250,0
Unvalidated,2024010515483,2024,010515483,1,1,0,18,3,7,0,1,0,0,1,0,1,1,1,1,32,6,-1,-1,-1,-1,2,1,E01004062,0
Unvalidated,2024010515489,2024,010515489,1,9,0,18,3,7,0,3,1,11,0,0,1,1,2,1,21,5,-1,-1,-1,-1,3,1,E01000635,0
Unvalidated,2024010515491,2024,010515491,1,9,0,18,3,7,0,1,0,0,0,0,1,1,6,1,21,5,-1,-1,-1,-1,2,1,E01004197,0
Unvalidated,2024010515491,2024,010515491,2,9,0,18,7,3,0,1,0,0,0,0,1,1,6,1,38,7,-1,-1,-1,-1,3,1,E01003631,0
Unvalidated,2024010515493,2024,010515493,1,1,9,99,9,9,99,1,9,99,9,99,9,1,2,1,59,9,-1,-1,-1,-1,9,1,E01001127,0
Unvalidated,2024010515493,2024,010515493,2,19,0,99,9,9,99,5,9,99,9,99,9,9,6,1,51,8,-1,-1,-1,-1,4,1,E01003277,0
Unvalidated,2024010515495,2024,010515495,1,9,0,18,7,3,9,8,0,0,2,11,1,1,6,1,35,6,-1,-1,-1,-1,4,1,E01000405,0
Unvalidated,2024010515495,2024,010515495,2,9,0,9,6,3,0,8,0,0,0,0,0,1,6,1,30,6,-1,-1,-1,-1,2,1,E01001577,0
Unvalidated,2024010515496,2024,010515496,1,9,0,18,5,1,0,2,0,4,0,0,1,1,6,1,40,7,-1,-1,-1,-1,-1,-1,-1,0
Unvalidated,2024010515496,2024,010515496,2,9,0,2,0,0,0,2,0,0,0,0,4,1,6,3,-1,-1,-1,-1,-1,-1,-1,-1,-1,0
Unvalidated,2024010515496,2024,010515496,3,9,0,2,0,0,0,2,0,4,0,0,1,1,6,3,-1,-1,-1,-1,-1,-1,-1,-1,-1,0
Unvalidated,2024010515496,2024,010515496,4,9,0,2,0,0,0,2,0,4,0,0,2,1,6,3,-1,-1,-1,-1,-1,-1,-1,-1,-1,0
Unvalidated,2024010515497,2024,010515497,1,1,9,99,9,9,99,9,9,99,9,99,1,1,6,1,20,4,-1,-1,-1,-1,4,1,E01003766,0
Unvalidated,2024010515497,2024,010515497,2,9,0,99,9,9,99,9,9,99,9,99,1,9,6,3,-1,-1,-1,-1,-1,-1,2,1,E01000045,0
Unvalidated,2024010515505,2024,010515505,1,3,0,99,9,9,99,9,9,99,9,99,1,1,1,3,32,6,-1,-1,-1,-1,3,1,E01004031,0
Unvalidated,2024010515505,2024,010515505,2,9,0,99,9,9,99,9,9,99,9,99,1,9,6,3,-1,-1,-1,-1,-1,-1,-1,-1,-1,0
Unvalidated,2024010515506,2024,010515506,1,9,0,3,5,1,0,1,0,0,0,0,3,1,6,1,69,10,-1,-1,-1,-1,-1,-1,-1,0
Unvalidated,2024010515506,2024,010515506,2,5,0,15,5,1,0,1,0,0,0,0,1,1,2,1,40,7,-1,-1,-1,-1,-1,-1,-1,0
Unvalidated,2024010515508,2024,010515508,1,1,0,18,7,3,0,4,0,0,0,0,1,1,6,1,51,8,-1,-1,-1,-1,5,1,E01000417,0
Unvalidated,2024010515508,2024,010515508,2,11,0,18,1,5,0,4,0,0,0,0,3,1,1,1,54,8,-1,-1,-1,-1,8,1,E01002322,0
Unvalidated,2024010515512,2024,010515512,1,9,0,9,3,8,0,5,0,0,0,0,1,1,6,2,55,8,-1,-1,-1,-1,3,1,E01000922,0
Unvalidated,2024010515512,2024,010515512,2,1,0,18,7,3,0,1,0,0,0,0,1,1,6,1,62,9,-1,-1,-1,-1,2,1,E01004755,0
Unvalidated,2024010515513,2024,010515513,1,9,0,99,9,9,99,9,9,99,9,99,9,9,6,2,39,7,-1,-1,-1,-1,1,1,E01001957,0
Unvalidated,2024010515513,2024,010515513,2,9,0,99,9,9,99,9,9,99,9,99,9,9,6,2,30,6,-1,-1,-1,-1,4,1,E01014138,0
Unvalidated,2024010515514,2024,010515514,1,3,0,99,9,9,99,9,9,99,9,99,9,1,1,1,29,6,-1,-1,-1,-1,5,1,E01004521,0
Unvalidated,2024010515514,2024,010515514,2,9,0,99,9,9,99,9,9,99,9,99,9,9,6,3,-1,-1,-1,-1,-1,-1,-1,-1,-1,0
Unvalidated,2024010515517,2024,010515517,1,9,0,1,5,1,0,1,0,0,0,0,2,1,6,2,56,9,-1,-1,-1,-1,9,1,E01002421,0
Unvalidated,2024010515518,2024,010515518,1,10,0,9,5,2,0,8,0,0,0,0,1,1,2,1,61,9,-1,-1,-1,-1,1,1,E01000596,0
Unvalidated,2024010515522,2024,010515522,1,9,0,99,9,9,99,9,9,99,9,99,3,9,1,2,31,6,-1,-1,-1,-1,3,1,E01003374,0
Unvalidated,2024010515522,2024,010515522,2,9,0,99,9,9,99,9,9,99,9,99,4,9,6,3,-1,-1,-1,-1,-1,-1,-1,-1,-1,0
Unvalidated,2024010515525,2024,010515525,1,3,9,99,9,9,99,9,9,99,9,99,9,1,6,1,33,6,-1,-1,-1,-1,5,1,E01033741,0
Unvalidated,2024010515525,2024,010515525,2,9,9,99,9,9,99,9,9,99,9,99,9,9,6,2,18,4,-1,-1,-1,-1,10,1,E01000684,0
Unvalidated,2024010515528,2024,010515528,1,1,9,99,9,9,99,9,9,99,9,99,9,1,6,1,39,7,-1,-1,-1,-1,2,1,E01003297,0
Unvalidated,2024010515532,2024,010515532,1,5,0,99,9,9,99,9,9,99,9,99,9,1,6,1,44,7,-1,-1,-1,-1,3,1,E01001814,0
Unvalidated,2024010515534,2024,010515534,1,9,0,99,9,9,99,9,9,99,9,99,2,9,6,1,50,8,-1,-1,-1,-1,4,1,E01000960,0
Unvalidated,2024010515534,2024,010515534,2,10,0,99,9,9,99,9,9,99,9,99,1,9,6,1,58,9,-1,-1,-1,-1,8,1,E01004713,0
Unvalidated,2024010515539,2024,010515539,1,3,0,99,9,9,99,9,9,99,9,99,9,1,2,1,33,6,-1,-1,-1,-1,8,1,E01004135,0
Unvalidated,2024010515539,2024,010515539,2,9,0,99,9,9,99,9,9,99,9,99,9,9,6,3,-1,-1,-1,-1,-1,-1,-1,-1,-1,0
Unvalidated,2024010515548,2024,010515548,1,9,0,9,6,4,0,5,0,0,0,0,3,1,3,1,18,4,-1,-1,-1,-1,5,1,E01001294,0
Unvalidated,2024010515548,2024,010515548,2,3,0,13,6,2,0,1,1,0,0,0,1,1,6,1,17,4,-1,-1,-1,-1,2,1,E01001332,0
Unvalidated,2024010515550,2024,010515550,1,9,0,5,5,1,0,0,0,0,1,11,1,1,6,2,80,11,-1,-1,-1,-1,9,1,E01030539,0
Unvalidated,2024010515551,2024,010515551,1,9,0,7,3,5,0,8,0,0,0,0,1,1,1,1,27,6,-1,-1,-1,-1,7,1,E01003199,0
Unvalidated,2024010515551,2024,010515551,2,1,0,18,5,1,4,8,0,0,0,0,1,1,6,1,18,4,-1,-1,-1,-1,5,1,E01003222,0
Unvalidated,2024010515555,2024,010515555,1,9,0,99,9,9,99,9,9,99,9,99,9,9,2,2,42,7,-1,-1,-1,-1,5,1,E01001895,0
Unvalidated,2024010515555,2024,010515555,2,20,1,18,1,5,99,9,9,99,9,99,9,9,6,1,-1,-1,-1,-1,-1,-1,-1,-1,-1,0
Unvalidated,2024010515563,2024,010515563,1,9,0,1,7,3,0,0,0,0,0,0,2,1,2,1,47,8,-1,-1,-1,-1,2,1,E01003189,0
Unvalidated,2024010515563,2024,010515563,2,9,0,18,7,3,0,0,0,0,0,0,1,1,6,1,43,7,-1,-1,-1,-1,3,1,E01003348,0
Unvalidated,2024010515569,2024,010515569,1,9,0,18,3,7,0,8,0,0,0,0,1,1,6,3,-1,-1,-1,-1,-1,-1,-1,-1,-1,0
Unvalidated,2024010515569,2024,010515569,2,1,0,18,3,7,0,2,0,0,0,0,3,1,1,2,29,6,-1,-1,-1,-1,3,1,E01033583,0
Unvalidated,2024010515571,2024,010515571,1,9,0,99,9,9,99,1,9,99,9,99,4,9,6,1,27,6,-1,-1,-1,-1,6,1,E01030737,0
Unvalidated,2024010515571,2024,010515571,2,9,0,99,9,9,99,4,9,99,9,99,1,9,6,3,-1,-1,-1,-1,-1,-1,4,1,E01001276,0
Unvalidated,2024010515572,2024,010515572,1,1,9,99,9,9,99,9,9,99,9,99,1,1,2,1,31,6,-1,-1,-1,-1,6,1,E01003100,0
Unvalidated,2024010515572,2024,010515572,2,98,9,99,9,9,99,9,9,99,9,99,9,9,6,3,32,6,-1,-1,-1,-1,2,1,E01023339,0
Unvalidated,2024010515581,2024,010515581,1,1,0,15,1,5,0,0,0,0,0,0,0,1,6,2,53,8,-1,-1,-1,-1,7,1,E01033093,0
Unvalidated,2024010515582,2024,010515582,1,9,0,15,5,1,0,1,0,0,0,0,4,1,6,3,54,8,-1,-1,-1,-1,-1,-1,-1,0
Unvalidated,2024010515582,2024,010515582,2,1,0,18,5,1,0,1,0,0,0,0,3,1,6,2,51,8,-1,-1,-1,-1,2,1,E01004471,0
Unvalidated,2024010515587,2024,010515587,1,9,0,5,1,5,0,0,0,0,0,0,1,1,6,1,80,11,-1,-1,-1,-1,1,1,E01002099,0
Unvalidated,2024010515595,2024,010515595,1,11,0,5,3,7,0,1,0,0,0,0,0,1,6,1,67,10,-1,-1,-1,-1,5,1,E01030743,0
Unvalidated,2024010515596,2024,010515596,1,3,0,5,8,4,0,8,0,7,0,0,4,1,6,1,36,7,-1,-1,-1,-1,4,1,E01000112,0
Unvalidated,2024010515596,2024,010515596,2,9,0,15,8,4,0,8,0,0,3,0,3,9,6,3,-1,-1,-1,-1,-1,-1,-1,-1,-1,0
Unvalidated,2024010515607,2024,010515607,1,9,0,5,0,7,0,0,0,0,0,0,3,1,1,2,63,9,-1,-1,-1,-1,3,1,E01002235,0
Unvalidated,2024010515607,2024,010515607,2,9,0,18,3,7,0,0,0,0,0,0,1,1,6,3,-1,-1,-1,-1,-1,-1,-1,-1,-1,0
Unvalidated,2024010515608,2024,010515608,1,9,0,9,3,1,0,8,0,0,0,0,4,1,3,1,32,6,-1,-1,-1,-1,2,1,E01003191,0
Unvalidated,2024010515608,2024,010515608,2,5,0,18,7,3,0,1,0,0,0,0,1,1,6,1,36,7,-1,-1,-1,-1,2,1,E01000739,0
Unvalidated,2024010515613,2024,010515613,1,3,9,99,9,9,99,9,9,99,9,99,9,1,6,3,23,5,-1,-1,-1,-1,2,1,E01004570,0
Unvalidated,2024010515613,2024,010515613,2,19,0,99,9,9,99,9,9,99,9,99,9,9,6,3,-1,-1,-1,-1,-1,-1,-1,-1,-1,0
Unvalidated,2024010515614,2024,010515614,1,1,9,99,9,9,99,0,9,99,9,99,1,1,6,3,-1,-1,-1,-1,-1,-1,-1,-1,-1,0
Unvalidated,2024010515621,2024,010515621,1,3,0,5,0,3,6,0,0,0,0,0,3,1,1,1,30,6,-1,-1,-1,-1,1,1,E01000106,0
Unvalidated,2024010515621,2024,010515621,2,9,0,1,5,1,6,0,0,0,0,0,2,1,6,1,37,7,-1,-1,-1,-1,3,1,E01000062,0
Unvalidated,2024010515626,2024,010515626,1,9,0,9,1,7,0,6,0,0,0,0,2,1,6,2,49,8,-1,-1,-1,-1,8,1,E01003668,0
Unvalidated,2024010515626,2024,010515626,2,9,0,18,1,5,1,3,0,10,7,11,2,1,6,1,41,7,-1,-1,-1,-1,3,1,E01000092,0
Unvalidated,2024010515626,2024,010515626,3,9,0,18,1,5,0,1,0,0,0,0,1,1,6,2,-1,-1,-1,-1,-1,-1,-1,-1,-1,0
Unvalidated,2024010515627,2024,010515627,1,9,0,17,6,2,0,1,0,0,0,0,4,1,6,1,78,11,-1,-1,-1,-1,2,1,E01004001,0
Unvalidated,2024010515627,2024,010515627,2,1,0,15,3,7,0,1,0,0,0,0,2,1,4,1,13,3,-1,-1,-1,-1,-1,-1,-1,0
Unvalidated,2024010515631,2024,010515631,1,9,0,9,7,5,0,5,0,0,0,0,1,1,6,3,-1,-1,-1,-1,-1,-1,-1,-1,-1,0
Unvalidated,2024010515637,2024,010515637,1,9,0,1,3,7,9,5,0,0,0,0,2,1,6,1,47,8,-1,-1,-1,-1,6,1,E01003711,0
Unvalidated,2024010515643,2024,010515643,1,19,0,16,4,8,8,8,0,0,1,11,4,1,6,1,39,7,-1,-1,-1,-1,3,1,E01004445,0
Unvalidated,2024010515649,2024,010515649,1,1,9,99,9,9,99,0,9,99,9,99,9,1,2,1,45,7,-1,-1,-1,-1,9,1,E01001305,0
Unvalidated,2024010515649,2024,010515649,2,9,0,99,9,9,99,0,9,99,9,99,9,9,6,3,-1,-1,-1,-1,-1,-1,-1,-1,-1,0
Unvalidated,2024010515650,2024,010515650,1,3,0,13,5,1,0,6,0,7,0,0,3,1,1,1,21,5,-1,-1,-1,-1,4,1,E01000999,0
Unvalidated,2024010515653,2024,010515653,1,9,0,99,9,9,99,9,9,99,9,99,1,9,6,3,-1,-1,-1,-1,-1,-1,-1,-1,-1,0
Unvalidated,2024010515655,2024,010515655,1,9,0,13,5,1,0,0,0,0,1,0,4,1,6,1,29,6,-1,-1,-1,-1,3,1,E01023573,0
Unvalidated,2024010515655,2024,010515655,2,9,0,14,5,1,0,0,0,0,0,0,3,1,2,1,29,6,-1,-1,-1,-1,1,1,E01015736,0
Unvalidated,2024010515655,2024,010515655,3,11,0,4,5,1,0,0,0,0,0,0,3,1,1,1,68,10,-1,-1,-1,-1,6,1,E01001408,0
Unvalidated,2024010515656,2024,010515656,1,11,0,99,9,9,99,9,9,99,9,99,0,9,6,3,-1,-1,-1,-1,-1,-1,-1,-1,-1,0
Unvalidated,2024010515658,2024,010515658,1,3,0,14,8,4,0,0,5,0,0,0,1,1,6,1,19,4,-1,-1,-1,-1,4,2,E01002440,0
Unvalidated,2024010515658,2024,010515658,2,9,0,9,7,4,0,0,1,0,0,0,1,1,1,1,36,7,-1,-1,-1,-1,10,2,E01021442,0
Unvalidated,2024010515659,2024,010515659,1,9,0,18,3,7,0,0,0,0,0,0,2,1,6,1,49,8,-1,-1,-1,-1,4,1,E01004526,0