status,collision_index,collision_year,collision_reference,vehicle_reference,vehicle_type,towing_and_articulation,vehicle_manoeuvre,vehicle_direction_from,vehicle_direction_to,vehicle_location_restricted_lane,junction_location,skidding_and_overturning,hit_object_in_carriageway,vehicle_leaving_carriageway,hit_object_off_carriageway,first_point_of_impact,vehicle_left_hand_drive,journey_purpose_of_driver,sex_of_driver,age_of_driver,age_band_of_driver,engine_capacity_cc,propulsion_code,age_of_vehicle,generic_make_model,driver_imd_decile,driver_home_area_type,lsoa_of_driver,escooter_flag
Unvalidated,2024010515659,2024,010515659,2,19,0,18,3,7,0,0,1,0,0,0,1,1,6,1,30,6,-1,-1,-1,-1,6,1,E01000069,0
Unvalidated,2024010515662,2024,010515662,1,9,0,18,8,4,0,2,0,11,0,0,1,1,6,1,25,5,-1,-1,-1,-1,-1,-1,-1,0
Unvalidated,2024010515665,2024,010515665,1,1,0,18,7,3,2,1,0,0,0,0,4,1,2,2,41,7,-1,-1,-1,-1,1,1,E01033701,0
Unvalidated,2024010515668,2024,010515668,1,9,0,7,7,1,0,6,0,0,0,0,1,1,6,1,61,9,-1,-1,-1,-1,9,1,E01002468,0
Unvalidated,2024010515668,2024,010515668,2,3,0,5,7,3,0,8,2,10,2,10,4,1,6,1,20,4,-1,-1,-1,-1,5,1,E01001381,0
Unvalidated,2024010515675,2024,010515675,1,5,0,18,1,5,0,2,0,0,0,0,0,1,6,1,38,7,-1,-1,-1,-1,9,1,E01016107,0
Unvalidated,2024010515675,2024,010515675,2,19,0,12,1,5,0,2,0,0,0,0,0,1,6,3,-1,-1,-1,-1,-1,-1,-1,-1,-1,0
Unvalidated,2024010515678,2024,010515678,1,9,0,99,9,9,99,0,9,99,9,99,2,9,6,2,28,6,-1,-1,-1,-1,3,1,E01002264,0
Unvalidated,2024010515678,2024,010515678,2,9,0,99,9,9,99,0,9,99,9,99,2,9,6,3,-1,-1,-1,-1,-1,-1,-1,-1,-1,0
Unvalidated,2024010515679,2024,010515679,1,9,0,9,5,3,0,1,0,0,0,0,1,1,6,2,46,8,-1,-1,-1,-1,3,1,E01001676,0
Unvalidated,2024010515679,2024,010515679,2,3,0,5,1,5,0,1,0,0,0,0,1,1,2,1,49,8,-1,-1,-1,-1,2,1,E01000431,0
Unvalidated,2024010515680,2024,010515680,1,5,0,18,1,5,0,3,0,0,1,0,4,1,1,1,60,9,-1,-1,-1,-1,6,1,E01021419,0
Unvalidated,2024010515680,2024,010515680,2,9,0,5,3,7,0,3,0,0,0,0,1,1,6,1,59,9,-1,-1,-1,-1,9,1,E01002317,0
Unvalidated,2024010515685,2024,010515685,1,9,0,17,5,1,0,0,0,0,0,0,1,1,6,1,36,7,-1,-1,-1,-1,4,1,E01003513,0
Unvalidated,2024010515685,2024,010515685,2,19,0,2,0,0,0,0,0,0,0,0,0,1,6,3,-1,-1,-1,-1,-1,-1,-1,-1,-1,0
Unvalidated,2024010515686,2024,010515686,1,9,0,18,1,5,0,1,0,0,0,0,1,1,1,2,61,9,-1,-1,-1,-1,3,1,E01002738,0
Unvalidated,2024010515686,2024,010515686,2,11,0,4,1,5,0,1,0,0,0,0,2,1,1,1,59,9,-1,-1,-1,-1,1,1,E01004042,0
Unvalidated,2024010515688,2024,010515688,1,9,0,5,4,8,0,6,0,0,0,0,1,1,1,1,59,9,-1,-1,-1,-1,-1,-1,-1,0
Unvalidated,2024010515688,2024,010515688,2,9,0,18,2,6,0,2,0,0,0,0,1,1,6,1,18,4,-1,-1,-1,-1,4,1,E01004388,0
Unvalidated,2024010515691,2024,010515691,1,3,0,3,5,1,0,1,0,0,0,0,4,1,6,1,32,6,-1,-1,-1,-1,2,1,E01004287,0
Unvalidated,2024010515691,2024,010515691,2,11,0,4,5,1,0,1,0,0,0,0,3,1,6,3,44,7,-1,-1,-1,-1,1,1,E01000917,0
Unvalidated,2024010515692,2024,010515692,1,3,0,17,1,5,0,1,0,10,0,0,1,1,6,3,-1,-1,-1,-1,-1,-1,-1,-1,-1,0
Unvalidated,2024010515696,2024,010515696,1,9,0,7,1,3,0,6,0,0,0,0,1,1,6,1,50,8,-1,-1,-1,-1,8,1,E01000179,0
Unvalidated,2024010515696,2024,010515696,2,1,0,18,1,5,0,1,0,0,0,0,2,1,2,1,55,8,-1,-1,-1,-1,5,1,E01002118,0
Unvalidated,2024010515699,2024,010515699,1,3,0,99,9,9,99,1,9,99,9,99,9,1,2,1,24,5,-1,-1,-1,-1,4,1,E01001180,0
Unvalidated,2024010515699,2024,010515699,2,9,0,99,9,9,99,5,9,99,9,99,3,9,6,3,-1,-1,-1,-1,-1,-1,-1,-1,-1,0
Unvalidated,2024010515703,2024,010515703,1,3,0,99,9,9,99,0,9,99,9,99,1,1,1,1,34,6,-1,-1,-1,-1,3,1,E01000092,0
Unvalidated,2024010515703,2024,010515703,2,9,0,99,9,9,99,0,9,99,9,99,4,9,6,1,47,8,-1,-1,-1,-1,2,1,E01000086,0
Unvalidated,2024010515708,2024,010515708,1,9,0,18,8,4,0,2,0,7,7,11,1,1,6,2,65,9,-1,-1,-1,-1,10,1,E01001416,0
Unvalidated,2024010515709,2024,010515709,1,90,0,18,7,3,0,8,0,0,0,0,1,1,6,3,-1,-1,-1,-1,-1,-1,-1,-1,-1,1
Unvalidated,2024010515710,2024,010515710,1,3,9,99,9,9,99,0,9,99,9,99,1,1,1,1,53,8,-1,-1,-1,-1,8,1,E01030979,0
Unvalidated,2024010515710,2024,010515710,2,9,9,99,9,9,99,0,9,99,9,99,1,9,6,3,35,6,-1,-1,-1,-1,3,1,E01003548,0
Unvalidated,2024010515712,2024,010515712,1,11,0,18,5,1,0,0,0,0,0,0,4,1,1,1,45,7,-1,-1,-1,-1,1,1,E01004250,0
Unvalidated,2024010515715,2024,010515715,1,19,0,9,6,4,0,5,0,0,0,0,1,1,1,1,81,11,-1,-1,-1,-1,3,1,E01000473,0
Unvalidated,2024010515715,2024,010515715,2,1,0,18,2,6,4,8,0,0,0,0,1,1,2,1,30,6,-1,-1,-1,-1,1,1,E01000596,0
Unvalidated,2024010515717,2024,010515717,1,3,0,99,9,9,99,9,9,99,9,99,1,1,1,1,41,7,-1,-1,-1,-1,5,1,E01001658,0
Unvalidated,2024010515717,2024,010515717,2,9,0,99,9,9,99,9,9,99,9,99,1,9,6,3,34,6,-1,-1,-1,-1,-1,-1,-1,0
Unvalidated,2024010515720,2024,010515720,1,5,0,18,1,5,2,1,2,0,0,0,1,1,2,1,40,7,-1,-1,-1,-1,6,1,E01031637,0
Unvalidated,2024010515720,2024,010515720,2,11,0,7,1,4,0,5,0,0,0,0,1,1,1,1,43,7,-1,-1,-1,-1,2,1,E01001487,0
Unvalidated,2024010515727,2024,010515727,1,11,0,4,1,5,2,8,0,0,0,0,0,1,1,1,52,8,-1,-1,-1,-1,2,1,E01000053,0
Unvalidated,2024010515732,2024,010515732,1,9,0,2,0,0,0,1,0,0,0,0,0,1,6,3,-1,-1,-1,-1,-1,-1,-1,-1,-1,0
Unvalidated,2024010515732,2024,010515732,2,19,0,13,3,7,0,1,0,0,0,0,0,1,6,1,52,8,-1,-1,-1,-1,5,1,E01001294,0
Unvalidated,2024010515732,2024,010515732,3,90,0,14,3,7,0,1,5,0,0,0,0,1,6,1,24,5,-1,-1,-1,-1,3,1,E01002647,1
Unvalidated,2024010515733,2024,010515733,1,3,0,99,9,9,99,9,9,99,9,99,9,1,1,1,28,6,-1,-1,-1,-1,5,1,E01002234,0
Unvalidated,2024010515733,2024,010515733,2,9,0,99,9,9,99,9,9,99,9,99,9,9,6,3,-1,-1,-1,-1,-1,-1,-1,-1,-1,0
Unvalidated,2024010515737,2024,010515737,1,1,9,99,9,9,99,0,9,99,9,99,0,1,2,2,29,6,-1,-1,-1,-1,3,1,E01002770,0
Unvalidated,2024010515737,2024,010515737,2,98,2,99,9,9,99,0,9,99,9,99,2,9,6,3,-1,-1,-1,-1,-1,-1,-1,-1,-1,0
Unvalidated,2024010515739,2024,010515739,1,8,0,99,9,9,99,9,9,99,9,99,9,9,6,1,35,6,-1,-1,-1,-1,2,1,E01001722,0
Unvalidated,2024010515739,2024,010515739,2,9,0,99,9,9,99,9,9,99,9,99,2,9,6,3,-1,-1,-1,-1,-1,-1,-1,-1,-1,0
Unvalidated,2024010515743,2024,010515743,1,9,0,99,9,9,99,9,9,99,9,99,1,9,6,3,-1,-1,-1,-1,-1,-1,3,1,E01003841,0
Unvalidated,2024010515746,2024,010515746,1,9,0,6,1,1,0,0,0,0,0,0,3,1,6,1,46,8,-1,-1,-1,-1,2,1,E01002566,0
Unvalidated,2024010515746,2024,010515746,2,90,0,18,1,5,0,0,0,0,0,0,1,1,6,1,34,6,-1,-1,-1,-1,-1,-1,-1,1
Unvalidated,2024010515747,2024,010515747,1,97,0,99,9,9,99,9,9,99,9,99,1,1,6,3,-1,-1,-1,-1,-1,-1,-1,-1,-1,0
Unvalidated,2024010515756,2024,010515756,1,3,0,99,9,9,99,9,9,99,9,99,9,1,2,1,23,5,-1,-1,-1,-1,9,1,E01000349,0
Unvalidated,2024010515756,2024,010515756,2,9,0,99,9,9,99,9,9,99,9,99,9,9,6,3,-1,-1,-1,-1,-1,-1,-1,-1,-1,0
Unvalidated,2024010515758,2024,010515758,1,9,0,5,7,3,0,1,0,0,0,0,1,1,3,1,34,6,-1,-1,-1,-1,3,1,E01002504,0
Unvalidated,2024010515758,2024,010515758,2,9,0,18,7,3,0,1,0,0,0,0,1,1,6,2,37,7,-1,-1,-1,-1,2,1,E01002392,0
Unvalidated,2024010515766,2024,010515766,1,21,0,2,0,0,0,1,0,0,0,0,2,1,6,3,-1,-1,-1,-1,-1,-1,-1,-1,-1,0
Unvalidated,2024010515766,2024,010515766,2,3,0,18,8,4,0,1,0,0,0,0,1,1,6,1,45,7,-1,-1,-1,-1,-1,-1,-1,0
Unvalidated,2024010515767,2024,010515767,1,3,0,99,9,9,99,9,9,99,9,99,9,1,6,3,32,6,-1,-1,-1,-1,4,1,E01002088,0
Unvalidated,2024010515767,2024,010515767,2,9,0,99,9,9,99,9,9,99,9,99,9,9,6,3,-1,-1,-1,-1,-1,-1,-1,-1,-1,0
Unvalidated,2024010515773,2024,010515773,1,9,0,18,5,1,0,8,0,0,0,0,1,1,6,1,34,6,-1,-1,-1,-1,7,1,E01015969,0
Unvalidated,2024010515773,2024,010515773,2,9,0,7,3,6,0,8,0,0,0,0,4,1,1,2,31,6,-1,-1,-1,-1,4,1,E01002866,0
Unvalidated,2024010515774,2024,010515774,1,3,0,99,9,9,99,9,9,99,9,99,2,1,1,1,24,5,-1,-1,-1,-1,3,1,E01001359,0
Unvalidated,2024010515774,2024,010515774,2,9,0,99,9,9,99,9,9,99,9,99,1,9,6,3,-1,-1,-1,-1,-1,-1,-1,-1,-1,0
Unvalidated,2024010515777,2024,010515777,1,9,0,7,3,5,0,1,0,0,0,0,4,1,6,1,42,7,-1,-1,-1,-1,5,1,E01000338,0
Unvalidated,2024010515777,2024,010515777,2,5,0,15,3,7,2,1,0,0,3,0,3,1,6,1,21,5,-1,-1,-1,-1,-1,-1,-1,0
Unvalidated,2024010515779,2024,010515779,1,11,0,99,9,9,99,9,9,99,9,99,0,9,1,1,47,8,-1,-1,-1,-1,4,1,E01003148,0
Unvalidated,2024010515783,2024,010515783,1,9,0,99,9,9,99,9,9,99,9,99,1,9,6,3,39,7,-1,-1,-1,-1,3,1,E01001602,0
Unvalidated,2024010515783,2024,010515783,2,9,0,99,9,9,99,9,9,99,9,99,2,9,6,2,37,7,-1,-1,-1,-1,2,1,E01003330,0
Unvalidated,2024010515790,2024,010515790,1,3,0,99,9,9,99,9,9,99,9,99,1,1,6,1,25,5,-1,-1,-1,-1,2,1,E01000509,0
Unvalidated,2024010515790,2024,010515790,2,9,0,99,9,9,99,9,9,99,9,99,9,9,6,3,-1,-1,-1,-1,-1,-1,-1,-1,-1,0
Unvalidated,2024010515795,2024,010515795,1,9,0,14,7,3,0,1,0,0,0,0,1,1,1,1,25,5,-1,-1,-1,-1,-1,-1,-1,0
Unvalidated,2024010515795,2024,010515795,2,9,0,9,7,4,0,1,0,0,0,0,3,1,6,1,27,6,-1,-1,-1,-1,3,1,E01001156,0
Unvalidated,2024010515796,2024,010515796,1,11,9,18,7,3,0,0,0,0,0,0,3,1,1,3,24,5,-1,-1,-1,-1,4,1,E01002098,0
Unvalidated,2024010515797,2024,010515797,1,9,0,5,2,6,0,8,0,0,0,0,4,1,6,1,20,4,-1,-1,-1,-1,8,1,E01004119,0
Unvalidated,2024010515797,2024,010515797,2,9,0,16,4,8,0,8,0,0,0,0,1,1,6,1,72,10,-1,-1,-1,-1,8,1,E01004171,0
Unvalidated,2024010515799,2024,010515799,1,9,9,99,9,9,99,9,9,99,9,99,9,9,6,3,-1,-1,-1,-1,-1,-1,-1,-1,-1,0
Unvalidated,2024010515799,2024,010515799,2,3,9,99,9,9,99,9,9,99,9,99,1,1,1,1,40,7,-1,-1,-1,-1,6,1,E01000492,0
Unvalidated,2024010515804,2024,010515804,1,9,0,99,9,9,99,9,9,99,9,99,1,9,6,3,-1,-1,-1,-1,-1,-1,-1,-1,-1,0
Unvalidated,2024010515808,2024,010515808,1,9,0,99,9,9,99,9,9,99,9,99,1,9,2,1,23,5,-1,-1,-1,-1,7,1,E01002111,0
Unvalidated,2024010515808,2024,010515808,2,9,0,99,9,9,99,9,9,99,9,99,1,9,6,3,29,6,-1,-1,-1,-1,7,1,E01002177,0
Unvalidated,2024010515809,2024,010515809,1,9,0,18,7,3,0,8,0,0,0,0,4,1,2,2,69,10,-1,-1,-1,-1,4,1,E01002775,0
Unvalidated,2024010515814,2024,010515814,1,3,0,18,7,3,0,1,0,0,0,0,1,1,1,1,29,6,-1,-1,-1,-1,8,1,E01033724,0
Unvalidated,2024010515814,2024,010515814,2,9,0,5,3,7,0,6,0,0,0,0,1,1,6,1,44,7,-1,-1,-1,-1,9,1,E01002451,0
Unvalidated,2024010515821,2024,010515821,1,1,0,18,3,7,0,6,0,0,0,0,1,1,1,2,55,8,-1,-1,-1,-1,3,1,E01000922,0
Unvalidated,2024010515821,2024,010515821,2,9,0,7,3,5,0,6,0,0,0,0,2,2,1,1,25,5,-1,-1,-1,-1,-1,-1,-1,0
Unvalidated,2024010515826,2024,010515826,1,3,0,18,7,3,0,0,0,0,0,0,0,1,6,1,-1,-1,-1,-1,-1,-1,8,1,E01002582,0
Unvalidated,2024010515827,2024,010515827,1,9,0,7,7,1,0,3,0,0,0,0,4,1,6,1,28,6,-1,-1,-1,-1,-1,-1,-1,0
Unvalidated,2024010515827,2024,010515827,2,3,0,7,7,1,0,3,0,0,0,0,3,1,1,1,38,7,-1,-1,-1,-1,-1,-1,-1,0
Unvalidated,2024010515829,2024,010515829,1,9,0,18,1,5,0,0,0,0,0,0,0,1,2,1,53,8,-1,-1,-1,-1,9,1,E01004115,0
Unvalidated,2024010515829,2024,010515829,2,1,0,18,1,5,0,0,0,0,0,0,0,1,6,1,29,6,-1,-1,-1,-1,2,1,E01004067,0
Unvalidated,2024010515830,2024,010515830,1,90,0,18,5,1,5,2,5,0,9,0,9,1,6,3,-1,-1,-1,-1,-1,-1,-1,-1,-1,1
Unvalidated,2024010515831,2024,010515831,1,8,0,18,5,1,0,1,0,0,0,0,4,1,1,1,63,9,-1,-1,-1,-1,8,1,E01003649,0
Unvalidated,2024010515832,2024,010515832,1,1,0,18,8,4,9,1,0,0,0,0,1,1,6,1,33,6,-1,-1,-1,-1,2,1,E01004287,0
Unvalidated,2024010515842,2024,010515842,1,97,0,99,9,9,99,9,9,99,9,99,1,1,6,3,-1,-1,-1,-1,-1,-1,-1,-1,-1,0
Unvalidated,2024010515843,2024,010515843,1,4,0,18,1,5,0,8,0,0,0,0,1,1,6,1,25,5,-1,-1,-1,-1,3,1,E01002048,0
Unvalidated,2024010515843,2024,010515843,2,9,0,5,7,3,0,8,0,0,0,0,1,1,6,1,19,4,-1,-1,-1,-1,1,1,E01032575,0
Unvalidated,2024010515845,2024,010515845,1,9,0,17,7,3,0,1,0,0,0,0,3,1,6,2,40,7,-1,-1,-1,-1,2,1,E01032787,0
Unvalidated,2024010515845,2024,010515845,2,9,0,16,7,3,0,1,0,0,0,0,3,1,6,1,25,5,-1,-1,-1,-1,3,1,E01004397,0
Unvalidated,2024010515851,2024,010515851,1,9,0,5,0,5,0,0,0,10,7,10,1,1,6,1,24,5,-1,-1,-1,-1,4,1,E01000471,0
Unvalidated,2024010515860,2024,010515860,1,4,0,14,8,4,0,1,0,0,0,0,3,1,6,1,24,5,-1,-1,-1,-1,9,3,E01024450,0
Unvalidated,2024010515862,2024,010515862,1,1,9,99,9,9,99,9,9,99,9,99,9,1,2,1,44,7,-1,-1,-1,-1,4,1,E01003118,0
Unvalidated,2024010515862,2024,010515862,2,9,0,99,9,9,99,9,9,99,9,99,9,9,6,3,60,9,-1,-1,-1,-1,4,1,E01003029,0
Unvalidated,2024010515864,2024,010515864,1,9,0,16,8,4,0,0,0,10,1,2,1,1,6,1,37,7,-1,-1,-1,-1,6,1,E01002928,0
Unvalidated,2024010515865,2024,010515865,1,1,0,18,3,7,0,1,0,0,0,0,2,1,2,1,30,6,-1,-1,-1,-1,8,1,E01002990,0
Unvalidated,2024010515865,2024,010515865,2,9,9,99,9,9,99,9,9,99,9,99,9,9,6,3,-1,-1,-1,-1,-1,-1,-1,-1,-1,0
Unvalidated,2024010515869,2024,010515869,1,9,0,9,1,7,7,8,0,0,0,0,1,1,6,1,52,8,-1,-1,-1,-1,9,1,E01000272,0
Unvalidated,2024010515870,2024,010515870,1,9,0,18,3,7,99,9,9,99,9,99,3,1,6,3,37,7,-1,-1,-1,-1,6,1,E01003646,0
Unvalidated,2024010515870,2024,010515870,2,9,0,6,3,3,99,9,9,99,9,99,2,1,6,3,32,6,-1,-1,-1,-1,3,1,E01004325,0
Unvalidated,2024010515872,2024,010515872,1,9,0,5,7,3,0,2,0,0,0,0,1,1,6,1,52,8,-1,-1,-1,-1,9,1,E01004082,0
Unvalidated,2024010515872,2024,010515872,2,9,0,18,5,1,0,2,0,10,7,11,1,1,6,1,21,5,-1,-1,-1,-1,10,1,E01004084,0
Unvalidated,2024010515875,2024,010515875,1,9,0,4,7,3,0,4,0,0,0,0,2,1,6,2,54,8,-1,-1,-1,-1,6,2,E01015925,0
Unvalidated,2024010515875,2024,010515875,2,1,0,99,9,9,0,4,5,0,0,0,1,1,2,1,26,6,-1,-1,-1,-1,3,1,E01000052,0
Unvalidated,2024010515883,2024,010515883,1,9,0,18,7,3,0,8,0,0,0,0,4,1,6,2,22,5,-1,-1,-1,-1,2,1,E01004719,0
Unvalidated,2024010515883,2024,010515883,2,3,0,5,1,5,0,2,0,0,0,0,1,1,1,1,25,5,-1,-1,-1,-1,7,1,E01002203,0
Unvalidated,2024010515884,2024,010515884,1,9,0,18,5,1,0,0,0,0,7,4,1,1,6,1,30,6,-1,-1,-1,-1,-1,-1,-1,0
Unvalidated,2024010515885,2024,010515885,1,3,0,18,7,3,0,2,5,0,0,0,1,1,6,1,26,6,-1,-1,-1,-1,9,1,E01003847,0
Unvalidated,2024010515886,2024,010515886,1,3,0,9,1,7,0,8,0,0,0,0,1,1,1,1,28,6,-1,-1,-1,-1,2,1,E01002810,0
Unvalidated,2024010515886,2024,010515886,2,9,0,15,5,1,0,8,0,0,0,0,1,1,6,3,-1,-1,-1,-1,-1,-1,-1,-1,-1,0
Unvalidated,2024010515888,2024,010515888,1,4,0,16,1,5,0,5,1,0,0,0,1,1,6,1,36,7,-1,-1,-1,-1,10,1,E01003805,0
Unvalidated,2024010515892,2024,010515892,1,3,0,18,3,7,0,8,0,0,0,0,1,1,6,1,20,4,-1,-1,-1,-1,8,1,E01003009,0
Unvalidated,2024010515893,2024,010515893,1,3,0,99,9,9,99,9,9,99,9,99,9,1,1,1,24,5,-1,-1,-1,-1,5,1,E01001681,0
Unvalidated,2024010515893,2024,010515893,2,9,0,99,9,9,99,9,9,99,9,99,9,9,6,3,-1,-1,-1,-1,-1,-1,-1,-1,-1,0
Unvalidated,2024010515896,2024,010515896,1,10,0,1,4,8,9,0,0,0,0,0,2,1,3,1,57,9,-1,-1,-1,-1,10,1,E01002158,0
Unvalidated,2024010515897,2024,010515897,1,97,0,15,6,2,0,2,5,0,0,0,1,1,6,3,-1,-1,-1,-1,-1,-1,-1,-1,-1,0
Unvalidated,2024010515899,2024,010515899,1,3,0,99,9,9,99,0,9,99,9,99,1,1,1,1,21,5,-1,-1,-1,-1,1,1,E01001957,0
Unvalidated,2024010515899,2024,010515899,2,9,0,18,9,9,99,0,9,99,9,99,1,9,6,3,-1,-1,-1,-1,-1,-1,-1,-1,-1,0
Unvalidated,2024010515902,2024,010515902,1,19,0,18,3,7,0,8,0,0,0,0,9,9,6,3,-1,-1,-1,-1,-1,-1,-1,-1,-1,0
Unvalidated,2024010515902,2024,010515902,2,1,0,18,1,5,0,8,0,0,0,0,1,1,2,2,26,6,-1,-1,-1,-1,2,1,E01033713,0
Unvalidated,2024010515903,2024,010515903,1,1,9,99,9,9,99,9,9,99,9,99,9,1,2,1,32,6,-1,-1,-1,-1,3,1,E01001668,0
Unvalidated,2024010515903,2024,010515903,2,19,0,99,9,9,99,9,9,99,9,99,9,9,6,3,-1,-1,-1,-1,-1,-1,-1,-1,-1,0
Unvalidated,2024010515904,2024,010515904,1,9,0,99,9,9,99,9,9,99,9,99,9,9,6,3,-1,-1,-1,-1,-1,-1,-1,-1,-1,0
Unvalidated,2024010515904,2024,010515904,2,3,0,99,9,9,99,9,9,99,9,99,9,1,1,1,48,8,-1,-1,-1,-1,3,1,E01001229,0
Unvalidated,2024010515906,2024,010515906,1,9,0,7,1,3,0,8,0,0,0,0,4,1,2,1,26,6,-1,-1,-1,-1,3,1,E01001326,0
Unvalidated,2024010515906,2024,010515906,2,1,0,18,5,1,5,1,0,0,0,0,1,1,6,1,54,8,-1,-1,-1,-1,4,1,E01000621,0
Unvalidated,2024010515910,2024,010515910,1,9,0,7,1,4,0,6,0,0,0,0,1,1,6,2,58,9,-1,-1,-1,-1,-1,-1,-1,0
Unvalidated,2024010515910,2024,010515910,2,19,0,18,5,1,0,1,0,0,0,0,1,1,6,1,58,9,-1,-1,-1,-1,2,1,E01002345,0
Unvalidated,2024010515911,2024,010515911,1,9,0,18,7,3,0,0,0,7,0,0,1,1,6,1,41,7,-1,-1,-1,-1,2,1,E01000935,0
Unvalidated,2024010515913,2024,010515913,1,9,0,7,5,7,0,6,0,0,0,0,4,1,2,1,40,7,-1,-1,-1,-1,10,1,E01017626,0
Unvalidated,2024010515913,2024,010515913,2,3,0,15,5,1,2,6,0,0,0,0,3,1,2,2,36,7,-1,-1,-1,-1,5,1,E01003411,0
Unvalidated,2024010515915,2024,010515915,1,4,0,18,5,1,0,0,0,0,0,0,1,1,6,2,22,5,-1,-1,-1,-1,5,1,E01004483,0
Unvalidated,2024010515916,2024,010515916,1,9,0,18,3,7,0,6,0,0,0,0,3,2,6,1,51,8,-1,-1,-1,-1,2,1,E01001152,0
Unvalidated,2024010515916,2024,010515916,2,1,0,18,5,1,0,6,2,0,0,0,1,1,6,2,24,5,-1,-1,-1,-1,8,1,E01004472,0
Unvalidated,2024010515928,2024,010515928,1,11,0,18,1,5,0,1,0,0,0,0,1,1,1,1,36,7,-1,-1,-1,-1,-1,-1,-1,0
Unvalidated,2024010515931,2024,010515931,1,1,0,15,7,3,0,1,0,10,0,0,3,1,2,1,33,6,-1,-1,-1,-1,9,1,E01002991,0
Unvalidated,2024010515931,2024,010515931,2,19,0,18,7,3,0,1,0,0,0,0,4,1,1,1,26,6,-1,-1,-1,-1,4,1,E01002596,0
Unvalidated,2024010515936,2024,010515936,1,3,0,99,9,9,99,9,9,99,9,99,9,1,1,1,23,5,-1,-1,-1,-1,4,1,E01000570,0
Unvalidated,2024010515936,2024,010515936,2,9,0,99,9,9,99,9,9,99,9,99,1,9,6,3,-1,-1,-1,-1,-1,-1,-1,-1,-1,0
Unvalidated,2024010515938,2024,010515938,1,9,9,99,9,9,99,9,9,99,9,99,9,9,6,3,-1,-1,-1,-1,-1,-1,5,1,E01030740,0
Unvalidated,2024010515938,2024,010515938,2,1,9,99,9,9,99,9,9,99,9,99,9,1,6,3,24,5,-1,-1,-1,-1,10,1,E01030368,0
Unvalidated,2024010515943,2024,010515943,1,98,0,7,5,8,0,1,0,0,0,0,1,1,6,3,-1,-1,-1,-1,-1,-1,-1,-1,-1,0
Unvalidated,2024010515945,2024,010515945,1,3,0,99,9,9,99,9,9,99,9,99,9,1,6,1,47,8,-1,-1,-1,-1,1,1,E01000524,0
Unvalidated,2024010515945,2024,010515945,2,9,0,99,9,9,99,9,9,99,9,99,9,9,6,3,-1,-1,-1,-1,-1,-1,-1,-1,-1,0
Unvalidated,2024010515946,2024,010515946,1,1,9,99,9,9,99,1,9,99,9,99,9,1,6,1,18,4,-1,-1,-1,-1,4,1,E01003757,0
Unvalidated,2024010515946,2024,010515946,2,9,0,99,9,9,99,1,9,99,9,99,1,9,6,1,22,5,-1,-1,-1,-1,4,1,E01003573,0
Unvalidated,2024010515947,2024,010515947,1,1,9,99,9,9,99,9,9,99,9,99,9,1,6,1,59,9,-1,-1,-1,-1,4,1,E01002698,0
Unvalidated,2024010515947,2024,010515947,2,19,0,99,9,9,99,9,9,99,9,99,1,9,6,3,-1,-1,-1,-1,-1,-1,-1,-1,-1,0
Unvalidated,2024010515949,2024,010515949,1,1,9,99,9,9,99,0,9,99,9,99,9,1,2,1,64,9,-1,-1,-1,-1,6,1,E01004493,0
Unvalidated,2024010515949,2024,010515949,2,19,0,99,9,9,99,0,9,99,9,99,9,9,6,3,-1,-1,-1,-1,-1,-1,-1,-1,-1,0
Unvalidated,2024010515951,2024,010515951,1,9,0,99,9,9,99,9,9,99,9,99,9,9,6,3,-1,-1,-1,-1,-1,-1,-1,-1,-1,0
Unvalidated,2024010515956,2024,010515956,1,9,0,14,1,5,0,1,0,0,0,0,1,1,6,3,-1,-1,-1,-1,-1,-1,-1,-1,-1,0
Unvalidated,2024010515956,2024,010515956,2,1,0,10,1,7,0,1,0,0,0,0,2,1,6,2,21,5,-1,-1,-1,-1,9,1,E01003905,0
Unvalidated,2024010515957,2024,010515957,1,9,0,18,2,6,0,8,0,0,0,0,3,1,6,2,47,8,-1,-1,-1,-1,3,1,E01002589,0
Unvalidated,2024010515957,2024,010515957,2,9,0,9,6,4,0,8,0,0,0,0,1,1,6,3,24,5,-1,-1,-1,-1,1,1,E01002067,0
Unvalidated,2024010515958,2024,010515958,1,3,0,99,9,9,99,9,9,99,9,99,1,1,1,1,24,5,-1,-1,-1,-1,2,1,E01004287,0
Unvalidated,2024010515958,2024,010515958,2,9,0,99,9,9,99,9,9,99,9,99,9,9,6,3,-1,-1,-1,-1,-1,-1,-1,-1,-1,0
Unvalidated,2024010515959,2024,010515959,1,9,0,99,9,9,99,9,9,99,9,99,9,9,2,2,27,6,-1,-1,-1,-1,6,1,E01003223,0
Unvalidated,2024010515959,2024,010515959,2,9,0,99,9,9,99,9,9,99,9,99,9,9,6,3,-1,-1,-1,-1,-1,-1,7,1,E01003218,0
Unvalidated,2024010515960,2024,010515960,1,3,0,99,9,9,99,9,9,99,9,99,2,1,2,1,62,9,-1,-1,-1,-1,6,1,E01003434,0
Unvalidated,2024010515964,2024,010515964,1,9,0,99,9,9,99,9,9,99,9,99,2,9,6,2,58,9,-1,-1,-1,-1,4,1,E01004628,0
Unvalidated,2024010515964,2024,010515964,2,9,0,99,9,9,99,9,9,99,9,99,2,9,6,3,-1,-1,-1,-1,-1,-1,-1,-1,-1,0