status,collision_index,collision_year,collision_reference,vehicle_reference,vehicle_type,towing_and_articulation,vehicle_manoeuvre,vehicle_direction_from,vehicle_direction_to,vehicle_location_restricted_lane,junction_location,skidding_and_overturning,hit_object_in_carriageway,vehicle_leaving_carriageway,hit_object_off_carriageway,first_point_of_impact,vehicle_left_hand_drive,journey_purpose_of_driver,sex_of_driver,age_of_driver,age_band_of_driver,engine_capacity_cc,propulsion_code,age_of_vehicle,generic_make_model,driver_imd_decile,driver_home_area_type,lsoa_of_driver,escooter_flag
Unvalidated,2024010515964,2024,010515964,3,9,0,99,9,9,99,9,9,99,9,99,1,9,6,3,-1,-1,-1,-1,-1,-1,4,1,E01001686,0
Unvalidated,2024010515968,2024,010515968,1,11,0,5,7,3,0,1,0,0,0,0,3,1,1,1,56,9,-1,-1,-1,-1,2,1,E01000078,0
Unvalidated,2024010515968,2024,010515968,2,9,0,11,7,3,0,1,0,0,0,0,4,1,6,1,74,10,-1,-1,-1,-1,-1,-1,-1,0
Unvalidated,2024010515969,2024,010515969,1,3,0,99,9,9,99,9,9,99,9,99,9,1,1,1,35,6,-1,-1,-1,-1,1,1,E01003511,0
Unvalidated,2024010515969,2024,010515969,2,9,0,99,9,9,99,9,9,99,9,99,9,9,6,3,-1,-1,-1,-1,-1,-1,-1,-1,-1,0
Unvalidated,2024010515973,2024,010515973,1,19,0,18,3,7,0,0,0,0,0,0,4,1,1,1,46,8,-1,-1,-1,-1,5,1,E01004451,0
Unvalidated,2024010515977,2024,010515977,1,9,0,9,3,8,0,6,0,0,0,0,1,1,6,1,37,7,-1,-1,-1,-1,5,1,E01004052,0
Unvalidated,2024010515977,2024,010515977,2,1,0,18,1,5,0,1,0,0,0,0,4,1,6,2,27,6,-1,-1,-1,-1,5,1,E01004052,0
Unvalidated,2024010515988,2024,010515988,1,9,0,99,9,9,99,9,9,99,9,99,9,9,6,2,51,8,-1,-1,-1,-1,4,1,E01002788,0
Unvalidated,2024010515988,2024,010515988,2,1,9,99,9,9,99,9,9,99,9,99,9,1,2,2,33,6,-1,-1,-1,-1,2,1,E01002708,0
Unvalidated,2024010515991,2024,010515991,1,9,0,10,1,7,0,8,0,0,0,0,1,1,6,1,65,9,-1,-1,-1,-1,4,1,E01002103,0
Unvalidated,2024010515991,2024,010515991,2,3,0,18,7,3,0,8,0,0,0,0,4,1,6,1,39,7,-1,-1,-1,-1,2,1,E01002090,0
Unvalidated,2024010516002,2024,010516002,1,9,0,7,8,2,5,5,0,0,0,0,1,1,6,1,18,4,-1,-1,-1,-1,4,1,E01001247,0
Unvalidated,2024010516002,2024,010516002,2,1,0,18,6,2,5,1,5,0,0,0,1,1,6,2,46,8,-1,-1,-1,-1,2,1,E01004364,0
Unvalidated,2024010516008,2024,010516008,1,9,0,18,7,3,0,2,0,0,0,0,1,2,1,1,35,6,-1,-1,-1,-1,4,1,E01003632,0
Unvalidated,2024010516008,2024,010516008,2,9,0,18,3,7,0,2,0,0,0,0,1,1,6,2,35,6,-1,-1,-1,-1,2,1,E01004242,0
Unvalidated,2024010516010,2024,010516010,1,9,0,18,5,1,0,0,0,0,0,0,1,1,2,1,21,5,-1,-1,-1,-1,5,1,E01001293,0
Unvalidated,2024010516010,2024,010516010,2,9,0,18,1,5,0,0,0,0,0,0,1,1,2,1,31,6,-1,-1,-1,-1,2,1,E01000483,0
Unvalidated,2024010516012,2024,010516012,1,4,0,18,2,6,0,2,0,0,0,0,1,1,6,3,-1,-1,-1,-1,-1,-1,-1,-1,-1,0
Unvalidated,2024010516014,2024,010516014,1,11,0,4,5,1,0,0,0,0,0,0,0,1,1,1,28,6,-1,-1,-1,-1,2,1,E01001792,0
Unvalidated,2024010516015,2024,010516015,1,9,0,3,8,4,0,0,0,0,0,0,0,1,2,1,51,8,-1,-1,-1,-1,6,1,E01004749,0
Unvalidated,2024010516015,2024,010516015,2,1,0,18,8,4,0,0,1,0,0,0,2,1,6,2,37,7,-1,-1,-1,-1,5,1,E01001581,0
Unvalidated,2024010516017,2024,010516017,1,3,0,18,1,5,0,1,2,0,0,0,1,1,2,1,30,6,-1,-1,-1,-1,4,1,E01000676,0
Unvalidated,2024010516018,2024,010516018,1,9,0,18,6,2,0,6,0,0,0,0,1,1,6,1,19,4,-1,-1,-1,-1,3,1,E01000915,0
Unvalidated,2024010516018,2024,010516018,2,1,0,15,6,2,0,6,0,0,0,0,1,1,1,1,40,7,-1,-1,-1,-1,4,1,E01004658,0
Unvalidated,2024010516020,2024,010516020,1,3,0,99,9,9,99,9,9,99,9,99,9,1,2,1,41,7,-1,-1,-1,-1,3,1,E01001768,0
Unvalidated,2024010516020,2024,010516020,2,9,0,99,9,9,99,9,9,99,9,99,9,9,6,3,-1,-1,-1,-1,-1,-1,-1,-1,-1,0
Unvalidated,2024010516021,2024,010516021,1,1,9,99,9,9,99,9,9,99,9,99,1,1,4,3,-1,-1,-1,-1,-1,-1,2,1,E01000057,0
Unvalidated,2024010516021,2024,010516021,2,9,0,99,9,9,0,1,0,0,0,0,9,9,6,3,-1,-1,-1,-1,-1,-1,-1,-1,-1,0
Unvalidated,2024010516025,2024,010516025,1,9,0,5,0,7,0,0,0,0,0,0,1,1,6,1,31,6,-1,-1,-1,-1,2,1,E01004251,0
Unvalidated,2024010516025,2024,010516025,2,1,0,18,7,3,0,0,0,4,0,0,1,1,1,1,23,5,-1,-1,-1,-1,2,1,E01004271,0
Unvalidated,2024010516027,2024,010516027,1,3,9,99,9,9,99,9,9,99,9,99,9,1,6,3,-1,-1,-1,-1,-1,-1,-1,-1,-1,0
Unvalidated,2024010516030,2024,010516030,1,9,0,99,9,9,99,0,9,99,9,99,1,9,6,3,-1,-1,-1,-1,-1,-1,-1,-1,-1,0
Unvalidated,2024010516037,2024,010516037,1,9,0,9,6,3,0,8,0,0,0,0,1,1,6,1,74,10,-1,-1,-1,-1,6,1,E01002617,0
Unvalidated,2024010516037,2024,010516037,2,3,0,18,1,5,0,8,0,0,0,0,1,1,6,1,25,5,-1,-1,-1,-1,4,1,E01002621,0
Unvalidated,2024010516038,2024,010516038,1,1,0,5,0,1,0,1,0,0,0,0,1,1,6,1,32,6,-1,-1,-1,-1,1,1,E01033455,0
Unvalidated,2024010516038,2024,010516038,2,3,0,18,5,1,0,1,0,11,0,0,1,1,2,1,33,6,-1,-1,-1,-1,4,1,E01001855,0
Unvalidated,2024010516039,2024,010516039,1,9,0,18,5,1,0,0,0,0,0,0,3,1,6,1,18,4,-1,-1,-1,-1,1,1,E01004340,0
Unvalidated,2024010516043,2024,010516043,1,9,9,99,9,9,99,0,9,99,9,99,9,1,6,3,-1,-1,-1,-1,-1,-1,-1,-1,-1,0
Unvalidated,2024010516047,2024,010516047,1,3,0,18,7,3,0,0,0,0,0,0,1,1,6,1,30,6,-1,-1,-1,-1,-1,-1,-1,0
Unvalidated,2024010516048,2024,010516048,1,9,0,18,1,5,0,7,0,0,0,0,3,1,2,1,21,5,-1,-1,-1,-1,1,1,E01002588,0
Unvalidated,2024010516048,2024,010516048,2,1,0,18,7,3,0,1,0,0,0,0,1,1,1,1,18,4,-1,-1,-1,-1,6,1,E01002662,0
Unvalidated,2024010516051,2024,010516051,1,19,0,18,1,5,0,8,0,0,0,0,1,1,2,1,24,5,-1,-1,-1,-1,5,1,E01004137,0
Unvalidated,2024010516051,2024,010516051,2,9,0,18,1,5,0,8,0,0,0,0,2,1,6,2,42,7,-1,-1,-1,-1,-1,-1,-1,0
Unvalidated,2024010516053,2024,010516053,1,4,0,18,8,4,0,2,1,0,0,0,4,1,6,1,29,6,-1,-1,-1,-1,3,1,E01002558,0
Unvalidated,2024010516053,2024,010516053,2,9,0,18,8,4,0,8,0,0,0,0,4,1,6,3,-1,-1,-1,-1,-1,-1,-1,-1,-1,0
Unvalidated,2024010516054,2024,010516054,1,9,0,9,1,7,0,1,0,0,0,0,4,1,6,1,32,6,-1,-1,-1,-1,3,1,E01002264,0
Unvalidated,2024010516054,2024,010516054,2,2,0,3,7,3,0,1,0,0,0,0,1,1,6,1,23,5,-1,-1,-1,-1,3,1,E01000089,0
Unvalidated,2024010516055,2024,010516055,1,9,0,2,0,0,6,1,0,0,0,0,3,1,6,3,-1,-1,-1,-1,-1,-1,-1,-1,-1,0
Unvalidated,2024010516055,2024,010516055,2,1,0,18,2,6,0,1,0,0,0,0,1,1,6,1,25,5,-1,-1,-1,-1,10,1,E01000793,0
Unvalidated,2024010516060,2024,010516060,1,1,9,99,9,9,99,9,9,99,9,99,2,1,6,1,52,8,-1,-1,-1,-1,5,1,E01001914,0
Unvalidated,2024010516061,2024,010516061,1,9,0,3,9,9,99,1,9,99,9,99,2,9,2,2,39,7,-1,-1,-1,-1,3,1,E01003942,0
Unvalidated,2024010516061,2024,010516061,2,9,0,18,9,9,99,1,9,99,9,99,9,9,6,3,-1,-1,-1,-1,-1,-1,-1,-1,-1,0
Unvalidated,2024010516065,2024,010516065,1,19,0,99,9,9,99,9,9,99,9,99,1,9,6,1,64,9,-1,-1,-1,-1,7,1,E01001049,0
Unvalidated,2024010516070,2024,010516070,1,9,0,99,9,9,99,9,9,99,9,99,9,9,2,1,25,5,-1,-1,-1,-1,6,1,E01000250,0
Unvalidated,2024010516070,2024,010516070,2,9,9,99,9,9,99,9,9,99,9,99,9,9,6,3,-1,-1,-1,-1,-1,-1,-1,-1,-1,0
Unvalidated,2024010516075,2024,010516075,1,9,0,18,8,4,0,0,2,4,0,0,1,1,6,1,34,6,-1,-1,-1,-1,1,1,E01001786,0
Unvalidated,2024010516075,2024,010516075,2,9,0,2,0,0,6,0,0,0,0,0,1,1,6,3,-1,-1,-1,-1,-1,-1,-1,-1,-1,0
Unvalidated,2024010516075,2024,010516075,3,9,0,2,0,0,6,0,0,4,0,0,2,1,6,3,-1,-1,-1,-1,-1,-1,-1,-1,-1,0
Unvalidated,2024010516076,2024,010516076,1,9,0,16,7,3,0,2,0,0,0,0,2,1,6,3,-1,-1,-1,-1,-1,-1,-1,-1,-1,0
Unvalidated,2024010516076,2024,010516076,2,1,0,18,7,3,0,2,5,0,0,0,2,1,6,1,32,6,-1,-1,-1,-1,6,1,E01004717,0
Unvalidated,2024010516083,2024,010516083,1,1,0,99,9,9,99,4,9,99,9,99,9,1,6,1,-1,-1,-1,-1,-1,-1,-1,-1,-1,0
Unvalidated,2024010516085,2024,010516085,1,9,0,99,9,9,99,9,9,99,9,99,2,9,6,2,26,6,-1,-1,-1,-1,1,1,E01001838,0
Unvalidated,2024010516085,2024,010516085,2,1,9,99,9,9,99,9,9,99,9,99,1,1,6,3,-1,-1,-1,-1,-1,-1,-1,-1,-1,0
Unvalidated,2024010516087,2024,010516087,1,3,0,99,9,9,99,9,9,99,9,99,1,1,6,3,-1,-1,-1,-1,-1,-1,-1,-1,-1,0
Unvalidated,2024010516094,2024,010516094,1,19,0,9,5,2,0,8,0,0,0,0,1,1,1,1,26,6,-1,-1,-1,-1,-1,-1,-1,0
Unvalidated,2024010516096,2024,010516096,1,3,0,99,9,9,99,1,9,99,9,99,9,1,6,1,40,7,-1,-1,-1,-1,3,1,E01003979,0
Unvalidated,2024010516096,2024,010516096,2,9,0,99,9,9,99,6,9,99,9,99,1,9,6,3,-1,-1,-1,-1,-1,-1,-1,-1,-1,0
Unvalidated,2024010516097,2024,010516097,1,3,0,15,1,5,0,0,0,0,0,0,1,1,2,1,31,6,-1,-1,-1,-1,3,1,E01000148,0
Unvalidated,2024010516110,2024,010516110,1,9,0,18,3,7,0,0,0,0,0,0,1,1,6,3,-1,-1,-1,-1,-1,-1,-1,-1,-1,0
Unvalidated,2024010516111,2024,010516111,1,9,0,10,7,6,0,6,0,0,0,0,2,1,6,2,68,10,-1,-1,-1,-1,7,1,E01003451,0
Unvalidated,2024010516111,2024,010516111,2,3,0,4,1,5,0,1,0,0,0,0,1,1,1,1,40,7,-1,-1,-1,-1,8,1,E01004195,0
Unvalidated,2024010516117,2024,010516117,1,9,0,14,4,8,0,0,0,0,0,0,1,1,6,2,21,5,-1,-1,-1,-1,2,1,E01001115,0
Unvalidated,2024010516117,2024,010516117,2,11,0,3,4,8,0,0,0,0,0,0,0,1,1,1,53,8,-1,-1,-1,-1,3,1,E01002649,0
Unvalidated,2024010516120,2024,010516120,1,1,9,99,9,9,99,9,9,99,9,99,1,1,1,3,20,4,-1,-1,-1,-1,6,1,E01001563,0
Unvalidated,2024010516120,2024,010516120,2,9,0,99,9,9,99,9,9,99,9,99,9,9,6,3,28,6,-1,-1,-1,-1,1,1,E01001845,0
Unvalidated,2024010516121,2024,010516121,1,9,0,9,1,7,0,6,0,0,0,0,4,1,1,2,41,7,-1,-1,-1,-1,2,1,E01001172,0
Unvalidated,2024010516121,2024,010516121,2,1,0,18,5,1,0,1,0,0,0,0,1,1,6,1,40,7,-1,-1,-1,-1,10,1,E01000688,0
Unvalidated,2024010516124,2024,010516124,1,9,0,1,7,3,0,2,0,0,0,0,1,1,6,1,67,10,-1,-1,-1,-1,4,1,E01001247,0
Unvalidated,2024010516124,2024,010516124,2,1,0,3,7,3,0,2,0,0,0,0,1,1,6,1,48,8,-1,-1,-1,-1,2,1,E01001249,0
Unvalidated,2024010516124,2024,010516124,3,9,0,2,0,0,0,2,0,0,0,0,2,1,6,3,-1,-1,-1,-1,-1,-1,-1,-1,-1,0
Unvalidated,2024010516125,2024,010516125,1,9,0,18,5,1,0,2,0,4,0,0,1,1,6,1,28,6,-1,-1,-1,-1,5,1,E01002352,0
Unvalidated,2024010516125,2024,010516125,2,9,0,10,5,2,0,2,0,0,0,0,2,1,6,2,45,7,-1,-1,-1,-1,3,1,E01000741,0
Unvalidated,2024010516129,2024,010516129,1,23,0,18,3,7,0,2,0,0,0,0,1,1,1,2,40,7,-1,-1,-1,-1,7,1,E01000438,0
Unvalidated,2024010516130,2024,010516130,1,3,9,99,9,9,99,9,9,99,9,99,2,1,1,1,48,8,-1,-1,-1,-1,8,1,E01003417,0
Unvalidated,2024010516130,2024,010516130,2,9,9,99,9,9,99,9,9,99,9,99,1,9,6,3,-1,-1,-1,-1,-1,-1,-1,-1,-1,0
Unvalidated,2024010516132,2024,010516132,1,1,9,99,9,9,99,9,9,99,9,99,9,1,2,1,45,7,-1,-1,-1,-1,3,1,E01004573,0
Unvalidated,2024010516132,2024,010516132,2,9,0,99,9,9,99,9,9,99,9,99,9,9,6,3,-1,-1,-1,-1,-1,-1,-1,-1,-1,0
Unvalidated,2024010516137,2024,010516137,1,9,0,3,7,3,0,8,0,0,0,0,0,1,6,1,52,8,-1,-1,-1,-1,6,1,E01002968,0
Unvalidated,2024010516137,2024,010516137,2,9,0,5,3,7,0,8,0,0,0,0,1,1,2,1,41,7,-1,-1,-1,-1,-1,-1,-1,0
Unvalidated,2024010516139,2024,010516139,1,11,0,5,3,7,0,1,0,0,0,0,0,1,1,1,64,9,-1,-1,-1,-1,2,1,E01002669,0
Unvalidated,2024010516140,2024,010516140,1,1,9,99,9,9,99,9,9,99,9,99,9,1,2,2,28,6,-1,-1,-1,-1,2,1,E01004197,0
Unvalidated,2024010516140,2024,010516140,2,9,0,99,9,9,99,9,9,99,9,99,2,9,6,3,-1,-1,-1,-1,-1,-1,-1,-1,-1,0
Unvalidated,2024010516144,2024,010516144,1,1,9,99,9,9,99,9,9,99,9,99,1,1,2,2,24,5,-1,-1,-1,-1,4,1,E01001956,0
Unvalidated,2024010516144,2024,010516144,2,9,0,99,9,9,99,9,9,99,9,99,9,9,6,1,26,6,-1,-1,-1,-1,1,1,E01001958,0
Unvalidated,2024010516146,2024,010516146,1,9,0,99,9,9,99,9,9,99,9,99,9,9,6,3,-1,-1,-1,-1,-1,-1,-1,-1,-1,0
Unvalidated,2024010516146,2024,010516146,2,3,0,99,9,9,99,9,9,99,9,99,1,1,2,1,27,6,-1,-1,-1,-1,2,1,E01002076,0
Unvalidated,2024010516148,2024,010516148,1,1,0,18,1,5,0,1,9,0,0,0,1,1,2,1,33,6,-1,-1,-1,-1,1,1,E01002095,0
Unvalidated,2024010516148,2024,010516148,2,8,9,4,4,8,99,9,0,99,9,99,9,9,1,1,-1,-1,-1,-1,-1,-1,2,1,E01001719,0
Unvalidated,2024010516151,2024,010516151,1,1,9,99,9,9,99,1,9,99,9,99,9,1,2,1,32,6,-1,-1,-1,-1,7,1,E01001583,0
Unvalidated,2024010516151,2024,010516151,2,9,0,13,9,9,99,5,9,99,9,99,2,9,6,3,-1,-1,-1,-1,-1,-1,-1,-1,-1,0
Unvalidated,2024010516152,2024,010516152,1,9,0,99,9,9,99,9,9,99,9,99,1,9,6,2,49,8,-1,-1,-1,-1,5,1,E01002671,0
Unvalidated,2024010516152,2024,010516152,2,9,0,99,9,9,99,9,9,99,9,99,9,9,6,3,-1,-1,-1,-1,-1,-1,-1,-1,-1,0
Unvalidated,2024010516154,2024,010516154,1,9,0,18,1,5,0,4,0,0,0,0,1,1,2,2,51,8,-1,-1,-1,-1,3,1,E01001436,0
Unvalidated,2024010516154,2024,010516154,2,9,0,18,7,3,0,4,0,0,0,0,4,1,6,2,42,7,-1,-1,-1,-1,2,1,E01001433,0
Unvalidated,2024010516159,2024,010516159,1,5,0,14,3,7,0,1,0,0,0,0,1,1,1,1,30,6,-1,-1,-1,-1,3,1,E01033583,0
Unvalidated,2024010516160,2024,010516160,1,1,9,99,9,9,99,9,9,99,9,99,1,1,2,1,27,6,-1,-1,-1,-1,3,1,E01001774,0
Unvalidated,2024010516160,2024,010516160,2,8,0,99,9,9,99,9,9,99,9,99,9,9,6,3,-1,-1,-1,-1,-1,-1,-1,-1,-1,0
Unvalidated,2024010516161,2024,010516161,1,19,0,7,3,5,5,5,0,0,0,0,3,1,2,1,45,7,-1,-1,-1,-1,3,1,E01003915,0
Unvalidated,2024010516161,2024,010516161,2,1,0,18,7,3,0,1,0,0,0,0,1,1,2,1,21,5,-1,-1,-1,-1,-1,-1,-1,0
Unvalidated,2024010516163,2024,010516163,1,9,0,99,9,9,99,9,9,99,9,99,9,9,6,1,22,5,-1,-1,-1,-1,10,1,E01000755,0
Unvalidated,2024010516163,2024,010516163,2,19,0,99,9,9,99,9,9,99,9,99,1,9,6,3,-1,-1,-1,-1,-1,-1,-1,-1,-1,0
Unvalidated,2024010516165,2024,010516165,1,9,0,18,5,1,0,8,0,0,0,0,4,1,6,2,90,11,-1,-1,-1,-1,7,1,E01000786,0
Unvalidated,2024010516165,2024,010516165,2,9,0,18,3,7,0,4,0,0,0,0,1,1,6,1,81,11,-1,-1,-1,-1,9,1,E01000687,0
Unvalidated,2024010516166,2024,010516166,1,1,9,99,9,9,9,9,9,8,9,99,9,1,2,1,62,9,-1,-1,-1,-1,8,1,E01003455,0
Unvalidated,2024010516166,2024,010516166,2,9,9,99,9,9,9,9,9,99,9,99,9,9,6,3,-1,-1,-1,-1,-1,-1,5,1,E01002622,0
Unvalidated,2024010516168,2024,010516168,1,9,0,9,2,8,0,7,0,0,0,0,3,1,1,1,54,8,-1,-1,-1,-1,8,1,E01024351,0
Unvalidated,2024010516168,2024,010516168,2,1,0,18,2,6,0,7,0,0,0,0,1,1,1,1,21,5,-1,-1,-1,-1,2,1,E01002787,0
Unvalidated,2024010516171,2024,010516171,1,1,9,99,9,9,99,0,9,8,9,99,1,1,6,1,59,9,-1,-1,-1,-1,8,1,E01004713,0
Unvalidated,2024010516171,2024,010516171,2,9,0,99,9,9,99,0,9,99,9,99,9,9,6,3,60,9,-1,-1,-1,-1,1,1,E01002694,0
Unvalidated,2024010516172,2024,010516172,1,8,9,1,9,9,99,9,9,99,9,99,9,9,6,3,-1,-1,-1,-1,-1,-1,-1,-1,-1,0
Unvalidated,2024010516175,2024,010516175,1,19,0,4,7,3,0,0,0,0,0,0,2,1,1,1,24,5,-1,-1,-1,-1,6,1,E01030080,0
Unvalidated,2024010516175,2024,010516175,2,9,0,4,7,3,0,0,0,0,0,0,2,1,6,2,26,6,-1,-1,-1,-1,9,1,E01023417,0
Unvalidated,2024010516175,2024,010516175,3,8,0,18,7,3,0,0,0,0,0,0,1,1,6,1,37,7,-1,-1,-1,-1,3,1,E01004406,0
Unvalidated,2024010516183,2024,010516183,1,19,0,18,1,5,0,0,0,0,0,0,1,1,2,1,43,7,-1,-1,-1,-1,10,1,E01002257,0
Unvalidated,2024010516184,2024,010516184,1,8,0,3,7,3,0,1,0,0,0,0,2,2,6,1,33,6,-1,-1,-1,-1,2,1,E01003576,0
Unvalidated,2024010516184,2024,010516184,2,9,0,18,7,3,0,1,0,0,0,0,1,1,6,1,32,6,-1,-1,-1,-1,2,1,E01004242,0
Unvalidated,2024010516188,2024,010516188,1,9,0,9,3,1,0,8,0,0,0,0,1,1,6,1,52,8,-1,-1,-1,-1,6,1,E01001869,0
Unvalidated,2024010516188,2024,010516188,2,9,0,14,1,5,0,1,0,0,0,0,1,1,6,1,38,7,-1,-1,-1,-1,-1,-1,-1,0
Unvalidated,2024010516190,2024,010516190,1,1,9,99,9,9,99,9,9,99,9,99,9,1,6,2,50,8,-1,-1,-1,-1,2,1,E01001337,0
Unvalidated,2024010516190,2024,010516190,2,9,0,99,9,9,99,9,9,99,9,99,1,9,6,3,-1,-1,-1,-1,-1,-1,-1,-1,-1,0
Unvalidated,2024010516193,2024,010516193,1,98,0,99,9,9,99,0,9,99,9,99,9,9,1,1,23,5,-1,-1,-1,-1,3,1,E01000046,0
Unvalidated,2024010516193,2024,010516193,2,9,0,99,9,9,99,0,9,99,9,99,4,9,6,3,-1,-1,-1,-1,-1,-1,-1,-1,-1,0
Unvalidated,2024010516194,2024,010516194,1,11,0,18,7,3,0,1,0,0,0,0,0,1,1,2,23,5,-1,-1,-1,-1,2,1,E01001334,0
Unvalidated,2024010516199,2024,010516199,1,9,9,99,9,9,99,9,9,99,9,99,9,9,6,3,-1,-1,-1,-1,-1,-1,-1,-1,-1,0
Unvalidated,2024010516202,2024,010516202,1,19,0,18,5,1,0,8,0,0,0,0,1,1,6,3,-1,-1,-1,-1,-1,-1,-1,-1,-1,0
Unvalidated,2024010516202,2024,010516202,2,5,0,18,5,1,0,1,0,0,6,1,2,1,6,1,32,6,-1,-1,-1,-1,7,1,E01003655,0
Unvalidated,2024010516203,2024,010516203,1,3,0,18,9,9,99,9,9,99,9,99,9,1,1,1,22,5,-1,-1,-1,-1,3,1,E01000506,0
Unvalidated,2024010516203,2024,010516203,2,9,0,5,9,9,99,9,9,99,9,99,9,9,6,3,-1,-1,-1,-1,-1,-1,-1,-1,-1,0
Unvalidated,2024010516204,2024,010516204,1,3,0,18,9,9,99,9,9,99,9,99,9,1,6,1,22,5,-1,-1,-1,-1,3,1,E01000506,0
Unvalidated,2024010516204,2024,010516204,2,9,0,5,9,9,99,9,9,99,9,99,9,9,6,3,-1,-1,-1,-1,-1,-1,-1,-1,-1,0
Unvalidated,2024010516205,2024,010516205,1,9,0,9,5,3,0,1,0,0,0,0,1,1,2,1,34,6,-1,-1,-1,-1,2,1,E01000951,0
Unvalidated,2024010516205,2024,010516205,2,3,0,18,1,5,0,1,0,0,0,0,1,1,6,1,21,5,-1,-1,-1,-1,3,1,E01000506,0
Unvalidated,2024010516209,2024,010516209,1,3,0,99,9,9,99,9,9,99,9,99,9,1,1,1,34,6,-1,-1,-1,-1,3,1,E01001493,0
Unvalidated,2024010516209,2024,010516209,2,9,9,99,9,9,99,9,9,99,9,99,9,9,6,3,-1,-1,-1,-1,-1,-1,-1,-1,-1,0
Unvalidated,2024010516214,2024,010516214,1,1,9,99,9,9,99,6,9,99,9,99,9,1,6,3,33,6,-1,-1,-1,-1,3,1,E01004270,0
Unvalidated,2024010516214,2024,010516214,2,19,0,99,9,9,99,5,9,99,9,99,9,9,6,3,-1,-1,-1,-1,-1,-1,-1,-1,-1,0
Unvalidated,2024010516215,2024,010516215,1,9,0,18,7,3,0,1,0,0,0,0,4,1,6,1,37,7,-1,-1,-1,-1,-1,-1,-1,0
Unvalidated,2024010516215,2024,010516215,2,9,0,18,7,3,0,1,0,0,0,0,3,1,6,2,49,8,-1,-1,-1,-1,9,1,E01001993,0
Unvalidated,2024010516215,2024,010516215,3,9,0,18,7,3,0,1,0,0,0,0,1,1,6,1,64,9,-1,-1,-1,-1,3,1,E01000195,0
Unvalidated,2024010516215,2024,010516215,4,9,0,18,7,3,0,8,0,0,0,0,1,1,6,1,54,8,-1,-1,-1,-1,2,1,E01010146,0
Unvalidated,2024010516218,2024,010516218,1,9,0,3,5,1,0,1,0,0,0,0,2,1,6,1,25,5,-1,-1,-1,-1,2,1,E01021315,0
Unvalidated,2024010516218,2024,010516218,2,9,0,5,5,1,0,1,0,0,0,0,1,1,6,2,41,7,-1,-1,-1,-1,8,1,E01002265,0
Unvalidated,2024010516222,2024,010516222,1,9,0,1,4,8,0,1,0,0,0,0,2,1,6,1,24,5,-1,-1,-1,-1,-1,-1,-1,0
Unvalidated,2024010516223,2024,010516223,1,1,9,18,9,9,99,9,9,99,9,99,9,1,6,1,40,7,-1,-1,-1,-1,-1,1,-1,0
Unvalidated,2024010516223,2024,010516223,2,19,0,7,9,9,99,1,9,99,9,99,9,9,6,1,28,6,-1,-1,-1,-1,4,1,E01033729,0
Unvalidated,2024010516224,2024,010516224,1,1,9,99,9,9,99,9,9,99,9,99,2,1,3,1,38,7,-1,-1,-1,-1,8,1,E01004506,0
Unvalidated,2024010516224,2024,010516224,2,11,0,99,9,9,99,9,9,99,9,99,1,9,6,3,27,6,-1,-1,-1,-1,3,1,E01002649,0
Unvalidated,2024010516225,2024,010516225,1,1,9,99,9,9,99,9,9,99,9,99,2,1,1,1,49,8,-1,-1,-1,-1,2,1,E01002634,0
Unvalidated,2024010516225,2024,010516225,2,9,0,99,9,9,99,9,9,99,9,99,0,9,6,3,-1,-1,-1,-1,-1,-1,-1,-1,-1,0
Unvalidated,2024010516228,2024,010516228,1,19,0,17,3,7,0,2,0,0,0,0,1,1,1,1,42,7,-1,-1,-1,-1,-1,-1,-1,0
Unvalidated,2024010516235,2024,010516235,1,21,0,5,4,8,0,1,0,0,0,0,4,1,6,1,54,8,-1,-1,-1,-1,6,1,E01024172,0
Unvalidated,2024010516236,2024,010516236,1,9,0,99,9,9,99,9,9,99,9,99,1,9,6,3,-1,-1,-1,-1,-1,-1,4,1,E01002444,0
Unvalidated,2024010516236,2024,010516236,2,9,0,99,9,9,99,9,9,99,9,99,2,9,6,1,59,9,-1,-1,-1,-1,6,1,E01002614,0
Unvalidated,2024010516239,2024,010516239,1,3,0,99,9,9,99,9,9,99,9,99,9,1,6,1,33,6,-1,-1,-1,-1,5,1,E01004523,0
Unvalidated,2024010516239,2024,010516239,2,9,0,99,9,9,99,9,9,99,9,99,1,9,6,3,-1,-1,-1,-1,-1,-1,-1,-1,-1,0
Unvalidated,2024010516250,2024,010516250,1,5,0,13,5,1,0,1,5,0,3,2,1,1,6,1,55,8,-1,-1,-1,-1,-1,-1,-1,0
Unvalidated,2024010516250,2024,010516250,2,9,0,9,5,3,0,1,0,0,0,0,1,1,6,2,32,6,-1,-1,-1,-1,5,1,E01030747,0
Unvalidated,2024010516252,2024,010516252,1,9,0,9,7,5,0,6,0,0,0,0,4,1,6,1,48,8,-1,-1,-1,-1,-1,-1,-1,0
Unvalidated,2024010516252,2024,010516252,2,5,0,13,5,1,0,8,0,0,0,0,1,1,6,1,33,6,-1,-1,-1,-1,2,1,E01000992,0
Unvalidated,2024010516254,2024,010516254,1,9,0,18,5,1,0,1,0,0,0,0,3,1,6,1,17,4,-1,-1,-1,-1,5,1,E01001232,0