status,collision_index,collision_year,collision_reference,vehicle_reference,vehicle_type,towing_and_articulation,vehicle_manoeuvre,vehicle_direction_from,vehicle_direction_to,vehicle_location_restricted_lane,junction_location,skidding_and_overturning,hit_object_in_carriageway,vehicle_leaving_carriageway,hit_object_off_carriageway,first_point_of_impact,vehicle_left_hand_drive,journey_purpose_of_driver,sex_of_driver,age_of_driver,age_band_of_driver,engine_capacity_cc,propulsion_code,age_of_vehicle,generic_make_model,driver_imd_decile,driver_home_area_type,lsoa_of_driver,escooter_flag
Unvalidated,2024010516256,2024,010516256,1,1,9,99,9,9,99,9,9,99,9,99,9,1,2,1,27,6,-1,-1,-1,-1,4,1,E01002672,0
Unvalidated,2024010516256,2024,010516256,2,9,0,99,9,9,99,9,9,99,9,99,9,9,6,1,45,7,-1,-1,-1,-1,6,1,E01022640,0
Unvalidated,2024010516263,2024,010516263,1,9,0,5,5,1,0,6,0,4,0,0,2,1,6,3,-1,-1,-1,-1,-1,-1,-1,-1,-1,0
Unvalidated,2024010516263,2024,010516263,2,9,0,2,0,0,0,1,0,0,0,0,3,1,6,3,-1,-1,-1,-1,-1,-1,-1,-1,-1,0
Unvalidated,2024010516263,2024,010516263,3,9,0,2,0,0,0,2,0,0,0,0,2,1,6,3,-1,-1,-1,-1,-1,-1,-1,-1,-1,0
Unvalidated,2024010516264,2024,010516264,1,1,9,99,9,9,99,9,9,99,9,99,9,1,2,1,36,7,-1,-1,-1,-1,9,1,E01000272,0
Unvalidated,2024010516264,2024,010516264,2,9,0,99,9,9,99,9,9,99,9,99,1,9,6,1,48,8,-1,-1,-1,-1,4,1,E01001450,0
Unvalidated,2024010516267,2024,010516267,1,9,0,18,7,3,0,8,0,0,0,0,1,1,6,3,-1,-1,-1,-1,-1,-1,-1,-1,-1,0
Unvalidated,2024010516269,2024,010516269,1,9,0,18,7,3,0,0,0,0,0,0,2,1,6,1,52,8,-1,-1,-1,-1,4,1,E01003913,0
Unvalidated,2024010516269,2024,010516269,2,9,0,18,7,3,0,0,0,0,0,0,1,1,6,3,-1,-1,-1,-1,-1,-1,-1,-1,-1,0
Unvalidated,2024010516270,2024,010516270,1,9,0,18,1,5,0,4,0,0,3,2,1,1,6,1,35,6,-1,-1,-1,-1,-1,-1,-1,0
Unvalidated,2024010516276,2024,010516276,1,9,0,17,6,5,0,0,1,10,7,4,1,1,6,1,20,4,-1,-1,-1,-1,6,1,E01003469,0
Unvalidated,2024010516277,2024,010516277,1,9,0,18,3,7,0,8,1,0,0,0,1,1,6,1,22,5,-1,-1,-1,-1,-1,-1,-1,0
Unvalidated,2024010516277,2024,010516277,2,1,0,18,1,5,0,8,0,0,1,11,4,1,6,1,22,5,-1,-1,-1,-1,10,1,E01013113,0
Unvalidated,2024010516278,2024,010516278,1,9,0,18,3,7,0,4,1,0,1,2,1,1,6,1,24,5,-1,-1,-1,-1,2,1,E01004067,0
Unvalidated,2024010516282,2024,010516282,1,11,0,5,7,3,0,2,0,0,0,0,0,1,1,1,39,7,-1,-1,-1,-1,7,1,E01002514,0
Unvalidated,2024010516284,2024,010516284,1,1,0,18,7,3,0,1,0,0,0,0,1,1,6,1,23,5,-1,-1,-1,-1,2,1,E01001719,0
Unvalidated,2024010516285,2024,010516285,1,9,0,18,5,1,0,2,0,0,0,0,1,1,6,1,26,6,-1,-1,-1,-1,4,1,E01003376,0
Unvalidated,2024010516285,2024,010516285,2,10,0,18,1,5,0,1,0,0,0,0,3,1,1,1,51,8,-1,-1,-1,-1,2,1,E01000729,0
Unvalidated,2024010516286,2024,010516286,1,9,0,4,5,1,0,1,0,0,0,0,0,1,2,1,60,9,-1,-1,-1,-1,2,1,E01032772,0
Unvalidated,2024010516286,2024,010516286,2,1,0,18,5,1,0,8,0,0,0,0,3,1,6,1,29,6,-1,-1,-1,-1,2,1,E01002765,0
Unvalidated,2024010516290,2024,010516290,1,1,9,99,9,9,99,9,9,99,9,99,2,1,3,1,41,7,-1,-1,-1,-1,3,1,E01003263,0
Unvalidated,2024010516290,2024,010516290,2,19,9,99,9,9,99,9,9,99,9,99,1,9,6,3,-1,-1,-1,-1,-1,-1,-1,-1,-1,0
Unvalidated,2024010516293,2024,010516293,1,8,0,18,7,3,99,9,9,99,0,0,2,9,6,1,50,8,-1,-1,-1,-1,2,1,E01002072,0
Unvalidated,2024010516297,2024,010516297,1,9,0,7,3,5,0,1,0,0,0,0,1,1,6,3,-1,-1,-1,-1,-1,-1,-1,-1,-1,0
Unvalidated,2024010516297,2024,010516297,2,1,0,7,3,5,0,1,0,0,0,0,2,1,6,1,52,8,-1,-1,-1,-1,2,1,E01033148,0
Unvalidated,2024010516299,2024,010516299,1,9,0,18,1,5,0,1,2,7,1,6,1,1,6,1,21,5,-1,-1,-1,-1,-1,-1,-1,0
Unvalidated,2024010516299,2024,010516299,2,9,0,18,1,5,0,1,0,0,0,0,3,1,6,2,36,7,-1,-1,-1,-1,1,1,E01004335,0
Unvalidated,2024010516301,2024,010516301,1,19,0,7,5,7,0,5,0,0,0,0,1,1,6,1,58,9,-1,-1,-1,-1,1,1,E01002732,0
Unvalidated,2024010516302,2024,010516302,1,9,0,18,7,3,0,2,0,4,0,0,1,1,6,2,18,4,-1,-1,-1,-1,7,1,E01024137,0
Unvalidated,2024010516302,2024,010516302,2,9,0,4,7,3,0,2,0,0,0,0,2,1,2,1,40,7,-1,-1,-1,-1,4,1,E01000408,0
Unvalidated,2024010516304,2024,010516304,1,9,0,4,1,5,0,2,0,8,0,0,4,2,6,1,48,8,-1,-1,-1,-1,-1,-1,-1,0
Unvalidated,2024010516304,2024,010516304,2,1,0,14,1,5,0,2,0,8,0,0,1,1,1,1,25,5,-1,-1,-1,-1,2,1,E01032569,0
Unvalidated,2024010516310,2024,010516310,1,9,0,3,7,3,0,1,0,0,0,0,3,1,6,1,30,6,-1,-1,-1,-1,2,1,E01004696,0
Unvalidated,2024010516310,2024,010516310,2,1,0,14,7,3,0,1,0,8,0,0,4,1,6,1,60,9,-1,-1,-1,-1,3,1,E01004698,0
Unvalidated,2024010516313,2024,010516313,1,9,0,18,5,1,0,2,0,0,0,0,1,1,6,1,38,7,-1,-1,-1,-1,4,1,E01002641,0
Unvalidated,2024010516314,2024,010516314,1,3,0,13,1,5,0,2,0,4,0,0,3,1,1,1,36,7,-1,-1,-1,-1,4,1,E01004254,0
Unvalidated,2024010516314,2024,010516314,2,9,0,2,0,0,0,2,0,0,0,0,4,1,6,3,-1,-1,-1,-1,-1,-1,-1,-1,-1,0
Unvalidated,2024010516315,2024,010516315,1,19,0,99,9,9,99,9,9,99,9,99,2,9,2,1,29,6,-1,-1,-1,-1,10,1,E01030331,0
Unvalidated,2024010516315,2024,010516315,2,11,0,99,9,9,0,9,0,99,9,99,9,1,6,3,-1,-1,-1,-1,-1,-1,-1,-1,-1,0
Unvalidated,2024010516319,2024,010516319,1,3,0,99,9,9,99,9,9,99,9,99,1,1,1,1,23,5,-1,-1,-1,-1,3,1,E01002133,0
Unvalidated,2024010516319,2024,010516319,2,9,0,99,9,9,99,9,9,99,9,99,9,9,6,3,-1,-1,-1,-1,-1,-1,-1,-1,-1,0
Unvalidated,2024010516322,2024,010516322,1,9,0,7,5,8,0,5,0,0,0,0,1,1,6,2,66,10,-1,-1,-1,-1,1,1,E01001549,0
Unvalidated,2024010516322,2024,010516322,2,1,0,18,5,1,4,1,0,0,0,0,1,1,6,1,18,4,-1,-1,-1,-1,3,1,E01004342,0
Unvalidated,2024010516325,2024,010516325,1,9,0,5,3,7,0,8,0,0,0,0,1,1,6,1,38,7,-1,-1,-1,-1,2,1,E01001437,0
Unvalidated,2024010516326,2024,010516326,1,9,0,4,3,7,0,0,1,0,0,0,2,1,6,1,22,5,-1,-1,-1,-1,7,1,E01029735,0
Unvalidated,2024010516326,2024,010516326,2,19,0,18,3,7,0,0,0,0,0,0,1,1,6,3,-1,-1,-1,-1,-1,-1,-1,-1,-1,0
Unvalidated,2024010516334,2024,010516334,1,9,0,18,5,1,0,0,0,0,0,0,1,1,6,3,-1,-1,-1,-1,-1,-1,-1,-1,-1,0
Unvalidated,2024010516334,2024,010516334,2,9,0,3,5,1,0,0,0,0,0,0,2,1,6,1,42,7,-1,-1,-1,-1,8,1,E01004543,0
Unvalidated,2024010516335,2024,010516335,1,3,0,99,9,9,99,9,9,99,9,99,1,1,2,1,20,4,-1,-1,-1,-1,2,1,E01002077,0
Unvalidated,2024010516335,2024,010516335,2,19,0,99,9,9,99,9,9,99,9,99,9,9,6,3,-1,-1,-1,-1,-1,-1,-1,-1,-1,0
Unvalidated,2024010516336,2024,010516336,1,1,9,99,9,9,99,9,9,99,9,99,1,1,6,1,28,6,-1,-1,-1,-1,1,1,E01004311,0
Unvalidated,2024010516336,2024,010516336,2,9,0,99,9,9,99,9,9,99,9,99,9,9,6,3,-1,-1,-1,-1,-1,-1,-1,-1,-1,0
Unvalidated,2024010516338,2024,010516338,1,9,0,10,2,1,0,1,0,0,0,0,2,1,6,1,33,6,-1,-1,-1,-1,3,1,E01001981,0
Unvalidated,2024010516338,2024,010516338,2,3,0,18,2,6,0,1,0,0,0,0,1,1,1,1,23,5,-1,-1,-1,-1,5,1,E01004646,0
Unvalidated,2024010516342,2024,010516342,1,9,0,4,5,1,0,0,0,0,0,0,1,1,6,1,38,7,-1,-1,-1,-1,2,1,E01000104,0
Unvalidated,2024010516342,2024,010516342,2,9,0,4,5,1,0,0,0,0,0,0,0,1,2,1,20,4,-1,-1,-1,-1,9,3,E01024440,0
Unvalidated,2024010516343,2024,010516343,1,3,0,4,7,3,0,3,0,0,0,0,2,1,1,1,22,5,-1,-1,-1,-1,3,1,E01003534,0
Unvalidated,2024010516343,2024,010516343,2,9,0,18,7,3,0,3,0,0,0,0,1,1,6,1,32,6,-1,-1,-1,-1,1,1,E01004469,0
Unvalidated,2024010516343,2024,010516343,3,9,0,18,7,3,0,3,0,0,0,0,1,1,6,1,31,6,-1,-1,-1,-1,4,1,E01003740,0
Unvalidated,2024010516344,2024,010516344,1,4,0,14,4,8,0,1,0,0,0,0,1,1,6,1,24,5,-1,-1,-1,-1,2,1,E01004725,0
Unvalidated,2024010516346,2024,010516346,1,1,0,7,2,5,9,6,0,0,1,0,1,1,6,1,23,5,-1,-1,-1,-1,2,1,E01001754,0
Unvalidated,2024010516347,2024,010516347,1,9,0,99,9,9,99,9,9,99,9,99,2,9,6,1,29,6,-1,-1,-1,-1,-1,-1,-1,0
Unvalidated,2024010516347,2024,010516347,2,9,0,99,9,9,99,9,9,99,9,99,1,9,6,1,18,4,-1,-1,-1,-1,10,1,E01027086,0
Unvalidated,2024010516350,2024,010516350,1,1,9,18,9,9,99,9,9,99,9,99,1,1,6,1,34,6,-1,-1,-1,-1,5,1,E01003080,0
Unvalidated,2024010516350,2024,010516350,2,9,0,6,9,9,99,9,9,99,9,99,9,9,6,3,-1,-1,-1,-1,-1,-1,-1,-1,-1,0
Unvalidated,2024010516354,2024,010516354,1,9,0,9,5,4,0,6,0,0,0,0,2,1,6,1,56,9,-1,-1,-1,-1,-1,-1,-1,0
Unvalidated,2024010516354,2024,010516354,2,3,0,14,1,5,0,2,0,0,0,0,3,1,1,1,31,6,-1,-1,-1,-1,4,1,E01004612,0
Unvalidated,2024010516357,2024,010516357,1,19,0,18,1,5,0,0,1,0,0,0,1,1,1,1,19,4,-1,-1,-1,-1,5,1,E01002399,0
Unvalidated,2024010516357,2024,010516357,2,9,0,18,1,5,0,0,0,0,0,0,2,1,2,2,25,5,-1,-1,-1,-1,2,1,E01002493,0
Unvalidated,2024010516357,2024,010516357,3,9,0,18,1,5,0,0,0,0,0,0,2,1,6,2,31,6,-1,-1,-1,-1,3,1,E01002620,0
Unvalidated,2024010516358,2024,010516358,1,9,0,9,1,7,0,5,0,0,1,0,1,1,6,2,51,8,-1,-1,-1,-1,4,1,E01001194,0
Unvalidated,2024010516358,2024,010516358,2,23,0,9,5,3,0,5,0,0,7,0,1,1,6,1,28,6,-1,-1,-1,-1,2,1,E01001161,0
Unvalidated,2024010516363,2024,010516363,1,9,0,99,9,9,99,9,9,99,9,99,9,9,6,3,-1,-1,-1,-1,-1,-1,3,1,E01001213,0
Unvalidated,2024010516365,2024,010516365,1,11,0,4,3,7,0,2,0,0,0,0,0,1,1,1,21,5,-1,-1,-1,-1,2,1,E01002090,0
Unvalidated,2024010516369,2024,010516369,1,1,0,18,7,3,0,0,0,0,1,0,0,1,6,1,58,9,-1,-1,-1,-1,6,1,E01032780,0
Unvalidated,2024010516370,2024,010516370,1,9,0,4,3,7,0,1,0,0,0,0,1,1,6,1,28,6,-1,-1,-1,-1,2,1,E01003508,0
Unvalidated,2024010516370,2024,010516370,2,9,0,4,3,7,0,1,0,0,0,0,2,1,6,2,28,6,-1,-1,-1,-1,4,1,E01004380,0
Unvalidated,2024010516372,2024,010516372,1,1,0,18,5,1,0,1,0,0,0,0,2,1,6,1,29,6,-1,-1,-1,-1,2,1,E01001202,0
Unvalidated,2024010516372,2024,010516372,2,9,0,18,5,1,0,1,0,0,0,0,1,1,6,3,-1,-1,-1,-1,-1,-1,-1,-1,-1,0
Unvalidated,2024010516373,2024,010516373,1,9,0,18,9,9,99,0,9,99,9,99,1,9,6,2,26,6,-1,-1,-1,-1,2,1,E01003239,0
Unvalidated,2024010516373,2024,010516373,2,9,0,6,9,9,99,0,9,99,9,99,9,9,6,3,-1,-1,-1,-1,-1,-1,4,1,E01003757,0
Unvalidated,2024010516374,2024,010516374,1,90,9,18,1,5,99,9,9,99,9,99,9,9,6,1,-1,-1,-1,-1,-1,-1,2,1,E01033705,1
Unvalidated,2024010516375,2024,010516375,1,1,9,99,9,9,99,9,9,99,9,99,0,1,6,1,38,7,-1,-1,-1,-1,2,1,E01001943,0
Unvalidated,2024010516375,2024,010516375,2,9,0,99,9,9,99,9,9,99,9,99,9,9,6,2,32,6,-1,-1,-1,-1,10,2,E01022888,0
Unvalidated,2024010516376,2024,010516376,1,8,0,18,7,3,0,1,0,0,0,0,4,1,6,1,46,8,-1,-1,-1,-1,7,1,E01002812,0
Unvalidated,2024010516382,2024,010516382,1,9,0,99,9,9,99,9,9,99,9,99,1,9,6,1,26,6,-1,-1,-1,-1,6,1,E01003398,0
Unvalidated,2024010516382,2024,010516382,2,9,9,99,9,9,99,9,9,99,9,99,9,1,6,3,-1,-1,-1,-1,-1,-1,-1,-1,-1,0
Unvalidated,2024010516389,2024,010516389,1,9,0,18,3,7,0,1,0,0,0,0,0,1,2,1,23,5,-1,-1,-1,-1,5,1,E01003703,0
Unvalidated,2024010516389,2024,010516389,2,1,0,18,5,1,0,1,0,0,0,0,1,1,6,1,23,5,-1,-1,-1,-1,-1,-1,-1,0
Unvalidated,2024010516394,2024,010516394,1,9,0,99,9,9,99,0,9,99,9,99,2,9,2,2,39,7,-1,-1,-1,-1,4,1,E01001939,0
Unvalidated,2024010516394,2024,010516394,2,97,0,99,9,9,99,0,9,99,9,99,1,1,6,3,-1,-1,-1,-1,-1,-1,2,1,E01000959,0
Unvalidated,2024010516395,2024,010516395,1,9,9,99,9,9,99,9,9,99,9,99,9,9,6,1,37,7,-1,-1,-1,-1,6,1,E01001309,0
Unvalidated,2024010516395,2024,010516395,2,9,0,99,9,9,99,9,9,99,9,99,2,9,6,1,29,6,-1,-1,-1,-1,3,1,E01001368,0
Unvalidated,2024010516400,2024,010516400,1,9,0,99,9,9,99,1,0,99,9,99,2,1,6,1,56,9,-1,-1,-1,-1,7,1,E01002329,0
Unvalidated,2024010516400,2024,010516400,2,9,0,18,7,3,99,9,9,99,9,99,1,1,6,3,-1,-1,-1,-1,-1,-1,-1,-1,-1,0
Unvalidated,2024010516402,2024,010516402,1,9,0,99,9,9,99,0,9,99,9,99,3,9,1,1,50,8,-1,-1,-1,-1,4,1,E01001459,0
Unvalidated,2024010516402,2024,010516402,2,9,0,99,9,9,99,0,9,99,9,99,3,9,6,3,-1,-1,-1,-1,-1,-1,-1,-1,-1,0
Unvalidated,2024010516405,2024,010516405,1,1,9,99,9,9,99,9,9,8,9,99,1,1,6,2,53,8,-1,-1,-1,-1,8,1,E01004582,0
Unvalidated,2024010516405,2024,010516405,2,9,9,99,9,9,8,9,5,12,9,99,4,9,6,3,-1,-1,-1,-1,-1,-1,-1,-1,-1,0
Unvalidated,2024010516408,2024,010516408,1,9,0,99,9,9,99,9,9,99,9,99,1,9,6,2,20,4,-1,-1,-1,-1,1,1,E01001545,0
Unvalidated,2024010516408,2024,010516408,2,9,0,99,9,9,99,9,9,99,9,99,1,9,6,3,-1,-1,-1,-1,-1,-1,3,1,E01023310,0
Unvalidated,2024010516409,2024,010516409,1,1,0,18,5,1,5,6,0,0,0,0,1,1,6,3,23,5,-1,-1,-1,-1,3,1,E01002695,0
Unvalidated,2024010516409,2024,010516409,2,1,0,18,5,1,5,6,0,0,0,0,1,1,6,2,31,6,-1,-1,-1,-1,7,2,W01000597,0
Unvalidated,2024010516411,2024,010516411,1,9,0,99,9,9,99,9,9,99,9,99,1,9,6,3,-1,-1,-1,-1,-1,-1,-1,-1,-1,0
Unvalidated,2024010516411,2024,010516411,2,9,0,99,9,9,99,9,9,99,9,99,2,9,6,2,22,5,-1,-1,-1,-1,3,1,E01002502,0
Unvalidated,2024010516414,2024,010516414,1,9,0,18,3,7,0,1,0,0,0,0,9,1,6,1,24,5,-1,-1,-1,-1,5,1,E01003751,0
Unvalidated,2024010516415,2024,010516415,1,9,0,9,7,4,0,8,0,0,0,0,3,1,1,1,34,6,-1,-1,-1,-1,1,1,E01020972,0
Unvalidated,2024010516415,2024,010516415,2,3,0,18,7,3,0,1,0,0,0,0,1,1,1,1,23,5,-1,-1,-1,-1,-1,-1,-1,0
Unvalidated,2024010516417,2024,010516417,1,2,0,18,7,3,0,8,0,0,0,0,2,1,6,1,20,4,-1,-1,-1,-1,3,1,E01004735,0
Unvalidated,2024010516417,2024,010516417,2,9,0,9,7,6,0,8,0,0,0,0,1,1,1,1,38,7,-1,-1,-1,-1,5,1,E01016461,0
Unvalidated,2024010516422,2024,010516422,1,1,9,99,9,9,99,9,9,99,9,99,1,1,2,1,22,5,-1,-1,-1,-1,3,1,E01004012,0
Unvalidated,2024010516422,2024,010516422,2,9,0,99,9,9,99,9,9,99,9,99,1,9,6,3,18,4,-1,-1,-1,-1,6,1,E01004481,0
Unvalidated,2024010516423,2024,010516423,1,11,0,18,7,3,0,1,0,0,0,0,4,1,1,1,27,6,-1,-1,-1,-1,2,1,E01004201,0
Unvalidated,2024010516429,2024,010516429,1,9,0,3,7,3,0,0,0,0,0,0,2,1,1,1,31,6,-1,-1,-1,-1,2,1,E01003507,0
Unvalidated,2024010516429,2024,010516429,2,9,0,4,7,3,0,0,1,0,0,0,1,1,1,2,24,5,-1,-1,-1,-1,2,1,E01003507,0
Unvalidated,2024010516429,2024,010516429,3,9,0,1,7,3,0,0,0,0,0,0,0,1,6,3,-1,-1,-1,-1,-1,-1,-1,-1,-1,0
Unvalidated,2024010516431,2024,010516431,1,2,0,18,6,2,0,1,0,0,0,0,0,1,6,1,29,6,-1,-1,-1,-1,2,1,E01001719,0
Unvalidated,2024010516431,2024,010516431,2,9,0,9,1,6,0,2,0,0,0,0,0,1,6,1,36,7,-1,-1,-1,-1,4,1,E01001939,0
Unvalidated,2024010516436,2024,010516436,1,9,0,18,1,5,0,1,0,0,0,0,1,1,1,1,39,7,-1,-1,-1,-1,1,1,E01000891,0
Unvalidated,2024010516436,2024,010516436,2,9,0,18,1,5,0,1,0,0,0,0,1,1,6,1,-1,-1,-1,-1,-1,-1,2,1,E01002075,0
Unvalidated,2024010516450,2024,010516450,1,2,0,18,5,1,0,2,2,7,2,10,1,1,6,1,22,5,-1,-1,-1,-1,2,1,E01000998,0
Unvalidated,2024010516450,2024,010516450,2,9,0,7,5,8,0,8,0,0,0,0,1,1,6,1,49,8,-1,-1,-1,-1,4,1,E01001090,0
Unvalidated,2024010516451,2024,010516451,1,9,0,4,3,7,0,0,0,0,0,0,2,2,1,2,33,6,-1,-1,-1,-1,-1,-1,-1,0
Unvalidated,2024010516451,2024,010516451,2,11,0,4,3,7,0,0,0,0,0,0,1,1,1,1,32,6,-1,-1,-1,-1,2,1,E01002664,0
Unvalidated,2024010516453,2024,010516453,1,9,0,18,7,3,0,2,5,7,0,0,1,1,6,1,23,5,-1,-1,-1,-1,8,1,E01003225,0
Unvalidated,2024010516454,2024,010516454,1,1,9,99,9,9,99,9,9,0,0,0,9,1,6,1,-1,-1,-1,-1,-1,-1,-1,-1,-1,0
Unvalidated,2024010516456,2024,010516456,1,9,0,18,1,5,0,1,0,0,0,0,1,1,1,1,59,9,-1,-1,-1,-1,-1,-1,-1,0
Unvalidated,2024010516456,2024,010516456,2,1,0,16,3,7,4,1,0,0,0,0,1,1,6,1,41,7,-1,-1,-1,-1,3,1,E01004337,0
Unvalidated,2024010516458,2024,010516458,1,9,9,18,5,1,99,9,9,99,9,99,9,9,6,3,-1,-1,-1,-1,-1,-1,-1,-1,-1,0
Unvalidated,2024010516458,2024,010516458,2,9,9,2,0,0,99,9,9,99,9,99,9,9,6,3,-1,-1,-1,-1,-1,-1,-1,-1,-1,0
Unvalidated,2024010516460,2024,010516460,1,1,9,99,9,9,99,0,9,8,9,99,1,1,2,1,23,5,-1,-1,-1,-1,7,1,E01018165,0
Unvalidated,2024010516460,2024,010516460,2,9,0,99,9,9,99,0,9,99,9,99,9,9,6,3,-1,-1,-1,-1,-1,-1,-1,-1,-1,0
Unvalidated,2024010516462,2024,010516462,1,1,0,18,1,5,0,8,0,0,0,0,1,1,6,2,29,6,-1,-1,-1,-1,7,1,E01000849,0
Unvalidated,2024010516462,2024,010516462,2,9,0,18,7,3,0,8,0,0,0,0,1,1,6,1,36,7,-1,-1,-1,-1,1,1,E01000552,0
Unvalidated,2024010516464,2024,010516464,1,9,0,99,9,9,99,9,9,99,9,99,1,9,6,3,58,9,-1,-1,-1,-1,3,1,E01001004,0
Unvalidated,2024010516473,2024,010516473,1,9,0,18,7,3,0,1,0,4,0,0,1,1,6,2,69,10,-1,-1,-1,-1,9,1,E01003883,0
Unvalidated,2024010516473,2024,010516473,2,9,0,2,0,0,0,1,0,0,0,0,3,1,6,3,-1,-1,-1,-1,-1,-1,-1,-1,-1,0
Unvalidated,2024010516475,2024,010516475,1,9,0,18,4,8,0,0,1,11,2,7,1,1,6,1,58,9,-1,-1,-1,-1,-1,-1,-1,0
Unvalidated,2024010516478,2024,010516478,1,9,0,99,9,9,99,9,9,99,9,99,1,9,6,3,-1,-1,-1,-1,-1,-1,2,1,E01000603,0
Unvalidated,2024010516478,2024,010516478,2,9,0,99,9,9,99,9,9,99,9,99,2,9,6,1,36,7,-1,-1,-1,-1,7,1,E01002198,0
Unvalidated,2024010516482,2024,010516482,1,9,0,18,3,7,0,0,0,0,0,0,3,1,6,2,27,6,-1,-1,-1,-1,3,1,E01001673,0
Unvalidated,2024010516484,2024,010516484,1,3,0,16,5,1,0,8,0,0,0,0,1,1,6,1,36,7,-1,-1,-1,-1,4,1,E01003186,0
Unvalidated,2024010516487,2024,010516487,1,9,0,99,9,9,99,0,9,99,9,99,9,1,6,3,-1,-1,-1,-1,-1,-1,10,1,E01016606,0
Unvalidated,2024010516487,2024,010516487,2,1,9,99,9,9,99,0,9,8,9,99,9,1,1,2,38,7,-1,-1,-1,-1,8,1,E01003812,0
Unvalidated,2024010516490,2024,010516490,1,9,0,18,3,7,0,1,0,0,0,0,2,1,6,2,32,6,-1,-1,-1,-1,-1,-1,-1,0
Unvalidated,2024010516490,2024,010516490,2,9,0,18,3,7,0,1,0,0,0,0,1,1,6,1,34,6,-1,-1,-1,-1,-1,-1,-1,0
Unvalidated,2024010516499,2024,010516499,1,9,0,13,7,3,0,0,0,0,0,0,1,1,6,1,40,7,-1,-1,-1,-1,2,1,E01002077,0
Unvalidated,2024010516499,2024,010516499,2,90,0,18,3,7,0,0,0,0,0,0,1,1,6,1,23,5,-1,-1,-1,-1,2,1,E01001491,1
Unvalidated,2024010516501,2024,010516501,1,3,0,99,9,9,99,9,9,99,9,99,1,1,6,1,-1,-1,-1,-1,-1,-1,2,1,E01004341,0
Unvalidated,2024010516501,2024,010516501,2,9,0,99,9,9,99,9,9,99,9,99,1,9,6,1,31,6,-1,-1,-1,-1,7,1,E01003064,0
Unvalidated,2024010516502,2024,010516502,1,1,9,99,9,9,99,0,9,99,9,99,0,1,2,1,35,6,-1,-1,-1,-1,6,1,E01001245,0
Unvalidated,2024010516502,2024,010516502,2,9,0,99,9,9,99,0,9,99,9,99,0,9,6,2,34,6,-1,-1,-1,-1,6,1,E01001272,0
Unvalidated,2024010516503,2024,010516503,1,5,0,18,5,1,0,4,0,0,0,0,0,1,6,1,41,7,-1,-1,-1,-1,5,1,E01002145,0
Unvalidated,2024010516503,2024,010516503,2,9,0,18,1,5,0,4,0,0,0,0,0,2,6,3,24,5,-1,-1,-1,-1,-1,-1,-1,0
Unvalidated,2024010516505,2024,010516505,1,90,0,18,6,2,0,1,0,10,0,0,4,2,6,2,25,5,-1,-1,-1,-1,4,1,E01002180,1
Unvalidated,2024010516509,2024,010516509,1,1,9,99,9,9,99,9,9,99,9,99,9,1,6,1,19,4,-1,-1,-1,-1,3,1,E01004630,0
Unvalidated,2024010516509,2024,010516509,2,9,0,99,9,9,99,9,9,99,9,99,1,9,6,2,29,6,-1,-1,-1,-1,3,1,E01004540,0
Unvalidated,2024010516510,2024,010516510,1,1,9,99,9,9,99,9,9,99,9,99,1,1,6,1,25,5,-1,-1,-1,-1,9,1,E01004596,0
Unvalidated,2024010516510,2024,010516510,2,9,0,99,9,9,99,9,9,99,9,99,1,9,6,3,90,11,-1,-1,-1,-1,5,1,E01004475,0
Unvalidated,2024010516511,2024,010516511,1,9,0,99,9,9,99,9,9,99,9,99,9,9,6,1,76,11,-1,-1,-1,-1,2,1,E01000433,0
Unvalidated,2024010516513,2024,010516513,1,9,0,99,9,9,99,9,9,99,9,99,2,9,2,2,39,7,-1,-1,-1,-1,3,1,E01000641,0
Unvalidated,2024010516513,2024,010516513,2,9,0,99,9,9,99,9,9,99,9,99,2,9,6,3,-1,-1,-1,-1,-1,-1,-1,-1,-1,0
Unvalidated,2024010516515,2024,010516515,1,9,0,5,1,5,0,4,0,0,0,0,2,1,6,2,66,10,-1,-1,-1,-1,1,1,E01033604,0
Unvalidated,2024010516515,2024,010516515,2,1,0,17,7,3,4,8,0,0,0,0,1,1,6,1,51,8,-1,-1,-1,-1,6,1,E01001319,0
Unvalidated,2024010516523,2024,010516523,1,9,0,18,3,7,0,1,0,0,0,0,1,1,6,1,25,5,-1,-1,-1,-1,2,1,E01001515,0
Unvalidated,2024010516524,2024,010516524,1,98,0,99,9,9,99,0,9,99,9,99,1,9,6,1,57,9,-1,-1,-1,-1,7,2,E01032717,0
Unvalidated,2024010516525,2024,010516525,1,9,0,9,2,7,9,8,0,0,0,0,1,1,6,1,18,4,-1,-1,-1,-1,6,1,E01032767,0
Unvalidated,2024010516525,2024,010516525,2,9,0,5,7,3,0,8,0,0,0,0,1,1,6,1,52,8,-1,-1,-1,-1,7,1,E01004597,0
Unvalidated,2024010516525,2024,010516525,3,19,0,5,7,3,0,8,0,0,0,0,4,1,6,1,57,9,-1,-1,-1,-1,9,1,E01023461,0
Unvalidated,2024010516527,2024,010516527,1,9,0,18,7,3,0,1,0,4,0,0,1,1,6,1,56,9,-1,-1,-1,-1,3,1,E01004038,0