status,collision_index,collision_year,collision_reference,vehicle_reference,vehicle_type,towing_and_articulation,vehicle_manoeuvre,vehicle_direction_from,vehicle_direction_to,vehicle_location_restricted_lane,junction_location,skidding_and_overturning,hit_object_in_carriageway,vehicle_leaving_carriageway,hit_object_off_carriageway,first_point_of_impact,vehicle_left_hand_drive,journey_purpose_of_driver,sex_of_driver,age_of_driver,age_band_of_driver,engine_capacity_cc,propulsion_code,age_of_vehicle,generic_make_model,driver_imd_decile,driver_home_area_type,lsoa_of_driver,escooter_flag
Unvalidated,2024010516527,2024,010516527,2,9,0,2,0,0,0,1,0,0,0,0,3,1,6,3,-1,-1,-1,-1,-1,-1,-1,-1,-1,0
Unvalidated,2024010516527,2024,010516527,3,9,0,2,0,0,0,1,0,0,0,0,2,1,6,3,-1,-1,-1,-1,-1,-1,-1,-1,-1,0
Unvalidated,2024010516532,2024,010516532,1,90,0,18,1,5,0,2,0,0,0,0,1,1,6,1,58,9,-1,-1,-1,-1,2,1,E01001820,1
Unvalidated,2024010516533,2024,010516533,1,9,0,9,1,6,0,1,0,0,0,0,3,1,6,1,33,6,-1,-1,-1,-1,2,1,E01004725,0
Unvalidated,2024010516533,2024,010516533,2,3,0,18,1,5,1,1,0,0,0,0,1,1,6,2,38,7,-1,-1,-1,-1,3,1,E01000506,0
Unvalidated,2024010516536,2024,010516536,1,9,0,9,3,1,9,5,0,10,1,11,1,1,6,1,29,6,-1,-1,-1,-1,-1,-1,-1,0
Unvalidated,2024010516538,2024,010516538,1,3,0,18,1,5,0,1,0,0,0,0,4,1,1,1,18,4,-1,-1,-1,-1,4,1,E01004177,0
Unvalidated,2024010516538,2024,010516538,2,9,0,9,4,1,0,6,0,0,0,0,1,1,6,3,-1,-1,-1,-1,-1,-1,-1,-1,-1,0
Unvalidated,2024010516539,2024,010516539,1,9,0,9,7,5,0,5,0,0,0,0,1,1,6,2,41,7,-1,-1,-1,-1,10,1,E01000707,0
Unvalidated,2024010516539,2024,010516539,2,5,0,5,5,1,0,1,1,0,0,0,1,1,6,1,59,9,-1,-1,-1,-1,7,1,E01004018,0
Unvalidated,2024010516540,2024,010516540,1,9,0,18,5,1,0,9,0,10,9,10,9,1,6,2,22,5,-1,-1,-1,-1,1,1,E01002852,0
Unvalidated,2024010516540,2024,010516540,2,9,9,99,9,9,99,9,9,99,9,99,9,9,6,3,-1,-1,-1,-1,-1,-1,-1,-1,-1,0
Unvalidated,2024010516546,2024,010516546,1,9,0,9,7,5,0,5,0,10,0,0,1,1,6,1,49,8,-1,-1,-1,-1,1,1,E01002790,0
Unvalidated,2024010516546,2024,010516546,2,9,0,18,3,7,0,8,0,0,0,0,1,1,6,2,37,7,-1,-1,-1,-1,6,1,E01023858,0
Unvalidated,2024010516547,2024,010516547,1,9,0,18,3,7,0,1,0,0,3,0,3,1,6,1,41,7,-1,-1,-1,-1,8,1,E01003455,0
Unvalidated,2024010516547,2024,010516547,2,1,0,5,1,5,0,8,0,0,0,0,1,1,6,1,10,2,-1,-1,-1,-1,6,1,E01003393,0
Unvalidated,2024010516548,2024,010516548,1,9,0,9,7,4,0,1,0,0,0,0,1,1,6,1,74,10,-1,-1,-1,-1,6,1,E01003273,0
Unvalidated,2024010516548,2024,010516548,2,9,0,18,6,2,0,1,0,0,0,0,4,1,6,1,40,7,-1,-1,-1,-1,2,1,E01003253,0
Unvalidated,2024010516549,2024,010516549,1,9,0,18,5,1,0,1,0,0,0,0,1,1,6,3,-1,-1,-1,-1,-1,-1,-1,-1,-1,0
Unvalidated,2024010516549,2024,010516549,2,9,0,18,7,3,0,1,1,0,3,11,1,1,6,2,66,10,-1,-1,-1,-1,4,1,E01001297,0
Unvalidated,2024010516554,2024,010516554,1,3,0,11,6,2,0,1,0,0,0,0,1,1,6,1,35,6,-1,-1,-1,-1,4,1,E01004569,0
Unvalidated,2024010516554,2024,010516554,2,9,0,8,5,7,0,1,0,0,0,0,4,2,6,3,-1,-1,-1,-1,-1,-1,-1,-1,-1,0
Unvalidated,2024010516554,2024,010516554,3,9,0,18,5,7,0,8,0,0,0,0,1,1,6,3,-1,-1,-1,-1,-1,-1,-1,-1,-1,0
Unvalidated,2024010516555,2024,010516555,1,9,0,18,7,3,0,0,0,0,0,0,2,1,1,2,73,10,-1,-1,-1,-1,2,1,E01001423,0
Unvalidated,2024010516555,2024,010516555,2,9,0,18,7,3,0,0,0,0,0,0,1,1,6,1,37,7,-1,-1,-1,-1,-1,-1,-1,0
Unvalidated,2024010516557,2024,010516557,1,9,0,18,3,7,0,0,0,0,0,0,4,1,6,3,-1,-1,-1,-1,-1,-1,-1,-1,-1,0
Unvalidated,2024010516559,2024,010516559,1,9,0,13,7,3,0,2,0,0,0,0,3,1,6,1,19,4,-1,-1,-1,-1,2,1,E01004235,0
Unvalidated,2024010516559,2024,010516559,2,9,0,4,3,7,0,1,0,0,0,0,3,1,6,1,36,7,-1,-1,-1,-1,2,1,E01003611,0
Unvalidated,2024010516559,2024,010516559,3,11,0,5,7,3,2,1,0,0,0,0,3,1,1,1,54,8,-1,-1,-1,-1,8,1,E01002340,0
Unvalidated,2024010516559,2024,010516559,4,9,0,18,1,5,0,1,0,0,0,0,0,1,6,1,42,7,-1,-1,-1,-1,6,1,E01002293,0
Unvalidated,2024010516562,2024,010516562,1,9,0,18,3,7,0,0,0,0,0,0,4,1,6,3,-1,-1,-1,-1,-1,-1,2,1,E01004321,0
Unvalidated,2024010516562,2024,010516562,2,3,0,18,3,7,0,0,0,0,0,0,1,1,6,1,25,5,-1,-1,-1,-1,2,1,E01004252,0
Unvalidated,2024010516567,2024,010516567,1,11,0,18,5,1,0,0,0,0,0,0,1,1,1,1,34,6,-1,-1,-1,-1,4,1,E01001148,0
Unvalidated,2024010516568,2024,010516568,1,9,0,3,1,5,0,1,0,0,0,0,2,1,6,1,43,7,-1,-1,-1,-1,9,2,E01018221,0
Unvalidated,2024010516568,2024,010516568,2,9,0,18,1,5,0,1,0,0,0,0,1,1,6,1,50,8,-1,-1,-1,-1,9,1,E01030706,0
Unvalidated,2024010516569,2024,010516569,1,9,0,7,1,3,0,4,0,0,0,0,1,1,6,2,26,6,-1,-1,-1,-1,5,1,E01000338,0
Unvalidated,2024010516569,2024,010516569,2,9,0,18,7,3,0,4,0,0,0,0,1,1,6,1,40,7,-1,-1,-1,-1,4,1,E01000405,0
Unvalidated,2024010516572,2024,010516572,1,9,0,99,9,9,99,9,9,99,9,99,1,9,2,1,33,6,-1,-1,-1,-1,8,1,E01000136,0
Unvalidated,2024010516572,2024,010516572,2,90,9,99,9,9,99,9,9,99,9,99,9,9,6,2,60,9,-1,-1,-1,-1,-1,-1,-1,1
Unvalidated,2024010516576,2024,010516576,1,9,0,99,9,9,99,9,9,99,9,99,2,9,6,2,-1,-1,-1,-1,-1,-1,3,1,E01000373,0
Unvalidated,2024010516577,2024,010516577,1,9,0,9,2,8,0,1,0,0,0,0,1,1,1,1,49,8,-1,-1,-1,-1,6,1,E01002162,0
Unvalidated,2024010516577,2024,010516577,2,1,0,8,6,1,0,1,0,0,0,0,3,1,6,1,30,6,-1,-1,-1,-1,4,1,E01002802,0
Unvalidated,2024010516579,2024,010516579,1,9,0,99,9,9,99,0,9,99,9,99,9,9,6,1,42,7,-1,-1,-1,-1,-1,-1,-1,0
Unvalidated,2024010516579,2024,010516579,2,9,0,99,9,9,99,0,9,99,9,99,9,9,6,1,41,7,-1,-1,-1,-1,4,1,E01003255,0
Unvalidated,2024010516580,2024,010516580,1,1,9,99,9,9,99,9,9,99,9,99,9,1,2,1,67,10,-1,-1,-1,-1,5,1,E01001350,0
Unvalidated,2024010516580,2024,010516580,2,98,0,99,9,9,99,9,9,99,9,99,9,9,6,1,28,6,-1,-1,-1,-1,5,3,E01018213,0
Unvalidated,2024010516583,2024,010516583,1,9,0,18,7,3,0,1,0,0,0,0,1,1,6,1,63,9,-1,-1,-1,-1,-1,-1,-1,0
Unvalidated,2024010516583,2024,010516583,2,9,0,18,7,3,0,1,0,0,0,0,2,1,6,2,65,9,-1,-1,-1,-1,6,1,E01029919,0
Unvalidated,2024010516585,2024,010516585,1,19,0,5,7,3,0,6,0,0,0,0,1,1,6,1,24,5,-1,-1,-1,-1,-1,-1,-1,0
Unvalidated,2024010516597,2024,010516597,1,3,0,99,9,9,99,9,9,99,9,99,9,1,1,2,33,6,-1,-1,-1,-1,3,1,E01003250,0
Unvalidated,2024010516597,2024,010516597,2,9,9,99,9,9,99,9,9,99,9,99,9,9,6,3,-1,-1,-1,-1,-1,-1,2,1,E01033216,0
Unvalidated,2024010516598,2024,010516598,1,1,9,99,9,9,4,0,9,99,9,99,2,1,6,1,31,6,-1,-1,-1,-1,-1,-1,-1,0
Unvalidated,2024010516598,2024,010516598,2,9,0,99,9,9,99,0,9,99,9,99,9,9,6,3,-1,-1,-1,-1,-1,-1,-1,-1,-1,0
Unvalidated,2024010516601,2024,010516601,1,9,0,9,5,2,0,1,0,0,0,0,2,1,3,2,43,7,-1,-1,-1,-1,3,1,E01021490,0
Unvalidated,2024010516601,2024,010516601,2,5,0,14,5,1,0,1,5,0,0,0,1,1,6,1,46,8,-1,-1,-1,-1,3,3,E01002276,0
Unvalidated,2024010516602,2024,010516602,1,3,0,99,9,9,99,9,9,99,9,99,1,1,2,1,29,6,-1,-1,-1,-1,1,1,E01003045,0
Unvalidated,2024010516602,2024,010516602,2,98,0,99,9,9,99,9,9,99,9,99,9,9,6,3,-1,-1,-1,-1,-1,-1,-1,-1,-1,0
Unvalidated,2024010516603,2024,010516603,1,19,0,18,4,8,0,1,0,7,0,0,1,1,1,1,58,9,-1,-1,-1,-1,1,1,E01003052,0
Unvalidated,2024010516604,2024,010516604,1,19,0,18,4,8,0,1,0,0,0,0,3,1,2,1,54,8,-1,-1,-1,-1,-1,-1,-1,0
Unvalidated,2024010516608,2024,010516608,1,9,0,99,9,9,99,9,9,99,9,99,2,9,6,1,48,8,-1,-1,-1,-1,4,1,E01000029,0
Unvalidated,2024010516608,2024,010516608,2,9,0,99,9,9,99,9,9,99,9,99,2,9,6,3,-1,-1,-1,-1,-1,-1,4,1,E01000112,0
Unvalidated,2024010516616,2024,010516616,1,9,0,99,9,9,99,9,9,99,9,99,2,9,6,1,36,7,-1,-1,-1,-1,3,1,E01017663,0
Unvalidated,2024010516616,2024,010516616,2,9,9,99,9,9,99,9,9,99,9,99,9,9,6,3,-1,-1,-1,-1,-1,-1,-1,-1,-1,0
Unvalidated,2024010516619,2024,010516619,1,19,0,18,3,7,0,0,0,0,0,0,3,1,1,1,59,9,-1,-1,-1,-1,9,1,E01002239,0
Unvalidated,2024010516619,2024,010516619,2,90,2,18,7,3,0,0,0,0,0,0,0,2,6,1,30,6,-1,-1,-1,-1,3,1,E01002508,0
Unvalidated,2024010516620,2024,010516620,1,19,0,18,5,1,0,1,0,0,0,0,1,1,1,1,68,10,-1,-1,-1,-1,2,1,E01002090,0
Unvalidated,2024010516620,2024,010516620,2,9,0,4,5,1,0,1,0,0,0,0,2,1,6,1,55,8,-1,-1,-1,-1,1,1,E01002038,0
Unvalidated,2024010516624,2024,010516624,1,9,0,99,9,9,99,9,9,99,9,99,2,9,6,1,36,7,-1,-1,-1,-1,2,1,E01002615,0
Unvalidated,2024010516626,2024,010516626,1,9,0,9,7,4,0,8,0,0,0,0,1,1,1,1,23,5,-1,-1,-1,-1,-1,-1,-1,0
Unvalidated,2024010516628,2024,010516628,1,9,0,7,1,3,0,3,0,0,0,0,1,1,2,1,23,5,-1,-1,-1,-1,6,1,E01001419,0
Unvalidated,2024010516628,2024,010516628,2,1,0,10,5,3,0,3,0,0,0,0,1,1,1,1,18,4,-1,-1,-1,-1,4,1,E01001995,0
Unvalidated,2024010516630,2024,010516630,1,3,0,99,9,9,99,9,9,99,9,99,1,1,1,1,32,6,-1,-1,-1,-1,2,1,E01002056,0
Unvalidated,2024010516630,2024,010516630,2,9,0,99,9,9,99,9,9,99,9,99,9,9,6,3,-1,-1,-1,-1,-1,-1,-1,-1,-1,0
Unvalidated,2024010516638,2024,010516638,1,3,0,99,9,9,99,9,9,99,9,99,1,1,6,1,29,6,-1,-1,-1,-1,2,1,E01003988,0
Unvalidated,2024010516638,2024,010516638,2,9,0,99,9,9,99,9,9,99,9,99,2,9,6,3,-1,-1,-1,-1,-1,-1,-1,-1,-1,0
Unvalidated,2024010516647,2024,010516647,1,3,0,99,9,9,99,9,9,99,9,99,9,1,1,1,22,5,-1,-1,-1,-1,3,1,E01003145,0
Unvalidated,2024010516647,2024,010516647,2,9,9,99,9,9,99,9,9,99,9,99,9,9,6,3,-1,-1,-1,-1,-1,-1,-1,-1,-1,0
Unvalidated,2024010516649,2024,010516649,1,9,0,99,9,9,99,9,9,99,9,99,3,9,1,1,59,9,-1,-1,-1,-1,2,1,E01003542,0
Unvalidated,2024010516649,2024,010516649,2,9,0,99,9,9,99,9,9,99,9,99,9,9,6,3,-1,-1,-1,-1,-1,-1,2,1,E01001795,0
Unvalidated,2024010516650,2024,010516650,1,1,9,99,9,9,99,9,9,99,9,99,9,1,2,2,42,7,-1,-1,-1,-1,5,1,E01001652,0
Unvalidated,2024010516650,2024,010516650,2,9,0,99,9,9,99,9,9,99,9,99,9,9,6,3,34,6,-1,-1,-1,-1,5,1,E01000450,0
Unvalidated,2024010516655,2024,010516655,1,3,0,99,9,9,99,9,9,99,9,99,9,1,1,1,25,5,-1,-1,-1,-1,4,1,E01000591,0
Unvalidated,2024010516655,2024,010516655,2,9,0,99,9,9,99,9,9,99,9,99,9,9,6,3,-1,-1,-1,-1,-1,-1,-1,-1,-1,0
Unvalidated,2024010516660,2024,010516660,1,3,9,99,9,9,99,9,9,99,9,99,9,1,6,3,27,6,-1,-1,-1,-1,1,1,E01001958,0
Unvalidated,2024010516660,2024,010516660,2,19,9,99,9,9,99,9,9,99,9,99,9,9,6,3,-1,-1,-1,-1,-1,-1,-1,-1,-1,0
Unvalidated,2024010516661,2024,010516661,1,19,0,9,7,5,0,6,0,0,1,0,1,1,1,1,22,5,-1,-1,-1,-1,3,1,E01003164,0
Unvalidated,2024010516661,2024,010516661,2,1,0,10,1,7,0,5,0,0,0,0,3,1,2,1,32,6,-1,-1,-1,-1,3,1,E01004540,0
Unvalidated,2024010516662,2024,010516662,1,97,0,18,1,5,0,0,0,0,0,0,1,1,6,3,-1,-1,-1,-1,-1,-1,-1,-1,-1,0
Unvalidated,2024010516669,2024,010516669,1,9,0,5,3,7,0,1,0,0,1,0,1,1,6,2,60,9,-1,-1,-1,-1,7,1,E01001226,0
Unvalidated,2024010516678,2024,010516678,1,3,9,99,9,9,99,0,9,99,9,99,9,1,6,3,29,6,-1,-1,-1,-1,4,1,E01004002,0
Unvalidated,2024010516678,2024,010516678,2,9,0,99,9,9,99,0,9,99,9,99,9,9,6,3,-1,-1,-1,-1,-1,-1,-1,-1,-1,0
Unvalidated,2024010516679,2024,010516679,1,4,0,99,9,9,99,9,9,99,9,99,1,1,6,1,39,7,-1,-1,-1,-1,2,1,E01000509,0
Unvalidated,2024010516679,2024,010516679,2,9,0,99,9,9,99,9,9,99,9,99,9,9,6,3,-1,-1,-1,-1,-1,-1,-1,-1,-1,0
Unvalidated,2024010516681,2024,010516681,1,3,0,99,9,9,99,9,9,99,9,99,9,1,2,1,37,7,-1,-1,-1,-1,2,1,E01002046,0
Unvalidated,2024010516681,2024,010516681,2,9,0,99,9,9,99,9,9,99,9,99,9,9,6,3,-1,-1,-1,-1,-1,-1,-1,-1,-1,0
Unvalidated,2024010516683,2024,010516683,1,9,0,8,1,4,0,1,0,0,0,0,1,1,6,1,23,5,-1,-1,-1,-1,5,1,E01000920,0
Unvalidated,2024010516683,2024,010516683,2,1,0,7,1,4,0,1,0,0,0,0,4,1,1,1,30,6,-1,-1,-1,-1,3,1,E01015738,0
Unvalidated,2024010516686,2024,010516686,1,3,0,99,9,9,99,9,9,99,9,99,1,1,1,1,32,6,-1,-1,-1,-1,2,1,E01003924,0
Unvalidated,2024010516686,2024,010516686,2,9,0,99,9,9,99,9,9,99,9,99,9,9,6,2,23,5,-1,-1,-1,-1,4,1,E01003684,0
Unvalidated,2024010516688,2024,010516688,1,9,0,9,7,5,0,6,5,0,0,0,1,1,6,1,23,5,-1,-1,-1,-1,2,1,E01003037,0
Unvalidated,2024010516688,2024,010516688,2,9,0,18,5,1,0,1,0,0,0,0,1,1,6,1,89,11,-1,-1,-1,-1,9,1,E01004559,0
Unvalidated,2024010516690,2024,010516690,1,97,0,18,7,3,0,2,0,0,0,0,1,1,6,3,-1,-1,-1,-1,-1,-1,-1,-1,-1,0
Unvalidated,2024010516691,2024,010516691,1,3,0,99,9,9,99,0,9,99,9,99,9,1,1,1,26,6,-1,-1,-1,-1,9,1,E01000455,0
Unvalidated,2024010516691,2024,010516691,2,9,0,99,9,9,99,0,9,99,9,99,2,9,6,3,-1,-1,-1,-1,-1,-1,5,1,E01000450,0
Unvalidated,2024010516697,2024,010516697,1,1,9,99,9,9,99,9,9,99,9,99,9,1,6,1,20,4,-1,-1,-1,-1,5,1,E01000131,0
Unvalidated,2024010516697,2024,010516697,2,9,0,99,9,9,99,9,9,99,9,99,9,9,6,3,-1,-1,-1,-1,-1,-1,8,1,E01002452,0
Unvalidated,2024010516704,2024,010516704,1,9,0,99,9,9,99,9,9,99,9,99,9,9,2,1,24,5,-1,-1,-1,-1,8,1,E01002534,0
Unvalidated,2024010516705,2024,010516705,1,9,0,99,9,9,99,9,9,99,9,99,2,9,6,1,39,7,-1,-1,-1,-1,2,1,E01003086,0
Unvalidated,2024010516705,2024,010516705,2,9,0,99,9,9,99,9,9,99,9,99,2,9,6,3,-1,-1,-1,-1,-1,-1,-1,-1,-1,0
Unvalidated,2024010516708,2024,010516708,1,9,0,5,3,7,0,1,0,0,0,0,1,1,6,3,-1,-1,-1,-1,-1,-1,-1,-1,-1,0
Unvalidated,2024010516708,2024,010516708,2,1,0,18,7,3,0,1,0,0,0,0,0,1,2,1,35,6,-1,-1,-1,-1,5,1,E01001902,0
Unvalidated,2024010516709,2024,010516709,1,9,0,5,1,5,0,8,0,0,0,0,1,1,2,2,76,11,-1,-1,-1,-1,9,1,E01001281,0
Unvalidated,2024010516709,2024,010516709,2,1,0,17,3,7,0,8,0,0,0,0,4,1,2,1,37,7,-1,-1,-1,-1,1,1,E01001206,0
Unvalidated,2024010516710,2024,010516710,1,3,0,99,9,9,99,9,9,99,9,99,9,1,2,1,28,6,-1,-1,-1,-1,9,3,E01016576,0
Unvalidated,2024010516710,2024,010516710,2,9,0,99,9,9,99,9,9,99,9,99,9,9,6,3,-1,-1,-1,-1,-1,-1,-1,-1,-1,0
Unvalidated,2024010516711,2024,010516711,1,1,9,99,9,9,99,9,9,99,9,99,9,1,2,1,49,8,-1,-1,-1,-1,9,1,E01003908,0
Unvalidated,2024010516711,2024,010516711,2,9,0,99,9,9,99,9,9,99,9,99,9,9,6,3,56,9,-1,-1,-1,-1,10,1,E01003007,0
Unvalidated,2024010516712,2024,010516712,1,9,0,99,9,9,99,0,9,99,9,99,1,9,2,2,23,5,-1,-1,-1,-1,7,1,E01023963,0
Unvalidated,2024010516712,2024,010516712,2,9,0,18,1,5,0,0,0,0,0,0,9,1,6,2,52,8,-1,-1,-1,-1,-1,-1,-1,0
Unvalidated,2024010516713,2024,010516713,1,9,0,9,5,2,0,8,0,0,7,0,4,2,6,3,-1,-1,-1,-1,-1,-1,-1,-1,-1,0
Unvalidated,2024010516713,2024,010516713,2,3,0,4,5,1,0,2,0,0,0,0,3,1,6,1,17,4,-1,-1,-1,-1,1,1,E01001559,0
Unvalidated,2024010516715,2024,010516715,1,11,0,4,7,3,0,2,0,0,0,0,0,1,1,1,32,6,-1,-1,-1,-1,2,1,E01003977,0
Unvalidated,2024010516716,2024,010516716,1,11,0,4,7,3,0,1,0,0,0,0,0,2,1,1,50,8,-1,-1,-1,-1,5,3,E01024364,0
Unvalidated,2024010516716,2024,010516716,2,9,0,4,5,1,0,1,0,0,0,0,0,1,6,1,92,11,-1,-1,-1,-1,8,1,E01000653,0
Unvalidated,2024010516717,2024,010516717,1,9,0,1,7,3,0,6,0,0,0,0,2,1,6,2,46,8,-1,-1,-1,-1,6,1,E01004017,0
Unvalidated,2024010516718,2024,010516718,1,1,9,99,9,9,99,9,9,99,9,99,1,1,2,1,35,6,-1,-1,-1,-1,5,1,E01003790,0
Unvalidated,2024010516720,2024,010516720,1,9,0,99,9,9,99,9,9,99,9,99,9,9,6,3,-1,-1,-1,-1,-1,-1,-1,-1,-1,0
Unvalidated,2024010516721,2024,010516721,1,9,0,5,3,7,0,1,0,0,0,0,1,1,6,2,77,11,-1,-1,-1,-1,-1,-1,-1,0
Unvalidated,2024010516721,2024,010516721,2,9,0,4,3,7,0,1,0,0,0,0,2,1,6,1,63,9,-1,-1,-1,-1,-1,-1,-1,0
Unvalidated,2024010516722,2024,010516722,1,3,0,18,5,1,0,1,0,0,0,0,4,1,6,1,44,7,-1,-1,-1,-1,5,1,E01003173,0
Unvalidated,2024010516722,2024,010516722,2,9,0,14,5,1,0,1,0,0,0,0,1,1,6,3,-1,-1,-1,-1,-1,-1,-1,-1,-1,0
Unvalidated,2024010516725,2024,010516725,1,9,9,18,3,7,99,9,9,99,0,0,1,9,6,3,-1,-1,-1,-1,-1,-1,-1,-1,-1,0
Unvalidated,2024010516727,2024,010516727,1,9,0,99,9,9,99,9,9,99,9,99,9,9,6,3,-1,-1,-1,-1,-1,-1,-1,-1,-1,0
Unvalidated,2024010516727,2024,010516727,2,3,0,99,9,9,99,9,9,99,9,99,9,1,1,1,48,8,-1,-1,-1,-1,3,1,E01002552,0
Unvalidated,2024010516729,2024,010516729,1,9,4,18,5,1,0,0,0,4,0,0,1,1,6,1,42,7,-1,-1,-1,-1,9,2,E01010642,0
Unvalidated,2024010516729,2024,010516729,2,9,0,18,5,1,0,0,0,4,0,0,1,1,6,2,76,11,-1,-1,-1,-1,10,1,E01000815,0
Unvalidated,2024010516729,2024,010516729,3,9,0,18,5,1,0,0,0,0,0,0,2,1,1,1,46,8,-1,-1,-1,-1,5,1,E01032783,0
Unvalidated,2024010516729,2024,010516729,4,9,0,18,5,1,0,0,0,0,0,0,2,1,2,1,37,7,-1,-1,-1,-1,2,1,E01004252,0
Unvalidated,2024010516731,2024,010516731,1,9,0,7,7,1,0,3,0,0,0,0,4,1,1,1,46,8,-1,-1,-1,-1,9,1,E01001379,0
Unvalidated,2024010516731,2024,010516731,2,1,0,18,7,3,0,1,0,0,0,0,3,1,1,1,18,4,-1,-1,-1,-1,6,1,E01001235,0
Unvalidated,2024010516734,2024,010516734,1,19,0,7,3,5,0,8,0,0,0,0,0,1,6,1,-1,-1,-1,-1,-1,-1,-1,-1,-1,0
Unvalidated,2024010516739,2024,010516739,1,9,0,18,3,7,0,2,0,0,0,0,2,1,1,2,45,7,-1,-1,-1,-1,2,1,E01004008,0
Unvalidated,2024010516739,2024,010516739,2,1,0,18,3,7,0,2,0,0,0,0,1,1,6,1,16,4,-1,-1,-1,-1,3,1,E01004037,0
Unvalidated,2024010516740,2024,010516740,1,1,9,99,9,9,99,9,9,99,9,99,1,1,2,1,25,5,-1,-1,-1,-1,4,1,E01003095,0
Unvalidated,2024010516740,2024,010516740,2,9,0,99,9,9,99,9,9,99,9,99,1,9,6,3,52,8,-1,-1,-1,-1,1,1,E01004670,0
Unvalidated,2024010516741,2024,010516741,1,11,0,18,6,2,0,2,0,0,0,0,3,1,1,1,48,8,-1,-1,-1,-1,2,1,E01003126,0
Unvalidated,2024010516741,2024,010516741,2,1,0,7,4,5,0,1,0,0,0,0,2,1,6,1,7,2,-1,-1,-1,-1,1,1,E01003047,0
Unvalidated,2024010516746,2024,010516746,1,19,0,5,1,5,0,8,0,0,0,0,1,1,1,1,29,6,-1,-1,-1,-1,2,1,E01003499,0
Unvalidated,2024010516746,2024,010516746,2,4,0,18,7,3,0,8,0,0,0,0,1,1,1,1,37,7,-1,-1,-1,-1,2,1,E01004584,0
Unvalidated,2024010516747,2024,010516747,1,1,0,18,2,6,0,8,0,0,0,0,1,1,2,1,28,6,-1,-1,-1,-1,6,1,E01003367,0
Unvalidated,2024010516747,2024,010516747,2,97,0,7,2,5,0,8,0,0,0,0,2,1,6,3,-1,-1,-1,-1,-1,-1,-1,-1,-1,0
Unvalidated,2024010516748,2024,010516748,1,1,0,18,7,3,0,0,0,0,0,0,1,1,6,1,16,4,-1,-1,-1,-1,5,3,E01021741,0
Unvalidated,2024010516748,2024,010516748,2,9,0,18,3,7,0,0,0,0,0,0,1,1,6,3,-1,-1,-1,-1,-1,-1,-1,-1,-1,0
Unvalidated,2024010516753,2024,010516753,1,8,0,18,1,5,0,5,0,0,0,0,1,1,1,1,38,7,-1,-1,-1,-1,4,1,E01000155,0
Unvalidated,2024010516753,2024,010516753,2,1,0,9,7,5,0,6,0,0,0,0,1,1,6,1,13,3,-1,-1,-1,-1,2,1,E01002765,0
Unvalidated,2024010516755,2024,010516755,1,9,0,18,3,7,0,8,0,0,0,0,3,1,6,1,42,7,-1,-1,-1,-1,2,1,E01003248,0
Unvalidated,2024010516755,2024,010516755,2,90,0,18,1,5,0,8,0,0,0,0,1,1,2,1,20,4,-1,-1,-1,-1,2,1,E01003346,1
Unvalidated,2024010516756,2024,010516756,1,9,0,7,5,6,0,1,0,0,0,0,4,1,2,1,39,7,-1,-1,-1,-1,5,1,E01003945,0
Unvalidated,2024010516756,2024,010516756,2,3,0,18,5,1,0,1,0,0,0,0,1,1,1,1,21,5,-1,-1,-1,-1,1,1,E01004464,0
Unvalidated,2024010516759,2024,010516759,1,9,0,99,9,9,99,9,9,99,9,99,2,9,6,1,33,6,-1,-1,-1,-1,9,1,E01001039,0
Unvalidated,2024010516759,2024,010516759,2,19,0,99,9,9,99,9,9,99,9,99,1,9,6,3,-1,-1,-1,-1,-1,-1,-1,-1,-1,0
Unvalidated,2024010516762,2024,010516762,1,19,0,4,2,6,2,1,0,0,0,0,0,1,6,1,60,9,-1,-1,-1,-1,4,1,E01001476,0
Unvalidated,2024010516762,2024,010516762,2,11,0,2,0,0,2,1,0,0,0,0,2,1,6,3,-1,-1,-1,-1,-1,-1,-1,-1,-1,0
Unvalidated,2024010516762,2024,010516762,3,19,0,5,1,5,2,6,0,0,0,0,1,1,2,1,41,7,-1,-1,-1,-1,4,1,E01003333,0
Unvalidated,2024010516763,2024,010516763,1,3,0,7,7,8,0,6,0,0,0,0,3,1,6,1,55,8,-1,-1,-1,-1,-1,-1,-1,0
Unvalidated,2024010516763,2024,010516763,2,9,0,18,6,2,0,2,0,0,0,0,1,1,1,1,28,6,-1,-1,-1,-1,4,1,E01004142,0
Unvalidated,2024010516767,2024,010516767,1,9,0,99,9,9,99,9,9,99,9,99,2,9,6,1,30,6,-1,-1,-1,-1,5,1,E01033494,0
Unvalidated,2024010516767,2024,010516767,2,9,0,99,9,9,99,9,9,99,9,99,1,9,6,3,-1,-1,-1,-1,-1,-1,-1,-1,-1,0
Unvalidated,2024010516768,2024,010516768,1,9,0,5,0,8,0,8,0,0,0,0,1,1,6,1,37,7,-1,-1,-1,-1,5,1,E01003222,0
Unvalidated,2024010516770,2024,010516770,1,9,0,99,9,9,99,9,9,99,9,99,1,9,2,2,62,9,-1,-1,-1,-1,5,1,E01002515,0
Unvalidated,2024010516770,2024,010516770,2,9,0,99,9,9,99,9,9,99,9,99,1,9,6,3,-1,-1,-1,-1,-1,-1,-1,-1,-1,0
Unvalidated,2024010516771,2024,010516771,1,9,0,18,7,3,0,0,1,0,0,0,1,1,6,1,65,9,-1,-1,-1,-1,9,1,E01004079,0