status,collision_index,collision_year,collision_reference,vehicle_reference,vehicle_type,towing_and_articulation,vehicle_manoeuvre,vehicle_direction_from,vehicle_direction_to,vehicle_location_restricted_lane,junction_location,skidding_and_overturning,hit_object_in_carriageway,vehicle_leaving_carriageway,hit_object_off_carriageway,first_point_of_impact,vehicle_left_hand_drive,journey_purpose_of_driver,sex_of_driver,age_of_driver,age_band_of_driver,engine_capacity_cc,propulsion_code,age_of_vehicle,generic_make_model,driver_imd_decile,driver_home_area_type,lsoa_of_driver,escooter_flag
Unvalidated,2024010516771,2024,010516771,2,9,0,18,3,7,0,0,0,0,0,0,3,1,6,2,42,7,-1,-1,-1,-1,2,1,E01001128,0
Unvalidated,2024010516771,2024,010516771,3,9,0,18,3,7,0,0,0,0,0,0,3,1,6,1,37,7,-1,-1,-1,-1,4,1,E01001050,0
Unvalidated,2024010516772,2024,010516772,1,8,0,18,1,5,0,0,0,0,0,0,2,1,2,1,49,8,-1,-1,-1,-1,3,1,E01003263,0
Unvalidated,2024010516776,2024,010516776,1,1,9,99,9,9,99,9,9,99,9,99,9,1,1,1,46,8,-1,-1,-1,-1,3,1,E01003372,0
Unvalidated,2024010516776,2024,010516776,2,9,9,99,9,9,99,9,9,99,9,99,9,9,6,2,-1,-1,-1,-1,-1,-1,3,1,E01004600,0
Unvalidated,2024010516780,2024,010516780,1,9,0,9,5,3,0,8,0,0,0,0,1,1,6,1,47,8,-1,-1,-1,-1,6,1,E01001251,0
Unvalidated,2024010516780,2024,010516780,2,1,0,18,3,7,0,6,0,0,0,0,1,1,6,2,19,4,-1,-1,-1,-1,3,1,E01002397,0
Unvalidated,2024010516781,2024,010516781,1,20,0,4,1,5,0,1,0,0,2,10,2,1,6,1,38,7,-1,-1,-1,-1,3,1,E01001188,0
Unvalidated,2024010516781,2024,010516781,2,9,0,2,0,0,0,1,0,0,0,0,1,1,6,3,-1,-1,-1,-1,-1,-1,-1,-1,-1,0
Unvalidated,2024010516785,2024,010516785,1,9,0,99,9,9,99,9,9,99,9,99,2,9,6,1,50,8,-1,-1,-1,-1,6,1,E01000549,0
Unvalidated,2024010516785,2024,010516785,2,9,0,99,9,9,99,9,9,99,9,99,2,9,6,3,-1,-1,-1,-1,-1,-1,-1,-1,-1,0
Unvalidated,2024010516789,2024,010516789,1,9,0,18,5,1,0,1,0,0,0,0,3,1,6,1,65,9,-1,-1,-1,-1,5,1,E01000070,0
Unvalidated,2024010516789,2024,010516789,2,9,0,9,2,7,0,1,0,0,0,0,1,1,6,1,36,7,-1,-1,-1,-1,3,1,E01003491,0
Unvalidated,2024010516790,2024,010516790,1,9,0,1,9,9,99,0,9,99,9,99,2,9,6,3,-1,-1,-1,-1,-1,-1,-1,-1,-1,0
Unvalidated,2024010516790,2024,010516790,2,98,9,99,9,9,0,0,0,0,0,0,9,9,6,1,40,7,-1,-1,-1,-1,2,1,E01003507,0
Unvalidated,2024010516792,2024,010516792,1,9,0,6,9,9,99,0,9,99,9,99,9,9,6,1,39,7,-1,-1,-1,-1,5,1,E01004307,0
Unvalidated,2024010516792,2024,010516792,2,1,9,18,9,9,99,0,9,99,9,99,9,1,6,1,-1,-1,-1,-1,-1,-1,-1,-1,-1,0
Unvalidated,2024010516798,2024,010516798,1,9,0,18,3,7,0,0,0,0,0,0,3,1,6,1,44,7,-1,-1,-1,-1,-1,-1,-1,0
Unvalidated,2024010516798,2024,010516798,2,19,0,18,3,7,0,0,0,0,0,0,4,1,6,1,44,7,-1,-1,-1,-1,-1,-1,-1,0
Unvalidated,2024010516798,2024,010516798,3,9,0,18,3,7,0,0,0,0,0,0,4,1,1,1,43,7,-1,-1,-1,-1,2,1,E01004252,0
Unvalidated,2024010516798,2024,010516798,4,9,0,18,7,3,0,0,0,0,0,0,1,1,1,2,51,8,-1,-1,-1,-1,4,1,E01003666,0
Unvalidated,2024010516799,2024,010516799,1,2,0,17,4,8,0,0,0,0,0,0,0,1,1,1,32,6,-1,-1,-1,-1,2,1,E01003538,0
Unvalidated,2024010516799,2024,010516799,2,4,0,18,4,8,0,0,0,0,0,0,0,1,6,3,-1,-1,-1,-1,-1,-1,-1,-1,-1,0
Unvalidated,2024010516802,2024,010516802,1,9,0,4,3,7,0,0,0,0,0,0,2,1,6,1,49,8,-1,-1,-1,-1,-1,-1,-1,0
Unvalidated,2024010516802,2024,010516802,2,3,0,18,3,7,0,0,0,0,0,0,1,1,6,1,22,5,-1,-1,-1,-1,6,1,E01002497,0
Unvalidated,2024010516804,2024,010516804,1,8,0,18,5,1,0,1,0,0,0,0,1,1,6,3,24,5,-1,-1,-1,-1,-1,-1,-1,0
Unvalidated,2024010516804,2024,010516804,2,90,0,18,5,1,0,1,5,0,1,0,1,1,6,1,24,5,-1,-1,-1,-1,3,1,E01003036,0
Unvalidated,2024010516807,2024,010516807,1,9,0,7,5,6,0,1,0,0,0,0,4,1,3,2,28,6,-1,-1,-1,-1,5,1,E01003224,0
Unvalidated,2024010516807,2024,010516807,2,3,0,14,5,1,2,8,0,0,0,0,1,1,2,1,30,6,-1,-1,-1,-1,2,1,E01003174,0
Unvalidated,2024010516808,2024,010516808,1,9,0,9,1,7,0,1,0,0,0,0,3,1,2,1,43,7,-1,-1,-1,-1,9,2,E01030757,0
Unvalidated,2024010516808,2024,010516808,2,2,0,13,1,5,0,1,0,0,0,0,3,1,1,1,19,4,-1,-1,-1,-1,10,1,E01030323,0
Unvalidated,2024010516811,2024,010516811,1,9,0,99,9,9,99,9,9,99,9,99,9,9,6,3,81,11,-1,-1,-1,-1,7,1,E01001307,0
Unvalidated,2024010516816,2024,010516816,1,19,0,3,3,7,0,1,0,0,0,0,1,1,1,1,57,9,-1,-1,-1,-1,-1,-1,-1,0
Unvalidated,2024010516816,2024,010516816,2,5,0,18,3,7,0,8,0,0,1,10,3,1,6,1,49,8,-1,-1,-1,-1,8,1,E01004593,0
Unvalidated,2024010516817,2024,010516817,1,9,0,10,8,5,0,1,0,0,0,0,2,1,1,1,54,8,-1,-1,-1,-1,5,1,E01004519,0
Unvalidated,2024010516817,2024,010516817,2,19,0,18,8,4,0,8,0,0,0,0,1,1,1,1,37,7,-1,-1,-1,-1,8,2,E01017627,0
Unvalidated,2024010516817,2024,010516817,3,9,0,3,8,4,0,8,0,0,0,0,2,1,2,1,41,7,-1,-1,-1,-1,7,1,E01002173,0
Unvalidated,2024010516820,2024,010516820,1,19,0,18,5,1,0,0,0,0,0,0,4,1,1,1,56,9,-1,-1,-1,-1,3,1,E01001823,0
Unvalidated,2024010516821,2024,010516821,1,9,0,99,9,9,99,0,9,99,9,99,2,9,6,1,35,6,-1,-1,-1,-1,-1,-1,-1,0
Unvalidated,2024010516821,2024,010516821,2,1,9,99,9,9,99,0,9,99,9,99,1,1,6,1,42,7,-1,-1,-1,-1,-1,-1,-1,0
Unvalidated,2024010516824,2024,010516824,1,9,0,9,4,2,0,8,0,0,0,0,1,1,6,1,43,7,-1,-1,-1,-1,5,1,E01003642,0
Unvalidated,2024010516824,2024,010516824,2,9,0,18,1,5,0,8,5,0,0,0,2,1,2,1,30,6,-1,-1,-1,-1,5,1,E01003724,0
Unvalidated,2024010516825,2024,010516825,1,2,0,99,9,9,99,1,9,99,9,99,9,1,2,2,42,7,-1,-1,-1,-1,8,1,E01004171,0
Unvalidated,2024010516827,2024,010516827,1,3,0,99,9,9,99,9,9,99,9,99,9,1,1,1,31,6,-1,-1,-1,-1,3,1,E01000637,0
Unvalidated,2024010516827,2024,010516827,2,9,9,99,9,9,99,9,9,99,9,99,9,9,6,3,-1,-1,-1,-1,-1,-1,-1,-1,-1,0
Unvalidated,2024010516829,2024,010516829,1,1,9,99,9,9,99,9,9,99,9,99,2,1,2,2,45,7,-1,-1,-1,-1,10,1,E01004157,0
Unvalidated,2024010516829,2024,010516829,2,9,0,99,9,9,99,9,9,99,9,99,1,9,6,3,-1,-1,-1,-1,-1,-1,-1,-1,-1,0
Unvalidated,2024010516830,2024,010516830,1,9,0,18,5,1,0,2,0,0,0,0,1,1,2,1,44,7,-1,-1,-1,-1,5,1,E01000662,0
Unvalidated,2024010516830,2024,010516830,2,9,0,18,1,5,0,2,0,0,0,0,1,1,1,2,42,7,-1,-1,-1,-1,2,1,E01001603,0
Unvalidated,2024010516837,2024,010516837,1,9,0,18,1,5,0,2,0,4,0,0,3,1,6,2,32,6,-1,-1,-1,-1,-1,-1,-1,0
Unvalidated,2024010516837,2024,010516837,2,9,0,2,0,0,0,1,0,10,0,0,2,1,6,3,-1,-1,-1,-1,-1,-1,-1,-1,-1,0
Unvalidated,2024010516837,2024,010516837,3,9,0,2,0,0,0,1,0,10,0,0,2,1,6,3,-1,-1,-1,-1,-1,-1,-1,-1,-1,0
Unvalidated,2024010516838,2024,010516838,1,3,0,99,9,9,99,9,9,99,9,99,1,1,1,1,22,5,-1,-1,-1,-1,4,1,E01001582,0
Unvalidated,2024010516838,2024,010516838,2,9,0,99,9,9,99,9,9,99,9,99,9,9,6,3,-1,-1,-1,-1,-1,-1,-1,-1,-1,0
Unvalidated,2024010516839,2024,010516839,1,9,0,99,9,9,99,9,9,99,9,99,0,9,6,3,-1,-1,-1,-1,-1,-1,-1,-1,-1,0
Unvalidated,2024010516839,2024,010516839,2,1,9,99,9,9,99,9,9,99,9,99,1,1,2,2,36,7,-1,-1,-1,-1,5,1,E01000494,0
Unvalidated,2024010516845,2024,010516845,1,11,0,5,5,1,0,8,0,0,0,0,1,1,1,2,32,6,-1,-1,-1,-1,3,1,E01002015,0
Unvalidated,2024010516845,2024,010516845,2,1,0,9,7,4,0,8,5,0,0,0,4,1,6,1,29,6,-1,-1,-1,-1,1,1,E01004206,0
Unvalidated,2024010516847,2024,010516847,1,9,0,18,4,8,0,1,5,4,7,0,1,1,6,1,25,5,-1,-1,-1,-1,-1,-1,-1,0
Unvalidated,2024010516852,2024,010516852,1,3,0,99,9,9,99,9,9,99,9,99,9,1,2,1,24,5,-1,-1,-1,-1,2,1,E01001442,0
Unvalidated,2024010516852,2024,010516852,2,9,0,99,9,9,99,9,9,99,9,99,9,9,6,3,-1,-1,-1,-1,-1,-1,-1,-1,-1,0
Unvalidated,2024010516853,2024,010516853,1,3,0,99,9,9,99,9,9,99,9,99,9,1,1,2,30,6,-1,-1,-1,-1,1,1,E01002037,0
Unvalidated,2024010516853,2024,010516853,2,9,0,99,9,9,99,9,9,99,9,99,9,9,6,1,61,9,-1,-1,-1,-1,1,1,E01001740,0
Unvalidated,2024010516854,2024,010516854,1,3,0,99,9,9,99,9,9,99,9,99,2,1,1,1,38,7,-1,-1,-1,-1,2,1,E01001433,0
Unvalidated,2024010516854,2024,010516854,2,9,0,99,9,9,99,9,9,99,9,99,1,9,6,3,-1,-1,-1,-1,-1,-1,3,1,E01001504,0
Unvalidated,2024010516856,2024,010516856,1,11,0,18,1,5,0,1,0,0,0,0,0,1,6,1,59,9,-1,-1,-1,-1,2,1,E01001980,0
Unvalidated,2024010516862,2024,010516862,1,9,0,99,9,9,99,9,9,99,9,99,9,9,2,1,39,7,-1,-1,-1,-1,2,1,E01001257,0
Unvalidated,2024010516862,2024,010516862,2,4,0,99,9,9,99,9,9,99,9,99,9,1,6,3,-1,-1,-1,-1,-1,-1,-1,-1,-1,0
Unvalidated,2024010516864,2024,010516864,1,11,0,5,3,7,0,0,0,0,0,0,9,1,1,3,-1,-1,-1,-1,-1,-1,-1,-1,-1,0
Unvalidated,2024010516869,2024,010516869,1,9,0,7,7,1,0,1,0,0,0,0,4,1,6,1,44,7,-1,-1,-1,-1,5,1,E01004515,0
Unvalidated,2024010516869,2024,010516869,2,1,0,18,7,3,0,1,5,0,0,0,1,1,6,1,35,6,-1,-1,-1,-1,3,1,E01003122,0
Unvalidated,2024010516874,2024,010516874,1,11,9,18,1,5,0,1,0,0,0,0,0,1,1,1,64,9,-1,-1,-1,-1,3,1,E01000138,0
Unvalidated,2024010516877,2024,010516877,1,1,9,18,9,9,99,0,9,99,9,99,0,1,2,1,39,7,-1,-1,-1,-1,4,1,E01000949,0
Unvalidated,2024010516877,2024,010516877,2,19,0,5,9,9,99,0,9,99,9,99,0,9,6,3,41,7,-1,-1,-1,-1,3,1,E01000138,0
Unvalidated,2024010516878,2024,010516878,1,3,0,18,9,9,99,9,9,99,9,99,1,1,1,1,29,6,-1,-1,-1,-1,6,1,E01004703,0
Unvalidated,2024010516878,2024,010516878,2,9,0,6,9,9,99,9,9,99,9,99,9,9,6,3,-1,-1,-1,-1,-1,-1,-1,-1,-1,0
Unvalidated,2024010516879,2024,010516879,1,3,0,99,9,9,99,9,9,99,9,99,9,9,1,1,23,5,-1,-1,-1,-1,3,1,E01003562,0
Unvalidated,2024010516879,2024,010516879,2,9,0,99,9,9,99,9,9,99,9,99,1,9,6,1,-1,-1,-1,-1,-1,-1,2,1,E01001654,0
Unvalidated,2024010516880,2024,010516880,1,11,0,4,1,5,0,2,0,0,0,0,0,1,1,1,39,7,-1,-1,-1,-1,3,1,E01002805,0
Unvalidated,2024010516883,2024,010516883,1,1,9,99,9,9,99,0,9,99,9,99,2,1,2,1,50,8,-1,-1,-1,-1,5,1,E01004654,0
Unvalidated,2024010516883,2024,010516883,2,11,0,99,9,9,99,0,9,99,9,99,1,9,6,3,50,8,-1,-1,-1,-1,8,1,E01028177,0
Unvalidated,2024010516884,2024,010516884,1,19,0,13,5,1,0,2,0,0,0,0,3,1,1,1,51,8,-1,-1,-1,-1,2,1,E01001509,0
Unvalidated,2024010516884,2024,010516884,2,5,0,15,5,1,0,1,0,0,0,0,4,1,1,1,66,10,-1,-1,-1,-1,2,1,E01000867,0
Unvalidated,2024010516886,2024,010516886,1,3,0,99,9,9,99,0,9,99,9,99,9,1,1,1,34,6,-1,-1,-1,-1,2,1,E01001625,0
Unvalidated,2024010516886,2024,010516886,2,9,0,99,9,9,99,0,9,99,9,99,9,9,6,3,-1,-1,-1,-1,-1,-1,-1,-1,-1,0
Unvalidated,2024010516887,2024,010516887,1,11,0,4,7,3,0,1,0,0,0,0,0,1,1,1,30,6,-1,-1,-1,-1,2,1,E01001777,0
Unvalidated,2024010516888,2024,010516888,1,3,0,18,1,5,0,2,0,0,0,0,1,1,1,1,29,6,-1,-1,-1,-1,2,1,E01004341,0
Unvalidated,2024010516888,2024,010516888,2,9,0,18,5,1,0,1,0,0,0,0,1,1,6,3,-1,-1,-1,-1,-1,-1,-1,-1,-1,0
Unvalidated,2024010516890,2024,010516890,1,19,0,4,5,1,9,1,0,0,0,0,3,1,2,1,45,7,-1,-1,-1,-1,4,1,E01000323,0
Unvalidated,2024010516891,2024,010516891,1,9,0,18,7,3,0,2,0,0,0,0,4,1,6,1,31,6,-1,-1,-1,-1,5,1,E01001581,0
Unvalidated,2024010516894,2024,010516894,1,9,0,18,1,5,0,9,0,99,0,0,2,1,6,3,-1,-1,-1,-1,-1,-1,-1,-1,-1,0
Unvalidated,2024010516895,2024,010516895,1,9,0,99,9,9,99,9,9,99,9,99,1,9,6,3,-1,-1,-1,-1,-1,-1,9,1,E01002416,0
Unvalidated,2024010516895,2024,010516895,2,1,9,18,3,7,0,1,9,99,9,99,4,1,6,2,13,3,-1,-1,-1,-1,3,1,E01002215,0
Unvalidated,2024010516902,2024,010516902,1,9,0,18,3,7,0,8,0,0,0,0,2,1,6,2,40,7,-1,-1,-1,-1,3,1,E01004661,0
Unvalidated,2024010516902,2024,010516902,2,23,0,7,5,7,0,5,5,0,0,0,1,1,1,1,36,7,-1,-1,-1,-1,3,1,E01000947,0
Unvalidated,2024010516903,2024,010516903,1,2,0,18,7,3,4,0,0,0,0,0,1,1,6,1,18,4,-1,-1,-1,-1,2,1,E01002766,0
Unvalidated,2024010516908,2024,010516908,1,19,0,18,5,1,0,1,0,0,0,0,3,1,1,1,39,7,-1,-1,-1,-1,-1,-1,-1,0
Unvalidated,2024010516908,2024,010516908,2,11,0,18,5,1,0,2,0,0,0,0,1,1,6,1,57,9,-1,-1,-1,-1,7,1,E01000883,0
Unvalidated,2024010516916,2024,010516916,1,19,0,7,1,4,0,1,0,0,0,0,2,1,6,1,24,5,-1,-1,-1,-1,4,1,E01003740,0
Unvalidated,2024010516916,2024,010516916,2,1,0,18,1,5,0,1,0,0,0,0,1,1,6,1,29,6,-1,-1,-1,-1,3,1,E01001774,0
Unvalidated,2024010516920,2024,010516920,1,9,0,18,1,5,0,0,0,0,0,0,1,1,3,1,42,7,-1,-1,-1,-1,3,1,E01000392,0
Unvalidated,2024010516923,2024,010516923,1,9,0,18,1,5,2,1,0,4,0,0,3,1,6,1,39,7,-1,-1,-1,-1,-1,-1,-1,0
Unvalidated,2024010516923,2024,010516923,2,11,0,3,1,5,2,3,0,0,0,0,0,1,1,1,45,7,-1,-1,-1,-1,3,1,E01000506,0
Unvalidated,2024010516924,2024,010516924,1,9,0,18,5,1,0,1,0,0,0,0,1,2,6,1,19,4,-1,-1,-1,-1,2,1,E01001432,0
Unvalidated,2024010516925,2024,010516925,1,11,0,18,5,1,0,0,0,0,0,0,1,1,1,1,54,8,-1,-1,-1,-1,-1,-1,-1,0
Unvalidated,2024010516927,2024,010516927,1,9,0,18,1,5,0,1,0,0,0,0,1,1,6,1,36,7,-1,-1,-1,-1,-1,-1,-1,0
Unvalidated,2024010516927,2024,010516927,2,9,0,7,1,4,0,1,0,0,7,0,2,1,6,2,46,8,-1,-1,-1,-1,8,1,E01002499,0
Unvalidated,2024010516928,2024,010516928,1,1,9,99,9,9,99,0,9,99,9,99,9,1,2,2,25,5,-1,-1,-1,-1,1,1,E01003246,0
Unvalidated,2024010516928,2024,010516928,2,9,0,99,9,9,99,0,9,99,9,99,2,9,6,3,-1,-1,-1,-1,-1,-1,-1,1,-1,0
Unvalidated,2024010516931,2024,010516931,1,1,9,99,9,9,99,9,9,99,9,99,2,1,6,1,30,6,-1,-1,-1,-1,1,1,E01000551,0
Unvalidated,2024010516931,2024,010516931,2,9,0,99,9,9,99,9,9,99,9,99,9,9,6,2,-1,-1,-1,-1,-1,-1,3,2,E01030362,0
Unvalidated,2024010516938,2024,010516938,1,9,0,1,1,5,0,5,0,0,0,0,2,1,6,1,34,6,-1,-1,-1,-1,3,1,E01003221,0
Unvalidated,2024010516940,2024,010516940,1,11,0,5,0,1,99,0,9,99,9,99,9,1,6,3,-1,-1,-1,-1,-1,-1,-1,-1,-1,0
Unvalidated,2024010516941,2024,010516941,1,9,0,99,9,9,99,0,9,99,9,99,2,9,6,2,38,7,-1,-1,-1,-1,3,1,E01000111,0
Unvalidated,2024010516941,2024,010516941,2,9,0,99,9,9,99,0,9,99,9,99,1,9,6,3,-1,-1,-1,-1,-1,-1,-1,-1,-1,0
Unvalidated,2024010516943,2024,010516943,1,9,0,7,3,5,0,5,0,0,0,0,1,1,6,1,19,4,-1,-1,-1,-1,5,1,E01032770,0
Unvalidated,2024010516943,2024,010516943,2,4,0,18,3,7,0,1,0,0,0,0,3,1,6,1,40,7,-1,-1,-1,-1,2,1,E01004010,0
Unvalidated,2024010516944,2024,010516944,1,9,0,17,4,1,0,8,0,0,0,0,1,1,6,3,-1,-1,-1,-1,-1,-1,-1,-1,-1,0
Unvalidated,2024010516944,2024,010516944,2,90,0,17,4,1,0,5,0,0,0,0,2,1,3,2,36,7,-1,-1,-1,-1,4,1,E01000428,1
Unvalidated,2024010516946,2024,010516946,1,9,9,99,9,9,99,9,9,99,9,99,9,9,6,3,-1,-1,-1,-1,-1,-1,-1,-1,-1,0
Unvalidated,2024010516949,2024,010516949,1,9,0,9,5,3,0,8,0,0,0,0,0,1,6,3,-1,-1,-1,-1,-1,-1,-1,-1,-1,0
Unvalidated,2024010516949,2024,010516949,2,3,0,4,1,5,0,1,0,0,0,0,1,1,6,3,-1,-1,-1,-1,-1,-1,-1,-1,-1,0
Unvalidated,2024010516949,2024,010516949,3,3,0,4,1,5,0,1,2,0,1,0,2,1,6,1,40,7,-1,-1,-1,-1,2,1,E01002735,0
Unvalidated,2024010516951,2024,010516951,1,9,0,18,3,7,7,0,0,0,0,0,4,1,6,1,50,8,-1,-1,-1,-1,-1,-1,-1,0
Unvalidated,2024010516951,2024,010516951,2,3,0,15,3,7,4,0,2,4,0,0,3,1,6,1,45,7,-1,-1,-1,-1,-1,-1,-1,0
Unvalidated,2024010516951,2024,010516951,3,9,0,2,0,0,6,0,0,0,0,0,2,1,6,3,-1,-1,-1,-1,-1,-1,-1,-1,-1,0
Unvalidated,2024010516952,2024,010516952,1,9,0,18,5,1,0,0,0,4,0,0,1,1,6,1,26,6,-1,-1,-1,-1,3,1,E01003769,0
Unvalidated,2024010516952,2024,010516952,2,9,0,3,5,1,0,0,0,0,0,0,2,1,6,1,26,6,-1,-1,-1,-1,-1,-1,-1,0
Unvalidated,2024010516956,2024,010516956,1,11,0,18,3,7,0,1,0,0,0,0,0,1,1,1,53,8,-1,-1,-1,-1,6,1,E01024161,0
Unvalidated,2024010516957,2024,010516957,1,9,0,7,7,2,0,5,0,0,0,0,4,1,6,1,26,6,-1,-1,-1,-1,5,1,E01003697,0
Unvalidated,2024010516957,2024,010516957,2,23,0,15,3,7,0,1,0,0,0,0,4,1,6,1,20,4,-1,-1,-1,-1,3,1,E01003109,0
Unvalidated,2024010516959,2024,010516959,1,1,9,99,9,9,99,0,9,99,9,99,1,1,2,1,30,6,-1,-1,-1,-1,3,1,E01001884,0
Unvalidated,2024010516959,2024,010516959,2,9,0,99,9,9,99,0,9,99,9,99,2,9,6,3,-1,-1,-1,-1,-1,-1,-1,-1,-1,0
Unvalidated,2024010516962,2024,010516962,1,9,0,99,9,9,99,9,9,99,9,99,9,9,2,1,35,6,-1,-1,-1,-1,4,1,E01004419,0
Unvalidated,2024010516962,2024,010516962,2,9,0,99,9,9,99,9,9,99,9,99,1,9,6,3,52,8,-1,-1,-1,-1,3,1,E01001501,0
Unvalidated,2024010516963,2024,010516963,1,1,9,99,9,9,4,0,9,99,9,99,2,1,2,1,18,4,-1,-1,-1,-1,3,1,E01003182,0
Unvalidated,2024010516963,2024,010516963,2,9,9,99,9,9,0,0,9,99,9,99,9,9,6,3,-1,-1,-1,-1,-1,-1,-1,-1,-1,0
Unvalidated,2024010516966,2024,010516966,1,1,9,99,9,9,99,9,9,99,9,99,9,1,2,3,32,6,-1,-1,-1,-1,5,1,E01003217,0
Unvalidated,2024010516966,2024,010516966,2,4,0,99,9,9,99,9,9,99,9,99,9,1,6,1,38,7,-1,-1,-1,-1,5,1,E01003314,0
Unvalidated,2024010516969,2024,010516969,1,19,0,18,3,7,0,0,0,0,0,0,0,1,1,1,39,7,-1,-1,-1,-1,3,1,E01003940,0
Unvalidated,2024010516969,2024,010516969,2,1,0,5,3,7,0,0,2,8,0,0,1,1,6,1,47,8,-1,-1,-1,-1,3,1,E01001806,0
Unvalidated,2024010516970,2024,010516970,1,9,4,18,6,2,0,2,0,0,0,0,4,1,6,1,36,7,-1,-1,-1,-1,3,1,E01000531,0
Unvalidated,2024010516970,2024,010516970,2,1,0,18,6,2,0,2,2,4,0,0,3,1,6,1,49,8,-1,-1,-1,-1,4,1,E01000875,0
Unvalidated,2024010516970,2024,010516970,3,9,0,2,0,0,0,2,0,0,0,0,3,1,6,3,-1,-1,-1,-1,-1,-1,-1,-1,-1,0
Unvalidated,2024010516972,2024,010516972,1,9,0,18,3,7,0,0,0,0,0,0,4,1,3,1,48,8,-1,-1,-1,-1,6,1,E01001288,0
Unvalidated,2024010516975,2024,010516975,1,9,0,18,1,5,9,0,0,8,0,0,3,1,6,1,52,8,-1,-1,-1,-1,2,1,E01000033,0
Unvalidated,2024010516975,2024,010516975,2,1,0,14,1,5,0,0,0,8,0,0,1,1,6,1,31,6,-1,-1,-1,-1,2,1,E01000104,0
Unvalidated,2024010516981,2024,010516981,1,1,9,99,9,9,99,0,9,99,9,99,1,1,2,1,45,7,-1,-1,-1,-1,8,1,E01030666,0
Unvalidated,2024010516981,2024,010516981,2,3,0,99,9,9,99,0,9,99,9,99,1,1,6,1,-1,-1,-1,-1,-1,-1,3,1,E01000522,0
Unvalidated,2024010516982,2024,010516982,1,19,0,5,7,3,0,2,0,0,0,0,1,1,1,1,36,7,-1,-1,-1,-1,3,1,E01003989,0
Unvalidated,2024010516982,2024,010516982,2,1,0,18,5,1,0,2,0,0,0,0,4,1,6,1,22,5,-1,-1,-1,-1,8,1,E01003807,0
Unvalidated,2024010516983,2024,010516983,1,9,0,9,5,2,1,8,0,0,0,0,3,1,6,1,29,6,-1,-1,-1,-1,10,1,E01000448,0
Unvalidated,2024010516983,2024,010516983,2,3,0,13,5,1,0,1,0,0,0,0,0,1,6,1,27,6,-1,-1,-1,-1,4,1,E01000331,0
Unvalidated,2024010516989,2024,010516989,1,9,0,18,3,7,0,0,0,4,0,0,1,1,6,1,61,9,-1,-1,-1,-1,2,1,E01033485,0
Unvalidated,2024010516989,2024,010516989,2,9,0,2,0,0,0,0,0,4,0,0,1,1,6,3,-1,-1,-1,-1,-1,-1,-1,-1,-1,0
Unvalidated,2024010516989,2024,010516989,3,9,0,2,0,0,0,0,0,0,0,0,0,1,6,3,-1,-1,-1,-1,-1,-1,-1,-1,-1,0
Unvalidated,2024010516994,2024,010516994,1,9,0,99,9,9,99,9,9,99,9,99,2,9,6,1,20,4,-1,-1,-1,-1,4,1,E01003090,0
Unvalidated,2024010516994,2024,010516994,2,3,0,99,9,9,99,9,9,99,9,99,1,9,6,3,22,5,-1,-1,-1,-1,4,1,E01001158,0
Unvalidated,2024010516998,2024,010516998,1,11,0,18,1,5,0,1,0,0,0,0,3,1,1,1,42,7,-1,-1,-1,-1,2,1,E01001509,0
Unvalidated,2024010516998,2024,010516998,2,9,0,18,5,1,0,1,0,0,0,0,3,1,6,1,21,5,-1,-1,-1,-1,2,1,E01033148,0
Unvalidated,2024010517002,2024,010517002,1,9,9,99,9,9,99,9,9,99,9,99,9,9,6,3,-1,-1,-1,-1,-1,-1,-1,-1,-1,0
Unvalidated,2024010517002,2024,010517002,2,9,0,10,5,2,0,4,0,0,0,0,2,1,6,1,38,7,-1,-1,-1,-1,-1,-1,-1,0
Unvalidated,2024010517003,2024,010517003,1,11,0,4,2,6,0,6,0,0,0,0,0,1,1,1,51,8,-1,-1,-1,-1,2,1,E01003196,0
Unvalidated,2024010517008,2024,010517008,1,9,0,18,5,1,9,3,0,0,3,2,1,1,6,2,19,4,-1,-1,-1,-1,-1,-1,-1,0
Unvalidated,2024010517011,2024,010517011,1,3,0,13,1,5,0,0,0,10,0,0,3,1,6,1,37,7,-1,-1,-1,-1,4,1,E01000155,0
Unvalidated,2024010517013,2024,010517013,1,9,0,9,1,7,0,5,0,0,0,0,1,1,2,1,47,8,-1,-1,-1,-1,4,1,E01004484,0
Unvalidated,2024010517013,2024,010517013,2,9,0,18,5,1,0,1,0,0,0,0,1,1,1,1,54,8,-1,-1,-1,-1,-1,-1,-1,0
Unvalidated,2024010517017,2024,010517017,1,1,9,18,4,8,4,1,9,0,0,0,1,1,1,1,19,4,-1,-1,-1,-1,2,1,E01032720,0
Unvalidated,2024010517017,2024,010517017,2,9,9,18,2,6,0,2,9,0,1,99,1,9,6,1,40,7,-1,-1,-1,-1,6,1,E01003694,0
Unvalidated,2024010517024,2024,010517024,1,9,0,4,3,7,0,4,0,0,0,0,2,1,6,2,30,6,-1,-1,-1,-1,-1,1,-1,0
Unvalidated,2024010517024,2024,010517024,2,9,0,5,7,3,0,4,0,0,0,0,1,1,6,2,71,10,-1,-1,-1,-1,10,1,E01002355,0
Unvalidated,2024010517032,2024,010517032,1,9,0,18,4,8,0,1,0,0,0,0,3,1,2,2,42,7,-1,-1,-1,-1,3,1,E01002647,0