status,collision_index,collision_year,collision_reference,vehicle_reference,vehicle_type,towing_and_articulation,vehicle_manoeuvre,vehicle_direction_from,vehicle_direction_to,vehicle_location_restricted_lane,junction_location,skidding_and_overturning,hit_object_in_carriageway,vehicle_leaving_carriageway,hit_object_off_carriageway,first_point_of_impact,vehicle_left_hand_drive,journey_purpose_of_driver,sex_of_driver,age_of_driver,age_band_of_driver,engine_capacity_cc,propulsion_code,age_of_vehicle,generic_make_model,driver_imd_decile,driver_home_area_type,lsoa_of_driver,escooter_flag
Unvalidated,2024010517033,2024,010517033,1,9,9,99,9,9,99,9,9,99,9,99,9,9,6,3,-1,-1,-1,-1,-1,-1,-1,-1,-1,0
Unvalidated,2024010517033,2024,010517033,2,3,0,99,9,9,99,9,9,99,9,99,9,1,1,1,25,5,-1,-1,-1,-1,3,1,E01033464,0
Unvalidated,2024010517038,2024,010517038,1,9,0,18,4,8,0,8,0,0,0,0,1,1,3,1,56,9,-1,-1,-1,-1,2,1,E01001980,0
Unvalidated,2024010517038,2024,010517038,2,19,0,18,8,4,0,8,0,0,0,0,1,1,1,1,37,7,-1,-1,-1,-1,6,1,E01030586,0
Unvalidated,2024010517040,2024,010517040,1,3,0,99,9,9,99,9,9,99,9,99,9,1,1,1,27,6,-1,-1,-1,-1,4,1,E01001153,0
Unvalidated,2024010517040,2024,010517040,2,9,9,99,9,9,99,9,9,99,9,99,9,9,6,2,-1,-1,-1,-1,-1,-1,-1,-1,-1,0
Unvalidated,2024010517041,2024,010517041,1,3,0,4,5,1,0,1,0,0,0,0,0,1,6,1,23,5,-1,-1,-1,-1,2,1,E01004435,0
Unvalidated,2024010517041,2024,010517041,2,9,0,18,7,3,0,1,0,0,0,0,0,1,1,1,26,6,-1,-1,-1,-1,4,1,E01004401,0
Unvalidated,2024010517042,2024,010517042,1,5,0,18,9,9,99,9,9,99,9,99,1,1,6,1,33,6,-1,-1,-1,-1,2,1,E01000783,0
Unvalidated,2024010517042,2024,010517042,2,19,0,1,9,9,99,9,9,99,9,99,2,9,6,3,-1,-1,-1,-1,-1,-1,-1,-1,-1,0
Unvalidated,2024010517046,2024,010517046,1,9,0,99,9,9,99,9,9,99,9,99,1,9,6,3,-1,-1,-1,-1,-1,-1,-1,-1,-1,0
Unvalidated,2024010517047,2024,010517047,1,3,0,99,9,9,99,9,9,99,9,99,9,1,2,1,37,7,-1,-1,-1,-1,2,1,E01001487,0
Unvalidated,2024010517047,2024,010517047,2,9,0,99,9,9,99,9,9,99,9,99,9,9,6,3,-1,-1,-1,-1,-1,-1,-1,-1,-1,0
Unvalidated,2024010517052,2024,010517052,1,9,0,18,3,7,0,1,1,10,7,0,3,1,2,2,23,5,-1,-1,-1,-1,9,1,E01015941,0
Unvalidated,2024010517052,2024,010517052,2,9,0,18,1,5,0,1,1,0,0,0,1,1,6,1,49,8,-1,-1,-1,-1,3,1,E01000035,0
Unvalidated,2024010517058,2024,010517058,1,9,0,5,7,3,0,1,0,0,0,0,1,1,6,1,41,7,-1,-1,-1,-1,9,1,E01002225,0
Unvalidated,2024010517061,2024,010517061,1,19,0,99,9,9,99,0,9,99,9,99,9,9,6,3,-1,-1,-1,-1,-1,-1,-1,-1,-1,0
Unvalidated,2024010517061,2024,010517061,2,1,9,99,9,9,99,0,9,99,9,99,9,1,2,1,59,9,-1,-1,-1,-1,4,1,E01003277,0
Unvalidated,2024010517063,2024,010517063,1,9,0,9,8,7,0,5,0,0,0,0,3,1,6,1,29,6,-1,-1,-1,-1,5,3,E01021551,0
Unvalidated,2024010517063,2024,010517063,2,1,0,18,8,4,0,1,0,0,0,0,1,1,6,1,33,6,-1,-1,-1,-1,5,1,E01004662,0
Unvalidated,2024010517067,2024,010517067,1,1,9,99,9,9,99,9,9,99,9,99,9,1,6,1,27,6,-1,-1,-1,-1,4,1,E01004254,0
Unvalidated,2024010517067,2024,010517067,2,9,0,99,9,9,99,9,9,99,9,99,1,9,6,3,-1,-1,-1,-1,-1,-1,-1,-1,-1,0
Unvalidated,2024010517070,2024,010517070,1,19,0,18,7,3,0,1,0,11,0,0,4,1,1,1,27,6,-1,-1,-1,-1,4,1,E01017469,0
Unvalidated,2024010517070,2024,010517070,2,1,0,18,7,3,0,1,0,0,0,0,2,1,6,1,18,4,-1,-1,-1,-1,3,1,E01004575,0
Unvalidated,2024010517071,2024,010517071,1,1,9,99,9,9,99,9,9,99,9,99,9,1,2,1,50,8,-1,-1,-1,-1,10,1,E01030350,0
Unvalidated,2024010517071,2024,010517071,2,9,0,99,9,9,99,9,9,99,9,99,1,9,6,3,-1,-1,-1,-1,-1,-1,-1,-1,-1,0
Unvalidated,2024010517073,2024,010517073,1,9,0,18,3,7,0,2,0,0,0,0,1,1,6,3,-1,-1,-1,-1,-1,-1,-1,-1,-1,0
Unvalidated,2024010517075,2024,010517075,1,3,0,99,9,9,99,9,9,8,9,99,9,1,1,1,31,6,-1,-1,-1,-1,6,1,E01003705,0
Unvalidated,2024010517075,2024,010517075,2,9,0,99,9,9,99,9,9,99,9,99,9,9,6,3,-1,-1,-1,-1,-1,-1,-1,-1,-1,0
Unvalidated,2024010517076,2024,010517076,1,9,0,99,9,9,99,9,9,99,9,99,9,9,6,2,27,6,-1,-1,-1,-1,-1,1,-1,0
Unvalidated,2024010517082,2024,010517082,1,9,0,18,3,7,0,4,0,0,0,0,1,1,6,2,43,7,-1,-1,-1,-1,2,1,E01032744,0
Unvalidated,2024010517082,2024,010517082,2,1,0,18,5,1,0,8,0,0,0,0,3,1,6,1,73,10,-1,-1,-1,-1,2,1,E01001215,0
Unvalidated,2024010517086,2024,010517086,1,11,0,18,5,1,0,3,0,0,0,0,0,1,1,1,45,7,-1,-1,-1,-1,5,1,E01003741,0
Unvalidated,2024010517091,2024,010517091,1,21,4,5,5,1,0,0,0,0,0,0,4,1,1,1,65,9,-1,-1,-1,-1,8,1,E01000679,0
Unvalidated,2024010517091,2024,010517091,2,1,0,5,5,1,0,0,0,0,0,0,2,1,2,1,27,6,-1,-1,-1,-1,2,1,E01004584,0
Unvalidated,2024010517092,2024,010517092,1,9,0,17,7,3,0,0,1,0,0,0,3,2,6,2,38,7,-1,-1,-1,-1,2,1,E01001372,0
Unvalidated,2024010517092,2024,010517092,2,9,0,16,3,7,0,0,0,0,0,0,1,1,2,1,27,6,-1,-1,-1,-1,5,1,E01002625,0
Unvalidated,2024010517095,2024,010517095,1,3,0,18,9,9,99,0,9,99,9,99,2,1,2,1,51,8,-1,-1,-1,-1,8,1,E01004506,0
Unvalidated,2024010517095,2024,010517095,2,19,0,11,9,9,99,0,9,99,9,99,1,9,6,1,58,9,-1,-1,-1,-1,9,1,E01031588,0
Unvalidated,2024010517098,2024,010517098,1,3,0,99,9,9,99,9,9,99,9,99,1,1,1,3,31,6,-1,-1,-1,-1,2,1,E01002080,0
Unvalidated,2024010517098,2024,010517098,2,9,9,99,9,9,99,9,9,99,9,99,9,9,6,3,-1,-1,-1,-1,-1,-1,-1,-1,-1,0
Unvalidated,2024010517112,2024,010517112,1,9,0,99,9,9,99,9,9,99,9,99,1,9,6,3,46,8,-1,-1,-1,-1,5,1,E01001088,0
Unvalidated,2024010517113,2024,010517113,1,9,0,18,5,1,0,2,0,0,0,0,4,1,6,1,82,11,-1,-1,-1,-1,5,1,E01004624,0
Unvalidated,2024010517113,2024,010517113,2,21,0,5,5,1,0,2,0,0,0,0,3,1,1,1,27,6,-1,-1,-1,-1,6,1,E01017589,0
Unvalidated,2024010517113,2024,010517113,3,9,0,2,0,0,0,2,0,0,0,0,3,1,6,3,-1,-1,-1,-1,-1,-1,-1,-1,-1,0
Unvalidated,2024010517113,2024,010517113,4,9,0,2,0,0,0,2,0,0,0,0,4,1,6,3,-1,-1,-1,-1,-1,-1,-1,-1,-1,0
Unvalidated,2024010517117,2024,010517117,1,9,0,99,9,9,99,9,9,99,9,99,9,9,2,1,44,7,-1,-1,-1,-1,5,1,E01023304,0
Unvalidated,2024010517117,2024,010517117,2,9,0,99,9,9,99,9,9,99,9,99,9,9,6,3,-1,-1,-1,-1,-1,-1,-1,-1,-1,0
Unvalidated,2024010517126,2024,010517126,1,9,0,99,9,9,99,9,9,99,9,99,2,9,6,1,79,11,-1,-1,-1,-1,6,1,E01003429,0
Unvalidated,2024010517126,2024,010517126,2,9,0,99,9,9,99,9,9,99,9,99,1,9,6,3,-1,-1,-1,-1,-1,-1,-1,-1,-1,0
Unvalidated,2024010517129,2024,010517129,1,3,0,18,5,1,0,2,2,0,0,0,1,1,1,1,19,4,-1,-1,-1,-1,5,1,E01003131,0
Unvalidated,2024010517132,2024,010517132,1,3,0,99,9,9,99,9,9,99,9,99,1,1,6,1,29,6,-1,-1,-1,-1,2,3,E01024135,0
Unvalidated,2024010517132,2024,010517132,2,9,0,99,9,9,99,9,9,99,9,99,9,9,6,3,68,10,-1,-1,-1,-1,4,1,E01001582,0
Unvalidated,2024010517136,2024,010517136,1,1,9,99,9,9,99,9,9,99,9,99,9,1,2,1,29,6,-1,-1,-1,-1,9,1,E01004080,0
Unvalidated,2024010517136,2024,010517136,2,9,0,99,9,9,99,9,9,99,9,99,9,9,6,3,23,5,-1,-1,-1,-1,4,1,E01001173,0
Unvalidated,2024010517145,2024,010517145,1,1,0,18,3,7,0,1,0,0,0,0,1,1,1,1,48,8,-1,-1,-1,-1,6,1,E01001964,0
Unvalidated,2024010517147,2024,010517147,1,9,0,9,5,3,0,8,0,0,0,0,1,1,2,2,33,6,-1,-1,-1,-1,8,1,E01030409,0
Unvalidated,2024010517147,2024,010517147,2,9,0,18,5,1,0,1,0,0,0,0,1,1,6,2,21,5,-1,-1,-1,-1,9,1,E01004115,0
Unvalidated,2024010517149,2024,010517149,1,9,0,18,7,3,0,0,0,0,0,0,1,1,2,1,35,6,-1,-1,-1,-1,3,1,E01024280,0
Unvalidated,2024010517149,2024,010517149,2,9,0,18,3,7,0,0,0,0,0,0,2,1,2,1,33,6,-1,-1,-1,-1,-1,-1,-1,0
Unvalidated,2024010517150,2024,010517150,1,9,0,9,5,2,0,8,0,0,0,0,1,1,6,1,24,5,-1,-1,-1,-1,3,1,E01032115,0
Unvalidated,2024010517150,2024,010517150,2,3,0,18,2,6,0,8,0,0,0,0,1,1,6,1,24,5,-1,-1,-1,-1,-1,-1,-1,0
Unvalidated,2024010517151,2024,010517151,1,2,0,18,3,7,0,1,0,0,1,0,1,1,1,1,23,5,-1,-1,-1,-1,5,1,E01003495,0
Unvalidated,2024010517151,2024,010517151,2,9,0,9,1,7,0,8,0,0,0,0,1,1,6,2,37,7,-1,-1,-1,-1,2,1,E01003509,0
Unvalidated,2024010517151,2024,010517151,3,9,0,2,0,0,6,6,0,0,0,0,2,1,6,3,-1,-1,-1,-1,-1,-1,-1,-1,-1,0
Unvalidated,2024010517159,2024,010517159,1,9,0,18,1,5,0,2,0,10,0,0,1,1,6,1,40,7,-1,-1,-1,-1,5,1,E01003072,0
Unvalidated,2024010517161,2024,010517161,1,1,9,18,9,9,99,1,9,99,9,99,9,1,6,1,31,6,-1,-1,-1,-1,4,1,E01002063,0
Unvalidated,2024010517161,2024,010517161,2,9,0,9,9,9,99,5,9,99,9,99,1,9,6,3,84,11,-1,-1,-1,-1,6,1,E01000871,0
Unvalidated,2024010517162,2024,010517162,1,9,0,18,1,5,0,1,0,0,0,0,1,1,6,1,33,6,-1,-1,-1,-1,1,1,E01001013,0
Unvalidated,2024010517162,2024,010517162,2,5,0,4,1,5,0,1,5,0,1,0,2,1,6,1,59,9,-1,-1,-1,-1,3,1,E01003068,0
Unvalidated,2024010517162,2024,010517162,3,9,0,4,1,5,0,1,0,0,0,0,2,1,6,1,25,5,-1,-1,-1,-1,-1,-1,-1,0
Unvalidated,2024010517166,2024,010517166,1,9,0,18,5,1,0,8,0,0,0,0,1,1,6,1,37,7,-1,-1,-1,-1,4,1,E01003527,0
Unvalidated,2024010517166,2024,010517166,2,9,0,5,5,1,0,8,0,0,0,0,2,1,6,1,61,9,-1,-1,-1,-1,3,1,E01021861,0
Unvalidated,2024010517170,2024,010517170,1,9,0,18,2,6,0,8,0,0,3,0,1,1,1,2,36,7,-1,-1,-1,-1,2,1,E01003591,0
Unvalidated,2024010517170,2024,010517170,2,9,0,18,8,4,0,8,0,0,0,0,4,1,6,1,35,6,-1,-1,-1,-1,5,1,E01001632,0
Unvalidated,2024010517173,2024,010517173,1,9,0,5,5,1,0,8,0,0,0,0,3,1,2,1,39,7,-1,-1,-1,-1,5,1,E01000803,0
Unvalidated,2024010517173,2024,010517173,2,3,0,5,5,1,0,8,0,0,0,0,4,1,2,1,34,6,-1,-1,-1,-1,2,1,E01003321,0
Unvalidated,2024010517174,2024,010517174,1,9,0,18,1,5,0,1,0,0,0,0,1,1,6,3,-1,-1,-1,-1,-1,-1,-1,-1,-1,0
Unvalidated,2024010517174,2024,010517174,2,1,0,18,1,5,0,1,0,0,0,0,1,1,6,1,8,2,-1,-1,-1,-1,1,1,E01004541,0
Unvalidated,2024010517175,2024,010517175,1,9,0,99,9,9,99,9,9,99,9,99,2,9,6,2,25,5,-1,-1,-1,-1,4,1,E01002594,0
Unvalidated,2024010517175,2024,010517175,2,9,0,99,9,9,99,9,9,99,9,99,1,9,6,3,50,8,-1,-1,-1,-1,5,1,E01002556,0
Unvalidated,2024010517176,2024,010517176,1,3,0,15,1,5,0,1,0,0,0,0,1,1,6,1,18,4,-1,-1,-1,-1,2,1,E01000085,0
Unvalidated,2024010517176,2024,010517176,2,9,0,10,5,4,0,1,0,0,0,0,1,1,6,1,33,6,-1,-1,-1,-1,3,1,E01000032,0
Unvalidated,2024010517177,2024,010517177,1,1,9,99,9,9,99,9,9,99,9,99,9,1,6,1,25,5,-1,-1,-1,-1,4,1,E01001174,0
Unvalidated,2024010517177,2024,010517177,2,9,0,99,9,9,99,9,9,99,9,99,1,9,6,3,-1,-1,-1,-1,-1,-1,1,1,E01001155,0
Unvalidated,2024010517178,2024,010517178,1,1,9,99,9,9,99,0,9,99,9,99,0,1,2,2,30,6,-1,-1,-1,-1,6,1,E01003107,0
Unvalidated,2024010517178,2024,010517178,2,9,0,99,9,9,99,0,9,99,9,99,9,9,6,2,21,5,-1,-1,-1,-1,2,1,E01003975,0
Unvalidated,2024010517179,2024,010517179,1,9,0,99,9,9,99,9,9,99,9,99,2,9,6,2,53,8,-1,-1,-1,-1,5,1,E01002229,0
Unvalidated,2024010517179,2024,010517179,2,9,0,18,5,1,0,1,0,0,0,0,1,1,6,3,-1,-1,-1,-1,-1,-1,-1,-1,-1,0
Unvalidated,2024010517180,2024,010517180,1,9,0,99,9,9,99,9,9,99,9,99,1,9,6,1,45,7,-1,-1,-1,-1,6,1,E01000414,0
Unvalidated,2024010517180,2024,010517180,2,9,9,99,9,9,99,9,9,99,9,99,9,9,6,1,61,9,-1,-1,-1,-1,5,1,E01001611,0
Unvalidated,2024010517181,2024,010517181,1,3,0,14,1,5,0,1,1,0,0,0,1,1,6,1,23,5,-1,-1,-1,-1,2,1,E01001357,0
Unvalidated,2024010517182,2024,010517182,1,9,0,5,1,5,0,6,0,0,0,0,3,1,6,1,44,7,-1,-1,-1,-1,5,1,E01000398,0
Unvalidated,2024010517188,2024,010517188,1,9,0,9,7,5,0,5,0,0,0,0,1,1,6,1,40,7,-1,-1,-1,-1,6,1,E01002565,0
Unvalidated,2024010517188,2024,010517188,2,1,0,13,7,3,4,1,0,0,2,4,3,1,6,1,31,6,-1,-1,-1,-1,8,1,E01001384,0
Unvalidated,2024010517196,2024,010517196,1,3,0,15,7,3,0,1,0,0,0,0,3,1,2,1,25,5,-1,-1,-1,-1,3,1,E01001000,0
Unvalidated,2024010517200,2024,010517200,1,9,0,99,9,9,99,9,9,99,9,99,2,9,6,2,37,7,-1,-1,-1,-1,2,1,E01002086,0
Unvalidated,2024010517200,2024,010517200,2,9,0,99,9,9,99,9,9,99,9,99,1,9,6,3,-1,-1,-1,-1,-1,-1,-1,-1,-1,0
Unvalidated,2024010517204,2024,010517204,1,9,0,2,0,0,0,0,0,0,0,0,2,1,6,3,-1,-1,-1,-1,-1,-1,-1,-1,-1,0
Unvalidated,2024010517204,2024,010517204,2,9,0,18,7,3,0,0,0,0,0,0,1,1,6,1,32,6,-1,-1,-1,-1,7,1,E01001026,0
Unvalidated,2024010517207,2024,010517207,1,9,0,18,1,5,0,1,0,0,0,0,1,1,6,3,-1,-1,-1,-1,-1,-1,-1,-1,-1,0
Unvalidated,2024010517207,2024,010517207,2,1,0,18,8,4,0,1,5,0,0,0,4,1,6,1,23,5,-1,-1,-1,-1,3,1,E01003017,0
Unvalidated,2024010517208,2024,010517208,1,9,0,99,9,9,99,9,9,99,9,99,9,9,6,3,-1,-1,-1,-1,-1,-1,-1,-1,-1,0
Unvalidated,2024010517208,2024,010517208,2,3,0,99,9,9,99,9,9,99,9,99,1,1,6,1,17,4,-1,-1,-1,-1,1,1,E01001559,0
Unvalidated,2024010517215,2024,010517215,1,11,0,14,7,3,0,1,0,0,0,0,1,1,1,1,51,8,-1,-1,-1,-1,5,1,E01004523,0
Unvalidated,2024010517215,2024,010517215,2,90,0,2,0,0,0,1,0,0,0,0,2,1,6,3,-1,-1,-1,-1,-1,-1,-1,-1,-1,0
Unvalidated,2024010517226,2024,010517226,1,19,0,99,9,9,99,9,9,99,9,99,2,9,1,1,31,6,-1,-1,-1,-1,2,1,E01001940,0
Unvalidated,2024010517226,2024,010517226,2,9,9,99,9,9,99,9,9,99,9,99,9,9,6,1,76,11,-1,-1,-1,-1,6,1,E01002984,0
Unvalidated,2024010517233,2024,010517233,1,9,0,11,3,7,0,0,0,0,0,0,4,1,2,1,21,5,-1,-1,-1,-1,-1,-1,-1,0
Unvalidated,2024010517233,2024,010517233,2,3,0,18,3,7,0,0,0,0,0,0,3,1,6,1,28,6,-1,-1,-1,-1,2,1,E01000095,0
Unvalidated,2024010517234,2024,010517234,1,9,9,99,9,9,0,9,0,99,0,0,9,9,6,3,-1,-1,-1,-1,-1,-1,-1,-1,-1,0
Unvalidated,2024010517241,2024,010517241,1,1,9,99,9,9,99,9,9,99,9,99,1,1,2,1,46,8,-1,-1,-1,-1,9,1,E01003806,0
Unvalidated,2024010517241,2024,010517241,2,19,0,99,9,9,99,9,9,99,9,99,9,9,6,1,55,8,-1,-1,-1,-1,7,3,E01022175,0
Unvalidated,2024010517244,2024,010517244,1,4,0,99,9,9,99,0,9,99,9,99,9,1,1,1,25,5,-1,-1,-1,-1,3,1,E01003405,0
Unvalidated,2024010517244,2024,010517244,2,9,0,99,9,9,99,0,9,99,9,99,9,9,6,3,-1,-1,-1,-1,-1,-1,1,1,-1,0
Unvalidated,2024010517246,2024,010517246,1,9,0,7,1,3,0,1,0,0,0,0,4,1,6,1,38,7,-1,-1,-1,-1,3,1,E01003572,0
Unvalidated,2024010517246,2024,010517246,2,1,0,18,1,5,0,1,0,0,0,0,1,1,2,1,28,6,-1,-1,-1,-1,5,1,E01000274,0
Unvalidated,2024010517249,2024,010517249,1,3,0,99,9,9,99,0,9,99,9,99,9,1,6,3,23,5,-1,-1,-1,-1,8,1,E01001604,0
Unvalidated,2024010517249,2024,010517249,2,9,9,99,9,9,99,0,9,99,9,99,9,9,6,3,-1,-1,-1,-1,-1,-1,-1,-1,-1,0
Unvalidated,2024010517257,2024,010517257,1,1,9,99,9,9,4,1,9,99,9,99,9,1,6,1,43,7,-1,-1,-1,-1,4,1,E01003053,0
Unvalidated,2024010517257,2024,010517257,2,19,0,99,9,9,99,5,9,99,9,99,1,9,6,3,-1,-1,-1,-1,-1,-1,-1,-1,-1,0
Unvalidated,2024010517258,2024,010517258,1,9,0,99,9,9,99,9,9,99,9,99,1,9,6,2,34,6,-1,-1,-1,-1,4,1,E01000112,0
Unvalidated,2024010517258,2024,010517258,2,9,0,99,9,9,99,9,9,99,9,99,2,9,6,3,55,8,-1,-1,-1,-1,2,1,E01000091,0
Unvalidated,2024010517260,2024,010517260,1,4,0,13,1,5,0,8,0,0,0,0,4,1,6,1,32,6,-1,-1,-1,-1,2,1,E01003509,0
Unvalidated,2024010517260,2024,010517260,2,9,0,9,1,7,0,5,0,0,0,0,3,1,6,1,50,8,-1,-1,-1,-1,3,1,E01022375,0
Unvalidated,2024010517268,2024,010517268,1,3,0,99,9,9,99,0,9,99,9,99,1,1,1,1,39,7,-1,-1,-1,-1,8,1,E01003361,0
Unvalidated,2024010517268,2024,010517268,2,9,9,99,9,9,99,0,9,99,9,99,9,9,6,3,-1,-1,-1,-1,-1,-1,-1,-1,-1,0
Unvalidated,2024010517271,2024,010517271,1,1,9,99,9,9,99,9,9,99,9,99,1,1,6,1,29,6,-1,-1,-1,-1,9,1,E01004542,0
Unvalidated,2024010517271,2024,010517271,2,9,0,99,9,9,99,9,9,99,9,99,9,9,6,3,-1,-1,-1,-1,-1,-1,-1,-1,-1,0
Unvalidated,2024010517272,2024,010517272,1,9,0,5,3,7,0,1,0,0,0,0,1,1,6,1,76,11,-1,-1,-1,-1,1,1,E01001356,0
Unvalidated,2024010517278,2024,010517278,1,19,0,9,1,6,0,6,0,0,7,0,1,1,2,1,54,8,-1,-1,-1,-1,6,1,E01031586,0
Unvalidated,2024010517285,2024,010517285,1,9,0,9,1,7,0,1,0,0,0,0,1,1,1,1,25,5,-1,-1,-1,-1,5,1,E01004644,0
Unvalidated,2024010517285,2024,010517285,2,1,0,18,7,3,0,1,0,0,0,0,1,1,2,1,30,6,-1,-1,-1,-1,-1,-1,-1,0
Unvalidated,2024010517292,2024,010517292,1,3,0,18,5,1,0,2,0,0,0,0,2,1,1,2,27,6,-1,-1,-1,-1,3,1,E01000510,0
Unvalidated,2024010517292,2024,010517292,2,3,0,18,5,1,0,2,0,0,0,0,2,1,1,1,35,6,-1,-1,-1,-1,3,1,E01001243,0
Unvalidated,2024010517292,2024,010517292,3,4,0,18,5,1,0,2,0,0,0,0,2,1,1,1,36,7,-1,-1,-1,-1,5,1,E01000489,0
Unvalidated,2024010517295,2024,010517295,1,9,0,9,3,1,0,2,0,0,0,0,3,1,6,2,35,6,-1,-1,-1,-1,6,1,E01032780,0
Unvalidated,2024010517295,2024,010517295,2,9,0,13,1,5,0,1,0,0,0,0,1,1,6,1,20,4,-1,-1,-1,-1,4,1,E01032773,0
Unvalidated,2024010517303,2024,010517303,1,9,0,99,9,9,99,9,9,99,9,99,9,9,6,3,-1,-1,-1,-1,-1,-1,-1,-1,-1,0
Unvalidated,2024010517303,2024,010517303,2,1,9,99,9,9,99,9,9,99,9,99,9,1,2,1,53,8,-1,-1,-1,-1,10,1,E01023853,0
Unvalidated,2024010517304,2024,010517304,1,9,0,18,1,5,0,2,0,0,0,0,1,1,2,1,39,7,-1,-1,-1,-1,-1,-1,-1,0
Unvalidated,2024010517306,2024,010517306,1,9,0,99,9,9,99,9,9,99,9,99,2,9,1,1,47,8,-1,-1,-1,-1,3,1,E01000622,0
Unvalidated,2024010517306,2024,010517306,2,9,0,99,9,9,99,9,9,99,9,99,1,9,6,3,-1,-1,-1,-1,-1,-1,-1,-1,-1,0
Unvalidated,2024010517306,2024,010517306,3,9,9,99,9,9,99,9,9,99,9,99,9,9,6,3,-1,-1,-1,-1,-1,-1,-1,-1,-1,0
Unvalidated,2024010517307,2024,010517307,1,9,9,99,9,9,0,9,0,99,0,0,9,9,6,3,-1,-1,-1,-1,-1,-1,-1,-1,-1,0
Unvalidated,2024010517311,2024,010517311,1,3,0,99,9,9,99,9,9,99,9,99,9,1,1,2,29,6,-1,-1,-1,-1,4,1,E01000570,0
Unvalidated,2024010517311,2024,010517311,2,9,0,99,9,9,99,9,9,99,9,99,9,9,6,3,-1,-1,-1,-1,-1,-1,-1,-1,-1,0
Unvalidated,2024010517312,2024,010517312,1,19,0,7,5,7,0,5,0,0,0,0,4,1,1,1,57,9,-1,-1,-1,-1,1,1,E01010616,0
Unvalidated,2024010517312,2024,010517312,2,1,0,18,7,3,2,8,0,0,0,0,3,1,6,2,61,9,-1,-1,-1,-1,2,1,E01002708,0
Unvalidated,2024010517313,2024,010517313,1,9,0,7,3,5,0,4,0,0,0,0,0,1,6,1,65,9,-1,-1,-1,-1,2,1,E01000600,0
Unvalidated,2024010517313,2024,010517313,2,21,1,3,3,7,0,4,0,0,0,0,4,1,1,1,57,9,-1,-1,-1,-1,9,1,E01023753,0
Unvalidated,2024010517315,2024,010517315,1,9,0,16,5,1,0,0,0,7,0,0,1,1,6,1,48,8,-1,-1,-1,-1,10,1,E01002961,0
Unvalidated,2024010517319,2024,010517319,1,9,0,99,9,9,99,5,9,99,9,99,3,9,6,2,56,9,-1,-1,-1,-1,10,1,E01004106,0
Unvalidated,2024010517319,2024,010517319,2,5,0,99,9,9,99,1,9,99,9,99,0,1,6,3,-1,-1,-1,-1,-1,-1,-1,-1,-1,0
Unvalidated,2024010517323,2024,010517323,1,9,0,7,7,2,0,5,0,0,0,0,4,1,2,1,59,9,-1,-1,-1,-1,5,1,E01001803,0
Unvalidated,2024010517323,2024,010517323,2,90,0,18,7,3,0,8,0,0,0,0,1,1,6,1,46,8,-1,-1,-1,-1,3,1,E01001801,1
Unvalidated,2024010517327,2024,010517327,1,11,9,99,9,9,99,9,9,99,9,99,9,1,6,3,-1,-1,-1,-1,-1,-1,-1,-1,-1,0
Unvalidated,2024010517330,2024,010517330,1,1,9,99,9,9,99,9,9,99,9,99,9,1,2,1,28,6,-1,-1,-1,-1,2,1,E01033578,0
Unvalidated,2024010517332,2024,010517332,1,3,0,99,9,9,99,9,9,99,9,99,9,1,2,2,35,6,-1,-1,-1,-1,4,1,E01001087,0
Unvalidated,2024010517332,2024,010517332,2,8,0,99,9,9,99,9,9,99,9,99,9,9,6,3,47,8,-1,-1,-1,-1,3,1,E01001175,0
Unvalidated,2024010517333,2024,010517333,1,9,0,7,5,7,0,5,0,7,0,0,1,1,6,1,22,5,-1,-1,-1,-1,3,1,E01000586,0
Unvalidated,2024010517335,2024,010517335,1,9,0,18,5,1,0,1,0,0,0,0,1,1,6,3,-1,-1,-1,-1,-1,-1,-1,-1,-1,0
Unvalidated,2024010517335,2024,010517335,2,22,0,18,7,3,0,1,0,0,0,0,1,1,6,2,60,9,-1,-1,-1,-1,5,1,E01003058,0
Unvalidated,2024010517337,2024,010517337,1,1,9,99,9,9,99,9,9,99,9,99,1,1,6,2,34,6,-1,-1,-1,-1,2,1,E01003174,0
Unvalidated,2024010517337,2024,010517337,2,9,0,99,9,9,99,9,9,99,9,99,1,9,6,3,-1,-1,-1,-1,-1,-1,-1,-1,-1,0
Unvalidated,2024010517346,2024,010517346,1,19,0,7,5,7,0,1,0,0,0,0,4,1,1,1,38,7,-1,-1,-1,-1,5,1,E01017440,0
Unvalidated,2024010517346,2024,010517346,2,1,0,18,5,1,0,1,0,0,0,0,3,1,2,1,26,6,-1,-1,-1,-1,4,1,E01001974,0
Unvalidated,2024010517348,2024,010517348,1,5,0,99,9,9,99,9,9,99,9,99,9,1,6,1,35,6,-1,-1,-1,-1,7,3,E01022087,0
Unvalidated,2024010517348,2024,010517348,2,9,0,99,9,9,99,9,9,99,9,99,1,9,6,3,-1,-1,-1,-1,-1,-1,-1,-1,-1,0
Unvalidated,2024010517350,2024,010517350,1,3,0,18,5,1,0,1,0,0,0,0,1,1,6,1,18,4,-1,-1,-1,-1,4,1,E01002869,0
Unvalidated,2024010517350,2024,010517350,2,9,0,18,5,1,9,1,0,0,0,0,2,1,6,1,65,9,-1,-1,-1,-1,4,1,E01002908,0