status,collision_index,collision_year,collision_reference,vehicle_reference,vehicle_type,towing_and_articulation,vehicle_manoeuvre,vehicle_direction_from,vehicle_direction_to,vehicle_location_restricted_lane,junction_location,skidding_and_overturning,hit_object_in_carriageway,vehicle_leaving_carriageway,hit_object_off_carriageway,first_point_of_impact,vehicle_left_hand_drive,journey_purpose_of_driver,sex_of_driver,age_of_driver,age_band_of_driver,engine_capacity_cc,propulsion_code,age_of_vehicle,generic_make_model,driver_imd_decile,driver_home_area_type,lsoa_of_driver,escooter_flag
Unvalidated,2024010517355,2024,010517355,1,9,0,9,8,5,0,1,0,0,0,0,2,1,3,2,39,7,-1,-1,-1,-1,2,1,E01001722,0
Unvalidated,2024010517355,2024,010517355,2,9,0,18,5,1,0,1,0,0,0,0,1,1,6,3,-1,-1,-1,-1,-1,-1,-1,-1,-1,0
Unvalidated,2024010517357,2024,010517357,1,9,0,18,7,3,0,1,0,0,0,0,1,1,6,1,28,6,-1,-1,-1,-1,4,1,E01004128,0
Unvalidated,2024010517357,2024,010517357,2,1,0,18,1,5,9,1,0,0,0,0,1,1,6,1,9,2,-1,-1,-1,-1,3,1,E01004189,0
Unvalidated,2024010517358,2024,010517358,1,9,0,18,1,5,0,1,0,0,0,0,4,1,6,1,55,8,-1,-1,-1,-1,3,1,E01002027,0
Unvalidated,2024010517358,2024,010517358,2,1,0,18,1,5,2,1,0,4,2,1,1,1,6,1,27,6,-1,-1,-1,-1,-1,-1,-1,0
Unvalidated,2024010517359,2024,010517359,1,9,0,99,9,9,99,9,9,99,9,99,2,9,2,1,29,6,-1,-1,-1,-1,10,1,E01032763,0
Unvalidated,2024010517359,2024,010517359,2,9,0,99,9,9,99,9,9,99,9,99,1,9,6,3,-1,-1,-1,-1,-1,-1,3,1,E01000010,0
Unvalidated,2024010517362,2024,010517362,1,11,0,18,3,7,0,2,0,0,0,0,1,1,1,1,52,8,-1,-1,-1,-1,2,1,E01004011,0
Unvalidated,2024010517364,2024,010517364,1,9,0,14,6,2,0,0,0,0,0,0,3,1,6,2,40,7,-1,-1,-1,-1,4,1,E01001459,0
Unvalidated,2024010517364,2024,010517364,2,3,0,14,6,2,0,0,0,0,0,0,4,1,6,1,34,6,-1,-1,-1,-1,2,1,E01000008,0
Unvalidated,2024010517366,2024,010517366,1,9,0,18,3,7,0,0,0,0,0,0,1,1,2,2,36,7,-1,-1,-1,-1,8,1,E01000426,0
Unvalidated,2024010517368,2024,010517368,1,9,0,5,0,7,0,0,0,0,0,0,1,1,3,2,36,7,-1,-1,-1,-1,7,1,E01001580,0
Unvalidated,2024010517368,2024,010517368,2,5,0,18,7,3,0,0,0,0,0,0,1,1,2,1,57,9,-1,-1,-1,-1,1,1,E01024612,0
Unvalidated,2024010517371,2024,010517371,1,9,0,5,7,3,0,6,0,0,0,0,3,1,6,1,33,6,-1,-1,-1,-1,1,1,E01004298,0
Unvalidated,2024010517371,2024,010517371,2,90,0,18,7,3,0,8,0,0,0,0,4,1,1,1,24,5,-1,-1,-1,-1,2,1,E01002702,0
Unvalidated,2024010517375,2024,010517375,1,1,9,99,9,9,99,1,9,99,9,99,1,1,2,2,43,7,-1,-1,-1,-1,10,1,E01003858,0
Unvalidated,2024010517375,2024,010517375,2,9,0,99,9,9,99,5,9,99,9,99,9,9,6,1,48,8,-1,-1,-1,-1,2,1,E01003044,0
Unvalidated,2024010517381,2024,010517381,1,1,0,18,1,5,0,2,0,0,1,0,1,1,2,1,59,9,-1,-1,-1,-1,5,1,E01004519,0
Unvalidated,2024010517381,2024,010517381,2,9,0,18,1,5,0,8,0,0,0,0,1,1,6,3,-1,-1,-1,-1,-1,-1,-1,-1,-1,0
Unvalidated,2024010517383,2024,010517383,1,9,0,9,3,8,0,6,0,0,0,0,1,1,6,2,38,7,-1,-1,-1,-1,6,1,E01000568,0
Unvalidated,2024010517383,2024,010517383,2,9,0,18,1,5,0,2,0,0,1,4,4,1,6,1,36,7,-1,-1,-1,-1,5,1,E01002232,0
Unvalidated,2024010517384,2024,010517384,1,9,0,18,1,5,0,1,0,0,0,0,1,1,6,1,44,7,-1,-1,-1,-1,6,1,E01002138,0
Unvalidated,2024010517384,2024,010517384,2,9,0,3,1,5,0,1,0,0,0,0,2,1,6,2,54,8,-1,-1,-1,-1,8,1,E01002207,0
Unvalidated,2024010517386,2024,010517386,1,9,0,99,9,9,99,9,9,99,9,99,9,9,6,1,59,9,-1,-1,-1,-1,4,1,E01002802,0
Unvalidated,2024010517386,2024,010517386,2,1,9,99,9,9,99,9,9,99,9,99,9,1,6,3,-1,-1,-1,-1,-1,-1,-1,-1,-1,0
Unvalidated,2024010517388,2024,010517388,1,9,0,18,5,1,0,8,0,0,0,0,1,1,6,3,-1,-1,-1,-1,-1,-1,-1,-1,-1,0
Unvalidated,2024010517389,2024,010517389,1,3,0,18,7,3,0,1,0,0,0,0,1,1,1,1,43,7,-1,-1,-1,-1,6,1,E01003753,0
Unvalidated,2024010517389,2024,010517389,2,9,0,9,3,1,0,1,0,0,0,0,1,1,6,1,36,7,-1,-1,-1,-1,3,1,E01003708,0
Unvalidated,2024010517392,2024,010517392,1,9,0,5,5,1,0,1,0,0,0,0,1,1,2,1,19,4,-1,-1,-1,-1,6,1,E01001160,0
Unvalidated,2024010517393,2024,010517393,1,1,0,18,3,7,0,1,5,0,0,0,0,1,6,1,52,8,-1,-1,-1,-1,6,1,E01000238,0
Unvalidated,2024010517393,2024,010517393,2,9,0,5,1,5,0,2,0,0,0,0,0,1,6,3,-1,-1,-1,-1,-1,-1,-1,-1,-1,0
Unvalidated,2024010517403,2024,010517403,1,3,0,18,1,5,0,2,0,10,0,0,4,1,6,1,39,7,-1,-1,-1,-1,2,1,E01002003,0
Unvalidated,2024010517404,2024,010517404,1,9,0,99,9,9,0,7,0,0,0,0,1,9,6,1,56,9,-1,-1,-1,-1,3,1,E01002491,0
Unvalidated,2024010517404,2024,010517404,2,9,0,99,9,9,0,9,9,99,9,99,1,9,6,3,66,10,-1,-1,-1,-1,2,1,E01003237,0
Unvalidated,2024010517413,2024,010517413,1,9,0,2,0,0,0,0,0,0,0,0,2,1,6,3,-1,-1,-1,-1,-1,-1,-1,-1,-1,0
Unvalidated,2024010517413,2024,010517413,2,9,0,2,0,0,0,0,0,0,0,0,4,1,6,3,-1,-1,-1,-1,-1,-1,-1,-1,-1,0
Unvalidated,2024010517413,2024,010517413,3,9,0,18,3,7,0,0,0,4,0,0,1,1,6,2,18,4,-1,-1,-1,-1,10,1,E01000458,0
Unvalidated,2024010517414,2024,010517414,1,9,0,2,0,0,0,0,0,0,0,0,1,1,6,3,-1,-1,-1,-1,-1,-1,-1,-1,-1,0
Unvalidated,2024010517414,2024,010517414,2,9,0,18,3,7,0,0,0,4,0,0,1,1,2,2,52,8,-1,-1,-1,-1,3,1,E01002276,0
Unvalidated,2024010517423,2024,010517423,1,9,0,5,1,5,0,2,0,0,0,0,1,1,2,2,49,8,-1,-1,-1,-1,5,1,E01000615,0
Unvalidated,2024010517430,2024,010517430,1,4,0,10,5,2,0,1,0,0,0,0,3,1,2,1,53,8,-1,-1,-1,-1,-1,-1,-1,0
Unvalidated,2024010517430,2024,010517430,2,3,0,15,8,4,0,1,0,0,0,0,1,1,6,1,32,6,-1,-1,-1,-1,-1,-1,-1,0
Unvalidated,2024010517448,2024,010517448,1,9,9,99,9,9,99,9,9,99,9,99,9,9,6,3,-1,-1,-1,-1,-1,-1,-1,-1,-1,0
Unvalidated,2024010517448,2024,010517448,2,3,0,99,9,9,99,9,9,99,9,99,9,1,1,1,25,5,-1,-1,-1,-1,2,1,E01000626,0
Unvalidated,2024010517450,2024,010517450,1,1,9,99,9,9,99,9,9,99,9,99,9,1,2,2,33,6,-1,-1,-1,-1,4,1,E01003793,0
Unvalidated,2024010517450,2024,010517450,2,19,0,99,9,9,99,9,9,99,9,99,9,9,6,3,-1,-1,-1,-1,-1,-1,-1,-1,-1,0
Unvalidated,2024010517458,2024,010517458,1,9,0,9,7,5,0,8,0,0,0,0,1,1,1,1,59,9,-1,-1,-1,-1,2,1,E01003346,0
Unvalidated,2024010517458,2024,010517458,2,1,0,18,3,7,0,8,0,0,0,0,1,1,3,2,44,7,-1,-1,-1,-1,7,1,E01003064,0
Unvalidated,2024010517467,2024,010517467,1,9,0,5,6,2,0,4,0,0,0,0,1,1,6,1,74,10,-1,-1,-1,-1,8,1,E01003830,0
Unvalidated,2024010517467,2024,010517467,2,1,0,5,7,3,0,4,0,0,0,0,1,1,6,1,24,5,-1,-1,-1,-1,4,1,E01002621,0
Unvalidated,2024010517468,2024,010517468,1,3,0,99,9,9,99,1,9,99,9,99,9,1,6,3,24,5,-1,-1,-1,-1,2,1,E01016909,0
Unvalidated,2024010517468,2024,010517468,2,9,0,99,9,9,99,9,9,99,9,99,9,9,6,3,-1,-1,-1,-1,-1,-1,-1,-1,-1,0
Unvalidated,2024010517477,2024,010517477,1,9,0,99,9,9,99,9,9,99,9,99,9,9,6,1,29,6,-1,-1,-1,-1,4,1,E01000745,0
Unvalidated,2024010517477,2024,010517477,2,11,0,99,9,9,99,9,9,99,9,99,9,9,6,1,24,5,-1,-1,-1,-1,5,1,E01001646,0
Unvalidated,2024010517478,2024,010517478,1,9,0,99,9,9,99,9,9,99,9,99,9,9,6,3,-1,-1,-1,-1,-1,-1,-1,-1,-1,0
Unvalidated,2024010517478,2024,010517478,2,3,0,99,9,9,99,9,9,99,9,99,9,1,1,1,31,6,-1,-1,-1,-1,3,1,E01001492,0
Unvalidated,2024010517480,2024,010517480,1,11,0,5,1,5,0,2,0,0,0,0,0,1,1,1,45,7,-1,-1,-1,-1,-1,-1,-1,0
Unvalidated,2024010517483,2024,010517483,1,9,0,18,1,5,0,1,0,0,0,0,1,1,6,2,31,6,-1,-1,-1,-1,2,1,E01003290,0
Unvalidated,2024010517483,2024,010517483,2,9,0,9,5,3,0,1,0,0,0,0,1,1,1,2,45,7,-1,-1,-1,-1,3,1,E01003250,0
Unvalidated,2024010517484,2024,010517484,1,19,0,4,3,7,0,0,0,0,0,0,2,1,1,1,45,7,-1,-1,-1,-1,6,1,E01003378,0
Unvalidated,2024010517484,2024,010517484,2,9,0,5,3,7,0,0,0,0,0,0,1,1,6,2,39,7,-1,-1,-1,-1,5,1,E01004127,0
Unvalidated,2024010517486,2024,010517486,1,3,0,99,9,9,99,9,9,99,9,99,9,1,6,3,34,6,-1,-1,-1,-1,4,1,E01004612,0
Unvalidated,2024010517486,2024,010517486,2,9,0,99,9,9,99,9,9,99,9,99,9,9,6,3,-1,-1,-1,-1,-1,-1,-1,-1,-1,0
Unvalidated,2024010517490,2024,010517490,1,1,9,99,9,9,99,9,9,99,9,99,9,1,6,2,62,9,-1,-1,-1,-1,1,1,E01000953,0
Unvalidated,2024010517490,2024,010517490,2,9,9,99,9,9,99,9,9,99,9,99,9,9,6,1,78,11,-1,-1,-1,-1,4,1,E01000503,0
Unvalidated,2024010517493,2024,010517493,1,3,0,15,5,1,0,0,0,0,0,0,4,1,6,1,19,4,-1,-1,-1,-1,7,1,E01000237,0
Unvalidated,2024010517493,2024,010517493,2,9,0,18,5,1,0,0,0,0,0,0,3,1,6,3,-1,-1,-1,-1,-1,-1,-1,-1,-1,0
Unvalidated,2024010517493,2024,010517493,3,9,0,2,0,0,0,0,0,0,0,0,1,1,6,3,-1,-1,-1,-1,-1,-1,-1,-1,-1,0
Unvalidated,2024010517500,2024,010517500,1,9,0,18,8,4,0,2,0,0,0,0,1,1,6,2,57,9,-1,-1,-1,-1,-1,-1,-1,0
Unvalidated,2024010517500,2024,010517500,2,1,0,18,8,4,0,2,0,0,0,0,4,1,6,1,43,7,-1,-1,-1,-1,3,1,E01002559,0
Unvalidated,2024010517509,2024,010517509,1,11,0,5,5,1,0,2,0,0,0,0,0,1,1,1,37,7,-1,-1,-1,-1,2,1,E01001911,0
Unvalidated,2024010517511,2024,010517511,1,1,9,99,9,9,99,1,9,99,9,99,0,1,2,1,59,9,-1,-1,-1,-1,5,1,E01002214,0
Unvalidated,2024010517511,2024,010517511,2,9,0,99,9,9,99,6,9,99,9,99,9,9,6,3,-1,-1,-1,-1,-1,-1,-1,-1,-1,0
Unvalidated,2024010517512,2024,010517512,1,9,0,8,1,3,0,6,0,0,0,0,2,1,6,2,53,8,-1,-1,-1,-1,6,1,E01001571,0
Unvalidated,2024010517512,2024,010517512,2,11,0,8,1,3,0,1,0,0,0,0,1,1,1,1,43,7,-1,-1,-1,-1,6,1,E01033742,0
Unvalidated,2024010517513,2024,010517513,1,9,0,9,8,5,0,5,0,0,0,0,3,1,1,1,44,7,-1,-1,-1,-1,5,1,E01033573,0
Unvalidated,2024010517513,2024,010517513,2,3,0,9,8,5,0,5,2,0,7,11,4,1,1,1,39,7,-1,-1,-1,-1,4,1,E01000229,0
Unvalidated,2024010517514,2024,010517514,1,9,0,10,2,7,0,1,0,0,0,0,2,1,2,2,49,8,-1,-1,-1,-1,9,1,E01000421,0
Unvalidated,2024010517514,2024,010517514,2,3,0,18,1,5,0,1,0,0,0,0,1,1,1,1,26,6,-1,-1,-1,-1,-1,-1,-1,0
Unvalidated,2024010517515,2024,010517515,1,3,0,99,9,9,99,9,9,99,9,99,2,1,1,1,37,7,-1,-1,-1,-1,2,1,E01001110,0
Unvalidated,2024010517515,2024,010517515,2,9,0,99,9,9,99,9,9,99,9,99,1,9,6,3,-1,-1,-1,-1,-1,-1,-1,-1,-1,0
Unvalidated,2024010517523,2024,010517523,1,19,0,10,7,5,0,8,0,0,0,0,2,1,1,1,20,4,-1,-1,-1,-1,4,1,E01001459,0
Unvalidated,2024010517524,2024,010517524,1,5,0,15,2,6,0,1,0,0,3,0,3,1,6,1,27,6,-1,-1,-1,-1,3,1,E01017500,0
Unvalidated,2024010517524,2024,010517524,2,9,0,10,1,6,0,5,0,0,0,0,4,1,1,1,60,9,-1,-1,-1,-1,6,1,E01001870,0
Unvalidated,2024010517527,2024,010517527,1,9,0,99,9,9,99,9,9,99,9,99,1,9,2,2,25,5,-1,-1,-1,-1,2,1,E01002282,0
Unvalidated,2024010517527,2024,010517527,2,9,0,99,9,9,99,9,9,99,9,99,0,9,6,3,-1,-1,-1,-1,-1,-1,-1,-1,-1,0
Unvalidated,2024010517528,2024,010517528,1,11,0,99,9,9,99,9,9,99,9,99,0,9,1,1,48,8,-1,-1,-1,-1,6,1,E01003753,0
Unvalidated,2024010517528,2024,010517528,2,90,9,99,9,9,99,9,9,99,9,99,9,9,6,3,-1,-1,-1,-1,-1,-1,-1,-1,-1,0
Unvalidated,2024010517529,2024,010517529,1,9,0,18,3,7,0,0,5,4,0,0,1,1,1,2,36,7,-1,-1,-1,-1,2,1,E01000012,0
Unvalidated,2024010517529,2024,010517529,2,9,0,2,0,0,0,0,1,0,0,0,2,1,6,3,-1,-1,-1,-1,-1,-1,-1,-1,-1,0
Unvalidated,2024010517529,2024,010517529,3,9,0,2,0,0,0,0,0,0,0,0,4,1,6,3,-1,-1,-1,-1,-1,-1,-1,-1,-1,0
Unvalidated,2024010517529,2024,010517529,4,9,0,2,0,0,0,0,0,0,0,0,2,1,6,3,-1,-1,-1,-1,-1,-1,-1,-1,-1,0
Unvalidated,2024010517531,2024,010517531,1,9,0,18,1,5,0,9,0,99,0,0,9,1,6,1,35,6,-1,-1,-1,-1,3,1,E01003728,0
Unvalidated,2024010517534,2024,010517534,1,3,0,18,9,9,99,0,9,99,9,99,9,1,1,1,33,6,-1,-1,-1,-1,6,1,E01000981,0
Unvalidated,2024010517534,2024,010517534,2,9,0,5,9,9,99,0,9,99,9,99,9,9,6,3,24,5,-1,-1,-1,-1,4,1,E01001140,0
Unvalidated,2024010517538,2024,010517538,1,1,9,99,9,9,99,9,9,99,9,99,9,1,2,2,33,6,-1,-1,-1,-1,3,1,E01004540,0
Unvalidated,2024010517538,2024,010517538,2,98,0,99,9,9,99,9,9,99,9,99,9,9,6,3,-1,-1,-1,-1,-1,-1,-1,-1,-1,0
Unvalidated,2024010517540,2024,010517540,1,9,0,99,9,9,99,9,9,99,9,99,1,9,6,2,44,7,-1,-1,-1,-1,6,1,E01002565,0
Unvalidated,2024010517540,2024,010517540,2,9,0,99,9,9,99,9,9,99,9,99,1,9,6,3,-1,-1,-1,-1,-1,-1,-1,-1,-1,0
Unvalidated,2024010517542,2024,010517542,1,9,0,9,3,1,0,1,0,0,0,0,3,1,2,1,53,8,-1,-1,-1,-1,4,1,E01023883,0
Unvalidated,2024010517542,2024,010517542,2,1,0,18,3,7,0,1,5,0,0,0,1,1,6,1,39,7,-1,-1,-1,-1,3,1,E01000222,0
Unvalidated,2024010517544,2024,010517544,1,3,0,18,1,5,0,1,0,0,1,0,1,1,6,1,31,6,-1,-1,-1,-1,3,1,E01004756,0
Unvalidated,2024010517544,2024,010517544,2,90,0,18,5,1,0,1,0,0,1,0,1,1,6,3,24,5,-1,-1,-1,-1,-1,-1,-1,1
Unvalidated,2024010517545,2024,010517545,1,9,0,17,7,3,0,8,0,0,0,0,1,1,6,3,-1,-1,-1,-1,-1,-1,-1,-1,-1,0
Unvalidated,2024010517546,2024,010517546,1,9,0,9,3,8,9,2,0,0,0,0,4,1,6,1,44,7,-1,-1,-1,-1,-1,-1,-1,0
Unvalidated,2024010517546,2024,010517546,2,1,0,18,3,7,9,2,0,0,0,0,1,1,6,2,15,3,-1,-1,-1,-1,4,1,E01001645,0
Unvalidated,2024010517547,2024,010517547,1,19,0,18,5,1,0,2,0,0,0,0,3,1,6,1,57,9,-1,-1,-1,-1,4,1,E01001085,0
Unvalidated,2024010517547,2024,010517547,2,9,0,18,1,5,0,1,0,0,0,0,3,1,6,1,29,6,-1,-1,-1,-1,-1,-1,-1,0
Unvalidated,2024010517547,2024,010517547,3,9,0,18,1,5,0,1,1,0,0,0,1,1,2,1,28,6,-1,-1,-1,-1,-1,-1,-1,0
Unvalidated,2024010517550,2024,010517550,1,1,9,99,9,9,99,9,9,99,9,99,9,1,6,1,34,6,-1,-1,-1,-1,2,1,E01004260,0
Unvalidated,2024010517550,2024,010517550,2,9,0,99,9,9,99,9,9,99,9,99,1,9,6,3,-1,-1,-1,-1,-1,-1,5,1,E01004441,0
Unvalidated,2024010517551,2024,010517551,1,1,9,99,9,9,99,0,9,99,9,99,9,1,6,1,27,6,-1,-1,-1,-1,7,1,E01002675,0
Unvalidated,2024010517551,2024,010517551,2,9,0,99,9,9,99,0,9,99,9,99,9,9,6,1,66,10,-1,-1,-1,-1,5,1,E01001217,0
Unvalidated,2024010517557,2024,010517557,1,9,0,18,5,1,0,1,0,0,0,0,1,1,6,1,77,11,-1,-1,-1,-1,4,1,E01001167,0
Unvalidated,2024010517557,2024,010517557,2,1,0,18,5,1,0,9,0,0,0,0,3,1,4,1,14,3,-1,-1,-1,-1,4,1,E01001185,0
Unvalidated,2024010517558,2024,010517558,1,3,0,99,9,9,99,1,9,99,9,99,9,1,2,1,22,5,-1,-1,-1,-1,1,1,E01004309,0
Unvalidated,2024010517558,2024,010517558,2,19,0,99,9,9,99,6,9,99,9,99,9,9,6,3,-1,-1,-1,-1,-1,-1,5,1,E01000430,0
Unvalidated,2024010517562,2024,010517562,1,1,9,99,9,9,99,0,9,99,9,99,9,1,6,3,51,8,-1,-1,-1,-1,10,1,E01000645,0
Unvalidated,2024010517562,2024,010517562,2,90,9,99,9,9,0,0,9,99,9,99,4,9,6,3,-1,-1,-1,-1,-1,-1,-1,-1,-1,0
Unvalidated,2024010517565,2024,010517565,1,3,0,99,9,9,99,9,9,99,9,99,9,1,1,1,29,6,-1,-1,-1,-1,1,1,E01001559,0
Unvalidated,2024010517565,2024,010517565,2,9,0,99,9,9,99,9,9,99,9,99,9,9,6,3,-1,-1,-1,-1,-1,-1,-1,-1,-1,0
Unvalidated,2024010517566,2024,010517566,1,9,0,5,0,1,9,1,0,11,0,0,1,1,6,2,39,7,-1,-1,-1,-1,5,1,E01002232,0
Unvalidated,2024010517567,2024,010517567,1,3,0,99,9,9,99,9,9,99,9,99,9,1,2,1,28,6,-1,-1,-1,-1,2,1,E01001509,0
Unvalidated,2024010517567,2024,010517567,2,9,0,99,9,9,99,9,9,99,9,99,9,9,6,3,-1,-1,-1,-1,-1,-1,-1,-1,-1,0
Unvalidated,2024010517573,2024,010517573,1,9,0,5,5,1,0,2,0,0,0,0,1,1,1,1,49,8,-1,-1,-1,-1,5,1,E01003413,0
Unvalidated,2024010517573,2024,010517573,2,1,0,5,1,5,0,8,0,0,0,0,1,1,6,1,23,5,-1,-1,-1,-1,-1,-1,-1,0
Unvalidated,2024010517577,2024,010517577,1,9,0,9,7,4,0,8,0,0,0,0,1,1,6,1,26,6,-1,-1,-1,-1,5,1,E01000251,0
Unvalidated,2024010517577,2024,010517577,2,1,0,18,7,3,0,1,0,0,0,0,1,1,6,2,40,7,-1,-1,-1,-1,5,1,E01004616,0
Unvalidated,2024010517580,2024,010517580,1,9,0,9,4,2,0,2,0,0,0,0,1,1,6,1,19,4,-1,-1,-1,-1,4,1,E01017567,0
Unvalidated,2024010517580,2024,010517580,2,3,0,18,2,6,0,1,2,0,0,0,1,1,6,1,23,5,-1,-1,-1,-1,1,1,E01001430,0
Unvalidated,2024010517580,2024,010517580,3,19,0,2,0,0,6,1,0,0,0,0,2,1,6,3,-1,-1,-1,-1,-1,-1,-1,-1,-1,0
Unvalidated,2024010517581,2024,010517581,1,3,0,15,3,7,9,8,0,0,0,0,1,1,1,1,47,8,-1,-1,-1,-1,-1,-1,-1,0
Unvalidated,2024010517582,2024,010517582,1,9,0,4,7,3,0,0,0,0,0,0,2,1,6,2,30,6,-1,-1,-1,-1,4,1,E01002231,0
Unvalidated,2024010517582,2024,010517582,2,3,0,18,7,3,0,0,0,0,0,0,1,1,6,1,41,7,-1,-1,-1,-1,6,1,E01002200,0
Unvalidated,2024010517585,2024,010517585,1,3,0,8,7,1,0,1,0,0,0,0,2,1,1,1,21,5,-1,-1,-1,-1,1,1,E01002093,0
Unvalidated,2024010517586,2024,010517586,1,9,0,6,3,3,0,1,0,0,0,0,1,1,6,1,52,8,-1,-1,-1,-1,-1,-1,-1,0
Unvalidated,2024010517586,2024,010517586,2,3,0,15,7,3,0,1,0,0,0,0,1,1,6,1,17,4,-1,-1,-1,-1,3,1,E01000933,0
Unvalidated,2024010517588,2024,010517588,1,9,0,18,5,1,0,0,0,0,0,0,1,1,6,3,-1,-1,-1,-1,-1,-1,-1,-1,-1,0
Unvalidated,2024010517588,2024,010517588,2,1,0,18,5,1,0,0,0,0,0,0,2,1,6,1,14,3,-1,-1,-1,-1,3,1,E01001465,0
Unvalidated,2024010517589,2024,010517589,1,9,0,9,7,5,0,2,0,0,0,0,3,1,2,2,21,5,-1,-1,-1,-1,1,1,E01003511,0
Unvalidated,2024010517589,2024,010517589,2,3,0,18,5,1,0,1,0,0,0,0,1,1,6,1,27,6,-1,-1,-1,-1,2,1,E01003601,0
Unvalidated,2024010517593,2024,010517593,1,9,0,18,1,5,0,6,0,0,0,0,4,1,6,2,36,7,-1,-1,-1,-1,2,1,E01001428,0
Unvalidated,2024010517593,2024,010517593,2,9,0,18,7,3,0,8,0,0,0,0,1,1,6,3,-1,-1,-1,-1,-1,-1,-1,-1,-1,0
Unvalidated,2024010517596,2024,010517596,1,19,0,7,5,8,0,2,0,0,0,0,1,1,1,1,21,5,-1,-1,-1,-1,1,1,E01004272,0
Unvalidated,2024010517596,2024,010517596,2,2,0,18,3,7,0,1,0,0,0,0,1,1,1,1,49,8,-1,-1,-1,-1,4,1,E01002055,0
Unvalidated,2024010517597,2024,010517597,1,3,0,5,1,5,0,6,0,0,0,0,3,1,6,1,17,4,-1,-1,-1,-1,9,1,E01003882,0
Unvalidated,2024010517597,2024,010517597,2,9,0,9,5,3,1,5,0,0,0,0,4,1,6,2,75,10,-1,-1,-1,-1,9,1,E01003864,0
Unvalidated,2024010517603,2024,010517603,1,19,0,4,7,3,0,7,0,0,1,0,2,1,2,1,39,7,-1,-1,-1,-1,6,1,E01004109,0
Unvalidated,2024010517603,2024,010517603,2,9,0,18,7,3,0,8,0,0,0,0,1,1,6,3,-1,-1,-1,-1,-1,-1,-1,-1,-1,0
Unvalidated,2024010517604,2024,010517604,1,9,0,2,9,9,99,0,9,99,9,99,3,9,6,1,25,5,-1,-1,-1,-1,5,1,E01016157,0
Unvalidated,2024010517604,2024,010517604,2,9,0,18,9,9,99,0,9,99,9,99,4,9,6,1,-1,-1,-1,-1,-1,-1,-1,-1,-1,0
Unvalidated,2024010517607,2024,010517607,1,9,0,5,0,3,9,0,0,0,0,0,1,1,6,2,89,11,-1,-1,-1,-1,5,1,E01033592,0
Unvalidated,2024010517607,2024,010517607,2,9,0,2,0,0,9,0,0,0,0,0,1,1,6,3,-1,-1,-1,-1,-1,-1,-1,-1,-1,0
Unvalidated,2024010517610,2024,010517610,1,9,0,99,9,9,99,9,9,99,9,99,1,9,6,1,-1,-1,-1,-1,-1,-1,-1,-1,-1,0
Unvalidated,2024010517615,2024,010517615,1,19,0,2,7,3,0,0,0,0,7,0,0,1,6,2,59,9,-1,-1,-1,-1,1,1,E01004236,0
Unvalidated,2024010517615,2024,010517615,2,1,0,18,1,5,0,0,0,8,1,0,4,1,6,2,22,5,-1,-1,-1,-1,2,1,E01004238,0
Unvalidated,2024010517620,2024,010517620,1,5,0,99,9,9,99,9,9,99,9,99,9,1,1,1,36,7,-1,-1,-1,-1,6,1,E01016509,0
Unvalidated,2024010517620,2024,010517620,2,9,4,99,9,9,99,9,9,99,9,99,9,9,6,3,-1,-1,-1,-1,-1,-1,-1,-1,-1,0
Unvalidated,2024010517626,2024,010517626,1,9,0,7,5,7,2,5,0,0,0,0,1,1,6,2,62,9,-1,-1,-1,-1,1,1,E01003075,0
Unvalidated,2024010517626,2024,010517626,2,90,0,15,5,1,2,2,5,0,1,4,3,1,1,1,24,5,-1,-1,-1,-1,4,1,E01004048,0
Unvalidated,2024010517630,2024,010517630,1,9,0,7,5,8,0,0,0,0,0,0,4,1,6,1,35,6,-1,-1,-1,-1,2,1,E01033486,0
Unvalidated,2024010517630,2024,010517630,2,9,0,18,5,1,0,0,0,0,0,0,4,1,6,1,45,7,-1,-1,-1,-1,3,1,E01001368,0
Unvalidated,2024010517630,2024,010517630,3,11,0,18,5,1,0,0,0,0,0,0,2,1,1,1,60,9,-1,-1,-1,-1,-1,-1,-1,0
Unvalidated,2024010517632,2024,010517632,1,1,0,18,7,3,0,2,0,0,0,0,1,1,6,1,34,6,-1,-1,-1,-1,-1,-1,-1,0
Unvalidated,2024010517633,2024,010517633,1,19,0,2,0,0,0,1,0,0,0,0,2,1,6,3,-1,-1,-1,-1,-1,-1,-1,-1,-1,0
Unvalidated,2024010517633,2024,010517633,2,9,0,18,7,3,0,8,1,4,0,0,1,1,6,1,29,6,-1,-1,-1,-1,4,1,E01002101,0
Unvalidated,2024010517634,2024,010517634,1,9,0,9,1,7,0,6,0,0,0,0,4,1,6,1,25,5,-1,-1,-1,-1,2,1,E01003267,0
Unvalidated,2024010517634,2024,010517634,2,1,0,18,5,1,0,1,0,0,0,0,1,1,6,1,28,6,-1,-1,-1,-1,3,1,E01003940,0
Unvalidated,2024010517637,2024,010517637,1,9,0,17,1,5,0,1,0,4,1,0,1,1,6,1,19,4,-1,-1,-1,-1,2,1,E01002765,0
Unvalidated,2024010517637,2024,010517637,2,10,0,2,0,0,0,1,0,4,0,0,2,1,6,3,-1,-1,-1,-1,-1,-1,-1,-1,-1,0
Unvalidated,2024010517637,2024,010517637,3,9,0,2,0,0,0,1,0,0,0,0,2,1,6,3,-1,-1,-1,-1,-1,-1,-1,-1,-1,0