status,collision_index,collision_year,collision_reference,vehicle_reference,vehicle_type,towing_and_articulation,vehicle_manoeuvre,vehicle_direction_from,vehicle_direction_to,vehicle_location_restricted_lane,junction_location,skidding_and_overturning,hit_object_in_carriageway,vehicle_leaving_carriageway,hit_object_off_carriageway,first_point_of_impact,vehicle_left_hand_drive,journey_purpose_of_driver,sex_of_driver,age_of_driver,age_band_of_driver,engine_capacity_cc,propulsion_code,age_of_vehicle,generic_make_model,driver_imd_decile,driver_home_area_type,lsoa_of_driver,escooter_flag
Unvalidated,2024010517638,2024,010517638,1,21,1,4,3,7,0,0,1,0,0,0,1,1,1,1,38,7,-1,-1,-1,-1,2,1,E01004980,0
Unvalidated,2024010517638,2024,010517638,2,9,0,12,3,7,0,0,0,0,0,0,2,1,6,2,29,6,-1,-1,-1,-1,1,1,E01001427,0
Unvalidated,2024010517638,2024,010517638,3,9,0,18,3,7,0,0,0,0,0,0,4,1,6,1,35,6,-1,-1,-1,-1,3,1,E01004415,0
Unvalidated,2024010517644,2024,010517644,1,9,0,18,7,3,0,1,0,0,0,0,1,1,6,1,19,4,-1,-1,-1,-1,2,1,E01016040,0
Unvalidated,2024010517645,2024,010517645,1,1,9,99,9,9,99,0,9,99,9,99,9,1,6,1,56,9,-1,-1,-1,-1,5,1,E01003022,0
Unvalidated,2024010517645,2024,010517645,2,19,0,99,9,9,99,0,9,99,9,99,9,9,6,3,-1,-1,-1,-1,-1,-1,-1,-1,-1,0
Unvalidated,2024010517647,2024,010517647,1,9,0,18,3,7,0,0,0,0,0,0,1,1,6,2,23,5,-1,-1,-1,-1,-1,-1,-1,0
Unvalidated,2024010517647,2024,010517647,2,8,0,18,7,3,0,0,0,0,0,0,1,1,1,1,50,8,-1,-1,-1,-1,-1,-1,-1,0
Unvalidated,2024010517651,2024,010517651,1,1,9,99,9,9,99,0,9,99,9,99,1,1,2,1,51,8,-1,-1,-1,-1,8,1,E01004072,0
Unvalidated,2024010517651,2024,010517651,2,9,0,99,9,9,99,0,9,99,9,99,1,9,6,3,-1,-1,-1,-1,-1,-1,-1,-1,-1,0
Unvalidated,2024010517653,2024,010517653,1,9,0,99,9,9,99,0,9,99,9,99,2,9,2,1,59,9,-1,-1,-1,-1,9,1,E01004091,0
Unvalidated,2024010517653,2024,010517653,2,9,0,99,9,9,99,0,9,99,9,99,1,9,6,3,-1,-1,-1,-1,-1,-1,-1,-1,-1,0
Unvalidated,2024010517654,2024,010517654,1,9,0,1,3,7,0,8,0,0,0,0,2,1,6,1,24,5,-1,-1,-1,-1,-1,-1,-1,0
Unvalidated,2024010517657,2024,010517657,1,9,0,9,5,2,0,5,0,0,0,0,1,1,6,1,79,11,-1,-1,-1,-1,10,1,E01002253,0
Unvalidated,2024010517659,2024,010517659,1,5,0,12,7,3,0,0,0,0,0,0,1,1,1,1,59,9,-1,-1,-1,-1,5,1,E01004225,0
Unvalidated,2024010517659,2024,010517659,2,9,0,4,7,3,0,0,0,0,0,0,0,1,6,1,35,6,-1,-1,-1,-1,6,1,E01001341,0
Unvalidated,2024010517661,2024,010517661,1,9,0,18,5,1,0,1,0,0,0,0,4,1,6,1,55,8,-1,-1,-1,-1,4,1,E01000565,0
Unvalidated,2024010517661,2024,010517661,2,3,0,15,5,1,0,1,5,0,0,0,1,1,1,1,38,7,-1,-1,-1,-1,4,1,E01000921,0
Unvalidated,2024010517662,2024,010517662,1,3,0,99,9,9,99,9,9,99,9,99,9,1,2,1,26,6,-1,-1,-1,-1,2,1,E01000483,0
Unvalidated,2024010517662,2024,010517662,2,9,0,99,9,9,99,9,9,99,9,99,1,9,6,3,-1,-1,-1,-1,-1,-1,-1,-1,-1,0
Unvalidated,2024010517667,2024,010517667,1,98,0,99,9,9,99,9,9,99,9,99,9,9,6,1,35,6,-1,-1,-1,-1,3,1,E01001365,0
Unvalidated,2024010517667,2024,010517667,2,9,0,99,9,9,99,9,9,99,9,99,9,9,6,1,23,5,-1,-1,-1,-1,6,1,E01003888,0
Unvalidated,2024010517672,2024,010517672,1,3,0,18,1,5,0,8,0,4,0,0,4,1,6,2,31,6,-1,-1,-1,-1,5,1,E01003411,0
Unvalidated,2024010517672,2024,010517672,2,19,0,2,0,0,0,2,0,0,0,0,2,1,6,3,-1,-1,-1,-1,-1,-1,-1,-1,-1,0
Unvalidated,2024010517674,2024,010517674,1,9,0,18,3,7,0,8,0,0,0,0,1,1,6,1,26,6,-1,-1,-1,-1,4,1,E01001167,0
Unvalidated,2024010517674,2024,010517674,2,9,0,18,7,3,0,8,0,0,0,0,1,1,1,1,37,7,-1,-1,-1,-1,4,1,E01001041,0
Unvalidated,2024010517675,2024,010517675,1,1,9,99,9,9,99,9,9,99,9,99,9,1,2,1,48,8,-1,-1,-1,-1,8,1,E01001987,0
Unvalidated,2024010517675,2024,010517675,2,9,0,99,9,9,99,9,9,99,9,99,9,9,6,3,-1,-1,-1,-1,-1,-1,3,1,E01003719,0
Unvalidated,2024010517677,2024,010517677,1,9,0,99,9,9,99,0,9,99,9,99,2,9,6,1,26,6,-1,-1,-1,-1,1,1,E01005133,0
Unvalidated,2024010517677,2024,010517677,2,3,0,99,9,9,0,0,0,0,0,0,9,1,6,3,-1,-1,-1,-1,-1,-1,-1,-1,-1,0
Unvalidated,2024010517679,2024,010517679,1,9,0,18,1,5,0,0,0,4,0,0,4,1,6,2,29,6,-1,-1,-1,-1,2,1,E01003576,0
Unvalidated,2024010517679,2024,010517679,2,9,0,2,0,0,0,0,0,0,0,0,4,1,6,3,-1,-1,-1,-1,-1,-1,-1,-1,-1,0
Unvalidated,2024010517682,2024,010517682,1,3,0,4,1,5,0,1,0,0,0,0,0,1,1,2,22,5,-1,-1,-1,-1,5,1,E01000224,0
Unvalidated,2024010517682,2024,010517682,2,9,0,5,1,5,0,8,0,0,0,0,1,1,6,3,-1,-1,-1,-1,-1,-1,-1,-1,-1,0
Unvalidated,2024010517686,2024,010517686,1,9,0,5,7,3,0,8,0,0,0,0,1,1,6,1,32,6,-1,-1,-1,-1,5,1,E01000159,0
Unvalidated,2024010517686,2024,010517686,2,3,0,18,1,5,0,8,0,0,0,0,4,1,1,2,30,6,-1,-1,-1,-1,4,1,E01000171,0
Unvalidated,2024010517693,2024,010517693,1,9,0,2,0,0,0,9,0,0,0,0,2,9,6,1,20,4,-1,-1,-1,-1,-1,-1,-1,0
Unvalidated,2024010517693,2024,010517693,2,4,0,99,9,9,0,9,0,0,0,0,1,1,6,3,-1,-1,-1,-1,-1,-1,-1,-1,-1,0
Unvalidated,2024010517694,2024,010517694,1,8,0,99,9,9,99,0,9,99,9,99,9,9,1,1,32,6,-1,-1,-1,-1,3,1,E01003372,0
Unvalidated,2024010517697,2024,010517697,1,3,0,99,9,9,99,9,9,99,9,99,1,1,2,1,29,6,-1,-1,-1,-1,5,1,E01003949,0
Unvalidated,2024010517697,2024,010517697,2,9,0,99,9,9,99,9,9,99,9,99,9,9,6,2,-1,-1,-1,-1,-1,-1,-1,-1,-1,0
Unvalidated,2024010517703,2024,010517703,1,90,0,18,3,7,0,8,0,0,0,0,1,1,1,2,39,7,-1,-1,-1,-1,8,1,E01017598,0
Unvalidated,2024010517703,2024,010517703,2,9,0,9,7,5,0,8,0,0,0,0,1,2,6,2,41,7,-1,-1,-1,-1,9,1,E01022137,0
Unvalidated,2024010517708,2024,010517708,1,3,0,99,9,9,99,9,9,99,9,99,9,1,2,1,25,5,-1,-1,-1,-1,2,1,E01004405,0
Unvalidated,2024010517708,2024,010517708,2,9,0,99,9,9,99,9,9,99,9,99,2,9,6,3,-1,-1,-1,-1,-1,-1,-1,-1,-1,0
Unvalidated,2024010517710,2024,010517710,1,9,0,99,9,9,99,9,9,99,9,99,0,9,6,2,47,8,-1,-1,-1,-1,8,1,E01000216,0
Unvalidated,2024010517710,2024,010517710,2,9,9,1,9,9,99,9,9,99,9,99,9,9,6,3,-1,-1,-1,-1,-1,-1,-1,-1,-1,0
Unvalidated,2024010517712,2024,010517712,1,9,0,4,1,5,0,1,0,0,0,0,0,1,6,1,54,8,-1,-1,-1,-1,3,1,E01001831,0
Unvalidated,2024010517712,2024,010517712,2,9,0,5,1,5,0,1,0,0,0,0,1,1,6,2,33,6,-1,-1,-1,-1,2,1,E01002080,0
Unvalidated,2024010517712,2024,010517712,3,9,0,18,1,5,0,1,0,0,0,0,1,1,6,2,28,6,-1,-1,-1,-1,2,1,E01001980,0
Unvalidated,2024010517713,2024,010517713,1,9,0,10,1,7,0,6,0,0,0,0,4,1,6,1,45,7,-1,-1,-1,-1,-1,-1,-1,0
Unvalidated,2024010517713,2024,010517713,2,9,0,18,3,7,0,1,5,10,0,0,3,1,6,1,23,5,-1,-1,-1,-1,3,1,E01000092,0
Unvalidated,2024010517714,2024,010517714,1,9,0,4,3,7,0,0,0,0,0,0,2,1,2,1,46,8,-1,-1,-1,-1,3,1,E01002532,0
Unvalidated,2024010517714,2024,010517714,2,9,0,18,3,7,0,0,0,0,0,0,1,1,2,1,33,6,-1,-1,-1,-1,3,1,E01003631,0
Unvalidated,2024010517719,2024,010517719,1,8,0,18,3,7,0,2,0,0,0,0,3,1,1,1,54,8,-1,-1,-1,-1,3,1,E01004367,0
Unvalidated,2024010517719,2024,010517719,2,1,0,18,1,5,0,2,5,0,0,0,1,1,1,1,38,7,-1,-1,-1,-1,2,1,E01001710,0
Unvalidated,2024010517721,2024,010517721,1,9,0,99,9,9,99,9,9,99,9,99,1,9,6,3,-1,-1,-1,-1,-1,-1,-1,-1,-1,0
Unvalidated,2024010517721,2024,010517721,2,90,9,99,9,9,0,9,9,99,9,99,9,1,6,1,21,5,-1,-1,-1,-1,2,1,E01003305,1
Unvalidated,2024010517723,2024,010517723,1,9,0,18,7,3,0,0,0,0,0,0,1,1,6,1,46,8,-1,-1,-1,-1,2,1,E01015656,0
Unvalidated,2024010517723,2024,010517723,2,4,0,4,7,3,0,0,0,0,0,0,4,1,6,1,43,7,-1,-1,-1,-1,7,1,E01002171,0
Unvalidated,2024010517724,2024,010517724,1,9,0,18,6,2,0,1,0,0,0,0,1,1,6,1,32,6,-1,-1,-1,-1,-1,-1,-1,0
Unvalidated,2024010517724,2024,010517724,2,1,0,9,8,6,0,6,1,0,0,0,1,1,6,1,14,3,-1,-1,-1,-1,3,1,E01003374,0
Unvalidated,2024010517729,2024,010517729,1,9,0,9,5,2,0,5,0,0,0,0,1,1,6,1,53,8,-1,-1,-1,-1,5,1,E01001685,0
Unvalidated,2024010517729,2024,010517729,2,3,0,18,1,5,0,1,0,0,0,0,1,1,6,1,23,5,-1,-1,-1,-1,10,1,E01000359,0
Unvalidated,2024010517731,2024,010517731,1,1,0,18,3,7,0,0,0,0,0,0,2,1,6,1,16,4,-1,-1,-1,-1,2,1,E01003168,0
Unvalidated,2024010517731,2024,010517731,2,4,0,18,7,3,0,0,0,0,0,0,1,1,6,3,-1,-1,-1,-1,-1,-1,-1,-1,-1,0
Unvalidated,2024010517732,2024,010517732,1,9,0,18,1,5,0,6,0,0,0,0,1,1,6,2,72,10,-1,-1,-1,-1,5,1,E01001091,0
Unvalidated,2024010517732,2024,010517732,2,11,0,18,5,1,0,6,0,0,0,0,1,1,1,1,46,8,-1,-1,-1,-1,5,1,E01004521,0
Unvalidated,2024010517736,2024,010517736,1,1,0,18,7,3,4,8,0,0,0,0,3,1,1,1,34,6,-1,-1,-1,-1,3,1,E01003524,0
Unvalidated,2024010517736,2024,010517736,2,9,0,7,1,3,0,8,0,0,0,0,1,1,6,3,23,5,-1,-1,-1,-1,-1,-1,-1,0
Unvalidated,2024010517737,2024,010517737,1,1,9,99,9,9,99,9,9,99,9,99,1,1,1,1,40,7,-1,-1,-1,-1,-1,-1,-1,0
Unvalidated,2024010517737,2024,010517737,2,9,0,99,9,9,99,9,9,99,9,99,9,9,6,3,34,6,-1,-1,-1,-1,3,1,E01001465,0
Unvalidated,2024010517738,2024,010517738,1,9,0,17,1,5,0,0,0,0,0,0,1,1,6,1,40,7,-1,-1,-1,-1,7,1,E01004635,0
Unvalidated,2024010517738,2024,010517738,2,9,0,16,5,8,0,0,0,0,0,0,1,1,6,3,-1,-1,-1,-1,-1,-1,-1,-1,-1,0
Unvalidated,2024010517740,2024,010517740,1,11,0,5,5,1,2,1,0,0,0,0,0,1,1,1,54,8,-1,-1,-1,-1,3,1,E01001983,0
Unvalidated,2024010517744,2024,010517744,1,1,0,18,7,3,4,0,0,0,0,0,1,1,6,1,31,6,-1,-1,-1,-1,4,1,E01003929,0
Unvalidated,2024010517745,2024,010517745,1,19,0,3,7,3,0,0,0,0,0,0,2,1,1,1,52,8,-1,-1,-1,-1,5,1,E01004442,0
Unvalidated,2024010517745,2024,010517745,2,16,5,18,7,3,0,0,5,0,0,0,1,1,6,1,30,6,-1,-1,-1,-1,8,3,E01014765,0
Unvalidated,2024010517746,2024,010517746,1,9,0,99,9,9,99,9,9,99,9,99,9,9,2,2,50,8,-1,-1,-1,-1,2,1,E01001218,0
Unvalidated,2024010517746,2024,010517746,2,9,0,99,9,9,99,9,9,99,9,99,9,9,6,3,-1,-1,-1,-1,-1,-1,3,1,E01002120,0
Unvalidated,2024010517751,2024,010517751,1,1,0,18,7,3,0,0,0,0,0,0,1,1,6,1,17,4,-1,-1,-1,-1,2,1,E01004615,0
Unvalidated,2024010517756,2024,010517756,1,9,0,18,1,5,0,0,0,0,0,0,1,2,6,1,39,7,-1,-1,-1,-1,7,1,E01001587,0
Unvalidated,2024010517756,2024,010517756,2,9,0,12,1,5,0,0,0,0,0,0,2,2,6,1,59,9,-1,-1,-1,-1,4,1,E01001582,0
Unvalidated,2024010517756,2024,010517756,3,8,0,18,1,5,0,0,0,0,0,0,3,2,6,1,47,8,-1,-1,-1,-1,1,1,E01004285,0
Unvalidated,2024010517758,2024,010517758,1,9,0,3,1,5,2,6,0,0,0,0,2,1,6,1,52,8,-1,-1,-1,-1,-1,-1,-1,0
Unvalidated,2024010517759,2024,010517759,1,9,0,18,7,3,0,0,0,0,0,0,1,1,6,2,35,6,-1,-1,-1,-1,4,1,E01002650,0
Unvalidated,2024010517759,2024,010517759,2,9,0,18,3,7,0,0,0,0,0,0,1,1,2,1,47,8,-1,-1,-1,-1,2,1,E01002561,0
Unvalidated,2024010517760,2024,010517760,1,9,0,9,5,3,0,8,0,0,0,0,1,1,6,2,40,7,-1,-1,-1,-1,10,1,E01028822,0
Unvalidated,2024010517760,2024,010517760,2,9,0,18,3,7,0,1,0,0,0,0,4,1,6,2,27,6,-1,-1,-1,-1,9,1,E01001020,0
Unvalidated,2024010517766,2024,010517766,1,9,0,18,2,6,0,1,0,0,0,0,1,1,6,2,28,6,-1,-1,-1,-1,3,1,E01003431,0
Unvalidated,2024010517766,2024,010517766,2,1,0,7,4,6,0,2,0,0,0,0,1,1,6,1,14,3,-1,-1,-1,-1,6,1,E01003434,0
Unvalidated,2024010517768,2024,010517768,1,9,0,99,9,9,99,0,9,99,9,99,2,9,6,1,26,6,-1,-1,-1,-1,-1,-1,-1,0
Unvalidated,2024010517768,2024,010517768,2,9,0,99,9,9,99,0,9,99,9,99,1,9,6,3,44,7,-1,-1,-1,-1,-1,-1,-1,0
Unvalidated,2024010517769,2024,010517769,1,9,0,5,5,1,0,6,0,0,0,0,1,1,6,3,-1,-1,-1,-1,-1,-1,-1,-1,-1,0
Unvalidated,2024010517775,2024,010517775,1,9,0,99,9,9,99,9,9,99,9,99,2,9,2,2,64,9,-1,-1,-1,-1,2,1,E01004436,0
Unvalidated,2024010517776,2024,010517776,1,4,0,18,8,4,2,8,2,0,0,0,0,1,6,1,45,7,-1,-1,-1,-1,-1,-1,-1,0
Unvalidated,2024010517776,2024,010517776,2,9,0,9,4,2,0,8,0,0,0,0,0,1,6,3,-1,-1,-1,-1,-1,-1,-1,-1,-1,0
Unvalidated,2024010517778,2024,010517778,1,9,0,18,7,3,0,0,0,0,0,0,4,1,6,2,32,6,-1,-1,-1,-1,-1,-1,-1,0
Unvalidated,2024010517780,2024,010517780,1,90,0,18,3,7,4,8,0,0,0,0,1,1,6,1,17,4,-1,-1,-1,-1,6,1,E01001494,1
Unvalidated,2024010517783,2024,010517783,1,9,0,18,1,5,0,1,0,0,0,0,3,1,6,1,30,6,-1,-1,-1,-1,1,1,E01001798,0
Unvalidated,2024010517785,2024,010517785,1,1,9,99,9,9,99,9,9,99,9,99,9,1,6,1,46,8,-1,-1,-1,-1,-1,-1,-1,0
Unvalidated,2024010517785,2024,010517785,2,9,0,99,9,9,99,9,9,99,9,99,9,9,6,3,-1,-1,-1,-1,-1,-1,-1,-1,-1,0
Unvalidated,2024010517788,2024,010517788,1,9,0,5,1,5,0,1,0,0,0,0,3,1,1,1,36,7,-1,-1,-1,-1,3,1,E01001449,0
Unvalidated,2024010517788,2024,010517788,2,3,0,18,1,5,0,1,0,0,0,0,2,1,1,1,30,6,-1,-1,-1,-1,3,1,E01000506,0
Unvalidated,2024010517789,2024,010517789,1,9,0,5,1,5,0,3,0,0,0,0,1,1,6,2,35,6,-1,-1,-1,-1,8,1,E01030390,0
Unvalidated,2024010517789,2024,010517789,2,9,0,5,3,7,0,3,0,0,0,0,3,1,6,2,20,4,-1,-1,-1,-1,4,1,E01004172,0
Unvalidated,2024010517790,2024,010517790,1,9,0,9,6,4,0,2,0,4,0,0,1,1,6,1,20,4,-1,-1,-1,-1,2,1,E01033597,0
Unvalidated,2024010517790,2024,010517790,2,9,0,2,0,0,0,2,0,4,0,0,2,1,6,3,-1,-1,-1,-1,-1,-1,-1,-1,-1,0
Unvalidated,2024010517790,2024,010517790,3,9,0,2,0,0,0,2,0,0,0,0,2,1,6,3,-1,-1,-1,-1,-1,-1,-1,-1,-1,0
Unvalidated,2024010517792,2024,010517792,1,9,0,18,4,8,0,1,0,0,0,0,1,1,6,1,58,9,-1,-1,-1,-1,9,1,E01002483,0
Unvalidated,2024010517792,2024,010517792,2,9,0,18,8,4,0,1,0,0,0,0,1,1,6,2,38,7,-1,-1,-1,-1,-1,-1,-1,0
Unvalidated,2024010517793,2024,010517793,1,11,0,18,1,5,0,1,0,0,0,0,0,1,1,2,32,6,-1,-1,-1,-1,3,1,E01001045,0
Unvalidated,2024010517794,2024,010517794,1,9,0,9,7,4,0,1,0,0,0,0,3,1,6,2,53,8,-1,-1,-1,-1,1,1,E01003052,0
Unvalidated,2024010517794,2024,010517794,2,1,0,18,3,7,0,1,0,0,0,0,3,1,6,1,55,8,-1,-1,-1,-1,2,1,E01003925,0
Unvalidated,2024010517795,2024,010517795,1,19,0,18,2,6,0,0,0,4,1,0,1,1,6,1,19,4,-1,-1,-1,-1,6,1,E01000407,0
Unvalidated,2024010517795,2024,010517795,2,19,0,2,0,0,0,0,0,0,1,11,2,1,6,3,-1,-1,-1,-1,-1,-1,-1,-1,-1,0
Unvalidated,2024010517796,2024,010517796,1,9,0,6,3,3,0,8,0,0,0,0,1,1,6,3,-1,-1,-1,-1,-1,-1,-1,-1,-1,0
Unvalidated,2024010517796,2024,010517796,2,1,0,18,7,3,0,8,0,0,0,0,1,1,2,1,36,7,-1,-1,-1,-1,4,1,E01003230,0
Unvalidated,2024010517797,2024,010517797,1,9,0,13,3,7,0,1,0,0,7,1,4,1,6,3,24,5,-1,-1,-1,-1,-1,-1,-1,0
Unvalidated,2024010517797,2024,010517797,2,9,0,18,7,3,0,1,0,0,0,0,0,1,6,1,33,6,-1,-1,-1,-1,5,1,E01002443,0
Unvalidated,2024010517797,2024,010517797,3,9,0,18,3,7,0,1,0,0,0,0,3,1,1,1,44,7,-1,-1,-1,-1,4,1,E01000745,0
Unvalidated,2024010517797,2024,010517797,4,9,0,18,3,7,0,1,0,0,0,0,0,1,6,1,22,5,-1,-1,-1,-1,4,1,E01003757,0
Unvalidated,2024010517797,2024,010517797,5,8,0,18,7,3,0,1,0,0,0,0,3,1,2,1,47,8,-1,-1,-1,-1,2,1,E01002080,0
Unvalidated,2024010517797,2024,010517797,6,9,0,18,7,3,0,1,0,0,0,0,1,2,1,1,34,6,-1,-1,-1,-1,2,1,E01002368,0
Unvalidated,2024010517797,2024,010517797,7,9,0,18,3,7,0,1,0,0,0,0,0,1,6,1,35,6,-1,-1,-1,-1,2,1,E01000064,0
Unvalidated,2024010517798,2024,010517798,1,5,0,18,1,5,9,1,0,0,0,0,1,1,1,1,40,7,-1,-1,-1,-1,6,1,E01000778,0
Unvalidated,2024010517800,2024,010517800,1,9,0,9,5,2,0,2,0,0,0,0,1,1,6,2,28,6,-1,-1,-1,-1,7,1,E01033733,0
Unvalidated,2024010517800,2024,010517800,2,1,0,5,1,5,0,1,0,0,0,0,1,1,2,2,31,6,-1,-1,-1,-1,2,1,E01032805,0
Unvalidated,2024010517802,2024,010517802,1,9,0,5,1,5,0,0,0,0,0,0,3,1,6,1,29,6,-1,-1,-1,-1,2,1,E01000958,0
Unvalidated,2024010517809,2024,010517809,1,9,0,99,9,9,99,9,9,99,9,99,1,9,6,1,56,9,-1,-1,-1,-1,2,1,E01002227,0
Unvalidated,2024010517809,2024,010517809,2,3,0,99,9,9,99,9,9,99,9,99,1,1,6,3,-1,-1,-1,-1,-1,-1,6,1,E01002186,0
Unvalidated,2024010517812,2024,010517812,1,9,0,99,9,9,99,9,9,99,9,99,9,9,6,1,54,8,-1,-1,-1,-1,4,1,E01003914,0
Unvalidated,2024010517812,2024,010517812,2,1,9,99,9,9,99,9,9,99,9,99,9,1,6,1,-1,-1,-1,-1,-1,-1,3,1,E01000137,0
Unvalidated,2024010517816,2024,010517816,1,9,0,18,7,3,0,1,0,0,0,0,1,1,6,3,-1,-1,-1,-1,-1,-1,-1,-1,-1,0
Unvalidated,2024010517816,2024,010517816,2,1,0,18,5,1,0,1,0,0,0,0,4,1,6,2,26,6,-1,-1,-1,-1,4,1,E01003023,0
Unvalidated,2024010517818,2024,010517818,1,9,0,14,3,7,0,8,2,11,0,0,1,1,6,1,28,6,-1,-1,-1,-1,2,1,E01003500,0
Unvalidated,2024010517818,2024,010517818,2,9,0,3,3,7,0,1,0,0,0,0,2,1,1,1,37,7,-1,-1,-1,-1,-1,-1,-1,0
Unvalidated,2024010517823,2024,010517823,1,3,0,99,9,9,99,9,9,99,9,99,2,1,6,1,26,6,-1,-1,-1,-1,5,1,E01001214,0
Unvalidated,2024010517823,2024,010517823,2,9,0,99,9,9,99,9,9,99,9,99,1,9,6,3,-1,-1,-1,-1,-1,-1,-1,-1,-1,0
Unvalidated,2024010517837,2024,010517837,1,9,0,7,6,1,0,1,0,0,0,0,3,1,6,1,23,5,-1,-1,-1,-1,6,3,E01029125,0
Unvalidated,2024010517837,2024,010517837,2,9,0,18,6,2,0,1,0,0,0,0,4,1,6,2,42,7,-1,-1,-1,-1,6,1,E01002166,0
Unvalidated,2024010517848,2024,010517848,1,1,9,99,9,9,99,9,9,99,9,99,9,1,6,2,28,6,-1,-1,-1,-1,3,1,E01001981,0
Unvalidated,2024010517848,2024,010517848,2,9,0,99,9,9,99,9,9,99,9,99,9,9,6,3,-1,-1,-1,-1,-1,-1,3,1,E01001823,0
Unvalidated,2024010517849,2024,010517849,1,9,0,9,7,5,0,6,0,0,0,0,1,1,6,1,39,7,-1,-1,-1,-1,6,1,E01001275,0
Unvalidated,2024010517849,2024,010517849,2,4,0,5,1,5,0,8,0,0,0,0,4,1,6,1,38,7,-1,-1,-1,-1,7,1,E01002121,0
Unvalidated,2024010517851,2024,010517851,1,1,9,99,9,9,99,9,9,99,9,99,9,1,6,1,18,4,-1,-1,-1,-1,6,1,E01001494,0
Unvalidated,2024010517857,2024,010517857,1,9,0,99,9,9,99,9,9,99,9,99,1,9,6,1,46,8,-1,-1,-1,-1,3,1,E01004446,0
Unvalidated,2024010517857,2024,010517857,2,9,0,99,9,9,99,9,9,99,9,99,9,9,6,3,-1,-1,-1,-1,-1,-1,-1,-1,-1,0
Unvalidated,2024010517858,2024,010517858,1,1,9,99,9,9,99,9,9,99,9,99,1,1,6,1,22,5,-1,-1,-1,-1,4,1,E01004622,0
Unvalidated,2024010517860,2024,010517860,1,9,0,99,9,9,99,9,9,99,9,99,1,9,6,3,-1,-1,-1,-1,-1,-1,-1,-1,-1,0
Unvalidated,2024010517860,2024,010517860,2,3,0,99,9,9,99,9,9,99,9,99,9,1,6,1,31,6,-1,-1,-1,-1,5,1,E01000631,0
Unvalidated,2024010517868,2024,010517868,1,90,0,18,5,1,9,1,0,0,0,0,1,1,6,1,36,7,-1,-1,-1,-1,7,1,E01003167,1
Unvalidated,2024010517877,2024,010517877,1,9,0,9,1,6,0,6,0,0,0,0,4,1,6,1,20,4,-1,-1,-1,-1,-1,-1,-1,0
Unvalidated,2024010517877,2024,010517877,2,9,0,18,6,2,0,2,0,0,0,0,1,1,6,1,39,7,-1,-1,-1,-1,5,1,E01003130,0
Unvalidated,2024010517878,2024,010517878,1,9,0,99,9,9,99,0,9,99,9,99,2,9,6,2,23,5,-1,-1,-1,-1,2,1,E01003175,0
Unvalidated,2024010517878,2024,010517878,2,9,0,99,9,9,99,0,9,99,9,99,2,9,6,3,27,6,-1,-1,-1,-1,2,1,E01003125,0
Unvalidated,2024010517879,2024,010517879,1,3,0,13,3,7,0,8,1,0,0,0,1,1,6,1,22,5,-1,-1,-1,-1,3,1,E01002568,0
Unvalidated,2024010517879,2024,010517879,2,9,0,10,7,5,0,8,0,0,0,0,1,1,6,1,60,9,-1,-1,-1,-1,7,1,E01002675,0
Unvalidated,2024010517879,2024,010517879,3,4,0,18,3,7,0,8,1,0,0,0,3,1,6,1,22,5,-1,-1,-1,-1,5,1,E01002563,0
Unvalidated,2024010517885,2024,010517885,1,9,0,5,1,5,0,0,0,0,0,0,1,1,6,2,55,8,-1,-1,-1,-1,2,1,E01033341,0
Unvalidated,2024010517886,2024,010517886,1,9,9,99,9,9,99,9,9,99,9,99,9,9,6,1,49,8,-1,-1,-1,-1,9,1,E01023896,0
Unvalidated,2024010517887,2024,010517887,1,1,9,18,9,9,99,0,9,99,9,99,1,1,2,2,27,6,-1,-1,-1,-1,4,1,E01000864,0
Unvalidated,2024010517887,2024,010517887,2,2,0,5,9,9,99,0,9,99,9,99,9,1,6,3,-1,-1,-1,-1,-1,-1,-1,-1,-1,0
Unvalidated,2024010517893,2024,010517893,1,9,0,18,9,9,99,0,9,99,9,99,9,9,2,1,35,6,-1,-1,-1,-1,4,1,E01003666,0
Unvalidated,2024010517893,2024,010517893,2,9,0,6,9,9,99,0,9,99,9,99,9,9,6,3,-1,-1,-1,-1,-1,-1,-1,-1,-1,0
Unvalidated,2024010517895,2024,010517895,1,9,0,1,3,7,0,1,0,0,0,0,2,1,6,2,65,9,-1,-1,-1,-1,4,1,E01001087,0
Unvalidated,2024010517901,2024,010517901,1,9,0,4,3,7,0,1,0,0,0,0,1,1,6,1,46,8,-1,-1,-1,-1,4,1,E01001222,0
Unvalidated,2024010517901,2024,010517901,2,4,0,4,3,7,0,1,0,0,0,0,2,1,6,1,36,7,-1,-1,-1,-1,-1,-1,-1,0
Unvalidated,2024010517902,2024,010517902,1,9,0,99,9,9,99,9,9,99,9,99,2,9,6,2,34,6,-1,-1,-1,-1,4,1,E01002346,0
Unvalidated,2024010517902,2024,010517902,2,3,0,99,9,9,99,9,9,99,9,99,9,9,6,3,-1,-1,-1,-1,-1,-1,-1,-1,-1,0
Unvalidated,2024010517904,2024,010517904,1,9,0,18,1,5,0,8,0,0,0,0,4,1,6,2,42,7,-1,-1,-1,-1,1,1,E01003515,0
Unvalidated,2024010517904,2024,010517904,2,9,0,18,1,5,0,8,0,0,0,0,4,1,6,1,43,7,-1,-1,-1,-1,2,1,E01003501,0