status,collision_index,collision_year,collision_reference,vehicle_reference,vehicle_type,towing_and_articulation,vehicle_manoeuvre,vehicle_direction_from,vehicle_direction_to,vehicle_location_restricted_lane,junction_location,skidding_and_overturning,hit_object_in_carriageway,vehicle_leaving_carriageway,hit_object_off_carriageway,first_point_of_impact,vehicle_left_hand_drive,journey_purpose_of_driver,sex_of_driver,age_of_driver,age_band_of_driver,engine_capacity_cc,propulsion_code,age_of_vehicle,generic_make_model,driver_imd_decile,driver_home_area_type,lsoa_of_driver,escooter_flag
Unvalidated,2024010517905,2024,010517905,1,1,9,99,9,9,99,0,9,99,9,99,9,1,6,2,40,7,-1,-1,-1,-1,7,1,E01003817,0
Unvalidated,2024010517905,2024,010517905,2,9,9,99,9,9,9,0,9,99,9,99,9,9,6,2,-1,-1,-1,-1,-1,-1,-1,-1,-1,0
Unvalidated,2024010517906,2024,010517906,1,19,0,18,1,5,0,0,0,0,0,0,1,1,1,1,34,6,-1,-1,-1,-1,3,1,E01001045,0
Unvalidated,2024010517906,2024,010517906,2,9,0,5,5,1,0,0,0,0,0,0,1,1,6,1,18,4,-1,-1,-1,-1,1,1,E01004088,0
Unvalidated,2024010517906,2024,010517906,3,9,0,2,0,0,0,0,0,0,0,0,3,1,6,3,-1,-1,-1,-1,-1,-1,-1,-1,-1,0
Unvalidated,2024010517907,2024,010517907,1,9,0,18,3,7,0,8,0,0,0,0,1,1,6,2,30,6,-1,-1,-1,-1,5,1,E01001910,0
Unvalidated,2024010517907,2024,010517907,2,9,0,9,7,5,0,8,0,0,0,0,1,1,6,2,24,5,-1,-1,-1,-1,6,1,E01003152,0
Unvalidated,2024010517908,2024,010517908,1,9,0,18,5,1,9,0,0,0,1,0,4,1,6,3,-1,-1,-1,-1,-1,-1,-1,-1,-1,0
Unvalidated,2024010517911,2024,010517911,1,9,0,99,9,9,99,0,9,99,9,99,9,9,6,2,23,5,-1,-1,-1,-1,2,1,E01004436,0
Unvalidated,2024010517911,2024,010517911,2,98,0,99,9,9,99,0,9,99,9,99,1,9,6,3,-1,-1,-1,-1,-1,-1,-1,-1,-1,0
Unvalidated,2024010517915,2024,010517915,1,9,0,99,9,9,99,9,9,99,9,99,1,9,6,2,23,5,-1,-1,-1,-1,5,1,E01032731,0
Unvalidated,2024010517915,2024,010517915,2,9,0,99,9,9,99,9,9,99,9,99,9,9,6,3,31,6,-1,-1,-1,-1,4,1,E01003718,0
Unvalidated,2024010517917,2024,010517917,1,9,0,12,5,1,0,4,0,0,0,0,3,1,2,1,18,4,-1,-1,-1,-1,2,1,E01004444,0
Unvalidated,2024010517917,2024,010517917,2,3,0,12,5,1,0,4,0,0,0,0,3,1,1,2,30,6,-1,-1,-1,-1,3,1,E01004397,0
Unvalidated,2024010517922,2024,010517922,1,9,0,18,1,5,0,2,0,0,0,0,1,1,6,1,-1,-1,-1,-1,-1,-1,2,1,E01003479,0
Unvalidated,2024010517922,2024,010517922,2,9,0,2,0,0,0,2,0,7,0,0,2,1,6,3,-1,-1,-1,-1,-1,-1,-1,-1,-1,0
Unvalidated,2024010517922,2024,010517922,3,3,0,4,1,5,0,1,2,4,0,0,1,1,6,1,21,5,-1,-1,-1,-1,5,1,E01001866,0
Unvalidated,2024010517924,2024,010517924,1,1,5,18,1,5,0,1,0,0,0,0,2,1,1,1,45,7,-1,-1,-1,-1,2,1,E01003335,0
Unvalidated,2024010517924,2024,010517924,2,9,0,18,1,5,0,1,0,0,0,0,1,1,6,2,32,6,-1,-1,-1,-1,2,1,E01033327,0
Unvalidated,2024010517926,2024,010517926,1,90,0,18,1,5,0,0,0,0,0,0,0,1,6,1,21,5,-1,-1,-1,-1,3,1,E01002407,1
Unvalidated,2024010517927,2024,010517927,1,9,0,99,9,9,99,9,9,99,9,99,1,9,6,2,70,10,-1,-1,-1,-1,5,1,E01002004,0
Unvalidated,2024010517927,2024,010517927,2,1,9,99,9,9,99,9,9,99,9,99,9,1,6,3,-1,-1,-1,-1,-1,-1,-1,-1,-1,0
Unvalidated,2024010517928,2024,010517928,1,9,0,9,7,5,0,8,0,0,0,0,3,1,6,1,22,5,-1,-1,-1,-1,2,1,E01001437,0
Unvalidated,2024010517928,2024,010517928,2,3,0,18,5,1,0,8,0,0,0,0,1,1,1,1,22,5,-1,-1,-1,-1,6,1,E01002258,0
Unvalidated,2024010517930,2024,010517930,1,9,0,18,5,1,0,0,0,4,0,0,4,1,6,2,27,6,-1,-1,-1,-1,6,1,E01002433,0
Unvalidated,2024010517930,2024,010517930,2,9,0,2,0,0,0,0,0,0,0,0,3,1,6,3,-1,-1,-1,-1,-1,-1,-1,-1,-1,0
Unvalidated,2024010517931,2024,010517931,1,19,0,18,3,7,0,1,0,0,0,0,1,1,1,2,27,6,-1,-1,-1,-1,2,1,E01003507,0
Unvalidated,2024010517931,2024,010517931,2,9,0,9,5,2,0,1,0,0,0,0,1,1,6,1,21,5,-1,-1,-1,-1,3,1,E01003550,0
Unvalidated,2024010517933,2024,010517933,1,9,0,7,1,4,9,3,0,10,7,10,1,1,6,1,28,6,-1,-1,-1,-1,-1,-1,-1,0
Unvalidated,2024010517933,2024,010517933,2,9,0,18,1,5,0,3,0,0,0,0,0,1,2,1,28,6,-1,-1,-1,-1,4,1,E01001047,0
Unvalidated,2024010517935,2024,010517935,1,19,0,12,7,3,0,2,0,0,0,0,3,1,6,1,36,7,-1,-1,-1,-1,3,1,E01002100,0
Unvalidated,2024010517935,2024,010517935,2,9,0,18,7,3,0,2,0,0,0,0,4,1,6,1,40,7,-1,-1,-1,-1,2,1,E01004390,0
Unvalidated,2024010517935,2024,010517935,3,9,0,18,7,3,0,2,0,0,0,0,4,1,6,1,30,6,-1,-1,-1,-1,-1,-1,-1,0
Unvalidated,2024010517936,2024,010517936,1,19,0,99,9,9,99,9,9,99,9,99,1,9,1,1,49,8,-1,-1,-1,-1,10,1,E01023966,0
Unvalidated,2024010517936,2024,010517936,2,9,0,99,9,9,99,9,9,99,9,99,2,9,6,2,51,8,-1,-1,-1,-1,4,1,E01000260,0
Unvalidated,2024010517938,2024,010517938,1,3,0,15,5,1,0,1,0,0,0,0,1,1,2,1,26,6,-1,-1,-1,-1,-1,-1,-1,0
Unvalidated,2024010517938,2024,010517938,2,19,0,7,5,7,0,2,0,0,0,0,4,1,1,1,44,7,-1,-1,-1,-1,3,1,E01031360,0
Unvalidated,2024010517940,2024,010517940,1,9,0,18,1,5,0,6,0,0,0,0,1,1,2,2,37,7,-1,-1,-1,-1,8,1,E01004073,0
Unvalidated,2024010517940,2024,010517940,2,1,0,5,1,5,0,4,0,0,0,0,1,1,1,1,33,6,-1,-1,-1,-1,4,1,E01003043,0
Unvalidated,2024010517943,2024,010517943,1,11,0,18,1,5,0,0,0,0,0,0,0,1,1,1,33,6,-1,-1,-1,-1,3,1,E01000092,0
Unvalidated,2024010517945,2024,010517945,1,9,0,18,5,1,5,0,0,0,0,0,1,1,6,3,-1,-1,-1,-1,-1,-1,-1,-1,-1,0
Unvalidated,2024010517948,2024,010517948,1,9,0,99,9,9,99,9,9,99,9,99,9,9,6,2,54,8,-1,-1,-1,-1,2,1,E01003346,0
Unvalidated,2024010517948,2024,010517948,2,9,9,99,9,9,99,9,9,99,9,99,9,9,6,3,-1,-1,-1,-1,-1,-1,-1,-1,-1,0
Unvalidated,2024010517951,2024,010517951,1,9,0,18,1,5,0,1,0,0,0,0,1,1,6,3,-1,-1,-1,-1,-1,-1,-1,-1,-1,0
Unvalidated,2024010517958,2024,010517958,1,9,0,18,7,3,0,1,0,0,0,0,1,1,1,2,25,5,-1,-1,-1,-1,4,1,E01001323,0
Unvalidated,2024010517958,2024,010517958,2,9,0,18,3,7,0,1,0,0,0,0,1,1,6,3,-1,-1,-1,-1,-1,-1,-1,-1,-1,0
Unvalidated,2024010517959,2024,010517959,1,11,0,18,3,7,0,1,0,0,0,0,3,1,6,3,-1,-1,-1,-1,-1,-1,-1,-1,-1,0
Unvalidated,2024010517960,2024,010517960,1,19,0,99,9,9,99,0,9,99,9,99,2,9,6,3,-1,-1,-1,-1,-1,-1,8,1,E01002574,0
Unvalidated,2024010517960,2024,010517960,2,3,0,99,9,9,99,0,9,99,9,99,9,1,1,1,48,8,-1,-1,-1,-1,3,1,E01001445,0
Unvalidated,2024010517965,2024,010517965,1,3,0,99,9,9,99,9,9,99,9,99,2,1,1,1,27,6,-1,-1,-1,-1,2,1,E01000025,0
Unvalidated,2024010517965,2024,010517965,2,9,0,99,9,9,99,9,9,99,9,99,1,9,6,3,-1,-1,-1,-1,-1,-1,-1,-1,-1,0
Unvalidated,2024010517967,2024,010517967,1,3,0,99,9,9,99,9,9,99,9,99,1,1,1,1,33,6,-1,-1,-1,-1,2,1,E01002075,0
Unvalidated,2024010517967,2024,010517967,2,9,0,99,9,9,99,9,9,99,9,99,9,9,6,3,-1,-1,-1,-1,-1,-1,-1,-1,-1,0
Unvalidated,2024010517968,2024,010517968,1,3,0,99,9,9,99,9,9,99,9,99,1,1,1,1,30,6,-1,-1,-1,-1,2,1,E01001878,0
Unvalidated,2024010517968,2024,010517968,2,9,9,99,9,9,99,9,9,99,9,99,9,9,6,3,-1,-1,-1,-1,-1,-1,-1,-1,-1,0
Unvalidated,2024010517972,2024,010517972,1,1,9,99,9,9,99,9,9,99,9,99,9,1,2,1,42,7,-1,-1,-1,-1,2,1,E01003726,0
Unvalidated,2024010517972,2024,010517972,2,9,0,99,9,9,99,9,9,99,9,99,9,9,6,3,-1,-1,-1,-1,-1,-1,-1,-1,-1,0
Unvalidated,2024010517976,2024,010517976,1,9,0,9,5,2,0,6,0,0,0,0,3,1,3,1,54,8,-1,-1,-1,-1,4,1,E01003661,0
Unvalidated,2024010517979,2024,010517979,1,19,9,13,5,1,99,9,9,99,9,99,3,1,1,1,56,9,-1,-1,-1,-1,4,1,E01001047,0
Unvalidated,2024010517979,2024,010517979,2,1,9,99,9,9,99,9,9,99,9,99,1,1,6,1,23,5,-1,-1,-1,-1,3,1,E01004203,0
Unvalidated,2024010517991,2024,010517991,1,9,0,99,9,9,99,9,9,99,9,99,9,9,6,2,19,4,-1,-1,-1,-1,3,1,E01015973,0
Unvalidated,2024010517992,2024,010517992,1,1,0,18,7,3,4,0,1,0,0,0,9,1,6,3,-1,-1,-1,-1,-1,-1,-1,-1,-1,0
Unvalidated,2024010517993,2024,010517993,1,9,0,18,7,3,0,0,0,0,0,0,0,1,6,2,54,8,-1,-1,-1,-1,2,1,E01002080,0
Unvalidated,2024010517993,2024,010517993,2,20,0,3,7,3,0,0,0,0,0,0,0,1,1,1,42,7,-1,-1,-1,-1,2,1,E01002080,0
Unvalidated,2024010517994,2024,010517994,1,9,0,18,4,8,0,1,0,0,0,0,4,1,6,3,-1,-1,-1,-1,-1,-1,-1,-1,-1,0
Unvalidated,2024010517994,2024,010517994,2,1,0,18,4,8,4,1,0,0,0,0,2,1,6,1,40,7,-1,-1,-1,-1,4,1,E01000928,0
Unvalidated,2024010517996,2024,010517996,1,1,9,99,9,9,99,9,9,99,9,99,9,1,1,1,36,7,-1,-1,-1,-1,6,1,E01004485,0
Unvalidated,2024010517996,2024,010517996,2,9,0,99,9,9,99,9,9,99,9,99,9,9,6,1,44,7,-1,-1,-1,-1,8,1,E01003138,0
Unvalidated,2024010517997,2024,010517997,1,9,0,9,2,8,0,6,0,0,0,0,1,1,1,1,54,8,-1,-1,-1,-1,3,1,E01000222,0
Unvalidated,2024010517997,2024,010517997,2,1,0,14,8,4,0,1,1,0,7,0,3,1,6,1,45,7,-1,-1,-1,-1,6,1,E01002246,0
Unvalidated,2024010518003,2024,010518003,1,3,0,99,9,9,99,0,9,99,9,99,9,1,2,1,36,7,-1,-1,-1,-1,2,1,E01001448,0
Unvalidated,2024010518003,2024,010518003,2,9,0,99,9,9,99,0,9,99,9,99,9,9,6,3,-1,-1,-1,-1,-1,-1,-1,-1,-1,0
Unvalidated,2024010518004,2024,010518004,1,19,0,18,4,8,0,0,0,0,0,0,3,1,1,1,48,8,-1,-1,-1,-1,6,1,E01001059,0
Unvalidated,2024010518004,2024,010518004,2,3,0,18,4,8,0,0,0,0,0,0,1,1,1,1,47,8,-1,-1,-1,-1,3,1,E01001186,0
Unvalidated,2024010518007,2024,010518007,1,9,0,11,1,5,0,5,0,0,0,0,4,1,6,1,19,4,-1,-1,-1,-1,4,1,E01000068,0
Unvalidated,2024010518007,2024,010518007,2,3,0,18,1,5,0,5,0,0,0,0,3,1,1,2,23,5,-1,-1,-1,-1,4,1,E01001615,0
Unvalidated,2024010518008,2024,010518008,1,9,0,99,9,9,99,9,9,99,9,99,9,9,6,3,-1,-1,-1,-1,-1,-1,-1,-1,-1,0
Unvalidated,2024010518008,2024,010518008,2,9,0,99,9,9,99,9,9,99,9,99,9,9,2,2,24,5,-1,-1,-1,-1,6,2,E01017827,0
Unvalidated,2024010518013,2024,010518013,1,9,0,4,7,3,0,0,0,0,0,0,1,1,6,1,25,5,-1,-1,-1,-1,3,1,E01002645,0
Unvalidated,2024010518013,2024,010518013,2,9,0,3,7,3,0,0,0,0,0,0,2,1,6,1,58,9,-1,-1,-1,-1,6,1,E01002609,0
Unvalidated,2024010518015,2024,010518015,1,9,0,18,5,1,0,1,0,7,0,0,1,1,6,2,75,10,-1,-1,-1,-1,8,1,E01002981,0
Unvalidated,2024010518017,2024,010518017,1,11,0,18,1,5,2,1,0,0,0,0,0,1,1,1,66,10,-1,-1,-1,-1,3,1,E01003716,0
Unvalidated,2024010518029,2024,010518029,1,9,0,99,9,9,99,9,9,99,9,99,9,9,6,2,62,9,-1,-1,-1,-1,5,1,E01001086,0
Unvalidated,2024010518029,2024,010518029,2,1,9,99,9,9,99,9,9,99,9,99,9,1,6,1,-1,-1,-1,-1,-1,-1,-1,-1,-1,0
Unvalidated,2024010518030,2024,010518030,1,9,0,99,9,9,99,9,9,99,9,99,1,1,6,3,-1,-1,-1,-1,-1,-1,-1,-1,-1,0
Unvalidated,2024010518030,2024,010518030,2,90,9,99,9,9,99,1,0,0,0,0,9,1,6,1,34,6,-1,-1,-1,-1,2,1,E01003305,1
Unvalidated,2024010518033,2024,010518033,1,9,0,9,5,3,0,8,0,0,0,0,4,1,1,1,48,8,-1,-1,-1,-1,6,1,E01001245,0
Unvalidated,2024010518033,2024,010518033,2,9,0,18,1,5,0,8,0,0,0,0,1,1,6,1,45,7,-1,-1,-1,-1,2,1,E01000015,0
Unvalidated,2024010518038,2024,010518038,1,1,9,99,9,9,99,1,9,99,9,99,9,1,6,1,27,6,-1,-1,-1,-1,4,1,E01000547,0
Unvalidated,2024010518038,2024,010518038,2,90,0,99,9,9,99,5,9,99,9,99,1,9,6,3,-1,-1,-1,-1,-1,-1,-1,-1,-1,0
Unvalidated,2024010518039,2024,010518039,1,19,0,11,5,1,0,1,0,0,0,0,4,1,6,1,58,9,-1,-1,-1,-1,2,1,E01003046,0
Unvalidated,2024010518039,2024,010518039,2,1,0,18,5,1,0,1,0,0,0,0,3,1,6,1,53,8,-1,-1,-1,-1,5,1,E01003139,0
Unvalidated,2024010518042,2024,010518042,1,9,0,18,1,5,0,8,0,0,0,0,0,1,6,1,43,7,-1,-1,-1,-1,-1,-1,-1,0
Unvalidated,2024010518042,2024,010518042,2,9,0,9,5,4,0,8,0,0,0,0,0,1,6,2,27,6,-1,-1,-1,-1,-1,1,-1,0
Unvalidated,2024010518044,2024,010518044,1,3,0,18,3,7,0,1,0,0,0,0,4,1,6,2,33,6,-1,-1,-1,-1,4,1,E01000518,0
Unvalidated,2024010518044,2024,010518044,2,9,0,8,5,7,0,1,0,0,0,0,2,1,2,1,28,6,-1,-1,-1,-1,6,1,E01000324,0
Unvalidated,2024010518051,2024,010518051,1,11,0,5,2,6,0,3,0,0,0,0,0,1,6,2,56,9,-1,-1,-1,-1,3,1,E01004600,0
Unvalidated,2024010518053,2024,010518053,1,19,0,99,9,9,99,5,9,99,9,99,1,9,6,3,-1,-1,-1,-1,-1,-1,2,1,E01004060,0
Unvalidated,2024010518053,2024,010518053,2,1,9,99,9,9,99,1,9,99,9,99,9,1,2,1,32,6,-1,-1,-1,-1,2,1,E01004060,0
Unvalidated,2024010518054,2024,010518054,1,3,0,99,9,9,99,9,9,99,9,99,1,1,1,1,20,4,-1,-1,-1,-1,1,1,E01000524,0
Unvalidated,2024010518054,2024,010518054,2,9,0,99,9,9,99,9,9,99,9,99,1,9,6,3,-1,-1,-1,-1,-1,-1,-1,-1,-1,0
Unvalidated,2024010518056,2024,010518056,1,9,9,99,9,9,99,9,9,99,9,99,2,9,2,1,27,6,-1,-1,-1,-1,2,1,E01001773,0
Unvalidated,2024010518056,2024,010518056,2,21,9,99,9,9,99,9,9,99,9,99,9,9,6,3,-1,-1,-1,-1,-1,-1,-1,-1,-1,0
Unvalidated,2024010518058,2024,010518058,1,9,0,18,1,5,0,1,0,0,0,0,1,1,6,2,71,10,-1,-1,-1,-1,5,1,E01002004,0
Unvalidated,2024010518058,2024,010518058,2,3,3,17,1,5,0,1,0,0,0,0,1,1,6,1,18,4,-1,-1,-1,-1,6,1,E01001527,0
Unvalidated,2024010518059,2024,010518059,1,9,0,99,9,9,99,9,9,99,9,99,1,9,6,3,-1,-1,-1,-1,-1,-1,-1,-1,-1,0
Unvalidated,2024010518062,2024,010518062,1,1,0,18,7,3,0,1,0,0,0,0,2,1,6,1,24,5,-1,-1,-1,-1,3,1,E01004760,0
Unvalidated,2024010518062,2024,010518062,2,19,0,18,1,5,0,8,0,0,0,0,2,1,6,3,-1,-1,-1,-1,-1,-1,-1,-1,-1,0
Unvalidated,2024010518064,2024,010518064,1,9,0,99,9,9,99,9,9,99,9,99,9,9,6,2,40,7,-1,-1,-1,-1,3,1,E01000088,0
Unvalidated,2024010518064,2024,010518064,2,9,0,99,9,9,99,9,9,99,9,99,9,9,6,3,-1,-1,-1,-1,-1,-1,-1,-1,-1,0
Unvalidated,2024010518069,2024,010518069,1,9,0,99,9,9,99,9,9,99,9,99,9,9,6,2,17,4,-1,-1,-1,-1,3,1,E01000090,0
Unvalidated,2024010518069,2024,010518069,2,9,0,99,9,9,99,9,9,99,9,99,2,9,6,3,-1,-1,-1,-1,-1,-1,3,1,E01000089,0
Unvalidated,2024010518070,2024,010518070,1,3,0,18,7,3,0,0,5,0,0,0,4,1,6,1,36,7,-1,-1,-1,-1,8,1,E01002318,0
Unvalidated,2024010518070,2024,010518070,2,9,0,18,7,3,0,0,0,0,0,0,3,1,6,3,-1,-1,-1,-1,-1,-1,-1,-1,-1,0
Unvalidated,2024010518070,2024,010518070,3,9,0,12,7,3,0,0,0,0,0,0,3,1,6,3,-1,-1,-1,-1,-1,-1,-1,-1,-1,0
Unvalidated,2024010518075,2024,010518075,1,9,0,10,3,8,0,1,0,0,0,0,2,1,6,2,33,6,-1,-1,-1,-1,8,1,E01001413,0
Unvalidated,2024010518075,2024,010518075,2,9,0,18,3,7,0,1,0,0,0,0,1,1,6,2,44,7,-1,-1,-1,-1,3,1,E01001440,0
Unvalidated,2024010518078,2024,010518078,1,9,0,3,7,3,0,1,0,0,0,0,1,1,6,1,54,8,-1,-1,-1,-1,10,2,E01023948,0
Unvalidated,2024010518078,2024,010518078,2,3,0,18,7,3,0,1,0,0,0,0,2,1,6,1,32,6,-1,-1,-1,-1,3,1,E01003537,0
Unvalidated,2024010518079,2024,010518079,1,3,0,4,3,7,0,1,0,0,0,0,4,1,6,1,24,5,-1,-1,-1,-1,-1,-1,-1,0
Unvalidated,2024010518079,2024,010518079,2,9,0,9,8,5,0,6,0,0,0,0,1,1,6,3,-1,-1,-1,-1,-1,-1,-1,-1,-1,0
Unvalidated,2024010518085,2024,010518085,1,1,9,99,9,9,99,9,9,99,9,99,9,1,6,3,-1,-1,-1,-1,-1,-1,-1,-1,-1,0
Unvalidated,2024010518090,2024,010518090,1,9,0,99,9,9,99,9,9,99,9,99,9,9,6,3,-1,-1,-1,-1,-1,-1,4,1,E01000559,0
Unvalidated,2024010518090,2024,010518090,2,1,9,99,9,9,99,9,9,8,9,99,9,1,2,1,36,7,-1,-1,-1,-1,3,1,E01000640,0
Unvalidated,2024010518093,2024,010518093,1,8,0,7,3,6,0,8,0,0,0,0,1,1,1,1,60,9,-1,-1,-1,-1,3,2,E01015924,0
Unvalidated,2024010518098,2024,010518098,1,9,0,2,0,0,6,0,0,0,0,0,3,1,6,3,-1,-1,-1,-1,-1,-1,-1,-1,-1,0
Unvalidated,2024010518098,2024,010518098,2,1,0,13,7,3,0,0,2,0,0,0,1,1,1,1,24,5,-1,-1,-1,-1,2,1,E01032772,0
Unvalidated,2024010518101,2024,010518101,1,9,0,18,5,1,0,0,0,0,0,0,1,1,6,1,67,10,-1,-1,-1,-1,10,1,E01030345,0
Unvalidated,2024010518101,2024,010518101,2,9,0,4,5,1,0,0,0,0,0,0,2,1,6,2,42,7,-1,-1,-1,-1,6,1,E01003002,0
Unvalidated,2024010518106,2024,010518106,1,1,9,99,9,9,99,9,9,99,9,99,9,1,6,1,36,7,-1,-1,-1,-1,7,1,E01001950,0
Unvalidated,2024010518106,2024,010518106,2,9,0,99,9,9,99,9,9,99,9,99,1,9,6,3,-1,-1,-1,-1,-1,-1,-1,-1,-1,0
Unvalidated,2024010518107,2024,010518107,1,9,0,99,9,9,99,0,9,99,9,99,2,9,6,3,-1,-1,-1,-1,-1,-1,3,1,E01002645,0
Unvalidated,2024010518107,2024,010518107,2,3,0,99,9,9,99,0,9,99,9,99,1,1,1,1,33,6,-1,-1,-1,-1,4,1,E01002663,0
Unvalidated,2024010518110,2024,010518110,1,8,0,99,9,9,99,9,9,99,9,99,2,9,1,1,43,7,-1,-1,-1,-1,-1,-1,-1,0
Unvalidated,2024010518110,2024,010518110,2,9,0,99,9,9,99,9,9,99,9,99,1,9,6,3,-1,-1,-1,-1,-1,-1,-1,-1,-1,0
Unvalidated,2024010518111,2024,010518111,1,20,0,17,1,5,0,1,0,0,0,0,1,1,6,3,-1,-1,-1,-1,-1,-1,-1,-1,-1,0
Unvalidated,2024010518111,2024,010518111,2,1,0,18,1,5,0,1,5,0,0,0,4,1,6,1,65,9,-1,-1,-1,-1,7,1,E01004505,0
Unvalidated,2024010518115,2024,010518115,1,9,0,99,9,9,99,9,9,99,9,99,1,9,6,3,-1,-1,-1,-1,-1,-1,2,1,E01004460,0
Unvalidated,2024010518116,2024,010518116,1,1,9,18,9,9,99,9,9,99,9,99,1,1,2,1,53,8,-1,-1,-1,-1,7,1,E01000650,0
Unvalidated,2024010518116,2024,010518116,2,9,0,6,9,9,99,9,9,99,9,99,9,9,6,2,57,9,-1,-1,-1,-1,4,1,E01003216,0
Unvalidated,2024010518117,2024,010518117,1,1,0,4,2,6,99,4,2,0,9,0,2,1,4,1,12,3,-1,-1,-1,-1,1,1,E01000605,0
Unvalidated,2024010518119,2024,010518119,1,9,0,99,9,9,99,9,9,99,9,99,3,9,1,1,41,7,-1,-1,-1,-1,2,1,E01003498,0
Unvalidated,2024010518119,2024,010518119,2,98,0,99,9,9,99,9,9,99,9,99,4,9,6,3,-1,-1,-1,-1,-1,-1,-1,-1,-1,0
Unvalidated,2024010518120,2024,010518120,1,97,0,18,5,1,9,0,0,10,1,11,1,1,6,1,49,8,-1,-1,-1,-1,5,1,E01004188,0
Unvalidated,2024010518121,2024,010518121,1,1,9,99,9,9,99,9,9,99,9,99,2,1,1,1,34,6,-1,-1,-1,-1,3,1,E01004313,0
Unvalidated,2024010518121,2024,010518121,2,9,0,99,9,9,99,9,9,99,9,99,0,9,6,3,-1,-1,-1,-1,-1,-1,-1,-1,-1,0
Unvalidated,2024010518125,2024,010518125,1,9,0,99,9,9,99,9,9,99,9,99,1,9,6,2,46,8,-1,-1,-1,-1,5,1,E01001859,0
Unvalidated,2024010518125,2024,010518125,2,9,0,99,9,9,99,9,9,99,9,99,1,9,6,3,-1,-1,-1,-1,-1,-1,-1,-1,-1,0
Unvalidated,2024010518127,2024,010518127,1,9,0,99,9,9,99,0,9,99,9,99,2,9,6,2,26,6,-1,-1,-1,-1,-1,1,-1,0
Unvalidated,2024010518127,2024,010518127,2,19,0,99,9,9,99,0,9,99,9,99,1,9,6,3,33,6,-1,-1,-1,-1,-1,-1,-1,0
Unvalidated,2024010518129,2024,010518129,1,9,0,18,3,7,0,4,0,0,0,0,1,1,6,1,24,5,-1,-1,-1,-1,1,1,E01004285,0
Unvalidated,2024010518129,2024,010518129,2,3,0,18,7,3,0,2,0,0,0,0,1,1,6,1,26,6,-1,-1,-1,-1,2,1,E01003500,0
Unvalidated,2024010518132,2024,010518132,1,5,0,18,3,7,0,1,2,0,7,11,3,1,6,1,21,5,-1,-1,-1,-1,-1,-1,-1,0
Unvalidated,2024010518132,2024,010518132,2,3,0,18,3,7,0,1,2,0,7,0,3,1,6,1,20,4,-1,-1,-1,-1,-1,-1,-1,0
Unvalidated,2024010518134,2024,010518134,1,11,0,4,7,3,0,0,0,0,0,0,0,1,6,2,42,7,-1,-1,-1,-1,6,1,E01003152,0
Unvalidated,2024010518136,2024,010518136,1,11,0,2,0,0,2,1,0,0,0,0,0,1,6,3,-1,-1,-1,-1,-1,-1,-1,-1,-1,0
Unvalidated,2024010518136,2024,010518136,2,90,0,18,5,1,0,1,0,0,0,0,1,1,6,1,47,8,-1,-1,-1,-1,4,1,E01001738,1
Unvalidated,2024010518137,2024,010518137,1,9,0,3,8,4,0,0,0,0,0,0,1,1,1,1,25,5,-1,-1,-1,-1,-1,-1,-1,0
Unvalidated,2024010518137,2024,010518137,2,9,0,1,5,1,0,0,0,0,7,11,1,1,6,1,31,6,-1,-1,-1,-1,2,1,E01001575,0
Unvalidated,2024010518137,2024,010518137,3,9,0,3,8,4,0,0,0,0,0,0,0,1,1,1,28,6,-1,-1,-1,-1,-1,-1,-1,0
Unvalidated,2024010518137,2024,010518137,4,9,0,2,0,0,0,0,0,0,0,0,2,1,6,3,-1,-1,-1,-1,-1,-1,-1,-1,-1,0
Unvalidated,2024010518142,2024,010518142,1,9,0,18,7,3,0,0,1,4,0,0,1,1,6,1,50,8,-1,-1,-1,-1,6,1,E01002218,0
Unvalidated,2024010518142,2024,010518142,2,9,0,3,7,3,0,0,0,0,0,0,2,1,1,1,50,8,-1,-1,-1,-1,6,1,E01001342,0
Unvalidated,2024010518145,2024,010518145,1,9,0,7,7,1,0,1,0,0,0,0,1,1,1,1,57,9,-1,-1,-1,-1,2,1,E01000079,0
Unvalidated,2024010518145,2024,010518145,2,1,0,9,7,5,0,1,0,0,0,0,1,1,6,1,37,7,-1,-1,-1,-1,3,1,E01003215,0
Unvalidated,2024010518147,2024,010518147,1,3,0,99,9,9,99,9,9,99,9,99,9,1,1,3,18,4,-1,-1,-1,-1,3,1,E01000035,0
Unvalidated,2024010518147,2024,010518147,2,9,0,99,9,9,99,9,9,99,9,99,9,9,6,3,-1,-1,-1,-1,-1,-1,-1,-1,-1,0
Unvalidated,2024010518148,2024,010518148,1,9,0,9,3,1,0,8,0,0,0,0,1,1,6,1,44,7,-1,-1,-1,-1,8,1,E01001390,0
Unvalidated,2024010518148,2024,010518148,2,1,0,18,7,3,0,1,0,0,0,0,1,1,6,1,40,7,-1,-1,-1,-1,2,1,E01001246,0
Unvalidated,2024010518151,2024,010518151,1,9,0,99,9,9,99,9,9,99,9,99,9,9,6,3,-1,-1,-1,-1,-1,-1,-1,-1,-1,0
Unvalidated,2024010518152,2024,010518152,1,9,0,99,9,9,99,9,9,99,9,99,2,9,2,1,43,7,-1,-1,-1,-1,9,1,E01004277,0