status,collision_index,collision_year,collision_reference,vehicle_reference,vehicle_type,towing_and_articulation,vehicle_manoeuvre,vehicle_direction_from,vehicle_direction_to,vehicle_location_restricted_lane,junction_location,skidding_and_overturning,hit_object_in_carriageway,vehicle_leaving_carriageway,hit_object_off_carriageway,first_point_of_impact,vehicle_left_hand_drive,journey_purpose_of_driver,sex_of_driver,age_of_driver,age_band_of_driver,engine_capacity_cc,propulsion_code,age_of_vehicle,generic_make_model,driver_imd_decile,driver_home_area_type,lsoa_of_driver,escooter_flag
Unvalidated,2024010518152,2024,010518152,2,9,0,99,9,9,99,9,9,99,9,99,1,9,6,3,-1,-1,-1,-1,-1,-1,-1,-1,-1,0
Unvalidated,2024010518158,2024,010518158,1,9,0,99,9,9,99,9,9,99,9,99,1,9,6,2,44,7,-1,-1,-1,-1,3,1,E01024149,0
Unvalidated,2024010518158,2024,010518158,2,9,0,99,9,9,99,9,9,99,9,99,1,9,6,3,-1,-1,-1,-1,-1,-1,-1,-1,-1,0
Unvalidated,2024010518161,2024,010518161,1,5,0,18,5,1,0,8,0,0,0,0,1,1,6,1,22,5,-1,-1,-1,-1,2,1,E01003190,0
Unvalidated,2024010518161,2024,010518161,2,9,0,9,5,2,0,8,0,0,0,0,1,1,1,2,61,9,-1,-1,-1,-1,2,1,E01003190,0
Unvalidated,2024010518162,2024,010518162,1,19,0,18,3,7,0,2,0,0,0,0,1,1,1,1,41,7,-1,-1,-1,-1,5,1,E01000402,0
Unvalidated,2024010518162,2024,010518162,2,1,0,6,7,7,0,2,0,0,0,0,3,1,4,2,13,3,-1,-1,-1,-1,3,1,E01001763,0
Unvalidated,2024010518163,2024,010518163,1,5,0,99,9,9,99,9,9,99,9,99,9,1,6,1,23,5,-1,-1,-1,-1,2,1,E01003128,0
Unvalidated,2024010518163,2024,010518163,2,9,0,99,9,9,99,9,9,99,9,99,1,9,6,1,35,6,-1,-1,-1,-1,1,1,E01001358,0
Unvalidated,2024010518167,2024,010518167,1,3,0,99,9,9,99,9,9,99,9,99,9,1,2,1,32,6,-1,-1,-1,-1,1,1,E01002280,0
Unvalidated,2024010518167,2024,010518167,2,9,0,99,9,9,99,9,9,99,9,99,1,9,6,3,-1,-1,-1,-1,-1,-1,-1,-1,-1,0
Unvalidated,2024010518169,2024,010518169,1,3,0,99,9,9,99,9,9,99,9,99,1,1,1,1,23,5,-1,-1,-1,-1,6,1,E01000555,0
Unvalidated,2024010518169,2024,010518169,2,9,0,99,9,9,99,9,9,99,9,99,1,9,6,3,-1,-1,-1,-1,-1,-1,-1,-1,-1,0
Unvalidated,2024010518170,2024,010518170,1,11,0,18,1,5,0,1,0,0,0,0,0,1,1,2,44,7,-1,-1,-1,-1,2,1,E01002686,0
Unvalidated,2024010518170,2024,010518170,2,97,0,11,1,5,0,8,0,0,0,0,0,1,6,3,38,7,-1,-1,-1,-1,6,1,E01002204,0
Unvalidated,2024010518171,2024,010518171,1,1,9,99,9,9,99,9,9,99,9,99,1,1,2,1,33,6,-1,-1,-1,-1,3,1,E01032583,0
Unvalidated,2024010518171,2024,010518171,2,19,0,99,9,9,99,9,9,99,9,99,9,9,6,3,-1,-1,-1,-1,-1,-1,3,1,E01000335,0
Unvalidated,2024010518174,2024,010518174,1,9,0,9,1,6,9,8,0,0,1,0,1,1,6,1,44,7,-1,-1,-1,-1,2,1,E01003932,0
Unvalidated,2024010518177,2024,010518177,1,3,0,18,9,9,99,0,9,99,9,99,1,1,1,2,30,6,-1,-1,-1,-1,-1,-1,-1,0
Unvalidated,2024010518177,2024,010518177,2,19,0,13,9,9,99,0,9,99,9,99,9,9,6,3,-1,-1,-1,-1,-1,-1,-1,-1,-1,0
Unvalidated,2024010518178,2024,010518178,1,9,0,11,3,7,0,8,0,0,0,0,4,1,6,1,38,7,-1,-1,-1,-1,3,1,E01003569,0
Unvalidated,2024010518178,2024,010518178,2,17,0,18,3,7,0,8,0,0,0,0,3,1,1,1,40,7,-1,-1,-1,-1,2,1,E01016009,0
Unvalidated,2024010518179,2024,010518179,1,1,9,99,9,9,99,9,9,99,9,99,1,1,6,3,-1,-1,-1,-1,-1,-1,-1,-1,-1,0
Unvalidated,2024010518180,2024,010518180,1,19,0,99,9,9,99,9,9,99,9,99,2,9,2,1,39,7,-1,-1,-1,-1,5,1,E01002546,0
Unvalidated,2024010518180,2024,010518180,2,19,0,99,9,9,99,9,9,99,9,99,1,9,6,3,-1,-1,-1,-1,-1,-1,7,1,E01001851,0
Unvalidated,2024010518182,2024,010518182,1,19,3,18,5,1,0,2,0,0,0,0,1,1,2,1,52,8,-1,-1,-1,-1,6,1,E01001077,0
Unvalidated,2024010518193,2024,010518193,1,1,9,99,9,9,99,9,9,99,9,99,9,1,2,3,24,5,-1,-1,-1,-1,2,1,E01032722,0
Unvalidated,2024010518193,2024,010518193,2,1,9,99,9,9,99,9,9,99,9,99,1,1,6,3,-1,-1,-1,-1,-1,-1,-1,-1,-1,0
Unvalidated,2024010518197,2024,010518197,1,1,9,99,9,9,99,9,9,99,9,99,1,1,2,1,45,7,-1,-1,-1,-1,4,1,E01000170,0
Unvalidated,2024010518197,2024,010518197,2,9,0,99,9,9,99,9,9,99,9,99,9,9,6,3,-1,-1,-1,-1,-1,-1,-1,-1,-1,0
Unvalidated,2024010518198,2024,010518198,1,1,9,99,9,9,99,9,9,99,9,99,1,1,6,2,61,9,-1,-1,-1,-1,4,1,E01001739,0
Unvalidated,2024010518198,2024,010518198,2,19,0,99,9,9,99,9,9,99,9,99,9,9,6,3,-1,-1,-1,-1,-1,-1,-1,-1,-1,0
Unvalidated,2024010518199,2024,010518199,1,9,0,99,9,9,99,9,9,99,9,99,1,9,6,3,-1,-1,-1,-1,-1,-1,-1,-1,-1,0
Unvalidated,2024010518200,2024,010518200,1,9,0,6,6,6,0,0,0,0,1,0,4,1,2,2,38,7,-1,-1,-1,-1,6,1,E01033570,0
Unvalidated,2024010518200,2024,010518200,2,3,0,15,6,2,0,0,0,0,1,0,1,1,6,1,21,5,-1,-1,-1,-1,5,1,E01000632,0
Unvalidated,2024010518201,2024,010518201,1,3,0,15,3,7,0,0,1,0,0,0,1,1,2,1,21,5,-1,-1,-1,-1,4,1,E01021266,0
Unvalidated,2024010518201,2024,010518201,2,20,0,18,3,7,0,0,0,0,0,0,0,1,1,1,38,7,-1,-1,-1,-1,2,1,E01003500,0
Unvalidated,2024010518201,2024,010518201,3,8,0,3,3,7,0,0,0,0,0,0,3,2,1,1,46,8,-1,-1,-1,-1,4,1,E01000006,0
Unvalidated,2024010518205,2024,010518205,1,9,0,99,9,9,99,9,9,99,9,99,2,9,2,2,41,7,-1,-1,-1,-1,7,1,E01001495,0
Unvalidated,2024010518205,2024,010518205,2,9,0,99,9,9,99,9,9,99,9,99,1,9,6,3,-1,-1,-1,-1,-1,-1,-1,-1,-1,0
Unvalidated,2024010518205,2024,010518205,3,9,9,99,9,9,99,9,9,99,9,99,9,9,6,3,-1,-1,-1,-1,-1,-1,-1,-1,-1,0
Unvalidated,2024010518207,2024,010518207,1,9,0,99,9,9,99,9,9,99,9,99,1,9,6,1,31,6,-1,-1,-1,-1,8,1,E01000874,0
Unvalidated,2024010518207,2024,010518207,2,90,0,99,9,9,99,9,9,99,9,99,9,9,6,3,-1,-1,-1,-1,-1,-1,3,1,E01001983,0
Unvalidated,2024010518209,2024,010518209,1,8,0,99,9,9,99,0,9,99,9,99,9,1,6,3,-1,-1,-1,-1,-1,-1,-1,-1,-1,0
Unvalidated,2024010518212,2024,010518212,1,3,0,99,9,9,99,9,9,99,9,99,9,1,2,1,48,8,-1,-1,-1,-1,1,1,E01002037,0
Unvalidated,2024010518212,2024,010518212,2,9,9,99,9,9,99,9,9,99,9,99,9,9,6,3,-1,-1,-1,-1,-1,-1,-1,-1,-1,0
Unvalidated,2024010518216,2024,010518216,1,19,0,7,7,2,4,5,0,0,1,0,1,1,1,1,33,6,-1,-1,-1,-1,3,1,E01001373,0
Unvalidated,2024010518216,2024,010518216,2,1,0,5,7,3,4,1,0,0,0,0,1,1,1,1,29,6,-1,-1,-1,-1,2,1,E01003977,0
Unvalidated,2024010518221,2024,010518221,1,8,0,18,1,5,99,9,0,99,9,99,2,1,6,1,65,9,-1,-1,-1,-1,5,1,E01004450,0
Unvalidated,2024010518223,2024,010518223,1,20,0,3,1,5,0,1,0,0,0,0,1,1,1,1,44,7,-1,-1,-1,-1,5,1,E01004451,0
Unvalidated,2024010518223,2024,010518223,2,19,0,9,2,8,0,8,0,0,0,0,1,1,6,1,38,7,-1,-1,-1,-1,4,1,E01016446,0
Unvalidated,2024010518223,2024,010518223,3,9,0,3,1,5,0,1,0,0,0,0,2,1,6,2,24,5,-1,-1,-1,-1,6,1,E01001990,0
Unvalidated,2024010518223,2024,010518223,4,9,0,3,1,5,0,1,0,0,0,0,2,1,1,1,33,6,-1,-1,-1,-1,3,1,E01003143,0
Unvalidated,2024010518223,2024,010518223,5,9,0,3,1,5,0,1,0,0,0,0,2,1,6,2,53,8,-1,-1,-1,-1,9,1,E01001132,0
Unvalidated,2024010518223,2024,010518223,6,11,0,18,1,5,0,1,0,0,0,0,1,1,6,1,72,10,-1,-1,-1,-1,5,1,E01003083,0
Unvalidated,2024010518231,2024,010518231,1,1,9,99,9,9,99,9,9,99,9,99,9,1,2,1,53,8,-1,-1,-1,-1,8,1,E01000962,0
Unvalidated,2024010518231,2024,010518231,2,9,0,99,9,9,99,9,9,99,9,99,9,9,6,3,-1,-1,-1,-1,-1,-1,-1,-1,-1,0
Unvalidated,2024010518238,2024,010518238,1,5,0,99,9,9,0,0,9,99,9,99,1,1,6,1,35,6,-1,-1,-1,-1,2,1,E01033146,0
Unvalidated,2024010518238,2024,010518238,2,9,0,99,9,9,0,0,9,99,9,99,2,9,6,3,-1,-1,-1,-1,-1,-1,2,1,E01015703,0
Unvalidated,2024010518242,2024,010518242,1,3,0,99,9,9,99,9,9,99,9,99,9,1,6,2,28,6,-1,-1,-1,-1,5,1,E01003142,0
Unvalidated,2024010518242,2024,010518242,2,9,0,99,9,9,99,9,9,99,9,99,1,9,6,3,-1,-1,-1,-1,-1,-1,-1,-1,-1,0
Unvalidated,2024010518245,2024,010518245,1,3,0,99,9,9,99,0,9,99,9,99,1,1,1,3,35,6,-1,-1,-1,-1,2,1,E01001014,0
Unvalidated,2024010518245,2024,010518245,2,9,9,99,9,9,99,0,9,99,9,99,9,9,6,3,-1,-1,-1,-1,-1,-1,-1,-1,-1,0
Unvalidated,2024010518246,2024,010518246,1,11,0,4,1,5,0,1,0,0,0,0,2,1,1,1,72,10,-1,-1,-1,-1,10,1,E01003780,0
Unvalidated,2024010518246,2024,010518246,2,9,0,4,1,5,0,1,0,4,0,0,2,1,2,2,51,8,-1,-1,-1,-1,2,1,E01002804,0
Unvalidated,2024010518246,2024,010518246,3,9,0,4,1,5,0,1,0,4,0,0,2,1,6,2,81,11,-1,-1,-1,-1,6,1,E01002024,0
Unvalidated,2024010518252,2024,010518252,1,9,0,5,5,1,0,1,0,0,0,0,3,2,6,1,44,7,-1,-1,-1,-1,7,1,E01002577,0
Unvalidated,2024010518252,2024,010518252,2,1,0,5,5,1,0,1,0,0,0,0,4,1,6,1,51,8,-1,-1,-1,-1,7,1,E01002579,0
Unvalidated,2024010518254,2024,010518254,1,11,0,18,6,2,0,0,0,0,0,0,0,1,6,1,64,9,-1,-1,-1,-1,4,1,E01002346,0
Unvalidated,2024010518259,2024,010518259,1,3,0,14,3,7,0,0,0,0,0,0,1,1,6,1,41,7,-1,-1,-1,-1,7,1,E01023335,0
Unvalidated,2024010518262,2024,010518262,1,9,0,8,1,4,0,1,0,0,0,0,4,1,4,1,47,8,-1,-1,-1,-1,7,1,E01001314,0
Unvalidated,2024010518262,2024,010518262,2,1,0,18,3,7,9,2,0,0,0,0,1,1,6,1,21,5,-1,-1,-1,-1,7,1,E01001314,0
Unvalidated,2024010518272,2024,010518272,1,9,0,9,2,7,0,7,0,0,0,0,4,1,6,1,31,6,-1,-1,-1,-1,1,1,E01000508,0
Unvalidated,2024010518273,2024,010518273,1,1,0,9,7,4,0,4,0,0,0,0,2,1,6,1,34,6,-1,-1,-1,-1,2,1,E01004409,0
Unvalidated,2024010518273,2024,010518273,2,9,0,18,1,5,0,4,0,0,0,0,1,1,6,1,56,9,-1,-1,-1,-1,7,1,E01012717,0
Unvalidated,2024010518275,2024,010518275,1,19,0,2,0,0,0,2,0,8,0,0,3,1,6,3,-1,-1,-1,-1,-1,-1,-1,-1,-1,0
Unvalidated,2024010518275,2024,010518275,2,1,0,14,5,1,0,2,5,8,0,0,4,1,6,2,29,6,-1,-1,-1,-1,9,3,E01023969,0
Unvalidated,2024010518278,2024,010518278,1,11,0,2,0,0,0,0,0,0,0,0,2,1,6,3,-1,-1,-1,-1,-1,-1,-1,-1,-1,0
Unvalidated,2024010518278,2024,010518278,2,11,0,18,3,7,0,0,0,4,0,0,1,1,1,1,37,7,-1,-1,-1,-1,3,1,E01004536,0
Unvalidated,2024010518281,2024,010518281,1,9,0,18,6,2,0,8,0,0,0,0,1,1,6,1,51,8,-1,-1,-1,-1,5,1,E01016518,0
Unvalidated,2024010518281,2024,010518281,2,1,0,18,3,7,0,8,0,0,0,0,4,1,6,1,21,5,-1,-1,-1,-1,2,1,E01033000,0
Unvalidated,2024010518288,2024,010518288,1,9,0,99,9,9,0,0,9,99,9,99,2,9,2,1,24,5,-1,-1,-1,-1,8,1,E01003744,0
Unvalidated,2024010518288,2024,010518288,2,19,0,99,9,9,0,0,9,99,9,99,1,9,6,3,-1,-1,-1,-1,-1,-1,5,1,E01000583,0
Unvalidated,2024010518294,2024,010518294,1,9,9,18,7,3,0,1,9,0,9,0,1,9,6,3,-1,-1,-1,-1,-1,-1,-1,-1,-1,0
Unvalidated,2024010518300,2024,010518300,1,9,0,9,3,1,0,6,0,0,0,0,1,1,6,1,30,6,-1,-1,-1,-1,3,1,E01000062,0
Unvalidated,2024010518300,2024,010518300,2,1,0,5,5,1,0,6,0,0,0,0,2,1,6,1,57,9,-1,-1,-1,-1,7,1,E01000258,0
Unvalidated,2024010518302,2024,010518302,1,1,9,99,9,9,99,9,9,99,9,99,2,1,2,2,62,9,-1,-1,-1,-1,9,1,E01030705,0
Unvalidated,2024010518302,2024,010518302,2,9,0,99,9,9,99,9,9,99,9,99,1,9,6,3,64,9,-1,-1,-1,-1,4,1,E01003357,0
Unvalidated,2024010518303,2024,010518303,1,9,0,18,3,7,0,8,0,0,0,0,0,1,6,2,29,6,-1,-1,-1,-1,6,1,E01001964,0
Unvalidated,2024010518303,2024,010518303,2,3,0,18,5,1,0,2,5,0,0,0,0,1,6,1,20,4,-1,-1,-1,-1,4,1,E01000864,0
Unvalidated,2024010518304,2024,010518304,1,9,0,18,7,3,0,2,0,0,0,0,1,1,6,1,19,4,-1,-1,-1,-1,-1,-1,-1,0
Unvalidated,2024010518304,2024,010518304,2,9,0,18,3,7,0,1,0,0,0,0,1,1,6,1,45,7,-1,-1,-1,-1,1,1,E01004209,0
Unvalidated,2024010518304,2024,010518304,3,9,0,18,3,7,0,1,0,0,0,0,3,2,6,1,47,8,-1,-1,-1,-1,2,1,E01004253,0
Unvalidated,2024010518304,2024,010518304,4,19,0,18,7,3,0,2,0,0,0,0,1,1,1,1,31,6,-1,-1,-1,-1,3,1,E01004259,0
Unvalidated,2024010518306,2024,010518306,1,9,0,2,0,0,0,0,0,0,0,0,3,1,6,1,-1,-1,-1,-1,-1,-1,-1,-1,-1,0
Unvalidated,2024010518306,2024,010518306,2,1,0,18,4,8,4,0,0,8,0,0,3,1,3,1,11,3,-1,-1,-1,-1,7,1,E01000225,0
Unvalidated,2024010518308,2024,010518308,1,11,0,9,3,1,0,8,0,0,0,0,0,1,1,1,41,7,-1,-1,-1,-1,3,1,E01001466,0
Unvalidated,2024010518310,2024,010518310,1,9,0,7,3,5,0,8,0,0,0,0,1,1,6,1,67,10,-1,-1,-1,-1,7,1,E01002329,0
Unvalidated,2024010518313,2024,010518313,1,1,0,14,1,5,0,0,0,0,0,0,1,1,2,2,51,8,-1,-1,-1,-1,4,1,E01004642,0
Unvalidated,2024010518313,2024,010518313,2,8,0,6,1,1,0,0,0,0,0,0,4,1,1,1,56,9,-1,-1,-1,-1,3,1,E01002491,0
Unvalidated,2024010518316,2024,010518316,1,5,0,18,6,2,0,2,0,0,0,0,1,1,6,1,30,6,-1,-1,-1,-1,4,1,E01004358,0
Unvalidated,2024010518316,2024,010518316,2,19,0,18,8,4,0,1,0,0,0,0,1,1,6,1,28,6,-1,-1,-1,-1,2,1,E01033486,0
Unvalidated,2024010518317,2024,010518317,1,11,0,18,7,3,2,0,0,0,0,0,0,1,1,1,62,9,-1,-1,-1,-1,3,1,E01000092,0
Unvalidated,2024010518317,2024,010518317,2,9,0,7,7,1,2,0,0,0,1,0,0,1,6,1,59,9,-1,-1,-1,-1,-1,-1,-1,0
Unvalidated,2024010518318,2024,010518318,1,3,0,99,9,9,99,0,9,99,9,99,9,1,6,1,49,8,-1,-1,-1,-1,3,1,E01002554,0
Unvalidated,2024010518318,2024,010518318,2,10,0,99,9,9,99,0,9,99,9,99,2,9,6,3,63,9,-1,-1,-1,-1,5,1,E01002213,0
Unvalidated,2024010518319,2024,010518319,1,3,0,18,5,1,0,1,0,0,0,0,0,1,1,1,-1,-1,-1,-1,-1,-1,3,1,E01003525,0
Unvalidated,2024010518319,2024,010518319,2,9,0,5,1,5,0,1,0,0,0,0,0,1,2,2,51,8,-1,-1,-1,-1,3,1,E01001629,0
Unvalidated,2024010518324,2024,010518324,1,9,0,7,5,6,0,8,0,0,0,0,1,1,6,3,-1,-1,-1,-1,-1,-1,-1,-1,-1,0
Unvalidated,2024010518324,2024,010518324,2,9,0,18,5,1,0,8,0,0,0,0,0,1,1,1,52,8,-1,-1,-1,-1,3,1,E01003221,0
Unvalidated,2024010518324,2024,010518324,3,9,0,18,1,5,0,8,0,0,0,0,1,1,6,2,68,10,-1,-1,-1,-1,-1,-1,-1,0
Unvalidated,2024010518325,2024,010518325,1,9,0,6,3,3,0,0,0,0,0,0,3,1,2,2,29,6,-1,-1,-1,-1,8,1,E01003830,0
Unvalidated,2024010518325,2024,010518325,2,3,0,18,7,3,0,0,0,0,0,0,4,1,2,1,26,6,-1,-1,-1,-1,3,1,E01002560,0
Unvalidated,2024010518328,2024,010518328,1,1,9,99,9,9,99,9,9,99,9,99,9,1,6,3,-1,-1,-1,-1,-1,-1,-1,-1,-1,0
Unvalidated,2024010518330,2024,010518330,1,9,0,1,5,1,0,1,0,0,0,0,1,1,6,2,20,4,-1,-1,-1,-1,-1,-1,-1,0
Unvalidated,2024010518334,2024,010518334,1,9,0,18,3,7,0,6,0,0,0,0,1,1,6,1,24,5,-1,-1,-1,-1,3,1,E01015973,0
Unvalidated,2024010518334,2024,010518334,2,9,0,18,5,1,0,6,0,0,0,0,1,1,6,2,19,4,-1,-1,-1,-1,5,1,E01033141,0
Unvalidated,2024010518335,2024,010518335,1,4,0,99,9,9,99,9,9,99,9,99,1,1,2,1,45,7,-1,-1,-1,-1,8,1,E01016001,0
Unvalidated,2024010518335,2024,010518335,2,9,0,99,9,9,99,9,9,99,9,99,9,9,6,3,-1,-1,-1,-1,-1,-1,2,1,E01000097,0
Unvalidated,2024010518336,2024,010518336,1,11,0,18,1,5,0,2,0,0,0,0,0,1,1,1,66,10,-1,-1,-1,-1,3,1,E01000435,0
Unvalidated,2024010518339,2024,010518339,1,3,0,99,9,9,99,9,9,99,9,99,9,1,6,1,26,6,-1,-1,-1,-1,10,1,E01023454,0
Unvalidated,2024010518339,2024,010518339,2,9,0,99,9,9,99,9,9,99,9,99,9,9,6,3,-1,-1,-1,-1,-1,-1,-1,-1,-1,0
Unvalidated,2024010518341,2024,010518341,1,9,0,99,9,9,99,9,9,99,9,99,2,9,6,2,35,6,-1,-1,-1,-1,5,1,E01001500,0
Unvalidated,2024010518341,2024,010518341,2,9,0,99,9,9,99,9,9,99,9,99,1,9,6,3,-1,-1,-1,-1,-1,-1,-1,-1,-1,0
Unvalidated,2024010518342,2024,010518342,1,9,0,5,5,1,0,1,0,0,0,0,1,1,6,1,29,6,-1,-1,-1,-1,-1,-1,-1,0
Unvalidated,2024010518344,2024,010518344,1,1,9,99,9,9,99,9,9,99,9,99,1,1,6,1,29,6,-1,-1,-1,-1,4,1,E01021829,0
Unvalidated,2024010518344,2024,010518344,2,9,0,99,9,9,99,9,9,99,9,99,0,9,6,3,-1,-1,-1,-1,-1,-1,-1,-1,-1,0
Unvalidated,2024010518348,2024,010518348,1,9,0,2,0,0,2,1,0,0,0,0,2,1,6,3,-1,-1,-1,-1,-1,-1,-1,-1,-1,0
Unvalidated,2024010518348,2024,010518348,2,1,0,18,5,1,2,1,5,0,0,0,1,1,6,1,27,6,-1,-1,-1,-1,3,1,E01001864,0
Unvalidated,2024010518349,2024,010518349,1,8,0,99,9,9,99,9,9,99,9,99,2,1,6,1,44,7,-1,-1,-1,-1,4,1,E01002696,0
Unvalidated,2024010518349,2024,010518349,2,9,0,99,9,9,99,9,9,99,9,99,9,1,6,1,-1,-1,-1,-1,-1,-1,-1,-1,-1,0
Unvalidated,2024010518349,2024,010518349,3,9,0,99,9,9,99,9,9,99,9,99,1,1,6,2,-1,-1,-1,-1,-1,-1,-1,-1,-1,0
Unvalidated,2024010518353,2024,010518353,1,9,0,18,5,1,0,1,0,0,0,0,1,1,6,2,34,6,-1,-1,-1,-1,-1,-1,-1,0
Unvalidated,2024010518353,2024,010518353,2,9,0,2,0,0,0,2,0,0,0,0,2,2,6,3,-1,-1,-1,-1,-1,-1,-1,-1,-1,0
Unvalidated,2024010518353,2024,010518353,3,4,0,2,0,0,0,2,5,0,0,0,3,1,6,3,-1,-1,-1,-1,-1,-1,-1,-1,-1,0
Unvalidated,2024010518353,2024,010518353,4,4,0,2,0,0,0,1,5,0,0,0,3,1,6,3,-1,-1,-1,-1,-1,-1,-1,-1,-1,0
Unvalidated,2024010518354,2024,010518354,1,3,0,9,2,7,0,5,0,0,0,0,1,1,6,3,-1,-1,-1,-1,-1,-1,-1,-1,-1,0
Unvalidated,2024010518356,2024,010518356,1,1,9,99,9,9,99,9,9,99,9,99,1,1,2,1,54,8,-1,-1,-1,-1,2,1,E01003298,0
Unvalidated,2024010518356,2024,010518356,2,9,0,99,9,9,99,9,9,99,9,99,1,9,6,1,56,9,-1,-1,-1,-1,2,1,E01003983,0
Unvalidated,2024010518365,2024,010518365,1,1,9,99,9,9,99,9,9,99,9,99,2,1,2,1,61,9,-1,-1,-1,-1,9,1,E01003358,0
Unvalidated,2024010518365,2024,010518365,2,9,0,99,9,9,99,9,9,99,9,99,1,9,6,2,73,10,-1,-1,-1,-1,10,1,E01003465,0
Unvalidated,2024010518374,2024,010518374,1,9,0,9,5,3,0,8,0,0,0,0,1,1,2,1,50,8,-1,-1,-1,-1,2,1,E01003546,0
Unvalidated,2024010518374,2024,010518374,2,2,0,18,1,5,0,8,0,0,0,0,1,1,1,1,25,5,-1,-1,-1,-1,8,1,E01004511,0
Unvalidated,2024010518378,2024,010518378,1,9,0,18,5,1,0,1,0,0,0,0,1,1,6,2,64,9,-1,-1,-1,-1,7,1,E01002939,0
Unvalidated,2024010518378,2024,010518378,2,9,0,18,5,1,0,1,0,0,0,0,2,1,1,1,39,7,-1,-1,-1,-1,7,1,E01003456,0
Unvalidated,2024010518380,2024,010518380,1,9,0,1,5,3,5,5,0,0,1,0,2,1,6,1,65,9,-1,-1,-1,-1,2,1,E01004436,0
Unvalidated,2024010518380,2024,010518380,2,1,0,18,3,7,0,1,0,0,0,0,4,1,6,1,17,4,-1,-1,-1,-1,4,1,E01002369,0
Unvalidated,2024010518383,2024,010518383,1,19,0,9,5,3,0,5,0,0,0,0,1,1,6,1,50,8,-1,-1,-1,-1,7,1,E01002161,0
Unvalidated,2024010518388,2024,010518388,1,3,0,18,1,5,0,2,0,0,0,0,3,1,1,2,32,6,-1,-1,-1,-1,2,1,E01001215,0
Unvalidated,2024010518388,2024,010518388,2,9,0,6,1,1,0,2,0,0,0,0,1,1,6,1,23,5,-1,-1,-1,-1,-1,-1,-1,0
Unvalidated,2024010518393,2024,010518393,1,1,9,99,9,9,99,0,9,99,9,99,9,1,6,1,24,5,-1,-1,-1,-1,3,1,E01000336,0
Unvalidated,2024010518393,2024,010518393,2,9,0,99,9,9,0,0,0,99,9,99,9,9,6,3,-1,-1,-1,-1,-1,-1,3,1,E01000372,0
Unvalidated,2024010518396,2024,010518396,1,9,0,99,9,9,99,9,9,99,9,99,9,9,2,2,56,9,-1,-1,-1,-1,2,1,E01002811,0
Unvalidated,2024010518398,2024,010518398,1,1,9,99,9,9,99,9,9,99,9,99,9,1,6,1,50,8,-1,-1,-1,-1,4,1,E01000916,0
Unvalidated,2024010518398,2024,010518398,2,9,0,99,9,9,99,9,9,99,9,99,1,9,6,3,-1,-1,-1,-1,-1,-1,-1,-1,-1,0
Unvalidated,2024010518401,2024,010518401,1,9,0,4,3,7,0,6,0,0,0,0,2,1,6,2,47,8,-1,-1,-1,-1,3,1,E01003656,0
Unvalidated,2024010518401,2024,010518401,2,1,0,3,7,3,0,1,0,0,0,0,1,1,6,1,52,8,-1,-1,-1,-1,2,1,E01003712,0
Unvalidated,2024010518405,2024,010518405,1,19,0,2,9,9,99,0,9,99,9,99,2,9,1,1,33,6,-1,-1,-1,-1,10,1,E01017755,0
Unvalidated,2024010518405,2024,010518405,2,1,9,18,9,9,99,0,9,99,9,99,1,1,6,1,-1,-1,-1,-1,-1,-1,-1,-1,-1,0
Unvalidated,2024010518406,2024,010518406,1,1,0,99,9,9,99,9,9,99,9,99,9,1,6,1,61,9,-1,-1,-1,-1,3,1,E01000226,0
Unvalidated,2024010518411,2024,010518411,1,3,9,99,9,9,99,9,9,99,9,99,9,1,6,1,67,10,-1,-1,-1,-1,8,1,E01001223,0
Unvalidated,2024010518411,2024,010518411,2,9,9,99,9,9,99,9,9,99,9,99,9,9,6,2,-1,-1,-1,-1,-1,-1,-1,-1,-1,0
Unvalidated,2024010518414,2024,010518414,1,11,1,4,5,1,0,0,0,0,0,0,0,1,6,1,46,8,-1,-1,-1,-1,1,1,E01003246,0
Unvalidated,2024010518415,2024,010518415,1,9,0,9,8,6,0,6,0,0,0,0,0,1,6,2,54,8,-1,-1,-1,-1,5,1,E01000803,0
Unvalidated,2024010518415,2024,010518415,2,2,0,13,4,8,0,8,0,0,0,0,1,1,6,1,27,6,-1,-1,-1,-1,-1,-1,-1,0
Unvalidated,2024010518416,2024,010518416,1,11,0,5,7,3,2,2,0,0,0,0,0,1,1,1,60,9,-1,-1,-1,-1,1,1,E01032575,0
Unvalidated,2024010518422,2024,010518422,1,1,9,99,9,9,99,9,9,8,9,99,1,1,1,2,30,6,-1,-1,-1,-1,3,1,E01002047,0
Unvalidated,2024010518422,2024,010518422,2,9,9,2,9,9,0,9,0,99,0,0,9,9,6,3,-1,-1,-1,-1,-1,-1,-1,-1,-1,0
Unvalidated,2024010518423,2024,010518423,1,11,0,5,1,5,0,1,0,0,1,0,0,1,1,2,58,9,-1,-1,-1,-1,1,1,E01003516,0
Unvalidated,2024010518424,2024,010518424,1,10,0,5,1,5,0,0,1,0,0,0,1,1,3,1,28,6,-1,-1,-1,-1,4,1,E01001727,0
Unvalidated,2024010518428,2024,010518428,1,3,0,99,9,9,99,9,9,99,9,99,9,1,1,1,29,6,-1,-1,-1,-1,3,1,E01000125,0
Unvalidated,2024010518428,2024,010518428,2,9,0,99,9,9,99,9,9,99,9,99,1,9,6,3,-1,-1,-1,-1,-1,-1,-1,-1,-1,0