status,collision_index,collision_year,collision_reference,vehicle_reference,vehicle_type,towing_and_articulation,vehicle_manoeuvre,vehicle_direction_from,vehicle_direction_to,vehicle_location_restricted_lane,junction_location,skidding_and_overturning,hit_object_in_carriageway,vehicle_leaving_carriageway,hit_object_off_carriageway,first_point_of_impact,vehicle_left_hand_drive,journey_purpose_of_driver,sex_of_driver,age_of_driver,age_band_of_driver,engine_capacity_cc,propulsion_code,age_of_vehicle,generic_make_model,driver_imd_decile,driver_home_area_type,lsoa_of_driver,escooter_flag
Unvalidated,2024010518429,2024,010518429,1,3,0,99,9,9,99,0,9,99,9,99,2,1,1,1,39,7,-1,-1,-1,-1,4,1,E01000477,0
Unvalidated,2024010518429,2024,010518429,2,9,0,99,9,9,99,0,9,99,9,99,9,9,6,3,-1,-1,-1,-1,-1,-1,-1,-1,-1,0
Unvalidated,2024010518430,2024,010518430,1,9,0,18,8,4,0,8,0,0,0,0,1,1,2,1,63,9,-1,-1,-1,-1,2,1,E01003964,0
Unvalidated,2024010518430,2024,010518430,2,1,0,7,6,1,0,8,0,0,0,0,1,1,6,2,37,7,-1,-1,-1,-1,8,1,E01004051,0
Unvalidated,2024010518432,2024,010518432,1,19,0,5,0,1,4,2,0,0,0,0,1,1,1,1,34,6,-1,-1,-1,-1,10,1,E01017755,0
Unvalidated,2024010518432,2024,010518432,2,1,0,18,5,1,4,1,0,0,0,0,1,1,2,1,60,9,-1,-1,-1,-1,5,1,E01001322,0
Unvalidated,2024010518435,2024,010518435,1,9,0,17,1,5,0,8,0,0,0,0,3,1,6,2,40,7,-1,-1,-1,-1,8,1,E01003460,0
Unvalidated,2024010518435,2024,010518435,2,1,0,10,6,3,0,2,2,0,0,0,4,1,2,1,50,8,-1,-1,-1,-1,4,1,E01004142,0
Unvalidated,2024010518436,2024,010518436,1,98,0,18,5,1,0,0,0,0,0,0,0,1,6,1,45,7,-1,-1,-1,-1,3,2,E01028025,0
Unvalidated,2024010518436,2024,010518436,2,9,0,18,5,1,0,0,0,0,0,0,0,1,6,2,63,9,-1,-1,-1,-1,1,1,E01001426,0
Unvalidated,2024010518438,2024,010518438,1,3,0,99,9,9,99,0,9,99,9,99,9,1,1,3,33,6,-1,-1,-1,-1,2,1,E01002051,0
Unvalidated,2024010518438,2024,010518438,2,9,0,99,9,9,99,0,9,99,9,99,9,9,6,3,-1,-1,-1,-1,-1,-1,-1,-1,-1,0
Unvalidated,2024010518439,2024,010518439,1,4,0,99,9,9,99,9,9,99,9,99,9,1,1,3,35,6,-1,-1,-1,-1,3,1,E01001111,0
Unvalidated,2024010518439,2024,010518439,2,9,0,99,9,9,99,9,9,99,9,99,1,9,6,3,-1,-1,-1,-1,-1,-1,-1,-1,-1,0
Unvalidated,2024010518440,2024,010518440,1,3,0,99,9,9,99,9,9,99,9,99,9,1,1,1,33,6,-1,-1,-1,-1,3,1,E01000392,0
Unvalidated,2024010518440,2024,010518440,2,9,0,99,9,9,99,9,9,99,9,99,9,9,6,3,-1,-1,-1,-1,-1,-1,1,1,E01003075,0
Unvalidated,2024010518441,2024,010518441,1,9,0,18,3,7,0,8,0,0,0,0,4,1,6,3,-1,-1,-1,-1,-1,-1,-1,-1,-1,0
Unvalidated,2024010518444,2024,010518444,1,9,0,18,1,5,0,0,0,4,0,0,1,1,6,1,53,8,-1,-1,-1,-1,2,1,E01001667,0
Unvalidated,2024010518444,2024,010518444,2,9,0,4,1,5,0,0,0,0,0,0,2,1,6,2,34,6,-1,-1,-1,-1,4,1,E01001645,0
Unvalidated,2024010518444,2024,010518444,3,3,0,4,1,5,0,0,0,0,0,0,2,1,6,1,24,5,-1,-1,-1,-1,2,1,E01000958,0
Unvalidated,2024010518449,2024,010518449,1,11,0,18,5,1,0,2,0,0,0,0,1,1,1,1,59,9,-1,-1,-1,-1,2,1,E01001460,0
Unvalidated,2024010518450,2024,010518450,1,9,0,6,7,7,0,2,0,0,0,0,1,1,3,1,25,5,-1,-1,-1,-1,3,1,E01033100,0
Unvalidated,2024010518450,2024,010518450,2,1,0,18,7,3,0,1,0,0,0,0,1,1,1,1,41,7,-1,-1,-1,-1,8,1,E01004602,0
Unvalidated,2024010518454,2024,010518454,1,9,0,7,3,6,0,0,0,0,0,0,4,1,6,1,71,10,-1,-1,-1,-1,3,1,E01001701,0
Unvalidated,2024010518454,2024,010518454,2,2,0,15,6,2,0,0,1,0,0,0,3,1,6,1,16,4,-1,-1,-1,-1,6,1,E01001656,0
Unvalidated,2024010518457,2024,010518457,1,3,0,18,6,2,0,8,0,0,0,0,1,1,2,1,30,6,-1,-1,-1,-1,3,1,E01003583,0
Unvalidated,2024010518457,2024,010518457,2,9,0,9,1,6,0,6,0,0,0,0,1,1,6,3,32,6,-1,-1,-1,-1,6,1,E01003676,0
Unvalidated,2024010518459,2024,010518459,1,1,9,99,9,9,99,9,9,99,9,99,1,1,6,1,30,6,-1,-1,-1,-1,5,1,E01004488,0
Unvalidated,2024010518459,2024,010518459,2,9,0,99,9,9,99,9,9,99,9,99,1,9,6,3,51,8,-1,-1,-1,-1,7,1,E01003906,0
Unvalidated,2024010518460,2024,010518460,1,3,0,99,9,9,99,9,9,99,9,99,9,1,6,1,20,4,-1,-1,-1,-1,5,1,E01003433,0
Unvalidated,2024010518460,2024,010518460,2,8,0,99,9,9,99,9,9,99,9,99,1,9,6,3,-1,-1,-1,-1,-1,-1,-1,-1,-1,0
Unvalidated,2024010518466,2024,010518466,1,9,0,99,9,9,99,9,9,99,9,99,9,9,6,1,-1,-1,-1,-1,-1,-1,-1,-1,-1,0
Unvalidated,2024010518470,2024,010518470,1,1,9,99,9,9,99,0,9,99,9,99,1,1,2,1,52,8,-1,-1,-1,-1,2,1,E01003712,0
Unvalidated,2024010518470,2024,010518470,2,9,9,18,7,3,99,0,9,99,9,99,2,1,6,3,-1,-1,-1,-1,-1,-1,3,1,E01003656,0
Unvalidated,2024010518473,2024,010518473,1,8,0,99,9,9,99,9,9,99,9,99,2,9,6,2,28,6,-1,-1,-1,-1,2,1,E01001528,0
Unvalidated,2024010518473,2024,010518473,2,9,0,99,9,9,99,9,9,99,9,99,2,9,6,3,-1,-1,-1,-1,-1,-1,-1,-1,-1,0
Unvalidated,2024010518473,2024,010518473,3,9,0,99,9,9,99,9,9,99,9,99,2,9,6,3,-1,-1,-1,-1,-1,-1,-1,-1,-1,0
Unvalidated,2024010518473,2024,010518473,4,9,0,99,9,9,99,9,9,99,9,99,1,9,6,3,-1,-1,-1,-1,-1,-1,2,1,E01015794,0
Unvalidated,2024010518474,2024,010518474,1,8,0,18,7,3,0,0,0,0,0,0,3,1,1,1,67,10,-1,-1,-1,-1,7,3,E01030049,0
Unvalidated,2024010518476,2024,010518476,1,19,0,18,1,5,0,8,0,0,0,0,2,1,1,1,61,9,-1,-1,-1,-1,4,1,E01000466,0
Unvalidated,2024010518476,2024,010518476,2,9,0,18,5,1,0,8,0,0,0,0,1,1,6,2,69,10,-1,-1,-1,-1,5,1,E01000468,0
Unvalidated,2024010518476,2024,010518476,3,9,0,18,1,5,0,8,0,0,0,0,1,1,6,2,62,9,-1,-1,-1,-1,8,1,E01024133,0
Unvalidated,2024010518476,2024,010518476,4,9,0,18,1,5,0,8,0,0,0,0,1,2,6,2,26,6,-1,-1,-1,-1,-1,-1,-1,0
Unvalidated,2024010518478,2024,010518478,1,9,0,18,3,7,0,0,0,0,0,0,4,1,2,1,27,6,-1,-1,-1,-1,2,1,E01033581,0
Unvalidated,2024010518481,2024,010518481,1,1,9,99,9,9,99,9,9,99,9,99,9,1,2,1,51,8,-1,-1,-1,-1,10,1,E01030319,0
Unvalidated,2024010518481,2024,010518481,2,9,0,99,9,9,99,9,9,99,9,99,4,9,6,1,52,8,-1,-1,-1,-1,9,1,E01003838,0
Unvalidated,2024010518484,2024,010518484,1,9,0,1,5,1,0,1,0,0,0,0,2,1,6,2,49,8,-1,-1,-1,-1,6,1,E01000946,0
Unvalidated,2024010518485,2024,010518485,1,1,0,18,3,7,4,1,0,0,0,0,1,1,2,1,25,5,-1,-1,-1,-1,-1,-1,-1,0
Unvalidated,2024010518485,2024,010518485,2,1,0,9,8,6,4,1,0,0,0,0,1,1,2,1,51,8,-1,-1,-1,-1,6,1,E01003227,0
Unvalidated,2024010518502,2024,010518502,1,9,3,18,7,3,0,0,0,0,0,0,1,1,6,1,28,6,-1,-1,-1,-1,4,1,E01003216,0
Unvalidated,2024010518503,2024,010518503,1,9,0,18,5,1,0,1,0,0,0,0,3,1,6,1,47,8,-1,-1,-1,-1,-1,-1,-1,0
Unvalidated,2024010518503,2024,010518503,2,9,0,18,3,7,0,8,0,0,3,0,1,1,6,1,44,7,-1,-1,-1,-1,-1,-1,-1,0
Unvalidated,2024010518508,2024,010518508,1,1,9,18,9,9,99,1,9,99,9,99,9,1,2,2,24,5,-1,-1,-1,-1,3,1,E01003926,0
Unvalidated,2024010518508,2024,010518508,2,9,0,7,9,9,99,5,9,99,9,99,9,9,6,3,56,9,-1,-1,-1,-1,4,1,E01003076,0
Unvalidated,2024010518509,2024,010518509,1,4,0,14,1,5,0,8,0,0,0,0,1,1,6,1,48,8,-1,-1,-1,-1,4,1,E01030503,0
Unvalidated,2024010518514,2024,010518514,1,8,0,4,5,1,0,3,0,0,0,0,4,1,1,1,65,9,-1,-1,-1,-1,6,1,E01000582,0
Unvalidated,2024010518514,2024,010518514,2,1,0,15,5,1,0,3,0,8,0,0,1,1,2,2,37,7,-1,-1,-1,-1,1,1,E01000524,0
Unvalidated,2024010518515,2024,010518515,1,23,0,18,7,3,0,1,0,0,0,0,1,1,6,3,-1,-1,-1,-1,-1,-1,-1,-1,-1,0
Unvalidated,2024010518518,2024,010518518,1,9,0,18,5,1,0,1,0,0,0,0,1,1,2,1,37,7,-1,-1,-1,-1,4,1,E01000608,0
Unvalidated,2024010518518,2024,010518518,2,8,0,18,5,1,0,1,0,0,0,0,3,1,6,3,-1,-1,-1,-1,-1,-1,-1,-1,-1,0
Unvalidated,2024010518523,2024,010518523,1,9,0,18,5,1,0,0,0,0,0,0,1,1,6,3,41,7,-1,-1,-1,-1,2,1,E01004033,0
Unvalidated,2024010518524,2024,010518524,1,9,0,99,9,9,99,9,9,99,9,99,2,9,6,2,35,6,-1,-1,-1,-1,8,1,E01001470,0
Unvalidated,2024010518524,2024,010518524,2,9,0,99,9,9,99,9,9,99,9,99,9,9,6,3,-1,-1,-1,-1,-1,-1,-1,-1,-1,0
Unvalidated,2024010518525,2024,010518525,1,9,0,1,4,8,0,1,0,0,0,0,2,1,6,1,23,5,-1,-1,-1,-1,-1,-1,-1,0
Unvalidated,2024010518525,2024,010518525,2,1,0,18,8,4,0,1,0,0,0,0,1,1,6,1,33,6,-1,-1,-1,-1,3,1,E01002695,0
Unvalidated,2024010518526,2024,010518526,1,9,0,17,1,5,0,1,0,0,0,0,1,1,4,2,39,7,-1,-1,-1,-1,-1,-1,-1,0
Unvalidated,2024010518527,2024,010518527,1,9,0,18,2,6,0,1,1,7,0,0,3,1,6,1,30,6,-1,-1,-1,-1,-1,-1,-1,0
Unvalidated,2024010518527,2024,010518527,2,9,0,18,2,6,9,1,1,10,1,10,3,1,6,1,37,7,-1,-1,-1,-1,-1,-1,-1,0
Unvalidated,2024010518527,2024,010518527,3,9,0,18,2,6,0,1,0,0,0,0,4,1,1,1,34,6,-1,-1,-1,-1,4,1,E01003666,0
Unvalidated,2024010518527,2024,010518527,4,9,0,18,2,6,0,1,0,0,0,0,1,1,1,1,34,6,-1,-1,-1,-1,4,1,E01003666,0
Unvalidated,2024010518527,2024,010518527,5,9,0,2,0,0,0,1,0,0,0,0,3,1,6,3,-1,-1,-1,-1,-1,-1,-1,-1,-1,0
Unvalidated,2024010518527,2024,010518527,6,9,0,2,0,0,0,1,0,0,0,0,3,1,6,3,-1,-1,-1,-1,-1,-1,-1,-1,-1,0
Unvalidated,2024010518531,2024,010518531,1,9,0,99,9,9,99,9,9,99,9,99,1,9,6,2,25,5,-1,-1,-1,-1,3,1,E01001823,0
Unvalidated,2024010518531,2024,010518531,2,9,0,99,9,9,99,9,9,99,9,99,9,9,6,3,22,5,-1,-1,-1,-1,4,1,E01001463,0
Unvalidated,2024010518532,2024,010518532,1,9,0,99,9,9,99,9,9,99,9,99,2,9,2,1,30,6,-1,-1,-1,-1,2,1,E01002804,0
Unvalidated,2024010518532,2024,010518532,2,9,0,99,9,9,99,9,9,99,9,99,1,9,6,3,-1,-1,-1,-1,-1,-1,-1,-1,-1,0
Unvalidated,2024010518537,2024,010518537,1,3,0,18,4,8,0,8,2,0,0,0,1,1,1,1,48,8,-1,-1,-1,-1,-1,-1,-1,0
Unvalidated,2024010518539,2024,010518539,1,8,3,18,7,3,0,0,0,0,0,0,3,1,1,1,43,7,-1,-1,-1,-1,-1,-1,-1,0
Unvalidated,2024010518539,2024,010518539,2,9,0,18,3,7,0,0,0,0,0,0,1,1,6,1,24,5,-1,-1,-1,-1,6,1,E01001662,0
Unvalidated,2024010518541,2024,010518541,1,9,0,9,5,3,0,1,0,0,0,0,4,1,1,1,60,9,-1,-1,-1,-1,3,1,E01003992,0
Unvalidated,2024010518541,2024,010518541,2,1,0,18,1,5,0,1,2,0,0,0,1,1,2,1,29,6,-1,-1,-1,-1,1,1,E01003188,0
Unvalidated,2024010518543,2024,010518543,1,3,0,3,3,7,0,1,0,0,0,0,2,1,6,1,40,7,-1,-1,-1,-1,2,1,E01002810,0
Unvalidated,2024010518543,2024,010518543,2,9,0,18,3,7,0,1,0,0,0,0,1,1,6,1,26,6,-1,-1,-1,-1,3,1,E01000973,0
Unvalidated,2024010518549,2024,010518549,1,9,0,9,3,1,0,8,0,0,0,0,3,1,1,2,45,7,-1,-1,-1,-1,4,1,E01003249,0
Unvalidated,2024010518549,2024,010518549,2,1,0,14,3,7,0,8,5,0,0,0,4,1,2,1,46,8,-1,-1,-1,-1,8,1,E01002942,0
Unvalidated,2024010518551,2024,010518551,1,1,0,4,5,1,9,1,0,0,0,0,1,1,6,1,13,3,-1,-1,-1,-1,4,1,E01001252,0
Unvalidated,2024010518552,2024,010518552,1,11,0,18,6,2,2,1,0,0,0,0,0,1,1,1,55,8,-1,-1,-1,-1,3,1,E01001436,0
Unvalidated,2024010518553,2024,010518553,1,9,0,9,3,1,0,6,0,0,0,0,1,1,6,1,19,4,-1,-1,-1,-1,8,1,E01000248,0
Unvalidated,2024010518553,2024,010518553,2,3,0,13,1,5,0,8,0,0,0,0,1,1,6,1,17,4,-1,-1,-1,-1,7,1,E01000169,0
Unvalidated,2024010518557,2024,010518557,1,19,0,7,5,7,0,1,0,0,0,0,1,1,6,3,-1,-1,-1,-1,-1,-1,-1,-1,-1,0
Unvalidated,2024010518557,2024,010518557,2,1,0,18,5,1,0,1,0,0,0,0,2,1,6,1,25,5,-1,-1,-1,-1,4,1,E01004221,0
Unvalidated,2024010518558,2024,010518558,1,9,0,7,4,6,0,5,0,0,0,0,1,1,6,3,-1,-1,-1,-1,-1,-1,-1,-1,-1,0
Unvalidated,2024010518559,2024,010518559,1,9,0,9,3,2,0,5,0,0,0,0,0,1,6,3,-1,-1,-1,-1,-1,-1,-1,-1,-1,0
Unvalidated,2024010518561,2024,010518561,1,9,0,3,1,5,0,1,0,8,0,0,4,1,1,1,37,7,-1,-1,-1,-1,2,1,E01002051,0
Unvalidated,2024010518561,2024,010518561,2,1,0,4,1,5,0,1,0,8,0,0,1,1,6,1,36,7,-1,-1,-1,-1,2,1,E01004283,0
Unvalidated,2024010518563,2024,010518563,1,9,0,18,5,1,5,8,0,0,0,0,1,1,1,1,51,8,-1,-1,-1,-1,1,1,E01004204,0
Unvalidated,2024010518563,2024,010518563,2,90,0,18,7,3,4,8,0,0,0,0,1,1,6,1,45,7,-1,-1,-1,-1,7,1,E01004297,1
Unvalidated,2024010518570,2024,010518570,1,1,9,99,9,9,99,9,9,99,9,99,1,1,3,1,13,3,-1,-1,-1,-1,3,1,E01002235,0
Unvalidated,2024010518570,2024,010518570,2,9,0,99,9,9,99,9,9,99,9,99,9,9,6,2,-1,-1,-1,-1,-1,-1,4,1,E01000485,0
Unvalidated,2024010518571,2024,010518571,1,9,0,18,3,7,0,0,0,0,0,0,1,1,6,1,38,7,-1,-1,-1,-1,5,1,E01003760,0
Unvalidated,2024010518571,2024,010518571,2,8,0,10,3,2,0,0,0,0,0,0,2,1,1,1,34,6,-1,-1,-1,-1,10,1,E01023503,0
Unvalidated,2024010518572,2024,010518572,1,3,0,18,7,3,0,4,0,0,0,0,1,1,6,1,26,6,-1,-1,-1,-1,8,1,E01002452,0
Unvalidated,2024010518572,2024,010518572,2,9,0,18,1,5,0,4,0,0,0,0,3,1,6,3,-1,-1,-1,-1,-1,-1,-1,-1,-1,0
Unvalidated,2024010518574,2024,010518574,1,8,0,99,9,9,99,0,9,99,9,99,9,9,1,1,39,7,-1,-1,-1,-1,3,1,E01002738,0
Unvalidated,2024010518574,2024,010518574,2,9,0,99,9,9,99,0,9,99,9,99,9,9,6,3,-1,-1,-1,-1,-1,-1,7,1,E01001027,0
Unvalidated,2024010518576,2024,010518576,1,9,0,18,3,7,0,1,0,0,0,0,1,1,6,2,37,7,-1,-1,-1,-1,7,1,E01001231,0
Unvalidated,2024010518580,2024,010518580,1,9,0,18,5,1,0,1,5,0,7,3,3,1,6,1,18,4,-1,-1,-1,-1,2,1,E01004253,0
Unvalidated,2024010518581,2024,010518581,1,9,0,3,1,5,0,8,0,0,0,0,3,1,6,1,26,6,-1,-1,-1,-1,5,1,E01002410,0
Unvalidated,2024010518581,2024,010518581,2,1,0,14,1,5,0,8,0,0,0,0,1,1,1,1,27,6,-1,-1,-1,-1,4,1,E01004462,0
Unvalidated,2024010518582,2024,010518582,1,3,0,99,9,9,99,9,9,99,9,99,2,1,1,1,35,6,-1,-1,-1,-1,3,1,E01002620,0
Unvalidated,2024010518582,2024,010518582,2,9,9,99,9,9,99,9,9,99,9,99,9,9,6,3,-1,-1,-1,-1,-1,-1,-1,-1,-1,0
Unvalidated,2024010518585,2024,010518585,1,9,0,18,1,5,0,6,0,0,0,0,0,1,1,1,31,6,-1,-1,-1,-1,-1,-1,-1,0
Unvalidated,2024010518585,2024,010518585,2,9,0,18,1,5,0,6,0,10,3,11,1,1,6,1,18,4,-1,-1,-1,-1,4,1,E01001002,0
Unvalidated,2024010518586,2024,010518586,1,9,0,4,8,4,0,2,0,0,0,0,0,1,1,1,29,6,-1,-1,-1,-1,4,1,E01004142,0
Unvalidated,2024010518586,2024,010518586,2,9,0,6,1,1,0,2,0,0,0,0,1,1,6,1,14,3,-1,-1,-1,-1,9,1,E01004191,0
Unvalidated,2024010518586,2024,010518586,3,9,0,2,0,0,0,2,0,0,0,0,4,1,6,3,-1,-1,-1,-1,-1,-1,-1,-1,-1,0
Unvalidated,2024010518587,2024,010518587,1,19,0,9,7,4,0,6,0,0,0,0,1,1,6,3,-1,-1,-1,-1,-1,-1,-1,-1,-1,0
Unvalidated,2024010518587,2024,010518587,2,90,0,7,8,3,0,6,0,0,0,0,3,1,6,1,27,6,-1,-1,-1,-1,3,1,E01033706,0
Unvalidated,2024010518588,2024,010518588,1,8,0,18,3,7,0,2,0,0,0,0,3,1,1,1,54,8,-1,-1,-1,-1,8,1,E01002273,0
Unvalidated,2024010518588,2024,010518588,2,1,0,18,5,1,0,2,5,0,0,0,1,1,6,2,28,6,-1,-1,-1,-1,2,1,E01002848,0
Unvalidated,2024010518589,2024,010518589,1,3,0,18,5,1,0,1,0,0,0,0,1,1,1,1,20,4,-1,-1,-1,-1,2,1,E01004349,0
Unvalidated,2024010518589,2024,010518589,2,9,0,6,1,1,8,6,0,0,0,0,1,1,6,1,36,7,-1,-1,-1,-1,4,1,E01004414,0
Unvalidated,2024010518599,2024,010518599,1,9,0,9,5,1,0,5,0,0,0,0,1,1,2,1,62,9,-1,-1,-1,-1,5,1,E01000519,0
Unvalidated,2024010518599,2024,010518599,2,1,0,18,5,1,0,1,0,0,0,0,4,1,2,1,50,8,-1,-1,-1,-1,6,1,E01002117,0
Unvalidated,2024010518601,2024,010518601,1,19,0,99,9,9,99,9,9,99,9,99,9,9,2,1,50,8,-1,-1,-1,-1,8,1,E01021254,0
Unvalidated,2024010518601,2024,010518601,2,19,0,99,9,9,99,9,9,99,9,99,1,9,6,3,-1,-1,-1,-1,-1,-1,7,1,E01004762,0
Unvalidated,2024010518602,2024,010518602,1,11,9,99,9,9,99,9,9,99,9,99,9,1,6,1,45,7,-1,-1,-1,-1,2,1,E01000016,0
Unvalidated,2024010518603,2024,010518603,1,1,9,99,9,9,99,1,9,99,9,99,1,1,6,1,61,9,-1,-1,-1,-1,4,1,E01001230,0
Unvalidated,2024010518603,2024,010518603,2,9,0,99,9,9,99,6,9,99,9,99,1,9,6,3,-1,-1,-1,-1,-1,-1,4,1,E01001230,0
Unvalidated,2024010518607,2024,010518607,1,1,9,99,9,9,99,0,9,99,0,0,9,1,6,1,36,7,-1,-1,-1,-1,3,1,E01001240,0
Unvalidated,2024010518607,2024,010518607,2,9,9,99,9,9,99,0,9,99,0,0,9,9,6,1,-1,-1,-1,-1,-1,-1,-1,-1,-1,0
Unvalidated,2024010518609,2024,010518609,1,3,0,18,5,1,0,1,2,0,0,0,3,1,2,1,19,4,-1,-1,-1,-1,3,1,E01024154,0
Unvalidated,2024010518609,2024,010518609,2,9,0,2,0,0,0,2,0,0,0,0,1,1,6,3,-1,-1,-1,-1,-1,-1,-1,-1,-1,0
Unvalidated,2024010518611,2024,010518611,1,19,0,12,5,1,0,8,0,0,3,0,3,2,1,1,-1,-1,-1,-1,-1,-1,-1,-1,-1,0
Unvalidated,2024010518611,2024,010518611,2,1,0,18,5,1,0,8,0,0,7,0,2,1,1,2,27,6,-1,-1,-1,-1,7,1,E01004499,0
Unvalidated,2024010518619,2024,010518619,1,1,9,99,9,9,99,9,9,99,9,99,9,1,6,2,33,6,-1,-1,-1,-1,10,1,E01021447,0
Unvalidated,2024010518619,2024,010518619,2,9,0,99,9,9,99,9,9,99,9,99,1,9,6,3,-1,-1,-1,-1,-1,-1,-1,-1,-1,0
Unvalidated,2024010518623,2024,010518623,1,9,0,99,9,9,99,9,9,99,9,99,2,9,6,2,23,5,-1,-1,-1,-1,8,1,E01003897,0
Unvalidated,2024010518623,2024,010518623,2,9,0,99,9,9,99,9,9,99,9,99,1,9,6,3,-1,-1,-1,-1,-1,-1,-1,-1,-1,0
Unvalidated,2024010518626,2024,010518626,1,1,9,99,9,9,99,9,9,99,9,99,1,1,6,3,-1,-1,-1,-1,-1,-1,-1,-1,-1,0
Unvalidated,2024010518627,2024,010518627,1,9,0,9,3,1,0,5,0,0,1,3,1,1,1,1,55,8,-1,-1,-1,-1,3,1,E01003534,0
Unvalidated,2024010518632,2024,010518632,1,9,0,18,7,3,0,1,0,10,0,0,1,1,2,2,44,7,-1,-1,-1,-1,1,1,E01001574,0
Unvalidated,2024010518632,2024,010518632,2,9,0,4,7,3,0,1,0,4,0,0,2,1,3,1,37,7,-1,-1,-1,-1,3,1,E01001650,0
Unvalidated,2024010518632,2024,010518632,3,9,0,2,0,0,9,1,0,0,0,0,2,1,6,3,-1,-1,-1,-1,-1,-1,-1,-1,-1,0
Unvalidated,2024010518632,2024,010518632,4,9,0,2,0,0,9,1,0,0,0,0,2,1,6,3,-1,-1,-1,-1,-1,-1,-1,-1,-1,0
Unvalidated,2024010518633,2024,010518633,1,11,0,18,5,1,0,0,0,0,0,0,0,1,6,3,34,6,-1,-1,-1,-1,5,1,E01003642,0
Unvalidated,2024010518637,2024,010518637,1,9,0,18,5,1,0,8,0,0,0,0,1,1,6,2,35,6,-1,-1,-1,-1,8,1,E01000679,0
Unvalidated,2024010518637,2024,010518637,2,9,0,18,7,3,0,8,0,0,0,0,4,1,6,2,34,6,-1,-1,-1,-1,6,1,E01002005,0
Unvalidated,2024010518637,2024,010518637,3,9,0,2,0,0,0,2,0,0,0,0,2,1,6,3,-1,-1,-1,-1,-1,-1,-1,-1,-1,0
Unvalidated,2024010518638,2024,010518638,1,3,0,99,9,9,99,0,9,99,9,99,9,1,2,1,32,6,-1,-1,-1,-1,3,1,E01003730,0
Unvalidated,2024010518638,2024,010518638,2,9,0,18,5,1,0,0,0,99,0,0,9,1,6,1,-1,-1,-1,-1,-1,-1,-1,-1,-1,0
Unvalidated,2024010518644,2024,010518644,1,11,0,4,5,1,0,1,0,0,3,99,1,1,6,3,-1,-1,-1,-1,-1,-1,-1,-1,-1,0
Unvalidated,2024010518646,2024,010518646,1,9,9,99,9,9,99,9,5,99,0,0,9,9,6,3,-1,-1,-1,-1,-1,-1,-1,-1,-1,0
Unvalidated,2024010518648,2024,010518648,1,8,0,99,9,9,99,1,9,99,9,99,2,9,6,1,38,7,-1,-1,-1,-1,5,1,E01004046,0
Unvalidated,2024010518648,2024,010518648,2,9,0,99,9,9,99,1,9,99,9,99,2,9,6,3,-1,-1,-1,-1,-1,-1,-1,-1,-1,0
Unvalidated,2024010518655,2024,010518655,1,9,0,10,3,8,0,2,0,0,0,0,3,1,3,1,53,8,-1,-1,-1,-1,4,1,E01000068,0
Unvalidated,2024010518655,2024,010518655,2,1,0,18,3,7,0,2,0,0,0,0,1,1,2,1,36,7,-1,-1,-1,-1,5,1,E01000038,0
Unvalidated,2024010518656,2024,010518656,1,9,0,18,1,5,0,0,0,0,1,4,1,2,6,2,78,11,-1,-1,-1,-1,9,1,E01001532,0
Unvalidated,2024010518659,2024,010518659,1,9,0,3,5,1,0,1,0,0,0,0,1,1,6,1,43,7,-1,-1,-1,-1,4,1,E01001939,0
Unvalidated,2024010518660,2024,010518660,1,9,0,9,4,1,0,8,0,0,0,0,1,1,6,3,-1,-1,-1,-1,-1,-1,-1,-1,-1,0
Unvalidated,2024010518663,2024,010518663,1,1,9,99,9,9,99,0,9,99,9,99,9,1,2,1,24,5,-1,-1,-1,-1,7,1,E01002965,0
Unvalidated,2024010518663,2024,010518663,2,3,0,99,9,9,99,0,9,99,9,99,1,1,6,3,-1,-1,-1,-1,-1,-1,9,1,E01002956,0
Unvalidated,2024010518665,2024,010518665,1,90,0,18,7,3,9,2,0,10,0,0,0,1,6,1,50,8,-1,-1,-1,-1,4,1,E01001615,1
Unvalidated,2024010518669,2024,010518669,1,9,0,9,8,5,0,4,0,0,0,0,3,1,6,2,34,6,-1,-1,-1,-1,-1,-1,-1,0
Unvalidated,2024010518669,2024,010518669,2,9,0,5,5,1,0,4,0,0,0,0,1,1,6,1,47,8,-1,-1,-1,-1,-1,-1,-1,0
Unvalidated,2024010518670,2024,010518670,1,9,0,9,1,7,0,5,0,0,0,0,1,1,6,1,76,11,-1,-1,-1,-1,7,1,E01000288,0
Unvalidated,2024010518670,2024,010518670,2,3,0,18,3,7,0,1,0,0,7,0,1,1,6,1,31,6,-1,-1,-1,-1,2,1,E01001486,0
Unvalidated,2024010518672,2024,010518672,1,9,0,99,9,9,99,9,9,99,9,99,9,9,2,1,35,6,-1,-1,-1,-1,3,1,E01003637,0
Unvalidated,2024010518672,2024,010518672,2,9,0,99,9,9,99,9,9,99,9,99,1,9,6,3,75,10,-1,-1,-1,-1,4,1,E01000722,0
Unvalidated,2024010518677,2024,010518677,1,19,0,1,3,7,0,0,0,0,0,0,2,1,1,1,49,8,-1,-1,-1,-1,5,1,E01002410,0
Unvalidated,2024010518677,2024,010518677,2,1,0,3,7,3,0,0,0,0,0,0,1,1,2,1,31,6,-1,-1,-1,-1,3,1,E01002043,0