status,collision_index,collision_year,collision_reference,vehicle_reference,vehicle_type,towing_and_articulation,vehicle_manoeuvre,vehicle_direction_from,vehicle_direction_to,vehicle_location_restricted_lane,junction_location,skidding_and_overturning,hit_object_in_carriageway,vehicle_leaving_carriageway,hit_object_off_carriageway,first_point_of_impact,vehicle_left_hand_drive,journey_purpose_of_driver,sex_of_driver,age_of_driver,age_band_of_driver,engine_capacity_cc,propulsion_code,age_of_vehicle,generic_make_model,driver_imd_decile,driver_home_area_type,lsoa_of_driver,escooter_flag
Unvalidated,2024010518680,2024,010518680,1,9,0,99,9,9,99,9,9,99,9,99,2,9,6,1,49,8,-1,-1,-1,-1,1,1,E01004256,0
Unvalidated,2024010518680,2024,010518680,2,9,0,99,9,9,99,9,9,99,9,99,1,9,6,1,47,8,-1,-1,-1,-1,-1,-1,-1,0
Unvalidated,2024010518682,2024,010518682,1,4,0,99,9,9,99,9,9,99,9,99,1,1,6,1,30,6,-1,-1,-1,-1,3,1,E01000622,0
Unvalidated,2024010518682,2024,010518682,2,9,0,99,9,9,99,9,9,99,9,99,1,9,6,3,-1,-1,-1,-1,-1,-1,-1,-1,-1,0
Unvalidated,2024010518683,2024,010518683,1,1,9,99,9,9,99,0,9,99,9,99,9,1,6,1,-1,-1,-1,-1,-1,-1,-1,-1,-1,0
Unvalidated,2024010518684,2024,010518684,1,5,0,13,3,7,0,0,1,0,0,0,4,1,2,1,41,7,-1,-1,-1,-1,7,1,E01002338,0
Unvalidated,2024010518684,2024,010518684,2,9,0,6,3,3,0,0,0,0,0,0,1,1,2,1,48,8,-1,-1,-1,-1,8,2,E01025786,0
Unvalidated,2024010518688,2024,010518688,1,3,0,99,9,9,99,9,9,99,9,99,9,1,1,3,22,5,-1,-1,-1,-1,4,1,E01001087,0
Unvalidated,2024010518688,2024,010518688,2,19,0,99,9,9,99,1,9,99,9,99,9,9,6,3,-1,-1,-1,-1,-1,-1,-1,-1,-1,0
Unvalidated,2024010518689,2024,010518689,1,3,0,13,9,9,99,1,9,99,9,99,9,1,1,1,21,5,-1,-1,-1,-1,1,1,E01001427,0
Unvalidated,2024010518689,2024,010518689,2,9,0,18,9,9,99,5,9,99,9,99,9,9,6,3,-1,-1,-1,-1,-1,-1,-1,-1,-1,0
Unvalidated,2024010518690,2024,010518690,1,23,0,18,3,7,0,1,0,0,0,0,1,1,1,1,17,4,-1,-1,-1,-1,2,1,E01001191,0
Unvalidated,2024010518690,2024,010518690,2,9,0,18,7,3,0,1,0,0,0,0,4,1,6,2,77,11,-1,-1,-1,-1,-1,-1,-1,0
Unvalidated,2024010518692,2024,010518692,1,1,9,99,9,9,99,9,9,8,9,99,9,1,2,1,39,7,-1,-1,-1,-1,4,1,E01003919,0
Unvalidated,2024010518692,2024,010518692,2,9,0,99,9,9,99,9,9,99,9,99,9,9,6,2,77,11,-1,-1,-1,-1,8,1,E01004075,0
Unvalidated,2024010518695,2024,010518695,1,1,9,99,9,9,99,9,9,99,9,99,1,1,6,3,-1,-1,-1,-1,-1,-1,-1,-1,-1,0
Unvalidated,2024010518696,2024,010518696,1,1,9,99,9,9,99,9,9,99,9,99,2,1,6,1,22,5,-1,-1,-1,-1,1,1,E01004205,0
Unvalidated,2024010518696,2024,010518696,2,19,0,99,9,9,99,9,9,99,9,99,2,9,6,3,60,9,-1,-1,-1,-1,9,1,E01000648,0
Unvalidated,2024010518698,2024,010518698,1,11,0,5,0,5,0,1,0,0,0,0,0,1,1,1,53,8,-1,-1,-1,-1,8,1,E01004593,0
Unvalidated,2024010518705,2024,010518705,1,9,0,18,2,6,0,3,0,0,0,0,1,1,6,1,76,11,-1,-1,-1,-1,2,1,E01002312,0
Unvalidated,2024010518705,2024,010518705,2,1,0,12,1,5,0,4,0,0,0,0,4,1,6,2,51,8,-1,-1,-1,-1,3,1,E01002313,0
Unvalidated,2024010518711,2024,010518711,1,9,0,18,8,4,0,1,0,0,0,0,1,1,6,2,60,9,-1,-1,-1,-1,9,2,E01024791,0
Unvalidated,2024010518711,2024,010518711,2,3,0,18,8,4,0,1,0,0,0,0,2,1,2,1,23,5,-1,-1,-1,-1,6,1,E01003226,0
Unvalidated,2024010518711,2024,010518711,3,9,0,18,8,4,0,1,0,0,0,0,2,1,6,2,44,7,-1,-1,-1,-1,7,1,E01000797,0
Unvalidated,2024010518723,2024,010518723,1,9,0,18,8,4,0,1,0,0,0,0,1,1,6,1,52,8,-1,-1,-1,-1,7,1,E01001601,0
Unvalidated,2024010518723,2024,010518723,2,9,0,18,4,8,0,1,0,4,0,0,1,1,6,2,42,7,-1,-1,-1,-1,8,1,E01000659,0
Unvalidated,2024010518723,2024,010518723,3,9,0,2,0,0,0,1,0,0,0,0,0,1,6,3,-1,-1,-1,-1,-1,-1,-1,-1,-1,0
Unvalidated,2024010518725,2024,010518725,1,4,0,18,1,5,0,1,0,0,0,0,1,1,1,1,39,7,-1,-1,-1,-1,4,1,E01003666,0
Unvalidated,2024010518725,2024,010518725,2,9,0,9,7,6,0,1,0,0,0,0,0,1,6,2,43,7,-1,-1,-1,-1,7,1,E01024141,0
Unvalidated,2024010518725,2024,010518725,3,9,0,9,5,2,0,1,0,0,0,0,1,1,6,2,23,5,-1,-1,-1,-1,6,1,E01033064,0
Unvalidated,2024010518730,2024,010518730,1,19,0,99,9,9,99,9,9,99,9,99,2,9,6,1,57,9,-1,-1,-1,-1,3,1,E01000092,0
Unvalidated,2024010518730,2024,010518730,2,9,0,99,9,9,99,9,9,99,9,99,2,9,6,3,-1,-1,-1,-1,-1,-1,-1,-1,-1,0
Unvalidated,2024010518731,2024,010518731,1,9,0,99,9,9,99,9,9,99,9,99,2,9,2,1,36,7,-1,-1,-1,-1,6,1,E01002479,0
Unvalidated,2024010518731,2024,010518731,2,9,0,99,9,9,99,9,9,99,9,99,1,9,6,3,-1,-1,-1,-1,-1,-1,5,1,E01002449,0
Unvalidated,2024010518743,2024,010518743,1,9,0,4,5,1,0,2,0,0,0,0,2,1,6,1,39,7,-1,-1,-1,-1,3,1,E01003068,0
Unvalidated,2024010518743,2024,010518743,2,23,0,18,5,1,0,2,0,0,0,0,0,1,6,1,23,5,-1,-1,-1,-1,5,1,E01004520,0
Unvalidated,2024010518744,2024,010518744,1,9,0,99,9,9,99,9,9,99,9,99,9,9,6,3,-1,-1,-1,-1,-1,-1,-1,-1,-1,0
Unvalidated,2024010518744,2024,010518744,2,98,0,99,9,9,99,9,9,99,9,99,9,9,1,1,35,6,-1,-1,-1,-1,2,1,E01002708,0
Unvalidated,2024010518746,2024,010518746,1,9,0,18,7,3,0,1,0,0,0,0,1,1,6,3,-1,-1,-1,-1,-1,-1,-1,-1,-1,0
Unvalidated,2024010518747,2024,010518747,1,1,0,16,5,8,0,1,0,0,0,0,2,1,6,1,23,5,-1,-1,-1,-1,-1,-1,-1,0
Unvalidated,2024010518748,2024,010518748,1,9,0,99,9,9,99,9,9,99,9,99,2,9,2,2,31,6,-1,-1,-1,-1,6,1,E01003398,0
Unvalidated,2024010518748,2024,010518748,2,9,0,99,9,9,99,9,9,99,9,99,2,9,6,3,-1,-1,-1,-1,-1,-1,-1,-1,-1,0
Unvalidated,2024010518749,2024,010518749,1,3,0,2,0,0,4,8,0,0,0,0,0,1,6,3,-1,-1,-1,-1,-1,-1,-1,-1,-1,0
Unvalidated,2024010518749,2024,010518749,2,1,0,18,1,5,4,2,0,7,0,0,0,1,6,1,44,7,-1,-1,-1,-1,9,1,E01003458,0
Unvalidated,2024010518750,2024,010518750,1,9,0,5,5,1,0,5,0,0,0,0,3,1,6,1,59,9,-1,-1,-1,-1,3,1,E01004019,0
Unvalidated,2024010518750,2024,010518750,2,3,0,5,5,1,0,1,0,0,0,0,4,1,6,1,19,4,-1,-1,-1,-1,2,1,E01003346,0
Unvalidated,2024010518751,2024,010518751,1,9,0,18,1,5,0,8,0,0,0,0,1,1,6,3,24,5,-1,-1,-1,-1,-1,-1,-1,0
Unvalidated,2024010518753,2024,010518753,1,9,0,7,7,1,0,1,0,0,1,0,1,2,1,2,31,6,-1,-1,-1,-1,4,1,E01003440,0
Unvalidated,2024010518753,2024,010518753,2,1,0,5,7,3,0,1,0,0,0,0,1,1,1,1,29,6,-1,-1,-1,-1,2,1,E01003150,0
Unvalidated,2024010518754,2024,010518754,1,19,0,7,7,1,0,5,0,0,0,0,3,1,1,2,58,9,-1,-1,-1,-1,7,1,E01002998,0
Unvalidated,2024010518754,2024,010518754,2,1,0,18,3,7,0,1,0,0,0,0,1,1,6,2,24,5,-1,-1,-1,-1,-1,-1,-1,0
Unvalidated,2024010518755,2024,010518755,1,9,0,2,0,0,2,1,0,0,0,0,2,1,6,3,-1,-1,-1,-1,-1,-1,-1,-1,-1,0
Unvalidated,2024010518755,2024,010518755,2,1,0,18,4,8,2,1,0,0,0,0,1,1,6,1,56,9,-1,-1,-1,-1,1,1,E01003347,0
Unvalidated,2024010518758,2024,010518758,1,1,9,99,9,9,99,9,9,99,9,99,9,1,2,1,44,7,-1,-1,-1,-1,7,1,E01003815,0
Unvalidated,2024010518758,2024,010518758,2,2,0,99,9,9,99,9,9,99,9,99,9,1,6,3,-1,-1,-1,-1,-1,-1,-1,-1,-1,0
Unvalidated,2024010518759,2024,010518759,1,1,9,99,9,9,99,9,9,99,9,99,9,1,6,2,16,4,-1,-1,-1,-1,3,1,E01003286,0
Unvalidated,2024010518759,2024,010518759,2,19,0,99,9,9,99,9,9,99,9,99,9,9,6,3,19,4,-1,-1,-1,-1,10,1,E01021896,0
Unvalidated,2024010518761,2024,010518761,1,3,9,99,9,9,99,9,9,99,9,99,9,1,6,1,20,4,-1,-1,-1,-1,3,1,E01003352,0
Unvalidated,2024010518761,2024,010518761,2,9,9,99,9,9,99,9,9,99,9,99,9,9,6,3,-1,-1,-1,-1,-1,-1,2,1,E01003334,0
Unvalidated,2024010518762,2024,010518762,1,9,0,18,8,4,0,8,0,0,0,0,1,2,6,1,66,10,-1,-1,-1,-1,4,1,E01002324,0
Unvalidated,2024010518762,2024,010518762,2,3,0,18,6,2,0,8,0,0,0,0,3,1,6,1,47,8,-1,-1,-1,-1,2,1,E01000012,0
Unvalidated,2024010518763,2024,010518763,1,1,9,99,9,9,99,9,9,99,9,99,9,1,6,1,40,7,-1,-1,-1,-1,4,1,E01000928,0
Unvalidated,2024010518763,2024,010518763,2,9,0,99,9,9,99,9,9,99,9,99,1,9,6,3,-1,-1,-1,-1,-1,-1,-1,-1,-1,0
Unvalidated,2024010518766,2024,010518766,1,3,0,18,1,5,0,1,0,0,0,0,1,1,6,1,22,5,-1,-1,-1,-1,6,1,E01001159,0
Unvalidated,2024010518766,2024,010518766,2,19,0,9,5,3,0,2,0,0,0,0,1,1,6,1,23,5,-1,-1,-1,-1,3,1,E01003182,0
Unvalidated,2024010518771,2024,010518771,1,9,0,2,0,0,9,0,0,0,0,0,0,1,6,3,-1,-1,-1,-1,-1,-1,-1,-1,-1,0
Unvalidated,2024010518771,2024,010518771,2,9,0,7,7,8,9,0,0,10,2,11,1,1,6,2,74,10,-1,-1,-1,-1,10,1,E01000357,0
Unvalidated,2024010518773,2024,010518773,1,9,0,99,9,9,99,9,9,99,9,99,2,9,1,1,40,7,-1,-1,-1,-1,2,1,E01003508,0
Unvalidated,2024010518773,2024,010518773,2,9,0,99,9,9,99,9,9,99,9,99,1,9,6,1,21,5,-1,-1,-1,-1,2,1,E01004252,0
Unvalidated,2024010518778,2024,010518778,1,9,0,17,3,7,0,2,0,0,0,0,3,1,1,1,42,7,-1,-1,-1,-1,4,1,E01001903,0
Unvalidated,2024010518787,2024,010518787,1,9,0,99,9,9,99,9,9,99,9,99,2,9,6,1,30,6,-1,-1,-1,-1,4,1,E01000980,0
Unvalidated,2024010518787,2024,010518787,2,9,9,18,1,5,99,9,9,4,9,99,1,1,6,3,-1,-1,-1,-1,-1,-1,-1,-1,-1,0
Unvalidated,2024010518788,2024,010518788,1,9,0,18,3,7,0,6,0,0,0,0,2,1,6,2,54,8,-1,-1,-1,-1,4,1,E01004414,0
Unvalidated,2024010518788,2024,010518788,2,9,0,18,7,3,0,6,0,0,0,0,1,1,6,1,32,6,-1,-1,-1,-1,-1,-1,-1,0
Unvalidated,2024010518788,2024,010518788,3,19,0,2,0,0,0,1,0,0,0,0,4,1,6,3,-1,-1,-1,-1,-1,-1,-1,-1,-1,0
Unvalidated,2024010518792,2024,010518792,1,9,0,16,1,5,0,1,0,0,1,11,1,1,1,1,64,9,-1,-1,-1,-1,-1,-1,-1,0
Unvalidated,2024010518796,2024,010518796,1,1,0,18,5,1,0,1,0,0,0,0,4,1,6,1,24,5,-1,-1,-1,-1,1,1,E01003051,0
Unvalidated,2024010518796,2024,010518796,2,8,0,9,5,2,0,1,0,0,0,0,3,1,1,1,44,7,-1,-1,-1,-1,1,1,E01004732,0
Unvalidated,2024010518797,2024,010518797,1,9,0,18,5,1,0,1,0,0,0,0,1,1,6,1,27,6,-1,-1,-1,-1,8,2,E01023307,0
Unvalidated,2024010518797,2024,010518797,2,9,0,18,7,3,0,1,0,0,0,0,3,1,6,2,22,5,-1,-1,-1,-1,4,1,E01001420,0
Unvalidated,2024010518798,2024,010518798,1,9,0,18,1,5,0,2,0,11,0,0,1,1,6,1,23,5,-1,-1,-1,-1,3,1,E01004630,0
Unvalidated,2024010518800,2024,010518800,1,9,0,9,5,3,0,1,0,0,0,0,1,1,6,1,61,9,-1,-1,-1,-1,3,1,E01001360,0
Unvalidated,2024010518800,2024,010518800,2,1,0,18,7,3,0,2,0,0,0,0,4,1,6,1,47,8,-1,-1,-1,-1,2,1,E01032744,0
Unvalidated,2024010518801,2024,010518801,1,11,0,5,1,5,2,8,0,0,0,0,0,1,1,1,41,7,-1,-1,-1,-1,3,1,E01000257,0
Unvalidated,2024010518808,2024,010518808,1,97,9,99,9,9,99,0,9,99,9,99,9,1,6,3,-1,-1,-1,-1,-1,-1,-1,-1,-1,0
Unvalidated,2024010518812,2024,010518812,1,11,0,4,6,2,0,1,0,0,0,0,0,2,1,1,22,5,-1,-1,-1,-1,3,1,E01004356,0
Unvalidated,2024010518813,2024,010518813,1,20,1,11,1,5,0,0,0,0,0,0,1,1,1,1,65,9,-1,-1,-1,-1,8,2,E01021533,0
Unvalidated,2024010518813,2024,010518813,2,9,0,3,1,5,0,0,0,0,0,0,2,1,2,1,45,7,-1,-1,-1,-1,4,1,E01001974,0
Unvalidated,2024010518813,2024,010518813,3,19,0,3,1,5,0,0,0,0,0,0,2,1,1,1,50,8,-1,-1,-1,-1,-1,-1,-1,0
Unvalidated,2024010518816,2024,010518816,1,9,3,3,3,7,0,7,0,0,0,0,2,1,6,1,64,9,-1,-1,-1,-1,2,1,E01003538,0
Unvalidated,2024010518816,2024,010518816,2,3,0,3,3,7,0,7,0,0,0,0,1,1,6,1,25,5,-1,-1,-1,-1,3,1,E01003537,0
Unvalidated,2024010518819,2024,010518819,1,9,0,10,3,8,0,1,0,0,0,0,1,1,6,1,64,9,-1,-1,-1,-1,5,1,E01001803,0
Unvalidated,2024010518819,2024,010518819,2,1,0,18,5,1,4,1,0,0,0,0,1,1,2,2,26,6,-1,-1,-1,-1,2,1,E01000889,0
Unvalidated,2024010518826,2024,010518826,1,9,0,16,1,3,0,2,0,0,0,0,1,1,2,2,69,10,-1,-1,-1,-1,2,1,E01001705,0
Unvalidated,2024010518836,2024,010518836,1,9,0,18,7,3,0,0,0,0,0,0,1,1,2,2,45,7,-1,-1,-1,-1,1,1,E01003511,0
Unvalidated,2024010518837,2024,010518837,1,1,9,99,9,9,99,9,9,99,9,99,4,1,2,2,47,8,-1,-1,-1,-1,4,1,E01004232,0
Unvalidated,2024010518837,2024,010518837,2,8,9,99,9,9,99,9,9,99,9,99,9,9,6,3,-1,-1,-1,-1,-1,-1,3,1,E01003630,0
Unvalidated,2024010518840,2024,010518840,1,9,0,99,9,9,99,9,9,99,9,99,1,9,6,2,27,6,-1,-1,-1,-1,3,1,E01001397,0
Unvalidated,2024010518851,2024,010518851,1,9,0,5,3,7,0,1,0,0,0,0,1,1,2,2,42,7,-1,-1,-1,-1,4,1,E01004002,0
Unvalidated,2024010518852,2024,010518852,1,9,0,9,2,1,0,5,0,0,0,0,3,1,6,2,23,5,-1,-1,-1,-1,9,1,E01001107,0
Unvalidated,2024010518852,2024,010518852,2,4,0,13,5,1,0,1,0,0,0,0,1,1,6,1,21,5,-1,-1,-1,-1,4,1,E01001173,0
Unvalidated,2024010518853,2024,010518853,1,11,0,5,1,5,2,1,0,0,0,0,0,1,1,1,31,6,-1,-1,-1,-1,6,1,E01004173,0
Unvalidated,2024010518853,2024,010518853,2,9,0,7,1,4,0,5,0,0,0,0,0,1,6,3,34,6,-1,-1,-1,-1,-1,-1,-1,0
Unvalidated,2024010518860,2024,010518860,1,3,0,4,1,5,0,1,0,0,0,0,3,1,6,1,26,6,-1,-1,-1,-1,1,1,E01001558,0
Unvalidated,2024010518860,2024,010518860,2,19,0,9,1,6,0,2,0,4,0,0,1,1,6,1,53,8,-1,-1,-1,-1,-1,-1,-1,0
Unvalidated,2024010518862,2024,010518862,1,9,0,18,5,1,0,0,5,0,0,0,1,1,6,1,32,6,-1,-1,-1,-1,4,1,E01001023,0
Unvalidated,2024010518864,2024,010518864,1,19,0,99,9,9,0,9,0,99,9,99,9,1,6,3,-1,-1,-1,-1,-1,-1,-1,-1,-1,0
Unvalidated,2024010518865,2024,010518865,1,9,0,18,1,5,0,1,0,0,0,0,1,1,6,2,33,6,-1,-1,-1,-1,2,1,E01003298,0
Unvalidated,2024010518865,2024,010518865,2,9,0,18,5,1,0,1,0,0,0,0,1,1,6,1,23,5,-1,-1,-1,-1,-1,-1,-1,0
Unvalidated,2024010518867,2024,010518867,1,9,0,18,2,6,0,5,0,0,0,0,1,1,6,2,39,7,-1,-1,-1,-1,4,1,E01001148,0
Unvalidated,2024010518869,2024,010518869,1,1,0,14,4,8,0,3,0,0,0,0,1,1,6,1,40,7,-1,-1,-1,-1,4,1,E01001883,0
Unvalidated,2024010518870,2024,010518870,1,3,0,18,7,3,0,2,0,0,0,0,1,1,6,2,48,8,-1,-1,-1,-1,2,1,E01000626,0
Unvalidated,2024010518870,2024,010518870,2,9,0,9,7,5,0,2,0,0,0,0,1,1,1,1,50,8,-1,-1,-1,-1,8,1,E01002865,0
Unvalidated,2024010518871,2024,010518871,1,1,0,18,1,5,0,8,5,0,0,0,1,1,1,1,31,6,-1,-1,-1,-1,3,1,E01004747,0
Unvalidated,2024010518871,2024,010518871,2,19,0,7,1,4,0,8,0,0,0,0,1,1,6,1,-1,-1,-1,-1,-1,-1,-1,-1,-1,0
Unvalidated,2024010518873,2024,010518873,1,9,0,7,1,4,0,2,0,0,0,0,4,1,1,1,60,9,-1,-1,-1,-1,-1,-1,-1,0
Unvalidated,2024010518873,2024,010518873,2,9,0,15,5,1,0,2,0,0,0,0,1,1,1,2,60,9,-1,-1,-1,-1,4,1,E01000162,0
Unvalidated,2024010518878,2024,010518878,1,1,9,99,9,9,99,9,9,99,9,99,9,1,6,1,23,5,-1,-1,-1,-1,5,1,E01033489,0
Unvalidated,2024010518878,2024,010518878,2,9,0,99,9,9,99,9,9,99,9,99,1,9,6,3,-1,-1,-1,-1,-1,-1,3,1,E01001668,0
Unvalidated,2024010518881,2024,010518881,1,9,0,3,5,1,5,1,0,0,0,0,4,1,6,1,52,8,-1,-1,-1,-1,7,1,E01000993,0
Unvalidated,2024010518881,2024,010518881,2,1,0,18,5,1,5,1,0,4,0,0,1,1,6,1,70,10,-1,-1,-1,-1,6,1,E01004529,0
Unvalidated,2024010518882,2024,010518882,1,11,0,5,0,4,0,1,0,0,0,0,0,1,1,2,37,7,-1,-1,-1,-1,5,1,E01003340,0
Unvalidated,2024010518886,2024,010518886,1,3,0,99,9,9,99,9,9,99,9,99,9,1,2,1,19,4,-1,-1,-1,-1,5,1,E01000265,0
Unvalidated,2024010518886,2024,010518886,2,9,0,99,9,9,99,9,9,99,9,99,9,9,6,3,-1,-1,-1,-1,-1,-1,-1,-1,-1,0
Unvalidated,2024010518888,2024,010518888,1,9,0,7,7,2,0,8,0,0,0,0,4,1,1,1,51,8,-1,-1,-1,-1,2,1,E01003489,0
Unvalidated,2024010518888,2024,010518888,2,1,0,18,7,3,0,8,0,0,0,0,1,1,6,1,23,5,-1,-1,-1,-1,3,1,E01003916,0
Unvalidated,2024010518894,2024,010518894,1,9,0,99,9,9,99,9,9,99,9,99,2,9,6,2,26,6,-1,-1,-1,-1,8,1,E01030703,0
Unvalidated,2024010518894,2024,010518894,2,9,0,99,9,9,99,9,9,99,9,99,1,9,6,2,45,7,-1,-1,-1,-1,7,1,E01001231,0
Unvalidated,2024010518895,2024,010518895,1,4,0,18,2,6,0,8,0,0,0,0,1,1,6,1,56,9,-1,-1,-1,-1,10,1,E01003425,0
Unvalidated,2024010518895,2024,010518895,2,9,0,18,8,4,0,6,0,0,0,0,1,1,6,2,35,6,-1,-1,-1,-1,7,1,E01003408,0
Unvalidated,2024010518896,2024,010518896,1,9,0,99,9,9,99,9,9,99,9,99,2,9,6,1,32,6,-1,-1,-1,-1,3,1,E01032774,0
Unvalidated,2024010518897,2024,010518897,1,3,0,99,9,9,99,0,9,99,9,99,9,1,1,1,19,4,-1,-1,-1,-1,3,1,E01001479,0
Unvalidated,2024010518897,2024,010518897,2,9,9,99,9,9,99,0,9,99,9,99,9,9,6,3,-1,-1,-1,-1,-1,-1,-1,-1,-1,0
Unvalidated,2024010518898,2024,010518898,1,9,0,18,5,1,0,1,0,0,0,0,1,1,6,2,61,9,-1,-1,-1,-1,5,1,E01004381,0
Unvalidated,2024010518900,2024,010518900,1,3,0,14,7,3,0,1,0,0,0,0,4,1,1,1,32,6,-1,-1,-1,-1,3,1,E01003519,0
Unvalidated,2024010518900,2024,010518900,2,9,0,10,1,7,0,2,0,0,0,0,1,1,6,2,48,8,-1,-1,-1,-1,2,1,E01002697,0
Unvalidated,2024010518902,2024,010518902,1,1,0,18,1,5,0,8,0,0,0,0,4,1,1,1,35,6,-1,-1,-1,-1,4,1,E01033099,0
Unvalidated,2024010518902,2024,010518902,2,97,0,18,1,5,0,8,0,0,0,0,4,1,6,3,-1,-1,-1,-1,-1,-1,-1,-1,-1,0
Unvalidated,2024010518904,2024,010518904,1,19,0,18,7,3,0,0,0,0,0,0,3,1,1,1,33,6,-1,-1,-1,-1,3,1,E01002508,0
Unvalidated,2024010518907,2024,010518907,1,1,0,18,5,1,0,5,0,8,0,0,1,1,1,2,51,8,-1,-1,-1,-1,5,1,E01001278,0
Unvalidated,2024010518907,2024,010518907,2,9,0,5,0,1,0,2,0,11,0,0,3,1,6,2,-1,-1,-1,-1,-1,-1,2,1,E01001959,0
Unvalidated,2024010518911,2024,010518911,1,9,0,99,9,9,99,9,9,99,9,99,9,9,6,3,-1,-1,-1,-1,-1,-1,-1,-1,-1,0
Unvalidated,2024010518911,2024,010518911,2,1,9,99,9,9,99,9,9,99,9,99,9,1,1,1,18,4,-1,-1,-1,-1,5,1,E01002061,0
Unvalidated,2024010518914,2024,010518914,1,9,0,99,9,9,99,9,9,99,9,99,1,9,6,1,26,6,-1,-1,-1,-1,2,1,E01000053,0
Unvalidated,2024010518915,2024,010518915,1,9,0,18,5,1,0,5,0,0,0,0,1,1,6,2,41,7,-1,-1,-1,-1,2,1,E01002075,0
Unvalidated,2024010518920,2024,010518920,1,19,0,6,4,4,0,8,0,0,0,0,3,1,1,1,31,6,-1,-1,-1,-1,7,1,E01000786,0
Unvalidated,2024010518920,2024,010518920,2,5,0,13,7,3,0,2,1,0,0,0,1,1,6,1,60,9,-1,-1,-1,-1,7,1,E01023113,0
Unvalidated,2024010518921,2024,010518921,1,5,0,99,9,9,99,9,9,99,9,99,2,1,2,1,46,8,-1,-1,-1,-1,7,1,E01000710,0
Unvalidated,2024010518921,2024,010518921,2,9,0,99,9,9,99,9,9,99,9,99,1,9,6,3,-1,-1,-1,-1,-1,-1,-1,-1,-1,0
Unvalidated,2024010518927,2024,010518927,1,9,0,99,9,9,99,9,9,99,9,99,2,9,6,2,43,7,-1,-1,-1,-1,1,1,E01001655,0
Unvalidated,2024010518927,2024,010518927,2,9,0,99,9,9,99,9,9,99,9,99,2,9,6,3,44,7,-1,-1,-1,-1,2,1,E01032941,0
Unvalidated,2024010518934,2024,010518934,1,9,3,18,4,8,0,2,0,4,0,0,1,1,6,1,24,5,-1,-1,-1,-1,-1,-1,-1,0
Unvalidated,2024010518934,2024,010518934,2,9,0,2,0,0,0,2,0,4,0,0,2,1,6,3,-1,-1,-1,-1,-1,-1,-1,-1,-1,0
Unvalidated,2024010518934,2024,010518934,3,9,0,2,0,0,0,2,0,0,0,0,1,1,6,3,-1,-1,-1,-1,-1,-1,-1,-1,-1,0
Unvalidated,2024010518935,2024,010518935,1,9,0,9,5,3,0,6,0,0,0,0,1,1,3,1,54,8,-1,-1,-1,-1,8,1,E01002922,0
Unvalidated,2024010518935,2024,010518935,2,3,0,18,7,3,0,6,0,0,0,0,1,1,2,1,54,8,-1,-1,-1,-1,10,1,E01030377,0
Unvalidated,2024010518936,2024,010518936,1,9,0,5,3,7,0,0,0,0,0,0,1,1,1,1,40,7,-1,-1,-1,-1,3,1,E01001117,0
Unvalidated,2024010518939,2024,010518939,1,4,0,7,7,1,0,6,5,0,0,0,3,1,6,1,22,5,-1,-1,-1,-1,2,1,E01003330,0
Unvalidated,2024010518939,2024,010518939,2,9,0,18,5,1,0,1,0,0,0,0,1,1,1,1,45,7,-1,-1,-1,-1,3,1,E01003221,0
Unvalidated,2024010518941,2024,010518941,1,9,0,18,5,1,0,0,0,0,0,0,1,1,6,1,21,5,-1,-1,-1,-1,5,1,E01002119,0
Unvalidated,2024010518941,2024,010518941,2,9,0,4,5,1,0,0,0,0,0,0,2,1,6,1,44,7,-1,-1,-1,-1,4,1,E01004417,0
Unvalidated,2024010518941,2024,010518941,3,9,0,11,5,1,0,0,0,0,0,0,1,1,6,1,23,5,-1,-1,-1,-1,8,1,E01021750,0
Unvalidated,2024010518942,2024,010518942,1,3,9,99,9,9,99,9,9,99,9,99,9,1,2,1,25,5,-1,-1,-1,-1,4,1,E01001009,0
Unvalidated,2024010518942,2024,010518942,2,9,9,99,9,9,99,9,9,99,9,99,9,9,6,3,-1,-1,-1,-1,-1,-1,-1,-1,-1,0
Unvalidated,2024010518943,2024,010518943,1,9,0,18,5,1,0,0,0,7,1,10,1,1,6,1,26,6,-1,-1,-1,-1,-1,-1,-1,0
Unvalidated,2024010518944,2024,010518944,1,1,9,99,9,9,99,9,9,99,9,99,1,1,2,1,33,6,-1,-1,-1,-1,3,1,E01033583,0
Unvalidated,2024010518944,2024,010518944,2,98,0,99,9,9,99,9,9,99,9,99,9,9,6,3,-1,-1,-1,-1,-1,-1,-1,-1,-1,0
Unvalidated,2024010518946,2024,010518946,1,9,0,99,9,9,99,9,9,99,9,99,9,9,6,2,51,8,-1,-1,-1,-1,5,1,E01000779,0
Unvalidated,2024010518948,2024,010518948,1,9,0,18,5,1,0,8,0,10,1,11,1,1,6,1,21,5,-1,-1,-1,-1,2,1,E01001770,0
Unvalidated,2024010518948,2024,010518948,2,9,0,2,0,0,9,8,0,0,0,0,1,1,6,3,-1,-1,-1,-1,-1,-1,-1,-1,-1,0
Unvalidated,2024010518948,2024,010518948,3,9,0,2,0,0,9,8,0,0,0,0,1,1,6,3,-1,-1,-1,-1,-1,-1,-1,-1,-1,0
Unvalidated,2024010518950,2024,010518950,1,90,9,99,9,9,99,9,9,99,9,99,9,9,6,2,-1,-1,-1,-1,-1,-1,4,1,E01001478,1