status,collision_index,collision_year,collision_reference,vehicle_reference,vehicle_type,towing_and_articulation,vehicle_manoeuvre,vehicle_direction_from,vehicle_direction_to,vehicle_location_restricted_lane,junction_location,skidding_and_overturning,hit_object_in_carriageway,vehicle_leaving_carriageway,hit_object_off_carriageway,first_point_of_impact,vehicle_left_hand_drive,journey_purpose_of_driver,sex_of_driver,age_of_driver,age_band_of_driver,engine_capacity_cc,propulsion_code,age_of_vehicle,generic_make_model,driver_imd_decile,driver_home_area_type,lsoa_of_driver,escooter_flag
Unvalidated,2024010518950,2024,010518950,2,9,0,99,9,9,99,9,9,99,9,99,1,9,6,3,-1,-1,-1,-1,-1,-1,-1,-1,-1,0
Unvalidated,2024010518951,2024,010518951,1,9,0,18,5,1,0,8,0,0,0,0,1,1,6,3,-1,-1,-1,-1,-1,-1,-1,-1,-1,0
Unvalidated,2024010518952,2024,010518952,1,9,0,18,1,5,0,3,0,0,0,0,3,1,6,1,28,6,-1,-1,-1,-1,1,1,E01033585,0
Unvalidated,2024010518952,2024,010518952,2,9,0,7,3,5,0,3,0,0,0,0,1,1,6,3,-1,-1,-1,-1,-1,-1,-1,-1,-1,0
Unvalidated,2024010518958,2024,010518958,1,9,0,99,9,9,99,9,9,99,9,99,9,9,6,3,43,7,-1,-1,-1,-1,9,1,E01000382,0
Unvalidated,2024010518961,2024,010518961,1,1,9,99,9,9,99,9,9,99,9,99,9,1,6,2,29,6,-1,-1,-1,-1,3,1,E01003122,0
Unvalidated,2024010518961,2024,010518961,2,9,0,99,9,9,99,9,9,99,9,99,9,9,6,2,38,7,-1,-1,-1,-1,2,1,E01003089,0
Unvalidated,2024010518962,2024,010518962,1,11,0,4,3,7,3,0,0,0,0,0,2,1,1,1,56,9,-1,-1,-1,-1,6,1,E01003398,0
Unvalidated,2024010518962,2024,010518962,2,9,0,18,3,7,0,0,0,0,0,0,1,1,1,1,35,6,-1,-1,-1,-1,2,1,E01000012,0
Unvalidated,2024010518964,2024,010518964,1,19,0,18,5,1,0,0,1,0,0,0,3,1,6,1,40,7,-1,-1,-1,-1,6,1,E01003469,0
Unvalidated,2024010518965,2024,010518965,1,1,9,99,9,9,99,9,9,99,9,99,0,1,2,1,47,8,-1,-1,-1,-1,2,1,E01003112,0
Unvalidated,2024010518965,2024,010518965,2,19,0,99,9,9,99,9,9,99,9,99,0,9,6,3,-1,-1,-1,-1,-1,-1,-1,-1,-1,0
Unvalidated,2024010518966,2024,010518966,1,9,0,99,9,9,99,9,9,99,9,99,1,9,6,2,-1,-1,-1,-1,-1,-1,-1,-1,-1,0
Unvalidated,2024010518969,2024,010518969,1,9,9,99,9,9,99,0,9,99,9,99,9,1,6,3,-1,-1,-1,-1,-1,-1,-1,-1,-1,0
Unvalidated,2024010518971,2024,010518971,1,8,0,99,9,9,99,9,9,99,9,99,9,9,2,1,57,9,-1,-1,-1,-1,5,1,E01002613,0
Unvalidated,2024010518971,2024,010518971,2,9,0,99,9,9,99,9,9,99,9,99,9,9,6,3,27,6,-1,-1,-1,-1,5,1,E01002652,0
Unvalidated,2024010518972,2024,010518972,1,3,0,99,9,9,99,9,9,99,9,99,0,1,6,3,-1,-1,-1,-1,-1,-1,-1,-1,-1,0
Unvalidated,2024010518974,2024,010518974,1,20,0,7,3,6,0,6,0,0,0,0,0,1,2,1,39,7,-1,-1,-1,-1,6,1,E01022700,0
Unvalidated,2024010518976,2024,010518976,1,1,0,18,3,7,0,1,0,10,0,0,0,1,2,1,62,9,-1,-1,-1,-1,3,1,E01001794,0
Unvalidated,2024010518977,2024,010518977,1,9,0,14,7,3,0,0,0,0,0,0,1,1,6,3,-1,-1,-1,-1,-1,-1,-1,-1,-1,0
Unvalidated,2024010518979,2024,010518979,1,4,0,18,5,1,0,5,0,0,0,0,1,1,6,1,18,4,-1,-1,-1,-1,4,1,E01003927,0
Unvalidated,2024010518979,2024,010518979,2,11,0,9,5,3,0,5,0,0,0,0,1,1,1,1,47,8,-1,-1,-1,-1,2,1,E01003248,0
Unvalidated,2024010518981,2024,010518981,1,3,0,9,7,4,0,8,1,0,0,0,4,1,2,1,26,6,-1,-1,-1,-1,2,1,E01000998,0
Unvalidated,2024010518981,2024,010518981,2,19,0,18,1,5,0,8,0,0,0,0,1,1,6,3,-1,-1,-1,-1,-1,-1,-1,-1,-1,0
Unvalidated,2024010518983,2024,010518983,1,3,0,99,9,9,99,9,9,99,9,99,9,1,1,1,29,6,-1,-1,-1,-1,6,1,E01004146,0
Unvalidated,2024010518983,2024,010518983,2,9,0,99,9,9,99,9,9,99,9,99,1,9,6,3,-1,-1,-1,-1,-1,-1,-1,-1,-1,0
Unvalidated,2024010518986,2024,010518986,1,9,0,18,7,3,0,4,0,0,0,0,3,1,2,1,72,10,-1,-1,-1,-1,3,1,E01003585,0
Unvalidated,2024010518986,2024,010518986,2,1,0,18,5,1,0,4,0,0,0,0,1,1,6,1,41,7,-1,-1,-1,-1,6,1,E01001522,0
Unvalidated,2024010518987,2024,010518987,1,9,0,18,2,6,0,0,0,0,0,0,1,1,1,1,60,9,-1,-1,-1,-1,1,1,E01004214,0
Unvalidated,2024010518989,2024,010518989,1,9,0,18,5,1,0,0,0,0,1,0,3,1,6,3,23,5,-1,-1,-1,-1,5,1,E01004225,0
Unvalidated,2024010518989,2024,010518989,2,1,0,5,5,1,0,0,0,10,1,0,1,1,6,2,28,6,-1,-1,-1,-1,1,1,E01004248,0
Unvalidated,2024010518990,2024,010518990,1,19,0,18,1,5,0,0,0,0,0,0,4,1,1,1,32,6,-1,-1,-1,-1,8,1,E01002945,0
Unvalidated,2024010518994,2024,010518994,1,9,0,2,0,0,0,2,0,0,0,0,1,1,6,3,-1,-1,-1,-1,-1,-1,-1,-1,-1,0
Unvalidated,2024010518994,2024,010518994,2,9,0,18,7,3,0,2,0,4,0,0,1,1,6,3,-1,-1,-1,-1,-1,-1,-1,-1,-1,0
Unvalidated,2024010518996,2024,010518996,1,9,0,18,3,7,0,0,0,4,0,0,1,1,6,1,58,9,-1,-1,-1,-1,6,1,E01000492,0
Unvalidated,2024010518996,2024,010518996,2,9,0,4,3,7,0,0,0,0,0,0,2,1,6,1,49,8,-1,-1,-1,-1,-1,-1,-1,0
Unvalidated,2024010518998,2024,010518998,1,9,0,18,1,5,0,0,0,0,0,0,1,1,6,1,27,6,-1,-1,-1,-1,-1,-1,-1,0
Unvalidated,2024010518998,2024,010518998,2,9,0,2,0,0,0,0,0,0,0,0,2,1,6,3,-1,-1,-1,-1,-1,-1,-1,-1,-1,0
Unvalidated,2024010518998,2024,010518998,3,9,0,2,0,0,0,0,0,0,0,0,0,1,6,3,-1,-1,-1,-1,-1,-1,-1,-1,-1,0
Unvalidated,2024010518998,2024,010518998,4,9,0,18,5,1,0,0,0,0,0,0,2,1,6,3,-1,-1,-1,-1,-1,-1,-1,-1,-1,0
Unvalidated,2024010518999,2024,010518999,1,9,0,18,8,4,0,8,0,0,0,0,1,1,6,3,-1,-1,-1,-1,-1,-1,-1,-1,-1,0
Unvalidated,2024010518999,2024,010518999,2,1,0,18,2,6,0,1,5,0,0,0,4,1,2,1,39,7,-1,-1,-1,-1,9,1,E01004598,0
Unvalidated,2024010519000,2024,010519000,1,5,0,18,1,5,0,0,2,0,0,0,1,1,2,1,56,9,-1,-1,-1,-1,2,1,E01000315,0
Unvalidated,2024010519007,2024,010519007,1,9,0,18,2,6,0,1,0,0,0,0,2,1,6,1,25,5,-1,-1,-1,-1,4,1,E01000124,0
Unvalidated,2024010519007,2024,010519007,2,9,0,18,2,6,0,1,0,0,0,0,1,1,6,1,27,6,-1,-1,-1,-1,-1,-1,-1,0
Unvalidated,2024010519008,2024,010519008,1,4,0,14,1,5,0,0,0,10,0,0,4,1,2,1,28,6,-1,-1,-1,-1,2,1,E01016004,0
Unvalidated,2024010519011,2024,010519011,1,9,0,7,5,7,0,1,0,0,0,0,1,1,6,3,-1,-1,-1,-1,-1,-1,-1,-1,-1,0
Unvalidated,2024010519013,2024,010519013,1,1,9,99,9,9,99,1,9,99,9,99,9,1,2,1,33,6,-1,-1,-1,-1,2,1,E01004268,0
Unvalidated,2024010519013,2024,010519013,2,9,0,99,9,9,99,6,9,99,9,99,9,9,6,3,-1,-1,-1,-1,-1,-1,2,1,E01004306,0
Unvalidated,2024010519015,2024,010519015,1,1,9,99,9,9,99,9,9,99,9,99,9,1,2,1,32,6,-1,-1,-1,-1,-1,-1,-1,0
Unvalidated,2024010519015,2024,010519015,2,9,0,99,9,9,99,9,9,99,9,99,9,9,6,3,-1,-1,-1,-1,-1,-1,-1,-1,-1,0
Unvalidated,2024010519018,2024,010519018,1,9,0,99,9,9,99,0,9,99,9,99,1,9,6,1,33,6,-1,-1,-1,-1,3,1,E01003630,0
Unvalidated,2024010519019,2024,010519019,1,9,0,5,3,7,9,1,0,0,7,2,1,1,6,2,40,7,-1,-1,-1,-1,-1,-1,-1,0
Unvalidated,2024010519024,2024,010519024,1,9,0,18,1,5,0,8,0,0,0,0,4,1,6,1,47,8,-1,-1,-1,-1,-1,-1,-1,0
Unvalidated,2024010519025,2024,010519025,1,1,9,18,9,9,99,0,9,8,9,99,1,1,6,2,26,6,-1,-1,-1,-1,2,1,E01003966,0
Unvalidated,2024010519025,2024,010519025,2,9,0,2,9,9,99,0,9,99,9,99,9,9,6,3,59,9,-1,-1,-1,-1,6,1,E01003281,0
Unvalidated,2024010519026,2024,010519026,1,9,0,4,5,1,0,0,0,0,0,0,4,1,6,1,49,8,-1,-1,-1,-1,6,1,E01033311,0
Unvalidated,2024010519026,2024,010519026,2,1,0,18,5,1,0,0,0,8,0,0,4,1,6,1,38,7,-1,-1,-1,-1,3,1,E01003572,0
Unvalidated,2024010519029,2024,010519029,1,9,0,99,9,9,99,9,9,99,9,99,9,9,6,1,25,5,-1,-1,-1,-1,3,1,E01004203,0
Unvalidated,2024010519030,2024,010519030,1,9,0,4,5,1,0,0,0,0,0,0,2,1,6,1,63,9,-1,-1,-1,-1,1,1,E01032513,0
Unvalidated,2024010519030,2024,010519030,2,1,0,18,5,1,0,0,0,4,0,0,1,1,6,1,19,4,-1,-1,-1,-1,1,1,E01002880,0
Unvalidated,2024010519032,2024,010519032,1,1,9,99,9,9,99,9,9,99,9,99,9,1,6,1,30,6,-1,-1,-1,-1,4,1,E01003914,0
Unvalidated,2024010519032,2024,010519032,2,9,9,99,9,9,99,9,9,99,9,99,9,9,6,3,-1,-1,-1,-1,-1,-1,-1,-1,-1,0
Unvalidated,2024010519038,2024,010519038,1,9,0,1,3,7,0,5,0,0,0,0,2,1,6,3,-1,-1,-1,-1,-1,-1,-1,-1,-1,0
Unvalidated,2024010519040,2024,010519040,1,3,0,18,1,5,0,1,0,0,0,0,1,1,6,1,24,5,-1,-1,-1,-1,-1,-1,-1,0
Unvalidated,2024010519040,2024,010519040,2,9,0,18,7,3,0,1,0,0,0,0,4,1,6,2,37,7,-1,-1,-1,-1,3,1,E01000522,0
Unvalidated,2024010519045,2024,010519045,1,9,0,5,1,5,0,1,0,0,0,0,3,1,6,1,40,7,-1,-1,-1,-1,3,1,E01003286,0
Unvalidated,2024010519045,2024,010519045,2,1,0,7,7,1,0,5,5,10,0,0,1,1,6,2,19,4,-1,-1,-1,-1,3,1,E01001640,0
Unvalidated,2024010519046,2024,010519046,1,9,0,9,1,7,0,8,0,0,0,0,1,1,6,2,60,9,-1,-1,-1,-1,2,1,E01001320,0
Unvalidated,2024010519046,2024,010519046,2,4,0,18,1,5,0,8,1,0,0,0,1,1,6,1,26,6,-1,-1,-1,-1,4,1,E01000633,0
Unvalidated,2024010519050,2024,010519050,1,1,0,18,7,3,0,0,0,0,0,0,1,1,6,1,49,8,-1,-1,-1,-1,2,1,E01002561,0
Unvalidated,2024010519050,2024,010519050,2,9,0,5,7,3,0,0,0,0,0,0,3,1,6,1,44,7,-1,-1,-1,-1,7,1,E01002569,0
Unvalidated,2024010519052,2024,010519052,1,11,0,4,5,1,0,1,0,0,0,0,0,1,1,1,34,6,-1,-1,-1,-1,1,1,E01001821,0
Unvalidated,2024010519065,2024,010519065,1,9,0,18,4,8,0,8,5,0,0,0,1,1,6,3,-1,-1,-1,-1,-1,-1,-1,-1,-1,0
Unvalidated,2024010519065,2024,010519065,2,9,0,18,7,3,0,8,0,0,0,0,1,1,6,2,29,6,-1,-1,-1,-1,6,1,E01003311,0
Unvalidated,2024010519065,2024,010519065,3,9,0,2,0,0,0,1,0,0,0,0,2,1,6,3,-1,-1,-1,-1,-1,-1,-1,-1,-1,0
Unvalidated,2024010519065,2024,010519065,4,9,0,2,0,0,0,1,0,0,0,0,1,1,6,3,-1,-1,-1,-1,-1,-1,-1,-1,-1,0
Unvalidated,2024010519070,2024,010519070,1,1,9,99,9,9,99,9,9,99,9,99,9,1,6,1,24,5,-1,-1,-1,-1,5,1,E01003071,0
Unvalidated,2024010519070,2024,010519070,2,9,0,99,9,9,99,9,9,99,9,99,9,9,6,3,-1,-1,-1,-1,-1,-1,2,1,E01003983,0
Unvalidated,2024010519072,2024,010519072,1,19,0,99,9,9,99,9,9,99,9,99,9,9,6,1,62,9,-1,-1,-1,-1,2,1,E01003229,0
Unvalidated,2024010519079,2024,010519079,1,9,0,4,9,9,99,2,9,99,9,99,2,9,6,1,32,6,-1,-1,-1,-1,1,1,E01001885,0
Unvalidated,2024010519079,2024,010519079,2,9,0,18,9,9,99,3,9,99,9,99,2,9,6,3,36,7,-1,-1,-1,-1,7,1,E01001587,0
Unvalidated,2024010519082,2024,010519082,1,9,0,9,1,7,0,6,0,0,0,0,1,1,6,2,56,9,-1,-1,-1,-1,6,1,E01003888,0
Unvalidated,2024010519082,2024,010519082,2,9,0,18,7,3,0,6,0,0,0,0,1,1,6,1,38,7,-1,-1,-1,-1,5,1,E01002660,0
Unvalidated,2024010519083,2024,010519083,1,9,0,99,9,9,99,9,9,99,9,99,2,9,2,2,29,6,-1,-1,-1,-1,2,1,E01001334,0
Unvalidated,2024010519083,2024,010519083,2,9,0,99,9,9,99,9,9,99,9,99,1,9,6,3,-1,-1,-1,-1,-1,-1,-1,-1,-1,0
Unvalidated,2024010519087,2024,010519087,1,9,0,6,3,3,0,0,0,0,0,0,0,1,6,1,61,9,-1,-1,-1,-1,3,1,E01003915,0
Unvalidated,2024010519087,2024,010519087,2,3,0,18,3,7,0,0,1,0,0,0,0,1,1,1,49,8,-1,-1,-1,-1,4,1,E01003412,0
Unvalidated,2024010519089,2024,010519089,1,9,0,9,5,2,0,6,0,0,0,0,1,1,1,1,37,7,-1,-1,-1,-1,9,1,E01004595,0
Unvalidated,2024010519089,2024,010519089,2,3,0,9,7,4,0,5,0,0,0,0,3,1,1,1,43,7,-1,-1,-1,-1,3,1,E01004528,0
Unvalidated,2024010519091,2024,010519091,1,9,0,1,5,1,0,1,0,0,0,0,4,1,1,1,49,8,-1,-1,-1,-1,4,1,E01033589,0
Unvalidated,2024010519091,2024,010519091,2,9,0,18,1,5,0,1,0,0,0,0,1,1,6,1,40,7,-1,-1,-1,-1,3,1,E01003734,0
Unvalidated,2024010519091,2024,010519091,3,19,0,2,0,0,0,2,0,0,0,0,2,1,6,3,-1,-1,-1,-1,-1,-1,-1,-1,-1,0
Unvalidated,2024010519092,2024,010519092,1,11,0,5,5,1,0,1,0,0,0,0,0,1,1,2,57,9,-1,-1,-1,-1,5,1,E01000512,0
Unvalidated,2024010519097,2024,010519097,1,9,0,7,1,3,0,8,0,0,0,0,4,1,6,3,-1,-1,-1,-1,-1,-1,-1,-1,-1,0
Unvalidated,2024010519097,2024,010519097,2,3,0,7,1,3,0,8,0,0,0,0,3,1,2,1,32,6,-1,-1,-1,-1,-1,-1,-1,0
Unvalidated,2024010519098,2024,010519098,1,9,0,99,9,9,99,9,9,99,9,99,2,9,6,2,34,6,-1,-1,-1,-1,1,1,E01001549,0
Unvalidated,2024010519098,2024,010519098,2,9,0,99,9,9,99,9,9,99,9,99,1,9,6,3,-1,-1,-1,-1,-1,-1,-1,-1,-1,0
Unvalidated,2024010519100,2024,010519100,1,9,0,99,9,9,99,9,9,99,9,99,1,9,6,3,-1,-1,-1,-1,-1,-1,7,1,E01002827,0
Unvalidated,2024010519102,2024,010519102,1,9,0,5,0,5,0,2,0,0,0,0,0,1,6,1,50,8,-1,-1,-1,-1,-1,-1,-1,0
Unvalidated,2024010519102,2024,010519102,2,1,0,18,1,5,0,2,0,0,0,0,1,1,6,1,46,8,-1,-1,-1,-1,3,1,E01000929,0
Unvalidated,2024010519103,2024,010519103,1,9,3,7,7,2,0,1,0,0,0,0,4,1,6,2,24,5,-1,-1,-1,-1,2,1,E01004238,0
Unvalidated,2024010519103,2024,010519103,2,1,0,18,7,3,4,1,0,0,0,0,1,1,6,1,47,8,-1,-1,-1,-1,3,1,E01003630,0
Unvalidated,2024010519104,2024,010519104,1,11,0,9,5,2,0,8,0,0,0,0,4,1,1,1,59,9,-1,-1,-1,-1,1,1,E01033701,0
Unvalidated,2024010519104,2024,010519104,2,5,0,18,1,5,2,8,1,0,0,0,1,1,6,1,29,6,-1,-1,-1,-1,4,1,E01001404,0
Unvalidated,2024010519106,2024,010519106,1,1,9,99,9,9,99,0,9,99,9,99,1,1,6,2,41,7,-1,-1,-1,-1,5,1,E01033494,0
Unvalidated,2024010519106,2024,010519106,2,9,0,99,9,9,99,0,9,99,9,99,9,9,6,3,-1,-1,-1,-1,-1,-1,-1,-1,-1,0
Unvalidated,2024010519108,2024,010519108,1,9,0,16,1,5,0,1,0,0,0,0,1,1,1,1,48,8,-1,-1,-1,-1,6,1,E01001309,0
Unvalidated,2024010519108,2024,010519108,2,1,0,17,3,7,0,1,0,0,0,0,1,1,6,1,11,3,-1,-1,-1,-1,6,1,E01001309,0
Unvalidated,2024010519109,2024,010519109,1,1,9,99,9,9,99,1,9,99,9,99,1,1,2,2,22,5,-1,-1,-1,-1,7,1,E01015876,0
Unvalidated,2024010519109,2024,010519109,2,9,0,99,9,9,99,6,9,99,9,99,9,9,6,3,-1,-1,-1,-1,-1,-1,-1,-1,-1,0
Unvalidated,2024010519111,2024,010519111,1,9,0,18,5,1,0,0,0,0,0,0,1,1,6,1,47,8,-1,-1,-1,-1,5,1,E01023575,0
Unvalidated,2024010519115,2024,010519115,1,9,0,99,9,9,99,9,9,99,9,99,9,9,6,1,46,8,-1,-1,-1,-1,4,1,E01003409,0
Unvalidated,2024010519115,2024,010519115,2,9,0,99,9,9,99,9,9,99,9,99,1,9,6,3,-1,-1,-1,-1,-1,-1,6,1,E01001040,0
Unvalidated,2024010519117,2024,010519117,1,9,0,7,1,2,0,1,0,0,0,0,1,1,1,1,26,6,-1,-1,-1,-1,4,1,E01033589,0
Unvalidated,2024010519117,2024,010519117,2,1,0,18,1,5,0,1,0,0,0,0,1,1,6,1,18,4,-1,-1,-1,-1,2,1,E01033591,0
Unvalidated,2024010519118,2024,010519118,1,9,0,18,6,2,0,8,0,10,4,1,3,1,6,1,48,8,-1,-1,-1,-1,3,1,E01031350,0
Unvalidated,2024010519118,2024,010519118,2,19,0,5,5,1,0,8,0,0,0,0,1,1,6,1,46,8,-1,-1,-1,-1,2,1,E01002615,0
Unvalidated,2024010519121,2024,010519121,1,9,0,6,1,1,0,0,0,0,1,11,1,1,6,2,33,6,-1,-1,-1,-1,4,1,E01004049,0
Unvalidated,2024010519123,2024,010519123,1,11,0,5,1,5,0,0,0,0,0,0,4,1,1,1,66,10,-1,-1,-1,-1,3,1,E01003348,0
Unvalidated,2024010519126,2024,010519126,1,11,0,9,1,6,0,1,0,0,0,0,3,1,1,1,28,6,-1,-1,-1,-1,3,1,E01003960,0
Unvalidated,2024010519128,2024,010519128,1,3,0,9,1,7,0,2,0,0,0,0,1,1,6,1,27,6,-1,-1,-1,-1,2,1,E01001651,0
Unvalidated,2024010519128,2024,010519128,2,9,0,7,5,8,0,2,0,0,0,0,3,1,6,2,41,7,-1,-1,-1,-1,4,3,E01024624,0
Unvalidated,2024010519130,2024,010519130,1,8,9,99,9,9,99,9,9,99,9,99,9,9,6,1,67,10,-1,-1,-1,-1,2,1,E01001693,0
Unvalidated,2024010519131,2024,010519131,1,9,0,4,1,5,0,8,0,0,0,0,2,1,6,1,45,7,-1,-1,-1,-1,3,1,E01002350,0
Unvalidated,2024010519131,2024,010519131,2,9,0,18,1,5,0,8,1,0,0,0,1,1,6,1,53,8,-1,-1,-1,-1,8,1,E01002322,0
Unvalidated,2024010519132,2024,010519132,1,1,0,18,3,7,0,0,5,0,0,0,1,1,6,1,34,6,-1,-1,-1,-1,-1,-1,-1,0
Unvalidated,2024010519132,2024,010519132,2,9,0,2,0,0,9,0,0,0,0,0,4,1,6,3,-1,-1,-1,-1,-1,-1,-1,-1,-1,0
Unvalidated,2024010519132,2024,010519132,3,19,0,18,7,3,0,0,0,0,0,0,0,1,1,1,36,7,-1,-1,-1,-1,6,1,E01033308,0
Unvalidated,2024010519136,2024,010519136,1,9,0,18,5,1,0,3,0,0,0,0,1,2,6,1,25,5,-1,-1,-1,-1,2,1,E01000904,0
Unvalidated,2024010519136,2024,010519136,2,5,0,4,5,1,0,3,0,0,0,0,2,1,6,1,41,7,-1,-1,-1,-1,3,1,E01003388,0
Unvalidated,2024010519141,2024,010519141,1,9,0,7,5,7,0,1,0,0,0,0,2,1,6,2,36,7,-1,-1,-1,-1,4,1,E01033725,0
Unvalidated,2024010519145,2024,010519145,1,3,0,18,1,5,0,1,0,0,0,0,3,1,6,1,24,5,-1,-1,-1,-1,3,1,E01001089,0
Unvalidated,2024010519145,2024,010519145,2,9,0,18,1,5,0,1,0,0,0,0,1,1,6,3,-1,-1,-1,-1,-1,-1,-1,-1,-1,0
Unvalidated,2024010519146,2024,010519146,1,9,0,3,9,9,99,1,9,99,9,99,2,9,6,1,26,6,-1,-1,-1,-1,1,1,E01033598,0
Unvalidated,2024010519146,2024,010519146,2,9,9,18,9,9,99,1,9,99,9,99,9,9,6,1,25,5,-1,-1,-1,-1,1,1,E01033604,0
Unvalidated,2024010519149,2024,010519149,1,9,0,18,5,1,0,4,0,10,1,11,1,1,6,1,40,7,-1,-1,-1,-1,5,1,E01002245,0
Unvalidated,2024010519152,2024,010519152,1,9,0,5,7,3,0,1,0,0,0,0,1,1,6,1,38,7,-1,-1,-1,-1,1,1,E01004248,0
Unvalidated,2024010519153,2024,010519153,1,1,9,99,9,9,99,9,9,99,9,99,1,1,6,1,25,5,-1,-1,-1,-1,3,1,E01003978,0
Unvalidated,2024010519153,2024,010519153,2,9,0,99,9,9,99,9,9,99,9,99,1,9,6,3,-1,-1,-1,-1,-1,-1,4,1,E01003690,0
Unvalidated,2024010519157,2024,010519157,1,9,0,18,1,5,0,1,0,0,0,0,2,1,6,3,-1,-1,-1,-1,-1,-1,-1,-1,-1,0
Unvalidated,2024010519160,2024,010519160,1,9,0,18,7,3,0,1,0,4,0,0,1,1,6,2,49,8,-1,-1,-1,-1,7,1,E01002272,0
Unvalidated,2024010519160,2024,010519160,2,9,0,2,0,0,0,1,0,0,0,0,2,1,6,3,-1,-1,-1,-1,-1,-1,-1,-1,-1,0
Unvalidated,2024010519163,2024,010519163,1,9,0,18,3,7,9,1,1,0,0,0,1,1,6,1,22,5,-1,-1,-1,-1,-1,-1,-1,0
Unvalidated,2024010519163,2024,010519163,2,9,0,18,3,7,0,1,0,0,0,0,0,1,1,1,34,6,-1,-1,-1,-1,9,1,E01003356,0
Unvalidated,2024010519164,2024,010519164,1,9,0,18,5,1,9,0,0,10,0,0,1,1,6,1,32,6,-1,-1,-1,-1,8,1,E01002181,0
Unvalidated,2024010519164,2024,010519164,2,9,0,2,0,0,9,0,0,0,0,0,2,1,6,3,-1,-1,-1,-1,-1,-1,-1,-1,-1,0
Unvalidated,2024010519167,2024,010519167,1,3,0,18,1,5,0,1,0,0,0,0,1,1,1,1,26,6,-1,-1,-1,-1,3,1,E01024372,0
Unvalidated,2024010519167,2024,010519167,2,9,0,5,3,7,0,1,0,0,0,0,1,1,6,2,27,6,-1,-1,-1,-1,3,1,E01004453,0
Unvalidated,2024010519168,2024,010519168,1,9,0,3,3,7,0,1,0,0,0,0,2,1,6,2,23,5,-1,-1,-1,-1,6,1,E01004176,0
Unvalidated,2024010519168,2024,010519168,2,9,0,3,3,7,0,1,0,0,0,0,2,1,2,1,38,7,-1,-1,-1,-1,2,1,E01004242,0
Unvalidated,2024010519168,2024,010519168,3,9,0,3,3,7,0,1,0,0,0,0,2,1,1,1,31,6,-1,-1,-1,-1,1,1,E01004304,0
Unvalidated,2024010519168,2024,010519168,4,9,0,18,3,7,0,1,0,0,0,0,1,1,6,1,29,6,-1,-1,-1,-1,4,1,E01000134,0
Unvalidated,2024010519171,2024,010519171,1,9,0,18,3,7,0,0,0,0,0,0,1,1,6,2,43,7,-1,-1,-1,-1,3,1,E01002151,0
Unvalidated,2024010519171,2024,010519171,2,9,0,2,0,0,0,0,0,0,0,0,2,1,6,3,-1,-1,-1,-1,-1,-1,-1,-1,-1,0
Unvalidated,2024010519173,2024,010519173,1,9,0,9,7,5,0,1,0,0,0,0,1,1,6,3,-1,-1,-1,-1,-1,-1,-1,-1,-1,0
Unvalidated,2024010519173,2024,010519173,2,1,0,18,5,1,9,1,0,0,0,0,1,1,6,1,29,6,-1,-1,-1,-1,3,1,E01003520,0
Unvalidated,2024010519174,2024,010519174,1,9,0,18,5,1,0,8,0,0,0,0,1,1,6,3,-1,-1,-1,-1,-1,-1,-1,-1,-1,0
Unvalidated,2024010519175,2024,010519175,1,9,0,18,7,3,0,1,0,0,0,0,1,1,2,1,46,8,-1,-1,-1,-1,3,1,E01000020,0
Unvalidated,2024010519175,2024,010519175,2,1,0,18,5,1,0,6,0,0,1,0,1,1,6,1,26,6,-1,-1,-1,-1,6,1,E01003738,0
Unvalidated,2024010519175,2024,010519175,3,9,0,3,1,5,0,1,0,0,0,0,0,1,6,1,23,5,-1,-1,-1,-1,6,1,E01003754,0
Unvalidated,2024010519183,2024,010519183,1,9,9,99,9,9,99,0,9,99,9,99,9,9,6,3,-1,-1,-1,-1,-1,-1,-1,-1,-1,0
Unvalidated,2024010519185,2024,010519185,1,9,0,18,7,3,0,1,0,0,0,0,2,1,6,2,39,7,-1,-1,-1,-1,10,1,E01021614,0
Unvalidated,2024010519185,2024,010519185,2,8,0,18,7,3,0,1,0,0,0,0,1,1,1,2,40,7,-1,-1,-1,-1,4,1,E01002369,0
Unvalidated,2024010519187,2024,010519187,1,3,9,99,9,9,99,0,9,99,9,99,1,1,1,1,27,6,-1,-1,-1,-1,5,1,E01000494,0
Unvalidated,2024010519187,2024,010519187,2,9,9,99,9,9,99,0,9,99,9,99,9,9,6,3,-1,-1,-1,-1,-1,-1,-1,-1,-1,0
Unvalidated,2024010519190,2024,010519190,1,1,9,99,9,9,99,9,9,99,9,99,9,1,6,1,26,6,-1,-1,-1,-1,3,1,E01002413,0
Unvalidated,2024010519191,2024,010519191,1,9,0,18,1,5,0,0,5,4,0,0,1,1,6,1,26,6,-1,-1,-1,-1,4,1,E01003543,0
Unvalidated,2024010519191,2024,010519191,2,9,0,2,0,0,0,0,0,0,0,0,1,1,6,3,-1,-1,-1,-1,-1,-1,-1,-1,-1,0
Unvalidated,2024010519191,2024,010519191,3,9,0,2,0,0,0,0,0,0,0,0,1,1,6,3,-1,-1,-1,-1,-1,-1,-1,-1,-1,0
Unvalidated,2024010519191,2024,010519191,4,9,0,2,0,0,0,0,0,0,0,0,2,1,6,3,-1,-1,-1,-1,-1,-1,-1,-1,-1,0
Unvalidated,2024010519197,2024,010519197,1,1,9,99,9,9,99,9,9,99,9,99,1,1,2,1,18,4,-1,-1,-1,-1,2,1,E01003604,0