status,collision_index,collision_year,collision_reference,vehicle_reference,vehicle_type,towing_and_articulation,vehicle_manoeuvre,vehicle_direction_from,vehicle_direction_to,vehicle_location_restricted_lane,junction_location,skidding_and_overturning,hit_object_in_carriageway,vehicle_leaving_carriageway,hit_object_off_carriageway,first_point_of_impact,vehicle_left_hand_drive,journey_purpose_of_driver,sex_of_driver,age_of_driver,age_band_of_driver,engine_capacity_cc,propulsion_code,age_of_vehicle,generic_make_model,driver_imd_decile,driver_home_area_type,lsoa_of_driver,escooter_flag
Unvalidated,2024010519197,2024,010519197,2,9,0,99,9,9,99,9,9,99,9,99,9,9,6,3,-1,-1,-1,-1,-1,-1,-1,-1,-1,0
Unvalidated,2024010519202,2024,010519202,1,1,0,18,1,5,0,3,0,0,0,0,2,1,6,1,25,5,-1,-1,-1,-1,8,1,E01002837,0
Unvalidated,2024010519210,2024,010519210,1,8,0,3,3,7,0,1,0,0,0,0,2,1,1,1,60,9,-1,-1,-1,-1,5,1,E01004522,0
Unvalidated,2024010519210,2024,010519210,2,1,0,18,3,7,0,1,5,4,0,0,1,1,6,1,17,4,-1,-1,-1,-1,5,1,E01000850,0
Unvalidated,2024010519213,2024,010519213,1,9,9,99,9,9,99,9,9,99,9,99,9,9,6,3,42,7,-1,-1,-1,-1,8,1,E01030829,0
Unvalidated,2024010519213,2024,010519213,2,20,9,99,9,9,99,9,9,99,9,99,9,9,6,1,55,8,-1,-1,-1,-1,8,1,E01004081,0
Unvalidated,2024010519215,2024,010519215,1,9,0,18,1,5,0,2,0,0,0,0,3,1,6,1,35,6,-1,-1,-1,-1,9,1,E01004598,0
Unvalidated,2024010519215,2024,010519215,2,9,0,18,5,1,0,1,0,0,0,0,3,1,6,1,37,7,-1,-1,-1,-1,1,1,E01003065,0
Unvalidated,2024010519215,2024,010519215,3,9,0,18,5,1,0,1,1,0,0,0,3,1,6,1,47,8,-1,-1,-1,-1,2,1,E01003975,0
Unvalidated,2024010519221,2024,010519221,1,9,0,16,1,5,0,8,0,0,0,0,1,1,6,2,35,6,-1,-1,-1,-1,-1,-1,-1,0
Unvalidated,2024010519221,2024,010519221,2,9,0,15,5,1,0,8,0,0,0,0,1,1,6,1,29,6,-1,-1,-1,-1,3,1,E01004630,0
Unvalidated,2024010519222,2024,010519222,1,9,0,18,1,5,0,2,0,0,0,0,1,1,6,1,55,8,-1,-1,-1,-1,3,1,E01002612,0
Unvalidated,2024010519222,2024,010519222,2,9,0,18,5,1,0,2,0,0,0,0,1,1,2,1,19,4,-1,-1,-1,-1,5,1,E01002489,0
Unvalidated,2024010519224,2024,010519224,1,1,9,99,9,9,99,0,9,99,9,99,9,1,1,3,20,4,-1,-1,-1,-1,6,1,E01001867,0
Unvalidated,2024010519224,2024,010519224,2,19,0,99,9,9,99,0,9,99,9,99,9,9,6,1,66,10,-1,-1,-1,-1,2,1,E01004404,0
Unvalidated,2024010519225,2024,010519225,1,5,0,99,9,9,99,9,9,99,9,99,2,1,6,1,29,6,-1,-1,-1,-1,8,1,E01003649,0
Unvalidated,2024010519225,2024,010519225,2,9,0,99,9,9,99,9,9,99,9,99,1,9,6,3,-1,-1,-1,-1,-1,-1,-1,-1,-1,0
Unvalidated,2024010519227,2024,010519227,1,9,0,18,5,1,0,8,0,0,0,0,1,1,6,2,34,6,-1,-1,-1,-1,5,1,E01001647,0
Unvalidated,2024010519227,2024,010519227,2,3,0,3,5,1,0,8,0,0,0,0,2,1,1,1,31,6,-1,-1,-1,-1,5,1,E01001646,0
Unvalidated,2024010519230,2024,010519230,1,3,0,13,3,7,0,1,0,0,0,0,1,1,6,1,28,6,-1,-1,-1,-1,1,1,E01002081,0
Unvalidated,2024010519230,2024,010519230,2,19,0,10,3,1,0,1,0,0,0,0,3,1,1,1,25,5,-1,-1,-1,-1,2,1,E01001515,0
Unvalidated,2024010519232,2024,010519232,1,8,0,99,9,9,99,9,9,99,9,99,2,9,2,1,64,9,-1,-1,-1,-1,6,1,E01004359,0
Unvalidated,2024010519232,2024,010519232,2,9,0,99,9,9,99,9,9,99,9,99,2,9,6,3,-1,-1,-1,-1,-1,-1,3,1,E01002070,0
Unvalidated,2024010519242,2024,010519242,1,1,0,18,7,3,4,1,0,0,0,0,3,1,6,1,33,6,-1,-1,-1,-1,-1,-1,-1,0
Unvalidated,2024010519242,2024,010519242,2,9,0,7,6,8,0,5,0,0,0,0,3,1,6,3,-1,-1,-1,-1,-1,-1,-1,-1,-1,0
Unvalidated,2024010519246,2024,010519246,1,9,0,17,3,7,0,3,0,0,0,0,1,1,6,1,64,9,-1,-1,-1,-1,7,2,E01024375,0
Unvalidated,2024010519246,2024,010519246,2,4,0,15,3,7,0,3,0,0,0,0,2,1,6,1,31,6,-1,-1,-1,-1,2,1,E01032805,0
Unvalidated,2024010519251,2024,010519251,1,9,0,18,5,1,0,1,0,0,0,0,4,1,1,1,51,8,-1,-1,-1,-1,7,1,E01032776,0
Unvalidated,2024010519253,2024,010519253,1,9,0,99,9,9,99,9,9,99,9,99,9,9,6,3,-1,-1,-1,-1,-1,-1,7,1,E01030859,0
Unvalidated,2024010519257,2024,010519257,1,9,0,18,7,3,0,0,0,0,0,0,2,1,6,1,54,8,-1,-1,-1,-1,3,1,E01016846,0
Unvalidated,2024010519257,2024,010519257,2,9,0,18,7,3,0,0,0,0,0,0,1,1,6,1,28,6,-1,-1,-1,-1,3,1,E01001391,0
Unvalidated,2024010519263,2024,010519263,1,1,9,99,9,9,99,9,9,99,9,99,9,1,2,1,32,6,-1,-1,-1,-1,3,1,E01004019,0
Unvalidated,2024010519263,2024,010519263,2,19,0,99,9,9,99,9,9,99,9,99,9,9,6,3,-1,-1,-1,-1,-1,-1,-1,-1,-1,0
Unvalidated,2024010519264,2024,010519264,1,9,0,18,7,3,0,6,0,0,0,0,1,1,6,1,54,8,-1,-1,-1,-1,2,1,E01001361,0
Unvalidated,2024010519265,2024,010519265,1,19,0,18,1,5,0,1,0,0,0,0,1,2,1,1,49,8,-1,-1,-1,-1,2,1,E01003302,0
Unvalidated,2024010519265,2024,010519265,2,9,0,7,7,1,0,2,0,0,0,0,2,2,6,2,39,7,-1,-1,-1,-1,5,1,E01003198,0
Unvalidated,2024010519265,2024,010519265,3,19,0,18,3,7,0,1,0,0,0,0,1,2,6,1,50,8,-1,-1,-1,-1,6,1,E01033738,0
Unvalidated,2024010519266,2024,010519266,1,5,0,18,5,1,0,2,0,0,1,0,1,1,6,1,23,5,-1,-1,-1,-1,1,1,E01000858,0
Unvalidated,2024010519269,2024,010519269,1,9,0,18,5,1,0,2,0,4,0,0,1,1,6,1,37,7,-1,-1,-1,-1,4,1,E01004401,0
Unvalidated,2024010519269,2024,010519269,2,9,0,2,0,0,0,2,0,0,0,0,3,1,6,3,-1,-1,-1,-1,-1,-1,-1,-1,-1,0
Unvalidated,2024010519271,2024,010519271,1,9,0,7,5,7,0,3,0,0,0,0,1,1,6,1,81,11,-1,-1,-1,-1,6,1,E01001519,0
Unvalidated,2024010519271,2024,010519271,2,1,0,9,1,8,0,4,0,0,0,0,3,1,6,1,11,3,-1,-1,-1,-1,5,1,E01003700,0
Unvalidated,2024010519272,2024,010519272,1,19,0,18,7,3,0,1,0,8,0,0,1,1,6,3,-1,-1,-1,-1,-1,-1,-1,-1,-1,0
Unvalidated,2024010519272,2024,010519272,2,9,0,7,3,5,0,1,0,0,0,0,3,1,6,1,22,5,-1,-1,-1,-1,2,1,E01001830,0
Unvalidated,2024010519277,2024,010519277,1,9,0,18,7,3,0,7,0,0,0,0,1,1,6,2,62,9,-1,-1,-1,-1,-1,-1,-1,0
Unvalidated,2024010519277,2024,010519277,2,11,0,18,5,1,0,8,0,0,0,0,4,1,1,1,60,9,-1,-1,-1,-1,8,1,E01004479,0
Unvalidated,2024010519282,2024,010519282,1,9,0,99,9,9,99,9,9,99,9,99,9,9,6,2,30,6,-1,-1,-1,-1,1,1,E01015736,0
Unvalidated,2024010519286,2024,010519286,1,1,9,99,9,9,99,9,9,99,9,99,2,1,6,2,53,8,-1,-1,-1,-1,3,1,E01001117,0
Unvalidated,2024010519286,2024,010519286,2,98,0,99,9,9,99,9,9,99,9,99,1,9,6,3,25,5,-1,-1,-1,-1,4,1,E01000997,0
Unvalidated,2024010519288,2024,010519288,1,9,0,99,9,9,99,0,9,99,9,99,2,9,6,2,59,9,-1,-1,-1,-1,3,1,E01000392,0
Unvalidated,2024010519289,2024,010519289,1,9,0,5,5,1,0,8,0,0,0,0,0,1,6,1,29,6,-1,-1,-1,-1,2,1,E01000470,0
Unvalidated,2024010519289,2024,010519289,2,3,0,14,3,7,0,1,1,0,1,0,0,1,1,1,28,6,-1,-1,-1,-1,4,1,E01024179,0
Unvalidated,2024010519290,2024,010519290,1,9,0,99,9,9,99,9,9,99,9,99,9,9,6,2,56,9,-1,-1,-1,-1,6,1,E01003223,0
Unvalidated,2024010519290,2024,010519290,2,1,9,99,9,9,99,9,9,99,9,99,9,1,6,1,28,6,-1,-1,-1,-1,-1,-1,-1,0
Unvalidated,2024010519291,2024,010519291,1,8,9,99,9,9,99,0,9,99,9,99,9,9,6,3,-1,-1,-1,-1,-1,-1,-1,-1,-1,0
Unvalidated,2024010519292,2024,010519292,1,9,0,99,9,9,99,9,9,99,9,99,9,9,6,3,-1,-1,-1,-1,-1,-1,-1,-1,-1,0
Unvalidated,2024010519292,2024,010519292,2,1,9,99,9,9,99,9,9,99,9,99,2,1,6,1,25,5,-1,-1,-1,-1,1,1,E01002092,0
Unvalidated,2024010519293,2024,010519293,1,9,5,7,3,5,0,6,5,10,1,11,1,1,6,2,21,5,-1,-1,-1,-1,2,1,E01001439,0
Unvalidated,2024010519295,2024,010519295,1,9,0,3,1,5,0,1,0,0,0,0,4,1,6,1,42,7,-1,-1,-1,-1,7,1,E01004635,0
Unvalidated,2024010519295,2024,010519295,2,9,0,3,1,5,0,1,0,0,0,0,3,1,6,1,45,7,-1,-1,-1,-1,9,1,E01001926,0
Unvalidated,2024010519300,2024,010519300,1,9,0,99,9,9,99,9,9,99,9,99,2,9,1,1,37,7,-1,-1,-1,-1,7,1,E01003696,0
Unvalidated,2024010519300,2024,010519300,2,9,0,99,9,9,99,9,9,99,9,99,2,9,6,3,-1,-1,-1,-1,-1,-1,-1,-1,-1,0
Unvalidated,2024010519306,2024,010519306,1,11,0,18,5,1,0,0,0,0,0,0,1,1,1,1,51,8,-1,-1,-1,-1,2,1,E01003044,0
Unvalidated,2024010519309,2024,010519309,1,9,0,18,7,3,0,8,0,0,0,0,1,1,6,1,51,8,-1,-1,-1,-1,2,1,E01004242,0
Unvalidated,2024010519309,2024,010519309,2,9,0,18,5,1,0,8,0,0,0,0,1,1,1,1,26,6,-1,-1,-1,-1,2,1,E01001486,0
Unvalidated,2024010519313,2024,010519313,1,9,0,18,3,7,0,0,0,0,0,0,3,1,6,3,-1,-1,-1,-1,-1,-1,-1,-1,-1,0
Unvalidated,2024010519313,2024,010519313,2,1,0,3,3,7,0,0,0,8,0,0,3,1,6,2,37,7,-1,-1,-1,-1,5,1,E01003018,0
Unvalidated,2024010519315,2024,010519315,1,9,0,18,3,7,0,0,5,4,0,0,1,1,6,2,29,6,-1,-1,-1,-1,2,1,E01004615,0
Unvalidated,2024010519315,2024,010519315,2,9,0,2,0,0,0,0,0,0,0,0,0,1,6,3,-1,-1,-1,-1,-1,-1,-1,-1,-1,0
Unvalidated,2024010519330,2024,010519330,1,3,0,3,9,9,99,9,9,99,9,99,1,1,1,1,32,6,-1,-1,-1,-1,5,1,E01001859,0
Unvalidated,2024010519330,2024,010519330,2,9,9,18,9,9,99,9,9,99,9,99,9,9,6,3,-1,-1,-1,-1,-1,-1,-1,-1,-1,0
Unvalidated,2024010519332,2024,010519332,1,9,0,4,5,1,0,0,0,0,0,0,2,1,6,1,30,6,-1,-1,-1,-1,3,1,E01003615,0
Unvalidated,2024010519332,2024,010519332,2,9,0,18,5,1,0,0,0,0,0,0,1,1,6,1,-1,-1,-1,-1,-1,-1,-1,-1,-1,0
Unvalidated,2024010519338,2024,010519338,1,3,9,13,9,9,99,9,9,99,9,99,9,1,1,1,38,7,-1,-1,-1,-1,4,1,E01000616,0
Unvalidated,2024010519338,2024,010519338,2,9,9,6,9,9,99,9,9,99,9,99,1,9,6,3,-1,-1,-1,-1,-1,-1,-1,-1,-1,0
Unvalidated,2024010519339,2024,010519339,1,9,9,18,5,1,99,9,9,99,9,99,9,9,6,2,62,9,-1,-1,-1,-1,6,1,E01003375,0
Unvalidated,2024010519339,2024,010519339,2,20,9,18,1,5,99,9,9,99,9,99,9,9,6,1,-1,-1,-1,-1,-1,-1,-1,-1,-1,0
Unvalidated,2024010519341,2024,010519341,1,9,0,99,9,9,99,9,9,99,9,99,9,9,1,1,46,8,-1,-1,-1,-1,9,1,E01002516,0
Unvalidated,2024010519341,2024,010519341,2,9,0,99,9,9,99,9,9,99,9,99,9,9,6,3,-1,-1,-1,-1,-1,-1,-1,-1,-1,0
Unvalidated,2024010519346,2024,010519346,1,9,0,99,9,9,99,9,9,99,9,99,2,9,6,1,24,5,-1,-1,-1,-1,8,1,E01001924,0
Unvalidated,2024010519346,2024,010519346,2,5,0,99,9,9,99,9,9,99,9,99,9,1,6,1,36,7,-1,-1,-1,-1,4,1,E01003147,0
Unvalidated,2024010519347,2024,010519347,1,9,9,1,6,4,99,9,9,99,1,99,2,9,6,1,-1,-1,-1,-1,-1,-1,-1,-1,-1,0
Unvalidated,2024010519349,2024,010519349,1,90,0,18,3,7,9,0,0,0,9,0,9,1,6,1,-1,-1,-1,-1,-1,-1,2,1,E01002368,1
Unvalidated,2024010519356,2024,010519356,1,9,0,99,9,9,99,0,9,99,9,99,2,9,6,1,43,7,-1,-1,-1,-1,10,1,E01000448,0
Unvalidated,2024010519356,2024,010519356,2,9,0,99,9,9,99,0,9,99,9,99,1,9,6,1,26,6,-1,-1,-1,-1,6,1,E01024276,0
Unvalidated,2024010519363,2024,010519363,1,1,0,18,3,7,0,6,0,0,0,0,1,1,6,1,29,6,-1,-1,-1,-1,4,1,E01003714,0
Unvalidated,2024010519363,2024,010519363,2,19,0,18,3,7,0,6,0,0,0,0,1,1,6,1,32,6,-1,-1,-1,-1,1,1,E01001847,0
Unvalidated,2024010519367,2024,010519367,1,3,0,18,9,9,99,9,9,99,9,99,1,1,1,1,30,6,-1,-1,-1,-1,1,1,E01000596,0
Unvalidated,2024010519367,2024,010519367,2,9,9,1,9,9,99,9,9,99,9,99,9,9,6,3,-1,-1,-1,-1,-1,-1,-1,-1,-1,0
Unvalidated,2024010519369,2024,010519369,1,1,9,99,9,9,99,9,9,99,9,99,9,1,6,2,38,7,-1,-1,-1,-1,2,1,E01004394,0
Unvalidated,2024010519369,2024,010519369,2,9,0,99,9,9,99,9,9,99,9,99,1,9,6,3,71,10,-1,-1,-1,-1,3,1,E01001789,0
Unvalidated,2024010519373,2024,010519373,1,1,9,99,9,9,99,9,9,99,9,99,2,1,1,1,62,9,-1,-1,-1,-1,5,1,E01004071,0
Unvalidated,2024010519373,2024,010519373,2,97,0,99,9,9,99,9,9,99,9,99,9,1,6,3,-1,-1,-1,-1,-1,-1,-1,-1,-1,0
Unvalidated,2024010519375,2024,010519375,1,9,0,1,3,7,0,6,0,0,0,0,2,9,6,3,40,7,-1,-1,-1,-1,5,1,E01001201,0
Unvalidated,2024010519377,2024,010519377,1,19,0,99,9,9,99,9,9,99,9,99,3,9,6,3,-1,-1,-1,-1,-1,-1,3,1,E01002701,0
Unvalidated,2024010519377,2024,010519377,2,9,0,99,9,9,99,9,9,99,9,99,3,9,2,1,31,6,-1,-1,-1,-1,9,1,E01023834,0
Unvalidated,2024010519379,2024,010519379,1,1,9,99,9,9,99,9,9,99,9,99,1,1,6,3,-1,-1,-1,-1,-1,-1,-1,-1,-1,0
Unvalidated,2024010519379,2024,010519379,2,9,9,99,9,9,99,9,9,99,9,99,9,9,6,3,-1,-1,-1,-1,-1,-1,-1,-1,-1,0
Unvalidated,2024010519386,2024,010519386,1,11,0,99,9,9,99,9,9,99,9,99,1,9,6,1,27,6,-1,-1,-1,-1,2,1,E01001320,0
Unvalidated,2024010519387,2024,010519387,1,9,0,99,9,9,4,3,0,99,9,99,4,9,6,3,-1,-1,-1,-1,-1,-1,-1,-1,-1,0
Unvalidated,2024010519391,2024,010519391,1,3,0,18,9,9,99,9,9,99,9,99,1,1,1,2,32,6,-1,-1,-1,-1,7,1,E01002111,0
Unvalidated,2024010519391,2024,010519391,2,9,9,5,9,9,99,9,9,99,9,99,9,9,6,3,-1,-1,-1,-1,-1,-1,-1,-1,-1,0
Unvalidated,2024010519405,2024,010519405,1,9,0,99,9,9,99,9,9,99,9,99,2,9,6,1,48,8,-1,-1,-1,-1,5,1,E01017913,0
Unvalidated,2024010519405,2024,010519405,2,97,0,99,9,9,99,9,9,99,9,99,0,9,6,3,-1,-1,-1,-1,-1,-1,-1,-1,-1,0
Unvalidated,2024010519407,2024,010519407,1,1,9,99,9,9,99,9,9,99,9,99,1,1,6,1,24,5,-1,-1,-1,-1,4,1,E01003529,0
Unvalidated,2024010519407,2024,010519407,2,9,0,99,9,9,99,9,9,99,9,99,9,9,6,3,-1,-1,-1,-1,-1,-1,-1,-1,-1,0
Unvalidated,2024010519410,2024,010519410,1,1,0,4,1,5,0,1,0,0,0,0,2,1,6,1,12,3,-1,-1,-1,-1,1,1,E01002041,0
Unvalidated,2024010519410,2024,010519410,2,9,0,4,1,5,0,1,0,0,0,0,1,1,6,3,34,6,-1,-1,-1,-1,-1,-1,-1,0
Unvalidated,2024010519414,2024,010519414,1,1,9,99,9,9,99,9,9,99,9,99,1,1,6,2,29,6,-1,-1,-1,-1,3,1,E01004698,0
Unvalidated,2024010519414,2024,010519414,2,9,0,99,9,9,99,9,9,99,9,99,9,9,6,3,-1,-1,-1,-1,-1,-1,-1,-1,-1,0
Unvalidated,2024010519430,2024,010519430,1,3,0,99,9,9,99,9,9,99,9,99,1,1,1,1,28,6,-1,-1,-1,-1,5,1,E01002202,0
Unvalidated,2024010519430,2024,010519430,2,19,0,99,9,9,99,9,9,99,9,99,2,9,6,3,-1,-1,-1,-1,-1,-1,-1,-1,-1,0
Unvalidated,2024010519450,2024,010519450,1,5,0,99,9,9,2,1,9,99,9,99,9,1,6,1,27,6,-1,-1,-1,-1,5,1,E01000398,0
Unvalidated,2024010519450,2024,010519450,2,19,0,99,9,9,99,5,9,99,9,99,9,9,6,3,-1,-1,-1,-1,-1,-1,-1,-1,-1,0
Unvalidated,2024010519455,2024,010519455,1,9,0,99,9,9,99,0,9,99,9,99,2,9,6,2,55,8,-1,-1,-1,-1,8,1,E01002963,0
Unvalidated,2024010519455,2024,010519455,2,9,9,99,9,9,99,0,9,99,0,0,9,9,2,2,39,7,-1,-1,-1,-1,8,1,E01004171,0
Unvalidated,2024010519460,2024,010519460,1,1,9,99,9,9,99,9,9,99,9,99,9,1,2,2,29,6,-1,-1,-1,-1,3,1,E01003979,0
Unvalidated,2024010519460,2024,010519460,2,9,0,99,9,9,99,9,9,99,9,99,1,9,6,2,73,10,-1,-1,-1,-1,5,1,E01004275,0
Unvalidated,2024010519462,2024,010519462,1,1,9,99,9,9,99,9,9,99,9,99,1,1,1,1,46,8,-1,-1,-1,-1,3,1,E01002550,0
Unvalidated,2024010519462,2024,010519462,2,9,9,99,9,9,99,9,9,99,9,99,9,9,6,3,43,7,-1,-1,-1,-1,3,1,E01003587,0
Unvalidated,2024010519517,2024,010519517,1,19,0,99,9,9,99,9,9,99,9,99,2,9,1,1,25,5,-1,-1,-1,-1,4,1,E01001624,0
Unvalidated,2024010519517,2024,010519517,2,1,9,99,9,9,99,9,9,99,9,99,1,1,6,1,-1,-1,-1,-1,-1,-1,-1,-1,-1,0
Unvalidated,2024010519520,2024,010519520,1,9,9,99,9,9,0,1,9,0,0,0,9,9,6,1,80,11,-1,-1,-1,-1,8,1,E01000989,0
Unvalidated,2024010519520,2024,010519520,2,1,9,99,9,9,99,1,9,99,0,0,9,1,6,1,-1,-1,-1,-1,-1,-1,-1,-1,-1,0
Unvalidated,2024010519523,2024,010519523,1,1,9,99,9,9,99,9,9,99,9,99,2,1,6,3,-1,-1,-1,-1,-1,-1,-1,-1,-1,0
Unvalidated,2024010519523,2024,010519523,2,9,0,99,9,9,99,9,9,99,9,99,2,9,6,3,-1,-1,-1,-1,-1,-1,-1,-1,-1,0
Unvalidated,2024010519532,2024,010519532,1,3,0,99,9,9,99,9,9,99,9,99,9,1,1,1,30,6,-1,-1,-1,-1,4,1,E01000171,0
Unvalidated,2024010519532,2024,010519532,2,9,0,99,9,9,99,9,9,99,9,99,1,9,6,3,-1,-1,-1,-1,-1,-1,-1,-1,-1,0
Unvalidated,2024010519642,2024,010519642,1,8,0,99,9,9,99,9,9,99,9,99,9,9,6,3,-1,-1,-1,-1,-1,-1,1,1,E01002026,0
Unvalidated,2024010519642,2024,010519642,2,3,0,99,9,9,99,9,9,99,9,99,9,1,2,1,20,4,-1,-1,-1,-1,5,1,E01001201,0
Unvalidated,2024010519651,2024,010519651,1,3,0,18,7,3,0,8,1,10,1,0,3,1,2,1,24,5,-1,-1,-1,-1,2,1,E01000075,0
Unvalidated,2024010519651,2024,010519651,2,19,0,11,7,3,0,8,0,0,0,0,4,1,6,3,-1,-1,-1,-1,-1,-1,-1,-1,-1,0
Unvalidated,2024010519706,2024,010519706,1,9,0,99,9,9,99,9,9,99,9,99,2,9,6,1,51,8,-1,-1,-1,-1,5,1,E01003640,0
Unvalidated,2024010519706,2024,010519706,2,9,0,99,9,9,99,9,9,99,9,99,2,9,6,3,-1,-1,-1,-1,-1,-1,-1,-1,-1,0
Unvalidated,2024010519710,2024,010519710,1,9,0,99,9,9,99,9,9,99,9,99,9,9,6,1,50,8,-1,-1,-1,-1,1,1,E01002039,0
Unvalidated,2024010519733,2024,010519733,1,2,9,99,9,9,99,9,9,99,9,99,9,1,6,3,-1,-1,-1,-1,-1,-1,-1,-1,-1,0
Unvalidated,2024010519741,2024,010519741,1,1,9,99,9,9,99,9,9,99,9,99,9,1,6,1,27,6,-1,-1,-1,-1,3,1,E01003096,0
Unvalidated,2024010519741,2024,010519741,2,3,9,99,9,9,99,9,9,99,9,99,9,1,6,3,-1,-1,-1,-1,-1,-1,-1,-1,-1,0
Unvalidated,2024010519777,2024,010519777,1,1,9,18,9,9,4,1,9,99,9,99,1,1,6,1,24,5,-1,-1,-1,-1,7,3,E01032084,0
Unvalidated,2024010519777,2024,010519777,2,9,0,13,9,9,99,5,9,99,9,99,1,9,6,3,-1,-1,-1,-1,-1,-1,-1,-1,-1,0
Unvalidated,2024010519781,2024,010519781,1,1,9,99,9,9,99,9,9,99,9,99,9,1,6,2,31,6,-1,-1,-1,-1,4,1,E01033099,0
Unvalidated,2024010519781,2024,010519781,2,8,0,99,9,9,99,9,9,99,9,99,1,9,6,3,-1,-1,-1,-1,-1,-1,-1,-1,-1,0
Unvalidated,2024010519820,2024,010519820,1,1,9,99,9,9,99,9,9,99,9,99,9,1,2,1,43,7,-1,-1,-1,-1,3,1,E01004426,0
Unvalidated,2024010519820,2024,010519820,2,20,0,99,9,9,99,9,9,99,9,99,9,9,6,3,-1,-1,-1,-1,-1,-1,-1,-1,-1,0
Unvalidated,2024010519820,2024,010519820,3,1,9,99,9,9,99,9,9,99,9,99,1,1,6,3,-1,-1,-1,-1,-1,-1,3,1,E01004427,0
Unvalidated,2024010519870,2024,010519870,1,21,0,18,6,2,0,9,0,0,0,0,9,9,6,1,52,8,-1,-1,-1,-1,8,1,E01004593,0
Unvalidated,2024010519870,2024,010519870,2,19,0,99,9,9,0,9,0,99,9,99,9,9,6,3,-1,-1,-1,-1,-1,-1,-1,-1,-1,0
Unvalidated,2024010519876,2024,010519876,1,9,0,18,2,6,0,0,0,0,0,0,1,1,6,1,-1,-1,-1,-1,-1,-1,-1,-1,-1,0
Unvalidated,2024010519892,2024,010519892,1,1,9,9,5,2,99,9,9,0,9,99,9,1,6,1,23,5,-1,-1,-1,-1,2,1,E01003933,0
Unvalidated,2024010519892,2024,010519892,2,97,9,18,1,5,99,9,9,0,9,99,9,1,6,1,55,8,-1,-1,-1,-1,6,1,E01001679,0
Unvalidated,2024010519924,2024,010519924,1,3,0,99,9,9,99,9,9,99,9,99,1,1,6,3,-1,-1,-1,-1,-1,-1,-1,-1,-1,0
Unvalidated,2024010519933,2024,010519933,1,3,0,4,7,3,0,0,5,0,0,0,4,1,6,1,33,6,-1,-1,-1,-1,6,1,E01004501,0
Unvalidated,2024010519968,2024,010519968,1,3,0,99,9,9,99,9,9,99,9,99,9,1,1,1,28,6,-1,-1,-1,-1,5,1,E01000520,0
Unvalidated,2024010519968,2024,010519968,2,9,0,99,9,9,99,9,9,99,9,99,1,9,6,3,-1,-1,-1,-1,-1,-1,-1,-1,-1,0
Unvalidated,2024010519969,2024,010519969,1,3,0,99,9,9,99,9,9,99,9,99,1,1,6,1,31,6,-1,-1,-1,-1,5,1,E01004644,0
Unvalidated,2024010519969,2024,010519969,2,19,0,99,9,9,99,9,9,99,9,99,1,9,6,3,-1,-1,-1,-1,-1,-1,-1,-1,-1,0
Unvalidated,2024010519978,2024,010519978,1,97,9,18,1,5,0,1,9,0,0,0,1,1,6,3,-1,-1,-1,-1,-1,-1,-1,-1,-1,0
Unvalidated,2024010519983,2024,010519983,1,3,0,99,9,9,99,9,9,99,9,99,9,1,1,3,24,5,-1,-1,-1,-1,6,1,E01022679,0
Unvalidated,2024010519983,2024,010519983,2,9,0,99,9,9,99,9,9,99,9,99,9,9,6,3,-1,-1,-1,-1,-1,-1,-1,-1,-1,0
Unvalidated,2024010520044,2024,010520044,1,1,9,99,9,9,99,0,9,99,9,99,1,1,6,1,22,5,-1,-1,-1,-1,4,1,E01001153,0
Unvalidated,2024010520044,2024,010520044,2,9,0,99,9,9,99,0,9,99,9,99,9,9,6,3,-1,-1,-1,-1,-1,-1,-1,-1,-1,0
Unvalidated,2024010520053,2024,010520053,1,9,0,99,9,9,99,0,9,99,9,99,9,9,6,2,49,8,-1,-1,-1,-1,1,1,E01003515,0
Unvalidated,2024010520053,2024,010520053,2,9,0,99,9,9,99,0,9,99,9,99,9,9,6,3,28,6,-1,-1,-1,-1,2,1,E01003509,0
Unvalidated,2024010520055,2024,010520055,1,3,9,99,9,9,9,7,0,11,0,0,9,1,6,3,-1,-1,-1,-1,-1,-1,-1,-1,-1,0
Unvalidated,2024010520105,2024,010520105,1,9,0,99,9,9,99,9,9,99,9,99,2,9,6,2,48,8,-1,-1,-1,-1,5,1,E01000302,0
Unvalidated,2024010520105,2024,010520105,2,9,9,99,9,9,99,9,9,99,9,99,9,9,6,3,-1,-1,-1,-1,-1,-1,-1,-1,-1,0
Unvalidated,2024010520110,2024,010520110,1,9,0,18,5,1,0,8,0,0,0,0,0,9,6,3,-1,-1,-1,-1,-1,-1,-1,-1,-1,0
Unvalidated,2024010520122,2024,010520122,1,1,9,99,9,9,99,9,9,99,9,99,1,1,6,3,-1,-1,-1,-1,-1,-1,-1,-1,-1,0
Unvalidated,2024010520152,2024,010520152,1,97,0,5,1,5,0,8,9,0,0,0,1,1,6,3,-1,-1,-1,-1,-1,-1,-1,-1,-1,0
Unvalidated,2024010520152,2024,010520152,2,1,0,10,2,1,0,5,0,0,0,0,2,1,6,2,16,4,-1,-1,-1,-1,3,1,E01001784,0
Unvalidated,2024010520152,2024,010520152,3,1,0,10,2,1,0,5,0,0,0,0,2,1,6,2,16,4,-1,-1,-1,-1,3,1,E01002706,0