status,collision_index,collision_year,collision_reference,vehicle_reference,vehicle_type,towing_and_articulation,vehicle_manoeuvre,vehicle_direction_from,vehicle_direction_to,vehicle_location_restricted_lane,junction_location,skidding_and_overturning,hit_object_in_carriageway,vehicle_leaving_carriageway,hit_object_off_carriageway,first_point_of_impact,vehicle_left_hand_drive,journey_purpose_of_driver,sex_of_driver,age_of_driver,age_band_of_driver,engine_capacity_cc,propulsion_code,age_of_vehicle,generic_make_model,driver_imd_decile,driver_home_area_type,lsoa_of_driver,escooter_flag
Unvalidated,2024010520153,2024,010520153,1,11,0,5,8,4,0,1,0,0,0,0,0,1,1,1,51,8,-1,-1,-1,-1,2,1,E01003943,0
Unvalidated,2024010520192,2024,010520192,1,9,0,99,9,9,99,9,9,99,9,99,2,9,6,2,58,9,-1,-1,-1,-1,7,1,E01001657,0
Unvalidated,2024010520192,2024,010520192,2,9,9,99,9,9,99,9,9,99,9,99,9,9,6,3,-1,-1,-1,-1,-1,-1,-1,-1,-1,0
Unvalidated,2024010520196,2024,010520196,1,1,9,99,9,9,99,9,9,99,9,99,1,1,6,1,52,8,-1,-1,-1,-1,5,1,E01004616,0
Unvalidated,2024010520196,2024,010520196,2,9,9,99,9,9,99,9,9,99,9,99,9,1,6,3,-1,-1,-1,-1,-1,-1,-1,-1,-1,0
Unvalidated,2024010520263,2024,010520263,1,9,0,4,5,1,0,9,0,0,0,0,1,9,6,3,-1,-1,-1,-1,-1,-1,-1,-1,-1,0
Unvalidated,2024010520377,2024,010520377,1,9,0,99,9,9,99,9,9,99,9,99,1,9,2,2,52,8,-1,-1,-1,-1,8,1,E01015682,0
Unvalidated,2024010520377,2024,010520377,2,20,4,99,9,9,99,9,9,99,9,99,9,9,6,3,55,8,-1,-1,-1,-1,3,1,E01017723,0
Unvalidated,2024010520445,2024,010520445,1,9,0,18,7,3,0,2,1,10,0,0,1,1,6,1,35,6,-1,-1,-1,-1,3,1,E01000335,0
Unvalidated,2024010520526,2024,010520526,1,9,0,3,3,7,0,1,0,0,0,0,1,1,6,1,44,7,-1,-1,-1,-1,2,1,E01003498,0
Unvalidated,2024010520526,2024,010520526,2,1,0,3,3,7,0,1,0,8,0,0,0,1,6,1,59,9,-1,-1,-1,-1,3,1,E01003520,0
Unvalidated,2024010520536,2024,010520536,1,1,9,99,9,9,99,9,9,99,9,99,9,1,6,1,28,6,-1,-1,-1,-1,2,1,E01003988,0
Unvalidated,2024010520536,2024,010520536,2,8,0,99,9,9,99,9,9,99,9,99,9,9,6,3,35,6,-1,-1,-1,-1,4,1,E01004380,0
Unvalidated,2024010520598,2024,010520598,1,1,9,99,9,9,99,9,9,99,9,99,9,1,6,2,25,5,-1,-1,-1,-1,3,1,E01001969,0
Unvalidated,2024010520598,2024,010520598,2,9,0,99,9,9,99,9,9,99,9,99,1,9,6,3,-1,-1,-1,-1,-1,-1,3,1,E01001983,0
Unvalidated,2024010520602,2024,010520602,1,1,9,99,9,9,99,0,9,99,9,99,1,1,2,1,34,6,-1,-1,-1,-1,3,1,E01002130,0
Unvalidated,2024010520602,2024,010520602,2,9,0,99,9,9,99,0,9,99,9,99,9,9,6,3,-1,-1,-1,-1,-1,-1,6,1,E01002126,0
Unvalidated,2024010520604,2024,010520604,1,11,0,99,9,9,99,9,0,99,9,99,1,1,1,2,31,6,-1,-1,-1,-1,1,1,E01003515,0
Unvalidated,2024010520613,2024,010520613,1,9,9,99,9,9,0,9,0,0,0,0,9,9,6,3,-1,-1,-1,-1,-1,-1,-1,-1,-1,0
Unvalidated,2024010520656,2024,010520656,1,1,0,18,1,5,0,1,0,0,0,0,1,1,6,1,23,5,-1,-1,-1,-1,-1,-1,-1,0
Unvalidated,2024010520721,2024,010520721,1,9,0,5,0,5,6,1,0,8,0,0,4,1,6,3,-1,-1,-1,-1,-1,-1,-1,-1,-1,0
Unvalidated,2024010520754,2024,010520754,1,9,9,99,9,9,99,0,9,99,9,99,9,9,6,2,19,4,-1,-1,-1,-1,8,1,E01002333,0
Unvalidated,2024010520754,2024,010520754,2,11,9,99,9,9,99,0,9,99,9,99,9,9,6,3,-1,-1,-1,-1,-1,-1,-1,-1,-1,0
Unvalidated,2024010520756,2024,010520756,1,9,0,99,9,9,99,9,9,99,9,99,2,9,6,1,25,5,-1,-1,-1,-1,2,1,E01003974,0
Unvalidated,2024010520756,2024,010520756,2,97,0,99,9,9,99,9,9,99,9,99,1,1,6,3,-1,-1,-1,-1,-1,-1,-1,-1,-1,0
Unvalidated,2024010520784,2024,010520784,1,1,9,99,9,9,99,9,9,99,9,99,1,1,2,2,34,6,-1,-1,-1,-1,3,1,E01033709,0
Unvalidated,2024010520784,2024,010520784,2,19,9,99,9,9,99,9,9,99,9,99,1,1,6,3,-1,-1,-1,-1,-1,-1,3,1,E01024352,0
Unvalidated,2024010520810,2024,010520810,1,3,9,99,9,9,99,9,9,99,9,99,9,1,6,3,-1,-1,-1,-1,-1,-1,-1,-1,-1,0
Unvalidated,2024010520932,2024,010520932,1,1,9,99,9,9,99,9,9,99,9,99,9,1,6,3,-1,-1,-1,-1,-1,-1,-1,-1,-1,0
Unvalidated,2024010521154,2024,010521154,1,19,0,13,7,3,0,1,0,0,0,0,4,1,6,1,38,7,-1,-1,-1,-1,3,1,E01000128,0
Unvalidated,2024010521154,2024,010521154,2,22,0,18,7,3,0,2,0,0,0,0,3,1,6,1,42,7,-1,-1,-1,-1,3,1,-1,0
Unvalidated,2024010521155,2024,010521155,1,1,9,18,6,2,99,9,9,99,9,99,9,1,6,1,59,9,-1,-1,-1,-1,9,1,E01002988,0
Unvalidated,2024010521155,2024,010521155,2,19,9,99,9,9,99,9,9,99,9,99,9,9,6,3,-1,-1,-1,-1,-1,-1,-1,-1,-1,0
Unvalidated,2024010521174,2024,010521174,1,9,0,99,9,9,99,0,9,99,9,99,2,9,2,1,44,7,-1,-1,-1,-1,2,1,E01001603,0
Unvalidated,2024010521174,2024,010521174,2,9,9,99,9,9,99,0,9,99,9,99,9,9,6,3,-1,-1,-1,-1,-1,-1,-1,-1,-1,0
Unvalidated,2024010521251,2024,010521251,1,9,0,5,9,9,99,0,9,99,9,99,0,9,6,3,50,8,-1,-1,-1,-1,5,1,E01003949,0
Unvalidated,2024010521251,2024,010521251,2,1,9,18,9,9,99,0,9,99,9,99,9,1,2,2,47,8,-1,-1,-1,-1,8,1,E01003225,0
Unvalidated,2024010521313,2024,010521313,1,1,9,18,5,1,0,9,9,99,9,99,9,1,6,1,41,7,-1,-1,-1,-1,4,1,E01003114,0
Unvalidated,2024010521313,2024,010521313,2,9,9,99,9,9,99,9,9,99,9,99,9,9,6,1,-1,-1,-1,-1,-1,-1,-1,-1,-1,0
Unvalidated,2024010521359,2024,010521359,1,1,9,99,9,9,99,9,9,99,9,99,0,1,2,1,32,6,-1,-1,-1,-1,4,1,E01003186,0
Unvalidated,2024010521359,2024,010521359,2,1,9,99,9,9,99,9,9,99,9,99,9,1,6,3,-1,-1,-1,-1,-1,-1,-1,-1,-1,0
Unvalidated,2024010521423,2024,010521423,1,9,0,18,3,7,0,1,0,0,0,0,1,1,3,2,39,7,-1,-1,-1,-1,4,1,E01003494,0
Unvalidated,2024010521446,2024,010521446,1,1,9,4,2,6,0,1,9,0,9,99,9,1,1,1,62,9,-1,-1,-1,-1,6,1,E01030737,0
Unvalidated,2024010521446,2024,010521446,2,9,0,99,9,9,99,1,0,99,0,0,9,9,6,3,-1,-1,-1,-1,-1,-1,-1,-1,-1,0
Unvalidated,2024010521496,2024,010521496,1,3,0,99,9,9,99,0,9,8,9,99,9,1,1,1,36,7,-1,-1,-1,-1,1,1,E01004244,0
Unvalidated,2024010521496,2024,010521496,2,8,0,99,9,9,99,0,9,99,9,99,0,9,6,3,-1,-1,-1,-1,-1,-1,-1,-1,-1,0
Unvalidated,2024010521500,2024,010521500,1,1,9,99,9,9,99,9,9,99,9,99,9,1,2,2,34,6,-1,-1,-1,-1,2,1,E01001754,0
Unvalidated,2024010521500,2024,010521500,2,9,0,99,9,9,99,9,9,99,9,99,1,9,6,3,-1,-1,-1,-1,-1,-1,-1,-1,-1,0
Unvalidated,2024010521593,2024,010521593,1,9,9,1,1,5,0,1,0,0,0,0,1,1,6,3,-1,-1,-1,-1,-1,-1,-1,-1,-1,0
Unvalidated,2024010521875,2024,010521875,1,9,0,99,9,9,99,0,9,99,9,99,9,9,6,2,52,8,-1,-1,-1,-1,10,1,E01000359,0
Unvalidated,2024010521875,2024,010521875,2,1,9,99,9,9,99,0,9,99,9,99,1,1,6,1,-1,-1,-1,-1,-1,-1,8,1,E01000420,0
Unvalidated,2024010522018,2024,010522018,1,9,0,99,9,9,99,9,9,99,9,99,9,9,6,2,40,7,-1,-1,-1,-1,3,1,E01004228,0
Unvalidated,2024010522024,2024,010522024,1,3,0,99,9,9,99,9,9,99,9,99,1,1,1,1,39,7,-1,-1,-1,-1,2,1,E01032564,0
Unvalidated,2024010522024,2024,010522024,2,9,0,99,9,9,99,9,9,99,9,99,9,9,6,3,-1,-1,-1,-1,-1,-1,-1,-1,-1,0
Unvalidated,2024010522073,2024,010522073,1,3,0,99,9,9,99,9,9,99,9,99,9,1,1,1,59,9,-1,-1,-1,-1,6,1,E01001272,0
Unvalidated,2024010522073,2024,010522073,2,19,0,99,9,9,99,9,9,99,9,99,9,9,6,3,-1,-1,-1,-1,-1,-1,-1,-1,-1,0
Unvalidated,2024010522109,2024,010522109,1,9,0,99,9,9,99,9,9,99,9,99,2,9,6,1,57,9,-1,-1,-1,-1,1,1,E01003517,0
Unvalidated,2024010522109,2024,010522109,2,9,0,99,9,9,99,9,9,99,9,99,9,9,6,3,-1,-1,-1,-1,-1,-1,-1,-1,-1,0
Unvalidated,2024010522189,2024,010522189,1,9,9,99,9,9,99,9,9,99,9,99,2,2,6,3,-1,-1,-1,-1,-1,-1,-1,-1,-1,0
Unvalidated,2024010522189,2024,010522189,2,9,9,99,9,9,99,8,9,99,9,99,9,9,6,3,-1,-1,-1,-1,-1,-1,-1,-1,-1,0
Unvalidated,2024010522251,2024,010522251,1,19,0,14,5,1,0,8,0,0,0,0,1,1,6,1,27,6,-1,-1,-1,-1,5,1,E01002584,0
Unvalidated,2024010522251,2024,010522251,2,9,0,18,1,5,0,8,0,0,0,0,1,1,6,2,23,5,-1,-1,-1,-1,4,1,E01000112,0
Unvalidated,2024010522301,2024,010522301,1,9,0,99,9,9,99,9,9,99,9,99,2,9,6,2,51,8,-1,-1,-1,-1,5,1,E01016886,0
Unvalidated,2024010522301,2024,010522301,2,9,0,99,9,9,99,9,9,99,9,99,1,9,6,3,-1,-1,-1,-1,-1,-1,-1,-1,-1,0
Unvalidated,2024010522404,2024,010522404,1,9,0,99,9,9,0,9,0,0,0,0,9,9,6,2,32,6,-1,-1,-1,-1,-1,-1,-1,0
Unvalidated,2024010522869,2024,010522869,1,8,0,3,5,1,0,0,0,0,0,0,3,1,6,1,-1,-1,-1,-1,-1,-1,9,1,E01003648,0
Unvalidated,2024010522869,2024,010522869,2,1,0,14,5,1,0,0,0,8,0,0,4,1,2,1,35,6,-1,-1,-1,-1,-1,-1,-1,0
Unvalidated,2024010523132,2024,010523132,1,9,9,99,9,9,99,9,9,99,9,99,9,9,6,2,36,7,-1,-1,-1,-1,3,1,E01002805,0
Unvalidated,2024010523132,2024,010523132,2,19,9,99,9,9,99,9,9,99,9,99,9,9,6,1,-1,-1,-1,-1,-1,-1,-1,-1,-1,0
Unvalidated,2024010523248,2024,010523248,1,1,9,99,9,9,99,5,9,99,9,99,9,1,2,1,34,6,-1,-1,-1,-1,2,1,E01003489,0
Unvalidated,2024010523248,2024,010523248,2,9,0,99,9,9,99,6,9,99,9,99,1,9,6,3,-1,-1,-1,-1,-1,-1,-1,-1,-1,0
Unvalidated,2024010523296,2024,010523296,1,9,9,99,9,9,99,0,9,0,0,0,2,9,6,1,68,10,-1,-1,-1,-1,2,1,E01003980,0
Unvalidated,2024010523296,2024,010523296,2,9,0,99,9,9,99,0,9,0,0,0,9,9,6,1,-1,-1,-1,-1,-1,-1,-1,-1,-1,0
Unvalidated,2024010523310,2024,010523310,1,1,9,99,9,9,99,9,9,99,9,99,1,1,6,1,23,5,-1,-1,-1,-1,1,1,E01004222,0
Unvalidated,2024010523310,2024,010523310,2,9,0,99,9,9,99,9,9,99,9,99,1,9,6,3,-1,-1,-1,-1,-1,-1,-1,-1,-1,0
Unvalidated,2024010523353,2024,010523353,1,9,0,99,9,9,99,9,9,99,9,99,9,9,6,3,34,6,-1,-1,-1,-1,-1,-1,-1,0
Unvalidated,2024010523353,2024,010523353,2,3,0,99,9,9,99,9,9,99,9,99,9,1,6,1,28,6,-1,-1,-1,-1,6,1,E01001964,0
Unvalidated,2024010523526,2024,010523526,1,3,0,99,9,9,99,9,0,0,0,0,9,1,6,1,-1,-1,-1,-1,-1,-1,3,1,E01002403,0
Unvalidated,2024010523561,2024,010523561,1,9,0,99,9,9,99,9,9,99,9,99,2,9,2,2,49,8,-1,-1,-1,-1,5,1,E01002234,0
Unvalidated,2024010523561,2024,010523561,2,9,0,99,9,9,99,9,9,99,9,99,1,9,6,3,-1,-1,-1,-1,-1,-1,-1,-1,-1,0
Unvalidated,2024010523873,2024,010523873,1,9,0,99,9,9,99,9,9,99,9,99,9,9,6,2,33,6,-1,-1,-1,-1,5,1,E01033592,0
Unvalidated,2024010523873,2024,010523873,2,9,0,99,9,9,99,9,9,99,9,99,9,9,6,3,52,8,-1,-1,-1,-1,2,1,E01000098,0
Unvalidated,2024010523979,2024,010523979,1,1,0,18,3,7,0,4,0,0,0,0,1,1,1,2,46,8,-1,-1,-1,-1,1,1,E01003252,0
Unvalidated,2024010523979,2024,010523979,2,9,0,18,3,7,0,4,0,0,0,0,1,1,1,2,51,8,-1,-1,-1,-1,3,1,E01001690,0
Unvalidated,2024010524019,2024,010524019,1,9,0,99,9,9,99,0,9,99,9,99,9,9,6,3,-1,-1,-1,-1,-1,-1,-1,-1,-1,0
Unvalidated,2024010524257,2024,010524257,1,20,9,99,9,9,99,9,9,99,9,99,9,9,6,3,-1,-1,-1,-1,-1,-1,-1,-1,-1,0
Unvalidated,2024010524257,2024,010524257,2,1,9,99,9,9,99,9,9,99,9,99,9,1,6,1,40,7,-1,-1,-1,-1,2,1,E01003305,0
Unvalidated,2024010524567,2024,010524567,1,9,0,18,5,1,0,6,0,4,0,0,1,1,6,1,56,9,-1,-1,-1,-1,-1,-1,-1,0
Unvalidated,2024010524567,2024,010524567,2,9,0,18,5,1,0,4,0,4,0,0,2,1,6,1,35,6,-1,-1,-1,-1,7,1,E01004156,0
Unvalidated,2024010524725,2024,010524725,1,1,0,99,9,9,0,1,0,99,9,99,9,1,6,1,27,6,-1,-1,-1,-1,-1,-1,-1,0
Unvalidated,2024010525111,2024,010525111,1,3,0,99,9,9,99,9,9,99,9,99,9,1,1,1,30,6,-1,-1,-1,-1,2,1,E01003187,0
Unvalidated,2024010525111,2024,010525111,2,9,0,99,9,9,99,9,9,99,9,99,1,9,6,3,-1,-1,-1,-1,-1,-1,3,1,E01002540,0
Unvalidated,2024010525155,2024,010525155,1,97,0,99,9,9,99,0,9,99,9,99,9,1,2,1,39,7,-1,-1,-1,-1,2,1,E01001181,0
Unvalidated,2024010525155,2024,010525155,2,9,0,99,9,9,99,0,9,99,9,99,9,9,6,3,-1,-1,-1,-1,-1,-1,-1,-1,-1,0
Unvalidated,2024010525215,2024,010525215,1,1,9,18,9,9,99,1,9,99,9,99,9,1,6,1,27,6,-1,-1,-1,-1,2,1,E01032805,0
Unvalidated,2024010525215,2024,010525215,2,9,0,11,9,9,99,5,9,99,9,99,9,9,6,3,-1,-1,-1,-1,-1,-1,-1,-1,-1,0
Unvalidated,2024010525562,2024,010525562,1,2,0,99,9,9,99,9,9,99,9,99,1,1,6,1,38,7,-1,-1,-1,-1,3,1,E01002553,0
Unvalidated,2024010525562,2024,010525562,2,9,0,99,9,9,99,9,9,99,9,99,1,9,6,3,-1,-1,-1,-1,-1,-1,-1,-1,-1,0
Unvalidated,2024010525569,2024,010525569,1,8,9,99,9,9,0,9,9,99,9,99,9,1,6,1,34,6,-1,-1,-1,-1,6,1,E01002901,0
Unvalidated,2024010525569,2024,010525569,2,1,0,18,5,1,0,1,5,99,9,99,9,1,6,1,45,7,-1,-1,-1,-1,4,1,E01004002,0
Unvalidated,2024010526186,2024,010526186,1,9,0,18,7,3,0,0,5,99,0,0,1,9,6,1,30,6,-1,-1,-1,-1,4,1,E01002594,0
Unvalidated,2024010526186,2024,010526186,2,19,0,1,3,7,0,0,0,99,0,0,2,9,6,1,-1,-1,-1,-1,-1,-1,-1,-1,-1,0
Unvalidated,2024010526611,2024,010526611,1,9,0,13,5,1,0,1,0,4,0,0,1,1,6,3,23,5,-1,-1,-1,-1,-1,-1,-1,0
Unvalidated,2024010526611,2024,010526611,2,9,0,9,7,5,0,8,0,0,0,0,1,1,6,2,23,5,-1,-1,-1,-1,7,1,E01003831,0
Unvalidated,2024010526810,2024,010526810,1,1,9,99,9,9,99,0,9,99,9,99,9,1,1,1,31,6,-1,-1,-1,-1,1,1,E01003252,0
Unvalidated,2024010526810,2024,010526810,2,9,0,99,9,9,99,0,9,99,9,99,1,9,6,3,-1,-1,-1,-1,-1,-1,3,1,E01003917,0
Unvalidated,2024010528000,2024,010528000,1,1,9,99,9,9,99,9,9,99,9,99,9,1,2,2,42,7,-1,-1,-1,-1,5,1,E01001611,0
Unvalidated,2024010528000,2024,010528000,2,9,0,99,9,9,99,9,9,99,9,99,9,9,6,3,45,7,-1,-1,-1,-1,4,1,E01001636,0
Unvalidated,2024010528455,2024,010528455,1,1,9,99,9,9,99,9,9,99,9,99,9,1,6,2,30,6,-1,-1,-1,-1,3,1,E01003548,0
Unvalidated,2024010528455,2024,010528455,2,9,0,99,9,9,99,9,9,99,9,99,1,9,6,3,-1,-1,-1,-1,-1,-1,-1,-1,-1,0
Unvalidated,2024010529345,2024,010529345,1,8,0,5,0,7,0,9,0,0,0,0,0,1,1,1,57,9,-1,-1,-1,-1,1,1,E01002082,0
Unvalidated,2024010529995,2024,010529995,1,9,0,99,9,9,99,9,9,99,9,99,2,9,6,3,-1,-1,-1,-1,-1,-1,-1,-1,-1,0
Unvalidated,2024010531004,2024,010531004,1,1,9,99,9,9,99,9,9,99,9,99,9,1,2,1,37,7,-1,-1,-1,-1,6,1,E01003753,0
Unvalidated,2024010531004,2024,010531004,2,9,0,7,5,7,0,1,0,0,0,0,3,1,6,3,-1,-1,-1,-1,-1,-1,-1,-1,-1,0
Unvalidated,2024010532401,2024,010532401,1,9,0,18,7,3,0,9,0,0,0,0,3,9,6,2,47,8,-1,-1,-1,-1,9,1,E01004053,0
Unvalidated,2024010532401,2024,010532401,2,19,0,9,3,1,0,9,0,0,0,0,4,9,6,1,-1,-1,-1,-1,-1,-1,-1,-1,-1,0
Unvalidated,2024010533982,2024,010533982,1,11,9,18,5,1,0,0,9,99,9,99,9,1,1,3,-1,-1,-1,-1,-1,-1,-1,-1,-1,0
Unvalidated,2024010534395,2024,010534395,1,9,9,3,7,3,99,9,9,99,9,99,9,9,6,2,61,9,-1,-1,-1,-1,3,1,E01003102,0
Unvalidated,2024010534395,2024,010534395,2,9,9,18,7,3,99,9,9,99,9,99,9,9,6,1,-1,-1,-1,-1,-1,-1,-1,-1,-1,0
Unvalidated,2024010534643,2024,010534643,1,19,0,99,9,9,99,9,9,99,9,99,2,9,6,1,45,7,-1,-1,-1,-1,2,1,E01004224,0
Unvalidated,2024010534643,2024,010534643,2,9,0,99,9,9,99,9,9,99,9,99,1,9,6,3,-1,-1,-1,-1,-1,-1,-1,-1,-1,0
Unvalidated,2024010534709,2024,010534709,1,9,0,99,9,9,99,9,9,99,9,99,1,9,6,3,-1,-1,-1,-1,-1,-1,-1,-1,-1,0
Unvalidated,2024010535451,2024,010535451,1,1,9,99,9,9,99,9,9,99,9,99,2,1,1,1,40,7,-1,-1,-1,-1,1,1,E01001206,0
Unvalidated,2024010535517,2024,010535517,1,3,0,99,9,9,99,9,9,99,9,99,2,1,2,1,30,6,-1,-1,-1,-1,6,1,E01033457,0
Unvalidated,2024010535517,2024,010535517,2,9,0,99,9,9,99,9,9,99,9,99,1,9,6,3,-1,-1,-1,-1,-1,-1,-1,-1,-1,0
Unvalidated,2024010536218,2024,010536218,1,1,9,99,9,9,99,9,9,99,9,99,9,1,2,2,38,7,-1,-1,-1,-1,2,1,E01002767,0
Unvalidated,2024010536218,2024,010536218,2,19,0,99,9,9,99,9,9,99,9,99,9,9,6,3,-1,-1,-1,-1,-1,-1,-1,-1,-1,0
Unvalidated,2024010537512,2024,010537512,1,1,9,99,9,9,99,9,9,99,9,99,2,1,6,1,22,5,-1,-1,-1,-1,1,1,E01004205,0
Unvalidated,2024010537512,2024,010537512,2,19,0,99,9,9,99,9,9,99,9,99,2,9,6,3,-1,-1,-1,-1,-1,-1,-1,-1,-1,0
Unvalidated,2024031393709,2024,031393709,1,1,0,18,4,1,0,0,0,0,0,0,1,1,6,1,32,6,-1,-1,-1,-1,10,3,E01019251,0
Unvalidated,2024031393709,2024,031393709,2,9,0,9,1,6,0,0,0,0,0,0,4,1,6,1,49,8,-1,-1,-1,-1,2,1,E01019199,0
Unvalidated,2024031393713,2024,031393713,1,2,-1,-1,3,8,-1,1,-1,-1,-1,0,1,1,6,1,-1,-1,-1,-1,-1,-1,-1,-1,-1,0
Unvalidated,2024031393713,2024,031393713,2,9,0,5,4,8,0,1,0,0,0,0,4,1,5,1,54,8,-1,-1,-1,-1,7,3,E01019240,0
Unvalidated,2024031393721,2024,031393721,1,1,0,18,5,1,0,0,0,0,0,0,1,1,6,1,28,6,-1,-1,-1,-1,-1,-1,-1,0
Unvalidated,2024031393721,2024,031393721,2,9,0,2,0,0,0,0,0,0,0,0,1,1,6,3,-1,-1,-1,-1,-1,-1,-1,-1,-1,0
Unvalidated,2024031393911,2024,031393911,1,9,0,18,3,7,0,0,1,0,0,0,3,1,6,1,23,5,-1,-1,-1,-1,4,1,E01019364,0
Unvalidated,2024031393911,2024,031393911,2,20,0,18,3,7,0,0,0,0,0,0,2,1,1,1,41,7,-1,-1,-1,-1,-1,-1,-1,0
Unvalidated,2024031394083,2024,031394083,1,19,0,18,2,6,0,0,1,0,1,10,1,1,2,1,44,7,-1,-1,-1,-1,-1,-1,-1,0
Unvalidated,2024031394100,2024,031394100,1,1,0,12,4,8,0,0,0,0,0,0,2,1,6,1,15,3,-1,-1,-1,-1,-1,-1,-1,0
Unvalidated,2024031394100,2024,031394100,2,9,0,18,4,8,0,0,0,0,0,0,4,1,5,1,25,5,-1,-1,-1,-1,-1,-1,-1,0
Unvalidated,2024031394877,2024,031394877,1,9,0,18,6,2,0,0,1,11,2,2,1,1,5,2,67,10,-1,-1,-1,-1,8,2,E01019378,0
Unvalidated,2024031395225,2024,031395225,1,9,0,18,7,3,0,0,0,0,0,0,4,1,2,2,61,9,-1,-1,-1,-1,4,3,E01019098,0
Unvalidated,2024031395272,2024,031395272,1,21,1,18,5,1,0,0,0,0,0,0,1,1,1,1,67,10,-1,-1,-1,-1,5,1,-1,0
Unvalidated,2024031395272,2024,031395272,2,9,0,18,5,1,0,0,0,0,0,0,3,1,6,1,69,10,-1,-1,-1,-1,3,1,E01019215,0
Unvalidated,2024031395290,2024,031395290,1,9,0,7,1,3,0,5,1,0,3,9,1,1,1,2,56,9,-1,-1,-1,-1,5,3,-1,0
Unvalidated,2024031395314,2024,031395314,1,9,0,18,3,6,0,0,5,10,1,11,1,1,5,1,17,4,-1,-1,-1,-1,2,1,E01019166,0
Unvalidated,2024031395409,2024,031395409,1,9,0,9,7,3,0,5,0,0,0,0,1,1,5,2,53,8,-1,-1,-1,-1,4,2,E01019202,0
Unvalidated,2024031395409,2024,031395409,2,9,0,18,3,7,0,8,0,0,0,0,1,1,5,1,79,11,-1,-1,-1,-1,2,2,-1,0
Unvalidated,2024031395415,2024,031395415,1,9,0,18,5,8,0,0,5,0,0,0,1,1,5,1,17,4,-1,-1,-1,-1,-1,-1,-1,0
Unvalidated,2024031395434,2024,031395434,1,9,0,9,4,8,0,0,0,0,0,0,3,2,5,1,33,6,-1,-1,-1,-1,3,1,E01033268,0
Unvalidated,2024031395434,2024,031395434,2,9,0,13,4,8,0,0,0,0,0,0,1,2,6,1,26,6,-1,-1,-1,-1,2,1,E01019159,0
Unvalidated,2024031395558,2024,031395558,1,9,0,18,4,4,0,0,2,0,0,0,3,1,5,2,25,5,-1,-1,-1,-1,-1,-1,-1,0
Unvalidated,2024031395727,2024,031395727,1,5,0,5,1,3,0,8,1,0,0,0,0,1,2,1,50,8,-1,-1,-1,-1,2,1,E01019110,0
Unvalidated,2024031396131,2024,031396131,1,9,0,18,3,6,0,0,1,0,7,0,1,1,5,1,89,11,-1,-1,-1,-1,-1,-1,-1,0
Unvalidated,2024031396552,2024,031396552,1,9,0,18,1,6,0,1,0,0,0,0,1,1,2,2,25,5,-1,-1,-1,-1,8,2,E01019378,0
Unvalidated,2024031396552,2024,031396552,2,9,0,9,3,1,0,1,0,0,0,0,1,1,6,1,18,4,-1,-1,-1,-1,4,1,E01019389,0
Unvalidated,2024031397090,2024,031397090,1,8,0,18,1,5,0,0,0,0,0,0,1,1,1,1,65,9,-1,-1,-1,-1,-1,-1,-1,0
Unvalidated,2024031397090,2024,031397090,2,9,0,18,5,1,0,0,0,0,0,0,1,1,1,1,40,7,-1,-1,-1,-1,-1,-1,-1,0
Unvalidated,2024031397213,2024,031397213,1,9,0,18,7,6,0,0,1,0,7,0,1,1,6,2,30,6,-1,-1,-1,-1,-1,-1,-1,0
Unvalidated,2024031397213,2024,031397213,2,90,0,18,2,2,0,0,0,0,0,0,1,1,1,2,25,5,-1,-1,-1,-1,8,1,E01019334,0
Unvalidated,2024031397709,2024,031397709,1,9,0,18,3,7,0,2,0,0,0,0,1,1,2,2,31,6,-1,-1,-1,-1,3,2,E01025097,0
Unvalidated,2024031397919,2024,031397919,1,19,0,18,1,5,0,0,2,0,1,11,1,1,1,1,42,7,-1,-1,-1,-1,10,1,E01028672,0
Unvalidated,2024031397927,2024,031397927,1,9,0,18,5,1,0,1,0,0,0,0,1,1,6,1,22,5,-1,-1,-1,-1,-1,-1,-1,0
Unvalidated,2024031397927,2024,031397927,2,9,0,10,7,3,0,5,0,0,0,0,2,1,5,1,40,7,-1,-1,-1,-1,-1,-1,-1,0
Unvalidated,2024031397927,2024,031397927,3,9,0,2,0,0,6,2,0,0,0,0,2,1,6,2,60,9,-1,-1,-1,-1,-1,-1,-1,0
Unvalidated,2024031397927,2024,031397927,4,9,0,2,0,0,6,2,0,0,0,0,2,1,6,3,-1,-1,-1,-1,-1,-1,-1,-1,-1,0
Unvalidated,2024031398016,2024,031398016,1,9,0,18,5,1,0,0,0,0,0,0,3,1,2,1,26,6,-1,-1,-1,-1,1,1,E01019111,0
Unvalidated,2024031398024,2024,031398024,1,9,0,18,6,6,0,4,0,0,0,0,1,1,2,1,30,6,-1,-1,-1,-1,3,1,E01019171,0
Unvalidated,2024031398024,2024,031398024,2,2,0,18,4,4,0,3,0,0,0,0,4,1,2,1,16,4,-1,-1,-1,-1,1,1,E01019143,0
Unvalidated,2024031398285,2024,031398285,1,9,0,18,4,8,0,0,0,0,0,0,1,1,6,2,17,4,-1,-1,-1,-1,9,1,E01019195,0
Unvalidated,2024031398285,2024,031398285,2,9,0,18,8,4,0,0,0,0,1,0,1,1,1,1,29,6,-1,-1,-1,-1,6,3,E01019213,0