status,collision_index,collision_year,collision_reference,vehicle_reference,vehicle_type,towing_and_articulation,vehicle_manoeuvre,vehicle_direction_from,vehicle_direction_to,vehicle_location_restricted_lane,junction_location,skidding_and_overturning,hit_object_in_carriageway,vehicle_leaving_carriageway,hit_object_off_carriageway,first_point_of_impact,vehicle_left_hand_drive,journey_purpose_of_driver,sex_of_driver,age_of_driver,age_band_of_driver,engine_capacity_cc,propulsion_code,age_of_vehicle,generic_make_model,driver_imd_decile,driver_home_area_type,lsoa_of_driver,escooter_flag
Unvalidated,2024031398490,2024,031398490,1,9,0,1,1,6,9,0,0,0,0,0,2,1,6,1,80,11,-1,-1,-1,-1,-1,-1,-1,0
Unvalidated,2024031398634,2024,031398634,1,9,0,18,1,5,0,1,0,0,0,0,1,1,6,1,41,7,-1,-1,-1,-1,-1,-1,-1,0
Unvalidated,2024031398634,2024,031398634,2,9,0,9,3,7,0,1,0,0,0,0,3,1,5,1,79,11,-1,-1,-1,-1,9,1,E01019326,0
Unvalidated,2024031398892,2024,031398892,1,9,0,18,1,5,0,0,1,10,0,0,1,1,1,1,45,7,-1,-1,-1,-1,2,1,E01008655,0
Unvalidated,2024031398892,2024,031398892,2,9,0,2,5,1,0,0,1,0,0,0,1,1,6,3,-1,-1,-1,-1,-1,-1,-1,-1,-1,0
Unvalidated,2024031399036,2024,031399036,1,90,0,18,2,6,0,0,2,0,0,0,3,1,1,1,23,5,-1,-1,-1,-1,-1,-1,-1,0
Unvalidated,2024031399391,2024,031399391,1,9,0,18,8,2,0,0,1,0,0,0,4,1,6,2,38,7,-1,-1,-1,-1,-1,-1,-1,0
Unvalidated,2024031399651,2024,031399651,1,9,0,18,7,7,0,0,0,0,0,0,1,1,5,1,50,8,-1,-1,-1,-1,-1,-1,-1,0
Unvalidated,2024031399651,2024,031399651,2,9,0,2,7,7,0,0,0,0,0,0,2,1,6,1,59,9,-1,-1,-1,-1,-1,-1,-1,0
Unvalidated,2024031400030,2024,031400030,1,9,0,18,4,4,0,0,0,0,1,0,1,1,2,1,67,10,-1,-1,-1,-1,6,1,E01019100,0
Unvalidated,2024031400030,2024,031400030,2,9,0,10,8,6,0,0,0,0,0,0,2,1,2,1,27,6,-1,-1,-1,-1,8,1,E01019119,0
Unvalidated,2024031400628,2024,031400628,1,19,0,15,5,1,0,1,0,0,0,0,4,1,2,1,42,7,-1,-1,-1,-1,2,1,E01012482,0
Unvalidated,2024031400628,2024,031400628,2,20,0,10,5,1,0,1,0,0,0,0,3,1,1,1,38,7,-1,-1,-1,-1,3,3,-1,0
Unvalidated,2024031400973,2024,031400973,1,9,0,18,4,8,0,0,0,0,0,0,1,1,6,1,41,7,-1,-1,-1,-1,8,1,E01019365,0
Unvalidated,2024031400973,2024,031400973,2,11,0,18,7,3,0,0,0,0,1,0,1,1,1,1,53,8,-1,-1,-1,-1,2,1,E01009885,0
Unvalidated,2024031401028,2024,031401028,1,21,1,18,8,5,0,0,1,0,1,4,1,1,1,1,60,9,-1,-1,-1,-1,-1,-1,-1,0
Unvalidated,2024031401142,2024,031401142,1,8,0,18,1,5,0,0,0,0,0,0,1,1,1,1,52,8,-1,-1,-1,-1,-1,-1,-1,0
Unvalidated,2024031401142,2024,031401142,2,19,0,18,5,1,0,0,0,0,0,0,2,1,2,2,31,6,-1,-1,-1,-1,-1,-1,-1,0
Unvalidated,2024031401257,2024,031401257,1,9,0,9,5,3,0,6,0,0,0,0,3,1,5,1,81,11,-1,-1,-1,-1,8,1,E01019330,0
Unvalidated,2024031401257,2024,031401257,2,19,0,18,3,7,0,8,0,0,0,0,1,1,1,1,50,8,-1,-1,-1,-1,1,1,E01008666,0
Unvalidated,2024031401432,2024,031401432,1,9,0,18,7,1,0,0,1,0,1,0,4,1,5,2,25,5,-1,-1,-1,-1,5,1,E01019359,0
Unvalidated,2024031401475,2024,031401475,1,9,0,18,3,7,0,8,0,0,1,0,1,1,6,2,63,9,-1,-1,-1,-1,9,1,E01019176,0
Unvalidated,2024031401475,2024,031401475,2,9,0,3,1,3,0,1,0,0,0,0,1,1,6,1,41,7,-1,-1,-1,-1,2,1,E01033160,0
Unvalidated,2024031401693,2024,031401693,1,9,0,18,7,3,0,0,0,0,0,0,1,1,5,1,25,5,-1,-1,-1,-1,2,2,E01019115,0
Unvalidated,2024031401693,2024,031401693,2,9,0,18,4,7,0,0,0,0,0,0,1,1,5,2,65,9,-1,-1,-1,-1,3,2,E01019126,0
Unvalidated,2024031401824,2024,031401824,1,9,0,18,5,1,0,1,0,0,0,0,0,2,6,1,61,9,-1,-1,-1,-1,7,3,E01019316,0
Unvalidated,2024031401831,2024,031401831,1,9,0,7,5,7,0,1,0,0,0,0,4,1,5,1,38,7,-1,-1,-1,-1,1,2,E01019095,0
Unvalidated,2024031401850,2024,031401850,1,19,0,18,8,4,0,0,0,0,0,0,1,1,6,1,38,7,-1,-1,-1,-1,5,1,E01008855,0
Unvalidated,2024031401862,2024,031401862,1,20,0,18,5,1,0,0,2,7,1,0,1,1,2,1,63,9,-1,-1,-1,-1,4,1,E01005877,0
Unvalidated,2024031401872,2024,031401872,1,21,4,18,7,5,0,0,5,0,1,0,0,1,1,1,24,5,-1,-1,-1,-1,1,1,E01005612,0
Unvalidated,2024031401986,2024,031401986,1,9,0,4,2,6,0,1,0,0,0,0,4,1,3,2,38,7,-1,-1,-1,-1,6,3,E01019306,0
Unvalidated,2024031402187,2024,031402187,1,9,0,7,5,7,0,1,0,0,7,11,1,1,5,2,57,9,-1,-1,-1,-1,2,1,E01019199,0
Unvalidated,2024031402463,2024,031402463,1,9,0,15,1,5,0,0,0,0,0,0,1,1,2,2,20,4,-1,-1,-1,-1,6,3,E01019297,0
Unvalidated,2024031402463,2024,031402463,2,9,0,15,1,5,0,0,0,0,0,0,2,1,2,1,38,7,-1,-1,-1,-1,1,1,E01019111,0
Unvalidated,2024031402540,2024,031402540,1,90,0,18,3,6,0,1,0,0,0,0,1,1,6,1,10,2,-1,-1,-1,-1,1,1,E01019245,0
Unvalidated,2024031402540,2024,031402540,2,9,0,7,8,3,0,1,0,0,0,0,1,1,5,2,28,6,-1,-1,-1,-1,-1,-1,-1,0
Unvalidated,2024031402678,2024,031402678,1,9,-1,-1,-1,-1,-1,-1,-1,-1,-1,0,-1,1,6,3,-1,-1,-1,-1,-1,-1,-1,-1,-1,0
Unvalidated,2024031402842,2024,031402842,1,9,0,18,3,7,0,0,0,0,0,0,1,1,2,1,27,6,-1,-1,-1,-1,4,1,E01012319,0
Unvalidated,2024031402842,2024,031402842,2,9,0,10,3,7,0,0,0,0,7,0,2,1,2,2,25,5,-1,-1,-1,-1,5,3,E01019309,0
Unvalidated,2024031402912,2024,031402912,1,9,0,18,3,5,0,1,0,0,1,4,1,1,1,1,41,7,-1,-1,-1,-1,9,1,E01019191,0
Unvalidated,2024031403007,2024,031403007,1,9,0,18,7,3,0,0,0,0,0,0,1,1,6,1,89,11,-1,-1,-1,-1,-1,-1,-1,0
Unvalidated,2024031403007,2024,031403007,2,9,0,3,7,3,0,0,0,0,0,0,2,1,6,1,60,9,-1,-1,-1,-1,-1,-1,-1,0
Unvalidated,2024031403007,2024,031403007,3,9,0,3,7,3,0,0,0,0,0,0,2,1,5,1,45,7,-1,-1,-1,-1,-1,-1,-1,0
Unvalidated,2024031403289,2024,031403289,1,9,0,18,3,6,0,8,0,0,0,0,1,1,5,2,25,5,-1,-1,-1,-1,3,2,E01019126,0
Unvalidated,2024031403289,2024,031403289,2,21,0,18,7,7,0,8,0,0,0,0,1,1,1,1,54,8,-1,-1,-1,-1,6,2,E01019084,0
Unvalidated,2024031403362,2024,031403362,1,9,0,18,1,5,9,0,0,0,7,0,1,1,5,1,23,5,-1,-1,-1,-1,-1,-1,-1,0
Unvalidated,2024031403567,2024,031403567,1,9,0,18,3,7,0,0,5,0,0,0,0,1,2,1,32,6,-1,-1,-1,-1,-1,-1,-1,0
Unvalidated,2024031403690,2024,031403690,1,97,0,18,4,8,0,0,0,4,0,0,1,1,6,1,17,4,-1,-1,-1,-1,2,1,E01019284,0
Unvalidated,2024031403690,2024,031403690,2,9,0,2,0,0,0,0,0,0,0,0,2,1,6,3,-1,-1,-1,-1,-1,-1,-1,-1,-1,0
Unvalidated,2024031404002,2024,031404002,1,9,0,18,7,3,0,0,1,0,1,0,1,1,5,1,48,8,-1,-1,-1,-1,2,1,E01027864,0
Unvalidated,2024031404237,2024,031404237,1,9,0,18,1,5,0,1,1,0,1,0,1,1,2,1,22,5,-1,-1,-1,-1,-1,-1,-1,0
Unvalidated,2024031404312,2024,031404312,1,4,0,18,8,4,0,0,0,12,0,0,1,1,1,1,65,9,-1,-1,-1,-1,-1,-1,-1,0
Unvalidated,2024031404379,2024,031404379,1,97,0,5,3,7,0,3,0,0,0,0,2,1,6,1,17,4,-1,-1,-1,-1,-1,-1,-1,0
Unvalidated,2024031404379,2024,031404379,2,9,0,7,5,1,0,4,0,0,1,0,1,1,5,1,57,9,-1,-1,-1,-1,-1,-1,-1,0
Unvalidated,2024031404414,2024,031404414,1,9,0,18,8,4,0,1,0,0,1,0,1,1,5,2,40,7,-1,-1,-1,-1,3,2,E01019135,0
Unvalidated,2024031405310,2024,031405310,1,9,0,9,5,1,0,6,0,10,1,0,4,1,6,1,40,7,-1,-1,-1,-1,-1,-1,-1,0
Unvalidated,2024031405310,2024,031405310,2,9,0,18,6,3,0,8,0,10,1,0,1,1,6,2,26,6,-1,-1,-1,-1,-1,-1,-1,0
Unvalidated,2024031405907,2024,031405907,1,9,0,18,4,1,0,2,0,0,1,0,3,1,6,2,18,4,-1,-1,-1,-1,-1,-1,-1,0
Unvalidated,2024031405907,2024,031405907,2,9,0,18,3,7,0,1,0,0,0,0,1,1,6,1,59,9,-1,-1,-1,-1,-1,-1,-1,0
Unvalidated,2024031406051,2024,031406051,1,9,0,13,4,1,0,0,1,10,1,0,1,1,6,1,18,4,-1,-1,-1,-1,-1,-1,-1,0
Unvalidated,2024031406220,2024,031406220,1,9,0,7,6,1,0,0,1,0,7,10,3,1,5,2,18,4,-1,-1,-1,-1,3,1,E01019221,0
Unvalidated,2024031406848,2024,031406848,1,9,0,18,1,5,0,0,0,0,0,0,1,1,6,1,38,7,-1,-1,-1,-1,6,3,E01019319,0
Unvalidated,2024031406848,2024,031406848,2,90,0,18,5,1,0,0,0,0,1,0,3,1,2,1,40,7,-1,-1,-1,-1,-1,-1,-1,0
Unvalidated,2024031406994,2024,031406994,1,9,0,18,5,1,0,0,2,0,2,0,4,1,2,2,42,7,-1,-1,-1,-1,-1,-1,-1,0
Unvalidated,2024031406994,2024,031406994,2,9,0,18,5,1,0,0,2,0,2,0,4,1,2,1,42,7,-1,-1,-1,-1,5,1,E01019359,0
Unvalidated,2024031407428,2024,031407428,2,21,1,18,5,8,0,1,0,0,0,0,1,1,1,1,41,7,-1,-1,-1,-1,-1,-1,-1,0
Unvalidated,2024031407847,2024,031407847,1,9,0,18,3,3,5,0,5,0,7,0,1,1,5,1,20,4,-1,-1,-1,-1,-1,-1,-1,0
Unvalidated,2024031408193,2024,031408193,1,9,0,18,5,1,0,0,2,0,0,0,3,1,6,1,18,4,-1,-1,-1,-1,-1,-1,-1,0
Unvalidated,2024031408237,2024,031408237,1,9,0,18,6,5,0,0,0,0,0,0,1,1,6,1,25,5,-1,-1,-1,-1,-1,-1,-1,0
Unvalidated,2024031408356,2024,031408356,1,9,-1,-1,8,6,-1,-1,-1,-1,-1,0,-1,1,6,2,77,11,-1,-1,-1,-1,7,3,E01019203,0
Unvalidated,2024031408356,2024,031408356,2,1,-1,-1,-1,-1,-1,-1,-1,-1,-1,0,-1,1,5,2,27,6,-1,-1,-1,-1,3,1,E01008168,0
Unvalidated,2024031408436,2024,031408436,1,9,0,18,3,7,0,0,0,0,0,0,3,1,5,1,22,5,-1,-1,-1,-1,10,2,E01032504,0
Unvalidated,2024031408436,2024,031408436,2,1,0,18,7,3,0,0,1,0,0,0,3,1,5,1,30,6,-1,-1,-1,-1,9,2,E01019396,0
Unvalidated,2024031408516,2024,031408516,1,9,0,18,5,1,0,0,0,0,1,0,4,1,5,1,21,5,-1,-1,-1,-1,4,3,E01019340,0
Unvalidated,2024031408610,2024,031408610,1,9,0,18,1,5,0,0,0,0,0,0,1,1,5,2,66,10,-1,-1,-1,-1,7,3,E01019379,0
Unvalidated,2024031409413,2024,031409413,1,4,0,18,4,8,0,0,1,0,0,0,2,1,6,1,31,6,-1,-1,-1,-1,-1,-1,-1,0
Unvalidated,2024031409559,2024,031409559,1,9,0,18,5,1,0,1,0,0,0,0,1,1,5,1,19,4,-1,-1,-1,-1,8,1,E01019242,0
Unvalidated,2024031409559,2024,031409559,2,9,0,9,7,5,0,1,0,0,0,0,3,1,1,1,46,8,-1,-1,-1,-1,9,1,E01019190,0
Unvalidated,2024031409571,2024,031409571,1,9,0,9,5,1,0,1,0,0,0,0,1,1,2,2,35,6,-1,-1,-1,-1,7,2,E01025096,0
Unvalidated,2024031409571,2024,031409571,2,9,0,13,5,1,0,8,0,0,0,0,1,1,6,2,62,9,-1,-1,-1,-1,6,3,E01025168,0
Unvalidated,2024031410064,2024,031410064,1,9,0,4,5,1,0,0,0,0,0,0,2,1,1,1,24,5,-1,-1,-1,-1,2,1,E01019210,0
Unvalidated,2024031410064,2024,031410064,2,9,0,18,5,1,0,0,0,0,0,0,1,1,5,2,41,7,-1,-1,-1,-1,8,3,-1,0
Unvalidated,2024031410064,2024,031410064,3,9,0,18,5,1,0,0,0,0,0,0,1,1,5,1,67,10,-1,-1,-1,-1,8,3,E01031182,0
Unvalidated,2024031410662,2024,031410662,1,-1,-1,-1,-1,-1,-1,0,-1,-1,-1,0,-1,1,6,3,-1,-1,-1,-1,-1,-1,-1,-1,-1,0
Unvalidated,2024031410662,2024,031410662,2,10,-1,-1,5,8,-1,0,-1,-1,-1,0,-1,1,1,1,56,9,-1,-1,-1,-1,7,3,E01019136,0
Unvalidated,2024031411079,2024,031411079,1,90,-1,-1,-1,-1,-1,-1,-1,-1,-1,0,-1,1,6,3,-1,-1,-1,-1,-1,-1,-1,-1,-1,0
Unvalidated,2024031411079,2024,031411079,2,1,-1,-1,-1,-1,-1,-1,-1,-1,-1,0,-1,1,6,1,50,8,-1,-1,-1,-1,-1,-1,-1,0
Unvalidated,2024031411128,2024,031411128,1,9,0,18,2,6,0,0,0,0,7,11,1,1,5,1,20,4,-1,-1,-1,-1,9,1,E01019162,0
Unvalidated,2024031411208,2024,031411208,1,9,0,9,1,5,0,1,0,0,0,0,1,1,5,1,46,8,-1,-1,-1,-1,4,1,E01019281,0
Unvalidated,2024031411208,2024,031411208,2,9,0,18,5,1,0,8,0,0,0,0,1,1,5,1,55,8,-1,-1,-1,-1,9,2,E01019303,0
Unvalidated,2024031411258,2024,031411258,1,9,0,7,2,7,0,5,0,0,0,0,1,1,5,2,35,6,-1,-1,-1,-1,1,1,E01019112,0
Unvalidated,2024031411258,2024,031411258,2,9,0,18,8,4,0,1,0,0,0,0,1,1,5,2,49,8,-1,-1,-1,-1,6,3,E01019297,0
Unvalidated,2024031411334,2024,031411334,1,9,0,18,7,3,0,2,0,0,0,0,1,1,5,1,31,6,-1,-1,-1,-1,5,3,E01019107,0
Unvalidated,2024031411748,2024,031411748,1,9,0,5,3,7,0,0,0,7,0,0,1,1,5,2,84,11,-1,-1,-1,-1,7,3,E01019203,0
Unvalidated,2024031412743,2024,031412743,1,9,0,7,6,8,0,6,0,0,0,0,1,1,6,1,-1,-1,-1,-1,-1,-1,-1,-1,-1,0
Unvalidated,2024031413413,2024,031413413,1,19,0,1,6,2,0,8,0,0,0,0,3,1,6,1,-1,-1,-1,-1,-1,-1,-1,-1,-1,0
Unvalidated,2024031413666,2024,031413666,1,8,0,7,8,3,0,8,0,0,0,0,1,1,1,1,60,9,-1,-1,-1,-1,-1,-1,-1,0
Unvalidated,2024031413714,2024,031413714,1,17,0,3,6,1,0,0,2,0,0,0,3,1,1,1,20,4,-1,-1,-1,-1,5,3,E01019325,0
Unvalidated,2024031413714,2024,031413714,2,19,0,18,3,7,0,0,0,0,0,0,1,1,2,1,67,10,-1,-1,-1,-1,4,1,E01020832,0
Unvalidated,2024031413992,2024,031413992,1,9,0,4,1,5,0,1,0,0,1,0,1,1,6,2,30,6,-1,-1,-1,-1,-1,-1,-1,0
Unvalidated,2024031414083,2024,031414083,1,9,0,5,3,7,0,8,0,0,0,0,4,1,6,2,37,7,-1,-1,-1,-1,3,1,E01019204,0
Unvalidated,2024031414184,2024,031414184,1,9,0,18,1,5,0,0,0,0,0,0,1,1,6,1,63,9,-1,-1,-1,-1,2,1,E01019165,0
Unvalidated,2024031414518,2024,031414518,1,19,0,14,5,1,0,0,0,0,0,0,3,1,2,1,45,7,-1,-1,-1,-1,3,1,E01019296,0
Unvalidated,2024031414654,2024,031414654,1,9,0,18,8,4,0,4,0,0,0,0,1,1,6,2,18,4,-1,-1,-1,-1,7,2,E01019374,0
Unvalidated,2024031414654,2024,031414654,2,90,0,18,7,2,0,3,0,0,0,0,4,1,6,1,66,10,-1,-1,-1,-1,7,3,E01019395,0
Unvalidated,2024031415068,2024,031415068,1,9,0,18,7,3,0,0,0,0,0,0,1,1,1,1,23,5,-1,-1,-1,-1,-1,-1,-1,0
Unvalidated,2024031415083,2024,031415083,1,9,0,9,8,6,0,6,0,0,0,0,3,1,5,1,21,5,-1,-1,-1,-1,1,1,E01019295,0
Unvalidated,2024031415083,2024,031415083,2,9,0,18,6,2,0,8,0,0,0,0,1,1,5,1,23,5,-1,-1,-1,-1,1,2,E01019277,0
Unvalidated,2024031415328,2024,031415328,1,9,0,3,3,6,0,1,0,0,0,0,2,1,6,2,33,6,-1,-1,-1,-1,-1,-1,-1,0
Unvalidated,2024031415328,2024,031415328,2,9,0,5,3,6,0,1,0,0,0,0,1,1,6,1,18,4,-1,-1,-1,-1,-1,-1,-1,0
Unvalidated,2024031415758,2024,031415758,1,19,0,18,8,4,0,0,0,0,0,0,1,1,1,1,39,7,-1,-1,-1,-1,3,1,E01019198,0
Unvalidated,2024031415758,2024,031415758,2,9,0,18,5,1,0,0,0,0,0,0,1,1,5,1,84,11,-1,-1,-1,-1,5,3,E01019127,0
Unvalidated,2024031416095,2024,031416095,1,9,0,5,1,1,9,0,0,10,1,0,1,1,6,1,36,7,-1,-1,-1,-1,2,1,E01019246,0
Unvalidated,2024031416266,2024,031416266,1,9,0,4,1,5,0,0,0,0,0,0,2,1,6,2,78,11,-1,-1,-1,-1,3,2,E01019099,0
Unvalidated,2024031416266,2024,031416266,2,9,0,4,1,5,0,0,0,0,0,0,1,1,6,2,40,7,-1,-1,-1,-1,3,2,E01019272,0
Unvalidated,2024031416424,2024,031416424,1,9,0,4,5,1,0,0,0,12,0,0,1,1,6,1,31,6,-1,-1,-1,-1,-1,-1,-1,0
Unvalidated,2024031416425,2024,031416425,1,9,0,4,3,7,0,2,0,0,0,0,1,1,5,1,69,10,-1,-1,-1,-1,6,3,E01019320,0
Unvalidated,2024031416425,2024,031416425,2,9,0,3,3,7,0,2,0,0,0,0,2,1,5,1,49,8,-1,-1,-1,-1,9,1,E01019191,0
Unvalidated,2024031416425,2024,031416425,3,9,0,3,3,7,0,2,0,0,0,0,2,1,5,1,48,8,-1,-1,-1,-1,1,1,E01019193,0
Unvalidated,2024031416502,2024,031416502,1,9,0,-1,-1,-1,-1,0,-1,-1,-1,0,-1,1,5,1,51,8,-1,-1,-1,-1,-1,-1,-1,0
Unvalidated,2024031416502,2024,031416502,2,9,0,-1,-1,-1,-1,0,-1,-1,-1,0,-1,1,6,3,-1,-1,-1,-1,-1,-1,-1,-1,-1,0
Unvalidated,2024031416574,2024,031416574,1,9,0,18,7,3,0,0,1,0,2,7,1,1,6,1,41,7,-1,-1,-1,-1,4,1,E01027581,0
Unvalidated,2024031416655,2024,031416655,1,9,0,18,5,3,0,0,2,0,1,0,1,1,3,1,45,7,-1,-1,-1,-1,-1,-1,-1,0
Unvalidated,2024031416685,2024,031416685,1,9,0,18,1,5,0,0,0,0,1,0,3,1,6,1,18,4,-1,-1,-1,-1,5,3,E01019313,0
Unvalidated,2024031416685,2024,031416685,2,9,0,18,5,8,0,0,0,0,0,0,3,1,6,2,46,8,-1,-1,-1,-1,5,3,E01019313,0
Unvalidated,2024031416991,2024,031416991,1,98,0,6,1,5,0,6,0,0,0,0,1,2,1,1,40,7,-1,-1,-1,-1,-1,-1,-1,0
Unvalidated,2024031416991,2024,031416991,2,9,0,3,2,6,0,1,0,0,0,0,3,2,5,2,39,7,-1,-1,-1,-1,-1,-1,-1,0
Unvalidated,2024031417266,2024,031417266,1,9,0,18,6,1,0,1,0,0,0,0,1,1,1,1,44,7,-1,-1,-1,-1,3,2,E01019126,0
Unvalidated,2024031417266,2024,031417266,2,19,0,18,1,6,0,1,0,0,7,11,1,1,1,2,47,8,-1,-1,-1,-1,6,1,E01019213,0
Unvalidated,2024031417433,2024,031417433,1,9,0,18,1,5,0,0,0,0,0,0,1,1,6,1,46,8,-1,-1,-1,-1,-1,-1,-1,0
Unvalidated,2024031417446,2024,031417446,1,9,0,8,7,3,0,0,0,0,1,0,4,1,5,1,41,7,-1,-1,-1,-1,2,1,E01033160,0
Unvalidated,2024031417446,2024,031417446,2,1,0,18,7,3,0,0,0,0,0,0,1,1,6,1,43,7,-1,-1,-1,-1,-1,-1,-1,0
Unvalidated,2024031417522,2024,031417522,1,2,0,18,2,6,0,3,0,0,0,0,0,1,3,1,16,4,-1,-1,-1,-1,-1,-1,-1,0
Unvalidated,2024031417873,2024,031417873,1,9,0,18,3,1,0,8,0,0,3,11,1,1,5,1,43,7,-1,-1,-1,-1,9,1,E01019179,0
Unvalidated,2024031417873,2024,031417873,2,9,0,18,1,7,0,8,0,0,0,0,3,1,6,2,20,4,-1,-1,-1,-1,4,2,E01019147,0
Unvalidated,2024031417873,2024,031417873,3,9,0,2,0,0,0,2,0,0,0,0,2,1,6,3,-1,-1,-1,-1,-1,-1,-1,-1,-1,0
Unvalidated,2024031418067,2024,031418067,1,9,0,18,3,1,0,1,0,0,0,0,1,1,6,2,33,6,-1,-1,-1,-1,-1,-1,-1,0
Unvalidated,2024031418067,2024,031418067,2,9,0,18,1,5,0,1,0,0,0,0,1,1,6,1,33,6,-1,-1,-1,-1,-1,-1,-1,0
Unvalidated,2024031418067,2024,031418067,3,9,0,2,0,0,0,1,0,0,0,0,3,1,6,2,24,5,-1,-1,-1,-1,-1,-1,-1,0
Unvalidated,2024031418511,2024,031418511,1,9,0,3,2,7,0,2,0,0,0,0,2,1,6,1,65,9,-1,-1,-1,-1,-1,-1,-1,0
Unvalidated,2024031418511,2024,031418511,2,9,0,4,2,7,0,1,0,0,0,0,1,1,6,1,28,6,-1,-1,-1,-1,-1,-1,-1,0
Unvalidated,2024031418643,2024,031418643,1,9,0,18,6,1,0,2,0,0,0,0,4,1,5,1,50,8,-1,-1,-1,-1,-1,-1,-1,0
Unvalidated,2024031419517,2024,031419517,1,5,0,18,8,4,0,0,1,0,0,0,0,1,6,1,63,9,-1,-1,-1,-1,6,3,E01019315,0
Unvalidated,2024031419593,2024,031419593,1,19,0,9,6,3,0,1,0,0,0,0,1,1,2,1,26,6,-1,-1,-1,-1,7,1,E01019129,0
Unvalidated,2024031419593,2024,031419593,2,19,0,18,1,5,0,1,0,0,0,0,1,1,2,1,53,8,-1,-1,-1,-1,6,1,E01019100,0
Unvalidated,2024031419719,2024,031419719,1,9,0,9,8,6,0,0,0,0,0,0,1,1,2,1,41,7,-1,-1,-1,-1,5,3,E01019309,0
Unvalidated,2024031419719,2024,031419719,2,3,0,9,2,6,0,0,0,0,0,0,1,1,2,1,20,4,-1,-1,-1,-1,4,3,E01019340,0
Unvalidated,2024031420213,2024,031420213,1,19,0,5,3,5,0,1,0,0,0,0,1,1,1,1,55,8,-1,-1,-1,-1,-1,-1,-1,0
Unvalidated,2024031420213,2024,031420213,2,9,0,18,1,5,0,1,0,0,0,0,4,1,5,2,56,9,-1,-1,-1,-1,-1,-1,-1,0
Unvalidated,2024031420461,2024,031420461,1,9,0,1,6,5,0,1,0,0,0,0,4,1,3,1,40,7,-1,-1,-1,-1,1,1,E01019142,0
Unvalidated,2024031420463,2024,031420463,1,9,0,18,7,3,0,0,1,0,4,0,3,1,5,1,47,8,-1,-1,-1,-1,-1,-1,-1,0
Unvalidated,2024031420587,2024,031420587,1,1,0,18,6,2,0,8,0,0,0,0,1,1,2,1,53,8,-1,-1,-1,-1,-1,-1,-1,0
Unvalidated,2024031420587,2024,031420587,2,9,0,7,7,2,0,4,0,0,0,0,1,1,6,3,-1,-1,-1,-1,-1,-1,-1,-1,-1,0
Unvalidated,2024031420844,2024,031420844,1,9,0,13,8,4,0,0,0,0,0,0,3,1,2,1,54,8,-1,-1,-1,-1,4,1,E01019389,0
Unvalidated,2024031420844,2024,031420844,2,9,0,13,8,4,0,0,1,10,0,0,4,1,2,1,55,8,-1,-1,-1,-1,3,2,E01019272,0
Unvalidated,2024031420844,2024,031420844,3,9,0,18,7,4,0,0,0,0,0,0,2,1,6,1,47,8,-1,-1,-1,-1,5,3,E01019259,0
Unvalidated,2024031421141,2024,031421141,1,3,0,18,1,5,0,0,2,0,0,0,1,1,5,1,35,6,-1,-1,-1,-1,1,1,E01019301,0
Unvalidated,2024031421254,2024,031421254,1,9,0,17,1,5,0,0,1,0,2,11,3,1,5,1,31,6,-1,-1,-1,-1,1,1,E01019193,0
Unvalidated,2024031421335,2024,031421335,1,9,0,18,4,8,0,1,1,10,2,4,4,1,2,1,26,6,-1,-1,-1,-1,-1,-1,-1,0
Unvalidated,2024031421390,2024,031421390,1,9,0,18,2,1,0,1,0,0,0,0,1,1,5,1,28,6,-1,-1,-1,-1,10,3,E01019251,0
Unvalidated,2024031421390,2024,031421390,2,9,0,18,5,1,0,1,0,0,0,0,0,1,5,1,52,8,-1,-1,-1,-1,4,1,E01007436,0
Unvalidated,2024031421765,2024,031421765,1,9,0,17,7,4,0,0,0,0,2,11,4,1,6,1,33,6,-1,-1,-1,-1,2,1,E01019285,0
Unvalidated,2024031422144,2024,031422144,1,9,0,18,5,7,0,0,2,0,0,0,1,1,5,1,29,6,-1,-1,-1,-1,7,3,E01019091,0
Unvalidated,2024031422144,2024,031422144,2,9,0,18,1,5,0,0,0,0,0,0,1,1,6,2,48,8,-1,-1,-1,-1,-1,-1,-1,0
Unvalidated,2024031422144,2024,031422144,3,9,0,5,3,1,0,0,0,0,0,0,0,1,1,1,23,5,-1,-1,-1,-1,3,1,E01019211,0
Unvalidated,2024031422175,2024,031422175,1,9,0,9,1,1,0,6,0,0,0,0,1,1,6,1,72,10,-1,-1,-1,-1,4,1,E01006897,0
Unvalidated,2024031422175,2024,031422175,2,9,0,18,2,2,0,8,0,0,7,0,4,1,2,2,50,8,-1,-1,-1,-1,-1,-1,-1,0
Unvalidated,2024031422599,2024,031422599,1,9,0,18,3,7,0,0,0,0,1,0,1,1,6,1,42,7,-1,-1,-1,-1,2,2,E01019265,0
Unvalidated,2024031423046,2024,031423046,1,19,0,5,7,3,0,0,2,0,1,0,1,1,1,1,19,4,-1,-1,-1,-1,6,2,E01019096,0
Unvalidated,2024031423093,2024,031423093,1,5,0,18,4,8,0,0,2,0,1,1,4,1,2,1,60,9,-1,-1,-1,-1,-1,-1,-1,0
Unvalidated,2024031423334,2024,031423334,1,19,0,13,5,5,0,0,0,0,0,0,4,1,6,1,48,8,-1,-1,-1,-1,7,3,E01019352,0
Unvalidated,2024031423370,2024,031423370,1,9,0,18,3,7,0,0,0,0,1,4,1,1,5,1,45,7,-1,-1,-1,-1,9,2,E01019396,0
Unvalidated,2024031423392,2024,031423392,1,9,0,18,8,4,0,0,0,0,0,0,1,1,6,1,54,8,-1,-1,-1,-1,7,3,E01019395,0
Unvalidated,2024031423803,2024,031423803,1,1,0,9,8,6,0,0,0,0,1,0,1,1,5,1,35,6,-1,-1,-1,-1,3,1,E01019204,0