status,collision_index,collision_year,collision_reference,vehicle_reference,vehicle_type,towing_and_articulation,vehicle_manoeuvre,vehicle_direction_from,vehicle_direction_to,vehicle_location_restricted_lane,junction_location,skidding_and_overturning,hit_object_in_carriageway,vehicle_leaving_carriageway,hit_object_off_carriageway,first_point_of_impact,vehicle_left_hand_drive,journey_purpose_of_driver,sex_of_driver,age_of_driver,age_band_of_driver,engine_capacity_cc,propulsion_code,age_of_vehicle,generic_make_model,driver_imd_decile,driver_home_area_type,lsoa_of_driver,escooter_flag
Unvalidated,2024031423803,2024,031423803,2,9,0,18,8,4,0,0,0,0,0,0,4,1,6,3,-1,-1,-1,-1,-1,-1,-1,-1,-1,0
Unvalidated,2024031423809,2024,031423809,1,9,0,18,2,6,0,0,0,0,7,4,3,1,5,1,18,4,-1,-1,-1,-1,4,2,E01019298,0
Unvalidated,2024031424095,2024,031424095,1,9,-1,-1,1,5,-1,-1,-1,-1,-1,0,-1,1,6,3,-1,-1,-1,-1,-1,-1,-1,-1,-1,0
Unvalidated,2024031424199,2024,031424199,1,9,0,15,8,5,0,0,0,0,7,11,1,1,6,1,41,7,-1,-1,-1,-1,-1,-1,-1,0
Unvalidated,2024031424264,2024,031424264,1,9,0,7,2,4,0,0,0,0,1,0,1,1,6,1,56,9,-1,-1,-1,-1,-1,-1,-1,0
Unvalidated,2024031424453,2024,031424453,1,9,0,18,3,7,0,0,0,0,0,0,1,1,5,2,55,8,-1,-1,-1,-1,-1,-1,-1,0
Unvalidated,2024031424453,2024,031424453,2,9,0,18,3,7,0,0,0,0,0,0,2,1,5,1,22,5,-1,-1,-1,-1,-1,-1,-1,0
Unvalidated,2024031424478,2024,031424478,1,9,0,18,5,1,0,0,0,0,0,0,1,1,2,1,24,5,-1,-1,-1,-1,1,2,E01019095,0
Unvalidated,2024031424478,2024,031424478,2,9,0,4,5,1,0,0,0,0,0,0,2,1,5,1,87,11,-1,-1,-1,-1,5,3,E01019226,0
Unvalidated,2024031424478,2024,031424478,3,9,0,10,5,1,0,0,0,0,0,0,2,1,5,2,57,9,-1,-1,-1,-1,10,1,E01019241,0
Unvalidated,2024031424722,2024,031424722,1,9,0,18,1,5,0,1,0,0,1,4,1,1,2,1,32,6,-1,-1,-1,-1,1,2,E01019277,0
Unvalidated,2024031425125,2024,031425125,1,9,0,6,6,3,6,0,0,0,0,0,1,1,5,2,55,8,-1,-1,-1,-1,2,2,E01019227,0
Unvalidated,2024031425125,2024,031425125,2,9,0,18,5,1,0,0,0,0,0,0,1,1,2,1,60,9,-1,-1,-1,-1,2,2,E01019227,0
Unvalidated,2024031425561,2024,031425561,1,9,0,18,1,1,0,8,0,0,0,0,0,1,1,1,47,8,-1,-1,-1,-1,1,1,E01019141,0
Unvalidated,2024031425561,2024,031425561,2,9,0,18,7,3,0,1,0,0,0,0,1,1,5,1,70,10,-1,-1,-1,-1,-1,-1,-1,0
Unvalidated,2024031425580,2024,031425580,1,5,0,18,4,8,0,0,1,0,0,0,0,1,5,1,31,6,-1,-1,-1,-1,-1,-1,-1,0
Unvalidated,2024031425780,2024,031425780,1,9,0,3,1,5,0,1,0,0,0,0,3,1,6,3,30,6,-1,-1,-1,-1,-1,-1,-1,0
Unvalidated,2024031425780,2024,031425780,2,1,0,3,1,5,0,1,0,0,0,0,4,1,2,1,60,9,-1,-1,-1,-1,-1,-1,-1,0
Unvalidated,2024031425870,2024,031425870,1,9,0,-1,-1,-1,-1,-1,-1,-1,-1,0,-1,1,6,2,20,4,-1,-1,-1,-1,-1,-1,-1,0
Unvalidated,2024031425870,2024,031425870,2,9,0,-1,-1,-1,-1,-1,-1,-1,-1,0,-1,1,6,2,77,11,-1,-1,-1,-1,-1,-1,-1,0
Unvalidated,2024031425975,2024,031425975,1,9,0,3,8,8,0,0,0,0,0,0,2,1,6,1,34,6,-1,-1,-1,-1,1,1,E01019174,0
Unvalidated,2024031425975,2024,031425975,2,9,0,3,8,7,0,0,0,0,0,0,2,1,6,2,32,6,-1,-1,-1,-1,2,1,E01019173,0
Unvalidated,2024031426075,2024,031426075,1,9,0,12,1,1,0,4,0,0,0,0,4,1,6,2,50,8,-1,-1,-1,-1,-1,-1,-1,0
Unvalidated,2024031426075,2024,031426075,2,9,0,5,1,1,0,1,0,0,0,0,3,1,6,2,30,6,-1,-1,-1,-1,-1,-1,-1,0
Unvalidated,2024031426086,2024,031426086,1,9,0,18,1,1,0,8,0,0,0,0,1,1,6,2,48,8,-1,-1,-1,-1,-1,-1,-1,0
Unvalidated,2024031426308,2024,031426308,1,9,0,18,1,6,0,0,2,0,1,4,1,1,6,1,18,4,-1,-1,-1,-1,-1,-1,-1,0
Unvalidated,2024031426337,2024,031426337,1,9,0,6,7,3,0,0,0,0,0,0,3,1,2,1,62,9,-1,-1,-1,-1,1,1,E01019143,0
Unvalidated,2024031426337,2024,031426337,2,5,0,13,5,1,0,0,0,0,0,0,1,1,1,1,50,8,-1,-1,-1,-1,-1,-1,-1,0
Unvalidated,2024031426448,2024,031426448,1,9,0,18,8,4,0,1,0,0,0,0,2,1,6,2,20,4,-1,-1,-1,-1,-1,-1,-1,0
Unvalidated,2024031426448,2024,031426448,2,5,0,18,2,6,0,1,1,0,0,0,1,1,6,1,49,8,-1,-1,-1,-1,-1,-1,-1,0
Unvalidated,2024031426465,2024,031426465,1,9,0,18,5,8,0,8,0,0,7,0,1,1,5,1,33,6,-1,-1,-1,-1,5,1,E01002237,0
Unvalidated,2024031426465,2024,031426465,2,19,0,18,8,5,0,8,0,0,1,11,3,1,1,1,60,9,-1,-1,-1,-1,7,1,E01019129,0
Unvalidated,2024031426469,2024,031426469,1,9,0,4,7,3,0,1,0,0,0,0,2,1,5,1,51,8,-1,-1,-1,-1,-1,-1,-1,0
Unvalidated,2024031426469,2024,031426469,2,9,0,4,7,3,0,1,0,0,0,0,1,1,5,1,23,5,-1,-1,-1,-1,-1,-1,-1,0
Unvalidated,2024031426686,2024,031426686,1,9,0,18,5,1,0,0,0,0,0,0,4,1,5,2,83,11,-1,-1,-1,-1,-1,-1,-1,0
Unvalidated,2024031426769,2024,031426769,1,9,0,3,6,2,0,1,0,0,0,0,1,1,6,1,24,5,-1,-1,-1,-1,7,3,E01019136,0
Unvalidated,2024031426769,2024,031426769,2,9,0,4,2,6,0,1,0,0,0,0,1,1,6,1,67,10,-1,-1,-1,-1,7,3,E01019136,0
Unvalidated,2024031426769,2024,031426769,3,9,0,10,6,4,0,1,0,0,0,0,0,1,6,1,21,5,-1,-1,-1,-1,4,2,E01019137,0
Unvalidated,2024031426799,2024,031426799,1,9,0,17,7,3,0,0,1,0,2,11,1,1,5,1,17,4,-1,-1,-1,-1,3,1,E01020596,0
Unvalidated,2024031426894,2024,031426894,1,9,0,9,8,5,0,2,0,0,8,0,3,1,5,1,84,11,-1,-1,-1,-1,-1,-1,-1,0
Unvalidated,2024031426894,2024,031426894,2,9,0,18,6,3,0,1,0,0,0,0,1,1,5,2,28,6,-1,-1,-1,-1,-1,-1,-1,0
Unvalidated,2024031427000,2024,031427000,1,9,0,18,5,1,0,0,0,0,1,11,1,1,5,1,26,6,-1,-1,-1,-1,-1,-1,-1,0
Unvalidated,2024031427127,2024,031427127,1,9,0,18,6,2,0,0,0,0,0,0,3,1,6,1,81,11,-1,-1,-1,-1,2,1,E01019210,0
Unvalidated,2024031427190,2024,031427190,1,9,0,18,8,4,0,5,0,0,1,10,3,1,6,1,88,11,-1,-1,-1,-1,8,1,E01019101,0
Unvalidated,2024031427190,2024,031427190,2,9,0,10,6,4,0,6,0,0,0,0,1,1,5,2,39,7,-1,-1,-1,-1,1,1,E01019113,0
Unvalidated,2024031427194,2024,031427194,1,9,0,9,7,3,0,1,0,0,0,0,1,1,6,1,50,8,-1,-1,-1,-1,-1,-1,-1,0
Unvalidated,2024031427348,2024,031427348,1,9,0,18,2,6,0,0,0,0,0,0,1,1,6,1,59,9,-1,-1,-1,-1,2,1,E01019116,0
Unvalidated,2024031427348,2024,031427348,2,9,0,18,7,2,0,0,0,0,0,0,1,1,6,2,30,6,-1,-1,-1,-1,1,1,E01019112,0
Unvalidated,2024031427620,2024,031427620,1,9,0,18,7,2,0,0,0,0,0,0,0,1,6,1,68,10,-1,-1,-1,-1,-1,-1,-1,0
Unvalidated,2024031427676,2024,031427676,1,9,0,15,5,2,0,0,2,0,0,0,4,1,5,2,44,7,-1,-1,-1,-1,6,1,E01025121,0
Unvalidated,2024031428096,2024,031428096,2,22,0,2,1,5,0,0,0,0,0,0,2,1,6,2,61,9,-1,-1,-1,-1,-1,-1,-1,0
Unvalidated,2024031428096,2024,031428096,3,1,0,18,1,5,4,0,0,4,0,0,1,1,6,1,76,11,-1,-1,-1,-1,-1,-1,-1,0
Unvalidated,2024031428519,2024,031428519,1,9,0,18,8,5,0,0,0,0,0,0,3,1,6,1,28,6,-1,-1,-1,-1,-1,-1,-1,0
Unvalidated,2024031428519,2024,031428519,2,9,0,18,1,6,0,0,0,0,0,0,3,1,2,1,24,5,-1,-1,-1,-1,-1,-1,-1,0
Unvalidated,2024031428541,2024,031428541,1,9,0,18,3,7,0,2,2,0,7,4,4,1,6,2,27,6,-1,-1,-1,-1,-1,-1,-1,0
Unvalidated,2024031429303,2024,031429303,1,9,0,18,7,2,0,0,2,0,8,4,3,1,5,1,18,4,-1,-1,-1,-1,4,2,E01027485,0
Unvalidated,2024031429307,2024,031429307,1,2,0,18,1,5,0,0,1,0,0,0,3,1,2,2,57,9,-1,-1,-1,-1,8,1,E01019367,0
Unvalidated,2024031430062,2024,031430062,1,9,0,18,2,6,0,1,0,4,0,0,1,1,6,1,88,11,-1,-1,-1,-1,9,1,E01019328,0
Unvalidated,2024031430062,2024,031430062,2,9,0,2,3,4,0,1,0,0,0,0,1,1,6,2,34,6,-1,-1,-1,-1,-1,-1,-1,0
Unvalidated,2024031430224,2024,031430224,1,3,0,18,7,3,0,1,0,0,0,0,1,1,3,1,23,5,-1,-1,-1,-1,6,3,E01019084,0
Unvalidated,2024031430630,2024,031430630,1,9,0,18,5,1,0,0,1,0,0,0,1,1,5,1,27,6,-1,-1,-1,-1,3,1,E01019171,0
Unvalidated,2024031430630,2024,031430630,2,9,0,18,1,5,0,0,0,0,1,0,1,1,6,1,74,10,-1,-1,-1,-1,-1,-1,-1,0
Unvalidated,2024031430947,2024,031430947,1,3,0,12,3,7,0,0,2,11,1,0,1,1,5,1,54,8,-1,-1,-1,-1,-1,-1,-1,0
Unvalidated,2024031430947,2024,031430947,2,9,0,3,3,7,0,0,0,0,0,0,2,1,5,1,74,10,-1,-1,-1,-1,5,1,E01019152,0
Unvalidated,2024031431009,2024,031431009,1,9,0,18,1,1,0,6,1,0,1,0,1,1,6,1,53,8,-1,-1,-1,-1,4,2,E01019080,0
Unvalidated,2024031431009,2024,031431009,2,9,0,9,1,6,0,6,0,0,0,0,3,1,6,2,39,7,-1,-1,-1,-1,6,3,E01019320,0
Unvalidated,2024031431189,2024,031431189,1,9,0,-1,-1,-1,-1,-1,-1,-1,-1,0,-1,2,6,3,-1,-1,-1,-1,-1,-1,-1,-1,-1,0
Unvalidated,2024031431284,2024,031431284,1,9,0,18,4,7,0,0,1,0,8,4,1,1,6,1,38,7,-1,-1,-1,-1,5,3,E01028341,0
Unvalidated,2024031431284,2024,031431284,2,9,0,18,7,3,0,0,0,0,7,11,3,1,5,1,43,7,-1,-1,-1,-1,2,1,E01003594,0
Unvalidated,2024031431335,2024,031431335,1,9,0,18,3,6,0,0,5,0,1,9,1,1,6,1,18,4,-1,-1,-1,-1,-1,-1,-1,0
Unvalidated,2024031431362,2024,031431362,1,9,0,18,5,8,0,0,0,0,5,0,3,1,5,1,40,7,-1,-1,-1,-1,1,1,E01010824,0
Unvalidated,2024031432665,2024,031432665,1,9,0,18,8,3,0,1,0,0,0,0,1,1,6,1,34,6,-1,-1,-1,-1,1,1,E01019113,0
Unvalidated,2024031432665,2024,031432665,2,9,0,18,2,7,0,1,0,0,0,0,1,1,6,2,41,7,-1,-1,-1,-1,1,3,E01019122,0
Unvalidated,2024031432789,2024,031432789,1,9,0,18,4,8,0,0,1,0,1,0,1,1,5,2,67,10,-1,-1,-1,-1,3,1,E01019221,0
Unvalidated,2024031432789,2024,031432789,2,9,0,18,8,4,0,0,0,0,0,0,4,1,5,2,31,6,-1,-1,-1,-1,3,1,E01019221,0
Unvalidated,2024031432864,2024,031432864,1,9,0,18,6,2,0,0,1,0,2,10,1,1,5,1,17,4,-1,-1,-1,-1,8,1,E01019391,0
Unvalidated,2024031432939,2024,031432939,1,9,0,9,1,7,0,1,0,0,0,0,1,1,5,1,53,8,-1,-1,-1,-1,3,1,E01011964,0
Unvalidated,2024031432939,2024,031432939,2,9,0,18,7,3,0,1,0,0,0,0,4,1,5,1,84,11,-1,-1,-1,-1,10,1,E01007958,0
Unvalidated,2024031433223,2024,031433223,1,9,0,18,1,5,0,8,0,0,0,0,1,1,1,1,45,7,-1,-1,-1,-1,-1,-1,-1,0
Unvalidated,2024031433243,2024,031433243,1,9,0,18,3,1,0,0,1,0,7,1,4,1,5,1,31,6,-1,-1,-1,-1,7,2,E01019134,0
Unvalidated,2024031433519,2024,031433519,1,9,0,18,2,5,0,8,0,0,0,0,1,1,5,1,28,6,-1,-1,-1,-1,3,1,E01019236,0
Unvalidated,2024031433519,2024,031433519,2,5,0,18,8,5,0,8,0,0,0,0,4,1,5,1,63,9,-1,-1,-1,-1,2,1,E01019210,0
Unvalidated,2024031433629,2024,031433629,1,9,0,5,6,6,6,0,0,0,0,0,2,1,6,2,58,9,-1,-1,-1,-1,-1,-1,-1,0
Unvalidated,2024031433711,2024,031433711,1,9,0,9,6,7,0,0,0,0,0,0,1,1,6,2,58,9,-1,-1,-1,-1,-1,-1,-1,0
Unvalidated,2024031433737,2024,031433737,1,9,0,4,7,3,0,0,1,0,0,0,1,1,2,1,40,7,-1,-1,-1,-1,7,3,E01019214,0
Unvalidated,2024031433737,2024,031433737,2,9,0,10,7,3,0,0,0,0,0,0,2,1,5,2,66,10,-1,-1,-1,-1,6,3,E01019130,0
Unvalidated,2024031433737,2024,031433737,3,9,0,18,3,7,0,0,0,0,1,11,1,1,2,1,39,7,-1,-1,-1,-1,1,1,E01019111,0
Unvalidated,2024031433889,2024,031433889,1,9,0,9,3,1,0,8,0,0,0,0,4,1,5,2,82,11,-1,-1,-1,-1,6,3,E01019338,0
Unvalidated,2024031433889,2024,031433889,2,5,0,18,7,3,0,8,1,0,0,0,1,1,5,1,28,6,-1,-1,-1,-1,9,1,E01019369,0
Unvalidated,2024031433913,2024,031433913,1,5,0,18,3,7,0,0,1,0,0,0,3,1,5,1,27,6,-1,-1,-1,-1,-1,-1,-1,0
Unvalidated,2024031433929,2024,031433929,1,9,0,7,1,3,0,1,0,0,0,0,1,1,5,1,80,11,-1,-1,-1,-1,-1,-1,-1,0
Unvalidated,2024031433982,2024,031433982,1,19,0,18,7,4,0,0,0,0,3,0,1,1,1,1,42,7,-1,-1,-1,-1,-1,-1,-1,0
Unvalidated,2024031434133,2024,031434133,1,5,0,18,8,4,0,1,1,0,0,0,1,1,5,1,36,7,-1,-1,-1,-1,3,1,E01019236,0
Unvalidated,2024031434133,2024,031434133,2,9,0,7,2,4,0,2,0,0,0,0,2,1,5,1,28,6,-1,-1,-1,-1,2,1,E01020908,0
Unvalidated,2024031434508,2024,031434508,1,9,0,4,7,3,0,0,0,0,0,0,1,1,5,1,38,7,-1,-1,-1,-1,-1,-1,-1,0
Unvalidated,2024031434551,2024,031434551,1,21,1,7,7,2,0,0,2,0,0,0,3,1,1,1,35,6,-1,-1,-1,-1,1,1,E01008220,0
Unvalidated,2024031434554,2024,031434554,1,9,0,5,4,1,0,0,0,11,0,0,1,1,5,2,28,6,-1,-1,-1,-1,5,1,E01019123,0
Unvalidated,2024031434575,2024,031434575,1,9,0,18,4,8,0,1,1,0,0,0,1,1,5,1,19,4,-1,-1,-1,-1,8,1,E01019242,0
Unvalidated,2024031434575,2024,031434575,2,9,0,9,6,4,0,6,0,0,0,0,1,1,6,1,61,9,-1,-1,-1,-1,7,3,E01014744,0
Unvalidated,2024031434808,2024,031434808,1,9,0,5,3,1,0,6,0,0,0,0,1,1,6,1,56,9,-1,-1,-1,-1,6,1,E01019237,0
Unvalidated,2024031434808,2024,031434808,2,21,1,5,3,1,0,6,0,0,0,0,3,2,1,1,43,7,-1,-1,-1,-1,-1,-1,-1,0
Unvalidated,2024031434958,2024,031434958,1,9,0,1,5,7,0,0,0,0,0,0,2,1,6,1,53,8,-1,-1,-1,-1,2,1,E01019206,0
Unvalidated,2024031434958,2024,031434958,2,9,0,18,3,7,0,0,0,0,0,0,4,1,6,2,62,9,-1,-1,-1,-1,5,3,E01019226,0
Unvalidated,2024031435359,2024,031435359,1,9,0,18,5,1,0,0,0,0,0,0,1,1,5,1,27,6,-1,-1,-1,-1,3,1,E01019291,0
Unvalidated,2024031435359,2024,031435359,2,19,0,18,1,5,0,0,0,0,0,0,3,1,2,1,52,8,-1,-1,-1,-1,-1,-1,-1,0
Unvalidated,2024031435476,2024,031435476,1,9,0,5,7,3,0,0,1,0,1,0,3,1,6,1,36,7,-1,-1,-1,-1,-1,-1,-1,0
Unvalidated,2024031435476,2024,031435476,2,9,0,18,7,1,0,0,0,0,0,0,1,1,2,2,26,6,-1,-1,-1,-1,10,1,E01019244,0
Unvalidated,2024031435749,2024,031435749,1,9,0,5,7,2,0,0,1,0,7,0,1,1,2,1,27,6,-1,-1,-1,-1,8,1,E01019330,0
Unvalidated,2024031436008,2024,031436008,1,9,0,18,5,1,0,0,0,0,0,0,3,1,6,3,-1,-1,-1,-1,-1,-1,-1,-1,-1,0
Unvalidated,2024031436008,2024,031436008,2,1,0,18,1,5,0,0,1,0,0,0,3,1,1,1,16,4,-1,-1,-1,-1,4,2,E01019290,0
Unvalidated,2024031436184,2024,031436184,1,9,0,18,7,3,0,8,0,11,0,0,1,1,2,2,24,5,-1,-1,-1,-1,-1,-1,-1,0
Unvalidated,2024031436184,2024,031436184,2,9,0,9,7,3,0,1,0,0,0,0,2,1,2,1,30,6,-1,-1,-1,-1,-1,-1,-1,0
Unvalidated,2024031436297,2024,031436297,1,5,0,18,1,5,0,0,0,0,1,11,1,1,5,1,73,10,-1,-1,-1,-1,4,1,E01018744,0
Unvalidated,2024031436297,2024,031436297,2,9,0,18,5,1,0,0,0,0,0,0,3,1,5,1,30,6,-1,-1,-1,-1,6,3,E01027742,0
Unvalidated,2024031436353,2024,031436353,1,9,0,18,7,3,0,4,0,0,0,0,1,1,1,2,23,5,-1,-1,-1,-1,-1,-1,-1,0
Unvalidated,2024031436398,2024,031436398,1,9,4,10,2,8,0,0,0,0,0,0,3,1,6,1,55,8,-1,-1,-1,-1,-1,-1,-1,0
Unvalidated,2024031436487,2024,031436487,1,9,0,18,7,3,0,0,0,11,0,0,1,1,5,1,76,11,-1,-1,-1,-1,8,1,E01019383,0
Unvalidated,2024031437123,2024,031437123,1,9,0,18,1,1,0,0,0,0,0,0,2,1,6,3,30,6,-1,-1,-1,-1,-1,-1,-1,0
Unvalidated,2024031437498,2024,031437498,1,9,0,18,7,4,0,0,0,0,0,0,4,1,5,2,55,8,-1,-1,-1,-1,2,1,E01020798,0
Unvalidated,2024031437606,2024,031437606,1,11,0,5,4,7,0,8,0,4,0,0,1,1,1,1,62,9,-1,-1,-1,-1,8,1,E01019253,0
Unvalidated,2024031437606,2024,031437606,2,9,0,10,7,5,0,1,0,0,0,0,1,1,5,2,73,10,-1,-1,-1,-1,9,3,E01019249,0
Unvalidated,2024031438004,2024,031438004,1,19,0,5,5,1,0,6,0,0,0,0,3,1,1,1,32,6,-1,-1,-1,-1,3,1,E01019221,0
Unvalidated,2024031438004,2024,031438004,2,1,0,18,4,5,0,1,0,0,0,0,1,1,6,1,32,6,-1,-1,-1,-1,3,1,E01019234,0
Unvalidated,2024031438164,2024,031438164,1,3,0,18,1,6,9,1,0,0,0,0,1,1,6,3,-1,-1,-1,-1,-1,-1,-1,-1,-1,0
Unvalidated,2024031438431,2024,031438431,1,9,0,18,2,7,0,2,0,0,0,0,1,2,6,2,17,4,-1,-1,-1,-1,9,1,E01019261,0
Unvalidated,2024031438431,2024,031438431,2,9,0,18,8,4,0,2,0,0,0,0,4,2,6,1,30,6,-1,-1,-1,-1,9,3,E01019300,0
Unvalidated,2024031438565,2024,031438565,1,9,0,18,4,6,0,0,0,0,1,0,4,1,6,1,50,8,-1,-1,-1,-1,-1,-1,-1,0
Unvalidated,2024031438832,2024,031438832,1,11,0,5,4,2,2,6,0,0,0,0,1,1,3,1,73,10,-1,-1,-1,-1,6,1,E01019235,0
Unvalidated,2024031438904,2024,031438904,1,9,0,5,3,7,0,0,0,0,0,0,1,1,6,1,37,7,-1,-1,-1,-1,6,2,E01027487,0
Unvalidated,2024031438904,2024,031438904,2,9,0,18,3,7,0,0,0,0,0,0,4,1,5,2,17,4,-1,-1,-1,-1,1,1,E01019231,0
Unvalidated,2024031439114,2024,031439114,1,9,0,5,5,2,0,6,0,0,0,0,1,1,5,1,25,5,-1,-1,-1,-1,-1,-1,-1,0
Unvalidated,2024031439234,2024,031439234,1,9,0,18,3,7,0,0,0,0,0,0,1,1,5,1,20,4,-1,-1,-1,-1,7,2,E01019382,0
Unvalidated,2024031439265,2024,031439265,1,9,0,18,5,8,0,0,5,0,0,0,3,1,6,1,26,6,-1,-1,-1,-1,8,1,E01019367,0
Unvalidated,2024031439268,2024,031439268,1,9,0,18,5,1,0,0,1,0,0,0,1,1,5,1,19,4,-1,-1,-1,-1,1,1,E01019164,0
Unvalidated,2024031439268,2024,031439268,2,9,0,18,1,5,0,0,0,0,0,0,1,1,5,2,83,11,-1,-1,-1,-1,1,1,E01019164,0
Unvalidated,2024031439394,2024,031439394,1,9,0,18,3,7,0,0,0,0,0,0,4,1,6,1,63,9,-1,-1,-1,-1,5,2,E01019149,0
Unvalidated,2024031439394,2024,031439394,2,2,0,5,5,3,0,0,0,0,0,0,1,1,2,1,59,9,-1,-1,-1,-1,-1,-1,-1,0
Unvalidated,2024031439512,2024,031439512,1,9,0,9,2,7,0,1,0,0,0,0,1,1,5,2,21,5,-1,-1,-1,-1,6,3,E01019130,0
Unvalidated,2024031439512,2024,031439512,2,9,0,18,6,2,0,1,0,0,0,0,1,1,5,1,74,10,-1,-1,-1,-1,6,1,E01019213,0
Unvalidated,2024031439548,2024,031439548,1,3,0,18,5,1,0,8,1,0,1,0,3,1,5,1,21,5,-1,-1,-1,-1,1,1,E01019157,0
Unvalidated,2024031439548,2024,031439548,2,9,0,7,5,8,0,8,0,0,0,0,3,1,5,1,77,11,-1,-1,-1,-1,8,1,E01029751,0
Unvalidated,2024031439704,2024,031439704,1,9,0,18,5,1,0,8,5,0,1,11,4,1,5,1,22,5,-1,-1,-1,-1,8,1,E01019334,0
Unvalidated,2024031439834,2024,031439834,1,9,0,18,4,8,0,0,1,0,7,9,1,1,5,1,55,8,-1,-1,-1,-1,6,3,E01019315,0
Unvalidated,2024031439886,2024,031439886,1,9,0,3,1,5,0,0,0,0,0,0,1,1,6,2,35,6,-1,-1,-1,-1,6,3,E01019090,0
Unvalidated,2024031439886,2024,031439886,2,5,0,6,7,3,0,0,0,0,0,0,3,1,6,1,57,9,-1,-1,-1,-1,6,2,E01019084,0
Unvalidated,2024031440297,2024,031440297,1,9,0,4,5,1,0,1,0,0,0,0,1,1,1,1,24,5,-1,-1,-1,-1,5,2,E01019268,0
Unvalidated,2024031440463,2024,031440463,1,9,0,18,3,7,0,2,0,0,0,0,1,1,2,2,66,10,-1,-1,-1,-1,2,2,E01019299,0
Unvalidated,2024031440463,2024,031440463,2,9,0,9,5,1,0,8,0,0,0,0,3,1,5,1,50,8,-1,-1,-1,-1,3,1,E01025069,0
Unvalidated,2024031440887,2024,031440887,1,9,0,15,6,2,0,0,0,0,0,0,1,1,6,1,85,11,-1,-1,-1,-1,-1,-1,-1,0
Unvalidated,2024031440887,2024,031440887,2,9,0,3,6,2,0,0,0,0,0,0,3,1,5,1,77,11,-1,-1,-1,-1,-1,-1,-1,0
Unvalidated,2024031440887,2024,031440887,3,9,0,18,2,4,0,0,0,0,1,0,3,1,5,2,58,9,-1,-1,-1,-1,-1,-1,-1,0
Unvalidated,2024031440904,2024,031440904,1,9,0,18,2,6,0,0,5,10,8,11,3,1,6,2,84,11,-1,-1,-1,-1,4,2,E01019080,0
Unvalidated,2024031440941,2024,031440941,1,9,0,18,6,2,0,0,0,0,0,0,1,1,5,2,57,9,-1,-1,-1,-1,2,1,E01019210,0
Unvalidated,2024031440942,2024,031440942,1,9,0,9,3,1,0,5,0,0,0,0,1,1,6,1,25,5,-1,-1,-1,-1,4,2,E01019290,0
Unvalidated,2024031440942,2024,031440942,2,1,0,18,7,3,0,1,0,0,0,0,1,1,5,1,54,8,-1,-1,-1,-1,2,2,E01019299,0
Unvalidated,2024031440998,2024,031440998,1,9,0,18,4,1,9,0,0,0,1,99,1,1,2,1,26,6,-1,-1,-1,-1,4,1,E01019364,0
Unvalidated,2024031441108,2024,031441108,1,9,0,18,2,5,0,0,5,0,7,0,1,1,5,1,19,4,-1,-1,-1,-1,1,2,E01019277,0
Unvalidated,2024031441181,2024,031441181,1,9,0,10,3,7,0,6,0,0,0,0,1,2,6,1,43,7,-1,-1,-1,-1,5,3,E01019278,0
Unvalidated,2024031441181,2024,031441181,2,9,0,9,6,3,0,5,0,0,0,0,1,1,6,1,60,9,-1,-1,-1,-1,5,2,E01019264,0
Unvalidated,2024031441356,2024,031441356,1,9,0,9,4,1,0,5,0,0,0,0,1,1,5,2,33,6,-1,-1,-1,-1,-1,-1,-1,0
Unvalidated,2024031441356,2024,031441356,2,1,0,18,7,3,0,8,0,0,0,0,1,1,2,1,38,7,-1,-1,-1,-1,4,1,E01019389,0
Unvalidated,2024031441363,2024,031441363,1,9,0,18,1,5,0,0,2,0,0,0,3,1,5,1,18,4,-1,-1,-1,-1,5,2,E01019144,0
Unvalidated,2024031441363,2024,031441363,2,19,0,18,5,1,0,0,0,0,0,0,3,1,5,1,43,7,-1,-1,-1,-1,8,3,E01027586,0
Unvalidated,2024031441363,2024,031441363,3,9,0,18,5,1,0,0,0,0,0,0,3,1,5,1,63,9,-1,-1,-1,-1,6,3,E01019350,0
Unvalidated,2024031441492,2024,031441492,1,9,0,18,2,5,0,1,0,0,0,0,1,1,6,1,63,9,-1,-1,-1,-1,2,1,E01019138,0
Unvalidated,2024031441509,2024,031441509,1,9,0,18,2,4,0,0,1,0,0,0,1,1,5,1,31,6,-1,-1,-1,-1,-1,-1,-1,0
Unvalidated,2024031441532,2024,031441532,1,1,0,18,5,8,0,8,1,0,0,0,1,1,5,1,54,8,-1,-1,-1,-1,-1,-1,-1,0
Unvalidated,2024031441532,2024,031441532,2,9,0,4,5,1,0,8,0,0,0,0,2,1,5,2,40,7,-1,-1,-1,-1,9,3,E01025538,0
Unvalidated,2024031441582,2024,031441582,1,5,0,18,3,7,0,0,1,0,0,0,0,1,5,1,59,9,-1,-1,-1,-1,6,3,E01019350,0
Unvalidated,2024031441582,2024,031441582,2,9,0,6,7,3,0,0,0,0,0,0,0,1,6,1,60,9,-1,-1,-1,-1,7,1,E01019390,0
Unvalidated,2024031441584,2024,031441584,1,5,0,4,3,7,0,5,0,0,0,0,2,1,5,1,58,9,-1,-1,-1,-1,1,1,E01019193,0
Unvalidated,2024031441584,2024,031441584,2,5,0,4,3,7,0,1,1,0,0,0,1,1,5,1,62,9,-1,-1,-1,-1,2,1,E01019210,0
Unvalidated,2024031441816,2024,031441816,1,5,0,18,4,7,0,0,1,0,7,0,1,1,5,1,33,6,-1,-1,-1,-1,2,1,E01028112,0
Unvalidated,2024031441881,2024,031441881,1,9,0,18,1,5,0,0,1,7,0,0,1,1,6,1,58,9,-1,-1,-1,-1,-1,-1,-1,0