status,collision_index,collision_year,collision_reference,vehicle_reference,vehicle_type,towing_and_articulation,vehicle_manoeuvre,vehicle_direction_from,vehicle_direction_to,vehicle_location_restricted_lane,junction_location,skidding_and_overturning,hit_object_in_carriageway,vehicle_leaving_carriageway,hit_object_off_carriageway,first_point_of_impact,vehicle_left_hand_drive,journey_purpose_of_driver,sex_of_driver,age_of_driver,age_band_of_driver,engine_capacity_cc,propulsion_code,age_of_vehicle,generic_make_model,driver_imd_decile,driver_home_area_type,lsoa_of_driver,escooter_flag
Unvalidated,2024031441938,2024,031441938,1,90,-1,18,5,1,0,1,0,0,0,0,1,1,6,3,-1,-1,-1,-1,-1,-1,-1,-1,-1,0
Unvalidated,2024031441938,2024,031441938,2,1,-1,-1,5,3,-1,-1,-1,-1,-1,0,-1,1,5,1,36,7,-1,-1,-1,-1,1,1,E01019160,0
Unvalidated,2024031442014,2024,031442014,1,10,0,18,1,5,2,0,0,0,0,0,1,1,1,1,53,8,-1,-1,-1,-1,7,2,E01019136,0
Unvalidated,2024031442014,2024,031442014,2,1,0,18,7,3,2,0,2,0,3,0,4,1,5,1,14,3,-1,-1,-1,-1,4,1,E01019217,0
Unvalidated,2024031442256,2024,031442256,1,9,0,18,5,1,0,8,0,0,0,0,1,1,5,1,43,7,-1,-1,-1,-1,6,3,E01019090,0
Unvalidated,2024031442256,2024,031442256,2,5,0,18,7,3,0,8,0,0,0,0,4,1,5,1,61,9,-1,-1,-1,-1,10,2,E01019078,0
Unvalidated,2024031442309,2024,031442309,1,8,0,9,5,6,0,8,0,0,0,0,4,1,1,1,-1,-1,-1,-1,-1,-1,-1,-1,-1,0
Unvalidated,2024031442309,2024,031442309,2,1,0,18,5,1,0,1,0,0,0,0,1,1,6,1,56,9,-1,-1,-1,-1,-1,-1,-1,0
Unvalidated,2024031442404,2024,031442404,1,9,0,18,1,5,0,0,0,0,1,0,1,1,6,1,31,6,-1,-1,-1,-1,-1,-1,-1,0
Unvalidated,2024031442561,2024,031442561,1,9,0,18,7,7,0,0,0,0,0,0,4,1,6,1,85,11,-1,-1,-1,-1,-1,-1,-1,0
Unvalidated,2024031442678,2024,031442678,1,9,0,9,1,7,0,6,0,0,0,0,1,1,6,2,55,8,-1,-1,-1,-1,1,1,E01019160,0
Unvalidated,2024031442713,2024,031442713,1,1,0,18,3,6,0,-1,0,0,0,0,1,1,4,1,15,3,-1,-1,-1,-1,3,1,E01019205,0
Unvalidated,2024031442713,2024,031442713,2,9,4,18,7,4,0,1,0,0,0,0,4,1,2,1,34,6,-1,-1,-1,-1,1,1,E01019193,0
Unvalidated,2024031442905,2024,031442905,1,9,0,18,8,5,0,0,2,0,0,0,4,1,6,1,52,8,-1,-1,-1,-1,8,3,E01019224,0
Unvalidated,2024031442905,2024,031442905,2,9,0,18,1,5,0,0,0,0,0,0,3,1,1,1,32,6,-1,-1,-1,-1,5,1,W01001551,0
Unvalidated,2024031443218,2024,031443218,1,9,0,18,7,3,0,0,0,0,0,0,1,1,1,1,62,9,-1,-1,-1,-1,5,3,E01019386,0
Unvalidated,2024031443218,2024,031443218,2,9,0,18,7,3,0,0,0,0,0,0,2,1,5,2,81,11,-1,-1,-1,-1,1,1,E01005328,0
Unvalidated,2024031443447,2024,031443447,1,19,-1,18,5,1,0,1,0,11,0,0,4,1,6,3,-1,-1,-1,-1,-1,-1,-1,-1,-1,0
Unvalidated,2024031443687,2024,031443687,1,9,0,18,6,2,0,1,0,0,0,0,1,1,6,1,56,9,-1,-1,-1,-1,9,1,E01019176,0
Unvalidated,2024031443687,2024,031443687,2,19,0,6,6,2,0,1,0,0,0,0,3,1,1,1,58,9,-1,-1,-1,-1,9,1,E01019358,0
Unvalidated,2024031443817,2024,031443817,1,9,0,4,5,1,0,0,0,0,0,0,1,1,2,1,24,5,-1,-1,-1,-1,1,1,E01019140,0
Unvalidated,2024031443817,2024,031443817,2,9,0,4,5,1,0,0,0,0,0,0,2,1,2,1,19,4,-1,-1,-1,-1,10,1,E01019393,0
Unvalidated,2024031443817,2024,031443817,3,9,0,4,5,1,0,0,0,0,0,0,2,1,2,1,18,4,-1,-1,-1,-1,-1,-1,-1,0
Unvalidated,2024031443817,2024,031443817,4,9,0,4,5,1,0,0,0,0,0,0,2,1,2,1,65,9,-1,-1,-1,-1,2,1,-1,0
Unvalidated,2024031444145,2024,031444145,1,9,0,9,5,3,0,1,1,0,1,0,1,1,5,2,18,4,-1,-1,-1,-1,-1,-1,-1,0
Unvalidated,2024031444160,2024,031444160,1,19,0,4,2,6,0,0,0,0,0,0,0,1,6,3,-1,-1,-1,-1,-1,-1,-1,-1,-1,0
Unvalidated,2024031444160,2024,031444160,2,5,0,18,2,6,0,0,2,10,0,0,0,1,6,1,57,9,-1,-1,-1,-1,6,2,E01019145,0
Unvalidated,2024031444421,2024,031444421,1,9,0,18,7,3,0,1,0,0,7,0,1,1,2,2,43,7,-1,-1,-1,-1,3,2,E01019126,0
Unvalidated,2024031445011,2024,031445011,1,3,0,18,5,1,0,0,0,0,0,0,1,1,5,1,66,10,-1,-1,-1,-1,3,1,E01025063,0
Unvalidated,2024031445011,2024,031445011,2,9,0,4,5,1,0,0,0,0,0,0,2,1,5,1,28,6,-1,-1,-1,-1,7,2,E01019385,0
Unvalidated,2024031445090,2024,031445090,1,9,0,18,4,7,0,0,5,11,0,0,1,1,5,1,78,11,-1,-1,-1,-1,9,3,E01025148,0
Unvalidated,2024031445200,2024,031445200,1,9,0,18,4,8,0,0,5,0,1,0,1,1,5,2,77,11,-1,-1,-1,-1,5,3,E01019356,0
Unvalidated,2024031445203,2024,031445203,1,9,0,9,7,1,0,8,0,0,0,0,4,1,5,1,72,10,-1,-1,-1,-1,-1,-1,-1,0
Unvalidated,2024031445203,2024,031445203,2,5,0,18,7,3,0,1,0,0,0,0,1,1,5,1,51,8,-1,-1,-1,-1,5,1,E01025604,0
Unvalidated,2024031445302,2024,031445302,1,9,0,9,6,3,0,5,0,0,0,0,4,1,5,1,32,6,-1,-1,-1,-1,4,1,E01006537,0
Unvalidated,2024031445302,2024,031445302,2,9,0,18,8,5,0,8,0,0,0,0,1,1,5,1,77,11,-1,-1,-1,-1,7,1,E01019331,0
Unvalidated,2024031445311,2024,031445311,1,9,0,18,7,3,0,0,5,0,0,0,1,1,5,1,79,11,-1,-1,-1,-1,6,2,E01019306,0
Unvalidated,2024031445649,2024,031445649,1,9,0,18,7,3,0,0,0,0,0,0,1,1,6,2,40,7,-1,-1,-1,-1,-1,-1,-1,0
Unvalidated,2024031445811,2024,031445811,1,21,0,18,7,3,0,0,0,0,7,4,1,1,1,1,26,6,-1,-1,-1,-1,8,3,E01019086,0
Unvalidated,2024031446071,2024,031446071,1,9,0,18,2,6,0,0,1,0,2,4,1,1,6,2,51,8,-1,-1,-1,-1,1,1,-1,0
Unvalidated,2024031446071,2024,031446071,2,21,1,18,2,6,0,0,0,0,0,0,2,1,1,1,-1,-1,-1,-1,-1,-1,-1,-1,-1,0
Unvalidated,2024031446295,2024,031446295,1,9,0,18,5,7,0,0,0,10,0,0,3,1,5,1,20,4,-1,-1,-1,-1,3,1,E01002502,0
Unvalidated,2024031446319,2024,031446319,1,9,0,9,3,7,0,0,5,0,0,0,3,1,5,1,26,6,-1,-1,-1,-1,-1,-1,-1,0
Unvalidated,2024031446401,2024,031446401,1,9,0,18,5,2,0,0,0,0,1,0,3,1,6,1,56,9,-1,-1,-1,-1,9,1,-1,0
Unvalidated,2024031446517,2024,031446517,1,9,0,18,8,4,0,0,1,0,4,0,1,1,5,2,60,9,-1,-1,-1,-1,6,2,W01001039,0
Unvalidated,2024031446563,2024,031446563,1,9,0,18,1,5,0,0,0,0,8,6,3,1,6,2,22,5,-1,-1,-1,-1,8,1,E01019366,0
Unvalidated,2024031446705,2024,031446705,1,9,0,18,6,1,0,0,0,0,1,0,4,1,2,2,48,8,-1,-1,-1,-1,3,1,E01019208,0
Unvalidated,2024031446808,2024,031446808,1,9,0,18,5,5,0,1,2,0,0,0,0,1,5,1,59,9,-1,-1,-1,-1,5,1,E01019188,0
Unvalidated,2024031447234,2024,031447234,1,19,0,18,2,6,0,1,0,0,0,0,1,1,1,1,29,6,-1,-1,-1,-1,4,2,E01019080,0
Unvalidated,2024031447234,2024,031447234,2,9,0,18,7,3,0,1,0,0,0,0,1,1,6,2,17,4,-1,-1,-1,-1,4,2,E01019094,0
Unvalidated,2024031447303,2024,031447303,1,97,0,18,5,1,0,0,0,0,1,0,3,1,5,2,54,8,-1,-1,-1,-1,-1,-1,-1,0
Unvalidated,2024031447303,2024,031447303,2,9,0,11,5,1,0,0,0,0,0,0,4,1,5,1,86,11,-1,-1,-1,-1,-1,-1,-1,0
Unvalidated,2024031447519,2024,031447519,1,9,0,18,3,8,6,0,0,0,1,0,1,1,5,1,18,4,-1,-1,-1,-1,-1,-1,-1,0
Unvalidated,2024031447548,2024,031447548,1,9,0,18,3,7,0,1,0,0,0,0,1,1,5,1,49,8,-1,-1,-1,-1,2,1,E01008377,0
Unvalidated,2024031447548,2024,031447548,2,9,0,18,7,3,0,1,0,0,0,0,1,1,5,1,57,9,-1,-1,-1,-1,-1,-1,-1,0
Unvalidated,2024031447548,2024,031447548,3,9,0,10,4,7,0,1,0,0,0,0,0,1,5,1,24,5,-1,-1,-1,-1,9,1,E01019238,0
Unvalidated,2024031447879,2024,031447879,1,3,0,18,7,3,0,0,2,0,7,0,1,1,5,1,18,4,-1,-1,-1,-1,4,2,E01019147,0
Unvalidated,2024031448098,2024,031448098,1,9,0,3,7,3,0,0,0,0,0,0,1,1,5,1,56,9,-1,-1,-1,-1,5,3,E01026385,0
Unvalidated,2024031448184,2024,031448184,1,9,0,18,5,8,0,1,0,11,0,0,1,1,5,2,23,5,-1,-1,-1,-1,4,3,E01019276,0
Unvalidated,2024031448215,2024,031448215,1,9,0,9,5,7,0,1,0,0,1,0,1,1,6,1,56,9,-1,-1,-1,-1,4,1,E01019232,0
Unvalidated,2024031448215,2024,031448215,2,9,0,18,5,5,0,1,0,0,0,0,0,1,5,1,-1,-1,-1,-1,-1,-1,4,1,E01019332,0
Unvalidated,2024031448298,2024,031448298,1,9,0,18,6,2,0,1,0,0,0,0,1,1,5,1,56,9,-1,-1,-1,-1,-1,-1,-1,0
Unvalidated,2024031448523,2024,031448523,1,97,0,18,8,7,9,0,0,0,0,0,1,1,6,1,14,3,-1,-1,-1,-1,-1,-1,-1,0
Unvalidated,2024031448526,2024,031448526,1,97,0,4,1,5,0,0,2,11,0,0,3,1,5,1,38,7,-1,-1,-1,-1,-1,-1,-1,0
Unvalidated,2024031448588,2024,031448588,1,9,0,18,7,3,0,4,0,0,0,0,1,1,6,1,60,9,-1,-1,-1,-1,5,1,E01019233,0
Unvalidated,2024031448588,2024,031448588,2,1,0,11,6,2,0,3,0,0,0,0,2,1,5,1,33,6,-1,-1,-1,-1,8,1,E01019242,0
Unvalidated,2024031448636,2024,031448636,1,9,0,18,2,6,0,0,1,0,1,0,4,1,6,1,47,8,-1,-1,-1,-1,-1,-1,-1,0
Unvalidated,2024031448861,2024,031448861,1,19,5,18,3,3,0,0,0,0,1,0,1,1,1,1,30,6,-1,-1,-1,-1,3,1,E01007371,0
Unvalidated,2024031448861,2024,031448861,2,9,0,3,3,7,0,0,0,0,1,0,2,1,6,1,55,8,-1,-1,-1,-1,10,1,E01027786,0
Unvalidated,2024031448861,2024,031448861,3,9,0,3,0,0,0,0,0,0,1,0,2,1,6,2,51,8,-1,-1,-1,-1,5,1,E01000285,0
Unvalidated,2024031449109,2024,031449109,1,9,0,18,3,7,0,0,0,0,0,0,1,1,1,1,30,6,-1,-1,-1,-1,5,3,E01019128,0
Unvalidated,2024031449109,2024,031449109,2,9,0,18,3,6,0,0,0,0,0,0,0,1,5,1,49,8,-1,-1,-1,-1,4,3,E01019094,0
Unvalidated,2024031449584,2024,031449584,1,9,0,4,1,5,9,0,0,0,0,0,2,1,5,2,52,8,-1,-1,-1,-1,-1,-1,-1,0
Unvalidated,2024031449639,2024,031449639,1,9,0,18,1,3,0,0,0,0,8,0,1,1,6,1,20,4,-1,-1,-1,-1,6,3,E01027479,0
Unvalidated,2024031449812,2024,031449812,1,19,0,18,6,2,0,2,0,0,0,0,3,1,1,1,49,8,-1,-1,-1,-1,-1,-1,-1,0
Unvalidated,2024031449812,2024,031449812,2,9,0,9,5,2,0,6,0,0,0,0,1,1,6,1,20,4,-1,-1,-1,-1,-1,-1,-1,0
Unvalidated,2024031450421,2024,031450421,1,9,0,18,3,7,0,0,0,7,6,0,4,1,6,2,69,10,-1,-1,-1,-1,-1,-1,-1,0
Unvalidated,2024031450486,2024,031450486,1,19,0,18,5,1,0,0,1,0,2,11,1,1,6,1,21,5,-1,-1,-1,-1,-1,-1,-1,0
Unvalidated,2024031450497,2024,031450497,1,9,0,18,7,3,0,0,0,0,0,0,1,1,2,2,18,4,-1,-1,-1,-1,5,2,E01019318,0
Unvalidated,2024031450497,2024,031450497,2,3,0,18,7,3,0,0,0,0,0,0,2,1,2,1,32,6,-1,-1,-1,-1,5,2,E01019318,0
Unvalidated,2024031450593,2024,031450593,1,9,0,18,7,2,0,0,5,0,2,11,1,1,5,2,65,9,-1,-1,-1,-1,-1,-1,-1,0
Unvalidated,2024031450689,2024,031450689,1,4,0,5,3,7,0,1,2,0,0,0,4,1,6,1,38,7,-1,-1,-1,-1,1,1,E01019231,0
Unvalidated,2024031450716,2024,031450716,1,98,1,18,1,5,0,0,0,0,0,0,1,1,1,1,59,9,-1,-1,-1,-1,-1,-1,-1,0
Unvalidated,2024031450716,2024,031450716,2,9,0,5,7,3,0,0,0,0,0,0,3,1,6,1,28,6,-1,-1,-1,-1,1,1,E01019280,0
Unvalidated,2024031450722,2024,031450722,1,1,0,18,8,5,0,0,1,0,0,0,1,1,5,1,35,6,-1,-1,-1,-1,-1,-1,-1,0
Unvalidated,2024031450904,2024,031450904,1,5,0,18,3,7,0,1,1,0,0,0,1,1,5,1,29,6,-1,-1,-1,-1,5,3,E01019325,0
Unvalidated,2024031450904,2024,031450904,2,9,0,10,3,7,0,1,0,0,0,0,0,1,5,1,37,7,-1,-1,-1,-1,9,2,E01025211,0
Unvalidated,2024031450917,2024,031450917,1,9,0,18,8,4,0,1,1,0,6,0,4,1,5,2,28,6,-1,-1,-1,-1,6,3,E01019308,0
Unvalidated,2024031450917,2024,031450917,2,17,4,18,8,4,0,1,0,0,0,0,3,1,1,1,34,6,-1,-1,-1,-1,6,3,E01019338,0
Unvalidated,2024031450983,2024,031450983,1,9,0,18,3,7,0,0,5,0,7,0,1,1,2,2,27,6,-1,-1,-1,-1,-1,-1,-1,0
Unvalidated,2024031451139,2024,031451139,1,9,5,18,1,6,0,0,0,0,0,0,1,1,2,2,42,7,-1,-1,-1,-1,5,1,E01019220,0
Unvalidated,2024031451598,2024,031451598,1,9,0,18,8,2,0,0,0,0,0,0,4,1,6,1,35,6,-1,-1,-1,-1,-1,-1,-1,0
Unvalidated,2024031451720,2024,031451720,1,5,0,18,6,2,0,0,2,0,1,0,4,1,5,1,54,8,-1,-1,-1,-1,7,3,E01025609,0
Unvalidated,2024031451769,2024,031451769,1,9,0,9,1,7,0,8,0,0,0,0,1,1,6,1,19,4,-1,-1,-1,-1,-1,-1,-1,0
Unvalidated,2024031451769,2024,031451769,2,9,0,18,5,1,0,8,0,0,1,0,1,1,6,1,21,5,-1,-1,-1,-1,-1,-1,-1,0
Unvalidated,2024031452136,2024,031452136,1,19,0,18,3,7,0,0,0,0,0,0,4,1,1,1,32,6,-1,-1,-1,-1,1,1,E01012892,0
Unvalidated,2024031452175,2024,031452175,1,9,0,18,8,4,0,0,0,0,4,0,1,1,5,1,68,10,-1,-1,-1,-1,6,1,E01025122,0
Unvalidated,2024031452175,2024,031452175,2,21,1,18,8,4,0,0,0,0,0,0,2,1,1,1,63,9,-1,-1,-1,-1,5,3,E01019314,0
Unvalidated,2024031452380,2024,031452380,1,9,0,18,7,3,0,1,0,0,0,0,1,1,6,1,23,5,-1,-1,-1,-1,-1,-1,-1,0
Unvalidated,2024031452380,2024,031452380,2,9,0,18,3,7,0,1,0,0,0,0,4,1,1,1,37,7,-1,-1,-1,-1,5,1,E01019220,0
Unvalidated,2024031452380,2024,031452380,3,9,0,18,3,7,0,1,0,0,0,0,1,1,6,1,22,5,-1,-1,-1,-1,-1,-1,-1,0
Unvalidated,2024031452671,2024,031452671,1,9,0,-1,-1,-1,-1,0,-1,-1,-1,0,-1,1,1,2,28,6,-1,-1,-1,-1,-1,-1,-1,0
Unvalidated,2024031453068,2024,031453068,1,9,0,1,0,0,0,0,0,0,0,0,0,1,5,2,79,11,-1,-1,-1,-1,-1,-1,-1,0
Unvalidated,2024031453128,2024,031453128,1,9,0,2,3,7,0,2,0,0,0,0,1,1,6,1,32,6,-1,-1,-1,-1,4,1,E01019118,0
Unvalidated,2024031453210,2024,031453210,1,9,0,18,6,2,0,0,0,0,0,0,1,1,5,1,73,10,-1,-1,-1,-1,-1,-1,-1,0
Unvalidated,2024031453210,2024,031453210,2,9,0,4,6,2,0,0,0,0,1,0,2,1,5,1,66,10,-1,-1,-1,-1,4,1,E01019281,0
Unvalidated,2024031453329,2024,031453329,1,9,0,1,1,5,0,0,0,0,0,0,0,1,6,1,-1,-1,-1,-1,-1,-1,-1,-1,-1,0
Unvalidated,2024031453530,2024,031453530,1,19,0,9,7,3,0,1,0,0,0,0,2,1,5,2,43,7,-1,-1,-1,-1,-1,-1,-1,0
Unvalidated,2024031453530,2024,031453530,2,19,0,18,3,7,0,1,0,4,0,0,1,1,1,1,23,5,-1,-1,-1,-1,6,2,E01027487,0
Unvalidated,2024031453798,2024,031453798,1,9,0,4,1,1,0,0,0,0,0,0,1,1,6,1,73,10,-1,-1,-1,-1,-1,-1,-1,0
Unvalidated,2024031453799,2024,031453799,1,9,0,18,1,5,0,0,5,0,0,0,4,1,5,2,53,8,-1,-1,-1,-1,-1,-1,-1,0
Unvalidated,2024031454087,2024,031454087,1,-1,0,4,8,2,0,0,0,0,0,0,0,1,1,1,50,8,-1,-1,-1,-1,-1,-1,-1,0
Unvalidated,2024031454190,2024,031454190,1,1,0,18,7,3,0,0,2,0,0,0,1,1,5,2,20,4,-1,-1,-1,-1,5,1,E01015092,0
Unvalidated,2024031454650,2024,031454650,1,19,0,5,6,2,9,0,0,0,7,4,1,1,1,1,60,9,-1,-1,-1,-1,1,1,E01026312,0
Unvalidated,2024031454802,2024,031454802,1,90,0,18,1,5,0,0,0,0,0,0,1,1,6,1,10,2,-1,-1,-1,-1,1,1,E01019113,1
Unvalidated,2024031454802,2024,031454802,2,19,0,7,5,3,0,0,0,0,0,0,1,1,6,1,17,4,-1,-1,-1,-1,-1,-1,-1,0
Unvalidated,2024031454816,2024,031454816,1,9,0,1,5,8,0,2,0,0,0,0,4,1,1,1,61,9,-1,-1,-1,-1,6,1,E01019235,0
Unvalidated,2024031454875,2024,031454875,1,11,0,18,1,5,3,2,0,0,0,0,1,1,1,2,31,6,-1,-1,-1,-1,4,1,E01019217,0
Unvalidated,2024031454945,2024,031454945,1,3,0,4,3,5,0,0,0,0,0,0,1,1,5,1,64,9,-1,-1,-1,-1,2,1,E01033160,0
Unvalidated,2024031454945,2024,031454945,2,9,0,4,2,5,0,0,0,0,0,0,2,1,1,1,31,6,-1,-1,-1,-1,1,1,E01025136,0
Unvalidated,2024031455354,2024,031455354,1,9,0,18,6,1,0,5,0,6,0,0,1,1,6,1,27,6,-1,-1,-1,-1,6,3,E01019338,0
Unvalidated,2024031455418,2024,031455418,1,9,0,18,4,8,0,0,0,4,0,0,1,1,6,2,83,11,-1,-1,-1,-1,6,2,E01019082,0
Unvalidated,2024031455418,2024,031455418,2,9,0,2,0,0,0,0,0,0,0,0,1,1,6,3,-1,-1,-1,-1,-1,-1,-1,-1,-1,0
Unvalidated,2024031455418,2024,031455418,3,9,0,2,0,0,0,0,0,0,0,0,2,1,6,3,-1,-1,-1,-1,-1,-1,-1,-1,-1,0
Unvalidated,2024031455484,2024,031455484,1,9,0,18,3,7,0,1,0,0,0,0,1,1,5,1,19,4,-1,-1,-1,-1,9,1,E01019261,0
Unvalidated,2024031455484,2024,031455484,2,9,0,18,5,1,0,2,0,0,0,0,3,1,5,2,25,5,-1,-1,-1,-1,5,3,E01019128,0
Unvalidated,2024031455485,2024,031455485,1,9,0,18,1,5,0,8,0,0,0,0,3,1,6,1,27,6,-1,-1,-1,-1,-1,-1,-1,0
Unvalidated,2024031455485,2024,031455485,2,9,0,9,7,5,0,6,0,0,0,0,1,1,6,1,68,10,-1,-1,-1,-1,5,3,E01019127,0
Unvalidated,2024031455825,2024,031455825,1,9,0,18,4,8,0,0,5,0,1,10,1,1,5,1,75,10,-1,-1,-1,-1,6,1,E01030714,0
Unvalidated,2024031455929,2024,031455929,1,9,0,11,5,1,0,0,0,4,0,0,1,1,6,1,30,6,-1,-1,-1,-1,10,1,E01019368,0
Unvalidated,2024031455929,2024,031455929,2,9,0,2,5,1,0,0,0,0,0,0,2,1,6,1,54,8,-1,-1,-1,-1,4,1,E01019364,0
Unvalidated,2024031455938,2024,031455938,1,9,0,18,5,1,0,0,0,0,0,0,1,1,2,2,31,6,-1,-1,-1,-1,-1,-1,-1,0
Unvalidated,2024031455974,2024,031455974,1,9,0,18,2,4,0,0,5,0,7,11,1,1,6,1,20,4,-1,-1,-1,-1,7,3,E01019387,0
Unvalidated,2024031456058,2024,031456058,1,5,0,18,7,3,0,0,0,0,0,0,3,1,5,1,39,7,-1,-1,-1,-1,6,1,E01011071,0
Unvalidated,2024031456105,2024,031456105,1,9,0,18,1,5,0,0,0,0,0,0,4,1,6,1,33,6,-1,-1,-1,-1,-1,-1,-1,0
Unvalidated,2024031456266,2024,031456266,1,9,0,18,2,6,0,0,0,0,8,11,1,1,5,1,46,8,-1,-1,-1,-1,1,2,E01019277,0
Unvalidated,2024031456266,2024,031456266,2,19,0,2,0,0,0,0,0,0,0,0,2,1,6,3,-1,-1,-1,-1,-1,-1,-1,-1,-1,0
Unvalidated,2024031456436,2024,031456436,1,17,0,5,5,1,0,6,0,0,0,0,1,2,1,1,18,4,-1,-1,-1,-1,-1,-1,-1,0
Unvalidated,2024031456436,2024,031456436,2,9,0,5,3,7,0,1,0,0,0,0,1,2,5,2,28,6,-1,-1,-1,-1,-1,-1,-1,0
Unvalidated,2024031456526,2024,031456526,1,9,0,18,1,5,0,0,0,7,0,0,1,1,2,1,21,5,-1,-1,-1,-1,8,1,E01019366,0
Unvalidated,2024031456561,2024,031456561,1,5,0,18,2,6,0,1,0,0,1,0,1,1,6,1,61,9,-1,-1,-1,-1,8,2,E01024957,0
Unvalidated,2024031456609,2024,031456609,1,8,0,5,3,7,6,0,0,0,0,0,0,1,1,2,44,7,-1,-1,-1,-1,-1,-1,-1,0
Unvalidated,2024031456648,2024,031456648,1,9,0,18,1,5,0,0,0,0,5,6,3,1,5,2,21,5,-1,-1,-1,-1,10,1,-1,0
Unvalidated,2024031456850,2024,031456850,1,9,0,18,6,6,0,0,1,0,0,0,1,1,2,1,40,7,-1,-1,-1,-1,1,1,E01004861,0
Unvalidated,2024031457172,2024,031457172,1,9,-1,5,5,1,0,1,-1,4,0,0,4,1,6,3,-1,-1,-1,-1,-1,-1,-1,-1,-1,0
Unvalidated,2024031457172,2024,031457172,2,9,-1,18,1,5,0,1,-1,-1,0,0,3,1,6,3,-1,-1,-1,-1,-1,-1,-1,-1,-1,0
Unvalidated,2024031457172,2024,031457172,3,9,4,3,5,1,0,1,0,0,0,0,3,1,6,1,61,9,-1,-1,-1,-1,5,3,E01019386,0
Unvalidated,2024031457222,2024,031457222,1,9,0,18,1,5,0,0,5,0,0,0,4,1,5,2,30,6,-1,-1,-1,-1,7,1,E01019390,0
Unvalidated,2024031457233,2024,031457233,1,11,0,4,1,5,0,0,0,0,0,0,1,1,6,3,-1,-1,-1,-1,-1,-1,-1,-1,-1,0
Unvalidated,2024031457714,2024,031457714,1,23,0,14,8,4,2,8,0,0,0,0,3,1,6,1,-1,-1,-1,-1,-1,-1,-1,-1,-1,0
Unvalidated,2024031457714,2024,031457714,2,9,0,7,5,1,0,2,0,0,0,0,1,1,6,1,47,8,-1,-1,-1,-1,6,1,E01019213,0
Unvalidated,2024031457820,2024,031457820,1,9,0,18,7,3,0,1,0,0,0,0,3,1,5,2,57,9,-1,-1,-1,-1,-1,-1,-1,0
Unvalidated,2024031458090,2024,031458090,1,9,0,9,7,8,0,5,0,0,0,0,1,1,6,2,62,9,-1,-1,-1,-1,2,1,E01019285,0
Unvalidated,2024031458090,2024,031458090,2,97,0,18,7,8,0,1,0,0,0,0,3,1,6,1,44,7,-1,-1,-1,-1,5,1,E01019286,0
Unvalidated,2024031458107,2024,031458107,1,97,0,4,5,1,0,0,2,0,0,0,3,1,2,1,55,8,-1,-1,-1,-1,-1,-1,-1,0
Unvalidated,2024031458136,2024,031458136,1,9,0,13,1,5,0,1,1,0,0,0,1,1,5,1,28,6,-1,-1,-1,-1,-1,-1,-1,0
Unvalidated,2024031458136,2024,031458136,2,9,0,9,3,1,0,1,0,0,0,0,1,1,5,1,66,10,-1,-1,-1,-1,-1,-1,-1,0
Unvalidated,2024031458413,2024,031458413,1,9,0,4,8,5,0,0,0,0,0,0,1,1,6,3,50,8,-1,-1,-1,-1,-1,-1,-1,0
Unvalidated,2024031458413,2024,031458413,2,9,0,3,1,5,0,0,0,0,0,0,3,1,6,2,33,6,-1,-1,-1,-1,-1,-1,-1,0
Unvalidated,2024031458526,2024,031458526,1,9,0,5,8,5,0,6,0,0,0,0,1,1,6,2,36,7,-1,-1,-1,-1,-1,-1,-1,0
Unvalidated,2024031458526,2024,031458526,2,9,0,18,2,6,0,1,0,0,0,0,3,1,5,1,31,6,-1,-1,-1,-1,1,2,E01019263,0
Unvalidated,2024031458759,2024,031458759,1,4,0,18,5,6,0,0,0,0,0,0,1,1,6,1,68,10,-1,-1,-1,-1,3,1,E01019291,0
Unvalidated,2024031458759,2024,031458759,2,9,0,4,6,6,0,0,0,0,0,0,2,1,6,1,69,10,-1,-1,-1,-1,4,1,E01019281,0
Unvalidated,2024031459012,2024,031459012,1,5,0,18,3,7,0,0,2,0,1,0,4,1,5,1,59,9,-1,-1,-1,-1,7,1,E01029582,0
Unvalidated,2024031459060,2024,031459060,1,9,0,18,5,1,0,0,0,0,0,0,1,1,5,1,49,8,-1,-1,-1,-1,3,1,-1,0
Unvalidated,2024031459060,2024,031459060,2,21,4,18,5,1,0,0,0,0,0,0,2,1,1,1,38,7,-1,-1,-1,-1,2,3,-1,0
Unvalidated,2024031459122,2024,031459122,1,5,0,18,6,1,0,1,0,0,0,0,1,1,6,1,52,8,-1,-1,-1,-1,9,1,E01008620,0
Unvalidated,2024031459122,2024,031459122,2,9,0,7,6,8,0,5,0,0,0,0,3,1,6,2,45,7,-1,-1,-1,-1,6,3,E01019308,0
Unvalidated,2024031459130,2024,031459130,1,9,0,18,3,6,0,0,0,10,0,0,3,1,5,2,79,11,-1,-1,-1,-1,9,3,E01020664,0
Unvalidated,2024031459172,2024,031459172,1,9,0,18,2,7,0,0,0,0,0,0,1,1,5,1,23,5,-1,-1,-1,-1,5,3,E01019259,0
Unvalidated,2024031459172,2024,031459172,2,9,0,18,7,2,0,0,0,0,0,0,1,1,2,1,52,8,-1,-1,-1,-1,9,2,E01019303,0
Unvalidated,2024031459524,2024,031459524,1,9,0,3,7,7,0,1,1,0,0,0,1,1,2,2,55,8,-1,-1,-1,-1,6,3,E01019351,0
Unvalidated,2024031459524,2024,031459524,2,19,0,5,5,4,0,1,0,0,0,0,3,1,1,1,59,9,-1,-1,-1,-1,10,3,E01019347,0
Unvalidated,2024031459527,2024,031459527,1,9,0,-1,-1,-1,-1,-1,-1,-1,-1,0,3,1,2,1,37,7,-1,-1,-1,-1,-1,-1,-1,0