status,collision_index,collision_year,collision_reference,vehicle_reference,vehicle_type,towing_and_articulation,vehicle_manoeuvre,vehicle_direction_from,vehicle_direction_to,vehicle_location_restricted_lane,junction_location,skidding_and_overturning,hit_object_in_carriageway,vehicle_leaving_carriageway,hit_object_off_carriageway,first_point_of_impact,vehicle_left_hand_drive,journey_purpose_of_driver,sex_of_driver,age_of_driver,age_band_of_driver,engine_capacity_cc,propulsion_code,age_of_vehicle,generic_make_model,driver_imd_decile,driver_home_area_type,lsoa_of_driver,escooter_flag
Unvalidated,2024031459527,2024,031459527,2,1,-1,-1,-1,-1,-1,-1,-1,-1,-1,0,-1,1,6,1,-1,-1,-1,-1,-1,-1,-1,-1,-1,0
Unvalidated,2024031459599,2024,031459599,1,5,0,18,1,5,0,0,5,0,1,0,1,1,5,2,28,6,-1,-1,-1,-1,-1,-1,-1,0
Unvalidated,2024031459686,2024,031459686,1,4,0,18,5,1,0,0,2,0,0,0,3,1,2,1,43,7,-1,-1,-1,-1,2,1,E01019199,0
Unvalidated,2024031460474,2024,031460474,1,9,0,18,1,5,0,0,0,0,1,0,1,1,6,2,48,8,-1,-1,-1,-1,1,1,E01008425,0
Unvalidated,2024031460561,2024,031460561,1,3,0,18,5,1,0,0,0,0,1,0,1,1,5,1,48,8,-1,-1,-1,-1,3,1,E01019171,0
Unvalidated,2024031460744,2024,031460744,1,9,0,9,7,5,0,1,0,0,0,0,1,1,1,1,59,9,-1,-1,-1,-1,-1,-1,-1,0
Unvalidated,2024031460744,2024,031460744,2,1,0,18,4,8,0,1,0,0,0,0,1,1,6,2,30,6,-1,-1,-1,-1,2,1,E01019175,0
Unvalidated,2024031460850,2024,031460850,1,1,0,18,4,8,0,1,1,0,0,0,0,1,6,1,71,10,-1,-1,-1,-1,-1,-1,-1,0
Unvalidated,2024031461034,2024,031461034,1,17,-1,-1,-1,-1,-1,0,-1,-1,-1,0,-1,1,1,3,-1,-1,-1,-1,-1,-1,-1,-1,-1,0
Unvalidated,2024031461034,2024,031461034,2,1,-1,-1,-1,-1,-1,0,-1,-1,-1,0,-1,1,2,1,48,8,-1,-1,-1,-1,-1,-1,-1,0
Unvalidated,2024031461098,2024,031461098,1,22,0,5,1,2,0,0,0,0,0,0,1,1,6,3,-1,-1,-1,-1,-1,-1,-1,-1,-1,0
Unvalidated,2024031461519,2024,031461519,1,9,0,5,7,8,0,6,0,0,0,0,1,1,6,2,60,9,-1,-1,-1,-1,-1,-1,-1,0
Unvalidated,2024031461854,2024,031461854,1,9,0,18,7,3,0,0,0,0,7,4,1,1,5,1,40,7,-1,-1,-1,-1,1,1,E01006306,0
Unvalidated,2024031461927,2024,031461927,1,9,0,18,3,7,0,0,1,11,0,0,1,1,6,2,24,5,-1,-1,-1,-1,-1,-1,-1,0
Unvalidated,2024031462004,2024,031462004,1,9,0,18,7,3,0,0,0,0,0,0,1,1,1,1,38,7,-1,-1,-1,-1,5,1,E01019220,0
Unvalidated,2024031462004,2024,031462004,2,9,0,-1,-1,-1,-1,0,-1,-1,-1,0,-1,1,6,3,-1,-1,-1,-1,-1,-1,-1,-1,-1,0
Unvalidated,2024031464029,2024,031464029,1,9,0,18,7,3,0,0,1,0,7,0,1,1,6,1,19,4,-1,-1,-1,-1,3,1,E01019291,0
Unvalidated,2024031464090,2024,031464090,1,9,0,7,1,3,0,6,0,0,0,0,3,1,6,1,68,10,-1,-1,-1,-1,1,1,E01019113,0
Unvalidated,2024031466008,2024,031466008,1,9,0,9,3,2,0,6,0,0,0,0,4,1,6,1,81,11,-1,-1,-1,-1,8,1,E01019370,0
Unvalidated,2024031466008,2024,031466008,2,9,0,18,6,2,0,1,0,0,0,0,1,1,6,1,59,9,-1,-1,-1,-1,7,2,E01019374,0
Unvalidated,2024031468485,2024,031468485,1,9,0,18,4,8,0,0,0,4,0,0,4,1,6,1,32,6,-1,-1,-1,-1,5,1,E01019363,0
Unvalidated,2024031468485,2024,031468485,2,19,0,2,7,6,0,0,0,0,0,0,0,1,6,3,-1,-1,-1,-1,-1,-1,-1,-1,-1,0
Unvalidated,2024031469856,2024,031469856,1,9,0,4,7,3,0,0,0,0,0,0,0,1,6,2,36,7,-1,-1,-1,-1,-1,-1,-1,0
Unvalidated,2024031485630,2024,031485630,1,19,0,18,1,5,0,0,0,0,0,0,1,1,1,1,29,6,-1,-1,-1,-1,-1,-1,-1,0
Unvalidated,2024031485630,2024,031485630,2,2,0,18,5,1,0,0,0,0,0,0,4,1,5,2,33,6,-1,-1,-1,-1,-1,-1,-1,0
Unvalidated,2024041393614,2024,041393614,1,97,0,18,5,1,0,1,1,0,7,0,1,1,5,1,20,4,-1,-1,-1,-1,10,1,E01004804,0
Unvalidated,2024041393663,2024,041393663,1,9,0,18,5,1,0,0,0,0,0,0,1,1,5,1,19,4,-1,-1,-1,-1,4,1,E01010652,0
Unvalidated,2024041393663,2024,041393663,2,9,0,18,5,1,0,0,0,0,0,0,2,1,5,1,36,7,-1,-1,-1,-1,9,1,E01024970,0
Unvalidated,2024041393742,2024,041393742,1,9,0,18,1,5,0,0,1,0,0,0,1,1,5,1,36,7,-1,-1,-1,-1,2,1,E01005182,0
Unvalidated,2024041393883,2024,041393883,1,9,0,18,8,4,0,0,2,0,7,0,1,1,5,1,81,11,-1,-1,-1,-1,9,1,E01025127,0
Unvalidated,2024041394024,2024,041394024,1,9,0,18,3,7,0,1,0,0,0,0,3,1,5,2,68,10,-1,-1,-1,-1,6,1,E01012730,0
Unvalidated,2024041394048,2024,041394048,1,9,0,12,1,5,0,0,0,0,7,11,2,1,5,1,59,9,-1,-1,-1,-1,4,3,E01024975,0
Unvalidated,2024041394048,2024,041394048,2,9,0,4,1,5,0,0,0,0,0,0,0,1,5,2,58,9,-1,-1,-1,-1,9,3,E01025491,0
Unvalidated,2024041394048,2024,041394048,3,90,0,13,1,5,0,0,0,0,7,0,1,1,5,1,25,5,-1,-1,-1,-1,9,2,E01025497,0
Unvalidated,2024041394093,2024,041394093,1,9,0,18,5,1,0,0,1,7,0,0,3,1,5,1,44,7,-1,-1,-1,-1,6,1,E01025121,0
Unvalidated,2024041394305,2024,041394305,1,9,0,-1,-1,-1,-1,-1,-1,-1,-1,0,-1,1,6,3,-1,-1,-1,-1,-1,-1,-1,-1,-1,0
Unvalidated,2024041394508,2024,041394508,1,9,0,18,1,5,1,0,0,0,1,2,1,1,5,1,83,11,-1,-1,-1,-1,6,3,E01024921,0
Unvalidated,2024041394508,2024,041394508,2,9,0,2,5,1,0,0,0,0,0,0,3,1,6,3,-1,-1,-1,-1,-1,-1,-1,-1,-1,0
Unvalidated,2024041394509,2024,041394509,1,9,0,18,7,3,0,1,0,0,0,0,1,1,5,2,18,4,-1,-1,-1,-1,9,1,E01025273,0
Unvalidated,2024041394509,2024,041394509,2,9,0,4,7,3,0,1,0,0,0,0,2,1,5,1,61,9,-1,-1,-1,-1,10,1,E01011455,0
Unvalidated,2024041394770,2024,041394770,1,9,0,3,1,5,0,0,0,0,0,0,1,1,5,2,41,7,-1,-1,-1,-1,2,1,E01025481,0
Unvalidated,2024041394770,2024,041394770,2,9,0,4,1,5,0,0,0,0,0,0,2,1,6,2,40,7,-1,-1,-1,-1,1,1,E01004863,0
Unvalidated,2024041394838,2024,041394838,1,9,0,18,4,8,0,4,0,0,0,0,1,1,6,1,54,8,-1,-1,-1,-1,9,1,E01025177,0
Unvalidated,2024041394838,2024,041394838,2,9,0,9,2,6,0,8,0,0,0,0,1,1,5,2,32,6,-1,-1,-1,-1,4,1,E01012712,0
Unvalidated,2024041394841,2024,041394841,1,9,0,7,3,3,0,8,0,0,0,0,1,2,5,1,86,11,-1,-1,-1,-1,2,1,E01024910,0
Unvalidated,2024041394841,2024,041394841,2,9,0,18,1,2,0,2,0,0,0,0,1,2,5,1,56,9,-1,-1,-1,-1,1,1,E01024876,0
Unvalidated,2024041394887,2024,041394887,1,9,0,11,5,1,0,0,0,0,0,0,0,1,6,3,-1,-1,-1,-1,-1,-1,-1,-1,-1,0
Unvalidated,2024041394887,2024,041394887,2,9,0,18,5,7,0,0,1,0,1,7,4,1,5,1,56,9,-1,-1,-1,-1,8,1,E01006285,0
Unvalidated,2024041394931,2024,041394931,1,9,0,18,1,5,0,0,0,0,3,0,0,1,2,1,41,7,-1,-1,-1,-1,6,1,E01029524,0
Unvalidated,2024041394947,2024,041394947,1,9,0,9,7,3,0,2,0,0,0,0,1,1,6,1,45,7,-1,-1,-1,-1,1,1,E01025181,0
Unvalidated,2024041394947,2024,041394947,2,9,0,17,5,1,0,1,0,0,2,0,1,1,5,1,-1,-1,-1,-1,-1,-1,-1,-1,-1,0
Unvalidated,2024041394984,2024,041394984,1,1,0,18,5,1,0,0,0,0,0,0,1,1,2,2,56,9,-1,-1,-1,-1,1,1,E01012637,0
Unvalidated,2024041394984,2024,041394984,2,9,0,18,1,5,0,0,0,0,0,0,4,1,5,1,82,11,-1,-1,-1,-1,8,1,E01025056,0
Unvalidated,2024041394986,2024,041394986,1,9,0,18,3,7,0,0,0,0,0,0,1,2,2,1,48,8,-1,-1,-1,-1,6,1,E01012616,0
Unvalidated,2024041394986,2024,041394986,2,9,0,3,3,7,0,0,0,0,0,0,2,2,2,2,50,8,-1,-1,-1,-1,5,1,E01025193,0
Unvalidated,2024041395193,2024,041395193,1,9,0,18,1,5,0,0,0,0,0,0,1,1,1,1,60,9,-1,-1,-1,-1,4,1,E01012725,0
Unvalidated,2024041395193,2024,041395193,2,9,0,18,1,5,0,0,0,0,0,0,3,1,5,1,39,7,-1,-1,-1,-1,3,1,E01012691,0
Unvalidated,2024041395208,2024,041395208,1,9,0,18,7,3,0,6,0,0,0,0,1,1,5,2,55,8,-1,-1,-1,-1,3,1,E01025429,0
Unvalidated,2024041395208,2024,041395208,2,9,0,18,1,5,0,8,0,0,0,0,3,1,5,1,54,8,-1,-1,-1,-1,4,1,E01025262,0
Unvalidated,2024041395238,2024,041395238,1,9,0,18,6,2,0,0,0,0,0,0,4,1,2,2,63,9,-1,-1,-1,-1,2,1,E01012579,0
Unvalidated,2024041395238,2024,041395238,2,9,0,2,1,5,0,0,0,0,0,0,3,1,6,3,-1,-1,-1,-1,-1,-1,-1,-1,-1,0
Unvalidated,2024041395361,2024,041395361,1,9,0,18,3,7,0,0,2,0,1,11,1,1,2,2,30,6,-1,-1,-1,-1,1,1,E01005321,0
Unvalidated,2024041395387,2024,041395387,1,9,0,5,-1,-1,0,8,0,0,0,0,3,1,6,3,-1,-1,-1,-1,-1,-1,-1,-1,-1,0
Unvalidated,2024041395387,2024,041395387,2,9,0,18,6,2,0,1,0,0,0,0,1,2,5,1,50,8,-1,-1,-1,-1,8,1,E01024861,0
Unvalidated,2024041395411,2024,041395411,1,9,0,14,1,5,0,0,0,0,0,0,3,1,5,2,62,9,-1,-1,-1,-1,5,1,E01025541,0
Unvalidated,2024041395411,2024,041395411,2,98,0,2,1,5,0,0,0,0,0,0,2,1,1,1,52,8,-1,-1,-1,-1,6,1,E01006227,0
Unvalidated,2024041395418,2024,041395418,1,9,0,15,1,5,0,0,0,0,0,0,1,1,6,1,66,10,-1,-1,-1,-1,5,3,E01025331,0
Unvalidated,2024041395418,2024,041395418,2,9,0,15,1,5,0,0,1,0,7,11,2,1,6,1,53,8,-1,-1,-1,-1,8,3,E01027568,0
Unvalidated,2024041395473,2024,041395473,1,9,0,18,7,3,0,0,0,0,0,0,1,1,5,1,70,10,-1,-1,-1,-1,1,1,E01010713,0
Unvalidated,2024041395473,2024,041395473,2,9,0,18,3,7,0,0,0,0,0,0,1,1,5,1,61,9,-1,-1,-1,-1,8,1,E01025519,0
Unvalidated,2024041395516,2024,041395516,1,9,0,9,5,3,0,6,0,0,0,0,3,1,6,3,-1,-1,-1,-1,-1,-1,-1,-1,-1,0
Unvalidated,2024041395516,2024,041395516,2,9,0,18,7,3,0,2,0,0,0,0,1,1,1,1,35,6,-1,-1,-1,-1,1,1,E01025042,0
Unvalidated,2024041395613,2024,041395613,1,9,0,9,3,1,0,6,0,0,0,0,1,1,5,1,33,6,-1,-1,-1,-1,2,1,E01025275,0
Unvalidated,2024041395638,2024,041395638,1,9,0,18,7,3,0,1,0,0,0,0,4,1,5,2,40,7,-1,-1,-1,-1,2,1,E01025313,0
Unvalidated,2024041395640,2024,041395640,1,9,0,9,7,4,0,6,0,0,0,0,1,1,6,1,32,6,-1,-1,-1,-1,4,1,E01025460,0
Unvalidated,2024041395641,2024,041395641,1,1,0,18,1,5,0,0,0,0,0,0,1,1,6,1,27,6,-1,-1,-1,-1,3,1,E01025269,0
Unvalidated,2024041395641,2024,041395641,2,9,0,18,5,1,0,0,0,0,0,0,4,1,5,1,62,9,-1,-1,-1,-1,10,1,E01007034,0
Unvalidated,2024041395655,2024,041395655,1,97,0,16,3,7,0,0,1,0,0,0,4,1,5,1,67,10,-1,-1,-1,-1,5,1,E01004779,0
Unvalidated,2024041395684,2024,041395684,1,9,0,9,7,5,0,6,0,4,0,0,3,1,5,1,33,6,-1,-1,-1,-1,1,1,E01025207,0
Unvalidated,2024041395684,2024,041395684,2,98,0,18,5,1,0,1,0,0,0,0,1,1,1,1,43,7,-1,-1,-1,-1,9,2,E01025074,0
Unvalidated,2024041395684,2024,041395684,3,9,0,2,0,0,0,2,0,0,0,0,1,1,6,3,-1,-1,-1,-1,-1,-1,-1,-1,-1,0
Unvalidated,2024041395690,2024,041395690,1,9,0,9,3,7,0,6,0,0,0,0,3,1,5,1,59,9,-1,-1,-1,-1,3,1,E01025379,0
Unvalidated,2024041395690,2024,041395690,2,1,0,18,1,5,0,1,0,0,0,0,1,1,5,1,28,6,-1,-1,-1,-1,4,1,E01025374,0
Unvalidated,2024041395692,2024,041395692,1,9,0,9,4,2,0,6,0,0,0,0,3,1,5,2,29,6,-1,-1,-1,-1,2,1,E01025284,0
Unvalidated,2024041395692,2024,041395692,2,9,0,18,2,6,0,1,0,0,0,0,4,1,5,1,21,5,-1,-1,-1,-1,1,1,E01025293,0
Unvalidated,2024041395796,2024,041395796,1,9,0,18,7,3,0,6,0,0,0,0,1,1,5,2,39,7,-1,-1,-1,-1,5,1,E01025190,0
Unvalidated,2024041395796,2024,041395796,2,9,0,18,1,5,0,8,0,0,0,0,4,1,2,2,19,4,-1,-1,-1,-1,1,1,E01025189,0
Unvalidated,2024041395918,2024,041395918,1,90,2,9,8,1,0,4,0,0,0,0,4,2,1,1,42,7,-1,-1,-1,-1,-1,-1,-1,0
Unvalidated,2024041395918,2024,041395918,2,9,0,18,8,8,0,4,0,0,0,0,3,1,5,1,47,8,-1,-1,-1,-1,9,1,E01024956,0
Unvalidated,2024041396015,2024,041396015,1,9,0,18,8,4,0,0,0,0,0,0,4,1,6,3,-1,-1,-1,-1,-1,-1,-1,-1,-1,0
Unvalidated,2024041396015,2024,041396015,2,1,0,18,8,4,0,0,5,0,0,0,3,1,4,1,13,3,-1,-1,-1,-1,1,1,E01024940,0
Unvalidated,2024041396088,2024,041396088,1,9,0,18,1,5,0,1,0,0,0,0,1,1,5,2,28,6,-1,-1,-1,-1,5,1,E01025153,0
Unvalidated,2024041396088,2024,041396088,2,97,0,2,1,5,0,1,0,0,0,0,2,1,5,2,58,9,-1,-1,-1,-1,3,2,E01025097,0
Unvalidated,2024041396094,2024,041396094,1,9,0,13,8,4,0,0,0,0,7,11,1,1,2,1,32,6,-1,-1,-1,-1,-1,1,-1,0
Unvalidated,2024041396094,2024,041396094,2,9,0,9,2,6,0,0,0,0,6,11,3,1,5,2,61,9,-1,-1,-1,-1,9,3,E01025358,0
Unvalidated,2024041396098,2024,041396098,1,9,0,18,5,1,0,0,0,0,0,0,1,1,1,2,40,7,-1,-1,-1,-1,2,1,E01012746,0
Unvalidated,2024041396098,2024,041396098,2,9,0,18,3,7,0,0,0,0,1,11,4,1,5,1,62,9,-1,-1,-1,-1,8,3,E01025105,0
Unvalidated,2024041396126,2024,041396126,1,9,0,18,2,6,0,0,0,0,0,0,1,1,6,2,40,7,-1,-1,-1,-1,5,1,E01007056,0
Unvalidated,2024041396139,2024,041396139,1,97,0,18,5,1,0,2,1,0,0,0,4,1,5,1,43,7,-1,-1,-1,-1,2,1,E01025244,0
Unvalidated,2024041396398,2024,041396398,1,9,0,18,1,5,0,1,0,0,0,0,1,1,2,1,24,5,-1,-1,-1,-1,5,1,E01012645,0
Unvalidated,2024041396398,2024,041396398,2,9,0,18,1,5,0,1,0,0,0,0,3,1,3,1,45,7,-1,-1,-1,-1,1,1,E01025293,0
Unvalidated,2024041396434,2024,041396434,1,9,0,16,5,1,0,1,0,0,0,0,1,1,5,2,70,10,-1,-1,-1,-1,1,1,E01025226,0
Unvalidated,2024041396434,2024,041396434,2,9,0,16,5,1,0,1,0,0,0,0,2,1,5,1,54,8,-1,-1,-1,-1,1,1,E01025184,0
Unvalidated,2024041396517,2024,041396517,1,9,0,18,7,3,0,0,0,0,0,0,3,1,5,2,70,10,-1,-1,-1,-1,8,2,E01025564,0
Unvalidated,2024041396517,2024,041396517,2,11,0,18,3,7,0,0,0,0,0,0,4,1,1,1,58,9,-1,-1,-1,-1,6,1,E01025608,0
Unvalidated,2024041396520,2024,041396520,1,97,0,18,6,2,0,0,1,0,1,0,4,1,5,2,47,8,-1,-1,-1,-1,6,3,E01025026,0
Unvalidated,2024041396557,2024,041396557,1,9,0,18,1,5,0,0,0,0,1,2,1,1,6,1,24,5,-1,-1,-1,-1,4,1,E01010637,0
Unvalidated,2024041396569,2024,041396569,1,97,0,13,6,2,0,0,0,0,0,0,1,1,6,1,18,4,-1,-1,-1,-1,2,1,E01025305,0
Unvalidated,2024041396569,2024,041396569,2,9,0,4,6,2,0,0,0,0,0,0,2,1,2,2,43,7,-1,-1,-1,-1,10,1,E01025464,0
Unvalidated,2024041396586,2024,041396586,1,9,0,18,7,3,0,1,0,0,0,0,1,1,5,2,38,7,-1,-1,-1,-1,4,1,E01024936,0
Unvalidated,2024041396586,2024,041396586,2,9,0,18,7,3,0,1,0,0,0,0,2,1,1,1,37,7,-1,-1,-1,-1,2,1,E01025229,0
Unvalidated,2024041396655,2024,041396655,1,9,0,18,7,3,0,1,0,0,0,0,1,1,5,2,57,9,-1,-1,-1,-1,1,1,E01025045,0
Unvalidated,2024041396903,2024,041396903,1,98,0,18,5,1,0,8,0,0,1,11,1,1,5,1,36,7,-1,-1,-1,-1,9,2,E01024966,0
Unvalidated,2024041396903,2024,041396903,2,9,0,18,5,1,0,8,0,0,7,0,2,1,5,2,32,6,-1,-1,-1,-1,1,1,E01012657,0
Unvalidated,2024041396924,2024,041396924,1,9,0,18,5,1,0,0,0,0,0,0,1,1,3,2,38,7,-1,-1,-1,-1,5,1,E01012729,0
Unvalidated,2024041396924,2024,041396924,2,90,0,18,3,7,0,0,0,0,0,0,4,1,3,1,12,3,-1,-1,-1,-1,7,1,E01012727,1
Unvalidated,2024041396994,2024,041396994,1,9,0,9,5,3,0,2,0,0,0,0,3,1,6,1,38,7,-1,-1,-1,-1,1,1,E01012743,0
Unvalidated,2024041396994,2024,041396994,2,9,0,16,3,7,0,1,0,0,0,0,1,1,2,2,25,5,-1,-1,-1,-1,5,1,E01012664,0
Unvalidated,2024041397070,2024,041397070,1,9,0,18,3,7,0,0,0,0,0,0,1,1,6,1,-1,-1,-1,-1,-1,-1,-1,-1,-1,0
Unvalidated,2024041397070,2024,041397070,2,9,0,5,3,7,0,0,0,0,0,0,2,1,5,2,43,7,-1,-1,-1,-1,3,1,E01012644,0
Unvalidated,2024041397080,2024,041397080,1,9,0,18,5,1,0,8,0,0,0,0,1,1,5,1,68,10,-1,-1,-1,-1,7,1,E01025419,0
Unvalidated,2024041397080,2024,041397080,2,9,0,6,5,5,0,8,0,0,0,0,3,1,5,2,35,6,-1,-1,-1,-1,10,3,W01000135,0
Unvalidated,2024041397082,2024,041397082,1,98,0,11,3,7,0,0,0,0,0,0,4,1,1,1,32,6,-1,-1,-1,-1,1,1,E01025482,0
Unvalidated,2024041397082,2024,041397082,2,9,0,18,5,3,0,0,0,0,5,0,3,1,6,1,45,7,-1,-1,-1,-1,9,2,E01025553,0
Unvalidated,2024041397187,2024,041397187,1,9,0,5,3,5,0,6,0,0,0,0,3,1,5,2,17,4,-1,-1,-1,-1,7,1,E01025537,0
Unvalidated,2024041397187,2024,041397187,2,9,0,18,1,5,0,1,0,0,0,0,1,1,5,2,18,4,-1,-1,-1,-1,9,3,E01025472,0
Unvalidated,2024041397250,2024,041397250,1,9,0,18,1,5,0,0,0,0,0,0,1,1,2,1,57,9,-1,-1,-1,-1,1,1,E01012704,0
Unvalidated,2024041397250,2024,041397250,2,19,0,1,1,3,0,0,0,0,0,0,1,1,1,1,51,8,-1,-1,-1,-1,8,1,E01024984,0
Unvalidated,2024041397296,2024,041397296,1,1,0,18,3,7,0,1,5,0,0,0,1,1,5,1,40,7,-1,-1,-1,-1,3,1,E01024866,0
Unvalidated,2024041397364,2024,041397364,1,9,0,18,1,5,0,0,0,0,1,0,1,1,5,1,20,4,-1,-1,-1,-1,9,2,E01025560,0
Unvalidated,2024041397364,2024,041397364,2,9,0,18,5,1,0,0,0,0,0,0,1,1,1,1,35,6,-1,-1,-1,-1,4,1,E01025099,0
Unvalidated,2024041397378,2024,041397378,1,9,0,17,5,1,0,0,0,10,0,0,1,1,5,2,19,4,-1,-1,-1,-1,8,1,E01024957,0
Unvalidated,2024041397380,2024,041397380,1,9,0,1,7,3,0,0,0,4,0,0,2,1,5,1,80,11,-1,-1,-1,-1,7,2,E01025487,0
Unvalidated,2024041397380,2024,041397380,2,9,0,3,5,1,0,0,0,0,0,0,4,1,6,1,27,6,-1,-1,-1,-1,-1,2,-1,0
Unvalidated,2024041397414,2024,041397414,1,9,0,3,7,3,0,4,0,0,0,0,-1,1,6,1,54,8,-1,-1,-1,-1,1,1,E01012578,0
Unvalidated,2024041397414,2024,041397414,2,9,0,9,7,3,0,4,0,0,0,0,3,1,5,2,23,5,-1,-1,-1,-1,1,1,E01025296,0
Unvalidated,2024041397425,2024,041397425,1,9,0,17,4,8,0,0,5,0,1,10,1,1,5,1,17,4,-1,-1,-1,-1,8,3,E01025280,0
Unvalidated,2024041397566,2024,041397566,1,98,0,18,5,1,0,4,0,0,0,0,1,1,1,1,27,6,-1,-1,-1,-1,7,1,E01024105,0
Unvalidated,2024041397566,2024,041397566,2,9,0,18,5,1,0,4,0,0,0,0,2,1,5,2,80,11,-1,-1,-1,-1,6,1,E01025591,0
Unvalidated,2024041397744,2024,041397744,1,9,0,18,5,1,0,0,0,0,0,0,1,1,5,1,72,10,-1,-1,-1,-1,2,1,E01025101,0
Unvalidated,2024041397767,2024,041397767,1,97,0,16,6,2,0,0,1,0,0,0,4,1,2,1,25,5,-1,-1,-1,-1,6,3,E01025026,0
Unvalidated,2024041397767,2024,041397767,2,9,0,17,2,6,0,0,0,0,0,0,1,1,2,1,30,6,-1,-1,-1,-1,9,1,E01005574,0
Unvalidated,2024041397785,2024,041397785,1,9,0,18,3,7,0,8,0,0,0,0,4,1,1,1,56,9,-1,-1,-1,-1,1,1,E01012687,0
Unvalidated,2024041397785,2024,041397785,2,1,0,18,3,7,0,8,0,0,0,0,3,1,6,1,32,6,-1,-1,-1,-1,1,1,E01012687,0
Unvalidated,2024041397792,2024,041397792,1,9,0,18,7,3,0,0,0,0,0,0,3,1,5,1,38,7,-1,-1,-1,-1,5,1,E01025009,0
Unvalidated,2024041397792,2024,041397792,2,9,0,18,7,3,0,0,0,0,0,0,3,1,5,2,48,8,-1,-1,-1,-1,6,3,E01025026,0
Unvalidated,2024041397798,2024,041397798,1,90,0,18,3,7,9,0,1,0,0,0,1,1,6,1,16,4,-1,-1,-1,-1,4,1,E01012713,0
Unvalidated,2024041397801,2024,041397801,1,9,0,18,1,5,0,0,0,0,7,2,1,1,5,1,57,9,-1,-1,-1,-1,5,1,E01024989,0
Unvalidated,2024041397801,2024,041397801,2,18,0,18,1,5,1,0,0,0,0,0,1,1,1,1,41,7,-1,-1,-1,-1,5,1,E01012729,0
Unvalidated,2024041397931,2024,041397931,1,9,0,7,3,5,0,0,0,0,0,0,4,1,5,1,77,11,-1,-1,-1,-1,1,1,E01012646,0
Unvalidated,2024041397931,2024,041397931,2,1,0,18,3,7,0,0,0,0,0,0,1,1,5,1,37,7,-1,-1,-1,-1,9,2,E01024112,0
Unvalidated,2024041397984,2024,041397984,1,97,0,18,3,7,0,1,5,0,3,11,1,1,5,1,72,10,-1,-1,-1,-1,1,1,E01012707,0
Unvalidated,2024041398037,2024,041398037,1,9,0,18,5,1,0,1,0,0,0,0,1,1,6,3,-1,-1,-1,-1,-1,-1,-1,-1,-1,0
Unvalidated,2024041398037,2024,041398037,2,9,0,18,5,1,0,1,0,0,0,0,2,1,5,2,21,5,-1,-1,-1,-1,6,1,E01006157,0
Unvalidated,2024041398037,2024,041398037,3,9,0,18,5,1,0,1,0,0,0,0,2,1,5,2,76,11,-1,-1,-1,-1,8,1,E01025599,0
Unvalidated,2024041398037,2024,041398037,4,9,0,18,5,1,0,1,0,0,0,0,2,1,6,3,-1,-1,-1,-1,-1,-1,-1,-1,-1,0
Unvalidated,2024041398052,2024,041398052,1,9,0,18,-1,-1,0,1,0,0,0,0,3,1,6,3,-1,-1,-1,-1,-1,-1,-1,-1,-1,0
Unvalidated,2024041398094,2024,041398094,1,9,0,7,7,1,0,2,0,0,0,0,1,1,5,1,71,10,-1,-1,-1,-1,8,3,E01025354,0
Unvalidated,2024041398094,2024,041398094,2,9,0,18,5,1,0,1,0,0,0,0,1,1,5,1,23,5,-1,-1,-1,-1,5,3,E01025320,0
Unvalidated,2024041398094,2024,041398094,3,9,0,18,1,5,0,1,0,0,0,0,1,1,5,1,28,6,-1,-1,-1,-1,1,1,E01024878,0
Unvalidated,2024041398102,2024,041398102,1,9,0,18,1,5,0,0,1,0,0,0,1,1,5,1,87,11,-1,-1,-1,-1,6,3,E01025026,0
Unvalidated,2024041398124,2024,041398124,1,9,0,17,1,5,0,8,0,0,0,0,1,1,5,1,59,9,-1,-1,-1,-1,5,1,E01012716,0
Unvalidated,2024041398124,2024,041398124,2,9,0,9,5,1,0,8,0,0,0,0,1,1,5,2,25,5,-1,-1,-1,-1,9,1,E01025596,0
Unvalidated,2024041398228,2024,041398228,1,9,0,18,3,7,0,0,0,0,0,0,0,1,6,3,-1,-1,-1,-1,-1,-1,-1,-1,-1,0
Unvalidated,2024041398228,2024,041398228,2,1,0,18,3,7,0,0,0,0,0,0,0,1,2,1,31,6,-1,-1,-1,-1,8,1,E01025038,0
Unvalidated,2024041398250,2024,041398250,1,9,0,18,-1,-1,0,1,0,0,0,0,1,1,6,3,-1,-1,-1,-1,-1,-1,-1,-1,-1,0
Unvalidated,2024041398250,2024,041398250,2,9,0,9,8,2,0,5,0,0,0,0,2,1,2,2,24,5,-1,-1,-1,-1,1,1,E01025046,0
Unvalidated,2024041398290,2024,041398290,1,90,0,18,4,8,0,6,0,0,0,0,1,1,5,1,16,4,-1,-1,-1,-1,3,1,E01024943,1
Unvalidated,2024041398290,2024,041398290,2,9,0,18,2,6,0,1,0,0,0,0,1,1,5,2,61,9,-1,-1,-1,-1,2,1,E01024926,0
Unvalidated,2024041398320,2024,041398320,1,9,0,18,5,1,0,0,1,0,0,0,3,1,5,1,18,4,-1,-1,-1,-1,9,2,E01025553,0
Unvalidated,2024041398380,2024,041398380,1,97,0,18,3,7,0,1,0,0,0,0,1,1,6,1,-1,-1,-1,-1,-1,-1,-1,-1,-1,0
Unvalidated,2024041398380,2024,041398380,2,97,0,18,5,1,0,1,5,0,0,0,4,1,1,1,33,6,-1,-1,-1,-1,1,1,E01025156,0