status,collision_index,collision_year,collision_reference,vehicle_reference,vehicle_type,towing_and_articulation,vehicle_manoeuvre,vehicle_direction_from,vehicle_direction_to,vehicle_location_restricted_lane,junction_location,skidding_and_overturning,hit_object_in_carriageway,vehicle_leaving_carriageway,hit_object_off_carriageway,first_point_of_impact,vehicle_left_hand_drive,journey_purpose_of_driver,sex_of_driver,age_of_driver,age_band_of_driver,engine_capacity_cc,propulsion_code,age_of_vehicle,generic_make_model,driver_imd_decile,driver_home_area_type,lsoa_of_driver,escooter_flag
Unvalidated,2024041398544,2024,041398544,1,98,0,18,5,1,0,1,1,0,0,0,1,1,1,1,56,9,-1,-1,-1,-1,2,1,E01012600,0
Unvalidated,2024041398544,2024,041398544,2,9,0,18,5,1,0,8,0,0,0,0,2,1,5,2,50,8,-1,-1,-1,-1,7,1,E01012610,0
Unvalidated,2024041398609,2024,041398609,1,9,0,18,1,5,0,0,0,0,0,0,3,1,5,2,59,9,-1,-1,-1,-1,1,1,E01025224,0
Unvalidated,2024041398638,2024,041398638,1,9,0,7,5,1,0,1,0,0,0,0,1,1,6,3,-1,-1,-1,-1,-1,-1,-1,-1,-1,0
Unvalidated,2024041398687,2024,041398687,1,9,0,4,7,3,0,1,1,0,0,0,1,1,1,1,43,7,-1,-1,-1,-1,7,3,E01025506,0
Unvalidated,2024041398687,2024,041398687,2,9,0,18,5,1,0,8,1,0,7,0,4,1,5,2,18,4,-1,-1,-1,-1,5,1,E01025555,0
Unvalidated,2024041398699,2024,041398699,1,9,0,18,-1,-1,0,1,0,0,0,0,-1,1,6,1,-1,-1,-1,-1,-1,-1,-1,-1,-1,0
Unvalidated,2024041398705,2024,041398705,1,9,0,9,4,8,0,6,0,0,0,0,3,1,5,2,28,6,-1,-1,-1,-1,5,1,E01025415,0
Unvalidated,2024041398705,2024,041398705,2,9,0,18,3,7,0,1,0,0,0,0,1,2,5,1,25,5,-1,-1,-1,-1,4,3,E01024975,0
Unvalidated,2024041398756,2024,041398756,1,9,0,16,6,2,0,0,1,0,0,0,1,1,2,1,27,6,-1,-1,-1,-1,5,1,E01006346,0
Unvalidated,2024041398756,2024,041398756,2,9,0,17,2,6,0,0,0,0,0,0,1,1,2,1,52,8,-1,-1,-1,-1,6,1,E01025402,0
Unvalidated,2024041398814,2024,041398814,1,9,0,18,7,3,0,1,1,0,0,0,1,1,2,1,24,5,-1,-1,-1,-1,7,1,E01006279,0
Unvalidated,2024041398814,2024,041398814,2,9,0,3,7,3,0,1,0,0,0,0,2,1,2,1,68,10,-1,-1,-1,-1,9,1,E01025441,0
Unvalidated,2024041398814,2024,041398814,3,9,0,3,7,3,0,1,0,0,0,0,2,1,2,2,63,9,-1,-1,-1,-1,9,1,E01025441,0
Unvalidated,2024041399040,2024,041399040,1,9,0,18,3,7,0,0,2,0,1,11,1,1,1,1,61,9,-1,-1,-1,-1,9,2,E01025106,0
Unvalidated,2024041399069,2024,041399069,1,9,0,9,1,5,0,0,0,0,0,0,1,1,5,2,76,11,-1,-1,-1,-1,4,3,E01025213,0
Unvalidated,2024041399069,2024,041399069,2,98,0,18,5,1,0,0,0,0,0,0,1,1,1,1,36,7,-1,-1,-1,-1,1,1,E01024895,0
Unvalidated,2024041399075,2024,041399075,1,9,0,16,5,1,0,0,0,0,0,0,1,1,2,2,43,7,-1,-1,-1,-1,1,1,E01012720,0
Unvalidated,2024041399075,2024,041399075,2,9,0,18,1,5,0,0,0,0,0,0,1,1,2,1,60,9,-1,-1,-1,-1,5,3,E01025331,0
Unvalidated,2024041399089,2024,041399089,1,9,0,18,8,2,0,1,0,0,0,0,1,1,6,1,-1,-1,-1,-1,-1,-1,1,1,E01012577,0
Unvalidated,2024041399201,2024,041399201,1,9,0,18,1,5,0,0,1,0,7,2,1,1,6,3,-1,-1,-1,-1,-1,-1,-1,-1,-1,0
Unvalidated,2024041399213,2024,041399213,1,9,0,4,1,5,0,0,0,0,0,0,1,1,2,2,26,6,-1,-1,-1,-1,9,1,E01006374,0
Unvalidated,2024041399213,2024,041399213,2,9,0,18,1,5,0,0,0,0,0,0,2,1,5,2,56,9,-1,-1,-1,-1,6,1,E01024949,0
Unvalidated,2024041399217,2024,041399217,1,9,0,7,5,1,0,3,0,0,2,0,1,1,5,1,42,7,-1,-1,-1,-1,5,1,E01025314,0
Unvalidated,2024041399337,2024,041399337,1,9,0,9,3,1,0,6,0,0,0,0,1,1,5,2,28,6,-1,-1,-1,-1,3,1,E01004772,0
Unvalidated,2024041399337,2024,041399337,2,9,0,18,1,5,0,8,1,0,0,0,4,1,2,1,42,7,-1,-1,-1,-1,6,3,E01024921,0
Unvalidated,2024041399373,2024,041399373,1,9,0,16,2,6,0,1,0,0,0,0,1,1,5,1,42,7,-1,-1,-1,-1,7,3,E01012592,0
Unvalidated,2024041399405,2024,041399405,1,9,0,18,5,1,0,0,0,0,0,0,1,1,2,2,26,6,-1,-1,-1,-1,6,1,E01024991,0
Unvalidated,2024041399405,2024,041399405,2,9,0,18,1,5,0,0,0,0,0,0,4,1,2,2,33,6,-1,-1,-1,-1,4,1,E01025011,0
Unvalidated,2024041399451,2024,041399451,1,9,0,9,5,1,0,8,0,0,0,0,1,1,5,2,62,9,-1,-1,-1,-1,9,2,E01025533,0
Unvalidated,2024041399451,2024,041399451,2,9,0,18,3,7,0,1,0,0,1,0,4,1,1,1,41,7,-1,-1,-1,-1,4,2,E01025508,0
Unvalidated,2024041399470,2024,041399470,1,9,0,9,2,8,0,8,0,0,0,0,3,1,5,2,31,6,-1,-1,-1,-1,3,1,E01025312,0
Unvalidated,2024041399470,2024,041399470,2,9,0,18,6,4,0,8,0,0,0,0,1,1,5,1,58,9,-1,-1,-1,-1,6,3,E01025026,0
Unvalidated,2024041399474,2024,041399474,1,9,0,18,5,1,0,0,0,0,0,0,2,1,5,1,22,5,-1,-1,-1,-1,1,1,E01025117,0
Unvalidated,2024041399474,2024,041399474,2,98,0,2,5,1,0,0,0,0,0,0,2,1,1,1,66,10,-1,-1,-1,-1,7,2,E01025131,0
Unvalidated,2024041399545,2024,041399545,1,9,0,4,5,1,0,0,0,0,0,0,2,2,2,2,44,7,-1,-1,-1,-1,8,1,E01025416,0
Unvalidated,2024041399545,2024,041399545,2,98,0,18,5,1,0,0,0,0,0,0,1,2,6,1,28,6,-1,-1,-1,-1,2,1,E01015705,0
Unvalidated,2024041399596,2024,041399596,1,98,0,4,-1,-1,0,0,0,0,0,0,-1,1,6,3,-1,-1,-1,-1,-1,-1,-1,-1,-1,0
Unvalidated,2024041399603,2024,041399603,1,9,0,18,1,5,0,0,0,0,0,0,1,1,5,2,23,5,-1,-1,-1,-1,3,1,E01012653,0
Unvalidated,2024041399603,2024,041399603,2,9,0,18,5,1,0,0,0,0,0,0,1,1,5,2,61,9,-1,-1,-1,-1,2,1,E01012600,0
Unvalidated,2024041399618,2024,041399618,1,9,0,5,7,3,0,6,0,0,0,0,1,1,5,1,44,7,-1,-1,-1,-1,4,1,E01025407,0
Unvalidated,2024041399618,2024,041399618,2,9,0,18,1,5,0,8,0,0,0,0,3,1,5,1,37,7,-1,-1,-1,-1,8,1,E01025280,0
Unvalidated,2024041399631,2024,041399631,1,90,0,18,3,7,0,0,0,0,0,0,1,1,1,1,62,9,-1,-1,-1,-1,6,1,E01025004,0
Unvalidated,2024041399631,2024,041399631,2,9,0,18,3,7,0,0,0,0,0,0,2,1,5,1,50,8,-1,-1,-1,-1,5,2,E01025030,0
Unvalidated,2024041399958,2024,041399958,1,9,0,9,2,3,0,8,1,0,0,0,3,1,5,2,31,6,-1,-1,-1,-1,4,1,E01025065,0
Unvalidated,2024041399958,2024,041399958,2,9,0,7,3,5,0,1,0,0,0,0,1,1,1,1,54,8,-1,-1,-1,-1,8,1,E01012597,0
Unvalidated,2024041400011,2024,041400011,1,9,0,18,1,5,0,3,0,0,0,0,4,1,5,1,78,11,-1,-1,-1,-1,1,1,E01025574,0
Unvalidated,2024041400011,2024,041400011,2,9,0,18,3,7,0,4,0,0,0,0,1,1,5,2,33,6,-1,-1,-1,-1,2,1,E01005460,0
Unvalidated,2024041400017,2024,041400017,1,98,0,18,5,1,0,2,0,0,0,0,1,1,1,1,61,9,-1,-1,-1,-1,8,1,E01025463,0
Unvalidated,2024041400017,2024,041400017,2,9,0,18,1,5,0,2,0,0,7,11,1,1,5,1,80,11,-1,-1,-1,-1,5,1,E01012701,0
Unvalidated,2024041400035,2024,041400035,1,9,0,18,1,5,0,0,0,4,0,0,1,1,2,2,74,10,-1,-1,-1,-1,5,1,E01025580,0
Unvalidated,2024041400035,2024,041400035,2,9,0,2,0,0,0,0,0,0,0,0,2,1,6,3,-1,-1,-1,-1,-1,-1,-1,-1,-1,0
Unvalidated,2024041400070,2024,041400070,1,9,0,17,3,1,0,1,0,0,0,0,4,1,5,1,22,5,-1,-1,-1,-1,4,1,E01025093,0
Unvalidated,2024041400127,2024,041400127,1,9,0,9,3,7,0,1,0,0,0,0,1,1,1,1,41,7,-1,-1,-1,-1,4,1,E01025192,0
Unvalidated,2024041400127,2024,041400127,2,1,0,18,-1,-1,0,1,0,0,0,0,-1,1,6,1,51,8,-1,-1,-1,-1,5,1,E01025193,0
Unvalidated,2024041400139,2024,041400139,1,9,0,5,3,5,0,6,0,0,0,0,3,1,5,1,56,9,-1,-1,-1,-1,6,1,E01025025,0
Unvalidated,2024041400139,2024,041400139,2,9,0,18,1,5,0,1,0,0,0,0,1,1,5,2,64,9,-1,-1,-1,-1,4,1,E01025001,0
Unvalidated,2024041400146,2024,041400146,1,9,0,9,7,5,0,6,0,0,0,0,1,1,6,3,-1,-1,-1,-1,-1,-1,-1,-1,-1,0
Unvalidated,2024041400163,2024,041400163,1,9,0,2,5,1,0,1,0,0,0,0,0,1,2,1,33,6,-1,-1,-1,-1,10,1,E01025434,0
Unvalidated,2024041400187,2024,041400187,1,9,0,4,3,3,0,0,1,4,0,0,1,1,6,1,25,5,-1,-1,-1,-1,5,1,E01024930,0
Unvalidated,2024041400187,2024,041400187,2,9,0,2,3,3,0,0,0,0,0,0,2,1,6,1,43,7,-1,-1,-1,-1,8,1,E01025416,0
Unvalidated,2024041400200,2024,041400200,1,9,0,18,5,1,0,8,0,0,0,0,3,1,4,2,29,6,-1,-1,-1,-1,5,1,E01025061,0
Unvalidated,2024041400200,2024,041400200,2,9,0,9,1,6,0,8,0,0,0,0,1,1,6,2,19,4,-1,-1,-1,-1,7,1,E01025339,0
Unvalidated,2024041400235,2024,041400235,1,9,0,9,3,5,0,2,0,0,0,0,3,1,5,1,75,10,-1,-1,-1,-1,9,1,E01025545,0
Unvalidated,2024041400235,2024,041400235,2,9,0,18,5,1,0,1,0,0,0,0,1,1,2,1,27,6,-1,-1,-1,-1,8,1,E01025272,0
Unvalidated,2024041400380,2024,041400380,1,9,0,18,3,7,0,0,0,0,0,0,1,1,6,1,38,7,-1,-1,-1,-1,4,1,E01033281,0
Unvalidated,2024041400436,2024,041400436,1,98,0,18,1,5,0,0,0,0,0,0,0,1,6,3,-1,-1,-1,-1,-1,-1,-1,-1,-1,0
Unvalidated,2024041400436,2024,041400436,2,9,0,18,5,1,0,0,0,0,0,0,1,1,5,1,19,4,-1,-1,-1,-1,7,3,E01025585,0
Unvalidated,2024041400521,2024,041400521,1,9,0,17,1,3,0,0,0,0,7,0,1,1,6,1,27,6,-1,-1,-1,-1,10,2,E01025328,0
Unvalidated,2024041400521,2024,041400521,2,9,0,17,1,3,0,0,1,0,1,7,2,1,5,2,20,4,-1,-1,-1,-1,9,1,E01012598,0
Unvalidated,2024041400521,2024,041400521,3,9,0,17,1,3,0,0,0,0,0,0,2,1,5,1,39,7,-1,-1,-1,-1,3,1,E01025037,0
Unvalidated,2024041400536,2024,041400536,1,9,0,5,-1,-1,0,0,0,0,0,0,-1,1,6,3,-1,-1,-1,-1,-1,-1,-1,-1,-1,0
Unvalidated,2024041400762,2024,041400762,1,9,0,18,7,3,0,0,0,0,1,4,1,1,5,2,43,7,-1,-1,-1,-1,1,1,E01025447,0
Unvalidated,2024041400792,2024,041400792,1,9,0,13,1,5,0,1,0,0,0,0,1,1,6,1,26,6,-1,-1,-1,-1,1,1,E01006871,0
Unvalidated,2024041400792,2024,041400792,2,9,0,9,1,7,0,5,0,0,0,0,3,1,2,2,39,7,-1,-1,-1,-1,8,3,E01025547,0
Unvalidated,2024041400797,2024,041400797,1,98,0,18,1,5,0,0,0,0,0,0,4,1,6,1,22,5,-1,-1,-1,-1,7,1,E01025081,0
Unvalidated,2024041400800,2024,041400800,1,9,0,18,3,3,0,2,0,0,0,0,1,1,5,2,44,7,-1,-1,-1,-1,6,1,E01025179,0
Unvalidated,2024041400801,2024,041400801,1,9,0,-1,-1,-1,-1,0,-1,-1,-1,0,-1,1,6,2,-1,-1,-1,-1,-1,-1,-1,-1,-1,0
Unvalidated,2024041400801,2024,041400801,2,1,0,18,1,5,0,0,0,0,0,0,1,1,6,1,21,5,-1,-1,-1,-1,1,1,E01025260,0
Unvalidated,2024041400828,2024,041400828,1,9,0,18,4,8,0,1,1,11,0,0,2,1,2,1,23,5,-1,-1,-1,-1,1,1,E01032921,0
Unvalidated,2024041400828,2024,041400828,2,98,0,18,6,2,0,1,0,0,0,0,1,1,2,1,58,9,-1,-1,-1,-1,8,1,E01012636,0
Unvalidated,2024041400838,2024,041400838,1,9,0,18,6,2,0,0,0,0,7,11,1,1,5,1,39,7,-1,-1,-1,-1,10,1,E01027712,0
Unvalidated,2024041400839,2024,041400839,1,97,0,18,6,2,0,1,5,0,1,0,1,1,5,1,21,5,-1,-1,-1,-1,2,1,E01025051,0
Unvalidated,2024041400839,2024,041400839,2,9,0,9,6,2,0,1,0,0,0,0,2,1,5,2,71,10,-1,-1,-1,-1,8,1,E01025052,0
Unvalidated,2024041400863,2024,041400863,1,98,0,12,5,1,0,1,0,0,0,0,1,1,1,1,50,8,-1,-1,-1,-1,6,1,E01024949,0
Unvalidated,2024041400863,2024,041400863,2,98,0,18,5,1,0,1,0,0,0,0,2,1,1,1,48,8,-1,-1,-1,-1,10,1,E01004792,0
Unvalidated,2024041400863,2024,041400863,3,9,0,18,5,1,0,1,0,0,0,0,2,1,5,2,38,7,-1,-1,-1,-1,6,2,E01025458,0
Unvalidated,2024041400933,2024,041400933,1,9,0,18,5,1,0,0,0,0,1,7,1,1,5,1,34,6,-1,-1,-1,-1,1,1,E01005219,0
Unvalidated,2024041400950,2024,041400950,1,9,0,18,5,1,0,1,1,0,0,0,1,1,5,2,20,4,-1,-1,-1,-1,1,1,E01025227,0
Unvalidated,2024041401013,2024,041401013,1,1,0,18,5,1,0,0,0,0,0,0,1,1,6,1,12,3,-1,-1,-1,-1,6,2,E01025548,0
Unvalidated,2024041401013,2024,041401013,2,9,0,18,3,7,0,0,0,0,0,0,1,1,6,1,22,5,-1,-1,-1,-1,1,1,E01025293,0
Unvalidated,2024041401036,2024,041401036,1,9,0,18,1,5,0,0,1,0,1,4,1,1,2,2,23,5,-1,-1,-1,-1,7,1,E01025347,0
Unvalidated,2024041401131,2024,041401131,1,98,0,1,1,5,0,1,0,0,0,0,2,1,6,1,66,10,-1,-1,-1,-1,5,1,E01024873,0
Unvalidated,2024041401344,2024,041401344,1,9,0,18,6,5,0,4,0,0,0,0,1,1,5,1,84,11,-1,-1,-1,-1,9,1,E01025404,0
Unvalidated,2024041401344,2024,041401344,2,9,0,9,5,3,0,8,0,0,0,0,4,1,5,2,33,6,-1,-1,-1,-1,6,2,E01025486,0
Unvalidated,2024041401438,2024,041401438,1,9,0,9,6,2,0,0,0,0,0,0,3,1,6,2,63,9,-1,-1,-1,-1,4,1,E01025011,0
Unvalidated,2024041401441,2024,041401441,1,9,0,18,1,5,0,0,0,0,0,0,-1,1,6,3,-1,-1,-1,-1,-1,-1,-1,-1,-1,0
Unvalidated,2024041401441,2024,041401441,2,9,0,14,5,1,0,0,1,0,0,0,4,1,5,1,17,4,-1,-1,-1,-1,9,1,E01025242,0
Unvalidated,2024041401444,2024,041401444,1,9,4,16,1,5,0,8,0,0,0,0,0,1,5,1,47,8,-1,-1,-1,-1,8,1,E01006229,0
Unvalidated,2024041401444,2024,041401444,2,9,0,18,5,1,0,8,0,11,0,0,1,1,5,1,51,8,-1,-1,-1,-1,4,1,E01025452,0
Unvalidated,2024041401489,2024,041401489,1,9,0,18,7,3,0,0,1,4,0,0,4,1,6,1,20,4,-1,-1,-1,-1,7,1,E01004775,0
Unvalidated,2024041401489,2024,041401489,2,9,0,2,0,0,0,0,0,0,0,0,2,1,6,3,-1,-1,-1,-1,-1,-1,-1,-1,-1,0
Unvalidated,2024041401489,2024,041401489,3,11,0,18,3,7,2,0,0,0,0,0,1,1,1,1,49,8,-1,-1,-1,-1,5,1,E01012633,0
Unvalidated,2024041401645,2024,041401645,1,9,0,18,3,7,1,8,0,0,0,0,1,1,6,3,-1,-1,-1,-1,-1,-1,-1,-1,-1,0
Unvalidated,2024041401645,2024,041401645,2,9,0,18,5,1,0,1,0,0,0,0,1,1,5,2,21,5,-1,-1,-1,-1,2,1,E01012709,0
Unvalidated,2024041401650,2024,041401650,1,9,0,18,1,5,0,1,0,0,0,0,1,1,6,1,64,9,-1,-1,-1,-1,1,1,E01024865,0
Unvalidated,2024041401786,2024,041401786,1,9,0,18,5,3,0,0,0,0,0,0,1,1,5,1,29,6,-1,-1,-1,-1,1,1,E01025574,0
Unvalidated,2024041401786,2024,041401786,2,9,0,18,1,3,0,0,0,0,0,0,2,1,5,1,26,6,-1,-1,-1,-1,3,1,E01025138,0
Unvalidated,2024041401793,2024,041401793,1,9,0,18,6,8,0,4,0,0,0,0,1,1,5,1,43,7,-1,-1,-1,-1,5,1,E01012633,0
Unvalidated,2024041401793,2024,041401793,2,9,0,18,6,8,0,4,0,0,1,0,2,1,2,2,19,4,-1,-1,-1,-1,7,1,E01004781,0
Unvalidated,2024041401825,2024,041401825,1,9,0,18,5,1,0,4,0,0,0,0,0,1,6,3,-1,-1,-1,-1,-1,-1,-1,-1,-1,0
Unvalidated,2024041401825,2024,041401825,2,9,0,18,1,5,0,3,1,0,0,0,1,1,6,2,33,6,-1,-1,-1,-1,-1,1,-1,0
Unvalidated,2024041401825,2024,041401825,3,9,0,18,1,5,0,3,0,0,0,0,2,1,6,2,67,10,-1,-1,-1,-1,10,1,E01025257,0
Unvalidated,2024041401845,2024,041401845,1,9,0,18,7,3,0,8,0,0,0,0,1,1,3,2,21,5,-1,-1,-1,-1,3,1,E01012644,0
Unvalidated,2024041401845,2024,041401845,2,9,0,9,3,7,0,8,0,0,1,0,3,1,6,1,72,10,-1,-1,-1,-1,3,1,E01012585,0
Unvalidated,2024041402275,2024,041402275,1,97,0,18,3,7,0,0,1,0,0,0,1,1,5,1,32,6,-1,-1,-1,-1,8,1,E01024948,0
Unvalidated,2024041402302,2024,041402302,1,1,0,18,3,7,0,6,0,0,0,0,1,1,1,1,21,5,-1,-1,-1,-1,1,1,E01012704,0
Unvalidated,2024041402302,2024,041402302,2,9,0,18,3,5,0,8,0,0,0,0,1,1,5,2,52,8,-1,-1,-1,-1,4,1,E01012740,0
Unvalidated,2024041402307,2024,041402307,1,9,0,18,1,5,0,1,0,0,0,0,1,1,6,3,-1,-1,-1,-1,-1,-1,-1,-1,-1,0
Unvalidated,2024041402325,2024,041402325,1,19,0,9,4,8,0,0,0,0,0,0,1,1,1,1,41,7,-1,-1,-1,-1,1,1,E01025298,0
Unvalidated,2024041402325,2024,041402325,2,9,0,13,4,8,0,0,0,0,0,0,1,1,2,2,56,9,-1,-1,-1,-1,9,1,E01025256,0
Unvalidated,2024041402334,2024,041402334,1,9,0,18,7,3,0,1,0,0,0,0,1,1,6,3,-1,-1,-1,-1,-1,-1,-1,-1,-1,0
Unvalidated,2024041402375,2024,041402375,1,9,0,18,1,5,0,1,0,0,1,2,1,1,6,1,88,11,-1,-1,-1,-1,8,1,E01025406,0
Unvalidated,2024041402405,2024,041402405,1,9,0,18,1,5,0,0,0,0,0,0,1,1,1,2,33,6,-1,-1,-1,-1,6,3,E01019346,0
Unvalidated,2024041402405,2024,041402405,2,98,0,18,1,5,0,0,0,0,0,0,4,1,1,1,53,8,-1,-1,-1,-1,4,1,E01019232,0
Unvalidated,2024041402405,2024,041402405,3,9,0,18,1,5,0,0,0,0,0,0,1,1,1,2,19,4,-1,-1,-1,-1,7,2,E01019382,0
Unvalidated,2024041402443,2024,041402443,1,9,0,18,1,5,0,2,0,0,0,0,4,1,5,1,63,9,-1,-1,-1,-1,6,1,E01025004,0
Unvalidated,2024041402600,2024,041402600,1,9,0,18,3,7,0,0,1,6,0,0,1,1,2,1,47,8,-1,-1,-1,-1,2,1,E01025229,0
Unvalidated,2024041402626,2024,041402626,1,9,0,7,5,3,0,8,0,0,0,0,4,1,5,2,37,7,-1,-1,-1,-1,1,1,E01012743,0
Unvalidated,2024041402626,2024,041402626,2,9,0,18,1,5,0,8,0,0,0,0,1,1,5,2,47,8,-1,-1,-1,-1,5,1,E01012723,0
Unvalidated,2024041402629,2024,041402629,1,1,0,18,3,6,0,0,0,0,0,0,1,1,6,1,76,11,-1,-1,-1,-1,9,1,E01025064,0
Unvalidated,2024041402629,2024,041402629,2,9,0,18,7,3,0,0,0,0,0,0,3,1,6,1,84,11,-1,-1,-1,-1,-1,3,-1,0
Unvalidated,2024041402636,2024,041402636,1,98,0,9,2,8,0,0,0,0,0,0,3,1,6,2,54,8,-1,-1,-1,-1,6,1,E01025401,0
Unvalidated,2024041402935,2024,041402935,1,3,0,18,5,1,0,1,0,0,0,0,1,1,6,1,20,4,-1,-1,-1,-1,10,2,E01025160,0
Unvalidated,2024041402935,2024,041402935,2,9,0,9,5,1,0,2,0,0,0,0,2,1,6,2,53,8,-1,-1,-1,-1,8,2,E01025090,0
Unvalidated,2024041403048,2024,041403048,1,9,0,18,6,2,0,1,5,4,0,0,3,1,5,1,38,7,-1,-1,-1,-1,5,1,E01012701,0
Unvalidated,2024041403048,2024,041403048,2,9,0,2,0,0,0,1,1,0,0,0,1,1,6,3,-1,-1,-1,-1,-1,-1,-1,-1,-1,0
Unvalidated,2024041403048,2024,041403048,3,9,0,2,0,0,0,1,0,0,0,0,1,1,6,3,-1,-1,-1,-1,-1,-1,-1,-1,-1,0
Unvalidated,2024041403048,2024,041403048,4,9,0,2,0,0,0,1,0,0,0,0,2,1,6,3,-1,-1,-1,-1,-1,-1,-1,-1,-1,0
Unvalidated,2024041403054,2024,041403054,1,98,0,9,5,1,0,5,0,0,0,0,4,1,6,1,41,7,-1,-1,-1,-1,1,1,E01012720,0
Unvalidated,2024041403164,2024,041403164,1,9,0,18,5,1,0,0,0,10,2,0,1,1,2,1,33,6,-1,-1,-1,-1,4,1,E01025198,0
Unvalidated,2024041403196,2024,041403196,1,9,0,5,1,2,0,0,0,0,0,0,1,1,5,2,45,7,-1,-1,-1,-1,3,1,E01025246,0
Unvalidated,2024041403196,2024,041403196,2,9,0,18,5,4,0,0,0,0,0,0,3,1,2,2,20,4,-1,-1,-1,-1,10,2,E01025015,0
Unvalidated,2024041403211,2024,041403211,1,9,0,18,2,6,0,0,0,0,0,0,1,1,6,3,-1,-1,-1,-1,-1,-1,-1,-1,-1,0
Unvalidated,2024041403226,2024,041403226,1,9,0,13,7,1,0,0,0,0,7,0,4,1,6,1,21,5,-1,-1,-1,-1,2,1,E01025185,0
Unvalidated,2024041403226,2024,041403226,2,9,0,7,7,1,0,0,0,0,0,0,3,1,5,2,26,6,-1,-1,-1,-1,1,1,E01005568,0
Unvalidated,2024041403231,2024,041403231,1,98,0,5,7,1,0,8,0,0,0,0,1,1,1,1,59,9,-1,-1,-1,-1,7,1,E01025231,0
Unvalidated,2024041403231,2024,041403231,2,9,0,5,7,1,0,8,0,0,0,0,2,1,1,2,25,5,-1,-1,-1,-1,9,1,E01025425,0
Unvalidated,2024041403283,2024,041403283,1,9,0,18,5,1,0,0,1,1,1,0,1,1,5,1,47,8,-1,-1,-1,-1,5,3,-1,0
Unvalidated,2024041403283,2024,041403283,2,9,0,18,5,1,0,0,1,0,0,0,2,1,5,1,63,9,-1,-1,-1,-1,9,1,E01025240,0
Unvalidated,2024041403297,2024,041403297,1,9,0,18,1,5,0,0,5,0,0,0,1,1,6,1,82,11,-1,-1,-1,-1,7,1,E01025593,0
Unvalidated,2024041403297,2024,041403297,2,9,0,2,5,1,0,0,0,0,0,0,1,1,5,2,34,6,-1,-1,-1,-1,9,1,E01025596,0
Unvalidated,2024041403353,2024,041403353,1,9,0,17,5,1,0,8,0,0,0,0,3,1,1,1,39,7,-1,-1,-1,-1,4,1,E01012703,0
Unvalidated,2024041403416,2024,041403416,1,9,0,18,1,5,0,0,1,0,0,0,1,1,5,2,29,6,-1,-1,-1,-1,3,1,E01009777,0
Unvalidated,2024041403416,2024,041403416,2,19,0,18,1,5,0,0,0,0,0,0,2,1,1,1,48,8,-1,-1,-1,-1,6,2,E01019306,0
Unvalidated,2024041403426,2024,041403426,1,9,0,18,8,5,0,1,0,0,0,0,1,1,1,1,43,7,-1,-1,-1,-1,5,1,E01025252,0
Unvalidated,2024041403426,2024,041403426,2,9,0,18,5,8,0,2,0,0,0,0,1,1,2,2,40,7,-1,-1,-1,-1,1,1,E01012721,0
Unvalidated,2024041403572,2024,041403572,1,9,0,18,1,5,0,0,1,0,4,6,1,1,5,1,20,4,-1,-1,-1,-1,1,1,E01033231,0
Unvalidated,2024041403572,2024,041403572,2,9,0,12,1,5,0,0,5,0,0,0,2,1,5,1,42,7,-1,-1,-1,-1,2,1,E01025124,0
Unvalidated,2024041403597,2024,041403597,1,9,0,18,5,1,0,2,0,0,0,0,1,1,5,2,51,8,-1,-1,-1,-1,1,1,E01012596,0
Unvalidated,2024041403613,2024,041403613,1,9,0,18,5,1,9,2,0,0,0,0,4,1,6,2,18,4,-1,-1,-1,-1,2,1,E01025059,0
Unvalidated,2024041403613,2024,041403613,2,9,0,18,3,7,0,1,0,0,0,0,1,1,6,2,44,7,-1,-1,-1,-1,1,1,E01012655,0
Unvalidated,2024041403650,2024,041403650,1,9,0,18,1,5,0,0,0,0,0,0,1,1,6,3,-1,-1,-1,-1,-1,-1,-1,-1,-1,0
Unvalidated,2024041403650,2024,041403650,2,1,0,5,3,7,0,0,0,0,0,0,3,1,5,2,16,4,-1,-1,-1,-1,5,1,E01025395,0
Unvalidated,2024041404018,2024,041404018,1,9,0,18,7,3,0,3,0,4,4,2,2,1,5,1,72,10,-1,-1,-1,-1,9,3,E01025319,0
Unvalidated,2024041404018,2024,041404018,2,9,0,3,1,5,0,1,0,0,0,0,1,1,6,2,46,8,-1,-1,-1,-1,3,1,E01025223,0
Unvalidated,2024041404043,2024,041404043,1,9,0,18,3,7,0,0,0,0,0,0,1,1,5,2,26,6,-1,-1,-1,-1,1,1,E01024877,0
Unvalidated,2024041404043,2024,041404043,2,9,0,18,3,7,0,0,0,0,0,0,2,1,5,1,65,9,-1,-1,-1,-1,8,1,E01025052,0
Unvalidated,2024041404048,2024,041404048,1,9,0,18,7,3,0,0,2,0,1,11,1,1,2,1,35,6,-1,-1,-1,-1,4,1,E01025225,0
Unvalidated,2024041404099,2024,041404099,1,9,0,18,5,1,0,1,0,0,1,2,1,1,5,1,27,6,-1,-1,-1,-1,10,1,E01025454,0
Unvalidated,2024041404099,2024,041404099,2,1,0,18,3,7,0,1,0,0,0,0,4,1,6,1,23,5,-1,-1,-1,-1,9,1,E01025453,0
Unvalidated,2024041404101,2024,041404101,1,9,0,18,3,7,0,0,0,0,0,0,1,1,5,1,58,9,-1,-1,-1,-1,5,1,E01025605,0