status,collision_index,collision_year,collision_reference,vehicle_reference,vehicle_type,towing_and_articulation,vehicle_manoeuvre,vehicle_direction_from,vehicle_direction_to,vehicle_location_restricted_lane,junction_location,skidding_and_overturning,hit_object_in_carriageway,vehicle_leaving_carriageway,hit_object_off_carriageway,first_point_of_impact,vehicle_left_hand_drive,journey_purpose_of_driver,sex_of_driver,age_of_driver,age_band_of_driver,engine_capacity_cc,propulsion_code,age_of_vehicle,generic_make_model,driver_imd_decile,driver_home_area_type,lsoa_of_driver,escooter_flag
Unvalidated,2024041404101,2024,041404101,2,9,0,2,0,0,0,0,0,0,0,0,2,1,6,3,-1,-1,-1,-1,-1,-1,-1,-1,-1,0
Unvalidated,2024041404101,2024,041404101,3,9,0,2,0,0,0,0,0,0,0,0,1,1,6,3,-1,-1,-1,-1,-1,-1,-1,-1,-1,0
Unvalidated,2024041404140,2024,041404140,1,98,0,18,1,5,0,0,0,0,0,0,4,1,5,1,27,6,-1,-1,-1,-1,9,1,E01028839,0
Unvalidated,2024041404140,2024,041404140,2,1,0,18,7,3,0,0,0,0,0,0,2,1,5,1,48,8,-1,-1,-1,-1,7,1,E01025465,0
Unvalidated,2024041404229,2024,041404229,1,9,0,18,3,7,0,0,0,11,0,0,1,1,5,1,57,9,-1,-1,-1,-1,6,1,E01027962,0
Unvalidated,2024041404263,2024,041404263,1,97,0,-1,-1,-1,-1,1,-1,-1,-1,0,-1,1,6,3,-1,-1,-1,-1,-1,-1,-1,-1,-1,0
Unvalidated,2024041404470,2024,041404470,1,9,0,18,8,6,0,0,0,0,0,0,1,1,2,1,53,8,-1,-1,-1,-1,1,1,E01025041,0
Unvalidated,2024041404470,2024,041404470,2,9,0,18,8,6,0,0,0,0,0,0,2,1,5,2,63,9,-1,-1,-1,-1,6,2,E01027560,0
Unvalidated,2024041404484,2024,041404484,1,9,0,17,6,2,0,0,1,0,0,0,1,1,5,2,19,4,-1,-1,-1,-1,9,3,E01025277,0
Unvalidated,2024041404504,2024,041404504,1,9,0,18,3,7,0,1,0,0,0,0,1,1,6,1,16,4,-1,-1,-1,-1,-1,-1,-1,0
Unvalidated,2024041404504,2024,041404504,2,9,0,4,3,7,0,1,0,0,0,0,2,1,5,2,58,9,-1,-1,-1,-1,1,1,E01012675,0
Unvalidated,2024041404504,2024,041404504,3,98,0,18,3,7,0,1,0,0,0,0,1,1,6,1,43,7,-1,-1,-1,-1,-1,-1,-1,0
Unvalidated,2024041404507,2024,041404507,1,9,0,9,1,5,0,0,0,0,0,0,1,1,5,1,84,11,-1,-1,-1,-1,5,1,E01025435,0
Unvalidated,2024041404507,2024,041404507,2,9,0,18,5,1,0,0,0,0,0,0,3,1,5,1,77,11,-1,-1,-1,-1,1,1,E01012749,0
Unvalidated,2024041404548,2024,041404548,1,9,0,18,6,2,0,0,0,0,0,0,1,1,2,2,32,6,-1,-1,-1,-1,3,1,E01025391,0
Unvalidated,2024041404560,2024,041404560,1,9,0,18,4,5,0,0,0,0,0,0,1,1,6,2,50,8,-1,-1,-1,-1,3,2,E01024959,0
Unvalidated,2024041404560,2024,041404560,2,9,0,18,4,3,0,0,0,0,0,0,4,1,5,2,25,5,-1,-1,-1,-1,1,1,E01024925,0
Unvalidated,2024041404562,2024,041404562,1,9,0,7,3,6,0,6,0,0,0,0,3,1,3,2,68,10,-1,-1,-1,-1,7,1,E01012722,0
Unvalidated,2024041404562,2024,041404562,2,97,0,18,2,6,0,1,0,0,0,0,4,1,2,1,29,6,-1,-1,-1,-1,5,2,E01025030,0
Unvalidated,2024041404572,2024,041404572,1,98,0,9,2,8,0,6,0,0,0,0,1,1,1,1,34,6,-1,-1,-1,-1,1,1,E01025041,0
Unvalidated,2024041404572,2024,041404572,2,9,0,18,6,8,0,1,0,0,0,0,3,1,6,2,28,6,-1,-1,-1,-1,1,1,E01025084,0
Unvalidated,2024041404747,2024,041404747,1,9,0,17,2,4,0,2,0,10,8,3,1,1,5,1,34,6,-1,-1,-1,-1,1,1,E01025136,0
Unvalidated,2024041404847,2024,041404847,1,9,0,4,1,5,0,1,0,0,0,0,1,1,5,1,80,11,-1,-1,-1,-1,4,1,E01025213,0
Unvalidated,2024041404871,2024,041404871,1,9,0,18,7,3,0,0,0,0,0,0,1,1,5,2,71,10,-1,-1,-1,-1,6,1,E01025261,0
Unvalidated,2024041404871,2024,041404871,2,1,0,9,5,3,0,0,0,0,0,0,2,1,2,1,59,9,-1,-1,-1,-1,10,2,E01025328,0
Unvalidated,2024041404874,2024,041404874,1,9,0,18,3,7,0,1,0,0,0,0,1,2,2,2,23,5,-1,-1,-1,-1,8,1,E01024944,0
Unvalidated,2024041404874,2024,041404874,2,98,0,9,7,5,0,1,0,0,0,0,1,2,2,1,58,9,-1,-1,-1,-1,5,1,E01006364,0
Unvalidated,2024041404945,2024,041404945,1,9,0,5,1,5,0,1,0,0,0,0,1,1,6,1,20,4,-1,-1,-1,-1,4,1,E01010984,0
Unvalidated,2024041404945,2024,041404945,2,98,0,18,3,7,0,1,0,0,0,0,4,1,1,1,20,4,-1,-1,-1,-1,6,3,E01025367,0
Unvalidated,2024041404955,2024,041404955,1,9,0,9,3,7,0,6,0,0,1,0,3,1,6,2,76,11,-1,-1,-1,-1,4,1,E01025024,0
Unvalidated,2024041404955,2024,041404955,2,9,0,18,1,5,0,1,0,0,7,0,1,1,5,1,64,9,-1,-1,-1,-1,3,1,E01024986,0
Unvalidated,2024041405019,2024,041405019,1,9,0,4,5,1,0,1,0,0,0,0,1,1,3,1,47,8,-1,-1,-1,-1,2,1,E01012745,0
Unvalidated,2024041405019,2024,041405019,2,9,0,4,5,1,0,1,0,0,0,0,2,1,6,1,31,6,-1,-1,-1,-1,1,1,E01012671,0
Unvalidated,2024041405019,2024,041405019,3,9,0,4,5,1,0,1,0,0,0,0,2,1,5,1,78,11,-1,-1,-1,-1,5,1,E01012701,0
Unvalidated,2024041405019,2024,041405019,4,9,0,4,5,1,0,1,0,0,0,0,2,1,3,2,30,6,-1,-1,-1,-1,1,1,E01012686,0
Unvalidated,2024041405026,2024,041405026,1,9,0,5,7,3,0,0,0,0,0,0,1,1,2,2,46,8,-1,-1,-1,-1,3,1,E01005262,0
Unvalidated,2024041405026,2024,041405026,2,1,0,18,1,5,0,0,5,0,0,0,1,1,2,2,36,7,-1,-1,-1,-1,1,1,E01033231,0
Unvalidated,2024041405026,2024,041405026,3,9,0,18,4,8,0,0,0,0,0,0,1,1,5,1,21,5,-1,-1,-1,-1,1,1,E01025036,0
Unvalidated,2024041405050,2024,041405050,1,98,0,1,7,3,0,1,0,0,0,0,2,2,1,2,-1,-1,-1,-1,-1,-1,-1,-1,-1,0
Unvalidated,2024041405050,2024,041405050,2,9,0,18,3,7,0,1,0,0,0,0,1,1,5,2,30,6,-1,-1,-1,-1,1,1,E01012596,0
Unvalidated,2024041405069,2024,041405069,1,9,0,18,5,1,0,0,0,4,0,0,4,1,6,3,-1,-1,-1,-1,-1,-1,-1,-1,-1,0
Unvalidated,2024041405069,2024,041405069,2,9,0,2,0,0,0,0,0,0,0,0,4,1,5,1,55,8,-1,-1,-1,-1,9,1,E01012583,0
Unvalidated,2024041405073,2024,041405073,1,9,0,18,1,3,0,4,0,0,0,0,3,1,3,2,31,6,-1,-1,-1,-1,8,1,E01025280,0
Unvalidated,2024041405073,2024,041405073,2,1,0,18,7,3,0,4,0,0,0,0,4,1,6,2,-1,-1,-1,-1,-1,-1,8,1,E01025416,0
Unvalidated,2024041405164,2024,041405164,1,9,0,9,3,1,0,8,0,0,0,0,4,1,5,1,40,7,-1,-1,-1,-1,7,1,E01025251,0
Unvalidated,2024041405164,2024,041405164,2,9,0,18,7,3,0,1,0,0,1,0,1,1,5,1,24,5,-1,-1,-1,-1,5,1,E01025243,0
Unvalidated,2024041405167,2024,041405167,1,9,0,18,5,1,0,2,0,0,0,0,1,1,5,2,35,6,-1,-1,-1,-1,9,1,E01025430,0
Unvalidated,2024041405167,2024,041405167,2,9,0,3,5,1,0,2,0,0,0,0,2,1,2,2,36,7,-1,-1,-1,-1,9,1,E01025299,0
Unvalidated,2024041405197,2024,041405197,1,9,0,9,2,6,0,3,0,0,0,0,1,1,2,1,37,7,-1,-1,-1,-1,1,1,E01004811,0
Unvalidated,2024041405228,2024,041405228,1,9,0,9,7,5,0,6,0,0,0,0,1,1,6,1,71,10,-1,-1,-1,-1,3,1,E01012615,0
Unvalidated,2024041405228,2024,041405228,2,9,0,9,5,7,0,5,0,0,0,0,3,1,6,2,31,6,-1,-1,-1,-1,8,1,E01012613,0
Unvalidated,2024041405308,2024,041405308,1,9,0,5,2,6,0,8,0,0,0,0,1,1,3,1,44,7,-1,-1,-1,-1,3,1,E01025246,0
Unvalidated,2024041405312,2024,041405312,1,9,0,5,1,5,0,1,0,0,0,0,1,1,6,3,-1,-1,-1,-1,-1,-1,-1,-1,-1,0
Unvalidated,2024041405312,2024,041405312,2,9,0,5,3,7,0,1,0,0,0,0,3,1,5,1,35,6,-1,-1,-1,-1,1,1,E01012681,0
Unvalidated,2024041405351,2024,041405351,1,9,0,18,5,1,0,6,0,0,0,0,3,1,6,1,26,6,-1,-1,-1,-1,1,1,E01012679,0
Unvalidated,2024041405351,2024,041405351,2,9,0,18,7,3,0,1,0,0,0,0,4,1,3,2,43,7,-1,-1,-1,-1,2,1,E01012666,0
Unvalidated,2024041405376,2024,041405376,1,1,0,18,3,7,0,4,0,0,0,0,1,1,5,1,15,3,-1,-1,-1,-1,4,1,E01025450,0
Unvalidated,2024041405376,2024,041405376,2,9,0,6,3,7,0,3,0,0,0,0,3,1,5,1,24,5,-1,-1,-1,-1,2,1,-1,0
Unvalidated,2024041405398,2024,041405398,1,9,0,16,1,5,0,1,0,0,0,0,1,1,5,1,29,6,-1,-1,-1,-1,3,1,E01025571,0
Unvalidated,2024041405398,2024,041405398,2,9,0,17,1,5,0,1,0,0,0,0,3,1,5,1,19,4,-1,-1,-1,-1,7,3,E01025565,0
Unvalidated,2024041405411,2024,041405411,1,9,0,18,5,1,0,0,0,0,0,0,4,1,6,1,65,9,-1,-1,-1,-1,2,1,E01012705,0
Unvalidated,2024041405416,2024,041405416,1,9,0,18,7,3,0,0,0,0,0,0,1,1,6,3,-1,-1,-1,-1,-1,-1,-1,-1,-1,0
Unvalidated,2024041405416,2024,041405416,2,9,0,18,7,3,0,0,0,0,0,0,1,1,6,1,48,8,-1,-1,-1,-1,1,1,E01025117,0
Unvalidated,2024041405451,2024,041405451,1,9,0,18,-1,-1,0,1,0,0,0,0,-1,1,6,3,-1,-1,-1,-1,-1,-1,-1,-1,-1,0
Unvalidated,2024041405451,2024,041405451,2,9,0,5,5,1,8,1,0,0,0,0,4,1,6,1,61,9,-1,-1,-1,-1,7,1,E01025081,0
Unvalidated,2024041405451,2024,041405451,3,9,0,18,1,5,0,1,0,0,0,0,4,1,6,1,45,7,-1,-1,-1,-1,2,1,E01025075,0
Unvalidated,2024041405451,2024,041405451,4,9,0,2,0,0,0,1,0,0,0,0,2,1,6,3,-1,-1,-1,-1,-1,-1,-1,-1,-1,0
Unvalidated,2024041405461,2024,041405461,1,9,0,18,5,1,0,2,0,0,0,0,4,1,6,2,78,11,-1,-1,-1,-1,6,1,E01032928,0
Unvalidated,2024041405474,2024,041405474,1,9,0,18,3,7,0,0,0,0,0,0,3,1,3,2,44,7,-1,-1,-1,-1,8,1,E01012636,0
Unvalidated,2024041405639,2024,041405639,1,9,0,7,1,3,0,6,0,0,0,0,4,1,6,3,-1,-1,-1,-1,-1,-1,-1,-1,-1,0
Unvalidated,2024041405652,2024,041405652,1,97,0,11,1,5,0,0,1,0,0,0,3,1,6,1,32,6,-1,-1,-1,-1,5,1,E01025137,0
Unvalidated,2024041405667,2024,041405667,1,9,0,18,8,4,0,0,0,0,0,0,1,1,2,1,18,4,-1,-1,-1,-1,7,1,E01025195,0
Unvalidated,2024041405714,2024,041405714,1,9,0,18,8,4,0,0,0,0,0,0,1,1,6,2,20,4,-1,-1,-1,-1,2,1,E01012605,0
Unvalidated,2024041405714,2024,041405714,2,97,0,18,4,1,0,0,0,0,0,0,2,1,6,2,20,4,-1,-1,-1,-1,1,1,E01012639,0
Unvalidated,2024041405834,2024,041405834,1,9,0,18,3,7,0,1,0,0,0,0,2,1,6,1,65,9,-1,-1,-1,-1,4,1,E01025119,0
Unvalidated,2024041405834,2024,041405834,2,9,0,8,3,7,0,2,0,0,0,0,2,1,5,1,39,7,-1,-1,-1,-1,4,1,E01025113,0
Unvalidated,2024041405923,2024,041405923,1,98,0,1,8,5,1,8,0,0,0,0,2,1,1,1,63,9,-1,-1,-1,-1,1,1,E01025295,0
Unvalidated,2024041405923,2024,041405923,2,22,0,18,2,6,0,1,0,0,1,0,1,1,5,2,65,9,-1,-1,-1,-1,1,1,E01025287,0
Unvalidated,2024041405938,2024,041405938,1,9,0,18,1,5,0,0,0,0,0,0,1,1,6,2,21,5,-1,-1,-1,-1,9,3,E01025553,0
Unvalidated,2024041405938,2024,041405938,2,9,0,18,3,7,0,0,1,0,0,0,4,1,5,2,34,6,-1,-1,-1,-1,2,1,E01012709,0
Unvalidated,2024041405952,2024,041405952,1,9,0,18,5,1,0,0,0,0,0,0,4,1,5,1,60,9,-1,-1,-1,-1,3,1,E01012677,0
Unvalidated,2024041405972,2024,041405972,1,98,0,18,7,3,0,0,1,0,0,0,1,1,1,1,43,7,-1,-1,-1,-1,7,1,E01012610,0
Unvalidated,2024041405972,2024,041405972,2,9,0,4,7,3,0,0,0,0,0,0,2,1,5,1,19,4,-1,-1,-1,-1,5,1,E01012633,0
Unvalidated,2024041405984,2024,041405984,1,9,0,9,7,3,0,2,0,0,0,0,1,1,6,2,38,7,-1,-1,-1,-1,3,1,E01010336,0
Unvalidated,2024041405984,2024,041405984,2,9,0,18,5,1,0,8,0,0,0,0,3,1,5,1,24,5,-1,-1,-1,-1,1,1,E01024898,0
Unvalidated,2024041405994,2024,041405994,1,9,0,18,7,3,0,1,0,0,0,0,1,1,5,1,21,5,-1,-1,-1,-1,6,3,E01030097,0
Unvalidated,2024041405994,2024,041405994,2,9,0,4,7,3,0,1,0,0,0,0,2,1,5,2,55,8,-1,-1,-1,-1,8,1,E01025344,0
Unvalidated,2024041406017,2024,041406017,1,9,0,18,7,3,0,1,0,0,7,11,1,1,6,3,-1,-1,-1,-1,-1,-1,-1,-1,-1,0
Unvalidated,2024041406042,2024,041406042,1,9,0,18,7,3,0,0,0,0,0,0,4,1,1,1,62,9,-1,-1,-1,-1,2,1,E01012711,0
Unvalidated,2024041406069,2024,041406069,1,9,0,17,4,8,0,0,5,0,1,4,1,1,5,1,17,4,-1,-1,-1,-1,9,1,E01019462,0
Unvalidated,2024041406127,2024,041406127,1,9,0,18,1,5,0,0,0,0,1,4,1,1,6,1,50,8,-1,-1,-1,-1,10,2,E01025530,0
Unvalidated,2024041406127,2024,041406127,2,9,0,18,1,5,0,0,0,0,7,11,2,1,6,2,58,9,-1,-1,-1,-1,10,2,E01025532,0
Unvalidated,2024041406127,2024,041406127,3,98,0,2,1,5,9,0,0,0,0,0,2,1,6,3,-1,-1,-1,-1,-1,-1,-1,-1,-1,0
Unvalidated,2024041406153,2024,041406153,1,9,0,7,7,2,0,0,0,0,0,0,0,1,6,1,24,5,-1,-1,-1,-1,-1,-1,-1,0
Unvalidated,2024041406153,2024,041406153,2,9,0,7,7,8,0,0,0,0,0,0,0,1,5,1,43,7,-1,-1,-1,-1,6,1,E01025401,0
Unvalidated,2024041406199,2024,041406199,1,9,0,5,5,1,0,1,0,0,0,0,3,1,5,2,85,11,-1,-1,-1,-1,9,1,E01025566,0
Unvalidated,2024041406312,2024,041406312,1,9,0,18,1,5,0,0,0,0,0,0,1,1,1,1,53,8,-1,-1,-1,-1,5,3,E01025479,0
Unvalidated,2024041406312,2024,041406312,2,98,0,18,1,5,0,0,0,0,0,0,2,1,1,1,33,6,-1,-1,-1,-1,7,1,E01007098,0
Unvalidated,2024041406327,2024,041406327,1,17,0,18,-1,-1,0,0,0,0,0,0,-1,1,6,3,-1,-1,-1,-1,-1,-1,-1,-1,-1,0
Unvalidated,2024041406513,2024,041406513,1,9,0,18,3,1,0,8,0,0,0,0,1,1,1,1,51,8,-1,-1,-1,-1,3,2,E01007488,0
Unvalidated,2024041406530,2024,041406530,1,98,0,18,3,7,0,0,0,0,0,0,1,1,1,1,60,9,-1,-1,-1,-1,5,1,E01029595,0
Unvalidated,2024041406530,2024,041406530,2,9,0,18,3,7,0,0,0,0,0,0,1,1,1,1,65,9,-1,-1,-1,-1,9,2,E01025340,0
Unvalidated,2024041406530,2024,041406530,3,9,0,18,3,7,0,0,0,0,0,0,2,1,1,1,39,7,-1,-1,-1,-1,1,1,E01024877,0
Unvalidated,2024041406547,2024,041406547,1,9,0,18,7,3,0,0,0,0,1,0,3,1,6,2,18,4,-1,-1,-1,-1,-1,-1,-1,0
Unvalidated,2024041406547,2024,041406547,2,9,0,18,7,3,0,0,0,0,0,0,4,1,5,2,37,7,-1,-1,-1,-1,-1,1,-1,0
Unvalidated,2024041406563,2024,041406563,1,9,0,17,1,5,0,1,0,0,0,0,4,1,5,1,37,7,-1,-1,-1,-1,2,1,E01004828,0
Unvalidated,2024041406607,2024,041406607,1,9,0,18,1,5,0,0,0,0,0,0,3,1,5,2,49,8,-1,-1,-1,-1,1,1,E01012673,0
Unvalidated,2024041406629,2024,041406629,1,98,0,18,3,7,0,1,0,0,0,0,3,1,6,3,-1,-1,-1,-1,-1,-1,-1,-1,-1,0
Unvalidated,2024041406643,2024,041406643,1,9,0,18,4,2,0,8,0,0,0,0,1,1,5,1,71,10,-1,-1,-1,-1,1,1,E01024942,0
Unvalidated,2024041406643,2024,041406643,2,9,0,18,4,8,0,8,0,0,0,0,2,1,5,1,60,9,-1,-1,-1,-1,9,1,E01025451,0
Unvalidated,2024041406648,2024,041406648,1,9,0,7,1,5,0,1,0,0,0,0,4,1,6,2,28,6,-1,-1,-1,-1,1,1,E01012647,0
Unvalidated,2024041406687,2024,041406687,1,9,0,18,5,1,0,0,1,0,0,0,1,1,5,2,21,5,-1,-1,-1,-1,8,1,E01012636,0
Unvalidated,2024041406974,2024,041406974,1,9,0,9,7,5,0,6,0,0,0,0,1,1,6,2,36,7,-1,-1,-1,-1,1,1,E01024855,0
Unvalidated,2024041406974,2024,041406974,2,9,0,18,1,5,0,8,0,0,0,0,3,1,6,2,24,5,-1,-1,-1,-1,10,3,E01025350,0
Unvalidated,2024041407013,2024,041407013,1,9,0,18,1,5,0,1,0,0,0,0,1,1,6,1,38,7,-1,-1,-1,-1,1,1,E01005165,0
Unvalidated,2024041407028,2024,041407028,1,9,0,18,3,7,0,3,0,0,0,0,4,1,2,1,44,7,-1,-1,-1,-1,1,1,E01012655,0
Unvalidated,2024041407028,2024,041407028,2,9,0,17,3,7,0,8,0,0,0,0,4,1,2,2,60,9,-1,-1,-1,-1,9,1,E01025455,0
Unvalidated,2024041407326,2024,041407326,1,9,0,4,7,3,0,1,0,0,0,0,1,1,4,2,35,6,-1,-1,-1,-1,5,1,E01012645,0
Unvalidated,2024041407406,2024,041407406,1,9,0,9,7,1,0,8,1,0,7,11,1,1,5,1,18,4,-1,-1,-1,-1,10,1,E01025352,0
Unvalidated,2024041407409,2024,041407409,1,98,0,6,5,1,0,1,0,0,0,0,3,1,2,1,44,7,-1,-1,-1,-1,-1,-1,-1,0
Unvalidated,2024041407409,2024,041407409,2,9,0,18,5,1,0,1,0,0,0,0,1,1,2,2,52,8,-1,-1,-1,-1,4,1,E01025262,0
Unvalidated,2024041407414,2024,041407414,1,9,0,17,1,3,0,1,0,10,3,0,1,1,6,2,20,4,-1,-1,-1,-1,10,2,E01025341,0
Unvalidated,2024041407421,2024,041407421,1,98,0,2,5,1,0,0,0,0,0,0,1,1,1,1,50,8,-1,-1,-1,-1,1,1,E01025584,0
Unvalidated,2024041407421,2024,041407421,2,9,0,2,0,0,0,0,0,0,0,0,1,1,6,3,-1,-1,-1,-1,-1,-1,-1,-1,-1,0
Unvalidated,2024041407421,2024,041407421,3,9,0,2,0,0,0,0,0,0,0,0,1,1,6,3,-1,-1,-1,-1,-1,-1,-1,-1,-1,0
Unvalidated,2024041407426,2024,041407426,1,97,0,18,6,8,0,1,0,0,0,0,1,1,5,1,16,4,-1,-1,-1,-1,1,1,E01024856,0
Unvalidated,2024041407426,2024,041407426,2,9,0,18,4,2,0,2,0,0,0,0,4,1,5,2,41,7,-1,-1,-1,-1,1,1,E01024893,0
Unvalidated,2024041407658,2024,041407658,1,9,0,18,3,7,0,8,1,0,2,11,3,1,5,1,29,6,-1,-1,-1,-1,-1,-1,-1,0
Unvalidated,2024041407658,2024,041407658,2,9,0,18,3,7,0,8,0,0,0,0,1,1,5,1,75,10,-1,-1,-1,-1,10,2,E01018687,0
Unvalidated,2024041407664,2024,041407664,1,9,0,18,5,1,0,0,0,0,7,11,1,1,5,2,39,7,-1,-1,-1,-1,10,2,E01025327,0
Unvalidated,2024041407711,2024,041407711,1,9,0,7,5,8,0,6,0,0,0,0,1,1,5,1,54,8,-1,-1,-1,-1,9,1,E01025240,0
Unvalidated,2024041407711,2024,041407711,2,9,0,18,3,7,0,8,0,0,0,0,4,1,2,2,24,5,-1,-1,-1,-1,6,1,E01025418,0
Unvalidated,2024041407772,2024,041407772,1,98,0,18,5,1,0,1,0,0,0,0,1,1,6,1,39,7,-1,-1,-1,-1,1,1,E01005142,0
Unvalidated,2024041407772,2024,041407772,2,9,0,18,5,1,0,1,0,0,0,0,2,1,6,1,18,4,-1,-1,-1,-1,9,1,E01025303,0
Unvalidated,2024041407786,2024,041407786,1,9,0,13,5,1,0,0,2,0,8,0,1,1,5,2,42,7,-1,-1,-1,-1,2,1,E01012591,0
Unvalidated,2024041407852,2024,041407852,1,98,0,16,8,4,0,0,1,0,7,0,1,1,1,1,45,7,-1,-1,-1,-1,2,1,E01011002,0
Unvalidated,2024041407852,2024,041407852,2,9,0,17,4,8,0,0,0,0,2,0,1,1,6,2,24,5,-1,-1,-1,-1,2,1,E01010715,0
Unvalidated,2024041407884,2024,041407884,1,9,0,18,1,5,0,0,0,4,0,0,1,1,5,1,33,6,-1,-1,-1,-1,5,1,E01025459,0
Unvalidated,2024041407884,2024,041407884,2,9,0,2,0,0,0,0,0,4,0,0,1,1,6,3,-1,-1,-1,-1,-1,-1,-1,-1,-1,0
Unvalidated,2024041407884,2024,041407884,3,9,0,2,0,0,0,0,0,0,0,0,1,1,6,3,-1,-1,-1,-1,-1,-1,-1,-1,-1,0
Unvalidated,2024041408222,2024,041408222,1,9,0,18,1,5,0,1,0,0,0,0,1,1,5,1,90,11,-1,-1,-1,-1,7,1,E01025593,0
Unvalidated,2024041408270,2024,041408270,1,9,0,18,3,7,0,0,0,0,0,0,3,1,5,1,25,5,-1,-1,-1,-1,2,1,E01025244,0
Unvalidated,2024041408281,2024,041408281,1,9,0,18,5,1,0,0,5,10,0,0,1,1,6,1,33,6,-1,-1,-1,-1,2,1,E01024941,0
Unvalidated,2024041408284,2024,041408284,1,9,0,18,-1,-1,0,1,0,0,0,0,1,1,6,3,-1,-1,-1,-1,-1,-1,-1,-1,-1,0
Unvalidated,2024041408365,2024,041408365,1,9,0,1,1,5,0,0,0,0,0,0,2,1,5,2,46,8,-1,-1,-1,-1,8,1,E01025280,0
Unvalidated,2024041408365,2024,041408365,2,1,0,18,7,3,0,0,0,0,0,0,4,1,2,1,39,7,-1,-1,-1,-1,8,1,E01025272,0
Unvalidated,2024041408383,2024,041408383,1,9,0,3,1,5,0,0,0,0,0,0,1,1,5,1,72,10,-1,-1,-1,-1,1,1,E01025582,0
Unvalidated,2024041408383,2024,041408383,2,9,0,8,1,5,0,0,0,1,0,0,2,1,3,2,46,8,-1,-1,-1,-1,9,1,E01025569,0
Unvalidated,2024041408391,2024,041408391,1,97,0,14,7,3,0,0,5,0,0,0,1,1,5,1,70,10,-1,-1,-1,-1,5,1,E01025573,0
Unvalidated,2024041408391,2024,041408391,2,9,0,18,7,3,0,0,0,0,0,0,3,1,5,2,35,6,-1,-1,-1,-1,4,1,E01025192,0
Unvalidated,2024041408391,2024,041408391,3,9,0,9,7,3,0,0,0,0,0,0,3,1,5,1,70,10,-1,-1,-1,-1,10,3,E01027561,0
Unvalidated,2024041408428,2024,041408428,1,9,0,18,5,1,0,0,0,0,0,0,1,1,6,1,19,4,-1,-1,-1,-1,1,1,E01012655,0
Unvalidated,2024041408431,2024,041408431,1,9,0,18,3,5,0,0,0,0,0,0,1,1,2,1,52,8,-1,-1,-1,-1,9,1,E01025569,0
Unvalidated,2024041408431,2024,041408431,2,1,0,18,5,1,5,0,0,0,0,0,4,1,4,1,15,3,-1,-1,-1,-1,8,1,E01025602,0
Unvalidated,2024041408440,2024,041408440,1,9,0,18,7,3,0,2,0,0,0,0,1,1,2,1,44,7,-1,-1,-1,-1,1,1,E01012738,0
Unvalidated,2024041408469,2024,041408469,1,9,0,18,7,3,0,0,0,11,0,0,4,1,5,1,27,6,-1,-1,-1,-1,3,1,E01007504,0
Unvalidated,2024041408501,2024,041408501,1,9,0,18,8,2,0,2,0,4,0,0,1,1,5,1,21,5,-1,-1,-1,-1,2,1,E01025238,0
Unvalidated,2024041408501,2024,041408501,2,9,0,2,0,0,9,2,0,0,0,0,1,1,6,3,-1,-1,-1,-1,-1,-1,-1,-1,-1,0
Unvalidated,2024041408502,2024,041408502,1,9,0,18,5,1,0,0,0,0,0,0,1,1,2,1,58,9,-1,-1,-1,-1,10,1,E01025438,0
Unvalidated,2024041408502,2024,041408502,2,9,0,18,5,1,0,0,0,0,0,0,1,1,6,2,53,8,-1,-1,-1,-1,6,3,-1,0
Unvalidated,2024041408502,2024,041408502,3,9,0,18,5,1,0,0,0,0,0,0,3,1,1,1,28,6,-1,-1,-1,-1,3,1,E01005818,0
Unvalidated,2024041408504,2024,041408504,1,9,0,18,1,5,0,0,0,0,0,0,4,1,5,1,26,6,-1,-1,-1,-1,7,1,E01025417,0
Unvalidated,2024041408504,2024,041408504,2,1,0,18,1,5,0,0,5,0,0,0,2,1,5,1,44,7,-1,-1,-1,-1,5,1,E01025422,0
Unvalidated,2024041408635,2024,041408635,1,9,0,18,5,1,0,0,0,0,0,0,1,1,5,1,32,6,-1,-1,-1,-1,1,1,E01012743,0
Unvalidated,2024041408635,2024,041408635,2,9,0,18,5,1,0,0,0,0,0,0,1,1,1,1,32,6,-1,-1,-1,-1,1,1,E01012738,0
Unvalidated,2024041408686,2024,041408686,1,9,0,9,7,3,0,1,0,0,0,0,1,1,5,1,40,7,-1,-1,-1,-1,3,1,E01012587,0
Unvalidated,2024041408686,2024,041408686,2,9,0,18,3,7,0,1,0,0,0,0,4,1,5,2,56,9,-1,-1,-1,-1,9,1,E01012583,0
Unvalidated,2024041408688,2024,041408688,1,9,0,18,3,7,0,0,0,0,1,1,1,1,5,1,35,6,-1,-1,-1,-1,1,1,E01025083,0
Unvalidated,2024041408688,2024,041408688,2,9,0,9,7,3,0,0,0,0,1,1,1,1,5,2,38,7,-1,-1,-1,-1,5,1,E01012635,0
Unvalidated,2024041408688,2024,041408688,3,98,0,2,0,0,9,0,0,0,0,0,2,1,6,3,-1,-1,-1,-1,-1,-1,-1,-1,-1,0
Unvalidated,2024041408691,2024,041408691,1,9,0,18,3,7,0,8,5,9,0,0,1,1,5,2,40,7,-1,-1,-1,-1,1,1,E01025224,0
Unvalidated,2024041408691,2024,041408691,2,9,0,18,1,4,0,1,0,0,0,0,1,1,5,1,25,5,-1,-1,-1,-1,1,1,E01025188,0
Unvalidated,2024041408925,2024,041408925,1,9,0,9,3,7,0,1,0,0,0,0,3,1,5,2,38,7,-1,-1,-1,-1,7,3,E01025027,0