status,collision_index,collision_year,collision_reference,vehicle_reference,vehicle_type,towing_and_articulation,vehicle_manoeuvre,vehicle_direction_from,vehicle_direction_to,vehicle_location_restricted_lane,junction_location,skidding_and_overturning,hit_object_in_carriageway,vehicle_leaving_carriageway,hit_object_off_carriageway,first_point_of_impact,vehicle_left_hand_drive,journey_purpose_of_driver,sex_of_driver,age_of_driver,age_band_of_driver,engine_capacity_cc,propulsion_code,age_of_vehicle,generic_make_model,driver_imd_decile,driver_home_area_type,lsoa_of_driver,escooter_flag
Unvalidated,2024041408925,2024,041408925,2,9,0,18,3,7,0,1,0,0,1,0,4,1,5,1,62,9,-1,-1,-1,-1,8,2,E01025564,0
Unvalidated,2024041408970,2024,041408970,1,9,0,18,3,7,0,0,0,0,0,0,1,1,5,1,37,7,-1,-1,-1,-1,7,1,E01011181,0
Unvalidated,2024041409032,2024,041409032,1,9,0,16,7,3,9,7,0,0,0,0,1,1,1,2,44,7,-1,-1,-1,-1,9,1,E01025253,0
Unvalidated,2024041409083,2024,041409083,1,9,0,16,8,3,0,0,0,0,0,0,1,1,5,1,19,4,-1,-1,-1,-1,6,3,E01025107,0
Unvalidated,2024041409083,2024,041409083,2,98,0,17,3,8,0,0,0,0,0,0,1,1,1,1,26,6,-1,-1,-1,-1,2,1,E01025305,0
Unvalidated,2024041409102,2024,041409102,1,9,0,9,5,7,0,0,0,0,7,0,1,1,5,2,18,4,-1,-1,-1,-1,4,1,E01025276,0
Unvalidated,2024041409102,2024,041409102,2,9,0,2,0,0,0,0,0,0,0,0,2,1,6,3,-1,-1,-1,-1,-1,-1,-1,-1,-1,0
Unvalidated,2024041409102,2024,041409102,3,9,0,2,0,0,0,0,0,0,0,0,2,1,6,3,-1,-1,-1,-1,-1,-1,-1,-1,-1,0
Unvalidated,2024041409160,2024,041409160,1,9,0,5,5,1,0,6,0,0,0,0,1,1,5,1,56,9,-1,-1,-1,-1,1,1,E01033231,0
Unvalidated,2024041409160,2024,041409160,2,9,0,18,3,7,0,8,1,0,0,0,1,1,5,1,19,4,-1,-1,-1,-1,2,1,E01025059,0
Unvalidated,2024041409160,2024,041409160,3,9,0,10,7,3,0,5,0,0,0,0,1,1,5,1,29,6,-1,-1,-1,-1,4,1,E01025057,0
Unvalidated,2024041409160,2024,041409160,4,9,0,2,0,0,0,1,0,0,0,0,4,1,6,3,-1,-1,-1,-1,-1,-1,-1,-1,-1,0
Unvalidated,2024041409409,2024,041409409,1,9,0,18,5,1,0,2,0,0,0,0,1,1,5,2,66,10,-1,-1,-1,-1,6,1,E01025004,0
Unvalidated,2024041409553,2024,041409553,1,9,0,5,1,5,0,6,0,0,0,0,3,1,5,1,68,10,-1,-1,-1,-1,3,1,E01012677,0
Unvalidated,2024041409553,2024,041409553,2,1,0,14,1,5,0,2,0,0,0,0,1,1,2,1,63,9,-1,-1,-1,-1,1,1,E01012679,0
Unvalidated,2024041409604,2024,041409604,1,9,0,18,7,3,0,6,0,0,0,0,1,1,5,1,61,9,-1,-1,-1,-1,4,1,E01024896,0
Unvalidated,2024041409604,2024,041409604,2,9,0,18,5,1,0,1,0,0,0,0,1,1,5,2,21,5,-1,-1,-1,-1,4,1,E01020783,0
Unvalidated,2024041409610,2024,041409610,1,9,0,18,1,7,0,0,5,0,1,0,1,1,5,1,18,4,-1,-1,-1,-1,2,1,E01024926,0
Unvalidated,2024041409630,2024,041409630,1,98,0,18,5,1,0,0,0,0,1,0,1,1,1,1,35,6,-1,-1,-1,-1,3,1,E01012689,0
Unvalidated,2024041409639,2024,041409639,1,9,0,18,4,2,0,8,0,0,0,0,1,1,1,1,30,6,-1,-1,-1,-1,1,1,E01012639,0
Unvalidated,2024041409639,2024,041409639,2,1,0,18,7,3,0,8,0,0,0,0,3,1,6,1,61,9,-1,-1,-1,-1,1,1,E01012638,0
Unvalidated,2024041409649,2024,041409649,1,9,0,18,3,7,0,1,0,0,0,0,1,1,6,3,-1,-1,-1,-1,-1,-1,-1,-1,-1,0
Unvalidated,2024041409649,2024,041409649,2,9,0,9,3,7,0,8,0,0,0,0,2,1,5,2,21,5,-1,-1,-1,-1,1,1,E01024907,0
Unvalidated,2024041409668,2024,041409668,1,9,0,18,3,7,0,1,0,0,0,0,1,1,5,2,34,6,-1,-1,-1,-1,2,1,E01024881,0
Unvalidated,2024041409668,2024,041409668,2,9,0,18,3,7,0,1,0,0,0,0,2,1,5,2,39,7,-1,-1,-1,-1,3,1,E01024904,0
Unvalidated,2024041409742,2024,041409742,1,9,0,18,5,1,0,0,0,0,0,0,4,1,5,1,37,7,-1,-1,-1,-1,6,3,E01025031,0
Unvalidated,2024041409742,2024,041409742,2,90,0,18,7,5,0,0,0,0,0,0,1,1,1,1,65,9,-1,-1,-1,-1,-1,-1,-1,0
Unvalidated,2024041409799,2024,041409799,1,9,0,18,5,1,0,0,0,0,0,0,-1,1,6,1,38,7,-1,-1,-1,-1,1,1,E01024877,0
Unvalidated,2024041409941,2024,041409941,1,9,0,13,6,2,0,0,0,0,7,11,1,1,5,2,61,9,-1,-1,-1,-1,10,1,E01025355,0
Unvalidated,2024041409941,2024,041409941,2,9,0,9,6,2,0,0,0,0,0,0,3,1,5,1,35,6,-1,-1,-1,-1,8,2,E01019103,0
Unvalidated,2024041410026,2024,041410026,1,9,0,17,1,5,0,0,2,11,0,0,1,1,5,1,38,7,-1,-1,-1,-1,7,2,E01027572,0
Unvalidated,2024041410030,2024,041410030,1,9,0,18,4,8,0,8,0,0,1,1,1,1,5,1,28,6,-1,-1,-1,-1,1,1,E01033226,0
Unvalidated,2024041410031,2024,041410031,1,9,0,7,5,1,0,8,0,0,0,0,1,1,5,1,84,11,-1,-1,-1,-1,9,2,E01006312,0
Unvalidated,2024041410031,2024,041410031,2,1,0,18,7,3,0,8,0,0,0,0,4,1,2,1,52,8,-1,-1,-1,-1,8,3,E01025540,0
Unvalidated,2024041410032,2024,041410032,1,9,0,18,1,5,0,8,0,0,3,10,1,1,6,3,-1,-1,-1,-1,-1,-1,-1,-1,-1,0
Unvalidated,2024041410032,2024,041410032,2,9,0,18,7,3,0,8,1,0,0,0,4,1,5,2,37,7,-1,-1,-1,-1,5,1,E01025288,0
Unvalidated,2024041410175,2024,041410175,1,9,0,18,1,5,0,4,0,0,0,0,2,1,5,2,75,10,-1,-1,-1,-1,2,1,E01025579,0
Unvalidated,2024041410175,2024,041410175,2,1,0,18,7,3,0,8,0,0,0,0,1,1,6,1,65,9,-1,-1,-1,-1,6,1,E01025607,0
Unvalidated,2024041410240,2024,041410240,1,9,0,9,7,3,0,1,0,0,0,0,0,1,6,3,-1,-1,-1,-1,-1,-1,-1,-1,-1,0
Unvalidated,2024041410240,2024,041410240,2,9,0,18,7,3,0,1,0,11,4,2,3,1,2,2,25,5,-1,-1,-1,-1,1,1,E01033759,0
Unvalidated,2024041410518,2024,041410518,1,9,0,9,1,7,0,5,0,0,0,0,3,1,6,1,22,5,-1,-1,-1,-1,7,3,E01025279,0
Unvalidated,2024041410518,2024,041410518,2,97,0,18,1,5,0,1,5,0,0,0,1,1,1,1,57,9,-1,-1,-1,-1,1,1,E01005087,0
Unvalidated,2024041410568,2024,041410568,1,9,0,9,1,5,0,0,0,4,0,0,1,1,6,1,-1,-1,-1,-1,-1,-1,-1,-1,-1,0
Unvalidated,2024041410568,2024,041410568,2,9,0,18,1,5,0,0,0,0,0,0,4,1,5,1,54,8,-1,-1,-1,-1,1,1,E01033231,0
Unvalidated,2024041410568,2024,041410568,3,9,0,2,1,5,0,0,0,0,0,0,2,1,5,2,60,9,-1,-1,-1,-1,4,1,E01025054,0
Unvalidated,2024041410568,2024,041410568,4,9,0,18,2,4,0,0,0,0,0,0,4,1,2,2,35,6,-1,-1,-1,-1,1,1,E01025067,0
Unvalidated,2024041410568,2024,041410568,5,9,0,9,1,5,0,0,0,0,0,0,1,1,1,1,40,7,-1,-1,-1,-1,-1,-1,-1,0
Unvalidated,2024041410663,2024,041410663,1,9,0,17,3,7,0,0,0,0,7,0,4,1,2,1,42,7,-1,-1,-1,-1,6,1,E01025066,0
Unvalidated,2024041410663,2024,041410663,2,9,0,16,7,3,0,0,0,0,1,0,1,1,2,1,36,7,-1,-1,-1,-1,9,1,E01012598,0
Unvalidated,2024041410821,2024,041410821,1,20,0,18,5,1,0,0,1,0,1,3,4,1,5,1,54,8,-1,-1,-1,-1,7,1,E01025081,0
Unvalidated,2024041410877,2024,041410877,1,9,0,18,3,7,0,1,0,0,0,0,1,1,6,1,42,7,-1,-1,-1,-1,1,1,E01025117,0
Unvalidated,2024041410921,2024,041410921,1,9,0,6,0,0,9,0,0,0,0,0,1,1,5,1,22,5,-1,-1,-1,-1,1,1,E01012656,0
Unvalidated,2024041411032,2024,041411032,1,9,0,-1,-1,-1,-1,0,-1,-1,-1,0,-1,1,6,3,-1,-1,-1,-1,-1,-1,-1,-1,-1,0
Unvalidated,2024041411102,2024,041411102,1,1,0,18,3,7,0,0,0,0,0,0,1,1,4,1,14,3,-1,-1,-1,-1,1,1,E01012752,0
Unvalidated,2024041411102,2024,041411102,2,9,0,18,5,1,0,0,0,0,0,0,3,1,2,2,56,9,-1,-1,-1,-1,3,1,E01012669,0
Unvalidated,2024041411200,2024,041411200,1,9,0,18,1,5,0,0,0,0,0,0,1,1,5,1,36,7,-1,-1,-1,-1,4,1,E01031087,0
Unvalidated,2024041411348,2024,041411348,1,9,0,18,5,1,0,0,0,0,0,0,3,1,5,2,33,6,-1,-1,-1,-1,6,1,E01010909,0
Unvalidated,2024041411348,2024,041411348,2,9,0,18,5,1,0,0,0,0,0,0,2,1,5,1,74,10,-1,-1,-1,-1,8,1,E01019367,0
Unvalidated,2024041411348,2024,041411348,3,9,0,12,8,4,6,0,0,0,1,6,3,1,5,2,29,6,-1,-1,-1,-1,4,1,E01019389,0
Unvalidated,2024041411356,2024,041411356,1,9,0,18,2,6,0,1,0,0,6,0,2,1,5,2,29,6,-1,-1,-1,-1,2,1,E01006945,0
Unvalidated,2024041411356,2024,041411356,2,9,0,18,3,7,0,1,0,0,0,0,1,1,5,1,66,10,-1,-1,-1,-1,9,3,E01024964,0
Unvalidated,2024041411369,2024,041411369,1,9,0,18,1,5,0,8,0,0,0,0,3,1,6,2,75,10,-1,-1,-1,-1,9,1,E01025021,0
Unvalidated,2024041411369,2024,041411369,2,9,0,18,3,7,0,2,0,0,0,0,1,1,6,1,34,6,-1,-1,-1,-1,1,1,E01012721,0
Unvalidated,2024041411396,2024,041411396,1,9,0,18,4,8,0,1,0,0,0,0,1,1,6,1,30,6,-1,-1,-1,-1,5,2,E01025483,0
Unvalidated,2024041411396,2024,041411396,2,9,0,18,4,8,0,4,0,0,0,0,2,1,5,1,51,8,-1,-1,-1,-1,10,1,E01024968,0
Unvalidated,2024041411466,2024,041411466,1,98,0,18,1,5,0,0,0,0,0,0,1,1,1,1,65,9,-1,-1,-1,-1,4,1,E01012712,0
Unvalidated,2024041411466,2024,041411466,2,9,0,18,1,5,0,0,0,0,0,0,2,1,2,1,30,6,-1,-1,-1,-1,1,1,E01024882,0
Unvalidated,2024041411466,2024,041411466,3,98,0,18,1,5,0,0,0,0,0,0,2,1,6,1,-1,-1,-1,-1,-1,-1,-1,-1,-1,0
Unvalidated,2024041411519,2024,041411519,1,9,0,18,1,5,0,1,0,0,0,0,1,1,6,1,44,7,-1,-1,-1,-1,1,1,E01025084,0
Unvalidated,2024041411657,2024,041411657,1,97,0,18,1,5,0,0,2,11,0,0,3,1,5,1,42,7,-1,-1,-1,-1,2,1,E01024863,0
Unvalidated,2024041411657,2024,041411657,2,9,0,9,3,1,0,0,0,0,0,0,1,1,5,1,17,4,-1,-1,-1,-1,7,1,E01025079,0
Unvalidated,2024041411657,2024,041411657,3,9,0,2,1,5,0,0,0,0,0,0,2,1,6,3,-1,-1,-1,-1,-1,-1,-1,-1,-1,0
Unvalidated,2024041411671,2024,041411671,1,9,0,9,1,5,0,1,0,0,0,0,4,1,1,2,30,6,-1,-1,-1,-1,8,2,E01025317,0
Unvalidated,2024041411671,2024,041411671,2,9,0,18,5,1,0,1,0,0,0,0,1,1,1,2,43,7,-1,-1,-1,-1,5,1,E01012645,0
Unvalidated,2024041411675,2024,041411675,1,9,0,18,7,3,0,1,0,0,0,0,1,1,5,2,36,7,-1,-1,-1,-1,9,1,E01005713,0
Unvalidated,2024041411675,2024,041411675,2,9,0,3,7,3,0,1,0,0,0,0,2,1,5,1,35,6,-1,-1,-1,-1,7,1,E01025593,0
Unvalidated,2024041411683,2024,041411683,1,98,0,18,3,7,1,4,0,0,0,0,1,1,1,1,45,7,-1,-1,-1,-1,5,2,E01025030,0
Unvalidated,2024041411683,2024,041411683,2,1,0,18,3,5,0,8,5,0,1,0,1,1,1,1,59,9,-1,-1,-1,-1,10,2,E01025019,0
Unvalidated,2024041411703,2024,041411703,1,9,0,16,7,3,0,4,0,4,3,10,1,1,5,2,40,7,-1,-1,-1,-1,6,1,E01025568,0
Unvalidated,2024041411761,2024,041411761,1,9,0,18,5,1,0,0,0,4,0,0,3,1,5,2,31,6,-1,-1,-1,-1,2,1,E01025313,0
Unvalidated,2024041411761,2024,041411761,2,9,0,2,0,0,0,0,0,4,0,0,4,1,6,3,-1,-1,-1,-1,-1,-1,-1,-1,-1,0
Unvalidated,2024041411761,2024,041411761,3,9,0,2,0,0,0,0,0,4,0,0,2,1,6,3,-1,-1,-1,-1,-1,-1,-1,-1,-1,0
Unvalidated,2024041411770,2024,041411770,1,9,0,9,4,2,0,0,0,0,0,0,3,1,6,1,53,8,-1,-1,-1,-1,7,2,E01025326,0
Unvalidated,2024041411772,2024,041411772,1,9,0,14,5,5,0,0,0,0,0,0,3,1,2,1,40,7,-1,-1,-1,-1,1,1,E01025236,0
Unvalidated,2024041411775,2024,041411775,1,9,0,18,1,5,0,0,0,0,0,0,1,1,5,1,79,11,-1,-1,-1,-1,10,1,E01025440,0
Unvalidated,2024041411946,2024,041411946,1,98,0,4,3,7,0,0,0,0,0,0,1,1,6,1,60,9,-1,-1,-1,-1,1,1,E01006863,0
Unvalidated,2024041411946,2024,041411946,2,98,0,4,3,7,0,0,0,0,0,0,2,1,5,1,30,6,-1,-1,-1,-1,7,2,E01025028,0
Unvalidated,2024041412001,2024,041412001,1,9,0,9,2,8,0,0,0,0,0,0,1,1,1,2,51,8,-1,-1,-1,-1,-1,-1,-1,0
Unvalidated,2024041412001,2024,041412001,2,9,0,10,1,5,0,0,0,0,7,4,2,1,5,1,84,11,-1,-1,-1,-1,8,1,E01024869,0
Unvalidated,2024041412028,2024,041412028,1,9,0,9,1,7,0,2,0,0,0,0,1,1,6,1,28,6,-1,-1,-1,-1,1,1,E01012639,0
Unvalidated,2024041412067,2024,041412067,1,9,0,18,7,3,0,0,0,0,0,0,4,1,5,1,18,4,-1,-1,-1,-1,1,1,E01025041,0
Unvalidated,2024041412127,2024,041412127,1,9,0,1,3,7,0,0,0,0,0,0,2,1,6,3,-1,-1,-1,-1,-1,-1,-1,-1,-1,0
Unvalidated,2024041412143,2024,041412143,1,98,0,18,7,3,0,0,0,5,0,0,1,1,1,1,30,6,-1,-1,-1,-1,3,1,E01012588,0
Unvalidated,2024041412208,2024,041412208,1,9,0,16,2,5,0,0,1,0,2,10,1,1,5,2,18,4,-1,-1,-1,-1,5,2,E01006887,0
Unvalidated,2024041412208,2024,041412208,2,9,0,17,5,2,0,0,1,0,0,0,3,1,5,2,19,4,-1,-1,-1,-1,-1,-1,-1,0
Unvalidated,2024041412354,2024,041412354,1,9,0,9,1,7,0,6,0,0,0,0,3,1,2,2,63,9,-1,-1,-1,-1,7,1,E01025078,0
Unvalidated,2024041412354,2024,041412354,2,97,0,18,7,3,0,1,0,0,0,0,1,1,6,1,20,4,-1,-1,-1,-1,2,1,E01025075,0
Unvalidated,2024041412569,2024,041412569,1,98,0,5,5,1,0,0,0,0,0,0,1,1,5,1,64,9,-1,-1,-1,-1,1,1,E01012751,0
Unvalidated,2024041412569,2024,041412569,2,9,0,9,1,7,0,0,0,0,0,0,4,1,5,2,32,6,-1,-1,-1,-1,5,1,E01025572,0
Unvalidated,2024041412582,2024,041412582,1,98,0,18,7,3,0,2,0,0,1,11,1,1,5,1,35,6,-1,-1,-1,-1,7,1,E01024905,0
Unvalidated,2024041412621,2024,041412621,1,9,0,18,4,8,0,8,0,0,0,0,4,1,2,1,42,7,-1,-1,-1,-1,5,1,E01025329,0
Unvalidated,2024041412621,2024,041412621,2,97,0,18,6,2,0,1,0,0,0,0,1,1,6,1,18,4,-1,-1,-1,-1,7,1,E01025339,0
Unvalidated,2024041412623,2024,041412623,1,9,0,5,6,2,0,0,0,0,0,0,1,1,6,3,-1,-1,-1,-1,-1,-1,-1,-1,-1,0
Unvalidated,2024041412623,2024,041412623,2,22,0,18,6,2,0,0,0,0,0,0,3,1,5,2,62,9,-1,-1,-1,-1,2,1,E01033223,0
Unvalidated,2024041412643,2024,041412643,1,9,0,18,7,3,0,0,0,0,0,0,1,1,5,2,76,11,-1,-1,-1,-1,7,1,E01025003,0
Unvalidated,2024041412643,2024,041412643,2,9,0,2,0,0,0,0,0,0,0,0,1,1,6,3,-1,-1,-1,-1,-1,-1,-1,-1,-1,0
Unvalidated,2024041412664,2024,041412664,1,9,0,18,5,1,0,0,0,0,0,0,1,1,6,1,58,9,-1,-1,-1,-1,9,1,E01024912,0
Unvalidated,2024041412664,2024,041412664,2,9,0,18,5,1,0,0,0,0,0,0,2,1,5,1,85,11,-1,-1,-1,-1,3,1,E01024884,0
Unvalidated,2024041412687,2024,041412687,1,9,0,18,7,5,8,0,0,0,0,0,1,1,3,2,41,7,-1,-1,-1,-1,1,1,E01025527,0
Unvalidated,2024041412687,2024,041412687,2,9,0,18,5,1,0,0,0,0,0,0,1,1,5,2,29,6,-1,-1,-1,-1,2,1,E01025529,0
Unvalidated,2024041412706,2024,041412706,1,9,0,18,1,5,0,0,0,0,0,0,1,1,6,3,-1,-1,-1,-1,-1,-1,-1,-1,-1,0
Unvalidated,2024041412706,2024,041412706,2,9,0,18,1,5,0,0,0,0,0,0,2,1,5,1,29,6,-1,-1,-1,-1,1,1,E01024877,0
Unvalidated,2024041412788,2024,041412788,1,9,0,18,3,7,0,8,0,0,0,0,3,1,1,1,35,6,-1,-1,-1,-1,6,1,E01025401,0
Unvalidated,2024041412788,2024,041412788,2,9,0,18,5,1,0,8,0,0,0,0,4,1,6,3,-1,-1,-1,-1,-1,-1,-1,-1,-1,0
Unvalidated,2024041412860,2024,041412860,1,9,0,18,5,1,0,0,1,0,1,0,1,1,5,2,23,5,-1,-1,-1,-1,3,1,E01012708,0
Unvalidated,2024041412860,2024,041412860,2,98,0,18,5,1,0,0,0,0,0,0,2,1,1,1,58,9,-1,-1,-1,-1,10,2,E01018370,0
Unvalidated,2024041412941,2024,041412941,1,98,0,18,3,7,0,0,0,0,0,0,1,1,6,1,36,7,-1,-1,-1,-1,5,3,E01025320,0
Unvalidated,2024041412941,2024,041412941,2,9,0,4,3,7,0,0,0,0,0,0,2,1,5,1,76,11,-1,-1,-1,-1,9,2,E01025074,0
Unvalidated,2024041412941,2024,041412941,3,98,0,4,3,7,0,0,0,0,0,0,2,1,6,3,-1,-1,-1,-1,-1,-1,-1,-1,-1,0
Unvalidated,2024041412988,2024,041412988,1,9,0,18,5,1,0,0,1,0,0,0,1,1,1,1,50,8,-1,-1,-1,-1,1,1,E01005189,0
Unvalidated,2024041412988,2024,041412988,2,9,0,18,5,1,0,0,1,0,0,0,1,1,1,1,37,7,-1,-1,-1,-1,1,1,E01025224,0
Unvalidated,2024041413044,2024,041413044,1,9,0,9,5,1,0,1,0,0,7,2,4,1,5,1,27,6,-1,-1,-1,-1,3,1,E01024891,0
Unvalidated,2024041413044,2024,041413044,2,9,0,18,1,5,0,1,0,0,1,0,1,1,5,1,30,6,-1,-1,-1,-1,2,1,E01012629,0
Unvalidated,2024041413053,2024,041413053,1,9,0,18,1,5,0,0,0,0,0,0,1,1,5,1,89,11,-1,-1,-1,-1,5,1,E01025541,0
Unvalidated,2024041413053,2024,041413053,2,9,0,18,1,5,0,0,0,0,0,0,2,1,2,1,62,9,-1,-1,-1,-1,3,1,E01012662,0
Unvalidated,2024041413062,2024,041413062,1,9,0,18,3,7,0,2,0,0,0,0,1,1,5,1,24,5,-1,-1,-1,-1,7,1,E01025557,0
Unvalidated,2024041413080,2024,041413080,1,98,0,9,7,3,0,8,0,0,0,0,1,1,2,1,27,6,-1,-1,-1,-1,2,1,E01025292,0
Unvalidated,2024041413080,2024,041413080,2,98,0,18,5,1,0,1,0,0,0,0,4,1,5,1,39,7,-1,-1,-1,-1,2,1,E01025238,0
Unvalidated,2024041413082,2024,041413082,1,9,0,18,5,1,0,0,5,0,0,0,1,1,5,1,75,10,-1,-1,-1,-1,7,3,E01025130,0
Unvalidated,2024041413182,2024,041413182,1,9,0,18,4,8,0,0,0,0,0,0,1,2,2,2,35,6,-1,-1,-1,-1,10,1,E01005048,0
Unvalidated,2024041413182,2024,041413182,2,9,0,18,8,4,0,0,1,0,0,0,1,2,6,2,64,9,-1,-1,-1,-1,10,1,E01025352,0
Unvalidated,2024041413183,2024,041413183,1,9,0,18,5,1,0,2,0,0,0,0,4,1,2,1,27,6,-1,-1,-1,-1,3,1,E01025312,0
Unvalidated,2024041413199,2024,041413199,1,9,0,18,-1,-1,0,0,0,0,0,0,1,1,6,3,-1,-1,-1,-1,-1,-1,-1,-1,-1,0
Unvalidated,2024041413285,2024,041413285,1,98,0,18,5,1,0,1,0,0,0,0,1,1,1,1,50,8,-1,-1,-1,-1,4,1,E01025065,0
Unvalidated,2024041413285,2024,041413285,2,9,0,9,5,1,0,1,0,0,0,0,2,1,5,2,62,9,-1,-1,-1,-1,6,1,E01006317,0
Unvalidated,2024041413286,2024,041413286,1,9,0,1,7,3,0,1,0,0,0,0,2,1,6,3,-1,-1,-1,-1,-1,-1,-1,-1,-1,0
Unvalidated,2024041413314,2024,041413314,1,9,0,18,1,5,0,1,0,0,0,0,1,1,5,2,18,4,-1,-1,-1,-1,5,1,E01025228,0
Unvalidated,2024041413314,2024,041413314,2,97,0,18,3,7,0,1,0,0,0,0,4,1,6,1,49,8,-1,-1,-1,-1,5,1,E01025228,0
Unvalidated,2024041413337,2024,041413337,1,9,0,18,5,1,0,0,0,0,0,0,1,1,1,2,49,8,-1,-1,-1,-1,1,1,E01004802,0
Unvalidated,2024041413337,2024,041413337,2,9,0,18,5,1,0,0,0,0,0,0,2,1,1,2,53,8,-1,-1,-1,-1,8,1,E01025141,0
Unvalidated,2024041413429,2024,041413429,1,9,0,18,6,2,0,3,1,0,1,2,3,1,5,1,67,10,-1,-1,-1,-1,7,3,E01024932,0
Unvalidated,2024041413453,2024,041413453,1,9,0,18,3,7,0,0,0,0,0,0,1,1,6,2,37,7,-1,-1,-1,-1,2,1,E01009981,0
Unvalidated,2024041413453,2024,041413453,2,9,0,18,3,7,0,0,0,0,0,0,2,1,2,1,52,8,-1,-1,-1,-1,4,1,E01012713,0
Unvalidated,2024041413618,2024,041413618,1,98,0,18,3,3,0,1,0,0,0,0,1,1,1,1,29,6,-1,-1,-1,-1,1,1,E01004794,0
Unvalidated,2024041413618,2024,041413618,2,9,0,3,3,5,0,8,0,0,0,0,2,1,5,2,19,4,-1,-1,-1,-1,9,1,E01025451,0
Unvalidated,2024041413624,2024,041413624,1,9,0,18,1,5,0,4,0,0,0,0,1,1,5,1,51,8,-1,-1,-1,-1,7,1,E01024938,0
Unvalidated,2024041413624,2024,041413624,2,9,0,18,7,3,0,4,0,0,0,0,4,1,5,1,58,9,-1,-1,-1,-1,10,1,E01025007,0
Unvalidated,2024041413661,2024,041413661,1,9,0,16,5,1,0,1,0,0,0,0,1,1,6,3,-1,-1,-1,-1,-1,-1,-1,-1,-1,0
Unvalidated,2024041413661,2024,041413661,2,98,0,17,7,3,0,1,0,0,0,0,1,1,5,1,28,6,-1,-1,-1,-1,1,1,E01012641,0
Unvalidated,2024041413700,2024,041413700,1,9,0,18,7,3,0,1,0,0,0,0,1,1,5,1,35,6,-1,-1,-1,-1,4,1,E01025460,0
Unvalidated,2024041413700,2024,041413700,2,9,0,18,7,3,0,1,0,0,0,0,2,1,5,2,80,11,-1,-1,-1,-1,10,1,E01025467,0
Unvalidated,2024041413718,2024,041413718,1,9,0,18,3,7,0,1,0,0,0,0,1,1,6,2,20,4,-1,-1,-1,-1,9,1,E01025377,0
Unvalidated,2024041413797,2024,041413797,1,9,0,18,1,5,0,0,1,0,7,4,1,1,6,1,22,5,-1,-1,-1,-1,10,2,E01025341,0
Unvalidated,2024041413974,2024,041413974,1,9,0,18,5,1,0,1,0,0,0,0,1,1,1,1,41,7,-1,-1,-1,-1,1,1,E01025297,0
Unvalidated,2024041413978,2024,041413978,1,9,0,18,1,5,0,0,1,0,1,11,1,1,5,1,27,6,-1,-1,-1,-1,6,2,E01025325,0
Unvalidated,2024041414030,2024,041414030,1,11,0,4,7,3,2,1,0,0,0,0,1,1,5,1,62,9,-1,-1,-1,-1,2,1,E01033223,0
Unvalidated,2024041414031,2024,041414031,1,9,0,18,3,7,0,0,0,0,0,0,1,1,6,2,21,5,-1,-1,-1,-1,8,1,E01025010,0
Unvalidated,2024041414031,2024,041414031,2,9,0,4,3,7,0,0,0,0,0,0,2,1,6,1,22,5,-1,-1,-1,-1,7,2,E01025029,0
Unvalidated,2024041414034,2024,041414034,1,9,0,-1,-1,-1,-1,-1,-1,-1,-1,0,-1,1,6,3,-1,-1,-1,-1,-1,-1,-1,-1,-1,0
Unvalidated,2024041414035,2024,041414035,1,9,0,18,-1,-1,0,1,0,0,0,0,1,1,6,3,-1,-1,-1,-1,-1,-1,-1,-1,-1,0
Unvalidated,2024041414072,2024,041414072,1,97,0,13,5,1,0,1,0,0,0,0,1,1,2,1,16,4,-1,-1,-1,-1,2,2,E01025072,0
Unvalidated,2024041414072,2024,041414072,2,9,0,5,3,1,0,1,0,0,0,0,3,1,2,1,29,6,-1,-1,-1,-1,3,1,E01012632,0
Unvalidated,2024041414126,2024,041414126,1,9,0,18,5,1,0,0,0,0,1,0,1,1,6,2,23,5,-1,-1,-1,-1,1,1,E01012577,0
Unvalidated,2024041414126,2024,041414126,2,9,0,18,1,5,0,0,0,0,0,0,1,1,2,2,60,9,-1,-1,-1,-1,2,1,E01012625,0
Unvalidated,2024041414241,2024,041414241,1,9,0,18,8,5,0,1,0,0,0,0,1,1,2,1,19,4,-1,-1,-1,-1,4,1,E01007053,0
Unvalidated,2024041414241,2024,041414241,2,9,0,18,8,5,0,1,0,0,0,0,2,1,5,2,59,9,-1,-1,-1,-1,1,1,E01025527,0
Unvalidated,2024041414268,2024,041414268,1,9,0,5,1,5,0,0,0,0,0,0,1,1,2,2,57,9,-1,-1,-1,-1,9,3,E01025342,0
Unvalidated,2024041414309,2024,041414309,1,1,0,17,7,3,0,0,1,0,0,0,1,1,2,1,45,7,-1,-1,-1,-1,5,1,E01025360,0
Unvalidated,2024041414309,2024,041414309,2,9,0,18,5,1,0,0,0,0,0,0,3,1,2,1,23,5,-1,-1,-1,-1,4,1,E01025359,0
Unvalidated,2024041414356,2024,041414356,1,9,0,18,1,5,0,1,0,0,0,0,4,1,5,1,55,8,-1,-1,-1,-1,1,1,E01025084,0
Unvalidated,2024041414376,2024,041414376,1,9,0,16,6,2,0,1,5,0,0,0,3,1,5,1,18,4,-1,-1,-1,-1,10,1,E01024947,0
Unvalidated,2024041414403,2024,041414403,1,9,0,17,3,8,0,0,5,0,1,0,4,1,5,1,17,4,-1,-1,-1,-1,6,3,E01025367,0