status,collision_index,collision_year,collision_reference,vehicle_reference,vehicle_type,towing_and_articulation,vehicle_manoeuvre,vehicle_direction_from,vehicle_direction_to,vehicle_location_restricted_lane,junction_location,skidding_and_overturning,hit_object_in_carriageway,vehicle_leaving_carriageway,hit_object_off_carriageway,first_point_of_impact,vehicle_left_hand_drive,journey_purpose_of_driver,sex_of_driver,age_of_driver,age_band_of_driver,engine_capacity_cc,propulsion_code,age_of_vehicle,generic_make_model,driver_imd_decile,driver_home_area_type,lsoa_of_driver,escooter_flag
Unvalidated,2024041414416,2024,041414416,1,9,0,5,5,1,0,6,0,0,7,0,0,1,5,1,80,11,-1,-1,-1,-1,10,2,E01025530,0
Unvalidated,2024041414533,2024,041414533,1,9,0,13,3,7,0,1,0,0,0,0,4,1,6,1,21,5,-1,-1,-1,-1,3,1,E01012750,0
Unvalidated,2024041414533,2024,041414533,2,1,0,9,3,1,0,1,0,0,0,0,1,1,2,1,29,6,-1,-1,-1,-1,1,1,E01012678,0
Unvalidated,2024041414682,2024,041414682,1,9,0,9,6,4,0,6,0,0,0,0,0,1,6,3,-1,-1,-1,-1,-1,-1,-1,-1,-1,0
Unvalidated,2024041414682,2024,041414682,2,97,0,18,5,1,0,1,1,0,0,0,0,1,5,1,21,5,-1,-1,-1,-1,1,1,E01012655,0
Unvalidated,2024041414711,2024,041414711,1,9,0,9,2,8,0,1,0,0,0,0,1,1,5,2,39,7,-1,-1,-1,-1,4,1,E01024894,0
Unvalidated,2024041414711,2024,041414711,2,97,0,18,8,2,0,1,5,0,0,0,3,1,5,2,32,6,-1,-1,-1,-1,1,1,E01024909,0
Unvalidated,2024041414714,2024,041414714,1,9,0,13,1,5,0,1,0,0,7,11,4,1,6,1,30,6,-1,-1,-1,-1,1,1,E01012675,0
Unvalidated,2024041414714,2024,041414714,2,9,0,18,7,3,0,1,0,0,0,0,1,1,6,2,52,8,-1,-1,-1,-1,6,2,E01025563,0
Unvalidated,2024041414751,2024,041414751,1,11,0,18,1,5,2,1,0,0,0,0,1,1,5,1,40,7,-1,-1,-1,-1,5,1,E01012633,0
Unvalidated,2024041414836,2024,041414836,1,98,0,18,5,1,0,0,1,0,5,6,3,1,5,1,65,9,-1,-1,-1,-1,1,3,E01019122,0
Unvalidated,2024041414836,2024,041414836,2,98,0,18,5,1,0,0,0,0,0,0,3,1,1,1,48,8,-1,-1,-1,-1,6,1,E01002170,0
Unvalidated,2024041414847,2024,041414847,1,9,0,13,5,1,0,0,1,4,1,11,3,1,2,1,33,6,-1,-1,-1,-1,1,1,E01025570,0
Unvalidated,2024041414847,2024,041414847,2,9,0,2,5,1,9,0,0,0,2,0,1,1,6,3,-1,-1,-1,-1,-1,-1,-1,-1,-1,0
Unvalidated,2024041414847,2024,041414847,3,9,0,18,5,1,0,0,0,0,0,0,0,1,1,1,51,8,-1,-1,-1,-1,2,1,E01025579,0
Unvalidated,2024041414847,2024,041414847,4,9,0,18,5,1,0,0,0,0,0,0,0,1,2,1,36,7,-1,-1,-1,-1,1,1,E01025592,0
Unvalidated,2024041414847,2024,041414847,5,9,0,2,0,0,6,0,0,0,0,0,4,1,6,3,-1,-1,-1,-1,-1,-1,-1,-1,-1,0
Unvalidated,2024041414847,2024,041414847,6,9,0,2,0,0,6,0,0,0,0,0,1,1,6,3,-1,-1,-1,-1,-1,-1,-1,-1,-1,0
Unvalidated,2024041415095,2024,041415095,1,98,0,18,1,5,0,0,0,0,0,0,1,1,1,1,40,7,-1,-1,-1,-1,3,1,E01007346,0
Unvalidated,2024041415095,2024,041415095,2,98,0,18,1,5,0,0,0,0,0,0,2,1,1,1,28,6,-1,-1,-1,-1,2,1,E01004830,0
Unvalidated,2024041415095,2024,041415095,3,9,0,18,1,5,0,0,0,0,0,0,2,1,2,1,47,8,-1,-1,-1,-1,3,1,E01005704,0
Unvalidated,2024041415095,2024,041415095,4,9,0,18,1,5,0,0,0,0,0,0,2,1,2,2,58,9,-1,-1,-1,-1,10,1,E01024977,0
Unvalidated,2024041415111,2024,041415111,1,98,0,7,5,7,0,3,0,0,0,0,3,1,5,1,38,7,-1,-1,-1,-1,1,1,E01008979,0
Unvalidated,2024041415111,2024,041415111,2,1,0,18,5,1,9,4,0,0,0,0,3,1,6,1,79,11,-1,-1,-1,-1,9,1,E01025436,0
Unvalidated,2024041415220,2024,041415220,1,9,0,18,5,1,0,1,0,0,0,0,1,1,1,2,22,5,-1,-1,-1,-1,9,1,E01007021,0
Unvalidated,2024041415220,2024,041415220,2,9,0,18,3,7,0,1,0,0,0,0,1,1,1,1,59,9,-1,-1,-1,-1,9,1,E01025451,0
Unvalidated,2024041415269,2024,041415269,1,9,0,18,1,5,0,0,1,0,1,4,1,1,1,1,41,7,-1,-1,-1,-1,7,1,E01032535,0
Unvalidated,2024041415495,2024,041415495,1,9,0,5,7,3,0,8,0,0,0,0,1,1,5,1,78,11,-1,-1,-1,-1,9,1,E01025601,0
Unvalidated,2024041415495,2024,041415495,2,9,0,18,5,1,0,2,0,0,0,0,1,1,5,1,67,10,-1,-1,-1,-1,3,1,E01025577,0
Unvalidated,2024041415506,2024,041415506,1,9,0,18,-1,-1,0,1,0,0,0,0,-1,1,6,3,-1,-1,-1,-1,-1,-1,-1,-1,-1,0
Unvalidated,2024041415888,2024,041415888,1,9,0,18,1,5,0,8,0,0,1,1,1,1,2,1,49,8,-1,-1,-1,-1,10,1,E01005739,0
Unvalidated,2024041415904,2024,041415904,1,1,0,18,8,4,0,4,0,0,0,0,1,1,4,1,16,4,-1,-1,-1,-1,-1,-1,-1,0
Unvalidated,2024041415904,2024,041415904,2,9,0,9,2,8,0,8,0,0,0,0,1,1,5,1,63,9,-1,-1,-1,-1,10,1,E01025258,0
Unvalidated,2024041416017,2024,041416017,1,9,0,17,6,2,9,0,0,0,7,11,1,1,6,2,20,4,-1,-1,-1,-1,4,1,E01025113,0
Unvalidated,2024041416017,2024,041416017,2,9,0,2,0,0,9,0,0,0,0,0,3,1,6,3,-1,-1,-1,-1,-1,-1,-1,-1,-1,0
Unvalidated,2024041416034,2024,041416034,1,9,0,18,3,7,0,0,0,0,0,0,1,1,2,1,19,4,-1,-1,-1,-1,1,1,E01025230,0
Unvalidated,2024041416034,2024,041416034,2,98,0,18,3,7,0,0,0,0,0,0,2,1,1,1,61,9,-1,-1,-1,-1,1,1,E01024885,0
Unvalidated,2024041416034,2024,041416034,3,9,0,18,3,7,0,0,0,0,0,0,2,1,6,1,56,9,-1,-1,-1,-1,7,3,E01024860,0
Unvalidated,2024041416034,2024,041416034,4,98,0,18,3,7,0,0,0,0,0,0,2,1,6,1,63,9,-1,-1,-1,-1,2,1,E01012608,0
Unvalidated,2024041416034,2024,041416034,5,9,0,18,3,7,0,0,0,0,0,0,1,1,6,2,34,6,-1,-1,-1,-1,3,1,E01025223,0
Unvalidated,2024041416109,2024,041416109,1,9,0,14,5,1,0,0,0,0,0,0,4,1,6,3,-1,-1,-1,-1,-1,-1,-1,-1,-1,0
Unvalidated,2024041416109,2024,041416109,2,9,0,18,5,1,0,0,0,0,0,0,3,1,6,2,35,6,-1,-1,-1,-1,9,1,E01012583,0
Unvalidated,2024041416207,2024,041416207,1,9,0,9,3,7,0,1,0,0,0,0,1,1,2,1,27,6,-1,-1,-1,-1,3,1,E01012585,0
Unvalidated,2024041416322,2024,041416322,1,98,0,9,1,3,0,6,0,0,0,0,0,1,5,1,63,9,-1,-1,-1,-1,3,1,E01012708,0
Unvalidated,2024041416322,2024,041416322,2,9,0,18,7,3,0,1,0,0,1,11,1,1,5,1,38,7,-1,-1,-1,-1,1,1,E01012736,0
Unvalidated,2024041416358,2024,041416358,1,9,0,18,1,5,0,0,0,4,0,0,1,1,5,1,21,5,-1,-1,-1,-1,9,1,E01024912,0
Unvalidated,2024041416358,2024,041416358,2,9,0,2,1,5,9,0,0,0,0,0,2,1,6,3,-1,-1,-1,-1,-1,-1,-1,-1,-1,0
Unvalidated,2024041416454,2024,041416454,1,9,0,18,5,1,0,1,0,0,0,0,1,1,5,2,47,8,-1,-1,-1,-1,8,1,E01025301,0
Unvalidated,2024041416454,2024,041416454,2,9,0,2,5,1,9,1,0,0,0,0,0,1,6,3,-1,-1,-1,-1,-1,-1,-1,-1,-1,0
Unvalidated,2024041416463,2024,041416463,1,9,0,9,7,5,0,8,0,0,0,0,1,1,6,1,53,8,-1,-1,-1,-1,5,1,E01025572,0
Unvalidated,2024041416505,2024,041416505,1,9,0,18,1,5,0,2,0,0,0,0,1,1,5,1,17,4,-1,-1,-1,-1,5,1,E01007069,0
Unvalidated,2024041416505,2024,041416505,2,9,0,18,5,1,0,1,0,0,0,0,1,1,5,1,53,8,-1,-1,-1,-1,6,1,E01025514,0
Unvalidated,2024041416505,2024,041416505,3,9,0,18,5,1,0,1,0,0,0,0,3,1,5,1,50,8,-1,-1,-1,-1,6,3,E01025514,0
Unvalidated,2024041416548,2024,041416548,1,9,0,18,8,4,0,1,0,0,0,0,-1,1,6,3,-1,-1,-1,-1,-1,-1,-1,-1,-1,0
Unvalidated,2024041416573,2024,041416573,1,9,0,18,7,3,0,2,0,0,0,0,1,1,5,2,43,7,-1,-1,-1,-1,2,1,E01012605,0
Unvalidated,2024041416586,2024,041416586,1,9,0,18,7,3,0,0,0,0,0,0,1,1,5,1,38,7,-1,-1,-1,-1,-1,-1,-1,0
Unvalidated,2024041416586,2024,041416586,2,98,0,3,7,3,0,0,0,0,0,0,2,1,5,2,38,7,-1,-1,-1,-1,8,1,E01012581,0
Unvalidated,2024041416696,2024,041416696,1,9,0,9,7,3,0,1,0,0,0,0,1,1,3,2,44,7,-1,-1,-1,-1,4,1,E01025544,0
Unvalidated,2024041416696,2024,041416696,2,1,0,18,3,7,0,1,0,0,0,0,4,1,5,1,63,9,-1,-1,-1,-1,3,1,E01006035,0
Unvalidated,2024041416769,2024,041416769,1,9,0,18,1,5,0,1,0,0,0,0,1,1,6,1,38,7,-1,-1,-1,-1,4,1,E01025567,0
Unvalidated,2024041416769,2024,041416769,2,97,0,18,1,5,0,1,0,0,0,0,2,1,6,1,21,5,-1,-1,-1,-1,3,1,E01012691,0
Unvalidated,2024041416769,2024,041416769,3,9,0,3,1,5,0,1,0,0,0,0,2,1,6,2,44,7,-1,-1,-1,-1,7,3,E01025028,0
Unvalidated,2024041416769,2024,041416769,4,9,0,3,1,5,0,1,0,0,0,0,2,1,6,2,53,8,-1,-1,-1,-1,2,1,E01012692,0
Unvalidated,2024041416910,2024,041416910,1,9,0,18,8,4,0,0,0,0,0,0,3,1,5,2,37,7,-1,-1,-1,-1,3,1,E01025076,0
Unvalidated,2024041416982,2024,041416982,1,9,0,7,7,3,0,1,0,0,0,0,1,1,5,1,26,6,-1,-1,-1,-1,5,1,E01012729,0
Unvalidated,2024041416982,2024,041416982,2,9,0,4,7,3,0,1,0,0,0,0,2,1,5,1,66,10,-1,-1,-1,-1,1,1,E01012407,0
Unvalidated,2024041417045,2024,041417045,1,9,0,1,5,7,0,8,0,0,0,0,2,1,1,1,27,6,-1,-1,-1,-1,3,1,E01025368,0
Unvalidated,2024041417045,2024,041417045,2,9,0,18,2,8,0,1,0,0,0,0,1,1,5,1,94,11,-1,-1,-1,-1,6,1,E01025330,0
Unvalidated,2024041417045,2024,041417045,3,9,0,2,3,7,9,1,0,0,0,0,2,1,6,3,-1,-1,-1,-1,-1,-1,-1,-1,-1,0
Unvalidated,2024041417209,2024,041417209,1,9,0,9,5,7,0,8,0,0,0,0,1,1,2,2,17,4,-1,-1,-1,-1,8,1,E01025597,0
Unvalidated,2024041417209,2024,041417209,2,9,0,18,7,3,0,1,0,0,0,0,3,1,2,2,56,9,-1,-1,-1,-1,3,1,E01025577,0
Unvalidated,2024041417340,2024,041417340,1,9,0,9,3,1,0,6,0,0,0,0,1,1,5,2,65,9,-1,-1,-1,-1,4,1,E01025544,0
Unvalidated,2024041417340,2024,041417340,2,9,0,7,3,5,0,6,0,0,0,0,4,1,5,2,33,6,-1,-1,-1,-1,5,1,E01025541,0
Unvalidated,2024041417580,2024,041417580,1,9,0,18,3,7,0,0,0,0,0,0,1,1,6,1,75,10,-1,-1,-1,-1,6,2,E01027573,0
Unvalidated,2024041417580,2024,041417580,2,9,0,18,7,3,0,0,0,0,0,0,1,1,6,1,67,10,-1,-1,-1,-1,7,3,E01025199,0
Unvalidated,2024041417616,2024,041417616,1,98,0,5,3,7,0,4,0,0,0,0,1,1,1,2,64,9,-1,-1,-1,-1,3,1,E01012750,0
Unvalidated,2024041417616,2024,041417616,2,9,0,18,1,5,0,8,0,0,0,0,4,1,6,2,33,6,-1,-1,-1,-1,4,1,E01025554,0
Unvalidated,2024041417616,2024,041417616,3,9,0,3,5,1,0,4,0,0,0,0,1,1,6,1,22,5,-1,-1,-1,-1,5,1,E01025017,0
Unvalidated,2024041417774,2024,041417774,1,98,0,18,5,1,0,1,0,0,0,0,1,1,5,1,63,9,-1,-1,-1,-1,7,1,E01012659,0
Unvalidated,2024041417774,2024,041417774,2,9,0,9,3,5,0,2,0,0,0,0,3,1,5,1,60,9,-1,-1,-1,-1,7,1,E01012614,0
Unvalidated,2024041417841,2024,041417841,1,98,0,18,1,1,0,1,0,0,0,0,4,1,2,1,54,8,-1,-1,-1,-1,5,1,E01014239,0
Unvalidated,2024041417841,2024,041417841,2,9,0,18,3,3,0,8,0,0,0,0,1,1,6,2,36,7,-1,-1,-1,-1,-1,-1,-1,0
Unvalidated,2024041417918,2024,041417918,1,9,0,18,1,5,0,1,0,0,0,0,1,1,5,2,46,8,-1,-1,-1,-1,3,1,E01024986,0
Unvalidated,2024041417918,2024,041417918,2,9,0,18,1,5,0,1,0,0,0,0,2,1,5,1,52,8,-1,-1,-1,-1,4,1,E01012693,0
Unvalidated,2024041417936,2024,041417936,1,9,0,6,3,7,0,1,0,0,0,0,0,1,5,2,84,11,-1,-1,-1,-1,6,2,E01025563,0
Unvalidated,2024041417936,2024,041417936,2,97,0,18,3,7,0,1,0,0,0,0,0,1,5,1,59,9,-1,-1,-1,-1,1,1,E01012738,0
Unvalidated,2024041418006,2024,041418006,1,9,0,7,7,5,0,3,0,0,0,0,1,1,5,2,43,7,-1,-1,-1,-1,1,1,E01012655,0
Unvalidated,2024041418006,2024,041418006,2,97,0,18,5,1,0,3,0,0,0,0,3,1,5,1,19,4,-1,-1,-1,-1,4,1,E01012604,0
Unvalidated,2024041418162,2024,041418162,1,9,0,6,1,5,0,1,0,0,7,2,1,1,1,1,43,7,-1,-1,-1,-1,1,1,E01025575,0
Unvalidated,2024041418185,2024,041418185,1,9,0,16,1,5,0,0,2,10,0,0,4,1,5,1,18,4,-1,-1,-1,-1,3,1,E01025143,0
Unvalidated,2024041418196,2024,041418196,1,9,0,9,7,1,0,6,0,0,0,0,1,1,1,1,64,9,-1,-1,-1,-1,5,1,E01024958,0
Unvalidated,2024041418196,2024,041418196,2,97,0,16,1,5,0,8,0,0,0,0,1,1,2,1,18,4,-1,-1,-1,-1,4,1,E01024975,0
Unvalidated,2024041418197,2024,041418197,1,9,0,18,1,5,0,8,0,0,0,0,1,1,1,1,54,8,-1,-1,-1,-1,1,1,E01012650,0
Unvalidated,2024041418197,2024,041418197,2,9,0,18,3,7,0,8,0,0,0,0,3,1,6,1,37,7,-1,-1,-1,-1,8,1,E01025416,0
Unvalidated,2024041418207,2024,041418207,1,9,0,18,5,1,0,4,0,0,0,0,1,1,6,1,67,10,-1,-1,-1,-1,9,3,E01025277,0
Unvalidated,2024041418215,2024,041418215,1,9,0,18,1,5,0,0,0,0,0,0,4,1,3,2,51,8,-1,-1,-1,-1,3,1,E01025442,0
Unvalidated,2024041418215,2024,041418215,2,1,0,3,5,1,0,0,5,0,0,0,2,1,2,1,25,5,-1,-1,-1,-1,8,2,E01025411,0
Unvalidated,2024041418236,2024,041418236,1,9,0,18,1,5,0,0,0,0,0,0,4,1,5,2,87,11,-1,-1,-1,-1,10,2,E01024963,0
Unvalidated,2024041418358,2024,041418358,1,9,0,18,5,1,0,8,0,0,1,0,1,1,5,1,40,7,-1,-1,-1,-1,6,1,E01025121,0
Unvalidated,2024041418358,2024,041418358,2,9,0,9,1,7,0,8,0,0,0,0,4,1,5,1,22,5,-1,-1,-1,-1,2,1,E01025313,0
Unvalidated,2024041418454,2024,041418454,1,9,0,14,7,3,0,1,0,0,0,0,1,1,5,1,47,8,-1,-1,-1,-1,6,1,E01025401,0
Unvalidated,2024041418454,2024,041418454,2,9,0,18,3,7,0,1,0,0,0,0,1,1,1,1,36,7,-1,-1,-1,-1,1,1,E01012657,0
Unvalidated,2024041418569,2024,041418569,1,9,0,18,7,3,0,1,0,0,1,0,1,1,5,1,32,6,-1,-1,-1,-1,2,1,E01024890,0
Unvalidated,2024041418569,2024,041418569,2,9,0,7,3,5,0,1,0,0,0,0,2,1,2,2,32,6,-1,-1,-1,-1,8,2,E01025333,0
Unvalidated,2024041418605,2024,041418605,1,9,0,5,4,8,0,2,0,0,0,0,1,1,3,2,43,7,-1,-1,-1,-1,5,1,E01024954,0
Unvalidated,2024041418605,2024,041418605,2,9,0,10,5,6,0,7,0,0,0,0,3,1,3,2,38,7,-1,-1,-1,-1,9,1,E01024970,0
Unvalidated,2024041418618,2024,041418618,1,9,0,18,3,7,0,1,0,0,0,0,1,1,5,1,36,7,-1,-1,-1,-1,3,1,E01024892,0
Unvalidated,2024041418618,2024,041418618,2,9,0,9,3,1,1,5,0,0,1,0,3,1,5,1,50,8,-1,-1,-1,-1,3,1,E01024891,0
Unvalidated,2024041418618,2024,041418618,3,9,0,2,3,7,0,1,0,0,0,0,1,1,6,3,-1,-1,-1,-1,-1,-1,-1,-1,-1,0
Unvalidated,2024041418624,2024,041418624,1,9,0,18,6,2,0,0,0,0,0,0,1,1,6,2,30,6,-1,-1,-1,-1,9,2,E01025343,0
Unvalidated,2024041418624,2024,041418624,2,9,0,4,6,2,0,0,0,0,0,0,2,2,5,2,59,9,-1,-1,-1,-1,8,3,E01025204,0
Unvalidated,2024041418624,2024,041418624,3,9,0,18,6,2,0,0,0,0,0,0,2,1,5,2,33,6,-1,-1,-1,-1,4,1,E01024889,0
Unvalidated,2024041418716,2024,041418716,1,9,0,18,3,7,0,8,0,0,0,0,4,1,1,1,23,5,-1,-1,-1,-1,2,1,E01012630,0
Unvalidated,2024041418716,2024,041418716,2,9,0,18,5,1,0,8,0,0,0,0,1,1,5,1,47,8,-1,-1,-1,-1,1,1,E01025286,0
Unvalidated,2024041418785,2024,041418785,1,9,0,18,3,7,0,8,0,0,0,0,3,1,6,1,41,7,-1,-1,-1,-1,3,1,E01025379,0
Unvalidated,2024041418785,2024,041418785,2,97,0,18,2,6,0,8,0,0,0,0,1,1,2,1,17,4,-1,-1,-1,-1,1,1,E01012647,0
Unvalidated,2024041418790,2024,041418790,1,9,0,18,7,3,0,0,0,0,0,0,1,1,6,2,36,7,-1,-1,-1,-1,-1,1,-1,0
Unvalidated,2024041418790,2024,041418790,2,9,0,18,5,1,0,0,0,0,0,0,4,1,6,2,22,5,-1,-1,-1,-1,2,1,E01006352,0
Unvalidated,2024041418818,2024,041418818,1,9,0,4,5,1,0,1,0,0,0,0,1,1,5,1,21,5,-1,-1,-1,-1,9,2,E01024918,0
Unvalidated,2024041418818,2024,041418818,2,9,0,4,1,5,0,1,0,0,0,0,1,1,5,2,22,5,-1,-1,-1,-1,3,1,E01006238,0
Unvalidated,2024041418866,2024,041418866,1,9,0,9,4,2,0,6,0,0,0,0,1,1,5,1,23,5,-1,-1,-1,-1,2,1,E01025305,0
Unvalidated,2024041418866,2024,041418866,2,9,0,18,2,6,0,1,0,0,0,0,4,1,2,1,23,5,-1,-1,-1,-1,2,1,E01025292,0
Unvalidated,2024041418890,2024,041418890,1,9,0,18,7,3,0,0,0,0,1,11,1,1,6,1,34,6,-1,-1,-1,-1,3,1,E01025442,0
Unvalidated,2024041418903,2024,041418903,1,9,0,18,1,5,0,0,0,0,0,0,1,1,5,1,20,4,-1,-1,-1,-1,1,1,E01024877,0
Unvalidated,2024041418937,2024,041418937,1,9,0,18,1,5,0,0,0,0,0,0,1,1,6,1,50,8,-1,-1,-1,-1,4,1,E01025113,0
Unvalidated,2024041418937,2024,041418937,2,9,0,18,1,5,0,0,0,0,0,0,2,1,1,2,60,9,-1,-1,-1,-1,3,1,E01025138,0
Unvalidated,2024041418937,2024,041418937,3,9,0,18,1,5,0,0,0,0,0,0,2,1,5,2,53,8,-1,-1,-1,-1,8,1,E01007250,0
Unvalidated,2024041418944,2024,041418944,1,9,0,2,0,0,0,0,0,0,0,0,3,1,1,1,38,7,-1,-1,-1,-1,1,1,E01012673,0
Unvalidated,2024041418944,2024,041418944,2,1,0,18,-1,-1,0,0,5,0,0,0,1,1,6,1,81,11,-1,-1,-1,-1,3,1,E01012726,0
Unvalidated,2024041418964,2024,041418964,1,9,0,18,6,2,0,0,0,4,0,0,1,1,5,2,72,10,-1,-1,-1,-1,1,1,E01025136,0
Unvalidated,2024041418964,2024,041418964,2,9,0,2,0,0,0,0,0,0,0,0,2,1,6,3,-1,-1,-1,-1,-1,-1,-1,-1,-1,0
Unvalidated,2024041418983,2024,041418983,1,9,0,18,8,4,0,0,5,0,1,0,4,1,6,2,35,6,-1,-1,-1,-1,1,1,E01025396,0
Unvalidated,2024041419054,2024,041419054,1,9,0,18,3,7,0,1,0,0,8,4,3,1,6,2,31,6,-1,-1,-1,-1,5,1,E01005964,0
Unvalidated,2024041419054,2024,041419054,2,9,0,6,3,7,0,1,0,0,0,0,1,1,6,1,23,5,-1,-1,-1,-1,10,2,E01025414,0
Unvalidated,2024041419080,2024,041419080,1,1,0,18,1,5,0,8,0,0,0,0,1,1,5,1,19,4,-1,-1,-1,-1,-1,-1,-1,0
Unvalidated,2024041419080,2024,041419080,2,9,0,4,7,3,0,1,0,0,0,0,4,1,5,2,21,5,-1,-1,-1,-1,10,1,E01025552,0
Unvalidated,2024041419087,2024,041419087,1,9,0,9,7,5,0,2,0,0,0,0,1,1,5,1,25,5,-1,-1,-1,-1,2,1,E01012685,0
Unvalidated,2024041419087,2024,041419087,2,9,0,18,5,1,0,1,0,0,0,0,1,1,5,1,25,5,-1,-1,-1,-1,4,1,E01012715,0
Unvalidated,2024041419093,2024,041419093,1,9,0,9,7,1,0,8,0,0,0,0,1,1,5,1,51,8,-1,-1,-1,-1,1,1,E01012578,0
Unvalidated,2024041419094,2024,041419094,1,9,0,18,3,7,0,3,0,0,1,7,4,1,5,1,63,9,-1,-1,-1,-1,9,1,E01025451,0
Unvalidated,2024041419146,2024,041419146,1,9,0,9,5,1,0,0,0,0,0,0,1,1,5,2,25,5,-1,-1,-1,-1,2,1,E01025055,0
Unvalidated,2024041419146,2024,041419146,2,9,0,18,1,5,0,0,0,0,0,0,3,1,2,1,58,9,-1,-1,-1,-1,8,1,E01025214,0
Unvalidated,2024041419196,2024,041419196,1,97,0,12,5,1,0,0,1,0,4,1,1,1,1,1,21,5,-1,-1,-1,-1,2,1,E01025044,0
Unvalidated,2024041419291,2024,041419291,1,9,0,18,3,7,0,6,0,0,0,0,1,1,5,1,62,9,-1,-1,-1,-1,8,1,E01025040,0
Unvalidated,2024041419291,2024,041419291,2,9,0,18,1,5,0,1,0,11,0,0,1,1,1,1,30,6,-1,-1,-1,-1,1,1,E01025042,0
Unvalidated,2024041419449,2024,041419449,1,9,0,18,5,1,0,0,0,0,0,0,1,1,5,2,36,7,-1,-1,-1,-1,4,1,E01012478,0
Unvalidated,2024041419449,2024,041419449,2,9,0,3,5,1,0,0,0,0,0,0,2,1,5,2,41,7,-1,-1,-1,-1,4,1,E01025249,0
Unvalidated,2024041419449,2024,041419449,3,9,0,3,5,1,0,0,0,0,0,0,2,1,5,1,23,5,-1,-1,-1,-1,1,1,E01012744,0
Unvalidated,2024041419512,2024,041419512,1,9,0,18,7,3,1,0,0,0,0,0,1,1,5,2,81,11,-1,-1,-1,-1,10,2,E01019348,0
Unvalidated,2024041419512,2024,041419512,2,9,0,18,3,7,0,0,0,0,0,0,1,1,5,2,57,9,-1,-1,-1,-1,9,2,E01025158,0
Unvalidated,2024041419574,2024,041419574,1,9,0,18,4,8,0,0,0,0,0,0,4,1,5,2,64,9,-1,-1,-1,-1,4,1,E01025057,0
Unvalidated,2024041419574,2024,041419574,2,9,0,2,0,0,0,0,0,0,0,0,3,1,6,3,-1,-1,-1,-1,-1,-1,-1,-1,-1,0
Unvalidated,2024041419590,2024,041419590,1,9,0,13,8,1,0,0,0,0,0,0,0,1,6,3,-1,-1,-1,-1,-1,-1,-1,-1,-1,0
Unvalidated,2024041419590,2024,041419590,2,9,0,16,8,1,0,0,0,0,0,0,1,1,6,1,40,7,-1,-1,-1,-1,6,1,E01032928,0
Unvalidated,2024041419597,2024,041419597,1,9,0,18,-1,-1,0,0,0,0,0,0,-1,1,6,1,-1,-1,-1,-1,-1,-1,10,3,E01024965,0
Unvalidated,2024041419597,2024,041419597,2,9,0,18,5,1,0,0,0,0,0,0,4,1,6,2,39,7,-1,-1,-1,-1,5,1,E01024928,0
Unvalidated,2024041419622,2024,041419622,1,9,0,18,3,7,0,0,0,0,0,0,1,1,5,1,31,6,-1,-1,-1,-1,7,1,E01025081,0
Unvalidated,2024041419622,2024,041419622,2,9,0,18,7,3,0,0,0,0,0,0,1,1,5,2,30,6,-1,-1,-1,-1,1,1,E01012647,0
Unvalidated,2024041419622,2024,041419622,3,9,0,2,0,0,0,0,0,0,0,0,1,1,6,3,-1,-1,-1,-1,-1,-1,-1,-1,-1,0
Unvalidated,2024041419622,2024,041419622,4,9,0,2,0,0,2,0,0,0,0,0,0,1,6,3,-1,-1,-1,-1,-1,-1,-1,-1,-1,0
Unvalidated,2024041419760,2024,041419760,1,9,0,18,3,7,0,1,0,0,0,0,1,1,5,1,54,8,-1,-1,-1,-1,1,1,E01025186,0
Unvalidated,2024041419760,2024,041419760,2,9,0,5,1,5,0,6,0,0,0,0,3,1,2,1,26,6,-1,-1,-1,-1,1,1,E01024898,0
Unvalidated,2024041419897,2024,041419897,1,9,0,18,3,7,0,0,0,0,0,0,1,1,5,1,33,6,-1,-1,-1,-1,2,1,E01025124,0
Unvalidated,2024041419897,2024,041419897,2,9,0,18,3,7,0,0,0,0,0,0,2,1,2,2,17,4,-1,-1,-1,-1,4,1,E01033072,0
Unvalidated,2024041419897,2024,041419897,3,9,0,18,3,7,0,0,0,0,0,0,2,1,6,1,-1,-1,-1,-1,-1,-1,3,1,E01019161,0
Unvalidated,2024041419908,2024,041419908,1,9,0,18,3,7,0,2,0,0,0,0,1,1,5,1,39,7,-1,-1,-1,-1,4,1,E01025172,0
Unvalidated,2024041419982,2024,041419982,1,9,0,1,8,4,0,1,0,0,0,0,2,1,5,1,63,9,-1,-1,-1,-1,6,1,E01006419,0
Unvalidated,2024041419985,2024,041419985,1,9,0,16,6,2,0,8,0,11,5,4,3,1,5,1,21,5,-1,-1,-1,-1,2,1,E01025185,0
Unvalidated,2024041420010,2024,041420010,1,9,0,9,1,5,0,6,0,0,0,0,1,1,1,1,54,8,-1,-1,-1,-1,1,1,E01012707,0
Unvalidated,2024041420010,2024,041420010,2,9,0,18,7,3,0,1,0,0,0,0,1,1,5,1,19,4,-1,-1,-1,-1,7,3,E01025565,0
Unvalidated,2024041420041,2024,041420041,1,9,0,6,3,7,0,8,0,0,1,0,0,1,6,1,63,9,-1,-1,-1,-1,1,1,E01025482,0
Unvalidated,2024041420370,2024,041420370,1,97,0,13,4,2,0,1,1,0,0,0,3,1,2,1,19,4,-1,-1,-1,-1,1,1,E01025592,0