status,collision_index,collision_year,collision_reference,vehicle_reference,vehicle_type,towing_and_articulation,vehicle_manoeuvre,vehicle_direction_from,vehicle_direction_to,vehicle_location_restricted_lane,junction_location,skidding_and_overturning,hit_object_in_carriageway,vehicle_leaving_carriageway,hit_object_off_carriageway,first_point_of_impact,vehicle_left_hand_drive,journey_purpose_of_driver,sex_of_driver,age_of_driver,age_band_of_driver,engine_capacity_cc,propulsion_code,age_of_vehicle,generic_make_model,driver_imd_decile,driver_home_area_type,lsoa_of_driver,escooter_flag
Unvalidated,2024041420370,2024,041420370,2,98,0,2,2,6,0,2,0,0,0,0,4,1,1,1,68,10,-1,-1,-1,-1,1,1,E01025590,0
Unvalidated,2024041420371,2024,041420371,1,1,0,5,7,3,0,1,0,0,0,0,1,1,5,1,14,3,-1,-1,-1,-1,1,1,E01012721,0
Unvalidated,2024041420371,2024,041420371,2,9,0,18,3,7,0,1,0,0,0,0,1,1,5,1,31,6,-1,-1,-1,-1,1,1,E01012721,0
Unvalidated,2024041420373,2024,041420373,1,98,0,5,5,1,0,8,0,0,0,0,1,1,1,1,50,8,-1,-1,-1,-1,2,1,E01012742,0
Unvalidated,2024041420373,2024,041420373,2,9,0,18,3,7,0,8,0,0,7,1,1,1,6,1,26,6,-1,-1,-1,-1,1,1,E01012680,0
Unvalidated,2024041420400,2024,041420400,1,9,0,18,5,1,0,0,0,0,0,0,1,1,1,1,53,8,-1,-1,-1,-1,5,1,E01025304,0
Unvalidated,2024041420400,2024,041420400,2,9,0,10,1,5,0,0,0,0,0,0,4,1,5,1,69,10,-1,-1,-1,-1,4,1,E01004819,0
Unvalidated,2024041420425,2024,041420425,1,9,0,18,7,3,0,1,0,0,0,0,1,1,5,1,64,9,-1,-1,-1,-1,10,1,E01025259,0
Unvalidated,2024041420425,2024,041420425,2,9,0,3,7,3,0,1,0,0,0,0,2,1,5,2,28,6,-1,-1,-1,-1,-1,3,-1,0
Unvalidated,2024041420425,2024,041420425,3,9,0,18,7,3,0,1,0,0,0,0,2,1,5,2,18,4,-1,-1,-1,-1,1,1,E01025286,0
Unvalidated,2024041420456,2024,041420456,1,9,0,18,3,7,0,1,0,0,0,0,1,1,5,2,87,11,-1,-1,-1,-1,10,2,E01024963,0
Unvalidated,2024041420456,2024,041420456,2,9,0,9,6,5,0,8,0,0,0,0,3,1,3,1,49,8,-1,-1,-1,-1,8,1,E01024944,0
Unvalidated,2024041420474,2024,041420474,1,9,0,18,7,3,0,0,0,0,0,0,1,1,6,1,21,5,-1,-1,-1,-1,7,2,E01025326,0
Unvalidated,2024041420474,2024,041420474,2,9,0,2,0,0,0,0,0,0,0,0,1,1,6,3,-1,-1,-1,-1,-1,-1,-1,-1,-1,0
Unvalidated,2024041420496,2024,041420496,1,9,0,18,3,7,0,1,0,0,0,0,3,1,1,1,53,8,-1,-1,-1,-1,7,1,E01025251,0
Unvalidated,2024041420496,2024,041420496,2,9,0,18,3,7,0,1,0,0,0,0,4,1,3,2,46,8,-1,-1,-1,-1,-1,-1,-1,0
Unvalidated,2024041420496,2024,041420496,3,9,0,9,3,1,0,8,0,0,0,0,0,1,2,2,31,6,-1,-1,-1,-1,4,1,E01005621,0
Unvalidated,2024041420666,2024,041420666,1,9,0,18,5,1,0,4,0,0,0,0,1,1,6,2,49,8,-1,-1,-1,-1,7,3,E01024999,0
Unvalidated,2024041420666,2024,041420666,2,1,0,18,3,7,0,4,0,0,0,0,4,1,2,1,43,7,-1,-1,-1,-1,7,1,E01025003,0
Unvalidated,2024041420737,2024,041420737,1,9,0,18,2,6,0,6,0,0,3,0,1,1,5,2,69,10,-1,-1,-1,-1,9,1,E01024983,0
Unvalidated,2024041420737,2024,041420737,2,98,0,18,8,4,0,1,0,0,1,1,1,1,1,1,41,7,-1,-1,-1,-1,7,1,E01012747,0
Unvalidated,2024041420760,2024,041420760,1,9,0,1,1,5,0,0,0,0,0,0,2,1,6,3,-1,-1,-1,-1,-1,-1,-1,-1,-1,0
Unvalidated,2024041420821,2024,041420821,1,9,0,18,1,5,0,0,0,0,0,0,1,1,5,1,26,6,-1,-1,-1,-1,6,1,E01025330,0
Unvalidated,2024041420821,2024,041420821,2,9,0,10,5,7,0,0,0,0,0,0,2,1,6,2,69,10,-1,-1,-1,-1,1,1,E01025181,0
Unvalidated,2024041420823,2024,041420823,1,98,0,18,5,1,0,0,0,0,0,0,4,1,1,1,44,7,-1,-1,-1,-1,1,1,E01025584,0
Unvalidated,2024041420855,2024,041420855,1,97,0,15,1,5,0,1,5,0,0,0,1,1,6,3,-1,-1,-1,-1,-1,-1,-1,-1,-1,0
Unvalidated,2024041420855,2024,041420855,2,9,0,10,1,5,0,1,0,0,0,0,4,1,5,1,64,9,-1,-1,-1,-1,7,2,E01025559,0
Unvalidated,2024041421026,2024,041421026,1,9,0,18,3,5,0,1,0,0,0,0,1,1,6,1,81,11,-1,-1,-1,-1,10,2,E01025019,0
Unvalidated,2024041421026,2024,041421026,2,1,0,18,3,7,0,4,0,0,0,0,2,1,5,1,55,8,-1,-1,-1,-1,10,2,E01025019,0
Unvalidated,2024041421089,2024,041421089,1,9,0,18,5,1,0,2,0,0,0,0,4,1,5,2,34,6,-1,-1,-1,-1,6,2,E01025458,0
Unvalidated,2024041421101,2024,041421101,1,9,0,5,0,5,0,0,0,0,0,0,3,1,2,2,46,8,-1,-1,-1,-1,9,3,E01025277,0
Unvalidated,2024041421101,2024,041421101,2,97,0,18,1,5,0,0,0,0,0,0,1,1,5,1,16,4,-1,-1,-1,-1,10,1,E01025278,0
Unvalidated,2024041421129,2024,041421129,1,90,0,18,3,7,0,1,0,0,0,0,2,1,5,1,25,5,-1,-1,-1,-1,1,1,E01012751,1
Unvalidated,2024041421129,2024,041421129,2,9,0,18,3,7,0,1,0,0,0,0,1,1,6,3,-1,-1,-1,-1,-1,-1,-1,-1,-1,0
Unvalidated,2024041421134,2024,041421134,1,9,0,5,3,3,0,6,0,0,0,0,1,1,6,1,83,11,-1,-1,-1,-1,4,1,E01025554,0
Unvalidated,2024041421134,2024,041421134,2,97,0,18,6,2,0,1,0,0,0,0,1,1,5,1,52,8,-1,-1,-1,-1,1,1,E01012702,0
Unvalidated,2024041421145,2024,041421145,1,9,0,18,7,3,0,0,0,0,0,0,3,1,2,1,53,8,-1,-1,-1,-1,3,1,E01025269,0
Unvalidated,2024041421149,2024,041421149,1,9,0,9,5,1,0,8,0,0,0,0,1,1,5,1,67,10,-1,-1,-1,-1,5,1,E01025555,0
Unvalidated,2024041421149,2024,041421149,2,9,0,18,7,3,0,8,0,0,0,0,4,1,5,2,80,11,-1,-1,-1,-1,6,1,E01012719,0
Unvalidated,2024041421180,2024,041421180,1,9,0,5,5,1,0,1,0,0,0,0,3,1,6,3,-1,-1,-1,-1,-1,-1,-1,-1,-1,0
Unvalidated,2024041421213,2024,041421213,1,9,0,18,3,7,0,0,0,0,0,0,1,1,6,3,-1,-1,-1,-1,-1,-1,-1,-1,-1,0
Unvalidated,2024041421213,2024,041421213,2,9,0,2,0,0,0,0,0,0,0,0,4,1,6,3,-1,-1,-1,-1,-1,-1,-1,-1,-1,0
Unvalidated,2024041421213,2024,041421213,3,9,0,18,3,3,0,0,0,0,0,0,4,1,6,1,38,7,-1,-1,-1,-1,3,1,E01025138,0
Unvalidated,2024041421220,2024,041421220,1,9,0,18,3,7,0,2,0,0,0,0,1,1,5,1,20,4,-1,-1,-1,-1,3,1,E01012689,0
Unvalidated,2024041421383,2024,041421383,1,9,0,9,5,7,0,8,0,0,0,0,1,1,5,2,33,6,-1,-1,-1,-1,3,1,E01012606,0
Unvalidated,2024041421383,2024,041421383,2,9,0,18,5,1,0,1,1,0,7,11,1,1,5,1,28,6,-1,-1,-1,-1,1,1,E01005324,0
Unvalidated,2024041421417,2024,041421417,1,9,0,18,7,3,0,0,0,0,0,0,-1,1,6,3,-1,-1,-1,-1,-1,-1,-1,-1,-1,0
Unvalidated,2024041421417,2024,041421417,2,1,0,12,1,5,0,0,0,0,0,0,2,1,4,1,12,3,-1,-1,-1,-1,5,1,E01012700,0
Unvalidated,2024041421447,2024,041421447,1,9,0,5,5,1,0,8,0,0,0,0,3,1,2,2,36,7,-1,-1,-1,-1,2,1,E01024902,0
Unvalidated,2024041421447,2024,041421447,2,9,0,18,3,7,0,1,0,0,0,0,1,1,2,2,65,9,-1,-1,-1,-1,1,1,E01024906,0
Unvalidated,2024041421463,2024,041421463,1,98,0,3,1,5,0,1,0,0,0,0,2,1,1,1,53,8,-1,-1,-1,-1,4,1,E01025113,0
Unvalidated,2024041421463,2024,041421463,2,1,0,18,1,5,0,1,0,0,0,0,1,1,1,2,49,8,-1,-1,-1,-1,2,1,E01025124,0
Unvalidated,2024041421488,2024,041421488,1,9,0,18,7,3,0,0,0,0,0,0,1,1,5,1,67,10,-1,-1,-1,-1,9,3,E01027558,0
Unvalidated,2024041421493,2024,041421493,1,9,0,18,4,7,0,4,0,0,0,0,1,1,2,2,61,9,-1,-1,-1,-1,1,1,E01012603,0
Unvalidated,2024041421493,2024,041421493,2,9,0,17,3,6,0,8,0,0,0,0,4,1,6,1,46,8,-1,-1,-1,-1,1,1,E01012577,0
Unvalidated,2024041421495,2024,041421495,1,98,0,18,-1,-1,0,1,0,0,0,0,4,1,6,3,-1,-1,-1,-1,-1,-1,-1,-1,-1,0
Unvalidated,2024041421500,2024,041421500,1,9,0,16,2,3,0,2,0,0,0,0,1,1,5,2,18,4,-1,-1,-1,-1,2,1,E01024857,0
Unvalidated,2024041421500,2024,041421500,2,9,0,9,1,3,0,1,0,0,0,0,1,1,2,1,59,9,-1,-1,-1,-1,8,1,E01025214,0
Unvalidated,2024041421500,2024,041421500,3,9,0,7,1,7,0,1,0,0,0,0,2,1,5,1,46,8,-1,-1,-1,-1,9,1,E01011456,0
Unvalidated,2024041421520,2024,041421520,1,9,0,6,3,7,0,0,0,7,0,0,4,1,6,1,36,7,-1,-1,-1,-1,8,1,E01024914,0
Unvalidated,2024041421520,2024,041421520,2,9,0,18,3,7,0,0,0,0,0,0,1,1,1,1,42,7,-1,-1,-1,-1,1,1,E01033231,0
Unvalidated,2024041421556,2024,041421556,1,9,0,9,7,5,0,6,0,0,0,0,0,1,5,2,79,11,-1,-1,-1,-1,4,3,E01025054,0
Unvalidated,2024041421556,2024,041421556,2,97,0,18,1,5,0,1,0,0,0,0,4,1,5,1,17,4,-1,-1,-1,-1,1,1,E01025226,0
Unvalidated,2024041421613,2024,041421613,1,9,0,18,5,1,0,6,1,0,1,10,3,1,1,1,19,4,-1,-1,-1,-1,7,1,E01010246,0
Unvalidated,2024041421613,2024,041421613,2,98,0,18,2,6,0,8,0,0,0,0,1,1,1,1,33,6,-1,-1,-1,-1,5,1,E01012701,0
Unvalidated,2024041421750,2024,041421750,1,9,0,12,5,1,0,0,0,0,0,0,0,1,5,2,30,6,-1,-1,-1,-1,10,1,E01025007,0
Unvalidated,2024041421750,2024,041421750,2,9,0,18,1,5,0,0,0,10,4,1,1,1,5,1,30,6,-1,-1,-1,-1,8,3,E01025272,0
Unvalidated,2024041421764,2024,041421764,1,9,0,1,3,7,0,0,0,0,0,0,3,1,6,1,73,10,-1,-1,-1,-1,4,1,E01025187,0
Unvalidated,2024041421764,2024,041421764,2,9,0,18,1,5,0,0,0,0,0,0,1,1,5,1,81,11,-1,-1,-1,-1,1,1,E01025184,0
Unvalidated,2024041421791,2024,041421791,1,9,0,18,7,3,0,0,2,0,2,6,1,1,6,1,44,7,-1,-1,-1,-1,8,3,E01012628,0
Unvalidated,2024041421791,2024,041421791,2,19,0,18,7,3,0,0,0,0,0,0,1,1,1,1,40,7,-1,-1,-1,-1,7,1,E01012602,0
Unvalidated,2024041421791,2024,041421791,3,9,0,13,7,3,0,0,0,0,0,0,1,1,6,1,57,9,-1,-1,-1,-1,5,1,E01024954,0
Unvalidated,2024041421921,2024,041421921,1,1,0,18,7,3,0,1,0,0,0,0,1,1,6,1,10,2,-1,-1,-1,-1,1,1,E01012695,0
Unvalidated,2024041421921,2024,041421921,2,9,0,18,3,7,0,2,0,0,0,0,3,1,6,3,-1,-1,-1,-1,-1,-1,-1,-1,-1,0
Unvalidated,2024041421989,2024,041421989,1,9,0,18,3,7,0,0,0,0,0,0,2,1,3,2,38,7,-1,-1,-1,-1,-1,-1,-1,0
Unvalidated,2024041421989,2024,041421989,2,98,0,11,3,7,0,0,5,0,2,7,1,1,1,1,47,8,-1,-1,-1,-1,7,2,E01025561,0
Unvalidated,2024041422142,2024,041422142,1,9,0,15,3,7,0,4,1,0,0,0,1,1,1,2,24,5,-1,-1,-1,-1,1,1,E01024877,0
Unvalidated,2024041422142,2024,041422142,2,98,0,18,7,3,0,2,0,0,0,0,0,1,2,1,38,7,-1,-1,-1,-1,5,3,E01025331,0
Unvalidated,2024041422142,2024,041422142,3,9,0,18,3,7,0,1,0,0,0,0,4,1,2,2,26,6,-1,-1,-1,-1,1,1,E01024908,0
Unvalidated,2024041422148,2024,041422148,1,9,0,9,3,5,0,0,0,0,0,0,3,1,6,1,63,9,-1,-1,-1,-1,9,1,E01012598,0
Unvalidated,2024041422148,2024,041422148,2,1,0,18,1,5,0,0,0,0,0,0,1,1,6,1,-1,-1,-1,-1,-1,-1,-1,-1,-1,0
Unvalidated,2024041422154,2024,041422154,1,9,0,13,8,4,0,0,0,0,0,0,1,1,6,1,76,11,-1,-1,-1,-1,8,3,E01027568,0
Unvalidated,2024041422154,2024,041422154,2,9,0,18,4,8,0,0,0,0,1,0,1,1,6,2,77,11,-1,-1,-1,-1,6,3,E01027559,0
Unvalidated,2024041422185,2024,041422185,1,9,0,-1,-1,-1,-1,0,-1,-1,-1,0,-1,1,6,3,-1,-1,-1,-1,-1,-1,-1,-1,-1,0
Unvalidated,2024041422185,2024,041422185,2,9,0,18,1,5,0,0,0,0,0,0,2,1,6,2,37,7,-1,-1,-1,-1,5,1,E01025053,0
Unvalidated,2024041422234,2024,041422234,1,9,0,5,5,1,0,1,0,0,0,0,4,1,6,1,51,8,-1,-1,-1,-1,1,1,E01024898,0
Unvalidated,2024041422339,2024,041422339,1,9,0,18,5,1,0,4,0,0,0,0,1,1,5,1,59,9,-1,-1,-1,-1,5,2,E01025030,0
Unvalidated,2024041422339,2024,041422339,2,98,0,18,5,1,0,4,0,0,0,0,2,1,1,1,47,8,-1,-1,-1,-1,6,2,E01025507,0
Unvalidated,2024041422474,2024,041422474,1,9,0,18,1,5,0,0,0,0,0,0,1,1,3,2,68,10,-1,-1,-1,-1,9,3,E01025277,0
Unvalidated,2024041422474,2024,041422474,2,9,0,18,1,5,0,0,0,0,0,0,0,1,3,2,45,7,-1,-1,-1,-1,9,3,E01025277,0
Unvalidated,2024041422563,2024,041422563,1,9,0,5,7,3,0,2,0,0,0,0,1,1,3,1,70,10,-1,-1,-1,-1,1,1,E01012684,0
Unvalidated,2024041422563,2024,041422563,2,97,0,18,5,1,0,1,0,0,0,0,1,1,2,1,22,5,-1,-1,-1,-1,3,1,E01025577,0
Unvalidated,2024041422651,2024,041422651,1,97,0,9,3,3,9,0,1,0,0,0,3,1,5,1,37,7,-1,-1,-1,-1,9,1,E01025534,0
Unvalidated,2024041422677,2024,041422677,1,9,0,18,1,5,0,0,0,0,8,0,1,1,5,2,42,7,-1,-1,-1,-1,1,1,E01012619,0
Unvalidated,2024041422792,2024,041422792,1,9,0,18,3,7,0,0,0,0,0,0,1,1,6,1,47,8,-1,-1,-1,-1,2,1,E01025032,0
Unvalidated,2024041422792,2024,041422792,2,9,0,4,3,7,0,0,0,0,0,0,2,1,2,2,31,6,-1,-1,-1,-1,9,3,E01025177,0
Unvalidated,2024041422792,2024,041422792,3,9,0,18,7,3,0,0,0,0,0,0,2,1,5,1,46,8,-1,-1,-1,-1,8,1,E01025056,0
Unvalidated,2024041422810,2024,041422810,1,9,0,9,1,5,0,6,0,0,0,0,1,1,6,2,54,8,-1,-1,-1,-1,10,1,E01025278,0
Unvalidated,2024041422810,2024,041422810,2,9,0,17,5,2,0,8,0,0,0,0,4,1,5,1,28,6,-1,-1,-1,-1,4,2,E01025071,0
Unvalidated,2024041422913,2024,041422913,1,98,0,18,6,2,0,0,0,0,0,0,0,1,6,3,-1,-1,-1,-1,-1,-1,-1,-1,-1,0
Unvalidated,2024041422913,2024,041422913,2,11,0,18,2,6,0,0,5,0,1,0,4,1,1,1,65,9,-1,-1,-1,-1,9,1,E01025439,0
Unvalidated,2024041422930,2024,041422930,1,1,0,18,3,7,0,1,0,0,0,0,1,1,6,1,28,6,-1,-1,-1,-1,3,1,E01012623,0
Unvalidated,2024041422930,2024,041422930,2,90,0,18,5,1,0,1,0,0,0,0,1,1,5,1,55,8,-1,-1,-1,-1,9,1,E01012583,0
Unvalidated,2024041422992,2024,041422992,1,9,0,9,7,3,0,8,1,0,0,0,1,1,5,1,42,7,-1,-1,-1,-1,5,1,E01025311,0
Unvalidated,2024041422992,2024,041422992,2,97,0,18,3,7,0,8,5,0,1,0,1,1,6,1,38,7,-1,-1,-1,-1,6,1,E01025261,0
Unvalidated,2024041423001,2024,041423001,1,9,0,18,3,7,0,0,0,0,0,0,1,1,1,1,45,7,-1,-1,-1,-1,1,1,E01012571,0
Unvalidated,2024041423001,2024,041423001,2,9,0,18,3,7,0,0,0,0,0,0,2,1,2,2,48,8,-1,-1,-1,-1,10,1,E01012563,0
Unvalidated,2024041423001,2024,041423001,3,9,0,18,3,7,0,0,0,0,0,0,2,1,5,1,54,8,-1,-1,-1,-1,2,1,E01025006,0
Unvalidated,2024041423001,2024,041423001,4,9,0,18,3,7,0,0,0,0,0,0,2,1,6,2,57,9,-1,-1,-1,-1,10,2,E01024963,0
Unvalidated,2024041423177,2024,041423177,1,9,0,17,7,3,0,0,0,0,1,11,1,1,5,2,19,4,-1,-1,-1,-1,3,1,E01025223,0
Unvalidated,2024041423208,2024,041423208,1,9,0,18,1,5,0,2,0,0,0,0,1,2,6,1,57,9,-1,-1,-1,-1,1,1,E01012622,0
Unvalidated,2024041423208,2024,041423208,2,9,0,18,3,7,0,1,0,0,0,0,3,1,3,1,38,7,-1,-1,-1,-1,1,1,E01025084,0
Unvalidated,2024041423225,2024,041423225,1,9,0,9,1,5,0,1,0,0,0,0,1,1,5,1,18,4,-1,-1,-1,-1,7,1,E01012614,0
Unvalidated,2024041423225,2024,041423225,2,9,0,18,3,7,0,1,0,0,0,0,3,1,5,2,57,9,-1,-1,-1,-1,9,3,E01025511,0
Unvalidated,2024041423297,2024,041423297,1,9,0,9,1,5,0,1,0,0,1,11,1,1,5,1,20,4,-1,-1,-1,-1,-1,1,-1,0
Unvalidated,2024041423329,2024,041423329,1,9,0,18,5,1,0,0,0,0,0,0,1,2,5,2,36,7,-1,-1,-1,-1,10,2,E01024997,0
Unvalidated,2024041423342,2024,041423342,1,9,0,16,4,8,0,0,0,0,7,10,3,2,5,1,85,11,-1,-1,-1,-1,8,3,E01025105,0
Unvalidated,2024041423342,2024,041423342,2,9,0,17,8,4,0,0,0,0,7,0,3,2,5,1,75,10,-1,-1,-1,-1,8,3,E01025166,0
Unvalidated,2024041423346,2024,041423346,1,9,0,18,1,1,0,0,0,0,0,0,1,1,1,1,58,9,-1,-1,-1,-1,1,1,E01024876,0
Unvalidated,2024041423346,2024,041423346,2,9,0,18,1,1,0,0,0,0,0,0,2,1,6,2,51,8,-1,-1,-1,-1,4,1,E01024896,0
Unvalidated,2024041423362,2024,041423362,1,9,0,18,1,5,0,0,1,0,1,0,1,1,5,1,26,6,-1,-1,-1,-1,7,1,-1,0
Unvalidated,2024041423384,2024,041423384,1,9,0,9,1,5,0,8,0,0,0,0,1,1,1,1,33,6,-1,-1,-1,-1,1,1,E01024893,0
Unvalidated,2024041423384,2024,041423384,2,9,0,18,7,3,0,8,0,0,0,0,4,1,2,2,39,7,-1,-1,-1,-1,2,1,E01024910,0
Unvalidated,2024041423393,2024,041423393,1,97,0,14,2,6,0,2,0,0,0,0,-1,1,6,1,19,4,-1,-1,-1,-1,2,1,E01024857,0
Unvalidated,2024041423400,2024,041423400,1,9,0,18,-1,-1,0,1,0,0,0,0,-1,1,5,1,37,7,-1,-1,-1,-1,3,2,E01025097,0
Unvalidated,2024041423410,2024,041423410,1,97,0,18,3,7,0,1,1,0,0,0,4,1,2,1,39,7,-1,-1,-1,-1,3,1,E01025196,0
Unvalidated,2024041423468,2024,041423468,1,9,0,18,5,1,0,1,0,0,0,0,1,1,5,2,35,6,-1,-1,-1,-1,2,1,E01025369,0
Unvalidated,2024041423606,2024,041423606,1,9,0,4,5,1,0,0,0,0,0,0,1,1,6,3,-1,-1,-1,-1,-1,-1,-1,-1,-1,0
Unvalidated,2024041423606,2024,041423606,2,9,0,3,5,1,0,0,0,0,0,0,2,1,6,2,32,6,-1,-1,-1,-1,1,1,E01025182,0
Unvalidated,2024041423645,2024,041423645,1,9,0,18,7,3,0,0,0,4,0,0,3,1,5,2,72,10,-1,-1,-1,-1,3,1,E01012677,0
Unvalidated,2024041423645,2024,041423645,2,9,0,2,7,3,0,0,0,0,0,0,3,1,6,3,-1,-1,-1,-1,-1,-1,-1,-1,-1,0
Unvalidated,2024041423716,2024,041423716,1,9,0,18,1,5,0,0,0,0,0,0,1,1,5,1,74,10,-1,-1,-1,-1,4,1,E01012604,0
Unvalidated,2024041423716,2024,041423716,2,1,0,18,3,7,0,0,0,0,0,0,1,1,6,1,28,6,-1,-1,-1,-1,1,1,E01012641,0
Unvalidated,2024041423774,2024,041423774,1,23,0,18,3,7,0,0,0,0,0,0,1,1,6,1,18,4,-1,-1,-1,-1,1,1,E01024899,0
Unvalidated,2024041423785,2024,041423785,1,9,0,18,3,7,0,0,0,0,0,0,0,1,6,3,-1,-1,-1,-1,-1,-1,-1,-1,-1,0
Unvalidated,2024041423785,2024,041423785,2,98,0,7,3,7,0,0,5,0,7,0,1,1,1,1,39,7,-1,-1,-1,-1,8,1,E01006302,0
Unvalidated,2024041423806,2024,041423806,1,9,0,18,5,1,0,0,0,0,0,0,2,1,5,2,60,9,-1,-1,-1,-1,9,3,E01025913,0
Unvalidated,2024041423806,2024,041423806,2,9,0,18,5,1,0,0,0,0,0,0,1,1,5,1,64,9,-1,-1,-1,-1,7,2,E01019382,0
Unvalidated,2024041423806,2024,041423806,3,9,0,18,5,1,0,0,0,0,0,0,1,1,5,1,36,7,-1,-1,-1,-1,2,1,E01007249,0
Unvalidated,2024041423806,2024,041423806,4,98,0,18,5,1,0,0,0,0,0,0,1,1,5,1,54,8,-1,-1,-1,-1,5,1,E01031274,0
Unvalidated,2024041423825,2024,041423825,1,9,0,17,2,6,0,2,2,4,0,0,1,1,5,1,28,6,-1,-1,-1,-1,7,1,E01025384,0
Unvalidated,2024041423825,2024,041423825,2,9,0,2,0,0,0,2,0,0,0,0,3,1,6,3,-1,-1,-1,-1,-1,-1,-1,-1,-1,0
Unvalidated,2024041423825,2024,041423825,3,9,0,2,0,0,0,2,0,0,1,0,2,1,6,3,-1,-1,-1,-1,-1,-1,-1,-1,-1,0
Unvalidated,2024041423931,2024,041423931,1,9,0,1,7,3,9,6,0,0,0,0,2,1,5,2,49,8,-1,-1,-1,-1,8,1,E01025302,0
Unvalidated,2024041423966,2024,041423966,1,9,0,18,5,1,0,1,0,0,1,4,1,1,5,1,18,4,-1,-1,-1,-1,6,2,E01025548,0
Unvalidated,2024041424010,2024,041424010,1,9,0,18,5,1,0,1,0,0,0,0,1,1,5,1,34,6,-1,-1,-1,-1,5,1,E01012706,0
Unvalidated,2024041424011,2024,041424011,1,9,0,18,8,4,0,0,0,0,0,0,1,1,1,1,64,9,-1,-1,-1,-1,1,1,E01024875,0
Unvalidated,2024041424011,2024,041424011,2,9,0,2,4,8,0,0,0,0,0,0,4,1,6,3,-1,-1,-1,-1,-1,-1,-1,-1,-1,0
Unvalidated,2024041424019,2024,041424019,1,9,0,18,5,1,0,0,0,0,0,0,3,1,6,1,-1,-1,-1,-1,-1,-1,1,1,E01012655,0
Unvalidated,2024041424019,2024,041424019,2,9,0,18,1,5,0,0,0,0,0,0,1,1,6,2,62,9,-1,-1,-1,-1,1,1,E01012646,0
Unvalidated,2024041424082,2024,041424082,1,9,0,16,6,2,0,0,1,0,4,0,1,1,5,1,28,6,-1,-1,-1,-1,1,1,E01012656,0
Unvalidated,2024041424090,2024,041424090,1,9,0,-1,-1,-1,-1,0,-1,-1,-1,0,-1,1,6,3,-1,-1,-1,-1,-1,-1,-1,-1,-1,0
Unvalidated,2024041424125,2024,041424125,1,9,0,18,7,3,0,3,1,0,1,10,1,1,6,2,49,8,-1,-1,-1,-1,7,1,E01025400,0
Unvalidated,2024041424173,2024,041424173,1,1,0,18,7,3,0,0,0,0,0,0,4,1,6,1,40,7,-1,-1,-1,-1,1,1,E01012721,0
Unvalidated,2024041424173,2024,041424173,2,9,0,18,1,5,0,0,0,0,0,0,1,1,5,1,47,8,-1,-1,-1,-1,7,1,E01012722,0
Unvalidated,2024041424228,2024,041424228,1,9,0,18,5,1,0,1,0,0,0,0,1,1,6,3,-1,-1,-1,-1,-1,-1,-1,-1,-1,0
Unvalidated,2024041424228,2024,041424228,2,9,0,9,5,1,0,8,0,0,0,0,2,1,5,1,59,9,-1,-1,-1,-1,7,3,E01025014,0
Unvalidated,2024041424248,2024,041424248,1,9,0,16,3,7,0,1,0,0,0,0,1,1,2,1,44,7,-1,-1,-1,-1,9,2,E01025533,0
Unvalidated,2024041424248,2024,041424248,2,9,0,16,7,3,0,1,0,0,0,0,2,1,2,1,44,7,-1,-1,-1,-1,-1,-1,-1,0
Unvalidated,2024041424273,2024,041424273,1,9,0,7,5,7,0,8,0,0,0,0,1,1,5,1,59,9,-1,-1,-1,-1,8,1,E01012612,0
Unvalidated,2024041424273,2024,041424273,2,90,0,18,7,3,0,8,0,0,0,0,3,1,6,1,15,3,-1,-1,-1,-1,3,1,E01012585,1
Unvalidated,2024041424292,2024,041424292,1,9,0,18,2,8,0,8,0,0,0,0,1,1,5,2,54,8,-1,-1,-1,-1,4,1,E01025065,0
Unvalidated,2024041424314,2024,041424314,1,97,0,18,6,2,0,0,1,0,1,0,3,1,5,2,35,6,-1,-1,-1,-1,9,1,E01025534,0
Unvalidated,2024041424314,2024,041424314,2,9,0,18,2,6,0,0,0,0,0,0,1,1,5,2,61,9,-1,-1,-1,-1,10,3,E01024977,0
Unvalidated,2024041424316,2024,041424316,1,9,0,18,8,4,0,0,5,0,0,0,1,1,5,2,28,6,-1,-1,-1,-1,8,2,E01004780,0
Unvalidated,2024041424316,2024,041424316,2,9,0,18,4,8,0,0,0,0,0,0,1,1,5,1,21,5,-1,-1,-1,-1,3,1,E01004867,0
Unvalidated,2024041424316,2024,041424316,3,9,0,2,0,0,0,0,0,0,0,0,3,1,6,3,-1,-1,-1,-1,-1,-1,-1,-1,-1,0
Unvalidated,2024041424316,2024,041424316,4,9,0,2,0,0,0,0,0,0,0,0,4,1,6,3,-1,-1,-1,-1,-1,-1,-1,-1,-1,0
Unvalidated,2024041424345,2024,041424345,1,9,0,18,5,1,0,0,0,0,0,0,1,1,5,1,32,6,-1,-1,-1,-1,9,1,-1,0
Unvalidated,2024041424345,2024,041424345,2,9,0,4,5,1,0,0,0,0,0,0,2,1,2,1,29,6,-1,-1,-1,-1,3,1,E01025237,0
Unvalidated,2024041424345,2024,041424345,3,9,0,4,5,1,0,0,0,0,0,0,2,1,5,1,36,7,-1,-1,-1,-1,2,1,E01006710,0
Unvalidated,2024041424418,2024,041424418,1,1,0,18,3,5,0,1,0,0,0,0,0,1,6,1,32,6,-1,-1,-1,-1,3,1,E01025291,0