status,collision_index,collision_year,collision_reference,vehicle_reference,vehicle_type,towing_and_articulation,vehicle_manoeuvre,vehicle_direction_from,vehicle_direction_to,vehicle_location_restricted_lane,junction_location,skidding_and_overturning,hit_object_in_carriageway,vehicle_leaving_carriageway,hit_object_off_carriageway,first_point_of_impact,vehicle_left_hand_drive,journey_purpose_of_driver,sex_of_driver,age_of_driver,age_band_of_driver,engine_capacity_cc,propulsion_code,age_of_vehicle,generic_make_model,driver_imd_decile,driver_home_area_type,lsoa_of_driver,escooter_flag
Unvalidated,2024041424418,2024,041424418,2,9,0,3,3,5,0,1,0,0,0,0,4,1,2,2,26,6,-1,-1,-1,-1,5,1,E01025288,0
Unvalidated,2024041424487,2024,041424487,1,9,0,7,4,6,0,8,0,0,0,0,3,1,6,1,66,10,-1,-1,-1,-1,5,1,E01025360,0
Unvalidated,2024041424487,2024,041424487,2,1,0,18,2,6,0,8,0,0,0,0,1,1,2,1,32,6,-1,-1,-1,-1,-1,-1,-1,0
Unvalidated,2024041424509,2024,041424509,1,9,0,9,5,3,0,8,0,0,1,0,1,1,5,1,57,9,-1,-1,-1,-1,3,1,E01025371,0
Unvalidated,2024041424509,2024,041424509,2,9,0,18,3,7,0,1,0,0,7,0,1,1,3,2,55,8,-1,-1,-1,-1,7,1,E01025365,0
Unvalidated,2024041424520,2024,041424520,1,9,0,5,5,1,0,1,0,0,0,0,0,1,1,1,48,8,-1,-1,-1,-1,2,1,E01012685,0
Unvalidated,2024041424596,2024,041424596,1,9,0,18,5,5,0,0,0,0,2,1,4,1,2,2,20,4,-1,-1,-1,-1,5,1,E01025243,0
Unvalidated,2024041424744,2024,041424744,1,9,0,9,5,3,0,8,0,0,0,0,1,1,5,2,17,4,-1,-1,-1,-1,5,1,E01025543,0
Unvalidated,2024041424744,2024,041424744,2,9,0,5,1,5,0,6,0,0,0,0,4,1,1,1,38,7,-1,-1,-1,-1,2,1,E01025185,0
Unvalidated,2024041424979,2024,041424979,1,9,4,7,6,8,0,6,0,0,0,0,0,1,6,1,59,9,-1,-1,-1,-1,2,1,E01025140,0
Unvalidated,2024041424985,2024,041424985,1,17,0,9,1,4,0,1,0,0,0,0,4,1,6,3,-1,-1,-1,-1,-1,-1,-1,-1,-1,0
Unvalidated,2024041424995,2024,041424995,1,98,0,18,7,3,0,0,0,0,2,7,1,1,1,1,64,9,-1,-1,-1,-1,3,1,E01033203,0
Unvalidated,2024041425024,2024,041425024,1,9,0,18,7,3,0,0,0,0,0,0,1,1,2,1,53,8,-1,-1,-1,-1,7,1,E01025270,0
Unvalidated,2024041425024,2024,041425024,2,9,0,18,7,3,0,0,0,0,0,0,2,1,5,2,72,10,-1,-1,-1,-1,8,1,E01012581,0
Unvalidated,2024041425059,2024,041425059,1,9,0,18,5,1,0,8,0,0,0,0,1,1,6,1,23,5,-1,-1,-1,-1,1,1,E01025186,0
Unvalidated,2024041425094,2024,041425094,1,9,0,18,5,1,0,8,0,0,0,0,1,1,6,1,41,7,-1,-1,-1,-1,1,1,E01033231,0
Unvalidated,2024041425094,2024,041425094,2,9,0,5,7,3,0,8,0,0,0,0,3,1,1,2,26,6,-1,-1,-1,-1,3,1,E01025058,0
Unvalidated,2024041425129,2024,041425129,1,10,0,5,7,3,0,0,0,0,0,0,1,1,1,1,39,7,-1,-1,-1,-1,2,1,E01025263,0
Unvalidated,2024041425129,2024,041425129,2,1,0,5,6,2,0,0,0,0,0,0,1,1,6,1,4,1,-1,-1,-1,-1,3,1,E01025264,0
Unvalidated,2024041425152,2024,041425152,1,9,0,7,5,3,0,3,0,0,0,0,-1,1,6,1,45,7,-1,-1,-1,-1,3,1,E01025366,0
Unvalidated,2024041425182,2024,041425182,1,9,0,9,7,3,0,6,0,0,0,0,3,1,5,2,61,9,-1,-1,-1,-1,3,1,E01012708,0
Unvalidated,2024041425182,2024,041425182,2,9,0,18,5,1,0,1,0,0,0,0,1,1,1,1,42,7,-1,-1,-1,-1,5,1,E01012701,0
Unvalidated,2024041425217,2024,041425217,1,9,0,12,1,5,0,0,0,0,0,0,4,1,5,2,28,6,-1,-1,-1,-1,4,1,E01025460,0
Unvalidated,2024041425217,2024,041425217,2,9,0,18,1,5,0,0,5,0,0,0,1,1,5,2,19,4,-1,-1,-1,-1,1,1,E01024876,0
Unvalidated,2024041425217,2024,041425217,3,9,0,18,1,5,0,0,0,0,0,0,2,1,2,1,59,9,-1,-1,-1,-1,4,1,E01004777,0
Unvalidated,2024041425246,2024,041425246,1,9,0,18,8,4,0,0,0,0,0,0,0,1,6,3,-1,-1,-1,-1,-1,-1,-1,-1,-1,0
Unvalidated,2024041425392,2024,041425392,1,17,0,-1,-1,-1,-1,0,-1,-1,-1,0,-1,1,6,3,-1,-1,-1,-1,-1,-1,-1,-1,-1,0
Unvalidated,2024041425419,2024,041425419,1,9,0,5,6,2,0,4,0,0,0,0,1,1,5,2,65,9,-1,-1,-1,-1,4,1,E01025054,0
Unvalidated,2024041425451,2024,041425451,1,9,0,18,5,1,0,0,1,0,1,4,3,1,6,1,34,6,-1,-1,-1,-1,4,1,E01024896,0
Unvalidated,2024041425469,2024,041425469,1,9,0,6,5,3,0,0,0,0,0,0,3,1,1,1,51,8,-1,-1,-1,-1,1,1,E01012704,0
Unvalidated,2024041425469,2024,041425469,2,97,0,18,5,1,0,0,0,0,0,0,1,1,6,1,48,8,-1,-1,-1,-1,2,1,E01012742,0
Unvalidated,2024041425489,2024,041425489,1,23,0,18,1,5,0,1,0,0,0,0,1,1,6,3,-1,-1,-1,-1,-1,-1,-1,-1,-1,0
Unvalidated,2024041425514,2024,041425514,1,9,0,18,1,5,0,0,0,0,0,0,1,1,5,1,46,8,-1,-1,-1,-1,1,1,E01025184,0
Unvalidated,2024041425567,2024,041425567,1,9,0,9,1,5,0,0,0,0,0,0,1,1,5,2,77,11,-1,-1,-1,-1,9,1,E01025436,0
Unvalidated,2024041425567,2024,041425567,2,9,0,18,5,1,0,0,0,0,0,0,1,1,1,1,50,8,-1,-1,-1,-1,1,1,E01024895,0
Unvalidated,2024041425589,2024,041425589,1,9,0,18,1,5,0,0,0,0,0,0,1,1,6,1,34,6,-1,-1,-1,-1,-1,-1,-1,0
Unvalidated,2024041425589,2024,041425589,2,9,0,9,5,3,0,0,0,0,0,0,4,1,5,1,25,5,-1,-1,-1,-1,5,1,E01025541,0
Unvalidated,2024041425611,2024,041425611,1,1,0,18,5,1,0,0,0,0,1,0,2,1,6,1,47,8,-1,-1,-1,-1,2,1,E01025268,0
Unvalidated,2024041425611,2024,041425611,2,9,0,18,5,1,0,0,0,0,0,0,1,1,5,1,70,10,-1,-1,-1,-1,5,1,E01025235,0
Unvalidated,2024041425768,2024,041425768,1,9,0,-1,-1,-1,-1,0,-1,-1,-1,0,-1,1,6,3,-1,-1,-1,-1,-1,-1,-1,-1,-1,0
Unvalidated,2024041425869,2024,041425869,1,9,0,18,1,5,9,1,0,7,3,0,1,1,6,2,82,11,-1,-1,-1,-1,8,3,E01024939,0
Unvalidated,2024041425902,2024,041425902,1,97,0,18,7,3,0,0,2,2,0,0,1,1,5,1,51,8,-1,-1,-1,-1,4,1,E01025054,0
Unvalidated,2024041425918,2024,041425918,1,97,0,4,5,1,0,0,0,0,0,0,1,1,5,1,60,9,-1,-1,-1,-1,6,1,E01005519,0
Unvalidated,2024041425918,2024,041425918,2,9,0,4,5,1,0,0,0,0,0,0,2,1,5,2,40,7,-1,-1,-1,-1,7,1,E01030850,0
Unvalidated,2024041425919,2024,041425919,1,1,0,18,3,7,0,0,0,0,0,0,3,1,5,1,22,5,-1,-1,-1,-1,5,1,E01025428,0
Unvalidated,2024041425919,2024,041425919,2,9,0,18,7,3,0,0,0,0,0,0,4,1,5,1,65,9,-1,-1,-1,-1,9,1,E01025453,0
Unvalidated,2024041425980,2024,041425980,1,9,0,6,6,4,0,0,0,0,7,2,1,1,5,2,22,5,-1,-1,-1,-1,1,1,E01012655,0
Unvalidated,2024041425984,2024,041425984,1,9,0,6,7,3,0,1,0,0,0,0,2,1,1,1,49,8,-1,-1,-1,-1,7,1,E01025448,0
Unvalidated,2024041425984,2024,041425984,2,97,0,18,7,3,0,1,0,0,0,0,1,1,5,1,31,6,-1,-1,-1,-1,2,1,E01025292,0
Unvalidated,2024041426002,2024,041426002,1,9,0,5,1,3,0,1,0,0,0,0,3,1,5,1,60,9,-1,-1,-1,-1,3,1,E01005966,0
Unvalidated,2024041426002,2024,041426002,2,9,0,18,3,7,0,2,0,0,0,0,1,1,5,1,24,5,-1,-1,-1,-1,2,1,E01012579,0
Unvalidated,2024041426010,2024,041426010,1,9,0,18,3,7,0,0,0,4,0,0,1,1,5,2,54,8,-1,-1,-1,-1,9,3,E01024964,0
Unvalidated,2024041426010,2024,041426010,2,9,0,2,0,0,0,0,0,0,0,0,1,1,6,3,-1,-1,-1,-1,-1,-1,-1,-1,-1,0
Unvalidated,2024041426041,2024,041426041,1,9,0,18,3,7,0,1,0,0,0,0,1,1,4,2,45,7,-1,-1,-1,-1,2,1,E01012630,0
Unvalidated,2024041426041,2024,041426041,2,9,0,18,1,5,0,1,0,0,0,0,4,1,3,2,44,7,-1,-1,-1,-1,9,1,E01025404,0
Unvalidated,2024041426082,2024,041426082,1,9,0,7,3,5,0,2,0,0,0,0,1,1,5,1,32,6,-1,-1,-1,-1,7,2,E01025096,0
Unvalidated,2024041426082,2024,041426082,2,9,0,7,3,5,0,2,0,0,0,0,2,1,5,2,62,9,-1,-1,-1,-1,7,3,E01025130,0
Unvalidated,2024041426092,2024,041426092,1,9,0,18,-1,-1,0,2,0,0,0,0,1,1,6,3,-1,-1,-1,-1,-1,-1,-1,-1,-1,0
Unvalidated,2024041426134,2024,041426134,1,9,0,18,5,1,0,8,0,0,0,0,1,1,5,1,57,9,-1,-1,-1,-1,1,1,E01006000,0
Unvalidated,2024041426166,2024,041426166,1,9,0,9,5,2,0,8,0,0,0,0,1,1,6,1,23,5,-1,-1,-1,-1,1,1,E01025042,0
Unvalidated,2024041426240,2024,041426240,1,9,0,16,5,1,0,1,0,0,0,0,1,1,5,2,61,9,-1,-1,-1,-1,6,1,E01006259,0
Unvalidated,2024041426240,2024,041426240,2,9,0,16,1,5,0,1,1,0,0,0,1,1,5,1,47,8,-1,-1,-1,-1,3,2,E01024959,0
Unvalidated,2024041426261,2024,041426261,1,9,0,9,5,1,0,1,0,0,0,0,3,1,5,2,27,6,-1,-1,-1,-1,9,2,E01018494,0
Unvalidated,2024041426261,2024,041426261,2,9,0,12,5,1,0,1,0,0,7,0,1,1,2,1,60,9,-1,-1,-1,-1,3,1,E01012708,0
Unvalidated,2024041426272,2024,041426272,1,9,0,18,5,1,0,0,0,0,0,0,1,1,5,1,17,4,-1,-1,-1,-1,7,1,E01005517,0
Unvalidated,2024041426272,2024,041426272,2,9,0,18,1,5,0,0,0,0,0,0,1,1,5,1,28,6,-1,-1,-1,-1,4,1,E01007000,0
Unvalidated,2024041426294,2024,041426294,1,17,0,17,3,7,0,0,5,0,7,0,1,1,5,1,18,4,-1,-1,-1,-1,7,3,E01024868,0
Unvalidated,2024041426298,2024,041426298,1,9,0,16,5,1,0,1,0,0,0,0,1,1,5,1,18,4,-1,-1,-1,-1,8,1,E01005570,0
Unvalidated,2024041426404,2024,041426404,1,98,0,17,5,2,0,0,5,7,0,0,1,1,5,1,86,11,-1,-1,-1,-1,8,3,E01025513,0
Unvalidated,2024041426488,2024,041426488,1,9,0,13,7,3,0,8,5,0,0,0,4,1,2,1,22,5,-1,-1,-1,-1,8,1,E01010709,0
Unvalidated,2024041426488,2024,041426488,2,9,0,9,7,3,0,8,0,0,0,0,1,1,1,1,46,8,-1,-1,-1,-1,1,1,E01005826,0
Unvalidated,2024041426490,2024,041426490,1,9,0,18,6,2,0,8,0,0,0,0,1,1,2,1,41,7,-1,-1,-1,-1,9,1,E01025256,0
Unvalidated,2024041426490,2024,041426490,2,1,0,18,5,1,0,8,0,0,0,0,3,1,5,1,54,8,-1,-1,-1,-1,4,1,E01025300,0
Unvalidated,2024041426508,2024,041426508,1,9,0,18,5,1,0,0,0,0,0,0,1,1,5,1,29,6,-1,-1,-1,-1,9,2,E01025512,0
Unvalidated,2024041426508,2024,041426508,2,9,0,18,5,1,0,0,0,0,0,0,1,1,5,2,45,7,-1,-1,-1,-1,8,3,E01012472,0
Unvalidated,2024041426508,2024,041426508,3,9,0,5,5,1,0,0,0,0,0,0,2,1,5,2,61,9,-1,-1,-1,-1,7,1,E01021827,0
Unvalidated,2024041426513,2024,041426513,1,1,0,18,3,7,9,8,0,0,0,0,1,1,5,1,35,6,-1,-1,-1,-1,1,1,E01024885,0
Unvalidated,2024041426513,2024,041426513,2,9,0,5,1,3,0,1,0,0,0,0,4,1,5,2,37,7,-1,-1,-1,-1,6,1,E01024859,0
Unvalidated,2024041426526,2024,041426526,1,9,0,18,7,3,0,1,0,0,0,0,1,1,5,1,27,6,-1,-1,-1,-1,5,1,E01025061,0
Unvalidated,2024041426526,2024,041426526,2,9,0,18,7,3,0,2,0,0,0,0,2,1,5,2,28,6,-1,-1,-1,-1,3,1,E01025391,0
Unvalidated,2024041426526,2024,041426526,3,9,0,18,7,3,0,2,0,0,0,0,2,1,1,1,34,6,-1,-1,-1,-1,1,1,E01025084,0
Unvalidated,2024041426526,2024,041426526,4,9,0,5,7,3,0,1,0,0,0,0,2,1,5,1,36,7,-1,-1,-1,-1,1,1,E01025036,0
Unvalidated,2024041426544,2024,041426544,1,97,0,16,1,5,0,0,1,0,7,0,4,1,5,1,58,9,-1,-1,-1,-1,7,1,E01025361,0
Unvalidated,2024041426548,2024,041426548,1,97,0,18,1,5,0,0,0,0,0,0,1,1,5,1,28,6,-1,-1,-1,-1,4,1,E01024945,0
Unvalidated,2024041426548,2024,041426548,2,9,0,18,5,1,0,0,0,0,0,0,1,1,5,1,17,4,-1,-1,-1,-1,4,1,E01006388,0
Unvalidated,2024041426572,2024,041426572,1,9,0,17,5,3,1,0,0,4,0,0,1,1,5,1,19,4,-1,-1,-1,-1,4,1,E01025011,0
Unvalidated,2024041426572,2024,041426572,2,9,4,16,3,5,0,0,0,0,1,0,3,1,5,1,60,9,-1,-1,-1,-1,10,2,E01025019,0
Unvalidated,2024041426576,2024,041426576,1,1,0,18,3,7,0,0,0,0,0,0,3,1,6,2,6,2,-1,-1,-1,-1,2,1,E01025385,0
Unvalidated,2024041426576,2024,041426576,2,9,0,18,2,6,0,0,0,0,0,0,1,1,5,1,33,6,-1,-1,-1,-1,4,1,E01033281,0
Unvalidated,2024041426597,2024,041426597,1,98,0,18,5,1,0,8,0,0,0,0,1,1,1,2,30,6,-1,-1,-1,-1,1,1,E01012686,0
Unvalidated,2024041426597,2024,041426597,2,9,0,18,7,3,0,8,0,0,1,11,3,1,6,1,55,8,-1,-1,-1,-1,1,1,E01012707,0
Unvalidated,2024041426607,2024,041426607,1,9,0,18,-1,-1,0,8,0,0,0,0,-1,1,6,3,-1,-1,-1,-1,-1,-1,-1,-1,-1,0
Unvalidated,2024041426701,2024,041426701,1,9,0,9,1,1,0,1,0,0,0,0,1,1,5,1,74,10,-1,-1,-1,-1,1,1,E01025045,0
Unvalidated,2024041426701,2024,041426701,2,9,0,18,7,3,0,1,0,0,0,0,4,1,5,2,36,7,-1,-1,-1,-1,3,1,E01025069,0
Unvalidated,2024041426794,2024,041426794,1,9,0,13,3,7,0,0,0,0,0,0,1,1,6,3,-1,-1,-1,-1,-1,-1,-1,-1,-1,0
Unvalidated,2024041426822,2024,041426822,1,9,0,18,7,3,0,0,2,0,1,11,1,1,5,1,24,5,-1,-1,-1,-1,3,1,E01006717,0
Unvalidated,2024041426823,2024,041426823,1,9,0,18,5,1,0,0,0,0,2,7,1,1,6,2,70,10,-1,-1,-1,-1,3,1,E01025063,0
Unvalidated,2024041426907,2024,041426907,1,9,0,18,6,2,0,0,0,0,0,0,1,1,6,3,-1,-1,-1,-1,-1,-1,-1,-1,-1,0
Unvalidated,2024041426907,2024,041426907,2,9,0,18,3,7,0,0,0,0,0,0,1,1,5,1,49,8,-1,-1,-1,-1,2,1,E01012573,0
Unvalidated,2024041426951,2024,041426951,1,9,0,18,5,1,0,0,1,0,0,0,1,1,5,1,18,4,-1,-1,-1,-1,9,1,E01025430,0
Unvalidated,2024041426964,2024,041426964,1,9,0,5,1,5,0,0,0,0,0,0,0,1,6,1,18,4,-1,-1,-1,-1,1,1,E01025189,0
Unvalidated,2024041426970,2024,041426970,1,9,0,5,1,5,0,2,0,0,0,0,2,1,6,1,40,7,-1,-1,-1,-1,1,1,E01012657,0
Unvalidated,2024041426974,2024,041426974,1,9,0,7,1,5,0,4,0,0,0,0,1,1,5,1,33,6,-1,-1,-1,-1,1,1,E01025217,0
Unvalidated,2024041426974,2024,041426974,2,9,0,9,5,1,0,4,0,0,0,0,1,1,5,1,20,4,-1,-1,-1,-1,1,1,E01025224,0
Unvalidated,2024041426998,2024,041426998,1,9,0,18,1,5,0,0,2,0,0,0,1,1,1,1,44,7,-1,-1,-1,-1,4,1,E01012668,0
Unvalidated,2024041426998,2024,041426998,2,9,0,9,1,5,0,0,0,0,0,0,2,1,5,1,45,7,-1,-1,-1,-1,6,1,E01025025,0
Unvalidated,2024041427021,2024,041427021,1,97,0,18,5,1,0,0,1,0,0,0,4,1,1,1,39,7,-1,-1,-1,-1,4,1,E01005465,0
Unvalidated,2024041427179,2024,041427179,1,9,0,18,7,3,0,2,0,0,0,0,3,1,5,1,37,7,-1,-1,-1,-1,2,2,E01025070,0
Unvalidated,2024041427225,2024,041427225,1,9,0,5,7,3,0,0,0,0,0,0,3,1,6,3,-1,-1,-1,-1,-1,-1,-1,-1,-1,0
Unvalidated,2024041427228,2024,041427228,1,9,0,18,3,7,0,0,2,0,1,9,1,1,2,1,19,4,-1,-1,-1,-1,2,1,E01004849,0
Unvalidated,2024041427273,2024,041427273,1,97,0,18,3,7,0,0,0,0,0,0,1,1,5,1,82,11,-1,-1,-1,-1,9,2,E01025484,0
Unvalidated,2024041427273,2024,041427273,2,97,0,18,3,7,0,0,0,0,0,0,2,1,5,1,76,11,-1,-1,-1,-1,4,1,E01007053,0
Unvalidated,2024041427273,2024,041427273,3,97,0,18,7,3,0,0,0,0,0,0,0,1,5,1,74,10,-1,-1,-1,-1,8,1,E01025519,0
Unvalidated,2024041427317,2024,041427317,1,97,0,17,3,7,0,0,1,0,0,0,4,1,5,1,57,9,-1,-1,-1,-1,1,1,E01006470,0
Unvalidated,2024041427557,2024,041427557,1,9,0,18,5,1,0,0,0,0,0,0,1,1,5,2,30,6,-1,-1,-1,-1,1,1,E01012748,0
Unvalidated,2024041427624,2024,041427624,1,9,0,9,7,1,0,5,0,0,0,0,4,1,1,1,37,7,-1,-1,-1,-1,2,1,E01025275,0
Unvalidated,2024041427624,2024,041427624,2,9,0,18,3,7,0,8,0,0,0,0,1,1,2,1,22,5,-1,-1,-1,-1,10,2,E01024965,0
Unvalidated,2024041427653,2024,041427653,1,9,0,12,5,1,0,1,0,0,0,0,1,1,1,1,62,9,-1,-1,-1,-1,4,1,E01019332,0
Unvalidated,2024041427653,2024,041427653,2,9,0,18,1,5,0,1,0,0,0,0,3,1,1,1,40,7,-1,-1,-1,-1,5,1,E01025085,0
Unvalidated,2024041427728,2024,041427728,1,90,0,18,1,5,0,1,0,0,0,0,1,1,6,3,-1,-1,-1,-1,-1,-1,-1,-1,-1,1
Unvalidated,2024041427728,2024,041427728,2,9,0,10,1,5,0,6,0,0,0,0,3,1,5,1,71,10,-1,-1,-1,-1,3,1,E01012732,0
Unvalidated,2024041427735,2024,041427735,1,9,0,4,5,1,0,0,0,0,0,0,1,1,6,3,-1,-1,-1,-1,-1,-1,-1,-1,-1,0
Unvalidated,2024041427735,2024,041427735,2,9,0,3,6,2,0,0,0,0,0,0,2,1,5,1,41,7,-1,-1,-1,-1,1,1,E01025182,0
Unvalidated,2024041427735,2024,041427735,3,9,0,4,6,2,0,0,0,0,0,0,2,1,5,2,55,8,-1,-1,-1,-1,10,1,E01027576,0
Unvalidated,2024041427889,2024,041427889,1,97,0,18,-1,-1,9,0,0,10,1,0,1,1,6,3,-1,-1,-1,-1,-1,-1,-1,-1,-1,0
Unvalidated,2024041428016,2024,041428016,1,9,0,16,3,7,0,1,0,0,0,0,1,1,2,1,33,6,-1,-1,-1,-1,7,1,E01025078,0
Unvalidated,2024041428054,2024,041428054,1,9,0,7,5,1,0,6,0,0,0,0,3,1,5,2,51,8,-1,-1,-1,-1,7,1,E01025400,0
Unvalidated,2024041428054,2024,041428054,2,9,0,18,5,1,0,2,0,0,0,0,4,1,5,1,63,9,-1,-1,-1,-1,8,1,E01024948,0
Unvalidated,2024041428072,2024,041428072,1,9,0,4,7,1,0,0,0,0,0,0,1,1,2,1,35,6,-1,-1,-1,-1,9,1,E01006365,0
Unvalidated,2024041428072,2024,041428072,2,9,0,5,7,1,0,0,0,0,0,0,2,1,2,2,28,6,-1,-1,-1,-1,9,1,E01025468,0
Unvalidated,2024041428153,2024,041428153,1,9,0,13,3,7,0,0,1,10,2,10,1,1,5,2,26,6,-1,-1,-1,-1,1,1,E01025042,0
Unvalidated,2024041428232,2024,041428232,1,9,0,18,1,5,0,2,0,0,0,0,1,1,1,1,64,9,-1,-1,-1,-1,3,1,E01012734,0
Unvalidated,2024041428442,2024,041428442,1,9,0,9,7,1,0,8,0,0,7,0,4,1,5,1,81,11,-1,-1,-1,-1,7,3,E01025014,0
Unvalidated,2024041428442,2024,041428442,2,9,0,18,3,3,0,8,0,0,0,0,1,1,2,2,18,4,-1,-1,-1,-1,6,1,E01025444,0
Unvalidated,2024041428446,2024,041428446,1,98,0,9,4,2,0,2,0,4,0,0,1,1,1,1,46,8,-1,-1,-1,-1,1,1,E01025606,0
Unvalidated,2024041428446,2024,041428446,2,9,0,18,5,2,0,8,0,0,0,0,3,1,1,1,61,9,-1,-1,-1,-1,3,1,E01025578,0
Unvalidated,2024041428446,2024,041428446,3,9,0,2,1,5,9,8,0,0,0,0,3,1,6,3,-1,-1,-1,-1,-1,-1,-1,-1,-1,0
Unvalidated,2024041428457,2024,041428457,1,97,0,16,8,5,0,0,2,4,0,0,4,1,6,1,25,5,-1,-1,-1,-1,3,1,E01025111,0
Unvalidated,2024041428457,2024,041428457,2,9,0,17,6,1,0,0,0,0,0,0,1,1,5,1,33,6,-1,-1,-1,-1,7,1,E01013428,0
Unvalidated,2024041428479,2024,041428479,1,9,0,9,7,7,0,1,0,0,0,0,1,1,5,1,63,9,-1,-1,-1,-1,9,1,E01025240,0
Unvalidated,2024041428479,2024,041428479,2,9,0,18,7,3,0,1,0,0,0,0,1,1,2,2,25,5,-1,-1,-1,-1,7,2,E01025326,0
Unvalidated,2024041428481,2024,041428481,1,9,0,18,5,1,0,1,5,4,0,0,4,1,2,2,37,7,-1,-1,-1,-1,3,2,E01024959,0
Unvalidated,2024041428481,2024,041428481,2,9,0,2,5,1,0,1,0,4,0,0,2,1,6,3,-1,-1,-1,-1,-1,-1,-1,-1,-1,0
Unvalidated,2024041428481,2024,041428481,3,98,0,2,1,5,1,1,0,0,0,0,3,1,6,3,-1,-1,-1,-1,-1,-1,-1,-1,-1,0
Unvalidated,2024041428526,2024,041428526,1,9,0,18,7,3,0,8,1,0,1,0,3,1,6,2,85,11,-1,-1,-1,-1,10,2,E01025019,0
Unvalidated,2024041428526,2024,041428526,2,98,0,18,7,3,0,1,0,0,0,0,1,1,1,2,63,9,-1,-1,-1,-1,10,2,E01024997,0
Unvalidated,2024041428546,2024,041428546,1,9,0,18,1,5,0,1,0,0,0,0,3,1,5,2,20,4,-1,-1,-1,-1,-1,3,-1,0
Unvalidated,2024041428549,2024,041428549,1,1,0,18,1,5,0,1,0,0,0,0,1,1,6,1,17,4,-1,-1,-1,-1,1,1,E01012738,0
Unvalidated,2024041428549,2024,041428549,2,9,0,18,1,1,0,1,0,11,0,0,1,1,5,2,18,4,-1,-1,-1,-1,3,1,E01012691,0
Unvalidated,2024041428668,2024,041428668,1,9,0,13,5,3,0,0,0,7,0,0,3,1,2,2,52,8,-1,-1,-1,-1,7,1,E01024905,0
Unvalidated,2024041428668,2024,041428668,2,98,0,18,5,1,0,0,0,0,0,0,1,1,1,1,62,9,-1,-1,-1,-1,1,2,E01007333,0
Unvalidated,2024041428670,2024,041428670,1,9,0,5,6,2,0,1,0,0,0,0,1,1,5,2,60,9,-1,-1,-1,-1,4,1,E01025394,0
Unvalidated,2024041428670,2024,041428670,2,97,0,16,6,2,0,1,0,0,0,0,4,1,6,1,74,10,-1,-1,-1,-1,10,3,E01032486,0
Unvalidated,2024041428705,2024,041428705,1,90,0,17,3,7,0,0,0,10,0,0,1,1,5,1,23,5,-1,-1,-1,-1,2,1,E01025245,0
Unvalidated,2024041428707,2024,041428707,1,9,0,18,1,5,0,0,0,0,0,0,1,1,5,1,31,6,-1,-1,-1,-1,6,1,E01025066,0
Unvalidated,2024041428811,2024,041428811,1,9,0,18,5,7,0,0,0,0,0,0,1,1,6,1,39,7,-1,-1,-1,-1,10,1,E01025146,0
Unvalidated,2024041428811,2024,041428811,2,9,0,18,5,7,0,0,0,0,0,0,1,1,6,2,51,8,-1,-1,-1,-1,5,1,E01025144,0
Unvalidated,2024041428823,2024,041428823,1,9,0,16,1,5,0,0,5,0,0,0,3,1,5,1,21,5,-1,-1,-1,-1,9,2,E01024966,0
Unvalidated,2024041428897,2024,041428897,1,9,0,18,7,1,0,0,0,0,0,0,2,1,5,1,37,7,-1,-1,-1,-1,9,1,E01024901,0
Unvalidated,2024041428897,2024,041428897,2,9,0,8,7,1,0,0,0,0,0,0,2,1,5,1,53,8,-1,-1,-1,-1,5,1,E01025228,0
Unvalidated,2024041428911,2024,041428911,1,9,0,18,3,7,0,1,0,0,1,2,1,1,5,1,20,4,-1,-1,-1,-1,8,1,E01012613,0
Unvalidated,2024041428945,2024,041428945,1,9,0,18,7,3,0,1,0,0,3,7,1,1,5,1,34,6,-1,-1,-1,-1,1,1,E01025156,0
Unvalidated,2024041428986,2024,041428986,1,9,0,17,5,1,0,0,0,0,0,0,1,1,5,1,19,4,-1,-1,-1,-1,8,1,E01024869,0
Unvalidated,2024041429008,2024,041429008,1,9,0,18,1,5,0,2,0,0,0,0,1,1,5,1,31,6,-1,-1,-1,-1,4,1,E01012714,0
Unvalidated,2024041429034,2024,041429034,1,9,0,9,3,7,0,8,0,0,0,0,1,1,6,1,22,5,-1,-1,-1,-1,2,1,E01012580,0
Unvalidated,2024041429034,2024,041429034,2,9,0,18,3,7,0,8,0,0,0,0,1,1,6,1,51,8,-1,-1,-1,-1,1,1,E01012622,0
Unvalidated,2024041429198,2024,041429198,1,9,0,5,5,1,9,1,0,0,0,0,1,1,6,3,-1,-1,-1,-1,-1,-1,-1,-1,-1,0
Unvalidated,2024041429198,2024,041429198,2,9,0,2,1,1,9,1,0,0,0,0,1,1,6,3,-1,-1,-1,-1,-1,-1,-1,-1,-1,0
Unvalidated,2024041429256,2024,041429256,1,9,0,18,5,1,0,0,0,0,7,2,1,1,1,1,45,7,-1,-1,-1,-1,8,1,E01024861,0
Unvalidated,2024041429322,2024,041429322,1,9,0,18,5,1,0,0,0,0,0,0,1,1,6,3,-1,-1,-1,-1,-1,-1,-1,-1,-1,0
Unvalidated,2024041429327,2024,041429327,1,9,0,18,1,5,0,0,5,4,0,0,1,1,5,2,83,11,-1,-1,-1,-1,8,1,E01012597,0
Unvalidated,2024041429327,2024,041429327,2,9,0,2,5,1,0,0,0,4,0,0,1,1,6,3,-1,-1,-1,-1,-1,-1,-1,-1,-1,0