status,collision_index,collision_year,collision_reference,vehicle_reference,vehicle_type,towing_and_articulation,vehicle_manoeuvre,vehicle_direction_from,vehicle_direction_to,vehicle_location_restricted_lane,junction_location,skidding_and_overturning,hit_object_in_carriageway,vehicle_leaving_carriageway,hit_object_off_carriageway,first_point_of_impact,vehicle_left_hand_drive,journey_purpose_of_driver,sex_of_driver,age_of_driver,age_band_of_driver,engine_capacity_cc,propulsion_code,age_of_vehicle,generic_make_model,driver_imd_decile,driver_home_area_type,lsoa_of_driver,escooter_flag
Unvalidated,2024041429372,2024,041429372,1,9,0,18,5,1,0,0,5,10,0,0,1,1,5,2,24,5,-1,-1,-1,-1,8,1,E01012636,0
Unvalidated,2024041429383,2024,041429383,1,98,0,18,1,5,0,1,0,0,0,0,1,1,6,3,-1,-1,-1,-1,-1,-1,-1,-1,-1,0
Unvalidated,2024041429383,2024,041429383,2,9,0,18,3,7,9,1,0,0,1,0,3,1,5,2,60,9,-1,-1,-1,-1,6,3,E01027814,0
Unvalidated,2024041429494,2024,041429494,1,9,0,18,7,3,0,8,0,0,0,0,1,1,5,1,17,4,-1,-1,-1,-1,9,1,E01025064,0
Unvalidated,2024041429494,2024,041429494,2,9,0,18,3,7,0,8,0,0,0,0,1,1,5,2,89,11,-1,-1,-1,-1,3,1,E01012708,0
Unvalidated,2024041429509,2024,041429509,1,9,0,18,3,7,0,0,0,0,0,0,0,1,6,3,-1,-1,-1,-1,-1,-1,-1,-1,-1,0
Unvalidated,2024041429509,2024,041429509,2,1,0,18,3,7,0,0,0,0,0,0,3,1,4,1,15,3,-1,-1,-1,-1,2,1,E01025290,0
Unvalidated,2024041429553,2024,041429553,1,97,0,18,1,5,0,1,0,0,0,0,1,1,6,3,-1,-1,-1,-1,-1,-1,-1,-1,-1,0
Unvalidated,2024041429582,2024,041429582,1,9,0,18,6,2,0,8,0,0,0,0,1,1,2,1,31,6,-1,-1,-1,-1,8,1,E01004984,0
Unvalidated,2024041429582,2024,041429582,2,9,0,18,5,1,0,4,0,0,0,0,2,1,5,1,17,4,-1,-1,-1,-1,4,1,E01025267,0
Unvalidated,2024041429768,2024,041429768,1,9,0,5,7,1,0,6,0,0,0,0,1,1,5,1,35,6,-1,-1,-1,-1,3,1,E01024904,0
Unvalidated,2024041429768,2024,041429768,2,97,0,18,5,1,0,8,0,0,0,0,1,1,5,1,26,6,-1,-1,-1,-1,1,1,E01025224,0
Unvalidated,2024041429792,2024,041429792,1,98,0,4,5,1,0,0,0,0,1,11,1,1,1,1,24,5,-1,-1,-1,-1,4,1,E01033072,0
Unvalidated,2024041429792,2024,041429792,2,9,0,4,5,1,0,0,1,0,0,0,2,1,2,1,56,9,-1,-1,-1,-1,6,1,E01006499,0
Unvalidated,2024041429792,2024,041429792,3,9,0,4,5,1,0,0,1,0,0,0,1,1,5,1,65,9,-1,-1,-1,-1,-1,-1,-1,0
Unvalidated,2024041429908,2024,041429908,1,9,0,7,3,7,0,4,0,0,0,0,1,1,6,1,30,6,-1,-1,-1,-1,1,1,E01025041,0
Unvalidated,2024041429908,2024,041429908,2,9,0,17,1,5,0,4,0,0,0,0,4,1,6,2,71,10,-1,-1,-1,-1,-1,-1,-1,0
Unvalidated,2024041429962,2024,041429962,1,9,0,18,2,1,0,0,1,0,3,0,4,1,6,1,33,6,-1,-1,-1,-1,-1,-1,-1,0
Unvalidated,2024041429962,2024,041429962,2,9,0,12,1,2,0,0,1,0,0,0,3,1,6,2,50,8,-1,-1,-1,-1,-1,-1,-1,0
Unvalidated,2024041430162,2024,041430162,1,98,0,18,3,7,0,0,0,0,0,0,1,1,1,1,40,7,-1,-1,-1,-1,8,1,E01025420,0
Unvalidated,2024041430162,2024,041430162,2,9,0,7,3,7,0,0,0,0,0,0,2,1,1,1,37,7,-1,-1,-1,-1,7,3,E01024923,0
Unvalidated,2024041430191,2024,041430191,1,9,0,6,1,8,0,0,0,0,0,0,1,1,5,1,80,11,-1,-1,-1,-1,7,3,E01025585,0
Unvalidated,2024041430191,2024,041430191,2,97,0,18,8,4,0,0,2,0,0,0,0,1,2,1,17,4,-1,-1,-1,-1,7,3,E01025609,0
Unvalidated,2024041430191,2024,041430191,3,98,0,18,8,4,0,0,0,0,0,0,0,1,1,1,31,6,-1,-1,-1,-1,4,1,E01018747,0
Unvalidated,2024041430196,2024,041430196,1,9,0,18,1,5,0,2,0,0,0,0,1,1,5,2,36,7,-1,-1,-1,-1,5,1,E01025431,0
Unvalidated,2024041430196,2024,041430196,2,9,0,3,1,5,0,2,0,0,0,0,2,1,5,2,31,6,-1,-1,-1,-1,5,1,E01025431,0
Unvalidated,2024041430196,2024,041430196,3,9,0,3,1,5,0,2,0,0,0,0,2,1,5,2,20,4,-1,-1,-1,-1,9,1,E01025461,0
Unvalidated,2024041430199,2024,041430199,1,98,0,11,1,5,0,0,0,0,0,0,4,1,1,1,29,6,-1,-1,-1,-1,7,1,E01025417,0
Unvalidated,2024041430199,2024,041430199,2,9,0,18,1,5,0,0,0,0,0,0,3,1,2,1,26,6,-1,-1,-1,-1,3,2,E01024887,0
Unvalidated,2024041430234,2024,041430234,1,9,4,18,4,4,0,0,0,0,0,0,2,1,6,1,31,6,-1,-1,-1,-1,4,1,E01006269,0
Unvalidated,2024041430234,2024,041430234,2,9,0,18,4,4,0,0,0,0,0,0,3,1,5,2,44,7,-1,-1,-1,-1,9,1,E01024983,0
Unvalidated,2024041430275,2024,041430275,1,97,0,18,5,1,0,0,2,0,0,0,1,1,5,1,18,4,-1,-1,-1,-1,3,1,E01025138,0
Unvalidated,2024041430552,2024,041430552,1,9,0,5,5,1,0,0,0,0,0,0,1,1,1,1,29,6,-1,-1,-1,-1,6,1,E01025421,0
Unvalidated,2024041430556,2024,041430556,1,9,0,18,5,1,0,0,0,0,0,0,3,1,5,1,98,11,-1,-1,-1,-1,8,1,E01024937,0
Unvalidated,2024041430556,2024,041430556,2,9,0,18,1,5,0,0,0,0,0,0,3,1,5,1,31,6,-1,-1,-1,-1,6,2,E01024915,0
Unvalidated,2024041430559,2024,041430559,1,98,0,7,1,5,0,5,5,0,0,0,1,1,1,1,37,7,-1,-1,-1,-1,2,1,E01012746,0
Unvalidated,2024041430559,2024,041430559,2,9,0,4,5,1,0,1,0,0,0,0,3,1,1,1,56,9,-1,-1,-1,-1,3,1,E01024911,0
Unvalidated,2024041430565,2024,041430565,1,9,0,18,3,7,0,0,0,0,0,0,1,1,6,3,-1,-1,-1,-1,-1,-1,-1,-1,-1,0
Unvalidated,2024041430565,2024,041430565,2,98,0,18,7,3,0,0,0,0,0,0,1,1,6,3,-1,-1,-1,-1,-1,-1,-1,-1,-1,0
Unvalidated,2024041430601,2024,041430601,1,1,0,18,7,2,0,0,5,0,0,0,3,1,6,1,7,2,-1,-1,-1,-1,-1,1,-1,0
Unvalidated,2024041430601,2024,041430601,2,9,0,18,2,7,0,0,0,0,0,0,1,1,6,2,-1,-1,-1,-1,-1,-1,-1,-1,-1,0
Unvalidated,2024041430627,2024,041430627,1,9,0,18,7,3,0,8,0,0,0,0,1,1,1,2,49,8,-1,-1,-1,-1,5,1,E01025304,0
Unvalidated,2024041430627,2024,041430627,2,9,0,18,5,1,0,8,0,0,0,0,4,1,5,2,31,6,-1,-1,-1,-1,2,1,E01025245,0
Unvalidated,2024041430635,2024,041430635,1,1,0,13,1,3,0,1,2,0,0,0,4,1,5,1,25,5,-1,-1,-1,-1,4,1,E01012731,0
Unvalidated,2024041430635,2024,041430635,2,9,0,9,1,3,0,1,0,0,0,0,3,1,5,1,37,7,-1,-1,-1,-1,1,1,E01012751,0
Unvalidated,2024041430640,2024,041430640,1,9,0,9,1,7,0,2,0,0,0,0,3,1,6,2,39,7,-1,-1,-1,-1,2,1,E01012696,0
Unvalidated,2024041430649,2024,041430649,1,9,0,5,3,7,0,0,0,0,0,0,2,1,5,1,38,7,-1,-1,-1,-1,1,1,E01025182,0
Unvalidated,2024041430649,2024,041430649,2,9,0,18,3,7,0,0,0,0,0,0,1,1,5,1,26,6,-1,-1,-1,-1,4,1,E01010664,0
Unvalidated,2024041430920,2024,041430920,1,98,0,18,6,2,0,1,0,0,0,0,1,1,1,1,50,8,-1,-1,-1,-1,2,1,E01012534,0
Unvalidated,2024041430920,2024,041430920,2,9,0,9,6,2,0,1,0,0,0,0,2,1,5,2,28,6,-1,-1,-1,-1,7,2,E01025096,0
Unvalidated,2024041430920,2024,041430920,3,9,0,18,2,6,0,1,0,0,0,0,3,1,5,1,59,9,-1,-1,-1,-1,1,1,E01025139,0
Unvalidated,2024041430921,2024,041430921,1,97,0,18,5,1,0,1,0,0,0,0,1,1,5,1,43,7,-1,-1,-1,-1,7,1,E01025048,0
Unvalidated,2024041430921,2024,041430921,2,9,0,18,5,1,0,1,0,0,0,0,2,1,6,1,45,7,-1,-1,-1,-1,6,2,E01025325,0
Unvalidated,2024041430927,2024,041430927,1,9,0,18,5,1,0,1,0,0,0,0,1,1,5,2,22,5,-1,-1,-1,-1,7,1,E01024874,0
Unvalidated,2024041430927,2024,041430927,2,9,0,18,2,1,0,1,0,0,0,0,1,1,5,2,24,5,-1,-1,-1,-1,4,1,E01025216,0
Unvalidated,2024041431001,2024,041431001,1,9,0,18,5,1,0,0,1,0,0,0,1,1,5,1,64,9,-1,-1,-1,-1,8,2,E01025089,0
Unvalidated,2024041431001,2024,041431001,2,98,0,18,1,5,0,0,0,0,0,0,2,1,2,1,25,5,-1,-1,-1,-1,4,2,E01019137,0
Unvalidated,2024041431001,2024,041431001,3,9,0,18,5,1,0,0,0,0,0,0,1,1,6,2,58,9,-1,-1,-1,-1,8,1,E01005736,0
Unvalidated,2024041431001,2024,041431001,4,9,0,18,1,5,0,0,0,0,0,0,1,1,2,1,55,8,-1,-1,-1,-1,8,2,E01019372,0
Unvalidated,2024041431001,2024,041431001,5,9,0,18,1,5,0,0,0,0,0,0,2,1,5,2,42,7,-1,-1,-1,-1,3,1,E01006587,0
Unvalidated,2024041431007,2024,041431007,1,9,0,18,1,5,0,1,1,0,7,11,2,1,5,1,82,11,-1,-1,-1,-1,6,3,E01025031,0
Unvalidated,2024041431007,2024,041431007,2,9,0,18,3,7,0,8,0,0,0,0,1,1,5,1,69,10,-1,-1,-1,-1,7,3,E01025279,0
Unvalidated,2024041431024,2024,041431024,1,1,0,18,2,2,0,0,0,0,0,0,2,1,5,1,35,6,-1,-1,-1,-1,4,1,E01025119,0
Unvalidated,2024041431024,2024,041431024,2,97,0,17,1,1,0,0,0,0,0,0,1,1,2,1,32,6,-1,-1,-1,-1,-1,-1,-1,0
Unvalidated,2024041431041,2024,041431041,1,9,0,6,1,5,0,1,0,0,0,0,1,1,6,3,-1,-1,-1,-1,-1,-1,-1,-1,-1,0
Unvalidated,2024041431041,2024,041431041,2,9,0,2,1,5,0,1,0,0,0,0,3,1,1,1,50,8,-1,-1,-1,-1,7,3,E01025585,0
Unvalidated,2024041431046,2024,041431046,1,9,0,18,4,8,0,0,0,0,1,4,1,1,6,2,35,6,-1,-1,-1,-1,4,1,E01025216,0
Unvalidated,2024041431046,2024,041431046,2,9,0,18,4,8,0,0,0,0,0,0,0,1,6,1,55,8,-1,-1,-1,-1,-1,-1,-1,0
Unvalidated,2024041431048,2024,041431048,1,97,0,17,2,4,0,0,2,10,0,0,4,1,5,1,20,4,-1,-1,-1,-1,1,1,E01012641,0
Unvalidated,2024041431146,2024,041431146,1,9,0,9,1,5,0,6,0,0,0,0,1,1,5,1,83,11,-1,-1,-1,-1,7,1,E01025005,0
Unvalidated,2024041431146,2024,041431146,2,9,0,18,3,7,0,1,0,0,0,0,4,1,5,2,34,6,-1,-1,-1,-1,2,1,E01012745,0
Unvalidated,2024041431281,2024,041431281,1,9,0,18,3,7,0,1,1,0,7,4,2,1,6,1,20,4,-1,-1,-1,-1,8,2,E01019353,0
Unvalidated,2024041431385,2024,041431385,1,9,0,18,2,5,0,0,0,0,0,0,1,1,5,1,79,11,-1,-1,-1,-1,10,2,E01027623,0
Unvalidated,2024041431385,2024,041431385,2,1,0,18,1,5,0,0,0,0,0,0,2,1,5,1,27,6,-1,-1,-1,-1,2,1,E01025208,0
Unvalidated,2024041431440,2024,041431440,1,98,0,6,7,3,0,0,0,0,0,0,4,1,1,1,31,6,-1,-1,-1,-1,4,1,E01012715,0
Unvalidated,2024041431440,2024,041431440,2,97,0,18,3,7,0,0,0,0,0,0,1,1,5,1,45,7,-1,-1,-1,-1,5,1,E01012729,0
Unvalidated,2024041431464,2024,041431464,1,9,0,5,8,4,0,4,0,0,0,0,1,1,5,2,41,7,-1,-1,-1,-1,2,1,E01024890,0
Unvalidated,2024041431464,2024,041431464,2,9,0,17,4,2,0,3,0,0,0,0,4,1,5,2,66,10,-1,-1,-1,-1,1,1,E01024900,0
Unvalidated,2024041431540,2024,041431540,1,9,0,18,7,3,0,8,0,0,0,0,1,1,6,1,32,6,-1,-1,-1,-1,2,1,E01024902,0
Unvalidated,2024041431540,2024,041431540,2,9,0,18,1,5,0,8,1,11,0,0,4,1,5,1,20,4,-1,-1,-1,-1,9,1,E01012609,0
Unvalidated,2024041431550,2024,041431550,1,97,0,13,3,7,0,0,1,11,7,4,3,1,6,1,31,6,-1,-1,-1,-1,1,1,E01025041,0
Unvalidated,2024041431550,2024,041431550,2,9,0,18,7,3,0,0,0,0,0,0,3,1,5,2,33,6,-1,-1,-1,-1,8,3,E01027586,0
Unvalidated,2024041431558,2024,041431558,1,9,0,18,7,3,0,2,0,0,0,0,1,1,6,1,48,8,-1,-1,-1,-1,1,1,E01012674,0
Unvalidated,2024041431558,2024,041431558,2,9,0,18,1,5,0,8,0,0,1,0,4,1,6,1,39,7,-1,-1,-1,-1,1,1,E01012681,0
Unvalidated,2024041431558,2024,041431558,3,9,0,2,7,3,0,2,0,0,0,0,2,1,6,3,-1,-1,-1,-1,-1,-1,-1,-1,-1,0
Unvalidated,2024041431558,2024,041431558,4,9,0,2,7,3,0,2,0,0,0,0,4,1,6,3,-1,-1,-1,-1,-1,-1,-1,-1,-1,0
Unvalidated,2024041431558,2024,041431558,5,9,0,2,7,3,0,2,0,0,0,0,4,1,6,3,-1,-1,-1,-1,-1,-1,-1,-1,-1,0
Unvalidated,2024041431558,2024,041431558,6,9,0,2,7,3,0,2,0,0,0,0,4,1,6,3,-1,-1,-1,-1,-1,-1,-1,-1,-1,0
Unvalidated,2024041431558,2024,041431558,7,9,0,2,7,3,0,2,0,0,0,0,1,1,6,3,-1,-1,-1,-1,-1,-1,-1,-1,-1,0
Unvalidated,2024041431558,2024,041431558,8,9,0,2,7,3,0,2,0,0,0,0,1,1,6,3,-1,-1,-1,-1,-1,-1,-1,-1,-1,0
Unvalidated,2024041431558,2024,041431558,9,9,0,2,6,2,0,2,0,0,0,0,0,1,6,3,-1,-1,-1,-1,-1,-1,-1,-1,-1,0
Unvalidated,2024041431558,2024,041431558,10,19,0,2,6,2,0,2,0,0,0,0,0,1,6,3,-1,-1,-1,-1,-1,-1,-1,-1,-1,0
Unvalidated,2024041431558,2024,041431558,11,9,0,2,6,2,0,2,0,0,0,0,0,1,6,3,-1,-1,-1,-1,-1,-1,-1,-1,-1,0
Unvalidated,2024041431615,2024,041431615,1,9,0,7,1,5,0,1,0,0,0,0,1,1,6,2,84,11,-1,-1,-1,-1,6,1,E01006949,0
Unvalidated,2024041431715,2024,041431715,1,9,0,18,7,3,0,0,0,0,0,0,1,1,6,1,54,8,-1,-1,-1,-1,1,1,E01005639,0
Unvalidated,2024041431715,2024,041431715,2,9,0,18,3,7,0,0,0,0,1,0,3,1,6,1,56,9,-1,-1,-1,-1,5,3,E01025531,0
Unvalidated,2024041431735,2024,041431735,1,9,0,18,3,7,0,0,1,0,2,7,2,1,2,1,41,7,-1,-1,-1,-1,7,1,E01025078,0
Unvalidated,2024041431810,2024,041431810,1,1,0,18,7,3,0,2,0,0,0,0,-1,1,6,1,7,2,-1,-1,-1,-1,3,1,E01025138,0
Unvalidated,2024041431810,2024,041431810,2,9,0,18,1,5,0,2,0,0,0,0,1,1,5,2,28,6,-1,-1,-1,-1,2,1,E01025124,0
Unvalidated,2024041431842,2024,041431842,1,9,0,18,1,5,9,0,0,0,0,0,-1,1,6,3,-1,-1,-1,-1,-1,-1,-1,-1,-1,0
Unvalidated,2024041431847,2024,041431847,1,9,0,9,1,5,0,8,0,0,0,0,3,1,5,1,21,5,-1,-1,-1,-1,1,1,E01025396,0
Unvalidated,2024041431847,2024,041431847,2,1,0,18,7,3,0,8,0,0,0,0,1,1,5,1,39,7,-1,-1,-1,-1,3,1,E01025368,0
Unvalidated,2024041431921,2024,041431921,1,11,0,9,3,5,0,5,0,0,0,0,0,1,1,1,43,7,-1,-1,-1,-1,5,1,E01004840,0
Unvalidated,2024041431969,2024,041431969,1,9,0,7,1,3,0,2,0,4,1,7,1,1,5,2,30,6,-1,-1,-1,-1,1,1,E01024908,0
Unvalidated,2024041431969,2024,041431969,2,9,0,18,7,7,0,1,0,0,0,0,1,1,5,1,61,9,-1,-1,-1,-1,2,1,E01025390,0
Unvalidated,2024041431971,2024,041431971,1,9,0,7,5,7,0,0,0,0,0,0,1,1,2,1,37,7,-1,-1,-1,-1,4,1,E01025394,0
Unvalidated,2024041431971,2024,041431971,2,9,0,18,3,7,0,0,0,0,0,0,1,1,2,1,18,4,-1,-1,-1,-1,9,3,E01025358,0
Unvalidated,2024041431979,2024,041431979,1,9,0,18,5,1,0,0,0,0,1,4,1,1,5,1,51,8,-1,-1,-1,-1,4,3,-1,0
Unvalidated,2024041431984,2024,041431984,1,9,0,6,3,1,0,0,0,0,0,0,1,1,3,2,56,9,-1,-1,-1,-1,1,1,E01025139,0
Unvalidated,2024041431984,2024,041431984,2,1,0,18,7,3,0,0,0,0,0,0,-1,1,6,1,26,6,-1,-1,-1,-1,2,1,E01025124,0
Unvalidated,2024041431985,2024,041431985,1,9,0,18,5,1,0,1,0,0,0,0,1,1,1,1,44,7,-1,-1,-1,-1,3,1,E01024903,0
Unvalidated,2024041431985,2024,041431985,2,9,0,17,6,3,0,6,0,0,0,0,1,1,5,2,34,6,-1,-1,-1,-1,1,1,E01025250,0
Unvalidated,2024041431985,2024,041431985,3,9,0,3,2,3,0,1,0,0,0,0,1,1,5,1,58,9,-1,-1,-1,-1,7,1,E01025270,0
Unvalidated,2024041431992,2024,041431992,1,97,0,14,1,5,0,4,0,0,0,0,1,1,6,1,22,5,-1,-1,-1,-1,3,1,E01025399,0
Unvalidated,2024041431992,2024,041431992,2,9,0,9,1,3,0,3,0,0,0,0,1,1,2,1,40,7,-1,-1,-1,-1,9,1,E01004843,0
Unvalidated,2024041431992,2024,041431992,3,9,0,8,1,3,0,4,0,0,0,0,0,1,6,3,-1,-1,-1,-1,-1,-1,-1,-1,-1,0
Unvalidated,2024041432008,2024,041432008,1,9,0,17,1,5,0,0,0,0,1,11,1,1,1,1,25,5,-1,-1,-1,-1,10,3,E01024965,0
Unvalidated,2024041432010,2024,041432010,1,9,0,4,5,1,9,0,0,0,0,0,4,1,6,3,-1,-1,-1,-1,-1,-1,-1,-1,-1,0
Unvalidated,2024041432010,2024,041432010,2,1,0,18,5,1,9,0,0,0,0,0,3,1,2,2,29,6,-1,-1,-1,-1,3,1,E01012694,0
Unvalidated,2024041432042,2024,041432042,1,10,0,18,5,1,0,0,1,0,0,0,1,1,1,2,30,6,-1,-1,-1,-1,1,1,E01006000,0
Unvalidated,2024041432042,2024,041432042,2,9,0,18,5,1,0,0,0,0,0,0,2,1,5,2,28,6,-1,-1,-1,-1,2,1,E01019177,0
Unvalidated,2024041432150,2024,041432150,1,9,0,12,5,1,0,0,0,0,0,0,0,1,6,3,-1,-1,-1,-1,-1,-1,-1,-1,-1,0
Unvalidated,2024041432150,2024,041432150,2,9,0,18,5,1,0,0,1,0,5,6,1,1,2,1,60,9,-1,-1,-1,-1,6,1,E01025025,0
Unvalidated,2024041432150,2024,041432150,3,9,0,18,5,1,0,0,0,0,0,0,3,1,2,2,20,4,-1,-1,-1,-1,5,1,E01024969,0
Unvalidated,2024041432242,2024,041432242,1,9,0,18,3,7,0,8,0,0,4,1,1,1,5,1,77,11,-1,-1,-1,-1,2,1,E01010716,0
Unvalidated,2024041432342,2024,041432342,1,98,0,7,3,5,0,0,0,0,0,0,1,1,1,1,33,6,-1,-1,-1,-1,2,1,E01025503,0
Unvalidated,2024041432342,2024,041432342,2,9,0,7,5,3,0,0,0,0,0,0,3,1,6,2,40,7,-1,-1,-1,-1,10,1,E01025502,0
Unvalidated,2024041432389,2024,041432389,1,9,0,12,1,7,0,1,0,0,0,0,4,1,5,1,37,7,-1,-1,-1,-1,2,1,E01010894,0
Unvalidated,2024041432389,2024,041432389,2,9,0,18,5,1,0,1,0,0,0,0,1,1,5,1,28,6,-1,-1,-1,-1,2,1,E01012709,0
Unvalidated,2024041432426,2024,041432426,1,9,0,18,5,1,0,0,0,10,0,0,4,1,5,2,20,4,-1,-1,-1,-1,7,2,E01025096,0
Unvalidated,2024041432433,2024,041432433,1,9,0,17,5,1,0,0,2,11,4,7,1,1,5,1,27,6,-1,-1,-1,-1,1,1,E01025527,0
Unvalidated,2024041432440,2024,041432440,1,9,0,18,6,2,0,0,0,0,0,0,4,1,5,2,37,7,-1,-1,-1,-1,10,1,E01025467,0
Unvalidated,2024041432673,2024,041432673,1,9,0,18,5,1,0,1,0,0,0,0,1,1,5,2,54,8,-1,-1,-1,-1,-1,-1,-1,0
Unvalidated,2024041432673,2024,041432673,2,9,0,9,1,5,0,8,0,0,0,0,1,1,5,1,37,7,-1,-1,-1,-1,1,1,E01025082,0
Unvalidated,2024041432716,2024,041432716,1,9,0,-1,-1,-1,-1,0,-1,-1,-1,0,-1,1,6,3,-1,-1,-1,-1,-1,-1,-1,-1,-1,0
Unvalidated,2024041432735,2024,041432735,1,9,0,18,1,5,0,0,0,0,0,0,4,1,5,2,25,5,-1,-1,-1,-1,1,1,E01012704,0
Unvalidated,2024041432735,2024,041432735,2,9,0,2,1,5,0,0,0,0,0,0,4,1,6,3,-1,-1,-1,-1,-1,-1,-1,-1,-1,0
Unvalidated,2024041432746,2024,041432746,1,9,0,18,1,5,0,0,0,0,0,0,3,1,5,1,77,11,-1,-1,-1,-1,3,1,E01024887,0
Unvalidated,2024041432746,2024,041432746,2,9,0,2,1,1,0,0,0,0,0,0,3,1,5,2,26,6,-1,-1,-1,-1,3,1,E01024887,0
Unvalidated,2024041432746,2024,041432746,3,98,0,3,1,5,0,0,0,0,0,0,3,1,1,1,54,8,-1,-1,-1,-1,1,1,E01012215,0
Unvalidated,2024041432834,2024,041432834,1,9,0,18,4,2,0,1,0,0,0,0,1,1,6,1,21,5,-1,-1,-1,-1,4,1,E01025192,0
Unvalidated,2024041432834,2024,041432834,2,1,-1,18,-1,-1,0,1,2,0,0,0,-1,1,6,1,19,4,-1,-1,-1,-1,5,2,E01025200,0
Unvalidated,2024041432856,2024,041432856,1,9,0,18,1,5,0,0,5,0,7,9,4,1,5,2,18,4,-1,-1,-1,-1,9,1,E01024992,0
Unvalidated,2024041432857,2024,041432857,1,90,0,18,3,7,0,8,0,0,7,11,1,1,5,1,31,6,-1,-1,-1,-1,2,1,E01025234,0
Unvalidated,2024041432857,2024,041432857,2,9,0,9,3,1,0,8,0,0,0,0,1,1,5,1,61,9,-1,-1,-1,-1,5,1,E01025252,0
Unvalidated,2024041432987,2024,041432987,1,9,0,18,1,5,0,0,0,0,0,0,1,1,5,1,40,7,-1,-1,-1,-1,2,1,E01025055,0
Unvalidated,2024041432987,2024,041432987,2,9,0,18,1,5,0,0,0,0,0,0,2,1,5,1,40,7,-1,-1,-1,-1,-1,-1,-1,0
Unvalidated,2024041433016,2024,041433016,1,9,0,18,7,3,0,0,0,0,0,0,1,1,5,1,26,6,-1,-1,-1,-1,4,1,E01012607,0
Unvalidated,2024041433016,2024,041433016,2,9,0,18,3,7,0,0,0,0,7,0,1,1,5,2,42,7,-1,-1,-1,-1,1,1,E01025083,0
Unvalidated,2024041433183,2024,041433183,1,98,0,16,7,3,0,0,1,0,0,0,1,2,2,1,50,8,-1,-1,-1,-1,5,1,E01006933,0
Unvalidated,2024041433183,2024,041433183,2,9,0,17,8,3,9,0,0,0,1,0,1,1,5,2,76,11,-1,-1,-1,-1,10,1,E01007079,0
Unvalidated,2024041433205,2024,041433205,1,9,0,18,1,5,0,0,0,0,0,0,1,1,3,1,33,6,-1,-1,-1,-1,2,1,E01012630,0
Unvalidated,2024041433238,2024,041433238,1,9,0,18,1,5,0,0,0,0,0,0,4,1,2,2,50,8,-1,-1,-1,-1,10,1,E01025403,0
Unvalidated,2024041433324,2024,041433324,1,9,0,18,3,7,0,0,0,0,0,0,1,1,6,3,-1,-1,-1,-1,-1,-1,-1,-1,-1,0
Unvalidated,2024041433382,2024,041433382,1,9,0,16,7,3,0,0,1,0,7,3,1,1,6,1,30,6,-1,-1,-1,-1,2,1,E01012608,0
Unvalidated,2024041433382,2024,041433382,2,9,0,18,7,3,0,0,0,0,0,0,0,1,6,3,-1,-1,-1,-1,-1,-1,-1,-1,-1,0
Unvalidated,2024041433382,2024,041433382,3,98,0,2,0,0,0,0,0,0,0,0,0,1,6,3,-1,-1,-1,-1,-1,-1,-1,-1,-1,0
Unvalidated,2024041433432,2024,041433432,1,9,0,18,5,1,0,0,0,0,0,0,1,1,5,1,24,5,-1,-1,-1,-1,1,1,E01012748,0
Unvalidated,2024041433432,2024,041433432,2,9,0,3,1,5,0,0,0,0,0,0,2,1,2,2,29,6,-1,-1,-1,-1,1,1,E01012724,0
Unvalidated,2024041433492,2024,041433492,1,90,0,18,5,1,0,0,0,0,0,0,1,1,1,1,56,9,-1,-1,-1,-1,6,2,E01025548,0
Unvalidated,2024041433492,2024,041433492,2,9,0,18,1,5,0,0,0,0,0,0,1,1,5,2,68,10,-1,-1,-1,-1,7,1,E01025123,0
Unvalidated,2024041433510,2024,041433510,1,23,0,18,2,6,0,1,0,4,0,0,1,1,1,1,27,6,-1,-1,-1,-1,5,1,E01025314,0
Unvalidated,2024041433510,2024,041433510,2,9,0,2,2,6,0,1,0,0,0,0,2,1,5,1,70,10,-1,-1,-1,-1,4,1,E01033281,0
Unvalidated,2024041433556,2024,041433556,1,9,0,7,-1,-1,0,0,-1,-1,-1,0,0,1,6,3,-1,-1,-1,-1,-1,-1,-1,-1,-1,0
Unvalidated,2024041433556,2024,041433556,2,1,0,18,6,2,0,0,0,0,0,0,1,1,5,1,15,3,-1,-1,-1,-1,2,1,E01025075,0
Unvalidated,2024041433556,2024,041433556,3,9,0,2,1,5,0,0,0,0,0,0,1,1,6,3,-1,-1,-1,-1,-1,-1,-1,-1,-1,0
Unvalidated,2024041433560,2024,041433560,1,9,0,9,6,2,0,5,0,0,0,0,1,1,5,1,33,6,-1,-1,-1,-1,2,1,E01025245,0
Unvalidated,2024041433560,2024,041433560,2,9,0,18,2,6,0,1,0,0,1,1,1,1,5,1,37,7,-1,-1,-1,-1,2,1,E01025285,0
Unvalidated,2024041433566,2024,041433566,1,9,0,18,1,5,0,1,0,0,0,0,1,1,1,1,30,6,-1,-1,-1,-1,1,1,E01012577,0
Unvalidated,2024041433566,2024,041433566,2,9,0,9,3,1,0,6,0,0,0,0,1,1,2,2,59,9,-1,-1,-1,-1,9,1,E01025064,0
Unvalidated,2024041433595,2024,041433595,1,9,0,1,3,7,0,0,0,0,0,0,2,1,6,1,62,9,-1,-1,-1,-1,3,1,E01025578,0
Unvalidated,2024041433639,2024,041433639,1,9,0,18,7,3,0,0,0,0,0,0,1,1,5,1,53,8,-1,-1,-1,-1,-1,-1,-1,0
Unvalidated,2024041433639,2024,041433639,2,9,0,3,7,3,0,0,0,0,0,0,2,1,5,2,19,4,-1,-1,-1,-1,9,1,E01025404,0