status,collision_index,collision_year,collision_reference,vehicle_reference,vehicle_type,towing_and_articulation,vehicle_manoeuvre,vehicle_direction_from,vehicle_direction_to,vehicle_location_restricted_lane,junction_location,skidding_and_overturning,hit_object_in_carriageway,vehicle_leaving_carriageway,hit_object_off_carriageway,first_point_of_impact,vehicle_left_hand_drive,journey_purpose_of_driver,sex_of_driver,age_of_driver,age_band_of_driver,engine_capacity_cc,propulsion_code,age_of_vehicle,generic_make_model,driver_imd_decile,driver_home_area_type,lsoa_of_driver,escooter_flag
Unvalidated,2024041433639,2024,041433639,3,9,0,3,7,3,0,0,0,0,0,0,2,1,5,1,21,5,-1,-1,-1,-1,2,1,E01025234,0
Unvalidated,2024041433644,2024,041433644,1,9,0,5,6,6,0,8,0,0,0,0,1,1,5,1,83,11,-1,-1,-1,-1,7,3,E01025585,0
Unvalidated,2024041433644,2024,041433644,2,9,0,18,5,6,0,8,0,0,0,0,4,1,5,1,64,9,-1,-1,-1,-1,5,1,E01012723,0
Unvalidated,2024041433655,2024,041433655,1,9,0,5,-1,-1,-1,8,0,0,-1,0,0,1,6,3,-1,-1,-1,-1,-1,-1,-1,-1,-1,0
Unvalidated,2024041433655,2024,041433655,2,97,0,18,2,6,0,8,0,0,0,0,0,1,5,2,72,10,-1,-1,-1,-1,7,1,E01025003,0
Unvalidated,2024041433688,2024,041433688,1,9,0,15,5,1,0,1,0,0,0,0,1,1,5,1,50,8,-1,-1,-1,-1,8,1,E01025038,0
Unvalidated,2024041433688,2024,041433688,2,9,0,7,5,1,0,1,0,0,0,0,4,1,5,2,47,8,-1,-1,-1,-1,5,1,E01025363,0
Unvalidated,2024041433706,2024,041433706,1,9,0,7,1,4,0,1,0,0,0,0,1,1,6,1,35,6,-1,-1,-1,-1,2,1,E01025185,0
Unvalidated,2024041433736,2024,041433736,1,9,0,18,8,4,0,0,0,0,0,0,1,1,1,1,26,6,-1,-1,-1,-1,1,1,E01012683,0
Unvalidated,2024041433853,2024,041433853,1,9,0,18,1,5,0,1,0,0,0,0,3,1,5,1,58,9,-1,-1,-1,-1,2,1,E01025244,0
Unvalidated,2024041433853,2024,041433853,2,98,0,18,7,3,0,8,0,0,0,0,1,1,1,1,36,7,-1,-1,-1,-1,4,1,E01025276,0
Unvalidated,2024041433904,2024,041433904,1,9,0,9,7,3,0,8,0,0,0,0,1,1,6,1,45,7,-1,-1,-1,-1,1,1,E01006357,0
Unvalidated,2024041433904,2024,041433904,2,97,0,18,1,5,0,8,0,0,0,0,3,1,6,1,65,9,-1,-1,-1,-1,7,1,E01025593,0
Unvalidated,2024041433977,2024,041433977,1,9,0,5,7,3,0,6,0,0,0,0,1,1,5,2,60,9,-1,-1,-1,-1,1,1,E01012748,0
Unvalidated,2024041433977,2024,041433977,2,1,0,18,6,2,0,8,0,0,0,0,3,1,2,1,50,8,-1,-1,-1,-1,4,1,E01012712,0
Unvalidated,2024041434010,2024,041434010,1,98,0,18,1,5,0,0,0,0,0,0,4,1,2,1,38,7,-1,-1,-1,-1,5,1,E01025435,0
Unvalidated,2024041434083,2024,041434083,1,9,0,18,1,3,0,0,0,0,0,0,1,1,5,1,80,11,-1,-1,-1,-1,6,1,E01006951,0
Unvalidated,2024041434083,2024,041434083,2,9,0,9,1,2,0,0,0,0,0,0,2,1,5,2,22,5,-1,-1,-1,-1,6,1,E01007063,0
Unvalidated,2024041434307,2024,041434307,1,1,0,5,1,4,0,6,0,0,1,0,3,1,6,1,39,7,-1,-1,-1,-1,6,3,E01025458,0
Unvalidated,2024041434307,2024,041434307,2,9,3,18,7,4,0,2,0,0,0,0,4,1,5,1,45,7,-1,-1,-1,-1,7,1,E01025457,0
Unvalidated,2024041434368,2024,041434368,1,9,0,18,6,2,0,0,0,0,0,0,1,1,2,1,32,6,-1,-1,-1,-1,1,1,E01006980,0
Unvalidated,2024041434368,2024,041434368,2,9,0,18,2,6,0,0,1,0,0,0,3,1,2,2,26,6,-1,-1,-1,-1,3,1,E01006969,0
Unvalidated,2024041434438,2024,041434438,1,9,0,17,5,1,0,0,0,0,1,5,1,1,6,2,73,10,-1,-1,-1,-1,9,2,E01025558,0
Unvalidated,2024041434463,2024,041434463,1,97,0,18,5,1,0,1,1,0,1,0,2,1,2,1,18,4,-1,-1,-1,-1,3,1,E01012623,0
Unvalidated,2024041434463,2024,041434463,2,97,0,10,3,7,0,2,0,0,0,0,1,1,2,2,46,8,-1,-1,-1,-1,1,1,E01012596,0
Unvalidated,2024041434483,2024,041434483,1,9,0,18,-1,-1,0,1,0,0,0,0,1,1,6,2,-1,-1,-1,-1,-1,-1,-1,-1,-1,0
Unvalidated,2024041434501,2024,041434501,1,9,0,18,4,2,0,8,0,0,0,0,1,1,6,2,86,11,-1,-1,-1,-1,6,1,E01025121,0
Unvalidated,2024041434578,2024,041434578,1,9,0,18,1,5,0,0,1,0,5,0,3,1,1,1,49,8,-1,-1,-1,-1,5,1,E01005035,0
Unvalidated,2024041434825,2024,041434825,1,98,0,9,1,2,0,4,0,0,0,0,1,1,1,1,36,7,-1,-1,-1,-1,3,1,E01018594,0
Unvalidated,2024041434825,2024,041434825,2,9,0,9,3,1,0,4,0,0,0,0,1,1,6,1,75,10,-1,-1,-1,-1,6,1,E01025066,0
Unvalidated,2024041434854,2024,041434854,1,97,0,14,7,3,0,2,0,0,0,0,1,1,6,1,44,7,-1,-1,-1,-1,1,1,E01012670,0
Unvalidated,2024041434854,2024,041434854,2,9,0,9,1,5,0,6,0,0,0,0,3,1,2,1,21,5,-1,-1,-1,-1,1,1,E01012674,0
Unvalidated,2024041434875,2024,041434875,1,9,0,18,5,1,0,1,1,0,1,10,1,1,6,1,74,10,-1,-1,-1,-1,2,1,E01025263,0
Unvalidated,2024041434889,2024,041434889,1,9,0,18,3,7,0,0,0,0,1,0,1,1,5,1,90,11,-1,-1,-1,-1,6,2,E01025587,0
Unvalidated,2024041434930,2024,041434930,1,9,0,9,7,3,0,1,0,0,0,0,1,1,5,1,41,7,-1,-1,-1,-1,1,1,E01012683,0
Unvalidated,2024041434930,2024,041434930,2,1,0,18,5,1,0,8,5,0,0,0,4,1,5,1,45,7,-1,-1,-1,-1,4,1,E01025460,0
Unvalidated,2024041434940,2024,041434940,1,9,0,18,7,3,0,1,0,0,0,0,1,1,2,2,35,6,-1,-1,-1,-1,-1,-1,-1,0
Unvalidated,2024041434950,2024,041434950,1,9,0,9,3,1,0,6,0,0,1,0,3,1,5,2,20,4,-1,-1,-1,-1,6,1,E01024117,0
Unvalidated,2024041434950,2024,041434950,2,98,0,18,1,5,0,1,0,0,0,0,1,1,2,1,56,9,-1,-1,-1,-1,1,1,E01006494,0
Unvalidated,2024041434957,2024,041434957,1,9,0,18,3,3,0,0,0,0,0,0,1,1,5,1,20,4,-1,-1,-1,-1,1,1,E01025224,0
Unvalidated,2024041434957,2024,041434957,2,9,0,2,0,0,0,0,0,0,0,0,2,1,6,3,-1,-1,-1,-1,-1,-1,-1,-1,-1,0
Unvalidated,2024041434986,2024,041434986,1,9,0,18,1,5,0,1,0,0,0,0,1,1,5,1,18,4,-1,-1,-1,-1,2,1,E01025268,0
Unvalidated,2024041434986,2024,041434986,2,9,0,9,2,8,0,8,0,0,0,0,1,1,5,1,49,8,-1,-1,-1,-1,9,1,E01012609,0
Unvalidated,2024041435119,2024,041435119,1,9,0,4,3,7,0,0,0,0,0,0,1,1,1,1,25,5,-1,-1,-1,-1,4,1,E01025216,0
Unvalidated,2024041435119,2024,041435119,2,9,0,4,3,7,0,0,0,0,0,0,2,1,1,2,36,7,-1,-1,-1,-1,2,1,E01011758,0
Unvalidated,2024041435126,2024,041435126,1,9,0,6,5,1,0,2,0,0,0,0,4,1,1,1,53,8,-1,-1,-1,-1,3,1,E01012697,0
Unvalidated,2024041435126,2024,041435126,2,9,0,18,5,1,0,2,0,0,0,0,1,1,5,1,18,4,-1,-1,-1,-1,9,1,E01025600,0
Unvalidated,2024041435320,2024,041435320,1,9,0,18,1,5,0,0,0,0,0,0,1,1,2,2,37,7,-1,-1,-1,-1,4,1,E01025335,0
Unvalidated,2024041435320,2024,041435320,2,9,0,18,5,1,0,0,0,0,0,0,1,1,1,1,30,6,-1,-1,-1,-1,5,3,E01025320,0
Unvalidated,2024041435322,2024,041435322,1,9,0,5,7,3,0,3,0,0,0,0,1,2,2,2,32,6,-1,-1,-1,-1,2,1,E01012709,0
Unvalidated,2024041435322,2024,041435322,2,97,0,18,1,5,0,1,0,0,0,0,1,1,5,1,55,8,-1,-1,-1,-1,2,1,E01012711,0
Unvalidated,2024041435492,2024,041435492,1,9,0,18,2,6,0,2,0,0,0,0,-1,1,6,3,-1,-1,-1,-1,-1,-1,-1,-1,-1,0
Unvalidated,2024041435572,2024,041435572,1,9,0,16,5,5,0,3,0,0,1,7,3,1,5,2,88,11,-1,-1,-1,-1,3,1,E01025264,0
Unvalidated,2024041435572,2024,041435572,2,9,0,18,1,1,0,4,0,0,0,0,3,1,5,1,43,7,-1,-1,-1,-1,-1,1,-1,0
Unvalidated,2024041435644,2024,041435644,1,9,0,18,5,1,0,0,1,0,1,4,1,1,2,2,28,6,-1,-1,-1,-1,3,1,E01025442,0
Unvalidated,2024041435651,2024,041435651,1,9,0,18,5,1,0,0,1,0,5,6,1,1,5,1,19,4,-1,-1,-1,-1,9,2,E01024980,0
Unvalidated,2024041435653,2024,041435653,1,9,0,18,5,1,0,0,0,0,0,0,1,1,6,2,21,5,-1,-1,-1,-1,7,1,E01025462,0
Unvalidated,2024041435655,2024,041435655,1,9,0,18,3,7,0,1,0,0,0,0,1,1,6,1,24,5,-1,-1,-1,-1,1,1,E01025068,0
Unvalidated,2024041435655,2024,041435655,2,90,0,18,5,1,0,1,0,0,0,0,3,1,6,2,56,9,-1,-1,-1,-1,2,1,E01012608,0
Unvalidated,2024041435661,2024,041435661,1,9,0,18,3,7,0,1,0,0,0,0,1,1,6,1,75,10,-1,-1,-1,-1,6,3,E01025367,0
Unvalidated,2024041435661,2024,041435661,2,9,0,9,3,7,0,1,0,0,8,10,2,2,1,1,68,10,-1,-1,-1,-1,1,1,E01024876,0
Unvalidated,2024041435748,2024,041435748,1,97,0,13,3,7,0,0,0,0,1,0,1,1,5,1,64,9,-1,-1,-1,-1,4,1,E01012693,0
Unvalidated,2024041435748,2024,041435748,2,9,0,18,3,7,0,0,0,0,0,0,0,1,6,1,72,10,-1,-1,-1,-1,8,3,E01024993,0
Unvalidated,2024041435833,2024,041435833,1,9,0,18,1,5,0,0,0,0,0,0,2,1,5,1,67,10,-1,-1,-1,-1,9,1,E01013216,0
Unvalidated,2024041435833,2024,041435833,2,9,0,18,1,5,0,0,0,0,0,0,1,1,6,1,74,10,-1,-1,-1,-1,5,1,E01025422,0
Unvalidated,2024041435875,2024,041435875,1,9,0,12,5,1,0,1,0,0,0,0,1,1,6,2,45,7,-1,-1,-1,-1,8,3,E01025272,0
Unvalidated,2024041435875,2024,041435875,2,9,0,18,5,1,0,1,0,0,0,0,2,1,6,2,45,7,-1,-1,-1,-1,7,1,E01025462,0
Unvalidated,2024041435875,2024,041435875,3,9,0,18,5,1,0,1,0,0,0,0,2,1,6,2,36,7,-1,-1,-1,-1,3,1,E01025237,0
Unvalidated,2024041436002,2024,041436002,1,9,0,9,3,7,0,1,0,0,0,0,4,1,5,1,73,10,-1,-1,-1,-1,4,1,E01025554,0
Unvalidated,2024041436002,2024,041436002,2,9,0,18,7,3,0,1,0,0,0,0,1,1,5,2,71,10,-1,-1,-1,-1,5,1,E01025573,0
Unvalidated,2024041436063,2024,041436063,1,9,0,9,3,5,0,6,0,0,0,0,1,1,5,2,62,9,-1,-1,-1,-1,7,2,E01024999,0
Unvalidated,2024041436063,2024,041436063,2,9,0,18,2,2,0,1,0,0,0,0,1,1,2,1,56,9,-1,-1,-1,-1,5,1,E01025013,0
Unvalidated,2024041436074,2024,041436074,1,97,0,18,1,1,0,0,1,0,0,0,4,1,5,1,53,8,-1,-1,-1,-1,1,1,E01012687,0
Unvalidated,2024041436074,2024,041436074,2,98,0,18,1,1,0,0,0,0,0,0,2,1,1,1,30,6,-1,-1,-1,-1,-1,-1,-1,0
Unvalidated,2024041436074,2024,041436074,3,9,0,18,5,5,0,0,0,0,0,0,3,1,5,2,55,8,-1,-1,-1,-1,-1,-1,-1,0
Unvalidated,2024041436075,2024,041436075,1,9,0,3,5,1,0,1,0,0,0,0,1,1,6,1,18,4,-1,-1,-1,-1,3,1,E01012669,0
Unvalidated,2024041436075,2024,041436075,2,9,0,3,5,1,0,8,0,0,0,0,2,1,6,2,61,9,-1,-1,-1,-1,5,1,E01025580,0
Unvalidated,2024041436141,2024,041436141,1,9,0,18,5,1,0,1,5,0,7,4,1,1,5,1,18,4,-1,-1,-1,-1,3,2,E01025097,0
Unvalidated,2024041436152,2024,041436152,1,9,0,17,5,1,0,0,0,0,0,0,3,1,6,2,69,10,-1,-1,-1,-1,9,2,E01025533,0
Unvalidated,2024041436152,2024,041436152,2,9,0,16,1,5,0,0,5,0,0,0,3,1,6,2,79,11,-1,-1,-1,-1,7,1,E01025231,0
Unvalidated,2024041436152,2024,041436152,3,98,0,16,1,5,0,0,0,0,0,0,1,1,1,1,28,6,-1,-1,-1,-1,6,1,E01025020,0
Unvalidated,2024041436164,2024,041436164,1,9,0,13,7,5,0,3,0,0,0,0,1,1,6,1,22,5,-1,-1,-1,-1,1,1,E01025493,0
Unvalidated,2024041436164,2024,041436164,2,1,0,18,7,5,0,3,0,0,0,0,2,1,6,1,82,11,-1,-1,-1,-1,3,1,E01025536,0
Unvalidated,2024041436198,2024,041436198,1,97,0,18,5,1,0,1,0,0,0,0,4,1,1,1,63,9,-1,-1,-1,-1,1,1,E01012748,0
Unvalidated,2024041436198,2024,041436198,2,9,0,5,7,5,0,8,0,0,0,0,1,1,5,1,65,9,-1,-1,-1,-1,5,1,E01012710,0
Unvalidated,2024041436199,2024,041436199,1,9,0,4,1,5,0,4,0,0,0,0,1,1,2,1,19,4,-1,-1,-1,-1,4,1,E01025460,0
Unvalidated,2024041436199,2024,041436199,2,9,0,4,5,1,0,1,0,0,0,0,2,1,5,2,26,6,-1,-1,-1,-1,3,1,E01024952,0
Unvalidated,2024041436282,2024,041436282,1,9,0,18,5,1,0,0,0,0,0,0,4,1,5,1,39,7,-1,-1,-1,-1,3,1,E01012623,0
Unvalidated,2024041436286,2024,041436286,1,9,0,18,5,1,0,1,5,0,1,4,1,1,6,1,25,5,-1,-1,-1,-1,4,3,E01029681,0
Unvalidated,2024041436358,2024,041436358,1,9,0,18,5,1,0,1,0,0,0,0,1,1,6,1,73,10,-1,-1,-1,-1,4,1,E01004961,0
Unvalidated,2024041436358,2024,041436358,2,9,0,18,3,7,0,8,0,0,0,0,3,1,5,2,21,5,-1,-1,-1,-1,2,1,E01012576,0
Unvalidated,2024041436381,2024,041436381,1,9,0,18,1,1,9,1,0,11,7,0,1,1,5,2,54,8,-1,-1,-1,-1,1,1,E01025186,0
Unvalidated,2024041436381,2024,041436381,2,9,0,18,1,1,0,1,1,0,0,0,3,1,5,2,24,5,-1,-1,-1,-1,8,1,E01025174,0
Unvalidated,2024041436384,2024,041436384,1,9,0,18,1,5,0,1,0,0,0,0,1,1,6,3,-1,-1,-1,-1,-1,-1,-1,-1,-1,0
Unvalidated,2024041436384,2024,041436384,2,9,0,18,5,1,0,1,0,0,0,0,1,1,5,1,20,4,-1,-1,-1,-1,9,1,E01012609,0
Unvalidated,2024041436420,2024,041436420,1,9,0,1,1,5,0,0,0,0,0,0,2,1,5,2,81,11,-1,-1,-1,-1,10,2,E01025327,0
Unvalidated,2024041436420,2024,041436420,2,9,0,2,1,5,0,0,0,0,0,0,2,1,6,3,-1,-1,-1,-1,-1,-1,-1,-1,-1,0
Unvalidated,2024041436421,2024,041436421,1,9,0,18,3,7,0,0,0,0,6,0,3,1,5,2,54,8,-1,-1,-1,-1,-1,-1,-1,0
Unvalidated,2024041436421,2024,041436421,2,9,0,18,7,3,0,0,0,0,1,0,3,1,5,1,54,8,-1,-1,-1,-1,1,1,E01012681,0
Unvalidated,2024041436481,2024,041436481,1,9,0,18,5,7,0,3,0,0,3,2,1,1,2,1,45,7,-1,-1,-1,-1,-1,-1,-1,0
Unvalidated,2024041436483,2024,041436483,1,9,0,18,7,7,0,8,0,0,0,0,1,1,5,1,33,6,-1,-1,-1,-1,2,1,E01025157,0
Unvalidated,2024041436483,2024,041436483,2,98,0,17,5,7,0,5,0,0,7,0,4,1,2,1,54,8,-1,-1,-1,-1,5,1,E01019233,0
Unvalidated,2024041436485,2024,041436485,1,98,0,7,3,7,0,1,0,0,0,0,4,1,1,1,25,5,-1,-1,-1,-1,4,1,E01025308,0
Unvalidated,2024041436551,2024,041436551,1,9,0,18,5,1,0,1,0,0,0,0,1,1,5,1,22,5,-1,-1,-1,-1,9,3,E01025340,0
Unvalidated,2024041436553,2024,041436553,1,9,0,18,5,1,0,0,5,0,1,9,1,2,5,2,43,7,-1,-1,-1,-1,1,1,E01025423,0
Unvalidated,2024041436612,2024,041436612,1,98,0,18,3,7,0,0,2,0,6,0,4,1,1,1,29,6,-1,-1,-1,-1,6,1,E01007014,0
Unvalidated,2024041436666,2024,041436666,1,9,0,1,1,5,0,0,0,0,0,0,2,1,5,1,62,9,-1,-1,-1,-1,4,1,E01025460,0
Unvalidated,2024041436666,2024,041436666,2,9,0,18,1,5,0,0,0,0,0,0,1,1,5,1,29,6,-1,-1,-1,-1,9,1,E01025461,0
Unvalidated,2024041436666,2024,041436666,3,9,0,2,5,1,9,0,0,0,0,0,1,1,5,2,37,7,-1,-1,-1,-1,9,1,E01025451,0
Unvalidated,2024041436749,2024,041436749,1,9,0,12,6,4,0,0,0,0,0,0,4,1,5,1,22,5,-1,-1,-1,-1,1,1,E01025287,0
Unvalidated,2024041436749,2024,041436749,2,9,0,3,6,4,0,0,0,0,0,0,3,1,1,2,44,7,-1,-1,-1,-1,3,1,E01024952,0
Unvalidated,2024041436780,2024,041436780,1,9,0,18,7,3,0,1,0,0,7,0,1,1,5,1,24,5,-1,-1,-1,-1,2,1,E01006415,0
Unvalidated,2024041436780,2024,041436780,2,9,0,18,1,5,0,1,1,0,0,0,3,1,1,1,54,8,-1,-1,-1,-1,2,1,E01012746,0
Unvalidated,2024041436824,2024,041436824,1,9,0,18,8,2,0,0,0,0,1,7,4,1,5,1,36,7,-1,-1,-1,-1,9,2,E01024966,0
Unvalidated,2024041436826,2024,041436826,1,9,0,9,5,1,0,0,0,0,0,0,1,1,5,1,68,10,-1,-1,-1,-1,1,1,E01012643,0
Unvalidated,2024041436953,2024,041436953,1,9,0,18,1,5,0,0,0,4,0,0,1,1,5,1,81,11,-1,-1,-1,-1,7,3,E01025199,0
Unvalidated,2024041436953,2024,041436953,2,9,0,2,0,0,0,0,0,0,0,0,3,1,6,3,-1,-1,-1,-1,-1,-1,-1,-1,-1,0
Unvalidated,2024041436953,2024,041436953,3,98,0,18,5,1,0,0,0,0,0,0,1,1,1,1,58,9,-1,-1,-1,-1,5,1,E01025228,0
Unvalidated,2024041436953,2024,041436953,4,98,0,2,5,1,0,0,0,0,0,0,2,1,1,1,30,6,-1,-1,-1,-1,9,1,E01004953,0
Unvalidated,2024041436973,2024,041436973,1,9,0,18,4,2,1,1,0,11,0,0,1,1,6,2,43,7,-1,-1,-1,-1,1,1,E01033672,0
Unvalidated,2024041436973,2024,041436973,2,9,0,18,3,7,0,1,0,11,1,10,3,1,2,1,58,9,-1,-1,-1,-1,6,1,E01025338,0
Unvalidated,2024041436990,2024,041436990,1,98,0,18,8,4,0,0,0,0,0,0,0,1,1,1,32,6,-1,-1,-1,-1,8,2,E01024973,0
Unvalidated,2024041436990,2024,041436990,2,9,0,18,8,4,0,0,0,0,0,0,1,1,6,2,48,8,-1,-1,-1,-1,-1,-1,-1,0
Unvalidated,2024041436999,2024,041436999,1,9,0,18,2,2,0,1,5,0,0,0,1,1,2,1,20,4,-1,-1,-1,-1,1,1,E01025217,0
Unvalidated,2024041436999,2024,041436999,2,9,0,2,0,0,9,1,0,0,0,0,4,1,6,3,-1,-1,-1,-1,-1,-1,-1,-1,-1,0
Unvalidated,2024041437121,2024,041437121,1,98,0,18,5,5,0,0,0,4,0,0,1,1,1,1,24,5,-1,-1,-1,-1,2,1,E01025290,0
Unvalidated,2024041437121,2024,041437121,2,98,0,2,5,5,0,0,0,0,0,0,2,1,6,3,-1,-1,-1,-1,-1,-1,-1,-1,-1,0
Unvalidated,2024041437139,2024,041437139,1,9,0,18,3,7,0,0,1,0,7,0,1,1,6,1,28,6,-1,-1,-1,-1,9,1,E01029672,0
Unvalidated,2024041437141,2024,041437141,1,9,0,18,5,1,0,0,0,0,4,0,3,1,5,1,56,9,-1,-1,-1,-1,5,1,E01006160,0
Unvalidated,2024041437213,2024,041437213,1,9,0,5,5,7,0,0,0,0,0,0,1,1,2,1,53,8,-1,-1,-1,-1,1,1,E01012641,0
Unvalidated,2024041437470,2024,041437470,1,9,0,18,-1,-1,0,0,0,0,0,0,-1,1,6,3,-1,-1,-1,-1,-1,-1,-1,-1,-1,0
Unvalidated,2024041437470,2024,041437470,2,9,0,17,5,1,0,0,1,0,1,2,1,1,6,1,80,11,-1,-1,-1,-1,2,1,E01025245,0
Unvalidated,2024041437519,2024,041437519,1,9,0,18,3,7,0,0,1,0,0,0,1,1,5,1,18,4,-1,-1,-1,-1,5,1,E01024928,0
Unvalidated,2024041437531,2024,041437531,1,98,0,18,3,7,0,0,0,0,4,0,1,1,2,1,27,6,-1,-1,-1,-1,4,2,E01025071,0
Unvalidated,2024041437531,2024,041437531,2,9,0,18,3,7,0,0,0,0,0,0,2,1,5,2,66,10,-1,-1,-1,-1,6,3,E01025351,0
Unvalidated,2024041437541,2024,041437541,1,9,0,9,7,1,0,0,0,10,0,0,1,1,5,2,71,10,-1,-1,-1,-1,2,3,E01007349,0
Unvalidated,2024041437673,2024,041437673,1,9,0,18,7,3,0,0,2,0,7,11,1,1,5,1,19,4,-1,-1,-1,-1,1,1,E01025041,0
Unvalidated,2024041437856,2024,041437856,1,9,0,5,-1,-1,0,0,0,0,0,0,1,1,6,3,-1,-1,-1,-1,-1,-1,-1,-1,-1,0
Unvalidated,2024041437856,2024,041437856,2,1,0,18,3,7,0,0,0,0,0,0,4,1,6,1,21,5,-1,-1,-1,-1,2,1,E01012625,0
Unvalidated,2024041437996,2024,041437996,1,9,0,9,3,1,0,0,0,0,0,0,3,1,5,1,18,4,-1,-1,-1,-1,6,3,E01025351,0
Unvalidated,2024041437996,2024,041437996,2,97,0,18,5,1,9,0,5,0,0,0,4,1,5,1,69,10,-1,-1,-1,-1,7,1,E01025400,0
Unvalidated,2024041438015,2024,041438015,1,9,0,18,3,7,0,1,0,0,0,0,1,1,6,1,54,8,-1,-1,-1,-1,4,1,E01005029,0
Unvalidated,2024041438308,2024,041438308,1,9,0,18,5,1,0,0,0,0,7,11,1,1,5,1,86,11,-1,-1,-1,-1,4,1,E01012715,0
Unvalidated,2024041438315,2024,041438315,1,98,0,3,5,1,0,4,0,0,0,0,1,1,3,1,46,8,-1,-1,-1,-1,5,1,E01025428,0
Unvalidated,2024041438315,2024,041438315,2,9,0,3,5,1,0,4,0,0,0,0,2,1,5,2,55,8,-1,-1,-1,-1,8,2,E01025411,0
Unvalidated,2024041438361,2024,041438361,1,9,0,18,8,4,0,0,1,0,2,11,1,1,6,1,85,11,-1,-1,-1,-1,5,1,E01025605,0
Unvalidated,2024041438379,2024,041438379,1,97,0,18,1,5,0,6,0,0,0,0,1,1,5,1,33,6,-1,-1,-1,-1,2,1,E01025059,0
Unvalidated,2024041438379,2024,041438379,2,9,0,18,3,7,0,1,0,0,0,0,3,1,5,2,54,8,-1,-1,-1,-1,3,1,E01025037,0
Unvalidated,2024041438393,2024,041438393,1,97,0,18,4,8,0,0,0,0,0,0,1,1,5,1,45,7,-1,-1,-1,-1,7,1,E01025419,0
Unvalidated,2024041438487,2024,041438487,1,9,0,9,1,7,0,8,0,0,0,0,4,1,1,1,21,5,-1,-1,-1,-1,3,1,E01025388,0
Unvalidated,2024041438487,2024,041438487,2,9,0,18,5,1,0,8,0,0,0,0,1,1,5,2,31,6,-1,-1,-1,-1,2,1,E01025385,0
Unvalidated,2024041438504,2024,041438504,1,98,0,18,1,5,0,0,0,0,0,0,1,1,5,1,23,5,-1,-1,-1,-1,3,1,E01024879,0
Unvalidated,2024041438507,2024,041438507,1,9,0,18,4,2,0,0,0,0,0,0,1,1,5,2,33,6,-1,-1,-1,-1,4,1,E01025054,0
Unvalidated,2024041438510,2024,041438510,1,9,0,18,5,1,0,0,0,0,5,0,3,1,5,1,37,7,-1,-1,-1,-1,3,1,E01012588,0
Unvalidated,2024041438510,2024,041438510,2,98,0,18,5,1,0,0,0,0,0,0,3,1,1,1,47,8,-1,-1,-1,-1,7,1,E01010973,0
Unvalidated,2024041438794,2024,041438794,1,9,0,12,5,7,0,2,0,0,0,0,3,1,5,1,48,8,-1,-1,-1,-1,1,1,E01012724,0
Unvalidated,2024041438905,2024,041438905,1,98,0,18,3,7,0,0,0,0,0,0,0,1,6,3,-1,-1,-1,-1,-1,-1,-1,-1,-1,0
Unvalidated,2024041438905,2024,041438905,2,9,0,18,3,7,0,0,0,0,0,0,3,1,5,2,25,5,-1,-1,-1,-1,1,1,E01025183,0
Unvalidated,2024041438905,2024,041438905,3,9,0,18,3,7,0,0,1,7,4,0,4,1,2,2,24,5,-1,-1,-1,-1,5,1,E01025288,0
Unvalidated,2024041438928,2024,041438928,1,9,0,18,3,7,1,8,0,0,0,0,4,1,5,2,42,7,-1,-1,-1,-1,4,1,E01025554,0
Unvalidated,2024041438928,2024,041438928,2,18,0,18,5,1,1,6,0,0,0,0,1,1,1,1,29,6,-1,-1,-1,-1,7,1,E01024990,0
Unvalidated,2024041438951,2024,041438951,1,9,0,18,5,1,0,4,0,0,0,0,1,1,5,2,33,6,-1,-1,-1,-1,10,1,E01005932,0
Unvalidated,2024041438951,2024,041438951,2,9,0,18,3,7,0,1,0,0,0,0,4,1,5,2,41,7,-1,-1,-1,-1,4,2,E01024919,0
Unvalidated,2024041438952,2024,041438952,1,9,0,18,8,4,0,1,2,0,8,2,1,1,2,1,23,5,-1,-1,-1,-1,1,1,E01025184,0
Unvalidated,2024041438964,2024,041438964,1,9,0,1,3,7,0,2,0,0,0,0,2,1,5,1,39,7,-1,-1,-1,-1,8,1,E01025174,0
Unvalidated,2024041438976,2024,041438976,1,9,0,17,4,7,0,1,5,0,1,4,1,1,5,1,22,5,-1,-1,-1,-1,8,1,E01024934,0
Unvalidated,2024041438995,2024,041438995,1,9,0,18,5,1,0,1,0,0,0,0,1,1,5,2,37,7,-1,-1,-1,-1,1,1,E01025584,0
Unvalidated,2024041439001,2024,041439001,1,9,0,18,7,3,0,1,0,4,0,0,3,1,3,2,42,7,-1,-1,-1,-1,5,2,E01025095,0
Unvalidated,2024041439001,2024,041439001,2,9,0,18,7,3,0,1,0,0,0,0,1,1,3,1,49,8,-1,-1,-1,-1,5,1,E01025144,0
Unvalidated,2024041439001,2024,041439001,3,9,0,2,0,0,0,1,0,0,0,0,3,1,5,1,77,11,-1,-1,-1,-1,2,1,E01025091,0
Unvalidated,2024041439013,2024,041439013,1,11,0,18,1,5,0,8,0,0,0,0,1,1,5,1,60,9,-1,-1,-1,-1,6,1,E01032929,0
Unvalidated,2024041439014,2024,041439014,1,97,0,5,5,1,0,4,5,0,0,0,1,1,2,2,44,7,-1,-1,-1,-1,9,1,E01025430,0