status,collision_index,collision_year,collision_reference,vehicle_reference,vehicle_type,towing_and_articulation,vehicle_manoeuvre,vehicle_direction_from,vehicle_direction_to,vehicle_location_restricted_lane,junction_location,skidding_and_overturning,hit_object_in_carriageway,vehicle_leaving_carriageway,hit_object_off_carriageway,first_point_of_impact,vehicle_left_hand_drive,journey_purpose_of_driver,sex_of_driver,age_of_driver,age_band_of_driver,engine_capacity_cc,propulsion_code,age_of_vehicle,generic_make_model,driver_imd_decile,driver_home_area_type,lsoa_of_driver,escooter_flag
Unvalidated,2024041439014,2024,041439014,2,9,0,5,5,1,0,4,0,0,0,0,2,1,2,2,40,7,-1,-1,-1,-1,3,1,E01025289,0
Unvalidated,2024041439027,2024,041439027,1,9,0,7,1,3,0,0,0,0,0,0,1,1,2,1,60,9,-1,-1,-1,-1,8,1,E01025420,0
Unvalidated,2024041439027,2024,041439027,2,9,0,7,1,3,0,0,0,0,0,0,2,1,2,1,25,5,-1,-1,-1,-1,-1,-1,-1,0
Unvalidated,2024041439088,2024,041439088,1,9,0,5,3,1,0,0,0,0,0,0,1,1,5,1,77,11,-1,-1,-1,-1,9,1,E01006400,0
Unvalidated,2024041439088,2024,041439088,2,9,0,18,5,1,0,0,0,0,0,0,1,1,5,1,34,6,-1,-1,-1,-1,5,1,E01004840,0
Unvalidated,2024041439134,2024,041439134,1,98,-1,18,3,7,0,0,0,0,0,0,0,1,6,3,-1,-1,-1,-1,-1,-1,-1,-1,-1,0
Unvalidated,2024041439134,2024,041439134,2,9,0,18,3,7,0,0,0,0,0,0,1,1,6,2,34,6,-1,-1,-1,-1,4,1,E01025567,0
Unvalidated,2024041439135,2024,041439135,1,9,0,18,5,1,0,0,0,0,0,0,1,1,6,3,-1,-1,-1,-1,-1,-1,-1,-1,-1,0
Unvalidated,2024041439135,2024,041439135,2,9,0,18,1,5,0,0,0,0,0,0,1,1,5,1,63,9,-1,-1,-1,-1,1,1,E01012656,0
Unvalidated,2024041439197,2024,041439197,1,9,0,4,3,7,0,1,0,0,0,0,1,1,5,1,41,7,-1,-1,-1,-1,3,1,E01012615,0
Unvalidated,2024041439197,2024,041439197,2,9,0,4,1,5,0,1,0,0,0,0,3,1,5,2,50,8,-1,-1,-1,-1,3,1,E01010983,0
Unvalidated,2024041439369,2024,041439369,1,9,0,18,1,5,0,0,0,0,0,0,4,1,5,2,60,9,-1,-1,-1,-1,7,1,E01025365,0
Unvalidated,2024041439375,2024,041439375,1,9,0,13,3,7,0,1,0,0,0,0,1,1,6,1,27,6,-1,-1,-1,-1,1,1,E01025287,0
Unvalidated,2024041439375,2024,041439375,2,9,0,4,3,7,0,1,0,0,0,0,2,1,5,1,53,8,-1,-1,-1,-1,1,1,E01025236,0
Unvalidated,2024041439380,2024,041439380,1,9,0,18,7,3,0,0,0,0,0,0,2,1,5,1,36,7,-1,-1,-1,-1,1,1,E01012733,0
Unvalidated,2024041439380,2024,041439380,2,9,0,18,7,3,0,0,0,0,0,0,1,1,5,2,21,5,-1,-1,-1,-1,9,1,E01005058,0
Unvalidated,2024041439405,2024,041439405,1,9,0,9,3,1,0,1,0,0,0,0,1,1,5,1,84,11,-1,-1,-1,-1,10,1,E01025466,0
Unvalidated,2024041439405,2024,041439405,2,1,0,10,1,7,0,4,0,0,0,0,1,1,6,1,67,10,-1,-1,-1,-1,10,1,E01025440,0
Unvalidated,2024041439435,2024,041439435,1,9,0,18,3,7,0,0,0,0,0,0,3,1,5,2,63,9,-1,-1,-1,-1,3,1,E01024879,0
Unvalidated,2024041439435,2024,041439435,2,9,0,13,3,7,0,0,0,0,0,0,1,1,5,1,53,8,-1,-1,-1,-1,1,1,E01024855,0
Unvalidated,2024041439449,2024,041439449,1,9,0,18,1,5,0,8,0,0,0,0,1,1,1,1,17,4,-1,-1,-1,-1,2,1,E01012666,0
Unvalidated,2024041439449,2024,041439449,2,9,0,18,4,8,0,8,0,0,0,0,1,1,5,1,62,9,-1,-1,-1,-1,3,1,E01012662,0
Unvalidated,2024041439474,2024,041439474,1,9,0,18,7,3,1,1,0,0,0,0,3,1,5,2,18,4,-1,-1,-1,-1,6,1,E01025607,0
Unvalidated,2024041439474,2024,041439474,2,9,0,18,1,5,0,1,0,0,0,0,1,1,6,1,31,6,-1,-1,-1,-1,4,1,E01025001,0
Unvalidated,2024041439490,2024,041439490,1,9,0,-1,-1,-1,-1,0,-1,-1,-1,0,-1,1,6,3,-1,-1,-1,-1,-1,-1,-1,-1,-1,0
Unvalidated,2024041439509,2024,041439509,1,9,0,18,5,1,0,0,5,0,1,0,2,1,2,2,31,6,-1,-1,-1,-1,4,2,E01019137,0
Unvalidated,2024041439679,2024,041439679,1,9,0,17,1,5,9,0,0,0,1,0,1,1,5,1,20,4,-1,-1,-1,-1,6,3,E01007076,0
Unvalidated,2024041439686,2024,041439686,1,90,0,18,3,7,0,0,0,0,0,0,0,1,6,1,13,3,-1,-1,-1,-1,1,1,E01025154,1
Unvalidated,2024041439692,2024,041439692,1,9,0,-1,-1,-1,-1,0,-1,-1,-1,0,-1,1,6,3,-1,-1,-1,-1,-1,-1,-1,-1,-1,0
Unvalidated,2024041439692,2024,041439692,2,16,0,18,6,2,0,0,0,0,0,0,0,1,5,1,23,5,-1,-1,-1,-1,3,1,E01025391,0
Unvalidated,2024041439697,2024,041439697,1,9,0,11,7,3,9,0,0,0,0,0,4,1,5,1,57,9,-1,-1,-1,-1,3,1,E01012741,0
Unvalidated,2024041439697,2024,041439697,2,9,0,18,7,3,0,0,0,0,0,0,3,1,6,3,-1,-1,-1,-1,-1,-1,-1,-1,-1,0
Unvalidated,2024041439700,2024,041439700,1,9,0,18,5,1,9,2,0,0,1,4,1,1,5,1,35,6,-1,-1,-1,-1,4,3,E01024975,0
Unvalidated,2024041439816,2024,041439816,1,9,0,18,3,7,0,0,0,0,0,0,1,1,2,1,35,6,-1,-1,-1,-1,7,1,E01025270,0
Unvalidated,2024041439816,2024,041439816,2,97,0,18,7,3,0,0,0,0,0,0,4,1,5,1,62,9,-1,-1,-1,-1,10,2,E01025015,0
Unvalidated,2024041439867,2024,041439867,1,9,0,18,7,3,0,0,1,0,7,1,4,1,2,1,19,4,-1,-1,-1,-1,4,1,E01025556,0
Unvalidated,2024041439867,2024,041439867,2,9,0,18,1,5,0,0,0,0,0,0,1,1,1,1,29,6,-1,-1,-1,-1,8,1,E01012581,0
Unvalidated,2024041439960,2024,041439960,1,9,0,9,3,7,0,8,0,0,0,0,1,1,5,2,82,11,-1,-1,-1,-1,7,2,E01024962,0
Unvalidated,2024041439960,2024,041439960,2,97,0,18,5,1,0,8,0,0,0,0,4,1,5,1,30,6,-1,-1,-1,-1,5,1,E01005724,0
Unvalidated,2024041440057,2024,041440057,1,9,0,18,3,7,0,0,0,4,0,0,1,1,2,1,24,5,-1,-1,-1,-1,9,1,E01012609,0
Unvalidated,2024041440057,2024,041440057,2,9,0,3,3,7,0,0,0,0,0,0,2,1,2,2,29,6,-1,-1,-1,-1,1,1,E01012643,0
Unvalidated,2024041440092,2024,041440092,1,9,0,17,8,4,0,0,0,0,1,4,1,1,6,1,21,5,-1,-1,-1,-1,-1,-1,-1,0
Unvalidated,2024041440092,2024,041440092,2,9,0,16,4,8,0,0,0,0,0,0,0,1,5,1,26,6,-1,-1,-1,-1,9,1,E01007070,0
Unvalidated,2024041440175,2024,041440175,1,9,0,18,1,5,0,0,0,0,0,0,1,1,1,1,29,6,-1,-1,-1,-1,1,1,E01033226,0
Unvalidated,2024041440175,2024,041440175,2,9,0,18,1,5,0,0,0,0,0,0,2,1,5,2,56,9,-1,-1,-1,-1,6,3,E01025563,0
Unvalidated,2024041440219,2024,041440219,1,9,0,18,1,5,0,1,0,0,0,0,-1,1,6,3,-1,-1,-1,-1,-1,-1,-1,-1,-1,0
Unvalidated,2024041440268,2024,041440268,1,90,0,18,1,5,0,1,0,0,0,0,1,2,6,2,-1,-1,-1,-1,-1,-1,1,1,E01025423,0
Unvalidated,2024041440268,2024,041440268,2,9,0,2,0,0,1,1,0,0,0,0,4,1,5,2,38,7,-1,-1,-1,-1,1,1,E01025423,0
Unvalidated,2024041440492,2024,041440492,1,97,0,16,7,2,0,0,0,0,5,0,3,1,5,1,59,9,-1,-1,-1,-1,3,1,E01024887,0
Unvalidated,2024041440522,2024,041440522,1,9,0,5,1,5,0,6,0,0,0,0,2,1,6,1,45,7,-1,-1,-1,-1,5,1,E01025311,0
Unvalidated,2024041440522,2024,041440522,2,9,0,18,7,3,0,1,0,0,0,0,1,1,6,1,57,9,-1,-1,-1,-1,4,1,E01025407,0
Unvalidated,2024041440529,2024,041440529,1,9,0,-1,-1,-1,0,0,0,0,0,0,-1,1,6,3,-1,-1,-1,-1,-1,-1,-1,-1,-1,0
Unvalidated,2024041440529,2024,041440529,2,9,0,18,-1,-1,0,0,0,0,0,0,-1,1,5,1,72,10,-1,-1,-1,-1,4,1,E01012604,0
Unvalidated,2024041440849,2024,041440849,1,9,0,18,7,1,5,1,0,0,0,0,1,1,6,3,-1,-1,-1,-1,-1,-1,-1,-1,-1,0
Unvalidated,2024041440849,2024,041440849,2,1,0,5,3,7,9,1,0,0,0,0,2,1,6,1,15,3,-1,-1,-1,-1,1,1,E01012601,0
Unvalidated,2024041440899,2024,041440899,1,9,0,18,1,5,0,0,0,0,0,0,1,1,5,1,78,11,-1,-1,-1,-1,9,1,E01004951,0
Unvalidated,2024041440918,2024,041440918,1,9,0,9,5,1,0,0,0,0,0,0,3,1,5,1,52,8,-1,-1,-1,-1,3,1,E01025442,0
Unvalidated,2024041440918,2024,041440918,2,97,0,18,1,5,0,0,0,0,0,0,1,1,4,1,19,4,-1,-1,-1,-1,4,2,E01024919,0
Unvalidated,2024041440950,2024,041440950,1,9,0,18,1,5,0,2,1,0,0,0,3,1,6,2,42,7,-1,-1,-1,-1,6,1,E01025025,0
Unvalidated,2024041440950,2024,041440950,2,9,0,18,3,7,0,1,0,0,0,0,1,1,1,1,37,7,-1,-1,-1,-1,5,1,E01012700,0
Unvalidated,2024041440957,2024,041440957,1,9,0,9,7,5,0,6,0,0,0,0,1,1,5,2,68,10,-1,-1,-1,-1,5,1,E01025053,0
Unvalidated,2024041440972,2024,041440972,1,9,0,18,1,5,0,0,0,0,0,0,1,1,6,2,28,6,-1,-1,-1,-1,3,1,E01025578,0
Unvalidated,2024041440977,2024,041440977,1,9,0,18,7,3,0,0,0,0,0,0,4,1,5,2,33,6,-1,-1,-1,-1,4,2,-1,0
Unvalidated,2024041440977,2024,041440977,2,9,0,18,1,5,0,0,0,0,0,0,1,1,5,2,27,6,-1,-1,-1,-1,1,1,E01025575,0
Unvalidated,2024041441071,2024,041441071,1,9,0,18,7,3,0,0,0,0,0,0,1,1,6,3,-1,-1,-1,-1,-1,-1,-1,-1,-1,0
Unvalidated,2024041441071,2024,041441071,2,9,0,18,7,3,0,0,0,0,0,0,2,1,2,2,35,6,-1,-1,-1,-1,1,1,E01025260,0
Unvalidated,2024041441104,2024,041441104,1,98,0,18,7,3,0,0,0,0,0,0,1,1,1,1,24,5,-1,-1,-1,-1,1,1,E01025298,0
Unvalidated,2024041441104,2024,041441104,2,9,0,18,7,3,0,0,0,0,0,0,2,1,2,2,52,8,-1,-1,-1,-1,3,1,E01025310,0
Unvalidated,2024041441334,2024,041441334,1,9,0,5,1,5,0,0,0,0,0,0,1,1,2,1,65,9,-1,-1,-1,-1,9,1,E01025242,0
Unvalidated,2024041441334,2024,041441334,2,9,0,18,1,5,0,0,0,0,0,0,4,1,2,2,48,8,-1,-1,-1,-1,10,1,E01024950,0
Unvalidated,2024041441388,2024,041441388,1,90,0,13,3,7,0,0,5,0,0,0,4,1,5,1,53,8,-1,-1,-1,-1,4,1,E01025119,0
Unvalidated,2024041441388,2024,041441388,2,9,0,18,7,3,0,0,0,0,0,0,1,1,6,1,25,5,-1,-1,-1,-1,7,2,E01025096,0
Unvalidated,2024041441388,2024,041441388,3,9,0,2,3,7,0,0,0,0,0,0,2,1,6,3,-1,-1,-1,-1,-1,-1,-1,-1,-1,0
Unvalidated,2024041441474,2024,041441474,1,9,0,18,7,3,0,0,0,0,0,0,1,1,1,1,33,6,-1,-1,-1,-1,3,1,E01012606,0
Unvalidated,2024041441474,2024,041441474,2,9,0,18,1,5,0,0,0,0,0,0,4,1,1,1,27,6,-1,-1,-1,-1,10,2,E01025332,0
Unvalidated,2024041441480,2024,041441480,1,9,0,18,-1,-1,0,0,0,0,0,0,-1,1,6,3,-1,-1,-1,-1,-1,-1,-1,-1,-1,0
Unvalidated,2024041441480,2024,041441480,2,1,0,18,-1,-1,0,0,0,0,0,0,-1,1,5,1,54,8,-1,-1,-1,-1,10,1,E01004788,0
Unvalidated,2024041441483,2024,041441483,1,9,0,18,5,1,0,0,0,0,7,4,1,1,5,1,34,6,-1,-1,-1,-1,6,1,E01025608,0
Unvalidated,2024041441583,2024,041441583,1,98,0,13,7,3,0,1,0,0,0,0,1,1,6,1,66,10,-1,-1,-1,-1,4,1,E01025460,0
Unvalidated,2024041441583,2024,041441583,2,9,0,9,7,3,0,8,0,0,0,0,3,1,5,2,61,9,-1,-1,-1,-1,4,2,E01025509,0
Unvalidated,2024041441591,2024,041441591,1,9,0,18,5,1,0,0,0,0,0,0,4,1,6,1,49,8,-1,-1,-1,-1,3,1,E01025366,0
Unvalidated,2024041441603,2024,041441603,1,98,0,13,4,7,0,0,5,11,0,0,1,1,1,1,55,8,-1,-1,-1,-1,4,1,E01025216,0
Unvalidated,2024041441603,2024,041441603,2,9,0,5,3,7,0,0,1,0,0,0,2,1,5,2,17,4,-1,-1,-1,-1,3,1,E01025209,0
Unvalidated,2024041441604,2024,041441604,1,9,0,18,7,3,0,0,0,7,0,0,1,1,6,1,22,5,-1,-1,-1,-1,1,1,E01025224,0
Unvalidated,2024041441623,2024,041441623,1,9,0,11,3,7,0,0,0,0,1,11,1,1,5,1,65,9,-1,-1,-1,-1,4,1,E01012714,0
Unvalidated,2024041441630,2024,041441630,1,9,0,18,1,5,0,0,0,0,0,0,1,1,5,1,29,6,-1,-1,-1,-1,1,1,E01005287,0
Unvalidated,2024041441630,2024,041441630,2,9,0,4,1,5,0,0,0,0,0,0,2,1,1,1,34,6,-1,-1,-1,-1,1,1,E01025248,0
Unvalidated,2024041441630,2024,041441630,3,9,0,18,1,5,0,0,0,0,0,0,0,1,5,1,21,5,-1,-1,-1,-1,4,1,E01006022,0
Unvalidated,2024041441775,2024,041441775,1,9,0,5,1,5,0,2,0,0,0,0,4,1,5,1,76,11,-1,-1,-1,-1,9,1,E01025346,0
Unvalidated,2024041441775,2024,041441775,2,1,0,18,3,7,0,1,5,0,0,0,4,1,5,1,48,8,-1,-1,-1,-1,9,1,E01025346,0
Unvalidated,2024041441804,2024,041441804,1,97,0,18,1,5,0,1,2,11,0,0,4,1,1,1,51,8,-1,-1,-1,-1,8,3,E01025354,0
Unvalidated,2024041441825,2024,041441825,1,9,0,18,1,5,0,1,0,0,0,0,1,1,5,1,22,5,-1,-1,-1,-1,1,1,E01025067,0
Unvalidated,2024041441825,2024,041441825,2,9,0,18,5,1,0,1,0,0,1,0,3,1,5,1,23,5,-1,-1,-1,-1,7,1,E01025155,0
Unvalidated,2024041441896,2024,041441896,1,9,0,18,-1,-1,0,1,0,0,0,0,-1,1,6,1,49,8,-1,-1,-1,-1,2,1,E01025185,0
Unvalidated,2024041441899,2024,041441899,1,9,0,18,-1,-1,0,1,0,0,0,0,-1,1,5,1,33,6,-1,-1,-1,-1,3,1,E01025111,0
Unvalidated,2024041441906,2024,041441906,1,9,0,18,5,1,0,0,1,0,5,6,1,1,2,1,41,7,-1,-1,-1,-1,2,1,E01025274,0
Unvalidated,2024041441922,2024,041441922,1,9,0,18,3,7,0,8,0,0,0,0,-1,1,6,3,-1,-1,-1,-1,-1,-1,-1,-1,-1,0
Unvalidated,2024041441922,2024,041441922,2,9,0,18,5,1,0,4,0,0,0,0,3,1,1,1,40,7,-1,-1,-1,-1,1,1,E01033231,0
Unvalidated,2024041441923,2024,041441923,1,9,0,18,7,3,0,0,0,4,0,0,1,1,5,2,30,6,-1,-1,-1,-1,1,1,E01025260,0
Unvalidated,2024041441923,2024,041441923,2,90,0,2,0,0,0,0,0,0,0,0,2,1,6,3,-1,-1,-1,-1,-1,-1,-1,-1,-1,0
Unvalidated,2024041441934,2024,041441934,1,9,0,16,7,3,0,0,0,0,0,0,3,1,5,1,28,6,-1,-1,-1,-1,3,1,E01025356,0
Unvalidated,2024041441934,2024,041441934,2,9,0,17,3,7,0,0,0,0,0,0,3,1,5,1,17,4,-1,-1,-1,-1,5,1,E01025035,0
Unvalidated,2024041441982,2024,041441982,1,9,0,18,5,1,0,1,0,0,0,0,1,1,6,1,27,6,-1,-1,-1,-1,1,1,E01012748,0
Unvalidated,2024041441982,2024,041441982,2,9,0,18,1,5,0,1,0,0,0,0,1,1,1,1,45,7,-1,-1,-1,-1,2,1,E01025290,0
Unvalidated,2024041441984,2024,041441984,1,9,0,18,7,3,0,8,0,0,0,0,1,1,5,1,56,9,-1,-1,-1,-1,9,1,E01025256,0
Unvalidated,2024041441984,2024,041441984,2,9,0,9,3,7,0,8,0,0,0,0,1,1,5,1,17,4,-1,-1,-1,-1,8,1,E01025280,0
Unvalidated,2024041442129,2024,041442129,1,9,0,9,5,3,0,1,0,0,0,0,3,1,2,2,67,10,-1,-1,-1,-1,2,1,E01024857,0
Unvalidated,2024041442129,2024,041442129,2,9,0,18,3,3,0,1,0,0,0,0,1,1,3,1,34,6,-1,-1,-1,-1,1,1,E01024909,0
Unvalidated,2024041442277,2024,041442277,1,9,0,18,3,7,0,0,0,0,0,0,1,1,6,2,22,5,-1,-1,-1,-1,1,1,E01025041,0
Unvalidated,2024041442277,2024,041442277,2,9,0,18,3,7,0,0,0,0,0,0,2,1,6,1,51,8,-1,-1,-1,-1,2,2,E01025072,0
Unvalidated,2024041442302,2024,041442302,1,97,0,18,5,1,0,0,0,12,0,0,1,1,6,1,55,8,-1,-1,-1,-1,7,2,E01025559,0
Unvalidated,2024041442305,2024,041442305,1,9,0,6,1,5,0,0,0,0,0,0,0,1,5,1,42,7,-1,-1,-1,-1,10,1,E01006985,0
Unvalidated,2024041442305,2024,041442305,2,97,0,18,1,5,0,0,0,0,0,0,0,1,2,1,41,7,-1,-1,-1,-1,8,1,E01025416,0
Unvalidated,2024041442359,2024,041442359,1,9,0,17,3,7,0,0,0,0,0,0,1,1,6,1,23,5,-1,-1,-1,-1,1,1,E01025041,0
Unvalidated,2024041442359,2024,041442359,2,9,0,2,0,0,0,0,0,0,0,0,3,1,6,1,61,9,-1,-1,-1,-1,6,3,E01025026,0
Unvalidated,2024041442378,2024,041442378,1,97,0,4,5,1,0,0,1,0,2,1,3,1,5,1,61,9,-1,-1,-1,-1,7,3,E01025169,0
Unvalidated,2024041442386,2024,041442386,1,9,0,18,6,3,0,8,0,0,0,0,1,1,5,1,17,4,-1,-1,-1,-1,4,1,E01025544,0
Unvalidated,2024041442386,2024,041442386,2,97,0,5,5,1,0,8,0,0,0,0,4,1,5,1,60,9,-1,-1,-1,-1,5,1,E01027998,0
Unvalidated,2024041442405,2024,041442405,1,9,0,2,-1,-1,0,0,0,0,0,0,-1,1,1,1,43,7,-1,-1,-1,-1,1,1,E01025215,0
Unvalidated,2024041442682,2024,041442682,1,9,0,1,5,1,0,0,0,0,0,0,2,1,5,1,45,7,-1,-1,-1,-1,6,1,E01007669,0
Unvalidated,2024041442682,2024,041442682,2,97,0,3,1,5,0,0,5,0,0,0,1,1,5,1,75,10,-1,-1,-1,-1,7,1,E01006409,0
Unvalidated,2024041442731,2024,041442731,1,9,0,18,1,5,0,0,0,11,0,0,1,1,6,1,32,6,-1,-1,-1,-1,3,1,E01012663,0
Unvalidated,2024041442753,2024,041442753,1,98,0,18,2,5,0,8,0,0,0,0,1,1,5,1,31,6,-1,-1,-1,-1,5,1,E01024969,0
Unvalidated,2024041442753,2024,041442753,2,1,0,18,5,2,0,8,0,0,0,0,1,1,5,1,40,7,-1,-1,-1,-1,2,1,E01012621,0
Unvalidated,2024041442762,2024,041442762,1,9,0,18,1,4,0,0,0,0,0,0,1,1,1,1,24,5,-1,-1,-1,-1,3,1,E01012587,0
Unvalidated,2024041442762,2024,041442762,2,9,0,18,1,5,0,0,0,0,0,0,0,1,1,1,24,5,-1,-1,-1,-1,2,1,E01012625,0
Unvalidated,2024041442762,2024,041442762,3,9,0,18,1,5,0,0,0,0,0,0,2,1,1,1,32,6,-1,-1,-1,-1,7,1,E01012614,0
Unvalidated,2024041442793,2024,041442793,1,9,0,9,-1,-1,0,1,0,0,0,0,-1,1,6,3,-1,-1,-1,-1,-1,-1,-1,-1,-1,0
Unvalidated,2024041442793,2024,041442793,2,97,0,3,1,5,0,8,0,0,0,0,4,1,5,2,19,4,-1,-1,-1,-1,8,1,E01025411,0
Unvalidated,2024041442795,2024,041442795,1,9,0,9,7,5,0,8,0,0,0,0,1,1,1,2,53,8,-1,-1,-1,-1,-1,1,-1,0
Unvalidated,2024041442795,2024,041442795,2,1,0,18,5,3,5,1,0,0,0,0,1,1,1,1,33,6,-1,-1,-1,-1,2,1,E01025092,0
Unvalidated,2024041442796,2024,041442796,1,9,0,18,5,1,0,0,0,0,0,0,1,1,5,1,72,10,-1,-1,-1,-1,5,1,E01025243,0
Unvalidated,2024041442796,2024,041442796,2,9,0,18,5,1,0,0,0,0,0,0,2,1,5,1,71,10,-1,-1,-1,-1,9,1,E01005333,0
Unvalidated,2024041442796,2024,041442796,3,9,0,18,5,1,0,0,0,0,0,0,2,1,5,1,50,8,-1,-1,-1,-1,4,1,E01011165,0
Unvalidated,2024041442812,2024,041442812,1,9,0,18,4,8,0,0,0,0,1,9,1,1,6,1,36,7,-1,-1,-1,-1,1,1,E01012637,0
Unvalidated,2024041442819,2024,041442819,1,98,0,7,3,7,0,1,0,0,0,0,4,1,6,1,47,8,-1,-1,-1,-1,2,1,E01025238,0
Unvalidated,2024041442819,2024,041442819,2,9,0,2,0,0,0,2,0,0,0,0,0,1,5,2,61,9,-1,-1,-1,-1,3,1,E01025237,0
Unvalidated,2024041442862,2024,041442862,1,9,0,18,-1,-1,0,5,0,0,0,0,-1,1,6,3,-1,-1,-1,-1,-1,-1,-1,-1,-1,0
Unvalidated,2024041442870,2024,041442870,1,98,0,6,5,1,0,0,0,0,0,0,1,1,1,1,28,6,-1,-1,-1,-1,4,1,E01024933,0
Unvalidated,2024041442870,2024,041442870,2,9,0,18,5,1,0,0,0,0,0,0,4,1,5,2,42,7,-1,-1,-1,-1,10,1,E01024977,0
Unvalidated,2024041442895,2024,041442895,1,9,0,16,5,1,0,2,0,0,0,0,1,1,5,1,52,8,-1,-1,-1,-1,9,2,E01005408,0
Unvalidated,2024041442895,2024,041442895,2,9,0,4,5,1,0,2,0,0,0,0,2,1,5,2,40,7,-1,-1,-1,-1,8,1,E01025599,0
Unvalidated,2024041442897,2024,041442897,1,9,0,13,5,1,0,1,0,0,0,0,4,1,5,2,49,8,-1,-1,-1,-1,7,1,E01025361,0
Unvalidated,2024041442897,2024,041442897,2,97,0,18,5,1,1,1,5,0,0,0,3,1,6,1,17,4,-1,-1,-1,-1,10,1,E01025355,0
Unvalidated,2024041442900,2024,041442900,1,9,0,18,4,3,0,1,0,0,0,0,1,1,6,1,37,7,-1,-1,-1,-1,6,1,E01025608,0
Unvalidated,2024041442925,2024,041442925,1,9,0,18,5,1,0,0,0,0,0,0,0,1,5,1,36,7,-1,-1,-1,-1,4,1,E01005358,0
Unvalidated,2024041442925,2024,041442925,2,98,0,18,5,1,0,0,0,0,0,0,1,1,1,1,30,6,-1,-1,-1,-1,4,3,E01025508,0
Unvalidated,2024041442925,2024,041442925,3,9,0,18,5,1,0,0,0,0,0,0,4,1,2,1,28,6,-1,-1,-1,-1,7,2,E01025028,0
Unvalidated,2024041442928,2024,041442928,1,9,0,16,7,1,0,2,1,0,1,4,1,1,5,1,23,5,-1,-1,-1,-1,9,3,E01025497,0
Unvalidated,2024041442928,2024,041442928,2,9,0,17,1,5,0,1,0,0,0,0,3,1,5,1,41,7,-1,-1,-1,-1,10,2,E01025530,0
Unvalidated,2024041442933,2024,041442933,1,9,0,18,5,1,0,1,0,0,0,0,1,1,6,2,52,8,-1,-1,-1,-1,6,1,E01025418,0
Unvalidated,2024041442933,2024,041442933,2,9,0,3,5,1,0,1,0,0,0,0,2,1,5,1,35,6,-1,-1,-1,-1,2,1,E01012640,0
Unvalidated,2024041442942,2024,041442942,1,17,0,9,1,7,0,8,0,0,0,0,3,1,1,1,19,4,-1,-1,-1,-1,5,3,E01025320,0
Unvalidated,2024041442942,2024,041442942,2,9,0,18,7,3,0,8,0,0,0,0,1,1,5,2,21,5,-1,-1,-1,-1,6,1,E01007029,0
Unvalidated,2024041442945,2024,041442945,1,9,0,5,5,8,0,4,0,0,0,0,2,1,1,1,26,6,-1,-1,-1,-1,2,1,E01025244,0
Unvalidated,2024041442945,2024,041442945,2,9,0,18,3,7,0,3,0,0,0,0,1,1,6,1,36,7,-1,-1,-1,-1,6,1,E01012730,0
Unvalidated,2024041443025,2024,041443025,1,9,0,18,5,1,0,0,0,0,0,0,-1,1,6,1,-1,-1,-1,-1,-1,-1,-1,-1,-1,0
Unvalidated,2024041443074,2024,041443074,1,9,0,18,1,7,0,4,0,0,0,0,1,1,5,1,59,9,-1,-1,-1,-1,8,2,E01005365,0
Unvalidated,2024041443074,2024,041443074,2,9,0,5,5,2,0,8,0,0,0,0,3,1,5,2,68,10,-1,-1,-1,-1,7,1,E01025576,0
Unvalidated,2024041443104,2024,041443104,1,9,0,7,5,1,0,1,0,0,0,0,1,1,1,1,51,8,-1,-1,-1,-1,2,2,E01025070,0
Unvalidated,2024041443104,2024,041443104,2,9,0,18,1,5,0,1,0,0,0,0,3,1,1,2,43,7,-1,-1,-1,-1,4,2,E01025071,0
Unvalidated,2024041443167,2024,041443167,1,9,0,18,3,3,0,1,0,0,0,0,4,1,1,2,38,7,-1,-1,-1,-1,2,1,E01024902,0
Unvalidated,2024041443264,2024,041443264,1,1,0,18,5,1,4,1,0,0,0,0,1,1,5,1,62,9,-1,-1,-1,-1,3,1,E01025087,0
Unvalidated,2024041443314,2024,041443314,1,9,0,18,1,5,0,1,0,4,0,0,1,1,5,2,73,10,-1,-1,-1,-1,10,1,E01025022,0
Unvalidated,2024041443314,2024,041443314,2,9,0,2,5,1,0,2,0,0,0,0,1,1,6,3,-1,-1,-1,-1,-1,-1,-1,-1,-1,0
Unvalidated,2024041443327,2024,041443327,1,9,0,18,2,6,0,0,0,0,0,0,1,1,5,1,29,6,-1,-1,-1,-1,1,1,E01033226,0
Unvalidated,2024041443327,2024,041443327,2,9,0,18,6,2,0,0,0,0,0,0,1,1,1,2,30,6,-1,-1,-1,-1,8,1,E01025420,0
Unvalidated,2024041443353,2024,041443353,1,9,0,5,3,7,0,6,0,0,0,0,3,1,5,2,28,6,-1,-1,-1,-1,3,1,E01012677,0
Unvalidated,2024041443353,2024,041443353,2,9,0,18,1,5,0,1,0,0,0,0,1,1,6,2,18,4,-1,-1,-1,-1,5,1,E01012706,0
Unvalidated,2024041443416,2024,041443416,1,9,0,18,1,5,0,0,1,1,0,0,1,1,5,2,24,5,-1,-1,-1,-1,3,1,E01024952,0
Unvalidated,2024041443416,2024,041443416,2,98,0,4,1,5,0,0,0,0,0,0,2,1,5,1,48,8,-1,-1,-1,-1,1,1,E01012631,0