status,collision_index,collision_year,collision_reference,vehicle_reference,vehicle_type,towing_and_articulation,vehicle_manoeuvre,vehicle_direction_from,vehicle_direction_to,vehicle_location_restricted_lane,junction_location,skidding_and_overturning,hit_object_in_carriageway,vehicle_leaving_carriageway,hit_object_off_carriageway,first_point_of_impact,vehicle_left_hand_drive,journey_purpose_of_driver,sex_of_driver,age_of_driver,age_band_of_driver,engine_capacity_cc,propulsion_code,age_of_vehicle,generic_make_model,driver_imd_decile,driver_home_area_type,lsoa_of_driver,escooter_flag
Unvalidated,2024041443464,2024,041443464,1,9,0,5,5,1,0,0,5,7,0,0,1,1,5,1,61,9,-1,-1,-1,-1,2,1,E01012625,0
Unvalidated,2024041443497,2024,041443497,1,9,0,18,1,5,0,8,0,0,0,0,1,1,1,1,22,5,-1,-1,-1,-1,2,1,E01025234,0
Unvalidated,2024041443497,2024,041443497,2,9,0,18,3,7,0,1,0,0,0,0,1,1,6,2,51,8,-1,-1,-1,-1,4,1,E01025556,0
Unvalidated,2024041443554,2024,041443554,1,9,0,13,5,1,0,1,0,0,0,0,4,1,6,1,62,9,-1,-1,-1,-1,7,1,E01025384,0
Unvalidated,2024041443554,2024,041443554,2,1,0,9,5,1,0,1,5,10,1,0,3,1,6,1,64,9,-1,-1,-1,-1,9,3,E01025358,0
Unvalidated,2024041443591,2024,041443591,1,9,0,9,1,5,0,8,0,0,0,0,1,1,3,2,33,6,-1,-1,-1,-1,1,1,E01012649,0
Unvalidated,2024041443591,2024,041443591,2,98,0,4,7,3,0,8,0,0,0,0,1,1,1,1,61,9,-1,-1,-1,-1,4,2,E01025071,0
Unvalidated,2024041443591,2024,041443591,3,9,0,18,3,7,0,1,0,0,0,0,3,1,5,2,43,7,-1,-1,-1,-1,1,1,E01012650,0
Unvalidated,2024041443591,2024,041443591,4,9,0,4,7,3,0,1,0,0,0,0,3,1,5,2,39,7,-1,-1,-1,-1,7,3,E01012592,0
Unvalidated,2024041443732,2024,041443732,1,9,0,18,3,4,0,0,0,0,0,0,1,1,5,2,18,4,-1,-1,-1,-1,6,1,E01025568,0
Unvalidated,2024041443741,2024,041443741,1,9,0,5,5,5,0,2,0,0,7,0,1,1,5,2,56,9,-1,-1,-1,-1,7,3,E01025279,0
Unvalidated,2024041443741,2024,041443741,2,97,0,16,5,5,0,2,0,0,0,0,2,1,5,1,78,11,-1,-1,-1,-1,3,1,E01006359,0
Unvalidated,2024041443782,2024,041443782,1,98,0,18,7,3,0,1,0,0,0,0,-1,1,6,3,-1,-1,-1,-1,-1,-1,-1,-1,-1,0
Unvalidated,2024041443782,2024,041443782,2,1,0,18,6,2,9,8,0,0,0,0,4,1,6,1,40,7,-1,-1,-1,-1,1,1,E01025236,0
Unvalidated,2024041443826,2024,041443826,1,1,0,18,1,5,0,1,0,0,0,0,1,1,6,2,13,3,-1,-1,-1,-1,3,1,E01025399,0
Unvalidated,2024041443826,2024,041443826,2,9,0,7,3,5,0,1,0,0,0,0,4,1,1,1,33,6,-1,-1,-1,-1,2,1,E01025247,0
Unvalidated,2024041443828,2024,041443828,1,9,0,18,1,5,0,0,5,0,0,0,1,1,5,1,45,7,-1,-1,-1,-1,5,3,E01025360,0
Unvalidated,2024041443828,2024,041443828,2,9,0,18,5,1,0,0,0,0,0,0,1,1,5,1,64,9,-1,-1,-1,-1,1,1,E01024855,0
Unvalidated,2024041443840,2024,041443840,1,98,0,18,5,1,0,0,0,0,0,0,1,1,1,1,19,4,-1,-1,-1,-1,1,1,E01025215,0
Unvalidated,2024041443840,2024,041443840,2,9,0,18,5,1,0,0,0,0,0,0,2,1,5,1,57,9,-1,-1,-1,-1,3,1,E01024891,0
Unvalidated,2024041443847,2024,041443847,1,9,0,18,7,3,0,0,5,0,7,11,1,1,5,1,24,5,-1,-1,-1,-1,5,1,E01006997,0
Unvalidated,2024041444077,2024,041444077,1,1,0,18,1,5,0,0,0,0,0,0,1,1,6,1,34,6,-1,-1,-1,-1,1,1,E01012675,0
Unvalidated,2024041444077,2024,041444077,2,98,0,2,0,0,0,0,0,0,0,0,2,1,6,3,-1,-1,-1,-1,-1,-1,-1,-1,-1,0
Unvalidated,2024041444119,2024,041444119,1,9,0,18,1,5,0,1,0,0,0,0,4,1,5,1,33,6,-1,-1,-1,-1,4,1,E01005491,0
Unvalidated,2024041444119,2024,041444119,2,97,0,18,5,1,0,8,0,0,0,0,1,1,5,1,57,9,-1,-1,-1,-1,8,1,E01025375,0
Unvalidated,2024041444144,2024,041444144,1,1,0,18,7,3,0,0,0,0,0,0,1,1,5,1,9,2,-1,-1,-1,-1,-1,-1,-1,0
Unvalidated,2024041444144,2024,041444144,2,9,0,16,5,1,0,0,0,0,0,0,4,1,6,2,41,7,-1,-1,-1,-1,7,3,E01025027,0
Unvalidated,2024041444164,2024,041444164,1,9,0,18,5,1,0,8,0,7,0,0,4,1,6,1,56,9,-1,-1,-1,-1,3,1,E01025379,0
Unvalidated,2024041444171,2024,041444171,1,9,0,18,7,3,0,1,0,0,7,11,1,1,6,2,66,10,-1,-1,-1,-1,5,3,E01019278,0
Unvalidated,2024041444202,2024,041444202,1,98,0,18,3,7,0,0,1,0,0,0,1,1,1,1,42,7,-1,-1,-1,-1,1,1,E01007011,0
Unvalidated,2024041444202,2024,041444202,2,9,0,3,3,7,0,0,0,0,0,0,2,1,6,1,46,8,-1,-1,-1,-1,1,1,E01006569,0
Unvalidated,2024041444202,2024,041444202,3,98,0,3,3,7,0,0,0,0,0,0,2,1,1,1,54,8,-1,-1,-1,-1,5,1,E01025517,0
Unvalidated,2024041444202,2024,041444202,4,9,0,3,3,7,0,0,0,0,0,0,2,1,6,2,58,9,-1,-1,-1,-1,1,1,E01006752,0
Unvalidated,2024041444404,2024,041444404,1,9,0,6,5,3,0,0,0,0,0,0,3,1,5,1,54,8,-1,-1,-1,-1,1,1,E01012702,0
Unvalidated,2024041444404,2024,041444404,2,9,0,18,5,1,0,0,0,0,0,0,4,1,2,2,19,4,-1,-1,-1,-1,5,1,E01012700,0
Unvalidated,2024041444435,2024,041444435,1,9,0,18,1,5,0,1,0,0,0,0,4,1,6,2,28,6,-1,-1,-1,-1,1,1,E01012671,0
Unvalidated,2024041444491,2024,041444491,1,9,0,9,7,3,0,1,0,0,0,0,1,1,5,2,31,6,-1,-1,-1,-1,1,1,E01012595,0
Unvalidated,2024041444491,2024,041444491,2,97,0,18,3,7,0,1,0,0,0,0,1,1,6,1,55,8,-1,-1,-1,-1,8,1,E01004896,0
Unvalidated,2024041444539,2024,041444539,1,9,0,17,1,1,0,0,0,0,0,0,1,1,6,1,32,6,-1,-1,-1,-1,4,1,E01006001,0
Unvalidated,2024041444539,2024,041444539,2,9,0,16,5,5,0,0,0,0,0,0,1,1,6,1,74,10,-1,-1,-1,-1,6,1,E01025066,0
Unvalidated,2024041444587,2024,041444587,1,23,0,18,3,7,0,8,5,0,0,0,3,1,5,1,19,4,-1,-1,-1,-1,1,1,E01025287,0
Unvalidated,2024041444587,2024,041444587,2,9,0,18,5,1,0,8,0,0,0,0,3,1,5,2,59,9,-1,-1,-1,-1,1,1,E01025287,0
Unvalidated,2024041444638,2024,041444638,1,9,0,18,3,7,0,0,2,0,1,7,1,1,5,1,33,6,-1,-1,-1,-1,1,1,E01005147,0
Unvalidated,2024041444654,2024,041444654,1,97,0,18,-1,-1,0,1,0,0,0,0,1,1,6,1,21,5,-1,-1,-1,-1,6,1,E01025608,0
Unvalidated,2024041444654,2024,041444654,2,9,0,7,3,7,0,6,0,0,0,0,1,1,2,1,43,7,-1,-1,-1,-1,5,1,E01025573,0
Unvalidated,2024041444806,2024,041444806,1,9,0,17,7,3,0,0,0,0,0,0,3,1,5,1,56,9,-1,-1,-1,-1,8,1,E01011217,0
Unvalidated,2024041444806,2024,041444806,2,97,0,16,3,7,0,0,2,0,0,0,1,1,5,1,64,9,-1,-1,-1,-1,1,1,E01005466,0
Unvalidated,2024041444866,2024,041444866,1,9,0,5,7,3,0,0,0,0,0,0,1,1,5,1,62,9,-1,-1,-1,-1,2,1,E01012640,0
Unvalidated,2024041444872,2024,041444872,1,9,0,18,7,3,0,1,0,0,0,0,1,1,2,2,27,6,-1,-1,-1,-1,2,1,E01025445,0
Unvalidated,2024041444872,2024,041444872,2,98,0,5,7,3,0,8,0,0,1,2,2,1,5,1,31,6,-1,-1,-1,-1,7,3,W01000497,0
Unvalidated,2024041444882,2024,041444882,1,9,0,18,5,1,0,1,2,0,8,11,1,1,6,1,20,4,-1,-1,-1,-1,4,3,E01025393,0
Unvalidated,2024041444882,2024,041444882,2,9,0,5,7,3,0,6,1,0,0,0,1,1,6,1,25,5,-1,-1,-1,-1,4,1,E01025394,0
Unvalidated,2024041444882,2024,041444882,3,9,0,2,0,0,0,2,0,0,0,0,1,1,6,3,-1,-1,-1,-1,-1,-1,-1,-1,-1,0
Unvalidated,2024041444882,2024,041444882,4,9,0,2,0,0,0,2,0,4,0,0,2,1,6,3,-1,-1,-1,-1,-1,-1,-1,-1,-1,0
Unvalidated,2024041444882,2024,041444882,5,9,0,2,0,0,0,2,0,4,0,0,2,1,6,3,-1,-1,-1,-1,-1,-1,-1,-1,-1,0
Unvalidated,2024041444882,2024,041444882,6,9,0,2,0,0,0,2,0,4,0,0,1,1,6,3,-1,-1,-1,-1,-1,-1,-1,-1,-1,0
Unvalidated,2024041444882,2024,041444882,7,9,0,2,0,0,0,2,0,0,0,0,1,1,6,3,-1,-1,-1,-1,-1,-1,-1,-1,-1,0
Unvalidated,2024041444887,2024,041444887,1,98,0,11,7,3,0,0,0,0,0,0,4,1,6,3,-1,-1,-1,-1,-1,-1,-1,-1,-1,0
Unvalidated,2024041444887,2024,041444887,2,97,0,16,7,3,0,0,0,0,0,0,4,1,6,1,41,7,-1,-1,-1,-1,2,1,E01005661,0
Unvalidated,2024041444912,2024,041444912,1,1,0,5,7,7,0,1,0,0,0,0,1,1,6,1,13,3,-1,-1,-1,-1,5,1,E01025311,0
Unvalidated,2024041444912,2024,041444912,2,9,0,7,1,5,0,6,0,0,0,0,3,1,6,1,27,6,-1,-1,-1,-1,8,1,E01025233,0
Unvalidated,2024041444930,2024,041444930,1,9,0,17,3,7,0,0,1,0,1,2,1,1,5,1,24,5,-1,-1,-1,-1,2,1,E01012728,0
Unvalidated,2024041444941,2024,041444941,1,9,0,18,7,3,0,0,0,4,0,0,1,1,5,1,72,10,-1,-1,-1,-1,7,2,E01024999,0
Unvalidated,2024041444941,2024,041444941,2,9,0,2,0,0,0,0,0,0,0,0,2,1,6,3,-1,-1,-1,-1,-1,-1,-1,-1,-1,0
Unvalidated,2024041444964,2024,041444964,1,9,0,18,2,4,0,1,0,0,0,0,1,1,5,2,34,6,-1,-1,-1,-1,10,2,E01025337,0
Unvalidated,2024041444964,2024,041444964,2,9,0,18,2,4,0,1,0,0,0,0,2,1,5,1,64,9,-1,-1,-1,-1,1,1,E01012624,0
Unvalidated,2024041445152,2024,041445152,1,9,0,18,5,1,0,0,0,0,0,0,1,1,6,3,-1,-1,-1,-1,-1,-1,-1,-1,-1,0
Unvalidated,2024041445152,2024,041445152,2,1,0,18,5,1,0,0,0,0,0,0,2,1,6,1,25,5,-1,-1,-1,-1,2,1,E01025220,0
Unvalidated,2024041445198,2024,041445198,1,9,0,18,5,1,0,0,0,0,0,0,1,1,5,2,73,10,-1,-1,-1,-1,4,1,E01025394,0
Unvalidated,2024041445198,2024,041445198,2,9,0,2,0,0,0,0,0,0,0,0,0,1,6,3,-1,-1,-1,-1,-1,-1,-1,-1,-1,0
Unvalidated,2024041445234,2024,041445234,1,9,0,18,7,3,0,0,0,0,0,0,4,1,5,1,41,7,-1,-1,-1,-1,2,1,E01025390,0
Unvalidated,2024041445267,2024,041445267,1,9,0,18,3,7,0,0,0,0,0,0,1,1,5,1,32,6,-1,-1,-1,-1,2,2,E01025072,0
Unvalidated,2024041445267,2024,041445267,2,9,0,4,3,7,0,0,0,0,0,0,2,1,5,2,31,6,-1,-1,-1,-1,2,1,E01025185,0
Unvalidated,2024041445267,2024,041445267,3,9,0,4,3,7,0,0,0,0,1,0,2,1,5,2,32,6,-1,-1,-1,-1,3,1,E01025037,0
Unvalidated,2024041445267,2024,041445267,4,9,0,4,3,7,0,0,0,0,0,0,2,1,2,2,47,8,-1,-1,-1,-1,3,1,E01012632,0
Unvalidated,2024041445267,2024,041445267,5,9,0,4,3,7,0,0,0,0,0,0,2,1,6,2,65,9,-1,-1,-1,-1,1,1,E01025045,0
Unvalidated,2024041445267,2024,041445267,6,9,0,4,3,7,0,0,0,0,0,0,2,1,6,2,33,6,-1,-1,-1,-1,3,1,E01025391,0
Unvalidated,2024041445267,2024,041445267,7,9,0,4,3,7,0,0,0,0,0,0,2,1,3,1,64,9,-1,-1,-1,-1,2,1,E01012591,0
Unvalidated,2024041445296,2024,041445296,1,9,0,18,7,3,0,1,0,0,0,0,1,1,5,1,50,8,-1,-1,-1,-1,2,1,E01024926,0
Unvalidated,2024041445296,2024,041445296,2,9,0,3,7,3,0,4,0,0,0,0,2,1,3,1,43,7,-1,-1,-1,-1,2,1,E01024926,0
Unvalidated,2024041445297,2024,041445297,1,9,0,18,1,5,0,0,0,0,0,0,1,1,5,1,24,5,-1,-1,-1,-1,2,1,E01025247,0
Unvalidated,2024041445297,2024,041445297,2,9,0,18,1,5,0,0,0,0,0,0,2,1,5,1,48,8,-1,-1,-1,-1,1,1,E01005754,0
Unvalidated,2024041445303,2024,041445303,1,1,0,18,5,1,0,0,0,0,0,0,1,1,6,1,41,7,-1,-1,-1,-1,1,1,E01012686,0
Unvalidated,2024041445303,2024,041445303,2,9,0,18,3,7,0,0,0,0,0,0,1,1,1,1,38,7,-1,-1,-1,-1,3,1,E01012697,0
Unvalidated,2024041445323,2024,041445323,1,97,0,18,3,7,0,0,2,0,0,0,4,1,5,1,17,4,-1,-1,-1,-1,4,1,E01025170,0
Unvalidated,2024041445323,2024,041445323,2,97,0,18,3,7,0,0,0,0,0,0,0,1,1,1,16,4,-1,-1,-1,-1,7,3,E01025131,0
Unvalidated,2024041445394,2024,041445394,1,9,0,18,1,5,0,0,0,0,7,11,1,1,6,1,70,10,-1,-1,-1,-1,4,1,E01024927,0
Unvalidated,2024041445498,2024,041445498,1,98,0,15,3,7,0,8,0,0,0,0,-1,1,6,3,-1,-1,-1,-1,-1,-1,-1,-1,-1,0
Unvalidated,2024041445498,2024,041445498,2,98,0,18,2,8,0,3,0,0,0,0,4,1,2,2,27,6,-1,-1,-1,-1,8,1,E01025411,0
Unvalidated,2024041445633,2024,041445633,1,1,0,14,3,7,0,1,0,0,0,0,1,1,5,1,36,7,-1,-1,-1,-1,1,1,E01025297,0
Unvalidated,2024041445633,2024,041445633,2,11,0,2,3,7,0,1,0,0,0,0,0,1,2,1,41,7,-1,-1,-1,-1,1,1,E01025298,0
Unvalidated,2024041445634,2024,041445634,1,9,0,18,3,7,0,8,0,0,0,0,1,1,6,1,34,6,-1,-1,-1,-1,1,1,E01025041,0
Unvalidated,2024041445634,2024,041445634,2,9,0,5,5,1,0,8,0,0,0,0,1,1,5,1,72,10,-1,-1,-1,-1,1,1,E01012595,0
Unvalidated,2024041445702,2024,041445702,1,9,0,9,1,5,0,2,0,0,0,0,1,1,5,1,31,6,-1,-1,-1,-1,1,1,E01025217,0
Unvalidated,2024041445702,2024,041445702,2,1,0,18,5,1,0,2,0,0,0,0,1,1,5,1,62,9,-1,-1,-1,-1,1,1,E01025293,0
Unvalidated,2024041445746,2024,041445746,1,9,0,18,5,1,0,1,0,0,0,0,1,1,5,1,23,5,-1,-1,-1,-1,1,1,E01025042,0
Unvalidated,2024041445763,2024,041445763,1,97,0,18,5,1,0,0,2,0,0,0,1,1,5,1,65,9,-1,-1,-1,-1,7,1,E01012602,0
Unvalidated,2024041445763,2024,041445763,2,9,0,18,5,1,0,0,0,0,0,0,2,1,5,2,43,7,-1,-1,-1,-1,7,1,E01024955,0
Unvalidated,2024041445765,2024,041445765,1,97,0,13,3,7,0,0,1,0,0,0,1,1,5,1,16,4,-1,-1,-1,-1,1,1,E01012655,0
Unvalidated,2024041445765,2024,041445765,2,9,0,9,7,3,0,0,0,0,0,0,3,1,5,1,34,6,-1,-1,-1,-1,1,1,E01012572,0
Unvalidated,2024041445777,2024,041445777,1,9,0,5,3,7,9,1,0,0,0,0,2,1,6,1,44,7,-1,-1,-1,-1,3,1,E01012734,0
Unvalidated,2024041445795,2024,041445795,1,9,0,18,5,1,0,1,5,0,2,11,1,1,5,1,18,4,-1,-1,-1,-1,7,1,E01006252,0
Unvalidated,2024041445795,2024,041445795,2,9,0,18,8,4,0,1,0,0,0,0,3,1,5,2,31,6,-1,-1,-1,-1,2,1,E01006284,0
Unvalidated,2024041445822,2024,041445822,1,97,0,2,0,0,9,2,0,0,0,0,1,1,6,1,25,5,-1,-1,-1,-1,5,1,E01024989,0
Unvalidated,2024041445822,2024,041445822,2,9,0,2,0,0,9,2,0,0,0,0,1,1,6,3,-1,-1,-1,-1,-1,-1,-1,-1,-1,0
Unvalidated,2024041445822,2024,041445822,3,9,0,2,0,0,9,2,0,0,0,0,1,1,6,3,-1,-1,-1,-1,-1,-1,-1,-1,-1,0
Unvalidated,2024041446374,2024,041446374,1,9,0,9,3,1,0,8,0,0,0,0,4,1,6,1,36,7,-1,-1,-1,-1,1,1,E01012622,0
Unvalidated,2024041446374,2024,041446374,2,9,0,18,5,1,0,8,0,0,1,0,1,1,6,1,21,5,-1,-1,-1,-1,1,1,E01012657,0
Unvalidated,2024041446380,2024,041446380,1,97,0,18,-1,-1,0,0,0,0,0,0,-1,1,6,3,-1,-1,-1,-1,-1,-1,-1,-1,-1,0
Unvalidated,2024041446486,2024,041446486,1,9,0,18,1,5,0,1,0,0,0,0,1,1,3,1,45,7,-1,-1,-1,-1,10,1,E01025278,0
Unvalidated,2024041446486,2024,041446486,2,9,0,3,1,5,0,1,0,0,0,0,2,1,2,1,31,6,-1,-1,-1,-1,2,1,E01025245,0
Unvalidated,2024041446486,2024,041446486,3,9,0,3,1,5,0,1,0,0,0,0,2,1,3,1,57,9,-1,-1,-1,-1,10,1,E01025278,0
Unvalidated,2024041446575,2024,041446575,1,9,0,16,3,7,0,0,2,0,1,4,4,2,5,1,43,7,-1,-1,-1,-1,1,1,E01025188,0
Unvalidated,2024041446586,2024,041446586,1,9,0,9,4,6,0,8,0,0,7,0,4,1,5,1,41,7,-1,-1,-1,-1,2,1,E01025275,0
Unvalidated,2024041446586,2024,041446586,2,9,0,18,8,8,0,8,0,0,0,0,1,1,5,1,71,10,-1,-1,-1,-1,8,1,E01025241,0
Unvalidated,2024041446586,2024,041446586,3,9,0,10,2,4,0,6,0,0,1,0,1,1,3,1,45,7,-1,-1,-1,-1,7,1,E01006182,0
Unvalidated,2024041446613,2024,041446613,1,9,0,18,3,7,0,0,1,0,5,4,1,1,2,1,29,6,-1,-1,-1,-1,8,3,E01027586,0
Unvalidated,2024041446634,2024,041446634,1,9,0,18,7,3,0,0,0,0,1,4,1,1,5,1,29,6,-1,-1,-1,-1,3,1,E01006994,0
Unvalidated,2024041446676,2024,041446676,1,98,0,17,5,1,0,0,1,0,8,11,1,1,6,1,66,10,-1,-1,-1,-1,2,1,E01012630,0
Unvalidated,2024041446744,2024,041446744,1,9,0,18,3,7,0,0,0,0,0,0,4,1,5,1,48,8,-1,-1,-1,-1,7,1,E01025079,0
Unvalidated,2024041446744,2024,041446744,2,9,0,18,3,7,0,0,0,0,5,0,1,1,5,1,29,6,-1,-1,-1,-1,3,1,E01012587,0
Unvalidated,2024041446744,2024,041446744,3,9,0,18,3,7,0,0,0,0,0,0,1,1,5,1,31,6,-1,-1,-1,-1,2,1,E01025051,0
Unvalidated,2024041446764,2024,041446764,1,9,0,5,1,5,0,1,0,0,0,0,1,1,5,1,47,8,-1,-1,-1,-1,6,1,E01025383,0
Unvalidated,2024041446764,2024,041446764,2,9,0,4,1,5,0,4,0,0,0,0,2,1,2,2,39,7,-1,-1,-1,-1,5,1,E01005025,0
Unvalidated,2024041446809,2024,041446809,1,9,0,18,5,1,0,1,0,0,0,0,3,1,5,1,30,6,-1,-1,-1,-1,1,1,E01012646,0
Unvalidated,2024041446809,2024,041446809,2,9,0,18,5,1,0,1,0,0,0,0,1,1,2,1,43,7,-1,-1,-1,-1,7,1,E01012614,0
Unvalidated,2024041447233,2024,041447233,1,9,0,5,7,5,0,6,0,0,0,0,1,1,5,1,77,11,-1,-1,-1,-1,5,1,E01012620,0
Unvalidated,2024041447233,2024,041447233,2,9,0,9,5,1,0,6,0,0,0,0,3,1,2,2,34,6,-1,-1,-1,-1,1,1,E01012649,0
Unvalidated,2024041447238,2024,041447238,1,98,0,18,5,1,0,3,0,0,0,0,1,1,6,1,-1,-1,-1,-1,-1,-1,-1,-1,-1,0
Unvalidated,2024041447238,2024,041447238,2,9,0,9,1,3,0,4,0,0,0,0,4,1,5,2,21,5,-1,-1,-1,-1,-1,1,-1,0
Unvalidated,2024041447248,2024,041447248,1,9,0,4,1,5,0,1,1,0,0,0,1,1,3,1,42,7,-1,-1,-1,-1,5,1,E01012706,0
Unvalidated,2024041447248,2024,041447248,2,9,0,4,1,6,0,1,0,0,0,0,2,1,2,2,56,9,-1,-1,-1,-1,4,1,E01025556,0
Unvalidated,2024041447248,2024,041447248,3,9,0,4,1,7,0,1,0,0,0,0,2,1,1,1,44,7,-1,-1,-1,-1,1,1,E01025606,0
Unvalidated,2024041447264,2024,041447264,1,9,0,18,5,1,0,1,0,0,0,0,1,1,6,1,-1,-1,-1,-1,-1,-1,-1,-1,-1,0
Unvalidated,2024041447264,2024,041447264,2,9,0,18,1,5,0,1,0,0,0,0,1,1,6,1,43,7,-1,-1,-1,-1,5,1,E01025190,0
Unvalidated,2024041447292,2024,041447292,1,9,0,13,1,5,0,0,0,0,1,2,2,1,6,2,28,6,-1,-1,-1,-1,5,1,E01025573,0
Unvalidated,2024041447292,2024,041447292,2,98,0,18,1,5,0,0,0,0,0,0,3,1,1,1,63,9,-1,-1,-1,-1,10,3,E01019347,0
Unvalidated,2024041447302,2024,041447302,1,9,0,18,1,5,0,0,0,0,0,0,1,1,5,2,58,9,-1,-1,-1,-1,3,1,E01025138,0
Unvalidated,2024041447302,2024,041447302,2,9,0,5,1,5,0,0,0,0,0,0,2,1,3,2,42,7,-1,-1,-1,-1,-1,-1,-1,0
Unvalidated,2024041447302,2024,041447302,3,9,0,5,1,5,0,0,0,0,0,0,2,1,5,1,61,9,-1,-1,-1,-1,8,1,E01025165,0
Unvalidated,2024041447319,2024,041447319,1,9,0,18,5,1,0,4,1,0,0,0,1,1,5,1,61,9,-1,-1,-1,-1,8,3,E01024869,0
Unvalidated,2024041447323,2024,041447323,1,98,0,18,7,3,0,1,0,4,0,0,1,1,1,1,30,6,-1,-1,-1,-1,-1,-1,-1,0
Unvalidated,2024041447323,2024,041447323,2,98,0,10,7,5,0,5,0,0,0,0,2,1,1,1,31,6,-1,-1,-1,-1,6,1,E01019336,0
Unvalidated,2024041447419,2024,041447419,1,9,0,18,1,5,0,8,0,0,0,0,3,1,5,2,49,8,-1,-1,-1,-1,9,1,E01025021,0
Unvalidated,2024041447419,2024,041447419,2,11,0,18,3,7,0,8,0,0,0,0,1,1,1,1,51,8,-1,-1,-1,-1,7,1,E01025594,0
Unvalidated,2024041447520,2024,041447520,1,9,0,18,5,3,0,0,0,0,0,0,1,1,5,1,18,4,-1,-1,-1,-1,8,1,E01025280,0
Unvalidated,2024041447520,2024,041447520,2,9,0,18,5,1,0,0,0,0,0,0,1,1,2,2,43,7,-1,-1,-1,-1,9,3,E01025277,0
Unvalidated,2024041447552,2024,041447552,1,98,0,18,5,1,0,1,0,0,0,0,1,1,6,1,22,5,-1,-1,-1,-1,8,3,E01005411,0
Unvalidated,2024041447697,2024,041447697,1,9,0,18,1,5,0,6,0,0,0,0,1,1,6,1,52,8,-1,-1,-1,-1,1,1,E01025084,0
Unvalidated,2024041447697,2024,041447697,2,9,0,18,1,5,0,6,0,0,0,0,1,1,5,1,21,5,-1,-1,-1,-1,3,1,E01025058,0
Unvalidated,2024041447717,2024,041447717,1,9,0,18,7,3,0,2,0,0,0,0,1,1,6,3,-1,-1,-1,-1,-1,-1,-1,-1,-1,0
Unvalidated,2024041447717,2024,041447717,2,1,0,18,1,5,0,1,0,0,0,0,1,1,4,1,14,3,-1,-1,-1,-1,1,1,E01012678,0
Unvalidated,2024041447750,2024,041447750,1,9,0,6,6,2,0,8,0,0,0,0,3,1,5,2,80,11,-1,-1,-1,-1,8,1,E01025056,0
Unvalidated,2024041447750,2024,041447750,2,9,0,18,4,8,0,8,0,0,0,0,1,1,5,2,66,10,-1,-1,-1,-1,8,1,E01025056,0
Unvalidated,2024041447841,2024,041447841,1,9,0,7,8,4,0,8,0,0,0,0,1,1,1,1,39,7,-1,-1,-1,-1,2,1,E01025284,0
Unvalidated,2024041447841,2024,041447841,2,9,0,18,7,3,0,8,0,0,0,0,4,1,5,2,42,7,-1,-1,-1,-1,2,1,E01025284,0
Unvalidated,2024041447892,2024,041447892,1,1,0,18,-1,-1,0,1,0,0,0,0,-1,1,6,1,12,3,-1,-1,-1,-1,1,1,E01025227,0
Unvalidated,2024041447892,2024,041447892,2,98,0,18,3,7,0,1,0,0,0,0,1,1,2,1,61,9,-1,-1,-1,-1,6,1,E01025176,0
Unvalidated,2024041447901,2024,041447901,1,97,0,7,1,5,0,0,2,0,0,0,1,1,6,1,16,4,-1,-1,-1,-1,3,1,E01012585,0
Unvalidated,2024041447901,2024,041447901,2,9,0,18,5,1,0,0,0,0,0,0,1,1,5,2,27,6,-1,-1,-1,-1,4,1,E01025262,0
Unvalidated,2024041447927,2024,041447927,1,9,0,18,-1,-1,0,1,-1,-1,-1,0,1,1,6,3,-1,-1,-1,-1,-1,-1,-1,-1,-1,0
Unvalidated,2024041447927,2024,041447927,2,9,0,7,8,8,0,2,1,0,3,0,4,1,5,1,40,7,-1,-1,-1,-1,7,1,E01012614,0
Unvalidated,2024041447930,2024,041447930,1,9,0,18,3,7,0,4,0,0,3,0,1,1,2,1,56,9,-1,-1,-1,-1,7,1,E01012722,0
Unvalidated,2024041447930,2024,041447930,2,9,0,4,5,1,0,1,0,0,1,0,3,1,5,1,72,10,-1,-1,-1,-1,7,3,E01025014,0
Unvalidated,2024041447938,2024,041447938,1,98,0,12,6,2,0,1,0,0,0,0,1,1,6,1,31,6,-1,-1,-1,-1,8,3,E01025204,0
Unvalidated,2024041447938,2024,041447938,2,9,0,18,2,6,0,2,0,0,0,0,1,1,5,1,24,5,-1,-1,-1,-1,5,3,E01025395,0
Unvalidated,2024041448016,2024,041448016,1,9,0,7,1,3,0,6,0,0,3,0,1,1,5,1,79,11,-1,-1,-1,-1,5,3,E01025331,0
Unvalidated,2024041448016,2024,041448016,2,9,0,18,6,7,0,2,0,0,1,11,3,1,6,1,29,6,-1,-1,-1,-1,3,1,E01005160,0
Unvalidated,2024041448116,2024,041448116,1,9,0,18,1,3,0,1,0,0,0,0,0,1,5,2,31,6,-1,-1,-1,-1,2,1,E01025077,0
Unvalidated,2024041448116,2024,041448116,2,9,0,18,2,1,0,1,0,0,1,0,3,1,6,2,31,6,-1,-1,-1,-1,4,1,E01004961,0
Unvalidated,2024041448195,2024,041448195,1,9,0,18,3,7,0,0,0,0,0,0,1,1,5,1,30,6,-1,-1,-1,-1,1,1,E01024876,0
Unvalidated,2024041448195,2024,041448195,2,9,0,4,3,7,0,0,0,0,0,0,2,1,5,1,32,6,-1,-1,-1,-1,1,1,E01024895,0
Unvalidated,2024041448304,2024,041448304,1,9,0,18,7,3,0,1,0,0,0,0,1,1,5,1,48,8,-1,-1,-1,-1,7,1,E01025180,0