status,collision_index,collision_year,collision_reference,vehicle_reference,vehicle_type,towing_and_articulation,vehicle_manoeuvre,vehicle_direction_from,vehicle_direction_to,vehicle_location_restricted_lane,junction_location,skidding_and_overturning,hit_object_in_carriageway,vehicle_leaving_carriageway,hit_object_off_carriageway,first_point_of_impact,vehicle_left_hand_drive,journey_purpose_of_driver,sex_of_driver,age_of_driver,age_band_of_driver,engine_capacity_cc,propulsion_code,age_of_vehicle,generic_make_model,driver_imd_decile,driver_home_area_type,lsoa_of_driver,escooter_flag
Unvalidated,2024041448357,2024,041448357,1,9,0,18,1,5,0,0,0,0,0,0,1,1,5,2,27,6,-1,-1,-1,-1,1,1,E01005094,0
Unvalidated,2024041448357,2024,041448357,2,9,0,16,1,5,0,0,0,0,0,0,1,1,5,2,28,6,-1,-1,-1,-1,9,2,E01025074,0
Unvalidated,2024041448414,2024,041448414,1,90,0,18,-1,-1,0,1,0,0,0,0,-1,1,6,2,8,2,-1,-1,-1,-1,2,1,E01025274,0
Unvalidated,2024041448414,2024,041448414,2,9,0,18,3,7,0,1,0,0,0,0,1,1,5,1,38,7,-1,-1,-1,-1,2,1,E01025274,0
Unvalidated,2024041448444,2024,041448444,1,9,0,17,1,5,0,1,0,7,1,1,1,1,5,1,20,4,-1,-1,-1,-1,3,1,E01012669,0
Unvalidated,2024041448466,2024,041448466,1,9,0,9,5,3,9,1,0,0,0,0,3,1,5,2,57,9,-1,-1,-1,-1,1,1,E01004801,0
Unvalidated,2024041448466,2024,041448466,2,9,0,13,5,1,0,3,0,0,1,0,4,1,5,1,56,9,-1,-1,-1,-1,4,2,E01024919,0
Unvalidated,2024041448470,2024,041448470,1,9,0,18,4,8,0,0,0,0,0,0,1,1,5,1,32,6,-1,-1,-1,-1,1,1,E01006495,0
Unvalidated,2024041448470,2024,041448470,2,9,0,2,0,0,0,0,1,0,0,0,2,1,6,3,-1,-1,-1,-1,-1,-1,-1,-1,-1,0
Unvalidated,2024041448496,2024,041448496,1,9,0,18,6,2,0,1,1,0,0,0,1,1,6,2,62,9,-1,-1,-1,-1,6,1,E01025176,0
Unvalidated,2024041448496,2024,041448496,2,9,0,7,5,2,8,6,0,0,3,0,3,1,5,1,18,4,-1,-1,-1,-1,6,1,E01025383,0
Unvalidated,2024041448524,2024,041448524,1,1,0,4,5,8,0,0,0,0,0,0,1,1,6,1,8,2,-1,-1,-1,-1,7,1,E01025465,0
Unvalidated,2024041448524,2024,041448524,2,9,0,18,7,3,0,0,0,0,0,0,-1,1,6,3,-1,-1,-1,-1,-1,-1,-1,-1,-1,0
Unvalidated,2024041448524,2024,041448524,3,9,0,2,0,0,0,0,0,0,0,0,0,1,6,3,-1,-1,-1,-1,-1,-1,-1,-1,-1,0
Unvalidated,2024041448532,2024,041448532,1,9,0,17,7,3,0,0,0,0,1,7,4,1,2,2,33,6,-1,-1,-1,-1,7,1,E01025048,0
Unvalidated,2024041448686,2024,041448686,1,98,0,18,2,6,0,8,0,0,0,0,-1,1,6,1,-1,-1,-1,-1,-1,-1,-1,-1,-1,0
Unvalidated,2024041448686,2024,041448686,2,1,0,18,7,3,0,8,0,0,0,0,3,1,5,2,36,7,-1,-1,-1,-1,1,1,E01025293,0
Unvalidated,2024041448711,2024,041448711,1,9,0,18,5,1,8,0,0,0,1,0,3,1,5,1,60,9,-1,-1,-1,-1,9,1,E01025430,0
Unvalidated,2024041448711,2024,041448711,2,9,0,18,5,1,0,0,1,0,0,0,4,1,5,2,56,9,-1,-1,-1,-1,9,1,E01025436,0
Unvalidated,2024041448718,2024,041448718,1,98,0,18,5,1,0,1,0,0,0,0,3,1,5,1,79,11,-1,-1,-1,-1,2,1,E01005580,0
Unvalidated,2024041448782,2024,041448782,1,9,0,18,-1,-1,0,1,0,0,0,0,-1,1,6,3,-1,-1,-1,-1,-1,-1,-1,-1,-1,0
Unvalidated,2024041448916,2024,041448916,1,97,0,18,1,5,0,1,0,0,0,0,0,1,6,1,25,5,-1,-1,-1,-1,2,1,E01012711,0
Unvalidated,2024041449044,2024,041449044,1,9,0,13,1,5,0,0,0,0,0,0,1,1,5,1,61,9,-1,-1,-1,-1,5,1,E01025053,0
Unvalidated,2024041449044,2024,041449044,2,9,0,9,1,5,0,0,0,0,0,0,3,1,5,2,45,7,-1,-1,-1,-1,5,1,E01025053,0
Unvalidated,2024041449048,2024,041449048,1,9,0,17,5,1,9,0,0,0,1,11,1,1,5,2,61,9,-1,-1,-1,-1,3,1,E01025536,0
Unvalidated,2024041449079,2024,041449079,1,9,0,18,8,6,0,1,0,0,0,0,1,1,6,3,-1,-1,-1,-1,-1,-1,-1,-1,-1,0
Unvalidated,2024041449079,2024,041449079,2,9,0,10,8,6,0,1,0,0,0,0,2,1,5,2,34,6,-1,-1,-1,-1,3,1,E01025398,0
Unvalidated,2024041449101,2024,041449101,1,9,0,4,3,7,0,0,0,0,0,0,3,1,6,1,30,6,-1,-1,-1,-1,4,1,E01025034,0
Unvalidated,2024041449101,2024,041449101,2,9,0,4,3,7,0,0,0,0,0,0,2,1,6,2,37,7,-1,-1,-1,-1,6,1,E01004912,0
Unvalidated,2024041449132,2024,041449132,1,9,0,17,3,7,0,0,5,0,2,11,4,1,2,1,22,5,-1,-1,-1,-1,1,1,E01024876,0
Unvalidated,2024041449147,2024,041449147,1,9,0,18,7,3,0,1,1,0,1,11,1,1,5,1,23,5,-1,-1,-1,-1,8,1,E01012584,0
Unvalidated,2024041449412,2024,041449412,1,9,0,18,1,5,0,2,0,0,0,0,1,1,5,1,49,8,-1,-1,-1,-1,3,1,E01024904,0
Unvalidated,2024041449497,2024,041449497,1,9,0,18,7,3,0,1,0,0,0,0,2,1,2,1,40,7,-1,-1,-1,-1,4,1,E01025187,0
Unvalidated,2024041449499,2024,041449499,1,97,0,14,1,5,0,0,5,0,0,0,1,1,5,1,39,7,-1,-1,-1,-1,4,1,E01005476,0
Unvalidated,2024041449499,2024,041449499,2,9,0,4,1,5,0,0,0,0,0,0,2,1,2,1,47,8,-1,-1,-1,-1,1,1,E01025218,0
Unvalidated,2024041449499,2024,041449499,3,90,0,2,1,5,0,0,0,0,0,0,0,1,6,3,-1,-1,-1,-1,-1,-1,-1,-1,-1,0
Unvalidated,2024041449499,2024,041449499,4,90,0,5,5,1,0,0,0,0,0,0,0,1,2,1,55,8,-1,-1,-1,-1,9,2,E01025533,0
Unvalidated,2024041449529,2024,041449529,1,9,0,18,7,3,0,0,0,0,0,0,1,1,2,1,53,8,-1,-1,-1,-1,1,1,E01025046,0
Unvalidated,2024041449529,2024,041449529,2,9,0,18,7,3,0,0,1,0,0,0,2,1,5,2,54,8,-1,-1,-1,-1,3,1,E01024903,0
Unvalidated,2024041449539,2024,041449539,1,9,0,18,3,7,1,0,0,0,0,0,1,1,5,1,36,7,-1,-1,-1,-1,1,1,E01025575,0
Unvalidated,2024041449539,2024,041449539,2,1,0,18,3,7,0,0,0,0,0,0,2,1,6,2,85,11,-1,-1,-1,-1,-1,-1,-1,0
Unvalidated,2024041449542,2024,041449542,1,9,0,15,1,5,0,0,0,0,0,0,1,1,6,1,56,9,-1,-1,-1,-1,5,1,E01006933,0
Unvalidated,2024041449542,2024,041449542,2,9,0,4,5,1,0,0,0,0,0,0,1,1,1,1,63,9,-1,-1,-1,-1,3,1,E01006831,0
Unvalidated,2024041449588,2024,041449588,1,9,0,9,3,1,0,6,0,0,0,0,1,1,5,1,43,7,-1,-1,-1,-1,1,1,E01025189,0
Unvalidated,2024041449588,2024,041449588,2,9,0,18,1,5,0,1,0,0,0,0,3,1,5,2,34,6,-1,-1,-1,-1,4,1,E01025225,0
Unvalidated,2024041449595,2024,041449595,1,9,0,18,5,1,0,3,0,0,0,0,1,1,5,1,28,6,-1,-1,-1,-1,4,1,E01025249,0
Unvalidated,2024041449595,2024,041449595,2,9,0,18,3,7,0,4,0,0,0,0,1,1,6,2,69,10,-1,-1,-1,-1,10,2,E01025332,0
Unvalidated,2024041449614,2024,041449614,1,9,0,9,5,1,0,5,0,0,0,0,1,1,5,2,60,9,-1,-1,-1,-1,9,2,E01025343,0
Unvalidated,2024041449614,2024,041449614,2,9,0,18,8,4,0,1,0,0,0,0,1,1,2,2,55,8,-1,-1,-1,-1,8,1,E01025174,0
Unvalidated,2024041449616,2024,041449616,1,9,0,18,7,3,0,0,0,0,0,0,3,1,6,3,-1,-1,-1,-1,-1,-1,-1,-1,-1,0
Unvalidated,2024041449616,2024,041449616,2,97,0,18,3,7,0,0,0,0,0,0,3,1,6,1,36,7,-1,-1,-1,-1,4,1,E01025024,0
Unvalidated,2024041449640,2024,041449640,1,1,0,18,1,5,0,0,0,0,0,0,2,1,3,1,11,3,-1,-1,-1,-1,5,1,E01012701,0
Unvalidated,2024041449640,2024,041449640,2,9,0,18,1,7,0,0,0,0,0,0,1,2,6,1,47,8,-1,-1,-1,-1,1,1,E01012670,0
Unvalidated,2024041449655,2024,041449655,1,9,0,9,5,1,0,5,0,0,7,0,3,1,1,1,34,6,-1,-1,-1,-1,1,1,E01024987,0
Unvalidated,2024041449655,2024,041449655,2,97,0,18,1,5,0,1,5,0,0,0,1,1,5,1,37,7,-1,-1,-1,-1,1,1,E01012672,0
Unvalidated,2024041449878,2024,041449878,1,9,0,18,7,3,0,0,5,0,0,0,4,1,5,2,83,11,-1,-1,-1,-1,1,1,E01025389,0
Unvalidated,2024041449878,2024,041449878,2,9,0,2,0,0,0,0,0,0,0,0,3,1,6,3,-1,-1,-1,-1,-1,-1,-1,-1,-1,0
Unvalidated,2024041449878,2024,041449878,3,9,0,2,0,0,0,0,0,0,0,0,2,1,6,3,-1,-1,-1,-1,-1,-1,-1,-1,-1,0
Unvalidated,2024041449878,2024,041449878,4,9,0,18,3,7,0,0,0,0,0,0,3,1,1,1,36,7,-1,-1,-1,-1,7,1,W01000153,0
Unvalidated,2024041449881,2024,041449881,1,98,0,18,3,7,0,0,0,0,1,0,1,1,2,1,28,6,-1,-1,-1,-1,2,1,E01025055,0
Unvalidated,2024041449881,2024,041449881,2,9,0,18,7,3,0,0,0,0,0,0,2,1,1,1,57,9,-1,-1,-1,-1,2,1,E01025185,0
Unvalidated,2024041449959,2024,041449959,1,9,0,18,1,5,0,1,0,0,0,0,1,1,5,2,85,11,-1,-1,-1,-1,1,1,E01025570,0
Unvalidated,2024041449981,2024,041449981,1,9,0,18,3,7,0,0,0,0,0,0,1,1,5,1,87,11,-1,-1,-1,-1,7,1,E01024955,0
Unvalidated,2024041449981,2024,041449981,2,98,0,3,3,7,0,0,0,0,0,0,2,1,1,1,58,9,-1,-1,-1,-1,3,1,E01025577,0
Unvalidated,2024041450004,2024,041450004,1,9,0,9,2,6,0,0,0,0,0,0,1,1,5,1,51,8,-1,-1,-1,-1,2,1,E01025244,0
Unvalidated,2024041450004,2024,041450004,2,9,4,18,2,6,0,0,0,0,0,0,2,1,5,1,55,8,-1,-1,-1,-1,10,1,E01025466,0
Unvalidated,2024041450040,2024,041450040,1,98,0,9,3,7,0,1,0,0,0,0,1,1,2,1,57,9,-1,-1,-1,-1,1,1,E01012673,0
Unvalidated,2024041450040,2024,041450040,2,97,0,4,7,3,0,1,1,0,0,0,1,1,2,1,48,8,-1,-1,-1,-1,3,1,E01012726,0
Unvalidated,2024041450077,2024,041450077,1,98,0,18,5,1,0,0,0,0,0,0,1,1,2,1,57,9,-1,-1,-1,-1,4,1,E01025057,0
Unvalidated,2024041450077,2024,041450077,2,9,0,18,5,1,0,0,0,0,0,0,2,1,6,1,34,6,-1,-1,-1,-1,1,1,E01025036,0
Unvalidated,2024041450380,2024,041450380,1,9,0,-1,-1,-1,-1,0,-1,-1,-1,0,-1,1,6,3,-1,-1,-1,-1,-1,-1,-1,-1,-1,0
Unvalidated,2024041450380,2024,041450380,2,98,0,18,1,5,0,0,0,0,0,0,2,1,1,1,29,6,-1,-1,-1,-1,1,1,E01005602,0
Unvalidated,2024041450380,2024,041450380,3,9,0,18,1,5,0,0,0,0,0,0,1,1,5,1,29,6,-1,-1,-1,-1,-1,-1,-1,0
Unvalidated,2024041450390,2024,041450390,1,9,0,7,1,5,0,5,0,0,0,0,4,1,5,2,36,7,-1,-1,-1,-1,4,1,E01025001,0
Unvalidated,2024041450426,2024,041450426,1,9,0,18,5,1,0,0,0,0,0,0,1,1,5,1,22,5,-1,-1,-1,-1,8,3,E01019616,0
Unvalidated,2024041450426,2024,041450426,2,9,0,18,5,1,0,0,0,0,0,0,2,1,5,2,38,7,-1,-1,-1,-1,9,3,E01025281,0
Unvalidated,2024041450506,2024,041450506,1,9,0,18,1,1,0,0,0,0,0,0,1,1,6,1,24,5,-1,-1,-1,-1,5,1,E01012664,0
Unvalidated,2024041450506,2024,041450506,2,9,0,6,1,5,0,0,0,0,0,0,1,1,5,1,32,6,-1,-1,-1,-1,2,1,E01012746,0
Unvalidated,2024041450535,2024,041450535,1,9,0,18,5,1,0,0,5,0,0,0,1,1,5,1,81,11,-1,-1,-1,-1,9,1,E01025569,0
Unvalidated,2024041450630,2024,041450630,1,9,0,18,1,5,0,1,0,0,0,0,1,1,6,2,21,5,-1,-1,-1,-1,9,1,E01025490,0
Unvalidated,2024041450630,2024,041450630,2,97,0,18,3,7,0,1,0,0,0,0,1,1,6,1,30,6,-1,-1,-1,-1,-1,1,-1,0
Unvalidated,2024041450637,2024,041450637,1,9,0,9,5,1,0,1,0,0,0,0,1,1,6,1,47,8,-1,-1,-1,-1,2,1,E01025471,0
Unvalidated,2024041450637,2024,041450637,2,9,0,18,1,5,0,1,0,0,0,0,1,1,6,2,30,6,-1,-1,-1,-1,6,2,E01025486,0
Unvalidated,2024041450645,2024,041450645,1,9,0,18,1,5,0,0,0,0,0,0,4,1,5,2,20,4,-1,-1,-1,-1,1,1,E01025189,0
Unvalidated,2024041450646,2024,041450646,1,97,0,18,1,5,0,0,5,0,0,0,1,1,6,1,32,6,-1,-1,-1,-1,5,1,E01012729,0
Unvalidated,2024041450646,2024,041450646,2,9,0,9,3,1,0,0,0,0,0,0,1,1,5,1,35,6,-1,-1,-1,-1,3,1,E01012691,0
Unvalidated,2024041450673,2024,041450673,1,9,0,18,5,1,0,0,0,0,0,0,1,1,6,1,38,7,-1,-1,-1,-1,-1,-1,-1,0
Unvalidated,2024041450673,2024,041450673,2,9,0,18,5,1,0,0,0,0,1,2,2,1,5,2,25,5,-1,-1,-1,-1,6,3,E01025107,0
Unvalidated,2024041450674,2024,041450674,1,98,0,18,1,5,0,0,1,0,0,0,0,1,1,1,41,7,-1,-1,-1,-1,2,1,E01025285,0
Unvalidated,2024041450694,2024,041450694,1,9,0,12,5,1,0,0,1,0,0,0,4,1,1,1,56,9,-1,-1,-1,-1,8,1,E01025519,0
Unvalidated,2024041450694,2024,041450694,2,9,0,17,1,5,0,0,1,0,0,0,3,1,5,2,22,5,-1,-1,-1,-1,6,1,E01006988,0
Unvalidated,2024041450715,2024,041450715,1,9,0,9,3,7,0,0,0,0,0,0,1,1,5,1,59,9,-1,-1,-1,-1,3,1,E01005478,0
Unvalidated,2024041450715,2024,041450715,2,9,0,18,1,5,0,0,0,0,0,0,3,1,5,1,61,9,-1,-1,-1,-1,4,1,E01024896,0
Unvalidated,2024041450737,2024,041450737,1,90,0,17,6,2,0,0,1,0,1,9,1,1,5,1,20,4,-1,-1,-1,-1,4,1,E01012731,0
Unvalidated,2024041450764,2024,041450764,1,9,0,18,3,7,0,0,0,0,0,0,1,1,5,1,54,8,-1,-1,-1,-1,1,1,E01029835,0
Unvalidated,2024041450764,2024,041450764,2,9,0,4,3,7,0,0,0,0,0,0,2,1,5,2,29,6,-1,-1,-1,-1,2,1,E01025234,0
Unvalidated,2024041450764,2024,041450764,3,9,0,4,3,7,0,0,0,0,0,0,2,1,1,1,44,7,-1,-1,-1,-1,4,1,E01025276,0
Unvalidated,2024041450766,2024,041450766,1,9,0,18,5,1,0,2,0,0,0,0,1,1,6,1,42,7,-1,-1,-1,-1,1,1,E01012707,0
Unvalidated,2024041450786,2024,041450786,1,9,0,18,3,7,0,0,0,0,0,0,3,1,2,1,39,7,-1,-1,-1,-1,1,1,E01025110,0
Unvalidated,2024041450786,2024,041450786,2,90,1,3,3,7,0,0,0,0,0,0,2,1,1,1,29,6,-1,-1,-1,-1,8,1,-1,0
Unvalidated,2024041450862,2024,041450862,1,9,0,18,3,3,0,6,0,0,2,7,3,1,5,1,73,10,-1,-1,-1,-1,6,1,E01007061,0
Unvalidated,2024041450862,2024,041450862,2,9,0,18,3,3,0,1,0,0,1,0,1,1,6,3,-1,-1,-1,-1,-1,-1,-1,-1,-1,0
Unvalidated,2024041450880,2024,041450880,1,9,0,18,5,1,0,1,5,0,0,0,4,1,6,1,43,7,-1,-1,-1,-1,4,1,E01005214,0
Unvalidated,2024041450920,2024,041450920,1,9,0,18,3,5,9,2,5,0,1,11,1,1,6,2,55,8,-1,-1,-1,-1,3,1,E01012587,0
Unvalidated,2024041450951,2024,041450951,1,9,0,13,7,3,0,0,0,0,0,0,3,1,5,1,49,8,-1,-1,-1,-1,9,1,E01006987,0
Unvalidated,2024041450951,2024,041450951,2,97,0,18,3,7,0,0,0,0,7,0,3,1,5,1,40,7,-1,-1,-1,-1,9,1,E01007078,0
Unvalidated,2024041450951,2024,041450951,3,9,0,18,7,3,0,0,0,0,0,0,0,1,6,3,-1,-1,-1,-1,-1,-1,-1,-1,-1,0
Unvalidated,2024041450961,2024,041450961,1,9,0,7,2,4,0,6,0,7,7,10,3,1,5,2,24,5,-1,-1,-1,-1,1,1,E01012577,0
Unvalidated,2024041451014,2024,041451014,1,9,0,6,8,8,0,2,0,0,0,0,3,1,5,1,26,6,-1,-1,-1,-1,5,1,E01025252,0
Unvalidated,2024041451014,2024,041451014,2,9,0,18,8,4,0,2,0,0,0,0,1,1,5,1,62,9,-1,-1,-1,-1,8,1,E01012582,0
Unvalidated,2024041451036,2024,041451036,1,98,0,18,7,3,0,0,1,0,0,0,1,1,5,1,28,6,-1,-1,-1,-1,7,2,E01025561,0
Unvalidated,2024041451036,2024,041451036,2,9,0,2,0,0,9,0,0,0,1,0,4,1,6,3,-1,-1,-1,-1,-1,-1,-1,-1,-1,0
Unvalidated,2024041451052,2024,041451052,1,9,0,16,5,5,0,0,0,0,0,0,1,1,5,2,20,4,-1,-1,-1,-1,4,1,E01005298,0
Unvalidated,2024041451052,2024,041451052,2,9,0,18,1,1,0,0,0,0,0,0,1,1,5,1,41,7,-1,-1,-1,-1,6,2,E01024915,0
Unvalidated,2024041451057,2024,041451057,1,97,0,18,5,1,0,0,1,0,5,0,4,1,6,1,58,9,-1,-1,-1,-1,10,1,E01029822,0
Unvalidated,2024041451063,2024,041451063,1,9,0,18,-1,-1,0,0,0,0,0,0,-1,1,6,3,-1,-1,-1,-1,-1,-1,-1,-1,-1,0
Unvalidated,2024041451063,2024,041451063,2,9,0,18,1,5,0,0,0,0,0,0,4,1,1,2,36,7,-1,-1,-1,-1,5,1,E01025288,0
Unvalidated,2024041451133,2024,041451133,1,9,0,18,7,3,0,1,0,0,0,0,1,1,2,1,34,6,-1,-1,-1,-1,6,1,E01025383,0
Unvalidated,2024041451133,2024,041451133,2,9,0,2,0,0,0,1,0,0,0,0,1,1,6,3,-1,-1,-1,-1,-1,-1,-1,-1,-1,0
Unvalidated,2024041451133,2024,041451133,3,9,0,2,0,0,0,1,0,0,1,0,1,1,6,3,-1,-1,-1,-1,-1,-1,-1,-1,-1,0
Unvalidated,2024041451144,2024,041451144,1,9,0,18,3,7,0,0,0,0,0,0,1,1,5,2,35,6,-1,-1,-1,-1,1,1,E01025298,0
Unvalidated,2024041451144,2024,041451144,2,9,0,4,3,7,0,0,0,0,0,0,2,1,5,1,60,9,-1,-1,-1,-1,4,1,E01012634,0
Unvalidated,2024041451144,2024,041451144,3,98,0,3,3,7,0,0,0,0,0,0,2,1,5,1,49,8,-1,-1,-1,-1,4,1,E01025308,0
Unvalidated,2024041451210,2024,041451210,1,97,0,18,7,3,0,0,1,0,0,0,1,1,5,1,24,5,-1,-1,-1,-1,7,3,E01025506,0
Unvalidated,2024041451210,2024,041451210,2,9,0,16,7,3,0,0,0,0,0,0,1,1,5,2,63,9,-1,-1,-1,-1,7,3,E01025506,0
Unvalidated,2024041451261,2024,041451261,1,9,0,18,5,1,0,0,0,0,0,0,1,1,1,2,70,10,-1,-1,-1,-1,8,1,E01025603,0
Unvalidated,2024041451263,2024,041451263,1,9,0,9,3,1,0,8,0,0,0,0,3,1,5,2,79,11,-1,-1,-1,-1,8,1,E01025550,0
Unvalidated,2024041451263,2024,041451263,2,97,0,18,1,5,0,1,0,0,0,0,1,1,5,1,70,10,-1,-1,-1,-1,7,1,E01025594,0
Unvalidated,2024041451313,2024,041451313,1,9,0,9,1,7,0,0,0,0,0,0,4,1,5,1,26,6,-1,-1,-1,-1,3,1,E01025294,0
Unvalidated,2024041451313,2024,041451313,2,1,0,9,1,7,0,0,0,0,0,0,3,1,5,1,32,6,-1,-1,-1,-1,2,1,E01025284,0
Unvalidated,2024041451337,2024,041451337,1,9,0,9,1,7,0,6,0,0,0,0,1,1,5,1,25,5,-1,-1,-1,-1,2,1,E01025245,0
Unvalidated,2024041451337,2024,041451337,2,97,0,18,7,3,0,1,0,0,0,0,4,1,2,1,48,8,-1,-1,-1,-1,5,1,E01025235,0
Unvalidated,2024041451340,2024,041451340,1,23,0,18,1,5,0,1,5,0,0,0,1,1,5,1,18,4,-1,-1,-1,-1,4,1,E01025213,0
Unvalidated,2024041451340,2024,041451340,2,9,0,9,5,1,0,8,0,0,0,0,4,1,6,1,52,8,-1,-1,-1,-1,1,1,E01025186,0
Unvalidated,2024041451380,2024,041451380,1,97,0,16,3,7,0,0,0,0,7,0,1,1,6,1,48,8,-1,-1,-1,-1,4,3,W01000199,0
Unvalidated,2024041451380,2024,041451380,2,9,0,2,0,0,0,0,0,0,0,0,1,1,6,3,-1,-1,-1,-1,-1,-1,-1,-1,-1,0
Unvalidated,2024041451399,2024,041451399,1,9,0,17,2,6,0,1,1,0,0,0,1,1,1,1,39,7,-1,-1,-1,-1,4,1,E01025225,0
Unvalidated,2024041451399,2024,041451399,2,9,0,18,6,2,0,1,1,0,0,0,1,1,2,1,40,7,-1,-1,-1,-1,5,1,E01025329,0
Unvalidated,2024041451433,2024,041451433,1,9,0,9,7,3,0,8,0,0,0,0,1,1,5,1,35,6,-1,-1,-1,-1,10,1,E01025466,0
Unvalidated,2024041451433,2024,041451433,2,1,0,18,5,1,0,1,0,0,0,0,1,1,6,1,22,5,-1,-1,-1,-1,5,1,E01025427,0
Unvalidated,2024041451789,2024,041451789,1,9,0,18,5,1,0,1,0,0,0,0,2,1,5,1,45,7,-1,-1,-1,-1,3,1,E01025379,0
Unvalidated,2024041451789,2024,041451789,2,9,0,18,5,1,0,1,0,0,0,0,1,1,1,1,55,8,-1,-1,-1,-1,9,2,E01025074,0
Unvalidated,2024041451789,2024,041451789,3,9,0,18,5,1,0,1,0,0,0,0,1,1,1,1,41,7,-1,-1,-1,-1,9,2,E01025074,0
Unvalidated,2024041451801,2024,041451801,1,9,0,9,7,5,0,8,0,0,7,0,3,1,5,1,41,7,-1,-1,-1,-1,2,1,E01006945,0
Unvalidated,2024041451801,2024,041451801,2,9,0,18,3,7,0,8,0,0,0,0,1,1,5,1,25,5,-1,-1,-1,-1,2,1,E01005149,0
Unvalidated,2024041451820,2024,041451820,1,9,0,18,1,5,0,1,0,0,0,0,1,1,1,1,31,6,-1,-1,-1,-1,1,1,E01024906,0
Unvalidated,2024041451820,2024,041451820,2,9,0,9,3,1,0,8,0,0,0,0,4,1,1,1,33,6,-1,-1,-1,-1,-1,-1,-1,0
Unvalidated,2024041452182,2024,041452182,1,97,0,17,3,7,0,0,0,0,2,0,4,1,5,1,56,9,-1,-1,-1,-1,1,1,E01006305,0
Unvalidated,2024041452182,2024,041452182,2,11,0,18,7,3,0,0,0,0,0,0,0,1,1,1,41,7,-1,-1,-1,-1,6,3,E01027569,0
Unvalidated,2024041452194,2024,041452194,1,9,0,17,5,1,0,0,0,0,1,4,1,1,5,1,37,7,-1,-1,-1,-1,7,1,-1,0
Unvalidated,2024041452204,2024,041452204,1,9,0,15,7,3,0,1,5,4,0,0,1,1,5,2,39,7,-1,-1,-1,-1,4,1,E01012634,0
Unvalidated,2024041452204,2024,041452204,2,9,0,10,7,5,0,8,0,0,0,0,2,1,5,2,28,6,-1,-1,-1,-1,8,1,E01012597,0
Unvalidated,2024041452205,2024,041452205,1,9,0,16,7,3,0,0,0,0,0,0,1,1,5,1,18,4,-1,-1,-1,-1,7,1,E01004933,0
Unvalidated,2024041452205,2024,041452205,2,9,0,18,-1,-1,0,0,0,0,0,0,-1,1,6,3,-1,-1,-1,-1,-1,-1,-1,-1,-1,0
Unvalidated,2024041452213,2024,041452213,1,9,0,5,5,1,0,0,0,0,0,0,1,1,2,2,35,6,-1,-1,-1,-1,10,2,E01025316,0
Unvalidated,2024041452213,2024,041452213,2,9,0,12,5,1,0,0,0,0,0,0,2,1,2,1,39,7,-1,-1,-1,-1,2,1,E01024941,0
Unvalidated,2024041452221,2024,041452221,1,97,0,13,1,5,0,6,1,0,0,0,4,1,2,1,34,6,-1,-1,-1,-1,6,1,E01012719,0
Unvalidated,2024041452221,2024,041452221,2,9,0,18,1,5,0,6,0,0,0,0,3,1,2,1,53,8,-1,-1,-1,-1,5,1,E01012706,0
Unvalidated,2024041452244,2024,041452244,1,1,0,7,1,7,0,3,1,4,0,0,1,1,6,1,51,8,-1,-1,-1,-1,1,1,E01012681,0
Unvalidated,2024041452244,2024,041452244,2,9,0,3,3,7,0,4,0,0,0,0,3,1,5,2,46,8,-1,-1,-1,-1,4,1,E01025556,0
Unvalidated,2024041452246,2024,041452246,1,9,0,18,5,1,0,1,0,0,0,0,3,1,5,2,65,9,-1,-1,-1,-1,4,3,E01025508,0
Unvalidated,2024041452246,2024,041452246,2,9,0,5,7,5,0,6,0,0,0,0,3,1,5,2,28,6,-1,-1,-1,-1,6,3,E01025031,0
Unvalidated,2024041452248,2024,041452248,1,9,0,7,1,7,0,1,0,0,0,0,3,1,5,2,29,6,-1,-1,-1,-1,3,1,E01025388,0
Unvalidated,2024041452343,2024,041452343,1,97,0,18,5,7,0,0,0,0,0,0,1,1,6,1,68,10,-1,-1,-1,-1,5,1,E01014324,0
Unvalidated,2024041452343,2024,041452343,2,9,0,18,5,7,0,0,0,0,0,0,2,1,5,1,49,8,-1,-1,-1,-1,8,1,E01025141,0
Unvalidated,2024041452368,2024,041452368,1,9,0,18,3,7,0,0,0,0,1,0,1,1,5,1,38,7,-1,-1,-1,-1,1,1,E01025248,0
Unvalidated,2024041452368,2024,041452368,2,9,0,18,3,7,0,0,0,0,0,0,2,1,5,1,85,11,-1,-1,-1,-1,8,1,E01025420,0
Unvalidated,2024041452423,2024,041452423,1,9,0,18,-1,-1,0,0,0,0,0,0,1,1,6,3,-1,-1,-1,-1,-1,-1,-1,-1,-1,0
Unvalidated,2024041452423,2024,041452423,2,1,0,18,3,7,0,0,0,0,0,0,1,1,6,1,73,10,-1,-1,-1,-1,1,1,E01012622,0
Unvalidated,2024041452438,2024,041452438,1,9,0,18,5,1,0,0,0,0,0,0,1,1,2,2,23,5,-1,-1,-1,-1,7,1,E01004974,0
Unvalidated,2024041452458,2024,041452458,1,9,0,18,3,7,0,4,0,0,0,0,1,1,1,1,61,9,-1,-1,-1,-1,9,3,E01005022,0
Unvalidated,2024041452458,2024,041452458,2,1,0,18,2,6,0,3,0,0,0,0,1,1,6,1,37,7,-1,-1,-1,-1,4,1,E01033281,0