status,collision_index,collision_year,collision_reference,vehicle_reference,vehicle_type,towing_and_articulation,vehicle_manoeuvre,vehicle_direction_from,vehicle_direction_to,vehicle_location_restricted_lane,junction_location,skidding_and_overturning,hit_object_in_carriageway,vehicle_leaving_carriageway,hit_object_off_carriageway,first_point_of_impact,vehicle_left_hand_drive,journey_purpose_of_driver,sex_of_driver,age_of_driver,age_band_of_driver,engine_capacity_cc,propulsion_code,age_of_vehicle,generic_make_model,driver_imd_decile,driver_home_area_type,lsoa_of_driver,escooter_flag
Unvalidated,2024041452595,2024,041452595,1,9,0,1,7,3,6,0,0,0,0,0,2,1,5,2,20,4,-1,-1,-1,-1,6,1,E01025607,0
Unvalidated,2024041452633,2024,041452633,1,22,0,18,1,5,9,1,5,0,0,0,4,1,6,1,68,10,-1,-1,-1,-1,1,1,E01012739,0
Unvalidated,2024041452633,2024,041452633,2,9,0,18,7,3,0,1,5,0,0,0,1,1,5,2,38,7,-1,-1,-1,-1,2,1,E01012746,0
Unvalidated,2024041452637,2024,041452637,1,9,0,5,5,5,0,0,0,0,0,0,1,1,5,1,35,6,-1,-1,-1,-1,6,3,E01025514,0
Unvalidated,2024041452673,2024,041452673,1,9,0,18,5,1,0,1,0,0,0,0,1,1,2,2,21,5,-1,-1,-1,-1,7,1,E01025417,0
Unvalidated,2024041452699,2024,041452699,1,97,0,18,1,5,0,0,0,0,0,0,1,1,2,1,17,4,-1,-1,-1,-1,10,1,E01025440,0
Unvalidated,2024041453025,2024,041453025,1,9,0,18,7,3,0,0,0,0,0,0,1,1,2,2,41,7,-1,-1,-1,-1,7,1,E01025339,0
Unvalidated,2024041453070,2024,041453070,1,9,0,4,2,6,0,0,0,0,0,0,1,1,6,1,76,11,-1,-1,-1,-1,3,1,E01012623,0
Unvalidated,2024041453117,2024,041453117,1,9,0,18,7,7,0,6,1,0,0,0,3,1,5,1,27,6,-1,-1,-1,-1,2,1,E01024890,0
Unvalidated,2024041453117,2024,041453117,2,9,0,18,1,5,0,1,1,0,7,0,1,1,5,2,24,5,-1,-1,-1,-1,9,1,E01025303,0
Unvalidated,2024041453126,2024,041453126,1,9,0,18,1,5,0,1,5,0,0,0,1,1,6,1,19,4,-1,-1,-1,-1,4,1,E01012699,0
Unvalidated,2024041453126,2024,041453126,2,9,0,18,2,5,0,1,0,0,0,0,0,1,6,2,30,6,-1,-1,-1,-1,4,1,E01012712,0
Unvalidated,2024041453190,2024,041453190,1,9,0,18,5,1,0,2,0,0,0,0,1,1,5,1,63,9,-1,-1,-1,-1,1,1,E01012739,0
Unvalidated,2024041453190,2024,041453190,2,9,0,18,3,7,0,1,1,0,0,0,4,1,5,1,47,8,-1,-1,-1,-1,3,1,E01012663,0
Unvalidated,2024041453190,2024,041453190,3,9,0,2,7,3,0,1,0,0,0,0,1,1,6,3,-1,-1,-1,-1,-1,-1,-1,-1,-1,0
Unvalidated,2024041453190,2024,041453190,4,9,0,2,7,3,0,1,0,0,0,0,1,1,6,3,-1,-1,-1,-1,-1,-1,-1,-1,-1,0
Unvalidated,2024041453211,2024,041453211,1,9,0,9,3,7,0,2,0,0,0,0,1,1,5,2,56,9,-1,-1,-1,-1,3,1,E01025391,0
Unvalidated,2024041453211,2024,041453211,2,1,0,18,5,1,0,1,5,0,0,0,1,1,5,1,54,8,-1,-1,-1,-1,10,1,E01025355,0
Unvalidated,2024041453228,2024,041453228,1,9,0,9,1,5,0,8,0,0,0,0,3,1,5,1,93,11,-1,-1,-1,-1,10,3,E01025414,0
Unvalidated,2024041453228,2024,041453228,2,9,0,18,7,3,0,8,0,0,7,0,1,1,2,1,61,9,-1,-1,-1,-1,1,1,E01025287,0
Unvalidated,2024041453237,2024,041453237,1,9,0,18,6,2,0,2,0,0,0,0,1,1,5,1,87,11,-1,-1,-1,-1,8,1,E01012636,0
Unvalidated,2024041453237,2024,041453237,2,9,0,10,6,2,0,5,0,0,0,0,2,1,1,2,42,7,-1,-1,-1,-1,8,1,E01012613,0
Unvalidated,2024041453272,2024,041453272,1,9,0,9,8,4,0,2,0,0,0,0,1,1,5,1,85,11,-1,-1,-1,-1,4,1,E01025262,0
Unvalidated,2024041453272,2024,041453272,2,9,0,18,4,6,0,1,0,0,0,0,1,1,5,1,79,11,-1,-1,-1,-1,5,1,E01025427,0
Unvalidated,2024041453284,2024,041453284,1,9,0,17,7,1,0,1,0,0,1,1,1,1,5,1,42,7,-1,-1,-1,-1,1,1,E01025110,0
Unvalidated,2024041453297,2024,041453297,1,9,0,18,5,1,0,0,0,0,0,0,1,1,5,1,39,7,-1,-1,-1,-1,2,1,E01006308,0
Unvalidated,2024041453300,2024,041453300,1,9,0,18,1,5,0,3,0,0,0,0,1,1,1,2,34,6,-1,-1,-1,-1,1,1,E01012675,0
Unvalidated,2024041453314,2024,041453314,1,9,0,18,6,2,0,8,0,0,0,0,1,1,6,1,32,6,-1,-1,-1,-1,2,1,E01025290,0
Unvalidated,2024041453314,2024,041453314,2,1,0,18,4,2,0,8,0,0,0,0,4,1,5,1,37,7,-1,-1,-1,-1,5,1,E01025314,0
Unvalidated,2024041453319,2024,041453319,1,1,0,18,7,3,0,1,0,0,0,0,1,1,6,2,36,7,-1,-1,-1,-1,2,1,E01012745,0
Unvalidated,2024041453319,2024,041453319,2,9,0,18,5,1,0,1,0,0,0,0,4,1,1,1,61,9,-1,-1,-1,-1,5,1,E01012664,0
Unvalidated,2024041453386,2024,041453386,1,97,0,13,3,7,0,1,0,0,0,0,1,1,5,1,58,9,-1,-1,-1,-1,5,2,E01025200,0
Unvalidated,2024041453386,2024,041453386,2,9,0,18,3,7,0,1,0,0,0,0,3,1,5,2,42,7,-1,-1,-1,-1,3,1,E01025221,0
Unvalidated,2024041453414,2024,041453414,1,9,0,17,6,2,0,2,0,0,7,11,1,1,5,2,38,7,-1,-1,-1,-1,6,2,E01027559,0
Unvalidated,2024041453435,2024,041453435,1,9,0,18,7,3,0,8,1,0,0,0,2,1,2,2,22,5,-1,-1,-1,-1,1,1,E01025230,0
Unvalidated,2024041453435,2024,041453435,2,9,0,18,1,5,0,8,0,0,0,0,1,1,2,1,25,5,-1,-1,-1,-1,1,1,E01024856,0
Unvalidated,2024041453557,2024,041453557,1,97,0,16,4,3,0,1,0,0,0,0,1,1,6,2,45,7,-1,-1,-1,-1,4,2,E01020438,0
Unvalidated,2024041453557,2024,041453557,2,97,0,4,4,3,0,1,0,0,0,0,2,1,6,1,52,8,-1,-1,-1,-1,7,1,E01022724,0
Unvalidated,2024041453602,2024,041453602,1,9,0,5,7,3,0,0,0,0,0,0,4,1,1,1,65,9,-1,-1,-1,-1,7,2,E01010639,0
Unvalidated,2024041453602,2024,041453602,2,9,0,18,3,7,0,0,0,0,0,0,3,1,1,2,25,5,-1,-1,-1,-1,3,1,E01025209,0
Unvalidated,2024041453602,2024,041453602,3,9,0,2,7,3,9,0,0,0,0,0,2,1,5,1,74,10,-1,-1,-1,-1,2,1,E01025208,0
Unvalidated,2024041453611,2024,041453611,1,1,0,18,7,3,0,6,0,0,0,0,3,1,6,1,27,6,-1,-1,-1,-1,2,1,E01025284,0
Unvalidated,2024041453611,2024,041453611,2,9,0,18,5,1,0,1,0,0,0,0,1,1,1,2,49,8,-1,-1,-1,-1,1,1,E01025283,0
Unvalidated,2024041453619,2024,041453619,1,9,0,7,1,3,0,2,1,0,7,11,3,1,5,2,69,10,-1,-1,-1,-1,10,3,E01025352,0
Unvalidated,2024041453622,2024,041453622,1,9,0,14,7,3,0,1,1,0,7,0,1,1,5,1,58,9,-1,-1,-1,-1,10,1,E01010774,0
Unvalidated,2024041453622,2024,041453622,2,9,0,18,3,7,0,8,1,0,1,0,1,1,5,2,39,7,-1,-1,-1,-1,6,1,E01006929,0
Unvalidated,2024041453631,2024,041453631,1,9,0,18,-1,-1,0,1,0,0,0,0,1,1,6,3,-1,-1,-1,-1,-1,-1,-1,-1,-1,0
Unvalidated,2024041453677,2024,041453677,1,9,0,18,-1,-1,0,0,0,0,0,0,-1,1,6,3,-1,-1,-1,-1,-1,-1,-1,-1,-1,0
Unvalidated,2024041453677,2024,041453677,2,9,0,18,7,7,0,0,0,0,0,0,3,1,5,1,33,6,-1,-1,-1,-1,1,1,E01025230,0
Unvalidated,2024041453677,2024,041453677,3,9,0,2,3,3,0,0,0,0,0,0,1,1,6,3,-1,-1,-1,-1,-1,-1,-1,-1,-1,0
Unvalidated,2024041453687,2024,041453687,1,9,0,18,7,3,0,1,1,0,7,11,1,1,5,1,32,6,-1,-1,-1,-1,6,1,E01025334,0
Unvalidated,2024041453687,2024,041453687,2,9,0,2,0,0,0,1,0,0,0,0,2,1,6,3,-1,-1,-1,-1,-1,-1,-1,-1,-1,0
Unvalidated,2024041453861,2024,041453861,1,9,0,7,5,7,0,2,0,0,0,0,1,1,6,1,34,6,-1,-1,-1,-1,1,1,E01025293,0
Unvalidated,2024041453861,2024,041453861,2,9,0,18,3,7,0,1,1,0,0,0,4,1,6,1,61,9,-1,-1,-1,-1,10,1,E01006347,0
Unvalidated,2024041453926,2024,041453926,1,98,0,1,0,3,0,1,0,0,0,0,2,1,1,1,42,7,-1,-1,-1,-1,5,1,E01025304,0
Unvalidated,2024041453939,2024,041453939,1,9,0,16,1,4,0,4,0,9,0,0,3,1,6,1,42,7,-1,-1,-1,-1,6,1,E01012730,0
Unvalidated,2024041453967,2024,041453967,1,9,0,5,5,1,0,4,0,0,0,0,1,1,6,1,52,8,-1,-1,-1,-1,1,1,E01024953,0
Unvalidated,2024041453967,2024,041453967,2,1,0,18,3,7,0,8,0,0,0,0,1,1,6,1,60,9,-1,-1,-1,-1,3,1,E01012632,0
Unvalidated,2024041453997,2024,041453997,1,9,0,18,3,7,0,0,0,0,0,0,1,1,6,2,41,7,-1,-1,-1,-1,4,1,E01007434,0
Unvalidated,2024041453997,2024,041453997,2,9,0,11,3,7,0,0,0,0,0,0,2,1,5,1,71,10,-1,-1,-1,-1,7,1,E01025462,0
Unvalidated,2024041454055,2024,041454055,1,9,0,9,7,5,0,4,0,0,0,0,3,1,6,2,30,6,-1,-1,-1,-1,4,1,E01012607,0
Unvalidated,2024041454055,2024,041454055,2,9,0,18,5,1,0,4,0,0,0,0,1,1,6,2,35,6,-1,-1,-1,-1,1,1,E01012571,0
Unvalidated,2024041454088,2024,041454088,1,9,0,18,1,5,0,1,0,0,0,0,4,1,6,1,72,10,-1,-1,-1,-1,2,1,E01025101,0
Unvalidated,2024041454088,2024,041454088,2,1,0,9,1,7,0,1,0,0,0,0,2,1,6,1,11,3,-1,-1,-1,-1,5,1,E01025144,0
Unvalidated,2024041454090,2024,041454090,1,9,0,18,5,1,0,0,0,0,0,0,-1,1,6,3,-1,-1,-1,-1,-1,-1,-1,-1,-1,0
Unvalidated,2024041454090,2024,041454090,2,1,0,18,1,5,0,0,0,0,0,0,1,1,6,1,51,8,-1,-1,-1,-1,1,1,E01025293,0
Unvalidated,2024041454233,2024,041454233,1,9,0,18,7,3,0,0,0,4,0,0,1,1,1,2,77,11,-1,-1,-1,-1,10,1,E01025259,0
Unvalidated,2024041454233,2024,041454233,2,10,0,2,0,0,0,0,0,0,0,0,2,1,6,3,-1,-1,-1,-1,-1,-1,-1,-1,-1,0
Unvalidated,2024041454234,2024,041454234,1,98,0,7,5,6,0,1,0,0,3,11,1,1,5,2,39,7,-1,-1,-1,-1,7,3,E01025199,0
Unvalidated,2024041454265,2024,041454265,1,9,0,18,7,3,0,1,0,0,3,11,4,1,2,2,55,8,-1,-1,-1,-1,4,1,E01025452,0
Unvalidated,2024041454265,2024,041454265,2,9,0,9,3,7,0,1,0,0,0,0,1,1,2,1,43,7,-1,-1,-1,-1,3,1,E01006217,0
Unvalidated,2024041454460,2024,041454460,1,9,0,9,6,2,0,1,0,0,0,0,2,1,6,1,32,6,-1,-1,-1,-1,1,1,E01025139,0
Unvalidated,2024041454460,2024,041454460,2,9,0,16,6,2,0,1,0,0,0,0,1,1,6,1,34,6,-1,-1,-1,-1,2,1,E01025124,0
Unvalidated,2024041454549,2024,041454549,1,9,0,18,7,3,0,0,0,0,6,2,1,1,5,2,70,10,-1,-1,-1,-1,10,1,E01024968,0
Unvalidated,2024041454552,2024,041454552,1,9,0,9,3,7,0,3,0,0,0,0,3,1,5,2,18,4,-1,-1,-1,-1,6,1,E01024949,0
Unvalidated,2024041454552,2024,041454552,2,98,0,9,3,7,0,3,0,0,0,0,1,1,1,1,28,6,-1,-1,-1,-1,7,1,E01024938,0
Unvalidated,2024041454557,2024,041454557,1,9,0,18,1,5,0,1,0,0,0,0,1,1,6,3,-1,-1,-1,-1,-1,-1,-1,-1,-1,0
Unvalidated,2024041454557,2024,041454557,2,9,0,18,1,5,0,1,0,0,0,0,2,1,6,3,-1,-1,-1,-1,-1,-1,-1,-1,-1,0
Unvalidated,2024041454557,2024,041454557,3,9,0,3,1,5,0,1,0,0,0,0,2,1,5,2,42,7,-1,-1,-1,-1,5,1,E01025212,0
Unvalidated,2024041454624,2024,041454624,1,9,0,18,3,4,0,0,0,0,0,0,1,1,5,2,27,6,-1,-1,-1,-1,5,2,E01025201,0
Unvalidated,2024041454646,2024,041454646,1,9,0,18,8,6,0,0,0,0,0,0,1,1,2,1,25,5,-1,-1,-1,-1,6,1,E01025330,0
Unvalidated,2024041454648,2024,041454648,1,9,0,16,7,1,0,1,1,0,7,0,4,1,6,1,24,5,-1,-1,-1,-1,4,1,E01012651,0
Unvalidated,2024041454648,2024,041454648,2,9,0,18,1,5,0,2,0,0,7,0,1,1,2,1,40,7,-1,-1,-1,-1,9,1,E01012598,0
Unvalidated,2024041454928,2024,041454928,1,9,0,9,7,5,0,6,0,0,0,0,1,1,1,2,39,7,-1,-1,-1,-1,7,1,E01025081,0
Unvalidated,2024041454932,2024,041454932,1,9,0,5,1,5,0,0,0,0,0,0,2,1,5,2,84,11,-1,-1,-1,-1,7,2,E01025169,0
Unvalidated,2024041455034,2024,041455034,1,9,0,18,1,5,0,1,0,0,0,0,1,1,6,1,71,10,-1,-1,-1,-1,2,1,E01006492,0
Unvalidated,2024041455034,2024,041455034,2,9,0,18,3,7,0,1,0,0,0,0,1,1,6,2,62,9,-1,-1,-1,-1,-1,-1,-1,0
Unvalidated,2024041455040,2024,041455040,1,9,0,4,7,3,0,1,0,0,0,0,1,1,5,1,51,8,-1,-1,-1,-1,1,1,E01012686,0
Unvalidated,2024041455040,2024,041455040,2,9,0,4,7,3,0,1,0,0,0,0,2,1,5,2,31,6,-1,-1,-1,-1,2,1,E01025268,0
Unvalidated,2024041455048,2024,041455048,1,9,0,7,5,1,0,6,0,0,0,0,4,1,5,1,71,10,-1,-1,-1,-1,1,1,E01012743,0
Unvalidated,2024041455048,2024,041455048,2,9,0,18,3,7,0,1,0,0,0,0,3,1,6,2,29,6,-1,-1,-1,-1,7,1,E01025576,0
Unvalidated,2024041455049,2024,041455049,1,9,0,18,7,3,0,0,0,0,0,0,1,1,6,3,-1,-1,-1,-1,-1,-1,-1,-1,-1,0
Unvalidated,2024041455049,2024,041455049,2,9,0,18,7,3,0,0,0,0,0,0,2,1,5,2,42,7,-1,-1,-1,-1,8,1,E01025411,0
Unvalidated,2024041455052,2024,041455052,1,9,0,7,5,7,0,3,0,0,0,0,3,1,6,2,36,7,-1,-1,-1,-1,10,1,E01025007,0
Unvalidated,2024041455052,2024,041455052,2,1,0,18,5,1,0,4,0,0,0,0,3,1,6,1,53,8,-1,-1,-1,-1,-1,-1,-1,0
Unvalidated,2024041455059,2024,041455059,1,9,0,7,5,7,0,6,0,0,0,0,1,2,5,1,29,6,-1,-1,-1,-1,1,1,E01012596,0
Unvalidated,2024041455059,2024,041455059,2,9,0,18,3,7,0,1,0,0,0,0,4,1,5,1,28,6,-1,-1,-1,-1,1,1,E01012622,0
Unvalidated,2024041455067,2024,041455067,1,9,0,18,5,5,0,1,5,0,0,0,1,1,5,1,21,5,-1,-1,-1,-1,8,1,E01004806,0
Unvalidated,2024041455072,2024,041455072,1,17,5,18,1,5,0,0,0,0,0,0,0,1,1,1,19,4,-1,-1,-1,-1,7,3,E01027571,0
Unvalidated,2024041455072,2024,041455072,2,98,0,18,5,1,0,0,0,0,0,0,1,1,1,1,50,8,-1,-1,-1,-1,7,1,E01024905,0
Unvalidated,2024041455074,2024,041455074,1,23,0,18,7,3,0,1,0,0,0,0,1,1,5,1,22,5,-1,-1,-1,-1,3,1,E01024884,0
Unvalidated,2024041455074,2024,041455074,2,11,0,9,7,1,0,5,0,0,0,0,1,1,1,1,51,8,-1,-1,-1,-1,1,1,E01025215,0
Unvalidated,2024041455197,2024,041455197,1,9,0,7,1,5,0,1,0,0,0,0,4,1,2,2,32,6,-1,-1,-1,-1,5,1,E01025580,0
Unvalidated,2024041455197,2024,041455197,2,1,0,18,1,5,0,1,0,0,0,0,3,1,6,1,30,6,-1,-1,-1,-1,4,1,E01012668,0
Unvalidated,2024041455281,2024,041455281,1,97,0,13,1,5,0,0,0,0,0,0,1,1,2,1,25,5,-1,-1,-1,-1,3,1,E01024952,0
Unvalidated,2024041455281,2024,041455281,2,9,0,6,5,1,0,0,0,0,0,0,1,1,1,1,31,6,-1,-1,-1,-1,9,1,E01006264,0
Unvalidated,2024041455349,2024,041455349,1,98,0,18,1,3,0,8,0,0,0,0,1,1,1,1,64,9,-1,-1,-1,-1,8,1,E01025018,0
Unvalidated,2024041455349,2024,041455349,2,98,0,18,8,4,0,1,0,0,0,0,1,1,1,1,36,7,-1,-1,-1,-1,1,1,E01025083,0
Unvalidated,2024041455473,2024,041455473,1,9,0,18,5,1,0,0,0,0,0,0,1,1,5,1,32,6,-1,-1,-1,-1,5,1,E01024998,0
Unvalidated,2024041455473,2024,041455473,2,9,0,2,5,1,9,0,0,0,7,0,2,1,6,3,-1,-1,-1,-1,-1,-1,-1,-1,-1,0
Unvalidated,2024041455626,2024,041455626,1,9,0,18,3,7,0,0,0,0,1,0,2,1,2,1,49,8,-1,-1,-1,-1,1,1,E01024882,0
Unvalidated,2024041455626,2024,041455626,2,9,0,18,3,7,0,0,0,0,0,0,2,1,2,1,35,6,-1,-1,-1,-1,3,1,E01024887,0
Unvalidated,2024041455626,2024,041455626,3,9,0,18,3,7,0,0,0,0,0,0,1,1,2,1,56,9,-1,-1,-1,-1,4,1,E01025192,0
Unvalidated,2024041455626,2024,041455626,4,9,0,18,3,7,0,0,0,0,0,0,1,1,5,1,40,7,-1,-1,-1,-1,4,1,E01025065,0
Unvalidated,2024041455626,2024,041455626,5,9,0,18,3,7,0,0,0,0,0,0,1,1,2,1,35,6,-1,-1,-1,-1,8,1,E01012613,0
Unvalidated,2024041455626,2024,041455626,6,9,0,18,3,7,0,0,0,0,0,0,2,1,1,1,49,8,-1,-1,-1,-1,2,1,E01025290,0
Unvalidated,2024041455626,2024,041455626,7,9,0,18,3,7,0,0,0,0,0,0,2,1,2,2,25,5,-1,-1,-1,-1,7,1,E01006947,0
Unvalidated,2024041455626,2024,041455626,8,9,0,18,3,7,0,0,0,0,0,0,2,1,2,2,31,6,-1,-1,-1,-1,2,1,E01012573,0
Unvalidated,2024041455639,2024,041455639,1,98,0,18,3,7,0,0,0,0,4,0,1,1,1,1,42,7,-1,-1,-1,-1,9,2,E01025358,0
Unvalidated,2024041455639,2024,041455639,2,9,0,18,3,7,0,0,0,0,0,0,1,1,2,1,28,6,-1,-1,-1,-1,5,1,E01025061,0
Unvalidated,2024041455639,2024,041455639,3,98,0,18,3,7,0,0,0,0,0,0,2,1,1,1,29,6,-1,-1,-1,-1,10,1,E01025352,0
Unvalidated,2024041455703,2024,041455703,1,9,0,18,7,3,0,2,0,0,0,0,1,1,5,1,37,7,-1,-1,-1,-1,5,1,E01025190,0
Unvalidated,2024041455839,2024,041455839,1,9,0,18,3,7,0,0,1,0,0,0,1,1,2,2,24,5,-1,-1,-1,-1,4,3,E01024975,0
Unvalidated,2024041455839,2024,041455839,2,17,4,5,1,5,0,0,0,0,0,0,4,1,1,1,24,5,-1,-1,-1,-1,9,1,E01025439,0
Unvalidated,2024041455853,2024,041455853,1,9,0,18,1,2,0,1,0,0,0,0,4,1,6,2,38,7,-1,-1,-1,-1,4,2,E01025071,0
Unvalidated,2024041455884,2024,041455884,1,22,0,18,8,4,9,0,0,0,0,0,1,1,5,1,57,9,-1,-1,-1,-1,1,1,E01025574,0
Unvalidated,2024041455884,2024,041455884,2,9,0,2,0,0,9,0,0,0,0,0,1,1,6,3,-1,-1,-1,-1,-1,-1,-1,-1,-1,0
Unvalidated,2024041455943,2024,041455943,1,9,0,18,1,5,0,0,0,0,0,0,1,1,3,1,72,10,-1,-1,-1,-1,-1,-1,-1,0
Unvalidated,2024041455950,2024,041455950,1,9,0,18,1,5,0,0,0,0,0,0,0,1,5,1,45,7,-1,-1,-1,-1,3,1,E01024943,0
Unvalidated,2024041455953,2024,041455953,1,22,0,18,4,8,0,0,5,0,0,0,4,1,5,1,77,11,-1,-1,-1,-1,1,1,E01025082,0
Unvalidated,2024041455953,2024,041455953,2,9,0,7,6,8,0,0,0,0,0,0,3,1,5,1,32,6,-1,-1,-1,-1,1,1,E01025049,0
Unvalidated,2024041455955,2024,041455955,1,9,0,-1,-1,-1,-1,-1,-1,-1,-1,0,1,1,6,3,-1,-1,-1,-1,-1,-1,-1,-1,-1,0
Unvalidated,2024041455955,2024,041455955,2,9,0,18,7,3,0,1,0,0,0,0,2,1,3,2,41,7,-1,-1,-1,-1,2,1,E01012605,0
Unvalidated,2024041455956,2024,041455956,1,98,0,18,2,6,0,0,0,0,0,0,3,1,1,1,46,8,-1,-1,-1,-1,1,1,E01012571,0
Unvalidated,2024041455956,2024,041455956,2,9,0,18,4,8,0,0,0,0,0,0,1,1,5,1,71,10,-1,-1,-1,-1,1,1,E01025082,0
Unvalidated,2024041455983,2024,041455983,1,9,0,18,1,5,0,0,0,0,0,0,1,1,5,1,20,4,-1,-1,-1,-1,7,1,E01025557,0
Unvalidated,2024041455983,2024,041455983,2,9,0,18,5,1,0,0,0,0,7,0,1,1,5,2,18,4,-1,-1,-1,-1,-1,-1,-1,0
Unvalidated,2024041455983,2024,041455983,3,9,0,2,0,0,0,0,0,0,0,0,1,1,6,3,-1,-1,-1,-1,-1,-1,-1,-1,-1,0
Unvalidated,2024041456004,2024,041456004,1,9,0,17,4,8,0,0,0,0,0,0,1,1,2,2,72,10,-1,-1,-1,-1,5,3,E01025331,0
Unvalidated,2024041456004,2024,041456004,2,9,0,16,8,4,0,0,0,0,0,0,1,1,2,1,26,6,-1,-1,-1,-1,4,1,E01025194,0
Unvalidated,2024041456048,2024,041456048,1,23,0,18,5,5,0,0,0,4,0,0,1,1,5,1,-1,-1,-1,-1,-1,-1,-1,-1,-1,0
Unvalidated,2024041456048,2024,041456048,2,9,0,4,5,1,0,0,0,0,0,0,2,2,2,1,49,8,-1,-1,-1,-1,4,1,E01025567,0
Unvalidated,2024041456102,2024,041456102,1,97,0,18,2,6,0,0,0,0,2,0,1,1,5,2,18,4,-1,-1,-1,-1,10,3,E01019347,0
Unvalidated,2024041456144,2024,041456144,1,9,0,9,5,6,0,8,0,0,1,10,1,1,2,2,30,6,-1,-1,-1,-1,7,3,E01025279,0
Unvalidated,2024041456144,2024,041456144,2,9,0,18,3,7,0,8,0,0,0,0,1,1,6,1,62,9,-1,-1,-1,-1,9,1,E01025256,0
Unvalidated,2024041456144,2024,041456144,3,9,0,2,0,0,0,1,0,0,0,0,1,1,6,1,64,9,-1,-1,-1,-1,8,1,E01025272,0
Unvalidated,2024041456180,2024,041456180,1,9,0,9,5,3,0,8,0,0,0,0,1,1,5,2,34,6,-1,-1,-1,-1,2,1,E01025051,0
Unvalidated,2024041456180,2024,041456180,2,97,0,18,3,7,0,1,1,0,0,0,1,1,5,1,62,9,-1,-1,-1,-1,8,3,E01027586,0
Unvalidated,2024041456190,2024,041456190,1,9,0,17,3,5,0,0,0,0,7,2,1,1,2,1,52,8,-1,-1,-1,-1,2,1,E01025229,0
Unvalidated,2024041456250,2024,041456250,1,9,0,5,7,3,9,2,0,0,0,0,1,1,5,1,45,7,-1,-1,-1,-1,9,1,E01006377,0
Unvalidated,2024041456250,2024,041456250,2,9,0,18,1,5,9,1,0,0,0,0,4,1,5,2,30,6,-1,-1,-1,-1,10,1,E01025426,0
Unvalidated,2024041456384,2024,041456384,1,9,0,13,7,3,0,8,0,0,0,0,4,1,6,1,76,11,-1,-1,-1,-1,1,1,E01012575,0
Unvalidated,2024041456384,2024,041456384,2,98,0,9,1,5,0,8,0,0,0,0,1,1,1,1,37,7,-1,-1,-1,-1,4,2,E01024960,0
Unvalidated,2024041456405,2024,041456405,1,9,0,5,7,5,0,8,0,0,0,0,1,1,5,2,89,11,-1,-1,-1,-1,2,1,E01025245,0
Unvalidated,2024041456405,2024,041456405,2,9,0,18,3,7,0,6,0,0,0,0,3,1,2,1,38,7,-1,-1,-1,-1,8,1,E01025241,0
Unvalidated,2024041456458,2024,041456458,1,90,0,7,3,7,0,0,2,0,7,7,3,1,1,1,50,8,-1,-1,-1,-1,10,1,E01025355,0
Unvalidated,2024041456475,2024,041456475,1,9,0,18,1,5,0,8,0,0,0,0,-1,1,6,3,-1,-1,-1,-1,-1,-1,-1,-1,-1,0
Unvalidated,2024041456475,2024,041456475,2,1,0,18,1,5,0,1,0,0,1,0,1,1,5,1,49,8,-1,-1,-1,-1,2,1,E01024926,0
Unvalidated,2024041456492,2024,041456492,1,9,0,5,3,7,0,6,0,0,0,0,1,1,5,1,79,11,-1,-1,-1,-1,9,1,E01025436,0
Unvalidated,2024041456492,2024,041456492,2,9,0,18,1,5,0,8,0,0,0,0,4,1,5,1,76,11,-1,-1,-1,-1,9,1,E01025436,0
Unvalidated,2024041456521,2024,041456521,1,9,0,16,4,8,0,3,0,0,0,0,-1,1,6,3,-1,-1,-1,-1,-1,-1,-1,-1,-1,0
Unvalidated,2024041456617,2024,041456617,1,9,0,18,-1,-1,0,4,0,0,0,0,-1,1,6,3,-1,-1,-1,-1,-1,-1,-1,-1,-1,0
Unvalidated,2024041456617,2024,041456617,2,9,0,12,3,7,1,4,0,0,0,0,4,1,1,2,21,5,-1,-1,-1,-1,9,2,E01025343,0
Unvalidated,2024041456820,2024,041456820,1,9,0,18,3,7,0,8,0,0,0,0,3,1,1,2,41,7,-1,-1,-1,-1,8,1,E01010709,0
Unvalidated,2024041456820,2024,041456820,2,9,0,18,5,1,0,8,0,0,0,0,4,1,6,2,20,4,-1,-1,-1,-1,4,1,E01025276,0
Unvalidated,2024041456852,2024,041456852,1,9,0,18,3,7,9,0,0,0,1,11,1,1,5,1,76,11,-1,-1,-1,-1,7,1,E01012610,0
Unvalidated,2024041456862,2024,041456862,1,9,0,9,1,7,0,6,0,0,0,0,3,1,5,2,88,11,-1,-1,-1,-1,10,2,E01025328,0
Unvalidated,2024041456862,2024,041456862,2,9,0,18,7,3,0,1,0,0,0,0,1,1,5,2,20,4,-1,-1,-1,-1,2,1,E01025234,0
Unvalidated,2024041456895,2024,041456895,1,9,0,5,2,6,0,8,0,0,0,0,1,1,5,1,33,6,-1,-1,-1,-1,1,1,E01024899,0
Unvalidated,2024041456895,2024,041456895,2,97,0,18,7,3,0,1,0,0,0,0,1,1,5,2,52,8,-1,-1,-1,-1,1,1,E01024855,0
Unvalidated,2024041456899,2024,041456899,1,9,0,18,5,1,0,2,0,0,0,0,1,1,6,1,49,8,-1,-1,-1,-1,3,1,E01025368,0
Unvalidated,2024041456899,2024,041456899,2,9,0,5,5,1,0,2,0,0,0,0,2,1,5,1,32,6,-1,-1,-1,-1,1,1,E01024875,0