status,collision_index,collision_year,collision_reference,vehicle_reference,vehicle_type,towing_and_articulation,vehicle_manoeuvre,vehicle_direction_from,vehicle_direction_to,vehicle_location_restricted_lane,junction_location,skidding_and_overturning,hit_object_in_carriageway,vehicle_leaving_carriageway,hit_object_off_carriageway,first_point_of_impact,vehicle_left_hand_drive,journey_purpose_of_driver,sex_of_driver,age_of_driver,age_band_of_driver,engine_capacity_cc,propulsion_code,age_of_vehicle,generic_make_model,driver_imd_decile,driver_home_area_type,lsoa_of_driver,escooter_flag
Unvalidated,2024041457134,2024,041457134,1,98,0,9,3,1,0,8,0,0,0,0,1,1,6,1,33,6,-1,-1,-1,-1,2,1,E01025220,0
Unvalidated,2024041457134,2024,041457134,2,90,0,18,1,5,0,8,0,0,0,0,1,1,5,2,4,1,-1,-1,-1,-1,2,1,E01025205,0
Unvalidated,2024041457144,2024,041457144,1,9,0,18,-1,-1,0,1,0,0,0,0,-1,1,6,3,-1,-1,-1,-1,-1,-1,-1,-1,-1,0
Unvalidated,2024041457144,2024,041457144,2,9,0,18,7,3,0,1,0,0,0,0,1,1,1,1,31,6,-1,-1,-1,-1,1,1,E01024856,0
Unvalidated,2024041457203,2024,041457203,1,9,0,18,-1,-1,0,0,0,0,0,0,-1,1,6,3,-1,-1,-1,-1,-1,-1,-1,-1,-1,0
Unvalidated,2024041457203,2024,041457203,2,1,0,18,-1,-1,0,0,0,0,0,0,-1,1,6,1,18,4,-1,-1,-1,-1,10,1,E01025475,0
Unvalidated,2024041457300,2024,041457300,1,9,0,3,1,5,0,2,0,0,0,0,1,1,5,1,82,11,-1,-1,-1,-1,2,1,E01024886,0
Unvalidated,2024041457300,2024,041457300,2,9,0,4,1,5,0,1,0,0,0,0,2,1,6,2,34,6,-1,-1,-1,-1,1,1,E01024909,0
Unvalidated,2024041457302,2024,041457302,1,9,0,14,3,7,0,1,0,4,0,0,1,1,1,2,60,9,-1,-1,-1,-1,8,3,E01024924,0
Unvalidated,2024041457302,2024,041457302,2,9,0,2,0,0,0,1,0,0,0,0,2,1,6,3,-1,-1,-1,-1,-1,-1,-1,-1,-1,0
Unvalidated,2024041457364,2024,041457364,1,1,0,18,7,3,9,0,5,0,0,0,0,1,5,1,4,1,-1,-1,-1,-1,-1,-1,-1,0
Unvalidated,2024041457364,2024,041457364,2,9,0,1,1,5,0,0,0,0,0,0,3,1,5,2,40,7,-1,-1,-1,-1,2,1,E01012711,0
Unvalidated,2024041457375,2024,041457375,1,97,0,14,7,3,0,0,2,0,0,0,3,1,5,1,54,8,-1,-1,-1,-1,2,1,E01012746,0
Unvalidated,2024041457437,2024,041457437,1,9,0,18,5,1,0,0,0,0,0,0,3,1,6,2,77,11,-1,-1,-1,-1,9,1,E01024956,0
Unvalidated,2024041457505,2024,041457505,1,9,0,18,5,1,0,1,0,0,0,0,1,1,6,2,41,7,-1,-1,-1,-1,4,1,E01025194,0
Unvalidated,2024041457507,2024,041457507,1,9,0,18,5,1,0,0,0,0,0,0,1,1,5,1,22,5,-1,-1,-1,-1,1,1,E01025295,0
Unvalidated,2024041457507,2024,041457507,2,9,0,18,5,1,0,0,0,0,0,0,2,1,2,1,40,7,-1,-1,-1,-1,5,1,E01011129,0
Unvalidated,2024041457579,2024,041457579,1,10,0,9,7,5,0,0,0,0,0,0,1,1,6,1,31,6,-1,-1,-1,-1,1,1,E01024875,0
Unvalidated,2024041457579,2024,041457579,2,1,0,18,1,5,0,0,5,0,0,0,2,1,5,1,79,11,-1,-1,-1,-1,9,1,E01025451,0
Unvalidated,2024041457579,2024,041457579,3,98,0,18,5,1,0,0,0,0,0,0,0,1,6,1,32,6,-1,-1,-1,-1,5,1,E01025431,0
Unvalidated,2024041457637,2024,041457637,1,9,0,17,1,5,0,3,0,0,0,0,4,1,2,2,48,8,-1,-1,-1,-1,6,1,E01012719,0
Unvalidated,2024041457645,2024,041457645,1,98,0,18,5,1,0,0,0,0,0,0,1,1,1,1,53,8,-1,-1,-1,-1,9,1,E01025346,0
Unvalidated,2024041457645,2024,041457645,2,9,0,18,5,1,0,0,0,0,0,0,2,1,6,2,57,9,-1,-1,-1,-1,3,1,E01025397,0
Unvalidated,2024041457645,2024,041457645,3,9,0,2,0,0,0,0,0,0,0,0,2,1,5,1,63,9,-1,-1,-1,-1,2,1,E01025044,0
Unvalidated,2024041457668,2024,041457668,1,9,0,18,3,7,0,8,0,0,0,0,2,1,5,1,30,6,-1,-1,-1,-1,4,1,E01025556,0
Unvalidated,2024041457668,2024,041457668,2,9,0,18,1,5,0,1,0,0,0,0,1,1,2,2,20,4,-1,-1,-1,-1,5,1,E01012664,0
Unvalidated,2024041457670,2024,041457670,1,9,0,18,7,3,0,1,0,0,0,0,1,2,6,2,20,4,-1,-1,-1,-1,5,2,E01025201,0
Unvalidated,2024041457670,2024,041457670,2,9,0,18,7,3,0,1,0,0,0,0,2,2,5,1,51,8,-1,-1,-1,-1,7,1,E01004836,0
Unvalidated,2024041457690,2024,041457690,1,97,0,18,5,1,0,0,5,0,0,0,4,1,6,3,-1,-1,-1,-1,-1,-1,-1,-1,-1,0
Unvalidated,2024041457690,2024,041457690,2,9,0,18,5,1,0,0,0,0,0,0,3,1,6,2,26,6,-1,-1,-1,-1,1,1,E01012751,0
Unvalidated,2024041457695,2024,041457695,1,9,0,18,7,3,0,3,0,0,0,0,3,1,1,2,59,9,-1,-1,-1,-1,1,1,E01025171,0
Unvalidated,2024041457695,2024,041457695,2,1,0,18,7,3,0,3,0,0,0,0,4,1,6,1,65,9,-1,-1,-1,-1,5,1,E01025085,0
Unvalidated,2024041457788,2024,041457788,1,90,0,18,5,1,0,1,0,0,1,0,1,1,5,1,16,4,-1,-1,-1,-1,1,1,E01012675,1
Unvalidated,2024041457900,2024,041457900,1,9,0,18,-1,-1,0,0,0,0,0,0,-1,1,6,3,-1,-1,-1,-1,-1,-1,-1,-1,-1,0
Unvalidated,2024041457900,2024,041457900,2,9,0,18,3,7,0,0,0,0,0,0,1,1,5,1,68,10,-1,-1,-1,-1,9,1,E01025596,0
Unvalidated,2024041458000,2024,041458000,1,9,0,18,-1,-1,0,1,0,0,0,0,-1,1,6,3,-1,-1,-1,-1,-1,-1,-1,-1,-1,0
Unvalidated,2024041458039,2024,041458039,1,9,0,18,3,7,0,1,0,0,0,0,4,1,6,1,63,9,-1,-1,-1,-1,1,1,E01012649,0
Unvalidated,2024041458068,2024,041458068,1,9,0,3,7,2,0,1,0,0,0,0,1,1,2,2,25,5,-1,-1,-1,-1,1,1,E01025151,0
Unvalidated,2024041458068,2024,041458068,2,9,0,3,7,2,0,1,0,0,0,0,2,1,2,2,36,7,-1,-1,-1,-1,2,1,E01025115,0
Unvalidated,2024041458068,2024,041458068,3,9,0,5,7,2,0,1,0,0,0,0,2,1,5,1,44,7,-1,-1,-1,-1,4,1,E01025170,0
Unvalidated,2024041458126,2024,041458126,1,9,0,18,3,3,0,4,0,0,0,0,2,1,6,1,21,5,-1,-1,-1,-1,2,2,E01025070,0
Unvalidated,2024041458126,2024,041458126,2,97,0,18,3,3,0,4,1,0,0,0,4,1,6,1,70,10,-1,-1,-1,-1,3,1,E01012623,0
Unvalidated,2024041458183,2024,041458183,1,90,0,18,1,1,0,1,0,0,0,0,1,1,6,1,18,4,-1,-1,-1,-1,1,1,E01012687,0
Unvalidated,2024041458183,2024,041458183,2,9,0,2,1,5,0,2,0,0,0,0,2,2,5,1,36,7,-1,-1,-1,-1,4,1,E01012713,0
Unvalidated,2024041458293,2024,041458293,1,9,0,12,5,1,0,1,0,0,0,0,2,1,5,2,41,7,-1,-1,-1,-1,3,1,E01012663,0
Unvalidated,2024041458293,2024,041458293,2,97,0,18,5,1,0,1,2,0,0,0,1,1,5,1,58,9,-1,-1,-1,-1,7,1,E01025576,0
Unvalidated,2024041458566,2024,041458566,1,9,0,18,2,6,0,2,0,0,0,0,4,1,5,2,50,8,-1,-1,-1,-1,7,2,E01025096,0
Unvalidated,2024041458566,2024,041458566,2,9,0,18,4,8,0,1,0,0,0,0,1,1,5,1,54,8,-1,-1,-1,-1,6,1,E01025121,0
Unvalidated,2024041458566,2024,041458566,3,9,0,4,6,2,0,1,0,0,0,0,1,1,5,2,73,10,-1,-1,-1,-1,2,1,E01025157,0
Unvalidated,2024041458572,2024,041458572,1,9,0,4,1,5,0,3,0,0,0,0,4,1,5,1,57,9,-1,-1,-1,-1,8,2,E01024916,0
Unvalidated,2024041458572,2024,041458572,2,1,0,17,1,5,0,3,0,0,0,0,1,1,5,1,50,8,-1,-1,-1,-1,8,3,E01025539,0
Unvalidated,2024041458581,2024,041458581,1,9,0,18,5,1,0,4,0,0,0,0,3,1,6,2,18,4,-1,-1,-1,-1,-1,1,-1,0
Unvalidated,2024041458581,2024,041458581,2,9,0,18,3,7,0,3,0,0,0,0,1,1,2,1,34,6,-1,-1,-1,-1,5,1,E01025427,0
Unvalidated,2024041458597,2024,041458597,1,98,0,18,3,7,0,1,0,0,0,0,1,2,1,1,24,5,-1,-1,-1,-1,5,1,E01024958,0
Unvalidated,2024041458597,2024,041458597,2,9,0,18,3,7,0,8,0,0,0,0,2,1,5,2,38,7,-1,-1,-1,-1,9,1,E01007078,0
Unvalidated,2024041458597,2024,041458597,3,9,0,9,3,7,0,8,0,0,0,0,2,1,1,1,36,7,-1,-1,-1,-1,2,1,E01025247,0
Unvalidated,2024041458651,2024,041458651,1,9,0,18,-1,-1,0,0,0,0,0,0,-1,1,6,3,-1,-1,-1,-1,-1,-1,-1,-1,-1,0
Unvalidated,2024041458651,2024,041458651,2,1,0,18,1,1,5,0,0,0,0,0,2,1,5,1,13,3,-1,-1,-1,-1,1,1,E01025236,0
Unvalidated,2024041458655,2024,041458655,1,9,0,18,5,1,0,0,2,0,0,0,1,1,1,2,24,5,-1,-1,-1,-1,2,1,E01025445,0
Unvalidated,2024041458855,2024,041458855,1,9,0,5,5,1,0,0,0,0,0,0,3,1,6,1,82,11,-1,-1,-1,-1,7,1,E01025180,0
Unvalidated,2024041458855,2024,041458855,2,9,0,18,5,1,0,0,0,0,0,0,4,1,6,1,59,9,-1,-1,-1,-1,2,1,E01025185,0
Unvalidated,2024041458870,2024,041458870,1,9,0,18,7,3,0,1,0,0,0,0,1,1,6,2,36,7,-1,-1,-1,-1,4,1,E01033072,0
Unvalidated,2024041458870,2024,041458870,2,1,0,18,5,1,0,1,0,0,0,0,1,1,6,3,-1,-1,-1,-1,-1,-1,-1,-1,-1,0
Unvalidated,2024041458874,2024,041458874,1,98,0,18,1,5,0,8,0,0,0,0,1,1,1,1,23,5,-1,-1,-1,-1,2,1,E01025292,0
Unvalidated,2024041458874,2024,041458874,2,98,0,18,3,7,1,8,0,0,0,0,3,1,1,1,23,5,-1,-1,-1,-1,3,1,E01009597,0
Unvalidated,2024041458877,2024,041458877,1,9,0,18,-1,-1,0,0,0,0,0,0,1,1,6,2,22,5,-1,-1,-1,-1,2,1,E01004813,0
Unvalidated,2024041458877,2024,041458877,2,9,0,18,7,3,0,0,0,0,0,0,2,1,1,1,35,6,-1,-1,-1,-1,3,1,E01025037,0
Unvalidated,2024041458910,2024,041458910,1,9,0,18,5,1,0,0,0,4,0,0,3,1,5,2,37,7,-1,-1,-1,-1,8,1,E01006403,0
Unvalidated,2024041458910,2024,041458910,2,9,0,2,1,1,0,0,0,4,0,0,4,1,6,3,-1,-1,-1,-1,-1,-1,-1,-1,-1,0
Unvalidated,2024041458910,2024,041458910,3,9,0,2,1,1,9,0,0,4,0,0,2,1,6,3,-1,-1,-1,-1,-1,-1,-1,-1,-1,0
Unvalidated,2024041458917,2024,041458917,1,1,0,18,5,1,0,2,0,0,0,0,1,1,6,1,15,3,-1,-1,-1,-1,2,1,E01025075,0
Unvalidated,2024041458917,2024,041458917,2,9,0,18,3,7,0,1,0,0,1,0,4,1,6,1,34,6,-1,-1,-1,-1,4,1,E01025057,0
Unvalidated,2024041458922,2024,041458922,1,11,0,18,5,1,0,0,0,0,0,0,3,1,6,1,33,6,-1,-1,-1,-1,3,1,E01004854,0
Unvalidated,2024041458922,2024,041458922,2,9,0,18,5,1,0,0,0,0,0,0,4,1,5,1,57,9,-1,-1,-1,-1,3,1,E01001972,0
Unvalidated,2024041458927,2024,041458927,1,9,0,18,1,5,0,0,0,0,7,11,1,1,5,1,22,5,-1,-1,-1,-1,4,1,E01024889,0
Unvalidated,2024041458927,2024,041458927,2,98,0,18,6,2,0,0,0,0,0,0,1,1,1,1,39,7,-1,-1,-1,-1,2,1,E01005471,0
Unvalidated,2024041458962,2024,041458962,1,97,0,18,7,3,0,1,5,0,0,0,1,1,5,1,22,5,-1,-1,-1,-1,-1,-1,-1,0
Unvalidated,2024041458962,2024,041458962,2,9,0,18,7,3,0,1,0,0,0,0,2,1,5,1,70,10,-1,-1,-1,-1,4,1,E01025249,0
Unvalidated,2024041458992,2024,041458992,1,9,0,15,7,3,0,0,1,0,7,0,4,1,5,1,34,6,-1,-1,-1,-1,5,1,E01025604,0
Unvalidated,2024041459005,2024,041459005,1,11,0,18,1,5,0,0,0,0,0,0,1,1,1,1,62,9,-1,-1,-1,-1,2,1,E01025091,0
Unvalidated,2024041459024,2024,041459024,1,9,0,18,7,3,0,0,0,0,0,0,1,1,6,2,18,4,-1,-1,-1,-1,10,3,E01024977,0
Unvalidated,2024041459024,2024,041459024,2,1,0,18,5,1,0,0,0,0,0,0,1,1,6,1,60,9,-1,-1,-1,-1,7,1,E01004775,0
Unvalidated,2024041459047,2024,041459047,1,9,0,18,4,8,0,2,0,0,0,0,1,1,6,1,32,6,-1,-1,-1,-1,6,3,E01025458,0
Unvalidated,2024041459047,2024,041459047,2,9,0,18,8,4,0,1,0,0,1,10,3,1,5,2,83,11,-1,-1,-1,-1,10,2,E01025414,0
Unvalidated,2024041459166,2024,041459166,1,9,0,5,5,1,0,8,0,0,7,10,1,1,5,1,39,7,-1,-1,-1,-1,6,1,E01004983,0
Unvalidated,2024041459166,2024,041459166,2,9,0,18,2,6,0,1,0,0,7,0,1,1,2,1,35,6,-1,-1,-1,-1,2,1,E01025060,0
Unvalidated,2024041459214,2024,041459214,1,98,0,1,7,3,0,1,0,0,0,0,2,1,1,1,56,9,-1,-1,-1,-1,4,3,E01012164,0
Unvalidated,2024041459214,2024,041459214,2,98,0,2,0,0,0,1,0,0,0,0,0,1,1,1,36,7,-1,-1,-1,-1,10,1,E01025255,0
Unvalidated,2024041459214,2024,041459214,3,9,0,2,0,0,0,1,0,0,0,0,0,1,6,3,-1,-1,-1,-1,-1,-1,-1,-1,-1,0
Unvalidated,2024041459229,2024,041459229,1,9,0,4,3,7,0,0,0,0,0,0,1,1,5,1,52,8,-1,-1,-1,-1,2,1,E01025245,0
Unvalidated,2024041459229,2024,041459229,2,9,0,4,3,7,0,0,0,0,0,0,2,1,5,1,39,7,-1,-1,-1,-1,10,1,E01025016,0
Unvalidated,2024041459308,2024,041459308,1,17,0,18,-1,-1,0,0,0,0,0,0,3,1,6,3,-1,-1,-1,-1,-1,-1,-1,-1,-1,0
Unvalidated,2024041459308,2024,041459308,2,9,0,4,1,5,0,0,0,0,0,0,3,1,5,2,48,8,-1,-1,-1,-1,7,3,E01017548,0
Unvalidated,2024041459322,2024,041459322,1,9,0,18,5,1,0,1,0,0,0,0,1,1,6,1,80,11,-1,-1,-1,-1,1,1,E01025049,0
Unvalidated,2024041459322,2024,041459322,2,9,0,4,5,1,0,1,0,0,0,0,2,1,6,1,46,8,-1,-1,-1,-1,6,1,E01025330,0
Unvalidated,2024041459450,2024,041459450,1,97,0,18,3,7,0,0,0,0,1,10,1,1,6,1,59,9,-1,-1,-1,-1,7,3,E01025014,0
Unvalidated,2024041459477,2024,041459477,1,9,0,18,5,1,0,0,0,0,0,0,2,1,6,1,21,5,-1,-1,-1,-1,3,1,E01025246,0
Unvalidated,2024041459477,2024,041459477,2,97,0,18,5,1,0,0,1,0,0,0,0,1,5,1,53,8,-1,-1,-1,-1,4,1,E01018709,0
Unvalidated,2024041459495,2024,041459495,1,9,0,18,4,1,9,0,0,0,7,2,1,1,5,1,62,9,-1,-1,-1,-1,1,1,E01012749,0
Unvalidated,2024041459497,2024,041459497,1,9,0,18,7,3,0,0,0,0,0,0,1,1,5,1,77,11,-1,-1,-1,-1,9,1,E01025490,0
Unvalidated,2024041459497,2024,041459497,2,9,0,18,1,5,0,0,5,0,0,0,2,1,5,2,23,5,-1,-1,-1,-1,9,2,E01025512,0
Unvalidated,2024041459533,2024,041459533,1,9,0,18,1,5,0,0,0,4,7,0,1,1,2,2,24,5,-1,-1,-1,-1,2,1,E01005470,0
Unvalidated,2024041459533,2024,041459533,2,9,0,2,0,0,0,0,0,0,7,0,1,1,6,3,-1,-1,-1,-1,-1,-1,-1,-1,-1,0
Unvalidated,2024041459540,2024,041459540,1,9,0,9,7,5,0,0,0,0,0,0,1,1,5,1,28,6,-1,-1,-1,-1,9,1,E01025254,0
Unvalidated,2024041459540,2024,041459540,2,9,0,18,5,1,0,0,5,0,0,0,3,1,5,2,18,4,-1,-1,-1,-1,9,2,E01025451,0
Unvalidated,2024041459572,2024,041459572,1,97,0,4,3,7,0,0,0,4,0,0,1,1,5,1,62,9,-1,-1,-1,-1,10,1,E01025008,0
Unvalidated,2024041459572,2024,041459572,2,98,0,2,0,0,0,0,0,0,0,0,2,1,6,3,-1,-1,-1,-1,-1,-1,-1,-1,-1,0
Unvalidated,2024041459611,2024,041459611,1,9,0,18,1,5,0,0,0,0,0,0,1,1,5,2,37,7,-1,-1,-1,-1,10,1,E01024968,0
Unvalidated,2024041459611,2024,041459611,2,9,0,4,1,5,0,0,0,0,5,6,1,1,5,1,23,5,-1,-1,-1,-1,3,1,E01024986,0
Unvalidated,2024041459611,2024,041459611,3,9,0,18,1,5,0,0,0,0,0,0,2,1,6,2,30,6,-1,-1,-1,-1,3,1,E01032608,0
Unvalidated,2024041459654,2024,041459654,1,17,5,18,3,7,0,0,0,0,0,0,2,1,2,1,72,10,-1,-1,-1,-1,6,3,E01024921,0
Unvalidated,2024041459654,2024,041459654,2,1,0,18,3,7,0,0,0,0,0,0,2,1,6,1,29,6,-1,-1,-1,-1,9,3,E01024979,0
Unvalidated,2024041459715,2024,041459715,1,9,0,5,1,5,0,1,0,0,7,0,3,1,5,2,30,6,-1,-1,-1,-1,9,3,E01024964,0
Unvalidated,2024041459715,2024,041459715,2,9,0,18,7,3,0,1,0,0,0,0,1,1,1,2,47,8,-1,-1,-1,-1,7,1,E01025231,0
Unvalidated,2024041459720,2024,041459720,1,9,0,18,5,1,0,0,0,0,0,0,1,1,6,1,19,4,-1,-1,-1,-1,8,1,E01024984,0
Unvalidated,2024041459720,2024,041459720,2,9,0,18,1,5,0,0,0,0,0,0,4,1,5,1,28,6,-1,-1,-1,-1,7,1,E01024985,0
Unvalidated,2024041459967,2024,041459967,1,9,0,18,-1,-1,0,0,0,0,0,0,2,1,6,3,-1,-1,-1,-1,-1,-1,-1,-1,-1,0
Unvalidated,2024041460007,2024,041460007,1,9,0,18,5,1,0,0,0,0,0,0,1,1,1,1,50,8,-1,-1,-1,-1,5,1,E01004831,0
Unvalidated,2024041460050,2024,041460050,1,22,-1,-1,-1,-1,-1,0,-1,-1,-1,0,-1,1,6,2,70,10,-1,-1,-1,-1,5,1,E01025304,0
Unvalidated,2024041460050,2024,041460050,2,9,0,18,3,7,0,0,0,0,0,0,1,1,6,3,-1,-1,-1,-1,-1,-1,-1,-1,-1,0
Unvalidated,2024041460080,2024,041460080,1,9,0,18,5,1,0,0,0,0,0,0,1,1,5,2,64,9,-1,-1,-1,-1,7,1,E01025557,0
Unvalidated,2024041460080,2024,041460080,2,90,0,18,5,1,0,0,0,0,0,0,2,1,1,1,40,7,-1,-1,-1,-1,3,1,E01018487,0
Unvalidated,2024041460106,2024,041460106,1,9,0,9,8,4,0,1,1,0,0,0,1,1,5,1,18,4,-1,-1,-1,-1,6,3,E01025357,0
Unvalidated,2024041460106,2024,041460106,2,9,0,16,4,8,0,1,0,0,0,0,1,1,5,1,73,10,-1,-1,-1,-1,7,1,E01025384,0
Unvalidated,2024041460217,2024,041460217,1,9,0,13,8,2,0,1,0,0,1,0,1,1,5,1,52,8,-1,-1,-1,-1,1,1,E01025382,0
Unvalidated,2024041460217,2024,041460217,2,9,0,10,8,2,0,5,0,0,0,0,1,2,5,1,43,7,-1,-1,-1,-1,3,1,E01024904,0
Unvalidated,2024041460576,2024,041460576,1,1,0,18,2,8,1,0,0,0,0,0,1,1,5,1,57,9,-1,-1,-1,-1,1,1,E01005667,0
Unvalidated,2024041460576,2024,041460576,2,9,0,9,8,4,0,0,0,0,0,0,4,1,5,2,27,6,-1,-1,-1,-1,8,1,E01024862,0
Unvalidated,2024041460619,2024,041460619,1,9,0,18,5,1,0,0,1,0,7,0,1,1,5,1,18,4,-1,-1,-1,-1,8,3,E01025272,0
Unvalidated,2024041460619,2024,041460619,2,9,0,18,1,5,0,0,5,0,0,0,3,1,5,1,50,8,-1,-1,-1,-1,7,3,E01029805,0
Unvalidated,2024041460709,2024,041460709,1,9,0,18,1,5,0,0,0,0,0,0,1,1,6,3,-1,-1,-1,-1,-1,-1,-1,-1,-1,0
Unvalidated,2024041460975,2024,041460975,1,9,0,18,-1,-1,0,0,0,0,0,0,-1,1,6,3,-1,-1,-1,-1,-1,-1,-1,-1,-1,0
Unvalidated,2024041460984,2024,041460984,1,9,0,12,5,1,0,0,0,0,0,0,2,1,5,1,64,9,-1,-1,-1,-1,6,1,E01028700,0
Unvalidated,2024041460984,2024,041460984,2,9,0,18,5,1,0,0,0,0,0,0,1,1,1,1,43,7,-1,-1,-1,-1,-1,-1,-1,0
Unvalidated,2024041460984,2024,041460984,3,98,0,12,5,1,0,0,0,0,0,0,0,1,6,1,23,5,-1,-1,-1,-1,1,1,E01025250,0
Unvalidated,2024041461058,2024,041461058,1,9,0,18,5,7,0,2,0,0,0,0,1,1,5,1,35,6,-1,-1,-1,-1,-1,-1,-1,0
Unvalidated,2024041461058,2024,041461058,2,9,0,18,7,3,0,1,0,0,0,0,1,1,5,2,55,8,-1,-1,-1,-1,7,1,E01012614,0
Unvalidated,2024041461082,2024,041461082,1,9,0,1,-1,-1,0,1,0,0,0,0,-1,1,6,1,25,5,-1,-1,-1,-1,1,1,E01012698,0
Unvalidated,2024041461089,2024,041461089,1,9,0,9,5,1,0,0,0,0,0,0,3,1,5,2,19,4,-1,-1,-1,-1,4,1,E01025024,0
Unvalidated,2024041461089,2024,041461089,2,9,0,18,3,7,0,0,0,0,0,0,1,1,5,1,29,6,-1,-1,-1,-1,1,1,E01012698,0
Unvalidated,2024041461148,2024,041461148,1,9,0,18,-1,-1,0,1,0,0,0,0,-1,1,6,3,-1,-1,-1,-1,-1,-1,-1,-1,-1,0
Unvalidated,2024041461148,2024,041461148,2,9,0,2,1,5,0,1,0,0,0,0,3,1,5,2,36,7,-1,-1,-1,-1,-1,-1,-1,0
Unvalidated,2024041461300,2024,041461300,1,9,0,18,1,5,0,0,0,4,0,0,4,1,5,1,70,10,-1,-1,-1,-1,9,2,E01025158,0
Unvalidated,2024041461300,2024,041461300,2,9,0,2,1,5,0,0,0,0,1,0,3,1,6,3,-1,-1,-1,-1,-1,-1,-1,-1,-1,0
Unvalidated,2024041461366,2024,041461366,1,9,0,18,3,7,0,1,0,0,0,0,4,1,5,1,79,11,-1,-1,-1,-1,1,1,E01025139,0
Unvalidated,2024041461448,2024,041461448,1,98,5,18,3,7,0,0,0,0,0,0,0,1,1,1,75,10,-1,-1,-1,-1,6,3,E01025496,0
Unvalidated,2024041461448,2024,041461448,2,9,0,18,3,7,0,0,1,11,0,0,2,1,5,1,55,8,-1,-1,-1,-1,5,1,E01025541,0
Unvalidated,2024041461448,2024,041461448,3,9,0,18,3,7,0,0,1,11,0,0,1,1,5,1,53,8,-1,-1,-1,-1,1,1,E01012720,0
Unvalidated,2024041461451,2024,041461451,1,9,0,18,7,3,0,0,0,0,0,0,1,1,5,2,52,8,-1,-1,-1,-1,4,1,E01024927,0
Unvalidated,2024041461537,2024,041461537,1,9,0,14,3,7,0,0,0,0,0,0,4,1,6,1,48,8,-1,-1,-1,-1,9,2,E01025340,0
Unvalidated,2024041461537,2024,041461537,2,9,0,7,3,7,0,0,0,0,0,0,3,1,5,1,24,5,-1,-1,-1,-1,4,1,E01005630,0
Unvalidated,2024041461605,2024,041461605,1,9,0,7,3,7,0,3,0,0,1,0,1,1,5,1,43,7,-1,-1,-1,-1,-1,-1,-1,0
Unvalidated,2024041461612,2024,041461612,1,9,0,18,2,6,0,0,1,0,0,0,1,1,5,1,16,4,-1,-1,-1,-1,4,1,E01012604,0
Unvalidated,2024041461612,2024,041461612,2,9,0,18,6,2,0,0,1,0,1,0,1,1,5,2,26,6,-1,-1,-1,-1,1,1,E01025171,0
Unvalidated,2024041461612,2024,041461612,3,9,0,2,0,0,0,0,0,0,0,0,3,1,6,3,-1,-1,-1,-1,-1,-1,-1,-1,-1,0
Unvalidated,2024041461668,2024,041461668,1,9,0,7,1,1,0,1,0,4,0,0,1,1,5,1,17,4,-1,-1,-1,-1,1,1,E01025181,0
Unvalidated,2024041461668,2024,041461668,2,9,0,18,1,1,0,1,0,4,0,0,4,1,3,2,56,9,-1,-1,-1,-1,5,1,E01025212,0
Unvalidated,2024041461668,2024,041461668,3,9,0,2,1,1,0,1,0,0,0,0,1,1,6,3,-1,-1,-1,-1,-1,-1,-1,-1,-1,0
Unvalidated,2024041461692,2024,041461692,1,9,0,9,5,7,0,0,0,0,0,0,4,1,5,1,86,11,-1,-1,-1,-1,3,1,E01025442,0
Unvalidated,2024041461692,2024,041461692,2,9,0,18,5,1,0,0,0,0,0,0,4,1,5,1,26,6,-1,-1,-1,-1,5,1,E01025428,0
Unvalidated,2024041461694,2024,041461694,1,90,0,18,5,1,0,0,0,0,0,0,3,1,6,1,-1,-1,-1,-1,-1,-1,-1,-1,-1,0
Unvalidated,2024041461694,2024,041461694,2,9,0,18,5,1,0,0,0,0,0,0,4,1,5,1,62,9,-1,-1,-1,-1,6,1,E01025568,0
Unvalidated,2024041461748,2024,041461748,1,9,0,18,7,3,0,1,1,0,1,0,1,1,5,1,34,6,-1,-1,-1,-1,4,1,E01024927,0
Unvalidated,2024041461748,2024,041461748,2,9,0,9,3,7,0,8,0,0,0,0,1,1,6,1,56,9,-1,-1,-1,-1,6,1,E01025433,0
Unvalidated,2024041461748,2024,041461748,3,9,0,8,5,1,0,1,5,0,0,0,3,1,5,2,43,7,-1,-1,-1,-1,4,1,E01025452,0
Unvalidated,2024041461748,2024,041461748,4,98,0,2,5,5,0,2,0,0,0,0,2,1,6,3,-1,-1,-1,-1,-1,-1,-1,-1,-1,0
Unvalidated,2024041461773,2024,041461773,1,9,0,18,1,1,0,0,0,0,0,0,4,1,5,1,54,8,-1,-1,-1,-1,1,1,E01004942,0
Unvalidated,2024041461789,2024,041461789,1,97,0,15,8,4,0,1,0,0,0,0,1,1,6,1,26,6,-1,-1,-1,-1,1,1,E01024885,0
Unvalidated,2024041461789,2024,041461789,2,97,0,9,6,2,0,2,0,0,7,0,1,1,6,1,85,11,-1,-1,-1,-1,2,1,E01024890,0
Unvalidated,2024041461828,2024,041461828,1,9,0,13,1,5,0,0,0,0,0,0,0,1,6,3,-1,-1,-1,-1,-1,-1,-1,-1,-1,0
Unvalidated,2024041461828,2024,041461828,2,98,0,4,1,5,0,0,0,0,1,5,4,1,1,1,64,9,-1,-1,-1,-1,10,1,E01024968,0
Unvalidated,2024041461918,2024,041461918,1,9,0,18,1,5,0,2,0,0,3,0,1,1,5,1,35,6,-1,-1,-1,-1,2,1,E01005238,0