status,collision_index,collision_year,collision_reference,vehicle_reference,vehicle_type,towing_and_articulation,vehicle_manoeuvre,vehicle_direction_from,vehicle_direction_to,vehicle_location_restricted_lane,junction_location,skidding_and_overturning,hit_object_in_carriageway,vehicle_leaving_carriageway,hit_object_off_carriageway,first_point_of_impact,vehicle_left_hand_drive,journey_purpose_of_driver,sex_of_driver,age_of_driver,age_band_of_driver,engine_capacity_cc,propulsion_code,age_of_vehicle,generic_make_model,driver_imd_decile,driver_home_area_type,lsoa_of_driver,escooter_flag
Unvalidated,2024041461918,2024,041461918,2,9,0,18,3,7,0,1,0,0,0,0,3,1,5,2,30,6,-1,-1,-1,-1,1,1,E01025083,0
Unvalidated,2024041462003,2024,041462003,1,9,0,17,3,7,0,0,0,0,0,0,1,1,5,1,18,4,-1,-1,-1,-1,2,1,E01012685,0
Unvalidated,2024041462003,2024,041462003,2,9,0,16,7,3,0,0,0,0,7,0,1,1,5,2,21,5,-1,-1,-1,-1,7,3,E01025014,0
Unvalidated,2024041462135,2024,041462135,1,9,0,10,1,5,0,0,0,0,7,0,4,1,2,2,30,6,-1,-1,-1,-1,9,3,E01025281,0
Unvalidated,2024041462135,2024,041462135,2,1,0,18,5,1,4,0,0,0,0,0,1,1,6,1,34,6,-1,-1,-1,-1,10,1,E01025278,0
Unvalidated,2024041462144,2024,041462144,1,9,0,18,-1,-1,0,1,0,0,0,0,1,1,6,3,-1,-1,-1,-1,-1,-1,-1,-1,-1,0
Unvalidated,2024041462144,2024,041462144,2,1,0,18,5,1,0,1,0,0,0,0,1,1,6,1,14,3,-1,-1,-1,-1,4,1,E01025525,0
Unvalidated,2024041462335,2024,041462335,1,97,0,9,3,5,0,3,1,0,0,0,3,1,2,2,16,4,-1,-1,-1,-1,3,2,E01024959,0
Unvalidated,2024041462397,2024,041462397,1,9,0,18,5,1,0,0,0,0,0,0,1,1,2,1,52,8,-1,-1,-1,-1,1,1,E01024942,0
Unvalidated,2024041462397,2024,041462397,2,1,0,17,5,2,0,0,0,0,0,0,2,1,6,1,56,9,-1,-1,-1,-1,6,1,E01025401,0
Unvalidated,2024041462401,2024,041462401,1,9,0,1,-1,-1,9,0,0,0,0,0,2,1,1,1,40,7,-1,-1,-1,-1,5,1,E01025526,0
Unvalidated,2024041462419,2024,041462419,1,1,0,18,1,5,0,0,5,0,1,9,1,1,6,1,59,9,-1,-1,-1,-1,10,1,E01003891,0
Unvalidated,2024041462438,2024,041462438,1,9,0,9,3,1,0,8,0,0,0,0,1,1,5,1,22,5,-1,-1,-1,-1,2,1,E01025313,0
Unvalidated,2024041462438,2024,041462438,2,98,0,9,7,3,0,8,0,0,0,0,3,1,1,1,62,9,-1,-1,-1,-1,5,1,E01025271,0
Unvalidated,2024041462543,2024,041462543,1,9,0,18,-1,-1,0,0,0,0,0,0,1,1,6,2,23,5,-1,-1,-1,-1,6,1,E01025608,0
Unvalidated,2024041462603,2024,041462603,1,9,0,18,7,3,0,0,0,0,0,0,1,1,5,1,44,7,-1,-1,-1,-1,1,1,E01025189,0
Unvalidated,2024041462647,2024,041462647,1,9,0,18,4,8,0,0,1,0,1,1,1,1,1,1,35,6,-1,-1,-1,-1,-1,-1,-1,0
Unvalidated,2024041463110,2024,041463110,1,9,0,7,8,4,0,4,0,0,0,0,1,1,2,2,55,8,-1,-1,-1,-1,3,1,E01024943,0
Unvalidated,2024041463110,2024,041463110,2,1,0,18,6,2,0,3,0,0,0,0,1,1,5,1,41,7,-1,-1,-1,-1,3,1,E01024943,0
Unvalidated,2024041463161,2024,041463161,1,98,0,1,5,1,0,0,0,0,0,0,2,1,5,2,23,5,-1,-1,-1,-1,9,1,E01025064,0
Unvalidated,2024041463161,2024,041463161,2,97,0,18,5,1,0,0,0,0,0,0,1,1,5,1,24,5,-1,-1,-1,-1,9,1,E01024956,0
Unvalidated,2024041463186,2024,041463186,1,9,0,18,5,1,0,0,0,0,0,0,1,1,5,1,73,10,-1,-1,-1,-1,10,3,E01025510,0
Unvalidated,2024041463186,2024,041463186,2,9,0,18,5,1,0,0,0,0,0,0,1,1,5,2,46,8,-1,-1,-1,-1,7,1,W01000266,0
Unvalidated,2024041463186,2024,041463186,3,9,0,18,5,1,0,0,0,0,0,0,2,1,6,1,20,4,-1,-1,-1,-1,1,1,E01024875,0
Unvalidated,2024041463186,2024,041463186,4,9,0,18,5,1,0,0,0,0,0,0,2,1,2,1,42,7,-1,-1,-1,-1,1,1,E01025120,0
Unvalidated,2024041463290,2024,041463290,1,9,0,18,1,5,0,0,0,0,5,0,2,1,5,2,66,10,-1,-1,-1,-1,6,1,E01004981,0
Unvalidated,2024041463290,2024,041463290,2,9,0,18,1,5,0,0,0,11,0,0,1,1,5,2,25,5,-1,-1,-1,-1,3,1,E01025076,0
Unvalidated,2024041463302,2024,041463302,1,9,0,18,7,3,0,0,0,0,0,0,1,1,5,2,18,4,-1,-1,-1,-1,10,3,E01025350,0
Unvalidated,2024041463673,2024,041463673,1,9,0,18,5,1,0,0,1,0,7,0,4,1,6,1,17,4,-1,-1,-1,-1,9,2,E01025343,0
Unvalidated,2024041464046,2024,041464046,1,98,0,16,6,2,0,0,0,0,0,0,1,1,2,1,47,8,-1,-1,-1,-1,1,1,E01012736,0
Unvalidated,2024041464046,2024,041464046,2,1,0,18,5,1,0,0,0,0,0,0,3,1,6,1,16,4,-1,-1,-1,-1,1,1,E01012704,0
Unvalidated,2024041464115,2024,041464115,1,9,0,18,7,3,0,0,2,0,1,4,1,1,5,2,32,6,-1,-1,-1,-1,3,1,E01006282,0
Unvalidated,2024041464718,2024,041464718,1,1,0,18,-1,-1,0,0,0,0,0,0,-1,1,6,3,-1,-1,-1,-1,-1,-1,-1,-1,-1,0
Unvalidated,2024041466034,2024,041466034,1,9,0,18,3,1,0,1,0,0,0,0,1,1,5,2,31,6,-1,-1,-1,-1,1,1,E01025120,0
Unvalidated,2024041466034,2024,041466034,2,1,0,18,1,5,0,1,0,0,0,0,2,1,5,1,35,6,-1,-1,-1,-1,5,1,E01012723,0
Unvalidated,2024041466603,2024,041466603,1,9,0,18,3,7,0,1,0,0,0,0,1,1,6,2,62,9,-1,-1,-1,-1,4,1,E01012699,0
Unvalidated,2024041466603,2024,041466603,2,9,0,8,3,7,0,1,0,0,0,0,2,1,6,2,54,8,-1,-1,-1,-1,5,1,E01012729,0
Unvalidated,2024041466637,2024,041466637,1,9,0,9,5,1,0,6,0,0,0,0,1,1,6,1,42,7,-1,-1,-1,-1,7,1,E01025417,0
Unvalidated,2024041468105,2024,041468105,1,1,0,18,3,7,9,1,0,0,0,0,1,1,6,1,15,3,-1,-1,-1,-1,8,1,E01024920,0
Unvalidated,2024041468105,2024,041468105,2,9,0,18,5,1,9,8,0,0,0,0,3,1,5,2,67,10,-1,-1,-1,-1,8,1,E01024920,0
Unvalidated,2024041468126,2024,041468126,1,9,0,7,1,3,9,0,0,0,0,0,1,1,6,2,26,6,-1,-1,-1,-1,6,3,E01025507,0
Unvalidated,2024041468126,2024,041468126,2,1,0,18,7,3,0,0,0,0,0,0,1,1,2,1,52,8,-1,-1,-1,-1,2,1,E01025313,0
Unvalidated,2024041468160,2024,041468160,1,1,0,13,3,7,0,1,0,0,0,0,1,1,6,1,39,7,-1,-1,-1,-1,1,1,E01012681,0
Unvalidated,2024041468160,2024,041468160,2,9,0,10,3,7,0,1,0,0,0,0,3,1,6,1,43,7,-1,-1,-1,-1,1,1,E01012670,0
Unvalidated,2024041469831,2024,041469831,1,98,0,7,5,1,0,0,0,0,0,0,1,1,5,1,53,8,-1,-1,-1,-1,2,1,E01025238,0
Unvalidated,2024041469831,2024,041469831,2,1,0,18,3,7,0,0,0,0,0,0,4,1,5,1,51,8,-1,-1,-1,-1,4,1,E01025276,0
Unvalidated,2024041469947,2024,041469947,1,9,0,18,5,1,0,0,0,0,0,0,1,1,5,1,24,5,-1,-1,-1,-1,2,1,E01012580,0
Unvalidated,2024041469947,2024,041469947,2,9,0,18,5,1,0,0,0,0,0,0,2,1,5,2,29,6,-1,-1,-1,-1,7,1,E01025347,0
Unvalidated,2024041469987,2024,041469987,1,9,0,18,5,5,0,1,0,0,0,0,4,1,1,1,57,9,-1,-1,-1,-1,7,1,E01012727,0
Unvalidated,2024041469987,2024,041469987,2,9,0,18,1,5,0,8,0,0,0,0,3,1,1,1,46,8,-1,-1,-1,-1,1,1,E01012738,0
Unvalidated,2024041469987,2024,041469987,3,9,0,3,1,5,0,8,0,0,0,0,4,1,6,1,43,7,-1,-1,-1,-1,3,1,E01012741,0
Unvalidated,2024041469987,2024,041469987,4,9,0,18,3,7,0,8,0,0,0,0,0,1,1,2,34,6,-1,-1,-1,-1,9,1,E01025545,0
Unvalidated,2024041470706,2024,041470706,1,9,0,18,2,6,0,2,0,0,0,0,1,1,1,1,41,7,-1,-1,-1,-1,1,1,E01012571,0
Unvalidated,2024041470706,2024,041470706,2,9,0,18,4,8,0,2,0,0,0,0,3,1,1,1,39,7,-1,-1,-1,-1,3,1,E01012606,0
Unvalidated,2024041470982,2024,041470982,1,9,0,9,1,3,8,0,0,0,0,0,3,1,1,1,53,8,-1,-1,-1,-1,4,1,E01007046,0
Unvalidated,2024041470982,2024,041470982,2,1,0,9,3,3,0,0,0,0,0,0,4,1,2,1,52,8,-1,-1,-1,-1,4,1,E01006454,0
Unvalidated,2024041482880,2024,041482880,1,9,0,11,3,7,0,0,0,0,0,0,1,1,6,1,33,6,-1,-1,-1,-1,7,1,E01025078,0
Unvalidated,2024041482880,2024,041482880,2,1,0,18,3,7,0,0,0,0,0,0,1,1,6,1,30,6,-1,-1,-1,-1,3,1,E01012644,0
Unvalidated,2024041490848,2024,041490848,1,9,0,5,1,7,0,0,0,9,0,0,1,1,6,1,67,10,-1,-1,-1,-1,9,1,E01025534,0
Unvalidated,2024041490872,2024,041490872,1,9,0,18,1,5,0,0,0,0,0,0,1,1,6,1,17,4,-1,-1,-1,-1,8,1,E01025241,0
Unvalidated,2024041490872,2024,041490872,2,9,0,18,1,5,0,0,0,0,0,0,2,1,6,2,39,7,-1,-1,-1,-1,4,1,E01005469,0
Unvalidated,2024052400026,2024,052400026,1,9,0,9,5,3,0,8,0,0,0,0,1,1,6,2,47,8,-1,-1,-1,-1,2,1,E01007214,0
Unvalidated,2024052400027,2024,052400027,1,8,0,5,6,2,0,1,0,0,0,0,4,1,6,3,-1,-1,-1,-1,-1,-1,-1,-1,-1,0
Unvalidated,2024052400032,2024,052400032,1,1,0,18,1,5,0,0,0,0,0,0,1,1,6,3,-1,-1,-1,-1,-1,-1,-1,-1,-1,0
Unvalidated,2024052400032,2024,052400032,2,1,0,18,5,1,0,0,0,0,0,0,1,1,6,1,30,6,-1,-1,-1,-1,3,1,E01006521,0
Unvalidated,2024052400033,2024,052400033,1,97,0,18,3,7,0,5,0,0,7,10,1,1,6,1,25,5,-1,-1,-1,-1,1,1,E01006659,0
Unvalidated,2024052400034,2024,052400034,1,9,0,9,2,1,0,6,0,0,0,0,1,1,2,1,19,4,-1,-1,-1,-1,8,1,E01007110,0
Unvalidated,2024052400039,2024,052400039,1,9,0,16,5,1,0,0,2,10,6,7,1,1,6,1,29,6,-1,-1,-1,-1,1,1,E01006662,0
Unvalidated,2024052400042,2024,052400042,1,9,0,5,5,1,0,0,0,0,0,0,1,1,6,2,-1,-1,-1,-1,-1,-1,-1,-1,-1,0
Unvalidated,2024052400042,2024,052400042,2,9,0,18,3,7,0,0,0,0,0,0,4,1,6,1,68,10,-1,-1,-1,-1,4,1,E01006620,0
Unvalidated,2024052400047,2024,052400047,1,9,0,18,7,3,0,0,5,0,1,7,4,1,1,1,-1,-1,-1,-1,-1,-1,-1,-1,-1,0
Unvalidated,2024052400049,2024,052400049,1,9,0,4,7,3,0,0,0,0,0,0,2,1,6,1,25,5,-1,-1,-1,-1,2,1,E01012409,0
Unvalidated,2024052400049,2024,052400049,2,9,0,18,7,3,0,0,0,0,0,0,1,1,6,1,29,6,-1,-1,-1,-1,1,1,E01006548,0
Unvalidated,2024052400049,2024,052400049,3,9,0,4,7,3,0,0,0,0,0,0,2,1,6,1,29,6,-1,-1,-1,-1,2,1,E01006751,0
Unvalidated,2024052400049,2024,052400049,4,9,0,18,3,7,0,0,0,0,0,0,1,1,6,3,-1,-1,-1,-1,-1,-1,-1,-1,-1,0
Unvalidated,2024052400049,2024,052400049,5,9,0,18,3,7,0,0,0,0,0,0,3,1,6,2,37,7,-1,-1,-1,-1,9,1,E01012568,0
Unvalidated,2024052400049,2024,052400049,6,9,0,18,3,7,0,0,0,0,0,0,2,1,6,1,21,5,-1,-1,-1,-1,1,1,E01006767,0
Unvalidated,2024052400050,2024,052400050,1,9,0,18,1,5,0,1,0,0,0,0,3,1,2,2,34,6,-1,-1,-1,-1,9,1,E01006974,0
Unvalidated,2024052400050,2024,052400050,2,1,0,18,7,3,0,8,0,0,0,0,1,1,6,1,54,8,-1,-1,-1,-1,-1,1,-1,0
Unvalidated,2024052400054,2024,052400054,1,9,0,5,7,3,0,4,0,0,0,0,3,1,6,2,-1,-1,-1,-1,-1,-1,-1,-1,-1,0
Unvalidated,2024052400054,2024,052400054,2,9,0,18,5,1,0,3,0,0,0,0,1,1,6,2,21,5,-1,-1,-1,-1,4,1,E01007000,0
Unvalidated,2024052400057,2024,052400057,1,8,0,18,7,3,0,4,0,0,0,0,1,1,6,1,22,5,-1,-1,-1,-1,3,1,E01007217,0
Unvalidated,2024052400058,2024,052400058,1,9,0,18,7,3,0,0,0,0,0,0,1,1,1,1,25,5,-1,-1,-1,-1,4,1,E01007174,0
Unvalidated,2024052400058,2024,052400058,2,19,0,3,7,3,0,0,0,0,0,0,2,1,2,1,50,8,-1,-1,-1,-1,2,1,E01007214,0
Unvalidated,2024052400060,2024,052400060,1,9,0,16,5,1,0,0,2,0,5,11,1,1,6,1,29,6,-1,-1,-1,-1,1,1,E01006662,0
Unvalidated,2024052400060,2024,052400060,2,9,0,18,5,1,0,0,0,0,0,0,1,1,1,1,-1,-1,-1,-1,-1,-1,3,1,E01006743,0
Unvalidated,2024052400060,2024,052400060,3,9,0,18,5,1,0,0,0,0,0,0,4,1,1,1,35,6,-1,-1,-1,-1,-1,-1,-1,0
Unvalidated,2024052400062,2024,052400062,1,9,0,18,3,7,0,1,0,0,0,0,1,1,6,3,-1,-1,-1,-1,-1,-1,-1,-1,-1,0
Unvalidated,2024052400062,2024,052400062,2,1,0,18,3,7,0,1,0,0,0,0,2,1,6,2,56,9,-1,-1,-1,-1,1,1,E01033759,0
Unvalidated,2024052400064,2024,052400064,1,1,0,18,7,3,0,0,0,0,0,0,1,1,6,1,-1,-1,-1,-1,-1,-1,-1,-1,-1,0
Unvalidated,2024052400065,2024,052400065,1,9,0,1,7,3,0,0,0,0,0,0,2,1,6,3,-1,-1,-1,-1,-1,-1,-1,-1,-1,0
Unvalidated,2024052400067,2024,052400067,1,23,0,18,5,1,0,1,1,4,0,0,4,1,6,1,21,5,-1,-1,-1,-1,1,1,E01006478,0
Unvalidated,2024052400067,2024,052400067,2,9,0,2,0,0,0,1,0,0,0,0,3,1,6,3,-1,-1,-1,-1,-1,-1,-1,-1,-1,0
Unvalidated,2024052400069,2024,052400069,1,19,0,16,1,5,0,0,0,0,0,0,3,1,6,1,77,11,-1,-1,-1,-1,1,1,E01006720,0
Unvalidated,2024052400070,2024,052400070,1,9,0,18,1,5,0,8,1,0,1,0,3,1,6,1,32,6,-1,-1,-1,-1,7,3,E01007144,0
Unvalidated,2024052400070,2024,052400070,2,9,0,18,5,1,0,1,1,0,1,11,3,1,6,2,26,6,-1,-1,-1,-1,1,1,E01007155,0
Unvalidated,2024052400071,2024,052400071,1,9,0,18,7,3,0,8,0,0,0,0,1,1,2,1,22,5,-1,-1,-1,-1,-1,-1,-1,0
Unvalidated,2024052400072,2024,052400072,1,9,0,5,4,8,0,0,0,0,0,0,4,1,6,1,-1,-1,-1,-1,-1,-1,-1,-1,-1,0
Unvalidated,2024052400072,2024,052400072,2,3,0,18,4,8,0,0,0,0,0,0,3,1,6,1,45,7,-1,-1,-1,-1,2,1,E01006727,0
Unvalidated,2024052400073,2024,052400073,1,19,0,18,1,5,0,0,0,0,0,0,1,1,2,1,34,6,-1,-1,-1,-1,2,1,E01012412,0
Unvalidated,2024052400073,2024,052400073,2,9,0,3,1,5,0,0,0,0,0,0,2,1,2,2,24,5,-1,-1,-1,-1,2,2,E01018685,0
Unvalidated,2024052400073,2024,052400073,3,19,0,3,1,5,0,0,0,0,0,0,2,1,1,1,63,9,-1,-1,-1,-1,1,1,E01006863,0
Unvalidated,2024052400073,2024,052400073,4,9,0,3,1,5,0,0,0,0,0,0,2,1,6,1,53,8,-1,-1,-1,-1,4,1,E01006793,0
Unvalidated,2024052400077,2024,052400077,1,9,0,9,4,2,0,8,0,0,0,0,4,1,6,1,72,10,-1,-1,-1,-1,3,1,E01006799,0
Unvalidated,2024052400077,2024,052400077,2,9,0,18,8,4,0,8,0,0,0,0,1,1,6,2,53,8,-1,-1,-1,-1,4,1,E01006837,0
Unvalidated,2024052400078,2024,052400078,1,9,0,9,3,1,0,5,0,0,0,0,4,1,6,1,20,4,-1,-1,-1,-1,4,1,E01006513,0
Unvalidated,2024052400079,2024,052400079,1,9,0,5,3,7,0,1,0,0,0,0,1,1,6,3,-1,-1,-1,-1,-1,-1,-1,-1,-1,0
Unvalidated,2024052400079,2024,052400079,2,9,0,18,1,5,0,1,0,0,0,0,4,1,6,2,62,9,-1,-1,-1,-1,5,1,E01006997,0
Unvalidated,2024052400080,2024,052400080,1,21,0,18,5,1,0,1,0,0,0,0,1,1,1,1,-1,-1,-1,-1,-1,-1,-1,-1,-1,0
Unvalidated,2024052400080,2024,052400080,2,9,0,4,5,1,0,1,0,0,0,0,2,1,6,1,62,9,-1,-1,-1,-1,3,1,E01007276,0
Unvalidated,2024052400081,2024,052400081,1,19,0,18,7,3,0,0,0,0,0,0,4,1,1,3,-1,-1,-1,-1,-1,-1,-1,-1,-1,0
Unvalidated,2024052400082,2024,052400082,1,90,0,18,5,1,0,0,0,0,0,0,1,1,6,3,-1,-1,-1,-1,-1,-1,-1,-1,-1,0
Unvalidated,2024052400085,2024,052400085,1,3,0,16,2,6,0,0,1,0,0,0,0,1,6,1,17,4,-1,-1,-1,-1,2,1,E01006868,0
Unvalidated,2024052400086,2024,052400086,1,9,0,18,5,1,0,1,0,0,0,0,4,1,6,1,29,6,-1,-1,-1,-1,2,1,E01007210,0
Unvalidated,2024052400086,2024,052400086,2,9,0,18,7,3,0,1,0,0,0,0,1,1,6,1,22,5,-1,-1,-1,-1,4,1,E01006513,0
Unvalidated,2024052400087,2024,052400087,1,9,0,9,3,7,0,5,0,0,0,0,1,1,6,2,29,6,-1,-1,-1,-1,1,1,E01006493,0
Unvalidated,2024052400089,2024,052400089,1,19,0,18,8,4,0,0,0,0,1,1,1,1,2,1,64,9,-1,-1,-1,-1,2,1,E01006441,0
Unvalidated,2024052400089,2024,052400089,2,9,0,3,8,4,0,0,0,0,0,0,2,1,6,2,44,7,-1,-1,-1,-1,5,1,E01006670,0
Unvalidated,2024052400091,2024,052400091,1,9,0,18,7,3,0,6,0,0,0,0,1,1,1,1,45,7,-1,-1,-1,-1,1,1,E01006740,0
Unvalidated,2024052400091,2024,052400091,2,9,0,18,5,1,0,8,0,0,0,0,1,1,6,1,61,9,-1,-1,-1,-1,1,1,E01006738,0
Unvalidated,2024052400096,2024,052400096,1,9,0,9,4,1,0,1,0,0,0,0,1,1,6,2,61,9,-1,-1,-1,-1,9,1,E01006582,0
Unvalidated,2024052400096,2024,052400096,2,3,0,18,8,4,0,1,0,0,0,0,1,1,6,1,19,4,-1,-1,-1,-1,-1,-1,-1,0
Unvalidated,2024052400097,2024,052400097,1,9,0,18,5,1,0,1,0,0,0,0,1,1,6,3,-1,-1,-1,-1,-1,-1,-1,-1,-1,0
Unvalidated,2024052400097,2024,052400097,2,1,0,18,5,1,0,1,0,0,0,0,2,1,6,1,15,3,-1,-1,-1,-1,1,1,E01006762,0
Unvalidated,2024052400098,2024,052400098,1,9,0,18,7,3,0,0,0,0,0,0,1,1,2,2,52,8,-1,-1,-1,-1,8,1,E01007193,0
Unvalidated,2024052400098,2024,052400098,2,9,0,18,7,4,0,0,0,0,0,0,2,1,1,2,-1,-1,-1,-1,-1,-1,4,1,E01006681,0
Unvalidated,2024052400100,2024,052400100,1,19,0,5,1,7,0,1,0,0,0,0,1,1,2,1,62,9,-1,-1,-1,-1,5,1,E01007312,0
Unvalidated,2024052400100,2024,052400100,2,1,0,18,7,3,0,1,0,0,0,0,1,1,1,1,44,7,-1,-1,-1,-1,4,1,E01007229,0
Unvalidated,2024052400103,2024,052400103,1,9,0,18,2,6,0,0,0,0,0,0,3,1,6,3,-1,-1,-1,-1,-1,-1,-1,-1,-1,0
Unvalidated,2024052400104,2024,052400104,1,19,0,18,7,3,0,1,0,0,0,0,1,1,1,1,55,8,-1,-1,-1,-1,3,1,E01025469,0
Unvalidated,2024052400107,2024,052400107,1,9,0,18,5,1,0,6,0,0,0,0,1,1,6,1,55,8,-1,-1,-1,-1,3,1,E01005282,0
Unvalidated,2024052400109,2024,052400109,1,9,0,9,5,3,0,8,0,0,0,0,1,1,6,1,52,8,-1,-1,-1,-1,10,1,E01007172,0
Unvalidated,2024052400109,2024,052400109,2,5,0,18,1,5,0,1,0,0,0,0,1,1,6,1,36,7,-1,-1,-1,-1,1,1,E01007291,0
Unvalidated,2024052400112,2024,052400112,1,1,0,7,5,1,0,8,1,0,0,0,1,1,6,1,45,7,-1,-1,-1,-1,3,1,E01025469,0
Unvalidated,2024052400112,2024,052400112,2,9,0,9,7,3,0,6,0,0,0,0,3,1,6,3,-1,-1,-1,-1,-1,-1,-1,-1,-1,0
Unvalidated,2024052400115,2024,052400115,1,9,0,18,7,3,0,0,0,0,0,0,1,1,6,2,78,11,-1,-1,-1,-1,8,1,E01007241,0
Unvalidated,2024052400117,2024,052400117,1,9,0,18,1,7,0,6,0,0,0,0,1,1,6,3,-1,-1,-1,-1,-1,-1,-1,-1,-1,0
Unvalidated,2024052400117,2024,052400117,2,9,0,18,3,7,0,1,1,0,0,0,4,1,6,2,54,8,-1,-1,-1,-1,3,1,E01007137,0
Unvalidated,2024052400117,2024,052400117,3,19,4,18,7,3,0,1,0,0,0,0,1,1,1,1,50,8,-1,-1,-1,-1,1,1,E01007277,0
Unvalidated,2024052400119,2024,052400119,1,9,0,18,7,5,0,8,0,9,3,11,1,1,6,1,45,7,-1,-1,-1,-1,2,1,E01006745,0
Unvalidated,2024052400119,2024,052400119,2,9,0,18,7,5,0,8,0,0,0,0,0,1,1,1,-1,-1,-1,-1,-1,-1,-1,-1,-1,0
Unvalidated,2024052400121,2024,052400121,1,9,0,18,1,5,0,0,0,0,0,0,1,1,1,1,40,7,-1,-1,-1,-1,2,1,E01006723,0
Unvalidated,2024052400121,2024,052400121,2,9,0,18,5,1,0,0,0,0,0,0,1,1,1,1,47,8,-1,-1,-1,-1,4,1,E01006554,0
Unvalidated,2024052400122,2024,052400122,1,9,0,18,2,6,0,4,0,0,0,0,1,1,6,3,-1,-1,-1,-1,-1,-1,-1,-1,-1,0
Unvalidated,2024052400122,2024,052400122,2,9,0,4,2,6,0,4,0,0,0,0,2,1,6,2,20,4,-1,-1,-1,-1,5,1,E01006550,0
Unvalidated,2024052400123,2024,052400123,1,21,0,11,4,8,0,0,0,0,0,0,4,1,1,1,-1,-1,-1,-1,-1,-1,-1,-1,-1,0
Unvalidated,2024052400123,2024,052400123,2,9,0,18,4,8,0,0,0,0,0,0,3,1,6,1,36,7,-1,-1,-1,-1,7,1,E01006580,0
Unvalidated,2024052400124,2024,052400124,1,9,0,5,2,5,0,2,0,0,0,0,1,1,3,1,35,6,-1,-1,-1,-1,2,1,E01006656,0
Unvalidated,2024052400125,2024,052400125,1,9,0,5,4,8,0,1,0,0,0,0,1,1,6,3,-1,-1,-1,-1,-1,-1,-1,-1,-1,0
Unvalidated,2024052400126,2024,052400126,1,9,0,12,1,5,0,0,0,0,0,0,3,1,1,1,61,9,-1,-1,-1,-1,-1,-1,-1,0
Unvalidated,2024052400126,2024,052400126,2,9,0,18,1,5,0,0,0,0,0,0,4,1,2,1,34,6,-1,-1,-1,-1,2,1,E01006763,0
Unvalidated,2024052400127,2024,052400127,1,9,0,9,5,3,0,1,0,0,0,0,1,1,6,2,23,5,-1,-1,-1,-1,1,1,E01007003,0
Unvalidated,2024052400127,2024,052400127,2,8,0,18,3,7,0,1,0,0,0,0,3,1,1,3,35,6,-1,-1,-1,-1,1,1,E01006702,0
Unvalidated,2024052400128,2024,052400128,1,9,0,18,7,3,0,0,0,0,0,0,3,1,6,1,66,10,-1,-1,-1,-1,3,1,E01006568,0
Unvalidated,2024052400128,2024,052400128,2,9,0,18,7,3,0,0,0,0,0,0,4,1,6,1,47,8,-1,-1,-1,-1,3,1,E01006568,0
Unvalidated,2024052400129,2024,052400129,1,23,0,18,3,7,0,0,0,0,0,0,1,1,6,1,17,4,-1,-1,-1,-1,2,1,E01018716,0
Unvalidated,2024052400130,2024,052400130,1,9,0,18,5,1,0,0,0,0,0,0,4,1,6,3,-1,-1,-1,-1,-1,-1,-1,-1,-1,0
Unvalidated,2024052400131,2024,052400131,1,2,0,14,5,1,0,0,0,0,4,0,1,1,6,3,-1,-1,-1,-1,-1,-1,-1,-1,-1,0
Unvalidated,2024052400132,2024,052400132,1,9,0,18,5,1,0,1,0,0,0,0,0,1,2,3,-1,-1,-1,-1,-1,-1,-1,-1,-1,0
Unvalidated,2024052400132,2024,052400132,2,9,0,18,3,7,0,1,0,0,0,0,1,1,2,2,28,6,-1,-1,-1,-1,3,1,E01007177,0
Unvalidated,2024052400133,2024,052400133,1,9,0,18,3,4,0,0,5,0,1,11,1,1,6,1,59,9,-1,-1,-1,-1,1,1,E01006675,0
Unvalidated,2024052400133,2024,052400133,2,9,0,2,3,4,0,0,0,0,0,0,3,2,6,3,-1,-1,-1,-1,-1,-1,-1,-1,-1,0
Unvalidated,2024052400133,2024,052400133,3,9,0,2,3,4,0,0,0,0,0,0,4,1,6,3,-1,-1,-1,-1,-1,-1,-1,-1,-1,0
Unvalidated,2024052400135,2024,052400135,1,9,0,9,7,5,0,6,0,0,0,0,4,1,6,2,44,7,-1,-1,-1,-1,-1,-1,-1,0
Unvalidated,2024052400135,2024,052400135,2,9,0,18,1,5,0,1,0,0,0,0,1,1,6,1,26,6,-1,-1,-1,-1,1,1,E01006863,0
Unvalidated,2024052400142,2024,052400142,1,9,0,18,3,7,0,0,0,0,0,0,1,1,1,1,30,6,-1,-1,-1,-1,2,1,E01006868,0
Unvalidated,2024052400145,2024,052400145,1,9,0,9,4,6,0,2,0,0,0,0,1,1,6,3,-1,-1,-1,-1,-1,-1,-1,-1,-1,0
Unvalidated,2024052400145,2024,052400145,2,9,0,18,6,2,0,1,0,0,0,0,1,1,6,3,-1,-1,-1,-1,-1,-1,-1,-1,-1,0
Unvalidated,2024052400148,2024,052400148,1,9,0,18,5,1,0,1,0,0,0,0,2,1,6,3,-1,-1,-1,-1,-1,-1,-1,-1,-1,0
Unvalidated,2024052400148,2024,052400148,2,22,0,18,5,1,0,1,0,0,0,0,3,1,6,1,66,10,-1,-1,-1,-1,2,1,E01006948,0
Unvalidated,2024052400149,2024,052400149,1,9,0,9,1,2,0,1,0,0,0,0,1,1,2,1,55,8,-1,-1,-1,-1,9,1,E01027583,0
Unvalidated,2024052400149,2024,052400149,2,9,0,18,1,5,0,1,0,0,0,0,1,1,6,2,53,8,-1,-1,-1,-1,1,1,E01006648,0
Unvalidated,2024052400150,2024,052400150,1,9,0,18,4,8,0,0,0,0,0,0,1,1,6,1,-1,-1,-1,-1,-1,-1,5,1,E01006488,0