status,collision_index,collision_year,collision_reference,vehicle_reference,vehicle_type,towing_and_articulation,vehicle_manoeuvre,vehicle_direction_from,vehicle_direction_to,vehicle_location_restricted_lane,junction_location,skidding_and_overturning,hit_object_in_carriageway,vehicle_leaving_carriageway,hit_object_off_carriageway,first_point_of_impact,vehicle_left_hand_drive,journey_purpose_of_driver,sex_of_driver,age_of_driver,age_band_of_driver,engine_capacity_cc,propulsion_code,age_of_vehicle,generic_make_model,driver_imd_decile,driver_home_area_type,lsoa_of_driver,escooter_flag
Unvalidated,2024052400151,2024,052400151,1,9,0,5,3,7,0,1,0,0,0,0,4,1,6,3,-1,-1,-1,-1,-1,-1,-1,-1,-1,0
Unvalidated,2024052400152,2024,052400152,1,9,0,18,7,3,0,0,0,0,0,0,1,1,6,1,21,5,-1,-1,-1,-1,8,1,E01012538,0
Unvalidated,2024052400154,2024,052400154,1,9,0,13,3,7,0,2,0,0,0,0,0,1,6,3,-1,-1,-1,-1,-1,-1,-1,-1,-1,0
Unvalidated,2024052400154,2024,052400154,2,1,0,18,3,7,0,5,0,0,1,0,0,1,6,1,27,6,-1,-1,-1,-1,-1,-1,-1,0
Unvalidated,2024052400155,2024,052400155,1,9,0,9,3,1,0,1,0,0,0,0,4,1,6,1,27,6,-1,-1,-1,-1,1,1,E01007257,0
Unvalidated,2024052400155,2024,052400155,2,9,0,18,7,3,0,1,0,0,1,0,1,1,2,1,49,8,-1,-1,-1,-1,6,1,E01007159,0
Unvalidated,2024052400156,2024,052400156,1,9,0,18,7,3,0,0,1,0,0,0,1,1,6,1,27,6,-1,-1,-1,-1,2,1,E01004140,0
Unvalidated,2024052400157,2024,052400157,1,9,0,18,6,2,0,3,0,0,0,0,1,1,6,1,69,10,-1,-1,-1,-1,1,1,E01007129,0
Unvalidated,2024052400157,2024,052400157,2,1,0,5,8,4,0,4,0,0,0,0,3,1,6,1,17,4,-1,-1,-1,-1,5,1,E01007161,0
Unvalidated,2024052400158,2024,052400158,1,9,0,9,7,4,0,1,0,0,0,0,1,1,6,1,53,8,-1,-1,-1,-1,-1,-1,-1,0
Unvalidated,2024052400158,2024,052400158,2,1,0,18,3,7,0,1,0,0,0,0,3,1,1,2,55,8,-1,-1,-1,-1,1,1,E01006874,0
Unvalidated,2024052400160,2024,052400160,1,9,0,18,7,3,0,1,1,0,0,0,3,1,2,2,55,8,-1,-1,-1,-1,8,1,E01006829,0
Unvalidated,2024052400160,2024,052400160,2,9,0,2,0,0,0,1,1,0,0,0,3,1,1,1,39,7,-1,-1,-1,-1,3,1,E01006836,0
Unvalidated,2024052400163,2024,052400163,1,9,0,18,3,7,0,1,0,0,0,0,3,1,1,1,22,5,-1,-1,-1,-1,10,1,E01006990,0
Unvalidated,2024052400163,2024,052400163,2,1,0,18,1,5,0,1,0,0,0,0,4,1,6,1,19,4,-1,-1,-1,-1,7,1,E01006947,0
Unvalidated,2024052400164,2024,052400164,1,9,0,18,5,1,0,0,0,0,0,0,1,1,6,1,50,8,-1,-1,-1,-1,1,1,E01007175,0
Unvalidated,2024052400166,2024,052400166,1,9,0,18,4,8,0,1,0,0,0,0,1,1,6,2,74,10,-1,-1,-1,-1,4,1,E01007140,0
Unvalidated,2024052400166,2024,052400166,2,9,0,18,2,6,0,8,0,0,0,0,4,1,6,1,68,10,-1,-1,-1,-1,9,1,E01006986,0
Unvalidated,2024052400168,2024,052400168,1,9,0,9,3,7,0,1,0,0,0,0,1,1,2,2,52,8,-1,-1,-1,-1,1,1,E01006675,0
Unvalidated,2024052400168,2024,052400168,2,3,0,18,7,3,0,1,0,0,0,0,1,1,1,1,37,7,-1,-1,-1,-1,2,1,E01006748,0
Unvalidated,2024052400171,2024,052400171,1,11,0,18,5,1,0,0,0,0,0,0,2,1,1,3,-1,-1,-1,-1,-1,-1,-1,-1,-1,0
Unvalidated,2024052400171,2024,052400171,2,9,0,18,5,1,0,0,0,0,0,0,2,1,6,2,20,4,-1,-1,-1,-1,6,1,E01033752,0
Unvalidated,2024052400172,2024,052400172,1,19,0,18,5,1,0,6,0,0,0,0,1,1,6,1,42,7,-1,-1,-1,-1,-1,-1,-1,0
Unvalidated,2024052400172,2024,052400172,2,9,0,18,3,7,0,2,0,0,0,0,1,1,1,2,-1,-1,-1,-1,-1,-1,3,1,E01006743,0
Unvalidated,2024052400172,2024,052400172,3,9,0,18,3,7,0,8,0,0,0,0,4,1,6,2,39,7,-1,-1,-1,-1,1,1,E01006416,0
Unvalidated,2024052400175,2024,052400175,1,9,0,9,2,8,0,5,0,0,0,0,4,1,2,3,-1,-1,-1,-1,-1,-1,-1,-1,-1,0
Unvalidated,2024052400175,2024,052400175,2,9,0,18,6,2,0,8,0,0,0,0,1,1,6,2,75,10,-1,-1,-1,-1,5,1,E01006891,0
Unvalidated,2024052400175,2024,052400175,3,9,0,8,8,4,0,1,0,0,0,0,1,1,6,1,45,7,-1,-1,-1,-1,1,1,E01006460,0
Unvalidated,2024052400179,2024,052400179,1,9,0,18,3,7,0,6,0,0,0,0,1,1,6,1,58,9,-1,-1,-1,-1,9,1,E01007254,0
Unvalidated,2024052400179,2024,052400179,2,8,0,18,1,5,0,8,0,0,0,0,4,1,1,1,47,8,-1,-1,-1,-1,2,1,E01007130,0
Unvalidated,2024052400180,2024,052400180,1,9,0,17,8,4,0,0,0,0,0,0,3,1,6,1,46,8,-1,-1,-1,-1,2,1,E01006956,0
Unvalidated,2024052400180,2024,052400180,2,1,0,18,4,8,0,0,0,0,0,0,3,1,6,1,29,6,-1,-1,-1,-1,2,1,E01007026,0
Unvalidated,2024052400181,2024,052400181,1,9,0,7,4,6,0,1,0,0,0,0,1,1,6,1,-1,-1,-1,-1,-1,-1,-1,-1,-1,0
Unvalidated,2024052400181,2024,052400181,2,1,0,18,4,8,0,1,0,0,0,0,2,1,6,1,41,7,-1,-1,-1,-1,-1,-1,-1,0
Unvalidated,2024052400182,2024,052400182,1,8,0,6,1,1,0,0,0,0,0,0,1,1,1,1,50,8,-1,-1,-1,-1,7,1,E01007084,0
Unvalidated,2024052400184,2024,052400184,1,9,0,5,1,3,0,1,0,0,0,0,1,1,6,1,45,7,-1,-1,-1,-1,10,1,E01006926,0
Unvalidated,2024052400185,2024,052400185,1,9,0,18,3,7,0,0,0,0,0,0,4,1,6,1,57,9,-1,-1,-1,-1,1,1,E01006460,0
Unvalidated,2024052400187,2024,052400187,1,9,0,9,5,3,0,0,0,0,0,0,1,1,6,1,40,7,-1,-1,-1,-1,1,1,E01006770,0
Unvalidated,2024052400188,2024,052400188,1,9,0,18,1,5,0,0,0,11,0,2,1,1,6,1,38,7,-1,-1,-1,-1,8,1,E01007110,0
Unvalidated,2024052400188,2024,052400188,2,9,0,2,1,5,0,0,0,0,0,0,2,1,6,3,-1,-1,-1,-1,-1,-1,-1,-1,-1,0
Unvalidated,2024052400188,2024,052400188,3,9,0,2,1,5,0,0,0,0,0,0,2,1,6,3,-1,-1,-1,-1,-1,-1,-1,-1,-1,0
Unvalidated,2024052400190,2024,052400190,1,9,0,9,5,2,0,6,0,0,0,0,1,1,6,1,27,6,-1,-1,-1,-1,1,1,E01006950,0
Unvalidated,2024052400190,2024,052400190,2,1,0,18,2,6,0,1,0,0,0,0,4,1,6,2,66,10,-1,-1,-1,-1,6,1,E01007033,0
Unvalidated,2024052400192,2024,052400192,1,9,0,18,6,2,0,8,0,0,0,0,4,1,6,2,49,8,-1,-1,-1,-1,5,1,E01025522,0
Unvalidated,2024052400192,2024,052400192,2,9,0,18,1,5,0,8,0,0,0,0,1,1,6,2,48,8,-1,-1,-1,-1,3,1,E01006784,0
Unvalidated,2024052400198,2024,052400198,1,9,0,18,1,5,0,8,0,0,0,0,4,1,1,1,29,6,-1,-1,-1,-1,-1,-1,-1,0
Unvalidated,2024052400198,2024,052400198,2,9,0,9,3,7,0,8,0,0,0,0,1,1,2,1,62,9,-1,-1,-1,-1,6,1,E01006596,0
Unvalidated,2024052400200,2024,052400200,1,9,0,13,7,3,0,8,0,0,7,11,1,1,1,1,-1,-1,-1,-1,-1,-1,2,1,E01006660,0
Unvalidated,2024052400200,2024,052400200,2,9,0,9,7,3,0,1,0,0,0,0,3,1,1,1,59,9,-1,-1,-1,-1,8,1,E01006822,0
Unvalidated,2024052400203,2024,052400203,1,9,0,13,5,1,0,0,0,0,0,0,1,1,6,1,27,6,-1,-1,-1,-1,2,1,E01006958,0
Unvalidated,2024052400204,2024,052400204,1,9,0,9,1,3,0,6,0,0,0,0,1,1,6,2,38,7,-1,-1,-1,-1,9,3,E01007027,0
Unvalidated,2024052400204,2024,052400204,2,19,0,18,5,1,0,6,0,0,0,0,1,1,1,1,53,8,-1,-1,-1,-1,3,1,E01007240,0
Unvalidated,2024052400205,2024,052400205,1,9,0,18,4,8,0,4,0,0,1,10,1,1,6,1,35,6,-1,-1,-1,-1,1,1,E01006880,0
Unvalidated,2024052400206,2024,052400206,1,8,0,2,0,0,0,0,0,0,0,0,3,1,1,3,-1,-1,-1,-1,-1,-1,-1,-1,-1,0
Unvalidated,2024052400206,2024,052400206,2,1,0,18,2,6,0,0,0,0,0,0,1,1,1,1,40,7,-1,-1,-1,-1,1,1,E01006761,0
Unvalidated,2024052400211,2024,052400211,1,9,0,1,6,2,0,0,0,0,0,0,2,1,6,2,43,7,-1,-1,-1,-1,1,1,E01006443,0
Unvalidated,2024052400212,2024,052400212,1,9,0,5,3,7,0,8,0,0,0,0,1,1,3,1,36,7,-1,-1,-1,-1,1,1,E01007004,0
Unvalidated,2024052400212,2024,052400212,2,9,0,18,5,1,0,2,0,10,0,0,3,1,2,2,23,5,-1,-1,-1,-1,1,1,E01007017,0
Unvalidated,2024052400213,2024,052400213,1,9,0,1,2,6,0,0,0,0,0,0,2,1,6,3,-1,-1,-1,-1,-1,-1,-1,-1,-1,0
Unvalidated,2024052400214,2024,052400214,1,9,0,18,6,2,0,6,0,0,0,0,4,1,6,3,-1,-1,-1,-1,-1,-1,-1,-1,-1,0
Unvalidated,2024052400215,2024,052400215,1,9,0,18,7,3,0,3,1,0,0,0,4,1,6,1,66,10,-1,-1,-1,-1,7,1,E01007062,0
Unvalidated,2024052400217,2024,052400217,1,8,0,2,0,0,0,1,0,0,0,0,2,1,6,3,-1,-1,-1,-1,-1,-1,-1,-1,-1,0
Unvalidated,2024052400218,2024,052400218,1,9,0,18,2,6,0,1,0,0,0,0,1,1,1,1,20,4,-1,-1,-1,-1,1,1,E01006728,0
Unvalidated,2024052400218,2024,052400218,2,9,0,17,2,6,0,1,0,0,0,0,2,1,6,2,57,9,-1,-1,-1,-1,1,1,E01006847,0
Unvalidated,2024052400219,2024,052400219,1,19,0,18,1,5,0,2,0,0,0,0,4,1,2,1,26,6,-1,-1,-1,-1,5,2,E01006802,0
Unvalidated,2024052400220,2024,052400220,1,9,0,18,2,6,0,0,0,0,0,0,1,1,6,3,-1,-1,-1,-1,-1,-1,-1,-1,-1,0
Unvalidated,2024052400221,2024,052400221,1,8,0,5,5,1,0,0,0,0,0,0,0,1,1,1,-1,-1,-1,-1,-1,-1,-1,-1,-1,0
Unvalidated,2024052400222,2024,052400222,1,9,0,1,1,5,0,0,0,0,0,0,2,1,6,3,-1,-1,-1,-1,-1,-1,-1,-1,-1,0
Unvalidated,2024052400225,2024,052400225,1,19,0,13,7,3,0,1,0,0,0,0,4,1,6,3,-1,-1,-1,-1,-1,-1,-1,-1,-1,0
Unvalidated,2024052400225,2024,052400225,2,1,0,18,7,3,0,1,0,0,0,0,3,1,6,1,57,9,-1,-1,-1,-1,4,1,E01007160,0
Unvalidated,2024052400226,2024,052400226,1,11,0,18,2,6,0,0,0,0,0,0,4,1,1,3,-1,-1,-1,-1,-1,-1,-1,-1,-1,0
Unvalidated,2024052400228,2024,052400228,1,9,0,18,3,7,0,0,0,0,0,0,3,1,3,2,39,7,-1,-1,-1,-1,5,1,E01006590,0
Unvalidated,2024052400229,2024,052400229,1,9,0,18,5,1,0,1,0,0,0,0,1,1,6,1,84,11,-1,-1,-1,-1,6,1,E01007072,0
Unvalidated,2024052400230,2024,052400230,1,9,0,18,5,1,0,1,0,0,0,0,1,1,6,2,-1,-1,-1,-1,-1,-1,-1,-1,-1,0
Unvalidated,2024052400231,2024,052400231,1,9,0,18,3,7,0,0,0,0,0,0,1,1,6,3,-1,-1,-1,-1,-1,-1,-1,-1,-1,0
Unvalidated,2024052400232,2024,052400232,1,9,0,18,5,1,0,1,0,0,0,0,1,1,6,3,-1,-1,-1,-1,-1,-1,-1,-1,-1,0
Unvalidated,2024052400234,2024,052400234,1,9,0,10,8,6,0,6,0,0,0,0,1,1,6,1,73,10,-1,-1,-1,-1,1,1,E01006705,0
Unvalidated,2024052400234,2024,052400234,2,3,0,18,6,2,0,1,0,0,0,0,4,1,6,1,31,6,-1,-1,-1,-1,1,1,E01006767,0
Unvalidated,2024052400235,2024,052400235,1,1,0,18,7,3,0,0,0,0,0,0,3,1,6,1,33,6,-1,-1,-1,-1,4,1,E01006837,0
Unvalidated,2024052400235,2024,052400235,3,11,0,18,3,7,0,0,0,0,0,0,4,1,1,1,55,8,-1,-1,-1,-1,3,1,E01006719,0
Unvalidated,2024052400236,2024,052400236,1,9,0,9,1,7,0,0,0,0,0,0,1,1,6,3,-1,-1,-1,-1,-1,-1,-1,-1,-1,0
Unvalidated,2024052400236,2024,052400236,2,3,0,18,5,1,0,0,0,0,0,0,1,1,6,1,37,7,-1,-1,-1,-1,4,1,E01006628,0
Unvalidated,2024052400237,2024,052400237,1,9,0,18,6,2,0,0,0,0,0,0,1,1,1,2,25,5,-1,-1,-1,-1,6,1,E01012491,0
Unvalidated,2024052400237,2024,052400237,2,9,0,18,2,6,0,0,0,0,0,0,1,1,6,2,69,10,-1,-1,-1,-1,6,1,E01006911,0
Unvalidated,2024052400238,2024,052400238,1,9,0,18,7,5,0,0,0,0,0,0,3,1,6,1,-1,-1,-1,-1,-1,-1,1,1,E01006705,0
Unvalidated,2024052400243,2024,052400243,1,1,0,4,3,7,0,0,0,0,0,0,1,1,6,2,42,7,-1,-1,-1,-1,2,1,E01012370,0
Unvalidated,2024052400246,2024,052400246,1,9,0,13,6,2,0,1,0,0,0,0,4,1,6,1,30,6,-1,-1,-1,-1,3,1,E01006743,0
Unvalidated,2024052400246,2024,052400246,2,9,0,9,8,6,0,1,0,0,0,0,1,1,6,1,63,9,-1,-1,-1,-1,2,1,E01006744,0
Unvalidated,2024052400247,2024,052400247,1,9,0,9,5,7,0,8,0,0,0,0,1,1,6,1,38,7,-1,-1,-1,-1,1,1,E01006690,0
Unvalidated,2024052400247,2024,052400247,2,9,0,18,5,1,0,8,0,0,1,0,1,1,6,1,29,6,-1,-1,-1,-1,1,1,E01007009,0
Unvalidated,2024052400248,2024,052400248,1,11,0,18,4,8,0,0,0,0,0,0,1,1,1,1,59,9,-1,-1,-1,-1,1,1,E01006607,0
Unvalidated,2024052400249,2024,052400249,1,9,0,18,1,5,0,1,0,0,0,0,1,1,6,3,-1,-1,-1,-1,-1,-1,-1,-1,-1,0
Unvalidated,2024052400249,2024,052400249,2,9,0,4,1,5,0,1,0,0,0,0,2,1,6,2,21,5,-1,-1,-1,-1,2,1,E01006783,0
Unvalidated,2024052400250,2024,052400250,1,9,0,18,4,8,0,0,0,0,0,0,1,1,6,3,-1,-1,-1,-1,-1,-1,-1,-1,-1,0
Unvalidated,2024052400250,2024,052400250,2,9,0,4,4,8,0,0,0,0,0,0,2,1,6,1,52,8,-1,-1,-1,-1,5,1,E01033095,0
Unvalidated,2024052400251,2024,052400251,1,9,0,9,3,1,0,1,0,0,0,0,1,1,6,1,43,7,-1,-1,-1,-1,1,1,E01006752,0
Unvalidated,2024052400251,2024,052400251,2,1,0,18,1,5,0,1,0,0,0,0,1,1,2,1,52,8,-1,-1,-1,-1,6,1,E01006596,0
Unvalidated,2024052400252,2024,052400252,1,9,0,9,1,7,0,8,0,0,0,0,1,1,2,2,22,5,-1,-1,-1,-1,1,1,E01006692,0
Unvalidated,2024052400252,2024,052400252,2,9,0,18,5,1,0,8,0,0,0,0,3,1,6,2,51,8,-1,-1,-1,-1,8,1,E01006532,0
Unvalidated,2024052400253,2024,052400253,1,9,0,18,4,8,0,0,0,4,0,0,1,1,6,2,77,11,-1,-1,-1,-1,3,1,E01007177,0
Unvalidated,2024052400253,2024,052400253,2,9,0,2,0,0,0,0,0,0,0,0,2,1,6,3,-1,-1,-1,-1,-1,-1,-1,-1,-1,0
Unvalidated,2024052400253,2024,052400253,3,9,0,2,0,0,0,0,0,0,0,0,2,1,6,3,-1,-1,-1,-1,-1,-1,-1,-1,-1,0
Unvalidated,2024052400255,2024,052400255,1,8,0,18,1,5,0,1,0,0,0,0,1,1,6,1,-1,-1,-1,-1,-1,-1,-1,-1,-1,0
Unvalidated,2024052400255,2024,052400255,2,9,0,3,1,5,0,1,0,0,0,0,2,1,6,2,41,7,-1,-1,-1,-1,3,1,E01006786,0
Unvalidated,2024052400256,2024,052400256,1,9,0,18,4,8,0,1,0,0,0,0,1,1,6,3,-1,-1,-1,-1,-1,-1,-1,-1,-1,0
Unvalidated,2024052400256,2024,052400256,2,1,0,9,8,7,0,1,0,0,0,0,1,1,6,1,47,8,-1,-1,-1,-1,1,1,E01006980,0
Unvalidated,2024052400257,2024,052400257,1,9,0,18,5,1,0,1,0,0,0,0,1,1,6,3,-1,-1,-1,-1,-1,-1,-1,-1,-1,0
Unvalidated,2024052400257,2024,052400257,2,1,0,18,5,1,0,1,0,0,0,0,2,1,6,1,16,4,-1,-1,-1,-1,2,1,E01006520,0
Unvalidated,2024052400258,2024,052400258,1,9,0,18,4,8,0,8,0,0,0,0,3,1,2,2,32,6,-1,-1,-1,-1,3,1,E01006510,0
Unvalidated,2024052400258,2024,052400258,2,9,0,18,2,6,0,8,0,0,0,0,1,1,2,2,28,6,-1,-1,-1,-1,7,1,E01007035,0
Unvalidated,2024052400260,2024,052400260,1,9,0,18,2,6,0,1,0,0,0,0,1,1,2,1,61,9,-1,-1,-1,-1,1,1,E01006460,0
Unvalidated,2024052400260,2024,052400260,2,9,0,18,4,8,0,8,0,0,0,0,3,1,3,2,52,8,-1,-1,-1,-1,3,1,E01006496,0
Unvalidated,2024052400261,2024,052400261,1,9,0,9,2,1,0,8,0,0,0,0,4,1,6,1,64,9,-1,-1,-1,-1,7,1,E01007265,0
Unvalidated,2024052400261,2024,052400261,2,1,0,18,6,2,0,8,0,0,0,0,1,1,6,1,19,4,-1,-1,-1,-1,8,1,E01007268,0
Unvalidated,2024052400263,2024,052400263,1,9,0,18,5,1,0,8,0,0,0,0,3,1,2,2,28,6,-1,-1,-1,-1,-1,1,-1,0
Unvalidated,2024052400263,2024,052400263,2,9,0,18,3,7,0,8,0,0,0,0,1,1,6,2,42,7,-1,-1,-1,-1,7,1,E01006923,0
Unvalidated,2024052400264,2024,052400264,1,19,0,18,3,7,0,0,0,0,0,0,3,1,1,1,34,6,-1,-1,-1,-1,9,1,E01006922,0
Unvalidated,2024052400266,2024,052400266,1,9,0,18,1,5,0,8,0,0,0,0,1,1,6,1,93,11,-1,-1,-1,-1,7,1,E01006579,0
Unvalidated,2024052400266,2024,052400266,2,9,0,18,3,7,0,8,0,0,0,0,3,1,6,1,38,7,-1,-1,-1,-1,1,1,E01006741,0
Unvalidated,2024052400267,2024,052400267,1,9,0,3,1,5,0,1,0,0,0,0,1,1,6,1,20,4,-1,-1,-1,-1,-1,-1,-1,0
Unvalidated,2024052400267,2024,052400267,2,19,0,3,1,5,0,1,0,0,0,0,2,1,6,1,67,10,-1,-1,-1,-1,3,1,E01007181,0
Unvalidated,2024052400269,2024,052400269,1,19,0,18,5,1,0,3,0,0,0,0,1,1,1,1,55,8,-1,-1,-1,-1,4,1,E01006278,0
Unvalidated,2024052400269,2024,052400269,2,9,0,18,5,1,0,3,0,0,0,0,4,1,2,1,45,7,-1,-1,-1,-1,4,1,E01006916,0
Unvalidated,2024052400270,2024,052400270,1,9,0,9,1,3,0,2,0,0,0,0,1,1,6,2,67,10,-1,-1,-1,-1,2,1,E01006826,0
Unvalidated,2024052400271,2024,052400271,1,9,0,18,3,7,0,0,0,0,0,0,1,1,6,2,52,8,-1,-1,-1,-1,6,1,E01006487,0
Unvalidated,2024052400272,2024,052400272,1,9,0,18,1,6,0,1,0,0,0,0,3,1,6,2,72,10,-1,-1,-1,-1,1,1,E01006480,0
Unvalidated,2024052400272,2024,052400272,2,3,0,18,7,3,0,1,0,0,0,0,1,1,6,1,17,4,-1,-1,-1,-1,6,2,E01025587,0
Unvalidated,2024052400273,2024,052400273,1,21,1,11,3,7,0,0,0,0,0,0,1,1,1,1,30,6,-1,-1,-1,-1,8,1,E01012543,0
Unvalidated,2024052400273,2024,052400273,2,9,0,18,3,7,0,0,0,0,0,0,3,1,6,2,43,7,-1,-1,-1,-1,1,1,E01006913,0
Unvalidated,2024052400274,2024,052400274,1,90,0,18,1,5,0,1,0,0,0,0,4,1,6,3,-1,-1,-1,-1,-1,-1,-1,-1,-1,0
Unvalidated,2024052400274,2024,052400274,2,19,0,2,0,0,0,1,0,0,0,0,3,1,6,1,59,9,-1,-1,-1,-1,4,1,E01006959,0
Unvalidated,2024052400275,2024,052400275,1,9,0,18,3,7,0,1,0,0,0,0,1,1,6,2,24,5,-1,-1,-1,-1,8,1,E01012530,0
Unvalidated,2024052400275,2024,052400275,2,3,0,4,3,7,0,1,0,0,0,0,2,1,6,1,48,8,-1,-1,-1,-1,2,1,E01006565,0
Unvalidated,2024052400278,2024,052400278,1,19,0,18,8,4,0,1,0,0,0,0,4,1,2,1,27,6,-1,-1,-1,-1,-1,1,-1,0
Unvalidated,2024052400281,2024,052400281,1,21,1,18,5,1,0,0,0,4,0,0,1,1,1,1,55,8,-1,-1,-1,-1,8,1,E01011051,0
Unvalidated,2024052400281,2024,052400281,2,19,0,3,5,1,0,0,0,4,1,11,2,1,1,1,53,8,-1,-1,-1,-1,1,1,E01007941,0
Unvalidated,2024052400281,2024,052400281,3,8,0,3,5,1,0,0,0,0,0,0,2,1,1,1,65,9,-1,-1,-1,-1,1,1,E01006440,0
Unvalidated,2024052400281,2024,052400281,4,9,0,3,5,1,0,0,0,0,0,0,2,1,2,2,24,5,-1,-1,-1,-1,5,1,E01006462,0
Unvalidated,2024052400282,2024,052400282,1,9,0,18,3,7,0,3,0,0,0,0,1,1,6,1,59,9,-1,-1,-1,-1,3,1,E01007058,0
Unvalidated,2024052400283,2024,052400283,1,97,0,18,6,2,0,8,0,0,0,0,1,1,6,3,-1,-1,-1,-1,-1,-1,-1,-1,-1,0
Unvalidated,2024052400283,2024,052400283,2,9,0,9,2,1,0,5,0,0,0,0,4,1,2,1,74,10,-1,-1,-1,-1,7,1,E01007067,0
Unvalidated,2024052400284,2024,052400284,1,9,0,18,1,5,0,1,0,0,0,0,1,1,6,3,-1,-1,-1,-1,-1,-1,-1,-1,-1,0
Unvalidated,2024052400284,2024,052400284,2,9,0,18,4,7,0,1,0,0,0,0,3,1,6,1,50,8,-1,-1,-1,-1,1,1,E01006735,0
Unvalidated,2024052400286,2024,052400286,1,9,0,10,5,1,0,1,0,0,0,0,4,1,6,3,-1,-1,-1,-1,-1,-1,-1,-1,-1,0
Unvalidated,2024052400286,2024,052400286,2,9,0,18,7,3,0,8,0,0,1,10,1,1,6,1,28,6,-1,-1,-1,-1,5,1,E01006427,0
Unvalidated,2024052400287,2024,052400287,1,9,0,18,4,8,0,8,0,0,7,11,1,1,6,1,28,6,-1,-1,-1,-1,1,1,E01007010,0
Unvalidated,2024052400287,2024,052400287,2,9,0,18,6,2,0,8,0,0,1,11,1,1,6,1,24,5,-1,-1,-1,-1,1,1,E01007085,0
Unvalidated,2024052400288,2024,052400288,1,9,0,18,7,3,0,0,0,0,0,0,1,1,6,3,-1,-1,-1,-1,-1,-1,-1,-1,-1,0
Unvalidated,2024052400288,2024,052400288,2,9,0,18,3,7,0,0,0,0,0,0,1,1,1,1,53,8,-1,-1,-1,-1,3,1,E01018543,0
Unvalidated,2024052400288,2024,052400288,3,9,0,18,7,3,0,0,0,0,0,0,0,1,1,3,-1,-1,-1,-1,-1,-1,-1,-1,-1,0
Unvalidated,2024052400288,2024,052400288,4,9,0,18,7,3,0,0,0,0,0,0,0,1,1,1,35,6,-1,-1,-1,-1,-1,-1,-1,0
Unvalidated,2024052400290,2024,052400290,1,9,0,18,7,3,0,0,0,0,0,0,4,1,6,3,-1,-1,-1,-1,-1,-1,-1,-1,-1,0
Unvalidated,2024052400290,2024,052400290,2,9,0,2,0,0,0,0,0,0,0,0,4,1,6,3,-1,-1,-1,-1,-1,-1,-1,-1,-1,0
Unvalidated,2024052400291,2024,052400291,1,9,0,18,1,5,0,1,0,0,0,0,4,1,6,3,-1,-1,-1,-1,-1,-1,-1,-1,-1,0
Unvalidated,2024052400292,2024,052400292,1,9,0,1,7,3,0,0,0,0,0,0,2,1,6,3,-1,-1,-1,-1,-1,-1,-1,-1,-1,0
Unvalidated,2024052400292,2024,052400292,2,9,0,2,0,0,0,0,0,0,0,0,1,1,6,2,23,5,-1,-1,-1,-1,2,1,E01007239,0
Unvalidated,2024052400293,2024,052400293,1,9,0,5,2,6,0,0,0,0,0,0,1,1,6,3,-1,-1,-1,-1,-1,-1,-1,-1,-1,0
Unvalidated,2024052400294,2024,052400294,1,1,0,18,7,3,0,0,0,0,0,0,1,1,6,3,-1,-1,-1,-1,-1,-1,-1,-1,-1,0
Unvalidated,2024052400294,2024,052400294,2,1,0,17,3,7,0,0,0,0,0,0,1,1,6,2,56,9,-1,-1,-1,-1,4,1,E01006628,0
Unvalidated,2024052400295,2024,052400295,1,9,0,18,2,6,0,0,0,0,0,0,4,1,6,2,81,11,-1,-1,-1,-1,9,1,E01007187,0
Unvalidated,2024052400295,2024,052400295,2,9,0,2,0,0,0,0,0,0,0,0,3,1,6,3,-1,-1,-1,-1,-1,-1,-1,-1,-1,0
Unvalidated,2024052400296,2024,052400296,1,8,0,18,1,5,0,5,0,0,1,11,3,1,1,1,62,9,-1,-1,-1,-1,4,1,E01006528,0
Unvalidated,2024052400297,2024,052400297,1,9,0,18,1,5,0,1,0,0,0,0,1,1,1,1,40,7,-1,-1,-1,-1,1,1,E01006696,0
Unvalidated,2024052400298,2024,052400298,1,1,0,18,3,7,0,0,0,4,0,0,1,1,6,1,-1,-1,-1,-1,-1,-1,-1,-1,-1,0
Unvalidated,2024052400298,2024,052400298,2,19,0,2,0,0,0,0,0,0,0,0,2,1,6,3,-1,-1,-1,-1,-1,-1,-1,-1,-1,0
Unvalidated,2024052400298,2024,052400298,3,9,0,18,3,7,0,0,0,0,0,0,1,1,6,3,-1,-1,-1,-1,-1,-1,-1,-1,-1,0
Unvalidated,2024052400300,2024,052400300,1,19,0,9,7,3,0,1,0,0,0,0,4,1,1,1,48,8,-1,-1,-1,-1,5,1,W01000253,0
Unvalidated,2024052400304,2024,052400304,1,19,0,18,7,3,0,1,0,0,0,0,1,1,6,2,57,9,-1,-1,-1,-1,9,1,E01007150,0
Unvalidated,2024052400304,2024,052400304,2,9,0,3,7,3,0,1,0,0,0,0,2,1,6,1,78,11,-1,-1,-1,-1,10,1,E01007149,0
Unvalidated,2024052400305,2024,052400305,1,9,0,5,6,2,0,0,0,0,0,0,1,1,6,1,39,7,-1,-1,-1,-1,9,1,E01004810,0
Unvalidated,2024052400305,2024,052400305,2,9,0,18,4,8,0,0,0,0,0,0,1,1,6,2,39,7,-1,-1,-1,-1,2,1,E01006710,0
Unvalidated,2024052400307,2024,052400307,1,9,0,18,4,8,0,8,0,0,0,0,1,1,6,1,54,8,-1,-1,-1,-1,9,1,E01012562,0
Unvalidated,2024052400308,2024,052400308,1,8,0,18,5,1,0,1,0,0,0,0,1,1,6,3,-1,-1,-1,-1,-1,-1,-1,-1,-1,0