status,collision_index,collision_year,collision_reference,vehicle_reference,vehicle_type,towing_and_articulation,vehicle_manoeuvre,vehicle_direction_from,vehicle_direction_to,vehicle_location_restricted_lane,junction_location,skidding_and_overturning,hit_object_in_carriageway,vehicle_leaving_carriageway,hit_object_off_carriageway,first_point_of_impact,vehicle_left_hand_drive,journey_purpose_of_driver,sex_of_driver,age_of_driver,age_band_of_driver,engine_capacity_cc,propulsion_code,age_of_vehicle,generic_make_model,driver_imd_decile,driver_home_area_type,lsoa_of_driver,escooter_flag
Unvalidated,2024052400308,2024,052400308,2,1,0,18,7,3,0,1,0,0,0,0,3,1,6,1,17,4,-1,-1,-1,-1,1,1,E01006444,0
Unvalidated,2024052400309,2024,052400309,1,9,0,9,1,5,0,8,0,0,0,0,1,1,2,1,54,8,-1,-1,-1,-1,1,1,E01007005,0
Unvalidated,2024052400309,2024,052400309,2,9,0,18,5,1,0,8,0,0,0,0,1,1,2,1,47,8,-1,-1,-1,-1,2,1,E01006439,0
Unvalidated,2024052400311,2024,052400311,1,9,0,18,5,1,0,0,0,0,0,0,1,1,6,3,-1,-1,-1,-1,-1,-1,-1,-1,-1,0
Unvalidated,2024052400311,2024,052400311,2,1,0,18,5,1,0,0,0,0,0,0,2,1,6,1,13,3,-1,-1,-1,-1,1,1,E01033228,0
Unvalidated,2024052400312,2024,052400312,1,9,0,1,3,7,0,0,0,0,0,0,3,1,6,3,-1,-1,-1,-1,-1,-1,-1,-1,-1,0
Unvalidated,2024052400313,2024,052400313,1,9,0,9,1,7,0,8,0,0,0,0,1,1,6,3,-1,-1,-1,-1,-1,-1,-1,-1,-1,0
Unvalidated,2024052400313,2024,052400313,2,9,0,18,5,1,0,1,0,0,0,0,1,1,6,1,24,5,-1,-1,-1,-1,2,1,E01007218,0
Unvalidated,2024052400314,2024,052400314,1,9,0,18,5,1,0,1,0,0,0,0,1,1,6,2,22,5,-1,-1,-1,-1,1,1,E01024875,0
Unvalidated,2024052400314,2024,052400314,2,9,0,18,7,3,0,1,0,0,0,0,4,1,6,2,45,7,-1,-1,-1,-1,2,1,E01006745,0
Unvalidated,2024052400316,2024,052400316,1,9,0,9,1,7,0,1,0,0,1,1,1,1,6,3,-1,-1,-1,-1,-1,-1,-1,-1,-1,0
Unvalidated,2024052400317,2024,052400317,1,9,0,18,5,1,0,0,0,0,0,0,1,1,6,1,-1,-1,-1,-1,-1,-1,7,1,E01006498,0
Unvalidated,2024052400317,2024,052400317,2,9,0,4,5,1,0,0,0,0,0,0,2,1,6,2,28,6,-1,-1,-1,-1,2,1,E01006845,0
Unvalidated,2024052400318,2024,052400318,1,9,0,18,7,3,0,8,0,0,0,0,1,1,6,1,50,8,-1,-1,-1,-1,1,1,E01006547,0
Unvalidated,2024052400318,2024,052400318,2,5,0,18,8,4,0,8,0,0,0,0,3,1,6,1,22,5,-1,-1,-1,-1,3,1,E01006533,0
Unvalidated,2024052400318,2024,052400318,3,9,0,18,8,4,0,8,0,0,0,0,3,1,6,3,-1,-1,-1,-1,-1,-1,-1,-1,-1,0
Unvalidated,2024052400319,2024,052400319,1,9,0,18,2,6,0,1,0,0,0,0,0,1,6,1,51,8,-1,-1,-1,-1,9,1,E01006828,0
Unvalidated,2024052400320,2024,052400320,1,9,0,5,5,1,0,6,0,0,0,0,4,1,6,1,55,8,-1,-1,-1,-1,1,1,E01006844,0
Unvalidated,2024052400320,2024,052400320,2,9,0,18,7,3,0,8,0,0,1,10,1,1,6,1,33,6,-1,-1,-1,-1,4,1,E01006897,0
Unvalidated,2024052400321,2024,052400321,1,9,0,1,5,1,0,1,0,0,0,0,2,1,6,1,62,9,-1,-1,-1,-1,7,1,E01007307,0
Unvalidated,2024052400322,2024,052400322,1,9,0,18,5,1,0,0,0,0,0,0,1,1,6,3,-1,-1,-1,-1,-1,-1,-1,-1,-1,0
Unvalidated,2024052400323,2024,052400323,1,9,0,18,1,5,0,0,0,0,0,0,1,1,6,2,46,8,-1,-1,-1,-1,8,1,E01007073,0
Unvalidated,2024052400324,2024,052400324,1,9,0,18,5,1,0,1,0,0,0,0,1,1,6,1,28,6,-1,-1,-1,-1,1,1,E01006964,0
Unvalidated,2024052400324,2024,052400324,2,9,0,5,7,3,0,1,0,0,0,0,3,1,6,2,40,7,-1,-1,-1,-1,7,1,E01007080,0
Unvalidated,2024052400326,2024,052400326,1,9,0,1,3,7,0,0,0,0,0,0,2,1,2,2,33,6,-1,-1,-1,-1,10,2,E01006321,0
Unvalidated,2024052400328,2024,052400328,1,90,0,18,2,4,0,8,0,0,0,0,0,1,6,1,15,3,-1,-1,-1,-1,2,1,E01006763,0
Unvalidated,2024052400329,2024,052400329,1,9,0,9,3,1,0,1,0,0,0,0,1,1,6,2,36,7,-1,-1,-1,-1,1,1,E01006729,0
Unvalidated,2024052400329,2024,052400329,2,9,0,18,5,1,0,1,0,0,0,0,3,1,6,2,41,7,-1,-1,-1,-1,1,1,E01006736,0
Unvalidated,2024052400331,2024,052400331,1,8,0,18,7,3,0,0,0,0,0,0,4,1,6,3,-1,-1,-1,-1,-1,-1,-1,-1,-1,0
Unvalidated,2024052400334,2024,052400334,1,9,0,18,5,1,0,0,0,0,0,0,1,1,6,2,45,7,-1,-1,-1,-1,7,1,E01025489,0
Unvalidated,2024052400334,2024,052400334,2,9,0,18,5,1,0,0,0,0,0,0,2,1,6,2,35,6,-1,-1,-1,-1,1,1,E01006567,0
Unvalidated,2024052400334,2024,052400334,3,9,0,18,5,1,0,0,0,0,0,0,2,1,6,2,58,9,-1,-1,-1,-1,7,3,E01014081,0
Unvalidated,2024052400334,2024,052400334,4,9,0,18,5,1,0,0,0,0,0,0,2,1,6,1,32,6,-1,-1,-1,-1,1,1,E01006679,0
Unvalidated,2024052400335,2024,052400335,1,9,0,18,5,1,0,1,0,0,0,0,1,1,6,3,-1,-1,-1,-1,-1,-1,-1,-1,-1,0
Unvalidated,2024052400335,2024,052400335,2,1,0,5,7,3,0,1,0,0,0,0,3,1,4,2,12,3,-1,-1,-1,-1,1,1,E01007293,0
Unvalidated,2024052400338,2024,052400338,1,21,0,18,1,5,0,1,0,0,0,0,1,1,1,2,33,6,-1,-1,-1,-1,4,1,E01004921,0
Unvalidated,2024052400338,2024,052400338,2,9,0,9,1,5,0,1,0,0,0,0,2,1,6,2,52,8,-1,-1,-1,-1,5,3,E01006420,0
Unvalidated,2024052400339,2024,052400339,1,90,0,18,3,7,0,1,0,0,0,0,1,1,6,3,-1,-1,-1,-1,-1,-1,-1,-1,-1,0
Unvalidated,2024052400341,2024,052400341,1,9,0,9,7,5,0,8,0,0,0,0,4,1,6,1,31,6,-1,-1,-1,-1,5,1,E01006853,0
Unvalidated,2024052400341,2024,052400341,2,9,0,18,3,7,0,8,0,0,1,11,1,1,6,2,56,9,-1,-1,-1,-1,2,1,E01006870,0
Unvalidated,2024052400341,2024,052400341,3,9,0,3,5,1,0,1,0,0,0,0,1,1,6,1,55,8,-1,-1,-1,-1,2,1,E01006870,0
Unvalidated,2024052400342,2024,052400342,1,9,0,11,4,8,0,3,0,0,0,0,1,1,6,3,-1,-1,-1,-1,-1,-1,-1,-1,-1,0
Unvalidated,2024052400342,2024,052400342,2,9,0,18,4,8,0,3,0,0,0,0,3,1,2,2,23,5,-1,-1,-1,-1,6,1,E01007248,0
Unvalidated,2024052400344,2024,052400344,1,9,0,5,6,2,0,1,0,0,0,0,1,1,6,3,-1,-1,-1,-1,-1,-1,-1,-1,-1,0
Unvalidated,2024052400345,2024,052400345,1,9,0,9,1,7,0,8,0,0,0,0,1,1,6,1,21,5,-1,-1,-1,-1,1,1,E01006758,0
Unvalidated,2024052400345,2024,052400345,2,9,0,18,7,3,0,8,0,0,0,0,4,1,6,1,50,8,-1,-1,-1,-1,1,1,E01006675,0
Unvalidated,2024052400346,2024,052400346,1,8,0,5,7,3,0,1,0,0,0,0,3,1,1,1,38,7,-1,-1,-1,-1,1,1,E01006518,0
Unvalidated,2024052400346,2024,052400346,2,9,0,18,5,1,0,1,0,0,0,0,1,1,6,1,27,6,-1,-1,-1,-1,1,1,E01006632,0
Unvalidated,2024052400347,2024,052400347,1,9,0,18,1,5,0,0,0,0,0,0,1,1,6,1,21,5,-1,-1,-1,-1,2,1,E01006656,0
Unvalidated,2024052400348,2024,052400348,1,9,0,9,7,1,0,1,0,0,0,0,1,1,6,2,40,7,-1,-1,-1,-1,1,1,E01006445,0
Unvalidated,2024052400348,2024,052400348,2,1,0,18,7,3,0,1,0,0,0,0,1,1,6,1,61,9,-1,-1,-1,-1,1,1,E01006642,0
Unvalidated,2024052400350,2024,052400350,1,9,0,18,1,5,0,0,0,4,0,0,1,1,6,2,58,9,-1,-1,-1,-1,3,1,E01006836,0
Unvalidated,2024052400350,2024,052400350,2,19,0,2,0,0,0,0,0,0,0,0,3,1,6,3,-1,-1,-1,-1,-1,-1,-1,-1,-1,0
Unvalidated,2024052400351,2024,052400351,1,9,0,5,7,1,0,2,0,0,0,0,3,1,6,2,33,6,-1,-1,-1,-1,7,1,E01018635,0
Unvalidated,2024052400351,2024,052400351,2,9,0,18,5,1,0,1,0,0,0,0,1,1,6,1,48,8,-1,-1,-1,-1,4,1,E01006959,0
Unvalidated,2024052400352,2024,052400352,1,9,0,18,1,5,0,0,0,0,0,0,1,1,6,1,31,6,-1,-1,-1,-1,4,1,E01005630,0
Unvalidated,2024052400352,2024,052400352,2,9,0,18,1,5,0,0,0,0,0,0,2,1,6,1,59,9,-1,-1,-1,-1,1,1,E01006541,0
Unvalidated,2024052400353,2024,052400353,1,9,0,18,8,4,0,0,5,0,1,1,1,1,6,1,25,5,-1,-1,-1,-1,8,1,E01006938,0
Unvalidated,2024052400354,2024,052400354,1,8,0,18,8,4,0,2,0,0,0,0,1,1,1,1,45,7,-1,-1,-1,-1,4,1,E01006641,0
Unvalidated,2024052400356,2024,052400356,1,9,0,18,1,5,0,6,0,0,0,0,1,1,6,2,63,9,-1,-1,-1,-1,3,1,E01006969,0
Unvalidated,2024052400356,2024,052400356,2,9,0,18,5,1,0,8,0,0,0,0,4,1,6,1,25,5,-1,-1,-1,-1,4,1,E01006878,0
Unvalidated,2024052400357,2024,052400357,1,19,0,1,1,5,0,6,0,0,0,0,2,1,1,1,37,7,-1,-1,-1,-1,1,1,E01007215,0
Unvalidated,2024052400358,2024,052400358,1,9,0,18,1,5,0,8,0,0,0,0,1,1,2,1,32,6,-1,-1,-1,-1,4,1,E01007050,0
Unvalidated,2024052400358,2024,052400358,2,9,0,18,3,7,0,8,0,0,1,11,3,1,2,2,20,4,-1,-1,-1,-1,1,1,E01006738,0
Unvalidated,2024052400359,2024,052400359,1,9,0,18,5,1,0,0,0,0,0,0,1,1,6,1,66,10,-1,-1,-1,-1,7,1,E01008039,0
Unvalidated,2024052400359,2024,052400359,2,9,0,2,0,0,0,0,0,0,0,0,2,1,6,2,29,6,-1,-1,-1,-1,6,1,E01007226,0
Unvalidated,2024052400360,2024,052400360,1,10,0,18,5,1,0,1,0,0,0,0,1,1,6,1,20,4,-1,-1,-1,-1,6,1,E01006221,0
Unvalidated,2024052400360,2024,052400360,2,8,0,18,7,3,0,8,0,0,0,0,3,1,1,1,44,7,-1,-1,-1,-1,1,1,E01006961,0
Unvalidated,2024052400361,2024,052400361,1,9,0,18,5,1,0,0,0,0,2,2,1,1,6,2,19,4,-1,-1,-1,-1,4,3,E01025508,0
Unvalidated,2024052400363,2024,052400363,1,8,0,9,3,1,0,0,0,0,0,0,4,1,1,1,48,8,-1,-1,-1,-1,1,1,E01006547,0
Unvalidated,2024052400363,2024,052400363,2,1,0,18,7,3,0,0,0,0,0,0,1,1,6,1,33,6,-1,-1,-1,-1,-1,-1,-1,0
Unvalidated,2024052400364,2024,052400364,1,9,0,18,5,1,0,0,0,0,0,0,1,1,2,1,35,6,-1,-1,-1,-1,5,1,E01006550,0
Unvalidated,2024052400366,2024,052400366,1,1,0,18,3,7,0,0,0,0,0,0,1,1,4,1,12,3,-1,-1,-1,-1,8,1,E01007107,0
Unvalidated,2024052400366,2024,052400366,2,9,0,18,1,5,0,0,0,0,0,0,1,1,6,2,51,8,-1,-1,-1,-1,6,1,E01007105,0
Unvalidated,2024052400367,2024,052400367,1,9,0,9,5,3,0,8,0,0,0,0,1,1,6,1,52,8,-1,-1,-1,-1,2,1,E01033751,0
Unvalidated,2024052400367,2024,052400367,2,19,0,18,1,5,0,8,0,0,0,0,1,1,1,1,40,7,-1,-1,-1,-1,2,1,E01006912,0
Unvalidated,2024052400368,2024,052400368,1,9,0,18,7,3,0,0,0,0,0,0,1,1,6,1,52,8,-1,-1,-1,-1,1,1,E01006679,0
Unvalidated,2024052400368,2024,052400368,2,8,0,4,7,3,0,0,0,0,0,0,2,1,1,2,-1,-1,-1,-1,-1,-1,2,1,E01006725,0
Unvalidated,2024052400369,2024,052400369,1,9,0,9,5,3,0,1,0,0,0,0,1,1,6,3,-1,-1,-1,-1,-1,-1,-1,-1,-1,0
Unvalidated,2024052400369,2024,052400369,2,1,0,18,1,5,0,1,0,0,0,0,1,1,6,1,28,6,-1,-1,-1,-1,4,1,E01033762,0
Unvalidated,2024052400370,2024,052400370,1,19,0,18,3,7,0,0,0,0,0,0,1,1,6,3,-1,-1,-1,-1,-1,-1,-1,-1,-1,0
Unvalidated,2024052400371,2024,052400371,1,9,0,5,5,1,0,4,0,0,0,0,1,1,6,3,-1,-1,-1,-1,-1,-1,-1,-1,-1,0
Unvalidated,2024052400371,2024,052400371,2,90,0,18,3,7,0,3,0,0,0,0,1,1,6,1,26,6,-1,-1,-1,-1,2,1,E01006586,0
Unvalidated,2024052400372,2024,052400372,1,9,0,18,3,7,0,0,0,0,0,0,4,1,6,2,49,8,-1,-1,-1,-1,4,1,E01007169,0
Unvalidated,2024052400374,2024,052400374,1,9,0,18,5,1,0,2,0,0,4,1,1,2,6,2,26,6,-1,-1,-1,-1,1,1,E01006675,0
Unvalidated,2024052400376,2024,052400376,1,9,0,18,6,2,0,0,0,0,1,4,4,1,6,1,61,9,-1,-1,-1,-1,3,1,E01006906,0
Unvalidated,2024052400377,2024,052400377,1,9,0,5,3,7,0,1,0,0,0,0,3,1,6,1,47,8,-1,-1,-1,-1,2,1,E01006520,0
Unvalidated,2024052400377,2024,052400377,2,4,0,18,1,5,0,1,0,0,0,0,1,1,6,1,41,7,-1,-1,-1,-1,1,1,E01006728,0
Unvalidated,2024052400378,2024,052400378,1,9,0,7,8,2,0,5,0,0,0,0,4,1,6,2,49,8,-1,-1,-1,-1,5,1,E01007223,0
Unvalidated,2024052400379,2024,052400379,1,9,0,18,5,1,0,1,0,0,0,0,1,1,6,1,44,7,-1,-1,-1,-1,8,1,E01007154,0
Unvalidated,2024052400379,2024,052400379,2,1,0,18,7,3,0,1,0,0,0,0,1,1,3,1,9,2,-1,-1,-1,-1,8,1,E01007154,0
Unvalidated,2024052400380,2024,052400380,1,11,0,5,2,4,0,8,0,0,0,0,3,1,1,1,62,9,-1,-1,-1,-1,1,1,E01006741,0
Unvalidated,2024052400381,2024,052400381,1,9,0,7,1,7,0,1,0,0,0,0,3,1,6,2,80,11,-1,-1,-1,-1,8,1,E01032904,0
Unvalidated,2024052400381,2024,052400381,2,9,0,18,3,7,0,1,0,0,0,0,1,1,6,1,52,8,-1,-1,-1,-1,1,1,E01005194,0
Unvalidated,2024052400382,2024,052400382,1,10,0,18,5,1,0,0,0,0,0,0,1,1,1,1,29,6,-1,-1,-1,-1,-1,-1,-1,0
Unvalidated,2024052400382,2024,052400382,2,19,0,18,5,1,0,0,0,0,0,0,2,1,1,1,31,6,-1,-1,-1,-1,4,1,E01012394,0
Unvalidated,2024052400382,2024,052400382,3,9,0,18,5,1,0,0,0,0,0,0,2,1,1,1,65,9,-1,-1,-1,-1,5,1,E01006920,0
Unvalidated,2024052400382,2024,052400382,4,8,0,18,5,1,0,0,0,0,0,0,2,1,1,1,62,9,-1,-1,-1,-1,1,1,E01006672,0
Unvalidated,2024052400384,2024,052400384,1,1,0,18,3,7,0,0,0,0,0,0,1,1,6,2,28,6,-1,-1,-1,-1,7,1,E01033750,0
Unvalidated,2024052400387,2024,052400387,1,9,0,9,1,3,0,8,0,0,0,0,3,1,6,1,36,7,-1,-1,-1,-1,9,2,W01000210,0
Unvalidated,2024052400387,2024,052400387,2,1,0,18,1,5,0,8,0,0,0,0,3,1,1,2,47,8,-1,-1,-1,-1,1,1,E01007274,0
Unvalidated,2024052400388,2024,052400388,1,90,0,18,7,3,0,8,0,0,0,0,1,1,6,2,32,6,-1,-1,-1,-1,1,1,E01006461,0
Unvalidated,2024052400388,2024,052400388,2,9,0,18,5,1,0,8,0,0,0,0,4,1,6,1,59,9,-1,-1,-1,-1,2,1,E01006497,0
Unvalidated,2024052400389,2024,052400389,1,9,0,9,5,7,0,8,0,0,0,0,1,1,6,1,29,6,-1,-1,-1,-1,2,1,E01006948,0
Unvalidated,2024052400389,2024,052400389,2,4,0,18,5,1,0,8,0,0,0,0,3,1,6,1,47,8,-1,-1,-1,-1,1,1,E01006950,0
Unvalidated,2024052400390,2024,052400390,1,1,0,18,3,7,0,8,0,0,0,0,1,1,6,1,16,4,-1,-1,-1,-1,1,1,E01033228,0
Unvalidated,2024052400390,2024,052400390,2,9,0,18,5,1,0,8,0,0,0,0,3,1,2,2,47,8,-1,-1,-1,-1,1,1,E01006450,0
Unvalidated,2024052400391,2024,052400391,1,9,0,9,1,3,0,8,0,0,0,0,1,1,1,1,45,7,-1,-1,-1,-1,10,1,E01014417,0
Unvalidated,2024052400392,2024,052400392,1,9,0,14,5,1,0,6,0,0,0,0,2,1,2,2,54,8,-1,-1,-1,-1,6,1,E01006988,0
Unvalidated,2024052400392,2024,052400392,2,11,0,18,5,1,0,6,0,0,0,0,1,1,1,1,37,7,-1,-1,-1,-1,3,1,E01006786,0
Unvalidated,2024052400397,2024,052400397,1,9,0,18,4,8,0,0,0,0,0,0,1,1,6,1,44,7,-1,-1,-1,-1,3,1,E01007083,0
Unvalidated,2024052400397,2024,052400397,2,9,0,3,4,8,0,0,0,0,0,0,2,1,6,1,46,8,-1,-1,-1,-1,10,1,E01004901,0
Unvalidated,2024052400400,2024,052400400,1,9,0,4,6,8,0,0,0,0,0,0,1,1,6,2,69,10,-1,-1,-1,-1,7,1,E01006947,0
Unvalidated,2024052400402,2024,052400402,1,4,0,18,2,6,0,8,1,0,0,0,1,1,6,1,29,6,-1,-1,-1,-1,1,1,E01006544,0
Unvalidated,2024052400402,2024,052400402,2,9,0,9,3,2,0,8,0,0,0,0,4,1,6,2,77,11,-1,-1,-1,-1,5,1,E01006978,0
Unvalidated,2024052400404,2024,052400404,1,9,0,17,6,2,0,0,0,10,0,0,1,1,6,1,23,5,-1,-1,-1,-1,1,1,E01006600,0
Unvalidated,2024052400404,2024,052400404,2,9,0,18,2,6,0,0,0,0,0,0,1,1,6,2,69,10,-1,-1,-1,-1,2,1,E01006710,0
Unvalidated,2024052400405,2024,052400405,1,9,0,11,3,7,0,8,0,0,0,0,2,1,6,1,36,7,-1,-1,-1,-1,2,1,E01006608,0
Unvalidated,2024052400405,2024,052400405,2,1,0,2,0,0,0,8,0,0,0,0,1,1,6,1,34,6,-1,-1,-1,-1,6,1,E01033752,0
Unvalidated,2024052400409,2024,052400409,1,9,0,18,3,7,0,2,0,0,0,0,1,1,6,1,-1,-1,-1,-1,-1,-1,-1,-1,-1,0
Unvalidated,2024052400409,2024,052400409,2,9,0,18,5,1,0,2,0,0,0,0,3,1,6,2,30,6,-1,-1,-1,-1,1,1,E01007162,0
Unvalidated,2024052400413,2024,052400413,1,9,0,18,2,6,0,1,0,0,0,0,1,1,6,3,-1,-1,-1,-1,-1,-1,-1,-1,-1,0
Unvalidated,2024052400413,2024,052400413,2,8,0,2,0,0,0,1,0,0,0,0,2,1,1,1,35,6,-1,-1,-1,-1,6,1,E01006999,0
Unvalidated,2024052400414,2024,052400414,1,9,0,1,1,5,0,0,0,0,0,0,2,1,6,1,69,10,-1,-1,-1,-1,5,1,E01006475,0
Unvalidated,2024052400416,2024,052400416,1,9,0,18,6,2,0,8,0,0,1,1,3,1,6,1,32,6,-1,-1,-1,-1,1,1,E01006605,0
Unvalidated,2024052400416,2024,052400416,2,9,0,18,4,8,0,8,0,0,0,0,1,1,2,1,70,10,-1,-1,-1,-1,4,1,E01006617,0
Unvalidated,2024052400418,2024,052400418,1,9,0,18,4,1,0,0,0,0,0,0,1,1,6,3,-1,-1,-1,-1,-1,-1,-1,-1,-1,0
Unvalidated,2024052400418,2024,052400418,2,9,0,18,4,1,0,0,0,0,4,0,2,1,6,2,34,6,-1,-1,-1,-1,1,1,E01006984,0
Unvalidated,2024052400418,2024,052400418,3,9,0,18,4,1,0,0,0,0,0,0,2,1,6,1,19,4,-1,-1,-1,-1,6,1,E01012423,0
Unvalidated,2024052400418,2024,052400418,4,9,0,4,4,1,0,0,0,0,0,0,2,1,6,1,22,5,-1,-1,-1,-1,2,1,E01006745,0
Unvalidated,2024052400420,2024,052400420,1,9,0,18,7,3,0,2,0,0,0,0,3,1,1,2,54,8,-1,-1,-1,-1,1,1,E01007121,0
Unvalidated,2024052400420,2024,052400420,2,1,0,18,1,5,0,2,0,0,0,0,1,1,6,1,50,8,-1,-1,-1,-1,3,1,E01007181,0
Unvalidated,2024052400422,2024,052400422,1,9,0,9,7,5,0,1,0,0,0,0,1,1,2,1,56,9,-1,-1,-1,-1,2,1,E01006855,0
Unvalidated,2024052400422,2024,052400422,2,9,0,18,1,5,0,1,0,0,0,0,3,1,2,1,54,8,-1,-1,-1,-1,6,2,E01006804,0
Unvalidated,2024052400423,2024,052400423,1,9,0,18,7,3,0,6,0,0,0,0,1,1,6,2,31,6,-1,-1,-1,-1,2,1,E01006718,0
Unvalidated,2024052400423,2024,052400423,2,9,0,18,1,5,0,8,0,0,0,0,3,1,6,2,44,7,-1,-1,-1,-1,5,1,E01006665,0
Unvalidated,2024052400424,2024,052400424,1,9,0,4,1,5,0,1,0,0,0,0,1,1,6,3,-1,-1,-1,-1,-1,-1,-1,-1,-1,0
Unvalidated,2024052400424,2024,052400424,2,9,0,3,1,5,0,1,0,0,0,0,2,1,6,2,31,6,-1,-1,-1,-1,9,1,E01007081,0
Unvalidated,2024052400425,2024,052400425,1,9,0,18,8,3,0,0,0,0,0,0,1,1,6,1,35,6,-1,-1,-1,-1,6,1,E01025500,0
Unvalidated,2024052400425,2024,052400425,2,19,0,4,8,3,0,0,0,0,0,0,2,1,6,1,64,9,-1,-1,-1,-1,5,1,E01006687,0
Unvalidated,2024052400426,2024,052400426,1,90,0,18,1,5,0,1,0,0,0,0,0,1,6,2,10,2,-1,-1,-1,-1,1,1,E01006448,0
Unvalidated,2024052400427,2024,052400427,1,9,0,1,3,7,0,0,0,0,0,0,2,1,6,1,39,7,-1,-1,-1,-1,3,1,E01025469,0
Unvalidated,2024052400428,2024,052400428,1,9,-1,7,-1,-1,0,1,-1,-1,9,-1,-1,9,6,1,51,8,-1,-1,-1,-1,3,1,E01007047,0
Unvalidated,2024052400429,2024,052400429,1,9,0,18,1,3,0,5,0,0,0,0,1,1,6,1,47,8,-1,-1,-1,-1,1,1,E01006549,0
Unvalidated,2024052400430,2024,052400430,1,5,0,18,7,3,0,0,0,0,0,0,3,1,6,1,21,5,-1,-1,-1,-1,5,2,E01025095,0
Unvalidated,2024052400430,2024,052400430,2,9,0,9,1,2,0,0,0,0,0,0,3,1,6,1,79,11,-1,-1,-1,-1,5,2,E01006802,0
Unvalidated,2024052400433,2024,052400433,1,9,0,18,1,5,0,4,0,0,0,0,1,1,1,2,49,8,-1,-1,-1,-1,6,1,E01007112,0
Unvalidated,2024052400433,2024,052400433,2,1,0,16,7,3,0,3,0,0,0,0,4,1,6,1,49,8,-1,-1,-1,-1,1,1,E01007175,0
Unvalidated,2024052400434,2024,052400434,1,9,0,5,1,5,0,0,0,0,0,0,1,1,6,3,-1,-1,-1,-1,-1,-1,-1,-1,-1,0
Unvalidated,2024052400434,2024,052400434,2,22,0,18,7,3,0,0,0,0,0,0,4,1,6,2,66,10,-1,-1,-1,-1,1,1,E01007292,0
Unvalidated,2024052400435,2024,052400435,1,9,0,5,7,3,0,1,0,0,0,0,4,1,6,3,-1,-1,-1,-1,-1,-1,-1,-1,-1,0
Unvalidated,2024052400436,2024,052400436,1,9,0,5,1,5,0,0,0,0,0,0,1,1,6,3,-1,-1,-1,-1,-1,-1,-1,-1,-1,0
Unvalidated,2024052400439,2024,052400439,1,9,0,9,7,3,0,4,0,0,0,0,1,1,6,1,44,7,-1,-1,-1,-1,5,1,E01006853,0
Unvalidated,2024052400439,2024,052400439,2,4,0,18,5,1,0,8,0,0,0,0,2,1,6,1,32,6,-1,-1,-1,-1,1,1,E01006865,0
Unvalidated,2024052400442,2024,052400442,1,9,0,18,3,7,0,1,0,0,0,0,1,2,6,2,28,6,-1,-1,-1,-1,1,1,E01006614,0
Unvalidated,2024052400442,2024,052400442,2,9,0,1,3,1,0,5,0,0,0,0,2,2,6,1,38,7,-1,-1,-1,-1,1,1,E01006690,0
Unvalidated,2024052400446,2024,052400446,1,9,0,18,5,1,0,0,0,0,0,0,4,1,6,1,40,7,-1,-1,-1,-1,6,1,E01012540,0
Unvalidated,2024052400448,2024,052400448,1,9,0,5,1,5,0,4,0,0,0,0,1,1,6,3,-1,-1,-1,-1,-1,-1,-1,-1,-1,0
Unvalidated,2024052400448,2024,052400448,2,1,0,18,7,3,0,3,0,0,0,0,4,1,2,1,40,7,-1,-1,-1,-1,1,1,E01007007,0
Unvalidated,2024052400449,2024,052400449,1,9,0,18,4,8,0,1,0,0,0,0,1,1,6,3,-1,-1,-1,-1,-1,-1,-1,-1,-1,0
Unvalidated,2024052400449,2024,052400449,2,19,0,4,4,8,0,1,0,0,0,0,2,1,1,1,62,9,-1,-1,-1,-1,2,1,E01006536,0
Unvalidated,2024052400450,2024,052400450,1,9,0,18,5,1,0,8,0,0,0,0,4,1,1,1,46,8,-1,-1,-1,-1,2,1,E01007300,0
Unvalidated,2024052400450,2024,052400450,2,9,0,9,7,5,0,8,0,0,0,0,1,1,6,2,38,7,-1,-1,-1,-1,8,1,E01007170,0
Unvalidated,2024052400451,2024,052400451,1,9,0,18,8,4,0,0,0,0,0,0,1,1,6,3,-1,-1,-1,-1,-1,-1,-1,-1,-1,0
Unvalidated,2024052400452,2024,052400452,1,9,0,18,2,6,0,8,0,0,0,0,1,1,6,3,-1,-1,-1,-1,-1,-1,-1,-1,-1,0
Unvalidated,2024052400452,2024,052400452,2,9,0,4,2,6,0,8,0,0,0,0,2,1,6,1,46,8,-1,-1,-1,-1,1,1,E01006779,0
Unvalidated,2024052400453,2024,052400453,1,9,0,9,5,3,0,8,0,0,0,0,3,1,6,1,83,11,-1,-1,-1,-1,7,1,E01006798,0
Unvalidated,2024052400453,2024,052400453,2,1,0,18,3,7,0,1,0,0,0,0,1,1,2,1,51,8,-1,-1,-1,-1,1,1,E01006483,0
Unvalidated,2024052400456,2024,052400456,1,21,1,11,7,3,0,0,0,0,0,0,4,1,1,1,46,8,-1,-1,-1,-1,1,1,W01000810,0
Unvalidated,2024052400456,2024,052400456,2,9,0,18,7,3,0,0,5,0,5,6,3,1,6,1,31,6,-1,-1,-1,-1,6,1,E01006900,0
Unvalidated,2024052400457,2024,052400457,1,8,0,18,5,1,0,1,0,0,0,0,1,1,2,1,56,9,-1,-1,-1,-1,5,1,E01007039,0
Unvalidated,2024052400458,2024,052400458,1,1,0,18,5,1,0,8,0,0,0,0,1,1,6,1,15,3,-1,-1,-1,-1,6,1,E01007163,0
Unvalidated,2024052400458,2024,052400458,2,9,0,18,3,7,0,8,0,0,0,0,1,1,6,1,75,10,-1,-1,-1,-1,7,1,E01007265,0