status,collision_index,collision_year,collision_reference,vehicle_reference,vehicle_type,towing_and_articulation,vehicle_manoeuvre,vehicle_direction_from,vehicle_direction_to,vehicle_location_restricted_lane,junction_location,skidding_and_overturning,hit_object_in_carriageway,vehicle_leaving_carriageway,hit_object_off_carriageway,first_point_of_impact,vehicle_left_hand_drive,journey_purpose_of_driver,sex_of_driver,age_of_driver,age_band_of_driver,engine_capacity_cc,propulsion_code,age_of_vehicle,generic_make_model,driver_imd_decile,driver_home_area_type,lsoa_of_driver,escooter_flag
Unvalidated,2024052400459,2024,052400459,1,9,0,1,5,1,0,0,0,0,0,0,2,1,6,2,52,8,-1,-1,-1,-1,2,1,E01006910,0
Unvalidated,2024052400459,2024,052400459,2,9,0,18,7,3,0,0,0,0,0,0,4,1,6,2,39,7,-1,-1,-1,-1,6,1,E01006900,0
Unvalidated,2024052400460,2024,052400460,1,9,0,18,7,3,0,2,0,0,0,0,4,1,6,3,-1,-1,-1,-1,-1,-1,-1,-1,-1,0
Unvalidated,2024052400461,2024,052400461,1,9,0,18,1,5,0,0,0,0,0,0,1,1,2,1,24,5,-1,-1,-1,-1,6,1,E01006724,0
Unvalidated,2024052400463,2024,052400463,1,9,0,7,7,1,0,1,0,0,0,0,1,1,6,1,56,9,-1,-1,-1,-1,9,1,E01007023,0
Unvalidated,2024052400463,2024,052400463,2,1,0,18,5,1,0,1,0,0,0,0,1,1,2,1,38,7,-1,-1,-1,-1,5,1,E01006934,0
Unvalidated,2024052400464,2024,052400464,1,9,0,9,6,4,0,8,0,0,0,0,4,1,6,3,-1,-1,-1,-1,-1,-1,-1,-1,-1,0
Unvalidated,2024052400464,2024,052400464,2,9,0,18,2,6,0,8,0,0,0,0,1,1,6,3,-1,-1,-1,-1,-1,-1,-1,-1,-1,0
Unvalidated,2024052400465,2024,052400465,1,9,0,18,1,5,0,1,0,0,0,0,2,1,6,3,-1,-1,-1,-1,-1,-1,-1,-1,-1,0
Unvalidated,2024052400465,2024,052400465,2,9,0,9,7,3,0,1,0,0,0,0,4,1,2,2,27,6,-1,-1,-1,-1,1,1,E01018519,0
Unvalidated,2024052400466,2024,052400466,1,19,0,18,1,7,0,5,0,0,0,0,3,1,1,1,64,9,-1,-1,-1,-1,4,1,E01006584,0
Unvalidated,2024052400466,2024,052400466,2,9,0,18,5,3,0,8,0,0,0,0,1,1,6,1,23,5,-1,-1,-1,-1,4,1,E01006639,0
Unvalidated,2024052400467,2024,052400467,1,9,0,18,5,1,0,2,0,0,0,0,1,1,6,1,22,5,-1,-1,-1,-1,-1,-1,-1,0
Unvalidated,2024052400468,2024,052400468,1,9,0,18,5,1,0,0,0,0,0,0,1,1,6,2,59,9,-1,-1,-1,-1,1,1,E01006611,0
Unvalidated,2024052400468,2024,052400468,2,11,0,2,0,0,0,0,0,0,0,0,2,1,1,1,58,9,-1,-1,-1,-1,2,1,E01006439,0
Unvalidated,2024052400469,2024,052400469,1,23,0,18,5,1,0,2,0,10,3,11,1,1,6,1,20,4,-1,-1,-1,-1,2,1,E01006899,0
Unvalidated,2024052400470,2024,052400470,1,9,0,18,5,1,0,0,0,0,0,0,1,1,1,1,46,8,-1,-1,-1,-1,1,1,E01006676,0
Unvalidated,2024052400471,2024,052400471,1,9,0,6,1,1,0,0,0,0,0,0,3,1,6,1,38,7,-1,-1,-1,-1,1,1,E01032509,0
Unvalidated,2024052400471,2024,052400471,2,9,0,18,1,5,0,0,0,0,7,1,1,1,6,3,-1,-1,-1,-1,-1,-1,-1,-1,-1,0
Unvalidated,2024052400473,2024,052400473,1,19,0,18,6,2,0,1,0,0,0,0,1,1,6,3,-1,-1,-1,-1,-1,-1,-1,-1,-1,0
Unvalidated,2024052400475,2024,052400475,1,9,0,5,4,1,0,1,0,0,0,0,1,1,6,3,-1,-1,-1,-1,-1,-1,-1,-1,-1,0
Unvalidated,2024052400475,2024,052400475,2,1,0,18,2,6,0,1,0,0,0,0,4,1,6,2,59,9,-1,-1,-1,-1,7,3,E01006885,0
Unvalidated,2024052400476,2024,052400476,1,19,0,18,1,5,0,0,0,0,0,0,1,1,6,3,-1,-1,-1,-1,-1,-1,-1,-1,-1,0
Unvalidated,2024052400476,2024,052400476,2,90,0,18,1,5,0,0,0,0,0,0,2,1,6,2,29,6,-1,-1,-1,-1,1,1,E01006677,0
Unvalidated,2024052400477,2024,052400477,1,9,0,1,7,3,0,1,0,0,0,0,2,1,6,1,-1,-1,-1,-1,-1,-1,-1,-1,-1,0
Unvalidated,2024052400477,2024,052400477,2,1,0,18,3,7,0,1,0,0,0,0,1,1,6,2,48,8,-1,-1,-1,-1,3,1,E01006836,0
Unvalidated,2024052400478,2024,052400478,1,8,0,18,2,6,0,1,0,0,0,0,1,1,6,3,-1,-1,-1,-1,-1,-1,-1,-1,-1,0
Unvalidated,2024052400479,2024,052400479,1,9,0,14,4,8,0,0,0,0,0,0,1,1,2,2,38,7,-1,-1,-1,-1,8,1,E01006829,0
Unvalidated,2024052400480,2024,052400480,1,9,0,18,1,5,0,1,0,0,0,0,1,1,6,3,-1,-1,-1,-1,-1,-1,-1,-1,-1,0
Unvalidated,2024052400480,2024,052400480,2,9,0,3,1,5,0,1,0,0,0,0,2,1,6,2,29,6,-1,-1,-1,-1,2,1,E01006451,0
Unvalidated,2024052400481,2024,052400481,1,9,0,18,7,3,0,0,0,0,0,0,1,1,6,1,37,7,-1,-1,-1,-1,1,1,E01006739,0
Unvalidated,2024052400481,2024,052400481,2,9,0,1,3,7,0,0,0,0,0,0,1,1,6,1,36,7,-1,-1,-1,-1,5,2,E01013255,0
Unvalidated,2024052400483,2024,052400483,1,9,0,18,7,3,0,8,0,0,0,0,1,1,6,2,79,11,-1,-1,-1,-1,6,1,E01006221,0
Unvalidated,2024052400483,2024,052400483,2,9,0,7,5,3,0,6,0,0,0,0,1,1,6,1,62,9,-1,-1,-1,-1,2,1,E01006970,0
Unvalidated,2024052400485,2024,052400485,1,9,0,7,3,5,0,6,0,0,0,0,1,1,2,2,34,6,-1,-1,-1,-1,1,1,E01007087,0
Unvalidated,2024052400486,2024,052400486,1,9,0,18,7,3,0,1,0,0,0,0,1,1,6,2,67,10,-1,-1,-1,-1,7,1,E01007225,0
Unvalidated,2024052400486,2024,052400486,2,9,0,9,5,1,0,1,0,0,0,0,3,1,6,2,54,8,-1,-1,-1,-1,10,1,E01007264,0
Unvalidated,2024052400487,2024,052400487,1,9,0,18,4,8,0,1,0,0,0,0,1,1,6,2,53,8,-1,-1,-1,-1,7,2,E01011719,0
Unvalidated,2024052400487,2024,052400487,2,9,0,9,4,2,0,1,0,0,0,0,2,1,6,2,-1,-1,-1,-1,-1,-1,-1,-1,-1,0
Unvalidated,2024052400488,2024,052400488,1,9,0,5,6,2,0,1,0,0,0,0,3,1,6,1,19,4,-1,-1,-1,-1,4,2,E01025509,0
Unvalidated,2024052400488,2024,052400488,2,1,0,18,6,2,0,1,0,0,0,0,4,1,6,1,20,4,-1,-1,-1,-1,5,1,E01006933,0
Unvalidated,2024052400490,2024,052400490,1,9,0,18,5,1,0,1,0,0,0,0,1,1,6,1,-1,-1,-1,-1,-1,-1,-1,-1,-1,0
Unvalidated,2024052400490,2024,052400490,2,9,0,18,1,5,0,1,0,0,0,0,1,1,6,1,-1,-1,-1,-1,-1,-1,-1,-1,-1,0
Unvalidated,2024052400491,2024,052400491,1,90,0,18,5,1,0,8,0,0,0,0,3,1,6,3,-1,-1,-1,-1,-1,-1,-1,-1,-1,0
Unvalidated,2024052400491,2024,052400491,2,9,0,18,3,7,0,8,0,0,0,0,1,1,6,1,46,8,-1,-1,-1,-1,1,1,E01007126,0
Unvalidated,2024052400493,2024,052400493,1,90,0,18,3,7,0,1,0,0,0,0,1,1,6,1,44,7,-1,-1,-1,-1,1,1,E01006699,0
Unvalidated,2024052400493,2024,052400493,2,9,0,18,1,5,0,1,0,0,0,0,4,1,1,1,62,9,-1,-1,-1,-1,7,1,E01006689,0
Unvalidated,2024052400494,2024,052400494,1,23,0,18,1,5,0,0,1,0,0,0,3,1,6,1,68,10,-1,-1,-1,-1,1,1,E01007155,0
Unvalidated,2024052400495,2024,052400495,1,9,0,9,5,3,0,8,0,0,0,0,4,1,6,2,41,7,-1,-1,-1,-1,-1,1,-1,0
Unvalidated,2024052400495,2024,052400495,2,3,0,18,1,5,0,8,0,0,0,0,1,1,6,1,28,6,-1,-1,-1,-1,3,1,E01007178,0
Unvalidated,2024052400496,2024,052400496,1,9,0,18,7,3,0,0,0,0,0,0,1,1,6,1,37,7,-1,-1,-1,-1,4,1,E01006878,0
Unvalidated,2024052400496,2024,052400496,2,9,0,3,7,3,0,0,0,0,0,0,2,1,6,3,-1,-1,-1,-1,-1,-1,-1,-1,-1,0
Unvalidated,2024052400497,2024,052400497,1,9,0,9,5,3,0,6,0,0,0,0,1,1,6,1,17,4,-1,-1,-1,-1,1,1,E01006604,0
Unvalidated,2024052400497,2024,052400497,2,9,0,18,1,5,0,6,0,0,0,0,1,1,2,2,20,4,-1,-1,-1,-1,1,1,E01006637,0
Unvalidated,2024052400498,2024,052400498,1,9,0,9,5,7,0,1,0,0,0,0,3,1,6,3,-1,-1,-1,-1,-1,-1,-1,-1,-1,0
Unvalidated,2024052400498,2024,052400498,2,9,0,18,3,7,0,1,0,0,0,0,3,1,6,1,23,5,-1,-1,-1,-1,9,1,E01006796,0
Unvalidated,2024052400499,2024,052400499,1,9,0,18,3,7,0,7,0,0,0,0,4,1,6,1,25,5,-1,-1,-1,-1,1,1,E01006816,0
Unvalidated,2024052400499,2024,052400499,2,19,0,18,5,1,0,1,0,0,1,4,1,1,1,1,36,7,-1,-1,-1,-1,6,2,E01025507,0
Unvalidated,2024052400500,2024,052400500,1,9,0,9,7,3,0,6,0,0,0,0,2,1,6,2,91,11,-1,-1,-1,-1,6,1,E01006900,0
Unvalidated,2024052400500,2024,052400500,2,9,0,18,5,1,0,1,0,0,0,0,1,1,2,1,40,7,-1,-1,-1,-1,9,2,E01012473,0
Unvalidated,2024052400501,2024,052400501,1,9,0,9,3,5,0,5,0,0,0,0,1,1,1,2,30,6,-1,-1,-1,-1,7,1,E01005939,0
Unvalidated,2024052400505,2024,052400505,1,9,0,18,5,1,0,1,0,0,0,0,1,1,6,2,82,11,-1,-1,-1,-1,7,1,E01006530,0
Unvalidated,2024052400505,2024,052400505,2,8,0,18,5,1,0,2,0,0,0,0,2,1,1,3,-1,-1,-1,-1,-1,-1,-1,-1,-1,0
Unvalidated,2024052400506,2024,052400506,1,9,0,18,5,1,0,8,0,0,4,0,4,1,1,1,-1,-1,-1,-1,-1,-1,4,1,E01033756,0
Unvalidated,2024052400506,2024,052400506,2,9,0,18,7,3,0,8,1,0,0,0,1,1,6,1,80,11,-1,-1,-1,-1,10,1,E01025502,0
Unvalidated,2024052400507,2024,052400507,1,1,0,9,6,4,0,1,0,0,0,0,1,1,6,3,-1,-1,-1,-1,-1,-1,-1,-1,-1,0
Unvalidated,2024052400508,2024,052400508,1,8,0,18,1,5,0,0,0,0,0,0,4,1,6,3,-1,-1,-1,-1,-1,-1,-1,-1,-1,0
Unvalidated,2024052400509,2024,052400509,1,3,0,18,1,5,0,0,0,0,0,0,1,1,6,1,34,6,-1,-1,-1,-1,8,1,E01006622,0
Unvalidated,2024052400509,2024,052400509,2,9,0,18,1,5,0,0,0,0,0,0,2,1,6,2,44,7,-1,-1,-1,-1,1,1,E01006630,0
Unvalidated,2024052400510,2024,052400510,1,9,0,9,2,1,0,1,0,0,0,0,1,1,6,1,65,9,-1,-1,-1,-1,10,1,E01007264,0
Unvalidated,2024052400510,2024,052400510,2,1,0,18,7,3,0,1,0,0,0,0,1,1,2,2,52,8,-1,-1,-1,-1,4,1,E01007302,0
Unvalidated,2024052400511,2024,052400511,1,19,0,13,6,2,0,0,0,0,0,0,4,1,6,1,66,10,-1,-1,-1,-1,1,1,E01006507,0
Unvalidated,2024052400511,2024,052400511,2,19,0,18,6,2,0,0,0,0,0,0,3,1,6,1,32,6,-1,-1,-1,-1,1,1,E01006461,0
Unvalidated,2024052400512,2024,052400512,1,9,0,18,1,5,0,8,1,4,1,4,1,1,6,1,29,6,-1,-1,-1,-1,5,3,E01018480,0
Unvalidated,2024052400512,2024,052400512,2,9,0,9,3,5,0,6,0,0,7,2,4,1,3,2,36,7,-1,-1,-1,-1,7,1,E01007222,0
Unvalidated,2024052400512,2024,052400512,3,9,0,2,0,0,0,2,0,0,1,0,2,1,6,3,-1,-1,-1,-1,-1,-1,-1,-1,-1,0
Unvalidated,2024052400515,2024,052400515,1,9,0,18,5,1,0,0,1,0,1,4,3,1,6,2,18,4,-1,-1,-1,-1,5,1,E01006427,0
Unvalidated,2024052400519,2024,052400519,1,4,0,18,5,1,0,1,0,0,0,0,1,1,6,1,39,7,-1,-1,-1,-1,1,1,E01033763,0
Unvalidated,2024052400520,2024,052400520,1,9,0,18,7,3,0,1,0,0,0,0,1,1,6,1,46,8,-1,-1,-1,-1,6,1,E01006621,0
Unvalidated,2024052400521,2024,052400521,1,8,0,9,1,7,0,8,0,0,0,0,1,1,1,3,-1,-1,-1,-1,-1,-1,-1,-1,-1,0
Unvalidated,2024052400525,2024,052400525,1,1,0,18,2,6,0,1,0,0,0,0,4,1,1,1,41,7,-1,-1,-1,-1,1,1,E01006540,0
Unvalidated,2024052400525,2024,052400525,2,8,0,18,4,8,0,2,0,0,0,0,1,1,1,3,-1,-1,-1,-1,-1,-1,-1,-1,-1,0
Unvalidated,2024052400526,2024,052400526,1,9,0,9,3,1,0,1,0,0,0,0,1,1,1,3,-1,-1,-1,-1,-1,-1,-1,-1,-1,0
Unvalidated,2024052400526,2024,052400526,2,1,0,18,7,3,0,1,0,0,0,0,1,1,6,1,42,7,-1,-1,-1,-1,2,1,E01007024,0
Unvalidated,2024052400527,2024,052400527,1,8,0,9,1,7,0,1,0,0,0,0,1,1,6,3,-1,-1,-1,-1,-1,-1,-1,-1,-1,0
Unvalidated,2024052400528,2024,052400528,1,21,0,18,1,5,0,0,0,0,0,0,1,1,6,1,-1,-1,-1,-1,-1,-1,-1,-1,-1,0
Unvalidated,2024052400528,2024,052400528,2,9,0,4,1,5,0,0,0,0,0,0,2,1,6,2,24,5,-1,-1,-1,-1,3,1,E01007181,0
Unvalidated,2024052400528,2024,052400528,3,9,0,4,1,5,0,0,0,0,0,0,2,1,6,2,-1,-1,-1,-1,-1,-1,6,1,E01007044,0
Unvalidated,2024052400529,2024,052400529,1,9,0,18,1,5,0,0,0,0,0,0,1,1,6,2,-1,-1,-1,-1,-1,-1,1,1,E01006522,0
Unvalidated,2024052400530,2024,052400530,1,19,0,1,5,1,0,8,0,0,0,0,2,1,1,1,30,6,-1,-1,-1,-1,1,1,E01005313,0
Unvalidated,2024052400533,2024,052400533,1,9,0,6,7,7,0,1,0,7,1,10,1,1,6,1,81,11,-1,-1,-1,-1,2,1,E01006977,0
Unvalidated,2024052400534,2024,052400534,1,9,0,9,3,1,0,8,0,0,0,0,1,1,6,1,17,4,-1,-1,-1,-1,1,1,E01006752,0
Unvalidated,2024052400534,2024,052400534,2,3,0,18,7,3,0,8,0,0,0,0,1,1,6,1,33,6,-1,-1,-1,-1,1,1,E01006440,0
Unvalidated,2024052400536,2024,052400536,1,9,0,18,5,1,0,0,0,0,0,0,3,1,6,3,-1,-1,-1,-1,-1,-1,-1,-1,-1,0
Unvalidated,2024052400538,2024,052400538,1,9,0,18,1,5,0,0,0,0,0,0,1,1,6,3,-1,-1,-1,-1,-1,-1,-1,-1,-1,0
Unvalidated,2024052400538,2024,052400538,2,9,0,4,1,5,0,0,0,0,0,0,2,1,6,2,48,8,-1,-1,-1,-1,1,1,E01006767,0
Unvalidated,2024052400539,2024,052400539,1,20,0,1,5,7,0,0,0,0,0,0,2,1,1,1,50,8,-1,-1,-1,-1,9,3,W01000323,0
Unvalidated,2024052400540,2024,052400540,1,11,0,4,1,5,0,1,0,0,0,0,0,1,1,1,34,6,-1,-1,-1,-1,1,1,E01007289,0
Unvalidated,2024052400541,2024,052400541,1,9,0,18,1,5,0,1,0,0,0,0,1,1,2,1,38,7,-1,-1,-1,-1,5,1,E01004923,0
Unvalidated,2024052400541,2024,052400541,2,9,0,18,3,7,0,1,0,0,0,0,4,1,6,2,76,11,-1,-1,-1,-1,2,1,E01006718,0
Unvalidated,2024052400542,2024,052400542,1,9,0,18,2,6,0,0,0,0,0,0,1,1,6,1,40,7,-1,-1,-1,-1,4,1,E01007231,0
Unvalidated,2024052400542,2024,052400542,2,9,0,2,0,0,0,0,0,0,0,0,2,1,1,1,17,4,-1,-1,-1,-1,8,1,E01007279,0
Unvalidated,2024052400544,2024,052400544,1,9,0,9,1,7,0,1,0,0,0,0,3,1,2,1,65,9,-1,-1,-1,-1,2,1,E01006842,0
Unvalidated,2024052400544,2024,052400544,2,9,0,18,1,5,0,1,0,0,0,0,1,1,2,2,29,6,-1,-1,-1,-1,7,3,E01006883,0
Unvalidated,2024052400545,2024,052400545,1,9,0,18,5,1,0,4,1,10,3,0,1,1,6,1,80,11,-1,-1,-1,-1,2,1,E01006977,0
Unvalidated,2024052400546,2024,052400546,1,19,0,18,6,2,0,1,0,0,0,0,4,1,2,1,57,9,-1,-1,-1,-1,8,1,E01007031,0
Unvalidated,2024052400546,2024,052400546,2,9,0,18,8,4,0,1,0,0,0,0,1,1,2,1,41,7,-1,-1,-1,-1,3,1,E01007058,0
Unvalidated,2024052400547,2024,052400547,1,9,0,18,3,7,0,0,0,0,0,0,1,1,6,2,25,5,-1,-1,-1,-1,4,1,E01007231,0
Unvalidated,2024052400547,2024,052400547,2,9,0,4,3,7,0,0,0,0,0,0,2,1,6,1,54,8,-1,-1,-1,-1,5,1,E01007299,0
Unvalidated,2024052400548,2024,052400548,1,9,0,13,7,3,0,0,0,0,0,0,4,1,6,3,-1,-1,-1,-1,-1,-1,-1,-1,-1,0
Unvalidated,2024052400548,2024,052400548,2,4,0,18,7,3,0,0,0,0,0,0,3,1,6,1,17,4,-1,-1,-1,-1,6,2,E01006804,0
Unvalidated,2024052400549,2024,052400549,1,9,0,18,7,3,0,0,0,0,0,0,1,1,6,1,80,11,-1,-1,-1,-1,7,2,E01006884,0
Unvalidated,2024052400549,2024,052400549,2,9,0,18,3,7,0,0,0,0,0,0,1,1,6,2,61,9,-1,-1,-1,-1,4,1,E01006897,0
Unvalidated,2024052400550,2024,052400550,1,1,0,18,3,5,0,0,0,0,0,0,1,1,6,1,35,6,-1,-1,-1,-1,2,1,E01006712,0
Unvalidated,2024052400552,2024,052400552,1,9,0,5,7,3,0,0,0,0,0,0,1,1,6,3,-1,-1,-1,-1,-1,-1,-1,-1,-1,0
Unvalidated,2024052400552,2024,052400552,2,9,0,18,1,5,0,0,0,0,0,0,2,1,6,2,27,6,-1,-1,-1,-1,1,1,E01007090,0
Unvalidated,2024052400553,2024,052400553,1,9,0,5,7,3,0,4,0,0,0,0,3,1,6,2,82,11,-1,-1,-1,-1,10,1,E01006991,0
Unvalidated,2024052400553,2024,052400553,2,1,0,18,5,1,0,3,0,0,0,0,1,1,6,1,76,11,-1,-1,-1,-1,9,1,E01006936,0
Unvalidated,2024052400555,2024,052400555,1,9,0,18,4,8,0,0,0,0,0,0,1,1,3,2,32,6,-1,-1,-1,-1,1,1,E01006919,0
Unvalidated,2024052400557,2024,052400557,1,9,0,9,1,7,0,5,0,0,0,0,4,1,6,1,37,7,-1,-1,-1,-1,2,2,E01006439,0
Unvalidated,2024052400557,2024,052400557,2,2,0,18,5,1,0,8,0,0,0,0,1,1,6,1,34,6,-1,-1,-1,-1,1,1,E01006643,0
Unvalidated,2024052400558,2024,052400558,1,9,0,18,1,5,0,0,0,0,0,0,1,1,2,1,35,6,-1,-1,-1,-1,3,1,E01006743,0
Unvalidated,2024052400559,2024,052400559,1,90,0,18,5,1,0,8,0,0,0,0,1,1,6,1,14,3,-1,-1,-1,-1,1,1,E01006849,0
Unvalidated,2024052400559,2024,052400559,2,9,0,15,3,7,0,1,0,0,0,0,0,1,6,2,28,6,-1,-1,-1,-1,1,1,E01006874,0
Unvalidated,2024052400561,2024,052400561,1,9,0,18,5,1,0,2,0,0,0,0,1,1,1,1,58,9,-1,-1,-1,-1,1,1,E01006661,0
Unvalidated,2024052400563,2024,052400563,1,9,0,18,1,5,0,1,0,0,0,0,1,1,6,3,-1,-1,-1,-1,-1,-1,-1,-1,-1,0
Unvalidated,2024052400563,2024,052400563,2,9,0,3,1,5,0,1,0,0,0,0,2,1,6,1,27,6,-1,-1,-1,-1,1,1,E01006696,0
Unvalidated,2024052400563,2024,052400563,3,9,0,10,1,7,0,1,0,0,0,0,2,1,6,1,31,6,-1,-1,-1,-1,1,1,E01006613,0
Unvalidated,2024052400564,2024,052400564,1,9,0,5,6,2,0,1,0,0,0,0,1,1,6,3,-1,-1,-1,-1,-1,-1,-1,-1,-1,0
Unvalidated,2024052400564,2024,052400564,2,9,0,5,6,2,0,1,0,0,0,0,2,1,6,2,50,8,-1,-1,-1,-1,1,1,E01006436,0
Unvalidated,2024052400567,2024,052400567,1,9,0,9,8,6,0,8,0,0,1,2,1,1,6,1,60,9,-1,-1,-1,-1,2,1,E01012412,0
Unvalidated,2024052400567,2024,052400567,2,9,0,18,4,8,0,8,0,0,0,0,1,1,6,1,19,4,-1,-1,-1,-1,4,1,E01006537,0
Unvalidated,2024052400567,2024,052400567,3,9,0,3,6,2,0,1,0,0,0,0,1,1,6,1,66,10,-1,-1,-1,-1,3,1,E01006799,0
Unvalidated,2024052400569,2024,052400569,1,9,0,18,5,1,0,8,0,0,0,0,1,1,2,1,22,5,-1,-1,-1,-1,1,1,E01012455,0
Unvalidated,2024052400570,2024,052400570,1,9,0,18,3,7,0,1,0,0,0,0,1,1,6,1,62,9,-1,-1,-1,-1,4,1,E01006513,0
Unvalidated,2024052400570,2024,052400570,2,9,0,4,3,7,0,1,0,0,0,0,2,1,6,1,29,6,-1,-1,-1,-1,1,1,E01006692,0
Unvalidated,2024052400572,2024,052400572,1,9,0,18,1,5,0,8,0,0,0,0,4,1,6,1,30,6,-1,-1,-1,-1,3,1,E01006786,0
Unvalidated,2024052400572,2024,052400572,2,9,0,18,3,7,0,8,0,0,0,0,1,1,6,1,44,7,-1,-1,-1,-1,3,1,E01006836,0
Unvalidated,2024052400573,2024,052400573,1,9,0,18,1,5,0,0,0,8,0,0,3,1,6,2,60,9,-1,-1,-1,-1,5,1,E01006983,0
Unvalidated,2024052400573,2024,052400573,2,9,0,2,0,0,0,0,0,0,0,0,3,1,6,3,-1,-1,-1,-1,-1,-1,-1,-1,-1,0
Unvalidated,2024052400574,2024,052400574,1,9,0,18,5,1,0,1,0,0,0,0,1,1,6,2,64,9,-1,-1,-1,-1,8,1,E01007097,0
Unvalidated,2024052400574,2024,052400574,2,9,0,18,5,1,0,1,0,0,0,0,2,1,6,1,30,6,-1,-1,-1,-1,1,1,E01007273,0
Unvalidated,2024052400576,2024,052400576,1,9,0,9,1,7,0,2,0,0,0,0,1,1,2,2,56,9,-1,-1,-1,-1,1,1,E01006740,0
Unvalidated,2024052400577,2024,052400577,1,9,0,18,5,1,0,0,0,0,0,0,1,1,6,3,-1,-1,-1,-1,-1,-1,-1,-1,-1,0
Unvalidated,2024052400577,2024,052400577,2,9,0,4,5,1,0,0,0,0,0,0,2,1,1,2,20,4,-1,-1,-1,-1,6,1,E01025500,0
Unvalidated,2024052400578,2024,052400578,1,9,0,18,3,7,0,0,0,0,0,0,1,1,6,2,30,6,-1,-1,-1,-1,2,1,E01007271,0
Unvalidated,2024052400578,2024,052400578,2,9,0,18,7,3,0,0,0,0,0,0,1,1,6,1,63,9,-1,-1,-1,-1,3,1,E01007276,0
Unvalidated,2024052400579,2024,052400579,1,9,0,5,7,3,0,1,0,0,0,0,1,1,1,1,-1,-1,-1,-1,-1,-1,-1,-1,-1,0
Unvalidated,2024052400579,2024,052400579,2,9,0,18,1,5,0,1,0,0,0,0,3,1,6,1,33,6,-1,-1,-1,-1,7,1,E01006668,0
Unvalidated,2024052400582,2024,052400582,2,9,0,14,5,1,0,0,0,0,0,0,4,1,1,1,31,6,-1,-1,-1,-1,1,1,E01006739,0
Unvalidated,2024052400582,2024,052400582,3,11,0,2,0,0,0,0,0,0,0,0,0,1,1,3,-1,-1,-1,-1,-1,-1,-1,-1,-1,0
Unvalidated,2024052400583,2024,052400583,1,8,0,5,3,7,0,0,0,0,0,0,4,1,1,3,-1,-1,-1,-1,-1,-1,-1,-1,-1,0
Unvalidated,2024052400584,2024,052400584,1,9,0,5,3,7,0,1,0,0,0,0,1,1,6,1,52,8,-1,-1,-1,-1,1,1,E01006821,0
Unvalidated,2024052400584,2024,052400584,2,1,0,18,5,1,0,6,0,0,0,0,3,1,6,1,68,10,-1,-1,-1,-1,1,1,E01006821,0
Unvalidated,2024052400587,2024,052400587,1,9,9,99,9,9,0,9,0,99,9,99,9,9,6,1,38,7,-1,-1,-1,-1,1,1,E01007005,0
Unvalidated,2024052400587,2024,052400587,2,1,0,99,9,9,0,9,0,99,9,99,2,1,6,1,23,5,-1,-1,-1,-1,1,1,E01007085,0
Unvalidated,2024052400588,2024,052400588,1,9,0,18,3,7,0,1,0,0,0,0,1,1,6,2,40,7,-1,-1,-1,-1,1,1,E01007019,0
Unvalidated,2024052400588,2024,052400588,2,9,0,18,3,7,0,1,0,0,0,0,2,1,6,1,64,9,-1,-1,-1,-1,7,1,E01007098,0
Unvalidated,2024052400590,2024,052400590,1,8,0,9,3,7,0,1,0,0,0,0,1,1,6,1,-1,-1,-1,-1,-1,-1,4,1,E01006584,0
Unvalidated,2024052400590,2024,052400590,2,1,0,18,7,3,0,1,0,0,0,0,1,1,2,1,27,6,-1,-1,-1,-1,1,1,E01006691,0
Unvalidated,2024052400594,2024,052400594,1,8,0,1,5,1,0,0,0,0,0,0,2,1,1,1,58,9,-1,-1,-1,-1,1,1,E01006871,0
Unvalidated,2024052400595,2024,052400595,1,9,0,4,1,5,0,1,0,0,0,0,2,1,1,1,-1,-1,-1,-1,-1,-1,1,1,E01006445,0
Unvalidated,2024052400595,2024,052400595,2,9,0,5,1,5,0,1,0,0,0,0,1,1,6,1,-1,-1,-1,-1,-1,-1,1,1,E01006483,0
Unvalidated,2024052400596,2024,052400596,1,9,0,17,7,5,0,1,0,0,0,0,1,1,3,2,33,6,-1,-1,-1,-1,9,2,E01006886,0
Unvalidated,2024052400596,2024,052400596,2,9,0,16,5,1,0,1,0,0,0,0,1,1,3,2,45,7,-1,-1,-1,-1,7,2,E01006884,0
Unvalidated,2024052400597,2024,052400597,1,9,0,9,1,3,0,6,0,0,0,0,1,1,6,2,18,4,-1,-1,-1,-1,7,1,E01006623,0
Unvalidated,2024052400597,2024,052400597,2,9,0,18,1,5,0,1,0,0,0,0,1,1,6,1,41,7,-1,-1,-1,-1,4,1,E01006570,0
Unvalidated,2024052400598,2024,052400598,1,8,0,5,1,5,0,0,0,0,0,0,4,1,1,3,-1,-1,-1,-1,-1,-1,-1,-1,-1,0
Unvalidated,2024052400600,2024,052400600,1,9,0,18,3,7,0,0,0,0,0,0,1,1,6,1,16,4,-1,-1,-1,-1,2,1,E01025529,0
Unvalidated,2024052400600,2024,052400600,2,9,0,4,3,7,0,0,0,0,0,0,2,1,1,1,45,7,-1,-1,-1,-1,-1,-1,-1,0
Unvalidated,2024052400600,2024,052400600,3,9,0,18,3,7,0,0,0,0,0,0,4,1,1,1,44,7,-1,-1,-1,-1,-1,-1,-1,0
Unvalidated,2024052400600,2024,052400600,4,9,0,18,3,7,0,0,0,0,0,0,3,1,1,1,38,7,-1,-1,-1,-1,-1,-1,-1,0
Unvalidated,2024052400601,2024,052400601,1,9,0,9,7,5,0,1,0,0,0,0,1,1,6,3,-1,-1,-1,-1,-1,-1,-1,-1,-1,0