status,collision_index,collision_year,collision_reference,vehicle_reference,vehicle_type,towing_and_articulation,vehicle_manoeuvre,vehicle_direction_from,vehicle_direction_to,vehicle_location_restricted_lane,junction_location,skidding_and_overturning,hit_object_in_carriageway,vehicle_leaving_carriageway,hit_object_off_carriageway,first_point_of_impact,vehicle_left_hand_drive,journey_purpose_of_driver,sex_of_driver,age_of_driver,age_band_of_driver,engine_capacity_cc,propulsion_code,age_of_vehicle,generic_make_model,driver_imd_decile,driver_home_area_type,lsoa_of_driver,escooter_flag
Unvalidated,2024052400601,2024,052400601,2,1,0,18,3,7,0,1,0,0,0,0,3,1,6,1,39,7,-1,-1,-1,-1,2,1,E01006663,0
Unvalidated,2024052400602,2024,052400602,1,9,0,7,3,5,0,1,0,0,0,0,1,1,6,3,-1,-1,-1,-1,-1,-1,-1,-1,-1,0
Unvalidated,2024052400602,2024,052400602,2,1,0,18,1,5,0,1,0,0,0,0,4,1,1,1,40,7,-1,-1,-1,-1,-1,-1,-1,0
Unvalidated,2024052400603,2024,052400603,1,9,0,18,5,1,0,0,0,0,0,0,1,1,6,3,-1,-1,-1,-1,-1,-1,-1,-1,-1,0
Unvalidated,2024052400603,2024,052400603,2,8,0,2,0,0,0,0,0,0,0,0,2,1,1,1,-1,-1,-1,-1,-1,-1,1,1,E01006693,0
Unvalidated,2024052400604,2024,052400604,1,9,0,18,3,7,0,1,0,0,0,0,4,1,6,1,69,10,-1,-1,-1,-1,1,1,E01007011,0
Unvalidated,2024052400607,2024,052400607,1,9,0,18,8,4,0,0,0,0,0,0,1,1,6,3,-1,-1,-1,-1,-1,-1,-1,-1,-1,0
Unvalidated,2024052400607,2024,052400607,2,1,0,18,6,2,0,0,0,0,0,0,1,1,6,1,22,5,-1,-1,-1,-1,2,1,E01006785,0
Unvalidated,2024052400608,2024,052400608,1,9,0,18,6,2,0,0,0,0,0,0,1,1,2,1,63,9,-1,-1,-1,-1,1,1,E01006672,0
Unvalidated,2024052400609,2024,052400609,1,9,0,4,2,6,0,0,0,0,0,0,1,1,6,2,92,11,-1,-1,-1,-1,5,1,E01007221,0
Unvalidated,2024052400609,2024,052400609,2,9,0,4,2,6,0,0,0,0,0,0,2,1,6,1,70,10,-1,-1,-1,-1,6,1,E01007252,0
Unvalidated,2024052400612,2024,052400612,1,9,0,18,3,7,0,1,0,0,0,0,1,1,6,1,61,9,-1,-1,-1,-1,1,1,E01006957,0
Unvalidated,2024052400613,2024,052400613,1,9,0,5,2,6,0,0,0,0,0,0,1,1,6,3,-1,-1,-1,-1,-1,-1,-1,-1,-1,0
Unvalidated,2024052400613,2024,052400613,2,1,0,18,3,7,0,0,0,0,0,0,4,1,6,1,62,9,-1,-1,-1,-1,1,1,E01007133,0
Unvalidated,2024052400614,2024,052400614,1,19,0,1,3,7,0,0,0,0,0,0,2,1,3,1,50,8,-1,-1,-1,-1,1,1,E01006705,0
Unvalidated,2024052400614,2024,052400614,2,1,0,4,3,7,0,0,0,0,0,0,1,1,3,1,39,7,-1,-1,-1,-1,2,1,E01006726,0
Unvalidated,2024052400617,2024,052400617,1,9,0,18,7,3,0,0,0,0,0,0,3,1,1,1,66,10,-1,-1,-1,-1,8,1,E01007097,0
Unvalidated,2024052400617,2024,052400617,2,1,0,18,5,1,0,0,0,0,0,0,1,1,6,2,17,4,-1,-1,-1,-1,3,1,E01006575,0
Unvalidated,2024052400618,2024,052400618,1,1,0,18,1,5,0,0,0,0,0,0,1,1,2,1,37,7,-1,-1,-1,-1,3,1,E01012368,0
Unvalidated,2024052400620,2024,052400620,1,9,0,9,2,6,0,6,0,0,0,0,1,1,1,2,47,8,-1,-1,-1,-1,1,1,E01033763,0
Unvalidated,2024052400620,2024,052400620,2,4,0,18,4,8,0,1,0,0,0,0,1,1,6,2,19,4,-1,-1,-1,-1,3,1,E01006253,0
Unvalidated,2024052400623,2024,052400623,1,9,0,16,7,3,0,0,0,0,8,10,1,1,6,1,79,11,-1,-1,-1,-1,10,1,E01007189,0
Unvalidated,2024052400625,2024,052400625,1,9,0,9,3,5,0,1,0,0,0,0,1,1,6,2,61,9,-1,-1,-1,-1,10,1,E01007188,0
Unvalidated,2024052400625,2024,052400625,2,9,0,18,7,8,0,1,0,0,0,0,1,1,6,1,74,10,-1,-1,-1,-1,3,1,E01027312,0
Unvalidated,2024052400626,2024,052400626,1,23,0,18,4,8,0,0,0,0,0,0,1,1,6,3,-1,-1,-1,-1,-1,-1,-1,-1,-1,0
Unvalidated,2024052400627,2024,052400627,1,9,0,5,1,5,0,1,0,0,0,0,3,1,6,2,20,4,-1,-1,-1,-1,5,1,E01006490,0
Unvalidated,2024052400627,2024,052400627,2,3,0,18,7,3,0,1,0,0,0,0,1,1,6,1,22,5,-1,-1,-1,-1,1,1,E01006764,0
Unvalidated,2024052400628,2024,052400628,1,9,0,18,4,8,0,1,0,0,0,0,4,1,6,1,37,7,-1,-1,-1,-1,4,1,E01006681,0
Unvalidated,2024052400629,2024,052400629,1,9,0,18,1,5,0,0,0,0,0,0,1,1,2,2,41,7,-1,-1,-1,-1,2,1,E01006477,0
Unvalidated,2024052400630,2024,052400630,1,9,0,18,7,3,0,1,0,0,0,0,1,1,6,3,-1,-1,-1,-1,-1,-1,-1,-1,-1,0
Unvalidated,2024052400630,2024,052400630,2,90,0,18,1,5,0,1,0,0,0,0,3,1,6,1,14,3,-1,-1,-1,-1,3,1,E01006717,0
Unvalidated,2024052400631,2024,052400631,1,9,0,15,3,7,0,0,0,0,0,0,1,1,3,2,38,7,-1,-1,-1,-1,1,1,E01006642,0
Unvalidated,2024052400631,2024,052400631,2,11,0,2,0,0,0,0,0,0,0,0,2,1,1,1,66,10,-1,-1,-1,-1,-1,-1,-1,0
Unvalidated,2024052400632,2024,052400632,1,19,0,5,3,7,0,1,0,0,0,0,3,1,6,3,-1,-1,-1,-1,-1,-1,-1,-1,-1,0
Unvalidated,2024052400632,2024,052400632,2,9,0,18,1,5,0,1,0,0,0,0,1,1,6,1,29,6,-1,-1,-1,-1,2,1,E01006520,0
Unvalidated,2024052400633,2024,052400633,1,9,0,18,3,7,0,0,0,0,0,0,1,1,1,2,34,6,-1,-1,-1,-1,1,1,E01006981,0
Unvalidated,2024052400633,2024,052400633,2,8,0,18,7,3,0,0,0,0,0,0,1,1,1,1,55,8,-1,-1,-1,-1,1,1,E01007085,0
Unvalidated,2024052400634,2024,052400634,1,9,0,17,7,5,0,8,0,0,0,0,3,1,6,1,52,8,-1,-1,-1,-1,9,1,E01007021,0
Unvalidated,2024052400634,2024,052400634,2,9,0,18,5,1,0,8,0,0,0,0,1,1,2,1,46,8,-1,-1,-1,-1,2,1,E01006618,0
Unvalidated,2024052400637,2024,052400637,1,9,0,18,3,7,0,8,0,0,0,0,1,1,6,2,32,6,-1,-1,-1,-1,9,1,E01006796,0
Unvalidated,2024052400637,2024,052400637,2,9,0,18,1,7,0,8,0,0,0,0,3,1,2,1,32,6,-1,-1,-1,-1,2,1,E01006536,0
Unvalidated,2024052400638,2024,052400638,1,9,0,18,7,3,0,1,0,0,0,0,1,1,6,1,42,7,-1,-1,-1,-1,1,1,E01007010,0
Unvalidated,2024052400638,2024,052400638,2,9,0,3,7,3,0,1,0,0,0,0,2,1,6,1,24,5,-1,-1,-1,-1,10,1,E01006993,0
Unvalidated,2024052400639,2024,052400639,1,9,0,9,5,4,0,8,0,0,0,0,1,1,6,1,34,6,-1,-1,-1,-1,1,1,E01006556,0
Unvalidated,2024052400642,2024,052400642,1,9,0,18,7,3,0,0,0,0,0,0,1,1,6,2,21,5,-1,-1,-1,-1,5,1,E01007161,0
Unvalidated,2024052400643,2024,052400643,1,9,0,18,7,3,0,0,0,0,0,0,4,1,6,2,63,9,-1,-1,-1,-1,8,1,E01012550,0
Unvalidated,2024052400644,2024,052400644,1,22,0,5,5,1,0,6,0,0,0,0,1,1,3,2,52,8,-1,-1,-1,-1,1,1,E01006706,0
Unvalidated,2024052400644,2024,052400644,2,19,0,18,5,1,0,1,0,0,0,0,4,1,1,1,64,9,-1,-1,-1,-1,3,1,E01006452,0
Unvalidated,2024052400645,2024,052400645,1,9,0,18,3,7,0,0,0,0,0,0,1,1,6,3,-1,-1,-1,-1,-1,-1,-1,-1,-1,0
Unvalidated,2024052400646,2024,052400646,1,1,0,18,4,8,0,0,0,0,0,0,1,1,6,1,-1,-1,-1,-1,-1,-1,-1,-1,-1,0
Unvalidated,2024052400647,2024,052400647,1,90,0,18,2,6,0,0,0,0,0,0,1,1,6,1,10,2,-1,-1,-1,-1,1,1,E01006909,0
Unvalidated,2024052400647,2024,052400647,2,9,0,18,6,2,0,0,0,0,0,0,1,1,6,1,82,11,-1,-1,-1,-1,1,1,E01006909,0
Unvalidated,2024052400649,2024,052400649,1,19,0,18,2,6,0,8,0,0,0,0,1,1,1,2,55,8,-1,-1,-1,-1,7,1,E01006668,0
Unvalidated,2024052400649,2024,052400649,2,9,0,18,4,8,0,8,0,0,4,11,3,1,6,2,70,10,-1,-1,-1,-1,2,1,E01006508,0
Unvalidated,2024052400650,2024,052400650,1,9,0,18,4,8,0,0,1,0,0,0,4,1,6,1,27,6,-1,-1,-1,-1,3,1,E01007236,0
Unvalidated,2024052400650,2024,052400650,2,9,0,2,0,0,0,0,0,0,0,0,3,1,6,1,32,6,-1,-1,-1,-1,1,1,E01007257,0
Unvalidated,2024052400651,2024,052400651,1,9,0,4,5,1,0,1,0,0,0,0,1,1,6,2,33,6,-1,-1,-1,-1,2,1,E01006879,0
Unvalidated,2024052400651,2024,052400651,2,9,0,8,5,1,0,1,0,0,0,0,2,1,6,2,52,8,-1,-1,-1,-1,3,1,E01006496,0
Unvalidated,2024052400652,2024,052400652,1,9,0,5,4,1,0,0,0,0,0,0,2,1,6,3,-1,-1,-1,-1,-1,-1,-1,-1,-1,0
Unvalidated,2024052400652,2024,052400652,2,9,0,18,4,1,0,0,0,0,0,0,1,1,6,2,-1,-1,-1,-1,-1,-1,-1,-1,-1,0
Unvalidated,2024052400652,2024,052400652,3,9,0,18,4,1,0,0,0,0,0,0,1,1,6,1,40,7,-1,-1,-1,-1,9,1,E01007096,0
Unvalidated,2024052400654,2024,052400654,1,9,0,18,3,7,0,1,0,0,0,0,1,1,6,1,64,9,-1,-1,-1,-1,8,1,E01007315,0
Unvalidated,2024052400655,2024,052400655,1,19,0,18,7,3,0,6,0,0,0,0,3,1,1,1,58,9,-1,-1,-1,-1,1,1,E01005639,0
Unvalidated,2024052400655,2024,052400655,2,9,0,18,5,1,0,1,0,0,0,0,4,1,6,1,76,11,-1,-1,-1,-1,2,1,E01006862,0
Unvalidated,2024052400656,2024,052400656,1,19,0,1,1,5,0,0,0,0,0,0,2,1,1,1,29,6,-1,-1,-1,-1,1,1,E01006759,0
Unvalidated,2024052400656,2024,052400656,2,1,0,18,5,1,0,0,0,0,0,0,1,1,6,1,68,10,-1,-1,-1,-1,5,1,E01006978,0
Unvalidated,2024052400659,2024,052400659,1,8,0,18,5,1,0,2,0,0,0,0,1,1,1,1,64,9,-1,-1,-1,-1,1,1,E01006440,0
Unvalidated,2024052400659,2024,052400659,2,1,0,18,9,9,0,5,0,99,9,99,1,1,6,1,15,3,-1,-1,-1,-1,1,1,E01006662,0
Unvalidated,2024052400660,2024,052400660,1,9,0,4,0,-1,0,0,0,0,0,0,1,1,1,3,-1,-1,-1,-1,-1,-1,-1,-1,-1,0
Unvalidated,2024052400660,2024,052400660,2,9,0,2,0,0,0,0,0,0,0,0,2,1,6,3,-1,-1,-1,-1,-1,-1,-1,-1,-1,0
Unvalidated,2024052400661,2024,052400661,1,9,0,9,7,5,0,8,0,0,0,0,1,1,6,1,21,5,-1,-1,-1,-1,1,1,E01006648,0
Unvalidated,2024052400661,2024,052400661,2,1,0,18,3,7,0,8,0,0,0,0,1,1,6,1,20,4,-1,-1,-1,-1,2,1,E01006723,0
Unvalidated,2024052400662,2024,052400662,1,1,0,9,6,4,0,8,0,0,0,0,1,1,6,1,8,2,-1,-1,-1,-1,4,1,E01006976,0
Unvalidated,2024052400662,2024,052400662,2,8,0,1,4,8,0,1,0,0,0,0,2,1,1,2,41,7,-1,-1,-1,-1,5,1,E01006640,0
Unvalidated,2024052400666,2024,052400666,1,9,0,18,5,1,0,1,0,0,0,0,1,1,6,2,42,7,-1,-1,-1,-1,3,1,E01006671,0
Unvalidated,2024052400666,2024,052400666,2,9,0,18,5,1,0,1,0,0,0,0,2,1,6,1,64,9,-1,-1,-1,-1,1,1,E01006445,0
Unvalidated,2024052400666,2024,052400666,3,19,0,10,5,1,0,1,0,0,0,0,2,1,6,1,31,6,-1,-1,-1,-1,1,1,E01006522,0
Unvalidated,2024052400667,2024,052400667,1,9,0,18,5,1,0,0,5,0,0,0,1,1,6,1,61,9,-1,-1,-1,-1,9,1,E01006367,0
Unvalidated,2024052400667,2024,052400667,2,9,0,2,0,0,0,0,0,0,0,0,2,1,6,3,-1,-1,-1,-1,-1,-1,-1,-1,-1,0
Unvalidated,2024052400668,2024,052400668,1,9,0,18,1,5,0,1,0,0,0,0,4,1,6,3,-1,-1,-1,-1,-1,-1,-1,-1,-1,0
Unvalidated,2024052400668,2024,052400668,2,8,0,2,0,0,0,1,0,0,0,0,3,1,1,1,58,9,-1,-1,-1,-1,1,1,E01007304,0
Unvalidated,2024052400669,2024,052400669,1,9,0,18,3,7,0,1,0,0,0,0,1,1,6,2,43,7,-1,-1,-1,-1,2,1,E01006451,0
Unvalidated,2024052400669,2024,052400669,2,19,0,4,3,7,0,1,0,0,0,0,2,1,6,1,53,8,-1,-1,-1,-1,4,1,E01006485,0
Unvalidated,2024052400669,2024,052400669,3,9,0,4,3,7,0,1,0,0,0,0,2,1,6,1,51,8,-1,-1,-1,-1,1,1,E01006480,0
Unvalidated,2024052400674,2024,052400674,1,9,0,18,3,7,0,0,0,0,0,0,1,1,6,2,-1,-1,-1,-1,-1,-1,-1,-1,-1,0
Unvalidated,2024052400675,2024,052400675,1,90,0,18,1,5,0,0,0,0,0,0,1,1,6,1,25,5,-1,-1,-1,-1,7,2,E01024961,0
Unvalidated,2024052400676,2024,052400676,1,9,0,18,1,5,0,0,0,0,0,0,1,1,6,3,-1,-1,-1,-1,-1,-1,-1,-1,-1,0
Unvalidated,2024052400676,2024,052400676,2,9,0,18,1,5,0,0,0,0,0,0,2,1,2,1,50,8,-1,-1,-1,-1,4,3,E01025474,0
Unvalidated,2024052400680,2024,052400680,1,9,0,18,7,3,0,2,0,0,0,0,3,1,2,2,34,6,-1,-1,-1,-1,6,1,E01007061,0
Unvalidated,2024052400680,2024,052400680,2,5,0,18,5,1,0,1,1,0,0,0,1,1,2,1,20,4,-1,-1,-1,-1,1,1,E01006950,0
Unvalidated,2024052400681,2024,052400681,1,9,0,18,8,4,0,2,0,0,0,0,3,1,2,1,40,7,-1,-1,-1,-1,2,1,E01032510,0
Unvalidated,2024052400682,2024,052400682,1,8,0,18,3,7,0,0,0,0,0,0,1,1,1,3,-1,-1,-1,-1,-1,-1,-1,-1,-1,0
Unvalidated,2024052400683,2024,052400683,1,21,1,12,3,7,0,1,0,0,0,0,3,1,1,3,-1,-1,-1,-1,-1,-1,-1,-1,-1,0
Unvalidated,2024052400683,2024,052400683,2,9,0,18,3,7,0,2,0,0,0,0,4,1,1,1,41,7,-1,-1,-1,-1,1,1,E01006746,0
Unvalidated,2024052400684,2024,052400684,1,9,0,18,3,7,0,0,0,0,0,0,1,1,6,3,-1,-1,-1,-1,-1,-1,-1,-1,-1,0
Unvalidated,2024052400685,2024,052400685,1,9,0,5,4,7,0,4,0,0,0,0,1,1,6,2,67,10,-1,-1,-1,-1,4,1,E01006620,0
Unvalidated,2024052400686,2024,052400686,1,17,0,9,5,3,0,1,0,0,0,0,1,1,6,1,54,8,-1,-1,-1,-1,7,1,E01018742,0
Unvalidated,2024052400686,2024,052400686,2,9,0,3,1,5,0,1,0,0,0,0,4,1,6,1,31,6,-1,-1,-1,-1,1,1,E01006676,0
Unvalidated,2024052400687,2024,052400687,1,9,0,18,3,7,0,4,0,0,0,0,3,1,2,3,-1,-1,-1,-1,-1,-1,-1,-1,-1,0
Unvalidated,2024052400687,2024,052400687,2,3,0,18,3,7,0,8,0,0,0,0,4,1,2,1,23,5,-1,-1,-1,-1,1,1,E01006778,0
Unvalidated,2024052400689,2024,052400689,1,9,0,5,3,7,0,0,0,0,0,0,1,1,2,2,31,6,-1,-1,-1,-1,1,1,E01012545,0
Unvalidated,2024052400689,2024,052400689,2,9,0,18,1,5,0,0,0,0,0,0,1,1,6,2,31,6,-1,-1,-1,-1,4,1,E01006890,0
Unvalidated,2024052400690,2024,052400690,1,9,0,18,5,1,0,0,0,0,0,0,1,1,1,1,32,6,-1,-1,-1,-1,7,1,E01007301,0
Unvalidated,2024052400690,2024,052400690,2,9,0,18,5,1,0,0,0,0,0,0,2,1,6,1,44,7,-1,-1,-1,-1,10,1,E01018533,0
Unvalidated,2024052400691,2024,052400691,1,9,0,9,1,6,0,5,0,0,0,0,1,1,2,2,39,7,-1,-1,-1,-1,6,1,E01006955,0
Unvalidated,2024052400691,2024,052400691,2,1,0,18,5,1,0,8,0,0,0,0,2,1,6,1,57,9,-1,-1,-1,-1,3,1,E01007022,0
Unvalidated,2024052400692,2024,052400692,1,9,0,18,5,1,0,0,0,0,0,0,1,1,2,2,21,5,-1,-1,-1,-1,7,1,E01007071,0
Unvalidated,2024052400692,2024,052400692,2,9,0,3,5,1,0,0,0,0,0,0,2,1,6,2,25,5,-1,-1,-1,-1,1,1,E01007087,0
Unvalidated,2024052400695,2024,052400695,1,9,0,18,3,7,0,0,0,0,0,0,1,1,6,3,-1,-1,-1,-1,-1,-1,-1,-1,-1,0
Unvalidated,2024052400697,2024,052400697,1,9,0,18,3,7,0,0,0,0,0,0,1,1,6,2,35,6,-1,-1,-1,-1,7,1,E01007301,0
Unvalidated,2024052400697,2024,052400697,2,9,0,4,3,7,0,0,0,0,0,0,2,1,1,2,39,7,-1,-1,-1,-1,2,1,E01018542,0
Unvalidated,2024052400698,2024,052400698,1,19,0,18,1,5,0,0,0,0,0,0,1,1,1,1,29,6,-1,-1,-1,-1,1,1,E01006437,0
Unvalidated,2024052400698,2024,052400698,2,9,0,18,1,5,0,0,0,0,0,0,2,1,6,1,66,10,-1,-1,-1,-1,3,1,E01006717,0
Unvalidated,2024052400699,2024,052400699,1,19,0,7,7,3,0,4,0,0,0,0,1,1,6,3,-1,-1,-1,-1,-1,-1,-1,-1,-1,0
Unvalidated,2024052400699,2024,052400699,2,3,0,9,3,1,0,3,0,0,0,0,4,1,2,2,22,5,-1,-1,-1,-1,1,1,E01007055,0
Unvalidated,2024052400701,2024,052400701,1,1,0,18,2,6,0,0,0,0,0,0,1,1,6,1,26,6,-1,-1,-1,-1,1,1,E01006515,0
Unvalidated,2024052400701,2024,052400701,2,9,0,5,6,8,0,0,0,0,0,0,3,1,1,1,26,6,-1,-1,-1,-1,2,1,E01006520,0
Unvalidated,2024052400703,2024,052400703,1,1,0,18,3,7,0,0,0,0,0,0,1,1,6,1,-1,-1,-1,-1,-1,-1,-1,-1,-1,0
Unvalidated,2024052400704,2024,052400704,1,8,0,5,5,1,0,0,0,0,0,0,3,1,1,3,-1,-1,-1,-1,-1,-1,-1,-1,-1,0
Unvalidated,2024052400707,2024,052400707,1,8,0,1,1,5,0,1,0,0,0,0,2,1,6,1,52,8,-1,-1,-1,-1,1,1,E01006720,0
Unvalidated,2024052400709,2024,052400709,1,9,0,5,5,1,0,1,0,0,0,0,1,1,6,2,41,7,-1,-1,-1,-1,4,1,E01007040,0
Unvalidated,2024052400709,2024,052400709,2,9,0,18,7,3,0,1,0,0,0,0,1,1,6,2,20,4,-1,-1,-1,-1,6,1,E01007072,0
Unvalidated,2024052400712,2024,052400712,1,19,0,18,7,3,0,6,0,0,0,0,4,1,2,3,-1,-1,-1,-1,-1,-1,-1,-1,-1,0
Unvalidated,2024052400712,2024,052400712,2,3,0,18,1,5,0,1,0,0,0,0,1,1,2,1,19,4,-1,-1,-1,-1,2,1,E01012388,0
Unvalidated,2024052400713,2024,052400713,1,1,0,18,7,3,0,0,0,0,0,0,1,1,6,1,53,8,-1,-1,-1,-1,1,1,E01006721,0
Unvalidated,2024052400716,2024,052400716,1,9,0,17,8,6,0,0,5,0,1,2,1,1,6,1,17,4,-1,-1,-1,-1,2,1,E01006523,0
Unvalidated,2024052400718,2024,052400718,1,9,0,18,8,4,0,6,0,0,0,0,1,1,2,1,62,9,-1,-1,-1,-1,1,1,E01032903,0
Unvalidated,2024052400718,2024,052400718,2,9,0,18,2,6,0,1,0,0,0,0,3,1,6,1,55,8,-1,-1,-1,-1,1,1,E01007126,0
Unvalidated,2024052400719,2024,052400719,1,9,0,9,1,7,0,0,0,0,0,0,1,1,6,1,-1,-1,-1,-1,-1,-1,-1,-1,-1,0
Unvalidated,2024052400719,2024,052400719,2,1,0,18,5,1,0,0,0,0,0,0,1,1,6,1,44,7,-1,-1,-1,-1,1,1,E01006598,0
Unvalidated,2024052400720,2024,052400720,1,9,0,5,2,5,0,4,0,0,0,0,1,1,6,1,73,10,-1,-1,-1,-1,2,1,E01006667,0
Unvalidated,2024052400720,2024,052400720,2,1,0,18,7,3,0,3,0,0,0,0,4,1,2,1,29,6,-1,-1,-1,-1,4,1,E01032507,0
Unvalidated,2024052400721,2024,052400721,1,9,0,18,6,2,0,8,5,0,0,0,1,1,6,1,43,7,-1,-1,-1,-1,3,1,E01007088,0
Unvalidated,2024052400722,2024,052400722,1,9,0,2,0,0,0,2,0,0,0,0,3,1,6,1,52,8,-1,-1,-1,-1,1,1,E01006740,0
Unvalidated,2024052400722,2024,052400722,2,1,0,18,8,6,0,2,0,0,0,0,1,1,6,1,16,4,-1,-1,-1,-1,1,1,E01006738,0
Unvalidated,2024052400723,2024,052400723,1,9,0,4,7,3,0,1,0,0,0,0,1,1,6,1,63,9,-1,-1,-1,-1,3,1,E01006627,0
Unvalidated,2024052400723,2024,052400723,2,19,0,3,7,3,0,2,0,0,0,0,2,1,1,1,59,9,-1,-1,-1,-1,-1,-1,-1,0
Unvalidated,2024052400724,2024,052400724,1,5,0,18,7,3,0,0,1,0,0,0,1,1,6,1,22,5,-1,-1,-1,-1,1,1,E01006643,0
Unvalidated,2024052400724,2024,052400724,2,9,0,3,7,2,0,0,0,0,0,0,2,1,6,3,-1,-1,-1,-1,-1,-1,-1,-1,-1,0
Unvalidated,2024052400725,2024,052400725,1,9,0,1,1,5,0,0,0,0,0,0,2,1,6,1,93,11,-1,-1,-1,-1,7,1,E01007135,0
Unvalidated,2024052400725,2024,052400725,2,9,0,2,0,0,0,0,0,4,0,0,1,1,6,3,-1,-1,-1,-1,-1,-1,-1,-1,-1,0
Unvalidated,2024052400728,2024,052400728,1,9,0,18,2,6,0,8,0,0,0,0,1,1,6,3,-1,-1,-1,-1,-1,-1,-1,-1,-1,0
Unvalidated,2024052400728,2024,052400728,2,9,0,9,7,4,0,6,0,4,0,0,3,1,6,2,54,8,-1,-1,-1,-1,4,1,E01006846,0
Unvalidated,2024052400728,2024,052400728,3,9,0,2,0,0,0,1,0,0,0,0,1,1,6,3,-1,-1,-1,-1,-1,-1,-1,-1,-1,0
Unvalidated,2024052400729,2024,052400729,1,9,0,18,7,3,0,1,0,0,0,0,1,1,6,2,38,7,-1,-1,-1,-1,2,1,E01007271,0
Unvalidated,2024052400729,2024,052400729,2,9,0,4,7,5,0,1,0,0,0,0,2,1,6,1,42,7,-1,-1,-1,-1,2,1,E01007271,0
Unvalidated,2024052400730,2024,052400730,1,19,0,18,3,7,0,1,0,0,0,0,1,1,1,1,37,7,-1,-1,-1,-1,1,1,E01006609,0
Unvalidated,2024052400730,2024,052400730,2,19,0,4,3,7,0,1,0,0,0,0,2,1,6,1,50,8,-1,-1,-1,-1,1,1,E01006495,0
Unvalidated,2024052400731,2024,052400731,1,9,0,6,3,3,0,1,0,0,0,0,1,1,6,1,45,7,-1,-1,-1,-1,4,1,E01006916,0
Unvalidated,2024052400731,2024,052400731,2,9,0,18,7,3,0,1,0,0,0,0,1,1,6,1,59,9,-1,-1,-1,-1,4,1,E01006805,0
Unvalidated,2024052400732,2024,052400732,1,9,0,18,5,1,0,4,0,0,0,0,1,1,6,3,-1,-1,-1,-1,-1,-1,-1,-1,-1,0
Unvalidated,2024052400732,2024,052400732,2,1,0,18,3,7,0,3,0,0,0,0,4,1,6,1,69,10,-1,-1,-1,-1,8,1,E01007082,0
Unvalidated,2024052400734,2024,052400734,1,9,0,18,1,5,0,6,0,0,0,0,1,1,6,1,18,4,-1,-1,-1,-1,1,1,E01007121,0
Unvalidated,2024052400734,2024,052400734,2,9,0,18,5,3,0,1,0,0,0,0,4,1,6,2,35,6,-1,-1,-1,-1,10,2,W01000303,0
Unvalidated,2024052400736,2024,052400736,1,9,0,6,1,1,0,1,0,0,0,0,3,1,6,1,29,6,-1,-1,-1,-1,3,1,E01006969,0
Unvalidated,2024052400736,2024,052400736,2,9,0,18,1,5,0,1,0,0,0,0,1,1,6,1,47,8,-1,-1,-1,-1,5,1,E01007074,0
Unvalidated,2024052400738,2024,052400738,1,9,0,18,1,5,0,0,0,0,0,0,1,1,6,1,66,10,-1,-1,-1,-1,10,1,E01007262,0
Unvalidated,2024052400738,2024,052400738,2,9,0,18,1,5,0,0,0,0,0,0,2,1,6,1,68,10,-1,-1,-1,-1,8,1,E01007308,0
Unvalidated,2024052400738,2024,052400738,3,9,0,18,1,5,0,0,0,0,0,0,2,1,6,2,43,7,-1,-1,-1,-1,8,1,E01007311,0
Unvalidated,2024052400739,2024,052400739,1,9,0,18,3,7,0,0,0,0,0,0,1,1,6,1,19,4,-1,-1,-1,-1,8,1,E01007250,0
Unvalidated,2024052400739,2024,052400739,2,9,0,18,7,3,0,0,0,0,0,0,1,1,6,1,25,5,-1,-1,-1,-1,3,1,E01007058,0
Unvalidated,2024052400740,2024,052400740,1,9,0,1,3,1,0,1,0,0,0,0,2,1,3,2,29,6,-1,-1,-1,-1,1,1,E01006505,0
Unvalidated,2024052400741,2024,052400741,1,9,0,18,3,7,0,0,0,0,0,0,1,1,6,1,60,9,-1,-1,-1,-1,2,1,E01006441,0
Unvalidated,2024052400742,2024,052400742,1,9,0,9,6,3,0,8,0,0,0,0,1,1,6,1,76,11,-1,-1,-1,-1,3,1,E01006629,0
Unvalidated,2024052400742,2024,052400742,2,1,0,9,8,6,0,8,0,0,0,0,2,1,6,2,69,10,-1,-1,-1,-1,5,1,E01006687,0
Unvalidated,2024052400744,2024,052400744,1,9,0,18,1,2,0,6,0,0,0,0,1,1,6,2,35,6,-1,-1,-1,-1,1,1,E01006569,0
Unvalidated,2024052400744,2024,052400744,2,9,0,18,2,6,0,8,0,0,0,0,1,1,6,2,32,6,-1,-1,-1,-1,1,1,E01006467,0
Unvalidated,2024052400745,2024,052400745,1,9,0,18,7,3,0,0,0,0,0,0,1,1,6,1,26,6,-1,-1,-1,-1,1,1,E01007128,0
Unvalidated,2024052400745,2024,052400745,2,9,0,18,3,7,0,0,0,0,0,0,1,1,6,2,43,7,-1,-1,-1,-1,3,1,E01007276,0
Unvalidated,2024052400746,2024,052400746,1,9,0,4,1,5,0,1,0,10,0,0,2,1,6,1,40,7,-1,-1,-1,-1,5,1,E01018532,0
Unvalidated,2024052400746,2024,052400746,2,9,0,4,1,5,0,1,0,0,0,0,2,1,6,1,23,5,-1,-1,-1,-1,2,1,E01027106,0
Unvalidated,2024052400748,2024,052400748,1,9,0,9,7,1,0,2,0,0,0,0,4,1,2,2,54,8,-1,-1,-1,-1,2,1,E01006464,0
Unvalidated,2024052400748,2024,052400748,2,2,0,18,5,1,0,2,0,0,0,0,3,1,2,1,27,6,-1,-1,-1,-1,1,1,E01006692,0