status,collision_index,collision_year,collision_reference,vehicle_reference,vehicle_type,towing_and_articulation,vehicle_manoeuvre,vehicle_direction_from,vehicle_direction_to,vehicle_location_restricted_lane,junction_location,skidding_and_overturning,hit_object_in_carriageway,vehicle_leaving_carriageway,hit_object_off_carriageway,first_point_of_impact,vehicle_left_hand_drive,journey_purpose_of_driver,sex_of_driver,age_of_driver,age_band_of_driver,engine_capacity_cc,propulsion_code,age_of_vehicle,generic_make_model,driver_imd_decile,driver_home_area_type,lsoa_of_driver,escooter_flag
Unvalidated,2024052400749,2024,052400749,1,9,0,18,7,3,0,0,0,0,7,4,1,1,6,1,38,7,-1,-1,-1,-1,-1,-1,-1,0
Unvalidated,2024052400750,2024,052400750,1,5,0,6,1,1,0,0,0,0,0,0,2,1,6,1,21,5,-1,-1,-1,-1,3,1,E01003073,0
Unvalidated,2024052400750,2024,052400750,2,9,0,18,5,1,0,0,0,0,0,0,1,1,1,1,35,6,-1,-1,-1,-1,-1,-1,-1,0
Unvalidated,2024052400751,2024,052400751,1,9,0,18,8,4,0,0,0,0,0,0,1,1,6,1,26,6,-1,-1,-1,-1,2,1,E01006956,0
Unvalidated,2024052400751,2024,052400751,2,9,0,9,6,8,0,0,0,0,0,0,4,1,6,1,39,7,-1,-1,-1,-1,1,1,E01007004,0
Unvalidated,2024052400752,2024,052400752,1,9,0,9,3,1,0,8,0,0,0,0,1,1,2,1,59,9,-1,-1,-1,-1,1,1,E01006412,0
Unvalidated,2024052400752,2024,052400752,2,11,0,18,1,3,0,2,0,0,0,0,1,1,1,1,52,8,-1,-1,-1,-1,1,1,E01006546,0
Unvalidated,2024052400752,2024,052400752,3,9,0,10,3,1,0,1,0,0,0,0,0,1,6,2,44,7,-1,-1,-1,-1,2,1,E01033758,0
Unvalidated,2024052400753,2024,052400753,1,9,0,18,1,5,0,8,0,0,3,10,1,1,6,1,77,11,-1,-1,-1,-1,3,1,E01032505,0
Unvalidated,2024052400754,2024,052400754,1,9,0,5,2,6,0,1,0,0,0,0,1,1,6,3,-1,-1,-1,-1,-1,-1,-1,-1,-1,0
Unvalidated,2024052400754,2024,052400754,2,9,0,5,3,8,0,1,0,0,0,0,3,1,6,2,33,6,-1,-1,-1,-1,4,1,E01006617,0
Unvalidated,2024052400755,2024,052400755,1,9,0,18,4,8,0,4,0,0,0,0,1,1,6,1,-1,-1,-1,-1,-1,-1,-1,-1,-1,0
Unvalidated,2024052400756,2024,052400756,1,90,0,18,5,1,0,0,0,0,0,0,1,1,6,1,18,4,-1,-1,-1,-1,7,1,E01006579,0
Unvalidated,2024052400760,2024,052400760,1,9,0,13,7,3,0,0,0,0,0,0,4,1,6,3,-1,-1,-1,-1,-1,-1,-1,-1,-1,0
Unvalidated,2024052400760,2024,052400760,2,1,0,18,7,3,0,0,0,0,0,0,3,1,6,1,15,3,-1,-1,-1,-1,1,1,E01007124,0
Unvalidated,2024052400763,2024,052400763,1,5,0,18,1,5,0,0,0,4,0,0,1,1,6,1,42,7,-1,-1,-1,-1,4,1,E01006976,0
Unvalidated,2024052400763,2024,052400763,2,9,0,9,5,2,0,0,0,0,0,0,1,1,6,1,27,6,-1,-1,-1,-1,3,1,E01013394,0
Unvalidated,2024052400763,2024,052400763,3,9,0,2,0,0,0,0,0,0,0,0,4,1,6,3,-1,-1,-1,-1,-1,-1,-1,-1,-1,0
Unvalidated,2024052400764,2024,052400764,1,9,0,7,2,6,0,5,0,0,1,1,4,1,6,1,85,11,-1,-1,-1,-1,3,1,E01006719,0
Unvalidated,2024052400764,2024,052400764,2,9,0,18,3,7,0,1,0,0,0,0,1,1,6,2,34,6,-1,-1,-1,-1,1,1,E01006645,0
Unvalidated,2024052400765,2024,052400765,1,90,0,18,1,5,0,0,0,0,0,0,0,1,2,2,30,6,-1,-1,-1,-1,1,1,E01006697,0
Unvalidated,2024052400766,2024,052400766,1,8,0,5,2,6,0,0,0,0,0,0,0,1,1,3,-1,-1,-1,-1,-1,-1,-1,-1,-1,0
Unvalidated,2024052400767,2024,052400767,1,9,0,4,5,1,0,1,0,0,0,0,1,1,6,1,-1,-1,-1,-1,-1,-1,-1,-1,-1,0
Unvalidated,2024052400767,2024,052400767,2,9,0,3,1,5,0,1,0,0,0,0,2,1,6,2,31,6,-1,-1,-1,-1,8,1,E01012415,0
Unvalidated,2024052400768,2024,052400768,1,97,0,18,6,2,0,0,0,0,0,0,0,1,6,3,-1,-1,-1,-1,-1,-1,-1,-1,-1,0
Unvalidated,2024052400768,2024,052400768,2,1,0,18,6,2,0,0,0,0,0,0,1,1,2,1,22,5,-1,-1,-1,-1,2,1,E01006565,0
Unvalidated,2024052400769,2024,052400769,1,9,0,5,5,7,0,4,0,0,0,0,3,1,6,2,-1,-1,-1,-1,-1,-1,7,1,E01007307,0
Unvalidated,2024052400769,2024,052400769,2,1,0,18,3,7,0,3,0,0,0,0,1,1,6,1,25,5,-1,-1,-1,-1,1,1,E01007207,0
Unvalidated,2024052400770,2024,052400770,1,21,0,18,5,1,0,0,0,0,0,0,1,1,1,1,44,7,-1,-1,-1,-1,6,1,E01031902,0
Unvalidated,2024052400770,2024,052400770,2,19,0,4,5,1,0,0,0,0,0,0,2,1,2,1,30,6,-1,-1,-1,-1,7,1,E01006409,0
Unvalidated,2024052400770,2024,052400770,3,19,0,13,5,1,0,0,0,0,0,0,4,1,6,1,41,7,-1,-1,-1,-1,6,3,E01018356,0
Unvalidated,2024052400773,2024,052400773,1,9,0,18,5,1,0,1,0,0,0,0,1,2,6,2,38,7,-1,-1,-1,-1,1,1,E01006791,0
Unvalidated,2024052400773,2024,052400773,2,8,0,18,5,1,0,1,0,0,0,0,2,2,6,1,38,7,-1,-1,-1,-1,3,1,E01006788,0
Unvalidated,2024052400775,2024,052400775,1,3,0,18,7,3,0,0,0,0,0,0,0,1,2,1,18,4,-1,-1,-1,-1,8,3,E01007183,0
Unvalidated,2024052400778,2024,052400778,1,9,0,18,6,2,0,0,0,0,1,0,1,1,6,2,75,10,-1,-1,-1,-1,1,1,E01006812,0
Unvalidated,2024052400778,2024,052400778,2,9,0,18,2,6,0,0,0,0,0,0,1,1,6,1,48,8,-1,-1,-1,-1,3,1,E01006811,0
Unvalidated,2024052400779,2024,052400779,1,9,0,1,3,7,0,0,0,0,0,0,2,1,6,3,-1,-1,-1,-1,-1,-1,-1,-1,-1,0
Unvalidated,2024052400780,2024,052400780,1,9,0,18,4,8,0,1,0,0,0,0,1,1,6,1,-1,-1,-1,-1,-1,-1,-1,-1,-1,0
Unvalidated,2024052400780,2024,052400780,2,9,0,3,4,8,0,1,0,0,0,0,2,1,6,2,23,5,-1,-1,-1,-1,-1,-1,-1,0
Unvalidated,2024052400782,2024,052400782,1,9,0,18,3,7,0,0,0,0,0,0,1,1,6,1,-1,-1,-1,-1,-1,-1,-1,-1,-1,0
Unvalidated,2024052400782,2024,052400782,2,90,0,18,7,3,0,0,0,0,0,0,1,1,6,3,-1,-1,-1,-1,-1,-1,-1,-1,-1,0
Unvalidated,2024052400783,2024,052400783,1,9,0,18,1,5,0,0,0,0,0,0,1,1,6,1,17,4,-1,-1,-1,-1,7,1,E01007316,0
Unvalidated,2024052400783,2024,052400783,2,9,0,4,1,5,0,0,0,0,0,0,2,1,6,2,53,8,-1,-1,-1,-1,2,1,E01007214,0
Unvalidated,2024052400785,2024,052400785,1,1,0,5,1,5,0,0,0,0,0,0,2,1,6,1,14,3,-1,-1,-1,-1,10,1,E01007191,0
Unvalidated,2024052400785,2024,052400785,2,9,0,18,7,3,0,0,0,0,0,0,1,1,1,1,33,6,-1,-1,-1,-1,1,1,E01007220,0
Unvalidated,2024052400786,2024,052400786,1,8,0,9,7,5,0,8,0,0,0,0,1,1,1,2,64,9,-1,-1,-1,-1,1,1,E01006522,0
Unvalidated,2024052400786,2024,052400786,2,9,0,18,3,7,0,8,0,0,2,11,1,1,2,1,19,4,-1,-1,-1,-1,1,1,E01006728,0
Unvalidated,2024052400787,2024,052400787,1,9,0,18,1,5,0,1,0,0,0,0,1,1,6,1,-1,-1,-1,-1,-1,-1,-1,-1,-1,0
Unvalidated,2024052400787,2024,052400787,2,8,0,4,1,5,0,1,0,0,0,0,2,1,1,1,36,7,-1,-1,-1,-1,2,1,E01006718,0
Unvalidated,2024052400789,2024,052400789,1,9,0,18,8,2,0,1,0,0,0,0,4,1,6,2,42,7,-1,-1,-1,-1,1,1,E01006440,0
Unvalidated,2024052400791,2024,052400791,1,9,0,5,3,6,0,0,0,0,0,0,4,1,6,2,32,6,-1,-1,-1,-1,1,1,E01033228,0
Unvalidated,2024052400791,2024,052400791,2,9,0,18,3,7,0,0,0,0,0,0,3,1,6,1,45,7,-1,-1,-1,-1,9,1,E01018545,0
Unvalidated,2024052400792,2024,052400792,1,19,0,18,7,3,0,0,0,0,1,0,4,1,1,1,59,9,-1,-1,-1,-1,2,1,E01007205,0
Unvalidated,2024052400793,2024,052400793,1,11,0,18,5,1,0,0,0,0,0,0,4,1,1,1,63,9,-1,-1,-1,-1,2,1,E01006656,0
Unvalidated,2024052400794,2024,052400794,1,9,0,1,4,8,0,0,0,0,0,0,2,1,2,1,27,6,-1,-1,-1,-1,1,1,E01006603,0
Unvalidated,2024052400795,2024,052400795,1,9,0,18,3,7,0,0,0,0,0,0,4,1,6,3,-1,-1,-1,-1,-1,-1,-1,-1,-1,0
Unvalidated,2024052400795,2024,052400795,2,9,0,2,0,0,0,0,0,0,0,0,3,1,6,1,41,7,-1,-1,-1,-1,9,1,E01006922,0
Unvalidated,2024052400796,2024,052400796,1,19,0,18,1,5,0,0,0,0,0,0,3,1,6,3,-1,-1,-1,-1,-1,-1,-1,-1,-1,0
Unvalidated,2024052400796,2024,052400796,2,9,0,11,1,5,0,0,0,0,0,0,4,1,6,2,28,6,-1,-1,-1,-1,3,1,E01014942,0
Unvalidated,2024052400798,2024,052400798,1,9,0,4,5,1,0,0,0,0,0,0,1,1,6,1,-1,-1,-1,-1,-1,-1,-1,-1,-1,0
Unvalidated,2024052400799,2024,052400799,1,8,0,1,3,7,0,0,0,0,0,0,2,1,6,3,-1,-1,-1,-1,-1,-1,-1,-1,-1,0
Unvalidated,2024052400801,2024,052400801,1,9,0,18,2,6,0,0,0,0,0,0,4,1,6,3,-1,-1,-1,-1,-1,-1,-1,-1,-1,0
Unvalidated,2024052400802,2024,052400802,1,9,0,18,1,5,0,8,0,0,0,0,1,1,6,1,39,7,-1,-1,-1,-1,1,1,E01006961,0
Unvalidated,2024052400802,2024,052400802,2,21,0,18,3,7,0,8,0,0,0,0,3,1,1,3,-1,-1,-1,-1,-1,-1,-1,-1,-1,0
Unvalidated,2024052400804,2024,052400804,1,9,0,18,5,1,0,0,0,0,0,0,1,1,6,1,33,6,-1,-1,-1,-1,9,1,E01012374,0
Unvalidated,2024052400804,2024,052400804,2,9,0,2,0,0,0,0,0,0,0,0,2,1,6,3,-1,-1,-1,-1,-1,-1,-1,-1,-1,0
Unvalidated,2024052400804,2024,052400804,3,9,0,2,0,0,0,0,0,0,0,0,2,1,6,3,-1,-1,-1,-1,-1,-1,-1,-1,-1,0
Unvalidated,2024052400807,2024,052400807,1,1,0,18,1,5,0,8,0,0,0,0,4,1,1,1,32,6,-1,-1,-1,-1,1,1,E01006957,0
Unvalidated,2024052400807,2024,052400807,2,9,0,18,3,7,0,8,0,0,0,0,1,1,6,1,58,9,-1,-1,-1,-1,1,1,E01006700,0
Unvalidated,2024052400811,2024,052400811,1,9,0,5,5,3,0,6,0,0,0,0,1,1,2,2,30,6,-1,-1,-1,-1,1,1,E01006765,0
Unvalidated,2024052400811,2024,052400811,2,1,0,18,3,7,0,1,0,0,0,0,3,1,2,2,38,7,-1,-1,-1,-1,1,1,E01006412,0
Unvalidated,2024052400815,2024,052400815,1,9,0,9,1,7,0,5,0,0,0,0,4,1,6,1,67,10,-1,-1,-1,-1,1,1,E01006787,0
Unvalidated,2024052400815,2024,052400815,2,5,0,18,5,1,0,8,0,0,0,0,1,1,6,1,41,7,-1,-1,-1,-1,2,1,E01006492,0
Unvalidated,2024052400816,2024,052400816,1,19,0,18,4,2,0,0,0,0,0,0,1,1,6,1,-1,-1,-1,-1,-1,-1,-1,-1,-1,0
Unvalidated,2024052400816,2024,052400816,2,9,0,4,4,2,0,0,0,0,0,0,2,1,6,1,44,7,-1,-1,-1,-1,8,1,E01006827,0
Unvalidated,2024052400817,2024,052400817,1,9,0,1,3,7,0,1,0,0,0,0,2,1,6,1,-1,-1,-1,-1,-1,-1,5,1,E01006553,0
Unvalidated,2024052400817,2024,052400817,2,1,0,18,7,3,0,1,0,0,0,0,1,1,6,1,74,10,-1,-1,-1,-1,9,1,E01006582,0
Unvalidated,2024052400818,2024,052400818,1,9,0,9,5,7,0,0,5,0,0,0,3,1,1,2,43,7,-1,-1,-1,-1,3,1,E01006629,0
Unvalidated,2024052400818,2024,052400818,2,9,0,9,5,7,0,0,0,0,0,0,4,1,1,1,52,8,-1,-1,-1,-1,-1,-1,-1,0
Unvalidated,2024052400819,2024,052400819,1,11,0,13,5,1,0,1,0,0,0,0,4,1,1,3,-1,-1,-1,-1,-1,-1,-1,-1,-1,0
Unvalidated,2024052400819,2024,052400819,2,1,0,9,5,3,0,1,0,0,0,0,3,1,6,1,13,3,-1,-1,-1,-1,1,1,E01006865,0
Unvalidated,2024052400820,2024,052400820,1,9,0,16,5,1,0,1,0,0,0,0,4,1,6,1,27,6,-1,-1,-1,-1,2,1,E01006751,0
Unvalidated,2024052400821,2024,052400821,1,9,0,18,7,3,0,1,0,0,0,0,4,1,6,2,34,6,-1,-1,-1,-1,3,1,E01006521,0
Unvalidated,2024052400821,2024,052400821,2,9,0,18,1,5,0,1,0,0,0,0,3,1,2,2,41,7,-1,-1,-1,-1,1,1,E01033763,0
Unvalidated,2024052400823,2024,052400823,1,9,0,7,4,7,0,0,0,0,0,0,4,1,6,2,79,11,-1,-1,-1,-1,7,1,E01007192,0
Unvalidated,2024052400824,2024,052400824,1,9,0,13,3,7,0,1,0,0,0,0,4,1,6,1,56,9,-1,-1,-1,-1,1,1,E01006662,0
Unvalidated,2024052400824,2024,052400824,2,4,0,9,3,1,0,1,0,0,0,0,3,1,1,1,28,6,-1,-1,-1,-1,1,1,E01006599,0
Unvalidated,2024052400825,2024,052400825,1,9,0,18,1,5,0,1,0,0,0,0,1,1,6,1,-1,-1,-1,-1,-1,-1,-1,-1,-1,0
Unvalidated,2024052400825,2024,052400825,2,3,0,4,1,5,0,1,0,0,0,0,2,1,1,1,27,6,-1,-1,-1,-1,1,1,E01006450,0
Unvalidated,2024052400826,2024,052400826,1,9,0,9,7,5,0,8,0,0,1,0,1,1,6,1,45,7,-1,-1,-1,-1,3,1,E01006433,0
Unvalidated,2024052400826,2024,052400826,2,3,0,18,3,7,0,8,0,0,0,0,1,1,1,1,21,5,-1,-1,-1,-1,2,1,E01006748,0
Unvalidated,2024052400829,2024,052400829,1,5,0,13,6,2,0,1,0,0,0,0,4,1,6,1,57,9,-1,-1,-1,-1,5,1,E01006971,0
Unvalidated,2024052400829,2024,052400829,2,9,0,9,2,4,0,1,0,0,0,0,3,1,6,1,60,9,-1,-1,-1,-1,10,1,E01006395,0
Unvalidated,2024052400830,2024,052400830,1,9,0,5,2,6,0,0,0,0,0,0,1,1,2,1,36,7,-1,-1,-1,-1,1,1,E01006632,0
Unvalidated,2024052400830,2024,052400830,2,1,0,18,8,4,0,0,0,0,0,0,4,1,6,2,46,8,-1,-1,-1,-1,1,1,E01007052,0
Unvalidated,2024052400832,2024,052400832,1,9,0,18,3,7,0,0,0,0,0,0,1,1,6,1,32,6,-1,-1,-1,-1,1,1,E01006821,0
Unvalidated,2024052400835,2024,052400835,1,9,0,18,1,5,0,4,0,0,0,0,3,1,6,2,49,8,-1,-1,-1,-1,1,1,E01006647,0
Unvalidated,2024052400837,2024,052400837,1,9,0,18,1,5,0,8,0,0,0,0,1,1,6,2,61,9,-1,-1,-1,-1,9,1,E01006682,0
Unvalidated,2024052400837,2024,052400837,2,3,0,18,7,3,0,8,0,0,0,0,4,1,6,2,25,5,-1,-1,-1,-1,3,1,E01006743,0
Unvalidated,2024052400841,2024,052400841,1,8,0,5,6,2,0,0,0,0,0,0,1,1,1,3,-1,-1,-1,-1,-1,-1,-1,-1,-1,0
Unvalidated,2024052400842,2024,052400842,1,5,0,16,1,5,0,0,1,0,0,0,4,1,6,1,63,9,-1,-1,-1,-1,1,1,E01006645,0
Unvalidated,2024052400843,2024,052400843,1,9,0,18,1,5,0,0,5,0,0,0,1,1,6,1,40,7,-1,-1,-1,-1,3,1,E01032505,0
Unvalidated,2024052400843,2024,052400843,2,19,0,2,0,0,0,0,0,0,0,0,2,1,6,3,-1,-1,-1,-1,-1,-1,-1,-1,-1,0
Unvalidated,2024052400843,2024,052400843,3,9,0,2,0,0,0,0,0,0,0,0,2,1,6,3,-1,-1,-1,-1,-1,-1,-1,-1,-1,0
Unvalidated,2024052400843,2024,052400843,4,9,0,2,0,0,0,0,0,0,0,0,4,1,6,3,-1,-1,-1,-1,-1,-1,-1,-1,-1,0
Unvalidated,2024052400846,2024,052400846,1,21,0,11,8,4,0,0,0,0,0,0,4,1,6,3,-1,-1,-1,-1,-1,-1,-1,-1,-1,0
Unvalidated,2024052400846,2024,052400846,2,9,0,18,8,4,0,0,0,0,0,0,3,1,6,2,70,10,-1,-1,-1,-1,9,2,E01012516,0
Unvalidated,2024052400847,2024,052400847,1,9,0,18,5,1,0,0,0,0,0,0,1,1,6,3,-1,-1,-1,-1,-1,-1,-1,-1,-1,0
Unvalidated,2024052400847,2024,052400847,2,1,0,5,7,3,0,0,0,0,0,0,3,1,6,1,27,6,-1,-1,-1,-1,1,1,E01006418,0
Unvalidated,2024052400849,2024,052400849,1,9,0,15,2,4,0,0,0,0,0,0,4,1,2,3,-1,-1,-1,-1,-1,-1,-1,-1,-1,0
Unvalidated,2024052400852,2024,052400852,1,9,0,18,1,5,0,8,0,0,0,0,1,1,6,2,39,7,-1,-1,-1,-1,2,1,E01006451,0
Unvalidated,2024052400852,2024,052400852,2,9,0,9,5,3,0,8,0,0,0,0,4,1,6,2,23,5,-1,-1,-1,-1,2,1,E01006492,0
Unvalidated,2024052400855,2024,052400855,1,9,0,9,3,1,0,6,0,0,0,0,1,1,2,1,40,7,-1,-1,-1,-1,7,1,E01006856,0
Unvalidated,2024052400855,2024,052400855,2,9,0,18,7,3,0,1,0,0,0,0,1,1,2,1,50,8,-1,-1,-1,-1,6,1,E01007287,0
Unvalidated,2024052400857,2024,052400857,1,9,0,18,7,1,0,1,0,0,0,0,1,1,2,2,23,5,-1,-1,-1,-1,4,1,E01032445,0
Unvalidated,2024052400858,2024,052400858,1,9,0,11,5,2,0,1,0,0,0,0,4,1,6,1,40,7,-1,-1,-1,-1,1,1,E01006494,0
Unvalidated,2024052400858,2024,052400858,2,3,0,18,5,2,0,1,0,0,0,0,3,1,6,1,33,6,-1,-1,-1,-1,9,1,E01006682,0
Unvalidated,2024052400861,2024,052400861,1,4,0,18,1,5,0,1,0,0,0,0,1,1,2,1,21,5,-1,-1,-1,-1,7,1,E01007306,0
Unvalidated,2024052400861,2024,052400861,2,9,0,2,0,0,0,1,0,0,0,0,2,1,6,3,-1,-1,-1,-1,-1,-1,-1,-1,-1,0
Unvalidated,2024052400866,2024,052400866,1,9,0,3,3,7,0,0,0,0,0,0,3,1,6,1,34,6,-1,-1,-1,-1,7,1,E01006801,0
Unvalidated,2024052400866,2024,052400866,2,1,0,18,3,7,0,0,0,0,0,0,1,1,6,1,-1,-1,-1,-1,-1,-1,-1,-1,-1,0
Unvalidated,2024052400867,2024,052400867,1,9,0,7,5,7,0,1,0,0,0,0,1,1,6,3,-1,-1,-1,-1,-1,-1,-1,-1,-1,0
Unvalidated,2024052400867,2024,052400867,2,1,0,18,5,1,0,1,0,0,0,0,3,1,6,1,11,3,-1,-1,-1,-1,-1,-1,-1,0
Unvalidated,2024052400870,2024,052400870,1,9,0,9,5,7,0,7,0,0,0,0,3,1,2,1,43,7,-1,-1,-1,-1,7,1,E01007196,0
Unvalidated,2024052400870,2024,052400870,2,4,0,18,7,3,0,8,0,0,0,0,1,1,6,1,22,5,-1,-1,-1,-1,7,1,E01007256,0
Unvalidated,2024052400871,2024,052400871,1,11,0,4,5,1,0,0,0,0,0,0,0,1,1,2,57,9,-1,-1,-1,-1,1,1,E01006692,0
Unvalidated,2024052400872,2024,052400872,1,19,0,18,3,7,0,1,0,0,0,0,1,1,6,1,-1,-1,-1,-1,-1,-1,-1,-1,-1,0
Unvalidated,2024052400872,2024,052400872,2,9,0,4,3,7,0,1,0,0,0,0,2,1,6,2,66,10,-1,-1,-1,-1,2,1,E01006333,0
Unvalidated,2024052400873,2024,052400873,1,9,0,2,0,0,0,0,0,0,0,0,2,1,6,3,-1,-1,-1,-1,-1,-1,-1,-1,-1,0
Unvalidated,2024052400873,2024,052400873,2,1,0,18,1,2,0,0,0,4,0,0,1,1,2,1,51,8,-1,-1,-1,-1,3,1,E01018552,0
Unvalidated,2024052400874,2024,052400874,1,9,0,5,1,5,0,8,0,4,7,10,3,1,6,1,60,9,-1,-1,-1,-1,2,1,E01006842,0
Unvalidated,2024052400874,2024,052400874,2,19,0,2,0,0,0,8,0,0,0,0,4,1,6,3,-1,-1,-1,-1,-1,-1,-1,-1,-1,0
Unvalidated,2024052400874,2024,052400874,3,9,0,2,0,0,0,8,0,0,0,0,1,1,6,3,-1,-1,-1,-1,-1,-1,-1,-1,-1,0
Unvalidated,2024052400875,2024,052400875,1,9,0,1,8,4,0,0,0,4,1,11,2,1,6,1,82,11,-1,-1,-1,-1,9,1,E01007187,0
Unvalidated,2024052400875,2024,052400875,2,9,0,2,0,0,0,0,0,0,0,0,2,1,6,3,-1,-1,-1,-1,-1,-1,-1,-1,-1,0
Unvalidated,2024052400875,2024,052400875,3,9,0,2,0,0,0,0,0,0,0,0,3,1,6,3,-1,-1,-1,-1,-1,-1,-1,-1,-1,0
Unvalidated,2024052400877,2024,052400877,1,19,0,4,6,8,0,8,1,0,7,1,1,1,1,1,-1,-1,-1,-1,-1,-1,4,1,E01033756,0
Unvalidated,2024052400877,2024,052400877,2,9,0,9,8,3,0,8,1,0,7,1,3,1,2,1,49,8,-1,-1,-1,-1,4,1,E01006681,0
Unvalidated,2024052400878,2024,052400878,1,9,0,9,1,5,0,8,0,0,0,0,4,1,6,2,35,6,-1,-1,-1,-1,5,1,E01006891,0
Unvalidated,2024052400878,2024,052400878,2,20,1,18,3,7,0,1,0,0,0,0,1,1,1,1,50,8,-1,-1,-1,-1,1,1,-1,0
Unvalidated,2024052400879,2024,052400879,1,9,0,6,3,3,0,0,0,0,0,0,3,1,6,2,48,8,-1,-1,-1,-1,3,1,E01007083,0
Unvalidated,2024052400879,2024,052400879,2,4,0,14,3,8,0,0,0,0,0,0,1,1,6,1,48,8,-1,-1,-1,-1,3,1,E01007219,0
Unvalidated,2024052400883,2024,052400883,1,9,0,18,3,7,0,0,0,0,0,0,1,1,6,3,-1,-1,-1,-1,-1,-1,-1,-1,-1,0
Unvalidated,2024052400883,2024,052400883,2,9,0,4,3,7,0,0,0,0,0,0,2,1,6,1,62,9,-1,-1,-1,-1,1,1,E01007124,0
Unvalidated,2024052400884,2024,052400884,1,9,0,9,7,5,0,1,0,0,0,0,3,1,6,1,57,9,-1,-1,-1,-1,9,1,E01006682,0
Unvalidated,2024052400885,2024,052400885,1,9,0,18,3,7,0,1,0,0,0,0,1,1,6,2,44,7,-1,-1,-1,-1,3,1,E01007047,0
Unvalidated,2024052400885,2024,052400885,2,1,0,18,5,1,0,1,0,0,0,0,1,1,6,1,9,2,-1,-1,-1,-1,6,1,E01007014,0
Unvalidated,2024052400887,2024,052400887,1,8,0,12,3,7,0,2,0,0,0,0,3,1,1,1,46,8,-1,-1,-1,-1,1,1,E01006674,0
Unvalidated,2024052400887,2024,052400887,2,9,0,15,3,7,0,2,0,0,0,0,4,1,6,2,54,8,-1,-1,-1,-1,2,1,E01006477,0
Unvalidated,2024052400888,2024,052400888,1,9,0,10,7,5,0,6,0,0,0,0,1,1,2,1,62,9,-1,-1,-1,-1,8,1,E01006680,0
Unvalidated,2024052400888,2024,052400888,2,9,0,9,1,7,0,8,0,0,0,0,3,1,2,2,40,7,-1,-1,-1,-1,5,1,E01006538,0
Unvalidated,2024052400889,2024,052400889,1,9,0,15,3,7,0,0,0,0,0,0,1,1,6,2,32,6,-1,-1,-1,-1,1,1,E01006754,0
Unvalidated,2024052400889,2024,052400889,2,1,0,18,3,7,0,0,0,0,0,0,2,1,6,1,48,8,-1,-1,-1,-1,7,1,E01006685,0
Unvalidated,2024052400890,2024,052400890,1,9,0,18,7,3,0,0,0,4,7,11,1,1,6,1,79,11,-1,-1,-1,-1,3,1,E01006654,0
Unvalidated,2024052400890,2024,052400890,2,9,0,2,0,0,0,0,0,0,0,0,2,1,6,2,54,8,-1,-1,-1,-1,6,1,E01006941,0
Unvalidated,2024052400890,2024,052400890,3,9,0,2,0,0,0,0,0,0,0,0,2,1,6,3,-1,-1,-1,-1,-1,-1,-1,-1,-1,0
Unvalidated,2024052400891,2024,052400891,1,9,0,9,5,7,0,6,0,0,1,0,1,1,6,2,60,9,-1,-1,-1,-1,5,1,E01006490,0
Unvalidated,2024052400891,2024,052400891,2,3,0,18,7,3,0,1,1,0,0,0,1,1,1,2,37,7,-1,-1,-1,-1,1,1,E01006778,0
Unvalidated,2024052400892,2024,052400892,1,9,0,17,5,1,0,8,0,0,0,0,3,1,6,3,-1,-1,-1,-1,-1,-1,-1,-1,-1,0
Unvalidated,2024052400892,2024,052400892,2,5,0,16,5,1,0,8,0,0,0,0,4,1,6,1,68,10,-1,-1,-1,-1,6,1,E01006596,0
Unvalidated,2024052400893,2024,052400893,1,4,0,18,3,7,0,0,0,0,0,0,4,1,6,1,33,6,-1,-1,-1,-1,8,1,E01032904,0
Unvalidated,2024052400893,2024,052400893,2,9,0,14,3,7,0,0,0,0,0,0,3,1,6,1,25,5,-1,-1,-1,-1,1,1,E01032508,0
Unvalidated,2024052400893,2024,052400893,3,9,0,18,7,3,0,0,0,0,0,0,1,1,6,2,54,8,-1,-1,-1,-1,1,1,E01006692,0
Unvalidated,2024052400896,2024,052400896,1,8,0,7,7,1,0,1,0,0,0,0,1,1,6,1,39,7,-1,-1,-1,-1,1,1,E01006480,0
Unvalidated,2024052400898,2024,052400898,1,9,0,18,1,5,0,6,0,0,0,0,1,1,6,3,-1,-1,-1,-1,-1,-1,-1,-1,-1,0
Unvalidated,2024052400898,2024,052400898,2,9,0,18,3,7,0,8,5,0,0,0,3,1,1,1,33,6,-1,-1,-1,-1,2,1,E01007249,0
Unvalidated,2024052400899,2024,052400899,1,9,0,4,7,3,0,0,0,0,0,0,1,1,6,2,74,10,-1,-1,-1,-1,4,1,E01006681,0
Unvalidated,2024052400899,2024,052400899,2,9,0,4,7,3,0,0,0,0,0,0,2,1,6,1,37,7,-1,-1,-1,-1,1,1,E01006757,0
Unvalidated,2024052400900,2024,052400900,1,9,0,6,7,7,0,8,0,0,0,0,2,1,1,1,29,6,-1,-1,-1,-1,1,1,E01006696,0
Unvalidated,2024052400900,2024,052400900,2,9,0,18,7,3,0,8,0,0,0,0,3,1,1,1,48,8,-1,-1,-1,-1,1,1,E01006664,0
Unvalidated,2024052400901,2024,052400901,1,9,0,18,4,1,0,1,0,0,0,0,1,1,6,2,-1,-1,-1,-1,-1,-1,-1,-1,-1,0
Unvalidated,2024052400901,2024,052400901,2,9,0,4,4,1,0,1,0,0,0,0,2,1,6,2,36,7,-1,-1,-1,-1,4,1,E01025523,0
Unvalidated,2024052400902,2024,052400902,1,4,0,18,3,7,0,0,0,0,0,0,1,1,6,1,37,7,-1,-1,-1,-1,2,1,E01006966,0