status,collision_index,collision_year,collision_reference,vehicle_reference,vehicle_type,towing_and_articulation,vehicle_manoeuvre,vehicle_direction_from,vehicle_direction_to,vehicle_location_restricted_lane,junction_location,skidding_and_overturning,hit_object_in_carriageway,vehicle_leaving_carriageway,hit_object_off_carriageway,first_point_of_impact,vehicle_left_hand_drive,journey_purpose_of_driver,sex_of_driver,age_of_driver,age_band_of_driver,engine_capacity_cc,propulsion_code,age_of_vehicle,generic_make_model,driver_imd_decile,driver_home_area_type,lsoa_of_driver,escooter_flag
Unvalidated,2024052400903,2024,052400903,1,9,0,18,3,7,0,1,0,0,0,0,3,1,6,2,21,5,-1,-1,-1,-1,1,1,E01006607,0
Unvalidated,2024052400903,2024,052400903,2,9,0,11,3,7,0,1,0,0,0,0,4,1,6,1,-1,-1,-1,-1,-1,-1,-1,-1,-1,0
Unvalidated,2024052400905,2024,052400905,1,9,0,5,1,5,0,6,0,0,0,0,1,1,6,2,48,8,-1,-1,-1,-1,4,1,E01006851,0
Unvalidated,2024052400905,2024,052400905,2,9,0,18,7,3,0,8,0,0,0,0,1,1,1,2,62,9,-1,-1,-1,-1,4,1,E01006916,0
Unvalidated,2024052400906,2024,052400906,1,19,0,9,7,5,0,8,0,0,0,0,1,1,6,1,38,7,-1,-1,-1,-1,1,1,E01006552,0
Unvalidated,2024052400906,2024,052400906,2,9,0,18,3,7,0,8,0,0,0,0,3,1,2,1,54,8,-1,-1,-1,-1,3,1,E01006510,0
Unvalidated,2024052400907,2024,052400907,1,9,0,5,4,1,0,4,0,0,0,0,3,1,6,3,-1,-1,-1,-1,-1,-1,-1,-1,-1,0
Unvalidated,2024052400907,2024,052400907,2,1,0,18,3,7,0,3,0,0,0,0,1,1,6,1,20,4,-1,-1,-1,-1,4,1,E01007313,0
Unvalidated,2024052400908,2024,052400908,1,9,0,5,2,5,0,4,0,0,0,0,3,1,6,1,-1,-1,-1,-1,-1,-1,-1,-1,-1,0
Unvalidated,2024052400908,2024,052400908,2,1,0,18,7,3,0,3,0,0,0,0,1,1,6,1,23,5,-1,-1,-1,-1,9,1,E01025039,0
Unvalidated,2024052400909,2024,052400909,1,9,0,5,7,3,0,0,0,0,0,0,3,1,6,1,74,10,-1,-1,-1,-1,3,1,E01007240,0
Unvalidated,2024052400909,2024,052400909,2,9,0,18,7,3,0,0,0,0,0,0,4,1,6,2,34,6,-1,-1,-1,-1,3,1,E01007156,0
Unvalidated,2024052400911,2024,052400911,1,9,0,5,8,4,0,1,0,0,0,0,1,1,6,1,40,7,-1,-1,-1,-1,9,1,E01007068,0
Unvalidated,2024052400911,2024,052400911,2,9,0,3,8,4,0,4,0,0,0,0,2,1,2,2,37,7,-1,-1,-1,-1,8,1,E01007095,0
Unvalidated,2024052400913,2024,052400913,1,9,0,18,1,5,0,1,0,0,0,0,1,1,6,2,75,10,-1,-1,-1,-1,9,1,E01007078,0
Unvalidated,2024052400913,2024,052400913,2,1,0,18,5,1,0,1,0,0,0,0,0,1,6,1,76,11,-1,-1,-1,-1,8,1,E01006992,0
Unvalidated,2024052400914,2024,052400914,1,90,0,18,7,3,0,1,0,0,0,0,1,1,6,3,-1,-1,-1,-1,-1,-1,-1,-1,-1,0
Unvalidated,2024052400915,2024,052400915,1,9,0,18,1,5,0,1,0,0,0,0,1,1,6,1,-1,-1,-1,-1,-1,-1,-1,-1,-1,0
Unvalidated,2024052400915,2024,052400915,2,9,0,3,1,5,0,1,0,0,0,0,2,1,6,1,37,7,-1,-1,-1,-1,1,1,E01007013,0
Unvalidated,2024052400915,2024,052400915,3,9,0,3,1,5,0,1,0,0,0,0,2,1,6,1,30,6,-1,-1,-1,-1,1,1,E01007008,0
Unvalidated,2024052400917,2024,052400917,1,9,0,18,7,3,0,0,0,0,0,0,4,1,6,1,56,9,-1,-1,-1,-1,2,1,E01007214,0
Unvalidated,2024052400920,2024,052400920,1,9,0,9,3,5,0,8,0,0,1,0,1,1,6,1,84,11,-1,-1,-1,-1,1,1,E01006558,0
Unvalidated,2024052400920,2024,052400920,2,9,0,18,3,7,0,8,0,0,0,0,3,1,6,1,30,6,-1,-1,-1,-1,1,1,E01006416,0
Unvalidated,2024052400922,2024,052400922,1,9,0,12,5,1,0,7,0,0,0,0,3,1,6,3,-1,-1,-1,-1,-1,-1,-1,-1,-1,0
Unvalidated,2024052400922,2024,052400922,2,9,0,18,5,1,0,1,0,0,0,0,4,1,6,2,58,9,-1,-1,-1,-1,5,1,E01007312,0
Unvalidated,2024052400923,2024,052400923,1,9,0,18,1,5,0,1,0,0,1,11,1,1,2,1,30,6,-1,-1,-1,-1,1,1,E01006834,0
Unvalidated,2024052400923,2024,052400923,2,19,0,3,1,5,0,1,0,0,0,0,2,1,1,3,-1,-1,-1,-1,-1,-1,-1,-1,-1,0
Unvalidated,2024052400923,2024,052400923,3,9,0,3,1,5,0,1,0,0,0,0,2,1,6,1,71,10,-1,-1,-1,-1,6,1,E01006499,0
Unvalidated,2024052400924,2024,052400924,1,9,0,11,7,3,0,3,0,0,0,0,0,1,6,3,-1,-1,-1,-1,-1,-1,-1,-1,-1,0
Unvalidated,2024052400924,2024,052400924,2,3,0,18,7,3,0,3,0,0,1,10,1,1,6,1,33,6,-1,-1,-1,-1,9,1,E01006597,0
Unvalidated,2024052400925,2024,052400925,1,9,0,18,6,2,0,8,5,0,0,0,3,1,2,2,39,7,-1,-1,-1,-1,1,1,E01006767,0
Unvalidated,2024052400925,2024,052400925,2,9,0,18,3,7,0,8,0,0,0,0,1,1,6,1,58,9,-1,-1,-1,-1,2,1,E01006718,0
Unvalidated,2024052400927,2024,052400927,1,9,0,1,5,1,0,0,0,0,0,0,2,1,6,1,68,10,-1,-1,-1,-1,5,1,E01007057,0
Unvalidated,2024052400927,2024,052400927,2,1,0,18,3,7,0,0,0,0,0,0,4,1,4,1,11,3,-1,-1,-1,-1,1,1,E01007055,0
Unvalidated,2024052400928,2024,052400928,1,21,1,9,5,3,0,4,0,0,0,0,4,1,1,1,75,10,-1,-1,-1,-1,6,3,E01019133,0
Unvalidated,2024052400928,2024,052400928,2,9,0,18,5,1,0,4,0,0,0,0,3,1,6,2,60,9,-1,-1,-1,-1,2,1,E01006953,0
Unvalidated,2024052400929,2024,052400929,1,9,0,1,1,5,0,0,0,0,0,0,2,1,6,1,70,10,-1,-1,-1,-1,8,1,E01032904,0
Unvalidated,2024052400930,2024,052400930,1,9,0,5,3,7,0,0,0,0,0,0,1,1,6,3,-1,-1,-1,-1,-1,-1,-1,-1,-1,0
Unvalidated,2024052400930,2024,052400930,2,9,0,2,0,0,0,0,0,0,0,0,2,1,6,2,47,8,-1,-1,-1,-1,5,1,E01025517,0
Unvalidated,2024052400931,2024,052400931,1,19,0,18,1,5,0,0,0,0,0,0,1,1,6,1,57,9,-1,-1,-1,-1,10,1,E01018419,0
Unvalidated,2024052400933,2024,052400933,1,1,0,18,2,6,0,0,0,0,0,0,1,1,2,1,28,6,-1,-1,-1,-1,10,3,E01018690,0
Unvalidated,2024052400934,2024,052400934,1,9,0,5,1,5,0,1,0,0,0,0,1,1,6,1,-1,-1,-1,-1,-1,-1,-1,-1,-1,0
Unvalidated,2024052400934,2024,052400934,2,1,0,18,7,3,0,1,0,0,0,0,1,1,6,2,56,9,-1,-1,-1,-1,7,1,E01007035,0
Unvalidated,2024052400935,2024,052400935,1,9,0,4,3,7,0,0,0,0,0,0,4,1,6,3,-1,-1,-1,-1,-1,-1,-1,-1,-1,0
Unvalidated,2024052400937,2024,052400937,1,8,0,5,2,4,0,0,0,0,0,0,4,1,1,1,44,7,-1,-1,-1,-1,2,1,E01007205,0
Unvalidated,2024052400939,2024,052400939,1,9,0,9,7,5,0,1,0,0,0,0,3,1,6,3,-1,-1,-1,-1,-1,-1,-1,-1,-1,0
Unvalidated,2024052400939,2024,052400939,2,1,0,18,3,7,0,1,0,0,0,0,1,1,6,1,15,3,-1,-1,-1,-1,2,1,E01007218,0
Unvalidated,2024052400941,2024,052400941,1,1,0,9,5,3,0,1,0,0,0,0,1,1,2,1,31,6,-1,-1,-1,-1,4,1,E01006628,0
Unvalidated,2024052400941,2024,052400941,2,9,0,18,1,5,0,1,0,0,0,0,4,1,6,1,56,9,-1,-1,-1,-1,1,1,E01006720,0
Unvalidated,2024052400942,2024,052400942,1,9,0,18,1,5,0,0,0,0,0,0,1,1,2,2,53,8,-1,-1,-1,-1,4,3,E01007040,0
Unvalidated,2024052400942,2024,052400942,2,9,0,18,1,5,0,0,1,0,4,7,2,1,2,1,41,7,-1,-1,-1,-1,1,1,E01006450,0
Unvalidated,2024052400943,2024,052400943,1,5,0,18,7,3,0,0,0,0,0,0,1,1,2,1,52,8,-1,-1,-1,-1,5,1,E01006475,0
Unvalidated,2024052400943,2024,052400943,2,9,0,4,7,3,0,0,0,0,0,0,2,1,6,1,40,7,-1,-1,-1,-1,1,1,E01006443,0
Unvalidated,2024052400944,2024,052400944,1,9,0,9,2,6,0,6,0,0,0,0,1,1,6,2,62,9,-1,-1,-1,-1,7,1,E01006539,0
Unvalidated,2024052400944,2024,052400944,2,9,0,18,4,8,0,8,0,0,0,0,3,1,6,2,32,6,-1,-1,-1,-1,7,1,E01006589,0
Unvalidated,2024052400947,2024,052400947,1,9,0,12,7,3,0,0,0,0,4,1,1,1,6,2,62,9,-1,-1,-1,-1,5,1,E01006488,0
Unvalidated,2024052400948,2024,052400948,1,22,0,18,8,4,0,0,0,0,0,0,1,1,6,3,-1,-1,-1,-1,-1,-1,-1,-1,-1,0
Unvalidated,2024052400950,2024,052400950,1,9,0,18,3,7,0,0,0,0,0,0,1,1,1,1,42,7,-1,-1,-1,-1,1,1,E01006700,0
Unvalidated,2024052400954,2024,052400954,1,9,0,18,7,3,0,1,0,0,0,0,4,1,6,3,-1,-1,-1,-1,-1,-1,-1,-1,-1,0
Unvalidated,2024052400954,2024,052400954,2,1,0,18,7,3,0,1,0,0,0,0,3,1,1,1,21,5,-1,-1,-1,-1,1,1,E01006734,0
Unvalidated,2024052400955,2024,052400955,1,9,0,18,3,7,0,0,0,0,0,0,1,9,6,1,32,6,-1,-1,-1,-1,1,1,E01006467,0
Unvalidated,2024052400957,2024,052400957,1,9,0,18,7,3,0,1,2,4,3,2,1,1,6,1,27,6,-1,-1,-1,-1,7,3,E01010955,0
Unvalidated,2024052400957,2024,052400957,2,9,0,2,0,0,0,1,0,4,7,0,2,1,6,3,-1,-1,-1,-1,-1,-1,-1,-1,-1,0
Unvalidated,2024052400957,2024,052400957,3,9,0,2,0,0,0,1,0,4,1,0,2,1,6,3,-1,-1,-1,-1,-1,-1,-1,-1,-1,0
Unvalidated,2024052400957,2024,052400957,4,9,0,2,0,0,0,1,0,4,7,0,1,1,6,3,-1,-1,-1,-1,-1,-1,-1,-1,-1,0
Unvalidated,2024052400957,2024,052400957,5,9,0,2,0,0,0,1,0,4,0,0,3,1,6,3,-1,-1,-1,-1,-1,-1,-1,-1,-1,0
Unvalidated,2024052400957,2024,052400957,6,9,0,2,0,0,0,1,0,0,0,0,3,1,6,3,-1,-1,-1,-1,-1,-1,-1,-1,-1,0
Unvalidated,2024052400957,2024,052400957,7,8,0,7,7,1,0,8,0,0,7,0,2,1,1,3,-1,-1,-1,-1,-1,-1,-1,-1,-1,0
Unvalidated,2024052400958,2024,052400958,1,9,0,18,7,3,0,1,0,0,0,0,1,1,6,1,26,6,-1,-1,-1,-1,1,1,E01006967,0
Unvalidated,2024052400959,2024,052400959,1,9,0,18,8,4,0,8,0,4,0,0,1,1,6,2,83,11,-1,-1,-1,-1,5,1,E01006946,0
Unvalidated,2024052400959,2024,052400959,2,9,0,2,0,0,0,1,0,0,0,0,1,1,6,3,-1,-1,-1,-1,-1,-1,-1,-1,-1,0
Unvalidated,2024052400961,2024,052400961,1,9,0,9,1,3,0,1,0,0,0,0,4,1,1,2,42,7,-1,-1,-1,-1,1,1,E01006964,0
Unvalidated,2024052400961,2024,052400961,2,3,0,18,5,4,0,1,0,0,0,0,1,1,2,1,32,6,-1,-1,-1,-1,1,1,E01007011,0
Unvalidated,2024052400963,2024,052400963,1,9,0,9,7,1,0,1,0,0,0,0,3,1,6,2,40,7,-1,-1,-1,-1,7,1,E01029491,0
Unvalidated,2024052400963,2024,052400963,2,9,0,18,7,3,0,1,5,0,0,0,3,1,6,2,22,5,-1,-1,-1,-1,2,1,E01006709,0
Unvalidated,2024052400964,2024,052400964,1,9,0,18,8,4,0,0,0,0,0,0,1,1,6,1,52,8,-1,-1,-1,-1,4,1,E01003782,0
Unvalidated,2024052400965,2024,052400965,1,9,0,11,7,3,0,0,0,0,0,0,4,1,6,3,-1,-1,-1,-1,-1,-1,-1,-1,-1,0
Unvalidated,2024052400965,2024,052400965,2,9,0,18,7,3,0,0,0,0,0,0,3,1,6,2,18,4,-1,-1,-1,-1,1,1,E01006850,0
Unvalidated,2024052400966,2024,052400966,1,9,0,18,5,1,0,0,0,0,0,0,4,1,6,3,-1,-1,-1,-1,-1,-1,-1,-1,-1,0
Unvalidated,2024052400966,2024,052400966,2,5,0,3,5,1,0,0,0,0,0,0,3,1,6,1,43,7,-1,-1,-1,-1,2,1,E01032510,0
Unvalidated,2024052400967,2024,052400967,1,9,0,18,7,3,0,0,0,0,0,0,1,1,6,3,-1,-1,-1,-1,-1,-1,-1,-1,-1,0
Unvalidated,2024052400968,2024,052400968,1,9,0,18,8,4,0,0,0,12,0,0,1,1,2,2,60,9,-1,-1,-1,-1,10,1,E01006943,0
Unvalidated,2024052400968,2024,052400968,2,9,0,18,8,4,0,0,0,0,0,0,2,1,6,2,45,7,-1,-1,-1,-1,1,1,E01006552,0
Unvalidated,2024052400969,2024,052400969,1,9,0,16,1,5,0,0,1,0,7,5,1,1,6,1,53,8,-1,-1,-1,-1,1,1,E01007119,0
Unvalidated,2024052400969,2024,052400969,2,9,0,17,5,1,0,0,0,0,0,0,3,1,6,1,20,4,-1,-1,-1,-1,5,1,E01007161,0
Unvalidated,2024052400970,2024,052400970,1,9,0,4,5,1,0,0,0,0,0,0,1,1,6,1,41,7,-1,-1,-1,-1,1,1,E01006600,0
Unvalidated,2024052400970,2024,052400970,2,9,0,4,5,1,0,0,0,0,0,0,2,1,6,1,31,6,-1,-1,-1,-1,1,1,E01014247,0
Unvalidated,2024052400971,2024,052400971,1,9,0,18,4,8,0,8,0,0,0,0,1,1,2,1,45,7,-1,-1,-1,-1,1,1,E01006691,0
Unvalidated,2024052400972,2024,052400972,1,9,0,9,7,3,0,8,0,0,0,0,4,1,6,1,23,5,-1,-1,-1,-1,7,1,E01007245,0
Unvalidated,2024052400972,2024,052400972,2,5,0,18,3,7,0,8,0,0,0,0,1,1,6,1,40,7,-1,-1,-1,-1,1,1,E01007269,0
Unvalidated,2024052400974,2024,052400974,1,9,0,1,5,1,0,0,0,0,0,0,2,1,6,1,33,6,-1,-1,-1,-1,1,1,E01007179,0
Unvalidated,2024052400974,2024,052400974,2,1,0,2,0,0,0,0,0,0,0,0,1,1,6,2,6,2,-1,-1,-1,-1,1,1,E01007204,0
Unvalidated,2024052400975,2024,052400975,1,9,0,18,3,7,0,0,0,0,0,0,1,1,6,1,-1,-1,-1,-1,-1,-1,-1,-1,-1,0
Unvalidated,2024052400975,2024,052400975,2,1,0,18,3,7,0,0,0,0,1,0,2,1,6,1,17,4,-1,-1,-1,-1,1,1,E01006414,0
Unvalidated,2024052400976,2024,052400976,1,9,0,18,5,1,0,0,1,0,1,11,1,1,6,1,20,4,-1,-1,-1,-1,1,1,E01006504,0
Unvalidated,2024052400976,2024,052400976,2,9,0,18,1,5,0,0,0,0,0,0,1,1,6,2,50,8,-1,-1,-1,-1,4,1,E01007050,0
Unvalidated,2024052400976,2024,052400976,3,9,0,18,1,5,0,0,0,0,0,0,1,1,6,2,54,8,-1,-1,-1,-1,5,1,E01006891,0
Unvalidated,2024052400977,2024,052400977,1,9,0,18,7,3,0,1,0,0,0,0,1,1,6,1,25,5,-1,-1,-1,-1,1,1,E01006753,0
Unvalidated,2024052400977,2024,052400977,2,9,0,18,1,5,0,6,0,0,0,0,3,1,6,1,29,6,-1,-1,-1,-1,9,1,E01007078,0
Unvalidated,2024052400977,2024,052400977,3,9,0,18,1,5,0,6,0,0,0,0,3,1,6,1,53,8,-1,-1,-1,-1,5,1,E01006474,0
Unvalidated,2024052400978,2024,052400978,1,9,0,16,7,3,0,0,5,0,7,2,1,1,6,1,54,8,-1,-1,-1,-1,1,1,E01006706,0
Unvalidated,2024052400979,2024,052400979,1,90,0,18,8,5,0,1,0,0,0,0,1,1,6,1,11,3,-1,-1,-1,-1,2,1,E01006782,0
Unvalidated,2024052400979,2024,052400979,2,9,0,18,3,7,0,1,0,0,0,0,1,1,6,3,-1,-1,-1,-1,-1,-1,-1,-1,-1,0
Unvalidated,2024052400981,2024,052400981,1,9,0,15,6,2,0,0,0,0,0,0,4,1,1,1,-1,-1,-1,-1,-1,-1,-1,-1,-1,0
Unvalidated,2024052400981,2024,052400981,2,1,0,4,6,2,0,0,0,0,0,0,3,1,6,1,15,3,-1,-1,-1,-1,1,1,E01012533,0
Unvalidated,2024052400983,2024,052400983,1,19,0,9,3,5,0,1,0,0,0,0,1,1,2,1,43,7,-1,-1,-1,-1,5,1,E01006942,0
Unvalidated,2024052400988,2024,052400988,1,9,0,18,6,2,0,1,0,0,0,0,1,1,6,2,41,7,-1,-1,-1,-1,6,1,E01007063,0
Unvalidated,2024052400988,2024,052400988,2,9,0,18,3,7,0,8,0,0,0,0,4,1,6,2,33,6,-1,-1,-1,-1,6,1,E01007061,0
Unvalidated,2024052400988,2024,052400988,3,9,0,8,7,3,0,8,0,0,0,0,1,1,2,1,52,8,-1,-1,-1,-1,6,1,E01006929,0
Unvalidated,2024052400989,2024,052400989,1,9,0,18,5,1,0,1,0,0,0,0,1,1,6,2,70,10,-1,-1,-1,-1,2,1,E01006618,0
Unvalidated,2024052400989,2024,052400989,2,9,0,3,5,1,0,1,0,0,0,0,2,1,6,1,61,9,-1,-1,-1,-1,8,1,E01007032,0
Unvalidated,2024052400990,2024,052400990,1,9,0,7,5,8,0,0,0,0,0,0,1,1,6,1,37,7,-1,-1,-1,-1,1,1,E01007003,0
Unvalidated,2024052400991,2024,052400991,1,9,0,18,5,1,0,1,1,4,0,0,1,1,6,1,37,7,-1,-1,-1,-1,1,1,E01006556,0
Unvalidated,2024052400991,2024,052400991,2,8,0,1,7,3,0,1,0,0,0,0,4,1,1,1,54,8,-1,-1,-1,-1,1,1,E01006585,0
Unvalidated,2024052400991,2024,052400991,3,9,0,2,0,0,0,1,0,0,0,0,1,1,6,3,-1,-1,-1,-1,-1,-1,-1,-1,-1,0
Unvalidated,2024052400991,2024,052400991,4,9,0,2,0,0,0,1,0,0,0,0,1,1,6,3,-1,-1,-1,-1,-1,-1,-1,-1,-1,0
Unvalidated,2024052400992,2024,052400992,1,90,0,18,5,1,0,1,0,0,0,0,4,1,2,1,32,6,-1,-1,-1,-1,6,1,E01007105,0
Unvalidated,2024052400992,2024,052400992,2,9,0,12,5,3,0,1,0,0,0,0,1,1,6,2,59,9,-1,-1,-1,-1,1,1,E01006776,0
Unvalidated,2024052400995,2024,052400995,1,9,0,5,4,8,0,0,0,0,0,0,1,1,6,3,-1,-1,-1,-1,-1,-1,-1,-1,-1,0
Unvalidated,2024052401000,2024,052401000,1,9,0,18,3,7,0,1,0,0,0,0,1,1,6,2,52,8,-1,-1,-1,-1,1,1,E01006844,0
Unvalidated,2024052401000,2024,052401000,2,19,0,18,1,5,0,1,1,0,0,0,1,1,1,1,48,8,-1,-1,-1,-1,8,1,E01006829,0
Unvalidated,2024052401000,2024,052401000,3,9,0,3,7,3,0,1,0,0,0,0,4,1,6,1,61,9,-1,-1,-1,-1,2,1,E01006899,0
Unvalidated,2024052401002,2024,052401002,1,3,0,18,1,5,0,1,0,0,0,0,1,1,2,1,59,9,-1,-1,-1,-1,1,1,E01012438,0
Unvalidated,2024052401002,2024,052401002,2,9,0,9,5,7,0,1,0,0,0,0,3,1,6,1,39,7,-1,-1,-1,-1,1,1,E01006881,0
Unvalidated,2024052401005,2024,052401005,1,9,0,18,6,2,0,1,0,0,0,0,1,1,6,1,-1,-1,-1,-1,-1,-1,-1,-1,-1,0
Unvalidated,2024052401005,2024,052401005,2,4,0,7,4,6,0,1,0,0,0,0,1,1,6,1,22,5,-1,-1,-1,-1,1,1,E01006768,0
Unvalidated,2024052401007,2024,052401007,1,90,0,9,7,1,0,0,0,0,0,0,3,1,1,1,40,7,-1,-1,-1,-1,2,1,E01006708,0
Unvalidated,2024052401007,2024,052401007,2,5,0,18,3,7,0,0,0,0,0,0,1,1,6,1,45,7,-1,-1,-1,-1,1,1,E01006693,0
Unvalidated,2024052401007,2024,052401007,3,9,0,18,3,7,0,0,0,0,0,0,0,1,6,3,-1,-1,-1,-1,-1,-1,-1,-1,-1,0
Unvalidated,2024052401009,2024,052401009,1,9,0,18,7,3,0,0,0,0,0,0,4,1,6,3,-1,-1,-1,-1,-1,-1,-1,-1,-1,0
Unvalidated,2024052401010,2024,052401010,1,1,0,18,7,3,0,0,0,0,0,0,1,1,3,1,12,3,-1,-1,-1,-1,1,1,E01006865,0
Unvalidated,2024052401010,2024,052401010,2,9,0,4,7,3,0,0,0,0,0,0,2,1,6,2,29,6,-1,-1,-1,-1,1,1,E01006865,0
Unvalidated,2024052401011,2024,052401011,1,9,0,18,1,5,0,1,0,0,0,0,1,1,6,2,33,6,-1,-1,-1,-1,8,1,E01007142,0
Unvalidated,2024052401011,2024,052401011,2,19,0,18,7,3,0,1,0,0,0,0,4,1,6,1,68,10,-1,-1,-1,-1,3,1,E01007276,0
Unvalidated,2024052401012,2024,052401012,1,9,0,18,3,1,0,0,0,0,0,0,1,1,6,3,-1,-1,-1,-1,-1,-1,-1,-1,-1,0
Unvalidated,2024052401012,2024,052401012,2,9,0,18,3,1,0,0,0,0,0,0,2,1,6,2,53,8,-1,-1,-1,-1,9,2,E01007027,0
Unvalidated,2024052401013,2024,052401013,1,11,0,18,5,1,0,0,0,0,0,0,1,1,1,1,50,8,-1,-1,-1,-1,2,1,E01007239,0
Unvalidated,2024052401013,2024,052401013,2,1,0,18,5,1,0,0,0,0,0,0,1,1,6,1,13,3,-1,-1,-1,-1,1,1,E01007293,0
Unvalidated,2024052401014,2024,052401014,1,9,0,18,7,3,0,0,0,0,0,0,0,1,6,2,30,6,-1,-1,-1,-1,8,1,E01006476,0
Unvalidated,2024052401015,2024,052401015,1,9,0,18,7,3,0,0,0,0,0,0,0,1,6,2,43,7,-1,-1,-1,-1,1,1,E01006816,0
Unvalidated,2024052401016,2024,052401016,1,9,0,18,5,1,0,4,0,0,0,0,1,1,6,1,56,9,-1,-1,-1,-1,10,3,E01022499,0
Unvalidated,2024052401016,2024,052401016,2,1,0,18,5,1,0,4,0,0,0,0,2,1,6,2,56,9,-1,-1,-1,-1,1,1,E01025528,0
Unvalidated,2024052401017,2024,052401017,1,90,0,18,5,1,0,8,0,0,1,2,1,1,6,1,29,6,-1,-1,-1,-1,1,1,E01007010,0
Unvalidated,2024052401018,2024,052401018,1,9,0,18,1,5,0,1,0,0,0,0,4,1,6,1,17,4,-1,-1,-1,-1,1,1,E01006981,0
Unvalidated,2024052401019,2024,052401019,1,9,0,18,1,5,0,0,0,0,0,0,1,1,6,1,26,6,-1,-1,-1,-1,1,1,E01006696,0
Unvalidated,2024052401020,2024,052401020,1,9,0,9,8,7,0,8,0,0,0,0,4,1,6,2,20,4,-1,-1,-1,-1,1,1,E01006600,0
Unvalidated,2024052401020,2024,052401020,2,3,0,18,4,8,0,8,0,0,0,0,1,1,6,1,32,6,-1,-1,-1,-1,2,1,E01032506,0
Unvalidated,2024052401021,2024,052401021,1,9,0,18,3,7,0,0,0,0,0,0,0,1,1,1,-1,-1,-1,-1,-1,-1,3,1,E01006743,0
Unvalidated,2024052401021,2024,052401021,2,9,0,18,3,7,0,0,0,0,1,11,1,1,6,1,51,8,-1,-1,-1,-1,1,1,E01006463,0
Unvalidated,2024052401023,2024,052401023,1,1,0,18,5,1,0,0,0,0,0,0,4,1,6,2,43,7,-1,-1,-1,-1,1,1,E01006637,0
Unvalidated,2024052401023,2024,052401023,2,9,0,18,1,5,0,0,0,0,0,0,4,1,6,2,59,9,-1,-1,-1,-1,1,1,E01006598,0
Unvalidated,2024052401024,2024,052401024,1,9,0,18,5,1,0,1,0,0,0,0,0,1,1,1,-1,-1,-1,-1,-1,-1,-1,-1,-1,0
Unvalidated,2024052401024,2024,052401024,2,23,0,18,5,1,0,1,0,0,0,0,0,1,6,1,16,4,-1,-1,-1,-1,1,1,E01006779,0
Unvalidated,2024052401025,2024,052401025,1,9,0,5,3,1,0,6,0,0,0,0,1,1,6,1,59,9,-1,-1,-1,-1,6,1,E01006955,0
Unvalidated,2024052401026,2024,052401026,1,9,0,7,8,2,0,1,0,0,0,0,1,1,6,3,-1,-1,-1,-1,-1,-1,-1,-1,-1,0
Unvalidated,2024052401027,2024,052401027,1,1,0,7,5,1,0,1,0,0,0,0,1,1,6,1,14,3,-1,-1,-1,-1,8,1,E01006827,0
Unvalidated,2024052401027,2024,052401027,2,9,0,18,7,3,0,1,0,0,0,0,1,1,6,2,36,7,-1,-1,-1,-1,5,1,E01006833,0
Unvalidated,2024052401030,2024,052401030,1,11,0,5,1,5,0,1,0,0,0,0,1,1,1,1,54,8,-1,-1,-1,-1,1,1,E01006880,0
Unvalidated,2024052401031,2024,052401031,1,9,0,7,3,5,0,6,0,0,0,0,3,1,6,1,66,10,-1,-1,-1,-1,5,1,E01006489,0
Unvalidated,2024052401031,2024,052401031,2,1,0,18,1,5,0,8,0,0,0,0,1,1,6,1,70,10,-1,-1,-1,-1,1,1,E01006768,0
Unvalidated,2024052401034,2024,052401034,1,9,0,5,7,3,0,4,0,0,0,0,1,1,6,1,51,8,-1,-1,-1,-1,3,1,E01006342,0
Unvalidated,2024052401034,2024,052401034,2,9,0,5,7,3,0,4,0,0,0,0,2,1,6,2,69,10,-1,-1,-1,-1,9,2,E01006807,0
Unvalidated,2024052401035,2024,052401035,1,9,0,18,1,5,0,8,0,0,0,0,1,1,6,2,22,5,-1,-1,-1,-1,7,1,E01007066,0
Unvalidated,2024052401035,2024,052401035,2,9,0,18,3,7,0,8,0,0,0,0,3,1,6,2,26,6,-1,-1,-1,-1,7,1,E01007098,0
Unvalidated,2024052401036,2024,052401036,1,9,0,18,3,7,0,0,0,0,0,0,1,1,6,2,-1,-1,-1,-1,-1,-1,8,1,E01006680,0
Unvalidated,2024052401036,2024,052401036,2,9,0,18,3,7,0,0,0,0,0,0,2,1,6,2,31,6,-1,-1,-1,-1,3,1,E01006671,0
Unvalidated,2024052401037,2024,052401037,1,9,0,18,3,7,0,1,0,0,0,0,1,1,6,2,41,7,-1,-1,-1,-1,4,1,E01012523,0
Unvalidated,2024052401039,2024,052401039,1,8,0,5,7,3,0,0,0,0,0,0,4,1,1,1,53,8,-1,-1,-1,-1,1,1,E01005613,0
Unvalidated,2024052401041,2024,052401041,1,9,0,17,6,3,0,0,0,4,0,0,4,1,6,1,81,11,-1,-1,-1,-1,4,1,E01005690,0
Unvalidated,2024052401041,2024,052401041,2,9,0,2,0,0,0,0,0,0,0,0,3,1,6,3,-1,-1,-1,-1,-1,-1,-1,-1,-1,0
Unvalidated,2024052401041,2024,052401041,3,9,0,18,3,7,0,0,0,0,0,0,1,1,6,1,73,10,-1,-1,-1,-1,8,1,E01006859,0
Unvalidated,2024052401042,2024,052401042,1,9,0,1,5,7,0,0,0,0,0,0,2,1,6,1,22,5,-1,-1,-1,-1,1,1,E01033765,0
Unvalidated,2024052401043,2024,052401043,1,9,0,9,1,7,0,1,0,0,0,0,3,1,1,2,-1,-1,-1,-1,-1,-1,-1,-1,-1,0