status,collision_index,collision_year,collision_reference,vehicle_reference,vehicle_type,towing_and_articulation,vehicle_manoeuvre,vehicle_direction_from,vehicle_direction_to,vehicle_location_restricted_lane,junction_location,skidding_and_overturning,hit_object_in_carriageway,vehicle_leaving_carriageway,hit_object_off_carriageway,first_point_of_impact,vehicle_left_hand_drive,journey_purpose_of_driver,sex_of_driver,age_of_driver,age_band_of_driver,engine_capacity_cc,propulsion_code,age_of_vehicle,generic_make_model,driver_imd_decile,driver_home_area_type,lsoa_of_driver,escooter_flag
Unvalidated,2024052401043,2024,052401043,2,9,0,18,5,1,0,1,0,0,0,0,1,1,6,3,-1,-1,-1,-1,-1,-1,-1,-1,-1,0
Unvalidated,2024052401045,2024,052401045,1,21,0,11,1,5,0,0,0,0,0,0,4,1,1,1,54,8,-1,-1,-1,-1,6,1,E01004936,0
Unvalidated,2024052401045,2024,052401045,2,9,0,18,1,5,0,0,0,0,0,0,4,1,6,1,61,9,-1,-1,-1,-1,4,1,E01014122,0
Unvalidated,2024052401047,2024,052401047,1,9,0,18,7,3,0,0,0,0,0,0,1,1,6,1,75,10,-1,-1,-1,-1,1,1,E01006567,0
Unvalidated,2024052401048,2024,052401048,1,9,0,18,7,3,0,0,5,0,3,11,1,1,6,2,33,6,-1,-1,-1,-1,1,1,E01006677,0
Unvalidated,2024052401049,2024,052401049,1,9,0,15,5,1,0,8,0,0,0,0,1,1,2,1,40,7,-1,-1,-1,-1,1,1,E01006692,0
Unvalidated,2024052401049,2024,052401049,2,9,0,9,7,5,0,1,0,0,0,0,3,1,3,2,43,7,-1,-1,-1,-1,1,1,E01006699,0
Unvalidated,2024052401050,2024,052401050,1,4,0,14,1,5,0,0,0,0,0,0,4,1,2,1,28,6,-1,-1,-1,-1,8,1,E01007298,0
Unvalidated,2024052401050,2024,052401050,2,19,0,3,1,5,0,0,0,0,0,0,3,1,1,1,27,6,-1,-1,-1,-1,5,1,E01006486,0
Unvalidated,2024052401051,2024,052401051,1,9,0,6,1,1,0,0,0,0,0,0,3,1,6,2,34,6,-1,-1,-1,-1,1,1,E01006734,0
Unvalidated,2024052401051,2024,052401051,2,3,0,14,5,1,0,0,0,0,0,0,1,1,2,1,39,7,-1,-1,-1,-1,2,1,E01032510,0
Unvalidated,2024052401053,2024,052401053,1,9,0,17,1,5,0,0,0,0,1,2,4,1,2,2,52,8,-1,-1,-1,-1,1,1,E01006643,0
Unvalidated,2024052401053,2024,052401053,2,11,0,18,2,4,0,0,0,0,0,0,1,1,1,1,34,6,-1,-1,-1,-1,7,1,E01006423,0
Unvalidated,2024052401055,2024,052401055,1,1,0,7,2,6,0,8,0,0,0,0,1,1,6,1,8,2,-1,-1,-1,-1,1,1,E01006483,0
Unvalidated,2024052401055,2024,052401055,2,8,0,18,4,8,0,8,0,0,0,0,1,1,2,1,33,6,-1,-1,-1,-1,1,1,E01006483,0
Unvalidated,2024052401056,2024,052401056,1,19,0,1,3,7,0,0,0,0,0,0,1,1,6,1,-1,-1,-1,-1,-1,-1,-1,-1,-1,0
Unvalidated,2024052401057,2024,052401057,1,9,0,18,3,7,0,1,0,0,0,0,1,1,6,2,37,7,-1,-1,-1,-1,3,1,E01026025,0
Unvalidated,2024052401057,2024,052401057,2,9,0,18,1,5,0,1,0,0,0,0,3,1,6,1,22,5,-1,-1,-1,-1,4,2,E01019150,0
Unvalidated,2024052401059,2024,052401059,1,21,1,4,6,2,0,1,0,0,0,0,2,1,1,1,51,8,-1,-1,-1,-1,1,1,E01006980,0
Unvalidated,2024052401059,2024,052401059,2,9,0,4,6,2,0,1,0,0,0,0,2,1,6,2,67,10,-1,-1,-1,-1,1,1,E01006483,0
Unvalidated,2024052401061,2024,052401061,1,19,0,9,5,7,0,1,0,0,0,0,4,1,1,1,28,6,-1,-1,-1,-1,10,1,E01018695,0
Unvalidated,2024052401061,2024,052401061,2,1,0,18,7,3,0,1,0,0,0,0,4,1,1,1,68,10,-1,-1,-1,-1,7,1,E01006947,0
Unvalidated,2024052401063,2024,052401063,1,9,0,9,5,3,0,1,0,0,0,0,1,1,6,2,19,4,-1,-1,-1,-1,5,1,E01006420,0
Unvalidated,2024052401063,2024,052401063,2,4,0,18,1,5,0,1,0,0,0,0,2,1,6,1,64,9,-1,-1,-1,-1,2,1,E01012384,0
Unvalidated,2024052401065,2024,052401065,1,9,0,5,7,3,0,4,0,0,0,0,3,1,6,1,36,7,-1,-1,-1,-1,9,1,E01006594,0
Unvalidated,2024052401065,2024,052401065,2,9,0,18,5,2,0,3,0,0,0,0,1,1,6,1,55,8,-1,-1,-1,-1,5,1,E01006687,0
Unvalidated,2024052401067,2024,052401067,1,9,0,18,8,4,0,0,0,0,0,0,4,1,6,3,-1,-1,-1,-1,-1,-1,-1,-1,-1,0
Unvalidated,2024052401068,2024,052401068,2,9,0,4,6,8,0,0,0,0,0,0,0,1,6,1,51,8,-1,-1,-1,-1,2,1,E01006441,0
Unvalidated,2024052401069,2024,052401069,1,9,0,18,8,4,0,0,0,0,0,0,3,1,6,1,89,11,-1,-1,-1,-1,4,1,E01006998,0
Unvalidated,2024052401070,2024,052401070,1,9,0,1,3,7,0,1,0,0,0,0,2,1,6,1,67,10,-1,-1,-1,-1,2,1,E01007125,0
Unvalidated,2024052401072,2024,052401072,1,9,0,4,3,7,0,8,0,0,0,0,1,1,6,2,61,9,-1,-1,-1,-1,1,1,E01006919,0
Unvalidated,2024052401072,2024,052401072,2,9,0,18,1,5,0,8,0,0,0,0,4,1,6,1,33,6,-1,-1,-1,-1,1,1,E01006861,0
Unvalidated,2024052401077,2024,052401077,1,9,0,18,2,6,0,0,0,0,0,0,1,1,6,1,-1,-1,-1,-1,-1,-1,-1,-1,-1,0
Unvalidated,2024052401077,2024,052401077,2,1,0,18,8,3,0,0,0,0,0,0,4,1,6,2,43,7,-1,-1,-1,-1,4,1,E01006617,0
Unvalidated,2024052401082,2024,052401082,1,1,0,18,3,7,0,0,0,0,0,0,0,1,6,1,51,8,-1,-1,-1,-1,10,1,E01006943,0
Unvalidated,2024052401083,2024,052401083,1,9,0,18,1,5,0,0,0,0,7,4,1,1,6,2,65,9,-1,-1,-1,-1,4,1,E01007202,0
Unvalidated,2024052401087,2024,052401087,1,9,0,14,2,1,0,0,0,0,0,0,3,1,1,1,45,7,-1,-1,-1,-1,2,1,E01006586,0
Unvalidated,2024052401088,2024,052401088,1,9,0,18,1,5,0,1,0,0,1,10,1,1,6,3,-1,-1,-1,-1,-1,-1,-1,-1,-1,0
Unvalidated,2024052401088,2024,052401088,2,9,0,3,3,8,0,1,0,0,0,0,3,1,6,2,33,6,-1,-1,-1,-1,1,1,E01006791,0
Unvalidated,2024052401089,2024,052401089,1,8,0,9,1,3,0,1,0,0,0,0,1,2,1,1,43,7,-1,-1,-1,-1,1,1,E01006679,0
Unvalidated,2024052401089,2024,052401089,2,9,0,18,1,5,0,1,0,0,0,0,1,1,6,2,46,8,-1,-1,-1,-1,1,1,E01006644,0
Unvalidated,2024052401090,2024,052401090,1,9,0,9,8,4,0,1,0,0,7,0,4,1,6,2,40,7,-1,-1,-1,-1,1,1,E01006730,0
Unvalidated,2024052401090,2024,052401090,2,9,0,18,4,8,0,1,1,0,0,0,1,1,6,1,52,8,-1,-1,-1,-1,1,1,E01033759,0
Unvalidated,2024052401092,2024,052401092,1,9,0,9,1,5,0,8,0,0,0,0,3,1,6,1,55,8,-1,-1,-1,-1,5,1,E01012552,0
Unvalidated,2024052401092,2024,052401092,2,4,0,18,6,8,0,8,0,0,0,0,1,1,6,1,20,4,-1,-1,-1,-1,9,1,E01006889,0
Unvalidated,2024052401093,2024,052401093,1,9,0,9,7,5,0,1,0,0,0,0,4,1,6,1,18,4,-1,-1,-1,-1,7,3,E01024961,0
Unvalidated,2024052401093,2024,052401093,2,9,0,18,3,7,0,1,0,0,0,0,1,1,6,1,44,7,-1,-1,-1,-1,7,3,E01025561,0
Unvalidated,2024052401097,2024,052401097,1,4,0,-1,6,2,0,0,-1,0,0,0,-1,1,6,3,-1,-1,-1,-1,-1,-1,-1,-1,-1,0
Unvalidated,2024052401099,2024,052401099,1,1,0,18,3,7,0,6,0,0,0,0,1,1,6,1,10,2,-1,-1,-1,-1,10,1,E01007145,0
Unvalidated,2024052401099,2024,052401099,2,9,0,18,1,5,0,8,0,0,0,0,4,1,1,2,51,8,-1,-1,-1,-1,4,1,E01007114,0
Unvalidated,2024052401100,2024,052401100,1,9,0,18,1,5,0,0,0,0,0,0,4,1,6,3,-1,-1,-1,-1,-1,-1,-1,-1,-1,0
Unvalidated,2024052401100,2024,052401100,2,1,0,18,1,5,0,0,0,0,0,0,2,1,6,1,47,8,-1,-1,-1,-1,2,1,E01006953,0
Unvalidated,2024052401103,2024,052401103,1,9,0,18,3,7,0,4,0,0,0,0,1,1,6,1,-1,-1,-1,-1,-1,-1,4,1,E01006959,0
Unvalidated,2024052401103,2024,052401103,2,8,0,4,3,7,0,3,0,0,0,0,2,1,1,1,57,9,-1,-1,-1,-1,5,1,E01006670,0
Unvalidated,2024052401107,2024,052401107,1,9,0,18,5,1,0,1,0,0,0,0,1,1,6,2,51,8,-1,-1,-1,-1,1,1,E01007127,0
Unvalidated,2024052401107,2024,052401107,2,9,0,18,7,3,0,1,0,0,0,0,3,1,6,2,71,10,-1,-1,-1,-1,8,1,E01007298,0
Unvalidated,2024052401109,2024,052401109,1,9,0,9,6,7,0,8,0,0,0,0,1,1,6,2,37,7,-1,-1,-1,-1,4,1,E01007140,0
Unvalidated,2024052401109,2024,052401109,2,1,0,17,2,4,0,8,0,0,0,0,1,1,6,1,57,9,-1,-1,-1,-1,4,1,E01007231,0
Unvalidated,2024052401111,2024,052401111,1,9,0,1,1,5,0,0,0,0,0,0,2,1,6,3,-1,-1,-1,-1,-1,-1,-1,-1,-1,0
Unvalidated,2024052401111,2024,052401111,2,9,0,2,0,0,0,0,0,0,0,0,1,1,6,1,34,6,-1,-1,-1,-1,1,1,E01006908,0
Unvalidated,2024052401112,2024,052401112,1,19,0,5,1,5,0,1,0,0,0,0,1,1,2,1,59,9,-1,-1,-1,-1,1,1,E01006674,0
Unvalidated,2024052401113,2024,052401113,1,1,0,4,1,5,0,1,0,0,0,0,1,1,6,1,52,8,-1,-1,-1,-1,1,1,E01006877,0
Unvalidated,2024052401113,2024,052401113,2,9,0,2,0,0,0,1,0,0,0,0,3,1,6,3,-1,-1,-1,-1,-1,-1,-1,-1,-1,0
Unvalidated,2024052401115,2024,052401115,1,4,0,18,1,5,0,6,1,0,0,0,1,1,2,1,48,8,-1,-1,-1,-1,6,1,E01015496,0
Unvalidated,2024052401115,2024,052401115,2,9,0,7,5,3,0,6,0,0,0,0,4,1,6,1,38,7,-1,-1,-1,-1,7,3,E01022269,0
Unvalidated,2024052401117,2024,052401117,1,9,0,18,1,5,0,1,0,0,0,0,4,1,6,2,39,7,-1,-1,-1,-1,5,1,E01006997,0
Unvalidated,2024052401117,2024,052401117,2,1,0,18,3,7,0,6,0,0,0,0,1,1,6,1,72,10,-1,-1,-1,-1,4,1,E01006976,0
Unvalidated,2024052401118,2024,052401118,1,9,0,18,7,3,0,0,0,4,0,0,1,1,6,3,-1,-1,-1,-1,-1,-1,-1,-1,-1,0
Unvalidated,2024052401118,2024,052401118,2,9,0,2,0,0,0,0,0,0,0,0,2,1,6,3,-1,-1,-1,-1,-1,-1,-1,-1,-1,0
Unvalidated,2024052401121,2024,052401121,1,9,0,13,1,5,0,1,0,4,0,0,1,1,6,1,35,6,-1,-1,-1,-1,1,1,E01007011,0
Unvalidated,2024052401121,2024,052401121,2,9,0,9,1,3,0,1,0,0,0,0,3,1,6,2,38,7,-1,-1,-1,-1,3,1,E01006960,0
Unvalidated,2024052401121,2024,052401121,3,9,0,2,0,0,0,1,0,0,0,0,2,1,6,3,-1,-1,-1,-1,-1,-1,-1,-1,-1,0
Unvalidated,2024052401122,2024,052401122,1,9,0,18,3,7,0,0,0,0,0,0,4,1,6,3,-1,-1,-1,-1,-1,-1,-1,-1,-1,0
Unvalidated,2024052401122,2024,052401122,2,1,0,18,3,7,0,0,0,0,0,0,2,1,6,1,14,3,-1,-1,-1,-1,6,1,E01006900,0
Unvalidated,2024052401124,2024,052401124,1,9,0,9,7,3,0,6,0,0,0,0,4,1,6,1,24,5,-1,-1,-1,-1,4,1,E01006835,0
Unvalidated,2024052401125,2024,052401125,1,9,0,9,3,1,0,1,0,0,1,0,1,1,6,2,30,6,-1,-1,-1,-1,6,2,E01025507,0
Unvalidated,2024052401125,2024,052401125,2,9,0,18,6,2,0,1,0,0,1,1,1,1,6,1,24,5,-1,-1,-1,-1,1,1,E01006759,0
Unvalidated,2024052401126,2024,052401126,1,19,0,7,7,1,0,1,0,0,0,0,4,1,6,3,-1,-1,-1,-1,-1,-1,-1,-1,-1,0
Unvalidated,2024052401126,2024,052401126,2,1,0,18,5,1,0,1,0,0,0,0,1,1,6,1,39,7,-1,-1,-1,-1,9,1,E01006917,0
Unvalidated,2024052401129,2024,052401129,1,9,0,7,6,2,0,3,0,0,0,0,0,1,6,1,39,7,-1,-1,-1,-1,9,1,E01007284,0
Unvalidated,2024052401129,2024,052401129,2,22,0,18,6,2,0,3,5,10,0,0,0,1,6,1,72,10,-1,-1,-1,-1,7,1,E01007144,0
Unvalidated,2024052401131,2024,052401131,1,9,0,18,4,1,0,4,0,0,0,0,1,1,6,1,-1,-1,-1,-1,-1,-1,-1,-1,-1,0
Unvalidated,2024052401131,2024,052401131,2,9,0,4,4,1,0,4,0,0,0,0,2,1,6,2,44,7,-1,-1,-1,-1,1,1,E01006463,0
Unvalidated,2024052401132,2024,052401132,1,9,0,18,7,3,0,1,0,0,0,0,1,1,2,1,21,5,-1,-1,-1,-1,2,1,E01006482,0
Unvalidated,2024052401132,2024,052401132,2,9,0,3,7,3,0,1,0,0,0,0,2,1,6,2,-1,-1,-1,-1,-1,-1,10,1,E01007200,0
Unvalidated,2024052401132,2024,052401132,3,9,0,3,7,3,0,1,0,0,0,0,2,1,6,2,-1,-1,-1,-1,-1,-1,1,1,E01006691,0
Unvalidated,2024052401133,2024,052401133,1,9,0,18,5,1,0,0,0,10,0,0,4,1,6,2,69,10,-1,-1,-1,-1,7,1,E01007265,0
Unvalidated,2024052401133,2024,052401133,2,9,0,18,5,1,0,0,0,0,0,0,0,1,2,2,48,8,-1,-1,-1,-1,8,1,E01007282,0
Unvalidated,2024052401134,2024,052401134,1,1,0,18,2,6,0,2,0,0,0,0,1,1,1,1,22,5,-1,-1,-1,-1,3,1,E01006722,0
Unvalidated,2024052401134,2024,052401134,2,9,0,18,4,8,0,8,0,0,0,0,3,1,2,1,28,6,-1,-1,-1,-1,9,1,E01007150,0
Unvalidated,2024052401135,2024,052401135,1,21,0,18,7,3,0,0,0,0,0,0,1,1,1,1,56,9,-1,-1,-1,-1,-1,-1,-1,0
Unvalidated,2024052401136,2024,052401136,1,9,0,9,7,1,0,6,0,0,0,0,3,1,2,1,29,6,-1,-1,-1,-1,6,3,E01012554,0
Unvalidated,2024052401136,2024,052401136,2,9,0,18,1,5,0,1,0,0,0,0,1,1,6,1,18,4,-1,-1,-1,-1,-1,-1,-1,0
Unvalidated,2024052401137,2024,052401137,1,9,0,9,5,3,0,8,0,0,0,0,1,1,6,2,40,7,-1,-1,-1,-1,8,1,E01006263,0
Unvalidated,2024052401137,2024,052401137,2,9,0,18,1,5,0,8,0,0,0,0,1,1,1,2,30,6,-1,-1,-1,-1,7,3,E01006885,0
Unvalidated,2024052401139,2024,052401139,1,8,0,5,3,7,0,8,0,0,0,0,0,1,1,1,30,6,-1,-1,-1,-1,1,1,E01006695,0
Unvalidated,2024052401140,2024,052401140,1,19,0,18,7,1,0,3,0,0,0,0,4,1,1,1,56,9,-1,-1,-1,-1,4,1,E01006851,0
Unvalidated,2024052401141,2024,052401141,1,9,0,18,5,1,0,1,0,0,0,0,1,1,6,1,46,8,-1,-1,-1,-1,5,1,E01006268,0
Unvalidated,2024052401141,2024,052401141,2,9,0,7,3,7,0,6,0,0,0,0,1,1,6,1,53,8,-1,-1,-1,-1,4,1,E01006641,0
Unvalidated,2024052401142,2024,052401142,1,5,0,18,8,4,0,0,1,0,0,0,0,1,6,1,50,8,-1,-1,-1,-1,6,1,E01012426,0
Unvalidated,2024052401143,2024,052401143,1,9,0,18,6,5,0,4,0,0,0,0,1,1,6,2,39,7,-1,-1,-1,-1,1,1,E01006675,0
Unvalidated,2024052401144,2024,052401144,1,1,0,18,2,6,0,0,0,0,0,0,1,1,6,1,7,2,-1,-1,-1,-1,3,1,E01006671,0
Unvalidated,2024052401144,2024,052401144,2,9,0,18,2,8,0,0,0,0,0,0,1,1,6,3,-1,-1,-1,-1,-1,-1,-1,-1,-1,0
Unvalidated,2024052401145,2024,052401145,1,9,0,9,5,3,0,6,0,0,0,0,1,1,6,2,70,10,-1,-1,-1,-1,1,1,E01006769,0
Unvalidated,2024052401145,2024,052401145,2,9,0,18,3,7,0,8,0,0,0,0,1,1,6,2,51,8,-1,-1,-1,-1,10,1,E01025502,0
Unvalidated,2024052401146,2024,052401146,1,9,0,13,7,2,0,0,0,0,0,0,4,1,6,2,64,9,-1,-1,-1,-1,7,2,E01006884,0
Unvalidated,2024052401146,2024,052401146,2,1,0,16,7,2,0,0,0,0,2,10,2,1,6,1,44,7,-1,-1,-1,-1,9,2,E01006882,0
Unvalidated,2024052401147,2024,052401147,1,9,0,18,7,3,0,0,0,0,0,0,1,1,6,3,-1,-1,-1,-1,-1,-1,-1,-1,-1,0
Unvalidated,2024052401147,2024,052401147,2,9,0,2,0,0,0,0,0,0,0,0,2,1,1,1,36,7,-1,-1,-1,-1,1,1,E01006678,0
Unvalidated,2024052401149,2024,052401149,1,9,0,18,3,7,0,1,0,0,0,0,1,1,6,1,87,11,-1,-1,-1,-1,6,1,E01025495,0
Unvalidated,2024052401151,2024,052401151,1,9,0,18,1,5,0,6,0,0,0,0,1,1,6,2,37,7,-1,-1,-1,-1,2,1,E01005714,0
Unvalidated,2024052401151,2024,052401151,2,9,0,18,3,7,0,8,0,0,0,0,3,1,6,1,79,11,-1,-1,-1,-1,8,1,E01007247,0
Unvalidated,2024052401152,2024,052401152,1,9,0,18,4,8,0,1,0,0,0,0,1,1,6,2,21,5,-1,-1,-1,-1,-1,-1,-1,0
Unvalidated,2024052401153,2024,052401153,1,9,0,18,7,3,0,1,0,0,0,0,0,1,1,1,45,7,-1,-1,-1,-1,-1,-1,-1,0
Unvalidated,2024052401153,2024,052401153,2,9,0,18,7,3,0,1,0,0,0,0,1,1,6,3,-1,-1,-1,-1,-1,-1,-1,-1,-1,0
Unvalidated,2024052401153,2024,052401153,3,9,0,3,7,3,0,1,0,0,0,0,4,1,6,2,60,9,-1,-1,-1,-1,3,1,E01006452,0
Unvalidated,2024052401153,2024,052401153,4,9,0,3,7,3,0,1,0,0,0,0,2,1,6,2,62,9,-1,-1,-1,-1,3,1,E01006496,0
Unvalidated,2024052401156,2024,052401156,1,9,0,18,5,1,0,0,0,0,0,0,0,1,2,1,22,5,-1,-1,-1,-1,3,1,E01007022,0
Unvalidated,2024052401157,2024,052401157,1,9,0,18,5,1,0,0,0,0,0,0,1,1,2,1,-1,-1,-1,-1,-1,-1,1,1,E01006967,0
Unvalidated,2024052401158,2024,052401158,1,1,0,9,4,8,0,6,0,0,0,0,3,1,6,1,20,4,-1,-1,-1,-1,2,1,E01006723,0
Unvalidated,2024052401158,2024,052401158,2,9,0,7,8,6,0,6,0,0,0,0,0,1,6,2,35,6,-1,-1,-1,-1,2,1,E01006523,0
Unvalidated,2024052401159,2024,052401159,1,9,0,99,9,9,0,9,0,99,0,0,9,9,6,3,-1,-1,-1,-1,-1,-1,-1,-1,-1,0
Unvalidated,2024052401160,2024,052401160,1,9,0,3,2,6,0,2,0,0,0,0,2,1,1,1,51,8,-1,-1,-1,-1,7,1,E01006591,0
Unvalidated,2024052401160,2024,052401160,2,1,0,12,2,6,0,2,0,0,0,0,1,1,1,2,25,5,-1,-1,-1,-1,1,1,E01007129,0
Unvalidated,2024052401164,2024,052401164,1,23,0,18,4,8,0,8,0,0,0,0,1,1,6,1,15,3,-1,-1,-1,-1,2,1,E01006763,0
Unvalidated,2024052401165,2024,052401165,1,9,0,18,8,4,0,0,0,0,0,0,1,1,6,3,-1,-1,-1,-1,-1,-1,-1,-1,-1,0
Unvalidated,2024052401166,2024,052401166,1,9,0,18,3,7,0,8,0,0,0,0,1,1,6,1,28,6,-1,-1,-1,-1,3,1,E01006587,0
Unvalidated,2024052401166,2024,052401166,2,9,0,18,1,5,0,8,0,0,0,0,4,1,2,1,45,7,-1,-1,-1,-1,9,1,E01007070,0
Unvalidated,2024052401168,2024,052401168,1,2,0,9,1,3,0,8,0,0,0,0,2,1,1,1,42,7,-1,-1,-1,-1,1,1,E01006673,0
Unvalidated,2024052401168,2024,052401168,2,9,0,5,5,1,0,8,0,0,0,0,2,1,6,1,22,5,-1,-1,-1,-1,1,1,E01006676,0
Unvalidated,2024052401169,2024,052401169,1,99,9,99,9,9,0,0,0,99,9,99,3,9,6,3,-1,-1,-1,-1,-1,-1,-1,-1,-1,0
Unvalidated,2024052401174,2024,052401174,1,9,0,18,4,8,0,0,0,4,0,0,1,1,6,1,81,11,-1,-1,-1,-1,4,1,E01007229,0
Unvalidated,2024052401174,2024,052401174,2,9,0,2,0,0,0,0,0,0,0,0,2,1,6,3,-1,-1,-1,-1,-1,-1,-1,-1,-1,0
Unvalidated,2024052401177,2024,052401177,2,9,0,18,5,1,0,1,0,0,0,0,1,1,2,1,24,5,-1,-1,-1,-1,1,1,E01033759,0
Unvalidated,2024052401179,2024,052401179,1,9,0,5,7,3,0,0,0,0,0,0,1,1,6,2,39,7,-1,-1,-1,-1,1,1,E01006664,0
Unvalidated,2024052401179,2024,052401179,2,9,0,2,0,0,0,0,0,0,0,0,2,1,6,3,-1,-1,-1,-1,-1,-1,-1,-1,-1,0
Unvalidated,2024052401180,2024,052401180,1,19,0,9,7,5,0,6,0,0,0,0,4,2,1,1,34,6,-1,-1,-1,-1,1,1,E01033747,0
Unvalidated,2024052401180,2024,052401180,2,8,0,18,5,1,0,1,1,0,0,0,1,2,1,1,49,8,-1,-1,-1,-1,2,1,E01006616,0
Unvalidated,2024052401181,2024,052401181,1,1,0,9,8,5,0,6,0,8,0,0,1,1,6,1,23,5,-1,-1,-1,-1,1,1,E01006648,0
Unvalidated,2024052401181,2024,052401181,2,9,0,2,0,0,0,8,0,8,0,0,1,1,2,1,23,5,-1,-1,-1,-1,1,1,E01006552,0
Unvalidated,2024052401183,2024,052401183,1,9,0,18,1,5,0,1,0,0,0,0,1,1,6,1,44,7,-1,-1,-1,-1,3,1,E01006784,0
Unvalidated,2024052401183,2024,052401183,2,9,0,18,1,5,0,1,0,0,0,0,2,1,6,1,33,6,-1,-1,-1,-1,1,1,E01006961,0
Unvalidated,2024052401184,2024,052401184,1,9,0,18,2,6,0,0,0,0,0,0,4,1,6,3,-1,-1,-1,-1,-1,-1,-1,-1,-1,0
Unvalidated,2024052401185,2024,052401185,1,23,0,18,3,7,0,6,0,0,0,0,1,1,6,1,17,4,-1,-1,-1,-1,1,1,E01006679,0
Unvalidated,2024052401185,2024,052401185,2,9,0,7,7,1,0,6,0,0,0,0,1,1,6,2,22,5,-1,-1,-1,-1,5,1,E01006557,0
Unvalidated,2024052401187,2024,052401187,1,3,0,18,5,3,0,0,0,0,0,0,1,1,6,1,20,4,-1,-1,-1,-1,2,1,E01006763,0
Unvalidated,2024052401187,2024,052401187,2,9,0,18,5,3,0,0,0,0,0,0,2,1,6,2,59,9,-1,-1,-1,-1,1,1,E01006913,0
Unvalidated,2024052401191,2024,052401191,1,8,0,5,3,7,0,0,0,0,0,0,4,1,1,1,-1,-1,-1,-1,-1,-1,-1,-1,-1,0
Unvalidated,2024052401192,2024,052401192,1,9,0,7,6,2,0,0,0,0,0,0,1,1,6,2,71,10,-1,-1,-1,-1,1,1,E01006480,0
Unvalidated,2024052401192,2024,052401192,2,1,0,15,6,2,0,0,0,0,0,0,1,1,6,1,16,4,-1,-1,-1,-1,5,1,E01006475,0
Unvalidated,2024052401193,2024,052401193,1,8,0,5,6,1,0,4,0,0,0,0,1,1,6,3,-1,-1,-1,-1,-1,-1,-1,-1,-1,0
Unvalidated,2024052401193,2024,052401193,2,1,0,18,3,7,0,5,0,0,0,0,4,1,6,1,22,5,-1,-1,-1,-1,1,1,E01033759,0
Unvalidated,2024052401194,2024,052401194,1,19,0,18,3,7,0,0,0,0,0,0,1,1,6,1,54,8,-1,-1,-1,-1,4,1,E01005036,0
Unvalidated,2024052401194,2024,052401194,2,19,0,4,3,7,0,0,0,0,0,0,2,1,1,1,34,6,-1,-1,-1,-1,6,1,E01006389,0
Unvalidated,2024052401194,2024,052401194,3,19,0,4,3,7,0,0,0,0,0,0,2,1,6,1,-1,-1,-1,-1,-1,-1,5,1,E01006557,0
Unvalidated,2024052401196,2024,052401196,1,19,0,18,1,5,0,8,0,0,0,0,1,1,2,1,29,6,-1,-1,-1,-1,3,1,E01006717,0
Unvalidated,2024052401196,2024,052401196,2,9,0,18,3,7,0,8,5,0,0,0,3,1,6,2,35,6,-1,-1,-1,-1,1,1,E01006707,0
Unvalidated,2024052401197,2024,052401197,1,9,0,18,1,5,0,8,0,0,0,0,3,1,6,2,58,9,-1,-1,-1,-1,6,1,E01006911,0
Unvalidated,2024052401197,2024,052401197,2,5,0,18,7,3,0,8,0,0,0,0,1,1,2,2,31,6,-1,-1,-1,-1,6,1,E01006911,0
Unvalidated,2024052401198,2024,052401198,1,9,0,18,7,3,0,0,0,0,0,0,4,1,6,1,31,6,-1,-1,-1,-1,2,1,E01007239,0
Unvalidated,2024052401199,2024,052401199,1,9,0,6,1,1,0,0,0,0,0,0,3,1,6,2,-1,-1,-1,-1,-1,-1,6,1,E01006939,0
Unvalidated,2024052401199,2024,052401199,2,4,0,18,5,1,0,0,0,0,0,0,1,1,1,1,56,9,-1,-1,-1,-1,2,1,E01006977,0
Unvalidated,2024052401203,2024,052401203,1,1,0,18,7,3,0,1,0,0,0,0,3,1,6,1,22,5,-1,-1,-1,-1,5,1,E01025517,0
Unvalidated,2024052401203,2024,052401203,2,9,0,18,5,1,0,1,0,0,0,0,1,1,6,2,26,6,-1,-1,-1,-1,9,1,E01006936,0
Unvalidated,2024052401204,2024,052401204,1,9,0,16,1,5,0,0,0,0,7,11,1,1,6,2,86,11,-1,-1,-1,-1,10,1,E01006825,0
Unvalidated,2024052401206,2024,052401206,1,9,0,18,5,1,0,4,0,0,0,0,3,1,6,1,27,6,-1,-1,-1,-1,2,1,E01006309,0
Unvalidated,2024052401206,2024,052401206,2,9,0,18,3,7,0,3,0,0,0,0,1,1,6,2,32,6,-1,-1,-1,-1,9,1,E01006367,0
Unvalidated,2024052401207,2024,052401207,1,9,0,18,7,3,0,1,0,0,0,0,1,1,6,3,-1,-1,-1,-1,-1,-1,-1,-1,-1,0
Unvalidated,2024052401207,2024,052401207,2,9,0,18,7,3,0,1,0,0,0,0,1,1,6,3,-1,-1,-1,-1,-1,-1,-1,-1,-1,0
Unvalidated,2024052401207,2024,052401207,3,9,0,2,0,0,0,1,0,0,0,0,2,1,6,2,53,8,-1,-1,-1,-1,6,1,E01006935,0
Unvalidated,2024052401208,2024,052401208,1,9,0,9,6,4,0,1,0,0,0,0,1,1,6,3,-1,-1,-1,-1,-1,-1,-1,-1,-1,0
Unvalidated,2024052401208,2024,052401208,2,1,0,18,2,6,0,1,0,0,0,0,3,1,6,1,56,9,-1,-1,-1,-1,8,1,E01006928,0
Unvalidated,2024052401209,2024,052401209,1,9,0,5,2,5,0,1,0,0,0,0,1,1,6,2,44,7,-1,-1,-1,-1,8,1,E01006792,0