status,collision_index,collision_year,collision_reference,vehicle_reference,vehicle_type,towing_and_articulation,vehicle_manoeuvre,vehicle_direction_from,vehicle_direction_to,vehicle_location_restricted_lane,junction_location,skidding_and_overturning,hit_object_in_carriageway,vehicle_leaving_carriageway,hit_object_off_carriageway,first_point_of_impact,vehicle_left_hand_drive,journey_purpose_of_driver,sex_of_driver,age_of_driver,age_band_of_driver,engine_capacity_cc,propulsion_code,age_of_vehicle,generic_make_model,driver_imd_decile,driver_home_area_type,lsoa_of_driver,escooter_flag
Unvalidated,2024052401209,2024,052401209,2,1,0,18,7,3,0,1,0,0,0,0,4,1,2,1,58,9,-1,-1,-1,-1,1,1,E01006728,0
Unvalidated,2024052401210,2024,052401210,1,9,0,5,8,4,0,1,0,0,0,0,0,1,6,3,-1,-1,-1,-1,-1,-1,-1,-1,-1,0
Unvalidated,2024052401210,2024,052401210,2,11,0,18,6,2,0,1,0,0,0,0,0,1,1,1,48,8,-1,-1,-1,-1,-1,-1,-1,0
Unvalidated,2024052401215,2024,052401215,1,97,0,18,9,9,0,0,9,0,1,0,9,1,6,3,-1,-1,-1,-1,-1,-1,-1,-1,-1,0
Unvalidated,2024052401216,2024,052401216,1,9,0,16,3,7,0,0,0,0,0,0,1,1,6,3,-1,-1,-1,-1,-1,-1,-1,-1,-1,0
Unvalidated,2024052401217,2024,052401217,1,9,0,18,3,7,0,1,5,0,7,2,4,1,6,1,20,4,-1,-1,-1,-1,3,1,E01006433,0
Unvalidated,2024052401218,2024,052401218,1,9,0,18,2,6,0,0,0,0,0,0,4,1,6,3,-1,-1,-1,-1,-1,-1,-1,-1,-1,0
Unvalidated,2024052401219,2024,052401219,1,9,0,18,8,4,0,0,0,0,0,0,1,1,6,3,-1,-1,-1,-1,-1,-1,-1,-1,-1,0
Unvalidated,2024052401219,2024,052401219,2,1,0,4,4,8,0,0,0,0,0,0,1,1,6,1,9,2,-1,-1,-1,-1,1,1,E01006461,0
Unvalidated,2024052401225,2024,052401225,1,19,0,5,5,1,0,6,0,0,0,0,1,1,1,1,52,8,-1,-1,-1,-1,1,1,E01006984,0
Unvalidated,2024052401225,2024,052401225,2,1,0,18,3,7,0,8,0,0,0,0,4,1,6,1,48,8,-1,-1,-1,-1,1,1,E01007005,0
Unvalidated,2024052401227,2024,052401227,1,9,0,18,2,6,0,0,0,0,0,0,4,2,6,1,-1,-1,-1,-1,-1,-1,-1,-1,-1,0
Unvalidated,2024052401228,2024,052401228,1,9,0,18,5,1,0,1,0,0,0,0,4,1,6,2,23,5,-1,-1,-1,-1,4,1,E01006554,0
Unvalidated,2024052401228,2024,052401228,2,9,0,5,5,1,0,1,0,0,0,0,3,1,6,2,-1,-1,-1,-1,-1,-1,-1,-1,-1,0
Unvalidated,2024052401229,2024,052401229,1,9,0,5,7,3,0,0,0,0,0,0,1,1,6,3,-1,-1,-1,-1,-1,-1,-1,-1,-1,0
Unvalidated,2024052401232,2024,052401232,1,9,0,18,7,3,0,1,0,0,0,0,1,1,6,1,60,9,-1,-1,-1,-1,1,1,E01006880,0
Unvalidated,2024052401232,2024,052401232,2,9,0,17,7,3,0,1,0,0,0,0,2,1,6,1,42,7,-1,-1,-1,-1,1,1,E01006865,0
Unvalidated,2024052401233,2024,052401233,1,9,0,9,1,5,0,2,0,0,0,0,1,1,6,1,38,7,-1,-1,-1,-1,1,1,E01002852,0
Unvalidated,2024052401233,2024,052401233,2,9,0,17,5,1,0,1,0,0,0,0,1,1,6,2,35,6,-1,-1,-1,-1,1,1,E01007017,0
Unvalidated,2024052401235,2024,052401235,1,1,0,18,7,3,0,6,0,0,0,0,3,1,6,1,11,3,-1,-1,-1,-1,2,1,E01006441,0
Unvalidated,2024052401235,2024,052401235,2,9,0,7,5,1,0,8,0,0,1,0,1,1,6,3,-1,-1,-1,-1,-1,-1,-1,-1,-1,0
Unvalidated,2024052401237,2024,052401237,1,9,0,9,5,6,0,2,0,0,0,0,1,1,6,1,35,6,-1,-1,-1,-1,1,1,E01007303,0
Unvalidated,2024052401237,2024,052401237,2,9,0,18,7,6,0,2,0,0,0,0,1,1,6,2,65,9,-1,-1,-1,-1,6,1,E01007252,0
Unvalidated,2024052401238,2024,052401238,1,9,0,5,5,1,0,1,0,0,0,0,1,1,6,3,-1,-1,-1,-1,-1,-1,-1,-1,-1,0
Unvalidated,2024052401238,2024,052401238,2,1,0,18,3,7,0,2,0,0,0,0,2,1,2,1,33,6,-1,-1,-1,-1,2,1,E01006545,0
Unvalidated,2024052401240,2024,052401240,1,9,0,9,1,7,0,6,0,0,0,0,1,1,6,1,64,9,-1,-1,-1,-1,5,1,E01007161,0
Unvalidated,2024052401240,2024,052401240,2,9,0,18,7,3,0,8,1,0,0,0,4,1,6,2,59,9,-1,-1,-1,-1,7,1,E01007222,0
Unvalidated,2024052401240,2024,052401240,3,19,0,2,0,0,0,1,0,0,0,0,3,1,1,1,34,6,-1,-1,-1,-1,1,1,E01006612,0
Unvalidated,2024052401242,2024,052401242,1,19,0,18,7,3,0,1,0,0,0,0,1,1,6,1,-1,-1,-1,-1,-1,-1,-1,-1,-1,0
Unvalidated,2024052401242,2024,052401242,2,9,0,4,7,3,0,1,0,0,0,0,2,1,6,2,20,4,-1,-1,-1,-1,2,1,E01006497,0
Unvalidated,2024052401243,2024,052401243,1,9,4,11,1,5,0,0,0,0,0,0,4,1,6,3,-1,-1,-1,-1,-1,-1,-1,-1,-1,0
Unvalidated,2024052401243,2024,052401243,2,9,0,18,1,5,0,0,0,0,0,0,3,1,6,2,44,7,-1,-1,-1,-1,9,1,E01024983,0
Unvalidated,2024052401244,2024,052401244,1,19,0,18,5,1,0,0,0,0,0,0,0,1,6,3,-1,-1,-1,-1,-1,-1,-1,-1,-1,0
Unvalidated,2024052401244,2024,052401244,2,5,0,13,5,1,0,0,1,0,0,0,0,1,6,1,42,7,-1,-1,-1,-1,4,1,E01006641,0
Unvalidated,2024052401245,2024,052401245,1,9,0,18,5,1,0,0,0,10,7,4,1,1,6,1,21,5,-1,-1,-1,-1,1,1,E01006740,0
Unvalidated,2024052401247,2024,052401247,1,9,0,18,5,1,0,0,0,0,0,0,1,1,6,1,31,6,-1,-1,-1,-1,1,1,E01006632,0
Unvalidated,2024052401247,2024,052401247,2,9,0,2,0,0,0,0,0,0,0,0,2,1,6,3,-1,-1,-1,-1,-1,-1,-1,-1,-1,0
Unvalidated,2024052401248,2024,052401248,1,9,0,1,5,1,0,1,0,0,0,0,2,1,6,2,54,8,-1,-1,-1,-1,1,1,E01007122,0
Unvalidated,2024052401249,2024,052401249,1,9,0,18,5,1,0,0,0,0,0,0,1,1,6,2,28,6,-1,-1,-1,-1,2,1,E01006945,0
Unvalidated,2024052401249,2024,052401249,2,9,0,18,5,1,0,0,0,0,0,0,2,1,1,1,59,9,-1,-1,-1,-1,8,1,E01006992,0
Unvalidated,2024052401249,2024,052401249,3,9,0,18,5,1,0,0,0,0,0,0,2,1,1,1,46,8,-1,-1,-1,-1,8,1,E01025420,0
Unvalidated,2024052401249,2024,052401249,4,9,0,18,5,1,0,0,0,0,0,0,2,1,6,1,56,9,-1,-1,-1,-1,6,1,E01006951,0
Unvalidated,2024052401250,2024,052401250,1,9,0,18,1,5,0,0,0,0,0,0,1,1,6,3,-1,-1,-1,-1,-1,-1,-1,-1,-1,0
Unvalidated,2024052401250,2024,052401250,2,9,0,4,1,5,0,0,0,0,0,0,2,1,6,1,38,7,-1,-1,-1,-1,5,2,E01006491,0
Unvalidated,2024052401251,2024,052401251,1,9,0,9,5,3,0,5,0,0,0,0,1,1,1,1,33,6,-1,-1,-1,-1,1,1,E01008913,0
Unvalidated,2024052401252,2024,052401252,1,2,0,18,1,5,0,0,0,0,0,0,0,1,6,1,40,7,-1,-1,-1,-1,1,1,E01007005,0
Unvalidated,2024052401253,2024,052401253,1,9,0,18,1,5,0,6,0,0,0,0,0,1,6,1,42,7,-1,-1,-1,-1,4,1,E01006641,0
Unvalidated,2024052401253,2024,052401253,2,9,0,18,7,3,0,1,0,0,0,0,0,1,2,1,39,7,-1,-1,-1,-1,1,1,E01006505,0
Unvalidated,2024052401254,2024,052401254,1,19,0,18,3,7,0,1,0,0,0,0,4,1,6,1,53,8,-1,-1,-1,-1,1,1,E01007122,0
Unvalidated,2024052401255,2024,052401255,1,9,0,18,4,8,0,0,0,0,0,0,1,1,6,2,29,6,-1,-1,-1,-1,6,1,E01006465,0
Unvalidated,2024052401255,2024,052401255,2,9,0,4,4,8,0,0,0,0,0,0,2,1,6,2,54,8,-1,-1,-1,-1,1,1,E01006690,0
Unvalidated,2024052401258,2024,052401258,1,9,0,18,3,7,0,1,0,0,0,0,0,1,6,3,-1,-1,-1,-1,-1,-1,-1,-1,-1,0
Unvalidated,2024052401258,2024,052401258,2,3,0,18,5,1,0,1,1,10,1,10,0,1,6,1,19,4,-1,-1,-1,-1,1,1,E01006872,0
Unvalidated,2024052401260,2024,052401260,1,4,0,9,5,2,0,5,1,10,0,0,4,1,6,1,23,5,-1,-1,-1,-1,1,1,E01007270,0
Unvalidated,2024052401260,2024,052401260,2,5,0,9,5,2,0,7,1,0,0,0,4,1,6,1,20,4,-1,-1,-1,-1,1,1,E01007289,0
Unvalidated,2024052401262,2024,052401262,1,9,0,18,6,8,0,0,0,4,7,5,1,1,6,1,46,8,-1,-1,-1,-1,3,1,E01006843,0
Unvalidated,2024052401262,2024,052401262,2,9,0,2,0,0,0,0,0,0,0,0,2,1,6,3,-1,-1,-1,-1,-1,-1,-1,-1,-1,0
Unvalidated,2024052401263,2024,052401263,1,3,0,18,1,5,0,1,0,0,0,0,1,1,6,1,19,4,-1,-1,-1,-1,1,1,E01007055,0
Unvalidated,2024052401263,2024,052401263,2,9,0,9,3,1,0,1,0,0,0,0,3,1,6,1,57,9,-1,-1,-1,-1,5,1,E01007057,0
Unvalidated,2024052401264,2024,052401264,1,9,0,9,1,7,0,1,0,0,0,0,1,1,6,1,50,8,-1,-1,-1,-1,1,1,E01006648,0
Unvalidated,2024052401264,2024,052401264,2,9,0,18,1,5,0,1,0,0,0,0,3,1,6,1,55,8,-1,-1,-1,-1,1,1,E01006605,0
Unvalidated,2024052401266,2024,052401266,1,9,0,9,3,1,0,8,0,0,0,0,4,1,6,2,25,5,-1,-1,-1,-1,1,1,E01006546,0
Unvalidated,2024052401266,2024,052401266,2,4,0,18,7,3,0,8,0,0,0,0,1,1,2,1,63,9,-1,-1,-1,-1,3,1,E01007137,0
Unvalidated,2024052401267,2024,052401267,1,9,0,18,7,3,0,0,0,0,1,4,1,1,6,1,41,7,-1,-1,-1,-1,1,1,E01006611,0
Unvalidated,2024052401267,2024,052401267,2,19,0,18,7,3,0,0,0,0,0,0,2,1,6,1,34,6,-1,-1,-1,-1,3,1,E01006915,0
Unvalidated,2024052401268,2024,052401268,1,19,0,18,2,6,0,0,0,0,0,0,3,1,6,3,-1,-1,-1,-1,-1,-1,-1,-1,-1,0
Unvalidated,2024052401269,2024,052401269,1,9,0,18,5,1,0,1,0,0,0,0,1,1,6,3,-1,-1,-1,-1,-1,-1,-1,-1,-1,0
Unvalidated,2024052401269,2024,052401269,2,9,0,4,5,1,0,1,0,0,0,0,2,1,6,2,34,6,-1,-1,-1,-1,6,1,E01006596,0
Unvalidated,2024052401270,2024,052401270,1,9,0,5,1,5,0,1,0,0,0,0,4,1,6,3,-1,-1,-1,-1,-1,-1,-1,-1,-1,0
Unvalidated,2024052401270,2024,052401270,2,1,0,5,1,5,0,1,0,0,0,0,2,1,6,1,24,5,-1,-1,-1,-1,2,1,E01006748,0
Unvalidated,2024052401271,2024,052401271,1,9,0,18,5,1,0,0,0,0,0,0,4,1,6,2,33,6,-1,-1,-1,-1,4,1,E01007202,0
Unvalidated,2024052401273,2024,052401273,1,9,0,18,8,4,0,0,0,0,0,0,0,1,6,1,-1,-1,-1,-1,-1,-1,-1,-1,-1,0
Unvalidated,2024052401273,2024,052401273,2,9,0,4,4,8,0,0,0,0,0,0,2,1,3,1,76,11,-1,-1,-1,-1,9,2,E01007027,0
Unvalidated,2024052401273,2024,052401273,3,9,0,18,4,8,0,0,0,0,0,0,1,1,6,1,45,7,-1,-1,-1,-1,2,1,E01007205,0
Unvalidated,2024052401277,2024,052401277,1,8,0,18,3,7,0,1,0,0,0,0,4,1,6,3,-1,-1,-1,-1,-1,-1,-1,-1,-1,0
Unvalidated,2024052401277,2024,052401277,2,1,0,18,5,1,0,8,0,0,0,0,1,1,6,2,16,4,-1,-1,-1,-1,1,1,E01006732,0
Unvalidated,2024052401278,2024,052401278,1,9,0,16,4,7,0,0,0,0,7,4,1,1,6,1,36,7,-1,-1,-1,-1,1,1,E01006500,0
Unvalidated,2024052401279,2024,052401279,1,9,0,18,3,7,0,1,0,10,7,4,1,1,6,1,35,6,-1,-1,-1,-1,5,1,E01006304,0
Unvalidated,2024052401280,2024,052401280,1,9,0,5,7,3,0,1,0,0,0,0,1,1,6,1,-1,-1,-1,-1,-1,-1,1,1,E01006615,0
Unvalidated,2024052401280,2024,052401280,2,9,0,18,5,1,0,1,0,0,0,0,4,1,6,2,25,5,-1,-1,-1,-1,4,1,E01006454,0
Unvalidated,2024052401281,2024,052401281,1,9,0,18,4,2,0,1,0,0,0,0,1,1,6,3,-1,-1,-1,-1,-1,-1,-1,-1,-1,0
Unvalidated,2024052401281,2024,052401281,2,9,0,4,4,2,0,1,0,0,0,0,2,1,6,1,31,6,-1,-1,-1,-1,7,3,E01007067,0
Unvalidated,2024052401283,2024,052401283,1,8,0,3,5,1,0,0,0,0,0,0,1,1,1,1,49,8,-1,-1,-1,-1,5,1,E01006550,0
Unvalidated,2024052401284,2024,052401284,1,9,0,18,7,3,0,0,0,0,0,0,1,1,6,2,67,10,-1,-1,-1,-1,9,1,E01012494,0
Unvalidated,2024052401284,2024,052401284,2,9,0,18,3,7,0,0,0,0,0,0,3,1,1,1,36,7,-1,-1,-1,-1,7,1,E01006591,0
Unvalidated,2024052401284,2024,052401284,3,9,0,18,3,7,0,0,0,0,0,0,1,1,1,1,53,8,-1,-1,-1,-1,8,1,E01006827,0
Unvalidated,2024052401288,2024,052401288,1,9,0,5,1,5,0,0,0,0,0,0,1,1,6,1,-1,-1,-1,-1,-1,-1,-1,-1,-1,0
Unvalidated,2024052401293,2024,052401293,1,9,0,4,0,5,0,0,0,11,0,0,2,1,6,2,53,8,-1,-1,-1,-1,9,1,E01006594,0
Unvalidated,2024052401294,2024,052401294,1,9,0,18,5,1,0,1,0,0,0,0,1,1,1,1,-1,-1,-1,-1,-1,-1,-1,-1,-1,0
Unvalidated,2024052401294,2024,052401294,2,9,0,1,1,5,0,1,0,0,0,0,2,1,6,1,24,5,-1,-1,-1,-1,-1,-1,-1,0
Unvalidated,2024052401296,2024,052401296,1,9,0,9,1,7,0,8,0,0,0,0,1,1,6,1,35,6,-1,-1,-1,-1,4,1,E01006543,0
Unvalidated,2024052401296,2024,052401296,2,9,0,18,5,1,0,1,0,0,0,0,3,1,6,1,22,5,-1,-1,-1,-1,5,1,E01006670,0
Unvalidated,2024052401300,2024,052401300,1,9,0,4,3,7,0,6,0,0,1,4,1,1,6,1,52,8,-1,-1,-1,-1,9,1,E01012531,0
Unvalidated,2024052401300,2024,052401300,2,19,0,18,1,5,0,8,5,0,0,0,4,1,1,1,54,8,-1,-1,-1,-1,4,1,E01006954,0
Unvalidated,2024052401301,2024,052401301,1,90,0,18,7,3,0,1,0,0,0,0,1,1,6,1,16,4,-1,-1,-1,-1,5,1,E01006502,0
Unvalidated,2024052401301,2024,052401301,2,9,0,9,5,7,0,8,0,0,0,0,3,1,6,1,38,7,-1,-1,-1,-1,6,1,E01006499,0
Unvalidated,2024052401304,2024,052401304,1,21,1,18,3,7,0,1,0,0,0,0,1,1,1,3,-1,-1,-1,-1,-1,-1,-1,-1,-1,0
Unvalidated,2024052401306,2024,052401306,1,9,0,18,1,5,0,0,0,0,0,0,1,1,6,3,-1,-1,-1,-1,-1,-1,-1,-1,-1,0
Unvalidated,2024052401308,2024,052401308,1,19,0,1,7,3,0,0,0,0,0,0,2,1,1,1,29,6,-1,-1,-1,-1,1,1,E01012407,0
Unvalidated,2024052401309,2024,052401309,1,9,0,18,1,5,0,0,0,0,0,0,1,1,6,2,45,7,-1,-1,-1,-1,1,1,E01006432,0
Unvalidated,2024052401309,2024,052401309,2,9,0,4,1,5,0,0,0,0,0,0,2,1,6,2,34,6,-1,-1,-1,-1,1,1,E01006739,0
Unvalidated,2024052401310,2024,052401310,1,8,0,13,1,5,0,1,0,0,0,0,2,1,1,1,-1,-1,-1,-1,-1,-1,-1,-1,-1,0
Unvalidated,2024052401310,2024,052401310,2,9,0,5,3,7,0,1,0,0,0,0,1,1,6,2,67,10,-1,-1,-1,-1,4,1,E01006681,0
Unvalidated,2024052401311,2024,052401311,1,9,0,18,7,3,0,1,0,0,0,0,1,1,6,1,-1,-1,-1,-1,-1,-1,-1,-1,-1,0
Unvalidated,2024052401311,2024,052401311,2,9,0,3,7,3,0,1,0,0,0,0,2,1,6,1,47,8,-1,-1,-1,-1,7,1,E01007148,0
Unvalidated,2024052401313,2024,052401313,1,9,0,18,7,3,0,0,0,4,7,3,1,1,6,1,61,9,-1,-1,-1,-1,1,1,E01007257,0
Unvalidated,2024052401313,2024,052401313,2,9,0,2,0,0,0,0,0,0,0,0,1,1,6,3,-1,-1,-1,-1,-1,-1,-1,-1,-1,0
Unvalidated,2024052401315,2024,052401315,1,9,0,9,5,1,0,1,0,0,0,0,1,1,6,2,46,8,-1,-1,-1,-1,6,1,E01005801,0
Unvalidated,2024052401315,2024,052401315,2,19,0,18,5,7,0,8,0,0,0,0,1,1,6,1,35,6,-1,-1,-1,-1,1,1,E01006981,0
Unvalidated,2024052401318,2024,052401318,1,9,0,9,2,7,0,8,0,0,0,0,1,1,1,1,63,9,-1,-1,-1,-1,1,1,E01006695,0
Unvalidated,2024052401318,2024,052401318,2,3,0,18,6,2,0,8,0,0,0,0,3,1,1,2,35,6,-1,-1,-1,-1,4,1,E01007212,0
Unvalidated,2024052401319,2024,052401319,1,9,0,18,3,7,0,8,0,0,4,1,1,1,1,1,29,6,-1,-1,-1,-1,-1,-1,-1,0
Unvalidated,2024052401319,2024,052401319,2,9,0,18,5,1,0,8,0,0,0,0,3,1,1,1,56,9,-1,-1,-1,-1,3,1,E01006786,0
Unvalidated,2024052401320,2024,052401320,1,9,0,18,7,3,0,4,0,0,0,0,1,1,2,2,26,6,-1,-1,-1,-1,7,1,E01007104,0
Unvalidated,2024052401320,2024,052401320,2,9,0,18,7,3,0,4,0,0,0,0,2,1,6,1,26,6,-1,-1,-1,-1,4,1,E01030710,0
Unvalidated,2024052401324,2024,052401324,1,8,0,5,2,8,0,0,0,0,0,0,4,1,1,3,-1,-1,-1,-1,-1,-1,-1,-1,-1,0
Unvalidated,2024052401325,2024,052401325,1,9,0,18,1,5,0,0,0,0,0,0,1,1,6,3,-1,-1,-1,-1,-1,-1,-1,-1,-1,0
Unvalidated,2024052401326,2024,052401326,1,9,0,18,8,4,0,0,0,0,0,0,4,1,6,3,-1,-1,-1,-1,-1,-1,-1,-1,-1,0
Unvalidated,2024052401327,2024,052401327,1,8,0,4,1,4,0,1,0,0,0,0,2,1,1,1,-1,-1,-1,-1,-1,-1,-1,-1,-1,0
Unvalidated,2024052401327,2024,052401327,2,8,0,4,1,4,0,1,0,0,0,0,1,1,1,3,-1,-1,-1,-1,-1,-1,-1,-1,-1,0
Unvalidated,2024052401332,2024,052401332,1,9,0,18,7,3,0,6,0,0,0,0,4,1,2,1,33,6,-1,-1,-1,-1,1,1,E01018563,0
Unvalidated,2024052401332,2024,052401332,2,9,0,18,7,5,0,6,0,0,0,0,1,1,6,2,33,6,-1,-1,-1,-1,4,1,E01007174,0
Unvalidated,2024052401333,2024,052401333,1,9,0,18,5,1,0,1,0,0,0,0,3,1,6,1,29,6,-1,-1,-1,-1,9,2,E01006882,0
Unvalidated,2024052401333,2024,052401333,2,9,0,18,1,5,0,1,0,0,0,0,3,1,6,2,60,9,-1,-1,-1,-1,2,1,E01006477,0
Unvalidated,2024052401334,2024,052401334,1,1,0,18,5,1,0,0,0,0,1,10,1,1,6,1,57,9,-1,-1,-1,-1,6,1,E01006375,0
Unvalidated,2024052401340,2024,052401340,1,8,0,16,1,5,0,1,0,0,0,0,1,1,1,1,40,7,-1,-1,-1,-1,1,1,E01005205,0
Unvalidated,2024052401340,2024,052401340,2,9,0,17,5,1,0,3,0,0,0,0,3,1,6,2,46,8,-1,-1,-1,-1,1,1,E01025236,0
Unvalidated,2024052401341,2024,052401341,1,8,0,1,4,8,0,0,0,0,0,0,2,1,1,1,46,8,-1,-1,-1,-1,1,1,E01033767,0
Unvalidated,2024052401342,2024,052401342,1,23,0,18,5,3,0,1,0,0,0,0,3,1,6,1,21,5,-1,-1,-1,-1,1,1,E01006436,0
Unvalidated,2024052401342,2024,052401342,2,9,0,18,1,3,0,1,0,0,0,0,0,1,1,3,-1,-1,-1,-1,-1,-1,-1,-1,-1,0
Unvalidated,2024052401343,2024,052401343,1,9,0,9,7,5,0,8,1,7,0,0,4,1,6,2,53,8,-1,-1,-1,-1,-1,-1,-1,0
Unvalidated,2024052401343,2024,052401343,2,9,0,18,3,7,0,8,0,0,0,0,1,1,6,1,73,10,-1,-1,-1,-1,1,1,E01006735,0
Unvalidated,2024052401344,2024,052401344,1,9,0,10,5,3,0,1,0,0,0,0,1,1,6,1,42,7,-1,-1,-1,-1,1,1,E01006695,0
Unvalidated,2024052401344,2024,052401344,2,1,0,18,1,5,0,1,0,0,0,0,1,1,6,1,47,8,-1,-1,-1,-1,1,1,E01006761,0
Unvalidated,2024052401345,2024,052401345,1,9,0,18,6,2,0,3,0,0,0,0,4,1,6,1,39,7,-1,-1,-1,-1,1,1,E01006757,0
Unvalidated,2024052401345,2024,052401345,2,9,0,18,7,3,0,4,0,0,0,0,1,1,6,2,21,5,-1,-1,-1,-1,7,1,E01006580,0
Unvalidated,2024052401346,2024,052401346,1,9,0,1,2,6,0,1,0,0,0,0,2,1,6,1,28,6,-1,-1,-1,-1,7,1,E01006940,0
Unvalidated,2024052401347,2024,052401347,1,8,0,18,4,1,0,1,0,0,0,0,1,1,1,3,-1,-1,-1,-1,-1,-1,-1,-1,-1,0
Unvalidated,2024052401348,2024,052401348,1,9,0,18,5,1,0,0,0,0,0,0,9,1,6,1,28,6,-1,-1,-1,-1,2,1,E01007300,0
Unvalidated,2024052401349,2024,052401349,1,9,0,1,7,3,0,0,0,0,0,0,2,1,6,1,52,8,-1,-1,-1,-1,1,1,E01006678,0
Unvalidated,2024052401349,2024,052401349,2,3,0,18,7,3,0,0,0,0,0,0,1,1,6,1,43,7,-1,-1,-1,-1,1,1,E01006768,0
Unvalidated,2024052401350,2024,052401350,1,9,0,18,1,5,0,1,0,0,0,0,1,1,2,1,46,8,-1,-1,-1,-1,3,2,E01027359,0
Unvalidated,2024052401350,2024,052401350,2,9,0,18,3,7,0,1,0,0,0,0,3,1,6,2,75,10,-1,-1,-1,-1,7,1,E01006580,0
Unvalidated,2024052401351,2024,052401351,1,9,0,9,2,7,0,0,0,0,0,0,1,1,6,3,-1,-1,-1,-1,-1,-1,-1,-1,-1,0
Unvalidated,2024052401351,2024,052401351,2,9,0,18,5,2,0,0,0,0,0,0,3,1,1,1,26,6,-1,-1,-1,-1,1,1,E01006952,0
Unvalidated,2024052401352,2024,052401352,1,1,0,18,5,7,0,2,0,0,0,0,1,1,6,1,47,8,-1,-1,-1,-1,1,1,E01006699,0
Unvalidated,2024052401353,2024,052401353,1,9,0,5,1,5,0,0,0,0,0,0,4,1,6,1,70,10,-1,-1,-1,-1,1,1,E01006463,0
Unvalidated,2024052401354,2024,052401354,1,9,0,9,1,2,0,1,0,0,0,0,3,1,3,2,32,6,-1,-1,-1,-1,1,1,E01007055,0
Unvalidated,2024052401354,2024,052401354,2,1,0,18,8,6,0,1,0,0,0,0,1,1,4,1,14,3,-1,-1,-1,-1,1,1,E01007055,0
Unvalidated,2024052401355,2024,052401355,1,9,0,18,4,1,0,3,0,0,0,0,4,1,6,2,-1,-1,-1,-1,-1,-1,-1,-1,-1,0
Unvalidated,2024052401355,2024,052401355,2,1,0,5,7,3,0,4,0,0,0,0,0,1,6,2,32,6,-1,-1,-1,-1,1,1,E01006968,0
Unvalidated,2024052401356,2024,052401356,1,9,0,18,5,1,0,0,0,0,0,0,1,1,6,2,20,4,-1,-1,-1,-1,2,1,E01006656,0
Unvalidated,2024052401357,2024,052401357,1,9,0,7,3,7,0,8,0,0,0,0,4,1,6,2,52,8,-1,-1,-1,-1,6,1,E01007076,0
Unvalidated,2024052401357,2024,052401357,2,9,0,18,1,5,0,8,0,0,0,0,1,1,2,1,35,6,-1,-1,-1,-1,5,1,E01007109,0
Unvalidated,2024052401358,2024,052401358,1,9,0,18,7,3,0,1,0,0,0,0,4,1,6,1,52,8,-1,-1,-1,-1,5,1,E01006669,0
Unvalidated,2024052401359,2024,052401359,1,1,0,18,5,1,0,1,0,0,0,0,1,1,6,1,14,3,-1,-1,-1,-1,1,1,E01007016,0
Unvalidated,2024052401359,2024,052401359,2,9,0,10,5,3,0,1,0,0,0,0,3,1,6,3,-1,-1,-1,-1,-1,-1,-1,-1,-1,0
Unvalidated,2024052401360,2024,052401360,1,9,0,5,7,3,0,0,0,0,0,0,1,1,6,2,-1,-1,-1,-1,-1,-1,5,1,E01007152,0
Unvalidated,2024052401361,2024,052401361,1,9,0,18,5,1,0,4,0,0,0,0,3,1,6,2,41,7,-1,-1,-1,-1,-1,-1,-1,0
Unvalidated,2024052401361,2024,052401361,2,1,0,18,3,7,0,3,0,0,0,0,4,1,6,2,35,6,-1,-1,-1,-1,1,1,E01006874,0
Unvalidated,2024052401362,2024,052401362,1,9,0,5,5,1,0,1,0,0,0,0,1,1,6,1,45,7,-1,-1,-1,-1,1,1,E01006767,0
Unvalidated,2024052401363,2024,052401363,1,9,0,18,1,5,0,1,0,0,0,0,1,1,6,3,-1,-1,-1,-1,-1,-1,-1,-1,-1,0
Unvalidated,2024052401363,2024,052401363,2,9,0,4,1,5,0,1,0,0,0,0,2,1,2,1,26,6,-1,-1,-1,-1,1,1,E01006963,0
Unvalidated,2024052401364,2024,052401364,1,1,0,18,5,1,0,0,0,0,0,0,3,1,6,1,23,5,-1,-1,-1,-1,4,1,E01006454,0
Unvalidated,2024052401364,2024,052401364,2,9,0,18,3,7,0,0,0,0,0,0,1,1,6,2,32,6,-1,-1,-1,-1,-1,1,-1,0
Unvalidated,2024052401365,2024,052401365,1,9,0,18,1,5,0,0,0,0,0,0,1,1,6,3,-1,-1,-1,-1,-1,-1,-1,-1,-1,0
Unvalidated,2024052401365,2024,052401365,2,1,0,18,1,5,0,0,0,0,0,0,2,1,6,1,18,4,-1,-1,-1,-1,1,1,E01007048,0
Unvalidated,2024052401366,2024,052401366,1,23,0,18,6,2,0,0,0,0,0,0,1,1,6,1,17,4,-1,-1,-1,-1,1,1,E01006760,0
Unvalidated,2024052401366,2024,052401366,2,9,0,15,6,2,0,0,0,0,0,0,0,1,1,1,-1,-1,-1,-1,-1,-1,-1,1,-1,0
Unvalidated,2024052401366,2024,052401366,3,9,0,18,6,2,0,0,0,0,0,0,0,1,1,1,-1,-1,-1,-1,-1,-1,2,1,E01007218,0
Unvalidated,2024052401367,2024,052401367,1,9,0,9,6,2,0,2,0,0,0,0,1,1,6,1,29,6,-1,-1,-1,-1,5,1,E01029345,0
Unvalidated,2024052401368,2024,052401368,1,3,0,16,2,5,0,0,0,0,1,0,4,1,2,1,21,5,-1,-1,-1,-1,1,1,E01007291,0
Unvalidated,2024052401369,2024,052401369,1,9,0,5,7,1,0,6,0,0,0,0,1,1,6,1,85,11,-1,-1,-1,-1,6,1,E01007099,0
Unvalidated,2024052401369,2024,052401369,2,9,0,18,5,1,0,8,0,0,0,0,4,1,6,2,70,10,-1,-1,-1,-1,9,3,E01025472,0