status,collision_index,collision_year,collision_reference,vehicle_reference,vehicle_type,towing_and_articulation,vehicle_manoeuvre,vehicle_direction_from,vehicle_direction_to,vehicle_location_restricted_lane,junction_location,skidding_and_overturning,hit_object_in_carriageway,vehicle_leaving_carriageway,hit_object_off_carriageway,first_point_of_impact,vehicle_left_hand_drive,journey_purpose_of_driver,sex_of_driver,age_of_driver,age_band_of_driver,engine_capacity_cc,propulsion_code,age_of_vehicle,generic_make_model,driver_imd_decile,driver_home_area_type,lsoa_of_driver,escooter_flag
Unvalidated,2024052401373,2024,052401373,1,19,0,9,5,3,0,8,0,0,0,0,3,1,1,1,36,7,-1,-1,-1,-1,9,1,E01006889,0
Unvalidated,2024052401373,2024,052401373,2,9,0,18,3,7,0,8,0,0,7,2,1,1,6,2,68,10,-1,-1,-1,-1,7,1,E01007245,0
Unvalidated,2024052401374,2024,052401374,1,9,0,5,1,5,0,1,0,0,0,0,1,1,6,3,-1,-1,-1,-1,-1,-1,-1,-1,-1,0
Unvalidated,2024052401374,2024,052401374,2,1,0,18,7,3,0,1,0,0,0,0,1,1,6,1,12,3,-1,-1,-1,-1,1,1,E01006964,0
Unvalidated,2024052401376,2024,052401376,1,9,0,18,1,5,0,4,0,9,0,0,1,1,6,1,41,7,-1,-1,-1,-1,7,1,E01028085,0
Unvalidated,2024052401377,2024,052401377,1,9,0,1,1,5,0,0,0,0,0,0,2,1,6,2,-1,-1,-1,-1,-1,-1,-1,-1,-1,0
Unvalidated,2024052401377,2024,052401377,2,9,0,3,1,5,0,0,0,0,0,0,1,1,6,1,47,8,-1,-1,-1,-1,7,1,E01018556,0
Unvalidated,2024052401378,2024,052401378,1,9,0,5,4,8,0,0,0,0,0,0,3,1,6,1,28,6,-1,-1,-1,-1,5,1,E01008244,0
Unvalidated,2024052401379,2024,052401379,1,9,0,7,8,4,0,3,0,0,0,0,4,1,6,3,-1,-1,-1,-1,-1,-1,-1,-1,-1,0
Unvalidated,2024052401380,2024,052401380,1,9,0,18,1,5,0,1,0,0,0,0,1,1,6,1,79,11,-1,-1,-1,-1,1,1,E01006605,0
Unvalidated,2024052401380,2024,052401380,2,9,0,4,1,5,0,1,0,0,0,0,2,1,6,2,36,7,-1,-1,-1,-1,1,1,E01006699,0
Unvalidated,2024052401380,2024,052401380,3,9,0,4,1,5,0,1,0,0,0,0,2,1,6,2,62,9,-1,-1,-1,-1,5,1,E01007102,0
Unvalidated,2024052401381,2024,052401381,1,9,0,18,7,3,0,1,0,0,0,0,1,1,6,1,22,5,-1,-1,-1,-1,-1,-1,-1,0
Unvalidated,2024052401381,2024,052401381,2,9,0,4,7,3,0,1,0,0,0,0,2,1,6,2,26,6,-1,-1,-1,-1,1,1,E01006746,0
Unvalidated,2024052401382,2024,052401382,1,8,0,18,7,3,0,1,0,0,0,0,1,1,1,1,-1,-1,-1,-1,-1,-1,2,1,E01006656,0
Unvalidated,2024052401383,2024,052401383,1,9,0,5,1,5,0,1,0,0,0,0,4,1,6,3,-1,-1,-1,-1,-1,-1,-1,-1,-1,0
Unvalidated,2024052401383,2024,052401383,2,1,0,18,3,7,0,1,0,0,0,0,1,1,6,1,13,3,-1,-1,-1,-1,2,1,E01006832,0
Unvalidated,2024052401384,2024,052401384,1,9,0,18,4,8,0,1,0,0,0,0,1,1,6,1,66,10,-1,-1,-1,-1,9,1,E01007166,0
Unvalidated,2024052401384,2024,052401384,2,9,0,7,2,4,0,1,0,0,0,0,1,1,6,2,18,4,-1,-1,-1,-1,6,1,E01007164,0
Unvalidated,2024052401385,2024,052401385,1,9,0,9,5,3,0,8,0,0,0,0,4,1,6,1,41,7,-1,-1,-1,-1,1,1,E01006448,0
Unvalidated,2024052401385,2024,052401385,2,9,0,18,1,5,0,8,0,0,0,0,1,1,6,2,35,6,-1,-1,-1,-1,1,1,E01006416,0
Unvalidated,2024052401387,2024,052401387,1,9,0,9,7,5,0,1,0,0,0,0,3,1,6,1,20,4,-1,-1,-1,-1,7,1,E01007246,0
Unvalidated,2024052401387,2024,052401387,2,5,0,18,5,1,0,1,0,0,0,0,1,1,6,1,25,5,-1,-1,-1,-1,-1,-1,-1,0
Unvalidated,2024052401388,2024,052401388,1,9,0,18,8,5,0,1,0,0,0,0,1,1,6,3,-1,-1,-1,-1,-1,-1,-1,-1,-1,0
Unvalidated,2024052401388,2024,052401388,2,9,0,18,8,5,0,1,0,0,0,0,2,1,6,2,42,7,-1,-1,-1,-1,1,1,E01006776,0
Unvalidated,2024052401389,2024,052401389,1,9,0,18,5,1,0,0,0,0,0,0,3,1,6,2,64,9,-1,-1,-1,-1,1,1,E01006676,0
Unvalidated,2024052401390,2024,052401390,1,9,0,1,7,3,0,0,0,0,0,0,2,1,6,3,-1,-1,-1,-1,-1,-1,-1,-1,-1,0
Unvalidated,2024052401391,2024,052401391,1,1,0,18,1,5,0,0,0,0,0,0,1,1,6,1,12,3,-1,-1,-1,-1,9,1,E01018537,0
Unvalidated,2024052401391,2024,052401391,2,9,0,18,7,3,0,5,0,0,0,0,1,1,6,1,45,7,-1,-1,-1,-1,8,1,E01007279,0
Unvalidated,2024052401392,2024,052401392,1,9,0,18,3,7,0,8,0,10,7,4,1,1,6,1,25,5,-1,-1,-1,-1,1,1,E01007291,0
Unvalidated,2024052401393,2024,052401393,1,9,0,18,1,5,0,0,0,0,0,0,1,1,2,1,60,9,-1,-1,-1,-1,1,1,E01033763,0
Unvalidated,2024052401393,2024,052401393,2,9,0,18,5,1,0,0,0,0,0,0,1,1,6,1,20,4,-1,-1,-1,-1,1,1,E01006460,0
Unvalidated,2024052401394,2024,052401394,1,9,0,14,5,1,0,2,0,0,0,0,4,1,6,3,-1,-1,-1,-1,-1,-1,-1,-1,-1,0
Unvalidated,2024052401397,2024,052401397,1,2,0,18,3,7,0,0,0,0,0,0,1,1,1,1,19,4,-1,-1,-1,-1,1,1,E01006705,0
Unvalidated,2024052401397,2024,052401397,2,19,0,18,7,3,0,0,0,0,0,0,3,1,1,1,63,9,-1,-1,-1,-1,1,1,E01006732,0
Unvalidated,2024052401398,2024,052401398,1,9,0,18,3,5,0,2,0,0,0,0,1,1,6,1,48,8,-1,-1,-1,-1,4,1,E01006878,0
Unvalidated,2024052401399,2024,052401399,1,9,0,18,5,1,0,0,0,0,0,0,4,1,6,1,37,7,-1,-1,-1,-1,2,1,E01006356,0
Unvalidated,2024052401399,2024,052401399,2,2,0,18,5,1,0,0,0,0,0,0,3,1,1,1,29,6,-1,-1,-1,-1,1,1,E01006679,0
Unvalidated,2024052401400,2024,052401400,1,9,0,18,3,7,0,0,0,0,0,0,1,1,6,1,-1,-1,-1,-1,-1,-1,-1,-1,-1,0
Unvalidated,2024052401400,2024,052401400,2,1,0,18,3,8,0,0,0,0,0,0,2,1,6,2,12,3,-1,-1,-1,-1,1,1,E01006963,0
Unvalidated,2024052401401,2024,052401401,1,9,0,18,5,1,0,0,0,0,0,0,1,1,6,2,44,7,-1,-1,-1,-1,1,1,E01007227,0
Unvalidated,2024052401401,2024,052401401,2,9,0,18,1,5,0,0,0,0,0,0,1,1,6,1,34,6,-1,-1,-1,-1,4,1,E01007160,0
Unvalidated,2024052401403,2024,052401403,1,1,0,18,7,3,0,6,0,0,0,0,1,1,4,1,13,3,-1,-1,-1,-1,1,1,E01006863,0
Unvalidated,2024052401403,2024,052401403,2,9,0,18,5,1,0,8,0,0,0,0,4,1,2,3,-1,-1,-1,-1,-1,-1,-1,-1,-1,0
Unvalidated,2024052401404,2024,052401404,1,9,0,2,0,0,0,0,0,0,0,0,3,1,6,3,-1,-1,-1,-1,-1,-1,-1,-1,-1,0
Unvalidated,2024052401404,2024,052401404,2,1,0,18,8,4,0,0,0,0,0,0,1,1,6,1,60,9,-1,-1,-1,-1,1,1,E01033094,0
Unvalidated,2024052401405,2024,052401405,1,9,0,1,7,3,0,0,0,0,0,0,3,1,6,2,75,10,-1,-1,-1,-1,7,1,E01007196,0
Unvalidated,2024052401405,2024,052401405,2,1,0,18,5,1,0,0,0,0,0,0,1,1,6,1,-1,-1,-1,-1,-1,-1,-1,-1,-1,0
Unvalidated,2024052401406,2024,052401406,1,9,0,9,1,7,0,1,0,0,0,0,3,1,6,1,-1,-1,-1,-1,-1,-1,2,1,E01006449,0
Unvalidated,2024052401406,2024,052401406,2,9,0,18,5,1,0,1,0,0,0,0,3,1,6,2,34,6,-1,-1,-1,-1,6,1,E01006472,0
Unvalidated,2024052401408,2024,052401408,1,9,0,9,3,7,0,8,0,0,0,0,3,1,6,2,46,8,-1,-1,-1,-1,4,1,E01006584,0
Unvalidated,2024052401408,2024,052401408,2,9,0,18,1,5,0,1,0,0,0,0,1,1,2,1,31,6,-1,-1,-1,-1,6,1,E01006773,0
Unvalidated,2024052401410,2024,052401410,1,9,0,5,5,1,0,0,0,0,0,0,1,1,6,1,-1,-1,-1,-1,-1,-1,-1,-1,-1,0
Unvalidated,2024052401410,2024,052401410,2,1,0,5,7,3,0,0,0,0,0,0,3,1,6,1,40,7,-1,-1,-1,-1,1,1,E01006952,0
Unvalidated,2024052401413,2024,052401413,1,9,0,18,1,5,0,1,0,0,0,0,1,1,6,3,-1,-1,-1,-1,-1,-1,-1,-1,-1,0
Unvalidated,2024052401413,2024,052401413,2,1,0,5,7,3,0,1,0,0,0,0,1,1,6,1,45,7,-1,-1,-1,-1,1,1,E01006646,0
Unvalidated,2024052401414,2024,052401414,1,9,0,11,3,7,0,8,0,0,0,0,1,1,6,3,-1,-1,-1,-1,-1,-1,-1,-1,-1,0
Unvalidated,2024052401414,2024,052401414,2,9,0,18,3,7,0,8,0,0,0,0,2,1,2,2,52,8,-1,-1,-1,-1,5,1,E01032905,0
Unvalidated,2024052401415,2024,052401415,1,1,0,18,3,1,0,1,0,0,0,0,2,1,6,1,58,9,-1,-1,-1,-1,1,1,E01007228,0
Unvalidated,2024052401415,2024,052401415,2,9,0,2,3,1,0,1,0,0,0,0,0,1,6,2,63,9,-1,-1,-1,-1,6,1,E01007194,0
Unvalidated,2024052401416,2024,052401416,1,9,0,18,4,8,0,0,0,0,0,0,1,1,6,1,44,7,-1,-1,-1,-1,1,1,E01006646,0
Unvalidated,2024052401417,2024,052401417,1,9,0,18,1,5,0,8,0,0,0,0,1,1,1,3,-1,-1,-1,-1,-1,-1,-1,-1,-1,0
Unvalidated,2024052401418,2024,052401418,1,9,0,9,1,5,0,8,0,0,0,0,4,1,6,3,-1,-1,-1,-1,-1,-1,-1,-1,-1,0
Unvalidated,2024052401418,2024,052401418,2,1,0,18,5,1,0,8,0,0,0,0,1,1,6,1,45,7,-1,-1,-1,-1,1,1,E01006675,0
Unvalidated,2024052401419,2024,052401419,1,9,0,18,2,6,0,1,0,0,0,0,4,1,2,1,52,8,-1,-1,-1,-1,-1,-1,-1,0
Unvalidated,2024052401419,2024,052401419,2,1,0,18,6,2,0,1,0,0,0,0,1,1,2,1,37,7,-1,-1,-1,-1,1,1,E01006633,0
Unvalidated,2024052401420,2024,052401420,1,9,0,18,3,7,0,0,0,0,0,0,1,1,6,2,50,8,-1,-1,-1,-1,2,1,E01032511,0
Unvalidated,2024052401420,2024,052401420,2,9,0,2,0,0,0,0,0,0,0,0,1,1,6,3,-1,-1,-1,-1,-1,-1,-1,-1,-1,0
Unvalidated,2024052401422,2024,052401422,1,1,0,18,1,5,0,6,0,0,0,0,1,1,6,1,40,7,-1,-1,-1,-1,1,1,E01006871,0
Unvalidated,2024052401422,2024,052401422,2,9,0,18,5,1,0,6,0,0,0,0,3,1,6,1,38,7,-1,-1,-1,-1,1,1,E01006871,0
Unvalidated,2024052401424,2024,052401424,1,9,0,18,5,1,0,6,0,0,0,0,1,1,6,2,24,5,-1,-1,-1,-1,7,1,E01006589,0
Unvalidated,2024052401424,2024,052401424,2,9,0,18,3,7,0,8,0,0,0,0,3,1,2,1,26,6,-1,-1,-1,-1,7,1,E01006685,0
Unvalidated,2024052401428,2024,052401428,1,1,0,18,5,1,0,0,0,0,0,0,3,1,6,1,45,7,-1,-1,-1,-1,1,1,E01006678,0
Unvalidated,2024052401428,2024,052401428,2,9,0,18,3,7,0,0,0,0,0,0,1,1,6,1,54,8,-1,-1,-1,-1,1,1,E01006645,0
Unvalidated,2024052401431,2024,052401431,1,9,0,18,5,1,0,0,0,0,0,0,1,1,6,2,58,9,-1,-1,-1,-1,2,1,E01006910,0
Unvalidated,2024052401431,2024,052401431,2,9,0,2,0,0,0,0,0,0,0,0,2,1,6,2,22,5,-1,-1,-1,-1,5,1,E01007056,0
Unvalidated,2024052401434,2024,052401434,1,1,0,18,6,2,0,8,0,0,0,0,0,1,6,1,31,6,-1,-1,-1,-1,4,1,E01007046,0
Unvalidated,2024052401439,2024,052401439,1,9,0,7,2,5,0,6,0,0,0,0,1,1,3,2,37,7,-1,-1,-1,-1,1,1,E01006720,0
Unvalidated,2024052401445,2024,052401445,1,9,0,5,2,4,0,4,0,0,0,0,3,1,6,1,77,11,-1,-1,-1,-1,8,1,E01007268,0
Unvalidated,2024052401445,2024,052401445,2,9,0,5,2,4,0,4,0,0,0,0,4,1,6,1,38,7,-1,-1,-1,-1,7,1,E01007265,0
Unvalidated,2024052401447,2024,052401447,1,1,0,18,8,4,0,0,0,0,0,0,1,1,6,1,-1,-1,-1,-1,-1,-1,9,1,E01006889,0
Unvalidated,2024052401447,2024,052401447,2,9,0,2,0,0,0,0,0,0,0,0,2,1,6,3,-1,-1,-1,-1,-1,-1,-1,-1,-1,0
Unvalidated,2024052401448,2024,052401448,1,9,0,18,7,3,0,0,0,0,0,0,1,1,6,2,-1,-1,-1,-1,-1,-1,-1,-1,-1,0
Unvalidated,2024052401448,2024,052401448,2,9,0,4,7,3,0,0,0,0,0,0,2,1,6,2,51,8,-1,-1,-1,-1,5,1,E01006527,0
Unvalidated,2024052401456,2024,052401456,1,9,0,1,3,7,0,2,0,0,0,0,2,1,6,3,-1,-1,-1,-1,-1,-1,-1,-1,-1,0
Unvalidated,2024052401459,2024,052401459,1,9,0,18,4,8,0,0,0,0,0,0,2,1,6,3,-1,-1,-1,-1,-1,-1,-1,-1,-1,0
Unvalidated,2024052401459,2024,052401459,2,9,0,4,4,8,0,0,0,0,0,0,2,1,6,1,62,9,-1,-1,-1,-1,1,1,E01006677,0
Unvalidated,2024052401460,2024,052401460,1,90,0,18,1,5,0,0,0,0,0,0,0,1,6,1,9,2,-1,-1,-1,-1,1,1,E01006574,0
Unvalidated,2024052401461,2024,052401461,1,19,0,5,3,7,0,0,0,0,0,0,4,1,6,1,43,7,-1,-1,-1,-1,1,1,E01007087,0
Unvalidated,2024052401461,2024,052401461,2,9,0,18,5,1,0,0,0,0,0,0,1,1,6,1,-1,-1,-1,-1,-1,-1,1,1,E01033747,0
Unvalidated,2024052401462,2024,052401462,1,9,0,5,2,6,0,0,0,0,0,0,3,1,6,3,-1,-1,-1,-1,-1,-1,-1,-1,-1,0
Unvalidated,2024052401462,2024,052401462,2,1,0,18,2,6,0,0,0,0,0,0,4,1,6,1,59,9,-1,-1,-1,-1,2,1,E01006845,0
Unvalidated,2024052401463,2024,052401463,1,8,0,5,2,5,0,1,0,0,0,0,1,1,6,3,-1,-1,-1,-1,-1,-1,-1,-1,-1,0
Unvalidated,2024052401510,2024,052401510,1,9,0,18,1,5,0,1,0,0,0,0,1,1,6,1,36,7,-1,-1,-1,-1,1,1,E01005473,0
Unvalidated,2024052401510,2024,052401510,2,90,0,4,1,7,0,1,0,0,0,0,2,1,6,2,20,4,-1,-1,-1,-1,1,1,E01006648,0
Unvalidated,2024052401525,2024,052401525,1,1,0,18,3,7,0,8,0,0,0,0,1,1,6,1,27,6,-1,-1,-1,-1,2,1,E01007130,0
Unvalidated,2024052401525,2024,052401525,2,9,0,18,1,5,0,8,0,0,0,0,4,1,6,1,56,9,-1,-1,-1,-1,6,1,E01007159,0
Unvalidated,2024052401529,2024,052401529,1,9,0,18,7,3,0,1,0,0,0,0,1,1,2,1,54,8,-1,-1,-1,-1,7,1,E01006801,0
Unvalidated,2024052401529,2024,052401529,2,9,0,18,5,1,0,1,0,0,0,0,3,1,2,3,-1,-1,-1,-1,-1,-1,-1,-1,-1,0
Unvalidated,2024052401537,2024,052401537,1,9,0,1,4,8,0,0,0,0,0,0,2,1,6,2,44,7,-1,-1,-1,-1,5,1,E01006640,0
Unvalidated,2024052401537,2024,052401537,2,9,0,4,8,4,0,0,0,0,0,0,1,1,6,1,39,7,-1,-1,-1,-1,9,1,E01006922,0
Unvalidated,2024052401541,2024,052401541,1,9,0,1,5,1,0,0,0,0,0,0,2,1,1,1,55,8,-1,-1,-1,-1,1,1,E01006779,0
Unvalidated,2024052401547,2024,052401547,1,9,0,5,8,3,0,1,0,0,0,0,0,1,6,3,-1,-1,-1,-1,-1,-1,-1,-1,-1,0
Unvalidated,2024052401547,2024,052401547,2,11,0,18,4,8,0,1,0,0,0,0,0,1,1,1,-1,-1,-1,-1,-1,-1,-1,-1,-1,0
Unvalidated,2024052401554,2024,052401554,1,3,0,18,6,2,0,0,1,0,0,0,1,1,6,1,37,7,-1,-1,-1,-1,2,1,E01007244,0
Unvalidated,2024052401557,2024,052401557,1,9,0,18,1,5,0,0,0,0,0,0,4,1,6,1,36,7,-1,-1,-1,-1,9,1,E01007021,0
Unvalidated,2024052401557,2024,052401557,2,1,0,11,3,7,0,0,0,0,0,0,1,1,6,2,18,4,-1,-1,-1,-1,1,1,E01006957,0
Unvalidated,2024052401582,2024,052401582,1,9,0,10,5,3,0,5,0,0,0,0,4,1,6,1,48,8,-1,-1,-1,-1,1,1,E01006560,0
Unvalidated,2024052401582,2024,052401582,2,9,0,15,5,1,0,1,0,0,0,0,1,1,6,1,54,8,-1,-1,-1,-1,1,1,E01006702,0
Unvalidated,2024052401600,2024,052401600,1,9,0,18,8,4,0,1,5,0,0,0,3,1,1,1,56,9,-1,-1,-1,-1,3,1,E01007049,0
Unvalidated,2024052401600,2024,052401600,2,8,0,18,6,2,0,1,0,0,0,0,1,1,1,1,32,6,-1,-1,-1,-1,1,1,E01005429,0
Unvalidated,2024052401637,2024,052401637,2,19,0,5,7,3,0,4,0,0,0,0,1,1,1,1,53,8,-1,-1,-1,-1,2,1,E01006858,0
Unvalidated,2024052401637,2024,052401637,3,9,0,18,1,5,0,3,0,0,0,0,2,1,1,2,34,6,-1,-1,-1,-1,4,1,E01006851,0
Unvalidated,2024052401700,2024,052401700,1,21,0,5,3,7,0,8,0,0,0,0,3,1,1,1,39,7,-1,-1,-1,-1,2,1,E01007026,0
Unvalidated,2024052401720,2024,052401720,1,9,0,7,5,7,0,3,0,0,6,0,1,1,6,2,50,8,-1,-1,-1,-1,3,1,E01006843,0
Unvalidated,2024052401720,2024,052401720,2,21,1,18,7,3,0,1,0,0,0,0,2,1,1,1,41,7,-1,-1,-1,-1,10,1,E01017483,0
Unvalidated,2024052401729,2024,052401729,1,8,0,18,4,8,0,0,0,0,0,0,1,1,1,1,53,8,-1,-1,-1,-1,6,1,E01007076,0
Unvalidated,2024052401729,2024,052401729,2,9,0,18,4,8,0,0,0,0,0,0,2,1,6,2,27,6,-1,-1,-1,-1,3,1,W01000372,0
Unvalidated,2024052401729,2024,052401729,3,9,0,18,4,8,0,0,0,0,0,0,2,1,6,2,23,5,-1,-1,-1,-1,1,1,E01006643,0
Unvalidated,2024052401729,2024,052401729,4,9,0,18,4,8,0,0,0,0,0,0,2,1,6,2,38,7,-1,-1,-1,-1,10,1,E01006824,0
Unvalidated,2024052401729,2024,052401729,5,9,0,18,4,8,0,0,0,0,0,0,2,1,6,2,26,6,-1,-1,-1,-1,1,1,E01006711,0
Unvalidated,2024052401729,2024,052401729,6,9,0,18,4,8,0,0,0,0,0,0,2,1,6,1,21,5,-1,-1,-1,-1,2,1,E01006868,0
Unvalidated,2024052401729,2024,052401729,7,9,0,18,4,8,0,0,0,0,0,0,2,1,6,1,31,6,-1,-1,-1,-1,3,1,E01006273,0
Unvalidated,2024052401836,2024,052401836,1,1,0,18,7,5,0,0,0,0,0,0,1,1,6,1,32,6,-1,-1,-1,-1,1,1,E01006562,0
Unvalidated,2024052401865,2024,052401865,1,90,0,12,3,7,0,4,0,0,0,0,0,1,1,2,37,7,-1,-1,-1,-1,8,1,E01012499,0
Unvalidated,2024052401865,2024,052401865,2,9,0,18,3,7,0,3,0,0,0,0,0,1,2,1,51,8,-1,-1,-1,-1,1,1,E01007228,0
Unvalidated,2024061393664,2024,061393664,1,3,0,18,1,5,0,8,0,0,0,0,4,1,6,1,16,4,-1,-1,-1,-1,3,1,E01005764,0
Unvalidated,2024061393664,2024,061393664,2,9,0,18,1,5,0,1,0,0,0,0,1,1,1,1,39,7,-1,-1,-1,-1,1,1,E01005108,0
Unvalidated,2024061393715,2024,061393715,1,9,0,18,8,4,0,0,0,0,0,0,1,1,6,1,81,11,-1,-1,-1,-1,4,1,E01006026,0
Unvalidated,2024061393716,2024,061393716,1,9,0,9,7,5,0,1,0,0,0,0,4,1,6,1,24,5,-1,-1,-1,-1,-1,-1,-1,0
Unvalidated,2024061393716,2024,061393716,2,8,0,18,3,7,0,2,0,0,0,0,3,1,1,1,45,7,-1,-1,-1,-1,1,1,E01005166,0
Unvalidated,2024061393739,2024,061393739,1,9,0,15,3,7,0,1,1,0,7,11,3,1,6,1,20,4,-1,-1,-1,-1,2,1,E01005026,0
Unvalidated,2024061393759,2024,061393759,1,9,0,18,2,6,0,8,0,0,0,0,1,1,6,3,30,6,-1,-1,-1,-1,-1,-1,-1,0
Unvalidated,2024061393759,2024,061393759,2,1,0,18,4,8,0,8,0,0,0,0,3,1,5,1,51,8,-1,-1,-1,-1,2,1,E01005721,0
Unvalidated,2024061393769,2024,061393769,1,9,0,18,1,5,0,0,1,0,0,0,1,1,2,2,21,5,-1,-1,-1,-1,2,1,E01004871,0
Unvalidated,2024061393893,2024,061393893,1,9,0,18,1,5,0,0,1,0,2,7,1,1,5,1,19,4,-1,-1,-1,-1,8,1,E01006809,0
Unvalidated,2024061393893,2024,061393893,2,9,0,18,1,5,0,0,1,0,2,7,2,1,5,1,28,6,-1,-1,-1,-1,-1,-1,-1,0
Unvalidated,2024061394067,2024,061394067,1,8,0,18,7,3,0,0,0,0,0,0,1,1,1,1,32,6,-1,-1,-1,-1,6,1,E01006146,0
Unvalidated,2024061394078,2024,061394078,1,9,0,18,7,4,0,1,0,0,0,0,1,1,5,1,51,8,-1,-1,-1,-1,2,1,E01005338,0
Unvalidated,2024061394078,2024,061394078,2,9,0,18,3,8,0,1,0,0,0,0,0,1,1,1,36,7,-1,-1,-1,-1,4,1,E01005730,0
Unvalidated,2024061394078,2024,061394078,3,9,0,18,3,8,0,1,0,0,0,0,1,1,1,1,25,5,-1,-1,-1,-1,1,1,E01005463,0
Unvalidated,2024061394124,2024,061394124,1,9,0,18,7,3,0,8,5,7,0,0,1,1,6,1,36,7,-1,-1,-1,-1,3,1,E01005997,0
Unvalidated,2024061394476,2024,061394476,1,9,0,18,3,7,0,0,0,0,0,0,1,1,5,1,28,6,-1,-1,-1,-1,4,1,E01005892,0
Unvalidated,2024061394476,2024,061394476,2,9,0,6,3,7,0,0,0,0,0,0,4,1,6,2,32,6,-1,-1,-1,-1,1,1,E01005180,0
Unvalidated,2024061394577,2024,061394577,1,9,0,18,5,1,0,8,0,0,0,0,1,1,2,1,50,8,-1,-1,-1,-1,2,1,E01004855,0
Unvalidated,2024061394898,2024,061394898,1,21,1,7,2,6,0,0,0,0,0,0,1,1,1,1,38,7,-1,-1,-1,-1,6,3,W01000395,0
Unvalidated,2024061394898,2024,061394898,2,9,0,18,2,6,0,0,0,0,0,0,3,1,6,2,47,8,-1,-1,-1,-1,3,1,E01006171,0
Unvalidated,2024061394898,2024,061394898,3,9,0,18,2,6,0,0,0,0,0,0,3,1,6,1,62,9,-1,-1,-1,-1,10,1,E01018387,0
Unvalidated,2024061394923,2024,061394923,1,9,0,9,3,7,0,1,0,0,0,0,1,1,6,1,63,9,-1,-1,-1,-1,1,1,E01005905,0
Unvalidated,2024061394928,2024,061394928,1,9,0,18,1,5,0,1,0,0,0,0,4,1,5,2,73,10,-1,-1,-1,-1,3,1,E01005921,0
Unvalidated,2024061394938,2024,061394938,1,9,0,18,1,5,0,1,0,0,0,0,-1,1,1,3,-1,-1,-1,-1,-1,-1,-1,-1,-1,0
Unvalidated,2024061394963,2024,061394963,1,9,0,5,6,2,9,0,0,10,1,0,1,1,5,2,73,10,-1,-1,-1,-1,8,1,E01004984,0
Unvalidated,2024061395210,2024,061395210,1,9,0,18,5,1,0,0,1,0,0,0,1,2,6,1,45,7,-1,-1,-1,-1,-1,-1,-1,0
Unvalidated,2024061395210,2024,061395210,2,8,0,18,1,5,0,0,1,0,0,0,1,2,1,1,40,7,-1,-1,-1,-1,1,1,E01005180,0
Unvalidated,2024061395250,2024,061395250,1,19,0,4,7,3,0,0,0,0,0,0,1,1,1,1,49,8,-1,-1,-1,-1,6,1,E01005556,0
Unvalidated,2024061395305,2024,061395305,1,9,0,9,3,8,0,0,0,0,0,0,1,1,1,1,70,10,-1,-1,-1,-1,4,1,E01004776,0
Unvalidated,2024061395305,2024,061395305,2,5,0,18,7,3,0,0,0,0,0,0,1,1,6,1,39,7,-1,-1,-1,-1,-1,-1,-1,0
Unvalidated,2024061395350,2024,061395350,1,9,0,18,2,6,0,0,1,0,0,0,3,1,5,1,47,8,-1,-1,-1,-1,3,1,E01012632,0
Unvalidated,2024061395384,2024,061395384,1,9,0,18,7,1,0,0,0,0,4,2,2,2,5,1,51,8,-1,-1,-1,-1,8,1,E01007502,0
Unvalidated,2024061395384,2024,061395384,2,90,0,-1,-1,-1,-1,0,-1,-1,-1,-1,-1,1,6,3,-1,-1,-1,-1,-1,-1,-1,-1,-1,0
Unvalidated,2024061395496,2024,061395496,1,9,0,18,3,7,0,0,5,4,0,0,1,1,5,2,21,5,-1,-1,-1,-1,8,1,E01004790,0
Unvalidated,2024061395496,2024,061395496,2,9,0,2,0,0,0,0,0,0,0,0,2,1,6,3,-1,-1,-1,-1,-1,-1,-1,-1,-1,0
Unvalidated,2024061395550,2024,061395550,1,9,0,-1,1,1,-1,0,0,11,0,0,1,1,-1,1,55,8,-1,-1,-1,-1,-1,-1,-1,0
Unvalidated,2024061395610,2024,061395610,1,9,0,18,8,4,0,0,0,0,0,0,1,1,5,1,30,6,-1,-1,-1,-1,3,2,E01006235,0
Unvalidated,2024061395610,2024,061395610,2,9,0,3,8,4,0,0,0,0,0,0,2,1,5,2,38,7,-1,-1,-1,-1,2,1,E01006307,0
Unvalidated,2024061395650,2024,061395650,1,9,0,9,7,5,0,1,0,0,0,0,1,1,5,1,50,8,-1,-1,-1,-1,3,1,E01005975,0
Unvalidated,2024061395650,2024,061395650,2,5,0,18,3,7,0,1,0,0,0,0,1,1,5,1,27,6,-1,-1,-1,-1,-1,-1,-1,0
Unvalidated,2024061395671,2024,061395671,1,9,0,4,6,1,0,0,0,0,0,0,2,1,5,2,36,7,-1,-1,-1,-1,3,1,E01005308,0
Unvalidated,2024061395671,2024,061395671,2,9,0,18,6,2,0,0,0,0,0,0,1,1,5,1,29,6,-1,-1,-1,-1,5,1,E01006118,0
Unvalidated,2024061395674,2024,061395674,1,9,0,18,7,3,0,0,0,0,0,0,1,1,6,2,46,8,-1,-1,-1,-1,-1,-1,-1,0
Unvalidated,2024061395674,2024,061395674,2,9,0,18,7,3,0,0,0,0,0,0,2,1,6,2,23,5,-1,-1,-1,-1,10,1,E01025424,0
Unvalidated,2024061395675,2024,061395675,1,9,0,10,5,2,0,8,0,0,0,0,1,1,6,1,50,8,-1,-1,-1,-1,2,1,E01029564,0
Unvalidated,2024061395675,2024,061395675,2,1,0,18,1,5,0,8,0,0,0,0,1,1,1,1,45,7,-1,-1,-1,-1,2,1,E01005244,0