status,collision_index,collision_year,collision_reference,vehicle_reference,vehicle_type,towing_and_articulation,vehicle_manoeuvre,vehicle_direction_from,vehicle_direction_to,vehicle_location_restricted_lane,junction_location,skidding_and_overturning,hit_object_in_carriageway,vehicle_leaving_carriageway,hit_object_off_carriageway,first_point_of_impact,vehicle_left_hand_drive,journey_purpose_of_driver,sex_of_driver,age_of_driver,age_band_of_driver,engine_capacity_cc,propulsion_code,age_of_vehicle,generic_make_model,driver_imd_decile,driver_home_area_type,lsoa_of_driver,escooter_flag
Unvalidated,2024061395686,2024,061395686,1,23,0,13,1,5,0,1,0,0,7,0,1,1,6,1,23,5,-1,-1,-1,-1,-1,-1,-1,0
Unvalidated,2024061395686,2024,061395686,2,8,0,9,1,4,0,1,0,0,0,0,1,1,1,1,51,8,-1,-1,-1,-1,-1,-1,-1,0
Unvalidated,2024061395746,2024,061395746,1,9,0,2,0,0,0,0,0,0,0,0,1,1,6,3,-1,-1,-1,-1,-1,-1,-1,-1,-1,0
Unvalidated,2024061395746,2024,061395746,2,9,0,2,0,0,0,0,0,0,0,0,2,1,6,3,-1,-1,-1,-1,-1,-1,-1,-1,-1,0
Unvalidated,2024061396033,2024,061396033,1,9,0,18,8,4,0,8,0,0,0,0,1,1,6,1,43,7,-1,-1,-1,-1,8,2,E01005367,0
Unvalidated,2024061396033,2024,061396033,2,9,0,18,5,2,0,8,0,0,0,0,4,1,5,1,71,10,-1,-1,-1,-1,7,1,E01006089,0
Unvalidated,2024061396156,2024,061396156,1,9,0,9,5,1,0,1,0,0,0,0,1,1,5,1,27,6,-1,-1,-1,-1,1,1,E01005681,0
Unvalidated,2024061396156,2024,061396156,2,9,0,18,5,1,0,1,0,0,0,0,1,1,5,2,51,8,-1,-1,-1,-1,3,1,E01005013,0
Unvalidated,2024061396353,2024,061396353,1,19,4,18,3,7,0,0,0,0,0,0,1,1,1,1,49,8,-1,-1,-1,-1,2,1,E01005140,0
Unvalidated,2024061396353,2024,061396353,2,9,0,3,3,7,0,0,0,0,0,0,2,1,6,1,28,6,-1,-1,-1,-1,7,1,E01006303,0
Unvalidated,2024061396353,2024,061396353,3,9,0,3,3,7,0,0,0,0,0,0,2,1,6,2,56,9,-1,-1,-1,-1,9,1,E01006301,0
Unvalidated,2024061396353,2024,061396353,4,9,0,3,3,7,0,0,0,0,0,0,2,1,2,2,37,7,-1,-1,-1,-1,-1,-1,-1,0
Unvalidated,2024061396438,2024,061396438,1,9,0,9,7,5,0,8,0,0,0,0,1,1,6,1,49,8,-1,-1,-1,-1,1,1,E01005108,0
Unvalidated,2024061396817,2024,061396817,1,8,0,4,7,3,0,1,0,0,0,0,3,1,1,1,36,7,-1,-1,-1,-1,1,1,E01005068,0
Unvalidated,2024061396817,2024,061396817,2,1,0,18,5,8,0,8,0,0,0,0,1,1,6,1,11,3,-1,-1,-1,-1,1,1,E01005107,0
Unvalidated,2024061396885,2024,061396885,1,9,0,18,2,6,0,1,0,0,0,0,1,1,6,1,25,5,-1,-1,-1,-1,5,1,E01006141,0
Unvalidated,2024061396931,2024,061396931,1,9,0,11,1,5,0,0,0,0,1,0,2,1,5,1,29,6,-1,-1,-1,-1,-1,-1,-1,0
Unvalidated,2024061396931,2024,061396931,2,9,0,18,1,5,0,0,0,0,0,0,1,1,1,1,52,8,-1,-1,-1,-1,6,1,E01010689,0
Unvalidated,2024061396964,2024,061396964,1,9,0,3,2,6,0,0,0,0,0,0,1,1,6,1,71,10,-1,-1,-1,-1,6,3,E01010952,0
Unvalidated,2024061396965,2024,061396965,1,8,0,8,7,3,0,0,0,0,0,0,4,1,1,1,43,7,-1,-1,-1,-1,-1,-1,-1,0
Unvalidated,2024061396965,2024,061396965,2,9,0,18,1,5,0,0,0,0,0,0,1,1,6,2,50,8,-1,-1,-1,-1,-1,-1,-1,0
Unvalidated,2024061396972,2024,061396972,1,9,0,18,3,7,0,1,0,0,0,0,1,1,6,3,30,6,-1,-1,-1,-1,-1,-1,-1,0
Unvalidated,2024061396973,2024,061396973,1,9,0,9,5,7,0,8,0,0,0,0,1,1,6,1,17,4,-1,-1,-1,-1,-1,-1,-1,0
Unvalidated,2024061396973,2024,061396973,2,9,0,18,1,1,0,8,0,0,0,0,1,1,6,1,20,4,-1,-1,-1,-1,1,1,E01005123,0
Unvalidated,2024061396973,2024,061396973,3,9,0,18,1,1,0,1,0,0,0,0,0,1,5,1,24,5,-1,-1,-1,-1,1,1,E01005202,0
Unvalidated,2024061397031,2024,061397031,1,9,0,18,6,2,0,1,0,0,0,0,1,1,1,1,40,7,-1,-1,-1,-1,1,1,E01005108,0
Unvalidated,2024061397031,2024,061397031,2,9,0,4,6,2,0,1,0,0,0,0,2,1,1,1,26,6,-1,-1,-1,-1,1,1,E01005108,0
Unvalidated,2024061397031,2024,061397031,3,9,0,18,2,6,0,2,0,0,0,0,0,1,1,1,55,8,-1,-1,-1,-1,1,1,E01005107,0
Unvalidated,2024061397220,2024,061397220,1,9,0,9,3,8,0,8,0,0,0,0,1,1,2,1,67,10,-1,-1,-1,-1,2,1,E01012537,0
Unvalidated,2024061397220,2024,061397220,2,4,0,5,6,3,0,8,0,0,0,0,1,1,6,1,27,6,-1,-1,-1,-1,1,1,E01004926,0
Unvalidated,2024061397358,2024,061397358,1,9,0,18,7,3,0,0,0,0,0,0,1,1,2,2,56,9,-1,-1,-1,-1,3,1,E01005102,0
Unvalidated,2024061397366,2024,061397366,1,9,0,9,6,2,0,2,0,0,0,0,1,1,6,1,23,5,-1,-1,-1,-1,5,1,E01005993,0
Unvalidated,2024061397397,2024,061397397,1,9,0,18,1,1,0,0,0,0,0,0,1,1,2,1,36,7,-1,-1,-1,-1,8,1,E01005530,0
Unvalidated,2024061397411,2024,061397411,1,9,0,18,2,6,0,1,0,0,0,0,3,1,2,2,45,7,-1,-1,-1,-1,-1,-1,-1,0
Unvalidated,2024061397411,2024,061397411,2,9,0,9,7,5,0,1,0,0,0,0,1,1,1,1,37,7,-1,-1,-1,-1,1,1,E01004818,0
Unvalidated,2024061397502,2024,061397502,1,9,-1,18,-1,-1,0,0,0,0,0,0,-1,1,6,2,27,6,-1,-1,-1,-1,-1,-1,-1,0
Unvalidated,2024061397514,2024,061397514,1,11,0,3,-1,-1,0,0,0,0,0,0,-1,1,6,1,34,6,-1,-1,-1,-1,2,1,E01005732,0
Unvalidated,2024061397514,2024,061397514,2,9,0,3,-1,-1,0,0,0,0,0,0,-1,1,6,3,36,7,-1,-1,-1,-1,-1,-1,-1,0
Unvalidated,2024061397557,2024,061397557,1,9,0,18,5,1,0,2,0,0,0,0,1,1,5,1,56,9,-1,-1,-1,-1,1,1,E01005198,0
Unvalidated,2024061397707,2024,061397707,1,9,0,9,3,7,0,4,0,0,0,0,1,1,2,1,40,7,-1,-1,-1,-1,10,1,E01006193,0
Unvalidated,2024061397707,2024,061397707,2,1,0,18,3,7,0,8,0,0,0,0,1,1,2,1,49,8,-1,-1,-1,-1,9,1,E01006140,0
Unvalidated,2024061397711,2024,061397711,1,9,0,1,0,0,99,0,0,0,0,0,2,1,1,1,29,6,-1,-1,-1,-1,7,1,E01006252,0
Unvalidated,2024061397778,2024,061397778,1,9,0,9,5,7,0,8,0,0,0,0,1,1,6,1,28,6,-1,-1,-1,-1,8,1,E01005170,0
Unvalidated,2024061397790,2024,061397790,1,9,0,9,5,1,0,6,0,0,0,0,4,1,6,1,72,10,-1,-1,-1,-1,6,1,E01005083,0
Unvalidated,2024061397795,2024,061397795,1,9,0,7,1,3,0,8,0,0,0,0,1,1,2,1,74,10,-1,-1,-1,-1,1,1,E01004851,0
Unvalidated,2024061397873,2024,061397873,1,9,0,9,5,1,0,8,0,0,0,0,1,1,5,3,-1,-1,-1,-1,-1,-1,-1,-1,-1,0
Unvalidated,2024061397873,2024,061397873,2,1,0,18,1,5,0,8,0,0,0,0,3,1,2,1,47,8,-1,-1,-1,-1,1,1,E01005272,0
Unvalidated,2024061398057,2024,061398057,1,9,0,18,3,7,9,0,0,0,3,11,1,1,5,1,25,5,-1,-1,-1,-1,7,1,E01004835,0
Unvalidated,2024061398268,2024,061398268,1,9,0,18,5,1,0,1,0,0,1,1,1,1,5,1,71,10,-1,-1,-1,-1,-1,-1,-1,0
Unvalidated,2024061398377,2024,061398377,1,9,0,18,3,7,0,1,0,0,0,0,1,1,6,2,48,8,-1,-1,-1,-1,2,1,E01005890,0
Unvalidated,2024061398377,2024,061398377,2,90,0,9,7,3,0,1,0,0,0,0,0,1,5,1,19,4,-1,-1,-1,-1,1,1,E01005195,1
Unvalidated,2024061398398,2024,061398398,1,9,0,18,5,1,0,1,0,0,0,0,3,1,6,3,-1,-1,-1,-1,-1,-1,-1,-1,-1,0
Unvalidated,2024061398398,2024,061398398,2,9,0,9,5,3,0,1,0,0,0,0,4,1,6,2,24,5,-1,-1,-1,-1,4,1,E01005327,0
Unvalidated,2024061398437,2024,061398437,1,9,0,6,3,7,0,0,0,0,0,0,4,1,6,3,-1,-1,-1,-1,-1,-1,-1,-1,-1,0
Unvalidated,2024061398437,2024,061398437,2,9,0,18,3,7,0,0,0,0,0,0,1,1,6,2,23,5,-1,-1,-1,-1,6,1,E01031049,0
Unvalidated,2024061398516,2024,061398516,1,9,-1,-1,-1,-1,-1,-1,-1,-1,-1,0,-1,1,6,1,-1,-1,-1,-1,-1,-1,3,1,E01004772,0
Unvalidated,2024061398516,2024,061398516,2,9,-1,-1,-1,-1,-1,-1,-1,-1,-1,0,-1,1,6,2,43,7,-1,-1,-1,-1,2,1,E01006218,0
Unvalidated,2024061398533,2024,061398533,1,9,0,9,1,3,0,2,0,0,7,0,4,1,5,2,52,8,-1,-1,-1,-1,2,1,E01004830,0
Unvalidated,2024061398533,2024,061398533,2,9,0,18,5,1,0,2,0,0,0,0,1,1,5,1,39,7,-1,-1,-1,-1,1,1,E01004877,0
Unvalidated,2024061398536,2024,061398536,1,19,0,18,6,8,0,2,0,0,0,0,1,1,1,1,30,6,-1,-1,-1,-1,3,1,E01005437,0
Unvalidated,2024061398596,2024,061398596,1,9,-1,-1,-1,-1,-1,0,-1,-1,-1,0,-1,1,6,3,-1,-1,-1,-1,-1,-1,-1,-1,-1,0
Unvalidated,2024061398596,2024,061398596,2,90,-1,-1,-1,-1,-1,0,-1,-1,-1,0,-1,1,5,1,14,3,-1,-1,-1,-1,2,1,E01005670,0
Unvalidated,2024061398624,2024,061398624,1,9,0,15,3,7,0,0,5,4,0,0,4,1,5,1,87,11,-1,-1,-1,-1,6,1,E01006202,0
Unvalidated,2024061398624,2024,061398624,2,9,0,2,3,7,0,0,0,0,1,10,2,1,6,3,-1,-1,-1,-1,-1,-1,-1,-1,-1,0
Unvalidated,2024061398654,2024,061398654,1,11,0,4,4,8,0,0,0,0,0,0,1,1,1,1,47,8,-1,-1,-1,-1,2,1,E01005652,0
Unvalidated,2024061398684,2024,061398684,1,9,0,18,1,5,0,0,0,0,0,0,3,1,6,3,-1,-1,-1,-1,-1,-1,-1,-1,-1,0
Unvalidated,2024061398684,2024,061398684,2,9,0,18,1,5,0,0,0,0,0,0,4,1,5,1,29,6,-1,-1,-1,-1,-1,-1,-1,0
Unvalidated,2024061398735,2024,061398735,1,11,0,4,8,5,0,0,0,0,0,0,1,1,1,1,52,8,-1,-1,-1,-1,2,1,E01005072,0
Unvalidated,2024061398737,2024,061398737,1,9,0,18,8,4,0,0,0,0,0,0,1,1,2,1,51,8,-1,-1,-1,-1,6,1,E01025444,0
Unvalidated,2024061398773,2024,061398773,1,8,-1,-1,-1,-1,-1,-1,-1,-1,-1,0,-1,1,6,1,-1,-1,-1,-1,-1,-1,-1,-1,-1,0
Unvalidated,2024061398822,2024,061398822,1,9,-1,-1,-1,-1,-1,-1,-1,-1,-1,0,-1,1,6,3,-1,-1,-1,-1,-1,-1,-1,-1,-1,0
Unvalidated,2024061398822,2024,061398822,2,9,-1,-1,-1,-1,-1,-1,-1,-1,-1,0,-1,1,6,1,53,8,-1,-1,-1,-1,6,1,E01005060,0
Unvalidated,2024061398926,2024,061398926,1,9,0,18,6,2,0,0,0,0,7,3,1,1,5,1,76,11,-1,-1,-1,-1,7,1,E01005901,0
Unvalidated,2024061398926,2024,061398926,2,9,0,3,6,2,0,0,0,0,0,0,2,1,5,2,24,5,-1,-1,-1,-1,9,2,E01005906,0
Unvalidated,2024061398926,2024,061398926,3,1,0,18,6,2,9,0,0,11,0,0,1,1,2,1,54,8,-1,-1,-1,-1,4,1,E01005751,0
Unvalidated,2024061398959,2024,061398959,1,9,0,18,3,7,9,1,1,0,1,0,1,1,2,1,46,8,-1,-1,-1,-1,8,1,E01012565,0
Unvalidated,2024061399000,2024,061399000,1,9,0,5,1,3,0,0,0,0,0,0,1,1,6,3,30,6,-1,-1,-1,-1,-1,-1,-1,0
Unvalidated,2024061399009,2024,061399009,1,9,0,18,-1,-1,-1,-1,0,0,0,0,1,1,6,2,-1,-1,-1,-1,-1,-1,9,1,E01006393,0
Unvalidated,2024061399052,2024,061399052,1,9,-1,1,-1,-1,0,0,0,0,0,0,2,1,6,3,-1,-1,-1,-1,-1,-1,-1,-1,-1,0
Unvalidated,2024061399052,2024,061399052,2,9,0,2,-1,-1,0,0,0,0,0,0,1,1,6,2,41,7,-1,-1,-1,-1,1,1,E01006296,0
Unvalidated,2024061399239,2024,061399239,1,9,0,9,5,1,0,6,0,0,0,0,1,1,6,1,-1,-1,-1,-1,-1,-1,-1,-1,-1,0
Unvalidated,2024061399239,2024,061399239,2,9,0,18,5,1,0,1,0,0,0,0,0,1,5,1,-1,-1,-1,-1,-1,-1,-1,-1,-1,0
Unvalidated,2024061399239,2024,061399239,3,9,0,18,1,5,0,1,0,0,0,0,1,1,5,1,23,5,-1,-1,-1,-1,9,2,E01010935,0
Unvalidated,2024061399320,2024,061399320,1,9,0,18,3,7,0,0,1,7,0,0,3,1,2,1,28,6,-1,-1,-1,-1,1,1,E01010813,0
Unvalidated,2024061399320,2024,061399320,2,9,0,18,3,7,0,0,0,0,0,0,1,1,1,1,61,9,-1,-1,-1,-1,3,1,E01010569,0
Unvalidated,2024061399320,2024,061399320,3,9,0,18,3,7,0,0,0,0,0,0,1,1,2,1,43,7,-1,-1,-1,-1,6,1,E01011299,0
Unvalidated,2024061399320,2024,061399320,4,9,0,18,3,7,0,0,0,0,0,0,2,1,1,1,41,7,-1,-1,-1,-1,4,1,E01008001,0
Unvalidated,2024061399320,2024,061399320,5,9,0,18,3,7,0,0,0,0,0,0,1,1,2,2,33,6,-1,-1,-1,-1,5,1,E01010818,0
Unvalidated,2024061399320,2024,061399320,6,9,0,18,3,7,0,0,0,0,0,0,3,1,2,1,55,8,-1,-1,-1,-1,5,3,E01007609,0
Unvalidated,2024061399320,2024,061399320,7,9,0,18,3,7,0,0,0,0,0,0,1,1,2,1,54,8,-1,-1,-1,-1,3,1,E01011024,0
Unvalidated,2024061399359,2024,061399359,1,9,0,18,7,3,0,0,0,0,0,0,0,1,6,3,-1,-1,-1,-1,-1,-1,-1,-1,-1,0
Unvalidated,2024061399359,2024,061399359,2,9,0,18,3,7,0,0,0,0,0,0,2,1,6,2,56,9,-1,-1,-1,-1,10,2,E01018690,0
Unvalidated,2024061399359,2024,061399359,3,9,0,18,3,7,0,0,0,0,0,0,1,1,6,1,-1,-1,-1,-1,-1,-1,9,1,E01018601,0
Unvalidated,2024061399394,2024,061399394,1,19,-1,-1,-1,-1,-1,0,-1,-1,-1,0,-1,1,6,3,-1,-1,-1,-1,-1,-1,-1,-1,-1,0
Unvalidated,2024061399394,2024,061399394,2,1,-1,-1,-1,-1,-1,0,-1,-1,-1,0,-1,1,1,1,24,5,-1,-1,-1,-1,1,1,E01005123,0
Unvalidated,2024061399475,2024,061399475,1,9,-1,-1,-1,-1,-1,0,-1,-1,-1,0,-1,1,6,1,-1,-1,-1,-1,-1,-1,-1,-1,-1,0
Unvalidated,2024061399475,2024,061399475,2,1,-1,-1,-1,-1,-1,0,-1,-1,-1,0,-1,1,2,1,38,7,-1,-1,-1,-1,-1,-1,-1,0
Unvalidated,2024061399558,2024,061399558,1,9,0,18,8,4,0,0,0,0,0,0,1,1,5,2,41,7,-1,-1,-1,-1,2,3,E01006329,0
Unvalidated,2024061399591,2024,061399591,1,9,0,18,6,2,0,1,1,0,0,0,1,1,5,1,87,11,-1,-1,-1,-1,4,1,E01005710,0
Unvalidated,2024061399688,2024,061399688,1,9,0,18,4,8,0,8,0,0,0,0,1,1,1,2,34,6,-1,-1,-1,-1,-1,-1,-1,0
Unvalidated,2024061399688,2024,061399688,2,9,0,18,1,5,0,8,0,0,0,0,3,1,5,1,43,7,-1,-1,-1,-1,2,1,E01006369,0
Unvalidated,2024061399837,2024,061399837,1,9,0,2,5,1,6,1,0,0,0,0,2,1,1,1,39,7,-1,-1,-1,-1,9,1,E01012490,0
Unvalidated,2024061399837,2024,061399837,2,21,1,18,6,2,0,1,0,4,0,0,1,1,1,1,51,8,-1,-1,-1,-1,2,1,E01000074,0
Unvalidated,2024061399898,2024,061399898,1,9,-1,-1,-1,-1,-1,-1,-1,-1,-1,0,-1,1,6,3,-1,-1,-1,-1,-1,-1,-1,-1,-1,0
Unvalidated,2024061399898,2024,061399898,2,9,-1,-1,-1,-1,-1,-1,-1,-1,-1,0,-1,1,6,2,-1,-1,-1,-1,-1,-1,4,1,E01004917,0
Unvalidated,2024061400150,2024,061400150,1,19,0,18,2,6,0,0,0,0,0,0,1,1,6,1,24,5,-1,-1,-1,-1,5,1,E01019733,0
Unvalidated,2024061400196,2024,061400196,1,21,1,18,5,1,0,0,0,0,0,0,1,1,1,1,45,7,-1,-1,-1,-1,8,1,E01008130,0
Unvalidated,2024061400196,2024,061400196,2,21,0,18,5,1,0,0,0,0,0,0,3,1,1,1,63,9,-1,-1,-1,-1,8,1,E01006315,0
Unvalidated,2024061400199,2024,061400199,1,9,0,9,1,6,0,2,0,0,0,0,1,1,2,2,31,6,-1,-1,-1,-1,1,1,E01004850,0
Unvalidated,2024061400199,2024,061400199,2,9,0,18,7,2,0,8,0,0,0,0,4,1,2,1,34,6,-1,-1,-1,-1,2,1,E01004849,0
Unvalidated,2024061400202,2024,061400202,1,9,0,18,8,4,0,0,0,0,0,0,1,2,1,1,64,9,-1,-1,-1,-1,9,1,E01006117,0
Unvalidated,2024061400202,2024,061400202,2,9,0,18,8,4,0,0,0,0,0,0,2,1,1,2,40,7,-1,-1,-1,-1,1,1,E01005639,0
Unvalidated,2024061400233,2024,061400233,1,9,0,18,1,1,0,0,0,0,0,0,1,2,6,3,30,6,-1,-1,-1,-1,-1,-1,-1,0
Unvalidated,2024061400233,2024,061400233,2,9,0,18,1,1,0,0,0,0,0,0,2,2,6,1,29,6,-1,-1,-1,-1,7,1,E01005691,0
Unvalidated,2024061400294,2024,061400294,1,9,0,18,8,4,0,0,0,0,0,0,2,1,5,2,21,5,-1,-1,-1,-1,4,1,E01004991,0
Unvalidated,2024061400294,2024,061400294,2,9,0,18,8,4,0,0,0,0,0,0,2,1,5,2,31,6,-1,-1,-1,-1,1,1,E01004794,0
Unvalidated,2024061400294,2024,061400294,3,9,0,18,8,4,0,0,0,0,0,0,1,1,5,1,38,7,-1,-1,-1,-1,8,1,E01004845,0
Unvalidated,2024061400294,2024,061400294,4,9,0,18,8,4,0,0,0,0,0,0,1,1,5,1,46,8,-1,-1,-1,-1,1,1,E01004818,0
Unvalidated,2024061400294,2024,061400294,5,9,0,18,8,4,0,0,0,0,0,0,2,1,1,1,31,6,-1,-1,-1,-1,3,1,E01004867,0
Unvalidated,2024061400294,2024,061400294,6,9,0,18,8,4,0,0,0,0,0,0,1,1,5,1,41,7,-1,-1,-1,-1,1,1,E01004820,0
Unvalidated,2024061400294,2024,061400294,7,9,0,18,8,4,0,0,0,0,0,0,1,1,5,2,23,5,-1,-1,-1,-1,3,1,E01012615,0
Unvalidated,2024061400361,2024,061400361,1,9,0,18,3,7,0,1,0,0,0,0,1,1,2,2,26,6,-1,-1,-1,-1,-1,1,-1,0
Unvalidated,2024061400388,2024,061400388,1,9,0,18,1,5,0,8,0,0,0,0,1,1,2,1,34,6,-1,-1,-1,-1,2,1,E01006241,0
Unvalidated,2024061400388,2024,061400388,2,9,0,9,5,2,0,8,0,0,0,0,1,1,5,2,35,6,-1,-1,-1,-1,1,1,E01006865,0
Unvalidated,2024061400412,2024,061400412,1,9,0,1,7,7,9,0,0,0,1,0,3,1,5,2,76,11,-1,-1,-1,-1,8,1,E01005390,0
Unvalidated,2024061400431,2024,061400431,1,9,0,18,2,6,0,5,0,0,0,0,1,1,5,1,80,11,-1,-1,-1,-1,6,1,E01002298,0
Unvalidated,2024061400431,2024,061400431,2,9,0,3,2,6,0,5,0,0,0,0,2,1,5,1,34,6,-1,-1,-1,-1,-1,-1,-1,0
Unvalidated,2024061400431,2024,061400431,3,9,0,3,2,6,0,5,0,0,0,0,2,1,5,1,40,7,-1,-1,-1,-1,6,1,E01005556,0
Unvalidated,2024061400431,2024,061400431,4,9,0,3,2,6,0,5,0,0,0,0,2,1,5,1,47,8,-1,-1,-1,-1,6,1,E01032556,0
Unvalidated,2024061400498,2024,061400498,1,9,0,18,5,1,0,1,0,0,0,0,1,1,5,2,22,5,-1,-1,-1,-1,-1,-1,-1,0
Unvalidated,2024061400498,2024,061400498,2,9,0,9,3,1,0,8,0,0,0,0,4,1,5,1,76,11,-1,-1,-1,-1,-1,-1,-1,0
Unvalidated,2024061400520,2024,061400520,1,9,0,9,4,2,0,1,0,0,0,0,3,1,5,2,33,6,-1,-1,-1,-1,5,1,E01006840,0
Unvalidated,2024061400833,2024,061400833,1,8,0,18,3,7,0,0,0,0,0,0,1,1,1,1,53,8,-1,-1,-1,-1,2,1,E01005371,0
Unvalidated,2024061400833,2024,061400833,2,9,0,4,3,7,0,0,0,0,0,0,2,1,5,1,51,8,-1,-1,-1,-1,8,1,E01005880,0
Unvalidated,2024061400982,2024,061400982,1,9,0,18,1,5,0,8,0,0,0,0,1,1,5,1,47,8,-1,-1,-1,-1,2,1,E01005430,0
Unvalidated,2024061400982,2024,061400982,2,9,0,18,3,7,0,8,0,0,0,0,1,1,5,2,33,6,-1,-1,-1,-1,6,2,E01011074,0
Unvalidated,2024061400984,2024,061400984,1,9,0,9,5,3,0,1,0,0,0,0,1,1,5,1,20,4,-1,-1,-1,-1,1,1,E01033258,0
Unvalidated,2024061400984,2024,061400984,2,9,0,5,5,5,0,2,0,0,0,0,1,1,6,1,38,7,-1,-1,-1,-1,2,1,E01004948,0
Unvalidated,2024061401002,2024,061401002,1,9,0,9,3,1,0,8,0,0,0,0,3,1,1,1,36,7,-1,-1,-1,-1,5,1,E01006006,0
Unvalidated,2024061401002,2024,061401002,2,3,0,18,7,3,0,1,0,0,0,0,1,1,6,1,31,6,-1,-1,-1,-1,5,1,E01006008,0
Unvalidated,2024061401136,2024,061401136,1,9,0,12,3,7,0,1,0,0,0,0,3,1,6,3,-1,-1,-1,-1,-1,-1,-1,-1,-1,0
Unvalidated,2024061401136,2024,061401136,2,9,0,18,3,7,0,1,0,0,0,0,4,1,6,2,35,6,-1,-1,-1,-1,3,1,E01005216,0
Unvalidated,2024061401250,2024,061401250,1,9,0,18,2,6,0,1,0,0,0,0,1,1,6,3,-1,-1,-1,-1,-1,-1,-1,-1,-1,0
Unvalidated,2024061401250,2024,061401250,2,19,0,9,4,2,0,1,0,0,0,0,1,1,6,1,35,6,-1,-1,-1,-1,1,1,E01004877,0
Unvalidated,2024061401331,2024,061401331,1,9,0,4,-1,-1,0,0,-1,-1,-1,0,0,1,6,3,-1,-1,-1,-1,-1,-1,-1,-1,-1,0
Unvalidated,2024061401331,2024,061401331,2,9,0,18,-1,-1,0,0,0,0,0,0,-1,1,6,2,-1,-1,-1,-1,-1,-1,1,1,E01005698,0
Unvalidated,2024061401609,2024,061401609,1,9,-1,-1,-1,-1,-1,0,-1,-1,-1,0,-1,1,2,2,52,8,-1,-1,-1,-1,-1,-1,-1,0
Unvalidated,2024061401649,2024,061401649,1,9,-1,-1,-1,-1,-1,0,-1,-1,-1,0,-1,1,6,1,-1,-1,-1,-1,-1,-1,-1,-1,-1,0
Unvalidated,2024061401649,2024,061401649,2,9,-1,-1,-1,-1,-1,0,-1,-1,-1,0,-1,1,2,2,37,7,-1,-1,-1,-1,-1,-1,-1,0
Unvalidated,2024061401697,2024,061401697,1,9,-1,-1,-1,-1,-1,0,-1,-1,-1,0,-1,1,6,3,-1,-1,-1,-1,-1,-1,-1,-1,-1,0
Unvalidated,2024061401697,2024,061401697,2,1,-1,-1,-1,-1,-1,0,-1,-1,-1,0,-1,1,2,2,59,9,-1,-1,-1,-1,-1,-1,-1,0
Unvalidated,2024061401811,2024,061401811,1,9,0,9,1,5,0,5,0,0,0,0,3,1,6,1,51,8,-1,-1,-1,-1,3,1,E01005889,0
Unvalidated,2024061401811,2024,061401811,2,1,0,18,5,1,0,8,0,0,0,0,1,1,6,1,35,6,-1,-1,-1,-1,5,1,E01005346,0
Unvalidated,2024061401818,2024,061401818,1,9,0,9,1,2,2,0,0,7,3,11,1,1,6,1,80,11,-1,-1,-1,-1,6,1,E01005831,0
Unvalidated,2024061401818,2024,061401818,2,11,0,18,8,4,2,0,0,0,0,0,1,1,1,1,46,8,-1,-1,-1,-1,5,1,E01012541,0
Unvalidated,2024061401827,2024,061401827,1,9,0,18,5,4,0,2,1,10,1,10,3,1,5,1,58,9,-1,-1,-1,-1,2,1,E01006244,0
Unvalidated,2024061401827,2024,061401827,2,9,0,9,1,2,0,1,0,0,0,0,1,1,6,2,73,10,-1,-1,-1,-1,1,2,E01006248,0
Unvalidated,2024061401910,2024,061401910,1,9,-1,-1,-1,-1,-1,-1,-1,-1,-1,0,-1,1,6,1,-1,-1,-1,-1,-1,-1,-1,-1,-1,0
Unvalidated,2024061402071,2024,061402071,1,9,-1,-1,-1,-1,-1,-1,-1,-1,-1,0,-1,1,6,1,-1,-1,-1,-1,-1,-1,-1,-1,-1,0
Unvalidated,2024061402071,2024,061402071,2,9,-1,-1,-1,-1,-1,-1,-1,-1,-1,0,-1,1,6,2,34,6,-1,-1,-1,-1,-1,-1,-1,0
Unvalidated,2024061402106,2024,061402106,1,9,0,18,-1,-1,0,0,0,0,0,0,-1,1,6,3,-1,-1,-1,-1,-1,-1,-1,-1,-1,0
Unvalidated,2024061402106,2024,061402106,2,9,0,3,3,7,0,0,0,0,0,0,3,1,6,1,53,8,-1,-1,-1,-1,2,1,E01024863,0
Unvalidated,2024061402106,2024,061402106,3,9,0,3,3,7,0,0,0,0,0,0,2,1,6,1,55,8,-1,-1,-1,-1,2,1,E01005504,0
Unvalidated,2024061402291,2024,061402291,1,9,0,18,5,1,0,0,0,0,0,0,1,1,6,1,70,10,-1,-1,-1,-1,2,1,E01005279,0
Unvalidated,2024061402297,2024,061402297,1,9,0,18,6,2,0,1,0,0,0,0,1,1,6,1,47,8,-1,-1,-1,-1,4,1,E01006186,0
Unvalidated,2024061402297,2024,061402297,2,9,0,9,3,8,0,1,0,0,0,0,1,1,1,1,29,6,-1,-1,-1,-1,8,3,E01005571,0
Unvalidated,2024061402399,2024,061402399,1,19,0,18,5,3,0,8,0,0,0,0,1,1,1,1,35,6,-1,-1,-1,-1,-1,-1,-1,0
Unvalidated,2024061402399,2024,061402399,2,1,0,18,3,7,0,8,0,0,0,0,2,1,1,1,19,4,-1,-1,-1,-1,-1,-1,-1,0
Unvalidated,2024061402703,2024,061402703,1,19,0,18,5,1,0,1,0,0,0,0,4,2,5,1,58,9,-1,-1,-1,-1,1,1,E01004861,0
Unvalidated,2024061402764,2024,061402764,1,9,0,2,6,7,0,0,0,0,0,0,3,1,6,2,72,10,-1,-1,-1,-1,8,1,E01005995,0
Unvalidated,2024061402764,2024,061402764,2,1,0,18,5,8,0,0,5,0,0,0,1,1,6,1,40,7,-1,-1,-1,-1,1,1,E01005097,0