status,collision_index,collision_year,collision_reference,vehicle_reference,vehicle_type,towing_and_articulation,vehicle_manoeuvre,vehicle_direction_from,vehicle_direction_to,vehicle_location_restricted_lane,junction_location,skidding_and_overturning,hit_object_in_carriageway,vehicle_leaving_carriageway,hit_object_off_carriageway,first_point_of_impact,vehicle_left_hand_drive,journey_purpose_of_driver,sex_of_driver,age_of_driver,age_band_of_driver,engine_capacity_cc,propulsion_code,age_of_vehicle,generic_make_model,driver_imd_decile,driver_home_area_type,lsoa_of_driver,escooter_flag
Unvalidated,2024061402856,2024,061402856,1,9,0,18,8,4,0,0,0,0,0,0,1,1,1,1,62,9,-1,-1,-1,-1,2,1,E01004969,0
Unvalidated,2024061403082,2024,061403082,1,9,0,18,3,7,0,2,0,0,0,0,0,1,6,3,-1,-1,-1,-1,-1,-1,-1,-1,-1,0
Unvalidated,2024061403082,2024,061403082,2,1,0,18,3,7,0,6,0,0,0,0,1,1,6,2,23,5,-1,-1,-1,-1,-1,-1,-1,0
Unvalidated,2024061403099,2024,061403099,1,9,0,18,8,4,0,0,0,0,0,0,1,1,1,1,44,7,-1,-1,-1,-1,2,1,E01005008,0
Unvalidated,2024061403106,2024,061403106,1,19,0,-1,2,7,-1,5,0,0,0,0,1,1,-1,1,26,6,-1,-1,-1,-1,1,1,E01005564,0
Unvalidated,2024061403302,2024,061403302,1,9,0,9,1,5,0,5,0,0,0,0,1,1,2,1,24,5,-1,-1,-1,-1,1,1,E01005196,0
Unvalidated,2024061403302,2024,061403302,2,3,0,18,5,1,0,1,0,0,0,0,1,1,5,1,-1,-1,-1,-1,-1,-1,10,1,E01019756,0
Unvalidated,2024061403307,2024,061403307,1,9,0,18,8,4,0,0,0,0,8,0,1,1,6,3,-1,-1,-1,-1,-1,-1,-1,-1,-1,0
Unvalidated,2024061403339,2024,061403339,1,9,0,18,7,3,0,1,0,0,1,0,1,1,6,3,-1,-1,-1,-1,-1,-1,-1,-1,-1,0
Unvalidated,2024061403339,2024,061403339,2,8,0,18,5,1,0,8,0,0,0,0,4,1,5,1,48,8,-1,-1,-1,-1,1,1,E01005129,0
Unvalidated,2024061403339,2024,061403339,3,9,0,18,3,7,0,1,0,0,0,0,0,1,5,1,31,6,-1,-1,-1,-1,1,1,E01005108,0
Unvalidated,2024061403411,2024,061403411,1,9,0,18,1,5,0,0,0,0,0,0,1,1,6,3,-1,-1,-1,-1,-1,-1,-1,-1,-1,0
Unvalidated,2024061403411,2024,061403411,2,9,0,12,1,5,0,0,0,0,0,0,3,1,1,1,33,6,-1,-1,-1,-1,-1,-1,-1,0
Unvalidated,2024061403411,2024,061403411,3,9,0,2,0,0,0,0,0,0,0,0,3,1,1,1,27,6,-1,-1,-1,-1,-1,-1,-1,0
Unvalidated,2024061403429,2024,061403429,1,8,0,18,8,4,0,8,0,0,0,0,1,1,1,1,50,8,-1,-1,-1,-1,1,1,E01005142,0
Unvalidated,2024061403429,2024,061403429,2,90,0,9,1,6,0,8,0,0,0,0,3,1,1,2,23,5,-1,-1,-1,-1,5,1,E01006180,1
Unvalidated,2024061403481,2024,061403481,1,9,0,18,1,5,0,0,0,4,7,0,1,1,6,3,-1,-1,-1,-1,-1,-1,-1,-1,-1,0
Unvalidated,2024061403481,2024,061403481,2,9,0,18,5,1,0,0,0,0,7,0,1,1,6,1,28,6,-1,-1,-1,-1,-1,-1,-1,0
Unvalidated,2024061403481,2024,061403481,3,9,0,2,0,0,9,0,0,4,0,0,1,1,6,3,-1,-1,-1,-1,-1,-1,-1,-1,-1,0
Unvalidated,2024061403481,2024,061403481,4,9,0,18,5,1,0,0,0,0,0,0,0,1,2,1,33,6,-1,-1,-1,-1,-1,-1,-1,0
Unvalidated,2024061403576,2024,061403576,1,9,0,18,8,4,0,8,0,0,0,0,1,1,5,1,47,8,-1,-1,-1,-1,6,1,E01006157,0
Unvalidated,2024061403576,2024,061403576,2,1,0,18,5,1,0,8,1,0,0,0,4,1,2,1,23,5,-1,-1,-1,-1,6,1,E01006157,0
Unvalidated,2024061403601,2024,061403601,1,9,0,18,1,5,0,0,0,0,0,0,1,1,5,1,42,7,-1,-1,-1,-1,1,1,E01004869,0
Unvalidated,2024061403601,2024,061403601,2,9,0,18,5,1,0,0,0,0,0,0,1,2,6,1,19,4,-1,-1,-1,-1,4,1,E01006839,0
Unvalidated,2024061403601,2024,061403601,3,9,0,18,1,5,0,0,0,0,0,0,0,2,5,1,25,5,-1,-1,-1,-1,4,1,E01005730,0
Unvalidated,2024061403601,2024,061403601,4,9,0,18,1,5,0,0,0,0,0,0,0,1,5,1,36,7,-1,-1,-1,-1,1,1,E01004927,0
Unvalidated,2024061403652,2024,061403652,1,9,-1,-1,-1,-1,-1,0,-1,-1,-1,0,-1,1,6,3,-1,-1,-1,-1,-1,-1,-1,-1,-1,0
Unvalidated,2024061403652,2024,061403652,2,90,-1,-1,-1,-1,-1,0,-1,-1,-1,0,-1,1,6,1,-1,-1,-1,-1,-1,-1,1,1,E01005681,0
Unvalidated,2024061403714,2024,061403714,1,9,0,9,4,1,0,5,0,0,0,0,1,1,6,2,38,7,-1,-1,-1,-1,-1,-1,-1,0
Unvalidated,2024061403719,2024,061403719,1,9,0,18,5,3,0,2,0,0,0,0,1,1,1,1,30,6,-1,-1,-1,-1,1,1,E01004853,0
Unvalidated,2024061403756,2024,061403756,1,9,0,18,7,3,0,0,0,0,0,0,1,1,2,1,59,9,-1,-1,-1,-1,4,1,E01005834,0
Unvalidated,2024061403757,2024,061403757,1,20,0,18,7,3,0,0,0,0,0,0,1,1,6,1,-1,-1,-1,-1,-1,-1,-1,-1,-1,0
Unvalidated,2024061403757,2024,061403757,2,98,0,2,0,0,0,0,0,0,0,0,3,1,1,1,34,6,-1,-1,-1,-1,3,1,E01005208,0
Unvalidated,2024061403860,2024,061403860,1,9,0,18,6,2,0,0,2,0,2,4,1,1,5,1,34,6,-1,-1,-1,-1,1,1,E01008122,0
Unvalidated,2024061403870,2024,061403870,1,98,0,7,6,8,0,2,0,0,0,0,1,1,6,3,-1,-1,-1,-1,-1,-1,-1,-1,-1,0
Unvalidated,2024061403870,2024,061403870,2,1,-1,9,8,6,0,1,0,0,0,0,1,1,2,1,51,8,-1,-1,-1,-1,8,2,E01019734,0
Unvalidated,2024061403878,2024,061403878,1,9,0,18,7,3,0,0,0,0,0,0,1,1,1,1,54,8,-1,-1,-1,-1,8,1,E01005770,0
Unvalidated,2024061403894,2024,061403894,1,9,0,4,8,2,0,1,0,0,0,0,1,1,6,3,-1,-1,-1,-1,-1,-1,-1,-1,-1,0
Unvalidated,2024061403894,2024,061403894,2,9,0,3,8,5,0,1,0,0,0,0,2,1,2,1,40,7,-1,-1,-1,-1,5,1,E01005520,0
Unvalidated,2024061403926,2024,061403926,1,19,0,18,8,4,0,8,0,0,0,0,1,1,6,3,-1,-1,-1,-1,-1,-1,-1,-1,-1,0
Unvalidated,2024061403926,2024,061403926,2,9,0,2,0,0,0,8,0,0,0,0,2,1,6,2,47,8,-1,-1,-1,-1,-1,-1,-1,0
Unvalidated,2024061403941,2024,061403941,1,9,0,18,6,2,0,0,0,0,0,0,0,1,3,3,-1,-1,-1,-1,-1,-1,-1,-1,-1,0
Unvalidated,2024061403941,2024,061403941,2,1,0,18,6,2,0,0,0,0,0,0,0,1,3,1,15,3,-1,-1,-1,-1,1,1,E01005119,0
Unvalidated,2024061404010,2024,061404010,1,19,0,18,1,5,0,0,0,0,0,0,1,1,1,1,69,10,-1,-1,-1,-1,1,1,E01005706,0
Unvalidated,2024061404010,2024,061404010,2,9,0,18,1,5,0,0,0,0,0,0,2,1,5,1,79,11,-1,-1,-1,-1,8,1,E01025056,0
Unvalidated,2024061404053,2024,061404053,1,9,0,18,3,7,0,0,0,0,0,0,4,1,6,1,-1,-1,-1,-1,-1,-1,-1,-1,-1,0
Unvalidated,2024061404059,2024,061404059,1,9,0,9,8,6,0,5,0,0,0,0,1,1,5,1,37,7,-1,-1,-1,-1,8,1,E01004984,0
Unvalidated,2024061404076,2024,061404076,1,9,0,18,2,6,0,0,0,0,0,0,1,1,5,1,74,10,-1,-1,-1,-1,6,3,E01026781,0
Unvalidated,2024061404076,2024,061404076,2,9,0,18,6,2,0,0,0,0,0,0,1,1,5,3,20,4,-1,-1,-1,-1,-1,-1,-1,0
Unvalidated,2024061404144,2024,061404144,1,9,-1,-1,-1,-1,-1,-1,-1,-1,-1,0,-1,1,6,1,58,9,-1,-1,-1,-1,2,1,E01005207,0
Unvalidated,2024061404160,2024,061404160,1,9,0,9,-1,-1,0,0,0,0,0,0,0,1,6,3,-1,-1,-1,-1,-1,-1,-1,-1,-1,0
Unvalidated,2024061404160,2024,061404160,2,3,0,18,-1,-1,0,0,0,0,0,0,1,1,6,3,62,9,-1,-1,-1,-1,6,1,E01004882,0
Unvalidated,2024061404183,2024,061404183,1,9,-1,-1,-1,-1,-1,0,-1,-1,-1,0,-1,1,6,3,-1,-1,-1,-1,-1,-1,-1,-1,-1,0
Unvalidated,2024061404183,2024,061404183,2,9,-1,-1,-1,-1,-1,0,-1,-1,-1,0,-1,1,6,3,45,7,-1,-1,-1,-1,9,1,E01006319,0
Unvalidated,2024061404186,2024,061404186,1,9,-1,-1,-1,-1,-1,0,-1,-1,-1,0,-1,1,6,2,-1,-1,-1,-1,-1,-1,-1,-1,-1,0
Unvalidated,2024061404186,2024,061404186,2,98,-1,-1,-1,-1,-1,0,-1,-1,-1,0,-1,1,6,1,-1,-1,-1,-1,-1,-1,-1,-1,-1,0
Unvalidated,2024061404186,2024,061404186,3,98,-1,-1,-1,-1,-1,0,-1,-1,-1,0,-1,1,2,1,32,6,-1,-1,-1,-1,3,1,E01006020,0
Unvalidated,2024061404217,2024,061404217,1,9,-1,18,-1,-1,0,0,0,0,0,0,-1,1,6,3,-1,-1,-1,-1,-1,-1,-1,-1,-1,0
Unvalidated,2024061404346,2024,061404346,1,8,0,18,3,8,0,1,0,0,1,0,1,1,1,1,31,6,-1,-1,-1,-1,1,1,E01005682,0
Unvalidated,2024061404346,2024,061404346,2,9,0,5,1,7,0,1,0,0,1,0,1,1,6,1,41,7,-1,-1,-1,-1,1,1,E01005196,0
Unvalidated,2024061404537,2024,061404537,1,5,0,13,5,1,0,0,1,10,8,3,1,1,6,1,51,8,-1,-1,-1,-1,10,1,E01004807,0
Unvalidated,2024061404537,2024,061404537,2,9,0,18,5,1,0,0,0,0,0,0,0,1,2,1,51,8,-1,-1,-1,-1,-1,-1,-1,0
Unvalidated,2024061404549,2024,061404549,1,9,0,3,2,8,0,2,0,0,0,0,1,1,5,2,34,6,-1,-1,-1,-1,8,1,E01005880,0
Unvalidated,2024061404549,2024,061404549,2,9,0,18,7,2,0,6,0,0,0,0,3,1,5,2,42,7,-1,-1,-1,-1,3,1,E01006007,0
Unvalidated,2024061404617,2024,061404617,1,9,0,18,1,4,0,1,0,0,0,0,1,1,6,3,18,4,-1,-1,-1,-1,-1,-1,-1,0
Unvalidated,2024061404763,2024,061404763,1,9,0,18,5,1,0,1,0,0,0,0,1,1,6,1,39,7,-1,-1,-1,-1,10,1,E01005814,0
Unvalidated,2024061404812,2024,061404812,1,21,1,12,1,5,0,0,0,0,0,0,2,1,1,1,42,7,-1,-1,-1,-1,4,1,E01012460,0
Unvalidated,2024061404812,2024,061404812,2,9,0,18,1,5,0,0,1,0,0,0,1,1,5,1,49,8,-1,-1,-1,-1,3,1,E01005480,0
Unvalidated,2024061404879,2024,061404879,1,9,-1,-1,-1,-1,-1,-1,-1,-1,-1,0,-1,1,6,2,-1,-1,-1,-1,-1,-1,1,1,E01005486,0
Unvalidated,2024061404915,2024,061404915,1,9,0,18,2,6,0,1,0,0,0,0,1,1,6,2,39,7,-1,-1,-1,-1,2,1,E01006326,0
Unvalidated,2024061404915,2024,061404915,2,1,0,18,8,4,0,8,0,0,0,0,4,1,6,2,59,9,-1,-1,-1,-1,2,1,E01006326,0
Unvalidated,2024061404954,2024,061404954,1,3,0,18,7,3,0,1,0,0,0,0,1,1,5,1,15,3,-1,-1,-1,-1,1,1,E01004787,0
Unvalidated,2024061404954,2024,061404954,2,9,0,18,5,1,0,1,0,0,0,0,4,1,5,1,44,7,-1,-1,-1,-1,1,1,E01004794,0
Unvalidated,2024061404963,2024,061404963,1,9,0,18,4,8,0,8,0,0,0,0,1,1,5,2,74,10,-1,-1,-1,-1,8,1,E01006100,0
Unvalidated,2024061404963,2024,061404963,2,9,0,18,4,8,0,8,0,0,0,0,2,1,5,2,55,8,-1,-1,-1,-1,-1,-1,-1,0
Unvalidated,2024061404963,2024,061404963,3,9,0,10,4,2,0,8,0,0,0,0,2,1,5,1,47,8,-1,-1,-1,-1,8,1,E01006138,0
Unvalidated,2024061405065,2024,061405065,1,9,0,18,5,1,0,1,2,10,1,1,1,1,5,1,53,8,-1,-1,-1,-1,4,1,E01004986,0
Unvalidated,2024061405143,2024,061405143,1,4,0,15,3,7,0,0,0,0,0,0,1,1,2,1,26,6,-1,-1,-1,-1,9,1,E01005545,0
Unvalidated,2024061405143,2024,061405143,2,9,0,7,3,7,0,0,0,0,1,0,4,1,2,2,45,7,-1,-1,-1,-1,-1,-1,-1,0
Unvalidated,2024061405149,2024,061405149,1,11,0,18,6,2,0,1,0,0,0,0,1,1,1,1,39,7,-1,-1,-1,-1,1,1,E01005292,0
Unvalidated,2024061405181,2024,061405181,1,9,0,10,1,3,0,1,0,0,0,0,3,1,1,1,47,8,-1,-1,-1,-1,1,1,E01005189,0
Unvalidated,2024061405181,2024,061405181,2,1,0,18,3,7,0,8,0,0,0,0,4,1,6,1,43,7,-1,-1,-1,-1,1,1,E01005239,0
Unvalidated,2024061405320,2024,061405320,1,9,0,9,2,6,0,5,0,0,0,0,4,1,6,3,18,4,-1,-1,-1,-1,-1,-1,-1,0
Unvalidated,2024061405320,2024,061405320,2,3,0,18,5,1,0,8,0,0,0,0,1,1,2,1,29,6,-1,-1,-1,-1,-1,-1,-1,0
Unvalidated,2024061405342,2024,061405342,1,21,0,5,7,3,0,1,0,0,0,0,1,1,1,1,32,6,-1,-1,-1,-1,2,1,E01024902,0
Unvalidated,2024061405342,2024,061405342,2,22,0,18,1,5,0,8,0,0,0,0,3,1,5,2,63,9,-1,-1,-1,-1,-1,-1,-1,0
Unvalidated,2024061405355,2024,061405355,1,8,0,18,7,3,0,0,1,0,0,0,1,1,1,1,38,7,-1,-1,-1,-1,1,1,E01005497,0
Unvalidated,2024061405355,2024,061405355,2,11,0,18,3,7,0,0,0,0,0,0,1,1,1,1,43,7,-1,-1,-1,-1,1,1,E01004787,0
Unvalidated,2024061405390,2024,061405390,1,10,0,18,5,1,0,0,0,0,0,0,1,1,2,1,41,7,-1,-1,-1,-1,2,1,E01004948,0
Unvalidated,2024061405390,2024,061405390,2,9,0,18,5,1,0,0,0,0,0,0,2,1,6,1,26,6,-1,-1,-1,-1,7,1,E01025362,0
Unvalidated,2024061405390,2024,061405390,3,9,0,18,5,1,0,0,0,0,0,0,1,1,2,1,37,7,-1,-1,-1,-1,1,1,E01033231,0
Unvalidated,2024061405390,2024,061405390,4,9,0,18,5,1,0,0,0,0,0,0,1,1,6,1,22,5,-1,-1,-1,-1,6,2,E01025351,0
Unvalidated,2024061405390,2024,061405390,5,9,0,18,5,1,0,0,0,0,0,0,1,1,6,1,68,10,-1,-1,-1,-1,10,1,E01025353,0
Unvalidated,2024061405693,2024,061405693,1,11,0,4,3,7,0,0,0,11,0,0,1,1,1,1,33,6,-1,-1,-1,-1,1,1,E01005758,0
Unvalidated,2024061405733,2024,061405733,1,9,0,7,3,4,0,1,0,0,0,0,1,1,2,1,35,6,-1,-1,-1,-1,9,1,E01005049,0
Unvalidated,2024061405733,2024,061405733,3,1,0,18,1,5,0,1,0,0,0,0,1,1,2,1,49,8,-1,-1,-1,-1,2,1,E01006033,0
Unvalidated,2024061405736,2024,061405736,1,8,0,18,5,1,0,0,0,0,0,0,4,1,1,1,46,8,-1,-1,-1,-1,2,1,E01005222,0
Unvalidated,2024061405736,2024,061405736,2,5,0,18,5,1,0,0,2,0,1,0,3,1,6,1,42,7,-1,-1,-1,-1,3,1,E01005603,0
Unvalidated,2024061405743,2024,061405743,1,9,0,18,3,7,0,0,0,0,0,0,4,1,1,1,41,7,-1,-1,-1,-1,3,1,E01010571,0
Unvalidated,2024061405945,2024,061405945,1,9,0,10,4,2,0,5,0,10,0,0,1,1,1,1,45,7,-1,-1,-1,-1,1,1,E01005463,0
Unvalidated,2024061405945,2024,061405945,2,9,0,18,7,4,0,1,0,0,0,0,1,1,6,1,53,8,-1,-1,-1,-1,1,1,E01005539,0
Unvalidated,2024061405990,2024,061405990,1,9,0,9,3,1,0,6,0,0,0,0,2,1,6,1,76,11,-1,-1,-1,-1,8,1,E01004915,0
Unvalidated,2024061405990,2024,061405990,2,5,0,18,5,1,0,8,0,0,0,0,1,1,6,1,60,9,-1,-1,-1,-1,9,1,E01004968,0
Unvalidated,2024061406062,2024,061406062,1,9,0,7,1,3,0,8,0,0,0,0,4,1,5,2,22,5,-1,-1,-1,-1,-1,-1,-1,0
Unvalidated,2024061406062,2024,061406062,2,1,0,18,1,5,0,1,5,0,0,0,3,1,5,1,72,10,-1,-1,-1,-1,-1,-1,-1,0
Unvalidated,2024061406072,2024,061406072,1,9,0,18,5,1,0,0,1,0,0,0,1,1,6,3,30,6,-1,-1,-1,-1,-1,-1,-1,0
Unvalidated,2024061406136,2024,061406136,1,9,0,9,3,1,0,5,0,0,0,0,3,1,5,1,78,11,-1,-1,-1,-1,1,1,E01004802,0
Unvalidated,2024061406136,2024,061406136,2,5,0,18,7,3,0,1,1,0,0,0,1,1,5,1,25,5,-1,-1,-1,-1,4,1,E01004993,0
Unvalidated,2024061406147,2024,061406147,1,9,0,7,4,8,9,8,0,0,0,0,1,1,6,1,35,6,-1,-1,-1,-1,-1,-1,-1,0
Unvalidated,2024061406147,2024,061406147,2,9,0,7,4,8,0,1,0,0,0,0,3,1,5,2,43,7,-1,-1,-1,-1,2,1,E01033668,0
Unvalidated,2024061406236,2024,061406236,1,9,0,18,3,7,0,1,0,0,0,0,4,1,5,2,26,6,-1,-1,-1,-1,6,1,E01005083,0
Unvalidated,2024061406236,2024,061406236,2,9,0,18,5,1,0,8,0,0,0,0,1,1,6,1,91,11,-1,-1,-1,-1,8,1,E01005770,0
Unvalidated,2024061406265,2024,061406265,1,9,0,5,6,2,0,0,0,0,0,0,1,1,6,1,45,7,-1,-1,-1,-1,-1,-1,-1,0
Unvalidated,2024061406265,2024,061406265,2,9,0,18,6,2,0,0,0,0,0,0,1,1,6,2,41,7,-1,-1,-1,-1,-1,1,-1,0
Unvalidated,2024061406330,2024,061406330,1,9,0,18,6,5,0,1,0,0,0,0,1,1,6,2,-1,-1,-1,-1,-1,-1,2,1,E01006241,0
Unvalidated,2024061406346,2024,061406346,1,9,0,18,3,7,0,1,0,0,0,0,1,1,6,2,43,7,-1,-1,-1,-1,4,1,E01005895,0
Unvalidated,2024061406346,2024,061406346,2,9,0,18,5,1,0,8,0,0,0,0,3,1,6,2,-1,-1,-1,-1,-1,-1,1,1,E01005106,0
Unvalidated,2024061406372,2024,061406372,1,9,0,7,1,3,0,1,0,0,0,0,4,1,6,1,28,6,-1,-1,-1,-1,6,1,E01005969,0
Unvalidated,2024061406391,2024,061406391,1,8,0,9,1,7,0,6,0,0,0,0,1,1,1,1,46,8,-1,-1,-1,-1,1,1,E01012657,0
Unvalidated,2024061406567,2024,061406567,1,9,0,18,5,8,0,2,0,0,3,0,4,1,5,2,20,4,-1,-1,-1,-1,4,1,E01005286,0
Unvalidated,2024061406567,2024,061406567,2,9,0,18,6,7,0,1,0,0,0,0,1,1,5,1,29,6,-1,-1,-1,-1,4,1,E01012481,0
Unvalidated,2024061406600,2024,061406600,1,8,0,18,6,3,0,0,5,0,1,7,1,1,1,1,65,9,-1,-1,-1,-1,5,1,E01006593,0
Unvalidated,2024061406645,2024,061406645,1,8,0,9,7,3,0,6,0,0,0,0,3,1,1,1,30,6,-1,-1,-1,-1,-1,-1,-1,0
Unvalidated,2024061406645,2024,061406645,2,3,0,18,5,1,0,8,2,0,0,0,4,1,2,1,23,5,-1,-1,-1,-1,4,1,E01006049,0
Unvalidated,2024061406659,2024,061406659,1,9,-1,14,-1,-1,0,-1,0,0,0,0,4,1,6,3,-1,-1,-1,-1,-1,-1,-1,-1,-1,0
Unvalidated,2024061406659,2024,061406659,2,19,0,7,1,3,0,8,0,0,0,0,1,1,2,1,59,9,-1,-1,-1,-1,5,1,E01025360,0
Unvalidated,2024061406672,2024,061406672,1,9,-1,-1,-1,-1,-1,0,-1,-1,-1,0,-1,1,6,2,-1,-1,-1,-1,-1,-1,-1,-1,-1,0
Unvalidated,2024061406689,2024,061406689,1,9,0,18,5,1,0,1,0,0,0,0,-1,1,6,2,-1,-1,-1,-1,-1,-1,-1,-1,-1,0
Unvalidated,2024061406696,2024,061406696,1,9,-1,-1,-1,-1,-1,-1,-1,-1,-1,0,-1,1,6,3,-1,-1,-1,-1,-1,-1,-1,-1,-1,0
Unvalidated,2024061406696,2024,061406696,2,9,-1,-1,-1,-1,-1,-1,-1,-1,-1,0,-1,1,6,3,48,8,-1,-1,-1,-1,6,1,E01004833,0
Unvalidated,2024061406756,2024,061406756,1,9,-1,18,5,1,0,-1,0,0,0,0,1,1,6,3,-1,-1,-1,-1,-1,-1,-1,-1,-1,0
Unvalidated,2024061406756,2024,061406756,2,9,0,18,5,1,0,-1,0,0,0,0,2,1,6,1,39,7,-1,-1,-1,-1,1,1,E01004870,0
Unvalidated,2024061406767,2024,061406767,1,9,-1,-1,-1,-1,-1,0,-1,-1,-1,0,-1,1,6,2,-1,-1,-1,-1,-1,-1,1,1,E01006288,0
Unvalidated,2024061406767,2024,061406767,2,9,0,-1,-1,-1,-1,0,-1,-1,-1,0,1,1,2,2,65,9,-1,-1,-1,-1,6,3,E01010952,0
Unvalidated,2024061406775,2024,061406775,1,9,0,9,2,4,0,6,0,0,0,0,3,1,6,1,29,6,-1,-1,-1,-1,-1,-1,-1,0
Unvalidated,2024061406775,2024,061406775,2,9,0,18,8,4,0,8,0,0,0,0,1,1,6,1,32,6,-1,-1,-1,-1,1,1,E01005132,0
Unvalidated,2024061406775,2024,061406775,3,9,-1,18,8,4,0,8,0,0,0,0,0,1,6,3,-1,-1,-1,-1,-1,-1,-1,-1,-1,0
Unvalidated,2024061406798,2024,061406798,1,98,-1,5,-1,-1,0,0,0,0,0,0,1,1,6,3,-1,-1,-1,-1,-1,-1,-1,-1,-1,0
Unvalidated,2024061406798,2024,061406798,2,1,0,18,-1,-1,0,0,0,0,0,0,0,1,6,3,53,8,-1,-1,-1,-1,7,1,E01005642,0
Unvalidated,2024061406807,2024,061406807,1,9,0,18,3,7,0,0,0,0,0,0,3,1,2,2,48,8,-1,-1,-1,-1,1,1,E01014254,0
Unvalidated,2024061406807,2024,061406807,2,9,0,18,7,3,0,0,0,0,0,0,3,1,6,2,23,5,-1,-1,-1,-1,10,1,E01012486,0
Unvalidated,2024061406868,2024,061406868,1,9,0,1,5,6,0,1,0,0,0,0,4,1,6,1,39,7,-1,-1,-1,-1,1,1,E01005183,0
Unvalidated,2024061406868,2024,061406868,2,9,0,18,2,6,0,1,0,0,0,0,1,1,6,2,78,11,-1,-1,-1,-1,9,1,E01006076,0
Unvalidated,2024061406868,2024,061406868,3,9,0,18,8,4,0,1,0,0,0,0,1,1,6,1,32,6,-1,-1,-1,-1,8,1,E01006210,0
Unvalidated,2024061406881,2024,061406881,1,9,0,9,2,8,0,8,0,0,0,0,1,1,5,1,42,7,-1,-1,-1,-1,5,1,E01005646,0
Unvalidated,2024061406984,2024,061406984,1,9,0,18,7,3,0,2,0,0,0,0,0,1,6,2,78,11,-1,-1,-1,-1,2,1,E01006185,0
Unvalidated,2024061407019,2024,061407019,1,9,0,7,1,7,9,0,0,0,7,0,1,1,6,1,16,4,-1,-1,-1,-1,2,1,E01006214,0
Unvalidated,2024061407019,2024,061407019,2,9,0,18,1,7,0,0,0,0,0,0,0,1,1,1,39,7,-1,-1,-1,-1,1,1,E01005108,0
Unvalidated,2024061407042,2024,061407042,1,9,0,18,3,7,0,0,0,0,0,0,3,1,6,2,46,8,-1,-1,-1,-1,2,1,E01006322,0
Unvalidated,2024061407066,2024,061407066,1,19,0,7,7,1,0,8,0,0,0,0,4,1,6,3,-1,-1,-1,-1,-1,-1,-1,-1,-1,0
Unvalidated,2024061407066,2024,061407066,2,11,0,18,7,3,2,8,0,0,0,0,3,1,1,1,47,8,-1,-1,-1,-1,3,1,E01006260,0
Unvalidated,2024061407195,2024,061407195,1,9,0,9,1,7,0,8,0,0,0,0,4,1,6,1,21,5,-1,-1,-1,-1,9,1,E01004784,0
Unvalidated,2024061407198,2024,061407198,1,9,0,18,1,5,0,8,0,0,0,0,1,1,5,1,64,9,-1,-1,-1,-1,3,1,E01006340,0
Unvalidated,2024061407224,2024,061407224,1,9,0,18,1,1,0,1,0,0,0,0,1,2,6,3,30,6,-1,-1,-1,-1,-1,-1,-1,0
Unvalidated,2024061407224,2024,061407224,2,1,0,18,1,1,0,1,0,0,0,0,1,1,6,1,33,6,-1,-1,-1,-1,9,1,E01006173,0
Unvalidated,2024061407252,2024,061407252,1,9,0,18,5,1,0,8,0,0,0,0,1,1,6,1,47,8,-1,-1,-1,-1,1,1,E01005196,0
Unvalidated,2024061407252,2024,061407252,2,9,0,18,7,3,0,8,0,0,0,0,3,1,6,2,33,6,-1,-1,-1,-1,1,1,E01005129,0
Unvalidated,2024061407373,2024,061407373,1,9,0,9,5,3,0,8,0,0,0,0,1,1,2,2,43,7,-1,-1,-1,-1,8,1,E01005329,0
Unvalidated,2024061407438,2024,061407438,1,1,0,18,7,3,0,8,0,0,0,0,1,1,6,1,35,6,-1,-1,-1,-1,-1,-1,-1,0
Unvalidated,2024061407488,2024,061407488,1,9,0,-1,-1,-1,-1,-1,-1,-1,-1,0,-1,1,6,1,-1,-1,-1,-1,-1,-1,-1,-1,-1,0
Unvalidated,2024061407488,2024,061407488,2,1,-1,-1,-1,-1,-1,-1,-1,-1,-1,0,-1,1,6,1,28,6,-1,-1,-1,-1,2,1,E01033675,0
Unvalidated,2024061407537,2024,061407537,1,9,-1,-1,-1,-1,-1,-1,-1,-1,-1,0,-1,1,6,1,-1,-1,-1,-1,-1,-1,-1,-1,-1,0
Unvalidated,2024061407537,2024,061407537,2,1,-1,-1,-1,-1,-1,-1,-1,-1,-1,0,-1,1,6,1,37,7,-1,-1,-1,-1,2,1,E01005302,0
Unvalidated,2024061407575,2024,061407575,1,9,0,18,1,5,0,1,1,7,0,0,1,1,6,1,42,7,-1,-1,-1,-1,4,1,E01005231,0
Unvalidated,2024061407575,2024,061407575,2,9,0,18,1,5,0,1,1,0,1,0,2,1,2,1,28,6,-1,-1,-1,-1,1,1,E01005272,0
Unvalidated,2024061407601,2024,061407601,1,8,0,-1,-1,-1,-1,-1,0,-1,0,0,1,1,6,1,-1,-1,-1,-1,-1,-1,3,1,E01005161,0
Unvalidated,2024061407601,2024,061407601,2,1,0,9,-1,-1,0,-1,-1,-1,-1,0,1,1,6,1,53,8,-1,-1,-1,-1,4,1,E01005295,0
Unvalidated,2024061407630,2024,061407630,1,9,0,8,7,1,0,6,0,0,0,0,1,1,5,1,80,11,-1,-1,-1,-1,-1,-1,-1,0
Unvalidated,2024061407630,2024,061407630,2,1,-1,-1,-1,-1,-1,-1,-1,-1,-1,0,-1,1,6,1,13,3,-1,-1,-1,-1,-1,-1,-1,0
Unvalidated,2024061407729,2024,061407729,1,11,0,18,1,5,0,2,0,0,0,0,1,1,1,3,-1,-1,-1,-1,-1,-1,-1,-1,-1,0
Unvalidated,2024061407749,2024,061407749,1,9,0,9,4,3,0,6,0,0,0,0,1,1,5,2,30,6,-1,-1,-1,-1,2,1,E01004959,0
Unvalidated,2024061407749,2024,061407749,2,9,0,18,7,3,0,8,0,0,0,0,3,1,1,1,56,9,-1,-1,-1,-1,1,1,E01005108,0