status,collision_index,collision_year,collision_reference,vehicle_reference,vehicle_type,towing_and_articulation,vehicle_manoeuvre,vehicle_direction_from,vehicle_direction_to,vehicle_location_restricted_lane,junction_location,skidding_and_overturning,hit_object_in_carriageway,vehicle_leaving_carriageway,hit_object_off_carriageway,first_point_of_impact,vehicle_left_hand_drive,journey_purpose_of_driver,sex_of_driver,age_of_driver,age_band_of_driver,engine_capacity_cc,propulsion_code,age_of_vehicle,generic_make_model,driver_imd_decile,driver_home_area_type,lsoa_of_driver,escooter_flag
Unvalidated,2024061407760,2024,061407760,1,9,0,18,7,3,0,0,0,0,0,0,4,1,6,1,46,8,-1,-1,-1,-1,9,3,E01006024,0
Unvalidated,2024061407789,2024,061407789,1,9,0,18,1,6,0,1,2,10,1,7,1,1,5,1,24,5,-1,-1,-1,-1,1,1,E01005473,0
Unvalidated,2024061407791,2024,061407791,1,9,0,5,7,3,0,2,0,0,1,0,1,1,2,2,33,6,-1,-1,-1,-1,7,1,E01005627,0
Unvalidated,2024061407791,2024,061407791,2,22,0,18,3,7,0,8,0,0,0,0,1,1,6,1,79,11,-1,-1,-1,-1,3,1,E01004854,0
Unvalidated,2024061407797,2024,061407797,1,9,0,18,3,7,0,0,0,0,0,0,1,1,6,3,-1,-1,-1,-1,-1,-1,-1,-1,-1,0
Unvalidated,2024061407800,2024,061407800,1,3,0,7,5,7,0,5,1,10,0,0,4,1,6,1,18,4,-1,-1,-1,-1,-1,-1,-1,0
Unvalidated,2024061407800,2024,061407800,2,9,0,7,5,7,0,5,0,0,0,0,0,1,5,1,30,6,-1,-1,-1,-1,-1,-1,-1,0
Unvalidated,2024061407830,2024,061407830,1,9,-1,-1,-1,-1,-1,2,-1,-1,-1,0,-1,1,6,3,-1,-1,-1,-1,-1,-1,-1,-1,-1,0
Unvalidated,2024061407834,2024,061407834,1,9,0,18,5,1,0,8,0,0,0,0,1,1,5,1,25,5,-1,-1,-1,-1,-1,-1,-1,0
Unvalidated,2024061407834,2024,061407834,2,9,0,9,3,5,0,8,0,0,0,0,2,1,2,2,19,4,-1,-1,-1,-1,4,1,E01006332,0
Unvalidated,2024061407921,2024,061407921,1,9,-1,11,3,7,0,8,0,0,0,0,4,1,6,1,-1,-1,-1,-1,-1,-1,7,1,E01004836,0
Unvalidated,2024061407921,2024,061407921,2,19,-1,18,3,7,0,8,0,0,0,0,3,1,6,1,51,8,-1,-1,-1,-1,10,3,E01024977,0
Unvalidated,2024061407948,2024,061407948,1,9,0,18,1,1,0,1,0,0,0,0,1,2,6,3,30,6,-1,-1,-1,-1,-1,-1,-1,0
Unvalidated,2024061407948,2024,061407948,2,9,0,18,1,1,0,1,0,0,0,0,2,2,6,1,53,8,-1,-1,-1,-1,1,1,E01005377,0
Unvalidated,2024061407961,2024,061407961,1,9,0,18,1,1,0,1,0,0,0,0,1,2,6,1,30,6,-1,-1,-1,-1,-1,-1,-1,0
Unvalidated,2024061407961,2024,061407961,2,9,0,18,1,1,0,1,0,0,0,0,1,2,6,2,29,6,-1,-1,-1,-1,8,1,E01004891,0
Unvalidated,2024061408171,2024,061408171,1,9,0,5,7,1,0,4,0,0,0,0,0,1,6,1,46,8,-1,-1,-1,-1,-1,-1,-1,0
Unvalidated,2024061408171,2024,061408171,2,1,0,18,7,5,0,2,0,0,0,0,0,1,6,1,37,7,-1,-1,-1,-1,-1,-1,-1,0
Unvalidated,2024061408217,2024,061408217,1,9,0,9,2,8,0,1,1,0,7,0,1,1,6,1,53,8,-1,-1,-1,-1,3,1,E01005215,0
Unvalidated,2024061408217,2024,061408217,2,9,0,18,8,3,0,2,0,0,0,0,1,1,6,1,61,9,-1,-1,-1,-1,7,1,E01005863,0
Unvalidated,2024061408456,2024,061408456,1,9,0,2,0,0,0,2,0,0,0,0,3,1,6,1,25,5,-1,-1,-1,-1,1,1,E01024885,0
Unvalidated,2024061408456,2024,061408456,2,9,0,18,3,7,0,1,0,8,0,0,1,1,5,2,55,8,-1,-1,-1,-1,1,1,E01005245,0
Unvalidated,2024061408655,2024,061408655,1,9,0,9,7,4,0,0,0,0,0,0,1,1,5,2,48,8,-1,-1,-1,-1,8,1,E01019722,0
Unvalidated,2024061408671,2024,061408671,1,11,0,18,7,3,0,0,0,0,1,0,0,1,1,1,34,6,-1,-1,-1,-1,2,1,E01005288,0
Unvalidated,2024061408698,2024,061408698,1,5,0,18,5,1,0,0,0,7,0,0,1,1,5,1,26,6,-1,-1,-1,-1,1,1,E01006028,0
Unvalidated,2024061408698,2024,061408698,2,9,0,18,1,5,0,0,0,0,0,0,1,1,5,2,28,6,-1,-1,-1,-1,1,1,E01005525,0
Unvalidated,2024061408749,2024,061408749,1,9,0,13,2,2,0,1,1,0,0,0,4,1,6,1,45,7,-1,-1,-1,-1,3,1,E01004932,0
Unvalidated,2024061408749,2024,061408749,2,9,0,4,3,7,0,1,0,0,0,0,3,1,1,1,29,6,-1,-1,-1,-1,1,1,E01004979,0
Unvalidated,2024061408749,2024,061408749,3,9,0,15,3,7,0,1,0,0,0,0,3,1,5,2,66,10,-1,-1,-1,-1,-1,-1,-1,0
Unvalidated,2024061408749,2024,061408749,4,9,0,18,1,5,0,2,0,0,0,0,3,1,5,1,39,7,-1,-1,-1,-1,8,1,E01004918,0
Unvalidated,2024061408749,2024,061408749,5,9,0,18,1,5,0,2,0,0,0,0,4,1,5,1,33,6,-1,-1,-1,-1,6,1,E01024859,0
Unvalidated,2024061408753,2024,061408753,1,9,0,18,1,5,0,1,0,0,0,0,1,1,6,1,100,11,-1,-1,-1,-1,-1,-1,-1,0
Unvalidated,2024061408753,2024,061408753,2,9,0,10,1,7,0,1,0,0,0,0,2,1,1,1,47,8,-1,-1,-1,-1,3,1,E01005437,0
Unvalidated,2024061408758,2024,061408758,1,9,0,7,5,7,0,1,0,0,0,0,1,1,6,3,-1,-1,-1,-1,-1,-1,-1,-1,-1,0
Unvalidated,2024061408758,2024,061408758,2,1,0,18,7,3,0,1,0,0,0,0,1,1,6,1,18,4,-1,-1,-1,-1,1,1,E01005187,0
Unvalidated,2024061408799,2024,061408799,1,9,0,18,3,7,0,0,0,0,0,0,1,1,6,1,35,6,-1,-1,-1,-1,-1,-1,-1,0
Unvalidated,2024061408813,2024,061408813,1,9,0,5,2,6,0,1,0,0,0,0,1,1,6,3,-1,-1,-1,-1,-1,-1,-1,-1,-1,0
Unvalidated,2024061408813,2024,061408813,2,8,0,18,8,4,0,1,0,0,0,0,4,1,1,3,-1,-1,-1,-1,-1,-1,-1,-1,-1,0
Unvalidated,2024061408849,2024,061408849,1,9,0,7,6,8,0,0,0,0,0,0,1,1,6,3,-1,-1,-1,-1,-1,-1,-1,-1,-1,0
Unvalidated,2024061408849,2024,061408849,2,9,0,18,8,4,0,0,0,0,0,0,1,1,6,1,24,5,-1,-1,-1,-1,3,1,E01006376,0
Unvalidated,2024061408868,2024,061408868,1,19,-1,-1,-1,-1,-1,0,-1,-1,-1,0,-1,1,5,1,49,8,-1,-1,-1,-1,1,1,E01005432,0
Unvalidated,2024061408868,2024,061408868,2,9,-1,6,5,3,0,0,0,0,0,0,3,1,5,1,23,5,-1,-1,-1,-1,2,1,E01005338,0
Unvalidated,2024061408966,2024,061408966,1,9,0,9,2,8,0,1,0,0,0,0,1,1,6,1,-1,-1,-1,-1,-1,-1,-1,-1,-1,0
Unvalidated,2024061408966,2024,061408966,2,3,0,9,4,2,0,1,0,0,0,0,3,1,5,1,27,6,-1,-1,-1,-1,3,1,E01004874,0
Unvalidated,2024061409004,2024,061409004,1,9,0,11,7,3,0,0,0,0,0,0,3,1,6,3,-1,-1,-1,-1,-1,-1,-1,-1,-1,0
Unvalidated,2024061409004,2024,061409004,2,9,0,18,7,3,0,0,0,0,0,0,4,1,6,2,45,7,-1,-1,-1,-1,1,1,E01005762,0
Unvalidated,2024061409073,2024,061409073,1,9,0,18,1,5,0,0,0,0,0,0,1,1,5,1,50,8,-1,-1,-1,-1,1,1,E01005209,0
Unvalidated,2024061409166,2024,061409166,1,9,0,3,3,3,0,0,0,0,0,0,2,1,5,1,43,7,-1,-1,-1,-1,2,1,E01005566,0
Unvalidated,2024061409166,2024,061409166,2,21,0,3,3,3,0,0,0,4,0,0,1,1,1,1,34,6,-1,-1,-1,-1,7,1,E01010760,0
Unvalidated,2024061409182,2024,061409182,1,19,0,1,8,4,0,1,0,0,0,0,2,1,6,3,-1,-1,-1,-1,-1,-1,-1,-1,-1,0
Unvalidated,2024061409182,2024,061409182,2,9,0,7,5,8,0,1,0,0,0,0,1,1,6,1,24,5,-1,-1,-1,-1,5,1,E01006142,0
Unvalidated,2024061409206,2024,061409206,1,9,0,3,-1,-1,0,0,0,0,0,0,4,1,6,3,-1,-1,-1,-1,-1,-1,-1,-1,-1,0
Unvalidated,2024061409206,2024,061409206,2,1,0,15,-1,-1,0,0,0,0,0,0,3,1,6,1,29,6,-1,-1,-1,-1,-1,-1,-1,0
Unvalidated,2024061409209,2024,061409209,1,9,-1,-1,-1,-1,-1,0,-1,-1,-1,0,-1,1,6,3,-1,-1,-1,-1,-1,-1,-1,-1,-1,0
Unvalidated,2024061409304,2024,061409304,1,90,0,-1,-1,-1,-1,-1,-1,-1,-1,0,-1,1,6,1,61,9,-1,-1,-1,-1,1,1,E01005124,1
Unvalidated,2024061409304,2024,061409304,2,9,0,-1,-1,-1,-1,-1,-1,-1,-1,0,-1,1,6,2,32,6,-1,-1,-1,-1,3,1,E01005308,0
Unvalidated,2024061409341,2024,061409341,1,9,0,-1,-1,-1,-1,0,-1,-1,-1,0,1,1,6,1,-1,-1,-1,-1,-1,-1,-1,-1,-1,0
Unvalidated,2024061409341,2024,061409341,2,1,0,-1,-1,-1,-1,0,-1,-1,-1,0,1,1,2,2,32,6,-1,-1,-1,-1,5,1,E01005035,0
Unvalidated,2024061409362,2024,061409362,1,9,0,18,6,2,0,1,0,0,0,0,1,1,6,1,18,4,-1,-1,-1,-1,3,1,E01004941,0
Unvalidated,2024061409362,2024,061409362,2,9,0,5,8,6,0,8,0,0,0,0,1,1,5,2,56,9,-1,-1,-1,-1,4,1,E01004943,0
Unvalidated,2024061409424,2024,061409424,1,9,0,18,1,5,0,0,0,0,0,0,1,1,5,1,42,7,-1,-1,-1,-1,1,1,E01005564,0
Unvalidated,2024061409463,2024,061409463,1,9,0,18,4,8,0,1,0,0,0,0,1,1,6,1,30,6,-1,-1,-1,-1,-1,-1,-1,0
Unvalidated,2024061409463,2024,061409463,2,9,0,18,4,8,0,1,0,0,0,0,2,1,6,2,36,7,-1,-1,-1,-1,3,1,E01006291,0
Unvalidated,2024061409564,2024,061409564,1,9,0,18,8,4,0,2,0,0,0,0,1,1,5,1,31,6,-1,-1,-1,-1,6,1,E01005832,0
Unvalidated,2024061409669,2024,061409669,1,9,0,1,1,1,0,1,0,0,0,0,2,2,6,3,30,6,-1,-1,-1,-1,-1,-1,-1,0
Unvalidated,2024061409669,2024,061409669,2,9,0,2,1,1,0,1,0,0,0,0,2,2,5,1,51,8,-1,-1,-1,-1,5,1,E01025522,0
Unvalidated,2024061409739,2024,061409739,1,9,-1,-1,-1,-1,0,0,0,0,0,0,1,1,6,3,-1,-1,-1,-1,-1,-1,-1,-1,-1,0
Unvalidated,2024061409739,2024,061409739,2,9,0,18,-1,-1,0,0,0,0,0,0,4,1,5,1,19,4,-1,-1,-1,-1,1,1,E01005219,0
Unvalidated,2024061409744,2024,061409744,1,9,0,-1,-1,-1,-1,-1,-1,-1,-1,0,0,1,6,3,-1,-1,-1,-1,-1,-1,-1,-1,-1,0
Unvalidated,2024061409744,2024,061409744,2,9,0,-1,-1,-1,-1,-1,-1,-1,-1,0,1,1,6,2,60,9,-1,-1,-1,-1,4,1,E01006332,0
Unvalidated,2024061409762,2024,061409762,1,1,-1,-1,-1,-1,-1,-1,-1,-1,-1,0,-1,1,6,1,27,6,-1,-1,-1,-1,3,1,E01005181,0
Unvalidated,2024061409762,2024,061409762,2,9,-1,-1,-1,-1,-1,-1,-1,-1,-1,0,-1,1,6,2,29,6,-1,-1,-1,-1,1,1,E01005077,0
Unvalidated,2024061409809,2024,061409809,1,9,0,4,1,1,0,0,0,0,0,0,0,2,5,1,55,8,-1,-1,-1,-1,1,1,E01006213,0
Unvalidated,2024061409810,2024,061409810,1,9,0,18,1,5,0,0,0,0,0,0,1,1,2,1,36,7,-1,-1,-1,-1,-1,-1,-1,0
Unvalidated,2024061409810,2024,061409810,2,9,0,18,5,1,0,0,0,0,0,0,1,1,5,2,52,8,-1,-1,-1,-1,2,1,E01005030,0
Unvalidated,2024061409818,2024,061409818,1,9,-1,-1,-1,-1,-1,-1,-1,-1,-1,0,1,1,6,3,-1,-1,-1,-1,-1,-1,-1,-1,-1,0
Unvalidated,2024061409818,2024,061409818,2,1,-1,-1,-1,-1,0,-1,-1,-1,-1,0,1,1,3,1,14,3,-1,-1,-1,-1,1,1,E01005189,0
Unvalidated,2024061409880,2024,061409880,1,9,-1,18,7,3,0,0,1,0,0,0,1,1,2,2,33,6,-1,-1,-1,-1,7,1,E01006303,0
Unvalidated,2024061409880,2024,061409880,2,9,-1,18,7,3,0,0,0,0,0,0,2,1,6,1,-1,-1,-1,-1,-1,-1,-1,-1,-1,0
Unvalidated,2024061409980,2024,061409980,1,9,0,18,7,2,0,0,0,0,7,0,1,1,6,2,41,7,-1,-1,-1,-1,10,2,E01025350,0
Unvalidated,2024061409980,2024,061409980,2,10,0,18,2,6,0,0,0,0,0,0,1,1,3,1,62,9,-1,-1,-1,-1,3,1,E01005535,0
Unvalidated,2024061410021,2024,061410021,1,9,0,18,5,1,0,8,0,0,0,0,1,1,6,1,44,7,-1,-1,-1,-1,2,1,E01005430,0
Unvalidated,2024061410021,2024,061410021,2,9,0,18,2,6,0,1,0,0,0,0,4,1,6,2,27,6,-1,-1,-1,-1,1,1,E01005353,0
Unvalidated,2024061410048,2024,061410048,1,9,0,18,5,2,0,0,1,0,1,11,3,1,5,1,19,4,-1,-1,-1,-1,3,1,E01005332,0
Unvalidated,2024061410233,2024,061410233,1,9,0,13,1,5,0,1,0,0,0,0,1,1,5,2,19,4,-1,-1,-1,-1,1,1,E01005731,0
Unvalidated,2024061410233,2024,061410233,2,8,0,18,5,1,0,1,0,0,0,0,3,1,1,1,24,5,-1,-1,-1,-1,2,1,E01004815,0
Unvalidated,2024061410305,2024,061410305,1,9,0,3,3,7,0,0,0,0,0,0,1,1,5,1,39,7,-1,-1,-1,-1,8,1,E01006130,0
Unvalidated,2024061410305,2024,061410305,2,9,0,14,7,3,0,0,0,0,8,0,1,1,2,2,55,8,-1,-1,-1,-1,10,1,E01006124,0
Unvalidated,2024061410311,2024,061410311,1,9,-1,-1,-1,-1,-1,-1,-1,-1,-1,0,-1,1,6,3,-1,-1,-1,-1,-1,-1,-1,-1,-1,0
Unvalidated,2024061410311,2024,061410311,2,9,-1,-1,-1,-1,-1,-1,-1,-1,-1,0,-1,1,6,3,-1,-1,-1,-1,-1,-1,-1,-1,-1,0
Unvalidated,2024061410331,2024,061410331,1,9,-1,-1,-1,-1,-1,-1,-1,-1,-1,0,-1,1,6,3,-1,-1,-1,-1,-1,-1,-1,-1,-1,0
Unvalidated,2024061410331,2024,061410331,2,1,-1,-1,-1,-1,-1,-1,-1,-1,-1,0,-1,1,6,1,-1,-1,-1,-1,-1,-1,3,1,E01033661,0
Unvalidated,2024061410425,2024,061410425,1,9,0,18,7,3,0,0,0,0,0,0,4,1,5,1,30,6,-1,-1,-1,-1,1,1,E01005092,0
Unvalidated,2024061410432,2024,061410432,1,9,0,5,6,2,0,0,0,0,0,0,4,1,1,2,30,6,-1,-1,-1,-1,1,1,E01005202,0
Unvalidated,2024061410477,2024,061410477,1,9,-1,18,-1,-1,-1,0,0,0,0,0,-1,1,6,3,-1,-1,-1,-1,-1,-1,-1,-1,-1,0
Unvalidated,2024061410477,2024,061410477,2,1,-1,18,-1,-1,0,0,0,0,0,0,-1,1,6,2,29,6,-1,-1,-1,-1,1,1,E01033674,0
Unvalidated,2024061410486,2024,061410486,1,9,-1,-1,-1,-1,-1,0,-1,-1,-1,0,-1,1,6,3,-1,-1,-1,-1,-1,-1,-1,-1,-1,0
Unvalidated,2024061410486,2024,061410486,2,9,-1,-1,-1,-1,-1,0,-1,-1,-1,0,-1,1,6,3,70,10,-1,-1,-1,-1,6,1,E01018617,0
Unvalidated,2024061410486,2024,061410486,3,9,-1,-1,-1,-1,-1,0,-1,-1,-1,0,-1,1,6,1,24,5,-1,-1,-1,-1,-1,-1,-1,0
Unvalidated,2024061410545,2024,061410545,1,9,-1,-1,-1,-1,-1,0,-1,-1,-1,0,-1,1,6,3,-1,-1,-1,-1,-1,-1,-1,-1,-1,0
Unvalidated,2024061410545,2024,061410545,2,9,-1,-1,-1,-1,-1,0,-1,-1,-1,0,-1,1,6,1,-1,-1,-1,-1,-1,-1,4,1,E01005531,0
Unvalidated,2024061410709,2024,061410709,1,9,0,18,5,1,0,8,0,0,7,10,1,1,5,1,32,6,-1,-1,-1,-1,2,1,E01005504,0
Unvalidated,2024061410709,2024,061410709,2,8,0,18,7,3,0,8,0,0,0,0,1,1,1,1,57,9,-1,-1,-1,-1,2,1,E01005580,0
Unvalidated,2024061410709,2024,061410709,3,9,0,18,5,3,0,1,0,0,0,0,0,1,1,1,30,6,-1,-1,-1,-1,4,1,E01005730,0
Unvalidated,2024061410736,2024,061410736,1,9,0,18,3,7,0,0,0,0,0,0,1,1,1,1,57,9,-1,-1,-1,-1,2,1,E01004895,0
Unvalidated,2024061410736,2024,061410736,2,9,0,18,7,3,0,0,0,0,0,0,1,1,5,2,28,6,-1,-1,-1,-1,-1,-1,-1,0
Unvalidated,2024061411036,2024,061411036,1,9,0,12,1,5,0,0,0,0,0,0,3,1,6,2,25,5,-1,-1,-1,-1,3,1,E01018611,0
Unvalidated,2024061411036,2024,061411036,2,9,0,18,1,5,0,0,0,0,0,0,4,1,6,2,84,11,-1,-1,-1,-1,7,1,E01005875,0
Unvalidated,2024061411042,2024,061411042,1,9,0,18,3,6,0,0,0,0,0,0,1,1,6,1,19,4,-1,-1,-1,-1,3,1,E01006380,0
Unvalidated,2024061411042,2024,061411042,2,9,0,18,6,6,0,0,0,0,0,0,3,1,5,1,37,7,-1,-1,-1,-1,4,1,E01005299,0
Unvalidated,2024061411095,2024,061411095,1,97,0,18,7,3,0,0,5,0,0,0,3,1,6,1,67,10,-1,-1,-1,-1,1,2,E01028301,0
Unvalidated,2024061411095,2024,061411095,2,9,0,18,7,3,0,0,0,0,0,0,4,1,5,2,72,10,-1,-1,-1,-1,9,1,E01011011,0
Unvalidated,2024061411121,2024,061411121,1,9,0,7,7,1,0,1,0,0,0,0,1,1,5,1,60,9,-1,-1,-1,-1,2,1,E01005182,0
Unvalidated,2024061411121,2024,061411121,2,9,0,18,4,1,0,8,0,0,0,0,4,1,5,1,42,7,-1,-1,-1,-1,6,1,E01006143,0
Unvalidated,2024061411121,2024,061411121,3,9,0,18,1,4,0,8,0,0,0,0,3,1,2,2,31,6,-1,-1,-1,-1,2,1,E01005082,0
Unvalidated,2024061411194,2024,061411194,1,9,0,18,3,7,0,1,0,0,0,0,1,1,5,1,90,11,-1,-1,-1,-1,9,3,E01025538,0
Unvalidated,2024061411256,2024,061411256,1,9,0,9,7,5,0,8,0,0,0,0,3,1,2,1,35,6,-1,-1,-1,-1,2,1,E01005323,0
Unvalidated,2024061411497,2024,061411497,1,9,0,10,7,3,0,0,0,0,0,0,2,1,6,1,18,4,-1,-1,-1,-1,7,1,E01005057,0
Unvalidated,2024061411497,2024,061411497,2,5,0,18,7,3,0,0,0,0,0,0,1,1,6,2,35,6,-1,-1,-1,-1,4,1,E01010984,0
Unvalidated,2024061411620,2024,061411620,1,19,0,18,5,1,0,8,0,0,0,0,1,1,6,3,-1,-1,-1,-1,-1,-1,-1,-1,-1,0
Unvalidated,2024061411620,2024,061411620,2,9,0,4,5,1,0,8,0,0,0,0,2,1,6,1,-1,-1,-1,-1,-1,-1,6,1,E01006048,0
Unvalidated,2024061411682,2024,061411682,1,9,0,9,6,4,0,8,0,0,0,0,1,1,6,2,53,8,-1,-1,-1,-1,4,1,E01004777,0
Unvalidated,2024061411682,2024,061411682,2,9,0,9,2,8,0,8,0,0,0,0,1,1,6,1,52,8,-1,-1,-1,-1,4,2,E01004782,0
Unvalidated,2024061411691,2024,061411691,1,9,0,18,6,2,0,1,0,0,0,0,1,1,2,1,26,6,-1,-1,-1,-1,1,1,E01005681,0
Unvalidated,2024061411691,2024,061411691,2,9,0,3,6,2,0,1,0,0,0,0,2,1,1,1,19,4,-1,-1,-1,-1,9,1,E01012494,0
Unvalidated,2024061411691,2024,061411691,3,9,0,3,6,2,0,1,0,0,0,0,4,1,6,1,36,7,-1,-1,-1,-1,7,1,E01006245,0
Unvalidated,2024061411691,2024,061411691,4,9,0,3,7,2,0,1,0,0,0,0,2,1,6,1,40,7,-1,-1,-1,-1,3,1,E01006335,0
Unvalidated,2024061411706,2024,061411706,1,9,0,9,7,5,0,1,0,0,0,0,3,1,6,2,61,9,-1,-1,-1,-1,2,1,E01005105,0
Unvalidated,2024061411706,2024,061411706,2,9,0,13,7,3,0,1,0,0,0,0,1,1,5,1,31,6,-1,-1,-1,-1,-1,-1,-1,0
Unvalidated,2024061411712,2024,061411712,1,9,0,18,1,5,0,2,0,0,0,0,1,1,1,1,56,9,-1,-1,-1,-1,5,1,E01005964,0
Unvalidated,2024061411739,2024,061411739,1,9,0,9,3,1,0,0,0,0,0,0,1,1,6,2,79,11,-1,-1,-1,-1,4,1,E01005185,0
Unvalidated,2024061411739,2024,061411739,2,3,0,18,7,3,0,0,0,0,0,0,1,1,2,2,-1,-1,-1,-1,-1,-1,-1,-1,-1,0
Unvalidated,2024061411808,2024,061411808,1,9,0,18,-1,-1,0,0,0,0,0,0,-1,1,6,3,-1,-1,-1,-1,-1,-1,-1,-1,-1,0
Unvalidated,2024061411831,2024,061411831,1,9,-1,-1,-1,-1,-1,0,-1,-1,-1,0,-1,1,6,1,-1,-1,-1,-1,-1,-1,-1,-1,-1,0
Unvalidated,2024061411831,2024,061411831,2,9,-1,-1,-1,-1,-1,0,-1,-1,-1,0,-1,1,6,1,18,4,-1,-1,-1,-1,4,1,E01005895,0
Unvalidated,2024061411970,2024,061411970,1,9,0,18,3,7,0,0,0,0,0,0,0,1,6,3,-1,-1,-1,-1,-1,-1,-1,-1,-1,0
Unvalidated,2024061411977,2024,061411977,1,9,0,13,6,8,0,0,1,0,4,1,1,1,2,1,46,8,-1,-1,-1,-1,-1,-1,-1,0
Unvalidated,2024061412219,2024,061412219,1,8,0,-1,-1,-1,0,8,-1,-1,-1,0,1,1,1,1,40,7,-1,-1,-1,-1,-1,-1,-1,0
Unvalidated,2024061412235,2024,061412235,1,9,0,18,3,7,0,0,0,0,0,0,-1,1,6,3,-1,-1,-1,-1,-1,-1,-1,-1,-1,0
Unvalidated,2024061412235,2024,061412235,2,1,0,18,5,1,0,0,0,0,0,0,3,1,6,1,42,7,-1,-1,-1,-1,7,1,E01005152,0
Unvalidated,2024061412237,2024,061412237,1,23,0,18,3,8,0,8,0,0,0,0,1,1,6,1,27,6,-1,-1,-1,-1,1,1,E01005658,0
Unvalidated,2024061412237,2024,061412237,2,9,0,9,7,5,0,8,0,0,0,0,1,1,5,1,44,7,-1,-1,-1,-1,1,1,E01005658,0
Unvalidated,2024061412267,2024,061412267,1,9,-1,-1,-1,-1,-1,0,-1,-1,-1,0,-1,1,6,3,28,6,-1,-1,-1,-1,3,1,E01004905,0
Unvalidated,2024061412267,2024,061412267,2,1,-1,-1,-1,-1,-1,0,-1,-1,-1,0,-1,1,6,3,-1,-1,-1,-1,-1,-1,-1,-1,-1,0
Unvalidated,2024061412336,2024,061412336,1,9,-1,-1,-1,-1,-1,0,-1,-1,-1,0,-1,1,6,3,-1,-1,-1,-1,-1,-1,-1,-1,-1,0
Unvalidated,2024061412336,2024,061412336,2,9,-1,-1,-1,-1,-1,0,-1,-1,-1,0,-1,1,6,2,56,9,-1,-1,-1,-1,6,1,E01004912,0
Unvalidated,2024061412485,2024,061412485,1,9,0,18,7,3,0,8,0,0,0,0,1,1,6,3,40,7,-1,-1,-1,-1,-1,-1,-1,0
Unvalidated,2024061412485,2024,061412485,2,1,0,18,3,7,0,8,0,0,0,0,2,1,1,1,60,9,-1,-1,-1,-1,2,1,E01033680,0
Unvalidated,2024061412509,2024,061412509,1,9,0,9,8,5,0,2,0,0,0,0,1,1,5,2,22,5,-1,-1,-1,-1,2,1,E01005368,0
Unvalidated,2024061412616,2024,061412616,1,9,0,18,1,1,0,1,0,4,0,0,1,1,6,1,34,6,-1,-1,-1,-1,3,1,E01005297,0
Unvalidated,2024061412616,2024,061412616,2,9,0,4,1,1,0,1,0,0,0,0,2,1,6,1,70,10,-1,-1,-1,-1,-1,-1,-1,0
Unvalidated,2024061412616,2024,061412616,3,9,0,4,1,1,0,1,0,0,0,0,2,1,6,1,48,8,-1,-1,-1,-1,-1,-1,-1,0
Unvalidated,2024061412616,2024,061412616,4,9,0,4,1,1,0,1,0,0,0,0,2,1,6,1,22,5,-1,-1,-1,-1,-1,-1,-1,0
Unvalidated,2024061412668,2024,061412668,1,9,0,18,6,2,0,0,0,0,0,0,1,1,6,3,-1,-1,-1,-1,-1,-1,-1,-1,-1,0
Unvalidated,2024061412668,2024,061412668,2,9,0,18,6,2,0,0,0,0,0,0,3,1,6,1,26,6,-1,-1,-1,-1,3,1,E01005437,0
Unvalidated,2024061412711,2024,061412711,1,9,0,18,1,1,0,0,0,0,0,0,1,1,6,1,16,4,-1,-1,-1,-1,-1,-1,-1,0
Unvalidated,2024061412711,2024,061412711,2,9,0,18,1,1,0,0,0,0,0,0,2,1,6,1,50,8,-1,-1,-1,-1,5,1,E01006462,0
Unvalidated,2024061412838,2024,061412838,1,9,-1,-1,-1,-1,-1,0,-1,-1,-1,0,-1,1,6,3,-1,-1,-1,-1,-1,-1,-1,-1,-1,0
Unvalidated,2024061412838,2024,061412838,2,1,-1,-1,-1,-1,-1,0,-1,-1,-1,0,-1,1,6,1,39,7,-1,-1,-1,-1,1,1,E01005240,0
Unvalidated,2024061412980,2024,061412980,1,19,0,18,1,5,0,1,0,0,1,0,1,1,1,1,26,6,-1,-1,-1,-1,4,1,E01006022,0
Unvalidated,2024061412980,2024,061412980,2,19,0,18,3,7,0,1,0,0,0,0,1,1,1,1,51,8,-1,-1,-1,-1,2,1,E01005340,0
Unvalidated,2024061413026,2024,061413026,1,9,0,18,5,1,0,1,0,0,0,0,4,1,5,2,66,10,-1,-1,-1,-1,-1,-1,-1,0
Unvalidated,2024061413242,2024,061413242,1,9,0,18,2,6,0,0,0,0,1,10,1,1,6,1,66,10,-1,-1,-1,-1,1,1,E01006386,0
Unvalidated,2024061413385,2024,061413385,1,19,0,18,6,2,0,1,0,0,0,0,4,1,6,3,-1,-1,-1,-1,-1,-1,-1,-1,-1,0
Unvalidated,2024061413385,2024,061413385,2,19,0,9,6,4,0,1,0,0,0,0,3,1,6,2,19,4,-1,-1,-1,-1,2,1,E01033665,0
Unvalidated,2024061413466,2024,061413466,1,9,0,18,3,7,0,1,0,0,0,0,1,1,6,1,46,8,-1,-1,-1,-1,1,1,E01005234,0
Unvalidated,2024061413466,2024,061413466,2,9,0,18,1,5,0,8,0,0,0,0,4,1,6,2,75,10,-1,-1,-1,-1,2,1,E01005887,0
Unvalidated,2024061413492,2024,061413492,1,98,0,9,7,3,9,1,0,0,0,0,1,1,6,1,62,9,-1,-1,-1,-1,2,1,E01007324,0
Unvalidated,2024061413492,2024,061413492,2,1,0,18,3,7,0,1,0,0,0,0,3,1,6,2,28,6,-1,-1,-1,-1,6,1,E01005305,0
Unvalidated,2024061413506,2024,061413506,1,23,0,18,3,7,0,1,0,0,0,0,1,1,6,1,16,4,-1,-1,-1,-1,3,1,E01006253,0
Unvalidated,2024061413506,2024,061413506,2,9,0,9,5,1,0,2,0,0,0,0,1,1,5,2,35,6,-1,-1,-1,-1,1,1,E01006254,0