status,collision_index,collision_year,collision_reference,vehicle_reference,vehicle_type,towing_and_articulation,vehicle_manoeuvre,vehicle_direction_from,vehicle_direction_to,vehicle_location_restricted_lane,junction_location,skidding_and_overturning,hit_object_in_carriageway,vehicle_leaving_carriageway,hit_object_off_carriageway,first_point_of_impact,vehicle_left_hand_drive,journey_purpose_of_driver,sex_of_driver,age_of_driver,age_band_of_driver,engine_capacity_cc,propulsion_code,age_of_vehicle,generic_make_model,driver_imd_decile,driver_home_area_type,lsoa_of_driver,escooter_flag
Unvalidated,2024061413552,2024,061413552,1,2,0,18,3,7,0,1,0,0,0,0,0,1,6,3,16,4,-1,-1,-1,-1,-1,-1,-1,0
Unvalidated,2024061413552,2024,061413552,2,16,0,18,3,7,0,8,0,0,0,0,1,1,6,2,13,3,-1,-1,-1,-1,-1,-1,-1,0
Unvalidated,2024061413775,2024,061413775,1,9,0,18,1,5,0,0,0,0,0,0,1,1,2,1,45,7,-1,-1,-1,-1,2,1,E01005720,0
Unvalidated,2024061413775,2024,061413775,2,9,0,18,1,5,0,0,0,0,0,0,2,1,6,2,47,8,-1,-1,-1,-1,6,1,E01004833,0
Unvalidated,2024061413853,2024,061413853,1,9,0,18,6,2,0,0,0,0,0,0,2,1,5,2,73,10,-1,-1,-1,-1,9,1,E01006367,0
Unvalidated,2024061413853,2024,061413853,2,1,0,18,6,2,0,0,0,0,0,0,1,1,5,1,50,8,-1,-1,-1,-1,8,1,E01024944,0
Unvalidated,2024061413888,2024,061413888,1,9,0,18,6,2,0,8,0,0,7,10,1,1,2,1,59,9,-1,-1,-1,-1,3,1,E01006220,0
Unvalidated,2024061414142,2024,061414142,1,98,-1,-1,-1,-1,-1,0,-1,-1,-1,0,-1,1,6,3,-1,-1,-1,-1,-1,-1,-1,-1,-1,0
Unvalidated,2024061414142,2024,061414142,2,9,-1,-1,-1,-1,-1,0,-1,-1,-1,0,-1,1,6,1,39,7,-1,-1,-1,-1,8,3,E01018395,0
Unvalidated,2024061414165,2024,061414165,1,9,-1,-1,-1,-1,-1,-1,-1,-1,-1,0,-1,1,6,3,-1,-1,-1,-1,-1,-1,4,1,E01005821,0
Unvalidated,2024061414165,2024,061414165,2,1,-1,-1,-1,-1,-1,-1,-1,-1,-1,0,-1,1,6,1,44,7,-1,-1,-1,-1,4,1,E01005866,0
Unvalidated,2024061414229,2024,061414229,1,9,-1,-1,-1,-1,-1,0,-1,-1,-1,0,-1,1,6,3,-1,-1,-1,-1,-1,-1,-1,-1,-1,0
Unvalidated,2024061414342,2024,061414342,1,9,0,18,7,2,5,0,5,7,7,0,3,1,5,2,89,11,-1,-1,-1,-1,-1,-1,-1,0
Unvalidated,2024061414398,2024,061414398,1,9,0,-1,-1,-1,-1,-1,-1,-1,-1,0,-1,1,6,3,-1,-1,-1,-1,-1,-1,-1,-1,-1,0
Unvalidated,2024061414398,2024,061414398,2,9,0,-1,-1,-1,-1,-1,-1,-1,-1,0,2,1,6,1,39,7,-1,-1,-1,-1,1,1,E01005256,0
Unvalidated,2024061414467,2024,061414467,1,9,-1,-1,-1,-1,-1,0,-1,-1,-1,0,-1,1,6,2,-1,-1,-1,-1,-1,-1,-1,-1,-1,0
Unvalidated,2024061414467,2024,061414467,2,9,-1,-1,-1,-1,-1,0,-1,-1,-1,0,-1,1,6,2,31,6,-1,-1,-1,-1,5,1,E01005268,0
Unvalidated,2024061414498,2024,061414498,1,9,0,18,3,7,0,0,0,0,0,0,1,1,6,1,31,6,-1,-1,-1,-1,1,1,E01004811,0
Unvalidated,2024061414498,2024,061414498,2,9,0,18,7,3,0,0,0,0,0,0,1,1,6,2,57,9,-1,-1,-1,-1,6,1,E01004936,0
Unvalidated,2024061414498,2024,061414498,3,9,0,2,0,0,0,0,0,0,0,0,1,1,6,3,35,6,-1,-1,-1,-1,-1,-1,-1,0
Unvalidated,2024061414508,2024,061414508,1,9,0,1,4,8,0,2,0,0,0,0,2,1,6,3,-1,-1,-1,-1,-1,-1,-1,-1,-1,0
Unvalidated,2024061414508,2024,061414508,2,9,0,2,0,0,0,1,0,0,0,0,1,1,5,2,19,4,-1,-1,-1,-1,1,1,E01005615,0
Unvalidated,2024061414511,2024,061414511,1,8,-1,1,-1,-1,6,0,0,0,0,0,2,1,1,1,-1,-1,-1,-1,-1,-1,-1,-1,-1,0
Unvalidated,2024061414553,2024,061414553,1,9,0,18,8,4,0,0,0,0,0,0,4,1,6,3,-1,-1,-1,-1,-1,-1,-1,-1,-1,0
Unvalidated,2024061414553,2024,061414553,2,9,0,18,8,4,0,0,0,0,0,0,3,1,6,1,28,6,-1,-1,-1,-1,8,3,E01005571,0
Unvalidated,2024061414596,2024,061414596,1,3,0,18,3,7,9,0,0,10,7,0,1,1,6,1,18,4,-1,-1,-1,-1,1,1,E01005141,0
Unvalidated,2024061414596,2024,061414596,2,9,0,4,3,7,0,0,0,0,0,0,0,1,1,1,45,7,-1,-1,-1,-1,-1,-1,-1,0
Unvalidated,2024061414630,2024,061414630,1,9,0,5,4,5,0,1,0,0,0,0,1,1,2,2,66,10,-1,-1,-1,-1,2,1,E01006369,0
Unvalidated,2024061414632,2024,061414632,1,9,-1,-1,-1,-1,-1,0,-1,-1,-1,0,-1,1,6,3,-1,-1,-1,-1,-1,-1,-1,-1,-1,0
Unvalidated,2024061414632,2024,061414632,2,1,-1,-1,-1,-1,-1,0,-1,-1,-1,0,-1,1,6,3,36,7,-1,-1,-1,-1,-1,-1,-1,0
Unvalidated,2024061414633,2024,061414633,1,1,0,18,7,3,5,0,0,0,0,0,4,1,1,1,-1,-1,-1,-1,-1,-1,-1,-1,-1,0
Unvalidated,2024061414684,2024,061414684,1,9,0,5,7,3,9,0,0,4,0,0,1,1,5,2,78,11,-1,-1,-1,-1,6,1,E01006227,0
Unvalidated,2024061414684,2024,061414684,2,9,0,2,0,0,0,0,0,0,0,0,2,1,6,3,-1,-1,-1,-1,-1,-1,-1,-1,-1,0
Unvalidated,2024061414684,2024,061414684,3,19,0,2,0,0,9,0,0,0,0,0,1,1,6,3,-1,-1,-1,-1,-1,-1,-1,-1,-1,0
Unvalidated,2024061414688,2024,061414688,1,9,0,7,5,7,0,1,0,0,0,0,1,1,6,2,42,7,-1,-1,-1,-1,3,1,E01005120,0
Unvalidated,2024061414688,2024,061414688,2,9,0,18,2,7,0,8,0,0,0,0,4,1,6,2,39,7,-1,-1,-1,-1,8,1,E01005277,0
Unvalidated,2024061414747,2024,061414747,1,9,0,18,7,2,0,0,1,0,0,0,1,1,1,1,18,4,-1,-1,-1,-1,2,1,E01005460,0
Unvalidated,2024061414747,2024,061414747,2,9,0,18,2,7,0,0,0,0,0,0,1,1,2,2,36,7,-1,-1,-1,-1,8,1,E01005530,0
Unvalidated,2024061414763,2024,061414763,1,9,0,18,3,7,0,8,0,0,0,0,1,1,6,1,45,7,-1,-1,-1,-1,2,1,E01005978,0
Unvalidated,2024061414763,2024,061414763,2,9,0,18,7,3,0,8,0,0,1,0,1,1,5,1,76,11,-1,-1,-1,-1,7,1,E01005920,0
Unvalidated,2024061414819,2024,061414819,1,11,0,18,8,4,0,1,0,0,0,0,0,1,1,1,32,6,-1,-1,-1,-1,-1,-1,-1,0
Unvalidated,2024061414860,2024,061414860,1,9,0,7,-1,-1,0,4,0,0,0,0,1,1,6,2,43,7,-1,-1,-1,-1,9,1,E01005843,0
Unvalidated,2024061414860,2024,061414860,2,8,0,7,-1,-1,0,3,0,7,1,0,1,1,1,1,44,7,-1,-1,-1,-1,1,1,E01005194,0
Unvalidated,2024061414982,2024,061414982,1,9,0,9,5,1,0,1,0,0,0,0,4,1,5,1,27,6,-1,-1,-1,-1,-1,-1,-1,0
Unvalidated,2024061415028,2024,061415028,1,9,0,9,8,6,0,1,0,0,0,0,1,1,5,2,56,9,-1,-1,-1,-1,3,1,E01005604,0
Unvalidated,2024061415060,2024,061415060,1,9,-1,-1,-1,-1,-1,0,-1,-1,-1,0,-1,1,6,3,54,8,-1,-1,-1,-1,10,1,E01027574,0
Unvalidated,2024061415063,2024,061415063,1,9,0,18,2,6,0,0,1,4,0,0,1,1,5,1,52,8,-1,-1,-1,-1,8,1,E01018609,0
Unvalidated,2024061415063,2024,061415063,2,9,0,2,0,0,9,0,0,0,0,0,1,1,5,1,37,7,-1,-1,-1,-1,1,1,E01005112,0
Unvalidated,2024061415063,2024,061415063,3,9,0,4,0,0,9,0,0,0,0,0,1,1,5,2,48,8,-1,-1,-1,-1,8,1,E01006210,0
Unvalidated,2024061415066,2024,061415066,1,9,-1,-1,-1,-1,-1,0,-1,-1,-1,0,-1,1,6,3,-1,-1,-1,-1,-1,-1,-1,-1,-1,0
Unvalidated,2024061415066,2024,061415066,2,9,-1,-1,-1,-1,-1,0,-1,-1,-1,0,-1,1,6,2,31,6,-1,-1,-1,-1,4,1,E01005888,0
Unvalidated,2024061415071,2024,061415071,1,19,0,-1,-1,-1,-1,0,-1,-1,-1,0,-1,1,6,3,-1,-1,-1,-1,-1,-1,-1,-1,-1,0
Unvalidated,2024061415140,2024,061415140,1,9,0,9,5,3,0,5,0,0,0,0,1,1,6,1,63,9,-1,-1,-1,-1,-1,-1,-1,0
Unvalidated,2024061415240,2024,061415240,1,9,0,18,2,6,0,0,0,0,0,0,1,1,5,2,20,4,-1,-1,-1,-1,4,1,E01020871,0
Unvalidated,2024061415240,2024,061415240,2,9,0,18,6,2,0,0,0,0,0,0,1,1,1,1,62,9,-1,-1,-1,-1,2,1,E01005580,0
Unvalidated,2024061415391,2024,061415391,1,9,0,7,3,5,0,1,0,0,0,0,4,1,6,2,60,9,-1,-1,-1,-1,4,1,E01005751,0
Unvalidated,2024061415391,2024,061415391,2,9,0,18,3,7,0,8,1,0,0,0,1,1,2,1,30,6,-1,-1,-1,-1,4,1,E01005897,0
Unvalidated,2024061415511,2024,061415511,1,19,0,7,8,3,0,5,0,0,0,0,1,1,6,3,-1,-1,-1,-1,-1,-1,-1,-1,-1,0
Unvalidated,2024061415655,2024,061415655,1,9,0,18,8,3,0,0,0,0,0,0,3,1,6,1,50,8,-1,-1,-1,-1,3,1,E01005115,0
Unvalidated,2024061415660,2024,061415660,1,9,-1,-1,-1,-1,0,0,0,0,0,0,1,1,6,1,29,6,-1,-1,-1,-1,9,1,E01004791,0
Unvalidated,2024061415660,2024,061415660,2,9,0,-1,-1,-1,0,0,0,0,0,0,2,1,6,1,27,6,-1,-1,-1,-1,10,1,E01004842,0
Unvalidated,2024061415671,2024,061415671,1,9,-1,-1,-1,-1,-1,0,-1,-1,-1,0,-1,1,6,3,-1,-1,-1,-1,-1,-1,-1,-1,-1,0
Unvalidated,2024061415671,2024,061415671,2,9,-1,-1,-1,-1,-1,0,-1,-1,-1,0,-1,1,6,3,70,10,-1,-1,-1,-1,1,1,E01004863,0
Unvalidated,2024061415923,2024,061415923,1,9,0,13,7,3,0,0,0,0,1,0,1,1,6,1,18,4,-1,-1,-1,-1,-1,-1,-1,0
Unvalidated,2024061415923,2024,061415923,2,9,0,18,7,3,0,0,0,0,0,0,2,1,5,1,82,11,-1,-1,-1,-1,-1,-1,-1,0
Unvalidated,2024061415923,2024,061415923,3,9,0,18,7,7,0,0,0,0,0,0,0,1,5,1,33,6,-1,-1,-1,-1,-1,-1,-1,0
Unvalidated,2024061415951,2024,061415951,1,1,0,18,4,8,0,0,0,0,0,0,1,1,6,1,18,4,-1,-1,-1,-1,1,1,E01005290,0
Unvalidated,2024061415951,2024,061415951,2,9,0,18,8,4,0,0,0,0,0,0,1,1,6,2,59,9,-1,-1,-1,-1,3,1,E01018611,0
Unvalidated,2024061415973,2024,061415973,1,9,0,9,3,8,0,5,0,0,0,0,1,1,5,1,53,8,-1,-1,-1,-1,5,1,E01006006,0
Unvalidated,2024061416148,2024,061416148,1,9,0,18,5,1,0,6,0,0,0,0,1,1,5,1,76,11,-1,-1,-1,-1,-1,-1,-1,0
Unvalidated,2024061416148,2024,061416148,2,9,0,9,5,7,0,1,0,0,0,0,1,1,5,1,60,9,-1,-1,-1,-1,7,1,E01006127,0
Unvalidated,2024061416175,2024,061416175,1,9,0,18,2,6,0,0,1,10,7,0,1,1,6,1,70,10,-1,-1,-1,-1,5,2,E01024917,0
Unvalidated,2024061416175,2024,061416175,2,9,0,3,6,2,0,0,0,0,0,0,3,1,5,1,49,8,-1,-1,-1,-1,6,1,E01006125,0
Unvalidated,2024061416183,2024,061416183,1,9,0,18,6,2,0,0,0,0,0,0,1,1,5,1,42,7,-1,-1,-1,-1,6,1,E01005010,0
Unvalidated,2024061416213,2024,061416213,1,9,4,18,1,5,0,0,0,0,0,0,0,1,5,1,61,9,-1,-1,-1,-1,1,1,E01033679,0
Unvalidated,2024061416357,2024,061416357,1,9,0,12,1,5,0,0,0,0,0,0,0,1,5,2,41,7,-1,-1,-1,-1,3,1,E01005893,0
Unvalidated,2024061416357,2024,061416357,2,5,0,18,1,5,0,0,0,0,0,0,3,1,5,1,37,7,-1,-1,-1,-1,4,1,E01004796,0
Unvalidated,2024061416357,2024,061416357,3,9,0,18,1,5,0,0,0,0,0,0,1,1,5,2,66,10,-1,-1,-1,-1,1,1,E01005224,0
Unvalidated,2024061416357,2024,061416357,4,9,0,18,1,5,0,0,0,0,0,0,1,1,5,1,42,7,-1,-1,-1,-1,8,1,E01005043,0
Unvalidated,2024061416576,2024,061416576,1,9,0,18,5,1,0,0,0,0,0,0,1,1,6,1,54,8,-1,-1,-1,-1,8,1,E01005555,0
Unvalidated,2024061416576,2024,061416576,2,9,0,18,1,5,0,0,0,0,0,0,1,1,5,1,50,8,-1,-1,-1,-1,8,1,E01005557,0
Unvalidated,2024061416577,2024,061416577,1,9,0,7,6,1,0,4,0,0,0,0,1,1,5,2,36,7,-1,-1,-1,-1,5,1,E01005961,0
Unvalidated,2024061416577,2024,061416577,2,9,0,18,4,1,0,3,0,0,0,0,2,1,5,1,51,8,-1,-1,-1,-1,-1,-1,-1,0
Unvalidated,2024061416730,2024,061416730,1,9,-1,-1,-1,-1,-1,-1,-1,-1,-1,0,-1,1,6,3,-1,-1,-1,-1,-1,-1,2,1,E01005447,0
Unvalidated,2024061416736,2024,061416736,1,9,0,18,6,2,0,0,0,0,0,0,1,1,5,1,54,8,-1,-1,-1,-1,3,1,E01006159,0
Unvalidated,2024061416740,2024,061416740,1,9,0,1,7,3,0,0,0,0,0,0,2,1,6,3,-1,-1,-1,-1,-1,-1,-1,-1,-1,0
Unvalidated,2024061416740,2024,061416740,2,90,0,18,5,1,0,0,0,0,0,0,2,1,6,1,28,6,-1,-1,-1,-1,8,1,E01006230,0
Unvalidated,2024061416838,2024,061416838,1,9,0,8,2,4,0,1,0,0,0,0,1,1,6,3,-1,-1,-1,-1,-1,-1,-1,-1,-1,0
Unvalidated,2024061416838,2024,061416838,2,1,0,10,6,4,0,1,0,0,0,0,1,1,2,1,27,6,-1,-1,-1,-1,4,1,E01006390,0
Unvalidated,2024061416858,2024,061416858,1,9,0,5,1,6,0,0,0,0,0,0,1,1,2,1,31,6,-1,-1,-1,-1,7,1,E01005373,0
Unvalidated,2024061416949,2024,061416949,1,9,0,6,5,5,0,0,0,0,0,0,3,1,6,1,28,6,-1,-1,-1,-1,7,1,E01018338,0
Unvalidated,2024061416949,2024,061416949,2,9,0,18,5,2,0,0,0,0,0,0,4,1,1,1,32,6,-1,-1,-1,-1,5,1,E01005254,0
Unvalidated,2024061416949,2024,061416949,3,9,0,18,5,1,0,0,0,0,0,0,1,1,1,1,29,6,-1,-1,-1,-1,2,1,E01005950,0
Unvalidated,2024061417004,2024,061417004,1,9,0,18,2,6,0,1,0,0,0,0,3,1,5,1,22,5,-1,-1,-1,-1,-1,-1,-1,0
Unvalidated,2024061417004,2024,061417004,2,9,0,18,2,6,0,1,0,0,0,0,0,1,6,3,-1,-1,-1,-1,-1,-1,-1,-1,-1,0
Unvalidated,2024061417033,2024,061417033,1,9,-1,2,-1,-1,0,0,0,0,0,0,-1,1,6,3,-1,-1,-1,-1,-1,-1,-1,-1,-1,0
Unvalidated,2024061417033,2024,061417033,2,1,0,18,-1,-1,0,0,0,0,0,0,-1,1,6,1,37,7,-1,-1,-1,-1,7,1,E01005869,0
Unvalidated,2024061417040,2024,061417040,1,1,0,18,7,3,4,8,0,0,0,0,4,1,5,2,34,6,-1,-1,-1,-1,1,1,E01005130,0
Unvalidated,2024061417040,2024,061417040,2,9,0,9,1,7,0,6,0,0,0,0,1,1,5,1,34,6,-1,-1,-1,-1,2,1,E01005207,0
Unvalidated,2024061417057,2024,061417057,1,9,0,18,4,8,0,0,0,0,0,0,1,1,6,1,-1,-1,-1,-1,-1,-1,4,1,E01005355,0
Unvalidated,2024061417057,2024,061417057,2,9,0,18,4,8,0,0,0,0,0,0,2,1,6,2,28,6,-1,-1,-1,-1,8,1,E01005452,0
Unvalidated,2024061417075,2024,061417075,1,8,0,18,6,2,0,0,0,0,0,0,1,1,6,3,-1,-1,-1,-1,-1,-1,-1,-1,-1,0
Unvalidated,2024061417075,2024,061417075,2,1,0,5,7,3,0,0,0,0,0,0,3,1,5,1,15,3,-1,-1,-1,-1,3,1,E01005889,0
Unvalidated,2024061417082,2024,061417082,1,9,-1,-1,-1,-1,-1,0,-1,-1,-1,0,-1,1,6,3,-1,-1,-1,-1,-1,-1,-1,-1,-1,0
Unvalidated,2024061417082,2024,061417082,2,9,-1,-1,-1,-1,-1,0,-1,-1,-1,0,-1,1,6,3,40,7,-1,-1,-1,-1,4,1,E01005300,0
Unvalidated,2024061417088,2024,061417088,1,8,-1,-1,-1,-1,-1,-1,-1,-1,-1,0,-1,1,6,3,-1,-1,-1,-1,-1,-1,-1,-1,-1,0
Unvalidated,2024061417099,2024,061417099,1,98,0,9,5,3,0,1,0,0,0,0,1,1,6,3,-1,-1,-1,-1,-1,-1,-1,-1,-1,0
Unvalidated,2024061417099,2024,061417099,2,1,0,9,3,5,0,1,0,0,0,0,1,1,6,2,20,4,-1,-1,-1,-1,4,1,E01005185,0
Unvalidated,2024061417128,2024,061417128,1,9,0,-1,-1,-1,-1,-1,-1,-1,-1,0,-1,1,6,1,-1,-1,-1,-1,-1,-1,-1,-1,-1,0
Unvalidated,2024061417128,2024,061417128,2,1,-1,-1,-1,-1,-1,-1,-1,-1,-1,0,4,1,2,1,47,8,-1,-1,-1,-1,9,1,E01008991,0
Unvalidated,2024061417142,2024,061417142,1,9,-1,-1,-1,-1,-1,0,-1,-1,-1,0,1,1,6,1,-1,-1,-1,-1,-1,-1,-1,-1,-1,0
Unvalidated,2024061417142,2024,061417142,2,9,-1,-1,-1,-1,-1,0,-1,-1,-1,0,2,1,6,2,26,6,-1,-1,-1,-1,3,1,E01006359,0
Unvalidated,2024061417175,2024,061417175,1,9,-1,-1,-1,-1,-1,-1,-1,-1,-1,0,-1,1,6,3,-1,-1,-1,-1,-1,-1,-1,-1,-1,0
Unvalidated,2024061417175,2024,061417175,2,1,-1,-1,-1,-1,-1,-1,-1,-1,-1,0,-1,1,6,1,45,7,-1,-1,-1,-1,-1,-1,-1,0
Unvalidated,2024061417183,2024,061417183,1,9,-1,-1,-1,-1,-1,0,-1,-1,-1,0,-1,1,6,3,-1,-1,-1,-1,-1,-1,-1,-1,-1,0
Unvalidated,2024061417183,2024,061417183,2,23,-1,-1,-1,-1,-1,0,-1,-1,-1,0,-1,1,6,3,26,6,-1,-1,-1,-1,2,1,E01006032,0
Unvalidated,2024061417227,2024,061417227,1,9,-1,-1,-1,-1,-1,-1,-1,-1,-1,0,-1,1,6,3,-1,-1,-1,-1,-1,-1,-1,-1,-1,0
Unvalidated,2024061417254,2024,061417254,1,9,0,9,8,6,0,8,0,0,0,0,1,1,2,2,62,9,-1,-1,-1,-1,5,1,E01005229,0
Unvalidated,2024061417254,2024,061417254,2,1,0,18,3,8,0,5,0,0,0,0,0,1,6,1,18,4,-1,-1,-1,-1,-1,-1,-1,0
Unvalidated,2024061417259,2024,061417259,1,9,-1,-1,-1,-1,-1,0,-1,-1,-1,0,-1,1,6,1,-1,-1,-1,-1,-1,-1,5,1,E01004899,0
Unvalidated,2024061417259,2024,061417259,2,11,-1,-1,-1,-1,-1,0,-1,-1,-1,0,-1,1,6,3,-1,-1,-1,-1,-1,-1,-1,-1,-1,0
Unvalidated,2024061417342,2024,061417342,1,9,0,18,5,2,0,4,0,0,0,0,1,1,5,1,87,11,-1,-1,-1,-1,8,1,E01004892,0
Unvalidated,2024061417342,2024,061417342,2,9,0,18,1,5,0,8,0,0,0,0,1,1,5,2,54,8,-1,-1,-1,-1,-1,-1,-1,0
Unvalidated,2024061417363,2024,061417363,1,9,0,13,3,7,0,1,0,10,0,0,1,1,6,1,30,6,-1,-1,-1,-1,2,1,E01005343,0
Unvalidated,2024061417363,2024,061417363,2,9,0,18,7,3,0,8,0,0,0,0,1,1,6,1,55,8,-1,-1,-1,-1,1,1,E01005456,0
Unvalidated,2024061417363,2024,061417363,3,9,0,18,3,7,0,1,0,0,0,0,0,1,1,1,22,5,-1,-1,-1,-1,-1,-1,-1,0
Unvalidated,2024061417532,2024,061417532,1,9,0,18,8,4,0,0,5,0,2,7,4,1,6,1,40,7,-1,-1,-1,-1,2,1,E01006832,0
Unvalidated,2024061417532,2024,061417532,2,9,0,5,2,7,0,0,0,0,0,0,1,1,2,1,43,7,-1,-1,-1,-1,7,1,E01005699,0
Unvalidated,2024061417551,2024,061417551,1,9,0,18,4,8,0,0,0,0,0,0,1,1,6,3,-1,-1,-1,-1,-1,-1,-1,-1,-1,0
Unvalidated,2024061417551,2024,061417551,2,9,0,4,4,8,1,0,0,0,0,0,2,1,6,1,50,8,-1,-1,-1,-1,3,1,E01006061,0
Unvalidated,2024061417593,2024,061417593,1,9,0,9,1,2,0,0,0,0,0,0,1,1,3,2,42,7,-1,-1,-1,-1,5,1,E01005044,0
Unvalidated,2024061417639,2024,061417639,1,9,0,7,5,1,0,1,0,0,0,0,4,1,6,1,57,9,-1,-1,-1,-1,6,1,E01005987,0
Unvalidated,2024061417639,2024,061417639,2,1,0,18,6,2,0,1,0,0,0,0,1,1,2,1,60,9,-1,-1,-1,-1,8,1,E01005995,0
Unvalidated,2024061417660,2024,061417660,1,9,0,18,6,2,0,0,0,0,0,0,1,1,6,2,-1,-1,-1,-1,-1,-1,-1,-1,-1,0
Unvalidated,2024061417845,2024,061417845,1,19,0,1,3,7,0,0,0,0,0,0,2,1,1,1,25,5,-1,-1,-1,-1,6,1,E01005345,0
Unvalidated,2024061417849,2024,061417849,1,90,0,18,3,7,0,8,0,0,0,0,1,1,6,1,20,4,-1,-1,-1,-1,6,1,E01005649,1
Unvalidated,2024061417849,2024,061417849,2,9,0,18,1,5,0,8,0,0,0,0,4,1,6,1,36,7,-1,-1,-1,-1,4,1,E01005012,0
Unvalidated,2024061417948,2024,061417948,1,9,0,18,1,1,0,1,0,0,0,0,2,2,6,3,30,6,-1,-1,-1,-1,-1,-1,-1,0
Unvalidated,2024061417948,2024,061417948,2,9,0,18,1,1,0,1,0,0,0,0,1,2,6,1,30,6,-1,-1,-1,-1,1,1,E01005213,0
Unvalidated,2024061418205,2024,061418205,1,9,4,18,3,7,0,8,0,0,0,0,4,1,5,1,29,6,-1,-1,-1,-1,-1,-1,-1,0
Unvalidated,2024061418397,2024,061418397,1,9,0,-1,-1,-1,-1,-1,-1,-1,-1,0,-1,1,6,1,-1,-1,-1,-1,-1,-1,2,1,E01005553,0
Unvalidated,2024061418436,2024,061418436,1,9,0,7,1,7,0,6,0,0,0,0,4,1,6,1,-1,-1,-1,-1,-1,-1,-1,-1,-1,0
Unvalidated,2024061418436,2024,061418436,2,9,0,18,5,1,0,1,0,0,0,0,1,1,1,1,53,8,-1,-1,-1,-1,9,1,E01005055,0
Unvalidated,2024061418450,2024,061418450,1,9,0,18,3,7,0,0,0,0,0,0,1,1,2,2,58,9,-1,-1,-1,-1,3,1,E01005641,0
Unvalidated,2024061418450,2024,061418450,2,9,0,4,3,7,0,0,0,0,0,0,3,1,2,2,21,5,-1,-1,-1,-1,10,1,E01005739,0
Unvalidated,2024061418450,2024,061418450,3,21,1,4,3,7,0,0,0,0,0,0,2,1,1,1,36,7,-1,-1,-1,-1,6,3,E01027557,0
Unvalidated,2024061418496,2024,061418496,1,9,0,1,6,5,9,0,0,7,0,0,1,1,5,1,86,11,-1,-1,-1,-1,9,1,E01005865,0
Unvalidated,2024061418528,2024,061418528,1,9,0,1,6,2,0,0,0,0,0,0,2,1,6,1,41,7,-1,-1,-1,-1,1,1,E01005941,0
Unvalidated,2024061418617,2024,061418617,1,9,0,18,7,3,0,0,0,0,0,0,1,1,6,1,17,4,-1,-1,-1,-1,-1,-1,-1,0
Unvalidated,2024061418617,2024,061418617,2,5,0,-1,3,7,-1,0,-1,-1,-1,0,-1,1,6,3,-1,-1,-1,-1,-1,-1,-1,-1,-1,0
Unvalidated,2024061418778,2024,061418778,1,9,0,18,6,2,0,2,0,0,0,0,1,1,6,1,40,7,-1,-1,-1,-1,-1,-1,-1,0
Unvalidated,2024061418843,2024,061418843,1,5,0,18,3,7,0,1,1,10,0,0,3,1,5,1,33,6,-1,-1,-1,-1,7,1,E01005778,0
Unvalidated,2024061418893,2024,061418893,1,9,0,14,5,1,0,2,0,0,0,0,1,1,2,1,50,8,-1,-1,-1,-1,10,1,E01005813,0
Unvalidated,2024061418917,2024,061418917,1,-1,-1,-1,-1,-1,-1,0,-1,-1,-1,0,-1,1,6,3,-1,-1,-1,-1,-1,-1,-1,-1,-1,0
Unvalidated,2024061418917,2024,061418917,2,90,0,18,1,1,0,0,0,0,0,0,0,1,6,1,29,6,-1,-1,-1,-1,1,1,E01005615,0
Unvalidated,2024061419000,2024,061419000,1,9,0,18,1,5,0,3,0,0,0,0,3,1,5,2,87,11,-1,-1,-1,-1,8,1,E01005367,0
Unvalidated,2024061419015,2024,061419015,1,23,0,18,1,5,0,0,0,0,1,0,1,1,6,3,-1,-1,-1,-1,-1,-1,-1,-1,-1,0
Unvalidated,2024061419015,2024,061419015,2,19,0,9,5,3,0,0,0,0,0,0,3,1,5,1,34,6,-1,-1,-1,-1,-1,-1,-1,0
Unvalidated,2024061419074,2024,061419074,1,9,0,18,8,4,0,1,1,4,2,1,3,1,5,1,32,6,-1,-1,-1,-1,1,1,E01005484,0
Unvalidated,2024061419074,2024,061419074,2,9,0,9,3,1,0,8,0,0,0,0,3,1,5,2,36,7,-1,-1,-1,-1,-1,-1,-1,0
Unvalidated,2024061419109,2024,061419109,1,9,0,5,6,8,0,8,0,0,0,0,4,1,2,1,42,7,-1,-1,-1,-1,3,1,E01004834,0
Unvalidated,2024061419109,2024,061419109,2,4,0,18,6,2,0,8,0,0,0,0,1,1,6,1,20,4,-1,-1,-1,-1,8,1,E01004892,0
Unvalidated,2024061419120,2024,061419120,1,9,0,18,4,8,0,0,0,0,0,0,1,1,6,1,18,4,-1,-1,-1,-1,8,1,E01004806,0
Unvalidated,2024061419120,2024,061419120,2,9,0,18,8,8,0,0,0,0,0,0,0,1,1,1,30,6,-1,-1,-1,-1,-1,-1,-1,0
Unvalidated,2024061419120,2024,061419120,3,9,0,18,5,5,0,0,0,0,0,0,1,1,6,1,53,8,-1,-1,-1,-1,1,1,E01004850,0
Unvalidated,2024061419157,2024,061419157,1,9,0,8,2,4,0,6,1,0,0,0,1,1,6,2,21,5,-1,-1,-1,-1,1,1,E01005081,0
Unvalidated,2024061419157,2024,061419157,2,1,0,18,8,4,0,8,5,0,0,0,4,1,2,1,45,7,-1,-1,-1,-1,10,1,E01006151,0
Unvalidated,2024061419188,2024,061419188,1,9,0,11,3,5,0,8,0,0,0,0,2,1,6,1,40,7,-1,-1,-1,-1,-1,-1,-1,0
Unvalidated,2024061419188,2024,061419188,2,9,0,18,3,5,0,8,0,0,0,0,3,1,6,2,23,5,-1,-1,-1,-1,6,1,E01018617,0
Unvalidated,2024061419220,2024,061419220,1,9,0,18,-1,-1,0,0,0,0,0,0,0,1,6,2,-1,-1,-1,-1,-1,-1,4,1,E01005300,0
Unvalidated,2024061419220,2024,061419220,2,2,0,18,-1,-1,0,0,0,0,0,0,1,1,6,3,27,6,-1,-1,-1,-1,3,1,E01005179,0