status,collision_index,collision_year,collision_reference,vehicle_reference,vehicle_type,towing_and_articulation,vehicle_manoeuvre,vehicle_direction_from,vehicle_direction_to,vehicle_location_restricted_lane,junction_location,skidding_and_overturning,hit_object_in_carriageway,vehicle_leaving_carriageway,hit_object_off_carriageway,first_point_of_impact,vehicle_left_hand_drive,journey_purpose_of_driver,sex_of_driver,age_of_driver,age_band_of_driver,engine_capacity_cc,propulsion_code,age_of_vehicle,generic_make_model,driver_imd_decile,driver_home_area_type,lsoa_of_driver,escooter_flag
Unvalidated,2024061419229,2024,061419229,1,9,-1,-1,-1,-1,-1,0,-1,-1,-1,0,-1,1,6,3,-1,-1,-1,-1,-1,-1,-1,-1,-1,0
Unvalidated,2024061419229,2024,061419229,2,9,-1,-1,-1,-1,-1,0,-1,-1,-1,0,-1,1,6,1,-1,-1,-1,-1,-1,-1,4,1,E01005507,0
Unvalidated,2024061419307,2024,061419307,1,9,-1,4,-1,-1,0,-1,0,0,0,0,1,1,6,1,32,6,-1,-1,-1,-1,10,1,E01006136,0
Unvalidated,2024061419307,2024,061419307,2,9,0,4,1,1,0,-1,0,0,0,0,2,1,5,1,29,6,-1,-1,-1,-1,4,2,E01019745,0
Unvalidated,2024061419396,2024,061419396,1,98,1,9,3,1,0,1,0,0,0,0,1,1,1,1,31,6,-1,-1,-1,-1,-1,-1,-1,0
Unvalidated,2024061419396,2024,061419396,2,9,0,10,3,1,0,1,0,0,0,0,4,1,2,2,48,8,-1,-1,-1,-1,3,1,E01005982,0
Unvalidated,2024061419406,2024,061419406,1,9,0,18,4,8,0,1,0,0,0,0,2,1,6,3,-1,-1,-1,-1,-1,-1,-1,-1,-1,0
Unvalidated,2024061419453,2024,061419453,1,9,0,18,4,8,0,0,0,0,0,0,1,1,6,3,30,6,-1,-1,-1,-1,-1,-1,-1,0
Unvalidated,2024061419474,2024,061419474,1,9,0,4,2,6,0,0,0,0,0,0,1,1,6,2,22,5,-1,-1,-1,-1,1,1,E01004811,0
Unvalidated,2024061419474,2024,061419474,2,9,0,4,2,6,0,0,0,0,0,0,2,1,5,2,25,5,-1,-1,-1,-1,8,1,E01025214,0
Unvalidated,2024061419564,2024,061419564,1,9,0,18,4,8,0,0,0,0,0,0,3,1,3,2,36,7,-1,-1,-1,-1,2,1,E01005460,0
Unvalidated,2024061419578,2024,061419578,1,9,0,-1,3,8,0,2,2,11,1,10,1,1,6,1,-1,-1,-1,-1,-1,-1,-1,-1,-1,0
Unvalidated,2024061419620,2024,061419620,1,9,0,16,7,3,0,0,0,0,0,0,1,1,6,1,50,8,-1,-1,-1,-1,-1,-1,-1,0
Unvalidated,2024061419620,2024,061419620,2,9,0,17,3,7,0,0,0,0,0,0,1,1,5,2,16,4,-1,-1,-1,-1,7,1,E01006055,0
Unvalidated,2024061419620,2024,061419620,3,9,0,2,0,0,0,0,0,0,0,0,1,1,6,3,-1,-1,-1,-1,-1,-1,-1,-1,-1,0
Unvalidated,2024061419675,2024,061419675,1,9,0,-1,-1,-1,-1,-1,-1,-1,-1,0,-1,1,6,3,-1,-1,-1,-1,-1,-1,-1,-1,-1,0
Unvalidated,2024061419675,2024,061419675,2,9,0,-1,-1,-1,-1,-1,-1,-1,-1,0,-1,1,6,2,29,6,-1,-1,-1,-1,1,1,E01005024,0
Unvalidated,2024061419780,2024,061419780,1,9,-1,-1,-1,-1,-1,-1,-1,-1,-1,0,-1,1,1,2,-1,-1,-1,-1,-1,-1,-1,-1,-1,0
Unvalidated,2024061419822,2024,061419822,1,9,0,-1,-1,-1,-1,-1,-1,-1,-1,0,-1,1,6,3,-1,-1,-1,-1,-1,-1,-1,-1,-1,0
Unvalidated,2024061419865,2024,061419865,1,9,0,18,7,7,0,0,0,0,7,0,1,1,6,1,18,4,-1,-1,-1,-1,2,1,E01005340,0
Unvalidated,2024061419865,2024,061419865,2,9,0,9,5,7,0,0,0,0,1,0,2,1,6,1,84,11,-1,-1,-1,-1,5,1,E01005402,0
Unvalidated,2024061419954,2024,061419954,1,8,0,9,3,1,1,5,0,0,0,0,3,1,6,1,51,8,-1,-1,-1,-1,2,1,E01005200,0
Unvalidated,2024061419954,2024,061419954,2,18,1,18,3,8,1,8,0,0,0,0,1,1,1,1,41,7,-1,-1,-1,-1,6,1,E01004800,0
Unvalidated,2024061419995,2024,061419995,1,9,0,5,2,7,0,8,0,0,0,0,1,1,6,1,37,7,-1,-1,-1,-1,2,1,E01005188,0
Unvalidated,2024061419995,2024,061419995,2,97,0,14,7,3,0,1,0,0,0,0,1,1,6,1,20,4,-1,-1,-1,-1,4,1,E01006009,0
Unvalidated,2024061419995,2024,061419995,3,9,0,2,0,0,0,1,0,0,0,0,1,1,6,1,-1,-1,-1,-1,-1,-1,-1,-1,-1,0
Unvalidated,2024061419998,2024,061419998,1,9,0,5,7,3,0,1,0,0,0,0,4,1,1,1,33,6,-1,-1,-1,-1,4,1,E01004921,0
Unvalidated,2024061420025,2024,061420025,1,19,0,9,6,4,0,5,0,0,0,0,1,1,1,2,25,5,-1,-1,-1,-1,2,1,E01006870,0
Unvalidated,2024061420025,2024,061420025,2,1,0,9,6,4,0,5,0,0,0,0,3,1,6,1,16,4,-1,-1,-1,-1,10,1,E01005716,0
Unvalidated,2024061420076,2024,061420076,1,9,0,5,5,1,0,1,0,0,0,0,1,1,6,3,-1,-1,-1,-1,-1,-1,-1,-1,-1,0
Unvalidated,2024061420076,2024,061420076,2,1,0,18,3,7,0,1,0,0,0,0,1,1,6,1,25,5,-1,-1,-1,-1,1,1,E01005209,0
Unvalidated,2024061420087,2024,061420087,1,9,0,18,7,3,0,0,0,0,0,0,1,1,6,1,-1,-1,-1,-1,-1,-1,-1,-1,-1,0
Unvalidated,2024061420087,2024,061420087,2,9,0,3,7,3,0,0,0,1,0,0,2,1,5,1,19,4,-1,-1,-1,-1,1,1,E01005905,0
Unvalidated,2024061420131,2024,061420131,1,9,0,18,5,1,0,1,0,0,0,0,4,1,6,2,-1,-1,-1,-1,-1,-1,-1,-1,-1,0
Unvalidated,2024061420131,2024,061420131,2,1,0,18,5,1,0,1,0,0,0,0,3,1,1,1,32,6,-1,-1,-1,-1,3,1,E01005212,0
Unvalidated,2024061420174,2024,061420174,1,9,0,18,7,3,0,1,0,0,0,0,3,1,6,3,-1,-1,-1,-1,-1,-1,-1,-1,-1,0
Unvalidated,2024061420219,2024,061420219,1,21,4,18,5,8,0,8,0,0,0,0,0,2,1,1,54,8,-1,-1,-1,-1,-1,-1,-1,0
Unvalidated,2024061420219,2024,061420219,2,9,0,18,3,8,0,4,0,9,4,1,1,1,6,1,77,11,-1,-1,-1,-1,4,1,E01006047,0
Unvalidated,2024061420233,2024,061420233,1,9,0,18,2,6,0,1,0,0,0,0,4,1,6,3,-1,-1,-1,-1,-1,-1,-1,-1,-1,0
Unvalidated,2024061420233,2024,061420233,2,1,0,3,2,8,0,1,0,0,0,0,3,1,1,1,26,6,-1,-1,-1,-1,4,1,E01005673,0
Unvalidated,2024061420248,2024,061420248,1,9,0,18,7,3,0,1,0,0,0,0,1,1,6,3,-1,-1,-1,-1,-1,-1,-1,-1,-1,0
Unvalidated,2024061420248,2024,061420248,2,9,0,3,7,3,0,1,0,0,0,0,2,1,6,1,43,7,-1,-1,-1,-1,9,1,E01005545,0
Unvalidated,2024061420256,2024,061420256,1,9,0,7,3,5,0,0,1,0,1,11,1,1,6,2,47,8,-1,-1,-1,-1,-1,-1,-1,0
Unvalidated,2024061420266,2024,061420266,1,98,0,18,6,4,0,0,0,0,0,0,1,1,6,1,-1,-1,-1,-1,-1,-1,4,1,E01005710,0
Unvalidated,2024061420266,2024,061420266,2,9,0,4,6,4,0,0,0,0,0,0,2,1,6,1,64,9,-1,-1,-1,-1,9,1,E01005713,0
Unvalidated,2024061420286,2024,061420286,1,9,0,18,4,8,0,1,0,0,0,0,1,1,6,3,-1,-1,-1,-1,-1,-1,-1,-1,-1,0
Unvalidated,2024061420289,2024,061420289,1,9,0,18,3,7,0,0,0,0,0,0,1,1,6,3,-1,-1,-1,-1,-1,-1,-1,-1,-1,0
Unvalidated,2024061420302,2024,061420302,1,9,0,18,3,7,0,0,0,0,0,0,4,1,6,3,-1,-1,-1,-1,-1,-1,-1,-1,-1,0
Unvalidated,2024061420417,2024,061420417,1,9,0,9,7,3,0,5,0,0,0,0,3,1,6,1,31,6,-1,-1,-1,-1,1,1,E01012670,0
Unvalidated,2024061420417,2024,061420417,2,5,0,13,7,3,0,1,0,0,0,0,4,1,6,1,54,8,-1,-1,-1,-1,-1,-1,-1,0
Unvalidated,2024061420426,2024,061420426,1,9,0,18,1,5,0,0,0,0,0,0,1,1,5,2,53,8,-1,-1,-1,-1,6,1,E01005556,0
Unvalidated,2024061420437,2024,061420437,1,9,0,18,4,8,0,0,0,0,0,0,3,1,6,2,70,10,-1,-1,-1,-1,-1,-1,-1,0
Unvalidated,2024061420516,2024,061420516,1,9,-1,-1,-1,-1,-1,0,-1,-1,-1,0,-1,1,6,3,-1,-1,-1,-1,-1,-1,-1,-1,-1,0
Unvalidated,2024061420516,2024,061420516,2,19,0,18,2,6,0,0,0,0,0,0,3,1,1,1,21,5,-1,-1,-1,-1,4,1,E01005469,0
Unvalidated,2024061420574,2024,061420574,1,9,0,5,7,4,0,-1,0,0,0,0,1,1,6,3,-1,-1,-1,-1,-1,-1,-1,-1,-1,0
Unvalidated,2024061420574,2024,061420574,2,1,0,18,6,2,0,-1,-1,-1,-1,0,3,1,2,2,30,6,-1,-1,-1,-1,5,1,E01005268,0
Unvalidated,2024061420579,2024,061420579,1,9,0,-1,-1,-1,-1,-1,-1,-1,-1,0,-1,1,6,3,-1,-1,-1,-1,-1,-1,-1,-1,-1,0
Unvalidated,2024061420593,2024,061420593,1,9,0,7,-1,-1,0,0,0,0,0,0,-1,1,6,3,-1,-1,-1,-1,-1,-1,-1,-1,-1,0
Unvalidated,2024061420880,2024,061420880,1,9,0,1,4,4,0,0,0,0,0,0,2,1,6,1,45,7,-1,-1,-1,-1,-1,-1,-1,0
Unvalidated,2024061420880,2024,061420880,2,9,0,4,4,8,0,0,0,0,0,0,4,1,1,2,34,6,-1,-1,-1,-1,2,1,E01005950,0
Unvalidated,2024061420891,2024,061420891,1,9,4,18,5,1,0,1,0,0,0,0,3,1,5,1,34,6,-1,-1,-1,-1,4,1,E01006370,0
Unvalidated,2024061420891,2024,061420891,2,3,0,18,5,1,0,1,0,0,0,0,4,1,5,1,33,6,-1,-1,-1,-1,1,1,E01006336,0
Unvalidated,2024061420906,2024,061420906,1,9,0,9,7,1,0,5,0,0,0,0,3,1,5,1,55,8,-1,-1,-1,-1,2,1,E01005288,0
Unvalidated,2024061420921,2024,061420921,1,9,-1,7,-1,-1,0,0,0,0,0,0,4,1,6,3,-1,-1,-1,-1,-1,-1,-1,-1,-1,0
Unvalidated,2024061420921,2024,061420921,2,1,-1,18,5,8,-1,0,0,0,0,0,3,1,2,1,24,5,-1,-1,-1,-1,4,1,E01005231,0
Unvalidated,2024061421071,2024,061421071,1,9,0,4,3,7,0,8,0,0,0,0,1,1,5,1,43,7,-1,-1,-1,-1,1,1,E01005108,0
Unvalidated,2024061421071,2024,061421071,2,9,0,5,5,1,0,6,0,0,0,0,3,1,2,1,54,8,-1,-1,-1,-1,4,1,E01005996,0
Unvalidated,2024061421173,2024,061421173,1,9,0,10,5,3,0,5,0,0,0,0,1,1,1,2,40,7,-1,-1,-1,-1,2,1,E01011754,0
Unvalidated,2024061421173,2024,061421173,2,4,0,18,1,5,0,1,0,0,0,0,1,1,1,1,38,7,-1,-1,-1,-1,-1,-1,-1,0
Unvalidated,2024061421176,2024,061421176,1,9,0,18,4,1,0,0,0,0,8,0,1,1,6,1,26,6,-1,-1,-1,-1,1,1,E01004856,0
Unvalidated,2024061421238,2024,061421238,1,19,0,18,7,3,0,0,0,0,0,0,1,1,6,1,39,7,-1,-1,-1,-1,9,2,E01005409,0
Unvalidated,2024061421257,2024,061421257,1,19,0,18,5,1,0,0,0,0,0,0,1,1,6,1,26,6,-1,-1,-1,-1,8,1,E01005955,0
Unvalidated,2024061421257,2024,061421257,2,9,0,5,5,1,0,0,0,0,0,0,2,1,5,2,38,7,-1,-1,-1,-1,1,1,E01006056,0
Unvalidated,2024061421442,2024,061421442,1,9,0,9,3,8,0,8,0,0,0,0,1,1,5,2,25,5,-1,-1,-1,-1,-1,-1,-1,0
Unvalidated,2024061421442,2024,061421442,2,4,5,18,7,3,0,8,0,0,0,0,1,1,5,1,37,7,-1,-1,-1,-1,-1,-1,-1,0
Unvalidated,2024061421661,2024,061421661,1,9,5,9,3,1,0,1,0,0,0,0,3,1,5,1,57,9,-1,-1,-1,-1,3,1,E01005437,0
Unvalidated,2024061421661,2024,061421661,2,9,0,18,1,5,0,1,0,0,0,0,1,1,5,1,24,5,-1,-1,-1,-1,1,1,E01005945,0
Unvalidated,2024061421840,2024,061421840,1,9,0,-1,-1,-1,-1,0,-1,-1,-1,0,-1,1,6,1,48,8,-1,-1,-1,-1,6,1,E01005846,0
Unvalidated,2024061421840,2024,061421840,2,9,0,-1,-1,-1,-1,0,-1,-1,-1,0,1,1,6,3,-1,-1,-1,-1,-1,-1,-1,-1,-1,0
Unvalidated,2024061421888,2024,061421888,1,98,-1,-1,-1,-1,0,0,0,0,0,0,-1,1,6,3,-1,-1,-1,-1,-1,-1,-1,-1,-1,0
Unvalidated,2024061421888,2024,061421888,2,9,0,18,-1,-1,0,0,0,0,0,0,2,1,6,2,53,8,-1,-1,-1,-1,9,1,E01006117,0
Unvalidated,2024061421904,2024,061421904,1,9,0,-1,-1,-1,-1,0,-1,-1,-1,0,-1,1,6,3,-1,-1,-1,-1,-1,-1,-1,-1,-1,0
Unvalidated,2024061421904,2024,061421904,2,9,0,-1,-1,-1,-1,0,-1,-1,-1,0,-1,1,2,1,44,7,-1,-1,-1,-1,1,1,E01005196,0
Unvalidated,2024061421905,2024,061421905,1,9,0,7,4,6,0,1,0,0,0,0,1,1,6,1,-1,-1,-1,-1,-1,-1,3,1,E01005546,0
Unvalidated,2024061421905,2024,061421905,2,1,0,18,2,6,0,1,0,0,0,0,1,1,6,1,57,9,-1,-1,-1,-1,6,1,E01005561,0
Unvalidated,2024061421915,2024,061421915,1,9,0,18,-1,-1,0,0,0,0,0,0,0,1,6,3,-1,-1,-1,-1,-1,-1,-1,-1,-1,0
Unvalidated,2024061421940,2024,061421940,1,9,0,18,3,6,0,1,0,0,0,0,1,1,6,3,-1,-1,-1,-1,-1,-1,-1,-1,-1,0
Unvalidated,2024061421954,2024,061421954,1,8,-1,18,-1,-1,0,0,0,0,0,0,1,1,6,1,-1,-1,-1,-1,-1,-1,-1,-1,-1,0
Unvalidated,2024061421980,2024,061421980,1,9,0,9,1,5,0,0,1,10,7,0,4,1,6,1,34,6,-1,-1,-1,-1,4,1,E01004917,0
Unvalidated,2024061422001,2024,061422001,1,9,0,-1,-1,-1,-1,-1,-1,-1,-1,0,-1,1,6,3,-1,-1,-1,-1,-1,-1,-1,-1,-1,0
Unvalidated,2024061422001,2024,061422001,2,9,0,-1,-1,-1,-1,-1,-1,-1,-1,0,-1,1,6,1,27,6,-1,-1,-1,-1,6,1,E01032686,0
Unvalidated,2024061422023,2024,061422023,1,8,0,18,1,5,0,0,0,0,0,0,4,1,1,1,76,11,-1,-1,-1,-1,3,1,E01006115,0
Unvalidated,2024061422023,2024,061422023,2,1,0,18,5,1,0,0,0,0,0,0,3,1,6,1,14,3,-1,-1,-1,-1,3,1,E01005208,0
Unvalidated,2024061422079,2024,061422079,1,9,-1,18,5,1,0,8,0,0,0,0,1,1,6,3,-1,-1,-1,-1,-1,-1,-1,-1,-1,0
Unvalidated,2024061422080,2024,061422080,1,9,0,18,7,3,0,0,0,0,0,0,1,1,6,3,-1,-1,-1,-1,-1,-1,-1,-1,-1,0
Unvalidated,2024061422080,2024,061422080,2,9,0,4,7,3,0,0,0,0,0,0,2,1,6,2,33,6,-1,-1,-1,-1,1,1,E01005422,0
Unvalidated,2024061422136,2024,061422136,1,9,0,7,1,3,0,0,0,0,0,0,1,1,5,1,57,9,-1,-1,-1,-1,2,1,E01005978,0
Unvalidated,2024061422136,2024,061422136,2,9,0,18,7,3,0,0,0,0,0,0,1,1,5,2,30,6,-1,-1,-1,-1,2,1,E01005950,0
Unvalidated,2024061422277,2024,061422277,1,9,0,-1,-1,-1,-1,0,-1,-1,-1,0,-1,1,6,1,-1,-1,-1,-1,-1,-1,6,1,E01006247,0
Unvalidated,2024061422277,2024,061422277,2,9,0,-1,-1,-1,-1,0,-1,-1,-1,0,-1,1,2,2,27,6,-1,-1,-1,-1,3,1,E01006246,0
Unvalidated,2024061422277,2024,061422277,3,9,0,-1,-1,-1,-1,0,-1,-1,-1,0,-1,1,6,1,-1,-1,-1,-1,-1,-1,7,1,E01006303,0
Unvalidated,2024061422284,2024,061422284,1,9,0,-1,-1,-1,-1,0,-1,-1,-1,0,-1,1,6,1,36,7,-1,-1,-1,-1,4,1,E01005834,0
Unvalidated,2024061422284,2024,061422284,2,1,0,-1,-1,-1,-1,0,-1,-1,-1,0,-1,1,2,1,19,4,-1,-1,-1,-1,10,1,E01005909,0
Unvalidated,2024061422285,2024,061422285,1,9,0,1,3,7,0,0,0,0,0,0,2,1,1,1,-1,-1,-1,-1,-1,-1,-1,-1,-1,0
Unvalidated,2024061422300,2024,061422300,1,9,0,9,5,2,0,1,0,0,0,0,1,1,6,1,70,10,-1,-1,-1,-1,-1,-1,-1,0
Unvalidated,2024061422300,2024,061422300,2,97,0,10,3,8,0,1,0,0,0,0,3,1,6,1,36,7,-1,-1,-1,-1,6,1,E01006070,0
Unvalidated,2024061422309,2024,061422309,1,9,0,18,8,4,0,1,0,0,0,0,1,1,6,1,-1,-1,-1,-1,-1,-1,-1,-1,-1,0
Unvalidated,2024061422309,2024,061422309,2,9,0,10,8,7,0,1,0,0,0,0,2,1,6,1,32,6,-1,-1,-1,-1,2,1,E01006307,0
Unvalidated,2024061422327,2024,061422327,1,9,0,18,6,3,0,1,0,0,0,0,1,1,6,2,55,8,-1,-1,-1,-1,5,1,E01006292,0
Unvalidated,2024061422370,2024,061422370,1,9,0,18,5,5,0,0,0,0,0,0,1,1,5,2,57,9,-1,-1,-1,-1,7,1,E01005819,0
Unvalidated,2024061422370,2024,061422370,2,1,0,18,3,7,0,0,0,0,0,0,4,1,3,2,17,4,-1,-1,-1,-1,6,1,E01005845,0
Unvalidated,2024061422398,2024,061422398,1,2,-1,-1,-1,-1,-1,-1,-1,-1,-1,0,-1,1,6,3,-1,-1,-1,-1,-1,-1,-1,-1,-1,0
Unvalidated,2024061422398,2024,061422398,2,9,-1,-1,-1,-1,-1,-1,-1,-1,-1,0,-1,1,6,1,-1,-1,-1,-1,-1,-1,6,1,E01004833,0
Unvalidated,2024061422418,2024,061422418,1,9,0,10,-1,-1,0,0,0,0,0,0,2,1,6,3,-1,-1,-1,-1,-1,-1,-1,-1,-1,0
Unvalidated,2024061422418,2024,061422418,2,9,0,3,-1,-1,0,0,0,0,0,0,1,1,6,1,30,6,-1,-1,-1,-1,1,1,E01005905,0
Unvalidated,2024061422442,2024,061422442,1,9,0,18,5,8,0,1,0,0,0,0,1,1,2,2,67,10,-1,-1,-1,-1,1,1,E01005253,0
Unvalidated,2024061422448,2024,061422448,1,9,-1,-1,-1,-1,-1,0,-1,-1,-1,0,-1,1,6,3,-1,-1,-1,-1,-1,-1,-1,-1,-1,0
Unvalidated,2024061422448,2024,061422448,2,9,-1,-1,-1,-1,-1,0,-1,-1,-1,0,-1,1,6,1,-1,-1,-1,-1,-1,-1,8,1,E01005742,0
Unvalidated,2024061422453,2024,061422453,1,9,0,18,2,6,0,0,0,0,7,1,1,1,6,1,28,6,-1,-1,-1,-1,1,1,E01005733,0
Unvalidated,2024061422623,2024,061422623,1,9,0,18,1,1,0,1,0,0,0,0,1,2,6,1,30,6,-1,-1,-1,-1,-1,-1,-1,0
Unvalidated,2024061422623,2024,061422623,2,9,0,18,1,1,0,1,0,0,0,0,1,2,2,1,28,6,-1,-1,-1,-1,1,1,E01005429,0
Unvalidated,2024061422624,2024,061422624,1,8,-1,-1,-1,-1,-1,0,-1,-1,-1,0,-1,1,6,3,-1,-1,-1,-1,-1,-1,-1,-1,-1,0
Unvalidated,2024061422624,2024,061422624,2,1,-1,-1,-1,-1,-1,0,-1,-1,-1,0,-1,1,6,2,37,7,-1,-1,-1,-1,3,1,E01005179,0
Unvalidated,2024061422638,2024,061422638,1,3,0,18,7,3,0,1,0,0,0,0,1,1,2,2,18,4,-1,-1,-1,-1,-1,-1,-1,0
Unvalidated,2024061422638,2024,061422638,2,19,0,9,7,4,0,1,0,0,0,0,2,1,1,1,61,9,-1,-1,-1,-1,-1,-1,-1,0
Unvalidated,2024061422670,2024,061422670,1,2,-1,-1,-1,-1,-1,0,-1,-1,-1,0,-1,1,6,1,-1,-1,-1,-1,-1,-1,-1,-1,-1,0
Unvalidated,2024061422693,2024,061422693,1,9,0,9,1,7,0,0,0,0,0,0,4,1,6,2,-1,-1,-1,-1,-1,-1,1,1,E01005485,0
Unvalidated,2024061422693,2024,061422693,2,1,0,18,5,1,4,0,0,0,0,0,3,1,3,2,20,4,-1,-1,-1,-1,3,1,E01005312,0
Unvalidated,2024061422739,2024,061422739,1,9,0,18,3,7,99,1,9,0,1,99,4,1,6,3,-1,-1,-1,-1,-1,-1,-1,-1,-1,0
Unvalidated,2024061422763,2024,061422763,1,3,0,13,2,6,0,0,0,0,0,0,1,1,5,1,17,4,-1,-1,-1,-1,1,1,E01005552,0
Unvalidated,2024061422763,2024,061422763,2,1,0,18,2,6,0,0,0,0,0,0,2,1,2,1,69,10,-1,-1,-1,-1,2,1,E01005553,0
Unvalidated,2024061422768,2024,061422768,1,9,0,18,5,1,0,8,0,0,0,0,1,1,6,2,23,5,-1,-1,-1,-1,3,1,E01006944,0
Unvalidated,2024061422768,2024,061422768,2,9,0,3,1,5,0,8,0,0,0,0,2,1,6,2,64,9,-1,-1,-1,-1,3,1,E01006253,0
Unvalidated,2024061422783,2024,061422783,1,8,0,9,8,5,0,3,0,0,0,0,1,1,1,1,68,10,-1,-1,-1,-1,1,1,E01005024,0
Unvalidated,2024061422805,2024,061422805,1,9,0,-1,-1,-1,-1,-1,-1,-1,-1,0,-1,2,6,3,-1,-1,-1,-1,-1,-1,-1,-1,-1,0
Unvalidated,2024061422919,2024,061422919,1,9,0,3,-1,-1,0,1,0,0,0,0,2,1,2,2,33,6,-1,-1,-1,-1,9,1,E01006277,0
Unvalidated,2024061422919,2024,061422919,2,19,0,4,-1,-1,0,1,0,0,0,0,1,1,6,2,-1,-1,-1,-1,-1,-1,-1,-1,-1,0
Unvalidated,2024061422972,2024,061422972,1,9,0,18,5,5,0,5,0,0,0,0,1,1,6,2,48,8,-1,-1,-1,-1,1,1,E01005919,0
Unvalidated,2024061422972,2024,061422972,2,1,0,9,4,1,0,8,0,0,0,0,1,1,1,1,37,7,-1,-1,-1,-1,-1,-1,-1,0
Unvalidated,2024061422974,2024,061422974,1,9,0,13,7,2,0,1,0,0,0,0,1,1,6,1,21,5,-1,-1,-1,-1,1,1,E01005613,0
Unvalidated,2024061422974,2024,061422974,2,9,0,18,2,7,0,1,0,0,0,0,1,1,5,1,36,7,-1,-1,-1,-1,1,1,E01005104,0
Unvalidated,2024061422974,2024,061422974,3,9,0,18,7,2,0,1,0,0,0,0,0,1,1,1,33,6,-1,-1,-1,-1,1,1,E01005202,0
Unvalidated,2024061422980,2024,061422980,1,9,0,7,1,3,0,5,0,0,0,0,4,1,5,1,47,8,-1,-1,-1,-1,-1,-1,-1,0
Unvalidated,2024061422980,2024,061422980,2,1,0,18,3,7,0,8,0,0,0,0,1,1,6,1,44,7,-1,-1,-1,-1,4,1,E01006047,0
Unvalidated,2024061423015,2024,061423015,1,1,0,18,-1,-1,0,8,0,0,0,0,3,1,2,1,35,6,-1,-1,-1,-1,8,1,E01005155,0
Unvalidated,2024061423015,2024,061423015,2,8,0,9,-1,-1,0,8,0,0,0,0,1,1,6,3,-1,-1,-1,-1,-1,-1,-1,-1,-1,0
Unvalidated,2024061423022,2024,061423022,1,9,-1,-1,-1,-1,-1,0,-1,-1,-1,0,-1,1,6,1,-1,-1,-1,-1,-1,-1,-1,-1,-1,0
Unvalidated,2024061423022,2024,061423022,2,9,-1,-1,-1,-1,-1,0,-1,-1,-1,0,-1,1,6,1,37,7,-1,-1,-1,-1,1,1,E01005615,0
Unvalidated,2024061423025,2024,061423025,1,9,0,-1,-1,-1,-1,-1,-1,-1,-1,0,-1,1,6,3,-1,-1,-1,-1,-1,-1,-1,-1,-1,0
Unvalidated,2024061423025,2024,061423025,2,8,0,-1,-1,-1,-1,-1,-1,-1,-1,0,-1,1,6,3,-1,-1,-1,-1,-1,-1,4,1,E01005296,0
Unvalidated,2024061423076,2024,061423076,1,9,0,-1,-1,-1,-1,-1,-1,-1,-1,0,-1,1,6,3,-1,-1,-1,-1,-1,-1,-1,-1,-1,0
Unvalidated,2024061423076,2024,061423076,2,9,0,-1,-1,-1,-1,-1,-1,-1,-1,0,-1,1,6,3,40,7,-1,-1,-1,-1,1,1,E01005165,0
Unvalidated,2024061423082,2024,061423082,1,9,0,9,2,6,0,5,0,0,0,0,4,1,5,1,51,8,-1,-1,-1,-1,2,1,E01005430,0
Unvalidated,2024061423132,2024,061423132,1,9,0,-1,-1,-1,-1,-1,-1,-1,-1,0,-1,1,6,3,-1,-1,-1,-1,-1,-1,-1,-1,-1,0
Unvalidated,2024061423132,2024,061423132,2,1,0,-1,-1,-1,-1,-1,-1,-1,-1,0,-1,1,2,1,68,10,-1,-1,-1,-1,9,1,E01005864,0
Unvalidated,2024061423199,2024,061423199,1,1,0,18,-1,-1,0,8,0,0,0,0,4,1,2,2,30,6,-1,-1,-1,-1,3,1,E01004860,0
Unvalidated,2024061423199,2024,061423199,2,11,0,5,-1,-1,0,6,0,0,0,0,1,1,1,1,-1,-1,-1,-1,-1,-1,1,1,E01004850,0
Unvalidated,2024061423252,2024,061423252,1,9,0,18,5,1,0,0,0,0,0,0,1,1,5,2,66,10,-1,-1,-1,-1,-1,-1,-1,0
Unvalidated,2024061423253,2024,061423253,1,9,0,18,7,3,0,0,0,0,0,0,1,1,5,2,24,5,-1,-1,-1,-1,5,1,E01005025,0
Unvalidated,2024061423315,2024,061423315,1,9,0,18,1,5,0,1,0,0,0,0,1,1,2,1,49,8,-1,-1,-1,-1,9,1,E01006173,0
Unvalidated,2024061423315,2024,061423315,2,9,0,10,7,1,0,1,0,0,0,0,3,1,2,2,39,7,-1,-1,-1,-1,9,1,E01006178,0
Unvalidated,2024061423353,2024,061423353,1,9,0,18,5,1,0,2,0,0,0,0,1,1,5,1,41,7,-1,-1,-1,-1,-1,-1,-1,0
Unvalidated,2024061423355,2024,061423355,1,19,0,3,-1,-1,0,0,0,0,0,0,2,1,5,2,51,8,-1,-1,-1,-1,4,1,E01019750,0
Unvalidated,2024061423355,2024,061423355,2,9,0,18,-1,-1,0,0,0,0,0,0,1,1,6,3,-1,-1,-1,-1,-1,-1,-1,-1,-1,0
Unvalidated,2024061423407,2024,061423407,1,9,0,9,7,3,0,5,0,11,0,0,1,1,6,1,30,6,-1,-1,-1,-1,-1,-1,-1,0
Unvalidated,2024061423415,2024,061423415,1,9,0,9,1,5,0,6,0,0,0,0,1,1,5,1,50,8,-1,-1,-1,-1,3,1,E01006034,0
Unvalidated,2024061423415,2024,061423415,2,9,0,18,7,3,0,1,0,0,0,0,1,1,5,1,24,5,-1,-1,-1,-1,2,1,E01005967,0
Unvalidated,2024061423421,2024,061423421,1,9,-1,-1,-1,-1,-1,-1,-1,-1,-1,0,-1,1,6,3,-1,-1,-1,-1,-1,-1,-1,-1,-1,0
Unvalidated,2024061423421,2024,061423421,2,9,-1,-1,-1,-1,-1,-1,-1,-1,-1,0,-1,1,6,3,25,5,-1,-1,-1,-1,5,1,E01005977,0
Unvalidated,2024061423501,2024,061423501,1,9,0,18,7,3,0,1,0,0,0,0,1,1,1,2,32,6,-1,-1,-1,-1,3,1,E01004878,0
Unvalidated,2024061423501,2024,061423501,2,9,0,18,5,1,0,2,0,0,0,0,4,1,2,1,66,10,-1,-1,-1,-1,3,1,E01004878,0