status,collision_index,collision_year,collision_reference,vehicle_reference,vehicle_type,towing_and_articulation,vehicle_manoeuvre,vehicle_direction_from,vehicle_direction_to,vehicle_location_restricted_lane,junction_location,skidding_and_overturning,hit_object_in_carriageway,vehicle_leaving_carriageway,hit_object_off_carriageway,first_point_of_impact,vehicle_left_hand_drive,journey_purpose_of_driver,sex_of_driver,age_of_driver,age_band_of_driver,engine_capacity_cc,propulsion_code,age_of_vehicle,generic_make_model,driver_imd_decile,driver_home_area_type,lsoa_of_driver,escooter_flag
Unvalidated,2024061423523,2024,061423523,1,9,-1,-1,-1,-1,-1,0,-1,-1,-1,0,-1,1,6,1,-1,-1,-1,-1,-1,-1,-1,-1,-1,0
Unvalidated,2024061423523,2024,061423523,2,1,-1,-1,-1,-1,-1,0,-1,-1,-1,0,-1,1,6,1,24,5,-1,-1,-1,-1,4,1,E01033660,0
Unvalidated,2024061423715,2024,061423715,1,9,0,18,-1,-1,0,0,0,0,0,0,4,1,2,2,34,6,-1,-1,-1,-1,6,1,E01005623,0
Unvalidated,2024061423715,2024,061423715,2,9,0,18,-1,-1,0,0,1,0,0,0,1,1,6,1,42,7,-1,-1,-1,-1,4,1,E01005673,0
Unvalidated,2024061423743,2024,061423743,1,9,0,9,4,1,0,8,0,0,0,0,1,1,3,1,73,10,-1,-1,-1,-1,9,1,E01006173,0
Unvalidated,2024061423793,2024,061423793,1,9,0,13,4,8,0,1,1,0,0,0,1,1,6,1,-1,-1,-1,-1,-1,-1,-1,-1,-1,0
Unvalidated,2024061423793,2024,061423793,2,19,0,9,4,2,0,1,0,0,0,0,3,1,5,1,35,6,-1,-1,-1,-1,8,1,E01005736,0
Unvalidated,2024061423793,2024,061423793,3,9,0,2,0,0,0,2,0,0,0,0,2,1,5,1,32,6,-1,-1,-1,-1,2,1,E01006267,0
Unvalidated,2024061423843,2024,061423843,1,9,0,18,7,3,0,0,0,0,0,0,3,1,5,1,34,6,-1,-1,-1,-1,8,1,E01011244,0
Unvalidated,2024061423858,2024,061423858,1,9,0,7,1,3,0,8,0,0,0,0,3,1,5,1,30,6,-1,-1,-1,-1,3,1,E01006380,0
Unvalidated,2024061423858,2024,061423858,2,5,0,18,7,3,0,1,0,0,0,0,1,1,5,1,57,9,-1,-1,-1,-1,2,1,E01005338,0
Unvalidated,2024061424059,2024,061424059,1,9,0,2,-1,-1,99,6,0,0,0,0,2,1,1,1,40,7,-1,-1,-1,-1,1,1,E01005472,0
Unvalidated,2024061424059,2024,061424059,2,9,0,2,-1,-1,99,6,0,0,0,0,1,1,6,1,31,6,-1,-1,-1,-1,-1,-1,-1,0
Unvalidated,2024061424066,2024,061424066,1,8,0,18,-1,-1,0,0,0,0,-1,0,0,1,5,1,33,6,-1,-1,-1,-1,2,1,E01005233,0
Unvalidated,2024061424071,2024,061424071,1,9,0,9,-1,-1,0,1,0,0,0,0,3,1,5,2,22,5,-1,-1,-1,-1,-1,-1,-1,0
Unvalidated,2024061424071,2024,061424071,2,9,0,18,-1,-1,0,6,0,0,0,0,1,1,6,2,-1,-1,-1,-1,-1,-1,1,1,E01005680,0
Unvalidated,2024061424099,2024,061424099,1,9,0,18,4,8,0,2,0,0,0,0,1,1,5,1,75,10,-1,-1,-1,-1,7,1,E01005041,0
Unvalidated,2024061424158,2024,061424158,1,19,0,18,-1,-1,0,8,1,11,1,10,1,1,5,1,43,7,-1,-1,-1,-1,10,1,E01018589,0
Unvalidated,2024061424158,2024,061424158,2,9,0,18,-1,-1,0,8,0,0,0,0,1,1,6,3,-1,-1,-1,-1,-1,-1,-1,-1,-1,0
Unvalidated,2024061424229,2024,061424229,1,9,0,18,7,3,0,1,0,0,0,0,3,1,1,1,53,8,-1,-1,-1,-1,10,1,E01004967,0
Unvalidated,2024061424251,2024,061424251,1,5,0,15,7,3,0,0,0,0,0,0,1,1,6,1,21,5,-1,-1,-1,-1,8,1,E01027217,0
Unvalidated,2024061424251,2024,061424251,2,9,0,18,7,3,0,0,0,0,0,0,2,1,6,1,63,9,-1,-1,-1,-1,9,1,E01019758,0
Unvalidated,2024061424257,2024,061424257,1,9,0,18,5,1,0,5,0,0,0,0,4,1,1,1,40,7,-1,-1,-1,-1,3,1,E01006408,0
Unvalidated,2024061424265,2024,061424265,1,2,0,4,-1,-1,0,0,1,0,0,0,3,1,5,1,16,4,-1,-1,-1,-1,8,1,E01005443,0
Unvalidated,2024061424300,2024,061424300,1,97,0,18,1,4,0,0,0,0,7,0,1,1,6,1,34,6,-1,-1,-1,-1,-1,-1,-1,0
Unvalidated,2024061424367,2024,061424367,1,9,0,5,5,1,0,0,0,0,0,0,1,1,3,2,-1,-1,-1,-1,-1,-1,1,1,E01005291,0
Unvalidated,2024061424403,2024,061424403,1,9,0,-1,-1,-1,-1,-1,-1,-1,-1,0,-1,1,6,1,28,6,-1,-1,-1,-1,1,1,E01004787,0
Unvalidated,2024061424403,2024,061424403,2,19,0,-1,-1,-1,-1,-1,-1,-1,-1,0,-1,1,6,3,-1,-1,-1,-1,-1,-1,-1,-1,-1,0
Unvalidated,2024061424476,2024,061424476,1,8,-1,7,7,5,0,1,0,0,0,0,1,1,1,3,-1,-1,-1,-1,-1,-1,-1,-1,-1,0
Unvalidated,2024061424563,2024,061424563,1,8,0,5,7,3,0,1,0,0,0,0,1,1,1,1,-1,-1,-1,-1,-1,-1,-1,-1,-1,0
Unvalidated,2024061424563,2024,061424563,2,9,0,18,5,1,0,1,0,0,0,0,1,1,6,2,38,7,-1,-1,-1,-1,4,1,E01005298,0
Unvalidated,2024061424566,2024,061424566,1,9,-1,18,-1,-1,0,0,0,0,0,0,0,1,6,3,-1,-1,-1,-1,-1,-1,-1,-1,-1,0
Unvalidated,2024061424611,2024,061424611,1,9,0,18,8,4,0,0,0,0,0,0,1,1,6,1,19,4,-1,-1,-1,-1,1,1,E01004877,0
Unvalidated,2024061424611,2024,061424611,2,9,0,18,8,4,0,0,0,0,0,0,2,1,5,2,45,7,-1,-1,-1,-1,6,1,E01025433,0
Unvalidated,2024061424611,2024,061424611,3,9,0,4,8,4,0,0,0,0,0,0,2,1,6,1,-1,-1,-1,-1,-1,-1,7,1,E01004775,0
Unvalidated,2024061424658,2024,061424658,1,9,0,7,-1,-1,0,0,0,0,0,0,2,1,5,1,42,7,-1,-1,-1,-1,5,1,E01004913,0
Unvalidated,2024061424658,2024,061424658,2,9,0,7,-1,-1,0,0,0,0,0,0,3,1,6,3,-1,-1,-1,-1,-1,-1,-1,-1,-1,0
Unvalidated,2024061424686,2024,061424686,1,9,0,18,3,7,0,8,0,0,0,0,1,1,6,1,32,6,-1,-1,-1,-1,4,1,E01005870,0
Unvalidated,2024061424686,2024,061424686,2,9,0,9,7,5,0,1,0,0,0,0,1,1,6,1,33,6,-1,-1,-1,-1,9,1,E01005843,0
Unvalidated,2024061424710,2024,061424710,1,1,9,18,-1,-1,4,8,5,0,0,0,9,1,2,1,25,5,-1,-1,-1,-1,6,1,E01005154,0
Unvalidated,2024061424710,2024,061424710,2,9,0,7,-1,-1,0,6,0,0,0,0,1,1,6,1,-1,-1,-1,-1,-1,-1,-1,-1,-1,0
Unvalidated,2024061424718,2024,061424718,1,9,0,9,2,7,0,6,0,0,0,0,3,1,6,1,54,8,-1,-1,-1,-1,3,1,E01005212,0
Unvalidated,2024061424718,2024,061424718,2,8,0,18,7,4,0,8,0,0,0,0,1,1,1,1,41,7,-1,-1,-1,-1,4,1,E01005029,0
Unvalidated,2024061424767,2024,061424767,1,9,0,18,3,7,0,8,0,0,0,0,1,1,2,3,31,6,-1,-1,-1,-1,3,1,E01006341,0
Unvalidated,2024061424802,2024,061424802,1,9,0,3,-1,-1,99,2,0,0,0,0,3,1,2,1,27,6,-1,-1,-1,-1,3,1,E01005505,0
Unvalidated,2024061424802,2024,061424802,2,9,0,18,-1,-1,99,2,0,0,0,0,1,1,6,3,-1,-1,-1,-1,-1,-1,-1,-1,-1,0
Unvalidated,2024061424831,2024,061424831,1,9,0,-1,-1,-1,-1,0,-1,-1,-1,0,1,1,6,1,81,11,-1,-1,-1,-1,10,1,E01005052,0
Unvalidated,2024061425036,2024,061425036,1,9,0,18,5,1,0,0,2,0,0,0,1,1,6,2,33,6,-1,-1,-1,-1,1,1,E01005123,0
Unvalidated,2024061425036,2024,061425036,2,9,0,18,5,1,0,0,0,0,0,0,3,1,6,2,31,6,-1,-1,-1,-1,5,1,E01006044,0
Unvalidated,2024061425044,2024,061425044,1,9,0,12,1,5,0,0,0,0,0,0,0,1,6,3,-1,-1,-1,-1,-1,-1,-1,-1,-1,0
Unvalidated,2024061425044,2024,061425044,2,9,0,18,5,1,0,0,0,0,0,0,2,1,2,1,26,6,-1,-1,-1,-1,3,1,E01004889,0
Unvalidated,2024061425044,2024,061425044,3,9,0,18,1,5,0,0,0,0,0,0,1,1,2,2,34,6,-1,-1,-1,-1,-1,2,-1,0
Unvalidated,2024061425073,2024,061425073,1,9,0,18,5,1,0,0,2,0,1,2,4,1,6,1,69,10,-1,-1,-1,-1,8,1,E01006281,0
Unvalidated,2024061425073,2024,061425073,2,9,0,2,0,0,6,0,0,0,0,0,4,1,6,2,74,10,-1,-1,-1,-1,8,1,E01006285,0
Unvalidated,2024061425105,2024,061425105,1,19,0,18,2,6,0,0,0,0,0,0,1,1,1,1,61,9,-1,-1,-1,-1,8,1,E01005336,0
Unvalidated,2024061425190,2024,061425190,1,3,0,18,5,1,0,0,0,0,0,0,1,1,6,1,53,8,-1,-1,-1,-1,3,1,E01004916,0
Unvalidated,2024061425190,2024,061425190,2,9,0,18,1,5,0,0,0,0,0,0,1,1,6,1,55,8,-1,-1,-1,-1,3,1,E01004929,0
Unvalidated,2024061425308,2024,061425308,1,9,0,9,1,7,0,8,0,0,1,0,1,1,2,2,26,6,-1,-1,-1,-1,7,1,E01005393,0
Unvalidated,2024061425308,2024,061425308,2,9,0,18,7,3,0,8,0,0,0,0,4,1,2,2,60,9,-1,-1,-1,-1,4,1,E01005534,0
Unvalidated,2024061425375,2024,061425375,1,9,0,18,5,8,9,1,1,7,7,10,1,1,6,1,34,6,-1,-1,-1,-1,3,1,E01004909,0
Unvalidated,2024061425375,2024,061425375,2,9,0,2,0,0,9,6,0,0,0,0,2,1,6,3,-1,-1,-1,-1,-1,-1,-1,-1,-1,0
Unvalidated,2024061425375,2024,061425375,3,9,0,2,0,0,9,6,0,0,0,0,2,1,6,3,-1,-1,-1,-1,-1,-1,-1,-1,-1,0
Unvalidated,2024061425412,2024,061425412,1,9,0,18,7,3,0,0,0,0,0,0,1,1,6,2,-1,-1,-1,-1,-1,-1,-1,-1,-1,0
Unvalidated,2024061425414,2024,061425414,1,9,0,18,3,7,0,1,0,0,0,0,3,1,2,1,51,8,-1,-1,-1,-1,-1,-1,-1,0
Unvalidated,2024061425414,2024,061425414,2,8,0,18,5,1,0,1,0,0,0,0,1,1,1,1,50,8,-1,-1,-1,-1,5,1,E01006141,0
Unvalidated,2024061425421,2024,061425421,1,1,0,18,5,1,0,0,0,0,0,0,2,1,1,1,41,7,-1,-1,-1,-1,-1,-1,-1,0
Unvalidated,2024061425421,2024,061425421,2,11,0,18,3,7,0,0,0,0,0,0,1,1,1,1,59,9,-1,-1,-1,-1,-1,-1,-1,0
Unvalidated,2024061425444,2024,061425444,1,1,0,18,-1,-1,4,1,5,8,1,0,1,1,5,1,26,6,-1,-1,-1,-1,1,1,E01005133,0
Unvalidated,2024061425444,2024,061425444,2,9,0,2,-1,-1,99,1,0,0,0,0,3,1,6,1,-1,-1,-1,-1,-1,-1,-1,-1,-1,0
Unvalidated,2024061425595,2024,061425595,1,1,9,18,-1,-1,0,1,5,0,0,0,1,1,5,1,19,4,-1,-1,-1,-1,1,1,E01005063,0
Unvalidated,2024061425595,2024,061425595,2,9,9,18,-1,-1,0,1,0,0,0,0,1,1,6,3,-1,-1,-1,-1,-1,-1,-1,-1,-1,0
Unvalidated,2024061425630,2024,061425630,1,1,0,7,-1,-1,5,1,2,0,0,0,1,1,2,1,35,6,-1,-1,-1,-1,8,1,E01006174,0
Unvalidated,2024061425630,2024,061425630,2,9,0,18,6,2,5,8,1,0,0,0,1,1,6,1,-1,-1,-1,-1,-1,-1,-1,-1,-1,0
Unvalidated,2024061425671,2024,061425671,1,9,0,18,1,1,0,0,0,0,0,0,1,2,6,3,30,6,-1,-1,-1,-1,-1,-1,-1,0
Unvalidated,2024061425671,2024,061425671,2,9,0,10,1,1,0,0,0,0,0,0,2,2,6,2,46,8,-1,-1,-1,-1,1,1,E01005228,0
Unvalidated,2024061425743,2024,061425743,1,9,-1,-1,-1,-1,-1,0,-1,-1,-1,0,-1,1,6,3,-1,-1,-1,-1,-1,-1,-1,-1,-1,0
Unvalidated,2024061425743,2024,061425743,2,9,-1,-1,-1,-1,-1,0,-1,-1,-1,0,-1,1,6,3,33,6,-1,-1,-1,-1,4,1,E01005673,0
Unvalidated,2024061425756,2024,061425756,1,9,0,18,1,1,0,0,0,0,0,0,1,2,6,3,30,6,-1,-1,-1,-1,-1,-1,-1,0
Unvalidated,2024061425757,2024,061425757,1,1,9,18,-1,-1,0,9,5,0,0,0,1,1,2,1,27,6,-1,-1,-1,-1,7,1,E01009439,0
Unvalidated,2024061425757,2024,061425757,2,9,9,1,-1,-1,0,9,0,0,0,0,1,1,6,3,-1,-1,-1,-1,-1,-1,-1,-1,-1,0
Unvalidated,2024061425804,2024,061425804,1,9,0,-1,-1,-1,0,0,0,0,0,0,1,1,6,3,-1,-1,-1,-1,-1,-1,-1,-1,-1,0
Unvalidated,2024061425804,2024,061425804,2,9,0,-1,-1,-1,-1,0,0,0,0,0,2,1,6,2,51,8,-1,-1,-1,-1,2,1,E01005265,0
Unvalidated,2024061425901,2024,061425901,1,9,0,18,1,5,0,0,0,0,0,0,1,1,6,2,61,9,-1,-1,-1,-1,1,1,E01033666,0
Unvalidated,2024061425932,2024,061425932,1,9,0,18,5,1,0,8,0,0,0,0,1,1,5,1,47,8,-1,-1,-1,-1,2,1,E01005650,0
Unvalidated,2024061425947,2024,061425947,1,19,0,18,5,1,0,1,0,0,0,0,3,1,1,1,26,6,-1,-1,-1,-1,1,1,E01006105,0
Unvalidated,2024061425962,2024,061425962,1,9,0,18,8,4,0,8,1,0,3,11,1,1,6,1,42,7,-1,-1,-1,-1,2,1,E01006284,0
Unvalidated,2024061425962,2024,061425962,2,9,0,18,8,4,0,1,0,0,0,0,0,1,5,1,43,7,-1,-1,-1,-1,4,1,E01005730,0
Unvalidated,2024061425962,2024,061425962,3,9,0,18,3,7,0,8,0,10,1,11,3,1,2,1,38,7,-1,-1,-1,-1,1,1,E01005703,0
Unvalidated,2024061426004,2024,061426004,1,19,0,14,-1,-1,0,0,1,0,0,0,4,1,2,1,63,9,-1,-1,-1,-1,9,1,E01005019,0
Unvalidated,2024061426004,2024,061426004,2,1,0,4,-1,-1,0,0,2,0,0,0,3,1,6,1,-1,-1,-1,-1,-1,-1,-1,-1,-1,0
Unvalidated,2024061426042,2024,061426042,1,9,0,3,1,1,0,1,0,0,0,0,1,2,6,3,20,4,-1,-1,-1,-1,-1,-1,-1,0
Unvalidated,2024061426042,2024,061426042,2,3,0,18,3,7,0,1,0,0,0,0,1,1,1,1,30,6,-1,-1,-1,-1,2,1,E01004812,0
Unvalidated,2024061426139,2024,061426139,1,9,0,18,8,4,0,2,0,0,0,0,4,1,6,1,33,6,-1,-1,-1,-1,4,2,E01004782,0
Unvalidated,2024061426139,2024,061426139,2,1,0,18,1,5,0,8,0,0,0,0,1,1,6,1,49,8,-1,-1,-1,-1,4,1,E01004939,0
Unvalidated,2024061426157,2024,061426157,1,9,0,99,-1,-1,99,5,0,0,0,0,3,1,5,2,33,6,-1,-1,-1,-1,2,1,E01005949,0
Unvalidated,2024061426199,2024,061426199,1,9,0,3,-1,-1,0,4,0,0,0,0,2,1,5,1,33,6,-1,-1,-1,-1,2,1,E01004969,0
Unvalidated,2024061426199,2024,061426199,2,9,0,18,-1,-1,0,4,0,0,0,0,1,1,6,3,-1,-1,-1,-1,-1,-1,-1,-1,-1,0
Unvalidated,2024061426228,2024,061426228,1,19,0,18,-1,-1,0,8,0,0,0,0,2,1,5,2,46,8,-1,-1,-1,-1,3,1,E01006061,0
Unvalidated,2024061426228,2024,061426228,2,97,0,18,-1,-1,0,8,9,0,0,0,1,1,6,1,-1,-1,-1,-1,-1,-1,1,1,E01005947,0
Unvalidated,2024061426314,2024,061426314,1,9,0,18,5,1,0,0,0,0,0,0,1,1,6,1,54,8,-1,-1,-1,-1,4,1,E01013353,0
Unvalidated,2024061426314,2024,061426314,2,8,0,3,5,1,0,0,0,0,0,0,2,1,6,1,60,9,-1,-1,-1,-1,4,1,E01005476,0
Unvalidated,2024061426317,2024,061426317,1,19,0,9,5,7,0,8,0,0,0,0,3,1,1,1,35,6,-1,-1,-1,-1,1,1,E01004856,0
Unvalidated,2024061426317,2024,061426317,2,1,0,18,5,1,4,8,0,0,0,0,1,1,5,1,58,9,-1,-1,-1,-1,6,1,E01005078,0
Unvalidated,2024061426453,2024,061426453,1,1,0,18,2,6,0,8,0,0,0,0,4,1,1,1,35,6,-1,-1,-1,-1,1,1,E01005063,0
Unvalidated,2024061426453,2024,061426453,2,9,0,7,6,4,0,1,0,0,0,0,3,1,6,3,-1,-1,-1,-1,-1,-1,-1,-1,-1,0
Unvalidated,2024061426500,2024,061426500,1,9,0,18,3,7,0,8,9,0,0,0,4,1,5,1,54,8,-1,-1,-1,-1,2,1,E01005326,0
Unvalidated,2024061426500,2024,061426500,2,9,0,9,5,3,0,6,0,0,0,0,1,1,6,3,100,11,-1,-1,-1,-1,-1,-1,-1,0
Unvalidated,2024061426551,2024,061426551,1,9,0,5,-1,-1,0,0,0,0,0,0,1,1,5,2,34,6,-1,-1,-1,-1,2,1,E01004972,0
Unvalidated,2024061426551,2024,061426551,2,9,0,18,-1,-1,0,0,0,0,0,0,3,1,6,1,-1,-1,-1,-1,-1,-1,-1,-1,-1,0
Unvalidated,2024061426554,2024,061426554,1,9,0,18,7,3,0,1,0,12,0,0,4,1,6,1,35,6,-1,-1,-1,-1,2,1,E01005026,0
Unvalidated,2024061426556,2024,061426556,1,11,0,18,5,1,0,1,0,0,0,0,3,1,1,1,25,5,-1,-1,-1,-1,-1,-1,-1,0
Unvalidated,2024061426720,2024,061426720,1,1,0,18,-1,-1,0,1,0,0,0,0,1,1,2,2,44,7,-1,-1,-1,-1,2,1,E01005122,0
Unvalidated,2024061426720,2024,061426720,2,9,0,16,-1,-1,0,2,0,0,0,0,1,1,6,1,-1,-1,-1,-1,-1,-1,1,1,E01005124,0
Unvalidated,2024061426762,2024,061426762,1,9,0,18,1,5,0,1,0,10,3,2,1,1,5,1,26,6,-1,-1,-1,-1,3,1,E01005262,0
Unvalidated,2024061426893,2024,061426893,1,9,0,18,1,5,0,0,0,0,0,0,1,1,6,1,28,6,-1,-1,-1,-1,8,1,E01004892,0
Unvalidated,2024061426893,2024,061426893,2,9,0,18,1,5,0,0,0,0,0,0,2,1,6,2,33,6,-1,-1,-1,-1,1,1,E01004801,0
Unvalidated,2024061426929,2024,061426929,2,9,0,18,1,5,6,0,0,0,0,0,1,1,6,1,30,6,-1,-1,-1,-1,-1,-1,-1,0
Unvalidated,2024061426929,2024,061426929,3,9,0,18,1,5,0,0,1,4,1,0,1,1,6,1,37,7,-1,-1,-1,-1,-1,-1,-1,0
Unvalidated,2024061427009,2024,061427009,1,9,0,9,7,4,0,5,0,0,0,0,3,1,2,1,25,5,-1,-1,-1,-1,-1,-1,-1,0
Unvalidated,2024061427062,2024,061427062,1,9,0,18,7,3,0,8,0,0,0,0,1,1,1,1,54,8,-1,-1,-1,-1,2,1,E01005376,0
Unvalidated,2024061427062,2024,061427062,2,9,0,9,1,5,0,6,0,0,0,0,1,1,1,1,31,6,-1,-1,-1,-1,2,1,E01005320,0
Unvalidated,2024061427193,2024,061427193,1,9,0,18,6,2,0,0,0,0,0,0,1,1,2,1,20,4,-1,-1,-1,-1,8,1,E01007075,0
Unvalidated,2024061427193,2024,061427193,2,9,0,4,6,2,0,0,0,0,0,0,2,1,2,1,24,5,-1,-1,-1,-1,-1,-1,-1,0
Unvalidated,2024061427255,2024,061427255,1,1,0,18,-1,-1,4,0,0,99,1,0,3,1,2,1,20,4,-1,-1,-1,-1,2,1,E01006107,0
Unvalidated,2024061427255,2024,061427255,2,19,0,3,-1,-1,4,0,0,99,1,0,1,1,6,1,-1,-1,-1,-1,-1,-1,5,1,E01006121,0
Unvalidated,2024061427285,2024,061427285,1,9,0,18,2,6,0,0,0,0,0,0,1,1,6,1,24,5,-1,-1,-1,-1,1,1,E01032912,0
Unvalidated,2024061427285,2024,061427285,2,9,0,3,2,6,0,0,0,0,0,0,2,1,1,1,27,6,-1,-1,-1,-1,1,1,E01006023,0
Unvalidated,2024061427285,2024,061427285,3,9,0,3,2,6,0,0,0,0,0,0,2,1,5,1,43,7,-1,-1,-1,-1,4,1,E01005474,0
Unvalidated,2024061427326,2024,061427326,1,9,-1,-1,-1,-1,-1,-1,-1,-1,-1,0,-1,1,5,3,-1,-1,-1,-1,-1,-1,-1,-1,-1,0
Unvalidated,2024061427363,2024,061427363,1,9,0,18,1,1,0,1,0,0,0,0,1,2,6,3,30,6,-1,-1,-1,-1,-1,-1,-1,0
Unvalidated,2024061427363,2024,061427363,2,9,0,18,1,1,0,1,0,0,0,0,1,2,6,1,70,10,-1,-1,-1,-1,9,1,E01004968,0
Unvalidated,2024061427364,2024,061427364,1,9,0,5,5,7,0,6,0,0,0,0,1,1,6,2,99,11,-1,-1,-1,-1,-1,-1,-1,0
Unvalidated,2024061427364,2024,061427364,2,9,0,3,3,7,0,8,0,0,0,0,4,1,3,2,43,7,-1,-1,-1,-1,6,1,E01005940,0
Unvalidated,2024061427371,2024,061427371,1,9,0,18,3,7,0,0,0,0,0,0,1,1,6,1,-1,-1,-1,-1,-1,-1,-1,-1,-1,0
Unvalidated,2024061427371,2024,061427371,2,9,0,18,3,7,0,0,0,0,0,0,2,1,1,1,50,8,-1,-1,-1,-1,2,1,E01005146,0
Unvalidated,2024061427415,2024,061427415,1,9,0,18,7,3,0,4,0,11,0,0,1,1,2,1,60,9,-1,-1,-1,-1,-1,-1,-1,0
Unvalidated,2024061427415,2024,061427415,2,1,0,18,1,5,0,8,0,0,0,0,1,1,2,1,68,10,-1,-1,-1,-1,-1,-1,-1,0
Unvalidated,2024061427442,2024,061427442,1,9,0,9,1,5,0,6,0,0,0,0,3,1,5,2,41,7,-1,-1,-1,-1,1,1,E01005799,0
Unvalidated,2024061427442,2024,061427442,2,9,0,18,3,7,0,8,0,0,0,0,1,1,1,2,26,6,-1,-1,-1,-1,1,1,E01005762,0
Unvalidated,2024061427623,2024,061427623,1,1,0,18,-1,-1,0,8,0,0,0,0,2,1,2,1,33,6,-1,-1,-1,-1,5,1,E01006118,0
Unvalidated,2024061427623,2024,061427623,2,9,0,11,-1,-1,0,3,0,0,0,0,1,1,6,3,-1,-1,-1,-1,-1,-1,-1,-1,-1,0
Unvalidated,2024061427629,2024,061427629,1,9,0,3,-1,-1,0,0,0,0,0,0,2,1,5,2,50,8,-1,-1,-1,-1,1,1,E01006357,0
Unvalidated,2024061427629,2024,061427629,2,9,-1,-1,-1,-1,-1,0,-1,-1,-1,0,-1,1,6,3,-1,-1,-1,-1,-1,-1,-1,-1,-1,0
Unvalidated,2024061427687,2024,061427687,1,9,-1,15,8,8,0,1,1,10,0,0,1,1,6,3,-1,-1,-1,-1,-1,-1,-1,-1,-1,0
Unvalidated,2024061427687,2024,061427687,2,9,0,4,8,8,0,1,1,0,0,0,3,1,6,2,49,8,-1,-1,-1,-1,2,1,E01005337,0
Unvalidated,2024061427687,2024,061427687,3,9,0,3,4,4,0,1,1,0,0,0,3,1,6,1,43,7,-1,-1,-1,-1,5,1,E01005439,0
Unvalidated,2024061427687,2024,061427687,4,9,0,18,8,8,0,1,0,0,0,0,0,1,5,1,32,6,-1,-1,-1,-1,-1,-1,-1,0
Unvalidated,2024061427755,2024,061427755,1,9,0,18,5,5,0,1,0,0,0,0,1,1,5,1,34,6,-1,-1,-1,-1,-1,-1,-1,0
Unvalidated,2024061427755,2024,061427755,2,19,0,9,5,5,0,5,0,0,0,0,3,1,1,1,45,7,-1,-1,-1,-1,1,1,E01004877,0
Unvalidated,2024061427861,2024,061427861,1,19,0,18,7,4,0,0,0,0,0,0,1,1,1,1,68,10,-1,-1,-1,-1,8,1,E01005571,0
Unvalidated,2024061427861,2024,061427861,2,19,0,2,0,0,0,0,0,0,0,0,2,1,6,3,-1,-1,-1,-1,-1,-1,-1,-1,-1,0
Unvalidated,2024061427861,2024,061427861,3,19,0,2,0,0,0,0,0,0,0,0,2,1,6,3,-1,-1,-1,-1,-1,-1,-1,-1,-1,0
Unvalidated,2024061427861,2024,061427861,4,19,0,2,0,0,0,0,0,0,0,0,2,1,6,3,-1,-1,-1,-1,-1,-1,-1,-1,-1,0
Unvalidated,2024061428121,2024,061428121,1,9,0,18,1,5,0,8,0,0,0,0,1,1,6,2,24,5,-1,-1,-1,-1,1,1,E01005243,0
Unvalidated,2024061428121,2024,061428121,2,9,0,18,3,7,0,8,0,0,0,0,4,1,6,1,27,6,-1,-1,-1,-1,-1,-1,-1,0
Unvalidated,2024061428332,2024,061428332,1,9,0,9,5,3,0,6,0,0,0,0,1,1,6,1,19,4,-1,-1,-1,-1,1,1,E01032921,0
Unvalidated,2024061428364,2024,061428364,1,9,0,18,4,8,0,1,0,0,0,0,1,1,6,2,29,6,-1,-1,-1,-1,1,1,E01005653,0
Unvalidated,2024061428364,2024,061428364,2,9,0,18,4,8,0,1,0,0,0,0,2,1,5,1,43,7,-1,-1,-1,-1,2,1,E01004980,0
Unvalidated,2024061428401,2024,061428401,1,9,0,12,7,3,0,0,0,0,0,0,1,1,5,1,20,4,-1,-1,-1,-1,2,1,E01004873,0
Unvalidated,2024061428401,2024,061428401,2,9,0,3,7,3,0,0,0,0,0,0,2,1,5,1,36,7,-1,-1,-1,-1,3,1,E01005013,0
Unvalidated,2024061428428,2024,061428428,1,9,0,3,-1,-1,0,3,0,0,0,0,2,1,5,1,49,8,-1,-1,-1,-1,3,1,E01004772,0
Unvalidated,2024061428459,2024,061428459,1,9,0,18,-1,-1,0,0,1,7,5,6,3,1,5,1,28,6,-1,-1,-1,-1,10,1,E01015912,0
Unvalidated,2024061428459,2024,061428459,2,21,0,11,-1,-1,0,0,0,0,0,0,4,1,6,1,-1,-1,-1,-1,-1,-1,-1,-1,-1,0
Unvalidated,2024061428497,2024,061428497,1,9,0,18,5,5,0,1,0,0,0,0,4,1,6,1,37,7,-1,-1,-1,-1,-1,-1,-1,0
Unvalidated,2024061428502,2024,061428502,1,9,0,9,5,3,0,8,0,0,0,0,1,1,5,1,42,7,-1,-1,-1,-1,2,1,E01005400,0
Unvalidated,2024061428502,2024,061428502,2,3,0,18,1,5,0,8,0,0,0,0,3,1,1,1,33,6,-1,-1,-1,-1,2,1,E01005337,0
Unvalidated,2024061428542,2024,061428542,1,9,0,18,2,6,0,1,0,0,0,0,1,1,6,1,48,8,-1,-1,-1,-1,-1,-1,-1,0
Unvalidated,2024061428542,2024,061428542,2,23,0,18,4,8,0,6,0,0,0,0,3,1,6,1,20,4,-1,-1,-1,-1,-1,-1,-1,0
Unvalidated,2024061428714,2024,061428714,1,9,0,3,-1,-1,0,0,0,0,0,0,2,1,5,2,35,6,-1,-1,-1,-1,2,1,E01005600,0
Unvalidated,2024061428714,2024,061428714,2,9,0,18,-1,-1,0,0,0,99,0,0,1,1,6,1,-1,-1,-1,-1,-1,-1,-1,-1,-1,0
Unvalidated,2024061428840,2024,061428840,1,9,0,-1,3,7,-1,0,0,0,0,0,1,1,-1,1,29,6,-1,-1,-1,-1,5,1,E01006206,0
Unvalidated,2024061428840,2024,061428840,2,9,0,-1,3,7,-1,0,0,0,0,0,1,1,-1,1,66,10,-1,-1,-1,-1,1,1,E01010748,0
Unvalidated,2024061428840,2024,061428840,3,8,0,-1,3,7,-1,0,0,0,0,0,1,1,-1,1,60,9,-1,-1,-1,-1,-1,-1,-1,0