status,collision_index,collision_year,collision_reference,vehicle_reference,vehicle_type,towing_and_articulation,vehicle_manoeuvre,vehicle_direction_from,vehicle_direction_to,vehicle_location_restricted_lane,junction_location,skidding_and_overturning,hit_object_in_carriageway,vehicle_leaving_carriageway,hit_object_off_carriageway,first_point_of_impact,vehicle_left_hand_drive,journey_purpose_of_driver,sex_of_driver,age_of_driver,age_band_of_driver,engine_capacity_cc,propulsion_code,age_of_vehicle,generic_make_model,driver_imd_decile,driver_home_area_type,lsoa_of_driver,escooter_flag
Unvalidated,2024061428840,2024,061428840,4,9,0,-1,3,5,-1,0,0,0,0,0,0,1,-1,-1,-1,-1,-1,-1,-1,-1,-1,-1,-1,0
Unvalidated,2024061428941,2024,061428941,1,9,0,9,4,8,0,5,0,0,0,0,1,1,6,2,38,7,-1,-1,-1,-1,7,1,E01005875,0
Unvalidated,2024061428941,2024,061428941,2,3,0,18,8,4,0,1,0,0,0,0,1,1,6,1,33,6,-1,-1,-1,-1,-1,-1,-1,0
Unvalidated,2024061429239,2024,061429239,1,9,0,4,1,5,0,0,0,0,0,0,1,1,1,1,60,9,-1,-1,-1,-1,5,1,E01019529,0
Unvalidated,2024061429239,2024,061429239,2,9,0,2,0,0,0,0,0,0,0,0,1,1,6,2,57,9,-1,-1,-1,-1,4,1,E01005247,0
Unvalidated,2024061429239,2024,061429239,3,9,0,2,0,0,0,0,0,0,0,0,2,1,6,2,59,9,-1,-1,-1,-1,-1,-1,-1,0
Unvalidated,2024061429361,2024,061429361,1,9,0,9,8,6,0,8,0,0,0,0,4,1,5,2,19,4,-1,-1,-1,-1,8,1,E01025602,0
Unvalidated,2024061429361,2024,061429361,2,9,0,18,3,7,0,8,0,0,0,0,1,1,2,1,22,5,-1,-1,-1,-1,1,1,E01005202,0
Unvalidated,2024061429394,2024,061429394,1,9,0,18,7,2,0,2,0,0,0,0,1,1,6,1,39,7,-1,-1,-1,-1,2,1,E01005237,0
Unvalidated,2024061429397,2024,061429397,1,1,9,3,-1,-1,0,0,5,0,0,0,1,1,2,1,36,7,-1,-1,-1,-1,1,1,E01005209,0
Unvalidated,2024061429397,2024,061429397,2,9,9,1,-1,-1,0,0,0,0,0,0,1,1,6,3,-1,-1,-1,-1,-1,-1,-1,-1,-1,0
Unvalidated,2024061429523,2024,061429523,1,21,-1,13,-1,-1,0,0,0,0,0,0,3,1,6,3,-1,-1,-1,-1,-1,-1,-1,-1,-1,0
Unvalidated,2024061429523,2024,061429523,2,9,0,18,-1,-1,0,0,0,0,1,0,3,1,5,2,55,8,-1,-1,-1,-1,4,1,E01006022,0
Unvalidated,2024061429650,2024,061429650,1,9,0,18,7,3,0,1,0,4,0,0,1,1,6,1,34,6,-1,-1,-1,-1,9,2,E01005022,0
Unvalidated,2024061429650,2024,061429650,2,9,0,2,0,0,0,1,1,0,0,0,2,1,6,2,50,8,-1,-1,-1,-1,-1,-1,-1,0
Unvalidated,2024061429650,2024,061429650,3,9,0,18,7,3,0,1,0,0,0,0,4,1,6,1,55,8,-1,-1,-1,-1,9,1,E01005049,0
Unvalidated,2024061429735,2024,061429735,1,9,0,18,1,5,9,1,0,0,1,0,1,1,5,1,57,9,-1,-1,-1,-1,3,1,E01006380,0
Unvalidated,2024061429748,2024,061429748,1,9,0,5,-1,-1,0,1,0,0,0,0,0,1,5,2,53,8,-1,-1,-1,-1,8,1,E01006232,0
Unvalidated,2024061429793,2024,061429793,1,9,0,18,-1,-1,0,8,1,0,0,0,2,1,5,1,45,7,-1,-1,-1,-1,3,1,E01005308,0
Unvalidated,2024061429793,2024,061429793,2,9,-1,-1,-1,-1,-1,-1,-1,-1,-1,0,-1,1,6,3,-1,-1,-1,-1,-1,-1,-1,-1,-1,0
Unvalidated,2024061429794,2024,061429794,1,9,0,5,6,1,0,0,0,0,0,0,3,1,6,3,30,6,-1,-1,-1,-1,-1,-1,-1,0
Unvalidated,2024061429794,2024,061429794,2,9,0,3,2,5,0,0,0,0,0,0,3,1,6,1,28,6,-1,-1,-1,-1,4,1,E01005462,0
Unvalidated,2024061429913,2024,061429913,1,9,0,7,-1,-1,0,8,-1,-1,-1,0,3,1,6,3,-1,-1,-1,-1,-1,-1,2,1,E01004886,0
Unvalidated,2024061429913,2024,061429913,2,9,-1,18,-1,-1,0,8,1,-1,-1,0,-1,1,6,1,32,6,-1,-1,-1,-1,2,1,E01005320,0
Unvalidated,2024061430219,2024,061430219,1,9,0,18,6,2,0,0,0,0,0,0,1,1,6,2,39,7,-1,-1,-1,-1,-1,-1,-1,0
Unvalidated,2024061430219,2024,061430219,2,90,0,2,1,1,0,0,0,0,0,0,2,1,6,3,-1,-1,-1,-1,-1,-1,-1,-1,-1,0
Unvalidated,2024061430244,2024,061430244,1,9,0,18,5,1,9,2,0,0,1,0,1,1,6,1,24,5,-1,-1,-1,-1,6,1,E01004912,0
Unvalidated,2024061430268,2024,061430268,1,9,0,18,5,1,0,0,0,0,1,0,2,1,5,2,-1,-1,-1,-1,-1,-1,2,1,E01015608,0
Unvalidated,2024061430268,2024,061430268,2,9,0,18,5,1,0,0,0,0,0,0,1,1,6,3,-1,-1,-1,-1,-1,-1,-1,-1,-1,0
Unvalidated,2024061430318,2024,061430318,1,11,0,18,7,3,0,0,0,0,0,0,1,1,1,1,40,7,-1,-1,-1,-1,-1,-1,-1,0
Unvalidated,2024061430624,2024,061430624,1,19,0,5,8,2,0,1,0,0,0,0,1,1,1,1,21,5,-1,-1,-1,-1,-1,-1,-1,0
Unvalidated,2024061430644,2024,061430644,1,11,0,18,7,3,0,1,0,0,0,0,0,1,1,1,53,8,-1,-1,-1,-1,1,1,E01004823,0
Unvalidated,2024061430644,2024,061430644,2,9,0,6,7,6,0,1,0,0,0,0,0,1,6,3,-1,-1,-1,-1,-1,-1,-1,-1,-1,0
Unvalidated,2024061430668,2024,061430668,1,9,0,18,3,7,0,2,0,0,7,11,1,1,6,2,17,4,-1,-1,-1,-1,1,1,E01005638,0
Unvalidated,2024061430668,2024,061430668,2,9,0,18,5,1,0,8,0,0,1,0,1,1,6,1,27,6,-1,-1,-1,-1,4,1,E01005309,0
Unvalidated,2024061430709,2024,061430709,1,21,1,13,8,4,0,0,0,0,0,0,1,1,1,1,30,6,-1,-1,-1,-1,1,1,E01006446,0
Unvalidated,2024061430709,2024,061430709,2,9,0,18,8,4,0,0,0,0,0,0,2,1,6,1,67,10,-1,-1,-1,-1,6,2,E01010640,0
Unvalidated,2024061430832,2024,061430832,1,9,0,18,3,7,0,1,0,0,7,2,1,1,2,1,59,9,-1,-1,-1,-1,1,1,E01005070,0
Unvalidated,2024061430909,2024,061430909,1,1,0,16,-1,-1,0,3,5,0,0,0,2,1,5,1,58,9,-1,-1,-1,-1,10,1,E01004842,0
Unvalidated,2024061430909,2024,061430909,2,9,0,16,-1,-1,0,3,0,0,0,0,1,1,6,2,-1,-1,-1,-1,-1,-1,-1,-1,-1,0
Unvalidated,2024061430928,2024,061430928,1,9,0,18,5,1,0,1,0,0,0,0,1,1,5,2,30,6,-1,-1,-1,-1,1,1,E01006240,0
Unvalidated,2024061430928,2024,061430928,2,22,0,18,7,3,0,6,0,0,0,0,1,1,5,1,87,11,-1,-1,-1,-1,-1,-1,-1,0
Unvalidated,2024061430929,2024,061430929,1,8,0,4,-1,-1,0,1,0,0,0,0,1,1,1,1,55,8,-1,-1,-1,-1,1,1,E01005947,0
Unvalidated,2024061430929,2024,061430929,2,9,9,18,-1,-1,0,1,0,4,0,0,1,1,6,3,-1,-1,-1,-1,-1,-1,-1,-1,-1,0
Unvalidated,2024061431049,2024,061431049,1,20,0,18,3,7,0,0,0,7,0,0,1,1,6,1,42,7,-1,-1,-1,-1,8,1,E01005852,0
Unvalidated,2024061431154,2024,061431154,1,9,0,11,3,7,0,0,5,0,0,0,1,1,6,1,18,4,-1,-1,-1,-1,5,1,E01011820,0
Unvalidated,2024061431154,2024,061431154,2,9,0,4,3,7,0,0,0,0,0,0,2,1,6,1,42,7,-1,-1,-1,-1,-1,-1,-1,0
Unvalidated,2024061431154,2024,061431154,3,21,1,18,3,7,0,0,0,0,0,0,1,1,1,1,46,8,-1,-1,-1,-1,4,1,E01005710,0
Unvalidated,2024061431226,2024,061431226,1,9,0,2,0,0,9,2,0,0,0,0,4,1,5,1,21,5,-1,-1,-1,-1,1,1,E01004839,0
Unvalidated,2024061431259,2024,061431259,1,9,0,-1,-1,-1,-1,0,-1,-1,-1,0,-1,1,6,3,-1,-1,-1,-1,-1,-1,-1,-1,-1,0
Unvalidated,2024061431259,2024,061431259,2,9,0,2,-1,-1,0,0,0,4,0,0,2,1,3,1,55,8,-1,-1,-1,-1,4,1,E01006104,0
Unvalidated,2024061431304,2024,061431304,1,9,0,5,1,1,0,6,0,0,0,0,3,1,6,1,41,7,-1,-1,-1,-1,-1,-1,-1,0
Unvalidated,2024061431304,2024,061431304,2,5,0,18,3,7,0,1,0,0,0,0,1,1,6,1,56,9,-1,-1,-1,-1,-1,-1,-1,0
Unvalidated,2024061431352,2024,061431352,1,9,0,7,2,5,0,6,0,0,0,0,1,1,6,1,22,5,-1,-1,-1,-1,-1,-1,-1,0
Unvalidated,2024061431352,2024,061431352,2,9,0,10,5,1,0,1,0,0,0,0,1,1,5,2,39,7,-1,-1,-1,-1,2,1,E01005949,0
Unvalidated,2024061431352,2024,061431352,3,9,0,7,2,5,0,8,0,0,0,0,0,1,5,1,24,5,-1,-1,-1,-1,2,1,E01005950,0
Unvalidated,2024061431356,2024,061431356,1,1,0,18,1,5,0,8,0,0,0,0,3,1,5,1,16,4,-1,-1,-1,-1,4,1,E01005718,0
Unvalidated,2024061431356,2024,061431356,2,8,0,18,7,3,0,1,0,0,0,0,1,1,1,1,44,7,-1,-1,-1,-1,1,1,E01005196,0
Unvalidated,2024061431408,2024,061431408,1,19,0,18,5,1,0,1,0,0,0,0,1,1,6,3,30,6,-1,-1,-1,-1,-1,-1,-1,0
Unvalidated,2024061431408,2024,061431408,2,9,0,18,5,1,0,1,0,0,0,0,1,1,1,1,32,6,-1,-1,-1,-1,-1,-1,-1,0
Unvalidated,2024061431408,2024,061431408,3,9,0,18,7,3,0,1,0,0,0,0,0,1,1,1,26,6,-1,-1,-1,-1,-1,-1,-1,0
Unvalidated,2024061431408,2024,061431408,4,9,0,18,3,7,0,1,0,0,0,0,0,1,1,2,28,6,-1,-1,-1,-1,2,1,E01005950,0
Unvalidated,2024061431408,2024,061431408,5,9,0,18,2,5,0,1,0,0,0,0,3,1,6,2,20,4,-1,-1,-1,-1,-1,-1,-1,0
Unvalidated,2024061431566,2024,061431566,1,5,0,18,7,2,0,2,1,10,0,0,1,1,5,1,31,6,-1,-1,-1,-1,10,1,E01005909,0
Unvalidated,2024061431789,2024,061431789,1,9,0,9,7,1,0,1,0,0,0,0,1,1,2,2,63,9,-1,-1,-1,-1,2,1,E01005720,0
Unvalidated,2024061431789,2024,061431789,2,1,0,18,5,1,0,1,0,0,0,0,1,1,6,3,-1,-1,-1,-1,-1,-1,-1,-1,-1,0
Unvalidated,2024061431806,2024,061431806,1,98,0,4,4,8,0,0,0,0,0,0,1,1,6,3,-1,-1,-1,-1,-1,-1,-1,-1,-1,0
Unvalidated,2024061431975,2024,061431975,1,1,0,18,-1,-1,0,0,5,0,0,0,4,1,5,2,21,5,-1,-1,-1,-1,5,1,E01005153,0
Unvalidated,2024061431975,2024,061431975,2,9,0,18,-1,-1,0,0,0,0,0,0,1,1,6,2,-1,-1,-1,-1,-1,-1,6,1,E01006146,0
Unvalidated,2024061432041,2024,061432041,1,9,-1,18,7,3,0,0,0,0,0,0,1,1,6,1,-1,-1,-1,-1,-1,-1,6,1,E01004973,0
Unvalidated,2024061432258,2024,061432258,1,9,0,99,-1,-1,0,9,9,0,0,0,4,1,5,2,23,5,-1,-1,-1,-1,2,1,E01005959,0
Unvalidated,2024061432258,2024,061432258,2,8,0,3,1,3,0,1,9,0,0,0,3,2,6,1,-1,-1,-1,-1,-1,-1,-1,-1,-1,0
Unvalidated,2024061432308,2024,061432308,1,98,1,7,3,1,0,6,0,0,0,0,4,1,1,1,47,8,-1,-1,-1,-1,7,3,E01019726,0
Unvalidated,2024061432366,2024,061432366,1,19,0,18,-1,-1,0,0,0,0,0,0,2,1,1,1,24,5,-1,-1,-1,-1,8,2,E01020680,0
Unvalidated,2024061432366,2024,061432366,2,9,0,18,-1,-1,0,0,0,0,0,0,1,1,6,1,-1,-1,-1,-1,-1,-1,-1,-1,-1,0
Unvalidated,2024061432374,2024,061432374,1,1,0,13,7,3,0,2,0,0,0,0,1,1,2,1,34,6,-1,-1,-1,-1,4,1,E01005675,0
Unvalidated,2024061432374,2024,061432374,2,9,0,18,3,7,0,1,0,0,0,0,2,1,1,1,41,7,-1,-1,-1,-1,5,1,E01025605,0
Unvalidated,2024061432385,2024,061432385,1,9,0,18,5,8,0,0,0,0,7,11,1,1,6,1,41,7,-1,-1,-1,-1,1,1,E01024942,0
Unvalidated,2024061432385,2024,061432385,2,11,0,18,8,5,2,0,0,0,1,4,2,1,1,2,45,7,-1,-1,-1,-1,3,1,E01025269,0
Unvalidated,2024061432386,2024,061432386,1,9,0,3,-1,-1,0,0,0,0,0,0,2,1,2,1,37,7,-1,-1,-1,-1,2,1,E01005600,0
Unvalidated,2024061432386,2024,061432386,2,9,0,99,-1,-1,0,0,0,0,0,0,1,1,6,1,-1,-1,-1,-1,-1,-1,-1,-1,-1,0
Unvalidated,2024061432396,2024,061432396,1,9,0,5,3,7,0,2,0,0,0,0,1,1,5,2,27,6,-1,-1,-1,-1,9,1,E01006017,0
Unvalidated,2024061432396,2024,061432396,2,11,0,18,1,5,0,1,0,0,0,0,1,1,1,2,53,8,-1,-1,-1,-1,-1,-1,-1,0
Unvalidated,2024061432400,2024,061432400,1,1,0,18,-1,-1,0,1,0,10,7,0,3,1,5,1,52,8,-1,-1,-1,-1,7,1,E01006127,0
Unvalidated,2024061432400,2024,061432400,2,9,0,9,-1,-1,0,5,0,0,0,0,1,1,6,1,34,6,-1,-1,-1,-1,8,1,E01012565,0
Unvalidated,2024061432489,2024,061432489,1,1,0,14,-1,-1,0,8,0,0,0,0,1,1,2,1,53,8,-1,-1,-1,-1,2,1,E01005438,0
Unvalidated,2024061432489,2024,061432489,2,9,0,9,-1,-1,0,8,0,0,0,0,4,1,6,2,-1,-1,-1,-1,-1,-1,-1,-1,-1,0
Unvalidated,2024061432756,2024,061432756,1,1,0,13,3,7,0,2,0,0,0,0,2,1,6,1,15,3,-1,-1,-1,-1,-1,-1,-1,0
Unvalidated,2024061432756,2024,061432756,2,9,0,18,3,7,0,2,0,0,0,0,1,1,5,1,78,11,-1,-1,-1,-1,2,1,E01004959,0
Unvalidated,2024061432806,2024,061432806,1,9,0,18,2,6,0,1,1,0,0,0,1,1,5,1,57,9,-1,-1,-1,-1,6,1,E01005643,0
Unvalidated,2024061432806,2024,061432806,2,3,0,5,2,6,0,1,1,0,0,0,2,1,6,1,20,4,-1,-1,-1,-1,1,1,E01005725,0
Unvalidated,2024061432815,2024,061432815,1,9,0,5,5,3,0,1,0,0,0,0,4,1,6,2,27,6,-1,-1,-1,-1,8,1,E01012584,0
Unvalidated,2024061432815,2024,061432815,2,9,0,18,7,3,0,1,0,0,0,0,1,1,2,1,67,10,-1,-1,-1,-1,9,1,W01001351,0
Unvalidated,2024061432845,2024,061432845,1,1,0,18,-1,-1,4,0,2,0,1,0,1,1,1,1,38,7,-1,-1,-1,-1,2,1,E01033680,0
Unvalidated,2024061432882,2024,061432882,1,9,0,18,3,7,0,0,0,0,0,0,0,1,6,3,50,8,-1,-1,-1,-1,-1,-1,-1,0
Unvalidated,2024061432882,2024,061432882,2,9,0,18,2,7,0,0,1,0,1,0,3,1,5,1,87,11,-1,-1,-1,-1,2,1,E01005371,0
Unvalidated,2024061432882,2024,061432882,3,21,1,18,2,7,0,0,0,0,0,0,4,1,1,1,34,6,-1,-1,-1,-1,4,1,E01005540,0
Unvalidated,2024061432892,2024,061432892,1,9,-1,-1,-1,-1,-1,0,-1,-1,-1,0,-1,1,6,3,79,11,-1,-1,-1,-1,9,1,E01004803,0
Unvalidated,2024061432904,2024,061432904,1,9,0,18,4,8,0,8,0,0,0,0,3,1,6,2,31,6,-1,-1,-1,-1,1,1,E01006060,0
Unvalidated,2024061432912,2024,061432912,1,9,-1,-1,-1,-1,-1,-1,-1,-1,-1,0,-1,1,6,3,-1,-1,-1,-1,-1,-1,-1,-1,-1,0
Unvalidated,2024061432930,2024,061432930,1,9,-1,-1,-1,-1,-1,-1,-1,-1,-1,0,-1,1,6,1,34,6,-1,-1,-1,-1,2,1,E01004812,0
Unvalidated,2024061432930,2024,061432930,2,9,-1,-1,-1,-1,-1,-1,-1,-1,-1,0,-1,1,6,3,71,10,-1,-1,-1,-1,3,1,E01004872,0
Unvalidated,2024061433098,2024,061433098,1,9,0,18,8,4,0,0,0,0,0,0,4,1,2,2,58,9,-1,-1,-1,-1,8,1,E01006128,0
Unvalidated,2024061433164,2024,061433164,1,10,0,18,6,2,0,1,0,0,0,0,3,1,6,3,-1,-1,-1,-1,-1,-1,-1,-1,-1,0
Unvalidated,2024061433171,2024,061433171,1,9,0,13,7,3,0,1,0,0,0,0,1,1,6,1,45,7,-1,-1,-1,-1,1,1,E01005539,0
Unvalidated,2024061433171,2024,061433171,2,9,0,10,7,3,0,5,0,0,0,0,2,1,5,2,38,7,-1,-1,-1,-1,-1,-1,-1,0
Unvalidated,2024061433225,2024,061433225,1,9,0,18,1,5,0,1,0,0,0,0,2,1,6,1,49,8,-1,-1,-1,-1,2,1,E01005376,0
Unvalidated,2024061433225,2024,061433225,2,9,0,7,3,7,0,1,0,0,0,0,1,1,6,1,38,7,-1,-1,-1,-1,8,1,E01005784,0
Unvalidated,2024061433291,2024,061433291,1,1,0,18,4,1,0,0,1,0,4,0,1,1,6,1,39,7,-1,-1,-1,-1,1,1,E01005123,0
Unvalidated,2024061433291,2024,061433291,2,9,0,18,6,1,0,0,1,10,0,0,1,1,5,1,19,4,-1,-1,-1,-1,6,1,E01005307,0
Unvalidated,2024061433444,2024,061433444,1,9,-1,-1,-1,-1,-1,0,-1,-1,-1,0,-1,1,6,3,63,9,-1,-1,-1,-1,-1,-1,-1,0
Unvalidated,2024061433444,2024,061433444,2,9,-1,-1,-1,-1,-1,0,-1,-1,-1,0,-1,1,6,3,17,4,-1,-1,-1,-1,1,1,E01006392,0
Unvalidated,2024061433527,2024,061433527,1,9,0,-1,-1,-1,-1,0,-1,-1,-1,0,-1,1,6,2,-1,-1,-1,-1,-1,-1,-1,-1,-1,0
Unvalidated,2024061433576,2024,061433576,1,9,0,18,2,6,0,1,0,0,0,0,3,1,5,1,31,6,-1,-1,-1,-1,1,1,E01005564,0
Unvalidated,2024061433576,2024,061433576,2,9,0,5,8,4,0,1,0,0,0,0,1,1,6,3,-1,-1,-1,-1,-1,-1,-1,-1,-1,0
Unvalidated,2024061433578,2024,061433578,1,9,0,10,-1,-1,0,2,0,0,0,0,2,1,5,1,53,8,-1,-1,-1,-1,1,1,E01005429,0
Unvalidated,2024061433578,2024,061433578,2,9,0,18,-1,-1,0,9,0,0,0,0,1,1,6,1,-1,-1,-1,-1,-1,-1,8,3,E01005416,0
Unvalidated,2024061433606,2024,061433606,1,9,0,-1,-1,-1,-1,-1,-1,-1,-1,0,-1,1,2,2,22,5,-1,-1,-1,-1,1,1,E01006108,0
Unvalidated,2024061433606,2024,061433606,2,90,0,-1,-1,-1,-1,-1,-1,-1,-1,0,-1,1,6,3,-1,-1,-1,-1,-1,-1,-1,-1,-1,0
Unvalidated,2024061433650,2024,061433650,1,2,0,3,7,3,0,0,0,0,0,0,1,1,6,1,17,4,-1,-1,-1,-1,5,1,E01005777,0
Unvalidated,2024061433650,2024,061433650,2,9,0,18,7,3,0,0,0,0,0,0,2,1,6,2,50,8,-1,-1,-1,-1,10,1,E01005787,0
Unvalidated,2024061433662,2024,061433662,1,8,0,9,1,5,0,2,0,0,0,0,3,1,1,1,34,6,-1,-1,-1,-1,2,1,E01004814,0
Unvalidated,2024061433662,2024,061433662,2,97,0,18,7,3,0,1,0,0,0,0,1,1,5,1,72,10,-1,-1,-1,-1,3,1,E01025379,0
Unvalidated,2024061433670,2024,061433670,1,9,0,9,-1,-1,99,0,0,0,0,0,1,1,5,2,56,9,-1,-1,-1,-1,1,1,E01005984,0
Unvalidated,2024061433670,2024,061433670,2,9,0,18,-1,-1,0,0,0,0,0,0,-1,1,6,1,53,8,-1,-1,-1,-1,5,1,E01006304,0
Unvalidated,2024061433724,2024,061433724,1,19,0,9,2,8,0,8,0,0,0,0,1,2,2,1,34,6,-1,-1,-1,-1,1,1,E01005722,0
Unvalidated,2024061433724,2024,061433724,2,3,0,18,6,2,0,1,2,0,0,0,1,1,6,1,24,5,-1,-1,-1,-1,3,1,E01032919,0
Unvalidated,2024061433777,2024,061433777,1,19,0,18,3,8,0,0,0,4,0,0,3,1,6,1,32,6,-1,-1,-1,-1,1,1,E01006305,0
Unvalidated,2024061433777,2024,061433777,2,9,0,18,3,7,0,0,0,0,0,0,1,1,1,1,31,6,-1,-1,-1,-1,-1,-1,-1,0
Unvalidated,2024061433777,2024,061433777,3,19,0,18,7,3,0,0,0,0,0,0,3,1,1,1,54,8,-1,-1,-1,-1,7,1,E01006330,0
Unvalidated,2024061433777,2024,061433777,4,9,0,18,4,7,0,0,0,0,0,0,3,1,5,1,50,8,-1,-1,-1,-1,2,1,E01012429,0
Unvalidated,2024061433777,2024,061433777,5,9,0,18,8,8,0,0,0,0,0,0,1,1,1,1,33,6,-1,-1,-1,-1,4,1,E01006294,0
Unvalidated,2024061433909,2024,061433909,1,9,0,11,6,6,0,1,0,0,0,0,1,1,5,1,32,6,-1,-1,-1,-1,1,1,E01004787,0
Unvalidated,2024061433909,2024,061433909,2,9,0,12,6,6,0,1,0,0,0,0,0,1,6,1,28,6,-1,-1,-1,-1,2,1,E01004907,0
Unvalidated,2024061433927,2024,061433927,1,9,0,3,-1,-1,0,0,9,0,0,0,2,1,5,1,64,9,-1,-1,-1,-1,5,1,E01025363,0
Unvalidated,2024061433927,2024,061433927,2,9,0,18,-1,-1,0,0,9,0,0,0,1,1,6,1,-1,-1,-1,-1,-1,-1,7,1,E01025361,0
Unvalidated,2024061433969,2024,061433969,1,1,0,18,-1,-1,0,8,0,0,0,0,3,1,1,1,21,5,-1,-1,-1,-1,1,1,E01005032,0
Unvalidated,2024061434002,2024,061434002,1,9,0,18,1,5,0,8,2,10,1,0,1,1,6,1,20,4,-1,-1,-1,-1,1,1,E01004825,0
Unvalidated,2024061434013,2024,061434013,1,9,0,18,1,5,0,0,0,0,0,0,4,1,5,1,36,7,-1,-1,-1,-1,4,1,E01005730,0
Unvalidated,2024061434013,2024,061434013,2,1,0,18,1,5,0,0,0,0,0,0,1,1,6,1,14,3,-1,-1,-1,-1,8,1,E01006383,0
Unvalidated,2024061434094,2024,061434094,1,9,0,18,6,1,0,1,0,4,0,0,1,1,6,3,20,4,-1,-1,-1,-1,-1,-1,-1,0
Unvalidated,2024061434094,2024,061434094,2,8,0,18,7,7,0,2,0,0,0,0,3,1,1,1,43,7,-1,-1,-1,-1,2,1,E01005233,0
Unvalidated,2024061434094,2024,061434094,3,9,0,3,1,5,0,1,0,0,0,0,1,1,6,1,50,8,-1,-1,-1,-1,4,1,E01006893,0
Unvalidated,2024061434094,2024,061434094,4,9,0,18,1,5,0,1,0,0,0,0,0,1,1,1,38,7,-1,-1,-1,-1,-1,-1,-1,0
Unvalidated,2024061434114,2024,061434114,1,1,0,4,-1,-1,0,1,0,99,0,0,3,1,5,2,44,7,-1,-1,-1,-1,6,1,E01006371,0
Unvalidated,2024061434114,2024,061434114,2,9,0,3,-1,-1,0,1,0,99,0,0,4,2,6,3,-1,-1,-1,-1,-1,-1,-1,-1,-1,0
Unvalidated,2024061434131,2024,061434131,1,9,9,8,5,1,99,8,0,0,2,5,1,1,6,3,30,6,-1,-1,-1,-1,-1,-1,-1,0
Unvalidated,2024061434138,2024,061434138,1,1,0,18,2,6,0,0,0,0,1,0,2,1,1,1,28,6,-1,-1,-1,-1,1,1,E01005350,0
Unvalidated,2024061434138,2024,061434138,2,9,0,18,2,6,0,0,0,0,0,0,4,1,5,1,40,7,-1,-1,-1,-1,1,1,E01005328,0
Unvalidated,2024061434204,2024,061434204,1,9,0,18,5,1,0,0,0,4,0,0,1,1,5,1,42,7,-1,-1,-1,-1,3,1,E01005528,0
Unvalidated,2024061434204,2024,061434204,2,9,0,2,5,5,0,0,0,0,0,0,1,1,5,1,55,8,-1,-1,-1,-1,1,1,E01004825,0
Unvalidated,2024061434220,2024,061434220,1,9,-1,-1,-1,-1,-1,0,-1,-1,-1,0,-1,1,6,3,-1,-1,-1,-1,-1,-1,-1,-1,-1,0
Unvalidated,2024061434220,2024,061434220,2,97,-1,7,-1,-1,0,0,0,0,0,0,-1,1,6,1,59,9,-1,-1,-1,-1,4,1,E01005622,0
Unvalidated,2024061434296,2024,061434296,1,9,0,18,3,7,0,1,0,0,0,0,1,1,6,3,-1,-1,-1,-1,-1,-1,-1,-1,-1,0
Unvalidated,2024061434296,2024,061434296,2,9,0,3,3,7,0,1,0,0,0,0,2,1,2,2,25,5,-1,-1,-1,-1,4,1,E01006388,0
Unvalidated,2024061434332,2024,061434332,1,9,0,5,5,1,0,1,0,0,0,0,4,1,6,1,52,8,-1,-1,-1,-1,1,1,E01005228,0
Unvalidated,2024061434332,2024,061434332,2,9,0,18,3,7,0,1,0,0,0,0,1,1,6,2,26,6,-1,-1,-1,-1,1,1,E01005610,0
Unvalidated,2024061434336,2024,061434336,1,9,0,9,6,4,0,1,0,0,0,0,1,1,6,1,49,8,-1,-1,-1,-1,8,1,E01006161,0
Unvalidated,2024061434336,2024,061434336,2,9,0,18,2,6,0,1,0,0,0,0,3,1,6,2,26,6,-1,-1,-1,-1,4,1,E01005850,0
Unvalidated,2024061434424,2024,061434424,1,1,0,18,-1,-1,0,8,0,0,0,0,4,1,2,1,27,6,-1,-1,-1,-1,4,1,E01005273,0
Unvalidated,2024061434424,2024,061434424,2,1,0,18,-1,-1,0,8,0,0,0,0,1,1,6,1,29,6,-1,-1,-1,-1,-1,-1,-1,0
Unvalidated,2024061434488,2024,061434488,1,9,0,18,4,1,0,1,0,0,0,0,-1,1,6,2,-1,-1,-1,-1,-1,-1,-1,-1,-1,0
Unvalidated,2024061434488,2024,061434488,2,11,0,18,4,7,0,1,0,0,0,0,1,1,1,1,45,7,-1,-1,-1,-1,1,1,E01006109,0
Unvalidated,2024061434494,2024,061434494,1,9,0,18,5,1,0,0,5,4,0,0,4,1,1,1,61,9,-1,-1,-1,-1,5,1,E01005002,0
Unvalidated,2024061434494,2024,061434494,2,9,0,2,0,0,0,0,0,4,0,0,3,1,6,3,-1,-1,-1,-1,-1,-1,-1,-1,-1,0
Unvalidated,2024061434517,2024,061434517,1,8,0,9,7,5,0,8,0,0,0,0,1,1,1,1,44,7,-1,-1,-1,-1,1,1,E01004958,0
Unvalidated,2024061434517,2024,061434517,2,1,0,18,5,1,0,8,0,0,0,0,1,1,1,1,20,4,-1,-1,-1,-1,2,1,E01033680,0
Unvalidated,2024061434532,2024,061434532,1,9,0,18,1,5,0,8,0,0,0,0,1,1,6,1,38,7,-1,-1,-1,-1,1,1,E01033688,0
Unvalidated,2024061434532,2024,061434532,2,9,0,18,7,3,0,8,0,0,0,0,1,1,5,1,50,8,-1,-1,-1,-1,8,1,E01011716,0
Unvalidated,2024061434541,2024,061434541,1,9,0,3,-1,-1,0,4,0,0,0,0,2,1,5,1,59,9,-1,-1,-1,-1,5,1,E01004890,0
Unvalidated,2024061434541,2024,061434541,2,9,0,99,-1,-1,0,4,0,0,0,0,1,1,6,2,-1,-1,-1,-1,-1,-1,9,1,E01005645,0