status,collision_index,collision_year,collision_reference,vehicle_reference,vehicle_type,towing_and_articulation,vehicle_manoeuvre,vehicle_direction_from,vehicle_direction_to,vehicle_location_restricted_lane,junction_location,skidding_and_overturning,hit_object_in_carriageway,vehicle_leaving_carriageway,hit_object_off_carriageway,first_point_of_impact,vehicle_left_hand_drive,journey_purpose_of_driver,sex_of_driver,age_of_driver,age_band_of_driver,engine_capacity_cc,propulsion_code,age_of_vehicle,generic_make_model,driver_imd_decile,driver_home_area_type,lsoa_of_driver,escooter_flag
Unvalidated,2024061434559,2024,061434559,1,9,0,7,6,2,0,1,0,0,0,0,0,1,2,2,21,5,-1,-1,-1,-1,6,1,E01025383,0
Unvalidated,2024061434559,2024,061434559,2,9,0,18,6,2,0,1,0,0,0,0,2,1,5,2,35,6,-1,-1,-1,-1,1,1,E01005225,0
Unvalidated,2024061434559,2024,061434559,3,9,0,18,6,2,0,1,0,0,0,0,2,1,5,1,58,9,-1,-1,-1,-1,8,1,E01005530,0
Unvalidated,2024061434559,2024,061434559,4,9,0,18,6,2,0,1,0,0,0,0,1,1,2,2,40,7,-1,-1,-1,-1,1,1,E01011471,0
Unvalidated,2024061434611,2024,061434611,1,9,0,18,4,2,0,0,0,0,0,0,1,1,2,1,23,5,-1,-1,-1,-1,1,1,E01005067,0
Unvalidated,2024061434611,2024,061434611,2,1,0,18,1,5,0,0,0,0,0,0,4,1,1,1,19,4,-1,-1,-1,-1,1,1,E01005256,0
Unvalidated,2024061434614,2024,061434614,1,9,0,18,7,3,0,1,0,0,0,0,1,1,6,3,-1,-1,-1,-1,-1,-1,-1,-1,-1,0
Unvalidated,2024061434614,2024,061434614,2,9,0,3,7,3,0,1,0,0,0,0,2,1,6,1,37,7,-1,-1,-1,-1,1,1,E01032921,0
Unvalidated,2024061434676,2024,061434676,1,9,-1,-1,-1,-1,-1,-1,-1,-1,-1,0,-1,1,6,3,-1,-1,-1,-1,-1,-1,-1,-1,-1,0
Unvalidated,2024061434676,2024,061434676,2,9,-1,-1,-1,-1,-1,-1,-1,-1,-1,0,-1,1,6,2,-1,-1,-1,-1,-1,-1,6,1,E01005942,0
Unvalidated,2024061434717,2024,061434717,1,9,-1,18,6,2,0,-1,0,0,0,0,1,1,6,1,25,5,-1,-1,-1,-1,1,1,E01005287,0
Unvalidated,2024061434717,2024,061434717,2,1,-1,18,6,2,0,-1,-1,-1,1,0,2,1,5,1,20,4,-1,-1,-1,-1,2,1,E01005244,0
Unvalidated,2024061434760,2024,061434760,1,9,-1,-1,-1,-1,-1,-1,-1,-1,-1,0,-1,1,6,3,-1,-1,-1,-1,-1,-1,-1,-1,-1,0
Unvalidated,2024061434760,2024,061434760,2,1,0,-1,-1,-1,-1,-1,-1,-1,-1,0,-1,1,6,1,29,6,-1,-1,-1,-1,3,1,E01004887,0
Unvalidated,2024061434775,2024,061434775,1,9,-1,-1,-1,-1,-1,0,-1,-1,-1,0,-1,1,6,3,-1,-1,-1,-1,-1,-1,3,1,E01004868,0
Unvalidated,2024061434775,2024,061434775,2,9,-1,-1,-1,-1,-1,0,-1,-1,-1,0,-1,1,6,3,42,7,-1,-1,-1,-1,10,1,E01004842,0
Unvalidated,2024061434780,2024,061434780,1,9,0,5,1,1,9,1,0,4,0,0,1,1,6,2,37,7,-1,-1,-1,-1,-1,-1,-1,0
Unvalidated,2024061434780,2024,061434780,2,9,0,18,1,1,0,1,1,4,0,0,1,1,6,1,29,6,-1,-1,-1,-1,-1,-1,-1,0
Unvalidated,2024061434780,2024,061434780,3,9,0,2,0,0,9,1,0,0,0,0,2,1,6,2,30,6,-1,-1,-1,-1,-1,-1,-1,0
Unvalidated,2024061434817,2024,061434817,1,90,0,18,3,7,0,8,2,0,0,0,1,1,5,1,20,4,-1,-1,-1,-1,10,1,E01004885,0
Unvalidated,2024061434817,2024,061434817,2,9,0,5,5,1,0,2,0,0,0,0,3,1,5,1,71,10,-1,-1,-1,-1,1,1,E01006306,0
Unvalidated,2024061434835,2024,061434835,1,9,0,9,-1,-1,0,1,1,0,0,0,3,1,5,1,25,5,-1,-1,-1,-1,7,1,E01005847,0
Unvalidated,2024061434835,2024,061434835,2,9,0,4,-1,-1,0,1,0,0,0,0,1,1,6,3,-1,-1,-1,-1,-1,-1,-1,-1,-1,0
Unvalidated,2024061434863,2024,061434863,1,19,0,18,6,2,0,0,0,0,0,0,2,1,2,1,46,8,-1,-1,-1,-1,2,1,E01006010,0
Unvalidated,2024061434863,2024,061434863,2,98,0,18,6,2,0,0,0,0,0,0,1,1,6,3,-1,-1,-1,-1,-1,-1,-1,-1,-1,0
Unvalidated,2024061434922,2024,061434922,1,9,0,18,5,1,9,0,0,0,0,0,4,1,5,2,41,7,-1,-1,-1,-1,3,1,E01006272,0
Unvalidated,2024061434953,2024,061434953,1,1,0,18,-1,-1,0,1,0,0,0,0,4,1,4,1,15,3,-1,-1,-1,-1,4,1,E01006022,0
Unvalidated,2024061434953,2024,061434953,2,9,0,7,-1,-1,0,1,0,0,0,0,1,1,6,3,-1,-1,-1,-1,-1,-1,-1,-1,-1,0
Unvalidated,2024061434964,2024,061434964,1,9,0,18,5,7,0,8,0,0,0,0,1,1,6,2,41,7,-1,-1,-1,-1,-1,-1,-1,0
Unvalidated,2024061435045,2024,061435045,1,9,0,3,-1,-1,0,0,0,0,0,0,2,1,5,2,35,6,-1,-1,-1,-1,-1,-1,-1,0
Unvalidated,2024061435045,2024,061435045,2,9,0,3,-1,-1,0,0,0,0,0,0,3,1,6,2,-1,-1,-1,-1,-1,-1,2,1,E01005999,0
Unvalidated,2024061435117,2024,061435117,1,9,0,18,1,5,0,8,0,0,0,0,1,1,6,3,29,6,-1,-1,-1,-1,2,1,E01005338,0
Unvalidated,2024061435117,2024,061435117,2,1,0,18,7,3,0,8,0,0,0,0,1,1,1,1,28,6,-1,-1,-1,-1,2,1,E01005244,0
Unvalidated,2024061435151,2024,061435151,1,-1,-1,-1,-1,-1,-1,0,-1,-1,-1,0,-1,1,6,1,-1,-1,-1,-1,-1,-1,-1,-1,-1,0
Unvalidated,2024061435167,2024,061435167,1,5,0,4,-1,-1,0,1,1,10,1,0,4,1,2,1,37,7,-1,-1,-1,-1,8,1,E01005742,0
Unvalidated,2024061435167,2024,061435167,2,9,0,14,-1,-1,0,1,0,0,0,0,3,1,6,1,-1,-1,-1,-1,-1,-1,-1,-1,-1,0
Unvalidated,2024061435282,2024,061435282,1,9,0,5,1,5,0,1,0,0,0,0,1,1,5,2,62,9,-1,-1,-1,-1,3,1,E01004929,0
Unvalidated,2024061435295,2024,061435295,1,9,0,10,-1,-1,0,-1,0,0,0,0,1,1,6,3,-1,-1,-1,-1,-1,-1,-1,-1,-1,0
Unvalidated,2024061435367,2024,061435367,1,9,0,9,6,7,0,0,0,0,0,0,0,1,6,2,28,6,-1,-1,-1,-1,2,1,E01005149,0
Unvalidated,2024061435367,2024,061435367,2,11,0,18,4,8,2,0,0,0,0,0,0,1,1,1,31,6,-1,-1,-1,-1,1,1,E01033330,0
Unvalidated,2024061435418,2024,061435418,1,9,0,18,2,6,0,6,0,0,0,0,1,1,6,3,24,5,-1,-1,-1,-1,-1,-1,-1,0
Unvalidated,2024061435418,2024,061435418,2,-1,0,18,2,6,0,6,0,0,0,0,-1,1,6,3,-1,-1,-1,-1,-1,-1,-1,-1,-1,0
Unvalidated,2024061435488,2024,061435488,1,9,0,18,8,4,0,1,0,0,1,0,1,1,5,1,44,7,-1,-1,-1,-1,4,1,E01004939,0
Unvalidated,2024061435488,2024,061435488,2,9,0,2,0,0,0,1,0,0,1,11,2,1,6,1,36,7,-1,-1,-1,-1,6,1,E01004833,0
Unvalidated,2024061435488,2024,061435488,3,9,0,2,0,0,0,1,0,0,0,0,2,1,6,1,70,10,-1,-1,-1,-1,6,1,E01004833,0
Unvalidated,2024061435493,2024,061435493,1,9,0,18,5,1,0,8,0,0,0,0,4,1,1,1,47,8,-1,-1,-1,-1,-1,-1,-1,0
Unvalidated,2024061435493,2024,061435493,2,1,0,18,5,1,0,8,0,0,0,0,2,1,6,1,18,4,-1,-1,-1,-1,-1,-1,-1,0
Unvalidated,2024061435620,2024,061435620,1,9,0,99,-1,-1,0,0,9,1,1,99,3,1,5,2,47,8,-1,-1,-1,-1,3,1,E01005282,0
Unvalidated,2024061435629,2024,061435629,1,9,0,18,-1,-1,-1,-1,-1,-1,-1,0,2,1,6,2,53,8,-1,-1,-1,-1,10,1,E01005849,0
Unvalidated,2024061435629,2024,061435629,2,9,0,18,3,7,0,8,0,0,0,0,1,1,1,1,30,6,-1,-1,-1,-1,-1,-1,-1,0
Unvalidated,2024061435699,2024,061435699,1,9,0,99,-1,-1,0,0,9,0,0,0,2,1,3,1,43,7,-1,-1,-1,-1,2,1,E01006241,0
Unvalidated,2024061435699,2024,061435699,2,9,0,-1,-1,-1,-1,0,-1,-1,-1,0,-1,1,6,3,-1,-1,-1,-1,-1,-1,-1,-1,-1,0
Unvalidated,2024061435731,2024,061435731,1,9,0,18,2,6,0,8,0,0,0,0,1,1,6,1,72,10,-1,-1,-1,-1,4,1,E01004796,0
Unvalidated,2024061435731,2024,061435731,2,19,0,18,4,8,0,8,0,0,0,0,3,1,1,1,41,7,-1,-1,-1,-1,-1,-1,-1,0
Unvalidated,2024061435820,2024,061435820,1,9,0,9,3,8,0,0,0,0,0,0,1,1,2,1,30,6,-1,-1,-1,-1,10,1,E01006343,0
Unvalidated,2024061435820,2024,061435820,2,9,0,18,1,5,0,0,0,0,0,0,4,1,6,1,79,11,-1,-1,-1,-1,7,1,E01006252,0
Unvalidated,2024061435865,2024,061435865,1,97,0,18,7,3,0,0,0,10,7,0,1,1,5,1,27,6,-1,-1,-1,-1,2,2,E01006313,0
Unvalidated,2024061436001,2024,061436001,1,9,0,18,1,5,0,8,0,0,0,0,1,1,5,1,19,4,-1,-1,-1,-1,3,1,E01006340,0
Unvalidated,2024061436001,2024,061436001,2,19,0,10,5,3,0,8,0,0,0,0,1,1,1,1,23,5,-1,-1,-1,-1,6,1,E01006216,0
Unvalidated,2024061436026,2024,061436026,1,9,0,18,-1,-1,9,-1,0,0,0,0,3,1,6,2,44,7,-1,-1,-1,-1,2,1,E01005470,0
Unvalidated,2024061436076,2024,061436076,1,9,0,-1,-1,-1,-1,0,0,0,0,0,1,1,6,1,42,7,-1,-1,-1,-1,9,1,E01005574,0
Unvalidated,2024061436101,2024,061436101,1,8,0,9,7,5,0,1,0,0,0,0,1,1,1,1,37,7,-1,-1,-1,-1,1,1,E01005191,0
Unvalidated,2024061436101,2024,061436101,2,1,0,18,3,7,0,1,0,0,0,0,1,1,6,1,34,6,-1,-1,-1,-1,1,1,E01005205,0
Unvalidated,2024061436106,2024,061436106,1,21,1,18,3,7,0,6,0,0,0,0,1,1,1,1,48,8,-1,-1,-1,-1,-1,-1,-1,0
Unvalidated,2024061436106,2024,061436106,2,9,0,18,5,1,0,1,1,0,0,0,1,1,2,1,47,8,-1,-1,-1,-1,-1,-1,-1,0
Unvalidated,2024061436110,2024,061436110,1,9,0,1,8,4,9,0,0,0,0,0,2,1,5,2,56,9,-1,-1,-1,-1,9,1,E01004810,0
Unvalidated,2024061436212,2024,061436212,1,9,0,18,7,1,0,1,0,0,0,0,0,2,6,2,60,9,-1,-1,-1,-1,6,1,E01006216,0
Unvalidated,2024061436236,2024,061436236,1,9,0,18,3,7,0,0,5,0,1,0,1,1,5,2,25,5,-1,-1,-1,-1,7,3,E01027751,0
Unvalidated,2024061436236,2024,061436236,2,9,0,18,3,7,0,0,5,0,1,0,2,1,5,1,27,6,-1,-1,-1,-1,1,1,E01005117,0
Unvalidated,2024061436243,2024,061436243,1,9,0,9,6,7,0,8,0,0,0,0,4,1,5,2,52,8,-1,-1,-1,-1,1,1,E01006361,0
Unvalidated,2024061436243,2024,061436243,2,1,0,18,1,5,0,8,0,0,0,0,2,1,6,1,17,4,-1,-1,-1,-1,-1,-1,-1,0
Unvalidated,2024061436441,2024,061436441,1,1,0,18,-1,-1,0,2,0,0,0,0,1,1,2,1,61,9,-1,-1,-1,-1,7,1,E01005920,0
Unvalidated,2024061436441,2024,061436441,2,9,0,7,-1,-1,0,2,0,0,0,0,4,1,6,3,-1,-1,-1,-1,-1,-1,-1,-1,-1,0
Unvalidated,2024061436529,2024,061436529,1,9,0,9,1,5,0,8,0,0,0,0,1,1,6,1,39,7,-1,-1,-1,-1,3,1,E01005215,0
Unvalidated,2024061436529,2024,061436529,2,9,0,18,5,1,0,8,0,0,0,0,1,1,6,2,51,8,-1,-1,-1,-1,2,1,E01005950,0
Unvalidated,2024061436564,2024,061436564,1,9,0,18,7,3,0,1,2,0,0,0,1,1,6,3,-1,-1,-1,-1,-1,-1,-1,-1,-1,0
Unvalidated,2024061436578,2024,061436578,1,5,0,18,4,8,0,8,0,0,0,0,1,1,2,1,29,6,-1,-1,-1,-1,3,1,E01005829,0
Unvalidated,2024061436578,2024,061436578,2,9,0,4,4,6,0,8,0,0,0,0,2,1,5,1,42,7,-1,-1,-1,-1,4,1,E01005853,0
Unvalidated,2024061436687,2024,061436687,1,9,0,9,4,2,0,1,0,0,0,0,1,1,5,2,60,9,-1,-1,-1,-1,3,1,E01006272,0
Unvalidated,2024061436687,2024,061436687,2,1,0,18,3,7,0,8,0,0,0,0,3,1,6,1,27,6,-1,-1,-1,-1,3,1,E01006273,0
Unvalidated,2024061436711,2024,061436711,1,9,0,3,-1,-1,0,9,0,0,0,0,1,1,3,2,29,6,-1,-1,-1,-1,2,1,E01033680,0
Unvalidated,2024061436711,2024,061436711,2,9,0,1,-1,-1,0,6,0,0,0,0,2,1,6,3,-1,-1,-1,-1,-1,-1,-1,-1,-1,0
Unvalidated,2024061436725,2024,061436725,1,9,0,-1,-1,-1,-1,0,0,0,0,0,4,1,-1,1,37,7,-1,-1,-1,-1,2,1,E01005600,0
Unvalidated,2024061436725,2024,061436725,2,9,0,-1,-1,-1,-1,0,0,0,0,0,1,1,-1,2,57,9,-1,-1,-1,-1,3,1,E01005619,0
Unvalidated,2024061436763,2024,061436763,1,9,0,18,8,4,0,0,0,0,0,0,0,1,5,1,33,6,-1,-1,-1,-1,1,1,E01005314,0
Unvalidated,2024061436766,2024,061436766,1,9,0,9,8,5,0,1,0,0,0,0,1,1,5,1,42,7,-1,-1,-1,-1,1,1,E01005197,0
Unvalidated,2024061436766,2024,061436766,2,4,0,13,8,4,0,1,0,0,0,0,4,1,5,1,22,5,-1,-1,-1,-1,1,1,E01005227,0
Unvalidated,2024061436769,2024,061436769,1,9,0,18,2,6,0,1,0,0,0,0,1,1,5,2,48,8,-1,-1,-1,-1,3,1,E01004868,0
Unvalidated,2024061436782,2024,061436782,1,9,0,18,3,7,0,1,5,0,7,11,4,1,5,1,25,5,-1,-1,-1,-1,-1,-1,-1,0
Unvalidated,2024061436782,2024,061436782,2,9,0,5,5,1,0,1,0,0,0,0,1,1,5,1,62,9,-1,-1,-1,-1,8,1,E01006150,0
Unvalidated,2024061436791,2024,061436791,1,9,0,4,3,7,0,8,0,0,0,0,4,1,5,2,29,6,-1,-1,-1,-1,7,1,E01005510,0
Unvalidated,2024061436791,2024,061436791,2,9,0,18,5,1,0,8,0,0,0,0,1,1,5,1,34,6,-1,-1,-1,-1,3,1,E01005505,0
Unvalidated,2024061436841,2024,061436841,1,9,0,18,2,6,0,1,2,10,8,10,1,1,6,1,39,7,-1,-1,-1,-1,8,2,E01012984,0
Unvalidated,2024061436841,2024,061436841,2,9,0,9,8,6,0,2,0,0,0,0,0,1,2,1,64,9,-1,-1,-1,-1,8,1,E01005390,0
Unvalidated,2024061436899,2024,061436899,1,1,-1,-1,-1,-1,-1,-1,-1,-1,-1,0,1,1,6,2,12,3,-1,-1,-1,-1,3,1,E01005975,0
Unvalidated,2024061436899,2024,061436899,2,9,-1,-1,-1,-1,-1,-1,-1,-1,-1,0,4,1,6,3,26,6,-1,-1,-1,-1,2,1,E01005974,0
Unvalidated,2024061436970,2024,061436970,1,9,0,17,-1,-1,0,1,1,0,0,0,4,1,5,2,50,8,-1,-1,-1,-1,10,1,E01004771,0
Unvalidated,2024061436970,2024,061436970,2,19,0,18,-1,-1,0,6,0,0,0,0,1,1,6,1,-1,-1,-1,-1,-1,-1,5,1,E01005025,0
Unvalidated,2024061436974,2024,061436974,1,8,-1,-1,-1,-1,-1,0,-1,-1,-1,0,-1,1,6,3,-1,-1,-1,-1,-1,-1,-1,-1,-1,0
Unvalidated,2024061436974,2024,061436974,2,9,-1,-1,-1,-1,-1,0,-1,-1,-1,0,4,1,6,2,22,5,-1,-1,-1,-1,5,2,E01006887,0
Unvalidated,2024061436983,2024,061436983,1,9,0,18,1,4,0,1,0,0,0,0,1,1,6,1,-1,-1,-1,-1,-1,-1,2,1,E01006404,0
Unvalidated,2024061436983,2024,061436983,2,5,0,18,4,1,0,1,1,0,0,0,1,1,6,2,54,8,-1,-1,-1,-1,8,1,E01006281,0
Unvalidated,2024061436995,2024,061436995,1,9,0,4,8,3,0,1,0,0,0,0,1,1,6,1,32,6,-1,-1,-1,-1,8,1,E01006243,0
Unvalidated,2024061436995,2024,061436995,2,4,0,2,1,3,0,8,0,0,0,0,2,1,6,1,75,10,-1,-1,-1,-1,1,1,E01006168,0
Unvalidated,2024061437004,2024,061437004,1,9,0,9,1,7,0,1,0,0,0,0,2,1,6,1,71,10,-1,-1,-1,-1,10,1,E01005803,0
Unvalidated,2024061437004,2024,061437004,2,9,0,18,1,5,0,1,0,0,0,0,1,1,6,2,72,10,-1,-1,-1,-1,4,1,E01005897,0
Unvalidated,2024061437016,2024,061437016,1,9,-1,-1,-1,-1,-1,0,-1,-1,-1,0,-1,1,6,3,-1,-1,-1,-1,-1,-1,-1,-1,-1,0
Unvalidated,2024061437016,2024,061437016,2,1,-1,-1,-1,-1,-1,0,-1,-1,-1,0,-1,1,6,3,-1,-1,-1,-1,-1,-1,6,1,E01006146,0
Unvalidated,2024061437151,2024,061437151,1,9,0,18,-1,-1,0,9,0,0,0,0,3,1,2,2,27,6,-1,-1,-1,-1,3,1,E01005310,0
Unvalidated,2024061437151,2024,061437151,2,8,0,9,-1,-1,0,6,0,0,0,0,4,1,6,1,-1,-1,-1,-1,-1,-1,-1,-1,-1,0
Unvalidated,2024061437193,2024,061437193,1,1,0,10,-1,-1,0,1,5,0,0,0,3,1,5,2,31,6,-1,-1,-1,-1,2,1,E01005199,0
Unvalidated,2024061437193,2024,061437193,2,9,0,1,-1,-1,0,6,0,0,0,0,2,1,6,3,-1,-1,-1,-1,-1,-1,-1,-1,-1,0
Unvalidated,2024061437205,2024,061437205,1,98,5,18,7,3,0,0,0,0,0,0,1,1,1,1,39,7,-1,-1,-1,-1,3,1,E01007550,0
Unvalidated,2024061437205,2024,061437205,2,9,0,4,7,3,0,0,0,0,0,0,2,1,6,2,38,7,-1,-1,-1,-1,-1,-1,-1,0
Unvalidated,2024061437212,2024,061437212,1,9,0,18,7,3,0,1,0,0,0,0,1,1,6,1,35,6,-1,-1,-1,-1,-1,-1,-1,0
Unvalidated,2024061437212,2024,061437212,2,9,0,18,7,3,0,1,0,0,0,0,0,1,1,1,36,7,-1,-1,-1,-1,1,1,E01005108,0
Unvalidated,2024061437232,2024,061437232,1,9,0,18,7,2,0,0,0,0,0,0,1,2,6,1,-1,-1,-1,-1,-1,-1,-1,-1,-1,0
Unvalidated,2024061437232,2024,061437232,2,9,0,18,1,7,0,0,0,0,0,0,1,1,5,1,40,7,-1,-1,-1,-1,2,1,E01005958,0
Unvalidated,2024061437234,2024,061437234,1,9,-1,-1,-1,-1,-1,0,-1,-1,-1,0,-1,1,6,1,-1,-1,-1,-1,-1,-1,-1,-1,-1,0
Unvalidated,2024061437234,2024,061437234,2,97,-1,-1,-1,-1,-1,0,-1,-1,-1,0,-1,1,6,1,18,4,-1,-1,-1,-1,7,1,E01006410,0
Unvalidated,2024061437245,2024,061437245,1,9,-1,-1,-1,-1,-1,0,-1,-1,-1,0,-1,1,6,3,-1,-1,-1,-1,-1,-1,-1,-1,-1,0
Unvalidated,2024061437245,2024,061437245,2,9,-1,-1,-1,-1,-1,0,-1,-1,-1,0,-1,1,6,2,28,6,-1,-1,-1,-1,1,1,E01005660,0
Unvalidated,2024061437250,2024,061437250,1,9,0,5,5,1,0,0,0,0,0,0,4,1,5,1,46,8,-1,-1,-1,-1,1,1,E01004802,0
Unvalidated,2024061437250,2024,061437250,2,9,0,2,1,1,6,0,0,0,0,0,3,1,6,3,-1,-1,-1,-1,-1,-1,-1,-1,-1,0
Unvalidated,2024061437250,2024,061437250,3,9,0,2,1,1,6,0,0,0,0,0,4,1,6,3,-1,-1,-1,-1,-1,-1,-1,-1,-1,0
Unvalidated,2024061437250,2024,061437250,4,9,0,2,1,1,6,0,0,0,0,0,4,1,6,3,-1,-1,-1,-1,-1,-1,-1,-1,-1,0
Unvalidated,2024061437319,2024,061437319,1,1,0,18,-1,-1,2,0,1,0,0,0,3,1,2,1,39,7,-1,-1,-1,-1,9,1,E01005508,0
Unvalidated,2024061437319,2024,061437319,2,9,0,4,-1,-1,2,0,0,0,0,0,4,1,6,3,-1,-1,-1,-1,-1,-1,-1,-1,-1,0
Unvalidated,2024061437349,2024,061437349,1,9,0,-1,-1,-1,-1,0,-1,-1,-1,0,-1,1,6,3,-1,-1,-1,-1,-1,-1,-1,-1,-1,0
Unvalidated,2024061437395,2024,061437395,1,8,0,18,3,7,0,1,0,0,0,0,4,1,1,1,26,6,-1,-1,-1,-1,4,1,E01025225,0
Unvalidated,2024061437395,2024,061437395,2,9,0,18,5,1,0,1,0,0,0,0,1,1,5,1,46,8,-1,-1,-1,-1,4,1,E01006186,0
Unvalidated,2024061437395,2024,061437395,3,9,0,2,0,0,0,1,0,0,0,0,4,1,6,3,-1,-1,-1,-1,-1,-1,-1,-1,-1,0
Unvalidated,2024061437395,2024,061437395,4,9,0,2,0,0,0,1,0,0,0,0,3,1,6,3,-1,-1,-1,-1,-1,-1,-1,-1,-1,0
Unvalidated,2024061437425,2024,061437425,1,1,0,18,-1,-1,0,0,5,8,0,0,4,1,2,1,43,7,-1,-1,-1,-1,6,1,E01005885,0
Unvalidated,2024061437425,2024,061437425,2,9,0,2,-1,-1,99,0,0,0,0,0,3,1,6,1,-1,-1,-1,-1,-1,-1,-1,-1,-1,0
Unvalidated,2024061437443,2024,061437443,1,9,0,1,8,4,0,0,0,0,0,0,2,1,5,1,55,8,-1,-1,-1,-1,-1,-1,-1,0
Unvalidated,2024061437572,2024,061437572,1,9,0,9,7,5,0,8,0,0,0,0,1,1,3,1,45,7,-1,-1,-1,-1,1,1,E01005463,0
Unvalidated,2024061437572,2024,061437572,2,9,0,18,2,7,0,8,0,0,0,0,1,1,6,1,32,6,-1,-1,-1,-1,2,1,E01005514,0
Unvalidated,2024061437580,2024,061437580,1,19,0,-1,-1,-1,-1,-1,-1,-1,-1,0,-1,1,6,3,-1,-1,-1,-1,-1,-1,-1,-1,-1,0
Unvalidated,2024061437601,2024,061437601,1,9,0,18,3,7,9,6,0,0,3,0,1,1,5,2,22,5,-1,-1,-1,-1,5,1,E01004954,0
Unvalidated,2024061437610,2024,061437610,1,9,0,9,5,2,0,8,0,0,0,0,3,1,5,1,32,6,-1,-1,-1,-1,1,1,E01005380,0
Unvalidated,2024061437610,2024,061437610,2,11,0,18,3,7,0,8,0,0,0,0,1,1,1,1,42,7,-1,-1,-1,-1,1,1,E01005432,0
Unvalidated,2024061437683,2024,061437683,1,1,0,18,3,7,0,0,0,0,0,0,1,1,5,1,30,6,-1,-1,-1,-1,5,1,E01006304,0
Unvalidated,2024061437683,2024,061437683,2,9,0,2,0,0,0,0,0,0,0,0,4,1,6,3,-1,-1,-1,-1,-1,-1,-1,-1,-1,0
Unvalidated,2024061437809,2024,061437809,1,19,0,3,6,8,0,1,0,0,0,0,0,1,5,2,-1,-1,-1,-1,-1,-1,-1,-1,-1,0
Unvalidated,2024061437890,2024,061437890,1,9,0,7,7,3,0,1,0,0,0,0,1,1,5,1,61,9,-1,-1,-1,-1,10,1,E01005812,0
Unvalidated,2024061437890,2024,061437890,2,9,0,18,3,7,0,1,0,0,0,0,1,1,5,2,51,8,-1,-1,-1,-1,9,1,E01005926,0
Unvalidated,2024061437954,2024,061437954,1,9,0,-1,-1,-1,-1,-1,-1,-1,-1,0,-1,1,5,1,75,10,-1,-1,-1,-1,6,1,E01006004,0
Unvalidated,2024061438033,2024,061438033,1,9,0,99,-1,-1,99,0,9,99,3,0,2,1,2,1,45,7,-1,-1,-1,-1,2,1,E01005244,0
Unvalidated,2024061438033,2024,061438033,2,9,-1,-1,-1,-1,-1,0,-1,-1,-1,0,-1,1,6,3,-1,-1,-1,-1,-1,-1,-1,-1,-1,0
Unvalidated,2024061438091,2024,061438091,1,9,0,18,1,1,0,0,0,0,0,0,1,2,6,3,30,6,-1,-1,-1,-1,-1,-1,-1,0
Unvalidated,2024061438202,2024,061438202,1,11,0,18,4,8,0,1,0,0,0,0,1,1,1,1,51,8,-1,-1,-1,-1,9,1,E01006091,0
Unvalidated,2024061438202,2024,061438202,2,9,0,10,4,2,0,1,0,0,0,0,2,1,5,2,29,6,-1,-1,-1,-1,9,1,E01004951,0
Unvalidated,2024061438345,2024,061438345,1,11,0,18,6,2,0,1,0,0,0,0,4,1,1,1,51,8,-1,-1,-1,-1,-1,-1,-1,0
Unvalidated,2024061438365,2024,061438365,1,19,0,18,8,5,0,8,0,0,0,0,1,1,1,1,27,6,-1,-1,-1,-1,3,1,E01032919,0
Unvalidated,2024061438365,2024,061438365,2,9,0,18,6,2,0,8,0,0,0,0,4,2,5,1,82,11,-1,-1,-1,-1,9,1,E01005740,0
Unvalidated,2024061438466,2024,061438466,1,9,0,18,3,7,0,0,0,0,0,0,1,1,1,1,26,6,-1,-1,-1,-1,8,1,E01006045,0
Unvalidated,2024061438482,2024,061438482,1,9,0,18,1,5,0,1,0,0,0,0,3,1,5,1,28,6,-1,-1,-1,-1,1,1,E01006334,0
Unvalidated,2024061438486,2024,061438486,1,9,0,5,4,8,0,5,0,0,0,0,1,1,5,1,23,5,-1,-1,-1,-1,2,1,E01005580,0
Unvalidated,2024061438486,2024,061438486,2,9,0,18,6,2,0,1,0,4,0,0,1,1,5,1,25,5,-1,-1,-1,-1,1,1,E01005595,0
Unvalidated,2024061438486,2024,061438486,3,9,0,2,0,0,9,2,0,0,1,0,1,1,5,1,29,6,-1,-1,-1,-1,-1,-1,-1,0
Unvalidated,2024061438499,2024,061438499,1,9,0,-1,-1,-1,-1,-1,-1,-1,-1,0,-1,1,6,3,-1,-1,-1,-1,-1,-1,-1,-1,-1,0
Unvalidated,2024061438523,2024,061438523,1,9,0,18,5,5,0,1,0,0,0,0,1,1,5,1,29,6,-1,-1,-1,-1,-1,-1,-1,0
Unvalidated,2024061438523,2024,061438523,2,9,0,18,7,7,0,1,0,0,0,0,1,1,6,2,21,5,-1,-1,-1,-1,-1,-1,-1,0
Unvalidated,2024061438737,2024,061438737,1,9,0,18,4,8,0,0,5,7,0,0,4,1,5,1,22,5,-1,-1,-1,-1,4,3,E01006049,0
Unvalidated,2024061438771,2024,061438771,1,9,0,18,4,8,9,2,0,0,7,3,1,1,6,1,24,5,-1,-1,-1,-1,6,1,E01028555,0
Unvalidated,2024061438868,2024,061438868,1,9,0,3,-1,-1,99,0,0,0,1,0,0,2,6,3,-1,-1,-1,-1,-1,-1,-1,-1,-1,0
Unvalidated,2024061438906,2024,061438906,1,9,0,18,-1,-1,0,9,1,0,0,0,3,1,5,2,27,6,-1,-1,-1,-1,1,1,E01006350,0
Unvalidated,2024061438906,2024,061438906,2,9,0,18,-1,-1,0,9,0,0,0,0,1,1,6,1,-1,-1,-1,-1,-1,-1,9,1,E01006277,0
Unvalidated,2024061438924,2024,061438924,1,9,0,18,6,3,0,0,1,0,1,9,1,1,6,2,19,4,-1,-1,-1,-1,-1,-1,-1,0
Unvalidated,2024061438931,2024,061438931,1,9,0,-1,-1,-1,-1,0,-1,-1,-1,0,-1,1,6,3,-1,-1,-1,-1,-1,-1,-1,-1,-1,0
Unvalidated,2024061439086,2024,061439086,1,1,0,18,-1,-1,0,1,0,0,0,0,3,1,5,2,14,3,-1,-1,-1,-1,1,1,E01005183,0