status,collision_index,collision_year,collision_reference,vehicle_reference,vehicle_type,towing_and_articulation,vehicle_manoeuvre,vehicle_direction_from,vehicle_direction_to,vehicle_location_restricted_lane,junction_location,skidding_and_overturning,hit_object_in_carriageway,vehicle_leaving_carriageway,hit_object_off_carriageway,first_point_of_impact,vehicle_left_hand_drive,journey_purpose_of_driver,sex_of_driver,age_of_driver,age_band_of_driver,engine_capacity_cc,propulsion_code,age_of_vehicle,generic_make_model,driver_imd_decile,driver_home_area_type,lsoa_of_driver,escooter_flag
Unvalidated,2024061439086,2024,061439086,2,9,0,18,-1,-1,0,1,0,0,0,0,1,1,6,3,-1,-1,-1,-1,-1,-1,-1,-1,-1,0
Unvalidated,2024061439092,2024,061439092,1,9,0,9,-1,-1,0,5,0,0,0,0,2,1,5,2,33,6,-1,-1,-1,-1,9,1,E01005925,0
Unvalidated,2024061439092,2024,061439092,2,19,0,9,-1,-1,0,5,0,0,0,0,1,1,6,1,-1,-1,-1,-1,-1,-1,-1,-1,-1,0
Unvalidated,2024061439142,2024,061439142,1,9,0,18,1,3,9,0,0,0,7,0,1,2,2,1,31,6,-1,-1,-1,-1,-1,-1,-1,0
Unvalidated,2024061439253,2024,061439253,1,9,0,18,6,2,0,1,0,0,2,0,2,1,1,1,52,8,-1,-1,-1,-1,1,1,E01005432,0
Unvalidated,2024061439253,2024,061439253,2,9,0,18,5,1,0,2,0,0,0,0,1,1,6,1,30,6,-1,-1,-1,-1,-1,-1,-1,0
Unvalidated,2024061439338,2024,061439338,1,9,0,18,6,2,0,1,0,0,0,0,4,1,6,1,41,7,-1,-1,-1,-1,2,1,E01005960,0
Unvalidated,2024061439341,2024,061439341,1,8,0,18,3,7,0,2,0,0,0,0,4,1,1,1,42,7,-1,-1,-1,-1,1,1,E01005194,0
Unvalidated,2024061439360,2024,061439360,1,9,0,18,1,5,0,8,0,0,0,0,1,1,5,1,40,7,-1,-1,-1,-1,3,1,E01006325,0
Unvalidated,2024061439412,2024,061439412,1,19,0,13,5,1,0,0,1,0,0,0,1,1,5,1,25,5,-1,-1,-1,-1,8,3,E01024922,0
Unvalidated,2024061439412,2024,061439412,2,1,0,18,1,5,0,0,0,0,0,0,2,1,6,1,13,3,-1,-1,-1,-1,1,1,E01006254,0
Unvalidated,2024061439416,2024,061439416,1,11,0,5,8,4,0,0,0,0,0,0,1,1,1,1,30,6,-1,-1,-1,-1,1,1,E01005266,0
Unvalidated,2024061439432,2024,061439432,1,9,0,9,5,2,0,6,0,0,0,0,1,1,1,1,44,7,-1,-1,-1,-1,1,1,E01005665,0
Unvalidated,2024061439462,2024,061439462,1,9,0,18,7,7,0,1,0,0,0,0,4,1,6,1,36,7,-1,-1,-1,-1,1,1,E01006052,0
Unvalidated,2024061439462,2024,061439462,2,9,0,18,7,6,0,1,0,0,0,0,4,1,6,1,18,4,-1,-1,-1,-1,5,1,E01006013,0
Unvalidated,2024061439644,2024,061439644,1,8,0,99,-1,-1,0,0,9,0,0,0,2,1,1,1,37,7,-1,-1,-1,-1,1,1,E01005087,0
Unvalidated,2024061439644,2024,061439644,2,9,-1,-1,-1,-1,-1,0,-1,-1,-1,0,-1,1,6,3,-1,-1,-1,-1,-1,-1,-1,-1,-1,0
Unvalidated,2024061439889,2024,061439889,1,1,0,99,-1,-1,0,0,0,0,0,0,3,1,2,1,31,6,-1,-1,-1,-1,6,1,E01006166,0
Unvalidated,2024061439889,2024,061439889,2,98,0,17,-1,-1,0,0,0,0,0,0,9,1,6,3,-1,-1,-1,-1,-1,-1,-1,-1,-1,0
Unvalidated,2024061440171,2024,061440171,1,9,0,18,1,1,0,0,0,0,0,0,1,2,6,3,30,6,-1,-1,-1,-1,-1,-1,-1,0
Unvalidated,2024061440171,2024,061440171,2,9,0,18,1,1,0,0,0,0,0,0,2,2,6,1,59,9,-1,-1,-1,-1,10,1,E01018702,0
Unvalidated,2024061440173,2024,061440173,1,9,0,18,-1,-1,0,0,0,0,0,0,3,1,2,1,58,9,-1,-1,-1,-1,5,1,E01005268,0
Unvalidated,2024061440173,2024,061440173,2,9,-1,-1,-1,-1,-1,0,-1,-1,-1,0,-1,1,6,2,-1,-1,-1,-1,-1,-1,1,1,E01005097,0
Unvalidated,2024061440227,2024,061440227,1,9,0,18,7,2,0,0,0,0,0,0,1,1,6,3,-1,-1,-1,-1,-1,-1,-1,-1,-1,0
Unvalidated,2024061440227,2024,061440227,2,8,0,18,7,2,0,0,0,0,0,0,2,1,1,1,35,6,-1,-1,-1,-1,3,1,E01005498,0
Unvalidated,2024061440240,2024,061440240,1,9,0,1,-1,-1,99,0,0,0,0,0,2,1,6,3,-1,-1,-1,-1,-1,-1,-1,-1,-1,0
Unvalidated,2024061440342,2024,061440342,1,9,0,18,3,6,0,0,0,0,0,0,4,2,6,2,29,6,-1,-1,-1,-1,6,1,E01005643,0
Unvalidated,2024061440416,2024,061440416,1,9,0,99,-1,-1,99,9,9,99,9,99,3,1,6,1,87,11,-1,-1,-1,-1,4,1,E01005299,0
Unvalidated,2024061440416,2024,061440416,2,9,-1,-1,-1,-1,-1,-1,-1,-1,-1,0,-1,1,6,3,-1,-1,-1,-1,-1,-1,-1,-1,-1,0
Unvalidated,2024061440440,2024,061440440,1,19,0,18,1,5,0,5,0,0,0,0,1,1,1,1,53,8,-1,-1,-1,-1,2,1,E01006207,0
Unvalidated,2024061440468,2024,061440468,1,9,0,5,3,7,0,0,0,0,0,0,1,1,2,1,31,6,-1,-1,-1,-1,2,1,E01004855,0
Unvalidated,2024061440483,2024,061440483,1,9,0,13,1,5,0,1,1,0,7,10,3,1,6,1,30,6,-1,-1,-1,-1,-1,-1,-1,0
Unvalidated,2024061440483,2024,061440483,2,9,0,7,5,1,0,5,1,0,7,0,3,1,5,2,24,5,-1,-1,-1,-1,2,1,E01005967,0
Unvalidated,2024061440489,2024,061440489,1,9,0,18,3,7,0,1,0,0,0,0,1,1,6,1,18,4,-1,-1,-1,-1,2,1,E01004865,0
Unvalidated,2024061440489,2024,061440489,2,9,0,18,3,7,0,1,0,0,0,0,2,1,5,2,51,8,-1,-1,-1,-1,7,1,E01005051,0
Unvalidated,2024061440513,2024,061440513,1,90,0,18,6,2,0,8,0,0,1,0,1,1,6,1,44,7,-1,-1,-1,-1,1,1,E01005097,1
Unvalidated,2024061440513,2024,061440513,2,21,1,9,3,8,0,5,0,0,0,0,4,1,1,1,45,7,-1,-1,-1,-1,1,1,E01005731,0
Unvalidated,2024061440621,2024,061440621,1,9,0,9,-1,-1,0,5,0,1,0,0,4,1,5,1,24,5,-1,-1,-1,-1,8,1,E01025411,0
Unvalidated,2024061440621,2024,061440621,2,1,0,15,-1,-1,4,8,0,1,0,0,1,1,6,1,-1,-1,-1,-1,-1,-1,3,1,E01033683,0
Unvalidated,2024061440661,2024,061440661,1,19,-1,18,6,8,0,0,0,0,0,0,1,1,6,3,-1,-1,-1,-1,-1,-1,-1,-1,-1,0
Unvalidated,2024061440661,2024,061440661,2,9,0,18,6,8,0,0,1,7,0,0,2,1,6,1,59,9,-1,-1,-1,-1,10,1,E01018702,0
Unvalidated,2024061440780,2024,061440780,1,9,0,18,3,7,0,2,0,0,0,0,3,1,6,1,69,10,-1,-1,-1,-1,2,1,E01004815,0
Unvalidated,2024061440780,2024,061440780,2,1,0,18,3,7,0,2,0,0,0,0,3,1,1,1,58,9,-1,-1,-1,-1,3,1,E01004874,0
Unvalidated,2024061440800,2024,061440800,1,9,0,18,3,7,0,1,0,0,0,0,1,1,5,1,17,4,-1,-1,-1,-1,5,1,E01004840,0
Unvalidated,2024061440800,2024,061440800,2,9,0,18,1,5,0,1,5,0,0,0,4,1,1,2,37,7,-1,-1,-1,-1,5,1,E01006337,0
Unvalidated,2024061440920,2024,061440920,1,5,0,13,5,1,0,0,2,0,0,0,1,1,5,1,27,6,-1,-1,-1,-1,-1,-1,-1,0
Unvalidated,2024061440920,2024,061440920,2,9,0,9,5,1,0,0,0,0,0,0,3,1,1,2,27,6,-1,-1,-1,-1,9,1,E01005645,0
Unvalidated,2024061440946,2024,061440946,1,8,0,5,1,5,0,2,0,0,0,0,1,1,1,1,69,10,-1,-1,-1,-1,-1,-1,-1,0
Unvalidated,2024061440946,2024,061440946,2,9,0,18,7,3,0,1,0,0,0,0,1,1,6,1,57,9,-1,-1,-1,-1,-1,-1,-1,0
Unvalidated,2024061440958,2024,061440958,1,5,0,13,3,7,0,0,0,0,0,0,1,1,5,1,26,6,-1,-1,-1,-1,3,1,E01006106,0
Unvalidated,2024061440958,2024,061440958,2,9,0,9,3,7,0,0,0,0,0,0,3,1,5,2,60,9,-1,-1,-1,-1,6,1,E01005711,0
Unvalidated,2024061440991,2024,061440991,1,9,0,18,7,3,0,0,0,0,0,0,1,1,6,3,-1,-1,-1,-1,-1,-1,-1,-1,-1,0
Unvalidated,2024061441140,2024,061441140,1,9,0,4,5,0,0,0,0,4,0,0,3,1,5,2,59,9,-1,-1,-1,-1,2,1,E01005721,0
Unvalidated,2024061441140,2024,061441140,2,9,0,2,0,0,0,0,0,0,0,0,2,1,6,3,-1,-1,-1,-1,-1,-1,-1,-1,-1,0
Unvalidated,2024061441172,2024,061441172,1,1,9,18,-1,-1,0,1,5,0,0,0,3,1,1,1,24,5,-1,-1,-1,-1,4,1,E01005673,0
Unvalidated,2024061441172,2024,061441172,2,9,9,11,-1,-1,0,1,0,0,0,0,1,1,6,1,-1,-1,-1,-1,-1,-1,9,1,E01005785,0
Unvalidated,2024061441176,2024,061441176,1,1,0,18,5,1,0,1,0,0,0,0,4,1,6,1,45,7,-1,-1,-1,-1,3,1,E01006054,0
Unvalidated,2024061441176,2024,061441176,2,9,0,18,5,1,0,1,0,0,0,0,0,1,6,1,43,7,-1,-1,-1,-1,4,1,E01006110,0
Unvalidated,2024061441180,2024,061441180,1,1,0,9,-1,-1,0,6,9,0,0,0,9,1,2,1,32,6,-1,-1,-1,-1,1,1,E01005317,0
Unvalidated,2024061441180,2024,061441180,2,19,0,9,-1,-1,0,6,0,0,0,0,9,1,6,3,-1,-1,-1,-1,-1,-1,-1,-1,-1,0
Unvalidated,2024061441187,2024,061441187,1,9,0,8,3,7,0,1,0,0,0,0,4,1,2,1,48,8,-1,-1,-1,-1,2,1,E01005280,0
Unvalidated,2024061441187,2024,061441187,2,9,0,18,3,7,0,1,0,0,0,0,3,1,6,3,-1,-1,-1,-1,-1,-1,-1,-1,-1,0
Unvalidated,2024061441309,2024,061441309,1,3,0,18,3,7,0,1,1,0,0,0,1,1,6,3,-1,-1,-1,-1,-1,-1,-1,-1,-1,0
Unvalidated,2024061441309,2024,061441309,2,9,0,9,6,3,0,8,0,0,0,0,3,1,5,1,53,8,-1,-1,-1,-1,4,1,E01006002,0
Unvalidated,2024061441309,2024,061441309,3,9,0,18,7,3,0,2,0,0,0,0,0,1,1,1,-1,-1,-1,-1,-1,-1,3,1,E01006035,0
Unvalidated,2024061441319,2024,061441319,1,98,0,18,1,5,0,8,0,0,0,0,1,1,1,1,27,6,-1,-1,-1,-1,1,1,E01005667,0
Unvalidated,2024061441347,2024,061441347,1,9,0,9,4,1,0,1,0,0,0,0,1,1,6,1,24,5,-1,-1,-1,-1,4,1,E01005730,0
Unvalidated,2024061441347,2024,061441347,2,9,0,18,1,5,0,1,0,0,0,0,4,1,2,1,54,8,-1,-1,-1,-1,3,1,E01005619,0
Unvalidated,2024061441374,2024,061441374,1,19,0,1,1,1,99,0,0,0,0,0,2,1,6,3,30,6,-1,-1,-1,-1,-1,-1,-1,0
Unvalidated,2024061441401,2024,061441401,1,9,0,18,5,1,0,4,0,0,0,0,1,1,6,1,25,5,-1,-1,-1,-1,2,1,E01005471,0
Unvalidated,2024061441646,2024,061441646,1,9,0,1,3,2,0,0,0,0,0,0,3,1,5,2,31,6,-1,-1,-1,-1,7,1,E01005644,0
Unvalidated,2024061441652,2024,061441652,1,3,0,18,2,6,0,0,1,7,0,0,3,1,6,1,27,6,-1,-1,-1,-1,2,1,E01005959,0
Unvalidated,2024061441652,2024,061441652,2,5,0,18,2,6,0,0,0,0,0,0,0,1,6,1,27,6,-1,-1,-1,-1,2,1,E01006069,0
Unvalidated,2024061441772,2024,061441772,1,1,0,5,-1,-1,4,0,0,0,1,0,3,1,2,1,25,5,-1,-1,-1,-1,2,1,E01005220,0
Unvalidated,2024061441772,2024,061441772,2,9,0,7,-1,-1,4,0,0,99,0,0,4,1,6,3,-1,-1,-1,-1,-1,-1,-1,-1,-1,0
Unvalidated,2024061441776,2024,061441776,1,8,-1,15,1,5,0,1,0,0,0,0,4,1,6,3,-1,-1,-1,-1,-1,-1,-1,-1,-1,0
Unvalidated,2024061441776,2024,061441776,2,1,0,7,1,5,0,1,0,0,0,0,3,1,5,1,47,8,-1,-1,-1,-1,3,1,E01005603,0
Unvalidated,2024061441813,2024,061441813,1,8,0,5,0,8,0,0,1,0,1,0,1,1,5,1,28,6,-1,-1,-1,-1,3,1,E01006115,0
Unvalidated,2024061441833,2024,061441833,1,97,0,18,7,3,0,0,5,10,0,0,4,1,6,3,-1,-1,-1,-1,-1,-1,-1,-1,-1,0
Unvalidated,2024061441858,2024,061441858,1,1,0,-1,-1,-1,-1,-1,-1,-1,-1,0,-1,1,6,1,29,6,-1,-1,-1,-1,6,1,E01005176,0
Unvalidated,2024061441858,2024,061441858,2,9,0,-1,-1,-1,-1,-1,-1,-1,-1,0,-1,1,6,1,67,10,-1,-1,-1,-1,1,1,E01006108,0
Unvalidated,2024061441861,2024,061441861,1,9,0,18,3,7,0,8,0,0,0,0,4,1,5,1,19,4,-1,-1,-1,-1,10,1,E01004808,0
Unvalidated,2024061441861,2024,061441861,2,5,0,18,5,1,0,1,0,0,0,0,1,1,5,1,25,5,-1,-1,-1,-1,7,1,E01025384,0
Unvalidated,2024061441865,2024,061441865,1,3,0,18,3,2,9,2,0,0,0,0,2,1,5,1,20,4,-1,-1,-1,-1,3,1,E01006159,0
Unvalidated,2024061441865,2024,061441865,2,5,0,18,3,2,9,1,0,0,0,0,1,1,1,1,57,9,-1,-1,-1,-1,4,1,E01005730,0
Unvalidated,2024061441878,2024,061441878,1,9,0,18,-1,-1,0,1,0,0,0,0,3,1,5,2,44,7,-1,-1,-1,-1,8,2,E01005416,0
Unvalidated,2024061441878,2024,061441878,2,9,0,9,-1,-1,99,6,0,0,8,0,4,1,6,3,-1,-1,-1,-1,-1,-1,-1,-1,-1,0
Unvalidated,2024061441988,2024,061441988,1,9,0,9,4,1,0,2,0,0,0,0,2,1,5,1,80,11,-1,-1,-1,-1,8,1,E01006384,0
Unvalidated,2024061441988,2024,061441988,2,1,0,18,8,4,0,1,0,0,0,0,1,1,5,1,52,8,-1,-1,-1,-1,2,1,E01005708,0
Unvalidated,2024061441995,2024,061441995,1,23,-1,-1,-1,-1,0,0,0,0,0,0,-1,1,6,3,-1,-1,-1,-1,-1,-1,5,1,E01004997,0
Unvalidated,2024061441995,2024,061441995,2,9,-1,-1,-1,-1,-1,0,-1,-1,-1,0,-1,1,6,3,67,10,-1,-1,-1,-1,6,1,E01004912,0
Unvalidated,2024061442005,2024,061442005,1,9,0,-1,-1,-1,-1,0,-1,-1,-1,0,-1,1,6,3,-1,-1,-1,-1,-1,-1,-1,-1,-1,0
Unvalidated,2024061442016,2024,061442016,1,9,0,15,5,1,0,0,0,0,0,0,4,1,6,3,-1,-1,-1,-1,-1,-1,-1,-1,-1,0
Unvalidated,2024061442016,2024,061442016,2,1,0,18,-1,-1,0,0,0,0,0,0,3,1,6,2,43,7,-1,-1,-1,-1,1,1,E01005240,0
Unvalidated,2024061442057,2024,061442057,1,19,0,18,1,5,0,0,0,0,0,0,1,2,1,1,29,6,-1,-1,-1,-1,2,1,E01005999,0
Unvalidated,2024061442057,2024,061442057,2,19,0,18,1,5,0,0,0,0,0,0,2,1,1,2,59,9,-1,-1,-1,-1,-1,-1,-1,0
Unvalidated,2024061442060,2024,061442060,1,9,-1,-1,-1,-1,0,0,0,0,0,0,-1,1,6,3,-1,-1,-1,-1,-1,-1,-1,-1,-1,0
Unvalidated,2024061442060,2024,061442060,2,9,-1,-1,-1,-1,0,0,0,0,0,0,-1,1,6,3,26,6,-1,-1,-1,-1,3,1,E01005013,0
Unvalidated,2024061442071,2024,061442071,1,9,0,18,-1,-1,0,0,0,0,0,0,1,1,6,3,-1,-1,-1,-1,-1,-1,-1,-1,-1,0
Unvalidated,2024061442071,2024,061442071,2,9,0,10,-1,-1,0,0,0,0,0,0,4,1,3,2,31,6,-1,-1,-1,-1,1,1,E01005935,0
Unvalidated,2024061442120,2024,061442120,1,1,0,3,-1,-1,9,1,0,10,0,0,9,1,4,1,16,4,-1,-1,-1,-1,1,1,E01005756,0
Unvalidated,2024061442120,2024,061442120,2,9,0,16,-1,-1,99,6,9,0,0,0,1,1,6,3,-1,-1,-1,-1,-1,-1,-1,-1,-1,0
Unvalidated,2024061442183,2024,061442183,1,9,0,18,1,5,0,0,0,0,0,0,1,1,1,1,27,6,-1,-1,-1,-1,3,1,E01006335,0
Unvalidated,2024061442209,2024,061442209,1,9,0,7,1,5,0,1,1,0,0,0,1,1,6,2,20,4,-1,-1,-1,-1,2,1,E01005917,0
Unvalidated,2024061442209,2024,061442209,2,9,0,3,5,1,0,6,0,0,0,0,3,1,6,2,39,7,-1,-1,-1,-1,9,1,E01006076,0
Unvalidated,2024061442209,2024,061442209,3,9,0,18,1,3,0,8,0,4,0,0,1,1,6,1,29,6,-1,-1,-1,-1,2,1,E01005222,0
Unvalidated,2024061442250,2024,061442250,1,9,0,18,0,7,0,0,0,0,0,0,4,1,2,1,45,7,-1,-1,-1,-1,8,2,E01019755,0
Unvalidated,2024061442250,2024,061442250,2,9,0,5,3,5,0,0,0,0,0,0,3,1,6,1,-1,-1,-1,-1,-1,-1,1,1,E01005905,0
Unvalidated,2024061442332,2024,061442332,1,9,0,18,-1,-1,0,1,9,99,0,0,4,1,5,1,40,7,-1,-1,-1,-1,3,1,-1,0
Unvalidated,2024061442332,2024,061442332,2,9,-1,9,-1,-1,0,1,4,99,0,0,4,1,6,3,-1,-1,-1,-1,-1,-1,-1,-1,-1,0
Unvalidated,2024061442357,2024,061442357,1,9,-1,-1,-1,-1,-1,0,-1,-1,-1,0,-1,1,6,3,-1,-1,-1,-1,-1,-1,-1,-1,-1,0
Unvalidated,2024061442358,2024,061442358,1,9,0,18,1,5,0,4,0,0,0,0,3,1,5,2,93,11,-1,-1,-1,-1,9,1,E01005017,0
Unvalidated,2024061442358,2024,061442358,2,1,0,18,7,3,0,8,0,0,0,0,1,1,5,1,38,7,-1,-1,-1,-1,9,3,E01025358,0
Unvalidated,2024061442375,2024,061442375,1,1,0,18,-1,-1,4,1,2,0,0,0,3,1,5,1,30,6,-1,-1,-1,-1,3,1,E01005893,0
Unvalidated,2024061442375,2024,061442375,2,10,-1,-1,-1,-1,-1,-1,-1,-1,-1,0,-1,1,6,3,-1,-1,-1,-1,-1,-1,-1,-1,-1,0
Unvalidated,2024061442422,2024,061442422,1,9,0,4,7,4,0,2,0,0,0,0,1,1,6,1,77,11,-1,-1,-1,-1,-1,-1,-1,0
Unvalidated,2024061442456,2024,061442456,1,9,0,18,4,7,0,2,0,0,0,0,1,1,6,2,48,8,-1,-1,-1,-1,7,1,E01006089,0
Unvalidated,2024061442456,2024,061442456,2,8,0,18,1,5,0,1,0,0,0,0,4,1,3,1,39,7,-1,-1,-1,-1,1,1,E01005201,0
Unvalidated,2024061442527,2024,061442527,1,9,0,18,3,7,0,1,1,0,0,0,1,1,5,1,51,8,-1,-1,-1,-1,9,1,E01005634,0
Unvalidated,2024061442527,2024,061442527,2,9,0,9,3,7,0,1,5,0,0,0,4,1,6,2,30,6,-1,-1,-1,-1,4,1,E01006009,0
Unvalidated,2024061442657,2024,061442657,1,9,0,5,1,5,0,0,0,0,0,0,1,1,5,1,51,8,-1,-1,-1,-1,1,1,E01005227,0
Unvalidated,2024061442676,2024,061442676,1,9,0,5,7,3,0,0,0,0,0,0,1,1,5,2,31,6,-1,-1,-1,-1,1,1,E01005729,0
Unvalidated,2024061442692,2024,061442692,1,19,0,18,-1,-1,0,0,0,0,0,0,4,1,1,1,36,7,-1,-1,-1,-1,10,1,E01005786,0
Unvalidated,2024061442692,2024,061442692,2,19,0,7,-1,-1,0,0,0,0,0,0,3,1,6,3,-1,-1,-1,-1,-1,-1,6,1,E01030667,0
Unvalidated,2024061442733,2024,061442733,1,8,0,6,5,1,0,0,0,0,0,0,3,2,1,1,56,9,-1,-1,-1,-1,1,1,E01005291,0
Unvalidated,2024061442733,2024,061442733,2,9,0,18,1,5,0,0,0,0,0,0,1,1,6,1,41,7,-1,-1,-1,-1,4,1,E01008162,0
Unvalidated,2024061442769,2024,061442769,1,9,0,9,5,7,0,0,0,0,0,0,0,1,6,2,46,8,-1,-1,-1,-1,10,1,E01004965,0
Unvalidated,2024061442769,2024,061442769,2,9,0,18,5,3,0,0,0,0,0,0,1,1,5,1,69,10,-1,-1,-1,-1,5,1,E01004785,0
Unvalidated,2024061442927,2024,061442927,1,9,0,18,-1,-1,0,-1,0,0,0,0,3,1,3,2,49,8,-1,-1,-1,-1,3,1,E01005210,0
Unvalidated,2024061442927,2024,061442927,2,9,0,9,-1,-1,99,6,0,0,0,0,1,1,6,3,-1,-1,-1,-1,-1,-1,-1,-1,-1,0
Unvalidated,2024061442952,2024,061442952,1,23,0,18,6,2,0,1,0,0,0,0,2,1,6,1,18,4,-1,-1,-1,-1,6,1,E01005391,0
Unvalidated,2024061442952,2024,061442952,2,9,0,18,1,5,0,1,0,0,0,0,1,1,1,1,37,7,-1,-1,-1,-1,1,1,E01005108,0
Unvalidated,2024061443109,2024,061443109,1,98,0,4,4,8,0,0,0,0,0,0,3,1,6,3,45,7,-1,-1,-1,-1,6,1,E01006724,0
Unvalidated,2024061443109,2024,061443109,2,97,0,3,4,2,0,0,0,0,0,0,1,1,6,3,17,4,-1,-1,-1,-1,7,1,E01006222,0
Unvalidated,2024061443142,2024,061443142,1,9,0,18,6,2,0,0,0,0,1,0,1,1,6,1,77,11,-1,-1,-1,-1,1,1,E01006025,0
Unvalidated,2024061443325,2024,061443325,1,98,1,4,1,5,0,1,0,0,0,0,1,2,1,1,43,7,-1,-1,-1,-1,-1,-1,-1,0
Unvalidated,2024061443325,2024,061443325,2,9,0,3,1,5,0,1,0,0,0,0,2,2,1,1,60,9,-1,-1,-1,-1,10,1,E01018664,0
Unvalidated,2024061443331,2024,061443331,1,9,0,2,-1,-1,9,0,0,0,0,0,3,1,5,2,67,10,-1,-1,-1,-1,4,1,E01004777,0
Unvalidated,2024061443331,2024,061443331,2,1,0,18,-1,-1,9,0,0,0,0,0,4,1,6,1,16,4,-1,-1,-1,-1,4,1,E01004777,0
Unvalidated,2024061443339,2024,061443339,1,9,0,3,-1,-1,99,2,5,10,1,0,4,1,6,3,-1,-1,-1,-1,-1,-1,-1,-1,-1,0
Unvalidated,2024061443344,2024,061443344,1,9,0,-1,-1,-1,-1,-1,-1,-1,-1,0,-1,1,6,2,73,10,-1,-1,-1,-1,2,1,E01005449,0
Unvalidated,2024061443344,2024,061443344,2,9,-1,-1,-1,-1,-1,-1,-1,-1,-1,0,-1,1,6,2,-1,-1,-1,-1,-1,-1,1,1,E01005321,0
Unvalidated,2024061443376,2024,061443376,1,1,0,18,-1,-1,0,1,0,0,1,0,4,1,5,1,14,3,-1,-1,-1,-1,4,1,E01006186,0
Unvalidated,2024061443376,2024,061443376,2,9,0,9,-1,-1,0,7,0,0,0,0,3,1,6,3,-1,-1,-1,-1,-1,-1,-1,-1,-1,0
Unvalidated,2024061443380,2024,061443380,1,1,0,15,-1,-1,0,0,5,99,1,99,1,1,2,1,46,8,-1,-1,-1,-1,2,1,E01032920,0
Unvalidated,2024061443380,2024,061443380,2,9,0,7,-1,-1,0,0,0,99,7,99,4,1,6,3,-1,-1,-1,-1,-1,-1,-1,-1,-1,0
Unvalidated,2024061443540,2024,061443540,1,9,0,18,1,5,0,0,0,0,0,0,1,1,6,1,25,5,-1,-1,-1,-1,2,1,E01004824,0
Unvalidated,2024061443540,2024,061443540,2,9,0,18,5,1,0,0,0,0,0,0,1,1,6,1,46,8,-1,-1,-1,-1,1,1,E01012650,0
Unvalidated,2024061443583,2024,061443583,1,9,0,-1,-1,-1,-1,-1,-1,-1,-1,0,-1,1,6,3,-1,-1,-1,-1,-1,-1,-1,-1,-1,0
Unvalidated,2024061443583,2024,061443583,2,9,0,-1,-1,-1,-1,-1,-1,-1,-1,0,2,1,6,1,38,7,-1,-1,-1,-1,-1,-1,-1,0
Unvalidated,2024061443612,2024,061443612,1,9,0,18,-1,-1,0,0,0,0,1,0,1,1,6,2,-1,-1,-1,-1,-1,-1,6,3,E01025562,0
Unvalidated,2024061443616,2024,061443616,1,9,0,18,5,1,0,0,0,0,0,0,1,1,2,2,49,8,-1,-1,-1,-1,10,1,E01006193,0
Unvalidated,2024061443616,2024,061443616,2,5,0,11,5,1,0,0,0,0,0,0,4,1,1,1,40,7,-1,-1,-1,-1,-1,-1,-1,0
Unvalidated,2024061443636,2024,061443636,1,9,-1,-1,-1,-1,-1,-1,-1,-1,-1,0,-1,1,6,1,-1,-1,-1,-1,-1,-1,8,1,E01005549,0
Unvalidated,2024061443636,2024,061443636,2,9,-1,-1,-1,-1,-1,-1,-1,-1,-1,0,-1,1,6,1,-1,-1,-1,-1,-1,-1,8,1,E01005549,0
Unvalidated,2024061443699,2024,061443699,1,9,0,5,1,5,0,8,0,0,0,0,1,1,2,1,28,6,-1,-1,-1,-1,9,1,E01005864,0
Unvalidated,2024061443699,2024,061443699,2,9,0,18,7,3,0,8,0,0,0,0,4,1,2,1,45,7,-1,-1,-1,-1,4,3,E01006049,0
Unvalidated,2024061443711,2024,061443711,1,9,0,5,-1,-1,0,0,0,0,0,0,2,1,5,2,42,7,-1,-1,-1,-1,4,1,E01006104,0
Unvalidated,2024061443711,2024,061443711,2,9,0,4,-1,-1,0,0,0,0,0,0,1,1,6,1,-1,-1,-1,-1,-1,-1,1,1,E01005106,0
Unvalidated,2024061443750,2024,061443750,1,1,0,8,-1,-1,99,1,0,8,0,0,3,1,2,1,31,6,-1,-1,-1,-1,1,1,E01005065,0
Unvalidated,2024061443750,2024,061443750,2,-1,-1,-1,-1,-1,-1,-1,-1,-1,-1,0,-1,1,6,3,-1,-1,-1,-1,-1,-1,-1,-1,-1,0
Unvalidated,2024061443766,2024,061443766,1,1,0,18,-1,-1,0,1,5,0,0,0,4,1,2,2,40,7,-1,-1,-1,-1,4,1,E01005823,0
Unvalidated,2024061443766,2024,061443766,2,9,0,9,-1,-1,0,6,0,0,0,0,1,2,6,1,-1,-1,-1,-1,-1,-1,4,1,E01005853,0
Unvalidated,2024061443773,2024,061443773,1,1,0,18,-1,-1,0,8,1,0,0,0,3,1,2,2,26,6,-1,-1,-1,-1,3,1,E01005297,0
Unvalidated,2024061443773,2024,061443773,2,8,0,18,-1,-1,0,6,0,0,0,0,1,1,6,1,-1,-1,-1,-1,-1,-1,-1,-1,-1,0
Unvalidated,2024061443821,2024,061443821,1,98,0,18,5,1,0,1,0,0,0,0,4,1,2,1,39,7,-1,-1,-1,-1,4,1,E01005712,0
Unvalidated,2024061443830,2024,061443830,1,9,0,9,1,5,0,8,0,0,0,0,1,2,1,2,43,7,-1,-1,-1,-1,1,1,E01005108,0
Unvalidated,2024061443830,2024,061443830,2,9,0,18,3,7,0,1,0,0,0,0,1,2,1,1,32,6,-1,-1,-1,-1,1,1,E01005953,0
Unvalidated,2024061443830,2024,061443830,3,9,0,18,7,3,0,1,0,0,0,0,1,2,1,1,33,6,-1,-1,-1,-1,1,1,E01005953,0
Unvalidated,2024061443858,2024,061443858,1,9,0,4,1,5,0,0,0,0,0,0,1,1,5,1,17,4,-1,-1,-1,-1,-1,-1,-1,0