status,collision_index,collision_year,collision_reference,vehicle_reference,vehicle_type,towing_and_articulation,vehicle_manoeuvre,vehicle_direction_from,vehicle_direction_to,vehicle_location_restricted_lane,junction_location,skidding_and_overturning,hit_object_in_carriageway,vehicle_leaving_carriageway,hit_object_off_carriageway,first_point_of_impact,vehicle_left_hand_drive,journey_purpose_of_driver,sex_of_driver,age_of_driver,age_band_of_driver,engine_capacity_cc,propulsion_code,age_of_vehicle,generic_make_model,driver_imd_decile,driver_home_area_type,lsoa_of_driver,escooter_flag
Unvalidated,2024061443858,2024,061443858,2,9,0,3,1,5,0,0,0,0,0,0,2,1,5,1,58,9,-1,-1,-1,-1,1,1,E01005235,0
Unvalidated,2024061443868,2024,061443868,1,8,0,18,7,5,0,2,2,0,0,0,3,1,1,1,27,6,-1,-1,-1,-1,2,1,E01005450,0
Unvalidated,2024061443868,2024,061443868,2,9,0,9,1,5,0,1,0,0,0,0,1,1,6,1,26,6,-1,-1,-1,-1,1,1,E01033678,0
Unvalidated,2024061443883,2024,061443883,1,9,-1,-1,-1,-1,-1,0,-1,-1,-1,0,-1,1,6,1,-1,-1,-1,-1,-1,-1,-1,-1,-1,0
Unvalidated,2024061443883,2024,061443883,2,9,-1,-1,-1,-1,-1,0,-1,-1,-1,0,-1,1,6,1,43,7,-1,-1,-1,-1,5,1,E01005964,0
Unvalidated,2024061443910,2024,061443910,1,9,-1,9,7,5,0,6,0,0,0,0,3,1,6,3,-1,-1,-1,-1,-1,-1,-1,-1,-1,0
Unvalidated,2024061443910,2024,061443910,2,9,-1,18,5,1,0,8,0,0,0,0,1,1,6,1,21,5,-1,-1,-1,-1,2,1,E01005145,0
Unvalidated,2024061443922,2024,061443922,1,9,0,9,7,5,0,0,0,0,0,0,0,1,6,3,-1,-1,-1,-1,-1,-1,-1,-1,-1,0
Unvalidated,2024061443922,2024,061443922,2,1,-1,18,5,1,4,0,0,0,0,0,4,1,5,1,25,5,-1,-1,-1,-1,8,1,E01024934,0
Unvalidated,2024061444056,2024,061444056,1,9,0,5,5,1,0,1,0,0,0,0,1,1,5,1,59,9,-1,-1,-1,-1,1,1,E01004827,0
Unvalidated,2024061444103,2024,061444103,1,19,0,4,3,7,0,0,0,0,0,0,4,1,1,1,61,9,-1,-1,-1,-1,-1,-1,-1,0
Unvalidated,2024061444103,2024,061444103,2,1,0,15,3,7,0,0,0,0,1,0,3,1,6,1,54,8,-1,-1,-1,-1,-1,-1,-1,0
Unvalidated,2024061444219,2024,061444219,1,9,0,10,-1,-1,0,0,0,0,0,0,1,1,6,3,-1,-1,-1,-1,-1,-1,-1,-1,-1,0
Unvalidated,2024061444252,2024,061444252,1,9,0,1,3,7,0,1,0,0,0,0,2,2,1,1,-1,-1,-1,-1,-1,-1,3,1,E01004766,0
Unvalidated,2024061444285,2024,061444285,1,8,0,99,-1,-1,0,0,0,0,0,0,1,1,6,3,-1,-1,-1,-1,-1,-1,-1,-1,-1,0
Unvalidated,2024061444321,2024,061444321,1,9,0,18,8,4,0,0,0,0,0,0,1,1,5,2,30,6,-1,-1,-1,-1,1,1,E01032558,0
Unvalidated,2024061444321,2024,061444321,2,9,0,2,0,0,0,0,0,0,0,0,3,1,6,3,-1,-1,-1,-1,-1,-1,-1,-1,-1,0
Unvalidated,2024061444321,2024,061444321,3,9,0,18,4,8,0,0,0,0,0,0,1,1,5,1,52,8,-1,-1,-1,-1,2,1,E01032920,0
Unvalidated,2024061444429,2024,061444429,1,9,0,18,5,1,0,0,0,0,0,0,4,1,5,1,39,7,-1,-1,-1,-1,5,1,E01005964,0
Unvalidated,2024061444639,2024,061444639,1,97,0,18,1,5,0,0,0,0,0,0,1,1,6,1,30,6,-1,-1,-1,-1,8,1,E01005401,0
Unvalidated,2024061444697,2024,061444697,1,9,0,18,4,1,0,1,0,0,0,0,1,1,5,1,28,6,-1,-1,-1,-1,4,1,E01006223,0
Unvalidated,2024061444713,2024,061444713,1,9,0,9,-1,-1,0,5,0,0,0,0,3,1,5,2,50,8,-1,-1,-1,-1,6,1,E01005420,0
Unvalidated,2024061444713,2024,061444713,2,19,0,13,-1,-1,0,8,0,11,7,11,4,1,6,3,-1,-1,-1,-1,-1,-1,-1,-1,-1,0
Unvalidated,2024061444724,2024,061444724,1,9,0,18,2,6,0,1,0,0,0,0,3,1,5,2,53,8,-1,-1,-1,-1,9,1,E01033218,0
Unvalidated,2024061444724,2024,061444724,2,9,0,18,2,6,0,1,0,0,0,0,1,1,5,1,62,9,-1,-1,-1,-1,9,1,E01006377,0
Unvalidated,2024061444765,2024,061444765,1,9,0,99,-1,-1,0,9,0,0,0,0,4,1,6,2,-1,-1,-1,-1,-1,-1,3,1,E01005702,0
Unvalidated,2024061444874,2024,061444874,1,9,0,9,5,3,0,8,0,0,0,0,1,1,5,1,83,11,-1,-1,-1,-1,9,1,E01004810,0
Unvalidated,2024061444874,2024,061444874,2,9,0,18,2,5,0,8,0,0,0,0,1,1,5,1,25,5,-1,-1,-1,-1,3,1,E01025379,0
Unvalidated,2024061444958,2024,061444958,1,9,0,18,5,1,0,0,0,0,0,0,4,1,6,3,-1,-1,-1,-1,-1,-1,-1,-1,-1,0
Unvalidated,2024061445154,2024,061445154,1,9,0,4,-1,-1,0,4,0,0,0,0,2,1,5,2,33,6,-1,-1,-1,-1,9,2,E01011168,0
Unvalidated,2024061445154,2024,061445154,2,9,0,18,-1,-1,0,4,0,0,0,0,1,1,6,2,-1,-1,-1,-1,-1,-1,-1,-1,-1,0
Unvalidated,2024061445186,2024,061445186,1,9,0,2,7,3,0,1,0,0,0,0,1,1,6,3,-1,-1,-1,-1,-1,-1,-1,-1,-1,0
Unvalidated,2024061445250,2024,061445250,1,9,0,14,-1,-1,0,1,0,0,1,0,4,1,5,1,30,6,-1,-1,-1,-1,3,1,E01006145,0
Unvalidated,2024061445250,2024,061445250,2,9,0,99,-1,-1,99,1,0,0,0,0,1,1,6,2,-1,-1,-1,-1,-1,-1,-1,-1,-1,0
Unvalidated,2024061445269,2024,061445269,1,9,0,9,5,5,0,8,0,0,0,0,1,1,5,2,27,6,-1,-1,-1,-1,3,1,E01025356,0
Unvalidated,2024061445269,2024,061445269,2,9,0,18,1,1,0,8,0,0,0,0,1,1,5,2,29,6,-1,-1,-1,-1,4,1,E01005462,0
Unvalidated,2024061445330,2024,061445330,1,98,0,18,1,5,0,1,0,0,0,0,1,1,1,1,34,6,-1,-1,-1,-1,2,1,E01007340,0
Unvalidated,2024061445342,2024,061445342,1,9,0,9,6,5,0,1,0,0,0,0,4,1,6,3,-1,-1,-1,-1,-1,-1,-1,-1,-1,0
Unvalidated,2024061445342,2024,061445342,2,9,0,18,4,6,0,1,0,0,0,0,4,1,6,1,25,5,-1,-1,-1,-1,1,1,E01005239,0
Unvalidated,2024061445405,2024,061445405,1,9,0,18,4,-1,0,1,0,0,0,0,1,1,6,1,-1,-1,-1,-1,-1,-1,-1,-1,-1,0
Unvalidated,2024061445492,2024,061445492,1,9,0,18,3,7,0,0,0,0,0,0,1,1,6,1,42,7,-1,-1,-1,-1,1,1,E01005147,0
Unvalidated,2024061445647,2024,061445647,1,1,9,18,-1,-1,0,0,5,0,0,0,1,1,2,1,31,6,-1,-1,-1,-1,2,1,E01005146,0
Unvalidated,2024061445647,2024,061445647,2,9,9,18,-1,-1,0,0,0,0,0,0,1,1,6,3,-1,-1,-1,-1,-1,-1,-1,-1,-1,0
Unvalidated,2024061445652,2024,061445652,1,9,0,99,2,6,99,0,9,99,9,99,1,1,6,2,-1,-1,-1,-1,-1,-1,2,1,E01006344,0
Unvalidated,2024061445705,2024,061445705,1,8,0,18,-1,-1,99,0,0,0,0,0,1,1,6,1,-1,-1,-1,-1,-1,-1,-1,-1,-1,0
Unvalidated,2024061445739,2024,061445739,1,9,0,15,3,7,0,8,0,0,0,0,2,1,2,2,23,5,-1,-1,-1,-1,4,1,E01005957,0
Unvalidated,2024061445739,2024,061445739,2,9,0,10,3,7,0,1,0,0,0,0,1,1,6,3,-1,-1,-1,-1,-1,-1,-1,-1,-1,0
Unvalidated,2024061445748,2024,061445748,1,5,0,18,5,1,0,0,0,0,0,0,4,1,6,1,34,6,-1,-1,-1,-1,3,1,E01004772,0
Unvalidated,2024061445748,2024,061445748,2,9,0,18,5,1,0,0,0,0,0,0,0,1,1,1,43,7,-1,-1,-1,-1,4,1,E01005730,0
Unvalidated,2024061445752,2024,061445752,1,1,0,18,-1,-1,4,8,5,0,0,0,1,1,2,2,31,6,-1,-1,-1,-1,8,1,E01032685,0
Unvalidated,2024061445752,2024,061445752,2,9,0,7,-1,-1,4,8,0,0,0,0,2,1,6,2,-1,-1,-1,-1,-1,-1,4,1,E01006188,0
Unvalidated,2024061445793,2024,061445793,1,9,0,18,5,1,0,0,0,0,0,0,1,1,6,1,38,7,-1,-1,-1,-1,2,1,E01005337,0
Unvalidated,2024061445828,2024,061445828,1,9,0,9,5,3,0,8,0,0,0,0,4,1,6,1,31,6,-1,-1,-1,-1,2,1,E01005915,0
Unvalidated,2024061445828,2024,061445828,2,1,0,18,1,5,0,8,0,0,0,0,1,1,6,1,9,2,-1,-1,-1,-1,4,1,E01005888,0
Unvalidated,2024061445877,2024,061445877,1,9,0,7,5,7,0,0,0,0,0,0,1,1,6,3,-1,-1,-1,-1,-1,-1,-1,-1,-1,0
Unvalidated,2024061445877,2024,061445877,2,9,0,18,5,1,0,0,0,0,0,0,3,1,6,2,22,5,-1,-1,-1,-1,1,1,E01006031,0
Unvalidated,2024061446040,2024,061446040,1,9,0,18,5,1,0,1,0,0,0,0,4,1,6,2,55,8,-1,-1,-1,-1,4,1,E01005934,0
Unvalidated,2024061446162,2024,061446162,1,19,0,9,4,1,1,2,0,0,0,0,1,1,6,1,-1,-1,-1,-1,-1,-1,1,1,E01012455,0
Unvalidated,2024061446236,2024,061446236,1,1,0,18,-1,-1,0,0,0,0,1,0,4,1,5,1,17,4,-1,-1,-1,-1,1,1,E01005087,0
Unvalidated,2024061446236,2024,061446236,2,9,0,9,-1,-1,0,0,0,0,0,0,1,1,6,3,-1,-1,-1,-1,-1,-1,1,1,E01005070,0
Unvalidated,2024061446273,2024,061446273,1,9,0,18,5,1,0,1,0,0,0,0,4,1,6,2,-1,-1,-1,-1,-1,-1,-1,-1,-1,0
Unvalidated,2024061446273,2024,061446273,2,1,-1,18,5,1,0,1,-1,0,0,0,3,1,6,1,43,7,-1,-1,-1,-1,9,1,E01006086,0
Unvalidated,2024061446300,2024,061446300,1,9,0,18,8,4,0,0,1,0,0,0,1,1,1,1,52,8,-1,-1,-1,-1,10,1,E01025022,0
Unvalidated,2024061446300,2024,061446300,2,19,0,18,4,8,0,0,0,0,0,0,1,1,1,1,47,8,-1,-1,-1,-1,2,1,E01006298,0
Unvalidated,2024061446300,2024,061446300,3,9,0,18,4,4,0,0,0,0,0,0,1,1,6,2,51,8,-1,-1,-1,-1,9,1,E01006987,0
Unvalidated,2024061446399,2024,061446399,1,4,0,3,5,1,0,1,0,0,0,0,1,1,1,1,24,5,-1,-1,-1,-1,9,1,E01005049,0
Unvalidated,2024061446399,2024,061446399,2,9,0,9,5,1,0,1,0,0,0,0,3,1,1,2,35,6,-1,-1,-1,-1,3,1,E01004941,0
Unvalidated,2024061446660,2024,061446660,1,9,0,-1,-1,-1,-1,0,-1,-1,-1,0,-1,1,6,2,46,8,-1,-1,-1,-1,4,1,E01004920,0
Unvalidated,2024061447005,2024,061447005,1,9,0,-1,-1,-1,-1,0,-1,-1,-1,0,-1,1,6,1,-1,-1,-1,-1,-1,-1,2,1,E01004815,0
Unvalidated,2024061447027,2024,061447027,1,98,-1,1,7,3,0,0,0,0,0,0,2,1,6,3,-1,-1,-1,-1,-1,-1,-1,-1,-1,0
Unvalidated,2024061447027,2024,061447027,2,9,0,2,0,0,0,0,0,0,0,0,1,1,1,1,37,7,-1,-1,-1,-1,2,1,E01004812,0
Unvalidated,2024061447036,2024,061447036,1,9,0,5,1,5,0,0,0,0,0,0,-1,1,6,1,76,11,-1,-1,-1,-1,2,1,E01004931,0
Unvalidated,2024061447153,2024,061447153,1,9,0,4,8,3,0,1,0,0,0,0,1,1,1,1,31,6,-1,-1,-1,-1,-1,-1,-1,0
Unvalidated,2024061447153,2024,061447153,2,97,0,7,4,1,0,1,1,0,0,0,4,1,5,1,17,4,-1,-1,-1,-1,-1,-1,-1,0
Unvalidated,2024061447169,2024,061447169,1,97,0,18,3,7,0,0,0,0,0,0,1,1,6,1,-1,-1,-1,-1,-1,-1,-1,-1,-1,0
Unvalidated,2024061447169,2024,061447169,2,9,0,8,3,5,0,0,0,0,0,0,2,1,5,1,69,10,-1,-1,-1,-1,3,1,E01005535,0
Unvalidated,2024061447208,2024,061447208,1,9,0,18,6,2,0,1,0,0,0,0,4,1,1,1,41,7,-1,-1,-1,-1,1,1,E01005377,0
Unvalidated,2024061447278,2024,061447278,1,9,0,18,3,7,0,0,0,0,0,0,3,1,5,2,56,9,-1,-1,-1,-1,4,1,E01025213,0
Unvalidated,2024061447278,2024,061447278,2,9,0,18,7,3,0,0,0,0,0,0,1,1,5,2,42,7,-1,-1,-1,-1,-1,-1,-1,0
Unvalidated,2024061447377,2024,061447377,1,9,0,18,7,3,0,2,0,0,0,0,1,1,5,1,69,10,-1,-1,-1,-1,9,2,E01018585,0
Unvalidated,2024061447377,2024,061447377,2,9,0,9,2,5,0,2,0,0,0,0,1,1,1,1,46,8,-1,-1,-1,-1,2,1,E01005951,0
Unvalidated,2024061447424,2024,061447424,1,98,0,18,1,3,0,1,0,0,1,0,3,1,5,2,41,7,-1,-1,-1,-1,-1,-1,-1,0
Unvalidated,2024061447424,2024,061447424,2,9,0,18,7,3,0,8,0,0,0,0,1,1,5,1,31,6,-1,-1,-1,-1,8,2,E01032922,0
Unvalidated,2024061447437,2024,061447437,1,9,0,9,7,1,0,8,0,0,0,0,1,1,5,2,27,6,-1,-1,-1,-1,1,1,E01005224,0
Unvalidated,2024061447437,2024,061447437,2,9,0,18,7,3,0,8,0,0,0,0,1,1,5,2,22,5,-1,-1,-1,-1,2,1,E01005460,0
Unvalidated,2024061447538,2024,061447538,1,21,1,11,4,8,0,0,0,0,0,0,1,1,1,1,55,8,-1,-1,-1,-1,-1,-1,-1,0
Unvalidated,2024061447538,2024,061447538,2,9,0,18,4,8,0,0,0,0,0,0,3,1,2,2,39,7,-1,-1,-1,-1,1,2,E01006248,0
Unvalidated,2024061447572,2024,061447572,1,1,9,18,-1,-1,0,0,0,0,0,0,1,1,5,1,22,5,-1,-1,-1,-1,1,1,E01005219,0
Unvalidated,2024061447572,2024,061447572,2,9,9,2,-1,-1,99,0,0,0,0,0,3,1,6,3,-1,-1,-1,-1,-1,-1,-1,-1,-1,0
Unvalidated,2024061447595,2024,061447595,1,9,0,-1,-1,-1,-1,0,-1,-1,-1,0,-1,1,6,2,29,6,-1,-1,-1,-1,8,1,E01006078,0
Unvalidated,2024061447595,2024,061447595,2,9,0,-1,-1,-1,-1,0,-1,-1,-1,0,-1,1,6,3,-1,-1,-1,-1,-1,-1,-1,-1,-1,0
Unvalidated,2024061447604,2024,061447604,1,1,9,18,-1,-1,0,1,5,0,0,0,3,1,2,1,25,5,-1,-1,-1,-1,1,1,E01005609,0
Unvalidated,2024061447604,2024,061447604,2,9,9,7,-1,-1,0,1,0,0,0,0,1,1,6,3,-1,-1,-1,-1,-1,-1,-1,-1,-1,0
Unvalidated,2024061447655,2024,061447655,1,9,0,18,1,5,6,0,0,0,0,0,4,1,2,2,30,6,-1,-1,-1,-1,7,2,E01024961,0
Unvalidated,2024061447706,2024,061447706,1,9,0,3,8,4,0,0,0,0,0,0,2,1,3,2,63,9,-1,-1,-1,-1,3,1,E01006217,0
Unvalidated,2024061447706,2024,061447706,2,19,0,3,8,4,0,0,0,0,0,0,1,1,5,1,-1,-1,-1,-1,-1,-1,8,1,E01006229,0
Unvalidated,2024061447727,2024,061447727,1,9,0,18,7,3,0,8,5,0,0,0,1,1,6,3,-1,-1,-1,-1,-1,-1,-1,-1,-1,0
Unvalidated,2024061447727,2024,061447727,2,9,0,2,7,3,0,8,0,0,0,0,4,1,6,3,-1,-1,-1,-1,-1,-1,-1,-1,-1,0
Unvalidated,2024061447727,2024,061447727,3,9,0,2,7,3,0,8,0,0,0,0,3,1,6,3,-1,-1,-1,-1,-1,-1,-1,-1,-1,0
Unvalidated,2024061447803,2024,061447803,1,9,0,9,7,5,0,6,0,0,0,0,1,1,6,1,35,6,-1,-1,-1,-1,1,1,E01005164,0
Unvalidated,2024061447803,2024,061447803,2,9,0,18,1,5,0,1,0,0,0,0,1,1,6,2,40,7,-1,-1,-1,-1,2,1,E01004815,0
Unvalidated,2024061447803,2024,061447803,3,9,0,18,5,1,0,1,0,0,0,0,1,1,6,2,38,7,-1,-1,-1,-1,3,1,E01005161,0
Unvalidated,2024061447803,2024,061447803,4,9,0,18,5,1,0,1,0,0,0,0,1,1,6,1,54,8,-1,-1,-1,-1,1,1,E01005164,0
Unvalidated,2024061447900,2024,061447900,1,9,0,18,5,1,0,1,0,0,0,0,1,1,5,1,30,6,-1,-1,-1,-1,1,1,E01004857,0
Unvalidated,2024061447900,2024,061447900,2,9,0,2,0,0,9,2,0,0,0,0,3,1,6,3,-1,-1,-1,-1,-1,-1,-1,-1,-1,0
Unvalidated,2024061447907,2024,061447907,1,9,0,18,5,2,0,8,0,0,1,11,1,1,5,1,79,11,-1,-1,-1,-1,-1,-1,-1,0
Unvalidated,2024061447911,2024,061447911,1,9,0,18,2,6,0,2,1,0,0,0,4,1,6,1,43,7,-1,-1,-1,-1,4,1,E01005757,0
Unvalidated,2024061447911,2024,061447911,2,11,0,18,4,8,0,8,0,0,0,0,1,1,1,1,24,5,-1,-1,-1,-1,1,1,E01005147,0
Unvalidated,2024061447911,2024,061447911,3,19,0,2,0,0,6,2,0,0,0,0,2,1,6,1,43,7,-1,-1,-1,-1,2,1,E01005163,0
Unvalidated,2024061447980,2024,061447980,1,9,0,18,5,1,0,7,0,0,0,0,0,2,6,3,74,10,-1,-1,-1,-1,-1,-1,-1,0
Unvalidated,2024061447980,2024,061447980,2,8,0,12,5,1,0,7,0,0,0,0,2,1,1,1,63,9,-1,-1,-1,-1,8,1,E01006809,0
Unvalidated,2024061447980,2024,061447980,3,19,0,12,5,1,0,2,0,0,0,0,1,1,1,1,36,7,-1,-1,-1,-1,4,1,E01025335,0
Unvalidated,2024061448038,2024,061448038,1,1,0,18,7,3,4,8,0,0,0,0,4,1,5,1,53,8,-1,-1,-1,-1,5,1,E01006113,0
Unvalidated,2024061448038,2024,061448038,2,9,0,99,5,1,0,6,0,0,0,0,1,1,6,1,-1,-1,-1,-1,-1,-1,1,1,E01005213,0
Unvalidated,2024061448058,2024,061448058,1,9,0,18,3,7,0,4,0,0,0,0,3,1,2,1,46,8,-1,-1,-1,-1,5,1,E01006006,0
Unvalidated,2024061448058,2024,061448058,2,1,0,18,1,5,0,4,0,0,0,0,1,1,5,1,54,8,-1,-1,-1,-1,1,1,E01006005,0
Unvalidated,2024061448090,2024,061448090,1,9,0,18,5,1,9,0,0,0,1,0,4,1,5,2,18,4,-1,-1,-1,-1,10,1,E01006347,0
Unvalidated,2024061448166,2024,061448166,1,9,0,18,-1,-1,0,1,0,0,0,0,1,1,5,1,61,9,-1,-1,-1,-1,9,1,E01005802,0
Unvalidated,2024061448166,2024,061448166,2,1,0,16,-1,-1,0,1,0,4,0,0,1,1,6,1,-1,-1,-1,-1,-1,-1,1,1,E01005762,0
Unvalidated,2024061448214,2024,061448214,1,9,0,9,4,1,0,6,0,0,0,0,1,1,6,1,52,8,-1,-1,-1,-1,3,1,E01005282,0
Unvalidated,2024061448278,2024,061448278,1,9,0,9,4,8,0,8,0,0,0,0,3,2,5,1,20,4,-1,-1,-1,-1,7,1,E01025384,0
Unvalidated,2024061448278,2024,061448278,2,9,0,18,6,2,0,8,1,0,1,11,4,2,5,1,23,5,-1,-1,-1,-1,8,1,E01005575,0
Unvalidated,2024061448314,2024,061448314,1,9,0,18,5,1,0,0,0,0,0,0,1,1,6,1,27,6,-1,-1,-1,-1,2,1,E01005207,0
Unvalidated,2024061448369,2024,061448369,1,9,0,5,-1,-1,0,1,0,0,0,0,3,1,5,1,61,9,-1,-1,-1,-1,1,1,E01005324,0
Unvalidated,2024061448369,2024,061448369,2,19,0,9,-1,-1,0,1,0,0,0,0,4,1,6,3,-1,-1,-1,-1,-1,-1,-1,-1,-1,0
Unvalidated,2024061448412,2024,061448412,1,9,0,13,1,5,0,0,1,0,1,0,4,1,6,1,28,6,-1,-1,-1,-1,1,1,E01005009,0
Unvalidated,2024061448412,2024,061448412,2,9,0,18,1,5,0,0,0,0,0,0,0,1,1,1,30,6,-1,-1,-1,-1,1,1,E01004979,0
Unvalidated,2024061448412,2024,061448412,3,9,0,18,1,5,0,0,0,0,0,0,1,1,5,2,17,4,-1,-1,-1,-1,8,1,E01004984,0
Unvalidated,2024061448412,2024,061448412,4,9,0,2,0,0,9,0,0,0,0,0,3,1,6,3,-1,-1,-1,-1,-1,-1,-1,-1,-1,0
Unvalidated,2024061448412,2024,061448412,5,9,0,2,0,0,9,0,0,0,0,0,3,1,6,3,-1,-1,-1,-1,-1,-1,-1,-1,-1,0
Unvalidated,2024061448465,2024,061448465,1,9,0,18,5,1,0,1,0,0,0,0,1,1,1,1,41,7,-1,-1,-1,-1,1,1,E01006306,0
Unvalidated,2024061448465,2024,061448465,2,1,0,18,7,4,0,2,0,0,0,0,1,1,5,1,14,3,-1,-1,-1,-1,2,1,E01006307,0
Unvalidated,2024061448493,2024,061448493,1,1,0,14,-1,-1,0,9,0,1,0,0,1,1,5,1,15,3,-1,-1,-1,-1,8,1,E01005772,0
Unvalidated,2024061448493,2024,061448493,2,9,0,9,-1,-1,0,6,0,1,0,0,1,1,6,3,-1,-1,-1,-1,-1,-1,-1,-1,-1,0
Unvalidated,2024061448509,2024,061448509,1,9,0,18,5,1,0,0,0,-1,0,0,-1,1,6,3,-1,-1,-1,-1,-1,-1,-1,-1,-1,0
Unvalidated,2024061448509,2024,061448509,2,9,0,18,1,5,0,0,0,0,1,0,1,1,5,2,47,8,-1,-1,-1,-1,5,1,E01018620,0
Unvalidated,2024061448511,2024,061448511,1,9,0,18,2,8,0,8,0,0,0,0,1,1,1,1,37,7,-1,-1,-1,-1,2,1,E01005193,0
Unvalidated,2024061448511,2024,061448511,2,1,0,18,3,7,0,8,0,0,0,0,1,1,6,1,10,2,-1,-1,-1,-1,-1,-1,-1,0
Unvalidated,2024061448517,2024,061448517,2,11,-1,-1,-1,-1,-1,0,-1,-1,-1,0,-1,1,1,3,-1,-1,-1,-1,-1,-1,-1,-1,-1,0
Unvalidated,2024061448521,2024,061448521,1,9,0,9,2,4,0,1,0,0,0,0,1,1,5,2,29,6,-1,-1,-1,-1,9,1,E01005927,0
Unvalidated,2024061448796,2024,061448796,1,9,0,18,2,6,0,0,0,0,0,0,1,1,6,1,78,11,-1,-1,-1,-1,3,1,E01012289,0
Unvalidated,2024061448796,2024,061448796,2,9,0,18,2,6,0,0,0,0,0,0,2,1,5,1,84,11,-1,-1,-1,-1,5,1,E01015174,0
Unvalidated,2024061448818,2024,061448818,1,-1,0,18,1,6,0,2,0,0,0,0,4,1,6,1,-1,-1,-1,-1,-1,-1,-1,-1,-1,0
Unvalidated,2024061448818,2024,061448818,2,1,0,18,1,5,4,-1,0,0,0,0,1,1,6,1,62,9,-1,-1,-1,-1,1,1,E01005132,0
Unvalidated,2024061448995,2024,061448995,1,9,0,7,-1,-1,99,6,0,0,0,0,1,1,5,1,58,9,-1,-1,-1,-1,4,3,E01005499,0
Unvalidated,2024061448995,2024,061448995,2,1,0,18,-1,-1,9,9,0,0,0,0,9,1,6,1,-1,-1,-1,-1,-1,-1,8,1,E01005572,0
Unvalidated,2024061449130,2024,061449130,1,23,0,5,4,1,0,6,5,0,0,0,1,1,6,1,18,4,-1,-1,-1,-1,3,1,E01006380,0
Unvalidated,2024061449130,2024,061449130,2,9,0,18,8,4,0,1,0,0,0,0,1,1,6,2,62,9,-1,-1,-1,-1,9,1,E01006250,0
Unvalidated,2024061449131,2024,061449131,1,1,0,9,-1,-1,0,3,2,99,0,0,4,1,2,1,37,7,-1,-1,-1,-1,8,1,E01005784,0
Unvalidated,2024061449131,2024,061449131,2,9,0,5,-1,-1,0,4,0,99,0,0,1,1,6,2,23,5,-1,-1,-1,-1,2,1,E01005244,0
Unvalidated,2024061449137,2024,061449137,1,1,0,18,1,5,0,1,0,0,0,0,4,1,6,1,15,3,-1,-1,-1,-1,2,1,E01006241,0
Unvalidated,2024061449137,2024,061449137,2,8,0,18,7,3,0,1,0,0,0,0,4,1,1,1,42,7,-1,-1,-1,-1,6,1,E01004833,0
Unvalidated,2024061449148,2024,061449148,1,9,0,18,7,3,0,1,0,0,0,0,1,1,5,1,22,5,-1,-1,-1,-1,2,1,E01005950,0
Unvalidated,2024061449148,2024,061449148,2,9,0,18,5,1,0,1,0,0,0,0,1,1,5,2,31,6,-1,-1,-1,-1,6,1,E01005942,0
Unvalidated,2024061449200,2024,061449200,1,9,-1,-1,-1,-1,-1,-1,-1,-1,-1,0,-1,1,6,3,-1,-1,-1,-1,-1,-1,-1,-1,-1,0
Unvalidated,2024061449200,2024,061449200,2,9,-1,-1,-1,-1,-1,-1,-1,-1,-1,0,-1,1,6,1,49,8,-1,-1,-1,-1,1,1,E01005660,0
Unvalidated,2024061449248,2024,061449248,1,9,-1,-1,-1,-1,-1,0,-1,-1,-1,0,-1,1,6,3,-1,-1,-1,-1,-1,-1,-1,-1,-1,0
Unvalidated,2024061449248,2024,061449248,2,9,-1,-1,-1,-1,-1,0,-1,-1,-1,0,-1,1,6,3,-1,-1,-1,-1,-1,-1,8,1,E01006315,0
Unvalidated,2024061449312,2024,061449312,1,9,0,18,1,5,0,1,0,0,0,0,1,1,6,1,27,6,-1,-1,-1,-1,-1,-1,-1,0
Unvalidated,2024061449318,2024,061449318,1,9,0,18,4,7,0,1,0,0,0,0,1,1,2,1,29,6,-1,-1,-1,-1,-1,1,-1,0
Unvalidated,2024061449318,2024,061449318,2,1,0,18,2,7,0,1,0,0,0,0,1,1,1,1,35,6,-1,-1,-1,-1,2,1,E01005250,0
Unvalidated,2024061449393,2024,061449393,1,9,0,18,1,6,0,2,0,0,0,0,1,1,5,1,66,10,-1,-1,-1,-1,6,1,E01004963,0
Unvalidated,2024061449393,2024,061449393,2,9,0,2,0,0,0,1,0,0,0,0,1,1,6,3,-1,-1,-1,-1,-1,-1,-1,-1,-1,0
Unvalidated,2024061449400,2024,061449400,1,9,0,6,1,5,0,0,0,0,0,0,3,1,1,2,30,6,-1,-1,-1,-1,1,1,E01005638,0
Unvalidated,2024061449400,2024,061449400,2,9,0,14,1,5,0,0,0,0,0,0,1,1,2,2,32,6,-1,-1,-1,-1,-1,-1,-1,0
Unvalidated,2024061449410,2024,061449410,1,20,0,18,6,2,0,1,0,0,0,0,2,1,1,1,31,6,-1,-1,-1,-1,1,1,E01033669,0
Unvalidated,2024061449508,2024,061449508,1,19,0,4,4,8,0,0,0,0,0,0,1,1,6,1,45,7,-1,-1,-1,-1,-1,-1,-1,0
Unvalidated,2024061449508,2024,061449508,2,9,0,4,4,8,0,0,0,0,0,0,2,1,5,1,45,7,-1,-1,-1,-1,1,1,E01033687,0
Unvalidated,2024061449551,2024,061449551,1,9,0,1,3,7,0,0,0,0,0,0,2,1,6,1,62,9,-1,-1,-1,-1,-1,-1,-1,0
Unvalidated,2024061449552,2024,061449552,1,9,0,18,1,5,0,1,0,0,0,0,1,1,5,1,23,5,-1,-1,-1,-1,2,1,E01005338,0
Unvalidated,2024061449552,2024,061449552,2,9,0,5,2,7,0,1,0,0,0,0,1,1,5,2,25,5,-1,-1,-1,-1,6,1,W01000219,0
Unvalidated,2024061449619,2024,061449619,1,3,0,18,1,5,0,0,0,0,0,0,0,1,5,1,44,7,-1,-1,-1,-1,1,1,E01033669,0