status,collision_index,collision_year,collision_reference,vehicle_reference,vehicle_type,towing_and_articulation,vehicle_manoeuvre,vehicle_direction_from,vehicle_direction_to,vehicle_location_restricted_lane,junction_location,skidding_and_overturning,hit_object_in_carriageway,vehicle_leaving_carriageway,hit_object_off_carriageway,first_point_of_impact,vehicle_left_hand_drive,journey_purpose_of_driver,sex_of_driver,age_of_driver,age_band_of_driver,engine_capacity_cc,propulsion_code,age_of_vehicle,generic_make_model,driver_imd_decile,driver_home_area_type,lsoa_of_driver,escooter_flag
Unvalidated,2024061449619,2024,061449619,2,10,0,18,5,1,0,0,0,0,0,0,0,1,1,1,56,9,-1,-1,-1,-1,1,1,E01005202,0
Unvalidated,2024061449645,2024,061449645,1,9,0,18,1,5,0,2,0,4,1,0,1,1,5,1,19,4,-1,-1,-1,-1,2,1,E01005026,0
Unvalidated,2024061449645,2024,061449645,2,9,0,5,5,1,0,1,0,0,0,0,0,1,5,1,41,7,-1,-1,-1,-1,1,1,E01005434,0
Unvalidated,2024061449645,2024,061449645,3,9,0,2,0,0,9,1,0,0,0,0,2,1,6,1,47,8,-1,-1,-1,-1,-1,-1,-1,0
Unvalidated,2024061449668,2024,061449668,1,9,0,18,4,8,0,1,5,0,0,0,1,1,5,1,41,7,-1,-1,-1,-1,8,1,E01025280,0
Unvalidated,2024061449668,2024,061449668,2,8,0,18,6,2,0,2,0,0,0,0,1,1,1,1,49,8,-1,-1,-1,-1,-1,-1,-1,0
Unvalidated,2024061449729,2024,061449729,1,9,0,9,3,8,0,8,0,0,0,0,4,1,5,2,65,9,-1,-1,-1,-1,8,2,E01006318,0
Unvalidated,2024061449729,2024,061449729,2,3,0,18,7,3,0,8,2,0,0,0,1,1,6,2,44,7,-1,-1,-1,-1,2,1,E01006369,0
Unvalidated,2024061450001,2024,061450001,1,1,0,-1,-1,-1,-1,0,-1,-1,-1,0,-1,1,2,1,44,7,-1,-1,-1,-1,2,1,E01006036,0
Unvalidated,2024061450001,2024,061450001,2,9,0,-1,-1,-1,-1,0,-1,-1,-1,0,-1,1,6,3,-1,-1,-1,-1,-1,-1,-1,-1,-1,0
Unvalidated,2024061450014,2024,061450014,1,9,0,18,1,5,0,1,5,10,3,11,1,2,5,1,79,11,-1,-1,-1,-1,9,3,E01006024,0
Unvalidated,2024061450078,2024,061450078,1,9,0,4,-1,-1,0,1,0,0,0,0,4,1,2,2,47,8,-1,-1,-1,-1,1,1,E01033688,0
Unvalidated,2024061450078,2024,061450078,2,9,0,7,-1,-1,0,1,9,0,0,0,1,1,6,2,-1,-1,-1,-1,-1,-1,-1,-1,-1,0
Unvalidated,2024061450112,2024,061450112,1,4,0,18,5,1,0,1,0,0,0,0,1,1,1,1,29,6,-1,-1,-1,-1,8,1,E01006130,0
Unvalidated,2024061450112,2024,061450112,2,9,0,9,1,7,0,2,0,0,0,0,4,1,6,2,29,6,-1,-1,-1,-1,4,1,E01005294,0
Unvalidated,2024061450124,2024,061450124,1,9,-1,-1,-1,-1,-1,-1,-1,-1,-1,0,-1,1,6,1,-1,-1,-1,-1,-1,-1,-1,-1,-1,0
Unvalidated,2024061450124,2024,061450124,2,9,-1,-1,-1,-1,-1,-1,-1,-1,-1,0,-1,1,3,2,39,7,-1,-1,-1,-1,5,1,E01005648,0
Unvalidated,2024061450140,2024,061450140,1,9,-1,-1,-1,-1,-1,0,-1,-1,-1,0,-1,1,6,1,-1,-1,-1,-1,-1,-1,-1,-1,-1,0
Unvalidated,2024061450140,2024,061450140,2,9,-1,-1,-1,-1,-1,0,-1,-1,-1,0,-1,1,2,2,46,8,-1,-1,-1,-1,9,3,E01005408,0
Unvalidated,2024061450141,2024,061450141,1,9,0,18,3,7,9,1,5,0,0,0,1,1,5,2,78,11,-1,-1,-1,-1,1,1,E01005063,0
Unvalidated,2024061450141,2024,061450141,2,9,0,18,7,3,0,1,1,0,0,0,1,1,2,1,25,5,-1,-1,-1,-1,10,3,E01012924,0
Unvalidated,2024061450141,2024,061450141,3,9,0,2,0,0,0,1,0,0,0,0,1,1,6,3,-1,-1,-1,-1,-1,-1,-1,-1,-1,0
Unvalidated,2024061450141,2024,061450141,4,9,0,2,0,0,0,1,0,0,0,0,1,1,6,3,-1,-1,-1,-1,-1,-1,-1,-1,-1,0
Unvalidated,2024061450183,2024,061450183,1,9,0,18,3,7,0,1,0,0,0,0,4,1,6,3,-1,-1,-1,-1,-1,-1,-1,-1,-1,0
Unvalidated,2024061450199,2024,061450199,1,9,-1,-1,-1,-1,-1,0,-1,-1,-1,0,-1,1,6,1,-1,-1,-1,-1,-1,-1,-1,-1,-1,0
Unvalidated,2024061450199,2024,061450199,2,9,-1,-1,-1,-1,-1,0,-1,-1,-1,0,-1,1,6,1,44,7,-1,-1,-1,-1,2,1,E01005027,0
Unvalidated,2024061450213,2024,061450213,1,9,0,18,-1,-1,0,0,0,0,0,0,4,1,5,2,34,6,-1,-1,-1,-1,8,1,E01024971,0
Unvalidated,2024061450213,2024,061450213,2,11,0,12,-1,-1,0,0,0,0,0,0,3,1,6,3,-1,-1,-1,-1,-1,-1,-1,-1,-1,0
Unvalidated,2024061450293,2024,061450293,1,9,0,3,1,1,0,1,0,0,0,0,2,1,6,1,77,11,-1,-1,-1,-1,6,1,E01005922,0
Unvalidated,2024061450293,2024,061450293,2,1,0,18,1,1,0,1,0,0,0,0,1,1,6,1,17,4,-1,-1,-1,-1,10,1,E01005815,0
Unvalidated,2024061450402,2024,061450402,1,3,0,14,-1,-1,0,0,0,0,0,0,1,1,5,1,20,4,-1,-1,-1,-1,7,1,E01006303,0
Unvalidated,2024061450402,2024,061450402,2,8,0,9,-1,-1,0,0,0,0,0,0,3,1,6,1,-1,-1,-1,-1,-1,-1,1,1,E01005166,0
Unvalidated,2024061450410,2024,061450410,1,1,0,18,-1,-1,4,1,0,0,0,0,3,1,2,1,29,6,-1,-1,-1,-1,5,1,E01006141,0
Unvalidated,2024061450410,2024,061450410,2,9,0,14,-1,-1,4,1,0,1,0,0,4,1,6,2,46,8,-1,-1,-1,-1,1,1,E01005245,0
Unvalidated,2024061450433,2024,061450433,1,9,0,18,1,5,0,0,0,0,0,0,1,1,5,1,49,8,-1,-1,-1,-1,9,1,E01000894,0
Unvalidated,2024061450433,2024,061450433,2,9,0,4,1,5,0,0,0,0,0,0,2,1,5,2,30,6,-1,-1,-1,-1,5,1,E01012541,0
Unvalidated,2024061450468,2024,061450468,1,9,0,2,0,0,0,0,0,4,0,0,3,1,5,2,79,11,-1,-1,-1,-1,6,3,E01025357,0
Unvalidated,2024061450468,2024,061450468,2,9,0,2,0,0,0,0,0,0,0,0,3,1,6,2,46,8,-1,-1,-1,-1,-1,-1,-1,0
Unvalidated,2024061450468,2024,061450468,3,19,0,2,0,0,0,0,0,4,0,0,2,1,6,2,46,8,-1,-1,-1,-1,-1,-1,-1,0
Unvalidated,2024061450507,2024,061450507,1,5,0,18,3,1,0,1,0,0,0,0,1,1,5,1,49,8,-1,-1,-1,-1,6,3,E01019748,0
Unvalidated,2024061450507,2024,061450507,2,9,0,9,6,3,0,2,0,0,0,0,3,2,2,2,60,9,-1,-1,-1,-1,10,1,E01018667,0
Unvalidated,2024061450618,2024,061450618,1,9,0,18,4,8,0,0,0,0,0,0,1,1,5,1,20,4,-1,-1,-1,-1,2,1,E01013483,0
Unvalidated,2024061450822,2024,061450822,1,9,0,9,6,4,1,1,0,0,0,0,3,1,5,1,24,5,-1,-1,-1,-1,1,1,E01010433,0
Unvalidated,2024061450822,2024,061450822,2,18,1,4,6,2,1,1,0,0,0,0,1,1,5,2,57,9,-1,-1,-1,-1,6,1,E01018749,0
Unvalidated,2024061450881,2024,061450881,1,9,0,6,7,3,0,0,0,0,0,0,3,1,5,1,25,5,-1,-1,-1,-1,1,1,E01005586,0
Unvalidated,2024061450881,2024,061450881,2,9,0,18,3,7,0,0,0,0,0,0,1,1,6,1,40,7,-1,-1,-1,-1,8,1,E01005572,0
Unvalidated,2024061450910,2024,061450910,1,9,0,1,1,1,0,0,0,0,0,0,2,1,6,1,39,7,-1,-1,-1,-1,-1,-1,-1,0
Unvalidated,2024061450910,2024,061450910,2,9,0,18,1,5,0,0,0,0,0,0,1,1,5,1,31,6,-1,-1,-1,-1,2,1,E01004817,0
Unvalidated,2024061450941,2024,061450941,1,9,0,3,-1,-1,0,0,0,0,0,0,2,1,5,2,37,7,-1,-1,-1,-1,3,1,E01018730,0
Unvalidated,2024061450941,2024,061450941,2,9,0,17,-1,-1,0,0,0,0,0,0,1,1,6,3,-1,-1,-1,-1,-1,-1,-1,-1,-1,0
Unvalidated,2024061450997,2024,061450997,1,9,0,18,-1,-1,0,1,0,0,0,0,2,1,5,1,80,11,-1,-1,-1,-1,3,1,E01005829,0
Unvalidated,2024061450997,2024,061450997,2,9,0,99,-1,-1,0,1,0,99,0,0,1,1,6,3,-1,-1,-1,-1,-1,-1,-1,-1,-1,0
Unvalidated,2024061451064,2024,061451064,1,9,-1,18,8,4,0,1,0,0,0,0,1,1,6,3,-1,-1,-1,-1,-1,-1,-1,-1,-1,0
Unvalidated,2024061451084,2024,061451084,1,1,-1,18,5,1,0,1,0,0,0,0,-1,1,6,1,-1,-1,-1,-1,-1,-1,-1,-1,-1,0
Unvalidated,2024061451084,2024,061451084,2,9,-1,18,6,2,0,1,0,0,0,0,1,1,6,2,54,8,-1,-1,-1,-1,4,1,E01004776,0
Unvalidated,2024061451087,2024,061451087,1,9,0,18,7,3,0,8,0,0,0,0,1,1,5,1,27,6,-1,-1,-1,-1,2,1,E01005320,0
Unvalidated,2024061451087,2024,061451087,2,9,0,2,0,0,0,2,5,0,0,0,2,1,6,3,-1,-1,-1,-1,-1,-1,-1,-1,-1,0
Unvalidated,2024061451087,2024,061451087,3,9,0,2,0,0,0,2,0,0,0,0,2,1,6,3,-1,-1,-1,-1,-1,-1,-1,-1,-1,0
Unvalidated,2024061451087,2024,061451087,4,9,0,2,0,0,0,2,0,0,0,0,2,1,6,3,-1,-1,-1,-1,-1,-1,-1,-1,-1,0
Unvalidated,2024061451089,2024,061451089,1,8,0,18,1,5,0,8,0,0,0,0,3,1,2,1,33,6,-1,-1,-1,-1,5,1,E01005439,0
Unvalidated,2024061451089,2024,061451089,2,1,0,18,7,3,0,6,0,0,0,0,1,1,1,1,23,5,-1,-1,-1,-1,-1,-1,-1,0
Unvalidated,2024061451120,2024,061451120,1,9,0,18,3,7,0,0,0,0,0,0,-1,1,6,1,-1,-1,-1,-1,-1,-1,-1,-1,-1,0
Unvalidated,2024061451143,2024,061451143,1,9,0,18,1,5,0,0,0,0,0,0,1,1,1,1,24,5,-1,-1,-1,-1,1,1,E01004877,0
Unvalidated,2024061451143,2024,061451143,2,9,0,2,0,0,0,0,0,4,0,0,3,1,6,1,30,6,-1,-1,-1,-1,-1,-1,-1,0
Unvalidated,2024061451143,2024,061451143,3,9,0,18,5,1,0,0,0,0,0,0,1,1,5,1,59,9,-1,-1,-1,-1,3,1,E01004834,0
Unvalidated,2024061451153,2024,061451153,1,9,0,18,7,3,0,0,5,7,0,0,4,1,6,1,18,4,-1,-1,-1,-1,5,1,E01005521,0
Unvalidated,2024061451174,2024,061451174,1,9,0,18,1,5,0,0,0,0,0,0,3,1,6,2,34,6,-1,-1,-1,-1,1,1,E01005067,0
Unvalidated,2024061451174,2024,061451174,2,9,0,18,5,1,0,0,0,0,0,0,3,1,5,1,72,10,-1,-1,-1,-1,1,1,E01005198,0
Unvalidated,2024061451191,2024,061451191,1,11,0,18,3,7,0,1,0,0,0,0,0,1,1,1,52,8,-1,-1,-1,-1,1,1,E01005093,0
Unvalidated,2024061451216,2024,061451216,1,9,0,18,3,7,0,5,1,0,1,0,1,1,6,1,26,6,-1,-1,-1,-1,2,1,E01005125,0
Unvalidated,2024061451216,2024,061451216,2,9,0,18,3,7,0,5,0,0,0,0,0,1,1,1,35,6,-1,-1,-1,-1,4,1,E01033651,0
Unvalidated,2024061451236,2024,061451236,1,9,0,18,1,5,0,1,0,0,0,0,0,1,6,3,-1,-1,-1,-1,-1,-1,-1,-1,-1,0
Unvalidated,2024061451236,2024,061451236,2,1,0,18,3,7,0,1,1,0,0,0,0,1,6,1,27,6,-1,-1,-1,-1,9,1,E01029738,0
Unvalidated,2024061451389,2024,061451389,1,9,0,18,3,7,9,1,0,11,3,0,1,1,2,1,34,6,-1,-1,-1,-1,2,1,E01005027,0
Unvalidated,2024061451479,2024,061451479,1,9,0,18,7,3,0,2,0,0,0,0,1,1,6,1,21,5,-1,-1,-1,-1,-1,-1,-1,0
Unvalidated,2024061451479,2024,061451479,2,9,0,2,7,6,0,2,0,0,0,0,1,1,6,3,-1,-1,-1,-1,-1,-1,-1,-1,-1,0
Unvalidated,2024061451479,2024,061451479,3,9,0,2,3,7,0,2,0,0,0,0,3,1,6,3,-1,-1,-1,-1,-1,-1,-1,-1,-1,0
Unvalidated,2024061451479,2024,061451479,4,9,0,2,7,6,0,2,0,0,0,0,4,1,6,3,-1,-1,-1,-1,-1,-1,-1,-1,-1,0
Unvalidated,2024061451479,2024,061451479,5,9,0,2,3,7,0,2,0,0,0,0,3,1,6,3,-1,-1,-1,-1,-1,-1,-1,-1,-1,0
Unvalidated,2024061451479,2024,061451479,6,9,0,2,3,7,0,2,0,0,0,0,2,1,6,3,-1,-1,-1,-1,-1,-1,-1,-1,-1,0
Unvalidated,2024061451697,2024,061451697,1,9,0,5,-1,-1,0,1,1,0,0,0,1,1,1,1,29,6,-1,-1,-1,-1,6,3,E01021656,0
Unvalidated,2024061451697,2024,061451697,2,9,0,18,-1,-1,0,8,9,0,0,0,4,1,6,1,-1,-1,-1,-1,-1,-1,7,1,E01028013,0
Unvalidated,2024061451698,2024,061451698,1,1,0,18,-1,-1,4,1,0,0,0,0,1,1,2,2,28,6,-1,-1,-1,-1,-1,-1,-1,0
Unvalidated,2024061451698,2024,061451698,2,9,0,5,-1,-1,0,1,0,0,0,0,1,1,6,3,-1,-1,-1,-1,-1,-1,-1,-1,-1,0
Unvalidated,2024061451813,2024,061451813,1,3,0,18,7,2,0,8,1,0,0,0,3,1,5,1,18,4,-1,-1,-1,-1,3,1,E01006282,0
Unvalidated,2024061451813,2024,061451813,2,9,0,18,2,6,0,8,0,0,0,0,3,1,5,2,38,7,-1,-1,-1,-1,9,1,E01030975,0
Unvalidated,2024061451917,2024,061451917,1,9,0,18,5,1,0,1,0,0,0,0,1,1,6,1,48,8,-1,-1,-1,-1,1,1,E01005948,0
Unvalidated,2024061451917,2024,061451917,2,9,0,18,7,3,0,1,0,0,0,0,1,1,6,2,70,10,-1,-1,-1,-1,1,1,E01033669,0
Unvalidated,2024061451917,2024,061451917,3,9,0,8,1,3,0,2,0,0,0,0,1,1,6,1,59,9,-1,-1,-1,-1,4,1,E01005994,0
Unvalidated,2024061451920,2024,061451920,1,19,0,3,-1,-1,0,0,0,0,0,0,2,1,1,1,40,7,-1,-1,-1,-1,1,1,E01005124,0
Unvalidated,2024061451920,2024,061451920,2,9,0,16,-1,-1,0,0,0,4,0,0,1,1,6,1,-1,-1,-1,-1,-1,-1,1,1,E01005287,0
Unvalidated,2024061451942,2024,061451942,1,9,-1,-1,-1,-1,-1,0,-1,-1,-1,0,-1,1,6,3,-1,-1,-1,-1,-1,-1,-1,-1,-1,0
Unvalidated,2024061451942,2024,061451942,2,9,-1,-1,-1,-1,-1,0,-1,-1,-1,0,4,1,6,2,20,4,-1,-1,-1,-1,2,1,E01005338,0
Unvalidated,2024061452170,2024,061452170,1,19,0,4,-1,-1,0,0,0,0,0,0,2,1,1,1,29,6,-1,-1,-1,-1,7,1,E01006867,0
Unvalidated,2024061452170,2024,061452170,2,19,0,4,-1,-1,0,0,0,0,0,0,1,1,6,3,-1,-1,-1,-1,-1,-1,-1,-1,-1,0
Unvalidated,2024061452215,2024,061452215,1,9,0,18,-1,-1,0,0,1,0,0,0,3,1,5,1,35,6,-1,-1,-1,-1,1,1,E01005117,0
Unvalidated,2024061452215,2024,061452215,2,21,1,11,-1,-1,0,0,0,0,0,0,4,1,6,1,-1,-1,-1,-1,-1,-1,-1,-1,-1,0
Unvalidated,2024061452240,2024,061452240,1,9,0,3,2,6,0,8,0,0,0,0,4,1,5,2,39,7,-1,-1,-1,-1,1,1,E01005091,0
Unvalidated,2024061452279,2024,061452279,1,98,4,18,8,5,0,0,0,0,0,0,4,1,1,1,59,9,-1,-1,-1,-1,-1,-1,-1,0
Unvalidated,2024061452301,2024,061452301,1,11,0,99,-1,-1,2,9,9,0,0,0,9,1,6,1,-1,-1,-1,-1,-1,-1,-1,-1,-1,0
Unvalidated,2024061452344,2024,061452344,1,9,0,-1,-1,-1,0,0,0,0,0,0,1,2,6,1,19,4,-1,-1,-1,-1,3,1,E01006145,0
Unvalidated,2024061452344,2024,061452344,2,9,0,-1,-1,-1,-1,0,0,0,0,0,0,2,6,3,-1,-1,-1,-1,-1,-1,-1,-1,-1,0
Unvalidated,2024061452367,2024,061452367,1,9,0,18,1,1,0,0,0,0,0,0,1,2,6,3,30,6,-1,-1,-1,-1,-1,-1,-1,0
Unvalidated,2024061452373,2024,061452373,1,11,-1,-1,-1,-1,-1,0,-1,-1,-1,0,-1,1,6,3,-1,-1,-1,-1,-1,-1,-1,-1,-1,0
Unvalidated,2024061452512,2024,061452512,1,1,0,9,-1,-1,0,3,5,0,7,0,4,1,2,1,33,6,-1,-1,-1,-1,8,1,E01004780,0
Unvalidated,2024061452512,2024,061452512,2,9,0,18,-1,-1,0,4,0,1,0,0,3,1,6,1,-1,-1,-1,-1,-1,-1,-1,-1,-1,0
Unvalidated,2024061452588,2024,061452588,1,9,0,1,2,6,0,0,0,0,0,0,2,1,6,2,51,8,-1,-1,-1,-1,10,1,E01005806,0
Unvalidated,2024061452664,2024,061452664,1,9,0,12,4,8,0,1,0,0,0,0,4,1,2,1,24,5,-1,-1,-1,-1,6,2,E01024915,0
Unvalidated,2024061452664,2024,061452664,2,1,0,12,4,8,0,1,0,0,0,0,3,1,6,1,15,3,-1,-1,-1,-1,-1,1,-1,0
Unvalidated,2024061452679,2024,061452679,1,9,0,2,8,8,0,0,0,0,0,0,2,1,6,1,29,6,-1,-1,-1,-1,6,3,E01012554,0
Unvalidated,2024061452679,2024,061452679,2,9,0,18,8,8,0,0,0,0,0,0,1,1,5,1,28,6,-1,-1,-1,-1,-1,-1,-1,0
Unvalidated,2024061452700,2024,061452700,1,90,0,18,7,3,0,2,0,0,0,0,1,1,5,1,12,3,-1,-1,-1,-1,1,1,E01005164,1
Unvalidated,2024061452700,2024,061452700,2,9,0,18,5,1,0,1,0,0,0,0,1,1,6,2,44,7,-1,-1,-1,-1,1,1,E01005166,0
Unvalidated,2024061452745,2024,061452745,1,9,0,7,5,1,0,0,0,0,0,0,1,1,2,1,41,7,-1,-1,-1,-1,1,1,E01025042,0
Unvalidated,2024061452769,2024,061452769,1,9,0,1,0,1,6,8,0,0,0,0,0,1,6,3,-1,-1,-1,-1,-1,-1,-1,-1,-1,0
Unvalidated,2024061452794,2024,061452794,1,9,0,18,7,3,0,0,0,0,0,0,1,1,5,1,73,10,-1,-1,-1,-1,4,1,E01004964,0
Unvalidated,2024061452794,2024,061452794,2,9,0,7,7,3,0,0,0,0,0,0,2,1,5,2,53,8,-1,-1,-1,-1,7,3,E01005005,0
Unvalidated,2024061452870,2024,061452870,1,9,0,9,-1,-1,0,8,0,0,0,0,4,1,6,3,-1,-1,-1,-1,-1,-1,-1,-1,-1,0
Unvalidated,2024061452870,2024,061452870,2,9,0,18,-1,-1,0,8,0,0,0,0,4,1,5,1,18,4,-1,-1,-1,-1,3,1,E01005161,0
Unvalidated,2024061452950,2024,061452950,1,9,0,18,4,8,0,0,0,0,0,0,1,1,1,1,25,5,-1,-1,-1,-1,1,1,E01006494,0
Unvalidated,2024061452950,2024,061452950,2,9,0,4,4,8,0,0,0,0,0,0,2,1,5,1,72,10,-1,-1,-1,-1,8,1,E01006378,0
Unvalidated,2024061452983,2024,061452983,1,9,0,13,2,6,0,1,0,0,0,0,4,1,5,2,22,5,-1,-1,-1,-1,1,1,E01005475,0
Unvalidated,2024061452983,2024,061452983,2,9,0,18,2,6,0,1,0,0,0,0,3,1,5,1,56,9,-1,-1,-1,-1,9,1,E01005574,0
Unvalidated,2024061452983,2024,061452983,3,9,0,18,7,2,0,1,0,0,0,0,3,1,5,2,32,6,-1,-1,-1,-1,1,1,E01005475,0
Unvalidated,2024061453049,2024,061453049,1,9,0,5,8,4,0,2,0,0,0,0,1,1,2,2,50,8,-1,-1,-1,-1,10,1,E01005413,0
Unvalidated,2024061453049,2024,061453049,2,90,0,18,3,7,0,8,0,0,0,0,1,1,6,1,15,3,-1,-1,-1,-1,-1,-1,-1,0
Unvalidated,2024061453083,2024,061453083,1,9,0,18,5,1,0,0,0,0,0,0,4,1,5,2,33,6,-1,-1,-1,-1,8,1,E01006285,0
Unvalidated,2024061453083,2024,061453083,2,9,0,2,0,0,0,0,0,0,0,0,3,1,6,3,-1,-1,-1,-1,-1,-1,-1,-1,-1,0
Unvalidated,2024061453105,2024,061453105,1,9,0,-1,-1,-1,-1,0,-1,-1,-1,0,-1,1,6,3,-1,-1,-1,-1,-1,-1,-1,-1,-1,0
Unvalidated,2024061453150,2024,061453150,1,19,0,18,7,3,0,0,0,7,0,0,1,1,6,1,40,7,-1,-1,-1,-1,1,1,E01005482,0
Unvalidated,2024061453150,2024,061453150,2,9,0,18,3,7,0,0,0,0,0,0,1,1,6,1,24,5,-1,-1,-1,-1,3,1,E01005480,0
Unvalidated,2024061453150,2024,061453150,3,9,0,18,3,7,0,0,0,0,0,0,1,1,5,1,59,9,-1,-1,-1,-1,2,1,E01025381,0
Unvalidated,2024061453203,2024,061453203,1,1,0,18,-1,-1,99,6,0,0,0,0,3,1,5,1,18,4,-1,-1,-1,-1,1,1,E01005758,0
Unvalidated,2024061453203,2024,061453203,2,9,0,18,-1,-1,99,6,0,0,0,0,1,1,6,3,-1,-1,-1,-1,-1,-1,-1,-1,-1,0
Unvalidated,2024061453207,2024,061453207,1,9,0,18,4,8,0,0,2,0,1,1,1,1,6,1,71,10,-1,-1,-1,-1,9,1,E01005587,0
Unvalidated,2024061453332,2024,061453332,1,9,0,18,2,5,0,1,0,0,0,0,2,1,6,1,50,8,-1,-1,-1,-1,-1,-1,-1,0
Unvalidated,2024061453332,2024,061453332,2,1,0,18,2,5,0,1,0,0,0,0,1,1,5,1,51,8,-1,-1,-1,-1,5,1,E01005153,0
Unvalidated,2024061453355,2024,061453355,1,9,0,18,1,1,0,8,1,0,0,0,3,1,5,2,37,7,-1,-1,-1,-1,3,1,E01005966,0
Unvalidated,2024061453355,2024,061453355,2,9,0,11,1,1,0,8,0,0,0,0,4,1,6,3,30,6,-1,-1,-1,-1,-1,-1,-1,0
Unvalidated,2024061453371,2024,061453371,1,3,0,7,8,2,0,1,1,10,7,0,3,1,6,1,27,6,-1,-1,-1,-1,3,1,E01006359,0
Unvalidated,2024061453371,2024,061453371,2,9,0,18,8,2,0,1,0,0,0,0,0,1,5,1,36,7,-1,-1,-1,-1,4,1,E01005730,0
Unvalidated,2024061453375,2024,061453375,1,9,0,18,3,7,0,0,0,0,0,0,1,1,6,3,24,5,-1,-1,-1,-1,-1,-1,-1,0
Unvalidated,2024061453375,2024,061453375,2,9,0,18,7,3,0,0,0,0,0,0,1,1,5,2,80,11,-1,-1,-1,-1,1,1,E01033687,0
Unvalidated,2024061453382,2024,061453382,1,9,0,7,8,4,4,8,0,0,0,0,4,1,5,1,18,4,-1,-1,-1,-1,1,1,E01006463,0
Unvalidated,2024061453382,2024,061453382,2,1,0,18,1,5,4,8,0,0,1,10,1,1,1,1,44,7,-1,-1,-1,-1,6,1,E01005962,0
Unvalidated,2024061453391,2024,061453391,1,9,0,18,5,1,0,2,0,0,0,0,1,1,6,3,18,4,-1,-1,-1,-1,-1,-1,-1,0
Unvalidated,2024061453433,2024,061453433,1,9,0,18,7,4,9,2,0,0,1,2,1,1,5,2,42,7,-1,-1,-1,-1,-1,-1,-1,0
Unvalidated,2024061453531,2024,061453531,1,9,0,9,5,3,0,0,0,0,0,0,3,1,6,2,49,8,-1,-1,-1,-1,7,1,E01005550,0
Unvalidated,2024061453531,2024,061453531,2,1,0,18,5,1,9,0,0,0,0,0,1,1,5,1,16,4,-1,-1,-1,-1,2,1,E01005538,0
Unvalidated,2024061453546,2024,061453546,1,9,0,18,3,5,0,2,5,10,0,0,1,1,5,1,63,9,-1,-1,-1,-1,3,1,E01006054,0
Unvalidated,2024061453625,2024,061453625,1,9,0,9,7,3,0,6,0,0,0,0,4,1,5,2,26,6,-1,-1,-1,-1,3,1,E01005535,0
Unvalidated,2024061453625,2024,061453625,2,9,0,15,3,7,0,2,0,0,0,0,1,1,5,1,33,6,-1,-1,-1,-1,5,1,E01032684,0
Unvalidated,2024061453663,2024,061453663,1,9,0,18,6,2,0,1,0,0,0,0,3,1,2,1,26,6,-1,-1,-1,-1,4,1,E01005214,0
Unvalidated,2024061453668,2024,061453668,1,9,0,18,8,4,0,0,0,0,1,0,3,1,6,2,30,6,-1,-1,-1,-1,-1,-1,-1,0
Unvalidated,2024061453668,2024,061453668,2,98,0,18,4,8,0,0,0,0,0,0,2,1,6,1,67,10,-1,-1,-1,-1,-1,-1,-1,0
Unvalidated,2024061453668,2024,061453668,3,9,0,2,0,0,9,0,0,0,0,0,2,1,6,2,39,7,-1,-1,-1,-1,-1,-1,-1,0
Unvalidated,2024061453668,2024,061453668,4,9,0,13,4,8,0,0,1,0,0,0,1,1,6,1,27,6,-1,-1,-1,-1,-1,-1,-1,0
Unvalidated,2024061453672,2024,061453672,1,5,0,18,1,5,0,0,0,0,4,0,3,1,1,1,52,8,-1,-1,-1,-1,1,1,E01005108,0
Unvalidated,2024061453721,2024,061453721,1,1,-1,18,5,1,0,6,0,0,0,0,1,1,6,2,-1,-1,-1,-1,-1,-1,-1,-1,-1,0
Unvalidated,2024061453721,2024,061453721,2,9,-1,18,3,5,0,1,0,0,0,0,4,1,6,2,71,10,-1,-1,-1,-1,3,1,E01006295,0
Unvalidated,2024061453745,2024,061453745,1,8,-1,-1,-1,-1,-1,0,-1,-1,-1,0,-1,1,2,3,-1,-1,-1,-1,-1,-1,-1,-1,-1,0
Unvalidated,2024061453925,2024,061453925,1,3,0,18,8,4,0,0,0,0,0,0,1,1,2,1,20,4,-1,-1,-1,-1,7,1,E01006409,0
Unvalidated,2024061453925,2024,061453925,2,11,0,9,8,2,0,0,0,0,0,0,1,1,1,2,40,7,-1,-1,-1,-1,2,1,E01004907,0
Unvalidated,2024061453971,2024,061453971,1,9,0,4,2,6,0,0,0,0,0,0,2,1,5,2,24,5,-1,-1,-1,-1,2,1,E01005263,0
Unvalidated,2024061453971,2024,061453971,2,9,0,18,2,6,0,0,0,0,7,0,1,1,6,3,-1,-1,-1,-1,-1,-1,-1,-1,-1,0
Unvalidated,2024061453987,2024,061453987,1,1,0,4,-1,-1,99,0,0,0,0,0,2,1,2,2,47,8,-1,-1,-1,-1,4,1,E01005500,0
Unvalidated,2024061453987,2024,061453987,2,9,0,5,-1,-1,99,0,0,99,0,0,2,1,6,3,-1,-1,-1,-1,-1,-1,-1,-1,-1,0
Unvalidated,2024061454044,2024,061454044,1,8,0,-1,-1,-1,-1,-1,-1,-1,-1,0,-1,1,6,3,-1,-1,-1,-1,-1,-1,-1,-1,-1,0
Unvalidated,2024061454050,2024,061454050,1,9,0,18,1,5,0,1,0,0,0,0,1,1,2,1,35,6,-1,-1,-1,-1,1,1,E01005754,0
Unvalidated,2024061454052,2024,061454052,1,8,0,9,5,3,0,8,0,0,0,0,4,1,1,2,54,8,-1,-1,-1,-1,9,1,E01006889,0
Unvalidated,2024061454052,2024,061454052,2,3,0,18,1,5,0,8,0,0,0,0,1,1,2,2,32,6,-1,-1,-1,-1,1,1,E01006877,0
Unvalidated,2024061454054,2024,061454054,1,1,0,7,-1,-1,0,1,0,0,0,0,3,1,2,2,37,7,-1,-1,-1,-1,10,1,E01006192,0
Unvalidated,2024061454054,2024,061454054,2,9,0,7,-1,-1,0,1,0,0,0,0,4,1,6,1,-1,-1,-1,-1,-1,-1,-1,-1,-1,0