status,collision_index,collision_year,collision_reference,vehicle_reference,vehicle_type,towing_and_articulation,vehicle_manoeuvre,vehicle_direction_from,vehicle_direction_to,vehicle_location_restricted_lane,junction_location,skidding_and_overturning,hit_object_in_carriageway,vehicle_leaving_carriageway,hit_object_off_carriageway,first_point_of_impact,vehicle_left_hand_drive,journey_purpose_of_driver,sex_of_driver,age_of_driver,age_band_of_driver,engine_capacity_cc,propulsion_code,age_of_vehicle,generic_make_model,driver_imd_decile,driver_home_area_type,lsoa_of_driver,escooter_flag
Unvalidated,2024061454073,2024,061454073,1,9,0,18,3,6,0,8,0,0,0,0,1,1,5,1,37,7,-1,-1,-1,-1,1,1,E01005679,0
Unvalidated,2024061454073,2024,061454073,2,9,0,18,8,4,0,8,0,0,0,0,1,1,5,1,70,10,-1,-1,-1,-1,5,1,E01005677,0
Unvalidated,2024061454114,2024,061454114,1,9,0,18,5,1,0,2,0,0,0,0,1,1,1,1,30,6,-1,-1,-1,-1,-1,-1,-1,0
Unvalidated,2024061454114,2024,061454114,2,9,0,2,0,0,0,1,0,0,0,0,2,1,6,3,-1,-1,-1,-1,-1,-1,-1,-1,-1,0
Unvalidated,2024061454114,2024,061454114,3,9,0,2,0,0,0,2,0,0,0,0,2,1,6,3,-1,-1,-1,-1,-1,-1,-1,-1,-1,0
Unvalidated,2024061454114,2024,061454114,4,9,0,2,0,0,0,2,0,0,0,0,2,1,6,3,-1,-1,-1,-1,-1,-1,-1,-1,-1,0
Unvalidated,2024061454128,2024,061454128,1,9,-1,5,1,2,6,6,0,0,0,0,3,1,6,3,-1,-1,-1,-1,-1,-1,-1,-1,-1,0
Unvalidated,2024061454128,2024,061454128,2,1,-1,18,6,2,4,1,0,0,0,0,4,1,6,1,45,7,-1,-1,-1,-1,6,1,E01006389,0
Unvalidated,2024061454145,2024,061454145,1,9,0,18,1,5,0,8,0,0,0,0,1,1,5,2,28,6,-1,-1,-1,-1,1,1,E01005103,0
Unvalidated,2024061454145,2024,061454145,2,9,0,18,7,3,0,8,0,0,0,0,4,1,5,1,47,8,-1,-1,-1,-1,5,1,E01004913,0
Unvalidated,2024061454160,2024,061454160,1,9,0,18,5,1,0,1,0,0,0,0,1,1,6,1,-1,-1,-1,-1,-1,-1,-1,-1,-1,0
Unvalidated,2024061454174,2024,061454174,1,9,0,18,1,4,0,0,0,4,0,0,1,1,6,1,35,6,-1,-1,-1,-1,2,1,E01006267,0
Unvalidated,2024061454174,2024,061454174,2,9,0,2,4,8,0,0,0,0,0,0,1,1,6,3,-1,-1,-1,-1,-1,-1,-1,-1,-1,0
Unvalidated,2024061454174,2024,061454174,3,9,0,2,4,8,0,0,0,0,0,0,1,1,6,3,-1,-1,-1,-1,-1,-1,-1,-1,-1,0
Unvalidated,2024061454174,2024,061454174,4,9,0,2,4,8,0,0,0,0,0,0,2,1,6,3,-1,-1,-1,-1,-1,-1,-1,-1,-1,0
Unvalidated,2024061454174,2024,061454174,5,9,0,2,4,8,0,0,0,0,0,0,1,1,6,3,-1,-1,-1,-1,-1,-1,-1,-1,-1,0
Unvalidated,2024061454196,2024,061454196,1,9,-1,-1,-1,-1,-1,-1,-1,-1,-1,0,-1,1,6,3,-1,-1,-1,-1,-1,-1,-1,-1,-1,0
Unvalidated,2024061454288,2024,061454288,1,9,0,18,8,4,0,0,0,0,0,0,1,1,5,2,24,5,-1,-1,-1,-1,4,1,E01005469,0
Unvalidated,2024061454385,2024,061454385,1,19,0,18,4,8,0,1,0,0,0,0,1,1,6,3,-1,-1,-1,-1,-1,-1,-1,-1,-1,0
Unvalidated,2024061454385,2024,061454385,2,9,0,10,4,2,0,1,0,0,0,0,2,1,6,2,61,9,-1,-1,-1,-1,6,1,E01005942,0
Unvalidated,2024061454427,2024,061454427,1,97,0,4,1,5,9,0,1,10,1,0,3,1,6,1,15,3,-1,-1,-1,-1,3,1,E01005954,0
Unvalidated,2024061454427,2024,061454427,2,9,0,18,1,5,0,0,0,0,0,0,0,1,1,1,39,7,-1,-1,-1,-1,1,1,E01005108,0
Unvalidated,2024061454524,2024,061454524,1,9,0,18,1,1,0,8,0,0,7,0,1,1,6,1,28,6,-1,-1,-1,-1,2,1,E01005326,0
Unvalidated,2024061454524,2024,061454524,2,9,0,9,7,5,0,6,0,0,0,0,1,1,6,1,20,4,-1,-1,-1,-1,1,1,E01005205,0
Unvalidated,2024061454526,2024,061454526,1,9,0,1,1,3,0,5,0,0,0,0,2,1,5,1,44,7,-1,-1,-1,-1,-1,-1,-1,0
Unvalidated,2024061454526,2024,061454526,2,19,0,2,0,0,0,1,0,0,0,0,1,1,5,1,49,8,-1,-1,-1,-1,6,1,E01004910,0
Unvalidated,2024061454556,2024,061454556,1,9,0,18,4,8,0,8,0,0,0,0,1,2,5,1,60,9,-1,-1,-1,-1,-1,-1,-1,0
Unvalidated,2024061454556,2024,061454556,2,9,0,18,6,2,0,8,0,0,0,0,1,2,5,2,60,9,-1,-1,-1,-1,-1,-1,-1,0
Unvalidated,2024061454734,2024,061454734,1,1,9,18,-1,-1,0,0,5,0,0,0,1,1,5,1,25,5,-1,-1,-1,-1,1,1,E01005219,0
Unvalidated,2024061454734,2024,061454734,2,9,9,18,-1,-1,0,0,0,0,0,0,1,1,6,3,-1,-1,-1,-1,-1,-1,-1,-1,-1,0
Unvalidated,2024061454750,2024,061454750,1,9,0,18,5,5,0,0,0,0,0,0,1,1,6,1,-1,-1,-1,-1,-1,-1,-1,-1,-1,0
Unvalidated,2024061454750,2024,061454750,2,9,0,18,5,5,0,0,0,0,0,0,0,1,1,1,34,6,-1,-1,-1,-1,1,1,E01005108,0
Unvalidated,2024061454750,2024,061454750,3,9,0,3,5,5,0,0,0,0,0,0,2,1,6,2,39,7,-1,-1,-1,-1,1,1,E01005242,0
Unvalidated,2024061454765,2024,061454765,1,1,0,18,5,1,9,6,0,0,0,0,1,1,6,1,17,4,-1,-1,-1,-1,4,1,E01025065,0
Unvalidated,2024061454765,2024,061454765,2,9,0,9,1,7,0,8,0,0,0,0,1,1,6,1,50,8,-1,-1,-1,-1,3,1,E01006217,0
Unvalidated,2024061454779,2024,061454779,1,9,0,7,-1,-1,0,0,1,0,1,0,3,1,5,2,37,7,-1,-1,-1,-1,2,1,E01005526,0
Unvalidated,2024061454779,2024,061454779,2,19,0,15,1,1,99,0,1,0,0,0,1,1,6,1,-1,-1,-1,-1,-1,-1,-1,-1,-1,0
Unvalidated,2024061454873,2024,061454873,1,9,0,2,0,0,99,0,9,99,0,0,2,1,5,1,38,7,-1,-1,-1,-1,3,1,E01006073,0
Unvalidated,2024061454873,2024,061454873,2,9,0,18,3,6,99,0,9,99,0,0,1,1,6,1,20,4,-1,-1,-1,-1,2,1,E01005946,0
Unvalidated,2024061454879,2024,061454879,1,9,0,4,-1,-1,0,0,0,0,0,0,2,1,3,2,46,8,-1,-1,-1,-1,2,1,E01006249,0
Unvalidated,2024061454879,2024,061454879,2,97,0,99,-1,-1,0,0,0,0,0,0,1,1,6,1,-1,-1,-1,-1,-1,-1,2,1,E01006333,0
Unvalidated,2024061455069,2024,061455069,1,90,0,18,7,3,0,0,2,4,2,2,1,1,6,1,40,7,-1,-1,-1,-1,2,1,E01005763,0
Unvalidated,2024061455069,2024,061455069,2,9,0,2,3,7,0,0,0,0,0,0,3,1,6,3,-1,-1,-1,-1,-1,-1,-1,-1,-1,0
Unvalidated,2024061455102,2024,061455102,1,9,0,18,7,2,0,0,0,0,8,4,3,1,5,2,76,11,-1,-1,-1,-1,9,1,E01004951,0
Unvalidated,2024061455111,2024,061455111,1,9,0,18,1,1,0,1,0,0,0,0,3,1,6,2,29,6,-1,-1,-1,-1,-1,-1,-1,0
Unvalidated,2024061455341,2024,061455341,1,-1,0,18,5,1,6,0,0,0,1,0,1,1,6,3,40,7,-1,-1,-1,-1,-1,-1,-1,0
Unvalidated,2024061455341,2024,061455341,2,9,0,18,5,1,6,0,1,0,1,7,4,1,5,1,41,7,-1,-1,-1,-1,-1,-1,-1,0
Unvalidated,2024061455427,2024,061455427,1,9,0,4,6,2,0,0,0,0,0,0,1,1,5,2,35,6,-1,-1,-1,-1,4,1,E01005594,0
Unvalidated,2024061455433,2024,061455433,1,9,0,-1,-1,-1,-1,0,-1,-1,-1,0,-1,1,6,2,23,5,-1,-1,-1,-1,-1,-1,-1,0
Unvalidated,2024061455490,2024,061455490,1,1,0,18,-1,-1,0,0,0,0,0,0,3,1,2,1,55,8,-1,-1,-1,-1,10,1,E01004771,0
Unvalidated,2024061455490,2024,061455490,2,9,0,13,-1,-1,0,0,0,0,0,0,4,1,6,3,-1,-1,-1,-1,-1,-1,-1,-1,-1,0
Unvalidated,2024061455491,2024,061455491,1,9,0,18,3,7,0,1,0,0,0,0,3,1,1,1,56,9,-1,-1,-1,-1,2,1,E01005122,0
Unvalidated,2024061455491,2024,061455491,2,1,0,18,3,7,0,8,0,0,0,0,1,1,6,1,21,5,-1,-1,-1,-1,2,1,E01005199,0
Unvalidated,2024061455500,2024,061455500,1,1,9,18,-1,-1,0,8,5,0,0,0,1,1,5,1,28,6,-1,-1,-1,-1,9,1,E01005747,0
Unvalidated,2024061455500,2024,061455500,2,9,9,18,-1,-1,0,8,0,0,0,0,1,1,6,3,-1,-1,-1,-1,-1,-1,-1,-1,-1,0
Unvalidated,2024061455519,2024,061455519,1,9,0,18,5,1,0,0,0,0,0,0,1,1,5,2,72,10,-1,-1,-1,-1,-1,-1,-1,0
Unvalidated,2024061455519,2024,061455519,2,19,0,18,5,1,0,0,0,0,0,0,2,1,5,1,54,8,-1,-1,-1,-1,1,1,E01025296,0
Unvalidated,2024061455565,2024,061455565,1,9,0,15,4,8,0,1,0,0,0,0,3,1,6,1,24,5,-1,-1,-1,-1,2,1,E01004865,0
Unvalidated,2024061455565,2024,061455565,2,19,0,9,6,4,0,1,0,0,0,0,4,1,1,1,29,6,-1,-1,-1,-1,3,1,E01006177,0
Unvalidated,2024061455776,2024,061455776,1,1,0,3,-1,-1,99,1,0,0,0,0,1,1,2,2,27,6,-1,-1,-1,-1,2,1,E01004830,0
Unvalidated,2024061455863,2024,061455863,1,8,0,5,3,7,0,8,0,0,0,0,1,1,5,1,45,7,-1,-1,-1,-1,1,1,E01005129,0
Unvalidated,2024061455869,2024,061455869,1,9,0,18,8,3,0,1,0,0,0,0,1,1,5,1,72,10,-1,-1,-1,-1,2,1,E01006262,0
Unvalidated,2024061455875,2024,061455875,1,9,0,18,4,8,0,0,0,0,0,0,1,1,6,3,25,5,-1,-1,-1,-1,-1,-1,-1,0
Unvalidated,2024061455875,2024,061455875,2,9,0,18,8,4,0,0,0,0,0,0,1,1,6,2,75,10,-1,-1,-1,-1,1,1,E01005382,0
Unvalidated,2024061455875,2024,061455875,3,9,0,18,8,4,0,0,0,0,0,0,1,1,6,2,57,9,-1,-1,-1,-1,2,1,E01005438,0
Unvalidated,2024061455994,2024,061455994,1,9,0,18,3,7,0,0,0,0,0,0,1,1,5,1,19,4,-1,-1,-1,-1,9,2,E01005406,0
Unvalidated,2024061455994,2024,061455994,2,8,0,3,3,7,0,0,0,0,0,0,2,1,1,1,35,6,-1,-1,-1,-1,1,1,E01005379,0
Unvalidated,2024061456046,2024,061456046,1,9,0,9,4,2,0,1,0,0,0,0,3,1,1,1,22,5,-1,-1,-1,-1,1,1,E01005240,0
Unvalidated,2024061456046,2024,061456046,2,9,0,18,4,8,0,8,0,0,0,0,4,1,2,2,44,7,-1,-1,-1,-1,1,2,E01006248,0
Unvalidated,2024061456071,2024,061456071,1,9,0,18,3,7,0,0,0,0,0,0,2,1,2,2,29,6,-1,-1,-1,-1,-1,-1,-1,0
Unvalidated,2024061456071,2024,061456071,2,9,0,5,3,7,0,0,0,0,0,0,1,1,1,1,60,9,-1,-1,-1,-1,9,2,E01019805,0
Unvalidated,2024061456083,2024,061456083,1,9,0,5,1,5,0,6,0,0,0,0,1,1,6,3,-1,-1,-1,-1,-1,-1,-1,-1,-1,0
Unvalidated,2024061456141,2024,061456141,1,9,0,18,1,5,0,0,1,11,7,11,1,1,6,1,21,5,-1,-1,-1,-1,5,1,E01004977,0
Unvalidated,2024061456141,2024,061456141,2,9,0,9,8,1,0,0,0,0,0,0,4,1,6,1,24,5,-1,-1,-1,-1,3,1,E01004941,0
Unvalidated,2024061456141,2024,061456141,3,19,0,18,1,5,0,0,0,0,0,0,0,1,1,1,19,4,-1,-1,-1,-1,-1,-1,-1,0
Unvalidated,2024061456145,2024,061456145,1,9,0,18,-1,-1,0,3,0,1,0,0,2,2,5,2,29,6,-1,-1,-1,-1,1,1,E01004863,0
Unvalidated,2024061456145,2024,061456145,2,9,-1,-1,-1,-1,-1,-1,-1,-1,-1,0,-1,1,6,2,-1,-1,-1,-1,-1,-1,8,1,E01005493,0
Unvalidated,2024061456169,2024,061456169,1,9,0,3,1,5,0,5,0,0,0,0,2,1,5,2,49,8,-1,-1,-1,-1,8,1,E01005157,0
Unvalidated,2024061456169,2024,061456169,2,19,0,18,1,5,0,5,0,0,0,0,1,1,6,3,-1,-1,-1,-1,-1,-1,-1,-1,-1,0
Unvalidated,2024061456228,2024,061456228,1,97,0,5,5,3,0,6,2,0,0,0,1,1,5,1,43,7,-1,-1,-1,-1,-1,-1,-1,0
Unvalidated,2024061456228,2024,061456228,2,9,0,18,3,7,0,2,0,0,0,0,4,1,5,2,25,5,-1,-1,-1,-1,1,1,E01004863,0
Unvalidated,2024061456440,2024,061456440,1,19,0,18,3,7,0,1,0,0,0,0,4,1,1,1,50,8,-1,-1,-1,-1,6,1,E01025176,0
Unvalidated,2024061456440,2024,061456440,2,21,0,2,3,7,0,1,0,0,0,0,0,1,1,1,51,8,-1,-1,-1,-1,3,1,E01005998,0
Unvalidated,2024061456500,2024,061456500,1,9,0,4,7,8,9,0,1,10,7,0,1,1,6,1,26,6,-1,-1,-1,-1,1,1,E01005124,0
Unvalidated,2024061456500,2024,061456500,2,9,0,4,5,5,0,0,0,0,0,0,0,1,5,1,40,7,-1,-1,-1,-1,-1,-1,-1,0
Unvalidated,2024061456511,2024,061456511,1,97,0,9,2,6,0,8,1,0,1,11,1,1,6,3,20,4,-1,-1,-1,-1,-1,-1,-1,0
Unvalidated,2024061456534,2024,061456534,1,97,0,9,4,8,0,0,5,0,0,0,1,1,6,1,15,3,-1,-1,-1,-1,1,1,E01005459,0
Unvalidated,2024061456534,2024,061456534,2,9,0,18,5,1,0,0,0,0,0,0,0,1,1,1,28,6,-1,-1,-1,-1,2,1,E01005383,0
Unvalidated,2024061456779,2024,061456779,1,9,0,9,6,4,0,1,0,0,0,0,1,1,6,3,-1,-1,-1,-1,-1,-1,-1,-1,-1,0
Unvalidated,2024061456779,2024,061456779,2,9,0,3,6,2,0,1,0,0,0,0,-1,1,6,2,50,8,-1,-1,-1,-1,9,1,E01006301,0
Unvalidated,2024061456809,2024,061456809,1,9,0,99,-1,-1,99,9,9,99,0,0,1,1,5,1,40,7,-1,-1,-1,-1,4,1,E01005895,0
Unvalidated,2024061456809,2024,061456809,2,9,9,99,-1,-1,99,9,9,99,0,0,9,1,6,3,-1,-1,-1,-1,-1,-1,-1,-1,-1,0
Unvalidated,2024061456825,2024,061456825,1,9,0,3,5,1,0,2,0,0,0,0,3,1,5,1,67,10,-1,-1,-1,-1,4,1,E01005710,0
Unvalidated,2024061456876,2024,061456876,1,9,0,99,-1,-1,0,0,0,0,0,0,2,1,5,1,38,7,-1,-1,-1,-1,1,1,E01005349,0
Unvalidated,2024061456876,2024,061456876,2,9,-1,-1,-1,-1,-1,0,-1,-1,-1,0,-1,1,6,3,-1,-1,-1,-1,-1,-1,-1,-1,-1,0
Unvalidated,2024061456890,2024,061456890,1,19,0,9,3,1,0,8,0,0,0,0,3,1,5,1,37,7,-1,-1,-1,-1,-1,-1,-1,0
Unvalidated,2024061456890,2024,061456890,2,9,0,18,1,5,0,1,0,0,0,0,1,1,5,2,58,9,-1,-1,-1,-1,5,1,E01006200,0
Unvalidated,2024061456961,2024,061456961,1,9,0,5,7,3,9,0,0,0,0,0,1,1,6,2,61,9,-1,-1,-1,-1,8,1,E01006161,0
Unvalidated,2024061457014,2024,061457014,1,21,4,9,6,2,0,1,0,0,0,0,1,1,1,1,27,6,-1,-1,-1,-1,9,1,W01000481,0
Unvalidated,2024061457014,2024,061457014,2,8,0,18,2,6,0,1,0,0,0,0,1,1,1,1,58,9,-1,-1,-1,-1,4,1,E01005059,0
Unvalidated,2024061457188,2024,061457188,1,8,0,18,1,5,0,0,0,0,0,0,1,1,6,1,30,6,-1,-1,-1,-1,1,1,E01005613,0
Unvalidated,2024061457188,2024,061457188,2,9,0,18,7,3,0,0,0,0,0,0,4,1,5,2,20,4,-1,-1,-1,-1,9,1,E01005645,0
Unvalidated,2024061457188,2024,061457188,3,9,0,18,7,3,0,0,0,0,0,0,1,1,1,1,37,7,-1,-1,-1,-1,3,1,E01006282,0
Unvalidated,2024061457188,2024,061457188,4,9,0,18,7,3,0,0,0,0,0,0,1,1,1,2,49,8,-1,-1,-1,-1,9,2,E01025358,0
Unvalidated,2024061457188,2024,061457188,5,9,0,18,5,1,0,0,0,0,0,0,3,1,6,1,45,7,-1,-1,-1,-1,-1,-1,-1,0
Unvalidated,2024061457188,2024,061457188,6,9,0,8,3,5,0,0,0,0,0,0,3,1,6,2,25,5,-1,-1,-1,-1,7,1,E01005041,0
Unvalidated,2024061457188,2024,061457188,7,19,0,2,0,0,0,0,0,0,0,0,2,1,6,3,-1,-1,-1,-1,-1,-1,-1,-1,-1,0
Unvalidated,2024061457205,2024,061457205,1,9,0,2,-1,-1,0,0,9,4,0,0,2,1,5,2,29,6,-1,-1,-1,-1,3,1,E01005495,0
Unvalidated,2024061457205,2024,061457205,2,9,-1,-1,-1,-1,-1,0,-1,-1,-1,0,-1,1,6,3,-1,-1,-1,-1,-1,-1,-1,-1,-1,0
Unvalidated,2024061457272,2024,061457272,1,9,0,11,5,1,0,0,0,0,0,0,4,1,5,1,58,9,-1,-1,-1,-1,3,1,E01004766,0
Unvalidated,2024061457272,2024,061457272,2,5,0,18,5,1,0,0,2,0,0,0,3,1,5,1,28,6,-1,-1,-1,-1,9,1,E01006250,0
Unvalidated,2024061457272,2024,061457272,3,9,0,18,5,1,0,0,0,0,0,0,3,1,5,1,27,6,-1,-1,-1,-1,2,1,E01004871,0
Unvalidated,2024061457305,2024,061457305,1,9,0,18,5,1,0,1,0,0,0,0,1,1,6,3,20,4,-1,-1,-1,-1,-1,-1,-1,0
Unvalidated,2024061457305,2024,061457305,2,9,0,10,5,2,0,1,0,0,0,0,2,1,5,2,40,7,-1,-1,-1,-1,-1,-1,-1,0
Unvalidated,2024061457322,2024,061457322,1,9,0,9,1,7,0,6,0,0,0,0,1,1,5,2,53,8,-1,-1,-1,-1,1,1,E01006310,0
Unvalidated,2024061457322,2024,061457322,2,3,0,18,7,3,0,1,0,0,0,0,1,1,2,2,24,5,-1,-1,-1,-1,8,1,E01004891,0
Unvalidated,2024061457373,2024,061457373,1,5,0,1,1,5,9,0,5,0,0,0,3,1,5,1,69,10,-1,-1,-1,-1,6,1,E01004983,0
Unvalidated,2024061457480,2024,061457480,1,19,0,4,6,2,0,4,0,0,0,0,0,1,6,1,58,9,-1,-1,-1,-1,1,1,E01006360,0
Unvalidated,2024061457480,2024,061457480,2,9,0,18,6,2,0,4,0,0,0,0,1,1,5,1,80,11,-1,-1,-1,-1,10,1,E01004842,0
Unvalidated,2024061457480,2024,061457480,3,1,0,18,4,8,0,8,0,11,0,0,3,1,6,2,49,8,-1,-1,-1,-1,1,1,E01004870,0
Unvalidated,2024061457543,2024,061457543,1,9,0,7,4,5,0,8,0,0,0,0,4,1,6,1,22,5,-1,-1,-1,-1,1,1,E01015575,0
Unvalidated,2024061457543,2024,061457543,2,1,0,18,6,2,0,8,2,0,0,0,1,1,5,1,58,9,-1,-1,-1,-1,5,1,E01004809,0
Unvalidated,2024061457557,2024,061457557,1,9,0,18,3,7,0,2,0,0,0,0,1,1,5,1,32,6,-1,-1,-1,-1,3,1,E01005003,0
Unvalidated,2024061457557,2024,061457557,2,19,0,18,3,7,0,2,0,0,0,0,2,1,1,1,28,6,-1,-1,-1,-1,1,1,E01025297,0
Unvalidated,2024061457557,2024,061457557,3,9,0,18,7,3,0,1,0,0,0,0,3,1,5,2,70,10,-1,-1,-1,-1,9,1,E01004789,0
Unvalidated,2024061457590,2024,061457590,1,9,0,14,0,4,0,0,0,0,0,0,1,1,6,3,-1,-1,-1,-1,-1,-1,-1,-1,-1,0
Unvalidated,2024061457590,2024,061457590,2,97,-1,18,4,8,0,0,2,0,0,0,1,1,6,1,19,4,-1,-1,-1,-1,1,1,E01005746,0
Unvalidated,2024061457601,2024,061457601,1,1,0,18,-1,-1,4,0,0,0,1,99,3,1,2,1,20,4,-1,-1,-1,-1,3,1,E01005271,0
Unvalidated,2024061457601,2024,061457601,2,9,0,9,-1,-1,0,0,0,0,0,0,1,1,6,2,-1,-1,-1,-1,-1,-1,-1,-1,-1,0
Unvalidated,2024061457688,2024,061457688,1,5,0,18,-1,-1,0,0,0,0,0,0,1,1,2,1,28,6,-1,-1,-1,-1,9,1,E01006250,0
Unvalidated,2024061457688,2024,061457688,2,9,0,11,-1,-1,0,0,0,0,0,0,4,1,6,1,-1,-1,-1,-1,-1,-1,-1,-1,-1,0
Unvalidated,2024061457727,2024,061457727,1,9,0,18,1,5,0,1,0,0,0,0,1,1,5,2,73,10,-1,-1,-1,-1,5,1,E01005648,0
Unvalidated,2024061457727,2024,061457727,2,9,0,18,5,1,0,1,0,0,0,0,1,1,5,2,34,6,-1,-1,-1,-1,8,1,E01005000,0
Unvalidated,2024061457743,2024,061457743,1,9,0,18,3,7,0,0,0,0,0,0,1,1,6,3,20,4,-1,-1,-1,-1,-1,-1,-1,0
Unvalidated,2024061457755,2024,061457755,1,9,0,18,1,1,0,0,0,4,0,0,1,1,6,1,35,6,-1,-1,-1,-1,-1,-1,-1,0
Unvalidated,2024061457755,2024,061457755,2,9,0,2,0,0,0,0,0,0,0,0,2,1,6,3,-1,-1,-1,-1,-1,-1,-1,-1,-1,0
Unvalidated,2024061457755,2024,061457755,3,9,0,18,1,1,0,0,0,0,0,0,0,1,5,2,24,5,-1,-1,-1,-1,1,1,E01005484,0
Unvalidated,2024061457860,2024,061457860,1,98,4,2,-1,-1,99,0,0,0,0,0,2,1,6,3,-1,-1,-1,-1,-1,-1,-1,-1,-1,0
Unvalidated,2024061458006,2024,061458006,1,1,0,5,3,7,0,1,0,0,0,0,1,1,2,1,41,7,-1,-1,-1,-1,-1,-1,-1,0
Unvalidated,2024061458006,2024,061458006,2,8,0,9,7,3,0,1,0,0,0,0,4,1,5,1,36,7,-1,-1,-1,-1,-1,-1,-1,0
Unvalidated,2024061458084,2024,061458084,1,9,0,18,8,1,0,1,0,0,0,0,1,1,5,1,35,6,-1,-1,-1,-1,-1,-1,-1,0
Unvalidated,2024061458084,2024,061458084,2,90,0,18,2,2,0,1,1,0,0,0,1,1,5,1,10,2,-1,-1,-1,-1,1,1,E01005624,1
Unvalidated,2024061458187,2024,061458187,1,97,0,18,1,5,0,8,0,0,1,0,0,1,5,1,27,6,-1,-1,-1,-1,4,1,E01005507,0
Unvalidated,2024061458187,2024,061458187,2,9,0,18,5,1,0,8,0,0,0,0,0,1,1,1,29,6,-1,-1,-1,-1,4,1,E01004986,0
Unvalidated,2024061458214,2024,061458214,1,9,0,7,1,5,0,1,0,0,0,0,2,1,1,1,42,7,-1,-1,-1,-1,1,1,E01005232,0
Unvalidated,2024061458214,2024,061458214,2,9,0,18,1,5,0,6,0,0,0,0,1,1,1,2,29,6,-1,-1,-1,-1,1,1,E01005108,0
Unvalidated,2024061458227,2024,061458227,1,9,0,18,3,7,0,2,0,0,0,0,1,1,5,1,84,11,-1,-1,-1,-1,8,1,E01005571,0
Unvalidated,2024061458227,2024,061458227,2,9,0,2,7,7,0,2,0,0,0,0,2,1,6,3,-1,-1,-1,-1,-1,-1,-1,-1,-1,0
Unvalidated,2024061458227,2024,061458227,3,9,0,18,7,3,0,2,0,0,0,0,1,1,5,2,54,8,-1,-1,-1,-1,8,1,E01005575,0
Unvalidated,2024061458230,2024,061458230,1,21,1,18,3,7,6,1,0,0,0,0,1,1,1,1,43,7,-1,-1,-1,-1,4,1,E01005469,0
Unvalidated,2024061458230,2024,061458230,2,19,0,18,3,7,6,1,0,0,0,0,2,1,1,1,32,6,-1,-1,-1,-1,3,1,E01006159,0
Unvalidated,2024061458230,2024,061458230,3,9,0,18,3,7,0,1,0,0,0,0,2,1,6,2,53,8,-1,-1,-1,-1,3,1,E01005536,0
Unvalidated,2024061458230,2024,061458230,4,19,0,18,3,7,0,7,0,0,0,0,2,1,1,1,30,6,-1,-1,-1,-1,5,1,E01004779,0
Unvalidated,2024061458324,2024,061458324,1,9,0,11,2,6,0,1,0,0,0,0,1,1,6,3,-1,-1,-1,-1,-1,-1,-1,-1,-1,0
Unvalidated,2024061458324,2024,061458324,2,9,-1,18,2,6,0,1,0,0,0,0,3,1,6,1,21,5,-1,-1,-1,-1,2,1,E01004879,0
Unvalidated,2024061458343,2024,061458343,1,19,0,9,4,1,0,5,0,0,0,0,3,1,1,1,60,9,-1,-1,-1,-1,6,1,E01005711,0
Unvalidated,2024061458343,2024,061458343,2,5,0,13,3,7,0,8,0,0,0,0,1,1,1,1,52,8,-1,-1,-1,-1,8,1,E01004915,0
Unvalidated,2024061458351,2024,061458351,1,9,0,18,3,7,0,8,0,0,0,0,1,1,1,1,59,9,-1,-1,-1,-1,5,1,E01011147,0
Unvalidated,2024061458351,2024,061458351,2,1,0,18,1,5,0,8,0,0,0,0,1,1,2,1,56,9,-1,-1,-1,-1,6,1,E01005861,0
Unvalidated,2024061458369,2024,061458369,1,9,0,18,2,1,0,1,0,0,0,0,1,1,2,2,43,7,-1,-1,-1,-1,4,1,E01005295,0
Unvalidated,2024061458369,2024,061458369,2,9,0,18,5,6,0,1,0,0,0,0,1,1,5,1,53,8,-1,-1,-1,-1,8,1,E01004984,0
Unvalidated,2024061458370,2024,061458370,1,9,0,4,-1,-1,0,6,1,0,0,0,3,1,5,1,39,7,-1,-1,-1,-1,1,1,E01005657,0
Unvalidated,2024061458370,2024,061458370,2,9,-1,-1,-1,-1,-1,-1,-1,-1,-1,0,1,1,6,3,-1,-1,-1,-1,-1,-1,-1,-1,-1,0
Unvalidated,2024061458398,2024,061458398,1,9,0,18,4,8,0,0,0,0,0,0,1,1,5,2,55,8,-1,-1,-1,-1,4,2,E01018962,0
Unvalidated,2024061458398,2024,061458398,2,9,0,18,4,8,0,0,0,0,0,0,2,1,5,1,39,7,-1,-1,-1,-1,10,1,E01005930,0
Unvalidated,2024061458431,2024,061458431,1,9,0,18,7,3,0,1,0,0,1,0,1,1,2,2,56,9,-1,-1,-1,-1,8,1,E01004985,0
Unvalidated,2024061458431,2024,061458431,2,19,0,2,0,0,9,1,0,0,0,0,1,1,6,3,-1,-1,-1,-1,-1,-1,-1,-1,-1,0
Unvalidated,2024061458502,2024,061458502,1,9,0,13,1,5,0,0,0,0,7,0,1,1,6,1,19,4,-1,-1,-1,-1,2,1,E01005326,0
Unvalidated,2024061458540,2024,061458540,1,9,0,4,4,6,0,1,0,0,0,0,2,1,2,2,45,7,-1,-1,-1,-1,5,1,E01005838,0
Unvalidated,2024061458540,2024,061458540,2,9,0,18,4,2,0,1,0,0,0,0,1,1,6,1,20,4,-1,-1,-1,-1,6,1,E01005831,0
Unvalidated,2024061458550,2024,061458550,1,20,0,11,7,7,0,0,0,0,0,0,4,1,1,1,62,9,-1,-1,-1,-1,2,1,E01005250,0
Unvalidated,2024061458550,2024,061458550,2,9,0,18,8,8,0,0,0,0,0,0,3,1,5,1,34,6,-1,-1,-1,-1,2,1,E01006333,0