status,collision_index,collision_year,collision_reference,vehicle_reference,vehicle_type,towing_and_articulation,vehicle_manoeuvre,vehicle_direction_from,vehicle_direction_to,vehicle_location_restricted_lane,junction_location,skidding_and_overturning,hit_object_in_carriageway,vehicle_leaving_carriageway,hit_object_off_carriageway,first_point_of_impact,vehicle_left_hand_drive,journey_purpose_of_driver,sex_of_driver,age_of_driver,age_band_of_driver,engine_capacity_cc,propulsion_code,age_of_vehicle,generic_make_model,driver_imd_decile,driver_home_area_type,lsoa_of_driver,escooter_flag
Unvalidated,2024061458617,2024,061458617,1,5,0,18,6,2,0,1,2,0,0,0,1,1,5,2,49,8,-1,-1,-1,-1,1,1,E01004801,0
Unvalidated,2024061458617,2024,061458617,2,9,0,7,6,4,0,5,0,0,0,0,4,1,2,2,25,5,-1,-1,-1,-1,2,1,E01004798,0
Unvalidated,2024061458691,2024,061458691,1,9,0,-1,-1,-1,-1,0,0,0,0,0,1,1,-1,1,44,7,-1,-1,-1,-1,2,1,E01005122,0
Unvalidated,2024061458691,2024,061458691,2,9,0,-1,-1,-1,-1,0,0,4,0,0,2,1,-1,1,-1,-1,-1,-1,-1,-1,-1,-1,-1,0
Unvalidated,2024061458785,2024,061458785,1,9,0,4,-1,-1,0,0,0,0,0,0,1,1,5,1,58,9,-1,-1,-1,-1,9,1,E01005049,0
Unvalidated,2024061458785,2024,061458785,2,9,-1,-1,-1,-1,-1,0,-1,-1,-1,0,-1,1,6,3,-1,-1,-1,-1,-1,-1,-1,-1,-1,0
Unvalidated,2024061458812,2024,061458812,1,9,0,2,1,5,0,1,0,4,0,0,4,1,5,1,57,9,-1,-1,-1,-1,-1,-1,-1,0
Unvalidated,2024061458812,2024,061458812,2,19,0,2,1,5,0,1,0,0,0,0,1,1,6,3,66,10,-1,-1,-1,-1,4,1,E01005015,0
Unvalidated,2024061458836,2024,061458836,1,9,0,5,-1,-1,0,0,0,0,0,0,1,1,3,2,49,8,-1,-1,-1,-1,1,1,E01005068,0
Unvalidated,2024061458836,2024,061458836,2,9,0,15,-1,-1,0,0,0,0,0,0,1,1,6,2,-1,-1,-1,-1,-1,-1,-1,-1,-1,0
Unvalidated,2024061458853,2024,061458853,1,9,0,18,8,4,0,1,0,0,0,0,4,1,5,2,50,8,-1,-1,-1,-1,1,1,E01006064,0
Unvalidated,2024061458853,2024,061458853,2,1,0,18,2,6,0,1,0,0,0,0,1,1,5,1,30,6,-1,-1,-1,-1,2,1,E01006068,0
Unvalidated,2024061458889,2024,061458889,1,9,0,18,4,2,0,0,0,0,0,0,-1,1,6,3,-1,-1,-1,-1,-1,-1,-1,-1,-1,0
Unvalidated,2024061458889,2024,061458889,2,1,0,18,4,2,0,0,0,0,0,0,2,1,5,1,36,7,-1,-1,-1,-1,1,1,E01033330,0
Unvalidated,2024061458892,2024,061458892,1,20,0,18,6,1,0,1,0,0,0,0,4,1,1,1,35,6,-1,-1,-1,-1,1,1,E01005108,0
Unvalidated,2024061458892,2024,061458892,2,4,0,18,7,3,0,1,2,8,0,0,1,1,5,2,36,7,-1,-1,-1,-1,-1,-1,-1,0
Unvalidated,2024061458892,2024,061458892,3,9,0,5,1,5,0,1,0,0,0,0,0,1,6,3,-1,-1,-1,-1,-1,-1,-1,-1,-1,0
Unvalidated,2024061458941,2024,061458941,1,9,0,18,6,2,0,0,1,0,1,0,1,1,6,1,72,10,-1,-1,-1,-1,-1,-1,-1,0
Unvalidated,2024061458941,2024,061458941,2,9,0,18,2,6,0,0,1,0,7,0,1,1,6,1,36,7,-1,-1,-1,-1,-1,-1,-1,0
Unvalidated,2024061458942,2024,061458942,1,5,0,18,5,1,0,0,0,7,6,1,1,1,6,1,60,9,-1,-1,-1,-1,1,1,E01005615,0
Unvalidated,2024061458942,2024,061458942,2,5,0,18,5,1,0,0,0,0,0,0,0,1,6,1,38,7,-1,-1,-1,-1,1,1,E01005615,0
Unvalidated,2024061458963,2024,061458963,1,9,0,18,7,3,0,0,0,0,0,0,1,1,3,1,38,7,-1,-1,-1,-1,3,1,E01006408,0
Unvalidated,2024061459020,2024,061459020,1,9,0,18,5,1,0,0,0,0,0,0,4,1,5,1,25,5,-1,-1,-1,-1,9,1,E01005738,0
Unvalidated,2024061459020,2024,061459020,2,5,0,12,1,5,0,0,0,0,0,0,3,1,5,1,56,9,-1,-1,-1,-1,4,2,E01005675,0
Unvalidated,2024061459094,2024,061459094,1,8,0,7,7,4,0,5,0,0,1,0,1,1,1,1,42,7,-1,-1,-1,-1,2,1,E01004972,0
Unvalidated,2024061459094,2024,061459094,2,9,0,4,1,2,0,5,0,0,0,0,3,1,5,1,33,6,-1,-1,-1,-1,2,1,E01004972,0
Unvalidated,2024061459108,2024,061459108,1,9,0,8,-1,-1,99,0,0,0,0,0,4,1,5,2,54,8,-1,-1,-1,-1,6,1,E01005305,0
Unvalidated,2024061459126,2024,061459126,1,9,0,5,1,5,0,1,0,0,0,0,1,1,5,2,39,7,-1,-1,-1,-1,5,1,E01005993,0
Unvalidated,2024061459137,2024,061459137,1,9,0,18,4,8,0,0,0,0,0,0,1,1,5,2,24,5,-1,-1,-1,-1,4,1,E01006242,0
Unvalidated,2024061459137,2024,061459137,2,9,0,3,6,2,0,0,0,0,0,0,2,1,5,1,32,6,-1,-1,-1,-1,5,1,E01004934,0
Unvalidated,2024061459137,2024,061459137,3,9,0,3,4,8,0,0,0,0,0,0,2,1,5,2,55,8,-1,-1,-1,-1,8,1,E01006281,0
Unvalidated,2024061459147,2024,061459147,1,9,0,3,-1,-1,0,1,0,4,0,0,2,1,5,1,73,10,-1,-1,-1,-1,9,1,E01005545,0
Unvalidated,2024061459147,2024,061459147,2,9,0,18,-1,-1,0,1,0,0,0,0,1,1,6,3,-1,-1,-1,-1,-1,-1,-1,-1,-1,0
Unvalidated,2024061459507,2024,061459507,1,97,0,18,7,3,0,0,0,0,7,11,3,1,5,1,35,6,-1,-1,-1,-1,4,1,E01004978,0
Unvalidated,2024061459535,2024,061459535,1,9,0,18,5,1,0,2,0,0,0,0,0,1,1,3,20,4,-1,-1,-1,-1,-1,-1,-1,0
Unvalidated,2024061459535,2024,061459535,2,9,0,18,5,1,0,1,0,10,1,2,3,1,5,1,41,7,-1,-1,-1,-1,1,1,E01005108,0
Unvalidated,2024061459535,2024,061459535,3,9,0,18,5,1,0,1,0,0,0,0,0,1,5,1,37,7,-1,-1,-1,-1,1,1,E01005108,0
Unvalidated,2024061459535,2024,061459535,4,9,0,9,3,7,0,1,0,11,0,0,3,1,5,2,46,8,-1,-1,-1,-1,1,1,E01006031,0
Unvalidated,2024061459547,2024,061459547,1,21,0,9,-1,-1,99,0,0,0,0,0,1,1,5,1,56,9,-1,-1,-1,-1,7,1,E01005891,0
Unvalidated,2024061459547,2024,061459547,2,90,9,99,-1,-1,99,0,0,0,0,0,9,1,6,1,-1,-1,-1,-1,-1,-1,1,1,E01006019,0
Unvalidated,2024061459575,2024,061459575,1,4,0,18,5,1,0,0,0,0,0,0,1,1,5,1,19,4,-1,-1,-1,-1,-1,-1,-1,0
Unvalidated,2024061459575,2024,061459575,2,9,4,18,5,1,0,0,0,0,0,0,2,1,5,1,61,9,-1,-1,-1,-1,7,1,E01005057,0
Unvalidated,2024061459646,2024,061459646,1,9,0,9,2,6,0,1,0,0,0,0,4,1,5,1,37,7,-1,-1,-1,-1,1,1,E01033330,0
Unvalidated,2024061459651,2024,061459651,1,9,0,9,7,4,0,1,0,0,0,0,1,1,1,2,63,9,-1,-1,-1,-1,2,1,E01005633,0
Unvalidated,2024061459675,2024,061459675,1,9,0,5,5,1,0,1,0,0,0,0,1,1,6,1,25,5,-1,-1,-1,-1,7,1,E01004775,0
Unvalidated,2024061459675,2024,061459675,2,97,0,18,3,7,0,1,0,0,0,0,1,1,6,1,18,4,-1,-1,-1,-1,5,1,E01004890,0
Unvalidated,2024061459741,2024,061459741,1,8,0,18,5,1,0,0,0,0,0,0,0,1,1,1,-1,-1,-1,-1,-1,-1,-1,-1,-1,0
Unvalidated,2024061459854,2024,061459854,1,9,0,1,2,6,0,1,0,0,0,0,2,1,6,2,73,10,-1,-1,-1,-1,4,1,E01005558,0
Unvalidated,2024061460004,2024,061460004,1,9,0,9,5,2,0,0,0,0,0,0,1,1,6,2,46,8,-1,-1,-1,-1,-1,-1,-1,0
Unvalidated,2024061460004,2024,061460004,2,9,0,18,5,1,0,0,0,0,0,0,1,1,5,1,42,7,-1,-1,-1,-1,2,1,E01005487,0
Unvalidated,2024061460047,2024,061460047,1,9,0,18,4,8,0,8,0,0,0,0,1,1,5,2,40,7,-1,-1,-1,-1,2,1,E01005337,0
Unvalidated,2024061460047,2024,061460047,2,9,0,18,1,5,0,8,0,0,7,0,4,1,5,1,40,7,-1,-1,-1,-1,2,1,E01005337,0
Unvalidated,2024061460048,2024,061460048,1,9,0,18,1,5,0,0,0,0,0,0,1,1,6,2,76,11,-1,-1,-1,-1,10,1,E01027712,0
Unvalidated,2024061460048,2024,061460048,2,9,0,2,0,0,0,0,0,0,0,0,4,1,3,2,-1,-1,-1,-1,-1,-1,-1,-1,-1,0
Unvalidated,2024061460125,2024,061460125,1,9,0,3,-1,-1,0,1,0,0,0,0,2,1,5,2,37,7,-1,-1,-1,-1,2,1,E01005369,0
Unvalidated,2024061460125,2024,061460125,2,9,0,-1,-1,-1,0,1,0,0,0,0,0,1,6,3,-1,-1,-1,-1,-1,-1,-1,-1,-1,0
Unvalidated,2024061460167,2024,061460167,1,9,0,18,3,7,0,8,0,0,0,0,1,1,5,2,69,10,-1,-1,-1,-1,4,1,E01004939,0
Unvalidated,2024061460167,2024,061460167,2,9,0,1,3,7,0,8,0,0,0,0,1,1,6,3,-1,-1,-1,-1,-1,-1,-1,-1,-1,0
Unvalidated,2024061460279,2024,061460279,1,9,0,18,3,7,0,0,0,0,0,0,1,1,6,3,44,7,-1,-1,-1,-1,1,1,E01005513,0
Unvalidated,2024061460279,2024,061460279,2,9,0,18,1,5,0,0,0,0,0,0,1,1,6,2,42,7,-1,-1,-1,-1,2,1,E01004956,0
Unvalidated,2024061460318,2024,061460318,1,9,0,18,4,8,0,0,0,0,0,0,4,1,6,3,-1,-1,-1,-1,-1,-1,-1,-1,-1,0
Unvalidated,2024061460332,2024,061460332,1,20,1,18,3,7,0,0,0,0,0,0,1,1,1,1,48,8,-1,-1,-1,-1,2,1,E01029468,0
Unvalidated,2024061460332,2024,061460332,2,9,0,2,3,7,0,0,0,0,0,0,2,1,5,2,40,7,-1,-1,-1,-1,5,1,E01010688,0
Unvalidated,2024061460438,2024,061460438,1,9,0,18,7,3,0,2,0,0,0,0,1,1,6,3,-1,-1,-1,-1,-1,-1,-1,-1,-1,0
Unvalidated,2024061460558,2024,061460558,1,9,0,18,7,2,0,0,0,0,0,0,1,1,6,1,84,11,-1,-1,-1,-1,5,1,E01019733,0
Unvalidated,2024061460558,2024,061460558,2,98,0,18,2,7,0,0,0,0,0,0,2,1,1,1,61,9,-1,-1,-1,-1,5,1,E01005728,0
Unvalidated,2024061460567,2024,061460567,1,9,0,3,-1,-1,0,1,0,0,0,0,2,1,5,1,24,5,-1,-1,-1,-1,1,1,E01032912,0
Unvalidated,2024061460567,2024,061460567,2,98,-1,-1,-1,-1,-1,-1,-1,-1,-1,0,-1,1,6,3,-1,-1,-1,-1,-1,-1,-1,-1,-1,0
Unvalidated,2024061460597,2024,061460597,1,9,0,6,3,7,0,0,1,0,0,0,1,1,1,1,47,8,-1,-1,-1,-1,-1,-1,-1,0
Unvalidated,2024061460597,2024,061460597,2,9,0,18,3,7,0,0,2,4,7,0,1,1,5,1,45,7,-1,-1,-1,-1,1,1,E01006027,0
Unvalidated,2024061460611,2024,061460611,1,97,0,18,7,3,0,1,5,0,0,0,1,1,6,1,43,7,-1,-1,-1,-1,-1,-1,-1,0
Unvalidated,2024061460611,2024,061460611,2,9,0,9,3,7,0,1,0,0,0,0,4,1,6,2,35,6,-1,-1,-1,-1,3,1,E01006217,0
Unvalidated,2024061460667,2024,061460667,1,1,0,18,6,2,0,0,0,0,0,0,0,1,5,1,21,5,-1,-1,-1,-1,1,1,E01006283,0
Unvalidated,2024061460674,2024,061460674,1,9,0,18,7,3,0,0,0,7,0,0,1,1,6,3,30,6,-1,-1,-1,-1,-1,-1,-1,0
Unvalidated,2024061460690,2024,061460690,1,9,0,5,5,1,0,1,0,0,0,0,4,1,6,3,20,4,-1,-1,-1,-1,-1,-1,-1,0
Unvalidated,2024061460690,2024,061460690,2,9,0,5,5,1,0,1,0,0,0,0,1,1,6,2,54,8,-1,-1,-1,-1,7,1,E01006368,0
Unvalidated,2024061460692,2024,061460692,1,9,0,6,3,7,0,0,0,0,0,0,3,2,5,1,41,7,-1,-1,-1,-1,6,1,E01005773,0
Unvalidated,2024061460692,2024,061460692,2,9,0,18,3,7,0,0,0,0,0,0,1,1,5,1,47,8,-1,-1,-1,-1,9,1,E01008673,0
Unvalidated,2024061460694,2024,061460694,2,9,0,18,5,1,0,1,0,0,0,0,1,1,6,1,73,10,-1,-1,-1,-1,1,1,E01012655,0
Unvalidated,2024061460694,2024,061460694,3,9,0,18,7,3,0,1,0,0,0,0,1,1,6,3,20,4,-1,-1,-1,-1,-1,-1,-1,0
Unvalidated,2024061460695,2024,061460695,1,4,0,18,7,3,0,0,2,0,1,9,1,1,5,1,19,4,-1,-1,-1,-1,2,2,E01025072,0
Unvalidated,2024061460703,2024,061460703,1,9,0,18,3,7,0,1,0,0,0,0,1,1,6,1,32,6,-1,-1,-1,-1,2,1,E01005514,0
Unvalidated,2024061460703,2024,061460703,2,9,0,9,6,5,0,1,0,0,0,0,1,1,6,1,87,11,-1,-1,-1,-1,1,1,E01004946,0
Unvalidated,2024061460710,2024,061460710,1,1,0,18,1,6,9,0,0,0,0,0,1,1,6,3,-1,-1,-1,-1,-1,-1,-1,-1,-1,0
Unvalidated,2024061460714,2024,061460714,1,9,0,18,5,1,0,0,0,0,0,0,4,1,6,3,20,4,-1,-1,-1,-1,-1,-1,-1,0
Unvalidated,2024061460714,2024,061460714,2,1,0,18,5,1,0,0,0,0,0,0,4,1,6,1,72,10,-1,-1,-1,-1,2,1,E01004812,0
Unvalidated,2024061460865,2024,061460865,1,8,0,18,1,5,0,1,0,0,0,0,1,1,5,1,49,8,-1,-1,-1,-1,4,1,E01005029,0
Unvalidated,2024061460949,2024,061460949,1,9,0,-1,-1,-1,-1,0,0,0,0,0,3,1,-1,1,38,7,-1,-1,-1,-1,2,1,E01005999,0
Unvalidated,2024061460949,2024,061460949,2,9,0,-1,-1,-1,-1,0,1,0,0,0,3,1,-1,1,-1,-1,-1,-1,-1,-1,-1,-1,-1,0
Unvalidated,2024061461001,2024,061461001,1,1,0,18,-1,-1,0,8,5,0,1,0,3,1,5,1,19,4,-1,-1,-1,-1,2,1,E01015052,0
Unvalidated,2024061461001,2024,061461001,2,9,0,10,-1,-1,0,8,0,0,0,0,1,1,6,2,-1,-1,-1,-1,-1,-1,-1,-1,-1,0
Unvalidated,2024061461119,2024,061461119,1,9,0,18,6,2,0,1,0,0,0,0,1,1,5,2,32,6,-1,-1,-1,-1,5,1,E01006141,0
Unvalidated,2024061461137,2024,061461137,1,9,0,13,5,1,0,0,0,0,0,0,1,1,5,1,23,5,-1,-1,-1,-1,1,1,E01005119,0
Unvalidated,2024061461137,2024,061461137,2,1,0,18,5,1,0,0,0,0,1,0,1,1,5,1,56,9,-1,-1,-1,-1,-1,-1,-1,0
Unvalidated,2024061461144,2024,061461144,1,8,0,18,3,7,0,5,1,11,7,1,3,1,6,1,30,6,-1,-1,-1,-1,-1,-1,-1,0
Unvalidated,2024061461150,2024,061461150,1,9,0,-1,-1,-1,-1,0,-1,-1,-1,0,-1,1,6,3,-1,-1,-1,-1,-1,-1,-1,-1,-1,0
Unvalidated,2024061461150,2024,061461150,2,9,-1,-1,-1,-1,-1,0,-1,-1,-1,0,-1,1,6,3,-1,-1,-1,-1,-1,-1,-1,-1,-1,0
Unvalidated,2024061461160,2024,061461160,1,9,-1,15,1,5,0,0,0,0,0,0,-1,1,6,3,-1,-1,-1,-1,-1,-1,-1,-1,-1,0
Unvalidated,2024061461248,2024,061461248,1,9,0,18,-1,-1,0,0,0,0,0,0,3,1,2,1,41,7,-1,-1,-1,-1,8,1,E01005791,0
Unvalidated,2024061461248,2024,061461248,2,9,0,18,-1,-1,0,0,0,0,0,0,3,1,6,3,-1,-1,-1,-1,-1,-1,-1,-1,-1,0
Unvalidated,2024061461251,2024,061461251,1,9,5,-1,-1,-1,-1,0,-1,-1,-1,0,-1,1,6,1,-1,-1,-1,-1,-1,-1,3,1,E01005421,0
Unvalidated,2024061461251,2024,061461251,2,9,-1,-1,-1,-1,-1,0,-1,-1,-1,0,-1,1,6,3,-1,-1,-1,-1,-1,-1,-1,-1,-1,0
Unvalidated,2024061461288,2024,061461288,1,9,0,4,2,1,0,1,0,0,0,0,1,1,1,1,28,6,-1,-1,-1,-1,-1,-1,-1,0
Unvalidated,2024061461288,2024,061461288,2,9,0,18,7,7,0,6,0,0,0,0,1,1,2,1,48,8,-1,-1,-1,-1,-1,-1,-1,0
Unvalidated,2024061461304,2024,061461304,1,9,0,3,-1,-1,0,0,0,0,0,0,2,1,5,2,50,8,-1,-1,-1,-1,5,1,E01004908,0
Unvalidated,2024061461304,2024,061461304,2,9,0,3,-1,-1,0,0,0,0,0,0,1,1,6,3,-1,-1,-1,-1,-1,-1,-1,-1,-1,0
Unvalidated,2024061461304,2024,061461304,3,9,0,11,-1,-1,0,0,9,0,0,0,1,1,6,3,-1,-1,-1,-1,-1,-1,-1,-1,-1,0
Unvalidated,2024061461357,2024,061461357,1,9,0,2,5,8,0,0,0,0,0,0,0,1,5,2,72,10,-1,-1,-1,-1,-1,-1,-1,0
Unvalidated,2024061461391,2024,061461391,1,98,0,18,1,5,0,0,0,0,0,0,1,1,6,1,42,7,-1,-1,-1,-1,2,1,E01005143,0
Unvalidated,2024061461404,2024,061461404,1,5,0,14,7,3,0,1,0,0,0,0,1,1,2,1,52,8,-1,-1,-1,-1,2,1,E01006309,0
Unvalidated,2024061461404,2024,061461404,2,9,0,9,7,5,0,5,0,0,0,0,1,1,5,1,55,8,-1,-1,-1,-1,8,1,E01006230,0
Unvalidated,2024061461441,2024,061461441,1,97,0,18,3,7,9,6,0,0,0,0,1,1,6,1,-1,-1,-1,-1,-1,-1,-1,-1,-1,0
Unvalidated,2024061461463,2024,061461463,1,9,0,3,-1,-1,99,0,0,0,0,0,2,1,5,2,20,4,-1,-1,-1,-1,2,2,E01006439,0
Unvalidated,2024061461463,2024,061461463,2,9,-1,-1,-1,-1,-1,0,-1,-1,-1,0,-1,1,6,3,-1,-1,-1,-1,-1,-1,-1,-1,-1,0
Unvalidated,2024061461517,2024,061461517,1,9,0,18,8,4,0,8,0,7,2,0,1,1,5,1,24,5,-1,-1,-1,-1,1,1,E01005382,0
Unvalidated,2024061461654,2024,061461654,1,11,0,13,-1,-1,0,0,0,0,0,0,3,1,1,1,29,6,-1,-1,-1,-1,5,1,E01006355,0
Unvalidated,2024061461654,2024,061461654,2,1,0,18,-1,-1,0,0,1,0,0,0,9,1,6,1,-1,-1,-1,-1,-1,-1,4,1,E01005628,0
Unvalidated,2024061461675,2024,061461675,1,9,0,3,-1,-1,0,0,0,0,0,0,2,1,6,3,-1,-1,-1,-1,-1,-1,-1,-1,-1,0
Unvalidated,2024061461675,2024,061461675,2,9,0,-1,-1,-1,-1,0,-1,-1,-1,0,0,1,6,3,-1,-1,-1,-1,-1,-1,-1,-1,-1,0
Unvalidated,2024061461706,2024,061461706,1,9,0,18,4,1,0,1,1,0,1,0,1,1,6,1,45,7,-1,-1,-1,-1,1,1,E01006239,0
Unvalidated,2024061461706,2024,061461706,2,9,0,5,2,3,0,1,0,0,0,0,3,1,6,2,48,8,-1,-1,-1,-1,-1,-1,-1,0
Unvalidated,2024061461721,2024,061461721,1,3,0,9,4,3,0,6,0,0,0,0,1,1,6,3,20,4,-1,-1,-1,-1,-1,-1,-1,0
Unvalidated,2024061461721,2024,061461721,2,9,0,18,3,3,0,8,0,0,0,0,1,1,6,1,42,7,-1,-1,-1,-1,-1,-1,-1,0
Unvalidated,2024061461721,2024,061461721,3,90,0,18,3,3,0,8,0,0,0,0,4,1,1,1,57,9,-1,-1,-1,-1,-1,-1,-1,0
Unvalidated,2024061461756,2024,061461756,1,9,0,3,-1,-1,99,3,0,0,0,0,2,1,5,1,30,6,-1,-1,-1,-1,4,1,E01033281,0
Unvalidated,2024061461756,2024,061461756,2,9,0,18,-1,-1,99,3,0,4,0,0,1,1,6,3,-1,-1,-1,-1,-1,-1,-1,-1,-1,0
Unvalidated,2024061461780,2024,061461780,1,9,0,18,1,5,0,1,0,0,3,10,1,1,5,1,36,7,-1,-1,-1,-1,3,1,E01005282,0
Unvalidated,2024061461780,2024,061461780,2,9,0,9,1,7,0,1,0,0,3,10,3,1,5,1,21,5,-1,-1,-1,-1,-1,-1,-1,0
Unvalidated,2024061461909,2024,061461909,1,9,0,18,3,7,0,0,0,0,0,0,2,1,6,3,-1,-1,-1,-1,-1,-1,-1,-1,-1,0
Unvalidated,2024061461909,2024,061461909,2,9,0,18,3,7,0,0,0,0,0,0,1,1,6,2,26,6,-1,-1,-1,-1,7,1,E01004835,0
Unvalidated,2024061461909,2024,061461909,3,9,4,18,3,7,0,0,0,0,0,0,3,1,6,1,49,8,-1,-1,-1,-1,10,1,E01025022,0
Unvalidated,2024061461973,2024,061461973,1,19,0,9,5,3,0,5,0,0,0,0,1,1,1,1,26,6,-1,-1,-1,-1,1,1,E01005180,0
Unvalidated,2024061461973,2024,061461973,2,8,0,18,2,5,0,2,0,0,0,0,3,1,5,1,50,8,-1,-1,-1,-1,1,1,E01005085,0
Unvalidated,2024061461995,2024,061461995,1,9,0,5,-1,-1,0,0,0,0,0,0,2,1,5,1,23,5,-1,-1,-1,-1,7,1,E01025195,0
Unvalidated,2024061461995,2024,061461995,2,98,-1,-1,-1,-1,-1,0,-1,-1,-1,0,-1,1,6,3,-1,-1,-1,-1,-1,-1,-1,-1,-1,0
Unvalidated,2024061462383,2024,061462383,1,9,0,5,-1,-1,0,0,0,0,0,0,2,1,2,1,37,7,-1,-1,-1,-1,2,1,E01005600,0
Unvalidated,2024061462383,2024,061462383,2,9,0,18,-1,-1,0,0,0,0,0,0,1,1,6,2,-1,-1,-1,-1,-1,-1,-1,-1,-1,0
Unvalidated,2024061462418,2024,061462418,1,19,0,18,1,4,0,1,0,0,0,0,1,1,6,1,55,8,-1,-1,-1,-1,3,1,E01006034,0
Unvalidated,2024061462418,2024,061462418,2,9,0,18,4,2,0,1,0,0,1,0,1,1,6,1,24,5,-1,-1,-1,-1,10,1,E01006062,0
Unvalidated,2024061462672,2024,061462672,1,9,0,18,7,3,0,2,0,0,0,0,4,1,6,1,18,4,-1,-1,-1,-1,6,1,E01005647,0
Unvalidated,2024061463116,2024,061463116,1,9,0,7,7,1,0,1,0,0,0,0,4,1,6,1,60,9,-1,-1,-1,-1,4,1,E01005217,0
Unvalidated,2024061463116,2024,061463116,2,1,0,18,3,7,0,8,0,0,0,0,3,1,6,1,12,3,-1,-1,-1,-1,1,1,E01005190,0
Unvalidated,2024061463145,2024,061463145,1,8,0,18,6,2,0,0,0,0,0,0,4,1,1,1,-1,-1,-1,-1,-1,-1,3,1,E01025492,0
Unvalidated,2024061463145,2024,061463145,2,9,-1,-1,-1,-1,-1,0,-1,-1,-1,0,-1,1,6,3,-1,-1,-1,-1,-1,-1,-1,-1,-1,0
Unvalidated,2024061463304,2024,061463304,1,9,0,4,4,8,0,1,0,0,0,0,1,1,5,1,27,6,-1,-1,-1,-1,4,1,E01005029,0
Unvalidated,2024061463361,2024,061463361,1,9,0,18,7,3,0,0,0,0,0,0,1,1,1,1,43,7,-1,-1,-1,-1,2,1,E01005470,0
Unvalidated,2024061463361,2024,061463361,2,9,0,2,0,0,0,0,0,0,0,0,2,1,6,3,-1,-1,-1,-1,-1,-1,-1,-1,-1,0
Unvalidated,2024061463377,2024,061463377,1,9,0,18,-1,-1,0,0,0,0,0,0,0,1,6,3,-1,-1,-1,-1,-1,-1,-1,-1,-1,0
Unvalidated,2024061463377,2024,061463377,2,1,0,18,-1,-1,0,0,0,0,0,0,0,1,1,1,50,8,-1,-1,-1,-1,2,1,E01005946,0
Unvalidated,2024061463780,2024,061463780,1,9,0,18,5,1,0,0,0,0,0,0,0,1,6,3,-1,-1,-1,-1,-1,-1,-1,-1,-1,0
Unvalidated,2024061463780,2024,061463780,2,1,0,3,5,1,0,0,0,0,0,0,0,1,1,1,-1,-1,-1,-1,-1,-1,1,1,E01005164,0
Unvalidated,2024061463801,2024,061463801,1,9,0,18,4,8,0,1,0,0,0,0,1,1,6,1,-1,-1,-1,-1,-1,-1,-1,-1,-1,0
Unvalidated,2024061463801,2024,061463801,2,8,0,4,4,8,0,1,0,0,0,0,2,1,1,1,48,8,-1,-1,-1,-1,3,1,E01004878,0
Unvalidated,2024061464774,2024,061464774,1,9,0,18,2,6,0,0,0,0,0,0,1,1,6,2,-1,-1,-1,-1,-1,-1,-1,-1,-1,0
Unvalidated,2024061464774,2024,061464774,2,9,0,10,2,8,0,0,0,0,0,0,2,1,1,1,31,6,-1,-1,-1,-1,5,1,E01032914,0
Unvalidated,2024061465129,2024,061465129,1,9,-1,-1,-1,-1,-1,0,-1,-1,-1,0,-1,1,6,3,-1,-1,-1,-1,-1,-1,-1,-1,-1,0
Unvalidated,2024061465344,2024,061465344,1,9,0,18,1,1,0,0,0,0,0,0,0,1,6,3,55,8,-1,-1,-1,-1,-1,-1,-1,0
Unvalidated,2024061465344,2024,061465344,2,9,0,18,1,1,0,0,0,0,0,0,0,1,6,3,31,6,-1,-1,-1,-1,-1,-1,-1,0
Unvalidated,2024061465426,2024,061465426,1,9,0,18,7,3,0,0,5,0,1,2,1,1,5,2,57,9,-1,-1,-1,-1,2,1,E01006311,0
Unvalidated,2024061465684,2024,061465684,1,9,0,18,4,8,0,2,0,0,0,0,1,1,6,3,-1,-1,-1,-1,-1,-1,-1,-1,-1,0
Unvalidated,2024061465699,2024,061465699,1,9,0,18,1,5,0,8,0,0,0,0,1,1,6,3,-1,-1,-1,-1,-1,-1,-1,-1,-1,0
Unvalidated,2024061465699,2024,061465699,2,1,0,18,6,3,0,8,0,0,0,0,1,1,6,1,37,7,-1,-1,-1,-1,1,1,E01005133,0
Unvalidated,2024061465707,2024,061465707,1,9,0,18,4,7,0,5,0,0,0,0,-1,1,6,1,38,7,-1,-1,-1,-1,8,1,E01019757,0
Unvalidated,2024061465707,2024,061465707,2,1,0,18,8,4,0,8,0,0,0,0,0,1,6,1,34,6,-1,-1,-1,-1,9,1,E01005854,0
Unvalidated,2024061465727,2024,061465727,1,19,4,18,7,3,0,0,0,0,-1,0,1,1,6,3,-1,-1,-1,-1,-1,-1,-1,-1,-1,0
Unvalidated,2024061465727,2024,061465727,2,9,0,3,7,3,0,0,0,0,0,0,2,1,6,2,67,10,-1,-1,-1,-1,4,1,E01005059,0
Unvalidated,2024061465733,2024,061465733,1,1,9,18,-1,-1,0,0,5,0,0,0,1,1,2,1,32,6,-1,-1,-1,-1,3,1,E01005208,0
Unvalidated,2024061465733,2024,061465733,2,8,9,7,-1,-1,0,0,0,0,0,0,0,1,6,3,-1,-1,-1,-1,-1,-1,-1,-1,-1,0
Unvalidated,2024061466044,2024,061466044,1,9,0,7,6,1,0,6,0,0,0,0,1,1,6,2,40,7,-1,-1,-1,-1,4,1,E01005834,0
Unvalidated,2024061466044,2024,061466044,2,9,0,18,4,1,0,8,0,0,0,0,4,1,6,2,35,6,-1,-1,-1,-1,-1,1,-1,0
Unvalidated,2024061466245,2024,061466245,1,9,0,18,2,7,0,0,0,0,0,0,0,2,6,1,22,5,-1,-1,-1,-1,1,1,E01005473,0
Unvalidated,2024061466245,2024,061466245,2,9,0,15,2,6,0,0,0,0,0,0,0,2,6,2,-1,-1,-1,-1,-1,-1,6,1,E01005596,0
Unvalidated,2024061466394,2024,061466394,1,9,-1,-1,-1,-1,-1,-1,-1,-1,-1,0,-1,1,6,2,-1,-1,-1,-1,-1,-1,-1,-1,-1,0