status,collision_index,collision_year,collision_reference,vehicle_reference,vehicle_type,towing_and_articulation,vehicle_manoeuvre,vehicle_direction_from,vehicle_direction_to,vehicle_location_restricted_lane,junction_location,skidding_and_overturning,hit_object_in_carriageway,vehicle_leaving_carriageway,hit_object_off_carriageway,first_point_of_impact,vehicle_left_hand_drive,journey_purpose_of_driver,sex_of_driver,age_of_driver,age_band_of_driver,engine_capacity_cc,propulsion_code,age_of_vehicle,generic_make_model,driver_imd_decile,driver_home_area_type,lsoa_of_driver,escooter_flag
Unvalidated,2024061466394,2024,061466394,2,9,-1,-1,-1,-1,-1,-1,-1,-1,-1,0,-1,1,6,2,-1,-1,-1,-1,-1,-1,9,1,E01005576,0
Unvalidated,2024061466394,2024,061466394,3,9,-1,-1,-1,-1,-1,-1,-1,-1,-1,0,-1,1,6,1,-1,-1,-1,-1,-1,-1,-1,-1,-1,0
Unvalidated,2024061466395,2024,061466395,1,9,0,18,7,3,0,2,0,0,0,0,1,1,6,3,-1,-1,-1,-1,-1,-1,-1,-1,-1,0
Unvalidated,2024061466395,2024,061466395,2,9,-1,4,7,3,0,2,0,0,0,0,2,1,6,2,19,4,-1,-1,-1,-1,6,1,E01005973,0
Unvalidated,2024061466412,2024,061466412,1,9,-1,-1,-1,-1,-1,0,-1,-1,-1,0,-1,1,6,3,-1,-1,-1,-1,-1,-1,-1,-1,-1,0
Unvalidated,2024061466440,2024,061466440,1,9,-1,-1,-1,-1,-1,-1,-1,-1,-1,0,-1,1,6,3,-1,-1,-1,-1,-1,-1,-1,-1,-1,0
Unvalidated,2024061466440,2024,061466440,2,9,-1,-1,-1,-1,-1,-1,-1,-1,-1,0,-1,1,6,2,-1,-1,-1,-1,-1,-1,-1,-1,-1,0
Unvalidated,2024061466714,2024,061466714,1,9,0,18,5,2,0,1,0,0,0,0,-1,1,6,1,-1,-1,-1,-1,-1,-1,-1,-1,-1,0
Unvalidated,2024061466714,2024,061466714,2,8,0,10,5,2,0,1,0,0,0,0,2,1,1,1,44,7,-1,-1,-1,-1,-1,-1,-1,0
Unvalidated,2024061467733,2024,061467733,1,9,0,2,8,4,0,1,0,0,0,0,3,1,6,2,-1,-1,-1,-1,-1,-1,-1,-1,-1,0
Unvalidated,2024061467733,2024,061467733,2,1,0,15,8,2,0,1,0,0,0,0,1,1,1,1,-1,-1,-1,-1,-1,-1,1,1,E01005081,0
Unvalidated,2024061467854,2024,061467854,1,9,0,18,6,1,0,1,0,0,0,0,1,1,6,1,-1,-1,-1,-1,-1,-1,-1,-1,-1,0
Unvalidated,2024061467854,2024,061467854,2,1,0,18,3,7,0,1,0,0,0,0,4,1,6,2,36,7,-1,-1,-1,-1,1,1,E01005197,0
Unvalidated,2024061468198,2024,061468198,1,9,0,18,8,4,0,1,0,0,0,0,1,1,6,1,56,9,-1,-1,-1,-1,1,1,E01006240,0
Unvalidated,2024061468242,2024,061468242,1,9,0,9,8,4,0,0,0,0,0,0,3,1,6,1,60,9,-1,-1,-1,-1,2,1,E01005200,0
Unvalidated,2024061468242,2024,061468242,2,9,0,18,4,2,0,0,0,0,0,0,1,1,6,1,78,11,-1,-1,-1,-1,3,1,E01005872,0
Unvalidated,2024061468587,2024,061468587,1,9,0,18,2,8,0,1,0,0,0,0,1,1,6,1,76,11,-1,-1,-1,-1,6,1,E01005779,0
Unvalidated,2024061468621,2024,061468621,1,9,0,18,1,3,0,1,0,0,0,0,1,1,6,2,42,7,-1,-1,-1,-1,3,1,E01006293,0
Unvalidated,2024061468656,2024,061468656,1,9,-1,-1,-1,-1,-1,0,-1,-1,-1,0,-1,1,6,3,-1,-1,-1,-1,-1,-1,-1,-1,-1,0
Unvalidated,2024061468656,2024,061468656,2,1,-1,-1,-1,-1,-1,0,-1,-1,-1,0,-1,1,6,3,39,7,-1,-1,-1,-1,8,1,E01005173,0
Unvalidated,2024061468675,2024,061468675,1,9,0,15,1,3,0,1,0,0,0,0,-1,1,6,3,-1,-1,-1,-1,-1,-1,-1,-1,-1,0
Unvalidated,2024061469111,2024,061469111,1,9,-1,-1,-1,-1,-1,0,-1,-1,-1,0,-1,1,6,3,-1,-1,-1,-1,-1,-1,-1,-1,-1,0
Unvalidated,2024061469111,2024,061469111,2,9,-1,-1,-1,-1,-1,0,-1,-1,-1,0,-1,1,6,2,-1,-1,-1,-1,-1,-1,3,1,E01004947,0
Unvalidated,2024061469560,2024,061469560,1,9,0,18,4,8,0,0,0,0,0,0,1,1,6,1,-1,-1,-1,-1,-1,-1,-1,-1,-1,0
Unvalidated,2024061469560,2024,061469560,2,9,0,18,1,1,0,0,0,0,0,0,0,1,1,2,33,6,-1,-1,-1,-1,-1,-1,-1,0
Unvalidated,2024061469560,2024,061469560,3,9,0,3,4,8,0,0,0,0,0,0,3,1,2,1,51,8,-1,-1,-1,-1,-1,-1,-1,0
Unvalidated,2024061469560,2024,061469560,4,9,0,18,1,1,0,0,0,0,0,0,1,1,6,2,46,8,-1,-1,-1,-1,9,1,E01005903,0
Unvalidated,2024061471205,2024,061471205,1,9,0,15,4,8,0,1,0,0,0,0,1,1,6,2,38,7,-1,-1,-1,-1,3,1,E01005829,0
Unvalidated,2024061471222,2024,061471222,1,19,0,18,7,3,0,1,0,0,0,0,-1,1,6,3,-1,-1,-1,-1,-1,-1,-1,-1,-1,0
Unvalidated,2024061471222,2024,061471222,2,9,-1,4,7,3,0,1,0,0,0,0,1,1,6,2,69,10,-1,-1,-1,-1,6,1,E01006396,0
Unvalidated,2024061473021,2024,061473021,1,9,0,6,3,3,0,0,0,0,0,0,3,1,5,2,33,6,-1,-1,-1,-1,2,1,E01005105,0
Unvalidated,2024061473021,2024,061473021,2,3,0,18,3,7,0,0,0,0,0,0,4,1,1,1,36,7,-1,-1,-1,-1,1,1,E01032912,0
Unvalidated,2024061473062,2024,061473062,1,98,0,5,4,7,0,0,0,0,0,0,2,1,1,1,60,9,-1,-1,-1,-1,7,1,E01006176,0
Unvalidated,2024061473062,2024,061473062,2,9,0,18,3,6,0,0,0,0,0,0,1,1,5,2,29,6,-1,-1,-1,-1,3,1,E01006041,0
Unvalidated,2024061473062,2024,061473062,3,9,0,18,3,6,0,0,0,0,0,0,2,1,5,2,24,5,-1,-1,-1,-1,9,1,E01007663,0
Unvalidated,2024061473062,2024,061473062,4,9,0,18,3,6,0,0,1,0,0,0,1,1,5,1,37,7,-1,-1,-1,-1,1,1,E01006025,0
Unvalidated,2024061474676,2024,061474676,1,9,0,-1,-1,-1,-1,-1,-1,-1,-1,0,-1,1,6,1,-1,-1,-1,-1,-1,-1,-1,-1,-1,0
Unvalidated,2024061474676,2024,061474676,2,1,0,18,-1,-1,0,2,0,0,0,0,3,1,6,2,38,7,-1,-1,-1,-1,4,1,E01005084,0
Unvalidated,2024061474685,2024,061474685,1,9,0,7,3,5,0,8,0,0,0,0,1,1,6,1,-1,-1,-1,-1,-1,-1,2,1,E01005028,0
Unvalidated,2024061474712,2024,061474712,1,9,0,18,6,2,0,1,0,0,0,0,1,1,6,1,27,6,-1,-1,-1,-1,6,1,E01006271,0
Unvalidated,2024061474712,2024,061474712,2,9,0,6,6,6,0,1,0,0,0,0,3,1,6,1,39,7,-1,-1,-1,-1,9,3,E01004937,0
Unvalidated,2024061475958,2024,061475958,1,9,0,7,5,3,0,8,0,0,0,0,1,1,6,1,18,4,-1,-1,-1,-1,1,1,E01005581,0
Unvalidated,2024061477009,2024,061477009,1,9,0,9,6,8,0,1,1,0,1,1,1,1,5,2,22,5,-1,-1,-1,-1,6,1,E01002919,0
Unvalidated,2024061490857,2024,061490857,1,9,0,18,3,7,0,0,0,0,0,0,1,1,2,1,21,5,-1,-1,-1,-1,8,1,E01004892,0
Unvalidated,2024061490857,2024,061490857,2,9,0,18,7,3,0,0,0,0,0,0,1,1,2,1,74,10,-1,-1,-1,-1,10,1,E01004901,0
Unvalidated,2024061492432,2024,061492432,1,9,0,6,2,6,0,8,0,0,0,0,1,1,5,1,60,9,-1,-1,-1,-1,1,1,E01005755,0
Unvalidated,2024061492432,2024,061492432,2,4,0,18,2,6,0,8,0,0,0,0,1,1,6,1,26,6,-1,-1,-1,-1,-1,-1,-1,0
Unvalidated,2024061496746,2024,061496746,1,9,0,9,7,5,0,0,0,0,0,0,1,1,6,3,20,4,-1,-1,-1,-1,-1,-1,-1,0
Unvalidated,2024061505751,2024,061505751,1,9,0,18,7,3,0,1,0,10,0,0,1,1,5,1,30,6,-1,-1,-1,-1,-1,-1,-1,0
Unvalidated,2024061505751,2024,061505751,2,9,0,7,1,8,0,1,1,0,0,0,1,1,6,3,30,6,-1,-1,-1,-1,-1,-1,-1,0
Unvalidated,2024070012121,2024,070012121,1,9,0,17,2,6,0,0,0,0,0,0,1,1,2,1,24,5,-1,-1,-1,-1,6,1,E01018380,0
Unvalidated,2024070012121,2024,070012121,2,8,0,2,0,0,0,0,0,0,0,0,3,1,6,3,-1,-1,-1,-1,-1,-1,-1,-1,-1,0
Unvalidated,2024070012437,2024,070012437,1,9,0,18,5,1,0,0,1,0,7,4,3,1,6,2,35,6,-1,-1,-1,-1,4,2,E01028866,0
Unvalidated,2024070013810,2024,070013810,1,3,0,18,4,8,0,0,0,4,0,0,1,1,6,1,17,4,-1,-1,-1,-1,1,1,E01012453,0
Unvalidated,2024070013810,2024,070013810,2,9,0,2,4,4,0,0,0,0,0,0,0,1,6,2,67,10,-1,-1,-1,-1,1,1,E01012526,0
Unvalidated,2024070014104,2024,070014104,1,9,0,18,3,7,0,0,0,0,0,0,1,1,6,3,100,11,-1,-1,-1,-1,-1,-1,-1,0
Unvalidated,2024070016871,2024,070016871,1,20,0,9,5,3,0,1,0,0,0,0,3,1,1,1,35,6,-1,-1,-1,-1,1,1,E01018486,0
Unvalidated,2024070016871,2024,070016871,2,9,0,18,3,7,0,1,0,0,0,0,1,1,6,2,92,11,-1,-1,-1,-1,10,1,E01018456,0
Unvalidated,2024070018016,2024,070018016,1,9,0,9,5,3,0,6,0,0,0,0,3,1,6,1,65,9,-1,-1,-1,-1,10,1,E01018419,0
Unvalidated,2024070018016,2024,070018016,2,1,0,18,3,7,0,1,0,0,0,0,1,1,1,1,38,7,-1,-1,-1,-1,-1,-1,-1,0
Unvalidated,2024070018380,2024,070018380,1,1,0,5,3,1,0,8,0,0,0,0,2,1,1,1,45,7,-1,-1,-1,-1,1,1,E01018445,0
Unvalidated,2024070018380,2024,070018380,2,9,0,5,7,1,0,8,0,0,0,0,1,1,6,3,-1,-1,-1,-1,-1,-1,-1,-1,-1,0
Unvalidated,2024070020324,2024,070020324,1,9,0,5,7,3,0,4,0,0,0,0,1,1,2,2,38,7,-1,-1,-1,-1,-1,-1,-1,0
Unvalidated,2024070020324,2024,070020324,2,1,0,18,6,2,0,8,0,0,0,0,4,1,6,1,54,8,-1,-1,-1,-1,6,1,E01012509,0
Unvalidated,2024070020891,2024,070020891,1,19,0,18,6,8,0,1,0,0,7,0,1,1,1,1,37,7,-1,-1,-1,-1,1,1,E01012382,0
Unvalidated,2024070020891,2024,070020891,2,9,0,7,8,4,0,1,0,0,1,0,3,1,1,1,40,7,-1,-1,-1,-1,2,1,E01018522,0
Unvalidated,2024070021418,2024,070021418,1,9,0,16,2,5,0,0,1,0,0,0,1,1,6,2,71,10,-1,-1,-1,-1,5,3,E01018480,0
Unvalidated,2024070021418,2024,070021418,2,9,0,17,5,1,0,0,1,0,0,0,1,1,6,1,72,10,-1,-1,-1,-1,10,1,E01018671,0
Unvalidated,2024070022782,2024,070022782,1,9,0,18,3,7,0,4,0,0,0,0,1,1,2,1,22,5,-1,-1,-1,-1,6,1,E01018496,0
Unvalidated,2024070022782,2024,070022782,2,1,0,18,1,5,0,3,0,0,0,0,4,1,2,2,62,9,-1,-1,-1,-1,1,1,E01018486,0
Unvalidated,2024070022921,2024,070022921,1,9,0,15,7,3,0,0,0,0,0,0,4,1,6,2,77,11,-1,-1,-1,-1,4,1,E01018672,0
Unvalidated,2024070022921,2024,070022921,2,9,0,18,3,7,0,0,0,0,1,9,3,1,2,1,37,7,-1,-1,-1,-1,8,1,E01018703,0
Unvalidated,2024070023785,2024,070023785,1,21,0,18,1,5,0,0,1,0,0,0,4,2,1,1,19,4,-1,-1,-1,-1,-1,-1,-1,0
Unvalidated,2024070023785,2024,070023785,2,1,0,18,1,5,0,0,1,0,1,0,3,1,6,1,67,10,-1,-1,-1,-1,-1,-1,-1,0
Unvalidated,2024070024623,2024,070024623,1,19,0,18,3,7,0,0,0,0,0,0,1,1,1,1,-1,-1,-1,-1,-1,-1,8,3,E01013035,0
Unvalidated,2024070024623,2024,070024623,2,9,0,18,3,7,0,0,0,0,0,0,2,1,6,1,77,11,-1,-1,-1,-1,10,1,E01018533,0
Unvalidated,2024070025812,2024,070025812,1,9,0,18,4,8,0,7,1,0,0,0,1,1,6,2,25,5,-1,-1,-1,-1,6,1,E01006422,0
Unvalidated,2024070025812,2024,070025812,2,9,0,18,4,8,0,7,0,0,0,0,2,1,6,2,29,6,-1,-1,-1,-1,1,1,E01006753,0
Unvalidated,2024070025812,2024,070025812,3,9,0,18,4,8,0,7,0,0,0,0,2,1,6,2,24,5,-1,-1,-1,-1,7,1,E01006423,0
Unvalidated,2024070028378,2024,070028378,1,9,0,5,1,7,0,6,0,0,0,11,1,1,2,2,37,7,-1,-1,-1,-1,-1,-1,-1,0
Unvalidated,2024070028378,2024,070028378,2,9,0,18,3,7,0,1,0,0,0,0,1,1,6,2,60,9,-1,-1,-1,-1,-1,-1,-1,0
Unvalidated,2024070030036,2024,070030036,1,9,0,18,3,7,0,0,0,0,7,4,1,1,2,1,64,9,-1,-1,-1,-1,8,1,E01018432,0
Unvalidated,2024070031842,2024,070031842,1,9,0,16,5,8,0,4,1,9,0,0,1,1,6,1,20,4,-1,-1,-1,-1,9,1,E01018441,0
Unvalidated,2024070031842,2024,070031842,2,9,0,16,5,8,0,4,1,0,0,0,2,1,6,1,26,6,-1,-1,-1,-1,1,1,E01014287,0
Unvalidated,2024070032984,2024,070032984,1,9,0,4,8,4,0,1,0,0,0,0,1,1,6,2,25,5,-1,-1,-1,-1,-1,-1,-1,0
Unvalidated,2024070032984,2024,070032984,2,21,1,4,8,4,0,1,0,0,0,0,2,1,1,1,37,7,-1,-1,-1,-1,-1,-1,-1,0
Unvalidated,2024070033009,2024,070033009,1,9,0,18,2,6,0,0,1,0,0,4,1,1,6,1,29,6,-1,-1,-1,-1,6,3,E01012475,0
Unvalidated,2024070033124,2024,070033124,1,9,0,18,3,7,0,1,0,0,1,5,1,1,6,1,50,8,-1,-1,-1,-1,10,2,E01018325,0
Unvalidated,2024070033124,2024,070033124,2,9,0,18,3,7,0,1,0,0,1,11,1,1,6,1,59,9,-1,-1,-1,-1,2,1,E01006506,0
Unvalidated,2024070033124,2024,070033124,3,9,0,18,7,3,0,1,0,0,0,0,3,1,6,1,58,9,-1,-1,-1,-1,6,3,E01018373,0
Unvalidated,2024070033124,2024,070033124,4,9,0,18,7,3,0,1,0,0,0,0,1,1,6,2,38,7,-1,-1,-1,-1,8,1,E01018345,0
Unvalidated,2024070033124,2024,070033124,5,9,0,18,7,3,0,1,0,1,0,0,1,1,6,1,73,10,-1,-1,-1,-1,10,1,E01018562,0
Unvalidated,2024070033632,2024,070033632,1,9,0,4,4,7,0,2,0,0,0,0,1,1,6,1,25,5,-1,-1,-1,-1,2,1,E01018739,0
Unvalidated,2024070033632,2024,070033632,2,9,0,4,4,7,0,2,0,0,0,0,2,1,6,1,43,7,-1,-1,-1,-1,9,1,E01018473,0
Unvalidated,2024070034701,2024,070034701,1,9,0,18,3,7,0,2,1,0,3,1,4,1,2,1,35,6,-1,-1,-1,-1,3,1,W01001929,0
Unvalidated,2024070034701,2024,070034701,2,9,0,18,5,1,0,8,1,0,1,11,1,1,6,1,25,5,-1,-1,-1,-1,6,1,E01018399,0
Unvalidated,2024070034980,2024,070034980,1,1,0,18,8,5,0,4,2,0,0,0,1,1,6,2,39,7,-1,-1,-1,-1,5,1,E01032931,0
Unvalidated,2024070034980,2024,070034980,2,19,0,18,3,7,0,4,0,0,0,0,1,1,6,2,37,7,-1,-1,-1,-1,8,1,E01018345,0
Unvalidated,2024070036139,2024,070036139,1,9,0,17,1,5,0,0,1,10,1,4,1,1,6,1,38,7,-1,-1,-1,-1,2,1,E01005265,0
Unvalidated,2024070036139,2024,070036139,2,9,0,17,5,1,0,0,0,0,0,0,0,1,6,1,36,7,-1,-1,-1,-1,9,1,E01018737,0
Unvalidated,2024070037417,2024,070037417,1,9,0,5,3,7,0,1,0,0,0,0,4,1,6,1,77,11,-1,-1,-1,-1,10,3,E01018349,0
Unvalidated,2024070037417,2024,070037417,2,9,0,4,5,1,0,1,0,0,0,0,1,1,6,2,54,8,-1,-1,-1,-1,10,2,E01018350,0
Unvalidated,2024070037852,2024,070037852,1,9,0,18,8,3,0,4,0,0,0,0,1,1,6,1,-1,-1,-1,-1,-1,-1,5,1,E01018504,0
Unvalidated,2024070037852,2024,070037852,2,1,0,18,7,3,0,3,5,0,0,0,2,1,6,1,59,9,-1,-1,-1,-1,10,1,E01018491,0
Unvalidated,2024070042004,2024,070042004,1,9,0,5,1,8,0,8,0,0,0,0,1,1,2,2,19,4,-1,-1,-1,-1,4,1,E01018712,0
Unvalidated,2024070042004,2024,070042004,2,4,0,5,8,4,0,8,0,0,0,0,1,1,2,1,20,4,-1,-1,-1,-1,6,2,E01018728,0
Unvalidated,2024070043623,2024,070043623,1,19,0,9,3,1,0,8,0,0,0,0,1,1,1,1,52,8,-1,-1,-1,-1,6,3,E01018479,0
Unvalidated,2024070043623,2024,070043623,2,9,0,18,1,5,0,1,0,0,0,0,1,1,6,2,25,5,-1,-1,-1,-1,10,2,E01018349,0
Unvalidated,2024070045283,2024,070045283,1,9,0,18,5,1,0,0,0,0,0,0,1,1,2,1,46,8,-1,-1,-1,-1,3,1,E01025366,0
Unvalidated,2024070045283,2024,070045283,2,9,0,4,5,1,0,0,0,0,0,0,2,1,6,1,-1,-1,-1,-1,-1,-1,-1,-1,-1,0
Unvalidated,2024070045283,2024,070045283,3,9,0,4,5,1,0,0,0,0,0,0,2,1,6,1,-1,-1,-1,-1,-1,-1,-1,-1,-1,0
Unvalidated,2024070045606,2024,070045606,1,9,0,18,8,4,0,0,0,0,0,0,4,1,6,3,-1,-1,-1,-1,-1,-1,-1,-1,-1,0
Unvalidated,2024070045666,2024,070045666,1,9,0,2,4,8,9,0,0,0,1,11,2,1,6,2,33,6,-1,-1,-1,-1,2,1,E01018710,0
Unvalidated,2024070047790,2024,070047790,1,9,0,5,7,3,0,6,0,0,0,0,1,2,6,2,56,9,-1,-1,-1,-1,-1,-1,-1,0
Unvalidated,2024070047790,2024,070047790,2,9,0,18,5,1,0,1,0,0,0,0,1,2,6,2,35,6,-1,-1,-1,-1,-1,-1,-1,0
Unvalidated,2024070047862,2024,070047862,1,9,0,5,7,3,9,0,0,0,0,0,4,1,3,2,30,6,-1,-1,-1,-1,6,3,E01018479,0
Unvalidated,2024070049933,2024,070049933,1,19,0,11,4,8,0,0,0,0,0,0,4,1,1,1,50,8,-1,-1,-1,-1,1,1,E01007055,0
Unvalidated,2024070049933,2024,070049933,2,9,0,18,4,8,0,0,0,0,0,0,3,1,2,1,57,9,-1,-1,-1,-1,9,1,E01006986,0
Unvalidated,2024070049933,2024,070049933,3,9,0,18,4,8,0,0,0,0,0,0,2,1,2,1,53,8,-1,-1,-1,-1,10,1,E01006943,0
Unvalidated,2024070049933,2024,070049933,4,5,0,18,4,8,0,0,0,0,0,0,1,1,6,1,70,10,-1,-1,-1,-1,4,1,E01006626,0
Unvalidated,2024070050720,2024,070050720,1,9,0,13,2,6,0,0,0,0,0,0,1,1,1,1,44,7,-1,-1,-1,-1,-1,-1,-1,0
Unvalidated,2024070050720,2024,070050720,2,9,0,4,2,6,0,0,0,0,0,0,2,1,6,1,60,9,-1,-1,-1,-1,-1,-1,-1,0
Unvalidated,2024070051485,2024,070051485,1,9,0,7,5,1,9,0,1,0,7,0,3,1,6,1,57,9,-1,-1,-1,-1,10,1,E01014190,0
Unvalidated,2024070052020,2024,070052020,1,9,0,16,5,1,0,0,0,0,1,0,1,1,1,2,37,7,-1,-1,-1,-1,3,1,E01018611,0
Unvalidated,2024070052020,2024,070052020,2,19,0,17,1,5,0,0,0,0,0,0,4,1,2,1,52,8,-1,-1,-1,-1,10,1,E01006135,0
Unvalidated,2024070054758,2024,070054758,1,9,0,18,1,5,0,0,0,7,1,11,4,1,6,2,33,6,-1,-1,-1,-1,10,1,W01000368,0
Unvalidated,2024070054816,2024,070054816,1,9,0,18,3,7,0,4,0,0,1,1,4,1,6,1,63,9,-1,-1,-1,-1,9,1,E01012562,0
Unvalidated,2024070054816,2024,070054816,2,9,0,18,5,1,0,4,0,0,0,0,1,1,6,1,58,9,-1,-1,-1,-1,8,1,E01012495,0
Unvalidated,2024070057385,2024,070057385,1,9,0,4,3,7,0,0,0,0,0,0,0,1,6,2,72,10,-1,-1,-1,-1,7,1,E01006531,0
Unvalidated,2024070057385,2024,070057385,2,9,0,4,3,7,0,0,0,0,1,0,2,1,6,2,25,5,-1,-1,-1,-1,6,1,W01000422,0
Unvalidated,2024070057385,2024,070057385,3,9,0,18,3,7,0,0,0,0,0,0,1,1,6,2,38,7,-1,-1,-1,-1,2,1,E01006428,0
Unvalidated,2024070057629,2024,070057629,1,9,0,5,3,7,0,1,0,0,0,0,1,1,1,2,45,7,-1,-1,-1,-1,1,1,E01018445,0
Unvalidated,2024070057629,2024,070057629,2,19,0,9,7,5,0,5,0,0,0,0,4,1,1,1,30,6,-1,-1,-1,-1,9,1,E01018473,0
Unvalidated,2024070058539,2024,070058539,1,9,0,18,3,7,0,0,0,0,0,0,4,1,6,2,29,6,-1,-1,-1,-1,-1,-1,-1,0
Unvalidated,2024070058770,2024,070058770,1,19,0,9,6,3,0,8,0,0,0,0,1,1,1,1,25,5,-1,-1,-1,-1,7,1,E01007203,0
Unvalidated,2024070058770,2024,070058770,2,90,0,18,8,4,0,8,0,0,0,0,1,1,6,2,54,8,-1,-1,-1,-1,1,1,E01018524,1
Unvalidated,2024070059603,2024,070059603,1,9,0,18,6,2,0,8,0,0,0,0,3,1,6,2,30,6,-1,-1,-1,-1,-1,-1,-1,0
Unvalidated,2024070059603,2024,070059603,2,3,0,5,4,2,0,8,0,0,0,0,1,1,6,1,38,7,-1,-1,-1,-1,2,1,E01005230,0
Unvalidated,2024070060319,2024,070060319,1,9,0,9,7,3,0,0,2,0,0,0,3,1,6,1,17,4,-1,-1,-1,-1,6,1,E01006227,0
Unvalidated,2024070060828,2024,070060828,1,1,0,18,2,6,0,8,0,0,0,0,1,1,6,1,13,3,-1,-1,-1,-1,-1,-1,-1,0
Unvalidated,2024070060828,2024,070060828,2,9,0,18,4,8,0,8,0,0,0,0,1,1,6,1,33,6,-1,-1,-1,-1,8,1,E01012556,0
Unvalidated,2024070062311,2024,070062311,1,3,0,18,3,6,0,8,0,0,0,0,1,1,6,1,17,4,-1,-1,-1,-1,1,1,E01012441,0
Unvalidated,2024070062311,2024,070062311,2,9,0,18,7,3,0,1,0,0,0,0,1,1,6,1,20,4,-1,-1,-1,-1,1,1,E01012424,0
Unvalidated,2024070063283,2024,070063283,1,9,0,18,5,1,0,0,0,0,0,0,4,1,6,3,-1,-1,-1,-1,-1,-1,-1,-1,-1,0
Unvalidated,2024070063817,2024,070063817,1,9,0,16,6,1,0,0,0,0,7,11,1,1,6,1,74,10,-1,-1,-1,-1,9,1,E01018634,0
Unvalidated,2024070069346,2024,070069346,1,9,0,18,2,6,0,0,0,0,0,0,1,1,6,3,-1,-1,-1,-1,-1,-1,-1,-1,-1,0
Unvalidated,2024070069597,2024,070069597,1,9,0,2,2,2,0,1,0,0,0,0,2,1,6,1,34,6,-1,-1,-1,-1,3,1,E01012391,0
Unvalidated,2024070069597,2024,070069597,2,9,0,18,2,2,0,1,0,0,0,0,1,1,6,2,89,11,-1,-1,-1,-1,7,3,E01012401,0
Unvalidated,2024070072056,2024,070072056,1,9,0,18,2,6,0,8,0,0,0,0,1,1,6,1,22,5,-1,-1,-1,-1,4,1,E01018398,0
Unvalidated,2024070072056,2024,070072056,2,1,0,18,2,6,0,8,0,0,0,0,2,1,6,1,16,4,-1,-1,-1,-1,9,1,E01018644,0
Unvalidated,2024070072239,2024,070072239,1,97,0,18,1,5,0,0,0,0,0,0,0,1,6,2,18,4,-1,-1,-1,-1,10,1,E01018643,0
Unvalidated,2024070072544,2024,070072544,1,9,0,9,1,7,0,8,0,0,0,0,1,1,6,1,17,4,-1,-1,-1,-1,10,2,E01018350,0
Unvalidated,2024070072544,2024,070072544,2,9,0,5,5,1,0,8,0,0,0,0,1,1,6,2,62,9,-1,-1,-1,-1,3,1,E01018447,0
Unvalidated,2024070073650,2024,070073650,1,9,0,7,5,7,0,3,1,0,1,0,1,1,1,1,32,6,-1,-1,-1,-1,-1,-1,-1,0
Unvalidated,2024070073650,2024,070073650,2,9,0,5,7,3,0,1,0,0,0,0,1,1,6,1,30,6,-1,-1,-1,-1,-1,-1,-1,0
Unvalidated,2024070073777,2024,070073777,1,9,0,16,2,6,0,0,1,0,0,3,1,1,2,2,30,6,-1,-1,-1,-1,10,1,E01018419,0
Unvalidated,2024070073955,2024,070073955,1,9,0,13,8,4,0,1,1,0,1,4,1,1,1,1,57,9,-1,-1,-1,-1,7,1,E01007148,0
Unvalidated,2024070073955,2024,070073955,2,21,0,9,8,4,0,1,0,0,0,0,0,1,1,1,39,7,-1,-1,-1,-1,2,1,E01006783,0
Unvalidated,2024070075755,2024,070075755,1,9,0,9,1,7,0,4,0,0,0,0,1,1,6,2,64,9,-1,-1,-1,-1,6,1,E01018380,0
Unvalidated,2024070075755,2024,070075755,2,1,0,9,5,3,0,4,5,0,0,0,1,1,6,2,24,5,-1,-1,-1,-1,10,1,E01018346,0
Unvalidated,2024070078120,2024,070078120,1,9,0,9,7,5,0,8,0,0,0,0,1,1,1,1,59,9,-1,-1,-1,-1,3,1,E01018734,0
Unvalidated,2024070078120,2024,070078120,2,3,0,18,5,2,0,8,0,0,0,0,4,1,1,1,51,8,-1,-1,-1,-1,2,1,E01018467,0
Unvalidated,2024070080725,2024,070080725,1,9,0,18,3,7,0,1,0,0,0,0,0,1,6,1,-1,-1,-1,-1,-1,-1,-1,-1,-1,0
Unvalidated,2024070080725,2024,070080725,2,3,0,18,7,3,0,1,1,0,0,0,0,1,3,1,47,8,-1,-1,-1,-1,1,1,E01018524,0
Unvalidated,2024070081284,2024,070081284,1,9,0,9,5,1,0,1,0,0,0,0,1,1,2,1,32,6,-1,-1,-1,-1,6,1,E01029764,0
Unvalidated,2024070081284,2024,070081284,2,9,0,10,5,1,0,1,0,0,0,0,2,1,2,2,33,6,-1,-1,-1,-1,4,1,E01018454,0
Unvalidated,2024070081284,2024,070081284,3,9,0,10,5,1,0,1,0,0,0,0,2,1,2,2,28,6,-1,-1,-1,-1,6,1,E01018479,0
Unvalidated,2024070081529,2024,070081529,1,9,0,18,4,8,0,1,0,0,0,0,1,1,6,1,-1,-1,-1,-1,-1,-1,-1,-1,-1,0
Unvalidated,2024070081529,2024,070081529,2,9,0,3,4,8,0,1,0,0,0,0,2,1,6,2,31,6,-1,-1,-1,-1,4,1,E01018712,0
Unvalidated,2024070082093,2024,070082093,1,9,0,13,7,3,0,0,0,0,0,0,1,1,6,1,37,7,-1,-1,-1,-1,9,1,E01018737,0
Unvalidated,2024070082093,2024,070082093,2,21,0,18,3,7,0,0,0,0,0,0,1,1,1,1,21,5,-1,-1,-1,-1,10,1,E01018491,0
Unvalidated,2024070082093,2024,070082093,3,21,1,18,7,3,0,0,0,0,0,0,3,1,1,1,63,9,-1,-1,-1,-1,2,1,E01014285,0