status,collision_index,collision_year,collision_reference,vehicle_reference,vehicle_type,towing_and_articulation,vehicle_manoeuvre,vehicle_direction_from,vehicle_direction_to,vehicle_location_restricted_lane,junction_location,skidding_and_overturning,hit_object_in_carriageway,vehicle_leaving_carriageway,hit_object_off_carriageway,first_point_of_impact,vehicle_left_hand_drive,journey_purpose_of_driver,sex_of_driver,age_of_driver,age_band_of_driver,engine_capacity_cc,propulsion_code,age_of_vehicle,generic_make_model,driver_imd_decile,driver_home_area_type,lsoa_of_driver,escooter_flag
Unvalidated,2024070082093,2024,070082093,4,9,0,18,7,3,0,0,0,0,0,0,0,1,6,1,47,8,-1,-1,-1,-1,2,1,E01018739,0
Unvalidated,2024070082150,2024,070082150,1,9,0,17,5,7,0,0,1,0,8,6,1,1,2,1,24,5,-1,-1,-1,-1,-1,-1,-1,0
Unvalidated,2024070082150,2024,070082150,2,19,0,17,5,7,0,0,0,0,0,0,3,1,2,1,59,9,-1,-1,-1,-1,2,1,E01005671,0
Unvalidated,2024070085203,2024,070085203,1,19,0,18,4,8,0,1,0,0,0,0,1,1,6,1,-1,-1,-1,-1,-1,-1,-1,-1,-1,0
Unvalidated,2024070085203,2024,070085203,2,19,0,3,4,8,0,1,0,0,0,0,2,1,6,1,64,9,-1,-1,-1,-1,4,1,E01012504,0
Unvalidated,2024070089528,2024,070089528,1,9,0,7,5,7,0,5,0,0,0,0,1,1,6,1,-1,-1,-1,-1,-1,-1,-1,-1,-1,0
Unvalidated,2024070089528,2024,070089528,2,9,0,3,5,7,0,2,0,0,0,0,2,1,6,2,51,8,-1,-1,-1,-1,10,2,E01018724,0
Unvalidated,2024070089614,2024,070089614,1,19,0,18,5,1,0,0,5,0,0,0,3,1,2,1,36,7,-1,-1,-1,-1,3,1,E01006171,0
Unvalidated,2024070092001,2024,070092001,1,9,0,15,2,5,0,2,0,4,0,0,2,1,2,1,69,10,-1,-1,-1,-1,5,1,E01018620,0
Unvalidated,2024070092001,2024,070092001,2,9,0,2,0,0,9,1,0,0,0,0,0,1,6,2,-1,-1,-1,-1,-1,-1,10,3,E01018587,0
Unvalidated,2024070092161,2024,070092161,1,9,0,18,3,7,0,0,0,0,0,0,1,1,6,2,85,11,-1,-1,-1,-1,10,2,E01018370,0
Unvalidated,2024070092161,2024,070092161,2,9,0,18,3,7,0,0,0,0,0,0,2,1,6,2,40,7,-1,-1,-1,-1,3,1,E01029787,0
Unvalidated,2024070092161,2024,070092161,3,8,0,18,3,7,0,0,0,0,0,0,2,1,1,1,62,9,-1,-1,-1,-1,1,1,E01007133,0
Unvalidated,2024070093222,2024,070093222,1,9,0,9,3,7,0,1,0,0,0,0,0,2,2,1,61,9,-1,-1,-1,-1,10,1,E01018662,0
Unvalidated,2024070093222,2024,070093222,2,3,0,18,6,2,0,1,0,0,1,11,1,1,6,1,35,6,-1,-1,-1,-1,10,1,E01018662,0
Unvalidated,2024070094059,2024,070094059,1,90,0,18,6,2,0,2,1,12,1,0,1,1,6,1,33,6,-1,-1,-1,-1,1,1,E01012396,0
Unvalidated,2024070096118,2024,070096118,1,3,0,18,0,0,0,0,0,0,0,0,4,1,6,1,20,4,-1,-1,-1,-1,2,1,E01014298,0
Unvalidated,2024070096215,2024,070096215,1,9,0,18,1,5,0,0,0,0,0,0,1,1,6,2,74,10,-1,-1,-1,-1,8,1,E01012499,0
Unvalidated,2024070096608,2024,070096608,1,9,0,7,5,7,0,4,0,0,0,0,1,1,6,1,22,5,-1,-1,-1,-1,3,1,E01018731,0
Unvalidated,2024070096608,2024,070096608,2,9,0,9,1,7,0,3,0,0,0,0,4,1,6,1,45,7,-1,-1,-1,-1,2,1,E01018485,0
Unvalidated,2024070100596,2024,070100596,1,9,0,18,2,5,0,0,0,0,0,0,1,1,2,1,26,6,-1,-1,-1,-1,-1,-1,-1,0
Unvalidated,2024070100596,2024,070100596,2,9,0,18,2,5,0,0,0,0,0,0,2,1,2,2,52,8,-1,-1,-1,-1,-1,-1,-1,0
Unvalidated,2024070104507,2024,070104507,1,97,0,17,1,5,0,3,2,0,0,0,3,1,6,1,47,8,-1,-1,-1,-1,5,1,E01012398,0
Unvalidated,2024070106678,2024,070106678,1,9,0,18,5,6,0,0,0,0,0,0,0,1,6,1,-1,-1,-1,-1,-1,-1,10,3,E01018411,0
Unvalidated,2024070108490,2024,070108490,1,9,0,5,4,2,0,4,0,0,1,0,4,1,6,2,59,9,-1,-1,-1,-1,-1,-1,-1,0
Unvalidated,2024070108490,2024,070108490,2,9,0,5,7,3,0,4,0,0,0,0,3,1,1,1,34,6,-1,-1,-1,-1,-1,-1,-1,0
Unvalidated,2024070108726,2024,070108726,1,19,0,18,8,4,0,1,0,0,0,0,4,1,3,2,49,8,-1,-1,-1,-1,9,3,E01018676,0
Unvalidated,2024070108786,2024,070108786,1,9,0,18,8,4,0,0,0,0,0,11,4,1,6,2,75,10,-1,-1,-1,-1,8,1,E01018536,0
Unvalidated,2024070109779,2024,070109779,1,9,0,16,2,6,0,0,0,0,0,0,1,1,1,2,55,8,-1,-1,-1,-1,10,1,E01018641,0
Unvalidated,2024070109779,2024,070109779,2,9,0,17,6,2,0,0,0,0,0,0,1,1,6,2,33,6,-1,-1,-1,-1,5,1,E01004809,0
Unvalidated,2024070109934,2024,070109934,1,9,0,9,3,1,0,8,0,0,0,0,0,1,2,2,-1,-1,-1,-1,-1,-1,9,3,E01012448,0
Unvalidated,2024070109934,2024,070109934,2,3,0,18,7,3,0,8,2,0,0,0,3,1,2,1,22,5,-1,-1,-1,-1,3,1,E01012511,0
Unvalidated,2024070110508,2024,070110508,1,9,0,5,3,1,0,6,0,0,0,0,3,1,2,2,29,6,-1,-1,-1,-1,7,1,E01018332,0
Unvalidated,2024070110508,2024,070110508,2,11,0,18,1,5,0,1,0,0,0,0,1,1,1,1,70,10,-1,-1,-1,-1,4,1,E01018535,0
Unvalidated,2024070110901,2024,070110901,1,9,0,9,2,4,0,1,0,0,7,0,1,1,6,2,-1,-1,-1,-1,-1,-1,8,1,E01012551,0
Unvalidated,2024070110901,2024,070110901,2,9,0,9,8,4,0,1,0,0,0,0,4,1,6,1,45,7,-1,-1,-1,-1,4,1,E01012460,0
Unvalidated,2024070112589,2024,070112589,1,19,0,9,1,5,0,6,0,0,0,0,3,1,2,1,37,7,-1,-1,-1,-1,6,1,E01012540,0
Unvalidated,2024070112589,2024,070112589,2,1,0,18,7,3,0,1,0,0,0,0,2,1,2,1,58,9,-1,-1,-1,-1,3,1,E01012454,0
Unvalidated,2024070114382,2024,070114382,1,9,0,18,1,5,0,0,0,0,0,0,1,1,6,1,40,7,-1,-1,-1,-1,6,1,E01018627,0
Unvalidated,2024070114382,2024,070114382,2,9,0,18,5,1,0,0,0,0,0,0,1,1,2,2,58,9,-1,-1,-1,-1,6,1,E01005824,0
Unvalidated,2024070115409,2024,070115409,1,5,0,13,6,2,0,0,0,11,0,0,1,1,2,1,50,8,-1,-1,-1,-1,7,1,E01002687,0
Unvalidated,2024070118764,2024,070118764,1,9,0,7,5,8,0,6,0,0,0,0,1,1,6,1,-1,-1,-1,-1,-1,-1,-1,-1,-1,0
Unvalidated,2024070119588,2024,070119588,1,9,0,18,7,3,0,0,0,0,0,0,0,1,6,2,57,9,-1,-1,-1,-1,10,1,E01018605,0
Unvalidated,2024070119588,2024,070119588,2,9,0,18,3,7,0,0,0,0,0,0,1,1,6,1,50,8,-1,-1,-1,-1,5,3,E01018654,0
Unvalidated,2024070119588,2024,070119588,3,9,0,18,3,7,0,0,0,0,0,0,1,1,6,1,44,7,-1,-1,-1,-1,7,1,E01012527,0
Unvalidated,2024070120180,2024,070120180,1,9,0,18,1,5,0,0,0,0,0,0,1,1,6,1,17,4,-1,-1,-1,-1,4,1,E01005897,0
Unvalidated,2024070120180,2024,070120180,2,9,0,18,5,1,0,0,0,0,0,0,1,1,2,1,23,5,-1,-1,-1,-1,2,1,E01005337,0
Unvalidated,2024070120180,2024,070120180,3,9,0,18,5,1,0,0,0,0,0,0,1,1,2,1,51,8,-1,-1,-1,-1,-1,-1,-1,0
Unvalidated,2024070122408,2024,070122408,1,9,0,9,1,5,0,6,0,0,0,0,0,1,6,2,51,8,-1,-1,-1,-1,2,1,E01018522,0
Unvalidated,2024070122408,2024,070122408,2,9,0,18,7,3,0,1,0,0,1,11,1,1,6,1,51,8,-1,-1,-1,-1,2,1,E01007218,0
Unvalidated,2024070122653,2024,070122653,1,9,0,18,1,5,0,2,0,0,0,0,1,1,6,1,63,9,-1,-1,-1,-1,5,3,E01018444,0
Unvalidated,2024070122739,2024,070122739,1,5,0,9,2,8,0,6,1,0,0,0,0,1,6,1,70,10,-1,-1,-1,-1,9,1,E01012490,0
Unvalidated,2024070123393,2024,070123393,1,9,0,18,6,2,0,3,0,10,0,1,1,1,6,1,76,11,-1,-1,-1,-1,1,1,E01007292,0
Unvalidated,2024070124795,2024,070124795,1,1,0,18,7,3,0,8,0,0,0,0,1,1,6,1,64,9,-1,-1,-1,-1,6,2,E01018728,0
Unvalidated,2024070124795,2024,070124795,2,9,0,18,5,1,0,1,0,0,0,0,4,1,6,1,33,6,-1,-1,-1,-1,3,1,E01018731,0
Unvalidated,2024070124857,2024,070124857,1,5,0,4,4,8,0,1,2,0,4,6,1,1,6,1,31,6,-1,-1,-1,-1,7,1,E01018699,0
Unvalidated,2024070125710,2024,070125710,1,9,0,18,1,5,0,0,0,0,0,0,1,1,6,1,18,4,-1,-1,-1,-1,-1,-1,-1,0
Unvalidated,2024070125710,2024,070125710,2,9,0,18,1,5,0,0,0,0,0,0,1,1,6,1,26,6,-1,-1,-1,-1,-1,-1,-1,0
Unvalidated,2024070125710,2024,070125710,3,9,0,18,1,5,0,0,0,0,0,0,2,1,6,2,42,7,-1,-1,-1,-1,-1,-1,-1,0
Unvalidated,2024070125710,2024,070125710,4,9,0,18,1,5,0,0,0,0,0,0,2,1,6,1,42,7,-1,-1,-1,-1,-1,-1,-1,0
Unvalidated,2024070125794,2024,070125794,1,9,0,5,2,6,0,0,0,0,0,0,1,1,6,1,30,6,-1,-1,-1,-1,10,1,E01018475,0
Unvalidated,2024070125794,2024,070125794,2,19,0,2,0,0,0,0,0,0,0,0,2,1,6,1,-1,-1,-1,-1,-1,-1,-1,-1,-1,0
Unvalidated,2024070126227,2024,070126227,1,9,0,17,6,2,0,0,0,0,1,11,1,1,6,1,21,5,-1,-1,-1,-1,2,1,E01005178,0
Unvalidated,2024070126341,2024,070126341,1,9,0,9,5,3,0,5,0,0,0,0,1,1,6,2,23,5,-1,-1,-1,-1,9,1,E01018494,0
Unvalidated,2024070126341,2024,070126341,2,9,0,18,1,5,0,1,0,0,0,0,1,1,6,2,31,6,-1,-1,-1,-1,-1,-1,-1,0
Unvalidated,2024070126341,2024,070126341,3,9,0,18,5,1,0,1,0,0,8,4,1,1,6,1,62,9,-1,-1,-1,-1,-1,-1,-1,0
Unvalidated,2024070126931,2024,070126931,1,9,0,12,7,7,0,0,0,0,0,0,0,1,6,3,-1,-1,-1,-1,-1,-1,4,1,E01005910,0
Unvalidated,2024070126931,2024,070126931,2,9,0,18,7,1,0,0,0,0,0,0,2,1,6,1,40,7,-1,-1,-1,-1,-1,-1,-1,0
Unvalidated,2024070126931,2024,070126931,3,9,0,18,7,1,0,0,0,0,0,0,2,1,6,1,27,6,-1,-1,-1,-1,-1,-1,-1,0
Unvalidated,2024070126948,2024,070126948,1,19,0,9,8,6,0,5,0,0,0,0,1,1,6,1,-1,-1,-1,-1,-1,-1,-1,-1,-1,0
Unvalidated,2024070128824,2024,070128824,1,9,0,18,7,3,0,0,0,0,0,0,1,1,2,1,60,9,-1,-1,-1,-1,8,1,E01004935,0
Unvalidated,2024070128824,2024,070128824,2,5,0,18,7,3,0,0,1,0,0,0,2,1,2,1,30,6,-1,-1,-1,-1,4,1,E01012478,0
Unvalidated,2024070128824,2024,070128824,3,9,0,18,7,3,0,0,0,0,0,0,2,1,2,1,32,6,-1,-1,-1,-1,1,1,E01009274,0
Unvalidated,2024070128824,2024,070128824,4,9,0,18,7,3,0,0,0,0,0,0,1,1,2,1,35,6,-1,-1,-1,-1,1,1,E01025084,0
Unvalidated,2024070130518,2024,070130518,1,9,0,18,7,3,0,2,0,0,0,0,4,1,6,2,-1,-1,-1,-1,-1,-1,-1,-1,-1,0
Unvalidated,2024070131065,2024,070131065,1,9,0,9,3,2,0,6,0,0,0,0,3,1,6,1,-1,-1,-1,-1,-1,-1,3,2,E01018729,0
Unvalidated,2024070131065,2024,070131065,2,5,0,18,2,5,0,1,0,0,0,0,1,1,6,1,70,10,-1,-1,-1,-1,4,1,E01018672,0
Unvalidated,2024070131331,2024,070131331,1,9,0,5,2,5,0,8,0,0,0,0,1,1,6,1,75,10,-1,-1,-1,-1,9,1,E01018697,0
Unvalidated,2024070131331,2024,070131331,2,1,0,17,7,5,0,8,0,0,0,0,4,1,6,1,83,11,-1,-1,-1,-1,10,2,E01018687,0
Unvalidated,2024070131797,2024,070131797,1,9,0,18,1,5,0,0,0,0,0,0,1,1,6,1,26,6,-1,-1,-1,-1,1,1,E01005234,0
Unvalidated,2024070131797,2024,070131797,2,1,0,18,7,3,0,0,0,0,0,0,4,1,6,1,6,2,-1,-1,-1,-1,10,1,E01018632,0
Unvalidated,2024070131911,2024,070131911,1,9,0,1,1,5,0,0,0,0,0,0,2,1,6,2,21,5,-1,-1,-1,-1,-1,-1,-1,0
Unvalidated,2024070131911,2024,070131911,2,9,0,18,1,5,0,0,0,0,0,0,1,1,6,2,57,9,-1,-1,-1,-1,8,3,W01000207,0
Unvalidated,2024070131911,2024,070131911,3,9,0,18,5,1,0,0,0,0,0,0,1,1,6,1,50,8,-1,-1,-1,-1,6,1,E01018570,0
Unvalidated,2024070132133,2024,070132133,1,9,0,18,3,7,0,2,0,0,0,0,1,1,6,1,17,4,-1,-1,-1,-1,6,1,E01018399,0
Unvalidated,2024070133077,2024,070133077,1,9,0,18,3,7,0,0,0,10,7,9,1,1,2,1,27,6,-1,-1,-1,-1,9,1,E01018537,0
Unvalidated,2024070134548,2024,070134548,1,9,0,18,5,1,0,0,0,0,0,0,0,1,2,2,17,4,-1,-1,-1,-1,-1,-1,-1,0
Unvalidated,2024070134625,2024,070134625,1,5,0,18,5,1,0,1,0,0,0,0,1,1,2,1,28,6,-1,-1,-1,-1,1,1,E01012526,0
Unvalidated,2024070134625,2024,070134625,2,8,0,9,1,7,0,5,0,0,0,0,4,1,1,1,44,7,-1,-1,-1,-1,6,1,E01012509,0
Unvalidated,2024070134787,2024,070134787,1,9,0,4,1,5,0,3,0,0,0,0,1,1,2,1,-1,-1,-1,-1,-1,-1,-1,-1,-1,0
Unvalidated,2024070134787,2024,070134787,2,4,0,5,2,5,0,3,0,0,0,0,4,1,2,1,35,6,-1,-1,-1,-1,-1,-1,-1,0
Unvalidated,2024070134854,2024,070134854,1,9,0,18,5,7,0,4,0,0,0,0,3,1,6,2,54,8,-1,-1,-1,-1,7,1,E01012410,0
Unvalidated,2024070134854,2024,070134854,2,9,0,18,3,7,0,4,0,0,0,0,1,1,6,2,18,4,-1,-1,-1,-1,9,1,E01012386,0
Unvalidated,2024070135002,2024,070135002,1,9,0,18,8,4,6,0,0,0,0,0,4,1,6,2,55,8,-1,-1,-1,-1,3,2,E01018729,0
Unvalidated,2024070135158,2024,070135158,1,9,0,18,4,8,0,4,0,9,0,0,3,1,1,1,49,8,-1,-1,-1,-1,3,1,E01018487,0
Unvalidated,2024070135158,2024,070135158,2,1,0,18,3,7,0,4,0,9,0,0,1,1,2,1,50,8,-1,-1,-1,-1,4,1,E01033373,0
Unvalidated,2024070135694,2024,070135694,1,9,0,7,7,3,0,1,1,7,7,1,1,1,6,1,24,5,-1,-1,-1,-1,2,1,E01018477,0
Unvalidated,2024070136493,2024,070136493,1,21,0,18,7,3,0,1,1,0,1,0,1,1,6,1,-1,-1,-1,-1,-1,-1,-1,-1,-1,0
Unvalidated,2024070136493,2024,070136493,2,9,0,10,7,3,0,1,0,0,0,0,2,1,6,2,49,8,-1,-1,-1,-1,1,1,E01018748,0
Unvalidated,2024070136776,2024,070136776,1,9,0,18,3,7,0,8,0,0,0,0,3,1,6,1,60,9,-1,-1,-1,-1,-1,-1,-1,0
Unvalidated,2024070137217,2024,070137217,1,9,0,9,3,5,0,8,0,0,0,0,1,1,6,2,72,10,-1,-1,-1,-1,-1,-1,-1,0
Unvalidated,2024070137217,2024,070137217,2,9,0,18,1,5,0,8,0,0,0,0,1,1,6,2,44,7,-1,-1,-1,-1,-1,-1,-1,0
Unvalidated,2024070137849,2024,070137849,1,9,0,18,3,7,0,0,0,0,0,0,1,1,1,1,24,5,-1,-1,-1,-1,2,1,W01000378,0
Unvalidated,2024070137849,2024,070137849,2,9,0,18,3,7,0,0,0,0,0,0,2,1,6,1,59,9,-1,-1,-1,-1,6,3,E01024921,0
Unvalidated,2024070138143,2024,070138143,1,9,0,18,1,5,0,1,0,0,0,0,1,1,6,1,-1,-1,-1,-1,-1,-1,6,2,E01018689,0
Unvalidated,2024070138143,2024,070138143,2,9,0,3,1,5,0,1,0,0,0,0,2,1,6,1,34,6,-1,-1,-1,-1,9,1,E01018374,0
Unvalidated,2024070138361,2024,070138361,1,9,0,18,7,3,0,0,5,0,7,9,1,1,6,1,18,4,-1,-1,-1,-1,5,1,E01018717,0
Unvalidated,2024070138377,2024,070138377,1,9,0,18,7,3,0,0,0,0,0,0,1,1,6,1,-1,-1,-1,-1,-1,-1,-1,-1,-1,0
Unvalidated,2024070138377,2024,070138377,2,9,0,18,7,3,0,0,0,0,0,0,2,1,6,2,32,6,-1,-1,-1,-1,9,1,E01012568,0
Unvalidated,2024070138430,2024,070138430,1,9,0,18,2,6,0,0,0,0,0,0,1,1,6,1,43,7,-1,-1,-1,-1,6,1,E01018617,0
Unvalidated,2024070138430,2024,070138430,2,9,0,18,2,6,0,0,0,0,0,0,2,1,6,1,43,7,-1,-1,-1,-1,9,1,E01018644,0
Unvalidated,2024070138430,2024,070138430,3,9,0,18,6,2,0,0,0,0,0,0,1,1,6,1,47,8,-1,-1,-1,-1,8,1,E01029819,0
Unvalidated,2024070138430,2024,070138430,4,9,0,18,0,0,9,0,0,0,0,0,3,1,6,3,-1,-1,-1,-1,-1,-1,4,1,E01018624,0
Unvalidated,2024070138981,2024,070138981,1,9,0,16,4,8,0,0,0,0,0,0,1,1,6,1,35,6,-1,-1,-1,-1,9,1,E01018386,0
Unvalidated,2024070138981,2024,070138981,2,9,0,17,8,4,0,0,0,0,0,0,1,1,6,1,21,5,-1,-1,-1,-1,3,1,E01018447,0
Unvalidated,2024070139701,2024,070139701,1,19,0,18,7,3,0,8,1,0,3,0,1,1,1,1,46,8,-1,-1,-1,-1,3,1,E01004966,0
Unvalidated,2024070139701,2024,070139701,2,9,0,18,1,5,0,8,0,0,0,3,3,1,6,2,48,8,-1,-1,-1,-1,3,2,E01018729,0
Unvalidated,2024070139839,2024,070139839,1,9,0,6,8,4,0,1,0,0,0,0,3,1,6,1,21,5,-1,-1,-1,-1,10,1,E01007190,0
Unvalidated,2024070139839,2024,070139839,2,5,0,18,8,4,0,1,5,0,4,0,4,1,6,1,62,9,-1,-1,-1,-1,6,1,E01007286,0
Unvalidated,2024070139950,2024,070139950,1,9,0,18,5,1,0,0,5,10,0,10,1,1,6,1,70,10,-1,-1,-1,-1,10,1,E01018693,0
Unvalidated,2024070139950,2024,070139950,2,9,0,2,0,0,0,0,0,0,0,0,1,1,6,3,-1,-1,-1,-1,-1,-1,10,1,E01018702,0
Unvalidated,2024070139950,2024,070139950,3,9,0,2,0,0,0,0,0,0,0,0,1,1,4,1,-1,-1,-1,-1,-1,-1,6,2,E01018682,0
Unvalidated,2024070140117,2024,070140117,1,9,0,18,8,4,0,0,1,0,1,0,1,1,2,1,35,6,-1,-1,-1,-1,10,1,E01018475,0
Unvalidated,2024070140117,2024,070140117,2,21,1,2,0,0,6,0,0,0,0,0,2,1,2,1,44,7,-1,-1,-1,-1,2,1,E01010128,0
Unvalidated,2024070140696,2024,070140696,1,9,0,4,1,5,0,1,0,0,0,0,4,1,3,1,32,6,-1,-1,-1,-1,5,1,E01018483,0
Unvalidated,2024070140696,2024,070140696,2,1,0,4,1,5,0,1,0,0,0,0,3,1,6,1,53,8,-1,-1,-1,-1,3,1,E01018487,0
Unvalidated,2024070142145,2024,070142145,1,2,0,7,5,6,0,3,0,0,0,0,2,1,2,1,58,9,-1,-1,-1,-1,4,1,E01012478,0
Unvalidated,2024070142145,2024,070142145,2,9,0,18,6,7,0,4,0,0,0,0,1,1,2,1,27,6,-1,-1,-1,-1,1,1,E01012382,0
Unvalidated,2024070142616,2024,070142616,1,9,0,13,5,1,0,0,0,0,5,7,4,1,6,1,-1,-1,-1,-1,-1,-1,-1,-1,-1,0
Unvalidated,2024070142616,2024,070142616,2,9,0,18,5,1,0,0,0,0,0,0,3,1,6,1,60,9,-1,-1,-1,-1,1,1,E01007274,0
Unvalidated,2024070142616,2024,070142616,3,9,0,18,5,1,0,0,0,0,0,0,3,1,6,1,71,10,-1,-1,-1,-1,4,1,E01007140,0
Unvalidated,2024070143437,2024,070143437,1,9,0,3,3,7,0,3,0,0,0,0,1,1,6,2,82,11,-1,-1,-1,-1,10,1,E01018643,0
Unvalidated,2024070143437,2024,070143437,2,9,0,3,3,7,0,3,0,0,0,0,2,1,6,2,26,6,-1,-1,-1,-1,7,3,E01018580,0
Unvalidated,2024070145254,2024,070145254,1,9,0,11,1,5,0,3,0,0,0,0,4,1,6,1,-1,-1,-1,-1,-1,-1,-1,-1,-1,0
Unvalidated,2024070145254,2024,070145254,2,9,0,11,7,2,0,3,0,0,0,0,2,1,6,1,31,6,-1,-1,-1,-1,-1,-1,-1,0
Unvalidated,2024070146826,2024,070146826,1,20,0,18,7,3,0,0,0,0,0,0,3,1,1,1,60,9,-1,-1,-1,-1,6,1,E01014180,0
Unvalidated,2024070146826,2024,070146826,2,20,1,18,3,7,0,0,0,0,0,0,3,1,1,3,99,11,-1,-1,-1,-1,-1,-1,-1,0
Unvalidated,2024070147565,2024,070147565,1,9,0,4,2,6,0,1,0,0,0,0,1,1,6,2,77,11,-1,-1,-1,-1,6,1,E01018472,0
Unvalidated,2024070147565,2024,070147565,2,9,0,3,2,6,0,1,0,0,0,0,2,1,6,2,57,9,-1,-1,-1,-1,9,1,E01018473,0
Unvalidated,2024070148765,2024,070148765,1,9,0,13,7,3,0,0,0,0,0,0,1,1,2,1,23,5,-1,-1,-1,-1,2,1,E01012431,0
Unvalidated,2024070148765,2024,070148765,2,9,0,6,7,3,0,0,0,0,0,0,3,1,2,1,33,6,-1,-1,-1,-1,4,1,E01012428,0
Unvalidated,2024070148880,2024,070148880,1,9,0,18,1,5,0,0,0,0,0,0,1,1,6,3,-1,-1,-1,-1,-1,-1,-1,-1,-1,0
Unvalidated,2024070149838,2024,070149838,1,9,0,10,8,4,0,5,0,0,0,0,1,1,1,2,28,6,-1,-1,-1,-1,1,1,E01005753,0
Unvalidated,2024070150838,2024,070150838,1,9,0,9,7,5,0,6,0,0,0,0,3,1,6,3,-1,-1,-1,-1,-1,-1,-1,-1,-1,0
Unvalidated,2024070150838,2024,070150838,2,9,0,18,1,5,0,1,0,0,0,0,4,1,6,1,28,6,-1,-1,-1,-1,8,1,E01018424,0
Unvalidated,2024070151336,2024,070151336,1,9,0,15,8,4,0,2,0,0,0,0,1,1,3,2,71,10,-1,-1,-1,-1,1,1,E01012526,0
Unvalidated,2024070151336,2024,070151336,2,9,0,18,4,8,0,1,0,0,0,0,1,1,6,1,44,7,-1,-1,-1,-1,5,1,E01012552,0
Unvalidated,2024070154197,2024,070154197,1,9,0,15,2,6,0,0,0,0,0,0,0,1,6,3,-1,-1,-1,-1,-1,-1,-1,-1,-1,0
Unvalidated,2024070154197,2024,070154197,2,9,0,18,2,6,0,0,0,0,0,0,1,1,2,1,27,6,-1,-1,-1,-1,1,1,W01000336,0
Unvalidated,2024070154197,2024,070154197,3,9,0,18,2,6,0,0,5,0,1,7,2,1,2,1,49,8,-1,-1,-1,-1,1,1,E01005766,0
Unvalidated,2024070154266,2024,070154266,1,9,0,15,1,5,0,0,0,0,0,0,1,1,3,2,42,7,-1,-1,-1,-1,1,1,E01018738,0
Unvalidated,2024070154612,2024,070154612,1,9,0,18,8,4,0,0,0,0,0,0,1,1,6,2,26,6,-1,-1,-1,-1,7,1,E01018742,0
Unvalidated,2024070154676,2024,070154676,1,1,0,12,1,5,0,0,0,0,0,0,1,1,6,1,22,5,-1,-1,-1,-1,4,1,E01018489,0
Unvalidated,2024070154676,2024,070154676,2,11,0,13,1,5,0,0,0,0,0,0,1,1,1,1,64,9,-1,-1,-1,-1,2,1,E01029543,0
Unvalidated,2024070154889,2024,070154889,1,9,0,18,4,8,0,0,0,0,0,0,1,1,6,2,83,11,-1,-1,-1,-1,8,1,E01012462,0
Unvalidated,2024070155287,2024,070155287,1,20,0,18,5,1,0,0,0,0,0,0,1,2,6,1,34,6,-1,-1,-1,-1,-1,-1,-1,0
Unvalidated,2024070155287,2024,070155287,2,9,0,18,5,1,0,0,0,0,0,0,2,1,1,2,31,6,-1,-1,-1,-1,-1,-1,-1,0
Unvalidated,2024070155287,2024,070155287,3,21,1,18,5,1,0,0,0,0,0,0,2,1,1,1,57,9,-1,-1,-1,-1,7,1,E01006814,0
Unvalidated,2024070156017,2024,070156017,1,9,0,18,1,5,0,4,1,0,0,0,1,1,6,2,34,6,-1,-1,-1,-1,1,1,E01018740,0
Unvalidated,2024070156017,2024,070156017,2,9,0,9,7,3,0,8,0,0,0,0,4,1,2,2,31,6,-1,-1,-1,-1,7,1,E01018499,0
Unvalidated,2024070157448,2024,070157448,1,9,0,7,2,4,0,6,0,0,0,0,1,1,6,2,32,6,-1,-1,-1,-1,5,1,E01018426,0
Unvalidated,2024070159002,2024,070159002,1,9,0,18,6,2,0,0,0,7,0,1,1,1,6,2,38,7,-1,-1,-1,-1,4,1,E01018489,0
Unvalidated,2024070159772,2024,070159772,1,9,0,5,7,3,0,8,0,0,3,0,1,1,6,1,-1,-1,-1,-1,-1,-1,-1,-1,-1,0
Unvalidated,2024070159772,2024,070159772,2,9,0,5,5,1,0,8,0,0,3,0,4,1,6,1,-1,-1,-1,-1,-1,-1,-1,-1,-1,0
Unvalidated,2024070162140,2024,070162140,1,9,0,18,7,3,0,1,0,0,0,0,1,1,6,1,29,6,-1,-1,-1,-1,8,3,E01018515,0
Unvalidated,2024070162140,2024,070162140,2,9,0,3,7,3,0,1,0,0,0,0,2,1,6,1,18,4,-1,-1,-1,-1,3,1,E01018447,0
Unvalidated,2024070162140,2024,070162140,3,9,0,3,7,3,0,1,0,0,0,0,2,1,6,2,25,5,-1,-1,-1,-1,10,1,E01033375,0
Unvalidated,2024070162853,2024,070162853,1,9,0,13,5,1,0,1,0,0,0,0,4,1,6,1,47,8,-1,-1,-1,-1,6,3,E01018450,0
Unvalidated,2024070162853,2024,070162853,2,1,0,9,5,3,0,8,0,0,0,0,3,1,6,2,23,5,-1,-1,-1,-1,5,3,E01018444,0
Unvalidated,2024070163102,2024,070163102,1,9,0,9,4,2,0,8,0,0,0,0,1,1,6,1,35,6,-1,-1,-1,-1,2,1,E01012525,0
Unvalidated,2024070163102,2024,070163102,2,5,0,18,8,4,0,8,0,0,0,0,3,1,6,1,20,4,-1,-1,-1,-1,1,1,E01033300,0
Unvalidated,2024070163117,2024,070163117,1,11,0,18,8,4,0,0,0,0,0,0,1,1,1,1,-1,-1,-1,-1,-1,-1,-1,-1,-1,0
Unvalidated,2024070163144,2024,070163144,1,9,0,18,4,8,0,1,0,0,0,0,1,1,6,3,-1,-1,-1,-1,-1,-1,-1,-1,-1,0