status,collision_index,collision_year,collision_reference,vehicle_reference,vehicle_type,towing_and_articulation,vehicle_manoeuvre,vehicle_direction_from,vehicle_direction_to,vehicle_location_restricted_lane,junction_location,skidding_and_overturning,hit_object_in_carriageway,vehicle_leaving_carriageway,hit_object_off_carriageway,first_point_of_impact,vehicle_left_hand_drive,journey_purpose_of_driver,sex_of_driver,age_of_driver,age_band_of_driver,engine_capacity_cc,propulsion_code,age_of_vehicle,generic_make_model,driver_imd_decile,driver_home_area_type,lsoa_of_driver,escooter_flag
Unvalidated,2024070163144,2024,070163144,2,1,0,18,6,2,0,1,0,0,0,0,2,1,6,2,-1,-1,-1,-1,-1,-1,-1,-1,-1,0
Unvalidated,2024070163144,2024,070163144,3,11,0,18,4,8,0,1,0,0,0,0,0,1,1,1,-1,-1,-1,-1,-1,-1,-1,-1,-1,0
Unvalidated,2024070164354,2024,070164354,1,9,0,18,7,3,0,0,0,0,0,0,3,1,2,1,40,7,-1,-1,-1,-1,2,1,E01012482,0
Unvalidated,2024070164442,2024,070164442,1,9,0,5,3,7,0,1,0,0,0,0,1,1,6,2,-1,-1,-1,-1,-1,-1,-1,-1,-1,0
Unvalidated,2024070164442,2024,070164442,2,1,0,18,1,5,0,1,0,0,0,0,2,1,6,2,45,7,-1,-1,-1,-1,-1,-1,-1,0
Unvalidated,2024070164698,2024,070164698,1,9,4,18,4,8,0,1,0,0,0,0,1,1,1,2,22,5,-1,-1,-1,-1,8,3,E01018586,0
Unvalidated,2024070164698,2024,070164698,2,9,0,10,4,8,0,1,0,0,0,0,2,1,6,1,38,7,-1,-1,-1,-1,10,3,E01018680,0
Unvalidated,2024070165919,2024,070165919,1,9,0,9,8,4,0,1,0,0,1,9,1,1,6,3,-1,-1,-1,-1,-1,-1,-1,-1,-1,0
Unvalidated,2024070165919,2024,070165919,2,9,0,18,5,1,0,1,0,0,0,0,1,1,1,2,29,6,-1,-1,-1,-1,7,1,E01018336,0
Unvalidated,2024070166490,2024,070166490,1,9,0,4,8,5,0,1,0,0,0,0,1,1,3,2,38,7,-1,-1,-1,-1,9,1,E01012568,0
Unvalidated,2024070166490,2024,070166490,2,9,0,8,8,5,0,1,0,0,0,0,2,1,3,1,60,9,-1,-1,-1,-1,9,1,E01012568,0
Unvalidated,2024070167115,2024,070167115,1,9,0,18,1,5,0,0,0,4,0,0,1,1,6,1,69,10,-1,-1,-1,-1,9,1,E01012376,0
Unvalidated,2024070167115,2024,070167115,2,21,4,2,0,0,0,0,0,0,0,0,1,1,2,3,-1,-1,-1,-1,-1,-1,-1,-1,-1,0
Unvalidated,2024070167171,2024,070167171,1,9,0,18,3,7,0,1,0,0,0,0,1,1,6,1,77,11,-1,-1,-1,-1,10,2,E01018468,0
Unvalidated,2024070167171,2024,070167171,2,9,0,18,7,3,0,3,0,0,0,0,1,1,6,2,-1,-1,-1,-1,-1,-1,-1,-1,-1,0
Unvalidated,2024070167171,2024,070167171,3,9,0,18,7,3,0,3,0,0,0,0,1,1,6,2,-1,-1,-1,-1,-1,-1,-1,-1,-1,0
Unvalidated,2024070167171,2024,070167171,4,11,0,18,7,3,0,3,0,0,0,0,1,1,1,1,38,7,-1,-1,-1,-1,1,1,E01014231,0
Unvalidated,2024070168289,2024,070168289,1,3,0,17,8,4,0,0,1,0,0,0,0,1,6,1,19,4,-1,-1,-1,-1,2,1,E01018485,0
Unvalidated,2024070169306,2024,070169306,1,9,0,18,1,5,0,0,0,0,0,0,1,1,1,1,27,6,-1,-1,-1,-1,8,1,E01018440,0
Unvalidated,2024070170369,2024,070170369,1,9,0,2,5,1,0,1,0,0,0,0,2,1,6,1,-1,-1,-1,-1,-1,-1,-1,-1,-1,0
Unvalidated,2024070170369,2024,070170369,2,9,0,2,5,1,0,1,0,0,0,0,0,1,6,2,31,6,-1,-1,-1,-1,7,1,E01018429,0
Unvalidated,2024070172516,2024,070172516,1,21,0,18,4,8,0,0,1,0,0,0,1,1,1,1,52,8,-1,-1,-1,-1,1,1,E01005198,0
Unvalidated,2024070172516,2024,070172516,2,21,4,4,4,8,0,0,3,0,0,0,2,1,1,1,51,8,-1,-1,-1,-1,-1,-1,-1,0
Unvalidated,2024070172516,2024,070172516,3,21,4,4,4,8,0,0,1,0,0,0,2,1,1,1,37,7,-1,-1,-1,-1,6,1,E01005305,0
Unvalidated,2024070172926,2024,070172926,1,9,0,17,7,4,0,1,1,0,1,9,4,1,2,1,53,8,-1,-1,-1,-1,3,1,W01000292,0
Unvalidated,2024070173847,2024,070173847,1,9,0,16,1,5,0,8,0,0,0,0,3,1,6,1,24,5,-1,-1,-1,-1,7,1,E01018565,0
Unvalidated,2024070173847,2024,070173847,2,9,0,17,5,1,0,8,0,0,0,0,1,1,6,2,24,5,-1,-1,-1,-1,4,2,E01011075,0
Unvalidated,2024070173902,2024,070173902,1,9,0,5,5,7,0,1,0,0,0,0,1,1,2,2,58,9,-1,-1,-1,-1,5,1,E01012542,0
Unvalidated,2024070173902,2024,070173902,2,1,0,18,5,1,0,1,0,0,0,0,1,1,6,1,13,3,-1,-1,-1,-1,-1,-1,-1,0
Unvalidated,2024070173927,2024,070173927,1,9,0,18,8,4,0,4,2,9,3,1,1,1,2,2,41,7,-1,-1,-1,-1,2,1,W01000379,0
Unvalidated,2024070174015,2024,070174015,1,9,0,15,1,5,0,1,0,0,0,0,1,2,6,1,66,10,-1,-1,-1,-1,6,1,E01018749,0
Unvalidated,2024070174015,2024,070174015,2,1,0,18,1,5,0,1,5,0,1,0,2,1,6,1,66,10,-1,-1,-1,-1,1,1,E01018738,0
Unvalidated,2024070174214,2024,070174214,1,8,0,4,5,1,0,0,0,0,0,0,0,1,6,1,-1,-1,-1,-1,-1,-1,7,1,W01000256,0
Unvalidated,2024070174983,2024,070174983,1,90,0,18,5,1,0,1,5,0,7,0,1,1,2,1,20,4,-1,-1,-1,-1,5,3,E01018444,0
Unvalidated,2024070174983,2024,070174983,2,9,0,5,7,5,0,6,0,0,0,0,3,1,3,2,-1,-1,-1,-1,-1,-1,9,1,E01018602,0
Unvalidated,2024070175542,2024,070175542,1,9,0,18,3,7,0,0,0,0,7,0,1,1,6,1,31,6,-1,-1,-1,-1,3,1,E01012391,0
Unvalidated,2024070175542,2024,070175542,2,9,0,18,7,3,0,0,0,0,0,0,3,1,6,1,37,7,-1,-1,-1,-1,1,1,E01012367,0
Unvalidated,2024070175542,2024,070175542,3,9,0,3,3,7,0,0,0,0,0,0,2,1,6,1,29,6,-1,-1,-1,-1,9,3,W01000203,0
Unvalidated,2024070175542,2024,070175542,4,20,0,3,3,7,0,0,0,0,0,0,2,1,1,1,61,9,-1,-1,-1,-1,3,1,E01004860,0
Unvalidated,2024070177599,2024,070177599,1,9,0,7,2,4,0,8,0,10,0,11,1,1,6,1,18,4,-1,-1,-1,-1,-1,-1,-1,0
Unvalidated,2024070177807,2024,070177807,1,9,0,18,1,5,0,2,0,0,0,0,1,1,6,1,43,7,-1,-1,-1,-1,9,1,E01018365,0
Unvalidated,2024070177807,2024,070177807,2,9,0,18,7,3,0,8,0,0,0,0,4,1,6,1,39,7,-1,-1,-1,-1,8,1,E01018344,0
Unvalidated,2024070178978,2024,070178978,1,9,0,9,5,3,0,1,0,0,0,0,4,1,6,1,27,6,-1,-1,-1,-1,4,1,E01012394,0
Unvalidated,2024070178978,2024,070178978,2,9,0,18,7,3,0,1,0,0,0,0,3,1,6,2,45,7,-1,-1,-1,-1,2,1,E01012370,0
Unvalidated,2024070179400,2024,070179400,1,19,0,9,1,7,0,1,0,0,0,0,4,1,2,1,31,6,-1,-1,-1,-1,7,1,E01012421,0
Unvalidated,2024070179400,2024,070179400,2,1,0,18,5,1,0,1,0,0,0,0,1,1,6,1,48,8,-1,-1,-1,-1,9,1,E01012375,0
Unvalidated,2024070179961,2024,070179961,1,9,0,18,8,4,0,0,0,0,0,0,1,1,6,3,-1,-1,-1,-1,-1,-1,-1,-1,-1,0
Unvalidated,2024070181309,2024,070181309,1,9,0,9,8,3,0,6,0,0,0,0,1,1,6,3,-1,-1,-1,-1,-1,-1,-1,-1,-1,0
Unvalidated,2024070181309,2024,070181309,2,90,0,18,7,3,0,8,0,0,0,0,4,1,6,2,57,9,-1,-1,-1,-1,10,1,E01018407,0
Unvalidated,2024070181950,2024,070181950,1,9,0,18,8,4,0,8,0,0,0,0,1,1,6,1,38,7,-1,-1,-1,-1,7,2,W01000269,0
Unvalidated,2024070181950,2024,070181950,2,9,0,18,2,6,0,8,0,0,0,0,3,1,6,1,45,7,-1,-1,-1,-1,3,1,E01018534,0
Unvalidated,2024070183137,2024,070183137,1,9,0,18,5,1,0,0,0,11,5,10,3,1,1,1,19,4,-1,-1,-1,-1,1,1,E01005826,0
Unvalidated,2024070183650,2024,070183650,1,9,0,14,1,6,0,1,0,0,0,0,1,1,6,1,25,5,-1,-1,-1,-1,4,1,E01018613,0
Unvalidated,2024070183650,2024,070183650,2,9,0,2,1,6,9,2,0,0,0,0,2,1,6,1,-1,-1,-1,-1,-1,-1,4,1,E01018613,0
Unvalidated,2024070183650,2024,070183650,3,9,0,2,1,6,9,2,0,0,0,0,1,1,6,2,-1,-1,-1,-1,-1,-1,4,1,E01018613,0
Unvalidated,2024070184355,2024,070184355,1,21,4,18,5,1,0,0,0,0,0,0,1,1,1,1,55,8,-1,-1,-1,-1,-1,-1,-1,0
Unvalidated,2024070184355,2024,070184355,2,9,0,12,5,1,0,0,0,0,0,0,2,1,6,1,42,7,-1,-1,-1,-1,6,1,E01004910,0
Unvalidated,2024070184688,2024,070184688,1,9,0,9,7,5,0,5,0,0,0,0,4,1,2,2,30,6,-1,-1,-1,-1,9,3,E01012386,0
Unvalidated,2024070184942,2024,070184942,1,9,0,4,3,7,0,0,0,0,0,0,1,2,6,3,-1,-1,-1,-1,-1,-1,-1,-1,-1,0
Unvalidated,2024070185434,2024,070185434,1,9,0,9,5,1,0,8,0,0,0,10,1,1,6,2,51,8,-1,-1,-1,-1,1,1,E01012403,0
Unvalidated,2024070185617,2024,070185617,1,3,0,18,1,5,0,1,0,0,0,0,3,1,6,1,33,6,-1,-1,-1,-1,2,1,E01012466,0
Unvalidated,2024070185617,2024,070185617,2,9,0,9,3,7,0,8,0,0,0,0,1,1,6,2,21,5,-1,-1,-1,-1,4,1,E01012478,0
Unvalidated,2024070185617,2024,070185617,3,9,0,2,1,1,0,8,0,0,0,0,1,1,6,2,32,6,-1,-1,-1,-1,4,1,E01012478,0
Unvalidated,2024070186543,2024,070186543,1,9,0,18,1,5,0,4,0,9,0,0,1,1,6,2,76,11,-1,-1,-1,-1,-1,-1,-1,0
Unvalidated,2024070186543,2024,070186543,2,3,0,9,7,5,0,3,0,0,0,0,2,1,2,1,17,4,-1,-1,-1,-1,7,1,E01012501,0
Unvalidated,2024070187523,2024,070187523,1,19,0,4,1,5,0,0,0,0,0,0,1,1,1,1,-1,-1,-1,-1,-1,-1,-1,-1,-1,0
Unvalidated,2024070187523,2024,070187523,2,19,0,4,1,5,0,0,0,0,0,0,0,1,1,1,33,6,-1,-1,-1,-1,-1,-1,-1,0
Unvalidated,2024070188398,2024,070188398,1,9,0,18,5,1,0,0,0,0,0,0,1,1,6,1,45,7,-1,-1,-1,-1,6,1,E01006724,0
Unvalidated,2024070188398,2024,070188398,2,9,0,12,5,1,0,0,0,0,0,0,1,1,6,1,39,7,-1,-1,-1,-1,7,1,E01029806,0
Unvalidated,2024070188398,2024,070188398,3,9,0,4,5,1,0,0,0,0,0,0,0,1,1,1,25,5,-1,-1,-1,-1,5,3,E01018654,0
Unvalidated,2024070190434,2024,070190434,1,9,0,5,5,3,9,0,0,0,0,0,1,1,6,1,56,9,-1,-1,-1,-1,6,1,E01018496,0
Unvalidated,2024070190445,2024,070190445,1,19,0,9,5,3,9,2,0,0,0,0,1,1,2,1,32,6,-1,-1,-1,-1,2,2,E01018484,0
Unvalidated,2024070190716,2024,070190716,1,9,0,16,3,7,9,0,1,10,7,11,1,2,6,1,24,5,-1,-1,-1,-1,-1,-1,-1,0
Unvalidated,2024070192132,2024,070192132,1,9,0,18,1,5,0,1,0,0,0,0,3,1,2,1,64,9,-1,-1,-1,-1,8,1,E01012909,0
Unvalidated,2024070192132,2024,070192132,2,9,0,18,1,5,0,1,0,0,0,0,4,1,2,1,70,10,-1,-1,-1,-1,7,1,E01018338,0
Unvalidated,2024070192319,2024,070192319,1,9,0,7,3,5,0,2,1,0,1,0,3,1,6,1,86,11,-1,-1,-1,-1,8,1,E01018341,0
Unvalidated,2024070192319,2024,070192319,2,20,1,18,1,5,0,2,0,0,0,0,1,1,1,1,60,9,-1,-1,-1,-1,-1,-1,-1,0
Unvalidated,2024070192840,2024,070192840,1,9,0,4,7,3,0,0,0,0,0,0,2,1,1,1,52,8,-1,-1,-1,-1,8,1,E01025446,0
Unvalidated,2024070192840,2024,070192840,2,9,0,4,7,3,0,0,0,0,0,0,2,1,6,1,76,11,-1,-1,-1,-1,6,3,E01018704,0
Unvalidated,2024070192840,2024,070192840,3,9,0,4,7,3,0,0,0,0,0,0,0,1,1,1,33,6,-1,-1,-1,-1,10,1,E01018392,0
Unvalidated,2024070193153,2024,070193153,1,9,0,9,1,6,0,1,0,0,0,0,3,1,2,1,21,5,-1,-1,-1,-1,3,1,E01012505,0
Unvalidated,2024070193153,2024,070193153,2,19,0,10,5,3,0,2,0,0,0,0,1,1,2,1,21,5,-1,-1,-1,-1,10,1,E01012559,0
Unvalidated,2024070195755,2024,070195755,1,9,0,9,3,7,0,8,0,0,0,0,1,1,6,1,68,10,-1,-1,-1,-1,8,3,E01018515,0
Unvalidated,2024070195755,2024,070195755,2,9,0,18,7,5,0,8,0,0,0,0,3,1,2,2,30,6,-1,-1,-1,-1,3,1,E01018451,0
Unvalidated,2024070196192,2024,070196192,1,9,0,18,7,3,0,1,0,0,0,0,1,1,6,2,31,6,-1,-1,-1,-1,6,3,E01012475,0
Unvalidated,2024070196192,2024,070196192,2,9,0,18,1,5,0,1,0,0,0,0,3,1,2,2,46,8,-1,-1,-1,-1,-1,-1,-1,0
Unvalidated,2024070197842,2024,070197842,1,9,0,4,8,4,0,1,0,0,0,0,1,1,6,2,84,11,-1,-1,-1,-1,10,1,E01007281,0
Unvalidated,2024070197842,2024,070197842,2,9,0,4,8,4,0,1,0,0,0,0,2,1,6,2,48,8,-1,-1,-1,-1,7,2,E01023527,0
Unvalidated,2024070199025,2024,070199025,1,9,0,10,1,4,0,5,0,0,0,0,3,1,6,1,-1,-1,-1,-1,-1,-1,-1,-1,-1,0
Unvalidated,2024070199414,2024,070199414,1,9,0,9,4,2,0,6,0,10,1,11,1,1,6,1,21,5,-1,-1,-1,-1,10,1,E01018406,0
Unvalidated,2024070199414,2024,070199414,2,19,0,16,2,6,0,1,0,10,0,4,1,1,6,1,33,6,-1,-1,-1,-1,6,3,E01018514,0
Unvalidated,2024070199625,2024,070199625,1,9,0,18,5,1,0,0,0,0,0,0,1,1,6,1,26,6,-1,-1,-1,-1,1,1,E01012545,0
Unvalidated,2024070200561,2024,070200561,1,9,0,9,5,3,0,6,0,0,0,0,1,1,6,2,28,6,-1,-1,-1,-1,2,1,E01012399,0
Unvalidated,2024070201176,2024,070201176,1,9,0,5,8,4,0,4,0,0,0,0,1,1,6,1,57,9,-1,-1,-1,-1,5,2,E01018579,0
Unvalidated,2024070201176,2024,070201176,2,1,0,18,6,2,0,1,0,0,0,0,0,1,6,1,53,8,-1,-1,-1,-1,8,1,E01018668,0
Unvalidated,2024070201395,2024,070201395,1,9,0,18,7,3,0,0,0,0,0,0,1,1,6,1,-1,-1,-1,-1,-1,-1,5,1,E01006833,0
Unvalidated,2024070201395,2024,070201395,2,9,0,3,7,3,0,0,0,0,0,0,2,1,6,2,40,7,-1,-1,-1,-1,1,1,E01012455,0
Unvalidated,2024070201412,2024,070201412,1,9,0,9,7,5,0,6,0,0,0,0,4,1,6,1,23,5,-1,-1,-1,-1,1,1,E01012424,0
Unvalidated,2024070201412,2024,070201412,2,9,0,18,1,5,0,1,0,0,0,0,1,1,6,1,25,5,-1,-1,-1,-1,1,1,E01018519,0
Unvalidated,2024070202856,2024,070202856,1,9,0,18,1,5,0,1,0,0,0,0,1,1,6,2,50,8,-1,-1,-1,-1,4,1,E01018712,0
Unvalidated,2024070202856,2024,070202856,2,9,0,9,7,3,0,1,0,0,0,0,4,1,6,1,46,8,-1,-1,-1,-1,10,1,E01018590,0
Unvalidated,2024070202856,2024,070202856,3,9,0,7,3,7,0,1,0,0,0,0,3,1,6,1,78,11,-1,-1,-1,-1,9,3,E01012518,0
Unvalidated,2024070205048,2024,070205048,1,9,0,16,7,2,0,0,0,0,0,0,1,1,1,2,63,9,-1,-1,-1,-1,5,3,E01018648,0
Unvalidated,2024070205048,2024,070205048,2,9,0,6,2,7,0,0,0,0,0,0,1,1,1,2,43,7,-1,-1,-1,-1,8,3,E01018649,0
Unvalidated,2024070205326,2024,070205326,1,9,0,5,3,7,0,2,0,0,0,0,0,1,6,3,-1,-1,-1,-1,-1,-1,-1,-1,-1,0
Unvalidated,2024070205326,2024,070205326,2,5,0,18,1,5,0,8,0,0,0,0,0,1,6,1,50,8,-1,-1,-1,-1,-1,-1,-1,0
Unvalidated,2024070205369,2024,070205369,1,9,0,3,4,8,0,1,0,2,0,0,1,1,1,1,39,7,-1,-1,-1,-1,-1,-1,-1,0
Unvalidated,2024070205369,2024,070205369,2,20,0,4,4,8,0,1,0,2,0,0,2,1,1,1,28,6,-1,-1,-1,-1,-1,-1,-1,0
Unvalidated,2024070205369,2024,070205369,3,20,0,4,4,8,0,1,0,2,0,0,2,1,1,1,-1,-1,-1,-1,-1,-1,-1,-1,-1,0
Unvalidated,2024070206335,2024,070206335,1,17,0,18,3,7,0,0,0,0,0,0,1,1,1,1,62,9,-1,-1,-1,-1,6,2,E01018355,0
Unvalidated,2024070206335,2024,070206335,2,9,4,18,7,3,0,0,0,0,1,4,1,1,2,1,45,7,-1,-1,-1,-1,-1,-1,-1,0
Unvalidated,2024070206577,2024,070206577,1,9,0,4,5,1,7,0,0,0,0,0,3,1,2,1,40,7,-1,-1,-1,-1,9,3,E01018676,0
Unvalidated,2024070206636,2024,070206636,1,9,0,17,3,7,0,0,0,2,0,0,1,1,6,2,-1,-1,-1,-1,-1,-1,7,1,E01012527,0
Unvalidated,2024070206636,2024,070206636,2,9,0,3,3,7,0,0,0,2,0,0,2,1,6,2,52,8,-1,-1,-1,-1,1,1,E01006871,0
Unvalidated,2024070207131,2024,070207131,1,9,0,5,1,5,0,4,0,0,0,0,3,1,6,1,54,8,-1,-1,-1,-1,5,1,E01005617,0
Unvalidated,2024070207131,2024,070207131,2,1,0,18,7,3,0,3,0,0,0,0,1,1,2,2,40,7,-1,-1,-1,-1,3,1,E01012539,0
Unvalidated,2024070207670,2024,070207670,1,9,0,18,1,5,0,0,0,0,0,0,1,1,2,1,52,8,-1,-1,-1,-1,7,1,E01018540,0
Unvalidated,2024070210666,2024,070210666,1,3,0,18,3,3,0,0,0,0,0,0,1,1,6,2,43,7,-1,-1,-1,-1,1,1,E01007295,0
Unvalidated,2024070210666,2024,070210666,2,9,0,18,3,3,0,0,0,0,0,0,2,1,1,1,29,6,-1,-1,-1,-1,2,1,E01018553,0
Unvalidated,2024070211278,2024,070211278,1,9,0,18,5,1,0,4,0,0,0,0,3,1,6,1,54,8,-1,-1,-1,-1,-1,-1,-1,0
Unvalidated,2024070211278,2024,070211278,2,1,0,18,2,7,0,8,0,0,0,0,4,1,6,1,70,10,-1,-1,-1,-1,10,1,E01018490,0
Unvalidated,2024070211643,2024,070211643,1,9,0,18,1,5,0,0,5,7,1,0,3,1,6,2,21,5,-1,-1,-1,-1,6,1,E01007158,0
Unvalidated,2024070212447,2024,070212447,1,9,0,9,5,3,0,8,0,0,0,0,1,1,3,2,30,6,-1,-1,-1,-1,2,1,E01018477,0
Unvalidated,2024070212447,2024,070212447,2,9,0,18,1,5,0,8,0,0,0,0,1,1,6,1,68,10,-1,-1,-1,-1,2,1,E01014359,0
Unvalidated,2024070212979,2024,070212979,1,9,0,15,3,7,0,4,0,0,0,0,3,1,1,1,-1,-1,-1,-1,-1,-1,10,1,E01018573,0
Unvalidated,2024070212979,2024,070212979,2,9,0,18,3,7,0,4,0,0,0,0,4,1,1,2,35,6,-1,-1,-1,-1,7,1,E01018409,0
Unvalidated,2024070213048,2024,070213048,1,19,0,18,8,4,0,0,0,0,0,0,1,1,6,3,-1,-1,-1,-1,-1,-1,-1,-1,-1,0
Unvalidated,2024070213048,2024,070213048,2,9,0,4,8,4,0,0,0,0,0,0,0,1,6,1,66,10,-1,-1,-1,-1,10,2,E01018468,0
Unvalidated,2024070213940,2024,070213940,1,21,1,10,7,3,0,8,0,4,0,0,1,2,1,1,38,7,-1,-1,-1,-1,-1,-1,-1,0
Unvalidated,2024070213940,2024,070213940,2,9,0,16,7,3,0,8,0,0,0,0,2,1,6,1,53,8,-1,-1,-1,-1,3,1,E01018715,0
Unvalidated,2024070214719,2024,070214719,1,9,0,4,6,2,9,0,0,0,1,2,1,1,6,1,81,11,-1,-1,-1,-1,-1,-1,-1,0
Unvalidated,2024070214879,2024,070214879,1,9,0,5,5,1,0,6,0,10,0,0,3,1,6,1,79,11,-1,-1,-1,-1,8,3,E01018458,0
Unvalidated,2024070214879,2024,070214879,2,9,0,16,3,7,0,1,0,0,0,0,1,1,6,1,51,8,-1,-1,-1,-1,6,1,E01018736,0
Unvalidated,2024070215448,2024,070215448,1,9,0,4,6,4,0,1,0,0,0,0,1,1,6,1,30,6,-1,-1,-1,-1,1,1,E01012436,0
Unvalidated,2024070215448,2024,070215448,2,9,0,3,6,4,0,1,0,0,0,0,2,1,2,2,47,8,-1,-1,-1,-1,9,2,E01018676,0
Unvalidated,2024070217247,2024,070217247,1,9,0,9,5,3,0,6,0,0,0,0,3,1,6,2,71,10,-1,-1,-1,-1,9,3,E01018339,0
Unvalidated,2024070217247,2024,070217247,2,3,0,18,3,7,0,1,0,0,0,0,1,1,6,1,38,7,-1,-1,-1,-1,8,1,E01018348,0
Unvalidated,2024070218124,2024,070218124,1,19,0,18,5,1,0,0,0,2,0,0,1,1,6,1,40,7,-1,-1,-1,-1,9,1,E01012393,0
Unvalidated,2024070218124,2024,070218124,2,9,0,3,5,1,0,0,0,2,0,0,2,1,6,2,36,7,-1,-1,-1,-1,9,1,E01012376,0
Unvalidated,2024070220493,2024,070220493,1,9,0,3,1,3,0,1,0,0,0,0,1,1,6,2,37,7,-1,-1,-1,-1,5,1,E01018626,0
Unvalidated,2024070220493,2024,070220493,2,9,0,9,3,2,0,8,0,0,0,1,4,1,6,1,24,5,-1,-1,-1,-1,10,1,E01029770,0
Unvalidated,2024070220541,2024,070220541,1,9,0,18,3,7,0,0,1,0,0,0,4,1,6,1,29,6,-1,-1,-1,-1,10,1,E01004842,0
Unvalidated,2024070220541,2024,070220541,2,19,0,18,3,7,0,0,0,0,0,0,1,1,6,2,38,7,-1,-1,-1,-1,1,1,W01000239,0
Unvalidated,2024070221245,2024,070221245,1,9,0,11,1,5,0,0,1,0,0,7,1,1,6,1,20,4,-1,-1,-1,-1,1,1,E01009489,0
Unvalidated,2024070221245,2024,070221245,2,9,0,18,1,5,0,0,0,0,0,7,1,1,6,1,46,8,-1,-1,-1,-1,8,1,E01028177,0
Unvalidated,2024070221245,2024,070221245,3,9,0,18,1,5,0,0,0,0,0,0,1,1,6,2,40,7,-1,-1,-1,-1,4,1,E01009175,0
Unvalidated,2024070221826,2024,070221826,1,9,0,16,8,4,0,1,1,0,7,11,1,1,6,1,23,5,-1,-1,-1,-1,5,3,E01018651,0
Unvalidated,2024070222251,2024,070222251,1,9,0,18,4,8,0,0,1,0,0,0,1,1,1,1,28,6,-1,-1,-1,-1,4,1,E01018489,0
Unvalidated,2024070222251,2024,070222251,2,9,0,18,8,4,0,0,0,0,0,0,1,1,6,1,26,6,-1,-1,-1,-1,9,1,E01018737,0
Unvalidated,2024070223670,2024,070223670,1,9,0,18,5,7,0,3,0,11,0,0,1,1,2,1,62,9,-1,-1,-1,-1,4,1,E01008678,0
Unvalidated,2024070224505,2024,070224505,1,9,0,18,1,5,0,0,0,0,0,0,1,1,6,1,21,5,-1,-1,-1,-1,4,1,E01007046,0
Unvalidated,2024070224505,2024,070224505,2,9,0,4,1,5,0,0,0,0,0,0,2,1,1,1,22,5,-1,-1,-1,-1,9,1,E01024994,0
Unvalidated,2024070224643,2024,070224643,1,19,0,9,7,3,0,5,0,0,0,0,3,1,1,1,34,6,-1,-1,-1,-1,5,1,E01018626,0
Unvalidated,2024070225169,2024,070225169,1,9,0,9,6,4,0,8,0,0,0,0,1,1,6,2,23,5,-1,-1,-1,-1,1,1,E01018738,0
Unvalidated,2024070225213,2024,070225213,1,19,0,18,3,7,0,1,0,10,3,0,1,1,1,1,33,6,-1,-1,-1,-1,8,1,E01014258,0
Unvalidated,2024070225361,2024,070225361,1,9,0,18,7,3,0,0,0,0,0,0,1,1,6,1,74,10,-1,-1,-1,-1,3,1,E01018446,0
Unvalidated,2024070225361,2024,070225361,2,20,0,2,0,0,0,0,0,0,0,0,2,1,1,1,49,8,-1,-1,-1,-1,3,1,E01018731,0
Unvalidated,2024070225489,2024,070225489,1,21,0,10,2,6,0,1,0,0,0,0,1,1,6,1,-1,-1,-1,-1,-1,-1,-1,-1,-1,0
Unvalidated,2024070225489,2024,070225489,2,9,0,10,2,6,0,1,0,0,0,0,2,1,6,1,40,7,-1,-1,-1,-1,1,1,E01006758,0
Unvalidated,2024070225773,2024,070225773,1,5,0,13,4,8,0,0,0,0,0,0,1,1,6,1,43,7,-1,-1,-1,-1,1,1,E01014212,0
Unvalidated,2024070225773,2024,070225773,2,19,0,18,8,4,0,0,0,0,1,0,1,1,1,1,39,7,-1,-1,-1,-1,5,1,E01014360,0
Unvalidated,2024070226333,2024,070226333,1,9,0,4,2,6,0,0,0,0,0,0,1,1,6,3,-1,-1,-1,-1,-1,-1,-1,-1,-1,0
Unvalidated,2024070226333,2024,070226333,2,9,0,3,2,6,0,0,0,0,0,0,2,1,1,2,57,9,-1,-1,-1,-1,9,1,E01018737,0
Unvalidated,2024070228858,2024,070228858,1,9,0,9,4,8,0,1,0,0,0,0,2,1,6,2,52,8,-1,-1,-1,-1,8,1,E01018328,0
Unvalidated,2024070228858,2024,070228858,2,9,0,18,4,8,0,1,0,0,0,0,1,1,6,1,49,8,-1,-1,-1,-1,2,1,E01018546,0
Unvalidated,2024070228858,2024,070228858,3,9,0,18,4,8,0,1,0,0,0,0,1,1,3,1,71,10,-1,-1,-1,-1,5,1,E01018532,0
Unvalidated,2024070229186,2024,070229186,1,9,0,1,3,7,0,0,0,0,0,0,2,1,6,1,-1,-1,-1,-1,-1,-1,-1,-1,-1,0
Unvalidated,2024070229186,2024,070229186,2,9,0,3,3,7,0,0,0,0,0,0,2,1,6,1,36,7,-1,-1,-1,-1,3,1,E01012454,0
Unvalidated,2024070229339,2024,070229339,1,9,0,9,2,4,0,5,0,0,0,0,1,1,2,2,37,7,-1,-1,-1,-1,-1,-1,-1,0
Unvalidated,2024070230812,2024,070230812,1,9,0,4,5,1,0,1,0,0,0,0,1,1,6,2,42,7,-1,-1,-1,-1,9,1,E01018691,0
Unvalidated,2024070230812,2024,070230812,2,9,0,18,3,7,0,8,1,0,7,0,4,1,6,1,56,9,-1,-1,-1,-1,6,2,E01018728,0
Unvalidated,2024070231118,2024,070231118,1,9,0,18,1,5,0,1,0,0,0,0,3,1,6,2,51,8,-1,-1,-1,-1,4,1,E01018489,0
Unvalidated,2024070231118,2024,070231118,2,9,0,17,7,3,0,8,0,0,0,0,4,1,6,1,41,7,-1,-1,-1,-1,-1,-1,-1,0