status,collision_index,collision_year,collision_reference,vehicle_reference,vehicle_type,towing_and_articulation,vehicle_manoeuvre,vehicle_direction_from,vehicle_direction_to,vehicle_location_restricted_lane,junction_location,skidding_and_overturning,hit_object_in_carriageway,vehicle_leaving_carriageway,hit_object_off_carriageway,first_point_of_impact,vehicle_left_hand_drive,journey_purpose_of_driver,sex_of_driver,age_of_driver,age_band_of_driver,engine_capacity_cc,propulsion_code,age_of_vehicle,generic_make_model,driver_imd_decile,driver_home_area_type,lsoa_of_driver,escooter_flag
Unvalidated,2024070231407,2024,070231407,1,9,0,4,4,8,0,1,0,0,0,0,1,1,6,2,45,7,-1,-1,-1,-1,10,3,E01018370,0
Unvalidated,2024070231407,2024,070231407,2,9,0,3,4,8,0,1,0,0,0,0,2,1,6,2,35,6,-1,-1,-1,-1,9,2,E01018368,0
Unvalidated,2024070231907,2024,070231907,1,8,0,18,3,7,0,1,0,0,0,0,0,1,1,1,-1,-1,-1,-1,-1,-1,-1,-1,-1,0
Unvalidated,2024070232048,2024,070232048,1,9,0,9,1,5,0,2,0,0,0,0,3,1,6,2,57,9,-1,-1,-1,-1,8,1,E01012450,0
Unvalidated,2024070232048,2024,070232048,2,4,0,18,7,3,0,1,1,0,0,0,1,1,6,1,19,4,-1,-1,-1,-1,1,1,E01012545,0
Unvalidated,2024070232231,2024,070232231,1,9,0,17,6,2,0,0,2,10,1,11,1,1,6,1,18,4,-1,-1,-1,-1,7,1,E01005780,0
Unvalidated,2024070232334,2024,070232334,1,9,0,4,2,6,0,1,0,0,0,0,1,1,6,1,-1,-1,-1,-1,-1,-1,-1,-1,-1,0
Unvalidated,2024070232334,2024,070232334,2,9,0,3,2,6,0,1,0,0,0,0,2,1,6,1,43,7,-1,-1,-1,-1,10,2,E01018468,0
Unvalidated,2024070232946,2024,070232946,1,8,0,18,7,5,0,1,0,0,0,0,1,1,6,1,-1,-1,-1,-1,-1,-1,-1,-1,-1,0
Unvalidated,2024070232946,2024,070232946,2,1,0,18,7,5,0,1,0,0,0,0,3,1,6,2,31,6,-1,-1,-1,-1,10,1,E01012558,0
Unvalidated,2024070235014,2024,070235014,1,9,0,6,5,1,0,0,0,0,1,4,1,2,6,2,77,11,-1,-1,-1,-1,10,1,E01012446,0
Unvalidated,2024070236115,2024,070236115,1,9,0,18,7,3,0,4,1,0,1,11,1,1,6,1,22,5,-1,-1,-1,-1,4,1,E01002448,0
Unvalidated,2024070236115,2024,070236115,2,9,0,18,7,3,0,4,0,0,0,0,0,1,1,1,53,8,-1,-1,-1,-1,4,1,E01018402,0
Unvalidated,2024070236115,2024,070236115,3,9,0,18,7,3,0,4,0,0,1,2,3,1,6,2,59,9,-1,-1,-1,-1,8,1,E01018623,0
Unvalidated,2024070236936,2024,070236936,1,20,0,9,3,1,0,1,0,0,0,0,3,1,1,1,53,8,-1,-1,-1,-1,5,1,E01018733,0
Unvalidated,2024070236936,2024,070236936,2,9,0,18,1,5,0,1,0,0,0,0,1,1,6,2,79,11,-1,-1,-1,-1,10,1,E01007189,0
Unvalidated,2024070237924,2024,070237924,1,9,0,4,6,1,0,1,0,0,0,0,1,1,6,3,-1,-1,-1,-1,-1,-1,-1,-1,-1,0
Unvalidated,2024070237924,2024,070237924,2,9,0,4,6,8,0,1,0,0,0,0,2,1,6,1,40,7,-1,-1,-1,-1,3,1,E01012369,0
Unvalidated,2024070238291,2024,070238291,1,9,0,13,3,7,0,0,1,10,7,2,1,1,6,1,72,10,-1,-1,-1,-1,8,3,E01007183,0
Unvalidated,2024070238291,2024,070238291,2,9,0,18,3,7,0,0,0,0,0,0,0,1,6,3,-1,-1,-1,-1,-1,-1,-1,-1,-1,0
Unvalidated,2024070238469,2024,070238469,1,9,0,7,4,1,0,6,0,0,0,0,3,1,6,3,-1,-1,-1,-1,-1,-1,-1,-1,-1,0
Unvalidated,2024070238469,2024,070238469,2,1,0,5,4,8,0,1,0,0,0,0,0,1,6,1,17,4,-1,-1,-1,-1,9,1,E01018691,0
Unvalidated,2024070238705,2024,070238705,1,9,0,11,5,1,0,0,0,0,0,0,3,1,6,1,-1,-1,-1,-1,-1,-1,1,1,E01012424,0
Unvalidated,2024070238705,2024,070238705,2,9,0,18,5,1,0,0,0,0,0,0,4,1,6,2,44,7,-1,-1,-1,-1,4,1,E01012432,0
Unvalidated,2024070241232,2024,070241232,1,9,0,9,5,3,0,4,0,0,0,0,3,1,2,2,55,8,-1,-1,-1,-1,9,1,E01018386,0
Unvalidated,2024070243710,2024,070243710,1,1,0,18,4,8,0,8,0,0,0,0,3,1,2,1,18,4,-1,-1,-1,-1,1,1,E01033300,0
Unvalidated,2024070243710,2024,070243710,2,9,0,17,2,5,0,8,0,0,0,0,1,1,1,1,35,6,-1,-1,-1,-1,4,1,E01012478,0
Unvalidated,2024070244285,2024,070244285,1,9,0,18,3,8,0,0,0,0,0,0,1,1,2,1,45,7,-1,-1,-1,-1,6,3,E01018514,0
Unvalidated,2024070244285,2024,070244285,2,9,0,18,8,3,0,0,0,0,0,0,1,1,2,1,53,8,-1,-1,-1,-1,8,3,E01018458,0
Unvalidated,2024070244285,2024,070244285,3,9,0,18,8,3,0,0,0,0,0,0,1,1,2,2,41,7,-1,-1,-1,-1,8,3,E01018458,0
Unvalidated,2024070244586,2024,070244586,1,19,0,5,1,5,0,0,0,0,0,0,4,1,1,1,-1,-1,-1,-1,-1,-1,7,3,E01018708,0
Unvalidated,2024070244586,2024,070244586,2,9,0,2,1,5,0,0,0,0,0,0,2,1,6,1,53,8,-1,-1,-1,-1,6,1,E01018610,0
Unvalidated,2024070245331,2024,070245331,1,9,0,7,2,4,0,0,5,0,0,9,0,1,4,1,18,4,-1,-1,-1,-1,9,1,E01018494,0
Unvalidated,2024070246036,2024,070246036,1,19,0,18,4,8,0,1,0,0,0,0,1,1,6,1,43,7,-1,-1,-1,-1,8,3,E01018465,0
Unvalidated,2024070246036,2024,070246036,2,1,0,18,4,8,0,1,0,0,0,0,2,1,2,1,38,7,-1,-1,-1,-1,2,1,E01018498,0
Unvalidated,2024070246074,2024,070246074,1,9,0,9,1,5,0,6,0,0,0,0,4,1,6,2,73,10,-1,-1,-1,-1,8,1,E01018536,0
Unvalidated,2024070246074,2024,070246074,2,4,0,18,3,1,0,1,0,0,0,0,1,1,6,1,64,9,-1,-1,-1,-1,9,1,E01018374,0
Unvalidated,2024070246284,2024,070246284,1,19,0,9,1,7,0,2,0,0,0,0,3,1,1,1,27,6,-1,-1,-1,-1,-1,-1,-1,0
Unvalidated,2024070246284,2024,070246284,2,9,0,18,6,2,0,1,0,0,0,0,1,1,6,1,31,6,-1,-1,-1,-1,9,2,E01018688,0
Unvalidated,2024070248403,2024,070248403,1,9,0,18,5,1,0,0,0,0,0,0,1,1,6,1,47,8,-1,-1,-1,-1,8,1,E01012435,0
Unvalidated,2024070248403,2024,070248403,2,9,0,18,1,5,0,0,0,0,0,0,1,1,6,1,79,11,-1,-1,-1,-1,-1,-1,-1,0
Unvalidated,2024070248705,2024,070248705,1,21,0,16,6,2,0,0,0,0,0,0,3,1,1,1,28,6,-1,-1,-1,-1,4,3,E01018638,0
Unvalidated,2024070248705,2024,070248705,2,9,0,17,2,6,0,0,0,0,0,0,1,1,2,2,37,7,-1,-1,-1,-1,-1,-1,-1,0
Unvalidated,2024070248899,2024,070248899,1,9,0,17,8,3,0,0,2,0,0,4,3,1,2,1,18,4,-1,-1,-1,-1,7,1,E01018699,0
Unvalidated,2024070248941,2024,070248941,1,9,0,5,4,5,0,4,0,0,0,0,1,1,6,1,-1,-1,-1,-1,-1,-1,7,1,E01018361,0
Unvalidated,2024070248941,2024,070248941,2,1,0,18,1,5,0,8,2,0,0,0,4,1,6,1,16,4,-1,-1,-1,-1,9,1,E01018376,0
Unvalidated,2024070250424,2024,070250424,1,9,0,5,3,1,0,1,0,0,0,0,1,1,6,2,-1,-1,-1,-1,-1,-1,-1,-1,-1,0
Unvalidated,2024070252221,2024,070252221,1,19,0,17,3,7,0,0,5,0,1,9,1,1,1,1,37,7,-1,-1,-1,-1,5,3,E01029817,0
Unvalidated,2024070254589,2024,070254589,1,9,0,5,6,1,0,1,0,0,0,0,1,1,6,1,43,7,-1,-1,-1,-1,1,1,E01012453,0
Unvalidated,2024070254700,2024,070254700,1,9,0,18,5,1,0,2,0,0,0,0,1,1,6,1,82,11,-1,-1,-1,-1,3,1,E01018461,0
Unvalidated,2024070254700,2024,070254700,2,9,0,3,5,1,0,2,0,0,0,0,2,1,6,2,23,5,-1,-1,-1,-1,2,1,E01018463,0
Unvalidated,2024070255155,2024,070255155,1,9,0,18,1,5,0,0,0,0,0,0,3,1,6,1,68,10,-1,-1,-1,-1,3,1,E01012454,0
Unvalidated,2024070255155,2024,070255155,2,9,0,10,1,5,0,0,0,0,0,0,4,1,6,1,52,8,-1,-1,-1,-1,1,1,E01012455,0
Unvalidated,2024070256432,2024,070256432,1,9,0,2,0,0,6,1,0,0,0,0,1,1,6,1,64,9,-1,-1,-1,-1,5,1,E01006538,0
Unvalidated,2024070256432,2024,070256432,2,1,0,18,3,7,6,1,0,0,0,0,2,1,6,1,71,10,-1,-1,-1,-1,2,1,E01032511,0
Unvalidated,2024070257406,2024,070257406,1,9,0,13,5,1,0,1,0,0,0,0,4,1,6,1,-1,-1,-1,-1,-1,-1,-1,-1,-1,0
Unvalidated,2024070257406,2024,070257406,2,1,0,18,5,7,0,1,0,0,0,0,3,1,2,2,50,8,-1,-1,-1,-1,9,1,E01018513,0
Unvalidated,2024070257637,2024,070257637,1,9,0,1,1,5,0,8,0,0,0,0,2,1,6,1,55,8,-1,-1,-1,-1,10,1,E01018392,0
Unvalidated,2024070257646,2024,070257646,1,21,1,11,8,4,0,2,0,0,0,0,4,1,1,1,44,7,-1,-1,-1,-1,5,1,E01005961,0
Unvalidated,2024070257646,2024,070257646,2,9,0,18,8,4,0,2,1,0,6,7,3,1,6,1,52,8,-1,-1,-1,-1,7,1,E01025417,0
Unvalidated,2024070258279,2024,070258279,1,9,0,18,6,2,0,0,0,0,0,0,1,1,6,2,25,5,-1,-1,-1,-1,8,2,E01018681,0
Unvalidated,2024070258279,2024,070258279,2,8,0,2,0,0,0,0,0,0,0,0,0,1,6,3,-1,-1,-1,-1,-1,-1,-1,-1,-1,0
Unvalidated,2024070259154,2024,070259154,1,19,0,18,5,1,0,0,0,0,4,6,3,1,6,1,20,4,-1,-1,-1,-1,4,1,E01029820,0
Unvalidated,2024070259500,2024,070259500,1,9,0,12,8,4,0,7,0,0,0,0,0,1,6,3,-1,-1,-1,-1,-1,-1,-1,-1,-1,0
Unvalidated,2024070259500,2024,070259500,2,9,0,18,8,4,0,1,0,0,5,6,1,1,6,2,18,4,-1,-1,-1,-1,5,1,E01025543,0
Unvalidated,2024070259569,2024,070259569,1,9,0,9,5,7,0,8,0,0,0,0,3,1,6,1,76,11,-1,-1,-1,-1,4,3,E01028914,0
Unvalidated,2024070259569,2024,070259569,2,9,0,18,5,5,0,3,0,0,7,1,4,1,6,1,31,6,-1,-1,-1,-1,9,1,W01000376,0
Unvalidated,2024070260240,2024,070260240,1,19,0,17,8,4,0,0,0,0,2,1,4,1,6,1,20,4,-1,-1,-1,-1,7,1,E01018421,0
Unvalidated,2024070262163,2024,070262163,1,9,0,9,7,5,0,8,0,0,0,0,1,1,6,1,-1,-1,-1,-1,-1,-1,3,1,E01012427,0
Unvalidated,2024070262163,2024,070262163,2,9,0,18,3,7,0,8,0,0,1,4,1,1,6,1,35,6,-1,-1,-1,-1,3,1,E01006433,0
Unvalidated,2024070262163,2024,070262163,3,9,0,2,0,0,0,2,0,0,0,0,1,1,6,1,-1,-1,-1,-1,-1,-1,1,1,E01012441,0
Unvalidated,2024070262689,2024,070262689,1,9,0,18,7,3,9,1,0,0,0,0,1,2,6,3,-1,-1,-1,-1,-1,-1,-1,-1,-1,0
Unvalidated,2024070262747,2024,070262747,1,19,0,18,5,1,0,0,0,0,0,0,1,1,6,1,-1,-1,-1,-1,-1,-1,-1,-1,-1,0
Unvalidated,2024070262747,2024,070262747,2,9,0,3,5,1,0,0,0,0,0,0,2,1,6,1,21,5,-1,-1,-1,-1,1,2,W01000098,0
Unvalidated,2024070262931,2024,070262931,1,19,0,18,1,7,0,8,0,0,0,0,0,1,6,1,31,6,-1,-1,-1,-1,-1,1,-1,0
Unvalidated,2024070264789,2024,070264789,1,9,0,9,3,1,0,1,0,0,0,0,3,1,1,1,28,6,-1,-1,-1,-1,1,1,E01033764,0
Unvalidated,2024070264789,2024,070264789,2,5,0,14,3,7,0,1,0,0,0,0,4,1,1,1,55,8,-1,-1,-1,-1,9,1,E01025453,0
Unvalidated,2024070265041,2024,070265041,1,9,0,5,3,7,0,8,0,9,1,11,1,1,6,1,69,10,-1,-1,-1,-1,10,1,E01018322,0
Unvalidated,2024070265579,2024,070265579,1,9,0,18,7,3,0,0,0,0,0,0,1,1,6,3,-1,-1,-1,-1,-1,-1,-1,-1,-1,0
Unvalidated,2024070265929,2024,070265929,1,9,0,17,6,8,0,1,0,0,0,0,1,1,1,1,58,9,-1,-1,-1,-1,-1,1,-1,0
Unvalidated,2024070265929,2024,070265929,2,9,0,16,2,6,0,1,0,0,1,0,1,1,1,1,38,7,-1,-1,-1,-1,1,1,E01007179,0
Unvalidated,2024070265929,2024,070265929,3,9,0,16,2,6,0,1,0,0,0,0,1,1,1,1,52,8,-1,-1,-1,-1,2,1,E01007139,0
Unvalidated,2024070266670,2024,070266670,1,9,0,7,4,6,0,6,0,0,0,0,4,1,2,1,-1,-1,-1,-1,-1,-1,7,3,E01012476,0
Unvalidated,2024070266670,2024,070266670,2,4,0,18,2,6,0,1,5,0,0,0,1,1,2,1,43,7,-1,-1,-1,-1,3,1,E01006246,0
Unvalidated,2024070266742,2024,070266742,1,9,0,16,3,7,0,0,2,0,1,4,3,1,2,1,27,6,-1,-1,-1,-1,3,1,E01006061,0
Unvalidated,2024070267493,2024,070267493,1,9,0,18,4,8,0,0,0,0,0,0,1,1,1,2,49,8,-1,-1,-1,-1,2,1,E01018523,0
Unvalidated,2024070267493,2024,070267493,2,9,0,3,4,8,0,0,0,0,0,0,2,1,2,1,57,9,-1,-1,-1,-1,7,3,E01007144,0
Unvalidated,2024070267493,2024,070267493,3,19,0,3,4,8,0,0,0,0,0,0,2,1,1,1,60,9,-1,-1,-1,-1,9,2,E01006886,0
Unvalidated,2024070268478,2024,070268478,1,20,0,18,7,4,0,4,0,0,0,0,1,1,1,1,48,8,-1,-1,-1,-1,1,1,E01012571,0
Unvalidated,2024070268478,2024,070268478,2,9,0,18,8,4,0,4,0,0,0,0,4,1,6,2,78,11,-1,-1,-1,-1,9,1,E01018333,0
Unvalidated,2024070268835,2024,070268835,1,9,0,18,1,5,0,0,0,6,0,10,2,1,6,1,25,5,-1,-1,-1,-1,8,1,E01018443,0
Unvalidated,2024070268835,2024,070268835,2,19,0,18,5,1,0,0,0,0,0,0,1,1,6,1,58,9,-1,-1,-1,-1,6,1,E01010885,0
Unvalidated,2024070271744,2024,070271744,1,3,0,17,4,8,0,1,0,0,0,0,1,1,6,1,20,4,-1,-1,-1,-1,1,1,E01005321,0
Unvalidated,2024070271744,2024,070271744,2,9,0,9,1,6,0,1,0,0,0,0,1,1,6,1,45,7,-1,-1,-1,-1,6,3,E01012554,0
Unvalidated,2024070272057,2024,070272057,1,9,0,18,2,6,0,0,0,0,0,0,3,1,6,2,50,8,-1,-1,-1,-1,2,1,E01018498,0
Unvalidated,2024070273448,2024,070273448,1,9,0,18,7,3,0,3,0,0,0,0,1,1,6,2,-1,-1,-1,-1,-1,-1,-1,-1,-1,0
Unvalidated,2024070274231,2024,070274231,1,9,0,16,3,7,0,0,5,0,0,4,1,1,6,1,17,4,-1,-1,-1,-1,10,1,E01018475,0
Unvalidated,2024070276038,2024,070276038,1,9,0,5,5,2,0,8,0,0,0,0,3,1,6,1,25,5,-1,-1,-1,-1,6,1,E01018479,0
Unvalidated,2024070276038,2024,070276038,2,9,0,18,1,6,0,8,0,0,0,0,1,1,6,2,25,5,-1,-1,-1,-1,9,1,E01018420,0
Unvalidated,2024070278043,2024,070278043,1,9,0,9,5,3,0,6,0,0,0,0,1,1,6,2,27,6,-1,-1,-1,-1,7,2,E01019746,0
Unvalidated,2024070278043,2024,070278043,2,1,0,18,4,7,0,1,0,0,0,0,4,1,6,2,35,6,-1,-1,-1,-1,8,2,E01018577,0
Unvalidated,2024070278172,2024,070278172,1,9,0,18,8,3,0,0,5,0,0,0,1,1,6,1,33,6,-1,-1,-1,-1,-1,-1,-1,0
Unvalidated,2024070279106,2024,070279106,1,19,0,18,7,3,0,1,0,0,0,0,1,1,1,1,42,7,-1,-1,-1,-1,9,1,E01018365,0
Unvalidated,2024070279106,2024,070279106,2,9,0,18,7,3,0,1,0,0,0,0,2,1,1,2,53,8,-1,-1,-1,-1,7,3,E01018369,0
Unvalidated,2024070279106,2024,070279106,3,9,0,18,3,7,0,1,1,0,7,11,3,1,1,2,20,4,-1,-1,-1,-1,10,1,E01007186,0
Unvalidated,2024070279249,2024,070279249,1,9,0,9,4,8,0,1,0,0,0,0,4,1,6,2,50,8,-1,-1,-1,-1,10,2,E01018468,0
Unvalidated,2024070279249,2024,070279249,2,9,0,18,8,4,0,1,0,0,0,0,1,1,6,1,37,7,-1,-1,-1,-1,2,1,E01018714,0
Unvalidated,2024070280050,2024,070280050,1,9,0,11,1,5,0,8,0,0,0,0,4,1,6,2,-1,-1,-1,-1,-1,-1,-1,-1,-1,0
Unvalidated,2024070280050,2024,070280050,2,9,0,18,1,5,0,8,0,0,0,0,3,1,6,1,32,6,-1,-1,-1,-1,3,1,E01012510,0
Unvalidated,2024070282057,2024,070282057,1,3,0,18,3,7,0,0,0,0,0,0,1,1,6,1,51,8,-1,-1,-1,-1,-1,-1,-1,0
Unvalidated,2024070282057,2024,070282057,2,9,0,18,7,3,0,0,0,0,0,0,1,1,6,1,-1,-1,-1,-1,-1,-1,8,2,E01018577,0
Unvalidated,2024070283720,2024,070283720,1,9,0,18,7,3,0,0,1,0,1,7,4,1,6,1,71,10,-1,-1,-1,-1,1,1,E01006109,0
Unvalidated,2024070283720,2024,070283720,2,21,1,18,7,3,0,0,0,0,0,0,3,1,1,1,63,9,-1,-1,-1,-1,2,2,E01020797,0
Unvalidated,2024070284656,2024,070284656,1,9,0,18,8,4,0,8,0,0,0,0,1,1,6,2,-1,-1,-1,-1,-1,-1,-1,-1,-1,0
Unvalidated,2024070284656,2024,070284656,2,9,0,9,6,2,0,4,0,0,0,0,3,1,6,2,18,4,-1,-1,-1,-1,10,1,E01018642,0
Unvalidated,2024070284829,2024,070284829,1,9,0,9,8,6,0,8,0,0,0,0,4,1,6,1,24,5,-1,-1,-1,-1,10,1,E01009808,0
Unvalidated,2024070284829,2024,070284829,2,9,0,18,3,8,0,8,0,0,0,0,3,1,6,2,50,8,-1,-1,-1,-1,3,1,E01018347,0
Unvalidated,2024070286671,2024,070286671,1,9,0,4,1,5,0,1,0,0,0,0,1,1,6,2,-1,-1,-1,-1,-1,-1,-1,-1,-1,0
Unvalidated,2024070286671,2024,070286671,2,9,0,4,1,5,0,1,0,0,0,0,2,1,6,2,51,8,-1,-1,-1,-1,-1,-1,-1,0
Unvalidated,2024070286958,2024,070286958,1,9,0,1,3,7,0,1,0,0,3,10,2,1,6,1,95,11,-1,-1,-1,-1,10,1,E01018666,0
Unvalidated,2024070286958,2024,070286958,2,9,0,2,0,0,0,1,0,0,0,0,1,1,6,2,63,9,-1,-1,-1,-1,3,1,E01018631,0
Unvalidated,2024070286958,2024,070286958,3,9,0,2,0,0,0,1,0,0,0,0,2,1,6,1,55,8,-1,-1,-1,-1,3,1,E01018631,0
Unvalidated,2024070286985,2024,070286985,1,9,0,18,3,7,0,1,0,0,0,0,1,1,6,3,-1,-1,-1,-1,-1,-1,-1,-1,-1,0
Unvalidated,2024070286985,2024,070286985,2,9,0,7,3,5,0,4,0,0,0,0,2,1,1,1,28,6,-1,-1,-1,-1,4,1,E01007288,0
Unvalidated,2024070287726,2024,070287726,1,90,0,18,3,7,0,1,0,0,0,0,1,1,6,3,-1,-1,-1,-1,-1,-1,-1,-1,-1,1
Unvalidated,2024070288366,2024,070288366,1,2,0,5,5,3,0,1,0,0,0,0,1,1,6,1,17,4,-1,-1,-1,-1,8,2,E01018681,0
Unvalidated,2024070288366,2024,070288366,2,9,0,18,3,7,0,1,0,0,0,0,1,1,6,1,-1,-1,-1,-1,-1,-1,9,1,E01018473,0
Unvalidated,2024070289257,2024,070289257,1,21,1,18,1,5,0,0,0,6,0,7,1,1,1,1,39,7,-1,-1,-1,-1,8,1,E01002414,0
Unvalidated,2024070289422,2024,070289422,1,9,0,18,6,2,0,1,0,0,0,0,3,1,6,2,45,7,-1,-1,-1,-1,-1,-1,-1,0
Unvalidated,2024070289572,2024,070289572,1,9,0,18,1,5,0,1,0,0,0,0,1,1,1,2,33,6,-1,-1,-1,-1,1,1,E01012444,0
Unvalidated,2024070289572,2024,070289572,2,9,0,10,1,7,0,1,0,0,0,0,2,1,1,2,49,8,-1,-1,-1,-1,6,2,E01018689,0
Unvalidated,2024070291353,2024,070291353,1,9,0,1,5,1,0,0,0,0,0,0,2,1,6,2,45,7,-1,-1,-1,-1,5,1,E01018532,0
Unvalidated,2024070291353,2024,070291353,2,1,0,18,5,1,0,0,0,0,0,0,1,1,6,1,78,11,-1,-1,-1,-1,10,1,E01018533,0
Unvalidated,2024070292486,2024,070292486,1,90,0,17,2,6,6,0,0,0,7,4,1,1,1,1,52,8,-1,-1,-1,-1,-1,-1,-1,0
Unvalidated,2024070293092,2024,070293092,1,19,0,18,7,3,0,0,0,0,0,0,4,1,6,3,-1,-1,-1,-1,-1,-1,-1,-1,-1,0
Unvalidated,2024070293803,2024,070293803,1,9,0,18,1,5,0,0,0,4,0,0,1,1,6,1,25,5,-1,-1,-1,-1,2,1,E01012413,0
Unvalidated,2024070293803,2024,070293803,2,9,0,2,1,5,0,0,0,0,0,0,2,1,6,2,55,8,-1,-1,-1,-1,2,1,E01012377,0
Unvalidated,2024070294034,2024,070294034,1,9,0,9,3,1,0,5,0,0,0,0,2,1,6,1,-1,-1,-1,-1,-1,-1,7,1,E01012496,0
Unvalidated,2024070294034,2024,070294034,2,90,0,18,7,3,0,1,0,0,0,0,1,1,6,1,15,3,-1,-1,-1,-1,8,1,E01012495,0
Unvalidated,2024070294153,2024,070294153,1,21,1,11,5,1,0,0,0,0,0,0,4,1,1,1,45,7,-1,-1,-1,-1,9,1,E01021681,0
Unvalidated,2024070294153,2024,070294153,2,9,0,18,5,1,0,0,1,0,4,6,3,1,2,2,59,9,-1,-1,-1,-1,4,1,E01029611,0
Unvalidated,2024070294313,2024,070294313,1,9,0,5,4,8,0,0,0,0,7,11,1,1,6,1,79,11,-1,-1,-1,-1,6,1,E01018627,0
Unvalidated,2024070294749,2024,070294749,1,9,0,18,5,1,0,0,0,0,0,0,3,1,6,2,75,10,-1,-1,-1,-1,6,3,E01018743,0
Unvalidated,2024070294754,2024,070294754,1,9,0,-1,1,5,-1,0,0,0,2,11,1,1,-1,1,29,6,-1,-1,-1,-1,10,1,E01018533,0
Unvalidated,2024070295352,2024,070295352,1,9,0,3,4,8,0,1,0,0,0,0,1,1,6,2,33,6,-1,-1,-1,-1,3,1,E01018347,0
Unvalidated,2024070295352,2024,070295352,2,9,0,7,4,8,0,1,0,0,0,0,2,1,6,2,44,7,-1,-1,-1,-1,1,1,E01012445,0
Unvalidated,2024070295352,2024,070295352,3,9,0,3,4,8,0,1,0,0,0,0,2,1,6,1,40,7,-1,-1,-1,-1,1,1,-1,0
Unvalidated,2024070296890,2024,070296890,1,19,0,18,1,3,9,5,5,0,7,4,1,1,6,1,59,9,-1,-1,-1,-1,3,1,E01018631,0
Unvalidated,2024070297110,2024,070297110,1,9,0,18,3,8,0,2,0,2,0,0,0,1,6,3,-1,-1,-1,-1,-1,-1,-1,-1,-1,0
Unvalidated,2024070297110,2024,070297110,2,9,0,3,8,4,0,1,0,2,0,0,0,1,6,1,44,7,-1,-1,-1,-1,1,1,E01018521,0
Unvalidated,2024070297878,2024,070297878,1,9,0,5,3,1,0,1,0,0,1,0,3,1,6,1,-1,-1,-1,-1,-1,-1,-1,-1,-1,0
Unvalidated,2024070297878,2024,070297878,2,9,0,18,8,4,0,1,0,0,0,0,1,1,6,2,65,9,-1,-1,-1,-1,-1,-1,-1,0
Unvalidated,2024070297975,2024,070297975,1,9,0,5,3,7,0,1,0,0,0,0,1,1,6,1,35,6,-1,-1,-1,-1,2,1,E01012537,0
Unvalidated,2024070298800,2024,070298800,1,19,0,4,5,1,0,1,0,0,0,0,1,1,1,1,37,7,-1,-1,-1,-1,1,1,E01018462,0
Unvalidated,2024070298800,2024,070298800,2,9,0,4,5,1,0,1,0,0,0,0,1,1,2,2,40,7,-1,-1,-1,-1,7,1,E01029545,0
Unvalidated,2024070298800,2024,070298800,3,9,0,4,5,1,0,1,0,0,0,0,2,1,2,2,46,8,-1,-1,-1,-1,2,1,E01029593,0
Unvalidated,2024070300974,2024,070300974,1,9,0,18,1,5,0,1,0,0,0,0,1,1,6,3,-1,-1,-1,-1,-1,-1,-1,-1,-1,0
Unvalidated,2024070302375,2024,070302375,1,9,0,16,1,5,0,0,0,0,0,0,1,1,2,2,19,4,-1,-1,-1,-1,6,3,E01010754,0
Unvalidated,2024070302375,2024,070302375,2,9,0,18,3,7,0,0,0,0,0,0,1,1,2,1,18,4,-1,-1,-1,-1,10,1,E01018696,0
Unvalidated,2024070302974,2024,070302974,1,9,0,9,7,5,0,8,0,0,0,0,1,1,6,3,-1,-1,-1,-1,-1,-1,-1,-1,-1,0
Unvalidated,2024070302974,2024,070302974,2,3,0,18,5,1,0,8,0,0,0,0,4,1,6,1,18,4,-1,-1,-1,-1,2,1,E01006868,0
Unvalidated,2024070304592,2024,070304592,1,9,0,11,5,1,0,8,0,0,0,0,1,1,6,3,-1,-1,-1,-1,-1,-1,-1,-1,-1,0
Unvalidated,2024070304592,2024,070304592,2,9,0,18,5,3,0,8,0,0,0,0,3,1,6,2,40,7,-1,-1,-1,-1,1,1,E01012397,0
Unvalidated,2024070306199,2024,070306199,1,9,0,18,1,5,0,0,0,0,7,11,1,1,1,2,36,7,-1,-1,-1,-1,9,1,E01018669,0
Unvalidated,2024070306199,2024,070306199,2,9,0,18,5,1,0,0,0,0,0,0,2,1,6,2,58,9,-1,-1,-1,-1,1,1,E01005119,0
Unvalidated,2024070306785,2024,070306785,1,9,0,18,6,4,0,0,0,0,0,0,3,2,6,1,-1,-1,-1,-1,-1,-1,-1,-1,-1,0
Unvalidated,2024070306785,2024,070306785,2,9,0,18,6,4,0,0,0,0,0,0,4,1,6,2,53,8,-1,-1,-1,-1,7,1,E01018673,0
Unvalidated,2024070306805,2024,070306805,1,9,0,13,5,1,0,4,0,0,0,0,4,1,6,1,-1,-1,-1,-1,-1,-1,-1,-1,-1,0
Unvalidated,2024070306805,2024,070306805,2,9,0,9,3,1,0,3,0,0,0,0,3,1,6,2,26,6,-1,-1,-1,-1,-1,-1,-1,0
Unvalidated,2024070306937,2024,070306937,1,9,0,14,3,7,0,0,0,4,0,0,1,1,6,2,17,4,-1,-1,-1,-1,9,3,E01018676,0
Unvalidated,2024070306937,2024,070306937,2,9,0,2,0,0,0,0,0,0,1,0,1,1,6,2,59,9,-1,-1,-1,-1,-1,-1,-1,0
Unvalidated,2024070307102,2024,070307102,1,9,0,18,3,7,0,0,5,0,0,4,4,1,6,1,20,4,-1,-1,-1,-1,1,1,E01014250,0
Unvalidated,2024070308710,2024,070308710,1,9,0,18,3,7,0,1,0,0,0,0,1,1,6,1,40,7,-1,-1,-1,-1,-1,-1,-1,0