status,collision_index,collision_year,collision_reference,vehicle_reference,vehicle_type,towing_and_articulation,vehicle_manoeuvre,vehicle_direction_from,vehicle_direction_to,vehicle_location_restricted_lane,junction_location,skidding_and_overturning,hit_object_in_carriageway,vehicle_leaving_carriageway,hit_object_off_carriageway,first_point_of_impact,vehicle_left_hand_drive,journey_purpose_of_driver,sex_of_driver,age_of_driver,age_band_of_driver,engine_capacity_cc,propulsion_code,age_of_vehicle,generic_make_model,driver_imd_decile,driver_home_area_type,lsoa_of_driver,escooter_flag
Unvalidated,2024070308710,2024,070308710,2,9,0,18,1,5,0,2,0,0,0,0,4,1,6,1,26,6,-1,-1,-1,-1,-1,-1,-1,0
Unvalidated,2024070309433,2024,070309433,1,9,0,7,8,4,0,1,0,0,7,10,1,1,6,1,50,8,-1,-1,-1,-1,6,3,E01012475,0
Unvalidated,2024070310102,2024,070310102,1,3,0,18,4,8,0,0,1,0,1,4,4,1,6,1,18,4,-1,-1,-1,-1,1,1,E01018476,0
Unvalidated,2024070312408,2024,070312408,1,9,0,18,3,7,0,1,0,0,0,0,1,1,2,1,19,4,-1,-1,-1,-1,8,1,E01012555,0
Unvalidated,2024070312408,2024,070312408,2,9,0,2,3,7,0,1,0,0,0,0,2,1,6,1,52,8,-1,-1,-1,-1,4,1,E01012478,0
Unvalidated,2024070312701,2024,070312701,1,9,0,9,6,2,0,8,0,0,0,0,1,1,6,3,-1,-1,-1,-1,-1,-1,-1,-1,-1,0
Unvalidated,2024070312701,2024,070312701,2,1,0,18,4,8,9,8,0,0,0,0,4,1,6,1,54,8,-1,-1,-1,-1,2,1,E01018364,0
Unvalidated,2024070312783,2024,070312783,1,90,0,18,3,7,0,8,0,0,0,0,1,1,6,1,25,5,-1,-1,-1,-1,-1,-1,-1,1
Unvalidated,2024070312783,2024,070312783,2,9,0,9,3,1,0,8,0,0,0,0,3,1,6,1,51,8,-1,-1,-1,-1,10,1,E01018693,0
Unvalidated,2024070314559,2024,070314559,1,9,0,18,8,4,0,0,0,0,0,0,1,1,1,2,62,9,-1,-1,-1,-1,5,3,E01018654,0
Unvalidated,2024070314728,2024,070314728,1,9,0,4,1,5,0,0,0,0,0,0,1,1,6,2,-1,-1,-1,-1,-1,-1,3,1,E01018461,0
Unvalidated,2024070314728,2024,070314728,2,9,0,3,1,5,0,0,0,0,0,0,2,1,6,1,38,7,-1,-1,-1,-1,9,1,E01018494,0
Unvalidated,2024070315262,2024,070315262,1,23,0,18,5,1,0,8,0,0,0,0,1,1,6,1,15,3,-1,-1,-1,-1,1,1,E01012367,0
Unvalidated,2024070315262,2024,070315262,2,9,0,9,3,7,0,6,0,0,0,0,3,1,6,1,32,6,-1,-1,-1,-1,1,1,E01012422,0
Unvalidated,2024070315979,2024,070315979,1,9,0,18,1,5,0,4,0,0,0,0,1,1,6,1,60,9,-1,-1,-1,-1,9,1,E01012502,0
Unvalidated,2024070315979,2024,070315979,2,3,0,7,7,3,0,3,0,0,0,0,2,1,6,1,19,4,-1,-1,-1,-1,8,1,E01012565,0
Unvalidated,2024070318446,2024,070318446,1,9,0,18,5,1,0,0,0,0,1,11,1,1,6,1,25,5,-1,-1,-1,-1,4,1,E01013662,0
Unvalidated,2024070319107,2024,070319107,1,9,0,18,3,7,0,0,1,0,7,6,1,1,6,1,32,6,-1,-1,-1,-1,2,1,E01018478,0
Unvalidated,2024070319107,2024,070319107,2,9,0,18,3,7,0,0,0,0,0,0,2,1,6,2,61,9,-1,-1,-1,-1,9,1,E01005738,0
Unvalidated,2024070319503,2024,070319503,1,3,0,4,6,2,0,1,0,0,0,0,1,1,6,1,20,4,-1,-1,-1,-1,1,1,E01029554,0
Unvalidated,2024070319503,2024,070319503,2,9,0,4,6,2,0,1,0,0,0,0,2,1,6,1,82,11,-1,-1,-1,-1,7,1,E01018591,0
Unvalidated,2024070319503,2024,070319503,3,9,0,5,8,4,0,6,0,0,0,0,0,1,6,3,-1,-1,-1,-1,-1,-1,-1,-1,-1,0
Unvalidated,2024070319916,2024,070319916,1,9,0,5,6,2,0,4,0,0,0,0,1,1,2,2,27,6,-1,-1,-1,-1,9,2,E01012473,0
Unvalidated,2024070319916,2024,070319916,2,1,0,9,2,8,0,3,0,0,0,0,4,1,6,2,27,6,-1,-1,-1,-1,8,1,E01006345,0
Unvalidated,2024070320175,2024,070320175,1,8,0,18,5,1,0,1,1,0,0,0,4,1,1,1,46,8,-1,-1,-1,-1,1,1,E01014231,0
Unvalidated,2024070320175,2024,070320175,2,9,0,18,7,3,0,1,1,7,0,0,1,1,6,1,34,6,-1,-1,-1,-1,2,1,E01018498,0
Unvalidated,2024070324236,2024,070324236,1,19,0,16,4,7,0,8,0,0,0,0,1,1,1,1,48,8,-1,-1,-1,-1,1,1,E01024953,0
Unvalidated,2024070329828,2024,070329828,1,1,0,18,5,1,0,0,0,11,0,0,0,1,6,1,53,8,-1,-1,-1,-1,9,1,E01006088,0
Unvalidated,2024070331136,2024,070331136,1,9,0,18,3,7,0,0,0,0,7,4,1,1,1,1,58,9,-1,-1,-1,-1,3,1,E01018746,0
Unvalidated,2024070332092,2024,070332092,1,19,0,5,1,5,0,0,0,0,0,0,1,1,6,1,-1,-1,-1,-1,-1,-1,-1,-1,-1,0
Unvalidated,2024070332256,2024,070332256,1,1,0,18,5,1,9,1,0,0,0,0,1,1,6,1,14,3,-1,-1,-1,-1,10,3,E01018411,0
Unvalidated,2024070332256,2024,070332256,2,19,0,5,7,1,9,1,0,0,0,0,3,1,1,1,52,8,-1,-1,-1,-1,10,2,E01018414,0
Unvalidated,2024070332300,2024,070332300,1,1,0,9,5,2,0,1,0,0,0,0,1,1,6,1,20,4,-1,-1,-1,-1,2,1,E01018525,0
Unvalidated,2024070332300,2024,070332300,2,8,0,7,3,5,0,1,0,0,0,0,1,1,1,1,56,9,-1,-1,-1,-1,9,1,E01018528,0
Unvalidated,2024070333981,2024,070333981,1,9,0,18,5,1,0,8,0,9,3,1,1,1,6,1,80,11,-1,-1,-1,-1,10,1,E01005809,0
Unvalidated,2024070335256,2024,070335256,1,1,0,18,5,1,9,0,0,0,0,0,1,1,6,1,-1,-1,-1,-1,-1,-1,-1,-1,-1,0
Unvalidated,2024070335461,2024,070335461,1,9,0,18,2,6,0,0,0,0,0,0,1,1,6,1,53,8,-1,-1,-1,-1,8,3,E01018515,0
Unvalidated,2024070335461,2024,070335461,2,1,0,18,2,6,0,0,0,0,0,0,2,1,6,2,54,8,-1,-1,-1,-1,8,3,E01018465,0
Unvalidated,2024070337121,2024,070337121,1,5,0,18,7,3,0,1,0,0,0,0,1,1,6,1,48,8,-1,-1,-1,-1,10,1,E01012567,0
Unvalidated,2024070337121,2024,070337121,2,9,0,10,3,7,0,1,0,0,0,0,4,1,6,1,23,5,-1,-1,-1,-1,10,1,E01018642,0
Unvalidated,2024070337388,2024,070337388,1,9,0,12,3,7,0,0,0,0,7,11,1,1,6,1,41,7,-1,-1,-1,-1,5,1,E01018437,0
Unvalidated,2024070337388,2024,070337388,2,9,0,18,7,3,0,0,0,0,1,11,1,1,6,2,50,8,-1,-1,-1,-1,10,1,E01018427,0
Unvalidated,2024070337406,2024,070337406,1,9,0,18,6,2,0,2,0,0,0,0,1,1,6,1,33,6,-1,-1,-1,-1,-1,-1,-1,0
Unvalidated,2024070337406,2024,070337406,2,9,0,18,2,6,0,1,0,0,0,0,1,1,6,1,39,7,-1,-1,-1,-1,-1,-1,-1,0
Unvalidated,2024070337748,2024,070337748,1,5,0,13,7,3,0,8,0,0,0,0,1,1,6,1,22,5,-1,-1,-1,-1,4,1,E01029594,0
Unvalidated,2024070337748,2024,070337748,2,17,4,9,7,3,0,5,0,0,0,0,3,1,1,1,61,9,-1,-1,-1,-1,6,3,E01018514,0
Unvalidated,2024070339811,2024,070339811,1,3,0,7,5,3,0,6,1,0,0,0,0,1,6,1,18,4,-1,-1,-1,-1,7,3,E01018393,0
Unvalidated,2024070339811,2024,070339811,2,3,0,7,5,3,0,6,1,0,0,0,0,1,6,1,17,4,-1,-1,-1,-1,4,1,E01018396,0
Unvalidated,2024070339910,2024,070339910,1,9,0,12,1,5,0,8,0,0,0,0,3,2,6,2,49,8,-1,-1,-1,-1,8,2,E01018493,0
Unvalidated,2024070339910,2024,070339910,2,5,0,18,7,3,0,8,0,0,0,0,4,1,6,1,57,9,-1,-1,-1,-1,5,1,E01030457,0
Unvalidated,2024070339966,2024,070339966,1,3,0,15,2,6,0,1,0,0,0,0,1,1,6,1,23,5,-1,-1,-1,-1,-1,-1,-1,0
Unvalidated,2024070339966,2024,070339966,2,9,0,10,2,8,0,1,0,0,0,0,0,1,6,3,-1,-1,-1,-1,-1,-1,-1,-1,-1,0
Unvalidated,2024070341049,2024,070341049,1,9,0,10,1,6,0,1,0,0,0,0,1,1,6,1,93,11,-1,-1,-1,-1,10,1,E01006134,0
Unvalidated,2024070341049,2024,070341049,2,1,0,18,4,1,0,1,0,0,0,0,3,1,6,1,41,7,-1,-1,-1,-1,7,1,E01005156,0
Unvalidated,2024070342167,2024,070342167,1,9,0,16,3,7,0,0,0,0,0,0,0,1,6,3,-1,-1,-1,-1,-1,-1,-1,-1,-1,0
Unvalidated,2024070342167,2024,070342167,2,3,0,17,7,3,0,0,2,0,1,10,4,1,6,1,17,4,-1,-1,-1,-1,8,1,E01018433,0
Unvalidated,2024070342167,2024,070342167,3,3,0,17,7,3,0,0,2,1,0,0,1,1,6,1,17,4,-1,-1,-1,-1,1,1,E01018476,0
Unvalidated,2024070342475,2024,070342475,1,9,0,9,5,1,9,1,0,0,7,0,1,1,6,2,29,6,-1,-1,-1,-1,2,1,E01014340,0
Unvalidated,2024070342475,2024,070342475,2,9,0,17,1,5,9,1,0,0,1,0,1,1,6,1,54,8,-1,-1,-1,-1,10,3,E01018431,0
Unvalidated,2024070342475,2024,070342475,3,19,0,2,0,0,9,2,0,0,0,0,3,1,6,3,-1,-1,-1,-1,-1,-1,-1,-1,-1,0
Unvalidated,2024070342475,2024,070342475,4,19,0,2,0,0,9,2,0,0,0,0,3,1,6,3,-1,-1,-1,-1,-1,-1,-1,-1,-1,0
Unvalidated,2024070342475,2024,070342475,5,9,0,2,0,0,9,1,0,0,0,0,3,1,6,3,-1,-1,-1,-1,-1,-1,-1,-1,-1,0
Unvalidated,2024070342624,2024,070342624,1,9,0,15,4,8,0,0,0,0,0,0,1,1,1,1,56,9,-1,-1,-1,-1,6,2,E01019619,0
Unvalidated,2024070342624,2024,070342624,2,9,0,18,8,4,0,0,0,0,0,0,1,1,1,1,54,8,-1,-1,-1,-1,8,1,E01019725,0
Unvalidated,2024070342635,2024,070342635,1,9,0,18,3,7,0,8,0,0,0,0,1,1,6,2,50,8,-1,-1,-1,-1,-1,-1,-1,0
Unvalidated,2024070342635,2024,070342635,2,9,0,5,3,7,0,8,0,0,6,1,2,1,6,1,23,5,-1,-1,-1,-1,9,1,W01000385,0
Unvalidated,2024070343377,2024,070343377,1,21,0,1,1,5,0,0,0,0,0,0,1,1,6,1,-1,-1,-1,-1,-1,-1,-1,-1,-1,0
Unvalidated,2024070343377,2024,070343377,2,1,0,18,5,1,0,0,0,0,0,0,3,1,6,1,56,9,-1,-1,-1,-1,9,1,W01000264,0
Unvalidated,2024070343970,2024,070343970,1,1,0,18,4,6,9,3,0,0,0,0,1,1,6,1,14,3,-1,-1,-1,-1,1,1,E01018310,0
Unvalidated,2024070343970,2024,070343970,2,98,0,18,3,4,0,3,0,0,0,0,4,1,1,1,46,8,-1,-1,-1,-1,-1,-1,-1,0
Unvalidated,2024070344591,2024,070344591,1,9,0,16,7,3,0,0,5,0,0,0,1,1,2,1,38,7,-1,-1,-1,-1,1,1,E01006847,0
Unvalidated,2024070344591,2024,070344591,2,9,0,2,0,0,0,0,0,0,0,0,2,1,6,1,61,9,-1,-1,-1,-1,-1,-1,-1,0
Unvalidated,2024070344722,2024,070344722,1,9,0,4,7,3,0,0,0,0,0,0,1,1,2,1,-1,-1,-1,-1,-1,-1,6,2,E01018679,0
Unvalidated,2024070344722,2024,070344722,2,9,0,4,7,3,0,0,0,0,0,0,2,1,2,2,-1,-1,-1,-1,-1,-1,10,2,E01018413,0
Unvalidated,2024070344722,2024,070344722,3,9,0,4,7,3,0,0,0,0,0,0,2,1,2,2,42,7,-1,-1,-1,-1,4,1,W01000401,0
Unvalidated,2024070344722,2024,070344722,4,9,0,4,7,3,0,0,0,0,0,0,1,1,2,1,-1,-1,-1,-1,-1,-1,6,3,E01018722,0
Unvalidated,2024070345844,2024,070345844,1,19,0,5,5,1,0,1,0,0,0,0,1,1,1,1,58,9,-1,-1,-1,-1,2,1,E01005125,0
Unvalidated,2024070345844,2024,070345844,2,9,0,5,1,7,0,1,0,0,0,0,3,1,6,1,83,11,-1,-1,-1,-1,5,2,E01018579,0
Unvalidated,2024070346132,2024,070346132,1,9,0,18,4,8,0,1,0,0,0,0,3,1,6,1,-1,-1,-1,-1,-1,-1,-1,-1,-1,0
Unvalidated,2024070346132,2024,070346132,2,1,0,18,4,8,0,1,0,0,1,10,1,1,6,1,19,4,-1,-1,-1,-1,5,1,E01012542,0
Unvalidated,2024070346353,2024,070346353,1,9,0,18,3,7,0,0,0,0,0,0,4,1,6,1,69,10,-1,-1,-1,-1,9,1,E01018555,0
Unvalidated,2024070346736,2024,070346736,1,9,0,12,3,7,0,2,0,0,0,0,1,1,6,2,47,8,-1,-1,-1,-1,7,1,E01012560,0
Unvalidated,2024070349540,2024,070349540,1,9,0,18,2,6,0,0,1,0,0,0,1,1,6,2,19,4,-1,-1,-1,-1,-1,-1,-1,0
Unvalidated,2024070349540,2024,070349540,2,9,0,3,0,0,0,0,0,0,0,0,2,1,6,2,54,8,-1,-1,-1,-1,6,3,E01018355,0
Unvalidated,2024070349565,2024,070349565,1,3,0,5,5,1,0,1,1,0,0,0,3,1,6,2,35,6,-1,-1,-1,-1,5,1,E01018626,0
Unvalidated,2024070349643,2024,070349643,1,19,0,4,3,7,0,0,1,0,0,0,1,1,2,1,60,9,-1,-1,-1,-1,9,1,E01007117,0
Unvalidated,2024070349643,2024,070349643,2,9,0,3,3,7,0,0,0,0,0,0,2,1,2,2,24,5,-1,-1,-1,-1,8,3,W01000301,0
Unvalidated,2024070349643,2024,070349643,3,9,0,3,3,7,0,0,0,0,0,0,2,1,2,1,47,8,-1,-1,-1,-1,-1,-1,-1,0
Unvalidated,2024070349847,2024,070349847,1,9,0,-1,5,1,-1,0,0,11,0,0,2,1,-1,1,30,6,-1,-1,-1,-1,9,1,E01006394,0
Unvalidated,2024070349847,2024,070349847,2,21,0,-1,5,1,-1,0,0,0,0,0,0,1,-1,1,50,8,-1,-1,-1,-1,4,3,E01026045,0
Unvalidated,2024070350967,2024,070350967,1,9,0,18,3,7,0,8,1,0,0,0,1,1,1,2,57,9,-1,-1,-1,-1,9,1,E01018500,0
Unvalidated,2024070350967,2024,070350967,2,9,0,9,7,6,0,8,1,0,0,0,3,1,6,1,28,6,-1,-1,-1,-1,8,3,E01018465,0
Unvalidated,2024070351019,2024,070351019,1,1,0,18,8,4,0,0,0,0,0,0,3,1,6,1,13,3,-1,-1,-1,-1,5,1,E01018547,0
Unvalidated,2024070351019,2024,070351019,2,9,0,18,6,2,0,0,0,0,0,0,1,1,3,1,52,8,-1,-1,-1,-1,1,1,E01018317,0
Unvalidated,2024070351033,2024,070351033,1,9,0,5,8,4,0,1,0,0,0,0,0,1,6,2,-1,-1,-1,-1,-1,-1,4,1,E01018637,0
Unvalidated,2024070351033,2024,070351033,2,5,0,16,8,4,0,1,0,0,0,0,4,1,6,1,48,8,-1,-1,-1,-1,9,1,E01018636,0
Unvalidated,2024070351153,2024,070351153,1,9,0,18,3,7,0,0,0,10,0,3,1,1,2,2,61,9,-1,-1,-1,-1,2,1,E01012409,0
Unvalidated,2024070351905,2024,070351905,1,9,0,18,8,3,0,8,0,0,0,0,4,1,6,1,-1,-1,-1,-1,-1,-1,-1,-1,-1,0
Unvalidated,2024070351978,2024,070351978,1,9,0,18,2,6,0,0,0,0,0,0,1,1,6,2,84,11,-1,-1,-1,-1,-1,-1,-1,0
Unvalidated,2024070351978,2024,070351978,2,9,0,18,6,2,0,0,0,0,0,0,1,1,6,1,47,8,-1,-1,-1,-1,-1,-1,-1,0
Unvalidated,2024070354164,2024,070354164,1,8,0,4,7,3,0,1,0,0,0,0,1,1,1,1,43,7,-1,-1,-1,-1,6,1,E01012378,0
Unvalidated,2024070355120,2024,070355120,1,9,0,18,3,7,0,0,0,0,0,0,4,1,6,2,60,9,-1,-1,-1,-1,10,2,E01012513,0
Unvalidated,2024070355436,2024,070355436,1,90,0,18,7,3,0,8,0,0,0,0,1,1,6,1,64,9,-1,-1,-1,-1,6,1,E01012414,0
Unvalidated,2024070355595,2024,070355595,1,19,0,4,7,3,0,0,0,0,0,0,1,1,1,1,43,7,-1,-1,-1,-1,4,1,E01006851,0
Unvalidated,2024070355595,2024,070355595,2,9,0,4,7,3,0,0,0,0,0,0,2,1,6,1,58,9,-1,-1,-1,-1,8,1,E01007250,0
Unvalidated,2024070355595,2024,070355595,3,9,0,4,7,3,0,0,0,0,0,0,2,1,6,1,28,6,-1,-1,-1,-1,10,1,E01018320,0
Unvalidated,2024070355595,2024,070355595,4,9,0,4,7,3,0,0,0,0,0,0,2,1,6,1,74,10,-1,-1,-1,-1,4,1,E01019247,0
Unvalidated,2024070355595,2024,070355595,5,9,0,4,7,3,0,0,0,0,0,0,1,1,6,2,19,4,-1,-1,-1,-1,10,1,E01018603,0
Unvalidated,2024070355960,2024,070355960,1,9,0,9,2,8,0,6,0,0,0,0,1,1,6,2,68,10,-1,-1,-1,-1,9,1,E01018526,0
Unvalidated,2024070355960,2024,070355960,2,1,0,4,8,4,0,1,5,0,0,0,1,1,6,1,60,9,-1,-1,-1,-1,9,1,E01018568,0
Unvalidated,2024070356922,2024,070356922,1,9,0,17,1,5,0,0,2,11,0,11,4,1,6,1,24,5,-1,-1,-1,-1,3,1,E01005316,0
Unvalidated,2024070357437,2024,070357437,1,9,0,2,0,0,0,0,0,0,0,0,1,1,6,1,-1,-1,-1,-1,-1,-1,-1,-1,-1,0
Unvalidated,2024070357437,2024,070357437,2,5,0,18,1,6,0,0,0,0,0,0,1,1,6,1,53,8,-1,-1,-1,-1,-1,-1,-1,0
Unvalidated,2024070357776,2024,070357776,1,9,0,5,4,8,0,0,0,0,0,0,1,1,6,1,63,9,-1,-1,-1,-1,10,1,E01018322,0
Unvalidated,2024070357776,2024,070357776,2,1,0,12,8,4,0,0,0,0,0,0,4,1,6,2,24,5,-1,-1,-1,-1,7,1,E01018361,0
Unvalidated,2024070357801,2024,070357801,1,9,0,3,3,7,0,4,0,9,0,0,1,1,6,2,44,7,-1,-1,-1,-1,8,1,E01005365,0
Unvalidated,2024070357801,2024,070357801,2,9,0,3,3,7,0,4,0,9,0,0,2,1,6,1,32,6,-1,-1,-1,-1,-1,-1,-1,0
Unvalidated,2024070358023,2024,070358023,1,9,0,5,3,7,0,8,0,0,0,0,1,1,6,1,25,5,-1,-1,-1,-1,10,1,E01018584,0
Unvalidated,2024070358023,2024,070358023,2,9,0,9,5,3,0,6,0,0,0,0,1,1,6,1,70,10,-1,-1,-1,-1,9,1,E01018602,0
Unvalidated,2024070358195,2024,070358195,1,9,0,18,4,8,0,0,2,10,0,0,1,1,6,1,23,5,-1,-1,-1,-1,-1,-1,-1,0
Unvalidated,2024070360213,2024,070360213,1,1,0,18,4,7,0,0,0,0,0,0,1,1,6,1,-1,-1,-1,-1,-1,-1,2,1,E01006249,0
Unvalidated,2024070360213,2024,070360213,2,9,0,18,4,7,0,0,0,0,0,0,2,1,6,1,-1,-1,-1,-1,-1,-1,6,2,E01012475,0
Unvalidated,2024070360247,2024,070360247,1,9,0,3,3,7,0,0,0,0,0,0,1,1,6,1,44,7,-1,-1,-1,-1,3,1,E01012741,0
Unvalidated,2024070360247,2024,070360247,2,9,0,3,3,7,0,0,0,0,0,0,2,1,6,2,30,6,-1,-1,-1,-1,6,2,E01018689,0
Unvalidated,2024070360400,2024,070360400,1,90,0,18,5,1,0,1,0,0,0,0,1,1,6,1,11,3,-1,-1,-1,-1,-1,-1,-1,1
Unvalidated,2024070360400,2024,070360400,2,9,0,18,7,3,9,1,0,0,0,0,3,1,6,2,40,7,-1,-1,-1,-1,-1,-1,-1,0
Unvalidated,2024070360458,2024,070360458,1,9,0,9,5,3,0,8,0,0,0,0,1,1,6,2,52,8,-1,-1,-1,-1,-1,-1,-1,0
Unvalidated,2024070360458,2024,070360458,2,9,0,18,1,5,0,8,0,0,0,0,1,1,6,2,68,10,-1,-1,-1,-1,9,3,E01018684,0
Unvalidated,2024070360722,2024,070360722,1,9,0,18,6,2,0,0,1,0,0,0,1,2,6,1,24,5,-1,-1,-1,-1,4,2,E01018726,0
Unvalidated,2024070360722,2024,070360722,2,9,0,18,6,2,0,0,0,0,7,0,2,2,6,2,29,6,-1,-1,-1,-1,6,1,E01018736,0
Unvalidated,2024070360783,2024,070360783,1,9,0,13,8,5,0,0,0,4,0,0,4,1,6,1,30,6,-1,-1,-1,-1,2,1,E01018400,0
Unvalidated,2024070360783,2024,070360783,2,9,0,2,0,0,0,0,0,0,0,0,3,1,6,3,-1,-1,-1,-1,-1,-1,-1,-1,-1,0
Unvalidated,2024070360783,2024,070360783,3,9,0,2,0,0,0,0,0,0,0,0,3,1,6,3,-1,-1,-1,-1,-1,-1,-1,-1,-1,0
Unvalidated,2024070360783,2024,070360783,4,9,0,2,0,0,0,0,0,0,0,0,2,1,6,3,-1,-1,-1,-1,-1,-1,-1,-1,-1,0
Unvalidated,2024070364047,2024,070364047,1,9,0,18,5,1,0,0,0,0,0,0,1,1,6,1,25,5,-1,-1,-1,-1,1,1,E01012739,0
Unvalidated,2024070364047,2024,070364047,2,9,0,18,5,1,0,0,0,0,0,0,2,1,6,1,30,6,-1,-1,-1,-1,-1,-1,-1,0
Unvalidated,2024070364047,2024,070364047,3,9,0,18,5,1,0,0,0,0,0,0,1,1,6,2,26,6,-1,-1,-1,-1,2,1,E01007054,0
Unvalidated,2024070364047,2024,070364047,4,9,0,18,5,1,0,0,0,0,0,0,2,1,6,1,31,6,-1,-1,-1,-1,5,1,E01004809,0
Unvalidated,2024070364625,2024,070364625,1,9,0,9,3,1,0,2,0,0,0,0,4,1,6,1,46,8,-1,-1,-1,-1,-1,-1,-1,0
Unvalidated,2024070364625,2024,070364625,2,1,0,18,7,3,0,2,0,0,0,0,1,1,6,1,37,7,-1,-1,-1,-1,3,1,E01006876,0
Unvalidated,2024070365422,2024,070365422,1,9,0,1,2,6,0,0,0,0,0,0,2,1,6,2,30,6,-1,-1,-1,-1,4,1,E01018535,0
Unvalidated,2024070366684,2024,070366684,1,9,0,18,7,3,0,0,0,0,0,0,1,1,6,2,72,10,-1,-1,-1,-1,9,1,E01018408,0
Unvalidated,2024070366684,2024,070366684,2,9,0,18,3,7,0,0,0,0,0,0,1,1,6,1,56,9,-1,-1,-1,-1,10,2,E01018413,0
Unvalidated,2024070367497,2024,070367497,1,11,0,5,5,1,0,6,0,0,0,0,3,1,1,1,61,9,-1,-1,-1,-1,4,1,E01005850,0
Unvalidated,2024070367497,2024,070367497,2,9,0,18,7,5,0,1,0,0,0,0,1,1,6,1,41,7,-1,-1,-1,-1,5,1,E01018651,0
Unvalidated,2024070367842,2024,070367842,1,19,0,6,7,3,0,2,0,0,0,0,2,1,6,1,-1,-1,-1,-1,-1,-1,-1,-1,-1,0
Unvalidated,2024070367842,2024,070367842,2,9,0,18,1,5,0,2,0,0,0,0,2,1,6,1,61,9,-1,-1,-1,-1,2,1,E01018714,0
Unvalidated,2024070368058,2024,070368058,1,9,0,9,6,4,0,8,0,0,0,0,1,1,6,1,26,6,-1,-1,-1,-1,2,1,E01018701,0
Unvalidated,2024070368058,2024,070368058,2,9,0,18,4,1,0,8,0,0,0,0,1,1,6,1,19,4,-1,-1,-1,-1,10,2,E01018414,0
Unvalidated,2024070369443,2024,070369443,1,3,0,18,8,4,0,0,0,0,0,0,1,1,6,1,20,4,-1,-1,-1,-1,-1,-1,-1,0
Unvalidated,2024070369443,2024,070369443,2,3,0,18,4,8,0,0,0,0,0,0,1,1,6,1,20,4,-1,-1,-1,-1,-1,-1,-1,0
Unvalidated,2024070370331,2024,070370331,1,9,0,1,2,6,0,6,0,0,0,0,2,1,6,3,-1,-1,-1,-1,-1,-1,-1,-1,-1,0
Unvalidated,2024070371064,2024,070371064,1,9,0,1,2,6,0,6,0,0,0,0,2,2,6,2,-1,-1,-1,-1,-1,-1,-1,-1,-1,0
Unvalidated,2024070371237,2024,070371237,1,19,0,9,2,6,0,2,0,0,0,0,1,1,1,1,50,8,-1,-1,-1,-1,-1,-1,-1,0
Unvalidated,2024070371237,2024,070371237,2,9,0,18,8,4,0,2,0,0,0,0,3,1,1,1,32,6,-1,-1,-1,-1,4,1,E01006916,0
Unvalidated,2024070371488,2024,070371488,1,9,0,18,8,3,0,0,0,0,0,0,3,1,6,1,47,8,-1,-1,-1,-1,9,2,E01019721,0
Unvalidated,2024070371488,2024,070371488,2,9,0,18,8,3,0,0,0,0,0,0,4,1,6,2,44,7,-1,-1,-1,-1,9,3,E01018669,0
Unvalidated,2024070371488,2024,070371488,3,98,1,15,3,8,0,0,0,0,0,0,0,1,1,1,-1,-1,-1,-1,-1,-1,-1,-1,-1,0
Unvalidated,2024070371488,2024,070371488,4,9,0,2,0,0,0,0,0,0,0,0,0,1,6,1,-1,-1,-1,-1,-1,-1,-1,-1,-1,0
Unvalidated,2024070371488,2024,070371488,5,9,0,2,0,0,0,0,0,0,0,0,0,1,6,2,-1,-1,-1,-1,-1,-1,-1,-1,-1,0
Unvalidated,2024070372744,2024,070372744,1,9,0,5,1,5,0,1,0,0,0,0,3,1,6,1,81,11,-1,-1,-1,-1,10,2,E01018724,0
Unvalidated,2024070372744,2024,070372744,2,19,0,18,7,3,0,8,1,0,7,1,1,1,6,1,51,8,-1,-1,-1,-1,6,1,E01018736,0
Unvalidated,2024070372997,2024,070372997,1,9,0,18,1,5,0,8,0,0,0,0,0,1,6,1,57,9,-1,-1,-1,-1,8,1,E01018395,0
Unvalidated,2024070372997,2024,070372997,2,5,0,18,1,5,0,8,1,0,0,0,3,1,6,1,31,6,-1,-1,-1,-1,2,1,E01018400,0
Unvalidated,2024070374577,2024,070374577,1,8,0,18,7,3,0,1,0,0,0,0,3,1,1,1,52,8,-1,-1,-1,-1,2,1,E01018312,0
Unvalidated,2024070376783,2024,070376783,1,9,0,18,3,7,0,8,0,0,0,0,1,1,2,2,48,8,-1,-1,-1,-1,-1,-1,-1,0
Unvalidated,2024070376783,2024,070376783,2,19,0,18,5,1,0,8,0,0,0,0,1,1,1,1,60,9,-1,-1,-1,-1,3,1,E01018435,0
Unvalidated,2024070377576,2024,070377576,1,9,0,10,3,1,0,6,0,0,0,0,3,1,6,2,19,4,-1,-1,-1,-1,9,3,E01006348,0
Unvalidated,2024070377576,2024,070377576,2,9,0,18,1,5,0,1,0,0,0,0,1,1,6,1,57,9,-1,-1,-1,-1,5,3,E01012468,0
Unvalidated,2024070379380,2024,070379380,1,9,0,9,1,5,0,1,0,0,0,0,1,1,6,2,76,11,-1,-1,-1,-1,7,1,E01018699,0
Unvalidated,2024070379380,2024,070379380,2,3,0,18,5,1,0,1,5,0,0,0,1,1,6,2,31,6,-1,-1,-1,-1,6,1,E01018674,0
Unvalidated,2024070384229,2024,070384229,1,9,0,1,1,6,0,0,0,0,0,0,3,1,6,1,-1,-1,-1,-1,-1,-1,-1,-1,-1,0
Unvalidated,2024070384229,2024,070384229,2,5,0,18,7,3,0,0,0,0,0,0,1,1,6,1,58,9,-1,-1,-1,-1,10,1,E01018643,0
Unvalidated,2024070387038,2024,070387038,1,19,0,18,6,2,0,0,0,0,0,0,1,1,6,1,-1,-1,-1,-1,-1,-1,-1,-1,-1,0