status,collision_index,collision_year,collision_reference,vehicle_reference,vehicle_type,towing_and_articulation,vehicle_manoeuvre,vehicle_direction_from,vehicle_direction_to,vehicle_location_restricted_lane,junction_location,skidding_and_overturning,hit_object_in_carriageway,vehicle_leaving_carriageway,hit_object_off_carriageway,first_point_of_impact,vehicle_left_hand_drive,journey_purpose_of_driver,sex_of_driver,age_of_driver,age_band_of_driver,engine_capacity_cc,propulsion_code,age_of_vehicle,generic_make_model,driver_imd_decile,driver_home_area_type,lsoa_of_driver,escooter_flag
Unvalidated,2024070387038,2024,070387038,2,9,0,12,6,2,0,0,1,0,4,6,2,1,6,2,36,7,-1,-1,-1,-1,1,1,E01005240,0
Unvalidated,2024070390372,2024,070390372,1,3,0,18,5,1,0,8,0,0,0,0,1,1,6,1,21,5,-1,-1,-1,-1,10,1,E01018696,0
Unvalidated,2024070390372,2024,070390372,2,9,0,9,7,3,0,8,0,0,0,0,3,1,1,1,69,10,-1,-1,-1,-1,4,1,E01007288,0
Unvalidated,2024070392412,2024,070392412,1,9,0,4,8,5,0,1,0,0,0,0,2,1,2,1,56,9,-1,-1,-1,-1,1,1,E01012408,0
Unvalidated,2024070392412,2024,070392412,2,21,1,12,8,5,0,1,0,0,0,0,1,1,1,1,41,7,-1,-1,-1,-1,2,1,E01025480,0
Unvalidated,2024070394732,2024,070394732,1,9,0,18,2,5,0,0,0,0,0,0,1,1,6,2,53,8,-1,-1,-1,-1,8,1,E01012565,0
Unvalidated,2024070394732,2024,070394732,2,9,0,6,5,2,0,0,0,0,0,0,3,1,6,1,35,6,-1,-1,-1,-1,-1,-1,-1,0
Unvalidated,2024070395968,2024,070395968,1,9,0,18,1,5,0,0,0,0,0,0,1,1,2,1,34,6,-1,-1,-1,-1,7,2,E01018686,0
Unvalidated,2024070395968,2024,070395968,2,9,0,3,5,1,0,0,0,0,0,0,4,1,2,1,41,7,-1,-1,-1,-1,6,1,E01018472,0
Unvalidated,2024070395968,2024,070395968,3,9,0,3,5,1,0,0,0,0,0,0,1,1,2,2,42,7,-1,-1,-1,-1,1,1,E01018738,0
Unvalidated,2024070395968,2024,070395968,4,9,0,3,5,1,0,0,0,0,0,0,1,1,2,1,38,7,-1,-1,-1,-1,8,1,E01018440,0
Unvalidated,2024070396682,2024,070396682,1,21,1,11,3,6,0,0,0,0,0,0,4,1,1,1,-1,-1,-1,-1,-1,-1,-1,-1,-1,0
Unvalidated,2024070396682,2024,070396682,2,9,0,18,3,7,0,0,0,0,0,0,3,1,6,2,60,9,-1,-1,-1,-1,2,1,E01018714,0
Unvalidated,2024070396724,2024,070396724,1,3,0,16,6,2,0,0,1,0,6,0,4,1,6,1,18,4,-1,-1,-1,-1,3,1,E01018732,0
Unvalidated,2024070397465,2024,070397465,1,9,0,3,5,1,0,4,0,0,0,0,4,1,6,1,44,7,-1,-1,-1,-1,8,1,E01018344,0
Unvalidated,2024070397465,2024,070397465,2,9,0,3,5,1,0,4,0,0,0,0,3,1,6,1,52,8,-1,-1,-1,-1,9,2,E01018339,0
Unvalidated,2024070397596,2024,070397596,1,9,0,2,3,7,0,1,0,4,0,0,1,1,6,1,65,9,-1,-1,-1,-1,-1,-1,-1,0
Unvalidated,2024070397596,2024,070397596,2,9,0,2,0,0,6,1,0,0,0,0,3,1,6,2,-1,-1,-1,-1,-1,-1,-1,-1,-1,0
Unvalidated,2024070397776,2024,070397776,1,9,0,5,3,7,0,0,0,0,0,0,3,1,6,2,-1,-1,-1,-1,-1,-1,9,3,W01000300,0
Unvalidated,2024070397776,2024,070397776,2,1,0,5,3,7,0,0,0,0,0,0,4,1,6,1,53,8,-1,-1,-1,-1,-1,-1,-1,0
Unvalidated,2024070398167,2024,070398167,1,9,0,18,7,5,0,1,0,0,0,0,1,1,6,1,21,5,-1,-1,-1,-1,9,1,E01012376,0
Unvalidated,2024070398167,2024,070398167,2,9,0,3,7,5,0,1,0,0,0,0,2,1,6,1,24,5,-1,-1,-1,-1,2,1,E01012412,0
Unvalidated,2024070398270,2024,070398270,1,9,0,10,7,3,0,1,0,0,0,0,4,1,6,2,-1,-1,-1,-1,-1,-1,-1,-1,-1,0
Unvalidated,2024070398270,2024,070398270,2,9,0,18,7,3,0,1,0,0,0,0,2,1,6,2,39,7,-1,-1,-1,-1,7,3,E01018591,0
Unvalidated,2024070398330,2024,070398330,1,9,0,5,1,5,0,4,0,0,0,0,1,1,6,3,-1,-1,-1,-1,-1,-1,-1,-1,-1,0
Unvalidated,2024070398330,2024,070398330,2,9,0,5,1,5,0,4,0,0,1,2,3,1,6,2,19,4,-1,-1,-1,-1,3,1,E01018447,0
Unvalidated,2024070398464,2024,070398464,1,1,0,15,5,1,0,1,0,0,0,0,1,1,6,1,35,6,-1,-1,-1,-1,-1,-1,-1,0
Unvalidated,2024070398464,2024,070398464,2,9,0,5,5,1,0,1,0,0,7,0,3,1,6,2,27,6,-1,-1,-1,-1,2,1,E01012525,0
Unvalidated,2024070400141,2024,070400141,1,90,0,11,1,5,0,0,1,0,0,0,4,1,6,2,56,9,-1,-1,-1,-1,8,1,E01007154,0
Unvalidated,2024070400141,2024,070400141,2,21,1,18,1,5,0,0,0,0,0,0,3,1,1,1,40,7,-1,-1,-1,-1,5,1,E01006427,0
Unvalidated,2024070402353,2024,070402353,1,9,0,18,8,4,9,5,0,0,0,0,1,1,6,2,-1,-1,-1,-1,-1,-1,-1,-1,-1,0
Unvalidated,2024070402476,2024,070402476,1,3,0,16,8,3,0,0,0,0,0,1,1,1,2,1,17,4,-1,-1,-1,-1,9,1,E01018474,0
Unvalidated,2024070402476,2024,070402476,2,9,0,17,3,8,0,0,0,0,0,0,1,1,2,2,41,7,-1,-1,-1,-1,10,2,E01018471,0
Unvalidated,2024070402511,2024,070402511,1,9,0,18,5,1,0,0,0,0,0,0,1,1,6,2,57,9,-1,-1,-1,-1,8,1,E01012565,0
Unvalidated,2024070402511,2024,070402511,2,1,0,18,1,5,0,0,0,0,0,0,1,1,1,2,56,9,-1,-1,-1,-1,8,1,E01012565,0
Unvalidated,2024070402607,2024,070402607,1,9,0,18,3,7,0,0,0,0,0,0,2,1,2,1,19,4,-1,-1,-1,-1,8,1,E01018593,0
Unvalidated,2024070402607,2024,070402607,2,9,0,4,3,7,0,0,0,0,1,0,1,1,2,1,49,8,-1,-1,-1,-1,8,1,-1,0
Unvalidated,2024070402618,2024,070402618,1,9,0,4,8,4,0,0,0,0,0,0,2,1,3,1,39,7,-1,-1,-1,-1,2,1,E01012466,0
Unvalidated,2024070402618,2024,070402618,2,9,0,5,8,4,0,0,0,0,0,0,1,1,6,1,69,10,-1,-1,-1,-1,10,2,E01012489,0
Unvalidated,2024070402699,2024,070402699,1,5,0,4,7,3,0,0,1,0,0,0,1,1,6,1,41,7,-1,-1,-1,-1,1,1,E01026173,0
Unvalidated,2024070402699,2024,070402699,2,9,0,3,7,3,0,0,0,0,0,0,2,1,6,1,32,6,-1,-1,-1,-1,2,1,E01026170,0
Unvalidated,2024070402699,2024,070402699,3,5,0,4,3,7,0,0,0,0,1,9,3,1,6,1,78,11,-1,-1,-1,-1,10,1,E01018506,0
Unvalidated,2024070402783,2024,070402783,1,9,0,18,3,7,0,0,0,0,0,0,1,1,6,3,-1,-1,-1,-1,-1,-1,-1,-1,-1,0
Unvalidated,2024070402783,2024,070402783,2,1,0,18,3,7,9,0,0,0,0,0,1,1,6,2,41,7,-1,-1,-1,-1,8,3,E01012385,0
Unvalidated,2024070402886,2024,070402886,1,9,0,18,5,1,0,0,0,0,0,0,3,1,3,2,41,7,-1,-1,-1,-1,8,1,E01018510,0
Unvalidated,2024070403247,2024,070403247,1,9,0,12,3,7,0,8,0,0,0,0,1,1,6,2,56,9,-1,-1,-1,-1,4,3,E01028866,0
Unvalidated,2024070403247,2024,070403247,2,21,1,18,3,7,0,8,0,0,0,0,2,1,1,1,59,9,-1,-1,-1,-1,8,1,-1,0
Unvalidated,2024070403247,2024,070403247,3,21,1,18,3,7,0,8,0,0,0,0,1,1,1,1,37,7,-1,-1,-1,-1,5,1,W01001644,0
Unvalidated,2024070403528,2024,070403528,1,9,0,-1,1,5,-1,0,0,0,7,4,1,1,-1,2,56,9,-1,-1,-1,-1,6,3,E01018356,0
Unvalidated,2024070403528,2024,070403528,2,21,0,-1,1,5,-1,0,0,0,0,0,3,1,-1,1,35,6,-1,-1,-1,-1,-1,3,-1,0
Unvalidated,2024070404021,2024,070404021,1,9,0,18,6,2,0,0,0,0,0,0,1,1,6,1,77,11,-1,-1,-1,-1,3,1,E01018746,0
Unvalidated,2024070404021,2024,070404021,2,9,0,3,6,2,0,0,0,0,0,0,2,1,6,2,40,7,-1,-1,-1,-1,4,1,E01018712,0
Unvalidated,2024070404186,2024,070404186,1,9,0,4,3,7,0,4,0,0,0,0,1,1,6,3,-1,-1,-1,-1,-1,-1,-1,-1,-1,0
Unvalidated,2024070404186,2024,070404186,2,9,0,4,3,7,0,4,0,0,0,0,2,1,6,2,71,10,-1,-1,-1,-1,10,1,E01018589,0
Unvalidated,2024070405227,2024,070405227,1,8,0,18,4,8,0,0,0,0,0,0,4,1,1,1,70,10,-1,-1,-1,-1,3,1,E01018731,0
Unvalidated,2024070405227,2024,070405227,2,9,0,2,0,0,0,0,0,0,0,0,3,1,6,3,-1,-1,-1,-1,-1,-1,8,1,E01032685,0
Unvalidated,2024070405227,2024,070405227,3,9,0,2,0,0,0,0,0,0,0,0,3,1,6,3,-1,-1,-1,-1,-1,-1,10,2,E01018690,0
Unvalidated,2024070405227,2024,070405227,4,9,0,2,0,0,0,0,0,0,0,0,3,1,6,3,-1,-1,-1,-1,-1,-1,6,1,E01018736,0
Unvalidated,2024070405227,2024,070405227,5,9,0,2,0,0,0,0,0,0,0,0,3,1,6,3,-1,-1,-1,-1,-1,-1,2,1,E01018739,0
Unvalidated,2024070405417,2024,070405417,1,9,0,9,8,6,0,6,0,0,0,0,3,1,6,2,30,6,-1,-1,-1,-1,3,1,E01018548,0
Unvalidated,2024070407071,2024,070407071,1,3,0,15,2,6,0,0,0,0,0,0,3,1,6,1,18,4,-1,-1,-1,-1,2,1,E01018400,0
Unvalidated,2024070407071,2024,070407071,2,9,0,5,2,6,0,0,0,0,0,0,1,1,6,1,60,9,-1,-1,-1,-1,4,1,E01018402,0
Unvalidated,2024070407335,2024,070407335,1,9,0,18,3,7,0,8,0,7,3,11,1,1,6,1,44,7,-1,-1,-1,-1,7,3,E01028899,0
Unvalidated,2024070409460,2024,070409460,1,2,0,6,7,3,0,6,1,0,0,0,1,1,6,2,14,3,-1,-1,-1,-1,7,3,E01012476,0
Unvalidated,2024070409460,2024,070409460,2,9,0,18,5,1,0,8,0,0,0,0,1,1,6,2,63,9,-1,-1,-1,-1,9,1,E01006331,0
Unvalidated,2024070409849,2024,070409849,1,9,0,1,3,7,0,8,0,0,0,0,2,1,6,1,-1,-1,-1,-1,-1,-1,-1,-1,-1,0
Unvalidated,2024070410434,2024,070410434,1,9,0,18,3,7,0,8,2,0,6,6,1,1,6,2,91,11,-1,-1,-1,-1,-1,-1,-1,0
Unvalidated,2024070411746,2024,070411746,1,1,0,7,5,7,0,8,0,0,0,0,1,1,6,1,8,2,-1,-1,-1,-1,1,1,E01012381,0
Unvalidated,2024070411746,2024,070411746,2,9,0,18,3,7,0,8,0,0,0,0,4,1,6,2,57,9,-1,-1,-1,-1,6,1,E01012440,0
Unvalidated,2024070411783,2024,070411783,1,5,0,7,7,2,0,8,5,0,0,11,1,1,6,1,39,7,-1,-1,-1,-1,6,3,E01028885,0
Unvalidated,2024070411784,2024,070411784,1,9,0,4,2,6,9,6,0,0,0,0,4,1,6,2,77,11,-1,-1,-1,-1,8,1,E01018703,0
Unvalidated,2024070411784,2024,070411784,2,1,0,18,5,1,9,1,0,0,0,0,1,1,6,1,6,2,-1,-1,-1,-1,7,1,E01018699,0
Unvalidated,2024070412612,2024,070412612,1,19,0,18,7,3,0,0,1,0,0,0,1,1,6,1,35,6,-1,-1,-1,-1,-1,-1,-1,0
Unvalidated,2024070412612,2024,070412612,2,9,0,18,3,7,0,0,0,0,0,0,1,1,6,1,66,10,-1,-1,-1,-1,3,1,E01018464,0
Unvalidated,2024070412809,2024,070412809,1,9,0,9,3,1,0,6,0,0,0,0,3,1,6,2,31,6,-1,-1,-1,-1,9,1,E01023644,0
Unvalidated,2024070412809,2024,070412809,2,4,0,18,1,5,0,1,0,0,0,0,1,1,6,1,41,7,-1,-1,-1,-1,3,1,E01012510,0
Unvalidated,2024070414472,2024,070414472,1,9,0,18,1,5,0,0,0,2,0,0,1,1,6,1,39,7,-1,-1,-1,-1,7,1,E01025537,0
Unvalidated,2024070414472,2024,070414472,2,9,0,18,1,5,0,0,0,2,0,0,2,1,6,1,32,6,-1,-1,-1,-1,5,1,E01019852,0
Unvalidated,2024070414472,2024,070414472,3,9,0,18,1,5,0,0,0,2,0,0,2,1,6,1,-1,-1,-1,-1,-1,-1,-1,-1,-1,0
Unvalidated,2024070414863,2024,070414863,1,9,0,12,7,3,0,0,0,0,7,0,3,1,6,1,54,8,-1,-1,-1,-1,6,1,E01018736,0
Unvalidated,2024070414863,2024,070414863,2,5,0,14,7,3,0,0,0,0,7,0,4,1,6,1,63,9,-1,-1,-1,-1,10,1,E01018427,0
Unvalidated,2024070415060,2024,070415060,1,9,0,-1,7,3,-1,0,0,0,0,0,1,1,-1,2,28,6,-1,-1,-1,-1,9,1,E01018526,0
Unvalidated,2024070415060,2024,070415060,2,9,0,-1,7,3,-1,0,0,0,0,0,1,1,-1,2,28,6,-1,-1,-1,-1,2,1,E01018327,0
Unvalidated,2024070415060,2024,070415060,3,9,0,-1,7,3,-1,0,0,0,0,0,1,1,-1,2,36,7,-1,-1,-1,-1,2,1,E01018314,0
Unvalidated,2024070416159,2024,070416159,1,9,0,4,2,5,0,1,0,0,0,0,1,1,2,1,32,6,-1,-1,-1,-1,9,1,E01006117,0
Unvalidated,2024070416159,2024,070416159,2,9,0,8,2,5,0,1,0,0,0,0,2,1,6,1,24,5,-1,-1,-1,-1,4,1,E01018329,0
Unvalidated,2024070416180,2024,070416180,1,9,0,4,3,7,0,0,0,0,0,0,1,1,2,2,20,4,-1,-1,-1,-1,3,1,E01018746,0
Unvalidated,2024070416180,2024,070416180,2,9,0,4,3,7,0,0,0,0,0,0,2,1,2,2,20,4,-1,-1,-1,-1,7,1,E01018699,0
Unvalidated,2024070416180,2024,070416180,3,9,0,4,3,7,0,0,0,0,0,0,2,1,3,2,42,7,-1,-1,-1,-1,3,1,E01018730,0
Unvalidated,2024070416488,2024,070416488,1,9,0,9,5,3,0,6,0,0,0,0,1,1,6,1,86,11,-1,-1,-1,-1,9,1,E01018531,0
Unvalidated,2024070416818,2024,070416818,1,19,0,4,7,3,0,0,0,0,0,0,4,1,1,1,-1,-1,-1,-1,-1,-1,6,2,E01025202,0
Unvalidated,2024070416818,2024,070416818,2,9,0,11,7,3,0,0,0,0,0,0,1,1,1,1,21,5,-1,-1,-1,-1,9,1,E01012376,0
Unvalidated,2024070416818,2024,070416818,3,9,0,11,7,3,0,0,0,0,0,0,2,1,6,2,-1,-1,-1,-1,-1,-1,-1,-1,-1,0
Unvalidated,2024070416818,2024,070416818,4,9,0,18,7,3,0,0,0,0,0,0,1,1,6,2,-1,-1,-1,-1,-1,-1,8,1,E01018567,0
Unvalidated,2024070417616,2024,070417616,1,5,0,18,6,2,0,4,5,9,3,0,1,1,2,1,43,7,-1,-1,-1,-1,2,1,E01006866,0
Unvalidated,2024070417986,2024,070417986,1,9,0,9,1,5,0,6,0,0,0,0,1,1,6,1,71,10,-1,-1,-1,-1,1,1,E01012396,0
Unvalidated,2024070417986,2024,070417986,2,3,0,18,3,7,0,1,0,0,7,0,4,1,6,1,27,6,-1,-1,-1,-1,1,1,E01012402,0
Unvalidated,2024070420097,2024,070420097,1,9,0,18,5,1,0,0,1,0,0,0,1,1,6,2,44,7,-1,-1,-1,-1,6,1,E01018736,0
Unvalidated,2024070420097,2024,070420097,2,9,0,18,1,5,0,0,5,0,0,0,1,1,2,1,42,7,-1,-1,-1,-1,-1,-1,-1,0
Unvalidated,2024070420476,2024,070420476,1,9,0,18,8,3,0,8,0,0,0,0,4,1,6,1,84,11,-1,-1,-1,-1,4,1,E01018747,0
Unvalidated,2024070420476,2024,070420476,2,3,0,18,2,6,0,1,0,0,0,0,1,1,6,1,26,6,-1,-1,-1,-1,4,1,E01018709,0
Unvalidated,2024070422201,2024,070422201,1,9,0,5,5,1,0,6,0,0,7,11,1,1,6,2,23,5,-1,-1,-1,-1,-1,-1,-1,0
Unvalidated,2024070422201,2024,070422201,2,9,0,18,2,6,0,1,0,0,7,11,4,1,6,1,46,8,-1,-1,-1,-1,-1,-1,-1,0
Unvalidated,2024070422389,2024,070422389,1,9,0,9,1,7,0,8,0,0,0,0,4,1,6,1,74,10,-1,-1,-1,-1,3,1,E01018461,0
Unvalidated,2024070422389,2024,070422389,2,1,0,18,5,1,0,8,0,0,0,0,1,1,4,1,12,3,-1,-1,-1,-1,1,1,E01018476,0
Unvalidated,2024070422655,2024,070422655,1,9,0,9,3,1,0,8,0,9,0,0,1,1,2,2,51,8,-1,-1,-1,-1,8,1,E01012565,0
Unvalidated,2024070422655,2024,070422655,2,1,0,18,1,5,0,8,0,9,0,0,4,1,6,1,43,7,-1,-1,-1,-1,9,1,E01012568,0
Unvalidated,2024070424107,2024,070424107,1,9,0,4,1,3,0,4,0,0,0,0,1,1,6,1,90,11,-1,-1,-1,-1,5,3,E01018418,0
Unvalidated,2024070424107,2024,070424107,2,4,0,4,1,3,0,4,5,0,0,0,2,1,6,1,19,4,-1,-1,-1,-1,1,1,E01014328,0
Unvalidated,2024070424411,2024,070424411,1,19,0,5,7,3,0,6,0,0,0,0,1,1,6,1,36,7,-1,-1,-1,-1,10,1,E01018431,0
Unvalidated,2024070424411,2024,070424411,2,9,0,18,5,1,0,8,0,0,0,0,4,1,6,2,55,8,-1,-1,-1,-1,7,1,E01018409,0
Unvalidated,2024070424581,2024,070424581,1,9,0,18,7,3,0,2,0,0,3,9,1,1,6,1,84,11,-1,-1,-1,-1,9,3,E01012448,0
Unvalidated,2024070424632,2024,070424632,1,9,0,18,2,6,0,8,0,0,0,0,1,1,6,1,27,6,-1,-1,-1,-1,2,1,E01018553,0
Unvalidated,2024070424642,2024,070424642,1,9,0,18,7,3,0,0,1,4,0,0,1,1,6,1,36,7,-1,-1,-1,-1,9,3,E01018669,0
Unvalidated,2024070424642,2024,070424642,2,19,0,2,0,0,0,0,0,0,1,0,2,1,6,3,-1,-1,-1,-1,-1,-1,-1,-1,-1,0
Unvalidated,2024070424642,2024,070424642,3,9,0,2,0,0,0,0,0,0,0,0,2,1,6,3,-1,-1,-1,-1,-1,-1,-1,-1,-1,0
Unvalidated,2024070424692,2024,070424692,1,9,0,18,1,5,0,0,0,0,0,0,1,1,6,2,46,8,-1,-1,-1,-1,3,1,E01012459,0
Unvalidated,2024070424692,2024,070424692,2,9,0,18,1,5,0,0,0,0,0,0,2,1,6,2,46,8,-1,-1,-1,-1,3,1,E01012459,0
Unvalidated,2024070425790,2024,070425790,1,9,0,18,3,7,0,8,0,0,0,0,1,1,6,2,-1,-1,-1,-1,-1,-1,-1,-1,-1,0
Unvalidated,2024070425790,2024,070425790,2,3,0,18,5,1,0,8,0,0,0,0,1,1,6,1,16,4,-1,-1,-1,-1,5,1,E01012464,0
Unvalidated,2024070426323,2024,070426323,1,9,0,18,2,6,0,0,0,0,0,0,1,1,6,1,80,11,-1,-1,-1,-1,10,3,E01018667,0
Unvalidated,2024070426323,2024,070426323,2,1,0,18,2,6,0,0,0,0,0,0,2,1,2,1,38,7,-1,-1,-1,-1,4,1,E01018629,0
Unvalidated,2024070426818,2024,070426818,1,9,0,18,1,5,0,4,0,0,0,0,1,1,6,2,-1,-1,-1,-1,-1,-1,6,1,E01018674,0
Unvalidated,2024070426818,2024,070426818,2,9,0,3,1,5,0,4,0,0,0,0,2,1,6,2,46,8,-1,-1,-1,-1,2,1,E01018467,0
Unvalidated,2024070427081,2024,070427081,1,9,0,16,5,1,0,0,1,10,7,10,1,1,6,1,81,11,-1,-1,-1,-1,10,1,E01018632,0
Unvalidated,2024070429003,2024,070429003,1,9,0,9,6,4,0,5,0,0,0,0,3,1,6,1,52,8,-1,-1,-1,-1,1,1,E01012483,0
Unvalidated,2024070429229,2024,070429229,1,9,0,18,6,2,0,0,0,0,0,0,4,1,6,2,33,6,-1,-1,-1,-1,7,1,W01000255,0
Unvalidated,2024070429952,2024,070429952,1,9,0,9,5,2,0,8,0,0,0,0,3,1,6,1,34,6,-1,-1,-1,-1,1,1,E01018462,0
Unvalidated,2024070429952,2024,070429952,2,90,0,18,5,1,0,8,0,0,0,0,1,1,6,1,16,4,-1,-1,-1,-1,4,1,E01018454,0
Unvalidated,2024070430091,2024,070430091,1,9,0,18,2,6,0,0,0,0,0,0,1,1,6,1,33,6,-1,-1,-1,-1,1,1,E01012480,0
Unvalidated,2024070431678,2024,070431678,1,19,0,18,6,3,0,8,0,0,0,0,1,1,6,1,50,8,-1,-1,-1,-1,-1,-1,-1,0
Unvalidated,2024070431678,2024,070431678,2,9,0,9,6,5,0,8,0,0,0,0,2,1,6,1,-1,-1,-1,-1,-1,-1,6,1,E01006935,0
Unvalidated,2024070432121,2024,070432121,1,9,0,13,1,5,0,8,0,0,0,0,1,1,6,1,52,8,-1,-1,-1,-1,4,1,E01018613,0
Unvalidated,2024070432121,2024,070432121,2,1,0,10,1,5,0,8,0,0,0,0,2,1,6,1,40,7,-1,-1,-1,-1,8,1,E01018403,0
Unvalidated,2024070432783,2024,070432783,1,11,0,18,4,8,0,0,0,0,0,0,3,1,1,1,-1,-1,-1,-1,-1,-1,-1,-1,-1,0
Unvalidated,2024070432783,2024,070432783,2,1,0,18,4,8,0,0,0,0,0,0,4,1,6,1,15,3,-1,-1,-1,-1,5,2,E01018367,0
Unvalidated,2024070434264,2024,070434264,1,9,0,18,2,6,0,2,0,0,0,0,1,1,6,2,-1,-1,-1,-1,-1,-1,-1,-1,-1,0
Unvalidated,2024070434264,2024,070434264,2,9,0,9,4,2,0,2,0,0,0,0,4,1,6,1,77,11,-1,-1,-1,-1,-1,-1,-1,0
Unvalidated,2024070434331,2024,070434331,1,9,0,18,8,4,0,1,0,0,0,0,1,1,6,1,24,5,-1,-1,-1,-1,3,1,E01018461,0
Unvalidated,2024070434331,2024,070434331,2,19,0,18,8,4,0,1,0,0,0,0,2,1,1,1,31,6,-1,-1,-1,-1,3,1,E01018730,0
Unvalidated,2024070434331,2024,070434331,3,9,0,9,8,6,0,5,0,0,0,0,0,1,6,3,-1,-1,-1,-1,-1,-1,-1,-1,-1,0
Unvalidated,2024070434726,2024,070434726,1,1,0,18,7,3,0,8,0,0,0,0,3,1,6,1,15,3,-1,-1,-1,-1,6,3,E01012554,0
Unvalidated,2024070434726,2024,070434726,2,9,0,18,5,1,0,8,0,0,0,0,3,1,6,1,44,7,-1,-1,-1,-1,-1,-1,-1,0
Unvalidated,2024070434959,2024,070434959,1,9,0,1,1,3,9,0,0,0,0,0,2,1,6,1,75,10,-1,-1,-1,-1,6,2,E01018679,0
Unvalidated,2024070435389,2024,070435389,1,21,1,17,3,1,0,0,2,0,1,10,1,1,1,1,60,9,-1,-1,-1,-1,3,1,E01005618,0
Unvalidated,2024070435613,2024,070435613,1,11,0,5,1,5,0,0,0,0,0,0,1,1,6,1,70,10,-1,-1,-1,-1,3,2,E01018729,0
Unvalidated,2024070436268,2024,070436268,1,9,0,1,4,7,0,0,0,0,0,0,2,1,6,1,-1,-1,-1,-1,-1,-1,10,1,E01018663,0
Unvalidated,2024070436268,2024,070436268,2,1,0,18,2,6,0,0,0,0,0,0,4,1,6,2,49,8,-1,-1,-1,-1,7,1,E01005836,0
Unvalidated,2024070436936,2024,070436936,1,19,0,5,7,5,0,8,0,0,0,0,1,1,2,1,35,6,-1,-1,-1,-1,10,1,E01018431,0
Unvalidated,2024070436936,2024,070436936,2,9,0,18,3,7,0,8,0,0,0,0,4,1,6,2,55,8,-1,-1,-1,-1,7,1,E01018409,0
Unvalidated,2024070439143,2024,070439143,1,9,0,18,1,5,0,0,0,0,0,11,3,1,2,2,20,4,-1,-1,-1,-1,9,2,E01018585,0
Unvalidated,2024070439143,2024,070439143,2,9,0,18,5,1,0,0,1,0,0,11,3,1,2,1,20,4,-1,-1,-1,-1,7,3,E01019713,0
Unvalidated,2024070441251,2024,070441251,1,9,0,3,1,5,0,8,0,0,7,11,2,1,2,1,87,11,-1,-1,-1,-1,-1,-1,-1,0
Unvalidated,2024070441251,2024,070441251,2,9,0,3,1,5,0,8,0,0,0,0,1,1,2,1,52,8,-1,-1,-1,-1,-1,-1,-1,0
Unvalidated,2024070442018,2024,070442018,1,9,0,4,5,1,0,4,0,0,0,0,3,1,6,1,66,10,-1,-1,-1,-1,8,1,E01018432,0
Unvalidated,2024070442128,2024,070442128,1,9,0,7,2,4,0,6,0,0,0,0,3,1,6,1,72,10,-1,-1,-1,-1,10,2,E01018325,0
Unvalidated,2024070442128,2024,070442128,2,9,0,18,8,4,0,1,0,0,0,0,1,1,6,1,76,11,-1,-1,-1,-1,6,3,E01018373,0
Unvalidated,2024070445015,2024,070445015,1,19,0,18,5,8,0,1,0,0,0,0,1,1,6,1,-1,-1,-1,-1,-1,-1,-1,-1,-1,0
Unvalidated,2024070445015,2024,070445015,2,9,0,3,5,8,0,1,0,0,0,0,2,1,6,2,21,5,-1,-1,-1,-1,1,1,E01006909,0
Unvalidated,2024070445342,2024,070445342,1,9,0,8,5,8,0,1,0,0,0,0,1,1,6,2,57,9,-1,-1,-1,-1,9,1,E01006088,0
Unvalidated,2024070445342,2024,070445342,2,9,0,3,5,2,0,1,0,0,0,0,4,1,6,2,42,7,-1,-1,-1,-1,7,1,E01006099,0
Unvalidated,2024070446092,2024,070446092,1,1,0,18,3,7,4,1,0,0,0,0,1,1,4,1,18,4,-1,-1,-1,-1,2,1,E01018467,0
Unvalidated,2024070446092,2024,070446092,2,9,0,7,3,5,0,5,0,0,0,0,4,1,3,2,33,6,-1,-1,-1,-1,10,1,E01018490,0
Unvalidated,2024070446749,2024,070446749,1,9,0,10,5,3,0,5,0,0,0,0,1,1,6,2,30,6,-1,-1,-1,-1,-1,-1,-1,0
Unvalidated,2024070446749,2024,070446749,2,9,0,9,3,1,0,2,0,0,0,0,3,1,6,2,40,7,-1,-1,-1,-1,-1,-1,-1,0
Unvalidated,2024070446749,2024,070446749,3,9,0,18,5,1,0,1,0,0,0,0,2,1,6,2,30,6,-1,-1,-1,-1,-1,-1,-1,0
Unvalidated,2024070446837,2024,070446837,1,9,0,18,3,3,0,0,0,0,7,11,1,1,6,2,49,8,-1,-1,-1,-1,7,1,E01029768,0
Unvalidated,2024070447632,2024,070447632,1,9,0,18,1,5,0,2,0,0,0,0,4,1,6,1,-1,-1,-1,-1,-1,-1,-1,-1,-1,0
Unvalidated,2024070447632,2024,070447632,2,9,0,2,0,0,0,2,0,0,0,0,0,1,6,2,52,8,-1,-1,-1,-1,1,1,E01012441,0
Unvalidated,2024070448427,2024,070448427,1,9,0,18,7,3,0,0,0,0,0,0,0,1,3,2,33,6,-1,-1,-1,-1,8,3,E01018465,0
Unvalidated,2024070448444,2024,070448444,1,9,0,16,3,7,0,3,0,0,0,0,3,1,6,1,53,8,-1,-1,-1,-1,9,2,E01033378,0
Unvalidated,2024070448444,2024,070448444,2,21,0,16,3,7,0,3,0,0,0,0,0,1,6,1,53,8,-1,-1,-1,-1,7,1,E01011521,0
Unvalidated,2024070448519,2024,070448519,1,9,0,1,1,7,0,1,0,0,0,0,2,1,6,2,-1,-1,-1,-1,-1,-1,-1,-1,-1,0