status,collision_index,collision_year,collision_reference,vehicle_reference,vehicle_type,towing_and_articulation,vehicle_manoeuvre,vehicle_direction_from,vehicle_direction_to,vehicle_location_restricted_lane,junction_location,skidding_and_overturning,hit_object_in_carriageway,vehicle_leaving_carriageway,hit_object_off_carriageway,first_point_of_impact,vehicle_left_hand_drive,journey_purpose_of_driver,sex_of_driver,age_of_driver,age_band_of_driver,engine_capacity_cc,propulsion_code,age_of_vehicle,generic_make_model,driver_imd_decile,driver_home_area_type,lsoa_of_driver,escooter_flag
Unvalidated,2024070450706,2024,070450706,1,19,0,17,8,3,0,0,0,0,0,0,4,1,6,1,-1,-1,-1,-1,-1,-1,-1,-1,-1,0
Unvalidated,2024070450706,2024,070450706,2,16,0,17,8,3,0,0,0,0,0,0,3,1,6,2,24,5,-1,-1,-1,-1,3,1,E01029766,0
Unvalidated,2024070450791,2024,070450791,1,9,0,18,5,1,0,3,0,0,0,0,4,1,6,1,-1,-1,-1,-1,-1,-1,9,1,E01018442,0
Unvalidated,2024070450791,2024,070450791,2,2,0,18,5,1,0,3,0,0,0,0,3,1,6,1,17,4,-1,-1,-1,-1,6,3,E01018722,0
Unvalidated,2024070453020,2024,070453020,1,9,0,6,1,6,0,8,0,0,0,0,4,1,6,1,67,10,-1,-1,-1,-1,4,1,E01005628,0
Unvalidated,2024070453020,2024,070453020,2,9,0,7,1,4,0,5,0,0,0,0,3,1,6,1,26,6,-1,-1,-1,-1,8,1,E01018403,0
Unvalidated,2024070453236,2024,070453236,1,9,0,9,6,1,0,0,0,0,0,0,2,1,6,1,34,6,-1,-1,-1,-1,6,1,E01010230,0
Unvalidated,2024070453236,2024,070453236,2,9,0,18,6,1,0,0,0,0,0,0,1,1,6,2,44,7,-1,-1,-1,-1,10,1,E01018694,0
Unvalidated,2024070453433,2024,070453433,1,4,0,18,3,7,0,2,5,0,0,0,3,1,6,1,56,9,-1,-1,-1,-1,3,1,E01032930,0
Unvalidated,2024070453433,2024,070453433,2,9,0,4,7,3,0,1,0,0,0,0,4,1,6,1,24,5,-1,-1,-1,-1,7,3,E01018335,0
Unvalidated,2024070453957,2024,070453957,1,9,0,5,7,3,0,6,0,0,0,0,1,1,6,1,51,8,-1,-1,-1,-1,9,3,E01018684,0
Unvalidated,2024070453957,2024,070453957,2,1,0,18,1,5,0,8,0,0,0,0,3,1,6,1,54,8,-1,-1,-1,-1,9,1,E01018365,0
Unvalidated,2024070456970,2024,070456970,1,9,0,18,7,3,0,1,0,0,0,0,1,1,2,2,23,5,-1,-1,-1,-1,6,1,E01018625,0
Unvalidated,2024070456970,2024,070456970,2,9,0,4,7,3,0,1,0,0,0,0,2,1,2,1,-1,-1,-1,-1,-1,-1,-1,-1,-1,0
Unvalidated,2024070456970,2024,070456970,3,9,0,4,7,3,0,1,0,0,0,0,2,1,2,1,-1,-1,-1,-1,-1,-1,-1,-1,-1,0
Unvalidated,2024070457139,2024,070457139,1,9,0,9,7,5,0,2,0,0,0,0,1,1,6,1,37,7,-1,-1,-1,-1,3,1,E01018464,0
Unvalidated,2024070460084,2024,070460084,1,9,0,18,7,3,0,0,0,0,0,0,1,1,6,1,58,9,-1,-1,-1,-1,-1,-1,-1,0
Unvalidated,2024070460084,2024,070460084,2,9,0,4,7,3,0,0,0,0,0,0,2,1,6,1,64,9,-1,-1,-1,-1,-1,-1,-1,0
Unvalidated,2024070460177,2024,070460177,1,9,0,5,7,3,0,6,0,0,0,0,1,1,6,2,-1,-1,-1,-1,-1,-1,-1,-1,-1,0
Unvalidated,2024070460177,2024,070460177,2,1,0,18,1,5,0,8,0,0,0,0,4,1,2,2,38,7,-1,-1,-1,-1,4,1,E01012504,0
Unvalidated,2024070460690,2024,070460690,1,9,0,18,6,2,0,8,0,0,0,0,1,1,6,1,30,6,-1,-1,-1,-1,-1,-1,-1,0
Unvalidated,2024070460690,2024,070460690,2,9,0,18,6,2,0,8,0,0,0,0,2,1,6,2,47,8,-1,-1,-1,-1,3,1,E01012454,0
Unvalidated,2024070460728,2024,070460728,1,9,0,1,7,1,0,6,0,0,0,0,2,1,6,3,-1,-1,-1,-1,-1,-1,-1,-1,-1,0
Unvalidated,2024070460728,2024,070460728,2,1,0,18,5,1,0,2,0,0,0,0,3,1,4,1,11,3,-1,-1,-1,-1,8,1,E01018655,0
Unvalidated,2024070461431,2024,070461431,1,9,0,18,6,2,0,0,0,0,0,0,1,1,6,2,31,6,-1,-1,-1,-1,-1,-1,-1,0
Unvalidated,2024070461431,2024,070461431,2,21,0,18,2,6,0,0,0,0,0,0,1,1,1,1,36,7,-1,-1,-1,-1,1,1,E01012396,0
Unvalidated,2024070462217,2024,070462217,1,19,0,5,8,4,0,0,0,0,0,0,4,2,2,1,-1,-1,-1,-1,-1,-1,-1,-1,-1,0
Unvalidated,2024070463333,2024,070463333,1,90,0,18,1,5,0,0,0,0,0,0,1,1,6,1,16,4,-1,-1,-1,-1,-1,-1,-1,1
Unvalidated,2024070463333,2024,070463333,2,1,0,18,3,7,0,0,0,0,0,0,4,1,6,1,62,9,-1,-1,-1,-1,9,1,E01012562,0
Unvalidated,2024070463357,2024,070463357,1,9,0,4,8,4,0,0,1,0,0,0,1,1,2,2,64,9,-1,-1,-1,-1,-1,-1,-1,0
Unvalidated,2024070463357,2024,070463357,2,9,0,4,8,4,0,0,1,0,0,0,1,1,2,1,-1,-1,-1,-1,-1,-1,-1,-1,-1,0
Unvalidated,2024070463357,2024,070463357,3,9,0,4,8,4,0,0,1,0,0,0,1,1,2,1,-1,-1,-1,-1,-1,-1,-1,-1,-1,0
Unvalidated,2024070463357,2024,070463357,4,9,0,4,8,4,0,0,1,0,0,0,2,1,2,1,-1,-1,-1,-1,-1,-1,-1,-1,-1,0
Unvalidated,2024070463500,2024,070463500,1,9,0,18,8,3,0,8,0,0,0,0,4,1,6,1,68,10,-1,-1,-1,-1,10,3,E01018518,0
Unvalidated,2024070463500,2024,070463500,2,9,0,18,8,3,0,8,0,0,0,0,3,1,6,1,51,8,-1,-1,-1,-1,1,1,E01007155,0
Unvalidated,2024070463500,2024,070463500,3,9,0,18,8,3,0,8,0,0,1,0,3,1,6,2,50,8,-1,-1,-1,-1,9,1,E01018568,0
Unvalidated,2024070463840,2024,070463840,1,3,0,18,1,5,0,0,0,0,0,0,3,1,6,1,30,6,-1,-1,-1,-1,1,1,E01006844,0
Unvalidated,2024070463840,2024,070463840,2,9,0,4,5,1,0,0,0,0,0,0,3,1,1,1,39,7,-1,-1,-1,-1,2,1,E01033302,0
Unvalidated,2024070464491,2024,070464491,1,9,0,9,3,1,0,1,0,0,3,9,1,1,1,2,34,6,-1,-1,-1,-1,10,2,E01029747,0
Unvalidated,2024070464585,2024,070464585,1,9,0,15,2,6,0,1,0,0,0,0,1,1,1,1,55,8,-1,-1,-1,-1,6,2,E01018682,0
Unvalidated,2024070464610,2024,070464610,1,9,0,18,3,7,0,1,0,0,0,0,1,1,6,3,-1,-1,-1,-1,-1,-1,-1,-1,-1,0
Unvalidated,2024070464729,2024,070464729,1,9,0,5,1,4,0,1,0,0,7,0,3,1,6,1,54,8,-1,-1,-1,-1,-1,-1,-1,0
Unvalidated,2024070465770,2024,070465770,1,9,0,1,3,7,0,2,0,0,0,0,2,1,6,2,29,6,-1,-1,-1,-1,-1,-1,-1,0
Unvalidated,2024070466168,2024,070466168,1,8,0,5,3,1,0,0,0,0,0,0,4,1,6,1,40,7,-1,-1,-1,-1,4,1,E01014271,0
Unvalidated,2024070468394,2024,070468394,1,9,0,18,4,8,0,0,1,0,0,0,3,1,6,2,87,11,-1,-1,-1,-1,5,1,E01018426,0
Unvalidated,2024070468394,2024,070468394,2,9,0,2,0,0,0,0,0,4,0,0,3,1,6,3,-1,-1,-1,-1,-1,-1,-1,-1,-1,0
Unvalidated,2024070468862,2024,070468862,1,9,0,5,3,7,0,0,0,0,0,0,4,1,2,1,-1,-1,-1,-1,-1,-1,9,1,E01012566,0
Unvalidated,2024070471041,2024,070471041,1,9,0,5,5,1,0,1,0,0,0,0,1,1,6,2,45,7,-1,-1,-1,-1,-1,-1,-1,0
Unvalidated,2024070471041,2024,070471041,2,9,0,18,3,7,0,2,5,0,1,11,4,1,6,1,79,11,-1,-1,-1,-1,-1,-1,-1,0
Unvalidated,2024070471796,2024,070471796,1,5,0,18,7,3,0,1,0,0,5,6,3,1,6,1,58,9,-1,-1,-1,-1,6,1,E01018472,0
Unvalidated,2024070471796,2024,070471796,2,9,0,18,7,3,0,1,0,0,0,0,0,1,6,1,36,7,-1,-1,-1,-1,7,1,E01029814,0
Unvalidated,2024070471878,2024,070471878,1,5,0,18,3,8,0,8,1,0,0,0,3,1,6,1,34,6,-1,-1,-1,-1,3,1,E01012507,0
Unvalidated,2024070471922,2024,070471922,1,9,0,9,5,3,0,6,0,0,0,0,1,1,6,1,-1,-1,-1,-1,-1,-1,4,1,E01018647,0
Unvalidated,2024070471922,2024,070471922,2,9,0,18,1,7,0,8,0,0,0,0,4,1,2,1,62,9,-1,-1,-1,-1,2,1,E01018645,0
Unvalidated,2024070473262,2024,070473262,1,9,0,13,1,5,0,0,0,0,0,0,1,1,6,1,32,6,-1,-1,-1,-1,6,1,E01008352,0
Unvalidated,2024070473262,2024,070473262,2,8,0,18,1,5,0,0,0,0,0,7,2,1,6,1,39,7,-1,-1,-1,-1,-1,-1,-1,0
Unvalidated,2024070474063,2024,070474063,1,9,0,18,1,5,0,0,0,0,0,0,1,1,6,2,78,11,-1,-1,-1,-1,8,1,E01012389,0
Unvalidated,2024070474063,2024,070474063,2,9,0,2,5,1,0,0,0,0,0,0,1,1,6,3,-1,-1,-1,-1,-1,-1,-1,-1,-1,0
Unvalidated,2024070474291,2024,070474291,1,9,0,9,5,3,0,8,0,0,0,1,3,1,6,2,18,4,-1,-1,-1,-1,10,1,E01018643,0
Unvalidated,2024070474291,2024,070474291,2,9,0,18,1,5,0,8,0,0,0,0,1,1,6,1,69,10,-1,-1,-1,-1,10,1,E01018652,0
Unvalidated,2024070475770,2024,070475770,1,9,0,18,8,4,0,1,0,0,0,0,1,2,6,2,67,10,-1,-1,-1,-1,9,1,E01012392,0
Unvalidated,2024070475770,2024,070475770,2,9,0,3,8,4,0,1,0,0,0,0,2,1,6,2,47,8,-1,-1,-1,-1,3,1,E01012369,0
Unvalidated,2024070476754,2024,070476754,1,9,0,16,2,6,0,1,0,0,7,1,1,1,6,2,40,7,-1,-1,-1,-1,4,1,E01012478,0
Unvalidated,2024070476882,2024,070476882,1,8,0,5,5,1,0,0,0,0,0,0,0,1,6,1,24,5,-1,-1,-1,-1,1,1,E01012546,0
Unvalidated,2024070476929,2024,070476929,1,9,0,18,4,8,0,0,0,0,0,0,1,1,6,1,38,7,-1,-1,-1,-1,3,1,E01018552,0
Unvalidated,2024070476929,2024,070476929,2,1,0,18,6,2,0,0,0,0,0,0,3,1,6,1,12,3,-1,-1,-1,-1,-1,-1,-1,0
Unvalidated,2024070476966,2024,070476966,1,9,0,16,7,3,0,0,0,0,1,0,1,1,6,1,40,7,-1,-1,-1,-1,1,1,E01033330,0
Unvalidated,2024070476966,2024,070476966,2,9,0,17,3,7,0,0,0,0,1,0,1,1,6,1,33,6,-1,-1,-1,-1,8,1,E01012549,0
Unvalidated,2024070478232,2024,070478232,1,19,0,5,8,3,7,0,0,2,0,0,1,1,1,1,-1,-1,-1,-1,-1,-1,5,1,E01033016,0
Unvalidated,2024070479115,2024,070479115,1,9,0,18,7,3,0,0,0,0,0,0,2,1,6,1,52,8,-1,-1,-1,-1,1,1,E01012397,0
Unvalidated,2024070479115,2024,070479115,2,9,0,18,7,3,0,0,0,0,0,0,1,1,6,1,17,4,-1,-1,-1,-1,3,1,E01017078,0
Unvalidated,2024070479384,2024,070479384,1,1,0,5,3,7,0,0,0,0,0,0,1,1,6,2,11,3,-1,-1,-1,-1,5,1,E01018733,0
Unvalidated,2024070479384,2024,070479384,2,9,0,18,5,1,0,0,0,0,0,0,1,1,1,1,19,4,-1,-1,-1,-1,7,3,E01018449,0
Unvalidated,2024070479446,2024,070479446,1,9,0,17,6,2,0,3,0,0,0,0,4,1,6,2,40,7,-1,-1,-1,-1,9,1,E01012493,0
Unvalidated,2024070479446,2024,070479446,2,9,0,17,6,2,0,3,0,0,0,0,3,1,6,1,60,9,-1,-1,-1,-1,1,1,E01012424,0
Unvalidated,2024070479701,2024,070479701,1,9,0,18,7,3,0,1,0,0,0,0,4,1,2,2,55,8,-1,-1,-1,-1,9,1,E01018473,0
Unvalidated,2024070480816,2024,070480816,1,9,0,7,3,5,0,4,0,0,0,0,0,1,6,3,-1,-1,-1,-1,-1,-1,-1,-1,-1,0
Unvalidated,2024070480816,2024,070480816,2,5,0,9,7,5,0,3,0,0,0,0,0,1,6,1,48,8,-1,-1,-1,-1,8,1,E01018655,0
Unvalidated,2024070481392,2024,070481392,1,9,0,1,1,3,0,1,0,0,0,0,2,1,6,2,53,8,-1,-1,-1,-1,9,2,E01012516,0
Unvalidated,2024070484728,2024,070484728,1,9,0,5,5,1,0,0,0,0,0,0,2,1,6,2,79,11,-1,-1,-1,-1,3,1,E01018552,0
Unvalidated,2024070484728,2024,070484728,2,3,0,18,1,5,0,0,0,0,0,0,1,1,6,2,55,8,-1,-1,-1,-1,4,1,E01018549,0
Unvalidated,2024070484790,2024,070484790,1,9,0,18,1,5,0,1,0,0,0,0,1,1,6,2,78,11,-1,-1,-1,-1,10,1,E01012452,0
Unvalidated,2024070484790,2024,070484790,2,9,0,9,3,7,0,6,0,0,0,0,3,1,6,1,80,11,-1,-1,-1,-1,10,3,E01018518,0
Unvalidated,2024070485935,2024,070485935,1,9,0,18,5,7,0,0,0,0,0,0,1,1,1,1,-1,-1,-1,-1,-1,-1,-1,-1,-1,0
Unvalidated,2024070485935,2024,070485935,2,9,0,18,5,7,0,0,0,0,0,0,2,1,6,1,-1,-1,-1,-1,-1,-1,-1,-1,-1,0
Unvalidated,2024070485935,2024,070485935,3,9,0,18,5,7,0,0,0,0,0,0,1,1,1,1,-1,-1,-1,-1,-1,-1,-1,-1,-1,0
Unvalidated,2024070486205,2024,070486205,1,9,0,18,3,7,0,0,1,0,8,4,1,1,6,1,17,4,-1,-1,-1,-1,10,1,E01005930,0
Unvalidated,2024070488532,2024,070488532,1,9,0,18,2,6,0,0,0,0,0,0,4,1,6,1,-1,-1,-1,-1,-1,-1,8,1,E01012435,0
Unvalidated,2024070488532,2024,070488532,2,9,0,18,6,2,0,0,0,0,0,0,3,1,6,1,30,6,-1,-1,-1,-1,1,1,E01012445,0
Unvalidated,2024070488604,2024,070488604,1,9,0,-1,2,6,-1,0,0,0,0,0,1,1,-1,1,22,5,-1,-1,-1,-1,8,1,E01012462,0
Unvalidated,2024070488604,2024,070488604,2,9,0,-1,2,6,-1,0,0,0,0,0,2,1,-1,2,33,6,-1,-1,-1,-1,5,1,E01012544,0
Unvalidated,2024070488627,2024,070488627,1,9,0,15,8,4,0,0,0,0,0,0,3,1,6,2,59,9,-1,-1,-1,-1,8,1,E01018440,0
Unvalidated,2024070488627,2024,070488627,2,4,0,18,4,8,0,0,0,0,0,0,2,1,6,1,19,4,-1,-1,-1,-1,8,1,E01018424,0
Unvalidated,2024070488756,2024,070488756,1,1,0,18,3,1,0,1,0,0,0,0,3,1,6,1,16,4,-1,-1,-1,-1,7,1,E01012501,0
Unvalidated,2024070488756,2024,070488756,2,9,0,18,1,5,0,1,0,0,0,0,1,1,6,2,29,6,-1,-1,-1,-1,7,1,E01012527,0
Unvalidated,2024070490182,2024,070490182,1,9,0,18,3,7,0,0,1,0,0,0,1,1,6,2,27,6,-1,-1,-1,-1,2,1,E01018596,0
Unvalidated,2024070490182,2024,070490182,2,9,0,18,7,3,0,0,0,0,0,0,1,1,6,2,21,5,-1,-1,-1,-1,4,1,E01018398,0
Unvalidated,2024070490876,2024,070490876,1,9,0,18,5,1,0,0,0,0,0,0,1,1,6,1,19,4,-1,-1,-1,-1,1,1,E01006758,0
Unvalidated,2024070490876,2024,070490876,2,19,0,3,5,1,0,0,0,0,0,0,2,1,1,1,25,5,-1,-1,-1,-1,5,1,E01004466,0
Unvalidated,2024070492674,2024,070492674,1,9,0,18,6,2,0,1,0,0,0,0,1,2,6,3,-1,-1,-1,-1,-1,-1,-1,-1,-1,0
Unvalidated,2024070492680,2024,070492680,1,5,0,18,5,4,0,1,2,0,1,10,1,1,6,1,66,10,-1,-1,-1,-1,9,1,E01018492,0
Unvalidated,2024070492917,2024,070492917,1,9,0,18,3,7,0,0,0,0,0,0,1,1,6,2,43,7,-1,-1,-1,-1,2,1,E01018467,0
Unvalidated,2024070492917,2024,070492917,2,9,0,18,7,3,0,0,0,0,1,11,1,1,6,2,18,4,-1,-1,-1,-1,8,3,E01029792,0
Unvalidated,2024070493113,2024,070493113,1,9,0,6,6,7,0,8,0,0,0,0,3,1,6,1,74,10,-1,-1,-1,-1,9,1,E01018365,0
Unvalidated,2024070493113,2024,070493113,2,9,0,18,2,6,0,8,0,0,0,0,1,1,6,1,42,7,-1,-1,-1,-1,2,1,E01018364,0
Unvalidated,2024070493499,2024,070493499,1,9,0,6,6,1,0,6,0,0,0,0,0,1,2,2,72,10,-1,-1,-1,-1,5,1,E01018426,0
Unvalidated,2024070493499,2024,070493499,2,5,0,13,6,6,0,6,1,0,0,0,3,1,2,1,72,10,-1,-1,-1,-1,4,1,E01018712,0
Unvalidated,2024070493534,2024,070493534,1,1,0,18,5,7,0,8,0,0,0,0,1,1,6,1,56,9,-1,-1,-1,-1,1,1,E01012508,0
Unvalidated,2024070493534,2024,070493534,2,9,0,18,7,3,0,8,0,0,0,0,1,1,6,2,23,5,-1,-1,-1,-1,2,1,E01012525,0
Unvalidated,2024070493631,2024,070493631,1,19,0,7,6,1,0,0,1,0,1,10,3,1,6,1,29,6,-1,-1,-1,-1,9,2,E01018430,0
Unvalidated,2024070493631,2024,070493631,2,17,0,10,2,5,0,0,0,0,0,0,1,1,1,1,28,6,-1,-1,-1,-1,7,1,E01018429,0
Unvalidated,2024070494560,2024,070494560,1,9,0,9,7,3,0,6,0,0,0,0,1,1,3,2,52,8,-1,-1,-1,-1,9,1,E01012531,0
Unvalidated,2024070494560,2024,070494560,2,9,0,18,5,1,0,8,0,0,0,0,4,1,3,2,48,8,-1,-1,-1,-1,8,1,E01012395,0
Unvalidated,2024070495705,2024,070495705,1,9,0,5,3,7,0,6,0,0,0,0,3,1,6,1,77,11,-1,-1,-1,-1,8,3,E01018721,0
Unvalidated,2024070495705,2024,070495705,2,1,0,18,2,5,0,8,0,0,0,0,4,1,6,1,70,10,-1,-1,-1,-1,9,2,E01012516,0
Unvalidated,2024070496988,2024,070496988,1,10,0,4,7,3,0,0,0,0,0,0,1,2,1,1,37,7,-1,-1,-1,-1,7,1,E01029735,0
Unvalidated,2024070496988,2024,070496988,2,9,0,4,7,3,0,0,0,0,0,0,2,2,6,1,27,6,-1,-1,-1,-1,-1,-1,-1,0
Unvalidated,2024070497877,2024,070497877,1,9,0,18,1,5,0,6,0,0,0,0,1,1,6,1,-1,-1,-1,-1,-1,-1,-1,-1,-1,0
Unvalidated,2024070497877,2024,070497877,2,9,0,4,1,5,0,6,0,0,0,0,2,1,6,2,31,6,-1,-1,-1,-1,2,1,E01012654,0
Unvalidated,2024070498338,2024,070498338,1,9,0,18,6,2,0,0,0,0,0,0,0,1,6,3,-1,-1,-1,-1,-1,-1,-1,-1,-1,0
Unvalidated,2024070498338,2024,070498338,2,9,0,18,2,6,0,0,2,0,1,0,4,1,6,2,19,4,-1,-1,-1,-1,1,1,E01005121,0
Unvalidated,2024070499123,2024,070499123,1,9,0,18,3,6,0,2,0,0,0,0,4,1,6,3,-1,-1,-1,-1,-1,-1,-1,-1,-1,0
Unvalidated,2024070499270,2024,070499270,1,9,0,9,1,7,0,2,0,0,0,0,4,1,6,2,74,10,-1,-1,-1,-1,8,1,E01018434,0
Unvalidated,2024070499270,2024,070499270,2,9,0,18,3,3,0,1,0,0,0,0,1,1,6,2,31,6,-1,-1,-1,-1,-1,-1,-1,0
Unvalidated,2024070499320,2024,070499320,1,21,0,18,6,2,0,0,0,0,0,0,1,1,1,1,38,7,-1,-1,-1,-1,4,1,E01007160,0
Unvalidated,2024070499976,2024,070499976,1,9,0,7,1,3,0,6,0,0,0,0,3,1,2,2,-1,-1,-1,-1,-1,-1,-1,-1,-1,0
Unvalidated,2024070499976,2024,070499976,2,9,0,16,7,3,0,8,0,0,0,0,4,1,2,2,18,4,-1,-1,-1,-1,10,1,E01018667,0
Unvalidated,2024070500703,2024,070500703,1,9,0,18,2,6,0,0,0,0,0,0,1,1,6,2,23,5,-1,-1,-1,-1,5,1,E01006118,0
Unvalidated,2024070500703,2024,070500703,2,19,0,18,2,6,0,0,0,0,0,0,2,1,1,1,27,6,-1,-1,-1,-1,4,1,E01012460,0
Unvalidated,2024070500711,2024,070500711,1,9,0,9,1,7,0,8,0,0,0,0,1,1,2,2,22,5,-1,-1,-1,-1,5,1,E01006208,0
Unvalidated,2024070500711,2024,070500711,2,9,0,16,7,3,0,1,0,0,0,0,1,1,2,2,47,8,-1,-1,-1,-1,8,1,E01018609,0
Unvalidated,2024070500732,2024,070500732,1,9,0,14,5,1,0,1,0,0,0,0,1,1,6,3,-1,-1,-1,-1,-1,-1,-1,-1,-1,0
Unvalidated,2024070501118,2024,070501118,1,9,0,8,8,6,0,1,0,0,7,10,1,1,6,1,63,9,-1,-1,-1,-1,8,1,E01018443,0
Unvalidated,2024070501487,2024,070501487,1,9,0,18,7,3,0,0,0,0,0,0,3,1,6,1,81,11,-1,-1,-1,-1,9,1,E01029608,0
Unvalidated,2024070501487,2024,070501487,2,9,0,18,7,3,0,0,5,0,0,0,4,1,6,2,23,5,-1,-1,-1,-1,10,1,E01017859,0
Unvalidated,2024070502276,2024,070502276,1,3,0,18,6,2,0,0,0,0,1,4,1,1,6,1,17,4,-1,-1,-1,-1,2,1,E01018314,0
Unvalidated,2024070503849,2024,070503849,1,9,0,5,8,4,0,1,0,0,0,0,1,1,2,1,72,10,-1,-1,-1,-1,5,1,E01018313,0
Unvalidated,2024070505433,2024,070505433,1,1,0,5,2,6,0,6,0,0,0,0,3,1,1,1,22,5,-1,-1,-1,-1,8,1,E01018510,0
Unvalidated,2024070505433,2024,070505433,2,9,0,4,8,4,5,8,0,0,0,0,1,1,6,2,-1,-1,-1,-1,-1,-1,-1,-1,-1,0
Unvalidated,2024070505441,2024,070505441,1,9,0,7,6,8,0,1,0,0,0,0,4,1,6,2,33,6,-1,-1,-1,-1,1,1,E01018486,0
Unvalidated,2024070505499,2024,070505499,1,9,0,10,6,2,0,1,0,0,0,0,3,1,6,1,18,4,-1,-1,-1,-1,9,1,E01012374,0
Unvalidated,2024070505499,2024,070505499,2,9,0,3,6,2,0,1,0,0,0,0,1,1,6,2,22,5,-1,-1,-1,-1,4,1,E01012432,0
Unvalidated,2024070505707,2024,070505707,1,8,0,18,4,8,0,0,0,0,0,0,1,1,1,1,60,9,-1,-1,-1,-1,6,1,E01018627,0
Unvalidated,2024070505707,2024,070505707,2,9,0,18,4,8,0,0,0,0,0,0,2,1,6,1,19,4,-1,-1,-1,-1,10,1,E01018641,0
Unvalidated,2024070507024,2024,070507024,1,98,0,18,8,4,0,0,0,0,0,0,0,1,1,1,59,9,-1,-1,-1,-1,8,3,E01018515,0
Unvalidated,2024070507937,2024,070507937,1,9,0,9,3,1,0,8,0,0,0,0,1,1,6,1,86,11,-1,-1,-1,-1,3,1,E01018534,0
Unvalidated,2024070509079,2024,070509079,1,9,0,18,6,4,0,0,0,0,0,0,0,1,6,2,49,8,-1,-1,-1,-1,6,1,E01012540,0
Unvalidated,2024070509079,2024,070509079,2,1,0,18,8,4,0,0,0,0,0,0,0,1,6,1,46,8,-1,-1,-1,-1,1,1,E01012533,0
Unvalidated,2024070509938,2024,070509938,1,9,0,4,1,5,0,1,0,0,7,4,3,1,6,2,77,11,-1,-1,-1,-1,10,1,E01018407,0
Unvalidated,2024070509938,2024,070509938,2,9,0,4,1,5,0,2,0,0,0,0,1,1,6,1,63,9,-1,-1,-1,-1,3,1,E01029766,0
Unvalidated,2024070510651,2024,070510651,1,19,0,18,7,3,0,0,0,0,0,0,1,1,1,1,35,6,-1,-1,-1,-1,10,3,E01022596,0
Unvalidated,2024070510651,2024,070510651,2,4,0,3,7,3,0,0,0,0,0,0,2,1,1,1,56,9,-1,-1,-1,-1,8,1,E01011217,0
Unvalidated,2024070510728,2024,070510728,1,9,0,4,1,4,0,0,0,0,0,0,4,1,6,2,82,11,-1,-1,-1,-1,10,1,E01005787,0
Unvalidated,2024070511262,2024,070511262,1,9,0,18,1,2,0,0,0,4,0,0,4,1,6,2,30,6,-1,-1,-1,-1,1,1,E01018459,0
Unvalidated,2024070511262,2024,070511262,2,9,0,2,0,0,0,0,0,0,0,0,4,1,6,2,-1,-1,-1,-1,-1,-1,-1,-1,-1,0
Unvalidated,2024070511262,2024,070511262,3,19,0,2,3,4,0,0,0,4,0,0,2,1,6,1,-1,-1,-1,-1,-1,-1,-1,-1,-1,0
Unvalidated,2024070511262,2024,070511262,4,9,0,2,0,0,0,0,0,0,0,0,1,1,6,2,-1,-1,-1,-1,-1,-1,-1,-1,-1,0
Unvalidated,2024070511630,2024,070511630,1,9,0,18,4,8,0,0,0,0,0,0,1,1,6,1,26,6,-1,-1,-1,-1,2,1,E01018498,0
Unvalidated,2024070512324,2024,070512324,1,9,0,18,6,2,0,0,0,0,0,0,1,1,6,2,58,9,-1,-1,-1,-1,10,1,E01018334,0
Unvalidated,2024070512324,2024,070512324,2,8,0,18,2,6,0,0,1,0,0,0,1,1,6,1,42,7,-1,-1,-1,-1,7,1,E01018361,0
Unvalidated,2024070512494,2024,070512494,1,9,0,9,1,7,0,1,0,0,0,0,3,1,6,2,35,6,-1,-1,-1,-1,8,1,E01012551,0
Unvalidated,2024070512494,2024,070512494,2,1,0,4,5,1,0,1,0,0,0,0,1,1,6,1,46,8,-1,-1,-1,-1,10,1,E01018590,0
Unvalidated,2024070513208,2024,070513208,1,9,0,18,5,1,0,8,0,0,0,0,1,1,6,2,28,6,-1,-1,-1,-1,3,1,E01012391,0
Unvalidated,2024070513208,2024,070513208,2,9,0,3,5,1,0,8,0,0,0,0,2,1,6,2,33,6,-1,-1,-1,-1,6,1,E01012378,0
Unvalidated,2024070513224,2024,070513224,1,9,0,9,3,1,0,6,0,0,0,0,3,1,6,2,36,7,-1,-1,-1,-1,5,1,E01006473,0
Unvalidated,2024070513224,2024,070513224,2,9,0,18,1,5,0,1,0,0,0,0,3,1,6,1,73,10,-1,-1,-1,-1,8,3,E01018465,0
Unvalidated,2024070514461,2024,070514461,1,9,0,18,1,7,0,8,0,0,0,0,3,1,1,2,58,9,-1,-1,-1,-1,-1,-1,-1,0
Unvalidated,2024070514461,2024,070514461,2,9,0,18,7,3,0,8,0,0,0,0,1,1,1,1,61,9,-1,-1,-1,-1,-1,-1,-1,0
Unvalidated,2024070514569,2024,070514569,1,9,0,18,1,5,0,4,0,0,0,0,1,1,2,1,22,5,-1,-1,-1,-1,2,1,E01018564,0
Unvalidated,2024070514569,2024,070514569,2,9,0,3,1,5,0,4,0,0,0,0,2,1,6,2,52,8,-1,-1,-1,-1,3,1,E01018552,0
Unvalidated,2024070515230,2024,070515230,1,9,0,9,3,7,0,8,0,0,0,0,3,1,2,1,23,5,-1,-1,-1,-1,10,1,E01018384,0
Unvalidated,2024070515230,2024,070515230,2,9,0,18,8,4,0,6,0,0,0,0,1,1,6,1,83,11,-1,-1,-1,-1,5,3,E01018654,0
Unvalidated,2024070516320,2024,070516320,1,9,0,18,1,5,0,1,0,0,0,0,1,1,6,2,-1,-1,-1,-1,-1,-1,-1,-1,-1,0