status,collision_index,collision_year,collision_reference,vehicle_reference,vehicle_type,towing_and_articulation,vehicle_manoeuvre,vehicle_direction_from,vehicle_direction_to,vehicle_location_restricted_lane,junction_location,skidding_and_overturning,hit_object_in_carriageway,vehicle_leaving_carriageway,hit_object_off_carriageway,first_point_of_impact,vehicle_left_hand_drive,journey_purpose_of_driver,sex_of_driver,age_of_driver,age_band_of_driver,engine_capacity_cc,propulsion_code,age_of_vehicle,generic_make_model,driver_imd_decile,driver_home_area_type,lsoa_of_driver,escooter_flag
Unvalidated,2024070516320,2024,070516320,2,9,0,18,5,1,0,2,0,0,0,0,1,1,6,2,19,4,-1,-1,-1,-1,10,1,W01001116,0
Unvalidated,2024070516759,2024,070516759,1,9,0,16,1,5,0,0,0,0,0,0,3,1,6,2,82,11,-1,-1,-1,-1,7,3,E01018335,0
Unvalidated,2024070516759,2024,070516759,2,9,0,17,5,1,0,0,0,0,0,0,3,1,6,2,57,9,-1,-1,-1,-1,8,1,E01018348,0
Unvalidated,2024070516759,2024,070516759,3,9,0,17,5,1,0,0,0,0,0,0,1,1,6,1,34,6,-1,-1,-1,-1,10,1,E01018322,0
Unvalidated,2024070519079,2024,070519079,1,19,0,3,4,8,9,8,0,0,0,0,4,1,1,1,53,8,-1,-1,-1,-1,5,1,E01005362,0
Unvalidated,2024070519079,2024,070519079,2,1,0,18,6,2,9,8,0,0,0,0,1,1,4,1,13,3,-1,-1,-1,-1,4,1,E01018709,0
Unvalidated,2024070519149,2024,070519149,1,4,0,18,1,5,0,1,1,0,0,0,1,1,6,1,23,5,-1,-1,-1,-1,10,1,E01018419,0
Unvalidated,2024070519149,2024,070519149,2,9,0,4,1,5,0,1,0,0,0,0,0,1,6,2,-1,-1,-1,-1,-1,-1,7,1,E01018421,0
Unvalidated,2024070519149,2024,070519149,3,9,0,4,1,5,0,1,0,0,0,0,0,1,6,1,-1,-1,-1,-1,-1,-1,6,3,E01018479,0
Unvalidated,2024070519353,2024,070519353,1,9,0,9,2,8,0,6,0,0,0,0,4,1,6,1,60,9,-1,-1,-1,-1,1,1,E01012483,0
Unvalidated,2024070519353,2024,070519353,2,9,0,2,0,0,0,8,0,0,0,0,3,1,6,2,28,6,-1,-1,-1,-1,7,1,E01012524,0
Unvalidated,2024070521927,2024,070521927,1,9,0,18,2,6,0,0,0,0,0,0,1,1,6,1,55,8,-1,-1,-1,-1,6,2,E01020326,0
Unvalidated,2024070521927,2024,070521927,2,19,0,4,2,6,0,0,0,0,0,0,2,1,6,1,51,8,-1,-1,-1,-1,6,1,W01001510,0
Unvalidated,2024070522357,2024,070522357,1,19,0,18,2,6,0,0,0,0,0,0,1,1,2,1,36,7,-1,-1,-1,-1,4,1,E01006528,0
Unvalidated,2024070522357,2024,070522357,2,9,0,4,2,6,0,0,0,0,0,0,2,1,2,1,28,6,-1,-1,-1,-1,4,1,E01006228,0
Unvalidated,2024070522357,2024,070522357,3,9,0,4,2,6,0,0,0,0,0,0,2,1,2,1,37,7,-1,-1,-1,-1,8,1,E01007308,0
Unvalidated,2024070522357,2024,070522357,4,19,0,4,2,6,0,0,0,0,0,0,2,1,2,1,43,7,-1,-1,-1,-1,4,1,E01006854,0
Unvalidated,2024070522357,2024,070522357,5,9,0,4,2,6,0,0,0,0,0,0,2,1,2,1,61,9,-1,-1,-1,-1,-1,-1,-1,0
Unvalidated,2024070522713,2024,070522713,1,9,0,4,6,1,0,0,0,0,0,0,1,1,6,2,18,4,-1,-1,-1,-1,2,1,E01018701,0
Unvalidated,2024070523453,2024,070523453,1,9,0,16,5,1,0,0,0,0,1,4,1,1,2,1,65,9,-1,-1,-1,-1,4,1,E01006278,0
Unvalidated,2024070524028,2024,070524028,1,9,0,18,1,5,0,0,1,6,0,0,4,1,6,1,34,6,-1,-1,-1,-1,10,2,E01018468,0
Unvalidated,2024070525269,2024,070525269,1,9,0,18,4,7,0,7,0,0,0,0,1,1,6,1,23,5,-1,-1,-1,-1,10,1,W01000302,0
Unvalidated,2024070525269,2024,070525269,2,9,0,4,4,7,0,7,0,0,0,0,2,1,6,2,33,6,-1,-1,-1,-1,1,1,E01012403,0
Unvalidated,2024070526964,2024,070526964,1,9,0,18,2,6,0,8,0,0,0,0,1,1,6,3,-1,-1,-1,-1,-1,-1,-1,-1,-1,0
Unvalidated,2024070526964,2024,070526964,2,1,0,18,8,4,0,1,0,0,0,0,3,1,6,1,18,4,-1,-1,-1,-1,10,1,E01018507,0
Unvalidated,2024070527013,2024,070527013,1,9,0,5,7,3,0,1,0,0,0,0,1,1,6,1,64,9,-1,-1,-1,-1,10,3,E01018406,0
Unvalidated,2024070527013,2024,070527013,2,9,0,18,5,1,0,1,0,0,0,0,3,1,6,1,79,11,-1,-1,-1,-1,8,1,E01018403,0
Unvalidated,2024070527417,2024,070527417,1,9,0,18,6,2,6,2,1,0,0,0,1,1,1,1,38,7,-1,-1,-1,-1,3,1,E01012443,0
Unvalidated,2024070527417,2024,070527417,2,9,0,18,6,2,6,2,1,0,0,0,2,1,1,1,58,9,-1,-1,-1,-1,1,1,E01012480,0
Unvalidated,2024070527433,2024,070527433,1,9,0,5,3,6,0,8,0,0,0,0,1,1,6,2,38,7,-1,-1,-1,-1,9,1,E01029600,0
Unvalidated,2024070527433,2024,070527433,2,5,0,18,8,4,0,8,0,0,0,0,4,1,6,1,31,6,-1,-1,-1,-1,8,2,E01018495,0
Unvalidated,2024070527773,2024,070527773,1,5,0,16,8,3,0,2,0,4,0,0,1,1,6,1,63,9,-1,-1,-1,-1,5,1,E01018532,0
Unvalidated,2024070527773,2024,070527773,2,9,0,2,3,7,0,2,0,0,0,0,1,1,2,2,-1,-1,-1,-1,-1,-1,10,3,E01018518,0
Unvalidated,2024070527929,2024,070527929,1,9,0,15,1,2,0,8,0,0,0,0,4,1,6,1,-1,-1,-1,-1,-1,-1,-1,-1,-1,0
Unvalidated,2024070527929,2024,070527929,2,19,0,17,1,2,0,8,0,0,0,0,3,1,6,1,39,7,-1,-1,-1,-1,3,1,E01012522,0
Unvalidated,2024070528951,2024,070528951,1,9,0,5,7,3,0,6,0,0,7,0,1,1,6,1,20,4,-1,-1,-1,-1,-1,-1,-1,0
Unvalidated,2024070528951,2024,070528951,2,9,0,18,1,5,0,2,2,0,7,0,3,1,6,2,20,4,-1,-1,-1,-1,6,3,W01000021,0
Unvalidated,2024070531534,2024,070531534,1,9,0,18,8,4,0,0,0,0,0,0,1,1,6,3,-1,-1,-1,-1,-1,-1,-1,-1,-1,0
Unvalidated,2024070531534,2024,070531534,2,9,0,18,8,4,0,0,0,0,0,0,1,1,6,2,29,6,-1,-1,-1,-1,2,1,E01033302,0
Unvalidated,2024070532517,2024,070532517,1,98,5,18,5,1,0,0,4,0,1,4,1,1,1,1,38,7,-1,-1,-1,-1,3,1,E01018461,0
Unvalidated,2024070532645,2024,070532645,1,9,0,3,4,8,0,4,0,0,0,0,1,1,2,1,21,5,-1,-1,-1,-1,9,1,E01012374,0
Unvalidated,2024070532645,2024,070532645,2,9,0,5,4,8,0,4,0,0,0,0,2,1,6,1,57,9,-1,-1,-1,-1,8,2,E01017824,0
Unvalidated,2024070532822,2024,070532822,1,9,0,18,7,3,0,0,0,0,0,0,3,1,6,1,50,8,-1,-1,-1,-1,7,1,E01023532,0
Unvalidated,2024070532822,2024,070532822,2,9,0,18,3,7,0,0,0,0,0,0,3,1,6,1,32,6,-1,-1,-1,-1,10,1,E01018385,0
Unvalidated,2024070533079,2024,070533079,1,9,0,9,5,2,0,6,0,10,1,11,1,1,6,1,76,11,-1,-1,-1,-1,7,1,E01012371,0
Unvalidated,2024070533278,2024,070533278,1,9,0,18,3,7,0,0,0,0,0,0,1,1,6,2,52,8,-1,-1,-1,-1,6,2,E01018679,0
Unvalidated,2024070533278,2024,070533278,2,9,0,3,3,7,0,0,0,0,0,0,2,1,6,1,34,6,-1,-1,-1,-1,9,3,E01018684,0
Unvalidated,2024070533546,2024,070533546,1,9,0,10,5,3,0,1,0,0,0,0,3,1,6,1,37,7,-1,-1,-1,-1,1,1,E01012546,0
Unvalidated,2024070533546,2024,070533546,2,4,0,13,5,1,0,1,0,0,0,0,1,1,6,1,17,4,-1,-1,-1,-1,-1,-1,-1,0
Unvalidated,2024070534467,2024,070534467,1,9,0,4,2,6,0,0,0,0,0,0,1,1,1,1,-1,-1,-1,-1,-1,-1,-1,-1,-1,0
Unvalidated,2024070534467,2024,070534467,2,9,0,4,2,6,0,0,0,0,0,0,2,1,1,1,30,6,-1,-1,-1,-1,-1,-1,-1,0
Unvalidated,2024070534543,2024,070534543,1,4,0,16,1,5,0,0,0,0,0,3,1,1,1,1,54,8,-1,-1,-1,-1,5,1,E01018706,0
Unvalidated,2024070534764,2024,070534764,1,21,0,18,1,5,0,0,0,0,7,11,1,1,1,1,-1,-1,-1,-1,-1,-1,7,1,E01029582,0
Unvalidated,2024070534764,2024,070534764,2,9,0,18,5,1,0,0,0,0,1,9,1,1,3,2,35,6,-1,-1,-1,-1,5,2,E01028897,0
Unvalidated,2024070534821,2024,070534821,1,9,0,18,3,7,9,1,5,0,3,9,1,1,2,1,57,9,-1,-1,-1,-1,-1,-1,-1,0
Unvalidated,2024070535785,2024,070535785,1,1,0,18,7,3,0,0,0,0,0,0,1,1,6,1,71,10,-1,-1,-1,-1,7,3,E01018369,0
Unvalidated,2024070535785,2024,070535785,2,19,0,2,0,0,0,0,0,0,0,0,1,1,1,1,45,7,-1,-1,-1,-1,3,1,E01018446,0
Unvalidated,2024070536397,2024,070536397,1,9,0,16,7,2,0,0,0,0,0,0,1,1,6,1,61,9,-1,-1,-1,-1,6,2,E01018704,0
Unvalidated,2024070536397,2024,070536397,2,19,0,17,2,7,0,0,0,0,1,4,1,1,6,1,70,10,-1,-1,-1,-1,9,1,E01018383,0
Unvalidated,2024070536750,2024,070536750,1,10,0,18,3,7,0,0,0,0,0,1,1,1,6,1,38,7,-1,-1,-1,-1,6,1,E01012378,0
Unvalidated,2024070537353,2024,070537353,1,9,0,18,5,1,0,0,0,0,0,0,1,1,6,1,33,6,-1,-1,-1,-1,4,1,E01005757,0
Unvalidated,2024070537409,2024,070537409,1,21,1,18,5,1,0,0,0,0,0,0,1,1,1,1,51,8,-1,-1,-1,-1,9,1,E01012493,0
Unvalidated,2024070539531,2024,070539531,1,20,0,5,5,1,0,1,0,0,0,0,3,1,1,1,31,6,-1,-1,-1,-1,3,1,E01004905,0
Unvalidated,2024070539531,2024,070539531,2,1,0,13,5,1,0,1,0,0,0,0,4,1,6,1,31,6,-1,-1,-1,-1,10,1,E01018664,0
Unvalidated,2024070540057,2024,070540057,1,9,0,14,5,1,0,8,0,0,0,10,4,1,1,1,25,5,-1,-1,-1,-1,-1,-1,-1,0
Unvalidated,2024070540057,2024,070540057,2,9,0,10,7,3,0,1,0,0,0,0,1,1,6,1,20,4,-1,-1,-1,-1,10,1,E01018385,0
Unvalidated,2024070540073,2024,070540073,1,9,0,9,3,1,0,4,0,9,0,0,1,1,2,2,59,9,-1,-1,-1,-1,4,1,E01018454,0
Unvalidated,2024070540073,2024,070540073,2,9,0,9,5,2,0,4,0,9,0,0,1,1,6,1,-1,-1,-1,-1,-1,-1,6,1,E01018713,0
Unvalidated,2024070540767,2024,070540767,1,1,0,18,6,2,0,0,0,0,0,0,0,1,6,1,71,10,-1,-1,-1,-1,-1,-1,-1,0
Unvalidated,2024070541066,2024,070541066,1,9,0,18,8,4,0,4,0,0,0,0,1,1,6,2,-1,-1,-1,-1,-1,-1,-1,-1,-1,0
Unvalidated,2024070541066,2024,070541066,2,9,0,3,8,4,0,1,0,0,0,0,2,1,6,2,60,9,-1,-1,-1,-1,10,1,E01018607,0
Unvalidated,2024070541521,2024,070541521,1,17,4,18,4,8,0,0,5,0,1,0,0,1,1,1,46,8,-1,-1,-1,-1,-1,-1,-1,0
Unvalidated,2024070542234,2024,070542234,1,19,0,18,4,8,0,1,0,0,0,0,1,1,6,2,-1,-1,-1,-1,-1,-1,-1,-1,-1,0
Unvalidated,2024070542234,2024,070542234,2,9,0,3,4,8,0,1,0,0,0,0,2,1,3,2,33,6,-1,-1,-1,-1,1,1,E01018550,0
Unvalidated,2024070542584,2024,070542584,1,9,0,7,2,7,0,1,0,0,0,0,3,1,6,1,-1,-1,-1,-1,-1,-1,-1,-1,-1,0
Unvalidated,2024070542584,2024,070542584,2,1,0,9,7,2,0,1,2,0,0,0,3,1,6,1,58,9,-1,-1,-1,-1,2,1,E01018327,0
Unvalidated,2024070543062,2024,070543062,1,9,0,7,2,6,0,5,0,0,0,0,4,1,2,1,43,7,-1,-1,-1,-1,10,1,E01018491,0
Unvalidated,2024070543062,2024,070543062,2,1,0,18,2,6,9,5,0,0,0,0,1,1,2,1,18,4,-1,-1,-1,-1,3,1,E01018446,0
Unvalidated,2024070543565,2024,070543565,1,9,0,18,5,1,0,4,0,0,0,0,1,1,6,2,50,8,-1,-1,-1,-1,5,3,E01018308,0
Unvalidated,2024070543565,2024,070543565,2,9,0,18,3,7,0,8,5,0,0,10,4,1,2,1,54,8,-1,-1,-1,-1,7,1,E01018336,0
Unvalidated,2024070543694,2024,070543694,1,9,0,15,6,2,0,0,0,0,0,0,1,1,2,2,40,7,-1,-1,-1,-1,8,1,E01006169,0
Unvalidated,2024070543694,2024,070543694,2,9,0,2,0,0,0,0,0,0,0,0,2,1,6,1,-1,-1,-1,-1,-1,-1,3,1,E01018715,0
Unvalidated,2024070543694,2024,070543694,3,9,0,18,2,6,0,0,0,0,0,0,1,1,2,2,35,6,-1,-1,-1,-1,5,3,E01018654,0
Unvalidated,2024070543694,2024,070543694,4,9,0,2,0,0,0,0,0,0,0,0,2,1,6,1,-1,-1,-1,-1,-1,-1,3,1,E01018715,0
Unvalidated,2024070543751,2024,070543751,1,9,0,18,4,8,0,0,0,0,0,0,1,1,6,1,-1,-1,-1,-1,-1,-1,-1,-1,-1,0
Unvalidated,2024070543751,2024,070543751,2,9,0,18,4,8,0,0,0,0,0,0,0,1,6,2,32,6,-1,-1,-1,-1,-1,-1,-1,0
Unvalidated,2024070544698,2024,070544698,1,9,0,16,3,7,0,3,0,0,0,0,3,1,6,1,-1,-1,-1,-1,-1,-1,1,1,E01006873,0
Unvalidated,2024070544698,2024,070544698,2,5,0,17,3,7,0,3,0,0,0,0,4,1,2,2,43,7,-1,-1,-1,-1,9,2,E01012514,0
Unvalidated,2024070545344,2024,070545344,1,3,0,18,6,2,0,0,0,0,1,10,1,1,6,1,19,4,-1,-1,-1,-1,2,1,E01018551,0
Unvalidated,2024070545344,2024,070545344,2,9,0,4,2,6,0,0,0,0,0,0,1,1,2,1,28,6,-1,-1,-1,-1,2,1,E01018551,0
Unvalidated,2024070545461,2024,070545461,1,5,0,5,1,3,0,6,0,0,0,0,2,1,2,1,63,9,-1,-1,-1,-1,10,3,E01018349,0
Unvalidated,2024070545461,2024,070545461,2,5,0,18,7,3,0,8,2,0,0,0,1,1,6,1,55,8,-1,-1,-1,-1,9,1,E01018374,0
Unvalidated,2024070547835,2024,070547835,1,90,0,13,8,4,0,0,0,0,0,0,4,1,6,3,-1,-1,-1,-1,-1,-1,-1,-1,-1,0
Unvalidated,2024070547835,2024,070547835,2,1,0,18,8,4,0,0,0,0,1,0,3,1,6,1,48,8,-1,-1,-1,-1,3,1,E01006335,0
Unvalidated,2024070547835,2024,070547835,3,9,0,18,4,8,0,0,0,0,0,0,0,1,6,3,-1,-1,-1,-1,-1,-1,-1,-1,-1,0
Unvalidated,2024070547935,2024,070547935,1,9,0,18,6,2,0,1,0,0,0,0,1,1,6,1,-1,-1,-1,-1,-1,-1,10,2,E01018468,0
Unvalidated,2024070547935,2024,070547935,2,9,0,9,8,4,0,6,0,0,0,0,3,1,6,2,19,4,-1,-1,-1,-1,3,1,E01018451,0
Unvalidated,2024070548502,2024,070548502,1,23,0,18,5,1,0,0,0,0,0,0,1,1,6,1,13,3,-1,-1,-1,-1,6,2,E01018679,0
Unvalidated,2024070548502,2024,070548502,2,9,0,4,5,1,0,0,0,0,0,0,2,1,6,1,46,8,-1,-1,-1,-1,8,1,E01012435,0
Unvalidated,2024070548502,2024,070548502,3,19,0,18,1,5,0,0,0,0,0,0,1,1,1,1,46,8,-1,-1,-1,-1,10,1,E01018694,0
Unvalidated,2024070549236,2024,070549236,1,9,0,18,3,7,0,0,0,0,8,4,1,1,6,2,21,5,-1,-1,-1,-1,9,2,E01018575,0
Unvalidated,2024070550392,2024,070550392,1,9,0,4,1,4,0,1,0,0,0,0,2,1,6,1,22,5,-1,-1,-1,-1,5,1,E01018706,0
Unvalidated,2024070550392,2024,070550392,2,9,0,18,1,4,0,1,0,0,0,0,1,1,6,1,33,6,-1,-1,-1,-1,1,1,E01011626,0
Unvalidated,2024070550405,2024,070550405,1,5,0,16,8,4,0,0,0,0,0,0,1,1,6,1,37,7,-1,-1,-1,-1,3,1,E01012511,0
Unvalidated,2024070550464,2024,070550464,1,9,0,13,8,4,0,0,0,0,0,0,4,1,6,1,19,4,-1,-1,-1,-1,2,1,E01012534,0
Unvalidated,2024070550464,2024,070550464,2,19,0,9,8,6,0,0,0,0,0,0,3,1,2,1,38,7,-1,-1,-1,-1,3,1,E01012522,0
Unvalidated,2024070552573,2024,070552573,1,17,0,18,7,3,0,2,0,0,0,0,1,2,6,1,-1,-1,-1,-1,-1,-1,-1,-1,-1,0
Unvalidated,2024070552725,2024,070552725,1,9,0,13,3,7,0,8,0,0,0,0,0,1,6,1,18,4,-1,-1,-1,-1,8,2,E01018493,0
Unvalidated,2024070552725,2024,070552725,2,9,0,18,7,3,0,8,0,0,1,9,1,1,6,1,35,6,-1,-1,-1,-1,8,3,W01000404,0
Unvalidated,2024070552886,2024,070552886,1,9,0,5,2,6,0,1,0,0,0,0,0,2,6,1,67,10,-1,-1,-1,-1,10,1,E01018695,0
Unvalidated,2024070552886,2024,070552886,2,5,0,18,8,4,0,1,0,10,7,2,1,1,6,1,31,6,-1,-1,-1,-1,2,1,W01000328,0
Unvalidated,2024070554537,2024,070554537,1,9,0,18,2,6,0,0,0,0,1,4,1,1,6,1,19,4,-1,-1,-1,-1,9,3,E01018684,0
Unvalidated,2024070555120,2024,070555120,1,9,0,12,7,1,0,8,0,0,0,0,3,1,6,2,49,8,-1,-1,-1,-1,6,1,E01007112,0
Unvalidated,2024070555120,2024,070555120,2,3,0,18,7,1,0,8,0,0,0,0,4,1,2,1,17,4,-1,-1,-1,-1,3,1,E01018552,0
Unvalidated,2024070555662,2024,070555662,1,9,0,17,4,2,0,0,0,0,0,0,1,1,6,2,44,7,-1,-1,-1,-1,9,1,E01012392,0
Unvalidated,2024070555662,2024,070555662,2,1,0,16,2,4,0,0,0,0,0,0,1,1,6,1,7,2,-1,-1,-1,-1,9,1,E01012392,0
Unvalidated,2024070557227,2024,070557227,1,9,0,10,7,8,0,6,0,0,0,0,1,1,6,2,-1,-1,-1,-1,-1,-1,-1,-1,-1,0
Unvalidated,2024070557227,2024,070557227,2,9,0,18,1,5,0,1,0,0,0,0,4,1,6,1,-1,-1,-1,-1,-1,-1,-1,-1,-1,0
Unvalidated,2024070558065,2024,070558065,1,9,0,7,3,6,0,1,0,0,0,0,1,1,6,1,70,10,-1,-1,-1,-1,1,1,E01012438,0
Unvalidated,2024070558065,2024,070558065,2,9,0,17,2,6,0,1,0,0,0,0,4,1,2,1,41,7,-1,-1,-1,-1,6,2,E01018689,0
Unvalidated,2024070559578,2024,070559578,1,9,0,10,2,6,0,1,0,0,0,0,4,1,6,1,66,10,-1,-1,-1,-1,6,3,E01018722,0
Unvalidated,2024070559578,2024,070559578,2,9,0,18,1,6,0,1,0,0,1,0,3,1,2,2,25,5,-1,-1,-1,-1,6,1,E01018741,0
Unvalidated,2024070559628,2024,070559628,1,9,0,7,2,6,0,1,0,0,0,0,1,1,6,1,36,7,-1,-1,-1,-1,1,1,E01018445,0
Unvalidated,2024070559628,2024,070559628,2,9,0,4,2,6,0,1,0,0,0,0,2,1,6,2,69,10,-1,-1,-1,-1,9,1,E01018389,0
Unvalidated,2024070559665,2024,070559665,1,19,0,16,1,4,0,0,1,0,0,0,1,1,1,1,29,6,-1,-1,-1,-1,1,1,E01033300,0
Unvalidated,2024070559665,2024,070559665,2,9,0,4,1,4,0,0,5,0,0,0,2,1,6,2,71,10,-1,-1,-1,-1,-1,-1,-1,0
Unvalidated,2024070559801,2024,070559801,1,9,0,18,5,1,0,4,0,0,0,0,1,1,6,2,38,7,-1,-1,-1,-1,-1,-1,-1,0
Unvalidated,2024070559801,2024,070559801,2,1,0,18,3,7,0,8,0,0,0,0,4,1,6,1,16,4,-1,-1,-1,-1,10,1,E01033375,0
Unvalidated,2024070560262,2024,070560262,1,9,0,9,3,1,0,1,0,0,0,0,1,1,6,2,20,4,-1,-1,-1,-1,-1,-1,-1,0
Unvalidated,2024070560262,2024,070560262,2,9,0,18,5,1,0,1,0,0,0,0,1,1,6,1,56,9,-1,-1,-1,-1,-1,-1,-1,0
Unvalidated,2024070560262,2024,070560262,3,9,0,18,5,1,0,1,0,0,0,0,4,1,6,1,-1,-1,-1,-1,-1,-1,-1,-1,-1,0
Unvalidated,2024070561310,2024,070561310,1,21,1,11,8,4,0,0,0,0,0,0,4,1,1,1,31,6,-1,-1,-1,-1,4,1,E01006846,0
Unvalidated,2024070561310,2024,070561310,2,9,0,18,8,4,0,0,0,0,0,0,3,1,2,1,59,9,-1,-1,-1,-1,8,1,E01012395,0
Unvalidated,2024070561758,2024,070561758,1,20,0,9,4,6,0,3,0,0,0,0,3,1,1,1,36,7,-1,-1,-1,-1,1,1,E01033258,0
Unvalidated,2024070561758,2024,070561758,2,3,0,18,2,6,0,3,0,0,0,0,4,1,6,1,66,10,-1,-1,-1,-1,1,1,E01007290,0
Unvalidated,2024070562553,2024,070562553,1,9,0,5,3,7,0,6,0,0,1,0,3,1,6,1,25,5,-1,-1,-1,-1,1,1,E01018519,0
Unvalidated,2024070562553,2024,070562553,2,19,0,18,8,4,0,1,0,0,0,0,1,1,1,1,34,6,-1,-1,-1,-1,3,1,W01000226,0
Unvalidated,2024070562954,2024,070562954,1,19,0,5,6,2,0,1,0,0,0,0,1,1,2,1,61,9,-1,-1,-1,-1,-1,-1,-1,0
Unvalidated,2024070562954,2024,070562954,2,9,0,3,6,2,0,1,0,0,0,0,2,1,2,1,-1,-1,-1,-1,-1,-1,-1,-1,-1,0
Unvalidated,2024070562983,2024,070562983,1,9,0,4,3,6,0,0,1,0,0,0,1,1,6,2,-1,-1,-1,-1,-1,-1,8,3,W01000310,0
Unvalidated,2024070562983,2024,070562983,2,9,0,4,3,6,0,0,0,0,0,0,2,1,6,2,37,7,-1,-1,-1,-1,7,3,E01018335,0
Unvalidated,2024070563012,2024,070563012,1,19,0,9,5,3,0,6,0,0,0,0,3,1,1,1,28,6,-1,-1,-1,-1,-1,-1,-1,0
Unvalidated,2024070563012,2024,070563012,2,9,0,18,3,7,0,8,0,0,0,0,1,1,6,1,75,10,-1,-1,-1,-1,2,1,E01006862,0
Unvalidated,2024070563068,2024,070563068,1,1,0,9,3,2,0,8,0,0,0,0,3,1,6,1,28,6,-1,-1,-1,-1,8,3,E01018668,0
Unvalidated,2024070563068,2024,070563068,2,9,0,18,2,6,0,1,0,0,0,0,3,1,6,2,39,7,-1,-1,-1,-1,10,2,E01018576,0
Unvalidated,2024070563285,2024,070563285,1,19,0,16,5,2,0,8,0,0,0,0,1,1,6,1,53,8,-1,-1,-1,-1,2,1,E01012425,0
Unvalidated,2024070563285,2024,070563285,2,9,0,7,5,6,0,8,0,0,0,0,2,1,6,1,41,7,-1,-1,-1,-1,2,1,E01012370,0
Unvalidated,2024070563400,2024,070563400,1,9,0,18,6,1,0,8,0,0,0,0,2,1,6,1,26,6,-1,-1,-1,-1,1,1,E01012480,0
Unvalidated,2024070563400,2024,070563400,2,1,0,18,3,1,0,8,0,0,0,0,1,1,6,2,30,6,-1,-1,-1,-1,-1,-1,-1,0
Unvalidated,2024070565043,2024,070565043,1,9,0,18,1,5,0,0,0,0,0,0,1,1,1,1,43,7,-1,-1,-1,-1,7,3,E01018725,0
Unvalidated,2024070565043,2024,070565043,2,9,0,18,5,1,0,0,0,0,0,0,1,1,1,1,60,9,-1,-1,-1,-1,5,3,E01018444,0
Unvalidated,2024070565983,2024,070565983,1,1,0,5,5,1,0,2,0,0,0,0,4,1,4,1,10,2,-1,-1,-1,-1,3,1,E01018594,0
Unvalidated,2024070565983,2024,070565983,2,9,0,18,8,4,0,2,0,0,0,0,1,1,3,1,39,7,-1,-1,-1,-1,7,1,E01018592,0
Unvalidated,2024070566127,2024,070566127,1,9,0,18,7,3,0,0,0,0,0,0,3,1,6,3,-1,-1,-1,-1,-1,-1,-1,-1,-1,0
Unvalidated,2024070566282,2024,070566282,1,9,0,18,2,6,0,0,0,0,0,0,1,1,1,2,48,8,-1,-1,-1,-1,3,1,E01018401,0
Unvalidated,2024070566282,2024,070566282,2,19,0,4,2,6,0,0,0,0,0,0,2,1,2,1,67,10,-1,-1,-1,-1,8,2,E01018495,0
Unvalidated,2024070567772,2024,070567772,1,8,0,1,3,7,0,1,0,0,0,0,2,1,6,1,-1,-1,-1,-1,-1,-1,-1,-1,-1,0
Unvalidated,2024070568014,2024,070568014,1,9,0,18,8,4,0,0,0,0,0,0,1,1,6,3,-1,-1,-1,-1,-1,-1,-1,-1,-1,0
Unvalidated,2024070568014,2024,070568014,2,90,0,18,4,8,0,0,5,0,0,0,2,1,6,1,32,6,-1,-1,-1,-1,6,3,E01018450,0
Unvalidated,2024070568287,2024,070568287,1,9,0,18,6,2,0,1,0,0,0,0,1,1,6,1,-1,-1,-1,-1,-1,-1,7,1,E01006923,0
Unvalidated,2024070568287,2024,070568287,2,9,0,7,6,7,0,1,0,0,0,0,2,1,2,1,47,8,-1,-1,-1,-1,3,1,E01006431,0
Unvalidated,2024070570200,2024,070570200,1,9,0,18,2,6,0,0,0,0,0,0,1,1,6,1,21,5,-1,-1,-1,-1,10,1,E01005805,0
Unvalidated,2024070570200,2024,070570200,2,9,0,18,6,2,0,0,1,0,0,0,1,1,6,2,30,6,-1,-1,-1,-1,10,1,E01005815,0
Unvalidated,2024070571894,2024,070571894,1,9,0,18,5,1,0,1,0,0,0,0,1,1,2,2,-1,-1,-1,-1,-1,-1,2,1,E01029809,0
Unvalidated,2024070572109,2024,070572109,1,9,0,5,2,6,0,4,0,0,0,0,1,1,6,1,-1,-1,-1,-1,-1,-1,7,1,E01018711,0
Unvalidated,2024070572109,2024,070572109,2,9,0,18,2,6,0,4,0,0,0,0,2,1,6,2,54,8,-1,-1,-1,-1,8,1,E01012556,0
Unvalidated,2024070572203,2024,070572203,1,5,0,18,3,7,0,0,0,0,0,0,4,1,6,1,54,8,-1,-1,-1,-1,9,1,E01018526,0
Unvalidated,2024070572497,2024,070572497,1,9,0,18,7,3,0,0,2,0,2,1,1,1,6,1,29,6,-1,-1,-1,-1,-1,-1,-1,0
Unvalidated,2024070573642,2024,070573642,1,21,1,12,7,3,0,0,0,0,0,0,2,1,1,1,-1,-1,-1,-1,-1,-1,-1,-1,-1,0
Unvalidated,2024070574413,2024,070574413,1,9,0,7,7,1,0,0,0,0,1,0,1,1,6,3,-1,-1,-1,-1,-1,-1,-1,-1,-1,0
Unvalidated,2024101393686,2024,101393686,1,9,0,18,1,5,0,1,0,0,0,0,1,1,2,1,27,6,-1,-1,-1,-1,-1,-1,-1,0
Unvalidated,2024101393701,2024,101393701,1,9,0,13,1,4,0,1,0,0,0,0,1,1,6,1,34,6,-1,-1,-1,-1,5,1,E01008675,0