status,collision_index,collision_year,collision_reference,vehicle_reference,vehicle_type,towing_and_articulation,vehicle_manoeuvre,vehicle_direction_from,vehicle_direction_to,vehicle_location_restricted_lane,junction_location,skidding_and_overturning,hit_object_in_carriageway,vehicle_leaving_carriageway,hit_object_off_carriageway,first_point_of_impact,vehicle_left_hand_drive,journey_purpose_of_driver,sex_of_driver,age_of_driver,age_band_of_driver,engine_capacity_cc,propulsion_code,age_of_vehicle,generic_make_model,driver_imd_decile,driver_home_area_type,lsoa_of_driver,escooter_flag
Unvalidated,2024101393701,2024,101393701,2,9,0,9,1,7,0,1,0,0,0,0,3,1,6,1,32,6,-1,-1,-1,-1,2,2,E01027534,0
Unvalidated,2024101393711,2024,101393711,1,9,0,18,5,1,0,2,0,0,3,5,1,1,6,3,-1,-1,-1,-1,-1,-1,-1,-1,-1,0
Unvalidated,2024101394233,2024,101394233,1,9,0,18,8,4,0,2,1,4,0,0,1,1,6,1,78,11,-1,-1,-1,-1,1,1,E01027392,0
Unvalidated,2024101394233,2024,101394233,2,9,0,2,0,0,0,2,1,0,7,11,2,1,6,3,-1,-1,-1,-1,-1,-1,-1,-1,-1,0
Unvalidated,2024101394292,2024,101394292,1,9,0,18,1,5,0,0,0,0,0,0,2,1,6,1,35,6,-1,-1,-1,-1,-1,-1,-1,0
Unvalidated,2024101394292,2024,101394292,2,1,0,18,8,5,0,0,0,0,0,0,2,1,2,1,64,9,-1,-1,-1,-1,1,1,E01008390,0
Unvalidated,2024101394514,2024,101394514,1,97,0,18,7,3,0,1,0,0,0,0,1,1,6,1,27,6,-1,-1,-1,-1,-1,-1,-1,0
Unvalidated,2024101394514,2024,101394514,2,9,0,9,3,7,0,1,0,0,0,0,1,1,6,1,57,9,-1,-1,-1,-1,-1,-1,-1,0
Unvalidated,2024101394607,2024,101394607,1,90,0,9,3,8,0,8,0,0,0,0,1,1,6,1,17,4,-1,-1,-1,-1,-1,-1,-1,0
Unvalidated,2024101394607,2024,101394607,2,9,0,7,7,3,0,8,0,0,0,0,1,1,5,1,58,9,-1,-1,-1,-1,4,1,E01008451,0
Unvalidated,2024101394655,2024,101394655,1,9,0,7,1,8,0,8,0,0,0,0,4,1,6,1,55,8,-1,-1,-1,-1,4,1,E01008175,0
Unvalidated,2024101394711,2024,101394711,1,23,0,18,1,5,9,1,0,0,0,0,1,1,6,1,18,4,-1,-1,-1,-1,1,1,E01008291,0
Unvalidated,2024101394884,2024,101394884,2,9,0,12,1,5,0,0,0,0,0,0,1,1,6,1,36,7,-1,-1,-1,-1,8,1,E01008560,0
Unvalidated,2024101394884,2024,101394884,3,9,0,18,5,1,0,0,0,0,0,0,1,1,6,2,54,8,-1,-1,-1,-1,4,2,E01027421,0
Unvalidated,2024101394971,2024,101394971,1,9,-1,13,1,4,0,0,0,0,0,0,4,1,6,1,-1,-1,-1,-1,-1,-1,-1,-1,-1,0
Unvalidated,2024101394971,2024,101394971,2,1,0,18,1,4,0,0,0,0,0,0,3,1,5,1,58,9,-1,-1,-1,-1,8,3,E01027370,0
Unvalidated,2024101395076,2024,101395076,1,9,0,13,5,1,0,0,1,0,7,0,1,1,6,1,40,7,-1,-1,-1,-1,-1,-1,-1,0
Unvalidated,2024101395076,2024,101395076,2,9,0,18,1,5,0,0,0,0,1,0,1,1,6,1,44,7,-1,-1,-1,-1,4,2,E01027362,0
Unvalidated,2024101395228,2024,101395228,1,90,0,18,7,3,9,8,0,0,0,0,1,1,6,1,-1,-1,-1,-1,-1,-1,-1,-1,-1,0
Unvalidated,2024101395273,2024,101395273,1,9,0,5,7,3,0,0,0,0,0,0,4,1,6,1,-1,-1,-1,-1,-1,-1,-1,-1,-1,0
Unvalidated,2024101395273,2024,101395273,2,9,0,2,7,3,0,0,0,0,0,0,0,1,6,2,49,8,-1,-1,-1,-1,-1,-1,-1,0
Unvalidated,2024101395563,2024,101395563,1,9,0,18,5,1,0,1,0,0,0,0,1,1,6,1,22,5,-1,-1,-1,-1,-1,-1,-1,0
Unvalidated,2024101395563,2024,101395563,2,9,0,18,5,1,0,2,0,0,0,0,3,1,6,1,34,6,-1,-1,-1,-1,3,1,E01008683,0
Unvalidated,2024101395578,2024,101395578,1,9,0,9,2,7,0,2,0,0,0,0,1,1,6,1,40,7,-1,-1,-1,-1,1,1,E01008837,0
Unvalidated,2024101395578,2024,101395578,2,9,0,18,7,4,0,2,0,0,0,0,3,1,6,2,50,8,-1,-1,-1,-1,1,1,E01008837,0
Unvalidated,2024101396161,2024,101396161,1,9,0,15,7,3,0,1,0,0,0,0,1,1,2,1,17,4,-1,-1,-1,-1,-1,-1,-1,0
Unvalidated,2024101396161,2024,101396161,2,9,0,10,7,3,0,1,0,0,0,0,3,1,2,2,32,6,-1,-1,-1,-1,2,1,E01008377,0
Unvalidated,2024101396161,2024,101396161,3,9,0,4,7,3,0,1,0,0,0,0,3,1,6,1,54,8,-1,-1,-1,-1,2,1,E01008341,0
Unvalidated,2024101396161,2024,101396161,4,9,0,10,7,3,0,1,0,0,0,0,2,1,6,1,18,4,-1,-1,-1,-1,2,1,E01008330,0
Unvalidated,2024101396212,2024,101396212,1,9,0,4,5,1,0,8,0,0,0,0,0,1,6,1,-1,-1,-1,-1,-1,-1,-1,-1,-1,0
Unvalidated,2024101396212,2024,101396212,2,9,0,1,1,5,0,8,0,0,0,0,2,1,6,1,21,5,-1,-1,-1,-1,6,1,E01008464,0
Unvalidated,2024101396212,2024,101396212,3,9,0,3,5,1,0,8,0,0,0,0,4,1,5,2,56,9,-1,-1,-1,-1,6,1,E01008195,0
Unvalidated,2024101396264,2024,101396264,1,9,0,18,1,5,0,1,0,0,0,0,1,1,2,1,65,9,-1,-1,-1,-1,4,1,E01008654,0
Unvalidated,2024101396303,2024,101396303,1,9,0,7,1,3,0,8,0,0,0,0,1,1,6,2,-1,-1,-1,-1,-1,-1,-1,-1,-1,0
Unvalidated,2024101396390,2024,101396390,1,8,0,1,1,5,0,8,0,0,0,0,2,1,6,1,45,7,-1,-1,-1,-1,1,1,E01008398,0
Unvalidated,2024101396390,2024,101396390,2,1,0,18,5,1,0,8,5,0,0,0,1,1,6,1,55,8,-1,-1,-1,-1,1,1,E01008398,0
Unvalidated,2024101396507,2024,101396507,1,9,0,18,8,4,0,0,0,0,1,0,1,1,6,1,19,4,-1,-1,-1,-1,6,1,E01027394,0
Unvalidated,2024101396633,2024,101396633,1,23,0,18,1,5,0,8,5,0,0,0,1,1,6,3,-1,-1,-1,-1,-1,-1,-1,-1,-1,0
Unvalidated,2024101396633,2024,101396633,2,9,0,5,3,7,0,8,0,0,0,0,1,1,6,2,47,8,-1,-1,-1,-1,8,1,E01008239,0
Unvalidated,2024101396809,2024,101396809,1,-1,0,18,4,8,0,8,0,0,0,0,1,1,6,3,-1,-1,-1,-1,-1,-1,-1,-1,-1,0
Unvalidated,2024101396809,2024,101396809,2,9,0,3,4,8,0,8,0,0,0,0,2,1,6,2,41,7,-1,-1,-1,-1,7,3,E01027450,0
Unvalidated,2024101396893,2024,101396893,1,9,0,9,5,3,0,3,1,0,0,0,1,1,5,2,26,6,-1,-1,-1,-1,-1,-1,-1,0
Unvalidated,2024101396893,2024,101396893,2,9,0,18,7,3,0,4,1,0,0,0,4,1,6,1,56,9,-1,-1,-1,-1,-1,-1,-1,0
Unvalidated,2024101396959,2024,101396959,1,9,0,18,3,7,0,2,0,0,0,0,1,1,5,1,27,6,-1,-1,-1,-1,5,1,E01008675,0
Unvalidated,2024101397007,2024,101397007,1,9,0,18,1,5,0,0,0,0,0,0,1,1,5,1,47,8,-1,-1,-1,-1,2,1,E01008450,0
Unvalidated,2024101397007,2024,101397007,2,9,0,18,5,1,0,0,0,0,0,0,1,1,2,1,26,6,-1,-1,-1,-1,-1,-1,-1,0
Unvalidated,2024101397050,2024,101397050,1,9,0,9,5,3,0,0,0,0,0,0,1,1,6,1,-1,-1,-1,-1,-1,-1,-1,-1,-1,0
Unvalidated,2024101397050,2024,101397050,2,1,0,18,2,6,0,0,5,0,0,0,4,1,2,1,52,8,-1,-1,-1,-1,5,1,E01008490,0
Unvalidated,2024101397144,2024,101397144,1,9,0,18,1,5,0,1,0,7,0,0,4,1,5,1,28,6,-1,-1,-1,-1,1,1,E01027545,0
Unvalidated,2024101397144,2024,101397144,2,9,0,18,3,7,0,6,0,0,0,0,1,1,3,2,42,7,-1,-1,-1,-1,1,1,E01027545,0
Unvalidated,2024101397155,2024,101397155,1,19,0,5,5,1,0,8,0,0,0,0,1,1,1,1,51,8,-1,-1,-1,-1,1,1,E01033075,0
Unvalidated,2024101397219,2024,101397219,1,9,0,18,7,3,0,1,0,0,0,0,3,1,6,2,66,10,-1,-1,-1,-1,7,1,E01008534,0
Unvalidated,2024101397219,2024,101397219,2,9,0,18,3,7,0,1,0,0,0,0,3,1,6,1,37,7,-1,-1,-1,-1,-1,-1,-1,0
Unvalidated,2024101397223,2024,101397223,1,9,0,7,5,7,0,8,0,0,0,0,0,1,6,3,-1,-1,-1,-1,-1,-1,-1,-1,-1,0
Unvalidated,2024101397223,2024,101397223,2,11,0,18,5,1,0,8,0,0,0,0,0,1,1,1,64,9,-1,-1,-1,-1,1,1,E01008837,0
Unvalidated,2024101397339,2024,101397339,1,9,0,18,3,7,0,0,0,0,0,0,1,1,6,2,27,6,-1,-1,-1,-1,1,1,E01008573,0
Unvalidated,2024101397339,2024,101397339,2,9,0,3,7,3,0,0,0,0,0,0,2,1,6,1,49,8,-1,-1,-1,-1,4,1,E01008510,0
Unvalidated,2024101397456,2024,101397456,1,9,0,9,3,7,0,2,0,0,0,0,1,2,2,1,39,7,-1,-1,-1,-1,-1,-1,-1,0
Unvalidated,2024101397456,2024,101397456,2,9,0,18,1,5,0,8,0,0,0,0,1,2,1,2,35,6,-1,-1,-1,-1,3,1,E01008217,0
Unvalidated,2024101397578,2024,101397578,1,97,0,18,1,3,0,8,0,0,0,0,1,1,6,1,18,4,-1,-1,-1,-1,-1,-1,-1,0
Unvalidated,2024101397578,2024,101397578,2,9,0,18,7,3,0,8,0,0,0,0,1,2,2,1,56,9,-1,-1,-1,-1,4,1,E01008771,0
Unvalidated,2024101397581,2024,101397581,1,9,0,18,1,5,0,0,0,0,0,0,1,1,6,1,60,9,-1,-1,-1,-1,1,1,E01008166,0
Unvalidated,2024101397653,2024,101397653,1,9,0,18,1,5,0,0,0,0,0,0,1,2,6,1,58,9,-1,-1,-1,-1,2,2,E01020618,0
Unvalidated,2024101397653,2024,101397653,2,9,0,3,1,5,0,0,0,0,0,0,2,2,5,1,44,7,-1,-1,-1,-1,10,1,E01020613,0
Unvalidated,2024101397835,2024,101397835,1,9,0,7,5,7,0,5,0,0,0,0,4,1,6,3,-1,-1,-1,-1,-1,-1,-1,-1,-1,0
Unvalidated,2024101397835,2024,101397835,2,1,0,18,5,1,0,1,0,0,0,0,1,1,2,1,56,9,-1,-1,-1,-1,6,1,E01008559,0
Unvalidated,2024101397844,2024,101397844,1,19,0,1,7,3,0,0,0,0,0,0,2,1,1,1,53,8,-1,-1,-1,-1,9,1,E01008526,0
Unvalidated,2024101397878,2024,101397878,1,9,0,18,1,5,0,0,5,4,0,0,1,1,6,1,57,9,-1,-1,-1,-1,9,1,E01008493,0
Unvalidated,2024101397878,2024,101397878,2,9,0,2,0,0,0,0,0,0,0,0,1,1,6,3,-1,-1,-1,-1,-1,-1,-1,-1,-1,0
Unvalidated,2024101397993,2024,101397993,1,9,0,18,3,7,0,1,0,0,1,11,4,1,5,2,62,9,-1,-1,-1,-1,-1,-1,-1,0
Unvalidated,2024101397993,2024,101397993,2,9,0,9,5,7,0,2,0,0,0,0,1,1,5,1,44,7,-1,-1,-1,-1,8,1,E01008370,0
Unvalidated,2024101398053,2024,101398053,1,9,0,18,5,1,0,1,0,0,0,0,1,1,6,1,31,6,-1,-1,-1,-1,4,2,E01027435,0
Unvalidated,2024101398053,2024,101398053,2,9,0,18,1,5,0,2,0,0,0,0,1,1,6,1,66,10,-1,-1,-1,-1,4,2,E01027433,0
Unvalidated,2024101398126,2024,101398126,1,9,0,7,1,8,0,5,0,0,0,0,4,1,6,2,40,7,-1,-1,-1,-1,1,1,E01008227,0
Unvalidated,2024101398126,2024,101398126,2,1,0,18,5,1,0,1,0,0,0,0,1,1,5,1,48,8,-1,-1,-1,-1,2,1,E01008221,0
Unvalidated,2024101398131,2024,101398131,1,9,0,5,5,1,0,0,0,0,0,0,1,1,6,1,20,4,-1,-1,-1,-1,1,1,E01027540,0
Unvalidated,2024101398131,2024,101398131,2,9,0,5,5,1,0,0,0,0,0,0,2,1,6,2,60,9,-1,-1,-1,-1,9,1,E01027549,0
Unvalidated,2024101398143,2024,101398143,1,9,0,18,1,5,0,0,0,0,0,0,1,1,6,1,-1,-1,-1,-1,-1,-1,-1,-1,-1,0
Unvalidated,2024101398143,2024,101398143,2,1,0,18,5,1,0,0,0,0,0,0,1,1,2,1,45,7,-1,-1,-1,-1,3,1,E01008857,0
Unvalidated,2024101398172,2024,101398172,1,9,-1,18,5,1,0,0,0,0,0,0,4,1,6,1,-1,-1,-1,-1,-1,-1,-1,-1,-1,0
Unvalidated,2024101398247,2024,101398247,1,9,0,18,1,5,0,8,0,0,0,0,1,1,6,1,21,5,-1,-1,-1,-1,-1,-1,-1,0
Unvalidated,2024101398247,2024,101398247,2,9,0,18,1,5,0,8,0,0,0,0,1,1,6,2,43,7,-1,-1,-1,-1,10,1,E01008548,0
Unvalidated,2024101398264,2024,101398264,1,9,0,9,4,2,0,2,0,0,1,0,3,1,5,1,42,7,-1,-1,-1,-1,6,1,E01008574,0
Unvalidated,2024101398264,2024,101398264,2,9,0,18,2,6,0,8,0,0,0,0,1,1,5,2,38,7,-1,-1,-1,-1,5,3,E01027373,0
Unvalidated,2024101398274,2024,101398274,1,9,0,9,7,5,0,1,0,0,0,0,1,1,6,3,18,4,-1,-1,-1,-1,-1,-1,-1,0
Unvalidated,2024101398333,2024,101398333,1,9,0,1,5,1,0,8,0,0,0,0,2,1,6,1,27,6,-1,-1,-1,-1,4,1,E01008624,0
Unvalidated,2024101398388,2024,101398388,1,9,0,18,3,7,9,1,0,0,0,0,1,1,2,1,28,6,-1,-1,-1,-1,-1,-1,-1,0
Unvalidated,2024101398406,2024,101398406,1,9,0,5,1,5,0,6,0,0,0,0,3,1,6,2,22,5,-1,-1,-1,-1,9,1,E01008493,0
Unvalidated,2024101398406,2024,101398406,2,1,0,18,7,3,0,1,1,0,0,0,1,1,6,1,49,8,-1,-1,-1,-1,10,1,E01008495,0
Unvalidated,2024101398409,2024,101398409,1,9,0,18,1,1,0,1,0,0,0,0,1,1,6,3,18,4,-1,-1,-1,-1,-1,-1,-1,0
Unvalidated,2024101398409,2024,101398409,2,1,0,18,1,1,0,1,0,0,0,0,1,1,6,1,50,8,-1,-1,-1,-1,1,1,E01008333,0
Unvalidated,2024101398470,2024,101398470,1,9,0,9,6,2,0,8,0,0,0,0,1,1,1,1,22,5,-1,-1,-1,-1,2,1,E01008334,0
Unvalidated,2024101398470,2024,101398470,2,90,0,18,2,6,0,8,0,0,0,0,1,1,5,1,20,4,-1,-1,-1,-1,6,1,E01008574,0
Unvalidated,2024101398475,2024,101398475,1,9,0,4,5,5,0,0,1,0,0,0,3,1,2,2,33,6,-1,-1,-1,-1,-1,-1,-1,0
Unvalidated,2024101398475,2024,101398475,2,9,0,4,5,5,0,0,2,4,0,0,4,1,2,1,33,6,-1,-1,-1,-1,-1,-1,-1,0
Unvalidated,2024101398475,2024,101398475,3,9,0,4,5,5,0,0,1,4,0,0,1,1,2,1,28,6,-1,-1,-1,-1,-1,-1,-1,0
Unvalidated,2024101398487,2024,101398487,1,9,0,9,3,7,0,1,0,0,0,0,1,1,1,1,49,8,-1,-1,-1,-1,3,1,E01008258,0
Unvalidated,2024101398487,2024,101398487,2,5,0,18,7,3,0,8,1,0,0,0,1,1,2,1,31,6,-1,-1,-1,-1,3,1,E01008171,0
Unvalidated,2024101398546,2024,101398546,1,9,0,18,6,2,0,0,0,0,0,0,1,1,6,1,37,7,-1,-1,-1,-1,2,1,E01008810,0
Unvalidated,2024101398546,2024,101398546,2,9,0,6,6,3,0,0,0,0,0,0,3,1,5,2,43,7,-1,-1,-1,-1,2,1,E01020784,0
Unvalidated,2024101398620,2024,101398620,1,9,0,10,5,1,0,8,0,0,0,0,1,1,1,1,64,9,-1,-1,-1,-1,5,1,E01008246,0
Unvalidated,2024101398620,2024,101398620,2,9,0,18,3,7,0,1,0,0,4,0,4,1,6,1,68,10,-1,-1,-1,-1,8,1,E01008199,0
Unvalidated,2024101398680,2024,101398680,1,9,0,18,7,3,9,0,1,0,7,0,1,1,2,1,49,8,-1,-1,-1,-1,3,1,E01008488,0
Unvalidated,2024101398714,2024,101398714,1,9,0,9,7,5,0,8,0,0,0,0,3,1,1,1,66,10,-1,-1,-1,-1,2,1,E01008755,0
Unvalidated,2024101398714,2024,101398714,2,9,0,18,5,1,0,1,0,4,0,0,1,1,6,3,-1,-1,-1,-1,-1,-1,-1,-1,-1,0
Unvalidated,2024101398714,2024,101398714,3,9,0,2,4,4,0,2,0,0,0,0,1,1,6,3,-1,-1,-1,-1,-1,-1,-1,-1,-1,0
Unvalidated,2024101398741,2024,101398741,1,9,0,4,1,5,0,4,0,0,0,0,1,1,6,2,-1,-1,-1,-1,-1,-1,-1,-1,-1,0
Unvalidated,2024101398741,2024,101398741,2,9,0,3,1,5,0,4,0,0,0,0,2,1,6,1,44,7,-1,-1,-1,-1,7,1,E01008612,0
Unvalidated,2024101398781,2024,101398781,1,9,0,18,1,5,0,6,0,7,0,0,1,1,6,2,87,11,-1,-1,-1,-1,7,1,E01008873,0
Unvalidated,2024101398807,2024,101398807,1,11,0,4,5,1,0,0,0,0,0,0,1,1,1,1,57,9,-1,-1,-1,-1,2,1,E01008838,0
Unvalidated,2024101398940,2024,101398940,1,9,0,9,1,6,0,8,0,10,0,0,4,1,6,2,32,6,-1,-1,-1,-1,1,1,E01008291,0
Unvalidated,2024101398940,2024,101398940,2,9,0,5,5,1,0,8,0,0,0,0,1,1,2,2,66,10,-1,-1,-1,-1,4,1,E01008247,0
Unvalidated,2024101398992,2024,101398992,1,9,0,18,7,3,0,2,0,0,0,0,1,1,6,1,78,11,-1,-1,-1,-1,2,1,E01027431,0
Unvalidated,2024101398992,2024,101398992,2,9,0,18,5,1,0,1,0,0,0,0,1,1,5,2,42,7,-1,-1,-1,-1,3,1,E01027414,0
Unvalidated,2024101399012,2024,101399012,1,9,0,5,7,7,0,0,0,0,0,0,1,1,6,1,31,6,-1,-1,-1,-1,4,2,E01027474,0
Unvalidated,2024101399665,2024,101399665,1,9,0,18,7,3,0,1,0,0,0,0,2,1,1,2,44,7,-1,-1,-1,-1,3,2,E01027544,0
Unvalidated,2024101399665,2024,101399665,2,9,0,18,7,3,0,1,0,0,0,0,1,1,6,2,63,9,-1,-1,-1,-1,1,2,E01027451,0
Unvalidated,2024101399665,2024,101399665,3,9,0,18,7,3,0,1,0,0,0,0,2,1,1,1,23,5,-1,-1,-1,-1,3,1,E01008487,0
Unvalidated,2024101399695,2024,101399695,1,9,0,18,5,2,0,8,0,0,0,0,1,1,2,2,52,8,-1,-1,-1,-1,8,2,E01027420,0
Unvalidated,2024101399695,2024,101399695,2,5,0,7,5,1,0,3,0,10,1,0,2,1,2,1,42,7,-1,-1,-1,-1,1,1,E01027518,0
Unvalidated,2024101399720,2024,101399720,1,9,0,7,7,3,0,0,0,0,0,0,1,1,6,1,32,6,-1,-1,-1,-1,8,1,E01008761,0
Unvalidated,2024101399720,2024,101399720,2,11,0,4,3,7,0,0,0,0,0,0,1,1,1,1,44,7,-1,-1,-1,-1,9,1,E01008620,0
Unvalidated,2024101399801,2024,101399801,1,19,0,18,5,1,0,1,0,0,0,0,1,1,6,3,-1,-1,-1,-1,-1,-1,-1,-1,-1,0
Unvalidated,2024101399801,2024,101399801,2,9,0,3,5,1,0,1,0,0,0,0,2,1,6,1,61,9,-1,-1,-1,-1,1,1,E01008667,0
Unvalidated,2024101399814,2024,101399814,1,9,0,-1,-1,-1,-1,-1,-1,-1,-1,0,-1,1,6,3,-1,-1,-1,-1,-1,-1,-1,-1,-1,0
Unvalidated,2024101399849,2024,101399849,1,19,0,18,5,1,0,0,0,0,0,0,1,1,1,1,-1,-1,-1,-1,-1,-1,2,1,E01008261,0
Unvalidated,2024101399849,2024,101399849,2,9,0,3,1,5,0,0,0,0,0,0,2,1,6,1,50,8,-1,-1,-1,-1,5,1,E01008844,0
Unvalidated,2024101399849,2024,101399849,3,9,0,3,1,5,0,0,0,0,0,0,2,1,6,2,18,4,-1,-1,-1,-1,2,1,E01020615,0
Unvalidated,2024101399997,2024,101399997,1,9,0,4,5,1,0,4,0,0,0,0,1,1,2,2,-1,-1,-1,-1,-1,-1,1,1,E01008608,0
Unvalidated,2024101399997,2024,101399997,2,9,-1,4,5,1,0,4,0,0,0,0,2,1,5,2,44,7,-1,-1,-1,-1,2,1,E01008655,0
Unvalidated,2024101400071,2024,101400071,1,9,0,9,1,7,0,8,0,0,0,0,1,1,5,1,68,10,-1,-1,-1,-1,4,1,E01008809,0
Unvalidated,2024101400341,2024,101400341,1,9,0,18,6,2,0,1,0,0,0,0,1,1,6,1,55,8,-1,-1,-1,-1,-1,-1,-1,0
Unvalidated,2024101400341,2024,101400341,2,9,0,4,6,2,0,1,0,0,0,0,2,1,5,2,50,8,-1,-1,-1,-1,3,1,E01008769,0
Unvalidated,2024101400385,2024,101400385,1,8,0,18,2,7,0,0,0,0,0,0,4,1,1,1,39,7,-1,-1,-1,-1,4,1,E01008213,0
Unvalidated,2024101400564,2024,101400564,1,9,0,18,8,4,0,8,0,0,0,0,1,1,6,1,20,4,-1,-1,-1,-1,1,1,E01008348,0
Unvalidated,2024101400564,2024,101400564,2,3,0,3,8,4,0,8,0,0,0,0,2,1,6,1,40,7,-1,-1,-1,-1,9,1,E01008367,0
Unvalidated,2024101400576,2024,101400576,1,19,0,18,3,7,0,8,0,0,0,0,1,1,1,1,-1,-1,-1,-1,-1,-1,-1,-1,-1,0
Unvalidated,2024101400576,2024,101400576,2,19,0,9,5,3,0,8,0,0,0,0,1,1,1,1,62,9,-1,-1,-1,-1,7,1,E01008650,0
Unvalidated,2024101400615,2024,101400615,1,98,1,18,2,5,0,0,0,0,0,0,1,1,1,3,-1,-1,-1,-1,-1,-1,-1,-1,-1,0
Unvalidated,2024101400615,2024,101400615,2,9,0,18,2,5,0,0,0,0,0,0,3,1,6,2,60,9,-1,-1,-1,-1,3,2,E01027395,0
Unvalidated,2024101400744,2024,101400744,1,9,0,9,1,7,0,8,0,0,0,0,1,1,2,2,45,7,-1,-1,-1,-1,8,1,E01008657,0
Unvalidated,2024101400744,2024,101400744,2,1,0,18,5,1,0,8,0,0,0,0,1,1,2,1,52,8,-1,-1,-1,-1,9,1,E01027404,0
Unvalidated,2024101400746,2024,101400746,1,98,0,18,3,7,0,8,0,0,0,0,1,1,1,1,54,8,-1,-1,-1,-1,8,2,E01029713,0
Unvalidated,2024101400746,2024,101400746,2,9,0,18,1,5,0,8,0,0,0,0,1,1,5,1,81,11,-1,-1,-1,-1,10,2,E01027468,0
Unvalidated,2024101400814,2024,101400814,1,9,0,4,1,5,0,2,0,0,0,0,1,1,5,2,39,7,-1,-1,-1,-1,4,2,E01027474,0
Unvalidated,2024101400857,2024,101400857,1,9,-1,18,3,7,0,0,0,0,0,0,1,1,5,2,67,10,-1,-1,-1,-1,10,1,E01008546,0
Unvalidated,2024101401047,2024,101401047,1,9,0,5,1,5,0,1,0,0,0,0,3,1,2,1,64,9,-1,-1,-1,-1,10,1,E01008378,0
Unvalidated,2024101401090,2024,101401090,1,9,0,18,3,7,0,8,0,0,0,0,3,1,6,1,76,11,-1,-1,-1,-1,8,1,E01008781,0
Unvalidated,2024101401090,2024,101401090,2,11,0,18,1,5,0,8,0,0,0,0,1,1,1,1,45,7,-1,-1,-1,-1,4,1,E01008597,0
Unvalidated,2024101401105,2024,101401105,1,9,0,4,7,3,0,0,0,0,0,0,0,1,6,3,-1,-1,-1,-1,-1,-1,-1,-1,-1,0
Unvalidated,2024101401105,2024,101401105,2,9,0,4,3,3,0,0,0,0,0,0,0,1,2,2,35,6,-1,-1,-1,-1,1,1,E01008712,0
Unvalidated,2024101401105,2024,101401105,3,9,5,7,7,3,6,0,0,0,1,0,1,1,2,1,43,7,-1,-1,-1,-1,5,1,E01008879,0
Unvalidated,2024101401133,2024,101401133,1,19,0,18,1,5,0,0,0,0,0,0,1,1,6,1,50,8,-1,-1,-1,-1,4,3,-1,0
Unvalidated,2024101401133,2024,101401133,2,9,0,4,1,5,0,0,5,0,1,1,2,1,6,1,24,5,-1,-1,-1,-1,4,1,-1,0
Unvalidated,2024101401171,2024,101401171,1,9,0,18,6,2,0,1,0,0,0,0,1,1,6,1,23,5,-1,-1,-1,-1,-1,-1,-1,0
Unvalidated,2024101401171,2024,101401171,2,9,0,8,6,2,0,1,0,0,0,0,2,1,5,1,48,8,-1,-1,-1,-1,7,1,E01008320,0
Unvalidated,2024101401471,2024,101401471,1,9,0,18,1,5,0,0,0,11,0,0,1,1,2,1,26,6,-1,-1,-1,-1,5,1,E01027409,0
Unvalidated,2024101401471,2024,101401471,2,9,0,18,1,5,0,0,0,11,0,0,1,1,2,1,33,6,-1,-1,-1,-1,4,2,E01027531,0
Unvalidated,2024101401479,2024,101401479,1,9,0,11,4,8,0,0,0,0,0,0,0,1,6,2,45,7,-1,-1,-1,-1,3,1,E01008405,0
Unvalidated,2024101401479,2024,101401479,2,11,0,4,4,8,0,0,0,0,0,0,0,1,1,1,34,6,-1,-1,-1,-1,5,1,E01008384,0
Unvalidated,2024101401518,2024,101401518,1,1,0,7,3,1,0,3,0,0,0,0,2,1,6,1,69,10,-1,-1,-1,-1,-1,-1,-1,0
Unvalidated,2024101401518,2024,101401518,2,9,0,18,5,1,0,4,0,0,1,0,1,1,6,3,-1,-1,-1,-1,-1,-1,-1,-1,-1,0
Unvalidated,2024101401579,2024,101401579,1,9,0,18,7,3,9,0,0,0,0,0,4,1,6,1,83,11,-1,-1,-1,-1,4,3,E01027382,0
Unvalidated,2024101401664,2024,101401664,1,9,0,12,1,5,0,0,0,0,0,0,1,2,5,1,67,10,-1,-1,-1,-1,7,1,E01008190,0
Unvalidated,2024101401664,2024,101401664,2,9,0,18,1,5,0,0,0,0,0,0,2,2,5,2,35,6,-1,-1,-1,-1,6,1,E01008250,0
Unvalidated,2024101401676,2024,101401676,1,19,0,9,1,7,0,0,0,0,0,0,4,1,1,1,35,6,-1,-1,-1,-1,-1,-1,-1,0
Unvalidated,2024101401947,2024,101401947,1,9,0,18,4,8,0,0,0,0,1,0,1,1,2,1,31,6,-1,-1,-1,-1,6,3,E01027479,0
Unvalidated,2024101402003,2024,101402003,1,9,0,18,1,5,0,0,0,0,0,0,1,1,5,2,80,11,-1,-1,-1,-1,-1,-1,-1,0
Unvalidated,2024101402052,2024,101402052,1,9,0,1,3,7,9,0,0,0,0,0,2,1,5,1,24,5,-1,-1,-1,-1,2,1,E01027397,0
Unvalidated,2024101402083,2024,101402083,1,9,0,18,6,2,0,0,0,0,0,0,4,1,2,1,47,8,-1,-1,-1,-1,-1,-1,-1,0
Unvalidated,2024101402097,2024,101402097,1,9,0,18,6,2,0,8,0,0,0,0,1,1,6,1,33,6,-1,-1,-1,-1,2,1,E01027429,0
Unvalidated,2024101402097,2024,101402097,2,9,0,18,4,8,0,8,0,0,0,0,4,1,6,2,44,7,-1,-1,-1,-1,8,2,E01027446,0
Unvalidated,2024101402124,2024,101402124,1,90,0,18,4,8,9,1,0,0,0,0,1,1,5,1,24,5,-1,-1,-1,-1,-1,-1,-1,0
Unvalidated,2024101402227,2024,101402227,1,9,0,4,5,1,0,0,0,0,0,0,1,1,6,1,24,5,-1,-1,-1,-1,1,1,E01008389,0