status,collision_index,collision_year,collision_reference,vehicle_reference,vehicle_type,towing_and_articulation,vehicle_manoeuvre,vehicle_direction_from,vehicle_direction_to,vehicle_location_restricted_lane,junction_location,skidding_and_overturning,hit_object_in_carriageway,vehicle_leaving_carriageway,hit_object_off_carriageway,first_point_of_impact,vehicle_left_hand_drive,journey_purpose_of_driver,sex_of_driver,age_of_driver,age_band_of_driver,engine_capacity_cc,propulsion_code,age_of_vehicle,generic_make_model,driver_imd_decile,driver_home_area_type,lsoa_of_driver,escooter_flag
Unvalidated,2024101402227,2024,101402227,2,9,0,4,5,1,0,0,0,0,0,0,2,1,5,1,23,5,-1,-1,-1,-1,1,1,E01008305,0
Unvalidated,2024101402379,2024,101402379,1,9,0,18,2,6,0,8,0,0,0,0,4,1,5,2,35,6,-1,-1,-1,-1,2,1,E01008773,0
Unvalidated,2024101402503,2024,101402503,1,9,0,18,3,7,0,0,1,0,0,0,1,1,6,1,-1,-1,-1,-1,-1,-1,-1,-1,-1,0
Unvalidated,2024101402503,2024,101402503,2,9,0,3,3,7,0,0,1,0,0,0,2,1,6,1,66,10,-1,-1,-1,-1,2,1,E01008601,0
Unvalidated,2024101402782,2024,101402782,1,9,0,1,7,3,9,0,0,0,0,0,2,1,6,2,-1,-1,-1,-1,-1,-1,-1,-1,-1,0
Unvalidated,2024101402874,2024,101402874,1,9,0,18,1,5,0,4,0,0,0,0,1,1,6,1,44,7,-1,-1,-1,-1,1,1,E01008573,0
Unvalidated,2024101402874,2024,101402874,2,1,0,18,5,3,0,3,0,0,0,0,4,1,2,1,35,6,-1,-1,-1,-1,6,1,E01008464,0
Unvalidated,2024101403124,2024,101403124,1,9,0,3,5,1,0,1,0,0,0,0,1,1,6,1,42,7,-1,-1,-1,-1,1,1,E01008854,0
Unvalidated,2024101403124,2024,101403124,2,9,0,3,5,1,0,4,0,0,0,0,2,1,6,1,28,6,-1,-1,-1,-1,1,1,E01008858,0
Unvalidated,2024101403180,2024,101403180,1,9,0,18,5,1,0,0,0,0,0,0,1,1,6,1,-1,-1,-1,-1,-1,-1,2,1,E01008474,0
Unvalidated,2024101403180,2024,101403180,2,9,0,3,5,1,0,0,0,0,0,0,2,1,5,2,54,8,-1,-1,-1,-1,7,3,E01011959,0
Unvalidated,2024101403190,2024,101403190,1,9,0,18,1,5,0,0,0,0,0,0,4,1,6,2,55,8,-1,-1,-1,-1,2,1,E01008653,0
Unvalidated,2024101403199,2024,101403199,1,9,0,9,3,7,0,4,0,0,0,0,1,1,6,1,41,7,-1,-1,-1,-1,5,1,E01027515,0
Unvalidated,2024101403199,2024,101403199,2,9,0,18,1,5,0,3,0,0,0,0,4,1,6,2,23,5,-1,-1,-1,-1,4,2,E01027531,0
Unvalidated,2024101403212,2024,101403212,1,9,0,9,6,2,0,8,0,0,0,0,1,1,5,1,35,6,-1,-1,-1,-1,4,1,E01008796,0
Unvalidated,2024101403212,2024,101403212,2,1,0,18,2,6,0,8,0,0,0,0,1,1,5,1,70,10,-1,-1,-1,-1,3,1,E01032483,0
Unvalidated,2024101403244,2024,101403244,1,9,0,18,5,1,0,0,0,0,0,0,1,1,6,1,23,5,-1,-1,-1,-1,5,2,E01027553,0
Unvalidated,2024101403244,2024,101403244,2,9,0,18,5,1,0,0,0,0,0,0,0,1,6,2,26,6,-1,-1,-1,-1,10,3,E01013092,0
Unvalidated,2024101403244,2024,101403244,3,9,0,3,5,1,0,0,0,0,0,0,2,1,6,2,35,6,-1,-1,-1,-1,-1,-1,-1,0
Unvalidated,2024101403244,2024,101403244,4,9,0,4,5,1,0,0,0,0,0,0,0,1,6,1,35,6,-1,-1,-1,-1,6,1,E01008386,0
Unvalidated,2024101403322,2024,101403322,1,23,0,-1,-1,-1,0,1,0,0,0,0,-1,1,5,1,37,7,-1,-1,-1,-1,4,1,E01008640,0
Unvalidated,2024101403322,2024,101403322,2,9,0,2,4,6,0,1,0,0,0,0,3,1,6,3,-1,-1,-1,-1,-1,-1,-1,-1,-1,0
Unvalidated,2024101403409,2024,101403409,1,9,0,18,8,5,0,4,0,0,0,0,1,1,6,2,36,7,-1,-1,-1,-1,4,1,E01008455,0
Unvalidated,2024101403409,2024,101403409,2,1,0,18,7,3,0,3,0,0,0,0,4,1,2,1,57,9,-1,-1,-1,-1,6,1,E01008464,0
Unvalidated,2024101403421,2024,101403421,1,9,0,18,7,3,0,0,0,0,0,0,4,1,5,2,36,7,-1,-1,-1,-1,8,1,E01027514,0
Unvalidated,2024101403445,2024,101403445,1,9,0,18,5,1,0,1,0,0,0,0,4,1,6,3,-1,-1,-1,-1,-1,-1,-1,-1,-1,0
Unvalidated,2024101403474,2024,101403474,1,9,0,18,7,3,0,0,0,0,0,0,2,1,6,1,34,6,-1,-1,-1,-1,10,1,E01027494,0
Unvalidated,2024101403474,2024,101403474,2,9,0,4,7,3,0,0,0,0,0,0,1,1,6,1,36,7,-1,-1,-1,-1,7,2,E01027486,0
Unvalidated,2024101403484,2024,101403484,1,9,0,1,7,3,0,0,0,0,0,0,2,1,6,1,79,11,-1,-1,-1,-1,8,1,E01027440,0
Unvalidated,2024101403484,2024,101403484,2,9,0,1,7,3,0,0,0,0,0,0,1,1,5,2,18,4,-1,-1,-1,-1,2,1,E01008477,0
Unvalidated,2024101403693,2024,101403693,1,9,0,18,8,4,0,0,0,0,0,0,1,1,6,2,41,7,-1,-1,-1,-1,2,1,E01008512,0
Unvalidated,2024101403698,2024,101403698,1,5,0,13,7,3,0,2,5,0,0,0,1,1,6,1,17,4,-1,-1,-1,-1,1,1,E01008302,0
Unvalidated,2024101403698,2024,101403698,2,9,0,18,3,7,0,5,0,0,7,0,2,1,5,1,36,7,-1,-1,-1,-1,8,1,E01027499,0
Unvalidated,2024101403749,2024,101403749,1,-1,-1,-1,-1,-1,-1,0,-1,-1,-1,0,-1,1,6,3,-1,-1,-1,-1,-1,-1,-1,-1,-1,0
Unvalidated,2024101403761,2024,101403761,1,9,0,18,2,8,0,0,0,0,0,0,1,1,6,1,23,5,-1,-1,-1,-1,10,1,E01008371,0
Unvalidated,2024101403785,2024,101403785,1,9,0,5,7,3,0,1,0,0,0,0,3,1,5,2,30,6,-1,-1,-1,-1,2,1,E01027429,0
Unvalidated,2024101403785,2024,101403785,2,1,0,9,5,3,0,3,2,0,0,0,1,1,5,1,38,7,-1,-1,-1,-1,3,1,E01008298,0
Unvalidated,2024101403838,2024,101403838,1,9,0,18,4,8,0,1,0,0,1,0,4,1,1,1,55,8,-1,-1,-1,-1,4,1,E01008833,0
Unvalidated,2024101403838,2024,101403838,2,9,0,18,1,5,0,1,0,0,0,0,1,1,2,1,29,6,-1,-1,-1,-1,5,1,E01008835,0
Unvalidated,2024101403838,2024,101403838,3,9,0,2,0,0,0,2,0,0,0,0,4,1,6,1,29,6,-1,-1,-1,-1,4,1,E01008833,0
Unvalidated,2024101403896,2024,101403896,1,9,0,18,5,1,0,8,0,0,0,0,1,1,6,3,-1,-1,-1,-1,-1,-1,-1,-1,-1,0
Unvalidated,2024101403985,2024,101403985,1,5,0,13,5,1,0,1,5,0,0,0,1,1,5,1,62,9,-1,-1,-1,-1,10,1,E01008497,0
Unvalidated,2024101403985,2024,101403985,2,20,0,9,5,1,0,1,0,0,7,0,1,1,1,1,57,9,-1,-1,-1,-1,5,1,E01008402,0
Unvalidated,2024101404062,2024,101404062,1,9,0,9,8,6,0,6,0,0,0,0,3,1,6,1,63,9,-1,-1,-1,-1,3,1,E01008851,0
Unvalidated,2024101404062,2024,101404062,2,9,0,18,6,2,0,8,0,0,0,0,1,1,5,2,28,6,-1,-1,-1,-1,8,1,E01008862,0
Unvalidated,2024101404156,2024,101404156,1,8,0,18,5,1,0,0,0,7,0,0,4,1,1,1,40,7,-1,-1,-1,-1,2,1,E01027493,0
Unvalidated,2024101404193,2024,101404193,1,8,0,18,4,8,0,8,0,0,0,0,1,1,6,1,49,8,-1,-1,-1,-1,2,1,E01008335,0
Unvalidated,2024101404292,2024,101404292,1,19,-1,18,1,5,0,4,0,0,0,0,1,1,6,3,-1,-1,-1,-1,-1,-1,-1,-1,-1,0
Unvalidated,2024101404292,2024,101404292,2,9,-1,18,1,5,0,4,0,0,0,0,2,1,5,2,38,7,-1,-1,-1,-1,5,1,E01027441,0
Unvalidated,2024101404297,2024,101404297,1,9,0,9,3,1,0,8,0,0,0,0,1,1,6,1,24,5,-1,-1,-1,-1,1,1,E01008666,0
Unvalidated,2024101404373,2024,101404373,1,9,0,18,3,7,0,8,0,0,0,0,1,1,6,2,-1,-1,-1,-1,-1,-1,-1,-1,-1,0
Unvalidated,2024101404522,2024,101404522,1,9,0,18,5,1,0,0,0,0,0,0,1,1,6,1,26,6,-1,-1,-1,-1,4,1,E01008198,0
Unvalidated,2024101404522,2024,101404522,2,19,0,5,1,5,0,0,0,0,1,0,3,1,6,1,32,6,-1,-1,-1,-1,4,2,E01020636,0
Unvalidated,2024101404624,2024,101404624,1,9,0,4,1,5,0,0,0,0,0,0,1,1,2,1,26,6,-1,-1,-1,-1,-1,-1,-1,0
Unvalidated,2024101404624,2024,101404624,2,9,0,4,1,5,0,0,0,0,0,0,1,1,5,2,24,5,-1,-1,-1,-1,-1,-1,-1,0
Unvalidated,2024101404624,2024,101404624,3,20,0,4,1,5,0,0,0,0,0,0,2,1,1,1,43,7,-1,-1,-1,-1,-1,-1,-1,0
Unvalidated,2024101404632,2024,101404632,1,9,0,18,1,5,0,8,1,0,7,0,1,1,2,1,23,5,-1,-1,-1,-1,5,1,-1,0
Unvalidated,2024101404632,2024,101404632,2,9,0,10,1,5,0,8,0,0,7,0,3,1,6,2,40,7,-1,-1,-1,-1,5,3,E01027503,0
Unvalidated,2024101404635,2024,101404635,1,9,0,18,5,1,0,0,0,0,0,0,1,1,6,1,66,10,-1,-1,-1,-1,8,1,E01027425,0
Unvalidated,2024101404635,2024,101404635,2,9,0,18,5,1,0,0,0,0,0,0,2,1,2,2,43,7,-1,-1,-1,-1,6,1,E01027532,0
Unvalidated,2024101404648,2024,101404648,1,19,0,18,6,2,0,0,0,0,0,0,1,1,6,3,-1,-1,-1,-1,-1,-1,-1,-1,-1,0
Unvalidated,2024101404648,2024,101404648,2,9,0,3,6,2,0,0,0,0,0,0,2,1,2,2,18,4,-1,-1,-1,-1,2,2,E01020761,0
Unvalidated,2024101404721,2024,101404721,1,8,0,18,2,5,0,8,0,0,0,0,1,1,1,1,39,7,-1,-1,-1,-1,8,1,E01008412,0
Unvalidated,2024101404769,2024,101404769,1,19,0,18,4,8,0,8,0,0,0,0,0,1,6,3,-1,-1,-1,-1,-1,-1,-1,-1,-1,0
Unvalidated,2024101404769,2024,101404769,2,1,0,18,4,8,0,8,0,0,0,0,0,1,6,1,18,4,-1,-1,-1,-1,3,1,E01008163,0
Unvalidated,2024101405077,2024,101405077,1,9,0,18,5,1,0,8,0,0,3,0,3,1,6,2,25,5,-1,-1,-1,-1,2,3,E01008744,0
Unvalidated,2024101405077,2024,101405077,2,9,0,18,3,7,0,1,0,0,7,0,1,1,6,1,56,9,-1,-1,-1,-1,-1,-1,-1,0
Unvalidated,2024101405102,2024,101405102,1,90,0,18,3,7,0,0,0,0,0,0,1,1,5,1,8,2,-1,-1,-1,-1,-1,-1,-1,0
Unvalidated,2024101405102,2024,101405102,2,9,0,18,3,7,0,0,0,0,0,0,1,1,6,1,72,10,-1,-1,-1,-1,-1,-1,-1,0
Unvalidated,2024101405241,2024,101405241,1,9,0,18,5,1,0,0,0,0,1,0,3,1,5,2,-1,-1,-1,-1,-1,-1,5,3,E01027373,0
Unvalidated,2024101405241,2024,101405241,2,20,0,18,5,1,0,0,0,0,0,0,1,1,5,1,58,9,-1,-1,-1,-1,4,1,E01024293,0
Unvalidated,2024101405241,2024,101405241,3,21,1,18,1,5,0,0,0,0,0,0,1,2,1,1,57,9,-1,-1,-1,-1,2,1,E01027331,0
Unvalidated,2024101405291,2024,101405291,1,9,0,5,4,8,0,8,0,0,0,0,4,1,6,1,71,10,-1,-1,-1,-1,1,1,E01008485,0
Unvalidated,2024101405291,2024,101405291,2,1,0,18,6,2,0,8,0,0,0,0,1,1,2,1,27,6,-1,-1,-1,-1,4,1,E01008483,0
Unvalidated,2024101405438,2024,101405438,1,9,0,18,7,3,0,0,0,0,0,0,1,1,6,3,-1,-1,-1,-1,-1,-1,-1,-1,-1,0
Unvalidated,2024101405462,2024,101405462,1,9,0,18,7,3,0,0,0,0,0,0,1,1,6,3,-1,-1,-1,-1,-1,-1,-1,-1,-1,0
Unvalidated,2024101405627,2024,101405627,1,9,0,12,5,1,0,0,0,0,0,0,2,1,6,1,50,8,-1,-1,-1,-1,2,1,E01008613,0
Unvalidated,2024101405627,2024,101405627,2,8,0,18,5,1,0,0,0,0,0,0,1,1,1,1,27,6,-1,-1,-1,-1,2,1,E01008457,0
Unvalidated,2024101405822,2024,101405822,1,9,0,7,2,4,0,8,0,0,0,0,1,1,5,1,36,7,-1,-1,-1,-1,4,1,E01008676,0
Unvalidated,2024101405841,2024,101405841,1,9,0,18,2,6,0,0,0,0,0,0,1,1,6,2,35,6,-1,-1,-1,-1,-1,-1,-1,0
Unvalidated,2024101405841,2024,101405841,2,9,0,4,2,6,0,0,0,0,0,0,2,1,5,2,42,7,-1,-1,-1,-1,5,1,E01008774,0
Unvalidated,2024101405862,2024,101405862,1,9,0,12,5,1,9,0,0,0,7,0,3,1,6,1,32,6,-1,-1,-1,-1,5,1,E01027529,0
Unvalidated,2024101405862,2024,101405862,2,9,0,2,7,3,0,0,0,0,0,0,4,1,6,3,-1,-1,-1,-1,-1,-1,-1,-1,-1,0
Unvalidated,2024101405886,2024,101405886,1,9,0,18,7,5,0,8,0,0,0,0,4,1,6,3,25,5,-1,-1,-1,-1,-1,-1,-1,0
Unvalidated,2024101405957,2024,101405957,1,9,0,18,5,1,0,0,2,0,0,0,4,1,6,1,18,4,-1,-1,-1,-1,6,3,E01027472,0
Unvalidated,2024101405957,2024,101405957,2,1,0,18,5,1,0,0,0,0,0,0,4,1,6,1,70,10,-1,-1,-1,-1,9,2,E01033714,0
Unvalidated,2024101405971,2024,101405971,1,9,0,18,1,5,0,0,0,0,0,0,3,1,6,1,56,9,-1,-1,-1,-1,5,2,E01027445,0
Unvalidated,2024101405971,2024,101405971,2,9,0,18,1,5,0,0,5,0,0,0,4,1,6,1,22,5,-1,-1,-1,-1,8,1,E01027425,0
Unvalidated,2024101405971,2024,101405971,3,9,0,4,1,6,0,0,0,0,0,0,2,1,6,2,43,7,-1,-1,-1,-1,-1,-1,-1,0
Unvalidated,2024101405971,2024,101405971,4,9,0,4,1,5,0,0,0,0,0,0,2,1,6,1,33,6,-1,-1,-1,-1,4,2,E01027432,0
Unvalidated,2024101406061,2024,101406061,1,9,0,18,7,3,0,2,0,4,0,0,1,1,6,1,30,6,-1,-1,-1,-1,6,1,E01008574,0
Unvalidated,2024101406061,2024,101406061,2,9,0,2,0,0,0,2,0,0,0,0,2,1,6,3,-1,-1,-1,-1,-1,-1,-1,-1,-1,0
Unvalidated,2024101406061,2024,101406061,3,9,0,2,0,0,0,2,0,0,0,0,2,1,6,3,-1,-1,-1,-1,-1,-1,-1,-1,-1,0
Unvalidated,2024101406061,2024,101406061,4,9,0,2,0,0,0,2,0,0,0,0,2,1,6,3,-1,-1,-1,-1,-1,-1,-1,-1,-1,0
Unvalidated,2024101406061,2024,101406061,5,9,0,18,3,7,0,1,0,4,0,0,1,1,5,2,43,7,-1,-1,-1,-1,2,1,E01008599,0
Unvalidated,2024101406073,2024,101406073,1,9,0,18,1,6,0,8,0,0,0,0,3,1,5,2,38,7,-1,-1,-1,-1,7,3,E01027473,0
Unvalidated,2024101406073,2024,101406073,2,1,0,18,8,4,0,8,0,0,0,0,1,1,5,1,60,9,-1,-1,-1,-1,5,2,E01027553,0
Unvalidated,2024101406085,2024,101406085,1,11,0,5,5,1,0,0,0,0,0,0,4,1,1,1,40,7,-1,-1,-1,-1,2,1,E01008698,0
Unvalidated,2024101406095,2024,101406095,1,19,0,9,8,6,0,8,0,0,0,0,1,1,2,1,52,8,-1,-1,-1,-1,4,1,E01008213,0
Unvalidated,2024101406095,2024,101406095,2,1,0,18,4,8,0,8,0,0,0,0,1,1,5,1,40,7,-1,-1,-1,-1,8,1,E01008642,0
Unvalidated,2024101406109,2024,101406109,1,9,0,9,3,1,0,8,0,0,0,0,3,1,6,2,56,9,-1,-1,-1,-1,8,1,E01008287,0
Unvalidated,2024101406133,2024,101406133,1,9,0,9,2,7,0,0,0,0,0,0,4,1,5,2,67,10,-1,-1,-1,-1,10,1,E01008546,0
Unvalidated,2024101406290,2024,101406290,1,9,0,18,2,6,0,6,0,0,0,0,1,1,6,1,89,11,-1,-1,-1,-1,-1,-1,-1,0
Unvalidated,2024101406321,2024,101406321,1,9,0,18,1,5,0,0,0,4,0,0,1,1,6,2,55,8,-1,-1,-1,-1,8,1,E01008363,0
Unvalidated,2024101406484,2024,101406484,1,9,0,9,2,4,0,1,0,0,0,0,1,1,6,1,52,8,-1,-1,-1,-1,5,1,E01008830,0
Unvalidated,2024101406569,2024,101406569,1,9,0,18,3,7,0,8,0,0,0,0,1,2,5,2,57,9,-1,-1,-1,-1,5,3,E01027374,0
Unvalidated,2024101406595,2024,101406595,1,9,0,9,7,3,0,5,0,0,0,0,4,1,5,1,31,6,-1,-1,-1,-1,-1,-1,-1,0
Unvalidated,2024101406595,2024,101406595,2,9,0,18,3,7,0,1,0,0,0,0,1,1,6,1,24,5,-1,-1,-1,-1,-1,-1,-1,0
Unvalidated,2024101406595,2024,101406595,3,9,0,8,0,0,0,1,0,0,0,0,1,1,2,1,43,7,-1,-1,-1,-1,-1,-1,-1,0
Unvalidated,2024101406655,2024,101406655,1,9,0,18,7,3,0,0,0,0,0,0,1,1,6,1,-1,-1,-1,-1,-1,-1,-1,-1,-1,0
Unvalidated,2024101406655,2024,101406655,2,9,0,3,7,3,0,0,0,0,0,0,2,1,5,2,42,7,-1,-1,-1,-1,2,1,E01008285,0
Unvalidated,2024101406742,2024,101406742,1,9,0,18,5,1,0,0,0,0,0,0,1,1,2,1,45,7,-1,-1,-1,-1,7,1,E01008320,0
Unvalidated,2024101406845,2024,101406845,1,9,0,5,1,5,0,0,0,0,0,0,1,1,6,3,-1,-1,-1,-1,-1,-1,-1,-1,-1,0
Unvalidated,2024101406845,2024,101406845,2,1,0,18,5,1,0,0,0,0,0,0,2,1,1,1,51,8,-1,-1,-1,-1,-1,-1,-1,0
Unvalidated,2024101406950,2024,101406950,1,11,0,5,6,2,0,8,0,0,0,0,0,1,1,1,52,8,-1,-1,-1,-1,2,1,E01008867,0
Unvalidated,2024101407221,2024,101407221,1,9,0,18,6,5,0,0,0,0,0,0,1,1,6,2,31,6,-1,-1,-1,-1,8,1,E01008249,0
Unvalidated,2024101407221,2024,101407221,2,9,0,4,6,5,0,0,0,0,0,0,2,1,6,2,60,9,-1,-1,-1,-1,8,2,E01027497,0
Unvalidated,2024101407221,2024,101407221,3,9,0,4,6,5,0,0,0,0,0,0,0,1,6,2,31,6,-1,-1,-1,-1,-1,-1,-1,0
Unvalidated,2024101407246,2024,101407246,1,9,0,18,5,1,0,0,0,0,0,0,1,1,6,1,-1,-1,-1,-1,-1,-1,-1,-1,-1,0
Unvalidated,2024101407246,2024,101407246,2,9,0,3,5,1,0,0,0,0,0,0,2,1,6,1,34,6,-1,-1,-1,-1,2,1,E01008599,0
Unvalidated,2024101407262,2024,101407262,1,1,0,18,5,1,0,1,5,0,0,0,3,1,5,1,64,9,-1,-1,-1,-1,3,1,E01008561,0
Unvalidated,2024101407262,2024,101407262,2,9,0,9,7,5,0,6,0,0,0,0,3,1,5,1,39,7,-1,-1,-1,-1,5,1,E01008496,0
Unvalidated,2024101407474,2024,101407474,1,9,0,18,1,5,0,4,0,0,0,0,1,1,6,1,27,6,-1,-1,-1,-1,-1,-1,-1,0
Unvalidated,2024101407474,2024,101407474,2,9,0,18,1,5,0,8,0,0,0,0,2,1,6,2,30,6,-1,-1,-1,-1,3,1,E01008463,0
Unvalidated,2024101407555,2024,101407555,1,1,0,18,1,5,0,1,5,0,0,0,1,1,5,1,9,2,-1,-1,-1,-1,2,1,E01008336,0
Unvalidated,2024101407555,2024,101407555,2,9,0,5,6,1,0,6,0,0,0,0,1,1,6,2,66,10,-1,-1,-1,-1,10,1,E01008421,0
Unvalidated,2024101407663,2024,101407663,1,9,0,18,5,1,0,0,1,0,0,0,1,1,5,1,37,7,-1,-1,-1,-1,-1,-1,-1,0
Unvalidated,2024101407663,2024,101407663,2,9,0,4,6,1,0,0,0,0,0,0,2,1,6,2,21,5,-1,-1,-1,-1,-1,-1,-1,0
Unvalidated,2024101407663,2024,101407663,3,9,0,18,6,1,0,0,0,0,0,0,2,1,6,1,26,6,-1,-1,-1,-1,-1,-1,-1,0
Unvalidated,2024101407748,2024,101407748,1,9,0,18,7,3,0,1,1,0,0,0,4,1,5,1,41,7,-1,-1,-1,-1,10,2,E01032647,0
Unvalidated,2024101407748,2024,101407748,2,9,0,9,1,5,0,2,0,0,0,0,1,1,5,1,62,9,-1,-1,-1,-1,1,1,E01008429,0
Unvalidated,2024101407890,2024,101407890,1,9,0,9,4,2,0,8,0,0,0,0,1,1,6,1,34,6,-1,-1,-1,-1,6,1,E01008206,0
Unvalidated,2024101407890,2024,101407890,2,9,0,18,2,6,0,8,0,0,0,0,4,1,6,1,27,6,-1,-1,-1,-1,6,1,E01008206,0
Unvalidated,2024101407957,2024,101407957,1,19,0,18,2,6,0,8,0,0,0,0,1,1,6,1,40,7,-1,-1,-1,-1,4,1,E01008833,0
Unvalidated,2024101407957,2024,101407957,2,9,0,18,1,5,0,8,0,0,7,0,4,1,5,1,64,9,-1,-1,-1,-1,4,1,E01008624,0
Unvalidated,2024101407968,2024,101407968,1,9,0,9,1,7,0,8,0,0,0,0,1,1,6,1,30,6,-1,-1,-1,-1,2,1,E01008874,0
Unvalidated,2024101407968,2024,101407968,2,9,0,18,5,1,0,8,0,0,0,0,1,1,2,2,31,6,-1,-1,-1,-1,3,1,E01008258,0
Unvalidated,2024101408085,2024,101408085,1,9,0,12,8,4,0,0,0,0,0,0,3,1,5,2,38,7,-1,-1,-1,-1,2,1,E01027519,0
Unvalidated,2024101408085,2024,101408085,2,4,0,18,8,4,0,0,0,0,0,0,4,1,6,1,53,8,-1,-1,-1,-1,9,2,E01008580,0
Unvalidated,2024101408091,2024,101408091,1,9,0,5,5,7,-1,1,0,0,0,0,1,1,6,2,18,4,-1,-1,-1,-1,9,1,E01027549,0
Unvalidated,2024101408091,2024,101408091,2,9,0,18,5,6,0,8,0,0,0,0,4,1,6,1,28,6,-1,-1,-1,-1,1,1,E01027540,0
Unvalidated,2024101408248,2024,101408248,1,9,0,18,3,7,0,0,1,6,2,0,4,1,5,1,28,6,-1,-1,-1,-1,2,1,E01008280,0
Unvalidated,2024101408272,2024,101408272,1,9,0,18,5,1,0,1,0,0,0,0,1,1,6,2,22,5,-1,-1,-1,-1,3,1,E01008533,0
Unvalidated,2024101408303,2024,101408303,1,9,0,18,7,3,0,8,0,0,0,0,1,1,6,1,49,8,-1,-1,-1,-1,1,1,E01008439,0
Unvalidated,2024101408303,2024,101408303,2,9,0,9,5,3,0,8,1,0,0,0,4,1,6,1,59,9,-1,-1,-1,-1,3,1,E01008168,0
Unvalidated,2024101408322,2024,101408322,1,-1,0,18,1,5,0,0,0,0,0,0,1,1,6,1,30,6,-1,-1,-1,-1,-1,-1,-1,0
Unvalidated,2024101408338,2024,101408338,1,8,0,7,4,6,0,8,0,0,0,0,1,1,6,1,-1,-1,-1,-1,-1,-1,-1,-1,-1,0
Unvalidated,2024101408375,2024,101408375,1,19,0,18,8,4,0,0,0,0,0,0,1,1,6,1,49,8,-1,-1,-1,-1,7,1,E01020710,0
Unvalidated,2024101408375,2024,101408375,2,10,0,3,8,4,0,0,0,0,0,0,2,1,6,1,57,9,-1,-1,-1,-1,8,1,E01032594,0
Unvalidated,2024101408546,2024,101408546,1,9,0,18,5,1,0,0,0,0,0,0,1,1,6,1,44,7,-1,-1,-1,-1,1,1,E01012267,0
Unvalidated,2024101408564,2024,101408564,1,9,0,7,1,3,0,8,0,0,0,0,1,1,6,2,33,6,-1,-1,-1,-1,1,2,E01027542,0
Unvalidated,2024101408564,2024,101408564,2,9,0,18,8,3,0,8,0,0,0,0,4,1,6,2,21,5,-1,-1,-1,-1,1,2,E01027451,0
Unvalidated,2024101408732,2024,101408732,1,90,0,18,5,1,0,1,0,0,0,0,1,1,6,1,-1,-1,-1,-1,-1,-1,-1,-1,-1,0
Unvalidated,2024101408732,2024,101408732,2,9,0,8,3,5,0,6,0,0,0,0,4,1,5,2,62,9,-1,-1,-1,-1,7,1,E01008434,0
Unvalidated,2024101408747,2024,101408747,1,9,-1,-1,-1,-1,-1,0,-1,-1,-1,0,-1,1,6,1,-1,-1,-1,-1,-1,-1,-1,-1,-1,0
Unvalidated,2024101408747,2024,101408747,2,1,0,-1,-1,-1,-1,0,-1,-1,-1,0,-1,1,6,1,33,6,-1,-1,-1,-1,2,1,E01008492,0
Unvalidated,2024101408785,2024,101408785,1,9,0,7,4,2,0,1,0,0,0,0,4,1,6,2,-1,-1,-1,-1,-1,-1,-1,-1,-1,0
Unvalidated,2024101408785,2024,101408785,2,1,0,18,2,6,0,1,0,0,0,0,3,1,5,1,25,5,-1,-1,-1,-1,1,1,E01027527,0
Unvalidated,2024101408814,2024,101408814,1,9,0,5,1,5,0,4,0,0,0,0,1,1,6,1,30,6,-1,-1,-1,-1,-1,-1,-1,0
Unvalidated,2024101408814,2024,101408814,2,1,0,18,1,5,0,3,0,0,0,0,3,1,1,1,22,5,-1,-1,-1,-1,1,1,E01008737,0
Unvalidated,2024101409070,2024,101409070,1,22,0,18,5,1,0,0,0,0,0,0,3,1,6,2,84,11,-1,-1,-1,-1,1,1,E01008327,0
Unvalidated,2024101409070,2024,101409070,2,9,0,18,3,7,0,0,0,0,0,0,4,1,6,1,43,7,-1,-1,-1,-1,3,1,E01008350,0
Unvalidated,2024101409169,2024,101409169,1,98,4,18,7,3,0,0,0,0,0,0,3,1,1,1,63,9,-1,-1,-1,-1,-1,-1,-1,0
Unvalidated,2024101409201,2024,101409201,1,9,0,9,8,5,0,0,0,0,0,0,3,1,5,2,27,6,-1,-1,-1,-1,2,1,E01008450,0
Unvalidated,2024101409201,2024,101409201,2,3,0,18,6,2,0,0,0,0,0,0,1,1,1,1,27,6,-1,-1,-1,-1,4,1,E01008445,0
Unvalidated,2024101409261,2024,101409261,1,1,0,18,2,4,0,8,0,0,0,0,0,1,5,1,36,7,-1,-1,-1,-1,-1,-1,-1,0
Unvalidated,2024101409261,2024,101409261,2,9,0,5,3,5,0,8,0,0,0,0,0,1,2,2,31,6,-1,-1,-1,-1,6,1,E01008696,0
Unvalidated,2024101409382,2024,101409382,1,9,0,18,2,7,0,0,0,0,0,0,1,1,2,1,24,5,-1,-1,-1,-1,7,1,E01008850,0
Unvalidated,2024101409382,2024,101409382,2,9,0,4,2,7,0,0,0,0,0,0,2,1,2,1,35,6,-1,-1,-1,-1,-1,1,-1,0
Unvalidated,2024101409405,2024,101409405,1,20,0,18,3,7,0,2,0,0,0,0,1,1,6,1,45,7,-1,-1,-1,-1,6,1,E01027517,0
Unvalidated,2024101409614,2024,101409614,1,9,0,18,1,5,0,0,0,0,7,0,1,1,5,1,70,10,-1,-1,-1,-1,3,1,E01011718,0
Unvalidated,2024101409614,2024,101409614,2,17,0,18,1,5,0,0,0,0,1,0,3,1,1,1,59,9,-1,-1,-1,-1,10,3,E01027507,0
Unvalidated,2024101409633,2024,101409633,1,98,0,9,6,8,0,2,0,0,0,0,1,1,1,1,55,8,-1,-1,-1,-1,6,3,-1,0
Unvalidated,2024101409644,2024,101409644,1,9,0,18,3,1,0,3,1,0,0,0,1,1,6,1,68,10,-1,-1,-1,-1,-1,-1,-1,0