status,collision_index,collision_year,collision_reference,vehicle_reference,vehicle_type,towing_and_articulation,vehicle_manoeuvre,vehicle_direction_from,vehicle_direction_to,vehicle_location_restricted_lane,junction_location,skidding_and_overturning,hit_object_in_carriageway,vehicle_leaving_carriageway,hit_object_off_carriageway,first_point_of_impact,vehicle_left_hand_drive,journey_purpose_of_driver,sex_of_driver,age_of_driver,age_band_of_driver,engine_capacity_cc,propulsion_code,age_of_vehicle,generic_make_model,driver_imd_decile,driver_home_area_type,lsoa_of_driver,escooter_flag
Unvalidated,2024101409700,2024,101409700,1,9,0,9,1,5,0,5,0,0,0,0,4,1,6,2,44,7,-1,-1,-1,-1,3,1,E01020596,0
Unvalidated,2024101409700,2024,101409700,2,1,0,18,1,5,0,1,0,0,0,0,1,1,5,2,33,6,-1,-1,-1,-1,1,1,E01008201,0
Unvalidated,2024101409728,2024,101409728,1,9,0,9,1,3,0,8,1,0,0,0,1,1,1,2,37,7,-1,-1,-1,-1,3,1,E01008476,0
Unvalidated,2024101409728,2024,101409728,2,9,0,5,3,7,0,8,0,0,0,0,1,1,5,2,61,9,-1,-1,-1,-1,7,1,E01008473,0
Unvalidated,2024101409728,2024,101409728,3,9,0,10,7,1,0,8,0,0,0,0,1,1,5,2,29,6,-1,-1,-1,-1,3,1,E01008406,0
Unvalidated,2024101409728,2024,101409728,4,9,0,3,7,3,0,8,0,0,0,0,1,1,5,1,37,7,-1,-1,-1,-1,9,3,E01015547,0
Unvalidated,2024101409751,2024,101409751,1,9,0,4,7,3,0,1,0,0,0,0,1,1,6,1,-1,-1,-1,-1,-1,-1,-1,-1,-1,0
Unvalidated,2024101409751,2024,101409751,2,9,0,4,7,5,0,1,0,0,0,0,2,1,5,1,53,8,-1,-1,-1,-1,5,1,E01008343,0
Unvalidated,2024101410062,2024,101410062,1,9,0,18,4,8,0,1,0,0,0,0,1,1,6,1,-1,-1,-1,-1,-1,-1,-1,-1,-1,0
Unvalidated,2024101410062,2024,101410062,2,9,0,18,8,4,0,1,0,0,0,0,1,1,1,2,21,5,-1,-1,-1,-1,1,1,E01008829,0
Unvalidated,2024101410100,2024,101410100,1,19,0,18,2,6,0,0,0,0,0,0,1,1,6,1,39,7,-1,-1,-1,-1,8,1,E01008553,0
Unvalidated,2024101410222,2024,101410222,1,9,0,9,3,5,0,1,0,0,0,0,1,1,6,2,43,7,-1,-1,-1,-1,-1,-1,-1,0
Unvalidated,2024101410222,2024,101410222,2,9,0,18,1,1,0,1,0,0,0,0,1,1,6,2,50,8,-1,-1,-1,-1,-1,-1,-1,0
Unvalidated,2024101410366,2024,101410366,1,9,0,18,1,5,0,0,0,0,0,0,3,1,6,2,76,11,-1,-1,-1,-1,10,1,E01008271,0
Unvalidated,2024101410366,2024,101410366,2,9,0,18,5,1,0,0,0,0,0,0,3,1,2,1,19,4,-1,-1,-1,-1,7,3,E01018372,0
Unvalidated,2024101410443,2024,101410443,1,9,0,18,4,8,0,0,0,0,0,0,1,1,6,2,30,6,-1,-1,-1,-1,-1,-1,-1,0
Unvalidated,2024101410443,2024,101410443,2,9,0,4,4,8,0,0,0,0,7,0,2,1,6,2,35,6,-1,-1,-1,-1,8,1,E01008507,0
Unvalidated,2024101410655,2024,101410655,1,9,0,18,7,3,0,1,0,0,0,0,1,1,5,2,34,6,-1,-1,-1,-1,-1,-1,-1,0
Unvalidated,2024101410655,2024,101410655,2,9,0,4,7,3,0,1,0,0,0,0,2,1,5,2,77,11,-1,-1,-1,-1,-1,-1,-1,0
Unvalidated,2024101410674,2024,101410674,1,9,0,18,3,7,0,0,0,0,0,0,1,1,6,1,41,7,-1,-1,-1,-1,1,1,E01008299,0
Unvalidated,2024101410674,2024,101410674,2,9,0,3,3,7,0,0,0,0,0,0,2,1,6,1,24,5,-1,-1,-1,-1,2,1,E01008543,0
Unvalidated,2024101410740,2024,101410740,1,19,0,9,1,5,0,1,0,0,0,0,1,1,1,1,35,6,-1,-1,-1,-1,-1,-1,-1,0
Unvalidated,2024101410740,2024,101410740,2,19,0,3,1,5,0,1,0,0,0,0,2,1,1,1,23,5,-1,-1,-1,-1,2,1,E01033545,0
Unvalidated,2024101410769,2024,101410769,1,8,0,1,8,4,0,8,0,0,0,0,2,1,1,1,75,10,-1,-1,-1,-1,4,2,E01027435,0
Unvalidated,2024101410769,2024,101410769,2,9,0,2,0,0,0,8,0,0,0,0,3,1,6,3,-1,-1,-1,-1,-1,-1,-1,-1,-1,0
Unvalidated,2024101410802,2024,101410802,1,9,0,7,5,8,0,8,0,0,0,0,1,1,6,2,-1,-1,-1,-1,-1,-1,-1,-1,-1,0
Unvalidated,2024101410849,2024,101410849,1,23,0,18,5,1,0,1,1,0,1,0,1,1,6,1,14,3,-1,-1,-1,-1,9,1,E01008235,0
Unvalidated,2024101410849,2024,101410849,2,9,0,9,1,5,0,5,0,0,0,0,1,1,5,1,71,10,-1,-1,-1,-1,-1,-1,-1,0
Unvalidated,2024101410929,2024,101410929,1,9,0,18,2,6,0,4,0,0,0,0,3,1,6,1,-1,-1,-1,-1,-1,-1,-1,-1,-1,0
Unvalidated,2024101410929,2024,101410929,2,1,0,18,1,5,0,3,2,0,0,0,1,1,6,1,47,8,-1,-1,-1,-1,6,1,E01008740,0
Unvalidated,2024101410952,2024,101410952,1,9,0,15,5,1,0,0,0,0,0,0,4,1,6,3,-1,-1,-1,-1,-1,-1,-1,-1,-1,0
Unvalidated,2024101410952,2024,101410952,2,9,0,4,5,1,0,0,0,0,0,0,3,1,6,1,19,4,-1,-1,-1,-1,4,2,E01008578,0
Unvalidated,2024101410967,2024,101410967,1,8,0,7,7,1,0,6,0,0,0,0,3,1,1,1,57,9,-1,-1,-1,-1,1,1,E01008332,0
Unvalidated,2024101410967,2024,101410967,2,3,0,18,5,1,0,1,0,0,0,0,1,1,6,1,20,4,-1,-1,-1,-1,1,1,E01008257,0
Unvalidated,2024101411331,2024,101411331,1,98,1,9,5,1,0,5,0,0,0,0,4,1,1,1,24,5,-1,-1,-1,-1,6,1,E01008181,0
Unvalidated,2024101411331,2024,101411331,2,1,0,4,1,2,0,1,2,0,1,0,1,1,5,1,67,10,-1,-1,-1,-1,-1,-1,-1,0
Unvalidated,2024101411385,2024,101411385,1,9,0,5,3,7,0,1,0,0,0,0,3,1,6,3,-1,-1,-1,-1,-1,-1,-1,-1,-1,0
Unvalidated,2024101411388,2024,101411388,1,90,0,18,7,3,0,1,0,0,0,0,1,1,6,1,60,9,-1,-1,-1,-1,-1,-1,-1,1
Unvalidated,2024101411388,2024,101411388,2,9,0,4,0,0,0,1,0,0,0,0,3,1,6,1,29,6,-1,-1,-1,-1,2,1,E01008301,0
Unvalidated,2024101411723,2024,101411723,1,9,0,9,7,5,0,6,0,0,0,0,1,1,6,1,32,6,-1,-1,-1,-1,-1,-1,-1,0
Unvalidated,2024101411723,2024,101411723,2,9,0,18,1,5,0,8,0,0,0,0,1,1,5,2,44,7,-1,-1,-1,-1,1,1,E01008596,0
Unvalidated,2024101411749,2024,101411749,1,9,0,18,3,7,0,0,0,0,0,0,4,1,5,1,43,7,-1,-1,-1,-1,-1,-1,-1,0
Unvalidated,2024101411749,2024,101411749,2,1,0,18,7,3,0,0,0,0,0,0,2,1,6,1,50,8,-1,-1,-1,-1,-1,-1,-1,0
Unvalidated,2024101411816,2024,101411816,1,9,0,14,5,1,0,0,0,4,0,0,1,1,5,1,30,6,-1,-1,-1,-1,2,1,E01008191,0
Unvalidated,2024101411816,2024,101411816,2,9,0,2,0,0,0,0,0,0,0,0,2,1,6,1,58,9,-1,-1,-1,-1,4,1,E01008871,0
Unvalidated,2024101411827,2024,101411827,1,9,0,18,1,5,0,2,0,0,0,0,3,1,5,2,55,8,-1,-1,-1,-1,4,1,E01008711,0
Unvalidated,2024101411827,2024,101411827,3,9,0,9,5,3,0,8,0,0,0,0,3,1,5,1,46,8,-1,-1,-1,-1,5,1,E01008787,0
Unvalidated,2024101411836,2024,101411836,1,8,0,5,2,6,0,8,0,0,0,0,4,1,1,1,27,6,-1,-1,-1,-1,4,1,E01008413,0
Unvalidated,2024101411859,2024,101411859,1,11,0,18,7,3,0,0,0,0,0,0,0,1,1,1,-1,-1,-1,-1,-1,-1,-1,-1,-1,0
Unvalidated,2024101411859,2024,101411859,2,19,0,18,3,7,0,0,0,0,0,0,0,1,1,1,58,9,-1,-1,-1,-1,2,1,E01033545,0
Unvalidated,2024101411950,2024,101411950,1,9,0,5,8,4,0,0,0,0,0,0,2,1,6,2,75,10,-1,-1,-1,-1,10,1,E01008563,0
Unvalidated,2024101411950,2024,101411950,2,9,0,18,8,4,0,0,0,0,0,0,1,1,5,2,46,8,-1,-1,-1,-1,4,1,E01027413,0
Unvalidated,2024101412030,2024,101412030,1,1,0,18,5,1,0,2,0,0,0,0,4,1,2,1,27,6,-1,-1,-1,-1,1,1,E01008400,0
Unvalidated,2024101412030,2024,101412030,2,9,0,18,7,3,0,2,0,0,0,0,1,1,6,1,47,8,-1,-1,-1,-1,7,1,E01027501,0
Unvalidated,2024101412038,2024,101412038,1,11,0,18,1,1,2,3,0,0,0,0,4,1,1,1,28,6,-1,-1,-1,-1,5,1,E01008615,0
Unvalidated,2024101412091,2024,101412091,1,3,0,7,4,8,0,1,0,0,0,0,3,1,6,1,55,8,-1,-1,-1,-1,1,1,E01008438,0
Unvalidated,2024101412091,2024,101412091,2,9,0,18,4,2,0,1,0,0,0,0,2,1,6,3,40,7,-1,-1,-1,-1,-1,-1,-1,0
Unvalidated,2024101412244,2024,101412244,1,9,0,18,2,6,0,0,0,0,0,0,0,1,6,3,-1,-1,-1,-1,-1,-1,-1,-1,-1,0
Unvalidated,2024101412244,2024,101412244,2,1,0,18,2,6,0,0,5,0,0,0,4,1,6,1,14,3,-1,-1,-1,-1,5,1,E01008844,0
Unvalidated,2024101412273,2024,101412273,1,9,0,9,1,7,0,8,0,0,0,0,4,1,6,2,23,5,-1,-1,-1,-1,7,1,E01008314,0
Unvalidated,2024101412273,2024,101412273,2,1,0,18,5,1,0,8,5,0,0,0,1,1,6,1,68,10,-1,-1,-1,-1,10,1,E01008422,0
Unvalidated,2024101412661,2024,101412661,1,23,0,18,3,7,0,1,0,0,0,0,1,1,6,1,23,5,-1,-1,-1,-1,4,1,E01008510,0
Unvalidated,2024101412661,2024,101412661,2,9,0,9,1,3,0,6,0,0,0,0,3,1,6,2,39,7,-1,-1,-1,-1,-1,-1,-1,0
Unvalidated,2024101412679,2024,101412679,1,9,0,18,4,1,0,0,0,4,0,0,1,1,5,2,67,10,-1,-1,-1,-1,4,1,E01008255,0
Unvalidated,2024101412679,2024,101412679,2,9,0,2,0,0,0,0,0,4,0,0,2,1,5,2,61,9,-1,-1,-1,-1,10,1,E01020717,0
Unvalidated,2024101412679,2024,101412679,3,9,0,2,0,0,0,0,0,0,0,0,2,1,6,3,-1,-1,-1,-1,-1,-1,-1,-1,-1,0
Unvalidated,2024101412786,2024,101412786,1,9,0,9,1,7,0,8,0,0,0,0,1,1,6,3,-1,-1,-1,-1,-1,-1,-1,-1,-1,0
Unvalidated,2024101412829,2024,101412829,1,-1,0,18,1,5,0,0,0,0,0,0,0,1,6,3,-1,-1,-1,-1,-1,-1,-1,-1,-1,0
Unvalidated,2024101412829,2024,101412829,2,9,0,18,1,5,0,0,0,0,0,0,1,1,2,1,26,6,-1,-1,-1,-1,3,1,E01008241,0
Unvalidated,2024101412829,2024,101412829,3,1,0,18,6,2,0,0,5,0,0,0,4,1,2,1,39,7,-1,-1,-1,-1,7,1,E01008342,0
Unvalidated,2024101413094,2024,101413094,1,90,0,18,5,1,0,6,0,0,0,0,3,1,5,1,12,3,-1,-1,-1,-1,2,1,E01008324,1
Unvalidated,2024101413094,2024,101413094,2,9,0,18,3,7,0,2,0,0,0,0,1,1,5,2,31,6,-1,-1,-1,-1,3,1,E01008441,0
Unvalidated,2024101413244,2024,101413244,1,9,0,1,4,8,0,0,0,0,0,0,3,1,6,2,52,8,-1,-1,-1,-1,-1,-1,-1,0
Unvalidated,2024101413244,2024,101413244,2,1,0,18,7,3,4,0,0,0,0,0,1,1,6,1,19,4,-1,-1,-1,-1,2,1,E01008825,0
Unvalidated,2024101413307,2024,101413307,1,8,0,1,7,3,0,0,0,0,0,0,0,1,1,1,-1,-1,-1,-1,-1,-1,-1,-1,-1,0
Unvalidated,2024101413511,2024,101413511,1,9,0,5,8,4,0,8,0,0,0,0,1,1,5,1,38,7,-1,-1,-1,-1,5,1,E01011968,0
Unvalidated,2024101413511,2024,101413511,2,3,0,18,7,3,0,1,0,0,0,0,4,1,5,1,22,5,-1,-1,-1,-1,4,1,E01008766,0
Unvalidated,2024101413551,2024,101413551,1,21,1,18,2,6,0,1,0,0,0,0,1,1,1,1,42,7,-1,-1,-1,-1,2,1,E01008456,0
Unvalidated,2024101413568,2024,101413568,1,8,0,18,0,2,0,6,0,4,0,0,1,1,1,1,38,7,-1,-1,-1,-1,-1,-1,-1,0
Unvalidated,2024101413568,2024,101413568,2,9,0,5,0,1,0,1,0,0,0,0,1,1,6,1,57,9,-1,-1,-1,-1,1,1,E01008303,0
Unvalidated,2024101413685,2024,101413685,1,9,0,7,2,6,0,0,0,0,0,0,1,1,6,1,41,7,-1,-1,-1,-1,1,1,E01008823,0
Unvalidated,2024101413685,2024,101413685,2,9,0,18,8,4,0,0,0,0,0,0,4,1,2,2,32,6,-1,-1,-1,-1,-1,1,-1,0
Unvalidated,2024101413802,2024,101413802,1,1,0,5,5,1,0,0,0,0,0,0,3,1,6,1,14,3,-1,-1,-1,-1,-1,-1,-1,0
Unvalidated,2024101413802,2024,101413802,2,9,-1,18,3,7,0,0,0,0,0,0,1,1,5,1,73,10,-1,-1,-1,-1,2,1,E01008698,0
Unvalidated,2024101413827,2024,101413827,1,9,0,9,5,3,0,1,0,0,0,0,1,1,5,1,41,7,-1,-1,-1,-1,4,1,E01008451,0
Unvalidated,2024101413827,2024,101413827,2,9,-1,9,5,3,0,1,0,0,0,0,2,1,5,1,20,4,-1,-1,-1,-1,10,2,E01027471,0
Unvalidated,2024101413955,2024,101413955,1,9,0,4,5,5,0,1,0,0,0,0,1,1,5,1,78,11,-1,-1,-1,-1,9,1,E01027439,0
Unvalidated,2024101413955,2024,101413955,2,9,0,3,5,5,0,1,0,0,0,0,1,1,5,2,20,4,-1,-1,-1,-1,-1,-1,-1,0
Unvalidated,2024101413955,2024,101413955,3,9,0,3,5,5,0,1,0,0,0,0,0,1,5,2,72,10,-1,-1,-1,-1,10,1,E01027401,0
Unvalidated,2024101413977,2024,101413977,1,9,0,18,5,1,0,0,0,0,0,0,1,1,5,2,19,4,-1,-1,-1,-1,2,1,E01008633,0
Unvalidated,2024101413996,2024,101413996,1,9,0,18,1,5,0,0,0,0,1,0,1,1,5,2,20,4,-1,-1,-1,-1,5,3,E01027384,0
Unvalidated,2024101414048,2024,101414048,1,9,0,2,5,1,0,0,0,0,0,0,3,1,6,2,46,8,-1,-1,-1,-1,2,1,E01008752,0
Unvalidated,2024101414048,2024,101414048,2,1,0,18,5,1,0,0,1,0,0,0,4,1,5,2,52,8,-1,-1,-1,-1,10,1,E01008497,0
Unvalidated,2024101414048,2024,101414048,3,9,0,3,5,1,0,0,0,0,0,0,4,1,6,2,48,8,-1,-1,-1,-1,9,1,E01008501,0
Unvalidated,2024101414115,2024,101414115,1,9,0,4,5,1,0,1,0,0,0,0,1,1,6,2,39,7,-1,-1,-1,-1,4,2,E01008308,0
Unvalidated,2024101414115,2024,101414115,2,1,0,18,3,7,0,8,5,0,0,0,0,1,6,1,55,8,-1,-1,-1,-1,5,2,E01008306,0
Unvalidated,2024101414163,2024,101414163,1,9,0,18,2,6,0,6,0,0,0,0,1,1,6,1,87,11,-1,-1,-1,-1,-1,-1,-1,0
Unvalidated,2024101414317,2024,101414317,1,3,0,18,5,1,0,4,0,0,0,0,1,1,6,1,18,4,-1,-1,-1,-1,2,1,E01008690,0
Unvalidated,2024101414317,2024,101414317,2,8,0,18,6,2,0,4,0,0,0,0,1,1,1,1,56,9,-1,-1,-1,-1,-1,-1,-1,0
Unvalidated,2024101414328,2024,101414328,1,9,0,18,5,1,0,0,0,0,1,7,1,1,6,2,64,9,-1,-1,-1,-1,1,1,E01008400,0
Unvalidated,2024101414377,2024,101414377,1,98,0,18,7,3,0,0,2,0,1,11,1,1,2,1,54,8,-1,-1,-1,-1,5,1,E01033718,0
Unvalidated,2024101414377,2024,101414377,2,9,0,2,0,0,6,0,0,0,1,0,3,1,6,1,43,7,-1,-1,-1,-1,-1,-1,-1,0
Unvalidated,2024101414378,2024,101414378,1,9,0,18,3,7,9,0,0,0,7,0,1,1,5,1,18,4,-1,-1,-1,-1,-1,-1,-1,0
Unvalidated,2024101414378,2024,101414378,2,9,0,7,3,7,0,0,0,0,0,0,2,1,5,1,41,7,-1,-1,-1,-1,4,2,E01020636,0
Unvalidated,2024101414404,2024,101414404,1,9,0,18,-1,-1,0,-1,0,0,0,0,-1,1,6,2,-1,-1,-1,-1,-1,-1,-1,-1,-1,0
Unvalidated,2024101414512,2024,101414512,1,9,0,5,7,3,0,6,0,0,0,0,1,1,6,2,-1,-1,-1,-1,-1,-1,-1,-1,-1,0
Unvalidated,2024101414512,2024,101414512,2,4,0,18,5,1,0,1,0,0,0,0,4,1,6,1,33,6,-1,-1,-1,-1,1,1,E01008606,0
Unvalidated,2024101414560,2024,101414560,1,9,0,5,7,3,0,6,0,0,0,0,3,1,2,2,45,7,-1,-1,-1,-1,3,1,E01008462,0
Unvalidated,2024101414694,2024,101414694,1,9,0,7,7,1,0,2,0,0,0,0,1,1,2,1,26,6,-1,-1,-1,-1,2,1,E01008252,0
Unvalidated,2024101414694,2024,101414694,2,9,0,3,1,7,0,1,0,0,0,0,1,1,6,2,65,9,-1,-1,-1,-1,3,1,E01008251,0
Unvalidated,2024101414702,2024,101414702,1,9,0,7,1,7,0,1,0,0,0,0,1,1,1,1,46,8,-1,-1,-1,-1,3,1,E01008350,0
Unvalidated,2024101414702,2024,101414702,2,5,0,18,1,5,0,1,0,0,0,0,3,1,5,1,39,7,-1,-1,-1,-1,5,2,E01008306,0
Unvalidated,2024101414708,2024,101414708,1,9,0,18,3,7,0,0,0,0,0,0,3,1,2,1,53,8,-1,-1,-1,-1,-1,-1,-1,0
Unvalidated,2024101414708,2024,101414708,2,1,0,18,5,1,0,0,0,0,0,0,1,1,2,2,33,6,-1,-1,-1,-1,4,1,E01008513,0
Unvalidated,2024101414728,2024,101414728,1,9,0,18,5,1,0,1,0,11,0,0,4,1,2,1,56,9,-1,-1,-1,-1,3,1,E01008819,0
Unvalidated,2024101414870,2024,101414870,1,11,0,1,1,5,2,0,0,0,0,0,0,1,1,1,57,9,-1,-1,-1,-1,-1,-1,-1,0
Unvalidated,2024101414932,2024,101414932,1,21,0,18,3,7,0,0,1,0,0,0,1,1,1,1,45,7,-1,-1,-1,-1,7,2,-1,0
Unvalidated,2024101414932,2024,101414932,2,9,0,18,3,7,0,0,0,0,0,0,4,1,6,2,40,7,-1,-1,-1,-1,8,1,-1,0
Unvalidated,2024101414932,2024,101414932,3,19,0,18,3,7,0,0,0,0,0,0,2,1,1,1,43,7,-1,-1,-1,-1,9,2,E01019085,0
Unvalidated,2024101415049,2024,101415049,1,9,0,5,0,1,0,0,0,0,0,0,0,2,5,2,29,6,-1,-1,-1,-1,-1,-1,-1,0
Unvalidated,2024101415049,2024,101415049,2,90,0,18,5,1,0,0,0,0,0,0,1,2,1,1,67,10,-1,-1,-1,-1,-1,-1,-1,0
Unvalidated,2024101415100,2024,101415100,1,9,0,18,7,3,0,6,0,0,0,0,1,1,6,2,28,6,-1,-1,-1,-1,-1,-1,-1,0
Unvalidated,2024101415376,2024,101415376,1,9,0,18,3,6,0,1,0,0,0,0,1,1,6,1,39,7,-1,-1,-1,-1,7,1,E01004585,0
Unvalidated,2024101415376,2024,101415376,2,9,0,4,3,6,0,8,0,0,0,0,2,1,5,2,40,7,-1,-1,-1,-1,9,1,E01008328,0
Unvalidated,2024101415430,2024,101415430,1,9,0,18,1,6,0,4,0,0,0,0,3,1,5,2,61,9,-1,-1,-1,-1,3,1,E01020661,0
Unvalidated,2024101415430,2024,101415430,2,9,0,18,7,5,0,8,0,0,0,0,4,1,5,1,29,6,-1,-1,-1,-1,10,1,E01008322,0
Unvalidated,2024101415460,2024,101415460,1,9,0,9,6,3,0,0,0,0,0,0,4,1,5,2,35,6,-1,-1,-1,-1,8,1,E01008781,0
Unvalidated,2024101415460,2024,101415460,2,1,0,18,1,5,9,0,0,0,0,0,4,1,5,1,12,3,-1,-1,-1,-1,1,1,E01008841,0
Unvalidated,2024101415650,2024,101415650,1,9,0,18,5,8,0,1,0,0,0,0,3,1,6,2,48,8,-1,-1,-1,-1,2,1,E01008652,0
Unvalidated,2024101415650,2024,101415650,2,90,0,18,2,6,0,1,0,0,0,0,1,1,5,1,7,2,-1,-1,-1,-1,3,1,E01008595,1
Unvalidated,2024101415705,2024,101415705,1,9,0,9,3,1,0,8,0,0,0,0,0,1,6,2,-1,-1,-1,-1,-1,-1,-1,-1,-1,0
Unvalidated,2024101415705,2024,101415705,2,5,0,18,5,1,0,8,0,0,0,0,0,1,5,2,30,6,-1,-1,-1,-1,4,1,E01033467,0
Unvalidated,2024101415750,2024,101415750,1,97,0,18,1,5,0,0,5,0,0,0,3,1,6,1,-1,-1,-1,-1,-1,-1,-1,-1,-1,0
Unvalidated,2024101415750,2024,101415750,2,9,0,18,7,3,0,0,0,0,0,0,1,1,6,1,64,9,-1,-1,-1,-1,5,2,E01008306,0
Unvalidated,2024101415781,2024,101415781,1,9,0,5,1,5,0,0,0,0,0,0,0,1,6,3,-1,-1,-1,-1,-1,-1,-1,-1,-1,0
Unvalidated,2024101415781,2024,101415781,2,11,0,18,1,5,0,0,0,0,0,0,0,1,1,1,43,7,-1,-1,-1,-1,2,3,E01020606,0
Unvalidated,2024101415840,2024,101415840,1,9,0,18,6,2,0,8,0,0,0,0,4,1,6,1,-1,-1,-1,-1,-1,-1,-1,-1,-1,0
Unvalidated,2024101415884,2024,101415884,1,9,0,18,7,2,0,0,0,0,0,0,0,1,1,1,27,6,-1,-1,-1,-1,4,1,E01008468,0
Unvalidated,2024101415991,2024,101415991,1,9,0,18,3,7,0,0,0,0,7,4,1,1,6,1,20,4,-1,-1,-1,-1,4,1,E01008814,0
Unvalidated,2024101416025,2024,101416025,1,9,0,18,5,1,0,0,5,0,0,0,1,1,5,1,52,8,-1,-1,-1,-1,4,1,-1,0
Unvalidated,2024101416038,2024,101416038,1,9,0,9,4,6,0,1,0,0,0,0,1,1,6,2,47,8,-1,-1,-1,-1,5,1,E01008514,0
Unvalidated,2024101416038,2024,101416038,2,1,0,18,2,6,0,8,0,0,0,0,1,1,6,1,56,9,-1,-1,-1,-1,1,1,E01008540,0
Unvalidated,2024101416071,2024,101416071,1,9,0,9,8,6,0,8,0,0,0,0,1,1,6,1,35,6,-1,-1,-1,-1,-1,-1,-1,0
Unvalidated,2024101416071,2024,101416071,2,9,0,18,6,2,0,8,1,0,0,0,1,1,2,2,24,5,-1,-1,-1,-1,7,1,E01008765,0
Unvalidated,2024101416086,2024,101416086,1,9,0,9,2,7,0,8,0,0,0,0,0,1,6,3,-1,-1,-1,-1,-1,-1,-1,-1,-1,0
Unvalidated,2024101416086,2024,101416086,2,11,0,4,8,4,0,8,0,0,0,0,0,1,1,1,58,9,-1,-1,-1,-1,4,1,E01008209,0
Unvalidated,2024101416108,2024,101416108,1,9,0,18,2,6,0,8,0,0,0,0,1,1,6,2,19,4,-1,-1,-1,-1,3,1,E01008222,0
Unvalidated,2024101416108,2024,101416108,2,9,0,10,2,6,0,8,0,0,0,0,2,1,6,1,35,6,-1,-1,-1,-1,2,1,E01008430,0
Unvalidated,2024101416138,2024,101416138,1,9,0,9,6,4,0,8,0,0,0,0,3,1,6,2,36,7,-1,-1,-1,-1,1,1,E01008540,0
Unvalidated,2024101416138,2024,101416138,2,9,0,10,6,1,0,8,0,0,0,0,1,1,6,2,22,5,-1,-1,-1,-1,7,1,E01008552,0
Unvalidated,2024101416170,2024,101416170,1,8,0,4,1,5,0,8,0,0,0,0,3,1,6,1,-1,-1,-1,-1,-1,-1,-1,-1,-1,0
Unvalidated,2024101416170,2024,101416170,2,1,0,3,1,5,0,8,0,0,0,0,4,1,5,1,27,6,-1,-1,-1,-1,1,1,E01008348,0
Unvalidated,2024101416245,2024,101416245,1,9,0,18,6,2,0,0,0,0,0,0,1,1,6,2,51,8,-1,-1,-1,-1,3,1,E01027537,0
Unvalidated,2024101416245,2024,101416245,2,9,0,3,6,2,0,0,0,0,0,0,2,1,6,1,19,4,-1,-1,-1,-1,2,1,E01027397,0
Unvalidated,2024101416384,2024,101416384,1,97,0,18,3,7,0,0,0,0,0,0,1,1,6,1,15,3,-1,-1,-1,-1,-1,-1,-1,0
Unvalidated,2024101416384,2024,101416384,2,19,0,4,3,7,0,0,0,0,0,0,1,1,6,1,-1,-1,-1,-1,-1,-1,-1,-1,-1,0
Unvalidated,2024101416384,2024,101416384,3,9,0,10,3,7,0,0,0,0,0,0,2,1,5,1,57,9,-1,-1,-1,-1,2,1,E01027393,0
Unvalidated,2024101416386,2024,101416386,1,9,0,-1,-1,-1,0,8,0,0,0,0,-1,1,6,3,-1,-1,-1,-1,-1,-1,-1,-1,-1,0
Unvalidated,2024101416395,2024,101416395,1,9,0,18,7,3,0,0,0,0,0,0,0,1,6,3,-1,-1,-1,-1,-1,-1,-1,-1,-1,0
Unvalidated,2024101416395,2024,101416395,2,11,0,4,7,3,0,0,0,0,0,0,0,1,1,1,40,7,-1,-1,-1,-1,2,1,E01008575,0
Unvalidated,2024101416448,2024,101416448,1,9,0,9,2,8,0,8,0,0,0,0,3,1,6,1,21,5,-1,-1,-1,-1,6,1,E01008629,0
Unvalidated,2024101416448,2024,101416448,2,9,0,18,8,4,0,8,0,0,0,0,1,1,1,1,37,7,-1,-1,-1,-1,3,1,E01008826,0
Unvalidated,2024101416450,2024,101416450,1,9,0,18,3,7,0,4,1,0,3,0,1,1,2,1,55,8,-1,-1,-1,-1,-1,-1,-1,0
Unvalidated,2024101416524,2024,101416524,1,9,0,7,7,1,0,0,0,0,0,0,1,1,6,3,-1,-1,-1,-1,-1,-1,-1,-1,-1,0
Unvalidated,2024101416524,2024,101416524,2,9,0,18,1,5,0,0,0,0,0,0,3,1,6,1,30,6,-1,-1,-1,-1,2,1,E01008860,0
Unvalidated,2024101416534,2024,101416534,1,9,0,3,5,1,0,0,0,0,0,0,1,1,6,1,61,9,-1,-1,-1,-1,5,1,E01008686,0
Unvalidated,2024101416534,2024,101416534,2,9,0,3,5,1,0,0,1,0,0,0,2,1,6,2,79,11,-1,-1,-1,-1,5,1,E01008687,0
Unvalidated,2024101416534,2024,101416534,3,9,0,3,5,1,0,0,0,0,0,0,2,1,6,1,35,6,-1,-1,-1,-1,-1,-1,-1,0
Unvalidated,2024101416536,2024,101416536,1,9,0,3,1,5,0,0,0,0,0,0,1,1,5,1,63,9,-1,-1,-1,-1,-1,-1,-1,0
Unvalidated,2024101416536,2024,101416536,2,9,0,4,1,5,0,0,0,0,0,0,2,1,5,1,47,8,-1,-1,-1,-1,4,1,E01008483,0
Unvalidated,2024101416718,2024,101416718,1,19,0,1,7,3,0,0,0,0,0,0,2,1,5,1,41,7,-1,-1,-1,-1,2,1,E01008489,0
Unvalidated,2024101416718,2024,101416718,2,9,0,4,7,4,0,0,0,0,0,0,1,1,5,2,60,9,-1,-1,-1,-1,2,1,E01008584,0
Unvalidated,2024101416755,2024,101416755,1,9,0,9,7,3,0,1,0,0,0,0,1,1,6,1,72,10,-1,-1,-1,-1,7,3,E01027473,0
Unvalidated,2024101416755,2024,101416755,2,9,0,18,1,5,0,1,0,0,1,0,1,1,6,1,42,7,-1,-1,-1,-1,3,3,E01027444,0