status,collision_index,collision_year,collision_reference,vehicle_reference,vehicle_type,towing_and_articulation,vehicle_manoeuvre,vehicle_direction_from,vehicle_direction_to,vehicle_location_restricted_lane,junction_location,skidding_and_overturning,hit_object_in_carriageway,vehicle_leaving_carriageway,hit_object_off_carriageway,first_point_of_impact,vehicle_left_hand_drive,journey_purpose_of_driver,sex_of_driver,age_of_driver,age_band_of_driver,engine_capacity_cc,propulsion_code,age_of_vehicle,generic_make_model,driver_imd_decile,driver_home_area_type,lsoa_of_driver,escooter_flag
Unvalidated,2024101416827,2024,101416827,1,9,0,4,7,3,0,0,0,0,0,0,2,1,6,1,65,9,-1,-1,-1,-1,1,1,E01008827,0
Unvalidated,2024101416827,2024,101416827,2,19,0,18,7,3,0,0,1,0,0,0,1,1,1,1,46,8,-1,-1,-1,-1,1,1,E01008733,0
Unvalidated,2024101416904,2024,101416904,1,9,0,5,5,1,0,0,0,0,0,0,1,1,1,1,40,7,-1,-1,-1,-1,-1,-1,-1,0
Unvalidated,2024101417051,2024,101417051,1,9,0,18,5,1,0,1,0,0,0,0,1,1,5,1,30,6,-1,-1,-1,-1,4,1,E01008353,0
Unvalidated,2024101417083,2024,101417083,1,9,0,13,7,3,0,8,0,0,0,0,1,1,1,1,33,6,-1,-1,-1,-1,1,1,E01008854,0
Unvalidated,2024101417083,2024,101417083,2,1,0,14,7,3,0,1,0,0,0,0,2,1,5,2,35,6,-1,-1,-1,-1,1,1,E01008846,0
Unvalidated,2024101417169,2024,101417169,1,9,0,18,1,5,0,2,0,0,0,0,1,1,2,2,53,8,-1,-1,-1,-1,-1,-1,-1,0
Unvalidated,2024101417205,2024,101417205,1,9,0,11,2,7,0,8,0,0,0,0,0,1,6,3,40,7,-1,-1,-1,-1,-1,-1,-1,0
Unvalidated,2024101417205,2024,101417205,2,11,0,18,4,7,0,8,0,0,0,0,0,1,1,1,61,9,-1,-1,-1,-1,2,1,E01020615,0
Unvalidated,2024101417277,2024,101417277,1,19,0,18,3,7,0,8,0,0,0,0,1,1,2,2,50,8,-1,-1,-1,-1,-1,-1,-1,0
Unvalidated,2024101417277,2024,101417277,2,9,0,18,3,7,0,8,0,0,0,0,2,1,5,2,25,5,-1,-1,-1,-1,10,1,E01008784,0
Unvalidated,2024101417312,2024,101417312,1,9,0,18,8,4,0,0,0,0,0,0,1,1,2,2,40,7,-1,-1,-1,-1,10,1,E01008275,0
Unvalidated,2024101417312,2024,101417312,2,9,0,18,8,4,0,0,0,0,0,0,2,1,2,2,30,6,-1,-1,-1,-1,10,2,E01008272,0
Unvalidated,2024101417372,2024,101417372,1,9,0,4,7,3,0,0,0,0,0,0,2,1,5,2,65,9,-1,-1,-1,-1,8,1,E01008862,0
Unvalidated,2024101417372,2024,101417372,2,9,0,4,7,3,0,0,0,0,0,0,1,1,5,1,33,6,-1,-1,-1,-1,4,1,E01008865,0
Unvalidated,2024101417372,2024,101417372,3,9,0,4,7,3,0,0,0,0,0,0,1,1,2,2,34,6,-1,-1,-1,-1,5,1,E01020590,0
Unvalidated,2024101417557,2024,101417557,1,9,0,18,3,7,0,1,0,0,0,0,1,1,6,2,41,7,-1,-1,-1,-1,1,1,E01008214,0
Unvalidated,2024101417557,2024,101417557,2,9,0,13,3,7,0,2,0,0,0,0,1,1,6,3,-1,-1,-1,-1,-1,-1,-1,-1,-1,0
Unvalidated,2024101417712,2024,101417712,1,9,0,5,4,8,0,1,0,0,0,0,1,1,6,1,45,7,-1,-1,-1,-1,-1,-1,-1,0
Unvalidated,2024101417712,2024,101417712,2,1,0,18,6,4,0,8,0,0,0,0,1,1,3,1,11,3,-1,-1,-1,-1,4,1,E01008555,0
Unvalidated,2024101417775,2024,101417775,1,9,0,15,1,5,0,1,0,0,0,0,1,1,5,1,34,6,-1,-1,-1,-1,1,1,E01008215,0
Unvalidated,2024101417995,2024,101417995,1,9,0,18,5,1,0,0,1,0,0,0,1,1,6,1,20,4,-1,-1,-1,-1,1,1,E01008666,0
Unvalidated,2024101417995,2024,101417995,2,9,0,4,5,1,0,0,0,0,0,0,2,1,5,2,20,4,-1,-1,-1,-1,4,1,E01008614,0
Unvalidated,2024101418057,2024,101418057,1,1,0,18,2,6,0,8,0,0,0,0,3,1,2,1,19,4,-1,-1,-1,-1,-1,-1,-1,0
Unvalidated,2024101418057,2024,101418057,2,9,0,4,2,5,0,8,0,0,0,0,3,1,2,1,52,8,-1,-1,-1,-1,2,1,E01008847,0
Unvalidated,2024101418118,2024,101418118,1,9,0,18,3,7,0,8,0,0,0,0,1,1,6,1,46,8,-1,-1,-1,-1,1,1,E01008331,0
Unvalidated,2024101418238,2024,101418238,1,9,0,18,7,3,0,1,0,0,0,0,1,1,5,1,44,7,-1,-1,-1,-1,7,1,E01008585,0
Unvalidated,2024101418238,2024,101418238,2,9,0,18,7,3,0,2,0,0,0,0,1,1,5,1,56,9,-1,-1,-1,-1,2,1,E01008571,0
Unvalidated,2024101418319,2024,101418319,1,9,0,-1,-1,-1,-1,-1,-1,-1,-1,0,-1,1,6,3,-1,-1,-1,-1,-1,-1,-1,-1,-1,0
Unvalidated,2024101418319,2024,101418319,2,90,0,9,5,1,0,1,2,0,0,0,3,1,6,1,40,7,-1,-1,-1,-1,-1,-1,-1,1
Unvalidated,2024101418461,2024,101418461,1,1,0,18,3,7,0,1,0,0,0,0,4,1,6,1,50,8,-1,-1,-1,-1,-1,-1,-1,0
Unvalidated,2024101418663,2024,101418663,1,8,0,2,7,3,6,0,0,0,0,0,3,1,1,1,-1,-1,-1,-1,-1,-1,-1,-1,-1,0
Unvalidated,2024101418663,2024,101418663,2,1,0,18,7,3,0,0,0,0,0,0,4,1,6,1,31,6,-1,-1,-1,-1,8,1,E01008469,0
Unvalidated,2024101418677,2024,101418677,1,9,0,1,8,4,0,0,0,0,0,0,4,1,6,1,30,6,-1,-1,-1,-1,-1,-1,-1,0
Unvalidated,2024101418677,2024,101418677,2,9,0,2,4,8,0,0,0,0,0,0,2,1,6,1,34,6,-1,-1,-1,-1,2,1,E01008460,0
Unvalidated,2024101418712,2024,101418712,1,9,0,9,5,5,0,4,0,0,0,0,4,1,6,1,64,9,-1,-1,-1,-1,9,2,E01027465,0
Unvalidated,2024101418712,2024,101418712,2,9,0,18,2,5,0,8,0,0,0,0,1,1,5,2,59,9,-1,-1,-1,-1,-1,-1,-1,0
Unvalidated,2024101418870,2024,101418870,1,9,0,18,7,3,0,0,0,0,0,0,1,1,6,1,60,9,-1,-1,-1,-1,10,2,E01027464,0
Unvalidated,2024101418870,2024,101418870,2,9,0,3,7,3,0,0,0,0,0,0,1,1,6,1,47,8,-1,-1,-1,-1,7,1,E01020843,0
Unvalidated,2024101418870,2024,101418870,3,9,0,2,0,0,0,0,0,0,0,0,3,1,6,1,65,9,-1,-1,-1,-1,2,2,E01008307,0
Unvalidated,2024101418881,2024,101418881,1,9,0,18,3,7,0,0,0,0,0,0,1,1,5,1,26,6,-1,-1,-1,-1,4,1,E01008361,0
Unvalidated,2024101418881,2024,101418881,2,9,0,18,7,3,0,0,0,0,0,0,1,1,5,2,29,6,-1,-1,-1,-1,1,1,E01008610,0
Unvalidated,2024101418887,2024,101418887,1,9,0,5,3,1,0,2,0,0,0,0,3,1,6,1,46,8,-1,-1,-1,-1,-1,-1,-1,0
Unvalidated,2024101418942,2024,101418942,1,9,0,18,1,5,0,0,0,0,0,0,4,1,6,2,86,11,-1,-1,-1,-1,7,1,E01008843,0
Unvalidated,2024101418942,2024,101418942,2,11,0,2,1,5,2,0,0,0,0,0,0,1,6,3,-1,-1,-1,-1,-1,-1,-1,-1,-1,0
Unvalidated,2024101419143,2024,101419143,1,3,0,18,7,3,0,0,0,0,0,0,1,1,6,1,-1,-1,-1,-1,-1,-1,-1,-1,-1,0
Unvalidated,2024101419271,2024,101419271,1,9,0,4,7,4,2,0,0,0,0,0,0,1,5,1,40,7,-1,-1,-1,-1,-1,-1,-1,0
Unvalidated,2024101419271,2024,101419271,2,11,0,4,8,4,0,0,0,0,0,0,1,1,1,2,27,6,-1,-1,-1,-1,-1,-1,-1,0
Unvalidated,2024101419324,2024,101419324,1,19,0,18,6,1,0,0,0,0,0,0,4,1,1,1,50,8,-1,-1,-1,-1,6,1,W01000639,0
Unvalidated,2024101419430,2024,101419430,1,19,0,1,6,2,0,1,0,0,0,0,2,1,5,1,22,5,-1,-1,-1,-1,1,1,E01008777,0
Unvalidated,2024101419430,2024,101419430,2,9,0,1,6,2,0,1,0,0,0,0,2,1,6,2,-1,-1,-1,-1,-1,-1,9,1,E01008783,0
Unvalidated,2024101419526,2024,101419526,1,9,0,2,7,7,0,2,0,0,0,0,0,1,6,1,-1,-1,-1,-1,-1,-1,-1,-1,-1,0
Unvalidated,2024101419591,2024,101419591,1,11,0,4,6,2,0,1,0,0,0,0,4,1,1,1,50,8,-1,-1,-1,-1,2,1,E01008300,0
Unvalidated,2024101419753,2024,101419753,1,9,0,14,7,3,0,0,0,0,0,0,4,1,6,3,45,7,-1,-1,-1,-1,-1,-1,-1,0
Unvalidated,2024101419790,2024,101419790,1,9,0,18,1,5,0,0,0,0,0,0,3,1,2,2,32,6,-1,-1,-1,-1,5,3,E01027366,0
Unvalidated,2024101419790,2024,101419790,2,9,0,18,7,5,0,0,0,0,0,0,1,1,2,2,32,6,-1,-1,-1,-1,7,2,E01027364,0
Unvalidated,2024101419829,2024,101419829,1,9,0,18,7,5,0,8,0,0,0,0,1,1,5,2,70,10,-1,-1,-1,-1,1,1,E01008608,0
Unvalidated,2024101419829,2024,101419829,2,9,0,18,5,1,0,8,0,0,0,0,4,1,5,1,64,9,-1,-1,-1,-1,2,1,E01008692,0
Unvalidated,2024101419848,2024,101419848,1,11,0,5,1,1,0,1,0,0,0,0,3,1,1,1,46,8,-1,-1,-1,-1,-1,-1,-1,0
Unvalidated,2024101419848,2024,101419848,2,9,0,13,1,1,0,8,0,0,0,0,4,1,6,2,50,8,-1,-1,-1,-1,2,1,E01008474,0
Unvalidated,2024101419878,2024,101419878,1,9,0,18,7,3,0,1,0,0,0,0,1,1,5,1,84,11,-1,-1,-1,-1,5,3,E01027511,0
Unvalidated,2024101419878,2024,101419878,2,9,0,10,7,5,0,1,0,0,0,0,2,1,5,1,36,7,-1,-1,-1,-1,9,2,E01027481,0
Unvalidated,2024101419878,2024,101419878,3,9,0,18,7,3,0,1,0,0,0,0,1,1,5,1,57,9,-1,-1,-1,-1,7,3,E01027495,0
Unvalidated,2024101419891,2024,101419891,1,9,0,15,5,1,0,2,0,0,0,0,4,1,6,2,65,9,-1,-1,-1,-1,10,1,E01008322,0
Unvalidated,2024101419898,2024,101419898,1,9,0,18,1,5,0,1,0,0,0,0,1,1,3,2,34,6,-1,-1,-1,-1,-1,-1,-1,0
Unvalidated,2024101419898,2024,101419898,2,9,0,10,1,5,0,5,0,0,0,0,2,1,5,1,65,9,-1,-1,-1,-1,3,1,E01008819,0
Unvalidated,2024101419911,2024,101419911,1,9,0,3,5,1,0,0,0,0,0,0,2,1,2,2,51,8,-1,-1,-1,-1,-1,-1,-1,0
Unvalidated,2024101419911,2024,101419911,2,9,0,4,5,1,0,0,0,11,1,0,2,1,1,1,53,8,-1,-1,-1,-1,9,1,E01033163,0
Unvalidated,2024101419911,2024,101419911,3,19,0,4,5,1,0,0,0,11,0,0,1,1,1,1,26,6,-1,-1,-1,-1,2,1,E01020895,0
Unvalidated,2024101419923,2024,101419923,1,9,0,7,5,1,0,6,0,7,1,0,1,1,2,2,28,6,-1,-1,-1,-1,4,1,E01008614,0
Unvalidated,2024101419923,2024,101419923,2,9,0,18,5,1,0,1,0,0,1,0,1,1,6,2,57,9,-1,-1,-1,-1,1,1,E01008671,0
Unvalidated,2024101419932,2024,101419932,1,1,0,18,3,7,9,0,0,0,0,0,1,1,6,1,28,6,-1,-1,-1,-1,1,1,E01008821,0
Unvalidated,2024101419932,2024,101419932,2,9,0,4,1,5,0,0,0,0,0,0,3,1,6,2,31,6,-1,-1,-1,-1,1,1,E01008821,0
Unvalidated,2024101419973,2024,101419973,1,9,0,5,8,4,0,1,0,0,0,0,1,1,5,2,76,11,-1,-1,-1,-1,2,1,E01027431,0
Unvalidated,2024101419973,2024,101419973,2,9,0,4,3,7,0,1,0,0,0,0,1,1,5,2,37,7,-1,-1,-1,-1,-1,-1,-1,0
Unvalidated,2024101420171,2024,101420171,1,9,0,13,7,3,0,1,0,0,0,0,4,1,6,3,-1,-1,-1,-1,-1,-1,-1,-1,-1,0
Unvalidated,2024101420171,2024,101420171,2,9,0,14,7,3,0,1,0,0,0,0,3,1,6,1,24,5,-1,-1,-1,-1,10,1,E01027492,0
Unvalidated,2024101420171,2024,101420171,3,11,0,4,7,3,0,1,0,0,0,0,2,1,1,1,-1,-1,-1,-1,-1,-1,-1,-1,-1,0
Unvalidated,2024101420283,2024,101420283,1,9,0,18,5,1,0,1,0,0,0,0,1,1,3,1,24,5,-1,-1,-1,-1,-1,-1,-1,0
Unvalidated,2024101420340,2024,101420340,1,8,0,18,3,7,0,4,0,0,0,0,1,1,1,1,-1,-1,-1,-1,-1,-1,10,1,E01027538,0
Unvalidated,2024101420340,2024,101420340,2,1,0,18,1,5,0,3,0,0,0,0,4,1,5,1,35,6,-1,-1,-1,-1,4,1,E01008445,0
Unvalidated,2024101420471,2024,101420471,1,9,0,2,0,0,0,0,0,0,0,0,2,1,6,2,33,6,-1,-1,-1,-1,3,2,E01008186,0
Unvalidated,2024101420471,2024,101420471,2,19,0,18,1,5,0,0,0,4,0,0,1,1,6,1,26,6,-1,-1,-1,-1,2,1,E01020615,0
Unvalidated,2024101420471,2024,101420471,3,9,0,2,1,5,0,0,0,0,0,0,2,1,6,1,55,8,-1,-1,-1,-1,3,2,E01008183,0
Unvalidated,2024101420773,2024,101420773,1,9,0,18,2,5,0,0,0,0,0,0,1,1,6,2,22,5,-1,-1,-1,-1,6,1,E01008206,0
Unvalidated,2024101420773,2024,101420773,2,9,0,5,2,5,0,0,0,0,0,0,2,1,6,2,28,6,-1,-1,-1,-1,9,2,E01020666,0
Unvalidated,2024101420798,2024,101420798,1,9,0,-1,-1,-1,-1,0,-1,-1,-1,0,3,1,6,1,-1,-1,-1,-1,-1,-1,-1,-1,-1,0
Unvalidated,2024101420798,2024,101420798,2,9,0,18,5,1,0,0,0,0,0,0,3,1,6,1,42,7,-1,-1,-1,-1,5,1,E01008679,0
Unvalidated,2024101420802,2024,101420802,1,9,0,18,1,5,0,6,0,0,0,0,3,1,6,1,35,6,-1,-1,-1,-1,8,1,E01008507,0
Unvalidated,2024101420802,2024,101420802,2,9,0,18,7,3,0,1,0,0,0,0,1,1,6,1,35,6,-1,-1,-1,-1,5,1,E01027529,0
Unvalidated,2024101420894,2024,101420894,1,9,-1,5,7,3,0,4,0,0,0,0,1,1,6,2,37,7,-1,-1,-1,-1,2,1,E01008377,0
Unvalidated,2024101420894,2024,101420894,2,9,-1,5,7,3,0,4,0,0,0,0,2,1,1,1,30,6,-1,-1,-1,-1,9,1,E01012200,0
Unvalidated,2024101420917,2024,101420917,1,9,-1,-1,-1,-1,-1,0,-1,-1,-1,0,-1,1,6,3,-1,-1,-1,-1,-1,-1,-1,-1,-1,0
Unvalidated,2024101420919,2024,101420919,1,9,0,18,2,6,0,0,0,0,0,0,1,1,1,1,45,7,-1,-1,-1,-1,3,1,E01030657,0
Unvalidated,2024101420919,2024,101420919,2,9,0,4,2,6,0,0,0,0,0,0,2,1,2,2,29,6,-1,-1,-1,-1,2,1,E01008571,0
Unvalidated,2024101420919,2024,101420919,3,9,0,4,2,6,0,0,0,0,0,0,2,1,2,1,52,8,-1,-1,-1,-1,10,1,E01008495,0
Unvalidated,2024101420985,2024,101420985,1,9,0,4,3,7,0,0,0,0,0,0,1,1,6,1,55,8,-1,-1,-1,-1,2,2,E01027534,0
Unvalidated,2024101420985,2024,101420985,2,3,0,2,3,7,0,0,0,0,0,0,3,1,5,1,26,6,-1,-1,-1,-1,6,1,E01027532,0
Unvalidated,2024101421077,2024,101421077,1,9,0,18,3,7,0,1,0,0,0,0,1,1,6,3,-1,-1,-1,-1,-1,-1,-1,-1,-1,0
Unvalidated,2024101421274,2024,101421274,1,9,0,7,5,1,0,1,0,0,0,0,1,1,5,2,24,5,-1,-1,-1,-1,8,1,E01008469,0
Unvalidated,2024101421297,2024,101421297,1,9,0,18,8,4,0,2,0,0,0,0,1,1,6,1,61,9,-1,-1,-1,-1,8,1,E01008553,0
Unvalidated,2024101421300,2024,101421300,1,8,-1,7,5,7,0,0,0,0,0,0,4,1,5,1,-1,-1,-1,-1,-1,-1,2,1,E01008335,0
Unvalidated,2024101421300,2024,101421300,2,9,-1,18,1,5,0,0,0,0,0,0,1,1,5,2,18,4,-1,-1,-1,-1,2,1,E01008335,0
Unvalidated,2024101421322,2024,101421322,1,9,0,18,1,5,0,0,0,0,0,0,1,1,6,1,57,9,-1,-1,-1,-1,8,1,E01020597,0
Unvalidated,2024101421322,2024,101421322,2,9,-1,18,1,5,0,0,0,0,0,0,2,1,5,2,43,7,-1,-1,-1,-1,2,1,E01008189,0
Unvalidated,2024101421340,2024,101421340,1,9,-1,4,2,4,0,4,0,0,0,0,1,1,6,1,17,4,-1,-1,-1,-1,3,1,E01008857,0
Unvalidated,2024101421340,2024,101421340,2,9,-1,3,2,4,0,4,0,0,0,0,2,1,5,1,57,9,-1,-1,-1,-1,7,1,E01008876,0
Unvalidated,2024101421397,2024,101421397,1,9,0,5,3,7,0,1,0,0,0,0,1,1,5,1,66,10,-1,-1,-1,-1,3,1,E01005744,0
Unvalidated,2024101421397,2024,101421397,2,9,0,18,1,5,0,8,0,0,0,0,1,1,5,1,33,6,-1,-1,-1,-1,-1,-1,-1,0
Unvalidated,2024101421529,2024,101421529,1,9,0,18,1,5,9,1,0,0,0,0,3,1,6,3,-1,-1,-1,-1,-1,-1,-1,-1,-1,0
Unvalidated,2024101421549,2024,101421549,1,9,0,18,7,3,0,2,0,0,0,0,4,1,5,1,52,8,-1,-1,-1,-1,3,1,E01008242,0
Unvalidated,2024101421550,2024,101421550,1,9,0,5,5,1,0,4,0,0,0,0,3,1,6,1,27,6,-1,-1,-1,-1,-1,-1,-1,0
Unvalidated,2024101421562,2024,101421562,1,9,0,5,5,1,0,0,0,4,0,0,1,1,6,3,16,4,-1,-1,-1,-1,-1,-1,-1,0
Unvalidated,2024101421562,2024,101421562,2,9,0,3,5,1,0,0,0,0,0,0,2,1,2,2,27,6,-1,-1,-1,-1,1,1,E01008756,0
Unvalidated,2024101421562,2024,101421562,3,9,0,3,1,5,0,0,0,0,0,0,0,1,1,1,40,7,-1,-1,-1,-1,-1,-1,-1,0
Unvalidated,2024101421581,2024,101421581,1,9,0,18,3,6,0,0,0,0,0,0,1,1,5,2,41,7,-1,-1,-1,-1,1,1,E01008392,0
Unvalidated,2024101421588,2024,101421588,1,19,0,1,3,8,0,8,0,0,0,0,2,1,1,2,48,8,-1,-1,-1,-1,9,1,W01001655,0
Unvalidated,2024101421588,2024,101421588,2,9,0,3,8,4,0,8,0,0,0,0,1,1,5,1,20,4,-1,-1,-1,-1,1,1,E01027392,0
Unvalidated,2024101421589,2024,101421589,1,9,0,15,7,3,0,0,0,0,0,0,0,1,6,3,-1,-1,-1,-1,-1,-1,-1,-1,-1,0
Unvalidated,2024101421589,2024,101421589,2,9,0,18,7,3,0,0,0,0,0,0,0,1,6,1,26,6,-1,-1,-1,-1,3,1,E01033206,0
Unvalidated,2024101421649,2024,101421649,1,9,0,7,5,7,0,8,0,0,0,0,4,1,6,3,40,7,-1,-1,-1,-1,-1,-1,-1,0
Unvalidated,2024101421649,2024,101421649,2,9,0,18,4,7,0,8,0,0,0,0,3,1,2,2,56,9,-1,-1,-1,-1,1,1,E01008824,0
Unvalidated,2024101422092,2024,101422092,1,9,0,4,5,1,0,0,0,0,0,0,1,1,6,1,-1,-1,-1,-1,-1,-1,-1,-1,-1,0
Unvalidated,2024101422092,2024,101422092,2,9,0,3,5,1,0,0,0,0,0,0,2,1,6,1,49,8,-1,-1,-1,-1,3,1,E01008349,0
Unvalidated,2024101422132,2024,101422132,1,3,0,18,6,2,0,1,0,0,0,0,1,1,6,1,38,7,-1,-1,-1,-1,4,1,E01008536,0
Unvalidated,2024101422132,2024,101422132,2,9,0,3,6,4,0,1,0,0,0,0,2,1,6,2,49,8,-1,-1,-1,-1,8,1,E01008525,0
Unvalidated,2024101422166,2024,101422166,1,19,0,4,7,3,0,0,0,0,0,0,0,1,6,1,46,8,-1,-1,-1,-1,7,1,E01008314,0
Unvalidated,2024101422166,2024,101422166,2,9,0,4,7,3,0,0,0,0,0,0,0,1,6,2,50,8,-1,-1,-1,-1,2,2,E01027443,0
Unvalidated,2024101422173,2024,101422173,1,9,0,9,1,2,0,8,0,0,0,0,1,1,6,2,61,9,-1,-1,-1,-1,4,1,E01008796,0
Unvalidated,2024101422173,2024,101422173,2,1,0,18,6,2,0,8,0,0,0,0,1,1,6,1,51,8,-1,-1,-1,-1,5,1,E01008172,0
Unvalidated,2024101422440,2024,101422440,1,9,0,18,1,5,0,0,0,0,0,0,1,1,6,1,-1,-1,-1,-1,-1,-1,-1,-1,-1,0
Unvalidated,2024101422440,2024,101422440,2,9,0,2,5,1,0,0,0,0,0,0,1,1,6,1,27,6,-1,-1,-1,-1,1,1,E01008223,0
Unvalidated,2024101422514,2024,101422514,1,9,0,9,7,3,6,8,0,0,3,0,1,1,5,1,80,11,-1,-1,-1,-1,-1,-1,-1,0
Unvalidated,2024101422514,2024,101422514,2,9,0,18,7,3,0,1,1,0,3,0,1,1,5,2,67,10,-1,-1,-1,-1,-1,-1,-1,0
Unvalidated,2024101422519,2024,101422519,1,9,0,18,7,3,9,8,0,0,3,11,1,1,5,1,72,10,-1,-1,-1,-1,1,1,E01008392,0
Unvalidated,2024101422553,2024,101422553,1,3,0,13,7,3,0,8,2,0,7,0,1,1,5,1,36,7,-1,-1,-1,-1,2,1,E01008810,0
Unvalidated,2024101422553,2024,101422553,2,9,0,9,7,5,0,8,0,0,0,0,3,1,5,2,44,7,-1,-1,-1,-1,4,1,E01008832,0
Unvalidated,2024101422663,2024,101422663,1,9,0,18,2,6,0,0,0,0,0,0,1,1,5,1,52,8,-1,-1,-1,-1,7,1,E01027516,0
Unvalidated,2024101422663,2024,101422663,2,9,0,1,6,2,0,0,0,0,0,0,2,1,5,1,47,8,-1,-1,-1,-1,5,3,E01027448,0
Unvalidated,2024101422816,2024,101422816,1,9,0,18,3,6,0,4,0,0,0,0,1,1,5,1,60,9,-1,-1,-1,-1,6,1,E01027517,0
Unvalidated,2024101422816,2024,101422816,2,9,0,3,3,6,0,4,0,0,0,0,2,1,5,2,37,7,-1,-1,-1,-1,9,1,E01008516,0
Unvalidated,2024101423189,2024,101423189,1,9,0,18,5,1,0,0,0,0,0,0,1,1,5,1,28,6,-1,-1,-1,-1,3,1,E01027395,0
Unvalidated,2024101423189,2024,101423189,2,9,0,4,5,1,0,0,0,0,0,0,2,1,2,1,35,6,-1,-1,-1,-1,-1,2,-1,0
Unvalidated,2024101423503,2024,101423503,1,9,0,5,6,2,0,8,0,0,0,0,3,1,6,2,18,4,-1,-1,-1,-1,10,1,E01008238,0
Unvalidated,2024101423503,2024,101423503,2,9,0,18,4,8,0,8,0,0,0,0,0,1,6,2,54,8,-1,-1,-1,-1,3,1,E01008804,0
Unvalidated,2024101423701,2024,101423701,1,1,0,18,6,1,0,1,0,0,0,0,3,1,1,1,20,4,-1,-1,-1,-1,-1,-1,-1,0
Unvalidated,2024101423701,2024,101423701,2,9,0,4,3,1,0,1,0,0,0,0,1,1,5,1,65,9,-1,-1,-1,-1,4,1,E01008211,0
Unvalidated,2024101423744,2024,101423744,1,9,0,9,7,3,0,6,0,0,0,0,1,1,2,1,25,5,-1,-1,-1,-1,9,3,E01027367,0
Unvalidated,2024101423744,2024,101423744,2,19,0,18,3,7,0,1,0,0,0,0,1,1,1,1,23,5,-1,-1,-1,-1,5,3,-1,0
Unvalidated,2024101423828,2024,101423828,1,9,0,18,7,3,0,0,0,0,0,0,1,1,6,1,36,7,-1,-1,-1,-1,9,1,E01008716,0
Unvalidated,2024101424138,2024,101424138,1,9,0,4,1,5,0,0,0,0,0,0,1,1,6,3,-1,-1,-1,-1,-1,-1,-1,-1,-1,0
Unvalidated,2024101424138,2024,101424138,2,19,0,3,1,5,0,0,0,0,0,0,2,1,6,1,64,9,-1,-1,-1,-1,8,2,E01027418,0
Unvalidated,2024101424145,2024,101424145,1,9,0,18,3,7,0,0,0,0,0,0,1,1,6,2,34,6,-1,-1,-1,-1,5,1,E01027453,0
Unvalidated,2024101424145,2024,101424145,2,11,0,18,7,3,0,0,0,0,0,0,1,1,1,1,41,7,-1,-1,-1,-1,9,1,E01008775,0
Unvalidated,2024101424157,2024,101424157,1,9,0,18,4,8,0,8,0,0,0,0,1,1,6,1,-1,-1,-1,-1,-1,-1,-1,-1,-1,0
Unvalidated,2024101424157,2024,101424157,2,9,0,1,1,4,0,8,0,0,0,0,4,1,2,2,37,7,-1,-1,-1,-1,3,1,E01008639,0
Unvalidated,2024101424357,2024,101424357,1,1,0,18,2,7,0,6,0,0,0,0,1,1,5,1,16,4,-1,-1,-1,-1,1,1,E01008382,0
Unvalidated,2024101424357,2024,101424357,2,9,0,18,1,5,0,1,0,0,0,0,4,1,5,2,48,8,-1,-1,-1,-1,-1,-1,-1,0
Unvalidated,2024101424408,2024,101424408,1,3,0,18,5,1,0,0,2,0,0,0,3,1,2,1,41,7,-1,-1,-1,-1,1,1,E01008593,0
Unvalidated,2024101424594,2024,101424594,1,1,0,18,1,5,0,1,5,0,0,0,-1,1,6,1,-1,-1,-1,-1,-1,-1,-1,-1,-1,0
Unvalidated,2024101424594,2024,101424594,2,9,0,4,1,5,0,1,0,0,0,0,3,1,6,1,60,9,-1,-1,-1,-1,3,1,E01027391,0
Unvalidated,2024101424743,2024,101424743,1,9,0,2,5,1,9,2,0,0,2,0,3,1,6,2,77,11,-1,-1,-1,-1,1,1,E01008340,0
Unvalidated,2024101424743,2024,101424743,2,9,0,2,5,1,6,2,0,0,0,0,2,1,6,1,56,9,-1,-1,-1,-1,1,1,E01008438,0
Unvalidated,2024101424753,2024,101424753,1,3,0,18,1,5,0,5,1,7,0,0,1,1,6,1,41,7,-1,-1,-1,-1,-1,-1,-1,0
Unvalidated,2024101424830,2024,101424830,1,9,0,5,1,1,0,0,0,0,0,0,1,1,6,1,45,7,-1,-1,-1,-1,-1,-1,-1,0
Unvalidated,2024101424830,2024,101424830,2,9,0,3,1,1,0,0,0,0,0,0,2,1,5,1,36,7,-1,-1,-1,-1,-1,-1,-1,0
Unvalidated,2024101424864,2024,101424864,1,9,0,18,1,5,0,0,0,0,0,0,1,1,2,1,47,8,-1,-1,-1,-1,-1,-1,-1,0
Unvalidated,2024101424867,2024,101424867,1,9,0,9,1,2,0,1,0,0,0,0,3,1,6,1,65,9,-1,-1,-1,-1,6,1,E01008685,0
Unvalidated,2024101424867,2024,101424867,2,1,0,18,5,5,0,6,0,0,0,0,1,1,5,1,31,6,-1,-1,-1,-1,5,1,E01008679,0
Unvalidated,2024101424875,2024,101424875,1,9,0,9,1,2,0,5,0,0,0,0,1,1,6,1,45,7,-1,-1,-1,-1,3,1,E01008595,0
Unvalidated,2024101424875,2024,101424875,2,11,0,18,1,1,0,4,0,0,0,0,3,1,1,3,45,7,-1,-1,-1,-1,-1,-1,-1,0
Unvalidated,2024101424969,2024,101424969,1,2,0,4,3,7,0,0,1,0,0,0,1,1,6,1,16,4,-1,-1,-1,-1,-1,-1,-1,0
Unvalidated,2024101424969,2024,101424969,2,9,0,4,3,7,0,0,0,0,0,0,2,1,6,2,46,8,-1,-1,-1,-1,-1,-1,-1,0
Unvalidated,2024101424981,2024,101424981,1,9,0,18,2,8,0,0,1,0,0,0,4,1,5,2,48,8,-1,-1,-1,-1,6,2,E01027466,0