status,collision_index,collision_year,collision_reference,vehicle_reference,vehicle_type,towing_and_articulation,vehicle_manoeuvre,vehicle_direction_from,vehicle_direction_to,vehicle_location_restricted_lane,junction_location,skidding_and_overturning,hit_object_in_carriageway,vehicle_leaving_carriageway,hit_object_off_carriageway,first_point_of_impact,vehicle_left_hand_drive,journey_purpose_of_driver,sex_of_driver,age_of_driver,age_band_of_driver,engine_capacity_cc,propulsion_code,age_of_vehicle,generic_make_model,driver_imd_decile,driver_home_area_type,lsoa_of_driver,escooter_flag
Unvalidated,2024101424981,2024,101424981,2,9,0,18,8,2,0,0,1,10,1,0,3,1,6,2,65,9,-1,-1,-1,-1,6,3,E01027479,0
Unvalidated,2024101424996,2024,101424996,1,11,0,18,3,7,0,0,0,0,0,0,1,1,1,1,25,5,-1,-1,-1,-1,-1,-1,-1,0
Unvalidated,2024101424996,2024,101424996,2,9,0,3,3,7,0,0,0,0,0,0,2,1,1,2,33,6,-1,-1,-1,-1,-1,-1,-1,0
Unvalidated,2024101425031,2024,101425031,1,9,0,9,1,7,0,1,0,0,0,0,4,1,2,1,18,4,-1,-1,-1,-1,8,3,E01027504,0
Unvalidated,2024101425031,2024,101425031,2,9,0,18,7,3,0,1,0,0,0,0,1,1,5,1,70,10,-1,-1,-1,-1,-1,-1,-1,0
Unvalidated,2024101425061,2024,101425061,1,9,0,18,1,5,0,1,1,10,1,0,4,1,2,2,36,7,-1,-1,-1,-1,10,2,E01032647,0
Unvalidated,2024101425061,2024,101425061,2,9,0,7,2,5,0,1,0,0,0,0,1,1,1,2,35,6,-1,-1,-1,-1,7,1,E01008411,0
Unvalidated,2024101425075,2024,101425075,1,9,0,18,5,1,0,1,0,0,0,0,1,1,1,2,22,5,-1,-1,-1,-1,3,1,E01008637,0
Unvalidated,2024101425113,2024,101425113,1,9,0,9,3,7,0,1,0,0,0,0,1,1,6,2,19,4,-1,-1,-1,-1,-1,-1,-1,0
Unvalidated,2024101425113,2024,101425113,2,8,0,18,7,3,0,1,0,0,0,0,1,1,1,1,47,8,-1,-1,-1,-1,-1,-1,-1,0
Unvalidated,2024101425140,2024,101425140,1,9,0,18,7,3,0,0,1,10,1,4,1,1,5,1,17,4,-1,-1,-1,-1,4,1,E01008842,0
Unvalidated,2024101425140,2024,101425140,2,9,0,7,7,3,0,0,0,0,0,0,0,1,5,1,18,4,-1,-1,-1,-1,9,1,E01008772,0
Unvalidated,2024101425231,2024,101425231,1,9,0,18,3,7,0,2,0,0,0,0,3,1,1,2,56,9,-1,-1,-1,-1,8,2,E01008188,0
Unvalidated,2024101425282,2024,101425282,1,9,0,18,7,8,0,2,0,0,0,0,1,1,6,1,43,7,-1,-1,-1,-1,4,1,E01008347,0
Unvalidated,2024101425282,2024,101425282,2,9,0,4,7,5,0,2,0,0,0,0,2,1,5,2,20,4,-1,-1,-1,-1,8,1,E01008538,0
Unvalidated,2024101425367,2024,101425367,1,9,0,18,7,3,0,1,0,0,0,0,1,1,6,1,30,6,-1,-1,-1,-1,-1,-1,-1,0
Unvalidated,2024101425367,2024,101425367,2,9,0,3,7,3,0,1,0,0,0,0,2,1,1,1,51,8,-1,-1,-1,-1,1,1,E01008327,0
Unvalidated,2024101425407,2024,101425407,1,9,0,18,2,6,0,1,0,0,0,0,1,1,5,2,64,9,-1,-1,-1,-1,4,3,E01020754,0
Unvalidated,2024101425407,2024,101425407,2,9,0,3,2,8,0,1,0,0,0,0,2,1,5,2,36,7,-1,-1,-1,-1,4,1,E01008833,0
Unvalidated,2024101425418,2024,101425418,1,98,0,1,7,3,0,0,0,0,0,0,2,2,6,1,42,7,-1,-1,-1,-1,2,1,E01008489,0
Unvalidated,2024101425418,2024,101425418,2,9,0,3,1,1,0,0,0,0,0,0,1,1,6,2,60,9,-1,-1,-1,-1,2,1,E01008584,0
Unvalidated,2024101425600,2024,101425600,1,9,0,18,6,2,0,0,0,0,1,7,1,1,2,1,50,8,-1,-1,-1,-1,8,1,E01027514,0
Unvalidated,2024101425641,2024,101425641,1,9,-1,18,1,5,0,6,0,0,0,0,1,1,6,3,-1,-1,-1,-1,-1,-1,-1,-1,-1,0
Unvalidated,2024101425641,2024,101425641,2,9,0,18,7,3,0,1,0,0,0,0,4,1,5,2,49,8,-1,-1,-1,-1,3,1,E01008720,0
Unvalidated,2024101425709,2024,101425709,1,9,0,18,1,1,0,0,0,0,0,0,1,1,6,1,23,5,-1,-1,-1,-1,2,1,E01008584,0
Unvalidated,2024101425725,2024,101425725,1,19,0,18,5,1,0,1,0,0,0,0,2,1,6,3,-1,-1,-1,-1,-1,-1,-1,-1,-1,0
Unvalidated,2024101425725,2024,101425725,2,9,-1,18,5,1,0,1,0,0,0,0,2,1,5,1,38,7,-1,-1,-1,-1,3,1,E01008717,0
Unvalidated,2024101426005,2024,101426005,1,9,0,18,1,5,0,1,0,0,0,0,4,1,2,2,50,8,-1,-1,-1,-1,2,2,E01027443,0
Unvalidated,2024101426005,2024,101426005,2,9,0,18,3,7,0,1,0,0,0,0,1,1,5,1,72,10,-1,-1,-1,-1,5,3,E01027365,0
Unvalidated,2024101426039,2024,101426039,1,90,0,18,7,3,0,1,1,0,0,0,2,1,6,3,-1,-1,-1,-1,-1,-1,-1,-1,-1,0
Unvalidated,2024101426098,2024,101426098,1,5,0,18,4,1,0,1,0,0,0,0,1,1,5,1,66,10,-1,-1,-1,-1,3,3,E01032483,0
Unvalidated,2024101426098,2024,101426098,2,9,0,9,4,3,0,5,0,0,0,0,2,1,5,2,18,4,-1,-1,-1,-1,9,1,E01008283,0
Unvalidated,2024101426132,2024,101426132,1,9,0,18,7,3,0,0,0,0,0,0,1,1,5,1,32,6,-1,-1,-1,-1,-1,-1,-1,0
Unvalidated,2024101426232,2024,101426232,1,9,0,11,5,1,0,0,0,0,0,0,1,1,5,1,17,4,-1,-1,-1,-1,5,1,E01008346,0
Unvalidated,2024101426232,2024,101426232,2,9,0,18,5,1,0,0,0,0,1,0,3,1,6,2,42,7,-1,-1,-1,-1,1,1,E01008459,0
Unvalidated,2024101426374,2024,101426374,1,9,0,5,7,3,9,0,1,0,1,11,1,1,5,2,88,11,-1,-1,-1,-1,-1,-1,-1,0
Unvalidated,2024101426412,2024,101426412,1,19,0,9,3,1,0,8,0,0,0,0,4,1,6,3,-1,-1,-1,-1,-1,-1,-1,-1,-1,0
Unvalidated,2024101426412,2024,101426412,2,1,0,18,7,3,0,4,0,0,0,0,1,1,6,1,40,7,-1,-1,-1,-1,1,1,E01027533,0
Unvalidated,2024101426430,2024,101426430,1,9,0,18,1,1,0,0,0,0,0,0,2,2,5,1,37,7,-1,-1,-1,-1,-1,-1,-1,0
Unvalidated,2024101426470,2024,101426470,1,9,0,2,5,1,0,0,0,0,0,0,0,1,6,1,39,7,-1,-1,-1,-1,7,1,E01008314,0
Unvalidated,2024101426470,2024,101426470,2,11,0,14,5,1,0,0,0,0,0,0,0,1,1,1,64,9,-1,-1,-1,-1,-1,-1,-1,0
Unvalidated,2024101426552,2024,101426552,1,5,0,18,7,3,0,1,0,0,0,0,1,1,6,1,40,7,-1,-1,-1,-1,8,2,E01008581,0
Unvalidated,2024101426552,2024,101426552,2,9,0,9,3,7,0,1,0,0,0,0,1,1,6,1,40,7,-1,-1,-1,-1,-1,2,-1,0
Unvalidated,2024101426605,2024,101426605,1,9,0,12,7,3,0,0,0,0,0,0,3,1,5,1,29,6,-1,-1,-1,-1,1,1,E01008645,0
Unvalidated,2024101426605,2024,101426605,2,3,0,18,7,3,0,0,0,0,0,0,4,1,1,1,30,6,-1,-1,-1,-1,1,1,E01008438,0
Unvalidated,2024101426613,2024,101426613,1,19,0,5,3,7,0,6,0,0,0,0,0,1,5,1,24,5,-1,-1,-1,-1,2,1,E01008324,0
Unvalidated,2024101426613,2024,101426613,2,9,0,18,1,5,0,8,0,7,6,0,1,1,5,1,47,8,-1,-1,-1,-1,4,1,E01008832,0
Unvalidated,2024101426626,2024,101426626,1,22,0,5,7,3,0,6,0,0,0,0,1,1,5,1,68,10,-1,-1,-1,-1,1,1,E01008762,0
Unvalidated,2024101426626,2024,101426626,2,9,0,7,5,1,0,6,0,0,0,0,4,1,5,2,82,11,-1,-1,-1,-1,3,1,E01008763,0
Unvalidated,2024101426664,2024,101426664,1,9,0,18,7,3,0,1,0,0,0,0,0,1,6,3,-1,-1,-1,-1,-1,-1,-1,-1,-1,0
Unvalidated,2024101426664,2024,101426664,2,11,0,18,5,1,0,1,0,0,0,0,0,1,1,1,56,9,-1,-1,-1,-1,6,1,E01027517,0
Unvalidated,2024101426717,2024,101426717,1,9,0,18,3,7,0,2,0,0,0,0,1,1,1,1,57,9,-1,-1,-1,-1,-1,-1,-1,0
Unvalidated,2024101426824,2024,101426824,1,9,0,18,2,6,0,0,1,0,2,0,3,1,6,2,28,6,-1,-1,-1,-1,2,2,E01020686,0
Unvalidated,2024101426827,2024,101426827,1,16,0,9,3,1,0,8,0,0,0,0,1,1,6,2,-1,-1,-1,-1,-1,-1,-1,-1,-1,0
Unvalidated,2024101426827,2024,101426827,2,9,0,9,5,3,0,8,0,0,0,0,3,1,6,1,55,8,-1,-1,-1,-1,5,1,E01008687,0
Unvalidated,2024101426922,2024,101426922,1,5,0,9,1,5,0,0,0,0,1,0,4,1,5,1,74,10,-1,-1,-1,-1,3,1,E01008857,0
Unvalidated,2024101426986,2024,101426986,1,9,0,18,3,7,0,1,0,0,0,0,1,1,6,1,19,4,-1,-1,-1,-1,1,1,E01008545,0
Unvalidated,2024101426986,2024,101426986,2,9,0,9,5,3,0,6,0,0,0,0,3,1,2,2,44,7,-1,-1,-1,-1,7,1,E01008500,0
Unvalidated,2024101426986,2024,101426986,3,9,0,18,3,7,0,1,0,0,0,0,0,1,1,1,20,4,-1,-1,-1,-1,9,1,E01008283,0
Unvalidated,2024101427024,2024,101427024,1,9,0,18,1,5,0,8,0,0,0,0,1,1,6,1,21,5,-1,-1,-1,-1,2,1,E01012318,0
Unvalidated,2024101427024,2024,101427024,2,9,0,3,1,5,0,8,0,0,0,0,2,1,6,1,34,6,-1,-1,-1,-1,3,1,E01008769,0
Unvalidated,2024101427042,2024,101427042,1,9,0,7,2,4,0,0,0,0,1,0,1,1,5,2,80,11,-1,-1,-1,-1,8,1,E01008647,0
Unvalidated,2024101427177,2024,101427177,1,4,0,4,1,3,0,0,0,0,1,0,2,1,5,1,57,9,-1,-1,-1,-1,2,1,E01020647,0
Unvalidated,2024101427177,2024,101427177,2,9,0,9,1,3,0,0,0,0,0,0,2,1,5,1,42,7,-1,-1,-1,-1,6,1,E01008352,0
Unvalidated,2024101427186,2024,101427186,1,9,0,9,5,3,0,6,0,0,0,0,4,1,5,1,18,4,-1,-1,-1,-1,7,1,E01008197,0
Unvalidated,2024101427186,2024,101427186,2,9,0,18,3,7,0,1,0,0,0,0,1,1,6,2,67,10,-1,-1,-1,-1,-1,-1,-1,0
Unvalidated,2024101427202,2024,101427202,1,1,0,18,7,4,9,1,0,0,0,0,1,1,5,1,25,5,-1,-1,-1,-1,3,1,E01008396,0
Unvalidated,2024101427232,2024,101427232,1,9,0,4,1,5,0,0,0,0,0,0,2,1,5,2,36,7,-1,-1,-1,-1,2,3,E01020606,0
Unvalidated,2024101427232,2024,101427232,2,9,0,18,1,5,0,0,0,0,0,0,1,1,6,3,-1,-1,-1,-1,-1,-1,-1,-1,-1,0
Unvalidated,2024101427265,2024,101427265,1,9,0,5,1,1,0,0,0,0,0,0,1,1,6,2,35,6,-1,-1,-1,-1,2,1,E01008491,0
Unvalidated,2024101427265,2024,101427265,2,9,0,3,1,1,0,0,0,0,0,0,2,1,6,1,75,10,-1,-1,-1,-1,9,1,-1,0
Unvalidated,2024101427265,2024,101427265,3,9,0,3,1,1,0,0,0,0,0,0,1,1,6,1,48,8,-1,-1,-1,-1,1,1,E01008544,0
Unvalidated,2024101427265,2024,101427265,4,9,0,3,1,1,0,0,0,0,0,0,2,1,6,2,48,8,-1,-1,-1,-1,-1,-1,-1,0
Unvalidated,2024101427374,2024,101427374,1,1,0,18,2,6,0,0,0,0,0,0,1,1,5,1,13,3,-1,-1,-1,-1,5,1,E01008643,0
Unvalidated,2024101427374,2024,101427374,2,9,0,1,7,2,0,0,0,0,0,0,2,1,6,3,-1,-1,-1,-1,-1,-1,-1,-1,-1,0
Unvalidated,2024101427474,2024,101427474,1,9,-1,18,-1,-1,0,-1,0,0,0,0,1,1,6,1,42,7,-1,-1,-1,-1,3,1,E01008441,0
Unvalidated,2024101427474,2024,101427474,2,9,-1,18,7,3,0,1,0,0,0,0,3,1,2,2,32,6,-1,-1,-1,-1,4,1,E01008875,0
Unvalidated,2024101427608,2024,101427608,1,9,0,4,1,5,0,1,0,0,0,0,1,1,6,1,45,7,-1,-1,-1,-1,3,1,E01008169,0
Unvalidated,2024101427608,2024,101427608,2,9,0,4,1,5,0,1,0,0,0,0,2,1,6,1,45,7,-1,-1,-1,-1,5,1,E01008646,0
Unvalidated,2024101427646,2024,101427646,1,9,0,9,8,2,0,5,0,0,0,0,1,1,6,1,32,6,-1,-1,-1,-1,4,1,E01008202,0
Unvalidated,2024101427677,2024,101427677,1,8,0,14,7,3,0,2,0,0,0,0,3,1,1,1,34,6,-1,-1,-1,-1,1,1,E01008436,0
Unvalidated,2024101427685,2024,101427685,1,9,0,18,3,7,0,0,0,0,0,0,1,2,5,2,18,4,-1,-1,-1,-1,3,1,E01008263,0
Unvalidated,2024101427685,2024,101427685,2,9,0,18,7,3,0,0,0,0,0,0,1,2,5,2,19,4,-1,-1,-1,-1,8,1,E01027499,0
Unvalidated,2024101427797,2024,101427797,1,9,0,5,2,6,0,8,0,0,0,0,1,1,6,1,43,7,-1,-1,-1,-1,1,1,E01027545,0
Unvalidated,2024101427797,2024,101427797,2,1,0,18,1,5,0,8,0,0,0,0,2,1,6,1,21,5,-1,-1,-1,-1,2,1,E01008253,0
Unvalidated,2024101427800,2024,101427800,1,9,0,18,1,5,0,0,0,0,0,0,-1,1,6,1,-1,-1,-1,-1,-1,-1,-1,-1,-1,0
Unvalidated,2024101427800,2024,101427800,2,9,0,3,1,5,0,0,0,0,0,0,2,1,6,2,36,7,-1,-1,-1,-1,2,1,E01008644,0
Unvalidated,2024101427800,2024,101427800,3,9,0,3,1,5,0,0,0,0,0,0,2,1,2,2,37,7,-1,-1,-1,-1,4,1,E01008654,0
Unvalidated,2024101427832,2024,101427832,1,9,0,18,4,8,0,0,0,0,0,0,1,1,6,1,23,5,-1,-1,-1,-1,5,1,E01008635,0
Unvalidated,2024101427832,2024,101427832,2,9,0,4,4,8,0,0,0,0,0,0,2,1,6,1,86,11,-1,-1,-1,-1,7,1,E01008677,0
Unvalidated,2024101427892,2024,101427892,1,9,-1,18,-1,-1,0,8,0,0,0,0,1,1,6,3,-1,-1,-1,-1,-1,-1,-1,-1,-1,0
Unvalidated,2024101427892,2024,101427892,2,9,-1,18,-1,-1,0,8,0,0,0,0,4,1,6,1,20,4,-1,-1,-1,-1,10,1,E01008548,0
Unvalidated,2024101427959,2024,101427959,1,9,0,9,1,5,0,8,0,0,0,0,0,1,6,2,40,7,-1,-1,-1,-1,4,1,E01008502,0
Unvalidated,2024101427959,2024,101427959,2,1,0,9,3,2,0,8,5,0,0,0,2,1,6,1,49,8,-1,-1,-1,-1,9,1,E01008556,0
Unvalidated,2024101427959,2024,101427959,3,9,0,3,4,8,0,8,0,0,0,0,2,1,6,1,47,8,-1,-1,-1,-1,2,1,E01008571,0
Unvalidated,2024101428195,2024,101428195,1,1,-1,18,8,4,0,1,0,0,0,0,1,1,1,1,20,4,-1,-1,-1,-1,-1,-1,-1,0
Unvalidated,2024101428566,2024,101428566,1,9,0,18,7,3,0,0,0,0,0,0,1,1,5,2,81,11,-1,-1,-1,-1,4,3,E01027381,0
Unvalidated,2024101428566,2024,101428566,2,9,0,18,3,7,0,0,0,0,1,0,1,1,5,1,31,6,-1,-1,-1,-1,6,3,E01020452,0
Unvalidated,2024101428567,2024,101428567,1,20,0,18,1,5,0,0,0,11,0,0,3,1,1,1,62,9,-1,-1,-1,-1,-1,-1,-1,0
Unvalidated,2024101428570,2024,101428570,1,97,-1,18,7,3,0,1,0,0,0,0,1,1,5,2,9,2,-1,-1,-1,-1,1,1,E01008743,0
Unvalidated,2024101428570,2024,101428570,2,9,0,18,5,1,0,1,0,0,0,0,1,1,6,2,32,6,-1,-1,-1,-1,1,1,E01008743,0
Unvalidated,2024101428583,2024,101428583,1,98,-1,18,1,5,0,0,0,0,0,0,4,1,2,1,-1,-1,-1,-1,-1,-1,7,3,E01027510,0
Unvalidated,2024101428583,2024,101428583,2,9,0,18,1,5,0,0,0,0,0,0,3,1,6,2,23,5,-1,-1,-1,-1,8,1,E01008287,0
Unvalidated,2024101428595,2024,101428595,1,11,-1,18,3,7,0,0,0,0,0,0,4,1,1,1,64,9,-1,-1,-1,-1,8,1,E01008447,0
Unvalidated,2024101428598,2024,101428598,1,9,-1,18,6,2,0,0,0,0,0,0,1,1,6,1,28,6,-1,-1,-1,-1,5,1,E01033718,0
Unvalidated,2024101428598,2024,101428598,2,9,0,4,6,2,0,0,0,0,0,0,2,1,6,2,41,7,-1,-1,-1,-1,10,1,E01027455,0
Unvalidated,2024101428611,2024,101428611,1,9,0,18,4,8,0,0,0,0,1,0,1,1,5,1,51,8,-1,-1,-1,-1,6,1,E01027517,0
Unvalidated,2024101428611,2024,101428611,2,9,0,18,4,8,0,0,0,0,0,0,2,1,5,2,27,6,-1,-1,-1,-1,6,1,E01027517,0
Unvalidated,2024101428611,2024,101428611,3,9,0,2,0,0,0,0,0,0,0,0,2,1,5,1,-1,-1,-1,-1,-1,-1,6,1,E01027517,0
Unvalidated,2024101428611,2024,101428611,4,9,0,2,0,0,0,0,0,0,0,0,2,1,5,2,-1,-1,-1,-1,-1,-1,6,1,E01027517,0
Unvalidated,2024101428611,2024,101428611,5,9,0,2,0,0,0,0,0,0,0,0,2,1,5,1,-1,-1,-1,-1,-1,-1,6,1,E01027517,0
Unvalidated,2024101428785,2024,101428785,1,2,0,7,7,3,9,0,0,0,7,0,1,1,5,1,18,4,-1,-1,-1,-1,9,1,E01020612,0
Unvalidated,2024101428785,2024,101428785,2,9,0,18,3,7,0,0,0,0,0,0,1,1,5,1,66,10,-1,-1,-1,-1,9,1,E01008799,0
Unvalidated,2024101428805,2024,101428805,1,8,0,18,5,1,0,0,0,0,0,0,1,1,5,1,62,9,-1,-1,-1,-1,6,1,E01027517,0
Unvalidated,2024101428815,2024,101428815,1,19,0,18,7,3,0,0,0,0,0,0,1,1,6,1,38,7,-1,-1,-1,-1,1,1,E01008484,0
Unvalidated,2024101428815,2024,101428815,2,9,-1,4,7,3,0,0,0,0,0,0,2,1,5,2,56,9,-1,-1,-1,-1,1,1,E01008542,0
Unvalidated,2024101428829,2024,101428829,1,8,0,-1,-1,-1,-1,0,-1,-1,-1,0,-1,1,1,1,-1,-1,-1,-1,-1,-1,-1,-1,-1,0
Unvalidated,2024101428851,2024,101428851,1,9,-1,5,5,3,0,2,0,0,0,0,1,1,6,1,-1,-1,-1,-1,-1,-1,-1,-1,-1,0
Unvalidated,2024101428851,2024,101428851,2,1,-1,18,3,7,0,1,0,0,0,0,4,1,5,1,25,5,-1,-1,-1,-1,3,1,E01008831,0
Unvalidated,2024101429161,2024,101429161,1,4,-1,11,-1,5,0,0,0,0,0,0,4,1,1,1,-1,-1,-1,-1,-1,-1,-1,-1,-1,0
Unvalidated,2024101429161,2024,101429161,2,9,-1,4,1,5,0,0,0,0,0,0,4,1,6,1,53,8,-1,-1,-1,-1,10,1,E01020712,0
Unvalidated,2024101429166,2024,101429166,1,9,0,18,1,5,0,0,0,0,0,0,1,1,6,2,-1,-1,-1,-1,-1,-1,-1,-1,-1,0
Unvalidated,2024101429294,2024,101429294,1,9,0,-1,-1,-1,-1,0,-1,-1,-1,0,-1,1,6,3,-1,-1,-1,-1,-1,-1,-1,-1,-1,0
Unvalidated,2024101429294,2024,101429294,2,90,0,18,5,1,0,0,0,0,0,0,2,1,5,1,5,1,-1,-1,-1,-1,2,1,E01008456,0
Unvalidated,2024101429356,2024,101429356,1,9,0,18,2,6,0,0,0,0,0,0,1,1,2,1,41,7,-1,-1,-1,-1,7,1,E01008315,0
Unvalidated,2024101429465,2024,101429465,1,9,0,18,5,1,0,0,0,0,0,0,4,1,5,2,28,6,-1,-1,-1,-1,8,1,E01027425,0
Unvalidated,2024101429465,2024,101429465,2,90,0,9,5,1,0,0,5,0,0,0,0,1,6,1,7,2,-1,-1,-1,-1,8,1,E01027425,1
Unvalidated,2024101429604,2024,101429604,1,9,0,6,7,3,0,1,0,0,0,0,3,1,5,1,91,11,-1,-1,-1,-1,6,1,E01008758,0
Unvalidated,2024101429604,2024,101429604,2,9,0,18,7,3,0,1,0,0,0,0,1,1,5,2,24,5,-1,-1,-1,-1,1,1,E01008735,0
Unvalidated,2024101429620,2024,101429620,1,9,0,5,5,1,0,1,0,0,0,0,1,1,5,1,-1,-1,-1,-1,-1,-1,3,1,E01008857,0
Unvalidated,2024101429620,2024,101429620,2,9,0,18,7,3,0,1,0,0,0,0,1,1,6,2,30,6,-1,-1,-1,-1,-1,-1,-1,0
Unvalidated,2024101429660,2024,101429660,1,9,0,18,1,5,0,0,0,0,0,0,1,1,6,1,18,4,-1,-1,-1,-1,1,1,E01008302,0
Unvalidated,2024101429667,2024,101429667,1,9,0,9,3,1,0,8,0,0,0,0,4,1,6,1,22,5,-1,-1,-1,-1,3,1,E01008851,0
Unvalidated,2024101429667,2024,101429667,2,9,0,18,7,3,0,8,0,0,0,0,1,1,6,2,33,6,-1,-1,-1,-1,9,1,E01008248,0
Unvalidated,2024101429739,2024,101429739,1,9,0,13,1,5,0,1,0,0,0,0,1,1,5,1,40,7,-1,-1,-1,-1,6,2,E01027368,0
Unvalidated,2024101429739,2024,101429739,2,17,4,9,1,6,0,1,0,0,0,0,3,1,1,1,37,7,-1,-1,-1,-1,4,1,E01027523,0
Unvalidated,2024101429879,2024,101429879,1,9,0,5,1,5,0,0,0,0,0,0,2,1,6,2,28,6,-1,-1,-1,-1,10,1,E01008371,0
Unvalidated,2024101429879,2024,101429879,2,9,0,4,1,5,0,0,0,0,0,0,2,1,6,1,76,11,-1,-1,-1,-1,8,1,E01008627,0
Unvalidated,2024101429940,2024,101429940,1,9,0,4,1,5,0,0,0,0,0,0,1,1,6,1,48,8,-1,-1,-1,-1,5,1,E01008795,0
Unvalidated,2024101429940,2024,101429940,2,9,0,3,1,5,0,0,0,0,0,0,2,1,6,2,27,6,-1,-1,-1,-1,2,1,E01008232,0
Unvalidated,2024101429954,2024,101429954,1,11,0,2,1,5,0,0,0,0,0,0,0,1,1,1,58,9,-1,-1,-1,-1,3,1,E01008476,0
Unvalidated,2024101430040,2024,101430040,1,9,0,18,7,3,9,0,0,0,0,0,1,1,6,2,56,9,-1,-1,-1,-1,7,1,E01008691,0
Unvalidated,2024101430159,2024,101430159,1,9,0,5,2,6,0,0,0,10,1,0,3,1,5,1,79,11,-1,-1,-1,-1,8,1,E01008627,0
Unvalidated,2024101430259,2024,101430259,1,19,0,18,2,2,0,0,1,0,0,0,2,1,6,1,50,8,-1,-1,-1,-1,9,1,E01027437,0
Unvalidated,2024101430259,2024,101430259,2,9,0,18,2,2,0,0,1,0,0,0,1,1,6,1,21,5,-1,-1,-1,-1,6,1,E01027386,0
Unvalidated,2024101430300,2024,101430300,1,9,0,11,7,3,0,8,0,0,0,0,1,1,6,2,-1,-1,-1,-1,-1,-1,7,3,-1,0
Unvalidated,2024101430300,2024,101430300,2,9,0,18,7,3,0,8,1,0,0,0,3,1,6,1,28,6,-1,-1,-1,-1,10,1,E01008472,0
Unvalidated,2024101430363,2024,101430363,1,19,0,18,1,5,0,0,0,0,0,0,1,1,6,1,42,7,-1,-1,-1,-1,2,1,E01008810,0
Unvalidated,2024101430363,2024,101430363,2,9,0,3,1,5,0,0,0,0,0,0,2,1,6,1,62,9,-1,-1,-1,-1,4,1,E01008814,0
Unvalidated,2024101430461,2024,101430461,1,9,0,18,1,5,0,0,0,0,0,0,1,1,6,3,-1,-1,-1,-1,-1,-1,-1,-1,-1,0
Unvalidated,2024101430461,2024,101430461,2,2,0,18,1,5,0,0,2,0,0,0,2,1,6,1,16,4,-1,-1,-1,-1,4,1,E01008866,0
Unvalidated,2024101430542,2024,101430542,1,-1,0,-1,-1,-1,-1,-1,-1,-1,-1,0,-1,1,1,3,-1,-1,-1,-1,-1,-1,-1,-1,-1,0
Unvalidated,2024101430542,2024,101430542,2,9,0,3,1,5,0,4,0,0,0,0,2,1,5,2,83,11,-1,-1,-1,-1,10,1,E01008495,0
Unvalidated,2024101430669,2024,101430669,1,9,0,2,5,1,0,0,0,0,0,0,2,1,6,1,80,11,-1,-1,-1,-1,9,3,E01027367,0
Unvalidated,2024101430669,2024,101430669,2,9,0,12,5,1,0,0,0,4,0,0,1,1,6,1,42,7,-1,-1,-1,-1,5,3,E01027365,0
Unvalidated,2024101430674,2024,101430674,1,98,0,18,7,3,0,4,0,0,1,7,1,1,1,1,31,6,-1,-1,-1,-1,-1,-1,-1,0
Unvalidated,2024101430796,2024,101430796,1,9,0,1,1,7,0,0,0,0,0,0,2,1,6,1,41,7,-1,-1,-1,-1,3,1,E01008396,0
Unvalidated,2024101431252,2024,101431252,1,9,0,4,7,3,0,1,0,0,3,0,1,1,6,1,20,4,-1,-1,-1,-1,3,2,E01027530,0
Unvalidated,2024101431344,2024,101431344,1,9,0,9,5,3,0,1,0,0,0,0,4,1,5,2,20,4,-1,-1,-1,-1,2,1,E01008590,0
Unvalidated,2024101431344,2024,101431344,2,97,0,18,1,5,0,1,0,0,0,0,1,1,5,1,28,6,-1,-1,-1,-1,2,1,E01008690,0
Unvalidated,2024101431555,2024,101431555,1,9,0,3,5,1,0,8,0,0,0,0,1,1,5,2,55,8,-1,-1,-1,-1,7,2,E01027364,0
Unvalidated,2024101431555,2024,101431555,2,9,0,10,5,1,0,1,0,0,0,0,2,1,5,2,37,7,-1,-1,-1,-1,2,1,E01027427,0
Unvalidated,2024101431844,2024,101431844,1,4,0,18,5,1,0,0,0,0,0,0,1,1,5,1,27,6,-1,-1,-1,-1,1,1,E01011094,0
Unvalidated,2024101431844,2024,101431844,2,9,0,18,5,1,0,0,0,0,0,0,4,1,5,1,20,4,-1,-1,-1,-1,1,1,E01008836,0
Unvalidated,2024101432052,2024,101432052,1,8,0,5,3,7,0,0,0,0,0,0,4,1,1,1,46,8,-1,-1,-1,-1,1,1,E01008331,0
Unvalidated,2024101432225,2024,101432225,1,9,0,9,3,7,0,8,0,0,7,11,4,1,5,2,66,10,-1,-1,-1,-1,2,1,E01008428,0
Unvalidated,2024101432225,2024,101432225,2,9,0,18,5,1,0,4,0,0,1,0,1,1,6,3,20,4,-1,-1,-1,-1,-1,-1,-1,0
Unvalidated,2024101432245,2024,101432245,1,11,0,4,3,7,0,1,0,0,0,0,0,1,1,1,37,7,-1,-1,-1,-1,2,2,E01020751,0
Unvalidated,2024101432295,2024,101432295,1,9,0,-1,7,3,-1,6,0,0,0,0,3,1,-1,1,25,5,-1,-1,-1,-1,1,1,E01008166,0
Unvalidated,2024101432295,2024,101432295,2,9,0,-1,1,1,-1,8,0,0,0,0,4,1,-1,1,40,7,-1,-1,-1,-1,10,2,E01018416,0
Unvalidated,2024101432456,2024,101432456,1,9,0,18,3,7,0,8,0,0,0,0,4,1,5,1,75,10,-1,-1,-1,-1,8,1,E01008801,0
Unvalidated,2024101432456,2024,101432456,2,9,0,18,3,7,0,8,0,0,0,0,3,1,5,1,63,9,-1,-1,-1,-1,4,1,E01032484,0