status,collision_index,collision_year,collision_reference,vehicle_reference,vehicle_type,towing_and_articulation,vehicle_manoeuvre,vehicle_direction_from,vehicle_direction_to,vehicle_location_restricted_lane,junction_location,skidding_and_overturning,hit_object_in_carriageway,vehicle_leaving_carriageway,hit_object_off_carriageway,first_point_of_impact,vehicle_left_hand_drive,journey_purpose_of_driver,sex_of_driver,age_of_driver,age_band_of_driver,engine_capacity_cc,propulsion_code,age_of_vehicle,generic_make_model,driver_imd_decile,driver_home_area_type,lsoa_of_driver,escooter_flag
Unvalidated,2024101432483,2024,101432483,1,9,0,18,8,4,0,8,0,0,0,0,1,1,5,2,20,4,-1,-1,-1,-1,8,1,E01027425,0
Unvalidated,2024101432483,2024,101432483,2,9,0,18,8,4,0,8,0,0,0,0,2,1,1,2,57,9,-1,-1,-1,-1,10,1,E01027492,0
Unvalidated,2024101432579,2024,101432579,1,11,0,4,3,7,0,1,0,0,0,0,0,1,1,1,58,9,-1,-1,-1,-1,6,2,E01008577,0
Unvalidated,2024101432747,2024,101432747,1,19,0,18,1,5,0,0,0,0,0,0,1,1,6,3,-1,-1,-1,-1,-1,-1,-1,-1,-1,0
Unvalidated,2024101432751,2024,101432751,1,9,0,9,8,5,0,8,0,0,0,0,1,1,5,1,73,10,-1,-1,-1,-1,5,1,E01008844,0
Unvalidated,2024101432751,2024,101432751,2,1,0,10,6,2,0,1,0,0,0,0,1,1,2,1,57,9,-1,-1,-1,-1,7,1,E01008852,0
Unvalidated,2024101432760,2024,101432760,1,9,0,5,5,3,0,8,0,0,0,0,4,2,5,1,81,11,-1,-1,-1,-1,-1,-1,-1,0
Unvalidated,2024101432760,2024,101432760,2,9,0,5,7,3,0,6,0,0,2,0,4,2,5,2,23,5,-1,-1,-1,-1,-1,-1,-1,0
Unvalidated,2024101432858,2024,101432858,1,11,0,18,3,7,0,1,0,0,0,0,1,1,1,1,42,7,-1,-1,-1,-1,3,1,E01008379,0
Unvalidated,2024101432858,2024,101432858,2,9,0,18,3,7,0,1,0,0,0,0,2,1,5,1,72,10,-1,-1,-1,-1,9,1,E01008448,0
Unvalidated,2024101432870,2024,101432870,1,9,0,18,5,1,0,0,0,0,0,0,1,1,6,1,35,6,-1,-1,-1,-1,9,1,E01027521,0
Unvalidated,2024101432870,2024,101432870,2,1,0,18,5,1,0,0,0,0,1,0,2,1,6,1,51,8,-1,-1,-1,-1,-1,-1,-1,0
Unvalidated,2024101432871,2024,101432871,1,19,0,18,3,7,0,8,0,0,0,0,1,1,5,1,70,10,-1,-1,-1,-1,10,1,E01008275,0
Unvalidated,2024101432893,2024,101432893,1,9,0,5,3,5,0,0,0,0,0,0,1,2,6,1,-1,-1,-1,-1,-1,-1,-1,-1,-1,0
Unvalidated,2024101432893,2024,101432893,2,9,0,5,3,5,0,0,0,0,0,0,2,1,5,1,63,9,-1,-1,-1,-1,7,1,E01008552,0
Unvalidated,2024101432936,2024,101432936,1,9,0,5,5,1,0,1,0,0,0,0,1,1,5,2,47,8,-1,-1,-1,-1,10,1,E01020717,0
Unvalidated,2024101432979,2024,101432979,1,9,0,9,1,5,0,6,0,0,0,0,1,1,2,2,20,4,-1,-1,-1,-1,9,1,E01008501,0
Unvalidated,2024101432979,2024,101432979,2,9,0,18,7,3,0,1,0,0,0,0,4,1,6,2,41,7,-1,-1,-1,-1,9,1,E01008501,0
Unvalidated,2024101432994,2024,101432994,1,9,0,18,7,3,0,1,0,0,0,0,1,1,5,1,75,10,-1,-1,-1,-1,1,1,E01008348,0
Unvalidated,2024101433097,2024,101433097,1,9,0,18,6,2,0,0,0,0,0,0,1,1,6,1,-1,-1,-1,-1,-1,-1,-1,-1,-1,0
Unvalidated,2024101433097,2024,101433097,2,9,0,10,6,5,0,0,0,0,0,0,2,1,6,2,47,8,-1,-1,-1,-1,5,1,E01008554,0
Unvalidated,2024101433290,2024,101433290,1,9,0,18,3,7,0,1,0,0,0,0,1,1,6,3,-1,-1,-1,-1,-1,-1,-1,-1,-1,0
Unvalidated,2024101433290,2024,101433290,2,9,0,18,1,5,0,1,1,0,7,4,1,1,5,2,44,7,-1,-1,-1,-1,-1,-1,-1,0
Unvalidated,2024101433357,2024,101433357,1,1,0,18,1,5,0,8,1,0,0,0,1,1,6,1,10,2,-1,-1,-1,-1,1,1,E01008380,0
Unvalidated,2024101433357,2024,101433357,2,9,0,8,7,5,0,1,0,0,0,0,3,1,6,2,37,7,-1,-1,-1,-1,2,1,E01008460,0
Unvalidated,2024101433405,2024,101433405,1,98,1,18,1,5,0,8,0,0,0,0,1,1,1,1,-1,-1,-1,-1,-1,-1,4,3,E01019340,0
Unvalidated,2024101433405,2024,101433405,2,9,0,3,1,5,0,8,0,0,0,0,2,1,6,2,63,9,-1,-1,-1,-1,8,1,E01008642,0
Unvalidated,2024101433447,2024,101433447,1,9,0,18,1,5,0,8,0,0,0,0,1,1,6,1,30,6,-1,-1,-1,-1,-1,-1,-1,0
Unvalidated,2024101433447,2024,101433447,2,9,0,18,3,7,0,8,1,0,0,0,4,1,1,1,29,6,-1,-1,-1,-1,9,1,E01008283,0
Unvalidated,2024101433520,2024,101433520,1,9,0,3,8,4,0,1,0,0,0,0,1,1,6,2,56,9,-1,-1,-1,-1,4,1,E01008211,0
Unvalidated,2024101433520,2024,101433520,2,9,0,8,2,4,0,6,0,0,0,0,1,1,6,1,62,9,-1,-1,-1,-1,2,1,E01008457,0
Unvalidated,2024101433520,2024,101433520,3,8,0,9,4,2,0,5,0,0,0,0,3,1,6,1,34,6,-1,-1,-1,-1,-1,-1,-1,0
Unvalidated,2024101433548,2024,101433548,1,9,0,18,1,5,0,8,5,0,3,0,1,1,6,1,33,6,-1,-1,-1,-1,10,1,E01008550,0
Unvalidated,2024101433699,2024,101433699,1,9,0,9,4,1,0,2,0,0,0,0,3,1,5,1,20,4,-1,-1,-1,-1,-1,-1,-1,0
Unvalidated,2024101433699,2024,101433699,2,8,0,18,1,5,0,1,0,0,0,0,1,1,1,1,33,6,-1,-1,-1,-1,-1,-1,-1,0
Unvalidated,2024101433752,2024,101433752,1,9,0,1,1,5,0,1,0,0,0,0,2,1,6,2,40,7,-1,-1,-1,-1,6,1,E01008685,0
Unvalidated,2024101433752,2024,101433752,2,9,0,18,7,3,0,1,0,0,0,0,4,1,6,1,68,10,-1,-1,-1,-1,5,1,E01008686,0
Unvalidated,2024101433783,2024,101433783,1,9,0,18,3,7,0,1,0,0,0,0,4,1,1,1,54,8,-1,-1,-1,-1,-1,-1,-1,0
Unvalidated,2024101433783,2024,101433783,2,1,0,18,3,7,0,1,0,0,0,0,3,1,2,1,37,7,-1,-1,-1,-1,8,1,E01008370,0
Unvalidated,2024101433801,2024,101433801,1,9,0,1,5,1,0,0,0,0,0,0,2,1,6,2,46,8,-1,-1,-1,-1,6,1,E01008195,0
Unvalidated,2024101434024,2024,101434024,1,9,0,4,1,5,0,1,0,0,0,0,1,1,6,3,-1,-1,-1,-1,-1,-1,-1,-1,-1,0
Unvalidated,2024101434024,2024,101434024,2,9,0,3,1,5,0,1,0,0,0,0,2,1,6,2,63,9,-1,-1,-1,-1,2,1,E01008334,0
Unvalidated,2024101434034,2024,101434034,1,9,0,5,7,3,0,1,0,0,0,0,1,1,6,1,26,6,-1,-1,-1,-1,-1,-1,-1,0
Unvalidated,2024101434034,2024,101434034,2,19,0,4,5,1,0,1,0,0,0,0,4,1,1,1,32,6,-1,-1,-1,-1,2,1,E01008301,0
Unvalidated,2024101434074,2024,101434074,1,5,0,18,5,1,4,0,0,0,7,0,1,1,5,1,34,6,-1,-1,-1,-1,-1,-1,-1,0
Unvalidated,2024101434074,2024,101434074,2,9,0,18,1,5,0,0,0,0,0,0,1,1,5,2,66,10,-1,-1,-1,-1,-1,-1,-1,0
Unvalidated,2024101434085,2024,101434085,1,9,0,18,7,3,0,1,0,0,0,0,3,1,6,2,39,7,-1,-1,-1,-1,2,1,E01008173,0
Unvalidated,2024101434287,2024,101434287,1,9,0,18,4,6,0,8,0,0,0,0,1,1,6,1,51,8,-1,-1,-1,-1,4,1,E01008766,0
Unvalidated,2024101434287,2024,101434287,2,9,0,3,4,6,0,8,0,0,0,0,2,1,6,1,34,6,-1,-1,-1,-1,2,2,E01020793,0
Unvalidated,2024101434343,2024,101434343,1,19,0,2,3,6,0,2,0,11,0,0,2,1,5,1,30,6,-1,-1,-1,-1,2,1,E01008189,0
Unvalidated,2024101434479,2024,101434479,1,3,0,18,1,5,0,0,2,0,0,0,4,1,6,1,41,7,-1,-1,-1,-1,-1,-1,-1,0
Unvalidated,2024101434562,2024,101434562,1,9,0,4,7,3,0,0,0,0,0,0,2,1,6,2,58,9,-1,-1,-1,-1,9,1,E01008526,0
Unvalidated,2024101434562,2024,101434562,2,9,0,18,7,3,0,0,0,0,0,0,2,1,6,1,31,6,-1,-1,-1,-1,9,1,E01008501,0
Unvalidated,2024101434562,2024,101434562,3,9,0,18,7,3,0,0,0,0,0,0,1,1,1,1,25,5,-1,-1,-1,-1,10,1,E01008547,0
Unvalidated,2024101434697,2024,101434697,1,9,0,7,1,5,0,4,0,0,0,0,3,1,5,2,58,9,-1,-1,-1,-1,2,1,E01008860,0
Unvalidated,2024101434697,2024,101434697,2,9,0,18,7,3,0,3,0,0,0,0,3,1,1,1,28,6,-1,-1,-1,-1,1,1,E01011973,0
Unvalidated,2024101434742,2024,101434742,1,9,0,4,1,5,0,1,0,0,0,0,1,1,2,1,25,5,-1,-1,-1,-1,-1,-1,-1,0
Unvalidated,2024101434742,2024,101434742,2,8,0,3,1,5,0,1,0,0,0,0,2,1,1,1,45,7,-1,-1,-1,-1,1,1,E01011955,0
Unvalidated,2024101434742,2024,101434742,3,98,0,3,1,5,0,1,0,0,0,0,2,1,1,1,54,8,-1,-1,-1,-1,3,1,E01008715,0
Unvalidated,2024101434758,2024,101434758,1,97,0,18,1,5,0,8,0,0,0,0,1,1,6,1,-1,-1,-1,-1,-1,-1,-1,-1,-1,0
Unvalidated,2024101434758,2024,101434758,2,11,0,18,6,2,0,8,0,0,0,0,1,1,1,1,58,9,-1,-1,-1,-1,5,1,E01008490,0
Unvalidated,2024101434886,2024,101434886,1,9,0,18,5,2,0,3,0,0,0,0,1,1,6,2,32,6,-1,-1,-1,-1,5,1,E01008246,0
Unvalidated,2024101434886,2024,101434886,2,9,0,18,3,7,0,4,0,0,0,0,1,1,2,1,58,9,-1,-1,-1,-1,5,1,E01027500,0
Unvalidated,2024101434913,2024,101434913,1,11,0,18,1,5,0,1,0,0,0,0,1,1,1,1,59,9,-1,-1,-1,-1,6,1,E01008467,0
Unvalidated,2024101434926,2024,101434926,1,9,0,9,7,3,0,8,0,0,0,0,1,1,2,1,18,4,-1,-1,-1,-1,2,1,E01008613,0
Unvalidated,2024101434926,2024,101434926,2,9,0,18,3,7,0,8,0,0,0,0,3,1,5,2,40,7,-1,-1,-1,-1,10,1,E01008523,0
Unvalidated,2024101435304,2024,101435304,1,11,0,18,1,5,0,0,0,0,0,0,4,1,1,1,45,7,-1,-1,-1,-1,2,2,E01008480,0
Unvalidated,2024101435304,2024,101435304,2,1,0,5,3,7,0,0,0,0,0,0,1,1,6,1,12,3,-1,-1,-1,-1,6,2,E01027419,0
Unvalidated,2024101435558,2024,101435558,1,19,0,7,4,8,0,8,0,0,0,0,4,1,6,3,-1,-1,-1,-1,-1,-1,-1,-1,-1,0
Unvalidated,2024101435558,2024,101435558,2,1,0,18,4,1,0,8,0,0,0,0,3,1,6,1,28,6,-1,-1,-1,-1,3,1,E01008598,0
Unvalidated,2024101435945,2024,101435945,1,19,0,18,3,8,0,1,0,0,0,0,4,1,1,1,45,7,-1,-1,-1,-1,1,1,E01027412,0
Unvalidated,2024101435945,2024,101435945,2,9,0,3,8,7,0,1,0,0,0,0,3,1,5,1,41,7,-1,-1,-1,-1,10,1,E01008784,0
Unvalidated,2024101436000,2024,101436000,1,9,0,13,4,8,0,8,0,0,0,0,1,1,5,1,32,6,-1,-1,-1,-1,6,1,-1,0
Unvalidated,2024101436000,2024,101436000,2,9,0,9,4,8,0,8,0,0,7,0,2,1,5,2,45,7,-1,-1,-1,-1,8,2,E01027750,0
Unvalidated,2024101436013,2024,101436013,1,9,0,3,1,5,0,0,0,0,0,0,1,1,2,2,35,6,-1,-1,-1,-1,5,1,E01008811,0
Unvalidated,2024101436013,2024,101436013,2,9,0,10,1,7,0,0,0,0,0,0,2,1,2,2,45,7,-1,-1,-1,-1,6,1,E01008758,0
Unvalidated,2024101436035,2024,101436035,1,9,0,18,2,6,0,1,0,0,0,0,4,1,6,1,60,9,-1,-1,-1,-1,-1,-1,-1,0
Unvalidated,2024101436035,2024,101436035,2,9,0,2,7,3,0,1,0,0,0,0,4,1,5,2,64,9,-1,-1,-1,-1,4,2,E01008578,0
Unvalidated,2024101436303,2024,101436303,1,1,0,18,2,5,0,1,0,0,0,0,1,1,3,1,11,3,-1,-1,-1,-1,5,1,E01008675,0
Unvalidated,2024101436303,2024,101436303,2,9,0,18,6,2,0,1,0,0,0,0,1,1,5,1,30,6,-1,-1,-1,-1,5,1,E01008648,0
Unvalidated,2024101436374,2024,101436374,1,5,0,18,2,6,0,0,2,10,1,11,1,1,6,1,37,7,-1,-1,-1,-1,1,1,E01008746,0
Unvalidated,2024101436374,2024,101436374,2,4,0,18,2,6,0,0,0,0,0,0,0,1,5,1,43,7,-1,-1,-1,-1,-1,-1,-1,0
Unvalidated,2024101436518,2024,101436518,1,9,0,18,4,8,0,0,0,0,1,0,1,1,6,1,57,9,-1,-1,-1,-1,9,2,E01033714,0
Unvalidated,2024101436518,2024,101436518,2,9,0,18,1,5,0,0,0,0,1,0,1,1,1,1,51,8,-1,-1,-1,-1,-1,-1,-1,0
Unvalidated,2024101436581,2024,101436581,1,9,0,18,7,3,0,0,0,0,0,0,1,1,6,1,-1,-1,-1,-1,-1,-1,-1,-1,-1,0
Unvalidated,2024101436581,2024,101436581,2,9,0,3,7,3,0,0,0,0,0,0,2,1,6,1,49,8,-1,-1,-1,-1,1,1,E01008291,0
Unvalidated,2024101436622,2024,101436622,1,98,0,18,5,1,0,0,0,0,0,0,1,1,2,3,-1,-1,-1,-1,-1,-1,-1,-1,-1,0
Unvalidated,2024101436622,2024,101436622,2,9,0,18,5,1,0,0,1,0,0,0,4,1,6,2,22,5,-1,-1,-1,-1,6,1,E01008869,0
Unvalidated,2024101436709,2024,101436709,1,5,0,13,1,5,0,0,1,0,1,0,1,1,5,1,59,9,-1,-1,-1,-1,4,1,E01008532,0
Unvalidated,2024101436709,2024,101436709,2,9,0,18,5,1,0,0,0,0,0,0,1,1,6,1,60,9,-1,-1,-1,-1,6,3,E01027371,0
Unvalidated,2024101436709,2024,101436709,3,9,0,18,1,5,0,0,0,0,0,0,0,1,2,1,59,9,-1,-1,-1,-1,9,1,E01020611,0
Unvalidated,2024101436830,2024,101436830,1,9,0,18,3,7,0,0,0,0,0,0,1,1,6,2,20,4,-1,-1,-1,-1,-1,-1,-1,0
Unvalidated,2024101436895,2024,101436895,1,23,0,18,3,7,0,-1,0,4,0,0,1,1,6,1,-1,-1,-1,-1,-1,-1,-1,-1,-1,0
Unvalidated,2024101436895,2024,101436895,2,9,0,2,3,7,0,-1,0,0,0,0,2,1,6,3,-1,-1,-1,-1,-1,-1,-1,-1,-1,0
Unvalidated,2024101436943,2024,101436943,1,90,0,18,6,2,0,0,2,0,0,0,1,1,6,1,12,3,-1,-1,-1,-1,-1,-1,-1,1
Unvalidated,2024101437086,2024,101437086,1,9,0,18,3,7,0,8,0,0,0,0,3,1,6,2,60,9,-1,-1,-1,-1,4,1,E01008174,0
Unvalidated,2024101437086,2024,101437086,2,5,0,18,3,7,0,8,0,0,0,0,1,1,6,1,50,8,-1,-1,-1,-1,8,1,E01008801,0
Unvalidated,2024101437091,2024,101437091,1,9,0,15,1,5,0,8,0,0,0,0,3,1,6,3,-1,-1,-1,-1,-1,-1,-1,-1,-1,0
Unvalidated,2024101437091,2024,101437091,2,9,0,9,7,5,0,8,0,0,0,0,4,1,6,1,61,9,-1,-1,-1,-1,4,1,E01008764,0
Unvalidated,2024101437129,2024,101437129,1,9,0,18,1,5,0,0,0,0,0,0,1,1,1,2,24,5,-1,-1,-1,-1,3,1,E01008533,0
Unvalidated,2024101437156,2024,101437156,1,9,0,5,7,3,0,1,0,0,0,0,1,1,5,2,69,10,-1,-1,-1,-1,9,1,E01027410,0
Unvalidated,2024101437156,2024,101437156,2,3,0,18,5,1,0,4,2,0,7,0,4,1,2,1,40,7,-1,-1,-1,-1,2,1,E01008474,0
Unvalidated,2024101437224,2024,101437224,1,9,0,18,1,5,0,0,0,0,0,0,1,2,5,1,37,7,-1,-1,-1,-1,1,1,E01008398,0
Unvalidated,2024101437350,2024,101437350,1,11,0,18,3,7,0,0,0,0,0,0,1,1,6,3,-1,-1,-1,-1,-1,-1,-1,-1,-1,0
Unvalidated,2024101437356,2024,101437356,1,9,0,18,6,2,0,0,0,0,0,0,1,1,6,1,28,6,-1,-1,-1,-1,1,1,E01008606,0
Unvalidated,2024101437356,2024,101437356,2,9,0,18,6,2,0,0,0,0,0,0,2,1,1,1,32,6,-1,-1,-1,-1,2,1,E01008665,0
Unvalidated,2024101437385,2024,101437385,1,9,0,18,3,7,0,0,0,0,0,0,4,1,6,2,32,6,-1,-1,-1,-1,-1,-1,-1,0
Unvalidated,2024101437446,2024,101437446,1,9,0,7,2,6,0,1,0,0,0,0,1,1,6,3,-1,-1,-1,-1,-1,-1,-1,-1,-1,0
Unvalidated,2024101437467,2024,101437467,1,9,0,18,6,2,0,6,0,0,0,0,1,1,5,1,58,9,-1,-1,-1,-1,7,1,E01008364,0
Unvalidated,2024101437467,2024,101437467,2,1,0,18,5,1,0,8,0,0,0,0,1,1,1,1,53,8,-1,-1,-1,-1,4,2,E01008308,0
Unvalidated,2024101437508,2024,101437508,1,9,0,18,1,5,0,1,0,0,0,0,3,1,5,2,69,10,-1,-1,-1,-1,1,1,E01008304,0
Unvalidated,2024101437701,2024,101437701,1,9,0,-1,-1,-1,-1,-1,-1,-1,-1,0,-1,1,6,3,-1,-1,-1,-1,-1,-1,-1,-1,-1,0
Unvalidated,2024101437701,2024,101437701,2,9,0,18,-1,-1,0,-1,0,0,0,0,-1,1,6,1,43,7,-1,-1,-1,-1,1,1,E01008666,0
Unvalidated,2024101437720,2024,101437720,1,9,0,18,3,7,0,1,0,0,0,0,4,1,2,2,64,9,-1,-1,-1,-1,1,1,E01008425,0
Unvalidated,2024101437766,2024,101437766,1,9,0,18,5,1,0,4,0,0,0,0,1,1,6,1,-1,-1,-1,-1,-1,-1,-1,-1,-1,0
Unvalidated,2024101437766,2024,101437766,2,9,0,18,3,7,0,8,1,0,0,0,4,1,2,1,30,6,-1,-1,-1,-1,2,1,E01008661,0
Unvalidated,2024101437766,2024,101437766,3,9,0,18,5,1,0,4,0,0,0,0,1,1,6,2,39,7,-1,-1,-1,-1,1,1,E01008817,0
Unvalidated,2024101437818,2024,101437818,1,9,0,18,3,7,0,0,0,0,0,0,4,1,6,3,-1,-1,-1,-1,-1,-1,-1,-1,-1,0
Unvalidated,2024101437818,2024,101437818,2,1,0,18,3,7,0,0,5,0,1,0,3,1,6,1,44,7,-1,-1,-1,-1,5,1,E01008855,0
Unvalidated,2024101437916,2024,101437916,1,9,0,7,6,7,0,6,0,0,0,0,1,1,6,3,25,5,-1,-1,-1,-1,-1,-1,-1,0
Unvalidated,2024101437916,2024,101437916,2,9,0,18,3,8,0,8,0,0,0,0,4,1,2,2,42,7,-1,-1,-1,-1,6,1,E01008233,0
Unvalidated,2024101437922,2024,101437922,1,11,0,4,5,1,0,1,0,0,0,0,1,1,1,1,-1,-1,-1,-1,-1,-1,-1,-1,-1,0
Unvalidated,2024101437922,2024,101437922,2,9,0,3,5,7,0,1,0,0,0,0,2,1,5,1,59,9,-1,-1,-1,-1,6,1,E01008352,0
Unvalidated,2024101438116,2024,101438116,1,8,0,4,5,1,0,4,0,0,0,0,1,1,1,1,62,9,-1,-1,-1,-1,2,1,E01008335,0
Unvalidated,2024101438116,2024,101438116,2,8,0,11,3,7,0,3,0,0,0,0,4,1,1,2,53,8,-1,-1,-1,-1,2,1,E01008336,0
Unvalidated,2024101438222,2024,101438222,1,9,-1,18,6,2,0,0,0,0,0,0,1,1,6,3,-1,-1,-1,-1,-1,-1,-1,-1,-1,0
Unvalidated,2024101438222,2024,101438222,2,19,0,5,6,2,0,0,0,0,0,0,2,1,6,1,52,8,-1,-1,-1,-1,2,1,E01027398,0
Unvalidated,2024101438234,2024,101438234,1,8,0,18,3,7,0,8,0,0,0,0,1,1,1,1,49,8,-1,-1,-1,-1,3,1,E01008462,0
Unvalidated,2024101438631,2024,101438631,1,9,0,5,1,5,0,1,0,0,0,0,1,1,2,2,18,4,-1,-1,-1,-1,-1,-1,-1,0
Unvalidated,2024101438668,2024,101438668,1,9,0,18,5,2,0,8,0,0,0,0,1,1,6,2,69,10,-1,-1,-1,-1,2,1,E01008665,0
Unvalidated,2024101438668,2024,101438668,2,8,0,18,1,5,0,8,0,0,0,0,3,1,1,1,35,6,-1,-1,-1,-1,1,1,E01008596,0
Unvalidated,2024101438785,2024,101438785,1,1,0,18,8,4,9,8,5,0,0,0,1,1,1,1,26,6,-1,-1,-1,-1,2,1,E01008252,0
Unvalidated,2024101438785,2024,101438785,2,9,0,5,2,6,0,8,0,0,0,0,1,1,6,1,45,7,-1,-1,-1,-1,2,1,E01008252,0
Unvalidated,2024101439000,2024,101439000,1,9,0,18,4,8,0,0,0,0,1,0,1,1,5,1,65,9,-1,-1,-1,-1,8,2,-1,0
Unvalidated,2024101439000,2024,101439000,2,9,0,4,8,4,1,0,5,0,7,0,1,1,5,2,33,6,-1,-1,-1,-1,6,1,-1,0
Unvalidated,2024101439044,2024,101439044,1,9,0,18,1,5,0,8,0,0,0,0,1,1,6,1,-1,-1,-1,-1,-1,-1,-1,-1,-1,0
Unvalidated,2024101439044,2024,101439044,2,9,0,6,5,3,0,8,0,0,0,0,1,1,5,2,34,6,-1,-1,-1,-1,1,1,E01008332,0
Unvalidated,2024101439055,2024,101439055,1,9,0,3,5,1,0,0,0,0,0,0,1,1,6,2,62,9,-1,-1,-1,-1,1,1,E01008382,0
Unvalidated,2024101439055,2024,101439055,2,9,0,3,3,7,0,0,0,0,0,0,2,1,6,2,45,7,-1,-1,-1,-1,-1,-1,-1,0
Unvalidated,2024101439072,2024,101439072,1,23,0,18,5,1,0,0,0,0,0,0,1,1,6,1,30,6,-1,-1,-1,-1,-1,-1,-1,0
Unvalidated,2024101439072,2024,101439072,2,9,0,18,1,5,0,0,0,0,0,0,1,1,5,2,43,7,-1,-1,-1,-1,-1,-1,-1,0
Unvalidated,2024101439083,2024,101439083,1,19,-1,1,3,7,0,0,0,0,0,0,2,1,6,1,-1,-1,-1,-1,-1,-1,-1,-1,-1,0
Unvalidated,2024101439083,2024,101439083,2,9,-1,4,3,7,0,0,0,0,0,0,4,1,5,1,24,5,-1,-1,-1,-1,2,1,E01008301,0
Unvalidated,2024101439154,2024,101439154,1,8,0,9,1,5,5,5,0,0,7,0,1,1,1,1,42,7,-1,-1,-1,-1,1,1,E01008438,0
Unvalidated,2024101439233,2024,101439233,1,9,0,18,2,6,0,5,0,0,0,0,1,1,6,3,-1,-1,-1,-1,-1,-1,-1,-1,-1,0
Unvalidated,2024101439340,2024,101439340,1,9,0,18,7,3,0,0,0,9,3,0,1,2,6,2,83,11,-1,-1,-1,-1,10,1,E01027401,0
Unvalidated,2024101439340,2024,101439340,2,9,0,18,1,7,0,0,0,0,7,0,4,2,5,1,75,10,-1,-1,-1,-1,10,1,E01027403,0
Unvalidated,2024101439508,2024,101439508,1,9,0,18,8,5,0,0,2,0,0,0,1,1,5,1,21,5,-1,-1,-1,-1,6,3,E01027479,0
Unvalidated,2024101439522,2024,101439522,1,9,0,18,5,1,0,1,5,0,0,0,4,1,5,1,37,7,-1,-1,-1,-1,1,1,E01033075,0
Unvalidated,2024101439522,2024,101439522,2,9,0,18,7,3,0,8,0,0,0,0,1,1,5,1,44,7,-1,-1,-1,-1,2,1,E01008828,0
Unvalidated,2024101439598,2024,101439598,1,9,0,9,7,5,0,0,0,0,0,0,1,1,6,1,-1,-1,-1,-1,-1,-1,-1,-1,-1,0
Unvalidated,2024101439598,2024,101439598,2,9,0,18,7,3,0,0,0,0,0,0,4,1,5,1,36,7,-1,-1,-1,-1,3,1,E01008222,0
Unvalidated,2024101439864,2024,101439864,1,97,0,13,7,3,0,1,0,0,0,0,1,1,1,1,30,6,-1,-1,-1,-1,9,1,E01008200,0
Unvalidated,2024101439864,2024,101439864,2,9,0,9,7,5,0,5,0,0,0,0,3,1,2,2,26,6,-1,-1,-1,-1,-1,-1,-1,0
Unvalidated,2024101439896,2024,101439896,1,9,0,18,1,5,0,0,0,0,0,0,1,1,5,1,30,6,-1,-1,-1,-1,1,1,E01008609,0
Unvalidated,2024101439896,2024,101439896,2,9,0,3,1,5,0,0,0,0,0,0,2,1,2,2,50,8,-1,-1,-1,-1,1,1,E01008604,0
Unvalidated,2024101439912,2024,101439912,1,11,0,7,7,1,0,0,0,0,1,11,4,1,1,1,32,6,-1,-1,-1,-1,7,1,E01008465,0
Unvalidated,2024101439938,2024,101439938,1,9,0,9,3,3,0,1,5,4,0,0,3,1,6,1,38,7,-1,-1,-1,-1,1,1,E01008201,0
Unvalidated,2024101439938,2024,101439938,2,9,0,18,1,1,0,1,0,0,0,0,1,1,6,2,35,6,-1,-1,-1,-1,7,3,E01008273,0
Unvalidated,2024101439946,2024,101439946,1,9,0,4,5,1,9,0,0,0,0,0,1,1,5,2,51,8,-1,-1,-1,-1,9,1,E01008799,0
Unvalidated,2024101439962,2024,101439962,1,9,0,18,6,2,0,0,0,0,0,0,1,1,6,2,41,7,-1,-1,-1,-1,-1,-1,-1,0
Unvalidated,2024101439967,2024,101439967,1,90,0,18,3,7,0,1,2,0,0,0,1,1,6,1,-1,-1,-1,-1,-1,-1,-1,-1,-1,1
Unvalidated,2024101439967,2024,101439967,2,9,0,5,5,1,0,1,0,0,0,0,3,1,6,1,51,8,-1,-1,-1,-1,-1,1,-1,0
Unvalidated,2024101440108,2024,101440108,1,21,1,12,3,7,0,0,0,0,0,0,0,1,1,1,54,8,-1,-1,-1,-1,2,1,E01008285,0
Unvalidated,2024101440108,2024,101440108,2,3,0,18,3,7,0,0,0,0,4,0,0,1,5,1,19,4,-1,-1,-1,-1,4,1,E01020614,0
Unvalidated,2024101440121,2024,101440121,1,19,0,5,5,1,0,0,0,0,0,0,1,1,1,1,52,8,-1,-1,-1,-1,2,1,E01008853,0
Unvalidated,2024101440121,2024,101440121,2,19,0,3,5,1,0,0,0,0,0,0,2,1,1,1,49,8,-1,-1,-1,-1,1,1,E01033547,0
Unvalidated,2024101440123,2024,101440123,1,19,0,4,1,5,0,8,0,0,0,0,1,1,6,1,35,6,-1,-1,-1,-1,-1,-1,-1,0
Unvalidated,2024101440123,2024,101440123,2,19,0,9,8,3,0,8,0,0,0,0,2,1,5,1,42,7,-1,-1,-1,-1,1,1,E01008823,0
Unvalidated,2024101440133,2024,101440133,1,9,0,5,5,1,9,6,0,0,0,0,1,1,1,1,62,9,-1,-1,-1,-1,1,1,E01008841,0
Unvalidated,2024101440133,2024,101440133,2,1,0,7,3,7,0,1,2,0,0,0,1,1,6,1,42,7,-1,-1,-1,-1,2,1,E01008698,0
Unvalidated,2024101440183,2024,101440183,1,19,0,4,4,8,0,0,0,0,0,0,1,1,1,1,35,6,-1,-1,-1,-1,-1,-1,-1,0
Unvalidated,2024101440183,2024,101440183,2,1,0,18,6,2,0,0,0,0,0,0,3,1,5,1,7,2,-1,-1,-1,-1,1,1,E01008858,0
Unvalidated,2024101440230,2024,101440230,1,9,0,1,5,3,0,1,0,0,0,0,2,1,6,2,40,7,-1,-1,-1,-1,-1,-1,-1,0