status,collision_index,collision_year,collision_reference,vehicle_reference,vehicle_type,towing_and_articulation,vehicle_manoeuvre,vehicle_direction_from,vehicle_direction_to,vehicle_location_restricted_lane,junction_location,skidding_and_overturning,hit_object_in_carriageway,vehicle_leaving_carriageway,hit_object_off_carriageway,first_point_of_impact,vehicle_left_hand_drive,journey_purpose_of_driver,sex_of_driver,age_of_driver,age_band_of_driver,engine_capacity_cc,propulsion_code,age_of_vehicle,generic_make_model,driver_imd_decile,driver_home_area_type,lsoa_of_driver,escooter_flag
Unvalidated,2024101440279,2024,101440279,1,97,0,18,5,1,0,8,0,0,0,0,1,1,6,3,18,4,-1,-1,-1,-1,-1,-1,-1,0
Unvalidated,2024101440279,2024,101440279,2,97,0,18,5,1,0,8,0,0,0,0,1,1,6,3,18,4,-1,-1,-1,-1,-1,-1,-1,0
Unvalidated,2024101440279,2024,101440279,3,9,0,18,7,3,0,8,0,0,0,0,3,1,5,2,30,6,-1,-1,-1,-1,3,1,E01008462,0
Unvalidated,2024101440431,2024,101440431,1,9,0,4,3,2,0,0,0,0,0,0,2,1,5,2,46,8,-1,-1,-1,-1,-1,-1,-1,0
Unvalidated,2024101440431,2024,101440431,2,9,0,13,3,2,0,0,0,0,0,0,1,1,6,3,-1,-1,-1,-1,-1,-1,-1,-1,-1,0
Unvalidated,2024101440449,2024,101440449,1,1,-1,18,3,7,9,8,0,0,0,0,1,1,6,1,37,7,-1,-1,-1,-1,1,1,E01008392,0
Unvalidated,2024101440449,2024,101440449,2,9,-1,3,5,1,0,1,0,0,0,0,3,1,6,1,54,8,-1,-1,-1,-1,7,1,E01008465,0
Unvalidated,2024101440528,2024,101440528,1,11,0,18,7,3,0,1,0,0,0,0,1,1,1,1,25,5,-1,-1,-1,-1,4,2,E01027433,0
Unvalidated,2024101440676,2024,101440676,1,9,0,18,5,1,0,1,0,0,0,0,1,1,5,1,31,6,-1,-1,-1,-1,7,1,E01027428,0
Unvalidated,2024101440676,2024,101440676,2,9,0,3,6,1,0,1,0,0,0,0,2,1,5,2,24,5,-1,-1,-1,-1,2,1,E01027427,0
Unvalidated,2024101440737,2024,101440737,1,9,-1,18,1,5,0,8,0,0,0,0,0,1,6,3,-1,-1,-1,-1,-1,-1,-1,-1,-1,0
Unvalidated,2024101440737,2024,101440737,2,9,0,18,3,7,0,8,0,0,1,0,4,1,6,1,57,9,-1,-1,-1,-1,1,1,E01008733,0
Unvalidated,2024101440822,2024,101440822,1,9,0,18,5,1,0,0,0,0,1,11,4,1,5,1,47,8,-1,-1,-1,-1,4,1,E01020651,0
Unvalidated,2024101440874,2024,101440874,1,9,0,5,3,1,0,0,1,0,1,0,2,1,6,2,65,9,-1,-1,-1,-1,8,2,E01033717,0
Unvalidated,2024101440874,2024,101440874,2,90,4,18,5,1,0,0,0,0,0,0,1,1,5,1,78,11,-1,-1,-1,-1,10,3,E01030476,0
Unvalidated,2024101440905,2024,101440905,1,9,0,9,6,4,0,8,0,0,0,0,1,1,6,1,27,6,-1,-1,-1,-1,2,1,E01008633,0
Unvalidated,2024101440905,2024,101440905,2,1,0,18,8,6,0,1,0,0,0,0,1,1,5,1,65,9,-1,-1,-1,-1,1,1,E01008689,0
Unvalidated,2024101441002,2024,101441002,1,9,0,18,3,7,0,0,0,0,0,0,4,1,6,2,-1,-1,-1,-1,-1,-1,-1,-1,-1,0
Unvalidated,2024101441002,2024,101441002,2,1,0,18,7,3,0,0,5,0,0,0,4,1,5,1,11,3,-1,-1,-1,-1,1,1,E01008610,0
Unvalidated,2024101441105,2024,101441105,1,9,0,9,1,7,0,8,0,0,0,0,1,1,2,1,47,8,-1,-1,-1,-1,1,1,E01008540,0
Unvalidated,2024101441105,2024,101441105,2,1,0,10,7,5,0,1,5,0,0,0,4,1,6,1,59,9,-1,-1,-1,-1,1,1,E01027392,0
Unvalidated,2024101441260,2024,101441260,1,9,0,9,1,5,0,2,0,0,0,0,1,1,6,2,19,4,-1,-1,-1,-1,1,1,E01027412,0
Unvalidated,2024101441260,2024,101441260,2,9,0,18,3,7,0,1,0,0,0,0,3,1,5,1,31,6,-1,-1,-1,-1,-1,1,-1,0
Unvalidated,2024101441443,2024,101441443,1,98,0,18,3,7,0,0,0,0,0,0,1,1,5,1,23,5,-1,-1,-1,-1,6,2,E01027487,0
Unvalidated,2024101441443,2024,101441443,2,9,0,18,3,7,0,0,0,0,0,0,1,2,5,1,20,4,-1,-1,-1,-1,-1,-1,-1,0
Unvalidated,2024101441454,2024,101441454,1,19,0,18,1,5,0,1,0,0,0,0,1,1,6,3,75,10,-1,-1,-1,-1,-1,-1,-1,0
Unvalidated,2024101441454,2024,101441454,2,9,0,4,1,5,0,8,0,0,1,0,2,1,6,2,49,8,-1,-1,-1,-1,8,1,E01008278,0
Unvalidated,2024101441469,2024,101441469,1,9,0,12,7,3,0,1,0,0,0,0,3,1,6,1,51,8,-1,-1,-1,-1,9,1,E01008368,0
Unvalidated,2024101441469,2024,101441469,2,8,0,18,7,3,0,1,0,0,0,0,1,1,6,2,34,6,-1,-1,-1,-1,1,1,E01008709,0
Unvalidated,2024101441702,2024,101441702,1,9,0,18,4,8,0,1,0,0,0,0,1,1,1,1,44,7,-1,-1,-1,-1,1,1,E01008438,0
Unvalidated,2024101441725,2024,101441725,1,97,0,18,7,3,0,2,2,0,0,0,1,1,5,1,21,5,-1,-1,-1,-1,1,1,E01008485,0
Unvalidated,2024101441726,2024,101441726,1,5,0,18,4,1,0,1,0,0,7,0,1,1,6,1,75,10,-1,-1,-1,-1,5,3,E01027445,0
Unvalidated,2024101441726,2024,101441726,2,9,0,9,5,2,0,5,0,0,0,0,3,1,5,1,59,9,-1,-1,-1,-1,5,2,E01020620,0
Unvalidated,2024101441737,2024,101441737,1,9,0,18,5,8,0,0,0,0,0,0,1,1,6,2,40,7,-1,-1,-1,-1,2,1,E01008481,0
Unvalidated,2024101441737,2024,101441737,2,1,0,18,7,2,0,0,0,0,0,0,2,1,5,1,44,7,-1,-1,-1,-1,5,1,E01008535,0
Unvalidated,2024101441815,2024,101441815,1,9,0,1,1,1,0,0,0,0,0,0,3,1,1,1,57,9,-1,-1,-1,-1,9,1,E01008367,0
Unvalidated,2024101442003,2024,101442003,1,1,0,18,2,6,0,8,5,0,0,0,1,1,6,1,-1,-1,-1,-1,-1,-1,-1,-1,-1,0
Unvalidated,2024101442003,2024,101442003,2,9,0,18,4,8,0,8,0,0,0,0,3,1,6,2,34,6,-1,-1,-1,-1,4,1,E01008255,0
Unvalidated,2024101442091,2024,101442091,1,1,0,18,1,5,9,8,0,0,0,0,1,1,6,1,-1,-1,-1,-1,-1,-1,-1,-1,-1,0
Unvalidated,2024101442108,2024,101442108,1,9,0,12,5,1,0,0,0,0,0,0,1,1,1,1,23,5,-1,-1,-1,-1,2,1,E01008336,0
Unvalidated,2024101442108,2024,101442108,2,9,0,3,5,1,0,0,0,0,0,0,2,1,1,1,41,7,-1,-1,-1,-1,2,1,E01008571,0
Unvalidated,2024101442111,2024,101442111,1,9,0,18,4,8,0,0,0,0,0,0,1,1,6,1,37,7,-1,-1,-1,-1,5,3,E01020604,0
Unvalidated,2024101442111,2024,101442111,2,9,0,18,4,8,0,0,0,0,0,0,2,1,6,2,30,6,-1,-1,-1,-1,1,1,E01008415,0
Unvalidated,2024101442111,2024,101442111,3,9,0,18,4,8,0,0,0,0,0,0,2,1,6,3,-1,-1,-1,-1,-1,-1,-1,-1,-1,0
Unvalidated,2024101442447,2024,101442447,1,9,0,9,3,1,0,8,0,0,0,0,4,2,2,2,32,6,-1,-1,-1,-1,9,1,E01008782,0
Unvalidated,2024101442447,2024,101442447,2,9,0,18,7,3,0,8,0,0,0,0,1,2,2,2,38,7,-1,-1,-1,-1,-1,-1,-1,0
Unvalidated,2024101442670,2024,101442670,1,9,0,18,7,3,0,0,0,0,1,0,1,1,5,1,19,4,-1,-1,-1,-1,1,1,E01027412,0
Unvalidated,2024101442670,2024,101442670,2,1,0,18,7,3,0,0,0,0,0,0,2,1,6,1,53,8,-1,-1,-1,-1,2,1,E01008477,0
Unvalidated,2024101442697,2024,101442697,1,1,0,7,4,8,0,0,5,10,5,0,1,1,6,1,-1,-1,-1,-1,-1,-1,-1,-1,-1,0
Unvalidated,2024101442697,2024,101442697,2,9,0,7,4,8,0,0,0,0,0,0,0,1,2,1,63,9,-1,-1,-1,-1,4,1,E01008471,0
Unvalidated,2024101442736,2024,101442736,1,9,0,18,4,8,0,0,0,0,0,0,1,1,1,1,38,7,-1,-1,-1,-1,1,1,E01012001,0
Unvalidated,2024101442736,2024,101442736,2,11,0,18,4,8,0,0,0,0,0,0,2,1,1,1,64,9,-1,-1,-1,-1,-1,-1,-1,0
Unvalidated,2024101442751,2024,101442751,1,9,0,18,5,1,0,0,0,0,0,0,4,1,6,2,24,5,-1,-1,-1,-1,-1,-1,-1,0
Unvalidated,2024101442782,2024,101442782,1,9,0,1,5,1,0,0,0,0,0,0,2,1,6,3,-1,-1,-1,-1,-1,-1,-1,-1,-1,0
Unvalidated,2024101442782,2024,101442782,2,9,0,18,1,5,0,0,0,0,0,0,1,1,5,2,-1,-1,-1,-1,-1,-1,2,1,E01008813,0
Unvalidated,2024101442792,2024,101442792,1,9,0,18,4,8,0,0,0,0,0,0,1,1,6,3,-1,-1,-1,-1,-1,-1,-1,-1,-1,0
Unvalidated,2024101442792,2024,101442792,2,9,0,18,8,4,0,0,0,0,0,0,1,1,6,1,37,7,-1,-1,-1,-1,2,1,E01008690,0
Unvalidated,2024101442801,2024,101442801,1,9,0,4,5,1,0,0,0,0,0,0,4,1,5,1,78,11,-1,-1,-1,-1,8,1,E01008531,0
Unvalidated,2024101442817,2024,101442817,1,19,0,18,5,1,0,8,0,0,0,0,1,1,6,1,49,8,-1,-1,-1,-1,2,1,E01008590,0
Unvalidated,2024101442817,2024,101442817,2,9,0,18,5,1,0,8,0,0,0,0,2,1,6,2,60,9,-1,-1,-1,-1,2,1,E01008613,0
Unvalidated,2024101442826,2024,101442826,1,9,0,4,8,4,0,0,0,0,0,0,3,1,6,2,44,7,-1,-1,-1,-1,3,1,E01008857,0
Unvalidated,2024101442826,2024,101442826,2,1,0,18,6,2,0,0,0,0,0,0,1,1,6,1,10,2,-1,-1,-1,-1,7,1,E01008856,0
Unvalidated,2024101442841,2024,101442841,1,9,0,18,3,7,6,0,2,0,8,0,4,1,6,1,46,8,-1,-1,-1,-1,5,3,E01027511,0
Unvalidated,2024101442970,2024,101442970,1,9,0,5,1,5,0,1,0,0,0,0,1,1,5,1,30,6,-1,-1,-1,-1,3,1,E01008805,0
Unvalidated,2024101442970,2024,101442970,2,5,0,18,2,6,0,1,0,0,0,0,3,1,5,1,41,7,-1,-1,-1,-1,-1,-1,-1,0
Unvalidated,2024101443356,2024,101443356,1,20,0,18,6,2,0,8,0,0,0,0,1,1,1,1,65,9,-1,-1,-1,-1,3,1,E01008163,0
Unvalidated,2024101443356,2024,101443356,2,9,0,18,6,2,0,2,0,0,0,0,0,1,1,1,36,7,-1,-1,-1,-1,4,1,E01008640,0
Unvalidated,2024101443455,2024,101443455,1,3,0,13,2,6,0,0,0,0,7,0,1,1,6,1,20,4,-1,-1,-1,-1,-1,-1,-1,0
Unvalidated,2024101443455,2024,101443455,2,9,0,9,6,2,0,0,0,0,0,0,3,2,6,1,57,9,-1,-1,-1,-1,3,2,E01027541,0
Unvalidated,2024101443504,2024,101443504,1,90,0,18,8,4,9,0,5,8,0,0,1,1,6,1,19,4,-1,-1,-1,-1,-1,-1,-1,0
Unvalidated,2024101443504,2024,101443504,2,11,0,2,3,7,0,0,0,0,0,0,1,1,1,1,21,5,-1,-1,-1,-1,10,1,E01027456,0
Unvalidated,2024101443557,2024,101443557,1,19,0,18,5,8,0,8,0,0,0,0,1,1,1,2,34,6,-1,-1,-1,-1,2,1,E01008383,0
Unvalidated,2024101443557,2024,101443557,2,9,0,10,5,2,0,8,0,0,0,0,2,1,2,1,38,7,-1,-1,-1,-1,5,3,E01020695,0
Unvalidated,2024101443609,2024,101443609,1,9,0,14,2,6,0,8,0,0,0,0,1,1,6,2,30,6,-1,-1,-1,-1,7,1,E01008638,0
Unvalidated,2024101443609,2024,101443609,2,9,0,2,6,2,0,8,0,0,0,0,4,1,6,3,-1,-1,-1,-1,-1,-1,-1,-1,-1,0
Unvalidated,2024101443613,2024,101443613,1,9,0,18,8,4,0,0,0,0,0,0,1,1,6,1,-1,-1,-1,-1,-1,-1,-1,-1,-1,0
Unvalidated,2024101443613,2024,101443613,2,9,0,4,2,6,0,0,0,0,0,0,2,1,6,2,29,6,-1,-1,-1,-1,4,3,E01008565,0
Unvalidated,2024101443751,2024,101443751,1,1,0,18,8,4,4,0,1,0,0,0,1,1,5,1,42,7,-1,-1,-1,-1,7,1,E01025048,0
Unvalidated,2024101443751,2024,101443751,2,1,0,18,8,4,4,0,0,0,0,0,0,1,5,2,54,8,-1,-1,-1,-1,6,1,E01017832,0
Unvalidated,2024101443751,2024,101443751,3,1,0,18,8,4,4,0,0,0,0,0,0,1,5,3,-1,-1,-1,-1,-1,-1,-1,-1,-1,0
Unvalidated,2024101443751,2024,101443751,4,1,0,18,4,8,4,0,5,0,0,0,1,1,5,2,-1,-1,-1,-1,-1,-1,9,1,E01020628,0
Unvalidated,2024101443783,2024,101443783,1,19,0,18,5,1,0,1,0,0,0,0,1,1,1,1,43,7,-1,-1,-1,-1,-1,-1,-1,0
Unvalidated,2024101443783,2024,101443783,2,9,0,18,5,1,0,1,0,0,0,0,2,1,6,1,53,8,-1,-1,-1,-1,-1,-1,-1,0
Unvalidated,2024101443783,2024,101443783,3,9,0,4,5,1,0,1,0,0,0,0,2,1,6,2,35,6,-1,-1,-1,-1,-1,-1,-1,0
Unvalidated,2024101443881,2024,101443881,1,9,0,18,5,1,0,0,0,0,0,0,1,1,5,1,59,9,-1,-1,-1,-1,2,1,E01008663,0
Unvalidated,2024101443881,2024,101443881,2,19,0,18,1,5,0,0,0,0,0,0,1,1,5,1,37,7,-1,-1,-1,-1,2,1,E01008663,0
Unvalidated,2024101443946,2024,101443946,1,9,0,18,3,7,0,1,0,0,0,0,4,1,5,1,45,7,-1,-1,-1,-1,-1,-1,-1,0
Unvalidated,2024101443986,2024,101443986,1,90,0,18,3,7,0,0,0,0,0,0,1,1,5,1,13,3,-1,-1,-1,-1,-1,-1,-1,0
Unvalidated,2024101443986,2024,101443986,2,9,0,4,3,1,0,0,0,0,0,0,2,1,2,2,42,7,-1,-1,-1,-1,5,1,E01008470,0
Unvalidated,2024101444138,2024,101444138,1,9,0,10,1,2,0,5,0,0,0,0,2,1,6,1,62,9,-1,-1,-1,-1,8,1,E01008469,0
Unvalidated,2024101444138,2024,101444138,2,9,0,18,1,1,0,1,0,4,0,0,1,1,5,1,34,6,-1,-1,-1,-1,4,3,E01027380,0
Unvalidated,2024101444166,2024,101444166,1,9,0,3,1,5,0,1,0,0,0,0,1,1,6,2,-1,-1,-1,-1,-1,-1,-1,-1,-1,0
Unvalidated,2024101444166,2024,101444166,2,9,0,3,1,5,0,1,0,0,0,0,2,1,6,2,29,6,-1,-1,-1,-1,2,1,E01032650,0
Unvalidated,2024101444196,2024,101444196,1,9,0,4,7,2,0,0,0,0,0,0,4,1,2,1,23,5,-1,-1,-1,-1,3,1,E01008298,0
Unvalidated,2024101444349,2024,101444349,1,9,-1,5,5,1,0,6,-1,-1,-1,0,-1,1,6,2,-1,-1,-1,-1,-1,-1,-1,-1,-1,0
Unvalidated,2024101444349,2024,101444349,2,1,-1,-1,-1,-1,-1,3,-1,-1,-1,0,-1,1,2,2,37,7,-1,-1,-1,-1,1,1,E01008607,0
Unvalidated,2024101444370,2024,101444370,1,1,0,18,3,7,9,0,0,0,0,0,1,1,1,1,28,6,-1,-1,-1,-1,-1,-1,-1,0
Unvalidated,2024101444406,2024,101444406,1,9,0,18,5,1,0,0,0,0,0,0,1,1,6,1,-1,-1,-1,-1,-1,-1,-1,-1,-1,0
Unvalidated,2024101444406,2024,101444406,2,1,0,2,0,0,0,0,0,0,0,0,4,1,5,2,15,3,-1,-1,-1,-1,2,1,E01027397,0
Unvalidated,2024101444420,2024,101444420,1,23,0,18,5,1,0,1,0,0,0,0,1,1,6,1,22,5,-1,-1,-1,-1,2,1,E01008456,0
Unvalidated,2024101444420,2024,101444420,2,9,0,9,1,7,0,1,0,0,0,0,1,1,6,2,54,8,-1,-1,-1,-1,7,1,E01008374,0
Unvalidated,2024101444438,2024,101444438,1,5,0,12,1,5,0,0,0,0,5,6,3,1,6,1,62,9,-1,-1,-1,-1,6,1,E01018736,0
Unvalidated,2024101444438,2024,101444438,2,9,0,18,1,5,0,0,0,0,0,0,4,1,6,1,28,6,-1,-1,-1,-1,5,2,E01027553,0
Unvalidated,2024101444447,2024,101444447,1,97,0,4,5,1,0,1,0,0,0,0,1,1,6,1,-1,-1,-1,-1,-1,-1,-1,-1,-1,0
Unvalidated,2024101444447,2024,101444447,2,9,0,4,5,1,0,1,0,0,0,0,2,1,5,1,47,8,-1,-1,-1,-1,2,1,E01008812,0
Unvalidated,2024101444721,2024,101444721,1,9,0,5,4,2,0,1,0,0,0,0,1,1,5,2,24,5,-1,-1,-1,-1,1,1,E01008593,0
Unvalidated,2024101444723,2024,101444723,1,9,0,4,8,4,0,0,1,0,0,0,3,1,5,2,69,10,-1,-1,-1,-1,7,3,-1,0
Unvalidated,2024101444723,2024,101444723,2,9,0,18,8,4,0,0,1,0,0,0,4,1,5,1,46,8,-1,-1,-1,-1,1,1,E01008388,0
Unvalidated,2024101444728,2024,101444728,1,9,0,18,5,1,0,8,0,0,0,0,1,1,6,2,-1,-1,-1,-1,-1,-1,1,1,E01008756,0
Unvalidated,2024101444728,2024,101444728,2,1,0,18,3,7,0,8,0,0,0,0,1,1,5,1,9,2,-1,-1,-1,-1,1,1,E01008756,0
Unvalidated,2024101444729,2024,101444729,1,9,0,9,5,3,0,8,0,0,0,0,1,1,5,1,28,6,-1,-1,-1,-1,8,1,E01008372,0
Unvalidated,2024101444729,2024,101444729,2,9,0,18,1,5,0,8,0,0,0,0,1,1,5,2,18,4,-1,-1,-1,-1,10,1,E01008472,0
Unvalidated,2024101444783,2024,101444783,1,9,0,18,8,3,0,1,0,0,0,0,1,1,6,3,30,6,-1,-1,-1,-1,-1,-1,-1,0
Unvalidated,2024101444783,2024,101444783,2,9,0,3,7,3,0,1,0,0,0,0,2,1,5,2,42,7,-1,-1,-1,-1,10,1,E01008238,0
Unvalidated,2024101444843,2024,101444843,1,9,0,18,8,4,0,4,0,0,0,0,1,1,6,1,23,5,-1,-1,-1,-1,1,1,E01027426,0
Unvalidated,2024101444843,2024,101444843,2,1,0,5,4,6,0,4,0,0,0,0,2,1,6,1,60,9,-1,-1,-1,-1,3,1,E01027423,0
Unvalidated,2024101445059,2024,101445059,1,19,0,18,3,7,0,6,1,0,0,0,4,1,6,1,32,6,-1,-1,-1,-1,-1,-1,-1,0
Unvalidated,2024101445059,2024,101445059,2,9,0,5,4,6,0,1,0,0,0,0,3,1,6,2,33,6,-1,-1,-1,-1,5,1,E01008686,0
Unvalidated,2024101445247,2024,101445247,1,9,0,18,2,6,0,0,0,0,0,0,1,1,6,1,21,5,-1,-1,-1,-1,-1,-1,-1,0
Unvalidated,2024101445247,2024,101445247,2,9,0,4,2,6,0,0,0,0,0,0,2,1,6,1,28,6,-1,-1,-1,-1,4,1,E01008624,0
Unvalidated,2024101445361,2024,101445361,1,9,0,9,1,5,0,1,0,0,0,0,3,1,5,1,25,5,-1,-1,-1,-1,6,3,E01027483,0
Unvalidated,2024101445361,2024,101445361,2,9,0,7,3,7,0,1,1,0,7,10,1,1,5,2,38,7,-1,-1,-1,-1,10,2,E01027509,0
Unvalidated,2024101445398,2024,101445398,1,9,0,18,5,1,0,5,0,0,0,0,4,1,6,1,32,6,-1,-1,-1,-1,1,1,E01008854,0
Unvalidated,2024101445398,2024,101445398,2,9,0,18,7,3,0,6,0,0,0,0,1,1,6,3,16,4,-1,-1,-1,-1,-1,-1,-1,0
Unvalidated,2024101445467,2024,101445467,1,9,0,18,3,7,0,0,0,0,0,0,1,1,6,3,-1,-1,-1,-1,-1,-1,-1,-1,-1,0
Unvalidated,2024101445467,2024,101445467,2,8,0,3,3,7,0,0,0,0,0,0,2,1,1,1,35,6,-1,-1,-1,-1,2,1,E01008665,0
Unvalidated,2024101445508,2024,101445508,1,9,0,4,-1,-1,0,0,0,0,0,0,-1,1,6,1,24,5,-1,-1,-1,-1,8,1,E01019119,0
Unvalidated,2024101445547,2024,101445547,1,9,0,18,5,1,0,6,0,0,0,0,1,1,1,2,25,5,-1,-1,-1,-1,-1,-1,-1,0
Unvalidated,2024101445547,2024,101445547,2,9,0,3,5,1,0,6,0,0,0,0,2,1,1,1,20,4,-1,-1,-1,-1,-1,-1,-1,0
Unvalidated,2024101445568,2024,101445568,1,9,0,12,6,2,0,8,0,0,0,0,3,1,6,1,60,9,-1,-1,-1,-1,3,1,E01008208,0
Unvalidated,2024101445568,2024,101445568,2,9,0,18,6,2,0,8,0,0,0,0,4,1,6,1,44,7,-1,-1,-1,-1,7,1,E01020601,0
Unvalidated,2024101445602,2024,101445602,1,9,0,14,7,7,0,1,0,0,0,0,0,1,5,2,35,6,-1,-1,-1,-1,2,1,E01008812,0
Unvalidated,2024101445623,2024,101445623,1,9,0,18,7,3,0,0,0,0,1,11,4,1,6,1,36,7,-1,-1,-1,-1,5,1,E01008835,0
Unvalidated,2024101445623,2024,101445623,2,9,0,2,0,0,9,0,0,0,0,0,2,1,6,1,-1,-1,-1,-1,-1,-1,2,1,E01008699,0
Unvalidated,2024101445623,2024,101445623,3,9,0,2,0,0,9,0,0,0,0,0,4,1,6,1,-1,-1,-1,-1,-1,-1,2,1,E01008699,0
Unvalidated,2024101445636,2024,101445636,1,11,0,18,4,8,0,0,0,0,0,0,3,1,1,1,41,7,-1,-1,-1,-1,7,1,E01008850,0
Unvalidated,2024101445818,2024,101445818,1,9,0,18,2,4,0,1,0,0,0,0,1,1,6,2,39,7,-1,-1,-1,-1,1,1,E01008540,0
Unvalidated,2024101445818,2024,101445818,2,9,0,3,2,6,0,1,0,0,0,0,2,1,5,1,68,10,-1,-1,-1,-1,6,1,E01008464,0
Unvalidated,2024101445987,2024,101445987,1,11,0,18,8,4,0,0,0,0,0,0,3,1,1,1,60,9,-1,-1,-1,-1,4,1,E01008404,0
Unvalidated,2024101445987,2024,101445987,2,9,0,3,4,8,0,0,0,0,0,0,2,1,5,1,41,7,-1,-1,-1,-1,1,1,E01008289,0
Unvalidated,2024101446064,2024,101446064,1,1,0,12,1,4,0,6,0,0,0,0,0,1,6,1,25,5,-1,-1,-1,-1,-1,-1,-1,0
Unvalidated,2024101446064,2024,101446064,2,9,0,18,7,4,0,8,0,0,0,0,0,1,5,2,38,7,-1,-1,-1,-1,1,1,E01033075,0
Unvalidated,2024101446165,2024,101446165,1,9,0,18,7,3,9,0,0,0,0,0,4,1,6,2,53,8,-1,-1,-1,-1,4,1,E01008513,0
Unvalidated,2024101446546,2024,101446546,1,9,-1,18,7,3,0,4,0,0,0,0,1,1,6,3,-1,-1,-1,-1,-1,-1,-1,-1,-1,0
Unvalidated,2024101446546,2024,101446546,2,9,0,3,7,3,0,4,0,0,0,0,2,1,6,2,44,7,-1,-1,-1,-1,9,2,E01027463,0
Unvalidated,2024101447136,2024,101447136,1,9,0,1,3,7,0,0,0,0,0,0,2,1,6,3,-1,-1,-1,-1,-1,-1,-1,-1,-1,0
Unvalidated,2024101447166,2024,101447166,1,9,0,4,7,3,0,0,0,0,0,0,1,1,6,1,43,7,-1,-1,-1,-1,6,1,E01008574,0
Unvalidated,2024101447166,2024,101447166,2,9,0,3,7,3,0,0,0,0,0,0,2,1,6,1,65,9,-1,-1,-1,-1,7,1,E01008505,0
Unvalidated,2024101447202,2024,101447202,1,9,0,18,1,5,0,0,0,0,0,0,1,1,5,2,31,6,-1,-1,-1,-1,2,1,E01008697,0
Unvalidated,2024101447221,2024,101447221,1,9,0,11,5,1,0,0,0,0,0,0,4,1,6,1,-1,-1,-1,-1,-1,-1,-1,-1,-1,0
Unvalidated,2024101447221,2024,101447221,2,5,0,18,5,1,0,0,0,0,0,0,3,1,2,1,50,8,-1,-1,-1,-1,9,1,E01027405,0
Unvalidated,2024101447383,2024,101447383,1,9,0,18,3,7,0,0,2,10,8,0,2,1,5,1,19,4,-1,-1,-1,-1,2,1,E01020842,0
Unvalidated,2024101447641,2024,101447641,1,9,0,18,5,1,0,8,0,0,0,0,1,1,6,1,43,7,-1,-1,-1,-1,3,1,E01008208,0
Unvalidated,2024101447762,2024,101447762,1,19,0,18,8,4,0,0,0,0,0,0,1,1,1,1,-1,-1,-1,-1,-1,-1,-1,-1,-1,0
Unvalidated,2024101447762,2024,101447762,2,9,0,18,7,3,0,0,0,0,0,0,2,1,5,1,85,11,-1,-1,-1,-1,2,1,E01008569,0
Unvalidated,2024101447874,2024,101447874,1,9,0,18,7,3,0,0,0,0,0,0,4,1,5,2,44,7,-1,-1,-1,-1,2,1,E01033074,0
Unvalidated,2024101447896,2024,101447896,1,9,0,18,7,3,0,0,0,0,0,0,1,1,5,2,22,5,-1,-1,-1,-1,-1,-1,-1,0
Unvalidated,2024101447896,2024,101447896,2,9,0,18,7,3,0,0,0,0,0,0,2,1,5,2,27,6,-1,-1,-1,-1,-1,-1,-1,0
Unvalidated,2024101447897,2024,101447897,1,19,0,18,5,1,0,0,0,0,0,0,1,2,1,1,45,7,-1,-1,-1,-1,-1,-1,-1,0
Unvalidated,2024101447897,2024,101447897,2,9,0,18,1,5,0,0,0,0,0,0,3,1,5,1,50,8,-1,-1,-1,-1,5,1,E01027500,0
Unvalidated,2024101447909,2024,101447909,1,9,0,18,3,7,0,0,0,0,7,0,1,1,5,1,18,4,-1,-1,-1,-1,5,2,E01027445,0
Unvalidated,2024101447918,2024,101447918,1,9,0,18,8,4,0,4,2,7,3,10,3,1,6,1,22,5,-1,-1,-1,-1,6,1,E01008176,0
Unvalidated,2024101447918,2024,101447918,2,9,0,18,8,4,0,4,0,0,0,0,4,1,6,1,23,5,-1,-1,-1,-1,-1,-1,-1,0
Unvalidated,2024101447954,2024,101447954,1,9,0,18,3,7,0,0,2,0,1,0,1,1,5,1,32,6,-1,-1,-1,-1,9,1,E01008312,0
Unvalidated,2024101447972,2024,101447972,1,9,0,18,5,1,0,4,5,9,0,0,1,1,5,2,31,6,-1,-1,-1,-1,-1,-1,-1,0
Unvalidated,2024101447995,2024,101447995,1,9,0,7,8,5,0,8,0,0,0,0,1,1,6,2,-1,-1,-1,-1,-1,-1,-1,-1,-1,0
Unvalidated,2024101447995,2024,101447995,2,1,0,18,4,8,0,8,5,0,0,0,3,1,3,1,15,3,-1,-1,-1,-1,1,1,E01008426,0
Unvalidated,2024101448021,2024,101448021,1,8,0,18,1,5,0,0,0,0,0,0,4,1,1,1,58,9,-1,-1,-1,-1,7,1,E01008323,0
Unvalidated,2024101448040,2024,101448040,1,9,0,18,2,6,0,1,0,0,0,0,1,1,6,1,-1,-1,-1,-1,-1,-1,-1,-1,-1,0
Unvalidated,2024101448040,2024,101448040,2,9,0,3,2,6,0,1,0,0,0,0,2,1,6,2,71,10,-1,-1,-1,-1,2,1,E01008665,0
Unvalidated,2024101448125,2024,101448125,1,9,0,18,2,5,0,4,0,0,0,0,1,1,5,1,26,6,-1,-1,-1,-1,1,1,E01020673,0
Unvalidated,2024101448125,2024,101448125,2,9,0,18,1,5,0,6,0,0,0,0,1,1,5,2,43,7,-1,-1,-1,-1,4,1,E01008597,0
Unvalidated,2024101448226,2024,101448226,1,9,0,18,5,1,0,0,0,0,0,0,1,1,5,1,30,6,-1,-1,-1,-1,-1,-1,-1,0
Unvalidated,2024101448226,2024,101448226,2,5,0,18,5,1,0,0,0,0,0,0,2,1,5,1,58,9,-1,-1,-1,-1,8,1,E01027407,0