status,collision_index,collision_year,collision_reference,vehicle_reference,vehicle_type,towing_and_articulation,vehicle_manoeuvre,vehicle_direction_from,vehicle_direction_to,vehicle_location_restricted_lane,junction_location,skidding_and_overturning,hit_object_in_carriageway,vehicle_leaving_carriageway,hit_object_off_carriageway,first_point_of_impact,vehicle_left_hand_drive,journey_purpose_of_driver,sex_of_driver,age_of_driver,age_band_of_driver,engine_capacity_cc,propulsion_code,age_of_vehicle,generic_make_model,driver_imd_decile,driver_home_area_type,lsoa_of_driver,escooter_flag
Unvalidated,2024101448292,2024,101448292,1,9,0,9,3,1,0,2,0,0,0,0,1,1,5,2,19,4,-1,-1,-1,-1,8,1,E01027497,0
Unvalidated,2024101448317,2024,101448317,1,23,0,-1,7,3,0,8,5,0,0,0,1,1,6,1,-1,-1,-1,-1,-1,-1,-1,-1,-1,0
Unvalidated,2024101448317,2024,101448317,2,9,0,18,5,1,0,8,0,0,0,0,1,1,6,1,42,7,-1,-1,-1,-1,3,1,E01008441,0
Unvalidated,2024101448328,2024,101448328,1,9,0,18,6,2,0,8,0,0,0,0,1,1,6,1,54,8,-1,-1,-1,-1,1,1,E01008641,0
Unvalidated,2024101448328,2024,101448328,2,9,0,3,6,2,0,8,0,0,0,0,3,1,6,2,35,6,-1,-1,-1,-1,4,1,E01008286,0
Unvalidated,2024101448342,2024,101448342,1,9,0,9,4,2,0,8,0,0,0,0,1,1,6,1,25,5,-1,-1,-1,-1,8,1,E01008469,0
Unvalidated,2024101448342,2024,101448342,2,1,0,18,6,2,0,8,5,0,0,0,2,1,6,1,33,6,-1,-1,-1,-1,1,1,E01008667,0
Unvalidated,2024101448351,2024,101448351,1,9,0,9,1,6,0,2,0,0,0,0,4,1,6,1,60,9,-1,-1,-1,-1,10,1,E01027460,0
Unvalidated,2024101448351,2024,101448351,2,-1,0,18,4,8,0,8,0,0,0,0,1,1,6,1,17,4,-1,-1,-1,-1,-1,-1,-1,0
Unvalidated,2024101448362,2024,101448362,1,9,0,18,4,7,0,0,0,10,0,0,3,1,6,1,24,5,-1,-1,-1,-1,3,1,E01008182,0
Unvalidated,2024101448693,2024,101448693,1,9,0,18,3,7,0,1,0,4,1,0,4,1,6,3,-1,-1,-1,-1,-1,-1,-1,-1,-1,0
Unvalidated,2024101448693,2024,101448693,2,9,0,18,3,7,0,1,0,0,0,0,3,1,6,2,38,7,-1,-1,-1,-1,-1,-1,-1,0
Unvalidated,2024101448693,2024,101448693,3,9,0,2,0,0,0,1,0,0,0,0,4,1,5,1,42,7,-1,-1,-1,-1,-1,-1,-1,0
Unvalidated,2024101448993,2024,101448993,1,9,0,18,6,2,0,5,1,0,1,0,1,1,6,1,51,8,-1,-1,-1,-1,2,1,E01008634,0
Unvalidated,2024101448993,2024,101448993,2,9,0,3,6,2,0,4,0,0,0,0,2,1,5,2,19,4,-1,-1,-1,-1,5,1,E01008675,0
Unvalidated,2024101448993,2024,101448993,3,9,0,3,6,2,0,4,0,0,0,0,2,1,6,1,21,5,-1,-1,-1,-1,2,1,E01008591,0
Unvalidated,2024101449013,2024,101449013,1,9,0,18,3,7,0,0,0,0,0,0,4,1,1,1,63,9,-1,-1,-1,-1,-1,-1,-1,0
Unvalidated,2024101449034,2024,101449034,1,9,0,18,5,1,0,0,0,0,0,0,1,1,1,2,-1,-1,-1,-1,-1,-1,1,1,E01033075,0
Unvalidated,2024101449034,2024,101449034,2,1,0,18,5,1,0,0,0,0,0,0,2,1,5,1,41,7,-1,-1,-1,-1,2,1,E01008776,0
Unvalidated,2024101449040,2024,101449040,1,9,0,5,7,3,0,1,0,0,0,0,-1,1,5,1,77,11,-1,-1,-1,-1,4,1,E01008711,0
Unvalidated,2024101449075,2024,101449075,1,9,0,7,2,2,0,4,0,0,0,0,1,1,6,2,37,7,-1,-1,-1,-1,4,1,E01008865,0
Unvalidated,2024101449075,2024,101449075,2,9,0,18,3,7,0,8,0,0,0,0,1,1,6,1,25,5,-1,-1,-1,-1,7,1,E01008850,0
Unvalidated,2024101449089,2024,101449089,1,9,0,4,7,3,0,0,0,0,0,0,3,1,5,1,84,11,-1,-1,-1,-1,4,2,E01008578,0
Unvalidated,2024101449198,2024,101449198,1,9,0,4,1,5,0,4,0,0,0,0,1,1,1,2,-1,-1,-1,-1,-1,-1,-1,-1,-1,0
Unvalidated,2024101449198,2024,101449198,2,9,0,3,1,5,0,4,0,0,0,0,2,1,2,1,46,8,-1,-1,-1,-1,2,1,E01008847,0
Unvalidated,2024101449225,2024,101449225,1,9,0,3,1,3,0,6,0,0,0,0,1,1,6,2,56,9,-1,-1,-1,-1,6,1,E01008696,0
Unvalidated,2024101449225,2024,101449225,2,1,0,18,7,3,0,1,0,0,0,0,4,1,6,1,61,9,-1,-1,-1,-1,2,1,E01008840,0
Unvalidated,2024101449290,2024,101449290,1,9,0,18,3,7,0,2,0,0,0,0,1,1,5,2,19,4,-1,-1,-1,-1,1,1,E01008668,0
Unvalidated,2024101449290,2024,101449290,2,1,0,18,3,7,0,2,0,0,0,0,4,1,1,1,26,6,-1,-1,-1,-1,2,1,E01008334,0
Unvalidated,2024101449349,2024,101449349,1,9,0,7,7,1,0,1,0,0,0,0,1,1,6,1,55,8,-1,-1,-1,-1,10,1,E01027494,0
Unvalidated,2024101449349,2024,101449349,2,9,0,10,1,7,0,1,0,0,0,0,1,1,5,1,70,10,-1,-1,-1,-1,8,3,E01008458,0
Unvalidated,2024101449576,2024,101449576,1,9,0,9,3,1,0,6,0,0,0,0,1,1,6,2,68,10,-1,-1,-1,-1,9,1,E01027502,0
Unvalidated,2024101449576,2024,101449576,2,9,0,5,1,5,0,8,0,0,0,0,1,1,1,1,58,9,-1,-1,-1,-1,7,3,E01027473,0
Unvalidated,2024101449677,2024,101449677,1,23,0,9,2,7,0,8,0,0,0,0,1,1,6,1,17,4,-1,-1,-1,-1,-1,-1,-1,0
Unvalidated,2024101449677,2024,101449677,2,19,0,18,5,1,0,8,0,0,0,0,3,1,1,1,51,8,-1,-1,-1,-1,6,1,E01008181,0
Unvalidated,2024101449709,2024,101449709,1,8,0,1,5,4,0,8,0,0,0,0,2,1,1,1,29,6,-1,-1,-1,-1,1,1,E01008437,0
Unvalidated,2024101449709,2024,101449709,2,9,0,3,5,5,0,8,0,0,0,0,1,1,6,3,30,6,-1,-1,-1,-1,-1,-1,-1,0
Unvalidated,2024101449758,2024,101449758,1,9,0,18,8,6,0,8,0,0,0,0,1,1,6,2,40,7,-1,-1,-1,-1,-1,-1,-1,0
Unvalidated,2024101449758,2024,101449758,2,11,0,18,3,8,0,8,0,0,0,0,2,1,1,3,45,7,-1,-1,-1,-1,-1,-1,-1,0
Unvalidated,2024101449764,2024,101449764,1,97,0,18,7,3,0,1,2,11,0,0,4,1,5,1,32,6,-1,-1,-1,-1,8,1,E01008279,0
Unvalidated,2024101449764,2024,101449764,2,9,0,9,3,7,0,8,0,11,0,0,4,1,5,1,68,10,-1,-1,-1,-1,9,1,E01020605,0
Unvalidated,2024101449807,2024,101449807,1,8,0,3,3,8,0,8,0,0,0,0,3,1,6,1,31,6,-1,-1,-1,-1,1,1,E01008331,0
Unvalidated,2024101449807,2024,101449807,2,9,0,18,1,3,0,8,0,0,0,0,4,1,5,2,40,7,-1,-1,-1,-1,3,1,E01008288,0
Unvalidated,2024101450013,2024,101450013,1,9,0,5,7,1,0,8,0,0,0,0,1,1,6,2,60,9,-1,-1,-1,-1,4,1,E01008451,0
Unvalidated,2024101450013,2024,101450013,2,98,0,18,1,5,0,1,0,0,0,0,1,1,5,3,30,6,-1,-1,-1,-1,-1,-1,-1,0
Unvalidated,2024101450184,2024,101450184,1,9,0,18,5,2,0,0,0,10,1,0,1,1,2,1,54,8,-1,-1,-1,-1,-1,-1,-1,0
Unvalidated,2024101450200,2024,101450200,1,9,0,-1,-1,-1,-1,0,-1,-1,-1,0,-1,1,6,1,61,9,-1,-1,-1,-1,6,2,E01008196,0
Unvalidated,2024101450321,2024,101450321,1,1,0,18,7,3,9,8,5,0,0,0,1,1,5,1,10,2,-1,-1,-1,-1,6,1,E01008768,0
Unvalidated,2024101450321,2024,101450321,2,9,0,4,5,1,0,8,0,0,0,0,4,1,6,1,46,8,-1,-1,-1,-1,2,1,E01008828,0
Unvalidated,2024101450391,2024,101450391,1,9,0,18,5,1,0,0,0,0,0,0,1,1,6,1,68,10,-1,-1,-1,-1,10,1,-1,0
Unvalidated,2024101450391,2024,101450391,2,9,0,18,1,5,0,0,0,0,0,0,1,1,6,1,55,8,-1,-1,-1,-1,10,1,E01027615,0
Unvalidated,2024101450489,2024,101450489,1,9,0,18,7,3,0,0,0,0,0,0,1,1,5,1,28,6,-1,-1,-1,-1,1,1,E01008382,0
Unvalidated,2024101450516,2024,101450516,1,9,0,4,5,1,9,0,0,0,3,11,1,1,6,2,77,11,-1,-1,-1,-1,8,2,E01027554,0
Unvalidated,2024101450553,2024,101450553,1,9,0,-1,-1,-1,-1,8,-1,-1,-1,0,-1,1,6,1,-1,-1,-1,-1,-1,-1,4,1,E01008202,0
Unvalidated,2024101450553,2024,101450553,2,9,0,-1,-1,-1,-1,8,-1,-1,-1,0,-1,1,6,2,64,9,-1,-1,-1,-1,9,2,E01027481,0
Unvalidated,2024101450553,2024,101450553,3,9,0,-1,-1,-1,-1,8,-1,-1,-1,0,-1,1,6,1,-1,-1,-1,-1,-1,-1,1,1,E01008170,0
Unvalidated,2024101450567,2024,101450567,1,9,0,18,3,7,0,1,0,0,0,0,1,1,6,1,-1,-1,-1,-1,-1,-1,-1,-1,-1,0
Unvalidated,2024101450567,2024,101450567,2,1,0,5,5,1,0,6,5,0,0,0,3,1,5,1,12,3,-1,-1,-1,-1,2,2,E01008480,0
Unvalidated,2024101450787,2024,101450787,1,9,0,18,6,2,0,0,1,0,8,0,1,1,5,1,19,4,-1,-1,-1,-1,7,3,E01027450,0
Unvalidated,2024101450810,2024,101450810,1,9,0,13,3,3,0,0,5,0,0,0,1,1,6,1,20,4,-1,-1,-1,-1,-1,-1,-1,0
Unvalidated,2024101450820,2024,101450820,1,8,0,18,6,2,0,1,0,0,0,0,1,1,1,1,-1,-1,-1,-1,-1,-1,3,1,E01008349,0
Unvalidated,2024101450820,2024,101450820,2,9,0,18,6,2,0,1,0,0,0,0,2,1,6,1,34,6,-1,-1,-1,-1,2,1,E01008661,0
Unvalidated,2024101450840,2024,101450840,1,9,0,18,1,5,0,0,0,0,0,0,1,1,6,2,57,9,-1,-1,-1,-1,3,1,E01008704,0
Unvalidated,2024101450840,2024,101450840,2,9,0,3,1,5,0,0,0,0,0,0,2,1,6,1,19,4,-1,-1,-1,-1,3,2,E01020827,0
Unvalidated,2024101450840,2024,101450840,3,9,0,3,1,5,0,0,0,0,0,0,2,1,6,1,69,10,-1,-1,-1,-1,4,3,E01033205,0
Unvalidated,2024101450870,2024,101450870,1,9,0,18,3,7,9,3,0,0,7,2,1,1,2,1,26,6,-1,-1,-1,-1,3,2,E01027462,0
Unvalidated,2024101451114,2024,101451114,1,9,0,18,1,5,0,1,5,0,8,4,1,1,6,3,-1,-1,-1,-1,-1,-1,-1,-1,-1,0
Unvalidated,2024101451281,2024,101451281,1,9,0,10,6,4,0,8,0,0,0,0,0,1,6,1,51,8,-1,-1,-1,-1,8,1,E01008868,0
Unvalidated,2024101451281,2024,101451281,2,9,0,3,6,2,0,8,0,0,0,0,2,1,5,1,70,10,-1,-1,-1,-1,4,1,E01008536,0
Unvalidated,2024101451281,2024,101451281,3,9,0,4,6,2,0,8,0,0,0,0,2,1,6,1,40,7,-1,-1,-1,-1,-1,-1,-1,0
Unvalidated,2024101451281,2024,101451281,4,9,0,18,6,2,0,8,0,0,0,0,1,1,1,1,40,7,-1,-1,-1,-1,-1,-1,-1,0
Unvalidated,2024101451284,2024,101451284,1,9,0,18,2,6,0,1,0,0,0,0,1,1,6,1,24,5,-1,-1,-1,-1,3,1,E01008805,0
Unvalidated,2024101451284,2024,101451284,2,9,0,18,6,2,0,2,0,0,0,0,3,1,6,1,40,7,-1,-1,-1,-1,1,1,E01008218,0
Unvalidated,2024101451330,2024,101451330,1,9,0,5,5,5,0,8,0,0,0,0,4,1,6,2,30,6,-1,-1,-1,-1,-1,-1,-1,0
Unvalidated,2024101451487,2024,101451487,1,1,0,18,5,1,0,0,5,0,0,0,1,1,2,1,31,6,-1,-1,-1,-1,1,1,E01008333,0
Unvalidated,2024101451487,2024,101451487,2,9,0,3,5,1,0,0,0,0,0,0,2,1,6,2,57,9,-1,-1,-1,-1,3,1,E01008192,0
Unvalidated,2024101451554,2024,101451554,1,9,0,18,7,3,0,3,0,0,0,0,3,1,6,2,54,8,-1,-1,-1,-1,7,1,E01008364,0
Unvalidated,2024101451554,2024,101451554,2,5,0,11,7,3,0,8,0,0,0,0,4,1,6,1,64,9,-1,-1,-1,-1,1,1,E01008485,0
Unvalidated,2024101451630,2024,101451630,1,9,0,18,5,1,0,8,0,0,0,0,1,1,6,1,31,6,-1,-1,-1,-1,3,1,E01033548,0
Unvalidated,2024101451630,2024,101451630,2,9,0,18,5,1,0,8,0,0,0,0,2,1,6,1,46,8,-1,-1,-1,-1,3,3,-1,0
Unvalidated,2024101451647,2024,101451647,1,9,0,5,5,1,0,1,0,0,0,0,4,1,6,1,-1,-1,-1,-1,-1,-1,-1,-1,-1,0
Unvalidated,2024101451664,2024,101451664,1,19,0,12,3,3,0,3,0,0,0,0,0,1,1,2,53,8,-1,-1,-1,-1,7,3,E01012366,0
Unvalidated,2024101451664,2024,101451664,2,4,0,12,3,3,0,3,1,10,7,0,1,1,2,1,24,5,-1,-1,-1,-1,2,1,E01008699,0
Unvalidated,2024101451675,2024,101451675,1,9,0,18,1,5,0,2,1,4,0,0,4,1,5,1,21,5,-1,-1,-1,-1,4,1,E01008833,0
Unvalidated,2024101451675,2024,101451675,2,9,0,2,0,0,0,2,0,0,0,0,2,1,6,1,26,6,-1,-1,-1,-1,2,1,E01033074,0
Unvalidated,2024101451675,2024,101451675,3,9,0,2,0,0,0,2,0,4,0,0,2,1,6,1,53,8,-1,-1,-1,-1,2,1,E01033074,0
Unvalidated,2024101451675,2024,101451675,4,19,0,2,0,0,0,2,0,0,0,0,3,1,6,1,44,7,-1,-1,-1,-1,1,1,E01008625,0
Unvalidated,2024101451676,2024,101451676,1,9,0,18,7,4,0,2,0,0,0,0,1,1,3,1,17,4,-1,-1,-1,-1,10,1,E01008724,0
Unvalidated,2024101451699,2024,101451699,1,9,0,9,8,6,0,2,0,0,0,0,4,1,5,2,22,5,-1,-1,-1,-1,3,1,E01008742,0
Unvalidated,2024101451705,2024,101451705,1,9,0,18,1,5,0,8,0,0,0,0,1,1,5,2,60,9,-1,-1,-1,-1,1,1,E01008821,0
Unvalidated,2024101451705,2024,101451705,2,1,0,18,7,3,0,8,0,0,0,0,1,1,2,1,45,7,-1,-1,-1,-1,2,1,E01008693,0
Unvalidated,2024101451724,2024,101451724,1,9,0,18,5,1,0,0,0,0,0,0,1,1,5,1,28,6,-1,-1,-1,-1,2,1,E01008859,0
Unvalidated,2024101451764,2024,101451764,1,9,0,4,5,1,0,1,0,0,0,0,2,1,5,2,68,10,-1,-1,-1,-1,9,1,-1,0
Unvalidated,2024101451764,2024,101451764,2,9,0,18,5,1,0,1,1,0,0,0,1,1,5,2,72,10,-1,-1,-1,-1,7,3,E01030200,0
Unvalidated,2024101451764,2024,101451764,3,9,0,18,5,1,0,1,0,0,1,0,1,1,1,2,58,9,-1,-1,-1,-1,3,1,E01008222,0
Unvalidated,2024101451806,2024,101451806,1,9,0,18,1,5,0,8,0,0,0,0,4,1,5,1,26,6,-1,-1,-1,-1,4,1,E01024258,0
Unvalidated,2024101451806,2024,101451806,2,9,0,18,3,7,0,8,0,0,0,0,1,1,5,2,62,9,-1,-1,-1,-1,10,1,E01027520,0
Unvalidated,2024101452023,2024,101452023,1,9,0,10,2,8,0,5,0,0,3,0,1,1,6,2,66,10,-1,-1,-1,-1,-1,-1,-1,0
Unvalidated,2024101452023,2024,101452023,2,1,0,10,2,8,0,5,0,0,3,0,2,1,6,1,39,7,-1,-1,-1,-1,-1,-1,-1,0
Unvalidated,2024101452039,2024,101452039,1,5,0,18,5,1,0,0,1,0,1,0,4,1,5,1,42,7,-1,-1,-1,-1,1,1,-1,0
Unvalidated,2024101452192,2024,101452192,1,9,0,18,5,1,0,0,0,0,0,0,1,1,6,1,33,6,-1,-1,-1,-1,9,3,E01027481,0
Unvalidated,2024101452192,2024,101452192,2,9,0,18,1,5,0,0,0,0,1,0,1,1,6,1,48,8,-1,-1,-1,-1,9,2,E01033714,0
Unvalidated,2024101452358,2024,101452358,1,9,0,18,4,1,0,8,0,0,0,0,1,1,6,1,50,8,-1,-1,-1,-1,2,1,E01008338,0
Unvalidated,2024101452455,2024,101452455,1,11,0,18,2,6,0,8,0,0,0,0,1,1,1,3,-1,-1,-1,-1,-1,-1,-1,-1,-1,0
Unvalidated,2024101452455,2024,101452455,2,10,0,4,2,6,0,8,0,0,0,0,2,1,1,1,77,11,-1,-1,-1,-1,7,1,E01008364,0
Unvalidated,2024101452574,2024,101452574,1,97,0,7,7,1,0,8,0,0,0,0,1,1,5,1,-1,-1,-1,-1,-1,-1,-1,-1,-1,0
Unvalidated,2024101452574,2024,101452574,2,9,0,9,1,7,0,8,0,0,0,0,3,1,6,1,60,9,-1,-1,-1,-1,5,1,E01008588,0
Unvalidated,2024101452761,2024,101452761,1,1,0,18,1,5,0,0,0,0,0,0,3,1,6,1,18,4,-1,-1,-1,-1,3,1,E01008717,0
Unvalidated,2024101452761,2024,101452761,2,1,0,18,1,5,0,0,0,0,0,0,3,1,5,1,-1,-1,-1,-1,-1,-1,-1,-1,-1,0
Unvalidated,2024101452761,2024,101452761,3,9,0,18,5,1,0,0,0,0,0,0,1,1,5,1,37,7,-1,-1,-1,-1,3,1,E01008717,0
Unvalidated,2024101452770,2024,101452770,1,9,-1,-1,-1,-1,-1,-1,-1,-1,-1,0,-1,1,6,3,-1,-1,-1,-1,-1,-1,-1,-1,-1,0
Unvalidated,2024101452857,2024,101452857,1,9,-1,18,2,6,0,0,0,0,0,0,1,1,6,1,-1,-1,-1,-1,-1,-1,-1,-1,-1,0
Unvalidated,2024101452857,2024,101452857,2,19,-1,3,2,6,0,0,0,0,0,0,2,1,1,1,40,7,-1,-1,-1,-1,9,1,E01008493,0
Unvalidated,2024101453054,2024,101453054,1,3,0,18,5,1,5,0,1,0,0,0,1,1,5,1,17,4,-1,-1,-1,-1,2,1,E01008571,0
Unvalidated,2024101453162,2024,101453162,1,90,-1,9,2,8,0,1,0,0,0,0,4,1,1,1,-1,-1,-1,-1,-1,-1,-1,-1,-1,0
Unvalidated,2024101453162,2024,101453162,2,1,-1,18,2,6,0,1,2,0,0,0,4,1,5,1,47,8,-1,-1,-1,-1,2,1,E01008254,0
Unvalidated,2024101453191,2024,101453191,1,9,0,18,1,4,0,0,0,0,0,0,1,1,6,1,25,5,-1,-1,-1,-1,4,1,E01008832,0
Unvalidated,2024101453191,2024,101453191,2,1,0,18,4,1,0,0,0,0,0,0,4,1,5,1,6,2,-1,-1,-1,-1,1,1,E01008714,0
Unvalidated,2024101453221,2024,101453221,1,9,0,5,5,1,0,4,0,0,0,0,1,1,5,2,39,7,-1,-1,-1,-1,6,1,E01008685,0
Unvalidated,2024101453309,2024,101453309,1,1,0,18,5,1,9,0,0,0,0,0,3,1,5,1,12,3,-1,-1,-1,-1,-1,-1,-1,0
Unvalidated,2024101453309,2024,101453309,2,9,0,18,5,1,0,0,0,0,0,0,4,1,5,2,38,7,-1,-1,-1,-1,1,1,E01008829,0
Unvalidated,2024101453468,2024,101453468,1,9,0,1,7,3,0,0,0,4,0,0,2,1,5,1,74,10,-1,-1,-1,-1,4,1,E01008640,0
Unvalidated,2024101453468,2024,101453468,2,9,0,2,0,0,0,0,0,0,0,0,2,1,6,3,-1,-1,-1,-1,-1,-1,-1,-1,-1,0
Unvalidated,2024101453468,2024,101453468,3,9,0,2,0,0,0,0,0,0,0,0,2,1,6,3,-1,-1,-1,-1,-1,-1,-1,-1,-1,0
Unvalidated,2024101453480,2024,101453480,1,9,0,3,2,6,0,1,0,0,0,0,1,1,6,2,-1,-1,-1,-1,-1,-1,-1,-1,-1,0
Unvalidated,2024101453480,2024,101453480,2,9,0,3,2,6,0,1,0,0,0,0,2,1,5,1,41,7,-1,-1,-1,-1,-1,-1,-1,0
Unvalidated,2024101453486,2024,101453486,1,9,0,11,5,1,0,0,0,0,0,0,-1,1,6,1,-1,-1,-1,-1,-1,-1,-1,-1,-1,0
Unvalidated,2024101453486,2024,101453486,2,9,0,18,5,1,0,0,0,0,0,0,3,1,5,2,24,5,-1,-1,-1,-1,1,1,E01008736,0
Unvalidated,2024101453583,2024,101453583,1,9,0,18,1,5,0,0,0,0,1,0,1,1,2,1,68,10,-1,-1,-1,-1,-1,-1,-1,0
Unvalidated,2024101453583,2024,101453583,2,9,0,5,5,1,0,0,0,0,1,0,1,1,6,1,28,6,-1,-1,-1,-1,-1,-1,-1,0
Unvalidated,2024101453583,2024,101453583,3,9,0,7,1,5,0,0,0,0,0,0,0,1,6,1,33,6,-1,-1,-1,-1,-1,-1,-1,0
Unvalidated,2024101453615,2024,101453615,1,9,0,18,1,5,0,0,0,0,0,0,1,1,6,1,30,6,-1,-1,-1,-1,2,1,E01008822,0
Unvalidated,2024101453615,2024,101453615,2,9,0,7,3,6,0,0,0,0,0,0,2,1,5,1,32,6,-1,-1,-1,-1,2,1,E01008695,0
Unvalidated,2024101453733,2024,101453733,1,19,0,5,1,5,0,0,0,0,0,0,3,1,6,1,-1,-1,-1,-1,-1,-1,-1,-1,-1,0
Unvalidated,2024101453770,2024,101453770,1,9,0,1,3,7,0,8,0,0,0,0,2,1,6,3,-1,-1,-1,-1,-1,-1,-1,-1,-1,0
Unvalidated,2024101453770,2024,101453770,2,9,0,18,7,3,0,8,0,0,0,0,1,1,6,2,37,7,-1,-1,-1,-1,1,1,E01008295,0
Unvalidated,2024101453933,2024,101453933,1,3,0,14,6,2,0,0,0,0,0,0,1,1,6,1,25,5,-1,-1,-1,-1,-1,-1,-1,0
Unvalidated,2024101453933,2024,101453933,2,9,0,6,6,2,0,0,0,0,0,0,3,1,6,1,31,6,-1,-1,-1,-1,3,1,E01008350,0
Unvalidated,2024101453994,2024,101453994,1,9,0,18,8,4,0,0,1,0,1,0,4,1,6,1,16,4,-1,-1,-1,-1,1,1,E01008332,0
Unvalidated,2024101454077,2024,101454077,1,9,0,10,3,5,0,0,0,0,0,0,1,1,6,1,33,6,-1,-1,-1,-1,5,1,E01008499,0
Unvalidated,2024101454315,2024,101454315,1,9,0,4,3,7,0,1,0,0,0,0,1,1,5,2,75,10,-1,-1,-1,-1,7,1,E01008721,0
Unvalidated,2024101454346,2024,101454346,1,22,0,18,3,7,9,0,0,0,0,0,1,1,6,1,-1,-1,-1,-1,-1,-1,-1,-1,-1,0
Unvalidated,2024101454369,2024,101454369,1,9,0,9,7,1,0,6,0,0,0,0,3,1,6,1,60,9,-1,-1,-1,-1,7,3,E01016288,0
Unvalidated,2024101454369,2024,101454369,2,9,0,18,1,5,0,1,0,0,0,0,1,1,6,2,55,8,-1,-1,-1,-1,2,1,E01008474,0
Unvalidated,2024101454405,2024,101454405,1,9,0,18,2,6,0,4,0,0,0,0,1,1,6,1,71,10,-1,-1,-1,-1,3,1,E01008318,0
Unvalidated,2024101454405,2024,101454405,2,1,0,18,1,5,0,8,0,0,0,0,2,1,6,1,63,9,-1,-1,-1,-1,10,1,E01008365,0
Unvalidated,2024101454446,2024,101454446,1,11,0,18,8,4,0,2,0,0,0,0,3,1,1,1,60,9,-1,-1,-1,-1,-1,-1,-1,0
Unvalidated,2024101454637,2024,101454637,1,1,0,18,1,5,9,0,2,0,0,0,1,1,6,1,-1,-1,-1,-1,-1,-1,-1,-1,-1,0
Unvalidated,2024101454637,2024,101454637,2,1,0,18,5,1,9,0,2,0,0,0,1,1,2,1,45,7,-1,-1,-1,-1,10,1,E01008238,0
Unvalidated,2024101454973,2024,101454973,1,9,0,18,7,3,0,0,0,0,0,0,4,1,5,2,64,9,-1,-1,-1,-1,6,1,E01008381,0
Unvalidated,2024101455012,2024,101455012,1,9,0,1,7,3,6,0,0,11,0,0,-1,1,5,1,17,4,-1,-1,-1,-1,-1,-1,-1,0
Unvalidated,2024101455110,2024,101455110,1,9,0,18,6,2,0,1,0,0,0,0,1,1,6,2,-1,-1,-1,-1,-1,-1,-1,-1,-1,0
Unvalidated,2024101455133,2024,101455133,1,8,0,1,1,5,0,1,0,0,0,0,2,1,1,1,-1,-1,-1,-1,-1,-1,-1,-1,-1,0
Unvalidated,2024101455212,2024,101455212,1,9,0,9,1,6,0,0,0,0,0,0,1,1,2,1,39,7,-1,-1,-1,-1,4,1,E01008219,0
Unvalidated,2024101455212,2024,101455212,2,9,0,18,5,1,0,0,0,0,0,0,1,1,1,1,43,7,-1,-1,-1,-1,7,1,E01008877,0
Unvalidated,2024101455257,2024,101455257,1,9,0,18,2,6,0,0,0,0,0,0,1,1,2,1,19,4,-1,-1,-1,-1,4,1,E01008555,0
Unvalidated,2024101455319,2024,101455319,1,9,0,18,5,1,0,0,0,0,0,0,1,1,6,1,26,6,-1,-1,-1,-1,-1,-1,-1,0
Unvalidated,2024101455319,2024,101455319,2,19,0,10,1,5,0,0,0,0,0,0,1,1,6,1,50,8,-1,-1,-1,-1,8,1,E01027425,0
Unvalidated,2024101455320,2024,101455320,1,9,0,3,7,3,0,1,0,0,0,0,4,1,5,1,39,7,-1,-1,-1,-1,6,3,-1,0
Unvalidated,2024101455320,2024,101455320,2,9,0,6,7,3,0,1,0,0,0,0,1,1,6,1,41,7,-1,-1,-1,-1,-1,-1,-1,0
Unvalidated,2024101455401,2024,101455401,1,9,0,18,8,5,0,1,0,0,0,0,1,1,6,1,30,6,-1,-1,-1,-1,-1,-1,-1,0
Unvalidated,2024101455401,2024,101455401,2,9,0,3,8,5,0,1,0,0,0,0,2,1,2,1,53,8,-1,-1,-1,-1,3,1,E01008720,0
Unvalidated,2024101455487,2024,101455487,1,21,1,11,1,5,0,0,0,0,0,0,4,1,1,1,49,8,-1,-1,-1,-1,5,1,-1,0
Unvalidated,2024101455487,2024,101455487,2,9,0,18,1,5,0,0,1,0,0,0,3,1,6,2,51,8,-1,-1,-1,-1,4,1,E01027498,0
Unvalidated,2024101455487,2024,101455487,3,9,0,18,1,5,0,0,0,0,0,0,1,1,6,2,25,5,-1,-1,-1,-1,3,1,E01008263,0
Unvalidated,2024101455499,2024,101455499,1,9,0,18,7,3,0,8,0,0,0,0,3,1,6,1,29,6,-1,-1,-1,-1,5,1,E01027453,0
Unvalidated,2024101455499,2024,101455499,2,9,0,18,5,1,0,8,0,0,0,0,1,1,6,1,18,4,-1,-1,-1,-1,8,1,E01027457,0
Unvalidated,2024101455561,2024,101455561,1,19,0,18,8,4,0,8,0,0,0,0,4,1,1,1,20,4,-1,-1,-1,-1,1,1,E01008608,0
Unvalidated,2024101455655,2024,101455655,1,9,0,7,3,5,0,0,0,0,0,0,1,1,2,1,35,6,-1,-1,-1,-1,2,1,E01027493,0
Unvalidated,2024101455655,2024,101455655,2,9,0,18,5,1,0,0,0,0,0,0,3,1,2,1,59,9,-1,-1,-1,-1,9,2,E01027449,0
Unvalidated,2024101455722,2024,101455722,1,9,0,9,1,7,0,8,1,0,0,0,4,1,5,2,90,11,-1,-1,-1,-1,4,2,E01027435,0
Unvalidated,2024101455722,2024,101455722,2,11,0,18,4,1,0,8,0,0,0,0,1,1,1,1,27,6,-1,-1,-1,-1,4,1,E01008871,0
Unvalidated,2024101455722,2024,101455722,3,9,0,10,7,4,0,1,0,0,0,0,3,1,5,2,79,11,-1,-1,-1,-1,-1,-1,-1,0
Unvalidated,2024101455730,2024,101455730,1,9,0,1,3,7,0,0,0,0,0,0,2,1,6,1,-1,-1,-1,-1,-1,-1,-1,-1,-1,0