status,collision_index,collision_year,collision_reference,vehicle_reference,vehicle_type,towing_and_articulation,vehicle_manoeuvre,vehicle_direction_from,vehicle_direction_to,vehicle_location_restricted_lane,junction_location,skidding_and_overturning,hit_object_in_carriageway,vehicle_leaving_carriageway,hit_object_off_carriageway,first_point_of_impact,vehicle_left_hand_drive,journey_purpose_of_driver,sex_of_driver,age_of_driver,age_band_of_driver,engine_capacity_cc,propulsion_code,age_of_vehicle,generic_make_model,driver_imd_decile,driver_home_area_type,lsoa_of_driver,escooter_flag
Unvalidated,2024101455818,2024,101455818,1,9,0,5,4,8,0,0,0,0,0,0,2,1,5,1,31,6,-1,-1,-1,-1,2,1,E01008338,0
Unvalidated,2024101456019,2024,101456019,1,9,0,13,2,6,0,8,0,0,0,0,0,1,6,3,-1,-1,-1,-1,-1,-1,-1,-1,-1,0
Unvalidated,2024101456019,2024,101456019,2,1,0,18,2,6,0,8,0,0,0,0,0,1,6,2,33,6,-1,-1,-1,-1,9,2,E01027535,0
Unvalidated,2024101456044,2024,101456044,1,1,0,18,3,7,9,8,0,0,0,0,1,1,6,1,-1,-1,-1,-1,-1,-1,-1,-1,-1,0
Unvalidated,2024101456054,2024,101456054,1,9,0,18,8,4,0,0,0,0,0,0,1,1,6,1,27,6,-1,-1,-1,-1,9,2,E01027482,0
Unvalidated,2024101456054,2024,101456054,2,9,0,4,8,4,0,0,0,0,0,0,2,1,6,2,33,6,-1,-1,-1,-1,4,1,E01008277,0
Unvalidated,2024101456089,2024,101456089,1,9,0,4,2,2,9,3,0,0,0,0,1,1,6,2,80,11,-1,-1,-1,-1,-1,-1,-1,0
Unvalidated,2024101456092,2024,101456092,1,22,0,5,8,4,0,8,5,0,0,0,1,1,6,1,73,10,-1,-1,-1,-1,-1,-1,-1,0
Unvalidated,2024101456092,2024,101456092,2,9,0,18,6,2,0,8,0,0,0,0,4,1,6,2,20,4,-1,-1,-1,-1,3,1,E01008594,0
Unvalidated,2024101456140,2024,101456140,1,9,0,9,5,3,0,1,0,0,0,0,3,1,6,2,26,6,-1,-1,-1,-1,-1,1,-1,0
Unvalidated,2024101456140,2024,101456140,2,11,0,4,3,7,0,1,0,0,0,0,1,1,1,1,35,6,-1,-1,-1,-1,3,2,E01008185,0
Unvalidated,2024101456151,2024,101456151,1,9,0,1,7,3,0,0,0,0,0,0,2,1,5,1,84,11,-1,-1,-1,-1,10,1,E01018590,0
Unvalidated,2024101456322,2024,101456322,1,9,0,18,5,1,0,0,0,0,0,0,1,1,6,1,-1,-1,-1,-1,-1,-1,-1,-1,-1,0
Unvalidated,2024101456322,2024,101456322,2,9,0,18,5,1,0,0,1,0,1,0,2,1,6,1,31,6,-1,-1,-1,-1,2,1,E01008430,0
Unvalidated,2024101456357,2024,101456357,1,90,0,18,3,7,0,0,5,0,0,0,4,1,5,1,12,3,-1,-1,-1,-1,1,1,E01027412,0
Unvalidated,2024101456357,2024,101456357,2,9,0,18,5,1,0,0,0,0,0,0,1,1,6,2,76,11,-1,-1,-1,-1,1,1,E01027533,0
Unvalidated,2024101456359,2024,101456359,1,9,0,18,1,5,0,0,0,0,0,0,1,1,5,2,75,10,-1,-1,-1,-1,-1,-1,-1,0
Unvalidated,2024101456359,2024,101456359,2,9,0,4,1,5,0,0,0,0,0,0,2,1,6,1,45,7,-1,-1,-1,-1,-1,-1,-1,0
Unvalidated,2024101456480,2024,101456480,1,9,0,9,6,5,0,5,0,0,0,0,1,1,2,1,35,6,-1,-1,-1,-1,3,1,E01008561,0
Unvalidated,2024101456558,2024,101456558,1,9,0,18,3,7,0,0,0,0,0,0,4,1,5,2,17,4,-1,-1,-1,-1,9,1,E01008556,0
Unvalidated,2024101456590,2024,101456590,1,9,0,9,5,2,0,1,0,0,0,0,1,1,6,1,40,7,-1,-1,-1,-1,7,1,E01008411,0
Unvalidated,2024101456590,2024,101456590,2,1,0,9,7,4,0,1,0,0,0,0,3,1,2,1,34,6,-1,-1,-1,-1,1,1,E01008438,0
Unvalidated,2024101456932,2024,101456932,1,3,0,18,5,1,0,4,1,0,0,0,3,1,2,1,29,6,-1,-1,-1,-1,2,1,E01033074,0
Unvalidated,2024101456948,2024,101456948,1,9,0,7,5,7,0,0,0,0,0,0,1,2,6,3,18,4,-1,-1,-1,-1,-1,-1,-1,0
Unvalidated,2024101456948,2024,101456948,2,9,0,18,3,7,0,0,0,0,0,0,1,1,6,2,23,5,-1,-1,-1,-1,10,1,E01008264,0
Unvalidated,2024101456952,2024,101456952,1,9,0,18,7,3,0,3,0,0,0,0,1,1,6,1,32,6,-1,-1,-1,-1,-1,-1,-1,0
Unvalidated,2024101457000,2024,101457000,1,9,0,2,3,7,6,0,0,0,0,0,3,1,3,1,50,8,-1,-1,-1,-1,7,1,E01008850,0
Unvalidated,2024101457000,2024,101457000,2,1,0,18,3,7,9,0,0,0,0,0,1,1,5,1,17,4,-1,-1,-1,-1,5,1,E01008861,0
Unvalidated,2024101457053,2024,101457053,1,9,0,7,2,4,0,8,0,0,0,0,0,1,6,1,45,7,-1,-1,-1,-1,-1,-1,-1,0
Unvalidated,2024101457053,2024,101457053,2,11,0,18,8,4,0,8,0,0,0,0,0,1,1,1,62,9,-1,-1,-1,-1,3,1,E01008506,0
Unvalidated,2024101457162,2024,101457162,1,9,0,4,5,1,0,0,0,0,0,0,2,1,1,1,32,6,-1,-1,-1,-1,-1,-1,-1,0
Unvalidated,2024101457162,2024,101457162,2,20,0,4,5,1,0,0,0,0,0,0,1,1,1,1,39,7,-1,-1,-1,-1,-1,-1,-1,0
Unvalidated,2024101457162,2024,101457162,3,20,0,4,5,1,0,0,0,0,0,0,1,1,1,1,28,6,-1,-1,-1,-1,-1,-1,-1,0
Unvalidated,2024101457253,2024,101457253,1,9,0,7,3,7,0,8,0,0,0,0,1,1,6,1,79,11,-1,-1,-1,-1,8,1,E01008447,0
Unvalidated,2024101457253,2024,101457253,2,9,0,7,1,4,0,8,0,10,0,0,1,1,6,1,64,9,-1,-1,-1,-1,4,1,E01008286,0
Unvalidated,2024101457253,2024,101457253,3,9,0,3,3,6,0,1,0,0,0,0,3,1,1,1,65,9,-1,-1,-1,-1,8,1,E01008647,0
Unvalidated,2024101457393,2024,101457393,1,9,0,18,1,5,0,8,0,0,0,0,1,1,5,1,33,6,-1,-1,-1,-1,3,1,E01008742,0
Unvalidated,2024101457393,2024,101457393,2,9,0,7,7,3,0,8,0,0,0,0,2,1,5,2,35,6,-1,-1,-1,-1,-1,-1,-1,0
Unvalidated,2024101457401,2024,101457401,1,20,0,9,6,8,0,6,0,0,0,0,1,1,1,1,64,9,-1,-1,-1,-1,3,1,E01008288,0
Unvalidated,2024101457401,2024,101457401,2,9,0,18,2,6,0,8,1,0,1,4,3,1,6,1,60,9,-1,-1,-1,-1,9,2,E01027465,0
Unvalidated,2024101457425,2024,101457425,1,9,0,5,7,3,0,0,0,0,0,0,2,1,2,1,52,8,-1,-1,-1,-1,3,1,E01032483,0
Unvalidated,2024101457425,2024,101457425,2,3,0,14,7,3,0,0,0,4,0,0,1,1,2,1,51,8,-1,-1,-1,-1,1,1,E01008793,0
Unvalidated,2024101457426,2024,101457426,1,9,0,18,6,8,0,8,0,0,0,0,1,1,5,2,80,11,-1,-1,-1,-1,9,1,E01027439,0
Unvalidated,2024101457426,2024,101457426,2,9,0,9,2,8,0,8,0,0,0,0,4,1,2,2,50,8,-1,-1,-1,-1,3,1,E01027423,0
Unvalidated,2024101457479,2024,101457479,1,90,0,18,5,1,0,0,0,0,0,0,4,1,6,1,30,6,-1,-1,-1,-1,-1,-1,-1,0
Unvalidated,2024101457479,2024,101457479,2,19,0,18,5,1,0,0,0,0,0,0,3,1,5,1,30,6,-1,-1,-1,-1,1,1,E01008305,0
Unvalidated,2024101457518,2024,101457518,1,9,0,5,3,7,0,6,0,0,0,0,3,1,2,1,43,7,-1,-1,-1,-1,2,2,E01027443,0
Unvalidated,2024101457518,2024,101457518,2,9,0,18,1,5,0,1,0,0,0,0,1,1,1,2,38,7,-1,-1,-1,-1,8,2,E01033717,0
Unvalidated,2024101457701,2024,101457701,1,9,0,4,6,2,0,4,0,9,0,0,2,1,6,1,24,5,-1,-1,-1,-1,-1,-1,-1,0
Unvalidated,2024101457817,2024,101457817,1,9,0,12,5,1,0,0,0,0,0,0,3,1,5,1,19,4,-1,-1,-1,-1,3,2,E01027359,0
Unvalidated,2024101457817,2024,101457817,2,9,0,18,5,1,0,0,0,0,0,0,4,1,6,1,50,8,-1,-1,-1,-1,2,1,E01027461,0
Unvalidated,2024101457862,2024,101457862,1,19,0,9,6,4,0,8,0,0,0,0,1,1,6,1,35,6,-1,-1,-1,-1,10,1,E01008419,0
Unvalidated,2024101457862,2024,101457862,2,19,0,3,5,8,0,1,0,0,0,0,1,1,5,1,38,7,-1,-1,-1,-1,5,1,E01008535,0
Unvalidated,2024101457888,2024,101457888,1,9,0,18,7,3,0,0,0,0,0,0,1,1,6,1,21,5,-1,-1,-1,-1,3,2,E01020827,0
Unvalidated,2024101457888,2024,101457888,2,9,0,3,7,3,0,0,0,0,0,0,2,1,5,2,37,7,-1,-1,-1,-1,8,1,E01008279,0
Unvalidated,2024101458055,2024,101458055,1,9,0,3,3,7,0,0,0,0,0,0,1,1,5,1,74,10,-1,-1,-1,-1,-1,-1,-1,0
Unvalidated,2024101458055,2024,101458055,2,9,0,3,3,7,0,0,0,0,0,0,2,1,5,1,63,9,-1,-1,-1,-1,-1,-1,-1,0
Unvalidated,2024101458118,2024,101458118,1,9,0,9,5,1,0,1,0,0,0,0,2,1,5,1,26,6,-1,-1,-1,-1,-1,-1,-1,0
Unvalidated,2024101458118,2024,101458118,2,3,0,18,1,5,0,1,0,0,0,0,1,1,2,1,-1,-1,-1,-1,-1,-1,-1,-1,-1,0
Unvalidated,2024101458167,2024,101458167,1,9,0,9,1,3,0,7,0,0,0,0,1,1,6,1,70,10,-1,-1,-1,-1,4,1,E01020818,0
Unvalidated,2024101458167,2024,101458167,2,9,0,18,3,7,0,8,0,0,0,0,4,1,6,1,67,10,-1,-1,-1,-1,3,1,E01008208,0
Unvalidated,2024101458193,2024,101458193,1,3,0,18,7,3,0,0,0,0,0,0,1,1,5,1,21,5,-1,-1,-1,-1,10,2,E01027369,0
Unvalidated,2024101458193,2024,101458193,2,9,0,18,3,7,0,0,0,0,0,0,1,1,5,1,29,6,-1,-1,-1,-1,9,2,E01028748,0
Unvalidated,2024101458193,2024,101458193,3,3,0,18,7,3,0,0,0,0,0,0,3,1,5,1,18,4,-1,-1,-1,-1,3,1,E01008567,0
Unvalidated,2024101458194,2024,101458194,1,9,0,18,7,3,0,0,5,0,0,0,1,2,6,1,69,10,-1,-1,-1,-1,3,1,E01008826,0
Unvalidated,2024101458207,2024,101458207,1,2,0,18,1,5,0,0,0,0,0,0,1,1,6,3,-1,-1,-1,-1,-1,-1,-1,-1,-1,0
Unvalidated,2024101458253,2024,101458253,1,9,0,18,5,1,0,0,0,0,0,0,1,1,6,1,24,5,-1,-1,-1,-1,1,1,E01008399,0
Unvalidated,2024101458253,2024,101458253,2,9,0,3,5,1,0,0,0,0,0,0,2,1,6,2,59,9,-1,-1,-1,-1,8,1,E01027407,0
Unvalidated,2024101458286,2024,101458286,1,9,0,1,-1,-1,0,6,1,0,1,0,-1,1,5,2,67,10,-1,-1,-1,-1,9,1,E01020702,0
Unvalidated,2024101458292,2024,101458292,1,9,0,18,5,1,0,0,5,0,0,0,1,1,5,2,27,6,-1,-1,-1,-1,3,2,E01027359,0
Unvalidated,2024101458434,2024,101458434,1,8,0,2,7,3,0,8,0,0,0,0,2,1,5,1,36,7,-1,-1,-1,-1,4,1,E01008202,0
Unvalidated,2024101458645,2024,101458645,1,9,0,4,7,3,0,1,0,0,0,0,2,1,6,2,79,11,-1,-1,-1,-1,8,1,E01008529,0
Unvalidated,2024101458645,2024,101458645,2,1,0,3,7,3,0,1,2,0,0,0,2,1,6,1,70,10,-1,-1,-1,-1,-1,-1,-1,0
Unvalidated,2024101458663,2024,101458663,1,9,0,18,1,5,0,1,0,0,0,0,1,1,6,1,-1,-1,-1,-1,-1,-1,-1,-1,-1,0
Unvalidated,2024101458663,2024,101458663,2,9,0,4,1,5,0,1,0,0,0,0,2,1,6,1,28,6,-1,-1,-1,-1,1,1,E01008668,0
Unvalidated,2024101458698,2024,101458698,1,9,0,15,3,7,0,8,0,0,0,0,3,1,6,3,30,6,-1,-1,-1,-1,-1,-1,-1,0
Unvalidated,2024101458698,2024,101458698,2,9,0,5,3,7,0,8,0,0,0,0,3,1,6,2,29,6,-1,-1,-1,-1,4,1,E01008202,0
Unvalidated,2024101458880,2024,101458880,1,9,0,12,5,1,0,0,0,0,0,0,1,1,6,2,39,7,-1,-1,-1,-1,-1,-1,-1,0
Unvalidated,2024101458880,2024,101458880,2,9,0,12,5,1,0,0,0,0,0,0,2,1,6,1,35,6,-1,-1,-1,-1,-1,-1,-1,0
Unvalidated,2024101458943,2024,101458943,1,9,0,18,3,7,0,8,5,7,0,0,3,1,5,1,30,6,-1,-1,-1,-1,-1,-1,-1,0
Unvalidated,2024101458943,2024,101458943,2,9,0,18,5,1,0,8,1,0,0,0,1,1,5,1,32,6,-1,-1,-1,-1,8,1,E01008363,0
Unvalidated,2024101459013,2024,101459013,1,97,0,18,5,1,0,0,0,0,0,0,1,1,5,1,31,6,-1,-1,-1,-1,4,1,E01008592,0
Unvalidated,2024101459013,2024,101459013,2,97,0,18,5,1,0,0,0,0,0,0,2,1,5,1,64,9,-1,-1,-1,-1,5,1,E01008643,0
Unvalidated,2024101459013,2024,101459013,3,5,0,18,5,1,0,0,0,0,0,0,2,1,5,1,41,7,-1,-1,-1,-1,4,1,E01008875,0
Unvalidated,2024101459032,2024,101459032,1,90,-1,9,8,4,0,0,2,0,0,0,1,1,5,1,12,3,-1,-1,-1,-1,-1,-1,-1,1
Unvalidated,2024101459032,2024,101459032,2,9,0,18,6,2,0,0,0,0,0,0,1,1,5,2,74,10,-1,-1,-1,-1,2,1,E01027427,0
Unvalidated,2024101459110,2024,101459110,1,9,0,18,4,2,0,1,0,0,0,0,1,1,5,1,22,5,-1,-1,-1,-1,1,1,E01008439,0
Unvalidated,2024101459237,2024,101459237,1,90,0,18,8,4,0,0,0,0,0,0,1,1,6,2,11,3,-1,-1,-1,-1,2,1,E01008300,0
Unvalidated,2024101459237,2024,101459237,2,9,0,5,5,1,0,0,0,0,0,0,4,1,6,2,42,7,-1,-1,-1,-1,10,3,E01027469,0
Unvalidated,2024101459297,2024,101459297,1,9,0,18,3,7,0,0,0,0,0,0,1,1,6,2,29,6,-1,-1,-1,-1,7,1,E01008197,0
Unvalidated,2024101459297,2024,101459297,2,9,0,3,3,7,0,0,0,0,0,0,2,1,6,2,32,6,-1,-1,-1,-1,7,1,E01008197,0
Unvalidated,2024101459343,2024,101459343,1,9,0,9,8,6,0,8,0,0,0,0,3,1,6,1,41,7,-1,-1,-1,-1,1,1,E01008484,0
Unvalidated,2024101459343,2024,101459343,2,5,0,18,6,2,0,8,5,0,0,0,1,1,6,1,56,9,-1,-1,-1,-1,7,1,E01008585,0
Unvalidated,2024101459414,2024,101459414,1,9,0,18,4,8,0,8,0,0,0,0,1,1,6,1,-1,-1,-1,-1,-1,-1,-1,-1,-1,0
Unvalidated,2024101459414,2024,101459414,2,1,0,18,6,2,0,8,5,0,0,0,3,1,5,1,8,2,-1,-1,-1,-1,2,1,E01008773,0
Unvalidated,2024101459538,2024,101459538,1,9,0,9,1,7,0,0,0,0,0,0,1,1,5,1,78,11,-1,-1,-1,-1,6,1,E01010685,0
Unvalidated,2024101459538,2024,101459538,2,5,0,18,5,1,0,0,1,0,7,0,1,1,5,1,59,9,-1,-1,-1,-1,-1,-1,-1,0
Unvalidated,2024101459628,2024,101459628,1,9,0,18,7,3,0,1,0,0,0,0,1,1,5,1,71,10,-1,-1,-1,-1,-1,-1,-1,0
Unvalidated,2024101459628,2024,101459628,2,19,0,4,7,3,0,1,0,0,0,0,4,1,5,1,42,7,-1,-1,-1,-1,-1,-1,-1,0
Unvalidated,2024101459679,2024,101459679,1,19,0,4,7,3,0,0,0,0,0,0,1,1,1,1,-1,-1,-1,-1,-1,-1,-1,-1,-1,0
Unvalidated,2024101459679,2024,101459679,2,9,0,3,7,3,0,0,0,0,0,0,2,1,6,2,29,6,-1,-1,-1,-1,5,1,E01020657,0
Unvalidated,2024101459743,2024,101459743,1,11,0,-1,-1,-1,-1,-1,0,0,0,0,0,1,1,3,-1,-1,-1,-1,-1,-1,-1,-1,-1,0
Unvalidated,2024101459894,2024,101459894,1,11,0,4,8,4,0,8,0,0,0,0,4,1,1,1,59,9,-1,-1,-1,-1,7,1,E01008843,0
Unvalidated,2024101459920,2024,101459920,1,9,0,4,1,5,0,8,0,0,0,0,3,1,5,1,50,8,-1,-1,-1,-1,2,1,E01027427,0
Unvalidated,2024101459920,2024,101459920,2,9,0,18,5,1,0,8,0,0,0,0,4,1,5,1,38,7,-1,-1,-1,-1,6,1,E01008394,0
Unvalidated,2024101459998,2024,101459998,1,9,0,18,6,2,0,0,0,0,0,0,1,1,5,2,82,11,-1,-1,-1,-1,9,3,E01008200,0
Unvalidated,2024101459998,2024,101459998,2,1,0,18,6,2,0,0,0,0,0,0,2,1,5,1,45,7,-1,-1,-1,-1,4,1,E01008445,0
Unvalidated,2024101460043,2024,101460043,1,11,0,18,7,3,0,0,0,0,0,0,1,1,1,1,58,9,-1,-1,-1,-1,1,1,E01008743,0
Unvalidated,2024101460043,2024,101460043,2,9,0,18,5,1,0,0,0,0,0,0,4,1,6,1,42,7,-1,-1,-1,-1,4,1,E01008880,0
Unvalidated,2024101460059,2024,101460059,1,9,0,4,8,4,0,0,0,0,0,0,4,1,1,1,51,8,-1,-1,-1,-1,2,1,E01008694,0
Unvalidated,2024101460059,2024,101460059,2,9,0,18,8,2,0,0,0,0,0,0,1,1,5,1,60,9,-1,-1,-1,-1,6,1,E01008768,0
Unvalidated,2024101460068,2024,101460068,1,9,0,4,1,5,0,0,0,0,0,0,1,1,5,1,75,10,-1,-1,-1,-1,5,1,E01008787,0
Unvalidated,2024101460285,2024,101460285,1,9,0,18,5,1,0,8,0,0,0,0,1,1,2,2,25,5,-1,-1,-1,-1,-1,-1,-1,0
Unvalidated,2024101460285,2024,101460285,2,9,0,9,7,3,0,8,0,0,0,0,3,1,5,2,41,7,-1,-1,-1,-1,3,1,E01008263,0
Unvalidated,2024101460285,2024,101460285,3,9,0,3,7,3,0,8,0,0,0,0,4,1,5,1,36,7,-1,-1,-1,-1,4,1,E01008605,0
Unvalidated,2024101460296,2024,101460296,1,9,0,5,1,3,0,0,0,0,0,0,0,1,6,1,26,6,-1,-1,-1,-1,2,1,E01008575,0
Unvalidated,2024101460296,2024,101460296,2,9,0,7,1,3,0,0,0,0,0,0,0,1,6,2,24,5,-1,-1,-1,-1,2,1,E01008430,0
Unvalidated,2024101460548,2024,101460548,1,9,0,18,7,3,0,8,0,0,1,0,1,1,6,1,68,10,-1,-1,-1,-1,-1,-1,-1,0
Unvalidated,2024101460548,2024,101460548,2,9,0,18,1,5,0,8,0,0,0,0,1,1,6,2,60,9,-1,-1,-1,-1,-1,-1,-1,0
Unvalidated,2024101460579,2024,101460579,1,19,0,18,1,5,0,1,0,0,1,0,1,1,1,1,28,6,-1,-1,-1,-1,8,2,E01027554,0
Unvalidated,2024101460579,2024,101460579,2,9,0,10,1,5,0,1,1,0,0,0,2,1,5,2,43,7,-1,-1,-1,-1,2,2,E01027443,0
Unvalidated,2024101460687,2024,101460687,1,9,0,9,5,3,0,8,5,0,0,0,4,1,6,1,23,5,-1,-1,-1,-1,3,1,E01008576,0
Unvalidated,2024101460687,2024,101460687,2,9,0,18,7,3,0,1,0,0,0,0,1,1,2,2,32,6,-1,-1,-1,-1,5,1,E01008356,0
Unvalidated,2024101460705,2024,101460705,1,90,0,18,5,1,-1,0,0,0,0,0,2,1,5,1,13,3,-1,-1,-1,-1,-1,-1,-1,0
Unvalidated,2024101460711,2024,101460711,1,9,0,18,5,1,0,8,0,0,0,0,1,1,6,3,-1,-1,-1,-1,-1,-1,-1,-1,-1,0
Unvalidated,2024101460881,2024,101460881,1,9,0,18,2,6,0,8,1,0,3,10,1,1,6,1,22,5,-1,-1,-1,-1,2,3,E01027552,0
Unvalidated,2024101461031,2024,101461031,1,19,0,10,2,6,0,6,0,0,0,0,1,1,1,1,45,7,-1,-1,-1,-1,-1,-1,-1,0
Unvalidated,2024101461031,2024,101461031,2,5,0,18,1,5,0,1,1,0,7,0,4,1,5,1,67,10,-1,-1,-1,-1,-1,-1,-1,0
Unvalidated,2024101461219,2024,101461219,1,9,0,7,1,3,9,8,0,0,0,0,1,1,6,1,45,7,-1,-1,-1,-1,-1,-1,-1,0
Unvalidated,2024101461265,2024,101461265,1,19,0,18,5,1,0,1,0,0,0,0,4,1,1,3,20,4,-1,-1,-1,-1,-1,-1,-1,0
Unvalidated,2024101461265,2024,101461265,2,9,0,4,5,8,0,1,0,0,0,0,3,1,5,2,32,6,-1,-1,-1,-1,5,3,E01027448,0
Unvalidated,2024101461272,2024,101461272,1,9,0,18,5,8,0,1,0,0,0,0,3,1,5,2,57,9,-1,-1,-1,-1,5,1,E01008514,0
Unvalidated,2024101461272,2024,101461272,2,90,0,18,3,6,0,6,0,0,0,0,1,1,5,1,14,3,-1,-1,-1,-1,5,1,E01008514,0
Unvalidated,2024101461321,2024,101461321,1,9,0,18,3,7,0,0,0,0,0,0,1,1,6,1,72,10,-1,-1,-1,-1,4,1,E01027408,0
Unvalidated,2024101461321,2024,101461321,2,9,0,18,3,7,0,0,0,0,0,0,2,1,5,2,79,11,-1,-1,-1,-1,8,1,E01027514,0
Unvalidated,2024101461348,2024,101461348,1,97,0,13,7,3,0,1,2,0,0,0,1,1,6,1,21,5,-1,-1,-1,-1,-1,-1,-1,0
Unvalidated,2024101461348,2024,101461348,2,9,0,9,7,3,0,1,0,0,0,0,2,1,6,2,47,8,-1,-1,-1,-1,-1,-1,-1,0
Unvalidated,2024101461350,2024,101461350,1,9,0,-1,-1,-1,-1,0,-1,-1,-1,0,-1,1,6,1,-1,-1,-1,-1,-1,-1,-1,-1,-1,0
Unvalidated,2024101461350,2024,101461350,2,9,0,2,1,5,0,0,0,0,0,0,0,1,6,3,-1,-1,-1,-1,-1,-1,-1,-1,-1,0
Unvalidated,2024101461403,2024,101461403,1,19,0,18,8,4,0,0,0,0,0,0,1,1,1,1,51,8,-1,-1,-1,-1,5,1,E01008514,0
Unvalidated,2024101461403,2024,101461403,2,9,0,18,4,8,0,0,0,0,0,0,1,1,5,1,18,4,-1,-1,-1,-1,10,1,E01033550,0
Unvalidated,2024101461563,2024,101461563,1,19,0,18,6,3,0,1,0,0,0,0,1,1,6,1,55,8,-1,-1,-1,-1,2,1,E01008477,0
Unvalidated,2024101461563,2024,101461563,2,9,0,10,6,4,0,4,0,0,0,0,2,1,1,1,39,7,-1,-1,-1,-1,4,2,E01027421,0
Unvalidated,2024101461601,2024,101461601,1,9,0,4,5,1,0,1,0,0,0,0,1,1,5,1,78,11,-1,-1,-1,-1,8,1,E01008734,0
Unvalidated,2024101461601,2024,101461601,2,9,0,8,4,7,0,1,0,0,0,0,2,1,3,1,45,7,-1,-1,-1,-1,3,1,E01008594,0
Unvalidated,2024101461632,2024,101461632,1,5,0,18,3,7,0,1,1,0,0,0,1,1,5,1,40,7,-1,-1,-1,-1,10,1,E01008475,0
Unvalidated,2024101461632,2024,101461632,2,9,0,18,7,3,0,2,0,0,1,0,1,1,5,1,79,11,-1,-1,-1,-1,9,2,E01033714,0
Unvalidated,2024101461686,2024,101461686,1,19,0,18,5,1,0,0,0,0,0,0,1,1,1,1,47,8,-1,-1,-1,-1,1,2,E01020873,0
Unvalidated,2024101461686,2024,101461686,2,9,0,18,5,1,0,0,1,0,0,0,2,1,5,1,75,10,-1,-1,-1,-1,10,2,E01027464,0
Unvalidated,2024101461760,2024,101461760,1,9,0,18,3,7,0,8,0,0,0,0,3,1,5,2,72,10,-1,-1,-1,-1,10,1,E01014776,0
Unvalidated,2024101461760,2024,101461760,2,9,0,7,5,3,0,8,0,0,0,0,1,1,5,1,17,4,-1,-1,-1,-1,3,2,E01027359,0
Unvalidated,2024101461772,2024,101461772,1,3,0,18,5,1,0,0,0,0,0,0,1,1,5,1,14,3,-1,-1,-1,-1,1,1,E01008345,0
Unvalidated,2024101461772,2024,101461772,2,9,0,18,1,5,0,0,0,0,0,0,1,1,1,1,37,7,-1,-1,-1,-1,3,1,E01008395,0
Unvalidated,2024101461836,2024,101461836,1,9,0,9,1,7,0,8,0,0,1,0,4,1,5,2,21,5,-1,-1,-1,-1,4,1,E01008404,0
Unvalidated,2024101461836,2024,101461836,2,9,0,18,3,7,0,1,0,0,0,0,1,1,5,2,20,4,-1,-1,-1,-1,10,2,E01027464,0
Unvalidated,2024101461851,2024,101461851,1,8,0,4,8,4,0,0,0,0,0,0,1,1,1,1,38,7,-1,-1,-1,-1,9,1,E01008443,0
Unvalidated,2024101461851,2024,101461851,2,9,0,4,8,4,0,0,0,0,0,0,2,1,5,2,30,6,-1,-1,-1,-1,5,1,E01020590,0
Unvalidated,2024101461851,2024,101461851,3,9,0,18,8,4,0,0,0,0,0,0,1,1,5,1,40,7,-1,-1,-1,-1,-1,-1,-1,0
Unvalidated,2024101461852,2024,101461852,1,9,0,18,4,6,0,1,0,0,0,0,1,1,2,2,25,5,-1,-1,-1,-1,5,2,E01027383,0
Unvalidated,2024101461852,2024,101461852,2,9,0,10,4,6,0,1,0,0,0,0,3,1,2,2,18,4,-1,-1,-1,-1,9,3,E01027367,0
Unvalidated,2024101461886,2024,101461886,1,9,0,18,8,8,0,5,0,0,0,0,1,1,5,2,63,9,-1,-1,-1,-1,3,1,E01008567,0
Unvalidated,2024101461948,2024,101461948,1,9,0,18,1,5,0,0,0,0,1,0,2,1,6,1,76,11,-1,-1,-1,-1,5,1,E01007828,0
Unvalidated,2024101461948,2024,101461948,2,9,0,18,5,1,0,0,1,10,5,0,1,1,6,1,21,5,-1,-1,-1,-1,4,2,E01008565,0
Unvalidated,2024101462069,2024,101462069,1,9,0,18,3,7,0,1,0,0,0,0,1,1,6,1,17,4,-1,-1,-1,-1,10,1,E01008420,0
Unvalidated,2024101462069,2024,101462069,2,1,0,18,3,7,0,1,0,0,0,0,-1,1,6,1,42,7,-1,-1,-1,-1,6,1,E01008352,0
Unvalidated,2024101462153,2024,101462153,1,9,0,18,1,5,0,0,0,0,0,0,1,1,6,1,-1,-1,-1,-1,-1,-1,-1,-1,-1,0
Unvalidated,2024101462153,2024,101462153,2,9,0,4,1,5,0,0,0,0,0,0,2,1,6,1,26,6,-1,-1,-1,-1,-1,-1,-1,0
Unvalidated,2024101462400,2024,101462400,1,9,0,18,8,4,0,0,5,0,8,0,1,1,5,1,25,5,-1,-1,-1,-1,2,1,E01027493,0
Unvalidated,2024101462517,2024,101462517,1,-1,0,18,1,5,0,6,0,0,0,0,1,2,5,1,49,8,-1,-1,-1,-1,-1,-1,-1,0
Unvalidated,2024101462517,2024,101462517,2,9,0,18,1,5,0,6,0,0,0,0,1,1,6,1,80,11,-1,-1,-1,-1,7,1,E01027378,0
Unvalidated,2024101462715,2024,101462715,1,9,0,18,4,6,0,0,0,0,0,0,1,1,5,2,43,7,-1,-1,-1,-1,-1,-1,-1,0
Unvalidated,2024101462715,2024,101462715,2,9,0,4,1,2,0,0,0,0,0,0,1,2,5,1,77,11,-1,-1,-1,-1,-1,-1,-1,0
Unvalidated,2024101462724,2024,101462724,1,9,0,18,5,1,0,8,0,0,0,0,1,1,1,1,29,6,-1,-1,-1,-1,2,1,E01008335,0