status,collision_index,collision_year,collision_reference,vehicle_reference,vehicle_type,towing_and_articulation,vehicle_manoeuvre,vehicle_direction_from,vehicle_direction_to,vehicle_location_restricted_lane,junction_location,skidding_and_overturning,hit_object_in_carriageway,vehicle_leaving_carriageway,hit_object_off_carriageway,first_point_of_impact,vehicle_left_hand_drive,journey_purpose_of_driver,sex_of_driver,age_of_driver,age_band_of_driver,engine_capacity_cc,propulsion_code,age_of_vehicle,generic_make_model,driver_imd_decile,driver_home_area_type,lsoa_of_driver,escooter_flag
Unvalidated,2024101462724,2024,101462724,2,9,0,9,7,5,0,8,1,0,0,0,1,1,6,1,18,4,-1,-1,-1,-1,4,1,E01008404,0
Unvalidated,2024101462733,2024,101462733,1,9,0,5,1,1,0,0,0,0,0,0,1,1,5,1,-1,-1,-1,-1,-1,-1,-1,-1,-1,0
Unvalidated,2024101462733,2024,101462733,2,9,0,5,1,1,0,0,0,0,0,0,2,1,5,2,-1,-1,-1,-1,-1,-1,-1,-1,-1,0
Unvalidated,2024101463016,2024,101463016,1,98,-1,12,1,7,0,0,0,0,0,0,3,1,1,1,54,8,-1,-1,-1,-1,-1,-1,-1,0
Unvalidated,2024101463016,2024,101463016,2,9,0,18,1,7,0,0,0,0,0,0,3,1,6,1,46,8,-1,-1,-1,-1,3,1,E01027537,0
Unvalidated,2024101463466,2024,101463466,1,1,0,18,5,1,0,1,0,0,0,0,1,1,6,1,52,8,-1,-1,-1,-1,9,1,E01008448,0
Unvalidated,2024101463466,2024,101463466,2,9,0,18,3,7,0,1,0,0,0,0,3,1,6,2,19,4,-1,-1,-1,-1,2,1,E01008253,0
Unvalidated,2024101465446,2024,101465446,1,9,0,18,1,5,0,0,0,0,0,0,1,1,6,3,20,4,-1,-1,-1,-1,-1,-1,-1,0
Unvalidated,2024101465992,2024,101465992,1,9,0,18,7,3,0,0,0,4,1,0,4,1,6,1,27,6,-1,-1,-1,-1,6,3,E01008685,0
Unvalidated,2024101465992,2024,101465992,2,9,0,2,0,0,0,0,0,0,1,0,3,1,6,2,44,7,-1,-1,-1,-1,7,1,E01008765,0
Unvalidated,2024101465992,2024,101465992,3,9,0,2,0,0,9,0,0,0,0,0,4,1,6,1,74,10,-1,-1,-1,-1,7,1,E01008765,0
Unvalidated,2024101468705,2024,101468705,1,9,0,7,7,1,0,8,0,4,0,0,1,1,6,2,54,8,-1,-1,-1,-1,4,1,E01008219,0
Unvalidated,2024101468705,2024,101468705,2,98,0,2,1,7,0,1,0,0,0,0,1,1,1,1,35,6,-1,-1,-1,-1,4,1,E01027550,0
Unvalidated,2024101471671,2024,101471671,1,19,0,18,6,2,0,0,0,0,0,0,1,1,6,1,27,6,-1,-1,-1,-1,4,1,E01027524,0
Unvalidated,2024101471671,2024,101471671,2,1,0,18,6,2,0,0,0,0,0,0,2,1,6,1,63,9,-1,-1,-1,-1,8,2,E01027554,0
Unvalidated,2024101473344,2024,101473344,1,9,0,18,5,1,0,1,0,0,0,0,1,1,6,1,37,7,-1,-1,-1,-1,2,1,E01008231,0
Unvalidated,2024101473344,2024,101473344,2,9,0,18,5,1,0,1,0,0,0,0,2,1,6,1,33,6,-1,-1,-1,-1,4,1,E01008229,0
Unvalidated,2024101473344,2024,101473344,3,9,0,10,5,1,0,1,0,0,0,0,2,1,6,1,36,7,-1,-1,-1,-1,4,1,E01008833,0
Unvalidated,2024101476821,2024,101476821,1,1,0,12,6,3,0,0,0,0,7,0,3,1,6,2,67,10,-1,-1,-1,-1,-1,-1,-1,0
Unvalidated,2024101476821,2024,101476821,2,9,0,15,6,2,0,0,0,0,0,0,1,2,6,1,73,10,-1,-1,-1,-1,4,3,E01027382,0
Unvalidated,2024101477255,2024,101477255,1,21,1,11,7,3,0,8,0,0,0,0,4,1,1,1,52,8,-1,-1,-1,-1,2,1,E01011915,0
Unvalidated,2024101477255,2024,101477255,2,9,0,18,7,3,0,8,0,0,0,0,3,1,6,1,59,9,-1,-1,-1,-1,5,1,E01008343,0
Unvalidated,2024101481143,2024,101481143,1,3,0,13,4,8,0,1,2,0,0,0,1,1,1,1,31,6,-1,-1,-1,-1,7,2,E01027364,0
Unvalidated,2024101481143,2024,101481143,2,9,0,9,4,8,0,8,0,0,0,0,3,1,6,2,26,6,-1,-1,-1,-1,4,1,E01027498,0
Unvalidated,2024101481683,2024,101481683,1,11,0,18,2,6,0,0,0,11,0,0,1,2,1,1,32,6,-1,-1,-1,-1,9,1,E01008775,0
Unvalidated,2024101482341,2024,101482341,1,9,0,18,8,4,0,8,0,0,0,0,1,1,5,1,40,7,-1,-1,-1,-1,8,1,E01008642,0
Unvalidated,2024101482341,2024,101482341,2,9,0,10,4,3,0,1,0,0,0,0,1,1,6,2,44,7,-1,-1,-1,-1,6,1,E01008629,0
Unvalidated,2024101484528,2024,101484528,1,21,0,9,7,1,0,0,0,0,0,0,3,1,1,1,21,5,-1,-1,-1,-1,2,1,E01008684,0
Unvalidated,2024101486221,2024,101486221,1,9,0,9,8,4,0,2,0,0,0,0,1,1,6,1,-1,-1,-1,-1,-1,-1,-1,-1,-1,0
Unvalidated,2024101486221,2024,101486221,2,19,0,18,4,8,0,1,0,0,0,0,1,1,6,1,-1,-1,-1,-1,-1,-1,7,1,E01008845,0
Unvalidated,2024101503022,2024,101503022,1,9,0,18,1,5,0,0,1,0,0,0,1,1,6,1,33,6,-1,-1,-1,-1,1,2,E01027451,0
Unvalidated,2024101503022,2024,101503022,2,9,0,18,7,3,0,0,0,0,0,0,2,1,2,1,40,7,-1,-1,-1,-1,9,1,E01027549,0
Unvalidated,2024111393690,2024,111393690,1,9,0,18,7,3,9,2,0,0,0,0,1,1,5,1,18,4,-1,-1,-1,-1,6,3,E01033161,0
Unvalidated,2024111394627,2024,111394627,1,9,0,18,8,4,0,0,0,0,0,0,1,1,6,1,33,6,-1,-1,-1,-1,9,2,E01012339,0
Unvalidated,2024111394627,2024,111394627,2,9,0,18,8,4,0,0,0,0,0,0,2,1,6,1,60,9,-1,-1,-1,-1,8,1,E01012365,0
Unvalidated,2024111395043,2024,111395043,1,9,0,14,7,3,0,0,0,0,0,0,3,1,6,3,30,6,-1,-1,-1,-1,-1,-1,-1,0
Unvalidated,2024111395043,2024,111395043,2,9,0,18,3,7,0,0,0,0,0,0,3,1,6,1,38,7,-1,-1,-1,-1,8,2,E01020731,0
Unvalidated,2024111395110,2024,111395110,1,11,0,5,2,4,0,8,0,0,0,0,1,1,1,1,63,9,-1,-1,-1,-1,4,1,E01012340,0
Unvalidated,2024111395110,2024,111395110,2,1,0,18,1,5,0,8,0,0,1,0,1,1,5,1,63,9,-1,-1,-1,-1,-1,-1,-1,0
Unvalidated,2024111395133,2024,111395133,1,9,0,18,6,3,0,0,0,0,0,0,1,1,6,3,30,6,-1,-1,-1,-1,-1,-1,-1,0
Unvalidated,2024111396211,2024,111396211,1,19,0,18,4,7,0,1,0,0,0,0,1,1,6,1,30,6,-1,-1,-1,-1,-1,-1,-1,0
Unvalidated,2024111396211,2024,111396211,2,9,0,18,7,4,0,1,0,0,0,0,3,1,3,2,39,7,-1,-1,-1,-1,-1,-1,-1,0
Unvalidated,2024111397322,2024,111397322,1,9,0,18,7,3,9,0,0,0,1,11,4,1,6,1,64,9,-1,-1,-1,-1,5,1,E01008686,0
Unvalidated,2024111398182,2024,111398182,1,9,0,18,5,1,0,0,0,0,0,0,4,1,5,1,33,6,-1,-1,-1,-1,2,3,E01020727,0
Unvalidated,2024111398182,2024,111398182,2,21,1,2,5,1,0,0,0,0,0,0,3,1,2,1,31,6,-1,-1,-1,-1,1,1,E01008090,0
Unvalidated,2024111398842,2024,111398842,1,19,0,18,1,5,0,1,0,0,0,0,1,1,1,1,30,6,-1,-1,-1,-1,-1,-1,-1,0
Unvalidated,2024111398842,2024,111398842,2,9,0,10,1,5,0,1,0,0,0,0,2,1,6,1,27,6,-1,-1,-1,-1,4,3,E01020669,0
Unvalidated,2024111398872,2024,111398872,1,19,0,18,5,1,0,1,0,0,0,0,4,1,1,3,30,6,-1,-1,-1,-1,-1,-1,-1,0
Unvalidated,2024111399371,2024,111399371,1,9,0,18,7,2,0,2,0,0,0,0,1,1,3,1,39,7,-1,-1,-1,-1,9,3,E01020664,0
Unvalidated,2024111399371,2024,111399371,2,9,0,3,7,2,0,2,0,0,0,0,2,1,3,2,47,8,-1,-1,-1,-1,7,2,E01020637,0
Unvalidated,2024111399410,2024,111399410,1,19,0,9,4,2,0,1,0,0,0,0,4,1,6,3,30,6,-1,-1,-1,-1,-1,-1,-1,0
Unvalidated,2024111399410,2024,111399410,2,11,0,18,7,2,0,1,0,0,0,0,1,1,1,3,30,6,-1,-1,-1,-1,-1,-1,-1,0
Unvalidated,2024111400211,2024,111400211,1,9,0,18,5,1,0,4,0,0,0,0,1,1,6,3,30,6,-1,-1,-1,-1,-1,-1,-1,0
Unvalidated,2024111400211,2024,111400211,2,9,0,18,3,7,0,3,0,0,0,0,4,1,6,1,28,6,-1,-1,-1,-1,6,2,E01020794,0
Unvalidated,2024111400426,2024,111400426,1,3,0,18,1,5,0,0,5,0,0,0,1,1,2,1,21,5,-1,-1,-1,-1,3,1,E01012313,0
Unvalidated,2024111400426,2024,111400426,2,9,0,18,1,5,0,0,0,0,0,0,2,1,5,2,46,8,-1,-1,-1,-1,4,1,E01020826,0
Unvalidated,2024111400446,2024,111400446,1,9,0,18,1,5,0,0,1,10,2,0,1,1,6,1,17,4,-1,-1,-1,-1,5,1,E01008811,0
Unvalidated,2024111400446,2024,111400446,2,9,0,18,5,1,0,0,0,0,0,0,1,1,6,2,69,10,-1,-1,-1,-1,3,1,E01008769,0
Unvalidated,2024111400563,2024,111400563,1,9,0,18,4,8,0,0,0,0,7,11,1,1,2,1,19,4,-1,-1,-1,-1,10,1,E01012336,0
Unvalidated,2024111401505,2024,111401505,1,9,0,9,7,5,0,1,0,0,0,0,4,1,6,1,30,6,-1,-1,-1,-1,-1,-1,-1,0
Unvalidated,2024111401505,2024,111401505,2,9,0,18,3,7,0,1,0,0,0,0,1,1,2,2,32,6,-1,-1,-1,-1,1,1,E01020724,0
Unvalidated,2024111401699,2024,111401699,1,9,0,18,7,3,0,0,0,10,1,0,4,1,6,1,63,9,-1,-1,-1,-1,4,1,E01020871,0
Unvalidated,2024111401699,2024,111401699,2,19,0,18,7,3,0,0,0,0,0,0,3,1,2,1,41,7,-1,-1,-1,-1,4,3,E01020893,0
Unvalidated,2024111401928,2024,111401928,1,19,0,18,1,5,0,1,0,0,0,0,1,1,6,1,30,6,-1,-1,-1,-1,5,3,E01020695,0
Unvalidated,2024111402331,2024,111402331,1,4,0,18,8,4,0,0,0,4,0,0,1,1,5,1,22,5,-1,-1,-1,-1,2,1,E01012314,0
Unvalidated,2024111402331,2024,111402331,2,9,0,2,8,4,0,0,0,0,0,0,2,1,6,3,-1,-1,-1,-1,-1,-1,-1,-1,-1,0
Unvalidated,2024111402389,2024,111402389,1,9,0,1,7,3,0,0,0,0,0,0,2,1,1,1,35,6,-1,-1,-1,-1,9,1,E01012200,0
Unvalidated,2024111402685,2024,111402685,1,3,0,18,7,3,0,4,1,10,3,0,1,1,1,1,23,5,-1,-1,-1,-1,1,1,E01012341,0
Unvalidated,2024111402732,2024,111402732,1,9,0,18,3,7,0,1,0,0,0,0,4,1,5,1,36,7,-1,-1,-1,-1,2,1,E01020672,0
Unvalidated,2024111402792,2024,111402792,1,9,0,18,2,6,0,0,0,0,0,0,1,1,3,2,31,6,-1,-1,-1,-1,7,3,E01020637,0
Unvalidated,2024111402792,2024,111402792,2,9,0,18,2,6,0,0,0,0,0,0,2,1,3,1,39,7,-1,-1,-1,-1,2,2,E01020645,0
Unvalidated,2024111402925,2024,111402925,1,97,0,-1,-1,-1,-1,0,-1,-1,-1,0,-1,1,6,3,30,6,-1,-1,-1,-1,-1,-1,-1,0
Unvalidated,2024111402925,2024,111402925,2,-1,0,9,1,7,0,0,0,0,0,0,4,1,6,2,61,9,-1,-1,-1,-1,9,2,E01012346,0
Unvalidated,2024111403129,2024,111403129,1,9,0,18,5,8,0,3,0,0,0,0,1,1,6,1,58,9,-1,-1,-1,-1,5,2,E01020706,0
Unvalidated,2024111403641,2024,111403641,1,9,0,18,5,3,0,2,0,0,0,0,1,1,6,1,30,6,-1,-1,-1,-1,4,1,E01020783,0
Unvalidated,2024111403641,2024,111403641,2,9,0,7,5,3,0,2,0,0,0,0,2,1,5,1,34,6,-1,-1,-1,-1,5,1,E01020781,0
Unvalidated,2024111404565,2024,111404565,1,9,0,18,1,5,0,1,0,0,0,0,4,1,6,3,-1,-1,-1,-1,-1,-1,-1,-1,-1,0
Unvalidated,2024111404582,2024,111404582,1,9,0,18,7,3,0,0,0,0,0,0,1,1,6,2,20,4,-1,-1,-1,-1,7,1,E01008745,0
Unvalidated,2024111404597,2024,111404597,1,11,0,4,7,3,0,2,0,0,0,0,0,1,1,1,26,6,-1,-1,-1,-1,6,1,E01012323,0
Unvalidated,2024111404652,2024,111404652,1,9,0,18,5,8,0,0,1,0,1,0,1,1,2,1,31,6,-1,-1,-1,-1,1,1,E01020844,0
Unvalidated,2024111404652,2024,111404652,2,9,0,18,8,4,0,0,1,0,0,0,4,1,2,1,55,8,-1,-1,-1,-1,7,3,E01012269,0
Unvalidated,2024111404652,2024,111404652,3,9,0,18,4,6,0,0,0,0,0,0,1,1,2,2,60,9,-1,-1,-1,-1,6,1,E01020815,0
Unvalidated,2024111404740,2024,111404740,1,8,0,18,6,1,0,1,0,0,0,0,1,1,1,1,60,9,-1,-1,-1,-1,3,2,E01020658,0
Unvalidated,2024111404740,2024,111404740,2,9,0,9,1,8,0,1,0,0,0,0,4,1,2,1,19,4,-1,-1,-1,-1,1,2,E01020898,0
Unvalidated,2024111404831,2024,111404831,1,9,0,18,2,6,0,1,0,0,0,0,1,1,6,2,70,10,-1,-1,-1,-1,-1,-1,-1,0
Unvalidated,2024111404831,2024,111404831,2,10,0,3,2,4,0,1,0,0,0,0,2,1,1,2,57,9,-1,-1,-1,-1,4,3,E01020644,0
Unvalidated,2024111404854,2024,111404854,1,9,0,18,4,8,0,1,0,0,1,0,1,1,6,2,24,5,-1,-1,-1,-1,1,1,E01020724,0
Unvalidated,2024111404907,2024,111404907,1,9,0,18,1,5,0,8,0,7,3,0,3,1,6,2,26,6,-1,-1,-1,-1,9,1,E01020692,0
Unvalidated,2024111404907,2024,111404907,2,9,0,18,6,2,0,8,0,0,0,0,1,1,2,1,54,8,-1,-1,-1,-1,5,3,E01019309,0
Unvalidated,2024111405052,2024,111405052,1,9,0,7,7,3,0,2,0,0,0,0,1,1,1,1,23,5,-1,-1,-1,-1,3,2,E01020877,0
Unvalidated,2024111405397,2024,111405397,1,9,0,18,1,5,0,2,1,0,3,1,1,1,6,2,26,6,-1,-1,-1,-1,7,3,E01012345,0
Unvalidated,2024111405397,2024,111405397,2,9,0,18,1,5,0,1,0,0,0,0,0,1,5,2,27,6,-1,-1,-1,-1,-1,-1,-1,0
Unvalidated,2024111405696,2024,111405696,1,8,0,9,3,5,0,8,0,0,0,0,1,1,1,1,42,7,-1,-1,-1,-1,1,1,E01020816,0
Unvalidated,2024111405868,2024,111405868,1,98,0,18,2,7,0,8,0,0,0,0,1,1,1,1,52,8,-1,-1,-1,-1,4,1,E01012043,0
Unvalidated,2024111405868,2024,111405868,2,1,0,18,7,2,0,8,0,0,0,0,2,1,5,1,55,8,-1,-1,-1,-1,-1,2,-1,0
Unvalidated,2024111406309,2024,111406309,1,9,0,18,2,8,0,4,0,0,0,0,1,1,6,3,30,6,-1,-1,-1,-1,-1,-1,-1,0
Unvalidated,2024111406309,2024,111406309,2,9,0,5,8,4,0,4,1,0,0,0,4,1,3,2,19,4,-1,-1,-1,-1,10,2,E01020829,0
Unvalidated,2024111406622,2024,111406622,1,9,0,18,5,1,0,0,5,0,7,0,1,1,1,1,32,6,-1,-1,-1,-1,8,1,E01033164,0
Unvalidated,2024111406667,2024,111406667,1,9,0,8,8,4,0,1,0,0,0,0,1,1,6,2,42,7,-1,-1,-1,-1,4,1,E01020801,0
Unvalidated,2024111406705,2024,111406705,1,9,0,4,5,1,0,0,0,0,0,0,2,1,6,1,82,11,-1,-1,-1,-1,3,2,E01020811,0
Unvalidated,2024111406705,2024,111406705,2,9,0,18,5,1,0,0,0,0,0,0,1,1,6,2,87,11,-1,-1,-1,-1,5,3,E01020865,0
Unvalidated,2024111406732,2024,111406732,1,19,0,18,2,6,9,1,0,0,0,0,3,1,6,1,50,8,-1,-1,-1,-1,-1,-1,-1,0
Unvalidated,2024111406755,2024,111406755,1,9,0,4,5,1,0,0,0,0,0,0,1,1,6,2,39,7,-1,-1,-1,-1,6,2,E01020608,0
Unvalidated,2024111406755,2024,111406755,2,9,0,3,5,1,0,0,0,0,0,0,2,1,6,1,60,9,-1,-1,-1,-1,1,1,E01020639,0
Unvalidated,2024111406755,2024,111406755,3,9,0,3,5,1,0,0,0,0,0,0,2,1,6,1,27,6,-1,-1,-1,-1,7,1,E01020654,0
Unvalidated,2024111406770,2024,111406770,1,9,0,18,1,5,0,2,0,0,0,0,1,1,2,1,30,6,-1,-1,-1,-1,8,1,E01012309,0
Unvalidated,2024111406793,2024,111406793,1,9,0,7,6,2,0,0,1,0,0,0,4,1,6,1,28,6,-1,-1,-1,-1,4,2,E01020644,0
Unvalidated,2024111406793,2024,111406793,2,9,0,18,2,6,0,0,0,0,0,0,1,1,6,1,28,6,-1,-1,-1,-1,7,2,E01020637,0
Unvalidated,2024111406821,2024,111406821,1,19,0,18,7,3,0,8,0,0,0,0,1,1,6,1,30,6,-1,-1,-1,-1,-1,-1,-1,0
Unvalidated,2024111406821,2024,111406821,2,9,0,2,7,3,0,8,0,0,0,0,2,1,6,1,54,8,-1,-1,-1,-1,1,1,E01033484,0
Unvalidated,2024111407752,2024,111407752,1,9,0,9,8,5,0,8,0,0,0,0,3,1,5,2,37,7,-1,-1,-1,-1,3,1,E01020768,0
Unvalidated,2024111407752,2024,111407752,2,9,0,18,5,1,0,8,0,0,0,0,1,1,5,2,29,6,-1,-1,-1,-1,4,1,E01012319,0
Unvalidated,2024111408289,2024,111408289,1,8,0,15,5,1,0,1,0,0,0,0,1,1,3,2,42,7,-1,-1,-1,-1,4,1,E01020881,0
Unvalidated,2024111408289,2024,111408289,2,1,0,18,5,1,0,1,0,0,0,0,2,1,6,1,14,3,-1,-1,-1,-1,6,1,E01012331,0
Unvalidated,2024111408314,2024,111408314,1,9,0,18,6,2,0,0,0,0,0,0,3,1,6,1,32,6,-1,-1,-1,-1,3,1,E01020835,0
Unvalidated,2024111408314,2024,111408314,2,9,0,18,2,6,0,0,0,0,1,10,3,1,6,2,73,10,-1,-1,-1,-1,2,3,E01020699,0
Unvalidated,2024111408787,2024,111408787,1,9,0,7,4,6,0,6,0,0,0,0,1,1,6,2,30,6,-1,-1,-1,-1,8,1,E01020623,0
Unvalidated,2024111408787,2024,111408787,2,1,0,18,6,2,0,8,0,0,0,0,4,1,5,1,55,8,-1,-1,-1,-1,2,1,E01008252,0
Unvalidated,2024111409266,2024,111409266,1,9,0,18,2,6,0,2,0,0,1,0,1,1,6,1,50,8,-1,-1,-1,-1,8,2,E01020828,0
Unvalidated,2024111409269,2024,111409269,1,9,0,7,5,1,0,6,0,0,0,0,1,1,6,1,21,5,-1,-1,-1,-1,1,1,E01012349,0
Unvalidated,2024111409269,2024,111409269,2,97,0,18,3,7,0,1,5,0,0,0,4,1,6,1,50,8,-1,-1,-1,-1,3,1,E01012307,0
Unvalidated,2024111409269,2024,111409269,3,9,0,2,0,0,0,2,0,0,0,0,3,1,6,1,30,6,-1,-1,-1,-1,7,1,E01020843,0
Unvalidated,2024111409297,2024,111409297,1,9,0,18,3,7,0,4,0,9,0,0,1,1,6,1,77,11,-1,-1,-1,-1,6,3,E01020863,0
Unvalidated,2024111409297,2024,111409297,2,9,0,7,7,5,0,8,0,9,7,0,4,1,2,1,29,6,-1,-1,-1,-1,-1,3,-1,0
Unvalidated,2024111409323,2024,111409323,1,9,0,7,6,1,0,1,0,0,0,0,1,1,6,2,39,7,-1,-1,-1,-1,1,1,E01020724,0
Unvalidated,2024111409422,2024,111409422,1,9,0,18,6,2,0,0,0,0,0,0,1,1,6,2,30,6,-1,-1,-1,-1,1,1,E01020749,0
Unvalidated,2024111409422,2024,111409422,2,9,0,2,0,0,0,0,0,0,0,0,4,1,6,2,41,7,-1,-1,-1,-1,1,1,E01020749,0
Unvalidated,2024111409439,2024,111409439,1,98,0,9,1,5,0,8,0,0,0,0,3,1,5,1,23,5,-1,-1,-1,-1,2,1,E01008755,0
Unvalidated,2024111409439,2024,111409439,2,5,0,18,7,3,0,1,1,0,0,0,1,1,5,1,50,8,-1,-1,-1,-1,7,1,E01020709,0
Unvalidated,2024111409439,2024,111409439,3,5,0,18,7,3,0,1,1,0,0,0,1,1,5,1,31,6,-1,-1,-1,-1,7,1,E01020709,0
Unvalidated,2024111410050,2024,111410050,1,9,0,18,3,7,0,0,2,0,1,0,1,1,5,1,21,5,-1,-1,-1,-1,2,1,E01020624,0
Unvalidated,2024111410723,2024,111410723,1,5,0,13,3,3,0,0,0,0,0,0,1,1,6,1,28,6,-1,-1,-1,-1,2,2,E01020716,0
Unvalidated,2024111410723,2024,111410723,2,9,0,18,7,7,0,0,0,0,0,0,1,1,1,2,21,5,-1,-1,-1,-1,3,2,E01020679,0
Unvalidated,2024111410723,2024,111410723,3,9,0,18,3,3,0,0,0,0,0,0,1,1,1,1,19,4,-1,-1,-1,-1,-1,-1,-1,0
Unvalidated,2024111410818,2024,111410818,1,9,0,6,5,3,0,0,0,0,0,0,3,1,5,2,27,6,-1,-1,-1,-1,3,1,E01012305,0
Unvalidated,2024111410818,2024,111410818,2,9,0,18,5,1,0,0,0,0,0,0,1,1,5,1,43,7,-1,-1,-1,-1,-1,-1,-1,0
Unvalidated,2024111411278,2024,111411278,1,19,0,18,7,3,0,0,0,0,0,0,1,1,6,1,37,7,-1,-1,-1,-1,3,2,E01020621,0
Unvalidated,2024111411278,2024,111411278,2,9,0,18,3,7,0,0,0,0,0,0,1,1,5,1,66,10,-1,-1,-1,-1,3,2,E01020621,0
Unvalidated,2024111411330,2024,111411330,1,9,0,1,2,6,0,0,0,0,0,0,4,1,5,1,17,4,-1,-1,-1,-1,4,1,E01012340,0
Unvalidated,2024111411842,2024,111411842,1,19,0,18,5,1,0,1,0,0,0,0,0,1,6,1,25,5,-1,-1,-1,-1,-1,-1,-1,0
Unvalidated,2024111411842,2024,111411842,2,9,0,3,5,1,0,1,0,0,0,0,2,1,2,1,53,8,-1,-1,-1,-1,7,2,E01020685,0
Unvalidated,2024111412049,2024,111412049,1,19,0,18,7,3,0,4,0,0,0,0,1,1,6,3,34,6,-1,-1,-1,-1,2,2,E01020788,0
Unvalidated,2024111412049,2024,111412049,2,9,0,9,1,7,0,4,0,0,0,0,3,1,6,2,25,5,-1,-1,-1,-1,6,2,E01020794,0
Unvalidated,2024111412214,2024,111412214,1,9,0,18,8,4,0,0,0,0,0,0,1,1,2,2,50,8,-1,-1,-1,-1,8,1,E01020718,0
Unvalidated,2024111412382,2024,111412382,1,9,0,9,7,5,0,8,0,0,0,0,1,1,6,3,30,6,-1,-1,-1,-1,-1,-1,-1,0
Unvalidated,2024111412382,2024,111412382,2,9,0,18,1,5,0,1,1,0,1,0,3,1,2,2,20,4,-1,-1,-1,-1,3,1,E01020831,0
Unvalidated,2024111412468,2024,111412468,1,9,0,7,1,3,0,0,0,0,0,0,1,1,6,2,73,10,-1,-1,-1,-1,2,1,E01020648,0
Unvalidated,2024111412563,2024,111412563,1,9,0,18,3,7,0,0,1,0,7,0,2,1,6,2,34,6,-1,-1,-1,-1,-1,-1,-1,0
Unvalidated,2024111412563,2024,111412563,2,9,0,18,7,3,0,0,0,0,0,0,1,1,6,2,45,7,-1,-1,-1,-1,7,2,E01020853,0
Unvalidated,2024111412727,2024,111412727,1,9,0,18,4,8,0,8,0,0,0,0,4,1,6,2,61,9,-1,-1,-1,-1,3,1,E01020662,0
Unvalidated,2024111412878,2024,111412878,1,9,0,9,5,2,0,1,0,0,1,0,1,1,5,1,18,4,-1,-1,-1,-1,5,2,E01020620,0
Unvalidated,2024111412902,2024,111412902,1,9,0,4,7,2,0,1,0,0,0,0,1,1,6,1,36,7,-1,-1,-1,-1,1,2,E01020790,0
Unvalidated,2024111412902,2024,111412902,2,9,0,3,7,2,0,4,0,0,0,0,2,1,5,2,34,6,-1,-1,-1,-1,2,1,E01020733,0
Unvalidated,2024111412943,2024,111412943,1,-1,0,4,8,4,0,0,0,0,0,0,1,1,6,1,30,6,-1,-1,-1,-1,-1,-1,-1,0
Unvalidated,2024111412943,2024,111412943,2,9,0,3,8,4,0,0,0,0,0,0,2,1,6,1,29,6,-1,-1,-1,-1,4,1,E01020667,0
Unvalidated,2024111412954,2024,111412954,1,1,0,18,6,2,9,0,5,0,0,0,0,1,6,2,25,5,-1,-1,-1,-1,-1,-1,-1,0
Unvalidated,2024111412954,2024,111412954,2,9,0,18,6,2,0,0,0,0,0,0,4,1,6,2,28,6,-1,-1,-1,-1,-1,-1,-1,0
Unvalidated,2024111412964,2024,111412964,1,9,0,18,4,8,0,0,0,0,0,0,1,1,6,3,30,6,-1,-1,-1,-1,-1,-1,-1,0
Unvalidated,2024111412964,2024,111412964,2,9,0,4,4,8,0,0,0,0,0,0,2,1,6,1,23,5,-1,-1,-1,-1,9,3,E01027747,0
Unvalidated,2024111414097,2024,111414097,1,9,0,18,5,1,0,1,0,9,0,0,1,1,2,1,52,8,-1,-1,-1,-1,5,1,E01012363,0
Unvalidated,2024111414154,2024,111414154,1,9,0,7,6,8,0,1,0,0,0,0,3,1,6,1,69,10,-1,-1,-1,-1,4,3,E01020677,0
Unvalidated,2024111414154,2024,111414154,2,1,0,18,5,8,0,1,0,0,0,0,1,1,6,1,33,6,-1,-1,-1,-1,7,1,E01020710,0
Unvalidated,2024111414445,2024,111414445,1,9,0,9,4,2,0,1,0,0,0,0,1,1,6,2,30,6,-1,-1,-1,-1,3,2,E01020658,0
Unvalidated,2024111414445,2024,111414445,2,9,0,18,2,5,0,1,0,4,0,0,4,1,5,2,58,9,-1,-1,-1,-1,9,2,E01020666,0
Unvalidated,2024111414489,2024,111414489,1,11,0,5,5,1,0,1,0,0,0,0,3,1,1,1,20,4,-1,-1,-1,-1,1,1,E01008607,0
Unvalidated,2024111414489,2024,111414489,2,3,0,18,5,1,0,1,0,0,0,0,4,1,6,1,20,4,-1,-1,-1,-1,3,1,E01008742,0
Unvalidated,2024111414703,2024,111414703,1,1,0,5,2,6,0,0,0,0,0,0,3,1,3,1,13,3,-1,-1,-1,-1,4,1,E01020826,0
Unvalidated,2024111414703,2024,111414703,2,9,0,5,8,4,0,0,0,0,0,0,1,1,6,2,76,11,-1,-1,-1,-1,5,1,E01020833,0
Unvalidated,2024111414898,2024,111414898,1,9,0,4,2,6,0,0,0,0,0,0,1,1,6,1,30,6,-1,-1,-1,-1,-1,-1,-1,0
Unvalidated,2024111414898,2024,111414898,2,19,0,3,2,4,0,0,0,0,0,0,2,1,6,1,52,8,-1,-1,-1,-1,9,1,E01008772,0
Unvalidated,2024111414898,2024,111414898,3,9,0,3,2,6,0,0,0,0,0,0,2,1,6,1,40,7,-1,-1,-1,-1,7,1,E01020709,0
Unvalidated,2024111414898,2024,111414898,4,9,0,3,2,6,0,0,0,0,0,0,2,1,6,2,57,9,-1,-1,-1,-1,-1,-1,-1,0
Unvalidated,2024111415552,2024,111415552,1,9,0,18,1,5,0,0,0,0,0,0,1,1,1,1,42,7,-1,-1,-1,-1,2,3,E01020700,0