status,collision_index,collision_year,collision_reference,vehicle_reference,vehicle_type,towing_and_articulation,vehicle_manoeuvre,vehicle_direction_from,vehicle_direction_to,vehicle_location_restricted_lane,junction_location,skidding_and_overturning,hit_object_in_carriageway,vehicle_leaving_carriageway,hit_object_off_carriageway,first_point_of_impact,vehicle_left_hand_drive,journey_purpose_of_driver,sex_of_driver,age_of_driver,age_band_of_driver,engine_capacity_cc,propulsion_code,age_of_vehicle,generic_make_model,driver_imd_decile,driver_home_area_type,lsoa_of_driver,escooter_flag
Unvalidated,2024111415552,2024,111415552,2,21,1,18,1,5,0,0,0,0,0,0,1,1,1,1,37,7,-1,-1,-1,-1,3,2,E01020679,0
Unvalidated,2024111416649,2024,111416649,1,9,0,2,1,5,0,0,0,0,0,0,4,1,6,3,30,6,-1,-1,-1,-1,-1,-1,-1,0
Unvalidated,2024111416649,2024,111416649,2,1,0,18,1,5,0,0,5,0,0,0,1,1,3,1,12,3,-1,-1,-1,-1,3,1,E01012355,0
Unvalidated,2024111417935,2024,111417935,1,9,0,18,7,3,0,8,0,0,0,0,1,1,6,3,30,6,-1,-1,-1,-1,-1,-1,-1,0
Unvalidated,2024111417935,2024,111417935,2,1,0,5,7,3,0,8,0,0,0,0,4,1,5,2,46,8,-1,-1,-1,-1,2,1,E01012332,0
Unvalidated,2024111418852,2024,111418852,1,90,0,18,3,7,0,0,5,10,0,0,4,1,6,1,15,3,-1,-1,-1,-1,2,2,E01020797,0
Unvalidated,2024111419263,2024,111419263,1,19,-1,4,3,4,0,1,0,0,0,0,-1,1,1,1,40,7,-1,-1,-1,-1,10,2,E01025015,0
Unvalidated,2024111419263,2024,111419263,2,9,-1,8,3,4,0,1,0,0,0,0,2,1,6,2,41,7,-1,-1,-1,-1,4,3,E01020893,0
Unvalidated,2024111419393,2024,111419393,1,9,0,18,5,8,0,4,0,0,0,0,1,1,6,3,30,6,-1,-1,-1,-1,-1,-1,-1,0
Unvalidated,2024111419393,2024,111419393,2,9,0,18,5,8,0,4,0,0,0,0,2,1,5,2,41,7,-1,-1,-1,-1,4,1,E01020711,0
Unvalidated,2024111419644,2024,111419644,1,9,0,18,6,4,0,0,0,0,0,0,1,1,6,3,30,6,-1,-1,-1,-1,-1,-1,-1,0
Unvalidated,2024111419644,2024,111419644,2,9,0,18,4,8,0,0,0,0,0,0,1,1,6,2,36,7,-1,-1,-1,-1,3,2,E01020811,0
Unvalidated,2024111419963,2024,111419963,1,9,0,12,1,5,0,0,1,11,0,0,3,1,5,1,51,8,-1,-1,-1,-1,1,1,E01020759,0
Unvalidated,2024111419963,2024,111419963,2,9,0,18,1,5,0,0,1,11,0,0,4,1,5,1,77,11,-1,-1,-1,-1,6,1,E01011996,0
Unvalidated,2024111420251,2024,111420251,1,9,0,18,4,8,0,0,0,0,0,0,1,1,6,1,30,6,-1,-1,-1,-1,-1,-1,-1,0
Unvalidated,2024111420251,2024,111420251,2,9,0,4,4,8,0,0,0,0,0,0,2,1,6,2,27,6,-1,-1,-1,-1,2,2,E01020645,0
Unvalidated,2024111420307,2024,111420307,1,9,-1,3,1,4,0,1,0,0,0,0,1,1,6,3,19,4,-1,-1,-1,-1,-1,-1,-1,0
Unvalidated,2024111420307,2024,111420307,2,9,-1,18,4,1,0,1,0,0,0,0,-1,1,6,2,65,9,-1,-1,-1,-1,-1,-1,-1,0
Unvalidated,2024111420505,2024,111420505,1,9,0,18,4,8,0,0,0,0,0,0,1,1,6,1,30,6,-1,-1,-1,-1,9,2,E01020698,0
Unvalidated,2024111420505,2024,111420505,2,9,0,18,4,8,0,0,0,0,0,0,2,1,6,1,31,6,-1,-1,-1,-1,8,3,E01020732,0
Unvalidated,2024111420620,2024,111420620,1,9,0,7,2,4,0,6,0,0,0,0,0,1,6,3,-1,-1,-1,-1,-1,-1,-1,-1,-1,0
Unvalidated,2024111420620,2024,111420620,2,11,0,18,5,1,0,1,0,0,0,0,0,1,1,1,27,6,-1,-1,-1,-1,4,3,E01027531,0
Unvalidated,2024111420623,2024,111420623,1,19,0,18,4,8,0,1,0,0,0,0,1,1,1,1,40,7,-1,-1,-1,-1,-1,-1,-1,0
Unvalidated,2024111420623,2024,111420623,2,9,0,10,8,5,0,1,0,0,0,0,3,1,5,2,42,7,-1,-1,-1,-1,7,1,E01008197,0
Unvalidated,2024111420685,2024,111420685,1,19,-1,3,4,8,0,1,0,0,0,0,-1,1,6,3,30,6,-1,-1,-1,-1,-1,-1,-1,0
Unvalidated,2024111420685,2024,111420685,2,9,-1,10,8,4,0,5,0,0,0,0,3,1,6,2,55,8,-1,-1,-1,-1,4,3,E01020656,0
Unvalidated,2024111420703,2024,111420703,1,9,0,18,6,2,0,1,0,0,3,0,1,1,6,1,30,6,-1,-1,-1,-1,-1,-1,-1,0
Unvalidated,2024111420703,2024,111420703,2,9,0,10,6,5,0,1,1,0,7,0,3,1,6,1,21,5,-1,-1,-1,-1,4,3,E01020899,0
Unvalidated,2024111420731,2024,111420731,1,9,-1,3,8,4,0,1,0,0,0,0,1,1,6,1,60,9,-1,-1,-1,-1,-1,-1,-1,0
Unvalidated,2024111420731,2024,111420731,2,9,-1,5,4,8,0,1,0,0,0,0,1,1,6,1,30,6,-1,-1,-1,-1,6,3,E01032011,0
Unvalidated,2024111420750,2024,111420750,1,9,0,18,4,8,0,0,0,0,1,0,1,1,6,1,29,6,-1,-1,-1,-1,1,1,E01020880,0
Unvalidated,2024111420750,2024,111420750,2,9,0,18,4,8,0,0,0,1,1,0,2,1,6,2,27,6,-1,-1,-1,-1,8,3,E01027418,0
Unvalidated,2024111420750,2024,111420750,3,9,0,18,4,8,0,0,0,0,1,0,2,1,6,2,33,6,-1,-1,-1,-1,5,2,E01020810,0
Unvalidated,2024111421221,2024,111421221,1,9,0,9,4,2,0,5,0,0,0,0,4,1,6,2,18,4,-1,-1,-1,-1,8,2,E01020659,0
Unvalidated,2024111421221,2024,111421221,2,9,0,18,8,4,0,8,0,0,0,0,1,1,6,1,21,5,-1,-1,-1,-1,7,3,E01011959,0
Unvalidated,2024111421601,2024,111421601,1,9,0,18,3,7,0,0,1,0,8,0,1,1,6,1,22,5,-1,-1,-1,-1,-1,-1,-1,0
Unvalidated,2024111421653,2024,111421653,1,9,0,18,6,2,0,0,0,0,0,0,1,1,5,1,61,9,-1,-1,-1,-1,4,1,E01020638,0
Unvalidated,2024111421826,2024,111421826,1,9,0,18,7,3,0,3,0,0,0,0,4,1,1,1,27,6,-1,-1,-1,-1,2,2,E01020716,0
Unvalidated,2024111422293,2024,111422293,1,9,0,9,2,8,0,0,0,0,0,0,1,1,6,3,30,6,-1,-1,-1,-1,-1,-1,-1,0
Unvalidated,2024111422293,2024,111422293,2,9,0,18,8,4,0,0,0,0,0,0,2,1,6,2,40,7,-1,-1,-1,-1,3,1,E01020670,0
Unvalidated,2024111422797,2024,111422797,1,9,0,5,7,1,0,6,0,0,0,0,1,1,6,1,20,4,-1,-1,-1,-1,9,1,E01020692,0
Unvalidated,2024111423064,2024,111423064,1,19,4,18,5,1,0,0,0,0,0,0,1,1,6,1,55,8,-1,-1,-1,-1,1,1,E01019174,0
Unvalidated,2024111423064,2024,111423064,2,9,0,9,5,3,0,0,1,0,0,0,2,1,6,2,36,7,-1,-1,-1,-1,7,1,E01012324,0
Unvalidated,2024111423194,2024,111423194,1,9,0,7,6,7,0,1,0,0,3,0,1,1,5,1,60,9,-1,-1,-1,-1,9,2,E01020698,0
Unvalidated,2024111423215,2024,111423215,1,9,0,18,5,1,0,0,0,0,0,0,1,1,6,3,30,6,-1,-1,-1,-1,-1,-1,-1,0
Unvalidated,2024111423215,2024,111423215,2,9,0,4,5,1,0,0,0,0,0,0,2,1,6,1,43,7,-1,-1,-1,-1,4,1,E01020832,0
Unvalidated,2024111423371,2024,111423371,1,9,0,18,7,3,0,0,0,4,1,3,1,1,6,1,37,7,-1,-1,-1,-1,1,1,E01012058,0
Unvalidated,2024111423371,2024,111423371,2,9,0,2,0,0,0,0,0,0,0,0,4,1,5,1,68,10,-1,-1,-1,-1,3,2,E01020856,0
Unvalidated,2024111424098,2024,111424098,1,9,0,18,3,7,0,0,0,0,0,0,1,1,6,2,19,4,-1,-1,-1,-1,3,2,E01020760,0
Unvalidated,2024111424223,2024,111424223,1,9,0,18,1,1,0,0,0,0,0,0,3,1,5,1,47,8,-1,-1,-1,-1,7,2,E01020854,0
Unvalidated,2024111424223,2024,111424223,2,5,0,18,5,6,0,0,0,0,1,0,3,1,5,1,65,9,-1,-1,-1,-1,9,1,E01008799,0
Unvalidated,2024111424954,2024,111424954,1,9,0,7,3,5,0,1,0,0,0,0,1,1,6,2,30,6,-1,-1,-1,-1,2,1,E01020897,0
Unvalidated,2024111424954,2024,111424954,2,9,0,18,1,5,0,1,0,0,0,0,4,1,2,2,61,9,-1,-1,-1,-1,2,2,E01020878,0
Unvalidated,2024111425019,2024,111425019,1,9,0,18,8,4,0,0,0,0,0,0,1,1,6,3,24,5,-1,-1,-1,-1,3,1,E01020596,0
Unvalidated,2024111425019,2024,111425019,2,9,0,18,8,4,0,0,0,0,0,0,2,1,6,2,27,6,-1,-1,-1,-1,4,3,E01020677,0
Unvalidated,2024111425159,2024,111425159,1,9,0,9,7,5,0,0,0,0,0,0,1,1,6,3,30,6,-1,-1,-1,-1,-1,-1,-1,0
Unvalidated,2024111425159,2024,111425159,2,1,0,18,5,1,0,0,0,0,0,0,1,1,5,1,20,4,-1,-1,-1,-1,-1,-1,-1,0
Unvalidated,2024111425323,2024,111425323,1,9,0,18,6,2,0,2,0,0,0,0,1,1,6,1,70,10,-1,-1,-1,-1,8,1,E01020817,0
Unvalidated,2024111425484,2024,111425484,1,19,0,18,1,5,0,0,0,0,0,0,1,1,1,1,22,5,-1,-1,-1,-1,-1,-1,-1,0
Unvalidated,2024111425484,2024,111425484,2,9,0,18,1,5,0,0,0,0,0,0,2,1,1,2,24,5,-1,-1,-1,-1,10,1,E01020603,0
Unvalidated,2024111425484,2024,111425484,3,19,0,18,1,5,0,0,0,0,0,0,2,1,1,1,35,6,-1,-1,-1,-1,3,1,E01020596,0
Unvalidated,2024111425484,2024,111425484,4,9,0,18,1,5,0,0,0,0,0,0,1,1,1,1,24,5,-1,-1,-1,-1,8,3,E01029570,0
Unvalidated,2024111425550,2024,111425550,1,9,0,18,1,5,0,0,0,0,1,0,1,1,5,1,36,7,-1,-1,-1,-1,4,2,E01020715,0
Unvalidated,2024111425983,2024,111425983,1,9,0,9,5,3,0,8,0,0,0,0,1,1,5,1,53,8,-1,-1,-1,-1,2,1,E01020648,0
Unvalidated,2024111426020,2024,111426020,1,97,0,13,7,7,0,0,1,10,0,0,4,1,5,1,46,8,-1,-1,-1,-1,2,1,E01008456,0
Unvalidated,2024111426045,2024,111426045,1,9,0,9,1,6,0,0,0,0,0,0,1,1,6,1,59,9,-1,-1,-1,-1,6,3,E01020863,0
Unvalidated,2024111426045,2024,111426045,2,9,0,18,6,2,0,0,0,0,0,0,1,1,6,2,35,6,-1,-1,-1,-1,4,3,E01020887,0
Unvalidated,2024111426055,2024,111426055,1,9,0,6,1,5,0,0,0,0,0,0,1,1,6,2,44,7,-1,-1,-1,-1,7,1,E01020654,0
Unvalidated,2024111426055,2024,111426055,2,5,0,14,1,5,0,0,5,0,0,0,4,1,6,1,59,9,-1,-1,-1,-1,2,3,E01020672,0
Unvalidated,2024111426388,2024,111426388,1,9,0,9,1,7,0,6,0,0,0,0,3,1,5,2,60,9,-1,-1,-1,-1,5,3,E01027773,0
Unvalidated,2024111426388,2024,111426388,2,9,0,18,7,3,0,8,1,0,0,0,1,1,5,1,25,5,-1,-1,-1,-1,7,2,E01012344,0
Unvalidated,2024111426896,2024,111426896,1,9,0,18,7,5,0,8,0,0,0,0,1,1,2,2,-1,-1,-1,-1,-1,-1,6,1,E01012012,0
Unvalidated,2024111426896,2024,111426896,2,19,0,18,5,1,0,8,1,0,1,1,1,1,1,1,29,6,-1,-1,-1,-1,7,3,E01012366,0
Unvalidated,2024111427125,2024,111427125,1,9,0,18,6,2,0,1,0,0,0,0,1,1,6,3,30,6,-1,-1,-1,-1,-1,-1,-1,0
Unvalidated,2024111427125,2024,111427125,2,9,0,10,6,3,0,1,0,0,0,0,2,1,6,2,45,7,-1,-1,-1,-1,4,2,E01020644,0
Unvalidated,2024111427231,2024,111427231,1,4,0,18,1,5,0,0,1,10,1,1,1,1,6,1,19,4,-1,-1,-1,-1,2,1,E01020615,0
Unvalidated,2024111427231,2024,111427231,2,5,0,18,1,5,0,0,0,0,0,0,0,1,1,3,30,6,-1,-1,-1,-1,-1,-1,-1,0
Unvalidated,2024111427277,2024,111427277,1,3,0,18,3,7,0,1,0,0,0,0,1,1,6,1,17,4,-1,-1,-1,-1,2,1,E01020648,0
Unvalidated,2024111427277,2024,111427277,2,9,0,18,3,7,0,1,0,0,0,0,0,1,6,1,53,8,-1,-1,-1,-1,1,1,E01020639,0
Unvalidated,2024111427397,2024,111427397,1,97,0,15,7,4,0,1,0,0,0,0,1,1,5,1,20,4,-1,-1,-1,-1,9,2,E01012346,0
Unvalidated,2024111427397,2024,111427397,2,21,1,18,7,4,0,1,0,0,0,0,4,1,1,1,36,7,-1,-1,-1,-1,7,1,E01012421,0
Unvalidated,2024111427533,2024,111427533,1,9,0,14,6,2,0,0,0,0,0,0,4,1,6,2,18,4,-1,-1,-1,-1,8,2,E01020680,0
Unvalidated,2024111427560,2024,111427560,1,8,0,5,2,6,0,0,0,0,0,0,4,1,1,1,30,6,-1,-1,-1,-1,-1,-1,-1,0
Unvalidated,2024111428777,2024,111428777,1,9,0,18,3,7,0,4,0,9,0,0,1,1,6,1,25,5,-1,-1,-1,-1,-1,-1,-1,0
Unvalidated,2024111428918,2024,111428918,1,9,0,18,8,4,0,0,0,0,0,0,3,1,5,1,38,7,-1,-1,-1,-1,6,3,E01020822,0
Unvalidated,2024111429037,2024,111429037,1,19,0,1,5,8,0,1,0,0,0,0,2,1,6,1,38,7,-1,-1,-1,-1,3,2,E01020791,0
Unvalidated,2024111429037,2024,111429037,2,90,0,18,4,8,0,2,5,0,0,0,2,1,6,1,12,3,-1,-1,-1,-1,2,2,E01020751,0
Unvalidated,2024111429070,2024,111429070,1,9,0,18,8,4,0,1,0,1,8,0,4,1,6,1,30,6,-1,-1,-1,-1,3,1,E01012355,0
Unvalidated,2024111429070,2024,111429070,2,9,0,18,8,4,0,1,0,0,0,0,0,1,6,2,48,8,-1,-1,-1,-1,9,1,E01033482,0
Unvalidated,2024111429070,2024,111429070,3,11,0,10,3,7,0,1,0,0,0,0,4,1,6,3,35,6,-1,-1,-1,-1,1,1,E01020880,0
Unvalidated,2024111429070,2024,111429070,4,9,0,18,4,8,0,1,0,0,0,0,4,1,2,1,67,10,-1,-1,-1,-1,-1,-1,-1,0
Unvalidated,2024111429534,2024,111429534,1,9,0,5,7,3,0,0,0,0,0,0,1,1,1,1,63,9,-1,-1,-1,-1,8,3,E01020828,0
Unvalidated,2024111429534,2024,111429534,2,1,0,5,5,1,0,0,5,0,0,0,4,1,6,1,12,3,-1,-1,-1,-1,4,1,E01012340,0
Unvalidated,2024111429563,2024,111429563,1,19,0,12,7,2,0,8,0,0,0,0,3,1,6,1,30,6,-1,-1,-1,-1,-1,-1,-1,0
Unvalidated,2024111429563,2024,111429563,2,9,0,18,7,2,0,8,0,0,0,0,4,1,2,2,19,4,-1,-1,-1,-1,10,1,E01012347,0
Unvalidated,2024111429596,2024,111429596,1,97,0,18,1,5,0,1,2,0,0,0,1,1,6,1,20,4,-1,-1,-1,-1,-1,-1,-1,0
Unvalidated,2024111429596,2024,111429596,2,9,0,9,7,5,0,8,0,0,0,0,4,1,5,2,20,4,-1,-1,-1,-1,3,1,E01012306,0
Unvalidated,2024111429642,2024,111429642,1,1,0,18,6,2,0,1,0,0,0,0,1,1,6,1,49,8,-1,-1,-1,-1,6,1,E01020814,0
Unvalidated,2024111429642,2024,111429642,2,9,0,4,4,8,0,1,0,0,0,0,1,2,6,2,30,6,-1,-1,-1,-1,-1,-1,-1,0
Unvalidated,2024111429733,2024,111429733,1,9,0,18,5,1,0,0,0,0,0,0,1,1,6,2,29,6,-1,-1,-1,-1,1,1,E01020673,0
Unvalidated,2024111429733,2024,111429733,2,9,0,18,5,1,0,0,0,0,0,0,2,1,5,2,64,9,-1,-1,-1,-1,4,1,E01008640,0
Unvalidated,2024111429830,2024,111429830,1,1,0,18,7,3,9,0,2,7,0,0,1,1,5,1,15,3,-1,-1,-1,-1,1,1,E01020724,0
Unvalidated,2024111430246,2024,111430246,1,9,0,18,3,7,0,8,0,0,0,0,3,1,5,2,33,6,-1,-1,-1,-1,1,1,E01010807,0
Unvalidated,2024111430246,2024,111430246,2,98,0,18,1,5,0,1,0,0,0,0,1,1,1,1,25,5,-1,-1,-1,-1,1,1,E01008743,0
Unvalidated,2024111430441,2024,111430441,1,9,0,18,3,7,0,0,0,0,0,0,1,1,6,3,30,6,-1,-1,-1,-1,-1,-1,-1,0
Unvalidated,2024111430441,2024,111430441,2,9,0,3,3,7,0,0,1,0,0,0,2,1,6,1,38,7,-1,-1,-1,-1,2,1,E01012193,0
Unvalidated,2024111430829,2024,111430829,1,9,0,9,2,8,0,6,0,0,0,0,4,1,6,2,30,6,-1,-1,-1,-1,-1,-1,-1,0
Unvalidated,2024111430829,2024,111430829,2,23,0,18,4,7,0,2,0,0,0,0,1,1,2,1,59,9,-1,-1,-1,-1,1,1,E01012354,0
Unvalidated,2024111431235,2024,111431235,1,9,0,18,5,1,0,0,2,10,1,0,1,1,6,1,48,8,-1,-1,-1,-1,1,1,E01010659,0
Unvalidated,2024111431389,2024,111431389,1,9,0,13,1,5,0,1,1,0,0,0,1,1,5,1,43,7,-1,-1,-1,-1,3,2,E01020811,0
Unvalidated,2024111431389,2024,111431389,2,9,0,9,1,5,0,1,0,0,1,0,3,1,5,1,66,10,-1,-1,-1,-1,3,2,E01020827,0
Unvalidated,2024111431628,2024,111431628,1,9,0,9,4,2,0,2,0,0,0,0,2,1,2,2,48,8,-1,-1,-1,-1,3,2,E01033198,0
Unvalidated,2024111431628,2024,111431628,2,97,0,18,6,2,0,1,0,0,0,0,1,1,6,3,30,6,-1,-1,-1,-1,-1,-1,-1,0
Unvalidated,2024111431818,2024,111431818,1,9,0,9,1,5,0,4,0,0,0,0,4,1,6,3,30,6,-1,-1,-1,-1,-1,-1,-1,0
Unvalidated,2024111431818,2024,111431818,2,9,0,18,1,5,0,4,0,0,0,0,3,1,2,1,45,7,-1,-1,-1,-1,6,3,E01020822,0
Unvalidated,2024111432320,2024,111432320,1,3,0,18,7,3,0,0,0,0,1,0,3,1,5,1,74,10,-1,-1,-1,-1,2,2,E01020809,0
Unvalidated,2024111432320,2024,111432320,2,9,0,18,3,7,0,0,0,0,0,0,1,1,1,2,51,8,-1,-1,-1,-1,8,1,E01033465,0
Unvalidated,2024111432343,2024,111432343,1,9,0,18,2,2,0,2,0,0,0,0,1,1,2,2,28,6,-1,-1,-1,-1,-1,-1,-1,0
Unvalidated,2024111432345,2024,111432345,1,9,0,18,2,6,0,1,5,0,1,0,1,1,1,1,20,4,-1,-1,-1,-1,5,1,E01012333,0
Unvalidated,2024111432345,2024,111432345,2,17,0,9,2,8,0,1,0,0,0,0,2,1,1,1,73,10,-1,-1,-1,-1,5,3,E01027613,0
Unvalidated,2024111432967,2024,111432967,1,8,0,18,2,4,0,0,0,0,0,0,1,1,1,1,30,6,-1,-1,-1,-1,6,2,E01020697,0
Unvalidated,2024111432967,2024,111432967,2,9,0,4,6,2,0,0,0,0,0,0,3,1,6,1,51,8,-1,-1,-1,-1,10,3,E01020713,0
Unvalidated,2024111433062,2024,111433062,1,9,0,5,7,3,0,0,0,0,0,0,3,1,3,1,18,4,-1,-1,-1,-1,3,3,E01020875,0
Unvalidated,2024111433062,2024,111433062,2,1,0,18,7,3,0,0,5,0,0,0,1,1,6,1,45,7,-1,-1,-1,-1,10,1,E01020712,0
Unvalidated,2024111433203,2024,111433203,1,8,0,18,3,7,0,8,0,0,0,0,1,1,1,1,60,9,-1,-1,-1,-1,-1,-1,-1,0
Unvalidated,2024111435105,2024,111435105,1,9,0,18,5,1,0,1,0,0,0,0,4,1,6,3,75,10,-1,-1,-1,-1,1,1,E01020885,0
Unvalidated,2024111435128,2024,111435128,1,9,0,18,2,6,0,1,0,0,0,0,4,1,6,2,60,9,-1,-1,-1,-1,5,2,E01020660,0
Unvalidated,2024111435177,2024,111435177,1,9,0,9,6,4,0,1,0,0,0,0,0,1,6,3,30,6,-1,-1,-1,-1,-1,-1,-1,0
Unvalidated,2024111435177,2024,111435177,2,3,0,18,8,4,0,1,0,0,0,0,3,1,6,1,36,7,-1,-1,-1,-1,4,1,E01020643,0
Unvalidated,2024111435202,2024,111435202,1,9,0,1,3,7,0,0,0,0,0,0,2,1,6,3,30,6,-1,-1,-1,-1,-1,-1,-1,0
Unvalidated,2024111435398,2024,111435398,1,9,0,18,5,1,0,0,0,0,0,0,1,1,5,2,26,6,-1,-1,-1,-1,4,1,E01020881,0
Unvalidated,2024111435398,2024,111435398,2,9,0,4,5,1,0,0,0,0,0,0,2,1,5,1,52,8,-1,-1,-1,-1,3,3,E01020875,0
Unvalidated,2024111435899,2024,111435899,1,9,0,18,7,3,0,0,0,0,0,0,1,1,6,1,41,7,-1,-1,-1,-1,3,2,E01020791,0
Unvalidated,2024111435899,2024,111435899,2,9,0,3,7,3,0,0,0,0,0,0,2,1,2,2,25,5,-1,-1,-1,-1,2,1,E01020771,0
Unvalidated,2024111435915,2024,111435915,1,9,0,18,7,3,0,0,0,0,0,0,1,2,2,2,60,9,-1,-1,-1,-1,4,3,E01020646,0
Unvalidated,2024111435915,2024,111435915,2,98,0,18,3,7,0,0,0,0,0,0,1,1,1,1,45,7,-1,-1,-1,-1,6,1,E01012261,0
Unvalidated,2024111435918,2024,111435918,1,2,0,18,1,5,0,1,0,0,0,0,1,1,6,1,20,4,-1,-1,-1,-1,3,2,E01020694,0
Unvalidated,2024111435918,2024,111435918,2,9,0,1,3,7,0,1,0,0,0,0,4,1,3,2,37,7,-1,-1,-1,-1,10,1,E01020708,0
Unvalidated,2024111436105,2024,111436105,1,9,0,3,8,4,0,1,0,0,8,0,1,1,5,2,90,11,-1,-1,-1,-1,7,1,E01020654,0
Unvalidated,2024111436126,2024,111436126,1,19,0,5,3,7,0,2,0,0,0,0,4,1,1,1,24,5,-1,-1,-1,-1,1,1,E01012083,0
Unvalidated,2024111436159,2024,111436159,1,9,0,9,8,7,0,0,0,0,0,0,1,1,2,1,46,8,-1,-1,-1,-1,5,3,E01020604,0
Unvalidated,2024111436159,2024,111436159,2,23,0,18,3,8,0,0,0,0,0,0,1,1,2,1,22,5,-1,-1,-1,-1,2,1,E01008755,0
Unvalidated,2024111436191,2024,111436191,1,9,0,5,5,3,0,6,0,0,0,0,1,1,2,2,35,6,-1,-1,-1,-1,5,2,E01020904,0
Unvalidated,2024111436191,2024,111436191,2,9,0,18,3,7,0,1,0,0,0,0,4,1,2,2,57,9,-1,-1,-1,-1,4,2,E01020903,0
Unvalidated,2024111436294,2024,111436294,1,19,0,18,5,1,0,0,0,0,0,0,1,1,2,1,31,6,-1,-1,-1,-1,2,3,E01020788,0
Unvalidated,2024111436294,2024,111436294,2,19,0,18,5,1,0,0,0,0,0,0,2,1,1,1,43,7,-1,-1,-1,-1,6,1,E01008433,0
Unvalidated,2024111436459,2024,111436459,1,9,0,18,5,1,0,0,0,0,0,0,1,1,5,1,47,8,-1,-1,-1,-1,2,1,E01008221,0
Unvalidated,2024111436822,2024,111436822,1,9,0,18,8,4,0,0,0,0,1,3,1,1,6,1,32,6,-1,-1,-1,-1,4,2,E01020715,0
Unvalidated,2024111437054,2024,111437054,1,19,0,18,5,1,0,0,0,0,0,0,1,1,6,1,30,6,-1,-1,-1,-1,3,1,E01020768,0
Unvalidated,2024111437054,2024,111437054,2,9,0,4,5,1,0,0,0,0,0,0,2,1,2,2,26,6,-1,-1,-1,-1,3,1,E01020768,0
Unvalidated,2024111437160,2024,111437160,1,9,0,4,7,3,0,0,1,0,1,11,1,1,6,1,48,8,-1,-1,-1,-1,3,2,E01020621,0
Unvalidated,2024111437160,2024,111437160,2,9,0,18,7,3,0,0,0,0,0,0,0,1,5,1,-1,-1,-1,-1,-1,-1,-1,-1,-1,0
Unvalidated,2024111437247,2024,111437247,1,9,0,18,1,4,0,4,0,0,0,0,1,1,6,1,25,5,-1,-1,-1,-1,2,3,E01020606,0
Unvalidated,2024111437247,2024,111437247,2,9,0,18,1,4,0,4,0,0,0,0,2,1,6,2,49,8,-1,-1,-1,-1,3,1,E01008222,0
Unvalidated,2024111437391,2024,111437391,1,9,0,1,3,5,0,1,0,0,0,0,2,2,6,3,30,6,-1,-1,-1,-1,-1,-1,-1,0
Unvalidated,2024111437911,2024,111437911,1,5,0,14,5,1,0,0,1,0,0,0,1,1,6,1,41,7,-1,-1,-1,-1,2,1,E01008173,0
Unvalidated,2024111437911,2024,111437911,2,98,0,14,5,1,0,0,0,0,0,0,2,1,1,1,32,6,-1,-1,-1,-1,10,1,E01020613,0
Unvalidated,2024111437911,2024,111437911,3,98,1,2,0,0,0,0,0,0,0,0,0,1,6,3,-1,-1,-1,-1,-1,-1,-1,-1,-1,0
Unvalidated,2024111437975,2024,111437975,1,17,4,18,3,8,0,0,0,0,0,0,0,1,1,1,23,5,-1,-1,-1,-1,3,1,E01019302,0
Unvalidated,2024111437975,2024,111437975,2,16,0,18,8,3,0,0,0,10,0,0,0,1,5,2,60,9,-1,-1,-1,-1,5,3,E01020865,0
Unvalidated,2024111438150,2024,111438150,1,97,0,15,3,7,0,1,2,0,0,0,4,1,6,3,30,6,-1,-1,-1,-1,-1,-1,-1,0
Unvalidated,2024111438250,2024,111438250,1,5,0,18,3,8,0,0,2,0,0,0,4,1,5,1,34,6,-1,-1,-1,-1,1,2,E01020739,0
Unvalidated,2024111438299,2024,111438299,1,90,0,4,2,6,0,1,5,0,0,0,4,1,5,1,8,2,-1,-1,-1,-1,1,1,E01020758,0
Unvalidated,2024111438299,2024,111438299,2,9,0,18,4,8,0,1,0,0,0,0,1,1,6,1,30,6,-1,-1,-1,-1,-1,-1,-1,0
Unvalidated,2024111438413,2024,111438413,1,5,0,18,3,7,0,0,1,0,1,0,1,1,5,1,34,6,-1,-1,-1,-1,6,1,E01008869,0
Unvalidated,2024111438665,2024,111438665,1,2,0,13,1,5,0,1,0,0,0,0,1,1,6,1,16,4,-1,-1,-1,-1,-1,-1,-1,0
Unvalidated,2024111438665,2024,111438665,2,9,0,9,1,7,0,1,0,0,0,0,3,1,5,2,30,6,-1,-1,-1,-1,2,1,E01012362,0
Unvalidated,2024111438988,2024,111438988,1,9,0,18,3,7,0,0,0,0,1,0,1,1,5,1,16,4,-1,-1,-1,-1,-1,-1,-1,0
Unvalidated,2024111439402,2024,111439402,1,5,0,18,7,3,0,0,0,0,1,11,4,1,5,1,57,9,-1,-1,-1,-1,1,2,E01020762,0
Unvalidated,2024111439884,2024,111439884,1,9,0,3,2,6,0,2,0,0,0,0,1,1,6,2,43,7,-1,-1,-1,-1,2,1,E01020743,0
Unvalidated,2024111440160,2024,111440160,1,9,0,18,8,4,0,0,0,0,0,0,1,1,6,1,55,8,-1,-1,-1,-1,5,1,E01020691,0
Unvalidated,2024111440160,2024,111440160,2,9,0,4,8,4,0,0,0,0,0,0,2,1,6,1,45,7,-1,-1,-1,-1,2,2,E01020763,0
Unvalidated,2024111440206,2024,111440206,1,9,0,18,6,4,0,1,0,0,0,0,1,1,6,1,24,5,-1,-1,-1,-1,9,1,E01008194,0