status,collision_index,collision_year,collision_reference,vehicle_reference,vehicle_type,towing_and_articulation,vehicle_manoeuvre,vehicle_direction_from,vehicle_direction_to,vehicle_location_restricted_lane,junction_location,skidding_and_overturning,hit_object_in_carriageway,vehicle_leaving_carriageway,hit_object_off_carriageway,first_point_of_impact,vehicle_left_hand_drive,journey_purpose_of_driver,sex_of_driver,age_of_driver,age_band_of_driver,engine_capacity_cc,propulsion_code,age_of_vehicle,generic_make_model,driver_imd_decile,driver_home_area_type,lsoa_of_driver,escooter_flag
Unvalidated,2024111440206,2024,111440206,2,19,0,10,4,1,0,1,0,0,0,0,3,1,5,1,53,8,-1,-1,-1,-1,9,1,E01020605,0
Unvalidated,2024111440256,2024,111440256,1,9,0,9,4,2,0,6,0,0,0,0,1,1,6,1,75,10,-1,-1,-1,-1,2,1,E01020722,0
Unvalidated,2024111440256,2024,111440256,2,9,0,18,6,2,0,2,0,0,0,0,3,1,3,2,39,7,-1,-1,-1,-1,7,1,E01020710,0
Unvalidated,2024111440393,2024,111440393,1,9,0,18,1,5,0,0,0,0,0,0,1,1,6,2,36,7,-1,-1,-1,-1,4,2,E01020715,0
Unvalidated,2024111440393,2024,111440393,2,5,0,18,5,1,0,0,0,0,1,0,1,1,6,1,57,9,-1,-1,-1,-1,4,2,E01020893,0
Unvalidated,2024111440601,2024,111440601,1,9,0,9,2,6,0,2,0,0,0,0,1,1,2,2,41,7,-1,-1,-1,-1,6,1,E01012205,0
Unvalidated,2024111440601,2024,111440601,2,9,0,18,4,6,0,2,0,0,1,0,3,1,2,2,45,7,-1,-1,-1,-1,1,1,E01020816,0
Unvalidated,2024111440701,2024,111440701,1,9,0,5,1,5,0,4,0,0,0,0,1,1,6,3,30,6,-1,-1,-1,-1,-1,-1,-1,0
Unvalidated,2024111440701,2024,111440701,2,2,0,18,5,3,0,3,0,0,0,0,4,1,5,1,31,6,-1,-1,-1,-1,3,1,E01008857,0
Unvalidated,2024111441088,2024,111441088,1,-1,0,9,6,4,0,6,0,0,0,0,0,1,6,3,30,6,-1,-1,-1,-1,-1,-1,-1,0
Unvalidated,2024111441088,2024,111441088,2,11,0,18,4,8,0,1,0,0,0,0,0,1,1,1,61,9,-1,-1,-1,-1,6,1,E01008758,0
Unvalidated,2024111442449,2024,111442449,1,9,0,18,2,6,0,0,0,0,0,0,1,1,6,2,61,9,-1,-1,-1,-1,9,2,E01027482,0
Unvalidated,2024111442449,2024,111442449,2,-1,0,18,6,2,0,0,0,0,0,0,1,1,6,3,30,6,-1,-1,-1,-1,-1,-1,-1,0
Unvalidated,2024111442583,2024,111442583,1,9,0,18,4,8,0,1,0,0,0,0,1,1,1,1,30,6,-1,-1,-1,-1,3,1,E01020661,0
Unvalidated,2024111442583,2024,111442583,2,9,0,4,4,2,0,1,0,0,0,0,2,1,5,2,20,4,-1,-1,-1,-1,3,3,E01020649,0
Unvalidated,2024111442583,2024,111442583,3,9,4,7,4,8,0,5,0,0,0,0,0,1,1,1,46,8,-1,-1,-1,-1,5,3,E01020604,0
Unvalidated,2024111444189,2024,111444189,1,9,0,11,3,7,0,0,0,0,0,0,4,1,6,2,52,8,-1,-1,-1,-1,7,3,E01012366,0
Unvalidated,2024111444189,2024,111444189,2,5,0,11,3,7,0,0,0,0,0,0,3,1,6,1,32,6,-1,-1,-1,-1,1,1,E01012327,0
Unvalidated,2024111444577,2024,111444577,1,1,0,18,4,8,0,4,0,0,0,0,1,1,5,1,50,8,-1,-1,-1,-1,2,1,E01012314,0
Unvalidated,2024111444577,2024,111444577,2,9,0,9,8,6,0,4,0,0,0,0,4,1,5,1,18,4,-1,-1,-1,-1,2,2,E01020797,0
Unvalidated,2024111444589,2024,111444589,1,9,0,9,3,7,0,3,0,0,0,0,1,1,5,2,51,8,-1,-1,-1,-1,-1,-1,-1,0
Unvalidated,2024111444589,2024,111444589,2,9,0,18,3,7,0,3,5,0,0,0,2,1,5,1,38,7,-1,-1,-1,-1,-1,-1,-1,0
Unvalidated,2024111444671,2024,111444671,1,9,0,18,1,5,0,2,0,0,0,0,4,1,5,1,19,4,-1,-1,-1,-1,-1,-1,-1,0
Unvalidated,2024111444687,2024,111444687,1,19,0,18,3,7,0,0,1,0,7,4,1,1,6,1,27,6,-1,-1,-1,-1,-1,-1,-1,0
Unvalidated,2024111445295,2024,111445295,1,9,0,18,1,6,0,6,0,0,1,3,4,1,1,1,20,4,-1,-1,-1,-1,5,3,E01020882,0
Unvalidated,2024111445295,2024,111445295,2,3,0,18,3,7,0,8,0,0,0,0,1,1,1,1,31,6,-1,-1,-1,-1,1,1,E01012266,0
Unvalidated,2024111445380,2024,111445380,1,9,0,18,8,4,0,0,0,0,0,0,1,1,6,2,40,7,-1,-1,-1,-1,8,2,E01008570,0
Unvalidated,2024111445380,2024,111445380,2,9,-1,2,-1,-1,0,0,0,0,0,0,4,1,5,2,75,10,-1,-1,-1,-1,-1,-1,-1,0
Unvalidated,2024111445487,2024,111445487,1,9,0,7,3,6,0,0,0,0,0,0,1,1,6,1,47,8,-1,-1,-1,-1,1,1,E01008223,0
Unvalidated,2024111445535,2024,111445535,1,9,0,18,6,1,0,0,0,0,0,0,1,1,6,1,25,5,-1,-1,-1,-1,-1,-1,-1,0
Unvalidated,2024111445535,2024,111445535,2,19,0,3,6,1,0,0,0,0,0,0,2,1,2,1,40,7,-1,-1,-1,-1,6,1,E01008727,0
Unvalidated,2024111445959,2024,111445959,1,9,0,7,1,3,0,2,0,0,0,0,1,1,6,1,30,6,-1,-1,-1,-1,-1,-1,-1,0
Unvalidated,2024111445959,2024,111445959,2,1,0,18,1,5,0,1,0,0,0,0,4,1,5,1,47,8,-1,-1,-1,-1,2,1,E01012318,0
Unvalidated,2024111445983,2024,111445983,1,9,0,18,7,3,0,1,0,0,0,0,1,1,6,2,24,5,-1,-1,-1,-1,3,1,E01033206,0
Unvalidated,2024111445983,2024,111445983,2,1,-1,18,4,8,0,1,0,0,0,0,1,1,3,1,9,2,-1,-1,-1,-1,3,1,E01033206,0
Unvalidated,2024111446056,2024,111446056,1,9,0,5,5,1,0,1,0,0,0,0,1,1,6,2,40,7,-1,-1,-1,-1,10,1,E01012337,0
Unvalidated,2024111446056,2024,111446056,2,1,0,18,3,7,0,1,0,0,0,0,4,1,3,1,12,3,-1,-1,-1,-1,2,1,E01012332,0
Unvalidated,2024111446118,2024,111446118,1,9,0,18,5,1,0,0,1,0,0,0,1,1,6,2,34,6,-1,-1,-1,-1,1,1,E01008600,0
Unvalidated,2024111446118,2024,111446118,2,9,0,18,1,5,0,0,0,0,0,0,1,1,6,1,65,9,-1,-1,-1,-1,9,1,E01008783,0
Unvalidated,2024111446122,2024,111446122,1,9,0,18,6,2,0,4,0,0,0,0,3,1,6,1,17,4,-1,-1,-1,-1,10,1,E01020603,0
Unvalidated,2024111446122,2024,111446122,2,9,0,9,2,8,0,3,0,0,0,0,3,1,2,1,62,9,-1,-1,-1,-1,6,3,E01020676,0
Unvalidated,2024111446200,2024,111446200,1,9,0,18,1,5,0,0,0,0,0,0,1,1,6,3,30,6,-1,-1,-1,-1,-1,-1,-1,0
Unvalidated,2024111446425,2024,111446425,1,9,0,18,7,3,0,1,1,0,0,0,1,1,1,2,17,4,-1,-1,-1,-1,2,2,E01020797,0
Unvalidated,2024111446425,2024,111446425,2,9,0,18,3,7,0,1,0,0,0,0,1,1,1,2,36,7,-1,-1,-1,-1,-1,-1,-1,0
Unvalidated,2024111447312,2024,111447312,1,9,0,9,3,7,0,0,0,0,0,0,1,1,6,2,40,7,-1,-1,-1,-1,-1,-1,-1,0
Unvalidated,2024111447312,2024,111447312,2,9,0,18,1,3,0,0,0,0,0,0,1,1,1,2,52,8,-1,-1,-1,-1,-1,-1,-1,0
Unvalidated,2024111447526,2024,111447526,1,9,0,4,3,7,9,0,0,0,7,0,3,1,5,2,72,10,-1,-1,-1,-1,1,2,E01020901,0
Unvalidated,2024111447571,2024,111447571,1,9,0,4,6,2,0,0,0,0,0,0,1,1,6,2,58,9,-1,-1,-1,-1,9,2,E01027449,0
Unvalidated,2024111448623,2024,111448623,1,9,0,18,7,3,0,0,0,0,0,0,1,1,5,2,36,7,-1,-1,-1,-1,-1,-1,-1,0
Unvalidated,2024111448623,2024,111448623,2,9,0,4,3,7,0,0,0,0,0,0,2,1,5,2,31,6,-1,-1,-1,-1,1,1,E01032542,0
Unvalidated,2024111448623,2024,111448623,3,9,0,18,7,3,0,0,0,0,0,0,0,1,1,1,30,6,-1,-1,-1,-1,-1,-1,-1,0
Unvalidated,2024111448623,2024,111448623,4,9,0,18,7,3,0,0,0,0,0,0,0,1,1,1,30,6,-1,-1,-1,-1,-1,-1,-1,0
Unvalidated,2024111448623,2024,111448623,5,9,0,18,3,7,0,0,0,0,0,0,1,1,2,1,56,9,-1,-1,-1,-1,3,2,E01020694,0
Unvalidated,2024111448799,2024,111448799,1,9,0,18,3,7,0,0,0,0,0,0,4,1,6,2,30,6,-1,-1,-1,-1,6,1,E01012323,0
Unvalidated,2024111448799,2024,111448799,2,9,0,2,0,0,0,0,0,0,0,0,3,1,6,1,30,6,-1,-1,-1,-1,4,1,E01012340,0
Unvalidated,2024111448799,2024,111448799,3,9,0,2,0,0,0,0,0,0,0,0,3,1,6,1,30,6,-1,-1,-1,-1,4,1,E01012340,0
Unvalidated,2024111448799,2024,111448799,4,98,0,2,0,0,0,0,0,0,0,0,3,1,6,1,30,6,-1,-1,-1,-1,-1,-1,-1,0
Unvalidated,2024111448829,2024,111448829,1,9,0,7,3,7,0,5,0,0,0,0,2,1,6,2,71,10,-1,-1,-1,-1,4,1,E01012340,0
Unvalidated,2024111448829,2024,111448829,2,9,0,4,3,7,0,5,0,0,0,0,2,1,6,2,61,9,-1,-1,-1,-1,8,1,E01012309,0
Unvalidated,2024111449241,2024,111449241,1,9,0,18,7,3,0,8,0,0,0,0,1,1,6,2,28,6,-1,-1,-1,-1,5,1,E01012363,0
Unvalidated,2024111449241,2024,111449241,2,9,0,18,7,3,0,8,0,0,0,0,2,1,1,1,-1,-1,-1,-1,-1,-1,-1,-1,-1,0
Unvalidated,2024111449298,2024,111449298,1,9,0,4,8,4,0,0,0,0,0,0,1,1,6,1,30,6,-1,-1,-1,-1,2,1,E01012171,0
Unvalidated,2024111449298,2024,111449298,2,9,0,4,8,4,0,0,0,0,0,0,2,1,6,1,72,10,-1,-1,-1,-1,4,1,E01020801,0
Unvalidated,2024111449562,2024,111449562,1,90,0,18,5,1,9,0,0,0,0,0,1,1,5,1,10,2,-1,-1,-1,-1,1,1,E01020909,1
Unvalidated,2024111449868,2024,111449868,1,9,0,18,5,1,0,1,0,0,0,0,4,1,6,1,37,7,-1,-1,-1,-1,7,1,-1,0
Unvalidated,2024111449868,2024,111449868,2,20,0,18,7,3,0,1,1,0,0,0,1,1,1,1,29,6,-1,-1,-1,-1,5,3,E01020865,0
Unvalidated,2024111450102,2024,111450102,1,9,0,18,1,5,0,0,5,0,1,0,1,1,6,1,38,7,-1,-1,-1,-1,-1,-1,-1,0
Unvalidated,2024111450102,2024,111450102,2,9,0,18,1,1,0,0,5,0,0,0,2,1,5,2,26,6,-1,-1,-1,-1,-1,-1,-1,0
Unvalidated,2024111450692,2024,111450692,1,9,0,18,5,1,0,0,0,0,0,0,3,1,6,3,30,6,-1,-1,-1,-1,-1,-1,-1,0
Unvalidated,2024111450692,2024,111450692,2,5,0,18,5,1,0,0,0,0,0,0,1,1,5,1,56,9,-1,-1,-1,-1,2,1,E01012216,0
Unvalidated,2024111450952,2024,111450952,1,9,0,9,1,7,0,0,0,0,0,0,3,1,5,2,49,8,-1,-1,-1,-1,9,2,E01020698,0
Unvalidated,2024111450952,2024,111450952,2,5,0,18,7,3,0,0,0,0,0,0,1,1,5,1,32,6,-1,-1,-1,-1,5,2,E01020620,0
Unvalidated,2024111451460,2024,111451460,1,9,0,18,6,2,0,0,0,0,0,0,3,1,6,3,30,6,-1,-1,-1,-1,-1,-1,-1,0
Unvalidated,2024111451460,2024,111451460,2,9,0,18,2,6,0,0,0,10,0,0,3,1,6,2,45,7,-1,-1,-1,-1,2,2,E01020773,0
Unvalidated,2024111451489,2024,111451489,1,1,0,5,1,5,0,0,0,0,0,0,1,1,6,1,4,1,-1,-1,-1,-1,1,1,E01020909,0
Unvalidated,2024111451489,2024,111451489,2,9,0,18,2,6,0,0,0,0,0,0,3,1,6,1,43,7,-1,-1,-1,-1,2,1,E01020897,0
Unvalidated,2024111451516,2024,111451516,1,9,0,18,6,4,0,1,0,0,0,0,1,1,6,2,30,6,-1,-1,-1,-1,-1,-1,-1,0
Unvalidated,2024111451516,2024,111451516,2,3,0,10,6,4,0,1,5,0,0,0,2,1,2,1,17,4,-1,-1,-1,-1,2,1,E01020741,0
Unvalidated,2024111451605,2024,111451605,1,19,0,9,1,7,0,2,0,0,0,0,3,1,5,1,29,6,-1,-1,-1,-1,3,1,E01008718,0
Unvalidated,2024111451605,2024,111451605,2,1,0,18,1,5,0,2,5,0,0,0,4,1,6,1,12,3,-1,-1,-1,-1,2,3,E01020672,0
Unvalidated,2024111451662,2024,111451662,1,9,0,18,1,4,0,1,0,0,0,0,1,1,6,1,30,6,-1,-1,-1,-1,-1,-1,-1,0
Unvalidated,2024111451662,2024,111451662,2,9,0,8,1,2,0,2,0,0,0,0,2,1,6,2,39,7,-1,-1,-1,-1,10,1,E01020683,0
Unvalidated,2024111451852,2024,111451852,1,9,0,9,3,1,0,0,0,0,0,0,1,1,6,1,17,4,-1,-1,-1,-1,3,1,E01012307,0
Unvalidated,2024111451852,2024,111451852,2,9,0,18,7,3,0,0,0,0,0,0,4,1,2,1,22,5,-1,-1,-1,-1,5,1,E01012343,0
Unvalidated,2024111451874,2024,111451874,1,9,0,18,6,2,0,0,0,0,0,0,4,1,5,2,50,8,-1,-1,-1,-1,4,2,E01020876,0
Unvalidated,2024111451904,2024,111451904,1,9,0,18,7,3,0,0,0,0,0,0,1,1,6,2,75,10,-1,-1,-1,-1,10,2,E01020829,0
Unvalidated,2024111451904,2024,111451904,2,98,0,4,7,3,0,0,0,0,0,0,2,1,6,1,55,8,-1,-1,-1,-1,2,1,E01008285,0
Unvalidated,2024111451904,2024,111451904,3,9,0,18,7,3,0,0,0,0,0,0,1,1,6,1,59,9,-1,-1,-1,-1,9,1,E01012255,0
Unvalidated,2024111451915,2024,111451915,1,9,0,5,3,5,0,1,0,2,0,0,1,1,6,2,61,9,-1,-1,-1,-1,1,1,E01020765,0
Unvalidated,2024111451915,2024,111451915,2,9,0,2,0,0,9,2,0,0,0,0,4,1,6,1,37,7,-1,-1,-1,-1,2,1,E01020842,0
Unvalidated,2024111451915,2024,111451915,3,11,0,18,1,5,0,1,0,0,0,0,1,1,6,3,30,6,-1,-1,-1,-1,-1,-1,-1,0
Unvalidated,2024111451918,2024,111451918,1,9,0,18,1,5,0,4,0,0,0,0,1,1,5,2,38,7,-1,-1,-1,-1,7,2,E01020796,0
Unvalidated,2024111451918,2024,111451918,2,1,0,18,7,3,0,4,0,0,0,0,4,1,6,2,45,7,-1,-1,-1,-1,-1,-1,-1,0
Unvalidated,2024111453022,2024,111453022,1,9,0,18,3,7,0,0,0,0,0,0,1,1,1,1,36,7,-1,-1,-1,-1,1,1,E01012359,0
Unvalidated,2024111453022,2024,111453022,2,1,0,18,5,1,0,0,0,0,0,0,3,1,5,1,3,1,-1,-1,-1,-1,1,1,E01012359,0
Unvalidated,2024111453763,2024,111453763,1,1,0,4,7,3,0,1,0,0,0,0,1,1,6,1,9,2,-1,-1,-1,-1,2,2,E01020618,0
Unvalidated,2024111453763,2024,111453763,2,9,0,7,5,7,0,1,0,0,0,0,4,1,5,2,38,7,-1,-1,-1,-1,2,2,E01020618,0
Unvalidated,2024111454157,2024,111454157,1,9,0,18,5,1,0,2,0,0,0,0,1,1,6,1,30,6,-1,-1,-1,-1,2,1,E01012291,0
Unvalidated,2024111454157,2024,111454157,2,9,0,18,5,1,0,2,0,0,0,0,2,1,6,1,61,9,-1,-1,-1,-1,3,1,E01020799,0
Unvalidated,2024111454157,2024,111454157,3,9,0,9,5,3,0,1,0,0,0,0,2,1,6,1,33,6,-1,-1,-1,-1,7,3,E01027751,0
Unvalidated,2024111454269,2024,111454269,1,9,0,5,8,2,0,0,0,0,0,0,1,1,6,2,37,7,-1,-1,-1,-1,5,1,E01020848,0
Unvalidated,2024111454269,2024,111454269,2,9,0,5,8,2,-1,0,1,0,0,0,2,1,6,2,50,8,-1,-1,-1,-1,-1,-1,-1,0
Unvalidated,2024111454269,2024,111454269,3,9,0,11,6,2,0,0,0,0,0,0,0,1,6,3,30,6,-1,-1,-1,-1,-1,-1,-1,0
Unvalidated,2024111454640,2024,111454640,1,9,0,18,7,3,0,0,0,0,0,0,1,1,6,1,30,6,-1,-1,-1,-1,2,2,E01020860,0
Unvalidated,2024111454640,2024,111454640,2,9,0,3,7,3,0,0,0,0,0,0,2,1,5,1,26,6,-1,-1,-1,-1,3,1,E01020831,0
Unvalidated,2024111454656,2024,111454656,1,11,0,2,2,6,0,0,0,0,0,0,0,1,1,1,52,8,-1,-1,-1,-1,3,1,E01020652,0
Unvalidated,2024111454833,2024,111454833,1,11,0,2,5,1,0,8,0,0,0,0,0,1,1,3,30,6,-1,-1,-1,-1,-1,-1,-1,0
Unvalidated,2024111454861,2024,111454861,1,-1,0,18,6,2,0,1,0,0,0,0,0,1,6,3,30,6,-1,-1,-1,-1,-1,-1,-1,0
Unvalidated,2024111454895,2024,111454895,1,9,0,4,7,3,0,0,0,0,0,0,1,1,6,3,30,6,-1,-1,-1,-1,-1,-1,-1,0
Unvalidated,2024111454895,2024,111454895,2,9,0,5,7,3,0,0,0,0,0,0,2,1,5,1,58,9,-1,-1,-1,-1,3,3,E01020649,0
Unvalidated,2024111454970,2024,111454970,1,9,0,7,1,5,0,6,0,0,0,0,1,1,6,1,53,8,-1,-1,-1,-1,3,1,E01020799,0
Unvalidated,2024111454970,2024,111454970,2,19,0,18,7,3,0,1,0,0,0,0,1,1,6,1,51,8,-1,-1,-1,-1,1,1,E01012020,0
Unvalidated,2024111455231,2024,111455231,1,9,0,10,8,4,0,1,1,0,7,0,1,1,6,1,42,7,-1,-1,-1,-1,10,3,E01020713,0
Unvalidated,2024111455231,2024,111455231,2,8,0,10,8,6,0,1,0,0,0,0,2,1,1,1,60,9,-1,-1,-1,-1,4,3,E01020644,0
Unvalidated,2024111455280,2024,111455280,1,9,0,7,8,3,0,8,0,0,0,0,1,1,6,1,50,8,-1,-1,-1,-1,1,1,E01012304,0
Unvalidated,2024111455280,2024,111455280,2,1,0,18,1,5,0,8,5,0,0,0,3,1,6,1,20,4,-1,-1,-1,-1,3,1,E01012353,0
Unvalidated,2024111455323,2024,111455323,1,9,0,18,8,4,0,1,0,0,0,0,1,1,6,3,30,6,-1,-1,-1,-1,-1,-1,-1,0
Unvalidated,2024111455323,2024,111455323,2,9,0,3,8,4,0,1,0,0,0,0,2,1,6,2,24,5,-1,-1,-1,-1,9,2,E01020666,0
Unvalidated,2024111455441,2024,111455441,1,9,0,7,3,7,0,2,0,0,0,0,1,1,5,1,26,6,-1,-1,-1,-1,5,1,E01032981,0
Unvalidated,2024111455441,2024,111455441,2,9,0,18,1,5,0,1,0,0,1,0,4,1,5,2,67,10,-1,-1,-1,-1,8,2,E01020731,0
Unvalidated,2024111456320,2024,111456320,1,9,0,5,5,1,0,0,0,0,0,0,3,1,5,1,28,6,-1,-1,-1,-1,2,1,E01020647,0
Unvalidated,2024111456320,2024,111456320,2,9,0,18,3,7,0,0,0,0,0,0,1,1,5,2,25,5,-1,-1,-1,-1,6,3,E01020864,0
Unvalidated,2024111456643,2024,111456643,1,1,0,3,1,5,0,1,0,0,0,0,1,1,6,1,15,3,-1,-1,-1,-1,2,1,E01012314,0
Unvalidated,2024111456643,2024,111456643,2,9,0,7,7,5,0,2,0,0,0,0,4,1,6,1,41,7,-1,-1,-1,-1,2,1,E01012314,0
Unvalidated,2024111456789,2024,111456789,1,9,0,18,1,5,0,0,0,0,0,0,1,1,2,1,26,6,-1,-1,-1,-1,1,3,E01020880,0
Unvalidated,2024111456865,2024,111456865,1,19,0,18,4,8,0,0,0,0,0,0,1,1,6,3,-1,-1,-1,-1,-1,-1,-1,-1,-1,0
Unvalidated,2024111456865,2024,111456865,2,4,0,18,4,8,0,0,1,0,0,0,2,1,2,1,20,4,-1,-1,-1,-1,4,1,E01020667,0
Unvalidated,2024111457019,2024,111457019,1,9,0,9,5,4,0,8,0,0,0,0,1,1,6,1,30,6,-1,-1,-1,-1,-1,-1,-1,0
Unvalidated,2024111457031,2024,111457031,1,9,0,18,7,3,0,0,0,0,0,0,1,1,6,2,30,6,-1,-1,-1,-1,-1,-1,-1,0
Unvalidated,2024111457031,2024,111457031,2,9,0,18,7,3,0,0,0,0,0,0,2,1,5,2,34,6,-1,-1,-1,-1,2,1,E01020602,0
Unvalidated,2024111457178,2024,111457178,1,9,0,18,7,3,0,0,5,10,0,0,3,1,1,2,31,6,-1,-1,-1,-1,3,1,E01012350,0
Unvalidated,2024111457269,2024,111457269,1,5,0,18,4,1,0,0,2,0,2,2,1,1,5,1,66,10,-1,-1,-1,-1,6,2,E01020794,0
Unvalidated,2024111457447,2024,111457447,1,9,0,9,7,5,0,8,0,0,0,0,3,1,6,2,27,6,-1,-1,-1,-1,3,1,E01012328,0
Unvalidated,2024111457447,2024,111457447,2,9,0,18,5,1,0,1,0,0,0,0,1,1,6,2,20,4,-1,-1,-1,-1,5,1,E01012310,0
Unvalidated,2024111457447,2024,111457447,3,9,0,2,0,0,0,1,0,0,0,0,3,1,6,1,50,8,-1,-1,-1,-1,1,1,E01012352,0
Unvalidated,2024111457791,2024,111457791,1,9,0,18,3,7,0,6,0,0,0,0,1,1,5,1,26,6,-1,-1,-1,-1,3,1,E01033203,0
Unvalidated,2024111457791,2024,111457791,2,9,0,18,5,1,0,8,5,7,1,0,3,1,1,1,39,7,-1,-1,-1,-1,3,1,E01020599,0
Unvalidated,2024111457802,2024,111457802,1,1,0,18,5,1,0,0,0,0,0,0,1,1,5,1,13,3,-1,-1,-1,-1,5,3,E01020891,0
Unvalidated,2024111457802,2024,111457802,2,9,0,18,1,5,0,0,0,0,0,0,3,1,6,1,18,4,-1,-1,-1,-1,5,3,E01020889,0
Unvalidated,2024111458494,2024,111458494,1,9,0,18,8,4,0,0,0,0,0,0,4,1,6,1,62,9,-1,-1,-1,-1,-1,-1,-1,0
Unvalidated,2024111459121,2024,111459121,1,3,0,13,5,1,0,0,0,7,0,0,1,1,6,1,51,8,-1,-1,-1,-1,-1,-1,-1,0
Unvalidated,2024111459504,2024,111459504,1,3,0,18,3,8,0,3,1,4,0,0,1,1,2,1,22,5,-1,-1,-1,-1,3,2,E01020760,0
Unvalidated,2024111459504,2024,111459504,2,9,0,2,0,0,0,2,0,0,0,0,2,1,6,3,-1,-1,-1,-1,-1,-1,-1,-1,-1,0
Unvalidated,2024111459647,2024,111459647,1,9,0,4,8,4,0,1,0,0,0,0,1,1,6,2,30,6,-1,-1,-1,-1,7,1,E01020720,0
Unvalidated,2024111459647,2024,111459647,2,19,0,8,8,4,0,1,0,0,0,0,2,1,2,1,50,8,-1,-1,-1,-1,3,2,E01020621,0
Unvalidated,2024111460417,2024,111460417,1,9,0,4,3,6,0,1,0,0,0,0,1,1,6,2,45,7,-1,-1,-1,-1,5,3,E01012338,0
Unvalidated,2024111460417,2024,111460417,2,9,0,8,3,6,0,1,0,0,0,0,2,1,5,1,18,4,-1,-1,-1,-1,-1,-1,-1,0
Unvalidated,2024111460435,2024,111460435,1,1,0,7,6,7,0,2,0,0,0,0,2,1,5,1,14,3,-1,-1,-1,-1,2,1,E01020802,0
Unvalidated,2024111460435,2024,111460435,2,19,0,18,3,7,0,1,0,0,0,0,1,1,2,1,42,7,-1,-1,-1,-1,7,1,E01008585,0
Unvalidated,2024111460609,2024,111460609,1,9,0,18,5,1,0,1,1,0,0,0,1,1,6,1,63,9,-1,-1,-1,-1,2,2,E01020797,0
Unvalidated,2024111460609,2024,111460609,2,1,0,18,3,7,0,1,0,0,0,0,1,1,6,1,71,10,-1,-1,-1,-1,5,1,E01012364,0
Unvalidated,2024111460701,2024,111460701,1,19,0,18,1,5,0,0,0,0,0,0,1,1,2,1,37,7,-1,-1,-1,-1,5,3,E01020663,0
Unvalidated,2024111460735,2024,111460735,1,9,0,18,2,5,0,0,0,0,0,0,1,1,6,1,59,9,-1,-1,-1,-1,8,1,E01012365,0
Unvalidated,2024111460735,2024,111460735,2,9,0,18,2,5,0,0,0,0,0,0,2,1,6,2,18,4,-1,-1,-1,-1,10,1,E01012337,0
Unvalidated,2024111460735,2024,111460735,3,9,0,4,2,5,0,0,0,0,0,0,2,1,6,1,22,5,-1,-1,-1,-1,9,1,E01012361,0
Unvalidated,2024111460786,2024,111460786,1,9,0,9,1,7,0,8,0,0,0,0,1,1,6,1,30,6,-1,-1,-1,-1,-1,-1,-1,0
Unvalidated,2024111460786,2024,111460786,2,9,0,18,3,7,0,1,0,0,0,0,3,1,2,2,57,9,-1,-1,-1,-1,3,1,E01012306,0
Unvalidated,2024111460812,2024,111460812,1,9,0,7,1,3,0,2,0,0,0,0,1,1,5,1,45,7,-1,-1,-1,-1,5,1,E01012364,0
Unvalidated,2024111461627,2024,111461627,1,9,0,18,1,6,0,0,1,0,1,11,1,1,2,1,36,7,-1,-1,-1,-1,1,1,E01012074,0
Unvalidated,2024111461627,2024,111461627,2,1,0,18,1,5,0,0,0,0,0,0,2,1,5,2,68,10,-1,-1,-1,-1,3,1,E01012358,0
Unvalidated,2024111462046,2024,111462046,1,1,0,18,8,4,0,0,0,0,0,0,3,1,6,3,10,2,-1,-1,-1,-1,-1,-1,-1,0
Unvalidated,2024111462046,2024,111462046,2,9,0,4,6,8,0,0,0,0,0,0,4,1,5,2,49,8,-1,-1,-1,-1,5,2,E01020904,0
Unvalidated,2024111462060,2024,111462060,1,19,0,18,6,2,0,1,0,0,0,0,1,1,2,1,41,7,-1,-1,-1,-1,-1,3,-1,0
Unvalidated,2024111462060,2024,111462060,2,9,0,7,6,2,0,4,0,0,0,0,3,1,6,2,52,8,-1,-1,-1,-1,-1,-1,-1,0
Unvalidated,2024111462060,2024,111462060,3,9,0,9,6,2,0,4,0,0,0,0,0,1,6,3,30,6,-1,-1,-1,-1,-1,-1,-1,0
Unvalidated,2024111462082,2024,111462082,1,8,0,7,4,7,0,0,0,0,0,0,1,1,6,1,30,6,-1,-1,-1,-1,-1,-1,-1,0
Unvalidated,2024111462082,2024,111462082,2,9,0,18,4,7,0,0,0,0,0,0,2,1,5,2,82,11,-1,-1,-1,-1,9,1,E01020612,0
Unvalidated,2024111462199,2024,111462199,1,98,0,18,5,1,0,0,0,0,0,0,1,1,6,3,30,6,-1,-1,-1,-1,-1,-1,-1,0
Unvalidated,2024111462199,2024,111462199,2,9,0,4,5,1,0,0,0,0,0,0,2,1,2,2,44,7,-1,-1,-1,-1,5,3,E01027613,0
Unvalidated,2024111462216,2024,111462216,1,9,0,9,6,2,0,4,0,0,0,0,3,1,6,2,30,6,-1,-1,-1,-1,-1,-1,-1,0
Unvalidated,2024111462216,2024,111462216,2,9,0,11,2,1,0,3,1,10,0,0,4,1,5,2,37,7,-1,-1,-1,-1,3,1,E01020599,0
Unvalidated,2024111462535,2024,111462535,1,9,0,9,5,3,0,6,0,0,0,0,3,1,6,1,77,11,-1,-1,-1,-1,8,1,E01020690,0
Unvalidated,2024111462535,2024,111462535,2,9,0,18,3,7,0,1,0,0,0,0,1,1,5,2,35,6,-1,-1,-1,-1,1,1,E01020807,0
Unvalidated,2024111462571,2024,111462571,1,1,0,7,3,5,0,6,0,0,0,0,1,1,6,1,20,4,-1,-1,-1,-1,-1,-1,-1,0