status,collision_index,collision_year,collision_reference,vehicle_reference,vehicle_type,towing_and_articulation,vehicle_manoeuvre,vehicle_direction_from,vehicle_direction_to,vehicle_location_restricted_lane,junction_location,skidding_and_overturning,hit_object_in_carriageway,vehicle_leaving_carriageway,hit_object_off_carriageway,first_point_of_impact,vehicle_left_hand_drive,journey_purpose_of_driver,sex_of_driver,age_of_driver,age_band_of_driver,engine_capacity_cc,propulsion_code,age_of_vehicle,generic_make_model,driver_imd_decile,driver_home_area_type,lsoa_of_driver,escooter_flag
Unvalidated,2024111462571,2024,111462571,2,9,0,18,5,1,0,1,0,0,0,0,1,1,6,2,57,9,-1,-1,-1,-1,9,1,E01032546,0
Unvalidated,2024111462571,2024,111462571,3,9,0,2,0,0,0,1,0,0,0,0,2,1,2,2,22,5,-1,-1,-1,-1,8,1,E01008642,0
Unvalidated,2024111462670,2024,111462670,1,1,0,18,2,6,0,0,5,0,0,0,1,1,6,1,60,9,-1,-1,-1,-1,-1,-1,-1,0
Unvalidated,2024111462670,2024,111462670,2,98,0,2,0,0,0,0,0,0,0,0,1,1,1,1,43,7,-1,-1,-1,-1,4,1,-1,0
Unvalidated,2024111462997,2024,111462997,1,9,0,9,2,7,0,8,0,0,0,0,4,1,6,3,30,6,-1,-1,-1,-1,-1,-1,-1,0
Unvalidated,2024111462997,2024,111462997,2,1,0,7,6,7,0,8,0,0,0,0,3,1,6,1,58,9,-1,-1,-1,-1,3,1,E01012313,0
Unvalidated,2024111463301,2024,111463301,1,1,0,7,7,1,0,0,0,0,0,0,4,1,6,2,7,2,-1,-1,-1,-1,-1,-1,-1,0
Unvalidated,2024111463301,2024,111463301,2,19,0,18,5,1,0,0,0,0,0,0,1,1,1,1,25,5,-1,-1,-1,-1,9,1,E01020611,0
Unvalidated,2024111467740,2024,111467740,1,9,0,18,1,4,0,4,0,0,0,0,1,1,6,1,52,8,-1,-1,-1,-1,5,1,E01012343,0
Unvalidated,2024111467740,2024,111467740,2,1,0,5,7,3,0,3,5,0,0,0,4,1,5,1,54,8,-1,-1,-1,-1,8,1,E01012316,0
Unvalidated,2024111467938,2024,111467938,1,97,0,13,1,4,0,0,0,0,0,0,3,1,6,1,74,10,-1,-1,-1,-1,7,1,E01027496,0
Unvalidated,2024111467938,2024,111467938,2,9,0,18,1,4,0,0,0,0,0,0,3,1,6,3,30,6,-1,-1,-1,-1,-1,-1,-1,0
Unvalidated,2024111471034,2024,111471034,1,9,0,9,3,8,0,6,0,0,0,0,3,1,6,2,17,4,-1,-1,-1,-1,3,3,E01020827,0
Unvalidated,2024111471034,2024,111471034,2,9,0,18,8,4,0,1,0,0,0,0,1,1,6,1,30,6,-1,-1,-1,-1,1,1,E01020765,0
Unvalidated,2024111471144,2024,111471144,1,9,0,7,1,3,0,2,0,0,0,0,1,1,6,1,36,7,-1,-1,-1,-1,3,2,E01008185,0
Unvalidated,2024111479965,2024,111479965,1,9,0,18,7,3,0,0,0,0,0,0,4,1,5,1,25,5,-1,-1,-1,-1,2,1,E01020648,0
Unvalidated,2024122400033,2024,122400033,1,9,0,9,8,4,0,2,0,0,0,0,3,1,2,2,46,8,-1,-1,-1,-1,5,3,E01027796,0
Unvalidated,2024122400034,2024,122400034,1,9,0,18,2,6,0,4,0,0,0,0,1,1,6,2,72,10,-1,-1,-1,-1,8,3,E01027887,0
Unvalidated,2024122400034,2024,122400034,2,9,0,4,2,6,0,4,0,0,0,0,2,1,6,2,32,6,-1,-1,-1,-1,8,2,E01027887,0
Unvalidated,2024122400035,2024,122400035,1,4,0,15,4,8,0,1,0,0,0,0,1,1,6,1,36,7,-1,-1,-1,-1,2,1,E01027852,0
Unvalidated,2024122400035,2024,122400035,2,9,0,9,8,6,0,1,0,0,0,0,4,1,6,1,71,10,-1,-1,-1,-1,8,1,E01027858,0
Unvalidated,2024122400040,2024,122400040,1,9,0,5,5,1,0,8,0,0,0,0,1,1,6,2,-1,-1,-1,-1,-1,-1,7,1,E01013419,0
Unvalidated,2024122400040,2024,122400040,2,1,0,18,3,7,0,8,0,0,0,0,4,1,6,1,45,7,-1,-1,-1,-1,9,1,E01013411,0
Unvalidated,2024122400042,2024,122400042,1,9,0,18,3,7,0,1,0,0,0,0,1,1,2,2,29,6,-1,-1,-1,-1,8,1,E01027738,0
Unvalidated,2024122400042,2024,122400042,2,9,0,10,3,5,0,1,0,0,0,0,2,1,6,1,-1,-1,-1,-1,-1,-1,2,1,E01011611,0
Unvalidated,2024122400057,2024,122400057,1,1,0,18,7,3,0,0,0,0,0,0,1,1,6,1,47,8,-1,-1,-1,-1,7,2,E01027645,0
Unvalidated,2024122400058,2024,122400058,1,9,0,9,1,7,0,1,0,0,0,0,1,1,6,2,-1,-1,-1,-1,-1,-1,-1,-1,-1,0
Unvalidated,2024122400058,2024,122400058,2,2,0,18,5,1,0,1,0,0,0,0,1,1,2,2,50,8,-1,-1,-1,-1,8,1,E01013391,0
Unvalidated,2024122400059,2024,122400059,1,9,0,18,3,7,0,8,0,0,0,0,1,1,6,1,59,9,-1,-1,-1,-1,5,1,E01006074,0
Unvalidated,2024122400062,2024,122400062,1,9,0,18,3,7,0,0,0,0,0,0,1,1,6,2,72,10,-1,-1,-1,-1,9,2,E01027917,0
Unvalidated,2024122400063,2024,122400063,1,9,0,17,1,5,0,0,0,0,2,11,1,1,2,1,71,10,-1,-1,-1,-1,9,3,E01027848,0
Unvalidated,2024122400069,2024,122400069,1,9,0,18,1,5,0,0,0,0,0,0,0,1,6,1,78,11,-1,-1,-1,-1,8,1,E01027096,0
Unvalidated,2024122400074,2024,122400074,1,9,0,1,6,2,0,1,0,0,0,0,2,1,6,2,81,11,-1,-1,-1,-1,6,3,E01027601,0
Unvalidated,2024122400074,2024,122400074,2,10,0,10,2,8,0,1,0,0,0,0,1,1,1,1,67,10,-1,-1,-1,-1,9,1,E01013388,0
Unvalidated,2024122400074,2024,122400074,3,9,0,2,0,0,0,2,0,0,1,0,3,1,6,2,57,9,-1,-1,-1,-1,9,2,E01027595,0
Unvalidated,2024122400078,2024,122400078,1,9,0,14,5,1,0,0,0,0,0,0,3,1,6,1,75,10,-1,-1,-1,-1,10,3,E01013436,0
Unvalidated,2024122400080,2024,122400080,1,5,0,18,3,7,0,1,0,0,0,0,1,1,2,1,32,6,-1,-1,-1,-1,4,1,E01013353,0
Unvalidated,2024122400080,2024,122400080,2,19,0,7,3,5,0,1,0,0,0,0,2,1,2,1,60,9,-1,-1,-1,-1,7,1,E01013336,0
Unvalidated,2024122400080,2024,122400080,3,9,0,18,7,3,0,1,0,0,1,0,3,1,2,1,36,7,-1,-1,-1,-1,7,2,E01027645,0
Unvalidated,2024122400083,2024,122400083,1,19,0,9,7,5,0,5,1,0,0,0,1,1,1,1,55,8,-1,-1,-1,-1,8,3,E01027694,0
Unvalidated,2024122400083,2024,122400083,2,9,0,18,3,7,0,8,0,0,0,0,0,1,6,2,33,6,-1,-1,-1,-1,7,3,E01027703,0
Unvalidated,2024122400087,2024,122400087,1,9,0,18,3,7,0,0,0,0,0,0,4,1,2,1,39,7,-1,-1,-1,-1,9,1,E01013380,0
Unvalidated,2024122400088,2024,122400088,1,8,0,18,1,5,0,2,0,0,0,0,2,1,1,1,58,9,-1,-1,-1,-1,4,1,E01027866,0
Unvalidated,2024122400088,2024,122400088,2,8,0,18,5,1,0,2,0,0,0,0,1,1,1,1,63,9,-1,-1,-1,-1,4,1,E01027866,0
Unvalidated,2024122400091,2024,122400091,1,9,0,18,5,1,0,0,1,0,0,0,1,1,2,1,22,5,-1,-1,-1,-1,8,2,E01013430,0
Unvalidated,2024122400091,2024,122400091,2,9,0,18,5,1,0,0,0,0,0,0,2,1,2,2,23,5,-1,-1,-1,-1,4,3,E01027779,0
Unvalidated,2024122400092,2024,122400092,1,9,0,18,5,1,0,0,1,0,1,1,4,1,6,1,35,6,-1,-1,-1,-1,1,1,E01012092,0
Unvalidated,2024122400092,2024,122400092,2,9,0,18,5,1,0,0,0,0,0,0,3,1,6,1,28,6,-1,-1,-1,-1,1,1,E01007339,0
Unvalidated,2024122400095,2024,122400095,1,9,0,18,8,2,0,2,0,0,0,0,1,1,6,1,63,9,-1,-1,-1,-1,4,3,E01027835,0
Unvalidated,2024122400097,2024,122400097,1,9,0,5,2,6,0,6,0,0,0,0,3,1,2,2,66,10,-1,-1,-1,-1,8,3,E01027694,0
Unvalidated,2024122400097,2024,122400097,2,9,0,18,8,4,0,8,0,0,0,0,1,1,6,1,51,8,-1,-1,-1,-1,10,1,E01027576,0
Unvalidated,2024122400097,2024,122400097,3,9,0,2,0,0,0,8,0,0,0,0,3,1,6,3,-1,-1,-1,-1,-1,-1,-1,-1,-1,0
Unvalidated,2024122400097,2024,122400097,4,9,0,2,0,0,0,8,0,0,0,0,3,1,6,3,-1,-1,-1,-1,-1,-1,-1,-1,-1,0
Unvalidated,2024122400098,2024,122400098,1,9,0,18,7,3,0,8,0,0,0,0,4,1,6,1,66,10,-1,-1,-1,-1,9,2,E01027783,0
Unvalidated,2024122400098,2024,122400098,2,9,0,18,1,5,0,8,0,0,0,0,1,1,1,2,18,4,-1,-1,-1,-1,4,2,E01012164,0
Unvalidated,2024122400101,2024,122400101,1,19,0,18,1,5,0,0,0,0,0,0,1,1,1,1,34,6,-1,-1,-1,-1,2,1,E01007770,0
Unvalidated,2024122400101,2024,122400101,2,9,0,18,1,5,0,0,0,0,0,0,2,1,1,2,22,5,-1,-1,-1,-1,4,1,E01027706,0
Unvalidated,2024122400101,2024,122400101,3,9,0,18,1,5,0,0,0,0,0,0,2,1,1,2,30,6,-1,-1,-1,-1,10,1,E01027721,0
Unvalidated,2024122400107,2024,122400107,1,9,0,16,7,3,0,0,0,0,0,0,1,1,6,1,57,9,-1,-1,-1,-1,10,1,E01011701,0
Unvalidated,2024122400107,2024,122400107,2,9,0,17,3,7,0,0,0,0,1,9,4,1,6,1,21,5,-1,-1,-1,-1,10,1,E01027574,0
Unvalidated,2024122400107,2024,122400107,3,9,0,17,3,7,0,0,0,11,0,0,0,1,6,2,23,5,-1,-1,-1,-1,6,1,E01025334,0
Unvalidated,2024122400108,2024,122400108,1,9,0,18,2,6,0,0,0,0,0,0,1,1,3,1,40,7,-1,-1,-1,-1,10,1,E01027733,0
Unvalidated,2024122400109,2024,122400109,1,9,0,17,5,1,0,0,2,0,1,11,1,1,6,1,52,8,-1,-1,-1,-1,9,1,E01033475,0
Unvalidated,2024122400110,2024,122400110,1,9,0,18,6,2,0,1,0,0,7,4,1,1,2,2,58,9,-1,-1,-1,-1,10,1,E01027670,0
Unvalidated,2024122400110,2024,122400110,2,9,0,9,8,6,0,5,0,0,0,0,3,1,6,2,71,10,-1,-1,-1,-1,10,1,E01011703,0
Unvalidated,2024122400111,2024,122400111,1,19,0,9,2,6,0,6,0,0,0,0,3,1,1,1,64,9,-1,-1,-1,-1,8,1,E01027656,0
Unvalidated,2024122400111,2024,122400111,2,9,0,18,8,4,0,1,0,0,0,0,1,1,2,1,34,6,-1,-1,-1,-1,8,1,E01027680,0
Unvalidated,2024122400112,2024,122400112,1,9,0,13,2,6,0,0,0,0,7,0,1,1,6,1,31,6,-1,-1,-1,-1,6,3,E01027797,0
Unvalidated,2024122400112,2024,122400112,2,9,0,17,6,2,0,0,0,0,1,0,1,1,6,1,21,5,-1,-1,-1,-1,8,3,E01027801,0
Unvalidated,2024122400113,2024,122400113,1,9,0,18,5,1,0,1,0,0,0,0,1,1,6,1,56,9,-1,-1,-1,-1,8,3,E01027900,0
Unvalidated,2024122400113,2024,122400113,2,9,0,18,5,1,0,1,0,0,0,0,2,1,6,2,24,5,-1,-1,-1,-1,7,1,E01012270,0
Unvalidated,2024122400113,2024,122400113,3,9,0,18,5,1,0,1,0,0,0,0,2,1,6,2,25,5,-1,-1,-1,-1,7,1,E01026856,0
Unvalidated,2024122400113,2024,122400113,4,9,0,10,5,1,0,1,0,0,0,0,2,1,6,1,24,5,-1,-1,-1,-1,3,1,E01027612,0
Unvalidated,2024122400114,2024,122400114,1,9,0,18,5,1,0,1,1,0,0,0,1,1,6,2,22,5,-1,-1,-1,-1,6,3,E01027681,0
Unvalidated,2024122400114,2024,122400114,2,21,0,18,1,5,0,1,1,0,0,0,3,1,1,1,33,6,-1,-1,-1,-1,1,1,E01005377,0
Unvalidated,2024122400114,2024,122400114,3,20,0,10,5,3,0,1,0,0,0,0,2,1,1,1,27,6,-1,-1,-1,-1,9,1,E01027663,0
Unvalidated,2024122400115,2024,122400115,1,9,0,18,4,8,0,0,0,0,0,0,1,1,6,3,-1,-1,-1,-1,-1,-1,-1,-1,-1,0
Unvalidated,2024122400116,2024,122400116,1,9,0,18,3,7,0,0,0,0,0,0,1,1,6,1,83,11,-1,-1,-1,-1,-1,-1,-1,0
Unvalidated,2024122400116,2024,122400116,2,9,0,18,3,7,0,0,0,0,0,0,2,1,6,1,62,9,-1,-1,-1,-1,8,1,E01013403,0
Unvalidated,2024122400117,2024,122400117,1,4,0,18,7,3,0,1,0,0,1,0,4,1,6,2,20,4,-1,-1,-1,-1,9,3,E01013426,0
Unvalidated,2024122400117,2024,122400117,2,9,0,18,7,3,0,1,0,0,0,0,1,1,6,2,45,7,-1,-1,-1,-1,3,1,E01013335,0
Unvalidated,2024122400117,2024,122400117,3,9,0,18,7,3,0,1,0,0,0,0,1,1,6,1,33,6,-1,-1,-1,-1,3,1,E01013410,0
Unvalidated,2024122400117,2024,122400117,4,9,0,18,7,3,0,1,0,0,0,0,1,1,6,2,20,4,-1,-1,-1,-1,8,2,E01017931,0
Unvalidated,2024122400118,2024,122400118,1,9,0,16,2,5,0,0,2,0,7,10,1,1,2,1,18,4,-1,-1,-1,-1,10,1,E01027670,0
Unvalidated,2024122400119,2024,122400119,1,9,0,7,5,3,0,6,0,0,0,0,1,1,6,1,19,4,-1,-1,-1,-1,7,1,E01006803,0
Unvalidated,2024122400119,2024,122400119,2,9,0,3,3,7,0,1,0,0,0,0,2,1,6,2,25,5,-1,-1,-1,-1,9,2,E01027921,0
Unvalidated,2024122400121,2024,122400121,1,9,0,18,3,7,0,3,5,0,0,0,1,1,6,1,77,11,-1,-1,-1,-1,2,1,E01027864,0
Unvalidated,2024122400121,2024,122400121,2,9,0,2,0,0,0,2,0,0,0,0,2,1,6,2,39,7,-1,-1,-1,-1,6,1,E01027871,0
Unvalidated,2024122400122,2024,122400122,1,9,0,17,1,5,0,0,0,0,0,0,1,1,6,1,67,10,-1,-1,-1,-1,10,1,E01023269,0
Unvalidated,2024122400122,2024,122400122,2,9,0,16,5,1,0,0,0,0,7,10,1,1,6,2,48,8,-1,-1,-1,-1,6,3,E01027637,0
Unvalidated,2024122400123,2024,122400123,1,9,0,18,1,5,0,2,0,0,3,0,1,1,6,1,22,5,-1,-1,-1,-1,4,1,E01009460,0
Unvalidated,2024122400124,2024,122400124,1,4,0,18,5,1,0,0,0,0,1,0,1,1,6,1,51,8,-1,-1,-1,-1,3,1,E01013335,0
Unvalidated,2024122400124,2024,122400124,2,9,0,18,5,1,0,0,0,0,0,0,2,1,6,1,32,6,-1,-1,-1,-1,3,1,E01013385,0
Unvalidated,2024122400125,2024,122400125,1,9,0,2,0,0,0,1,0,0,0,0,3,1,6,2,56,9,-1,-1,-1,-1,9,3,E01027644,0
Unvalidated,2024122400125,2024,122400125,2,9,0,18,2,5,0,1,0,0,0,0,1,1,6,2,43,7,-1,-1,-1,-1,7,3,E01027646,0
Unvalidated,2024122400127,2024,122400127,1,19,0,9,5,3,0,7,0,0,0,0,1,1,1,1,55,8,-1,-1,-1,-1,9,2,E01027644,0
Unvalidated,2024122400127,2024,122400127,2,19,0,18,7,3,0,8,0,0,0,0,3,1,1,1,55,8,-1,-1,-1,-1,8,2,E01027620,0
Unvalidated,2024122400128,2024,122400128,1,11,1,18,8,4,0,8,1,0,0,0,4,1,1,1,59,9,-1,-1,-1,-1,7,1,E01013345,0
Unvalidated,2024122400128,2024,122400128,2,1,0,4,2,4,0,8,0,0,0,0,1,1,6,1,35,6,-1,-1,-1,-1,6,2,E01010590,0
Unvalidated,2024122400131,2024,122400131,1,19,0,18,2,6,0,0,2,0,1,9,3,1,6,1,33,6,-1,-1,-1,-1,5,3,E01013437,0
Unvalidated,2024122400136,2024,122400136,1,9,0,18,7,3,0,0,0,0,0,0,1,1,6,1,60,9,-1,-1,-1,-1,7,1,E01013400,0
Unvalidated,2024122400136,2024,122400136,2,9,0,18,7,3,0,0,0,0,0,0,2,1,6,2,47,8,-1,-1,-1,-1,10,2,E01027914,0
Unvalidated,2024122400138,2024,122400138,1,9,0,11,5,7,0,1,0,0,1,1,1,1,6,2,83,11,-1,-1,-1,-1,10,1,E01027698,0
Unvalidated,2024122400140,2024,122400140,1,4,0,18,7,3,0,0,1,0,0,0,0,1,6,1,45,7,-1,-1,-1,-1,1,1,E01011850,0
Unvalidated,2024122400141,2024,122400141,1,9,0,1,5,6,0,0,0,0,0,0,2,1,6,1,62,9,-1,-1,-1,-1,5,3,E01027752,0
Unvalidated,2024122400149,2024,122400149,1,9,0,18,3,7,0,1,0,0,0,0,1,1,6,2,60,9,-1,-1,-1,-1,9,3,E01027632,0
Unvalidated,2024122400149,2024,122400149,2,9,0,7,3,7,0,1,0,0,0,0,2,1,6,1,65,9,-1,-1,-1,-1,3,2,E01027629,0
Unvalidated,2024122400161,2024,122400161,1,9,0,13,3,7,0,2,0,0,7,0,1,1,2,1,44,7,-1,-1,-1,-1,4,1,E01027810,0
Unvalidated,2024122400161,2024,122400161,2,9,0,17,7,3,0,2,0,0,0,0,1,1,2,2,51,8,-1,-1,-1,-1,5,3,E01027857,0
Unvalidated,2024122400164,2024,122400164,1,9,0,7,1,3,0,5,0,0,0,0,4,1,6,3,-1,-1,-1,-1,-1,-1,-1,-1,-1,0
Unvalidated,2024122400164,2024,122400164,2,1,0,18,1,5,4,8,0,0,0,0,3,1,2,1,29,6,-1,-1,-1,-1,7,1,E01013406,0
Unvalidated,2024122400169,2024,122400169,1,9,0,18,5,1,0,0,0,0,7,0,1,1,6,2,25,5,-1,-1,-1,-1,3,1,E01011807,0
Unvalidated,2024122400177,2024,122400177,1,9,0,18,3,7,0,0,0,0,1,4,1,1,6,2,17,4,-1,-1,-1,-1,5,3,E01027775,0
Unvalidated,2024122400179,2024,122400179,1,9,0,18,7,3,0,0,0,0,0,0,1,1,6,1,29,6,-1,-1,-1,-1,2,1,E01027854,0
Unvalidated,2024122400179,2024,122400179,2,9,0,18,3,7,0,0,0,0,0,0,1,1,6,1,77,11,-1,-1,-1,-1,7,2,E01027816,0
Unvalidated,2024122400181,2024,122400181,1,5,0,18,3,7,0,3,1,0,0,0,4,1,2,1,31,6,-1,-1,-1,-1,2,1,E01027812,0
Unvalidated,2024122400182,2024,122400182,1,3,0,16,1,5,0,0,0,0,0,0,3,1,2,1,28,6,-1,-1,-1,-1,2,1,E01027864,0
Unvalidated,2024122400183,2024,122400183,1,9,0,17,6,3,0,0,1,0,1,10,1,1,2,2,40,7,-1,-1,-1,-1,2,1,E01011805,0
Unvalidated,2024122400184,2024,122400184,1,9,0,18,1,5,0,0,0,0,0,0,1,1,6,1,84,11,-1,-1,-1,-1,7,3,E01027743,0
Unvalidated,2024122400184,2024,122400184,2,9,0,18,1,5,0,0,0,0,0,0,2,1,6,2,51,8,-1,-1,-1,-1,8,3,E01027750,0
Unvalidated,2024122400185,2024,122400185,1,9,0,13,7,3,0,7,0,0,0,0,3,1,6,1,27,6,-1,-1,-1,-1,7,1,E01027788,0
Unvalidated,2024122400185,2024,122400185,2,9,0,18,7,3,0,2,0,7,1,6,4,1,6,2,20,4,-1,-1,-1,-1,5,1,E01027785,0
Unvalidated,2024122400186,2024,122400186,1,21,1,18,5,1,0,0,0,0,0,0,4,1,1,3,33,6,-1,-1,-1,-1,5,1,E01012300,0
Unvalidated,2024122400188,2024,122400188,1,9,0,4,1,5,0,1,0,0,0,0,1,1,6,1,29,6,-1,-1,-1,-1,5,1,E01013384,0
Unvalidated,2024122400188,2024,122400188,2,19,0,4,1,5,0,1,0,0,0,0,2,1,6,1,49,8,-1,-1,-1,-1,7,1,E01013401,0
Unvalidated,2024122400188,2024,122400188,3,9,0,4,1,5,0,1,0,0,0,0,2,1,6,1,43,7,-1,-1,-1,-1,10,1,E01011301,0
Unvalidated,2024122400189,2024,122400189,1,9,0,18,7,3,0,0,0,0,0,0,1,1,6,1,64,9,-1,-1,-1,-1,1,1,E01008062,0
Unvalidated,2024122400189,2024,122400189,2,9,0,18,7,3,0,0,0,0,0,0,2,1,6,1,62,9,-1,-1,-1,-1,7,1,E01007846,0
Unvalidated,2024122400190,2024,122400190,1,9,0,18,3,7,0,0,0,0,0,0,1,1,6,1,92,11,-1,-1,-1,-1,7,3,E01027799,0
Unvalidated,2024122400190,2024,122400190,2,9,0,2,0,0,0,0,0,0,0,0,1,1,6,3,-1,-1,-1,-1,-1,-1,-1,-1,-1,0
Unvalidated,2024122400191,2024,122400191,1,9,0,18,1,7,0,1,1,10,0,0,3,1,6,1,18,4,-1,-1,-1,-1,1,1,E01012075,0
Unvalidated,2024122400192,2024,122400192,1,9,0,17,5,1,0,0,2,0,1,9,4,1,6,1,20,4,-1,-1,-1,-1,10,1,E01012978,0
Unvalidated,2024122400193,2024,122400193,1,9,0,17,1,5,0,0,1,0,2,10,1,1,6,1,19,4,-1,-1,-1,-1,8,1,E01027858,0
Unvalidated,2024122400194,2024,122400194,1,9,0,1,3,7,99,0,0,0,0,0,2,1,3,3,31,6,-1,-1,-1,-1,6,2,E01027756,0
Unvalidated,2024122400195,2024,122400195,1,9,0,13,1,5,0,0,0,0,0,0,1,1,6,1,58,9,-1,-1,-1,-1,8,1,E01027611,0
Unvalidated,2024122400195,2024,122400195,2,9,0,18,5,1,0,0,0,0,1,9,1,1,6,2,76,11,-1,-1,-1,-1,5,2,E01027594,0
Unvalidated,2024122400195,2024,122400195,3,21,1,18,1,5,0,0,0,0,0,0,3,1,1,1,59,9,-1,-1,-1,-1,9,2,E01027876,0
Unvalidated,2024122400197,2024,122400197,1,9,0,9,5,3,0,0,0,0,1,0,4,1,2,1,58,9,-1,-1,-1,-1,10,1,E01027733,0
Unvalidated,2024122400198,2024,122400198,1,9,0,5,5,7,0,6,0,0,0,0,1,1,6,1,72,10,-1,-1,-1,-1,9,1,E01013365,0
Unvalidated,2024122400198,2024,122400198,2,1,0,18,3,7,0,8,0,0,0,0,1,1,2,1,59,9,-1,-1,-1,-1,5,1,E01027729,0
Unvalidated,2024122400199,2024,122400199,1,9,0,17,7,3,0,0,1,0,1,0,1,1,6,1,43,7,-1,-1,-1,-1,7,3,E01027753,0
Unvalidated,2024122400199,2024,122400199,2,9,0,16,3,7,0,0,1,0,7,0,1,1,6,1,52,8,-1,-1,-1,-1,5,3,E01027763,0
Unvalidated,2024122400200,2024,122400200,1,9,0,3,5,1,0,1,0,0,0,0,2,1,6,1,60,9,-1,-1,-1,-1,-1,-1,-1,0
Unvalidated,2024122400200,2024,122400200,2,19,0,18,5,1,0,1,0,0,0,0,1,1,1,2,52,8,-1,-1,-1,-1,7,1,E01013364,0
Unvalidated,2024122400201,2024,122400201,1,9,0,18,6,2,0,1,0,0,0,0,1,1,6,1,70,10,-1,-1,-1,-1,4,3,E01027779,0
Unvalidated,2024122400201,2024,122400201,2,9,0,9,3,7,0,8,0,0,0,0,2,1,6,1,71,10,-1,-1,-1,-1,6,1,E01027790,0
Unvalidated,2024122400202,2024,122400202,1,9,0,5,3,8,0,6,0,0,0,0,1,1,2,1,30,6,-1,-1,-1,-1,8,3,E01027875,0
Unvalidated,2024122400202,2024,122400202,2,9,0,14,8,5,0,1,0,0,0,0,1,1,6,1,22,5,-1,-1,-1,-1,8,3,E01027900,0
Unvalidated,2024122400203,2024,122400203,1,9,0,17,7,3,0,0,1,0,1,4,3,1,1,1,51,8,-1,-1,-1,-1,1,1,E01012143,0
Unvalidated,2024122400204,2024,122400204,1,9,0,18,5,1,0,4,0,0,0,0,1,1,6,1,72,10,-1,-1,-1,-1,6,1,E01027849,0
Unvalidated,2024122400204,2024,122400204,2,2,0,9,4,1,0,3,0,0,0,0,3,1,2,3,-1,-1,-1,-1,-1,-1,-1,-1,-1,0
Unvalidated,2024122400205,2024,122400205,1,9,0,7,5,3,0,8,0,0,0,0,1,1,6,3,-1,-1,-1,-1,-1,-1,-1,-1,-1,0
Unvalidated,2024122400205,2024,122400205,2,9,0,18,1,5,0,8,0,0,0,0,1,1,6,1,77,11,-1,-1,-1,-1,5,2,E01012097,0
Unvalidated,2024122400206,2024,122400206,1,9,0,7,2,4,0,8,0,0,0,0,0,1,2,1,60,9,-1,-1,-1,-1,10,1,E01013433,0
Unvalidated,2024122400206,2024,122400206,2,1,0,18,8,4,0,8,0,0,1,0,0,1,6,1,32,6,-1,-1,-1,-1,9,1,E01013432,0
Unvalidated,2024122400207,2024,122400207,1,19,0,18,1,4,0,0,0,0,0,0,4,1,2,1,59,9,-1,-1,-1,-1,9,2,E01013426,0
Unvalidated,2024122400208,2024,122400208,1,9,0,16,1,5,0,0,1,0,0,0,1,1,6,1,18,4,-1,-1,-1,-1,6,3,E01027756,0
Unvalidated,2024122400208,2024,122400208,2,9,0,5,5,1,0,0,0,0,0,0,1,1,6,1,49,8,-1,-1,-1,-1,7,1,E01011969,0
Unvalidated,2024122400210,2024,122400210,1,9,0,4,2,6,0,0,1,0,0,0,2,1,6,2,27,6,-1,-1,-1,-1,6,3,E01027557,0
Unvalidated,2024122400210,2024,122400210,2,9,0,18,2,6,0,0,0,0,0,0,1,1,6,2,44,7,-1,-1,-1,-1,6,3,E01027560,0
Unvalidated,2024122400210,2024,122400210,3,9,0,18,2,6,0,0,0,0,0,0,1,1,6,1,64,9,-1,-1,-1,-1,6,3,E01027557,0
Unvalidated,2024122400211,2024,122400211,1,9,0,18,1,5,0,8,0,0,7,0,1,1,6,2,18,4,-1,-1,-1,-1,8,2,E01027746,0
Unvalidated,2024122400211,2024,122400211,2,9,0,18,3,7,0,8,0,0,1,4,1,1,6,1,39,7,-1,-1,-1,-1,6,3,E01027760,0
Unvalidated,2024122400212,2024,122400212,1,3,0,18,6,2,0,0,0,0,0,0,0,1,6,2,18,4,-1,-1,-1,-1,5,3,E01027798,0
Unvalidated,2024122400213,2024,122400213,1,9,0,13,2,6,0,1,0,0,0,0,1,1,6,2,64,9,-1,-1,-1,-1,7,3,E01027646,0
Unvalidated,2024122400213,2024,122400213,2,9,0,18,6,2,0,1,0,0,0,0,1,1,6,2,65,9,-1,-1,-1,-1,7,2,E01027645,0
Unvalidated,2024122400215,2024,122400215,1,19,0,7,7,1,0,6,0,0,0,0,2,1,2,1,18,4,-1,-1,-1,-1,6,1,E01027790,0
Unvalidated,2024122400215,2024,122400215,2,4,0,18,5,1,0,8,0,0,0,0,1,1,2,1,21,5,-1,-1,-1,-1,9,3,E01027632,0
Unvalidated,2024122400216,2024,122400216,1,9,0,16,5,7,0,0,5,0,1,4,1,1,6,1,19,4,-1,-1,-1,-1,1,1,E01011620,0
Unvalidated,2024122400217,2024,122400217,1,9,0,18,6,2,0,0,1,7,5,6,1,1,6,1,27,6,-1,-1,-1,-1,9,1,E01033475,0
Unvalidated,2024122400218,2024,122400218,1,9,0,18,2,6,0,0,0,0,1,9,1,1,2,2,64,9,-1,-1,-1,-1,6,3,E01027923,0
Unvalidated,2024122400218,2024,122400218,2,9,0,3,2,6,0,0,0,0,0,0,2,1,2,1,50,8,-1,-1,-1,-1,6,3,E01027889,0