status,collision_index,collision_year,collision_reference,vehicle_reference,vehicle_type,towing_and_articulation,vehicle_manoeuvre,vehicle_direction_from,vehicle_direction_to,vehicle_location_restricted_lane,junction_location,skidding_and_overturning,hit_object_in_carriageway,vehicle_leaving_carriageway,hit_object_off_carriageway,first_point_of_impact,vehicle_left_hand_drive,journey_purpose_of_driver,sex_of_driver,age_of_driver,age_band_of_driver,engine_capacity_cc,propulsion_code,age_of_vehicle,generic_make_model,driver_imd_decile,driver_home_area_type,lsoa_of_driver,escooter_flag
Unvalidated,2024122400218,2024,122400218,3,19,0,3,2,6,0,0,0,0,0,0,2,1,2,1,29,6,-1,-1,-1,-1,6,3,E01027889,0
Unvalidated,2024122400221,2024,122400221,1,9,0,18,5,1,0,0,0,0,0,0,1,1,6,2,26,6,-1,-1,-1,-1,7,1,E01027788,0
Unvalidated,2024122400221,2024,122400221,2,3,0,18,1,5,0,0,0,0,0,0,1,1,6,1,17,4,-1,-1,-1,-1,4,3,E01027779,0
Unvalidated,2024122400222,2024,122400222,1,5,0,7,7,1,0,3,1,0,0,0,3,1,2,1,46,8,-1,-1,-1,-1,8,2,E01027836,0
Unvalidated,2024122400223,2024,122400223,1,9,0,17,5,2,0,0,0,0,0,0,1,1,6,2,33,6,-1,-1,-1,-1,8,3,E01027694,0
Unvalidated,2024122400223,2024,122400223,2,9,0,16,2,5,0,0,0,0,0,0,1,1,1,1,31,6,-1,-1,-1,-1,8,3,E01027694,0
Unvalidated,2024122400224,2024,122400224,1,9,0,9,5,1,0,1,0,0,0,0,1,1,6,3,-1,-1,-1,-1,-1,-1,-1,-1,-1,0
Unvalidated,2024122400224,2024,122400224,2,9,0,18,1,5,0,1,0,0,0,0,1,1,6,2,53,8,-1,-1,-1,-1,4,1,E01027910,0
Unvalidated,2024122400224,2024,122400224,3,9,0,8,3,7,0,1,0,0,0,0,1,1,6,1,54,8,-1,-1,-1,-1,4,1,E01027910,0
Unvalidated,2024122400225,2024,122400225,1,9,0,9,7,3,0,8,0,0,0,0,1,1,1,2,40,7,-1,-1,-1,-1,4,1,E01027581,0
Unvalidated,2024122400227,2024,122400227,1,19,0,9,7,5,0,5,0,0,0,0,3,1,6,1,63,9,-1,-1,-1,-1,4,1,E01027581,0
Unvalidated,2024122400227,2024,122400227,2,9,0,18,3,7,0,1,0,0,0,0,3,1,6,2,39,7,-1,-1,-1,-1,7,2,E01025203,0
Unvalidated,2024122400228,2024,122400228,1,9,0,9,5,1,0,6,0,0,0,0,1,1,6,1,79,11,-1,-1,-1,-1,10,1,E01013070,0
Unvalidated,2024122400228,2024,122400228,2,9,0,17,1,7,0,8,0,0,0,0,1,1,6,1,59,9,-1,-1,-1,-1,5,1,E01019196,0
Unvalidated,2024122400229,2024,122400229,1,9,0,18,1,5,0,6,0,0,0,0,1,1,6,2,51,8,-1,-1,-1,-1,4,1,E01027678,0
Unvalidated,2024122400229,2024,122400229,2,1,0,18,3,7,0,8,0,0,0,0,3,1,6,1,26,6,-1,-1,-1,-1,10,1,E01027732,0
Unvalidated,2024122400230,2024,122400230,1,9,0,18,7,3,0,1,0,0,0,0,1,1,6,1,75,10,-1,-1,-1,-1,3,1,E01013335,0
Unvalidated,2024122400230,2024,122400230,2,3,0,18,3,7,0,8,0,0,1,0,1,1,6,3,-1,-1,-1,-1,-1,-1,-1,-1,-1,0
Unvalidated,2024122400232,2024,122400232,1,21,1,18,7,3,0,0,0,0,0,0,1,1,1,1,31,6,-1,-1,-1,-1,-1,-1,-1,0
Unvalidated,2024122400232,2024,122400232,2,9,0,3,7,3,0,0,0,0,0,0,2,1,2,2,52,8,-1,-1,-1,-1,6,1,E01027849,0
Unvalidated,2024122400233,2024,122400233,1,9,0,17,3,1,0,8,0,0,0,0,1,1,6,2,46,8,-1,-1,-1,-1,2,1,E01027909,0
Unvalidated,2024122400233,2024,122400233,2,9,0,18,7,3,0,8,0,0,0,0,1,1,2,1,50,8,-1,-1,-1,-1,8,3,E01027635,0
Unvalidated,2024122400234,2024,122400234,1,9,0,18,3,7,0,0,0,0,0,0,1,1,2,1,32,6,-1,-1,-1,-1,7,1,E01012993,0
Unvalidated,2024122400234,2024,122400234,2,1,0,18,7,3,0,0,0,0,0,0,2,1,6,1,39,7,-1,-1,-1,-1,4,1,E01027910,0
Unvalidated,2024122400235,2024,122400235,1,9,0,18,3,7,0,0,0,0,0,0,3,1,6,1,19,4,-1,-1,-1,-1,8,2,E01033185,0
Unvalidated,2024122400235,2024,122400235,2,9,0,18,7,3,0,0,0,0,0,0,3,1,2,2,43,7,-1,-1,-1,-1,9,2,E01010589,0
Unvalidated,2024122400240,2024,122400240,1,9,0,18,1,2,0,1,0,0,0,0,1,1,6,1,18,4,-1,-1,-1,-1,9,1,E01012147,0
Unvalidated,2024122400241,2024,122400241,1,9,0,18,7,2,0,8,0,4,0,0,1,1,6,1,19,4,-1,-1,-1,-1,7,1,E01011643,0
Unvalidated,2024122400242,2024,122400242,1,9,0,18,1,5,0,0,0,0,0,0,1,1,6,2,79,11,-1,-1,-1,-1,3,1,E01013366,0
Unvalidated,2024122400242,2024,122400242,2,9,0,2,0,0,0,0,0,0,0,0,2,1,6,3,-1,-1,-1,-1,-1,-1,-1,-1,-1,0
Unvalidated,2024122400242,2024,122400242,3,9,0,2,0,0,0,0,0,0,0,0,2,1,6,3,-1,-1,-1,-1,-1,-1,-1,-1,-1,0
Unvalidated,2024122400243,2024,122400243,1,9,0,18,3,7,0,0,1,0,7,4,1,1,6,1,51,8,-1,-1,-1,-1,6,3,E01027557,0
Unvalidated,2024122400244,2024,122400244,1,9,0,4,4,8,0,0,1,0,7,9,3,1,6,1,70,10,-1,-1,-1,-1,10,1,E01029483,0
Unvalidated,2024122400245,2024,122400245,1,9,0,18,8,4,0,0,0,0,0,0,1,1,6,1,65,9,-1,-1,-1,-1,8,1,E01013392,0
Unvalidated,2024122400245,2024,122400245,2,1,0,18,8,4,4,0,0,0,0,0,2,1,1,2,52,8,-1,-1,-1,-1,10,1,E01027675,0
Unvalidated,2024122400246,2024,122400246,1,9,0,5,6,8,0,6,0,0,0,0,1,1,6,2,36,7,-1,-1,-1,-1,8,1,E01013344,0
Unvalidated,2024122400246,2024,122400246,2,1,0,18,4,8,4,8,0,0,0,0,1,1,2,1,33,6,-1,-1,-1,-1,9,1,E01013431,0
Unvalidated,2024122400247,2024,122400247,1,9,0,3,3,7,0,0,0,0,0,0,2,1,6,2,58,9,-1,-1,-1,-1,8,3,E01027875,0
Unvalidated,2024122400247,2024,122400247,2,19,0,18,3,7,0,0,0,0,0,0,1,1,1,1,50,8,-1,-1,-1,-1,4,1,E01005820,0
Unvalidated,2024122400248,2024,122400248,1,9,0,7,5,7,0,6,0,0,0,0,3,1,6,2,75,10,-1,-1,-1,-1,6,3,E01027889,0
Unvalidated,2024122400248,2024,122400248,2,1,0,18,3,7,0,8,0,0,0,0,1,1,2,2,56,9,-1,-1,-1,-1,1,1,E01027907,0
Unvalidated,2024122400248,2024,122400248,3,1,0,18,3,7,0,8,0,0,0,0,1,1,2,2,44,7,-1,-1,-1,-1,4,1,E01027906,0
Unvalidated,2024122400249,2024,122400249,1,9,0,18,5,1,0,3,0,0,0,0,1,1,6,1,76,11,-1,-1,-1,-1,6,2,E01027916,0
Unvalidated,2024122400249,2024,122400249,2,9,0,18,5,1,0,3,0,0,0,0,1,1,6,2,54,8,-1,-1,-1,-1,3,3,E01011298,0
Unvalidated,2024122400252,2024,122400252,1,9,0,4,5,1,0,0,0,0,0,0,1,1,6,1,42,7,-1,-1,-1,-1,3,1,E01012943,0
Unvalidated,2024122400252,2024,122400252,2,9,0,3,5,1,0,0,0,0,7,0,2,1,1,1,27,6,-1,-1,-1,-1,3,1,E01027846,0
Unvalidated,2024122400253,2024,122400253,1,9,0,18,1,5,0,2,5,4,0,0,1,1,6,1,54,8,-1,-1,-1,-1,-1,-1,-1,0
Unvalidated,2024122400253,2024,122400253,2,9,0,2,0,0,0,2,0,0,0,0,2,1,6,2,47,8,-1,-1,-1,-1,9,1,E01027652,0
Unvalidated,2024122400253,2024,122400253,3,9,0,2,0,0,0,2,0,0,0,0,1,1,6,2,44,7,-1,-1,-1,-1,10,1,E01027718,0
Unvalidated,2024122400254,2024,122400254,1,19,0,18,3,7,0,8,0,0,7,0,3,1,1,1,34,6,-1,-1,-1,-1,7,1,E01027873,0
Unvalidated,2024122400254,2024,122400254,2,9,0,9,3,7,0,8,0,0,0,0,3,1,6,1,32,6,-1,-1,-1,-1,4,1,E01027810,0
Unvalidated,2024122400255,2024,122400255,1,9,0,17,1,5,0,0,0,0,1,10,1,1,6,1,26,6,-1,-1,-1,-1,1,1,E01027805,0
Unvalidated,2024122400256,2024,122400256,1,9,0,4,3,7,0,0,1,0,4,6,1,1,2,1,31,6,-1,-1,-1,-1,8,1,E01013338,0
Unvalidated,2024122400256,2024,122400256,2,9,0,4,3,7,0,0,0,0,0,0,2,1,1,1,41,7,-1,-1,-1,-1,2,1,E01013443,0
Unvalidated,2024122400257,2024,122400257,1,9,0,18,3,7,0,0,0,11,0,0,1,1,6,1,20,4,-1,-1,-1,-1,5,1,E01027807,0
Unvalidated,2024122400257,2024,122400257,2,1,0,18,7,3,0,0,0,0,0,0,1,1,2,1,40,7,-1,-1,-1,-1,7,1,E01027809,0
Unvalidated,2024122400258,2024,122400258,1,9,0,18,5,1,0,4,0,0,0,0,3,1,6,1,42,7,-1,-1,-1,-1,2,1,E01013443,0
Unvalidated,2024122400258,2024,122400258,2,8,0,18,3,7,0,8,0,0,0,0,1,1,1,1,40,7,-1,-1,-1,-1,9,2,E01027919,0
Unvalidated,2024122400259,2024,122400259,1,19,0,18,4,8,0,1,0,0,0,0,2,1,1,1,20,4,-1,-1,-1,-1,1,1,E01025062,0
Unvalidated,2024122400259,2024,122400259,2,9,0,18,4,8,0,1,0,0,0,0,1,1,6,1,29,6,-1,-1,-1,-1,4,1,E01033651,0
Unvalidated,2024122400260,2024,122400260,1,9,0,18,5,1,0,4,1,0,0,0,1,1,6,2,57,9,-1,-1,-1,-1,5,1,E01027582,0
Unvalidated,2024122400260,2024,122400260,2,9,0,9,1,7,0,8,0,0,0,0,4,1,6,1,33,6,-1,-1,-1,-1,8,3,E01027586,0
Unvalidated,2024122400261,2024,122400261,1,9,0,5,5,1,0,4,0,0,0,0,3,1,6,1,74,10,-1,-1,-1,-1,9,2,E01010589,0
Unvalidated,2024122400261,2024,122400261,2,1,0,16,3,7,0,3,0,0,0,0,1,1,6,1,64,9,-1,-1,-1,-1,9,3,E01027556,0
Unvalidated,2024122400262,2024,122400262,1,5,0,9,3,1,0,8,1,0,0,0,3,1,6,1,58,9,-1,-1,-1,-1,5,3,E01027636,0
Unvalidated,2024122400263,2024,122400263,1,9,0,18,7,3,0,0,1,0,1,11,1,1,6,1,35,6,-1,-1,-1,-1,8,2,E01027750,0
Unvalidated,2024122400265,2024,122400265,1,9,0,18,1,5,0,0,0,0,0,0,0,1,6,3,-1,-1,-1,-1,-1,-1,-1,-1,-1,0
Unvalidated,2024122400265,2024,122400265,2,9,0,18,5,1,0,0,0,0,7,9,0,1,2,2,29,6,-1,-1,-1,-1,7,2,E01027781,0
Unvalidated,2024122400267,2024,122400267,1,9,0,18,1,6,0,0,0,0,0,0,1,1,6,2,47,8,-1,-1,-1,-1,5,3,E01027649,0
Unvalidated,2024122400268,2024,122400268,1,9,0,13,7,3,0,0,2,11,1,0,4,1,6,1,26,6,-1,-1,-1,-1,5,1,E01006256,0
Unvalidated,2024122400270,2024,122400270,1,9,0,18,3,7,0,0,0,0,1,10,1,1,6,2,70,10,-1,-1,-1,-1,5,3,E01027802,0
Unvalidated,2024122400271,2024,122400271,1,9,0,9,2,7,0,8,0,0,0,0,1,1,2,1,36,7,-1,-1,-1,-1,7,1,E01013428,0
Unvalidated,2024122400271,2024,122400271,2,1,0,18,6,2,0,8,0,0,0,0,1,1,2,2,33,6,-1,-1,-1,-1,5,1,E01033068,0
Unvalidated,2024122400272,2024,122400272,1,9,0,17,5,3,0,2,1,0,1,10,1,1,6,2,18,4,-1,-1,-1,-1,10,2,E01013352,0
Unvalidated,2024122400274,2024,122400274,1,1,0,18,6,2,0,8,1,0,0,0,1,1,2,1,33,6,-1,-1,-1,-1,2,1,E01013448,0
Unvalidated,2024122400274,2024,122400274,2,9,0,9,2,7,0,8,0,0,0,0,1,1,6,2,66,10,-1,-1,-1,-1,8,3,E01027895,0
Unvalidated,2024122400275,2024,122400275,1,9,0,18,7,3,0,8,0,0,1,7,1,1,6,1,83,11,-1,-1,-1,-1,8,2,E01027621,0
Unvalidated,2024122400276,2024,122400276,1,9,0,7,4,6,0,1,0,0,0,0,2,1,6,1,17,4,-1,-1,-1,-1,5,3,E01013119,0
Unvalidated,2024122400276,2024,122400276,2,9,0,7,4,6,0,1,0,0,0,0,1,1,6,1,57,9,-1,-1,-1,-1,7,2,E01030938,0
Unvalidated,2024122400277,2024,122400277,1,9,0,18,6,2,0,0,0,0,0,0,1,1,6,1,40,7,-1,-1,-1,-1,6,1,E01013398,0
Unvalidated,2024122400278,2024,122400278,1,9,0,13,8,4,0,1,0,0,7,10,1,1,1,1,21,5,-1,-1,-1,-1,9,1,E01011555,0
Unvalidated,2024122400278,2024,122400278,2,9,0,9,8,6,0,1,1,0,1,10,3,1,6,2,57,9,-1,-1,-1,-1,8,3,E01027688,0
Unvalidated,2024122400279,2024,122400279,1,5,0,4,3,7,0,0,0,0,0,0,2,1,6,1,56,9,-1,-1,-1,-1,2,2,E01019505,0
Unvalidated,2024122400279,2024,122400279,2,5,0,18,3,7,0,0,0,0,0,0,1,1,6,1,61,9,-1,-1,-1,-1,9,1,E01028222,0
Unvalidated,2024122400280,2024,122400280,1,9,0,18,5,1,0,0,5,0,7,11,3,1,6,1,74,10,-1,-1,-1,-1,7,3,E01027667,0
Unvalidated,2024122400281,2024,122400281,1,5,0,17,5,1,0,0,1,0,0,0,3,1,6,1,51,8,-1,-1,-1,-1,5,3,E01027793,0
Unvalidated,2024122400282,2024,122400282,1,9,0,18,8,4,0,0,0,10,7,0,1,1,6,2,30,6,-1,-1,-1,-1,8,1,E01027691,0
Unvalidated,2024122400282,2024,122400282,2,9,0,18,4,8,0,0,0,10,0,0,1,1,6,2,73,10,-1,-1,-1,-1,7,1,E01027673,0
Unvalidated,2024122400283,2024,122400283,1,9,0,18,6,2,0,0,0,0,0,0,1,1,6,2,28,6,-1,-1,-1,-1,8,1,E01013348,0
Unvalidated,2024122400283,2024,122400283,2,9,0,18,2,6,0,0,0,0,0,0,1,1,6,1,49,8,-1,-1,-1,-1,10,2,E01013054,0
Unvalidated,2024122400284,2024,122400284,1,9,0,5,4,8,0,0,0,0,0,0,3,1,6,2,30,6,-1,-1,-1,-1,5,1,E01013446,0
Unvalidated,2024122400284,2024,122400284,2,1,0,18,4,8,0,0,0,0,0,0,1,1,6,1,25,5,-1,-1,-1,-1,5,1,E01033070,0
Unvalidated,2024122400285,2024,122400285,1,9,0,18,1,5,0,0,0,0,0,0,2,1,6,1,27,6,-1,-1,-1,-1,-1,-1,-1,0
Unvalidated,2024122400285,2024,122400285,2,9,0,13,1,5,0,0,0,7,7,1,1,1,6,3,-1,-1,-1,-1,-1,-1,-1,-1,-1,0
Unvalidated,2024122400286,2024,122400286,1,9,0,18,5,1,0,0,0,0,7,4,1,1,6,2,71,10,-1,-1,-1,-1,1,1,E01013000,0
Unvalidated,2024122400287,2024,122400287,1,9,0,18,6,2,0,0,5,4,0,0,4,1,6,1,20,4,-1,-1,-1,-1,9,1,E01011221,0
Unvalidated,2024122400287,2024,122400287,2,9,0,2,0,0,0,0,0,0,0,0,3,1,6,3,-1,-1,-1,-1,-1,-1,-1,-1,-1,0
Unvalidated,2024122400287,2024,122400287,3,9,0,2,0,0,0,0,0,0,0,0,3,1,6,3,-1,-1,-1,-1,-1,-1,-1,-1,-1,0
Unvalidated,2024122400288,2024,122400288,1,9,0,18,3,7,0,0,5,0,1,9,0,1,2,1,28,6,-1,-1,-1,-1,2,1,E01011665,0
Unvalidated,2024122400289,2024,122400289,1,9,0,18,3,7,0,0,0,0,0,0,1,1,6,1,34,6,-1,-1,-1,-1,2,1,E01011837,0
Unvalidated,2024122400290,2024,122400290,1,4,0,7,7,3,0,3,0,0,0,0,4,1,6,1,18,4,-1,-1,-1,-1,5,1,E01027610,0
Unvalidated,2024122400290,2024,122400290,2,9,0,18,2,6,0,4,0,0,0,0,1,1,6,1,84,11,-1,-1,-1,-1,8,3,E01027591,0
Unvalidated,2024122400291,2024,122400291,1,9,0,7,7,2,0,6,0,0,0,0,3,1,6,2,18,4,-1,-1,-1,-1,10,1,E01011382,0
Unvalidated,2024122400291,2024,122400291,2,90,0,18,5,2,0,8,0,0,0,0,1,1,1,1,20,4,-1,-1,-1,-1,8,3,E01019307,0
Unvalidated,2024122400292,2024,122400292,1,9,0,18,4,8,1,6,0,0,3,0,1,1,6,1,94,11,-1,-1,-1,-1,6,3,E01027684,0
Unvalidated,2024122400292,2024,122400292,2,9,0,18,6,2,0,8,0,0,1,1,1,1,6,1,53,8,-1,-1,-1,-1,7,3,E01027647,0
Unvalidated,2024122400293,2024,122400293,1,9,0,18,8,4,0,8,0,0,0,0,1,1,6,2,67,10,-1,-1,-1,-1,5,1,E01033070,0
Unvalidated,2024122400293,2024,122400293,2,9,0,18,2,7,0,6,0,0,0,0,1,1,6,1,29,6,-1,-1,-1,-1,6,1,E01013383,0
Unvalidated,2024122400296,2024,122400296,1,9,0,9,5,2,0,8,0,0,1,2,1,1,6,2,79,11,-1,-1,-1,-1,10,1,E01027675,0
Unvalidated,2024122400296,2024,122400296,2,9,0,18,2,6,0,8,0,0,0,0,0,1,6,2,38,7,-1,-1,-1,-1,10,1,E01027675,0
Unvalidated,2024122400297,2024,122400297,1,9,0,18,5,1,0,8,0,0,0,0,1,1,6,2,81,11,-1,-1,-1,-1,10,1,E01027614,0
Unvalidated,2024122400297,2024,122400297,2,1,0,7,1,7,0,3,0,0,0,0,4,1,2,2,31,6,-1,-1,-1,-1,5,3,E01027590,0
Unvalidated,2024122400298,2024,122400298,1,97,0,9,7,3,0,2,0,0,0,0,0,1,6,1,32,6,-1,-1,-1,-1,1,1,E01032543,0
Unvalidated,2024122400299,2024,122400299,1,9,0,18,3,7,0,0,0,0,0,0,1,1,6,1,23,5,-1,-1,-1,-1,10,1,E01027721,0
Unvalidated,2024122400300,2024,122400300,1,9,0,18,5,1,0,1,0,0,0,0,4,1,6,2,48,8,-1,-1,-1,-1,9,1,E01007898,0
Unvalidated,2024122400300,2024,122400300,2,9,0,18,5,1,0,1,1,0,0,0,1,1,6,2,52,8,-1,-1,-1,-1,9,1,E01027575,0
Unvalidated,2024122400301,2024,122400301,1,9,0,9,1,7,0,1,0,0,0,0,1,1,6,2,62,9,-1,-1,-1,-1,9,1,E01027882,0
Unvalidated,2024122400301,2024,122400301,2,9,0,18,5,1,0,1,0,0,0,0,1,1,6,1,57,9,-1,-1,-1,-1,4,1,E01007557,0
Unvalidated,2024122400302,2024,122400302,1,9,0,9,6,5,0,4,0,0,0,0,3,1,6,3,-1,-1,-1,-1,-1,-1,-1,-1,-1,0
Unvalidated,2024122400303,2024,122400303,1,9,0,9,6,4,0,6,0,0,0,0,3,1,1,1,54,8,-1,-1,-1,-1,5,1,E01028314,0
Unvalidated,2024122400303,2024,122400303,2,1,0,18,4,8,0,1,0,0,0,0,1,1,1,2,37,7,-1,-1,-1,-1,7,1,E01013419,0
Unvalidated,2024122400304,2024,122400304,1,9,0,18,1,5,0,1,0,0,1,4,1,1,6,1,23,5,-1,-1,-1,-1,1,1,E01011510,0
Unvalidated,2024122400305,2024,122400305,1,9,0,15,4,8,0,1,1,0,7,0,1,1,2,1,41,7,-1,-1,-1,-1,2,3,E01012134,0
Unvalidated,2024122400305,2024,122400305,2,9,0,18,8,4,0,1,1,0,0,0,1,1,6,2,45,7,-1,-1,-1,-1,8,1,E01033481,0
Unvalidated,2024122400306,2024,122400306,1,9,0,18,5,1,0,0,0,0,0,0,1,1,6,3,-1,-1,-1,-1,-1,-1,-1,-1,-1,0
Unvalidated,2024122400307,2024,122400307,1,9,0,5,5,1,0,0,0,0,0,0,1,1,6,1,28,6,-1,-1,-1,-1,5,1,E01013404,0
Unvalidated,2024122400307,2024,122400307,2,9,0,3,5,1,0,0,0,0,0,0,2,1,6,1,47,8,-1,-1,-1,-1,10,2,E01013054,0
Unvalidated,2024122400308,2024,122400308,1,20,0,18,7,3,0,0,0,0,0,0,2,1,1,1,54,8,-1,-1,-1,-1,-1,-1,-1,0
Unvalidated,2024122400308,2024,122400308,2,9,0,18,7,3,0,0,0,0,0,0,1,1,6,1,36,7,-1,-1,-1,-1,-1,-1,-1,0
Unvalidated,2024122400309,2024,122400309,1,9,0,18,8,4,0,6,0,0,0,0,1,1,6,2,24,5,-1,-1,-1,-1,-1,-1,-1,0
Unvalidated,2024122400309,2024,122400309,2,9,0,18,2,6,0,1,0,0,0,0,3,1,6,2,58,9,-1,-1,-1,-1,10,2,E01010768,0
Unvalidated,2024122400310,2024,122400310,1,9,0,5,6,1,0,8,0,0,0,0,4,1,6,1,72,10,-1,-1,-1,-1,9,1,E01013356,0
Unvalidated,2024122400311,2024,122400311,1,9,0,7,7,2,0,5,0,0,1,11,1,1,6,2,21,5,-1,-1,-1,-1,4,3,E01027779,0
Unvalidated,2024122400311,2024,122400311,2,99,9,18,7,2,0,8,0,0,0,0,0,1,6,3,-1,-1,-1,-1,-1,-1,-1,-1,-1,0
Unvalidated,2024122400312,2024,122400312,1,9,0,9,5,3,9,5,0,0,0,0,1,1,6,1,41,7,-1,-1,-1,-1,7,1,E01013406,0
Unvalidated,2024122400313,2024,122400313,1,97,0,18,1,5,0,0,0,0,1,9,0,1,6,1,27,6,-1,-1,-1,-1,6,3,E01013022,0
Unvalidated,2024122400313,2024,122400313,2,9,0,18,5,1,0,0,0,0,0,0,0,1,6,3,-1,-1,-1,-1,-1,-1,-1,-1,-1,0
Unvalidated,2024122400314,2024,122400314,1,8,0,5,1,3,0,4,0,0,0,0,3,1,1,1,-1,-1,-1,-1,-1,-1,3,1,E01027862,0
Unvalidated,2024122400314,2024,122400314,2,1,0,5,1,3,0,4,0,0,0,0,1,1,6,2,46,8,-1,-1,-1,-1,9,1,E01027845,0
Unvalidated,2024122400315,2024,122400315,1,9,0,3,4,8,0,1,0,0,1,0,2,1,6,2,54,8,-1,-1,-1,-1,6,3,E01027923,0
Unvalidated,2024122400315,2024,122400315,2,19,0,4,4,8,0,2,1,0,0,0,1,1,1,1,41,7,-1,-1,-1,-1,5,1,E01011447,0
Unvalidated,2024122400316,2024,122400316,1,9,0,18,1,5,0,1,0,0,0,0,1,1,6,2,82,11,-1,-1,-1,-1,8,3,E01027695,0
Unvalidated,2024122400316,2024,122400316,2,9,0,10,1,5,0,1,0,0,0,0,2,1,6,1,64,9,-1,-1,-1,-1,7,3,E01027647,0
Unvalidated,2024122400317,2024,122400317,1,9,0,18,5,3,0,3,0,0,0,0,1,1,6,2,77,11,-1,-1,-1,-1,7,3,E01027603,0
Unvalidated,2024122400319,2024,122400319,1,9,0,7,7,3,0,1,0,0,0,0,3,1,6,2,53,8,-1,-1,-1,-1,1,1,E01027819,0
Unvalidated,2024122400319,2024,122400319,2,19,0,7,7,3,0,1,0,0,0,0,4,1,1,2,45,7,-1,-1,-1,-1,2,2,E01027827,0
Unvalidated,2024122400320,2024,122400320,1,9,0,18,5,1,0,0,0,0,0,0,1,1,6,1,37,7,-1,-1,-1,-1,10,1,E01027721,0
Unvalidated,2024122400320,2024,122400320,2,21,1,2,0,0,0,0,0,0,0,0,2,2,6,1,66,10,-1,-1,-1,-1,-1,-1,-1,0
Unvalidated,2024122400321,2024,122400321,1,9,0,4,3,7,4,1,0,0,0,0,1,1,2,1,44,7,-1,-1,-1,-1,9,1,E01013362,0
Unvalidated,2024122400321,2024,122400321,2,1,0,18,5,1,4,1,0,0,0,0,1,1,2,1,47,8,-1,-1,-1,-1,9,1,E01013365,0
Unvalidated,2024122400322,2024,122400322,1,1,0,18,7,3,0,2,0,0,0,0,1,1,2,1,55,8,-1,-1,-1,-1,8,1,E01013368,0
Unvalidated,2024122400323,2024,122400323,2,1,0,18,5,1,0,0,0,0,0,0,3,1,2,1,29,6,-1,-1,-1,-1,4,3,E01027892,0
Unvalidated,2024122400324,2024,122400324,1,9,0,18,6,2,0,4,0,0,0,0,1,1,6,1,59,9,-1,-1,-1,-1,9,3,E01027687,0
Unvalidated,2024122400324,2024,122400324,2,3,0,9,4,2,0,8,0,0,0,0,4,1,2,1,49,8,-1,-1,-1,-1,8,1,E01011556,0
Unvalidated,2024122400325,2024,122400325,1,10,5,18,7,3,0,0,0,0,0,0,4,1,6,3,-1,-1,-1,-1,-1,-1,-1,-1,-1,0
Unvalidated,2024122400327,2024,122400327,1,9,0,18,3,7,0,0,0,0,0,0,2,1,1,1,45,7,-1,-1,-1,-1,6,1,E01027720,0
Unvalidated,2024122400327,2024,122400327,2,97,0,18,3,7,0,0,0,0,0,0,1,1,6,1,55,8,-1,-1,-1,-1,8,1,E01027738,0
Unvalidated,2024122400328,2024,122400328,1,9,0,3,4,8,0,0,0,0,0,0,2,1,6,2,22,5,-1,-1,-1,-1,2,1,E01033067,0
Unvalidated,2024122400328,2024,122400328,2,97,0,3,4,8,0,0,0,0,0,0,2,1,6,1,59,9,-1,-1,-1,-1,3,2,E01027629,0
Unvalidated,2024122400328,2024,122400328,3,19,0,18,4,8,0,0,0,0,0,0,1,1,1,1,28,6,-1,-1,-1,-1,4,3,E01025789,0
Unvalidated,2024122400329,2024,122400329,1,1,0,18,6,2,5,1,0,0,0,0,1,1,6,1,41,7,-1,-1,-1,-1,9,1,E01013405,0
Unvalidated,2024122400330,2024,122400330,1,9,0,5,1,5,0,0,0,4,0,0,1,1,6,1,64,9,-1,-1,-1,-1,6,3,E01027758,0
Unvalidated,2024122400331,2024,122400331,1,9,0,18,8,4,0,0,0,0,0,0,1,1,6,1,91,11,-1,-1,-1,-1,7,3,E01013419,0
Unvalidated,2024122400332,2024,122400332,1,9,0,17,3,1,0,0,2,0,2,4,1,1,6,1,20,4,-1,-1,-1,-1,9,2,E01013077,0
Unvalidated,2024122400333,2024,122400333,1,9,0,18,1,5,0,0,1,0,1,0,1,1,6,1,58,9,-1,-1,-1,-1,5,3,E01027813,0
Unvalidated,2024122400333,2024,122400333,2,9,0,18,5,1,0,0,1,0,0,0,1,1,6,1,28,6,-1,-1,-1,-1,8,1,E01012062,0
Unvalidated,2024122400334,2024,122400334,1,9,0,13,7,3,0,8,0,0,7,4,1,1,6,1,70,10,-1,-1,-1,-1,7,3,E01027745,0
Unvalidated,2024122400335,2024,122400335,1,9,0,4,4,8,0,1,0,0,0,0,2,1,2,1,40,7,-1,-1,-1,-1,6,1,E01007521,0
Unvalidated,2024122400335,2024,122400335,2,9,0,18,4,8,0,1,0,0,0,0,1,1,6,1,18,4,-1,-1,-1,-1,10,3,E01011570,0
Unvalidated,2024122400336,2024,122400336,1,17,0,7,5,7,0,8,0,0,0,0,0,1,1,1,62,9,-1,-1,-1,-1,2,2,E01027749,0
Unvalidated,2024122400337,2024,122400337,1,9,0,16,8,4,0,0,0,0,7,8,1,1,1,2,22,5,-1,-1,-1,-1,6,2,E01027915,0
Unvalidated,2024122400338,2024,122400338,1,9,0,18,6,2,0,0,0,0,1,10,2,1,6,1,22,5,-1,-1,-1,-1,9,2,E01027922,0