status,collision_index,collision_year,collision_reference,vehicle_reference,vehicle_type,towing_and_articulation,vehicle_manoeuvre,vehicle_direction_from,vehicle_direction_to,vehicle_location_restricted_lane,junction_location,skidding_and_overturning,hit_object_in_carriageway,vehicle_leaving_carriageway,hit_object_off_carriageway,first_point_of_impact,vehicle_left_hand_drive,journey_purpose_of_driver,sex_of_driver,age_of_driver,age_band_of_driver,engine_capacity_cc,propulsion_code,age_of_vehicle,generic_make_model,driver_imd_decile,driver_home_area_type,lsoa_of_driver,escooter_flag
Unvalidated,2024122400441,2024,122400441,2,9,0,18,5,1,0,8,0,0,0,0,1,1,6,2,46,8,-1,-1,-1,-1,7,1,E01012047,0
Unvalidated,2024122400442,2024,122400442,1,9,0,16,4,8,0,0,0,0,1,4,1,1,6,2,28,6,-1,-1,-1,-1,3,1,E01027846,0
Unvalidated,2024122400443,2024,122400443,1,9,0,18,1,5,0,0,0,0,1,0,3,1,6,1,72,10,-1,-1,-1,-1,6,1,E01011408,0
Unvalidated,2024122400443,2024,122400443,2,21,1,18,1,5,0,0,0,0,0,0,4,1,1,1,33,6,-1,-1,-1,-1,3,1,E01012353,0
Unvalidated,2024122400444,2024,122400444,1,9,0,18,1,5,0,0,0,7,4,6,3,1,6,1,65,9,-1,-1,-1,-1,4,2,E01028992,0
Unvalidated,2024122400445,2024,122400445,1,9,0,18,7,3,0,1,0,0,0,0,1,1,6,1,20,4,-1,-1,-1,-1,10,1,E01027638,0
Unvalidated,2024122400445,2024,122400445,2,9,0,7,5,3,0,1,0,0,7,10,1,1,3,2,53,8,-1,-1,-1,-1,9,3,E01027664,0
Unvalidated,2024122400446,2024,122400446,1,9,0,3,1,5,0,1,0,0,0,0,1,1,6,1,68,10,-1,-1,-1,-1,2,2,E01027749,0
Unvalidated,2024122400446,2024,122400446,2,9,0,3,1,5,0,1,0,0,1,0,2,1,6,2,70,10,-1,-1,-1,-1,8,2,E01027748,0
Unvalidated,2024122400446,2024,122400446,3,9,0,3,1,5,0,1,0,0,0,0,2,1,6,1,44,7,-1,-1,-1,-1,5,2,E01027769,0
Unvalidated,2024122400447,2024,122400447,1,9,0,17,6,2,0,0,1,0,1,9,4,1,6,1,30,6,-1,-1,-1,-1,7,1,E01025197,0
Unvalidated,2024122400448,2024,122400448,1,9,0,18,7,3,0,0,0,0,7,4,1,1,2,2,37,7,-1,-1,-1,-1,5,2,E01027795,0
Unvalidated,2024122400449,2024,122400449,1,9,0,18,1,5,0,0,0,0,0,0,2,1,6,1,77,11,-1,-1,-1,-1,10,2,E01027893,0
Unvalidated,2024122400449,2024,122400449,2,16,0,18,1,5,0,0,0,0,0,0,2,1,6,2,58,9,-1,-1,-1,-1,10,2,E01027893,0
Unvalidated,2024122400450,2024,122400450,1,9,0,9,8,5,0,2,0,0,0,0,1,1,6,2,41,7,-1,-1,-1,-1,-1,-1,-1,0
Unvalidated,2024122400450,2024,122400450,2,1,0,18,5,2,0,1,0,0,0,0,1,1,6,1,20,4,-1,-1,-1,-1,5,1,E01013384,0
Unvalidated,2024122400451,2024,122400451,1,9,0,18,5,1,0,0,0,0,0,0,1,1,6,2,75,10,-1,-1,-1,-1,6,2,E01027884,0
Unvalidated,2024122400451,2024,122400451,2,9,0,4,5,1,0,0,0,0,0,0,2,1,6,2,47,8,-1,-1,-1,-1,9,2,E01027885,0
Unvalidated,2024122400452,2024,122400452,1,9,0,18,5,1,0,1,0,0,0,0,1,1,2,2,43,7,-1,-1,-1,-1,9,1,E01013397,0
Unvalidated,2024122400452,2024,122400452,2,9,0,3,5,1,0,1,0,0,0,0,2,1,6,2,58,9,-1,-1,-1,-1,10,2,E01013352,0
Unvalidated,2024122400452,2024,122400452,3,9,0,10,5,3,0,1,0,0,0,0,2,1,2,2,39,7,-1,-1,-1,-1,7,3,E01027904,0
Unvalidated,2024122400453,2024,122400453,1,9,0,18,7,3,0,1,0,0,0,0,1,1,6,2,22,5,-1,-1,-1,-1,8,2,E01027836,0
Unvalidated,2024122400453,2024,122400453,2,9,0,9,3,1,0,1,0,0,0,0,4,1,3,1,53,8,-1,-1,-1,-1,7,1,E01027873,0
Unvalidated,2024122400454,2024,122400454,1,9,0,18,7,3,0,4,0,0,0,0,0,1,6,1,39,7,-1,-1,-1,-1,2,1,E01027850,0
Unvalidated,2024122400454,2024,122400454,2,97,0,18,6,2,0,4,1,0,0,0,0,1,1,1,22,5,-1,-1,-1,-1,4,1,E01027810,0
Unvalidated,2024122400455,2024,122400455,1,9,0,18,7,3,0,0,0,0,7,11,1,1,6,1,82,11,-1,-1,-1,-1,6,3,E01027756,0
Unvalidated,2024122400456,2024,122400456,1,1,0,18,7,3,0,0,0,0,0,0,2,1,6,2,57,9,-1,-1,-1,-1,9,1,E01011583,0
Unvalidated,2024122400456,2024,122400456,2,1,0,18,7,3,0,0,1,0,0,0,1,1,6,2,64,9,-1,-1,-1,-1,5,1,E01010795,0
Unvalidated,2024122400457,2024,122400457,1,9,0,18,6,2,0,1,1,0,2,11,4,1,6,1,67,10,-1,-1,-1,-1,10,1,E01027641,0
Unvalidated,2024122400458,2024,122400458,1,1,0,18,1,5,9,0,0,0,0,0,1,1,6,1,19,4,-1,-1,-1,-1,10,1,E01027606,0
Unvalidated,2024122400459,2024,122400459,1,9,0,18,1,5,0,0,1,0,7,9,1,1,6,1,26,6,-1,-1,-1,-1,9,1,E01027660,0
Unvalidated,2024122400459,2024,122400459,2,9,0,17,1,5,0,0,2,0,2,3,1,1,1,1,42,7,-1,-1,-1,-1,10,1,E01027719,0
Unvalidated,2024122400460,2024,122400460,1,9,0,17,5,3,0,0,1,0,1,9,1,1,1,1,42,7,-1,-1,-1,-1,1,1,E01012094,0
Unvalidated,2024122400461,2024,122400461,1,21,1,9,7,5,0,5,0,0,0,0,1,1,1,1,58,9,-1,-1,-1,-1,6,3,E01013072,0
Unvalidated,2024122400461,2024,122400461,2,21,1,18,5,1,0,1,5,0,0,0,4,1,1,1,61,9,-1,-1,-1,-1,3,1,E01007480,0
Unvalidated,2024122400462,2024,122400462,1,9,0,18,5,1,0,0,0,0,1,10,1,1,6,1,27,6,-1,-1,-1,-1,1,1,E01004839,0
Unvalidated,2024122400463,2024,122400463,1,9,0,9,5,3,0,8,0,0,0,0,1,1,6,2,34,6,-1,-1,-1,-1,6,3,E01027701,0
Unvalidated,2024122400463,2024,122400463,2,9,0,18,1,5,0,1,0,0,0,0,1,1,6,1,57,9,-1,-1,-1,-1,8,1,E01027738,0
Unvalidated,2024122400463,2024,122400463,3,19,0,3,3,7,0,1,0,0,0,0,3,1,6,1,59,9,-1,-1,-1,-1,5,1,E01011269,0
Unvalidated,2024122400464,2024,122400464,1,9,0,18,8,4,0,1,0,0,0,0,1,1,6,1,50,8,-1,-1,-1,-1,1,1,E01012928,0
Unvalidated,2024122400464,2024,122400464,2,98,0,9,4,2,0,5,0,0,0,0,2,1,1,1,57,9,-1,-1,-1,-1,2,1,E01002045,0
Unvalidated,2024122400464,2024,122400464,3,98,0,18,4,8,0,1,0,0,0,0,1,1,6,1,27,6,-1,-1,-1,-1,8,1,E01027858,0
Unvalidated,2024122400465,2024,122400465,1,9,0,17,3,6,0,0,5,0,1,2,1,1,6,1,36,7,-1,-1,-1,-1,7,1,E01013336,0
Unvalidated,2024122400466,2024,122400466,1,9,0,18,5,1,0,0,0,4,0,0,1,1,6,2,85,11,-1,-1,-1,-1,9,2,E01027876,0
Unvalidated,2024122400466,2024,122400466,2,9,0,2,0,0,9,0,0,0,0,0,1,1,6,1,43,7,-1,-1,-1,-1,9,3,E01027897,0
Unvalidated,2024122400466,2024,122400466,3,9,0,2,0,0,9,0,0,0,0,0,0,1,6,2,50,8,-1,-1,-1,-1,10,2,E01027893,0
Unvalidated,2024122400467,2024,122400467,1,5,0,13,6,2,0,1,0,0,0,0,1,1,6,1,61,9,-1,-1,-1,-1,4,1,E01025194,0
Unvalidated,2024122400467,2024,122400467,2,9,0,9,6,4,0,1,0,0,0,0,1,1,2,2,18,4,-1,-1,-1,-1,7,2,E01025199,0
Unvalidated,2024122400468,2024,122400468,1,9,0,18,6,4,0,0,5,0,2,11,1,1,1,1,36,7,-1,-1,-1,-1,6,2,E01027883,0
Unvalidated,2024122400469,2024,122400469,1,9,0,16,3,7,0,0,2,0,7,10,3,1,1,1,37,7,-1,-1,-1,-1,4,1,E01027706,0
Unvalidated,2024122400470,2024,122400470,1,9,0,16,4,6,0,0,0,0,7,4,1,1,6,1,17,4,-1,-1,-1,-1,4,1,E01012056,0
Unvalidated,2024122400471,2024,122400471,1,9,0,4,5,1,0,0,0,0,0,0,2,1,6,3,-1,-1,-1,-1,-1,-1,-1,-1,-1,0
Unvalidated,2024122400471,2024,122400471,2,1,0,5,5,1,0,0,0,0,0,0,1,1,6,1,48,8,-1,-1,-1,-1,9,1,E01013381,0
Unvalidated,2024122400472,2024,122400472,1,5,0,6,7,7,0,1,0,0,0,0,3,1,6,1,48,8,-1,-1,-1,-1,1,1,E01012250,0
Unvalidated,2024122400473,2024,122400473,1,11,0,9,6,4,0,8,0,0,0,0,3,1,1,1,54,8,-1,-1,-1,-1,2,1,E01033067,0
Unvalidated,2024122400474,2024,122400474,1,9,0,18,7,3,0,0,0,0,0,0,1,1,6,2,79,11,-1,-1,-1,-1,7,3,E01033065,0
Unvalidated,2024122400474,2024,122400474,2,9,0,2,0,0,0,0,0,0,0,0,2,1,1,3,-1,-1,-1,-1,-1,-1,-1,-1,-1,0
Unvalidated,2024122400475,2024,122400475,1,9,0,9,4,1,0,8,0,0,0,0,1,1,6,3,-1,-1,-1,-1,-1,-1,-1,-1,-1,0
Unvalidated,2024122400475,2024,122400475,2,1,0,18,5,1,0,8,0,0,0,0,3,1,6,1,25,5,-1,-1,-1,-1,6,1,E01013412,0
Unvalidated,2024122400476,2024,122400476,1,1,0,18,7,3,9,0,0,0,0,0,1,1,6,1,14,3,-1,-1,-1,-1,6,1,E01027676,0
Unvalidated,2024122400476,2024,122400476,2,9,0,9,5,2,0,0,0,0,0,0,1,1,6,1,48,8,-1,-1,-1,-1,3,1,E01027651,0
Unvalidated,2024122400477,2024,122400477,1,9,0,18,7,3,0,0,0,0,0,0,1,1,6,1,32,6,-1,-1,-1,-1,7,1,E01027658,0
Unvalidated,2024122400477,2024,122400477,2,9,0,4,7,3,0,0,0,0,0,0,2,1,1,2,53,8,-1,-1,-1,-1,10,1,E01027674,0
Unvalidated,2024122400477,2024,122400477,3,9,0,4,7,3,0,0,0,0,0,0,2,1,6,1,47,8,-1,-1,-1,-1,10,1,E01011376,0
Unvalidated,2024122400478,2024,122400478,1,9,0,16,1,4,0,0,0,0,0,0,1,1,6,1,19,4,-1,-1,-1,-1,5,3,E01027841,0
Unvalidated,2024122400478,2024,122400478,2,9,0,17,4,1,0,0,0,0,0,0,1,1,6,2,61,9,-1,-1,-1,-1,3,2,E01012137,0
Unvalidated,2024122400479,2024,122400479,1,19,0,9,5,1,0,5,0,0,0,0,1,1,1,1,37,7,-1,-1,-1,-1,1,1,E01007410,0
Unvalidated,2024122400479,2024,122400479,2,1,0,18,1,5,0,8,0,0,0,0,1,1,6,2,71,10,-1,-1,-1,-1,10,1,E01013358,0
Unvalidated,2024122400480,2024,122400480,1,1,0,5,3,6,0,4,0,0,0,0,2,1,6,1,59,9,-1,-1,-1,-1,8,1,E01027661,0
Unvalidated,2024122400480,2024,122400480,2,8,0,5,3,6,0,4,0,0,0,0,1,1,6,2,52,8,-1,-1,-1,-1,8,1,E01027661,0
Unvalidated,2024122400481,2024,122400481,1,3,0,4,8,4,0,0,0,0,0,0,0,1,6,1,26,6,-1,-1,-1,-1,1,1,E01027874,0
Unvalidated,2024122400482,2024,122400482,1,9,0,18,7,3,0,0,0,0,7,10,3,1,6,1,82,11,-1,-1,-1,-1,7,3,E01027743,0
Unvalidated,2024122400483,2024,122400483,1,9,0,5,1,4,0,1,0,0,0,0,4,1,6,3,-1,-1,-1,-1,-1,-1,-1,-1,-1,0
Unvalidated,2024122400484,2024,122400484,1,9,0,18,1,5,0,0,0,0,0,0,1,1,6,2,80,11,-1,-1,-1,-1,9,2,E01013341,0
Unvalidated,2024122400484,2024,122400484,2,9,0,18,5,1,0,0,0,0,0,0,1,1,6,1,74,10,-1,-1,-1,-1,8,3,E01013342,0
Unvalidated,2024122400486,2024,122400486,1,9,0,9,7,8,0,6,0,0,1,10,3,1,2,1,59,9,-1,-1,-1,-1,9,2,E01012158,0
Unvalidated,2024122400486,2024,122400486,2,20,0,18,8,4,0,1,0,0,7,10,1,1,1,1,39,7,-1,-1,-1,-1,2,2,E01020809,0
Unvalidated,2024122400487,2024,122400487,1,9,0,18,7,3,0,0,0,0,0,0,1,1,6,1,75,10,-1,-1,-1,-1,6,3,E01013074,0
Unvalidated,2024122400487,2024,122400487,2,9,0,3,7,3,0,0,0,0,0,0,2,1,6,2,45,7,-1,-1,-1,-1,9,1,E01012998,0
Unvalidated,2024122400487,2024,122400487,3,9,0,3,7,3,0,0,0,0,0,0,2,1,6,1,30,6,-1,-1,-1,-1,9,2,E01027897,0
Unvalidated,2024122400488,2024,122400488,1,5,0,18,3,6,0,1,0,0,0,0,3,1,6,1,65,9,-1,-1,-1,-1,1,1,E01004793,0
Unvalidated,2024122400489,2024,122400489,1,9,0,9,1,7,0,8,0,0,0,0,3,1,6,1,55,8,-1,-1,-1,-1,8,2,E01013342,0
Unvalidated,2024122400491,2024,122400491,1,9,0,10,3,7,0,8,0,0,0,0,0,1,6,3,-1,-1,-1,-1,-1,-1,-1,-1,-1,0
Unvalidated,2024122400491,2024,122400491,2,2,0,18,6,3,0,1,1,0,0,0,0,1,2,1,32,6,-1,-1,-1,-1,4,1,E01027810,0
Unvalidated,2024122400492,2024,122400492,1,9,0,18,1,5,0,0,0,0,0,0,1,1,6,1,19,4,-1,-1,-1,-1,4,1,E01027608,0
Unvalidated,2024122400493,2024,122400493,1,9,0,9,3,1,0,8,0,0,0,0,1,1,6,2,25,5,-1,-1,-1,-1,4,1,E01027861,0
Unvalidated,2024122400494,2024,122400494,1,9,0,18,5,1,0,0,0,0,0,0,1,1,6,2,18,4,-1,-1,-1,-1,9,2,E01013016,0
Unvalidated,2024122400494,2024,122400494,2,9,0,3,5,1,0,0,0,0,0,0,2,1,2,2,26,6,-1,-1,-1,-1,10,2,E01027901,0
Unvalidated,2024122400495,2024,122400495,1,9,0,17,5,3,0,0,1,0,1,11,1,1,6,1,17,4,-1,-1,-1,-1,-1,-1,-1,0
Unvalidated,2024122400496,2024,122400496,1,9,0,13,2,6,0,1,0,0,0,0,3,1,6,3,-1,-1,-1,-1,-1,-1,-1,-1,-1,0
Unvalidated,2024122400496,2024,122400496,2,1,0,18,2,6,0,1,0,0,0,0,1,1,6,1,35,6,-1,-1,-1,-1,4,1,E01027861,0
Unvalidated,2024122400497,2024,122400497,1,9,0,4,7,3,0,0,0,0,0,0,2,1,6,2,59,9,-1,-1,-1,-1,8,2,E01027765,0
Unvalidated,2024122400497,2024,122400497,2,11,0,4,7,3,0,0,0,0,0,0,1,1,1,1,54,8,-1,-1,-1,-1,5,2,E01019318,0
Unvalidated,2024122400498,2024,122400498,1,9,0,9,7,3,0,6,0,0,0,0,3,1,6,2,63,9,-1,-1,-1,-1,10,1,E01027697,0
Unvalidated,2024122400498,2024,122400498,2,2,0,18,5,1,0,1,0,0,0,0,1,1,4,1,16,4,-1,-1,-1,-1,10,3,E01027704,0
Unvalidated,2024122400499,2024,122400499,1,9,0,2,0,0,9,1,0,0,1,10,1,1,6,2,68,10,-1,-1,-1,-1,6,3,E01027902,0
Unvalidated,2024122400501,2024,122400501,1,9,0,9,5,3,0,8,0,0,0,0,2,1,2,1,44,7,-1,-1,-1,-1,2,1,E01011809,0
Unvalidated,2024122400501,2024,122400501,2,9,0,3,5,1,0,8,0,0,0,0,1,1,2,2,67,10,-1,-1,-1,-1,10,2,E01027893,0
Unvalidated,2024122400502,2024,122400502,1,9,0,5,3,7,0,8,0,0,0,0,1,1,1,2,39,7,-1,-1,-1,-1,7,1,E01013345,0
Unvalidated,2024122400502,2024,122400502,2,1,0,18,8,4,0,1,0,0,0,0,4,1,1,2,50,8,-1,-1,-1,-1,9,1,E01013432,0
Unvalidated,2024122400503,2024,122400503,1,9,0,7,5,7,0,1,0,0,0,0,1,1,6,1,88,11,-1,-1,-1,-1,6,1,E01013441,0
Unvalidated,2024122400503,2024,122400503,2,1,0,18,3,7,0,8,0,0,0,0,2,1,6,2,45,7,-1,-1,-1,-1,7,1,E01013396,0
Unvalidated,2024122400504,2024,122400504,1,11,0,2,0,0,0,0,0,0,0,0,0,1,6,1,54,8,-1,-1,-1,-1,3,1,E01027846,0
Unvalidated,2024122400505,2024,122400505,1,5,0,18,3,7,0,0,0,0,1,9,1,1,1,1,31,6,-1,-1,-1,-1,4,1,E01007536,0
Unvalidated,2024122400505,2024,122400505,2,9,0,4,3,7,0,0,0,0,0,0,2,1,1,1,34,6,-1,-1,-1,-1,2,1,E01027909,0
Unvalidated,2024122400506,2024,122400506,1,9,0,18,3,7,0,0,0,0,0,0,1,1,6,3,-1,-1,-1,-1,-1,-1,-1,-1,-1,0
Unvalidated,2024122400507,2024,122400507,1,11,0,18,5,1,0,0,0,0,0,0,1,1,1,1,53,8,-1,-1,-1,-1,6,3,E01027601,0
Unvalidated,2024122400507,2024,122400507,2,9,0,11,3,8,0,0,0,0,0,0,2,1,6,1,29,6,-1,-1,-1,-1,-1,-1,-1,0
Unvalidated,2024122400508,2024,122400508,1,9,0,18,1,5,0,1,0,0,0,0,1,1,3,2,51,8,-1,-1,-1,-1,7,2,E01027685,0
Unvalidated,2024122400508,2024,122400508,2,9,0,7,1,3,0,5,0,0,0,0,2,1,3,1,39,7,-1,-1,-1,-1,7,3,E01027667,0
Unvalidated,2024122400509,2024,122400509,1,1,0,17,1,6,0,2,1,0,0,0,1,1,6,1,53,8,-1,-1,-1,-1,8,3,E01027568,0
Unvalidated,2024122400509,2024,122400509,2,9,0,9,5,1,0,6,0,0,0,0,0,1,2,2,45,7,-1,-1,-1,-1,9,3,E01027556,0
Unvalidated,2024122400510,2024,122400510,1,8,0,18,4,8,0,3,0,0,0,0,0,1,6,1,59,9,-1,-1,-1,-1,5,1,E01013384,0
Unvalidated,2024122400511,2024,122400511,1,21,0,5,2,6,0,1,5,0,1,10,4,1,1,1,63,9,-1,-1,-1,-1,9,3,E01027687,0
Unvalidated,2024122400512,2024,122400512,1,9,0,18,8,4,0,0,0,0,0,0,1,1,6,2,34,6,-1,-1,-1,-1,9,2,E01013426,0
Unvalidated,2024122400513,2024,122400513,1,9,0,18,8,4,0,1,0,0,0,0,1,1,6,1,70,10,-1,-1,-1,-1,9,3,E01027845,0
Unvalidated,2024122400513,2024,122400513,2,9,0,2,0,0,0,1,0,0,1,0,2,1,6,3,-1,-1,-1,-1,-1,-1,-1,-1,-1,0
Unvalidated,2024122400513,2024,122400513,3,9,0,2,0,0,0,1,0,0,0,0,2,1,6,3,-1,-1,-1,-1,-1,-1,-1,-1,-1,0
Unvalidated,2024122400514,2024,122400514,1,9,0,17,3,7,0,0,0,0,0,0,1,1,6,1,76,11,-1,-1,-1,-1,9,2,E01027792,0
Unvalidated,2024122400514,2024,122400514,2,9,0,18,7,3,0,0,0,0,1,11,1,1,6,2,26,6,-1,-1,-1,-1,-1,-1,-1,0
Unvalidated,2024122400515,2024,122400515,1,9,0,5,7,5,0,1,0,0,0,0,1,1,2,2,62,9,-1,-1,-1,-1,9,2,E01027596,0
Unvalidated,2024122400515,2024,122400515,2,9,0,18,3,7,0,1,0,0,0,0,1,1,2,2,23,5,-1,-1,-1,-1,-1,1,-1,0
Unvalidated,2024122400515,2024,122400515,3,9,0,3,7,3,0,1,0,0,0,0,3,1,6,1,68,10,-1,-1,-1,-1,6,3,E01027622,0
Unvalidated,2024122400516,2024,122400516,1,19,0,18,6,2,0,0,0,0,0,0,1,1,6,1,28,6,-1,-1,-1,-1,-1,2,-1,0
Unvalidated,2024122400517,2024,122400517,1,97,0,18,3,7,0,0,0,11,1,0,0,1,6,1,48,8,-1,-1,-1,-1,1,1,E01012879,0
Unvalidated,2024122400518,2024,122400518,1,5,0,13,8,4,0,8,1,0,1,0,1,1,6,1,62,9,-1,-1,-1,-1,5,1,E01011215,0
Unvalidated,2024122400519,2024,122400519,1,3,0,17,5,1,0,0,1,0,0,0,4,1,6,1,17,4,-1,-1,-1,-1,8,3,E01027900,0
Unvalidated,2024122400520,2024,122400520,1,9,0,16,8,3,0,1,0,0,0,0,1,1,6,2,57,9,-1,-1,-1,-1,9,3,E01027897,0
Unvalidated,2024122400520,2024,122400520,2,9,0,17,3,8,0,2,0,0,0,0,1,1,2,1,37,7,-1,-1,-1,-1,2,1,E01013002,0
Unvalidated,2024122400521,2024,122400521,1,9,0,18,2,6,0,2,0,0,3,10,1,1,1,1,23,5,-1,-1,-1,-1,7,1,E01012202,0
Unvalidated,2024122400522,2024,122400522,1,1,0,18,3,7,9,0,0,0,0,0,1,1,6,1,58,9,-1,-1,-1,-1,10,1,E01027880,0
Unvalidated,2024122400523,2024,122400523,1,21,1,18,1,5,0,8,0,0,0,0,3,1,6,3,-1,-1,-1,-1,-1,-1,-1,-1,-1,0
Unvalidated,2024122400523,2024,122400523,2,9,0,18,1,5,0,8,1,0,4,6,4,1,6,1,30,6,-1,-1,-1,-1,1,1,E01008166,0
Unvalidated,2024122400524,2024,122400524,1,9,0,16,7,3,0,0,2,0,1,7,1,1,6,1,29,6,-1,-1,-1,-1,2,1,E01007642,0
Unvalidated,2024122400525,2024,122400525,1,9,0,18,5,1,0,0,1,0,1,9,1,1,6,1,34,6,-1,-1,-1,-1,5,1,E01013390,0
Unvalidated,2024122400526,2024,122400526,1,9,0,17,1,5,0,2,0,4,0,0,1,1,6,1,22,5,-1,-1,-1,-1,10,1,E01013374,0
Unvalidated,2024122400526,2024,122400526,2,9,0,2,0,0,0,2,0,0,0,0,2,1,6,3,-1,-1,-1,-1,-1,-1,-1,-1,-1,0
Unvalidated,2024122400526,2024,122400526,3,9,0,2,0,0,0,2,0,0,0,0,2,1,6,3,-1,-1,-1,-1,-1,-1,-1,-1,-1,0
Unvalidated,2024122400526,2024,122400526,4,9,0,2,0,0,0,2,0,0,0,0,1,1,6,3,-1,-1,-1,-1,-1,-1,-1,-1,-1,0
Unvalidated,2024122400527,2024,122400527,1,19,0,13,7,3,0,0,0,0,0,0,4,1,6,1,37,7,-1,-1,-1,-1,1,1,E01008090,0
Unvalidated,2024122400527,2024,122400527,2,1,0,18,7,3,4,0,0,0,0,0,3,1,6,2,69,10,-1,-1,-1,-1,8,1,E01013391,0
Unvalidated,2024122400528,2024,122400528,1,3,0,18,1,5,0,1,0,10,1,0,1,1,1,1,31,6,-1,-1,-1,-1,8,1,E01027738,0
Unvalidated,2024122400528,2024,122400528,2,9,0,5,7,3,0,6,0,0,0,0,3,1,6,2,55,8,-1,-1,-1,-1,10,1,E01027641,0
Unvalidated,2024122400529,2024,122400529,1,9,0,16,2,6,0,0,0,0,7,10,1,1,2,2,54,8,-1,-1,-1,-1,5,3,E01027813,0
Unvalidated,2024122400530,2024,122400530,1,9,0,18,5,1,0,2,0,0,0,0,1,1,6,3,-1,-1,-1,-1,-1,-1,-1,-1,-1,0
Unvalidated,2024122400531,2024,122400531,1,9,0,10,6,4,0,1,0,0,0,0,2,1,2,2,20,4,-1,-1,-1,-1,9,1,E01013380,0
Unvalidated,2024122400531,2024,122400531,2,9,0,18,6,2,0,1,0,0,0,0,1,1,2,1,44,7,-1,-1,-1,-1,9,1,E01013381,0
Unvalidated,2024122400532,2024,122400532,1,9,0,7,1,5,0,2,0,0,0,0,4,1,2,1,37,7,-1,-1,-1,-1,6,1,E01013441,0
Unvalidated,2024122400532,2024,122400532,2,23,0,18,1,5,4,2,0,0,0,0,1,1,6,1,17,4,-1,-1,-1,-1,2,1,E01013349,0
Unvalidated,2024122400533,2024,122400533,1,9,0,6,3,3,0,0,0,0,1,4,1,1,6,2,34,6,-1,-1,-1,-1,8,1,E01013348,0
Unvalidated,2024122400533,2024,122400533,2,9,0,2,0,0,0,0,0,0,0,0,1,1,6,1,51,8,-1,-1,-1,-1,8,1,E01013368,0
Unvalidated,2024122400534,2024,122400534,1,4,0,17,1,6,0,0,1,0,1,4,1,1,6,2,22,5,-1,-1,-1,-1,7,1,E01007310,0
Unvalidated,2024122400535,2024,122400535,1,5,0,18,6,2,0,1,0,0,0,0,1,1,6,1,54,8,-1,-1,-1,-1,10,1,E01013355,0
Unvalidated,2024122400535,2024,122400535,2,9,0,18,2,6,0,1,0,0,0,0,1,1,6,2,66,10,-1,-1,-1,-1,6,2,E01027570,0
Unvalidated,2024122400537,2024,122400537,1,5,0,16,8,4,0,0,0,0,1,0,1,1,6,1,43,7,-1,-1,-1,-1,1,1,E01011953,0
Unvalidated,2024122400537,2024,122400537,2,9,0,17,4,8,0,0,0,0,0,0,1,1,6,2,73,10,-1,-1,-1,-1,6,3,E01027780,0
Unvalidated,2024122400539,2024,122400539,1,9,0,18,2,6,0,0,0,0,0,0,1,1,6,3,-1,-1,-1,-1,-1,-1,-1,-1,-1,0
Unvalidated,2024122400539,2024,122400539,2,1,0,18,4,8,9,0,0,0,0,0,3,1,1,1,13,3,-1,-1,-1,-1,8,2,E01027896,0
Unvalidated,2024122400540,2024,122400540,1,9,0,9,7,5,0,2,1,0,1,0,1,1,6,2,58,9,-1,-1,-1,-1,6,3,E01027800,0
Unvalidated,2024122400540,2024,122400540,2,9,0,18,5,1,0,8,1,0,1,10,4,1,6,2,79,11,-1,-1,-1,-1,4,1,E01027787,0
Unvalidated,2024122400541,2024,122400541,1,5,0,18,5,1,0,1,0,0,3,0,4,1,6,1,61,9,-1,-1,-1,-1,6,1,E01027849,0
Unvalidated,2024122400542,2024,122400542,1,19,0,1,4,8,0,0,0,0,0,0,2,1,1,1,49,8,-1,-1,-1,-1,3,1,E01007533,0
Unvalidated,2024122400542,2024,122400542,2,1,0,18,8,4,0,0,0,0,0,0,2,1,6,1,58,9,-1,-1,-1,-1,10,1,E01027716,0
Unvalidated,2024122400543,2024,122400543,1,19,0,18,8,4,0,1,1,4,0,0,1,1,1,1,37,7,-1,-1,-1,-1,5,3,E01012991,0
Unvalidated,2024122400543,2024,122400543,2,9,0,2,0,0,0,1,0,0,0,0,2,1,6,2,30,6,-1,-1,-1,-1,10,1,E01013044,0
Unvalidated,2024122400544,2024,122400544,1,9,0,18,7,3,0,1,0,0,0,0,1,1,6,1,55,8,-1,-1,-1,-1,6,3,E01027560,0
Unvalidated,2024122400544,2024,122400544,2,19,0,10,7,3,0,5,0,0,0,0,2,1,1,1,19,4,-1,-1,-1,-1,7,1,E01010726,0
Unvalidated,2024122400545,2024,122400545,1,1,0,18,8,3,0,0,0,0,0,0,1,1,1,1,82,11,-1,-1,-1,-1,10,1,E01010694,0
Unvalidated,2024122400545,2024,122400545,2,9,0,18,3,8,0,0,0,0,0,0,1,1,6,1,53,8,-1,-1,-1,-1,1,1,E01010702,0
Unvalidated,2024122400546,2024,122400546,1,9,0,10,7,5,0,2,0,0,0,0,3,1,6,2,42,7,-1,-1,-1,-1,8,1,E01032491,0
Unvalidated,2024122400546,2024,122400546,2,9,0,18,5,1,0,1,0,0,0,0,1,1,6,1,37,7,-1,-1,-1,-1,4,1,E01011705,0
Unvalidated,2024122400547,2024,122400547,1,9,0,4,7,5,0,1,0,0,0,0,1,1,6,2,39,7,-1,-1,-1,-1,7,1,E01027873,0