status,collision_index,collision_year,collision_reference,vehicle_reference,vehicle_type,towing_and_articulation,vehicle_manoeuvre,vehicle_direction_from,vehicle_direction_to,vehicle_location_restricted_lane,junction_location,skidding_and_overturning,hit_object_in_carriageway,vehicle_leaving_carriageway,hit_object_off_carriageway,first_point_of_impact,vehicle_left_hand_drive,journey_purpose_of_driver,sex_of_driver,age_of_driver,age_band_of_driver,engine_capacity_cc,propulsion_code,age_of_vehicle,generic_make_model,driver_imd_decile,driver_home_area_type,lsoa_of_driver,escooter_flag
Unvalidated,2024122400547,2024,122400547,2,1,0,9,1,5,0,1,0,0,0,0,1,1,6,1,17,4,-1,-1,-1,-1,2,1,E01027825,0
Unvalidated,2024122400548,2024,122400548,1,9,0,18,7,3,0,0,0,0,0,0,1,1,6,2,47,8,-1,-1,-1,-1,6,1,E01027790,0
Unvalidated,2024122400548,2024,122400548,2,9,0,18,7,3,0,0,0,0,0,0,2,1,6,3,-1,-1,-1,-1,-1,-1,-1,-1,-1,0
Unvalidated,2024122400549,2024,122400549,1,98,1,18,1,5,0,0,0,6,4,6,1,1,1,1,31,6,-1,-1,-1,-1,6,3,E01013074,0
Unvalidated,2024122400550,2024,122400550,1,19,0,18,5,1,0,1,0,0,0,0,1,1,1,1,46,8,-1,-1,-1,-1,2,1,E01027812,0
Unvalidated,2024122400550,2024,122400550,2,9,0,18,3,7,0,1,2,0,0,0,4,1,6,1,79,11,-1,-1,-1,-1,-1,-1,-1,0
Unvalidated,2024122400551,2024,122400551,1,5,0,13,7,3,0,8,0,0,7,0,1,1,6,1,23,5,-1,-1,-1,-1,5,1,E01010604,0
Unvalidated,2024122400551,2024,122400551,2,9,0,9,7,5,0,5,0,0,0,0,3,1,6,2,30,6,-1,-1,-1,-1,6,3,E01027734,0
Unvalidated,2024122400552,2024,122400552,1,4,0,7,3,7,0,0,1,0,1,0,1,1,6,1,51,8,-1,-1,-1,-1,2,1,E01012357,0
Unvalidated,2024122400553,2024,122400553,1,9,0,13,6,2,0,0,0,0,1,0,3,1,2,1,34,6,-1,-1,-1,-1,5,2,E01027795,0
Unvalidated,2024122400553,2024,122400553,2,9,0,18,2,6,0,0,0,0,7,0,1,1,2,2,50,8,-1,-1,-1,-1,3,1,E01013399,0
Unvalidated,2024122400554,2024,122400554,1,2,0,18,5,1,0,0,0,0,0,0,1,1,6,2,16,4,-1,-1,-1,-1,4,1,E01027910,0
Unvalidated,2024122400554,2024,122400554,2,9,0,2,0,0,0,0,0,0,0,0,1,1,6,3,-1,-1,-1,-1,-1,-1,-1,-1,-1,0
Unvalidated,2024122400555,2024,122400555,1,9,0,18,1,3,0,0,0,0,0,0,0,1,6,2,89,11,-1,-1,-1,-1,9,2,E01033186,0
Unvalidated,2024122400557,2024,122400557,1,9,0,18,6,2,0,0,0,12,0,0,1,1,6,1,32,6,-1,-1,-1,-1,6,2,E01027784,0
Unvalidated,2024122400558,2024,122400558,1,9,0,5,7,3,9,1,0,0,0,0,1,1,6,1,65,9,-1,-1,-1,-1,8,2,E01027836,0
Unvalidated,2024122400558,2024,122400558,2,1,0,18,8,4,9,8,0,0,0,0,1,1,6,1,21,5,-1,-1,-1,-1,6,1,E01027851,0
Unvalidated,2024122400559,2024,122400559,1,22,0,18,2,6,9,0,0,0,0,0,0,1,6,3,-1,-1,-1,-1,-1,-1,-1,-1,-1,0
Unvalidated,2024122400560,2024,122400560,1,9,0,9,5,3,0,4,0,0,0,0,1,1,2,2,58,9,-1,-1,-1,-1,5,3,E01027613,0
Unvalidated,2024122400561,2024,122400561,1,9,0,13,2,6,0,0,0,0,0,0,4,1,6,2,84,11,-1,-1,-1,-1,10,1,E01013387,0
Unvalidated,2024122400561,2024,122400561,2,1,0,18,2,6,0,0,0,0,0,0,3,1,6,2,18,4,-1,-1,-1,-1,7,3,E01024302,0
Unvalidated,2024122400563,2024,122400563,1,9,0,18,3,7,0,0,0,0,1,0,1,1,6,1,36,7,-1,-1,-1,-1,7,1,E01013396,0
Unvalidated,2024122400563,2024,122400563,2,19,0,18,3,7,0,0,0,0,0,0,2,1,1,1,23,5,-1,-1,-1,-1,5,1,E01027843,0
Unvalidated,2024122400564,2024,122400564,1,9,0,9,8,5,0,6,0,0,0,0,3,1,6,1,48,8,-1,-1,-1,-1,-1,-1,-1,0
Unvalidated,2024122400564,2024,122400564,2,9,0,18,6,2,0,1,1,0,0,0,1,1,1,2,45,7,-1,-1,-1,-1,6,3,E01027814,0
Unvalidated,2024122400565,2024,122400565,1,9,0,17,8,5,0,0,0,0,7,9,4,1,6,2,18,4,-1,-1,-1,-1,3,1,E01012214,0
Unvalidated,2024122400565,2024,122400565,2,9,0,16,5,8,0,0,0,0,1,9,3,1,6,2,42,7,-1,-1,-1,-1,8,2,E01027621,0
Unvalidated,2024122400566,2024,122400566,1,9,0,5,6,2,0,1,0,0,0,0,3,1,6,1,64,9,-1,-1,-1,-1,8,1,E01012225,0
Unvalidated,2024122400566,2024,122400566,2,5,0,18,4,8,0,1,0,0,0,0,0,1,6,1,59,9,-1,-1,-1,-1,7,1,E01012207,0
Unvalidated,2024122400567,2024,122400567,1,2,0,4,8,4,6,0,1,0,0,0,4,1,1,2,37,7,-1,-1,-1,-1,7,2,E01027766,0
Unvalidated,2024122400568,2024,122400568,1,9,0,9,1,7,0,8,0,0,0,0,3,1,6,1,34,6,-1,-1,-1,-1,8,2,E01027587,0
Unvalidated,2024122400568,2024,122400568,2,9,0,18,7,3,0,8,0,0,0,0,1,1,6,2,75,10,-1,-1,-1,-1,8,3,E01027593,0
Unvalidated,2024122400570,2024,122400570,1,9,0,9,2,8,0,6,0,0,0,0,1,1,6,2,40,7,-1,-1,-1,-1,8,1,E01013417,0
Unvalidated,2024122400570,2024,122400570,2,9,0,18,8,4,0,8,0,0,0,0,4,1,6,2,17,4,-1,-1,-1,-1,8,1,E01013417,0
Unvalidated,2024122400572,2024,122400572,1,9,0,18,4,6,0,8,0,0,0,0,4,1,2,1,35,6,-1,-1,-1,-1,3,1,E01013335,0
Unvalidated,2024122400572,2024,122400572,2,9,0,5,5,7,0,4,0,0,0,0,1,1,6,1,72,10,-1,-1,-1,-1,6,1,E01013441,0
Unvalidated,2024122400573,2024,122400573,1,9,0,18,2,6,0,2,0,0,0,0,1,1,3,2,70,10,-1,-1,-1,-1,8,3,E01027635,0
Unvalidated,2024122400574,2024,122400574,1,9,0,18,3,7,0,0,2,0,7,10,1,1,6,1,24,5,-1,-1,-1,-1,3,2,E01027629,0
Unvalidated,2024122400575,2024,122400575,1,9,0,15,3,5,0,1,0,0,0,0,1,1,6,1,35,6,-1,-1,-1,-1,7,1,E01013428,0
Unvalidated,2024122400575,2024,122400575,2,8,0,5,3,5,0,1,0,0,0,0,4,1,1,1,35,6,-1,-1,-1,-1,7,1,E01013428,0
Unvalidated,2024122400577,2024,122400577,1,9,0,18,8,4,0,0,0,0,0,0,1,1,1,2,22,5,-1,-1,-1,-1,6,1,E01013369,0
Unvalidated,2024122400577,2024,122400577,2,1,0,14,4,8,0,0,0,0,0,0,1,1,6,1,58,9,-1,-1,-1,-1,7,1,E01013336,0
Unvalidated,2024122400578,2024,122400578,1,9,0,18,5,1,0,0,0,0,0,0,1,1,6,1,72,10,-1,-1,-1,-1,4,1,E01027910,0
Unvalidated,2024122400579,2024,122400579,1,9,0,18,6,2,0,0,2,7,0,0,1,1,1,2,24,5,-1,-1,-1,-1,4,2,E01011499,0
Unvalidated,2024122400580,2024,122400580,1,5,0,14,6,2,0,1,0,0,0,0,1,1,6,1,24,5,-1,-1,-1,-1,9,1,E01013362,0
Unvalidated,2024122400581,2024,122400581,1,9,0,18,3,7,0,6,0,0,0,0,4,1,6,1,45,7,-1,-1,-1,-1,6,1,E01006146,0
Unvalidated,2024122400581,2024,122400581,2,3,0,18,4,8,0,8,0,0,0,0,1,1,6,1,54,8,-1,-1,-1,-1,2,1,E01005502,0
Unvalidated,2024122400582,2024,122400582,1,19,0,2,0,0,9,0,0,0,0,0,0,1,1,3,-1,-1,-1,-1,-1,-1,-1,-1,-1,0
Unvalidated,2024122400583,2024,122400583,1,9,0,18,5,1,0,4,0,0,0,0,4,1,6,1,35,6,-1,-1,-1,-1,2,1,E01027854,0
Unvalidated,2024122400583,2024,122400583,2,1,0,18,3,7,0,8,0,0,0,0,4,1,6,1,39,7,-1,-1,-1,-1,2,1,E01027854,0
Unvalidated,2024122400584,2024,122400584,1,9,0,10,7,5,0,6,0,0,3,1,4,1,6,1,61,9,-1,-1,-1,-1,1,1,E01010748,0
Unvalidated,2024122400584,2024,122400584,2,9,0,18,5,1,0,1,0,0,0,0,1,1,6,2,80,11,-1,-1,-1,-1,1,1,E01011326,0
Unvalidated,2024122400585,2024,122400585,1,9,0,16,7,2,0,0,5,10,0,0,1,1,6,1,17,4,-1,-1,-1,-1,10,1,E01027855,0
Unvalidated,2024122400585,2024,122400585,2,9,0,16,7,2,0,0,0,0,1,11,1,1,6,1,18,4,-1,-1,-1,-1,5,1,E01027843,0
Unvalidated,2024122400586,2024,122400586,1,9,0,7,5,7,0,1,0,0,0,0,1,1,1,1,62,9,-1,-1,-1,-1,5,2,E01027630,0
Unvalidated,2024122400586,2024,122400586,2,19,0,7,5,7,0,1,0,0,0,0,2,1,1,1,59,9,-1,-1,-1,-1,10,1,E01027614,0
Unvalidated,2024122400587,2024,122400587,1,5,0,4,4,8,0,0,1,0,0,0,3,1,6,1,69,10,-1,-1,-1,-1,10,2,E01012477,0
Unvalidated,2024122400588,2024,122400588,1,9,0,6,1,1,0,8,0,0,0,0,2,1,6,2,32,6,-1,-1,-1,-1,3,1,E01011806,0
Unvalidated,2024122400588,2024,122400588,2,4,0,18,8,1,0,4,0,0,0,0,1,1,6,1,28,6,-1,-1,-1,-1,3,2,E01007488,0
Unvalidated,2024122400589,2024,122400589,1,9,0,17,8,3,0,0,5,0,1,11,1,1,6,2,39,7,-1,-1,-1,-1,1,1,E01010828,0
Unvalidated,2024122400590,2024,122400590,1,9,0,18,1,5,0,0,0,0,0,0,1,1,6,1,75,10,-1,-1,-1,-1,4,2,E01027830,0
Unvalidated,2024122400590,2024,122400590,2,1,0,18,3,7,0,0,0,0,0,0,1,1,6,1,28,6,-1,-1,-1,-1,5,2,E01027829,0
Unvalidated,2024122400591,2024,122400591,1,98,0,18,8,4,0,8,0,0,0,0,4,1,1,1,61,9,-1,-1,-1,-1,2,1,E01026328,0
Unvalidated,2024122400591,2024,122400591,2,22,0,18,2,6,0,8,0,0,0,0,4,1,6,1,74,10,-1,-1,-1,-1,8,1,E01027863,0
Unvalidated,2024122400592,2024,122400592,1,3,0,7,5,7,0,1,1,0,0,0,4,1,1,1,27,6,-1,-1,-1,-1,3,1,E01032606,0
Unvalidated,2024122400593,2024,122400593,1,9,0,16,5,1,0,0,0,0,7,11,1,1,6,2,76,11,-1,-1,-1,-1,7,1,E01012207,0
Unvalidated,2024122400594,2024,122400594,1,9,0,16,4,8,0,0,0,0,0,0,3,1,6,2,79,11,-1,-1,-1,-1,7,3,E01012966,0
Unvalidated,2024122400594,2024,122400594,2,90,0,18,8,4,0,0,0,0,0,0,3,2,6,1,62,9,-1,-1,-1,-1,-1,-1,-1,0
Unvalidated,2024122400595,2024,122400595,1,1,0,18,5,1,0,8,0,0,0,0,2,1,6,1,68,10,-1,-1,-1,-1,10,1,E01027732,0
Unvalidated,2024122400595,2024,122400595,2,9,0,5,7,3,0,4,0,0,0,0,1,1,6,1,30,6,-1,-1,-1,-1,2,1,E01001760,0
Unvalidated,2024122400596,2024,122400596,1,9,0,5,3,1,0,6,0,0,0,0,3,1,6,2,44,7,-1,-1,-1,-1,7,1,E01027677,0
Unvalidated,2024122400596,2024,122400596,2,1,0,18,1,5,0,1,0,0,0,0,1,1,6,1,54,8,-1,-1,-1,-1,7,1,E01027692,0
Unvalidated,2024122400597,2024,122400597,1,3,0,17,8,5,0,0,1,0,1,11,4,1,6,2,40,7,-1,-1,-1,-1,8,1,E01024869,0
Unvalidated,2024122400598,2024,122400598,1,9,0,9,5,1,0,8,0,0,1,0,0,1,1,1,24,5,-1,-1,-1,-1,10,1,E01011702,0
Unvalidated,2024122400598,2024,122400598,2,9,0,18,1,5,0,1,0,0,1,0,1,1,6,2,53,8,-1,-1,-1,-1,1,1,E01012019,0
Unvalidated,2024122400598,2024,122400598,3,9,0,10,3,1,0,2,0,0,0,0,1,1,6,1,67,10,-1,-1,-1,-1,9,3,E01027644,0
Unvalidated,2024122400599,2024,122400599,1,19,0,18,3,7,0,0,2,0,0,0,1,1,6,2,43,7,-1,-1,-1,-1,-1,-1,-1,0
Unvalidated,2024122400599,2024,122400599,2,9,0,18,7,3,0,0,0,0,1,11,0,1,6,3,32,6,-1,-1,-1,-1,6,1,E01027578,0
Unvalidated,2024122400600,2024,122400600,1,9,0,3,1,5,0,1,0,0,0,0,2,1,1,1,50,8,-1,-1,-1,-1,5,2,E01027590,0
Unvalidated,2024122400600,2024,122400600,2,17,0,18,1,5,0,1,0,0,0,0,1,1,1,1,46,8,-1,-1,-1,-1,9,3,E01027664,0
Unvalidated,2024122400601,2024,122400601,1,4,0,18,1,5,0,0,0,0,2,11,4,1,6,1,37,7,-1,-1,-1,-1,1,1,E01013279,0
Unvalidated,2024122400602,2024,122400602,1,9,0,17,5,1,0,0,0,0,0,0,1,1,6,1,23,5,-1,-1,-1,-1,6,2,E01012098,0
Unvalidated,2024122400603,2024,122400603,1,9,0,18,3,7,0,0,0,0,0,0,1,1,2,1,47,8,-1,-1,-1,-1,6,3,E01027774,0
Unvalidated,2024122400603,2024,122400603,2,9,0,18,7,3,0,0,0,0,1,10,1,1,6,2,33,6,-1,-1,-1,-1,6,1,E01027790,0
Unvalidated,2024122400605,2024,122400605,1,1,0,18,1,5,9,1,0,0,0,0,1,1,2,1,29,6,-1,-1,-1,-1,6,1,E01027851,0
Unvalidated,2024122400605,2024,122400605,2,9,0,5,7,3,0,1,0,0,0,0,4,1,2,2,42,7,-1,-1,-1,-1,5,1,E01027826,0
Unvalidated,2024122400606,2024,122400606,1,9,0,18,3,7,0,8,0,0,0,0,4,1,6,1,37,7,-1,-1,-1,-1,4,2,E01027835,0
Unvalidated,2024122400607,2024,122400607,1,1,0,16,7,1,0,8,0,0,0,0,1,1,6,1,39,7,-1,-1,-1,-1,2,2,E01027749,0
Unvalidated,2024122400607,2024,122400607,2,9,0,17,5,3,0,8,0,0,0,0,3,1,6,1,53,8,-1,-1,-1,-1,7,3,E01013020,0
Unvalidated,2024122400608,2024,122400608,1,9,0,9,6,2,0,6,0,0,0,0,1,1,6,1,68,10,-1,-1,-1,-1,8,1,E01027839,0
Unvalidated,2024122400608,2024,122400608,2,9,0,18,2,6,0,8,0,0,1,4,4,1,6,2,77,11,-1,-1,-1,-1,8,1,E01027863,0
Unvalidated,2024122400609,2024,122400609,1,9,0,16,7,3,0,0,0,0,0,0,1,1,6,1,24,5,-1,-1,-1,-1,8,1,E01027656,0
Unvalidated,2024122400609,2024,122400609,2,20,0,17,3,7,0,0,2,0,0,0,1,1,6,1,57,9,-1,-1,-1,-1,10,1,E01011696,0
Unvalidated,2024122400612,2024,122400612,1,9,0,9,3,1,0,8,0,0,0,0,1,1,1,1,40,7,-1,-1,-1,-1,6,1,E01027790,0
Unvalidated,2024122400613,2024,122400613,1,9,0,18,4,8,0,0,0,0,7,0,1,1,6,2,82,11,-1,-1,-1,-1,6,3,E01025132,0
Unvalidated,2024122400613,2024,122400613,2,9,0,18,8,4,0,0,0,0,1,0,3,1,6,1,72,10,-1,-1,-1,-1,7,3,E01027571,0
Unvalidated,2024122400614,2024,122400614,1,9,0,18,5,1,0,1,0,0,0,0,1,1,1,1,44,7,-1,-1,-1,-1,2,1,E01012318,0
Unvalidated,2024122400614,2024,122400614,2,9,0,10,5,1,0,5,0,0,0,0,2,1,6,2,21,5,-1,-1,-1,-1,6,3,E01027604,0
Unvalidated,2024122400615,2024,122400615,1,9,0,17,7,3,0,0,0,0,0,0,1,1,6,1,45,7,-1,-1,-1,-1,7,1,E01009292,0
Unvalidated,2024122400615,2024,122400615,2,9,0,16,3,7,0,0,0,0,0,0,1,1,6,1,52,8,-1,-1,-1,-1,1,1,E01011431,0
Unvalidated,2024122400616,2024,122400616,1,97,0,18,7,3,0,0,0,4,0,0,1,1,6,1,15,3,-1,-1,-1,-1,7,1,E01013401,0
Unvalidated,2024122400616,2024,122400616,2,9,0,2,0,0,0,0,0,0,0,0,1,1,6,3,-1,-1,-1,-1,-1,-1,-1,-1,-1,0
Unvalidated,2024122400617,2024,122400617,1,5,0,18,1,5,0,0,0,0,0,0,4,1,6,1,64,9,-1,-1,-1,-1,10,1,E01013063,0
Unvalidated,2024122400617,2024,122400617,2,9,0,18,1,5,0,0,0,0,0,0,2,1,6,3,-1,-1,-1,-1,-1,-1,-1,-1,-1,0
Unvalidated,2024122400618,2024,122400618,1,9,0,9,1,7,0,6,0,0,0,0,1,1,6,1,17,4,-1,-1,-1,-1,1,1,E01012327,0
Unvalidated,2024122400618,2024,122400618,2,9,0,18,7,3,0,1,0,0,0,0,1,1,6,2,57,9,-1,-1,-1,-1,8,2,E01027750,0
Unvalidated,2024122400619,2024,122400619,1,9,0,17,3,8,0,0,0,0,1,1,1,1,6,1,83,11,-1,-1,-1,-1,6,3,E01027604,0
Unvalidated,2024122400620,2024,122400620,1,9,0,12,7,3,0,7,0,0,0,0,1,1,6,1,42,7,-1,-1,-1,-1,7,1,E01027808,0
Unvalidated,2024122400620,2024,122400620,2,2,0,18,7,3,0,8,0,0,4,0,4,1,6,1,17,4,-1,-1,-1,-1,5,3,E01027796,0
Unvalidated,2024122400621,2024,122400621,1,9,0,18,6,2,0,0,0,0,0,0,4,1,6,3,-1,-1,-1,-1,-1,-1,-1,-1,-1,0
Unvalidated,2024122400622,2024,122400622,1,19,0,9,1,5,0,2,0,0,0,0,0,1,1,1,34,6,-1,-1,-1,-1,3,1,E01010871,0
Unvalidated,2024122400623,2024,122400623,1,9,0,9,5,3,0,8,0,0,0,0,1,1,6,2,74,10,-1,-1,-1,-1,8,2,E01033185,0
Unvalidated,2024122400623,2024,122400623,2,1,0,18,1,5,0,8,0,0,0,0,3,1,6,1,52,8,-1,-1,-1,-1,4,1,E01033673,0
Unvalidated,2024122400624,2024,122400624,1,9,0,18,3,7,0,3,0,0,1,2,1,1,6,1,86,11,-1,-1,-1,-1,7,3,E01027646,0
Unvalidated,2024122400625,2024,122400625,1,5,0,18,1,5,0,8,1,0,7,11,1,1,6,1,30,6,-1,-1,-1,-1,9,3,E01027664,0
Unvalidated,2024122400625,2024,122400625,2,5,0,18,1,5,0,1,0,0,0,0,0,1,6,1,31,6,-1,-1,-1,-1,9,1,E01011507,0
Unvalidated,2024122400625,2024,122400625,3,9,0,18,5,7,0,5,0,0,0,0,1,1,6,1,37,7,-1,-1,-1,-1,8,3,E01027682,0
Unvalidated,2024122400626,2024,122400626,1,9,0,18,8,4,0,0,0,0,1,4,1,1,6,1,54,8,-1,-1,-1,-1,4,1,E01012938,0
Unvalidated,2024122400627,2024,122400627,1,9,0,17,2,6,0,0,5,12,1,11,4,1,6,1,32,6,-1,-1,-1,-1,8,1,E01011066,0
Unvalidated,2024122400628,2024,122400628,1,9,0,18,4,8,0,0,0,0,0,0,3,1,6,1,23,5,-1,-1,-1,-1,1,1,E01027819,0
Unvalidated,2024122400628,2024,122400628,2,1,0,18,2,6,0,0,0,0,0,0,1,1,6,1,13,3,-1,-1,-1,-1,1,1,E01027817,0
Unvalidated,2024122400629,2024,122400629,1,11,0,4,6,2,2,0,0,0,0,0,4,1,1,1,55,8,-1,-1,-1,-1,9,3,E01027619,0
Unvalidated,2024122400630,2024,122400630,1,9,0,14,1,5,0,0,0,0,0,0,1,1,6,3,-1,-1,-1,-1,-1,-1,-1,-1,-1,0
Unvalidated,2024122400630,2024,122400630,2,21,0,3,1,5,0,0,0,0,0,0,3,1,1,2,48,8,-1,-1,-1,-1,9,1,E01011844,0
Unvalidated,2024122400631,2024,122400631,1,9,0,18,4,8,0,8,5,0,1,11,1,1,6,1,27,6,-1,-1,-1,-1,5,3,E01027752,0
Unvalidated,2024122400632,2024,122400632,1,9,0,18,4,8,0,0,1,0,0,0,1,1,6,1,70,10,-1,-1,-1,-1,3,2,E01027625,0
Unvalidated,2024122400632,2024,122400632,2,1,0,18,4,8,0,0,0,0,1,0,2,1,6,2,33,6,-1,-1,-1,-1,9,1,E01013362,0
Unvalidated,2024122400633,2024,122400633,1,5,0,13,7,3,0,1,1,0,7,0,1,1,6,1,65,9,-1,-1,-1,-1,6,1,E01011881,0
Unvalidated,2024122400633,2024,122400633,2,9,0,9,7,5,0,1,0,0,0,0,3,1,6,1,65,9,-1,-1,-1,-1,9,2,E01027792,0
Unvalidated,2024122400634,2024,122400634,1,9,0,16,6,1,0,0,0,0,1,0,3,1,6,1,72,10,-1,-1,-1,-1,3,1,E01012658,0
Unvalidated,2024122400634,2024,122400634,2,9,0,17,6,1,0,0,0,0,0,0,3,1,6,1,36,7,-1,-1,-1,-1,3,1,E01010810,0
Unvalidated,2024122400635,2024,122400635,1,9,0,18,7,3,0,1,0,0,1,0,1,1,6,1,81,11,-1,-1,-1,-1,10,2,E01026413,0
Unvalidated,2024122400635,2024,122400635,2,9,0,18,7,3,0,1,0,0,7,2,3,1,6,1,30,6,-1,-1,-1,-1,6,2,E01027884,0
Unvalidated,2024122400636,2024,122400636,1,3,0,18,1,5,0,0,0,0,7,0,1,1,6,1,57,9,-1,-1,-1,-1,8,1,E01011406,0
Unvalidated,2024122400637,2024,122400637,1,4,0,9,3,1,0,5,1,0,0,0,0,1,1,1,51,8,-1,-1,-1,-1,9,1,E01011160,0
Unvalidated,2024122400638,2024,122400638,1,9,0,4,5,1,0,1,0,0,0,0,1,1,6,1,53,8,-1,-1,-1,-1,8,1,E01012975,0
Unvalidated,2024122400638,2024,122400638,2,9,0,3,5,1,0,1,0,0,0,0,2,1,6,1,42,7,-1,-1,-1,-1,7,1,E01033108,0
Unvalidated,2024122400639,2024,122400639,1,97,0,18,3,7,0,0,0,0,0,0,1,1,6,1,73,10,-1,-1,-1,-1,8,3,E01027568,0
Unvalidated,2024122400639,2024,122400639,2,9,0,18,7,3,0,0,0,0,0,0,3,1,6,1,80,11,-1,-1,-1,-1,8,2,E01027563,0
Unvalidated,2024122400640,2024,122400640,1,19,0,9,1,7,0,1,0,0,0,0,1,1,1,1,22,5,-1,-1,-1,-1,9,2,E01013351,0
Unvalidated,2024122400640,2024,122400640,2,4,0,18,3,7,0,8,0,0,0,0,3,1,6,1,24,5,-1,-1,-1,-1,9,1,E01011847,0
Unvalidated,2024122400641,2024,122400641,1,9,0,18,4,7,0,0,0,0,1,0,1,1,6,2,45,7,-1,-1,-1,-1,8,1,E01012316,0
Unvalidated,2024122400641,2024,122400641,2,9,0,18,7,4,0,0,0,0,0,0,1,1,6,1,42,7,-1,-1,-1,-1,5,3,E01027613,0
Unvalidated,2024122400642,2024,122400642,1,9,0,9,8,6,0,8,1,0,7,0,3,1,6,2,31,6,-1,-1,-1,-1,7,3,E01027667,0
Unvalidated,2024122400642,2024,122400642,2,5,0,18,8,4,0,8,1,0,7,0,4,1,6,1,71,10,-1,-1,-1,-1,7,2,W01001118,0
Unvalidated,2024122400644,2024,122400644,1,9,0,5,8,4,0,4,0,0,0,0,3,1,2,1,34,6,-1,-1,-1,-1,2,1,E01011758,0
Unvalidated,2024122400644,2024,122400644,2,1,0,18,7,3,0,8,0,0,0,0,1,1,2,1,34,6,-1,-1,-1,-1,-1,-1,-1,0
Unvalidated,2024122400645,2024,122400645,1,9,0,13,7,3,0,1,0,0,7,0,1,1,2,3,46,8,-1,-1,-1,-1,8,1,E01027867,0
Unvalidated,2024122400645,2024,122400645,2,9,0,9,1,7,0,6,0,0,7,0,1,1,6,2,47,8,-1,-1,-1,-1,9,2,E01027792,0
Unvalidated,2024122400646,2024,122400646,1,5,0,17,1,5,0,0,0,0,1,9,1,1,6,1,59,9,-1,-1,-1,-1,6,1,E01010643,0
Unvalidated,2024122400648,2024,122400648,1,5,0,16,8,3,0,0,0,0,7,11,1,1,6,1,28,6,-1,-1,-1,-1,6,1,E01011728,0
Unvalidated,2024122400649,2024,122400649,1,9,0,16,3,6,0,8,0,0,0,0,1,1,6,2,83,11,-1,-1,-1,-1,4,1,E01012938,0
Unvalidated,2024122400649,2024,122400649,2,9,0,17,6,3,0,8,0,0,0,0,1,1,6,2,82,11,-1,-1,-1,-1,1,1,E01027817,0
Unvalidated,2024122400650,2024,122400650,1,5,0,13,7,3,0,1,1,0,7,0,1,1,6,1,51,8,-1,-1,-1,-1,1,1,E01012091,0
Unvalidated,2024122400650,2024,122400650,2,9,0,9,1,5,0,8,1,0,7,0,3,1,6,1,74,10,-1,-1,-1,-1,6,1,E01012941,0
Unvalidated,2024122400651,2024,122400651,1,9,0,1,7,3,0,0,0,0,0,0,2,1,6,2,71,10,-1,-1,-1,-1,4,1,E01013382,0
Unvalidated,2024122400651,2024,122400651,2,9,0,3,3,7,0,0,0,0,0,0,1,1,6,1,75,10,-1,-1,-1,-1,9,1,E01013370,0
Unvalidated,2024122400652,2024,122400652,1,9,0,7,7,1,0,5,0,0,0,0,1,1,6,1,64,9,-1,-1,-1,-1,9,1,E01027575,0
Unvalidated,2024122400654,2024,122400654,1,9,0,16,1,4,0,0,0,0,0,0,1,1,6,1,56,9,-1,-1,-1,-1,-1,-1,-1,0
Unvalidated,2024122400654,2024,122400654,2,9,0,17,4,1,0,0,0,0,0,0,1,1,2,2,41,7,-1,-1,-1,-1,2,1,E01027580,0
Unvalidated,2024122400655,2024,122400655,1,9,0,18,3,7,0,0,0,0,7,0,1,1,6,1,32,6,-1,-1,-1,-1,10,1,E01032549,0
Unvalidated,2024122400655,2024,122400655,2,11,0,18,7,3,0,0,0,0,0,0,1,1,1,1,56,9,-1,-1,-1,-1,6,2,E01027884,0
Unvalidated,2024122400656,2024,122400656,1,19,0,18,1,5,0,0,0,0,0,0,3,1,1,1,27,6,-1,-1,-1,-1,-1,-1,-1,0
Unvalidated,2024122400656,2024,122400656,2,19,0,18,5,1,0,0,0,0,0,0,3,1,6,2,37,7,-1,-1,-1,-1,9,3,E01027665,0
Unvalidated,2024122400657,2024,122400657,1,9,0,7,5,7,0,5,0,0,0,0,1,1,6,2,39,7,-1,-1,-1,-1,8,3,E01027593,0
Unvalidated,2024122400657,2024,122400657,2,9,0,4,8,4,0,1,0,0,0,0,1,1,2,1,57,9,-1,-1,-1,-1,8,3,E01027593,0
Unvalidated,2024122400658,2024,122400658,1,9,0,9,5,1,0,8,0,0,0,0,0,1,6,1,19,4,-1,-1,-1,-1,10,1,E01013371,0
Unvalidated,2024122400658,2024,122400658,2,5,0,18,7,3,0,8,1,0,0,0,0,1,6,1,42,7,-1,-1,-1,-1,6,1,E01027790,0
Unvalidated,2024122400659,2024,122400659,1,9,0,18,1,5,0,8,0,0,0,0,4,1,6,2,62,9,-1,-1,-1,-1,3,1,E01013335,0
Unvalidated,2024122400659,2024,122400659,2,1,0,18,3,7,0,8,0,0,0,0,1,1,6,1,34,6,-1,-1,-1,-1,2,1,E01013448,0
Unvalidated,2024122400660,2024,122400660,1,9,0,9,5,2,0,8,0,0,0,0,1,1,6,2,43,7,-1,-1,-1,-1,9,1,E01013365,0
Unvalidated,2024122400660,2024,122400660,2,9,0,18,2,7,0,8,0,0,0,0,4,1,6,1,43,7,-1,-1,-1,-1,3,1,E01013447,0