status,collision_index,collision_year,collision_reference,vehicle_reference,vehicle_type,towing_and_articulation,vehicle_manoeuvre,vehicle_direction_from,vehicle_direction_to,vehicle_location_restricted_lane,junction_location,skidding_and_overturning,hit_object_in_carriageway,vehicle_leaving_carriageway,hit_object_off_carriageway,first_point_of_impact,vehicle_left_hand_drive,journey_purpose_of_driver,sex_of_driver,age_of_driver,age_band_of_driver,engine_capacity_cc,propulsion_code,age_of_vehicle,generic_make_model,driver_imd_decile,driver_home_area_type,lsoa_of_driver,escooter_flag
Unvalidated,2024122400661,2024,122400661,1,9,0,7,2,4,0,3,0,0,0,0,4,1,6,1,50,8,-1,-1,-1,-1,8,1,E01013417,0
Unvalidated,2024122400661,2024,122400661,2,1,0,18,2,6,0,8,0,0,0,0,1,1,6,1,13,3,-1,-1,-1,-1,7,1,E01013419,0
Unvalidated,2024122400662,2024,122400662,1,5,0,18,2,6,0,0,1,0,0,0,3,1,6,1,32,6,-1,-1,-1,-1,4,1,E01007353,0
Unvalidated,2024122400663,2024,122400663,1,19,0,12,2,6,0,3,0,0,0,0,4,1,6,1,36,7,-1,-1,-1,-1,1,1,E01033672,0
Unvalidated,2024122400663,2024,122400663,2,5,0,18,4,8,0,3,0,0,0,0,3,1,6,1,72,10,-1,-1,-1,-1,7,1,E01012324,0
Unvalidated,2024122400664,2024,122400664,1,9,0,18,7,3,0,0,0,0,0,0,3,1,6,1,55,8,-1,-1,-1,-1,6,3,E01027742,0
Unvalidated,2024122400664,2024,122400664,2,11,0,18,3,7,0,0,0,0,0,0,1,1,1,1,65,9,-1,-1,-1,-1,8,2,E01027589,0
Unvalidated,2024122400665,2024,122400665,1,9,0,18,4,8,0,1,0,0,0,0,1,1,2,1,44,7,-1,-1,-1,-1,5,3,E01027776,0
Unvalidated,2024122400665,2024,122400665,2,9,0,3,4,8,0,2,0,0,0,0,2,1,1,1,45,7,-1,-1,-1,-1,5,2,E01027795,0
Unvalidated,2024122400666,2024,122400666,1,9,0,15,5,1,0,0,0,0,0,0,2,1,2,2,21,5,-1,-1,-1,-1,2,1,E01007806,0
Unvalidated,2024122400666,2024,122400666,2,21,1,18,5,1,0,0,0,0,0,0,1,1,1,1,34,6,-1,-1,-1,-1,2,1,E01011809,0
Unvalidated,2024122400667,2024,122400667,1,4,0,18,3,7,0,0,1,0,0,0,1,1,6,2,17,4,-1,-1,-1,-1,5,3,E01027773,0
Unvalidated,2024122400667,2024,122400667,2,9,0,3,3,7,0,0,0,0,0,0,2,1,6,1,35,6,-1,-1,-1,-1,5,2,E01027769,0
Unvalidated,2024122400668,2024,122400668,1,3,0,18,1,3,0,1,0,0,0,0,0,1,6,1,54,8,-1,-1,-1,-1,7,3,E01027782,0
Unvalidated,2024122400669,2024,122400669,1,11,0,4,4,7,0,0,0,0,0,0,0,1,1,1,55,8,-1,-1,-1,-1,7,3,E01033065,0
Unvalidated,2024122400672,2024,122400672,1,9,0,4,5,1,0,0,1,0,0,0,1,1,2,2,19,4,-1,-1,-1,-1,10,1,E01027719,0
Unvalidated,2024122400672,2024,122400672,2,9,0,4,5,1,0,0,0,0,0,0,1,1,2,2,40,7,-1,-1,-1,-1,6,1,E01027720,0
Unvalidated,2024122400672,2024,122400672,3,9,0,4,1,5,0,0,0,0,0,0,1,1,2,2,49,8,-1,-1,-1,-1,8,3,E01027682,0
Unvalidated,2024122400674,2024,122400674,1,5,0,3,1,5,0,0,0,0,0,0,2,1,6,1,56,9,-1,-1,-1,-1,6,3,E01012922,0
Unvalidated,2024122400674,2024,122400674,2,9,0,1,1,5,0,0,0,0,0,0,1,1,6,3,70,10,-1,-1,-1,-1,6,3,E01027800,0
Unvalidated,2024122400677,2024,122400677,1,5,0,16,1,5,0,0,1,0,0,0,1,1,6,1,34,6,-1,-1,-1,-1,6,1,E01012242,0
Unvalidated,2024122400680,2024,122400680,1,9,0,9,1,3,0,6,0,0,0,0,2,1,6,2,44,7,-1,-1,-1,-1,9,2,E01027794,0
Unvalidated,2024122400680,2024,122400680,2,97,0,18,5,3,0,1,0,0,0,0,2,1,2,1,17,4,-1,-1,-1,-1,9,2,E01027794,0
Unvalidated,2024122400681,2024,122400681,1,19,0,9,1,5,0,6,0,0,0,0,1,1,2,1,37,7,-1,-1,-1,-1,4,1,E01027910,0
Unvalidated,2024122400681,2024,122400681,2,4,0,16,5,1,0,8,0,0,7,0,1,1,6,1,20,4,-1,-1,-1,-1,6,2,E01027915,0
Unvalidated,2024122400683,2024,122400683,1,1,0,18,2,6,5,0,0,0,0,0,0,1,6,1,44,7,-1,-1,-1,-1,7,1,E01013364,0
Unvalidated,2024122400685,2024,122400685,1,9,0,18,3,7,0,0,0,0,7,0,1,1,6,2,75,10,-1,-1,-1,-1,7,1,E01015719,0
Unvalidated,2024122400685,2024,122400685,2,9,0,18,7,3,0,0,0,0,0,0,3,1,6,1,26,6,-1,-1,-1,-1,3,1,E01013164,0
Unvalidated,2024122400685,2024,122400685,3,9,0,18,7,3,0,0,0,0,7,0,1,1,6,2,47,8,-1,-1,-1,-1,8,3,E01013058,0
Unvalidated,2024122400685,2024,122400685,4,9,0,18,3,7,0,0,0,0,0,0,1,1,6,2,23,5,-1,-1,-1,-1,1,1,E01011283,0
Unvalidated,2024122400686,2024,122400686,1,9,0,18,8,4,0,0,0,0,1,10,1,1,6,1,35,6,-1,-1,-1,-1,9,1,E01011583,0
Unvalidated,2024122400687,2024,122400687,1,9,0,18,3,7,0,1,0,0,0,0,1,1,6,2,22,5,-1,-1,-1,-1,9,1,E01027583,0
Unvalidated,2024122400688,2024,122400688,1,9,0,16,7,3,0,0,0,0,0,0,1,1,6,1,21,5,-1,-1,-1,-1,6,3,E01027760,0
Unvalidated,2024122400689,2024,122400689,1,9,0,18,5,1,0,0,1,0,8,11,1,1,6,1,75,10,-1,-1,-1,-1,9,1,E01017432,0
Unvalidated,2024122400690,2024,122400690,1,9,0,17,8,5,0,0,2,0,1,11,1,1,6,2,20,4,-1,-1,-1,-1,8,3,E01027682,0
Unvalidated,2024122400691,2024,122400691,1,9,0,13,5,1,0,0,0,0,0,0,3,1,2,2,42,7,-1,-1,-1,-1,6,1,E01012331,0
Unvalidated,2024122400691,2024,122400691,2,9,0,18,1,5,0,0,0,0,0,0,3,1,6,2,57,9,-1,-1,-1,-1,8,2,E01027631,0
Unvalidated,2024122400692,2024,122400692,1,5,0,18,7,3,0,0,0,0,1,0,1,1,6,1,65,9,-1,-1,-1,-1,10,2,E01027914,0
Unvalidated,2024122400692,2024,122400692,2,9,0,15,3,7,0,0,0,0,1,9,1,1,6,1,20,4,-1,-1,-1,-1,10,2,E01027914,0
Unvalidated,2024122400692,2024,122400692,3,4,0,18,3,7,0,0,0,1,1,0,3,1,6,1,32,6,-1,-1,-1,-1,7,1,E01010726,0
Unvalidated,2024122400702,2024,122400702,1,4,0,16,5,8,0,0,0,0,0,0,1,1,6,1,51,8,-1,-1,-1,-1,9,1,E01027575,0
Unvalidated,2024122400702,2024,122400702,2,9,0,17,8,5,0,0,0,0,0,0,1,1,6,1,34,6,-1,-1,-1,-1,6,2,E01031514,0
Unvalidated,2024122400703,2024,122400703,1,9,0,18,7,3,0,0,0,0,0,0,1,1,2,1,22,5,-1,-1,-1,-1,8,1,E01027859,0
Unvalidated,2024122400703,2024,122400703,2,19,0,5,7,3,0,0,0,0,0,0,2,1,2,1,53,8,-1,-1,-1,-1,4,3,E01027835,0
Unvalidated,2024122400704,2024,122400704,1,9,0,17,3,7,0,0,0,0,1,9,4,1,1,2,23,5,-1,-1,-1,-1,10,2,E01013352,0
Unvalidated,2024122400706,2024,122400706,1,9,0,5,1,5,0,0,0,0,0,0,3,1,6,3,-1,-1,-1,-1,-1,-1,-1,-1,-1,0
Unvalidated,2024122400708,2024,122400708,1,9,0,7,1,3,0,5,0,0,0,0,1,1,6,1,22,5,-1,-1,-1,-1,9,3,E01027619,0
Unvalidated,2024122400708,2024,122400708,2,9,0,8,3,5,0,1,0,0,0,0,3,1,1,1,39,7,-1,-1,-1,-1,9,1,E01012231,0
Unvalidated,2024122400710,2024,122400710,1,9,0,17,1,6,0,0,0,0,0,0,1,1,6,2,37,7,-1,-1,-1,-1,9,3,E01027687,0
Unvalidated,2024122400710,2024,122400710,2,9,0,16,6,1,0,0,0,0,1,0,1,1,6,1,61,9,-1,-1,-1,-1,7,3,E01027603,0
Unvalidated,2024122400711,2024,122400711,1,9,0,7,1,3,0,3,0,0,0,0,4,1,6,2,20,4,-1,-1,-1,-1,10,1,E01028292,0
Unvalidated,2024122400711,2024,122400711,2,1,0,18,1,5,4,8,0,0,0,0,3,1,6,2,52,8,-1,-1,-1,-1,3,1,E01013350,0
Unvalidated,2024122400713,2024,122400713,1,9,0,16,7,3,0,0,0,0,0,0,1,1,6,1,35,6,-1,-1,-1,-1,10,2,E01027768,0
Unvalidated,2024122400713,2024,122400713,2,19,0,18,3,7,0,0,0,0,0,0,1,1,2,1,38,7,-1,-1,-1,-1,1,1,E01012258,0
Unvalidated,2024122400713,2024,122400713,3,9,0,3,7,3,0,0,0,0,1,0,2,1,6,2,19,4,-1,-1,-1,-1,6,3,E01027604,0
Unvalidated,2024122400714,2024,122400714,1,9,0,17,8,4,0,0,0,0,1,10,4,1,2,1,56,9,-1,-1,-1,-1,2,2,E01012136,0
Unvalidated,2024122400715,2024,122400715,1,9,0,15,5,1,0,0,0,0,0,0,4,1,6,2,79,11,-1,-1,-1,-1,3,1,E01027862,0
Unvalidated,2024122400715,2024,122400715,2,98,0,2,0,0,0,0,0,0,0,0,3,1,1,3,-1,-1,-1,-1,-1,-1,-1,-1,-1,0
Unvalidated,2024122400716,2024,122400716,1,4,0,15,5,1,0,0,0,0,0,0,4,1,6,1,53,8,-1,-1,-1,-1,-1,-1,-1,0
Unvalidated,2024122400717,2024,122400717,1,4,0,18,8,4,0,0,0,0,7,11,1,1,6,1,62,9,-1,-1,-1,-1,2,1,E01012711,0
Unvalidated,2024122400717,2024,122400717,2,9,0,18,4,8,0,0,0,0,0,0,3,1,6,1,55,8,-1,-1,-1,-1,9,1,E01010706,0
Unvalidated,2024122400718,2024,122400718,1,9,0,18,5,1,0,8,1,0,0,0,1,1,6,1,47,8,-1,-1,-1,-1,9,2,E01013025,0
Unvalidated,2024122400718,2024,122400718,2,9,0,18,5,1,0,8,0,0,0,0,2,1,6,2,24,5,-1,-1,-1,-1,9,3,E01027899,0
Unvalidated,2024122400719,2024,122400719,1,9,0,18,5,1,0,1,0,0,0,0,1,1,6,2,31,6,-1,-1,-1,-1,8,3,E01019375,0
Unvalidated,2024122400719,2024,122400719,2,9,0,5,4,8,0,8,0,0,3,10,4,1,6,1,84,11,-1,-1,-1,-1,6,2,E01027559,0
Unvalidated,2024122400720,2024,122400720,1,19,0,18,3,7,0,4,0,0,0,0,1,1,6,1,24,5,-1,-1,-1,-1,1,1,E01025181,0
Unvalidated,2024122400720,2024,122400720,2,9,0,9,3,7,0,4,0,0,0,0,3,1,6,1,27,6,-1,-1,-1,-1,1,1,E01033231,0
Unvalidated,2024122400725,2024,122400725,1,3,0,16,8,4,0,0,1,0,0,0,4,1,6,2,43,7,-1,-1,-1,-1,2,1,E01015680,0
Unvalidated,2024122400726,2024,122400726,1,9,0,7,5,7,0,4,0,0,0,0,3,1,6,2,61,9,-1,-1,-1,-1,2,1,E01027872,0
Unvalidated,2024122400726,2024,122400726,2,9,0,18,3,7,0,8,0,0,0,0,1,1,6,1,25,5,-1,-1,-1,-1,1,1,E01027874,0
Unvalidated,2024122400727,2024,122400727,1,5,0,15,3,7,0,0,0,0,0,0,1,1,6,3,59,9,-1,-1,-1,-1,9,1,E01011685,0
Unvalidated,2024122400727,2024,122400727,2,5,0,18,3,7,0,0,0,0,0,0,0,1,6,1,25,5,-1,-1,-1,-1,6,1,E01010765,0
Unvalidated,2024122400727,2024,122400727,3,9,0,18,3,7,0,0,0,0,0,0,2,1,6,3,42,7,-1,-1,-1,-1,8,3,E01027568,0
Unvalidated,2024122400727,2024,122400727,4,9,0,18,7,3,0,0,0,0,0,0,1,1,6,2,32,6,-1,-1,-1,-1,9,1,E01013362,0
Unvalidated,2024122400732,2024,122400732,1,9,0,18,4,1,0,0,0,0,0,0,1,1,1,1,25,5,-1,-1,-1,-1,7,2,E01010641,0
Unvalidated,2024122400733,2024,122400733,1,9,0,5,3,7,0,0,0,0,0,0,3,1,6,2,61,9,-1,-1,-1,-1,10,1,E01027576,0
Unvalidated,2024122400734,2024,122400734,1,19,0,18,2,6,0,2,0,0,0,0,1,1,1,1,42,7,-1,-1,-1,-1,2,1,E01027812,0
Unvalidated,2024122400735,2024,122400735,1,9,0,18,7,3,0,8,0,0,0,0,4,9,6,3,-1,-1,-1,-1,-1,-1,-1,-1,-1,0
Unvalidated,2024122400736,2024,122400736,1,9,0,16,3,6,0,0,5,0,7,10,1,1,6,1,42,7,-1,-1,-1,-1,7,1,E01027692,0
Unvalidated,2024122400738,2024,122400738,1,9,0,4,6,2,0,0,0,0,0,0,1,1,2,2,58,9,-1,-1,-1,-1,6,2,E01027570,0
Unvalidated,2024122400738,2024,122400738,2,9,0,16,2,6,0,0,0,0,0,0,1,1,2,1,19,4,-1,-1,-1,-1,6,2,E01027559,0
Unvalidated,2024122400740,2024,122400740,1,9,0,18,7,3,0,0,0,0,0,0,4,1,6,2,74,10,-1,-1,-1,-1,6,3,E01027823,0
Unvalidated,2024122400740,2024,122400740,2,9,0,2,0,0,0,0,0,0,0,0,4,1,6,2,34,6,-1,-1,-1,-1,4,1,E01027866,0
Unvalidated,2024122400741,2024,122400741,1,9,0,9,6,3,0,6,0,0,0,0,1,1,6,2,32,6,-1,-1,-1,-1,-1,-1,-1,0
Unvalidated,2024122400741,2024,122400741,2,9,0,9,3,6,0,5,0,0,0,0,3,1,6,2,53,8,-1,-1,-1,-1,6,1,E01013383,0
Unvalidated,2024122400742,2024,122400742,1,98,1,13,3,8,0,1,0,0,0,0,1,1,1,1,37,7,-1,-1,-1,-1,-1,-1,-1,0
Unvalidated,2024122400742,2024,122400742,2,9,0,9,3,8,0,1,0,0,0,0,2,1,2,1,55,8,-1,-1,-1,-1,6,3,E01027628,0
Unvalidated,2024122400743,2024,122400743,1,9,0,18,3,7,0,1,0,0,0,0,1,1,6,2,73,10,-1,-1,-1,-1,9,2,E01013341,0
Unvalidated,2024122400743,2024,122400743,2,9,0,18,7,3,0,1,0,0,1,9,3,1,6,1,62,9,-1,-1,-1,-1,10,1,E01013361,0
Unvalidated,2024122400745,2024,122400745,1,9,0,18,3,7,0,0,0,0,1,11,1,1,6,1,50,8,-1,-1,-1,-1,9,3,E01031147,0
Unvalidated,2024122400748,2024,122400748,1,11,0,4,3,7,0,0,0,0,0,0,0,1,1,1,28,6,-1,-1,-1,-1,2,1,E01027825,0
Unvalidated,2024122400749,2024,122400749,1,9,0,18,5,1,0,1,0,0,0,0,4,1,1,2,37,7,-1,-1,-1,-1,3,1,E01025976,0
Unvalidated,2024122400749,2024,122400749,2,9,0,18,3,7,0,1,0,0,0,0,1,1,6,1,43,7,-1,-1,-1,-1,8,2,E01027900,0
Unvalidated,2024122400750,2024,122400750,1,9,0,18,3,7,0,0,0,0,1,9,1,1,6,2,25,5,-1,-1,-1,-1,7,2,E01027572,0
Unvalidated,2024122400751,2024,122400751,1,9,0,6,4,4,0,6,0,0,7,9,3,1,6,2,61,9,-1,-1,-1,-1,8,1,E01007686,0
Unvalidated,2024122400751,2024,122400751,2,9,0,18,4,8,0,8,1,0,0,0,1,1,6,1,63,9,-1,-1,-1,-1,5,3,E01027857,0
Unvalidated,2024122400752,2024,122400752,1,19,0,17,4,2,0,0,0,0,1,4,1,1,6,1,23,5,-1,-1,-1,-1,-1,-1,-1,0
Unvalidated,2024122400755,2024,122400755,1,19,0,18,5,1,0,0,0,11,2,7,1,1,2,1,47,8,-1,-1,-1,-1,-1,1,-1,0
Unvalidated,2024122400757,2024,122400757,1,9,0,9,4,2,0,6,0,0,0,0,1,1,1,1,22,5,-1,-1,-1,-1,9,1,E01032876,0
Unvalidated,2024122400757,2024,122400757,2,9,0,18,6,2,0,8,1,0,1,0,1,1,6,2,75,10,-1,-1,-1,-1,10,1,E01011699,0
Unvalidated,2024122400759,2024,122400759,1,9,0,4,6,2,0,0,0,0,0,0,1,1,6,2,45,7,-1,-1,-1,-1,8,1,E01027661,0
Unvalidated,2024122400759,2024,122400759,2,9,0,4,6,2,0,0,0,0,0,0,2,1,6,1,61,9,-1,-1,-1,-1,4,1,E01012947,0
Unvalidated,2024122400761,2024,122400761,1,9,0,18,1,5,0,0,0,0,0,0,1,1,6,2,67,10,-1,-1,-1,-1,9,1,E01011698,0
Unvalidated,2024122400761,2024,122400761,2,9,0,3,1,5,0,0,0,0,0,0,2,1,6,2,21,5,-1,-1,-1,-1,9,1,E01011698,0
Unvalidated,2024122400763,2024,122400763,1,19,0,16,5,1,0,0,0,0,0,0,1,1,6,1,25,5,-1,-1,-1,-1,7,3,E01027617,0
Unvalidated,2024122400763,2024,122400763,2,9,0,17,5,1,0,0,0,0,1,11,1,1,6,1,45,7,-1,-1,-1,-1,5,3,E01027613,0
Unvalidated,2024122400767,2024,122400767,1,9,0,4,5,1,0,1,0,0,0,0,1,1,6,1,45,7,-1,-1,-1,-1,9,2,E01027876,0
Unvalidated,2024122400767,2024,122400767,2,9,0,3,5,1,0,1,0,0,0,0,2,1,6,1,35,6,-1,-1,-1,-1,7,3,E01027924,0
Unvalidated,2024122400768,2024,122400768,1,9,0,4,4,8,0,0,0,0,0,0,2,1,6,1,42,7,-1,-1,-1,-1,8,1,E01013403,0
Unvalidated,2024122400768,2024,122400768,2,1,0,18,4,8,0,0,0,0,0,0,1,1,6,1,34,6,-1,-1,-1,-1,10,1,E01013379,0
Unvalidated,2024122400770,2024,122400770,1,9,0,2,0,0,0,1,0,0,0,0,2,1,6,2,48,8,-1,-1,-1,-1,8,2,E01033185,0
Unvalidated,2024122400770,2024,122400770,2,9,0,18,7,3,0,1,0,0,0,0,1,1,6,2,54,8,-1,-1,-1,-1,8,2,E01027750,0
Unvalidated,2024122400771,2024,122400771,1,9,0,18,6,2,0,4,0,0,0,0,1,1,6,2,48,8,-1,-1,-1,-1,10,1,E01011377,0
Unvalidated,2024122400771,2024,122400771,2,9,0,18,6,2,0,4,0,0,0,0,2,1,6,2,24,5,-1,-1,-1,-1,9,3,E01011713,0
Unvalidated,2024122400772,2024,122400772,1,9,0,5,7,3,0,0,2,0,0,0,4,1,2,2,45,7,-1,-1,-1,-1,9,1,E01013422,0
Unvalidated,2024122400772,2024,122400772,2,9,0,2,0,0,0,0,0,0,0,0,3,1,6,1,32,6,-1,-1,-1,-1,6,1,E01013363,0
Unvalidated,2024122400772,2024,122400772,3,9,0,2,0,0,0,0,0,0,0,0,3,1,6,1,44,7,-1,-1,-1,-1,6,1,E01013412,0
Unvalidated,2024122400772,2024,122400772,4,9,0,2,0,0,0,0,0,0,0,0,2,1,6,1,21,5,-1,-1,-1,-1,7,1,E01013346,0
Unvalidated,2024122400775,2024,122400775,1,9,0,11,5,1,0,0,0,0,0,0,1,1,2,1,19,4,-1,-1,-1,-1,-1,-1,-1,0
Unvalidated,2024122400775,2024,122400775,2,21,0,18,5,1,0,0,0,0,0,0,2,1,1,1,51,8,-1,-1,-1,-1,-1,-1,-1,0
Unvalidated,2024122400777,2024,122400777,1,9,0,8,1,3,0,1,0,0,0,0,1,1,6,1,27,6,-1,-1,-1,-1,5,2,E01027793,0
Unvalidated,2024122400777,2024,122400777,2,9,0,18,8,3,0,1,0,0,0,0,4,1,6,1,30,6,-1,-1,-1,-1,5,3,E01027775,0
Unvalidated,2024122400778,2024,122400778,1,9,0,18,2,6,0,1,0,0,1,1,3,1,6,1,49,8,-1,-1,-1,-1,1,1,E01013851,0
Unvalidated,2024122400778,2024,122400778,2,9,0,18,8,4,0,8,1,0,7,0,1,1,6,2,44,7,-1,-1,-1,-1,4,3,E01027803,0
Unvalidated,2024122400779,2024,122400779,1,2,0,18,7,3,0,6,0,11,0,0,1,1,4,1,16,4,-1,-1,-1,-1,6,3,E01027800,0
Unvalidated,2024122400779,2024,122400779,2,21,0,18,5,1,0,8,0,0,0,0,4,1,1,1,53,8,-1,-1,-1,-1,2,1,E01027852,0
Unvalidated,2024122400780,2024,122400780,1,9,0,5,8,6,0,1,0,0,0,0,4,1,1,2,51,8,-1,-1,-1,-1,2,1,E01033067,0
Unvalidated,2024122400782,2024,122400782,1,19,0,11,4,8,0,1,0,0,0,0,1,1,1,1,22,5,-1,-1,-1,-1,6,1,E01010765,0
Unvalidated,2024122400782,2024,122400782,2,11,0,18,4,8,2,1,0,0,0,0,3,1,1,1,36,7,-1,-1,-1,-1,2,1,E01027812,0
Unvalidated,2024122400784,2024,122400784,1,9,0,9,7,6,0,8,0,0,0,0,4,1,6,1,85,11,-1,-1,-1,-1,8,1,E01027566,0
Unvalidated,2024122400784,2024,122400784,2,5,0,18,3,7,0,1,0,0,0,0,1,1,6,1,60,9,-1,-1,-1,-1,8,2,E01012163,0
Unvalidated,2024122400786,2024,122400786,1,9,0,18,5,8,0,0,1,0,0,0,1,1,6,1,27,6,-1,-1,-1,-1,1,1,E01010666,0
Unvalidated,2024122400786,2024,122400786,2,9,0,18,8,5,0,0,0,0,0,0,1,1,6,2,21,5,-1,-1,-1,-1,10,1,E01027576,0
Unvalidated,2024122400788,2024,122400788,1,3,0,18,2,6,0,0,0,0,0,0,1,1,6,1,17,4,-1,-1,-1,-1,6,1,E01013441,0
Unvalidated,2024122400788,2024,122400788,2,9,0,4,2,6,0,0,0,0,0,0,2,1,6,1,27,6,-1,-1,-1,-1,1,1,E01011354,0
Unvalidated,2024122400789,2024,122400789,1,5,0,16,1,5,0,1,1,10,7,1,4,1,6,1,30,6,-1,-1,-1,-1,-1,-1,-1,0
Unvalidated,2024122400790,2024,122400790,1,19,0,1,8,1,0,1,0,0,0,0,2,1,6,1,27,6,-1,-1,-1,-1,9,1,E01027583,0
Unvalidated,2024122400793,2024,122400793,1,19,0,5,3,1,0,1,0,0,0,0,1,1,1,2,47,8,-1,-1,-1,-1,1,1,E01027804,0
Unvalidated,2024122400793,2024,122400793,2,23,0,18,5,1,0,1,0,0,0,0,1,1,6,1,31,6,-1,-1,-1,-1,2,1,E01027872,0
Unvalidated,2024122400795,2024,122400795,1,9,0,5,3,7,0,4,0,0,0,0,1,1,6,3,-1,-1,-1,-1,-1,-1,-1,-1,-1,0
Unvalidated,2024122400795,2024,122400795,2,1,0,18,1,5,0,8,0,0,0,0,4,1,6,1,49,8,-1,-1,-1,-1,6,3,E01027774,0
Unvalidated,2024122400797,2024,122400797,1,9,0,2,0,0,0,0,0,0,0,0,0,1,1,2,26,6,-1,-1,-1,-1,9,1,E01013429,0
Unvalidated,2024122400797,2024,122400797,2,1,0,18,7,3,0,0,0,8,0,0,1,1,2,1,42,7,-1,-1,-1,-1,3,1,E01013444,0
Unvalidated,2024122400809,2024,122400809,1,19,0,13,5,1,0,0,0,0,0,0,3,1,1,1,47,8,-1,-1,-1,-1,8,1,E01013344,0
Unvalidated,2024122400809,2024,122400809,2,1,0,5,5,1,0,0,0,0,0,0,2,1,6,1,24,5,-1,-1,-1,-1,8,1,E01013368,0
Unvalidated,2024122400820,2024,122400820,1,9,0,5,3,1,0,1,0,10,1,2,1,1,6,1,28,6,-1,-1,-1,-1,1,1,E01027819,0
Unvalidated,2024122400820,2024,122400820,2,9,0,7,5,7,0,5,0,0,0,0,1,1,6,2,38,7,-1,-1,-1,-1,5,1,E01027818,0
Unvalidated,2024122400821,2024,122400821,1,9,0,18,3,5,0,0,0,0,0,0,1,1,1,2,38,7,-1,-1,-1,-1,8,3,E01027896,0
Unvalidated,2024122400821,2024,122400821,2,9,0,18,3,5,0,0,0,0,1,4,2,1,6,2,30,6,-1,-1,-1,-1,3,1,E01013385,0
Unvalidated,2024122400822,2024,122400822,1,9,0,4,7,3,0,0,0,0,0,0,2,1,6,2,40,7,-1,-1,-1,-1,3,1,E01008706,0
Unvalidated,2024122400822,2024,122400822,2,9,0,18,7,3,0,0,0,0,0,0,1,1,6,1,20,4,-1,-1,-1,-1,3,1,E01008769,0
Unvalidated,2024122400825,2024,122400825,1,9,0,7,3,5,0,6,0,0,0,0,1,1,2,1,36,7,-1,-1,-1,-1,7,2,E01013018,0
Unvalidated,2024122400825,2024,122400825,2,1,0,18,1,5,0,2,0,0,0,0,4,1,2,2,62,9,-1,-1,-1,-1,8,1,E01013403,0
Unvalidated,2024122400832,2024,122400832,1,19,0,9,5,3,0,6,0,0,0,0,4,1,6,1,53,8,-1,-1,-1,-1,9,1,E01013365,0
Unvalidated,2024122400832,2024,122400832,2,9,3,18,3,7,0,1,0,0,0,0,1,1,6,1,57,9,-1,-1,-1,-1,3,3,E01011298,0
Unvalidated,2024122400833,2024,122400833,1,9,0,18,5,1,0,0,2,0,8,10,1,1,6,1,17,4,-1,-1,-1,-1,1,1,E01027817,0
Unvalidated,2024122400834,2024,122400834,1,4,0,17,3,7,0,0,0,10,1,10,1,1,6,1,46,8,-1,-1,-1,-1,-1,-1,-1,0
Unvalidated,2024122400835,2024,122400835,1,9,0,16,4,7,0,0,1,0,0,0,4,1,6,1,19,4,-1,-1,-1,-1,7,3,E01027571,0
Unvalidated,2024122400835,2024,122400835,2,9,0,18,7,4,0,0,0,0,1,0,1,1,6,2,26,6,-1,-1,-1,-1,6,3,E01027569,0
Unvalidated,2024122400839,2024,122400839,1,9,0,18,5,1,0,0,0,0,0,0,1,1,6,2,24,5,-1,-1,-1,-1,6,3,E01013072,0
Unvalidated,2024122400839,2024,122400839,2,9,0,18,5,1,0,0,0,0,0,0,2,1,6,2,33,6,-1,-1,-1,-1,10,2,-1,0
Unvalidated,2024122400840,2024,122400840,1,9,0,18,7,3,0,0,0,0,0,0,1,1,1,2,24,5,-1,-1,-1,-1,4,1,E01007434,0
Unvalidated,2024122400840,2024,122400840,2,5,0,12,7,3,0,0,0,0,0,0,2,1,6,2,44,7,-1,-1,-1,-1,-1,-1,-1,0
Unvalidated,2024122400843,2024,122400843,1,9,0,4,5,1,0,0,0,0,0,0,2,1,2,2,66,10,-1,-1,-1,-1,10,1,E01027880,0
Unvalidated,2024122400843,2024,122400843,2,9,0,18,5,1,0,0,0,0,0,0,1,1,2,2,34,6,-1,-1,-1,-1,6,2,E01027884,0
Unvalidated,2024122400847,2024,122400847,1,19,0,4,1,5,0,1,0,0,0,0,1,1,1,1,53,8,-1,-1,-1,-1,8,1,E01027713,0
Unvalidated,2024122400847,2024,122400847,2,1,0,18,7,3,0,6,0,0,0,0,1,1,6,2,-1,-1,-1,-1,-1,-1,-1,-1,-1,0
Unvalidated,2024122400849,2024,122400849,1,9,0,9,2,6,0,6,1,0,0,0,2,1,6,1,77,11,-1,-1,-1,-1,9,2,E01013426,0
Unvalidated,2024122400849,2024,122400849,2,5,0,18,8,4,0,8,0,0,0,0,1,1,6,1,53,8,-1,-1,-1,-1,3,1,E01013444,0
Unvalidated,2024122400850,2024,122400850,1,9,0,18,5,1,0,5,1,0,0,0,4,1,6,1,24,5,-1,-1,-1,-1,8,2,E01027563,0
Unvalidated,2024122400850,2024,122400850,2,9,0,7,3,6,0,1,0,0,0,0,3,1,2,2,25,5,-1,-1,-1,-1,7,1,E01027677,0
Unvalidated,2024122400851,2024,122400851,1,9,0,1,3,7,0,0,0,0,0,0,2,1,6,2,63,9,-1,-1,-1,-1,9,1,E01013414,0