status,collision_index,collision_year,collision_reference,vehicle_reference,vehicle_type,towing_and_articulation,vehicle_manoeuvre,vehicle_direction_from,vehicle_direction_to,vehicle_location_restricted_lane,junction_location,skidding_and_overturning,hit_object_in_carriageway,vehicle_leaving_carriageway,hit_object_off_carriageway,first_point_of_impact,vehicle_left_hand_drive,journey_purpose_of_driver,sex_of_driver,age_of_driver,age_band_of_driver,engine_capacity_cc,propulsion_code,age_of_vehicle,generic_make_model,driver_imd_decile,driver_home_area_type,lsoa_of_driver,escooter_flag
Unvalidated,2024122400854,2024,122400854,1,1,0,18,1,5,0,0,0,0,0,0,0,1,6,1,57,9,-1,-1,-1,-1,7,1,E01010908,0
Unvalidated,2024122400855,2024,122400855,1,9,0,13,3,7,0,0,0,0,7,7,1,1,1,2,44,7,-1,-1,-1,-1,5,1,E01025459,0
Unvalidated,2024122400855,2024,122400855,2,9,0,18,7,3,0,0,0,0,0,0,1,1,2,1,51,8,-1,-1,-1,-1,10,1,E01027576,0
Unvalidated,2024122400856,2024,122400856,1,9,0,4,7,3,0,1,0,0,0,0,1,1,6,2,77,11,-1,-1,-1,-1,7,1,E01028018,0
Unvalidated,2024122400856,2024,122400856,2,9,0,3,7,3,0,1,0,0,0,0,2,1,6,1,28,6,-1,-1,-1,-1,4,2,E01020852,0
Unvalidated,2024122400856,2024,122400856,3,9,0,3,7,3,0,1,0,0,0,0,2,1,6,2,34,6,-1,-1,-1,-1,-1,-1,-1,0
Unvalidated,2024122400856,2024,122400856,4,9,0,3,7,3,0,1,0,0,0,0,2,1,6,1,54,8,-1,-1,-1,-1,9,1,-1,0
Unvalidated,2024122400859,2024,122400859,1,5,0,18,1,5,0,0,0,12,0,0,1,1,6,1,67,10,-1,-1,-1,-1,7,3,E01027585,0
Unvalidated,2024122400865,2024,122400865,1,9,0,9,1,7,0,6,0,0,0,0,3,1,2,3,31,6,-1,-1,-1,-1,-1,2,-1,0
Unvalidated,2024122400865,2024,122400865,2,3,0,18,7,3,0,1,0,0,0,0,1,1,2,1,23,5,-1,-1,-1,-1,8,1,E01013373,0
Unvalidated,2024122400867,2024,122400867,1,9,0,2,0,0,0,0,0,0,0,0,1,1,6,2,50,8,-1,-1,-1,-1,10,1,-1,0
Unvalidated,2024122400872,2024,122400872,1,9,0,18,3,7,0,8,0,0,0,0,1,1,6,1,74,10,-1,-1,-1,-1,8,1,E01027656,0
Unvalidated,2024122400872,2024,122400872,2,9,0,18,5,1,0,6,0,0,0,0,1,1,6,2,45,7,-1,-1,-1,-1,6,1,E01027741,0
Unvalidated,2024122400873,2024,122400873,1,9,0,16,5,8,0,0,2,0,1,0,1,1,2,2,32,6,-1,-1,-1,-1,8,1,E01011514,0
Unvalidated,2024122400880,2024,122400880,1,9,0,9,2,6,0,0,0,0,0,0,3,1,1,1,36,7,-1,-1,-1,-1,4,1,E01027910,0
Unvalidated,2024122400880,2024,122400880,2,9,0,13,2,6,0,0,0,0,0,0,1,1,1,2,22,5,-1,-1,-1,-1,4,1,E01027905,0
Unvalidated,2024122400886,2024,122400886,1,1,0,18,7,3,0,8,1,0,0,0,1,1,6,1,51,8,-1,-1,-1,-1,9,1,E01027845,0
Unvalidated,2024122400886,2024,122400886,2,9,0,9,5,1,0,8,0,0,0,0,4,1,6,2,49,8,-1,-1,-1,-1,2,1,E01027850,0
Unvalidated,2024122400903,2024,122400903,1,9,0,18,3,8,0,1,0,0,0,0,1,1,6,1,35,6,-1,-1,-1,-1,6,2,E01027834,0
Unvalidated,2024122400903,2024,122400903,2,9,0,9,6,8,0,6,0,0,0,0,1,1,6,2,55,8,-1,-1,-1,-1,4,1,W01000419,0
Unvalidated,2024122400914,2024,122400914,1,17,4,9,6,1,0,5,0,0,0,0,3,1,1,1,17,4,-1,-1,-1,-1,5,3,E01027798,0
Unvalidated,2024122400914,2024,122400914,2,9,0,18,7,2,0,1,0,0,0,0,3,1,6,2,68,10,-1,-1,-1,-1,7,1,E01012055,0
Unvalidated,2024122400926,2024,122400926,1,3,0,18,5,1,0,1,0,0,0,0,0,1,6,1,17,4,-1,-1,-1,-1,3,1,E01013335,0
Unvalidated,2024122400926,2024,122400926,2,9,0,9,1,7,0,1,0,0,0,0,0,1,6,2,71,10,-1,-1,-1,-1,9,1,E01013434,0
Unvalidated,2024122400931,2024,122400931,1,9,0,16,4,6,0,7,1,0,4,6,3,1,6,1,35,6,-1,-1,-1,-1,2,1,E01008744,0
Unvalidated,2024122400932,2024,122400932,1,9,0,5,7,3,0,1,0,0,0,0,3,1,6,2,48,8,-1,-1,-1,-1,6,3,E01027600,0
Unvalidated,2024122400932,2024,122400932,2,9,0,18,5,1,0,1,0,0,0,0,1,1,2,2,38,7,-1,-1,-1,-1,5,2,E01027594,0
Unvalidated,2024122400936,2024,122400936,1,9,0,5,7,1,0,1,0,0,0,0,4,1,6,1,66,10,-1,-1,-1,-1,8,2,E01027748,0
Unvalidated,2024122400941,2024,122400941,1,1,0,18,8,4,9,0,0,0,0,0,1,1,6,3,-1,-1,-1,-1,-1,-1,-1,-1,-1,0
Unvalidated,2024122400949,2024,122400949,1,19,0,18,1,5,0,4,0,0,0,0,0,1,1,1,25,5,-1,-1,-1,-1,1,1,E01010731,0
Unvalidated,2024122400949,2024,122400949,2,1,0,18,7,3,0,4,0,0,0,0,3,1,6,1,40,7,-1,-1,-1,-1,2,1,E01027872,0
Unvalidated,2024122400951,2024,122400951,1,9,0,4,5,1,0,0,0,0,0,0,1,1,6,1,41,7,-1,-1,-1,-1,9,2,E01013053,0
Unvalidated,2024122400957,2024,122400957,1,9,0,18,4,8,0,0,1,0,2,11,4,1,6,1,22,5,-1,-1,-1,-1,8,2,E01027702,0
Unvalidated,2024122400965,2024,122400965,1,1,0,16,5,3,0,8,0,0,7,11,1,1,4,1,44,7,-1,-1,-1,-1,7,1,E01005041,0
Unvalidated,2024122400973,2024,122400973,1,9,0,18,5,1,0,1,0,0,7,10,1,1,6,2,75,10,-1,-1,-1,-1,8,3,E01027635,0
Unvalidated,2024122400973,2024,122400973,2,9,0,18,1,5,0,2,0,0,0,0,1,1,6,1,65,9,-1,-1,-1,-1,3,2,E01027629,0
Unvalidated,2024122400973,2024,122400973,3,9,0,4,3,1,0,2,0,0,0,0,4,1,6,1,53,8,-1,-1,-1,-1,4,1,E01027608,0
Unvalidated,2024122400986,2024,122400986,1,19,0,18,1,5,0,1,0,0,0,0,1,1,6,1,-1,-1,-1,-1,-1,-1,-1,-1,-1,0
Unvalidated,2024122400986,2024,122400986,2,9,0,10,1,7,0,1,0,0,0,0,2,1,6,2,36,7,-1,-1,-1,-1,9,3,E01027747,0
Unvalidated,2024122400997,2024,122400997,1,9,0,3,2,5,0,1,0,0,0,0,2,1,6,1,41,7,-1,-1,-1,-1,1,1,E01027804,0
Unvalidated,2024122400997,2024,122400997,2,19,0,3,2,5,0,1,0,0,0,0,1,1,6,1,18,4,-1,-1,-1,-1,3,1,E01012328,0
Unvalidated,2024122401003,2024,122401003,1,5,0,4,7,3,0,8,1,0,0,0,1,1,6,1,41,7,-1,-1,-1,-1,5,1,E01012768,0
Unvalidated,2024122401003,2024,122401003,2,5,0,4,7,3,0,8,1,0,0,0,1,1,6,1,43,7,-1,-1,-1,-1,1,1,E01012856,0
Unvalidated,2024122401018,2024,122401018,1,19,0,18,6,2,0,0,0,0,0,0,4,1,1,1,61,9,-1,-1,-1,-1,5,3,E01011734,0
Unvalidated,2024122401018,2024,122401018,2,1,0,18,6,2,0,0,0,0,0,0,3,1,2,1,59,9,-1,-1,-1,-1,5,1,E01027729,0
Unvalidated,2024122401076,2024,122401076,1,1,0,4,7,3,0,0,0,10,0,0,1,1,6,1,25,5,-1,-1,-1,-1,2,1,E01002710,0
Unvalidated,2024122401076,2024,122401076,2,11,0,3,7,3,0,0,0,0,0,0,4,1,1,1,55,8,-1,-1,-1,-1,9,2,E01027922,0
Unvalidated,2024131393611,2024,131393611,1,9,0,18,5,1,9,0,0,0,1,11,2,1,1,1,43,7,-1,-1,-1,-1,-1,-1,-1,0
Unvalidated,2024131393611,2024,131393611,2,9,0,18,5,1,9,0,0,0,1,1,1,1,6,1,34,6,-1,-1,-1,-1,-1,-1,-1,0
Unvalidated,2024131393725,2024,131393725,1,9,0,10,1,3,0,1,0,0,0,0,3,1,6,1,19,4,-1,-1,-1,-1,7,2,E01010593,0
Unvalidated,2024131393725,2024,131393725,2,9,0,9,7,1,0,1,0,0,0,0,1,1,6,2,34,6,-1,-1,-1,-1,9,2,E01010589,0
Unvalidated,2024131393751,2024,131393751,1,9,0,17,1,5,0,0,0,0,0,0,4,1,6,3,-1,-1,-1,-1,-1,-1,-1,-1,-1,0
Unvalidated,2024131393751,2024,131393751,2,9,0,2,0,0,0,0,0,0,0,0,1,1,1,1,41,7,-1,-1,-1,-1,4,1,E01010664,0
Unvalidated,2024131393755,2024,131393755,1,9,0,18,5,1,0,0,0,0,0,0,1,1,6,3,-1,-1,-1,-1,-1,-1,-1,-1,-1,0
Unvalidated,2024131393755,2024,131393755,2,9,0,18,5,1,0,0,0,0,1,0,1,1,1,1,52,8,-1,-1,-1,-1,1,1,E01010625,0
Unvalidated,2024131393812,2024,131393812,1,9,0,18,1,5,0,2,0,0,0,0,1,1,2,1,75,10,-1,-1,-1,-1,7,1,E01011595,0
Unvalidated,2024131393903,2024,131393903,1,8,0,18,5,1,0,0,0,7,0,0,4,1,1,1,42,7,-1,-1,-1,-1,1,1,E01011677,0
Unvalidated,2024131394041,2024,131394041,1,9,0,18,1,5,0,0,1,0,4,0,1,1,6,1,22,5,-1,-1,-1,-1,1,1,E01010608,0
Unvalidated,2024131394055,2024,131394055,1,9,0,17,7,3,0,0,1,0,7,9,4,1,5,1,27,6,-1,-1,-1,-1,5,1,E01011392,0
Unvalidated,2024131394055,2024,131394055,2,9,0,18,3,7,0,0,0,0,0,0,1,1,5,1,74,10,-1,-1,-1,-1,6,1,E01011308,0
Unvalidated,2024131394076,2024,131394076,1,9,0,18,2,6,0,1,0,0,0,0,1,1,5,1,26,6,-1,-1,-1,-1,5,3,E01011734,0
Unvalidated,2024131394076,2024,131394076,2,1,0,18,2,6,0,1,0,0,0,0,3,1,6,1,57,9,-1,-1,-1,-1,4,1,E01016673,0
Unvalidated,2024131394088,2024,131394088,1,9,0,18,7,3,0,0,0,0,0,0,1,1,5,2,22,5,-1,-1,-1,-1,8,1,E01011929,0
Unvalidated,2024131394091,2024,131394091,1,9,0,14,7,3,0,0,0,0,0,0,4,1,6,2,28,6,-1,-1,-1,-1,4,2,E01027892,0
Unvalidated,2024131394104,2024,131394104,1,9,0,9,5,3,0,1,0,0,0,0,1,1,6,2,24,5,-1,-1,-1,-1,2,1,E01010716,0
Unvalidated,2024131394104,2024,131394104,2,9,0,18,1,5,0,1,0,0,0,0,3,1,6,1,47,8,-1,-1,-1,-1,1,1,E01010944,0
Unvalidated,2024131394330,2024,131394330,1,9,0,18,6,2,0,0,0,0,0,0,2,1,1,2,31,6,-1,-1,-1,-1,2,1,E01007541,0
Unvalidated,2024131394330,2024,131394330,2,9,0,18,6,2,0,0,0,0,0,0,1,1,1,1,33,6,-1,-1,-1,-1,2,1,E01006910,0
Unvalidated,2024131394364,2024,131394364,1,9,0,18,2,2,9,0,0,10,1,4,1,1,5,1,87,11,-1,-1,-1,-1,6,1,E01010948,0
Unvalidated,2024131394444,2024,131394444,1,98,0,18,7,3,0,3,0,0,0,0,3,1,6,3,-1,-1,-1,-1,-1,-1,4,1,E01011546,0
Unvalidated,2024131394444,2024,131394444,2,9,0,18,7,3,0,8,0,0,0,0,4,1,6,1,21,5,-1,-1,-1,-1,2,1,E01011763,0
Unvalidated,2024131394447,2024,131394447,1,9,0,18,3,7,0,1,0,0,0,0,1,1,6,2,72,10,-1,-1,-1,-1,1,1,E01011811,0
Unvalidated,2024131394450,2024,131394450,1,9,0,18,5,1,0,0,0,0,0,0,1,1,6,1,40,7,-1,-1,-1,-1,3,1,E01011100,0
Unvalidated,2024131394450,2024,131394450,2,9,0,18,5,1,0,0,0,0,0,0,2,1,1,1,56,9,-1,-1,-1,-1,3,1,E01010761,0
Unvalidated,2024131394450,2024,131394450,3,9,0,18,5,1,0,0,0,0,0,0,2,1,6,1,25,5,-1,-1,-1,-1,1,1,E01010610,0
Unvalidated,2024131394462,2024,131394462,1,19,0,-1,-1,-1,-1,0,-1,-1,-1,0,-1,1,6,3,-1,-1,-1,-1,-1,-1,-1,-1,-1,0
Unvalidated,2024131394463,2024,131394463,1,9,0,18,2,6,0,1,0,0,0,0,-1,1,6,3,-1,-1,-1,-1,-1,-1,-1,-1,-1,0
Unvalidated,2024131394475,2024,131394475,1,9,0,18,5,1,0,2,0,0,0,0,1,1,2,1,55,8,-1,-1,-1,-1,7,2,E01010593,0
Unvalidated,2024131394493,2024,131394493,1,9,0,18,1,5,0,1,0,0,0,0,1,1,6,1,20,4,-1,-1,-1,-1,1,1,E01011029,0
Unvalidated,2024131394493,2024,131394493,2,9,0,18,3,7,0,1,0,0,1,0,3,1,6,1,28,6,-1,-1,-1,-1,5,1,E01011065,0
Unvalidated,2024131394493,2024,131394493,3,9,0,18,1,5,0,2,0,0,0,0,0,1,1,1,49,8,-1,-1,-1,-1,1,1,E01010614,0
Unvalidated,2024131394504,2024,131394504,1,9,0,4,1,5,0,0,0,0,0,0,2,1,5,1,27,6,-1,-1,-1,-1,7,1,E01011329,0
Unvalidated,2024131394504,2024,131394504,2,9,0,4,1,5,0,0,0,0,0,0,1,1,6,3,-1,-1,-1,-1,-1,-1,-1,-1,-1,0
Unvalidated,2024131394506,2024,131394506,1,9,0,12,1,5,0,8,0,0,0,0,3,1,6,1,72,10,-1,-1,-1,-1,3,1,E01010597,0
Unvalidated,2024131394543,2024,131394543,1,9,0,9,5,3,0,3,0,0,0,0,1,1,5,2,18,4,-1,-1,-1,-1,8,1,E01011051,0
Unvalidated,2024131394543,2024,131394543,2,9,0,18,1,5,0,4,0,0,0,0,3,1,5,1,18,4,-1,-1,-1,-1,6,1,E01011156,0
Unvalidated,2024131394772,2024,131394772,1,9,0,7,5,7,0,1,0,0,0,0,3,1,5,1,34,6,-1,-1,-1,-1,1,1,E01010841,0
Unvalidated,2024131394772,2024,131394772,2,19,0,7,5,7,0,1,0,0,0,0,4,1,1,1,41,7,-1,-1,-1,-1,6,3,E01010643,0
Unvalidated,2024131394819,2024,131394819,1,98,0,7,1,5,9,0,0,0,0,0,0,1,6,3,-1,-1,-1,-1,-1,-1,-1,-1,-1,0
Unvalidated,2024131394857,2024,131394857,1,9,0,6,0,7,9,1,0,0,7,11,1,1,6,1,80,11,-1,-1,-1,-1,6,3,E01027923,0
Unvalidated,2024131394867,2024,131394867,1,3,0,18,1,5,0,0,0,0,0,0,1,1,5,1,15,3,-1,-1,-1,-1,1,1,E01011492,0
Unvalidated,2024131394867,2024,131394867,2,9,0,18,1,5,0,0,0,0,0,0,0,1,6,3,-1,-1,-1,-1,-1,-1,-1,-1,-1,0
Unvalidated,2024131394867,2024,131394867,3,19,0,2,0,0,0,0,0,0,0,0,2,1,6,3,-1,-1,-1,-1,-1,-1,-1,-1,-1,0
Unvalidated,2024131394867,2024,131394867,4,11,0,18,1,5,0,0,0,0,0,0,0,1,1,2,39,7,-1,-1,-1,-1,3,1,E01033542,0
Unvalidated,2024131394895,2024,131394895,1,9,0,18,3,7,0,0,0,0,0,0,1,1,5,1,23,5,-1,-1,-1,-1,4,1,E01011238,0
Unvalidated,2024131394895,2024,131394895,2,9,0,18,3,7,0,0,0,0,0,0,0,1,5,2,40,7,-1,-1,-1,-1,6,1,E01011885,0
Unvalidated,2024131394900,2024,131394900,1,9,0,18,7,3,0,0,0,0,0,0,1,1,6,3,-1,-1,-1,-1,-1,-1,-1,-1,-1,0
Unvalidated,2024131394900,2024,131394900,2,9,0,18,7,3,0,0,0,0,0,0,2,1,6,2,31,6,-1,-1,-1,-1,7,1,E01011600,0
Unvalidated,2024131394910,2024,131394910,1,9,0,18,2,2,0,6,0,0,0,0,1,1,5,2,46,8,-1,-1,-1,-1,5,1,E01011352,0
Unvalidated,2024131394910,2024,131394910,2,5,0,18,6,8,0,8,0,0,0,0,4,1,6,1,34,6,-1,-1,-1,-1,1,1,E01011354,0
Unvalidated,2024131394927,2024,131394927,1,9,0,9,4,8,0,5,0,0,0,0,1,1,6,1,32,6,-1,-1,-1,-1,2,2,E01011856,0
Unvalidated,2024131394927,2024,131394927,2,9,0,18,8,4,0,1,0,0,0,0,1,1,6,1,28,6,-1,-1,-1,-1,1,1,E01007369,0
Unvalidated,2024131394929,2024,131394929,1,9,0,18,5,1,0,1,0,0,0,0,1,1,1,1,30,6,-1,-1,-1,-1,4,1,E01011037,0
Unvalidated,2024131394929,2024,131394929,2,9,0,18,5,5,0,1,0,0,0,0,1,1,6,3,-1,-1,-1,-1,-1,-1,-1,-1,-1,0
Unvalidated,2024131394970,2024,131394970,1,19,0,18,3,2,0,4,0,0,1,1,1,1,1,1,35,6,-1,-1,-1,-1,5,2,E01011883,0
Unvalidated,2024131395101,2024,131395101,1,98,0,11,5,1,0,0,0,0,0,0,4,1,6,1,-1,-1,-1,-1,-1,-1,-1,-1,-1,0
Unvalidated,2024131395101,2024,131395101,2,9,0,18,3,1,0,0,0,0,0,0,3,1,5,1,79,11,-1,-1,-1,-1,2,1,E01011814,0
Unvalidated,2024131395156,2024,131395156,1,19,0,18,8,4,0,1,0,0,0,0,1,1,6,1,-1,-1,-1,-1,-1,-1,-1,-1,-1,0
Unvalidated,2024131395156,2024,131395156,2,9,0,6,7,3,0,1,0,0,0,0,3,1,5,2,19,4,-1,-1,-1,-1,1,1,E01010843,0
Unvalidated,2024131395186,2024,131395186,1,9,0,7,3,5,0,5,0,0,0,0,1,1,2,2,59,9,-1,-1,-1,-1,10,1,E01010580,0
Unvalidated,2024131395215,2024,131395215,1,9,0,18,1,5,0,1,0,0,0,0,1,1,2,1,37,7,-1,-1,-1,-1,1,1,E01010755,0
Unvalidated,2024131395235,2024,131395235,1,9,0,14,7,3,0,1,0,0,0,0,1,1,2,1,49,8,-1,-1,-1,-1,2,1,E01011105,0
Unvalidated,2024131395246,2024,131395246,1,9,0,18,3,7,0,1,0,0,0,0,1,1,6,3,-1,-1,-1,-1,-1,-1,-1,-1,-1,0
Unvalidated,2024131395253,2024,131395253,1,9,0,4,3,7,0,0,0,0,1,10,1,1,1,1,39,7,-1,-1,-1,-1,8,1,E01011630,0
Unvalidated,2024131395269,2024,131395269,1,9,0,18,8,4,0,2,0,0,0,0,3,1,5,1,79,11,-1,-1,-1,-1,1,1,E01010710,0
Unvalidated,2024131395274,2024,131395274,1,9,0,17,2,6,0,1,1,10,7,1,2,1,6,1,27,6,-1,-1,-1,-1,1,1,E01011344,0
Unvalidated,2024131395274,2024,131395274,2,9,0,17,2,6,0,1,0,0,0,0,0,1,5,2,22,5,-1,-1,-1,-1,1,1,E01011660,0
Unvalidated,2024131395340,2024,131395340,1,9,0,5,2,7,0,8,0,0,0,0,3,1,2,1,23,5,-1,-1,-1,-1,2,1,E01011166,0
Unvalidated,2024131395340,2024,131395340,2,3,0,18,7,3,0,8,1,0,0,0,1,1,1,1,75,10,-1,-1,-1,-1,5,1,E01011065,0
Unvalidated,2024131395382,2024,131395382,1,9,0,17,1,1,9,0,1,0,1,0,1,1,5,1,19,4,-1,-1,-1,-1,5,1,E01011602,0
Unvalidated,2024131395383,2024,131395383,1,9,0,-1,-1,-1,-1,-1,-1,-1,-1,-1,-1,1,6,3,-1,-1,-1,-1,-1,-1,-1,-1,-1,0
Unvalidated,2024131395383,2024,131395383,2,9,0,3,2,6,0,1,0,0,0,0,2,1,5,2,55,8,-1,-1,-1,-1,3,1,E01010776,0
Unvalidated,2024131395386,2024,131395386,1,9,0,9,1,5,0,8,0,0,0,0,1,1,5,3,21,5,-1,-1,-1,-1,9,1,E01011583,0
Unvalidated,2024131395386,2024,131395386,2,1,0,17,5,1,0,1,5,0,0,0,3,1,5,2,24,5,-1,-1,-1,-1,9,1,E01032876,0
Unvalidated,2024131395396,2024,131395396,1,9,0,-1,-1,-1,-1,-1,-1,-1,-1,0,-1,1,6,3,-1,-1,-1,-1,-1,-1,-1,-1,-1,0
Unvalidated,2024131395396,2024,131395396,2,9,0,-1,-1,-1,-1,-1,-1,-1,-1,0,4,1,6,2,23,5,-1,-1,-1,-1,3,1,E01011315,0
Unvalidated,2024131395421,2024,131395421,1,9,0,18,6,2,0,8,0,0,0,0,3,1,6,1,77,11,-1,-1,-1,-1,2,1,E01010792,0
Unvalidated,2024131395421,2024,131395421,2,9,0,17,3,2,0,8,0,0,0,0,1,1,6,1,58,9,-1,-1,-1,-1,1,1,E01010710,0
Unvalidated,2024131395433,2024,131395433,1,9,0,18,5,5,0,2,0,0,0,0,2,1,5,2,26,6,-1,-1,-1,-1,5,1,E01010598,0
Unvalidated,2024131395433,2024,131395433,2,9,0,-1,-1,-1,-1,2,-1,-1,-1,0,-1,1,6,3,-1,-1,-1,-1,-1,-1,-1,-1,-1,0
Unvalidated,2024131395444,2024,131395444,1,9,0,1,5,1,9,1,0,0,0,0,2,1,5,1,55,8,-1,-1,-1,-1,7,1,E01011600,0
Unvalidated,2024131395444,2024,131395444,2,1,0,18,3,7,5,1,5,0,0,0,1,1,2,1,40,7,-1,-1,-1,-1,3,1,E01011064,0
Unvalidated,2024131395449,2024,131395449,1,9,0,18,5,1,0,1,0,0,0,0,1,1,6,1,59,9,-1,-1,-1,-1,1,1,E01011745,0
Unvalidated,2024131395449,2024,131395449,2,9,0,3,5,1,0,1,0,0,0,0,2,1,5,2,40,7,-1,-1,-1,-1,4,1,E01011875,0
Unvalidated,2024131395457,2024,131395457,1,9,0,8,7,3,0,1,0,0,0,0,1,1,6,3,-1,-1,-1,-1,-1,-1,-1,-1,-1,0
Unvalidated,2024131395457,2024,131395457,2,9,0,8,7,3,0,1,0,0,0,0,2,1,6,1,72,10,-1,-1,-1,-1,7,1,E01011329,0
Unvalidated,2024131395457,2024,131395457,3,9,0,-1,-1,-1,-1,-1,-1,-1,-1,-1,-1,1,6,2,38,7,-1,-1,-1,-1,3,1,E01011594,0
Unvalidated,2024131395486,2024,131395486,1,9,0,18,7,3,0,0,0,0,0,0,3,1,5,1,36,7,-1,-1,-1,-1,8,1,E01010931,0
Unvalidated,2024131395486,2024,131395486,2,9,0,11,7,3,0,0,0,0,0,0,4,1,5,2,39,7,-1,-1,-1,-1,2,1,E01005220,0
Unvalidated,2024131395497,2024,131395497,1,9,0,9,1,5,0,5,0,0,0,0,1,1,5,1,32,6,-1,-1,-1,-1,1,1,E01010673,0
Unvalidated,2024131395497,2024,131395497,2,5,0,18,5,1,0,1,0,0,0,0,1,1,5,1,58,9,-1,-1,-1,-1,7,3,E01027633,0
Unvalidated,2024131395514,2024,131395514,1,9,0,18,5,1,0,2,1,0,0,0,4,1,5,2,32,6,-1,-1,-1,-1,1,1,E01010721,0
Unvalidated,2024131395514,2024,131395514,2,9,0,18,7,3,0,1,1,0,0,0,1,1,5,1,44,7,-1,-1,-1,-1,2,1,E01010792,0
Unvalidated,2024131395567,2024,131395567,1,9,0,18,1,5,0,1,0,0,0,0,1,1,6,3,-1,-1,-1,-1,-1,-1,-1,-1,-1,0
Unvalidated,2024131395567,2024,131395567,2,9,0,3,1,5,0,1,0,0,0,0,2,1,5,1,50,8,-1,-1,-1,-1,6,2,E01011774,0
Unvalidated,2024131395629,2024,131395629,1,9,0,18,1,1,0,1,0,0,0,0,4,1,5,2,28,6,-1,-1,-1,-1,2,1,E01011149,0
Unvalidated,2024131395629,2024,131395629,2,9,0,18,2,2,0,1,0,0,0,0,1,1,5,1,48,8,-1,-1,-1,-1,1,1,E01011093,0
Unvalidated,2024131395645,2024,131395645,1,1,0,18,1,5,0,0,1,0,0,0,1,1,5,3,14,3,-1,-1,-1,-1,9,1,E01010875,0
Unvalidated,2024131395645,2024,131395645,2,9,0,18,5,1,0,0,0,0,0,0,1,1,5,2,36,7,-1,-1,-1,-1,4,1,E01010949,0
Unvalidated,2024131395685,2024,131395685,1,9,0,18,4,8,0,1,0,0,0,0,4,1,5,1,32,6,-1,-1,-1,-1,1,1,E01011358,0
Unvalidated,2024131395685,2024,131395685,2,1,0,5,5,1,0,6,0,0,0,0,4,1,6,2,38,7,-1,-1,-1,-1,1,1,E01011349,0
Unvalidated,2024131395694,2024,131395694,1,9,0,16,3,7,0,0,5,0,7,0,1,1,5,1,17,4,-1,-1,-1,-1,1,1,E01011723,0
Unvalidated,2024131395715,2024,131395715,1,9,0,18,3,7,0,1,0,8,0,0,1,1,5,1,30,6,-1,-1,-1,-1,2,1,E01005383,0
Unvalidated,2024131395951,2024,131395951,1,9,0,9,1,3,0,2,0,0,0,0,1,1,2,2,24,5,-1,-1,-1,-1,7,1,E01007356,0
Unvalidated,2024131395951,2024,131395951,2,22,0,18,1,1,0,6,0,0,0,0,4,1,6,1,81,11,-1,-1,-1,-1,1,1,E01011491,0
Unvalidated,2024131396065,2024,131396065,1,9,0,9,5,1,0,8,0,0,0,0,1,1,5,1,83,11,-1,-1,-1,-1,7,1,E01007384,0
Unvalidated,2024131396065,2024,131396065,2,9,0,18,3,7,0,1,0,0,0,0,1,1,6,2,70,10,-1,-1,-1,-1,8,1,E01011930,0
Unvalidated,2024131396072,2024,131396072,1,11,0,18,3,7,0,2,0,0,0,0,4,1,1,1,57,9,-1,-1,-1,-1,10,3,E01027725,0
Unvalidated,2024131396073,2024,131396073,1,9,0,15,-1,-1,0,1,-1,4,-1,-1,-1,1,6,3,30,6,-1,-1,-1,-1,-1,-1,-1,0
Unvalidated,2024131396073,2024,131396073,2,9,0,4,7,7,0,4,0,0,7,10,4,1,5,2,32,6,-1,-1,-1,-1,3,1,E01011343,0
Unvalidated,2024131396093,2024,131396093,1,9,0,18,4,8,0,0,0,0,0,0,1,1,6,1,-1,-1,-1,-1,-1,-1,-1,-1,-1,0
Unvalidated,2024131396093,2024,131396093,2,9,0,3,4,8,0,0,0,0,0,0,2,1,6,2,21,5,-1,-1,-1,-1,9,2,E01027917,0
Unvalidated,2024131396129,2024,131396129,1,9,0,18,7,3,0,0,0,0,0,0,2,1,5,1,65,9,-1,-1,-1,-1,6,3,E01007620,0
Unvalidated,2024131396129,2024,131396129,2,9,0,18,7,3,0,0,0,0,0,0,1,1,5,1,64,9,-1,-1,-1,-1,9,1,E01027405,0
Unvalidated,2024131396129,2024,131396129,3,9,0,18,7,3,0,0,0,0,0,0,1,1,5,1,48,8,-1,-1,-1,-1,5,2,E01012937,0
Unvalidated,2024131396129,2024,131396129,4,9,0,18,7,3,0,0,0,0,0,0,1,1,5,2,68,10,-1,-1,-1,-1,7,3,E01013242,0
Unvalidated,2024131396132,2024,131396132,1,9,0,4,5,1,0,0,0,0,0,0,1,1,5,1,31,6,-1,-1,-1,-1,7,1,E01011511,0
Unvalidated,2024131396132,2024,131396132,2,9,0,4,5,1,0,0,0,0,0,0,2,1,5,1,30,6,-1,-1,-1,-1,-1,-1,-1,0
Unvalidated,2024131396132,2024,131396132,3,9,0,4,5,1,0,0,0,0,0,0,2,1,5,1,43,7,-1,-1,-1,-1,7,1,E01011603,0
Unvalidated,2024131396146,2024,131396146,1,9,0,18,6,2,0,2,0,0,0,0,1,1,2,2,42,7,-1,-1,-1,-1,3,1,E01011940,0
Unvalidated,2024131396174,2024,131396174,1,9,0,18,1,5,0,8,0,0,0,0,1,1,1,1,25,5,-1,-1,-1,-1,6,1,E01007028,0
Unvalidated,2024131396174,2024,131396174,2,9,0,18,3,7,0,8,0,0,0,0,3,1,1,2,28,6,-1,-1,-1,-1,10,1,E01011266,0