status,collision_index,collision_year,collision_reference,vehicle_reference,vehicle_type,towing_and_articulation,vehicle_manoeuvre,vehicle_direction_from,vehicle_direction_to,vehicle_location_restricted_lane,junction_location,skidding_and_overturning,hit_object_in_carriageway,vehicle_leaving_carriageway,hit_object_off_carriageway,first_point_of_impact,vehicle_left_hand_drive,journey_purpose_of_driver,sex_of_driver,age_of_driver,age_band_of_driver,engine_capacity_cc,propulsion_code,age_of_vehicle,generic_make_model,driver_imd_decile,driver_home_area_type,lsoa_of_driver,escooter_flag
Unvalidated,2024131396215,2024,131396215,1,9,0,9,7,1,0,8,0,0,0,0,1,1,2,2,30,6,-1,-1,-1,-1,6,1,E01010909,0
Unvalidated,2024131396215,2024,131396215,2,3,0,18,7,3,0,1,0,0,0,0,1,1,6,1,26,6,-1,-1,-1,-1,2,1,E01010929,0
Unvalidated,2024131396238,2024,131396238,1,9,0,18,1,5,0,0,2,0,1,0,1,1,2,2,36,7,-1,-1,-1,-1,6,1,E01011861,0
Unvalidated,2024131396334,2024,131396334,1,9,0,5,6,8,0,0,0,0,7,11,1,1,6,1,59,9,-1,-1,-1,-1,9,3,E01011713,0
Unvalidated,2024131396499,2024,131396499,1,1,0,-1,-1,-1,-1,0,-1,-1,-1,-1,-1,1,6,3,-1,-1,-1,-1,-1,-1,-1,-1,-1,0
Unvalidated,2024131396531,2024,131396531,1,9,0,18,3,7,0,0,5,0,1,7,1,1,5,1,61,9,-1,-1,-1,-1,4,1,E01006012,0
Unvalidated,2024131396531,2024,131396531,2,9,0,18,3,7,0,0,0,0,4,7,2,1,5,2,64,9,-1,-1,-1,-1,3,1,E01006786,0
Unvalidated,2024131396749,2024,131396749,1,9,0,18,6,2,0,1,0,0,0,0,1,1,5,2,54,8,-1,-1,-1,-1,7,1,E01011571,0
Unvalidated,2024131396749,2024,131396749,2,9,0,9,8,6,0,6,0,0,0,0,4,1,5,1,57,9,-1,-1,-1,-1,1,1,E01011130,0
Unvalidated,2024131396763,2024,131396763,1,90,0,18,1,3,0,1,0,0,0,0,4,1,6,1,33,6,-1,-1,-1,-1,1,1,E01011363,1
Unvalidated,2024131396763,2024,131396763,2,9,0,18,3,7,0,2,0,0,0,0,1,1,5,2,39,7,-1,-1,-1,-1,1,1,E01011312,0
Unvalidated,2024131396858,2024,131396858,1,9,0,-1,-1,-1,-1,0,-1,-1,-1,-1,-1,1,6,3,-1,-1,-1,-1,-1,-1,-1,-1,-1,0
Unvalidated,2024131396858,2024,131396858,2,9,0,18,2,6,0,0,0,0,0,0,2,1,2,1,31,6,-1,-1,-1,-1,1,1,E01011431,0
Unvalidated,2024131396888,2024,131396888,1,9,0,18,3,7,0,8,0,0,0,0,1,1,6,1,56,9,-1,-1,-1,-1,10,3,E01005410,0
Unvalidated,2024131396888,2024,131396888,2,9,0,5,3,7,0,8,0,0,0,0,1,1,6,1,77,11,-1,-1,-1,-1,8,1,E01011826,0
Unvalidated,2024131396918,2024,131396918,1,9,0,-1,-1,-1,-1,-1,-1,-1,-1,0,-1,1,6,3,-1,-1,-1,-1,-1,-1,-1,-1,-1,0
Unvalidated,2024131396928,2024,131396928,1,9,0,18,1,5,0,1,0,0,0,0,1,1,5,1,60,9,-1,-1,-1,-1,7,1,E01011689,0
Unvalidated,2024131396929,2024,131396929,1,9,0,9,1,2,0,2,0,0,0,0,3,1,2,1,22,5,-1,-1,-1,-1,5,1,E01011356,0
Unvalidated,2024131396986,2024,131396986,1,9,0,17,8,3,0,0,0,0,7,11,1,1,5,1,79,11,-1,-1,-1,-1,7,3,E01010887,0
Unvalidated,2024131396989,2024,131396989,1,9,0,16,3,7,0,8,0,0,0,0,1,1,5,1,41,7,-1,-1,-1,-1,1,1,E01011667,0
Unvalidated,2024131396989,2024,131396989,2,9,0,17,7,3,0,8,0,0,0,0,1,1,5,1,30,6,-1,-1,-1,-1,1,1,E01011663,0
Unvalidated,2024131396989,2024,131396989,3,9,0,2,0,0,0,8,0,0,0,0,3,1,6,3,-1,-1,-1,-1,-1,-1,-1,-1,-1,0
Unvalidated,2024131397014,2024,131397014,1,9,0,18,5,5,9,8,0,0,0,0,3,1,1,3,50,8,-1,-1,-1,-1,4,1,E01010704,0
Unvalidated,2024131397014,2024,131397014,2,9,0,18,7,7,0,8,0,0,0,0,1,1,1,2,55,8,-1,-1,-1,-1,1,1,E01010616,0
Unvalidated,2024131397111,2024,131397111,1,9,0,9,3,5,0,2,1,0,0,0,1,1,1,1,21,5,-1,-1,-1,-1,2,1,E01011235,0
Unvalidated,2024131397208,2024,131397208,1,9,0,-1,-1,-1,-1,-1,-1,-1,-1,0,-1,1,6,3,-1,-1,-1,-1,-1,-1,-1,-1,-1,0
Unvalidated,2024131397208,2024,131397208,2,1,0,18,7,3,0,8,0,0,0,0,4,1,6,1,48,8,-1,-1,-1,-1,2,1,E01007435,0
Unvalidated,2024131397300,2024,131397300,1,9,0,1,3,7,0,0,0,0,0,0,2,1,6,3,30,6,-1,-1,-1,-1,-1,-1,-1,0
Unvalidated,2024131397304,2024,131397304,1,90,0,18,5,1,0,8,1,0,0,0,1,1,1,2,31,6,-1,-1,-1,-1,7,3,E01011402,0
Unvalidated,2024131397304,2024,131397304,2,9,0,18,7,3,0,4,0,9,0,0,4,1,6,2,54,8,-1,-1,-1,-1,7,1,E01011550,0
Unvalidated,2024131397316,2024,131397316,1,9,0,18,1,5,0,1,0,0,0,0,1,1,5,2,25,5,-1,-1,-1,-1,1,1,E01033697,0
Unvalidated,2024131397318,2024,131397318,1,9,0,6,1,1,0,1,0,0,0,0,4,1,5,1,42,7,-1,-1,-1,-1,4,1,E01011323,0
Unvalidated,2024131397318,2024,131397318,2,9,0,18,5,5,0,1,0,0,0,0,1,1,1,1,47,8,-1,-1,-1,-1,1,1,E01010674,0
Unvalidated,2024131397347,2024,131397347,1,9,0,7,8,4,0,6,0,0,0,0,1,1,5,1,25,5,-1,-1,-1,-1,2,1,E01011041,0
Unvalidated,2024131397347,2024,131397347,2,9,0,18,2,6,0,1,1,0,7,11,3,1,5,2,21,5,-1,-1,-1,-1,9,1,E01011189,0
Unvalidated,2024131397367,2024,131397367,1,9,0,5,1,5,0,0,0,0,0,0,1,1,6,1,52,8,-1,-1,-1,-1,3,1,E01010597,0
Unvalidated,2024131397367,2024,131397367,2,10,0,18,1,5,0,0,0,0,0,0,1,1,1,1,46,8,-1,-1,-1,-1,1,1,E01010736,0
Unvalidated,2024131397373,2024,131397373,1,9,0,9,7,5,0,5,0,0,0,0,1,1,5,2,45,7,-1,-1,-1,-1,3,1,E01010630,0
Unvalidated,2024131397374,2024,131397374,1,9,0,5,1,5,0,1,0,0,0,0,1,1,5,1,59,9,-1,-1,-1,-1,1,1,E01011473,0
Unvalidated,2024131397375,2024,131397375,1,9,0,18,7,3,0,8,0,0,0,0,3,1,5,1,23,5,-1,-1,-1,-1,4,1,E01010978,0
Unvalidated,2024131397433,2024,131397433,1,9,0,18,5,1,0,4,0,0,0,0,3,1,2,2,50,8,-1,-1,-1,-1,4,1,E01011821,0
Unvalidated,2024131397433,2024,131397433,2,1,0,9,7,3,0,3,1,0,0,0,1,1,5,1,31,6,-1,-1,-1,-1,2,1,E01011281,0
Unvalidated,2024131397433,2024,131397433,3,9,0,18,1,5,0,4,0,0,0,0,0,1,1,1,18,4,-1,-1,-1,-1,6,3,E01011885,0
Unvalidated,2024131397460,2024,131397460,1,9,0,18,3,7,0,0,0,0,0,0,1,1,5,2,28,6,-1,-1,-1,-1,5,1,E01010788,0
Unvalidated,2024131397611,2024,131397611,1,9,0,11,2,6,0,0,0,0,0,0,1,1,6,3,-1,-1,-1,-1,-1,-1,-1,-1,-1,0
Unvalidated,2024131397611,2024,131397611,2,21,0,18,2,6,0,0,0,0,0,0,2,1,1,1,44,7,-1,-1,-1,-1,1,1,E01005086,0
Unvalidated,2024131397617,2024,131397617,1,9,0,7,1,5,0,2,0,0,0,0,2,1,5,2,22,5,-1,-1,-1,-1,1,1,E01010610,0
Unvalidated,2024131397617,2024,131397617,2,9,0,7,1,5,0,2,0,0,0,0,1,1,1,1,46,8,-1,-1,-1,-1,2,1,E01010621,0
Unvalidated,2024131397645,2024,131397645,1,98,0,18,7,7,0,1,0,0,0,0,1,1,6,3,-1,-1,-1,-1,-1,-1,-1,-1,-1,0
Unvalidated,2024131397645,2024,131397645,2,9,0,18,7,1,0,6,0,0,0,0,2,1,6,1,55,8,-1,-1,-1,-1,1,1,E01010673,0
Unvalidated,2024131397668,2024,131397668,1,9,0,-1,-1,-1,-1,-1,-1,-1,-1,-1,-1,1,6,3,-1,-1,-1,-1,-1,-1,2,1,E01010628,0
Unvalidated,2024131397689,2024,131397689,1,9,0,18,6,2,0,0,0,0,0,0,1,1,5,2,25,5,-1,-1,-1,-1,6,1,E01011861,0
Unvalidated,2024131397690,2024,131397690,1,9,0,18,5,1,0,8,0,0,0,0,1,1,6,2,84,11,-1,-1,-1,-1,9,1,E01011565,0
Unvalidated,2024131397690,2024,131397690,2,9,0,2,5,1,0,8,0,0,0,0,2,1,6,3,-1,-1,-1,-1,-1,-1,-1,-1,-1,0
Unvalidated,2024131397713,2024,131397713,1,9,0,18,1,5,0,0,0,0,0,0,4,1,1,1,49,8,-1,-1,-1,-1,7,1,E01011646,0
Unvalidated,2024131397715,2024,131397715,1,9,0,18,7,3,0,1,1,0,0,0,1,1,6,3,-1,-1,-1,-1,-1,-1,-1,-1,-1,0
Unvalidated,2024131397715,2024,131397715,2,9,0,8,0,0,0,6,0,0,0,0,3,1,1,1,37,7,-1,-1,-1,-1,1,1,E01011428,0
Unvalidated,2024131397731,2024,131397731,1,9,0,18,5,1,0,8,0,0,0,0,1,1,6,1,66,10,-1,-1,-1,-1,3,1,E01010810,0
Unvalidated,2024131397731,2024,131397731,2,9,0,4,5,1,0,8,0,0,0,0,2,1,5,2,30,6,-1,-1,-1,-1,5,1,E01010668,0
Unvalidated,2024131397753,2024,131397753,1,9,0,18,1,5,0,8,0,0,0,0,3,1,5,1,20,4,-1,-1,-1,-1,3,1,E01010836,0
Unvalidated,2024131397770,2024,131397770,1,98,0,-1,-1,-1,-1,0,-1,-1,-1,-1,-1,1,6,3,-1,-1,-1,-1,-1,-1,-1,-1,-1,0
Unvalidated,2024131397770,2024,131397770,2,9,0,18,3,7,0,0,0,0,0,0,3,1,6,2,27,6,-1,-1,-1,-1,2,1,E01010869,0
Unvalidated,2024131397781,2024,131397781,1,9,0,17,4,5,9,2,1,7,2,6,1,1,5,1,44,7,-1,-1,-1,-1,1,1,E01010994,0
Unvalidated,2024131397838,2024,131397838,1,9,0,9,5,3,0,1,0,0,0,0,1,1,2,2,29,6,-1,-1,-1,-1,9,3,E01010642,0
Unvalidated,2024131397838,2024,131397838,2,1,0,18,3,7,0,1,0,0,0,0,4,1,6,1,46,8,-1,-1,-1,-1,1,1,E01010720,0
Unvalidated,2024131397838,2024,131397838,3,9,0,18,3,7,0,1,0,0,0,0,2,1,6,2,21,5,-1,-1,-1,-1,3,1,E01011582,0
Unvalidated,2024131397853,2024,131397853,1,9,0,18,-1,-1,0,0,0,0,0,0,-1,1,6,3,-1,-1,-1,-1,-1,-1,-1,-1,-1,0
Unvalidated,2024131397889,2024,131397889,1,9,0,1,1,5,6,8,0,0,0,0,2,1,6,3,-1,-1,-1,-1,-1,-1,-1,-1,-1,0
Unvalidated,2024131397926,2024,131397926,1,9,0,17,3,7,0,0,5,0,0,0,1,1,5,2,19,4,-1,-1,-1,-1,9,3,E01011195,0
Unvalidated,2024131397951,2024,131397951,1,9,0,4,6,2,0,0,0,0,0,0,2,1,5,2,28,6,-1,-1,-1,-1,6,1,E01011026,0
Unvalidated,2024131397951,2024,131397951,2,9,0,4,6,2,0,0,0,0,0,0,2,1,5,2,24,5,-1,-1,-1,-1,4,1,E01011823,0
Unvalidated,2024131397951,2024,131397951,3,9,0,18,6,2,0,0,0,0,0,0,1,1,5,1,19,4,-1,-1,-1,-1,8,1,E01011826,0
Unvalidated,2024131397962,2024,131397962,1,9,0,18,5,1,0,8,0,0,0,0,1,1,1,2,59,9,-1,-1,-1,-1,6,1,E01026260,0
Unvalidated,2024131397962,2024,131397962,2,9,0,18,5,1,0,8,0,0,0,0,2,1,5,1,40,7,-1,-1,-1,-1,3,1,E01001834,0
Unvalidated,2024131397972,2024,131397972,1,9,0,9,5,3,0,5,0,0,3,0,1,1,6,2,40,7,-1,-1,-1,-1,10,1,E01011452,0
Unvalidated,2024131398019,2024,131398019,1,9,0,5,7,3,0,8,0,0,0,0,2,1,5,2,21,5,-1,-1,-1,-1,1,1,E01010625,0
Unvalidated,2024131398019,2024,131398019,2,98,0,5,7,3,0,8,0,0,0,0,1,1,6,3,-1,-1,-1,-1,-1,-1,-1,-1,-1,0
Unvalidated,2024131398044,2024,131398044,1,9,0,18,3,7,0,2,0,0,0,0,1,1,5,2,22,5,-1,-1,-1,-1,9,1,E01018601,0
Unvalidated,2024131398044,2024,131398044,2,11,0,18,3,7,0,2,0,0,0,0,1,1,1,2,60,9,-1,-1,-1,-1,10,1,E01011593,0
Unvalidated,2024131398048,2024,131398048,1,9,0,18,7,3,0,0,0,0,0,0,4,1,5,2,42,7,-1,-1,-1,-1,2,1,E01010778,0
Unvalidated,2024131398048,2024,131398048,2,9,0,2,0,0,0,0,0,0,0,0,3,1,6,3,-1,-1,-1,-1,-1,-1,-1,-1,-1,0
Unvalidated,2024131398054,2024,131398054,1,9,0,18,5,1,0,0,0,10,1,2,4,1,5,1,23,5,-1,-1,-1,-1,7,1,E01011512,0
Unvalidated,2024131398073,2024,131398073,1,9,0,18,5,1,0,2,0,0,0,0,1,1,5,2,24,5,-1,-1,-1,-1,3,1,E01011608,0
Unvalidated,2024131398180,2024,131398180,1,9,0,5,4,8,0,0,0,0,0,0,1,1,6,3,-1,-1,-1,-1,-1,-1,-1,-1,-1,0
Unvalidated,2024131398188,2024,131398188,1,9,0,18,7,7,0,8,0,0,0,0,1,1,5,2,27,6,-1,-1,-1,-1,1,1,E01010614,0
Unvalidated,2024131398188,2024,131398188,2,9,0,3,7,7,0,8,0,0,0,0,2,1,6,1,45,7,-1,-1,-1,-1,1,1,E01010614,0
Unvalidated,2024131398211,2024,131398211,1,9,0,-1,-1,-1,-1,-1,-1,-1,-1,-1,-1,1,6,3,-1,-1,-1,-1,-1,-1,-1,-1,-1,0
Unvalidated,2024131398211,2024,131398211,2,9,0,10,3,7,0,4,0,0,0,0,2,1,5,1,66,10,-1,-1,-1,-1,2,1,E01024890,0
Unvalidated,2024131398217,2024,131398217,1,97,0,16,5,1,0,8,1,0,7,0,3,1,6,1,31,6,-1,-1,-1,-1,3,1,E01005278,0
Unvalidated,2024131398217,2024,131398217,2,9,0,16,5,1,0,8,0,0,0,0,0,1,1,1,46,8,-1,-1,-1,-1,9,1,E01011186,0
Unvalidated,2024131398226,2024,131398226,1,9,0,18,8,4,0,2,0,0,0,0,1,1,6,2,46,8,-1,-1,-1,-1,6,3,E01010857,0
Unvalidated,2024131398306,2024,131398306,1,9,0,18,5,1,0,8,1,0,1,0,3,1,6,1,45,7,-1,-1,-1,-1,3,1,E01011783,0
Unvalidated,2024131398306,2024,131398306,2,9,0,18,1,5,0,8,0,0,0,0,4,1,1,1,31,6,-1,-1,-1,-1,2,1,E01011781,0
Unvalidated,2024131398307,2024,131398307,1,9,0,2,1,1,0,0,0,0,0,0,3,1,1,1,54,8,-1,-1,-1,-1,2,1,E01011681,0
Unvalidated,2024131398307,2024,131398307,2,9,0,18,1,1,0,0,0,0,0,0,4,1,6,1,44,7,-1,-1,-1,-1,4,2,E01007354,0
Unvalidated,2024131398314,2024,131398314,1,9,0,18,3,7,0,0,2,0,8,9,1,1,5,1,19,4,-1,-1,-1,-1,1,1,E01010700,0
Unvalidated,2024131398369,2024,131398369,1,9,0,9,1,5,0,1,0,0,0,0,1,1,5,3,66,10,-1,-1,-1,-1,2,1,E01011017,0
Unvalidated,2024131398381,2024,131398381,1,9,0,17,6,2,0,0,1,0,7,11,3,1,5,2,21,5,-1,-1,-1,-1,1,1,E01024855,0
Unvalidated,2024131398498,2024,131398498,1,9,0,9,7,5,0,8,0,0,0,0,1,1,6,1,76,11,-1,-1,-1,-1,2,1,E01011538,0
Unvalidated,2024131398498,2024,131398498,2,9,0,7,5,7,0,8,0,0,0,0,3,1,5,1,56,9,-1,-1,-1,-1,1,1,E01011622,0
Unvalidated,2024131398513,2024,131398513,1,9,0,18,7,3,0,8,0,0,0,0,3,1,1,1,24,5,-1,-1,-1,-1,1,1,E01033003,0
Unvalidated,2024131398606,2024,131398606,1,9,0,16,7,3,0,0,0,0,0,0,3,1,6,2,48,8,-1,-1,-1,-1,1,2,E01011792,0
Unvalidated,2024131398606,2024,131398606,2,9,0,17,3,7,0,0,0,0,0,0,3,1,5,2,56,9,-1,-1,-1,-1,3,3,E01011784,0
Unvalidated,2024131398625,2024,131398625,1,9,0,18,5,1,0,0,0,0,0,0,1,1,2,1,25,5,-1,-1,-1,-1,7,2,E01010593,0
Unvalidated,2024131398655,2024,131398655,1,9,0,18,1,5,0,0,0,0,0,0,4,1,2,2,27,6,-1,-1,-1,-1,3,1,E01011369,0
Unvalidated,2024131398690,2024,131398690,1,9,0,17,2,6,0,0,2,0,1,10,1,1,5,1,18,4,-1,-1,-1,-1,1,1,E01011475,0
Unvalidated,2024131398706,2024,131398706,1,9,0,9,5,3,0,0,1,0,0,0,1,1,2,2,27,6,-1,-1,-1,-1,3,1,E01010629,0
Unvalidated,2024131398706,2024,131398706,2,9,0,18,7,3,0,0,0,0,0,0,1,1,5,1,63,9,-1,-1,-1,-1,1,1,E01011339,0
Unvalidated,2024131398712,2024,131398712,1,9,0,9,7,3,0,1,0,0,0,0,1,1,6,2,23,5,-1,-1,-1,-1,5,1,E01011736,0
Unvalidated,2024131398712,2024,131398712,2,1,0,18,3,7,0,1,0,0,0,0,1,1,6,1,44,7,-1,-1,-1,-1,8,1,E01011243,0
Unvalidated,2024131398726,2024,131398726,1,9,0,18,7,3,9,0,2,11,2,4,1,1,5,1,51,8,-1,-1,-1,-1,1,1,E01010817,0
Unvalidated,2024131398827,2024,131398827,1,9,0,18,1,2,0,0,5,0,0,0,4,1,2,2,38,7,-1,-1,-1,-1,6,3,E01010927,0
Unvalidated,2024131398882,2024,131398882,1,9,0,18,8,4,0,0,0,0,0,0,1,1,6,1,27,6,-1,-1,-1,-1,1,1,E01011617,0
Unvalidated,2024131398882,2024,131398882,2,9,0,18,4,8,0,0,0,0,0,0,1,1,1,1,50,8,-1,-1,-1,-1,1,1,E01011317,0
Unvalidated,2024131398882,2024,131398882,3,9,0,18,4,8,0,0,0,0,0,0,1,1,2,1,24,5,-1,-1,-1,-1,5,1,E01011356,0
Unvalidated,2024131398911,2024,131398911,1,98,0,5,2,6,0,8,0,0,0,0,1,1,6,1,-1,-1,-1,-1,-1,-1,-1,-1,-1,0
Unvalidated,2024131398911,2024,131398911,2,1,0,18,4,8,0,8,5,0,0,0,3,1,5,1,17,4,-1,-1,-1,-1,1,1,E01011624,0
Unvalidated,2024131399002,2024,131399002,1,1,0,18,5,1,0,0,0,0,0,0,1,1,5,1,27,6,-1,-1,-1,-1,1,1,E01011917,0
Unvalidated,2024131399002,2024,131399002,2,9,0,2,0,0,0,0,0,0,0,0,2,1,6,3,-1,-1,-1,-1,-1,-1,-1,-1,-1,0
Unvalidated,2024131399114,2024,131399114,1,9,0,-1,-1,-1,-1,-1,-1,-1,-1,-1,-1,1,6,3,-1,-1,-1,-1,-1,-1,-1,-1,-1,0
Unvalidated,2024131399114,2024,131399114,2,9,0,2,3,7,0,2,0,0,0,0,2,1,6,1,49,8,-1,-1,-1,-1,1,1,E01011347,0
Unvalidated,2024131399138,2024,131399138,1,9,0,18,3,7,0,0,0,0,0,0,4,1,2,2,23,5,-1,-1,-1,-1,5,1,E01011870,0
Unvalidated,2024131399187,2024,131399187,1,9,0,18,1,5,0,0,1,10,7,11,1,1,6,3,-1,-1,-1,-1,-1,-1,-1,-1,-1,0
Unvalidated,2024131399187,2024,131399187,2,9,0,18,1,5,0,0,0,0,0,0,0,1,5,1,39,7,-1,-1,-1,-1,6,1,E01011885,0
Unvalidated,2024131399210,2024,131399210,1,9,0,5,1,5,2,8,0,0,0,0,1,1,2,1,42,7,-1,-1,-1,-1,2,1,E01007414,0
Unvalidated,2024131399211,2024,131399211,1,9,0,18,6,6,0,8,0,0,0,0,3,1,2,1,28,6,-1,-1,-1,-1,3,1,E01011907,0
Unvalidated,2024131399211,2024,131399211,2,9,0,18,1,1,0,1,0,0,0,0,4,1,5,1,77,11,-1,-1,-1,-1,2,1,E01011149,0
Unvalidated,2024131399222,2024,131399222,1,9,0,18,3,7,0,8,1,0,0,0,2,1,6,2,30,6,-1,-1,-1,-1,-1,-1,-1,0
Unvalidated,2024131399222,2024,131399222,2,9,0,18,3,7,0,8,0,0,0,0,1,1,6,3,-1,-1,-1,-1,-1,-1,-1,-1,-1,0
Unvalidated,2024131399225,2024,131399225,1,11,0,2,5,1,0,0,0,0,0,0,2,1,5,1,38,7,-1,-1,-1,-1,1,1,E01010924,0
Unvalidated,2024131399225,2024,131399225,2,9,0,18,5,1,0,0,0,0,0,0,4,1,5,1,62,9,-1,-1,-1,-1,9,1,E01011654,0
Unvalidated,2024131399230,2024,131399230,1,9,0,9,5,1,0,0,0,0,0,0,1,1,6,1,28,6,-1,-1,-1,-1,7,1,E01011013,0
Unvalidated,2024131399230,2024,131399230,2,9,0,18,3,7,0,0,0,0,0,0,0,1,1,1,39,7,-1,-1,-1,-1,6,3,E01011885,0
Unvalidated,2024131399230,2024,131399230,3,9,0,2,0,0,1,0,0,0,0,0,2,1,6,3,-1,-1,-1,-1,-1,-1,-1,-1,-1,0
Unvalidated,2024131399230,2024,131399230,4,9,0,2,0,0,0,0,0,0,0,0,2,1,6,3,-1,-1,-1,-1,-1,-1,-1,-1,-1,0
Unvalidated,2024131399366,2024,131399366,1,9,0,-1,-1,-1,-1,-1,-1,-1,-1,-1,-1,1,6,3,-1,-1,-1,-1,-1,-1,-1,-1,-1,0
Unvalidated,2024131399366,2024,131399366,2,9,0,3,5,5,0,1,0,0,0,0,2,1,5,2,62,9,-1,-1,-1,-1,1,1,E01010880,0
Unvalidated,2024131399384,2024,131399384,1,9,0,18,4,8,0,0,5,4,0,0,4,1,2,1,32,6,-1,-1,-1,-1,9,1,E01010574,0
Unvalidated,2024131399384,2024,131399384,2,9,0,2,0,0,0,0,0,0,0,0,3,1,6,3,-1,-1,-1,-1,-1,-1,-1,-1,-1,0
Unvalidated,2024131399518,2024,131399518,1,9,0,18,5,1,0,0,0,0,0,0,1,1,5,2,48,8,-1,-1,-1,-1,6,1,E01010786,0
Unvalidated,2024131399518,2024,131399518,2,9,0,9,1,5,0,0,0,0,0,0,1,1,2,2,27,6,-1,-1,-1,-1,4,1,E01010801,0
Unvalidated,2024131399568,2024,131399568,1,9,0,18,5,1,0,8,0,0,0,0,1,1,2,2,32,6,-1,-1,-1,-1,1,1,E01010743,0
Unvalidated,2024131399568,2024,131399568,2,9,0,2,5,1,9,8,0,0,0,0,1,1,6,3,-1,-1,-1,-1,-1,-1,-1,-1,-1,0
Unvalidated,2024131399664,2024,131399664,1,9,0,16,5,1,0,0,5,0,7,0,0,1,2,1,60,9,-1,-1,-1,-1,3,2,E01007374,0
Unvalidated,2024131399692,2024,131399692,1,9,0,12,3,7,0,0,0,0,7,0,3,1,5,2,34,6,-1,-1,-1,-1,1,1,E01010606,0
Unvalidated,2024131399692,2024,131399692,2,9,0,18,3,7,0,0,0,0,7,1,1,1,1,1,27,6,-1,-1,-1,-1,1,1,E01010843,0
Unvalidated,2024131399710,2024,131399710,1,9,0,4,1,1,0,4,0,0,0,0,2,1,6,1,40,7,-1,-1,-1,-1,2,1,E01011558,0
Unvalidated,2024131399710,2024,131399710,2,9,0,18,5,1,0,1,0,0,0,0,1,1,6,1,47,8,-1,-1,-1,-1,6,1,E01011505,0
Unvalidated,2024131399711,2024,131399711,1,19,0,18,3,7,0,2,0,0,0,0,0,1,6,1,25,5,-1,-1,-1,-1,1,1,E01011004,0
Unvalidated,2024131399715,2024,131399715,1,9,0,-1,-1,-1,-1,0,-1,-1,-1,-1,-1,1,6,3,-1,-1,-1,-1,-1,-1,-1,-1,-1,0
Unvalidated,2024131399740,2024,131399740,1,9,0,18,2,6,0,0,1,0,7,0,1,1,5,1,56,9,-1,-1,-1,-1,8,3,E01032503,0
Unvalidated,2024131399869,2024,131399869,1,9,0,18,5,5,0,8,0,0,0,0,1,1,2,2,24,5,-1,-1,-1,-1,2,1,E01011754,0
Unvalidated,2024131399869,2024,131399869,2,9,0,9,1,3,0,8,0,0,0,0,3,2,2,1,20,4,-1,-1,-1,-1,3,1,E01007533,0
Unvalidated,2024131399950,2024,131399950,1,9,0,-1,-1,-1,-1,0,-1,-1,-1,-1,-1,1,6,3,-1,-1,-1,-1,-1,-1,-1,-1,-1,0
Unvalidated,2024131399950,2024,131399950,2,9,0,3,5,1,0,0,0,0,0,0,2,1,3,2,49,8,-1,-1,-1,-1,6,1,E01011861,0
Unvalidated,2024131399991,2024,131399991,1,9,0,18,3,7,0,1,0,0,0,0,1,1,6,1,54,8,-1,-1,-1,-1,1,1,E01011338,0
Unvalidated,2024131399991,2024,131399991,2,3,0,9,3,7,0,1,0,0,0,0,2,1,6,2,52,8,-1,-1,-1,-1,6,1,E01011480,0
Unvalidated,2024131400067,2024,131400067,1,9,0,18,2,6,0,0,0,0,0,0,1,1,6,3,-1,-1,-1,-1,-1,-1,-1,-1,-1,0
Unvalidated,2024131400067,2024,131400067,2,9,0,18,2,6,0,0,0,0,0,0,2,1,6,1,44,7,-1,-1,-1,-1,2,1,E01011281,0
Unvalidated,2024131400088,2024,131400088,1,9,0,18,2,2,0,8,1,0,0,0,1,1,1,1,34,6,-1,-1,-1,-1,3,1,E01011229,0
Unvalidated,2024131400088,2024,131400088,2,8,0,18,6,6,0,8,0,0,0,0,4,1,1,1,65,9,-1,-1,-1,-1,8,1,E01011210,0
Unvalidated,2024131400096,2024,131400096,1,19,0,7,6,4,0,0,0,0,0,0,1,1,1,1,39,7,-1,-1,-1,-1,2,1,E01011025,0
Unvalidated,2024131400112,2024,131400112,1,9,0,-1,-1,-1,-1,0,-1,-1,-1,-1,-1,1,6,3,-1,-1,-1,-1,-1,-1,-1,-1,-1,0
Unvalidated,2024131400112,2024,131400112,2,97,0,18,3,7,0,0,5,0,0,0,2,1,4,1,18,4,-1,-1,-1,-1,2,1,E01011852,0
Unvalidated,2024131400131,2024,131400131,1,9,0,18,5,1,0,1,0,0,0,0,1,1,2,1,45,7,-1,-1,-1,-1,9,1,E01010681,0
Unvalidated,2024131400151,2024,131400151,1,19,0,18,8,4,0,8,0,0,0,0,1,1,1,1,56,9,-1,-1,-1,-1,2,1,E01010796,0
Unvalidated,2024131400151,2024,131400151,2,1,0,9,2,6,0,8,0,0,0,0,1,1,5,1,11,3,-1,-1,-1,-1,6,3,E01010952,0
Unvalidated,2024131400157,2024,131400157,1,5,0,18,1,5,0,0,1,0,0,0,3,1,2,1,61,9,-1,-1,-1,-1,4,1,E01011727,0
Unvalidated,2024131400160,2024,131400160,1,9,0,18,5,1,0,2,0,0,0,0,1,1,6,1,50,8,-1,-1,-1,-1,2,1,E01010722,0
Unvalidated,2024131400169,2024,131400169,1,4,0,9,2,6,0,3,1,0,0,0,4,1,5,1,29,6,-1,-1,-1,-1,8,1,E01010931,0
Unvalidated,2024131400169,2024,131400169,2,9,0,18,2,6,0,3,0,0,0,0,4,1,6,1,41,7,-1,-1,-1,-1,7,1,E01028015,0
Unvalidated,2024131400171,2024,131400171,1,19,0,9,1,7,0,0,0,0,0,0,1,1,1,1,54,8,-1,-1,-1,-1,6,1,E01005037,0