status,collision_index,collision_year,collision_reference,vehicle_reference,vehicle_type,towing_and_articulation,vehicle_manoeuvre,vehicle_direction_from,vehicle_direction_to,vehicle_location_restricted_lane,junction_location,skidding_and_overturning,hit_object_in_carriageway,vehicle_leaving_carriageway,hit_object_off_carriageway,first_point_of_impact,vehicle_left_hand_drive,journey_purpose_of_driver,sex_of_driver,age_of_driver,age_band_of_driver,engine_capacity_cc,propulsion_code,age_of_vehicle,generic_make_model,driver_imd_decile,driver_home_area_type,lsoa_of_driver,escooter_flag
Unvalidated,2024131400171,2024,131400171,2,9,0,18,3,7,0,0,0,0,0,0,3,1,6,2,29,6,-1,-1,-1,-1,4,1,E01010959,0
Unvalidated,2024131400253,2024,131400253,1,9,0,4,7,3,0,1,1,0,0,0,1,1,2,1,30,6,-1,-1,-1,-1,7,1,E01010636,0
Unvalidated,2024131400253,2024,131400253,2,9,0,18,1,2,0,1,0,0,0,0,4,1,3,2,49,8,-1,-1,-1,-1,7,1,E01010636,0
Unvalidated,2024131400368,2024,131400368,1,9,0,4,1,5,0,0,0,0,0,0,0,1,6,1,29,6,-1,-1,-1,-1,9,1,E01012996,0
Unvalidated,2024131400368,2024,131400368,2,19,0,18,1,5,0,0,0,0,0,0,1,1,6,1,34,6,-1,-1,-1,-1,8,1,E01011185,0
Unvalidated,2024131400368,2024,131400368,3,9,0,18,1,5,0,0,0,0,0,0,2,1,6,1,45,7,-1,-1,-1,-1,8,1,E01010901,0
Unvalidated,2024131400368,2024,131400368,4,9,0,18,1,5,0,0,0,0,0,0,2,1,6,2,34,6,-1,-1,-1,-1,7,1,E01007439,0
Unvalidated,2024131400368,2024,131400368,5,9,0,18,1,5,0,0,0,0,0,0,1,1,5,1,49,8,-1,-1,-1,-1,6,1,E01004999,0
Unvalidated,2024131400384,2024,131400384,1,19,0,2,5,1,0,0,1,11,0,0,4,1,1,1,32,6,-1,-1,-1,-1,3,1,E01025221,0
Unvalidated,2024131400384,2024,131400384,2,9,0,4,5,1,0,0,1,4,0,0,2,1,5,2,41,7,-1,-1,-1,-1,7,1,E01010976,0
Unvalidated,2024131400420,2024,131400420,1,9,0,18,6,2,0,8,0,0,0,0,1,1,3,2,40,7,-1,-1,-1,-1,2,1,E01011163,0
Unvalidated,2024131400420,2024,131400420,2,9,0,5,4,8,0,8,0,0,0,0,4,1,5,1,35,6,-1,-1,-1,-1,3,1,E01011028,0
Unvalidated,2024131400425,2024,131400425,1,9,0,5,7,3,0,0,0,0,0,0,1,1,6,3,-1,-1,-1,-1,-1,-1,-1,-1,-1,0
Unvalidated,2024131400425,2024,131400425,2,9,0,5,7,3,0,0,0,0,0,0,2,1,1,2,24,5,-1,-1,-1,-1,6,1,E01011505,0
Unvalidated,2024131400438,2024,131400438,1,9,0,12,7,3,0,8,0,0,0,0,1,1,5,2,37,7,-1,-1,-1,-1,2,1,E01011485,0
Unvalidated,2024131400438,2024,131400438,2,9,0,18,4,7,0,8,0,0,0,0,1,1,1,1,52,8,-1,-1,-1,-1,1,1,E01011344,0
Unvalidated,2024131400440,2024,131400440,1,20,0,18,2,6,0,0,0,0,0,0,1,1,1,1,21,5,-1,-1,-1,-1,10,1,E01011461,0
Unvalidated,2024131400440,2024,131400440,2,9,0,18,2,6,0,0,0,0,0,0,2,1,1,1,35,6,-1,-1,-1,-1,4,1,E01011462,0
Unvalidated,2024131400479,2024,131400479,1,9,0,9,1,6,0,8,0,0,0,0,4,1,5,1,33,6,-1,-1,-1,-1,3,1,E01010776,0
Unvalidated,2024131400479,2024,131400479,2,3,0,18,7,3,0,8,1,0,0,0,4,1,5,1,18,4,-1,-1,-1,-1,1,1,E01010625,0
Unvalidated,2024131400609,2024,131400609,1,9,0,18,1,5,0,1,0,0,0,0,4,1,5,1,63,9,-1,-1,-1,-1,5,1,E01011269,0
Unvalidated,2024131400622,2024,131400622,1,9,0,9,1,1,0,0,0,0,0,0,3,1,5,2,48,8,-1,-1,-1,-1,2,1,E01010837,0
Unvalidated,2024131400651,2024,131400651,1,9,0,4,7,3,0,2,0,0,0,0,4,1,6,1,28,6,-1,-1,-1,-1,1,1,E01010755,0
Unvalidated,2024131400654,2024,131400654,1,19,0,-1,-1,-1,-1,8,-1,-1,-1,0,-1,1,6,3,-1,-1,-1,-1,-1,-1,-1,-1,-1,0
Unvalidated,2024131400654,2024,131400654,2,9,0,2,1,1,0,8,0,0,0,0,2,1,1,1,31,6,-1,-1,-1,-1,4,1,E01011314,0
Unvalidated,2024131400660,2024,131400660,1,9,0,18,1,5,0,0,0,0,0,0,1,1,6,1,63,9,-1,-1,-1,-1,2,1,E01011538,0
Unvalidated,2024131400682,2024,131400682,1,9,0,18,5,1,0,0,0,0,0,0,1,1,5,2,23,5,-1,-1,-1,-1,8,1,E01015745,0
Unvalidated,2024131400682,2024,131400682,2,9,0,18,5,1,0,0,0,0,0,0,2,1,5,2,60,9,-1,-1,-1,-1,1,1,E01006702,0
Unvalidated,2024131400694,2024,131400694,1,9,0,-1,5,7,-1,-1,-1,-1,-1,-1,-1,1,6,3,-1,-1,-1,-1,-1,-1,-1,-1,-1,0
Unvalidated,2024131400699,2024,131400699,1,9,0,-1,-1,-1,-1,0,-1,-1,-1,-1,-1,1,6,3,-1,-1,-1,-1,-1,-1,-1,-1,-1,0
Unvalidated,2024131400699,2024,131400699,2,9,0,18,7,3,0,0,0,0,0,0,2,1,5,2,23,5,-1,-1,-1,-1,1,1,E01010622,0
Unvalidated,2024131400717,2024,131400717,1,9,0,4,1,5,0,8,0,0,0,0,2,1,6,2,59,9,-1,-1,-1,-1,1,1,E01010824,0
Unvalidated,2024131400717,2024,131400717,2,9,0,4,1,5,0,8,0,0,0,0,2,1,6,1,43,7,-1,-1,-1,-1,1,1,E01025183,0
Unvalidated,2024131400717,2024,131400717,3,9,0,18,1,5,0,8,0,0,0,0,1,1,6,2,29,6,-1,-1,-1,-1,3,1,E01010871,0
Unvalidated,2024131400734,2024,131400734,1,3,0,4,8,4,0,1,0,0,0,0,1,1,2,1,20,4,-1,-1,-1,-1,2,1,E01032492,0
Unvalidated,2024131400734,2024,131400734,2,9,0,9,3,8,0,8,0,0,0,0,3,1,6,1,25,5,-1,-1,-1,-1,8,1,E01032491,0
Unvalidated,2024131400760,2024,131400760,1,9,0,7,3,1,0,0,0,0,0,0,1,1,5,1,56,9,-1,-1,-1,-1,2,1,E01010728,0
Unvalidated,2024131400788,2024,131400788,1,9,0,18,5,5,0,8,0,0,0,0,3,1,5,2,51,8,-1,-1,-1,-1,7,1,E01010644,0
Unvalidated,2024131400788,2024,131400788,2,9,0,18,2,1,0,8,0,0,0,0,1,1,6,1,32,6,-1,-1,-1,-1,8,1,E01011553,0
Unvalidated,2024131400788,2024,131400788,3,9,0,2,0,0,0,8,0,0,0,0,2,1,6,3,-1,-1,-1,-1,-1,-1,-1,-1,-1,0
Unvalidated,2024131400796,2024,131400796,1,9,0,9,1,2,0,1,0,0,0,0,1,1,5,2,74,10,-1,-1,-1,-1,3,1,E01010825,0
Unvalidated,2024131400796,2024,131400796,2,9,0,18,3,4,0,1,0,0,0,0,1,1,5,2,68,10,-1,-1,-1,-1,8,1,E01011086,0
Unvalidated,2024131400811,2024,131400811,1,9,0,-1,-1,-1,-1,8,-1,-1,-1,0,-1,1,6,1,21,5,-1,-1,-1,-1,1,1,E01011133,0
Unvalidated,2024131400825,2024,131400825,1,9,0,18,3,7,0,8,0,0,0,0,1,1,5,2,69,10,-1,-1,-1,-1,7,3,E01011849,0
Unvalidated,2024131400825,2024,131400825,2,9,0,18,3,7,0,8,0,0,0,0,3,1,5,2,27,6,-1,-1,-1,-1,4,1,E01011875,0
Unvalidated,2024131400825,2024,131400825,3,9,0,18,3,7,0,8,0,0,0,0,1,1,5,2,32,6,-1,-1,-1,-1,1,1,E01011657,0
Unvalidated,2024131400865,2024,131400865,1,9,0,18,7,3,0,8,0,10,0,0,1,1,5,1,22,5,-1,-1,-1,-1,2,1,E01032494,0
Unvalidated,2024131400877,2024,131400877,1,9,0,9,7,5,0,0,0,0,0,0,1,1,1,1,41,7,-1,-1,-1,-1,1,1,E01011134,0
Unvalidated,2024131400877,2024,131400877,2,9,0,13,5,1,0,0,0,0,0,0,-1,1,6,3,30,6,-1,-1,-1,-1,-1,-1,-1,0
Unvalidated,2024131400890,2024,131400890,1,9,0,-1,-1,-1,-1,-1,-1,-1,-1,-1,-1,1,6,3,-1,-1,-1,-1,-1,-1,-1,-1,-1,0
Unvalidated,2024131400916,2024,131400916,1,90,0,-1,-1,-1,-1,-1,-1,-1,-1,-1,-1,1,6,3,-1,-1,-1,-1,-1,-1,-1,-1,-1,0
Unvalidated,2024131400916,2024,131400916,2,1,0,18,3,7,0,6,0,0,0,0,2,1,5,1,14,3,-1,-1,-1,-1,-1,-1,-1,0
Unvalidated,2024131400989,2024,131400989,1,9,0,18,6,2,0,0,0,0,0,0,2,1,5,1,34,6,-1,-1,-1,-1,8,1,E01010876,0
Unvalidated,2024131400989,2024,131400989,2,9,0,18,6,2,0,0,0,0,0,0,2,1,5,2,22,5,-1,-1,-1,-1,8,1,E01011459,0
Unvalidated,2024131400989,2024,131400989,3,9,0,18,6,2,0,0,0,0,0,0,-1,1,6,3,-1,-1,-1,-1,-1,-1,-1,-1,-1,0
Unvalidated,2024131401004,2024,131401004,1,9,0,18,1,5,0,0,0,0,0,0,1,1,5,1,68,10,-1,-1,-1,-1,9,1,E01010687,0
Unvalidated,2024131401004,2024,131401004,2,9,0,13,1,5,0,0,0,0,0,0,-1,1,6,3,-1,-1,-1,-1,-1,-1,-1,-1,-1,0
Unvalidated,2024131401011,2024,131401011,1,9,0,18,6,2,0,0,0,0,0,0,2,1,6,1,38,7,-1,-1,-1,-1,4,1,E01010652,0
Unvalidated,2024131401018,2024,131401018,1,9,0,18,1,5,0,8,0,0,0,0,1,1,6,1,25,5,-1,-1,-1,-1,5,1,E01010795,0
Unvalidated,2024131401018,2024,131401018,2,9,0,2,0,0,0,8,0,0,0,0,2,1,6,3,-1,-1,-1,-1,-1,-1,-1,-1,-1,0
Unvalidated,2024131401187,2024,131401187,1,9,0,18,5,1,0,0,0,0,1,10,1,1,5,1,80,11,-1,-1,-1,-1,8,1,E01011185,0
Unvalidated,2024131401255,2024,131401255,1,19,0,1,5,1,0,1,0,0,0,0,4,1,1,1,25,5,-1,-1,-1,-1,2,1,E01010621,0
Unvalidated,2024131401255,2024,131401255,2,9,0,3,1,5,0,8,0,0,0,0,3,1,2,1,25,5,-1,-1,-1,-1,1,1,E01010607,0
Unvalidated,2024131401274,2024,131401274,1,19,0,5,8,6,0,2,0,0,0,0,2,1,6,3,40,7,-1,-1,-1,-1,-1,-1,-1,0
Unvalidated,2024131401274,2024,131401274,2,9,0,5,8,6,0,2,0,0,0,0,1,1,1,1,46,8,-1,-1,-1,-1,1,1,E01033697,0
Unvalidated,2024131401338,2024,131401338,1,9,0,18,1,6,0,8,0,0,0,0,4,1,5,2,65,9,-1,-1,-1,-1,8,1,E01010876,0
Unvalidated,2024131401338,2024,131401338,2,9,0,2,6,6,0,8,0,4,0,0,2,1,6,3,-1,-1,-1,-1,-1,-1,-1,-1,-1,0
Unvalidated,2024131401338,2024,131401338,3,9,0,2,6,6,0,8,0,4,0,0,2,1,6,3,-1,-1,-1,-1,-1,-1,-1,-1,-1,0
Unvalidated,2024131401360,2024,131401360,1,19,0,18,1,5,0,0,0,0,0,0,3,1,2,1,41,7,-1,-1,-1,-1,2,1,E01011837,0
Unvalidated,2024131401389,2024,131401389,1,9,0,18,3,7,0,8,0,4,0,0,1,1,6,3,-1,-1,-1,-1,-1,-1,-1,-1,-1,0
Unvalidated,2024131401389,2024,131401389,2,9,0,2,7,3,0,8,0,0,0,0,4,1,6,3,-1,-1,-1,-1,-1,-1,-1,-1,-1,0
Unvalidated,2024131401417,2024,131401417,1,9,0,9,1,5,0,8,0,0,0,0,3,1,5,1,40,7,-1,-1,-1,-1,9,2,E01011190,0
Unvalidated,2024131401426,2024,131401426,1,9,0,18,3,7,0,0,0,0,0,0,1,1,5,1,41,7,-1,-1,-1,-1,2,1,E01011034,0
Unvalidated,2024131401426,2024,131401426,2,9,0,2,0,0,0,0,0,0,0,0,3,1,6,3,-1,-1,-1,-1,-1,-1,-1,-1,-1,0
Unvalidated,2024131401426,2024,131401426,3,9,0,18,7,3,0,0,0,4,0,0,1,1,5,1,21,5,-1,-1,-1,-1,1,1,E01011423,0
Unvalidated,2024131401426,2024,131401426,4,9,0,-1,-1,-1,-1,0,-1,-1,-1,-1,-1,1,6,3,-1,-1,-1,-1,-1,-1,-1,-1,-1,0
Unvalidated,2024131401431,2024,131401431,1,9,0,7,1,2,0,0,0,0,0,0,1,1,5,1,20,4,-1,-1,-1,-1,4,3,E01027892,0
Unvalidated,2024131401447,2024,131401447,1,19,0,18,6,2,0,8,0,0,1,0,4,1,1,1,20,4,-1,-1,-1,-1,2,1,E01011232,0
Unvalidated,2024131401447,2024,131401447,2,9,0,18,8,4,0,8,0,0,1,1,1,1,6,1,94,11,-1,-1,-1,-1,7,2,E01011119,0
Unvalidated,2024131401553,2024,131401553,1,9,0,9,3,7,0,0,0,0,0,0,3,1,2,1,35,6,-1,-1,-1,-1,7,1,E01011053,0
Unvalidated,2024131401553,2024,131401553,2,97,0,18,7,3,0,0,0,0,0,0,3,1,2,1,22,5,-1,-1,-1,-1,2,1,E01010958,0
Unvalidated,2024131401574,2024,131401574,1,9,0,18,7,3,0,8,0,12,0,0,1,1,2,1,53,8,-1,-1,-1,-1,10,1,E01010580,0
Unvalidated,2024131401764,2024,131401764,1,9,0,18,5,1,0,0,0,0,0,0,1,1,1,2,26,6,-1,-1,-1,-1,4,1,E01010791,0
Unvalidated,2024131401769,2024,131401769,1,9,0,17,8,6,0,2,5,10,0,0,4,1,5,1,57,9,-1,-1,-1,-1,1,1,E01010800,0
Unvalidated,2024131401770,2024,131401770,1,9,0,18,5,1,0,6,0,0,0,0,1,1,6,3,-1,-1,-1,-1,-1,-1,-1,-1,-1,0
Unvalidated,2024131401770,2024,131401770,2,8,0,3,2,6,0,1,0,0,0,0,4,1,1,1,60,9,-1,-1,-1,-1,1,1,E01011429,0
Unvalidated,2024131401770,2024,131401770,3,8,0,3,2,6,0,1,0,0,0,0,4,1,1,1,51,8,-1,-1,-1,-1,1,1,E01011427,0
Unvalidated,2024131401789,2024,131401789,1,9,0,18,7,3,0,0,0,0,7,0,1,1,5,1,44,7,-1,-1,-1,-1,5,2,E01027795,0
Unvalidated,2024131401789,2024,131401789,2,9,0,5,7,4,0,0,0,0,0,0,4,1,5,2,63,9,-1,-1,-1,-1,6,1,E01013412,0
Unvalidated,2024131401796,2024,131401796,1,9,0,13,5,1,0,8,2,0,0,0,1,1,6,2,73,10,-1,-1,-1,-1,9,1,E01011698,0
Unvalidated,2024131401796,2024,131401796,2,10,0,9,5,1,0,5,1,0,0,0,3,1,1,1,62,9,-1,-1,-1,-1,9,2,E01027894,0
Unvalidated,2024131401829,2024,131401829,1,9,0,13,7,3,0,0,0,0,0,0,1,1,5,1,25,5,-1,-1,-1,-1,3,1,E01011519,0
Unvalidated,2024131401829,2024,131401829,2,9,0,18,7,3,0,0,0,0,0,0,2,1,5,1,74,10,-1,-1,-1,-1,7,3,E01027646,0
Unvalidated,2024131401832,2024,131401832,1,9,0,-1,-1,-1,-1,8,-1,-1,-1,0,-1,1,6,3,-1,-1,-1,-1,-1,-1,-1,-1,-1,0
Unvalidated,2024131401839,2024,131401839,1,9,0,18,5,1,0,1,0,0,0,0,1,1,5,1,32,6,-1,-1,-1,-1,1,1,E01011316,0
Unvalidated,2024131401839,2024,131401839,2,9,0,9,1,5,0,1,0,0,0,0,4,1,5,2,65,9,-1,-1,-1,-1,4,1,E01011319,0
Unvalidated,2024131402046,2024,131402046,1,9,0,18,5,2,0,0,0,0,0,0,0,1,1,1,35,6,-1,-1,-1,-1,-1,-1,-1,0
Unvalidated,2024131402046,2024,131402046,2,9,0,13,5,7,0,0,0,0,0,0,1,1,6,1,28,6,-1,-1,-1,-1,4,1,E01011157,0
Unvalidated,2024131402046,2024,131402046,3,9,0,18,3,7,0,0,0,0,0,0,1,1,6,2,52,8,-1,-1,-1,-1,2,1,E01011246,0
Unvalidated,2024131402117,2024,131402117,1,19,0,9,5,3,0,8,0,0,0,0,3,1,6,1,64,9,-1,-1,-1,-1,1,1,E01011730,0
Unvalidated,2024131402146,2024,131402146,1,98,0,-1,-1,-1,-1,-1,-1,-1,-1,0,-1,1,6,3,-1,-1,-1,-1,-1,-1,-1,-1,-1,0
Unvalidated,2024131402221,2024,131402221,1,9,0,9,1,1,0,1,0,0,0,0,2,1,6,2,38,7,-1,-1,-1,-1,3,1,E01010725,0
Unvalidated,2024131402221,2024,131402221,2,9,0,18,1,1,0,1,0,0,0,0,1,1,1,2,72,10,-1,-1,-1,-1,5,1,E01010708,0
Unvalidated,2024131402231,2024,131402231,1,9,0,18,8,4,0,0,0,10,0,0,1,1,5,2,33,6,-1,-1,-1,-1,9,1,E01011180,0
Unvalidated,2024131402232,2024,131402232,1,9,0,18,7,3,0,0,0,0,0,0,1,1,6,2,25,5,-1,-1,-1,-1,1,1,E01010618,0
Unvalidated,2024131402232,2024,131402232,2,9,0,18,3,7,0,0,0,0,0,0,1,1,6,1,32,6,-1,-1,-1,-1,1,1,E01010610,0
Unvalidated,2024131402232,2024,131402232,3,9,0,-1,-1,-1,-1,0,-1,-1,-1,0,-1,1,6,3,-1,-1,-1,-1,-1,-1,-1,-1,-1,0
Unvalidated,2024131402254,2024,131402254,1,9,0,4,3,7,0,0,0,7,0,0,1,1,2,1,36,7,-1,-1,-1,-1,8,1,E01011169,0
Unvalidated,2024131402272,2024,131402272,1,1,0,18,3,7,9,0,0,0,0,0,1,1,2,1,34,6,-1,-1,-1,-1,8,1,E01011276,0
Unvalidated,2024131402319,2024,131402319,1,9,0,9,7,1,0,2,0,0,0,0,1,1,5,2,46,8,-1,-1,-1,-1,5,1,E01011736,0
Unvalidated,2024131402346,2024,131402346,1,98,0,18,3,7,0,1,0,0,0,0,1,1,6,1,29,6,-1,-1,-1,-1,7,1,E01011162,0
Unvalidated,2024131402354,2024,131402354,1,1,0,18,3,7,9,1,0,0,0,0,1,1,2,1,25,5,-1,-1,-1,-1,1,1,E01011620,0
Unvalidated,2024131402354,2024,131402354,2,90,0,12,3,7,9,1,0,0,7,0,1,1,2,1,62,9,-1,-1,-1,-1,1,1,E01011344,0
Unvalidated,2024131402400,2024,131402400,1,9,0,17,1,1,0,0,0,7,0,0,1,1,6,1,21,5,-1,-1,-1,-1,1,1,E01010712,0
Unvalidated,2024131402424,2024,131402424,1,9,0,18,1,5,0,0,0,0,0,0,2,1,5,1,43,7,-1,-1,-1,-1,1,1,E01010817,0
Unvalidated,2024131402424,2024,131402424,2,9,0,18,1,5,0,0,0,0,0,0,1,1,1,1,22,5,-1,-1,-1,-1,1,1,E01010731,0
Unvalidated,2024131402576,2024,131402576,1,9,0,-1,-1,-1,-1,-1,-1,-1,-1,-1,-1,1,6,3,-1,-1,-1,-1,-1,-1,-1,-1,-1,0
Unvalidated,2024131402576,2024,131402576,2,9,0,9,1,7,0,3,0,0,0,0,4,1,6,2,25,5,-1,-1,-1,-1,9,1,E01011209,0
Unvalidated,2024131402596,2024,131402596,1,9,0,18,1,5,0,0,0,0,0,0,1,1,6,3,-1,-1,-1,-1,-1,-1,-1,-1,-1,0
Unvalidated,2024131402596,2024,131402596,2,9,0,2,0,0,0,0,0,0,0,0,4,1,6,2,29,6,-1,-1,-1,-1,1,1,E01011725,0
Unvalidated,2024131402596,2024,131402596,3,11,0,2,0,0,0,0,0,0,0,0,-1,1,6,3,-1,-1,-1,-1,-1,-1,-1,-1,-1,0
Unvalidated,2024131402610,2024,131402610,1,9,0,18,5,1,0,8,0,0,0,0,3,1,6,3,-1,-1,-1,-1,-1,-1,-1,-1,-1,0
Unvalidated,2024131402673,2024,131402673,1,9,0,18,5,1,0,2,0,0,0,0,1,1,2,1,28,6,-1,-1,-1,-1,8,2,E01011118,0
Unvalidated,2024131402679,2024,131402679,1,9,0,18,3,7,0,0,0,0,0,0,1,1,2,2,24,5,-1,-1,-1,-1,3,1,E01011018,0
Unvalidated,2024131402679,2024,131402679,2,9,0,3,3,7,0,0,0,0,0,0,2,1,5,2,69,10,-1,-1,-1,-1,3,1,E01011139,0
Unvalidated,2024131402679,2024,131402679,3,9,0,3,3,7,0,0,0,0,0,0,2,1,2,1,55,8,-1,-1,-1,-1,1,1,E01011036,0
Unvalidated,2024131402686,2024,131402686,1,9,0,14,7,3,0,0,0,0,0,0,1,1,5,1,40,7,-1,-1,-1,-1,3,1,E01010597,0
Unvalidated,2024131402686,2024,131402686,2,9,0,3,7,3,0,0,0,0,0,0,2,1,5,1,31,6,-1,-1,-1,-1,5,1,E01017687,0
Unvalidated,2024131402686,2024,131402686,3,9,0,3,7,3,0,0,0,0,0,0,2,1,5,2,43,7,-1,-1,-1,-1,10,1,E01011280,0
Unvalidated,2024131402690,2024,131402690,1,98,0,1,3,7,0,0,0,0,0,0,2,1,6,3,-1,-1,-1,-1,-1,-1,-1,-1,-1,0
Unvalidated,2024131402690,2024,131402690,2,9,0,3,3,7,0,0,0,0,0,0,1,1,6,2,46,8,-1,-1,-1,-1,9,1,E01007617,0
Unvalidated,2024131402718,2024,131402718,1,9,0,18,1,5,0,1,0,0,0,0,1,1,2,1,28,6,-1,-1,-1,-1,3,3,E01011776,0
Unvalidated,2024131402725,2024,131402725,1,9,0,18,2,6,0,0,0,0,0,0,1,1,5,1,33,6,-1,-1,-1,-1,3,1,E01011779,0
Unvalidated,2024131402733,2024,131402733,1,9,0,9,5,1,0,0,0,0,0,0,1,1,6,1,41,7,-1,-1,-1,-1,2,1,E01011030,0
Unvalidated,2024131402780,2024,131402780,1,9,0,16,7,3,0,1,0,0,0,0,1,1,2,2,26,6,-1,-1,-1,-1,1,1,E01033697,0
Unvalidated,2024131402780,2024,131402780,2,9,0,17,1,5,0,1,0,0,0,0,1,1,2,1,58,9,-1,-1,-1,-1,6,1,E01011587,0
Unvalidated,2024131402824,2024,131402824,1,9,0,7,1,5,0,0,0,0,0,0,4,1,3,1,33,6,-1,-1,-1,-1,3,1,E01010810,0
Unvalidated,2024131402835,2024,131402835,1,9,0,9,2,6,4,6,0,0,0,0,1,1,2,2,30,6,-1,-1,-1,-1,6,1,E01011480,0
Unvalidated,2024131402835,2024,131402835,2,1,0,18,8,6,4,1,0,0,0,0,1,1,2,1,21,5,-1,-1,-1,-1,4,1,E01011462,0
Unvalidated,2024131402948,2024,131402948,1,9,0,-1,-1,-1,-1,-1,-1,-1,-1,-1,-1,1,6,3,-1,-1,-1,-1,-1,-1,-1,-1,-1,0
Unvalidated,2024131402948,2024,131402948,2,9,0,9,1,7,0,2,0,0,0,0,4,1,3,1,41,7,-1,-1,-1,-1,10,1,E01011562,0
Unvalidated,2024131403024,2024,131403024,1,97,0,18,7,3,0,1,5,0,0,0,1,1,6,1,24,5,-1,-1,-1,-1,1,1,E01011336,0
Unvalidated,2024131403024,2024,131403024,2,9,0,2,0,0,0,1,0,0,0,0,1,1,6,3,-1,-1,-1,-1,-1,-1,-1,-1,-1,0
Unvalidated,2024131403025,2024,131403025,1,90,0,18,8,4,0,0,0,0,0,0,1,1,1,1,25,5,-1,-1,-1,-1,8,1,E01011252,0
Unvalidated,2024131403025,2024,131403025,2,9,0,18,8,4,0,0,0,0,0,0,2,1,5,1,63,9,-1,-1,-1,-1,10,2,E01025019,0
Unvalidated,2024131403025,2024,131403025,3,19,0,18,8,4,0,0,0,0,0,0,2,1,1,1,64,9,-1,-1,-1,-1,3,1,E01007807,0
Unvalidated,2024131403025,2024,131403025,4,19,0,18,8,4,0,0,0,0,0,0,2,1,1,1,48,8,-1,-1,-1,-1,7,1,E01011214,0
Unvalidated,2024131403036,2024,131403036,1,22,0,18,7,3,0,0,0,0,0,0,4,1,5,2,70,10,-1,-1,-1,-1,3,1,E01011718,0
Unvalidated,2024131403036,2024,131403036,2,9,0,18,1,5,0,0,0,0,0,0,3,1,5,2,83,11,-1,-1,-1,-1,4,1,E01027581,0
Unvalidated,2024131403037,2024,131403037,1,11,0,18,1,5,0,8,0,0,0,0,3,1,1,1,32,6,-1,-1,-1,-1,2,1,E01011235,0
Unvalidated,2024131403037,2024,131403037,2,9,0,7,3,7,0,6,0,0,0,0,3,1,5,1,59,9,-1,-1,-1,-1,4,1,E01011008,0
Unvalidated,2024131403039,2024,131403039,1,11,0,9,7,5,0,2,0,0,0,0,1,1,5,1,59,9,-1,-1,-1,-1,1,1,E01010745,0
Unvalidated,2024131403053,2024,131403053,1,9,0,18,5,1,0,1,0,0,0,0,4,1,6,2,69,10,-1,-1,-1,-1,3,1,E01032923,0
Unvalidated,2024131403093,2024,131403093,1,9,0,18,1,5,0,2,0,0,3,0,1,1,5,2,20,4,-1,-1,-1,-1,5,1,E01011782,0
Unvalidated,2024131403095,2024,131403095,1,9,0,4,8,4,0,0,0,0,0,0,2,1,6,2,45,7,-1,-1,-1,-1,10,1,E01011455,0
Unvalidated,2024131403095,2024,131403095,2,1,0,18,8,4,0,0,0,0,0,0,1,1,6,1,47,8,-1,-1,-1,-1,1,1,E01011332,0
Unvalidated,2024131403128,2024,131403128,1,9,0,16,3,7,0,1,5,0,0,0,1,1,5,1,29,6,-1,-1,-1,-1,6,3,E01010920,0
Unvalidated,2024131403128,2024,131403128,2,9,0,5,7,3,0,1,0,0,0,0,1,1,1,2,54,8,-1,-1,-1,-1,1,1,E01010755,0
Unvalidated,2024131403132,2024,131403132,1,9,0,18,7,3,0,1,0,0,8,7,1,1,6,1,46,8,-1,-1,-1,-1,4,3,E01010985,0
Unvalidated,2024131403132,2024,131403132,2,9,0,2,0,0,0,1,0,0,0,0,1,1,6,3,-1,-1,-1,-1,-1,-1,-1,-1,-1,0
Unvalidated,2024131403132,2024,131403132,3,9,0,2,0,0,0,1,0,0,0,0,1,1,6,3,-1,-1,-1,-1,-1,-1,-1,-1,-1,0
Unvalidated,2024131403133,2024,131403133,1,98,0,-1,-1,-1,-1,0,-1,-1,-1,0,-1,1,6,1,38,7,-1,-1,-1,-1,5,1,E01010873,0
Unvalidated,2024131403169,2024,131403169,1,9,0,18,5,1,0,0,0,0,0,0,4,1,6,2,43,7,-1,-1,-1,-1,3,1,E01010776,0
Unvalidated,2024131403169,2024,131403169,2,9,0,2,0,0,0,0,0,4,0,0,3,1,6,3,-1,-1,-1,-1,-1,-1,-1,-1,-1,0
Unvalidated,2024131403169,2024,131403169,3,9,0,2,0,0,0,0,0,0,0,0,2,1,6,3,-1,-1,-1,-1,-1,-1,-1,-1,-1,0
Unvalidated,2024131403170,2024,131403170,1,1,0,18,2,6,0,0,0,0,0,0,3,1,6,1,40,7,-1,-1,-1,-1,1,1,E01011045,0
Unvalidated,2024131403170,2024,131403170,2,9,0,5,8,4,9,0,0,0,0,0,1,1,2,1,23,5,-1,-1,-1,-1,3,1,E01011225,0
Unvalidated,2024131403192,2024,131403192,1,9,0,16,7,3,0,0,0,0,1,11,3,1,6,1,23,5,-1,-1,-1,-1,4,1,E01010637,0
Unvalidated,2024131403192,2024,131403192,2,9,0,17,3,7,0,0,0,0,2,0,4,1,6,1,41,7,-1,-1,-1,-1,3,1,E01010662,0
Unvalidated,2024131403242,2024,131403242,1,9,0,-1,-1,-1,-1,-1,-1,-1,-1,-1,-1,1,6,3,-1,-1,-1,-1,-1,-1,-1,-1,-1,0
Unvalidated,2024131403253,2024,131403253,1,9,0,18,1,5,0,8,0,0,0,0,1,1,1,1,21,5,-1,-1,-1,-1,2,1,E01010715,0