status,collision_index,collision_year,collision_reference,vehicle_reference,vehicle_type,towing_and_articulation,vehicle_manoeuvre,vehicle_direction_from,vehicle_direction_to,vehicle_location_restricted_lane,junction_location,skidding_and_overturning,hit_object_in_carriageway,vehicle_leaving_carriageway,hit_object_off_carriageway,first_point_of_impact,vehicle_left_hand_drive,journey_purpose_of_driver,sex_of_driver,age_of_driver,age_band_of_driver,engine_capacity_cc,propulsion_code,age_of_vehicle,generic_make_model,driver_imd_decile,driver_home_area_type,lsoa_of_driver,escooter_flag
Unvalidated,2024131403253,2024,131403253,2,9,0,18,7,3,0,8,0,0,0,0,1,1,1,3,43,7,-1,-1,-1,-1,1,1,E01033697,0
Unvalidated,2024131403253,2024,131403253,3,9,0,18,7,3,0,8,0,0,0,0,0,1,2,1,54,8,-1,-1,-1,-1,8,2,E01010858,0
Unvalidated,2024131403301,2024,131403301,1,9,0,9,3,2,0,6,0,0,0,0,1,1,5,2,45,7,-1,-1,-1,-1,6,1,E01011226,0
Unvalidated,2024131403301,2024,131403301,2,5,0,18,5,1,0,1,0,0,0,0,1,1,5,1,36,7,-1,-1,-1,-1,3,1,E01011085,0
Unvalidated,2024131403321,2024,131403321,1,9,0,18,6,2,0,0,0,0,0,0,1,1,6,1,-1,-1,-1,-1,-1,-1,-1,-1,-1,0
Unvalidated,2024131403321,2024,131403321,2,9,0,3,6,2,0,0,0,0,0,0,2,1,5,2,24,5,-1,-1,-1,-1,6,1,E01011299,0
Unvalidated,2024131403337,2024,131403337,1,1,0,13,4,4,0,1,0,0,0,0,4,1,6,1,17,4,-1,-1,-1,-1,2,1,E01011914,0
Unvalidated,2024131403337,2024,131403337,2,9,0,9,4,7,0,5,0,0,0,0,1,1,6,1,27,6,-1,-1,-1,-1,4,1,E01011876,0
Unvalidated,2024131403354,2024,131403354,1,19,0,18,5,1,0,0,0,0,0,0,1,1,5,1,28,6,-1,-1,-1,-1,6,1,E01011885,0
Unvalidated,2024131403390,2024,131403390,1,9,0,9,6,2,0,5,0,0,1,0,1,1,6,2,41,7,-1,-1,-1,-1,1,1,E01010814,0
Unvalidated,2024131403410,2024,131403410,1,9,0,18,5,1,0,1,0,0,7,10,1,1,6,1,31,6,-1,-1,-1,-1,1,1,E01011466,0
Unvalidated,2024131403433,2024,131403433,1,5,0,18,7,3,0,8,2,0,0,0,4,1,6,1,69,10,-1,-1,-1,-1,8,1,E01010876,0
Unvalidated,2024131403443,2024,131403443,1,9,0,18,7,3,0,8,0,0,0,0,1,1,6,1,-1,-1,-1,-1,-1,-1,-1,-1,-1,0
Unvalidated,2024131403443,2024,131403443,2,9,0,18,1,5,0,8,0,0,0,0,3,1,5,2,21,5,-1,-1,-1,-1,2,1,E01011611,0
Unvalidated,2024131403495,2024,131403495,1,19,0,4,5,1,0,0,0,0,0,0,1,1,5,1,41,7,-1,-1,-1,-1,1,1,E01011293,0
Unvalidated,2024131403495,2024,131403495,2,9,0,7,1,5,0,0,0,0,0,0,1,1,2,1,27,6,-1,-1,-1,-1,1,1,E01010676,0
Unvalidated,2024131403502,2024,131403502,1,9,0,10,7,3,0,1,0,0,0,0,2,1,5,1,19,4,-1,-1,-1,-1,-1,-1,-1,0
Unvalidated,2024131403502,2024,131403502,2,19,0,18,3,7,0,1,0,0,0,0,2,1,1,1,30,6,-1,-1,-1,-1,1,1,E01011434,0
Unvalidated,2024131403502,2024,131403502,3,9,0,18,3,7,0,1,0,0,0,0,1,1,5,1,54,8,-1,-1,-1,-1,9,1,E01032876,0
Unvalidated,2024131403551,2024,131403551,1,9,0,18,5,1,0,0,0,0,0,0,1,1,6,1,68,10,-1,-1,-1,-1,1,1,E01011029,0
Unvalidated,2024131403551,2024,131403551,2,9,0,2,0,0,0,0,0,0,0,0,2,1,6,3,-1,-1,-1,-1,-1,-1,-1,-1,-1,0
Unvalidated,2024131403551,2024,131403551,3,9,0,2,0,0,0,0,0,0,0,0,3,1,6,3,-1,-1,-1,-1,-1,-1,-1,-1,-1,0
Unvalidated,2024131403595,2024,131403595,1,9,0,16,5,1,0,0,2,0,0,0,1,1,6,1,20,4,-1,-1,-1,-1,10,1,E01027698,0
Unvalidated,2024131403616,2024,131403616,1,9,0,18,1,1,0,0,2,0,0,0,1,1,2,1,26,6,-1,-1,-1,-1,1,1,E01024900,0
Unvalidated,2024131403616,2024,131403616,2,9,0,18,1,1,0,0,0,0,0,0,0,1,6,3,-1,-1,-1,-1,-1,-1,-1,-1,-1,0
Unvalidated,2024131403768,2024,131403768,1,9,0,18,1,5,0,0,0,0,0,0,4,1,2,2,30,6,-1,-1,-1,-1,2,1,E01032502,0
Unvalidated,2024131403768,2024,131403768,2,9,0,18,5,1,0,0,0,0,0,0,4,1,2,1,35,6,-1,-1,-1,-1,10,1,E01011380,0
Unvalidated,2024131403768,2024,131403768,3,9,0,18,5,1,0,0,0,0,2,1,1,1,2,2,21,5,-1,-1,-1,-1,4,1,E01011647,0
Unvalidated,2024131403892,2024,131403892,1,9,0,9,5,6,0,2,0,0,0,0,3,1,5,1,36,7,-1,-1,-1,-1,10,1,E01010580,0
Unvalidated,2024131403892,2024,131403892,2,19,0,18,7,3,0,1,0,0,0,0,4,1,2,1,33,6,-1,-1,-1,-1,8,1,E01010859,0
Unvalidated,2024131403898,2024,131403898,1,9,0,18,1,5,0,6,0,0,0,0,1,1,5,1,86,11,-1,-1,-1,-1,4,1,E01011875,0
Unvalidated,2024131403898,2024,131403898,2,11,0,5,1,5,0,8,0,0,0,0,1,1,1,1,56,9,-1,-1,-1,-1,1,1,E01011912,0
Unvalidated,2024131403978,2024,131403978,1,9,0,18,8,4,0,0,0,0,0,0,4,1,6,2,75,10,-1,-1,-1,-1,1,1,E01011345,0
Unvalidated,2024131403978,2024,131403978,2,9,0,2,0,0,0,0,0,0,0,0,2,1,1,1,52,8,-1,-1,-1,-1,4,1,E01011876,0
Unvalidated,2024131403979,2024,131403979,1,9,0,18,3,6,0,0,0,0,0,0,4,1,2,1,69,10,-1,-1,-1,-1,1,1,E01011559,0
Unvalidated,2024131404014,2024,131404014,1,9,0,18,1,1,0,0,0,0,0,0,1,1,5,1,76,11,-1,-1,-1,-1,6,2,E01027916,0
Unvalidated,2024131404014,2024,131404014,2,9,0,18,1,1,0,0,0,0,0,0,1,1,5,2,54,8,-1,-1,-1,-1,3,3,E01011298,0
Unvalidated,2024131404055,2024,131404055,1,8,0,4,4,6,0,1,0,0,0,0,2,1,1,1,38,7,-1,-1,-1,-1,1,1,E01011422,0
Unvalidated,2024131404055,2024,131404055,2,19,0,4,4,8,0,1,0,0,0,0,1,1,1,1,28,6,-1,-1,-1,-1,6,1,E01011299,0
Unvalidated,2024131404098,2024,131404098,1,9,0,18,1,5,0,0,1,11,0,0,4,1,5,1,33,6,-1,-1,-1,-1,1,1,E01010618,0
Unvalidated,2024131404113,2024,131404113,1,9,0,18,3,7,0,0,0,0,0,0,1,1,5,1,30,6,-1,-1,-1,-1,5,1,E01010708,0
Unvalidated,2024131404177,2024,131404177,1,9,0,18,1,5,0,0,5,0,1,11,3,1,5,1,20,4,-1,-1,-1,-1,8,1,E01011638,0
Unvalidated,2024131404177,2024,131404177,2,11,0,11,1,5,0,0,0,0,0,0,4,1,1,1,54,8,-1,-1,-1,-1,6,2,E01011774,0
Unvalidated,2024131404200,2024,131404200,1,9,0,18,6,2,0,8,0,0,1,2,1,1,3,2,52,8,-1,-1,-1,-1,2,1,E01010804,0
Unvalidated,2024131404244,2024,131404244,1,9,0,18,1,5,0,1,0,0,0,0,1,1,2,2,53,8,-1,-1,-1,-1,3,1,E01011843,0
Unvalidated,2024131404244,2024,131404244,2,9,0,9,1,3,0,1,0,0,0,0,4,1,2,1,28,6,-1,-1,-1,-1,3,1,E01015801,0
Unvalidated,2024131404315,2024,131404315,1,9,0,-1,-1,-1,-1,-1,-1,-1,-1,0,-1,1,6,3,-1,-1,-1,-1,-1,-1,-1,-1,-1,0
Unvalidated,2024131404315,2024,131404315,2,9,0,8,1,1,0,1,0,0,0,0,2,1,6,2,49,8,-1,-1,-1,-1,4,1,E01032498,0
Unvalidated,2024131404340,2024,131404340,1,9,0,18,1,5,0,0,0,0,1,11,1,1,1,2,48,8,-1,-1,-1,-1,3,1,E01010629,0
Unvalidated,2024131404340,2024,131404340,2,9,0,9,1,5,0,0,0,0,0,0,3,1,1,2,41,7,-1,-1,-1,-1,10,1,E01010766,0
Unvalidated,2024131404340,2024,131404340,3,9,0,2,3,3,0,0,0,0,0,0,1,1,6,3,-1,-1,-1,-1,-1,-1,-1,-1,-1,0
Unvalidated,2024131404366,2024,131404366,1,9,0,-1,-1,-1,-1,0,-1,-1,-1,-1,-1,1,6,3,-1,-1,-1,-1,-1,-1,-1,-1,-1,0
Unvalidated,2024131404366,2024,131404366,2,9,0,-1,-1,-1,-1,0,-1,-1,-1,-1,2,1,6,2,58,9,-1,-1,-1,-1,5,2,E01011178,0
Unvalidated,2024131404457,2024,131404457,1,9,0,-1,-1,-1,-1,0,-1,-1,-1,-1,-1,1,6,3,-1,-1,-1,-1,-1,-1,-1,-1,-1,0
Unvalidated,2024131404457,2024,131404457,2,4,0,14,1,5,0,0,0,0,0,0,4,1,6,1,19,4,-1,-1,-1,-1,8,1,E01011244,0
Unvalidated,2024131404491,2024,131404491,1,9,0,18,3,7,0,0,0,0,0,0,1,1,1,1,54,8,-1,-1,-1,-1,5,1,E01025605,0
Unvalidated,2024131404491,2024,131404491,2,9,0,18,3,7,0,0,0,0,0,0,2,1,1,1,48,8,-1,-1,-1,-1,3,1,E01006743,0
Unvalidated,2024131404543,2024,131404543,1,9,0,2,5,1,9,8,0,0,0,0,2,1,6,3,-1,-1,-1,-1,-1,-1,-1,-1,-1,0
Unvalidated,2024131404563,2024,131404563,1,90,0,-1,-1,-1,-1,-1,-1,-1,-1,-1,-1,1,6,3,-1,-1,-1,-1,-1,-1,-1,-1,-1,0
Unvalidated,2024131404577,2024,131404577,1,9,0,-1,-1,-1,-1,0,-1,-1,-1,-1,-1,1,6,3,-1,-1,-1,-1,-1,-1,-1,-1,-1,0
Unvalidated,2024131404587,2024,131404587,1,9,0,7,3,7,0,5,0,4,0,0,1,1,6,1,21,5,-1,-1,-1,-1,1,1,E01010807,0
Unvalidated,2024131404587,2024,131404587,2,9,0,2,0,0,0,2,0,4,0,0,2,1,6,3,-1,-1,-1,-1,-1,-1,-1,-1,-1,0
Unvalidated,2024131404587,2024,131404587,3,9,0,2,0,0,0,2,0,4,0,0,1,1,6,3,-1,-1,-1,-1,-1,-1,-1,-1,-1,0
Unvalidated,2024131404587,2024,131404587,4,9,0,2,0,0,0,2,0,0,0,0,2,1,6,3,-1,-1,-1,-1,-1,-1,-1,-1,-1,0
Unvalidated,2024131404587,2024,131404587,5,9,0,18,3,7,0,2,0,0,0,0,0,1,1,1,30,6,-1,-1,-1,-1,6,3,E01011885,0
Unvalidated,2024131404643,2024,131404643,1,98,0,18,7,3,0,0,0,0,0,0,3,1,1,1,42,7,-1,-1,-1,-1,2,1,E01011220,0
Unvalidated,2024131404643,2024,131404643,2,9,0,18,7,3,0,0,0,0,0,0,1,1,1,1,48,8,-1,-1,-1,-1,8,1,E01011047,0
Unvalidated,2024131404667,2024,131404667,1,9,0,9,7,3,0,1,0,0,0,0,4,1,1,1,54,8,-1,-1,-1,-1,2,1,E01010619,0
Unvalidated,2024131404667,2024,131404667,2,3,0,18,3,7,0,1,0,0,0,0,1,1,2,1,22,5,-1,-1,-1,-1,8,1,E01032491,0
Unvalidated,2024131404674,2024,131404674,1,9,0,4,6,2,0,0,0,0,0,0,2,1,1,1,22,5,-1,-1,-1,-1,1,1,E01011144,0
Unvalidated,2024131404674,2024,131404674,2,9,0,18,6,2,0,0,0,0,0,0,1,1,1,2,22,5,-1,-1,-1,-1,1,1,E01011143,0
Unvalidated,2024131404720,2024,131404720,1,9,0,18,6,2,0,8,0,0,0,0,1,1,6,3,-1,-1,-1,-1,-1,-1,-1,-1,-1,0
Unvalidated,2024131404720,2024,131404720,2,8,0,4,-1,-1,0,8,0,-1,-1,0,2,1,6,3,-1,-1,-1,-1,-1,-1,-1,-1,-1,0
Unvalidated,2024131404834,2024,131404834,1,9,0,7,7,4,0,8,0,0,0,0,1,1,5,1,18,4,-1,-1,-1,-1,1,1,E01011917,0
Unvalidated,2024131404834,2024,131404834,2,9,0,18,8,4,0,8,0,0,0,0,4,1,5,1,56,9,-1,-1,-1,-1,1,1,E01011780,0
Unvalidated,2024131404918,2024,131404918,1,9,0,9,-1,-1,0,8,-1,-1,-1,-1,-1,1,6,3,-1,-1,-1,-1,-1,-1,-1,-1,-1,0
Unvalidated,2024131404918,2024,131404918,2,1,0,18,5,1,0,8,0,0,0,0,3,1,1,1,22,5,-1,-1,-1,-1,1,1,E01011362,0
Unvalidated,2024131404941,2024,131404941,1,9,0,18,3,7,0,0,5,4,0,0,1,1,6,1,71,10,-1,-1,-1,-1,10,3,E01010954,0
Unvalidated,2024131404941,2024,131404941,2,9,0,2,0,0,0,0,0,0,0,0,2,1,6,3,-1,-1,-1,-1,-1,-1,-1,-1,-1,0
Unvalidated,2024131404948,2024,131404948,1,9,0,18,1,1,0,8,0,0,0,0,2,1,2,2,52,8,-1,-1,-1,-1,5,2,E01011178,0
Unvalidated,2024131404948,2024,131404948,2,9,0,18,1,1,0,8,0,0,0,0,1,1,2,2,48,8,-1,-1,-1,-1,7,1,E01011068,0
Unvalidated,2024131404953,2024,131404953,1,9,0,18,5,5,0,8,0,0,0,0,1,1,5,2,35,6,-1,-1,-1,-1,4,1,E01011007,0
Unvalidated,2024131404959,2024,131404959,1,9,0,18,5,1,0,8,0,0,0,0,4,1,6,2,32,6,-1,-1,-1,-1,1,1,E01011475,0
Unvalidated,2024131404959,2024,131404959,2,9,0,18,3,7,0,8,0,0,0,0,1,1,5,1,27,6,-1,-1,-1,-1,1,1,E01010617,0
Unvalidated,2024131404969,2024,131404969,1,9,0,3,1,1,0,0,0,0,0,0,2,1,6,2,48,8,-1,-1,-1,-1,2,1,E01011421,0
Unvalidated,2024131404969,2024,131404969,2,9,0,-1,-1,-1,-1,0,-1,-1,-1,-1,-1,1,6,1,27,6,-1,-1,-1,-1,7,1,E01011646,0
Unvalidated,2024131404973,2024,131404973,1,19,0,9,8,1,0,0,0,0,0,0,1,1,1,1,67,10,-1,-1,-1,-1,7,1,E01011895,0
Unvalidated,2024131404973,2024,131404973,2,9,0,18,6,6,0,0,0,0,0,0,4,1,5,1,38,7,-1,-1,-1,-1,6,1,E01010816,0
Unvalidated,2024131405029,2024,131405029,1,98,0,9,5,2,0,5,0,0,0,0,1,1,1,1,42,7,-1,-1,-1,-1,9,1,E01010334,0
Unvalidated,2024131405030,2024,131405030,1,21,0,12,3,7,0,0,0,0,0,0,3,1,1,1,37,7,-1,-1,-1,-1,-1,-1,-1,0
Unvalidated,2024131405030,2024,131405030,2,9,0,18,3,7,0,0,0,0,0,0,2,1,6,2,35,6,-1,-1,-1,-1,-1,-1,-1,0
Unvalidated,2024131405034,2024,131405034,1,9,0,9,3,7,0,0,0,0,0,0,3,1,6,1,46,8,-1,-1,-1,-1,2,1,E01011837,0
Unvalidated,2024131405034,2024,131405034,2,9,0,18,1,5,0,0,0,4,0,0,1,1,6,1,34,6,-1,-1,-1,-1,2,1,E01011814,0
Unvalidated,2024131405047,2024,131405047,1,9,0,6,3,3,0,1,0,0,0,0,4,1,5,2,55,8,-1,-1,-1,-1,7,1,E01011878,0
Unvalidated,2024131405047,2024,131405047,2,23,0,-1,-1,-1,-1,6,-1,-1,-1,0,-1,1,6,1,16,4,-1,-1,-1,-1,9,1,E01011939,0
Unvalidated,2024131405127,2024,131405127,1,9,0,18,1,1,0,1,0,0,0,0,1,1,2,1,36,7,-1,-1,-1,-1,5,1,E01032495,0
Unvalidated,2024131405127,2024,131405127,2,1,0,3,3,7,0,6,0,0,0,0,1,1,6,2,29,6,-1,-1,-1,-1,3,1,E01010670,0
Unvalidated,2024131405169,2024,131405169,1,11,0,2,0,0,2,8,0,0,0,0,4,1,6,3,-1,-1,-1,-1,-1,-1,-1,-1,-1,0
Unvalidated,2024131405188,2024,131405188,1,90,0,-1,-1,-1,-1,0,-1,-1,-1,-1,-1,1,6,3,-1,-1,-1,-1,-1,-1,-1,-1,-1,0
Unvalidated,2024131405309,2024,131405309,1,3,0,18,7,3,0,0,0,0,0,0,1,1,2,1,31,6,-1,-1,-1,-1,9,2,E01027920,0
Unvalidated,2024131405313,2024,131405313,1,9,0,18,1,5,0,2,0,0,0,0,3,1,6,1,67,10,-1,-1,-1,-1,10,1,E01011593,0
Unvalidated,2024131405313,2024,131405313,2,9,0,18,1,5,0,2,0,0,0,0,1,1,6,2,39,7,-1,-1,-1,-1,1,1,E01011326,0
Unvalidated,2024131405317,2024,131405317,1,9,0,18,1,5,0,8,0,0,0,0,1,1,6,3,-1,-1,-1,-1,-1,-1,-1,-1,-1,0
Unvalidated,2024131405317,2024,131405317,2,9,0,18,3,7,0,8,0,0,0,0,3,1,5,2,50,8,-1,-1,-1,-1,1,1,E01011360,0
Unvalidated,2024131405323,2024,131405323,1,19,0,18,1,1,0,0,0,0,0,0,0,1,6,3,38,7,-1,-1,-1,-1,-1,-1,-1,0
Unvalidated,2024131405323,2024,131405323,2,9,0,18,1,1,0,0,0,0,0,0,2,1,1,1,48,8,-1,-1,-1,-1,9,2,E01011177,0
Unvalidated,2024131405323,2024,131405323,3,20,0,18,1,1,0,0,0,0,0,0,2,1,1,1,52,8,-1,-1,-1,-1,3,1,E01010993,0
Unvalidated,2024131405323,2024,131405323,4,9,0,18,1,1,0,0,1,0,0,0,2,1,1,2,46,8,-1,-1,-1,-1,6,3,E01011070,0
Unvalidated,2024131405323,2024,131405323,5,9,0,18,1,1,0,0,1,0,0,0,1,1,1,1,37,7,-1,-1,-1,-1,3,1,E01010630,0
Unvalidated,2024131405343,2024,131405343,1,9,0,-1,-1,-1,-1,1,-1,-1,-1,0,4,1,5,1,32,6,-1,-1,-1,-1,3,1,E01010670,0
Unvalidated,2024131405343,2024,131405343,2,9,0,-1,-1,-1,-1,1,-1,-1,-1,0,-1,1,6,3,24,5,-1,-1,-1,-1,-1,-1,-1,0
Unvalidated,2024131405367,2024,131405367,1,9,0,18,1,1,0,0,0,0,0,0,4,1,5,1,78,11,-1,-1,-1,-1,9,1,E01011381,0
Unvalidated,2024131405367,2024,131405367,2,9,0,5,3,5,0,0,0,0,0,0,1,1,5,2,22,5,-1,-1,-1,-1,7,1,E01011383,0
Unvalidated,2024131405368,2024,131405368,1,9,0,-1,-1,-1,-1,-1,-1,-1,-1,0,-1,1,6,1,28,6,-1,-1,-1,-1,3,1,E01011040,0
Unvalidated,2024131405372,2024,131405372,1,9,0,18,3,7,0,0,0,0,0,0,3,1,6,3,34,6,-1,-1,-1,-1,-1,-1,-1,0
Unvalidated,2024131405372,2024,131405372,2,9,0,18,7,3,0,0,5,0,0,0,3,1,6,2,24,5,-1,-1,-1,-1,5,1,E01011063,0
Unvalidated,2024131405372,2024,131405372,3,9,0,18,7,3,0,0,0,0,0,0,1,1,6,2,20,4,-1,-1,-1,-1,5,1,E01011063,0
Unvalidated,2024131405399,2024,131405399,1,19,0,7,1,5,0,8,-1,-1,-1,-1,-1,1,6,3,-1,-1,-1,-1,-1,-1,-1,-1,-1,0
Unvalidated,2024131405399,2024,131405399,2,9,0,18,3,7,0,8,0,0,0,0,4,1,2,1,38,7,-1,-1,-1,-1,1,1,E01011295,0
Unvalidated,2024131405399,2024,131405399,3,9,0,18,1,5,0,1,0,0,0,0,0,1,1,1,30,6,-1,-1,-1,-1,2,1,E01011370,0
Unvalidated,2024131405413,2024,131405413,1,9,0,9,3,5,0,8,0,7,7,1,4,1,5,2,67,10,-1,-1,-1,-1,1,1,E01011471,0
Unvalidated,2024131405413,2024,131405413,2,9,0,18,3,7,0,8,0,0,0,0,3,1,5,2,53,8,-1,-1,-1,-1,1,1,E01011472,0
Unvalidated,2024131405517,2024,131405517,1,9,0,9,3,1,0,0,0,0,0,0,1,1,2,1,59,9,-1,-1,-1,-1,6,2,E01010888,0
Unvalidated,2024131405517,2024,131405517,2,9,0,18,1,5,0,0,0,0,0,0,4,1,6,1,41,7,-1,-1,-1,-1,1,1,E01010960,0
Unvalidated,2024131405545,2024,131405545,1,9,0,18,3,7,0,2,0,0,0,0,0,1,5,1,65,9,-1,-1,-1,-1,10,1,E01010697,0
Unvalidated,2024131405545,2024,131405545,2,1,0,18,1,5,0,8,0,0,0,0,3,1,5,1,41,7,-1,-1,-1,-1,10,1,E01010697,0
Unvalidated,2024131405571,2024,131405571,1,9,0,18,1,1,0,0,0,4,1,1,4,1,5,2,81,11,-1,-1,-1,-1,2,1,E01010916,0
Unvalidated,2024131405571,2024,131405571,2,9,0,2,1,1,0,0,0,0,0,0,2,1,1,1,57,9,-1,-1,-1,-1,7,3,E01007493,0
Unvalidated,2024131405578,2024,131405578,1,9,0,-1,-1,-1,-1,-1,-1,-1,-1,0,-1,1,6,3,-1,-1,-1,-1,-1,-1,-1,-1,-1,0
Unvalidated,2024131405586,2024,131405586,1,9,0,-1,-1,-1,-1,-1,-1,-1,-1,-1,-1,1,6,3,-1,-1,-1,-1,-1,-1,-1,-1,-1,0
Unvalidated,2024131405646,2024,131405646,1,9,0,18,1,3,0,1,0,0,0,0,-1,1,6,3,-1,-1,-1,-1,-1,-1,-1,-1,-1,0
Unvalidated,2024131405646,2024,131405646,2,9,0,7,5,3,0,2,0,0,0,0,1,1,6,1,26,6,-1,-1,-1,-1,1,1,E01010731,0
Unvalidated,2024131405646,2024,131405646,3,9,0,7,1,3,0,1,0,0,0,0,3,1,6,2,26,6,-1,-1,-1,-1,1,1,E01033697,0
Unvalidated,2024131405670,2024,131405670,1,9,0,9,1,3,0,6,0,0,0,0,3,1,6,2,41,7,-1,-1,-1,-1,3,1,E01033005,0
Unvalidated,2024131405670,2024,131405670,2,1,0,18,1,5,0,1,0,0,0,0,3,1,6,2,29,6,-1,-1,-1,-1,5,1,E01011441,0
Unvalidated,2024131405678,2024,131405678,1,9,0,-1,-1,-1,-1,-1,-1,-1,-1,-1,-1,1,6,3,-1,-1,-1,-1,-1,-1,-1,-1,-1,0
Unvalidated,2024131405694,2024,131405694,1,1,0,18,2,7,0,0,0,0,0,0,4,1,6,1,14,3,-1,-1,-1,-1,1,1,E01011364,0
Unvalidated,2024131405694,2024,131405694,2,9,0,18,1,5,0,0,0,0,0,0,1,1,6,2,24,5,-1,-1,-1,-1,1,1,E01011625,0
Unvalidated,2024131405711,2024,131405711,1,9,0,18,3,7,0,0,0,0,0,0,4,1,6,3,-1,-1,-1,-1,-1,-1,-1,-1,-1,0
Unvalidated,2024131405734,2024,131405734,1,9,0,18,1,5,0,0,0,0,0,0,3,1,2,2,28,6,-1,-1,-1,-1,8,1,E01032488,0
Unvalidated,2024131405741,2024,131405741,1,19,0,18,1,5,0,8,0,0,0,0,1,1,6,1,27,6,-1,-1,-1,-1,2,1,E01010724,0
Unvalidated,2024131405741,2024,131405741,2,9,0,2,0,0,0,8,0,0,2,11,2,1,6,3,-1,-1,-1,-1,-1,-1,-1,-1,-1,0
Unvalidated,2024131405776,2024,131405776,1,9,0,18,7,3,0,0,1,0,1,1,1,1,5,1,31,6,-1,-1,-1,-1,1,1,E01011430,0
Unvalidated,2024131405781,2024,131405781,1,9,0,16,1,5,0,8,0,0,0,0,3,1,5,1,43,7,-1,-1,-1,-1,4,1,E01010763,0
Unvalidated,2024131405792,2024,131405792,1,9,0,18,7,3,0,0,0,0,0,0,4,1,6,1,29,6,-1,-1,-1,-1,1,1,E01006610,0
Unvalidated,2024131405905,2024,131405905,1,19,0,18,1,1,0,0,0,0,0,0,1,1,1,1,29,6,-1,-1,-1,-1,5,2,E01011766,0
Unvalidated,2024131405905,2024,131405905,2,9,0,3,1,1,0,0,0,0,0,0,2,1,5,1,60,9,-1,-1,-1,-1,3,1,E01007799,0
Unvalidated,2024131405920,2024,131405920,1,19,0,18,1,2,0,8,0,0,0,0,3,1,5,1,37,7,-1,-1,-1,-1,7,3,E01010911,0
Unvalidated,2024131405920,2024,131405920,2,9,0,18,5,5,0,8,0,0,0,0,3,1,6,2,44,7,-1,-1,-1,-1,2,1,E01010916,0
Unvalidated,2024131405933,2024,131405933,1,9,0,13,7,3,0,2,0,0,0,0,1,1,5,1,21,5,-1,-1,-1,-1,1,1,E01010744,0
Unvalidated,2024131405992,2024,131405992,1,2,0,18,4,4,0,8,0,0,0,0,1,1,5,1,17,4,-1,-1,-1,-1,1,1,E01010650,0
Unvalidated,2024131405992,2024,131405992,2,9,0,9,8,8,0,8,0,0,0,0,3,1,5,1,53,8,-1,-1,-1,-1,2,1,E01010621,0
Unvalidated,2024131406035,2024,131406035,1,97,0,18,-1,-1,0,1,0,0,-1,0,-1,1,5,1,39,7,-1,-1,-1,-1,3,1,E01011060,0
Unvalidated,2024131406041,2024,131406041,1,9,0,16,5,1,0,8,1,0,7,11,3,1,6,1,18,4,-1,-1,-1,-1,3,2,E01011175,0
Unvalidated,2024131406081,2024,131406081,1,9,0,2,5,1,0,0,0,0,0,0,2,1,6,1,45,7,-1,-1,-1,-1,7,1,E01011890,0
Unvalidated,2024131406081,2024,131406081,2,9,0,18,5,1,0,0,0,4,0,0,1,1,5,2,34,6,-1,-1,-1,-1,1,1,E01007769,0
Unvalidated,2024131406094,2024,131406094,1,9,0,1,7,3,0,1,0,0,0,0,-1,1,6,1,21,5,-1,-1,-1,-1,-1,-1,-1,0
Unvalidated,2024131406094,2024,131406094,2,1,0,3,0,0,0,1,0,0,0,0,1,1,6,1,55,8,-1,-1,-1,-1,4,1,E01011871,0
Unvalidated,2024131406096,2024,131406096,1,9,0,7,5,1,0,1,0,0,0,0,4,1,2,1,28,6,-1,-1,-1,-1,6,1,E01032946,0
Unvalidated,2024131406120,2024,131406120,1,9,0,7,2,7,0,2,0,0,0,0,1,1,6,3,-1,-1,-1,-1,-1,-1,-1,-1,-1,0
Unvalidated,2024131406138,2024,131406138,1,9,0,6,3,7,0,0,0,0,0,0,3,1,5,2,36,7,-1,-1,-1,-1,1,1,E01010803,0
Unvalidated,2024131406138,2024,131406138,2,9,0,18,1,5,0,0,0,0,0,0,1,1,5,1,37,7,-1,-1,-1,-1,1,1,E01010812,0
Unvalidated,2024131406140,2024,131406140,1,9,0,-1,-1,-1,-1,-1,-1,-1,-1,-1,-1,1,6,3,-1,-1,-1,-1,-1,-1,-1,-1,-1,0
Unvalidated,2024131406160,2024,131406160,1,9,0,9,5,1,0,6,0,0,0,0,1,1,5,2,65,9,-1,-1,-1,-1,10,1,E01011458,0
Unvalidated,2024131406160,2024,131406160,2,1,0,18,5,1,0,8,2,0,0,0,1,1,6,1,33,6,-1,-1,-1,-1,7,1,E01011588,0
Unvalidated,2024131406180,2024,131406180,1,9,0,-1,-1,-1,-1,0,-1,-1,-1,0,-1,1,6,3,-1,-1,-1,-1,-1,-1,-1,-1,-1,0
Unvalidated,2024131406180,2024,131406180,2,9,0,18,6,2,0,0,0,0,0,0,3,1,6,1,54,8,-1,-1,-1,-1,6,1,E01013895,0
Unvalidated,2024131406183,2024,131406183,1,9,0,9,7,1,0,5,0,0,0,0,4,1,5,2,27,6,-1,-1,-1,-1,9,1,E01011508,0
Unvalidated,2024131406209,2024,131406209,1,9,0,17,1,5,0,1,0,0,1,2,1,1,5,1,25,5,-1,-1,-1,-1,6,1,E01011108,0
Unvalidated,2024131406226,2024,131406226,1,9,0,9,3,1,0,8,0,0,0,0,1,1,5,1,31,6,-1,-1,-1,-1,1,1,E01011345,0
Unvalidated,2024131406226,2024,131406226,2,9,0,18,1,5,0,1,0,0,1,4,4,1,5,1,35,6,-1,-1,-1,-1,7,1,E01011635,0
Unvalidated,2024131406250,2024,131406250,1,9,0,18,5,1,0,3,0,0,1,11,1,1,5,1,20,4,-1,-1,-1,-1,3,1,E01025069,0