status,collision_index,collision_year,collision_reference,vehicle_reference,vehicle_type,towing_and_articulation,vehicle_manoeuvre,vehicle_direction_from,vehicle_direction_to,vehicle_location_restricted_lane,junction_location,skidding_and_overturning,hit_object_in_carriageway,vehicle_leaving_carriageway,hit_object_off_carriageway,first_point_of_impact,vehicle_left_hand_drive,journey_purpose_of_driver,sex_of_driver,age_of_driver,age_band_of_driver,engine_capacity_cc,propulsion_code,age_of_vehicle,generic_make_model,driver_imd_decile,driver_home_area_type,lsoa_of_driver,escooter_flag
Unvalidated,2024131406250,2024,131406250,2,9,0,18,5,1,0,3,0,0,0,0,0,1,1,1,23,5,-1,-1,-1,-1,1,1,E01010614,0
Unvalidated,2024131406254,2024,131406254,1,9,0,7,7,3,0,0,0,0,8,7,1,1,6,1,38,7,-1,-1,-1,-1,2,1,E01005354,0
Unvalidated,2024131406254,2024,131406254,2,9,0,18,7,3,0,0,0,0,0,0,0,1,6,3,-1,-1,-1,-1,-1,-1,-1,-1,-1,0
Unvalidated,2024131406403,2024,131406403,1,9,0,18,1,1,0,8,0,0,0,0,1,1,6,1,71,10,-1,-1,-1,-1,3,1,E01011463,0
Unvalidated,2024131406403,2024,131406403,2,9,0,9,7,7,0,8,5,0,0,0,4,1,6,1,23,5,-1,-1,-1,-1,2,1,E01011681,0
Unvalidated,2024131406552,2024,131406552,1,9,0,18,7,3,0,8,0,0,0,0,4,1,6,3,-1,-1,-1,-1,-1,-1,-1,-1,-1,0
Unvalidated,2024131406558,2024,131406558,1,9,0,18,5,1,0,0,0,0,0,0,3,1,2,1,52,8,-1,-1,-1,-1,3,1,E01011369,0
Unvalidated,2024131406614,2024,131406614,1,1,0,9,5,2,0,0,0,0,2,10,1,1,5,1,41,7,-1,-1,-1,-1,1,1,E01011621,0
Unvalidated,2024131406709,2024,131406709,1,9,0,18,1,5,0,0,0,0,0,0,1,1,2,2,36,7,-1,-1,-1,-1,1,1,E01010944,0
Unvalidated,2024131406709,2024,131406709,2,9,0,3,1,5,0,0,0,0,1,0,2,1,2,2,47,8,-1,-1,-1,-1,3,1,E01010940,0
Unvalidated,2024131406709,2024,131406709,3,9,0,3,1,5,0,0,0,0,0,0,2,1,2,1,32,6,-1,-1,-1,-1,1,1,E01010926,0
Unvalidated,2024131406709,2024,131406709,4,9,0,3,1,5,0,0,0,0,0,0,3,1,2,1,36,7,-1,-1,-1,-1,1,1,E01010925,0
Unvalidated,2024131406759,2024,131406759,1,9,0,5,4,8,0,8,0,0,0,0,1,1,2,2,45,7,-1,-1,-1,-1,5,1,E01011184,0
Unvalidated,2024131406780,2024,131406780,1,9,0,-1,-1,-1,-1,-1,-1,-1,-1,-1,1,1,6,3,-1,-1,-1,-1,-1,-1,-1,-1,-1,0
Unvalidated,2024131406780,2024,131406780,2,9,0,8,5,1,0,1,0,0,0,0,2,1,6,2,44,7,-1,-1,-1,-1,3,1,E01010703,0
Unvalidated,2024131406790,2024,131406790,1,9,0,9,7,5,0,6,0,0,0,0,1,1,5,2,74,10,-1,-1,-1,-1,5,3,E01011788,0
Unvalidated,2024131406790,2024,131406790,2,5,0,18,5,1,0,1,0,0,0,0,4,1,2,1,28,6,-1,-1,-1,-1,2,1,E01011872,0
Unvalidated,2024131406795,2024,131406795,1,9,0,9,1,3,0,0,0,0,0,0,1,1,2,2,24,5,-1,-1,-1,-1,4,1,E01011678,0
Unvalidated,2024131406925,2024,131406925,1,9,0,18,4,8,0,1,0,0,0,0,3,1,2,2,31,6,-1,-1,-1,-1,10,1,E01010906,0
Unvalidated,2024131406925,2024,131406925,2,9,0,18,2,6,0,1,0,0,0,0,0,1,5,1,52,8,-1,-1,-1,-1,6,1,E01010870,0
Unvalidated,2024131406934,2024,131406934,1,9,0,9,7,1,0,8,0,0,0,0,1,1,5,1,19,4,-1,-1,-1,-1,1,1,E01010842,0
Unvalidated,2024131406946,2024,131406946,1,9,0,6,7,3,0,0,0,0,1,0,3,1,5,2,50,8,-1,-1,-1,-1,7,1,E01011588,0
Unvalidated,2024131406946,2024,131406946,2,9,0,13,3,7,0,0,0,0,7,2,3,1,5,1,23,5,-1,-1,-1,-1,2,1,E01010804,0
Unvalidated,2024131406990,2024,131406990,1,9,0,4,5,8,0,0,0,0,0,0,1,1,6,3,-1,-1,-1,-1,-1,-1,-1,-1,-1,0
Unvalidated,2024131406990,2024,131406990,2,9,0,8,5,8,0,0,0,0,0,0,2,1,2,2,46,8,-1,-1,-1,-1,8,1,E01005330,0
Unvalidated,2024131406995,2024,131406995,1,9,0,9,5,3,0,8,0,0,0,0,3,1,6,1,37,7,-1,-1,-1,-1,6,1,E01011490,0
Unvalidated,2024131406995,2024,131406995,2,5,0,18,3,7,0,8,2,0,0,0,1,1,6,1,55,8,-1,-1,-1,-1,3,1,E01011313,0
Unvalidated,2024131407009,2024,131407009,1,9,0,9,6,2,9,1,0,0,0,0,1,1,5,2,21,5,-1,-1,-1,-1,1,1,E01011364,0
Unvalidated,2024131407025,2024,131407025,1,9,0,-1,-1,-1,0,8,-1,-1,-1,0,-1,1,1,1,61,9,-1,-1,-1,-1,1,1,E01010803,0
Unvalidated,2024131407025,2024,131407025,2,9,0,-1,-1,-1,0,8,-1,-1,-1,0,-1,1,6,3,30,6,-1,-1,-1,-1,-1,-1,-1,0
Unvalidated,2024131407034,2024,131407034,1,9,0,9,1,3,0,6,0,0,0,0,3,1,5,1,19,4,-1,-1,-1,-1,4,2,E01011858,0
Unvalidated,2024131407034,2024,131407034,2,3,0,18,8,7,0,1,0,0,0,0,1,1,2,1,52,8,-1,-1,-1,-1,3,1,E01011779,0
Unvalidated,2024131407149,2024,131407149,1,9,0,13,6,2,0,1,0,0,0,0,1,1,5,1,20,4,-1,-1,-1,-1,1,1,E01010841,0
Unvalidated,2024131407149,2024,131407149,2,9,0,18,6,2,0,1,0,0,0,0,0,1,1,1,27,6,-1,-1,-1,-1,1,1,E01010730,0
Unvalidated,2024131407149,2024,131407149,3,9,0,2,0,0,0,1,0,0,0,0,3,1,5,2,38,7,-1,-1,-1,-1,1,1,E01010841,0
Unvalidated,2024131407149,2024,131407149,4,9,0,18,6,2,0,1,0,0,0,0,4,1,5,1,47,8,-1,-1,-1,-1,1,1,E01010841,0
Unvalidated,2024131407242,2024,131407242,1,90,0,18,5,1,0,0,0,0,0,0,1,1,6,1,19,4,-1,-1,-1,-1,-1,-1,-1,0
Unvalidated,2024131407313,2024,131407313,1,9,0,5,7,3,0,8,0,0,0,0,1,1,6,2,29,6,-1,-1,-1,-1,6,1,E01011586,0
Unvalidated,2024131407313,2024,131407313,2,1,0,18,5,1,0,8,5,0,0,0,4,1,6,1,37,7,-1,-1,-1,-1,6,1,E01011610,0
Unvalidated,2024131407328,2024,131407328,1,3,0,17,1,2,0,8,0,0,0,0,0,1,6,1,53,8,-1,-1,-1,-1,8,1,E01011714,0
Unvalidated,2024131407359,2024,131407359,1,9,0,4,7,3,0,0,0,0,0,0,2,1,2,1,56,9,-1,-1,-1,-1,2,1,E01011852,0
Unvalidated,2024131407359,2024,131407359,2,9,0,4,3,7,0,0,0,0,0,0,1,1,2,2,34,6,-1,-1,-1,-1,1,1,E01011625,0
Unvalidated,2024131407360,2024,131407360,1,9,0,5,2,8,0,8,0,0,0,0,3,1,6,2,31,6,-1,-1,-1,-1,6,2,E01010594,0
Unvalidated,2024131407360,2024,131407360,2,1,0,18,8,4,0,8,5,0,0,0,1,1,6,1,21,5,-1,-1,-1,-1,7,3,E01010911,0
Unvalidated,2024131407371,2024,131407371,1,4,0,18,3,7,0,2,0,0,0,0,1,1,1,1,27,6,-1,-1,-1,-1,6,1,E01011480,0
Unvalidated,2024131407377,2024,131407377,1,9,0,18,1,5,0,0,0,0,0,0,1,1,6,2,19,4,-1,-1,-1,-1,1,1,E01011133,0
Unvalidated,2024131407388,2024,131407388,1,8,0,-1,7,3,-1,8,-1,-1,-1,0,-1,1,6,3,-1,-1,-1,-1,-1,-1,-1,-1,-1,0
Unvalidated,2024131407388,2024,131407388,2,1,0,18,7,3,0,8,0,0,0,0,3,1,6,1,15,3,-1,-1,-1,-1,1,1,E01011472,0
Unvalidated,2024131407439,2024,131407439,1,9,0,18,5,1,0,0,1,0,0,0,4,1,6,1,20,4,-1,-1,-1,-1,4,1,E01003573,0
Unvalidated,2024131407439,2024,131407439,2,9,0,18,5,1,0,0,1,0,0,0,1,1,1,1,38,7,-1,-1,-1,-1,6,3,E01011885,0
Unvalidated,2024131407439,2024,131407439,3,9,0,18,5,1,0,0,1,0,0,0,1,1,1,1,46,8,-1,-1,-1,-1,6,3,E01011885,0
Unvalidated,2024131407439,2024,131407439,4,9,0,18,5,1,0,0,1,0,0,0,1,1,1,1,42,7,-1,-1,-1,-1,6,3,E01011885,0
Unvalidated,2024131407439,2024,131407439,5,9,0,18,5,1,0,0,1,0,0,0,1,1,1,1,50,8,-1,-1,-1,-1,10,1,E01027719,0
Unvalidated,2024131407439,2024,131407439,6,9,0,18,5,1,0,0,1,0,0,0,1,1,1,1,32,6,-1,-1,-1,-1,6,3,E01011885,0
Unvalidated,2024131407503,2024,131407503,1,3,0,18,5,1,0,1,0,0,0,0,0,1,2,1,19,4,-1,-1,-1,-1,4,2,E01010595,0
Unvalidated,2024131407503,2024,131407503,2,9,0,9,5,1,0,6,0,0,0,0,0,1,6,3,-1,-1,-1,-1,-1,-1,-1,-1,-1,0
Unvalidated,2024131407553,2024,131407553,1,9,0,7,4,8,0,0,0,0,1,0,1,1,6,3,-1,-1,-1,-1,-1,-1,-1,-1,-1,0
Unvalidated,2024131407596,2024,131407596,1,9,0,6,5,1,0,6,0,0,0,0,1,1,6,1,49,8,-1,-1,-1,-1,2,1,E01011656,0
Unvalidated,2024131407596,2024,131407596,2,9,0,18,4,8,0,2,0,0,0,0,4,1,5,2,63,9,-1,-1,-1,-1,7,1,E01011383,0
Unvalidated,2024131407657,2024,131407657,1,9,0,-1,-1,-1,-1,0,-1,-1,-1,0,-1,1,6,3,99,11,-1,-1,-1,-1,-1,-1,-1,0
Unvalidated,2024131407665,2024,131407665,1,9,0,-1,-1,-1,-1,-1,-1,-1,-1,0,-1,1,6,3,-1,-1,-1,-1,-1,-1,-1,-1,-1,0
Unvalidated,2024131407700,2024,131407700,1,9,0,18,1,5,0,1,1,0,7,11,3,1,1,1,56,9,-1,-1,-1,-1,1,1,E01010966,0
Unvalidated,2024131407758,2024,131407758,1,9,0,-1,-1,-1,-1,-1,-1,-1,-1,-1,-1,1,6,3,-1,-1,-1,-1,-1,-1,-1,-1,-1,0
Unvalidated,2024131407758,2024,131407758,2,1,0,18,4,8,0,8,5,0,0,0,4,1,6,1,17,4,-1,-1,-1,-1,2,1,E01010792,0
Unvalidated,2024131407770,2024,131407770,1,9,0,18,7,3,0,0,0,0,0,0,3,1,2,1,48,8,-1,-1,-1,-1,5,1,E01011523,0
Unvalidated,2024131407777,2024,131407777,1,9,0,9,3,1,0,0,0,0,0,0,1,2,5,1,31,6,-1,-1,-1,-1,3,1,E01032606,0
Unvalidated,2024131407777,2024,131407777,2,9,0,5,7,3,0,0,0,0,0,0,3,2,5,1,38,7,-1,-1,-1,-1,10,2,E01028382,0
Unvalidated,2024131407813,2024,131407813,1,90,0,13,1,5,0,0,0,0,0,0,4,2,1,1,51,8,-1,-1,-1,-1,-1,-1,-1,0
Unvalidated,2024131407813,2024,131407813,2,9,0,18,1,5,0,0,1,0,0,0,3,1,2,2,44,7,-1,-1,-1,-1,10,2,E01011711,0
Unvalidated,2024131407836,2024,131407836,1,9,0,18,1,5,0,8,0,0,7,11,1,1,5,1,68,10,-1,-1,-1,-1,1,1,E01011349,0
Unvalidated,2024131407862,2024,131407862,1,9,0,18,1,5,0,3,0,0,0,0,1,1,2,2,48,8,-1,-1,-1,-1,-1,-1,-1,0
Unvalidated,2024131407892,2024,131407892,1,9,0,18,1,5,0,8,2,0,8,9,1,1,1,2,36,7,-1,-1,-1,-1,8,1,E01010709,0
Unvalidated,2024131407903,2024,131407903,1,9,0,18,4,8,0,0,0,0,0,0,1,1,2,2,66,10,-1,-1,-1,-1,4,1,E01011597,0
Unvalidated,2024131407920,2024,131407920,1,9,0,14,5,1,0,0,0,0,0,0,1,1,2,1,26,6,-1,-1,-1,-1,10,1,E01011272,0
Unvalidated,2024131407942,2024,131407942,1,9,0,18,7,3,0,1,1,0,0,0,1,1,6,3,-1,-1,-1,-1,-1,-1,-1,-1,-1,0
Unvalidated,2024131407942,2024,131407942,2,9,0,3,7,3,0,4,0,0,0,0,2,1,6,1,20,4,-1,-1,-1,-1,2,1,E01010796,0
Unvalidated,2024131408002,2024,131408002,1,9,0,9,3,7,0,2,0,0,0,0,1,1,1,1,52,8,-1,-1,-1,-1,3,1,E01033542,0
Unvalidated,2024131408002,2024,131408002,2,9,0,18,1,5,0,1,0,0,1,0,1,1,1,1,41,7,-1,-1,-1,-1,4,1,E01011023,0
Unvalidated,2024131408008,2024,131408008,1,19,0,18,1,5,0,8,0,0,0,0,0,1,6,3,-1,-1,-1,-1,-1,-1,-1,-1,-1,0
Unvalidated,2024131408008,2024,131408008,2,9,0,18,3,7,0,1,0,0,0,0,1,1,5,2,37,7,-1,-1,-1,-1,-1,-1,-1,0
Unvalidated,2024131408064,2024,131408064,1,9,0,-1,-1,-1,-1,-1,-1,-1,-1,-1,-1,1,6,3,-1,-1,-1,-1,-1,-1,-1,-1,-1,0
Unvalidated,2024131408081,2024,131408081,1,9,0,18,1,-1,0,1,0,0,0,0,1,1,6,3,-1,-1,-1,-1,-1,-1,-1,-1,-1,0
Unvalidated,2024131408081,2024,131408081,2,9,0,18,1,-1,0,1,0,0,0,0,2,1,6,1,62,9,-1,-1,-1,-1,7,1,E01011775,0
Unvalidated,2024131408081,2024,131408081,3,9,0,18,1,-1,0,1,0,0,0,0,2,1,6,2,65,9,-1,-1,-1,-1,3,1,E01010761,0
Unvalidated,2024131408093,2024,131408093,1,9,0,18,5,1,0,0,0,0,0,0,1,1,5,1,36,7,-1,-1,-1,-1,4,1,E01011286,0
Unvalidated,2024131408093,2024,131408093,2,9,0,18,1,5,0,0,0,0,0,0,1,1,6,1,54,8,-1,-1,-1,-1,1,1,E01011918,0
Unvalidated,2024131408093,2024,131408093,3,9,0,2,5,1,0,0,0,0,0,0,1,1,6,3,-1,-1,-1,-1,-1,-1,-1,-1,-1,0
Unvalidated,2024131408102,2024,131408102,1,9,0,4,5,5,0,4,0,0,0,0,1,2,5,1,47,8,-1,-1,-1,-1,1,1,E01010965,0
Unvalidated,2024131408102,2024,131408102,2,9,0,18,5,5,0,4,0,0,0,0,2,2,6,1,29,6,-1,-1,-1,-1,6,1,E01010915,0
Unvalidated,2024131408109,2024,131408109,1,9,0,18,5,1,0,8,5,0,0,0,1,1,6,2,45,7,-1,-1,-1,-1,1,1,E01010736,0
Unvalidated,2024131408109,2024,131408109,2,9,0,18,7,3,0,8,0,0,0,0,3,1,6,2,70,10,-1,-1,-1,-1,6,1,E01010970,0
Unvalidated,2024131408116,2024,131408116,1,9,0,18,7,7,0,0,1,0,0,0,1,1,6,1,51,8,-1,-1,-1,-1,9,3,E01013077,0
Unvalidated,2024131408116,2024,131408116,2,19,0,18,7,7,0,0,0,0,0,0,2,1,6,1,28,6,-1,-1,-1,-1,5,1,E01006387,0
Unvalidated,2024131408116,2024,131408116,3,9,0,18,7,7,0,0,1,0,0,0,1,1,6,2,29,6,-1,-1,-1,-1,8,3,E01027504,0
Unvalidated,2024131408122,2024,131408122,1,9,0,18,1,-1,0,0,0,0,0,0,1,1,6,3,-1,-1,-1,-1,-1,-1,-1,-1,-1,0
Unvalidated,2024131408122,2024,131408122,2,8,0,18,1,-1,0,0,0,0,0,0,2,1,1,1,44,7,-1,-1,-1,-1,1,1,E01010625,0
Unvalidated,2024131408128,2024,131408128,1,9,0,18,1,5,0,0,0,0,1,11,1,1,5,2,39,7,-1,-1,-1,-1,3,1,E01011615,0
Unvalidated,2024131408130,2024,131408130,1,9,0,-1,-1,-1,-1,-1,-1,-1,-1,-1,-1,1,6,3,-1,-1,-1,-1,-1,-1,-1,-1,-1,0
Unvalidated,2024131408130,2024,131408130,2,9,0,-1,-1,-1,-1,-1,-1,-1,-1,-1,2,1,6,1,29,6,-1,-1,-1,-1,9,2,E01018599,0
Unvalidated,2024131408154,2024,131408154,1,9,0,18,1,5,0,0,1,4,0,0,4,1,1,1,60,9,-1,-1,-1,-1,6,1,E01010079,0
Unvalidated,2024131408154,2024,131408154,2,20,0,2,1,5,0,0,0,0,0,0,2,1,1,1,56,9,-1,-1,-1,-1,1,1,E01011130,0
Unvalidated,2024131408165,2024,131408165,1,9,0,18,7,3,0,0,1,0,4,0,1,1,5,2,30,6,-1,-1,-1,-1,2,1,E01011268,0
Unvalidated,2024131408181,2024,131408181,1,21,0,18,1,1,0,0,0,0,0,0,1,1,1,1,41,7,-1,-1,-1,-1,1,1,E01007138,0
Unvalidated,2024131408196,2024,131408196,1,9,0,9,1,3,0,6,0,0,0,0,3,1,6,2,20,4,-1,-1,-1,-1,2,1,E01010728,0
Unvalidated,2024131408196,2024,131408196,2,9,0,18,7,7,0,1,0,0,0,0,1,1,6,1,73,10,-1,-1,-1,-1,7,1,E01027584,0
Unvalidated,2024131408200,2024,131408200,1,9,0,9,5,1,0,8,0,0,3,0,1,1,5,1,35,6,-1,-1,-1,-1,8,1,E01010709,0
Unvalidated,2024131408200,2024,131408200,2,9,0,18,1,5,0,8,0,0,0,0,4,1,5,2,21,5,-1,-1,-1,-1,3,1,E01010717,0
Unvalidated,2024131408223,2024,131408223,1,9,0,9,3,4,0,8,0,0,0,0,1,1,6,2,67,10,-1,-1,-1,-1,1,1,E01011626,0
Unvalidated,2024131408223,2024,131408223,2,9,0,18,7,7,0,8,0,0,0,0,1,1,6,1,37,7,-1,-1,-1,-1,1,1,E01011346,0
Unvalidated,2024131408227,2024,131408227,1,9,0,9,8,2,0,2,0,0,0,0,3,1,1,1,67,10,-1,-1,-1,-1,1,1,E01010719,0
Unvalidated,2024131408301,2024,131408301,1,9,0,18,6,2,0,0,0,0,0,0,4,1,6,2,64,9,-1,-1,-1,-1,6,3,E01010952,0
Unvalidated,2024131408301,2024,131408301,2,9,0,2,6,2,0,0,0,0,0,0,3,1,6,3,-1,-1,-1,-1,-1,-1,-1,-1,-1,0
Unvalidated,2024131408327,2024,131408327,1,9,0,9,5,1,0,5,0,0,0,0,3,1,5,1,82,11,-1,-1,-1,-1,7,1,E01011511,0
Unvalidated,2024131408327,2024,131408327,2,1,0,10,3,7,0,1,0,0,0,0,1,1,5,1,62,9,-1,-1,-1,-1,6,1,E01011645,0
Unvalidated,2024131408341,2024,131408341,1,9,0,-1,-1,-1,-1,0,-1,-1,-1,-1,-1,1,6,3,-1,-1,-1,-1,-1,-1,-1,-1,-1,0
Unvalidated,2024131408341,2024,131408341,2,9,0,4,5,5,0,0,0,0,0,0,2,1,5,2,33,6,-1,-1,-1,-1,5,1,E01011801,0
Unvalidated,2024131408344,2024,131408344,1,9,0,9,3,1,0,8,0,0,0,0,3,1,6,1,67,10,-1,-1,-1,-1,5,1,E01010756,0
Unvalidated,2024131408344,2024,131408344,2,9,0,18,1,5,0,1,0,0,0,0,3,1,1,2,46,8,-1,-1,-1,-1,4,2,E01010595,0
Unvalidated,2024131408401,2024,131408401,1,9,0,-1,-1,-1,-1,0,-1,-1,-1,-1,-1,1,6,2,48,8,-1,-1,-1,-1,7,2,E01010917,0
Unvalidated,2024131408401,2024,131408401,2,9,0,2,7,3,0,0,0,0,0,0,1,1,6,3,-1,-1,-1,-1,-1,-1,-1,-1,-1,0
Unvalidated,2024131408406,2024,131408406,1,9,0,18,1,5,0,0,0,0,0,0,1,2,5,1,82,11,-1,-1,-1,-1,7,1,E01011211,0
Unvalidated,2024131408406,2024,131408406,2,9,0,18,5,1,0,0,1,10,0,0,2,1,6,1,25,5,-1,-1,-1,-1,1,1,E01010745,0
Unvalidated,2024131408413,2024,131408413,1,98,0,-1,-1,-1,-1,0,-1,-1,-1,0,-1,1,6,3,-1,-1,-1,-1,-1,-1,-1,-1,-1,0
Unvalidated,2024131408413,2024,131408413,2,9,0,4,6,6,0,0,0,0,0,0,2,2,6,2,26,6,-1,-1,-1,-1,1,1,E01012250,0
Unvalidated,2024131408427,2024,131408427,1,19,0,18,7,7,0,8,0,0,0,0,3,1,5,1,44,7,-1,-1,-1,-1,1,1,E01011360,0
Unvalidated,2024131408427,2024,131408427,2,9,0,18,5,5,0,8,0,0,0,0,1,1,5,1,28,6,-1,-1,-1,-1,1,1,E01011427,0
Unvalidated,2024131408535,2024,131408535,1,9,0,5,5,7,0,0,0,0,0,0,4,2,2,1,46,8,-1,-1,-1,-1,1,1,E01010611,0
Unvalidated,2024131408539,2024,131408539,1,9,0,18,5,1,0,0,0,0,0,0,2,1,2,1,42,7,-1,-1,-1,-1,8,1,E01011244,0
Unvalidated,2024131408539,2024,131408539,2,9,0,18,5,1,0,0,0,0,0,0,2,1,1,1,30,6,-1,-1,-1,-1,8,1,E01011297,0
Unvalidated,2024131408539,2024,131408539,3,9,0,18,5,1,0,0,0,0,0,0,2,1,1,2,23,5,-1,-1,-1,-1,8,3,E01027888,0
Unvalidated,2024131408539,2024,131408539,4,9,0,18,5,1,0,0,0,0,0,0,1,1,1,1,52,8,-1,-1,-1,-1,6,3,E01027889,0
Unvalidated,2024131408539,2024,131408539,5,9,0,18,5,1,0,0,0,0,0,0,1,1,1,1,19,4,-1,-1,-1,-1,2,1,E01011763,0
Unvalidated,2024131408544,2024,131408544,1,9,0,18,1,5,0,1,0,10,8,11,3,1,6,1,29,6,-1,-1,-1,-1,3,1,E01011014,0
Unvalidated,2024131408597,2024,131408597,1,90,0,2,0,0,6,0,0,0,0,0,1,1,6,3,-1,-1,-1,-1,-1,-1,-1,-1,-1,0
Unvalidated,2024131408597,2024,131408597,2,9,0,5,6,2,9,0,0,0,0,0,1,1,5,1,60,9,-1,-1,-1,-1,-1,-1,-1,0
Unvalidated,2024131408598,2024,131408598,1,3,0,18,7,3,0,0,1,0,0,0,3,1,5,1,51,8,-1,-1,-1,-1,1,1,E01010730,0
Unvalidated,2024131408618,2024,131408618,1,9,0,18,3,7,0,8,0,0,0,0,1,1,6,1,19,4,-1,-1,-1,-1,3,1,E01012623,0
Unvalidated,2024131408618,2024,131408618,2,9,0,18,3,7,0,8,0,0,0,0,0,1,5,1,38,7,-1,-1,-1,-1,1,1,E01011122,0
Unvalidated,2024131408639,2024,131408639,1,9,0,18,7,3,0,8,0,0,0,0,3,1,5,1,53,8,-1,-1,-1,-1,4,1,E01010602,0
Unvalidated,2024131408639,2024,131408639,2,9,0,5,5,3,0,6,0,0,0,0,4,1,6,1,44,7,-1,-1,-1,-1,2,1,E01010815,0
Unvalidated,2024131408659,2024,131408659,1,1,0,18,1,5,0,0,2,0,7,0,1,1,5,1,60,9,-1,-1,-1,-1,9,2,E01011310,0
Unvalidated,2024131408666,2024,131408666,1,98,0,9,6,6,0,8,0,0,0,0,3,2,5,1,56,9,-1,-1,-1,-1,4,1,E01011208,0
Unvalidated,2024131408666,2024,131408666,2,9,0,18,2,4,1,1,0,0,0,0,1,1,6,1,65,9,-1,-1,-1,-1,9,1,E01011151,0
Unvalidated,2024131408668,2024,131408668,1,9,0,18,5,1,0,0,0,0,5,0,1,1,5,2,59,9,-1,-1,-1,-1,6,1,E01013412,0
Unvalidated,2024131408677,2024,131408677,1,9,0,7,4,5,0,0,0,0,0,0,3,1,6,2,41,7,-1,-1,-1,-1,1,1,E01010613,0
Unvalidated,2024131408677,2024,131408677,2,9,0,18,4,5,0,0,0,0,7,2,1,1,1,2,58,9,-1,-1,-1,-1,7,1,E01011216,0
Unvalidated,2024131408689,2024,131408689,1,9,0,5,1,5,0,0,0,0,0,0,3,1,5,2,43,7,-1,-1,-1,-1,4,1,E01010637,0
Unvalidated,2024131408689,2024,131408689,2,8,0,18,1,5,0,0,0,0,0,0,1,1,1,1,35,6,-1,-1,-1,-1,1,1,E01010838,0
Unvalidated,2024131408693,2024,131408693,1,2,0,18,1,5,0,8,0,0,0,0,1,1,5,1,18,4,-1,-1,-1,-1,6,1,E01011156,0
Unvalidated,2024131408693,2024,131408693,2,9,0,9,3,1,0,6,0,0,0,0,3,1,5,2,31,6,-1,-1,-1,-1,8,1,E01010876,0
Unvalidated,2024131408739,2024,131408739,1,9,0,18,7,3,0,0,1,0,0,0,1,1,6,1,21,5,-1,-1,-1,-1,9,1,E01011170,0
Unvalidated,2024131408739,2024,131408739,2,9,0,18,7,3,0,0,2,0,0,0,1,1,5,1,32,6,-1,-1,-1,-1,4,1,E01030278,0
Unvalidated,2024131409046,2024,131409046,1,9,0,7,5,1,0,4,0,0,3,4,1,1,5,1,39,7,-1,-1,-1,-1,-1,-1,-1,0
Unvalidated,2024131409066,2024,131409066,1,9,0,5,5,6,0,4,0,0,0,0,1,1,6,1,89,11,-1,-1,-1,-1,8,1,E01011930,0
Unvalidated,2024131409066,2024,131409066,2,9,0,18,2,6,0,8,0,0,0,0,2,1,6,1,51,8,-1,-1,-1,-1,9,3,-1,0
Unvalidated,2024131409096,2024,131409096,1,9,0,18,7,7,0,8,0,0,0,0,4,1,6,1,43,7,-1,-1,-1,-1,5,1,E01010604,0
Unvalidated,2024131409096,2024,131409096,2,9,0,11,7,7,0,8,0,0,0,0,3,1,6,1,75,10,-1,-1,-1,-1,1,1,E01010612,0
Unvalidated,2024131409106,2024,131409106,1,19,0,13,5,1,0,0,0,0,0,0,1,1,1,1,54,8,-1,-1,-1,-1,2,1,E01011485,0
Unvalidated,2024131409106,2024,131409106,2,9,0,18,1,5,0,0,0,0,0,0,1,1,1,1,41,7,-1,-1,-1,-1,1,1,E01010839,0
Unvalidated,2024131409147,2024,131409147,1,9,0,18,2,5,0,0,0,4,7,0,1,1,5,1,65,9,-1,-1,-1,-1,8,1,E01011889,0
Unvalidated,2024131409147,2024,131409147,2,9,0,17,5,2,0,0,0,2,0,0,1,1,5,2,44,7,-1,-1,-1,-1,2,1,E01011639,0
Unvalidated,2024131409147,2024,131409147,3,98,0,2,0,0,9,0,0,0,0,0,2,1,6,3,-1,-1,-1,-1,-1,-1,-1,-1,-1,0
Unvalidated,2024131409164,2024,131409164,1,9,0,18,3,7,9,8,0,0,1,4,1,1,5,1,33,6,-1,-1,-1,-1,2,1,E01011754,0
Unvalidated,2024131409511,2024,131409511,1,9,0,18,1,5,0,8,0,0,0,0,1,1,6,2,71,10,-1,-1,-1,-1,7,1,E01010587,0
Unvalidated,2024131409536,2024,131409536,1,9,0,17,2,4,0,8,0,0,0,0,1,1,5,1,51,8,-1,-1,-1,-1,1,1,E01025182,0
Unvalidated,2024131409558,2024,131409558,1,9,0,-1,-1,-1,-1,0,-1,-1,-1,0,-1,1,6,3,-1,-1,-1,-1,-1,-1,-1,-1,-1,0
Unvalidated,2024131409558,2024,131409558,2,9,0,18,5,1,0,0,0,0,1,0,2,1,6,3,28,6,-1,-1,-1,-1,2,1,E01010740,0
Unvalidated,2024131409576,2024,131409576,1,9,0,18,1,5,0,0,0,0,0,0,1,1,5,1,80,11,-1,-1,-1,-1,10,1,E01011701,0
Unvalidated,2024131409581,2024,131409581,1,9,0,4,7,7,0,0,0,0,0,0,1,1,2,1,53,8,-1,-1,-1,-1,1,1,E01011336,0
Unvalidated,2024131409581,2024,131409581,2,9,0,4,7,7,0,0,0,0,0,0,2,1,2,2,41,7,-1,-1,-1,-1,6,1,E01011599,0
Unvalidated,2024131409631,2024,131409631,1,9,0,18,7,3,0,0,1,0,3,1,1,1,6,2,25,5,-1,-1,-1,-1,-1,-1,-1,0
Unvalidated,2024131409697,2024,131409697,1,9,0,7,5,1,0,4,0,0,0,0,1,1,5,1,25,5,-1,-1,-1,-1,3,1,E01011343,0