status,collision_index,collision_year,collision_reference,vehicle_reference,vehicle_type,towing_and_articulation,vehicle_manoeuvre,vehicle_direction_from,vehicle_direction_to,vehicle_location_restricted_lane,junction_location,skidding_and_overturning,hit_object_in_carriageway,vehicle_leaving_carriageway,hit_object_off_carriageway,first_point_of_impact,vehicle_left_hand_drive,journey_purpose_of_driver,sex_of_driver,age_of_driver,age_band_of_driver,engine_capacity_cc,propulsion_code,age_of_vehicle,generic_make_model,driver_imd_decile,driver_home_area_type,lsoa_of_driver,escooter_flag
Unvalidated,2024131409697,2024,131409697,2,9,0,9,5,7,0,3,0,0,0,0,4,1,5,1,24,5,-1,-1,-1,-1,1,1,E01010616,0
Unvalidated,2024131409707,2024,131409707,1,97,0,16,1,1,0,0,0,0,0,0,1,1,2,1,76,11,-1,-1,-1,-1,5,1,E01011192,0
Unvalidated,2024131409707,2024,131409707,2,9,0,17,1,1,0,0,0,0,0,0,3,1,2,1,30,6,-1,-1,-1,-1,1,1,E01011094,0
Unvalidated,2024131409793,2024,131409793,1,9,0,9,7,3,0,1,0,0,3,0,3,1,1,1,19,4,-1,-1,-1,-1,2,1,E01011020,0
Unvalidated,2024131409793,2024,131409793,2,9,0,2,1,5,0,2,0,0,0,0,1,1,5,1,43,7,-1,-1,-1,-1,3,1,E01011261,0
Unvalidated,2024131409843,2024,131409843,1,9,0,16,1,5,0,8,2,0,7,11,1,1,5,1,19,4,-1,-1,-1,-1,9,2,E01011168,0
Unvalidated,2024131409952,2024,131409952,1,9,0,18,3,7,0,0,0,0,0,0,1,1,5,1,78,11,-1,-1,-1,-1,5,1,E01011058,0
Unvalidated,2024131409952,2024,131409952,2,20,0,18,7,3,0,0,0,0,0,0,1,1,1,1,42,7,-1,-1,-1,-1,10,1,E01011572,0
Unvalidated,2024131409974,2024,131409974,1,9,0,18,1,5,0,2,0,0,0,0,1,1,1,1,63,9,-1,-1,-1,-1,3,1,E01010629,0
Unvalidated,2024131410006,2024,131410006,1,5,0,18,1,5,0,8,2,0,0,0,4,1,5,1,25,5,-1,-1,-1,-1,4,1,E01011012,0
Unvalidated,2024131410013,2024,131410013,1,19,0,18,1,5,0,0,0,0,0,0,1,1,1,1,51,8,-1,-1,-1,-1,3,1,E01011341,0
Unvalidated,2024131410095,2024,131410095,1,9,0,18,7,3,0,0,2,0,2,11,3,1,2,2,29,6,-1,-1,-1,-1,8,1,E01011169,0
Unvalidated,2024131410245,2024,131410245,1,9,0,2,1,5,0,8,0,0,0,0,2,2,6,3,-1,-1,-1,-1,-1,-1,-1,-1,-1,0
Unvalidated,2024131410245,2024,131410245,2,98,0,2,5,1,0,8,0,0,0,0,2,2,1,1,47,8,-1,-1,-1,-1,2,1,E01011043,0
Unvalidated,2024131410278,2024,131410278,1,9,0,18,1,2,0,0,0,0,0,0,1,1,6,2,21,5,-1,-1,-1,-1,5,1,E01011392,0
Unvalidated,2024131410278,2024,131410278,2,9,0,18,1,2,0,0,0,0,0,0,2,1,6,2,42,7,-1,-1,-1,-1,10,1,E01011564,0
Unvalidated,2024131410282,2024,131410282,1,11,0,4,5,1,0,1,0,0,0,0,0,1,1,1,65,9,-1,-1,-1,-1,1,1,E01010814,0
Unvalidated,2024131410282,2024,131410282,2,9,-1,-1,-1,-1,-1,-1,-1,-1,-1,0,-1,1,6,3,-1,-1,-1,-1,-1,-1,-1,-1,-1,0
Unvalidated,2024131410303,2024,131410303,1,9,0,-1,7,3,-1,-1,-1,-1,-1,-1,-1,1,6,3,-1,-1,-1,-1,-1,-1,-1,-1,-1,0
Unvalidated,2024131410303,2024,131410303,2,9,0,9,5,3,0,8,0,0,0,0,4,1,6,1,34,6,-1,-1,-1,-1,3,1,E01011670,0
Unvalidated,2024131410317,2024,131410317,1,9,0,18,1,5,0,0,0,0,0,0,4,1,5,1,43,7,-1,-1,-1,-1,9,1,E01011054,0
Unvalidated,2024131410317,2024,131410317,2,9,0,18,3,5,0,0,0,0,0,0,1,1,5,1,38,7,-1,-1,-1,-1,1,1,E01011349,0
Unvalidated,2024131410330,2024,131410330,1,9,0,2,0,0,0,0,0,4,0,0,4,1,6,3,-1,-1,-1,-1,-1,-1,-1,-1,-1,0
Unvalidated,2024131410330,2024,131410330,2,9,0,2,0,0,0,0,0,4,0,0,2,1,6,3,-1,-1,-1,-1,-1,-1,-1,-1,-1,0
Unvalidated,2024131410330,2024,131410330,3,9,0,2,0,0,0,0,0,4,0,0,3,1,6,3,-1,-1,-1,-1,-1,-1,-1,-1,-1,0
Unvalidated,2024131410330,2024,131410330,4,9,0,18,-1,-1,0,0,0,4,-1,0,-1,1,5,1,32,6,-1,-1,-1,-1,8,2,E01028032,0
Unvalidated,2024131410350,2024,131410350,1,9,0,-1,-1,-1,-1,0,-1,-1,-1,-1,-1,1,6,3,-1,-1,-1,-1,-1,-1,-1,-1,-1,0
Unvalidated,2024131410350,2024,131410350,2,11,0,3,3,4,0,0,0,0,0,0,2,1,1,1,56,9,-1,-1,-1,-1,2,1,E01011726,0
Unvalidated,2024131410351,2024,131410351,1,9,0,1,5,5,9,1,0,0,0,0,2,1,5,1,53,8,-1,-1,-1,-1,10,1,E01011452,0
Unvalidated,2024131410355,2024,131410355,1,9,0,9,5,2,0,8,0,0,0,0,4,1,5,1,58,9,-1,-1,-1,-1,4,1,E01011908,0
Unvalidated,2024131410355,2024,131410355,2,9,0,18,3,7,0,8,0,0,0,0,1,1,1,2,62,9,-1,-1,-1,-1,8,2,E01018577,0
Unvalidated,2024131410362,2024,131410362,1,8,0,18,5,1,0,0,0,0,0,0,1,1,1,1,45,7,-1,-1,-1,-1,1,1,E01010712,0
Unvalidated,2024131410362,2024,131410362,2,9,0,18,1,5,0,0,0,0,1,11,1,1,6,2,74,10,-1,-1,-1,-1,4,1,E01010727,0
Unvalidated,2024131410362,2024,131410362,3,19,0,18,1,5,0,0,0,0,0,0,3,1,1,1,36,7,-1,-1,-1,-1,1,1,E01011321,0
Unvalidated,2024131410372,2024,131410372,1,9,0,9,3,1,0,8,0,0,0,0,3,1,6,1,25,5,-1,-1,-1,-1,3,1,E01010670,0
Unvalidated,2024131410372,2024,131410372,2,9,0,18,1,5,0,8,0,0,0,0,1,1,6,1,36,7,-1,-1,-1,-1,2,1,E01014659,0
Unvalidated,2024131410388,2024,131410388,1,9,0,7,7,7,0,1,0,0,0,0,1,1,5,1,65,9,-1,-1,-1,-1,6,3,E01010883,0
Unvalidated,2024131410394,2024,131410394,1,19,0,18,7,3,0,0,0,4,7,0,1,1,6,1,76,11,-1,-1,-1,-1,7,1,E01011578,0
Unvalidated,2024131410394,2024,131410394,2,9,0,18,3,7,0,0,0,0,0,0,1,1,5,1,59,9,-1,-1,-1,-1,6,2,E01027780,0
Unvalidated,2024131410394,2024,131410394,3,9,0,2,0,0,0,0,0,0,0,0,1,1,6,3,-1,-1,-1,-1,-1,-1,-1,-1,-1,0
Unvalidated,2024131410394,2024,131410394,4,9,0,2,0,0,0,0,0,4,0,0,1,1,6,3,-1,-1,-1,-1,-1,-1,-1,-1,-1,0
Unvalidated,2024131410396,2024,131410396,1,4,0,4,1,1,8,1,1,0,0,0,0,1,6,1,53,8,-1,-1,-1,-1,1,1,E01010608,0
Unvalidated,2024131410396,2024,131410396,2,9,0,9,-1,-1,-1,1,0,0,-1,-1,-1,1,6,3,30,6,-1,-1,-1,-1,-1,-1,-1,0
Unvalidated,2024131410424,2024,131410424,1,9,0,4,3,7,0,2,0,0,0,0,2,1,5,2,50,8,-1,-1,-1,-1,7,1,E01011383,0
Unvalidated,2024131410424,2024,131410424,2,9,0,18,3,7,0,2,0,0,0,0,1,1,5,1,34,6,-1,-1,-1,-1,1,1,E01011373,0
Unvalidated,2024131410439,2024,131410439,1,9,0,9,1,2,0,8,0,0,0,0,4,1,6,2,36,7,-1,-1,-1,-1,1,1,E01011427,0
Unvalidated,2024131410439,2024,131410439,2,9,0,18,1,4,0,8,0,0,0,0,1,1,6,2,54,8,-1,-1,-1,-1,1,1,E01011362,0
Unvalidated,2024131410650,2024,131410650,1,98,0,-1,-1,-1,-1,0,-1,-1,-1,-1,-1,1,6,3,-1,-1,-1,-1,-1,-1,-1,-1,-1,0
Unvalidated,2024131410718,2024,131410718,1,9,0,9,3,5,0,0,0,0,0,0,4,1,5,2,21,5,-1,-1,-1,-1,4,1,E01011647,0
Unvalidated,2024131410718,2024,131410718,2,9,0,18,3,7,0,0,1,0,0,0,1,1,1,1,55,8,-1,-1,-1,-1,1,1,E01033021,0
Unvalidated,2024131410718,2024,131410718,3,19,0,18,7,3,0,0,1,0,0,0,1,1,1,1,52,8,-1,-1,-1,-1,9,1,E01011641,0
Unvalidated,2024131410809,2024,131410809,1,19,0,18,1,5,0,0,0,0,0,0,1,1,1,1,55,8,-1,-1,-1,-1,1,1,E01005086,0
Unvalidated,2024131410809,2024,131410809,2,19,0,18,5,1,0,0,0,0,0,0,2,1,2,1,49,8,-1,-1,-1,-1,4,1,E01007479,0
Unvalidated,2024131410809,2024,131410809,3,9,0,18,5,1,0,0,0,0,0,0,2,1,2,1,58,9,-1,-1,-1,-1,9,3,E01027595,0
Unvalidated,2024131410822,2024,131410822,1,19,0,9,8,6,0,2,0,0,0,0,1,1,1,1,31,6,-1,-1,-1,-1,3,1,E01011608,0
Unvalidated,2024131410822,2024,131410822,2,5,0,10,6,4,0,1,0,0,0,0,3,1,6,1,31,6,-1,-1,-1,-1,2,1,E01011163,0
Unvalidated,2024131410822,2024,131410822,3,5,0,10,6,4,0,1,0,0,0,0,1,1,6,1,67,10,-1,-1,-1,-1,2,1,E01011163,0
Unvalidated,2024131410822,2024,131410822,4,19,0,3,6,2,0,1,0,0,0,0,3,1,6,2,42,7,-1,-1,-1,-1,1,1,E01011103,0
Unvalidated,2024131410822,2024,131410822,5,9,0,10,6,4,0,1,0,0,0,0,1,1,6,1,70,10,-1,-1,-1,-1,7,1,E01011159,0
Unvalidated,2024131410822,2024,131410822,6,9,0,10,6,2,0,1,0,0,0,0,1,1,6,1,71,10,-1,-1,-1,-1,6,1,E01011164,0
Unvalidated,2024131410863,2024,131410863,1,9,0,18,1,1,9,0,5,10,1,5,3,1,5,1,33,6,-1,-1,-1,-1,5,1,E01010598,0
Unvalidated,2024131410878,2024,131410878,1,9,0,17,5,1,0,8,0,0,0,0,-1,1,6,3,1,1,-1,-1,-1,-1,-1,-1,-1,0
Unvalidated,2024131410886,2024,131410886,1,8,0,18,1,5,0,0,0,0,0,0,2,1,2,1,52,8,-1,-1,-1,-1,1,1,E01010701,0
Unvalidated,2024131410886,2024,131410886,2,9,0,18,1,5,0,0,0,0,0,0,1,1,6,3,-1,-1,-1,-1,-1,-1,-1,-1,-1,0
Unvalidated,2024131410960,2024,131410960,1,9,0,5,3,7,0,0,0,0,7,11,1,1,5,2,71,10,-1,-1,-1,-1,9,1,E01010574,0
Unvalidated,2024131410984,2024,131410984,1,9,0,9,1,6,0,8,0,0,0,0,1,1,5,2,38,7,-1,-1,-1,-1,9,1,E01011887,0
Unvalidated,2024131410984,2024,131410984,2,1,0,18,5,1,0,8,5,0,0,0,3,1,6,1,16,4,-1,-1,-1,-1,7,1,E01011878,0
Unvalidated,2024131411008,2024,131411008,1,19,0,18,1,1,0,1,0,0,0,0,1,1,1,1,20,4,-1,-1,-1,-1,9,1,E01011186,0
Unvalidated,2024131411008,2024,131411008,2,9,0,17,3,2,0,1,0,0,0,0,1,1,6,2,40,7,-1,-1,-1,-1,3,1,E01011229,0
Unvalidated,2024131411033,2024,131411033,1,9,0,6,3,7,0,8,0,0,0,0,1,1,6,3,38,7,-1,-1,-1,-1,7,2,E01011394,0
Unvalidated,2024131411033,2024,131411033,2,9,0,18,3,7,0,8,0,0,0,0,4,1,6,1,55,8,-1,-1,-1,-1,10,2,E01027893,0
Unvalidated,2024131411048,2024,131411048,1,9,0,11,5,1,0,0,0,0,0,0,4,1,2,1,53,8,-1,-1,-1,-1,8,1,E01011403,0
Unvalidated,2024131411048,2024,131411048,2,5,0,15,5,1,0,0,0,0,0,0,3,1,5,1,41,7,-1,-1,-1,-1,3,1,E01013410,0
Unvalidated,2024131411049,2024,131411049,1,9,0,-1,-1,-1,-1,-1,-1,-1,-1,-1,-1,1,6,3,-1,-1,-1,-1,-1,-1,-1,-1,-1,0
Unvalidated,2024131411049,2024,131411049,2,9,0,-1,-1,-1,-1,-1,-1,-1,-1,-1,3,1,6,1,60,9,-1,-1,-1,-1,7,1,E01011053,0
Unvalidated,2024131411110,2024,131411110,1,4,0,9,7,3,0,8,0,0,0,0,3,1,6,1,17,4,-1,-1,-1,-1,2,1,E01011079,0
Unvalidated,2024131411110,2024,131411110,2,9,0,18,2,6,0,8,0,0,0,0,3,1,5,3,41,7,-1,-1,-1,-1,5,1,E01011233,0
Unvalidated,2024131411119,2024,131411119,1,9,0,9,1,3,0,0,0,0,1,11,1,1,2,2,23,5,-1,-1,-1,-1,4,1,E01011705,0
Unvalidated,2024131411126,2024,131411126,1,9,0,9,5,1,0,2,0,0,0,0,4,1,6,1,22,5,-1,-1,-1,-1,9,1,E01028386,0
Unvalidated,2024131411126,2024,131411126,2,9,0,18,5,1,0,1,0,0,0,0,3,1,5,1,39,7,-1,-1,-1,-1,2,1,E01011681,0
Unvalidated,2024131411126,2024,131411126,3,9,0,18,1,5,0,1,0,0,0,0,1,1,5,1,49,8,-1,-1,-1,-1,3,1,E01011478,0
Unvalidated,2024131411129,2024,131411129,1,9,0,10,1,1,0,1,0,0,0,0,1,1,6,1,38,7,-1,-1,-1,-1,4,1,E01011037,0
Unvalidated,2024131411146,2024,131411146,1,8,0,9,7,8,0,2,0,0,0,0,1,1,1,1,47,8,-1,-1,-1,-1,1,1,E01010748,0
Unvalidated,2024131411182,2024,131411182,1,9,0,18,1,5,0,2,0,0,0,0,3,1,5,2,43,7,-1,-1,-1,-1,7,1,E01010968,0
Unvalidated,2024131411193,2024,131411193,1,9,0,9,3,1,0,1,0,0,0,0,1,1,1,1,56,9,-1,-1,-1,-1,3,1,E01011261,0
Unvalidated,2024131411231,2024,131411231,1,9,0,-1,-1,-1,-1,-1,-1,-1,-1,-1,-1,1,6,3,-1,-1,-1,-1,-1,-1,-1,-1,-1,0
Unvalidated,2024131411231,2024,131411231,2,9,0,18,3,7,0,2,0,0,0,0,3,1,5,1,21,5,-1,-1,-1,-1,1,1,E01011357,0
Unvalidated,2024131411308,2024,131411308,1,9,0,18,5,1,0,1,0,0,7,0,4,1,6,2,69,10,-1,-1,-1,-1,3,1,E01010810,0
Unvalidated,2024131411308,2024,131411308,2,9,0,9,7,5,0,6,0,0,0,0,1,1,6,1,36,7,-1,-1,-1,-1,1,1,E01033691,0
Unvalidated,2024131411323,2024,131411323,1,97,0,4,1,5,0,1,0,0,0,0,-1,1,6,1,22,5,-1,-1,-1,-1,2,2,E01011790,0
Unvalidated,2024131411323,2024,131411323,2,97,0,6,2,6,0,1,0,0,0,0,-1,1,6,3,-1,-1,-1,-1,-1,-1,-1,-1,-1,0
Unvalidated,2024131411339,2024,131411339,1,9,0,18,1,5,0,8,0,0,0,0,1,1,5,1,47,8,-1,-1,-1,-1,1,1,E01010676,0
Unvalidated,2024131411395,2024,131411395,1,9,0,18,3,7,0,8,0,0,0,0,1,1,6,2,38,7,-1,-1,-1,-1,4,1,E01011839,0
Unvalidated,2024131411395,2024,131411395,2,9,0,18,5,1,0,8,0,0,0,0,1,1,5,2,51,8,-1,-1,-1,-1,5,1,E01011415,0
Unvalidated,2024131411517,2024,131411517,1,4,0,18,3,7,0,8,0,0,0,0,1,1,5,1,57,9,-1,-1,-1,-1,10,3,E01011649,0
Unvalidated,2024131411517,2024,131411517,2,9,0,5,5,1,0,8,0,1,0,0,4,1,5,2,37,7,-1,-1,-1,-1,6,1,E01011651,0
Unvalidated,2024131411696,2024,131411696,1,9,0,18,4,8,0,8,0,0,0,0,1,1,6,1,44,7,-1,-1,-1,-1,7,1,E01010587,0
Unvalidated,2024131411696,2024,131411696,2,9,0,18,5,1,0,8,0,0,0,0,4,1,6,1,25,5,-1,-1,-1,-1,3,1,E01010703,0
Unvalidated,2024131411705,2024,131411705,1,9,0,5,5,1,0,2,0,0,0,0,3,1,3,2,37,7,-1,-1,-1,-1,4,1,E01010591,0
Unvalidated,2024131411742,2024,131411742,1,9,0,16,3,7,0,0,1,0,1,2,1,1,2,2,41,7,-1,-1,-1,-1,2,2,E01011790,0
Unvalidated,2024131411757,2024,131411757,1,9,0,18,3,1,0,1,0,0,0,0,1,1,2,1,44,7,-1,-1,-1,-1,7,1,E01011800,0
Unvalidated,2024131411757,2024,131411757,2,9,0,5,1,3,0,6,0,0,0,0,1,1,6,1,40,7,-1,-1,-1,-1,8,1,E01011169,0
Unvalidated,2024131411767,2024,131411767,1,9,0,-1,-1,-1,-1,1,-1,-1,-1,-1,-1,1,6,2,43,7,-1,-1,-1,-1,1,1,E01011842,0
Unvalidated,2024131411767,2024,131411767,2,1,0,18,7,3,0,8,0,0,0,0,1,1,5,1,51,8,-1,-1,-1,-1,3,1,E01011779,0
Unvalidated,2024131411780,2024,131411780,1,9,0,18,6,2,0,0,0,0,0,0,4,1,2,2,24,5,-1,-1,-1,-1,3,1,E01010629,0
Unvalidated,2024131411783,2024,131411783,1,9,0,14,5,1,0,2,0,0,0,0,4,1,5,3,32,6,-1,-1,-1,-1,2,1,E01011374,0
Unvalidated,2024131411783,2024,131411783,2,9,0,5,5,1,0,2,0,0,0,0,3,1,1,1,51,8,-1,-1,-1,-1,1,1,E01011340,0
Unvalidated,2024131411790,2024,131411790,1,9,0,15,5,1,0,8,5,4,0,0,4,1,6,1,40,7,-1,-1,-1,-1,1,1,E01011729,0
Unvalidated,2024131411790,2024,131411790,2,9,0,2,0,0,0,8,0,0,0,0,3,1,6,3,-1,-1,-1,-1,-1,-1,-1,-1,-1,0
Unvalidated,2024131412044,2024,131412044,1,98,0,-1,-1,-1,-1,0,-1,-1,-1,-1,-1,1,6,3,-1,-1,-1,-1,-1,-1,-1,-1,-1,0
Unvalidated,2024131412053,2024,131412053,1,1,0,-1,-1,-1,-1,0,-1,-1,-1,-1,-1,1,6,3,-1,-1,-1,-1,-1,-1,-1,-1,-1,0
Unvalidated,2024131412056,2024,131412056,1,9,0,9,1,3,0,1,0,0,0,0,1,1,5,2,45,7,-1,-1,-1,-1,2,1,E01011237,0
Unvalidated,2024131412073,2024,131412073,1,9,0,18,3,7,0,1,5,0,0,0,3,1,1,1,54,8,-1,-1,-1,-1,5,2,E01011765,0
Unvalidated,2024131412073,2024,131412073,2,9,0,9,3,7,0,1,0,0,0,0,3,1,1,1,75,10,-1,-1,-1,-1,5,3,E01011766,0
Unvalidated,2024131412073,2024,131412073,3,9,0,18,3,7,0,2,0,0,0,0,3,1,1,1,48,8,-1,-1,-1,-1,5,1,E01011782,0
Unvalidated,2024131412123,2024,131412123,1,9,0,-1,-1,-1,-1,-1,-1,-1,-1,-1,-1,1,6,3,-1,-1,-1,-1,-1,-1,-1,-1,-1,0
Unvalidated,2024131412137,2024,131412137,1,9,0,17,1,6,0,2,0,0,0,0,1,1,5,2,45,7,-1,-1,-1,-1,4,1,E01011678,0
Unvalidated,2024131412137,2024,131412137,2,9,0,18,7,3,0,1,0,0,0,0,1,1,6,1,29,6,-1,-1,-1,-1,1,1,E01011483,0
Unvalidated,2024131412175,2024,131412175,1,9,0,18,7,3,0,0,0,0,0,0,1,1,5,2,24,5,-1,-1,-1,-1,9,1,E01011522,0
Unvalidated,2024131412179,2024,131412179,1,9,0,9,3,5,0,8,0,0,0,0,3,1,2,2,42,7,-1,-1,-1,-1,1,1,E01011626,0
Unvalidated,2024131412179,2024,131412179,2,1,0,17,7,3,0,1,0,0,0,0,1,1,2,1,56,9,-1,-1,-1,-1,1,1,E01011617,0
Unvalidated,2024131412194,2024,131412194,1,9,0,9,1,7,0,0,0,0,0,0,3,1,5,1,22,5,-1,-1,-1,-1,1,1,E01010723,0
Unvalidated,2024131412211,2024,131412211,1,9,0,18,5,1,0,8,0,4,7,0,1,1,5,2,59,9,-1,-1,-1,-1,3,1,E01005363,0
Unvalidated,2024131412211,2024,131412211,2,9,0,2,0,0,9,8,0,0,0,0,1,1,6,3,-1,-1,-1,-1,-1,-1,-1,-1,-1,0
Unvalidated,2024131412280,2024,131412280,1,9,0,18,7,3,0,0,1,0,0,0,1,1,2,1,25,5,-1,-1,-1,-1,1,1,E01010808,0
Unvalidated,2024131412310,2024,131412310,1,9,0,18,-1,-1,0,0,0,4,0,0,4,1,6,3,-1,-1,-1,-1,-1,-1,-1,-1,-1,0
Unvalidated,2024131412310,2024,131412310,2,9,0,2,0,0,0,0,0,0,0,0,4,1,6,3,-1,-1,-1,-1,-1,-1,-1,-1,-1,0
Unvalidated,2024131412313,2024,131412313,1,19,0,5,7,5,0,2,0,0,0,0,3,1,6,1,44,7,-1,-1,-1,-1,5,1,E01011732,0
Unvalidated,2024131412313,2024,131412313,2,1,0,18,5,1,0,1,0,0,0,0,1,1,5,1,42,7,-1,-1,-1,-1,8,1,E01011714,0
Unvalidated,2024131412417,2024,131412417,1,9,0,-1,-1,-1,-1,-1,-1,-1,-1,-1,1,1,6,3,-1,-1,-1,-1,-1,-1,-1,-1,-1,0
Unvalidated,2024131412417,2024,131412417,2,9,0,3,5,1,0,4,0,0,0,0,0,1,5,1,56,9,-1,-1,-1,-1,10,3,E01010954,0
Unvalidated,2024131412430,2024,131412430,1,9,0,18,8,6,0,0,0,0,1,0,1,1,3,1,34,6,-1,-1,-1,-1,5,1,E01011648,0
Unvalidated,2024131412430,2024,131412430,2,9,0,9,6,8,0,0,0,0,0,0,1,1,4,2,40,7,-1,-1,-1,-1,1,1,E01011430,0
Unvalidated,2024131412474,2024,131412474,1,9,0,9,2,2,0,6,0,0,0,0,2,1,6,1,24,5,-1,-1,-1,-1,7,1,E01027692,0
Unvalidated,2024131412474,2024,131412474,2,9,0,18,1,1,0,6,0,0,0,0,1,1,6,2,28,6,-1,-1,-1,-1,6,1,E01010786,0
Unvalidated,2024131412474,2024,131412474,3,21,0,4,6,6,0,1,0,0,0,0,1,1,1,1,57,9,-1,-1,-1,-1,1,1,E01005667,0
Unvalidated,2024131412547,2024,131412547,1,19,0,18,2,6,0,0,0,0,0,0,4,1,1,1,50,8,-1,-1,-1,-1,2,1,E01010889,0
Unvalidated,2024131412566,2024,131412566,1,98,0,18,1,5,0,1,1,0,0,0,1,1,6,1,48,8,-1,-1,-1,-1,8,1,E01011412,0
Unvalidated,2024131412566,2024,131412566,2,9,0,4,1,5,0,1,0,0,0,0,2,1,5,2,52,8,-1,-1,-1,-1,6,1,E01011062,0
Unvalidated,2024131412630,2024,131412630,1,9,0,18,1,5,0,8,0,0,0,0,3,1,3,2,41,7,-1,-1,-1,-1,4,1,E01011319,0
Unvalidated,2024131412630,2024,131412630,2,1,0,18,1,5,9,8,0,0,0,0,4,1,4,2,9,2,-1,-1,-1,-1,1,1,E01011373,0
Unvalidated,2024131412635,2024,131412635,1,9,0,9,1,3,0,1,0,0,0,0,1,1,6,2,69,10,-1,-1,-1,-1,4,1,E01010878,0
Unvalidated,2024131412635,2024,131412635,2,9,0,18,5,1,0,1,0,0,0,0,3,1,6,2,55,8,-1,-1,-1,-1,3,1,E01010950,0
Unvalidated,2024131412639,2024,131412639,1,9,0,9,1,3,0,5,0,0,0,0,1,1,2,1,28,6,-1,-1,-1,-1,1,1,E01010702,0
Unvalidated,2024131412639,2024,131412639,2,19,0,18,5,5,0,1,0,0,0,0,1,1,1,1,52,8,-1,-1,-1,-1,10,1,E01011535,0
Unvalidated,2024131412660,2024,131412660,1,9,0,7,-1,-1,0,8,0,0,0,0,-1,1,6,3,-1,-1,-1,-1,-1,-1,-1,-1,-1,0
Unvalidated,2024131412660,2024,131412660,2,9,0,7,4,2,0,8,0,0,0,0,3,1,5,1,22,5,-1,-1,-1,-1,7,1,E01011595,0
Unvalidated,2024131412672,2024,131412672,1,9,0,18,2,6,0,0,1,0,0,0,1,1,6,2,45,7,-1,-1,-1,-1,1,1,E01010739,0
Unvalidated,2024131412672,2024,131412672,2,98,0,2,0,0,9,0,0,0,0,0,3,1,6,3,-1,-1,-1,-1,-1,-1,-1,-1,-1,0
Unvalidated,2024131412698,2024,131412698,1,9,0,18,6,2,0,8,0,0,0,0,4,1,1,2,43,7,-1,-1,-1,-1,1,1,E01010721,0
Unvalidated,2024131412724,2024,131412724,1,9,0,-1,-1,-1,-1,8,-1,-1,-1,0,-1,1,6,3,-1,-1,-1,-1,-1,-1,-1,-1,-1,0
Unvalidated,2024131412724,2024,131412724,2,9,0,4,1,1,0,8,0,0,0,0,3,1,5,2,51,8,-1,-1,-1,-1,6,1,E01010689,0
Unvalidated,2024131412780,2024,131412780,1,9,0,18,1,3,0,1,0,0,0,0,1,1,3,1,41,7,-1,-1,-1,-1,3,2,E01010986,0
Unvalidated,2024131412828,2024,131412828,1,9,0,18,3,7,0,0,0,0,0,0,2,1,1,1,47,8,-1,-1,-1,-1,5,1,E01005269,0
Unvalidated,2024131412828,2024,131412828,2,9,0,18,3,7,0,0,0,0,0,0,1,1,1,1,26,6,-1,-1,-1,-1,7,1,E01011351,0
Unvalidated,2024131412839,2024,131412839,1,9,0,18,3,7,0,0,1,0,5,0,1,1,2,1,47,8,-1,-1,-1,-1,4,1,E01005360,0
Unvalidated,2024131412889,2024,131412889,1,9,0,9,1,3,0,1,0,0,0,0,1,1,6,2,29,6,-1,-1,-1,-1,2,1,E01011754,0
Unvalidated,2024131412889,2024,131412889,2,3,0,9,5,7,0,1,0,0,0,0,3,1,6,1,65,9,-1,-1,-1,-1,7,1,E01011744,0
Unvalidated,2024131412911,2024,131412911,1,9,0,-1,-1,-1,-1,-1,-1,-1,-1,-1,-1,1,6,3,-1,-1,-1,-1,-1,-1,-1,-1,-1,0
Unvalidated,2024131412911,2024,131412911,2,1,0,18,1,1,0,1,0,0,0,0,3,1,6,2,48,8,-1,-1,-1,-1,-1,-1,-1,0
Unvalidated,2024131412977,2024,131412977,1,9,0,3,4,6,0,0,5,0,0,0,1,1,1,2,56,9,-1,-1,-1,-1,1,1,E01011721,0
Unvalidated,2024131412977,2024,131412977,2,9,0,3,6,4,0,0,5,0,0,0,1,1,3,2,31,6,-1,-1,-1,-1,1,1,E01011667,0
Unvalidated,2024131412987,2024,131412987,1,19,0,7,-1,-1,0,5,0,0,0,0,4,1,2,1,28,6,-1,-1,-1,-1,3,1,E01011028,0
Unvalidated,2024131412996,2024,131412996,1,9,0,18,-1,-1,-1,1,-1,-1,-1,0,-1,1,6,3,40,7,-1,-1,-1,-1,-1,-1,-1,0
Unvalidated,2024131412996,2024,131412996,2,9,0,5,2,1,0,1,0,0,0,0,2,1,5,2,39,7,-1,-1,-1,-1,10,1,E01014992,0
Unvalidated,2024131412996,2024,131412996,3,9,0,18,2,1,0,1,0,0,0,0,0,1,1,1,40,7,-1,-1,-1,-1,6,3,E01011885,0
Unvalidated,2024131413003,2024,131413003,1,90,0,18,7,3,0,8,0,0,0,0,1,1,1,1,24,5,-1,-1,-1,-1,1,1,E01010731,0
Unvalidated,2024131413003,2024,131413003,2,9,0,18,5,1,0,8,0,0,0,0,2,1,6,2,28,6,-1,-1,-1,-1,1,1,E01010676,0
Unvalidated,2024131413003,2024,131413003,3,9,0,7,1,3,0,8,0,0,0,0,4,1,5,2,30,6,-1,-1,-1,-1,1,1,E01010679,0
Unvalidated,2024131413028,2024,131413028,1,9,0,9,1,5,0,1,0,0,0,0,1,1,5,1,21,5,-1,-1,-1,-1,5,1,E01011648,0
Unvalidated,2024131413028,2024,131413028,2,9,0,18,5,1,0,1,0,0,0,0,1,1,5,1,32,6,-1,-1,-1,-1,1,1,E01011671,0