status,collision_index,collision_year,collision_reference,vehicle_reference,vehicle_type,towing_and_articulation,vehicle_manoeuvre,vehicle_direction_from,vehicle_direction_to,vehicle_location_restricted_lane,junction_location,skidding_and_overturning,hit_object_in_carriageway,vehicle_leaving_carriageway,hit_object_off_carriageway,first_point_of_impact,vehicle_left_hand_drive,journey_purpose_of_driver,sex_of_driver,age_of_driver,age_band_of_driver,engine_capacity_cc,propulsion_code,age_of_vehicle,generic_make_model,driver_imd_decile,driver_home_area_type,lsoa_of_driver,escooter_flag
Unvalidated,2024131413039,2024,131413039,1,9,0,10,5,1,0,8,0,0,0,0,1,1,1,3,50,8,-1,-1,-1,-1,1,1,E01010830,0
Unvalidated,2024131413039,2024,131413039,2,1,0,18,1,3,0,8,0,0,0,0,1,1,6,1,56,9,-1,-1,-1,-1,1,1,E01010742,0
Unvalidated,2024131413042,2024,131413042,1,9,0,9,-1,-1,-1,6,0,-1,-1,0,3,1,6,3,-1,-1,-1,-1,-1,-1,-1,-1,-1,0
Unvalidated,2024131413092,2024,131413092,1,9,0,7,2,6,0,8,1,0,0,0,2,1,6,1,26,6,-1,-1,-1,-1,8,1,E01011207,0
Unvalidated,2024131413092,2024,131413092,2,9,0,18,2,6,0,1,1,0,3,10,1,1,5,1,25,5,-1,-1,-1,-1,1,1,E01005569,0
Unvalidated,2024131413122,2024,131413122,1,3,0,18,1,5,0,1,1,0,0,0,1,1,6,1,29,6,-1,-1,-1,-1,1,1,E01011780,0
Unvalidated,2024131413122,2024,131413122,2,9,0,7,5,1,0,1,0,0,0,0,0,1,6,1,34,6,-1,-1,-1,-1,2,1,E01011813,0
Unvalidated,2024131413261,2024,131413261,1,1,0,18,6,2,0,0,0,0,1,0,3,1,2,1,53,8,-1,-1,-1,-1,2,1,E01010815,0
Unvalidated,2024131413261,2024,131413261,2,21,0,18,6,2,0,0,0,0,0,0,-1,1,6,3,-1,-1,-1,-1,-1,-1,-1,-1,-1,0
Unvalidated,2024131413291,2024,131413291,1,9,0,18,6,2,-1,8,-1,-1,-1,-1,1,1,6,3,-1,-1,-1,-1,-1,-1,-1,-1,-1,0
Unvalidated,2024131413291,2024,131413291,2,9,0,5,4,8,0,8,0,0,0,0,4,1,5,2,20,4,-1,-1,-1,-1,3,1,E01011330,0
Unvalidated,2024131413303,2024,131413303,1,9,0,18,1,5,0,1,0,0,0,0,1,1,6,2,23,5,-1,-1,-1,-1,1,1,E01011107,0
Unvalidated,2024131413322,2024,131413322,1,9,0,13,1,6,0,1,0,0,0,0,4,1,5,1,69,10,-1,-1,-1,-1,3,1,E01010980,0
Unvalidated,2024131413322,2024,131413322,2,9,0,18,5,1,0,1,0,0,0,0,1,1,5,1,42,7,-1,-1,-1,-1,3,1,E01010980,0
Unvalidated,2024131413322,2024,131413322,3,9,0,8,7,3,0,8,0,0,0,0,1,1,5,1,32,6,-1,-1,-1,-1,2,1,E01010981,0
Unvalidated,2024131413344,2024,131413344,1,9,0,-1,-1,-1,-1,-1,-1,-1,-1,-1,1,1,6,3,-1,-1,-1,-1,-1,-1,-1,-1,-1,0
Unvalidated,2024131413344,2024,131413344,2,9,0,18,1,5,0,1,0,0,0,0,4,1,6,1,44,7,-1,-1,-1,-1,1,1,E01011671,0
Unvalidated,2024131413368,2024,131413368,1,9,0,18,1,7,0,8,0,0,0,0,1,1,2,1,30,6,-1,-1,-1,-1,1,1,E01010843,0
Unvalidated,2024131413368,2024,131413368,2,9,0,18,7,1,0,8,0,0,0,0,1,1,1,2,46,8,-1,-1,-1,-1,4,1,E01010669,0
Unvalidated,2024131413375,2024,131413375,1,9,0,3,2,6,0,0,0,0,0,0,2,1,5,2,53,8,-1,-1,-1,-1,2,2,E01011854,0
Unvalidated,2024131413375,2024,131413375,2,9,0,18,2,6,0,0,0,0,0,0,1,1,5,2,44,7,-1,-1,-1,-1,1,1,E01011838,0
Unvalidated,2024131413397,2024,131413397,1,9,0,18,1,5,0,3,0,0,0,0,4,1,5,1,33,6,-1,-1,-1,-1,-1,-1,-1,0
Unvalidated,2024131413397,2024,131413397,2,97,0,18,3,7,0,3,0,0,0,0,-1,1,6,1,16,4,-1,-1,-1,-1,2,1,E01011485,0
Unvalidated,2024131413431,2024,131413431,1,9,0,18,3,7,0,1,0,0,1,11,1,1,1,2,43,7,-1,-1,-1,-1,2,2,E01011856,0
Unvalidated,2024131413431,2024,131413431,2,9,0,18,1,5,0,1,0,0,0,0,4,1,5,1,80,11,-1,-1,-1,-1,10,1,E01011947,0
Unvalidated,2024131413438,2024,131413438,1,9,0,12,5,1,0,1,0,0,0,0,3,1,5,1,19,4,-1,-1,-1,-1,2,1,W01001690,0
Unvalidated,2024131413438,2024,131413438,2,9,0,18,5,1,0,1,0,0,0,0,1,1,6,2,31,6,-1,-1,-1,-1,5,1,E01011801,0
Unvalidated,2024131413461,2024,131413461,1,9,0,5,1,5,0,1,0,0,0,0,2,1,6,1,20,4,-1,-1,-1,-1,2,1,E01011020,0
Unvalidated,2024131413461,2024,131413461,2,9,0,18,1,3,0,1,0,0,0,0,1,1,6,1,25,5,-1,-1,-1,-1,1,1,E01011140,0
Unvalidated,2024131413562,2024,131413562,1,9,0,9,1,5,0,1,0,0,0,0,1,1,5,1,60,9,-1,-1,-1,-1,3,1,E01011014,0
Unvalidated,2024131413562,2024,131413562,2,9,0,17,5,1,0,1,0,0,0,0,1,1,5,2,59,9,-1,-1,-1,-1,7,1,E01011053,0
Unvalidated,2024131413565,2024,131413565,1,9,0,18,1,5,0,8,0,0,0,0,1,1,6,2,48,8,-1,-1,-1,-1,9,1,E01011584,0
Unvalidated,2024131413565,2024,131413565,2,9,0,18,3,7,0,8,0,0,7,0,4,1,6,2,58,9,-1,-1,-1,-1,9,2,E01011296,0
Unvalidated,2024131413582,2024,131413582,1,9,0,18,8,6,0,0,1,0,0,0,1,1,5,2,45,7,-1,-1,-1,-1,3,3,E01011784,0
Unvalidated,2024131413582,2024,131413582,2,16,0,18,8,6,0,0,0,0,0,0,2,1,5,2,28,6,-1,-1,-1,-1,4,1,E01007344,0
Unvalidated,2024131413597,2024,131413597,1,1,0,-1,-1,-1,-1,-1,-1,-1,-1,-1,-1,1,6,3,-1,-1,-1,-1,-1,-1,-1,-1,-1,0
Unvalidated,2024131413597,2024,131413597,2,9,0,-1,-1,-1,-1,-1,-1,-1,-1,-1,-1,1,6,3,-1,-1,-1,-1,-1,-1,-1,-1,-1,0
Unvalidated,2024131413622,2024,131413622,1,9,0,15,7,3,0,0,0,0,0,0,1,1,6,3,-1,-1,-1,-1,-1,-1,-1,-1,-1,0
Unvalidated,2024131413622,2024,131413622,2,9,0,18,3,7,0,0,0,0,0,0,1,1,6,2,25,5,-1,-1,-1,-1,1,1,E01011337,0
Unvalidated,2024131413632,2024,131413632,1,11,0,17,1,5,0,1,0,0,0,0,1,1,1,1,25,5,-1,-1,-1,-1,4,1,E01011839,0
Unvalidated,2024131413633,2024,131413633,1,9,0,18,1,5,0,0,0,0,0,0,1,1,6,1,31,6,-1,-1,-1,-1,2,1,E01010749,0
Unvalidated,2024131413675,2024,131413675,1,9,0,18,7,3,0,0,0,0,0,0,1,1,6,3,-1,-1,-1,-1,-1,-1,-1,-1,-1,0
Unvalidated,2024131413675,2024,131413675,2,9,0,3,7,3,0,0,0,0,0,0,2,1,5,2,44,7,-1,-1,-1,-1,3,1,E01010794,0
Unvalidated,2024131413690,2024,131413690,1,9,0,1,8,4,9,0,0,0,0,0,2,1,6,3,-1,-1,-1,-1,-1,-1,-1,-1,-1,0
Unvalidated,2024131413690,2024,131413690,2,1,0,5,6,2,9,0,0,0,0,0,3,1,5,1,34,6,-1,-1,-1,-1,4,1,E01010652,0
Unvalidated,2024131413695,2024,131413695,1,9,0,-1,-1,-1,-1,-1,-1,-1,-1,-1,-1,1,6,3,-1,-1,-1,-1,-1,-1,-1,-1,-1,0
Unvalidated,2024131413695,2024,131413695,2,4,0,18,2,1,0,8,0,0,0,0,4,1,6,1,57,9,-1,-1,-1,-1,4,1,E01010637,0
Unvalidated,2024131413696,2024,131413696,1,9,0,18,4,5,0,1,0,0,0,0,0,1,1,1,35,6,-1,-1,-1,-1,1,1,E01010808,0
Unvalidated,2024131413696,2024,131413696,2,10,0,18,3,3,0,1,0,0,0,0,0,1,1,2,50,8,-1,-1,-1,-1,1,1,E01010850,0
Unvalidated,2024131413719,2024,131413719,1,9,0,18,5,1,0,1,0,8,0,0,4,1,6,2,28,6,-1,-1,-1,-1,4,1,E01033006,0
Unvalidated,2024131413719,2024,131413719,2,9,0,2,0,0,0,1,0,0,0,0,3,1,5,1,39,7,-1,-1,-1,-1,1,1,E01011312,0
Unvalidated,2024131413735,2024,131413735,1,9,0,5,3,7,0,8,0,0,1,10,1,1,5,2,40,7,-1,-1,-1,-1,2,1,E01011691,0
Unvalidated,2024131413735,2024,131413735,2,9,0,18,5,1,0,1,0,0,1,0,-1,1,6,3,-1,-1,-1,-1,-1,-1,-1,-1,-1,0
Unvalidated,2024131413758,2024,131413758,1,9,0,18,8,4,0,0,0,0,0,0,1,1,6,2,24,5,-1,-1,-1,-1,9,2,E01011174,0
Unvalidated,2024131413758,2024,131413758,2,9,0,3,8,4,0,0,0,0,0,0,2,1,6,1,35,6,-1,-1,-1,-1,3,1,E01011229,0
Unvalidated,2024131413812,2024,131413812,1,9,0,9,6,4,0,8,0,0,0,0,1,1,5,1,51,8,-1,-1,-1,-1,1,1,E01011316,0
Unvalidated,2024131413812,2024,131413812,2,1,0,18,6,2,9,1,2,0,0,0,1,1,6,3,-1,-1,-1,-1,-1,-1,-1,-1,-1,0
Unvalidated,2024131413846,2024,131413846,1,9,0,18,1,1,0,0,0,0,0,0,1,1,5,1,88,11,-1,-1,-1,-1,10,1,E01011377,0
Unvalidated,2024131413846,2024,131413846,2,9,0,4,1,1,0,0,0,0,0,0,2,1,5,1,56,9,-1,-1,-1,-1,9,1,E01011515,0
Unvalidated,2024131413846,2024,131413846,3,9,0,4,1,1,0,0,0,0,0,0,2,1,5,1,51,8,-1,-1,-1,-1,7,3,E01013126,0
Unvalidated,2024131413965,2024,131413965,1,9,0,18,1,1,9,2,0,1,1,11,1,1,2,2,33,6,-1,-1,-1,-1,1,1,E01010743,0
Unvalidated,2024131413965,2024,131413965,2,9,0,18,1,1,0,1,0,1,0,0,4,1,6,1,23,5,-1,-1,-1,-1,2,1,E01008881,0
Unvalidated,2024131413965,2024,131413965,3,9,0,2,1,1,0,2,0,0,0,0,3,1,6,3,-1,-1,-1,-1,-1,-1,-1,-1,-1,0
Unvalidated,2024131413985,2024,131413985,1,9,0,18,1,5,0,5,0,0,0,0,1,2,5,1,40,7,-1,-1,-1,-1,6,1,E01011164,0
Unvalidated,2024131413985,2024,131413985,2,9,0,9,3,1,0,6,0,0,0,0,3,1,5,1,59,9,-1,-1,-1,-1,3,1,E01011260,0
Unvalidated,2024131413993,2024,131413993,1,9,0,16,4,8,0,0,0,0,7,11,1,1,6,1,24,5,-1,-1,-1,-1,1,1,E01010710,0
Unvalidated,2024131414005,2024,131414005,1,9,0,18,7,3,0,0,0,0,0,0,-1,1,5,1,44,7,-1,-1,-1,-1,1,1,E01011625,0
Unvalidated,2024131414005,2024,131414005,2,9,0,18,7,3,0,0,0,0,0,0,1,1,1,1,28,6,-1,-1,-1,-1,6,3,E01011885,0
Unvalidated,2024131414005,2024,131414005,3,9,0,18,7,3,0,0,0,0,0,0,0,1,1,1,46,8,-1,-1,-1,-1,6,3,E01011885,0
Unvalidated,2024131414005,2024,131414005,4,9,0,18,3,7,0,0,0,0,0,0,1,1,1,1,34,6,-1,-1,-1,-1,1,1,E01011433,0
Unvalidated,2024131414005,2024,131414005,5,9,0,18,7,3,0,0,0,0,0,0,2,1,1,1,28,6,-1,-1,-1,-1,1,1,E01011483,0
Unvalidated,2024131414047,2024,131414047,1,9,0,9,1,5,0,6,0,0,0,0,1,1,2,3,55,8,-1,-1,-1,-1,4,1,E01011049,0
Unvalidated,2024131414056,2024,131414056,1,9,0,18,3,2,0,1,0,0,0,0,3,1,1,1,34,6,-1,-1,-1,-1,4,1,E01032489,0
Unvalidated,2024131414056,2024,131414056,2,9,0,18,3,3,0,3,1,0,0,0,1,1,5,2,43,7,-1,-1,-1,-1,7,1,E01032490,0
Unvalidated,2024131414116,2024,131414116,1,9,0,9,1,3,0,8,0,0,0,0,1,1,5,1,45,7,-1,-1,-1,-1,1,1,E01010735,0
Unvalidated,2024131414186,2024,131414186,1,3,0,13,5,1,0,8,0,0,0,0,1,1,6,1,19,4,-1,-1,-1,-1,10,2,E01010646,0
Unvalidated,2024131414186,2024,131414186,2,9,0,9,5,1,0,1,0,0,0,0,1,1,5,2,47,8,-1,-1,-1,-1,4,1,E01011529,0
Unvalidated,2024131414212,2024,131414212,1,9,0,2,5,1,0,0,0,0,0,0,4,1,6,3,-1,-1,-1,-1,-1,-1,-1,-1,-1,0
Unvalidated,2024131414225,2024,131414225,1,9,0,12,1,5,2,0,0,0,4,10,1,1,6,1,77,11,-1,-1,-1,-1,2,1,E01010869,0
Unvalidated,2024131414225,2024,131414225,2,9,0,18,1,5,0,0,0,0,0,0,4,1,6,1,47,8,-1,-1,-1,-1,6,3,E01010594,0
Unvalidated,2024131414280,2024,131414280,1,9,0,7,2,6,0,6,0,0,0,0,1,1,6,3,-1,-1,-1,-1,-1,-1,-1,-1,-1,0
Unvalidated,2024131414283,2024,131414283,1,9,0,-1,-1,-1,-1,-1,-1,-1,-1,0,-1,1,6,3,-1,-1,-1,-1,-1,-1,-1,-1,-1,0
Unvalidated,2024131414291,2024,131414291,1,9,0,18,5,3,0,8,1,6,7,7,2,1,5,2,24,5,-1,-1,-1,-1,3,3,E01011776,0
Unvalidated,2024131414291,2024,131414291,2,9,0,7,7,1,0,3,0,0,0,0,1,1,5,1,33,6,-1,-1,-1,-1,1,1,E01011375,0
Unvalidated,2024131414297,2024,131414297,1,9,0,18,7,3,0,8,0,0,0,0,1,1,6,3,-1,-1,-1,-1,-1,-1,-1,-1,-1,0
Unvalidated,2024131414297,2024,131414297,2,9,0,18,7,3,0,8,0,0,0,0,2,1,6,2,27,6,-1,-1,-1,-1,2,1,E01013448,0
Unvalidated,2024131414298,2024,131414298,1,9,0,18,1,5,0,0,1,0,1,0,1,1,6,1,43,7,-1,-1,-1,-1,3,3,E01011601,0
Unvalidated,2024131414304,2024,131414304,1,9,0,9,5,3,0,2,0,0,0,0,-1,1,6,3,-1,-1,-1,-1,-1,-1,-1,-1,-1,0
Unvalidated,2024131414360,2024,131414360,1,9,0,9,7,3,0,1,0,0,0,0,1,1,5,1,51,8,-1,-1,-1,-1,1,1,E01033691,0
Unvalidated,2024131414367,2024,131414367,1,9,0,18,5,1,0,1,0,0,0,0,3,1,5,2,21,5,-1,-1,-1,-1,7,3,E01010917,0
Unvalidated,2024131414367,2024,131414367,2,9,0,18,5,1,0,1,0,0,0,0,3,1,6,1,52,8,-1,-1,-1,-1,1,1,E01011001,0
Unvalidated,2024131414492,2024,131414492,1,11,0,16,1,5,2,0,0,0,0,0,4,1,1,2,60,9,-1,-1,-1,-1,10,1,E01011593,0
Unvalidated,2024131414534,2024,131414534,1,9,0,9,7,1,0,5,0,0,0,0,1,1,2,2,45,7,-1,-1,-1,-1,2,1,E01011079,0
Unvalidated,2024131414697,2024,131414697,1,9,0,9,7,1,0,5,0,0,0,0,1,1,5,1,79,11,-1,-1,-1,-1,2,1,E01011540,0
Unvalidated,2024131414697,2024,131414697,2,9,0,18,7,3,0,8,0,0,0,0,3,1,6,1,77,11,-1,-1,-1,-1,4,1,E01011529,0
Unvalidated,2024131414712,2024,131414712,1,11,0,9,5,1,0,8,0,0,0,0,1,1,1,1,57,9,-1,-1,-1,-1,4,1,E01007344,0
Unvalidated,2024131414712,2024,131414712,2,1,0,7,1,5,0,8,0,0,0,0,3,1,5,1,65,9,-1,-1,-1,-1,7,1,E01011873,0
Unvalidated,2024131414736,2024,131414736,1,9,0,12,8,4,0,8,0,0,0,0,1,1,6,1,27,6,-1,-1,-1,-1,8,1,E01011825,0
Unvalidated,2024131414736,2024,131414736,2,90,0,18,4,8,0,8,0,0,0,0,3,1,6,1,60,9,-1,-1,-1,-1,5,1,E01032495,0
Unvalidated,2024131414760,2024,131414760,1,9,0,5,1,5,0,0,0,0,0,0,-1,1,6,2,60,9,-1,-1,-1,-1,2,1,E01010716,0
Unvalidated,2024131414805,2024,131414805,1,9,0,18,7,3,0,1,0,0,0,0,1,1,6,1,48,8,-1,-1,-1,-1,2,1,E01011759,0
Unvalidated,2024131414808,2024,131414808,1,9,0,5,5,1,0,8,0,0,0,0,1,1,5,1,44,7,-1,-1,-1,-1,1,1,E01011361,0
Unvalidated,2024131414808,2024,131414808,2,1,0,5,5,1,0,8,0,0,0,0,2,1,5,1,47,8,-1,-1,-1,-1,9,1,E01011596,0
Unvalidated,2024131414816,2024,131414816,1,9,0,18,3,7,0,8,0,0,0,0,1,1,2,1,46,8,-1,-1,-1,-1,4,1,E01010602,0
Unvalidated,2024131414816,2024,131414816,2,1,0,18,5,1,0,8,0,0,0,0,3,1,2,1,32,6,-1,-1,-1,-1,1,1,E01010733,0
Unvalidated,2024131414817,2024,131414817,1,1,0,7,1,5,0,1,0,0,0,0,1,1,6,1,15,3,-1,-1,-1,-1,1,1,E01011426,0
Unvalidated,2024131414817,2024,131414817,2,9,0,9,-1,-1,0,8,0,0,0,0,-1,1,6,3,-1,-1,-1,-1,-1,-1,-1,-1,-1,0
Unvalidated,2024131414832,2024,131414832,1,9,0,18,1,5,0,0,0,0,0,0,1,1,2,1,47,8,-1,-1,-1,-1,1,1,E01011625,0
Unvalidated,2024131414832,2024,131414832,2,9,0,18,5,1,0,0,0,0,0,0,4,1,5,1,68,10,-1,-1,-1,-1,10,1,E01011932,0
Unvalidated,2024131414843,2024,131414843,1,9,0,-1,-1,-1,-1,0,-1,-1,-1,0,2,1,6,2,38,7,-1,-1,-1,-1,1,1,E01010654,0
Unvalidated,2024131414949,2024,131414949,1,9,0,-1,-1,-1,-1,-1,-1,-1,-1,-1,-1,1,6,3,-1,-1,-1,-1,-1,-1,-1,-1,-1,0
Unvalidated,2024131414949,2024,131414949,2,1,0,9,3,5,0,8,0,0,0,0,1,1,2,1,31,6,-1,-1,-1,-1,1,1,E01011361,0
Unvalidated,2024131414959,2024,131414959,1,9,0,17,1,5,0,0,1,0,0,0,1,1,1,2,33,6,-1,-1,-1,-1,4,1,E01007329,0
Unvalidated,2024131414959,2024,131414959,2,9,0,12,5,1,0,0,1,0,0,0,1,1,1,2,50,8,-1,-1,-1,-1,5,2,E01011765,0
Unvalidated,2024131415039,2024,131415039,1,9,0,-1,-1,-1,-1,-1,-1,-1,-1,-1,-1,1,6,3,-1,-1,-1,-1,-1,-1,-1,-1,-1,0
Unvalidated,2024131415039,2024,131415039,2,1,0,-1,-1,-1,-1,-1,-1,-1,-1,-1,-1,1,2,1,27,6,-1,-1,-1,-1,1,1,E01011340,0
Unvalidated,2024131415103,2024,131415103,1,9,0,-1,-1,-1,-1,-1,-1,-1,-1,-1,-1,1,6,3,-1,-1,-1,-1,-1,-1,-1,-1,-1,0
Unvalidated,2024131415127,2024,131415127,1,9,0,2,0,0,0,2,0,0,0,0,2,1,6,3,-1,-1,-1,-1,-1,-1,-1,-1,-1,0
Unvalidated,2024131415127,2024,131415127,2,1,0,14,7,7,0,2,1,4,0,0,1,1,5,1,61,9,-1,-1,-1,-1,3,1,E01011304,0
Unvalidated,2024131415150,2024,131415150,1,9,0,5,2,8,0,0,0,0,0,0,1,1,2,2,44,7,-1,-1,-1,-1,5,1,E01011158,0
Unvalidated,2024131415154,2024,131415154,1,9,0,5,1,3,0,0,0,0,0,0,3,1,1,1,24,5,-1,-1,-1,-1,1,1,E01011036,0
Unvalidated,2024131415169,2024,131415169,1,90,0,-1,-1,-1,-1,0,-1,-1,-1,-1,-1,1,6,3,-1,-1,-1,-1,-1,-1,-1,-1,-1,0
Unvalidated,2024131415169,2024,131415169,2,1,0,12,4,8,0,0,0,0,0,0,4,1,5,1,13,3,-1,-1,-1,-1,1,1,E01011340,0
Unvalidated,2024131415179,2024,131415179,1,9,0,18,5,1,0,1,0,0,0,0,3,1,2,1,20,4,-1,-1,-1,-1,1,1,E01010611,0
Unvalidated,2024131415205,2024,131415205,1,9,0,9,7,3,0,1,0,0,0,0,3,1,5,2,24,5,-1,-1,-1,-1,9,3,E01010953,0
Unvalidated,2024131415205,2024,131415205,2,9,0,18,5,1,0,2,0,0,0,0,1,1,5,1,21,5,-1,-1,-1,-1,1,1,E01005585,0
Unvalidated,2024131415226,2024,131415226,1,9,0,18,5,1,0,8,1,4,1,11,1,1,6,2,20,4,-1,-1,-1,-1,4,1,E01011822,0
Unvalidated,2024131415226,2024,131415226,2,9,0,18,1,5,0,8,1,7,0,0,4,1,6,1,37,7,-1,-1,-1,-1,6,1,E01010634,0
Unvalidated,2024131415226,2024,131415226,3,9,0,2,0,0,0,2,0,0,0,0,2,1,6,3,-1,-1,-1,-1,-1,-1,-1,-1,-1,0
Unvalidated,2024131415228,2024,131415228,1,9,0,17,3,1,0,1,0,0,0,0,4,1,2,1,28,6,-1,-1,-1,-1,1,1,E01010850,0
Unvalidated,2024131415228,2024,131415228,2,9,0,16,1,3,0,1,0,0,0,0,1,1,2,2,31,6,-1,-1,-1,-1,8,3,E01010997,0
Unvalidated,2024131415242,2024,131415242,1,9,0,18,8,4,0,0,5,0,0,0,4,1,5,1,59,9,-1,-1,-1,-1,1,1,E01010994,0
Unvalidated,2024131415324,2024,131415324,1,9,0,18,3,7,0,1,0,0,0,0,1,1,2,1,47,8,-1,-1,-1,-1,4,3,E01011499,0
Unvalidated,2024131415324,2024,131415324,2,9,0,9,5,1,0,1,0,0,0,0,1,1,2,1,53,8,-1,-1,-1,-1,8,1,E01027940,0
Unvalidated,2024131415359,2024,131415359,1,9,0,18,2,6,0,0,0,0,0,0,4,1,5,2,46,8,-1,-1,-1,-1,8,1,E01027713,0
Unvalidated,2024131415359,2024,131415359,2,9,0,18,5,1,0,0,0,0,1,1,1,1,2,1,62,9,-1,-1,-1,-1,10,1,E01014181,0
Unvalidated,2024131415413,2024,131415413,1,9,0,2,0,0,0,0,0,0,0,0,2,1,6,3,-1,-1,-1,-1,-1,-1,-1,-1,-1,0
Unvalidated,2024131415415,2024,131415415,1,9,0,-1,-1,-1,-1,-1,-1,-1,-1,-1,-1,1,6,3,-1,-1,-1,-1,-1,-1,-1,-1,-1,0
Unvalidated,2024131415415,2024,131415415,2,9,0,-1,-1,-1,-1,-1,-1,-1,-1,-1,3,1,6,1,42,7,-1,-1,-1,-1,5,1,E01011902,0
Unvalidated,2024131415417,2024,131415417,1,98,0,-1,-1,-1,-1,-1,-1,-1,-1,-1,-1,1,6,3,-1,-1,-1,-1,-1,-1,-1,-1,-1,0
Unvalidated,2024131415417,2024,131415417,2,1,0,18,1,5,4,1,0,0,0,0,1,1,6,3,-1,-1,-1,-1,-1,-1,-1,-1,-1,0
Unvalidated,2024131415435,2024,131415435,1,98,0,18,6,2,0,0,0,0,0,0,1,1,6,1,31,6,-1,-1,-1,-1,1,1,E01011433,0
Unvalidated,2024131415435,2024,131415435,2,9,0,2,0,0,0,0,0,0,0,0,1,1,1,2,51,8,-1,-1,-1,-1,1,1,E01010814,0
Unvalidated,2024131415452,2024,131415452,1,98,0,18,1,5,0,0,0,0,0,0,4,1,6,3,-1,-1,-1,-1,-1,-1,-1,-1,-1,0
Unvalidated,2024131415452,2024,131415452,2,9,0,18,1,5,0,0,0,0,0,0,3,1,5,1,18,4,-1,-1,-1,-1,2,1,E01011043,0
Unvalidated,2024131415527,2024,131415527,1,1,0,18,6,2,0,0,0,0,0,0,3,1,2,1,35,6,-1,-1,-1,-1,8,1,E01010572,0
Unvalidated,2024131415527,2024,131415527,2,9,0,5,3,6,0,0,0,0,0,0,1,1,6,3,-1,-1,-1,-1,-1,-1,-1,-1,-1,0
Unvalidated,2024131415553,2024,131415553,1,8,0,-1,-1,-1,-1,-1,-1,-1,-1,-1,-1,1,6,3,-1,-1,-1,-1,-1,-1,-1,-1,-1,0
Unvalidated,2024131415629,2024,131415629,1,9,0,9,8,2,0,8,0,0,0,0,1,1,6,1,63,9,-1,-1,-1,-1,2,1,E01011421,0
Unvalidated,2024131415629,2024,131415629,2,1,0,18,8,4,0,8,5,0,0,0,1,1,6,3,27,6,-1,-1,-1,-1,9,1,E01011404,0
Unvalidated,2024131415658,2024,131415658,1,9,0,18,3,7,0,0,0,0,7,9,1,1,6,1,37,7,-1,-1,-1,-1,2,1,E01011740,0
Unvalidated,2024131415658,2024,131415658,2,20,0,18,7,3,0,0,1,0,0,0,1,1,1,1,42,7,-1,-1,-1,-1,5,1,E01010603,0
Unvalidated,2024131415672,2024,131415672,1,9,0,18,4,5,0,0,0,0,0,0,3,1,6,2,37,7,-1,-1,-1,-1,6,1,E01010975,0
Unvalidated,2024131415719,2024,131415719,1,9,0,1,4,3,0,0,0,0,0,0,2,1,6,3,43,7,-1,-1,-1,-1,-1,-1,-1,0
Unvalidated,2024131415783,2024,131415783,1,9,0,18,1,1,0,1,0,0,1,0,4,1,6,2,27,6,-1,-1,-1,-1,1,1,E01011134,0
Unvalidated,2024131415783,2024,131415783,2,9,0,18,1,1,0,1,0,0,0,0,1,1,1,1,71,10,-1,-1,-1,-1,-1,-1,-1,0
Unvalidated,2024131415783,2024,131415783,3,9,0,2,0,0,0,1,0,0,0,0,3,1,6,3,-1,-1,-1,-1,-1,-1,-1,-1,-1,0
Unvalidated,2024131415885,2024,131415885,1,9,0,5,5,1,0,1,0,0,0,0,4,1,6,2,62,9,-1,-1,-1,-1,1,1,E01011901,0
Unvalidated,2024131415907,2024,131415907,1,9,0,-1,-1,-1,-1,-1,-1,-1,-1,-1,-1,1,6,3,-1,-1,-1,-1,-1,-1,-1,-1,-1,0
Unvalidated,2024131415929,2024,131415929,1,9,0,9,1,1,0,1,0,0,0,0,3,1,6,2,49,8,-1,-1,-1,-1,5,2,E01011770,0
Unvalidated,2024131415929,2024,131415929,2,3,0,13,1,1,0,1,0,0,0,0,1,1,6,3,20,4,-1,-1,-1,-1,-1,-1,-1,0
Unvalidated,2024131415940,2024,131415940,1,9,0,18,3,7,0,0,0,0,0,0,1,1,5,2,55,8,-1,-1,-1,-1,1,1,E01011466,0
Unvalidated,2024131415948,2024,131415948,1,97,0,6,3,1,9,1,5,0,1,10,3,1,6,1,21,5,-1,-1,-1,-1,1,1,E01010802,0
Unvalidated,2024131415956,2024,131415956,1,9,0,18,7,3,0,0,1,0,4,0,2,1,6,1,22,5,-1,-1,-1,-1,9,2,E01010647,0
Unvalidated,2024131415956,2024,131415956,2,9,0,18,3,7,0,0,0,0,0,0,1,1,6,1,48,8,-1,-1,-1,-1,6,1,E01010643,0
Unvalidated,2024131415962,2024,131415962,1,9,0,18,7,3,0,1,0,0,0,0,3,1,6,1,47,8,-1,-1,-1,-1,1,1,E01010824,0
Unvalidated,2024131415970,2024,131415970,1,9,0,18,5,1,0,0,1,0,0,0,1,1,6,1,31,6,-1,-1,-1,-1,8,1,E01011829,0
Unvalidated,2024131415970,2024,131415970,2,11,0,2,0,0,0,0,0,0,0,0,2,1,1,1,35,6,-1,-1,-1,-1,2,1,E01011900,0
Unvalidated,2024131415978,2024,131415978,1,9,0,18,7,3,0,0,5,0,1,11,1,1,2,1,22,5,-1,-1,-1,-1,2,1,E01011034,0
Unvalidated,2024131415990,2024,131415990,1,9,0,18,8,4,0,0,0,0,0,0,1,1,5,1,38,7,-1,-1,-1,-1,1,1,E01011430,0
Unvalidated,2024131416006,2024,131416006,1,90,0,1,1,5,0,0,0,0,0,0,2,1,6,3,-1,-1,-1,-1,-1,-1,-1,-1,-1,0
Unvalidated,2024131416046,2024,131416046,1,9,0,2,1,5,0,0,0,0,0,0,1,1,6,1,34,6,-1,-1,-1,-1,7,1,E01011755,0