status,collision_index,collision_year,collision_reference,vehicle_reference,vehicle_type,towing_and_articulation,vehicle_manoeuvre,vehicle_direction_from,vehicle_direction_to,vehicle_location_restricted_lane,junction_location,skidding_and_overturning,hit_object_in_carriageway,vehicle_leaving_carriageway,hit_object_off_carriageway,first_point_of_impact,vehicle_left_hand_drive,journey_purpose_of_driver,sex_of_driver,age_of_driver,age_band_of_driver,engine_capacity_cc,propulsion_code,age_of_vehicle,generic_make_model,driver_imd_decile,driver_home_area_type,lsoa_of_driver,escooter_flag
Unvalidated,2024131416046,2024,131416046,2,9,0,18,1,5,0,0,0,0,0,0,1,1,6,3,-1,-1,-1,-1,-1,-1,-1,-1,-1,0
Unvalidated,2024131416115,2024,131416115,1,9,0,18,1,5,0,0,2,0,0,0,1,1,2,2,24,5,-1,-1,-1,-1,5,1,E01033008,0
Unvalidated,2024131416155,2024,131416155,1,19,0,7,2,6,0,1,0,0,0,0,-1,1,6,3,-1,-1,-1,-1,-1,-1,-1,-1,-1,0
Unvalidated,2024131416155,2024,131416155,2,1,0,18,1,1,4,1,0,0,0,0,1,1,6,2,30,6,-1,-1,-1,-1,1,1,E01011422,0
Unvalidated,2024131416190,2024,131416190,1,9,0,18,5,1,0,0,0,0,0,0,4,1,6,3,-1,-1,-1,-1,-1,-1,-1,-1,-1,0
Unvalidated,2024131416190,2024,131416190,2,1,0,18,5,1,0,0,0,0,1,0,1,1,6,2,25,5,-1,-1,-1,-1,8,1,E01011694,0
Unvalidated,2024131416199,2024,131416199,1,9,0,10,1,1,0,1,0,0,0,0,4,1,6,2,21,5,-1,-1,-1,-1,-1,-1,-1,0
Unvalidated,2024131416199,2024,131416199,2,1,0,18,1,1,4,1,0,0,0,0,4,1,6,1,23,5,-1,-1,-1,-1,2,1,E01011334,0
Unvalidated,2024131416202,2024,131416202,1,9,0,5,1,5,0,1,0,0,0,0,1,1,6,1,49,8,-1,-1,-1,-1,4,1,E01005621,0
Unvalidated,2024131416214,2024,131416214,1,9,0,17,1,5,0,2,1,4,0,0,1,1,6,1,41,7,-1,-1,-1,-1,2,1,E01011224,0
Unvalidated,2024131416214,2024,131416214,2,9,0,18,5,1,0,1,0,0,0,0,1,1,6,2,46,8,-1,-1,-1,-1,1,1,E01011101,0
Unvalidated,2024131416214,2024,131416214,3,9,0,2,7,7,9,2,0,0,0,0,2,1,6,3,-1,-1,-1,-1,-1,-1,-1,-1,-1,0
Unvalidated,2024131416267,2024,131416267,1,9,0,-1,-1,-1,-1,-1,-1,-1,-1,0,-1,1,6,3,40,7,-1,-1,-1,-1,-1,-1,-1,0
Unvalidated,2024131416280,2024,131416280,1,9,0,7,3,7,0,2,0,0,0,0,1,1,2,2,46,8,-1,-1,-1,-1,7,1,E01011410,0
Unvalidated,2024131416280,2024,131416280,2,1,0,7,3,7,0,2,0,0,0,0,1,1,1,2,42,7,-1,-1,-1,-1,1,1,E01011667,0
Unvalidated,2024131416289,2024,131416289,1,9,0,18,4,8,0,4,0,0,0,0,2,1,5,1,22,5,-1,-1,-1,-1,4,1,E01010866,0
Unvalidated,2024131416289,2024,131416289,2,9,0,18,4,2,0,4,0,0,0,0,1,1,5,1,37,7,-1,-1,-1,-1,1,1,E01010611,0
Unvalidated,2024131416291,2024,131416291,1,9,0,18,1,5,0,0,0,0,0,0,3,1,5,1,29,6,-1,-1,-1,-1,10,1,E01011554,0
Unvalidated,2024131416291,2024,131416291,2,9,0,18,5,1,0,0,0,0,0,0,3,1,5,1,42,7,-1,-1,-1,-1,10,1,E01011564,0
Unvalidated,2024131416300,2024,131416300,1,9,0,18,1,5,0,0,0,0,0,0,1,1,6,1,33,6,-1,-1,-1,-1,3,1,E01010629,0
Unvalidated,2024131416300,2024,131416300,2,9,0,18,1,5,0,0,0,0,0,0,2,1,5,1,23,5,-1,-1,-1,-1,1,1,E01010813,0
Unvalidated,2024131416327,2024,131416327,1,9,0,18,1,1,0,0,5,7,1,1,1,1,6,1,50,8,-1,-1,-1,-1,1,1,E01011133,0
Unvalidated,2024131416329,2024,131416329,1,9,0,18,7,3,0,1,0,0,0,0,1,1,5,1,83,11,-1,-1,-1,-1,2,1,E01011079,0
Unvalidated,2024131416329,2024,131416329,2,9,0,2,0,0,0,1,0,0,0,0,3,1,6,3,-1,-1,-1,-1,-1,-1,-1,-1,-1,0
Unvalidated,2024131416329,2024,131416329,3,9,0,2,0,0,0,1,0,0,0,0,3,1,6,3,-1,-1,-1,-1,-1,-1,-1,-1,-1,0
Unvalidated,2024131416329,2024,131416329,4,9,0,2,0,0,0,1,1,0,1,0,2,1,6,3,-1,-1,-1,-1,-1,-1,-1,-1,-1,0
Unvalidated,2024131416333,2024,131416333,1,9,0,18,5,1,0,0,0,0,0,0,1,1,5,1,40,7,-1,-1,-1,-1,4,2,E01027892,0
Unvalidated,2024131416333,2024,131416333,2,9,0,2,0,0,0,0,0,0,0,0,3,1,6,3,-1,-1,-1,-1,-1,-1,-1,-1,-1,0
Unvalidated,2024131416347,2024,131416347,1,9,0,18,8,4,0,1,0,0,0,0,1,1,6,1,56,9,-1,-1,-1,-1,1,1,E01011864,0
Unvalidated,2024131416380,2024,131416380,1,9,0,18,3,7,0,1,0,0,0,0,1,1,5,1,64,9,-1,-1,-1,-1,2,1,E01011002,0
Unvalidated,2024131416380,2024,131416380,2,9,0,5,7,3,0,1,0,0,2,0,1,1,1,1,52,8,-1,-1,-1,-1,1,1,E01010994,0
Unvalidated,2024131416380,2024,131416380,3,9,0,2,0,0,0,1,0,0,0,0,2,1,6,3,-1,-1,-1,-1,-1,-1,-1,-1,-1,0
Unvalidated,2024131416416,2024,131416416,1,9,0,18,3,7,0,1,0,0,0,0,0,1,6,1,46,8,-1,-1,-1,-1,4,1,E01011606,0
Unvalidated,2024131416416,2024,131416416,2,9,0,13,3,7,0,1,1,0,3,10,1,1,5,1,34,6,-1,-1,-1,-1,6,1,E01011490,0
Unvalidated,2024131416416,2024,131416416,3,9,0,9,1,3,0,6,1,0,0,0,3,1,6,1,53,8,-1,-1,-1,-1,1,1,E01010606,0
Unvalidated,2024131416433,2024,131416433,1,11,0,-1,-1,-1,-1,0,-1,-1,-1,0,-1,1,6,3,-1,-1,-1,-1,-1,-1,-1,-1,-1,0
Unvalidated,2024131416433,2024,131416433,2,1,0,18,5,1,2,0,0,0,0,0,0,1,2,1,34,6,-1,-1,-1,-1,8,1,E01011690,0
Unvalidated,2024131416437,2024,131416437,1,9,0,7,3,5,0,8,0,0,0,0,1,1,5,1,25,5,-1,-1,-1,-1,2,1,E01011250,0
Unvalidated,2024131416437,2024,131416437,2,9,0,18,1,5,0,1,0,0,0,0,4,1,5,1,61,9,-1,-1,-1,-1,2,1,E01011220,0
Unvalidated,2024131416442,2024,131416442,1,9,0,18,5,1,0,1,0,0,0,0,1,1,6,3,-1,-1,-1,-1,-1,-1,-1,-1,-1,0
Unvalidated,2024131416442,2024,131416442,2,9,0,9,5,2,0,1,0,0,7,0,3,1,1,1,32,6,-1,-1,-1,-1,1,1,E01011428,0
Unvalidated,2024131416487,2024,131416487,1,98,0,-1,-1,-1,-1,0,-1,-1,-1,-1,-1,1,6,3,-1,-1,-1,-1,-1,-1,-1,-1,-1,0
Unvalidated,2024131416487,2024,131416487,2,9,0,2,3,7,0,0,0,0,0,0,3,1,6,1,26,6,-1,-1,-1,-1,2,1,E01011249,0
Unvalidated,2024131416521,2024,131416521,1,9,0,11,1,6,0,1,0,0,0,0,2,2,6,3,-1,-1,-1,-1,-1,-1,-1,-1,-1,0
Unvalidated,2024131416521,2024,131416521,2,9,0,18,1,6,0,1,0,0,0,0,1,1,6,1,45,7,-1,-1,-1,-1,10,1,E01011562,0
Unvalidated,2024131416540,2024,131416540,1,5,0,18,5,1,0,2,2,0,0,0,3,1,5,1,27,6,-1,-1,-1,-1,1,1,E01011723,0
Unvalidated,2024131416554,2024,131416554,1,9,0,16,8,2,0,1,0,0,0,0,3,1,6,2,37,7,-1,-1,-1,-1,-1,-1,-1,0
Unvalidated,2024131416554,2024,131416554,2,19,0,17,2,8,0,1,0,0,0,0,3,1,6,1,65,9,-1,-1,-1,-1,-1,-1,-1,0
Unvalidated,2024131416692,2024,131416692,1,9,0,-1,-1,-1,-1,0,-1,-1,-1,0,-1,1,6,3,-1,-1,-1,-1,-1,-1,-1,-1,-1,0
Unvalidated,2024131416692,2024,131416692,2,1,0,18,7,3,0,0,0,0,0,0,1,1,6,1,12,3,-1,-1,-1,-1,2,1,E01011540,0
Unvalidated,2024131416800,2024,131416800,1,9,0,11,7,3,0,0,1,10,5,6,1,1,6,1,36,7,-1,-1,-1,-1,1,1,E01011360,0
Unvalidated,2024131416841,2024,131416841,1,9,0,-1,-1,-1,-1,-1,-1,-1,-1,-1,-1,1,6,3,-1,-1,-1,-1,-1,-1,-1,-1,-1,0
Unvalidated,2024131416849,2024,131416849,1,9,0,-1,-1,-1,-1,-1,-1,-1,-1,-1,-1,1,6,3,-1,-1,-1,-1,-1,-1,-1,-1,-1,0
Unvalidated,2024131416850,2024,131416850,1,9,0,18,5,1,0,0,0,0,0,0,1,1,5,1,79,11,-1,-1,-1,-1,9,1,E01010576,0
Unvalidated,2024131416850,2024,131416850,2,9,0,18,5,1,0,0,0,0,0,0,2,1,5,1,51,8,-1,-1,-1,-1,1,1,E01010777,0
Unvalidated,2024131416850,2024,131416850,3,9,0,18,1,5,0,0,0,0,0,0,3,1,5,1,59,9,-1,-1,-1,-1,3,1,E01010703,0
Unvalidated,2024131416866,2024,131416866,1,9,0,17,7,3,0,0,2,0,0,0,3,1,2,1,28,6,-1,-1,-1,-1,2,1,E01011236,0
Unvalidated,2024131416892,2024,131416892,1,8,0,-1,-1,-1,-1,1,-1,-1,-1,0,-1,1,6,3,-1,-1,-1,-1,-1,-1,-1,-1,-1,0
Unvalidated,2024131416892,2024,131416892,2,1,0,18,6,2,0,1,0,0,0,0,3,1,6,1,19,4,-1,-1,-1,-1,3,1,E01011670,0
Unvalidated,2024131416981,2024,131416981,1,9,0,9,8,4,0,8,0,0,0,0,4,1,5,1,19,4,-1,-1,-1,-1,7,1,E01011511,0
Unvalidated,2024131416981,2024,131416981,2,9,0,18,4,8,0,1,0,0,0,0,1,1,5,2,76,11,-1,-1,-1,-1,1,1,E01011355,0
Unvalidated,2024131417016,2024,131417016,1,9,0,5,7,3,0,1,0,0,0,0,1,1,6,1,27,6,-1,-1,-1,-1,2,1,E01010667,0
Unvalidated,2024131417016,2024,131417016,2,9,0,9,3,1,2,1,0,0,3,0,1,1,6,1,32,6,-1,-1,-1,-1,4,1,E01010763,0
Unvalidated,2024131417018,2024,131417018,1,9,0,18,2,2,0,0,1,11,0,0,1,1,2,1,18,4,-1,-1,-1,-1,9,1,E01011419,0
Unvalidated,2024131417018,2024,131417018,2,9,0,2,0,0,9,0,0,0,0,0,4,1,6,3,-1,-1,-1,-1,-1,-1,-1,-1,-1,0
Unvalidated,2024131417034,2024,131417034,1,9,0,9,3,7,0,1,0,0,0,0,1,1,5,1,76,11,-1,-1,-1,-1,1,1,E01010812,0
Unvalidated,2024131417391,2024,131417391,1,9,0,9,7,3,0,8,0,0,0,0,3,1,3,2,43,7,-1,-1,-1,-1,4,1,E01011009,0
Unvalidated,2024131417391,2024,131417391,2,1,0,16,5,1,0,8,0,0,0,0,1,1,6,3,-1,-1,-1,-1,-1,-1,-1,-1,-1,0
Unvalidated,2024131417392,2024,131417392,1,1,0,18,1,5,0,1,0,0,0,0,1,1,6,1,22,5,-1,-1,-1,-1,4,1,E01011678,0
Unvalidated,2024131417392,2024,131417392,2,9,0,5,5,7,0,5,0,0,0,0,3,1,6,2,47,8,-1,-1,-1,-1,10,1,E01011266,0
Unvalidated,2024131417407,2024,131417407,1,9,0,-1,-1,-1,-1,-1,-1,-1,-1,0,-1,1,6,3,-1,-1,-1,-1,-1,-1,-1,-1,-1,0
Unvalidated,2024131417421,2024,131417421,1,11,0,18,3,3,0,1,0,4,0,0,4,1,1,1,50,8,-1,-1,-1,-1,2,1,E01011250,0
Unvalidated,2024131417421,2024,131417421,2,9,0,2,3,3,0,1,0,0,0,0,2,1,6,3,-1,-1,-1,-1,-1,-1,-1,-1,-1,0
Unvalidated,2024131417421,2024,131417421,3,9,0,2,0,0,0,1,0,0,0,0,2,1,6,3,-1,-1,-1,-1,-1,-1,-1,-1,-1,0
Unvalidated,2024131417424,2024,131417424,1,11,0,-1,-1,-1,-1,0,-1,-1,-1,-1,-1,1,6,3,-1,-1,-1,-1,-1,-1,-1,-1,-1,0
Unvalidated,2024131417429,2024,131417429,1,9,0,-1,-1,-1,-1,-1,-1,-1,-1,-1,-1,1,6,3,-1,-1,-1,-1,-1,-1,-1,-1,-1,0
Unvalidated,2024131417430,2024,131417430,1,5,0,18,1,5,0,0,0,0,0,0,1,1,6,2,36,7,-1,-1,-1,-1,7,1,E01011755,0
Unvalidated,2024131417430,2024,131417430,2,9,0,2,5,1,0,0,0,0,0,0,3,1,6,3,-1,-1,-1,-1,-1,-1,-1,-1,-1,0
Unvalidated,2024131417439,2024,131417439,1,9,0,18,5,1,0,0,0,0,0,0,1,1,1,1,23,5,-1,-1,-1,-1,4,1,E01010601,0
Unvalidated,2024131417451,2024,131417451,1,4,0,18,7,7,0,0,0,0,2,11,1,1,6,1,31,6,-1,-1,-1,-1,6,2,E01010991,0
Unvalidated,2024131417451,2024,131417451,2,9,0,9,7,8,0,0,0,0,0,0,3,1,5,1,68,10,-1,-1,-1,-1,10,1,E01010946,0
Unvalidated,2024131417466,2024,131417466,1,9,0,2,7,1,0,1,0,0,0,0,2,1,2,2,50,8,-1,-1,-1,-1,9,3,E01011117,0
Unvalidated,2024131417466,2024,131417466,2,9,0,14,7,1,0,1,0,0,0,0,1,1,2,2,37,7,-1,-1,-1,-1,1,2,E01007373,0
Unvalidated,2024131417490,2024,131417490,1,9,0,18,1,5,0,0,0,0,0,0,1,1,5,1,67,10,-1,-1,-1,-1,2,1,E01011163,0
Unvalidated,2024131417490,2024,131417490,2,9,0,9,1,5,0,0,0,0,0,0,0,1,6,1,43,7,-1,-1,-1,-1,3,1,E01011137,0
Unvalidated,2024131417490,2024,131417490,3,9,0,2,0,0,0,0,0,4,0,0,2,1,6,3,-1,-1,-1,-1,-1,-1,-1,-1,-1,0
Unvalidated,2024131417490,2024,131417490,4,9,0,2,0,0,0,0,0,4,0,0,2,1,6,3,-1,-1,-1,-1,-1,-1,-1,-1,-1,0
Unvalidated,2024131417640,2024,131417640,1,9,0,9,1,6,0,1,0,0,0,0,1,1,5,2,38,7,-1,-1,-1,-1,1,1,E01010831,0
Unvalidated,2024131417640,2024,131417640,2,9,0,18,3,3,0,1,0,0,0,0,1,1,5,1,29,6,-1,-1,-1,-1,4,1,E01010801,0
Unvalidated,2024131417694,2024,131417694,1,19,0,4,1,5,0,4,0,0,0,0,1,1,1,1,56,9,-1,-1,-1,-1,1,1,E01010736,0
Unvalidated,2024131417694,2024,131417694,2,9,0,3,1,5,0,1,0,0,0,0,2,1,5,1,74,10,-1,-1,-1,-1,7,1,E01027705,0
Unvalidated,2024131417755,2024,131417755,1,9,0,18,6,2,0,1,0,0,0,0,4,1,3,2,35,6,-1,-1,-1,-1,1,1,E01011663,0
Unvalidated,2024131417757,2024,131417757,1,3,0,18,2,6,0,0,1,0,0,0,0,1,2,1,17,4,-1,-1,-1,-1,2,3,E01011815,0
Unvalidated,2024131417757,2024,131417757,2,3,0,18,6,2,0,0,0,0,0,0,1,1,1,1,44,7,-1,-1,-1,-1,3,1,E01011920,0
Unvalidated,2024131417847,2024,131417847,1,9,0,4,3,7,0,1,0,0,0,0,1,1,2,2,30,6,-1,-1,-1,-1,-1,-1,-1,0
Unvalidated,2024131417866,2024,131417866,1,9,0,18,5,1,0,0,0,0,0,0,1,1,5,1,82,11,-1,-1,-1,-1,4,1,E01011839,0
Unvalidated,2024131417866,2024,131417866,2,9,0,4,5,1,0,0,0,0,0,0,2,1,5,2,34,6,-1,-1,-1,-1,8,1,E01011743,0
Unvalidated,2024131417867,2024,131417867,1,9,0,9,1,5,9,1,1,0,1,11,1,1,6,3,-1,-1,-1,-1,-1,-1,-1,-1,-1,0
Unvalidated,2024131417867,2024,131417867,2,9,0,2,0,0,9,1,0,0,0,0,4,1,6,3,-1,-1,-1,-1,-1,-1,-1,-1,-1,0
Unvalidated,2024131417867,2024,131417867,3,9,0,18,1,5,0,1,0,0,0,0,0,1,1,2,39,7,-1,-1,-1,-1,6,3,E01011885,0
Unvalidated,2024131417889,2024,131417889,1,9,0,18,5,2,0,1,0,0,0,0,4,1,1,2,32,6,-1,-1,-1,-1,2,1,E01011370,0
Unvalidated,2024131417889,2024,131417889,2,9,0,18,3,7,0,1,0,0,0,0,1,1,5,1,60,9,-1,-1,-1,-1,1,1,E01011471,0
Unvalidated,2024131417896,2024,131417896,1,9,0,3,-1,-1,-1,4,-1,-1,-1,0,3,1,5,2,29,6,-1,-1,-1,-1,4,1,E01011165,0
Unvalidated,2024131417896,2024,131417896,2,9,0,5,-1,-1,0,4,-1,-1,-1,0,-1,1,6,3,-1,-1,-1,-1,-1,-1,-1,-1,-1,0
Unvalidated,2024131417905,2024,131417905,1,9,0,5,3,4,0,0,0,0,2,1,4,1,5,1,75,10,-1,-1,-1,-1,8,1,E01011514,0
Unvalidated,2024131417905,2024,131417905,2,9,0,5,3,4,0,0,0,0,2,0,3,1,5,1,50,8,-1,-1,-1,-1,4,1,E01011678,0
Unvalidated,2024131417916,2024,131417916,1,19,0,18,7,3,0,8,0,0,0,0,1,1,1,1,32,6,-1,-1,-1,-1,1,1,E01011471,0
Unvalidated,2024131417916,2024,131417916,2,1,0,18,5,1,0,1,5,0,0,0,1,1,1,1,52,8,-1,-1,-1,-1,4,1,E01011469,0
Unvalidated,2024131417920,2024,131417920,1,9,0,18,3,3,0,1,0,0,0,0,4,1,5,2,65,9,-1,-1,-1,-1,1,1,E01010611,0
Unvalidated,2024131417956,2024,131417956,1,9,0,18,8,4,0,0,5,0,1,11,1,1,1,1,43,7,-1,-1,-1,-1,1,1,E01010966,0
Unvalidated,2024131417956,2024,131417956,2,9,0,18,4,8,0,0,0,0,1,1,1,1,5,1,71,10,-1,-1,-1,-1,10,1,E01010947,0
Unvalidated,2024131418092,2024,131418092,1,9,0,18,1,3,0,1,0,0,0,0,4,1,3,2,35,6,-1,-1,-1,-1,1,1,E01011623,0
Unvalidated,2024131418117,2024,131418117,1,9,0,1,1,5,9,0,0,0,0,0,2,1,6,1,-1,-1,-1,-1,-1,-1,-1,-1,-1,0
Unvalidated,2024131418117,2024,131418117,2,9,0,2,3,7,0,0,0,0,0,0,3,1,5,2,45,7,-1,-1,-1,-1,8,1,E01010698,0
Unvalidated,2024131418136,2024,131418136,1,9,0,18,1,3,0,1,0,0,0,0,4,1,2,1,58,9,-1,-1,-1,-1,3,1,E01010891,0
Unvalidated,2024131418136,2024,131418136,2,9,0,7,1,3,0,6,0,0,0,0,1,1,6,2,38,7,-1,-1,-1,-1,4,1,E01010978,0
Unvalidated,2024131418138,2024,131418138,1,9,0,18,7,3,0,0,0,0,0,0,1,1,6,1,-1,-1,-1,-1,-1,-1,-1,-1,-1,0
Unvalidated,2024131418138,2024,131418138,2,9,0,18,3,7,0,0,0,0,0,0,3,1,2,2,51,8,-1,-1,-1,-1,8,1,E01011244,0
Unvalidated,2024131418148,2024,131418148,1,9,0,9,1,1,0,0,0,0,0,0,4,1,2,1,35,6,-1,-1,-1,-1,7,1,E01011350,0
Unvalidated,2024131418165,2024,131418165,1,3,0,18,1,5,0,0,1,0,0,0,3,1,5,1,25,5,-1,-1,-1,-1,1,1,E01011363,0
Unvalidated,2024131418191,2024,131418191,1,98,0,-1,-1,-1,-1,-1,-1,-1,-1,-1,-1,1,6,3,-1,-1,-1,-1,-1,-1,-1,-1,-1,0
Unvalidated,2024131418191,2024,131418191,2,9,0,15,2,6,0,2,0,0,0,0,3,1,6,1,77,11,-1,-1,-1,-1,1,1,E01010635,0
Unvalidated,2024131418244,2024,131418244,1,9,0,5,1,1,0,0,0,0,0,0,4,1,5,1,50,8,-1,-1,-1,-1,1,1,E01010745,0
Unvalidated,2024131418244,2024,131418244,2,9,0,9,1,1,0,0,0,0,0,0,0,1,1,2,30,6,-1,-1,-1,-1,1,1,E01010730,0
Unvalidated,2024131418255,2024,131418255,1,9,0,16,1,1,0,1,1,0,0,0,1,1,6,3,21,5,-1,-1,-1,-1,4,1,E01010791,0
Unvalidated,2024131418255,2024,131418255,2,9,0,17,1,1,9,1,1,0,1,11,1,1,6,1,44,7,-1,-1,-1,-1,5,1,E01010598,0
Unvalidated,2024131418255,2024,131418255,3,9,0,16,1,1,0,1,0,0,0,0,0,1,6,3,-1,-1,-1,-1,-1,-1,-1,-1,-1,0
Unvalidated,2024131418321,2024,131418321,1,9,0,18,3,7,0,0,0,0,0,0,1,1,1,1,63,9,-1,-1,-1,-1,8,3,E01010892,0
Unvalidated,2024131418340,2024,131418340,1,9,0,18,5,1,0,2,0,0,0,0,1,1,6,1,44,7,-1,-1,-1,-1,4,1,E01032498,0
Unvalidated,2024131418406,2024,131418406,1,9,0,-1,-1,-1,-1,1,-1,-1,-1,-1,-1,1,6,3,-1,-1,-1,-1,-1,-1,-1,-1,-1,0
Unvalidated,2024131418501,2024,131418501,1,9,0,5,-1,-1,1,0,0,0,1,-1,1,1,6,2,40,7,-1,-1,-1,-1,5,1,E01011801,0
Unvalidated,2024131418553,2024,131418553,1,9,0,18,3,7,0,2,0,0,0,0,1,1,6,1,38,7,-1,-1,-1,-1,7,1,E01010760,0
Unvalidated,2024131418592,2024,131418592,1,9,0,18,7,3,0,0,0,0,0,0,1,1,5,1,53,8,-1,-1,-1,-1,8,1,E01011826,0
Unvalidated,2024131418592,2024,131418592,2,9,0,18,7,3,0,0,0,0,0,0,2,1,5,1,61,9,-1,-1,-1,-1,3,1,E01020868,0
Unvalidated,2024131418596,2024,131418596,1,11,0,18,1,5,0,1,0,0,0,0,1,1,1,1,45,7,-1,-1,-1,-1,1,1,E01011750,0
Unvalidated,2024131418597,2024,131418597,1,9,0,13,1,5,0,1,0,0,0,0,1,1,6,1,40,7,-1,-1,-1,-1,1,1,E01010831,0
Unvalidated,2024131418597,2024,131418597,2,9,0,9,1,7,0,1,0,0,0,0,3,1,6,1,39,7,-1,-1,-1,-1,4,1,E01010601,0
Unvalidated,2024131418628,2024,131418628,1,9,0,5,5,1,0,1,0,0,0,0,1,1,5,1,21,5,-1,-1,-1,-1,-1,-1,-1,0
Unvalidated,2024131418634,2024,131418634,1,9,0,4,1,1,0,0,0,0,0,0,2,1,5,1,32,6,-1,-1,-1,-1,4,1,E01005562,0
Unvalidated,2024131418634,2024,131418634,2,9,0,4,1,1,0,0,0,0,0,0,1,1,1,1,32,6,-1,-1,-1,-1,6,3,E01025367,0
Unvalidated,2024131418634,2024,131418634,3,9,0,18,1,1,0,0,0,0,0,0,1,1,5,1,25,5,-1,-1,-1,-1,1,1,E01010928,0
Unvalidated,2024131418640,2024,131418640,1,9,0,18,5,1,0,0,5,10,0,0,3,1,5,1,18,4,-1,-1,-1,-1,8,3,E01025321,0
Unvalidated,2024131418646,2024,131418646,1,9,0,1,1,5,0,1,0,0,0,0,-1,1,6,1,29,6,-1,-1,-1,-1,7,1,E01011067,0
Unvalidated,2024131418649,2024,131418649,1,9,0,18,1,5,0,4,0,0,0,0,1,1,5,2,28,6,-1,-1,-1,-1,-1,2,-1,0
Unvalidated,2024131418649,2024,131418649,2,9,0,18,3,7,0,4,0,0,0,0,3,1,5,1,21,5,-1,-1,-1,-1,10,1,E01011272,0
Unvalidated,2024131418652,2024,131418652,1,9,0,18,3,7,0,0,1,0,0,0,1,1,6,1,37,7,-1,-1,-1,-1,8,1,E01010790,0
Unvalidated,2024131418652,2024,131418652,2,21,0,18,7,3,0,0,1,0,0,0,1,1,1,1,73,10,-1,-1,-1,-1,1,1,E01011667,0
Unvalidated,2024131418743,2024,131418743,1,5,0,14,5,1,0,0,0,0,0,0,1,1,6,1,85,11,-1,-1,-1,-1,5,1,E01011409,0
Unvalidated,2024131418793,2024,131418793,1,9,0,6,1,5,0,1,5,4,0,0,3,1,5,1,73,10,-1,-1,-1,-1,1,1,E01011472,0
Unvalidated,2024131418793,2024,131418793,2,9,0,2,0,0,0,1,0,4,0,0,2,1,6,3,-1,-1,-1,-1,-1,-1,-1,-1,-1,0
Unvalidated,2024131418805,2024,131418805,1,9,0,18,3,7,0,0,0,0,0,0,1,1,5,2,36,7,-1,-1,-1,-1,4,1,E01011073,0
Unvalidated,2024131418854,2024,131418854,1,9,0,5,7,1,0,6,0,0,0,0,1,1,5,2,58,9,-1,-1,-1,-1,4,1,E01011777,0
Unvalidated,2024131418854,2024,131418854,2,9,0,18,5,1,0,1,0,0,0,0,3,1,1,1,58,9,-1,-1,-1,-1,1,1,E01011747,0
Unvalidated,2024131418854,2024,131418854,3,9,0,2,0,0,0,1,0,0,0,0,1,1,1,2,49,8,-1,-1,-1,-1,9,1,E01011848,0
Unvalidated,2024131418867,2024,131418867,1,1,0,18,3,7,0,0,0,0,0,0,3,1,5,1,14,3,-1,-1,-1,-1,1,1,E01011344,0
Unvalidated,2024131418867,2024,131418867,2,9,0,18,6,2,0,0,0,0,0,0,1,2,2,1,64,9,-1,-1,-1,-1,1,1,E01011673,0
Unvalidated,2024131418873,2024,131418873,1,9,0,18,6,2,0,0,0,0,1,9,1,1,5,1,19,4,-1,-1,-1,-1,7,1,E01010973,0
Unvalidated,2024131418902,2024,131418902,1,9,0,18,1,7,0,2,0,0,0,0,1,1,5,2,45,7,-1,-1,-1,-1,4,1,E01010671,0
Unvalidated,2024131418929,2024,131418929,1,9,0,18,5,1,0,8,0,0,0,0,1,1,5,1,45,7,-1,-1,-1,-1,8,1,E01011684,0
Unvalidated,2024131418929,2024,131418929,2,9,0,18,7,3,0,8,0,0,0,0,3,1,5,2,21,5,-1,-1,-1,-1,5,3,E01021100,0
Unvalidated,2024131418956,2024,131418956,1,11,0,-1,-1,-1,-1,0,-1,-1,-1,-1,-1,1,6,3,-1,-1,-1,-1,-1,-1,-1,-1,-1,0
Unvalidated,2024131418976,2024,131418976,1,9,0,17,3,7,0,1,0,0,1,10,1,1,6,1,71,10,-1,-1,-1,-1,10,2,E01027893,0
Unvalidated,2024131418988,2024,131418988,1,9,0,12,3,7,6,0,0,0,0,0,1,1,1,1,19,4,-1,-1,-1,-1,6,1,E01011308,0
Unvalidated,2024131418988,2024,131418988,2,9,0,5,5,1,0,0,0,0,0,0,1,1,5,1,68,10,-1,-1,-1,-1,5,1,E01011392,0
Unvalidated,2024131419011,2024,131419011,1,9,0,-1,-1,-1,-1,-1,-1,-1,-1,-1,-1,1,6,3,-1,-1,-1,-1,-1,-1,-1,-1,-1,0
Unvalidated,2024131419011,2024,131419011,2,1,0,18,1,5,0,8,5,0,0,0,1,1,2,2,41,7,-1,-1,-1,-1,3,1,E01011330,0
Unvalidated,2024131419014,2024,131419014,1,9,0,18,4,8,0,8,0,0,0,0,1,1,5,1,79,11,-1,-1,-1,-1,7,2,E01010641,0
Unvalidated,2024131419014,2024,131419014,2,9,0,11,4,8,0,8,0,0,0,0,2,1,6,2,34,6,-1,-1,-1,-1,7,1,E01010862,0
Unvalidated,2024131419014,2024,131419014,3,9,0,11,4,8,0,8,0,0,0,0,2,1,5,2,26,6,-1,-1,-1,-1,8,3,E01025178,0
Unvalidated,2024131419014,2024,131419014,4,9,0,11,4,8,0,8,0,0,0,0,2,1,5,2,78,11,-1,-1,-1,-1,8,1,E01010859,0
Unvalidated,2024131419014,2024,131419014,5,9,0,2,4,8,0,8,0,0,0,0,0,1,5,1,38,7,-1,-1,-1,-1,9,2,E01010642,0
Unvalidated,2024131419017,2024,131419017,1,9,0,18,3,7,0,2,0,0,0,0,1,1,5,2,17,4,-1,-1,-1,-1,8,1,E01011203,0