status,collision_index,collision_year,collision_reference,vehicle_reference,vehicle_type,towing_and_articulation,vehicle_manoeuvre,vehicle_direction_from,vehicle_direction_to,vehicle_location_restricted_lane,junction_location,skidding_and_overturning,hit_object_in_carriageway,vehicle_leaving_carriageway,hit_object_off_carriageway,first_point_of_impact,vehicle_left_hand_drive,journey_purpose_of_driver,sex_of_driver,age_of_driver,age_band_of_driver,engine_capacity_cc,propulsion_code,age_of_vehicle,generic_make_model,driver_imd_decile,driver_home_area_type,lsoa_of_driver,escooter_flag
Unvalidated,2024131419033,2024,131419033,1,9,0,-1,-1,-1,-1,4,-1,-1,-1,0,-1,1,6,3,-1,-1,-1,-1,-1,-1,-1,-1,-1,0
Unvalidated,2024131419033,2024,131419033,2,9,0,18,5,1,0,4,0,10,2,4,1,1,5,1,19,4,-1,-1,-1,-1,4,1,E01032489,0
Unvalidated,2024131419036,2024,131419036,1,9,0,-1,-1,-1,-1,0,-1,-1,-1,0,-1,1,6,3,-1,-1,-1,-1,-1,-1,-1,-1,-1,0
Unvalidated,2024131419040,2024,131419040,1,9,0,5,6,2,-1,8,0,-1,-1,-1,1,1,6,2,-1,-1,-1,-1,-1,-1,-1,-1,-1,0
Unvalidated,2024131419043,2024,131419043,1,9,0,9,5,3,0,0,0,0,0,0,1,1,1,1,34,6,-1,-1,-1,-1,1,1,E01010964,0
Unvalidated,2024131419063,2024,131419063,1,9,0,5,1,5,0,6,0,0,0,0,1,2,5,2,32,6,-1,-1,-1,-1,5,2,E01011928,0
Unvalidated,2024131419063,2024,131419063,2,9,0,18,3,7,0,1,0,0,0,0,1,1,2,1,55,8,-1,-1,-1,-1,4,1,E01011008,0
Unvalidated,2024131419082,2024,131419082,1,9,0,-1,-1,-1,-1,8,0,0,0,0,-1,1,6,3,-1,-1,-1,-1,-1,-1,-1,-1,-1,0
Unvalidated,2024131419082,2024,131419082,2,9,0,18,1,5,0,2,0,0,0,0,3,1,5,2,29,6,-1,-1,-1,-1,1,1,E01010673,0
Unvalidated,2024131419105,2024,131419105,1,9,0,6,3,7,0,0,0,0,0,0,1,1,1,1,29,6,-1,-1,-1,-1,1,1,E01010808,0
Unvalidated,2024131419114,2024,131419114,1,5,0,18,3,7,0,0,1,11,0,0,3,1,5,1,49,8,-1,-1,-1,-1,9,1,E01011278,0
Unvalidated,2024131419130,2024,131419130,1,9,0,17,4,4,0,0,0,0,0,0,1,2,5,2,25,5,-1,-1,-1,-1,2,1,E01010894,0
Unvalidated,2024131419130,2024,131419130,2,9,0,-1,-1,-1,0,0,-1,11,0,0,2,1,5,2,35,6,-1,-1,-1,-1,6,3,E01010957,0
Unvalidated,2024131419200,2024,131419200,1,9,0,18,5,1,0,1,0,0,0,0,4,2,2,2,41,7,-1,-1,-1,-1,5,1,E01010603,0
Unvalidated,2024131419200,2024,131419200,2,9,0,7,2,1,8,6,0,0,0,0,3,2,2,1,58,9,-1,-1,-1,-1,4,1,E01010798,0
Unvalidated,2024131419233,2024,131419233,1,19,0,4,1,5,0,8,0,0,0,0,1,1,1,2,52,8,-1,-1,-1,-1,1,1,E01010666,0
Unvalidated,2024131419233,2024,131419233,2,9,0,4,1,5,0,8,0,0,0,0,2,1,2,1,22,5,-1,-1,-1,-1,1,1,E01010800,0
Unvalidated,2024131419352,2024,131419352,1,1,0,18,-1,-1,0,8,0,0,0,0,-1,1,6,3,-1,-1,-1,-1,-1,-1,-1,-1,-1,0
Unvalidated,2024131419515,2024,131419515,1,9,0,18,2,6,0,0,0,0,0,0,1,1,6,2,50,8,-1,-1,-1,-1,5,1,E01032495,0
Unvalidated,2024131419518,2024,131419518,1,9,0,18,1,5,0,0,0,10,0,0,1,1,6,2,28,6,-1,-1,-1,-1,6,1,E01010909,0
Unvalidated,2024131419521,2024,131419521,1,9,0,9,7,1,0,6,0,0,0,0,1,1,2,2,45,7,-1,-1,-1,-1,9,2,E01019804,0
Unvalidated,2024131419521,2024,131419521,2,9,0,18,1,5,0,1,0,0,0,0,4,1,5,1,33,6,-1,-1,-1,-1,3,1,E01011903,0
Unvalidated,2024131419543,2024,131419543,1,9,0,2,7,3,0,0,0,0,0,0,1,1,5,1,75,10,-1,-1,-1,-1,8,2,E01010861,0
Unvalidated,2024131419608,2024,131419608,1,9,0,16,7,3,0,0,2,0,0,0,1,1,6,1,22,5,-1,-1,-1,-1,2,1,E01010605,0
Unvalidated,2024131419732,2024,131419732,1,9,0,-1,-1,-1,-1,-1,-1,-1,-1,0,-1,1,6,3,-1,-1,-1,-1,-1,-1,-1,-1,-1,0
Unvalidated,2024131419732,2024,131419732,2,1,0,-1,-1,-1,-1,-1,-1,-1,-1,0,-1,1,6,2,33,6,-1,-1,-1,-1,1,1,E01011695,0
Unvalidated,2024131419767,2024,131419767,1,9,0,5,4,8,0,0,0,0,0,0,1,1,1,1,51,8,-1,-1,-1,-1,2,1,E01026175,0
Unvalidated,2024131419928,2024,131419928,1,9,0,5,5,1,0,6,0,0,0,0,4,1,6,2,54,8,-1,-1,-1,-1,6,1,E01010582,0
Unvalidated,2024131419928,2024,131419928,2,9,0,18,5,1,0,8,0,0,0,0,3,1,5,1,33,6,-1,-1,-1,-1,3,1,E01010571,0
Unvalidated,2024131419928,2024,131419928,3,9,0,2,0,0,0,1,0,0,0,0,2,1,6,3,-1,-1,-1,-1,-1,-1,-1,-1,-1,0
Unvalidated,2024131419928,2024,131419928,4,9,0,2,0,0,0,2,0,0,0,0,3,1,6,3,-1,-1,-1,-1,-1,-1,-1,-1,-1,0
Unvalidated,2024131419945,2024,131419945,1,9,0,18,3,7,0,0,0,0,0,0,1,1,6,3,-1,-1,-1,-1,-1,-1,-1,-1,-1,0
Unvalidated,2024131419945,2024,131419945,2,9,0,18,3,7,0,0,0,0,0,0,2,1,6,2,47,8,-1,-1,-1,-1,10,1,E01011554,0
Unvalidated,2024131419991,2024,131419991,1,9,0,18,5,1,0,1,0,0,0,0,1,1,6,1,18,4,-1,-1,-1,-1,5,1,E01011269,0
Unvalidated,2024131419991,2024,131419991,2,9,0,18,5,1,0,1,0,0,0,0,0,1,1,1,1,1,-1,-1,-1,-1,6,3,E01011885,0
Unvalidated,2024131419991,2024,131419991,3,9,0,2,0,0,0,1,0,0,0,0,3,1,6,3,-1,-1,-1,-1,-1,-1,-1,-1,-1,0
Unvalidated,2024131419991,2024,131419991,4,9,0,2,0,0,0,1,0,0,0,0,4,1,6,3,-1,-1,-1,-1,-1,-1,-1,-1,-1,0
Unvalidated,2024131419991,2024,131419991,5,9,0,7,3,7,0,1,0,0,0,0,4,1,6,1,35,6,-1,-1,-1,-1,2,1,E01010619,0
Unvalidated,2024131419991,2024,131419991,6,9,0,18,3,7,0,1,0,0,0,0,3,1,6,1,71,10,-1,-1,-1,-1,1,1,E01010623,0
Unvalidated,2024131419991,2024,131419991,7,9,0,18,7,3,0,1,0,0,0,0,2,1,6,1,59,9,-1,-1,-1,-1,1,1,E01010608,0
Unvalidated,2024131419991,2024,131419991,8,9,0,18,7,3,0,1,0,0,0,0,3,1,6,1,45,7,-1,-1,-1,-1,2,1,E01010621,0
Unvalidated,2024131419991,2024,131419991,9,9,0,18,3,7,0,1,0,0,0,0,3,1,6,1,44,7,-1,-1,-1,-1,2,1,E01010740,0
Unvalidated,2024131419991,2024,131419991,10,9,0,18,3,7,0,1,0,0,0,0,1,1,6,1,36,7,-1,-1,-1,-1,1,1,E01010609,0
Unvalidated,2024131419996,2024,131419996,1,9,0,14,7,3,0,8,5,0,0,0,1,1,6,2,91,11,-1,-1,-1,-1,8,1,E01011066,0
Unvalidated,2024131419996,2024,131419996,2,9,0,18,3,7,0,8,0,0,0,0,1,1,6,1,61,9,-1,-1,-1,-1,6,1,E01010870,0
Unvalidated,2024131419996,2024,131419996,3,9,0,2,0,0,0,8,0,0,2,0,3,1,6,3,-1,-1,-1,-1,-1,-1,-1,-1,-1,0
Unvalidated,2024131419999,2024,131419999,1,9,0,17,1,5,0,8,0,0,0,0,4,1,5,2,31,6,-1,-1,-1,-1,8,3,E01011857,0
Unvalidated,2024131419999,2024,131419999,2,9,0,16,5,1,0,8,0,0,0,0,1,1,5,1,83,11,-1,-1,-1,-1,8,3,E01011857,0
Unvalidated,2024131420007,2024,131420007,1,9,0,18,7,3,0,8,0,0,0,0,1,1,1,1,51,8,-1,-1,-1,-1,3,1,E01011090,0
Unvalidated,2024131420007,2024,131420007,2,1,0,18,5,1,0,8,0,0,0,0,4,1,6,1,25,5,-1,-1,-1,-1,5,1,E01011096,0
Unvalidated,2024131420051,2024,131420051,1,9,0,1,1,5,0,0,0,0,0,0,2,1,1,1,50,8,-1,-1,-1,-1,3,1,E01011139,0
Unvalidated,2024131420119,2024,131420119,1,9,0,-1,-1,-1,-1,8,-1,-1,-1,0,-1,1,6,3,-1,-1,-1,-1,-1,-1,-1,-1,-1,0
Unvalidated,2024131420119,2024,131420119,2,9,0,3,1,1,0,8,0,0,0,0,2,1,6,1,38,7,-1,-1,-1,-1,2,1,E01011128,0
Unvalidated,2024131420137,2024,131420137,1,9,0,9,5,3,0,0,0,0,0,0,1,1,6,2,23,5,-1,-1,-1,-1,-1,-1,-1,0
Unvalidated,2024131420137,2024,131420137,2,9,0,18,7,3,0,0,0,0,0,0,0,1,1,1,43,7,-1,-1,-1,-1,2,1,E01010724,0
Unvalidated,2024131420215,2024,131420215,1,9,0,-1,-1,-1,-1,-1,-1,-1,-1,0,-1,1,6,3,-1,-1,-1,-1,-1,-1,-1,-1,-1,0
Unvalidated,2024131420215,2024,131420215,2,9,0,-1,-1,-1,-1,-1,-1,-1,-1,0,-1,1,6,3,-1,-1,-1,-1,-1,-1,-1,-1,-1,0
Unvalidated,2024131420226,2024,131420226,1,9,0,-1,-1,-1,-1,-1,-1,-1,-1,-1,-1,1,6,3,-1,-1,-1,-1,-1,-1,-1,-1,-1,0
Unvalidated,2024131420290,2024,131420290,1,9,0,9,3,1,0,5,0,0,0,0,1,1,5,2,31,6,-1,-1,-1,-1,3,3,E01011776,0
Unvalidated,2024131420290,2024,131420290,2,1,0,18,7,3,0,1,0,0,0,0,1,1,2,1,63,9,-1,-1,-1,-1,6,1,E01011534,0
Unvalidated,2024131420334,2024,131420334,1,9,0,18,5,1,0,8,0,0,0,0,1,1,6,3,-1,-1,-1,-1,-1,-1,-1,-1,-1,0
Unvalidated,2024131420334,2024,131420334,2,9,0,9,1,7,0,8,0,0,0,0,1,1,6,2,49,8,-1,-1,-1,-1,1,1,E01011663,0
Unvalidated,2024131420375,2024,131420375,1,9,0,18,5,1,0,0,0,0,1,0,1,1,5,1,41,7,-1,-1,-1,-1,7,1,E01010644,0
Unvalidated,2024131420386,2024,131420386,1,9,0,2,0,0,0,0,0,0,0,0,2,1,6,3,-1,-1,-1,-1,-1,-1,-1,-1,-1,0
Unvalidated,2024131420386,2024,131420386,2,9,0,18,4,8,0,0,0,1,0,0,1,1,5,2,23,5,-1,-1,-1,-1,5,1,E01010783,0
Unvalidated,2024131420406,2024,131420406,1,9,0,-1,-1,-1,-1,0,-1,-1,-1,0,-1,1,6,3,20,4,-1,-1,-1,-1,-1,-1,-1,0
Unvalidated,2024131420424,2024,131420424,1,9,0,18,5,5,0,1,0,0,0,0,1,1,5,1,21,5,-1,-1,-1,-1,4,1,E01011044,0
Unvalidated,2024131420424,2024,131420424,2,9,0,9,5,5,1,1,0,0,0,0,3,1,5,2,40,7,-1,-1,-1,-1,6,1,E01011108,0
Unvalidated,2024131420429,2024,131420429,1,9,0,1,7,3,0,1,0,0,0,0,2,1,6,3,-1,-1,-1,-1,-1,-1,-1,-1,-1,0
Unvalidated,2024131420430,2024,131420430,1,9,0,18,3,7,0,0,0,0,0,0,1,1,6,3,-1,-1,-1,-1,-1,-1,-1,-1,-1,0
Unvalidated,2024131420430,2024,131420430,2,9,0,18,7,3,0,0,0,0,0,0,1,1,6,2,36,7,-1,-1,-1,-1,2,1,E01010796,0
Unvalidated,2024131420438,2024,131420438,1,9,0,18,5,5,0,0,0,0,0,0,1,1,6,1,79,11,-1,-1,-1,-1,8,1,E01011459,0
Unvalidated,2024131420438,2024,131420438,2,9,0,18,1,1,0,0,0,0,0,0,3,1,6,1,70,10,-1,-1,-1,-1,8,2,E01010767,0
Unvalidated,2024131420438,2024,131420438,3,19,0,18,5,5,0,0,0,0,0,0,3,1,2,1,52,8,-1,-1,-1,-1,6,3,E01027560,0
Unvalidated,2024131420457,2024,131420457,1,9,0,9,8,6,0,2,0,0,0,0,4,1,5,2,76,11,-1,-1,-1,-1,3,1,E01011085,0
Unvalidated,2024131420491,2024,131420491,1,9,0,18,7,3,0,2,0,0,0,0,1,1,2,1,60,9,-1,-1,-1,-1,1,1,E01010635,0
Unvalidated,2024131420495,2024,131420495,1,9,0,12,1,1,0,6,0,0,0,0,4,1,5,1,24,5,-1,-1,-1,-1,10,3,E01011458,0
Unvalidated,2024131420495,2024,131420495,2,9,0,18,1,1,0,1,0,0,0,0,1,1,5,1,25,5,-1,-1,-1,-1,2,1,E01010796,0
Unvalidated,2024131420704,2024,131420704,1,98,4,5,5,1,0,2,0,0,0,0,0,1,1,1,21,5,-1,-1,-1,-1,9,2,E01011946,0
Unvalidated,2024131420710,2024,131420710,1,9,0,5,3,1,0,2,0,0,0,0,3,1,6,2,45,7,-1,-1,-1,-1,3,1,E01011594,0
Unvalidated,2024131420710,2024,131420710,2,9,0,18,5,1,0,2,0,0,0,0,1,1,6,2,30,6,-1,-1,-1,-1,6,1,E01011586,0
Unvalidated,2024131420732,2024,131420732,1,9,0,18,3,7,0,2,0,0,0,0,1,1,6,3,-1,-1,-1,-1,-1,-1,-1,-1,-1,0
Unvalidated,2024131420732,2024,131420732,2,9,0,18,3,7,0,2,0,0,0,0,2,1,6,2,67,10,-1,-1,-1,-1,8,1,E01011556,0
Unvalidated,2024131420735,2024,131420735,1,9,0,18,3,3,0,8,1,0,0,0,1,1,6,3,-1,-1,-1,-1,-1,-1,-1,-1,-1,0
Unvalidated,2024131420735,2024,131420735,2,9,0,18,3,3,0,8,1,0,1,0,3,1,5,2,52,8,-1,-1,-1,-1,1,1,E01010944,0
Unvalidated,2024131420763,2024,131420763,1,9,0,5,7,6,0,0,0,0,0,0,3,1,2,1,29,6,-1,-1,-1,-1,1,1,E01010926,0
Unvalidated,2024131420763,2024,131420763,2,9,0,18,6,4,0,0,0,0,0,0,3,1,5,1,80,11,-1,-1,-1,-1,1,1,E01010941,0
Unvalidated,2024131420795,2024,131420795,1,2,0,17,5,1,0,8,2,10,1,0,4,1,2,1,24,5,-1,-1,-1,-1,6,2,E01010990,0
Unvalidated,2024131420805,2024,131420805,1,9,0,9,2,6,0,3,0,0,0,0,4,1,6,1,81,11,-1,-1,-1,-1,3,1,E01011245,0
Unvalidated,2024131420805,2024,131420805,2,9,0,18,8,4,0,1,0,0,0,0,1,1,6,1,36,7,-1,-1,-1,-1,2,1,E01011128,0
Unvalidated,2024131420858,2024,131420858,1,9,0,-1,-1,-1,-1,8,-1,-1,-1,0,-1,1,6,3,25,5,-1,-1,-1,-1,-1,-1,-1,0
Unvalidated,2024131420858,2024,131420858,2,9,0,-1,-1,-1,-1,8,-1,-1,-1,0,-1,1,5,1,21,5,-1,-1,-1,-1,1,1,E01010829,0
Unvalidated,2024131420858,2024,131420858,3,9,0,18,5,1,0,8,0,0,0,0,0,2,6,3,25,5,-1,-1,-1,-1,-1,-1,-1,0
Unvalidated,2024131420883,2024,131420883,1,9,0,18,8,4,0,8,0,0,0,0,1,1,5,1,22,5,-1,-1,-1,-1,1,1,E01011029,0
Unvalidated,2024131420883,2024,131420883,2,9,0,18,5,1,0,8,0,0,0,0,1,1,6,3,-1,-1,-1,-1,-1,-1,-1,-1,-1,0
Unvalidated,2024131420960,2024,131420960,1,9,0,18,2,6,0,8,0,0,0,0,4,1,2,3,42,7,-1,-1,-1,-1,4,1,E01011012,0
Unvalidated,2024131421039,2024,131421039,1,9,0,18,5,1,0,8,2,7,4,11,1,1,5,1,79,11,-1,-1,-1,-1,7,1,E01011878,0
Unvalidated,2024131421043,2024,131421043,1,9,0,18,1,5,4,5,0,0,0,0,1,1,6,3,-1,-1,-1,-1,-1,-1,-1,-1,-1,0
Unvalidated,2024131421043,2024,131421043,2,1,0,18,1,5,4,8,0,0,0,0,3,1,2,1,51,8,-1,-1,-1,-1,6,1,E01010786,0
Unvalidated,2024131421095,2024,131421095,1,9,0,18,5,1,0,0,0,0,0,0,1,1,6,1,41,7,-1,-1,-1,-1,1,1,E01011472,0
Unvalidated,2024131421095,2024,131421095,2,9,0,10,1,5,0,0,0,0,0,0,2,1,6,1,44,7,-1,-1,-1,-1,6,1,E01011490,0
Unvalidated,2024131421116,2024,131421116,1,11,0,16,1,5,0,1,0,0,0,0,1,1,1,1,55,8,-1,-1,-1,-1,5,1,E01011749,0
Unvalidated,2024131421175,2024,131421175,1,5,0,4,3,7,0,4,1,0,0,0,1,1,5,1,58,9,-1,-1,-1,-1,1,1,E01025207,0
Unvalidated,2024131421175,2024,131421175,2,9,0,4,3,7,0,4,0,0,0,0,4,1,2,1,36,7,-1,-1,-1,-1,10,1,E01010693,0
Unvalidated,2024131421178,2024,131421178,1,11,0,2,0,0,0,8,0,0,0,0,0,1,1,2,60,9,-1,-1,-1,-1,1,1,E01011475,0
Unvalidated,2024131421195,2024,131421195,1,9,0,18,2,6,0,8,0,0,0,0,4,1,2,2,45,7,-1,-1,-1,-1,3,1,E01011085,0
Unvalidated,2024131421200,2024,131421200,1,9,0,-1,-1,-1,-1,-1,-1,-1,-1,-1,-1,1,6,3,-1,-1,-1,-1,-1,-1,-1,-1,-1,0
Unvalidated,2024131421200,2024,131421200,2,1,0,9,6,2,0,1,0,0,0,0,0,1,5,2,29,6,-1,-1,-1,-1,1,1,E01010839,0
Unvalidated,2024131421204,2024,131421204,1,9,0,4,5,1,0,6,0,0,1,0,1,1,1,1,56,9,-1,-1,-1,-1,7,1,E01010899,0
Unvalidated,2024131421204,2024,131421204,2,9,0,1,3,7,0,1,0,11,0,0,-1,1,6,1,20,4,-1,-1,-1,-1,6,1,E01010970,0
Unvalidated,2024131421222,2024,131421222,1,9,0,7,1,5,0,1,0,0,0,0,1,1,5,1,30,6,-1,-1,-1,-1,5,1,E01011058,0
Unvalidated,2024131421222,2024,131421222,2,9,0,18,7,3,0,1,0,0,0,0,4,1,5,1,43,7,-1,-1,-1,-1,2,1,E01011250,0
Unvalidated,2024131421259,2024,131421259,1,9,0,9,3,1,0,6,0,0,0,0,4,1,5,2,44,7,-1,-1,-1,-1,9,1,E01011628,0
Unvalidated,2024131421259,2024,131421259,2,9,0,18,5,1,0,1,0,0,0,0,1,1,6,1,34,6,-1,-1,-1,-1,1,1,E01011361,0
Unvalidated,2024131421287,2024,131421287,1,9,0,-1,-1,-1,-1,8,-1,-1,-1,0,-1,1,6,3,35,6,-1,-1,-1,-1,-1,-1,-1,0
Unvalidated,2024131421352,2024,131421352,1,9,0,18,3,7,0,0,5,0,0,0,1,1,1,2,33,6,-1,-1,-1,-1,-1,-1,-1,0
Unvalidated,2024131421352,2024,131421352,2,9,0,2,0,0,0,0,0,0,0,0,1,1,6,3,-1,-1,-1,-1,-1,-1,-1,-1,-1,0
Unvalidated,2024131421355,2024,131421355,1,9,0,15,1,5,0,1,5,0,0,0,1,1,5,2,87,11,-1,-1,-1,-1,3,1,E01010751,0
Unvalidated,2024131421355,2024,131421355,2,9,0,2,0,0,0,8,0,0,0,0,2,1,6,3,-1,-1,-1,-1,-1,-1,-1,-1,-1,0
Unvalidated,2024131421364,2024,131421364,1,9,0,-1,-1,-1,-1,0,-1,-1,-1,-1,-1,1,6,3,-1,-1,-1,-1,-1,-1,-1,-1,-1,0
Unvalidated,2024131421364,2024,131421364,2,9,0,-1,-1,-1,-1,0,-1,-1,-1,-1,-1,1,6,2,26,6,-1,-1,-1,-1,9,1,E01010875,0
Unvalidated,2024131421370,2024,131421370,1,9,0,18,4,8,0,0,0,0,0,0,1,1,6,1,-1,-1,-1,-1,-1,-1,-1,-1,-1,0
Unvalidated,2024131421370,2024,131421370,2,9,0,5,4,8,0,0,0,0,0,0,2,1,5,1,38,7,-1,-1,-1,-1,4,1,E01011089,0
Unvalidated,2024131421410,2024,131421410,1,9,0,12,5,1,0,0,5,0,4,0,2,1,5,1,45,7,-1,-1,-1,-1,2,1,E01011082,0
Unvalidated,2024131421410,2024,131421410,2,9,0,18,5,1,0,0,0,0,0,0,1,1,5,1,40,7,-1,-1,-1,-1,1,1,E01008746,0
Unvalidated,2024131421414,2024,131421414,1,9,0,17,6,2,0,0,0,0,0,0,2,1,1,2,34,6,-1,-1,-1,-1,4,1,E01011908,0
Unvalidated,2024131421414,2024,131421414,2,9,0,18,6,2,0,0,0,0,0,0,2,1,1,1,59,9,-1,-1,-1,-1,2,1,E01011927,0
Unvalidated,2024131421414,2024,131421414,3,9,0,18,6,2,0,0,0,0,0,0,1,1,5,1,36,7,-1,-1,-1,-1,2,1,E01011926,0
Unvalidated,2024131421432,2024,131421432,1,9,0,18,3,8,0,8,0,0,0,0,2,1,6,1,20,4,-1,-1,-1,-1,8,3,E01013127,0
Unvalidated,2024131421432,2024,131421432,2,9,0,18,5,1,0,8,0,0,0,0,1,1,6,2,26,6,-1,-1,-1,-1,6,1,E01011574,0
Unvalidated,2024131421436,2024,131421436,1,9,0,18,7,3,0,0,1,7,0,0,1,1,5,1,60,9,-1,-1,-1,-1,4,1,E01011810,0
Unvalidated,2024131421436,2024,131421436,2,9,0,18,7,3,0,0,0,0,0,0,0,1,6,3,-1,-1,-1,-1,-1,-1,-1,-1,-1,0
Unvalidated,2024131421454,2024,131421454,1,9,0,18,3,7,0,0,0,0,7,0,1,1,5,1,19,4,-1,-1,-1,-1,3,1,E01011267,0
Unvalidated,2024131421454,2024,131421454,2,9,0,9,3,5,0,0,1,0,7,0,1,1,5,1,52,8,-1,-1,-1,-1,9,1,E01011456,0
Unvalidated,2024131421457,2024,131421457,1,9,0,18,1,5,0,0,0,0,0,0,1,1,6,2,76,11,-1,-1,-1,-1,5,2,E01011197,0
Unvalidated,2024131421457,2024,131421457,2,9,0,2,0,0,0,0,0,12,0,0,1,1,6,3,-1,-1,-1,-1,-1,-1,-1,-1,-1,0
Unvalidated,2024131421483,2024,131421483,1,9,0,18,1,1,0,8,0,0,0,0,2,1,3,1,49,8,-1,-1,-1,-1,5,1,E01010603,0
Unvalidated,2024131421483,2024,131421483,2,9,0,18,1,1,0,1,0,0,0,0,1,1,6,2,38,7,-1,-1,-1,-1,1,1,E01010782,0
Unvalidated,2024131421508,2024,131421508,1,9,0,1,4,8,0,2,0,0,0,0,2,1,5,1,26,6,-1,-1,-1,-1,4,1,E01011727,0
Unvalidated,2024131421516,2024,131421516,1,9,0,18,1,7,0,8,0,0,0,0,2,1,5,2,54,8,-1,-1,-1,-1,3,1,E01011141,0
Unvalidated,2024131421524,2024,131421524,1,9,0,7,3,3,9,8,0,0,1,0,1,1,5,1,25,5,-1,-1,-1,-1,1,1,E01011372,0
Unvalidated,2024131421552,2024,131421552,1,9,0,18,5,1,0,3,0,0,0,0,1,1,5,1,55,8,-1,-1,-1,-1,4,2,E01010856,0
Unvalidated,2024131421605,2024,131421605,1,9,0,-1,-1,-1,-1,0,-1,-1,-1,0,-1,1,6,3,-1,-1,-1,-1,-1,-1,-1,-1,-1,0
Unvalidated,2024131421605,2024,131421605,2,9,0,-1,-1,-1,-1,0,-1,-1,-1,0,-1,1,6,1,48,8,-1,-1,-1,-1,8,1,E01011556,0
Unvalidated,2024131421608,2024,131421608,1,9,0,-1,-1,-1,-1,0,-1,-1,-1,-1,-1,1,6,3,-1,-1,-1,-1,-1,-1,-1,-1,-1,0
Unvalidated,2024131421608,2024,131421608,2,9,0,18,8,4,0,0,0,0,0,0,2,1,6,1,60,9,-1,-1,-1,-1,2,1,E01013836,0
Unvalidated,2024131421614,2024,131421614,1,9,0,18,3,7,0,0,0,0,0,0,0,1,6,1,31,6,-1,-1,-1,-1,3,1,E01000929,0
Unvalidated,2024131421725,2024,131421725,1,9,0,18,1,5,0,8,0,0,0,0,1,1,5,2,37,7,-1,-1,-1,-1,6,1,E01011517,0
Unvalidated,2024131421725,2024,131421725,2,9,0,18,7,3,0,8,5,0,0,0,4,1,5,1,38,7,-1,-1,-1,-1,1,1,E01011560,0
Unvalidated,2024131421730,2024,131421730,1,9,0,18,1,1,0,0,1,1,0,0,2,1,6,2,42,7,-1,-1,-1,-1,9,2,E01010642,0
Unvalidated,2024131421730,2024,131421730,2,9,0,18,1,1,0,0,1,1,0,0,2,1,6,1,31,6,-1,-1,-1,-1,1,1,E01010700,0
Unvalidated,2024131421730,2024,131421730,3,9,0,-1,-1,-1,-1,0,-1,-1,-1,0,-1,1,6,1,34,6,-1,-1,-1,-1,1,1,E01010700,0
Unvalidated,2024131421731,2024,131421731,1,9,0,18,7,3,0,0,0,0,0,0,1,1,5,1,29,6,-1,-1,-1,-1,3,1,E01033542,0
Unvalidated,2024131421731,2024,131421731,2,9,0,18,3,7,0,0,0,0,0,0,1,1,6,2,24,5,-1,-1,-1,-1,4,1,E01011023,0
Unvalidated,2024131421732,2024,131421732,1,9,0,18,8,4,0,0,0,0,0,0,1,1,2,1,55,8,-1,-1,-1,-1,1,1,E01011357,0
Unvalidated,2024131421732,2024,131421732,2,9,0,18,4,8,0,0,0,0,0,0,1,1,6,2,33,6,-1,-1,-1,-1,1,1,E01011432,0
Unvalidated,2024131421759,2024,131421759,1,9,0,18,7,3,0,0,5,4,0,0,4,1,6,1,39,7,-1,-1,-1,-1,9,1,E01010900,0
Unvalidated,2024131421759,2024,131421759,2,9,0,2,0,0,0,0,0,4,0,0,1,1,6,1,45,7,-1,-1,-1,-1,2,1,E01011041,0
Unvalidated,2024131421759,2024,131421759,3,9,0,2,0,0,9,0,0,4,0,0,3,1,6,3,-1,-1,-1,-1,-1,-1,-1,-1,-1,0
Unvalidated,2024131421958,2024,131421958,1,9,0,-1,-1,-1,-1,8,-1,-1,-1,0,-1,1,6,3,-1,-1,-1,-1,-1,-1,-1,-1,-1,0
Unvalidated,2024131421958,2024,131421958,2,1,0,18,1,1,0,1,0,0,0,0,1,1,6,1,42,7,-1,-1,-1,-1,6,3,E01010882,0
Unvalidated,2024131421987,2024,131421987,1,9,0,9,5,1,0,7,0,0,0,0,1,1,6,2,27,6,-1,-1,-1,-1,5,1,E01011801,0
Unvalidated,2024131421987,2024,131421987,2,9,0,18,5,1,0,1,0,0,0,0,3,1,3,2,55,8,-1,-1,-1,-1,2,1,E01011926,0
Unvalidated,2024131422038,2024,131422038,1,9,0,18,5,1,0,1,0,0,0,0,3,1,2,2,48,8,-1,-1,-1,-1,3,1,E01011154,0
Unvalidated,2024131422038,2024,131422038,2,9,0,5,3,5,0,1,0,0,3,0,4,1,2,2,27,6,-1,-1,-1,-1,6,1,E01011072,0
Unvalidated,2024131422109,2024,131422109,1,11,0,18,1,5,0,8,0,0,0,0,4,1,1,1,52,8,-1,-1,-1,-1,2,1,E01011485,0
Unvalidated,2024131422140,2024,131422140,1,3,0,18,2,6,0,0,0,0,0,0,1,1,6,1,18,4,-1,-1,-1,-1,7,1,E01011775,0
Unvalidated,2024131422140,2024,131422140,2,9,0,5,4,2,0,0,0,0,0,0,3,1,5,2,28,6,-1,-1,-1,-1,3,1,E01011761,0
Unvalidated,2024131422176,2024,131422176,1,9,0,18,3,7,0,0,0,0,0,0,1,1,5,1,24,5,-1,-1,-1,-1,1,1,E01011003,0
Unvalidated,2024131422176,2024,131422176,2,9,0,18,7,3,0,0,0,0,0,0,1,1,5,1,47,8,-1,-1,-1,-1,6,1,E01010970,0
Unvalidated,2024131422176,2024,131422176,3,9,0,18,3,7,0,0,0,0,0,0,0,1,1,1,47,8,-1,-1,-1,-1,9,1,E01011046,0