status,collision_index,collision_year,collision_reference,vehicle_reference,vehicle_type,towing_and_articulation,vehicle_manoeuvre,vehicle_direction_from,vehicle_direction_to,vehicle_location_restricted_lane,junction_location,skidding_and_overturning,hit_object_in_carriageway,vehicle_leaving_carriageway,hit_object_off_carriageway,first_point_of_impact,vehicle_left_hand_drive,journey_purpose_of_driver,sex_of_driver,age_of_driver,age_band_of_driver,engine_capacity_cc,propulsion_code,age_of_vehicle,generic_make_model,driver_imd_decile,driver_home_area_type,lsoa_of_driver,escooter_flag
Unvalidated,2024131422196,2024,131422196,1,9,0,18,4,8,0,1,0,0,0,0,4,1,6,1,35,6,-1,-1,-1,-1,8,1,E01011277,0
Unvalidated,2024131422196,2024,131422196,2,90,0,18,6,2,0,8,5,0,0,0,1,1,6,1,43,7,-1,-1,-1,-1,8,1,E01011277,0
Unvalidated,2024131422209,2024,131422209,1,9,0,11,5,1,0,0,0,0,0,0,1,1,1,2,63,9,-1,-1,-1,-1,2,1,E01010804,0
Unvalidated,2024131422272,2024,131422272,1,9,0,4,1,1,0,1,0,0,0,0,2,2,5,1,59,9,-1,-1,-1,-1,2,1,E01011025,0
Unvalidated,2024131422272,2024,131422272,2,9,0,18,1,1,0,4,0,0,0,0,1,2,6,3,-1,-1,-1,-1,-1,-1,-1,-1,-1,0
Unvalidated,2024131422287,2024,131422287,1,9,0,18,1,1,0,8,0,0,0,0,1,1,6,1,26,6,-1,-1,-1,-1,3,1,E01011313,0
Unvalidated,2024131422287,2024,131422287,2,1,0,18,1,1,0,8,0,0,0,0,2,1,6,1,13,3,-1,-1,-1,-1,1,1,E01011321,0
Unvalidated,2024131422425,2024,131422425,1,8,0,1,2,6,0,0,0,0,0,0,2,1,6,1,-1,-1,-1,-1,-1,-1,-1,-1,-1,0
Unvalidated,2024131422510,2024,131422510,1,9,0,11,3,7,0,1,0,0,0,0,3,1,6,3,-1,-1,-1,-1,-1,-1,-1,-1,-1,0
Unvalidated,2024131422510,2024,131422510,2,9,0,18,3,7,0,1,0,0,0,0,1,1,6,2,32,6,-1,-1,-1,-1,3,1,E01011478,0
Unvalidated,2024131422516,2024,131422516,1,97,0,-1,-1,-1,-1,-1,-1,-1,-1,0,-1,1,6,3,-1,-1,-1,-1,-1,-1,-1,-1,-1,0
Unvalidated,2024131422516,2024,131422516,2,9,0,18,3,7,0,2,0,0,0,0,1,1,6,2,35,6,-1,-1,-1,-1,-1,1,-1,0
Unvalidated,2024131422533,2024,131422533,1,21,0,7,1,3,0,1,0,0,0,0,4,1,1,1,64,9,-1,-1,-1,-1,4,1,E01012319,0
Unvalidated,2024131422533,2024,131422533,2,9,0,7,1,3,0,1,0,0,0,0,3,1,5,2,70,10,-1,-1,-1,-1,4,1,E01027787,0
Unvalidated,2024131422668,2024,131422668,1,9,0,17,2,6,0,8,0,0,0,0,3,1,1,1,46,8,-1,-1,-1,-1,2,1,E01011043,0
Unvalidated,2024131422716,2024,131422716,1,9,0,-1,-1,-1,-1,-1,-1,-1,-1,-1,-1,1,6,3,-1,-1,-1,-1,-1,-1,-1,-1,-1,0
Unvalidated,2024131422716,2024,131422716,2,9,0,3,7,3,0,1,0,0,0,0,2,1,6,1,37,7,-1,-1,-1,-1,1,1,E01010653,0
Unvalidated,2024131422762,2024,131422762,1,90,0,-1,-1,-1,-1,-1,-1,-1,-1,0,-1,1,6,3,-1,-1,-1,-1,-1,-1,-1,-1,-1,0
Unvalidated,2024131422836,2024,131422836,1,9,0,-1,-1,-1,-1,0,-1,-1,-1,-1,-1,1,6,3,-1,-1,-1,-1,-1,-1,-1,-1,-1,0
Unvalidated,2024131422836,2024,131422836,2,9,0,2,5,1,6,0,0,0,0,0,2,1,6,1,44,7,-1,-1,-1,-1,8,1,E01027089,0
Unvalidated,2024131422856,2024,131422856,1,9,0,1,3,7,0,1,0,0,0,0,2,1,6,3,-1,-1,-1,-1,-1,-1,-1,-1,-1,0
Unvalidated,2024131422856,2024,131422856,2,9,0,18,7,3,0,1,0,0,0,0,1,1,5,1,60,9,-1,-1,-1,-1,3,1,E01011123,0
Unvalidated,2024131422856,2024,131422856,3,9,0,15,7,3,0,1,0,0,0,0,0,1,6,3,-1,-1,-1,-1,-1,-1,-1,-1,-1,0
Unvalidated,2024131422905,2024,131422905,1,9,0,16,7,3,0,3,0,0,0,0,1,1,4,2,40,7,-1,-1,-1,-1,6,3,E01010920,0
Unvalidated,2024131422938,2024,131422938,1,9,0,5,7,3,0,0,0,0,0,0,4,1,6,1,-1,-1,-1,-1,-1,-1,-1,-1,-1,0
Unvalidated,2024131422938,2024,131422938,2,9,0,18,7,3,0,0,0,0,0,0,3,1,5,2,40,7,-1,-1,-1,-1,1,1,E01011423,0
Unvalidated,2024131422950,2024,131422950,1,9,0,-1,-1,-1,-1,-1,-1,-1,-1,0,-1,1,6,3,-1,-1,-1,-1,-1,-1,-1,-1,-1,0
Unvalidated,2024131422970,2024,131422970,1,1,0,18,1,5,0,8,0,0,0,0,1,1,2,1,28,6,-1,-1,-1,-1,1,1,E01011434,0
Unvalidated,2024131422970,2024,131422970,2,9,0,9,3,7,0,8,0,0,0,0,4,1,5,2,35,6,-1,-1,-1,-1,3,1,E01033542,0
Unvalidated,2024131423023,2024,131423023,1,9,0,18,3,7,0,1,0,0,0,0,4,1,2,1,31,6,-1,-1,-1,-1,4,1,E01011165,0
Unvalidated,2024131423023,2024,131423023,2,9,0,9,1,3,0,1,0,0,0,0,1,1,5,2,64,9,-1,-1,-1,-1,5,1,E01011065,0
Unvalidated,2024131423055,2024,131423055,1,9,0,7,1,5,0,8,0,0,0,0,1,1,2,1,42,7,-1,-1,-1,-1,4,1,E01011644,0
Unvalidated,2024131423055,2024,131423055,2,1,0,18,7,3,0,2,0,0,0,0,2,1,6,1,58,9,-1,-1,-1,-1,7,1,E01011155,0
Unvalidated,2024131423115,2024,131423115,1,9,0,9,1,5,0,8,0,0,0,0,1,1,6,1,84,11,-1,-1,-1,-1,3,1,E01011488,0
Unvalidated,2024131423115,2024,131423115,2,9,0,18,5,1,0,8,0,0,0,0,1,1,6,2,61,9,-1,-1,-1,-1,1,1,E01011295,0
Unvalidated,2024131423164,2024,131423164,1,9,0,-1,-1,-1,-1,-1,-1,-1,-1,-1,-1,1,6,3,-1,-1,-1,-1,-1,-1,-1,-1,-1,0
Unvalidated,2024131423164,2024,131423164,2,9,0,3,5,1,0,1,0,0,0,0,1,1,6,1,61,9,-1,-1,-1,-1,2,1,E01011805,0
Unvalidated,2024131423250,2024,131423250,1,90,0,-1,-1,-1,-1,-1,-1,-1,-1,0,-1,1,6,3,-1,-1,-1,-1,-1,-1,-1,-1,-1,0
Unvalidated,2024131423257,2024,131423257,1,9,0,17,1,5,0,1,0,0,0,0,1,1,5,1,39,7,-1,-1,-1,-1,5,1,E01007360,0
Unvalidated,2024131423257,2024,131423257,2,9,0,16,5,1,0,1,0,0,0,0,1,1,5,1,49,8,-1,-1,-1,-1,7,1,E01011828,0
Unvalidated,2024131423270,2024,131423270,1,9,0,5,1,5,0,8,0,0,0,0,1,1,5,2,31,6,-1,-1,-1,-1,2,1,E01010658,0
Unvalidated,2024131423270,2024,131423270,2,9,0,18,3,7,0,1,0,0,7,1,3,1,1,1,53,8,-1,-1,-1,-1,1,1,E01010610,0
Unvalidated,2024131423386,2024,131423386,1,97,0,13,3,7,0,0,5,7,0,0,1,1,6,1,61,9,-1,-1,-1,-1,8,1,E01011200,0
Unvalidated,2024131423386,2024,131423386,2,11,0,18,3,7,0,0,0,0,0,0,3,1,1,2,52,8,-1,-1,-1,-1,5,2,E01011787,0
Unvalidated,2024131423394,2024,131423394,1,9,0,3,7,3,0,0,0,0,0,0,2,1,6,1,48,8,-1,-1,-1,-1,5,1,E01010818,0
Unvalidated,2024131423394,2024,131423394,2,9,0,11,7,3,0,0,0,0,0,0,1,1,6,1,24,5,-1,-1,-1,-1,1,1,E01010735,0
Unvalidated,2024131423425,2024,131423425,1,9,0,9,8,4,0,8,0,0,0,0,4,1,5,1,19,4,-1,-1,-1,-1,1,1,E01009378,0
Unvalidated,2024131423425,2024,131423425,2,1,0,18,4,8,0,8,5,0,0,0,3,1,2,1,45,7,-1,-1,-1,-1,1,1,E01011671,0
Unvalidated,2024131423630,2024,131423630,1,9,0,18,1,5,0,0,5,0,0,0,1,1,1,1,62,9,-1,-1,-1,-1,1,1,E01010679,0
Unvalidated,2024131423630,2024,131423630,2,9,0,18,1,5,0,0,0,0,0,0,3,1,1,1,56,9,-1,-1,-1,-1,4,1,E01010741,0
Unvalidated,2024131423662,2024,131423662,1,9,0,-1,-1,-1,-1,-1,-1,-1,-1,-1,-1,1,6,3,-1,-1,-1,-1,-1,-1,-1,-1,-1,0
Unvalidated,2024131423662,2024,131423662,2,90,0,18,5,1,0,8,5,0,0,0,3,1,6,1,14,3,-1,-1,-1,-1,3,1,E01011035,0
Unvalidated,2024131423666,2024,131423666,1,9,0,-1,-1,-1,-1,0,-1,-1,-1,-1,-1,1,6,3,-1,-1,-1,-1,-1,-1,-1,-1,-1,0
Unvalidated,2024131423668,2024,131423668,1,9,0,-1,-1,-1,-1,-1,-1,-1,-1,-1,-1,1,6,3,-1,-1,-1,-1,-1,-1,-1,-1,-1,0
Unvalidated,2024131423668,2024,131423668,2,1,0,18,3,7,4,1,1,0,1,7,1,1,5,1,39,7,-1,-1,-1,-1,6,1,E01011451,0
Unvalidated,2024131423676,2024,131423676,1,90,0,17,7,3,0,0,0,0,0,0,4,1,1,1,50,8,-1,-1,-1,-1,9,3,E01011117,0
Unvalidated,2024131423676,2024,131423676,2,9,0,16,3,7,0,0,0,0,0,0,4,1,5,1,20,4,-1,-1,-1,-1,4,1,E01011821,0
Unvalidated,2024131423697,2024,131423697,1,9,0,18,1,1,0,8,0,0,0,0,1,1,6,2,27,6,-1,-1,-1,-1,4,1,E01010798,0
Unvalidated,2024131423710,2024,131423710,1,9,0,7,1,5,0,8,0,0,0,0,3,1,5,2,53,8,-1,-1,-1,-1,3,3,E01027444,0
Unvalidated,2024131423710,2024,131423710,2,9,0,18,8,4,0,1,0,0,0,0,1,1,2,2,20,4,-1,-1,-1,-1,9,2,E01027894,0
Unvalidated,2024131423761,2024,131423761,1,19,0,18,3,7,0,0,0,0,0,0,1,1,2,1,37,7,-1,-1,-1,-1,4,1,E01027581,0
Unvalidated,2024131423763,2024,131423763,1,9,0,18,5,1,0,1,0,0,0,0,1,1,5,2,36,7,-1,-1,-1,-1,3,1,E01011322,0
Unvalidated,2024131423763,2024,131423763,2,9,0,18,3,7,0,1,0,0,0,0,4,1,5,1,80,11,-1,-1,-1,-1,3,1,E01011322,0
Unvalidated,2024131423790,2024,131423790,1,9,0,18,8,4,0,0,0,0,0,0,1,1,5,1,31,6,-1,-1,-1,-1,2,1,E01011859,0
Unvalidated,2024131423790,2024,131423790,2,9,0,4,8,4,0,0,0,0,0,0,2,1,5,2,34,6,-1,-1,-1,-1,8,3,E01011857,0
Unvalidated,2024131423790,2024,131423790,3,9,0,4,8,4,0,0,0,0,0,0,2,1,2,1,35,6,-1,-1,-1,-1,9,2,E01028419,0
Unvalidated,2024131423799,2024,131423799,1,3,0,18,5,1,0,6,0,0,0,0,1,1,2,1,21,5,-1,-1,-1,-1,1,1,E01010938,0
Unvalidated,2024131423799,2024,131423799,2,9,0,18,7,3,0,2,0,0,0,0,3,1,5,1,40,7,-1,-1,-1,-1,1,1,E01010960,0
Unvalidated,2024131423840,2024,131423840,1,9,0,18,3,7,0,0,0,0,0,0,1,1,6,1,78,11,-1,-1,-1,-1,-1,-1,-1,0
Unvalidated,2024131423840,2024,131423840,2,9,0,18,7,3,0,0,0,0,0,0,1,1,6,1,36,7,-1,-1,-1,-1,5,1,E01003414,0
Unvalidated,2024131423908,2024,131423908,1,9,0,9,5,3,0,6,0,0,0,0,4,1,6,3,-1,-1,-1,-1,-1,-1,-1,-1,-1,0
Unvalidated,2024131423908,2024,131423908,2,9,0,18,1,5,0,8,0,0,0,0,-1,1,6,2,30,6,-1,-1,-1,-1,-1,-1,-1,0
Unvalidated,2024131423910,2024,131423910,1,9,0,18,6,2,0,1,0,0,0,0,1,1,6,1,30,6,-1,-1,-1,-1,4,1,E01011052,0
Unvalidated,2024131423910,2024,131423910,2,9,0,3,6,2,0,1,0,0,0,0,2,1,6,3,-1,-1,-1,-1,-1,-1,-1,-1,-1,0
Unvalidated,2024131423933,2024,131423933,1,9,0,18,5,1,0,4,0,0,0,0,3,1,6,3,-1,-1,-1,-1,-1,-1,-1,-1,-1,0
Unvalidated,2024131423933,2024,131423933,2,9,0,18,3,7,0,4,0,0,0,0,1,1,5,1,21,5,-1,-1,-1,-1,4,1,E01010637,0
Unvalidated,2024131423963,2024,131423963,1,9,0,18,3,7,0,1,0,4,0,0,1,1,5,1,81,11,-1,-1,-1,-1,9,1,E01011939,0
Unvalidated,2024131423963,2024,131423963,2,9,0,2,0,0,0,1,0,0,0,0,2,1,6,3,-1,-1,-1,-1,-1,-1,-1,-1,-1,0
Unvalidated,2024131423973,2024,131423973,1,9,0,18,5,1,0,8,0,0,0,0,3,1,5,1,60,9,-1,-1,-1,-1,9,1,E01011513,0
Unvalidated,2024131423973,2024,131423973,2,9,0,9,1,5,0,8,0,0,0,0,3,1,1,1,25,5,-1,-1,-1,-1,1,1,E01011559,0
Unvalidated,2024131423973,2024,131423973,3,9,0,18,1,5,0,8,0,0,0,0,3,1,5,2,49,8,-1,-1,-1,-1,1,1,E01011292,0
Unvalidated,2024131423984,2024,131423984,1,1,0,17,7,3,0,1,0,0,0,0,2,1,2,1,36,7,-1,-1,-1,-1,3,1,E01011463,0
Unvalidated,2024131423985,2024,131423985,1,9,0,18,4,3,0,1,0,0,0,0,4,1,6,1,45,7,-1,-1,-1,-1,4,1,E01010671,0
Unvalidated,2024131423985,2024,131423985,2,9,0,5,7,3,0,2,0,0,0,0,3,1,6,2,30,6,-1,-1,-1,-1,2,1,E01010778,0
Unvalidated,2024131423986,2024,131423986,1,1,0,9,2,1,0,5,0,4,0,0,3,1,6,1,13,3,-1,-1,-1,-1,2,1,E01011754,0
Unvalidated,2024131423986,2024,131423986,2,9,0,7,1,2,0,1,0,0,0,0,1,1,6,2,50,8,-1,-1,-1,-1,10,1,E01011845,0
Unvalidated,2024131424023,2024,131424023,1,9,0,17,7,3,0,1,0,0,0,0,1,1,6,1,34,6,-1,-1,-1,-1,3,1,E01010762,0
Unvalidated,2024131424023,2024,131424023,2,9,0,9,5,3,0,6,0,0,0,0,4,1,6,1,45,7,-1,-1,-1,-1,2,1,E01010667,0
Unvalidated,2024131424030,2024,131424030,1,9,0,14,3,7,0,0,0,0,0,0,1,1,1,1,48,8,-1,-1,-1,-1,2,1,E01011726,0
Unvalidated,2024131424030,2024,131424030,2,9,0,2,0,0,0,0,0,0,0,0,2,1,6,3,-1,-1,-1,-1,-1,-1,-1,-1,-1,0
Unvalidated,2024131424049,2024,131424049,1,9,0,7,7,1,0,0,0,0,1,0,1,1,5,1,80,11,-1,-1,-1,-1,9,2,E01011576,0
Unvalidated,2024131424054,2024,131424054,1,9,0,18,5,1,0,8,0,0,0,0,1,1,5,2,46,8,-1,-1,-1,-1,2,1,E01011061,0
Unvalidated,2024131424083,2024,131424083,1,9,0,18,1,5,0,8,0,0,7,11,1,1,5,1,47,8,-1,-1,-1,-1,2,1,E01011374,0
Unvalidated,2024131424086,2024,131424086,1,9,0,9,3,1,0,1,0,0,0,0,4,1,2,1,42,7,-1,-1,-1,-1,1,1,E01010995,0
Unvalidated,2024131424086,2024,131424086,2,1,0,18,8,4,0,1,0,0,0,0,1,1,6,1,32,6,-1,-1,-1,-1,6,2,E01010903,0
Unvalidated,2024131424097,2024,131424097,1,9,0,18,7,3,0,0,2,0,0,0,1,1,6,3,-1,-1,-1,-1,-1,-1,-1,-1,-1,0
Unvalidated,2024131424097,2024,131424097,2,9,0,2,0,0,0,0,0,0,1,0,4,1,6,3,-1,-1,-1,-1,-1,-1,-1,-1,-1,0
Unvalidated,2024131424164,2024,131424164,1,9,0,9,8,6,0,8,0,0,0,0,1,1,6,2,26,6,-1,-1,-1,-1,6,3,E01011774,0
Unvalidated,2024131424164,2024,131424164,2,1,0,18,4,8,0,8,0,0,0,0,0,1,2,2,43,7,-1,-1,-1,-1,6,1,E01010786,0
Unvalidated,2024131424184,2024,131424184,1,9,0,18,3,3,0,1,0,0,0,0,1,1,6,1,71,10,-1,-1,-1,-1,6,1,E01005596,0
Unvalidated,2024131424184,2024,131424184,2,9,0,18,7,7,0,1,0,0,0,0,1,1,6,1,62,9,-1,-1,-1,-1,2,1,E01024857,0
Unvalidated,2024131424208,2024,131424208,1,9,0,9,5,1,0,0,0,0,0,0,4,1,5,1,44,7,-1,-1,-1,-1,3,1,E01010759,0
Unvalidated,2024131424208,2024,131424208,2,5,0,18,5,1,0,0,0,0,7,0,1,1,5,1,34,6,-1,-1,-1,-1,3,1,E01011060,0
Unvalidated,2024131424234,2024,131424234,1,5,0,18,1,5,0,2,0,0,1,11,1,1,5,1,67,10,-1,-1,-1,-1,3,1,E01011843,0
Unvalidated,2024131424234,2024,131424234,2,9,0,18,5,1,0,2,0,0,0,0,3,1,5,2,61,9,-1,-1,-1,-1,1,1,E01011842,0
Unvalidated,2024131424280,2024,131424280,1,9,0,16,7,3,0,0,0,0,0,0,1,1,6,1,47,8,-1,-1,-1,-1,2,1,E01032487,0
Unvalidated,2024131424280,2024,131424280,2,9,0,18,3,7,0,0,0,0,7,11,1,1,6,1,18,4,-1,-1,-1,-1,2,1,E01011760,0
Unvalidated,2024131424307,2024,131424307,1,9,0,9,3,1,0,8,0,0,0,0,1,1,5,1,19,4,-1,-1,-1,-1,2,1,E01010942,0
Unvalidated,2024131424307,2024,131424307,2,90,0,18,7,3,0,8,0,0,0,0,4,1,5,1,12,3,-1,-1,-1,-1,2,1,E01010916,0
Unvalidated,2024131424312,2024,131424312,1,9,0,9,3,8,0,3,0,0,0,0,1,1,5,2,39,7,-1,-1,-1,-1,1,1,E01011922,0
Unvalidated,2024131424312,2024,131424312,2,9,0,18,1,5,0,1,2,0,0,0,4,1,5,1,31,6,-1,-1,-1,-1,5,1,E01011921,0
Unvalidated,2024131424347,2024,131424347,1,9,0,17,1,5,0,8,0,0,0,0,1,1,2,2,62,9,-1,-1,-1,-1,9,1,E01010681,0
Unvalidated,2024131424347,2024,131424347,2,9,0,9,4,1,0,8,0,0,0,0,1,1,1,1,51,8,-1,-1,-1,-1,2,1,E01011370,0
Unvalidated,2024131424609,2024,131424609,1,9,0,9,1,5,0,6,0,0,0,0,3,1,5,2,46,8,-1,-1,-1,-1,3,1,E01010665,0
Unvalidated,2024131424609,2024,131424609,2,1,0,18,5,1,0,1,0,0,0,0,1,1,5,1,52,8,-1,-1,-1,-1,2,1,E01010749,0
Unvalidated,2024131424625,2024,131424625,1,9,0,18,4,8,0,0,0,0,0,0,1,1,6,3,-1,-1,-1,-1,-1,-1,-1,-1,-1,0
Unvalidated,2024131424625,2024,131424625,2,9,0,5,4,8,0,0,0,0,0,0,2,1,6,2,42,7,-1,-1,-1,-1,9,1,E01011381,0
Unvalidated,2024131424627,2024,131424627,1,9,0,13,1,1,0,0,0,0,0,0,1,1,6,2,31,6,-1,-1,-1,-1,-1,-1,-1,0
Unvalidated,2024131424627,2024,131424627,2,9,0,18,5,5,0,0,0,0,0,0,1,1,5,2,18,4,-1,-1,-1,-1,3,1,E01011783,0
Unvalidated,2024131424645,2024,131424645,1,9,0,-1,-1,-1,-1,0,-1,-1,-1,-1,-1,1,6,3,-1,-1,-1,-1,-1,-1,-1,-1,-1,0
Unvalidated,2024131424682,2024,131424682,1,9,0,7,1,5,0,8,0,0,0,0,1,1,5,2,76,11,-1,-1,-1,-1,3,1,E01010657,0
Unvalidated,2024131424682,2024,131424682,2,5,0,18,5,1,0,8,0,0,0,0,1,1,2,1,32,6,-1,-1,-1,-1,3,1,E01010597,0
Unvalidated,2024131424682,2024,131424682,3,9,0,18,5,1,0,8,0,0,0,0,1,1,2,2,27,6,-1,-1,-1,-1,-1,1,-1,0
Unvalidated,2024131424727,2024,131424727,1,19,0,7,7,3,0,8,0,0,0,0,1,1,6,1,51,8,-1,-1,-1,-1,9,1,E01011565,0
Unvalidated,2024131424727,2024,131424727,2,1,0,18,7,3,0,8,0,0,0,0,4,1,6,3,-1,-1,-1,-1,-1,-1,-1,-1,-1,0
Unvalidated,2024131424728,2024,131424728,1,98,0,18,5,1,0,1,0,0,0,0,1,1,6,3,-1,-1,-1,-1,-1,-1,-1,-1,-1,0
Unvalidated,2024131424733,2024,131424733,1,9,0,18,1,1,0,1,0,0,0,0,1,1,5,1,40,7,-1,-1,-1,-1,3,1,E01010835,0
Unvalidated,2024131424733,2024,131424733,2,98,0,9,1,1,0,6,0,0,0,0,3,1,1,1,58,9,-1,-1,-1,-1,9,2,E01010589,0
Unvalidated,2024131424741,2024,131424741,1,9,0,18,7,3,0,1,0,0,0,0,4,1,6,1,19,4,-1,-1,-1,-1,6,1,E01010705,0
Unvalidated,2024131424756,2024,131424756,1,9,0,9,7,7,0,0,5,0,0,0,2,1,5,1,45,7,-1,-1,-1,-1,1,1,E01010743,0
Unvalidated,2024131424781,2024,131424781,1,9,0,18,6,2,9,0,1,11,7,2,1,1,5,1,22,5,-1,-1,-1,-1,-1,1,-1,0
Unvalidated,2024131424987,2024,131424987,1,9,0,18,3,7,0,0,0,0,0,0,1,1,6,3,-1,-1,-1,-1,-1,-1,-1,-1,-1,0
Unvalidated,2024131424987,2024,131424987,2,9,0,18,3,7,0,0,0,0,0,0,2,1,6,2,26,6,-1,-1,-1,-1,1,1,E01011342,0
Unvalidated,2024131425033,2024,131425033,1,9,0,18,5,1,0,0,0,0,0,0,4,1,6,3,-1,-1,-1,-1,-1,-1,-1,-1,-1,0
Unvalidated,2024131425033,2024,131425033,2,1,0,18,5,1,4,0,0,0,0,0,0,1,5,1,67,10,-1,-1,-1,-1,10,1,E01011455,0
Unvalidated,2024131425035,2024,131425035,1,9,0,18,5,5,0,8,1,0,2,11,1,1,6,1,26,6,-1,-1,-1,-1,1,1,E01011134,0
Unvalidated,2024131425035,2024,131425035,2,9,0,18,5,5,0,8,0,0,0,0,0,1,1,1,29,6,-1,-1,-1,-1,1,1,E01011130,0
Unvalidated,2024131425035,2024,131425035,3,9,0,2,5,5,9,8,0,0,0,0,2,1,6,3,-1,-1,-1,-1,-1,-1,-1,-1,-1,0
Unvalidated,2024131425038,2024,131425038,1,9,0,17,5,1,0,0,0,0,0,0,1,1,5,1,35,6,-1,-1,-1,-1,-1,1,-1,0
Unvalidated,2024131425038,2024,131425038,2,9,0,17,1,5,0,0,0,0,0,0,1,1,6,2,25,5,-1,-1,-1,-1,2,1,E01011149,0
Unvalidated,2024131425050,2024,131425050,1,9,0,18,3,7,0,0,0,0,0,0,1,1,4,2,82,11,-1,-1,-1,-1,-1,-1,-1,0
Unvalidated,2024131425050,2024,131425050,2,9,0,18,7,3,0,0,0,0,0,0,1,1,5,2,40,7,-1,-1,-1,-1,7,3,E01010955,0
Unvalidated,2024131425083,2024,131425083,1,9,0,18,2,6,0,1,0,0,0,0,1,1,1,1,40,7,-1,-1,-1,-1,7,1,E01007321,0
Unvalidated,2024131425083,2024,131425083,2,9,0,18,8,5,0,8,0,0,0,0,4,1,6,2,32,6,-1,-1,-1,-1,9,3,E01011935,0
Unvalidated,2024131425088,2024,131425088,1,1,0,18,7,3,0,0,0,0,0,0,3,1,5,1,35,6,-1,-1,-1,-1,4,1,E01011319,0
Unvalidated,2024131425088,2024,131425088,2,9,0,18,7,3,0,0,0,0,0,0,4,1,5,1,56,9,-1,-1,-1,-1,6,1,E01010816,0
Unvalidated,2024131425161,2024,131425161,1,19,0,18,5,1,0,0,0,0,1,3,1,1,6,2,50,8,-1,-1,-1,-1,7,3,E01011193,0
Unvalidated,2024131425395,2024,131425395,1,9,0,18,5,1,0,0,0,0,0,0,1,1,5,1,31,6,-1,-1,-1,-1,2,1,E01011041,0
Unvalidated,2024131425395,2024,131425395,2,9,0,18,7,3,0,0,0,0,0,0,3,1,6,1,74,10,-1,-1,-1,-1,4,2,E01010919,0
Unvalidated,2024131425437,2024,131425437,1,19,0,18,7,3,0,0,0,0,0,0,0,1,1,1,51,8,-1,-1,-1,-1,4,1,E01011717,0
Unvalidated,2024131425437,2024,131425437,2,9,0,18,5,1,0,0,0,0,0,0,2,1,5,2,40,7,-1,-1,-1,-1,4,2,E01011390,0
Unvalidated,2024131425437,2024,131425437,3,9,0,18,5,1,0,0,0,0,0,0,1,1,2,2,21,5,-1,-1,-1,-1,10,2,E01030870,0
Unvalidated,2024131425498,2024,131425498,1,9,0,4,8,4,0,8,0,0,0,0,2,1,6,2,-1,-1,-1,-1,-1,-1,-1,-1,-1,0
Unvalidated,2024131425498,2024,131425498,2,9,0,18,8,4,0,8,0,0,0,0,1,1,5,1,22,5,-1,-1,-1,-1,1,1,E01010674,0
Unvalidated,2024131425498,2024,131425498,3,9,0,18,8,4,0,8,0,0,0,0,1,1,5,2,27,6,-1,-1,-1,-1,1,1,E01010677,0
Unvalidated,2024131425501,2024,131425501,1,9,0,18,4,8,0,8,0,0,7,0,1,1,5,1,45,7,-1,-1,-1,-1,3,1,E01011594,0
Unvalidated,2024131425501,2024,131425501,2,9,0,2,0,0,0,8,0,0,0,0,1,1,1,1,59,9,-1,-1,-1,-1,-1,-1,-1,0
Unvalidated,2024131425501,2024,131425501,3,9,0,2,0,0,0,8,0,0,0,0,1,1,1,1,39,7,-1,-1,-1,-1,4,1,E01011323,0
Unvalidated,2024131425506,2024,131425506,1,9,0,18,1,5,0,0,0,0,0,0,1,1,6,2,74,10,-1,-1,-1,-1,10,2,E01011198,0
Unvalidated,2024131425558,2024,131425558,1,9,0,7,3,5,0,6,0,0,0,0,1,1,6,1,49,8,-1,-1,-1,-1,3,1,E01011936,0
Unvalidated,2024131425558,2024,131425558,2,8,0,18,1,5,0,1,0,0,0,0,1,1,1,1,61,9,-1,-1,-1,-1,3,1,E01011936,0
Unvalidated,2024131425563,2024,131425563,1,9,0,7,3,1,0,1,0,0,0,0,4,1,5,2,21,5,-1,-1,-1,-1,8,1,E01032945,0
Unvalidated,2024131425588,2024,131425588,1,9,0,17,7,3,0,0,5,0,1,0,4,1,5,1,18,4,-1,-1,-1,-1,4,1,E01011325,0
Unvalidated,2024131425646,2024,131425646,1,19,0,18,5,1,0,0,0,0,0,0,1,1,1,1,43,7,-1,-1,-1,-1,3,1,E01011907,0
Unvalidated,2024131425646,2024,131425646,2,9,0,18,5,1,0,0,0,0,0,0,2,1,5,1,72,10,-1,-1,-1,-1,1,1,E01011038,0
Unvalidated,2024131425889,2024,131425889,1,9,0,18,1,1,0,0,0,0,0,0,1,1,6,2,93,11,-1,-1,-1,-1,9,1,E01011568,0
Unvalidated,2024131425889,2024,131425889,2,9,0,2,0,0,9,0,0,0,0,0,2,1,6,3,-1,-1,-1,-1,-1,-1,-1,-1,-1,0
Unvalidated,2024131425889,2024,131425889,3,9,0,2,0,0,9,0,0,0,0,0,2,1,6,3,-1,-1,-1,-1,-1,-1,-1,-1,-1,0
Unvalidated,2024131425934,2024,131425934,1,9,0,9,3,1,0,2,0,0,0,0,1,1,6,3,-1,-1,-1,-1,-1,-1,-1,-1,-1,0
Unvalidated,2024131425936,2024,131425936,1,9,0,18,1,5,0,0,5,0,0,0,1,1,2,1,57,9,-1,-1,-1,-1,7,1,E01011152,0
Unvalidated,2024131425936,2024,131425936,2,9,0,18,5,1,0,0,0,0,0,0,3,1,2,1,43,7,-1,-1,-1,-1,7,1,E01011383,0
Unvalidated,2024131425938,2024,131425938,1,9,0,18,7,3,0,0,0,0,0,0,3,1,5,1,53,8,-1,-1,-1,-1,2,1,E01011232,0
Unvalidated,2024131425938,2024,131425938,2,9,0,18,7,3,0,0,1,0,5,0,4,1,5,2,47,8,-1,-1,-1,-1,4,2,-1,0