status,collision_index,collision_year,collision_reference,vehicle_reference,vehicle_type,towing_and_articulation,vehicle_manoeuvre,vehicle_direction_from,vehicle_direction_to,vehicle_location_restricted_lane,junction_location,skidding_and_overturning,hit_object_in_carriageway,vehicle_leaving_carriageway,hit_object_off_carriageway,first_point_of_impact,vehicle_left_hand_drive,journey_purpose_of_driver,sex_of_driver,age_of_driver,age_band_of_driver,engine_capacity_cc,propulsion_code,age_of_vehicle,generic_make_model,driver_imd_decile,driver_home_area_type,lsoa_of_driver,escooter_flag
Unvalidated,2024131425996,2024,131425996,1,9,0,18,1,5,0,8,0,0,0,0,4,1,1,1,22,5,-1,-1,-1,-1,-1,-1,-1,0
Unvalidated,2024131425996,2024,131425996,2,19,0,18,3,7,0,8,0,0,0,0,1,1,1,2,35,6,-1,-1,-1,-1,5,1,E01010795,0
Unvalidated,2024131425997,2024,131425997,1,97,0,18,5,5,0,6,0,0,0,0,1,1,6,1,17,4,-1,-1,-1,-1,2,1,E01011227,0
Unvalidated,2024131425997,2024,131425997,2,9,0,9,2,3,0,6,0,0,1,0,3,1,5,2,31,6,-1,-1,-1,-1,8,1,E01011254,0
Unvalidated,2024131426026,2024,131426026,1,9,0,18,3,7,0,1,0,0,0,0,1,1,5,1,24,5,-1,-1,-1,-1,9,3,E01027558,0
Unvalidated,2024131426026,2024,131426026,2,8,0,18,1,5,0,1,0,0,0,0,3,1,1,1,40,7,-1,-1,-1,-1,1,1,E01010996,0
Unvalidated,2024131426074,2024,131426074,1,9,0,18,1,5,0,1,0,0,0,0,1,1,5,1,61,9,-1,-1,-1,-1,2,1,E01011249,0
Unvalidated,2024131426213,2024,131426213,1,9,0,17,8,4,0,2,0,0,0,0,4,1,5,1,65,9,-1,-1,-1,-1,7,3,E01010955,0
Unvalidated,2024131426213,2024,131426213,2,9,0,2,0,0,0,2,0,0,0,0,3,1,6,3,-1,-1,-1,-1,-1,-1,-1,-1,-1,0
Unvalidated,2024131426214,2024,131426214,1,9,0,4,1,5,1,5,0,0,0,0,2,1,5,2,33,6,-1,-1,-1,-1,1,1,E01011144,0
Unvalidated,2024131426214,2024,131426214,2,98,0,18,1,5,0,1,0,0,0,0,1,1,6,3,-1,-1,-1,-1,-1,-1,-1,-1,-1,0
Unvalidated,2024131426231,2024,131426231,1,23,0,18,1,5,0,8,0,0,0,0,1,1,6,1,16,4,-1,-1,-1,-1,8,1,E01011047,0
Unvalidated,2024131426231,2024,131426231,2,9,0,9,1,6,0,8,0,0,0,0,3,1,5,1,42,7,-1,-1,-1,-1,3,1,E01010895,0
Unvalidated,2024131426277,2024,131426277,1,9,0,18,5,1,0,0,0,0,0,0,1,1,5,1,71,10,-1,-1,-1,-1,8,1,E01011716,0
Unvalidated,2024131426282,2024,131426282,1,9,0,18,1,1,0,1,0,0,0,0,1,1,6,1,26,6,-1,-1,-1,-1,2,1,E01011080,0
Unvalidated,2024131426300,2024,131426300,1,9,0,17,8,4,0,0,5,0,0,0,4,1,6,2,17,4,-1,-1,-1,-1,2,1,E01025381,0
Unvalidated,2024131426467,2024,131426467,1,9,0,18,1,3,0,8,0,0,0,0,1,1,6,2,66,10,-1,-1,-1,-1,10,3,E01010954,0
Unvalidated,2024131426467,2024,131426467,2,9,0,2,0,0,0,8,1,4,0,0,2,1,6,3,-1,-1,-1,-1,-1,-1,-1,-1,-1,0
Unvalidated,2024131426467,2024,131426467,3,9,0,2,0,0,0,8,1,4,0,0,2,1,6,3,-1,-1,-1,-1,-1,-1,-1,-1,-1,0
Unvalidated,2024131426467,2024,131426467,4,9,0,2,0,0,0,8,0,0,0,0,2,1,6,3,-1,-1,-1,-1,-1,-1,-1,-1,-1,0
Unvalidated,2024131426497,2024,131426497,1,90,0,-1,-1,-1,-1,-1,-1,-1,-1,-1,-1,1,6,1,32,6,-1,-1,-1,-1,1,1,E01011803,0
Unvalidated,2024131426507,2024,131426507,1,19,0,12,7,3,0,0,1,0,2,7,3,1,1,1,37,7,-1,-1,-1,-1,1,1,E01005611,0
Unvalidated,2024131426507,2024,131426507,2,9,0,18,7,3,0,0,0,0,0,0,4,1,5,1,47,8,-1,-1,-1,-1,10,1,E01018653,0
Unvalidated,2024131426541,2024,131426541,1,9,0,5,1,1,0,8,0,0,0,0,1,1,5,1,25,5,-1,-1,-1,-1,2,1,E01010852,0
Unvalidated,2024131426541,2024,131426541,2,9,0,17,1,1,0,8,0,0,0,0,1,1,5,1,37,7,-1,-1,-1,-1,9,1,E01011278,0
Unvalidated,2024131426559,2024,131426559,1,3,0,18,1,1,0,0,0,0,0,0,1,1,6,3,99,11,-1,-1,-1,-1,-1,-1,-1,0
Unvalidated,2024131426561,2024,131426561,1,9,0,4,6,2,0,1,0,0,0,0,1,1,6,1,44,7,-1,-1,-1,-1,3,1,E01011328,0
Unvalidated,2024131426585,2024,131426585,1,5,0,13,8,7,0,1,1,0,0,0,1,1,6,1,37,7,-1,-1,-1,-1,7,1,E01011592,0
Unvalidated,2024131426585,2024,131426585,2,9,0,9,7,1,0,5,0,0,0,0,3,1,5,2,32,6,-1,-1,-1,-1,1,1,E01011360,0
Unvalidated,2024131426649,2024,131426649,1,9,0,-1,-1,-1,-1,-1,-1,-1,-1,-1,-1,1,6,3,-1,-1,-1,-1,-1,-1,-1,-1,-1,0
Unvalidated,2024131426649,2024,131426649,2,1,0,18,3,7,0,8,0,0,0,0,1,1,6,1,32,6,-1,-1,-1,-1,2,1,E01011927,0
Unvalidated,2024131426659,2024,131426659,1,9,0,17,8,4,0,2,0,0,0,0,4,1,5,1,65,9,-1,-1,-1,-1,7,3,E01010955,0
Unvalidated,2024131426659,2024,131426659,2,9,0,2,0,0,0,2,0,0,0,0,3,1,6,3,-1,-1,-1,-1,-1,-1,-1,-1,-1,0
Unvalidated,2024131426680,2024,131426680,1,9,0,7,1,1,0,8,5,7,0,0,1,2,6,2,37,7,-1,-1,-1,-1,1,1,E01010632,0
Unvalidated,2024131426680,2024,131426680,2,1,0,18,1,1,0,8,0,0,0,0,1,1,6,1,37,7,-1,-1,-1,-1,3,1,E01010805,0
Unvalidated,2024131426693,2024,131426693,1,9,0,18,1,5,0,8,0,0,0,0,3,1,5,2,46,8,-1,-1,-1,-1,2,1,E01011502,0
Unvalidated,2024131426693,2024,131426693,2,9,0,18,5,1,0,8,0,0,0,0,3,1,5,1,41,7,-1,-1,-1,-1,1,1,E01011474,0
Unvalidated,2024131426715,2024,131426715,1,9,0,4,1,5,0,8,0,0,0,0,2,1,5,1,59,9,-1,-1,-1,-1,2,1,E01011632,0
Unvalidated,2024131426715,2024,131426715,2,97,0,4,1,5,0,8,0,0,0,0,1,1,5,1,78,11,-1,-1,-1,-1,10,1,E01007865,0
Unvalidated,2024131426718,2024,131426718,1,9,0,-1,-1,-1,-1,-1,-1,-1,-1,-1,-1,1,6,3,-1,-1,-1,-1,-1,-1,-1,-1,-1,0
Unvalidated,2024131426718,2024,131426718,2,9,0,-1,-1,-1,-1,-1,-1,-1,-1,-1,2,1,6,2,44,7,-1,-1,-1,-1,9,1,E01011046,0
Unvalidated,2024131426747,2024,131426747,1,9,0,18,7,4,0,8,0,0,0,0,4,1,5,2,37,7,-1,-1,-1,-1,1,1,E01011811,0
Unvalidated,2024131426749,2024,131426749,1,1,0,9,7,3,0,1,0,0,0,0,0,1,6,1,39,7,-1,-1,-1,-1,2,1,E01011760,0
Unvalidated,2024131426763,2024,131426763,1,9,0,18,5,5,0,0,0,0,0,0,1,1,6,1,22,5,-1,-1,-1,-1,4,1,E01011033,0
Unvalidated,2024131426763,2024,131426763,2,9,0,6,5,1,0,0,0,0,0,0,3,1,5,1,67,10,-1,-1,-1,-1,4,1,E01011585,0
Unvalidated,2024131426774,2024,131426774,1,9,0,16,3,7,0,1,1,0,1,0,2,1,6,1,21,5,-1,-1,-1,-1,4,1,E01011908,0
Unvalidated,2024131426804,2024,131426804,1,3,0,18,3,7,0,0,5,0,0,0,1,1,5,1,29,6,-1,-1,-1,-1,3,1,E01011322,0
Unvalidated,2024131426804,2024,131426804,2,9,0,18,1,5,0,0,0,0,0,0,4,1,5,2,43,7,-1,-1,-1,-1,1,1,E01011491,0
Unvalidated,2024131426809,2024,131426809,1,9,0,18,3,7,0,0,1,0,5,6,4,1,5,1,24,5,-1,-1,-1,-1,1,1,E01010635,0
Unvalidated,2024131426809,2024,131426809,2,21,0,-1,-1,-1,-1,0,-1,-1,-1,-1,-1,1,6,3,-1,-1,-1,-1,-1,-1,-1,-1,-1,0
Unvalidated,2024131426814,2024,131426814,1,9,0,18,6,2,0,0,0,0,0,0,3,1,6,1,18,4,-1,-1,-1,-1,4,1,E01011462,0
Unvalidated,2024131426814,2024,131426814,2,19,0,2,0,0,0,0,0,0,0,0,3,1,6,3,-1,-1,-1,-1,-1,-1,-1,-1,-1,0
Unvalidated,2024131426857,2024,131426857,1,90,0,18,5,1,0,0,0,0,0,0,1,1,5,1,9,2,-1,-1,-1,-1,2,1,E01011740,0
Unvalidated,2024131426857,2024,131426857,2,9,0,18,4,8,0,0,0,0,0,0,4,1,5,2,55,8,-1,-1,-1,-1,2,1,E01011740,0
Unvalidated,2024131426888,2024,131426888,1,9,0,4,3,7,0,8,0,0,0,0,2,1,5,2,34,6,-1,-1,-1,-1,3,1,E01010993,0
Unvalidated,2024131426888,2024,131426888,2,9,0,-1,-1,-1,-1,8,-1,-1,-1,0,-1,1,6,3,-1,-1,-1,-1,-1,-1,-1,-1,-1,0
Unvalidated,2024131426961,2024,131426961,1,9,0,9,5,3,0,6,0,0,7,11,1,1,5,1,83,11,-1,-1,-1,-1,1,1,E01011003,0
Unvalidated,2024131426961,2024,131426961,2,9,0,18,1,5,0,8,0,0,0,0,1,1,2,1,41,7,-1,-1,-1,-1,1,1,E01010994,0
Unvalidated,2024131426975,2024,131426975,1,19,0,18,7,3,0,0,0,4,0,0,1,1,5,1,36,7,-1,-1,-1,-1,8,1,E01010672,0
Unvalidated,2024131426975,2024,131426975,2,9,0,2,0,0,0,0,0,0,0,0,2,1,6,3,-1,-1,-1,-1,-1,-1,-1,-1,-1,0
Unvalidated,2024131426991,2024,131426991,1,9,0,17,7,3,0,8,1,0,0,0,3,1,5,1,44,7,-1,-1,-1,-1,1,1,E01011622,0
Unvalidated,2024131426991,2024,131426991,2,9,0,17,5,3,0,8,1,0,0,0,4,1,6,1,55,8,-1,-1,-1,-1,-1,-1,-1,0
Unvalidated,2024131427094,2024,131427094,1,9,0,18,3,7,0,2,0,0,0,0,1,1,6,1,20,4,-1,-1,-1,-1,1,1,E01010673,0
Unvalidated,2024131427094,2024,131427094,2,9,0,2,0,0,0,2,0,0,0,0,2,1,6,3,-1,-1,-1,-1,-1,-1,-1,-1,-1,0
Unvalidated,2024131427313,2024,131427313,1,9,0,18,3,7,0,0,5,0,0,0,1,1,1,1,30,6,-1,-1,-1,-1,1,1,E01010730,0
Unvalidated,2024131427315,2024,131427315,1,9,0,9,3,7,0,6,0,0,0,0,1,1,6,2,44,7,-1,-1,-1,-1,1,1,E01010832,0
Unvalidated,2024131427315,2024,131427315,2,9,0,18,6,4,0,1,0,0,0,0,1,1,6,1,20,4,-1,-1,-1,-1,1,1,E01010623,0
Unvalidated,2024131427339,2024,131427339,1,9,0,18,3,7,0,8,0,11,0,0,3,1,6,1,49,8,-1,-1,-1,-1,2,1,E01011926,0
Unvalidated,2024131427339,2024,131427339,2,1,0,18,1,5,0,8,0,0,0,0,1,1,6,1,15,3,-1,-1,-1,-1,2,1,E01011943,0
Unvalidated,2024131427506,2024,131427506,1,21,0,12,1,1,0,1,0,0,0,0,4,2,6,3,30,6,-1,-1,-1,-1,-1,-1,-1,0
Unvalidated,2024131427506,2024,131427506,2,9,0,18,1,1,0,1,0,0,0,0,4,1,6,2,39,7,-1,-1,-1,-1,5,1,E01011063,0
Unvalidated,2024131427529,2024,131427529,1,1,0,18,7,3,0,0,0,0,0,0,3,1,6,1,64,9,-1,-1,-1,-1,6,2,E01010592,0
Unvalidated,2024131427529,2024,131427529,2,9,0,7,7,3,0,0,0,0,0,0,4,1,6,2,34,6,-1,-1,-1,-1,1,1,E01010925,0
Unvalidated,2024131427611,2024,131427611,1,9,0,-1,-1,-1,-1,-1,-1,-1,-1,-1,-1,1,6,3,-1,-1,-1,-1,-1,-1,-1,-1,-1,0
Unvalidated,2024131427611,2024,131427611,2,11,0,18,8,4,0,1,0,0,0,0,3,1,5,1,50,8,-1,-1,-1,-1,1,1,E01011746,0
Unvalidated,2024131427613,2024,131427613,1,9,0,18,1,1,0,2,0,0,0,0,1,1,6,1,40,7,-1,-1,-1,-1,6,1,E01010969,0
Unvalidated,2024131427613,2024,131427613,2,9,0,9,1,2,0,2,0,0,0,0,4,1,6,2,35,6,-1,-1,-1,-1,1,1,E01010941,0
Unvalidated,2024131427619,2024,131427619,1,9,0,-1,-1,-1,-1,-1,-1,-1,-1,-1,-1,1,6,3,-1,-1,-1,-1,-1,-1,-1,-1,-1,0
Unvalidated,2024131427632,2024,131427632,1,9,0,9,7,3,0,8,0,0,0,0,1,1,6,2,76,11,-1,-1,-1,-1,8,3,E01011200,0
Unvalidated,2024131427632,2024,131427632,2,9,0,18,3,7,0,8,0,0,0,0,1,1,6,1,28,6,-1,-1,-1,-1,2,1,E01011256,0
Unvalidated,2024131427645,2024,131427645,1,8,0,2,0,0,0,5,0,0,0,0,4,1,6,3,-1,-1,-1,-1,-1,-1,-1,-1,-1,0
Unvalidated,2024131427661,2024,131427661,1,9,0,16,5,1,0,8,0,0,0,0,1,1,6,1,35,6,-1,-1,-1,-1,1,1,E01011729,0
Unvalidated,2024131427661,2024,131427661,2,9,0,17,1,5,0,8,0,0,1,11,1,1,6,2,39,7,-1,-1,-1,-1,2,1,E01011726,0
Unvalidated,2024131427661,2024,131427661,3,9,0,2,5,5,0,8,0,0,0,0,4,1,6,3,-1,-1,-1,-1,-1,-1,-1,-1,-1,0
Unvalidated,2024131427688,2024,131427688,1,9,0,2,0,0,0,2,0,0,0,0,0,1,6,3,-1,-1,-1,-1,-1,-1,-1,-1,-1,0
Unvalidated,2024131427688,2024,131427688,2,9,0,14,8,4,0,5,0,0,0,0,4,1,1,1,51,8,-1,-1,-1,-1,5,1,E01010633,0
Unvalidated,2024131427717,2024,131427717,1,9,0,9,3,7,0,0,0,0,0,0,3,1,1,1,23,5,-1,-1,-1,-1,1,1,E01011316,0
Unvalidated,2024131427717,2024,131427717,2,3,0,18,1,5,0,0,0,0,0,0,1,1,6,1,32,6,-1,-1,-1,-1,2,1,E01011538,0
Unvalidated,2024131427725,2024,131427725,1,9,0,16,1,5,0,0,0,0,0,0,1,1,6,3,-1,-1,-1,-1,-1,-1,-1,-1,-1,0
Unvalidated,2024131427725,2024,131427725,2,9,0,17,1,5,0,0,0,0,0,0,1,1,1,1,29,6,-1,-1,-1,-1,7,1,E01011396,0
Unvalidated,2024131427725,2024,131427725,3,19,0,2,0,0,0,0,0,0,0,0,4,1,6,3,-1,-1,-1,-1,-1,-1,-1,-1,-1,0
Unvalidated,2024131427729,2024,131427729,1,9,0,18,1,5,0,0,0,0,0,0,2,1,1,1,50,8,-1,-1,-1,-1,3,1,E01011125,0
Unvalidated,2024131427729,2024,131427729,2,9,0,18,1,5,0,0,0,0,0,0,1,1,5,2,55,8,-1,-1,-1,-1,6,1,E01018382,0
Unvalidated,2024131427826,2024,131427826,1,9,0,-1,-1,-1,-1,-1,-1,-1,-1,-1,-1,1,6,3,-1,-1,-1,-1,-1,-1,-1,-1,-1,0
Unvalidated,2024131427891,2024,131427891,1,9,0,18,-1,-1,0,0,-1,-1,-1,-1,-1,1,6,3,-1,-1,-1,-1,-1,-1,-1,-1,-1,0
Unvalidated,2024131427963,2024,131427963,1,9,0,-1,-1,-1,-1,-1,-1,-1,-1,-1,-1,1,6,3,-1,-1,-1,-1,-1,-1,-1,-1,-1,0
Unvalidated,2024131427976,2024,131427976,1,9,0,9,1,5,0,8,0,0,0,0,4,1,5,2,23,5,-1,-1,-1,-1,7,1,E01011604,0
Unvalidated,2024131427976,2024,131427976,2,9,0,18,3,7,0,1,0,0,0,0,1,1,5,2,31,6,-1,-1,-1,-1,3,1,E01011608,0
Unvalidated,2024131428008,2024,131428008,1,9,0,-1,-1,-1,-1,0,-1,-1,-1,-1,-1,1,6,3,-1,-1,-1,-1,-1,-1,-1,-1,-1,0
Unvalidated,2024131428008,2024,131428008,2,9,0,18,1,5,0,0,0,0,0,0,2,1,6,1,34,6,-1,-1,-1,-1,1,1,E01011434,0
Unvalidated,2024131428077,2024,131428077,1,9,0,18,1,5,0,0,0,0,0,0,1,1,5,1,93,11,-1,-1,-1,-1,10,1,E01011562,0
Unvalidated,2024131428077,2024,131428077,2,9,0,4,3,7,0,0,0,0,0,0,3,1,5,1,82,11,-1,-1,-1,-1,1,1,E01011560,0
Unvalidated,2024131428080,2024,131428080,1,9,0,-1,4,8,-1,8,-1,-1,-1,0,-1,1,6,1,40,7,-1,-1,-1,-1,4,1,E01011908,0
Unvalidated,2024131428080,2024,131428080,2,9,0,2,0,0,9,8,1,0,0,0,2,1,6,3,-1,-1,-1,-1,-1,-1,-1,-1,-1,0
Unvalidated,2024131428080,2024,131428080,3,9,0,2,4,8,9,8,0,0,0,0,2,1,6,3,-1,-1,-1,-1,-1,-1,-1,-1,-1,0
Unvalidated,2024131428080,2024,131428080,4,9,0,2,4,8,9,8,0,0,0,0,1,1,6,3,-1,-1,-1,-1,-1,-1,-1,-1,-1,0
Unvalidated,2024131428126,2024,131428126,1,9,0,4,8,4,0,1,0,0,0,0,2,1,5,1,42,7,-1,-1,-1,-1,-1,-1,-1,0
Unvalidated,2024131428126,2024,131428126,2,9,0,18,8,4,0,1,0,0,0,0,1,1,6,3,-1,-1,-1,-1,-1,-1,-1,-1,-1,0
Unvalidated,2024131428135,2024,131428135,1,9,0,9,3,3,0,8,0,0,0,0,3,1,5,1,18,4,-1,-1,-1,-1,6,2,E01010592,0
Unvalidated,2024131428135,2024,131428135,2,9,0,4,5,5,0,1,0,0,0,0,1,1,5,2,32,6,-1,-1,-1,-1,10,1,E01011271,0
Unvalidated,2024131428166,2024,131428166,1,9,0,18,7,3,0,0,1,0,2,7,1,1,2,1,53,8,-1,-1,-1,-1,1,1,E01010941,0
Unvalidated,2024131428166,2024,131428166,2,9,0,18,7,3,0,0,1,0,5,7,2,1,2,1,51,8,-1,-1,-1,-1,4,1,E01010978,0
Unvalidated,2024131428171,2024,131428171,1,97,0,5,1,5,0,2,0,0,0,0,2,1,5,1,57,9,-1,-1,-1,-1,7,2,E01010641,0
Unvalidated,2024131428171,2024,131428171,2,9,0,5,1,5,0,2,0,0,0,0,1,1,5,2,41,7,-1,-1,-1,-1,3,1,E01010789,0
Unvalidated,2024131428262,2024,131428262,1,9,0,18,3,7,0,0,0,0,0,0,1,1,6,3,-1,-1,-1,-1,-1,-1,-1,-1,-1,0
Unvalidated,2024131428262,2024,131428262,2,9,0,3,3,7,0,0,0,0,0,0,2,1,5,1,49,8,-1,-1,-1,-1,3,1,E01011331,0
Unvalidated,2024131428291,2024,131428291,1,98,0,7,5,7,0,1,0,0,0,0,0,1,1,1,46,8,-1,-1,-1,-1,8,1,E01007379,0
Unvalidated,2024131428351,2024,131428351,1,5,0,18,7,3,0,0,0,0,0,0,3,1,5,1,39,7,-1,-1,-1,-1,9,3,E01027642,0
Unvalidated,2024131428351,2024,131428351,2,90,0,18,7,3,0,0,0,0,0,0,2,1,5,1,45,7,-1,-1,-1,-1,4,1,E01024933,0
Unvalidated,2024131428368,2024,131428368,1,11,0,4,5,3,0,1,0,0,0,0,4,1,1,1,52,8,-1,-1,-1,-1,4,1,E01011613,0
Unvalidated,2024131428373,2024,131428373,1,9,0,15,6,2,0,1,0,10,0,0,3,1,6,1,-1,-1,-1,-1,-1,-1,-1,-1,-1,0
Unvalidated,2024131428373,2024,131428373,2,9,0,18,6,2,0,1,0,0,0,0,4,1,5,2,27,6,-1,-1,-1,-1,9,1,E01012237,0
Unvalidated,2024131428386,2024,131428386,1,9,0,18,2,6,0,6,0,0,0,0,1,1,6,3,-1,-1,-1,-1,-1,-1,-1,-1,-1,0
Unvalidated,2024131428386,2024,131428386,2,1,0,18,3,7,4,8,0,0,0,0,4,1,6,1,46,8,-1,-1,-1,-1,5,1,E01011733,0
Unvalidated,2024131428398,2024,131428398,1,9,0,-1,-1,-1,-1,1,-1,-1,-1,0,-1,1,6,3,-1,-1,-1,-1,-1,-1,-1,-1,-1,0
Unvalidated,2024131428420,2024,131428420,1,9,0,-1,-1,-1,-1,0,-1,-1,-1,-1,-1,1,6,3,-1,-1,-1,-1,-1,-1,-1,-1,-1,0
Unvalidated,2024131428463,2024,131428463,1,9,0,16,1,5,0,0,0,0,7,7,1,1,5,1,39,7,-1,-1,-1,-1,1,1,E01011312,0
Unvalidated,2024131428463,2024,131428463,2,9,0,16,1,5,0,0,0,0,0,0,2,1,5,1,18,4,-1,-1,-1,-1,1,1,E01011471,0
Unvalidated,2024131428463,2024,131428463,3,23,0,16,1,5,0,0,0,0,0,0,3,1,5,2,21,5,-1,-1,-1,-1,4,1,E01011908,0
Unvalidated,2024131428463,2024,131428463,4,9,0,18,1,5,0,0,0,0,0,0,2,1,5,1,43,7,-1,-1,-1,-1,7,1,E01011646,0
Unvalidated,2024131428499,2024,131428499,1,9,0,18,7,3,0,0,0,0,0,0,1,1,6,1,19,4,-1,-1,-1,-1,5,1,E01010818,0
Unvalidated,2024131428499,2024,131428499,2,9,0,18,7,3,0,0,0,0,0,0,2,1,1,1,31,6,-1,-1,-1,-1,1,1,E01006963,0
Unvalidated,2024131428659,2024,131428659,1,2,0,18,7,3,0,8,0,0,0,0,1,1,5,1,16,4,-1,-1,-1,-1,3,1,E01011060,0
Unvalidated,2024131428659,2024,131428659,2,9,0,4,3,7,0,8,0,0,0,0,2,1,5,1,37,7,-1,-1,-1,-1,1,1,E01011130,0
Unvalidated,2024131428664,2024,131428664,1,9,0,18,5,1,0,1,0,0,0,0,1,1,5,2,47,8,-1,-1,-1,-1,4,1,E01011545,0
Unvalidated,2024131428664,2024,131428664,2,9,0,18,5,1,0,1,0,0,0,0,2,1,1,1,36,7,-1,-1,-1,-1,1,1,E01011472,0
Unvalidated,2024131428665,2024,131428665,1,5,0,18,6,2,0,0,1,0,1,0,3,1,5,2,27,6,-1,-1,-1,-1,-1,-1,-1,0
Unvalidated,2024131428665,2024,131428665,2,9,0,18,6,2,0,0,0,0,0,0,1,1,5,2,56,9,-1,-1,-1,-1,8,1,E01011829,0
Unvalidated,2024131428719,2024,131428719,1,9,0,18,8,4,0,2,0,0,0,0,1,2,6,1,45,7,-1,-1,-1,-1,1,1,E01011361,0
Unvalidated,2024131428737,2024,131428737,1,9,0,9,8,4,0,1,0,0,0,0,1,1,5,1,47,8,-1,-1,-1,-1,2,1,E01011061,0
Unvalidated,2024131428737,2024,131428737,2,3,0,18,4,8,0,1,2,0,1,3,1,1,6,1,28,6,-1,-1,-1,-1,1,1,E01011106,0
Unvalidated,2024131428744,2024,131428744,1,9,0,18,1,5,0,8,1,0,0,0,4,1,1,2,54,8,-1,-1,-1,-1,1,1,E01010802,0
Unvalidated,2024131428744,2024,131428744,2,9,0,18,3,7,0,1,0,0,0,0,1,1,5,1,20,4,-1,-1,-1,-1,1,1,E01010674,0
Unvalidated,2024131428753,2024,131428753,1,9,0,18,1,5,0,1,0,0,0,0,1,1,6,1,35,6,-1,-1,-1,-1,-1,-1,-1,0
Unvalidated,2024131428753,2024,131428753,2,9,0,18,7,3,0,1,0,0,0,0,1,1,5,1,39,7,-1,-1,-1,-1,5,1,E01010598,0
Unvalidated,2024131428756,2024,131428756,1,8,0,18,3,7,0,8,0,0,0,0,3,1,1,1,31,6,-1,-1,-1,-1,2,1,E01010738,0
Unvalidated,2024131428770,2024,131428770,1,9,0,17,4,7,0,0,0,0,1,2,1,1,5,1,24,5,-1,-1,-1,-1,8,3,E01011715,0
Unvalidated,2024131428834,2024,131428834,1,9,0,17,5,1,0,0,0,0,0,0,1,1,1,1,33,6,-1,-1,-1,-1,4,1,E01010664,0
Unvalidated,2024131428846,2024,131428846,1,9,0,13,4,8,0,0,0,0,1,0,1,1,2,1,26,6,-1,-1,-1,-1,3,1,E01033690,0
Unvalidated,2024131428846,2024,131428846,2,9,0,18,8,4,0,0,0,0,1,0,1,1,2,1,60,9,-1,-1,-1,-1,1,1,E01011917,0
Unvalidated,2024131428847,2024,131428847,1,9,0,-1,-1,-1,-1,-1,-1,-1,-1,-1,-1,1,6,3,-1,-1,-1,-1,-1,-1,-1,-1,-1,0
Unvalidated,2024131428847,2024,131428847,2,9,0,18,4,8,0,1,0,0,0,0,2,1,6,1,39,7,-1,-1,-1,-1,7,1,E01011755,0
Unvalidated,2024131428864,2024,131428864,1,9,0,9,1,7,0,8,0,0,0,0,1,2,6,1,21,5,-1,-1,-1,-1,1,1,E01010620,0
Unvalidated,2024131428864,2024,131428864,2,3,0,18,5,1,0,1,0,0,0,0,3,1,6,1,40,7,-1,-1,-1,-1,1,1,E01010607,0
Unvalidated,2024131428869,2024,131428869,1,9,0,11,1,5,0,2,0,0,0,0,0,1,6,2,-1,-1,-1,-1,-1,-1,-1,-1,-1,0
Unvalidated,2024131428869,2024,131428869,2,8,0,18,1,5,0,2,0,10,1,10,4,1,1,1,54,8,-1,-1,-1,-1,2,1,E01011082,0
Unvalidated,2024131428883,2024,131428883,1,9,0,-1,-1,-1,-1,-1,-1,-1,-1,-1,-1,1,6,3,-1,-1,-1,-1,-1,-1,-1,-1,-1,0
Unvalidated,2024131428914,2024,131428914,1,9,0,-1,-1,-1,-1,0,-1,-1,-1,0,-1,1,6,3,-1,-1,-1,-1,-1,-1,-1,-1,-1,0
Unvalidated,2024131428914,2024,131428914,2,9,0,18,1,1,0,0,0,0,0,0,1,1,5,2,26,6,-1,-1,-1,-1,7,1,E01010976,0
Unvalidated,2024131428929,2024,131428929,1,9,0,-1,-1,-1,-1,0,-1,-1,-1,-1,-1,1,6,3,-1,-1,-1,-1,-1,-1,-1,-1,-1,0
Unvalidated,2024131428995,2024,131428995,1,9,0,13,5,1,0,0,1,0,0,0,1,1,5,1,41,7,-1,-1,-1,-1,10,1,E01011562,0
Unvalidated,2024131428995,2024,131428995,2,9,0,18,5,1,0,0,0,0,0,0,4,1,6,2,25,5,-1,-1,-1,-1,3,1,E01011379,0
Unvalidated,2024131428995,2024,131428995,3,9,0,18,1,5,0,0,0,0,0,0,1,1,5,2,35,6,-1,-1,-1,-1,5,1,E01011388,0
Unvalidated,2024131429027,2024,131429027,1,9,0,18,3,7,0,0,1,0,7,10,1,1,6,1,43,7,-1,-1,-1,-1,1,1,E01012862,0
Unvalidated,2024131429207,2024,131429207,1,9,0,-1,-1,-1,-1,8,-1,-1,-1,0,-1,1,6,3,110,11,-1,-1,-1,-1,-1,-1,-1,0
Unvalidated,2024131429337,2024,131429337,1,9,0,18,7,3,0,1,0,0,0,0,1,1,5,1,48,8,-1,-1,-1,-1,1,1,E01010830,0
Unvalidated,2024131429337,2024,131429337,2,9,0,18,5,1,0,1,0,0,0,0,4,1,5,2,49,8,-1,-1,-1,-1,1,1,E01010617,0
Unvalidated,2024131429338,2024,131429338,1,9,0,18,5,1,0,2,0,0,0,0,1,1,6,3,-1,-1,-1,-1,-1,-1,-1,-1,-1,0
Unvalidated,2024131429360,2024,131429360,1,9,0,9,3,1,0,6,0,0,0,0,1,1,1,1,56,9,-1,-1,-1,-1,2,1,E01010621,0
Unvalidated,2024131429360,2024,131429360,2,3,0,18,1,5,0,1,0,0,0,0,1,1,5,1,19,4,-1,-1,-1,-1,4,1,E01011585,0
Unvalidated,2024131429360,2024,131429360,3,9,0,2,0,0,0,2,0,0,0,0,1,1,6,3,-1,-1,-1,-1,-1,-1,-1,-1,-1,0