status,collision_index,collision_year,collision_reference,vehicle_reference,vehicle_type,towing_and_articulation,vehicle_manoeuvre,vehicle_direction_from,vehicle_direction_to,vehicle_location_restricted_lane,junction_location,skidding_and_overturning,hit_object_in_carriageway,vehicle_leaving_carriageway,hit_object_off_carriageway,first_point_of_impact,vehicle_left_hand_drive,journey_purpose_of_driver,sex_of_driver,age_of_driver,age_band_of_driver,engine_capacity_cc,propulsion_code,age_of_vehicle,generic_make_model,driver_imd_decile,driver_home_area_type,lsoa_of_driver,escooter_flag
Unvalidated,2024131429544,2024,131429544,1,1,0,18,1,5,5,8,0,0,0,0,1,1,6,3,-1,-1,-1,-1,-1,-1,-1,-1,-1,0
Unvalidated,2024131429544,2024,131429544,2,1,0,18,5,1,5,8,0,0,0,0,1,1,1,1,35,6,-1,-1,-1,-1,1,1,E01011433,0
Unvalidated,2024131429585,2024,131429585,1,9,0,18,1,5,0,1,0,0,0,0,1,1,5,1,24,5,-1,-1,-1,-1,2,1,E01010942,0
Unvalidated,2024131429585,2024,131429585,2,9,0,9,1,5,0,8,0,0,0,0,2,1,5,2,28,6,-1,-1,-1,-1,4,2,E01010595,0
Unvalidated,2024131429585,2024,131429585,3,9,0,9,5,1,0,8,0,0,0,0,1,1,5,2,37,7,-1,-1,-1,-1,9,1,E01010913,0
Unvalidated,2024131429600,2024,131429600,1,11,0,-1,-1,-1,-1,-1,-1,-1,-1,-1,-1,1,6,3,-1,-1,-1,-1,-1,-1,-1,-1,-1,0
Unvalidated,2024131429679,2024,131429679,1,9,0,18,1,5,0,0,0,0,0,0,2,1,5,1,74,10,-1,-1,-1,-1,5,2,E01019305,0
Unvalidated,2024131429679,2024,131429679,2,21,1,18,1,5,0,0,0,0,0,0,1,1,5,1,41,7,-1,-1,-1,-1,1,1,E01007727,0
Unvalidated,2024131429706,2024,131429706,1,9,0,18,1,5,0,0,0,0,0,0,1,1,6,1,72,10,-1,-1,-1,-1,8,3,E01005411,0
Unvalidated,2024131429712,2024,131429712,1,1,0,18,1,1,0,8,1,0,1,7,0,1,6,1,48,8,-1,-1,-1,-1,4,1,E01010834,0
Unvalidated,2024131429747,2024,131429747,1,9,0,-1,-1,-1,-1,8,-1,-1,-1,0,-1,1,6,3,-1,-1,-1,-1,-1,-1,-1,-1,-1,0
Unvalidated,2024131429754,2024,131429754,1,9,0,18,7,3,0,1,0,0,0,0,1,1,6,1,32,6,-1,-1,-1,-1,1,1,E01011471,0
Unvalidated,2024131429754,2024,131429754,2,9,0,3,7,3,0,1,0,0,0,0,2,1,6,1,35,6,-1,-1,-1,-1,3,1,E01011779,0
Unvalidated,2024131429754,2024,131429754,3,9,0,3,7,3,0,1,0,0,0,0,2,1,6,2,33,6,-1,-1,-1,-1,2,1,E01011814,0
Unvalidated,2024131429855,2024,131429855,1,9,0,18,5,1,0,2,0,0,0,0,1,1,2,1,27,6,-1,-1,-1,-1,1,1,E01007403,0
Unvalidated,2024131429855,2024,131429855,2,9,0,9,5,7,0,5,0,0,0,0,4,1,2,1,21,5,-1,-1,-1,-1,2,1,E01011805,0
Unvalidated,2024131429934,2024,131429934,1,9,0,18,7,7,0,0,0,0,0,0,2,1,6,2,61,9,-1,-1,-1,-1,2,1,E01011334,0
Unvalidated,2024131429934,2024,131429934,2,9,0,18,7,7,0,0,0,0,0,0,1,1,6,1,18,4,-1,-1,-1,-1,3,1,E01011609,0
Unvalidated,2024131429951,2024,131429951,1,9,0,-1,-1,-1,-1,-1,-1,-1,-1,-1,-1,1,6,3,-1,-1,-1,-1,-1,-1,-1,-1,-1,0
Unvalidated,2024131430045,2024,131430045,1,98,0,18,3,7,0,0,0,4,0,0,4,1,6,3,-1,-1,-1,-1,-1,-1,-1,-1,-1,0
Unvalidated,2024131430045,2024,131430045,2,9,0,2,3,7,6,0,0,0,0,0,3,1,6,3,-1,-1,-1,-1,-1,-1,-1,-1,-1,0
Unvalidated,2024131430086,2024,131430086,1,9,0,18,3,3,0,8,0,0,0,0,4,1,6,1,37,7,-1,-1,-1,-1,1,1,E01010839,0
Unvalidated,2024131430086,2024,131430086,2,9,0,18,1,2,0,1,0,0,0,0,1,1,6,2,38,7,-1,-1,-1,-1,8,1,E01010790,0
Unvalidated,2024131430086,2024,131430086,3,9,0,5,1,1,0,8,0,0,0,0,1,1,6,1,42,7,-1,-1,-1,-1,2,1,E01010740,0
Unvalidated,2024131430088,2024,131430088,1,9,0,5,7,5,0,6,0,0,0,0,3,1,5,1,73,10,-1,-1,-1,-1,6,1,E01010690,0
Unvalidated,2024131430088,2024,131430088,2,9,0,18,5,1,0,8,0,0,0,0,1,1,5,1,32,6,-1,-1,-1,-1,1,1,E01010680,0
Unvalidated,2024131430176,2024,131430176,1,9,0,18,1,5,0,6,0,0,0,0,1,1,6,3,-1,-1,-1,-1,-1,-1,-1,-1,-1,0
Unvalidated,2024131430176,2024,131430176,2,98,0,18,7,3,0,2,0,0,0,0,4,1,6,1,40,7,-1,-1,-1,-1,1,1,E01011337,0
Unvalidated,2024131430177,2024,131430177,1,9,0,18,5,1,0,0,1,0,2,4,1,1,5,1,76,11,-1,-1,-1,-1,8,1,E01011092,0
Unvalidated,2024131430185,2024,131430185,1,9,0,18,8,4,0,0,0,0,0,0,2,1,5,1,64,9,-1,-1,-1,-1,1,1,E01005466,0
Unvalidated,2024131430185,2024,131430185,2,9,0,18,8,4,0,0,0,0,0,0,1,1,5,1,26,6,-1,-1,-1,-1,1,1,E01025110,0
Unvalidated,2024131430187,2024,131430187,1,9,0,18,2,6,0,0,0,0,0,0,4,1,6,3,-1,-1,-1,-1,-1,-1,-1,-1,-1,0
Unvalidated,2024131430187,2024,131430187,2,9,0,5,2,6,0,0,0,0,0,0,3,1,5,2,49,8,-1,-1,-1,-1,1,1,E01011140,0
Unvalidated,2024131430243,2024,131430243,1,9,0,16,1,5,0,3,0,0,0,0,1,1,2,1,40,7,-1,-1,-1,-1,2,1,E01011485,0
Unvalidated,2024131430243,2024,131430243,2,9,0,9,5,1,0,8,0,0,0,0,1,1,2,1,51,8,-1,-1,-1,-1,1,1,E01011559,0
Unvalidated,2024131430254,2024,131430254,1,9,0,18,4,8,0,0,0,0,1,4,1,1,5,2,34,6,-1,-1,-1,-1,2,1,E01011378,0
Unvalidated,2024131430354,2024,131430354,1,9,0,18,4,8,0,0,0,4,0,0,1,1,2,2,36,7,-1,-1,-1,-1,10,1,E01011132,0
Unvalidated,2024131430354,2024,131430354,2,9,0,2,0,0,0,0,0,0,0,0,1,1,6,3,-1,-1,-1,-1,-1,-1,-1,-1,-1,0
Unvalidated,2024131430354,2024,131430354,3,19,0,2,0,0,0,0,0,0,0,0,1,1,6,3,-1,-1,-1,-1,-1,-1,-1,-1,-1,0
Unvalidated,2024131430376,2024,131430376,1,9,0,18,5,2,0,2,0,0,0,0,1,1,6,3,-1,-1,-1,-1,-1,-1,-1,-1,-1,0
Unvalidated,2024131430376,2024,131430376,2,9,0,18,6,2,0,2,0,0,0,0,1,1,6,1,31,6,-1,-1,-1,-1,6,1,E01011305,0
Unvalidated,2024131430422,2024,131430422,1,9,0,1,3,8,0,5,0,11,1,10,2,1,5,2,79,11,-1,-1,-1,-1,3,1,E01010912,0
Unvalidated,2024131430485,2024,131430485,1,9,0,12,1,5,0,1,0,0,0,0,2,1,1,2,49,8,-1,-1,-1,-1,4,1,E01011717,0
Unvalidated,2024131430485,2024,131430485,2,9,0,16,1,5,-1,1,0,0,0,0,-1,1,6,3,-1,-1,-1,-1,-1,-1,-1,-1,-1,0
Unvalidated,2024131430573,2024,131430573,1,9,0,5,1,8,0,1,0,0,0,0,0,1,6,2,67,10,-1,-1,-1,-1,6,1,E01011072,0
Unvalidated,2024131430573,2024,131430573,2,9,0,18,1,8,0,1,0,0,0,0,1,1,6,1,38,7,-1,-1,-1,-1,9,2,E01011168,0
Unvalidated,2024131430573,2024,131430573,3,98,0,3,1,8,0,1,0,0,0,0,4,1,6,1,25,5,-1,-1,-1,-1,4,1,E01008019,0
Unvalidated,2024131430594,2024,131430594,1,9,0,18,1,5,0,1,0,0,0,0,1,1,5,1,22,5,-1,-1,-1,-1,1,1,E01010632,0
Unvalidated,2024131430614,2024,131430614,1,9,0,18,1,1,0,8,0,0,0,0,1,1,6,2,32,6,-1,-1,-1,-1,4,1,E01010599,0
Unvalidated,2024131430614,2024,131430614,2,9,0,18,1,1,0,1,0,0,0,0,1,1,6,2,32,6,-1,-1,-1,-1,1,1,E01010832,0
Unvalidated,2024131430692,2024,131430692,1,9,0,18,3,7,0,0,0,0,0,0,1,1,1,1,53,8,-1,-1,-1,-1,9,1,E01007670,0
Unvalidated,2024131430693,2024,131430693,1,1,0,18,3,3,0,8,1,0,0,0,1,1,6,1,70,10,-1,-1,-1,-1,7,3,E01010897,0
Unvalidated,2024131430788,2024,131430788,1,9,0,-1,-1,-1,-1,0,-1,-1,-1,-1,-1,1,6,3,-1,-1,-1,-1,-1,-1,-1,-1,-1,0
Unvalidated,2024131430895,2024,131430895,1,9,0,9,4,3,0,8,0,0,0,0,4,1,5,2,45,7,-1,-1,-1,-1,6,1,E01010786,0
Unvalidated,2024131430895,2024,131430895,2,1,0,18,8,6,2,1,0,0,0,0,1,1,5,1,81,11,-1,-1,-1,-1,6,1,E01011451,0
Unvalidated,2024131430944,2024,131430944,1,9,0,18,3,7,0,0,0,0,0,0,1,1,6,3,-1,-1,-1,-1,-1,-1,-1,-1,-1,0
Unvalidated,2024131430944,2024,131430944,2,9,0,18,3,7,0,0,0,0,0,0,2,1,6,1,35,6,-1,-1,-1,-1,1,1,E01010623,0
Unvalidated,2024131430951,2024,131430951,1,9,0,18,1,5,0,8,0,0,7,11,1,1,6,1,21,5,-1,-1,-1,-1,1,1,E01010719,0
Unvalidated,2024131430964,2024,131430964,1,9,0,18,1,5,0,1,0,0,0,0,4,1,6,1,35,6,-1,-1,-1,-1,1,1,E01010811,0
Unvalidated,2024131430964,2024,131430964,2,9,0,18,5,1,0,1,0,0,0,0,3,1,6,2,53,8,-1,-1,-1,-1,2,1,E01010667,0
Unvalidated,2024131430964,2024,131430964,3,9,0,9,7,3,0,6,0,0,0,0,1,1,6,1,45,7,-1,-1,-1,-1,3,1,E01010835,0
Unvalidated,2024131430970,2024,131430970,1,9,0,9,6,7,0,8,0,0,0,0,3,1,6,1,57,9,-1,-1,-1,-1,1,1,E01011081,0
Unvalidated,2024131430984,2024,131430984,1,11,0,4,7,3,3,0,0,0,0,0,1,1,1,1,40,7,-1,-1,-1,-1,1,1,E01011483,0
Unvalidated,2024131430984,2024,131430984,2,1,0,18,5,1,2,0,0,0,0,0,4,1,6,1,37,7,-1,-1,-1,-1,1,1,E01011432,0
Unvalidated,2024131431016,2024,131431016,1,9,0,5,7,3,0,0,0,0,0,0,1,1,5,1,76,11,-1,-1,-1,-1,6,2,E01010991,0
Unvalidated,2024131431045,2024,131431045,1,9,0,18,4,8,0,2,0,0,0,0,2,1,2,1,57,9,-1,-1,-1,-1,3,3,E01011784,0
Unvalidated,2024131431054,2024,131431054,1,9,0,7,7,1,0,5,0,0,0,0,1,1,6,2,64,9,-1,-1,-1,-1,5,1,E01011384,0
Unvalidated,2024131431133,2024,131431133,1,9,0,-1,-1,-1,-1,8,-1,-1,-1,0,-1,1,6,3,-1,-1,-1,-1,-1,-1,-1,-1,-1,0
Unvalidated,2024131431133,2024,131431133,2,9,0,4,1,1,0,8,0,0,0,0,2,1,6,1,47,8,-1,-1,-1,-1,4,1,E01010669,0
Unvalidated,2024131431139,2024,131431139,1,9,0,1,0,5,0,1,0,0,0,0,2,1,3,2,29,6,-1,-1,-1,-1,7,3,E01011183,0
Unvalidated,2024131431155,2024,131431155,1,9,0,9,7,3,0,1,0,0,0,0,1,1,1,2,17,4,-1,-1,-1,-1,9,1,E01011596,0
Unvalidated,2024131431155,2024,131431155,2,9,0,18,7,3,0,2,0,0,3,0,1,1,1,1,31,6,-1,-1,-1,-1,4,1,E01011678,0
Unvalidated,2024131431205,2024,131431205,1,9,0,-1,-1,-1,-1,8,-1,-1,-1,0,-1,1,6,3,-1,-1,-1,-1,-1,-1,-1,-1,-1,0
Unvalidated,2024131431205,2024,131431205,2,9,0,18,1,1,0,8,0,0,0,0,2,1,6,1,33,6,-1,-1,-1,-1,5,1,E01011648,0
Unvalidated,2024131431209,2024,131431209,1,9,0,18,1,1,0,1,0,0,0,0,1,1,5,2,30,6,-1,-1,-1,-1,2,1,E01011334,0
Unvalidated,2024131431209,2024,131431209,2,9,0,6,7,7,0,1,0,0,0,0,4,1,5,1,85,11,-1,-1,-1,-1,8,1,E01010907,0
Unvalidated,2024131431222,2024,131431222,1,98,0,-1,-1,-1,-1,0,-1,-1,-1,-1,-1,1,6,3,-1,-1,-1,-1,-1,-1,-1,-1,-1,0
Unvalidated,2024131431222,2024,131431222,2,9,0,18,3,7,0,0,0,0,0,0,3,1,6,1,53,8,-1,-1,-1,-1,3,1,E01013731,0
Unvalidated,2024131431254,2024,131431254,1,9,0,18,7,3,0,1,0,0,0,0,1,1,6,2,38,7,-1,-1,-1,-1,9,1,E01011905,0
Unvalidated,2024131431277,2024,131431277,1,9,0,18,1,1,0,0,0,0,0,0,3,1,5,2,52,8,-1,-1,-1,-1,5,1,E01011065,0
Unvalidated,2024131431296,2024,131431296,1,9,0,-1,-1,-1,-1,0,-1,-1,-1,-1,-1,1,6,3,30,6,-1,-1,-1,-1,-1,-1,-1,0
Unvalidated,2024131431307,2024,131431307,1,9,0,18,5,1,0,0,0,0,0,0,4,1,6,1,30,6,-1,-1,-1,-1,5,2,E01011855,0
Unvalidated,2024131431307,2024,131431307,2,10,0,18,5,1,0,0,5,0,1,0,3,1,5,1,65,9,-1,-1,-1,-1,1,1,E01008731,0
Unvalidated,2024131431307,2024,131431307,3,9,0,-1,-1,-1,-1,0,-1,-1,-1,-1,-1,1,6,3,-1,-1,-1,-1,-1,-1,-1,-1,-1,0
Unvalidated,2024131431308,2024,131431308,1,9,0,9,5,1,0,0,0,0,0,0,1,1,1,1,46,8,-1,-1,-1,-1,8,3,E01011938,0
Unvalidated,2024131431308,2024,131431308,2,9,0,18,1,5,0,0,0,0,0,0,1,1,5,1,70,10,-1,-1,-1,-1,7,2,E01011110,0
Unvalidated,2024131431308,2024,131431308,3,9,0,18,5,1,0,0,0,0,0,0,1,1,5,1,51,8,-1,-1,-1,-1,9,1,E01027791,0
Unvalidated,2024131431313,2024,131431313,1,11,0,4,8,4,0,0,0,0,0,0,4,1,1,2,24,5,-1,-1,-1,-1,3,1,E01011806,0
Unvalidated,2024131431334,2024,131431334,1,9,0,18,1,1,0,0,0,0,0,0,4,1,5,1,23,5,-1,-1,-1,-1,7,1,E01032989,0
Unvalidated,2024131431334,2024,131431334,2,9,0,17,1,1,0,0,0,0,3,0,4,1,5,1,40,7,-1,-1,-1,-1,1,1,E01033021,0
Unvalidated,2024131431379,2024,131431379,1,9,0,18,6,2,0,0,0,0,0,0,3,1,5,2,55,8,-1,-1,-1,-1,3,1,E01011267,0
Unvalidated,2024131431379,2024,131431379,2,9,0,18,2,6,0,0,0,0,0,0,3,1,2,1,21,5,-1,-1,-1,-1,7,1,E01010568,0
Unvalidated,2024131431399,2024,131431399,1,9,0,18,1,5,0,0,1,0,0,0,1,2,5,1,80,11,-1,-1,-1,-1,8,1,E01011714,0
Unvalidated,2024131431399,2024,131431399,2,90,0,18,3,7,0,0,0,0,0,0,3,2,1,2,44,7,-1,-1,-1,-1,7,1,E01013419,0
Unvalidated,2024131431475,2024,131431475,1,9,0,18,1,5,0,8,0,0,0,0,4,1,5,1,49,8,-1,-1,-1,-1,8,1,E01011185,0
Unvalidated,2024131431475,2024,131431475,2,9,0,5,7,3,0,5,0,0,3,0,1,1,5,1,79,11,-1,-1,-1,-1,5,1,E01011078,0
Unvalidated,2024131431499,2024,131431499,1,9,0,17,2,4,0,2,1,0,1,7,4,1,5,1,20,4,-1,-1,-1,-1,1,1,E01010624,0
Unvalidated,2024131431499,2024,131431499,2,9,0,2,0,0,0,2,0,0,0,0,1,1,6,3,-1,-1,-1,-1,-1,-1,-1,-1,-1,0
Unvalidated,2024131431502,2024,131431502,1,19,0,18,5,1,0,8,0,0,0,0,1,1,2,1,28,6,-1,-1,-1,-1,6,1,E01011688,0
Unvalidated,2024131431502,2024,131431502,2,9,0,12,5,1,0,8,0,0,0,0,3,1,2,2,40,7,-1,-1,-1,-1,1,1,E01011340,0
Unvalidated,2024131431525,2024,131431525,1,9,0,4,8,4,0,0,0,0,0,0,2,1,6,1,45,7,-1,-1,-1,-1,6,1,E01011248,0
Unvalidated,2024131431525,2024,131431525,2,9,0,4,8,4,0,0,0,0,0,0,2,1,6,2,46,8,-1,-1,-1,-1,9,1,-1,0
Unvalidated,2024131431525,2024,131431525,3,9,0,18,2,4,0,0,0,0,0,0,1,1,6,2,29,6,-1,-1,-1,-1,2,1,E01011250,0
Unvalidated,2024131431542,2024,131431542,1,9,0,18,5,1,0,1,0,0,1,0,1,1,5,1,55,8,-1,-1,-1,-1,1,1,E01011850,0
Unvalidated,2024131431590,2024,131431590,1,9,0,18,7,3,0,1,0,0,0,0,1,1,5,1,37,7,-1,-1,-1,-1,1,1,E01011340,0
Unvalidated,2024131431642,2024,131431642,1,9,0,2,5,1,0,8,0,0,0,0,2,1,5,1,37,7,-1,-1,-1,-1,2,1,E01011502,0
Unvalidated,2024131431642,2024,131431642,2,9,0,18,5,1,0,8,0,0,0,0,1,1,2,1,26,6,-1,-1,-1,-1,1,1,E01011476,0
Unvalidated,2024131431682,2024,131431682,1,9,0,4,5,1,0,8,0,0,1,10,1,1,6,1,36,7,-1,-1,-1,-1,6,1,E01011704,0
Unvalidated,2024131431682,2024,131431682,2,9,0,9,1,7,0,5,0,0,0,0,4,1,2,1,32,6,-1,-1,-1,-1,10,1,E01011280,0
Unvalidated,2024131431742,2024,131431742,1,9,0,18,1,5,0,0,0,4,0,0,4,1,5,1,79,11,-1,-1,-1,-1,8,1,E01011047,0
Unvalidated,2024131431742,2024,131431742,2,9,0,2,0,0,0,0,0,4,0,0,3,1,6,3,-1,-1,-1,-1,-1,-1,-1,-1,-1,0
Unvalidated,2024131431877,2024,131431877,1,9,0,18,1,1,0,1,0,0,0,0,4,1,5,2,23,5,-1,-1,-1,-1,3,1,E01010983,0
Unvalidated,2024131431878,2024,131431878,1,9,0,9,7,3,0,8,0,0,0,0,2,1,6,3,-1,-1,-1,-1,-1,-1,-1,-1,-1,0
Unvalidated,2024131431878,2024,131431878,2,1,0,15,7,3,0,8,0,0,0,0,1,1,6,1,74,10,-1,-1,-1,-1,6,2,E01010990,0
Unvalidated,2024131431879,2024,131431879,1,9,0,14,5,1,0,0,0,0,0,0,3,1,6,1,65,9,-1,-1,-1,-1,8,1,E01010672,0
Unvalidated,2024131431879,2024,131431879,2,9,0,17,1,5,0,0,0,0,0,0,3,1,6,1,21,5,-1,-1,-1,-1,9,2,E01010589,0
Unvalidated,2024131431894,2024,131431894,1,5,0,2,7,3,0,4,0,0,0,0,3,1,2,1,62,9,-1,-1,-1,-1,2,1,E01010605,0
Unvalidated,2024131431894,2024,131431894,2,21,0,5,7,3,0,1,0,0,0,0,4,1,1,1,51,8,-1,-1,-1,-1,6,1,E01011490,0
Unvalidated,2024131431895,2024,131431895,1,9,0,4,3,7,0,1,0,0,0,0,2,2,6,1,73,10,-1,-1,-1,-1,2,1,E01011032,0
Unvalidated,2024131431895,2024,131431895,2,9,0,18,3,7,0,1,0,0,0,0,1,2,6,1,42,7,-1,-1,-1,-1,2,1,E01011032,0
Unvalidated,2024131431897,2024,131431897,1,1,0,18,1,5,0,1,0,0,0,0,1,1,5,1,14,3,-1,-1,-1,-1,5,3,E01011734,0
Unvalidated,2024131431897,2024,131431897,2,9,0,18,3,7,0,1,0,0,0,0,3,1,2,1,36,7,-1,-1,-1,-1,1,1,E01011339,0
Unvalidated,2024131431898,2024,131431898,1,1,0,9,1,3,0,6,0,0,0,0,2,1,5,1,30,6,-1,-1,-1,-1,3,1,E01011328,0
Unvalidated,2024131431898,2024,131431898,2,9,0,-1,-1,-1,0,1,-1,-1,-1,0,-1,1,6,3,-1,-1,-1,-1,-1,-1,-1,-1,-1,0
Unvalidated,2024131431920,2024,131431920,1,9,0,18,5,1,0,0,1,0,1,2,3,1,5,1,23,5,-1,-1,-1,-1,6,1,E01011517,0
Unvalidated,2024131431927,2024,131431927,1,19,0,7,-1,-1,0,0,-1,-1,-1,0,-1,1,6,3,-1,-1,-1,-1,-1,-1,-1,-1,-1,0
Unvalidated,2024131431928,2024,131431928,1,9,0,18,3,7,0,8,0,0,0,0,4,1,5,1,22,5,-1,-1,-1,-1,1,1,E01010618,0
Unvalidated,2024131431931,2024,131431931,1,9,0,4,3,7,0,0,0,0,0,0,2,1,6,1,46,8,-1,-1,-1,-1,5,1,E01011831,0
Unvalidated,2024131431931,2024,131431931,2,9,0,4,3,7,0,0,0,0,0,0,2,1,2,1,39,7,-1,-1,-1,-1,3,1,E01007635,0
Unvalidated,2024131431931,2024,131431931,3,9,0,18,3,7,0,0,0,0,0,0,1,1,5,2,60,9,-1,-1,-1,-1,4,1,E01007396,0
Unvalidated,2024131431950,2024,131431950,1,9,0,15,3,8,0,0,0,10,0,0,1,1,6,1,34,6,-1,-1,-1,-1,3,1,E01013394,0
Unvalidated,2024131431950,2024,131431950,2,9,0,3,8,3,0,0,0,10,0,0,1,1,6,2,54,8,-1,-1,-1,-1,9,1,E01011419,0
Unvalidated,2024131431950,2024,131431950,3,9,0,3,8,3,0,0,0,4,0,0,1,1,6,1,42,7,-1,-1,-1,-1,4,1,E01011462,0
Unvalidated,2024131431950,2024,131431950,4,9,0,3,8,3,0,0,0,0,0,0,1,1,6,1,55,8,-1,-1,-1,-1,7,1,E01027808,0
Unvalidated,2024131432004,2024,131432004,1,97,0,-1,-1,-1,-1,8,-1,-1,-1,0,-1,1,6,3,-1,-1,-1,-1,-1,-1,-1,-1,-1,0
Unvalidated,2024131432019,2024,131432019,1,90,0,18,1,5,9,0,0,0,0,0,0,1,5,1,16,4,-1,-1,-1,-1,4,1,E01010601,0
Unvalidated,2024131432019,2024,131432019,2,9,0,18,1,5,0,0,0,0,0,0,1,1,1,1,25,5,-1,-1,-1,-1,2,1,E01010740,0
Unvalidated,2024131432153,2024,131432153,1,9,0,3,8,4,0,1,0,11,0,0,1,1,5,2,19,4,-1,-1,-1,-1,4,1,E01011678,0
Unvalidated,2024131432153,2024,131432153,2,97,0,4,4,8,0,1,0,0,0,0,0,1,4,2,22,5,-1,-1,-1,-1,10,1,E01016664,0
Unvalidated,2024131432228,2024,131432228,1,9,0,-1,-1,-1,-1,-1,-1,-1,-1,-1,-1,1,6,3,-1,-1,-1,-1,-1,-1,-1,-1,-1,0
Unvalidated,2024131432228,2024,131432228,2,9,0,8,7,1,0,7,0,0,0,0,2,1,6,1,25,5,-1,-1,-1,-1,6,1,E01011688,0
Unvalidated,2024131432228,2024,131432228,3,9,0,18,7,3,0,1,1,0,0,0,1,1,6,1,48,8,-1,-1,-1,-1,1,1,E01011662,0
Unvalidated,2024131432276,2024,131432276,1,9,0,-1,-1,-1,-1,0,-1,-1,-1,-1,-1,1,6,3,-1,-1,-1,-1,-1,-1,-1,-1,-1,0
Unvalidated,2024131432276,2024,131432276,2,9,0,2,7,3,0,0,0,0,0,0,3,1,6,2,39,7,-1,-1,-1,-1,9,1,E01011887,0
Unvalidated,2024131432326,2024,131432326,1,9,0,18,2,2,0,8,0,0,0,0,1,1,2,2,28,6,-1,-1,-1,-1,3,1,E01010600,0
Unvalidated,2024131432346,2024,131432346,1,9,0,9,1,1,0,8,0,0,0,0,1,1,5,1,22,5,-1,-1,-1,-1,3,1,E01010835,0
Unvalidated,2024131432346,2024,131432346,2,5,0,13,1,1,9,8,0,0,0,0,4,1,2,1,62,9,-1,-1,-1,-1,2,1,E01011943,0
Unvalidated,2024131432380,2024,131432380,1,9,0,18,5,1,0,0,0,0,0,0,1,1,1,1,39,7,-1,-1,-1,-1,2,1,E01010806,0
Unvalidated,2024131432399,2024,131432399,1,9,0,3,5,1,0,0,0,0,0,0,2,1,2,2,55,8,-1,-1,-1,-1,8,1,E01011102,0
Unvalidated,2024131432399,2024,131432399,2,9,0,18,5,1,0,0,0,0,0,0,1,1,5,2,34,6,-1,-1,-1,-1,4,1,E01011153,0
Unvalidated,2024131432407,2024,131432407,1,9,0,18,3,7,0,1,0,0,0,0,4,1,5,1,21,5,-1,-1,-1,-1,9,1,E01007187,0
Unvalidated,2024131432407,2024,131432407,2,9,0,18,1,5,0,1,0,0,0,0,1,1,5,1,29,6,-1,-1,-1,-1,10,1,E01011272,0
Unvalidated,2024131432412,2024,131432412,1,9,0,5,3,7,0,1,0,0,0,0,1,1,6,2,85,11,-1,-1,-1,-1,10,1,E01011562,0
Unvalidated,2024131432412,2024,131432412,2,19,0,18,3,7,0,1,0,0,0,0,2,1,1,1,56,9,-1,-1,-1,-1,1,1,E01011484,0
Unvalidated,2024131432547,2024,131432547,1,9,0,18,3,7,0,0,-1,-1,-1,-1,1,1,6,3,-1,-1,-1,-1,-1,-1,-1,-1,-1,0
Unvalidated,2024131432607,2024,131432607,1,9,0,18,7,3,0,0,0,0,0,0,1,1,6,3,-1,-1,-1,-1,-1,-1,-1,-1,-1,0
Unvalidated,2024131432607,2024,131432607,2,1,0,18,1,5,0,0,0,0,0,0,2,1,6,1,15,3,-1,-1,-1,-1,1,1,E01010632,0
Unvalidated,2024131432627,2024,131432627,1,9,0,14,1,5,0,1,0,0,0,0,1,1,3,2,37,7,-1,-1,-1,-1,8,1,E01011496,0
Unvalidated,2024131432719,2024,131432719,1,9,0,-1,-1,-1,-1,-1,-1,-1,-1,0,-1,1,6,3,-1,-1,-1,-1,-1,-1,-1,-1,-1,0
Unvalidated,2024131432723,2024,131432723,1,9,0,15,1,5,0,0,0,0,0,0,3,1,6,3,-1,-1,-1,-1,-1,-1,-1,-1,-1,0
Unvalidated,2024131432723,2024,131432723,2,3,0,13,1,5,0,0,0,0,0,0,4,1,1,1,27,6,-1,-1,-1,-1,6,1,E01011248,0
Unvalidated,2024131432782,2024,131432782,1,9,0,18,1,5,0,0,0,0,0,0,3,1,2,2,22,5,-1,-1,-1,-1,5,1,E01011733,0
Unvalidated,2024131432782,2024,131432782,2,1,0,18,3,7,0,0,0,0,0,0,1,1,6,1,26,6,-1,-1,-1,-1,-1,-1,-1,0
Unvalidated,2024131432810,2024,131432810,1,9,0,2,1,5,0,0,5,0,0,0,1,1,5,1,84,11,-1,-1,-1,-1,9,2,E01011168,0
Unvalidated,2024131432824,2024,131432824,1,9,0,18,7,3,0,0,0,0,0,0,1,1,1,1,42,7,-1,-1,-1,-1,1,1,E01010635,0
Unvalidated,2024131432833,2024,131432833,1,19,0,18,3,7,0,0,0,0,0,0,0,1,1,1,27,6,-1,-1,-1,-1,7,1,E01011775,0
Unvalidated,2024131432842,2024,131432842,1,9,0,18,5,1,0,0,0,0,0,0,1,1,5,1,29,6,-1,-1,-1,-1,7,3,E01027703,0
Unvalidated,2024131432842,2024,131432842,2,9,0,18,5,1,0,0,0,0,0,0,2,1,2,2,32,6,-1,-1,-1,-1,9,1,E01013405,0
Unvalidated,2024131432842,2024,131432842,3,9,0,18,5,1,0,0,0,0,0,0,0,1,5,1,44,7,-1,-1,-1,-1,9,2,E01013059,0
Unvalidated,2024131432906,2024,131432906,1,3,0,4,5,1,0,1,0,0,0,0,1,1,1,2,56,9,-1,-1,-1,-1,1,1,E01011745,0
Unvalidated,2024131432906,2024,131432906,2,9,0,4,5,1,0,1,0,0,0,0,2,1,6,2,25,5,-1,-1,-1,-1,6,1,E01011738,0
Unvalidated,2024131432929,2024,131432929,1,98,0,18,3,7,0,0,0,0,0,0,1,1,1,1,27,6,-1,-1,-1,-1,9,1,E01011411,0