status,collision_index,collision_year,collision_reference,vehicle_reference,vehicle_type,towing_and_articulation,vehicle_manoeuvre,vehicle_direction_from,vehicle_direction_to,vehicle_location_restricted_lane,junction_location,skidding_and_overturning,hit_object_in_carriageway,vehicle_leaving_carriageway,hit_object_off_carriageway,first_point_of_impact,vehicle_left_hand_drive,journey_purpose_of_driver,sex_of_driver,age_of_driver,age_band_of_driver,engine_capacity_cc,propulsion_code,age_of_vehicle,generic_make_model,driver_imd_decile,driver_home_area_type,lsoa_of_driver,escooter_flag
Unvalidated,2024131432929,2024,131432929,2,9,0,18,3,7,0,0,0,0,0,0,2,1,2,2,44,7,-1,-1,-1,-1,9,2,E01011576,0
Unvalidated,2024131432929,2024,131432929,3,9,0,18,3,7,0,0,0,0,0,0,2,1,3,1,42,7,-1,-1,-1,-1,3,1,E01011341,0
Unvalidated,2024131432954,2024,131432954,1,9,0,18,6,3,0,8,0,0,0,0,4,1,3,1,41,7,-1,-1,-1,-1,9,1,E01011937,0
Unvalidated,2024131433015,2024,131433015,1,9,0,18,5,8,1,0,0,0,0,0,4,1,2,2,43,7,-1,-1,-1,-1,9,1,E01011939,0
Unvalidated,2024131433095,2024,131433095,1,11,0,18,7,3,0,0,-1,-1,-1,-1,4,1,6,3,-1,-1,-1,-1,-1,-1,-1,-1,-1,0
Unvalidated,2024131433118,2024,131433118,1,9,0,-1,-1,-1,-1,-1,-1,-1,-1,-1,-1,1,6,3,-1,-1,-1,-1,-1,-1,-1,-1,-1,0
Unvalidated,2024131433118,2024,131433118,2,1,0,18,7,3,4,8,0,0,0,0,3,1,6,1,51,8,-1,-1,-1,-1,1,1,E01033693,0
Unvalidated,2024131433136,2024,131433136,1,9,0,-1,-1,-1,-1,8,-1,-1,-1,0,-1,1,6,3,-1,-1,-1,-1,-1,-1,-1,-1,-1,0
Unvalidated,2024131433136,2024,131433136,2,1,0,16,3,7,0,8,0,0,0,0,0,1,5,2,68,10,-1,-1,-1,-1,9,2,E01010589,0
Unvalidated,2024131433149,2024,131433149,1,9,0,18,3,7,0,0,1,0,0,0,4,1,6,3,-1,-1,-1,-1,-1,-1,-1,-1,-1,0
Unvalidated,2024131433176,2024,131433176,1,9,0,9,5,6,0,0,0,0,0,0,3,1,5,1,82,11,-1,-1,-1,-1,6,1,E01011108,0
Unvalidated,2024131433176,2024,131433176,2,9,0,18,7,3,0,0,0,0,0,0,1,1,5,2,37,7,-1,-1,-1,-1,4,1,E01011095,0
Unvalidated,2024131433191,2024,131433191,1,9,0,18,6,2,0,0,0,0,0,0,1,1,2,2,32,6,-1,-1,-1,-1,7,1,E01011592,0
Unvalidated,2024131433222,2024,131433222,1,9,0,9,5,1,0,1,1,0,0,0,1,1,2,1,25,5,-1,-1,-1,-1,8,1,E01011191,0
Unvalidated,2024131433240,2024,131433240,1,9,0,18,5,1,0,1,0,0,0,0,3,1,2,2,43,7,-1,-1,-1,-1,4,1,E01011012,0
Unvalidated,2024131433246,2024,131433246,1,20,0,18,5,5,0,1,0,0,0,0,1,1,1,1,37,7,-1,-1,-1,-1,1,1,E01010730,0
Unvalidated,2024131433246,2024,131433246,2,9,0,18,7,7,0,1,0,0,3,0,3,1,6,2,56,9,-1,-1,-1,-1,1,1,E01011375,0
Unvalidated,2024131433265,2024,131433265,1,9,0,15,5,1,0,0,0,0,0,0,1,1,6,3,-1,-1,-1,-1,-1,-1,-1,-1,-1,0
Unvalidated,2024131433265,2024,131433265,2,1,0,5,3,1,0,0,0,0,0,0,4,1,5,1,46,8,-1,-1,-1,-1,8,1,E01011050,0
Unvalidated,2024131433392,2024,131433392,1,9,0,-1,-1,-1,-1,-1,-1,-1,-1,0,-1,1,6,3,-1,-1,-1,-1,-1,-1,-1,-1,-1,0
Unvalidated,2024131433504,2024,131433504,1,9,0,18,5,1,0,1,0,0,0,0,1,1,5,1,61,9,-1,-1,-1,-1,7,1,E01011512,0
Unvalidated,2024131433505,2024,131433505,1,9,0,18,2,6,0,1,0,0,0,0,1,1,6,3,-1,-1,-1,-1,-1,-1,-1,-1,-1,0
Unvalidated,2024131433584,2024,131433584,1,9,0,18,5,1,0,8,0,0,0,0,1,1,6,1,30,6,-1,-1,-1,-1,3,1,E01010810,0
Unvalidated,2024131433584,2024,131433584,2,9,0,18,5,1,0,8,0,0,1,0,1,1,6,2,39,7,-1,-1,-1,-1,2,1,E01010628,0
Unvalidated,2024131433604,2024,131433604,1,9,0,-1,-1,-1,-1,0,-1,-1,-1,0,-1,1,6,1,88,11,-1,-1,-1,-1,-1,-1,-1,0
Unvalidated,2024131433604,2024,131433604,2,9,0,2,0,0,9,0,0,0,0,0,4,1,6,3,-1,-1,-1,-1,-1,-1,-1,-1,-1,0
Unvalidated,2024131433681,2024,131433681,1,9,0,-1,-1,-1,-1,8,-1,-1,-1,0,-1,1,6,3,-1,-1,-1,-1,-1,-1,-1,-1,-1,0
Unvalidated,2024131433681,2024,131433681,2,9,0,2,0,0,0,8,0,0,0,0,3,1,6,3,-1,-1,-1,-1,-1,-1,-1,-1,-1,0
Unvalidated,2024131433681,2024,131433681,3,9,0,2,0,0,0,8,0,0,0,0,2,1,6,3,-1,-1,-1,-1,-1,-1,-1,-1,-1,0
Unvalidated,2024131433696,2024,131433696,1,9,0,16,1,5,9,0,0,0,1,0,1,1,6,1,30,6,-1,-1,-1,-1,5,2,E01011772,0
Unvalidated,2024131433700,2024,131433700,1,9,0,18,2,6,0,8,5,0,8,1,4,1,5,1,32,6,-1,-1,-1,-1,7,3,E01011193,0
Unvalidated,2024131433700,2024,131433700,2,9,0,9,4,2,0,8,0,0,0,0,1,1,5,1,28,6,-1,-1,-1,-1,9,1,E01011923,0
Unvalidated,2024131433710,2024,131433710,1,9,0,5,2,2,0,2,0,0,0,0,1,1,5,1,26,6,-1,-1,-1,-1,3,1,E01011313,0
Unvalidated,2024131433710,2024,131433710,2,1,0,5,2,2,0,2,0,0,0,0,2,1,5,1,13,3,-1,-1,-1,-1,1,1,E01011321,0
Unvalidated,2024131433710,2024,131433710,3,9,0,18,2,2,0,1,0,0,0,0,0,1,5,1,32,6,-1,-1,-1,-1,2,1,E01011370,0
Unvalidated,2024131433814,2024,131433814,1,9,0,-1,-1,-1,-1,0,-1,-1,-1,0,-1,1,6,3,99,11,-1,-1,-1,-1,-1,-1,-1,0
Unvalidated,2024131433848,2024,131433848,1,9,0,-1,5,1,-1,-1,-1,-1,-1,-1,-1,1,6,1,-1,-1,-1,-1,-1,-1,-1,-1,-1,0
Unvalidated,2024131433852,2024,131433852,1,9,0,18,3,7,0,0,0,4,0,0,1,1,6,1,53,8,-1,-1,-1,-1,1,1,E01010941,0
Unvalidated,2024131433852,2024,131433852,2,9,0,2,7,3,0,0,0,0,0,0,1,1,6,3,-1,-1,-1,-1,-1,-1,-1,-1,-1,0
Unvalidated,2024131433858,2024,131433858,1,9,0,18,8,4,0,1,0,0,0,0,1,1,1,1,53,8,-1,-1,-1,-1,2,1,E01011485,0
Unvalidated,2024131433859,2024,131433859,1,9,0,18,1,5,0,0,0,0,0,0,1,1,5,1,23,5,-1,-1,-1,-1,3,1,E01011240,0
Unvalidated,2024131433868,2024,131433868,1,9,0,18,3,7,0,0,0,0,0,0,4,1,6,1,55,8,-1,-1,-1,-1,4,1,E01032489,0
Unvalidated,2024131433868,2024,131433868,2,9,0,2,0,0,0,0,0,0,0,0,3,1,6,3,-1,-1,-1,-1,-1,-1,-1,-1,-1,0
Unvalidated,2024131433886,2024,131433886,1,97,0,-1,-1,-1,-1,0,-1,-1,-1,-1,-1,1,6,3,-1,-1,-1,-1,-1,-1,-1,-1,-1,0
Unvalidated,2024131433886,2024,131433886,2,16,0,16,7,3,0,0,0,0,0,0,0,1,6,2,40,7,-1,-1,-1,-1,6,1,E01010750,0
Unvalidated,2024131433886,2024,131433886,3,97,0,-1,-1,-1,-1,0,-1,-1,-1,-1,-1,1,6,3,-1,-1,-1,-1,-1,-1,-1,-1,-1,0
Unvalidated,2024131433936,2024,131433936,1,9,0,-1,-1,-1,-1,0,-1,-1,-1,0,-1,1,6,3,-1,-1,-1,-1,-1,-1,-1,-1,-1,0
Unvalidated,2024131433959,2024,131433959,1,9,0,18,7,3,0,8,0,0,0,0,1,1,1,1,38,7,-1,-1,-1,-1,-1,-1,-1,0
Unvalidated,2024131433973,2024,131433973,1,3,0,18,5,1,0,8,0,0,0,0,1,1,5,1,16,4,-1,-1,-1,-1,4,1,E01011669,0
Unvalidated,2024131433973,2024,131433973,2,9,0,18,1,5,0,8,0,0,0,0,1,1,5,1,30,6,-1,-1,-1,-1,6,3,E01011885,0
Unvalidated,2024131434014,2024,131434014,1,9,0,18,7,3,0,0,1,0,8,2,1,1,6,1,34,6,-1,-1,-1,-1,6,1,E01011599,0
Unvalidated,2024131434033,2024,131434033,1,9,0,18,1,5,0,8,0,0,0,0,1,1,6,2,38,7,-1,-1,-1,-1,1,1,E01010826,0
Unvalidated,2024131434033,2024,131434033,2,9,0,9,5,1,0,8,0,0,0,0,1,1,6,3,34,6,-1,-1,-1,-1,-1,-1,-1,0
Unvalidated,2024131434113,2024,131434113,1,9,0,18,8,4,0,0,0,0,0,0,1,1,1,1,38,7,-1,-1,-1,-1,2,1,E01010605,0
Unvalidated,2024131434113,2024,131434113,2,9,0,18,8,4,0,0,0,0,0,0,2,1,5,1,59,9,-1,-1,-1,-1,7,1,E01011588,0
Unvalidated,2024131434113,2024,131434113,3,9,0,18,8,4,0,0,0,0,0,0,2,1,5,2,70,10,-1,-1,-1,-1,9,1,E01027575,0
Unvalidated,2024131434117,2024,131434117,1,97,0,18,2,6,0,0,0,10,0,0,3,1,6,1,26,6,-1,-1,-1,-1,9,1,E01011565,0
Unvalidated,2024131434134,2024,131434134,1,9,0,18,7,3,0,8,0,0,0,0,3,1,6,2,38,7,-1,-1,-1,-1,6,1,E01011182,0
Unvalidated,2024131434134,2024,131434134,2,4,0,18,5,1,0,1,0,0,0,0,1,1,6,1,54,8,-1,-1,-1,-1,6,3,E01011074,0
Unvalidated,2024131434134,2024,131434134,3,19,0,18,5,1,0,1,0,0,0,0,0,1,6,1,63,9,-1,-1,-1,-1,1,1,E01006023,0
Unvalidated,2024131434134,2024,131434134,4,9,0,18,5,1,0,1,0,0,0,0,0,1,6,1,22,5,-1,-1,-1,-1,8,1,E01005417,0
Unvalidated,2024131434175,2024,131434175,1,9,0,18,7,3,0,0,0,0,0,0,1,1,5,1,53,8,-1,-1,-1,-1,1,1,E01010965,0
Unvalidated,2024131434175,2024,131434175,2,20,0,18,7,3,0,0,0,0,0,0,3,1,1,1,54,8,-1,-1,-1,-1,6,3,E01010883,0
Unvalidated,2024131434175,2024,131434175,3,19,0,18,7,3,0,0,0,4,0,0,2,1,2,1,46,8,-1,-1,-1,-1,6,3,E01010883,0
Unvalidated,2024131434175,2024,131434175,4,19,0,2,0,0,0,0,0,10,1,0,3,1,6,3,-1,-1,-1,-1,-1,-1,-1,-1,-1,0
Unvalidated,2024131434180,2024,131434180,1,9,0,18,8,4,0,0,0,0,0,0,1,1,5,1,22,5,-1,-1,-1,-1,3,1,E01033010,0
Unvalidated,2024131434279,2024,131434279,1,9,0,7,8,4,0,0,0,0,0,0,4,1,2,2,43,7,-1,-1,-1,-1,-1,-1,-1,0
Unvalidated,2024131434279,2024,131434279,2,11,0,18,8,4,0,0,0,0,0,0,3,1,1,1,64,9,-1,-1,-1,-1,7,1,E01032496,0
Unvalidated,2024131434331,2024,131434331,1,1,0,18,5,1,9,8,0,0,0,0,1,1,6,1,33,6,-1,-1,-1,-1,2,1,E01010815,0
Unvalidated,2024131434394,2024,131434394,1,9,0,18,8,4,0,0,0,0,1,4,1,1,5,1,39,7,-1,-1,-1,-1,1,2,E01007472,0
Unvalidated,2024131434484,2024,131434484,1,9,0,5,3,7,4,1,0,0,0,0,1,1,6,3,-1,-1,-1,-1,-1,-1,-1,-1,-1,0
Unvalidated,2024131434484,2024,131434484,2,1,0,18,4,2,4,1,0,0,0,0,4,1,6,1,68,10,-1,-1,-1,-1,8,1,E01011716,0
Unvalidated,2024131434493,2024,131434493,1,9,0,-1,-1,-1,-1,-1,-1,-1,-1,-1,-1,1,6,3,-1,-1,-1,-1,-1,-1,-1,-1,-1,0
Unvalidated,2024131434493,2024,131434493,2,9,0,4,3,1,0,1,0,0,0,0,2,1,5,1,41,7,-1,-1,-1,-1,5,1,E01010678,0
Unvalidated,2024131434579,2024,131434579,1,9,0,18,3,7,0,0,1,0,0,0,1,2,2,1,49,8,-1,-1,-1,-1,4,2,E01011858,0
Unvalidated,2024131434579,2024,131434579,2,9,0,18,7,7,0,0,0,0,1,0,1,2,2,2,32,6,-1,-1,-1,-1,3,1,E01007467,0
Unvalidated,2024131434589,2024,131434589,1,9,0,18,3,7,0,1,0,0,0,0,3,1,6,2,21,5,-1,-1,-1,-1,-1,-1,-1,0
Unvalidated,2024131434589,2024,131434589,2,1,0,18,8,4,0,8,0,0,0,0,1,1,6,1,15,3,-1,-1,-1,-1,5,1,E01010849,0
Unvalidated,2024131434626,2024,131434626,1,9,0,18,1,5,0,6,0,0,0,0,1,1,5,1,31,6,-1,-1,-1,-1,6,1,E01011446,0
Unvalidated,2024131434626,2024,131434626,2,9,0,18,3,7,0,8,0,0,0,0,3,1,2,1,24,5,-1,-1,-1,-1,10,1,E01013377,0
Unvalidated,2024131434657,2024,131434657,1,19,0,-1,-1,-1,-1,0,-1,-1,-1,-1,-1,1,6,3,-1,-1,-1,-1,-1,-1,-1,-1,-1,0
Unvalidated,2024131434657,2024,131434657,2,9,0,3,3,7,0,0,0,0,0,0,2,1,1,2,36,7,-1,-1,-1,-1,3,1,E01011379,0
Unvalidated,2024131434748,2024,131434748,1,9,0,9,3,5,0,1,0,0,0,0,1,1,6,1,58,9,-1,-1,-1,-1,3,1,E01011779,0
Unvalidated,2024131434748,2024,131434748,2,2,0,18,3,7,0,1,0,0,0,0,1,1,6,1,16,4,-1,-1,-1,-1,5,2,E01011765,0
Unvalidated,2024131434772,2024,131434772,1,9,0,18,7,3,0,8,0,0,0,0,1,1,6,1,31,6,-1,-1,-1,-1,5,1,E01011537,0
Unvalidated,2024131434868,2024,131434868,1,9,0,9,5,3,0,1,0,0,0,0,4,1,3,2,57,9,-1,-1,-1,-1,1,1,E01011358,0
Unvalidated,2024131434868,2024,131434868,2,1,0,18,1,5,0,1,0,0,0,0,1,1,2,1,30,6,-1,-1,-1,-1,7,1,E01011652,0
Unvalidated,2024131434876,2024,131434876,1,9,0,7,6,1,0,1,0,0,0,0,4,1,6,3,-1,-1,-1,-1,-1,-1,-1,-1,-1,0
Unvalidated,2024131434876,2024,131434876,2,1,0,18,6,2,0,1,0,0,0,0,0,1,5,1,52,8,-1,-1,-1,-1,10,2,E01032504,0
Unvalidated,2024131434897,2024,131434897,1,9,0,5,0,0,6,0,0,0,0,0,1,1,6,1,34,6,-1,-1,-1,-1,1,2,E01011791,0
Unvalidated,2024131434897,2024,131434897,2,90,0,16,1,5,0,0,0,0,0,0,1,1,5,1,13,3,-1,-1,-1,-1,2,2,E01011771,1
Unvalidated,2024131434954,2024,131434954,1,9,0,-1,-1,-1,-1,0,-1,-1,-1,-1,-1,1,6,3,-1,-1,-1,-1,-1,-1,-1,-1,-1,0
Unvalidated,2024131434955,2024,131434955,1,9,0,18,5,1,0,2,0,0,0,0,4,1,5,1,33,6,-1,-1,-1,-1,3,1,E01011123,0
Unvalidated,2024131434955,2024,131434955,2,9,0,9,5,2,0,2,0,0,0,0,1,1,5,1,49,8,-1,-1,-1,-1,2,1,E01011926,0
Unvalidated,2024131435296,2024,131435296,1,9,0,-1,-1,-1,0,2,-1,-1,-1,-1,-1,1,6,3,-1,-1,-1,-1,-1,-1,-1,-1,-1,0
Unvalidated,2024131435302,2024,131435302,1,9,0,18,7,3,0,0,0,0,0,0,1,1,5,2,38,7,-1,-1,-1,-1,1,1,E01011735,0
Unvalidated,2024131435309,2024,131435309,1,9,0,7,5,1,9,0,0,0,0,0,4,1,2,2,32,6,-1,-1,-1,-1,4,1,E01010675,0
Unvalidated,2024131435309,2024,131435309,2,1,0,18,5,1,9,0,0,0,0,0,1,1,6,1,20,4,-1,-1,-1,-1,3,1,E01010825,0
Unvalidated,2024131435335,2024,131435335,1,9,0,18,1,5,0,0,0,0,0,0,1,1,5,1,77,11,-1,-1,-1,-1,1,1,E01011326,0
Unvalidated,2024131435335,2024,131435335,2,9,0,2,0,0,0,0,0,0,0,0,2,1,6,3,-1,-1,-1,-1,-1,-1,-1,-1,-1,0
Unvalidated,2024131435335,2024,131435335,3,9,0,2,0,0,0,0,0,0,0,0,2,1,6,3,-1,-1,-1,-1,-1,-1,-1,-1,-1,0
Unvalidated,2024131435342,2024,131435342,1,2,0,18,5,8,0,0,0,0,0,0,1,1,6,1,29,6,-1,-1,-1,-1,1,1,E01010723,0
Unvalidated,2024131435349,2024,131435349,1,1,0,12,4,8,0,1,0,0,0,0,1,1,4,1,18,4,-1,-1,-1,-1,9,1,E01011186,0
Unvalidated,2024131435352,2024,131435352,1,9,0,5,1,5,0,0,0,0,0,0,3,1,5,1,35,6,-1,-1,-1,-1,1,1,E01011673,0
Unvalidated,2024131435406,2024,131435406,1,23,0,-1,-1,-1,-1,0,-1,-1,-1,0,-1,1,6,3,-1,-1,-1,-1,-1,-1,-1,-1,-1,0
Unvalidated,2024131435413,2024,131435413,1,9,0,13,4,7,0,2,5,10,0,0,1,1,1,1,38,7,-1,-1,-1,-1,2,1,E01010628,0
Unvalidated,2024131435565,2024,131435565,1,9,0,-1,-1,-1,-1,0,-1,-1,-1,-1,-1,1,6,3,-1,-1,-1,-1,-1,-1,-1,-1,-1,0
Unvalidated,2024131435591,2024,131435591,1,9,0,18,1,5,0,0,0,0,0,0,3,1,1,1,18,4,-1,-1,-1,-1,2,1,E01010806,0
Unvalidated,2024131435591,2024,131435591,2,9,0,4,1,5,0,0,0,0,0,0,2,1,1,2,49,8,-1,-1,-1,-1,5,1,E01010783,0
Unvalidated,2024131435623,2024,131435623,1,9,0,-1,-1,-1,-1,-1,-1,-1,-1,0,-1,1,6,3,-1,-1,-1,-1,-1,-1,-1,-1,-1,0
Unvalidated,2024131435623,2024,131435623,2,9,0,2,1,5,0,2,0,0,0,0,4,1,6,3,-1,-1,-1,-1,-1,-1,-1,-1,-1,0
Unvalidated,2024131435628,2024,131435628,1,9,0,18,7,3,0,0,0,0,0,0,4,1,6,1,73,10,-1,-1,-1,-1,5,1,E01011793,0
Unvalidated,2024131435637,2024,131435637,1,9,0,18,5,1,0,1,0,0,0,0,1,1,1,1,35,6,-1,-1,-1,-1,1,1,E01011624,0
Unvalidated,2024131435637,2024,131435637,2,90,0,18,2,6,0,6,1,0,0,0,4,1,5,2,18,4,-1,-1,-1,-1,1,1,E01011295,0
Unvalidated,2024131435645,2024,131435645,1,21,0,-1,-1,-1,-1,0,-1,-1,-1,-1,-1,1,6,3,-1,-1,-1,-1,-1,-1,-1,-1,-1,0
Unvalidated,2024131435645,2024,131435645,2,9,0,5,2,6,0,0,0,0,0,0,2,1,5,2,32,6,-1,-1,-1,-1,2,1,E01010804,0
Unvalidated,2024131435660,2024,131435660,1,97,0,-1,-1,-1,0,3,-1,0,0,0,4,1,6,3,-1,-1,-1,-1,-1,-1,-1,-1,-1,0
Unvalidated,2024131435715,2024,131435715,1,9,0,5,5,3,0,0,0,0,0,0,0,1,1,1,46,8,-1,-1,-1,-1,1,1,E01011372,0
Unvalidated,2024131435723,2024,131435723,1,9,0,7,5,3,0,5,0,0,0,0,4,1,5,2,37,7,-1,-1,-1,-1,7,1,E01011524,0
Unvalidated,2024131435723,2024,131435723,2,11,0,18,5,1,0,8,0,0,0,0,1,1,1,2,50,8,-1,-1,-1,-1,4,2,E01011499,0
Unvalidated,2024131435724,2024,131435724,1,9,0,18,8,4,0,8,1,0,1,0,1,1,6,3,-1,-1,-1,-1,-1,-1,-1,-1,-1,0
Unvalidated,2024131435724,2024,131435724,2,9,0,2,4,8,0,8,0,0,0,0,2,1,1,1,51,8,-1,-1,-1,-1,1,1,E01011366,0
Unvalidated,2024131435729,2024,131435729,1,9,0,18,5,1,0,8,0,0,1,2,3,1,5,1,20,4,-1,-1,-1,-1,2,1,E01011809,0
Unvalidated,2024131435764,2024,131435764,1,5,0,18,1,7,0,3,0,0,0,0,4,1,5,1,50,8,-1,-1,-1,-1,2,1,E01011282,0
Unvalidated,2024131435764,2024,131435764,2,9,0,5,5,1,0,4,0,0,0,0,1,1,5,2,29,6,-1,-1,-1,-1,1,1,E01011739,0
Unvalidated,2024131435766,2024,131435766,1,9,0,9,2,8,0,8,0,0,0,0,4,1,2,2,22,5,-1,-1,-1,-1,1,1,E01010872,0
Unvalidated,2024131435766,2024,131435766,2,1,0,18,6,2,0,1,2,0,0,0,1,1,2,1,53,8,-1,-1,-1,-1,2,1,E01011250,0
Unvalidated,2024131435773,2024,131435773,1,9,0,18,1,1,0,1,0,0,0,0,1,1,6,2,26,6,-1,-1,-1,-1,9,1,E01011522,0
Unvalidated,2024131435773,2024,131435773,2,23,0,16,8,4,0,2,0,0,0,0,1,1,6,1,32,6,-1,-1,-1,-1,-1,-1,-1,0
Unvalidated,2024131435969,2024,131435969,1,9,0,-1,-1,-1,-1,0,-1,-1,-1,-1,-1,1,6,3,-1,-1,-1,-1,-1,-1,-1,-1,-1,0
Unvalidated,2024131435969,2024,131435969,2,9,0,18,2,6,0,0,0,0,0,0,3,1,6,2,34,6,-1,-1,-1,-1,5,1,E01011629,0
Unvalidated,2024131436134,2024,131436134,1,9,0,18,1,1,0,1,0,0,0,0,4,1,5,1,30,6,-1,-1,-1,-1,7,1,E01011642,0
Unvalidated,2024131436134,2024,131436134,2,9,0,9,7,5,0,1,0,0,0,0,1,1,5,1,61,9,-1,-1,-1,-1,8,1,E01011716,0
Unvalidated,2024131436134,2024,131436134,3,9,0,18,3,3,0,1,0,0,0,0,1,1,5,2,43,7,-1,-1,-1,-1,10,1,E01011516,0
Unvalidated,2024131436173,2024,131436173,1,9,0,-1,-1,-1,-1,0,-1,-1,-1,-1,-1,1,6,3,-1,-1,-1,-1,-1,-1,-1,-1,-1,0
Unvalidated,2024131436173,2024,131436173,2,1,0,18,4,8,0,0,0,0,0,0,0,1,2,1,28,6,-1,-1,-1,-1,7,1,E01011053,0
Unvalidated,2024131436221,2024,131436221,1,9,0,5,7,3,0,1,0,0,0,0,0,1,2,2,34,6,-1,-1,-1,-1,1,1,E01011339,0
Unvalidated,2024131436221,2024,131436221,2,1,0,18,1,5,0,8,0,0,0,0,0,1,6,1,-1,-1,-1,-1,-1,-1,1,1,E01011433,0
Unvalidated,2024131436229,2024,131436229,1,9,0,18,3,7,0,8,0,0,0,0,1,1,3,2,34,6,-1,-1,-1,-1,8,1,E01010709,0
Unvalidated,2024131436252,2024,131436252,1,9,0,18,4,8,0,0,1,0,7,0,-1,1,6,1,23,5,-1,-1,-1,-1,7,1,E01011068,0
Unvalidated,2024131436252,2024,131436252,2,9,0,18,8,4,0,0,0,0,0,0,3,1,6,1,50,8,-1,-1,-1,-1,3,1,E01011260,0
Unvalidated,2024131436252,2024,131436252,3,9,0,18,8,4,0,0,0,0,1,0,3,1,1,1,28,6,-1,-1,-1,-1,1,1,E01010606,0
Unvalidated,2024131436258,2024,131436258,1,9,0,18,3,7,0,0,0,0,2,0,3,1,5,2,28,6,-1,-1,-1,-1,7,1,E01032490,0
Unvalidated,2024131436258,2024,131436258,2,9,0,17,6,1,0,0,0,0,0,0,1,1,5,1,35,6,-1,-1,-1,-1,9,1,E01011945,0
Unvalidated,2024131436382,2024,131436382,1,9,0,12,7,3,0,0,1,0,0,0,3,1,6,2,28,6,-1,-1,-1,-1,4,1,E01005877,0
Unvalidated,2024131436382,2024,131436382,2,19,0,18,7,3,0,0,0,0,0,0,4,1,1,1,29,6,-1,-1,-1,-1,7,1,E01028116,0
Unvalidated,2024131436382,2024,131436382,3,9,0,18,7,3,0,0,0,0,0,0,2,1,2,1,56,9,-1,-1,-1,-1,1,1,E01005564,0
Unvalidated,2024131436383,2024,131436383,1,9,0,16,3,7,0,1,0,0,0,0,1,1,5,2,44,7,-1,-1,-1,-1,8,1,E01011694,0
Unvalidated,2024131436424,2024,131436424,1,11,0,-1,-1,-1,-1,0,-1,-1,-1,-1,-1,1,6,3,-1,-1,-1,-1,-1,-1,-1,-1,-1,0
Unvalidated,2024131436435,2024,131436435,1,19,0,-1,-1,-1,-1,-1,-1,-1,-1,-1,-1,1,6,3,-1,-1,-1,-1,-1,-1,-1,-1,-1,0
Unvalidated,2024131436435,2024,131436435,2,9,0,8,1,1,0,1,0,0,0,0,2,1,6,1,32,6,-1,-1,-1,-1,4,1,E01011462,0
Unvalidated,2024131436444,2024,131436444,1,9,0,-1,-1,-1,-1,0,-1,-1,-1,-1,-1,1,6,3,-1,-1,-1,-1,-1,-1,-1,-1,-1,0
Unvalidated,2024131436509,2024,131436509,1,1,0,-1,-1,-1,-1,1,-1,-1,-1,-1,-1,1,6,3,-1,-1,-1,-1,-1,-1,-1,-1,-1,0
Unvalidated,2024131436509,2024,131436509,2,9,0,5,5,1,0,8,0,0,0,0,3,1,5,1,27,6,-1,-1,-1,-1,4,1,E01011314,0
Unvalidated,2024131436531,2024,131436531,1,9,0,12,5,1,0,0,0,0,0,0,-1,1,6,3,-1,-1,-1,-1,-1,-1,-1,-1,-1,0
Unvalidated,2024131436531,2024,131436531,2,9,0,12,5,1,0,0,0,0,0,0,3,1,2,1,45,7,-1,-1,-1,-1,1,1,E01011729,0
Unvalidated,2024131436531,2024,131436531,3,9,0,18,5,1,0,0,5,0,0,0,4,1,5,1,30,6,-1,-1,-1,-1,4,1,E01011908,0
Unvalidated,2024131436580,2024,131436580,1,97,0,-1,-1,-1,-1,0,-1,-1,-1,0,-1,1,6,3,-1,-1,-1,-1,-1,-1,-1,-1,-1,0
Unvalidated,2024131436676,2024,131436676,1,9,0,-1,-1,-1,-1,-1,-1,-1,-1,-1,-1,1,6,3,-1,-1,-1,-1,-1,-1,-1,-1,-1,0
Unvalidated,2024131436685,2024,131436685,1,9,0,18,7,5,0,1,0,0,0,0,1,1,5,1,51,8,-1,-1,-1,-1,3,1,E01010752,0
Unvalidated,2024131436700,2024,131436700,1,90,0,-1,-1,-1,-1,-1,-1,-1,-1,-1,-1,1,6,3,-1,-1,-1,-1,-1,-1,-1,-1,-1,0
Unvalidated,2024131436700,2024,131436700,2,9,0,-1,-1,-1,-1,-1,-1,-1,-1,-1,-1,1,6,3,-1,-1,-1,-1,-1,-1,-1,-1,-1,0
Unvalidated,2024131436700,2024,131436700,3,1,0,10,3,1,0,1,0,0,0,0,1,1,6,1,52,8,-1,-1,-1,-1,2,1,E01032502,0
Unvalidated,2024131436717,2024,131436717,1,9,0,-1,-1,-1,-1,-1,-1,-1,-1,0,-1,1,6,3,-1,-1,-1,-1,-1,-1,-1,-1,-1,0
Unvalidated,2024131436717,2024,131436717,2,9,0,18,3,7,0,2,0,0,0,0,3,1,6,1,40,7,-1,-1,-1,-1,4,1,E01010669,0
Unvalidated,2024131436739,2024,131436739,1,9,0,18,-1,-1,0,8,0,-1,0,0,-1,1,6,3,-1,-1,-1,-1,-1,-1,-1,-1,-1,0
Unvalidated,2024131436739,2024,131436739,2,5,0,18,4,8,0,8,0,0,0,0,4,1,6,1,67,10,-1,-1,-1,-1,1,1,E01010868,0
Unvalidated,2024131436761,2024,131436761,1,9,0,18,6,2,0,0,2,0,1,4,4,1,6,1,21,5,-1,-1,-1,-1,-1,1,-1,0
Unvalidated,2024131436772,2024,131436772,1,9,0,18,5,1,9,0,0,0,1,0,1,1,5,1,52,8,-1,-1,-1,-1,1,1,E01011746,0
Unvalidated,2024131436775,2024,131436775,1,9,0,18,1,3,0,1,0,0,6,0,1,1,6,1,58,9,-1,-1,-1,-1,6,3,E01010957,0
Unvalidated,2024131436775,2024,131436775,2,9,0,18,3,1,0,1,0,0,0,0,4,1,5,1,28,6,-1,-1,-1,-1,1,1,E01010843,0