status,collision_index,collision_year,collision_reference,vehicle_reference,vehicle_type,towing_and_articulation,vehicle_manoeuvre,vehicle_direction_from,vehicle_direction_to,vehicle_location_restricted_lane,junction_location,skidding_and_overturning,hit_object_in_carriageway,vehicle_leaving_carriageway,hit_object_off_carriageway,first_point_of_impact,vehicle_left_hand_drive,journey_purpose_of_driver,sex_of_driver,age_of_driver,age_band_of_driver,engine_capacity_cc,propulsion_code,age_of_vehicle,generic_make_model,driver_imd_decile,driver_home_area_type,lsoa_of_driver,escooter_flag
Unvalidated,2024131436787,2024,131436787,1,9,0,15,4,7,0,1,0,4,0,0,1,1,1,1,41,7,-1,-1,-1,-1,1,1,E01010620,0
Unvalidated,2024131436787,2024,131436787,2,21,0,2,0,0,0,1,0,0,0,0,2,1,6,3,-1,-1,-1,-1,-1,-1,-1,-1,-1,0
Unvalidated,2024131436795,2024,131436795,1,9,0,12,7,3,0,8,0,0,0,0,3,1,5,1,35,6,-1,-1,-1,-1,1,1,E01010782,0
Unvalidated,2024131436795,2024,131436795,2,9,0,18,7,3,0,8,0,0,0,0,4,1,6,2,35,6,-1,-1,-1,-1,3,1,E01010571,0
Unvalidated,2024131437011,2024,131437011,1,90,0,18,3,7,0,8,0,0,0,0,3,1,5,1,23,5,-1,-1,-1,-1,5,2,E01011883,0
Unvalidated,2024131437011,2024,131437011,2,9,0,4,1,5,0,1,0,0,0,0,1,1,5,1,32,6,-1,-1,-1,-1,6,1,E01011440,0
Unvalidated,2024131437107,2024,131437107,1,9,0,18,3,7,0,0,0,0,0,0,1,1,6,1,41,7,-1,-1,-1,-1,2,2,E01011854,0
Unvalidated,2024131437107,2024,131437107,2,9,0,2,0,0,0,0,0,0,0,0,4,1,5,2,64,9,-1,-1,-1,-1,4,2,E01011858,0
Unvalidated,2024131437142,2024,131437142,1,9,0,-1,-1,-1,-1,-1,-1,-1,-1,-1,-1,1,6,3,-1,-1,-1,-1,-1,-1,-1,-1,-1,0
Unvalidated,2024131437142,2024,131437142,2,8,0,-1,-1,-1,-1,-1,-1,-1,-1,-1,-1,1,6,3,-1,-1,-1,-1,-1,-1,-1,-1,-1,0
Unvalidated,2024131437169,2024,131437169,1,9,0,18,1,5,0,3,0,0,8,7,1,1,2,1,62,9,-1,-1,-1,-1,3,1,E01010747,0
Unvalidated,2024131437169,2024,131437169,2,9,0,2,0,0,0,7,0,0,0,0,1,1,6,3,-1,-1,-1,-1,-1,-1,-1,-1,-1,0
Unvalidated,2024131437208,2024,131437208,1,9,0,18,1,5,0,1,2,7,1,1,1,1,5,1,18,4,-1,-1,-1,-1,3,1,E01010871,0
Unvalidated,2024131437373,2024,131437373,1,9,0,7,5,7,0,0,0,0,0,0,1,1,6,1,53,8,-1,-1,-1,-1,2,1,E01011030,0
Unvalidated,2024131437373,2024,131437373,2,23,0,18,7,3,0,0,0,0,0,0,1,1,6,1,30,6,-1,-1,-1,-1,3,1,E01011139,0
Unvalidated,2024131437584,2024,131437584,1,9,0,1,3,1,0,8,0,0,0,0,2,1,5,1,58,9,-1,-1,-1,-1,5,1,E01010849,0
Unvalidated,2024131437609,2024,131437609,1,9,0,5,5,1,0,2,0,0,0,0,3,1,5,1,25,5,-1,-1,-1,-1,2,1,E01010628,0
Unvalidated,2024131437609,2024,131437609,2,1,0,18,3,7,0,1,0,0,0,0,1,1,5,2,12,3,-1,-1,-1,-1,1,1,E01010632,0
Unvalidated,2024131437646,2024,131437646,1,1,0,18,3,7,0,1,0,0,0,0,4,1,1,1,29,6,-1,-1,-1,-1,2,1,E01011424,0
Unvalidated,2024131437646,2024,131437646,2,8,0,18,5,1,0,8,0,0,0,0,1,1,1,1,52,8,-1,-1,-1,-1,4,1,E01011489,0
Unvalidated,2024131437658,2024,131437658,1,9,0,7,3,7,0,0,1,0,7,1,1,1,5,2,22,5,-1,-1,-1,-1,3,1,E01011315,0
Unvalidated,2024131437658,2024,131437658,2,9,0,18,3,7,0,0,0,0,0,0,0,1,1,1,33,6,-1,-1,-1,-1,6,3,E01011885,0
Unvalidated,2024131437921,2024,131437921,1,9,0,-1,-1,-1,-1,-1,-1,-1,-1,-1,-1,1,6,3,-1,-1,-1,-1,-1,-1,-1,-1,-1,0
Unvalidated,2024131437925,2024,131437925,1,9,0,18,7,3,1,1,0,0,0,0,4,1,2,2,39,7,-1,-1,-1,-1,3,1,E01011608,0
Unvalidated,2024131437942,2024,131437942,1,9,0,18,5,7,0,4,0,0,0,0,3,1,2,2,37,7,-1,-1,-1,-1,4,1,E01007329,0
Unvalidated,2024131437942,2024,131437942,2,4,0,18,7,3,0,3,1,0,0,0,1,1,6,1,69,10,-1,-1,-1,-1,7,1,E01011893,0
Unvalidated,2024131437989,2024,131437989,1,9,0,18,3,7,0,2,0,0,0,0,1,1,2,2,25,5,-1,-1,-1,-1,1,1,E01010814,0
Unvalidated,2024131437989,2024,131437989,2,20,0,9,7,3,0,5,0,0,0,0,3,1,6,1,39,7,-1,-1,-1,-1,1,1,E01011134,0
Unvalidated,2024131438014,2024,131438014,1,9,0,17,5,1,0,0,0,0,0,0,3,1,5,1,23,5,-1,-1,-1,-1,2,1,E01011000,0
Unvalidated,2024131438014,2024,131438014,2,19,0,16,5,1,0,0,0,0,0,0,3,1,6,3,-1,-1,-1,-1,-1,-1,-1,-1,-1,0
Unvalidated,2024131438019,2024,131438019,1,9,0,18,1,5,0,1,0,0,0,0,1,1,2,1,45,7,-1,-1,-1,-1,6,1,E01011264,0
Unvalidated,2024131438019,2024,131438019,2,9,0,18,1,2,0,1,0,0,0,0,4,1,5,1,20,4,-1,-1,-1,-1,1,1,E01010733,0
Unvalidated,2024131438021,2024,131438021,1,9,0,18,5,1,0,8,0,0,0,0,1,1,5,1,52,8,-1,-1,-1,-1,8,3,E01027694,0
Unvalidated,2024131438021,2024,131438021,2,9,0,18,3,7,0,8,0,0,0,0,4,1,5,2,39,7,-1,-1,-1,-1,2,1,E01010728,0
Unvalidated,2024131438028,2024,131438028,1,9,0,9,7,1,0,8,0,0,0,0,1,1,5,1,44,7,-1,-1,-1,-1,6,1,E01032946,0
Unvalidated,2024131438028,2024,131438028,2,1,0,18,7,3,0,8,0,0,0,0,1,1,6,1,30,6,-1,-1,-1,-1,-1,-1,-1,0
Unvalidated,2024131438056,2024,131438056,1,9,0,2,0,0,0,1,0,0,0,0,1,1,6,3,-1,-1,-1,-1,-1,-1,-1,-1,-1,0
Unvalidated,2024131438056,2024,131438056,2,9,0,2,0,0,0,1,0,0,0,0,3,1,6,3,-1,-1,-1,-1,-1,-1,-1,-1,-1,0
Unvalidated,2024131438056,2024,131438056,3,9,0,18,1,5,0,1,0,0,0,0,1,1,5,1,56,9,-1,-1,-1,-1,6,1,E01010786,0
Unvalidated,2024131438248,2024,131438248,1,11,0,-1,-1,-1,-1,0,-1,-1,-1,-1,-1,1,6,3,-1,-1,-1,-1,-1,-1,-1,-1,-1,0
Unvalidated,2024131438248,2024,131438248,2,9,0,2,0,0,0,0,0,0,0,0,3,1,6,3,-1,-1,-1,-1,-1,-1,-1,-1,-1,0
Unvalidated,2024131438256,2024,131438256,1,9,0,17,1,5,0,0,5,0,0,0,1,1,2,2,59,9,-1,-1,-1,-1,1,1,E01011906,0
Unvalidated,2024131438256,2024,131438256,2,9,0,2,0,0,0,0,0,0,0,0,3,1,6,3,-1,-1,-1,-1,-1,-1,-1,-1,-1,0
Unvalidated,2024131438271,2024,131438271,1,8,0,4,-1,-1,9,1,0,0,-1,-1,-1,1,6,3,-1,-1,-1,-1,-1,-1,-1,-1,-1,0
Unvalidated,2024131438296,2024,131438296,1,9,0,11,6,2,0,0,0,0,0,0,4,1,6,3,-1,-1,-1,-1,-1,-1,-1,-1,-1,0
Unvalidated,2024131438296,2024,131438296,2,9,0,18,6,2,0,0,0,0,0,0,3,1,5,2,27,6,-1,-1,-1,-1,2,2,E01011771,0
Unvalidated,2024131438322,2024,131438322,1,9,0,9,7,5,0,0,0,0,0,0,1,1,5,1,85,11,-1,-1,-1,-1,6,1,E01010909,0
Unvalidated,2024131438409,2024,131438409,1,9,0,7,5,3,0,1,0,0,0,0,1,1,6,1,36,7,-1,-1,-1,-1,3,1,E01010835,0
Unvalidated,2024131438423,2024,131438423,1,98,0,15,6,2,0,0,0,0,0,0,4,1,6,3,-1,-1,-1,-1,-1,-1,-1,-1,-1,0
Unvalidated,2024131438423,2024,131438423,2,9,0,16,6,2,0,0,0,0,1,0,3,1,5,2,43,7,-1,-1,-1,-1,1,1,E01011144,0
Unvalidated,2024131438436,2024,131438436,1,9,0,9,0,0,0,8,0,0,0,0,1,1,3,2,31,6,-1,-1,-1,-1,4,1,E01010591,0
Unvalidated,2024131438436,2024,131438436,2,9,0,18,1,1,0,8,0,0,0,0,1,1,2,1,48,8,-1,-1,-1,-1,1,1,E01010730,0
Unvalidated,2024131438453,2024,131438453,1,9,0,18,7,3,0,0,0,0,0,0,4,1,5,2,59,9,-1,-1,-1,-1,2,1,E01011262,0
Unvalidated,2024131438473,2024,131438473,1,9,0,18,8,2,0,0,0,0,0,0,1,1,5,2,47,8,-1,-1,-1,-1,2,1,E01011082,0
Unvalidated,2024131438476,2024,131438476,1,9,0,18,3,7,0,8,0,0,0,0,3,1,1,1,40,7,-1,-1,-1,-1,1,1,E01011101,0
Unvalidated,2024131438494,2024,131438494,1,9,0,9,3,7,0,1,0,0,0,0,1,1,5,2,27,6,-1,-1,-1,-1,5,2,E01011765,0
Unvalidated,2024131438494,2024,131438494,2,22,0,18,7,3,0,1,0,0,0,0,3,1,6,1,34,6,-1,-1,-1,-1,2,2,E01011785,0
Unvalidated,2024131438512,2024,131438512,1,11,0,18,5,1,3,0,5,0,0,0,4,1,1,1,53,8,-1,-1,-1,-1,3,1,E01010662,0
Unvalidated,2024131438521,2024,131438521,1,9,0,7,3,5,0,1,0,0,0,0,3,1,5,1,60,9,-1,-1,-1,-1,5,1,E01011933,0
Unvalidated,2024131438521,2024,131438521,2,9,0,18,1,5,0,1,0,0,0,0,4,1,2,2,50,8,-1,-1,-1,-1,1,1,E01007779,0
Unvalidated,2024131438667,2024,131438667,1,9,0,16,3,7,0,2,0,0,0,0,4,1,5,1,36,7,-1,-1,-1,-1,1,1,E01011662,0
Unvalidated,2024131438667,2024,131438667,2,1,0,16,5,7,0,6,0,0,0,0,4,1,6,1,30,6,-1,-1,-1,-1,3,1,E01011488,0
Unvalidated,2024131438804,2024,131438804,1,9,0,13,6,2,0,1,0,0,0,0,1,1,6,3,-1,-1,-1,-1,-1,-1,-1,-1,-1,0
Unvalidated,2024131438804,2024,131438804,2,9,0,18,2,6,0,2,0,0,0,0,1,1,1,1,51,8,-1,-1,-1,-1,1,1,E01011360,0
Unvalidated,2024131438804,2024,131438804,3,9,0,18,6,2,0,1,0,0,0,0,3,1,6,2,30,6,-1,-1,-1,-1,1,1,E01011340,0
Unvalidated,2024131438804,2024,131438804,4,9,0,2,0,0,0,2,0,0,0,0,3,1,6,3,-1,-1,-1,-1,-1,-1,-1,-1,-1,0
Unvalidated,2024131438804,2024,131438804,5,9,0,18,6,2,0,1,0,0,0,0,0,1,1,1,31,6,-1,-1,-1,-1,6,3,E01011885,0
Unvalidated,2024131438830,2024,131438830,1,5,0,5,3,7,0,4,1,0,0,0,3,1,5,1,53,8,-1,-1,-1,-1,3,1,E01011123,0
Unvalidated,2024131438837,2024,131438837,1,9,0,18,3,7,0,0,0,0,1,4,1,1,3,2,33,6,-1,-1,-1,-1,2,1,E01010619,0
Unvalidated,2024131438842,2024,131438842,1,9,0,11,3,7,0,8,0,0,0,0,4,1,6,3,-1,-1,-1,-1,-1,-1,-1,-1,-1,0
Unvalidated,2024131438842,2024,131438842,2,5,0,17,7,3,0,8,2,0,0,0,1,1,5,1,25,5,-1,-1,-1,-1,1,1,E01008485,0
Unvalidated,2024131438855,2024,131438855,1,9,0,5,1,5,0,8,1,0,0,0,3,1,5,2,28,6,-1,-1,-1,-1,10,2,E01013093,0
Unvalidated,2024131438855,2024,131438855,2,9,0,-1,-1,-1,-1,8,-1,-1,-1,-1,1,1,6,3,-1,-1,-1,-1,-1,-1,-1,-1,-1,0
Unvalidated,2024131438862,2024,131438862,1,9,0,18,7,3,0,8,0,0,0,0,1,1,6,2,67,10,-1,-1,-1,-1,9,2,E01010769,0
Unvalidated,2024131438862,2024,131438862,2,19,0,18,5,1,0,6,0,0,0,0,1,1,6,1,52,8,-1,-1,-1,-1,8,1,E01011520,0
Unvalidated,2024131438886,2024,131438886,1,9,0,18,1,5,0,0,5,0,0,0,1,1,2,1,21,5,-1,-1,-1,-1,6,3,E01010590,0
Unvalidated,2024131438925,2024,131438925,1,9,0,18,1,5,0,3,0,0,0,0,1,1,5,2,27,6,-1,-1,-1,-1,9,2,E01010647,0
Unvalidated,2024131438925,2024,131438925,2,9,0,18,1,5,0,6,0,0,0,0,3,1,5,2,50,8,-1,-1,-1,-1,1,1,E01010723,0
Unvalidated,2024131438986,2024,131438986,1,1,0,18,1,5,0,8,0,0,0,0,1,1,5,1,16,4,-1,-1,-1,-1,7,1,E01010587,0
Unvalidated,2024131438986,2024,131438986,2,9,0,18,5,1,0,8,0,0,0,0,1,1,5,1,22,5,-1,-1,-1,-1,5,1,E01033695,0
Unvalidated,2024131438992,2024,131438992,1,9,0,18,3,7,0,8,0,0,0,0,1,1,6,3,-1,-1,-1,-1,-1,-1,-1,-1,-1,0
Unvalidated,2024131438992,2024,131438992,2,9,0,18,1,5,0,8,0,0,7,0,4,1,5,1,72,10,-1,-1,-1,-1,8,1,E01011397,0
Unvalidated,2024131439031,2024,131439031,1,9,0,-1,-1,-1,-1,-1,-1,-1,-1,-1,-1,1,6,3,1,1,-1,-1,-1,-1,-1,-1,-1,0
Unvalidated,2024131439099,2024,131439099,1,9,0,-1,-1,-1,-1,0,-1,-1,-1,-1,-1,1,6,3,-1,-1,-1,-1,-1,-1,-1,-1,-1,0
Unvalidated,2024131439099,2024,131439099,2,9,0,18,8,4,0,0,0,0,0,0,4,1,6,1,84,11,-1,-1,-1,-1,3,1,E01010761,0
Unvalidated,2024131439110,2024,131439110,1,9,0,18,1,5,0,1,1,0,0,0,4,1,6,3,-1,-1,-1,-1,-1,-1,-1,-1,-1,0
Unvalidated,2024131439110,2024,131439110,2,98,0,3,0,0,0,1,0,0,0,0,2,1,1,1,35,6,-1,-1,-1,-1,4,1,E01011208,0
Unvalidated,2024131439127,2024,131439127,1,9,0,18,5,1,0,1,0,0,0,0,3,1,6,3,-1,-1,-1,-1,-1,-1,-1,-1,-1,0
Unvalidated,2024131439147,2024,131439147,1,9,0,-1,-1,-1,-1,8,-1,-1,-1,0,-1,1,6,3,-1,-1,-1,-1,-1,-1,-1,-1,-1,0
Unvalidated,2024131439147,2024,131439147,2,9,0,18,1,1,0,8,0,0,0,0,3,1,5,3,44,7,-1,-1,-1,-1,2,1,E01010628,0
Unvalidated,2024131439165,2024,131439165,1,9,0,7,3,7,0,3,0,0,1,0,4,1,6,1,48,8,-1,-1,-1,-1,1,1,E01010609,0
Unvalidated,2024131439165,2024,131439165,2,9,0,5,5,1,0,4,0,0,0,0,1,1,5,2,37,7,-1,-1,-1,-1,1,1,E01010782,0
Unvalidated,2024131439205,2024,131439205,1,9,0,18,1,5,0,2,0,0,0,0,1,1,3,1,62,9,-1,-1,-1,-1,4,1,E01011909,0
Unvalidated,2024131439208,2024,131439208,1,3,0,17,3,3,0,8,0,0,0,0,1,1,5,1,19,4,-1,-1,-1,-1,4,1,E01011073,0
Unvalidated,2024131439221,2024,131439221,1,9,0,6,5,1,0,0,0,0,0,0,1,1,6,3,-1,-1,-1,-1,-1,-1,-1,-1,-1,0
Unvalidated,2024131439221,2024,131439221,2,10,0,18,5,1,0,0,0,0,0,0,4,1,1,1,44,7,-1,-1,-1,-1,2,1,E01011232,0
Unvalidated,2024131439246,2024,131439246,1,9,0,9,1,3,0,8,0,0,0,0,4,1,5,2,47,8,-1,-1,-1,-1,7,1,E01032496,0
Unvalidated,2024131439246,2024,131439246,2,3,0,18,5,5,0,8,0,0,0,0,1,1,5,1,28,6,-1,-1,-1,-1,6,1,E01011299,0
Unvalidated,2024131439264,2024,131439264,1,11,0,18,7,7,0,0,0,0,0,0,1,1,6,3,-1,-1,-1,-1,-1,-1,-1,-1,-1,0
Unvalidated,2024131439264,2024,131439264,2,9,0,10,5,3,0,0,0,0,0,0,1,1,5,2,28,6,-1,-1,-1,-1,1,1,E01012656,0
Unvalidated,2024131439303,2024,131439303,1,9,0,17,5,1,0,0,5,10,7,1,3,1,5,1,21,5,-1,-1,-1,-1,3,1,E01011137,0
Unvalidated,2024131439303,2024,131439303,2,9,0,2,0,0,9,0,0,0,0,0,3,1,6,3,-1,-1,-1,-1,-1,-1,-1,-1,-1,0
Unvalidated,2024131439320,2024,131439320,1,9,0,9,4,8,0,1,0,0,0,0,1,1,5,2,34,6,-1,-1,-1,-1,1,1,E01011003,0
Unvalidated,2024131439320,2024,131439320,2,9,0,18,2,6,0,1,0,0,0,0,0,1,6,1,35,6,-1,-1,-1,-1,4,1,E01011597,0
Unvalidated,2024131439320,2024,131439320,3,9,0,2,0,0,0,1,0,0,0,0,0,1,6,3,-1,-1,-1,-1,-1,-1,-1,-1,-1,0
Unvalidated,2024131439347,2024,131439347,1,5,0,18,5,1,0,0,1,0,0,0,4,1,5,2,34,6,-1,-1,-1,-1,4,2,E01010919,0
Unvalidated,2024131439420,2024,131439420,1,9,0,18,4,1,0,1,0,0,0,0,1,1,6,3,-1,-1,-1,-1,-1,-1,-1,-1,-1,0
Unvalidated,2024131439420,2024,131439420,2,9,0,18,5,6,0,8,0,0,0,0,4,1,6,2,50,8,-1,-1,-1,-1,5,1,E01033019,0
Unvalidated,2024131439420,2024,131439420,3,9,0,18,4,1,0,1,0,0,0,0,0,1,1,1,-1,-1,-1,-1,-1,-1,-1,-1,-1,0
Unvalidated,2024131439463,2024,131439463,1,9,0,18,5,5,0,0,0,0,0,0,1,1,5,1,80,11,-1,-1,-1,-1,7,1,E01011873,0
Unvalidated,2024131439463,2024,131439463,2,9,0,2,0,0,0,0,0,0,0,0,2,1,6,3,-1,-1,-1,-1,-1,-1,-1,-1,-1,0
Unvalidated,2024131439470,2024,131439470,1,9,0,9,5,6,0,2,0,0,0,0,3,1,6,1,19,4,-1,-1,-1,-1,3,1,E01011907,0
Unvalidated,2024131439517,2024,131439517,1,9,0,18,5,1,0,8,0,0,0,0,1,1,6,3,-1,-1,-1,-1,-1,-1,-1,-1,-1,0
Unvalidated,2024131439517,2024,131439517,2,9,0,2,0,0,0,8,0,0,7,11,1,1,6,3,-1,-1,-1,-1,-1,-1,-1,-1,-1,0
Unvalidated,2024131439567,2024,131439567,1,9,0,-1,-1,-1,-1,-1,-1,-1,-1,0,-1,1,6,3,-1,-1,-1,-1,-1,-1,-1,-1,-1,0
Unvalidated,2024131439567,2024,131439567,2,9,0,18,6,2,0,8,0,0,0,0,2,1,6,1,24,5,-1,-1,-1,-1,6,1,E01011026,0
Unvalidated,2024131439568,2024,131439568,1,9,0,18,5,1,0,0,0,0,0,0,1,1,6,1,35,6,-1,-1,-1,-1,1,1,E01011349,0
Unvalidated,2024131439568,2024,131439568,2,9,0,18,5,1,0,0,5,0,0,0,3,1,5,1,64,9,-1,-1,-1,-1,2,1,E01019565,0
Unvalidated,2024131439576,2024,131439576,1,9,0,18,2,5,0,0,0,0,7,0,1,1,4,2,35,6,-1,-1,-1,-1,9,2,E01027917,0
Unvalidated,2024131439578,2024,131439578,1,9,0,18,1,5,0,0,0,0,0,0,1,1,6,3,-1,-1,-1,-1,-1,-1,-1,-1,-1,0
Unvalidated,2024131439578,2024,131439578,2,9,0,3,0,0,0,0,0,0,0,0,2,1,6,2,43,7,-1,-1,-1,-1,7,1,E01011873,0
Unvalidated,2024131439597,2024,131439597,1,9,0,18,7,3,0,1,0,0,0,0,1,1,5,2,60,9,-1,-1,-1,-1,7,1,E01011828,0
Unvalidated,2024131439597,2024,131439597,2,9,0,7,7,3,0,1,0,0,0,0,4,1,5,1,57,9,-1,-1,-1,-1,5,1,E01033685,0
Unvalidated,2024131439601,2024,131439601,1,9,0,5,3,3,0,8,0,0,0,0,3,1,5,1,18,4,-1,-1,-1,-1,3,1,E01011085,0
Unvalidated,2024131439616,2024,131439616,1,9,0,7,2,3,0,8,0,0,0,0,2,1,5,1,74,10,-1,-1,-1,-1,5,1,E01011731,0
Unvalidated,2024131439616,2024,131439616,2,9,0,18,2,6,0,8,0,0,0,0,4,1,5,1,32,6,-1,-1,-1,-1,1,1,E01011723,0
Unvalidated,2024131439625,2024,131439625,1,9,0,2,7,3,0,8,0,0,0,0,2,1,1,1,60,9,-1,-1,-1,-1,3,1,E01010846,0
Unvalidated,2024131439625,2024,131439625,2,9,0,2,0,0,0,8,0,0,0,0,1,1,1,1,42,7,-1,-1,-1,-1,3,1,E01010835,0
Unvalidated,2024131439729,2024,131439729,1,9,0,-1,-1,-1,-1,-1,-1,-1,-1,0,-1,1,6,3,-1,-1,-1,-1,-1,-1,-1,-1,-1,0
Unvalidated,2024131439729,2024,131439729,2,9,0,5,5,1,0,1,0,0,0,0,4,1,5,1,44,7,-1,-1,-1,-1,1,1,E01011864,0
Unvalidated,2024131439742,2024,131439742,1,9,0,4,6,2,0,0,0,0,0,0,2,2,5,2,43,7,-1,-1,-1,-1,9,1,E01010574,0
Unvalidated,2024131439742,2024,131439742,2,9,0,7,5,8,0,0,0,0,0,0,3,2,6,1,50,8,-1,-1,-1,-1,9,1,E01010577,0
Unvalidated,2024131439742,2024,131439742,3,19,0,13,6,2,0,0,0,0,0,0,1,2,6,3,-1,-1,-1,-1,-1,-1,-1,-1,-1,0
Unvalidated,2024131439771,2024,131439771,1,9,0,4,1,1,0,1,0,0,0,0,2,1,2,2,24,5,-1,-1,-1,-1,4,1,E01011008,0
Unvalidated,2024131439900,2024,131439900,1,9,0,18,1,5,0,0,0,0,0,0,1,1,5,1,93,11,-1,-1,-1,-1,10,1,E01011173,0
Unvalidated,2024131439903,2024,131439903,1,98,0,-1,-1,-1,-1,-1,-1,-1,-1,-1,-1,1,6,3,-1,-1,-1,-1,-1,-1,-1,-1,-1,0
Unvalidated,2024131439903,2024,131439903,2,1,0,7,3,7,0,8,0,0,1,0,3,1,6,1,51,8,-1,-1,-1,-1,3,1,E01011123,0
Unvalidated,2024131439945,2024,131439945,1,9,0,18,2,6,0,0,0,0,0,0,1,1,6,1,59,9,-1,-1,-1,-1,1,1,E01011735,0
Unvalidated,2024131439945,2024,131439945,2,9,0,18,2,6,0,0,0,0,0,0,2,1,6,1,64,9,-1,-1,-1,-1,1,1,E01011737,0
Unvalidated,2024131439968,2024,131439968,1,9,0,18,3,7,0,1,0,0,0,0,3,1,5,1,84,11,-1,-1,-1,-1,5,2,E01010921,0
Unvalidated,2024131439968,2024,131439968,2,19,0,18,3,7,0,1,0,0,0,0,3,1,2,1,40,7,-1,-1,-1,-1,1,1,E01011662,0
Unvalidated,2024131440011,2024,131440011,1,9,0,9,1,7,0,8,0,0,0,0,1,1,5,1,33,6,-1,-1,-1,-1,8,1,E01011884,0
Unvalidated,2024131440011,2024,131440011,2,3,0,18,5,1,0,1,0,0,0,0,1,1,5,2,28,6,-1,-1,-1,-1,1,1,E01007406,0
Unvalidated,2024131440020,2024,131440020,1,9,0,18,8,4,0,0,0,0,0,0,0,1,6,3,-1,-1,-1,-1,-1,-1,-1,-1,-1,0
Unvalidated,2024131440032,2024,131440032,1,9,0,3,1,5,0,1,0,0,0,0,4,1,5,1,45,7,-1,-1,-1,-1,7,1,E01011591,0
Unvalidated,2024131440032,2024,131440032,2,23,0,14,1,5,0,1,0,0,0,0,-1,1,6,3,-1,-1,-1,-1,-1,-1,-1,-1,-1,0
Unvalidated,2024131440032,2024,131440032,3,9,0,18,1,5,0,1,0,0,0,0,0,1,6,3,-1,-1,-1,-1,-1,-1,-1,-1,-1,0
Unvalidated,2024131440062,2024,131440062,1,1,0,18,7,3,9,0,1,0,0,0,0,1,6,1,50,8,-1,-1,-1,-1,-1,-1,-1,0
Unvalidated,2024131440062,2024,131440062,2,1,0,-1,-1,-1,-1,0,-1,-1,-1,0,-1,1,6,3,-1,-1,-1,-1,-1,-1,-1,-1,-1,0
Unvalidated,2024131440071,2024,131440071,1,1,0,18,1,5,9,0,0,0,0,0,1,1,6,1,12,3,-1,-1,-1,-1,1,1,E01011340,0
Unvalidated,2024131440071,2024,131440071,2,9,0,18,3,7,0,0,0,0,0,0,3,1,6,1,32,6,-1,-1,-1,-1,-1,1,-1,0
Unvalidated,2024131440086,2024,131440086,1,9,0,9,5,1,0,8,1,0,1,11,1,1,6,1,84,11,-1,-1,-1,-1,2,1,E01011251,0
Unvalidated,2024131440086,2024,131440086,2,9,0,18,7,3,0,1,1,0,0,0,1,2,6,1,22,5,-1,-1,-1,-1,2,1,E01011025,0
Unvalidated,2024131440249,2024,131440249,1,9,0,5,7,3,0,0,0,0,0,0,3,1,2,2,55,8,-1,-1,-1,-1,6,1,E01027868,0
Unvalidated,2024131440249,2024,131440249,2,3,0,18,4,8,0,0,0,0,0,0,1,1,5,1,51,8,-1,-1,-1,-1,4,1,E01011462,0
Unvalidated,2024131440304,2024,131440304,1,9,0,18,1,5,0,0,0,0,0,0,1,1,5,1,74,10,-1,-1,-1,-1,10,1,E01028356,0
Unvalidated,2024131440304,2024,131440304,2,21,0,18,1,5,0,0,0,0,0,0,2,2,1,1,37,7,-1,-1,-1,-1,2,1,E01001700,0
Unvalidated,2024131440346,2024,131440346,1,9,0,18,3,7,0,0,0,0,0,0,2,1,2,1,37,7,-1,-1,-1,-1,5,1,E01010934,0
Unvalidated,2024131440346,2024,131440346,2,1,0,18,3,7,0,0,0,0,0,0,1,1,2,2,26,6,-1,-1,-1,-1,-1,-1,-1,0
Unvalidated,2024131440348,2024,131440348,1,9,0,18,7,3,0,8,0,0,0,0,4,1,5,2,23,5,-1,-1,-1,-1,1,1,E01010624,0
Unvalidated,2024131440348,2024,131440348,2,9,0,18,1,5,0,8,0,0,0,0,1,1,5,1,53,8,-1,-1,-1,-1,1,1,E01012857,0
Unvalidated,2024131440467,2024,131440467,1,9,0,18,1,5,0,0,0,0,0,0,1,1,5,2,24,5,-1,-1,-1,-1,1,1,E01010680,0
Unvalidated,2024131440467,2024,131440467,2,9,0,18,1,5,0,0,0,0,0,0,2,1,5,2,50,8,-1,-1,-1,-1,1,1,E01010650,0
Unvalidated,2024131440620,2024,131440620,1,9,0,9,5,1,0,1,0,0,0,0,2,1,5,1,33,6,-1,-1,-1,-1,1,1,E01011433,0
Unvalidated,2024131440620,2024,131440620,2,9,0,13,5,1,0,1,0,0,0,0,1,1,5,1,41,7,-1,-1,-1,-1,1,1,E01011475,0
Unvalidated,2024131440642,2024,131440642,1,8,0,5,-1,-1,0,0,0,0,0,0,-1,1,6,1,-1,-1,-1,-1,-1,-1,-1,-1,-1,0
Unvalidated,2024131440651,2024,131440651,1,9,0,18,3,7,0,1,0,0,0,0,1,1,6,2,44,7,-1,-1,-1,-1,6,1,E01011425,0
Unvalidated,2024131440651,2024,131440651,2,9,0,18,5,1,0,1,0,0,0,0,1,1,6,1,29,6,-1,-1,-1,-1,1,1,E01011626,0
Unvalidated,2024131440696,2024,131440696,1,9,0,-1,-1,-1,-1,-1,-1,-1,-1,-1,-1,1,6,3,-1,-1,-1,-1,-1,-1,-1,-1,-1,0
Unvalidated,2024131440696,2024,131440696,2,9,0,3,5,1,0,1,0,0,0,0,2,1,6,2,57,9,-1,-1,-1,-1,7,1,E01010753,0
Unvalidated,2024131440735,2024,131440735,1,9,0,-1,-1,-1,-1,0,-1,-1,-1,0,-1,1,6,3,-1,-1,-1,-1,-1,-1,-1,-1,-1,0
Unvalidated,2024131440752,2024,131440752,1,9,0,-1,-1,-1,-1,4,-1,-1,-1,0,-1,1,6,3,-1,-1,-1,-1,-1,-1,-1,-1,-1,0