status,collision_index,collision_year,collision_reference,vehicle_reference,vehicle_type,towing_and_articulation,vehicle_manoeuvre,vehicle_direction_from,vehicle_direction_to,vehicle_location_restricted_lane,junction_location,skidding_and_overturning,hit_object_in_carriageway,vehicle_leaving_carriageway,hit_object_off_carriageway,first_point_of_impact,vehicle_left_hand_drive,journey_purpose_of_driver,sex_of_driver,age_of_driver,age_band_of_driver,engine_capacity_cc,propulsion_code,age_of_vehicle,generic_make_model,driver_imd_decile,driver_home_area_type,lsoa_of_driver,escooter_flag
Unvalidated,2024131440752,2024,131440752,2,9,0,4,1,1,0,4,0,0,0,0,2,1,6,1,56,9,-1,-1,-1,-1,1,1,E01011357,0
Unvalidated,2024131440757,2024,131440757,1,3,0,18,6,2,0,2,0,0,0,0,3,1,4,1,18,4,-1,-1,-1,-1,1,1,E01010938,0
Unvalidated,2024131440757,2024,131440757,2,9,0,1,6,2,0,2,0,0,0,0,1,1,5,1,83,11,-1,-1,-1,-1,2,1,E01010930,0
Unvalidated,2024131440757,2024,131440757,3,9,0,2,0,0,0,2,0,0,0,0,2,1,6,3,-1,-1,-1,-1,-1,-1,-1,-1,-1,0
Unvalidated,2024131440821,2024,131440821,1,9,0,18,7,3,0,1,5,0,0,0,4,1,5,2,33,6,-1,-1,-1,-1,1,1,E01011429,0
Unvalidated,2024131440821,2024,131440821,2,9,0,18,5,1,0,1,0,0,0,0,1,1,2,2,25,5,-1,-1,-1,-1,2,1,E01011720,0
Unvalidated,2024131440855,2024,131440855,1,9,0,9,1,3,0,8,0,0,0,0,1,1,6,2,-1,-1,-1,-1,-1,-1,-1,-1,-1,0
Unvalidated,2024131440855,2024,131440855,2,9,0,3,7,3,0,8,0,0,0,0,2,1,5,2,26,6,-1,-1,-1,-1,2,1,E01011481,0
Unvalidated,2024131440868,2024,131440868,1,9,0,4,1,5,0,8,0,0,0,0,2,1,6,1,65,9,-1,-1,-1,-1,7,1,E01011846,0
Unvalidated,2024131440868,2024,131440868,2,3,0,18,1,5,0,8,0,0,0,0,1,1,6,1,17,4,-1,-1,-1,-1,9,1,E01011847,0
Unvalidated,2024131440871,2024,131440871,1,9,0,9,5,3,0,8,0,0,0,0,1,1,1,1,43,7,-1,-1,-1,-1,8,1,E01011297,0
Unvalidated,2024131440871,2024,131440871,2,1,0,18,1,5,0,8,0,0,0,0,4,1,6,2,53,8,-1,-1,-1,-1,10,1,E01011516,0
Unvalidated,2024131440890,2024,131440890,1,9,0,17,1,1,0,8,0,0,0,0,4,1,6,1,27,6,-1,-1,-1,-1,1,1,E01010617,0
Unvalidated,2024131440892,2024,131440892,1,9,0,18,3,3,0,1,0,0,0,0,1,1,2,1,44,7,-1,-1,-1,-1,9,2,E01011177,0
Unvalidated,2024131440892,2024,131440892,2,9,0,18,7,7,0,1,0,0,0,0,2,1,2,2,61,9,-1,-1,-1,-1,6,1,E01011071,0
Unvalidated,2024131440896,2024,131440896,1,9,0,18,4,1,0,0,0,0,0,0,1,1,6,1,42,7,-1,-1,-1,-1,1,1,E01010606,0
Unvalidated,2024131440896,2024,131440896,2,19,0,18,4,1,0,0,0,0,0,0,1,1,1,1,56,9,-1,-1,-1,-1,-1,-1,-1,0
Unvalidated,2024131440914,2024,131440914,1,98,0,4,7,3,1,0,0,0,0,0,1,1,1,1,21,5,-1,-1,-1,-1,4,1,E01011008,0
Unvalidated,2024131440914,2024,131440914,2,9,0,4,3,7,0,0,0,0,0,0,2,1,6,2,57,9,-1,-1,-1,-1,7,1,E01005057,0
Unvalidated,2024131441130,2024,131441130,1,9,0,9,1,7,0,0,0,0,0,0,3,1,1,1,36,7,-1,-1,-1,-1,1,1,E01010623,0
Unvalidated,2024131441130,2024,131441130,2,5,0,18,7,3,0,0,0,0,0,0,1,1,6,1,40,7,-1,-1,-1,-1,5,1,E01010788,0
Unvalidated,2024131441144,2024,131441144,1,9,0,-1,-1,-1,-1,0,-1,-1,-1,0,-1,1,6,3,-1,-1,-1,-1,-1,-1,-1,-1,-1,0
Unvalidated,2024131441144,2024,131441144,2,9,0,-1,-1,-1,-1,0,-1,-1,-1,0,2,1,6,2,30,6,-1,-1,-1,-1,1,1,E01011339,0
Unvalidated,2024131441178,2024,131441178,1,20,0,-1,-1,-1,-1,0,-1,-1,-1,-1,-1,1,6,3,-1,-1,-1,-1,-1,-1,-1,-1,-1,0
Unvalidated,2024131441206,2024,131441206,1,9,0,18,1,1,0,8,0,0,0,0,1,1,6,3,-1,-1,-1,-1,-1,-1,-1,-1,-1,0
Unvalidated,2024131441206,2024,131441206,2,9,0,4,1,1,0,8,0,0,0,0,2,1,6,2,37,7,-1,-1,-1,-1,8,1,E01010860,0
Unvalidated,2024131441207,2024,131441207,1,9,0,11,7,2,0,6,0,0,0,0,4,1,6,3,-1,-1,-1,-1,-1,-1,-1,-1,-1,0
Unvalidated,2024131441207,2024,131441207,2,9,0,7,7,2,0,3,0,0,0,0,3,1,6,1,27,6,-1,-1,-1,-1,1,1,E01010701,0
Unvalidated,2024131441225,2024,131441225,1,90,0,1,3,7,0,0,0,0,0,0,2,1,6,1,-1,-1,-1,-1,-1,-1,-1,-1,-1,0
Unvalidated,2024131441225,2024,131441225,2,9,0,18,2,6,0,0,0,0,0,0,4,1,5,2,21,5,-1,-1,-1,-1,1,1,E01011317,0
Unvalidated,2024131441227,2024,131441227,1,9,0,5,7,3,0,8,0,0,0,0,1,1,1,2,29,6,-1,-1,-1,-1,4,1,E01010798,0
Unvalidated,2024131441227,2024,131441227,2,1,0,18,1,5,5,8,0,0,0,0,1,1,5,2,49,8,-1,-1,-1,-1,5,1,E01010788,0
Unvalidated,2024131441235,2024,131441235,1,9,0,9,3,7,0,1,0,0,0,0,4,1,6,3,-1,-1,-1,-1,-1,-1,-1,-1,-1,0
Unvalidated,2024131441235,2024,131441235,2,1,0,18,7,3,0,1,0,0,0,0,1,1,6,1,53,8,-1,-1,-1,-1,6,2,E01010991,0
Unvalidated,2024131441289,2024,131441289,1,9,0,9,5,3,0,5,0,0,0,0,4,1,1,1,39,7,-1,-1,-1,-1,3,1,E01010983,0
Unvalidated,2024131441289,2024,131441289,2,23,0,18,1,5,0,1,0,0,0,0,1,1,5,1,19,4,-1,-1,-1,-1,4,1,E01010984,0
Unvalidated,2024131441328,2024,131441328,1,9,0,9,5,3,0,8,0,0,0,0,1,1,1,2,51,8,-1,-1,-1,-1,3,1,E01011532,0
Unvalidated,2024131441328,2024,131441328,2,9,0,18,1,5,0,8,0,0,0,0,1,1,1,2,37,7,-1,-1,-1,-1,4,1,E01007342,0
Unvalidated,2024131441380,2024,131441380,1,9,0,18,1,5,0,8,0,0,0,0,3,1,5,1,35,6,-1,-1,-1,-1,1,1,E01011134,0
Unvalidated,2024131441380,2024,131441380,2,9,0,5,5,1,9,8,0,0,0,0,4,1,5,1,21,5,-1,-1,-1,-1,3,1,E01011035,0
Unvalidated,2024131441397,2024,131441397,1,19,0,18,5,1,0,0,5,0,0,0,4,1,6,1,19,4,-1,-1,-1,-1,8,3,E01011715,0
Unvalidated,2024131441397,2024,131441397,2,9,0,2,0,0,0,0,0,0,0,0,3,1,6,3,-1,-1,-1,-1,-1,-1,-1,-1,-1,0
Unvalidated,2024131441397,2024,131441397,3,9,0,2,0,0,0,0,0,0,0,0,2,1,6,3,-1,-1,-1,-1,-1,-1,-1,-1,-1,0
Unvalidated,2024131441421,2024,131441421,1,9,0,17,3,7,0,0,1,7,0,0,1,1,5,1,25,5,-1,-1,-1,-1,1,1,E01011471,0
Unvalidated,2024131441432,2024,131441432,1,9,0,18,3,7,0,8,0,0,0,0,3,1,2,1,64,9,-1,-1,-1,-1,5,1,E01010898,0
Unvalidated,2024131441432,2024,131441432,2,97,0,-1,-1,-1,-1,8,-1,-1,-1,0,-1,1,5,1,16,4,-1,-1,-1,-1,5,1,E01010898,0
Unvalidated,2024131441531,2024,131441531,1,9,0,18,1,5,0,0,0,0,0,0,1,1,5,1,63,9,-1,-1,-1,-1,6,3,E01020059,0
Unvalidated,2024131441531,2024,131441531,2,9,0,18,1,5,0,0,0,0,0,0,2,1,1,1,41,7,-1,-1,-1,-1,1,1,E01033471,0
Unvalidated,2024131441531,2024,131441531,3,9,0,18,1,5,0,0,0,0,0,0,2,1,2,1,40,7,-1,-1,-1,-1,4,1,E01006003,0
Unvalidated,2024131441548,2024,131441548,1,9,0,5,3,7,0,0,0,0,0,0,0,1,5,2,69,10,-1,-1,-1,-1,9,1,E01011457,0
Unvalidated,2024131441555,2024,131441555,1,9,0,9,1,4,0,8,0,0,0,0,1,1,5,2,57,9,-1,-1,-1,-1,4,1,E01011794,0
Unvalidated,2024131441555,2024,131441555,2,5,0,13,1,5,0,1,0,0,7,9,4,1,6,1,58,9,-1,-1,-1,-1,6,1,E01007335,0
Unvalidated,2024131441599,2024,131441599,1,5,0,8,7,1,0,8,0,0,0,0,2,1,5,1,73,10,-1,-1,-1,-1,8,1,E01007379,0
Unvalidated,2024131441599,2024,131441599,2,9,0,4,7,1,0,1,0,0,0,0,1,1,5,2,63,9,-1,-1,-1,-1,-1,-1,-1,0
Unvalidated,2024131441629,2024,131441629,1,1,0,18,6,2,0,1,0,0,0,0,3,1,5,1,14,3,-1,-1,-1,-1,1,1,E01011559,0
Unvalidated,2024131441629,2024,131441629,2,19,0,18,4,8,0,1,0,0,0,0,1,1,1,1,30,6,-1,-1,-1,-1,1,1,E01010820,0
Unvalidated,2024131441634,2024,131441634,1,9,0,18,1,1,0,8,0,0,0,0,3,1,6,1,35,6,-1,-1,-1,-1,2,1,E01010796,0
Unvalidated,2024131441634,2024,131441634,2,1,0,18,1,1,0,8,0,0,0,0,1,1,6,1,65,9,-1,-1,-1,-1,6,1,E01010588,0
Unvalidated,2024131441662,2024,131441662,1,9,0,18,5,1,0,8,0,0,0,0,1,1,5,2,30,6,-1,-1,-1,-1,2,1,E01011251,0
Unvalidated,2024131441662,2024,131441662,2,9,0,2,0,0,0,8,0,0,0,0,2,1,6,3,-1,-1,-1,-1,-1,-1,-1,-1,-1,0
Unvalidated,2024131441688,2024,131441688,1,9,0,9,5,3,0,8,0,0,0,0,3,1,5,3,58,9,-1,-1,-1,-1,3,1,E01010662,0
Unvalidated,2024131441688,2024,131441688,2,9,0,18,3,7,0,1,0,0,0,0,1,1,5,2,22,5,-1,-1,-1,-1,3,1,E01010762,0
Unvalidated,2024131441719,2024,131441719,1,9,0,18,1,5,0,8,0,0,0,0,4,1,6,2,25,5,-1,-1,-1,-1,7,1,E01011176,0
Unvalidated,2024131441719,2024,131441719,2,9,0,2,0,0,0,8,0,0,0,0,3,1,6,3,-1,-1,-1,-1,-1,-1,-1,-1,-1,0
Unvalidated,2024131441719,2024,131441719,3,9,0,18,5,1,0,8,0,0,0,0,3,1,1,1,70,10,-1,-1,-1,-1,2,1,E01011080,0
Unvalidated,2024131441721,2024,131441721,1,1,0,18,5,1,0,4,0,0,0,0,2,1,5,1,16,4,-1,-1,-1,-1,1,1,E01011431,0
Unvalidated,2024131441721,2024,131441721,2,9,0,18,7,3,0,4,0,0,0,0,1,1,6,3,30,6,-1,-1,-1,-1,-1,-1,-1,0
Unvalidated,2024131441830,2024,131441830,1,9,0,-1,-1,-1,-1,-1,-1,-1,-1,-1,-1,1,6,3,-1,-1,-1,-1,-1,-1,-1,-1,-1,0
Unvalidated,2024131441830,2024,131441830,2,1,0,18,7,3,0,8,0,0,0,0,0,1,6,1,49,8,-1,-1,-1,-1,7,1,E01011042,0
Unvalidated,2024131441851,2024,131441851,1,9,0,4,5,1,0,1,0,0,0,0,4,1,6,1,42,7,-1,-1,-1,-1,5,3,E01011395,0
Unvalidated,2024131441851,2024,131441851,2,1,0,18,1,5,0,1,0,0,0,0,1,1,6,2,11,3,-1,-1,-1,-1,6,1,E01010816,0
Unvalidated,2024131441869,2024,131441869,1,9,0,-1,-1,-1,-1,0,-1,-1,-1,-1,-1,1,6,3,1,1,-1,-1,-1,-1,-1,-1,-1,0
Unvalidated,2024131442051,2024,131442051,1,9,0,18,5,1,0,8,0,0,0,0,3,1,2,2,17,4,-1,-1,-1,-1,8,1,E01011414,0
Unvalidated,2024131442051,2024,131442051,2,5,0,11,5,7,0,8,0,9,1,11,4,1,2,1,25,5,-1,-1,-1,-1,9,3,E01013016,0
Unvalidated,2024131442112,2024,131442112,1,9,0,18,1,5,0,1,0,11,0,0,1,1,2,2,38,7,-1,-1,-1,-1,3,1,E01011154,0
Unvalidated,2024131442112,2024,131442112,2,19,0,18,7,3,0,1,5,0,0,0,4,1,1,1,34,6,-1,-1,-1,-1,1,1,E01033692,0
Unvalidated,2024131442198,2024,131442198,1,9,0,18,1,5,0,8,0,0,0,0,1,1,5,2,22,5,-1,-1,-1,-1,3,1,E01022320,0
Unvalidated,2024131442236,2024,131442236,1,9,0,18,5,1,0,0,0,0,0,0,1,1,6,2,31,6,-1,-1,-1,-1,6,1,E01010948,0
Unvalidated,2024131442236,2024,131442236,2,9,0,8,5,1,0,0,0,0,0,0,2,1,5,2,60,9,-1,-1,-1,-1,2,1,E01011104,0
Unvalidated,2024131442260,2024,131442260,1,8,0,5,5,7,0,1,0,0,0,0,1,1,6,1,-1,-1,-1,-1,-1,-1,-1,-1,-1,0
Unvalidated,2024131442260,2024,131442260,2,1,0,18,1,5,0,1,0,0,0,0,1,1,5,2,30,6,-1,-1,-1,-1,2,1,E01032500,0
Unvalidated,2024131442297,2024,131442297,1,9,0,18,1,5,0,8,0,0,0,0,1,1,5,2,55,8,-1,-1,-1,-1,3,3,E01011776,0
Unvalidated,2024131442313,2024,131442313,1,98,0,15,5,1,0,8,1,10,7,10,1,1,1,1,42,7,-1,-1,-1,-1,1,2,E01007474,0
Unvalidated,2024131442313,2024,131442313,2,19,0,9,5,1,0,8,0,0,0,0,4,1,1,2,24,5,-1,-1,-1,-1,8,2,E01013073,0
Unvalidated,2024131442345,2024,131442345,1,90,0,18,-1,-1,0,1,0,0,-1,0,1,1,6,3,-1,-1,-1,-1,-1,-1,-1,-1,-1,0
Unvalidated,2024131442366,2024,131442366,1,5,0,18,3,7,0,0,1,11,0,0,1,1,5,1,54,8,-1,-1,-1,-1,7,1,E01011890,0
Unvalidated,2024131442369,2024,131442369,1,9,0,18,4,8,0,0,0,0,0,0,1,1,5,1,44,7,-1,-1,-1,-1,6,1,E01011264,0
Unvalidated,2024131442369,2024,131442369,2,9,0,18,8,4,0,0,0,0,0,0,1,1,5,1,70,10,-1,-1,-1,-1,7,1,E01011265,0
Unvalidated,2024131442390,2024,131442390,1,9,0,18,1,5,0,8,0,0,0,0,3,1,6,2,37,7,-1,-1,-1,-1,8,1,E01011200,0
Unvalidated,2024131442390,2024,131442390,2,9,0,18,5,1,0,8,0,0,0,0,3,1,6,1,69,10,-1,-1,-1,-1,5,1,E01011096,0
Unvalidated,2024131442448,2024,131442448,1,9,0,18,3,3,0,8,2,10,0,0,4,1,2,1,18,4,-1,-1,-1,-1,5,2,E01010921,0
Unvalidated,2024131442448,2024,131442448,2,9,0,18,6,6,0,8,0,0,0,0,3,1,2,2,45,7,-1,-1,-1,-1,6,2,E01010990,0
Unvalidated,2024131442597,2024,131442597,1,9,0,-1,-1,-1,-1,-1,-1,-1,-1,-1,-1,1,6,3,-1,-1,-1,-1,-1,-1,-1,-1,-1,0
Unvalidated,2024131442597,2024,131442597,2,9,0,2,8,4,0,2,0,0,0,0,3,1,6,3,-1,-1,-1,-1,-1,-1,-1,-1,-1,0
Unvalidated,2024131442620,2024,131442620,1,9,0,13,7,3,0,0,0,0,0,0,1,1,6,1,26,6,-1,-1,-1,-1,6,1,E01010578,0
Unvalidated,2024131442620,2024,131442620,2,9,0,18,7,3,0,0,0,0,0,0,4,1,6,1,39,7,-1,-1,-1,-1,1,1,E01010832,0
Unvalidated,2024131442823,2024,131442823,1,21,0,18,1,5,0,0,0,0,0,0,1,1,1,1,62,9,-1,-1,-1,-1,10,1,E01027538,0
Unvalidated,2024131442823,2024,131442823,2,9,0,18,1,5,0,0,0,0,0,0,2,1,5,1,36,7,-1,-1,-1,-1,6,3,E01027734,0
Unvalidated,2024131442831,2024,131442831,1,9,0,18,5,1,0,0,0,0,0,0,3,1,6,2,74,10,-1,-1,-1,-1,4,1,E01011799,0
Unvalidated,2024131442915,2024,131442915,1,9,0,18,4,8,0,0,1,0,0,0,3,1,6,2,22,5,-1,-1,-1,-1,2,1,E01009414,0
Unvalidated,2024131442915,2024,131442915,2,9,0,7,4,8,0,0,0,0,0,0,1,1,6,1,30,6,-1,-1,-1,-1,3,1,E01011222,0
Unvalidated,2024131442992,2024,131442992,1,9,0,11,1,3,0,1,0,0,7,2,1,1,3,2,46,8,-1,-1,-1,-1,9,1,E01011381,0
Unvalidated,2024131443252,2024,131443252,1,1,0,18,3,7,4,1,0,0,0,0,1,1,1,1,40,7,-1,-1,-1,-1,1,1,E01011492,0
Unvalidated,2024131443252,2024,131443252,2,9,0,4,1,3,0,1,0,0,0,0,4,1,5,2,25,5,-1,-1,-1,-1,5,1,E01032495,0
Unvalidated,2024131443306,2024,131443306,1,9,0,7,5,6,0,5,0,0,0,0,1,1,6,3,-1,-1,-1,-1,-1,-1,-1,-1,-1,0
Unvalidated,2024131443310,2024,131443310,1,9,0,9,3,1,0,6,0,0,0,0,1,1,5,1,46,8,-1,-1,-1,-1,3,3,E01011298,0
Unvalidated,2024131443310,2024,131443310,2,9,0,18,1,5,0,8,0,0,0,0,1,1,1,1,51,8,-1,-1,-1,-1,6,1,E01011645,0
Unvalidated,2024131443351,2024,131443351,1,9,0,7,3,7,0,1,0,0,0,0,4,1,5,1,41,7,-1,-1,-1,-1,2,1,E01010796,0
Unvalidated,2024131443351,2024,131443351,2,1,0,18,3,7,0,1,5,0,0,0,1,1,5,1,57,9,-1,-1,-1,-1,5,1,E01010678,0
Unvalidated,2024131443390,2024,131443390,1,8,0,18,3,7,0,0,0,0,0,0,3,1,5,1,41,7,-1,-1,-1,-1,1,1,E01011423,0
Unvalidated,2024131443644,2024,131443644,1,21,0,18,3,7,0,0,0,0,0,0,1,2,1,2,29,6,-1,-1,-1,-1,-1,-1,-1,0
Unvalidated,2024131443644,2024,131443644,2,9,0,18,3,7,0,0,0,0,0,0,2,1,2,2,34,6,-1,-1,-1,-1,5,1,E01013297,0
Unvalidated,2024131443644,2024,131443644,3,98,0,18,3,7,0,0,0,0,0,0,1,1,1,1,46,8,-1,-1,-1,-1,7,2,E01027890,0
Unvalidated,2024131443650,2024,131443650,1,9,0,18,1,5,0,0,0,0,0,0,1,1,6,1,36,7,-1,-1,-1,-1,1,1,E01011423,0
Unvalidated,2024131443650,2024,131443650,2,1,0,18,1,5,0,0,0,0,0,0,2,1,5,1,20,4,-1,-1,-1,-1,1,1,E01011663,0
Unvalidated,2024131443678,2024,131443678,1,9,0,7,7,3,0,5,0,0,0,0,4,1,5,2,44,7,-1,-1,-1,-1,2,1,E01010778,0
Unvalidated,2024131443678,2024,131443678,2,1,0,18,7,3,0,1,0,0,0,0,4,1,6,3,-1,-1,-1,-1,-1,-1,-1,-1,-1,0
Unvalidated,2024131443730,2024,131443730,1,9,0,-1,-1,-1,-1,0,-1,-1,-1,-1,-1,1,6,3,-1,-1,-1,-1,-1,-1,-1,-1,-1,0
Unvalidated,2024131443744,2024,131443744,1,9,0,5,2,6,0,0,0,0,0,0,2,1,6,2,63,9,-1,-1,-1,-1,5,1,E01011269,0
Unvalidated,2024131443744,2024,131443744,2,9,0,5,2,6,0,0,0,0,0,0,1,1,6,2,58,9,-1,-1,-1,-1,7,3,E01011569,0
Unvalidated,2024131443775,2024,131443775,1,9,0,11,5,4,0,8,0,0,0,0,4,1,5,2,44,7,-1,-1,-1,-1,9,1,E01011565,0
Unvalidated,2024131443775,2024,131443775,2,1,0,18,6,5,0,1,0,4,0,0,1,1,5,1,24,5,-1,-1,-1,-1,9,1,E01013194,0
Unvalidated,2024131443814,2024,131443814,1,19,0,18,1,5,0,8,0,0,0,0,2,1,6,1,32,6,-1,-1,-1,-1,2,1,E01011913,0
Unvalidated,2024131443814,2024,131443814,2,3,0,18,1,5,0,8,0,4,0,0,1,1,6,1,18,4,-1,-1,-1,-1,2,1,E01011900,0
Unvalidated,2024131443839,2024,131443839,1,9,0,18,1,7,0,0,0,0,0,0,1,1,6,1,24,5,-1,-1,-1,-1,1,1,E01010744,0
Unvalidated,2024131443864,2024,131443864,1,9,0,11,7,4,0,8,5,10,0,0,3,1,5,1,23,5,-1,-1,-1,-1,10,1,E01016658,0
Unvalidated,2024131443864,2024,131443864,2,9,0,11,7,3,0,8,2,0,0,0,3,1,6,2,25,5,-1,-1,-1,-1,-1,-1,-1,0
Unvalidated,2024131443877,2024,131443877,1,9,0,18,7,3,0,0,0,0,0,0,3,1,5,1,83,11,-1,-1,-1,-1,9,1,E01027856,0
Unvalidated,2024131443882,2024,131443882,1,9,0,12,3,7,8,0,0,0,0,0,3,1,1,1,33,6,-1,-1,-1,-1,4,1,E01011647,0
Unvalidated,2024131443882,2024,131443882,2,1,0,18,3,7,0,0,0,0,0,0,1,1,2,1,26,6,-1,-1,-1,-1,3,1,E01011488,0
Unvalidated,2024131443890,2024,131443890,1,9,0,18,7,3,0,1,0,0,1,2,1,1,5,1,31,6,-1,-1,-1,-1,10,1,E01011376,0
Unvalidated,2024131443890,2024,131443890,2,9,0,9,3,7,0,1,0,0,7,2,4,1,2,1,41,7,-1,-1,-1,-1,1,1,E01011667,0
Unvalidated,2024131443957,2024,131443957,1,9,0,4,1,4,0,8,0,0,0,0,1,1,3,2,38,7,-1,-1,-1,-1,1,1,E01011101,0
Unvalidated,2024131444008,2024,131444008,1,98,0,18,1,5,0,1,0,0,0,0,1,1,6,3,-1,-1,-1,-1,-1,-1,-1,-1,-1,0
Unvalidated,2024131444008,2024,131444008,2,9,0,3,1,5,0,1,0,0,0,0,2,1,5,1,32,6,-1,-1,-1,-1,2,1,E01011002,0
Unvalidated,2024131444020,2024,131444020,1,9,0,-1,-1,-1,-1,-1,-1,-1,-1,-1,-1,1,6,3,-1,-1,-1,-1,-1,-1,-1,-1,-1,0
Unvalidated,2024131444020,2024,131444020,2,9,0,9,2,3,0,6,0,0,0,0,2,1,6,2,30,6,-1,-1,-1,-1,7,1,E01011635,0
Unvalidated,2024131444116,2024,131444116,1,1,0,16,8,6,0,0,1,0,0,0,1,1,6,2,41,7,-1,-1,-1,-1,3,1,E01011722,0
Unvalidated,2024131444116,2024,131444116,2,9,0,18,6,8,0,0,0,0,0,0,1,1,5,1,58,9,-1,-1,-1,-1,5,1,E01011407,0
Unvalidated,2024131444117,2024,131444117,1,9,0,7,7,1,0,5,0,0,0,0,1,1,6,2,-1,-1,-1,-1,-1,-1,-1,-1,-1,0
Unvalidated,2024131444117,2024,131444117,2,1,0,18,7,3,0,8,5,0,1,0,3,1,5,1,31,6,-1,-1,-1,-1,4,1,E01011335,0
Unvalidated,2024131444152,2024,131444152,1,9,0,1,5,7,0,0,0,0,0,0,2,1,5,2,57,9,-1,-1,-1,-1,10,2,E01032504,0
Unvalidated,2024131444152,2024,131444152,2,9,0,18,3,7,0,0,0,0,7,11,1,1,5,2,76,11,-1,-1,-1,-1,6,1,E01007347,0
Unvalidated,2024131444172,2024,131444172,1,9,0,-1,-1,-1,-1,0,-1,-1,-1,-1,-1,1,6,3,-1,-1,-1,-1,-1,-1,-1,-1,-1,0
Unvalidated,2024131444172,2024,131444172,2,1,0,18,6,2,0,0,0,0,7,0,2,1,5,3,10,2,-1,-1,-1,-1,1,1,E01011101,0
Unvalidated,2024131444181,2024,131444181,1,9,0,15,7,3,0,8,0,0,0,0,-1,1,6,3,-1,-1,-1,-1,-1,-1,-1,-1,-1,0
Unvalidated,2024131444181,2024,131444181,2,9,0,18,7,3,0,6,0,0,0,0,4,1,6,1,33,6,-1,-1,-1,-1,6,1,E01027720,0
Unvalidated,2024131444186,2024,131444186,1,9,0,18,5,1,0,0,0,0,0,0,2,1,5,1,63,9,-1,-1,-1,-1,5,1,E01013831,0
Unvalidated,2024131444186,2024,131444186,2,9,0,18,5,1,0,0,0,0,0,0,1,1,5,2,32,6,-1,-1,-1,-1,3,1,E01011477,0
Unvalidated,2024131444186,2024,131444186,3,9,0,18,5,1,0,0,0,0,0,0,1,1,5,1,47,8,-1,-1,-1,-1,1,1,E01012271,0
Unvalidated,2024131444186,2024,131444186,4,9,0,18,5,1,0,0,0,0,0,0,1,1,5,1,48,8,-1,-1,-1,-1,2,1,E01011926,0
Unvalidated,2024131444220,2024,131444220,1,9,0,7,8,4,0,0,0,0,0,0,4,1,5,1,49,8,-1,-1,-1,-1,6,3,E01013074,0
Unvalidated,2024131444220,2024,131444220,2,1,0,18,3,7,4,0,5,0,0,0,1,1,6,1,15,3,-1,-1,-1,-1,4,1,E01010601,0
Unvalidated,2024131444255,2024,131444255,1,9,0,18,6,2,0,2,0,0,0,0,4,1,5,2,35,6,-1,-1,-1,-1,7,1,E01010573,0
Unvalidated,2024131444255,2024,131444255,2,90,0,5,3,7,0,8,0,0,0,0,1,1,5,1,11,3,-1,-1,-1,-1,1,1,E01010777,0
Unvalidated,2024131444259,2024,131444259,1,19,0,18,7,1,0,0,0,0,0,0,4,1,1,1,32,6,-1,-1,-1,-1,5,1,E01011801,0
Unvalidated,2024131444259,2024,131444259,2,1,0,7,1,7,0,0,5,0,0,0,3,1,2,1,51,8,-1,-1,-1,-1,8,1,E01011929,0
Unvalidated,2024131444283,2024,131444283,1,9,0,18,7,3,0,0,0,0,0,0,4,1,5,1,30,6,-1,-1,-1,-1,7,1,E01011265,0
Unvalidated,2024131444308,2024,131444308,1,20,0,18,1,5,0,2,0,0,0,0,1,1,5,1,51,8,-1,-1,-1,-1,5,1,E01010651,0
Unvalidated,2024131444309,2024,131444309,1,9,0,16,3,7,0,8,0,0,0,0,1,1,6,1,27,6,-1,-1,-1,-1,2,1,E01010929,0
Unvalidated,2024131444309,2024,131444309,2,11,0,18,7,3,0,8,0,0,0,0,1,1,1,2,55,8,-1,-1,-1,-1,4,2,E01010919,0
Unvalidated,2024131444343,2024,131444343,1,9,0,17,5,1,0,0,1,6,6,11,4,1,6,1,37,7,-1,-1,-1,-1,1,1,E01010822,0
Unvalidated,2024131444362,2024,131444362,1,9,0,18,1,5,0,0,0,0,0,0,1,1,6,1,52,8,-1,-1,-1,-1,4,1,E01011875,0
Unvalidated,2024131444362,2024,131444362,2,9,0,18,5,1,0,0,0,0,1,0,1,1,2,1,31,6,-1,-1,-1,-1,4,1,E01011314,0
Unvalidated,2024131444414,2024,131444414,1,8,0,12,1,5,0,0,0,0,0,0,3,1,6,3,-1,-1,-1,-1,-1,-1,-1,-1,-1,0
Unvalidated,2024131444414,2024,131444414,2,1,0,18,1,5,0,0,5,0,0,0,4,1,6,1,22,5,-1,-1,-1,-1,1,1,E01011312,0
Unvalidated,2024131444467,2024,131444467,1,9,0,5,5,2,9,6,0,0,0,0,4,1,5,1,47,8,-1,-1,-1,-1,-1,1,-1,0
Unvalidated,2024131444469,2024,131444469,1,9,0,-1,-1,-1,-1,-1,-1,-1,-1,-1,-1,1,6,3,-1,-1,-1,-1,-1,-1,-1,-1,-1,0
Unvalidated,2024131444600,2024,131444600,1,9,0,18,3,7,0,8,0,0,0,0,4,1,5,1,77,11,-1,-1,-1,-1,3,1,E01011482,0
Unvalidated,2024131444602,2024,131444602,1,9,0,-1,-1,-1,-1,8,-1,-1,-1,0,-1,1,6,3,-1,-1,-1,-1,-1,-1,5,1,E01011263,0
Unvalidated,2024131444607,2024,131444607,1,9,0,18,1,1,0,8,0,0,0,0,1,1,5,1,23,5,-1,-1,-1,-1,5,1,E01010849,0
Unvalidated,2024131444607,2024,131444607,2,9,0,18,1,1,0,8,0,0,0,0,2,1,6,2,18,4,-1,-1,-1,-1,4,1,E01032498,0