status,collision_index,collision_year,collision_reference,vehicle_reference,vehicle_type,towing_and_articulation,vehicle_manoeuvre,vehicle_direction_from,vehicle_direction_to,vehicle_location_restricted_lane,junction_location,skidding_and_overturning,hit_object_in_carriageway,vehicle_leaving_carriageway,hit_object_off_carriageway,first_point_of_impact,vehicle_left_hand_drive,journey_purpose_of_driver,sex_of_driver,age_of_driver,age_band_of_driver,engine_capacity_cc,propulsion_code,age_of_vehicle,generic_make_model,driver_imd_decile,driver_home_area_type,lsoa_of_driver,escooter_flag
Unvalidated,2024131444607,2024,131444607,3,9,0,18,1,1,0,8,0,0,0,0,2,1,2,2,39,7,-1,-1,-1,-1,4,2,E01027892,0
Unvalidated,2024131444616,2024,131444616,1,9,0,12,1,5,0,0,0,0,0,0,3,1,5,1,24,5,-1,-1,-1,-1,4,1,E01011597,0
Unvalidated,2024131444616,2024,131444616,2,9,0,18,1,5,0,0,0,0,0,0,1,1,5,1,25,5,-1,-1,-1,-1,5,1,E01010656,0
Unvalidated,2024131444620,2024,131444620,1,9,0,18,5,1,0,0,1,0,1,11,1,1,5,1,20,4,-1,-1,-1,-1,2,1,E01011754,0
Unvalidated,2024131444643,2024,131444643,1,9,0,18,1,1,0,0,0,0,0,0,1,1,5,1,57,9,-1,-1,-1,-1,1,1,E01011427,0
Unvalidated,2024131444768,2024,131444768,1,3,0,16,1,2,0,0,1,0,0,0,1,1,5,1,18,4,-1,-1,-1,-1,4,2,E01011390,0
Unvalidated,2024131444768,2024,131444768,2,5,0,17,1,1,0,0,1,0,0,0,3,1,5,1,63,9,-1,-1,-1,-1,1,1,E01011756,0
Unvalidated,2024131444785,2024,131444785,1,9,0,4,4,8,0,1,0,0,0,0,1,1,6,3,-1,-1,-1,-1,-1,-1,-1,-1,-1,0
Unvalidated,2024131444785,2024,131444785,2,5,0,8,4,8,0,1,0,0,0,0,2,1,6,1,53,8,-1,-1,-1,-1,9,1,E01011306,0
Unvalidated,2024131444822,2024,131444822,1,9,0,9,2,8,0,8,0,0,0,0,1,1,6,1,-1,-1,-1,-1,-1,-1,-1,-1,-1,0
Unvalidated,2024131444822,2024,131444822,2,1,0,18,8,4,0,8,5,0,0,0,4,1,5,3,17,4,-1,-1,-1,-1,6,1,E01011885,0
Unvalidated,2024131444825,2024,131444825,1,9,0,18,1,1,0,0,0,0,0,0,2,1,1,1,61,9,-1,-1,-1,-1,3,1,E01011315,0
Unvalidated,2024131444825,2024,131444825,2,9,0,18,1,1,0,0,0,0,0,0,1,1,5,2,54,8,-1,-1,-1,-1,4,1,E01033006,0
Unvalidated,2024131444826,2024,131444826,1,9,0,18,6,6,0,1,0,0,0,0,3,1,5,1,37,7,-1,-1,-1,-1,2,1,E01011852,0
Unvalidated,2024131444826,2024,131444826,2,9,0,9,2,4,0,1,0,0,0,0,3,1,5,2,42,7,-1,-1,-1,-1,-1,-1,-1,0
Unvalidated,2024131444847,2024,131444847,1,9,0,5,7,1,0,1,0,0,0,0,1,1,5,2,21,5,-1,-1,-1,-1,7,1,E01011013,0
Unvalidated,2024131444847,2024,131444847,2,9,0,18,1,5,0,1,0,0,0,0,1,1,1,1,57,9,-1,-1,-1,-1,3,1,E01011139,0
Unvalidated,2024131444852,2024,131444852,1,97,0,18,5,1,0,8,1,0,0,0,1,1,5,1,17,4,-1,-1,-1,-1,2,1,E01011656,0
Unvalidated,2024131444852,2024,131444852,2,9,0,18,5,1,0,8,0,0,0,0,3,1,6,1,38,7,-1,-1,-1,-1,1,1,E01011434,0
Unvalidated,2024131444852,2024,131444852,3,9,0,2,0,0,0,8,0,0,0,0,4,1,6,3,-1,-1,-1,-1,-1,-1,-1,-1,-1,0
Unvalidated,2024131444890,2024,131444890,1,90,0,15,1,5,0,1,1,0,0,0,1,1,6,1,19,4,-1,-1,-1,-1,1,1,E01011134,0
Unvalidated,2024131444890,2024,131444890,2,9,0,9,1,5,0,1,0,0,0,0,3,1,5,1,22,5,-1,-1,-1,-1,2,1,E01011128,0
Unvalidated,2024131444894,2024,131444894,1,90,0,18,5,1,0,6,0,0,0,0,1,1,6,1,23,5,-1,-1,-1,-1,2,1,E01011370,0
Unvalidated,2024131444894,2024,131444894,2,9,0,7,5,3,0,5,0,0,0,0,4,1,2,1,50,8,-1,-1,-1,-1,3,1,E01011919,0
Unvalidated,2024131444895,2024,131444895,1,9,0,18,5,1,0,1,0,0,0,0,1,1,5,1,28,6,-1,-1,-1,-1,1,1,E01011101,0
Unvalidated,2024131444895,2024,131444895,2,9,0,18,1,5,0,1,0,0,0,0,1,1,2,2,32,6,-1,-1,-1,-1,7,1,E01011142,0
Unvalidated,2024131444899,2024,131444899,1,90,0,-1,-1,-1,-1,0,-1,-1,-1,-1,-1,1,6,3,30,6,-1,-1,-1,-1,-1,-1,-1,0
Unvalidated,2024131444919,2024,131444919,1,9,0,18,5,1,0,8,0,0,5,6,3,1,2,1,27,6,-1,-1,-1,-1,2,1,E01011224,0
Unvalidated,2024131444978,2024,131444978,1,9,0,-1,-1,-1,-1,0,-1,-1,-1,0,-1,1,6,3,-1,-1,-1,-1,-1,-1,-1,-1,-1,0
Unvalidated,2024131445025,2024,131445025,1,9,0,18,3,7,0,1,0,0,0,0,1,1,5,2,55,8,-1,-1,-1,-1,10,1,E01011382,0
Unvalidated,2024131445052,2024,131445052,1,9,0,7,5,7,0,6,0,0,0,0,1,1,2,1,49,8,-1,-1,-1,-1,3,1,E01011940,0
Unvalidated,2024131445052,2024,131445052,2,1,0,18,7,3,4,1,0,0,0,0,1,1,6,1,26,6,-1,-1,-1,-1,8,1,E01011929,0
Unvalidated,2024131445156,2024,131445156,1,22,0,-1,-1,-1,-1,-1,-1,-1,-1,-1,-1,1,6,3,60,9,-1,-1,-1,-1,-1,-1,-1,0
Unvalidated,2024131445204,2024,131445204,1,19,0,5,6,2,0,2,0,0,0,0,1,1,5,1,38,7,-1,-1,-1,-1,4,3,E01027803,0
Unvalidated,2024131445204,2024,131445204,2,9,0,3,6,2,0,2,0,0,0,0,2,1,2,2,58,9,-1,-1,-1,-1,10,3,E01010954,0
Unvalidated,2024131445204,2024,131445204,3,9,0,18,3,7,0,2,0,0,0,0,4,1,1,2,54,8,-1,-1,-1,-1,7,1,E01010968,0
Unvalidated,2024131445236,2024,131445236,1,9,0,18,4,8,0,0,0,0,0,0,1,1,2,2,37,7,-1,-1,-1,-1,-1,-1,-1,0
Unvalidated,2024131445301,2024,131445301,1,9,0,15,2,6,0,0,0,0,0,0,1,1,2,2,25,5,-1,-1,-1,-1,4,1,E01010834,0
Unvalidated,2024131445326,2024,131445326,1,19,0,18,1,5,0,1,0,0,7,10,4,1,1,1,35,6,-1,-1,-1,-1,1,1,E01010839,0
Unvalidated,2024131445326,2024,131445326,2,9,0,9,1,5,0,5,0,0,0,0,3,1,5,2,23,5,-1,-1,-1,-1,6,3,E01010754,0
Unvalidated,2024131445335,2024,131445335,1,9,0,5,5,1,0,2,0,0,0,0,4,1,1,1,42,7,-1,-1,-1,-1,5,1,E01011441,0
Unvalidated,2024131445357,2024,131445357,1,9,0,18,7,3,0,0,0,0,0,0,4,1,5,3,55,8,-1,-1,-1,-1,8,1,E01011561,0
Unvalidated,2024131445357,2024,131445357,2,9,0,7,3,7,0,0,0,0,0,0,-1,1,6,3,20,4,-1,-1,-1,-1,-1,-1,-1,0
Unvalidated,2024131445438,2024,131445438,1,9,0,6,6,2,0,0,0,0,7,11,1,1,5,2,30,6,-1,-1,-1,-1,6,1,E01011026,0
Unvalidated,2024131445696,2024,131445696,1,9,0,18,7,3,0,8,0,0,0,0,1,1,1,1,42,7,-1,-1,-1,-1,1,1,E01033003,0
Unvalidated,2024131445696,2024,131445696,2,1,0,18,5,1,0,8,1,0,0,0,4,1,1,1,30,6,-1,-1,-1,-1,1,1,E01011677,0
Unvalidated,2024131445729,2024,131445729,1,9,0,-1,-1,-1,-1,-1,-1,-1,-1,-1,-1,1,6,3,-1,-1,-1,-1,-1,-1,-1,-1,-1,0
Unvalidated,2024131445729,2024,131445729,2,9,0,2,0,0,0,1,0,0,0,0,4,1,5,2,31,6,-1,-1,-1,-1,4,1,E01010949,0
Unvalidated,2024131445749,2024,131445749,1,9,0,5,1,6,0,8,0,0,0,0,3,1,6,2,34,6,-1,-1,-1,-1,-1,1,-1,0
Unvalidated,2024131445749,2024,131445749,2,9,0,18,6,2,0,8,0,0,0,0,1,1,6,2,32,6,-1,-1,-1,-1,6,1,E01011299,0
Unvalidated,2024131445771,2024,131445771,1,9,0,18,5,1,0,8,0,0,0,0,4,1,6,1,49,8,-1,-1,-1,-1,1,1,E01033692,0
Unvalidated,2024131445771,2024,131445771,2,9,0,18,7,3,0,8,0,0,0,0,1,1,6,1,59,9,-1,-1,-1,-1,1,1,E01033691,0
Unvalidated,2024131445775,2024,131445775,1,9,0,18,6,2,0,0,0,0,0,0,1,1,1,1,40,7,-1,-1,-1,-1,1,1,E01011869,0
Unvalidated,2024131446092,2024,131446092,1,9,0,-1,-1,-1,-1,-1,-1,-1,-1,-1,-1,1,6,3,-1,-1,-1,-1,-1,-1,-1,-1,-1,0
Unvalidated,2024131446198,2024,131446198,1,9,0,17,2,6,0,0,0,0,0,0,3,1,5,2,20,4,-1,-1,-1,-1,9,1,E01013397,0
Unvalidated,2024131446198,2024,131446198,2,9,0,16,6,2,0,0,0,0,0,0,1,1,5,2,40,7,-1,-1,-1,-1,6,1,E01011704,0
Unvalidated,2024131446217,2024,131446217,1,9,0,18,1,5,0,8,0,0,7,1,1,1,5,2,61,9,-1,-1,-1,-1,3,1,E01011718,0
Unvalidated,2024131446217,2024,131446217,2,9,0,9,1,6,0,8,-1,-1,-1,0,0,1,5,1,70,10,-1,-1,-1,-1,8,2,E01011707,0
Unvalidated,2024131446323,2024,131446323,1,1,0,18,1,5,0,1,0,0,0,0,1,1,1,1,19,4,-1,-1,-1,-1,1,1,E01011349,0
Unvalidated,2024131446323,2024,131446323,2,9,0,18,5,3,0,1,0,0,0,0,4,1,2,1,57,9,-1,-1,-1,-1,1,1,E01011673,0
Unvalidated,2024131446328,2024,131446328,1,9,0,-1,-1,-1,-1,0,-1,-1,-1,-1,-1,1,6,3,-1,-1,-1,-1,-1,-1,-1,-1,-1,0
Unvalidated,2024131446330,2024,131446330,1,9,0,5,5,3,0,0,0,0,0,0,2,1,5,2,26,6,-1,-1,-1,-1,1,1,E01010617,0
Unvalidated,2024131446330,2024,131446330,2,9,0,11,5,1,0,0,0,0,0,0,1,1,2,1,55,8,-1,-1,-1,-1,1,1,E01010627,0
Unvalidated,2024131446337,2024,131446337,1,9,0,9,5,1,0,0,0,0,0,0,4,1,5,1,49,8,-1,-1,-1,-1,3,1,E01010629,0
Unvalidated,2024131446337,2024,131446337,2,9,0,9,8,4,0,0,0,0,0,0,4,1,6,3,-1,-1,-1,-1,-1,-1,-1,-1,-1,0
Unvalidated,2024131446370,2024,131446370,1,1,0,18,5,1,0,8,0,0,0,0,1,1,5,1,42,7,-1,-1,-1,-1,5,1,E01011933,0
Unvalidated,2024131446370,2024,131446370,2,9,0,18,3,7,0,8,0,0,0,0,1,1,5,2,26,6,-1,-1,-1,-1,5,1,E01011902,0
Unvalidated,2024131446387,2024,131446387,1,19,0,9,1,2,0,2,0,0,0,0,1,1,5,1,39,7,-1,-1,-1,-1,1,1,E01010623,0
Unvalidated,2024131446406,2024,131446406,1,9,0,5,1,1,0,0,0,0,0,0,1,1,6,3,-1,-1,-1,-1,-1,-1,-1,-1,-1,0
Unvalidated,2024131446530,2024,131446530,1,9,0,18,2,6,0,8,0,0,0,0,1,1,6,1,61,9,-1,-1,-1,-1,3,1,E01010789,0
Unvalidated,2024131446530,2024,131446530,2,9,0,18,4,8,0,8,5,0,0,0,3,1,6,2,22,5,-1,-1,-1,-1,1,1,E01010811,0
Unvalidated,2024131446584,2024,131446584,1,9,0,18,4,8,0,8,0,0,0,0,1,1,5,1,66,10,-1,-1,-1,-1,1,1,E01010838,0
Unvalidated,2024131446665,2024,131446665,1,97,0,17,7,3,0,1,0,0,0,0,1,1,1,1,20,4,-1,-1,-1,-1,2,2,E01011771,0
Unvalidated,2024131446665,2024,131446665,2,9,0,9,7,3,0,1,0,0,0,0,4,1,5,1,59,9,-1,-1,-1,-1,4,1,E01007434,0
Unvalidated,2024131446682,2024,131446682,1,19,0,18,4,8,0,0,0,0,0,0,3,1,1,1,41,7,-1,-1,-1,-1,7,1,E01010573,0
Unvalidated,2024131446697,2024,131446697,1,9,0,18,3,7,0,0,1,0,0,0,1,1,6,2,24,5,-1,-1,-1,-1,1,1,E01010616,0
Unvalidated,2024131446786,2024,131446786,1,9,0,9,1,5,0,1,0,0,0,0,4,2,5,1,51,8,-1,-1,-1,-1,1,1,E01011901,0
Unvalidated,2024131446850,2024,131446850,1,9,0,7,5,1,0,1,0,0,0,0,1,1,1,1,51,8,-1,-1,-1,-1,1,1,E01010677,0
Unvalidated,2024131446868,2024,131446868,1,1,0,18,1,5,0,1,0,0,0,0,1,1,5,1,29,6,-1,-1,-1,-1,2,2,E01010583,0
Unvalidated,2024131446868,2024,131446868,2,9,0,9,5,1,0,1,0,0,0,0,1,1,5,1,21,5,-1,-1,-1,-1,1,1,E01011332,0
Unvalidated,2024131446940,2024,131446940,1,9,0,9,3,7,0,5,0,0,0,0,1,1,1,1,41,7,-1,-1,-1,-1,2,1,E01011043,0
Unvalidated,2024131446940,2024,131446940,2,1,0,18,3,7,0,8,0,0,0,0,1,1,5,1,61,9,-1,-1,-1,-1,9,2,E01011199,0
Unvalidated,2024131447007,2024,131447007,1,9,0,18,7,3,0,0,2,0,5,11,3,1,6,1,30,6,-1,-1,-1,-1,8,1,E01006100,0
Unvalidated,2024131447183,2024,131447183,1,19,0,13,5,1,0,8,0,0,0,0,1,1,1,1,23,5,-1,-1,-1,-1,7,1,E01011775,0
Unvalidated,2024131447183,2024,131447183,2,9,0,9,1,3,0,8,1,0,7,10,3,1,6,2,27,6,-1,-1,-1,-1,1,1,E01011677,0
Unvalidated,2024131447241,2024,131447241,1,9,0,18,3,7,9,0,0,0,0,0,4,1,6,1,-1,-1,-1,-1,-1,-1,-1,-1,-1,0
Unvalidated,2024131447272,2024,131447272,1,9,0,18,5,1,0,8,0,0,0,0,1,1,6,2,-1,-1,-1,-1,-1,-1,-1,-1,-1,0
Unvalidated,2024131447272,2024,131447272,2,1,0,18,7,3,0,8,5,0,0,0,3,1,5,2,10,2,-1,-1,-1,-1,1,1,E01011864,0
Unvalidated,2024131447273,2024,131447273,1,9,0,9,5,1,0,1,0,11,0,0,1,1,6,1,27,6,-1,-1,-1,-1,-1,-1,-1,0
Unvalidated,2024131447273,2024,131447273,2,9,0,18,7,3,0,1,0,0,0,0,1,1,6,1,31,6,-1,-1,-1,-1,1,1,E01011372,0
Unvalidated,2024131447273,2024,131447273,3,9,0,4,5,1,0,1,0,0,0,0,1,1,6,3,-1,-1,-1,-1,-1,-1,-1,-1,-1,0
Unvalidated,2024131447280,2024,131447280,1,9,0,18,7,3,0,6,0,0,0,0,1,1,6,1,19,4,-1,-1,-1,-1,2,1,E01010796,0
Unvalidated,2024131447280,2024,131447280,2,9,0,18,5,1,0,1,0,0,0,0,4,1,5,1,29,6,-1,-1,-1,-1,5,1,E01010708,0
Unvalidated,2024131447304,2024,131447304,1,9,0,7,2,8,0,2,0,0,0,0,4,1,6,3,-1,-1,-1,-1,-1,-1,-1,-1,-1,0
Unvalidated,2024131447304,2024,131447304,2,1,0,18,2,8,2,1,0,0,0,0,3,1,6,1,36,7,-1,-1,-1,-1,8,1,E01032488,0
Unvalidated,2024131447330,2024,131447330,1,9,0,18,1,5,0,8,0,0,6,9,1,1,5,1,19,4,-1,-1,-1,-1,3,1,E01005435,0
Unvalidated,2024131447420,2024,131447420,1,1,0,18,1,5,0,8,0,0,0,0,1,1,6,1,23,5,-1,-1,-1,-1,8,1,E01011207,0
Unvalidated,2024131447535,2024,131447535,1,9,0,2,3,3,0,0,0,0,0,0,0,1,1,1,51,8,-1,-1,-1,-1,2,1,E01011250,0
Unvalidated,2024131447535,2024,131447535,2,1,0,18,3,3,0,0,0,0,0,0,3,1,6,1,52,8,-1,-1,-1,-1,3,1,E01010805,0
Unvalidated,2024131447631,2024,131447631,1,9,0,-1,-1,-1,-1,-1,-1,-1,-1,-1,-1,1,6,3,-1,-1,-1,-1,-1,-1,-1,-1,-1,0
Unvalidated,2024131447688,2024,131447688,1,9,0,18,1,5,0,4,0,0,0,0,2,1,1,1,45,7,-1,-1,-1,-1,3,1,E01033542,0
Unvalidated,2024131447688,2024,131447688,2,9,0,18,1,5,0,1,0,0,0,0,1,1,2,1,75,10,-1,-1,-1,-1,2,1,E01011914,0
Unvalidated,2024131447723,2024,131447723,1,9,0,9,1,7,0,1,0,0,0,0,1,1,6,1,59,9,-1,-1,-1,-1,10,1,E01011894,0
Unvalidated,2024131447723,2024,131447723,2,9,0,10,3,1,2,1,0,0,0,0,1,1,5,1,55,8,-1,-1,-1,-1,1,1,E01011467,0
Unvalidated,2024131447780,2024,131447780,1,1,0,18,7,3,0,8,0,0,0,0,1,1,6,1,22,5,-1,-1,-1,-1,1,1,E01011316,0
Unvalidated,2024131447780,2024,131447780,2,19,0,4,7,3,0,8,0,0,0,0,2,1,1,1,52,8,-1,-1,-1,-1,2,1,E01032492,0
Unvalidated,2024131447791,2024,131447791,1,9,0,18,5,1,0,2,0,0,0,0,1,1,1,1,52,8,-1,-1,-1,-1,9,2,E01021757,0
Unvalidated,2024131447791,2024,131447791,2,9,0,18,7,3,0,2,0,0,0,0,4,1,1,1,47,8,-1,-1,-1,-1,1,1,E01010666,0
Unvalidated,2024131447800,2024,131447800,1,9,0,-1,-1,-1,-1,-1,-1,-1,-1,-1,-1,1,6,3,-1,-1,-1,-1,-1,-1,-1,-1,-1,0
Unvalidated,2024131447800,2024,131447800,2,9,0,2,0,0,0,1,0,0,0,0,3,1,6,2,36,7,-1,-1,-1,-1,3,1,E01010998,0
Unvalidated,2024131447876,2024,131447876,1,90,0,-1,-1,-1,-1,8,-1,-1,-1,0,-1,1,6,3,-1,-1,-1,-1,-1,-1,-1,-1,-1,0
Unvalidated,2024131447876,2024,131447876,2,1,0,18,1,3,0,8,0,0,0,0,2,1,6,3,-1,-1,-1,-1,-1,-1,-1,-1,-1,0
Unvalidated,2024131447914,2024,131447914,1,9,0,8,4,8,0,0,0,0,1,0,3,1,5,2,32,6,-1,-1,-1,-1,5,1,E01011500,0
Unvalidated,2024131447914,2024,131447914,2,9,0,18,3,7,0,0,0,0,0,0,1,1,5,1,21,5,-1,-1,-1,-1,1,1,E01011466,0
Unvalidated,2024131447941,2024,131447941,1,9,0,17,1,5,0,8,0,0,0,0,1,1,6,1,18,4,-1,-1,-1,-1,1,1,E01010831,0
Unvalidated,2024131447941,2024,131447941,2,9,0,16,1,5,0,8,0,0,0,0,1,1,6,1,19,4,-1,-1,-1,-1,3,1,E01011267,0
Unvalidated,2024131447960,2024,131447960,1,9,0,5,1,1,0,8,0,0,0,0,1,1,6,2,28,6,-1,-1,-1,-1,1,1,E01010631,0
Unvalidated,2024131447960,2024,131447960,2,1,0,5,2,1,0,8,0,0,0,0,0,1,5,1,10,2,-1,-1,-1,-1,8,1,E01010907,0
Unvalidated,2024131448010,2024,131448010,1,98,0,18,1,1,0,6,0,0,0,0,1,1,2,1,32,6,-1,-1,-1,-1,6,1,E01010915,0
Unvalidated,2024131448010,2024,131448010,2,1,0,18,1,1,0,6,0,0,0,0,1,1,5,1,6,2,-1,-1,-1,-1,1,1,E01010926,0
Unvalidated,2024131448044,2024,131448044,1,19,0,-1,-1,-1,-1,-1,-1,-1,-1,-1,-1,1,6,3,-1,-1,-1,-1,-1,-1,-1,-1,-1,0
Unvalidated,2024131448044,2024,131448044,2,1,0,7,1,1,0,1,0,0,0,0,3,1,5,1,37,7,-1,-1,-1,-1,-1,-1,-1,0
Unvalidated,2024131448061,2024,131448061,1,1,0,16,8,4,0,0,0,0,0,0,0,1,6,3,-1,-1,-1,-1,-1,-1,-1,-1,-1,0
Unvalidated,2024131448061,2024,131448061,2,97,0,17,4,8,0,0,0,0,0,0,1,1,6,2,49,8,-1,-1,-1,-1,6,1,E01007698,0
Unvalidated,2024131448079,2024,131448079,1,5,0,18,3,7,0,8,5,0,1,0,1,1,6,1,40,7,-1,-1,-1,-1,3,1,E01010940,0
Unvalidated,2024131448079,2024,131448079,2,19,0,5,1,5,0,8,0,0,0,0,4,1,1,2,28,6,-1,-1,-1,-1,-1,-1,-1,0
Unvalidated,2024131448080,2024,131448080,1,9,0,11,7,1,0,8,0,0,0,0,4,1,5,1,21,5,-1,-1,-1,-1,3,1,E01012817,0
Unvalidated,2024131448080,2024,131448080,2,9,0,17,1,3,0,8,0,0,0,0,3,1,5,2,68,10,-1,-1,-1,-1,9,2,E01007428,0
Unvalidated,2024131448095,2024,131448095,1,5,0,18,5,1,0,0,1,0,0,0,4,1,5,1,63,9,-1,-1,-1,-1,1,1,E01011899,0
Unvalidated,2024131448127,2024,131448127,1,9,0,18,7,1,0,0,0,0,0,0,1,1,5,1,55,8,-1,-1,-1,-1,7,1,E01011550,0
Unvalidated,2024131448127,2024,131448127,2,9,0,18,7,1,0,0,0,0,0,0,2,1,2,2,22,5,-1,-1,-1,-1,2,1,E01010930,0
Unvalidated,2024131448127,2024,131448127,3,9,0,18,7,3,0,0,0,0,0,0,2,1,5,2,36,7,-1,-1,-1,-1,5,3,E01010934,0
Unvalidated,2024131448155,2024,131448155,1,9,0,13,1,5,0,0,0,0,0,0,1,1,5,1,18,4,-1,-1,-1,-1,9,1,E01010913,0
Unvalidated,2024131448155,2024,131448155,2,9,0,18,1,5,0,0,0,0,0,0,0,1,5,1,18,4,-1,-1,-1,-1,1,1,E01010941,0
Unvalidated,2024131448155,2024,131448155,3,9,0,18,1,5,0,0,0,0,0,0,0,1,5,2,28,6,-1,-1,-1,-1,8,2,E01010861,0
Unvalidated,2024131448198,2024,131448198,1,9,0,5,5,1,0,8,0,0,0,0,3,1,5,2,37,7,-1,-1,-1,-1,-1,-1,-1,0
Unvalidated,2024131448198,2024,131448198,2,1,0,13,3,7,0,1,5,0,0,0,1,1,6,3,-1,-1,-1,-1,-1,-1,-1,-1,-1,0
Unvalidated,2024131448208,2024,131448208,1,9,0,9,5,3,0,8,0,0,0,0,1,1,1,1,44,7,-1,-1,-1,-1,3,1,E01010805,0
Unvalidated,2024131448232,2024,131448232,1,9,0,18,7,3,0,1,0,0,0,0,2,1,6,1,40,7,-1,-1,-1,-1,8,1,E01007705,0
Unvalidated,2024131448232,2024,131448232,2,9,0,18,3,7,0,1,0,0,0,0,2,1,5,2,25,5,-1,-1,-1,-1,-1,-1,-1,0
Unvalidated,2024131448239,2024,131448239,1,11,0,18,1,5,0,0,0,0,0,0,4,1,1,1,36,7,-1,-1,-1,-1,8,1,E01027566,0
Unvalidated,2024131448242,2024,131448242,1,9,0,18,7,3,0,0,0,0,0,0,1,1,6,1,38,7,-1,-1,-1,-1,4,1,E01005688,0
Unvalidated,2024131448242,2024,131448242,2,9,0,18,7,3,0,0,0,0,0,0,2,1,6,2,32,6,-1,-1,-1,-1,1,1,E01007877,0
Unvalidated,2024131448242,2024,131448242,3,9,0,18,7,3,0,0,0,0,0,0,2,1,6,1,50,8,-1,-1,-1,-1,2,1,E01019206,0
Unvalidated,2024131448246,2024,131448246,1,9,0,18,5,1,0,0,0,4,1,0,1,1,5,1,73,10,-1,-1,-1,-1,4,2,E01010595,0
Unvalidated,2024131448246,2024,131448246,2,9,0,2,0,0,0,0,0,0,1,11,2,1,6,3,-1,-1,-1,-1,-1,-1,-1,-1,-1,0
Unvalidated,2024131448249,2024,131448249,1,9,0,18,1,5,0,2,0,0,0,0,1,1,1,1,46,8,-1,-1,-1,-1,1,1,E01010676,0
Unvalidated,2024131448257,2024,131448257,1,9,0,18,7,3,0,0,1,0,2,7,4,1,5,1,19,4,-1,-1,-1,-1,7,3,E01013020,0
Unvalidated,2024131448282,2024,131448282,1,9,0,7,5,8,0,8,0,0,0,0,1,1,5,2,19,4,-1,-1,-1,-1,1,1,E01011667,0
Unvalidated,2024131448282,2024,131448282,2,9,0,9,1,8,0,8,0,0,0,0,1,1,5,1,23,5,-1,-1,-1,-1,3,1,E01010810,0
Unvalidated,2024131448303,2024,131448303,1,3,0,17,5,1,0,8,2,0,0,0,3,1,2,2,30,6,-1,-1,-1,-1,5,1,E01011819,0
Unvalidated,2024131448325,2024,131448325,1,9,0,18,5,1,0,0,0,0,0,0,1,1,5,1,69,10,-1,-1,-1,-1,9,1,E01011844,0
Unvalidated,2024131448325,2024,131448325,2,9,0,18,5,1,0,0,1,0,0,0,2,1,5,1,54,8,-1,-1,-1,-1,6,1,E01011551,0
Unvalidated,2024131448325,2024,131448325,3,9,0,18,5,1,0,0,0,0,0,0,2,1,5,2,62,9,-1,-1,-1,-1,9,1,E01007386,0
Unvalidated,2024131448325,2024,131448325,4,10,0,18,5,1,0,0,0,0,0,0,1,1,5,1,72,10,-1,-1,-1,-1,3,1,E01011920,0
Unvalidated,2024131448325,2024,131448325,5,9,0,18,5,1,0,0,0,0,0,0,1,1,5,3,31,6,-1,-1,-1,-1,8,1,E01007309,0
Unvalidated,2024131448378,2024,131448378,1,9,0,2,3,7,9,0,0,0,0,0,4,1,5,1,84,11,-1,-1,-1,-1,5,1,E01010865,0
Unvalidated,2024131448392,2024,131448392,1,9,0,18,6,2,0,8,0,0,0,0,1,1,6,2,41,7,-1,-1,-1,-1,2,1,E01011281,0
Unvalidated,2024131448398,2024,131448398,1,9,0,18,5,4,0,2,2,0,8,5,1,1,5,1,42,7,-1,-1,-1,-1,2,1,E01011080,0
Unvalidated,2024131448400,2024,131448400,1,90,0,5,3,7,9,0,0,0,0,0,4,1,5,1,13,3,-1,-1,-1,-1,2,1,E01011558,0
Unvalidated,2024131448400,2024,131448400,2,9,0,18,3,7,0,0,0,0,0,0,1,1,5,1,64,9,-1,-1,-1,-1,5,1,E01010788,0
Unvalidated,2024131448423,2024,131448423,1,19,0,18,1,5,0,0,0,0,0,0,1,1,5,1,47,8,-1,-1,-1,-1,1,1,E01010617,0
Unvalidated,2024131448453,2024,131448453,1,9,0,17,4,8,0,0,1,0,0,0,1,1,5,1,34,6,-1,-1,-1,-1,1,1,E01033013,0
Unvalidated,2024131448453,2024,131448453,2,9,0,2,0,0,0,0,0,0,0,0,1,1,6,3,-1,-1,-1,-1,-1,-1,-1,-1,-1,0
Unvalidated,2024131448512,2024,131448512,1,9,0,18,8,4,0,8,1,0,0,0,1,1,2,2,28,6,-1,-1,-1,-1,-1,-1,-1,0
Unvalidated,2024131448512,2024,131448512,2,9,0,9,2,6,0,8,0,0,7,0,-1,1,6,3,-1,-1,-1,-1,-1,-1,-1,-1,-1,0
Unvalidated,2024131448544,2024,131448544,1,9,0,18,6,2,0,0,0,0,0,0,2,1,6,1,26,6,-1,-1,-1,-1,3,1,E01011853,0
Unvalidated,2024131448544,2024,131448544,2,9,0,18,6,2,0,0,0,0,0,0,1,1,6,1,46,8,-1,-1,-1,-1,8,1,E01030655,0
Unvalidated,2024131448544,2024,131448544,3,9,0,18,6,2,0,0,0,0,0,0,1,1,6,2,18,4,-1,-1,-1,-1,7,3,E01011193,0
Unvalidated,2024131448545,2024,131448545,1,9,0,9,3,1,0,8,0,0,0,0,1,1,5,1,46,8,-1,-1,-1,-1,1,1,E01011134,0
Unvalidated,2024131448545,2024,131448545,2,23,0,18,7,3,0,1,1,0,1,0,1,1,6,1,19,4,-1,-1,-1,-1,1,1,E01010743,0
Unvalidated,2024131448561,2024,131448561,1,9,0,18,5,1,0,0,0,0,0,0,4,1,5,2,24,5,-1,-1,-1,-1,2,1,E01011421,0