status,collision_index,collision_year,collision_reference,vehicle_reference,vehicle_type,towing_and_articulation,vehicle_manoeuvre,vehicle_direction_from,vehicle_direction_to,vehicle_location_restricted_lane,junction_location,skidding_and_overturning,hit_object_in_carriageway,vehicle_leaving_carriageway,hit_object_off_carriageway,first_point_of_impact,vehicle_left_hand_drive,journey_purpose_of_driver,sex_of_driver,age_of_driver,age_band_of_driver,engine_capacity_cc,propulsion_code,age_of_vehicle,generic_make_model,driver_imd_decile,driver_home_area_type,lsoa_of_driver,escooter_flag
Unvalidated,2024131448561,2024,131448561,2,9,0,5,5,2,8,0,0,0,0,0,3,1,6,1,32,6,-1,-1,-1,-1,1,1,E01011659,0
Unvalidated,2024131448564,2024,131448564,1,9,0,18,3,7,0,1,0,0,3,0,1,1,5,1,20,4,-1,-1,-1,-1,3,1,E01033032,0
Unvalidated,2024131448585,2024,131448585,1,9,0,7,7,5,0,2,1,0,0,0,1,1,6,3,-1,-1,-1,-1,-1,-1,-1,-1,-1,0
Unvalidated,2024131448585,2024,131448585,2,9,0,18,7,5,0,1,0,0,0,0,0,1,6,1,31,6,-1,-1,-1,-1,6,1,E01011525,0
Unvalidated,2024131448585,2024,131448585,3,9,0,18,5,5,0,2,0,0,0,0,1,1,6,1,22,5,-1,-1,-1,-1,1,1,E01010842,0
Unvalidated,2024131448641,2024,131448641,1,9,0,7,4,8,0,1,0,0,0,0,4,1,6,1,21,5,-1,-1,-1,-1,2,1,E01011370,0
Unvalidated,2024131448641,2024,131448641,2,11,0,18,4,8,0,1,0,0,0,0,1,1,1,1,21,5,-1,-1,-1,-1,-1,-1,-1,0
Unvalidated,2024131448653,2024,131448653,1,9,0,-1,-1,-1,-1,0,-1,-1,-1,-1,-1,1,6,3,-1,-1,-1,-1,-1,-1,-1,-1,-1,0
Unvalidated,2024131448704,2024,131448704,1,9,0,18,7,3,0,0,0,0,0,0,1,1,5,1,31,6,-1,-1,-1,-1,2,1,E01011915,0
Unvalidated,2024131448728,2024,131448728,1,9,0,18,1,1,0,1,0,0,0,0,1,1,5,1,74,10,-1,-1,-1,-1,2,1,E01010815,0
Unvalidated,2024131448728,2024,131448728,2,9,0,7,7,1,0,6,0,0,0,0,1,1,6,1,20,4,-1,-1,-1,-1,-1,-1,-1,0
Unvalidated,2024131448730,2024,131448730,1,9,0,1,5,1,0,8,0,0,0,0,2,1,5,1,56,9,-1,-1,-1,-1,6,1,E01011877,0
Unvalidated,2024131448751,2024,131448751,1,9,0,18,1,5,0,0,0,0,0,0,1,1,5,1,39,7,-1,-1,-1,-1,1,1,E01010679,0
Unvalidated,2024131448751,2024,131448751,2,1,0,18,5,1,0,0,0,0,0,0,1,1,6,3,32,6,-1,-1,-1,-1,1,1,E01011434,0
Unvalidated,2024131448758,2024,131448758,1,9,0,18,5,1,0,8,0,0,0,0,1,1,6,1,36,7,-1,-1,-1,-1,2,1,E01011025,0
Unvalidated,2024131448764,2024,131448764,1,90,0,18,1,5,0,1,0,0,0,0,1,1,6,1,32,6,-1,-1,-1,-1,1,1,E01010820,0
Unvalidated,2024131448764,2024,131448764,2,9,0,9,5,3,0,8,0,0,0,0,4,1,6,2,23,5,-1,-1,-1,-1,4,1,E01011606,0
Unvalidated,2024131448769,2024,131448769,1,9,0,16,4,7,0,8,0,0,0,0,1,1,5,1,25,5,-1,-1,-1,-1,3,1,E01007433,0
Unvalidated,2024131448769,2024,131448769,2,9,0,18,7,4,0,8,0,0,0,0,1,1,5,2,49,8,-1,-1,-1,-1,2,2,E01007328,0
Unvalidated,2024131448876,2024,131448876,1,8,0,-1,-1,-1,-1,-1,-1,-1,-1,-1,1,1,6,3,-1,-1,-1,-1,-1,-1,-1,-1,-1,0
Unvalidated,2024131448876,2024,131448876,2,1,0,18,4,8,4,1,0,0,0,0,2,1,6,1,26,6,-1,-1,-1,-1,7,1,E01011693,0
Unvalidated,2024131448965,2024,131448965,1,9,0,9,3,6,0,8,0,0,0,0,3,1,5,1,84,11,-1,-1,-1,-1,7,1,E01011878,0
Unvalidated,2024131448965,2024,131448965,2,20,0,18,6,2,0,1,0,0,0,0,1,1,1,2,29,6,-1,-1,-1,-1,6,1,E01032551,0
Unvalidated,2024131448991,2024,131448991,1,9,0,18,2,6,0,7,0,0,0,0,1,1,6,2,77,11,-1,-1,-1,-1,1,1,E01011620,0
Unvalidated,2024131448991,2024,131448991,2,19,0,18,6,8,0,8,0,0,1,0,3,1,6,1,43,7,-1,-1,-1,-1,1,1,E01011661,0
Unvalidated,2024131449060,2024,131449060,1,9,0,1,3,7,0,1,0,0,0,0,2,1,6,1,68,10,-1,-1,-1,-1,5,1,E01011147,0
Unvalidated,2024131449066,2024,131449066,1,9,0,16,3,7,0,1,0,0,0,0,3,1,5,1,19,4,-1,-1,-1,-1,3,3,E01010986,0
Unvalidated,2024131449066,2024,131449066,2,9,0,17,7,3,0,1,0,0,0,0,3,1,5,1,76,11,-1,-1,-1,-1,5,1,E01010982,0
Unvalidated,2024131449067,2024,131449067,1,9,0,18,6,2,0,0,0,0,7,4,1,1,6,1,55,8,-1,-1,-1,-1,2,1,E01010799,0
Unvalidated,2024131449077,2024,131449077,1,9,0,5,6,2,0,2,0,0,0,0,4,1,5,2,73,10,-1,-1,-1,-1,5,1,E01033016,0
Unvalidated,2024131449077,2024,131449077,2,9,0,18,1,5,0,1,0,0,0,0,1,1,1,1,32,6,-1,-1,-1,-1,1,1,E01011339,0
Unvalidated,2024131449146,2024,131449146,1,9,0,13,7,3,0,0,2,0,7,0,1,1,5,1,32,6,-1,-1,-1,-1,1,1,E01011764,0
Unvalidated,2024131449146,2024,131449146,2,9,0,18,7,3,0,0,0,0,0,0,0,1,6,2,56,9,-1,-1,-1,-1,8,3,E01011857,0
Unvalidated,2024131449146,2024,131449146,3,9,0,18,7,3,0,0,0,0,1,0,2,1,5,1,61,9,-1,-1,-1,-1,7,1,E01011755,0
Unvalidated,2024131449146,2024,131449146,4,9,0,18,3,7,0,0,0,0,0,0,1,1,5,2,31,6,-1,-1,-1,-1,6,1,E01011881,0
Unvalidated,2024131449156,2024,131449156,1,9,0,18,6,2,0,8,0,0,0,0,3,1,6,3,-1,-1,-1,-1,-1,-1,-1,-1,-1,0
Unvalidated,2024131449156,2024,131449156,2,19,0,18,4,8,0,8,0,0,0,0,1,1,5,1,65,9,-1,-1,-1,-1,7,3,E01010573,0
Unvalidated,2024131449156,2024,131449156,3,9,0,18,8,4,0,8,0,0,0,0,3,1,2,1,39,7,-1,-1,-1,-1,5,1,E01010651,0
Unvalidated,2024131449167,2024,131449167,1,9,0,18,4,8,0,8,0,0,0,0,3,1,5,1,36,7,-1,-1,-1,-1,4,3,E01011499,0
Unvalidated,2024131449167,2024,131449167,2,90,0,5,6,2,0,8,0,0,0,0,1,1,6,3,-1,-1,-1,-1,-1,-1,-1,-1,-1,0
Unvalidated,2024131449175,2024,131449175,1,9,0,9,7,3,0,8,0,0,0,0,1,1,5,1,23,5,-1,-1,-1,-1,3,1,E01010665,0
Unvalidated,2024131449179,2024,131449179,1,1,0,18,1,5,0,8,1,0,0,0,1,1,5,1,20,4,-1,-1,-1,-1,2,1,E01011740,0
Unvalidated,2024131449195,2024,131449195,1,9,0,16,4,4,0,0,0,0,0,0,1,1,6,1,35,6,-1,-1,-1,-1,3,1,E01011040,0
Unvalidated,2024131449195,2024,131449195,2,9,0,2,0,0,0,0,0,0,0,0,1,1,6,3,-1,-1,-1,-1,-1,-1,-1,-1,-1,0
Unvalidated,2024131449231,2024,131449231,1,90,0,5,5,1,0,1,0,0,0,0,4,1,1,2,62,9,-1,-1,-1,-1,6,1,E01011551,0
Unvalidated,2024131449231,2024,131449231,2,1,0,12,7,3,0,1,0,0,0,0,3,1,6,1,25,5,-1,-1,-1,-1,3,1,E01011920,0
Unvalidated,2024131449301,2024,131449301,1,9,0,-1,-1,-1,-1,-1,-1,-1,-1,-1,-1,1,6,2,-1,-1,-1,-1,-1,-1,-1,-1,-1,0
Unvalidated,2024131449324,2024,131449324,1,9,0,9,3,1,4,8,0,0,0,0,4,1,5,1,40,7,-1,-1,-1,-1,2,1,E01011032,0
Unvalidated,2024131449324,2024,131449324,2,1,0,18,7,3,4,8,0,0,0,0,1,1,5,1,54,8,-1,-1,-1,-1,7,1,E01011603,0
Unvalidated,2024131449378,2024,131449378,1,9,0,18,8,4,0,1,0,0,0,0,1,1,5,1,28,6,-1,-1,-1,-1,8,3,E01010896,0
Unvalidated,2024131449378,2024,131449378,2,9,0,9,6,2,0,8,0,0,8,0,4,1,5,2,20,4,-1,-1,-1,-1,6,3,E01011070,0
Unvalidated,2024131449378,2024,131449378,3,9,0,10,4,8,0,6,0,0,0,0,1,1,5,1,29,6,-1,-1,-1,-1,4,1,E01011153,0
Unvalidated,2024131449387,2024,131449387,1,1,0,18,5,1,0,8,0,0,0,0,1,1,6,1,20,4,-1,-1,-1,-1,2,1,E01011760,0
Unvalidated,2024131449387,2024,131449387,2,9,0,7,1,5,0,8,0,0,0,0,3,1,1,2,47,8,-1,-1,-1,-1,1,1,E01007365,0
Unvalidated,2024131449486,2024,131449486,1,9,0,18,5,1,0,0,0,0,0,0,1,1,6,3,-1,-1,-1,-1,-1,-1,1,1,E01010673,0
Unvalidated,2024131449486,2024,131449486,2,1,0,18,7,3,0,0,0,0,0,0,3,1,2,1,65,9,-1,-1,-1,-1,2,1,E01011268,0
Unvalidated,2024131449526,2024,131449526,1,9,0,18,3,7,0,0,0,0,0,0,1,1,5,2,30,6,-1,-1,-1,-1,1,1,E01011661,0
Unvalidated,2024131449526,2024,131449526,2,90,0,4,3,7,0,0,0,0,0,0,2,1,1,1,41,7,-1,-1,-1,-1,1,1,E01011467,0
Unvalidated,2024131449526,2024,131449526,3,9,0,4,3,7,0,0,0,0,0,0,2,1,5,1,32,6,-1,-1,-1,-1,2,1,E01027223,0
Unvalidated,2024131449537,2024,131449537,1,9,0,5,1,5,0,8,0,0,0,0,1,1,5,1,21,5,-1,-1,-1,-1,4,1,E01011098,0
Unvalidated,2024131449537,2024,131449537,2,9,0,18,7,3,0,8,0,0,0,0,4,1,1,1,44,7,-1,-1,-1,-1,1,1,E01011375,0
Unvalidated,2024131449560,2024,131449560,1,3,0,17,5,5,0,0,0,0,1,0,1,1,6,1,17,4,-1,-1,-1,-1,3,1,E01011718,0
Unvalidated,2024131449585,2024,131449585,1,9,0,18,1,5,0,8,0,0,0,0,3,1,5,2,55,8,-1,-1,-1,-1,3,3,E01011776,0
Unvalidated,2024131449585,2024,131449585,2,2,0,-1,-1,-1,-1,8,-1,-1,-1,0,-1,1,5,2,18,4,-1,-1,-1,-1,3,3,E01011776,0
Unvalidated,2024131449819,2024,131449819,1,9,0,18,2,6,0,2,0,0,0,0,4,1,5,2,33,6,-1,-1,-1,-1,5,1,E01011388,0
Unvalidated,2024131449819,2024,131449819,2,1,0,4,4,8,0,2,0,0,0,0,1,1,5,1,19,4,-1,-1,-1,-1,1,1,E01011735,0
Unvalidated,2024131449846,2024,131449846,1,9,0,-1,-1,-1,-1,8,-1,-1,-1,0,-1,1,6,3,50,8,-1,-1,-1,-1,-1,-1,-1,0
Unvalidated,2024131449846,2024,131449846,2,1,0,18,3,7,1,8,0,0,0,0,4,1,6,1,24,5,-1,-1,-1,-1,3,1,E01011313,0
Unvalidated,2024131449863,2024,131449863,1,9,0,-1,-1,-1,-1,0,-1,-1,-1,-1,-1,1,6,3,-1,-1,-1,-1,-1,-1,-1,-1,-1,0
Unvalidated,2024131449863,2024,131449863,2,9,0,2,7,3,0,0,0,0,0,0,2,1,6,3,-1,-1,-1,-1,-1,-1,-1,-1,-1,0
Unvalidated,2024131449940,2024,131449940,1,9,0,18,1,5,0,0,1,0,0,0,2,1,1,2,19,4,-1,-1,-1,-1,7,1,E01012053,0
Unvalidated,2024131449940,2024,131449940,2,9,0,18,1,5,0,0,0,0,0,0,1,1,1,1,43,7,-1,-1,-1,-1,2,1,E01031075,0
Unvalidated,2024131449952,2024,131449952,1,9,0,5,1,3,0,1,0,0,0,0,4,1,6,2,59,9,-1,-1,-1,-1,8,3,E01011561,0
Unvalidated,2024131449952,2024,131449952,2,1,0,18,3,7,0,1,0,0,0,0,3,1,1,1,25,5,-1,-1,-1,-1,1,1,E01011358,0
Unvalidated,2024131449992,2024,131449992,1,98,0,18,1,5,0,0,0,0,0,0,1,1,2,1,52,8,-1,-1,-1,-1,1,1,E01011430,0
Unvalidated,2024131449992,2024,131449992,2,1,0,18,5,1,0,0,0,0,0,0,4,1,5,1,10,2,-1,-1,-1,-1,1,1,E01011355,0
Unvalidated,2024131449994,2024,131449994,1,9,0,18,5,1,0,8,0,0,0,0,1,1,6,1,25,5,-1,-1,-1,-1,1,1,E01007718,0
Unvalidated,2024131449994,2024,131449994,2,9,0,18,7,3,0,8,0,0,0,0,1,1,6,2,41,7,-1,-1,-1,-1,3,1,E01007437,0
Unvalidated,2024131449994,2024,131449994,3,9,0,8,1,5,0,1,0,0,0,0,1,1,6,1,29,6,-1,-1,-1,-1,1,2,E01011789,0
Unvalidated,2024131450006,2024,131450006,1,9,0,18,1,5,0,0,1,0,1,0,1,1,6,1,37,7,-1,-1,-1,-1,2,1,E01011837,0
Unvalidated,2024131450006,2024,131450006,2,21,0,18,5,1,0,0,0,0,0,0,3,1,1,1,26,6,-1,-1,-1,-1,6,3,E01010857,0
Unvalidated,2024131450051,2024,131450051,1,9,0,4,5,2,0,0,0,0,0,0,1,1,6,1,73,10,-1,-1,-1,-1,7,1,E01011512,0
Unvalidated,2024131450051,2024,131450051,2,9,0,4,5,2,0,0,0,0,7,0,2,1,5,1,38,7,-1,-1,-1,-1,1,1,E01011143,0
Unvalidated,2024131450065,2024,131450065,1,9,0,18,7,3,0,1,0,0,0,0,1,1,6,1,33,6,-1,-1,-1,-1,1,1,E01010928,0
Unvalidated,2024131450065,2024,131450065,2,11,0,18,7,3,0,1,0,0,0,0,3,1,1,1,23,5,-1,-1,-1,-1,2,1,E01010930,0
Unvalidated,2024131450065,2024,131450065,3,9,0,18,3,7,0,1,0,0,0,0,1,1,6,1,86,11,-1,-1,-1,-1,1,1,E01011001,0
Unvalidated,2024131450089,2024,131450089,1,11,0,18,6,6,0,0,0,0,0,0,3,1,1,1,45,7,-1,-1,-1,-1,1,1,E01005581,0
Unvalidated,2024131450089,2024,131450089,2,9,0,17,2,2,0,0,0,0,0,0,3,1,5,1,78,11,-1,-1,-1,-1,4,1,E01010987,0
Unvalidated,2024131450153,2024,131450153,1,9,0,16,3,7,0,0,0,0,0,0,1,1,2,1,60,9,-1,-1,-1,-1,4,1,E01011157,0
Unvalidated,2024131450263,2024,131450263,1,9,0,-1,-1,-1,-1,0,-1,-1,-1,-1,-1,1,6,3,-1,-1,-1,-1,-1,-1,-1,-1,-1,0
Unvalidated,2024131450263,2024,131450263,2,9,0,16,1,3,0,0,0,0,0,0,3,1,5,1,28,6,-1,-1,-1,-1,9,3,E01011190,0
Unvalidated,2024131450265,2024,131450265,1,9,0,18,3,7,0,4,0,0,0,0,4,1,6,1,23,5,-1,-1,-1,-1,5,1,E01010853,0
Unvalidated,2024131450265,2024,131450265,2,9,0,18,1,5,0,4,0,0,0,0,3,1,6,2,60,9,-1,-1,-1,-1,4,1,E01010763,0
Unvalidated,2024131450268,2024,131450268,1,9,0,-1,-1,-1,-1,0,-1,-1,-1,-1,-1,1,6,3,-1,-1,-1,-1,-1,-1,-1,-1,-1,0
Unvalidated,2024131450316,2024,131450316,1,9,0,18,3,7,0,0,0,0,0,0,1,1,6,1,46,8,-1,-1,-1,-1,1,1,E01010659,0
Unvalidated,2024131450316,2024,131450316,2,9,0,16,3,7,0,0,0,0,0,0,2,1,6,2,40,7,-1,-1,-1,-1,6,1,E01010754,0
Unvalidated,2024131450343,2024,131450343,1,9,0,18,1,3,0,8,0,0,0,0,1,1,5,1,54,8,-1,-1,-1,-1,5,1,E01010598,0
Unvalidated,2024131450358,2024,131450358,1,9,0,13,6,2,0,1,1,0,6,11,3,1,1,1,44,7,-1,-1,-1,-1,1,1,E01011617,0
Unvalidated,2024131450358,2024,131450358,2,9,0,18,6,2,0,8,0,0,3,0,1,1,1,1,40,7,-1,-1,-1,-1,6,3,E01011885,0
Unvalidated,2024131450358,2024,131450358,3,9,0,18,6,2,0,8,0,0,0,0,1,1,1,1,44,7,-1,-1,-1,-1,6,1,E01011885,0
Unvalidated,2024131450358,2024,131450358,4,9,0,18,3,7,0,1,0,0,0,0,4,1,5,1,22,5,-1,-1,-1,-1,1,1,E01011427,0
Unvalidated,2024131450373,2024,131450373,1,9,0,18,1,5,0,2,0,0,0,0,2,1,2,1,51,8,-1,-1,-1,-1,1,1,E01010739,0
Unvalidated,2024131450373,2024,131450373,2,9,0,18,1,5,0,2,0,0,0,0,1,1,5,1,40,7,-1,-1,-1,-1,1,1,E01007949,0
Unvalidated,2024131450382,2024,131450382,1,4,0,4,5,1,0,1,0,0,0,0,3,1,5,1,52,8,-1,-1,-1,-1,3,1,E01032241,0
Unvalidated,2024131450385,2024,131450385,1,9,0,18,1,5,0,3,0,0,0,0,4,1,1,1,64,9,-1,-1,-1,-1,1,1,E01010809,0
Unvalidated,2024131450385,2024,131450385,2,9,0,18,3,7,0,2,0,0,1,0,1,1,2,2,22,5,-1,-1,-1,-1,2,1,E01010605,0
Unvalidated,2024131450405,2024,131450405,1,9,0,18,1,5,0,8,0,0,0,0,4,1,1,1,23,5,-1,-1,-1,-1,5,1,E01010849,0
Unvalidated,2024131450405,2024,131450405,2,9,0,18,1,5,0,8,0,0,0,0,2,1,6,2,50,8,-1,-1,-1,-1,10,2,E01010586,0
Unvalidated,2024131450435,2024,131450435,1,9,0,7,5,3,0,8,0,0,0,0,1,1,5,2,26,6,-1,-1,-1,-1,5,1,E01011749,0
Unvalidated,2024131450435,2024,131450435,2,9,0,18,3,3,0,8,0,0,0,0,1,1,5,2,52,8,-1,-1,-1,-1,1,1,E01011764,0
Unvalidated,2024131450437,2024,131450437,1,9,0,16,3,7,0,8,0,0,0,0,1,1,6,1,17,4,-1,-1,-1,-1,1,1,E01011348,0
Unvalidated,2024131450437,2024,131450437,2,9,0,17,7,3,0,8,0,0,0,0,1,1,6,1,61,9,-1,-1,-1,-1,3,1,E01011313,0
Unvalidated,2024131450442,2024,131450442,1,9,0,9,5,5,0,0,0,0,0,0,1,1,2,1,41,7,-1,-1,-1,-1,5,1,E01011263,0
Unvalidated,2024131450442,2024,131450442,2,97,0,18,7,7,0,0,0,0,0,0,1,1,2,1,36,7,-1,-1,-1,-1,1,1,E01010743,0
Unvalidated,2024131450471,2024,131450471,1,9,0,18,1,5,0,0,0,0,7,2,1,1,2,1,29,6,-1,-1,-1,-1,9,2,E01011199,0
Unvalidated,2024131450472,2024,131450472,1,90,0,9,3,8,0,1,0,0,0,0,1,1,5,1,12,3,-1,-1,-1,-1,2,1,E01011681,0
Unvalidated,2024131450472,2024,131450472,2,9,0,9,7,3,0,6,0,0,0,0,1,1,5,1,43,7,-1,-1,-1,-1,2,1,E01011236,0
Unvalidated,2024131450485,2024,131450485,1,9,0,18,3,7,0,8,0,0,0,0,4,1,5,1,21,5,-1,-1,-1,-1,4,1,E01011597,0
Unvalidated,2024131450485,2024,131450485,2,9,0,18,5,1,0,8,0,0,0,0,1,1,5,2,37,7,-1,-1,-1,-1,3,1,E01011449,0
Unvalidated,2024131450496,2024,131450496,1,9,0,18,1,1,0,0,0,10,7,6,1,1,2,1,42,7,-1,-1,-1,-1,1,1,E01011003,0
Unvalidated,2024131450538,2024,131450538,1,9,0,18,7,3,0,0,2,0,2,0,1,1,5,1,50,8,-1,-1,-1,-1,10,1,-1,0
Unvalidated,2024131450538,2024,131450538,2,9,0,18,7,3,0,0,0,0,0,0,3,1,5,1,-1,-1,-1,-1,-1,-1,1,1,E01010614,0
Unvalidated,2024131450538,2024,131450538,3,9,0,18,7,3,0,0,0,0,0,0,0,1,5,1,-1,-1,-1,-1,-1,-1,1,1,E01010614,0
Unvalidated,2024131450538,2024,131450538,4,9,0,18,7,3,0,0,0,0,0,0,0,1,5,1,36,7,-1,-1,-1,-1,6,3,E01011885,0
Unvalidated,2024131450572,2024,131450572,1,9,0,9,7,5,0,6,0,0,0,0,1,1,5,1,27,6,-1,-1,-1,-1,1,1,E01013296,0
Unvalidated,2024131450597,2024,131450597,1,98,0,-1,-1,-1,-1,-1,-1,-1,-1,0,-1,1,6,3,-1,-1,-1,-1,-1,-1,4,2,E01010595,0
Unvalidated,2024131450610,2024,131450610,1,98,0,-1,-1,-1,-1,8,-1,-1,-1,0,-1,1,6,3,-1,-1,-1,-1,-1,-1,-1,-1,-1,0
Unvalidated,2024131450610,2024,131450610,2,16,0,16,5,1,0,8,0,0,0,0,0,1,5,2,53,8,-1,-1,-1,-1,4,1,E01010987,0
Unvalidated,2024131450642,2024,131450642,1,9,0,6,3,1,0,6,0,0,0,0,4,1,5,2,21,5,-1,-1,-1,-1,3,1,E01010940,0
Unvalidated,2024131450642,2024,131450642,2,11,0,18,5,1,0,1,0,0,0,0,3,1,1,1,21,5,-1,-1,-1,-1,4,1,E01010784,0
Unvalidated,2024131450647,2024,131450647,1,11,0,18,1,5,2,2,0,0,0,0,1,1,1,1,60,9,-1,-1,-1,-1,1,1,E01011349,0
Unvalidated,2024131450657,2024,131450657,1,9,0,-1,-1,-1,-1,0,-1,-1,-1,-1,-1,1,6,3,-1,-1,-1,-1,-1,-1,-1,-1,-1,0
Unvalidated,2024131450657,2024,131450657,2,9,0,18,2,6,0,0,0,0,0,0,1,1,5,1,33,6,-1,-1,-1,-1,4,1,E01011597,0
Unvalidated,2024131450729,2024,131450729,1,9,0,-1,-1,-1,-1,0,-1,-1,-1,-1,-1,1,6,3,-1,-1,-1,-1,-1,-1,-1,-1,-1,0
Unvalidated,2024131450730,2024,131450730,1,9,0,18,2,2,0,1,0,0,0,0,1,1,6,1,65,9,-1,-1,-1,-1,5,1,E01011158,0
Unvalidated,2024131450730,2024,131450730,2,9,0,18,1,8,0,2,1,0,0,0,4,1,5,2,50,8,-1,-1,-1,-1,3,1,E01011519,0
Unvalidated,2024131450748,2024,131450748,1,9,0,18,3,7,0,0,0,0,0,0,1,1,5,1,21,5,-1,-1,-1,-1,3,1,E01011670,0
Unvalidated,2024131450759,2024,131450759,1,9,0,16,5,5,0,0,5,10,0,0,1,1,5,2,24,5,-1,-1,-1,-1,9,1,E01011151,0
Unvalidated,2024131450761,2024,131450761,1,9,0,18,5,1,0,0,0,0,0,0,1,1,6,2,43,7,-1,-1,-1,-1,6,1,E01010909,0
Unvalidated,2024131450761,2024,131450761,2,9,0,18,5,1,0,0,0,0,0,0,2,1,1,1,43,7,-1,-1,-1,-1,5,1,E01010668,0
Unvalidated,2024131450812,2024,131450812,1,9,0,9,3,7,0,1,0,0,0,0,1,1,5,1,39,7,-1,-1,-1,-1,3,1,E01010629,0
Unvalidated,2024131450812,2024,131450812,2,23,0,18,7,3,0,1,0,0,1,0,1,1,5,1,20,4,-1,-1,-1,-1,1,1,E01010614,0
Unvalidated,2024131450830,2024,131450830,1,3,0,9,5,7,0,3,0,0,1,0,4,1,5,1,67,10,-1,-1,-1,-1,1,1,E01011345,0
Unvalidated,2024131450859,2024,131450859,1,9,0,-1,-1,-1,-1,8,-1,-1,-1,0,-1,1,6,3,-1,-1,-1,-1,-1,-1,-1,-1,-1,0
Unvalidated,2024131450859,2024,131450859,2,9,0,2,0,0,0,8,0,0,0,0,3,1,6,3,-1,-1,-1,-1,-1,-1,-1,-1,-1,0
Unvalidated,2024131450859,2024,131450859,3,19,0,18,5,1,0,8,0,0,0,0,1,1,1,1,46,8,-1,-1,-1,-1,2,1,E01007967,0
Unvalidated,2024131450872,2024,131450872,1,9,0,18,1,5,0,0,0,0,0,0,4,1,6,2,24,5,-1,-1,-1,-1,9,3,E01027687,0
Unvalidated,2024131450873,2024,131450873,1,8,0,-1,-1,-1,-1,0,-1,-1,-1,-1,-1,1,6,3,-1,-1,-1,-1,-1,-1,-1,-1,-1,0
Unvalidated,2024131450894,2024,131450894,1,9,0,9,7,5,0,0,0,0,0,0,1,1,5,2,42,7,-1,-1,-1,-1,2,1,E01011558,0
Unvalidated,2024131450894,2024,131450894,2,9,0,18,1,5,0,0,0,0,0,0,3,1,1,1,30,6,-1,-1,-1,-1,9,2,E01010648,0
Unvalidated,2024131450899,2024,131450899,1,9,0,18,5,1,0,0,0,0,0,0,4,1,5,1,58,9,-1,-1,-1,-1,1,1,E01032497,0
Unvalidated,2024131450902,2024,131450902,1,9,0,7,5,1,0,5,0,0,0,0,4,1,5,1,32,6,-1,-1,-1,-1,5,1,E01010849,0
Unvalidated,2024131450902,2024,131450902,2,90,0,18,5,1,9,8,0,0,0,0,1,1,5,1,24,5,-1,-1,-1,-1,3,1,E01010864,0
Unvalidated,2024131450924,2024,131450924,1,9,0,4,7,3,0,0,0,0,0,0,2,1,6,1,19,4,-1,-1,-1,-1,9,1,E01008234,0
Unvalidated,2024131450924,2024,131450924,2,9,0,18,7,3,0,0,0,0,0,0,1,1,5,1,59,9,-1,-1,-1,-1,2,1,E01011043,0
Unvalidated,2024131450936,2024,131450936,1,9,0,-1,-1,-1,-1,0,-1,-1,-1,-1,-1,1,6,3,-1,-1,-1,-1,-1,-1,-1,-1,-1,0
Unvalidated,2024131450999,2024,131450999,1,9,0,18,4,8,0,8,0,0,0,0,1,1,5,1,31,6,-1,-1,-1,-1,3,1,E01010597,0
Unvalidated,2024131451018,2024,131451018,1,9,0,18,7,3,0,4,0,0,0,0,3,1,5,1,69,10,-1,-1,-1,-1,8,2,E01027896,0
Unvalidated,2024131451018,2024,131451018,2,9,0,18,5,1,0,3,0,0,0,0,4,1,5,3,45,7,-1,-1,-1,-1,8,1,E01011714,0
Unvalidated,2024131451056,2024,131451056,1,9,0,18,1,5,0,0,1,10,1,4,1,1,5,1,18,4,-1,-1,-1,-1,1,1,E01011901,0
Unvalidated,2024131451058,2024,131451058,1,90,0,18,3,7,0,0,5,0,0,0,0,1,5,1,39,7,-1,-1,-1,-1,1,1,E01011467,0
Unvalidated,2024131451186,2024,131451186,1,9,0,4,1,5,0,0,0,0,0,0,2,1,5,1,25,5,-1,-1,-1,-1,1,1,E01011434,0
Unvalidated,2024131451186,2024,131451186,2,9,0,4,2,6,0,0,0,0,0,0,1,1,2,1,29,6,-1,-1,-1,-1,1,1,E01011373,0
Unvalidated,2024131451248,2024,131451248,1,90,0,9,1,2,0,1,0,0,0,0,3,1,1,1,51,8,-1,-1,-1,-1,9,2,E01011874,0
Unvalidated,2024131451248,2024,131451248,2,5,0,14,1,1,0,8,0,0,0,0,4,1,6,1,64,9,-1,-1,-1,-1,7,1,E01011775,0
Unvalidated,2024131451323,2024,131451323,1,21,0,18,3,7,0,0,0,0,0,0,1,1,1,1,66,10,-1,-1,-1,-1,5,3,E01028959,0
Unvalidated,2024131451323,2024,131451323,2,9,0,4,3,7,0,0,1,0,0,0,2,1,5,1,40,7,-1,-1,-1,-1,5,2,E01010921,0
Unvalidated,2024131451323,2024,131451323,3,21,0,18,3,7,0,0,0,0,0,0,1,1,1,1,49,8,-1,-1,-1,-1,1,1,E01018519,0
Unvalidated,2024131451333,2024,131451333,1,9,0,18,2,6,0,1,1,0,0,0,1,1,5,1,22,5,-1,-1,-1,-1,7,1,E01011145,0
Unvalidated,2024131451333,2024,131451333,2,9,0,9,4,2,0,8,0,0,0,0,1,1,6,2,58,9,-1,-1,-1,-1,3,1,E01011100,0
Unvalidated,2024131451342,2024,131451342,1,9,0,18,7,3,0,8,0,0,0,0,1,1,6,3,-1,-1,-1,-1,-1,-1,-1,-1,-1,0