status,collision_index,collision_year,collision_reference,vehicle_reference,vehicle_type,towing_and_articulation,vehicle_manoeuvre,vehicle_direction_from,vehicle_direction_to,vehicle_location_restricted_lane,junction_location,skidding_and_overturning,hit_object_in_carriageway,vehicle_leaving_carriageway,hit_object_off_carriageway,first_point_of_impact,vehicle_left_hand_drive,journey_purpose_of_driver,sex_of_driver,age_of_driver,age_band_of_driver,engine_capacity_cc,propulsion_code,age_of_vehicle,generic_make_model,driver_imd_decile,driver_home_area_type,lsoa_of_driver,escooter_flag
Unvalidated,2024131451342,2024,131451342,2,9,0,18,7,3,0,8,0,0,0,0,0,1,1,1,27,6,-1,-1,-1,-1,7,1,E01011350,0
Unvalidated,2024131451359,2024,131451359,1,4,0,13,3,7,0,8,5,0,0,0,1,1,5,1,15,3,-1,-1,-1,-1,2,1,E01011552,0
Unvalidated,2024131451359,2024,131451359,2,8,0,9,1,5,0,8,0,0,0,0,1,1,1,1,38,7,-1,-1,-1,-1,-1,-1,-1,0
Unvalidated,2024131451369,2024,131451369,1,9,0,18,7,3,0,0,0,4,0,0,1,1,6,1,41,7,-1,-1,-1,-1,1,1,E01033013,0
Unvalidated,2024131451369,2024,131451369,2,9,0,9,5,3,0,0,0,0,0,0,0,1,2,1,45,7,-1,-1,-1,-1,4,1,E01011323,0
Unvalidated,2024131451369,2024,131451369,3,9,0,2,0,0,0,0,0,4,0,0,2,1,6,3,-1,-1,-1,-1,-1,-1,-1,-1,-1,0
Unvalidated,2024131451369,2024,131451369,4,9,0,2,0,0,0,0,0,4,0,0,2,1,6,3,-1,-1,-1,-1,-1,-1,-1,-1,-1,0
Unvalidated,2024131451369,2024,131451369,5,9,0,2,0,0,0,0,0,4,0,0,2,1,6,3,-1,-1,-1,-1,-1,-1,-1,-1,-1,0
Unvalidated,2024131451379,2024,131451379,1,9,0,18,1,5,0,8,0,0,0,0,1,1,6,1,46,8,-1,-1,-1,-1,2,1,E01010658,0
Unvalidated,2024131451379,2024,131451379,2,9,0,9,5,1,0,8,1,0,7,0,4,1,6,2,28,6,-1,-1,-1,-1,1,1,E01010838,0
Unvalidated,2024131451600,2024,131451600,1,9,0,18,5,1,0,1,0,0,0,0,1,1,1,1,36,7,-1,-1,-1,-1,3,1,E01011907,0
Unvalidated,2024131451600,2024,131451600,2,9,0,3,5,1,0,4,0,0,0,0,2,1,5,2,27,6,-1,-1,-1,-1,-1,-1,-1,0
Unvalidated,2024131451656,2024,131451656,1,9,0,-1,-1,-1,-1,-1,-1,-1,-1,-1,-1,1,6,3,-1,-1,-1,-1,-1,-1,-1,-1,-1,0
Unvalidated,2024131451666,2024,131451666,1,9,0,11,1,5,0,0,0,0,0,0,0,1,6,1,37,7,-1,-1,-1,-1,2,1,E01011763,0
Unvalidated,2024131451666,2024,131451666,2,11,0,4,1,5,0,0,0,0,0,0,0,1,1,1,32,6,-1,-1,-1,-1,2,1,E01011814,0
Unvalidated,2024131451670,2024,131451670,1,90,0,-1,-1,-1,-1,-1,-1,-1,-1,-1,-1,1,6,3,-1,-1,-1,-1,-1,-1,-1,-1,-1,0
Unvalidated,2024131451670,2024,131451670,2,1,0,18,4,8,0,1,0,0,0,0,3,1,6,3,-1,-1,-1,-1,-1,-1,-1,-1,-1,0
Unvalidated,2024131451824,2024,131451824,1,9,0,-1,-1,-1,-1,0,-1,-1,-1,-1,-1,1,6,2,32,6,-1,-1,-1,-1,3,1,E01010597,0
Unvalidated,2024131451869,2024,131451869,1,9,0,12,5,1,0,0,1,0,0,0,3,1,1,1,49,8,-1,-1,-1,-1,1,1,E01010701,0
Unvalidated,2024131451869,2024,131451869,2,9,0,18,5,1,0,0,1,7,7,2,1,1,2,1,25,5,-1,-1,-1,-1,6,3,E01025202,0
Unvalidated,2024131451965,2024,131451965,1,9,0,18,1,5,0,0,0,0,0,0,1,1,2,2,26,6,-1,-1,-1,-1,3,1,E01011225,0
Unvalidated,2024131451990,2024,131451990,1,9,0,9,2,1,0,5,0,0,0,0,1,1,6,3,-1,-1,-1,-1,-1,-1,-1,-1,-1,0
Unvalidated,2024131451990,2024,131451990,2,1,0,18,2,1,0,1,0,0,0,0,1,1,6,1,43,7,-1,-1,-1,-1,10,1,E01011932,0
Unvalidated,2024131451998,2024,131451998,1,9,0,-1,-1,-1,-1,0,-1,-1,-1,-1,-1,1,6,3,-1,-1,-1,-1,-1,-1,-1,-1,-1,0
Unvalidated,2024131451998,2024,131451998,2,9,0,2,1,1,0,0,0,0,0,0,3,1,6,1,25,5,-1,-1,-1,-1,3,1,E01011261,0
Unvalidated,2024131452003,2024,131452003,1,9,0,18,3,7,0,0,0,0,0,0,4,1,6,2,71,10,-1,-1,-1,-1,6,1,E01011802,0
Unvalidated,2024131452003,2024,131452003,2,9,0,2,7,3,0,0,0,0,0,0,3,1,5,1,45,7,-1,-1,-1,-1,1,1,E01011917,0
Unvalidated,2024131452042,2024,131452042,1,11,0,5,5,1,0,0,0,0,0,0,0,1,1,2,48,8,-1,-1,-1,-1,1,1,E01010967,0
Unvalidated,2024131452055,2024,131452055,1,9,0,4,1,5,0,8,0,0,0,0,2,1,5,2,58,9,-1,-1,-1,-1,6,3,E01010590,0
Unvalidated,2024131452055,2024,131452055,2,9,0,18,1,5,0,8,0,0,0,0,1,1,5,2,58,9,-1,-1,-1,-1,3,1,E01011064,0
Unvalidated,2024131452094,2024,131452094,1,9,0,18,1,5,0,8,0,0,0,0,1,1,2,2,34,6,-1,-1,-1,-1,5,1,E01011731,0
Unvalidated,2024131452094,2024,131452094,2,9,0,9,1,5,0,8,0,0,0,0,2,1,2,2,57,9,-1,-1,-1,-1,2,1,E01011284,0
Unvalidated,2024131452138,2024,131452138,1,17,0,11,3,7,0,0,0,0,0,0,2,1,1,1,58,9,-1,-1,-1,-1,5,1,E01016593,0
Unvalidated,2024131452138,2024,131452138,2,9,0,18,3,7,0,0,0,0,0,0,1,1,5,1,52,8,-1,-1,-1,-1,5,1,E01011523,0
Unvalidated,2024131452138,2024,131452138,3,9,0,18,3,7,0,0,0,0,0,0,1,1,5,1,46,8,-1,-1,-1,-1,6,1,E01006503,0
Unvalidated,2024131452138,2024,131452138,4,9,0,18,3,7,0,0,0,0,0,0,1,1,5,1,20,4,-1,-1,-1,-1,2,1,E01011167,0
Unvalidated,2024131452143,2024,131452143,1,9,0,18,3,7,0,8,0,0,0,0,4,1,5,2,21,5,-1,-1,-1,-1,1,1,E01010996,0
Unvalidated,2024131452143,2024,131452143,2,90,0,18,3,7,0,8,0,0,0,0,3,1,5,1,16,4,-1,-1,-1,-1,1,1,E01010965,1
Unvalidated,2024131452149,2024,131452149,1,9,0,18,1,5,0,8,0,0,0,0,3,1,6,1,26,6,-1,-1,-1,-1,1,1,E01010623,0
Unvalidated,2024131452166,2024,131452166,1,9,0,18,1,5,0,1,0,0,0,0,4,1,5,2,41,7,-1,-1,-1,-1,1,1,E01010841,0
Unvalidated,2024131452166,2024,131452166,2,19,0,18,1,5,0,1,0,0,0,0,0,1,1,1,62,9,-1,-1,-1,-1,7,1,E01010684,0
Unvalidated,2024131452190,2024,131452190,1,9,0,18,7,3,0,0,0,0,0,0,1,1,2,2,33,6,-1,-1,-1,-1,3,1,E01011940,0
Unvalidated,2024131452190,2024,131452190,2,9,0,18,7,3,0,0,0,0,0,0,2,1,2,2,40,7,-1,-1,-1,-1,1,1,E01011918,0
Unvalidated,2024131452190,2024,131452190,3,9,0,18,7,3,0,0,0,0,0,0,2,1,2,1,36,7,-1,-1,-1,-1,4,1,E01011871,0
Unvalidated,2024131452197,2024,131452197,1,9,0,9,5,3,9,0,0,0,0,0,4,1,5,1,79,11,-1,-1,-1,-1,10,3,E01011932,0
Unvalidated,2024131452197,2024,131452197,2,1,0,18,7,3,9,0,0,0,0,0,1,1,5,1,8,2,-1,-1,-1,-1,8,2,E01011931,0
Unvalidated,2024131452222,2024,131452222,1,9,0,9,1,1,0,8,0,0,0,0,1,1,5,3,25,5,-1,-1,-1,-1,1,1,E01011368,0
Unvalidated,2024131452222,2024,131452222,2,9,0,18,1,1,0,8,0,0,0,0,1,1,6,1,54,8,-1,-1,-1,-1,5,1,E01010898,0
Unvalidated,2024131452228,2024,131452228,1,98,0,18,7,7,0,1,0,0,0,0,1,2,1,1,30,6,-1,-1,-1,-1,8,1,E01011694,0
Unvalidated,2024131452228,2024,131452228,2,9,0,18,7,7,0,1,0,0,0,0,4,1,1,1,57,9,-1,-1,-1,-1,1,1,E01010745,0
Unvalidated,2024131452273,2024,131452273,1,9,0,-1,-1,-1,-1,8,-1,-1,-1,0,1,1,6,1,17,4,-1,-1,-1,-1,1,1,E01010702,0
Unvalidated,2024131452273,2024,131452273,2,9,0,3,7,1,0,8,0,0,0,0,2,1,5,2,48,8,-1,-1,-1,-1,8,1,E01010672,0
Unvalidated,2024131452273,2024,131452273,3,9,0,18,7,1,0,8,0,0,0,0,0,1,1,1,-1,-1,-1,-1,-1,-1,6,3,E01011885,0
Unvalidated,2024131452374,2024,131452374,1,98,0,7,3,7,0,0,0,0,0,0,1,1,1,1,45,7,-1,-1,-1,-1,8,1,E01011684,0
Unvalidated,2024131452374,2024,131452374,2,98,0,4,3,7,0,0,0,0,0,0,2,1,1,1,51,8,-1,-1,-1,-1,9,1,E01007663,0
Unvalidated,2024131452411,2024,131452411,1,9,0,18,1,5,0,0,0,0,0,0,1,1,6,3,-1,-1,-1,-1,-1,-1,-1,-1,-1,0
Unvalidated,2024131452411,2024,131452411,2,9,0,18,1,5,0,0,0,0,0,0,2,1,6,2,42,7,-1,-1,-1,-1,2,1,E01011032,0
Unvalidated,2024131452411,2024,131452411,3,9,0,18,1,5,0,0,0,0,0,0,-1,1,6,3,-1,-1,-1,-1,-1,-1,-1,-1,-1,0
Unvalidated,2024131452462,2024,131452462,1,9,0,-1,-1,-1,-1,0,-1,-1,-1,-1,-1,1,6,3,-1,-1,-1,-1,-1,-1,-1,-1,-1,0
Unvalidated,2024131452479,2024,131452479,1,9,0,9,2,1,0,4,0,0,0,0,1,1,6,3,-1,-1,-1,-1,-1,-1,-1,-1,-1,0
Unvalidated,2024131452479,2024,131452479,2,9,0,18,2,2,0,3,0,0,1,0,3,1,6,1,48,8,-1,-1,-1,-1,1,1,E01011617,0
Unvalidated,2024131452544,2024,131452544,1,8,0,4,0,0,9,8,0,0,0,0,0,1,1,1,67,10,-1,-1,-1,-1,4,1,E01011647,0
Unvalidated,2024131452548,2024,131452548,1,9,0,-1,-1,-1,-1,0,-1,-1,-1,-1,-1,1,6,3,-1,-1,-1,-1,-1,-1,-1,-1,-1,0
Unvalidated,2024131452590,2024,131452590,1,9,0,6,1,5,0,7,1,0,7,0,3,1,6,2,24,5,-1,-1,-1,-1,2,1,E01011665,0
Unvalidated,2024131452590,2024,131452590,2,21,0,18,1,5,0,1,0,0,0,0,1,1,1,1,50,8,-1,-1,-1,-1,4,1,E01011822,0
Unvalidated,2024131452591,2024,131452591,1,9,0,18,5,1,0,1,0,0,2,0,1,1,5,2,38,7,-1,-1,-1,-1,2,1,E01015938,0
Unvalidated,2024131452591,2024,131452591,2,19,0,18,5,1,0,1,0,0,0,0,0,1,5,1,36,7,-1,-1,-1,-1,2,1,E01015938,0
Unvalidated,2024131452605,2024,131452605,1,90,0,18,6,2,0,1,0,0,0,0,2,1,6,3,-1,-1,-1,-1,-1,-1,-1,-1,-1,0
Unvalidated,2024131452605,2024,131452605,2,9,0,10,6,4,0,1,0,0,0,0,0,1,5,2,17,4,-1,-1,-1,-1,3,1,E01011761,0
Unvalidated,2024131452606,2024,131452606,2,9,0,18,5,1,0,0,0,0,0,0,2,1,6,1,39,7,-1,-1,-1,-1,3,1,E01007363,0
Unvalidated,2024131452606,2024,131452606,3,9,0,11,-1,-1,0,0,0,0,0,0,-1,1,6,3,-1,-1,-1,-1,-1,-1,-1,-1,-1,0
Unvalidated,2024131452652,2024,131452652,1,9,0,5,-1,-1,0,0,-1,-1,-1,-1,-1,1,6,3,-1,-1,-1,-1,-1,-1,-1,-1,-1,0
Unvalidated,2024131452684,2024,131452684,1,9,0,18,3,3,0,0,0,0,0,0,3,1,5,1,43,7,-1,-1,-1,-1,1,1,E01011312,0
Unvalidated,2024131452684,2024,131452684,2,1,0,18,3,3,0,0,0,0,0,0,1,1,5,1,56,9,-1,-1,-1,-1,1,1,E01011677,0
Unvalidated,2024131452691,2024,131452691,1,9,0,9,1,1,0,2,0,0,0,0,1,1,5,1,65,9,-1,-1,-1,-1,4,1,E01010727,0
Unvalidated,2024131452691,2024,131452691,2,9,0,18,1,1,0,8,0,0,0,0,1,1,5,3,27,6,-1,-1,-1,-1,1,1,E01010702,0
Unvalidated,2024131452760,2024,131452760,1,9,0,18,5,1,0,0,1,0,7,0,1,1,2,2,42,7,-1,-1,-1,-1,6,1,E01010948,0
Unvalidated,2024131452848,2024,131452848,1,1,0,18,3,7,0,1,0,0,2,0,1,1,5,2,54,8,-1,-1,-1,-1,2,1,E01011149,0
Unvalidated,2024131452848,2024,131452848,2,9,0,2,0,0,0,1,0,0,0,0,3,1,6,3,-1,-1,-1,-1,-1,-1,-1,-1,-1,0
Unvalidated,2024131452891,2024,131452891,1,98,0,-1,-1,-1,-1,-1,-1,-1,-1,-1,-1,1,6,3,-1,-1,-1,-1,-1,-1,-1,-1,-1,0
Unvalidated,2024131452972,2024,131452972,1,9,0,11,5,8,0,0,0,0,0,0,4,1,6,1,-1,-1,-1,-1,-1,-1,-1,-1,-1,0
Unvalidated,2024131452972,2024,131452972,2,98,0,18,5,1,0,0,0,0,0,0,3,1,6,1,69,10,-1,-1,-1,-1,1,1,E01010654,0
Unvalidated,2024131452974,2024,131452974,1,9,0,18,4,8,0,8,0,0,0,0,4,1,5,2,37,7,-1,-1,-1,-1,1,1,E01010822,0
Unvalidated,2024131452985,2024,131452985,1,9,0,18,4,8,0,0,0,0,0,0,1,1,5,1,77,11,-1,-1,-1,-1,8,1,E01011694,0
Unvalidated,2024131452985,2024,131452985,2,9,0,18,8,4,0,0,0,0,0,0,3,1,5,1,58,9,-1,-1,-1,-1,1,1,E01011695,0
Unvalidated,2024131453001,2024,131453001,1,98,0,-1,-1,-1,-1,-1,-1,-1,-1,-1,-1,1,6,3,-1,-1,-1,-1,-1,-1,-1,-1,-1,0
Unvalidated,2024131453019,2024,131453019,1,98,0,4,3,7,0,8,0,0,0,0,3,1,1,1,48,8,-1,-1,-1,-1,1,1,E01010654,0
Unvalidated,2024131453019,2024,131453019,2,9,0,18,3,7,0,8,0,0,0,0,1,1,6,2,86,11,-1,-1,-1,-1,7,2,E01010593,0
Unvalidated,2024131453019,2024,131453019,3,9,0,12,3,7,0,8,0,0,0,0,1,1,5,1,52,8,-1,-1,-1,-1,4,1,E01010801,0
Unvalidated,2024131453038,2024,131453038,1,19,0,5,2,8,0,6,0,0,0,0,-1,1,6,3,-1,-1,-1,-1,-1,-1,-1,-1,-1,0
Unvalidated,2024131453038,2024,131453038,2,1,0,18,8,4,0,1,5,0,0,0,1,1,5,1,50,8,-1,-1,-1,-1,3,1,E01011868,0
Unvalidated,2024131453045,2024,131453045,1,3,0,18,7,3,0,8,0,0,0,0,1,1,5,1,30,6,-1,-1,-1,-1,1,1,E01010841,0
Unvalidated,2024131453045,2024,131453045,2,9,0,4,7,3,0,8,0,0,0,0,-1,1,6,3,-1,-1,-1,-1,-1,-1,-1,-1,-1,0
Unvalidated,2024131453058,2024,131453058,1,9,0,4,7,3,0,0,0,0,0,0,2,1,5,1,62,9,-1,-1,-1,-1,6,1,E01010797,0
Unvalidated,2024131453058,2024,131453058,2,9,0,18,7,3,0,0,0,0,0,0,1,1,6,3,-1,-1,-1,-1,-1,-1,-1,-1,-1,0
Unvalidated,2024131453090,2024,131453090,1,9,0,18,5,1,0,8,0,0,0,0,3,1,1,1,51,8,-1,-1,-1,-1,6,3,E01027684,0
Unvalidated,2024131453103,2024,131453103,1,9,0,9,5,7,0,8,0,0,0,0,4,1,5,1,50,8,-1,-1,-1,-1,2,1,E01010738,0
Unvalidated,2024131453103,2024,131453103,2,9,0,18,1,1,0,8,0,0,0,0,1,1,5,1,42,7,-1,-1,-1,-1,7,1,E01011595,0
Unvalidated,2024131453122,2024,131453122,1,9,0,18,1,5,0,8,1,0,1,3,1,1,5,1,19,4,-1,-1,-1,-1,9,1,E01011404,0
Unvalidated,2024131453127,2024,131453127,1,9,0,16,1,5,0,1,0,0,0,0,2,1,5,2,34,6,-1,-1,-1,-1,4,1,E01011258,0
Unvalidated,2024131453127,2024,131453127,2,9,0,18,-1,-1,0,1,0,-1,-1,-1,-1,1,6,3,-1,-1,-1,-1,-1,-1,-1,-1,-1,0
Unvalidated,2024131453129,2024,131453129,1,90,0,5,1,3,0,0,0,0,0,0,1,1,5,1,14,3,-1,-1,-1,-1,3,2,E01011786,0
Unvalidated,2024131453129,2024,131453129,2,9,0,15,3,7,0,0,0,0,0,0,1,1,5,2,28,6,-1,-1,-1,-1,2,2,E01011785,0
Unvalidated,2024131453129,2024,131453129,3,9,0,2,0,0,0,0,0,0,0,0,1,1,6,3,-1,-1,-1,-1,-1,-1,-1,-1,-1,0
Unvalidated,2024131453134,2024,131453134,1,19,0,8,1,3,0,4,0,0,0,0,3,1,5,1,50,8,-1,-1,-1,-1,9,1,E01022282,0
Unvalidated,2024131453134,2024,131453134,2,19,0,14,1,3,0,4,1,11,0,0,1,1,6,1,-1,-1,-1,-1,-1,-1,7,1,E01011775,0
Unvalidated,2024131453163,2024,131453163,1,9,0,18,3,7,0,8,0,0,0,0,1,1,6,2,58,9,-1,-1,-1,-1,3,1,E01011242,0
Unvalidated,2024131453163,2024,131453163,2,9,0,7,7,3,0,8,0,0,0,0,1,1,6,3,-1,-1,-1,-1,-1,-1,-1,-1,-1,0
Unvalidated,2024131453163,2024,131453163,3,9,0,2,0,0,0,2,0,0,0,0,0,1,6,3,51,8,-1,-1,-1,-1,10,3,E01010936,0
Unvalidated,2024131453172,2024,131453172,1,98,0,18,1,5,0,1,0,0,0,0,4,1,6,1,40,7,-1,-1,-1,-1,1,1,E01010612,0
Unvalidated,2024131453172,2024,131453172,2,1,0,18,1,5,0,1,0,0,0,0,3,1,6,1,29,6,-1,-1,-1,-1,1,1,E01033697,0
Unvalidated,2024131453248,2024,131453248,1,9,0,15,7,3,0,1,0,0,0,0,4,1,6,3,-1,-1,-1,-1,-1,-1,-1,-1,-1,0
Unvalidated,2024131453248,2024,131453248,2,9,0,10,7,3,0,8,0,0,0,0,3,1,6,2,41,7,-1,-1,-1,-1,1,1,E01010802,0
Unvalidated,2024131453257,2024,131453257,1,9,0,18,7,3,0,0,1,0,5,0,3,1,6,1,24,5,-1,-1,-1,-1,-1,-1,-1,0
Unvalidated,2024131453268,2024,131453268,1,90,0,18,7,3,0,0,0,0,0,0,1,1,1,1,52,8,-1,-1,-1,-1,7,1,E01005939,0
Unvalidated,2024131453268,2024,131453268,2,9,0,4,7,3,0,0,0,0,0,0,2,1,6,2,50,8,-1,-1,-1,-1,1,1,E01011364,0
Unvalidated,2024131453268,2024,131453268,3,9,0,18,7,3,0,0,0,0,0,0,2,1,6,1,73,10,-1,-1,-1,-1,8,1,E01027611,0
Unvalidated,2024131453288,2024,131453288,1,19,0,18,5,1,0,8,0,0,0,0,4,1,1,1,22,5,-1,-1,-1,-1,8,1,E01011496,0
Unvalidated,2024131453288,2024,131453288,2,1,0,18,7,3,0,8,0,0,0,0,1,1,6,1,30,6,-1,-1,-1,-1,1,1,E01011493,0
Unvalidated,2024131453307,2024,131453307,1,9,0,18,5,1,0,1,0,0,0,0,1,1,6,2,31,6,-1,-1,-1,-1,9,3,E01029626,0
Unvalidated,2024131453363,2024,131453363,1,5,0,18,3,7,0,1,0,0,0,0,1,1,5,1,37,7,-1,-1,-1,-1,5,2,E01011772,0
Unvalidated,2024131453363,2024,131453363,2,9,0,9,5,7,0,6,0,0,0,0,3,1,5,2,69,10,-1,-1,-1,-1,5,3,E01011766,0
Unvalidated,2024131453396,2024,131453396,1,9,0,9,1,2,0,0,0,0,0,0,4,1,5,1,23,5,-1,-1,-1,-1,1,1,E01007508,0
Unvalidated,2024131453396,2024,131453396,2,9,0,12,-1,-1,0,0,-1,-1,-1,-1,1,1,6,3,-1,-1,-1,-1,-1,-1,-1,-1,-1,0
Unvalidated,2024131453400,2024,131453400,1,9,0,13,3,3,0,1,0,0,8,11,1,1,6,3,30,6,-1,-1,-1,-1,-1,-1,-1,0
Unvalidated,2024131453400,2024,131453400,2,9,0,9,3,5,0,1,0,0,0,0,3,1,5,1,62,9,-1,-1,-1,-1,6,1,E01011156,0
Unvalidated,2024131453410,2024,131453410,1,9,0,18,1,5,0,1,0,4,0,0,1,1,6,1,38,7,-1,-1,-1,-1,2,1,E01011862,0
Unvalidated,2024131453410,2024,131453410,2,9,0,3,1,5,0,1,0,4,0,0,2,1,6,1,41,7,-1,-1,-1,-1,6,1,E01011861,0
Unvalidated,2024131453410,2024,131453410,3,9,0,3,1,5,0,1,0,0,0,0,2,1,6,1,21,5,-1,-1,-1,-1,2,2,E01011856,0
Unvalidated,2024131453448,2024,131453448,1,9,0,18,4,8,0,0,0,0,0,0,1,1,6,1,36,7,-1,-1,-1,-1,5,1,E01011447,0
Unvalidated,2024131453463,2024,131453463,1,9,0,14,3,7,0,1,0,0,0,0,1,2,5,1,52,8,-1,-1,-1,-1,7,2,E01011112,0
Unvalidated,2024131453463,2024,131453463,2,1,0,18,5,1,0,6,0,0,0,0,1,1,4,1,11,3,-1,-1,-1,-1,2,1,E01011224,0
Unvalidated,2024131453496,2024,131453496,1,9,0,18,7,3,0,0,0,0,0,0,1,1,6,3,-1,-1,-1,-1,-1,-1,-1,-1,-1,0
Unvalidated,2024131453496,2024,131453496,2,9,0,2,0,0,0,0,0,0,0,0,4,1,5,1,47,8,-1,-1,-1,-1,6,1,E01011460,0
Unvalidated,2024131453545,2024,131453545,1,9,0,17,1,5,0,0,2,0,0,0,4,1,5,1,20,4,-1,-1,-1,-1,8,1,E01011102,0
Unvalidated,2024131453545,2024,131453545,2,9,0,18,5,1,0,0,0,0,0,0,1,1,6,1,38,7,-1,-1,-1,-1,4,1,E01011089,0
Unvalidated,2024131453566,2024,131453566,1,9,0,-1,-1,-1,-1,-1,-1,-1,-1,-1,-1,1,6,3,-1,-1,-1,-1,-1,-1,-1,-1,-1,0
Unvalidated,2024131453566,2024,131453566,2,9,0,8,5,7,0,1,0,0,0,0,2,1,5,2,28,6,-1,-1,-1,-1,3,1,E01011824,0
Unvalidated,2024131453571,2024,131453571,1,9,0,18,2,6,0,8,0,0,0,0,1,1,1,1,64,9,-1,-1,-1,-1,3,1,E01010847,0
Unvalidated,2024131453571,2024,131453571,2,9,0,18,4,8,0,1,0,0,0,0,1,1,5,2,36,7,-1,-1,-1,-1,2,1,E01010715,0
Unvalidated,2024131453577,2024,131453577,1,1,0,18,7,3,0,4,0,0,0,0,3,1,2,1,57,9,-1,-1,-1,-1,7,1,E01011550,0
Unvalidated,2024131453577,2024,131453577,2,19,0,18,1,5,0,4,0,0,0,0,1,1,2,1,46,8,-1,-1,-1,-1,3,3,E01007488,0
Unvalidated,2024131453586,2024,131453586,1,9,0,18,1,5,0,1,0,0,0,0,3,1,6,1,-1,-1,-1,-1,-1,-1,-1,-1,-1,0
Unvalidated,2024131453586,2024,131453586,2,9,0,18,5,1,0,1,0,0,1,0,3,1,5,1,22,5,-1,-1,-1,-1,1,1,E01010926,0
Unvalidated,2024131453599,2024,131453599,1,9,0,17,5,7,0,3,0,0,1,0,4,1,6,2,23,5,-1,-1,-1,-1,-1,-1,-1,0
Unvalidated,2024131453599,2024,131453599,2,9,0,18,7,7,0,4,0,0,0,0,1,1,2,1,51,8,-1,-1,-1,-1,1,1,E01010622,0
Unvalidated,2024131453623,2024,131453623,1,9,0,17,1,1,0,8,5,0,0,0,2,1,5,2,30,6,-1,-1,-1,-1,1,1,E01010713,0
Unvalidated,2024131453676,2024,131453676,1,9,0,18,7,3,0,8,0,4,0,0,1,1,6,2,33,6,-1,-1,-1,-1,8,1,E01011929,0
Unvalidated,2024131453676,2024,131453676,2,9,0,2,0,0,0,8,0,0,0,0,2,1,6,3,-1,-1,-1,-1,-1,-1,-1,-1,-1,0
Unvalidated,2024131453704,2024,131453704,1,19,0,18,7,3,0,0,0,0,0,0,1,1,1,1,45,7,-1,-1,-1,-1,1,1,E01005464,0
Unvalidated,2024131453704,2024,131453704,2,19,0,11,7,3,0,0,0,0,0,0,2,1,2,1,57,9,-1,-1,-1,-1,1,1,E01006361,0
Unvalidated,2024131453826,2024,131453826,1,9,0,18,5,1,0,0,0,0,0,0,1,1,5,1,76,11,-1,-1,-1,-1,4,1,E01011546,0
Unvalidated,2024131453826,2024,131453826,2,9,0,18,5,1,0,0,0,0,0,0,2,1,1,3,19,4,-1,-1,-1,-1,1,1,E01011497,0
Unvalidated,2024131453826,2024,131453826,3,9,0,18,5,1,0,0,0,0,0,0,2,1,1,1,19,4,-1,-1,-1,-1,3,1,E01011028,0
Unvalidated,2024131453921,2024,131453921,1,9,0,18,1,5,0,0,5,0,0,0,4,1,5,2,21,5,-1,-1,-1,-1,8,1,E01010997,0
Unvalidated,2024131453921,2024,131453921,2,9,0,2,0,0,0,0,0,0,0,0,4,1,6,3,-1,-1,-1,-1,-1,-1,-1,-1,-1,0
Unvalidated,2024131453937,2024,131453937,1,9,0,6,8,6,0,0,0,0,0,0,1,1,6,2,43,7,-1,-1,-1,-1,1,1,E01010821,0
Unvalidated,2024131453937,2024,131453937,2,3,0,18,4,8,0,0,5,0,0,0,3,1,6,1,17,4,-1,-1,-1,-1,6,1,E01011548,0
Unvalidated,2024131453976,2024,131453976,1,9,0,16,5,8,0,0,0,0,1,0,1,1,6,1,17,4,-1,-1,-1,-1,2,1,E01011558,0
Unvalidated,2024131453976,2024,131453976,2,9,0,17,4,5,0,0,0,0,1,0,3,1,6,1,44,7,-1,-1,-1,-1,7,3,E01011708,0
Unvalidated,2024131453989,2024,131453989,1,9,0,18,3,7,0,0,0,0,0,0,1,1,2,1,17,4,-1,-1,-1,-1,5,3,E01019611,0
Unvalidated,2024131453990,2024,131453990,1,9,0,18,7,3,0,0,0,0,0,0,3,1,3,1,33,6,-1,-1,-1,-1,1,1,E01011493,0
Unvalidated,2024131453995,2024,131453995,1,9,0,18,1,5,0,0,0,0,0,0,1,1,6,1,29,6,-1,-1,-1,-1,5,1,E01011218,0
Unvalidated,2024131454016,2024,131454016,1,9,0,-1,-1,-1,-1,0,-1,-1,-1,-1,-1,1,6,3,-1,-1,-1,-1,-1,-1,-1,-1,-1,0
Unvalidated,2024131454016,2024,131454016,2,9,0,4,5,5,0,0,0,0,0,0,2,1,5,1,73,10,-1,-1,-1,-1,1,1,E01011354,0
Unvalidated,2024131454122,2024,131454122,1,9,0,14,7,3,0,8,0,0,0,0,1,1,2,1,50,8,-1,-1,-1,-1,4,1,E01011323,0
Unvalidated,2024131454362,2024,131454362,1,9,0,18,1,5,0,0,5,0,0,0,1,1,5,1,25,5,-1,-1,-1,-1,10,1,E01011516,0
Unvalidated,2024131454362,2024,131454362,2,9,0,2,0,0,9,0,0,0,0,0,3,1,6,3,-1,-1,-1,-1,-1,-1,-1,-1,-1,0
Unvalidated,2024131454478,2024,131454478,1,9,0,18,5,1,0,8,0,0,0,0,1,1,5,1,92,11,-1,-1,-1,-1,10,1,E01010580,0
Unvalidated,2024131454478,2024,131454478,2,9,0,18,5,1,0,8,0,0,0,0,2,1,5,1,27,6,-1,-1,-1,-1,2,1,E01010619,0
Unvalidated,2024131454504,2024,131454504,1,9,0,18,4,8,0,1,0,0,3,3,1,1,5,1,82,11,-1,-1,-1,-1,3,1,E01011851,0
Unvalidated,2024131454537,2024,131454537,1,90,0,18,3,7,0,8,0,0,0,0,1,1,6,1,20,4,-1,-1,-1,-1,1,1,E01011429,0