status,collision_index,collision_year,collision_reference,vehicle_reference,vehicle_type,towing_and_articulation,vehicle_manoeuvre,vehicle_direction_from,vehicle_direction_to,vehicle_location_restricted_lane,junction_location,skidding_and_overturning,hit_object_in_carriageway,vehicle_leaving_carriageway,hit_object_off_carriageway,first_point_of_impact,vehicle_left_hand_drive,journey_purpose_of_driver,sex_of_driver,age_of_driver,age_band_of_driver,engine_capacity_cc,propulsion_code,age_of_vehicle,generic_make_model,driver_imd_decile,driver_home_area_type,lsoa_of_driver,escooter_flag
Unvalidated,2024131454537,2024,131454537,2,9,0,18,8,4,0,8,0,0,0,0,1,1,5,1,46,8,-1,-1,-1,-1,6,3,E01011885,0
Unvalidated,2024131454555,2024,131454555,1,9,0,11,1,5,0,0,0,0,0,0,4,1,6,1,53,8,-1,-1,-1,-1,7,3,E01025909,0
Unvalidated,2024131454555,2024,131454555,2,21,0,18,1,5,0,0,0,0,0,0,3,1,1,1,52,8,-1,-1,-1,-1,-1,-1,-1,0
Unvalidated,2024131454631,2024,131454631,1,9,0,18,5,5,0,8,0,0,0,0,1,1,6,2,25,5,-1,-1,-1,-1,7,1,E01010636,0
Unvalidated,2024131454728,2024,131454728,1,98,0,-1,-1,-1,-1,-1,-1,-1,-1,-1,-1,1,6,3,-1,-1,-1,-1,-1,-1,-1,-1,-1,0
Unvalidated,2024131454805,2024,131454805,1,9,0,18,2,6,9,8,0,0,0,0,1,1,6,2,-1,-1,-1,-1,-1,-1,-1,-1,-1,0
Unvalidated,2024131454820,2024,131454820,1,9,0,-1,-1,-1,-1,-1,-1,-1,-1,-1,-1,1,6,3,-1,-1,-1,-1,-1,-1,-1,-1,-1,0
Unvalidated,2024131454820,2024,131454820,2,9,0,18,1,5,0,8,0,0,0,0,4,1,5,1,23,5,-1,-1,-1,-1,4,1,E01011717,0
Unvalidated,2024131454953,2024,131454953,1,9,0,9,5,1,0,0,0,0,0,0,4,1,6,3,-1,-1,-1,-1,-1,-1,-1,-1,-1,0
Unvalidated,2024131454953,2024,131454953,2,8,0,18,1,5,0,0,0,0,0,0,1,1,6,3,-1,-1,-1,-1,-1,-1,-1,-1,-1,0
Unvalidated,2024131454986,2024,131454986,1,9,0,18,4,8,0,1,0,0,0,0,3,1,5,2,60,9,-1,-1,-1,-1,8,1,E01011203,0
Unvalidated,2024131454986,2024,131454986,2,9,0,18,2,6,0,8,0,0,0,0,1,1,5,2,32,6,-1,-1,-1,-1,-1,1,-1,0
Unvalidated,2024131454995,2024,131454995,1,9,0,4,3,7,0,0,0,0,0,0,2,1,1,1,48,8,-1,-1,-1,-1,2,1,E01010929,0
Unvalidated,2024131454995,2024,131454995,2,9,0,18,3,7,0,0,0,0,0,0,1,1,6,3,20,4,-1,-1,-1,-1,6,2,E01010991,0
Unvalidated,2024131454999,2024,131454999,1,9,0,6,6,1,0,2,0,0,0,0,3,1,2,1,26,6,-1,-1,-1,-1,2,1,E01011913,0
Unvalidated,2024131454999,2024,131454999,2,11,0,12,6,6,0,2,0,0,0,0,1,1,1,1,51,8,-1,-1,-1,-1,4,1,E01011320,0
Unvalidated,2024131455006,2024,131455006,1,9,0,18,1,5,0,0,1,10,1,2,4,1,2,2,50,8,-1,-1,-1,-1,7,1,E01011873,0
Unvalidated,2024131455061,2024,131455061,1,9,0,-1,-1,-1,-1,0,-1,-1,-1,0,3,1,6,3,-1,-1,-1,-1,-1,-1,-1,-1,-1,0
Unvalidated,2024131455105,2024,131455105,1,19,0,12,3,7,0,8,0,0,0,0,1,1,1,1,62,9,-1,-1,-1,-1,2,1,E01011686,0
Unvalidated,2024131455131,2024,131455131,1,9,0,18,5,1,0,0,0,0,0,0,1,1,2,2,60,9,-1,-1,-1,-1,9,1,E01010681,0
Unvalidated,2024131455131,2024,131455131,2,9,0,18,1,5,0,0,0,0,0,0,1,1,2,1,25,5,-1,-1,-1,-1,4,1,E01010675,0
Unvalidated,2024131455179,2024,131455179,1,9,0,16,7,5,0,1,0,4,0,0,1,1,6,1,28,6,-1,-1,-1,-1,6,1,E01011425,0
Unvalidated,2024131455179,2024,131455179,2,9,0,2,1,7,0,1,0,0,0,0,1,1,1,1,54,8,-1,-1,-1,-1,2,1,E01011128,0
Unvalidated,2024131455179,2024,131455179,3,9,0,2,1,7,0,1,0,0,0,0,1,1,5,2,34,6,-1,-1,-1,-1,8,1,E01032501,0
Unvalidated,2024131455232,2024,131455232,1,9,0,5,1,5,0,6,0,0,0,0,4,1,6,2,30,6,-1,-1,-1,-1,8,1,E01011200,0
Unvalidated,2024131455338,2024,131455338,1,9,0,11,7,7,8,0,1,0,2,7,4,1,6,1,46,8,-1,-1,-1,-1,8,3,E01013305,0
Unvalidated,2024131455338,2024,131455338,2,21,0,18,7,7,7,0,0,11,0,0,3,1,1,1,43,7,-1,-1,-1,-1,7,1,E01033750,0
Unvalidated,2024131455369,2024,131455369,1,9,0,18,3,7,0,0,0,0,7,0,1,1,5,2,43,7,-1,-1,-1,-1,1,1,E01006064,0
Unvalidated,2024131455380,2024,131455380,1,9,0,9,4,6,0,5,0,0,0,0,4,1,6,2,18,4,-1,-1,-1,-1,5,1,E01010982,0
Unvalidated,2024131455380,2024,131455380,2,1,0,18,8,4,0,8,0,0,0,0,1,1,5,1,40,7,-1,-1,-1,-1,5,1,E01005520,0
Unvalidated,2024131455411,2024,131455411,1,9,0,5,1,7,0,0,0,0,0,0,1,1,6,3,-1,-1,-1,-1,-1,-1,-1,-1,-1,0
Unvalidated,2024131455428,2024,131455428,1,9,0,9,5,7,0,8,0,0,0,0,3,1,5,1,90,11,-1,-1,-1,-1,6,1,E01011517,0
Unvalidated,2024131455431,2024,131455431,1,9,0,9,4,2,0,8,0,0,0,0,1,1,6,2,-1,-1,-1,-1,-1,-1,-1,-1,-1,0
Unvalidated,2024131455431,2024,131455431,2,9,0,18,2,6,0,8,0,0,0,0,4,1,5,2,22,5,-1,-1,-1,-1,2,1,E01010781,0
Unvalidated,2024131455435,2024,131455435,1,9,0,18,3,7,0,0,0,0,0,0,1,1,1,1,37,7,-1,-1,-1,-1,1,1,E01011430,0
Unvalidated,2024131455436,2024,131455436,1,9,0,9,3,1,0,2,0,0,7,0,1,1,6,2,72,10,-1,-1,-1,-1,10,1,E01010772,0
Unvalidated,2024131455436,2024,131455436,2,98,0,18,1,5,0,1,0,0,7,2,1,1,2,1,28,6,-1,-1,-1,-1,8,1,E01010572,0
Unvalidated,2024131455451,2024,131455451,1,97,0,18,5,5,0,2,1,0,1,0,1,1,2,1,18,4,-1,-1,-1,-1,3,1,E01011090,0
Unvalidated,2024131455454,2024,131455454,1,9,0,18,1,5,0,8,0,0,0,0,1,1,6,2,33,6,-1,-1,-1,-1,1,1,E01011910,0
Unvalidated,2024131455454,2024,131455454,2,9,0,18,5,1,0,8,0,0,0,0,1,1,6,1,44,7,-1,-1,-1,-1,1,1,E01011911,0
Unvalidated,2024131455475,2024,131455475,1,9,0,-1,-1,-1,0,0,-1,-1,-1,-1,1,1,6,3,18,4,-1,-1,-1,-1,-1,-1,-1,0
Unvalidated,2024131455475,2024,131455475,2,9,0,17,1,5,0,0,0,0,0,0,1,1,6,2,40,7,-1,-1,-1,-1,8,1,E01007355,0
Unvalidated,2024131455517,2024,131455517,1,9,0,17,2,8,0,0,0,0,0,0,3,1,5,1,37,7,-1,-1,-1,-1,-1,-1,-1,0
Unvalidated,2024131455517,2024,131455517,2,9,0,18,1,5,0,0,0,0,0,0,1,1,5,1,28,6,-1,-1,-1,-1,1,1,E01011673,0
Unvalidated,2024131455528,2024,131455528,1,9,0,18,1,5,0,0,0,0,0,0,4,1,5,2,23,5,-1,-1,-1,-1,7,2,E01010918,0
Unvalidated,2024131455528,2024,131455528,2,9,0,2,0,0,9,0,0,4,0,0,4,1,6,3,-1,-1,-1,-1,-1,-1,-1,-1,-1,0
Unvalidated,2024131455616,2024,131455616,1,9,0,18,7,3,0,0,1,0,0,0,3,1,2,1,26,6,-1,-1,-1,-1,9,1,E01011186,0
Unvalidated,2024131455616,2024,131455616,2,9,0,18,3,7,0,0,1,0,7,0,4,1,6,2,63,9,-1,-1,-1,-1,5,1,E01006058,0
Unvalidated,2024131455637,2024,131455637,1,20,0,2,0,0,0,8,0,0,0,0,0,1,1,1,37,7,-1,-1,-1,-1,2,2,E01011785,0
Unvalidated,2024131455637,2024,131455637,2,9,0,-1,-1,-1,-1,8,-1,-1,-1,0,-1,1,6,3,-1,-1,-1,-1,-1,-1,-1,-1,-1,0
Unvalidated,2024131455821,2024,131455821,1,9,0,9,8,2,0,0,0,0,0,0,1,1,6,1,37,7,-1,-1,-1,-1,1,1,E01011344,0
Unvalidated,2024131455821,2024,131455821,2,9,0,18,2,6,0,0,0,0,0,0,1,1,5,2,33,6,-1,-1,-1,-1,1,1,E01011658,0
Unvalidated,2024131455822,2024,131455822,1,9,0,4,4,8,0,0,0,0,0,0,-1,1,6,3,-1,-1,-1,-1,-1,-1,-1,-1,-1,0
Unvalidated,2024131455822,2024,131455822,2,1,0,18,4,8,0,0,0,0,0,0,1,1,2,1,44,7,-1,-1,-1,-1,1,1,E01010680,0
Unvalidated,2024131455854,2024,131455854,1,9,0,18,7,2,0,0,0,0,0,0,1,1,3,2,39,7,-1,-1,-1,-1,9,1,E01011170,0
Unvalidated,2024131455867,2024,131455867,1,1,0,18,7,3,0,0,0,0,0,0,2,1,6,1,15,3,-1,-1,-1,-1,2,1,E01011010,0
Unvalidated,2024131455867,2024,131455867,2,9,0,18,7,3,0,0,0,0,0,0,1,1,6,1,62,9,-1,-1,-1,-1,8,1,E01011219,0
Unvalidated,2024131455927,2024,131455927,1,9,0,18,1,1,9,1,0,0,7,0,1,1,6,1,28,6,-1,-1,-1,-1,2,1,E01011030,0
Unvalidated,2024131455927,2024,131455927,2,9,0,9,1,1,9,1,0,4,7,0,1,1,5,1,65,9,-1,-1,-1,-1,2,1,E01011061,0
Unvalidated,2024131455927,2024,131455927,3,9,0,2,1,1,6,1,0,0,0,0,2,1,6,3,-1,-1,-1,-1,-1,-1,-1,-1,-1,0
Unvalidated,2024131456014,2024,131456014,1,21,0,18,1,5,0,0,0,0,0,0,1,1,1,1,45,7,-1,-1,-1,-1,3,1,E01012997,0
Unvalidated,2024131456014,2024,131456014,2,9,0,18,1,5,0,0,0,0,0,0,2,1,2,1,57,9,-1,-1,-1,-1,2,1,E01011813,0
Unvalidated,2024131456014,2024,131456014,3,9,0,18,1,5,0,0,0,0,0,0,2,1,6,1,25,5,-1,-1,-1,-1,10,3,E01022846,0
Unvalidated,2024131456055,2024,131456055,1,9,0,18,1,5,0,8,5,0,0,0,1,1,5,2,84,11,-1,-1,-1,-1,1,1,E01010967,0
Unvalidated,2024131456055,2024,131456055,2,9,0,18,1,5,0,8,0,0,0,0,3,1,5,1,58,9,-1,-1,-1,-1,8,3,E01010937,0
Unvalidated,2024131456055,2024,131456055,3,9,0,4,1,5,0,8,0,0,0,0,1,1,1,1,57,9,-1,-1,-1,-1,5,1,E01011733,0
Unvalidated,2024131456055,2024,131456055,4,9,0,4,1,5,0,8,0,0,0,0,2,1,1,1,31,6,-1,-1,-1,-1,8,1,E01011886,0
Unvalidated,2024131456073,2024,131456073,1,9,0,18,5,1,0,0,0,0,0,0,1,1,6,3,-1,-1,-1,-1,-1,-1,-1,-1,-1,0
Unvalidated,2024131456073,2024,131456073,2,9,0,3,5,1,0,0,0,0,0,0,2,1,1,2,55,8,-1,-1,-1,-1,2,1,E01008435,0
Unvalidated,2024131456073,2024,131456073,3,98,0,3,5,1,0,0,0,0,0,0,2,1,6,3,-1,-1,-1,-1,-1,-1,-1,-1,-1,0
Unvalidated,2024131456088,2024,131456088,1,9,0,7,5,7,0,8,0,0,0,0,1,1,2,1,48,8,-1,-1,-1,-1,1,1,E01011472,0
Unvalidated,2024131456088,2024,131456088,2,1,0,18,7,3,9,8,0,0,0,0,1,1,1,1,35,6,-1,-1,-1,-1,6,1,E01013363,0
Unvalidated,2024131456212,2024,131456212,1,9,0,13,2,5,0,1,5,0,0,0,1,1,5,1,27,6,-1,-1,-1,-1,6,1,E01011490,0
Unvalidated,2024131456212,2024,131456212,2,9,0,9,4,5,0,8,0,0,0,0,3,1,5,1,54,8,-1,-1,-1,-1,1,1,E01011911,0
Unvalidated,2024131456243,2024,131456243,1,9,0,18,1,5,0,0,0,0,0,0,1,1,6,1,36,7,-1,-1,-1,-1,4,1,E01010834,0
Unvalidated,2024131456245,2024,131456245,1,9,0,7,3,3,0,6,0,0,0,0,1,1,5,2,28,6,-1,-1,-1,-1,6,1,E01010970,0
Unvalidated,2024131456245,2024,131456245,2,9,0,18,7,3,0,1,0,0,0,0,1,1,1,1,58,9,-1,-1,-1,-1,1,1,E01010960,0
Unvalidated,2024131456252,2024,131456252,1,19,0,18,1,5,0,0,0,0,7,0,1,1,1,1,47,8,-1,-1,-1,-1,2,1,E01012362,0
Unvalidated,2024131456368,2024,131456368,1,9,0,18,6,6,0,8,2,0,0,0,4,1,5,2,26,6,-1,-1,-1,-1,4,1,E01010763,0
Unvalidated,2024131456368,2024,131456368,2,9,0,18,6,2,0,1,0,0,0,0,1,1,5,1,18,4,-1,-1,-1,-1,7,3,E01010917,0
Unvalidated,2024131456382,2024,131456382,1,9,0,18,1,5,0,8,0,0,0,0,4,1,5,2,53,8,-1,-1,-1,-1,2,1,E01010916,0
Unvalidated,2024131456403,2024,131456403,1,9,0,18,3,7,0,4,0,0,0,0,1,1,6,1,17,4,-1,-1,-1,-1,7,3,E01011719,0
Unvalidated,2024131456403,2024,131456403,2,1,0,9,3,5,0,4,0,0,0,0,4,1,6,1,48,8,-1,-1,-1,-1,10,2,E01010768,0
Unvalidated,2024131456411,2024,131456411,1,9,0,12,5,1,0,0,1,0,0,0,1,1,6,3,-1,-1,-1,-1,-1,-1,-1,-1,-1,0
Unvalidated,2024131456411,2024,131456411,2,9,0,18,5,1,0,0,1,0,0,0,3,1,1,1,31,6,-1,-1,-1,-1,2,1,E01008430,0
Unvalidated,2024131456423,2024,131456423,1,9,0,18,7,3,0,0,0,0,0,0,1,1,5,1,20,4,-1,-1,-1,-1,3,1,E01010794,0
Unvalidated,2024131456423,2024,131456423,2,9,0,18,7,3,0,0,0,0,0,0,2,1,5,1,51,8,-1,-1,-1,-1,6,2,E01010590,0
Unvalidated,2024131456423,2024,131456423,3,9,0,18,7,3,0,0,0,0,0,0,3,1,5,1,43,7,-1,-1,-1,-1,6,2,E01010590,0
Unvalidated,2024131456487,2024,131456487,1,9,0,18,1,5,0,8,0,0,0,0,1,1,5,2,58,9,-1,-1,-1,-1,1,1,E01010635,0
Unvalidated,2024131456487,2024,131456487,2,9,0,18,3,7,0,8,0,0,0,0,3,1,5,1,86,11,-1,-1,-1,-1,10,3,E01010936,0
Unvalidated,2024131456501,2024,131456501,1,9,0,9,1,1,0,8,0,0,0,0,1,1,6,1,26,6,-1,-1,-1,-1,9,2,E01028425,0
Unvalidated,2024131456501,2024,131456501,2,9,0,18,5,5,0,1,0,0,1,0,1,1,6,2,39,7,-1,-1,-1,-1,5,2,E01011818,0
Unvalidated,2024131456501,2024,131456501,3,9,0,18,5,5,0,1,1,0,0,0,1,1,6,1,30,6,-1,-1,-1,-1,3,1,E01007357,0
Unvalidated,2024131456504,2024,131456504,1,9,0,18,4,8,0,2,0,0,0,0,1,1,5,2,25,5,-1,-1,-1,-1,1,1,E01011283,0
Unvalidated,2024131456504,2024,131456504,2,9,0,17,1,5,0,1,0,0,0,0,4,1,5,1,41,7,-1,-1,-1,-1,6,1,E01011490,0
Unvalidated,2024131456505,2024,131456505,1,9,0,9,6,2,0,5,0,0,0,0,3,1,6,2,72,10,-1,-1,-1,-1,9,1,E01011583,0
Unvalidated,2024131456505,2024,131456505,2,5,0,13,6,2,0,1,0,0,0,0,4,1,5,1,54,8,-1,-1,-1,-1,9,1,E01010576,0
Unvalidated,2024131456517,2024,131456517,1,9,0,18,5,1,0,8,1,0,0,0,4,1,1,1,40,7,-1,-1,-1,-1,1,1,E01010817,0
Unvalidated,2024131456517,2024,131456517,2,9,0,18,3,7,0,6,1,0,0,0,1,1,5,1,51,8,-1,-1,-1,-1,1,1,E01011430,0
Unvalidated,2024131456522,2024,131456522,1,9,0,11,1,5,0,0,0,0,0,0,4,1,6,3,-1,-1,-1,-1,-1,-1,-1,-1,-1,0
Unvalidated,2024131456522,2024,131456522,2,9,0,18,1,5,0,0,0,0,0,0,3,1,5,1,30,6,-1,-1,-1,-1,5,1,E01012259,0
Unvalidated,2024131456537,2024,131456537,1,9,0,5,3,7,0,8,0,0,0,0,3,1,6,1,28,6,-1,-1,-1,-1,3,1,E01010629,0
Unvalidated,2024131456537,2024,131456537,2,9,0,18,1,5,0,8,0,0,0,0,1,1,6,1,21,5,-1,-1,-1,-1,1,1,E01010838,0
Unvalidated,2024131456537,2024,131456537,3,19,0,2,0,0,0,2,0,0,0,0,2,1,6,3,-1,-1,-1,-1,-1,-1,-1,-1,-1,0
Unvalidated,2024131456633,2024,131456633,1,9,0,18,2,6,0,1,0,0,0,0,1,1,6,1,29,6,-1,-1,-1,-1,5,1,E01011147,0
Unvalidated,2024131456633,2024,131456633,2,9,0,3,2,6,0,8,0,0,0,0,2,1,6,1,33,6,-1,-1,-1,-1,2,1,E01011104,0
Unvalidated,2024131456703,2024,131456703,1,9,0,18,1,5,0,8,0,0,0,0,1,1,6,1,38,7,-1,-1,-1,-1,2,1,E01011104,0
Unvalidated,2024131456703,2024,131456703,2,11,0,18,1,5,0,8,0,0,0,0,1,1,1,1,60,9,-1,-1,-1,-1,3,1,E01011027,0
Unvalidated,2024131456770,2024,131456770,1,9,0,-1,-1,-1,-1,-1,-1,-1,-1,-1,1,1,6,3,-1,-1,-1,-1,-1,-1,-1,-1,-1,0
Unvalidated,2024131456828,2024,131456828,1,9,0,11,5,1,0,8,0,0,0,0,4,1,6,1,-1,-1,-1,-1,-1,-1,1,1,E01010712,0
Unvalidated,2024131456828,2024,131456828,2,11,0,18,5,1,0,8,0,0,0,0,3,1,1,1,51,8,-1,-1,-1,-1,5,1,E01010598,0
Unvalidated,2024131456914,2024,131456914,1,9,0,-1,-1,-1,-1,8,-1,-1,-1,0,-1,1,6,3,-1,-1,-1,-1,-1,-1,-1,-1,-1,0
Unvalidated,2024131456915,2024,131456915,1,9,0,9,2,4,0,0,0,0,0,0,1,1,6,1,76,11,-1,-1,-1,-1,4,1,E01011821,0
Unvalidated,2024131456925,2024,131456925,1,1,0,18,7,3,0,8,1,0,0,0,3,1,6,1,39,7,-1,-1,-1,-1,5,2,E01010923,0
Unvalidated,2024131456925,2024,131456925,2,9,0,18,4,8,0,8,0,0,0,0,1,1,5,1,54,8,-1,-1,-1,-1,4,1,E01010984,0
Unvalidated,2024131456928,2024,131456928,1,9,0,9,3,7,0,0,0,0,1,11,1,1,5,1,23,5,-1,-1,-1,-1,3,1,E01033542,0
Unvalidated,2024131456930,2024,131456930,1,9,0,7,7,3,0,1,0,0,0,0,1,1,5,2,20,4,-1,-1,-1,-1,1,1,E01010677,0
Unvalidated,2024131456998,2024,131456998,1,9,0,3,1,5,0,1,0,0,0,0,2,1,6,2,60,9,-1,-1,-1,-1,7,1,E01011744,0
Unvalidated,2024131456998,2024,131456998,2,3,0,18,1,5,0,1,1,0,0,0,1,1,6,1,30,6,-1,-1,-1,-1,7,2,E01011768,0
Unvalidated,2024131457018,2024,131457018,1,9,0,14,1,5,0,8,0,0,0,0,0,1,6,3,-1,-1,-1,-1,-1,-1,-1,-1,-1,0
Unvalidated,2024131457018,2024,131457018,2,9,0,18,3,7,0,8,0,0,0,0,3,1,6,1,53,8,-1,-1,-1,-1,4,1,E01010591,0
Unvalidated,2024131457018,2024,131457018,3,9,0,2,0,0,0,8,0,0,0,0,3,1,6,3,-1,-1,-1,-1,-1,-1,-1,-1,-1,0
Unvalidated,2024131457018,2024,131457018,4,9,0,2,0,0,0,8,0,0,0,0,2,1,6,3,-1,-1,-1,-1,-1,-1,-1,-1,-1,0
Unvalidated,2024131457038,2024,131457038,1,9,0,18,8,4,0,0,0,0,0,0,1,1,6,3,-1,-1,-1,-1,-1,-1,-1,-1,-1,0
Unvalidated,2024131457038,2024,131457038,2,9,0,3,8,4,0,0,0,0,0,0,2,1,5,2,46,8,-1,-1,-1,-1,7,1,E01011581,0
Unvalidated,2024131457088,2024,131457088,1,98,0,-1,-1,-1,0,-1,-1,-1,-1,-1,-1,1,6,1,-1,-1,-1,-1,-1,-1,-1,-1,-1,0
Unvalidated,2024131457102,2024,131457102,1,9,0,5,5,1,0,2,0,0,0,0,3,1,6,3,-1,-1,-1,-1,-1,-1,-1,-1,-1,0
Unvalidated,2024131457102,2024,131457102,2,9,0,18,3,7,0,1,0,0,0,0,1,1,6,2,43,7,-1,-1,-1,-1,2,1,E01010778,0
Unvalidated,2024131457111,2024,131457111,1,9,0,1,5,1,0,0,0,0,0,0,2,1,6,3,-1,-1,-1,-1,-1,-1,-1,-1,-1,0
Unvalidated,2024131457111,2024,131457111,2,8,0,2,0,0,0,0,0,0,0,0,1,1,1,1,64,9,-1,-1,-1,-1,3,1,E01010835,0
Unvalidated,2024131457170,2024,131457170,1,9,0,18,3,7,0,0,0,0,0,0,1,1,6,3,-1,-1,-1,-1,-1,-1,-1,-1,-1,0
Unvalidated,2024131457170,2024,131457170,2,9,0,3,3,7,0,0,0,0,0,0,2,1,6,1,29,6,-1,-1,-1,-1,7,1,E01011646,0
Unvalidated,2024131457170,2024,131457170,3,9,0,3,3,7,0,0,0,0,0,0,2,1,6,2,73,10,-1,-1,-1,-1,6,1,E01011517,0
Unvalidated,2024131457223,2024,131457223,1,9,0,18,1,5,0,6,0,0,7,10,4,1,5,1,30,6,-1,-1,-1,-1,9,3,E01011195,0
Unvalidated,2024131457223,2024,131457223,2,19,0,18,3,7,0,1,0,0,0,0,1,1,1,1,61,9,-1,-1,-1,-1,4,1,E01011044,0
Unvalidated,2024131457317,2024,131457317,1,9,0,18,7,3,0,0,0,0,1,6,3,1,6,1,30,6,-1,-1,-1,-1,1,1,E01010734,0
Unvalidated,2024131457317,2024,131457317,2,9,0,18,3,7,0,0,0,0,0,0,3,1,6,1,35,6,-1,-1,-1,-1,-1,-1,-1,0
Unvalidated,2024131457321,2024,131457321,1,3,0,9,5,1,0,2,0,4,0,0,1,1,6,1,26,6,-1,-1,-1,-1,5,1,E01011819,0
Unvalidated,2024131457321,2024,131457321,2,20,0,18,5,1,0,1,0,0,0,0,0,1,1,2,48,8,-1,-1,-1,-1,7,1,E01011775,0
Unvalidated,2024131457321,2024,131457321,3,9,0,2,0,0,0,8,0,0,0,0,3,1,6,3,-1,-1,-1,-1,-1,-1,-1,-1,-1,0
Unvalidated,2024131457352,2024,131457352,1,9,0,9,7,1,0,8,0,0,0,0,1,1,2,1,26,6,-1,-1,-1,-1,-1,-1,-1,0
Unvalidated,2024131457352,2024,131457352,2,9,0,18,5,5,0,1,0,0,0,0,1,1,5,1,70,10,-1,-1,-1,-1,6,1,E01011308,0
Unvalidated,2024131457357,2024,131457357,1,9,0,16,8,4,0,0,0,10,1,10,3,1,5,1,17,4,-1,-1,-1,-1,6,1,E01011480,0
Unvalidated,2024131457370,2024,131457370,1,9,0,4,2,6,0,8,0,0,0,0,1,1,6,1,58,9,-1,-1,-1,-1,3,1,E01010779,0
Unvalidated,2024131457370,2024,131457370,2,97,0,3,2,6,0,8,5,0,0,0,2,1,6,1,20,4,-1,-1,-1,-1,1,1,E01033693,0
Unvalidated,2024131457400,2024,131457400,1,9,0,9,5,1,6,0,0,0,0,0,1,1,5,1,35,6,-1,-1,-1,-1,2,1,E01011080,0
Unvalidated,2024131457400,2024,131457400,2,2,0,7,5,1,0,0,0,0,0,0,1,1,5,1,18,4,-1,-1,-1,-1,4,2,E01011075,0
Unvalidated,2024131457444,2024,131457444,1,9,0,4,5,1,0,1,0,0,0,0,1,1,3,2,43,7,-1,-1,-1,-1,4,1,E01011876,0
Unvalidated,2024131457444,2024,131457444,2,9,0,9,7,5,0,5,0,0,0,0,1,1,2,1,45,7,-1,-1,-1,-1,4,1,E01011876,0
Unvalidated,2024131457540,2024,131457540,1,9,0,7,1,3,0,8,0,0,0,0,1,1,6,3,-1,-1,-1,-1,-1,-1,-1,-1,-1,0
Unvalidated,2024131457540,2024,131457540,2,1,0,18,7,3,0,8,5,0,0,0,4,1,6,1,14,3,-1,-1,-1,-1,2,3,E01010722,0
Unvalidated,2024131457656,2024,131457656,1,90,0,18,1,5,0,0,0,0,0,0,2,1,6,1,16,4,-1,-1,-1,-1,8,1,E01011630,0
Unvalidated,2024131457656,2024,131457656,2,9,0,4,1,5,0,0,0,0,0,0,0,1,5,1,61,9,-1,-1,-1,-1,-1,-1,-1,0
Unvalidated,2024131457659,2024,131457659,1,8,0,9,5,3,0,6,0,0,0,0,1,1,1,1,31,6,-1,-1,-1,-1,2,1,E01010628,0
Unvalidated,2024131457659,2024,131457659,2,8,0,9,5,3,0,6,0,0,0,0,4,1,1,1,42,7,-1,-1,-1,-1,1,1,E01011626,0
Unvalidated,2024131457661,2024,131457661,1,9,0,-1,-1,-1,-1,-1,-1,-1,-1,-1,-1,1,6,3,-1,-1,-1,-1,-1,-1,-1,-1,-1,0
Unvalidated,2024131457661,2024,131457661,2,9,0,5,1,8,0,2,0,0,0,0,4,1,5,1,63,9,-1,-1,-1,-1,5,1,E01011793,0
Unvalidated,2024131457671,2024,131457671,1,9,0,-1,-1,-1,-1,0,-1,-1,-1,-1,1,1,6,3,-1,-1,-1,-1,-1,-1,-1,-1,-1,0
Unvalidated,2024131457671,2024,131457671,2,9,0,3,2,6,0,0,0,0,0,0,2,1,6,2,31,6,-1,-1,-1,-1,3,1,E01011670,0
Unvalidated,2024131457717,2024,131457717,1,9,0,9,3,1,0,1,0,0,0,0,4,1,2,1,29,6,-1,-1,-1,-1,3,1,E01011477,0
Unvalidated,2024131457717,2024,131457717,2,3,0,18,7,3,0,1,0,0,0,0,1,1,6,2,51,8,-1,-1,-1,-1,3,1,E01033010,0
Unvalidated,2024131457731,2024,131457731,1,9,0,5,1,5,0,8,0,0,0,0,3,1,6,1,18,4,-1,-1,-1,-1,6,1,E01011305,0
Unvalidated,2024131457731,2024,131457731,2,9,0,18,7,3,0,8,0,0,0,0,1,1,6,1,38,7,-1,-1,-1,-1,3,1,E01011341,0
Unvalidated,2024131457772,2024,131457772,1,5,0,18,7,3,0,1,1,0,0,0,1,1,6,1,24,5,-1,-1,-1,-1,8,1,E01010698,0
Unvalidated,2024131457772,2024,131457772,2,9,0,9,3,1,0,1,0,0,0,0,1,1,5,1,71,10,-1,-1,-1,-1,10,1,E01010696,0
Unvalidated,2024131457772,2024,131457772,3,19,0,18,1,5,0,1,0,0,0,0,3,1,6,2,42,7,-1,-1,-1,-1,8,1,E01010698,0
Unvalidated,2024131457772,2024,131457772,4,9,0,18,1,5,0,1,0,0,0,0,3,1,6,2,52,8,-1,-1,-1,-1,10,1,E01010693,0
Unvalidated,2024131457775,2024,131457775,1,9,0,18,7,3,0,8,0,0,0,0,1,1,5,2,35,6,-1,-1,-1,-1,5,1,E01011733,0
Unvalidated,2024131457783,2024,131457783,1,9,0,18,3,7,0,4,0,0,0,0,1,1,5,1,66,10,-1,-1,-1,-1,8,3,E01022071,0
Unvalidated,2024131457783,2024,131457783,2,1,0,18,1,5,0,3,1,0,0,0,3,1,2,1,61,9,-1,-1,-1,-1,10,2,E01010768,0
Unvalidated,2024131457805,2024,131457805,1,9,0,18,1,5,0,0,0,0,7,10,1,1,6,1,40,7,-1,-1,-1,-1,1,1,E01010828,0
Unvalidated,2024131457974,2024,131457974,1,9,0,5,5,1,0,0,0,0,0,0,1,1,5,1,75,10,-1,-1,-1,-1,2,1,E01011837,0
Unvalidated,2024131457974,2024,131457974,2,9,0,16,5,1,0,0,0,0,0,0,1,1,1,1,34,6,-1,-1,-1,-1,1,1,E01011842,0