status,collision_index,collision_year,collision_reference,vehicle_reference,vehicle_type,towing_and_articulation,vehicle_manoeuvre,vehicle_direction_from,vehicle_direction_to,vehicle_location_restricted_lane,junction_location,skidding_and_overturning,hit_object_in_carriageway,vehicle_leaving_carriageway,hit_object_off_carriageway,first_point_of_impact,vehicle_left_hand_drive,journey_purpose_of_driver,sex_of_driver,age_of_driver,age_band_of_driver,engine_capacity_cc,propulsion_code,age_of_vehicle,generic_make_model,driver_imd_decile,driver_home_area_type,lsoa_of_driver,escooter_flag
Unvalidated,2024131458027,2024,131458027,1,90,0,17,3,7,0,0,5,0,1,2,4,1,1,1,49,8,-1,-1,-1,-1,2,1,E01011760,0
Unvalidated,2024131458048,2024,131458048,1,9,0,18,3,7,0,8,0,0,0,0,1,1,6,3,-1,-1,-1,-1,-1,-1,-1,-1,-1,0
Unvalidated,2024131458048,2024,131458048,2,9,0,3,3,7,0,2,0,0,0,0,2,1,6,1,66,10,-1,-1,-1,-1,2,1,E01011236,0
Unvalidated,2024131458082,2024,131458082,1,98,0,-1,-1,-1,-1,-1,-1,-1,-1,-1,4,1,6,3,-1,-1,-1,-1,-1,-1,-1,-1,-1,0
Unvalidated,2024131458082,2024,131458082,2,9,0,18,6,2,0,2,0,0,3,0,2,1,1,2,35,6,-1,-1,-1,-1,1,1,E01011918,0
Unvalidated,2024131458098,2024,131458098,1,9,0,18,1,5,0,8,0,0,0,0,1,1,5,2,21,5,-1,-1,-1,-1,6,2,E01010857,0
Unvalidated,2024131458098,2024,131458098,2,9,0,3,1,5,0,8,0,0,0,0,2,1,5,2,29,6,-1,-1,-1,-1,5,1,E01010598,0
Unvalidated,2024131458101,2024,131458101,1,19,0,18,3,7,0,6,1,11,7,3,4,1,1,1,50,8,-1,-1,-1,-1,7,1,E01027677,0
Unvalidated,2024131458101,2024,131458101,2,9,0,18,1,5,0,1,0,0,0,0,1,1,5,1,54,8,-1,-1,-1,-1,9,3,E01011311,0
Unvalidated,2024131458102,2024,131458102,1,9,0,18,1,5,0,8,0,0,1,1,1,1,5,2,80,11,-1,-1,-1,-1,4,1,E01011597,0
Unvalidated,2024131458110,2024,131458110,1,9,0,18,5,1,0,0,0,4,0,0,4,1,2,1,17,4,-1,-1,-1,-1,3,1,E01011064,0
Unvalidated,2024131458110,2024,131458110,2,21,0,2,5,1,0,0,0,0,0,0,2,1,6,3,-1,-1,-1,-1,-1,-1,-1,-1,-1,0
Unvalidated,2024131458139,2024,131458139,1,9,0,18,4,8,0,0,0,0,0,0,1,1,6,1,44,7,-1,-1,-1,-1,1,1,E01011360,0
Unvalidated,2024131458174,2024,131458174,1,9,0,6,1,7,0,8,0,0,0,0,3,1,5,1,55,8,-1,-1,-1,-1,1,1,E01007719,0
Unvalidated,2024131458174,2024,131458174,2,4,0,16,3,5,0,1,0,0,0,0,1,1,5,1,50,8,-1,-1,-1,-1,9,1,E01010971,0
Unvalidated,2024131458186,2024,131458186,1,9,0,-1,-1,-1,-1,8,-1,-1,-1,0,-1,1,5,1,41,7,-1,-1,-1,-1,1,1,E01010874,0
Unvalidated,2024131458186,2024,131458186,2,9,0,-1,-1,-1,-1,8,-1,-1,-1,0,-1,1,6,1,-1,-1,-1,-1,-1,-1,5,1,E01010756,0
Unvalidated,2024131458189,2024,131458189,1,9,0,-1,-1,-1,-1,1,-1,-1,-1,0,-1,1,6,3,-1,-1,-1,-1,-1,-1,-1,-1,-1,0
Unvalidated,2024131458191,2024,131458191,1,9,0,-1,-1,-1,0,8,-1,-1,-1,-1,-1,1,5,1,41,7,-1,-1,-1,-1,1,1,E01010874,0
Unvalidated,2024131458191,2024,131458191,2,9,0,-1,-1,-1,0,1,-1,-1,-1,-1,1,1,6,3,-1,-1,-1,-1,-1,-1,5,1,E01010756,0
Unvalidated,2024131458202,2024,131458202,1,9,0,11,1,5,0,0,0,0,0,0,3,1,5,1,28,6,-1,-1,-1,-1,10,1,E01017862,0
Unvalidated,2024131458202,2024,131458202,2,21,1,18,1,5,0,0,0,0,0,0,3,1,1,1,21,5,-1,-1,-1,-1,3,1,E01013471,0
Unvalidated,2024131458202,2024,131458202,3,9,0,18,1,5,0,0,0,0,0,0,4,1,2,1,44,7,-1,-1,-1,-1,9,2,E01027919,0
Unvalidated,2024131458203,2024,131458203,1,9,0,18,1,5,9,8,0,10,1,10,1,1,5,2,26,6,-1,-1,-1,-1,2,1,E01010740,0
Unvalidated,2024131458220,2024,131458220,1,5,0,18,3,7,0,0,2,0,0,0,4,1,2,1,49,8,-1,-1,-1,-1,7,1,E01013346,0
Unvalidated,2024131458220,2024,131458220,2,9,0,18,3,7,0,0,0,0,0,0,3,1,5,1,42,7,-1,-1,-1,-1,8,1,E01013391,0
Unvalidated,2024131458221,2024,131458221,1,9,0,18,3,7,0,0,0,0,0,0,1,1,1,1,34,6,-1,-1,-1,-1,5,1,E01010729,0
Unvalidated,2024131458233,2024,131458233,1,90,0,18,5,1,0,8,0,0,0,0,1,1,5,1,19,4,-1,-1,-1,-1,4,1,E01011822,0
Unvalidated,2024131458233,2024,131458233,2,9,0,9,7,5,0,6,0,0,0,0,3,1,5,2,39,7,-1,-1,-1,-1,4,1,E01011821,0
Unvalidated,2024131458249,2024,131458249,1,1,0,18,7,3,9,0,2,0,0,0,1,1,6,1,62,9,-1,-1,-1,-1,1,1,E01011432,0
Unvalidated,2024131458249,2024,131458249,2,9,0,8,5,7,9,0,0,0,0,0,4,1,5,1,57,9,-1,-1,-1,-1,2,1,E01011681,0
Unvalidated,2024131458314,2024,131458314,1,9,0,16,1,5,0,8,0,0,1,3,1,1,2,2,35,6,-1,-1,-1,-1,1,1,E01010612,0
Unvalidated,2024131458432,2024,131458432,1,9,0,4,5,1,0,0,0,0,0,0,2,1,6,1,38,7,-1,-1,-1,-1,3,2,E01011298,0
Unvalidated,2024131458432,2024,131458432,2,9,0,18,5,1,0,0,0,0,0,0,1,1,5,1,43,7,-1,-1,-1,-1,1,1,E01010620,0
Unvalidated,2024131458433,2024,131458433,1,9,0,-1,-1,-1,-1,-1,-1,-1,-1,-1,-1,1,6,3,-1,-1,-1,-1,-1,-1,-1,-1,-1,0
Unvalidated,2024131458433,2024,131458433,2,1,0,18,1,5,0,1,2,0,0,0,0,1,6,1,37,7,-1,-1,-1,-1,2,1,E01011540,0
Unvalidated,2024131458435,2024,131458435,1,9,0,5,3,7,0,4,0,0,0,0,0,1,6,1,76,11,-1,-1,-1,-1,1,1,E01010663,0
Unvalidated,2024131458435,2024,131458435,2,3,0,4,5,7,0,8,1,0,0,0,0,1,6,1,20,4,-1,-1,-1,-1,10,1,E01011271,0
Unvalidated,2024131458438,2024,131458438,1,9,0,7,3,7,0,4,0,0,0,0,3,1,5,2,56,9,-1,-1,-1,-1,2,1,E01011866,0
Unvalidated,2024131458438,2024,131458438,2,1,0,18,2,6,0,8,0,0,0,0,1,1,5,1,35,6,-1,-1,-1,-1,2,2,E01011856,0
Unvalidated,2024131458465,2024,131458465,1,9,0,18,5,1,0,8,5,0,0,0,4,1,5,1,77,11,-1,-1,-1,-1,1,1,E01011730,0
Unvalidated,2024131458465,2024,131458465,2,19,0,2,0,0,0,8,0,0,0,0,3,1,6,3,-1,-1,-1,-1,-1,-1,-1,-1,-1,0
Unvalidated,2024131458472,2024,131458472,1,97,0,18,5,1,0,1,0,0,0,0,1,1,6,1,29,6,-1,-1,-1,-1,2,1,E01011852,0
Unvalidated,2024131458472,2024,131458472,2,9,0,6,1,4,0,8,0,0,0,0,1,1,5,1,50,8,-1,-1,-1,-1,5,2,E01011855,0
Unvalidated,2024131458475,2024,131458475,1,21,0,4,3,7,0,0,0,0,0,0,2,1,1,1,48,8,-1,-1,-1,-1,3,1,E01010714,0
Unvalidated,2024131458475,2024,131458475,2,9,0,4,3,7,0,0,0,0,0,0,2,1,2,2,47,8,-1,-1,-1,-1,1,1,E01011472,0
Unvalidated,2024131458475,2024,131458475,3,20,0,18,3,7,0,0,0,0,0,0,1,1,1,1,50,8,-1,-1,-1,-1,5,1,E01011731,0
Unvalidated,2024131458478,2024,131458478,1,9,0,3,1,3,0,8,0,0,0,0,1,1,6,1,77,11,-1,-1,-1,-1,3,1,E01011260,0
Unvalidated,2024131458478,2024,131458478,2,1,0,13,3,7,0,1,0,0,0,0,1,1,5,1,51,8,-1,-1,-1,-1,3,1,E01011064,0
Unvalidated,2024131458485,2024,131458485,1,9,0,-1,-1,-1,-1,0,-1,-1,-1,-1,-1,1,6,3,-1,-1,-1,-1,-1,-1,-1,-1,-1,0
Unvalidated,2024131458485,2024,131458485,2,1,0,18,7,3,4,0,0,0,0,0,1,1,6,1,22,5,-1,-1,-1,-1,4,1,E01011678,0
Unvalidated,2024131458486,2024,131458486,1,9,0,18,1,5,0,8,0,0,0,0,1,1,6,2,60,9,-1,-1,-1,-1,1,1,E01010720,0
Unvalidated,2024131458486,2024,131458486,2,1,0,5,7,3,0,8,0,0,0,0,4,1,6,1,52,8,-1,-1,-1,-1,-1,-1,-1,0
Unvalidated,2024131458568,2024,131458568,1,9,0,18,1,5,0,8,0,0,0,0,4,1,5,2,37,7,-1,-1,-1,-1,7,1,E01011205,0
Unvalidated,2024131458568,2024,131458568,2,9,0,18,3,7,0,8,0,0,0,0,1,1,5,2,50,8,-1,-1,-1,-1,6,3,E01024034,0
Unvalidated,2024131458571,2024,131458571,1,9,0,18,1,5,0,8,0,0,0,0,1,2,5,1,65,9,-1,-1,-1,-1,10,2,E01011710,0
Unvalidated,2024131458571,2024,131458571,2,20,0,18,5,1,0,8,2,0,1,0,1,1,5,1,52,8,-1,-1,-1,-1,3,1,E01011851,0
Unvalidated,2024131458573,2024,131458573,1,19,0,18,1,5,0,0,0,0,0,0,3,1,1,1,23,5,-1,-1,-1,-1,1,1,E01010730,0
Unvalidated,2024131458574,2024,131458574,1,90,0,-1,-1,-1,-1,0,-1,-1,-1,-1,-1,1,6,1,-1,-1,-1,-1,-1,-1,-1,-1,-1,0
Unvalidated,2024131458574,2024,131458574,2,9,0,-1,-1,-1,-1,0,-1,-1,-1,-1,3,1,5,2,34,6,-1,-1,-1,-1,6,1,E01010588,0
Unvalidated,2024131458588,2024,131458588,1,9,0,18,3,7,0,0,0,0,0,0,1,1,5,1,20,4,-1,-1,-1,-1,5,2,E01011391,0
Unvalidated,2024131458588,2024,131458588,2,9,0,18,3,7,0,0,0,0,0,0,2,1,5,2,35,6,-1,-1,-1,-1,9,1,E01011011,0
Unvalidated,2024131458609,2024,131458609,1,4,0,17,2,6,0,0,0,10,2,11,1,1,5,1,21,5,-1,-1,-1,-1,4,1,E01010959,0
Unvalidated,2024131458621,2024,131458621,1,9,0,18,7,5,0,0,5,0,0,0,4,1,5,1,32,6,-1,-1,-1,-1,5,1,E01010633,0
Unvalidated,2024131458670,2024,131458670,1,8,0,18,1,5,0,0,0,0,0,0,1,1,6,3,-1,-1,-1,-1,-1,-1,-1,-1,-1,0
Unvalidated,2024131458700,2024,131458700,1,9,0,5,1,6,0,0,0,0,0,0,2,1,6,1,50,8,-1,-1,-1,-1,5,1,E01010656,0
Unvalidated,2024131458753,2024,131458753,1,9,0,9,3,7,0,8,0,0,0,0,1,1,5,1,89,11,-1,-1,-1,-1,3,1,E01010998,0
Unvalidated,2024131458753,2024,131458753,2,9,0,9,1,5,0,8,0,0,0,0,3,1,5,2,52,8,-1,-1,-1,-1,1,1,E01010926,0
Unvalidated,2024131458754,2024,131458754,1,5,0,12,3,7,0,0,5,0,0,0,1,1,5,1,63,9,-1,-1,-1,-1,5,1,E01011058,0
Unvalidated,2024131458754,2024,131458754,2,9,0,18,3,7,0,0,0,0,0,0,4,1,5,1,30,6,-1,-1,-1,-1,2,1,E01011105,0
Unvalidated,2024131458761,2024,131458761,1,9,0,18,8,4,0,8,0,0,0,0,4,1,2,2,20,4,-1,-1,-1,-1,3,1,E01010584,0
Unvalidated,2024131458761,2024,131458761,2,9,0,2,0,0,0,8,0,0,0,0,3,1,6,3,-1,-1,-1,-1,-1,-1,-1,-1,-1,0
Unvalidated,2024131458768,2024,131458768,1,5,0,11,7,3,0,0,1,0,0,0,4,1,2,1,65,9,-1,-1,-1,-1,7,1,E01011053,0
Unvalidated,2024131458768,2024,131458768,2,9,0,12,7,3,1,0,0,0,1,2,3,1,6,1,18,4,-1,-1,-1,-1,6,1,E01011248,0
Unvalidated,2024131458770,2024,131458770,1,9,0,11,3,7,0,0,0,0,0,0,4,1,6,3,-1,-1,-1,-1,-1,-1,-1,-1,-1,0
Unvalidated,2024131458770,2024,131458770,2,9,0,18,3,7,0,0,0,0,0,0,3,1,5,2,34,6,-1,-1,-1,-1,4,1,E01010601,0
Unvalidated,2024131458799,2024,131458799,1,97,0,16,8,4,0,1,0,0,1,0,-1,1,6,1,14,3,-1,-1,-1,-1,2,1,E01011840,0
Unvalidated,2024131458799,2024,131458799,2,9,0,9,4,2,0,8,0,0,0,0,1,1,5,2,73,10,-1,-1,-1,-1,7,1,E01011835,0
Unvalidated,2024131458799,2024,131458799,3,9,0,2,0,0,0,1,0,0,0,0,0,1,6,3,-1,-1,-1,-1,-1,-1,-1,-1,-1,0
Unvalidated,2024131458799,2024,131458799,4,9,0,2,0,0,0,1,0,0,0,0,0,1,6,3,-1,-1,-1,-1,-1,-1,-1,-1,-1,0
Unvalidated,2024131458809,2024,131458809,1,9,0,-1,-1,-1,-1,0,-1,-1,-1,-1,-1,1,6,3,-1,-1,-1,-1,-1,-1,-1,-1,-1,0
Unvalidated,2024131458818,2024,131458818,1,5,0,15,1,5,0,0,1,0,0,0,1,1,5,1,57,9,-1,-1,-1,-1,7,1,E01011744,0
Unvalidated,2024131458842,2024,131458842,1,9,0,9,2,1,0,8,0,0,0,0,4,1,6,2,47,8,-1,-1,-1,-1,1,1,E01011134,0
Unvalidated,2024131458842,2024,131458842,2,90,0,18,6,2,0,8,0,0,0,0,1,1,6,1,25,5,-1,-1,-1,-1,1,1,E01011130,0
Unvalidated,2024131458846,2024,131458846,1,9,0,18,3,7,0,2,0,0,0,0,-1,1,6,3,-1,-1,-1,-1,-1,-1,-1,-1,-1,0
Unvalidated,2024131458846,2024,131458846,2,9,0,5,5,7,0,2,0,0,0,0,1,1,6,2,22,5,-1,-1,-1,-1,5,1,E01010668,0
Unvalidated,2024131458861,2024,131458861,1,9,0,15,6,2,0,1,0,0,0,0,1,1,5,1,39,7,-1,-1,-1,-1,8,1,E01011169,0
Unvalidated,2024131458861,2024,131458861,2,9,0,9,4,2,0,1,0,0,0,0,1,1,5,1,44,7,-1,-1,-1,-1,1,1,E01011004,0
Unvalidated,2024131458863,2024,131458863,1,9,0,9,5,3,0,6,0,0,0,0,1,1,6,1,65,9,-1,-1,-1,-1,4,1,E01011325,0
Unvalidated,2024131458863,2024,131458863,2,1,0,18,7,7,0,1,0,0,0,0,1,1,6,1,27,6,-1,-1,-1,-1,1,1,E01011337,0
Unvalidated,2024131458894,2024,131458894,1,9,0,9,5,1,0,8,0,0,0,0,1,1,6,2,38,7,-1,-1,-1,-1,2,1,E01011000,0
Unvalidated,2024131458894,2024,131458894,2,9,0,18,3,7,0,8,0,0,0,0,4,1,6,2,21,5,-1,-1,-1,-1,6,3,E01010920,0
Unvalidated,2024131458908,2024,131458908,1,9,0,18,3,7,0,1,0,0,0,0,1,1,6,3,-1,-1,-1,-1,-1,-1,-1,-1,-1,0
Unvalidated,2024131458908,2024,131458908,2,1,0,4,1,5,0,1,0,0,0,0,1,1,6,1,22,5,-1,-1,-1,-1,4,1,E01011908,0
Unvalidated,2024131458926,2024,131458926,1,9,0,5,-1,-1,0,6,-1,-1,-1,-1,-1,1,6,3,-1,-1,-1,-1,-1,-1,-1,-1,-1,0
Unvalidated,2024131458926,2024,131458926,2,9,0,18,3,7,0,8,0,0,0,0,3,1,5,1,48,8,-1,-1,-1,-1,1,1,E01010841,0
Unvalidated,2024131458940,2024,131458940,1,9,0,18,4,8,0,2,0,0,1,7,1,1,5,1,22,5,-1,-1,-1,-1,1,1,E01010966,0
Unvalidated,2024131458940,2024,131458940,2,9,0,18,2,6,0,2,0,0,0,0,0,1,1,2,-1,-1,-1,-1,-1,-1,1,1,E01010994,0
Unvalidated,2024131458970,2024,131458970,1,1,0,18,7,3,0,8,5,0,0,0,1,1,6,1,72,10,-1,-1,-1,-1,8,1,E01024914,0
Unvalidated,2024131458980,2024,131458980,1,9,0,18,6,2,0,8,0,0,0,0,1,1,6,2,38,7,-1,-1,-1,-1,1,1,E01011373,0
Unvalidated,2024131458980,2024,131458980,2,9,0,18,6,2,0,8,0,0,0,0,2,1,5,1,45,7,-1,-1,-1,-1,1,1,E01011318,0
Unvalidated,2024131458982,2024,131458982,1,9,0,18,5,1,0,0,0,0,0,0,1,1,6,1,33,6,-1,-1,-1,-1,2,1,E01010792,0
Unvalidated,2024131458982,2024,131458982,2,9,0,9,7,5,0,0,0,0,0,0,3,1,2,2,48,8,-1,-1,-1,-1,1,1,E01010731,0
Unvalidated,2024131458993,2024,131458993,1,4,0,18,7,3,0,8,5,0,0,0,0,1,5,1,35,6,-1,-1,-1,-1,7,1,E01010760,0
Unvalidated,2024131458999,2024,131458999,1,9,0,-1,-1,-1,-1,-1,-1,-1,-1,0,-1,1,6,3,-1,-1,-1,-1,-1,-1,-1,-1,-1,0
Unvalidated,2024131458999,2024,131458999,2,9,0,3,3,7,0,2,0,0,0,0,2,1,6,2,37,7,-1,-1,-1,-1,1,1,E01010624,0
Unvalidated,2024131459041,2024,131459041,1,97,0,7,3,3,0,8,0,0,0,0,3,1,6,1,13,3,-1,-1,-1,-1,-1,-1,-1,0
Unvalidated,2024131459041,2024,131459041,2,9,0,18,3,3,0,8,0,0,0,0,1,1,2,1,26,6,-1,-1,-1,-1,1,1,E01010964,0
Unvalidated,2024131459055,2024,131459055,1,9,0,17,1,1,0,8,0,0,8,0,1,1,5,1,30,6,-1,-1,-1,-1,1,1,E01010623,0
Unvalidated,2024131459066,2024,131459066,1,9,0,4,5,1,0,1,0,0,0,0,1,1,2,1,52,8,-1,-1,-1,-1,3,1,E01011141,0
Unvalidated,2024131459066,2024,131459066,2,1,0,18,3,7,0,6,0,0,0,0,3,1,6,1,29,6,-1,-1,-1,-1,3,1,E01011832,0
Unvalidated,2024131459074,2024,131459074,1,19,0,12,8,4,0,8,0,0,0,0,1,1,6,1,66,10,-1,-1,-1,-1,4,1,E01011597,0
Unvalidated,2024131459074,2024,131459074,2,5,0,18,8,4,0,3,2,0,1,1,1,1,6,1,66,10,-1,-1,-1,-1,7,2,-1,0
Unvalidated,2024131459075,2024,131459075,1,9,0,18,4,8,0,1,0,0,0,0,1,1,5,1,21,5,-1,-1,-1,-1,1,1,E01010802,0
Unvalidated,2024131459075,2024,131459075,2,10,0,9,8,4,0,8,0,0,0,0,4,1,1,1,51,8,-1,-1,-1,-1,4,1,E01011157,0
Unvalidated,2024131459089,2024,131459089,1,9,0,9,8,4,0,5,0,0,0,0,3,1,5,2,53,8,-1,-1,-1,-1,5,1,E01011150,0
Unvalidated,2024131459089,2024,131459089,2,3,0,13,8,4,0,1,1,0,0,0,4,1,5,1,17,4,-1,-1,-1,-1,4,1,E01011012,0
Unvalidated,2024131459154,2024,131459154,1,9,0,17,1,5,0,3,0,0,0,0,4,1,5,1,34,6,-1,-1,-1,-1,5,1,E01011819,0
Unvalidated,2024131459154,2024,131459154,2,9,0,11,1,5,0,4,0,0,0,0,1,1,5,1,39,7,-1,-1,-1,-1,1,1,E01011869,0
Unvalidated,2024131459160,2024,131459160,1,9,0,18,2,6,9,2,1,0,1,0,3,1,5,1,37,7,-1,-1,-1,-1,8,1,E01010709,0
Unvalidated,2024131459160,2024,131459160,2,9,0,9,6,2,0,1,0,0,0,0,1,1,6,1,24,5,-1,-1,-1,-1,4,1,E01010727,0
Unvalidated,2024131459171,2024,131459171,1,3,0,18,3,7,0,0,2,10,0,0,1,1,6,1,25,5,-1,-1,-1,-1,1,1,E01010655,0
Unvalidated,2024131459171,2024,131459171,2,9,0,4,7,3,0,0,0,0,0,0,0,1,6,1,72,10,-1,-1,-1,-1,3,1,E01010825,0
Unvalidated,2024131459171,2024,131459171,3,9,0,18,3,7,0,0,0,0,0,0,0,1,1,1,30,6,-1,-1,-1,-1,6,3,E01011885,0
Unvalidated,2024131459171,2024,131459171,4,9,0,18,3,7,0,0,0,0,0,0,0,1,1,1,30,6,-1,-1,-1,-1,6,3,E01011885,0
Unvalidated,2024131459193,2024,131459193,1,9,0,5,8,4,0,0,0,0,0,0,1,1,1,1,44,7,-1,-1,-1,-1,1,1,E01011133,0
Unvalidated,2024131459193,2024,131459193,2,1,0,18,7,3,0,0,0,0,0,0,4,1,2,1,39,7,-1,-1,-1,-1,1,1,E01011473,0
Unvalidated,2024131459198,2024,131459198,1,23,0,18,2,6,0,0,1,10,0,0,4,1,5,1,26,6,-1,-1,-1,-1,2,1,E01011220,0
Unvalidated,2024131459299,2024,131459299,1,9,0,9,3,7,0,8,0,0,1,0,3,1,3,2,40,7,-1,-1,-1,-1,1,1,E01010840,0
Unvalidated,2024131459299,2024,131459299,2,9,0,14,1,5,0,8,0,0,0,0,1,1,6,3,20,4,-1,-1,-1,-1,-1,-1,-1,0
Unvalidated,2024131459305,2024,131459305,1,9,0,14,7,3,0,0,0,0,0,0,4,1,5,1,39,7,-1,-1,-1,-1,8,1,E01032493,0
Unvalidated,2024131459353,2024,131459353,1,9,0,18,7,3,0,4,0,0,0,0,1,1,6,1,-1,-1,-1,-1,-1,-1,-1,-1,-1,0
Unvalidated,2024131459353,2024,131459353,2,9,0,18,3,7,0,3,0,0,0,0,4,1,5,1,24,5,-1,-1,-1,-1,1,1,E01010719,0
Unvalidated,2024131459372,2024,131459372,1,19,0,16,1,5,0,0,0,0,0,0,1,1,2,1,31,6,-1,-1,-1,-1,7,1,E01032496,0
Unvalidated,2024131459372,2024,131459372,2,19,0,4,1,5,0,0,0,0,0,0,2,1,1,1,38,7,-1,-1,-1,-1,1,1,E01011475,0
Unvalidated,2024131459372,2024,131459372,3,19,0,10,1,5,0,0,0,0,0,0,2,1,1,1,35,6,-1,-1,-1,-1,10,3,E01011270,0
Unvalidated,2024131459456,2024,131459456,1,17,0,18,1,5,0,8,0,0,0,0,1,1,5,2,76,11,-1,-1,-1,-1,9,3,E01010764,0
Unvalidated,2024131459456,2024,131459456,2,9,0,18,1,5,0,8,0,0,0,0,4,1,5,1,54,8,-1,-1,-1,-1,3,1,E01010584,0
Unvalidated,2024131459512,2024,131459512,1,9,0,5,7,3,0,0,0,0,0,0,1,1,6,3,-1,-1,-1,-1,-1,-1,-1,-1,-1,0
Unvalidated,2024131459512,2024,131459512,2,9,0,10,7,3,0,0,0,0,0,0,2,1,2,1,28,6,-1,-1,-1,-1,-1,-1,-1,0
Unvalidated,2024131459553,2024,131459553,1,9,0,18,1,5,0,2,0,0,0,0,1,1,6,2,38,7,-1,-1,-1,-1,1,1,E01011143,0
Unvalidated,2024131459586,2024,131459586,1,23,0,13,4,8,0,0,0,0,7,0,1,1,5,1,15,3,-1,-1,-1,-1,4,1,E01011876,0
Unvalidated,2024131459586,2024,131459586,2,9,0,9,4,2,0,0,0,0,0,0,3,1,3,2,30,6,-1,-1,-1,-1,2,1,E01011926,0
Unvalidated,2024131459591,2024,131459591,1,97,0,7,-1,-1,0,2,-1,-1,-1,-1,-1,1,6,3,-1,-1,-1,-1,-1,-1,-1,-1,-1,0
Unvalidated,2024131459617,2024,131459617,1,9,0,9,3,1,0,8,0,0,0,0,4,1,5,2,48,8,-1,-1,-1,-1,8,1,E01011277,0
Unvalidated,2024131459617,2024,131459617,2,5,0,18,1,1,0,8,2,0,0,0,3,1,6,1,35,6,-1,-1,-1,-1,9,1,E01010576,0
Unvalidated,2024131459643,2024,131459643,1,9,0,17,5,1,0,0,1,0,7,10,1,1,6,1,59,9,-1,-1,-1,-1,1,1,E01011492,0
Unvalidated,2024131459645,2024,131459645,1,9,0,10,1,5,0,8,0,0,0,0,3,1,5,1,44,7,-1,-1,-1,-1,7,1,E01011942,0
Unvalidated,2024131459645,2024,131459645,2,9,0,18,3,7,0,8,0,0,0,0,4,1,5,2,31,6,-1,-1,-1,-1,2,1,E01007448,0
Unvalidated,2024131459696,2024,131459696,1,9,0,9,5,7,0,8,0,0,0,0,1,1,2,2,23,5,-1,-1,-1,-1,5,1,E01011648,0
Unvalidated,2024131459696,2024,131459696,2,1,0,18,1,5,4,8,0,0,0,0,3,1,2,2,55,8,-1,-1,-1,-1,9,1,E01011905,0
Unvalidated,2024131459925,2024,131459925,1,1,0,18,3,7,0,1,0,0,0,0,1,1,5,1,22,5,-1,-1,-1,-1,8,1,E01011520,0
Unvalidated,2024131459925,2024,131459925,2,9,0,18,5,1,0,1,0,0,0,0,0,1,5,2,35,6,-1,-1,-1,-1,6,1,E01010945,0
Unvalidated,2024131459973,2024,131459973,1,9,0,18,1,5,0,0,0,0,0,0,1,1,6,1,84,11,-1,-1,-1,-1,1,1,E01011838,0
Unvalidated,2024131460058,2024,131460058,1,3,0,18,1,1,0,1,0,0,0,0,1,1,5,1,20,4,-1,-1,-1,-1,3,1,E01011601,0
Unvalidated,2024131460058,2024,131460058,2,9,0,9,8,5,0,6,0,0,0,0,1,1,5,2,29,6,-1,-1,-1,-1,6,1,E01011607,0
Unvalidated,2024131460066,2024,131460066,1,9,0,18,7,3,0,6,0,0,0,0,1,1,1,2,36,7,-1,-1,-1,-1,7,1,E01011506,0
Unvalidated,2024131460066,2024,131460066,2,9,0,9,3,1,0,8,0,0,0,0,1,1,5,2,34,6,-1,-1,-1,-1,10,1,E01011453,0
Unvalidated,2024131460103,2024,131460103,1,9,0,9,1,5,0,8,0,0,0,0,3,1,2,2,27,6,-1,-1,-1,-1,3,1,E01010752,0
Unvalidated,2024131460103,2024,131460103,2,9,0,14,1,5,0,1,0,0,0,0,1,1,6,3,28,6,-1,-1,-1,-1,3,1,E01010864,0
Unvalidated,2024131460123,2024,131460123,1,9,0,18,1,1,0,1,0,0,0,0,3,1,6,2,46,8,-1,-1,-1,-1,6,1,E01011704,0
Unvalidated,2024131460123,2024,131460123,2,9,0,9,5,3,0,5,0,0,0,0,3,1,6,2,69,10,-1,-1,-1,-1,9,1,E01011698,0
Unvalidated,2024131460123,2024,131460123,3,9,0,18,5,5,0,1,0,0,0,0,3,1,6,1,31,6,-1,-1,-1,-1,10,2,E01011710,0
Unvalidated,2024131460137,2024,131460137,1,9,0,18,1,7,0,0,1,0,0,0,1,1,5,1,36,7,-1,-1,-1,-1,2,1,E01011378,0
Unvalidated,2024131460137,2024,131460137,2,9,0,18,7,3,0,0,1,0,7,0,4,1,1,1,40,7,-1,-1,-1,-1,2,1,E01007651,0
Unvalidated,2024131460137,2024,131460137,3,9,0,18,7,3,0,0,2,0,0,0,4,1,6,3,-1,-1,-1,-1,-1,-1,-1,-1,-1,0
Unvalidated,2024131460145,2024,131460145,1,9,0,18,1,5,0,8,0,0,0,0,1,1,5,1,42,7,-1,-1,-1,-1,1,1,E01010832,0
Unvalidated,2024131460225,2024,131460225,1,9,0,5,3,7,0,0,0,0,0,0,2,1,5,1,30,6,-1,-1,-1,-1,1,1,E01011916,0
Unvalidated,2024131460225,2024,131460225,2,98,0,5,3,7,0,0,0,0,0,0,1,1,1,1,34,6,-1,-1,-1,-1,3,1,E01005512,0
Unvalidated,2024131460297,2024,131460297,1,9,0,18,4,8,0,0,0,0,0,0,3,1,5,1,41,7,-1,-1,-1,-1,2,1,E01011758,0
Unvalidated,2024131460454,2024,131460454,1,9,0,18,1,5,0,0,0,0,0,0,1,1,5,2,24,5,-1,-1,-1,-1,9,1,E01011170,0