status,collision_index,collision_year,collision_reference,vehicle_reference,vehicle_type,towing_and_articulation,vehicle_manoeuvre,vehicle_direction_from,vehicle_direction_to,vehicle_location_restricted_lane,junction_location,skidding_and_overturning,hit_object_in_carriageway,vehicle_leaving_carriageway,hit_object_off_carriageway,first_point_of_impact,vehicle_left_hand_drive,journey_purpose_of_driver,sex_of_driver,age_of_driver,age_band_of_driver,engine_capacity_cc,propulsion_code,age_of_vehicle,generic_make_model,driver_imd_decile,driver_home_area_type,lsoa_of_driver,escooter_flag
Unvalidated,2024131460454,2024,131460454,2,9,0,4,1,5,0,0,0,0,0,0,2,1,5,2,50,8,-1,-1,-1,-1,5,1,E01011184,0
Unvalidated,2024131460460,2024,131460460,1,9,0,1,3,7,0,8,0,0,0,0,2,1,6,3,-1,-1,-1,-1,-1,-1,-1,-1,-1,0
Unvalidated,2024131460460,2024,131460460,2,22,0,2,0,0,9,8,0,0,0,0,1,1,5,1,74,10,-1,-1,-1,-1,3,1,E01011267,0
Unvalidated,2024131460518,2024,131460518,1,9,0,18,7,3,0,8,0,0,0,0,1,1,6,1,48,8,-1,-1,-1,-1,1,1,E01010830,0
Unvalidated,2024131460518,2024,131460518,2,9,0,2,7,3,0,8,0,0,0,0,2,1,6,3,-1,-1,-1,-1,-1,-1,-1,-1,-1,0
Unvalidated,2024131460528,2024,131460528,1,9,0,4,1,5,0,0,0,0,0,0,2,1,1,2,23,5,-1,-1,-1,-1,9,1,E01010681,0
Unvalidated,2024131460528,2024,131460528,2,9,0,4,1,5,0,0,0,0,0,0,1,1,5,1,35,6,-1,-1,-1,-1,3,1,E01009619,0
Unvalidated,2024131460538,2024,131460538,1,3,0,18,6,2,0,8,2,0,0,0,4,1,5,1,23,5,-1,-1,-1,-1,2,1,E01011914,0
Unvalidated,2024131460538,2024,131460538,2,9,0,5,8,4,0,1,0,0,0,0,1,1,2,2,51,8,-1,-1,-1,-1,7,1,E01007439,0
Unvalidated,2024131460538,2024,131460538,3,9,0,18,6,2,0,2,0,0,0,0,0,1,1,1,-1,-1,-1,-1,-1,-1,6,3,E01011885,0
Unvalidated,2024131460543,2024,131460543,1,98,0,-1,-1,-1,-1,8,-1,-1,-1,0,-1,1,6,3,-1,-1,-1,-1,-1,-1,-1,-1,-1,0
Unvalidated,2024131460543,2024,131460543,2,1,0,18,3,7,0,8,0,0,0,0,1,1,4,1,14,3,-1,-1,-1,-1,3,1,E01010827,0
Unvalidated,2024131460594,2024,131460594,1,97,0,18,4,8,0,0,0,0,0,0,0,1,6,1,18,4,-1,-1,-1,-1,1,1,E01011423,0
Unvalidated,2024131460717,2024,131460717,1,19,0,18,7,3,0,0,0,0,0,0,4,1,2,1,38,7,-1,-1,-1,-1,2,1,E01011223,0
Unvalidated,2024131460717,2024,131460717,2,9,0,2,0,0,0,0,0,0,0,0,2,1,6,3,-1,-1,-1,-1,-1,-1,-1,-1,-1,0
Unvalidated,2024131460796,2024,131460796,1,9,0,-1,-1,-1,-1,-1,-1,-1,-1,-1,-1,1,6,3,-1,-1,-1,-1,-1,-1,-1,-1,-1,0
Unvalidated,2024131460796,2024,131460796,2,1,0,18,4,8,0,1,0,0,0,0,0,1,5,1,29,6,-1,-1,-1,-1,3,1,E01010789,0
Unvalidated,2024131460841,2024,131460841,1,90,0,-1,8,4,-1,-1,-1,-1,-1,-1,-1,1,6,3,-1,-1,-1,-1,-1,-1,-1,-1,-1,0
Unvalidated,2024131460841,2024,131460841,2,1,0,18,6,2,0,8,0,0,0,0,1,1,6,1,58,9,-1,-1,-1,-1,7,2,E01011879,0
Unvalidated,2024131460859,2024,131460859,1,9,0,3,5,1,0,1,0,0,0,0,2,1,1,1,57,9,-1,-1,-1,-1,3,1,E01010761,0
Unvalidated,2024131460859,2024,131460859,2,9,0,4,5,1,0,1,0,0,0,0,1,1,5,2,71,10,-1,-1,-1,-1,7,1,E01010644,0
Unvalidated,2024131460873,2024,131460873,1,9,0,1,4,8,0,0,0,0,0,0,2,1,6,3,-1,-1,-1,-1,-1,-1,-1,-1,-1,0
Unvalidated,2024131460944,2024,131460944,1,9,0,18,7,3,0,0,0,0,0,0,4,1,5,3,37,7,-1,-1,-1,-1,7,1,E01027584,0
Unvalidated,2024131460944,2024,131460944,2,1,0,18,1,5,0,0,0,0,1,0,1,1,5,1,8,2,-1,-1,-1,-1,8,1,E01010645,0
Unvalidated,2024131460952,2024,131460952,1,9,0,7,7,5,0,6,0,0,0,0,1,1,6,3,-1,-1,-1,-1,-1,-1,-1,-1,-1,0
Unvalidated,2024131460952,2024,131460952,2,9,0,18,5,1,0,1,0,0,0,0,3,1,6,2,28,6,-1,-1,-1,-1,1,1,E01011475,0
Unvalidated,2024131460955,2024,131460955,1,9,0,-1,-1,-1,-1,0,-1,-1,-1,-1,-1,1,6,3,-1,-1,-1,-1,-1,-1,-1,-1,-1,0
Unvalidated,2024131460955,2024,131460955,2,9,0,4,1,5,0,0,0,0,5,0,1,1,2,1,23,5,-1,-1,-1,-1,7,3,E01027647,0
Unvalidated,2024131460955,2024,131460955,3,9,0,18,1,5,0,0,0,0,0,0,1,1,2,1,40,7,-1,-1,-1,-1,10,2,E01013090,0
Unvalidated,2024131460955,2024,131460955,4,9,0,4,1,5,0,0,0,0,0,0,2,1,6,2,61,9,-1,-1,-1,-1,2,1,E01011237,0
Unvalidated,2024131460955,2024,131460955,5,9,0,18,1,5,0,0,0,0,0,0,1,1,6,1,25,5,-1,-1,-1,-1,2,1,E01028319,0
Unvalidated,2024131460968,2024,131460968,1,9,0,4,1,1,0,8,0,0,0,0,1,1,6,3,-1,-1,-1,-1,-1,-1,-1,-1,-1,0
Unvalidated,2024131460968,2024,131460968,2,9,0,4,1,1,0,8,0,0,0,0,2,1,6,2,31,6,-1,-1,-1,-1,3,1,E01010779,0
Unvalidated,2024131461002,2024,131461002,1,9,0,1,0,0,0,0,0,0,0,0,2,1,2,2,58,9,-1,-1,-1,-1,3,1,E01011369,0
Unvalidated,2024131461002,2024,131461002,2,90,0,2,0,0,0,0,0,0,0,0,4,1,1,1,60,9,-1,-1,-1,-1,1,1,E01011494,0
Unvalidated,2024131461004,2024,131461004,1,9,0,9,5,7,0,1,0,0,0,0,1,1,5,1,47,8,-1,-1,-1,-1,8,3,E01027695,0
Unvalidated,2024131461004,2024,131461004,2,1,0,18,5,1,0,8,0,0,1,0,1,1,6,1,20,4,-1,-1,-1,-1,3,1,E01010825,0
Unvalidated,2024131461008,2024,131461008,1,9,0,-1,-1,-1,-1,-1,-1,-1,-1,-1,-1,1,6,3,95,11,-1,-1,-1,-1,-1,-1,-1,0
Unvalidated,2024131461008,2024,131461008,2,9,0,18,3,7,0,8,0,0,0,0,3,1,5,2,30,6,-1,-1,-1,-1,3,1,E01010600,0
Unvalidated,2024131461014,2024,131461014,1,9,0,7,1,3,0,8,0,0,0,0,3,1,5,2,36,7,-1,-1,-1,-1,1,1,E01011337,0
Unvalidated,2024131461014,2024,131461014,2,9,0,18,7,3,0,8,0,0,0,0,4,1,6,1,44,7,-1,-1,-1,-1,9,1,E01011685,0
Unvalidated,2024131461017,2024,131461017,1,9,0,18,1,1,0,0,0,0,0,0,1,1,5,1,57,9,-1,-1,-1,-1,1,1,E01011427,0
Unvalidated,2024131461026,2024,131461026,1,9,0,18,1,5,0,8,0,0,0,0,3,1,5,1,50,8,-1,-1,-1,-1,7,1,E01011512,0
Unvalidated,2024131461026,2024,131461026,2,9,0,18,5,1,0,8,1,0,0,0,4,1,5,1,21,5,-1,-1,-1,-1,6,2,E01027889,0
Unvalidated,2024131461029,2024,131461029,1,9,0,-1,-1,-1,-1,0,-1,-1,-1,0,-1,1,6,3,-1,-1,-1,-1,-1,-1,-1,-1,-1,0
Unvalidated,2024131461029,2024,131461029,2,1,0,18,1,1,0,0,0,0,0,0,1,1,2,1,43,7,-1,-1,-1,-1,9,1,E01011381,0
Unvalidated,2024131461054,2024,131461054,1,90,0,5,5,1,0,0,1,0,0,0,1,1,5,1,24,5,-1,-1,-1,-1,2,1,E01011925,0
Unvalidated,2024131461055,2024,131461055,1,1,0,18,1,5,0,1,2,0,0,0,1,1,6,3,-1,-1,-1,-1,-1,-1,-1,-1,-1,0
Unvalidated,2024131461055,2024,131461055,2,1,0,18,3,1,5,1,0,0,0,0,1,1,6,3,-1,-1,-1,-1,-1,-1,-1,-1,-1,0
Unvalidated,2024131461069,2024,131461069,1,9,0,18,2,6,0,8,0,0,0,0,1,1,6,3,-1,-1,-1,-1,-1,-1,-1,-1,-1,0
Unvalidated,2024131461090,2024,131461090,1,9,0,5,5,1,0,1,0,0,0,0,2,1,5,1,34,6,-1,-1,-1,-1,2,1,E01010804,0
Unvalidated,2024131461090,2024,131461090,2,1,0,18,5,1,0,1,0,0,0,0,3,1,1,1,43,7,-1,-1,-1,-1,2,1,E01010806,0
Unvalidated,2024131461094,2024,131461094,1,9,0,16,3,5,0,6,0,0,0,0,1,1,6,3,-1,-1,-1,-1,-1,-1,-1,-1,-1,0
Unvalidated,2024131461094,2024,131461094,2,9,0,18,5,1,0,1,0,0,0,0,1,1,5,1,29,6,-1,-1,-1,-1,1,1,E01010829,0
Unvalidated,2024131461094,2024,131461094,3,9,0,18,3,5,0,1,0,0,0,0,0,1,6,3,-1,-1,-1,-1,-1,-1,-1,-1,-1,0
Unvalidated,2024131461105,2024,131461105,1,11,0,2,0,0,0,8,0,0,0,0,3,1,1,1,58,9,-1,-1,-1,-1,8,1,E01011459,0
Unvalidated,2024131461105,2024,131461105,2,1,0,18,1,5,0,6,0,4,0,0,1,1,6,1,49,8,-1,-1,-1,-1,2,1,E01032500,0
Unvalidated,2024131461114,2024,131461114,1,9,0,18,5,1,0,0,5,0,0,0,2,1,5,1,22,5,-1,-1,-1,-1,1,1,E01010616,0
Unvalidated,2024131461116,2024,131461116,1,9,0,4,5,1,1,0,0,0,0,0,1,1,6,1,68,10,-1,-1,-1,-1,9,1,E01011555,0
Unvalidated,2024131461116,2024,131461116,2,9,0,4,5,1,0,0,0,0,0,0,2,1,6,1,36,7,-1,-1,-1,-1,8,1,E01011459,0
Unvalidated,2024131461116,2024,131461116,3,9,0,4,5,1,0,0,0,0,0,0,2,1,5,2,37,7,-1,-1,-1,-1,6,1,E01011598,0
Unvalidated,2024131461129,2024,131461129,1,9,0,-1,-1,-1,-1,0,-1,-1,-1,-1,-1,1,6,3,-1,-1,-1,-1,-1,-1,-1,-1,-1,0
Unvalidated,2024131461129,2024,131461129,2,9,0,18,7,3,0,0,0,0,0,0,1,1,6,1,59,9,-1,-1,-1,-1,10,1,E01011386,0
Unvalidated,2024131461129,2024,131461129,3,9,0,18,3,7,0,0,0,0,0,0,3,1,6,2,46,8,-1,-1,-1,-1,3,1,E01011718,0
Unvalidated,2024131461133,2024,131461133,1,9,0,18,7,3,0,8,0,0,0,0,1,1,1,1,37,7,-1,-1,-1,-1,6,1,E01011446,0
Unvalidated,2024131461133,2024,131461133,2,1,0,5,1,5,0,8,0,0,0,0,3,1,5,1,21,5,-1,-1,-1,-1,-1,-1,-1,0
Unvalidated,2024131461153,2024,131461153,1,9,0,18,7,3,0,0,0,0,0,0,3,1,2,1,38,7,-1,-1,-1,-1,3,1,E01032923,0
Unvalidated,2024131461153,2024,131461153,2,9,0,13,7,3,0,0,0,0,2,4,4,1,2,1,38,7,-1,-1,-1,-1,3,1,E01032923,0
Unvalidated,2024131461302,2024,131461302,1,9,0,-1,-1,-1,-1,0,-1,-1,-1,0,-1,1,6,3,-1,-1,-1,-1,-1,-1,-1,-1,-1,0
Unvalidated,2024131461313,2024,131461313,1,9,0,18,5,1,0,8,0,0,0,0,1,1,5,2,69,10,-1,-1,-1,-1,9,2,E01011773,0
Unvalidated,2024131461313,2024,131461313,2,9,0,7,7,3,0,8,0,0,0,0,1,1,6,1,17,4,-1,-1,-1,-1,7,1,E01011775,0
Unvalidated,2024131461323,2024,131461323,1,9,0,18,5,1,0,0,0,0,0,0,1,1,5,2,78,11,-1,-1,-1,-1,10,1,E01008275,0
Unvalidated,2024131461323,2024,131461323,2,21,0,18,5,1,0,0,0,0,0,0,2,1,1,1,63,9,-1,-1,-1,-1,2,1,E01026037,0
Unvalidated,2024131461364,2024,131461364,1,9,0,-1,-1,-1,-1,8,-1,-1,-1,0,-1,1,6,2,-1,-1,-1,-1,-1,-1,-1,-1,-1,0
Unvalidated,2024131461364,2024,131461364,2,1,0,9,6,3,0,8,0,0,0,0,4,1,5,1,22,5,-1,-1,-1,-1,3,1,E01033010,0
Unvalidated,2024131461394,2024,131461394,1,9,0,18,2,6,0,8,0,0,0,0,1,1,5,1,67,10,-1,-1,-1,-1,2,1,E01032607,0
Unvalidated,2024131461394,2024,131461394,2,9,0,18,2,6,0,8,0,0,0,0,3,1,6,2,34,6,-1,-1,-1,-1,1,1,E01011737,0
Unvalidated,2024131461394,2024,131461394,3,9,0,2,0,0,9,8,0,0,0,0,3,1,5,1,53,8,-1,-1,-1,-1,2,1,E01011424,0
Unvalidated,2024131461399,2024,131461399,1,9,0,9,5,2,0,8,0,0,0,0,4,1,6,1,73,10,-1,-1,-1,-1,2,1,E01011814,0
Unvalidated,2024131461399,2024,131461399,2,9,0,18,1,5,0,8,0,0,0,0,1,1,6,1,43,7,-1,-1,-1,-1,2,1,E01011900,0
Unvalidated,2024131461428,2024,131461428,1,9,0,5,5,1,0,8,0,0,0,0,1,1,2,2,32,6,-1,-1,-1,-1,3,1,E01007322,0
Unvalidated,2024131461436,2024,131461436,1,19,0,18,3,7,0,0,5,0,0,0,1,1,6,3,-1,-1,-1,-1,-1,-1,-1,-1,-1,0
Unvalidated,2024131461436,2024,131461436,2,9,0,18,7,3,0,0,0,0,0,0,3,1,6,2,42,7,-1,-1,-1,-1,1,1,E01011029,0
Unvalidated,2024131461436,2024,131461436,3,9,0,18,7,3,0,0,0,0,0,0,3,1,1,1,30,6,-1,-1,-1,-1,7,1,E01011161,0
Unvalidated,2024131461438,2024,131461438,1,9,0,18,3,7,0,0,0,0,0,0,1,1,5,1,20,4,-1,-1,-1,-1,2,1,E01011080,0
Unvalidated,2024131461438,2024,131461438,2,9,0,18,5,1,0,0,0,0,0,0,3,1,1,1,54,8,-1,-1,-1,-1,2,1,E01011230,0
Unvalidated,2024131461454,2024,131461454,1,9,0,5,7,7,0,0,0,0,0,0,1,1,5,2,23,5,-1,-1,-1,-1,4,1,E01011647,0
Unvalidated,2024131461476,2024,131461476,1,9,0,16,8,4,0,0,0,11,0,0,1,1,5,2,35,6,-1,-1,-1,-1,8,1,E01011514,0
Unvalidated,2024131461487,2024,131461487,1,9,0,-1,-1,-1,-1,0,-1,-1,-1,0,-1,1,6,3,-1,-1,-1,-1,-1,-1,-1,-1,-1,0
Unvalidated,2024131461489,2024,131461489,1,9,0,18,7,3,0,8,0,0,0,0,1,1,2,2,44,7,-1,-1,-1,-1,2,1,E01011000,0
Unvalidated,2024131461489,2024,131461489,2,9,0,7,-1,-1,0,8,-1,-1,-1,0,-1,1,6,3,-1,-1,-1,-1,-1,-1,-1,-1,-1,0
Unvalidated,2024131461491,2024,131461491,1,9,0,9,7,3,0,8,0,0,0,0,4,1,6,1,67,10,-1,-1,-1,-1,1,1,E01010966,0
Unvalidated,2024131461491,2024,131461491,2,9,0,18,7,3,0,8,0,0,0,0,1,1,6,1,26,6,-1,-1,-1,-1,1,1,E01011003,0
Unvalidated,2024131461491,2024,131461491,3,9,0,2,0,0,0,8,0,0,0,0,2,1,6,3,-1,-1,-1,-1,-1,-1,-1,-1,-1,0
Unvalidated,2024131461580,2024,131461580,1,9,0,18,1,1,0,0,0,0,0,0,1,1,6,1,20,4,-1,-1,-1,-1,1,1,E01010736,0
Unvalidated,2024131461625,2024,131461625,1,9,0,1,1,5,0,8,0,0,0,0,2,1,5,1,76,11,-1,-1,-1,-1,3,1,E01011594,0
Unvalidated,2024131461671,2024,131461671,1,9,0,18,6,2,0,8,0,0,0,0,-1,1,6,3,-1,-1,-1,-1,-1,-1,-1,-1,-1,0
Unvalidated,2024131461695,2024,131461695,1,9,0,18,1,3,0,0,0,0,0,0,1,1,5,2,48,8,-1,-1,-1,-1,1,1,E01010843,0
Unvalidated,2024131461735,2024,131461735,1,9,0,17,1,5,0,0,1,0,7,3,4,1,6,3,-1,-1,-1,-1,-1,-1,-1,-1,-1,0
Unvalidated,2024131461741,2024,131461741,1,9,0,18,5,1,0,0,1,4,0,0,1,1,6,1,37,7,-1,-1,-1,-1,8,1,E01011630,0
Unvalidated,2024131461741,2024,131461741,2,9,0,2,0,0,0,0,0,0,0,0,3,1,6,3,-1,-1,-1,-1,-1,-1,-1,-1,-1,0
Unvalidated,2024131461741,2024,131461741,3,9,0,2,0,0,0,0,0,0,0,0,3,1,6,3,-1,-1,-1,-1,-1,-1,-1,-1,-1,0
Unvalidated,2024131461755,2024,131461755,1,9,0,18,3,7,0,1,0,0,0,0,1,1,5,2,30,6,-1,-1,-1,-1,1,1,E01028055,0
Unvalidated,2024131461755,2024,131461755,2,9,0,3,3,7,0,1,0,0,0,0,2,1,5,1,56,9,-1,-1,-1,-1,3,1,E01010630,0
Unvalidated,2024131461765,2024,131461765,1,9,0,18,7,3,0,0,0,0,4,0,1,1,5,1,54,8,-1,-1,-1,-1,3,1,E01011834,0
Unvalidated,2024131461770,2024,131461770,1,9,0,18,1,5,0,1,0,0,0,0,1,1,6,1,35,6,-1,-1,-1,-1,7,2,E01011941,0
Unvalidated,2024131461770,2024,131461770,2,9,0,18,7,3,0,1,0,0,0,0,1,1,6,3,-1,-1,-1,-1,-1,-1,-1,-1,-1,0
Unvalidated,2024131461774,2024,131461774,1,9,0,12,8,4,0,0,0,0,0,0,1,1,6,1,21,5,-1,-1,-1,-1,1,1,E01011130,0
Unvalidated,2024131461774,2024,131461774,2,9,0,18,8,4,0,0,0,0,0,0,3,1,5,2,38,7,-1,-1,-1,-1,2,1,E01011032,0
Unvalidated,2024131461774,2024,131461774,3,9,0,18,4,8,0,0,0,0,0,0,1,1,5,1,22,5,-1,-1,-1,-1,3,1,E01011257,0
Unvalidated,2024131461833,2024,131461833,1,1,0,18,5,1,9,0,0,0,0,0,1,1,5,1,13,3,-1,-1,-1,-1,-1,-1,-1,0
Unvalidated,2024131461833,2024,131461833,2,9,0,7,5,1,0,0,0,0,0,0,0,1,6,2,43,7,-1,-1,-1,-1,1,1,E01011838,0
Unvalidated,2024131461888,2024,131461888,1,9,0,2,3,7,0,8,0,0,0,0,0,2,6,3,-1,-1,-1,-1,-1,-1,-1,-1,-1,0
Unvalidated,2024131461888,2024,131461888,2,9,0,18,7,3,0,8,0,0,0,0,0,1,5,1,62,9,-1,-1,-1,-1,1,1,E01010674,0
Unvalidated,2024131461889,2024,131461889,1,9,0,18,5,1,0,8,0,0,7,1,1,1,6,2,77,11,-1,-1,-1,-1,4,1,E01011529,0
Unvalidated,2024131461889,2024,131461889,2,9,0,18,3,7,0,8,0,0,0,0,3,1,6,1,72,10,-1,-1,-1,-1,6,1,E01011551,0
Unvalidated,2024131461908,2024,131461908,1,9,0,18,2,6,0,1,0,0,0,0,-1,1,6,3,-1,-1,-1,-1,-1,-1,-1,-1,-1,0
Unvalidated,2024131461914,2024,131461914,1,9,0,9,5,7,0,2,0,0,7,11,1,1,5,2,54,8,-1,-1,-1,-1,1,1,E01011661,0
Unvalidated,2024131461914,2024,131461914,2,1,0,18,3,7,0,1,0,11,0,0,2,1,6,3,-1,-1,-1,-1,-1,-1,-1,-1,-1,0
Unvalidated,2024131461936,2024,131461936,1,9,0,-1,-1,-1,-1,-1,-1,-1,-1,-1,-1,1,6,3,-1,-1,-1,-1,-1,-1,-1,-1,-1,0
Unvalidated,2024131461945,2024,131461945,1,9,0,18,1,5,0,0,0,11,5,1,1,1,5,1,56,9,-1,-1,-1,-1,9,1,E01011186,0
Unvalidated,2024131461961,2024,131461961,1,9,0,18,3,7,0,0,0,0,0,0,1,1,5,2,39,7,-1,-1,-1,-1,1,1,E01011616,0
Unvalidated,2024131461979,2024,131461979,1,97,0,18,1,1,0,0,1,10,1,2,1,1,6,1,27,6,-1,-1,-1,-1,1,1,E01010666,0
Unvalidated,2024131462148,2024,131462148,1,9,0,-1,-1,-1,-1,-1,-1,-1,-1,-1,-1,1,6,3,-1,-1,-1,-1,-1,-1,-1,-1,-1,0
Unvalidated,2024131462148,2024,131462148,2,9,0,-1,-1,-1,-1,-1,-1,-1,-1,-1,1,1,2,1,42,7,-1,-1,-1,-1,4,1,E01010798,0
Unvalidated,2024131462230,2024,131462230,1,9,0,18,1,5,0,0,0,0,0,0,0,1,6,1,24,5,-1,-1,-1,-1,-1,-1,-1,0
Unvalidated,2024131462230,2024,131462230,2,16,0,18,1,5,0,0,0,0,7,0,0,1,5,2,24,5,-1,-1,-1,-1,1,1,E01010777,0
Unvalidated,2024131462316,2024,131462316,1,8,0,18,1,4,0,2,0,0,0,0,1,1,1,1,64,9,-1,-1,-1,-1,4,1,E01010637,0
Unvalidated,2024131462343,2024,131462343,1,9,0,-1,-1,-1,-1,0,-1,-1,-1,-1,-1,1,6,3,-1,-1,-1,-1,-1,-1,-1,-1,-1,0
Unvalidated,2024131462343,2024,131462343,2,9,0,10,7,3,0,0,0,0,0,0,2,1,6,1,31,6,-1,-1,-1,-1,3,1,E01011225,0
Unvalidated,2024131462368,2024,131462368,1,9,0,-1,-1,-1,-1,-1,-1,-1,-1,-1,-1,1,6,3,-1,-1,-1,-1,-1,-1,1,1,E01010733,0
Unvalidated,2024131462381,2024,131462381,1,9,0,18,7,3,0,1,0,0,0,0,1,1,5,1,28,6,-1,-1,-1,-1,-1,-1,-1,0
Unvalidated,2024131462381,2024,131462381,2,1,0,18,6,2,0,1,0,0,0,0,1,1,5,1,12,3,-1,-1,-1,-1,1,1,E01011695,0
Unvalidated,2024131462601,2024,131462601,1,9,0,9,7,3,0,5,0,0,0,0,1,1,3,2,37,7,-1,-1,-1,-1,3,1,E01010793,0
Unvalidated,2024131462601,2024,131462601,2,1,0,18,3,7,4,1,0,0,0,0,1,1,5,1,39,7,-1,-1,-1,-1,1,1,E01033693,0
Unvalidated,2024131462840,2024,131462840,1,9,0,18,3,7,0,8,0,0,0,0,-1,1,6,1,48,8,-1,-1,-1,-1,6,1,E01010970,0
Unvalidated,2024131462840,2024,131462840,2,1,0,9,7,5,0,8,0,0,0,0,2,1,6,3,-1,-1,-1,-1,-1,-1,-1,-1,-1,0
Unvalidated,2024131463180,2024,131463180,1,9,0,18,7,3,0,8,0,0,0,0,1,1,6,1,36,7,-1,-1,-1,-1,5,1,E01011147,0
Unvalidated,2024131463180,2024,131463180,2,9,0,9,3,1,0,8,0,0,0,0,4,1,5,1,27,6,-1,-1,-1,-1,9,2,E01011174,0
Unvalidated,2024131463570,2024,131463570,1,9,0,18,3,7,0,0,0,0,1,0,1,1,5,1,60,9,-1,-1,-1,-1,3,1,E01011313,0
Unvalidated,2024131463570,2024,131463570,2,9,0,18,7,3,0,0,0,0,0,0,1,1,5,1,64,9,-1,-1,-1,-1,10,1,E01011948,0
Unvalidated,2024131463576,2024,131463576,1,9,0,-1,-1,-1,0,1,-1,-1,-1,0,4,1,6,3,-1,-1,-1,-1,-1,-1,-1,-1,-1,0
Unvalidated,2024131463576,2024,131463576,2,9,0,18,7,3,0,1,0,0,0,0,4,1,5,1,37,7,-1,-1,-1,-1,2,1,E01011149,0
Unvalidated,2024131463576,2024,131463576,3,9,0,9,3,1,0,6,0,0,0,0,3,1,6,3,-1,-1,-1,-1,-1,-1,-1,-1,-1,0
Unvalidated,2024131463585,2024,131463585,1,9,0,7,1,5,0,2,0,0,0,0,4,1,6,2,59,9,-1,-1,-1,-1,3,1,E01010847,0
Unvalidated,2024131463585,2024,131463585,2,1,0,18,1,5,0,1,0,0,0,0,4,1,6,1,70,10,-1,-1,-1,-1,3,1,E01011027,0
Unvalidated,2024131463597,2024,131463597,1,9,0,9,6,4,0,3,0,0,0,0,4,1,6,1,74,10,-1,-1,-1,-1,1,1,E01010924,0
Unvalidated,2024131463597,2024,131463597,2,9,0,7,1,6,0,4,0,0,0,0,1,1,1,2,26,6,-1,-1,-1,-1,1,1,E01010925,0
Unvalidated,2024131463597,2024,131463597,3,9,0,2,0,0,9,2,0,0,0,0,2,1,5,1,57,9,-1,-1,-1,-1,2,1,E01010942,0
Unvalidated,2024131463920,2024,131463920,1,9,0,18,6,2,0,6,0,0,0,0,1,1,6,1,-1,-1,-1,-1,-1,-1,-1,-1,-1,0
Unvalidated,2024131463920,2024,131463920,2,9,0,18,8,4,0,8,0,0,0,0,3,1,5,1,33,6,-1,-1,-1,-1,2,1,E01011232,0
Unvalidated,2024131463994,2024,131463994,1,9,0,18,7,3,0,0,0,0,0,0,4,1,2,2,47,8,-1,-1,-1,-1,4,1,E01011089,0
Unvalidated,2024131464054,2024,131464054,1,9,0,18,2,4,0,0,0,0,7,2,1,1,1,1,38,7,-1,-1,-1,-1,8,3,E01032503,0
Unvalidated,2024131464166,2024,131464166,1,9,0,9,1,5,0,0,0,0,0,0,4,1,1,2,26,6,-1,-1,-1,-1,1,1,E01011838,0
Unvalidated,2024131464166,2024,131464166,2,9,0,18,1,5,0,0,0,0,0,0,3,1,5,2,20,4,-1,-1,-1,-1,2,2,E01011771,0
Unvalidated,2024131464267,2024,131464267,1,9,0,18,1,5,0,0,0,0,0,0,0,1,5,2,18,4,-1,-1,-1,-1,1,1,E01010653,0
Unvalidated,2024131465601,2024,131465601,1,9,0,9,1,3,5,1,0,0,0,0,1,1,5,1,22,5,-1,-1,-1,-1,9,1,E01011844,0
Unvalidated,2024131465601,2024,131465601,2,1,0,18,1,1,0,1,0,0,0,0,1,1,6,1,31,6,-1,-1,-1,-1,1,1,E01033003,0
Unvalidated,2024131466351,2024,131466351,1,90,0,-1,-1,-1,-1,-1,-1,-1,-1,-1,-1,1,6,3,-1,-1,-1,-1,-1,-1,-1,-1,-1,0
Unvalidated,2024131466543,2024,131466543,1,9,0,18,2,6,0,1,0,0,0,0,1,1,5,1,34,6,-1,-1,-1,-1,2,1,E01011020,0
Unvalidated,2024131467533,2024,131467533,1,9,0,18,8,4,0,8,0,0,0,0,1,1,5,2,76,11,-1,-1,-1,-1,7,1,E01011383,0
Unvalidated,2024131467533,2024,131467533,2,98,0,9,7,3,0,8,0,0,0,0,1,1,1,1,25,5,-1,-1,-1,-1,10,1,E01011572,0
Unvalidated,2024131468140,2024,131468140,1,97,0,14,3,7,0,0,1,0,7,0,1,1,6,1,18,4,-1,-1,-1,-1,1,1,E01010612,0
Unvalidated,2024131468140,2024,131468140,2,9,0,6,3,7,0,0,0,0,0,0,3,1,5,2,52,8,-1,-1,-1,-1,3,1,E01010657,0
Unvalidated,2024131468294,2024,131468294,1,9,0,18,1,7,0,8,0,0,0,0,1,1,5,1,31,6,-1,-1,-1,-1,1,1,E01010965,0
Unvalidated,2024131468576,2024,131468576,1,9,0,1,7,5,0,8,0,0,0,0,3,1,6,2,22,5,-1,-1,-1,-1,1,1,E01010616,0
Unvalidated,2024131468576,2024,131468576,2,1,0,18,1,5,0,8,0,0,0,0,1,1,5,1,5,1,-1,-1,-1,-1,1,1,E01033697,0
Unvalidated,2024131468889,2024,131468889,1,9,0,-1,-1,-1,-1,0,-1,-1,-1,0,-1,1,6,3,100,11,-1,-1,-1,-1,-1,-1,-1,0
Unvalidated,2024131469858,2024,131469858,1,9,0,15,5,5,0,1,0,0,0,0,1,1,6,1,31,6,-1,-1,-1,-1,2,1,E01010781,0
Unvalidated,2024131469858,2024,131469858,2,9,0,17,1,1,0,2,0,0,0,0,1,1,6,1,21,5,-1,-1,-1,-1,9,2,E01010642,0
Unvalidated,2024131469904,2024,131469904,1,9,0,7,5,1,0,1,0,0,0,0,1,1,2,2,48,8,-1,-1,-1,-1,2,1,E01011639,0
Unvalidated,2024131469904,2024,131469904,2,1,0,5,7,3,0,8,0,0,0,0,1,1,1,1,40,7,-1,-1,-1,-1,6,3,E01027902,0