status,collision_index,collision_year,collision_reference,vehicle_reference,vehicle_type,towing_and_articulation,vehicle_manoeuvre,vehicle_direction_from,vehicle_direction_to,vehicle_location_restricted_lane,junction_location,skidding_and_overturning,hit_object_in_carriageway,vehicle_leaving_carriageway,hit_object_off_carriageway,first_point_of_impact,vehicle_left_hand_drive,journey_purpose_of_driver,sex_of_driver,age_of_driver,age_band_of_driver,engine_capacity_cc,propulsion_code,age_of_vehicle,generic_make_model,driver_imd_decile,driver_home_area_type,lsoa_of_driver,escooter_flag
Unvalidated,2024131470050,2024,131470050,1,9,0,18,3,3,0,1,1,0,0,0,1,1,6,1,20,4,-1,-1,-1,-1,1,1,E01010620,0
Unvalidated,2024131470050,2024,131470050,2,9,0,5,1,1,0,6,0,0,0,0,0,1,6,1,39,7,-1,-1,-1,-1,5,1,E01010656,0
Unvalidated,2024131470050,2024,131470050,3,9,0,2,7,7,0,1,0,4,0,0,1,1,6,3,-1,-1,-1,-1,-1,-1,-1,-1,-1,0
Unvalidated,2024131470233,2024,131470233,1,9,0,18,3,7,0,8,0,0,0,0,1,1,6,1,27,6,-1,-1,-1,-1,1,1,E01033697,0
Unvalidated,2024131470233,2024,131470233,2,9,0,2,0,0,0,8,0,0,0,0,1,1,6,3,-1,-1,-1,-1,-1,-1,-1,-1,-1,0
Unvalidated,2024131470233,2024,131470233,3,9,0,2,0,0,0,8,0,0,0,0,2,1,6,3,-1,-1,-1,-1,-1,-1,-1,-1,-1,0
Unvalidated,2024131470233,2024,131470233,4,9,0,2,0,0,0,8,0,0,0,0,1,1,6,3,-1,-1,-1,-1,-1,-1,-1,-1,-1,0
Unvalidated,2024131470233,2024,131470233,5,9,0,2,0,0,0,8,0,0,0,0,2,1,6,3,-1,-1,-1,-1,-1,-1,-1,-1,-1,0
Unvalidated,2024131470233,2024,131470233,6,9,0,2,0,0,0,8,0,0,0,0,1,1,6,3,-1,-1,-1,-1,-1,-1,-1,-1,-1,0
Unvalidated,2024131470565,2024,131470565,1,9,0,18,8,4,0,8,0,4,0,0,1,1,6,2,21,5,-1,-1,-1,-1,5,1,E01010688,0
Unvalidated,2024131470565,2024,131470565,2,9,0,2,0,0,0,8,0,0,0,0,2,1,6,3,-1,-1,-1,-1,-1,-1,-1,-1,-1,0
Unvalidated,2024131470565,2024,131470565,3,9,0,18,4,8,0,8,0,0,0,0,3,1,5,2,54,8,-1,-1,-1,-1,7,1,E01011329,0
Unvalidated,2024131471202,2024,131471202,1,98,0,18,5,3,0,0,0,0,0,0,1,1,6,2,66,10,-1,-1,-1,-1,7,1,E01011827,0
Unvalidated,2024131471375,2024,131471375,1,9,0,18,3,3,0,0,0,0,0,0,4,1,6,2,46,8,-1,-1,-1,-1,4,1,E01010602,0
Unvalidated,2024131471375,2024,131471375,2,9,0,5,3,3,0,0,0,0,0,0,1,1,6,1,58,9,-1,-1,-1,-1,9,1,E01010687,0
Unvalidated,2024131473243,2024,131473243,1,11,0,-1,-1,-1,-1,0,-1,-1,-1,0,-1,1,6,3,-1,-1,-1,-1,-1,-1,-1,-1,-1,0
Unvalidated,2024131473243,2024,131473243,2,1,0,3,0,0,9,0,0,0,0,0,4,1,4,1,13,3,-1,-1,-1,-1,4,1,E01011908,0
Unvalidated,2024131474055,2024,131474055,1,9,0,9,3,1,0,2,0,0,0,0,4,1,6,2,34,6,-1,-1,-1,-1,1,1,E01011899,0
Unvalidated,2024131474055,2024,131474055,2,1,0,18,7,3,0,8,0,0,0,0,1,1,5,3,11,3,-1,-1,-1,-1,1,1,E01011918,0
Unvalidated,2024131474060,2024,131474060,1,9,0,-1,-1,-1,9,8,0,0,-1,0,-1,1,6,3,-1,-1,-1,-1,-1,-1,-1,-1,-1,0
Unvalidated,2024131474065,2024,131474065,1,9,0,12,5,1,0,0,1,7,1,0,3,1,2,1,50,8,-1,-1,-1,-1,1,1,E01010731,0
Unvalidated,2024131474065,2024,131474065,2,19,0,18,5,1,0,0,0,0,0,0,1,1,5,1,42,7,-1,-1,-1,-1,-1,1,-1,0
Unvalidated,2024131474328,2024,131474328,1,9,0,17,1,5,0,8,0,0,0,0,4,1,6,2,59,9,-1,-1,-1,-1,2,1,E01010792,0
Unvalidated,2024131474328,2024,131474328,2,11,0,-1,-1,-1,-1,8,-1,-1,-1,0,-1,1,6,3,-1,-1,-1,-1,-1,-1,-1,-1,-1,0
Unvalidated,2024131474957,2024,131474957,1,9,0,18,7,7,0,0,0,0,0,0,3,1,5,2,52,8,-1,-1,-1,-1,4,1,E01011037,0
Unvalidated,2024131475343,2024,131475343,1,9,0,5,0,0,7,0,0,0,0,0,2,1,1,1,31,6,-1,-1,-1,-1,1,1,E01011344,0
Unvalidated,2024131475550,2024,131475550,1,9,0,16,5,5,0,0,0,0,0,0,3,1,2,2,21,5,-1,-1,-1,-1,7,2,E01011309,0
Unvalidated,2024131475550,2024,131475550,2,9,0,12,5,5,0,0,0,0,0,0,3,1,2,1,65,9,-1,-1,-1,-1,8,1,E01011397,0
Unvalidated,2024131476334,2024,131476334,1,9,0,2,1,1,7,0,0,0,0,0,4,1,5,1,40,7,-1,-1,-1,-1,1,1,E01011103,0
Unvalidated,2024131476334,2024,131476334,2,1,0,18,1,1,9,0,0,0,0,0,1,1,6,3,-1,-1,-1,-1,-1,-1,-1,-1,-1,0
Unvalidated,2024131478054,2024,131478054,1,9,0,18,5,1,0,2,0,0,0,0,2,1,5,2,46,8,-1,-1,-1,-1,5,2,E01010921,0
Unvalidated,2024131478054,2024,131478054,2,4,0,18,7,3,0,2,0,0,0,0,1,1,5,1,23,5,-1,-1,-1,-1,3,1,E01010950,0
Unvalidated,2024131479004,2024,131479004,1,3,0,18,5,1,0,0,0,0,0,0,1,1,5,1,17,4,-1,-1,-1,-1,2,1,E01007435,0
Unvalidated,2024131479004,2024,131479004,2,9,0,6,5,1,0,0,0,0,0,0,3,1,5,1,44,7,-1,-1,-1,-1,8,1,E01011829,0
Unvalidated,2024131481575,2024,131481575,1,9,0,18,7,3,0,2,0,0,0,0,3,1,5,2,37,7,-1,-1,-1,-1,1,1,E01011339,0
Unvalidated,2024131481575,2024,131481575,2,9,0,9,5,1,0,3,0,0,0,0,1,1,5,2,40,7,-1,-1,-1,-1,1,1,E01011663,0
Unvalidated,2024131482062,2024,131482062,1,9,0,7,1,5,0,0,0,0,1,0,4,1,5,1,18,4,-1,-1,-1,-1,2,1,E01011105,0
Unvalidated,2024131482062,2024,131482062,2,1,0,18,1,5,0,0,0,0,0,0,1,1,6,3,-1,-1,-1,-1,-1,-1,-1,-1,-1,0
Unvalidated,2024131482785,2024,131482785,1,1,0,5,1,5,0,0,5,0,0,0,1,1,6,1,36,7,-1,-1,-1,-1,3,1,E01010993,0
Unvalidated,2024131482785,2024,131482785,2,9,0,4,3,7,0,0,0,0,0,0,4,1,5,2,47,8,-1,-1,-1,-1,4,1,E01010959,0
Unvalidated,2024131485961,2024,131485961,1,9,0,18,1,5,0,8,0,0,0,0,1,1,6,1,22,5,-1,-1,-1,-1,1,1,E01010676,0
Unvalidated,2024131485961,2024,131485961,2,9,0,18,3,7,0,8,0,0,0,0,4,1,5,1,48,8,-1,-1,-1,-1,3,1,E01010762,0
Unvalidated,2024131485961,2024,131485961,3,9,0,18,1,5,0,8,0,0,0,0,0,1,1,1,-1,-1,-1,-1,-1,-1,-1,-1,-1,0
Unvalidated,2024131488793,2024,131488793,1,9,0,18,7,3,0,8,0,0,0,0,4,1,1,1,52,8,-1,-1,-1,-1,1,1,E01010618,0
Unvalidated,2024131488793,2024,131488793,2,1,0,18,1,5,0,8,0,0,0,0,1,1,5,1,14,3,-1,-1,-1,-1,4,1,E01011323,0
Unvalidated,2024131495430,2024,131495430,1,9,0,5,5,1,0,6,0,0,0,0,1,1,6,2,39,7,-1,-1,-1,-1,1,1,E01010713,0
Unvalidated,2024131495430,2024,131495430,2,1,0,18,7,3,9,1,0,0,0,0,1,1,5,1,11,3,-1,-1,-1,-1,1,1,E01010713,0
Unvalidated,2024131498075,2024,131498075,1,9,0,18,6,2,0,0,0,0,0,0,1,2,5,2,77,11,-1,-1,-1,-1,3,1,E01010662,0
Unvalidated,2024131500655,2024,131500655,1,9,0,18,5,5,0,8,0,0,0,0,1,1,6,1,41,7,-1,-1,-1,-1,2,1,E01010740,0
Unvalidated,2024131500661,2024,131500661,1,1,0,4,1,7,0,0,0,0,0,0,3,1,6,3,-1,-1,-1,-1,-1,-1,-1,-1,-1,0
Unvalidated,2024131500661,2024,131500661,2,9,0,-1,-1,-1,-1,0,-1,-1,-1,0,1,1,6,3,-1,-1,-1,-1,-1,-1,-1,-1,-1,0
Unvalidated,2024131505250,2024,131505250,1,9,0,18,3,7,0,8,0,0,0,0,1,1,5,1,68,10,-1,-1,-1,-1,2,1,E01005590,0
Unvalidated,2024131505250,2024,131505250,2,9,0,5,3,7,0,8,0,0,0,0,4,1,5,1,26,6,-1,-1,-1,-1,7,1,E01011205,0
Unvalidated,2024131505250,2024,131505250,3,9,0,2,0,0,0,8,0,0,0,0,4,1,6,3,-1,-1,-1,-1,-1,-1,-1,-1,-1,0
Unvalidated,2024131505250,2024,131505250,4,1,0,18,7,3,9,8,0,0,0,0,0,1,5,1,11,3,-1,-1,-1,-1,5,1,E01011202,0
Unvalidated,2024141393618,2024,141393618,1,9,0,7,7,1,0,8,0,0,0,0,3,1,1,1,44,7,-1,-1,-1,-1,2,1,E01007855,0
Unvalidated,2024141393632,2024,141393632,1,9,0,18,7,3,0,0,0,0,0,0,1,1,5,2,44,7,-1,-1,-1,-1,4,1,E01007693,0
Unvalidated,2024141393718,2024,141393718,1,9,0,18,3,7,0,3,1,10,0,0,4,1,5,1,38,7,-1,-1,-1,-1,-1,-1,-1,0
Unvalidated,2024141393803,2024,141393803,1,9,0,18,3,7,0,1,0,0,0,0,4,1,5,1,34,6,-1,-1,-1,-1,6,1,E01008046,0
Unvalidated,2024141393867,2024,141393867,1,98,0,18,6,2,0,0,0,0,0,0,1,1,1,1,33,6,-1,-1,-1,-1,1,1,E01027200,0
Unvalidated,2024141394226,2024,141394226,1,9,0,18,1,5,0,0,0,0,0,0,2,1,5,1,63,9,-1,-1,-1,-1,2,1,E01007784,0
Unvalidated,2024141394226,2024,141394226,2,98,0,18,5,1,0,0,0,0,0,0,1,1,1,1,46,8,-1,-1,-1,-1,3,1,E01007777,0
Unvalidated,2024141394319,2024,141394319,1,9,-1,-1,-1,-1,-1,0,-1,-1,-1,0,-1,1,5,1,24,5,-1,-1,-1,-1,1,1,E01007848,0
Unvalidated,2024141394319,2024,141394319,2,9,0,-1,-1,-1,-1,0,-1,-1,-1,0,-1,1,6,2,-1,-1,-1,-1,-1,-1,-1,-1,-1,0
Unvalidated,2024141394469,2024,141394469,1,9,0,5,3,5,0,1,0,0,0,0,1,1,6,1,40,7,-1,-1,-1,-1,4,1,E01007584,0
Unvalidated,2024141394469,2024,141394469,2,1,0,18,2,5,0,1,1,0,0,0,1,1,6,1,13,3,-1,-1,-1,-1,8,1,E01007520,0
Unvalidated,2024141394492,2024,141394492,1,9,0,18,1,5,0,0,1,0,0,0,3,1,1,1,28,6,-1,-1,-1,-1,4,1,E01007882,0
Unvalidated,2024141394492,2024,141394492,2,1,0,5,1,5,0,0,0,0,0,0,1,1,6,2,-1,-1,-1,-1,-1,-1,1,1,E01008096,0
Unvalidated,2024141394513,2024,141394513,1,9,0,18,7,3,0,0,0,0,0,0,1,1,6,1,31,6,-1,-1,-1,-1,3,2,E01007701,0
Unvalidated,2024141394513,2024,141394513,2,9,0,4,7,3,0,0,0,0,0,0,2,1,5,1,18,4,-1,-1,-1,-1,7,1,E01007972,0
Unvalidated,2024141394541,2024,141394541,1,9,0,18,5,1,0,1,0,0,0,0,1,1,6,3,-1,-1,-1,-1,-1,-1,-1,-1,-1,0
Unvalidated,2024141394832,2024,141394832,1,1,0,18,1,5,0,0,5,0,0,0,1,1,6,1,71,10,-1,-1,-1,-1,8,1,E01007713,0
Unvalidated,2024141394832,2024,141394832,2,9,0,7,3,5,0,0,0,0,0,0,4,1,6,1,32,6,-1,-1,-1,-1,1,1,E01007677,0
Unvalidated,2024141394916,2024,141394916,1,9,0,18,6,2,0,0,0,0,0,0,4,1,6,1,56,9,-1,-1,-1,-1,5,1,E01008051,0
Unvalidated,2024141394916,2024,141394916,2,9,0,9,7,6,0,0,0,0,0,0,3,1,6,1,71,10,-1,-1,-1,-1,5,1,E01008045,0
Unvalidated,2024141395064,2024,141395064,1,11,0,18,1,5,0,0,0,0,0,0,0,1,1,1,63,9,-1,-1,-1,-1,2,1,E01007340,0
Unvalidated,2024141395240,2024,141395240,1,97,0,18,2,6,0,0,0,0,1,0,1,1,5,1,31,6,-1,-1,-1,-1,2,1,E01007784,0
Unvalidated,2024141395240,2024,141395240,2,9,0,9,6,3,0,0,0,0,0,0,1,1,2,2,26,6,-1,-1,-1,-1,3,1,E01007546,0
Unvalidated,2024141395326,2024,141395326,1,9,0,18,5,1,0,0,0,4,0,0,1,1,5,1,59,9,-1,-1,-1,-1,5,1,E01007819,0
Unvalidated,2024141395326,2024,141395326,2,9,0,2,0,0,0,0,0,0,0,0,2,1,6,3,-1,-1,-1,-1,-1,-1,-1,-1,-1,0
Unvalidated,2024141395326,2024,141395326,3,9,0,2,0,0,9,0,0,4,0,0,1,1,6,3,-1,-1,-1,-1,-1,-1,-1,-1,-1,0
Unvalidated,2024141395460,2024,141395460,1,9,0,4,4,8,0,2,0,0,0,0,1,1,6,2,63,9,-1,-1,-1,-1,8,1,E01007355,0
Unvalidated,2024141395475,2024,141395475,1,9,0,18,7,3,0,0,0,0,0,0,4,1,5,2,36,7,-1,-1,-1,-1,1,1,E01011906,0
Unvalidated,2024141395475,2024,141395475,2,9,0,11,7,4,0,0,0,0,0,0,4,1,6,3,-1,-1,-1,-1,-1,-1,-1,-1,-1,0
Unvalidated,2024141395498,2024,141395498,1,97,0,18,3,7,0,2,0,0,0,0,2,1,5,1,34,6,-1,-1,-1,-1,1,1,E01011869,0
Unvalidated,2024141395498,2024,141395498,2,9,0,18,3,7,0,2,0,0,0,0,2,1,6,1,-1,-1,-1,-1,-1,-1,7,1,E01007321,0
Unvalidated,2024141395521,2024,141395521,1,9,0,18,7,3,1,0,0,0,0,0,4,1,6,3,-1,-1,-1,-1,-1,-1,-1,-1,-1,0
Unvalidated,2024141395521,2024,141395521,2,18,1,18,7,2,1,0,0,0,0,0,1,1,1,2,49,8,-1,-1,-1,-1,3,1,E01008148,0
Unvalidated,2024141395898,2024,141395898,1,9,0,18,3,7,0,0,0,7,0,0,1,1,6,1,26,6,-1,-1,-1,-1,5,1,E01011184,0
Unvalidated,2024141396321,2024,141396321,1,90,0,18,2,6,0,0,0,7,0,0,4,1,1,1,28,6,-1,-1,-1,-1,1,1,E01007369,0
Unvalidated,2024141396321,2024,141396321,2,9,0,4,5,1,0,0,0,0,0,0,1,1,1,2,36,7,-1,-1,-1,-1,10,1,E01007674,0
Unvalidated,2024141396476,2024,141396476,1,9,0,18,2,1,0,0,0,0,0,0,4,1,1,1,30,6,-1,-1,-1,-1,6,1,E01007565,0
Unvalidated,2024141396476,2024,141396476,2,9,0,18,2,1,0,0,0,0,0,0,3,1,6,1,37,7,-1,-1,-1,-1,-1,-1,-1,0
Unvalidated,2024141396497,2024,141396497,1,9,0,18,1,5,0,0,0,0,0,0,3,1,2,2,62,9,-1,-1,-1,-1,2,1,E01007443,0
Unvalidated,2024141396526,2024,141396526,1,97,0,18,8,5,0,0,0,0,0,0,1,1,6,1,60,9,-1,-1,-1,-1,9,1,E01007663,0
Unvalidated,2024141396526,2024,141396526,2,9,0,9,6,4,0,0,0,0,7,0,1,1,5,1,43,7,-1,-1,-1,-1,-1,-1,-1,0
Unvalidated,2024141396535,2024,141396535,1,9,0,18,2,6,0,1,0,0,0,0,1,1,5,2,34,6,-1,-1,-1,-1,2,3,E01007349,0
Unvalidated,2024141396535,2024,141396535,2,9,0,9,5,3,0,1,0,0,0,0,3,1,6,3,34,6,-1,-1,-1,-1,-1,-1,-1,0
Unvalidated,2024141396544,2024,141396544,1,9,0,18,1,5,0,1,0,0,0,0,1,1,5,1,36,7,-1,-1,-1,-1,9,1,E01007899,0
Unvalidated,2024141396544,2024,141396544,2,9,0,9,5,2,0,1,0,0,0,0,1,1,5,2,50,8,-1,-1,-1,-1,9,2,E01007432,0
Unvalidated,2024141396565,2024,141396565,1,9,0,18,3,7,0,0,0,0,7,9,1,1,5,1,18,4,-1,-1,-1,-1,5,3,E01007489,0
Unvalidated,2024141396810,2024,141396810,1,9,0,18,5,1,0,0,0,0,0,0,2,1,5,2,22,5,-1,-1,-1,-1,2,1,E01007535,0
Unvalidated,2024141396810,2024,141396810,2,9,0,18,5,1,0,0,0,0,0,0,1,1,6,1,34,6,-1,-1,-1,-1,8,1,E01007527,0
Unvalidated,2024141396810,2024,141396810,3,9,0,18,5,1,0,0,0,0,0,0,2,1,6,3,35,6,-1,-1,-1,-1,-1,-1,-1,0
Unvalidated,2024141396823,2024,141396823,1,9,0,5,8,4,0,6,0,0,0,0,1,1,5,2,25,5,-1,-1,-1,-1,6,1,E01007630,0
Unvalidated,2024141396823,2024,141396823,2,1,0,18,6,2,0,2,0,0,0,0,2,1,5,2,67,10,-1,-1,-1,-1,6,1,E01007630,0
Unvalidated,2024141396961,2024,141396961,1,9,0,18,2,6,0,2,0,0,0,0,1,1,5,1,52,8,-1,-1,-1,-1,5,1,E01007828,0
Unvalidated,2024141396961,2024,141396961,2,9,0,18,4,6,0,3,0,0,0,0,1,1,5,1,19,4,-1,-1,-1,-1,1,1,E01008018,0
Unvalidated,2024141397104,2024,141397104,1,9,0,9,1,7,0,1,0,0,0,0,1,1,5,1,55,8,-1,-1,-1,-1,1,1,E01007500,0
Unvalidated,2024141397104,2024,141397104,2,9,0,18,7,3,0,1,0,0,0,0,1,1,5,2,52,8,-1,-1,-1,-1,1,1,E01007500,0
Unvalidated,2024141397232,2024,141397232,1,9,0,18,4,8,0,0,0,0,7,11,1,1,2,2,24,5,-1,-1,-1,-1,1,1,E01008011,0
Unvalidated,2024141397232,2024,141397232,2,9,0,18,8,3,0,0,0,0,0,0,1,1,5,2,53,8,-1,-1,-1,-1,1,1,E01008011,0
Unvalidated,2024141397261,2024,141397261,1,9,0,18,7,3,0,6,0,0,0,0,1,1,6,2,28,6,-1,-1,-1,-1,2,1,E01007849,0
Unvalidated,2024141397382,2024,141397382,1,9,0,9,1,7,0,8,0,0,0,0,3,1,5,1,55,8,-1,-1,-1,-1,1,1,E01007714,0
Unvalidated,2024141397382,2024,141397382,2,9,0,14,7,3,0,1,0,0,0,0,1,1,5,2,23,5,-1,-1,-1,-1,1,1,E01007739,0
Unvalidated,2024141397436,2024,141397436,1,9,0,11,1,1,0,3,0,0,1,0,1,1,6,2,38,7,-1,-1,-1,-1,6,1,E01007456,0
Unvalidated,2024141397436,2024,141397436,2,9,0,11,1,1,0,4,0,0,2,0,4,1,6,2,29,6,-1,-1,-1,-1,3,1,E01007337,0
Unvalidated,2024141397519,2024,141397519,1,9,0,9,2,8,0,2,0,0,0,0,3,1,2,1,31,6,-1,-1,-1,-1,1,1,E01008065,0
Unvalidated,2024141397519,2024,141397519,2,1,0,18,8,4,0,1,0,0,0,0,1,1,6,2,36,7,-1,-1,-1,-1,8,1,E01008066,0
Unvalidated,2024141397704,2024,141397704,1,9,0,18,2,6,0,0,0,0,0,0,1,1,1,1,40,7,-1,-1,-1,-1,3,1,E01014156,0
Unvalidated,2024141397704,2024,141397704,2,9,0,18,6,2,0,0,2,0,7,7,3,1,6,2,33,6,-1,-1,-1,-1,8,1,E01008149,0
Unvalidated,2024141397729,2024,141397729,1,1,0,18,7,3,9,1,0,0,0,0,1,1,5,1,21,5,-1,-1,-1,-1,2,1,E01007579,0
Unvalidated,2024141397772,2024,141397772,1,9,0,18,5,1,0,0,1,0,0,0,1,1,6,1,43,7,-1,-1,-1,-1,1,1,E01007943,0
Unvalidated,2024141397772,2024,141397772,2,9,0,18,5,1,0,0,0,0,0,0,2,1,6,1,44,7,-1,-1,-1,-1,8,1,E01007379,0
Unvalidated,2024141397772,2024,141397772,3,9,0,18,5,1,0,0,0,0,0,0,2,1,6,1,49,8,-1,-1,-1,-1,4,1,E01007444,0
Unvalidated,2024141397775,2024,141397775,1,9,0,18,3,7,0,0,0,0,0,0,1,1,6,1,55,8,-1,-1,-1,-1,5,1,E01008144,0
Unvalidated,2024141397775,2024,141397775,2,9,0,4,3,7,0,0,0,0,0,0,2,1,5,1,26,6,-1,-1,-1,-1,2,1,E01005389,0
Unvalidated,2024141397775,2024,141397775,3,9,0,4,3,7,0,0,0,0,0,0,2,1,6,1,42,7,-1,-1,-1,-1,5,1,E01016158,0
Unvalidated,2024141397789,2024,141397789,1,9,0,9,1,6,0,6,0,0,0,0,3,1,5,2,25,5,-1,-1,-1,-1,6,3,E01007695,0
Unvalidated,2024141397789,2024,141397789,2,97,0,18,6,2,0,1,0,0,0,0,1,1,5,2,30,6,-1,-1,-1,-1,1,1,E01007714,0
Unvalidated,2024141397794,2024,141397794,1,9,0,17,7,3,0,8,0,0,0,0,1,1,5,1,56,9,-1,-1,-1,-1,7,1,E01007972,0
Unvalidated,2024141397794,2024,141397794,2,9,0,9,2,7,0,8,0,0,0,0,3,1,1,1,44,7,-1,-1,-1,-1,2,1,E01007910,0
Unvalidated,2024141397799,2024,141397799,1,9,0,18,1,5,9,1,0,0,7,11,1,1,5,1,17,4,-1,-1,-1,-1,5,1,E01007953,0
Unvalidated,2024141397890,2024,141397890,1,9,0,18,1,1,9,0,0,4,0,0,3,1,1,1,54,8,-1,-1,-1,-1,4,1,E01007537,0
Unvalidated,2024141397890,2024,141397890,2,9,0,18,1,1,0,0,0,0,0,0,4,1,6,1,46,8,-1,-1,-1,-1,3,1,E01007680,0
Unvalidated,2024141397890,2024,141397890,3,9,0,2,1,1,0,0,0,0,0,0,2,1,6,3,-1,-1,-1,-1,-1,-1,-1,-1,-1,0
Unvalidated,2024141397916,2024,141397916,1,9,0,7,1,3,0,1,0,0,0,0,3,1,5,1,74,10,-1,-1,-1,-1,1,1,E01007721,0
Unvalidated,2024141397916,2024,141397916,2,9,0,18,7,3,0,1,0,0,0,0,1,1,5,1,52,8,-1,-1,-1,-1,1,1,E01007577,0
Unvalidated,2024141397924,2024,141397924,1,9,0,18,3,7,0,0,0,0,0,0,4,1,5,1,80,11,-1,-1,-1,-1,6,1,E01007319,0
Unvalidated,2024141397928,2024,141397928,1,9,0,18,5,1,0,0,0,0,0,0,1,1,5,1,46,8,-1,-1,-1,-1,3,1,E01011851,0
Unvalidated,2024141397928,2024,141397928,2,9,0,18,5,1,0,0,0,0,0,0,2,1,6,1,-1,-1,-1,-1,-1,-1,1,1,E01009988,0
Unvalidated,2024141397963,2024,141397963,1,9,0,7,5,6,0,1,0,0,0,0,1,1,6,3,-1,-1,-1,-1,-1,-1,-1,-1,-1,0
Unvalidated,2024141397966,2024,141397966,1,1,0,18,3,6,0,0,5,0,0,0,1,1,6,2,41,7,-1,-1,-1,-1,-1,-1,-1,0
Unvalidated,2024141397966,2024,141397966,2,9,0,9,7,4,0,0,0,0,0,0,1,1,6,1,-1,-1,-1,-1,-1,-1,8,1,E01007925,0
Unvalidated,2024141397999,2024,141397999,1,97,0,13,1,1,0,0,1,0,7,0,0,1,6,3,-1,-1,-1,-1,-1,-1,-1,-1,-1,0
Unvalidated,2024141398013,2024,141398013,1,9,0,2,3,7,0,0,0,0,0,0,2,1,5,1,39,7,-1,-1,-1,-1,4,1,E01007576,0
Unvalidated,2024141398013,2024,141398013,2,9,0,18,3,7,0,0,0,0,0,0,1,1,5,2,74,10,-1,-1,-1,-1,4,3,E01007354,0
Unvalidated,2024141398032,2024,141398032,1,9,0,18,4,8,0,0,0,0,0,0,1,1,6,1,40,7,-1,-1,-1,-1,1,1,E01008157,0
Unvalidated,2024141398032,2024,141398032,2,1,0,5,7,8,0,0,5,0,0,0,1,1,6,1,-1,-1,-1,-1,-1,-1,-1,-1,-1,0
Unvalidated,2024141398051,2024,141398051,1,9,0,18,3,7,0,1,0,0,0,0,1,1,6,1,32,6,-1,-1,-1,-1,1,1,E01008096,0
Unvalidated,2024141398060,2024,141398060,1,9,0,18,1,3,0,8,0,0,0,0,2,1,5,2,46,8,-1,-1,-1,-1,8,3,E01032924,0
Unvalidated,2024141398060,2024,141398060,2,98,0,18,5,3,0,1,0,0,0,0,1,1,1,1,43,7,-1,-1,-1,-1,3,1,E01032550,0
Unvalidated,2024141398067,2024,141398067,1,9,0,17,7,4,0,2,0,0,0,0,1,1,5,2,29,6,-1,-1,-1,-1,2,1,E01008095,0
Unvalidated,2024141398095,2024,141398095,1,9,0,3,1,5,0,0,0,0,0,0,2,1,5,2,44,7,-1,-1,-1,-1,4,1,E01007797,0
Unvalidated,2024141398095,2024,141398095,2,9,0,18,1,5,0,0,1,0,0,0,1,1,5,1,20,4,-1,-1,-1,-1,1,1,E01007732,0
Unvalidated,2024141398117,2024,141398117,1,9,0,18,5,1,0,2,0,10,3,3,1,1,5,1,29,6,-1,-1,-1,-1,1,1,E01007944,0
Unvalidated,2024141398159,2024,141398159,1,9,0,18,3,1,0,4,1,0,0,0,3,1,6,2,33,6,-1,-1,-1,-1,5,1,E01007746,0
Unvalidated,2024141398159,2024,141398159,2,9,0,18,1,5,0,4,0,0,0,0,1,1,6,3,-1,-1,-1,-1,-1,-1,-1,-1,-1,0
Unvalidated,2024141398230,2024,141398230,1,9,0,18,7,3,0,1,0,0,0,0,1,1,6,1,20,4,-1,-1,-1,-1,7,3,E01007423,0
Unvalidated,2024141398230,2024,141398230,2,9,0,18,5,1,0,1,0,0,0,0,2,1,6,2,21,5,-1,-1,-1,-1,8,1,E01007383,0
Unvalidated,2024141398230,2024,141398230,3,9,0,18,5,1,0,1,0,0,0,0,2,1,6,1,66,10,-1,-1,-1,-1,4,1,E01007415,0
Unvalidated,2024141398293,2024,141398293,1,9,0,18,3,7,0,0,0,11,0,0,1,1,5,1,51,8,-1,-1,-1,-1,4,1,E01007693,0
Unvalidated,2024141398293,2024,141398293,2,9,0,18,7,3,0,0,0,11,0,0,1,1,2,2,21,5,-1,-1,-1,-1,7,2,E01028004,0
Unvalidated,2024141398293,2024,141398293,3,9,0,18,7,3,0,0,0,0,0,0,3,1,5,2,64,9,-1,-1,-1,-1,1,1,E01007919,0
Unvalidated,2024141398305,2024,141398305,1,9,0,18,3,7,0,0,1,0,1,4,1,1,6,1,40,7,-1,-1,-1,-1,4,1,E01007788,0
Unvalidated,2024141398342,2024,141398342,1,9,0,5,5,1,0,3,0,0,0,0,1,1,1,1,31,6,-1,-1,-1,-1,4,1,E01008000,0
Unvalidated,2024141398342,2024,141398342,2,1,0,7,1,3,0,4,0,0,0,0,3,1,6,1,37,7,-1,-1,-1,-1,8,1,E01007801,0
Unvalidated,2024141398493,2024,141398493,1,9,0,18,5,1,0,1,0,0,0,0,1,1,2,1,36,7,-1,-1,-1,-1,1,1,E01033277,0
Unvalidated,2024141398644,2024,141398644,1,9,0,18,3,7,0,2,0,0,0,0,1,1,5,1,66,10,-1,-1,-1,-1,3,2,E01007374,0
Unvalidated,2024141398660,2024,141398660,1,9,0,4,1,5,0,2,0,0,0,0,2,1,6,2,45,7,-1,-1,-1,-1,2,1,E01008057,0
Unvalidated,2024141398660,2024,141398660,2,9,0,4,1,5,0,2,0,0,0,0,1,1,6,3,-1,-1,-1,-1,-1,-1,-1,-1,-1,0
Unvalidated,2024141398710,2024,141398710,1,9,0,5,3,7,0,4,0,0,0,0,1,1,5,1,20,4,-1,-1,-1,-1,1,1,E01007902,0