status,collision_index,collision_year,collision_reference,vehicle_reference,vehicle_type,towing_and_articulation,vehicle_manoeuvre,vehicle_direction_from,vehicle_direction_to,vehicle_location_restricted_lane,junction_location,skidding_and_overturning,hit_object_in_carriageway,vehicle_leaving_carriageway,hit_object_off_carriageway,first_point_of_impact,vehicle_left_hand_drive,journey_purpose_of_driver,sex_of_driver,age_of_driver,age_band_of_driver,engine_capacity_cc,propulsion_code,age_of_vehicle,generic_make_model,driver_imd_decile,driver_home_area_type,lsoa_of_driver,escooter_flag
Unvalidated,2024141398710,2024,141398710,2,9,0,18,7,5,0,3,0,0,0,0,4,1,5,2,32,6,-1,-1,-1,-1,1,1,E01008102,0
Unvalidated,2024141398791,2024,141398791,1,1,0,18,2,6,0,0,0,0,0,0,2,1,2,1,44,7,-1,-1,-1,-1,2,1,E01007998,0
Unvalidated,2024141398791,2024,141398791,2,9,0,18,2,6,0,0,0,0,0,0,1,1,6,3,-1,-1,-1,-1,-1,-1,-1,-1,-1,0
Unvalidated,2024141398971,2024,141398971,1,9,0,11,5,1,0,0,0,0,0,0,0,1,6,1,58,9,-1,-1,-1,-1,4,1,E01007536,0
Unvalidated,2024141398971,2024,141398971,2,90,0,18,5,1,0,0,0,0,0,0,2,1,1,1,48,8,-1,-1,-1,-1,7,1,E01007755,0
Unvalidated,2024141398971,2024,141398971,3,90,1,18,5,1,0,0,0,0,0,0,2,1,1,1,42,7,-1,-1,-1,-1,7,1,E01007846,0
Unvalidated,2024141398971,2024,141398971,4,90,0,18,5,1,0,0,0,0,0,0,1,1,1,1,49,8,-1,-1,-1,-1,10,1,E01027786,0
Unvalidated,2024141399032,2024,141399032,1,9,0,9,3,7,0,5,0,0,0,0,2,1,6,1,20,4,-1,-1,-1,-1,5,2,E01007489,0
Unvalidated,2024141399032,2024,141399032,2,98,0,18,3,7,0,1,0,0,0,0,1,1,6,3,-1,-1,-1,-1,-1,-1,-1,-1,-1,0
Unvalidated,2024141399218,2024,141399218,1,9,0,9,5,3,0,5,0,0,0,0,4,1,5,1,51,8,-1,-1,-1,-1,1,1,E01007877,0
Unvalidated,2024141399218,2024,141399218,2,90,0,18,1,5,0,6,0,0,0,0,1,1,5,1,14,3,-1,-1,-1,-1,4,1,E01008058,1
Unvalidated,2024141399227,2024,141399227,1,3,0,18,7,3,0,0,0,0,1,0,1,1,6,1,20,4,-1,-1,-1,-1,1,1,E01013296,0
Unvalidated,2024141399227,2024,141399227,2,9,0,13,3,7,0,0,5,0,7,0,1,1,6,1,22,5,-1,-1,-1,-1,7,1,E01033296,0
Unvalidated,2024141399227,2024,141399227,3,98,0,18,3,7,0,0,0,0,0,0,0,1,6,1,40,7,-1,-1,-1,-1,-1,-1,-1,0
Unvalidated,2024141399289,2024,141399289,1,98,0,7,1,3,0,6,0,0,0,0,1,1,1,1,29,6,-1,-1,-1,-1,1,2,E01007378,0
Unvalidated,2024141399289,2024,141399289,2,1,0,18,3,7,0,1,5,0,0,0,1,1,2,1,56,9,-1,-1,-1,-1,3,2,E01007374,0
Unvalidated,2024141399445,2024,141399445,1,98,0,7,5,3,0,0,0,0,0,0,1,1,6,3,67,10,-1,-1,-1,-1,-1,-1,-1,0
Unvalidated,2024141399461,2024,141399461,1,9,0,18,1,5,0,0,0,0,0,0,2,1,6,2,57,9,-1,-1,-1,-1,-1,-1,-1,0
Unvalidated,2024141399461,2024,141399461,2,9,0,4,1,5,0,0,0,0,0,0,1,1,2,1,45,7,-1,-1,-1,-1,7,3,E01013242,0
Unvalidated,2024141399461,2024,141399461,3,9,0,4,1,5,0,0,0,0,0,0,1,1,2,2,28,6,-1,-1,-1,-1,3,1,E01008063,0
Unvalidated,2024141399461,2024,141399461,4,9,0,4,1,5,0,0,0,0,0,0,1,1,2,2,27,6,-1,-1,-1,-1,3,1,E01007465,0
Unvalidated,2024141399542,2024,141399542,1,9,0,9,2,8,0,6,0,0,0,0,3,1,1,1,63,9,-1,-1,-1,-1,6,1,E01007565,0
Unvalidated,2024141399542,2024,141399542,2,97,0,18,8,4,0,1,0,0,0,0,1,1,6,1,29,6,-1,-1,-1,-1,1,1,E01007500,0
Unvalidated,2024141399648,2024,141399648,1,9,0,18,1,5,0,0,0,0,0,0,2,1,1,2,27,6,-1,-1,-1,-1,3,2,E01028025,0
Unvalidated,2024141399648,2024,141399648,2,9,0,18,1,5,0,0,0,0,0,0,1,1,6,2,-1,-1,-1,-1,-1,-1,8,1,E01007502,0
Unvalidated,2024141399662,2024,141399662,1,9,0,9,2,8,0,5,0,0,0,0,1,1,2,2,63,9,-1,-1,-1,-1,4,1,E01007653,0
Unvalidated,2024141399662,2024,141399662,2,1,0,18,6,2,0,1,5,0,0,0,3,1,6,1,60,9,-1,-1,-1,-1,2,1,E01007656,0
Unvalidated,2024141399698,2024,141399698,1,9,0,9,1,7,0,0,0,4,0,0,1,1,6,2,52,8,-1,-1,-1,-1,10,1,E01008044,0
Unvalidated,2024141399698,2024,141399698,2,9,0,2,0,0,0,0,1,4,0,0,2,1,6,3,-1,-1,-1,-1,-1,-1,-1,-1,-1,0
Unvalidated,2024141399698,2024,141399698,3,9,0,2,0,0,0,0,1,0,0,0,1,1,6,3,-1,-1,-1,-1,-1,-1,-1,-1,-1,0
Unvalidated,2024141399698,2024,141399698,4,9,0,2,0,0,0,0,1,0,0,0,1,1,6,3,-1,-1,-1,-1,-1,-1,-1,-1,-1,0
Unvalidated,2024141399716,2024,141399716,1,9,0,18,4,8,0,0,0,0,0,0,1,1,5,1,20,4,-1,-1,-1,-1,3,1,E01008148,0
Unvalidated,2024141399791,2024,141399791,1,9,0,18,3,7,0,8,0,0,0,0,3,1,5,2,75,10,-1,-1,-1,-1,6,1,E01007630,0
Unvalidated,2024141399791,2024,141399791,2,9,0,18,7,3,0,8,0,0,0,0,4,1,2,2,35,6,-1,-1,-1,-1,6,1,E01007526,0
Unvalidated,2024141399852,2024,141399852,1,9,0,18,5,1,0,1,0,0,0,0,1,1,2,2,20,4,-1,-1,-1,-1,2,1,E01007967,0
Unvalidated,2024141399852,2024,141399852,2,9,0,9,7,5,0,8,0,0,0,0,4,1,5,2,66,10,-1,-1,-1,-1,2,1,E01008014,0
Unvalidated,2024141400023,2024,141400023,1,9,0,18,3,7,0,0,0,0,0,0,1,1,5,1,48,8,-1,-1,-1,-1,1,1,E01007949,0
Unvalidated,2024141400046,2024,141400046,1,9,0,18,1,5,0,0,0,0,0,0,2,1,5,2,57,9,-1,-1,-1,-1,5,1,E01007887,0
Unvalidated,2024141400046,2024,141400046,2,9,0,4,1,5,0,0,0,0,0,0,1,1,6,3,-1,-1,-1,-1,-1,-1,-1,-1,-1,0
Unvalidated,2024141400056,2024,141400056,1,9,0,17,2,1,0,0,1,0,1,9,1,1,1,1,18,4,-1,-1,-1,-1,9,1,E01007618,0
Unvalidated,2024141400056,2024,141400056,2,9,0,16,1,2,0,0,0,0,0,0,1,1,1,2,28,6,-1,-1,-1,-1,3,2,E01028027,0
Unvalidated,2024141400077,2024,141400077,1,9,0,9,7,5,0,0,0,0,7,0,4,1,5,1,70,10,-1,-1,-1,-1,1,2,E01007474,0
Unvalidated,2024141400077,2024,141400077,2,9,0,18,3,7,0,0,0,0,0,0,1,1,5,1,41,7,-1,-1,-1,-1,1,1,E01007507,0
Unvalidated,2024141400077,2024,141400077,3,9,0,18,7,3,0,0,0,0,0,0,1,1,5,2,72,10,-1,-1,-1,-1,6,2,E01007586,0
Unvalidated,2024141400145,2024,141400145,1,9,0,18,7,3,0,1,0,0,0,0,3,1,6,1,47,8,-1,-1,-1,-1,2,1,E01007592,0
Unvalidated,2024141400147,2024,141400147,1,9,0,18,5,8,0,1,0,0,0,0,1,1,6,1,52,8,-1,-1,-1,-1,1,1,E01007547,0
Unvalidated,2024141400147,2024,141400147,2,9,0,18,7,1,0,1,0,0,0,0,1,1,6,1,71,10,-1,-1,-1,-1,1,1,E01007643,0
Unvalidated,2024141400165,2024,141400165,1,9,0,9,2,8,0,1,0,0,0,0,3,1,1,2,60,9,-1,-1,-1,-1,-1,-1,-1,0
Unvalidated,2024141400165,2024,141400165,2,97,0,18,3,7,0,1,0,0,0,0,1,1,5,1,25,5,-1,-1,-1,-1,6,3,E01027923,0
Unvalidated,2024141400165,2024,141400165,3,3,0,18,3,7,0,1,0,0,0,0,0,1,6,3,18,4,-1,-1,-1,-1,-1,-1,-1,0
Unvalidated,2024141400246,2024,141400246,1,9,0,18,6,2,0,1,0,0,0,0,1,1,6,3,-1,-1,-1,-1,-1,-1,-1,-1,-1,0
Unvalidated,2024141400334,2024,141400334,1,9,0,18,8,4,0,0,0,0,0,0,1,1,5,2,27,6,-1,-1,-1,-1,5,1,E01007887,0
Unvalidated,2024141400389,2024,141400389,1,90,0,18,8,4,0,0,1,0,0,0,1,2,6,1,51,8,-1,-1,-1,-1,4,1,E01007441,0
Unvalidated,2024141400389,2024,141400389,2,90,0,18,4,8,0,0,0,0,0,0,1,1,6,3,-1,-1,-1,-1,-1,-1,-1,-1,-1,0
Unvalidated,2024141400397,2024,141400397,1,9,0,18,4,8,0,0,0,4,0,0,4,1,5,2,69,10,-1,-1,-1,-1,1,1,E01007508,0
Unvalidated,2024141400397,2024,141400397,2,9,0,2,4,8,0,0,0,0,0,0,2,1,6,3,-1,-1,-1,-1,-1,-1,-1,-1,-1,0
Unvalidated,2024141400397,2024,141400397,3,9,0,2,4,8,0,0,0,0,0,0,2,1,6,3,-1,-1,-1,-1,-1,-1,-1,-1,-1,0
Unvalidated,2024141400408,2024,141400408,1,9,0,7,7,2,0,1,0,0,0,0,2,1,5,2,62,9,-1,-1,-1,-1,2,1,E01008057,0
Unvalidated,2024141400408,2024,141400408,2,9,0,18,8,4,0,1,0,0,0,0,1,1,5,2,36,7,-1,-1,-1,-1,2,1,E01007849,0
Unvalidated,2024141400448,2024,141400448,1,9,0,18,7,3,0,8,0,0,0,0,1,1,5,2,32,6,-1,-1,-1,-1,2,1,E01007636,0
Unvalidated,2024141400448,2024,141400448,2,9,0,9,5,3,0,8,0,0,0,0,4,1,5,2,20,4,-1,-1,-1,-1,2,1,E01007579,0
Unvalidated,2024141400505,2024,141400505,1,9,0,9,5,1,0,5,0,0,0,0,1,1,5,2,26,6,-1,-1,-1,-1,1,1,E01007764,0
Unvalidated,2024141400505,2024,141400505,2,9,0,18,5,1,0,8,0,0,0,0,1,1,5,2,50,8,-1,-1,-1,-1,7,2,E01007616,0
Unvalidated,2024141400602,2024,141400602,1,9,0,14,1,5,0,0,0,4,0,0,1,1,5,1,75,10,-1,-1,-1,-1,1,1,E01008085,0
Unvalidated,2024141400602,2024,141400602,2,9,0,2,0,0,0,0,0,0,0,0,2,1,6,3,-1,-1,-1,-1,-1,-1,-1,-1,-1,0
Unvalidated,2024141400602,2024,141400602,3,9,0,2,0,0,0,0,0,0,0,0,2,1,6,3,-1,-1,-1,-1,-1,-1,-1,-1,-1,0
Unvalidated,2024141400712,2024,141400712,1,9,0,18,4,8,0,0,0,0,0,0,2,1,5,1,20,4,-1,-1,-1,-1,2,1,E01007855,0
Unvalidated,2024141400712,2024,141400712,2,9,0,18,4,8,0,0,0,0,0,0,1,1,5,1,27,6,-1,-1,-1,-1,4,1,E01012803,0
Unvalidated,2024141400749,2024,141400749,1,9,0,9,7,6,0,6,0,0,0,0,1,1,5,2,41,7,-1,-1,-1,-1,5,1,E01007331,0
Unvalidated,2024141400749,2024,141400749,2,97,0,18,2,6,0,1,0,0,0,0,1,1,6,1,18,4,-1,-1,-1,-1,4,1,E01007342,0
Unvalidated,2024141400787,2024,141400787,1,9,0,5,3,7,0,1,0,0,0,0,1,1,1,1,44,7,-1,-1,-1,-1,3,1,E01007680,0
Unvalidated,2024141400821,2024,141400821,1,9,0,18,6,2,0,8,1,0,1,1,1,1,6,1,36,7,-1,-1,-1,-1,1,1,E01008097,0
Unvalidated,2024141400821,2024,141400821,2,9,0,2,0,0,0,1,0,0,0,0,3,1,6,3,-1,-1,-1,-1,-1,-1,-1,-1,-1,0
Unvalidated,2024141400926,2024,141400926,1,9,0,4,1,5,0,4,0,0,0,0,2,1,6,2,34,6,-1,-1,-1,-1,2,2,E01028029,0
Unvalidated,2024141400926,2024,141400926,2,9,0,4,1,5,0,1,0,0,0,0,1,1,6,2,59,9,-1,-1,-1,-1,2,1,E01007531,0
Unvalidated,2024141400944,2024,141400944,1,9,0,17,5,1,0,1,5,0,0,0,4,1,5,1,79,11,-1,-1,-1,-1,9,2,E01007428,0
Unvalidated,2024141400944,2024,141400944,2,9,0,18,1,5,0,1,0,0,0,0,4,2,6,1,-1,-1,-1,-1,-1,-1,-1,-1,-1,0
Unvalidated,2024141401009,2024,141401009,1,9,0,4,5,1,0,6,0,0,0,0,2,1,5,1,23,5,-1,-1,-1,-1,4,1,E01008001,0
Unvalidated,2024141401009,2024,141401009,2,9,0,4,5,1,0,1,0,0,0,0,1,1,5,2,25,5,-1,-1,-1,-1,1,1,E01008055,0
Unvalidated,2024141401022,2024,141401022,1,9,0,18,6,2,0,0,0,0,7,11,1,1,5,2,40,7,-1,-1,-1,-1,3,1,E01007346,0
Unvalidated,2024141401022,2024,141401022,2,9,0,2,0,0,9,0,0,0,0,0,1,1,6,3,-1,-1,-1,-1,-1,-1,-1,-1,-1,0
Unvalidated,2024141401033,2024,141401033,1,9,0,9,3,1,0,0,0,0,0,0,1,1,2,1,20,4,-1,-1,-1,-1,5,2,E01007489,0
Unvalidated,2024141401052,2024,141401052,1,9,0,18,5,1,0,8,0,0,0,0,1,1,6,2,21,5,-1,-1,-1,-1,2,1,E01007336,0
Unvalidated,2024141401052,2024,141401052,2,9,0,18,7,3,0,8,0,0,0,0,1,1,6,1,26,6,-1,-1,-1,-1,7,1,E01007384,0
Unvalidated,2024141401146,2024,141401146,1,9,0,9,1,7,0,8,0,0,0,0,4,1,3,2,37,7,-1,-1,-1,-1,3,1,E01007465,0
Unvalidated,2024141401146,2024,141401146,2,9,0,18,5,1,0,8,0,0,0,0,1,1,1,1,62,9,-1,-1,-1,-1,8,1,E01007485,0
Unvalidated,2024141401368,2024,141401368,1,9,0,18,3,7,0,3,1,0,1,2,1,1,5,1,30,6,-1,-1,-1,-1,2,1,E01025705,0
Unvalidated,2024141401427,2024,141401427,1,9,0,18,3,7,0,0,0,0,0,0,1,2,6,2,24,5,-1,-1,-1,-1,6,1,E01007512,0
Unvalidated,2024141401427,2024,141401427,2,9,0,2,1,5,0,0,0,0,0,0,1,2,6,3,-1,-1,-1,-1,-1,-1,-1,-1,-1,0
Unvalidated,2024141401433,2024,141401433,1,9,0,9,2,7,0,3,0,0,0,0,4,1,2,2,45,7,-1,-1,-1,-1,6,3,E01008128,0
Unvalidated,2024141401433,2024,141401433,2,9,0,18,6,2,0,4,0,0,0,0,1,1,2,2,31,6,-1,-1,-1,-1,3,1,E01007720,0
Unvalidated,2024141401514,2024,141401514,1,9,0,18,8,4,0,0,0,0,0,0,1,1,2,1,60,9,-1,-1,-1,-1,1,1,E01007791,0
Unvalidated,2024141401515,2024,141401515,1,98,0,2,0,0,0,0,0,0,0,0,0,1,1,1,33,6,-1,-1,-1,-1,6,1,E01013709,0
Unvalidated,2024141401515,2024,141401515,2,9,0,2,0,0,0,0,0,0,0,0,1,1,1,1,27,6,-1,-1,-1,-1,2,1,E01007578,0
Unvalidated,2024141401515,2024,141401515,3,97,0,18,4,8,0,0,0,0,0,0,1,1,2,1,56,9,-1,-1,-1,-1,1,1,E01007466,0
Unvalidated,2024141401635,2024,141401635,1,9,0,18,2,6,0,0,2,0,1,0,1,1,5,1,26,6,-1,-1,-1,-1,2,1,E01007595,0
Unvalidated,2024141401644,2024,141401644,1,8,0,18,3,8,0,0,0,0,1,0,4,1,6,1,65,9,-1,-1,-1,-1,7,1,E01007604,0
Unvalidated,2024141401644,2024,141401644,2,9,0,18,8,3,0,0,1,0,8,11,1,1,6,1,27,6,-1,-1,-1,-1,1,1,E01014254,0
Unvalidated,2024141401663,2024,141401663,1,9,0,18,8,4,0,0,0,0,0,0,1,1,6,1,59,9,-1,-1,-1,-1,2,1,E01007522,0
Unvalidated,2024141401762,2024,141401762,1,98,1,18,8,4,0,8,5,10,0,0,0,1,1,1,52,8,-1,-1,-1,-1,1,1,E01007729,0
Unvalidated,2024141401823,2024,141401823,1,98,0,18,4,6,0,0,0,0,0,0,2,1,5,1,60,9,-1,-1,-1,-1,4,1,E01007444,0
Unvalidated,2024141401823,2024,141401823,2,9,0,11,3,6,0,0,0,0,0,0,1,1,6,3,39,7,-1,-1,-1,-1,1,1,E01007369,0
Unvalidated,2024141401851,2024,141401851,1,9,0,18,7,3,0,2,0,0,0,0,1,1,6,1,37,7,-1,-1,-1,-1,1,1,E01007509,0
Unvalidated,2024141402031,2024,141402031,1,9,0,7,5,7,0,0,0,0,1,0,1,1,6,1,51,8,-1,-1,-1,-1,2,1,E01008112,0
Unvalidated,2024141402031,2024,141402031,2,90,0,18,8,3,0,0,0,0,0,0,1,1,6,1,23,5,-1,-1,-1,-1,1,1,E01007532,1
Unvalidated,2024141402094,2024,141402094,1,9,0,18,7,8,0,0,0,0,0,0,4,1,1,1,27,6,-1,-1,-1,-1,3,1,E01007538,0
Unvalidated,2024141402235,2024,141402235,1,9,0,18,2,6,0,0,0,0,0,0,4,1,6,2,21,5,-1,-1,-1,-1,1,1,E01007737,0
Unvalidated,2024141402235,2024,141402235,2,9,0,18,2,6,0,0,0,0,0,0,1,1,6,3,-1,-1,-1,-1,-1,-1,-1,-1,-1,0
Unvalidated,2024141402276,2024,141402276,1,9,0,15,5,1,0,0,0,0,0,0,1,1,6,1,48,8,-1,-1,-1,-1,1,1,E01008060,0
Unvalidated,2024141402306,2024,141402306,1,9,0,18,1,5,0,1,0,0,0,0,3,1,6,2,20,4,-1,-1,-1,-1,1,1,E01007461,0
Unvalidated,2024141402306,2024,141402306,2,9,0,5,7,3,0,6,0,0,0,0,1,1,6,1,28,6,-1,-1,-1,-1,6,3,E01019819,0
Unvalidated,2024141402308,2024,141402308,1,9,0,18,7,3,0,0,0,0,0,0,1,1,5,1,78,11,-1,-1,-1,-1,4,1,E01007817,0
Unvalidated,2024141402365,2024,141402365,1,9,0,11,5,1,0,0,2,0,1,4,1,1,5,2,27,6,-1,-1,-1,-1,8,3,W01000443,0
Unvalidated,2024141402655,2024,141402655,1,9,0,5,7,2,0,5,0,0,0,0,1,1,5,1,61,9,-1,-1,-1,-1,2,1,E01007784,0
Unvalidated,2024141402655,2024,141402655,2,1,0,18,7,2,0,1,0,0,0,0,1,1,6,1,-1,-1,-1,-1,-1,-1,-1,-1,-1,0
Unvalidated,2024141402660,2024,141402660,1,9,0,18,4,8,0,1,0,0,0,0,1,1,5,1,26,6,-1,-1,-1,-1,1,1,E01008017,0
Unvalidated,2024141402660,2024,141402660,2,9,0,7,6,2,0,6,0,0,0,0,3,1,5,2,33,6,-1,-1,-1,-1,1,1,E01008018,0
Unvalidated,2024141402669,2024,141402669,1,9,0,16,7,3,0,0,0,0,0,0,1,1,2,1,33,6,-1,-1,-1,-1,6,1,E01007835,0
Unvalidated,2024141402719,2024,141402719,1,9,0,18,7,2,0,0,0,0,0,0,3,1,5,1,32,6,-1,-1,-1,-1,1,1,E01007946,0
Unvalidated,2024141402719,2024,141402719,2,19,0,4,0,8,0,0,0,0,0,0,0,1,1,3,-1,-1,-1,-1,-1,-1,-1,-1,-1,0
Unvalidated,2024141402734,2024,141402734,1,9,0,7,4,2,6,0,1,0,7,9,4,1,5,1,20,4,-1,-1,-1,-1,3,2,E01028030,0
Unvalidated,2024141402936,2024,141402936,1,9,0,18,2,1,0,2,0,0,0,0,1,1,5,1,70,10,-1,-1,-1,-1,4,1,E01011839,0
Unvalidated,2024141403034,2024,141403034,1,9,0,3,5,1,0,0,0,0,0,0,2,1,5,2,52,8,-1,-1,-1,-1,5,3,E01007611,0
Unvalidated,2024141403034,2024,141403034,2,9,0,5,5,1,0,0,0,0,0,0,1,1,5,1,18,4,-1,-1,-1,-1,8,1,E01007502,0
Unvalidated,2024141403059,2024,141403059,1,98,0,18,3,7,0,8,0,0,1,0,3,1,1,1,51,8,-1,-1,-1,-1,2,2,E01020699,0
Unvalidated,2024141403059,2024,141403059,2,98,0,18,1,7,0,8,5,0,3,0,1,1,1,1,27,6,-1,-1,-1,-1,1,1,E01001790,0
Unvalidated,2024141403107,2024,141403107,1,9,0,10,5,1,0,0,0,0,0,0,1,1,5,2,48,8,-1,-1,-1,-1,2,1,E01007548,0
Unvalidated,2024141403107,2024,141403107,2,9,0,18,1,5,0,0,0,0,0,0,1,1,5,2,20,4,-1,-1,-1,-1,5,3,E01007611,0
Unvalidated,2024141403162,2024,141403162,1,9,0,17,5,1,0,1,5,7,2,10,1,1,5,2,19,4,-1,-1,-1,-1,7,1,E01007477,0
Unvalidated,2024141403267,2024,141403267,1,8,0,9,1,7,0,6,0,0,0,0,1,1,6,3,-1,-1,-1,-1,-1,-1,-1,-1,-1,0
Unvalidated,2024141403267,2024,141403267,2,1,0,18,7,3,0,1,0,0,0,0,1,1,6,2,24,5,-1,-1,-1,-1,1,1,E01033277,0
Unvalidated,2024141403273,2024,141403273,1,9,0,5,4,7,0,6,0,0,0,0,3,1,5,1,41,7,-1,-1,-1,-1,2,1,E01007968,0
Unvalidated,2024141403273,2024,141403273,2,8,0,18,3,7,0,1,0,0,0,0,4,1,1,1,40,7,-1,-1,-1,-1,1,1,E01007948,0
Unvalidated,2024141403278,2024,141403278,1,9,0,9,8,6,0,6,0,0,0,0,3,1,2,1,18,4,-1,-1,-1,-1,3,1,E01007569,0
Unvalidated,2024141403278,2024,141403278,2,1,0,18,6,2,0,1,0,0,0,0,1,1,6,1,39,7,-1,-1,-1,-1,2,1,E01007651,0
Unvalidated,2024141403320,2024,141403320,1,9,0,7,7,8,0,8,0,0,0,0,1,1,2,2,20,4,-1,-1,-1,-1,2,1,E01008057,0
Unvalidated,2024141403320,2024,141403320,2,9,0,18,1,5,0,1,0,0,0,0,1,1,5,1,30,6,-1,-1,-1,-1,1,1,E01008059,0
Unvalidated,2024141403349,2024,141403349,1,9,0,18,1,5,0,0,0,0,0,0,3,1,5,1,23,5,-1,-1,-1,-1,8,1,E01007756,0
Unvalidated,2024141403349,2024,141403349,2,9,0,15,1,5,0,0,0,0,0,0,4,1,6,3,-1,-1,-1,-1,-1,-1,-1,-1,-1,0
Unvalidated,2024141403559,2024,141403559,1,9,0,11,4,6,0,0,0,0,0,0,4,1,5,2,32,6,-1,-1,-1,-1,3,1,E01027955,0
Unvalidated,2024141403559,2024,141403559,2,9,0,18,4,8,0,0,0,0,0,0,3,1,5,2,36,7,-1,-1,-1,-1,1,2,E01007377,0
Unvalidated,2024141403582,2024,141403582,1,9,0,18,7,3,0,0,0,0,0,0,1,1,1,1,56,9,-1,-1,-1,-1,2,1,E01007717,0
Unvalidated,2024141403592,2024,141403592,1,9,0,16,1,5,0,0,0,0,1,0,1,1,2,1,32,6,-1,-1,-1,-1,1,1,E01007768,0
Unvalidated,2024141403592,2024,141403592,2,9,0,17,5,1,0,0,0,0,0,0,1,1,2,1,32,6,-1,-1,-1,-1,1,1,E01007768,0
Unvalidated,2024141403774,2024,141403774,1,9,0,9,1,5,0,0,0,0,0,0,4,1,5,1,33,6,-1,-1,-1,-1,1,1,E01008122,0
Unvalidated,2024141403774,2024,141403774,2,1,0,18,5,1,0,0,0,0,0,0,1,1,1,1,49,8,-1,-1,-1,-1,3,1,E01007843,0
Unvalidated,2024141403794,2024,141403794,1,9,0,18,5,1,0,0,0,0,0,0,2,1,2,1,40,7,-1,-1,-1,-1,10,1,E01007619,0
Unvalidated,2024141403794,2024,141403794,2,9,0,18,5,1,0,0,0,0,0,0,1,1,2,1,30,6,-1,-1,-1,-1,8,1,E01007527,0
Unvalidated,2024141403794,2024,141403794,3,98,0,18,5,1,0,0,0,0,0,0,1,1,1,1,28,6,-1,-1,-1,-1,2,1,E01007763,0
Unvalidated,2024141403950,2024,141403950,1,9,0,18,7,3,0,1,0,0,0,0,1,1,6,1,21,5,-1,-1,-1,-1,2,1,E01007443,0
Unvalidated,2024141403950,2024,141403950,2,9,0,9,5,3,0,6,0,0,0,0,1,1,6,2,23,5,-1,-1,-1,-1,4,1,E01033261,0
Unvalidated,2024141404034,2024,141404034,1,9,0,18,4,1,0,2,0,0,0,0,1,1,2,1,36,7,-1,-1,-1,-1,6,1,E01008154,0
Unvalidated,2024141404332,2024,141404332,1,9,0,18,8,4,0,8,0,0,0,0,1,1,5,1,63,9,-1,-1,-1,-1,2,2,E01011854,0
Unvalidated,2024141404332,2024,141404332,2,9,0,9,4,2,0,8,0,0,0,0,4,1,5,1,57,9,-1,-1,-1,-1,3,1,E01007504,0
Unvalidated,2024141404482,2024,141404482,1,9,0,10,5,2,0,1,0,0,0,0,1,1,6,1,45,7,-1,-1,-1,-1,8,3,E01007427,0
Unvalidated,2024141404541,2024,141404541,1,9,0,18,1,1,0,1,0,0,0,0,3,1,5,2,22,5,-1,-1,-1,-1,2,1,E01007871,0
Unvalidated,2024141404551,2024,141404551,1,90,0,18,7,3,0,8,0,0,0,0,3,1,1,1,31,6,-1,-1,-1,-1,1,1,E01007714,0
Unvalidated,2024141404551,2024,141404551,2,9,0,9,7,5,0,8,0,0,0,0,3,1,6,2,24,5,-1,-1,-1,-1,1,1,E01007718,0
Unvalidated,2024141404737,2024,141404737,1,97,0,4,1,1,0,1,0,0,0,0,0,1,6,1,35,6,-1,-1,-1,-1,2,1,E01008109,0
Unvalidated,2024141404737,2024,141404737,2,9,0,18,5,1,0,1,0,4,0,0,1,1,6,1,-1,-1,-1,-1,-1,-1,4,1,E01008019,0
Unvalidated,2024141404778,2024,141404778,1,98,0,18,8,4,0,0,0,4,0,0,1,1,2,1,31,6,-1,-1,-1,-1,3,1,E01007550,0
Unvalidated,2024141404778,2024,141404778,2,9,0,4,8,4,0,0,0,0,0,0,1,1,6,1,41,7,-1,-1,-1,-1,4,1,E01007647,0
Unvalidated,2024141404778,2024,141404778,3,9,0,2,1,2,0,0,1,6,0,0,2,1,1,2,28,6,-1,-1,-1,-1,4,1,E01007646,0
Unvalidated,2024141404912,2024,141404912,1,9,0,12,2,6,0,1,0,0,0,0,1,1,5,2,54,8,-1,-1,-1,-1,8,1,E01007756,0
Unvalidated,2024141404912,2024,141404912,2,9,0,18,2,6,0,1,0,0,0,0,2,1,6,1,-1,-1,-1,-1,-1,-1,5,1,E01007828,0
Unvalidated,2024141404986,2024,141404986,1,9,0,9,3,1,0,2,0,0,0,0,1,1,5,1,91,11,-1,-1,-1,-1,8,1,E01008048,0
Unvalidated,2024141405001,2024,141405001,1,1,0,18,4,8,0,0,0,0,0,0,3,1,2,2,50,8,-1,-1,-1,-1,2,1,E01007531,0
Unvalidated,2024141405001,2024,141405001,2,9,0,7,6,8,0,0,0,0,0,0,1,1,6,3,-1,-1,-1,-1,-1,-1,-1,-1,-1,0
Unvalidated,2024141405012,2024,141405012,1,9,0,16,4,8,0,0,2,0,1,0,4,1,5,1,21,5,-1,-1,-1,-1,2,1,E01007759,0
Unvalidated,2024141405012,2024,141405012,2,9,0,17,8,4,0,0,0,0,0,0,1,1,2,2,30,6,-1,-1,-1,-1,3,2,E01028030,0
Unvalidated,2024141405055,2024,141405055,1,9,0,16,3,8,0,0,1,0,0,0,1,1,5,2,20,4,-1,-1,-1,-1,10,1,E01007938,0
Unvalidated,2024141405055,2024,141405055,2,9,0,2,0,0,9,0,0,0,0,0,1,1,6,3,-1,-1,-1,-1,-1,-1,-1,-1,-1,0
Unvalidated,2024141405055,2024,141405055,3,9,0,2,0,0,9,0,0,0,0,0,1,1,6,3,-1,-1,-1,-1,-1,-1,-1,-1,-1,0