status,collision_index,collision_year,collision_reference,vehicle_reference,vehicle_type,towing_and_articulation,vehicle_manoeuvre,vehicle_direction_from,vehicle_direction_to,vehicle_location_restricted_lane,junction_location,skidding_and_overturning,hit_object_in_carriageway,vehicle_leaving_carriageway,hit_object_off_carriageway,first_point_of_impact,vehicle_left_hand_drive,journey_purpose_of_driver,sex_of_driver,age_of_driver,age_band_of_driver,engine_capacity_cc,propulsion_code,age_of_vehicle,generic_make_model,driver_imd_decile,driver_home_area_type,lsoa_of_driver,escooter_flag
Unvalidated,2024141405064,2024,141405064,1,9,0,18,6,2,0,0,0,4,1,0,3,1,5,1,66,10,-1,-1,-1,-1,1,1,E01007597,0
Unvalidated,2024141405064,2024,141405064,2,98,0,2,0,0,0,0,0,0,0,0,3,1,1,1,38,7,-1,-1,-1,-1,4,1,E01007479,0
Unvalidated,2024141405142,2024,141405142,1,1,0,18,2,6,0,0,0,0,0,0,4,1,5,1,46,8,-1,-1,-1,-1,6,1,E01007630,0
Unvalidated,2024141405142,2024,141405142,2,9,0,9,4,8,9,0,0,0,0,0,4,1,6,1,66,10,-1,-1,-1,-1,6,1,E01007570,0
Unvalidated,2024141405272,2024,141405272,1,9,0,18,5,5,0,0,0,0,0,0,1,1,2,2,43,7,-1,-1,-1,-1,2,1,E01007881,0
Unvalidated,2024141405272,2024,141405272,2,9,0,12,5,5,0,0,0,0,0,0,4,2,6,3,-1,-1,-1,-1,-1,-1,-1,-1,-1,0
Unvalidated,2024141405316,2024,141405316,1,9,0,18,1,5,0,8,0,0,0,0,2,1,2,1,39,7,-1,-1,-1,-1,1,1,E01007727,0
Unvalidated,2024141405316,2024,141405316,2,9,0,18,1,5,0,8,0,0,0,0,1,1,2,1,51,8,-1,-1,-1,-1,1,1,E01007737,0
Unvalidated,2024141405366,2024,141405366,1,9,0,18,1,5,0,2,0,0,0,0,1,1,6,1,44,7,-1,-1,-1,-1,9,3,E01013251,0
Unvalidated,2024141405366,2024,141405366,2,1,0,5,3,7,0,6,0,0,0,0,1,1,6,1,13,3,-1,-1,-1,-1,3,1,E01007533,0
Unvalidated,2024141405378,2024,141405378,1,9,0,4,3,7,0,0,0,0,0,0,2,1,5,1,30,6,-1,-1,-1,-1,4,1,E01007536,0
Unvalidated,2024141405378,2024,141405378,2,9,0,18,3,7,0,0,0,0,0,0,1,1,5,1,69,10,-1,-1,-1,-1,4,1,E01007647,0
Unvalidated,2024141405381,2024,141405381,1,9,0,9,5,3,0,1,1,0,0,0,1,1,2,2,45,7,-1,-1,-1,-1,1,1,E01007856,0
Unvalidated,2024141405381,2024,141405381,2,9,0,18,1,5,0,1,1,7,7,2,1,1,6,1,-1,-1,-1,-1,-1,-1,1,1,E01007948,0
Unvalidated,2024141405386,2024,141405386,1,9,0,18,3,7,0,2,0,0,0,0,1,1,2,1,69,10,-1,-1,-1,-1,-1,-1,-1,0
Unvalidated,2024141405386,2024,141405386,2,9,0,18,3,7,0,2,0,0,0,0,3,1,6,1,23,5,-1,-1,-1,-1,-1,-1,-1,0
Unvalidated,2024141405493,2024,141405493,1,9,0,18,6,2,0,8,0,0,0,0,3,1,5,2,62,9,-1,-1,-1,-1,1,1,E01007411,0
Unvalidated,2024141405493,2024,141405493,2,9,0,5,8,2,0,8,0,0,0,0,4,1,5,1,61,9,-1,-1,-1,-1,1,1,E01007411,0
Unvalidated,2024141405622,2024,141405622,1,98,1,4,1,5,0,0,0,0,0,0,1,1,1,1,29,6,-1,-1,-1,-1,9,3,E01013016,0
Unvalidated,2024141405622,2024,141405622,2,98,0,4,1,5,0,0,0,0,0,0,1,1,1,1,37,7,-1,-1,-1,-1,1,1,E01010046,0
Unvalidated,2024141405622,2024,141405622,3,9,0,4,1,5,0,0,0,0,0,0,2,1,6,2,23,5,-1,-1,-1,-1,5,1,E01013297,0
Unvalidated,2024141405659,2024,141405659,1,9,0,9,6,4,0,5,0,0,1,0,1,1,5,2,66,10,-1,-1,-1,-1,2,1,E01007976,0
Unvalidated,2024141405659,2024,141405659,2,97,0,18,2,6,0,8,0,0,0,0,3,1,6,1,18,4,-1,-1,-1,-1,8,1,E01007831,0
Unvalidated,2024141405677,2024,141405677,1,98,1,18,1,5,0,0,0,0,0,0,1,1,1,1,45,7,-1,-1,-1,-1,8,2,E01013073,0
Unvalidated,2024141405677,2024,141405677,2,98,0,18,1,5,0,0,0,0,0,0,2,1,1,1,70,10,-1,-1,-1,-1,6,1,E01007787,0
Unvalidated,2024141405677,2024,141405677,3,9,0,4,1,5,0,0,0,0,0,0,2,1,5,2,58,9,-1,-1,-1,-1,1,1,E01007463,0
Unvalidated,2024141405705,2024,141405705,1,9,0,18,3,8,0,1,0,0,0,0,1,1,6,2,53,8,-1,-1,-1,-1,4,1,E01007699,0
Unvalidated,2024141405705,2024,141405705,2,9,0,10,2,8,0,2,0,0,0,0,3,1,6,1,51,8,-1,-1,-1,-1,1,1,E01007668,0
Unvalidated,2024141405742,2024,141405742,1,9,0,18,7,3,0,1,0,0,0,0,1,1,5,1,21,5,-1,-1,-1,-1,-1,-1,-1,0
Unvalidated,2024141405748,2024,141405748,1,11,0,18,5,1,0,2,0,0,0,0,1,1,1,1,49,8,-1,-1,-1,-1,7,1,E01032926,0
Unvalidated,2024141405790,2024,141405790,1,9,0,18,3,7,6,8,2,0,1,9,1,1,5,1,18,4,-1,-1,-1,-1,2,1,E01007642,0
Unvalidated,2024141405823,2024,141405823,1,9,0,3,8,2,0,1,0,0,0,0,2,1,6,2,25,5,-1,-1,-1,-1,1,1,E01007413,0
Unvalidated,2024141405823,2024,141405823,2,98,0,3,8,2,0,1,0,0,0,0,2,1,6,1,41,7,-1,-1,-1,-1,4,1,E01007382,0
Unvalidated,2024141405823,2024,141405823,3,9,0,18,8,2,0,1,0,0,0,0,1,1,6,3,-1,-1,-1,-1,-1,-1,-1,-1,-1,0
Unvalidated,2024141405838,2024,141405838,1,9,0,16,3,7,0,0,0,0,0,0,1,1,2,1,28,6,-1,-1,-1,-1,6,1,E01007640,0
Unvalidated,2024141405838,2024,141405838,2,98,0,18,7,3,0,0,0,0,0,0,1,1,1,1,27,6,-1,-1,-1,-1,3,1,E01007525,0
Unvalidated,2024141405881,2024,141405881,1,97,0,18,3,2,0,2,0,0,0,0,3,1,5,1,41,7,-1,-1,-1,-1,9,2,E01007601,0
Unvalidated,2024141405881,2024,141405881,2,19,-1,11,-1,-1,0,8,0,0,0,0,0,1,6,3,-1,-1,-1,-1,-1,-1,-1,-1,-1,0
Unvalidated,2024141405909,2024,141405909,1,9,0,18,3,6,0,0,0,0,0,0,4,1,6,3,-1,-1,-1,-1,-1,-1,-1,-1,-1,0
Unvalidated,2024141405909,2024,141405909,2,1,0,18,6,3,0,0,2,0,0,0,3,1,2,1,47,8,-1,-1,-1,-1,1,3,E01007511,0
Unvalidated,2024141405918,2024,141405918,1,9,0,5,5,1,0,0,0,0,0,0,2,1,5,2,53,8,-1,-1,-1,-1,1,1,E01012834,0
Unvalidated,2024141405918,2024,141405918,2,98,0,4,5,1,0,0,0,0,0,0,1,1,6,3,100,11,-1,-1,-1,-1,-1,-1,-1,0
Unvalidated,2024141406029,2024,141406029,1,9,0,4,4,8,0,0,0,0,0,0,3,1,5,1,28,6,-1,-1,-1,-1,1,1,E01008102,0
Unvalidated,2024141406057,2024,141406057,1,9,0,18,3,7,0,0,0,0,0,0,1,1,1,1,71,10,-1,-1,-1,-1,1,1,E01007648,0
Unvalidated,2024141406093,2024,141406093,1,9,0,18,1,5,0,0,0,0,0,0,1,1,6,3,-1,-1,-1,-1,-1,-1,-1,-1,-1,0
Unvalidated,2024141406102,2024,141406102,1,9,0,18,7,3,0,2,0,0,0,0,4,1,6,3,-1,-1,-1,-1,-1,-1,-1,-1,-1,0
Unvalidated,2024141406107,2024,141406107,1,9,0,7,7,1,0,0,0,0,0,0,3,1,5,2,31,6,-1,-1,-1,-1,-1,-1,-1,0
Unvalidated,2024141406107,2024,141406107,2,9,0,18,7,3,0,0,0,0,0,0,4,1,6,3,-1,-1,-1,-1,-1,-1,-1,-1,-1,0
Unvalidated,2024141406197,2024,141406197,1,9,0,16,1,5,0,0,0,0,0,0,3,1,5,2,34,6,-1,-1,-1,-1,3,1,E01007789,0
Unvalidated,2024141406197,2024,141406197,2,90,0,18,5,5,0,0,1,0,0,0,1,1,6,1,33,6,-1,-1,-1,-1,1,1,E01007764,0
Unvalidated,2024141406224,2024,141406224,1,9,0,9,4,2,0,6,0,0,0,0,1,1,1,1,44,7,-1,-1,-1,-1,1,1,E01007904,0
Unvalidated,2024141406224,2024,141406224,2,9,0,18,8,4,0,8,0,0,0,0,3,1,5,1,65,9,-1,-1,-1,-1,6,1,E01008002,0
Unvalidated,2024141406393,2024,141406393,1,90,0,18,7,3,9,0,0,0,0,0,1,1,6,1,-1,-1,-1,-1,-1,-1,-1,-1,-1,1
Unvalidated,2024141406405,2024,141406405,1,9,0,18,1,5,0,0,5,0,0,0,3,1,6,2,34,6,-1,-1,-1,-1,5,3,E01007753,0
Unvalidated,2024141406422,2024,141406422,1,9,0,18,2,6,0,0,0,0,0,0,4,1,6,1,58,9,-1,-1,-1,-1,2,1,E01007326,0
Unvalidated,2024141406422,2024,141406422,2,90,0,18,5,1,0,0,2,0,0,0,1,1,6,2,-1,-1,-1,-1,-1,-1,-1,-1,-1,1
Unvalidated,2024141406458,2024,141406458,1,9,0,16,6,2,0,0,0,0,0,0,1,1,6,2,32,6,-1,-1,-1,-1,3,1,E01007538,0
Unvalidated,2024141406458,2024,141406458,2,9,0,17,2,6,0,0,0,0,0,0,1,1,5,2,37,7,-1,-1,-1,-1,1,1,E01007500,0
Unvalidated,2024141406471,2024,141406471,1,9,0,18,4,2,0,1,0,0,0,0,2,1,2,2,50,8,-1,-1,-1,-1,8,1,E01028047,0
Unvalidated,2024141406471,2024,141406471,2,9,0,18,6,8,0,1,0,0,0,0,1,1,6,3,-1,-1,-1,-1,-1,-1,-1,-1,-1,0
Unvalidated,2024141406555,2024,141406555,1,9,0,18,2,6,0,2,0,0,0,0,1,1,6,3,-1,-1,-1,-1,-1,-1,-1,-1,-1,0
Unvalidated,2024141406587,2024,141406587,1,97,0,18,7,3,0,8,0,0,0,0,1,1,5,1,46,8,-1,-1,-1,-1,7,3,E01028023,0
Unvalidated,2024141406587,2024,141406587,2,9,0,18,1,5,0,8,0,0,0,0,3,1,5,1,17,4,-1,-1,-1,-1,3,1,E01007903,0
Unvalidated,2024141406637,2024,141406637,1,9,0,11,2,6,0,3,0,0,0,0,1,1,2,1,60,9,-1,-1,-1,-1,4,3,E01007330,0
Unvalidated,2024141406637,2024,141406637,2,97,0,11,2,6,0,3,0,0,0,0,3,1,2,1,23,5,-1,-1,-1,-1,1,1,E01007461,0
Unvalidated,2024141406662,2024,141406662,1,9,0,18,8,4,0,8,0,0,0,0,1,1,1,1,53,8,-1,-1,-1,-1,1,1,E01033269,0
Unvalidated,2024141406662,2024,141406662,2,97,0,18,2,6,0,8,0,0,0,0,1,1,2,1,46,8,-1,-1,-1,-1,4,1,E01008031,0
Unvalidated,2024141406666,2024,141406666,1,1,0,5,1,5,0,0,0,0,0,0,3,1,5,1,38,7,-1,-1,-1,-1,8,1,E01007983,0
Unvalidated,2024141406666,2024,141406666,2,9,0,5,6,2,0,0,0,0,0,0,1,1,6,2,-1,-1,-1,-1,-1,-1,5,1,E01007996,0
Unvalidated,2024141406999,2024,141406999,1,9,0,12,1,5,0,0,0,0,0,0,1,1,5,1,31,6,-1,-1,-1,-1,6,1,E01007409,0
Unvalidated,2024141406999,2024,141406999,2,9,0,18,1,5,0,0,0,0,0,0,3,1,5,1,45,7,-1,-1,-1,-1,7,1,E01007754,0
Unvalidated,2024141406999,2024,141406999,3,9,0,18,1,5,0,0,0,0,0,0,4,1,5,2,30,6,-1,-1,-1,-1,2,1,E01008053,0
Unvalidated,2024141406999,2024,141406999,4,9,0,18,1,5,0,0,0,0,0,0,2,1,5,2,24,5,-1,-1,-1,-1,8,1,E01032110,0
Unvalidated,2024141406999,2024,141406999,5,9,0,18,1,5,0,0,0,0,0,0,3,1,6,1,23,5,-1,-1,-1,-1,7,3,E01028023,0
Unvalidated,2024141407038,2024,141407038,1,9,0,18,8,4,0,0,0,0,0,0,1,1,2,2,49,8,-1,-1,-1,-1,-1,-1,-1,0
Unvalidated,2024141407038,2024,141407038,2,9,0,18,4,8,0,0,0,0,0,0,3,1,2,1,59,9,-1,-1,-1,-1,6,1,E01007695,0
Unvalidated,2024141407171,2024,141407171,1,9,0,18,6,2,0,0,0,0,0,0,1,1,5,1,81,11,-1,-1,-1,-1,3,1,E01007449,0
Unvalidated,2024141407171,2024,141407171,2,9,0,18,8,6,0,0,0,0,0,0,1,1,1,2,35,6,-1,-1,-1,-1,9,1,E01007617,0
Unvalidated,2024141407192,2024,141407192,1,9,0,16,3,7,0,1,0,0,0,0,1,1,1,2,24,5,-1,-1,-1,-1,9,3,E01007425,0
Unvalidated,2024141407192,2024,141407192,2,98,0,17,7,3,0,1,0,0,0,0,3,1,1,1,42,7,-1,-1,-1,-1,4,1,E01027187,0
Unvalidated,2024141407208,2024,141407208,1,9,0,18,3,7,0,3,5,10,1,2,1,1,6,1,21,5,-1,-1,-1,-1,7,1,E01007836,0
Unvalidated,2024141407267,2024,141407267,1,9,0,1,0,0,9,0,0,0,0,0,2,1,5,2,60,9,-1,-1,-1,-1,6,1,E01007347,0
Unvalidated,2024141407335,2024,141407335,1,9,0,18,2,6,0,0,0,0,0,0,4,1,5,1,47,8,-1,-1,-1,-1,1,1,E01007873,0
Unvalidated,2024141407363,2024,141407363,1,11,0,18,6,2,0,0,0,0,0,0,1,1,6,3,-1,-1,-1,-1,-1,-1,-1,-1,-1,0
Unvalidated,2024141407389,2024,141407389,1,9,0,18,4,7,0,0,5,0,1,7,4,1,1,1,32,6,-1,-1,-1,-1,8,1,E01007527,0
Unvalidated,2024141407582,2024,141407582,1,98,4,4,1,5,0,4,0,0,0,0,1,1,1,1,26,6,-1,-1,-1,-1,2,1,E01007495,0
Unvalidated,2024141407582,2024,141407582,2,9,0,7,5,2,0,3,0,0,0,0,3,1,5,1,45,7,-1,-1,-1,-1,1,1,E01007714,0
Unvalidated,2024141407650,2024,141407650,1,9,0,4,2,6,0,0,0,0,0,0,1,1,1,1,37,7,-1,-1,-1,-1,6,1,E01007725,0
Unvalidated,2024141407650,2024,141407650,2,9,0,18,2,6,0,0,0,0,0,0,2,1,5,1,60,9,-1,-1,-1,-1,1,1,E01008060,0
Unvalidated,2024141407740,2024,141407740,1,9,0,18,7,3,0,8,0,0,0,0,3,1,6,2,28,6,-1,-1,-1,-1,1,1,E01007352,0
Unvalidated,2024141407740,2024,141407740,2,9,0,18,5,1,0,8,0,0,0,0,1,1,6,3,-1,-1,-1,-1,-1,-1,-1,-1,-1,0
Unvalidated,2024141407754,2024,141407754,1,9,0,18,3,7,0,0,0,0,0,0,1,1,6,1,85,11,-1,-1,-1,-1,-1,-1,-1,0
Unvalidated,2024141407796,2024,141407796,1,9,0,13,2,6,0,0,0,12,0,0,4,1,3,2,40,7,-1,-1,-1,-1,4,2,E01007354,0
Unvalidated,2024141407796,2024,141407796,2,1,0,9,2,6,0,0,0,0,0,0,3,1,6,1,36,7,-1,-1,-1,-1,2,2,E01007328,0
Unvalidated,2024141407854,2024,141407854,1,90,0,18,-1,-1,0,0,0,0,0,0,1,1,6,3,-1,-1,-1,-1,-1,-1,-1,-1,-1,0
Unvalidated,2024141407863,2024,141407863,1,9,0,8,7,3,0,0,0,0,0,0,2,1,5,1,66,10,-1,-1,-1,-1,4,1,E01008161,0
Unvalidated,2024141407863,2024,141407863,2,9,0,4,7,3,0,0,0,0,0,0,2,1,6,2,28,6,-1,-1,-1,-1,2,1,E01007348,0
Unvalidated,2024141407863,2024,141407863,3,9,0,7,7,3,0,0,0,0,0,0,1,1,6,2,41,7,-1,-1,-1,-1,2,3,E01007349,0
Unvalidated,2024141407970,2024,141407970,1,9,0,3,4,1,0,6,0,0,0,0,2,1,6,2,33,6,-1,-1,-1,-1,-1,-1,-1,0
Unvalidated,2024141407970,2024,141407970,2,9,0,18,4,8,0,6,0,0,0,0,1,1,6,3,-1,-1,-1,-1,-1,-1,-1,-1,-1,0
Unvalidated,2024141407978,2024,141407978,1,9,0,3,1,5,0,0,0,0,0,0,2,1,6,2,56,9,-1,-1,-1,-1,3,3,E01007720,0
Unvalidated,2024141407978,2024,141407978,2,9,0,18,1,5,0,0,0,0,0,0,1,1,6,3,-1,-1,-1,-1,-1,-1,-1,-1,-1,0
Unvalidated,2024141408069,2024,141408069,1,9,0,18,2,6,0,8,0,0,0,0,1,2,2,2,22,5,-1,-1,-1,-1,5,3,E01018308,0
Unvalidated,2024141408069,2024,141408069,2,9,0,18,4,8,0,8,0,0,0,0,1,2,1,1,67,10,-1,-1,-1,-1,10,1,E01007954,0
Unvalidated,2024141408179,2024,141408179,1,9,0,9,5,4,0,1,0,0,0,0,1,1,2,1,63,9,-1,-1,-1,-1,8,1,E01007839,0
Unvalidated,2024141408179,2024,141408179,2,9,0,18,5,1,0,1,0,0,0,0,1,1,6,3,-1,-1,-1,-1,-1,-1,-1,-1,-1,0
Unvalidated,2024141408190,2024,141408190,1,9,0,18,8,4,0,1,0,0,0,0,3,1,5,2,26,6,-1,-1,-1,-1,2,2,E01007491,0
Unvalidated,2024141408190,2024,141408190,2,9,0,18,6,2,0,1,0,0,0,0,1,1,6,3,-1,-1,-1,-1,-1,-1,-1,-1,-1,0
Unvalidated,2024141408221,2024,141408221,1,9,0,18,1,5,0,0,0,0,0,0,4,1,2,1,30,6,-1,-1,-1,-1,10,1,E01019794,0
Unvalidated,2024141408244,2024,141408244,1,9,0,18,7,3,0,0,1,0,0,0,3,1,2,2,32,6,-1,-1,-1,-1,9,1,E01007618,0
Unvalidated,2024141408244,2024,141408244,2,9,0,13,3,7,0,0,0,0,0,0,1,1,5,1,27,6,-1,-1,-1,-1,1,1,E01007507,0
Unvalidated,2024141408360,2024,141408360,1,9,0,9,5,3,0,8,0,0,0,0,4,1,5,1,23,5,-1,-1,-1,-1,1,1,E01007948,0
Unvalidated,2024141408360,2024,141408360,2,97,0,18,1,5,0,8,0,0,0,0,1,1,5,1,17,4,-1,-1,-1,-1,1,1,E01008094,0
Unvalidated,2024141408370,2024,141408370,1,9,0,3,4,6,0,4,0,0,0,0,2,1,5,2,26,6,-1,-1,-1,-1,2,2,E01007815,0
Unvalidated,2024141408370,2024,141408370,2,9,0,18,4,8,0,1,0,0,0,0,1,1,6,3,-1,-1,-1,-1,-1,-1,-1,-1,-1,0
Unvalidated,2024141408432,2024,141408432,1,9,0,5,5,8,0,0,0,0,0,0,1,1,5,1,19,4,-1,-1,-1,-1,2,1,E01008053,0
Unvalidated,2024141408432,2024,141408432,2,1,0,18,4,8,0,0,5,0,0,0,4,1,6,1,37,7,-1,-1,-1,-1,2,1,E01033270,0
Unvalidated,2024141408443,2024,141408443,1,9,0,18,1,4,0,1,0,0,0,0,1,1,5,1,53,8,-1,-1,-1,-1,3,1,E01007457,0
Unvalidated,2024141408443,2024,141408443,2,1,0,18,2,6,0,1,0,0,0,0,1,1,6,1,11,3,-1,-1,-1,-1,1,1,E01007453,0
Unvalidated,2024141408485,2024,141408485,1,9,0,16,2,6,0,0,5,0,1,0,1,1,1,1,38,7,-1,-1,-1,-1,1,1,E01007626,0
Unvalidated,2024141408488,2024,141408488,1,9,0,7,5,7,0,5,0,0,0,0,1,1,1,1,51,8,-1,-1,-1,-1,8,1,E01007678,0
Unvalidated,2024141408499,2024,141408499,1,9,0,5,2,6,0,1,0,0,0,0,0,1,1,1,39,7,-1,-1,-1,-1,1,1,E01007655,0
Unvalidated,2024141408511,2024,141408511,1,9,0,3,3,7,0,1,0,0,0,0,2,1,6,1,72,10,-1,-1,-1,-1,4,1,E01007479,0
Unvalidated,2024141408511,2024,141408511,2,9,0,18,3,7,0,1,0,0,0,0,1,1,3,2,46,8,-1,-1,-1,-1,5,1,E01033260,0
Unvalidated,2024141408560,2024,141408560,1,9,0,18,1,4,0,1,0,0,0,0,4,1,6,1,64,9,-1,-1,-1,-1,2,1,E01007535,0
Unvalidated,2024141408606,2024,141408606,1,9,0,18,6,2,0,3,0,0,0,0,4,1,6,1,29,6,-1,-1,-1,-1,6,3,E01007787,0
Unvalidated,2024141408606,2024,141408606,2,9,0,18,5,1,0,3,0,0,0,0,3,1,6,3,-1,-1,-1,-1,-1,-1,4,1,E01008150,0
Unvalidated,2024141408631,2024,141408631,1,9,0,14,1,5,0,4,0,4,0,0,1,1,5,1,30,6,-1,-1,-1,-1,10,1,E01023412,0
Unvalidated,2024141408631,2024,141408631,2,9,0,8,5,1,0,3,0,0,0,0,2,1,5,1,30,6,-1,-1,-1,-1,6,2,E01026047,0
Unvalidated,2024141408654,2024,141408654,1,9,0,6,3,7,0,8,0,0,0,0,2,1,5,1,48,8,-1,-1,-1,-1,5,1,E01008105,0
Unvalidated,2024141408654,2024,141408654,2,97,0,18,7,3,0,8,0,0,0,0,1,1,5,1,41,7,-1,-1,-1,-1,4,1,E01008031,0
Unvalidated,2024141408697,2024,141408697,1,9,0,18,1,5,0,1,0,0,0,0,4,1,5,1,19,4,-1,-1,-1,-1,6,1,E01019782,0
Unvalidated,2024141408697,2024,141408697,2,9,0,9,3,7,0,8,0,0,0,0,1,1,6,3,-1,-1,-1,-1,-1,-1,-1,-1,-1,0
Unvalidated,2024141408701,2024,141408701,1,9,0,12,6,2,0,0,1,0,0,0,3,1,6,1,22,5,-1,-1,-1,-1,1,1,E01007735,0
Unvalidated,2024141408701,2024,141408701,2,9,0,18,6,2,0,0,1,0,0,0,4,1,5,1,65,9,-1,-1,-1,-1,9,3,E01011199,0
Unvalidated,2024141408701,2024,141408701,3,9,0,18,6,2,0,0,0,0,0,0,1,1,5,1,53,8,-1,-1,-1,-1,2,1,E01008016,0
Unvalidated,2024141408702,2024,141408702,1,9,0,18,8,5,0,0,0,0,0,0,4,1,6,3,-1,-1,-1,-1,-1,-1,-1,-1,-1,0
Unvalidated,2024141408702,2024,141408702,2,1,0,18,8,5,0,0,5,0,1,0,4,1,6,1,21,5,-1,-1,-1,-1,9,1,E01007711,0
Unvalidated,2024141408712,2024,141408712,1,9,0,16,1,5,0,0,0,0,0,0,1,1,6,2,25,5,-1,-1,-1,-1,1,1,E01010809,0
Unvalidated,2024141408712,2024,141408712,2,9,0,4,1,5,0,0,0,0,0,0,2,1,6,2,35,6,-1,-1,-1,-1,1,1,E01009622,0
Unvalidated,2024141408823,2024,141408823,1,9,0,9,3,7,0,8,0,0,0,0,3,1,5,1,71,10,-1,-1,-1,-1,6,1,E01008020,0
Unvalidated,2024141408823,2024,141408823,2,97,0,17,1,5,0,8,0,0,0,0,1,1,6,1,29,6,-1,-1,-1,-1,2,1,E01008095,0
Unvalidated,2024141408873,2024,141408873,1,9,0,-1,-1,-1,-1,0,-1,-1,-1,0,-1,1,6,3,-1,-1,-1,-1,-1,-1,-1,-1,-1,0
Unvalidated,2024141409030,2024,141409030,1,9,0,18,1,5,0,0,0,0,0,0,1,1,4,2,32,6,-1,-1,-1,-1,7,1,E01032926,0
Unvalidated,2024141409030,2024,141409030,2,9,0,6,5,5,0,0,0,0,0,0,1,1,6,3,-1,-1,-1,-1,-1,-1,-1,-1,-1,0
Unvalidated,2024141409059,2024,141409059,1,9,0,2,0,0,0,1,0,0,0,0,4,1,6,3,-1,-1,-1,-1,-1,-1,-1,-1,-1,0
Unvalidated,2024141409091,2024,141409091,1,9,0,18,5,1,0,2,0,0,0,0,4,1,5,2,75,10,-1,-1,-1,-1,7,1,E01008133,0
Unvalidated,2024141409141,2024,141409141,1,97,0,9,3,1,0,4,2,0,0,0,3,1,6,2,34,6,-1,-1,-1,-1,2,1,E01007579,0
Unvalidated,2024141409141,2024,141409141,2,9,0,18,6,1,0,4,0,0,0,0,1,1,6,1,38,7,-1,-1,-1,-1,3,1,E01007368,0
Unvalidated,2024141409143,2024,141409143,1,9,0,18,5,1,0,1,0,0,0,0,1,1,5,1,26,6,-1,-1,-1,-1,2,1,E01007872,0
Unvalidated,2024141409148,2024,141409148,1,9,0,9,1,7,0,1,2,0,0,0,4,1,6,3,-1,-1,-1,-1,-1,-1,-1,-1,-1,0
Unvalidated,2024141409148,2024,141409148,2,97,0,18,5,1,0,1,0,0,0,0,1,1,6,1,16,4,-1,-1,-1,-1,9,2,E01019790,0
Unvalidated,2024141409156,2024,141409156,1,9,0,17,1,5,0,0,0,0,1,0,4,1,2,1,41,7,-1,-1,-1,-1,-1,-1,-1,0
Unvalidated,2024141409274,2024,141409274,1,9,0,9,6,4,0,1,0,0,0,0,1,1,6,1,19,4,-1,-1,-1,-1,1,1,E01007944,0
Unvalidated,2024141409410,2024,141409410,1,9,0,9,1,3,0,8,0,0,0,0,1,1,5,1,57,9,-1,-1,-1,-1,1,1,E01008062,0
Unvalidated,2024141409410,2024,141409410,2,9,0,18,1,5,0,8,0,0,0,0,1,1,6,2,-1,-1,-1,-1,-1,-1,-1,-1,-1,0
Unvalidated,2024141409595,2024,141409595,1,9,0,7,1,4,0,1,1,10,0,0,1,1,5,1,29,6,-1,-1,-1,-1,2,1,E01007942,0
Unvalidated,2024141409595,2024,141409595,2,9,0,8,1,4,0,1,0,0,0,0,3,1,5,1,42,7,-1,-1,-1,-1,7,1,E01008133,0
Unvalidated,2024141409920,2024,141409920,1,9,0,11,5,1,0,1,0,10,4,0,1,1,6,2,32,6,-1,-1,-1,-1,3,1,E01007969,0
Unvalidated,2024141410015,2024,141410015,1,9,0,4,7,3,0,1,0,0,0,0,1,1,1,2,58,9,-1,-1,-1,-1,9,3,E01011117,0
Unvalidated,2024141410022,2024,141410022,1,9,0,9,5,3,0,8,0,0,0,0,1,1,5,1,27,6,-1,-1,-1,-1,1,1,E01007913,0
Unvalidated,2024141410022,2024,141410022,2,1,0,18,3,7,0,1,0,0,0,0,1,1,6,1,44,7,-1,-1,-1,-1,1,1,E01008086,0
Unvalidated,2024141410459,2024,141410459,1,98,0,1,4,4,0,0,0,0,0,0,2,1,6,3,-1,-1,-1,-1,-1,-1,-1,-1,-1,0
Unvalidated,2024141410459,2024,141410459,2,9,0,6,4,8,0,0,0,0,0,0,4,1,1,1,46,8,-1,-1,-1,-1,4,1,E01033264,0
Unvalidated,2024141410641,2024,141410641,1,9,0,18,8,4,0,0,0,0,0,0,1,1,2,2,65,9,-1,-1,-1,-1,4,1,E01007537,0
Unvalidated,2024141410641,2024,141410641,2,9,0,15,4,8,0,0,0,0,0,0,3,1,6,3,-1,-1,-1,-1,-1,-1,-1,-1,-1,0
Unvalidated,2024141410724,2024,141410724,1,9,0,4,5,1,0,0,0,2,1,1,1,1,5,1,46,8,-1,-1,-1,-1,-1,-1,-1,0
Unvalidated,2024141410724,2024,141410724,2,98,0,18,5,1,0,0,0,0,0,0,4,1,1,1,34,6,-1,-1,-1,-1,8,3,E01011561,0
Unvalidated,2024141410724,2024,141410724,3,9,0,18,5,1,0,0,0,2,0,0,4,1,6,1,38,7,-1,-1,-1,-1,9,1,E01019621,0
Unvalidated,2024141410778,2024,141410778,1,9,0,18,7,3,0,1,0,0,0,0,3,1,6,1,71,10,-1,-1,-1,-1,7,2,E01019802,0
Unvalidated,2024141410778,2024,141410778,2,97,0,18,7,3,0,1,0,0,0,0,1,1,6,3,-1,-1,-1,-1,-1,-1,-1,-1,-1,0
Unvalidated,2024141410819,2024,141410819,1,97,0,18,5,1,0,0,0,0,0,0,1,1,5,1,17,4,-1,-1,-1,-1,4,1,E01007641,0
Unvalidated,2024141410819,2024,141410819,2,9,0,5,1,5,0,0,0,0,0,0,3,1,6,1,-1,-1,-1,-1,-1,-1,1,1,E01007532,0