status,collision_index,collision_year,collision_reference,vehicle_reference,vehicle_type,towing_and_articulation,vehicle_manoeuvre,vehicle_direction_from,vehicle_direction_to,vehicle_location_restricted_lane,junction_location,skidding_and_overturning,hit_object_in_carriageway,vehicle_leaving_carriageway,hit_object_off_carriageway,first_point_of_impact,vehicle_left_hand_drive,journey_purpose_of_driver,sex_of_driver,age_of_driver,age_band_of_driver,engine_capacity_cc,propulsion_code,age_of_vehicle,generic_make_model,driver_imd_decile,driver_home_area_type,lsoa_of_driver,escooter_flag
Unvalidated,2024141410831,2024,141410831,1,98,0,18,4,1,0,1,0,0,0,0,1,1,1,1,53,8,-1,-1,-1,-1,9,1,E01007898,0
Unvalidated,2024141410831,2024,141410831,2,9,0,9,6,4,0,2,0,0,0,0,1,1,6,1,70,10,-1,-1,-1,-1,9,2,E01007432,0
Unvalidated,2024141410993,2024,141410993,1,9,0,1,3,7,0,0,0,0,0,0,0,1,5,1,55,8,-1,-1,-1,-1,4,3,E01007559,0
Unvalidated,2024141410993,2024,141410993,2,1,0,4,3,7,0,0,0,0,0,0,1,1,5,1,-1,-1,-1,-1,-1,-1,9,2,E01013077,0
Unvalidated,2024141411041,2024,141411041,1,9,0,18,1,5,0,2,0,0,0,0,2,1,5,1,35,6,-1,-1,-1,-1,1,1,E01007764,0
Unvalidated,2024141411041,2024,141411041,2,22,0,18,7,4,0,2,0,0,0,0,1,1,5,2,78,11,-1,-1,-1,-1,2,1,E01007759,0
Unvalidated,2024141411050,2024,141411050,1,9,0,17,5,1,0,0,0,0,0,0,3,1,5,1,51,8,-1,-1,-1,-1,6,2,E01007586,0
Unvalidated,2024141411050,2024,141411050,2,9,0,16,7,5,0,0,0,0,0,0,1,1,5,1,28,6,-1,-1,-1,-1,4,1,E01007576,0
Unvalidated,2024141411071,2024,141411071,1,9,0,9,1,7,0,8,0,0,0,0,2,1,1,1,43,7,-1,-1,-1,-1,2,1,E01008112,0
Unvalidated,2024141411071,2024,141411071,2,9,0,9,1,7,0,1,0,0,0,0,1,1,6,3,36,7,-1,-1,-1,-1,-1,-1,-1,0
Unvalidated,2024141411131,2024,141411131,1,9,0,18,6,2,0,0,0,4,0,0,1,1,5,2,20,4,-1,-1,-1,-1,3,1,E01019028,0
Unvalidated,2024141411131,2024,141411131,2,9,0,2,0,0,6,0,0,4,0,0,2,1,6,3,-1,-1,-1,-1,-1,-1,-1,-1,-1,0
Unvalidated,2024141411131,2024,141411131,3,9,0,2,0,0,6,0,0,4,0,0,2,1,6,3,-1,-1,-1,-1,-1,-1,-1,-1,-1,0
Unvalidated,2024141411141,2024,141411141,1,9,0,18,1,5,9,0,1,0,1,0,2,1,5,1,33,6,-1,-1,-1,-1,4,1,E01007479,0
Unvalidated,2024141411148,2024,141411148,1,9,0,18,6,2,9,2,0,0,3,0,1,1,5,1,19,4,-1,-1,-1,-1,4,1,E01007675,0
Unvalidated,2024141411210,2024,141411210,1,9,0,3,3,7,0,4,0,0,0,0,2,1,6,1,25,5,-1,-1,-1,-1,7,1,E01007689,0
Unvalidated,2024141411210,2024,141411210,2,9,0,18,3,7,0,4,0,0,0,0,1,1,6,3,-1,-1,-1,-1,-1,-1,-1,-1,-1,0
Unvalidated,2024141411221,2024,141411221,1,9,0,18,4,7,0,0,0,0,0,0,2,1,5,1,72,10,-1,-1,-1,-1,5,2,E01019803,0
Unvalidated,2024141411221,2024,141411221,2,9,0,18,4,7,0,0,0,0,0,0,1,1,6,3,-1,-1,-1,-1,-1,-1,-1,-1,-1,0
Unvalidated,2024141411246,2024,141411246,1,90,0,18,6,2,0,8,0,7,0,0,1,1,1,2,28,6,-1,-1,-1,-1,4,3,E01013076,0
Unvalidated,2024141411246,2024,141411246,2,9,0,4,6,2,0,2,0,0,0,0,2,1,5,2,25,5,-1,-1,-1,-1,1,1,E01007913,0
Unvalidated,2024141411614,2024,141411614,1,97,0,18,1,5,0,0,0,0,0,0,1,1,6,1,-1,-1,-1,-1,-1,-1,-1,-1,-1,0
Unvalidated,2024141411614,2024,141411614,2,98,0,18,1,5,0,0,0,0,0,0,2,1,1,1,39,7,-1,-1,-1,-1,1,1,E01011148,0
Unvalidated,2024141411650,2024,141411650,1,97,0,9,5,1,0,8,5,0,0,0,4,1,5,1,22,5,-1,-1,-1,-1,6,1,E01007838,0
Unvalidated,2024141411650,2024,141411650,2,9,0,18,1,5,0,8,0,0,0,0,1,1,6,3,-1,-1,-1,-1,-1,-1,-1,-1,-1,0
Unvalidated,2024141411708,2024,141411708,1,9,0,18,8,4,0,1,0,0,0,0,3,1,1,1,41,7,-1,-1,-1,-1,1,1,E01007902,0
Unvalidated,2024141411730,2024,141411730,1,98,0,5,1,5,0,2,0,0,0,0,3,1,1,1,60,9,-1,-1,-1,-1,10,1,E01011894,0
Unvalidated,2024141411730,2024,141411730,2,9,0,18,5,1,0,1,0,0,0,0,1,1,5,1,32,6,-1,-1,-1,-1,8,1,E01007362,0
Unvalidated,2024141411768,2024,141411768,1,9,0,9,3,1,0,1,0,0,0,0,1,1,5,1,20,4,-1,-1,-1,-1,1,1,E01033269,0
Unvalidated,2024141411768,2024,141411768,2,9,0,18,7,3,0,1,0,0,0,0,1,1,5,2,64,9,-1,-1,-1,-1,3,1,E01007895,0
Unvalidated,2024141411887,2024,141411887,1,9,0,18,7,3,0,0,0,0,0,0,1,1,6,1,54,8,-1,-1,-1,-1,1,1,E01007563,0
Unvalidated,2024141412170,2024,141412170,1,9,0,18,8,4,0,0,0,0,1,0,1,1,6,1,47,8,-1,-1,-1,-1,7,1,E01007358,0
Unvalidated,2024141412170,2024,141412170,2,9,0,18,4,8,0,0,0,0,0,0,1,1,5,1,43,7,-1,-1,-1,-1,4,1,E01007444,0
Unvalidated,2024141412170,2024,141412170,3,9,0,2,0,0,0,0,0,0,0,0,3,1,6,3,-1,-1,-1,-1,-1,-1,-1,-1,-1,0
Unvalidated,2024141412170,2024,141412170,4,9,0,2,0,0,0,0,0,0,0,0,1,1,6,3,-1,-1,-1,-1,-1,-1,-1,-1,-1,0
Unvalidated,2024141412180,2024,141412180,1,9,0,18,3,7,0,1,0,0,0,0,1,1,1,2,27,6,-1,-1,-1,-1,1,1,E01007877,0
Unvalidated,2024141412180,2024,141412180,2,1,0,18,1,6,0,8,5,0,1,0,1,1,6,2,18,4,-1,-1,-1,-1,1,1,E01007883,0
Unvalidated,2024141412193,2024,141412193,1,9,0,18,3,7,0,8,0,0,7,5,4,1,5,1,17,4,-1,-1,-1,-1,10,1,E01007923,0
Unvalidated,2024141412193,2024,141412193,2,9,0,7,5,7,0,8,0,0,0,0,3,1,2,1,31,6,-1,-1,-1,-1,5,3,E01008136,0
Unvalidated,2024141412205,2024,141412205,1,9,0,16,1,5,0,0,0,4,0,0,1,1,5,1,22,5,-1,-1,-1,-1,9,1,E01019589,0
Unvalidated,2024141412205,2024,141412205,2,9,0,2,1,5,0,0,1,0,1,11,1,1,6,3,-1,-1,-1,-1,-1,-1,-1,-1,-1,0
Unvalidated,2024141412216,2024,141412216,1,9,0,18,4,8,0,0,1,0,0,0,2,1,6,3,18,4,-1,-1,-1,-1,-1,-1,-1,0
Unvalidated,2024141412216,2024,141412216,2,9,0,18,1,4,0,0,0,0,0,0,1,1,2,1,50,8,-1,-1,-1,-1,3,1,E01008063,0
Unvalidated,2024141412216,2024,141412216,3,9,0,18,8,4,0,0,0,0,0,0,3,1,6,1,29,6,-1,-1,-1,-1,1,1,E01008094,0
Unvalidated,2024141412254,2024,141412254,1,9,0,7,6,7,0,0,0,0,0,0,2,1,3,1,79,11,-1,-1,-1,-1,2,1,E01007495,0
Unvalidated,2024141412254,2024,141412254,2,9,0,18,6,2,0,0,0,0,0,0,1,1,6,3,-1,-1,-1,-1,-1,-1,-1,-1,-1,0
Unvalidated,2024141412274,2024,141412274,1,9,0,18,2,8,0,1,5,6,0,0,1,1,5,2,65,9,-1,-1,-1,-1,10,1,E01007923,0
Unvalidated,2024141412274,2024,141412274,2,9,0,7,2,4,0,5,0,0,0,0,2,1,5,1,47,8,-1,-1,-1,-1,6,1,E01008046,0
Unvalidated,2024141412346,2024,141412346,1,9,0,5,1,7,0,4,0,0,0,0,1,1,1,1,45,7,-1,-1,-1,-1,9,1,E01007960,0
Unvalidated,2024141412346,2024,141412346,2,1,0,5,7,1,0,2,0,0,0,0,1,1,2,1,54,8,-1,-1,-1,-1,2,1,E01007855,0
Unvalidated,2024141412452,2024,141412452,1,9,0,11,5,1,0,8,0,0,0,0,4,1,6,2,20,4,-1,-1,-1,-1,8,2,E01013807,0
Unvalidated,2024141412452,2024,141412452,2,1,0,18,5,1,0,8,2,0,0,0,4,1,6,1,-1,-1,-1,-1,-1,-1,-1,-1,-1,0
Unvalidated,2024141412587,2024,141412587,1,9,0,18,4,8,0,1,0,0,0,0,4,1,6,1,34,6,-1,-1,-1,-1,2,1,E01007767,0
Unvalidated,2024141412600,2024,141412600,1,9,0,18,3,7,0,4,0,0,0,0,3,1,1,1,58,9,-1,-1,-1,-1,1,1,E01011838,0
Unvalidated,2024141412600,2024,141412600,2,1,0,18,1,5,0,4,0,0,0,0,4,1,5,1,59,9,-1,-1,-1,-1,-1,-1,-1,0
Unvalidated,2024141412629,2024,141412629,1,9,0,9,5,3,0,6,0,0,0,0,1,2,6,2,45,7,-1,-1,-1,-1,2,1,E01008016,0
Unvalidated,2024141412629,2024,141412629,2,1,0,18,3,8,0,8,0,0,0,0,1,1,6,1,54,8,-1,-1,-1,-1,4,1,E01008142,0
Unvalidated,2024141412762,2024,141412762,1,9,0,18,7,3,0,0,2,0,1,0,1,1,6,2,31,6,-1,-1,-1,-1,1,1,E01011081,0
Unvalidated,2024141412813,2024,141412813,1,9,0,9,8,7,0,1,0,0,0,0,1,1,6,3,-1,-1,-1,-1,-1,-1,-1,-1,-1,0
Unvalidated,2024141412840,2024,141412840,1,9,0,18,1,5,0,0,0,0,0,0,2,1,1,2,45,7,-1,-1,-1,-1,4,1,E01007567,0
Unvalidated,2024141412840,2024,141412840,2,9,0,18,1,5,0,0,0,0,0,0,1,1,1,1,36,7,-1,-1,-1,-1,1,1,E01007549,0
Unvalidated,2024141412940,2024,141412940,1,90,0,18,3,7,9,0,2,0,0,0,1,1,6,3,-1,-1,-1,-1,-1,-1,-1,-1,-1,1
Unvalidated,2024141412998,2024,141412998,1,9,0,9,6,3,0,5,0,0,0,0,1,1,6,3,-1,-1,-1,-1,-1,-1,-1,-1,-1,0
Unvalidated,2024141412998,2024,141412998,2,1,0,18,2,6,0,1,0,0,0,0,2,1,5,2,59,9,-1,-1,-1,-1,10,1,E01007939,0
Unvalidated,2024141413013,2024,141413013,1,9,0,18,3,7,0,0,5,0,1,0,1,1,6,1,51,8,-1,-1,-1,-1,5,1,E01007558,0
Unvalidated,2024141413020,2024,141413020,1,97,0,18,3,7,0,6,1,0,0,0,1,1,6,1,29,6,-1,-1,-1,-1,3,1,E01007337,0
Unvalidated,2024141413020,2024,141413020,2,9,0,18,5,1,0,2,0,0,0,0,1,1,5,1,62,9,-1,-1,-1,-1,5,1,E01007331,0
Unvalidated,2024141413052,2024,141413052,1,9,0,3,1,5,0,0,0,0,0,0,2,1,5,1,55,8,-1,-1,-1,-1,8,1,E01011630,0
Unvalidated,2024141413052,2024,141413052,2,9,0,3,1,5,0,0,0,0,0,0,2,1,1,1,51,8,-1,-1,-1,-1,4,1,E01007436,0
Unvalidated,2024141413052,2024,141413052,3,9,0,16,1,5,0,0,0,0,0,0,1,1,5,1,33,6,-1,-1,-1,-1,2,1,E01011866,0
Unvalidated,2024141413078,2024,141413078,1,9,0,17,5,1,0,2,0,0,0,0,1,1,6,2,21,5,-1,-1,-1,-1,9,1,E01008159,0
Unvalidated,2024141413084,2024,141413084,1,9,0,18,4,8,9,0,1,0,2,11,1,1,5,1,28,6,-1,-1,-1,-1,1,1,E01007877,0
Unvalidated,2024141413254,2024,141413254,1,9,0,18,6,2,0,8,0,0,0,0,1,1,2,1,25,5,-1,-1,-1,-1,7,1,E01007658,0
Unvalidated,2024141413254,2024,141413254,2,9,0,7,8,2,0,6,0,0,0,0,1,1,5,1,77,11,-1,-1,-1,-1,1,2,E01007474,0
Unvalidated,2024141413268,2024,141413268,1,1,0,18,5,1,0,6,5,0,1,0,1,1,1,1,15,3,-1,-1,-1,-1,1,1,E01007338,0
Unvalidated,2024141413268,2024,141413268,2,9,0,18,3,7,0,1,0,0,0,0,1,1,6,1,-1,-1,-1,-1,-1,-1,-1,-1,-1,0
Unvalidated,2024141413290,2024,141413290,1,9,0,18,6,2,0,0,0,0,0,0,1,1,6,1,65,9,-1,-1,-1,-1,3,1,E01007514,0
Unvalidated,2024141413340,2024,141413340,1,9,0,15,7,3,0,0,0,0,0,0,1,1,6,1,28,6,-1,-1,-1,-1,3,1,E01007793,0
Unvalidated,2024141413340,2024,141413340,2,9,0,2,0,0,0,0,0,0,0,0,2,1,6,1,31,6,-1,-1,-1,-1,5,1,E01007681,0
Unvalidated,2024141413340,2024,141413340,3,9,0,18,3,7,0,0,0,0,0,0,1,1,6,2,80,11,-1,-1,-1,-1,5,1,E01007681,0
Unvalidated,2024141413378,2024,141413378,1,9,0,17,6,2,0,1,0,0,1,4,1,1,6,2,59,9,-1,-1,-1,-1,9,1,E01028059,0
Unvalidated,2024141413378,2024,141413378,2,9,0,9,2,8,0,5,0,0,0,0,3,1,5,2,80,11,-1,-1,-1,-1,6,1,E01007560,0
Unvalidated,2024141413459,2024,141413459,1,9,0,17,4,8,0,0,0,0,1,4,1,1,5,2,17,4,-1,-1,-1,-1,3,1,E01007807,0
Unvalidated,2024141413486,2024,141413486,1,11,0,18,7,3,0,0,0,0,0,0,1,1,1,1,70,10,-1,-1,-1,-1,1,1,E01008096,0
Unvalidated,2024141413623,2024,141413623,1,9,0,18,8,4,0,1,0,0,0,0,1,1,5,2,65,9,-1,-1,-1,-1,9,2,E01013016,0
Unvalidated,2024141413623,2024,141413623,2,9,0,18,2,6,0,1,0,0,0,0,3,1,5,2,53,8,-1,-1,-1,-1,2,2,E01007470,0
Unvalidated,2024141413729,2024,141413729,1,9,0,9,7,4,0,5,0,0,0,0,1,1,6,3,-1,-1,-1,-1,-1,-1,-1,-1,-1,0
Unvalidated,2024141413733,2024,141413733,1,9,0,18,3,7,0,0,0,0,1,4,1,1,5,1,20,4,-1,-1,-1,-1,3,1,E01007812,0
Unvalidated,2024141413733,2024,141413733,2,9,0,18,3,7,0,0,0,0,0,0,2,1,5,1,21,5,-1,-1,-1,-1,7,1,E01028830,0
Unvalidated,2024141413733,2024,141413733,3,9,0,18,3,7,0,0,0,0,0,0,2,1,5,1,53,8,-1,-1,-1,-1,8,1,E01028047,0
Unvalidated,2024141413745,2024,141413745,1,9,0,13,6,2,0,0,0,0,0,0,4,1,6,3,-1,-1,-1,-1,-1,-1,-1,-1,-1,0
Unvalidated,2024141413745,2024,141413745,2,9,0,18,6,2,0,0,0,0,0,0,3,1,5,1,39,7,-1,-1,-1,-1,1,1,E01008076,0
Unvalidated,2024141413745,2024,141413745,3,9,0,18,2,6,0,0,0,0,0,0,3,1,5,1,75,10,-1,-1,-1,-1,1,1,E01008076,0
Unvalidated,2024141413769,2024,141413769,1,98,0,6,2,6,0,0,0,0,0,0,3,1,5,1,24,5,-1,-1,-1,-1,8,1,E01007818,0
Unvalidated,2024141413769,2024,141413769,2,9,0,18,2,6,0,0,0,0,0,0,1,1,5,1,89,11,-1,-1,-1,-1,6,3,E01007750,0
Unvalidated,2024141413793,2024,141413793,1,9,0,18,1,5,0,0,5,11,0,0,4,1,6,1,47,8,-1,-1,-1,-1,8,1,E01014195,0
Unvalidated,2024141413794,2024,141413794,1,9,0,18,5,1,0,2,0,0,0,0,1,1,6,1,19,4,-1,-1,-1,-1,1,1,E01007949,0
Unvalidated,2024141413794,2024,141413794,2,9,0,2,0,0,9,2,5,4,1,0,2,1,6,3,-1,-1,-1,-1,-1,-1,-1,-1,-1,0
Unvalidated,2024141413828,2024,141413828,1,9,0,10,3,7,0,1,0,0,0,0,2,1,6,2,21,5,-1,-1,-1,-1,1,2,E01007472,0
Unvalidated,2024141413828,2024,141413828,2,9,0,18,3,4,0,1,0,0,0,0,-1,1,6,3,-1,-1,-1,-1,-1,-1,-1,-1,-1,0
Unvalidated,2024141413926,2024,141413926,1,9,0,18,1,5,0,1,0,0,0,0,1,1,5,1,81,11,-1,-1,-1,-1,3,1,E01007357,0
Unvalidated,2024141413926,2024,141413926,2,97,0,18,3,7,0,1,0,0,0,0,2,1,5,1,16,4,-1,-1,-1,-1,1,1,E01007403,0
Unvalidated,2024141414009,2024,141414009,1,97,0,18,3,7,0,8,0,0,0,0,1,1,6,1,38,7,-1,-1,-1,-1,1,2,E01007332,0
Unvalidated,2024141414009,2024,141414009,2,9,0,5,5,1,0,6,0,0,0,0,1,1,6,1,38,7,-1,-1,-1,-1,5,1,E01007505,0
Unvalidated,2024141414033,2024,141414033,1,9,0,16,2,4,0,0,0,0,0,0,3,1,5,2,23,5,-1,-1,-1,-1,2,1,E01007804,0
Unvalidated,2024141414103,2024,141414103,1,9,0,4,7,3,0,0,0,0,0,0,2,1,2,2,35,6,-1,-1,-1,-1,9,3,E01007425,0
Unvalidated,2024141414103,2024,141414103,2,9,0,4,7,3,0,0,0,0,0,0,1,1,2,1,40,7,-1,-1,-1,-1,6,3,E01007426,0
Unvalidated,2024141414323,2024,141414323,1,9,0,18,1,5,0,4,0,0,0,0,1,1,6,1,46,8,-1,-1,-1,-1,4,1,E01007353,0
Unvalidated,2024141414323,2024,141414323,2,1,0,18,3,7,0,8,0,0,0,0,3,1,2,1,-1,-1,-1,-1,-1,-1,1,1,E01007453,0
Unvalidated,2024141414350,2024,141414350,1,9,0,18,4,8,0,8,0,0,1,10,2,2,1,1,43,7,-1,-1,-1,-1,8,1,E01007561,0
Unvalidated,2024141414350,2024,141414350,2,9,0,18,6,1,0,4,0,0,0,0,1,1,6,1,58,9,-1,-1,-1,-1,6,1,E01013302,0
Unvalidated,2024141414399,2024,141414399,1,90,0,9,7,3,0,0,0,0,0,0,2,1,3,1,57,9,-1,-1,-1,-1,3,1,E01007480,0
Unvalidated,2024141414399,2024,141414399,2,90,0,4,7,3,0,0,1,0,0,0,1,1,1,1,48,8,-1,-1,-1,-1,1,2,E01007332,0
Unvalidated,2024141414431,2024,141414431,1,9,0,18,4,8,0,0,0,0,0,0,1,1,6,2,31,6,-1,-1,-1,-1,10,2,E01007430,0
Unvalidated,2024141414431,2024,141414431,2,9,0,18,4,8,0,0,0,0,0,0,2,1,1,2,33,6,-1,-1,-1,-1,3,1,E01007449,0
Unvalidated,2024141414532,2024,141414532,1,9,0,9,5,1,0,1,0,0,0,0,3,1,5,2,28,6,-1,-1,-1,-1,8,3,E01028000,0
Unvalidated,2024141414532,2024,141414532,2,9,0,7,3,5,0,6,0,0,0,0,1,1,6,3,-1,-1,-1,-1,-1,-1,-1,-1,-1,0
Unvalidated,2024141414618,2024,141414618,1,97,0,18,6,2,0,0,2,0,0,0,3,1,5,1,20,4,-1,-1,-1,-1,2,1,E01007782,0
Unvalidated,2024141414618,2024,141414618,2,9,0,13,2,6,0,0,0,0,0,0,1,1,6,3,-1,-1,-1,-1,-1,-1,-1,-1,-1,0
Unvalidated,2024141414667,2024,141414667,1,9,0,7,5,7,0,8,0,0,0,0,1,1,2,1,34,6,-1,-1,-1,-1,9,1,E01008038,0
Unvalidated,2024141414667,2024,141414667,2,9,0,18,3,7,0,8,0,0,0,0,1,1,6,3,-1,-1,-1,-1,-1,-1,-1,-1,-1,0
Unvalidated,2024141414804,2024,141414804,1,9,0,9,4,4,0,8,0,0,0,0,1,1,5,1,49,8,-1,-1,-1,-1,4,1,E01007536,0
Unvalidated,2024141414806,2024,141414806,1,9,0,9,5,3,0,6,0,0,0,0,1,1,5,2,84,11,-1,-1,-1,-1,5,1,E01007762,0
Unvalidated,2024141414806,2024,141414806,2,97,0,18,3,7,0,1,5,0,0,0,4,1,5,1,16,4,-1,-1,-1,-1,1,1,E01008054,0
Unvalidated,2024141414895,2024,141414895,1,9,0,9,5,7,0,8,0,0,0,0,1,1,2,2,30,6,-1,-1,-1,-1,2,1,E01007881,0
Unvalidated,2024141414895,2024,141414895,2,1,0,18,5,1,0,1,0,0,0,0,1,1,2,2,56,9,-1,-1,-1,-1,5,1,E01008042,0
Unvalidated,2024141415055,2024,141415055,1,9,0,18,4,1,0,8,0,0,0,0,1,1,1,2,25,5,-1,-1,-1,-1,2,1,E01007579,0
Unvalidated,2024141415055,2024,141415055,2,98,0,18,6,2,0,8,0,0,0,0,3,1,6,1,49,8,-1,-1,-1,-1,2,1,E01007522,0
Unvalidated,2024141415173,2024,141415173,1,9,0,18,6,3,0,1,0,0,0,0,4,1,2,2,38,7,-1,-1,-1,-1,7,1,E01007582,0
Unvalidated,2024141415173,2024,141415173,2,9,0,18,3,6,0,1,0,0,0,0,1,1,2,2,18,4,-1,-1,-1,-1,9,1,E01007618,0
Unvalidated,2024141415183,2024,141415183,1,9,0,14,4,1,0,2,0,0,0,0,1,2,5,1,60,9,-1,-1,-1,-1,7,1,E01007684,0
Unvalidated,2024141415183,2024,141415183,2,9,0,2,0,0,0,2,0,0,0,0,2,2,6,3,-1,-1,-1,-1,-1,-1,-1,-1,-1,0
Unvalidated,2024141415195,2024,141415195,1,9,0,18,3,7,0,1,0,0,0,0,1,1,1,1,42,7,-1,-1,-1,-1,1,1,E01033269,0
Unvalidated,2024141415214,2024,141415214,1,11,0,18,3,1,0,8,0,0,0,0,1,1,1,2,63,9,-1,-1,-1,-1,-1,-1,-1,0
Unvalidated,2024141415214,2024,141415214,2,9,0,18,7,3,0,4,0,0,0,0,3,1,5,2,65,9,-1,-1,-1,-1,-1,-1,-1,0
Unvalidated,2024141415221,2024,141415221,1,9,0,5,1,1,0,1,0,0,0,0,2,1,2,2,51,8,-1,-1,-1,-1,1,1,E01007566,0
Unvalidated,2024141415221,2024,141415221,2,9,0,18,1,1,0,1,0,0,0,0,1,1,6,2,34,6,-1,-1,-1,-1,1,1,E01007597,0
Unvalidated,2024141415258,2024,141415258,1,9,0,18,8,4,0,0,0,0,1,0,1,1,6,3,-1,-1,-1,-1,-1,-1,-1,-1,-1,0
Unvalidated,2024141415258,2024,141415258,2,9,0,5,8,4,0,0,0,0,1,0,2,1,6,2,-1,-1,-1,-1,-1,-1,3,2,E01007351,0
Unvalidated,2024141415334,2024,141415334,1,9,0,7,8,3,0,6,0,0,0,0,4,1,6,3,-1,-1,-1,-1,-1,-1,-1,-1,-1,0
Unvalidated,2024141415334,2024,141415334,2,1,0,18,2,2,4,1,0,0,0,0,1,1,2,1,32,6,-1,-1,-1,-1,4,1,E01007647,0
Unvalidated,2024141415431,2024,141415431,1,9,0,18,3,7,0,0,0,0,0,0,1,1,6,3,30,6,-1,-1,-1,-1,-1,-1,-1,0
Unvalidated,2024141415542,2024,141415542,1,9,0,18,7,3,0,1,0,0,0,0,2,1,6,2,31,6,-1,-1,-1,-1,7,1,E01007798,0
Unvalidated,2024141415542,2024,141415542,2,9,0,18,7,3,0,8,0,0,0,0,1,1,6,3,-1,-1,-1,-1,-1,-1,-1,-1,-1,0
Unvalidated,2024141415603,2024,141415603,1,9,0,18,7,3,0,1,0,0,0,0,1,1,6,1,30,6,-1,-1,-1,-1,8,1,E01007868,0
Unvalidated,2024141415603,2024,141415603,2,98,0,9,8,6,0,2,0,0,0,0,3,1,1,1,47,8,-1,-1,-1,-1,5,1,E01008105,0
Unvalidated,2024141415887,2024,141415887,1,9,0,18,3,7,0,0,0,0,0,0,3,1,5,2,52,8,-1,-1,-1,-1,9,1,E01007475,0
Unvalidated,2024141415887,2024,141415887,2,9,0,18,7,3,0,0,1,0,0,0,1,1,5,1,57,9,-1,-1,-1,-1,9,2,E01019614,0
Unvalidated,2024141415912,2024,141415912,1,9,0,18,4,8,0,0,0,0,0,0,1,1,2,2,19,4,-1,-1,-1,-1,7,1,E01007400,0
Unvalidated,2024141415912,2024,141415912,2,9,0,18,8,4,0,0,0,0,0,0,1,1,5,1,62,9,-1,-1,-1,-1,2,1,E01007343,0
Unvalidated,2024141415919,2024,141415919,1,9,0,18,1,5,0,0,0,0,0,0,2,1,1,2,65,9,-1,-1,-1,-1,8,2,E01019806,0
Unvalidated,2024141415919,2024,141415919,2,9,0,18,1,5,0,0,0,0,0,0,1,1,6,3,-1,-1,-1,-1,-1,-1,-1,-1,-1,0
Unvalidated,2024141415932,2024,141415932,1,9,0,18,6,1,0,4,0,0,0,0,1,1,5,2,31,6,-1,-1,-1,-1,1,1,E01008061,0
Unvalidated,2024141415932,2024,141415932,2,9,0,18,3,8,0,4,0,0,0,0,1,1,6,1,52,8,-1,-1,-1,-1,8,1,E01007988,0
Unvalidated,2024141415936,2024,141415936,1,11,0,4,6,2,0,0,0,0,0,0,0,1,1,1,54,8,-1,-1,-1,-1,2,1,E01007451,0
Unvalidated,2024141415936,2024,141415936,2,9,0,16,3,6,9,0,0,0,0,0,0,1,6,1,25,5,-1,-1,-1,-1,4,3,E01007330,0
Unvalidated,2024141415947,2024,141415947,1,9,0,15,-1,-1,0,0,-1,0,-1,0,-1,1,6,3,-1,-1,-1,-1,-1,-1,-1,-1,-1,0
Unvalidated,2024141415947,2024,141415947,2,9,0,18,5,1,0,0,0,0,0,0,4,1,5,1,77,11,-1,-1,-1,-1,7,1,E01007741,0
Unvalidated,2024141415947,2024,141415947,3,9,0,18,5,1,0,0,0,0,0,0,4,1,6,3,-1,-1,-1,-1,-1,-1,-1,-1,-1,0
Unvalidated,2024141415947,2024,141415947,4,9,0,18,5,1,0,0,0,0,0,0,4,1,5,2,34,6,-1,-1,-1,-1,1,1,E01007732,0
Unvalidated,2024141415993,2024,141415993,1,9,0,18,5,1,0,0,0,0,0,0,2,1,5,2,25,5,-1,-1,-1,-1,-1,-1,-1,0
Unvalidated,2024141415993,2024,141415993,2,9,0,18,5,1,0,0,0,0,1,0,1,1,5,1,85,11,-1,-1,-1,-1,8,1,E01007606,0
Unvalidated,2024141416096,2024,141416096,1,9,0,18,3,7,0,1,0,0,0,0,4,1,5,1,32,6,-1,-1,-1,-1,-1,-1,-1,0
Unvalidated,2024141416096,2024,141416096,2,9,0,7,5,3,0,6,0,0,0,0,3,1,1,1,42,7,-1,-1,-1,-1,2,1,E01007448,0
Unvalidated,2024141416196,2024,141416196,1,9,0,9,5,3,0,0,0,0,0,0,1,1,6,2,18,4,-1,-1,-1,-1,5,1,E01007887,0
Unvalidated,2024141416196,2024,141416196,32,23,0,18,3,7,0,0,5,0,7,0,1,1,6,3,-1,-1,-1,-1,-1,-1,-1,-1,-1,0
Unvalidated,2024141416346,2024,141416346,1,9,0,9,3,8,0,1,0,0,0,0,3,1,1,1,39,7,-1,-1,-1,-1,1,1,E01007875,0
Unvalidated,2024141416346,2024,141416346,2,1,0,18,6,2,0,1,5,0,0,0,1,1,6,1,25,5,-1,-1,-1,-1,9,1,E01007862,0
Unvalidated,2024141416456,2024,141416456,1,9,0,12,5,1,0,0,0,0,0,0,2,1,5,1,34,6,-1,-1,-1,-1,4,1,E01007761,0
Unvalidated,2024141416456,2024,141416456,2,9,0,12,5,1,0,0,0,0,0,0,1,1,5,1,29,6,-1,-1,-1,-1,1,1,E01007869,0
Unvalidated,2024141416456,2024,141416456,3,9,0,12,5,1,0,0,0,0,0,0,1,1,5,2,21,5,-1,-1,-1,-1,1,1,E01028068,0
Unvalidated,2024141416482,2024,141416482,1,98,0,18,7,3,0,0,5,0,1,11,1,1,1,1,64,9,-1,-1,-1,-1,8,1,E01007524,0
Unvalidated,2024141416671,2024,141416671,1,97,0,17,1,5,0,8,2,0,0,0,4,1,6,1,18,4,-1,-1,-1,-1,5,2,E01019791,0