status,collision_index,collision_year,collision_reference,vehicle_reference,vehicle_type,towing_and_articulation,vehicle_manoeuvre,vehicle_direction_from,vehicle_direction_to,vehicle_location_restricted_lane,junction_location,skidding_and_overturning,hit_object_in_carriageway,vehicle_leaving_carriageway,hit_object_off_carriageway,first_point_of_impact,vehicle_left_hand_drive,journey_purpose_of_driver,sex_of_driver,age_of_driver,age_band_of_driver,engine_capacity_cc,propulsion_code,age_of_vehicle,generic_make_model,driver_imd_decile,driver_home_area_type,lsoa_of_driver,escooter_flag
Unvalidated,2024141416671,2024,141416671,2,9,0,18,2,6,0,4,0,0,0,0,3,1,6,1,62,9,-1,-1,-1,-1,1,1,E01008011,0
Unvalidated,2024141416728,2024,141416728,1,9,0,10,1,6,0,1,0,0,0,0,2,1,5,2,29,6,-1,-1,-1,-1,3,1,E01007773,0
Unvalidated,2024141416728,2024,141416728,2,9,0,18,1,5,0,1,0,0,0,0,1,1,5,2,45,7,-1,-1,-1,-1,7,1,E01007798,0
Unvalidated,2024141416792,2024,141416792,1,9,0,18,7,5,0,3,0,0,0,0,4,1,5,2,47,8,-1,-1,-1,-1,4,1,E01008031,0
Unvalidated,2024141416792,2024,141416792,2,9,0,18,7,4,0,3,0,0,0,0,4,1,6,3,-1,-1,-1,-1,-1,-1,-1,-1,-1,0
Unvalidated,2024141416908,2024,141416908,1,9,0,16,3,7,0,3,0,0,1,0,3,1,5,2,22,5,-1,-1,-1,-1,4,1,E01007817,0
Unvalidated,2024141416908,2024,141416908,2,9,0,16,3,7,0,3,0,0,1,0,1,1,1,1,46,8,-1,-1,-1,-1,2,1,E01008056,0
Unvalidated,2024141416908,2024,141416908,3,90,0,18,7,3,0,1,0,0,0,0,2,1,1,1,55,8,-1,-1,-1,-1,5,1,E01011078,0
Unvalidated,2024141416915,2024,141416915,1,9,0,18,8,5,0,3,0,0,0,0,3,1,6,2,24,5,-1,-1,-1,-1,-1,-1,-1,0
Unvalidated,2024141416915,2024,141416915,2,9,0,13,8,5,0,3,0,0,0,0,4,1,6,3,-1,-1,-1,-1,-1,-1,-1,-1,-1,0
Unvalidated,2024141416985,2024,141416985,1,9,0,18,3,7,0,0,0,0,0,0,4,1,6,3,25,5,-1,-1,-1,-1,-1,-1,-1,0
Unvalidated,2024141416992,2024,141416992,1,9,0,4,7,3,0,0,5,0,4,3,1,1,5,1,78,11,-1,-1,-1,-1,8,1,E01007686,0
Unvalidated,2024141417241,2024,141417241,1,98,0,18,1,6,0,2,0,0,0,0,2,2,5,1,66,10,-1,-1,-1,-1,3,3,E01026024,0
Unvalidated,2024141417241,2024,141417241,2,97,0,18,1,6,0,1,0,0,0,0,1,1,5,1,18,4,-1,-1,-1,-1,3,1,E01007793,0
Unvalidated,2024141417330,2024,141417330,1,11,0,5,4,8,0,1,0,0,0,0,0,1,1,2,40,7,-1,-1,-1,-1,3,1,E01007337,0
Unvalidated,2024141417330,2024,141417330,2,9,0,13,4,8,0,1,0,0,0,0,0,1,1,1,42,7,-1,-1,-1,-1,3,1,E01007679,0
Unvalidated,2024141417344,2024,141417344,1,9,0,18,2,5,8,2,0,0,0,0,1,1,5,1,61,9,-1,-1,-1,-1,1,1,E01007948,0
Unvalidated,2024141417405,2024,141417405,1,98,0,5,2,6,0,2,0,0,0,0,1,1,1,1,54,8,-1,-1,-1,-1,9,1,E01026582,0
Unvalidated,2024141417419,2024,141417419,1,9,0,18,2,6,0,0,0,0,0,0,1,1,2,1,23,5,-1,-1,-1,-1,8,1,E01007868,0
Unvalidated,2024141417419,2024,141417419,2,9,0,18,7,3,0,0,0,0,0,0,3,1,6,1,37,7,-1,-1,-1,-1,1,1,E01013199,0
Unvalidated,2024141417461,2024,141417461,1,9,0,17,1,5,0,3,1,7,1,7,1,1,5,1,30,6,-1,-1,-1,-1,1,1,E01007883,0
Unvalidated,2024141417691,2024,141417691,1,9,0,5,5,1,0,0,0,0,0,0,1,1,6,1,72,10,-1,-1,-1,-1,5,1,E01007823,0
Unvalidated,2024141417691,2024,141417691,2,9,0,2,0,0,0,0,0,0,0,0,1,1,2,1,68,10,-1,-1,-1,-1,1,1,E01007916,0
Unvalidated,2024141417726,2024,141417726,1,9,0,18,2,6,0,3,0,7,0,0,4,1,5,1,31,6,-1,-1,-1,-1,1,1,E01007949,0
Unvalidated,2024141417726,2024,141417726,2,9,0,18,4,1,0,4,0,0,0,0,1,1,2,2,34,6,-1,-1,-1,-1,1,1,E01008018,0
Unvalidated,2024141417742,2024,141417742,1,9,0,5,5,1,0,2,0,0,0,0,3,1,6,1,18,4,-1,-1,-1,-1,1,1,E01007715,0
Unvalidated,2024141417742,2024,141417742,2,9,0,5,7,3,0,6,0,0,0,0,3,1,1,1,38,7,-1,-1,-1,-1,8,1,E01007678,0
Unvalidated,2024141417783,2024,141417783,1,9,0,18,3,7,0,0,0,0,0,0,1,1,5,1,55,8,-1,-1,-1,-1,4,1,E01007479,0
Unvalidated,2024141417783,2024,141417783,2,1,0,18,3,7,0,0,1,0,0,0,3,1,5,2,40,7,-1,-1,-1,-1,4,1,E01007479,0
Unvalidated,2024141417857,2024,141417857,1,9,0,9,6,2,0,2,0,0,0,0,1,1,5,1,44,7,-1,-1,-1,-1,6,1,E01007833,0
Unvalidated,2024141417857,2024,141417857,2,1,0,18,2,5,0,1,0,0,0,0,1,1,6,1,49,8,-1,-1,-1,-1,2,1,E01007976,0
Unvalidated,2024141417864,2024,141417864,1,90,0,11,5,1,0,0,0,0,0,0,4,1,1,1,46,8,-1,-1,-1,-1,3,3,E01019818,0
Unvalidated,2024141417864,2024,141417864,2,9,0,18,5,1,0,0,0,0,0,0,3,1,5,2,25,5,-1,-1,-1,-1,2,1,E01008016,0
Unvalidated,2024141417894,2024,141417894,1,10,0,18,4,7,0,0,0,0,0,0,1,1,1,1,39,7,-1,-1,-1,-1,2,1,E01007448,0
Unvalidated,2024141417894,2024,141417894,2,9,0,18,7,3,0,0,0,0,0,0,1,1,6,1,31,6,-1,-1,-1,-1,6,1,E01007455,0
Unvalidated,2024141418166,2024,141418166,1,9,0,18,1,5,0,0,1,0,7,4,1,1,1,1,72,10,-1,-1,-1,-1,3,3,E01007490,0
Unvalidated,2024141418595,2024,141418595,1,9,0,18,2,6,0,1,0,0,0,0,1,1,1,1,31,6,-1,-1,-1,-1,1,1,E01008114,0
Unvalidated,2024141418595,2024,141418595,2,9,0,5,1,5,0,2,0,0,0,0,4,1,6,2,52,8,-1,-1,-1,-1,7,1,E01007985,0
Unvalidated,2024141418623,2024,141418623,1,9,0,7,3,6,0,8,0,0,0,0,1,1,5,2,19,4,-1,-1,-1,-1,1,1,E01008096,0
Unvalidated,2024141418623,2024,141418623,2,23,0,18,6,3,0,1,1,0,0,0,1,1,6,1,20,4,-1,-1,-1,-1,4,1,E01007704,0
Unvalidated,2024141418627,2024,141418627,1,9,0,18,7,3,0,0,0,0,0,0,1,1,6,1,24,5,-1,-1,-1,-1,6,3,E01007421,0
Unvalidated,2024141418627,2024,141418627,2,9,0,18,7,3,0,0,1,0,0,0,2,1,6,1,32,6,-1,-1,-1,-1,7,3,E01011183,0
Unvalidated,2024141418753,2024,141418753,1,9,0,9,1,7,0,1,0,0,0,0,3,1,5,2,25,5,-1,-1,-1,-1,-1,-1,-1,0
Unvalidated,2024141418753,2024,141418753,2,9,0,13,1,5,0,1,0,0,0,0,1,1,6,1,76,11,-1,-1,-1,-1,10,1,E01007861,0
Unvalidated,2024141418850,2024,141418850,1,9,0,9,6,4,0,8,0,0,0,0,1,1,6,1,30,6,-1,-1,-1,-1,5,1,E01008113,0
Unvalidated,2024141418883,2024,141418883,1,97,0,17,5,1,9,0,0,0,1,11,1,1,6,1,18,4,-1,-1,-1,-1,1,1,E01007462,0
Unvalidated,2024141418980,2024,141418980,1,9,0,9,5,3,0,8,1,0,0,0,3,1,6,2,51,8,-1,-1,-1,-1,3,1,E01033268,0
Unvalidated,2024141418980,2024,141418980,2,9,0,13,5,1,0,1,0,0,0,0,1,1,6,3,-1,-1,-1,-1,-1,-1,-1,-1,-1,0
Unvalidated,2024141418985,2024,141418985,1,9,0,18,1,5,0,0,0,0,0,0,0,1,6,3,-1,-1,-1,-1,-1,-1,-1,-1,-1,0
Unvalidated,2024141418985,2024,141418985,2,9,0,18,5,1,0,0,0,0,0,0,0,1,6,3,-1,-1,-1,-1,-1,-1,-1,-1,-1,0
Unvalidated,2024141418985,2024,141418985,3,9,0,18,1,5,0,0,0,0,0,0,2,1,6,1,25,5,-1,-1,-1,-1,3,1,E01013286,0
Unvalidated,2024141418985,2024,141418985,4,9,0,18,1,5,0,0,0,0,0,0,2,1,6,1,46,8,-1,-1,-1,-1,10,1,E01011845,0
Unvalidated,2024141418985,2024,141418985,5,9,0,18,1,5,0,0,0,0,0,0,1,1,6,2,29,6,-1,-1,-1,-1,2,2,E01007470,0
Unvalidated,2024141418985,2024,141418985,6,9,0,18,1,5,0,0,0,0,0,0,1,1,6,1,20,4,-1,-1,-1,-1,8,1,E01027738,0
Unvalidated,2024141418989,2024,141418989,1,9,0,3,7,3,0,0,0,0,0,0,1,1,6,1,51,8,-1,-1,-1,-1,1,1,E01008103,0
Unvalidated,2024141418989,2024,141418989,2,9,0,18,3,7,0,0,0,0,0,0,1,1,6,3,-1,-1,-1,-1,-1,-1,-1,-1,-1,0
Unvalidated,2024141419047,2024,141419047,1,9,0,10,1,7,0,1,0,0,0,0,0,1,6,3,-1,-1,-1,-1,-1,-1,-1,-1,-1,0
Unvalidated,2024141419047,2024,141419047,2,9,0,3,1,5,0,1,0,0,0,0,2,1,1,1,52,8,-1,-1,-1,-1,1,1,E01007902,0
Unvalidated,2024141419047,2024,141419047,3,9,0,3,1,5,0,1,0,0,0,0,2,1,6,1,47,8,-1,-1,-1,-1,2,1,E01007343,0
Unvalidated,2024141419047,2024,141419047,4,9,0,18,1,5,0,1,0,0,0,0,1,1,6,1,38,7,-1,-1,-1,-1,4,1,E01007329,0
Unvalidated,2024141419076,2024,141419076,1,9,0,9,2,2,0,0,1,0,3,0,1,1,1,1,35,6,-1,-1,-1,-1,2,1,E01007451,0
Unvalidated,2024141419100,2024,141419100,1,9,0,18,1,5,0,1,0,0,0,0,1,1,5,1,19,4,-1,-1,-1,-1,-1,1,-1,0
Unvalidated,2024141419100,2024,141419100,2,9,0,2,0,0,0,1,0,0,1,0,1,1,6,3,-1,-1,-1,-1,-1,-1,-1,-1,-1,0
Unvalidated,2024141419119,2024,141419119,1,9,0,18,2,6,0,8,0,0,0,0,4,1,6,3,-1,-1,-1,-1,-1,-1,-1,-1,-1,0
Unvalidated,2024141419119,2024,141419119,2,9,0,18,4,6,0,8,0,0,0,0,4,1,5,1,50,8,-1,-1,-1,-1,2,1,E01010740,0
Unvalidated,2024141419124,2024,141419124,1,9,0,18,5,2,0,0,1,0,1,4,1,1,6,1,22,5,-1,-1,-1,-1,1,1,E01007970,0
Unvalidated,2024141419159,2024,141419159,1,9,0,18,8,4,0,0,1,0,1,0,1,1,1,1,56,9,-1,-1,-1,-1,1,1,E01032921,0
Unvalidated,2024141419276,2024,141419276,1,9,0,18,2,6,0,1,0,0,0,0,4,1,6,1,21,5,-1,-1,-1,-1,1,1,E01007410,0
Unvalidated,2024141419276,2024,141419276,2,9,0,9,4,1,0,1,0,0,0,0,1,1,6,3,20,4,-1,-1,-1,-1,-1,-1,-1,0
Unvalidated,2024141419422,2024,141419422,1,9,0,5,7,3,0,6,0,0,0,0,1,2,5,1,18,4,-1,-1,-1,-1,7,1,E01033108,0
Unvalidated,2024141419422,2024,141419422,2,9,0,18,7,3,0,1,0,0,0,0,4,2,5,2,69,10,-1,-1,-1,-1,5,1,E01007813,0
Unvalidated,2024141419455,2024,141419455,1,9,0,18,2,6,0,1,0,0,0,0,4,1,6,3,-1,-1,-1,-1,-1,-1,-1,-1,-1,0
Unvalidated,2024141419455,2024,141419455,2,1,0,7,4,6,0,2,0,0,0,0,1,1,2,1,51,8,-1,-1,-1,-1,7,1,E01007755,0
Unvalidated,2024141419469,2024,141419469,1,9,0,4,8,4,0,0,1,0,1,0,1,1,4,1,17,4,-1,-1,-1,-1,9,3,E01007425,0
Unvalidated,2024141419569,2024,141419569,1,98,0,18,1,5,0,1,0,0,0,0,2,1,6,1,38,7,-1,-1,-1,-1,8,2,E01007610,0
Unvalidated,2024141419569,2024,141419569,2,97,0,18,1,5,0,1,0,0,0,0,4,1,5,1,41,7,-1,-1,-1,-1,2,1,E01026375,0
Unvalidated,2024141419581,2024,141419581,1,1,0,18,6,2,0,1,0,0,0,0,1,1,3,1,34,6,-1,-1,-1,-1,-1,-1,-1,0
Unvalidated,2024141419583,2024,141419583,1,9,0,18,2,7,0,1,0,0,0,0,4,1,6,1,57,9,-1,-1,-1,-1,1,1,E01007714,0
Unvalidated,2024141419583,2024,141419583,2,98,0,7,5,7,0,1,0,0,0,0,3,1,6,3,-1,-1,-1,-1,-1,-1,-1,-1,-1,0
Unvalidated,2024141419606,2024,141419606,1,9,0,5,3,7,0,0,0,0,3,4,1,2,5,1,18,4,-1,-1,-1,-1,5,1,E01007762,0
Unvalidated,2024141419606,2024,141419606,2,9,0,9,1,7,0,0,0,0,0,0,0,1,6,3,-1,-1,-1,-1,-1,-1,-1,-1,-1,0
Unvalidated,2024141419617,2024,141419617,1,9,0,18,5,1,0,8,0,0,0,0,1,1,6,1,21,5,-1,-1,-1,-1,5,1,E01008144,0
Unvalidated,2024141419707,2024,141419707,1,9,0,9,7,5,0,8,0,0,0,0,1,1,6,2,32,6,-1,-1,-1,-1,7,1,E01007827,0
Unvalidated,2024141419707,2024,141419707,2,9,0,13,7,3,0,8,0,0,0,0,1,1,6,3,-1,-1,-1,-1,-1,-1,-1,-1,-1,0
Unvalidated,2024141419803,2024,141419803,1,9,0,17,7,3,0,0,0,0,0,0,1,1,6,2,-1,-1,-1,-1,-1,-1,-1,-1,-1,0
Unvalidated,2024141419900,2024,141419900,1,9,0,9,7,1,9,8,0,0,1,11,1,1,6,1,30,6,-1,-1,-1,-1,3,1,E01007465,0
Unvalidated,2024141419968,2024,141419968,1,9,0,18,8,4,0,0,0,0,0,0,2,1,5,2,39,7,-1,-1,-1,-1,3,1,E01032925,0
Unvalidated,2024141419968,2024,141419968,2,9,0,18,8,4,0,0,0,0,0,0,1,1,6,3,100,11,-1,-1,-1,-1,-1,-1,-1,0
Unvalidated,2024141420003,2024,141420003,1,9,0,18,5,1,0,1,0,0,0,0,1,1,6,1,39,7,-1,-1,-1,-1,5,1,E01007757,0
Unvalidated,2024141420003,2024,141420003,2,1,0,18,3,7,0,1,0,0,0,0,1,1,6,1,10,2,-1,-1,-1,-1,2,1,E01007763,0
Unvalidated,2024141420005,2024,141420005,1,9,0,18,1,5,0,2,5,4,0,0,1,1,6,3,-1,-1,-1,-1,-1,-1,-1,-1,-1,0
Unvalidated,2024141420005,2024,141420005,2,9,0,9,7,4,0,1,0,0,0,0,0,1,1,1,37,7,-1,-1,-1,-1,4,1,E01007607,0
Unvalidated,2024141420005,2024,141420005,3,9,0,2,0,0,0,2,0,0,0,0,4,1,6,3,-1,-1,-1,-1,-1,-1,-1,-1,-1,0
Unvalidated,2024141420005,2024,141420005,4,9,0,2,0,0,0,2,0,0,0,0,2,1,6,3,-1,-1,-1,-1,-1,-1,-1,-1,-1,0
Unvalidated,2024141420006,2024,141420006,1,9,0,18,7,4,0,0,0,0,0,0,1,1,6,3,-1,-1,-1,-1,-1,-1,-1,-1,-1,0
Unvalidated,2024141420018,2024,141420018,1,9,0,9,4,3,0,5,0,0,0,0,3,1,5,1,24,5,-1,-1,-1,-1,1,1,E01007883,0
Unvalidated,2024141420018,2024,141420018,2,9,0,9,3,8,0,6,0,0,0,0,1,1,5,1,32,6,-1,-1,-1,-1,1,1,E01007718,0
Unvalidated,2024141420278,2024,141420278,1,98,0,18,1,5,0,1,0,0,0,0,1,1,1,1,38,7,-1,-1,-1,-1,2,1,E01007633,0
Unvalidated,2024141420278,2024,141420278,2,1,0,18,8,3,0,1,2,0,0,0,1,1,6,2,17,4,-1,-1,-1,-1,7,1,E01012993,0
Unvalidated,2024141420281,2024,141420281,1,9,0,9,5,3,0,1,2,0,0,0,1,1,6,1,18,4,-1,-1,-1,-1,6,3,E01007426,0
Unvalidated,2024141420301,2024,141420301,1,9,0,9,2,8,0,6,0,0,0,0,2,2,5,1,41,7,-1,-1,-1,-1,2,1,E01007968,0
Unvalidated,2024141420301,2024,141420301,2,90,0,13,8,4,0,1,5,0,0,0,1,1,2,1,26,6,-1,-1,-1,-1,4,1,E01007842,0
Unvalidated,2024141420366,2024,141420366,1,98,0,9,3,1,0,1,5,0,0,0,4,1,5,1,29,6,-1,-1,-1,-1,6,2,E01020794,0
Unvalidated,2024141420366,2024,141420366,2,9,0,18,7,3,0,1,0,0,0,0,1,1,6,2,28,6,-1,-1,-1,-1,1,1,E01007916,0
Unvalidated,2024141420411,2024,141420411,1,9,0,18,3,6,0,1,0,0,0,0,3,1,6,2,33,6,-1,-1,-1,-1,1,1,E01008100,0
Unvalidated,2024141420411,2024,141420411,2,9,0,18,3,7,0,1,0,0,0,0,3,1,6,3,-1,-1,-1,-1,-1,-1,-1,-1,-1,0
Unvalidated,2024141420432,2024,141420432,1,9,0,18,6,2,0,8,0,0,0,0,1,1,6,2,43,7,-1,-1,-1,-1,8,1,E01007988,0
Unvalidated,2024141420432,2024,141420432,2,9,0,18,8,4,0,8,1,0,1,11,3,1,6,1,59,9,-1,-1,-1,-1,10,2,E01008126,0
Unvalidated,2024141420458,2024,141420458,1,9,0,18,7,3,0,2,1,0,0,0,1,1,5,1,32,6,-1,-1,-1,-1,3,1,E01007781,0
Unvalidated,2024141420458,2024,141420458,2,9,0,9,1,7,0,6,0,0,2,11,4,1,5,1,69,10,-1,-1,-1,-1,2,1,E01007783,0
Unvalidated,2024141420485,2024,141420485,1,9,0,18,2,6,0,8,0,0,0,0,1,1,5,1,25,5,-1,-1,-1,-1,10,1,E01007690,0
Unvalidated,2024141420485,2024,141420485,2,9,0,18,4,8,0,8,0,0,0,0,1,1,5,1,41,7,-1,-1,-1,-1,1,1,E01007914,0
Unvalidated,2024141420699,2024,141420699,1,98,0,15,6,2,0,0,0,0,0,0,3,1,6,1,55,8,-1,-1,-1,-1,7,3,E01019770,0
Unvalidated,2024141420699,2024,141420699,2,9,0,18,6,2,0,0,0,7,0,0,4,1,5,1,80,11,-1,-1,-1,-1,10,1,E01019793,0
Unvalidated,2024141420714,2024,141420714,1,97,0,18,5,1,0,1,0,0,0,0,1,1,6,1,20,4,-1,-1,-1,-1,4,1,E01007460,0
Unvalidated,2024141420714,2024,141420714,2,9,0,2,1,5,0,2,0,0,0,0,3,2,6,3,-1,-1,-1,-1,-1,-1,-1,-1,-1,0
Unvalidated,2024141420761,2024,141420761,1,9,0,18,6,2,0,0,0,0,0,0,2,1,5,2,43,7,-1,-1,-1,-1,5,1,E01007484,0
Unvalidated,2024141420761,2024,141420761,2,9,0,18,6,2,0,0,0,0,0,0,1,1,5,1,49,8,-1,-1,-1,-1,8,1,E01007502,0
Unvalidated,2024141420966,2024,141420966,1,9,0,18,4,8,9,0,0,0,1,1,1,1,6,1,28,6,-1,-1,-1,-1,6,1,E01007830,0
Unvalidated,2024141421001,2024,141421001,1,9,0,4,5,1,0,0,1,0,0,0,0,1,6,2,24,5,-1,-1,-1,-1,8,1,E01007594,0
Unvalidated,2024141421001,2024,141421001,2,9,0,11,5,1,0,0,0,0,0,0,2,1,1,2,52,8,-1,-1,-1,-1,8,3,E01007599,0
Unvalidated,2024141421001,2024,141421001,3,9,0,18,5,1,0,0,0,0,0,0,1,1,6,1,63,9,-1,-1,-1,-1,4,2,E01028028,0
Unvalidated,2024141421001,2024,141421001,4,9,0,18,5,1,0,0,1,0,0,0,1,1,6,2,33,6,-1,-1,-1,-1,3,1,E01007591,0
Unvalidated,2024141421160,2024,141421160,1,9,0,2,1,5,0,0,0,0,0,0,0,2,6,3,-1,-1,-1,-1,-1,-1,-1,-1,-1,0
Unvalidated,2024141421160,2024,141421160,2,9,0,5,1,5,0,0,0,0,0,0,2,1,5,1,79,11,-1,-1,-1,-1,2,2,E01007328,0
Unvalidated,2024141421160,2024,141421160,3,98,0,18,1,5,0,0,0,0,0,0,1,1,1,1,41,7,-1,-1,-1,-1,1,2,E01007332,0
Unvalidated,2024141421203,2024,141421203,1,9,0,18,2,5,0,8,0,0,0,0,1,1,6,1,47,8,-1,-1,-1,-1,5,1,E01007438,0
Unvalidated,2024141421203,2024,141421203,2,9,0,9,7,5,0,6,0,0,0,0,1,1,5,2,74,10,-1,-1,-1,-1,5,1,E01007438,0
Unvalidated,2024141421280,2024,141421280,1,9,0,18,1,5,0,1,0,4,0,0,1,1,1,1,45,7,-1,-1,-1,-1,1,1,E01007902,0
Unvalidated,2024141421280,2024,141421280,2,9,0,7,3,5,0,8,0,0,1,0,1,1,2,1,52,8,-1,-1,-1,-1,8,1,E01007888,0
Unvalidated,2024141421280,2024,141421280,3,9,0,2,0,0,0,1,0,0,0,0,2,1,6,3,-1,-1,-1,-1,-1,-1,-1,-1,-1,0
Unvalidated,2024141421280,2024,141421280,4,9,0,2,0,0,0,1,0,0,0,0,2,1,6,3,-1,-1,-1,-1,-1,-1,-1,-1,-1,0
Unvalidated,2024141421338,2024,141421338,1,9,0,18,6,2,0,0,1,0,0,0,1,1,2,2,18,4,-1,-1,-1,-1,1,1,E01007627,0
Unvalidated,2024141421338,2024,141421338,2,9,0,18,6,2,0,0,0,0,0,0,2,1,6,1,46,8,-1,-1,-1,-1,1,1,E01013298,0
Unvalidated,2024141421342,2024,141421342,1,9,0,9,7,4,0,1,5,0,0,0,1,1,6,2,34,6,-1,-1,-1,-1,6,1,E01008005,0
Unvalidated,2024141421342,2024,141421342,2,9,0,18,5,1,0,1,0,0,0,0,1,1,5,2,62,9,-1,-1,-1,-1,3,1,E01007843,0
Unvalidated,2024141421419,2024,141421419,1,9,0,18,6,2,0,1,0,7,0,0,4,2,1,1,31,6,-1,-1,-1,-1,6,1,E01007565,0
Unvalidated,2024141421419,2024,141421419,2,9,0,5,4,8,0,6,0,0,0,0,1,1,6,3,-1,-1,-1,-1,-1,-1,-1,-1,-1,0
Unvalidated,2024141421491,2024,141421491,1,9,0,18,5,1,0,1,0,0,0,0,1,1,6,1,34,6,-1,-1,-1,-1,4,2,E01007398,0
Unvalidated,2024141421541,2024,141421541,1,98,1,12,1,5,0,0,0,0,0,0,1,1,1,1,50,8,-1,-1,-1,-1,5,1,E01027946,0
Unvalidated,2024141421541,2024,141421541,2,98,0,18,1,5,0,0,0,0,0,0,2,1,1,1,29,6,-1,-1,-1,-1,8,3,E01031204,0
Unvalidated,2024141421541,2024,141421541,3,98,0,18,1,5,0,0,0,0,0,0,2,1,1,1,66,10,-1,-1,-1,-1,3,1,E01018932,0
Unvalidated,2024141421555,2024,141421555,1,9,0,17,3,7,0,0,1,0,0,0,1,1,5,1,20,4,-1,-1,-1,-1,3,1,E01007807,0
Unvalidated,2024141421648,2024,141421648,1,9,0,18,3,7,0,1,0,0,7,0,1,1,5,1,32,6,-1,-1,-1,-1,3,1,E01007679,0
Unvalidated,2024141421648,2024,141421648,2,9,0,18,5,1,0,1,0,0,0,0,1,1,6,3,-1,-1,-1,-1,-1,-1,-1,-1,-1,0
Unvalidated,2024141421658,2024,141421658,1,9,0,18,7,3,0,1,0,0,0,0,1,1,5,2,24,5,-1,-1,-1,-1,4,1,E01008058,0
Unvalidated,2024141421673,2024,141421673,1,9,0,7,1,3,0,1,0,0,0,0,1,1,5,1,25,5,-1,-1,-1,-1,3,1,E01007966,0
Unvalidated,2024141421673,2024,141421673,2,9,0,9,3,1,0,8,0,0,0,0,1,1,6,3,-1,-1,-1,-1,-1,-1,-1,-1,-1,0
Unvalidated,2024141421712,2024,141421712,1,97,0,7,6,2,0,3,1,0,0,0,0,1,5,2,20,4,-1,-1,-1,-1,1,1,E01007453,0
Unvalidated,2024141421745,2024,141421745,1,9,0,7,3,7,0,1,0,0,0,0,4,1,5,1,23,5,-1,-1,-1,-1,7,1,E01007973,0
Unvalidated,2024141421965,2024,141421965,1,9,0,18,3,7,0,8,0,0,0,0,1,2,6,1,78,11,-1,-1,-1,-1,4,1,E01007382,0
Unvalidated,2024141421965,2024,141421965,2,9,0,9,8,5,0,8,0,0,0,0,1,2,6,1,19,4,-1,-1,-1,-1,8,3,E01007422,0
Unvalidated,2024141422052,2024,141422052,1,9,0,9,3,8,0,8,1,10,0,0,1,1,6,1,28,6,-1,-1,-1,-1,1,1,E01007944,0
Unvalidated,2024141422052,2024,141422052,2,9,0,18,1,5,0,1,0,4,0,0,3,1,6,1,44,7,-1,-1,-1,-1,1,1,E01007875,0
Unvalidated,2024141422052,2024,141422052,3,11,0,2,0,0,0,1,0,0,0,0,3,1,1,1,56,9,-1,-1,-1,-1,5,1,E01008139,0
Unvalidated,2024141422071,2024,141422071,1,9,0,4,1,5,0,0,0,0,0,0,2,1,5,2,28,6,-1,-1,-1,-1,4,1,E01021367,0
Unvalidated,2024141422071,2024,141422071,2,9,0,18,1,5,0,0,0,0,0,0,1,1,6,2,73,10,-1,-1,-1,-1,5,1,E01007762,0
Unvalidated,2024141422127,2024,141422127,1,1,0,9,8,6,0,5,0,0,0,0,2,1,5,1,49,8,-1,-1,-1,-1,8,1,E01007986,0
Unvalidated,2024141422127,2024,141422127,2,9,0,9,6,3,0,6,0,0,0,0,1,1,5,1,-1,-1,-1,-1,-1,-1,-1,-1,-1,0
Unvalidated,2024141422249,2024,141422249,1,9,0,7,8,2,0,1,0,0,3,0,4,1,5,1,70,10,-1,-1,-1,-1,1,1,E01033277,0
Unvalidated,2024141422249,2024,141422249,2,1,0,18,6,2,0,1,1,0,0,0,1,1,6,1,33,6,-1,-1,-1,-1,1,1,E01007946,0
Unvalidated,2024141422250,2024,141422250,1,98,0,5,1,4,0,2,0,0,3,0,4,1,5,1,50,8,-1,-1,-1,-1,1,1,E01007318,0
Unvalidated,2024141422250,2024,141422250,2,90,0,18,6,3,0,1,0,0,0,0,1,1,6,1,11,3,-1,-1,-1,-1,2,1,E01008053,1
Unvalidated,2024141422404,2024,141422404,1,9,0,18,3,5,0,5,0,0,0,0,1,1,6,3,-1,-1,-1,-1,-1,-1,-1,-1,-1,0
Unvalidated,2024141422497,2024,141422497,1,90,0,18,7,3,0,1,0,0,0,0,-1,1,6,3,-1,-1,-1,-1,-1,-1,-1,-1,-1,0
Unvalidated,2024141422497,2024,141422497,2,1,0,18,1,5,0,1,0,0,0,0,2,1,2,1,28,6,-1,-1,-1,-1,1,1,E01007597,0
Unvalidated,2024141422515,2024,141422515,1,9,0,18,8,4,0,0,0,0,0,0,1,1,5,1,34,6,-1,-1,-1,-1,5,3,E01007611,0
Unvalidated,2024141422525,2024,141422525,1,9,0,5,7,6,0,6,0,0,0,0,1,1,5,2,22,5,-1,-1,-1,-1,3,1,E01007346,0
Unvalidated,2024141422525,2024,141422525,2,97,0,18,6,2,0,8,0,0,0,0,1,1,6,1,-1,-1,-1,-1,-1,-1,-1,-1,-1,0
Unvalidated,2024141422555,2024,141422555,1,9,0,18,1,6,0,1,0,0,0,0,1,1,6,3,-1,-1,-1,-1,-1,-1,-1,-1,-1,0
Unvalidated,2024141422561,2024,141422561,1,9,0,18,8,4,0,6,0,0,0,0,1,1,6,1,36,7,-1,-1,-1,-1,1,1,E01008096,0
Unvalidated,2024141422561,2024,141422561,2,98,0,18,2,6,0,1,0,0,0,0,3,1,6,1,30,6,-1,-1,-1,-1,2,1,E01007942,0