status,collision_index,collision_year,collision_reference,vehicle_reference,vehicle_type,towing_and_articulation,vehicle_manoeuvre,vehicle_direction_from,vehicle_direction_to,vehicle_location_restricted_lane,junction_location,skidding_and_overturning,hit_object_in_carriageway,vehicle_leaving_carriageway,hit_object_off_carriageway,first_point_of_impact,vehicle_left_hand_drive,journey_purpose_of_driver,sex_of_driver,age_of_driver,age_band_of_driver,engine_capacity_cc,propulsion_code,age_of_vehicle,generic_make_model,driver_imd_decile,driver_home_area_type,lsoa_of_driver,escooter_flag
Unvalidated,2024141422605,2024,141422605,1,9,0,18,3,7,0,8,1,0,0,0,3,1,5,1,34,6,-1,-1,-1,-1,8,1,E01007866,0
Unvalidated,2024141422605,2024,141422605,2,9,0,5,1,5,0,1,0,0,0,0,1,1,5,1,19,4,-1,-1,-1,-1,5,2,E01028003,0
Unvalidated,2024141422630,2024,141422630,1,9,0,9,1,7,0,8,0,0,0,0,1,1,5,2,39,7,-1,-1,-1,-1,1,1,E01008076,0
Unvalidated,2024141422630,2024,141422630,2,1,0,18,6,1,0,1,5,0,0,0,1,1,6,2,28,6,-1,-1,-1,-1,8,1,E01007832,0
Unvalidated,2024141422665,2024,141422665,1,97,0,8,8,1,0,1,0,0,0,0,3,1,5,1,73,10,-1,-1,-1,-1,5,1,E01007558,0
Unvalidated,2024141422665,2024,141422665,2,9,0,7,5,8,0,1,0,0,0,0,1,1,6,1,26,6,-1,-1,-1,-1,-1,-1,-1,0
Unvalidated,2024141422790,2024,141422790,1,9,0,18,2,2,0,0,0,4,0,0,1,1,2,2,-1,-1,-1,-1,-1,-1,6,1,E01007455,0
Unvalidated,2024141422790,2024,141422790,2,9,0,2,2,2,0,0,0,0,0,0,3,1,3,2,40,7,-1,-1,-1,-1,2,1,E01008056,0
Unvalidated,2024141422866,2024,141422866,1,9,0,18,3,6,0,0,0,0,0,0,1,1,6,1,29,6,-1,-1,-1,-1,-1,-1,-1,0
Unvalidated,2024141422866,2024,141422866,2,9,0,17,6,3,0,0,0,0,0,0,1,1,5,1,34,6,-1,-1,-1,-1,-1,-1,-1,0
Unvalidated,2024141422879,2024,141422879,1,9,0,18,7,3,0,8,0,0,0,0,1,1,6,1,30,6,-1,-1,-1,-1,-1,-1,-1,0
Unvalidated,2024141422879,2024,141422879,2,1,0,9,5,2,0,1,5,0,1,0,4,1,6,1,30,6,-1,-1,-1,-1,-1,-1,-1,0
Unvalidated,2024141422885,2024,141422885,1,11,0,5,5,1,2,8,0,0,0,0,3,1,5,1,65,9,-1,-1,-1,-1,6,1,E01007787,0
Unvalidated,2024141422885,2024,141422885,2,9,0,18,5,1,0,8,0,0,0,0,4,1,6,3,-1,-1,-1,-1,-1,-1,9,2,E01007612,0
Unvalidated,2024141422964,2024,141422964,1,9,0,18,7,2,0,4,0,0,0,0,1,1,6,1,26,6,-1,-1,-1,-1,2,1,E01007535,0
Unvalidated,2024141422964,2024,141422964,2,9,0,12,7,3,0,3,0,0,0,0,1,1,5,1,39,7,-1,-1,-1,-1,1,1,E01007500,0
Unvalidated,2024141423075,2024,141423075,1,9,0,16,8,6,0,0,0,0,0,0,1,1,3,2,42,7,-1,-1,-1,-1,1,1,E01007857,0
Unvalidated,2024141423092,2024,141423092,1,9,0,5,5,1,0,1,0,0,0,0,1,1,5,1,47,8,-1,-1,-1,-1,1,1,E01007946,0
Unvalidated,2024141423205,2024,141423205,1,98,0,18,-1,-1,0,0,0,0,0,0,-1,1,6,3,-1,-1,-1,-1,-1,-1,-1,-1,-1,0
Unvalidated,2024141423205,2024,141423205,2,9,0,2,0,0,0,0,0,0,0,0,2,1,6,3,-1,-1,-1,-1,-1,-1,-1,-1,-1,0
Unvalidated,2024141423205,2024,141423205,3,9,0,18,5,1,0,0,0,0,0,0,1,1,1,1,46,8,-1,-1,-1,-1,5,1,E01007331,0
Unvalidated,2024141423284,2024,141423284,1,9,0,5,3,5,0,8,0,0,0,0,1,1,5,2,28,6,-1,-1,-1,-1,7,1,E01007798,0
Unvalidated,2024141423284,2024,141423284,2,9,0,18,1,5,0,1,0,0,0,0,1,1,2,2,44,7,-1,-1,-1,-1,9,1,E01007890,0
Unvalidated,2024141423295,2024,141423295,1,9,0,5,8,4,0,2,0,0,0,0,1,1,1,1,22,5,-1,-1,-1,-1,3,1,E01008093,0
Unvalidated,2024141423295,2024,141423295,2,9,0,17,2,6,0,1,0,0,0,0,3,1,2,2,46,8,-1,-1,-1,-1,9,1,E01007921,0
Unvalidated,2024141423318,2024,141423318,1,9,0,18,8,4,0,1,0,4,0,0,1,1,6,1,63,9,-1,-1,-1,-1,2,1,E01007697,0
Unvalidated,2024141423318,2024,141423318,2,9,0,2,0,0,0,1,0,0,0,0,2,1,6,3,-1,-1,-1,-1,-1,-1,-1,-1,-1,0
Unvalidated,2024141423372,2024,141423372,1,9,0,18,7,3,0,0,0,0,0,0,1,1,2,1,21,5,-1,-1,-1,-1,1,1,E01008118,0
Unvalidated,2024141423372,2024,141423372,2,9,0,5,7,3,0,0,0,0,0,0,1,1,5,1,23,5,-1,-1,-1,-1,1,1,E01008097,0
Unvalidated,2024141423372,2024,141423372,3,9,0,2,0,0,0,0,0,0,0,0,1,1,6,3,-1,-1,-1,-1,-1,-1,-1,-1,-1,0
Unvalidated,2024141423412,2024,141423412,1,9,0,16,5,8,0,1,0,0,7,11,1,1,6,1,30,6,-1,-1,-1,-1,-1,-1,-1,0
Unvalidated,2024141423476,2024,141423476,1,9,0,5,1,5,9,0,0,0,0,0,4,1,1,1,54,8,-1,-1,-1,-1,1,1,E01033277,0
Unvalidated,2024141423476,2024,141423476,2,90,0,18,3,7,9,0,0,0,0,0,1,1,4,2,14,3,-1,-1,-1,-1,1,1,E01008123,1
Unvalidated,2024141423708,2024,141423708,1,9,0,18,1,5,0,1,0,0,0,0,3,1,5,2,49,8,-1,-1,-1,-1,6,1,E01007471,0
Unvalidated,2024141423708,2024,141423708,2,9,0,9,5,1,0,8,0,2,0,0,1,1,5,1,46,8,-1,-1,-1,-1,4,1,E01007653,0
Unvalidated,2024141423780,2024,141423780,1,90,0,18,4,8,4,0,0,0,0,0,1,1,4,1,14,3,-1,-1,-1,-1,9,1,E01007618,1
Unvalidated,2024141423796,2024,141423796,1,9,0,18,5,1,0,0,0,0,0,0,3,1,6,2,30,6,-1,-1,-1,-1,10,1,E01030661,0
Unvalidated,2024141423796,2024,141423796,2,98,0,18,5,1,0,0,0,0,0,0,1,1,1,1,64,9,-1,-1,-1,-1,9,1,E01007670,0
Unvalidated,2024141423802,2024,141423802,1,9,0,18,2,6,0,0,0,12,0,0,3,1,5,1,25,5,-1,-1,-1,-1,7,1,E01032926,0
Unvalidated,2024141423802,2024,141423802,2,9,0,18,2,6,0,0,1,12,0,0,1,1,2,1,48,8,-1,-1,-1,-1,7,1,E01013182,0
Unvalidated,2024141423802,2024,141423802,3,9,0,18,2,6,0,0,2,12,0,0,1,1,5,1,26,6,-1,-1,-1,-1,1,1,E01007760,0
Unvalidated,2024141423818,2024,141423818,1,9,0,4,2,5,0,2,0,0,0,0,1,1,1,1,39,7,-1,-1,-1,-1,7,2,E01007700,0
Unvalidated,2024141423818,2024,141423818,2,9,0,5,5,2,0,1,0,4,0,0,1,1,6,3,-1,-1,-1,-1,-1,-1,-1,-1,-1,0
Unvalidated,2024141423818,2024,141423818,3,9,0,2,0,0,0,2,0,0,0,0,3,1,6,3,-1,-1,-1,-1,-1,-1,-1,-1,-1,0
Unvalidated,2024141423857,2024,141423857,1,9,0,18,4,8,0,1,0,0,0,0,1,1,2,1,55,8,-1,-1,-1,-1,1,1,E01007883,0
Unvalidated,2024141423857,2024,141423857,2,9,0,9,6,3,0,1,0,0,0,0,1,1,6,3,-1,-1,-1,-1,-1,-1,-1,-1,-1,0
Unvalidated,2024141423913,2024,141423913,1,9,0,18,5,1,0,0,0,0,0,0,1,1,2,1,34,6,-1,-1,-1,-1,5,1,E01008879,0
Unvalidated,2024141423913,2024,141423913,2,9,0,18,5,1,0,0,0,0,0,0,2,1,6,2,48,8,-1,-1,-1,-1,2,1,E01010894,0
Unvalidated,2024141423977,2024,141423977,1,9,0,18,1,5,0,0,0,0,0,0,1,1,5,1,51,8,-1,-1,-1,-1,10,1,E01007930,0
Unvalidated,2024141423977,2024,141423977,2,1,0,18,1,5,0,0,0,0,0,0,3,1,1,1,25,5,-1,-1,-1,-1,-1,-1,-1,0
Unvalidated,2024141424021,2024,141424021,1,9,0,18,3,7,0,3,0,0,3,0,1,1,5,1,28,6,-1,-1,-1,-1,4,1,E01007852,0
Unvalidated,2024141424025,2024,141424025,1,9,0,3,1,5,0,0,0,0,0,0,2,1,1,1,42,7,-1,-1,-1,-1,1,1,E01007914,0
Unvalidated,2024141424025,2024,141424025,2,9,0,18,1,5,0,0,0,0,0,0,1,1,6,3,17,4,-1,-1,-1,-1,-1,-1,-1,0
Unvalidated,2024141424045,2024,141424045,1,9,0,4,6,2,0,1,0,0,0,0,3,1,5,2,32,6,-1,-1,-1,-1,4,1,E01007882,0
Unvalidated,2024141424045,2024,141424045,2,1,0,13,6,2,0,1,0,0,0,0,1,1,1,1,23,5,-1,-1,-1,-1,1,1,E01008123,0
Unvalidated,2024141424051,2024,141424051,1,9,0,18,7,3,0,8,0,0,1,0,1,1,6,1,65,9,-1,-1,-1,-1,5,2,E01007609,0
Unvalidated,2024141424051,2024,141424051,2,9,0,9,3,1,0,8,2,0,0,0,1,1,6,1,75,10,-1,-1,-1,-1,6,1,E01011182,0
Unvalidated,2024141424051,2024,141424051,3,9,0,18,3,7,0,1,0,0,0,0,3,1,6,2,51,8,-1,-1,-1,-1,3,1,E01006359,0
Unvalidated,2024141424051,2024,141424051,4,9,0,18,5,1,0,1,0,0,0,0,1,1,6,3,-1,-1,-1,-1,-1,-1,-1,-1,-1,0
Unvalidated,2024141424051,2024,141424051,5,9,0,2,0,0,0,1,0,0,0,0,2,1,6,3,-1,-1,-1,-1,-1,-1,-1,-1,-1,0
Unvalidated,2024141424051,2024,141424051,6,9,0,18,3,7,0,1,0,0,0,0,1,1,6,2,57,9,-1,-1,-1,-1,10,2,E01011113,0
Unvalidated,2024141424081,2024,141424081,1,1,0,18,6,2,0,0,0,4,0,0,1,1,6,1,52,8,-1,-1,-1,-1,1,1,E01007463,0
Unvalidated,2024141424081,2024,141424081,2,9,0,2,0,0,0,0,0,0,0,0,2,1,6,3,-1,-1,-1,-1,-1,-1,-1,-1,-1,0
Unvalidated,2024141424284,2024,141424284,1,9,0,18,5,1,0,0,0,0,0,0,1,1,6,1,35,6,-1,-1,-1,-1,5,1,E01007331,0
Unvalidated,2024141424315,2024,141424315,1,9,0,18,5,1,0,0,0,0,0,0,1,1,5,1,65,9,-1,-1,-1,-1,8,1,E01007603,0
Unvalidated,2024141424315,2024,141424315,2,9,0,18,5,1,0,0,0,0,0,0,1,1,5,1,49,8,-1,-1,-1,-1,4,1,E01007607,0
Unvalidated,2024141424333,2024,141424333,1,9,0,16,8,4,0,0,0,10,7,3,1,1,6,1,25,5,-1,-1,-1,-1,9,2,E01007802,0
Unvalidated,2024141424444,2024,141424444,1,9,0,7,1,3,0,3,1,0,0,0,4,1,6,2,44,7,-1,-1,-1,-1,5,1,E01007687,0
Unvalidated,2024141424444,2024,141424444,2,9,0,18,6,3,0,4,0,0,0,0,1,1,6,1,33,6,-1,-1,-1,-1,1,1,E01007738,0
Unvalidated,2024141424502,2024,141424502,1,98,0,18,6,2,0,8,0,0,0,0,4,1,5,1,29,6,-1,-1,-1,-1,1,2,E01007373,0
Unvalidated,2024141424502,2024,141424502,2,98,0,1,8,4,0,6,0,0,0,0,2,1,6,1,42,7,-1,-1,-1,-1,6,1,E01007698,0
Unvalidated,2024141424503,2024,141424503,1,9,0,18,5,1,0,0,0,0,0,0,1,1,6,2,31,6,-1,-1,-1,-1,5,2,E01007609,0
Unvalidated,2024141424568,2024,141424568,1,9,0,3,7,3,0,0,0,0,0,0,2,1,5,2,34,6,-1,-1,-1,-1,4,1,E01019485,0
Unvalidated,2024141424568,2024,141424568,2,9,0,3,7,3,0,0,0,0,0,0,1,1,6,3,-1,-1,-1,-1,-1,-1,-1,-1,-1,0
Unvalidated,2024141424672,2024,141424672,1,9,0,18,5,1,0,1,0,0,0,0,1,1,5,2,53,8,-1,-1,-1,-1,2,1,E01007967,0
Unvalidated,2024141424672,2024,141424672,2,9,0,18,1,5,0,1,0,0,0,0,1,1,5,1,40,7,-1,-1,-1,-1,1,1,E01008011,0
Unvalidated,2024141424672,2024,141424672,3,9,0,18,1,5,0,1,0,0,0,0,1,1,5,1,31,6,-1,-1,-1,-1,3,1,E01007963,0
Unvalidated,2024141424701,2024,141424701,1,9,0,18,7,3,0,1,0,0,0,0,1,1,6,1,43,7,-1,-1,-1,-1,8,1,E01028052,0
Unvalidated,2024141424701,2024,141424701,2,9,0,18,3,7,0,1,0,0,0,0,1,1,6,2,18,4,-1,-1,-1,-1,1,1,E01007764,0
Unvalidated,2024141424725,2024,141424725,1,9,0,4,1,5,0,0,0,0,0,0,1,1,2,2,21,5,-1,-1,-1,-1,8,1,E01007839,0
Unvalidated,2024141424725,2024,141424725,2,9,0,17,5,1,0,0,1,0,0,0,1,1,6,1,-1,-1,-1,-1,-1,-1,1,1,E01008065,0
Unvalidated,2024141424730,2024,141424730,1,9,0,9,6,2,0,8,0,0,0,0,3,1,1,1,50,8,-1,-1,-1,-1,1,1,E01007338,0
Unvalidated,2024141424730,2024,141424730,2,9,0,18,7,3,0,8,0,0,0,0,1,1,1,2,34,6,-1,-1,-1,-1,1,1,E01007463,0
Unvalidated,2024141424734,2024,141424734,1,9,0,18,6,2,0,2,0,0,0,0,1,1,5,2,19,4,-1,-1,-1,-1,3,1,E01011761,0
Unvalidated,2024141424785,2024,141424785,1,9,0,9,3,1,0,0,0,0,0,0,4,1,5,1,53,8,-1,-1,-1,-1,1,1,E01007779,0
Unvalidated,2024141424785,2024,141424785,2,9,0,18,7,3,0,0,0,0,0,0,1,1,1,1,42,7,-1,-1,-1,-1,-1,1,-1,0
Unvalidated,2024141424857,2024,141424857,1,9,0,18,5,1,0,1,0,0,0,0,1,1,6,3,-1,-1,-1,-1,-1,-1,-1,-1,-1,0
Unvalidated,2024141424984,2024,141424984,1,9,0,7,3,5,0,8,0,0,0,0,1,1,5,1,49,8,-1,-1,-1,-1,3,1,E01007676,0
Unvalidated,2024141425062,2024,141425062,1,97,0,13,1,5,0,0,0,0,1,9,1,1,5,1,62,9,-1,-1,-1,-1,3,1,E01007571,0
Unvalidated,2024141425195,2024,141425195,1,9,0,9,6,4,0,1,0,0,0,0,1,1,5,2,21,5,-1,-1,-1,-1,8,1,E01008130,0
Unvalidated,2024141425205,2024,141425205,1,9,0,17,3,7,0,0,0,0,1,10,1,1,5,1,21,5,-1,-1,-1,-1,5,1,E01008045,0
Unvalidated,2024141425424,2024,141425424,1,9,0,1,3,7,0,0,0,0,0,0,2,1,5,1,35,6,-1,-1,-1,-1,1,1,E01007944,0
Unvalidated,2024141425459,2024,141425459,1,9,0,18,4,2,0,0,0,0,0,0,1,1,1,2,64,9,-1,-1,-1,-1,7,1,E01007604,0
Unvalidated,2024141425613,2024,141425613,1,98,4,11,5,1,0,0,0,0,0,0,1,1,1,1,52,8,-1,-1,-1,-1,4,1,E01019573,0
Unvalidated,2024141425613,2024,141425613,2,9,0,18,5,1,0,0,0,0,0,0,3,1,5,2,49,8,-1,-1,-1,-1,8,3,E01007422,0
Unvalidated,2024141425629,2024,141425629,1,98,0,12,5,1,0,0,0,0,0,0,3,1,6,3,-1,-1,-1,-1,-1,-1,-1,-1,-1,0
Unvalidated,2024141425629,2024,141425629,2,90,0,18,5,1,0,0,0,0,0,0,1,1,1,1,39,7,-1,-1,-1,-1,6,3,E01032051,0
Unvalidated,2024141425629,2024,141425629,3,90,0,18,5,1,0,0,0,0,0,0,3,1,6,3,-1,-1,-1,-1,-1,-1,-1,-1,-1,0
Unvalidated,2024141425629,2024,141425629,4,98,0,18,5,1,0,0,0,0,0,0,4,1,1,1,63,9,-1,-1,-1,-1,8,1,E01019811,0
Unvalidated,2024141425787,2024,141425787,1,9,0,18,2,5,0,8,0,0,0,0,1,1,6,2,47,8,-1,-1,-1,-1,2,1,E01007717,0
Unvalidated,2024141425787,2024,141425787,2,1,0,9,2,7,0,8,5,0,0,0,1,1,6,1,23,5,-1,-1,-1,-1,-1,-1,-1,0
Unvalidated,2024141425855,2024,141425855,1,1,0,5,7,3,0,0,5,0,0,0,1,1,2,1,30,6,-1,-1,-1,-1,10,1,E01007936,0
Unvalidated,2024141425855,2024,141425855,2,9,0,11,7,3,0,0,0,0,0,0,4,2,6,2,40,7,-1,-1,-1,-1,6,1,E01007924,0
Unvalidated,2024141425928,2024,141425928,1,9,0,14,4,8,0,1,0,0,0,0,1,1,4,2,31,6,-1,-1,-1,-1,2,2,E01007491,0
Unvalidated,2024141425941,2024,141425941,1,9,0,18,2,6,0,8,0,0,3,1,1,1,5,2,25,5,-1,-1,-1,-1,10,1,E01007619,0
Unvalidated,2024141425941,2024,141425941,2,19,0,18,8,4,0,8,0,0,1,0,4,1,5,1,68,10,-1,-1,-1,-1,4,3,E01007559,0
Unvalidated,2024141425981,2024,141425981,1,9,0,18,6,2,0,1,0,0,0,0,1,1,5,2,18,4,-1,-1,-1,-1,3,1,E01007772,0
Unvalidated,2024141425981,2024,141425981,2,9,0,7,5,7,0,6,0,0,0,0,1,1,6,1,24,5,-1,-1,-1,-1,6,1,E01007771,0
Unvalidated,2024141426009,2024,141426009,1,90,0,7,6,1,0,0,0,0,0,0,2,1,6,1,50,8,-1,-1,-1,-1,1,1,E01008013,0
Unvalidated,2024141426009,2024,141426009,2,9,0,15,6,1,0,0,0,0,0,0,1,1,6,1,20,4,-1,-1,-1,-1,1,1,E01007877,0
Unvalidated,2024141426009,2024,141426009,3,9,0,18,6,1,0,0,0,0,0,0,0,1,6,1,35,6,-1,-1,-1,-1,-1,-1,-1,0
Unvalidated,2024141426088,2024,141426088,1,9,0,18,1,1,0,8,0,0,0,0,4,1,6,2,49,8,-1,-1,-1,-1,2,1,E01007967,0
Unvalidated,2024141426088,2024,141426088,2,9,0,18,5,5,0,8,0,0,0,0,1,1,6,2,23,5,-1,-1,-1,-1,1,1,E01007878,0
Unvalidated,2024141426103,2024,141426103,1,9,0,18,3,7,0,0,0,0,0,0,1,1,5,1,76,11,-1,-1,-1,-1,-1,-1,-1,0
Unvalidated,2024141426164,2024,141426164,1,9,0,7,1,3,0,1,0,0,0,0,2,1,6,2,59,9,-1,-1,-1,-1,3,3,E01007488,0
Unvalidated,2024141426164,2024,141426164,2,90,0,18,1,5,0,1,0,0,0,0,1,1,6,2,39,7,-1,-1,-1,-1,5,2,E01007489,0
Unvalidated,2024141426230,2024,141426230,1,9,0,4,3,7,0,0,1,1,0,0,1,1,6,2,27,6,-1,-1,-1,-1,7,1,E01032926,0
Unvalidated,2024141426230,2024,141426230,2,9,0,2,0,0,6,0,0,0,0,0,2,1,6,2,47,8,-1,-1,-1,-1,8,3,E01007599,0
Unvalidated,2024141426230,2024,141426230,3,9,0,18,3,7,0,0,0,1,0,0,4,1,6,1,39,7,-1,-1,-1,-1,6,1,E01026128,0
Unvalidated,2024141426230,2024,141426230,4,9,0,18,7,7,0,0,0,0,0,0,1,1,6,2,-1,-1,-1,-1,-1,-1,-1,-1,-1,0
Unvalidated,2024141426241,2024,141426241,1,9,0,7,5,7,0,2,0,0,1,0,1,1,1,2,36,7,-1,-1,-1,-1,1,1,E01007327,0
Unvalidated,2024141426241,2024,141426241,2,9,0,18,3,7,0,1,0,0,3,0,1,1,2,1,29,6,-1,-1,-1,-1,1,1,E01007327,0
Unvalidated,2024141426266,2024,141426266,1,90,0,18,1,5,0,8,0,0,0,0,3,1,1,1,22,5,-1,-1,-1,-1,9,3,E01011190,0
Unvalidated,2024141426266,2024,141426266,2,9,0,18,3,7,0,8,0,0,0,0,1,1,6,1,26,6,-1,-1,-1,-1,-1,1,-1,0
Unvalidated,2024141426304,2024,141426304,1,9,0,18,6,2,0,0,1,0,1,3,1,1,6,1,35,6,-1,-1,-1,-1,1,1,E01007729,0
Unvalidated,2024141426305,2024,141426305,1,9,0,6,3,7,0,0,0,0,0,0,1,1,1,1,58,9,-1,-1,-1,-1,2,1,E01011760,0
Unvalidated,2024141426305,2024,141426305,2,97,0,13,3,7,0,0,0,0,0,0,4,1,5,2,22,5,-1,-1,-1,-1,3,1,E01007385,0
Unvalidated,2024141426346,2024,141426346,1,9,0,7,3,7,0,1,0,0,0,0,1,1,6,1,-1,-1,-1,-1,-1,-1,1,1,E01033271,0
Unvalidated,2024141426346,2024,141426346,2,1,0,18,7,7,0,1,5,0,1,0,1,1,6,1,-1,-1,-1,-1,-1,-1,7,1,E01007827,0
Unvalidated,2024141426352,2024,141426352,1,9,0,18,8,4,0,0,0,0,0,0,0,1,6,1,21,5,-1,-1,-1,-1,8,3,E01028032,0
Unvalidated,2024141426352,2024,141426352,2,9,0,4,8,4,0,0,0,0,0,0,0,1,6,3,-1,-1,-1,-1,-1,-1,-1,-1,-1,0
Unvalidated,2024141426454,2024,141426454,1,9,0,18,6,2,0,0,0,0,0,0,0,1,5,1,38,7,-1,-1,-1,-1,3,1,E01007963,0
Unvalidated,2024141426454,2024,141426454,2,9,0,18,6,2,0,0,0,0,0,0,2,1,5,2,25,5,-1,-1,-1,-1,6,1,E01007565,0
Unvalidated,2024141426454,2024,141426454,3,9,0,18,6,2,0,0,0,0,0,0,1,1,5,2,22,5,-1,-1,-1,-1,6,1,E01024982,0
Unvalidated,2024141426471,2024,141426471,1,97,0,18,1,5,0,1,0,10,0,0,3,1,6,1,73,10,-1,-1,-1,-1,1,1,E01007626,0
Unvalidated,2024141426471,2024,141426471,2,9,0,9,7,5,0,1,0,0,0,0,1,1,2,1,51,8,-1,-1,-1,-1,6,1,E01007518,0
Unvalidated,2024141426535,2024,141426535,1,9,0,18,3,7,0,1,0,0,0,0,1,1,5,1,69,10,-1,-1,-1,-1,1,1,E01007977,0
Unvalidated,2024141426535,2024,141426535,2,9,0,9,7,4,0,8,0,0,0,0,4,1,5,1,29,6,-1,-1,-1,-1,6,1,E01007640,0
Unvalidated,2024141426798,2024,141426798,1,9,0,18,5,1,0,0,0,0,6,0,3,1,5,1,34,6,-1,-1,-1,-1,1,1,E01007643,0
Unvalidated,2024141426798,2024,141426798,2,9,0,18,1,5,0,0,0,0,0,0,1,1,5,1,21,5,-1,-1,-1,-1,2,2,E01007815,0
Unvalidated,2024141426811,2024,141426811,1,9,0,18,5,1,0,3,1,7,7,1,4,1,5,1,19,4,-1,-1,-1,-1,3,1,E01007781,0
Unvalidated,2024141426815,2024,141426815,1,9,0,18,6,2,0,8,0,0,0,0,1,1,6,1,36,7,-1,-1,-1,-1,2,1,E01007654,0
Unvalidated,2024141426815,2024,141426815,2,9,0,18,8,4,0,4,0,0,0,0,1,1,6,1,30,6,-1,-1,-1,-1,4,1,E01007653,0
Unvalidated,2024141426816,2024,141426816,1,9,0,2,1,1,0,2,0,0,0,0,0,1,5,1,63,9,-1,-1,-1,-1,1,1,E01008055,0
Unvalidated,2024141426816,2024,141426816,2,9,0,14,6,1,0,2,0,0,0,0,1,1,5,1,80,11,-1,-1,-1,-1,4,1,E01007445,0
Unvalidated,2024141426816,2024,141426816,3,9,0,14,6,1,0,2,0,0,0,0,1,1,5,1,56,9,-1,-1,-1,-1,2,1,E01007336,0
Unvalidated,2024141426816,2024,141426816,4,9,0,2,5,5,0,1,0,0,0,0,0,1,5,1,23,5,-1,-1,-1,-1,8,1,E01007383,0
Unvalidated,2024141426873,2024,141426873,1,9,0,18,8,4,0,0,0,0,0,0,0,1,6,1,33,6,-1,-1,-1,-1,1,1,E01007902,0
Unvalidated,2024141426873,2024,141426873,2,9,0,18,8,4,0,0,0,0,0,0,1,1,6,1,27,6,-1,-1,-1,-1,1,1,E01008119,0
Unvalidated,2024141426873,2024,141426873,3,9,0,18,4,8,0,0,0,0,0,0,1,1,6,1,36,7,-1,-1,-1,-1,5,1,E01008051,0
Unvalidated,2024141426928,2024,141426928,1,9,0,17,6,2,0,8,0,0,0,0,1,1,6,2,41,7,-1,-1,-1,-1,1,1,E01007532,0
Unvalidated,2024141426928,2024,141426928,2,9,0,18,1,5,0,1,0,0,0,0,4,1,5,1,21,5,-1,-1,-1,-1,2,2,E01019299,0
Unvalidated,2024141426957,2024,141426957,1,9,0,9,1,7,0,8,0,0,0,0,1,1,6,1,32,6,-1,-1,-1,-1,2,2,E01007328,0
Unvalidated,2024141426957,2024,141426957,2,97,0,13,1,5,0,8,0,0,0,0,1,1,5,1,16,4,-1,-1,-1,-1,3,1,E01007363,0
Unvalidated,2024141427767,2024,141427767,1,9,0,1,1,4,0,1,0,0,0,0,0,1,6,2,66,10,-1,-1,-1,-1,-1,-1,-1,0
Unvalidated,2024141427767,2024,141427767,2,9,0,2,0,0,0,1,0,0,0,0,0,1,6,3,-1,-1,-1,-1,-1,-1,-1,-1,-1,0
Unvalidated,2024141428044,2024,141428044,1,9,0,18,3,8,0,4,0,0,0,0,2,1,6,3,-1,-1,-1,-1,-1,-1,-1,-1,-1,0
Unvalidated,2024141428044,2024,141428044,2,9,0,18,3,8,0,3,0,0,0,0,2,1,6,2,65,9,-1,-1,-1,-1,1,2,E01007377,0
Unvalidated,2024141428056,2024,141428056,1,9,0,18,4,8,0,0,5,4,0,0,1,1,6,3,-1,-1,-1,-1,-1,-1,-1,-1,-1,0
Unvalidated,2024141428056,2024,141428056,2,9,0,2,0,0,0,0,0,0,0,0,2,1,6,3,-1,-1,-1,-1,-1,-1,-1,-1,-1,0
Unvalidated,2024141428057,2024,141428057,1,9,0,18,7,3,0,0,5,4,0,0,1,1,2,2,24,5,-1,-1,-1,-1,1,1,E01007883,0
Unvalidated,2024141428057,2024,141428057,2,9,0,2,0,0,0,0,0,0,0,0,2,1,6,3,-1,-1,-1,-1,-1,-1,-1,-1,-1,0
Unvalidated,2024141428081,2024,141428081,1,9,0,5,3,7,0,2,0,0,0,0,1,1,6,2,49,8,-1,-1,-1,-1,8,3,E01007422,0
Unvalidated,2024141428081,2024,141428081,2,9,0,18,1,5,0,1,0,0,0,0,1,1,5,1,20,4,-1,-1,-1,-1,7,3,E01007423,0
Unvalidated,2024141428081,2024,141428081,3,9,0,18,5,1,0,1,0,0,0,0,4,1,5,1,18,4,-1,-1,-1,-1,9,3,E01007419,0
Unvalidated,2024141428143,2024,141428143,1,9,0,18,4,2,0,0,2,0,7,4,1,1,6,1,24,5,-1,-1,-1,-1,6,1,E01011861,0
Unvalidated,2024141428294,2024,141428294,1,9,0,3,5,1,0,3,0,0,0,0,2,1,6,2,39,7,-1,-1,-1,-1,6,1,E01007560,0
Unvalidated,2024141428294,2024,141428294,2,9,0,3,5,1,0,3,0,0,0,0,2,1,6,2,42,7,-1,-1,-1,-1,5,1,E01007476,0
Unvalidated,2024141428294,2024,141428294,3,9,0,18,5,1,0,3,0,0,0,0,1,1,6,2,-1,-1,-1,-1,-1,-1,-1,-1,-1,0
Unvalidated,2024141428303,2024,141428303,1,9,0,18,4,8,0,0,0,0,0,0,1,1,1,2,50,8,-1,-1,-1,-1,1,1,E01007902,0
Unvalidated,2024141428304,2024,141428304,1,9,0,4,4,8,0,0,5,0,7,0,4,1,5,2,32,6,-1,-1,-1,-1,2,1,E01008095,0
Unvalidated,2024141428304,2024,141428304,2,9,0,9,6,3,0,0,0,0,0,0,1,1,5,2,18,4,-1,-1,-1,-1,9,2,E01019790,0
Unvalidated,2024141428309,2024,141428309,1,1,0,18,3,7,0,0,1,0,0,0,1,1,6,1,9,2,-1,-1,-1,-1,1,1,E01008084,0