status,collision_index,collision_year,collision_reference,vehicle_reference,vehicle_type,towing_and_articulation,vehicle_manoeuvre,vehicle_direction_from,vehicle_direction_to,vehicle_location_restricted_lane,junction_location,skidding_and_overturning,hit_object_in_carriageway,vehicle_leaving_carriageway,hit_object_off_carriageway,first_point_of_impact,vehicle_left_hand_drive,journey_purpose_of_driver,sex_of_driver,age_of_driver,age_band_of_driver,engine_capacity_cc,propulsion_code,age_of_vehicle,generic_make_model,driver_imd_decile,driver_home_area_type,lsoa_of_driver,escooter_flag
Unvalidated,2024141428309,2024,141428309,2,9,0,9,7,3,0,0,0,0,0,0,1,1,6,1,-1,-1,-1,-1,-1,-1,-1,-1,-1,0
Unvalidated,2024141428311,2024,141428311,1,9,0,9,1,7,0,1,0,0,0,0,1,1,6,1,51,8,-1,-1,-1,-1,10,1,E01007936,0
Unvalidated,2024141428311,2024,141428311,2,1,0,18,5,1,0,1,5,0,1,0,4,1,6,1,23,5,-1,-1,-1,-1,8,1,E01008050,0
Unvalidated,2024141428313,2024,141428313,1,97,0,16,8,4,0,1,5,0,1,7,4,1,6,1,16,4,-1,-1,-1,-1,3,2,E01007488,0
Unvalidated,2024141428322,2024,141428322,1,9,0,17,4,8,0,0,1,0,0,0,1,1,6,1,23,5,-1,-1,-1,-1,1,1,E01007738,0
Unvalidated,2024141428322,2024,141428322,2,9,0,16,8,4,0,0,0,0,0,0,3,1,6,2,44,7,-1,-1,-1,-1,1,1,E01007779,0
Unvalidated,2024141428327,2024,141428327,1,98,0,18,3,7,0,0,0,0,0,0,1,1,1,1,35,6,-1,-1,-1,-1,3,1,E01007528,0
Unvalidated,2024141428327,2024,141428327,2,9,0,18,7,3,0,0,0,0,0,0,1,1,5,2,18,4,-1,-1,-1,-1,7,1,E01007582,0
Unvalidated,2024141428538,2024,141428538,1,9,0,9,3,2,0,8,0,0,0,0,1,1,5,2,17,4,-1,-1,-1,-1,7,1,E01008025,0
Unvalidated,2024141428538,2024,141428538,2,9,0,7,4,8,0,8,0,0,0,0,3,1,5,2,35,6,-1,-1,-1,-1,9,2,E01007749,0
Unvalidated,2024141428644,2024,141428644,1,98,0,18,7,3,0,0,0,0,0,0,1,1,6,3,-1,-1,-1,-1,-1,-1,-1,-1,-1,0
Unvalidated,2024141428644,2024,141428644,2,1,0,18,7,3,0,0,0,0,0,0,3,1,6,1,20,4,-1,-1,-1,-1,3,1,E01007679,0
Unvalidated,2024141428658,2024,141428658,1,9,0,18,5,1,0,1,0,0,0,0,1,1,5,2,51,8,-1,-1,-1,-1,4,1,E01007537,0
Unvalidated,2024141428658,2024,141428658,2,1,0,18,4,1,0,1,2,0,0,0,1,1,6,1,11,3,-1,-1,-1,-1,3,1,E01007540,0
Unvalidated,2024141428679,2024,141428679,1,97,0,13,1,5,0,1,0,0,0,0,1,1,5,2,29,6,-1,-1,-1,-1,1,1,E01019488,0
Unvalidated,2024141428679,2024,141428679,2,9,0,7,7,1,0,8,0,0,0,0,1,1,5,1,19,4,-1,-1,-1,-1,4,1,E01007460,0
Unvalidated,2024141428736,2024,141428736,1,97,0,17,4,1,0,0,1,0,1,0,3,1,5,1,37,7,-1,-1,-1,-1,5,1,E01007823,0
Unvalidated,2024141428801,2024,141428801,1,9,0,17,5,1,0,0,1,0,1,11,1,1,5,2,26,6,-1,-1,-1,-1,1,1,E01008060,0
Unvalidated,2024141428844,2024,141428844,1,9,0,11,1,1,0,0,0,0,0,0,4,1,6,1,77,11,-1,-1,-1,-1,5,1,E01007388,0
Unvalidated,2024141428930,2024,141428930,1,9,0,18,5,1,0,0,1,0,0,0,3,1,5,1,37,7,-1,-1,-1,-1,1,1,E01033277,0
Unvalidated,2024141428930,2024,141428930,2,98,0,18,5,1,0,0,0,0,0,0,1,1,1,1,32,6,-1,-1,-1,-1,7,1,E01011828,0
Unvalidated,2024141428985,2024,141428985,1,9,0,18,8,4,0,0,0,0,0,0,1,1,6,3,-1,-1,-1,-1,-1,-1,-1,-1,-1,0
Unvalidated,2024141428985,2024,141428985,2,9,0,18,4,8,0,0,0,0,0,0,1,1,6,1,25,5,-1,-1,-1,-1,6,1,E01007974,0
Unvalidated,2024141428985,2024,141428985,3,9,0,18,8,4,0,0,0,0,7,0,0,1,1,1,45,7,-1,-1,-1,-1,1,1,E01007902,0
Unvalidated,2024141429341,2024,141429341,1,9,0,11,8,4,0,0,5,0,0,0,4,1,5,1,48,8,-1,-1,-1,-1,2,1,E01007847,0
Unvalidated,2024141429341,2024,141429341,2,9,0,18,8,4,0,0,0,0,0,0,3,1,2,1,65,9,-1,-1,-1,-1,5,1,E01008034,0
Unvalidated,2024141429412,2024,141429412,1,9,0,18,5,1,0,0,2,0,1,7,1,1,5,1,66,10,-1,-1,-1,-1,7,1,E01007381,0
Unvalidated,2024141429501,2024,141429501,1,9,0,9,4,2,0,1,0,0,0,0,1,1,2,1,39,7,-1,-1,-1,-1,5,1,E01007478,0
Unvalidated,2024141429501,2024,141429501,2,9,0,15,2,6,0,1,0,0,7,11,1,1,2,1,25,5,-1,-1,-1,-1,1,1,E01007627,0
Unvalidated,2024141429709,2024,141429709,1,9,0,18,2,6,0,8,0,7,1,11,1,1,6,2,38,7,-1,-1,-1,-1,9,1,E01008159,0
Unvalidated,2024141429709,2024,141429709,2,9,0,18,8,3,0,8,0,0,0,0,1,1,1,1,43,7,-1,-1,-1,-1,1,1,E01008119,0
Unvalidated,2024141429714,2024,141429714,1,9,0,18,7,3,0,0,0,0,0,0,1,1,6,2,42,7,-1,-1,-1,-1,-1,-1,-1,0
Unvalidated,2024141429714,2024,141429714,2,97,0,5,5,7,0,0,0,0,0,0,1,1,6,1,22,5,-1,-1,-1,-1,2,1,E01011538,0
Unvalidated,2024141429775,2024,141429775,1,9,0,9,8,5,0,0,0,0,0,0,1,1,3,1,32,6,-1,-1,-1,-1,2,1,E01007364,0
Unvalidated,2024141429798,2024,141429798,1,9,0,18,6,2,0,8,5,10,7,11,4,1,5,1,24,5,-1,-1,-1,-1,2,1,E01007855,0
Unvalidated,2024141429798,2024,141429798,2,9,0,7,8,4,0,6,0,0,0,0,1,1,5,1,19,4,-1,-1,-1,-1,1,1,E01007874,0
Unvalidated,2024141429828,2024,141429828,1,9,0,17,4,8,0,0,1,0,1,4,1,1,5,1,28,6,-1,-1,-1,-1,2,1,E01008014,0
Unvalidated,2024141429841,2024,141429841,1,98,0,18,5,1,0,1,0,0,7,0,1,1,2,1,25,5,-1,-1,-1,-1,9,1,E01027992,0
Unvalidated,2024141429841,2024,141429841,2,9,0,18,5,1,0,1,0,0,0,0,2,1,2,1,35,6,-1,-1,-1,-1,2,1,E01007595,0
Unvalidated,2024141429841,2024,141429841,3,9,0,18,5,1,0,1,0,0,0,0,2,1,2,1,34,6,-1,-1,-1,-1,1,1,E01007547,0
Unvalidated,2024141429841,2024,141429841,4,9,0,18,5,1,0,1,0,0,0,0,2,1,2,1,26,6,-1,-1,-1,-1,1,2,E01007373,0
Unvalidated,2024141429936,2024,141429936,1,9,0,18,1,6,9,1,0,0,0,0,1,1,6,1,-1,-1,-1,-1,-1,-1,7,1,E01007999,0
Unvalidated,2024141429975,2024,141429975,1,9,0,17,4,6,0,0,0,0,0,0,1,1,1,1,26,6,-1,-1,-1,-1,3,1,E01007635,0
Unvalidated,2024141429975,2024,141429975,2,9,0,18,6,4,0,0,0,0,0,0,1,1,1,1,53,8,-1,-1,-1,-1,3,3,E01007632,0
Unvalidated,2024141429978,2024,141429978,1,9,0,7,1,6,0,0,0,0,0,0,4,1,6,3,-1,-1,-1,-1,-1,-1,-1,-1,-1,0
Unvalidated,2024141430104,2024,141430104,1,9,0,6,3,1,0,0,0,0,0,0,1,1,6,3,-1,-1,-1,-1,-1,-1,-1,-1,-1,0
Unvalidated,2024141430104,2024,141430104,2,9,0,18,2,5,0,0,0,0,0,0,1,1,1,1,41,7,-1,-1,-1,-1,1,1,E01007714,0
Unvalidated,2024141430128,2024,141430128,1,9,0,5,2,7,0,8,0,0,0,0,1,1,6,1,41,7,-1,-1,-1,-1,4,1,E01008000,0
Unvalidated,2024141430128,2024,141430128,2,9,0,18,4,7,9,8,0,0,8,2,3,1,6,1,80,11,-1,-1,-1,-1,2,1,E01033278,0
Unvalidated,2024141430181,2024,141430181,1,9,0,18,8,4,0,2,0,0,0,0,1,1,5,1,54,8,-1,-1,-1,-1,8,1,E01007712,0
Unvalidated,2024141430208,2024,141430208,1,9,0,7,6,2,0,1,0,0,0,0,2,1,6,1,50,8,-1,-1,-1,-1,6,1,E01007833,0
Unvalidated,2024141430208,2024,141430208,2,9,0,14,6,2,0,1,0,0,0,0,1,1,6,1,22,5,-1,-1,-1,-1,5,1,E01008113,0
Unvalidated,2024141430221,2024,141430221,1,9,0,11,3,7,0,4,5,0,0,0,3,1,6,2,30,6,-1,-1,-1,-1,-1,-1,-1,0
Unvalidated,2024141430221,2024,141430221,2,9,0,18,3,7,0,4,0,0,0,0,1,1,6,2,32,6,-1,-1,-1,-1,2,1,E01028044,0
Unvalidated,2024141430580,2024,141430580,1,9,0,18,5,1,0,8,0,0,1,0,1,1,2,1,35,6,-1,-1,-1,-1,9,2,E01013241,0
Unvalidated,2024141430580,2024,141430580,2,98,0,18,3,7,0,1,0,0,0,0,1,1,1,1,34,6,-1,-1,-1,-1,6,1,E01007554,0
Unvalidated,2024141430616,2024,141430616,1,9,0,18,5,1,0,1,0,0,7,0,1,1,2,1,22,5,-1,-1,-1,-1,9,2,E01007612,0
Unvalidated,2024141430616,2024,141430616,2,9,0,5,7,1,0,6,0,0,0,0,3,1,5,2,53,8,-1,-1,-1,-1,3,1,E01007591,0
Unvalidated,2024141430621,2024,141430621,1,23,0,13,8,4,0,0,1,4,0,0,1,1,6,3,-1,-1,-1,-1,-1,-1,-1,-1,-1,0
Unvalidated,2024141430621,2024,141430621,2,9,0,2,0,0,0,0,0,0,0,0,1,1,6,3,-1,-1,-1,-1,-1,-1,-1,-1,-1,0
Unvalidated,2024141430632,2024,141430632,1,9,0,18,1,6,0,0,0,0,0,0,1,1,2,2,51,8,-1,-1,-1,-1,3,1,E01008028,0
Unvalidated,2024141430632,2024,141430632,2,9,0,4,2,6,0,0,0,0,0,0,2,1,2,1,72,10,-1,-1,-1,-1,8,2,E01013098,0
Unvalidated,2024141430652,2024,141430652,1,9,0,18,4,8,0,0,0,0,0,0,1,1,5,2,22,5,-1,-1,-1,-1,3,1,E01007789,0
Unvalidated,2024141430652,2024,141430652,2,22,0,5,6,2,0,0,0,0,0,0,2,1,6,1,43,7,-1,-1,-1,-1,2,1,E01007726,0
Unvalidated,2024141430667,2024,141430667,1,97,0,18,6,2,0,0,0,0,0,0,1,1,6,1,22,5,-1,-1,-1,-1,1,1,E01008102,0
Unvalidated,2024141430689,2024,141430689,1,97,0,18,7,3,0,1,0,0,0,0,1,1,2,1,23,5,-1,-1,-1,-1,1,1,E01028068,0
Unvalidated,2024141430689,2024,141430689,2,98,0,9,3,2,0,1,0,0,0,0,1,1,1,1,23,5,-1,-1,-1,-1,1,1,E01007466,0
Unvalidated,2024141430807,2024,141430807,1,1,0,18,5,1,4,1,5,0,0,0,1,1,2,3,40,7,-1,-1,-1,-1,-1,-1,-1,0
Unvalidated,2024141430807,2024,141430807,2,9,0,9,1,8,0,1,0,0,0,0,1,1,6,1,-1,-1,-1,-1,-1,-1,-1,-1,-1,0
Unvalidated,2024141430946,2024,141430946,1,9,0,18,1,6,0,0,0,0,0,0,1,1,6,1,64,9,-1,-1,-1,-1,3,1,E01007449,0
Unvalidated,2024141430946,2024,141430946,2,9,0,13,6,1,0,0,0,0,0,0,1,1,6,3,-1,-1,-1,-1,-1,-1,-1,-1,-1,0
Unvalidated,2024141430977,2024,141430977,1,9,0,18,3,7,0,1,0,0,0,0,1,1,6,2,79,11,-1,-1,-1,-1,7,1,E01007321,0
Unvalidated,2024141430977,2024,141430977,2,9,0,9,7,5,0,1,0,0,0,0,1,1,6,2,43,7,-1,-1,-1,-1,-1,-1,-1,0
Unvalidated,2024141431012,2024,141431012,1,9,0,9,7,3,0,2,0,0,0,0,1,1,6,3,-1,-1,-1,-1,-1,-1,-1,-1,-1,0
Unvalidated,2024141431012,2024,141431012,2,9,0,18,3,7,0,1,0,0,0,0,1,1,1,1,55,8,-1,-1,-1,-1,2,1,E01007976,0
Unvalidated,2024141431033,2024,141431033,1,9,0,10,2,8,0,0,0,0,0,0,2,1,5,1,69,10,-1,-1,-1,-1,6,1,E01007554,0
Unvalidated,2024141431033,2024,141431033,2,9,0,18,2,6,0,0,0,0,0,0,1,1,6,2,50,8,-1,-1,-1,-1,3,1,E01007480,0
Unvalidated,2024141431061,2024,141431061,1,9,0,18,8,5,0,0,5,2,0,0,1,1,5,2,40,7,-1,-1,-1,-1,2,1,E01011255,0
Unvalidated,2024141431178,2024,141431178,1,9,0,5,5,1,0,0,0,0,0,0,3,1,5,1,60,9,-1,-1,-1,-1,4,2,E01007398,0
Unvalidated,2024141431178,2024,141431178,2,9,0,18,5,8,0,0,0,0,0,0,1,1,6,1,33,6,-1,-1,-1,-1,1,1,E01007462,0
Unvalidated,2024141431213,2024,141431213,1,9,0,18,1,5,0,1,0,0,0,0,1,1,5,2,36,7,-1,-1,-1,-1,1,1,E01007627,0
Unvalidated,2024141431213,2024,141431213,2,9,0,18,5,1,0,1,0,0,0,0,3,1,6,3,-1,-1,-1,-1,-1,-1,-1,-1,-1,0
Unvalidated,2024141431233,2024,141431233,1,98,0,18,6,5,0,1,0,0,0,0,4,2,1,1,-1,-1,-1,-1,-1,-1,-1,-1,-1,0
Unvalidated,2024141431348,2024,141431348,1,9,0,18,4,7,0,0,0,0,0,0,1,1,2,1,54,8,-1,-1,-1,-1,4,1,E01007445,0
Unvalidated,2024141431384,2024,141431384,1,9,0,17,6,3,0,0,0,0,0,0,1,1,5,2,31,6,-1,-1,-1,-1,7,1,E01033631,0
Unvalidated,2024141431384,2024,141431384,2,9,0,16,3,6,0,0,0,0,0,0,1,1,5,2,24,5,-1,-1,-1,-1,1,1,E01007913,0
Unvalidated,2024141431443,2024,141431443,1,9,0,18,8,4,0,0,0,0,0,0,2,1,6,1,47,8,-1,-1,-1,-1,9,2,E01007612,0
Unvalidated,2024141431443,2024,141431443,2,9,0,18,8,4,0,0,0,0,0,0,1,1,6,3,47,8,-1,-1,-1,-1,-1,-1,-1,0
Unvalidated,2024141431577,2024,141431577,1,97,0,18,3,7,0,0,0,4,0,0,1,1,5,1,25,5,-1,-1,-1,-1,3,1,E01007357,0
Unvalidated,2024141431577,2024,141431577,2,9,0,2,0,0,0,0,0,0,0,0,2,1,6,3,-1,-1,-1,-1,-1,-1,-1,-1,-1,0
Unvalidated,2024141431589,2024,141431589,1,9,0,18,4,7,0,0,2,0,7,4,1,1,6,1,29,6,-1,-1,-1,-1,-1,-1,-1,0
Unvalidated,2024141431750,2024,141431750,1,9,0,9,3,8,0,4,0,0,0,0,1,1,5,2,34,6,-1,-1,-1,-1,9,1,E01019778,0
Unvalidated,2024141431750,2024,141431750,2,97,0,9,8,5,0,8,0,0,0,0,3,1,5,1,55,8,-1,-1,-1,-1,9,2,E01019804,0
Unvalidated,2024141431770,2024,141431770,1,9,0,18,1,5,0,2,0,0,0,0,1,1,3,1,50,8,-1,-1,-1,-1,3,2,E01019797,0
Unvalidated,2024141431866,2024,141431866,1,1,0,5,4,7,0,3,0,0,0,0,0,1,2,1,57,9,-1,-1,-1,-1,2,1,E01007343,0
Unvalidated,2024141431866,2024,141431866,2,9,0,18,5,7,0,3,0,0,0,0,2,1,6,3,24,5,-1,-1,-1,-1,-1,-1,-1,0
Unvalidated,2024141431935,2024,141431935,1,9,0,18,2,6,0,2,0,0,0,0,1,1,2,1,58,9,-1,-1,-1,-1,1,1,E01007730,0
Unvalidated,2024141431935,2024,141431935,2,1,0,7,4,6,0,2,0,0,0,0,1,1,6,1,11,3,-1,-1,-1,-1,1,1,E01007877,0
Unvalidated,2024141431947,2024,141431947,1,9,0,5,6,1,0,2,0,0,0,0,1,1,2,1,26,6,-1,-1,-1,-1,9,3,E01007419,0
Unvalidated,2024141431947,2024,141431947,2,9,0,9,1,6,0,1,0,0,0,0,1,1,2,1,42,7,-1,-1,-1,-1,7,3,E01007423,0
Unvalidated,2024141431953,2024,141431953,1,9,0,18,7,3,0,1,0,0,0,0,1,1,6,1,40,7,-1,-1,-1,-1,1,1,E01033271,0
Unvalidated,2024141431953,2024,141431953,2,9,0,18,1,5,0,1,0,0,0,0,1,1,6,1,37,7,-1,-1,-1,-1,1,1,E01007877,0
Unvalidated,2024141431972,2024,141431972,1,9,0,5,1,6,0,2,0,0,0,0,1,1,6,2,22,5,-1,-1,-1,-1,1,1,E01007877,0
Unvalidated,2024141431972,2024,141431972,2,9,0,5,3,6,0,1,0,0,0,0,2,1,6,1,38,7,-1,-1,-1,-1,1,1,E01007944,0
Unvalidated,2024141431999,2024,141431999,1,9,0,9,1,6,0,1,0,0,0,0,4,1,2,1,41,7,-1,-1,-1,-1,1,1,E01008083,0
Unvalidated,2024141432040,2024,141432040,1,9,0,9,7,5,0,8,0,0,0,0,3,1,6,2,57,9,-1,-1,-1,-1,2,1,E01007593,0
Unvalidated,2024141432040,2024,141432040,2,9,0,13,7,3,0,8,0,0,0,0,4,1,1,1,28,6,-1,-1,-1,-1,1,1,E01007645,0
Unvalidated,2024141432066,2024,141432066,1,97,0,18,3,7,0,1,0,0,0,0,1,1,2,1,32,6,-1,-1,-1,-1,1,1,E01007735,0
Unvalidated,2024141432066,2024,141432066,2,9,0,9,8,5,0,1,0,0,0,0,1,1,2,1,38,7,-1,-1,-1,-1,1,1,E01013825,0
Unvalidated,2024141432125,2024,141432125,1,9,0,18,5,1,0,0,0,0,0,0,1,1,6,3,-1,-1,-1,-1,-1,-1,-1,-1,-1,0
Unvalidated,2024141432125,2024,141432125,2,1,0,18,5,1,0,0,0,0,0,0,2,1,6,1,43,7,-1,-1,-1,-1,5,3,E01008136,0
Unvalidated,2024141432178,2024,141432178,1,9,0,4,8,4,0,1,0,0,0,0,1,1,1,1,34,6,-1,-1,-1,-1,4,1,E01007761,0
Unvalidated,2024141432178,2024,141432178,2,9,0,3,8,4,0,1,0,0,0,0,2,1,6,2,34,6,-1,-1,-1,-1,4,2,E01007810,0
Unvalidated,2024141432241,2024,141432241,1,97,0,18,5,1,0,1,2,0,0,0,4,1,2,1,33,6,-1,-1,-1,-1,2,1,E01007784,0
Unvalidated,2024141432241,2024,141432241,2,9,0,18,7,1,0,8,0,0,0,0,0,1,6,3,-1,-1,-1,-1,-1,-1,-1,-1,-1,0
Unvalidated,2024141432335,2024,141432335,1,9,0,18,7,3,0,2,0,0,0,0,1,1,1,1,31,6,-1,-1,-1,-1,4,1,E01019574,0
Unvalidated,2024141432335,2024,141432335,2,9,0,18,7,3,0,2,0,0,0,0,2,1,5,1,33,6,-1,-1,-1,-1,3,1,E01007964,0
Unvalidated,2024141432348,2024,141432348,1,11,0,18,7,3,0,0,0,0,0,0,1,1,1,1,54,8,-1,-1,-1,-1,1,1,E01008018,0
Unvalidated,2024141432348,2024,141432348,2,9,0,18,7,3,1,0,0,0,0,0,2,1,2,2,18,4,-1,-1,-1,-1,8,1,E01007987,0
Unvalidated,2024141432360,2024,141432360,1,9,0,18,6,2,0,1,0,0,0,0,1,1,5,1,28,6,-1,-1,-1,-1,10,1,E01007930,0
Unvalidated,2024141432367,2024,141432367,1,9,0,18,5,1,0,0,0,0,0,0,1,1,5,1,62,9,-1,-1,-1,-1,1,1,E01007406,0
Unvalidated,2024141432383,2024,141432383,1,9,0,2,0,0,0,0,0,0,0,0,2,2,6,1,-1,-1,-1,-1,-1,-1,-1,-1,-1,0
Unvalidated,2024141432383,2024,141432383,2,9,0,18,7,4,0,0,0,0,0,0,1,1,6,2,-1,-1,-1,-1,-1,-1,-1,-1,-1,0
Unvalidated,2024141432414,2024,141432414,1,9,0,13,1,5,0,1,0,0,7,2,1,2,1,1,28,6,-1,-1,-1,-1,5,1,E01007746,0
Unvalidated,2024141432414,2024,141432414,2,9,0,9,5,7,0,1,0,0,0,0,3,2,5,1,30,6,-1,-1,-1,-1,2,1,E01007448,0
Unvalidated,2024141432448,2024,141432448,1,9,0,5,8,4,0,1,0,0,0,0,4,1,5,1,41,7,-1,-1,-1,-1,4,1,E01007393,0
Unvalidated,2024141432448,2024,141432448,2,9,0,17,8,4,0,1,0,0,0,0,3,1,5,1,21,5,-1,-1,-1,-1,3,1,E01007345,0
Unvalidated,2024141432494,2024,141432494,1,9,0,9,8,6,0,2,0,0,0,0,1,1,2,1,23,5,-1,-1,-1,-1,2,1,E01007782,0
Unvalidated,2024141432494,2024,141432494,2,9,0,18,6,2,0,2,0,0,0,0,2,1,2,2,28,6,-1,-1,-1,-1,9,2,E01011177,0
Unvalidated,2024141432647,2024,141432647,1,98,0,18,2,6,0,0,0,0,0,0,2,1,1,1,47,8,-1,-1,-1,-1,1,1,E01013218,0
Unvalidated,2024141432647,2024,141432647,2,98,0,18,2,6,0,0,0,0,0,0,2,1,1,1,22,5,-1,-1,-1,-1,3,1,E01007807,0
Unvalidated,2024141432647,2024,141432647,3,98,0,18,2,6,0,0,0,0,0,0,2,1,1,1,28,6,-1,-1,-1,-1,7,1,E01007483,0
Unvalidated,2024141432647,2024,141432647,4,98,4,18,2,6,0,0,0,0,0,0,1,1,1,1,40,7,-1,-1,-1,-1,10,1,E01019787,0
Unvalidated,2024141432694,2024,141432694,1,9,0,4,7,3,0,1,0,0,0,0,2,1,6,2,56,9,-1,-1,-1,-1,9,1,E01008023,0
Unvalidated,2024141432694,2024,141432694,2,1,0,4,7,3,0,1,0,0,0,0,1,1,6,2,-1,-1,-1,-1,-1,-1,-1,-1,-1,0
Unvalidated,2024141432812,2024,141432812,1,9,0,9,2,7,0,5,0,0,0,0,4,1,5,2,40,7,-1,-1,-1,-1,1,1,E01008090,0
Unvalidated,2024141432812,2024,141432812,2,90,0,18,5,2,9,1,0,0,0,0,1,1,6,1,10,2,-1,-1,-1,-1,-1,-1,-1,1
Unvalidated,2024141432868,2024,141432868,1,9,0,2,0,0,0,0,0,0,1,0,2,1,6,3,-1,-1,-1,-1,-1,-1,-1,-1,-1,0
Unvalidated,2024141432868,2024,141432868,2,9,0,18,6,2,0,0,0,0,0,0,1,1,6,1,63,9,-1,-1,-1,-1,6,1,E01007830,0
Unvalidated,2024141432908,2024,141432908,1,9,0,12,7,3,0,0,0,0,0,0,2,1,5,1,25,5,-1,-1,-1,-1,1,1,E01008103,0
Unvalidated,2024141432908,2024,141432908,2,9,0,18,7,3,0,0,0,0,0,0,1,1,6,3,-1,-1,-1,-1,-1,-1,-1,-1,-1,0
Unvalidated,2024141432941,2024,141432941,1,9,0,18,7,3,0,8,0,0,0,0,1,1,6,2,40,7,-1,-1,-1,-1,3,1,E01008063,0
Unvalidated,2024141432941,2024,141432941,2,9,0,12,2,7,0,1,0,0,0,0,1,1,6,3,-1,-1,-1,-1,-1,-1,-1,-1,-1,0
Unvalidated,2024141432975,2024,141432975,1,9,0,18,4,8,0,0,0,0,0,0,2,1,6,2,41,7,-1,-1,-1,-1,7,1,E01007381,0
Unvalidated,2024141432975,2024,141432975,2,98,0,18,4,8,0,0,0,0,0,0,1,1,6,1,58,9,-1,-1,-1,-1,-1,-1,-1,0
Unvalidated,2024141433044,2024,141433044,1,9,0,7,5,7,0,6,0,0,0,0,2,1,6,1,84,11,-1,-1,-1,-1,10,1,E01007674,0
Unvalidated,2024141433044,2024,141433044,2,9,0,9,5,2,0,6,0,0,0,0,1,1,6,2,-1,-1,-1,-1,-1,-1,10,1,E01007674,0
Unvalidated,2024141433220,2024,141433220,1,11,0,18,7,3,0,2,0,0,0,0,0,1,6,3,-1,-1,-1,-1,-1,-1,-1,-1,-1,0
Unvalidated,2024141433251,2024,141433251,1,9,0,18,1,5,0,0,0,0,0,0,1,1,5,2,55,8,-1,-1,-1,-1,2,1,E01007782,0
Unvalidated,2024141433259,2024,141433259,1,98,0,3,3,7,0,1,0,0,0,0,2,1,1,1,53,8,-1,-1,-1,-1,1,1,E01007977,0
Unvalidated,2024141433259,2024,141433259,2,1,0,18,3,7,0,1,0,4,0,0,1,1,1,1,16,4,-1,-1,-1,-1,1,1,E01008114,0
Unvalidated,2024141433358,2024,141433358,1,90,0,18,7,2,0,1,0,0,0,0,1,1,6,3,-1,-1,-1,-1,-1,-1,-1,-1,-1,1
Unvalidated,2024141433423,2024,141433423,1,1,0,18,6,3,0,1,1,0,0,0,1,1,5,1,16,4,-1,-1,-1,-1,6,1,E01008046,0
Unvalidated,2024141433423,2024,141433423,2,98,0,5,1,6,0,8,0,0,0,0,3,1,6,1,-1,-1,-1,-1,-1,-1,8,1,E01007831,0
Unvalidated,2024141433464,2024,141433464,1,9,0,18,3,7,0,8,0,0,0,0,1,1,5,1,45,7,-1,-1,-1,-1,9,1,E01007898,0
Unvalidated,2024141433464,2024,141433464,2,9,0,18,7,3,0,8,0,0,0,0,3,1,5,1,77,11,-1,-1,-1,-1,1,1,E01007416,0
Unvalidated,2024141433522,2024,141433522,1,9,0,18,7,3,0,0,0,0,0,0,1,1,6,1,36,7,-1,-1,-1,-1,2,1,E01007498,0
Unvalidated,2024141433522,2024,141433522,2,97,0,18,7,3,0,0,0,0,0,0,1,1,6,3,-1,-1,-1,-1,-1,-1,-1,-1,-1,0
Unvalidated,2024141433570,2024,141433570,1,9,0,18,7,3,0,1,0,0,0,0,3,1,6,1,65,9,-1,-1,-1,-1,1,1,E01007367,0
Unvalidated,2024141433570,2024,141433570,2,9,0,9,1,7,0,1,0,0,1,0,4,1,6,1,79,11,-1,-1,-1,-1,3,1,E01007777,0
Unvalidated,2024141433615,2024,141433615,1,9,0,11,1,5,0,0,1,0,2,2,1,1,6,1,33,6,-1,-1,-1,-1,4,3,E01007559,0
Unvalidated,2024141433665,2024,141433665,1,9,0,9,3,1,0,5,0,0,0,0,3,1,5,2,50,8,-1,-1,-1,-1,4,3,E01007587,0
Unvalidated,2024141433665,2024,141433665,2,9,0,18,1,5,0,1,0,0,0,0,1,1,5,2,52,8,-1,-1,-1,-1,3,2,E01028027,0
Unvalidated,2024141433738,2024,141433738,1,9,0,16,4,6,0,0,0,0,1,1,1,1,5,1,19,4,-1,-1,-1,-1,5,1,E01007366,0
Unvalidated,2024141433743,2024,141433743,1,1,0,18,7,3,0,0,0,0,0,0,0,1,2,1,18,4,-1,-1,-1,-1,5,1,E01007366,0
Unvalidated,2024141433743,2024,141433743,2,9,0,18,-1,-1,0,0,0,0,0,0,-1,1,6,3,-1,-1,-1,-1,-1,-1,-1,-1,-1,0
Unvalidated,2024141433941,2024,141433941,1,9,0,6,5,1,0,0,0,0,0,0,1,1,6,1,29,6,-1,-1,-1,-1,1,1,E01007875,0
Unvalidated,2024141433941,2024,141433941,2,1,0,18,5,1,0,0,0,0,0,0,1,1,6,1,35,6,-1,-1,-1,-1,7,1,E01008133,0
Unvalidated,2024141433980,2024,141433980,1,9,0,18,7,1,0,0,0,0,0,0,1,1,6,1,39,7,-1,-1,-1,-1,1,1,E01007496,0
Unvalidated,2024141433980,2024,141433980,2,90,0,18,1,5,9,0,5,0,0,0,1,1,6,1,15,3,-1,-1,-1,-1,1,1,E01007496,0
Unvalidated,2024141434032,2024,141434032,1,9,0,18,3,7,0,0,0,0,0,0,1,1,5,1,21,5,-1,-1,-1,-1,6,1,E01008006,0
Unvalidated,2024141434032,2024,141434032,2,9,0,2,0,0,0,0,0,0,0,0,2,1,6,3,-1,-1,-1,-1,-1,-1,-1,-1,-1,0
Unvalidated,2024141434032,2024,141434032,3,9,0,2,0,0,0,0,0,0,0,0,2,1,6,3,-1,-1,-1,-1,-1,-1,-1,-1,-1,0