status,collision_index,collision_year,collision_reference,vehicle_reference,vehicle_type,towing_and_articulation,vehicle_manoeuvre,vehicle_direction_from,vehicle_direction_to,vehicle_location_restricted_lane,junction_location,skidding_and_overturning,hit_object_in_carriageway,vehicle_leaving_carriageway,hit_object_off_carriageway,first_point_of_impact,vehicle_left_hand_drive,journey_purpose_of_driver,sex_of_driver,age_of_driver,age_band_of_driver,engine_capacity_cc,propulsion_code,age_of_vehicle,generic_make_model,driver_imd_decile,driver_home_area_type,lsoa_of_driver,escooter_flag
Unvalidated,2024141434082,2024,141434082,1,9,0,18,6,2,0,2,0,0,0,0,1,1,2,1,57,9,-1,-1,-1,-1,4,1,E01007646,0
Unvalidated,2024141434082,2024,141434082,2,90,0,18,2,6,0,1,1,0,7,0,1,1,6,1,-1,-1,-1,-1,-1,-1,-1,-1,-1,0
Unvalidated,2024141434098,2024,141434098,1,9,0,9,6,3,0,5,0,0,0,0,4,1,5,1,21,5,-1,-1,-1,-1,1,1,E01007892,0
Unvalidated,2024141434098,2024,141434098,2,9,0,18,2,6,0,1,0,0,0,0,4,1,5,2,46,8,-1,-1,-1,-1,1,1,E01007892,0
Unvalidated,2024141434119,2024,141434119,1,9,0,12,5,1,0,0,0,0,0,0,3,1,2,2,46,8,-1,-1,-1,-1,2,1,E01008014,0
Unvalidated,2024141434119,2024,141434119,2,9,0,11,5,1,0,0,0,0,0,0,4,1,5,2,26,6,-1,-1,-1,-1,5,1,E01007366,0
Unvalidated,2024141434136,2024,141434136,1,9,0,16,7,2,0,3,1,0,1,7,3,1,5,1,36,7,-1,-1,-1,-1,2,1,E01007592,0
Unvalidated,2024141434136,2024,141434136,2,9,0,18,2,6,0,1,0,0,0,0,3,1,5,1,54,8,-1,-1,-1,-1,3,1,E01007494,0
Unvalidated,2024141434201,2024,141434201,1,9,0,18,6,2,0,0,0,4,0,0,1,1,6,1,29,6,-1,-1,-1,-1,5,3,E01007489,0
Unvalidated,2024141434201,2024,141434201,2,98,0,2,0,0,0,0,0,4,0,0,1,1,6,3,-1,-1,-1,-1,-1,-1,-1,-1,-1,0
Unvalidated,2024141434201,2024,141434201,3,9,0,2,0,0,0,0,0,0,0,0,2,1,6,3,-1,-1,-1,-1,-1,-1,-1,-1,-1,0
Unvalidated,2024141434250,2024,141434250,1,9,0,9,1,5,0,0,0,0,0,0,1,1,2,2,36,7,-1,-1,-1,-1,1,1,E01007634,0
Unvalidated,2024141434250,2024,141434250,2,9,0,7,5,1,0,0,0,0,0,0,3,1,2,1,26,6,-1,-1,-1,-1,7,2,E01013248,0
Unvalidated,2024141434492,2024,141434492,1,9,0,18,2,6,0,0,0,10,1,2,1,1,5,1,83,11,-1,-1,-1,-1,3,1,E01007363,0
Unvalidated,2024141434492,2024,141434492,2,9,0,18,1,5,0,0,0,0,0,0,2,1,5,1,67,10,-1,-1,-1,-1,1,1,E01007325,0
Unvalidated,2024141434595,2024,141434595,1,9,0,7,5,8,0,0,0,0,0,0,1,1,5,2,35,6,-1,-1,-1,-1,1,1,E01008054,0
Unvalidated,2024141434595,2024,141434595,2,9,0,18,8,4,0,0,0,0,0,0,1,1,1,1,29,6,-1,-1,-1,-1,1,1,E01007914,0
Unvalidated,2024141434653,2024,141434653,1,9,0,18,2,6,0,4,0,0,0,0,1,1,6,2,51,8,-1,-1,-1,-1,6,1,E01007724,0
Unvalidated,2024141434668,2024,141434668,1,9,0,18,4,8,0,1,5,0,0,0,3,1,2,2,66,10,-1,-1,-1,-1,2,1,E01007405,0
Unvalidated,2024141434668,2024,141434668,2,9,0,2,0,0,0,1,0,0,0,0,3,1,6,3,-1,-1,-1,-1,-1,-1,-1,-1,-1,0
Unvalidated,2024141434668,2024,141434668,3,9,0,2,0,0,6,1,0,0,0,0,4,1,6,3,-1,-1,-1,-1,-1,-1,-1,-1,-1,0
Unvalidated,2024141434711,2024,141434711,1,9,0,18,3,7,0,0,0,0,0,0,1,1,6,2,18,4,-1,-1,-1,-1,10,1,E01008146,0
Unvalidated,2024141434711,2024,141434711,2,98,0,2,0,0,0,0,0,0,0,0,1,1,6,3,-1,-1,-1,-1,-1,-1,-1,-1,-1,0
Unvalidated,2024141434711,2024,141434711,3,9,0,2,0,0,0,0,0,0,0,0,1,1,6,3,-1,-1,-1,-1,-1,-1,-1,-1,-1,0
Unvalidated,2024141434818,2024,141434818,1,9,0,14,1,5,0,0,0,0,0,0,1,1,5,1,76,11,-1,-1,-1,-1,1,1,E01007563,0
Unvalidated,2024141434818,2024,141434818,2,9,0,18,5,1,0,0,0,0,0,0,1,1,5,2,35,6,-1,-1,-1,-1,3,1,E01013158,0
Unvalidated,2024141434921,2024,141434921,1,9,0,9,1,7,0,5,0,0,0,0,1,1,6,1,66,10,-1,-1,-1,-1,6,1,E01007833,0
Unvalidated,2024141434921,2024,141434921,2,97,0,14,1,5,0,1,0,0,0,0,4,1,6,1,63,9,-1,-1,-1,-1,9,1,E01019589,0
Unvalidated,2024141434928,2024,141434928,1,9,0,18,5,1,0,1,0,0,0,0,1,1,3,2,48,8,-1,-1,-1,-1,5,3,E01007753,0
Unvalidated,2024141434928,2024,141434928,2,90,0,5,4,8,0,6,0,0,0,0,1,1,6,1,11,3,-1,-1,-1,-1,-1,2,-1,1
Unvalidated,2024141434929,2024,141434929,1,9,0,18,2,6,0,1,0,0,0,0,4,1,5,1,64,9,-1,-1,-1,-1,1,1,E01008124,0
Unvalidated,2024141434929,2024,141434929,2,1,0,18,2,6,0,1,0,0,0,0,3,1,6,1,79,11,-1,-1,-1,-1,10,1,E01007961,0
Unvalidated,2024141434938,2024,141434938,1,9,0,9,8,6,0,5,0,0,0,0,1,1,5,2,23,5,-1,-1,-1,-1,1,1,E01007869,0
Unvalidated,2024141434938,2024,141434938,2,9,0,18,4,8,0,8,0,0,0,0,1,1,5,1,22,5,-1,-1,-1,-1,5,1,E01007953,0
Unvalidated,2024141435340,2024,141435340,1,9,0,-1,-1,-1,-1,0,-1,-1,-1,0,-1,1,6,3,-1,-1,-1,-1,-1,-1,-1,-1,-1,0
Unvalidated,2024141435340,2024,141435340,2,9,0,18,5,1,0,0,0,0,0,0,1,1,6,1,29,6,-1,-1,-1,-1,-1,-1,-1,0
Unvalidated,2024141435340,2024,141435340,3,9,0,18,5,1,0,0,0,0,0,0,2,1,6,2,34,6,-1,-1,-1,-1,9,1,E01007984,0
Unvalidated,2024141435340,2024,141435340,4,9,0,18,5,1,0,0,0,0,0,0,3,1,6,2,42,7,-1,-1,-1,-1,5,1,E01007996,0
Unvalidated,2024141435340,2024,141435340,5,9,0,18,5,1,0,0,0,0,0,0,2,1,6,2,38,7,-1,-1,-1,-1,1,1,E01007760,0
Unvalidated,2024141435340,2024,141435340,6,9,0,18,5,1,0,0,0,0,0,0,3,1,6,1,53,8,-1,-1,-1,-1,3,1,E01007457,0
Unvalidated,2024141435391,2024,141435391,1,9,0,18,7,4,0,1,0,0,0,0,1,1,6,2,26,6,-1,-1,-1,-1,1,1,E01008011,0
Unvalidated,2024141435391,2024,141435391,2,9,0,18,1,5,0,1,5,0,0,0,4,1,2,1,28,6,-1,-1,-1,-1,1,1,E01008011,0
Unvalidated,2024141435414,2024,141435414,1,9,0,18,2,6,0,0,0,0,1,4,1,1,5,2,32,6,-1,-1,-1,-1,1,1,E01007634,0
Unvalidated,2024141435414,2024,141435414,2,9,0,18,2,6,0,0,0,1,0,0,1,1,5,1,56,9,-1,-1,-1,-1,4,1,E01007623,0
Unvalidated,2024141435433,2024,141435433,1,9,0,18,8,4,0,0,0,0,0,0,1,1,2,1,65,9,-1,-1,-1,-1,5,1,E01008091,0
Unvalidated,2024141435504,2024,141435504,1,9,0,18,3,7,0,1,0,0,0,0,1,1,5,1,62,9,-1,-1,-1,-1,1,2,E01007809,0
Unvalidated,2024141435504,2024,141435504,2,9,0,9,3,1,0,8,0,0,0,0,2,1,6,3,-1,-1,-1,-1,-1,-1,-1,-1,-1,0
Unvalidated,2024141435646,2024,141435646,1,98,0,18,1,6,0,0,0,0,0,0,1,1,1,1,51,8,-1,-1,-1,-1,1,1,E01007542,0
Unvalidated,2024141435720,2024,141435720,1,9,0,18,6,2,0,2,0,0,0,0,1,1,2,2,39,7,-1,-1,-1,-1,4,1,E01007567,0
Unvalidated,2024141435747,2024,141435747,1,9,0,18,2,6,0,0,5,7,1,5,1,1,6,2,27,6,-1,-1,-1,-1,4,1,E01007559,0
Unvalidated,2024141435751,2024,141435751,1,9,0,18,3,6,0,2,0,0,0,0,4,1,5,1,19,4,-1,-1,-1,-1,2,1,E01007871,0
Unvalidated,2024141435753,2024,141435753,1,97,0,16,2,5,0,2,0,11,1,2,1,1,2,1,51,8,-1,-1,-1,-1,1,1,E01008122,0
Unvalidated,2024141435762,2024,141435762,1,9,0,8,1,3,0,4,0,0,0,0,2,1,6,2,49,8,-1,-1,-1,-1,4,1,E01007693,0
Unvalidated,2024141435762,2024,141435762,2,9,0,7,1,3,0,4,0,0,0,0,1,1,6,2,37,7,-1,-1,-1,-1,4,1,E01007693,0
Unvalidated,2024141435771,2024,141435771,1,9,0,4,5,1,0,1,0,0,0,0,1,1,5,2,60,9,-1,-1,-1,-1,4,1,E01007728,0
Unvalidated,2024141435771,2024,141435771,2,9,0,18,5,1,0,1,0,0,0,0,1,1,5,1,40,7,-1,-1,-1,-1,5,1,E01007813,0
Unvalidated,2024141435781,2024,141435781,1,9,0,13,6,2,0,0,0,0,0,0,1,1,6,1,31,6,-1,-1,-1,-1,-1,-1,-1,0
Unvalidated,2024141435781,2024,141435781,2,9,0,18,7,3,0,0,0,0,0,0,1,1,5,1,20,4,-1,-1,-1,-1,4,1,E01007742,0
Unvalidated,2024141435781,2024,141435781,3,9,0,18,6,3,0,0,0,0,0,0,1,1,2,2,31,6,-1,-1,-1,-1,3,1,E01007538,0
Unvalidated,2024141435781,2024,141435781,4,9,0,18,6,3,0,0,0,0,0,0,4,1,2,1,21,5,-1,-1,-1,-1,6,1,E01007620,0
Unvalidated,2024141435781,2024,141435781,5,11,0,18,6,2,0,0,0,0,0,0,3,1,1,1,66,10,-1,-1,-1,-1,1,1,E01007729,0
Unvalidated,2024141435781,2024,141435781,6,9,0,18,6,3,0,0,0,0,0,0,0,1,1,1,34,6,-1,-1,-1,-1,-1,-1,-1,0
Unvalidated,2024141436038,2024,141436038,1,9,0,18,6,3,0,6,0,0,0,0,4,1,2,1,39,7,-1,-1,-1,-1,7,2,E01008140,0
Unvalidated,2024141436038,2024,141436038,2,1,0,18,1,5,0,1,0,0,0,0,1,1,2,1,29,6,-1,-1,-1,-1,5,3,E01008136,0
Unvalidated,2024141436085,2024,141436085,1,9,0,9,6,4,0,6,0,1,0,0,1,1,5,2,55,8,-1,-1,-1,-1,10,1,E01008044,0
Unvalidated,2024141436085,2024,141436085,2,9,0,18,4,7,0,8,0,0,0,0,1,1,5,2,62,9,-1,-1,-1,-1,2,1,E01008057,0
Unvalidated,2024141436187,2024,141436187,1,97,0,11,4,8,0,1,0,0,0,0,1,1,6,1,46,8,-1,-1,-1,-1,7,1,E01011181,0
Unvalidated,2024141436187,2024,141436187,2,9,0,18,8,4,0,1,0,0,0,0,3,1,6,2,45,7,-1,-1,-1,-1,8,1,E01002472,0
Unvalidated,2024141436260,2024,141436260,1,9,0,17,3,7,0,0,0,0,0,0,3,1,1,2,24,5,-1,-1,-1,-1,4,1,E01007761,0
Unvalidated,2024141436260,2024,141436260,2,9,0,16,7,3,0,0,0,0,0,0,3,1,6,1,55,8,-1,-1,-1,-1,8,1,E01007712,0
Unvalidated,2024141436375,2024,141436375,1,9,0,18,3,7,0,0,0,0,0,0,0,1,6,3,-1,-1,-1,-1,-1,-1,-1,-1,-1,0
Unvalidated,2024141436418,2024,141436418,1,98,0,2,1,5,6,0,0,0,0,0,2,1,5,1,35,6,-1,-1,-1,-1,5,1,E01007746,0
Unvalidated,2024141436418,2024,141436418,2,9,0,2,0,0,0,0,0,0,0,0,4,1,6,2,41,7,-1,-1,-1,-1,5,1,E01007746,0
Unvalidated,2024141436637,2024,141436637,1,9,0,18,5,1,0,0,1,10,1,2,1,1,5,1,19,4,-1,-1,-1,-1,8,1,E01008141,0
Unvalidated,2024141436678,2024,141436678,1,9,0,18,8,5,0,1,0,0,0,0,1,1,5,1,19,4,-1,-1,-1,-1,1,1,E01007339,0
Unvalidated,2024141436678,2024,141436678,2,9,0,9,8,3,0,1,0,0,0,0,1,1,5,2,30,6,-1,-1,-1,-1,4,1,E01007344,0
Unvalidated,2024141436702,2024,141436702,1,9,0,18,1,5,0,1,0,11,2,11,1,1,5,1,20,4,-1,-1,-1,-1,7,1,E01007657,0
Unvalidated,2024141436821,2024,141436821,1,9,0,18,2,6,0,0,0,0,0,0,1,1,5,1,29,6,-1,-1,-1,-1,2,2,E01007470,0
Unvalidated,2024141436821,2024,141436821,2,1,0,18,2,6,0,0,2,0,0,0,2,1,6,1,17,4,-1,-1,-1,-1,2,1,E01007464,0
Unvalidated,2024141436929,2024,141436929,1,9,0,7,7,1,0,1,0,0,0,0,1,1,6,2,22,5,-1,-1,-1,-1,6,1,E01032551,0
Unvalidated,2024141436929,2024,141436929,2,9,0,18,5,1,0,1,0,0,0,0,1,1,6,2,23,5,-1,-1,-1,-1,8,1,E01007379,0
Unvalidated,2024141437112,2024,141437112,1,98,0,18,2,7,0,0,0,0,0,0,1,1,6,1,44,7,-1,-1,-1,-1,7,3,E01028023,0
Unvalidated,2024141437147,2024,141437147,1,9,0,16,5,8,0,0,0,0,2,1,1,1,6,2,20,4,-1,-1,-1,-1,3,1,E01007789,0
Unvalidated,2024141437329,2024,141437329,1,9,0,18,4,1,0,0,0,0,0,0,3,2,5,2,26,6,-1,-1,-1,-1,1,1,E01007534,0
Unvalidated,2024141437329,2024,141437329,2,9,0,13,5,1,0,0,0,0,0,0,4,1,6,3,-1,-1,-1,-1,-1,-1,-1,-1,-1,0
Unvalidated,2024141437495,2024,141437495,1,9,0,5,1,5,0,1,0,0,0,0,4,1,6,2,70,10,-1,-1,-1,-1,5,1,E01007388,0
Unvalidated,2024141437495,2024,141437495,2,9,0,18,7,3,0,1,0,0,0,0,4,1,6,2,44,7,-1,-1,-1,-1,2,1,E01007395,0
Unvalidated,2024141437568,2024,141437568,1,9,0,18,7,3,0,0,0,0,0,0,2,1,5,2,86,11,-1,-1,-1,-1,9,1,E01007899,0
Unvalidated,2024141437585,2024,141437585,1,9,0,18,3,7,0,0,0,0,0,0,1,1,3,1,48,8,-1,-1,-1,-1,1,1,E01007913,0
Unvalidated,2024141437636,2024,141437636,1,9,0,9,1,5,0,0,0,0,0,0,1,1,2,1,58,9,-1,-1,-1,-1,7,2,E01019802,0
Unvalidated,2024141437636,2024,141437636,2,90,0,18,5,1,0,0,0,0,0,0,1,1,6,1,14,3,-1,-1,-1,-1,10,2,E01007430,0
Unvalidated,2024141437699,2024,141437699,1,9,0,9,2,8,0,8,0,0,0,0,4,1,5,2,53,8,-1,-1,-1,-1,9,3,E01011935,0
Unvalidated,2024141437699,2024,141437699,2,1,0,18,6,2,0,8,0,0,0,0,1,1,6,1,20,4,-1,-1,-1,-1,10,1,E01028711,0
Unvalidated,2024141438057,2024,141438057,1,9,0,18,3,7,0,8,0,0,0,0,1,1,5,1,81,11,-1,-1,-1,-1,2,1,E01008014,0
Unvalidated,2024141438057,2024,141438057,2,9,0,18,7,3,0,8,0,0,0,0,2,1,6,3,-1,-1,-1,-1,-1,-1,-1,-1,-1,0
Unvalidated,2024141438483,2024,141438483,1,9,0,18,1,5,0,0,0,0,0,0,1,1,6,1,30,6,-1,-1,-1,-1,1,1,E01010832,0
Unvalidated,2024141438488,2024,141438488,1,9,0,18,3,7,0,1,0,0,0,0,1,1,6,1,27,6,-1,-1,-1,-1,9,2,E01007808,0
Unvalidated,2024141438488,2024,141438488,2,1,0,18,8,5,0,2,1,0,0,0,4,1,6,1,13,3,-1,-1,-1,-1,4,1,E01007742,0
Unvalidated,2024141438496,2024,141438496,1,9,0,18,1,5,0,0,0,0,0,0,1,1,5,2,26,6,-1,-1,-1,-1,2,1,E01011781,0
Unvalidated,2024141438775,2024,141438775,1,9,0,7,7,8,0,8,0,0,0,0,1,1,2,1,38,7,-1,-1,-1,-1,2,1,E01007656,0
Unvalidated,2024141438775,2024,141438775,2,9,0,18,8,4,0,8,0,0,0,0,3,1,5,2,54,8,-1,-1,-1,-1,9,2,E01007612,0
Unvalidated,2024141438820,2024,141438820,1,9,0,18,8,4,0,0,1,0,7,11,1,1,3,2,21,5,-1,-1,-1,-1,1,1,E01007729,0
Unvalidated,2024141438872,2024,141438872,1,9,0,18,6,2,0,1,0,0,0,0,1,1,5,1,40,7,-1,-1,-1,-1,1,1,E01007948,0
Unvalidated,2024141438957,2024,141438957,1,9,0,18,6,2,0,0,5,0,1,2,3,1,5,1,35,6,-1,-1,-1,-1,2,1,E01007975,0
Unvalidated,2024141439019,2024,141439019,1,9,0,7,3,5,0,2,0,0,0,0,1,1,2,2,30,6,-1,-1,-1,-1,3,1,E01007807,0
Unvalidated,2024141439019,2024,141439019,2,9,0,18,5,1,0,1,0,0,0,0,1,1,5,1,26,6,-1,-1,-1,-1,1,1,E01007914,0
Unvalidated,2024141439019,2024,141439019,3,9,0,2,0,0,9,1,0,0,0,0,0,1,6,3,-1,-1,-1,-1,-1,-1,-1,-1,-1,0
Unvalidated,2024141439084,2024,141439084,1,98,0,18,2,7,0,1,0,0,0,0,1,1,5,1,52,8,-1,-1,-1,-1,7,3,E01011183,0
Unvalidated,2024141439084,2024,141439084,2,1,0,18,5,1,0,1,5,0,1,0,1,1,6,1,21,5,-1,-1,-1,-1,9,3,E01011179,0
Unvalidated,2024141439100,2024,141439100,1,9,0,7,5,7,0,2,0,0,0,0,3,1,6,2,26,6,-1,-1,-1,-1,2,1,E01007654,0
Unvalidated,2024141439100,2024,141439100,2,9,0,18,3,7,0,1,0,0,0,0,1,1,6,1,22,5,-1,-1,-1,-1,5,1,E01033260,0
Unvalidated,2024141439105,2024,141439105,1,9,0,18,4,8,0,0,0,0,0,0,4,1,6,2,-1,-1,-1,-1,-1,-1,-1,-1,-1,0
Unvalidated,2024141439209,2024,141439209,1,97,0,18,5,1,0,0,0,4,0,0,1,1,1,1,25,5,-1,-1,-1,-1,-1,-1,-1,0
Unvalidated,2024141439209,2024,141439209,2,9,0,2,0,0,0,0,0,0,0,0,3,1,6,3,-1,-1,-1,-1,-1,-1,-1,-1,-1,0
Unvalidated,2024141439222,2024,141439222,1,9,0,18,3,7,0,8,0,0,0,0,3,1,6,1,-1,-1,-1,-1,-1,-1,-1,-1,-1,0
Unvalidated,2024141439222,2024,141439222,2,1,0,18,6,2,0,6,5,0,0,0,1,1,5,1,6,2,-1,-1,-1,-1,1,1,E01008102,0
Unvalidated,2024141439247,2024,141439247,1,9,0,18,5,1,0,0,0,0,0,0,2,1,5,2,37,7,-1,-1,-1,-1,2,1,E01011866,0
Unvalidated,2024141439247,2024,141439247,2,9,0,18,5,1,0,0,0,0,5,6,1,1,5,1,25,5,-1,-1,-1,-1,1,1,E01011842,0
Unvalidated,2024141439250,2024,141439250,1,9,0,9,2,1,0,0,0,0,0,0,3,1,5,2,24,5,-1,-1,-1,-1,3,1,E01007457,0
Unvalidated,2024141439250,2024,141439250,2,9,0,13,3,7,0,0,0,0,0,0,1,1,6,1,36,7,-1,-1,-1,-1,2,1,E01007391,0
Unvalidated,2024141439284,2024,141439284,1,9,0,15,3,7,0,0,5,4,0,0,1,1,5,1,77,11,-1,-1,-1,-1,1,1,E01007629,0
Unvalidated,2024141439284,2024,141439284,2,9,0,2,0,0,0,0,0,0,1,0,2,1,6,3,-1,-1,-1,-1,-1,-1,-1,-1,-1,0
Unvalidated,2024141439358,2024,141439358,1,9,0,18,1,5,0,1,0,0,0,0,3,1,6,1,82,11,-1,-1,-1,-1,6,2,E01007586,0
Unvalidated,2024141439358,2024,141439358,2,9,0,17,1,1,0,1,0,0,0,0,1,1,6,2,53,8,-1,-1,-1,-1,2,1,E01007579,0
Unvalidated,2024141439437,2024,141439437,1,9,0,16,4,8,0,2,5,7,0,0,1,1,6,2,36,7,-1,-1,-1,-1,8,1,E01011536,0
Unvalidated,2024141439478,2024,141439478,1,9,0,18,5,1,0,8,0,0,0,0,1,1,5,2,78,11,-1,-1,-1,-1,6,1,E01007554,0
Unvalidated,2024141439478,2024,141439478,2,90,0,18,3,7,0,2,0,0,0,0,4,1,1,1,67,10,-1,-1,-1,-1,1,1,E01011497,0
Unvalidated,2024141439588,2024,141439588,1,9,0,18,3,7,0,8,0,0,0,0,4,1,6,1,24,5,-1,-1,-1,-1,2,1,E01007783,0
Unvalidated,2024141439588,2024,141439588,2,98,0,18,5,1,0,4,0,0,0,0,1,1,6,1,83,11,-1,-1,-1,-1,1,1,E01007723,0
Unvalidated,2024141439610,2024,141439610,1,9,0,18,4,8,0,8,0,0,0,0,3,1,5,1,61,9,-1,-1,-1,-1,2,2,E01007470,0
Unvalidated,2024141439610,2024,141439610,2,9,0,18,6,8,0,2,0,0,3,0,1,1,5,1,54,8,-1,-1,-1,-1,3,1,E01007515,0
Unvalidated,2024141439822,2024,141439822,1,9,0,18,4,8,0,0,0,0,0,0,1,2,6,3,-1,-1,-1,-1,-1,-1,-1,-1,-1,0
Unvalidated,2024141439944,2024,141439944,1,9,0,5,1,5,0,3,0,7,6,7,1,1,5,2,74,10,-1,-1,-1,-1,7,1,E01007552,0
Unvalidated,2024141440102,2024,141440102,1,9,0,18,1,5,0,2,0,0,1,4,1,1,5,1,41,7,-1,-1,-1,-1,1,1,E01007941,0
Unvalidated,2024141440154,2024,141440154,1,9,0,18,3,1,0,4,0,0,0,0,2,1,1,2,53,8,-1,-1,-1,-1,10,1,E01013114,0
Unvalidated,2024141440154,2024,141440154,2,98,0,18,3,7,0,4,0,0,0,0,1,1,1,1,59,9,-1,-1,-1,-1,4,3,E01013076,0
Unvalidated,2024141440442,2024,141440442,1,9,0,5,4,8,8,0,0,0,0,0,1,1,5,1,50,8,-1,-1,-1,-1,2,1,E01007849,0
Unvalidated,2024141440442,2024,141440442,2,97,0,18,4,8,0,0,5,0,0,0,1,1,6,1,56,9,-1,-1,-1,-1,1,1,E01008060,0
Unvalidated,2024141440537,2024,141440537,1,9,0,7,7,1,0,6,0,0,0,0,4,1,5,2,42,7,-1,-1,-1,-1,3,1,E01007433,0
Unvalidated,2024141440826,2024,141440826,1,9,0,11,6,2,0,0,0,0,0,0,0,1,5,2,34,6,-1,-1,-1,-1,8,1,E01007712,0
Unvalidated,2024141440826,2024,141440826,2,97,0,18,6,2,0,0,2,0,0,0,0,1,6,1,81,11,-1,-1,-1,-1,6,1,E01007707,0
Unvalidated,2024141440856,2024,141440856,1,9,0,18,5,1,0,0,0,0,0,0,1,1,6,1,77,11,-1,-1,-1,-1,3,1,E01007720,0
Unvalidated,2024141440856,2024,141440856,2,9,0,4,5,1,0,0,0,0,0,0,1,1,6,2,28,6,-1,-1,-1,-1,1,1,E01007719,0
Unvalidated,2024141440873,2024,141440873,1,9,0,7,8,2,0,1,0,0,0,0,4,1,5,1,29,6,-1,-1,-1,-1,-1,-1,-1,0
Unvalidated,2024141440873,2024,141440873,2,97,0,15,8,4,0,1,0,0,0,0,3,1,5,1,20,4,-1,-1,-1,-1,3,1,E01007447,0
Unvalidated,2024141440939,2024,141440939,1,9,0,3,8,4,0,8,0,0,0,0,2,1,5,1,64,9,-1,-1,-1,-1,3,1,E01007351,0
Unvalidated,2024141440939,2024,141440939,2,9,0,18,8,4,0,8,0,0,0,0,1,1,5,1,73,10,-1,-1,-1,-1,2,2,E01007328,0
Unvalidated,2024141440953,2024,141440953,1,9,0,9,2,8,0,7,0,0,0,0,4,1,2,1,62,9,-1,-1,-1,-1,2,1,E01007975,0
Unvalidated,2024141440953,2024,141440953,2,1,0,18,6,2,0,8,0,0,0,0,1,1,2,1,51,8,-1,-1,-1,-1,6,1,E01011182,0
Unvalidated,2024141440969,2024,141440969,1,97,0,18,5,1,0,1,0,0,0,0,1,1,5,1,16,4,-1,-1,-1,-1,3,1,E01007635,0
Unvalidated,2024141440969,2024,141440969,2,9,0,9,7,5,0,2,0,0,0,0,3,1,5,2,64,9,-1,-1,-1,-1,3,1,E01007637,0
Unvalidated,2024141441126,2024,141441126,1,9,0,10,8,7,0,8,0,0,0,0,2,1,5,1,32,6,-1,-1,-1,-1,4,1,E01007852,0
Unvalidated,2024141441126,2024,141441126,2,9,0,18,1,5,0,1,0,0,0,0,1,1,6,1,-1,-1,-1,-1,-1,-1,-1,-1,-1,0
Unvalidated,2024141441261,2024,141441261,1,9,0,18,1,4,0,2,0,4,0,0,1,1,6,1,71,10,-1,-1,-1,-1,2,1,E01007417,0
Unvalidated,2024141441261,2024,141441261,2,9,0,2,0,0,0,2,0,0,0,0,2,1,6,3,-1,-1,-1,-1,-1,-1,-1,-1,-1,0
Unvalidated,2024141441287,2024,141441287,1,9,0,12,5,3,0,3,0,0,0,0,1,1,5,1,38,7,-1,-1,-1,-1,2,1,E01011862,0
Unvalidated,2024141441287,2024,141441287,2,97,0,11,7,3,0,3,0,0,1,0,4,1,2,1,62,9,-1,-1,-1,-1,3,1,E01007538,0
Unvalidated,2024141441295,2024,141441295,1,97,0,13,5,1,0,0,0,0,0,0,2,1,6,1,26,6,-1,-1,-1,-1,1,1,E01007339,0
Unvalidated,2024141441295,2024,141441295,2,9,0,18,5,1,0,0,0,0,0,0,4,1,2,2,43,7,-1,-1,-1,-1,9,3,E01007419,0
Unvalidated,2024141441307,2024,141441307,1,97,0,13,5,1,0,0,2,0,0,0,1,1,6,1,30,6,-1,-1,-1,-1,3,1,E01007363,0
Unvalidated,2024141441307,2024,141441307,2,98,0,18,1,5,0,0,0,0,0,0,1,1,6,1,61,9,-1,-1,-1,-1,2,1,E01007405,0
Unvalidated,2024141441307,2024,141441307,3,9,0,18,1,5,0,0,0,0,0,0,2,1,6,1,63,9,-1,-1,-1,-1,6,1,E01007707,0
Unvalidated,2024141441355,2024,141441355,1,9,0,7,1,5,0,2,0,0,0,0,1,1,6,2,82,11,-1,-1,-1,-1,4,1,E01007572,0
Unvalidated,2024141441355,2024,141441355,2,1,0,5,3,7,0,2,0,0,0,0,1,1,5,1,12,3,-1,-1,-1,-1,4,1,E01007572,0
Unvalidated,2024141441369,2024,141441369,1,9,0,18,5,1,0,1,0,0,1,10,1,1,1,1,30,6,-1,-1,-1,-1,1,1,E01007628,0
Unvalidated,2024141441369,2024,141441369,2,9,0,9,7,3,0,6,0,0,7,0,1,1,6,1,19,4,-1,-1,-1,-1,6,1,E01007560,0
Unvalidated,2024141441372,2024,141441372,1,9,0,1,3,7,9,0,0,0,0,0,2,1,1,1,74,10,-1,-1,-1,-1,2,1,E01007440,0
Unvalidated,2024141441387,2024,141441387,1,9,0,18,5,1,0,1,0,0,0,0,3,1,6,2,29,6,-1,-1,-1,-1,3,1,E01001391,0
Unvalidated,2024141441387,2024,141441387,2,9,0,18,4,8,0,2,2,0,0,0,4,1,6,2,28,6,-1,-1,-1,-1,2,1,E01007849,0
Unvalidated,2024141441400,2024,141441400,1,9,0,18,2,6,0,1,5,0,0,0,1,1,6,1,18,4,-1,-1,-1,-1,4,1,E01007693,0
Unvalidated,2024141441400,2024,141441400,2,9,0,4,2,4,0,1,0,4,2,0,2,1,6,1,30,6,-1,-1,-1,-1,4,1,E01007765,0
Unvalidated,2024141441400,2024,141441400,3,9,0,2,0,0,0,2,0,0,0,0,3,1,6,3,-1,-1,-1,-1,-1,-1,-1,-1,-1,0