status,collision_index,collision_year,collision_reference,vehicle_reference,vehicle_type,towing_and_articulation,vehicle_manoeuvre,vehicle_direction_from,vehicle_direction_to,vehicle_location_restricted_lane,junction_location,skidding_and_overturning,hit_object_in_carriageway,vehicle_leaving_carriageway,hit_object_off_carriageway,first_point_of_impact,vehicle_left_hand_drive,journey_purpose_of_driver,sex_of_driver,age_of_driver,age_band_of_driver,engine_capacity_cc,propulsion_code,age_of_vehicle,generic_make_model,driver_imd_decile,driver_home_area_type,lsoa_of_driver,escooter_flag
Unvalidated,2024141441404,2024,141441404,1,9,0,14,5,1,0,0,5,4,0,0,3,1,6,2,42,7,-1,-1,-1,-1,2,2,E01007491,0
Unvalidated,2024141441404,2024,141441404,2,9,0,2,0,0,0,0,0,0,0,0,3,1,6,3,-1,-1,-1,-1,-1,-1,-1,-1,-1,0
Unvalidated,2024141441404,2024,141441404,3,9,0,2,0,0,0,0,0,0,0,0,2,1,6,3,-1,-1,-1,-1,-1,-1,-1,-1,-1,0
Unvalidated,2024141441404,2024,141441404,4,9,0,2,0,0,0,0,0,0,0,0,4,1,6,3,-1,-1,-1,-1,-1,-1,-1,-1,-1,0
Unvalidated,2024141441404,2024,141441404,5,9,0,2,0,0,0,0,0,0,0,0,3,1,6,3,-1,-1,-1,-1,-1,-1,-1,-1,-1,0
Unvalidated,2024141441404,2024,141441404,6,9,0,2,0,0,0,0,0,0,0,0,2,1,6,3,-1,-1,-1,-1,-1,-1,-1,-1,-1,0
Unvalidated,2024141441415,2024,141441415,1,9,0,18,5,1,0,1,0,0,0,0,1,1,6,3,-1,-1,-1,-1,-1,-1,-1,-1,-1,0
Unvalidated,2024141441418,2024,141441418,1,97,0,18,1,5,0,8,5,0,0,0,4,1,6,1,31,6,-1,-1,-1,-1,8,1,E01011930,0
Unvalidated,2024141441418,2024,141441418,2,9,0,6,5,1,0,1,0,0,0,0,0,1,1,1,-1,-1,-1,-1,-1,-1,3,1,E01007346,0
Unvalidated,2024141441418,2024,141441418,3,9,0,5,7,3,0,6,0,0,0,0,1,1,5,2,48,8,-1,-1,-1,-1,9,3,E01011935,0
Unvalidated,2024141441464,2024,141441464,1,9,0,18,8,4,0,0,0,0,0,0,1,1,5,2,40,7,-1,-1,-1,-1,2,1,E01007697,0
Unvalidated,2024141441464,2024,141441464,2,9,0,7,6,2,0,0,0,0,0,0,4,1,2,1,38,7,-1,-1,-1,-1,1,1,E01007370,0
Unvalidated,2024141441511,2024,141441511,1,9,0,18,8,4,0,2,0,0,0,0,2,1,5,1,43,7,-1,-1,-1,-1,7,1,E01007596,0
Unvalidated,2024141441511,2024,141441511,2,9,0,18,8,4,0,2,0,0,0,0,1,1,5,1,19,4,-1,-1,-1,-1,6,1,E01007649,0
Unvalidated,2024141441513,2024,141441513,1,9,0,18,3,7,0,1,0,0,0,0,3,1,6,2,24,5,-1,-1,-1,-1,3,1,E01007480,0
Unvalidated,2024141441513,2024,141441513,2,98,0,13,3,7,0,1,0,0,0,0,4,1,6,3,-1,-1,-1,-1,-1,-1,-1,-1,-1,0
Unvalidated,2024141441564,2024,141441564,1,9,0,9,5,2,0,8,0,0,0,0,1,1,5,1,63,9,-1,-1,-1,-1,10,1,E01007690,0
Unvalidated,2024141441571,2024,141441571,1,9,0,11,1,5,0,0,0,0,0,0,3,2,5,1,26,6,-1,-1,-1,-1,5,1,E01008153,0
Unvalidated,2024141441571,2024,141441571,2,97,0,18,1,5,0,0,0,0,0,0,4,1,5,1,69,10,-1,-1,-1,-1,2,1,E01007950,0
Unvalidated,2024141441578,2024,141441578,1,9,0,5,7,5,0,6,0,0,0,0,3,1,5,1,56,9,-1,-1,-1,-1,1,1,E01007794,0
Unvalidated,2024141441578,2024,141441578,2,9,0,18,5,7,0,1,0,0,0,0,1,1,1,2,54,8,-1,-1,-1,-1,1,1,E01007367,0
Unvalidated,2024141441622,2024,141441622,1,9,0,18,5,1,0,1,0,0,0,0,4,1,5,1,53,8,-1,-1,-1,-1,2,2,E01007491,0
Unvalidated,2024141441622,2024,141441622,2,98,0,9,6,4,0,8,0,0,0,0,-1,1,6,3,-1,-1,-1,-1,-1,-1,-1,-1,-1,0
Unvalidated,2024141441651,2024,141441651,1,9,0,18,1,5,0,2,0,0,0,0,1,1,5,2,57,9,-1,-1,-1,-1,1,1,E01007730,0
Unvalidated,2024141441651,2024,141441651,2,98,0,3,5,1,0,2,0,0,0,0,4,1,1,1,53,8,-1,-1,-1,-1,3,1,E01007322,0
Unvalidated,2024141441692,2024,141441692,1,9,0,18,7,3,0,8,0,0,0,0,1,1,6,3,-1,-1,-1,-1,-1,-1,-1,-1,-1,0
Unvalidated,2024141441692,2024,141441692,2,9,0,9,2,6,0,6,0,0,0,0,3,1,5,1,59,9,-1,-1,-1,-1,1,1,E01007902,0
Unvalidated,2024141441843,2024,141441843,1,9,0,18,4,8,0,1,0,0,7,11,1,1,5,1,27,6,-1,-1,-1,-1,1,1,E01008054,0
Unvalidated,2024141441843,2024,141441843,2,1,0,9,4,2,0,8,5,0,1,0,2,1,5,1,65,9,-1,-1,-1,-1,7,1,E01007754,0
Unvalidated,2024141441990,2024,141441990,1,9,0,16,2,6,0,0,5,0,7,0,1,1,6,2,21,5,-1,-1,-1,-1,5,1,E01008034,0
Unvalidated,2024141442067,2024,141442067,1,9,0,4,4,8,0,1,0,0,0,0,3,1,2,1,24,5,-1,-1,-1,-1,3,1,E01008093,0
Unvalidated,2024141442098,2024,141442098,1,9,0,9,6,3,0,2,0,0,0,0,3,1,5,2,35,6,-1,-1,-1,-1,3,1,E01008027,0
Unvalidated,2024141442098,2024,141442098,2,97,0,9,5,3,0,2,0,0,0,0,1,1,5,2,40,7,-1,-1,-1,-1,4,1,E01007842,0
Unvalidated,2024141442225,2024,141442225,1,98,0,18,4,8,0,0,0,0,0,0,1,1,6,3,-1,-1,-1,-1,-1,-1,-1,-1,-1,0
Unvalidated,2024141442234,2024,141442234,1,9,0,15,4,8,0,0,0,0,0,0,4,1,5,2,33,6,-1,-1,-1,-1,5,3,E01028036,0
Unvalidated,2024141442266,2024,141442266,1,9,0,4,4,8,0,0,0,0,0,0,3,1,2,2,72,10,-1,-1,-1,-1,5,1,E01007350,0
Unvalidated,2024141442266,2024,141442266,2,9,0,18,4,8,0,0,0,0,0,0,2,1,5,1,29,6,-1,-1,-1,-1,3,1,E01007345,0
Unvalidated,2024141442266,2024,141442266,3,9,0,18,3,7,0,0,0,0,0,0,1,2,5,2,66,10,-1,-1,-1,-1,2,1,E01007348,0
Unvalidated,2024141442347,2024,141442347,1,9,0,18,8,4,0,0,0,0,0,0,1,1,6,1,-1,-1,-1,-1,-1,-1,-1,-1,-1,0
Unvalidated,2024141442347,2024,141442347,2,1,0,18,6,2,5,0,5,0,0,0,4,1,6,1,27,6,-1,-1,-1,-1,3,1,E01007533,0
Unvalidated,2024141442362,2024,141442362,1,9,0,18,5,1,0,0,0,0,0,0,4,1,5,1,23,5,-1,-1,-1,-1,1,1,E01008097,0
Unvalidated,2024141442400,2024,141442400,1,9,0,1,1,5,0,1,0,0,0,0,4,1,5,1,45,7,-1,-1,-1,-1,6,1,E01007640,0
Unvalidated,2024141442400,2024,141442400,2,9,0,2,5,1,0,1,0,0,0,0,3,1,5,1,27,6,-1,-1,-1,-1,2,1,E01007633,0
Unvalidated,2024141442630,2024,141442630,1,9,0,17,5,1,0,8,0,0,0,0,1,1,6,2,24,5,-1,-1,-1,-1,8,1,E01007561,0
Unvalidated,2024141442630,2024,141442630,2,9,0,9,1,5,0,2,1,0,0,0,3,1,6,2,60,9,-1,-1,-1,-1,5,1,E01007558,0
Unvalidated,2024141442651,2024,141442651,1,9,0,18,4,8,0,1,0,0,0,0,1,1,1,2,24,5,-1,-1,-1,-1,3,2,E01019792,0
Unvalidated,2024141442651,2024,141442651,2,9,0,7,6,8,0,6,0,0,0,0,1,1,1,2,47,8,-1,-1,-1,-1,4,3,E01007788,0
Unvalidated,2024141442877,2024,141442877,1,98,0,18,8,4,0,0,0,0,0,0,1,1,2,1,38,7,-1,-1,-1,-1,4,1,E01007434,0
Unvalidated,2024141442877,2024,141442877,2,90,0,18,4,8,0,0,0,0,0,0,1,1,6,1,12,3,-1,-1,-1,-1,2,1,E01007435,1
Unvalidated,2024141442878,2024,141442878,1,9,0,18,3,7,0,1,0,0,0,0,1,1,2,2,35,6,-1,-1,-1,-1,9,1,E01007926,0
Unvalidated,2024141442878,2024,141442878,2,9,0,9,7,5,0,5,0,0,0,0,1,1,3,2,30,6,-1,-1,-1,-1,6,1,E01008152,0
Unvalidated,2024141442880,2024,141442880,1,9,0,9,2,8,0,8,0,0,0,0,3,1,5,1,17,4,-1,-1,-1,-1,8,2,E01007431,0
Unvalidated,2024141442880,2024,141442880,2,1,0,14,8,4,0,1,0,0,0,0,1,1,6,2,43,7,-1,-1,-1,-1,7,3,E01007423,0
Unvalidated,2024141442976,2024,141442976,1,9,0,18,8,5,0,0,5,4,0,0,3,1,5,1,39,7,-1,-1,-1,-1,1,1,E01007734,0
Unvalidated,2024141442976,2024,141442976,2,9,0,2,0,0,0,0,0,0,0,0,3,1,6,3,-1,-1,-1,-1,-1,-1,-1,-1,-1,0
Unvalidated,2024141442976,2024,141442976,3,9,0,2,0,0,0,0,0,0,0,0,3,1,6,3,-1,-1,-1,-1,-1,-1,-1,-1,-1,0
Unvalidated,2024141442976,2024,141442976,4,9,0,2,0,0,0,0,0,0,0,0,3,1,6,3,-1,-1,-1,-1,-1,-1,-1,-1,-1,0
Unvalidated,2024141443294,2024,141443294,1,98,0,18,-1,-1,0,1,0,0,0,0,1,1,6,3,-1,-1,-1,-1,-1,-1,-1,-1,-1,0
Unvalidated,2024141443371,2024,141443371,1,9,0,9,4,8,0,8,0,0,0,0,1,1,5,1,56,9,-1,-1,-1,-1,9,1,E01007956,0
Unvalidated,2024141443371,2024,141443371,2,9,0,7,8,4,0,8,0,0,0,0,1,1,5,2,19,4,-1,-1,-1,-1,10,3,E01019606,0
Unvalidated,2024141443392,2024,141443392,1,9,0,18,5,1,0,1,0,0,0,0,4,1,5,1,47,8,-1,-1,-1,-1,1,1,E01008085,0
Unvalidated,2024141443392,2024,141443392,2,1,0,18,8,5,0,1,5,0,0,0,1,1,5,1,50,8,-1,-1,-1,-1,2,1,E01007340,0
Unvalidated,2024141443425,2024,141443425,1,97,0,5,7,2,0,1,0,0,0,0,1,1,6,1,28,6,-1,-1,-1,-1,2,1,E01007871,0
Unvalidated,2024141443425,2024,141443425,2,9,0,18,6,2,0,1,0,0,0,0,1,2,6,2,43,7,-1,-1,-1,-1,10,1,E01007922,0
Unvalidated,2024141443425,2024,141443425,3,9,0,18,6,7,0,1,5,0,0,0,1,2,5,1,25,5,-1,-1,-1,-1,2,1,E01007967,0
Unvalidated,2024141443747,2024,141443747,1,9,0,18,3,7,0,1,0,0,0,0,1,1,6,2,39,7,-1,-1,-1,-1,3,1,E01007799,0
Unvalidated,2024141443747,2024,141443747,2,9,0,5,5,1,0,6,0,0,0,0,1,1,6,1,-1,-1,-1,-1,-1,-1,-1,-1,-1,0
Unvalidated,2024141443761,2024,141443761,1,9,0,8,7,1,0,2,0,0,0,0,1,1,2,2,21,5,-1,-1,-1,-1,9,1,E01007624,0
Unvalidated,2024141443761,2024,141443761,2,9,0,18,5,1,0,2,0,0,0,0,4,1,2,1,54,8,-1,-1,-1,-1,4,1,E01007559,0
Unvalidated,2024141443799,2024,141443799,1,9,0,18,7,3,0,0,0,0,0,0,4,1,6,3,-1,-1,-1,-1,-1,-1,-1,-1,-1,0
Unvalidated,2024141443831,2024,141443831,1,9,0,13,7,3,0,0,2,0,7,9,1,1,5,1,20,4,-1,-1,-1,-1,1,1,E01008114,0
Unvalidated,2024141444104,2024,141444104,1,9,0,18,5,1,0,0,0,0,0,0,3,1,1,1,46,8,-1,-1,-1,-1,8,1,E01007831,0
Unvalidated,2024141444104,2024,141444104,2,9,0,18,5,1,0,0,0,0,0,0,4,1,6,1,24,5,-1,-1,-1,-1,8,1,E01007713,0
Unvalidated,2024141444201,2024,141444201,1,9,0,18,3,7,0,1,0,0,0,0,2,1,5,1,30,6,-1,-1,-1,-1,1,1,E01007764,0
Unvalidated,2024141444201,2024,141444201,2,9,0,18,3,7,0,2,0,0,0,0,1,1,6,1,44,7,-1,-1,-1,-1,1,1,E01007714,0
Unvalidated,2024141444315,2024,141444315,1,9,0,18,4,8,9,0,0,0,1,10,1,1,5,2,82,11,-1,-1,-1,-1,8,1,E01007918,0
Unvalidated,2024141444315,2024,141444315,2,9,0,2,0,0,9,0,0,0,0,0,4,1,6,3,-1,-1,-1,-1,-1,-1,-1,-1,-1,0
Unvalidated,2024141444339,2024,141444339,1,9,0,18,3,7,0,8,0,0,1,0,1,1,5,1,17,4,-1,-1,-1,-1,3,1,E01008004,0
Unvalidated,2024141444339,2024,141444339,2,9,0,18,5,1,0,8,0,0,0,0,1,1,6,1,40,7,-1,-1,-1,-1,1,1,E01007947,0
Unvalidated,2024141444339,2024,141444339,3,9,0,18,3,7,0,1,0,0,0,0,0,1,1,1,44,7,-1,-1,-1,-1,1,1,E01007902,0
Unvalidated,2024141444597,2024,141444597,1,9,0,18,1,5,0,0,0,4,0,0,-1,1,6,3,-1,-1,-1,-1,-1,-1,-1,-1,-1,0
Unvalidated,2024141444597,2024,141444597,2,9,0,2,0,0,0,0,0,0,0,0,2,1,6,3,-1,-1,-1,-1,-1,-1,-1,-1,-1,0
Unvalidated,2024141444597,2024,141444597,3,9,0,2,0,0,0,0,0,0,0,0,2,1,6,3,-1,-1,-1,-1,-1,-1,-1,-1,-1,0
Unvalidated,2024141444597,2024,141444597,4,9,0,2,0,0,0,0,0,0,0,0,3,1,6,3,-1,-1,-1,-1,-1,-1,-1,-1,-1,0
Unvalidated,2024141444634,2024,141444634,1,9,0,4,7,3,0,0,0,0,0,0,1,1,5,2,60,9,-1,-1,-1,-1,8,1,E01007841,0
Unvalidated,2024141444667,2024,141444667,1,9,0,18,6,2,0,0,2,0,7,0,1,1,6,1,18,4,-1,-1,-1,-1,1,1,E01007403,0
Unvalidated,2024141444694,2024,141444694,1,9,0,18,5,1,0,1,1,0,1,1,1,1,6,1,22,5,-1,-1,-1,-1,2,1,E01000040,0
Unvalidated,2024141444704,2024,141444704,1,9,0,9,5,1,0,8,0,0,0,0,1,1,5,1,25,5,-1,-1,-1,-1,10,1,E01007690,0
Unvalidated,2024141444704,2024,141444704,2,9,0,18,1,5,0,1,0,0,0,0,1,1,5,2,43,7,-1,-1,-1,-1,3,1,E01007773,0
Unvalidated,2024141444774,2024,141444774,1,9,0,9,7,4,0,8,0,0,0,0,4,1,6,1,31,6,-1,-1,-1,-1,1,1,E01008060,0
Unvalidated,2024141444774,2024,141444774,2,9,0,18,1,4,0,8,0,0,0,0,1,1,5,2,30,6,-1,-1,-1,-1,1,1,E01007732,0
Unvalidated,2024141444801,2024,141444801,1,9,0,5,5,1,0,0,0,0,0,0,1,1,5,1,41,7,-1,-1,-1,-1,3,2,E01007473,0
Unvalidated,2024141444854,2024,141444854,1,9,0,12,1,5,0,8,0,0,0,0,3,2,5,2,64,9,-1,-1,-1,-1,1,1,E01007719,0
Unvalidated,2024141444854,2024,141444854,2,97,0,18,1,5,0,1,0,0,0,0,4,1,5,1,76,11,-1,-1,-1,-1,2,1,E01007783,0
Unvalidated,2024141444860,2024,141444860,1,9,0,18,6,2,0,0,0,0,0,0,1,1,5,1,44,7,-1,-1,-1,-1,3,1,E01007346,0
Unvalidated,2024141444860,2024,141444860,2,97,0,15,2,6,0,0,0,0,0,0,1,1,5,1,53,8,-1,-1,-1,-1,3,1,E01000642,0
Unvalidated,2024141444881,2024,141444881,1,97,0,18,8,5,0,8,0,0,0,0,1,1,5,1,29,6,-1,-1,-1,-1,6,1,E01028050,0
Unvalidated,2024141444881,2024,141444881,2,9,0,10,2,5,0,8,0,0,0,0,2,1,6,1,33,6,-1,-1,-1,-1,10,1,E01007938,0
Unvalidated,2024141445080,2024,141445080,1,9,0,18,7,3,0,8,0,0,0,0,1,1,2,2,37,7,-1,-1,-1,-1,4,1,E01007537,0
Unvalidated,2024141445080,2024,141445080,2,9,0,18,5,1,0,1,0,0,0,0,1,1,1,2,53,8,-1,-1,-1,-1,4,1,E01019433,0
Unvalidated,2024141445081,2024,141445081,1,1,0,18,7,3,0,1,0,0,0,0,1,1,6,1,24,5,-1,-1,-1,-1,9,1,E01007960,0
Unvalidated,2024141445081,2024,141445081,2,9,0,5,1,5,0,6,0,0,0,0,3,1,6,1,-1,-1,-1,-1,-1,-1,-1,-1,-1,0
Unvalidated,2024141445240,2024,141445240,1,9,0,18,5,1,0,1,0,0,0,0,3,1,6,2,34,6,-1,-1,-1,-1,8,1,E01008048,0
Unvalidated,2024141445285,2024,141445285,1,9,0,3,8,4,0,1,0,0,0,0,2,1,5,1,48,8,-1,-1,-1,-1,1,1,E01007949,0
Unvalidated,2024141445285,2024,141445285,2,9,0,18,8,4,0,1,0,0,0,0,1,1,6,1,57,9,-1,-1,-1,-1,2,1,E01007871,0
Unvalidated,2024141445293,2024,141445293,1,9,0,3,2,6,0,0,0,0,0,0,2,1,6,2,49,8,-1,-1,-1,-1,10,1,E01007826,0
Unvalidated,2024141445293,2024,141445293,2,9,0,3,2,6,0,0,0,0,0,0,2,1,6,3,84,11,-1,-1,-1,-1,-1,-1,-1,0
Unvalidated,2024141445293,2024,141445293,3,9,0,18,2,6,0,0,2,0,0,0,1,1,6,3,52,8,-1,-1,-1,-1,-1,-1,-1,0
Unvalidated,2024141445379,2024,141445379,1,9,0,18,5,2,0,8,0,0,0,0,2,1,6,1,51,8,-1,-1,-1,-1,1,1,E01007542,0
Unvalidated,2024141445379,2024,141445379,2,9,0,18,5,2,0,8,0,0,0,0,1,1,6,3,-1,-1,-1,-1,-1,-1,-1,-1,-1,0
Unvalidated,2024141445536,2024,141445536,1,9,0,7,7,2,0,1,0,0,0,0,1,1,6,3,-1,-1,-1,-1,-1,-1,-1,-1,-1,0
Unvalidated,2024141445542,2024,141445542,1,9,0,2,0,0,0,0,0,0,0,0,2,1,3,2,27,6,-1,-1,-1,-1,6,1,E01007835,0
Unvalidated,2024141445542,2024,141445542,2,9,0,1,3,7,0,0,0,0,0,0,2,1,6,3,-1,-1,-1,-1,-1,-1,-1,-1,-1,0
Unvalidated,2024141445569,2024,141445569,1,9,0,17,3,8,0,0,0,0,0,0,1,1,1,1,41,7,-1,-1,-1,-1,2,1,E01007942,0
Unvalidated,2024141445699,2024,141445699,1,9,0,18,1,5,0,1,0,0,0,0,1,1,6,1,27,6,-1,-1,-1,-1,6,1,E01007347,0
Unvalidated,2024141445747,2024,141445747,1,9,0,9,2,6,0,8,0,0,0,0,4,1,5,1,47,8,-1,-1,-1,-1,7,1,E01007997,0
Unvalidated,2024141445747,2024,141445747,2,98,0,18,2,6,0,8,0,0,0,0,3,1,1,1,35,6,-1,-1,-1,-1,5,1,E01008104,0
Unvalidated,2024141445790,2024,141445790,1,9,0,7,7,3,0,1,0,0,0,0,4,1,2,1,39,7,-1,-1,-1,-1,5,1,E01007762,0
Unvalidated,2024141445790,2024,141445790,2,1,0,18,7,3,0,1,0,0,0,0,1,1,6,1,45,7,-1,-1,-1,-1,2,1,E01007759,0
Unvalidated,2024141445812,2024,141445812,1,9,0,9,4,8,0,8,0,0,0,0,4,1,5,1,22,5,-1,-1,-1,-1,4,1,E01007995,0
Unvalidated,2024141445812,2024,141445812,2,9,0,18,4,8,0,8,1,0,0,0,4,1,5,2,35,6,-1,-1,-1,-1,8,1,E01008141,0
Unvalidated,2024141446159,2024,141446159,1,9,0,3,5,1,0,0,0,0,0,0,1,1,6,2,28,6,-1,-1,-1,-1,3,1,E01007971,0
Unvalidated,2024141446159,2024,141446159,2,3,0,3,1,5,0,0,0,0,0,0,1,1,6,1,-1,-1,-1,-1,-1,-1,-1,-1,-1,0
Unvalidated,2024141446770,2024,141446770,1,97,0,9,5,3,0,4,0,0,0,0,1,1,2,1,37,7,-1,-1,-1,-1,1,1,E01007500,0
Unvalidated,2024141446770,2024,141446770,2,9,0,5,7,3,0,4,0,0,0,0,3,1,2,1,38,7,-1,-1,-1,-1,1,1,E01007564,0
Unvalidated,2024141446772,2024,141446772,1,9,0,18,5,1,0,0,0,0,0,0,1,1,6,1,45,7,-1,-1,-1,-1,10,1,E01010229,0
Unvalidated,2024141446772,2024,141446772,2,9,0,18,5,1,0,0,0,0,0,0,2,1,2,2,57,9,-1,-1,-1,-1,5,1,E01007757,0
Unvalidated,2024141446774,2024,141446774,1,9,0,18,1,5,0,1,0,0,0,0,3,1,2,2,57,9,-1,-1,-1,-1,2,1,E01007495,0
Unvalidated,2024141446776,2024,141446776,1,9,0,7,5,8,0,8,0,0,0,0,1,1,6,2,30,6,-1,-1,-1,-1,1,1,E01007320,0
Unvalidated,2024141446776,2024,141446776,2,9,0,10,5,3,0,8,0,0,0,0,3,1,5,2,32,6,-1,-1,-1,-1,1,2,E01007377,0
Unvalidated,2024141446777,2024,141446777,1,9,0,18,4,8,0,8,0,0,0,0,1,1,5,1,55,8,-1,-1,-1,-1,2,1,E01008112,0
Unvalidated,2024141446777,2024,141446777,2,1,0,18,6,2,0,8,0,0,0,0,1,1,6,1,10,2,-1,-1,-1,-1,1,1,E01008013,0
Unvalidated,2024141446778,2024,141446778,1,90,0,18,3,2,0,0,0,0,0,0,1,1,6,3,-1,-1,-1,-1,-1,-1,-1,-1,-1,1
Unvalidated,2024141446782,2024,141446782,1,9,0,18,2,6,0,0,0,0,0,0,1,1,2,2,60,9,-1,-1,-1,-1,6,1,E01007455,0
Unvalidated,2024141447120,2024,141447120,1,9,0,18,3,7,0,1,0,0,0,0,1,1,1,1,43,7,-1,-1,-1,-1,10,1,E01007896,0
Unvalidated,2024141447120,2024,141447120,2,98,0,10,3,7,0,1,0,0,0,0,0,1,1,1,45,7,-1,-1,-1,-1,5,1,E01007746,0
Unvalidated,2024141447139,2024,141447139,1,9,0,10,8,6,0,1,0,0,0,0,2,1,5,2,29,6,-1,-1,-1,-1,3,1,E01007569,0
Unvalidated,2024141447139,2024,141447139,2,9,0,7,8,2,0,1,0,0,0,0,1,1,5,1,78,11,-1,-1,-1,-1,3,1,E01032550,0
Unvalidated,2024141447165,2024,141447165,1,9,0,10,5,3,0,8,0,0,0,0,4,1,6,2,37,7,-1,-1,-1,-1,-1,-1,-1,0
Unvalidated,2024141447165,2024,141447165,2,9,0,14,5,1,0,1,0,0,0,0,4,1,6,3,-1,-1,-1,-1,-1,-1,-1,-1,-1,0
Unvalidated,2024141447322,2024,141447322,1,9,0,18,1,5,0,0,0,0,0,0,1,1,5,1,71,10,-1,-1,-1,-1,2,1,E01007633,0
Unvalidated,2024141447819,2024,141447819,1,9,0,18,1,5,0,0,0,0,0,0,1,1,5,1,38,7,-1,-1,-1,-1,1,1,E01007885,0
Unvalidated,2024141447819,2024,141447819,2,9,0,-1,-1,-1,-1,0,-1,-1,-1,0,-1,1,6,3,-1,-1,-1,-1,-1,-1,-1,-1,-1,0
Unvalidated,2024141447842,2024,141447842,1,9,0,7,2,3,0,2,0,0,0,0,1,1,5,2,29,6,-1,-1,-1,-1,2,1,E01008057,0
Unvalidated,2024141447842,2024,141447842,2,9,0,4,3,7,0,1,0,0,0,0,1,1,5,1,72,10,-1,-1,-1,-1,1,1,E01007941,0
Unvalidated,2024141447952,2024,141447952,1,9,0,9,1,7,0,0,0,0,0,0,2,1,5,1,39,7,-1,-1,-1,-1,3,2,E01007490,0
Unvalidated,2024141447952,2024,141447952,2,9,0,5,1,5,0,0,0,0,0,0,1,1,5,2,63,9,-1,-1,-1,-1,5,2,E01007489,0
Unvalidated,2024141448027,2024,141448027,1,98,0,8,2,5,0,6,0,0,0,0,4,1,1,1,54,8,-1,-1,-1,-1,4,1,E01007329,0
Unvalidated,2024141448027,2024,141448027,2,1,0,18,4,8,9,1,5,0,0,0,1,1,2,1,9,2,-1,-1,-1,-1,4,1,E01007329,0
Unvalidated,2024141448106,2024,141448106,1,9,0,4,5,5,0,1,1,4,0,0,1,1,5,1,65,9,-1,-1,-1,-1,4,1,E01007607,0
Unvalidated,2024141448106,2024,141448106,2,98,0,2,0,0,0,1,0,4,0,0,2,1,6,3,-1,-1,-1,-1,-1,-1,-1,-1,-1,0
Unvalidated,2024141448106,2024,141448106,3,9,0,2,0,0,0,1,0,0,0,0,2,1,6,3,-1,-1,-1,-1,-1,-1,-1,-1,-1,0
Unvalidated,2024141448113,2024,141448113,1,9,0,9,1,7,0,1,0,0,0,0,3,1,6,2,44,7,-1,-1,-1,-1,7,1,E01007689,0
Unvalidated,2024141448113,2024,141448113,2,9,0,13,1,5,0,1,0,0,0,0,1,1,1,1,29,6,-1,-1,-1,-1,4,1,E01007761,0
Unvalidated,2024141448164,2024,141448164,1,97,0,18,5,1,0,0,0,0,0,0,4,1,5,1,81,11,-1,-1,-1,-1,5,3,E01019605,0
Unvalidated,2024141448190,2024,141448190,1,9,0,9,7,6,0,0,0,0,0,0,1,1,6,1,18,4,-1,-1,-1,-1,7,2,E01007748,0
Unvalidated,2024141448190,2024,141448190,2,9,0,18,4,7,0,0,0,0,0,0,1,1,6,3,-1,-1,-1,-1,-1,-1,-1,-1,-1,0
Unvalidated,2024141448197,2024,141448197,1,9,0,5,4,8,0,0,0,0,0,0,4,1,1,1,56,9,-1,-1,-1,-1,2,1,E01008109,0
Unvalidated,2024141448234,2024,141448234,1,9,0,5,8,4,0,6,0,0,0,0,1,1,5,1,30,6,-1,-1,-1,-1,3,1,E01007774,0
Unvalidated,2024141448234,2024,141448234,2,9,0,17,4,1,0,1,5,10,2,7,4,1,5,1,43,7,-1,-1,-1,-1,3,1,E01007680,0
Unvalidated,2024141448294,2024,141448294,1,9,0,18,8,4,0,0,0,4,0,0,1,1,5,1,25,5,-1,-1,-1,-1,9,1,E01007380,0
Unvalidated,2024141448294,2024,141448294,2,9,0,2,0,0,0,0,0,4,0,0,2,1,6,3,-1,-1,-1,-1,-1,-1,-1,-1,-1,0
Unvalidated,2024141448294,2024,141448294,3,9,0,2,0,0,0,0,0,4,0,0,2,1,6,3,-1,-1,-1,-1,-1,-1,-1,-1,-1,0
Unvalidated,2024141448384,2024,141448384,1,9,0,18,6,2,0,0,1,10,2,1,1,1,6,1,38,7,-1,-1,-1,-1,-1,-1,-1,0
Unvalidated,2024141448384,2024,141448384,2,9,0,18,2,6,0,0,0,0,0,0,2,1,6,3,-1,-1,-1,-1,-1,-1,-1,-1,-1,0
Unvalidated,2024141448402,2024,141448402,1,9,0,18,7,3,0,0,0,0,0,0,4,1,6,1,67,10,-1,-1,-1,-1,5,1,E01007682,0
Unvalidated,2024141448402,2024,141448402,2,1,0,18,7,3,0,0,2,0,0,0,1,1,6,1,40,7,-1,-1,-1,-1,1,1,E01007736,0
Unvalidated,2024141448589,2024,141448589,1,97,0,18,8,4,0,0,0,0,0,0,1,1,6,3,-1,-1,-1,-1,-1,-1,-1,-1,-1,0
Unvalidated,2024141448604,2024,141448604,1,9,0,11,2,6,0,2,0,0,0,0,3,1,6,3,-1,-1,-1,-1,-1,-1,-1,-1,-1,0
Unvalidated,2024141448604,2024,141448604,2,9,0,3,2,6,0,2,1,0,0,0,3,1,2,2,27,6,-1,-1,-1,-1,1,1,E01008117,0
Unvalidated,2024141448676,2024,141448676,1,97,0,18,5,1,0,2,5,0,1,0,1,1,5,2,25,5,-1,-1,-1,-1,1,1,E01007542,0
Unvalidated,2024141448676,2024,141448676,2,9,0,4,5,1,0,1,0,0,0,0,2,1,6,1,44,7,-1,-1,-1,-1,1,1,E01010482,0
Unvalidated,2024141448709,2024,141448709,1,97,0,-1,-1,-1,-1,0,-1,-1,-1,0,-1,1,6,3,-1,-1,-1,-1,-1,-1,-1,-1,-1,0