status,collision_index,collision_year,collision_reference,vehicle_reference,vehicle_type,towing_and_articulation,vehicle_manoeuvre,vehicle_direction_from,vehicle_direction_to,vehicle_location_restricted_lane,junction_location,skidding_and_overturning,hit_object_in_carriageway,vehicle_leaving_carriageway,hit_object_off_carriageway,first_point_of_impact,vehicle_left_hand_drive,journey_purpose_of_driver,sex_of_driver,age_of_driver,age_band_of_driver,engine_capacity_cc,propulsion_code,age_of_vehicle,generic_make_model,driver_imd_decile,driver_home_area_type,lsoa_of_driver,escooter_flag
Unvalidated,2024141448709,2024,141448709,2,98,0,-1,-1,-1,-1,0,-1,-1,-1,0,-1,1,6,1,39,7,-1,-1,-1,-1,2,1,E01007405,0
Unvalidated,2024141448733,2024,141448733,1,9,0,17,5,2,0,0,0,6,0,0,1,1,5,2,19,4,-1,-1,-1,-1,1,1,E01007905,0
Unvalidated,2024141448755,2024,141448755,1,18,0,4,3,8,1,0,0,0,0,0,1,1,1,2,55,8,-1,-1,-1,-1,3,1,E01007907,0
Unvalidated,2024141448884,2024,141448884,1,98,0,4,5,1,0,0,0,0,0,0,2,1,1,1,55,8,-1,-1,-1,-1,5,2,E01028002,0
Unvalidated,2024141448884,2024,141448884,2,9,0,4,5,1,0,0,0,0,0,0,2,1,5,2,38,7,-1,-1,-1,-1,1,1,E01007721,0
Unvalidated,2024141448884,2024,141448884,3,9,0,18,5,1,0,0,0,0,0,0,1,1,2,1,26,6,-1,-1,-1,-1,4,1,E01007513,0
Unvalidated,2024141448915,2024,141448915,1,9,0,18,8,4,0,0,0,0,0,0,1,1,5,2,24,5,-1,-1,-1,-1,4,1,E01007344,0
Unvalidated,2024141448915,2024,141448915,2,9,0,5,1,8,0,0,0,0,0,0,3,1,5,2,21,5,-1,-1,-1,-1,6,1,E01007347,0
Unvalidated,2024141449134,2024,141449134,1,1,0,18,7,2,0,1,0,0,0,0,1,1,5,1,52,8,-1,-1,-1,-1,8,1,E01007527,0
Unvalidated,2024141449134,2024,141449134,2,9,0,5,4,7,0,6,0,0,0,0,3,1,5,1,83,11,-1,-1,-1,-1,-1,-1,-1,0
Unvalidated,2024141449184,2024,141449184,1,98,0,17,4,8,0,2,0,0,7,11,1,1,2,1,27,6,-1,-1,-1,-1,2,1,E01007556,0
Unvalidated,2024141449459,2024,141449459,1,9,0,3,5,1,0,0,0,0,0,0,2,1,5,2,18,4,-1,-1,-1,-1,3,1,E01008028,0
Unvalidated,2024141449459,2024,141449459,2,9,0,-1,-1,-1,-1,0,-1,-1,-1,0,-1,1,6,3,-1,-1,-1,-1,-1,-1,-1,-1,-1,0
Unvalidated,2024141449502,2024,141449502,1,1,0,18,7,3,0,0,0,0,0,0,1,1,5,1,31,6,-1,-1,-1,-1,1,1,E01007370,0
Unvalidated,2024141449502,2024,141449502,2,9,0,2,0,0,0,0,0,0,0,0,3,1,6,1,-1,-1,-1,-1,-1,-1,-1,-1,-1,0
Unvalidated,2024141449550,2024,141449550,1,90,0,18,1,2,0,0,0,0,0,0,0,1,5,1,23,5,-1,-1,-1,-1,1,1,E01007723,0
Unvalidated,2024141449663,2024,141449663,1,9,0,18,6,8,9,0,0,11,0,0,1,1,6,1,34,6,-1,-1,-1,-1,8,1,E01032924,0
Unvalidated,2024141449745,2024,141449745,1,9,0,3,1,5,0,0,0,0,0,0,2,1,5,2,26,6,-1,-1,-1,-1,4,1,E01008019,0
Unvalidated,2024141449745,2024,141449745,2,9,0,18,1,5,0,0,0,0,0,0,1,1,6,1,-1,-1,-1,-1,-1,-1,-1,-1,-1,0
Unvalidated,2024141449776,2024,141449776,1,1,0,18,3,7,9,3,5,0,0,0,4,1,2,1,49,8,-1,-1,-1,-1,-1,-1,-1,0
Unvalidated,2024141449776,2024,141449776,2,9,0,18,-1,-1,9,3,1,0,2,10,1,1,6,3,-1,-1,-1,-1,-1,-1,-1,-1,-1,0
Unvalidated,2024141449870,2024,141449870,1,9,0,18,7,3,0,0,0,0,0,0,0,1,6,1,32,6,-1,-1,-1,-1,2,1,E01007336,0
Unvalidated,2024141449870,2024,141449870,2,9,0,1,3,7,0,0,0,0,0,0,0,1,6,1,-1,-1,-1,-1,-1,-1,-1,-1,-1,0
Unvalidated,2024141449895,2024,141449895,1,9,0,18,1,5,0,1,0,0,0,0,1,1,6,1,69,10,-1,-1,-1,-1,6,1,E01007598,0
Unvalidated,2024141449895,2024,141449895,2,9,0,9,5,1,0,1,0,0,0,0,1,1,1,1,33,6,-1,-1,-1,-1,6,1,E01007598,0
Unvalidated,2024141449912,2024,141449912,1,9,0,3,7,2,0,1,0,0,0,0,2,1,6,1,46,8,-1,-1,-1,-1,-1,-1,-1,0
Unvalidated,2024141449912,2024,141449912,2,9,0,4,7,2,0,1,0,0,0,0,1,1,6,1,-1,-1,-1,-1,-1,-1,-1,-1,-1,0
Unvalidated,2024141449974,2024,141449974,1,9,0,18,3,7,0,8,0,0,0,0,4,1,5,2,54,8,-1,-1,-1,-1,2,1,E01007326,0
Unvalidated,2024141449974,2024,141449974,2,90,0,18,5,1,0,6,0,0,0,0,1,1,5,1,-1,-1,-1,-1,-1,-1,-1,-1,-1,1
Unvalidated,2024141450031,2024,141450031,1,9,0,18,8,4,0,0,5,4,0,0,4,1,5,2,71,10,-1,-1,-1,-1,9,1,E01007890,0
Unvalidated,2024141450031,2024,141450031,2,9,0,2,4,8,0,0,0,0,0,0,3,1,6,3,-1,-1,-1,-1,-1,-1,-1,-1,-1,0
Unvalidated,2024141450046,2024,141450046,1,9,0,18,3,6,0,2,0,0,0,0,3,1,2,1,60,9,-1,-1,-1,-1,9,3,E01025816,0
Unvalidated,2024141450046,2024,141450046,2,9,0,9,6,4,0,2,0,0,0,0,1,1,5,1,38,7,-1,-1,-1,-1,2,1,E01004365,0
Unvalidated,2024141450062,2024,141450062,1,97,0,18,4,1,0,1,1,0,0,0,3,1,6,1,26,6,-1,-1,-1,-1,2,1,E01007796,0
Unvalidated,2024141450062,2024,141450062,2,98,0,18,1,6,0,1,0,0,0,0,3,1,6,3,-1,-1,-1,-1,-1,-1,-1,-1,-1,0
Unvalidated,2024141450232,2024,141450232,1,98,0,9,5,1,0,1,0,0,0,0,1,1,1,1,59,9,-1,-1,-1,-1,1,1,E01007627,0
Unvalidated,2024141450232,2024,141450232,2,9,0,18,1,5,0,1,0,0,0,0,1,1,5,1,53,8,-1,-1,-1,-1,2,1,E01007541,0
Unvalidated,2024141450232,2024,141450232,3,98,0,3,3,7,0,1,0,0,0,0,1,1,1,1,21,5,-1,-1,-1,-1,5,2,E01007489,0
Unvalidated,2024141450281,2024,141450281,1,9,0,18,3,7,0,1,0,0,0,0,1,1,5,2,31,6,-1,-1,-1,-1,2,1,E01007394,0
Unvalidated,2024141450281,2024,141450281,2,9,0,18,7,3,0,1,0,0,0,0,2,1,5,2,63,9,-1,-1,-1,-1,7,1,E01007389,0
Unvalidated,2024141450297,2024,141450297,1,9,0,18,3,7,0,1,0,0,0,0,4,2,6,1,51,8,-1,-1,-1,-1,7,1,E01007666,0
Unvalidated,2024141450297,2024,141450297,2,97,0,9,6,3,0,1,0,0,0,0,1,1,6,1,17,4,-1,-1,-1,-1,3,1,E01007667,0
Unvalidated,2024141450353,2024,141450353,1,11,0,18,8,4,0,0,0,0,0,0,1,1,1,1,50,8,-1,-1,-1,-1,4,1,E01011876,0
Unvalidated,2024141450393,2024,141450393,1,9,0,18,5,1,0,0,0,0,0,0,3,1,6,3,-1,-1,-1,-1,-1,-1,-1,-1,-1,0
Unvalidated,2024141450450,2024,141450450,1,9,0,18,6,2,0,0,0,0,0,0,1,1,5,1,37,7,-1,-1,-1,-1,1,1,E01007906,0
Unvalidated,2024141450450,2024,141450450,2,9,0,18,6,2,0,0,0,0,0,0,2,1,5,1,38,7,-1,-1,-1,-1,1,1,E01007904,0
Unvalidated,2024141450469,2024,141450469,1,9,0,9,5,7,0,8,0,0,0,0,1,1,6,1,30,6,-1,-1,-1,-1,1,1,E01007627,0
Unvalidated,2024141450469,2024,141450469,2,9,0,9,5,3,0,8,0,0,0,0,1,1,6,2,29,6,-1,-1,-1,-1,5,1,E01005728,0
Unvalidated,2024141450801,2024,141450801,1,9,0,17,7,4,0,2,1,0,1,0,1,1,5,1,20,4,-1,-1,-1,-1,6,1,E01007698,0
Unvalidated,2024141450933,2024,141450933,1,97,0,4,6,8,0,1,1,0,0,0,1,1,5,1,57,9,-1,-1,-1,-1,1,1,E01007730,0
Unvalidated,2024141450933,2024,141450933,2,9,0,18,6,8,0,1,0,0,0,0,0,1,6,3,-1,-1,-1,-1,-1,-1,-1,-1,-1,0
Unvalidated,2024141450966,2024,141450966,1,9,0,3,3,7,0,1,0,0,0,0,4,1,5,2,36,7,-1,-1,-1,-1,5,1,E01007516,0
Unvalidated,2024141450966,2024,141450966,2,1,0,18,5,1,0,1,0,0,0,0,1,1,6,1,11,3,-1,-1,-1,-1,3,1,E01007480,0
Unvalidated,2024141451024,2024,141451024,1,90,0,18,1,5,0,0,0,0,0,0,1,1,6,3,-1,-1,-1,-1,-1,-1,-1,-1,-1,0
Unvalidated,2024141451054,2024,141451054,1,9,0,9,3,1,0,2,0,0,0,0,1,1,5,1,20,4,-1,-1,-1,-1,6,3,E01007424,0
Unvalidated,2024141451054,2024,141451054,2,9,0,18,1,5,0,1,0,0,1,3,3,1,1,1,43,7,-1,-1,-1,-1,1,1,E01008065,0
Unvalidated,2024141451157,2024,141451157,1,9,0,9,5,3,0,1,0,0,0,0,3,1,6,3,-1,-1,-1,-1,-1,-1,-1,-1,-1,0
Unvalidated,2024141451157,2024,141451157,2,1,0,18,5,1,0,1,2,0,0,0,1,1,6,1,24,5,-1,-1,-1,-1,4,1,E01008073,0
Unvalidated,2024141451204,2024,141451204,1,9,0,4,3,7,0,0,0,0,0,0,2,1,1,1,38,7,-1,-1,-1,-1,1,1,E01007914,0
Unvalidated,2024141451204,2024,141451204,2,9,0,-1,-1,-1,-1,0,-1,-1,-1,0,-1,1,6,3,-1,-1,-1,-1,-1,-1,-1,-1,-1,0
Unvalidated,2024141451238,2024,141451238,1,9,0,18,4,8,0,0,0,0,0,0,3,1,6,1,41,7,-1,-1,-1,-1,1,1,E01027968,0
Unvalidated,2024141451238,2024,141451238,2,97,0,18,4,8,0,0,0,0,0,0,3,1,6,3,-1,-1,-1,-1,-1,-1,-1,-1,-1,0
Unvalidated,2024141451243,2024,141451243,1,9,0,4,2,5,0,4,0,0,0,0,2,1,6,2,38,7,-1,-1,-1,-1,2,1,E01007405,0
Unvalidated,2024141451243,2024,141451243,2,9,0,18,2,6,0,4,0,0,0,0,1,1,6,1,30,6,-1,-1,-1,-1,1,1,E01007406,0
Unvalidated,2024141451328,2024,141451328,1,90,0,18,4,8,9,0,0,0,0,0,0,1,5,1,45,7,-1,-1,-1,-1,1,1,E01007848,0
Unvalidated,2024141451351,2024,141451351,1,9,0,18,3,7,0,3,0,0,0,0,1,1,5,1,53,8,-1,-1,-1,-1,3,1,E01007480,0
Unvalidated,2024141451351,2024,141451351,2,1,0,18,5,1,0,8,0,0,0,0,1,1,2,1,19,4,-1,-1,-1,-1,4,1,E01007623,0
Unvalidated,2024141451372,2024,141451372,1,9,0,18,7,3,0,0,0,0,0,0,1,1,6,1,24,5,-1,-1,-1,-1,1,1,E01007718,0
Unvalidated,2024141451429,2024,141451429,1,1,0,18,3,7,0,0,0,0,1,0,3,1,5,2,56,9,-1,-1,-1,-1,6,3,E01008128,0
Unvalidated,2024141451429,2024,141451429,2,9,0,18,3,7,0,0,0,0,0,0,4,1,6,1,-1,-1,-1,-1,-1,-1,8,2,E01007431,0
Unvalidated,2024141451593,2024,141451593,1,9,0,18,5,1,0,0,0,0,0,0,1,1,2,2,27,6,-1,-1,-1,-1,4,3,E01007557,0
Unvalidated,2024141451593,2024,141451593,2,98,4,18,5,1,0,0,0,0,0,0,0,1,6,3,-1,-1,-1,-1,-1,-1,-1,-1,-1,0
Unvalidated,2024141451633,2024,141451633,1,9,0,9,3,5,0,1,0,0,0,0,3,1,2,1,51,8,-1,-1,-1,-1,6,2,E01028024,0
Unvalidated,2024141451695,2024,141451695,1,9,0,18,8,3,0,0,0,0,0,0,3,1,1,1,34,6,-1,-1,-1,-1,4,2,E01007398,0
Unvalidated,2024141451695,2024,141451695,2,1,0,11,8,3,0,0,0,0,0,0,1,1,2,1,22,5,-1,-1,-1,-1,2,1,E01007405,0
Unvalidated,2024141451715,2024,141451715,1,9,0,5,1,6,0,2,0,0,0,0,3,1,5,1,89,11,-1,-1,-1,-1,1,1,E01007416,0
Unvalidated,2024141451715,2024,141451715,2,97,0,18,4,7,0,1,0,0,0,0,3,1,5,1,23,5,-1,-1,-1,-1,1,1,E01007341,0
Unvalidated,2024141451766,2024,141451766,1,9,0,18,7,3,0,0,0,0,0,0,1,1,6,2,38,7,-1,-1,-1,-1,1,1,E01008015,0
Unvalidated,2024141451924,2024,141451924,1,9,0,18,4,7,0,1,0,0,0,0,3,1,6,2,24,5,-1,-1,-1,-1,6,1,E01008003,0
Unvalidated,2024141451924,2024,141451924,2,1,0,18,1,4,0,1,0,0,0,0,1,1,6,1,22,5,-1,-1,-1,-1,1,1,E01008124,0
Unvalidated,2024141451952,2024,141451952,1,9,0,5,2,6,0,1,0,0,0,0,0,1,6,2,-1,-1,-1,-1,-1,-1,-1,-1,-1,0
Unvalidated,2024141451981,2024,141451981,1,90,0,-1,-1,-1,-1,0,-1,-1,-1,0,-1,1,6,3,-1,-1,-1,-1,-1,-1,-1,-1,-1,0
Unvalidated,2024141452011,2024,141452011,1,9,0,3,5,1,0,0,0,0,0,0,2,1,2,2,28,6,-1,-1,-1,-1,6,1,E01011607,0
Unvalidated,2024141452011,2024,141452011,2,9,0,3,5,1,0,0,0,0,0,0,2,1,6,1,-1,-1,-1,-1,-1,-1,-1,-1,-1,0
Unvalidated,2024141452011,2024,141452011,3,9,0,18,5,1,0,0,0,0,0,0,1,1,6,2,-1,-1,-1,-1,-1,-1,-1,-1,-1,0
Unvalidated,2024141452111,2024,141452111,1,9,0,5,3,7,0,8,0,0,0,0,3,2,5,2,65,9,-1,-1,-1,-1,8,1,E01007818,0
Unvalidated,2024141452111,2024,141452111,2,9,0,18,1,5,0,1,0,0,0,0,1,2,5,1,64,9,-1,-1,-1,-1,2,1,E01007348,0
Unvalidated,2024141452202,2024,141452202,1,9,0,18,7,2,0,1,0,0,0,0,1,1,6,3,-1,-1,-1,-1,-1,-1,-1,-1,-1,0
Unvalidated,2024141452202,2024,141452202,2,1,0,9,5,2,0,1,5,0,0,0,4,1,5,1,11,3,-1,-1,-1,-1,1,1,E01007634,0
Unvalidated,2024141452267,2024,141452267,1,97,0,5,4,1,0,6,0,0,0,0,3,1,1,1,25,5,-1,-1,-1,-1,2,1,E01007763,0
Unvalidated,2024141452267,2024,141452267,2,9,0,15,2,6,0,1,0,0,0,0,1,1,5,1,17,4,-1,-1,-1,-1,2,1,E01007767,0
Unvalidated,2024141452292,2024,141452292,1,9,0,18,1,5,0,1,0,0,0,0,1,1,2,2,22,5,-1,-1,-1,-1,5,1,E01008111,0
Unvalidated,2024141452354,2024,141452354,1,9,0,3,6,1,0,0,0,0,0,0,2,1,6,2,48,8,-1,-1,-1,-1,10,1,E01007861,0
Unvalidated,2024141452354,2024,141452354,2,9,0,18,6,1,0,0,0,0,0,0,1,1,6,3,-1,-1,-1,-1,-1,-1,-1,-1,-1,0
Unvalidated,2024141452362,2024,141452362,1,9,0,18,8,4,0,8,1,10,1,1,4,1,2,2,23,5,-1,-1,-1,-1,1,1,E01007877,0
Unvalidated,2024141452362,2024,141452362,2,9,0,18,2,6,0,8,1,0,0,0,1,1,5,1,22,5,-1,-1,-1,-1,1,1,E01022323,0
Unvalidated,2024141452487,2024,141452487,1,1,0,7,7,1,0,1,5,0,0,0,3,1,4,2,14,3,-1,-1,-1,-1,5,1,E01007978,0
Unvalidated,2024141452487,2024,141452487,2,9,0,-1,-1,-1,-1,-1,-1,-1,-1,0,-1,1,6,1,-1,-1,-1,-1,-1,-1,-1,-1,-1,0
Unvalidated,2024141452520,2024,141452520,1,9,0,18,7,3,0,1,0,0,0,0,1,1,6,1,67,10,-1,-1,-1,-1,2,2,E01011856,0
Unvalidated,2024141452520,2024,141452520,2,9,0,18,5,1,0,1,0,0,0,0,1,1,6,2,23,5,-1,-1,-1,-1,1,1,E01010833,0
Unvalidated,2024141452695,2024,141452695,1,98,0,18,1,5,0,8,0,0,0,0,1,1,1,1,56,9,-1,-1,-1,-1,3,1,E01008576,0
Unvalidated,2024141452695,2024,141452695,2,9,0,18,3,8,0,8,0,0,0,0,1,1,1,2,52,8,-1,-1,-1,-1,2,2,E01007349,0
Unvalidated,2024141452746,2024,141452746,1,9,0,18,2,2,0,2,0,0,0,0,1,1,1,1,30,6,-1,-1,-1,-1,5,1,E01007476,0
Unvalidated,2024141452746,2024,141452746,2,1,0,5,1,1,0,5,0,0,0,0,3,1,2,1,27,6,-1,-1,-1,-1,8,1,E01033138,0
Unvalidated,2024141452843,2024,141452843,1,9,0,18,3,7,0,0,0,0,0,0,4,1,5,2,18,4,-1,-1,-1,-1,6,3,E01007787,0
Unvalidated,2024141452843,2024,141452843,2,9,0,9,7,3,0,0,0,0,0,0,1,1,6,3,-1,-1,-1,-1,-1,-1,-1,-1,-1,0
Unvalidated,2024141452926,2024,141452926,1,9,0,18,4,8,0,0,0,0,0,0,1,1,6,3,-1,-1,-1,-1,-1,-1,-1,-1,-1,0
Unvalidated,2024141452926,2024,141452926,2,1,0,18,8,4,0,0,5,0,0,0,1,1,6,2,21,5,-1,-1,-1,-1,10,1,-1,0
Unvalidated,2024141453024,2024,141453024,1,9,0,13,1,5,0,0,0,0,7,2,1,1,5,1,23,5,-1,-1,-1,-1,1,1,E01007738,0
Unvalidated,2024141453024,2024,141453024,2,98,0,18,1,5,0,0,0,0,0,0,2,1,6,1,35,6,-1,-1,-1,-1,-1,-1,-1,0
Unvalidated,2024141453024,2024,141453024,3,9,0,18,1,5,0,0,0,0,0,0,0,1,6,2,43,7,-1,-1,-1,-1,2,1,E01007783,0
Unvalidated,2024141453056,2024,141453056,1,9,0,18,7,3,0,0,0,0,0,0,1,1,5,1,36,7,-1,-1,-1,-1,4,1,E01007353,0
Unvalidated,2024141453056,2024,141453056,2,9,0,7,1,7,0,0,0,0,0,0,1,1,6,3,-1,-1,-1,-1,-1,-1,-1,-1,-1,0
Unvalidated,2024141453113,2024,141453113,1,9,0,18,3,7,0,1,0,0,0,0,1,1,1,1,63,9,-1,-1,-1,-1,4,1,E01007623,0
Unvalidated,2024141453113,2024,141453113,2,9,0,9,7,5,0,6,0,0,0,0,4,1,5,1,18,4,-1,-1,-1,-1,-1,-1,-1,0
Unvalidated,2024141453137,2024,141453137,1,9,0,18,3,7,0,0,0,0,7,11,1,1,5,1,19,4,-1,-1,-1,-1,10,1,E01019727,0
Unvalidated,2024141453185,2024,141453185,1,9,0,18,7,3,0,1,0,0,0,0,4,1,5,2,34,6,-1,-1,-1,-1,7,1,E01007992,0
Unvalidated,2024141453185,2024,141453185,2,1,0,18,6,2,2,8,5,0,0,0,1,1,6,2,28,6,-1,-1,-1,-1,1,1,E01007566,0
Unvalidated,2024141453273,2024,141453273,1,9,0,18,2,5,0,8,0,0,0,0,3,1,6,1,18,4,-1,-1,-1,-1,7,1,E01007334,0
Unvalidated,2024141453273,2024,141453273,2,9,0,18,2,5,0,8,0,0,0,0,1,1,6,1,58,9,-1,-1,-1,-1,3,1,E01011868,0
Unvalidated,2024141453337,2024,141453337,1,9,0,12,3,7,0,0,0,0,0,0,3,1,5,2,61,9,-1,-1,-1,-1,2,1,E01033278,0
Unvalidated,2024141453337,2024,141453337,2,9,0,18,7,3,0,0,0,0,0,0,3,1,5,2,30,6,-1,-1,-1,-1,3,1,E01007843,0
Unvalidated,2024141453417,2024,141453417,1,97,0,3,8,6,9,0,0,0,0,0,1,1,6,1,14,3,-1,-1,-1,-1,3,2,E01007473,0
Unvalidated,2024141453417,2024,141453417,2,98,0,18,6,2,0,0,0,0,0,0,3,1,1,1,60,9,-1,-1,-1,-1,3,3,E01007488,0
Unvalidated,2024141453419,2024,141453419,1,9,0,16,6,1,9,2,1,0,8,11,3,1,6,3,-1,-1,-1,-1,-1,-1,-1,-1,-1,0
Unvalidated,2024141453443,2024,141453443,1,9,0,18,6,3,0,5,0,10,1,11,1,1,6,1,23,5,-1,-1,-1,-1,-1,-1,-1,0
Unvalidated,2024141453443,2024,141453443,2,9,0,2,0,0,9,2,0,0,0,0,0,1,6,3,-1,-1,-1,-1,-1,-1,-1,-1,-1,0
Unvalidated,2024141453538,2024,141453538,1,9,0,9,8,7,0,2,0,0,0,0,3,1,5,2,60,9,-1,-1,-1,-1,9,3,E01019614,0
Unvalidated,2024141453538,2024,141453538,2,1,0,18,7,3,0,1,5,0,0,0,1,1,6,1,47,8,-1,-1,-1,-1,9,3,E01007956,0
Unvalidated,2024141453596,2024,141453596,1,98,0,18,6,2,0,1,0,0,0,0,1,1,6,1,47,8,-1,-1,-1,-1,7,1,E01007860,0
Unvalidated,2024141453596,2024,141453596,2,1,0,18,4,8,0,1,0,0,0,0,4,1,1,1,21,5,-1,-1,-1,-1,1,1,E01033269,0
Unvalidated,2024141453633,2024,141453633,1,9,0,18,2,6,0,0,5,0,5,1,1,1,5,1,20,4,-1,-1,-1,-1,1,1,E01007542,0
Unvalidated,2024141453984,2024,141453984,1,9,0,18,3,7,0,0,0,0,0,0,1,1,6,1,73,10,-1,-1,-1,-1,4,1,E01007693,0
Unvalidated,2024141453985,2024,141453985,1,9,0,7,5,8,0,4,0,0,1,0,2,1,3,2,31,6,-1,-1,-1,-1,3,1,E01007676,0
Unvalidated,2024141453985,2024,141453985,2,9,0,7,5,8,0,3,0,0,1,0,1,2,6,2,51,8,-1,-1,-1,-1,5,1,E01007813,0
Unvalidated,2024141453986,2024,141453986,1,97,0,18,5,1,0,8,0,0,0,0,1,1,2,1,19,4,-1,-1,-1,-1,2,1,E01007440,0
Unvalidated,2024141453986,2024,141453986,2,9,0,18,5,1,0,8,0,0,0,0,2,1,2,1,37,7,-1,-1,-1,-1,3,1,E01007969,0
Unvalidated,2024141454004,2024,141454004,1,9,0,18,7,2,0,0,0,0,0,0,2,1,5,1,41,7,-1,-1,-1,-1,1,1,E01007873,0
Unvalidated,2024141454004,2024,141454004,2,9,0,18,7,2,0,0,0,0,0,0,1,1,6,3,-1,-1,-1,-1,-1,-1,-1,-1,-1,0
Unvalidated,2024141454012,2024,141454012,1,9,0,18,1,1,0,1,0,0,0,0,3,1,1,2,22,5,-1,-1,-1,-1,5,1,E01008139,0
Unvalidated,2024141454012,2024,141454012,2,1,0,12,1,1,0,1,0,0,0,0,3,1,6,1,23,5,-1,-1,-1,-1,2,1,E01007975,0
Unvalidated,2024141454067,2024,141454067,1,9,0,3,7,3,0,2,0,0,0,0,0,1,6,1,59,9,-1,-1,-1,-1,8,1,E01007383,0
Unvalidated,2024141454067,2024,141454067,2,97,0,18,7,3,0,2,0,0,0,0,1,1,2,1,30,6,-1,-1,-1,-1,1,1,E01007320,0
Unvalidated,2024141454158,2024,141454158,1,9,0,1,1,5,9,0,0,0,0,0,1,1,6,1,56,9,-1,-1,-1,-1,2,1,E01007784,0
Unvalidated,2024141454273,2024,141454273,1,9,0,5,1,5,0,0,0,0,0,0,1,1,1,2,40,7,-1,-1,-1,-1,1,1,E01007714,0
Unvalidated,2024141454273,2024,141454273,2,97,0,18,5,1,0,0,0,0,0,0,1,1,4,1,19,4,-1,-1,-1,-1,1,1,E01007737,0
Unvalidated,2024141454451,2024,141454451,1,9,0,18,6,2,0,1,0,4,1,0,1,1,6,1,84,11,-1,-1,-1,-1,2,1,E01007976,0
Unvalidated,2024141454451,2024,141454451,2,9,0,2,0,0,2,2,0,0,0,0,2,1,6,3,-1,-1,-1,-1,-1,-1,-1,-1,-1,0
Unvalidated,2024141454484,2024,141454484,1,9,0,7,8,2,0,6,0,4,0,0,3,1,5,1,87,11,-1,-1,-1,-1,3,1,E01007397,0
Unvalidated,2024141454484,2024,141454484,2,9,0,18,6,2,0,1,0,0,0,0,1,1,5,1,59,9,-1,-1,-1,-1,3,1,E01007397,0
Unvalidated,2024141454484,2024,141454484,3,9,0,2,0,0,0,1,0,0,0,0,2,1,6,2,46,8,-1,-1,-1,-1,3,1,E01007397,0
Unvalidated,2024141454528,2024,141454528,1,9,0,4,2,6,0,6,0,0,7,0,1,1,5,2,77,11,-1,-1,-1,-1,3,1,E01007777,0
Unvalidated,2024141454528,2024,141454528,2,9,0,18,4,8,0,1,0,0,0,0,4,1,5,1,73,10,-1,-1,-1,-1,1,1,E01007794,0
Unvalidated,2024141454551,2024,141454551,1,9,0,18,7,3,0,0,0,0,0,0,1,1,2,1,43,7,-1,-1,-1,-1,4,1,E01007344,0
Unvalidated,2024141454658,2024,141454658,1,1,0,18,3,7,0,0,5,0,0,0,1,1,1,1,30,6,-1,-1,-1,-1,1,1,E01007905,0
Unvalidated,2024141454658,2024,141454658,2,9,0,1,5,3,0,0,0,0,0,0,2,1,6,3,-1,-1,-1,-1,-1,-1,-1,-1,-1,0
Unvalidated,2024141454726,2024,141454726,1,9,0,2,0,0,0,0,0,0,0,0,3,1,5,2,28,6,-1,-1,-1,-1,6,1,E01007787,0
Unvalidated,2024141454726,2024,141454726,2,9,0,12,7,3,0,0,0,4,0,0,3,1,6,3,-1,-1,-1,-1,-1,-1,-1,-1,-1,0
Unvalidated,2024141454975,2024,141454975,1,9,0,18,3,8,0,0,0,0,0,0,1,1,6,3,-1,-1,-1,-1,-1,-1,-1,-1,-1,0
Unvalidated,2024141454975,2024,141454975,2,90,0,18,1,6,0,0,5,0,0,0,1,1,6,1,12,3,-1,-1,-1,-1,2,1,E01007968,0
Unvalidated,2024141454984,2024,141454984,1,9,0,9,5,3,0,2,0,0,0,0,1,1,5,1,23,5,-1,-1,-1,-1,1,1,E01008157,0
Unvalidated,2024141454984,2024,141454984,2,1,0,9,5,3,0,2,0,0,0,0,2,1,5,1,63,9,-1,-1,-1,-1,9,1,E01007921,0
Unvalidated,2024141455005,2024,141455005,1,9,0,18,2,6,0,2,0,0,0,0,3,1,5,1,24,5,-1,-1,-1,-1,4,1,E01007396,0
Unvalidated,2024141455005,2024,141455005,2,9,0,18,6,3,0,1,0,0,0,0,1,1,5,2,35,6,-1,-1,-1,-1,4,1,E01007441,0
Unvalidated,2024141455336,2024,141455336,1,9,0,18,6,2,0,1,0,0,0,0,4,1,5,2,54,8,-1,-1,-1,-1,8,2,E01019602,0
Unvalidated,2024141455440,2024,141455440,1,9,0,5,0,5,0,0,0,0,0,0,1,1,5,2,71,10,-1,-1,-1,-1,9,3,E01019614,0
Unvalidated,2024141455445,2024,141455445,1,9,0,18,2,6,0,1,0,0,0,0,3,1,6,3,-1,-1,-1,-1,-1,-1,-1,-1,-1,0
Unvalidated,2024141455455,2024,141455455,1,9,0,18,6,2,0,2,0,0,0,0,1,1,6,2,20,4,-1,-1,-1,-1,1,1,E01007721,0
Unvalidated,2024141455463,2024,141455463,1,9,0,16,7,2,0,0,0,0,0,0,1,1,1,2,37,7,-1,-1,-1,-1,-1,-1,-1,0
Unvalidated,2024141455472,2024,141455472,1,9,0,11,8,7,0,1,0,0,0,0,1,1,6,1,21,5,-1,-1,-1,-1,1,1,E01007944,0
Unvalidated,2024141455472,2024,141455472,2,1,0,18,8,7,0,1,0,0,0,0,1,1,6,1,27,6,-1,-1,-1,-1,1,1,E01007947,0
Unvalidated,2024141455495,2024,141455495,1,9,0,18,8,4,0,0,0,0,0,0,1,1,5,2,24,5,-1,-1,-1,-1,1,1,E01007902,0
Unvalidated,2024141455623,2024,141455623,1,11,0,18,6,1,0,0,0,0,0,0,0,1,1,1,24,5,-1,-1,-1,-1,2,1,E01011859,0