status,collision_index,collision_year,collision_reference,vehicle_reference,vehicle_type,towing_and_articulation,vehicle_manoeuvre,vehicle_direction_from,vehicle_direction_to,vehicle_location_restricted_lane,junction_location,skidding_and_overturning,hit_object_in_carriageway,vehicle_leaving_carriageway,hit_object_off_carriageway,first_point_of_impact,vehicle_left_hand_drive,journey_purpose_of_driver,sex_of_driver,age_of_driver,age_band_of_driver,engine_capacity_cc,propulsion_code,age_of_vehicle,generic_make_model,driver_imd_decile,driver_home_area_type,lsoa_of_driver,escooter_flag
Unvalidated,2024141455705,2024,141455705,1,9,0,18,7,3,0,1,0,0,0,0,1,1,6,1,-1,-1,-1,-1,-1,-1,-1,-1,-1,0
Unvalidated,2024141455760,2024,141455760,1,9,0,18,1,5,0,2,0,0,0,0,3,1,5,1,73,10,-1,-1,-1,-1,1,1,E01007730,0
Unvalidated,2024141455760,2024,141455760,2,97,0,18,7,3,0,8,0,0,0,0,1,1,6,1,70,10,-1,-1,-1,-1,4,1,E01011208,0
Unvalidated,2024141455888,2024,141455888,1,9,0,18,1,5,0,0,0,0,0,0,1,1,6,1,21,5,-1,-1,-1,-1,1,1,E01008116,0
Unvalidated,2024141455888,2024,141455888,2,9,0,2,5,5,9,0,0,0,0,0,3,1,6,3,-1,-1,-1,-1,-1,-1,-1,-1,-1,0
Unvalidated,2024141455888,2024,141455888,3,9,0,2,5,5,9,0,0,0,0,0,1,2,6,3,-1,-1,-1,-1,-1,-1,-1,-1,-1,0
Unvalidated,2024141455961,2024,141455961,1,9,0,16,5,1,0,0,1,0,0,0,1,1,1,1,41,7,-1,-1,-1,-1,3,1,E01007514,0
Unvalidated,2024141455961,2024,141455961,2,9,0,17,1,5,0,0,0,0,0,0,1,1,5,2,56,9,-1,-1,-1,-1,1,1,E01007542,0
Unvalidated,2024141455965,2024,141455965,1,9,0,9,1,6,0,8,0,0,0,0,1,1,5,2,27,6,-1,-1,-1,-1,6,1,E01007649,0
Unvalidated,2024141455965,2024,141455965,2,9,0,17,6,1,0,1,0,0,0,0,1,1,5,2,24,5,-1,-1,-1,-1,2,1,E01007656,0
Unvalidated,2024141456001,2024,141456001,1,9,0,18,1,5,0,0,0,10,1,11,1,1,5,1,38,7,-1,-1,-1,-1,4,1,E01007704,0
Unvalidated,2024141456072,2024,141456072,1,9,0,18,5,1,0,1,0,0,1,0,1,1,5,2,35,6,-1,-1,-1,-1,1,2,E01007373,0
Unvalidated,2024141456072,2024,141456072,2,9,0,9,7,5,0,1,0,0,0,0,3,1,5,1,54,8,-1,-1,-1,-1,8,1,E01007818,0
Unvalidated,2024141456076,2024,141456076,1,9,0,18,8,4,0,0,0,0,0,0,1,1,5,2,24,5,-1,-1,-1,-1,7,1,E01007689,0
Unvalidated,2024141456076,2024,141456076,2,22,0,18,7,4,0,0,5,0,0,0,4,1,5,1,70,10,-1,-1,-1,-1,1,1,E01007719,0
Unvalidated,2024141456109,2024,141456109,1,98,0,3,5,8,0,4,0,0,0,0,2,1,6,1,52,8,-1,-1,-1,-1,2,1,E01008072,0
Unvalidated,2024141456109,2024,141456109,2,9,0,18,3,8,0,4,0,0,0,0,1,1,6,3,-1,-1,-1,-1,-1,-1,-1,-1,-1,0
Unvalidated,2024141456167,2024,141456167,1,9,0,18,5,1,0,1,0,0,1,11,2,1,5,2,46,8,-1,-1,-1,-1,7,1,E01008087,0
Unvalidated,2024141456167,2024,141456167,2,9,0,18,5,1,0,1,0,0,0,0,1,1,6,3,-1,-1,-1,-1,-1,-1,-1,-1,-1,0
Unvalidated,2024141456183,2024,141456183,1,9,0,7,2,5,9,5,0,0,7,1,1,1,5,2,34,6,-1,-1,-1,-1,1,1,E01007851,0
Unvalidated,2024141456193,2024,141456193,1,9,0,10,6,4,0,1,0,0,0,0,2,1,6,1,52,8,-1,-1,-1,-1,1,1,E01008061,0
Unvalidated,2024141456193,2024,141456193,2,9,0,18,6,4,0,1,0,0,0,0,1,1,6,3,50,8,-1,-1,-1,-1,-1,-1,-1,0
Unvalidated,2024141456295,2024,141456295,1,1,0,18,6,2,9,0,5,0,0,0,1,1,6,3,-1,-1,-1,-1,-1,-1,-1,-1,-1,0
Unvalidated,2024141456347,2024,141456347,1,9,0,18,5,1,0,1,0,0,0,0,1,1,1,1,22,5,-1,-1,-1,-1,3,2,E01007747,0
Unvalidated,2024141456421,2024,141456421,1,9,0,9,2,8,0,1,0,0,0,0,1,1,5,1,76,11,-1,-1,-1,-1,8,1,E01008130,0
Unvalidated,2024141456421,2024,141456421,2,1,0,18,7,2,0,1,0,0,0,0,1,1,6,2,56,9,-1,-1,-1,-1,9,3,E01019737,0
Unvalidated,2024141456495,2024,141456495,1,97,0,18,6,2,0,0,5,0,0,0,1,1,5,1,20,4,-1,-1,-1,-1,1,1,E01007369,0
Unvalidated,2024141456506,2024,141456506,1,9,0,16,1,5,0,1,1,10,6,11,1,1,5,1,18,4,-1,-1,-1,-1,1,1,E01007940,0
Unvalidated,2024141456513,2024,141456513,1,9,0,4,7,3,0,0,0,0,0,0,2,1,5,1,43,7,-1,-1,-1,-1,1,1,E01011474,0
Unvalidated,2024141456513,2024,141456513,2,9,0,18,7,3,0,0,0,0,0,0,1,1,5,2,25,5,-1,-1,-1,-1,4,1,E01011669,0
Unvalidated,2024141456662,2024,141456662,1,9,0,18,3,7,0,1,0,0,1,10,1,1,5,1,29,6,-1,-1,-1,-1,7,3,E01007493,0
Unvalidated,2024141456662,2024,141456662,2,9,0,9,7,5,0,4,0,0,8,2,4,1,6,2,47,8,-1,-1,-1,-1,5,2,E01007489,0
Unvalidated,2024141456756,2024,141456756,1,9,0,18,1,5,0,8,0,0,0,0,3,1,2,1,59,9,-1,-1,-1,-1,1,1,E01007870,0
Unvalidated,2024141456756,2024,141456756,2,9,0,18,1,5,0,8,0,0,0,0,4,1,5,1,30,6,-1,-1,-1,-1,4,2,E01019491,0
Unvalidated,2024141456764,2024,141456764,1,9,0,14,7,3,0,6,0,0,0,0,1,1,5,1,18,4,-1,-1,-1,-1,1,1,E01007634,0
Unvalidated,2024141456764,2024,141456764,2,9,0,18,5,1,0,1,0,0,0,0,1,1,3,2,35,6,-1,-1,-1,-1,2,1,E01007642,0
Unvalidated,2024141456796,2024,141456796,1,90,0,7,6,6,0,3,0,0,0,0,1,1,1,1,59,9,-1,-1,-1,-1,6,3,E01028850,0
Unvalidated,2024141456796,2024,141456796,2,9,0,18,6,6,0,3,0,0,1,0,1,1,5,1,78,11,-1,-1,-1,-1,6,1,E01007795,0
Unvalidated,2024141456810,2024,141456810,1,98,0,18,2,6,0,8,0,0,0,0,1,1,1,1,63,9,-1,-1,-1,-1,1,1,E01008015,0
Unvalidated,2024141456810,2024,141456810,2,1,0,18,8,4,0,6,0,0,0,0,4,1,1,1,30,6,-1,-1,-1,-1,-1,-1,-1,0
Unvalidated,2024141456817,2024,141456817,1,9,0,18,8,4,0,0,0,0,0,0,4,1,1,2,33,6,-1,-1,-1,-1,2,2,E01007470,0
Unvalidated,2024141456817,2024,141456817,2,98,0,12,8,4,0,0,0,0,0,0,1,1,6,3,-1,-1,-1,-1,-1,-1,-1,-1,-1,0
Unvalidated,2024141456859,2024,141456859,1,9,0,18,3,7,0,8,0,0,0,0,1,1,6,1,21,5,-1,-1,-1,-1,1,1,E01007902,0
Unvalidated,2024141456964,2024,141456964,1,98,0,18,2,6,0,0,0,0,0,0,1,1,5,2,79,11,-1,-1,-1,-1,2,3,E01007578,0
Unvalidated,2024141456964,2024,141456964,2,98,0,18,2,7,0,0,0,0,0,0,2,1,1,2,48,8,-1,-1,-1,-1,6,1,E01007570,0
Unvalidated,2024141456964,2024,141456964,3,9,0,18,2,7,0,0,0,0,0,0,2,2,5,1,28,6,-1,-1,-1,-1,1,1,E01007542,0
Unvalidated,2024141457012,2024,141457012,1,9,0,18,7,3,0,0,0,0,0,0,1,1,1,2,49,8,-1,-1,-1,-1,4,1,E01007788,0
Unvalidated,2024141457256,2024,141457256,1,9,0,15,5,1,0,0,0,0,0,0,1,1,6,1,60,9,-1,-1,-1,-1,1,1,E01007727,0
Unvalidated,2024141457256,2024,141457256,2,1,0,15,3,7,0,0,0,0,0,0,4,1,6,1,25,5,-1,-1,-1,-1,2,1,E01007531,0
Unvalidated,2024141457323,2024,141457323,1,9,0,18,1,5,0,0,0,0,0,0,1,1,6,1,65,9,-1,-1,-1,-1,10,1,E01008146,0
Unvalidated,2024141457323,2024,141457323,2,9,0,13,1,5,0,0,0,0,0,0,1,1,5,1,57,9,-1,-1,-1,-1,7,1,E01008134,0
Unvalidated,2024141457323,2024,141457323,3,9,0,2,0,0,0,0,0,0,0,0,2,1,6,3,18,4,-1,-1,-1,-1,-1,-1,-1,0
Unvalidated,2024141457323,2024,141457323,4,9,0,2,0,0,0,0,0,0,0,0,2,1,6,3,18,4,-1,-1,-1,-1,-1,-1,-1,0
Unvalidated,2024141457410,2024,141457410,1,9,0,18,7,3,0,0,0,0,0,0,4,1,6,1,41,7,-1,-1,-1,-1,1,1,E01008083,0
Unvalidated,2024141457410,2024,141457410,2,9,0,9,3,1,0,0,5,0,0,0,4,1,5,2,34,6,-1,-1,-1,-1,4,1,E01019550,0
Unvalidated,2024141457446,2024,141457446,1,9,0,18,7,3,0,1,0,0,0,0,1,1,6,3,-1,-1,-1,-1,-1,-1,-1,-1,-1,0
Unvalidated,2024141457500,2024,141457500,1,9,0,2,0,0,0,0,0,0,0,0,2,1,6,3,-1,-1,-1,-1,-1,-1,-1,-1,-1,0
Unvalidated,2024141457500,2024,141457500,2,9,0,5,1,5,0,0,0,4,0,0,1,1,6,3,-1,-1,-1,-1,-1,-1,-1,-1,-1,0
Unvalidated,2024141457744,2024,141457744,1,98,0,5,3,6,0,2,0,0,0,0,2,1,1,1,27,6,-1,-1,-1,-1,4,1,E01007820,0
Unvalidated,2024141457744,2024,141457744,2,9,0,18,2,6,0,1,0,0,7,0,4,1,2,1,33,6,-1,-1,-1,-1,6,1,E01007695,0
Unvalidated,2024141457847,2024,141457847,1,9,0,10,2,8,0,1,0,0,0,0,3,1,5,1,62,9,-1,-1,-1,-1,5,1,E01007558,0
Unvalidated,2024141457847,2024,141457847,2,98,0,18,2,6,0,1,0,0,0,0,1,2,6,1,-1,-1,-1,-1,-1,-1,-1,-1,-1,0
Unvalidated,2024141457876,2024,141457876,1,9,0,3,3,8,0,0,0,0,0,0,2,1,5,1,24,5,-1,-1,-1,-1,4,1,E01007699,0
Unvalidated,2024141457876,2024,141457876,2,9,0,18,3,7,0,0,0,0,0,0,1,1,6,3,-1,-1,-1,-1,-1,-1,-1,-1,-1,0
Unvalidated,2024141457930,2024,141457930,1,1,0,18,5,1,0,1,5,0,0,0,3,1,2,1,40,7,-1,-1,-1,-1,1,1,E01008103,0
Unvalidated,2024141457930,2024,141457930,2,98,0,9,7,5,0,6,0,0,0,0,1,1,6,3,-1,-1,-1,-1,-1,-1,-1,-1,-1,0
Unvalidated,2024141457947,2024,141457947,1,9,0,18,2,6,0,0,0,0,0,0,1,2,3,1,39,7,-1,-1,-1,-1,6,1,E01007706,0
Unvalidated,2024141457947,2024,141457947,2,90,0,18,8,4,0,0,0,0,0,0,1,1,6,1,15,3,-1,-1,-1,-1,6,1,E01007706,0
Unvalidated,2024141457951,2024,141457951,1,98,0,2,0,0,0,1,0,0,0,0,2,1,1,1,46,8,-1,-1,-1,-1,4,1,E01011323,0
Unvalidated,2024141457951,2024,141457951,2,19,0,18,7,3,0,1,0,0,0,0,1,1,1,3,-1,-1,-1,-1,-1,-1,-1,-1,-1,0
Unvalidated,2024141457977,2024,141457977,1,9,0,10,6,4,0,1,0,0,0,0,1,1,5,1,33,6,-1,-1,-1,-1,1,2,E01007333,0
Unvalidated,2024141457999,2024,141457999,1,9,0,18,4,8,0,8,0,0,0,0,1,1,2,1,38,7,-1,-1,-1,-1,1,1,E01008090,0
Unvalidated,2024141457999,2024,141457999,2,9,0,18,2,6,0,8,0,0,0,0,4,1,6,3,-1,-1,-1,-1,-1,-1,-1,-1,-1,0
Unvalidated,2024141458057,2024,141458057,1,98,0,9,2,7,0,1,0,0,0,0,3,1,2,1,48,8,-1,-1,-1,-1,10,1,E01013044,0
Unvalidated,2024141458057,2024,141458057,2,97,0,13,2,5,0,1,0,0,0,0,1,1,5,1,19,4,-1,-1,-1,-1,2,1,E01007592,0
Unvalidated,2024141458058,2024,141458058,1,97,0,14,2,6,0,1,0,0,0,0,4,1,5,1,17,4,-1,-1,-1,-1,2,1,E01007579,0
Unvalidated,2024141458058,2024,141458058,2,9,0,9,2,7,0,1,0,0,0,0,4,1,5,2,45,7,-1,-1,-1,-1,6,1,E01011299,0
Unvalidated,2024141458063,2024,141458063,1,9,0,18,1,5,0,1,0,0,0,0,2,1,5,1,71,10,-1,-1,-1,-1,9,2,E01007432,0
Unvalidated,2024141458063,2024,141458063,2,9,0,18,5,1,0,2,0,0,0,0,0,1,6,3,-1,-1,-1,-1,-1,-1,-1,-1,-1,0
Unvalidated,2024141458063,2024,141458063,3,9,0,18,1,5,0,1,0,0,0,0,1,1,5,1,-1,-1,-1,-1,-1,-1,10,2,E01007430,0
Unvalidated,2024141458064,2024,141458064,1,97,0,14,5,1,0,0,0,0,0,0,1,1,5,1,68,10,-1,-1,-1,-1,1,1,E01007367,0
Unvalidated,2024141458141,2024,141458141,1,9,0,18,6,2,0,1,0,0,0,0,1,1,6,1,67,10,-1,-1,-1,-1,9,1,E01007581,0
Unvalidated,2024141458199,2024,141458199,1,9,0,18,3,7,0,1,0,0,0,0,1,1,6,3,16,4,-1,-1,-1,-1,-1,-1,-1,0
Unvalidated,2024141458199,2024,141458199,2,1,0,18,3,7,0,1,0,0,0,0,1,1,6,1,12,3,-1,-1,-1,-1,2,1,E01007654,0
Unvalidated,2024141458375,2024,141458375,1,97,0,16,3,7,0,0,0,0,0,0,1,1,6,1,64,9,-1,-1,-1,-1,3,1,E01005260,0
Unvalidated,2024141458375,2024,141458375,2,98,0,18,7,3,0,0,0,0,0,0,0,1,2,1,60,9,-1,-1,-1,-1,10,2,E01012517,0
Unvalidated,2024141458775,2024,141458775,1,9,0,9,3,1,0,1,0,0,0,0,3,1,6,2,35,6,-1,-1,-1,-1,3,1,E01007504,0
Unvalidated,2024141458775,2024,141458775,2,90,0,18,3,7,9,1,0,0,0,0,1,1,6,1,9,2,-1,-1,-1,-1,1,1,E01007507,0
Unvalidated,2024141458795,2024,141458795,1,9,0,18,6,2,0,4,0,0,0,0,2,1,5,1,34,6,-1,-1,-1,-1,6,2,E01019502,0
Unvalidated,2024141458795,2024,141458795,2,9,0,4,6,2,0,4,0,0,0,0,1,1,5,1,28,6,-1,-1,-1,-1,2,1,E01027976,0
Unvalidated,2024141458796,2024,141458796,1,97,0,18,2,6,0,8,0,0,0,0,1,1,6,1,26,6,-1,-1,-1,-1,1,1,E01012952,0
Unvalidated,2024141458796,2024,141458796,2,9,0,9,4,2,0,6,0,0,0,0,3,1,6,1,42,7,-1,-1,-1,-1,3,1,E01007550,0
Unvalidated,2024141458801,2024,141458801,1,9,0,17,7,3,0,1,5,0,0,0,1,1,5,1,17,4,-1,-1,-1,-1,6,1,E01032551,0
Unvalidated,2024141458954,2024,141458954,1,9,0,18,2,6,0,1,1,0,1,0,4,1,6,3,-1,-1,-1,-1,-1,-1,-1,-1,-1,0
Unvalidated,2024141458954,2024,141458954,2,9,0,18,6,2,0,1,0,0,0,0,0,1,5,2,51,8,-1,-1,-1,-1,2,1,E01007942,0
Unvalidated,2024141458986,2024,141458986,1,98,0,12,1,1,0,0,0,0,0,0,3,1,6,3,-1,-1,-1,-1,-1,-1,-1,-1,-1,0
Unvalidated,2024141458986,2024,141458986,2,1,-1,13,2,6,0,0,5,0,0,0,4,1,6,1,35,6,-1,-1,-1,-1,2,1,E01007497,0
Unvalidated,2024141458991,2024,141458991,1,97,0,18,3,7,0,0,0,0,0,0,0,1,6,1,27,6,-1,-1,-1,-1,-1,-1,-1,0
Unvalidated,2024141459058,2024,141459058,1,9,0,18,2,5,0,4,0,0,0,0,3,1,5,2,31,6,-1,-1,-1,-1,-1,-1,-1,0
Unvalidated,2024141459058,2024,141459058,2,1,0,5,3,8,9,6,0,0,0,0,1,1,6,1,11,3,-1,-1,-1,-1,2,1,E01007656,0
Unvalidated,2024141459073,2024,141459073,1,9,0,18,8,4,0,8,0,0,0,0,1,1,6,2,35,6,-1,-1,-1,-1,3,1,E01007569,0
Unvalidated,2024141459073,2024,141459073,2,9,0,18,2,6,0,8,0,0,0,0,3,1,6,1,54,8,-1,-1,-1,-1,3,1,E01007569,0
Unvalidated,2024141459088,2024,141459088,1,17,0,18,3,7,0,0,0,0,0,0,3,1,1,1,71,10,-1,-1,-1,-1,4,3,E01007625,0
Unvalidated,2024141459088,2024,141459088,2,9,0,9,3,1,0,0,0,0,0,0,4,1,6,2,49,8,-1,-1,-1,-1,4,3,E01007625,0
Unvalidated,2024141459098,2024,141459098,1,9,0,6,7,3,0,8,0,0,0,0,1,1,5,1,25,5,-1,-1,-1,-1,1,1,E01008012,0
Unvalidated,2024141459148,2024,141459148,1,9,0,9,8,6,0,8,0,0,0,0,1,1,5,2,27,6,-1,-1,-1,-1,3,1,E01011752,0
Unvalidated,2024141459148,2024,141459148,2,9,0,18,4,8,0,1,0,0,1,2,1,1,6,2,23,5,-1,-1,-1,-1,7,1,E01007321,0
Unvalidated,2024141459148,2024,141459148,3,9,0,18,4,8,0,1,1,0,7,11,1,1,5,1,24,5,-1,-1,-1,-1,2,1,E01007323,0
Unvalidated,2024141459149,2024,141459149,1,9,0,7,5,1,0,0,0,0,0,0,1,2,5,2,36,7,-1,-1,-1,-1,1,1,E01012854,0
Unvalidated,2024141459189,2024,141459189,1,9,0,18,8,4,0,0,0,4,0,0,1,1,6,1,32,6,-1,-1,-1,-1,1,1,E01007668,0
Unvalidated,2024141459189,2024,141459189,2,9,0,2,0,0,9,0,0,0,0,0,2,1,6,3,-1,-1,-1,-1,-1,-1,-1,-1,-1,0
Unvalidated,2024141459211,2024,141459211,1,9,0,17,8,5,0,0,0,0,1,11,1,1,5,1,20,4,-1,-1,-1,-1,2,1,E01008112,0
Unvalidated,2024141459281,2024,141459281,1,9,0,18,4,8,0,0,0,0,0,0,3,1,6,1,29,6,-1,-1,-1,-1,2,1,E01019571,0
Unvalidated,2024141459281,2024,141459281,2,9,0,18,8,4,0,0,0,0,0,0,1,1,6,3,-1,-1,-1,-1,-1,-1,-1,-1,-1,0
Unvalidated,2024141459327,2024,141459327,1,9,-1,18,-1,-1,0,1,0,0,0,0,1,1,6,3,-1,-1,-1,-1,-1,-1,-1,-1,-1,0
Unvalidated,2024141459346,2024,141459346,1,9,0,5,8,4,0,2,0,7,0,0,1,1,5,1,33,6,-1,-1,-1,-1,1,1,E01007529,0
Unvalidated,2024141459488,2024,141459488,1,9,0,18,2,6,0,4,0,0,0,0,2,1,6,2,53,8,-1,-1,-1,-1,1,1,E01007905,0
Unvalidated,2024141459488,2024,141459488,2,90,0,18,2,6,0,4,0,0,0,0,1,1,1,1,39,7,-1,-1,-1,-1,3,1,E01007667,0
Unvalidated,2024141459491,2024,141459491,1,9,0,18,6,2,0,0,5,0,0,0,1,1,5,2,35,6,-1,-1,-1,-1,2,2,E01011785,0
Unvalidated,2024141459491,2024,141459491,2,9,0,18,2,6,0,0,0,0,0,0,1,1,1,1,18,4,-1,-1,-1,-1,2,1,E01007414,0
Unvalidated,2024141459492,2024,141459492,1,90,0,18,4,8,0,2,0,0,0,0,3,1,1,1,-1,-1,-1,-1,-1,-1,-1,-1,-1,0
Unvalidated,2024141459492,2024,141459492,2,9,0,18,5,2,0,1,0,0,0,0,1,1,5,2,37,7,-1,-1,-1,-1,1,1,E01008060,0
Unvalidated,2024141459602,2024,141459602,1,9,0,16,8,6,0,0,0,0,0,0,1,1,5,1,21,5,-1,-1,-1,-1,2,3,E01004969,0
Unvalidated,2024141459602,2024,141459602,2,97,0,17,6,8,0,0,0,0,0,0,3,1,6,1,31,6,-1,-1,-1,-1,1,1,E01008157,0
Unvalidated,2024141459606,2024,141459606,1,9,0,18,7,3,0,1,0,0,0,0,4,1,2,1,48,8,-1,-1,-1,-1,1,1,E01008076,0
Unvalidated,2024141459609,2024,141459609,1,9,0,18,1,5,0,2,0,0,0,0,4,1,1,1,53,8,-1,-1,-1,-1,2,1,E01007708,0
Unvalidated,2024141459609,2024,141459609,2,22,0,5,3,7,9,1,0,0,0,0,0,1,6,1,60,9,-1,-1,-1,-1,-1,-1,-1,0
Unvalidated,2024141459627,2024,141459627,1,9,0,18,1,1,0,2,0,0,0,0,3,1,5,2,68,10,-1,-1,-1,-1,7,1,E01007741,0
Unvalidated,2024141459627,2024,141459627,2,9,0,18,1,1,0,8,2,10,5,6,4,1,6,1,31,6,-1,-1,-1,-1,2,1,E01007759,0
Unvalidated,2024141459929,2024,141459929,1,9,0,18,5,1,0,0,0,0,0,0,2,1,6,2,33,6,-1,-1,-1,-1,8,1,E01007811,0
Unvalidated,2024141459929,2024,141459929,2,9,0,18,5,1,0,0,0,0,0,0,1,1,6,2,29,6,-1,-1,-1,-1,6,1,E01008046,0
Unvalidated,2024141460042,2024,141460042,1,9,0,18,8,4,0,0,0,0,0,0,3,1,6,1,46,8,-1,-1,-1,-1,4,1,E01007572,0
Unvalidated,2024141460042,2024,141460042,2,9,0,18,8,4,0,0,0,0,0,0,4,1,6,3,71,10,-1,-1,-1,-1,10,1,E01007619,0
Unvalidated,2024141460197,2024,141460197,1,9,0,18,5,1,0,4,0,0,0,0,3,1,6,1,88,11,-1,-1,-1,-1,2,1,E01007638,0
Unvalidated,2024141460197,2024,141460197,2,9,0,17,5,7,0,3,0,0,0,0,1,1,6,1,18,4,-1,-1,-1,-1,2,1,E01007593,0
Unvalidated,2024141460209,2024,141460209,1,97,0,5,3,7,0,2,0,0,0,0,1,1,5,1,13,3,-1,-1,-1,-1,4,1,E01007519,0
Unvalidated,2024141460209,2024,141460209,2,9,0,18,3,7,0,1,0,0,0,0,1,1,6,2,37,7,-1,-1,-1,-1,1,1,E01007507,0
Unvalidated,2024141460342,2024,141460342,1,9,0,18,8,4,0,1,0,0,0,0,1,1,6,1,43,7,-1,-1,-1,-1,1,1,E01008122,0
Unvalidated,2024141460342,2024,141460342,2,9,0,9,2,8,0,1,0,0,0,0,1,1,6,3,-1,-1,-1,-1,-1,-1,-1,-1,-1,0
Unvalidated,2024141460395,2024,141460395,1,9,0,18,1,5,0,1,0,0,0,0,4,1,5,1,39,7,-1,-1,-1,-1,1,1,E01007873,0
Unvalidated,2024141460395,2024,141460395,2,9,0,-1,-1,-1,-1,-1,-1,-1,-1,0,-1,1,6,3,-1,-1,-1,-1,-1,-1,-1,-1,-1,0
Unvalidated,2024141460491,2024,141460491,1,9,0,4,5,1,0,1,0,0,0,0,2,1,6,1,34,6,-1,-1,-1,-1,1,1,E01011912,0
Unvalidated,2024141460491,2024,141460491,2,9,0,4,5,1,0,1,0,0,0,0,2,1,5,2,33,6,-1,-1,-1,-1,3,1,E01007504,0
Unvalidated,2024141460491,2024,141460491,3,9,0,18,5,1,0,1,0,0,0,0,1,1,5,1,26,6,-1,-1,-1,-1,2,2,E01007470,0
Unvalidated,2024141460509,2024,141460509,1,97,0,18,4,8,0,8,0,0,0,0,1,1,5,1,22,5,-1,-1,-1,-1,1,1,E01008096,0
Unvalidated,2024141460509,2024,141460509,2,9,0,18,6,2,0,8,0,0,0,0,3,1,6,1,54,8,-1,-1,-1,-1,8,1,E01028047,0
Unvalidated,2024141460577,2024,141460577,1,9,0,18,1,5,0,4,0,0,0,0,3,1,1,1,59,9,-1,-1,-1,-1,1,1,E01007736,0
Unvalidated,2024141460577,2024,141460577,2,97,0,18,1,5,0,4,0,0,0,0,4,1,2,1,60,9,-1,-1,-1,-1,5,1,E01007887,0
Unvalidated,2024141460578,2024,141460578,1,9,0,18,1,4,0,0,0,0,0,0,1,1,6,1,30,6,-1,-1,-1,-1,8,2,E01019806,0
Unvalidated,2024141460578,2024,141460578,2,9,0,18,1,4,0,0,0,0,0,0,0,1,6,3,-1,-1,-1,-1,-1,-1,-1,-1,-1,0
Unvalidated,2024141460599,2024,141460599,1,9,0,9,1,7,0,8,0,0,0,0,1,1,1,2,56,9,-1,-1,-1,-1,3,1,E01007720,0
Unvalidated,2024141460599,2024,141460599,2,97,0,18,7,3,0,2,0,0,0,0,1,1,1,1,62,9,-1,-1,-1,-1,2,1,E01007694,0
Unvalidated,2024141460645,2024,141460645,1,9,0,18,6,2,0,0,0,0,0,0,1,1,6,1,37,7,-1,-1,-1,-1,1,1,E01007648,0
Unvalidated,2024141460645,2024,141460645,2,1,0,12,6,2,0,0,0,0,0,0,3,1,6,1,50,8,-1,-1,-1,-1,-1,-1,-1,0
Unvalidated,2024141460731,2024,141460731,1,97,0,18,-1,-1,0,1,0,0,0,0,1,1,6,3,-1,-1,-1,-1,-1,-1,-1,-1,-1,0
Unvalidated,2024141460789,2024,141460789,1,9,0,3,5,1,0,2,0,0,0,0,2,1,5,2,23,5,-1,-1,-1,-1,8,1,E01007818,0
Unvalidated,2024141460789,2024,141460789,2,9,0,18,5,1,0,2,0,0,0,0,1,1,6,1,-1,-1,-1,-1,-1,-1,-1,-1,-1,0
Unvalidated,2024141460921,2024,141460921,1,9,0,18,3,7,0,0,0,0,0,0,3,1,5,2,17,4,-1,-1,-1,-1,5,1,E01007438,0
Unvalidated,2024141460921,2024,141460921,2,9,0,14,7,3,0,0,0,0,0,0,1,1,6,1,-1,-1,-1,-1,-1,-1,4,1,E01007342,0
Unvalidated,2024141461100,2024,141461100,1,9,0,18,1,5,0,0,0,0,0,0,1,1,6,2,46,8,-1,-1,-1,-1,6,1,E01007598,0
Unvalidated,2024141461103,2024,141461103,1,98,0,18,1,5,9,0,0,0,0,0,2,1,5,1,18,4,-1,-1,-1,-1,7,2,E01007399,0
Unvalidated,2024141461103,2024,141461103,2,9,0,1,1,5,9,0,0,0,0,0,1,1,1,1,53,8,-1,-1,-1,-1,2,1,E01007336,0
Unvalidated,2024141461149,2024,141461149,1,97,0,5,1,5,0,0,0,0,0,0,3,1,6,1,24,5,-1,-1,-1,-1,6,1,E01008078,0
Unvalidated,2024141461149,2024,141461149,2,9,0,5,1,5,0,0,0,0,0,0,4,1,6,3,-1,-1,-1,-1,-1,-1,-1,-1,-1,0
Unvalidated,2024141461268,2024,141461268,1,9,0,7,3,5,0,6,0,0,0,0,1,1,1,1,37,7,-1,-1,-1,-1,1,1,E01007716,0
Unvalidated,2024141461268,2024,141461268,2,9,0,18,5,5,0,1,0,0,0,0,1,1,5,2,58,9,-1,-1,-1,-1,4,1,E01007584,0
Unvalidated,2024141461318,2024,141461318,1,9,0,17,5,1,0,0,5,0,7,0,3,1,5,2,79,11,-1,-1,-1,-1,4,3,E01007625,0
Unvalidated,2024141461384,2024,141461384,1,9,0,18,2,8,0,1,0,0,7,0,1,1,6,1,69,10,-1,-1,-1,-1,2,1,E01007443,0
Unvalidated,2024141461384,2024,141461384,2,9,0,9,5,2,0,6,0,0,3,0,4,1,6,2,19,4,-1,-1,-1,-1,3,1,E01007385,0
Unvalidated,2024141461786,2024,141461786,1,9,0,18,5,1,0,1,0,7,3,1,1,1,5,1,22,5,-1,-1,-1,-1,3,1,E01007971,0
Unvalidated,2024141461878,2024,141461878,1,97,0,18,2,6,0,0,0,0,0,0,1,1,5,1,58,9,-1,-1,-1,-1,9,1,E01007442,0
Unvalidated,2024141461878,2024,141461878,2,9,0,9,6,4,0,0,0,0,0,0,4,1,5,1,80,11,-1,-1,-1,-1,8,1,E01018242,0
Unvalidated,2024141461896,2024,141461896,1,9,0,18,1,5,0,8,0,0,0,0,4,1,5,1,26,6,-1,-1,-1,-1,6,1,E01007725,0