status,collision_index,collision_year,collision_reference,vehicle_reference,vehicle_type,towing_and_articulation,vehicle_manoeuvre,vehicle_direction_from,vehicle_direction_to,vehicle_location_restricted_lane,junction_location,skidding_and_overturning,hit_object_in_carriageway,vehicle_leaving_carriageway,hit_object_off_carriageway,first_point_of_impact,vehicle_left_hand_drive,journey_purpose_of_driver,sex_of_driver,age_of_driver,age_band_of_driver,engine_capacity_cc,propulsion_code,age_of_vehicle,generic_make_model,driver_imd_decile,driver_home_area_type,lsoa_of_driver,escooter_flag
Unvalidated,2024141461896,2024,141461896,2,9,0,9,4,1,0,8,0,0,0,0,1,1,6,3,28,6,-1,-1,-1,-1,-1,-1,-1,0
Unvalidated,2024141461971,2024,141461971,1,9,0,9,7,3,0,5,0,0,0,0,3,1,5,1,78,11,-1,-1,-1,-1,2,1,E01007578,0
Unvalidated,2024141461971,2024,141461971,2,97,0,18,7,3,0,1,0,0,0,0,1,1,2,1,32,6,-1,-1,-1,-1,2,1,E01007539,0
Unvalidated,2024141462633,2024,141462633,1,9,0,18,3,8,0,1,0,0,0,0,1,1,5,1,17,4,-1,-1,-1,-1,4,1,E01007699,0
Unvalidated,2024141462633,2024,141462633,2,9,0,18,-1,-1,0,6,0,0,0,0,-1,1,6,3,-1,-1,-1,-1,-1,-1,-1,-1,-1,0
Unvalidated,2024141463215,2024,141463215,1,9,0,1,4,8,9,2,0,0,1,0,2,1,6,2,51,8,-1,-1,-1,-1,1,1,E01008075,0
Unvalidated,2024141463427,2024,141463427,1,9,0,3,7,3,0,1,0,0,0,0,2,1,5,1,29,6,-1,-1,-1,-1,1,2,E01007378,0
Unvalidated,2024141463427,2024,141463427,2,98,0,18,7,3,0,1,0,0,0,0,1,1,6,3,-1,-1,-1,-1,-1,-1,-1,-1,-1,0
Unvalidated,2024141463427,2024,141463427,3,9,0,3,7,3,0,1,0,0,0,0,2,1,6,3,-1,-1,-1,-1,-1,-1,-1,-1,-1,0
Unvalidated,2024141466469,2024,141466469,1,9,0,3,5,7,0,4,0,0,0,0,2,1,2,1,27,6,-1,-1,-1,-1,-1,-1,-1,0
Unvalidated,2024141466469,2024,141466469,2,9,0,18,5,1,0,1,0,0,0,0,1,1,6,3,-1,-1,-1,-1,-1,-1,-1,-1,-1,0
Unvalidated,2024141469103,2024,141469103,1,9,0,3,7,3,0,1,0,0,0,0,2,1,6,2,44,7,-1,-1,-1,-1,2,1,E01007767,0
Unvalidated,2024141469103,2024,141469103,2,9,0,18,7,2,0,1,0,0,0,0,1,1,6,3,-1,-1,-1,-1,-1,-1,-1,-1,-1,0
Unvalidated,2024141469119,2024,141469119,1,4,0,3,7,2,0,1,0,0,0,0,3,1,6,1,59,9,-1,-1,-1,-1,2,1,E01011862,0
Unvalidated,2024141469119,2024,141469119,2,9,0,18,6,2,0,1,0,0,0,0,2,1,6,1,-1,-1,-1,-1,-1,-1,8,3,E01007418,0
Unvalidated,2024141469181,2024,141469181,1,9,0,3,7,3,0,0,0,0,0,0,1,1,6,2,35,6,-1,-1,-1,-1,4,1,E01005892,0
Unvalidated,2024141469181,2024,141469181,2,9,0,18,7,3,0,0,0,0,0,0,2,1,6,1,54,8,-1,-1,-1,-1,9,2,E01027053,0
Unvalidated,2024141469181,2024,141469181,3,9,0,3,7,3,0,0,0,0,0,0,2,1,6,1,39,7,-1,-1,-1,-1,4,1,E01007390,0
Unvalidated,2024141469320,2024,141469320,1,1,0,18,7,3,0,1,5,0,0,0,1,1,5,1,28,6,-1,-1,-1,-1,5,1,E01007953,0
Unvalidated,2024141469320,2024,141469320,2,9,0,9,7,5,0,5,0,0,0,0,1,1,6,2,-1,-1,-1,-1,-1,-1,-1,-1,-1,0
Unvalidated,2024141469631,2024,141469631,1,5,0,9,6,4,0,1,0,0,0,0,1,1,6,1,62,9,-1,-1,-1,-1,4,1,E01007780,0
Unvalidated,2024141469631,2024,141469631,2,9,0,18,4,8,0,1,0,0,0,0,1,1,6,2,45,7,-1,-1,-1,-1,4,1,E01007780,0
Unvalidated,2024141469852,2024,141469852,1,9,0,18,5,1,0,0,0,10,0,0,1,1,5,2,56,9,-1,-1,-1,-1,8,1,E01007832,0
Unvalidated,2024141469852,2024,141469852,2,9,0,14,1,5,0,0,0,0,0,0,1,1,5,1,64,9,-1,-1,-1,-1,8,1,E01008079,0
Unvalidated,2024141469852,2024,141469852,3,98,0,2,0,0,9,0,0,0,0,0,2,1,6,3,-1,-1,-1,-1,-1,-1,-1,-1,-1,0
Unvalidated,2024141471116,2024,141471116,1,98,0,4,7,3,0,0,0,0,0,0,3,1,1,1,57,9,-1,-1,-1,-1,5,1,E01007853,0
Unvalidated,2024141471116,2024,141471116,2,98,0,13,7,3,0,0,0,0,0,0,4,1,6,3,-1,-1,-1,-1,-1,-1,-1,-1,-1,0
Unvalidated,2024141471151,2024,141471151,1,9,0,3,4,8,0,1,0,0,0,0,4,1,5,1,20,4,-1,-1,-1,-1,6,1,E01007319,0
Unvalidated,2024141471151,2024,141471151,2,9,0,18,2,8,0,8,0,0,0,0,1,1,5,1,23,5,-1,-1,-1,-1,3,1,E01007447,0
Unvalidated,2024141471961,2024,141471961,1,19,0,18,5,1,0,0,0,0,0,0,1,1,6,1,50,8,-1,-1,-1,-1,4,1,E01007820,0
Unvalidated,2024141471961,2024,141471961,2,9,0,18,1,4,0,0,0,0,0,0,1,1,6,1,24,5,-1,-1,-1,-1,1,1,E01007370,0
Unvalidated,2024141472697,2024,141472697,1,9,0,18,7,3,0,1,0,0,0,0,1,1,2,1,72,10,-1,-1,-1,-1,7,1,E01007582,0
Unvalidated,2024141472697,2024,141472697,2,1,0,18,5,1,0,1,0,0,1,10,4,1,6,1,11,3,-1,-1,-1,-1,1,2,E01007372,0
Unvalidated,2024141473805,2024,141473805,1,9,0,4,3,7,0,0,0,0,0,0,2,1,2,2,46,8,-1,-1,-1,-1,-1,-1,-1,0
Unvalidated,2024141473805,2024,141473805,2,9,0,18,3,7,0,0,0,0,0,0,1,1,6,2,-1,-1,-1,-1,-1,-1,1,1,E01007549,0
Unvalidated,2024141474215,2024,141474215,1,9,0,3,1,5,0,0,0,0,0,0,2,1,6,1,51,8,-1,-1,-1,-1,9,2,E01007749,0
Unvalidated,2024141474215,2024,141474215,2,9,0,18,1,5,0,0,0,0,0,0,1,1,6,1,-1,-1,-1,-1,-1,-1,7,1,E01028115,0
Unvalidated,2024141474350,2024,141474350,1,1,0,18,5,1,0,0,5,0,0,0,1,1,5,1,40,7,-1,-1,-1,-1,1,1,E01007508,0
Unvalidated,2024141474350,2024,141474350,2,9,0,-1,-1,-1,-1,0,-1,-1,-1,0,-1,1,6,3,-1,-1,-1,-1,-1,-1,-1,-1,-1,0
Unvalidated,2024141487899,2024,141487899,1,9,0,11,1,5,0,0,0,0,0,0,4,1,5,1,44,7,-1,-1,-1,-1,8,2,E01019734,0
Unvalidated,2024141487899,2024,141487899,2,98,0,18,1,5,0,0,0,0,0,0,3,2,1,1,52,8,-1,-1,-1,-1,-1,-1,-1,0
Unvalidated,2024141488714,2024,141488714,1,9,0,18,7,3,0,6,0,0,0,0,2,1,2,1,31,6,-1,-1,-1,-1,1,1,E01007714,0
Unvalidated,2024141488714,2024,141488714,2,9,0,18,5,1,0,1,1,0,0,0,1,1,5,1,27,6,-1,-1,-1,-1,1,1,E01007734,0
Unvalidated,2024161393744,2024,161393744,1,9,0,5,2,8,0,6,0,0,0,0,1,1,6,1,22,5,-1,-1,-1,-1,2,1,E01013129,0
Unvalidated,2024161393744,2024,161393744,2,1,0,18,4,8,0,8,0,0,0,0,4,1,5,1,13,3,-1,-1,-1,-1,3,1,E01013133,0
Unvalidated,2024161394073,2024,161394073,1,9,0,18,5,1,0,0,0,0,0,0,3,1,6,2,70,10,-1,-1,-1,-1,5,2,E01013030,0
Unvalidated,2024161394102,2024,161394102,1,9,0,18,3,7,0,1,0,0,0,0,3,1,2,1,50,8,-1,-1,-1,-1,5,1,E01013297,0
Unvalidated,2024161394298,2024,161394298,1,3,-1,13,5,1,0,2,0,10,0,0,1,1,5,1,-1,-1,-1,-1,-1,-1,-1,-1,-1,0
Unvalidated,2024161394298,2024,161394298,2,16,9,18,5,1,0,2,1,0,0,0,0,1,5,2,33,6,-1,-1,-1,-1,1,1,E01012837,0
Unvalidated,2024161394361,2024,161394361,1,9,0,18,8,4,0,0,0,0,0,0,1,1,5,1,45,7,-1,-1,-1,-1,2,1,E01012871,0
Unvalidated,2024161394361,2024,161394361,2,9,0,18,8,4,0,0,0,0,0,0,2,1,5,2,26,6,-1,-1,-1,-1,10,1,E01013070,0
Unvalidated,2024161394454,2024,161394454,1,9,0,7,2,6,0,6,0,0,0,0,1,1,2,2,26,6,-1,-1,-1,-1,1,1,E01012823,0
Unvalidated,2024161394454,2024,161394454,2,9,0,9,1,6,0,1,0,0,0,0,3,1,5,1,62,9,-1,-1,-1,-1,-1,-1,-1,0
Unvalidated,2024161394468,2024,161394468,1,1,0,18,5,1,0,0,0,4,0,0,1,1,1,1,43,7,-1,-1,-1,-1,-1,-1,-1,0
Unvalidated,2024161394468,2024,161394468,2,9,0,2,0,0,0,0,0,0,0,0,2,1,6,3,-1,-1,-1,-1,-1,-1,-1,-1,-1,0
Unvalidated,2024161394484,2024,161394484,1,9,0,18,1,5,0,0,1,0,1,0,1,1,2,2,26,6,-1,-1,-1,-1,7,2,E01013046,0
Unvalidated,2024161394484,2024,161394484,2,9,0,18,5,1,0,0,0,0,1,0,1,1,5,2,42,7,-1,-1,-1,-1,8,1,E01012977,0
Unvalidated,2024161394507,2024,161394507,1,9,0,17,5,1,0,0,1,0,1,9,1,1,6,2,18,4,-1,-1,-1,-1,1,1,E01012786,0
Unvalidated,2024161394527,2024,161394527,1,9,0,4,8,4,0,1,1,0,1,0,1,1,5,1,40,7,-1,-1,-1,-1,1,1,E01013330,0
Unvalidated,2024161394758,2024,161394758,1,90,0,18,7,3,0,0,5,7,4,9,1,1,1,1,41,7,-1,-1,-1,-1,5,1,E01011218,0
Unvalidated,2024161394893,2024,161394893,1,9,0,9,1,5,0,8,0,0,0,0,4,1,5,2,69,10,-1,-1,-1,-1,1,1,E01012876,0
Unvalidated,2024161394893,2024,161394893,2,9,0,18,5,1,0,8,0,0,0,0,1,1,5,1,57,9,-1,-1,-1,-1,1,1,E01012781,0
Unvalidated,2024161394942,2024,161394942,1,9,0,18,3,7,0,3,0,0,3,0,4,1,5,2,70,10,-1,-1,-1,-1,9,1,E01012960,0
Unvalidated,2024161394942,2024,161394942,2,90,0,18,5,1,0,4,0,0,0,0,1,1,5,1,54,8,-1,-1,-1,-1,1,1,E01012879,1
Unvalidated,2024161394991,2024,161394991,1,98,0,15,7,3,0,0,0,0,0,0,3,1,6,1,33,6,-1,-1,-1,-1,1,1,E01012808,0
Unvalidated,2024161394991,2024,161394991,2,19,0,2,0,0,0,0,0,0,0,0,3,1,6,3,-1,-1,-1,-1,-1,-1,-1,-1,-1,0
Unvalidated,2024161395023,2024,161395023,1,9,0,9,4,2,0,6,0,0,0,0,1,1,1,2,48,8,-1,-1,-1,-1,4,1,E01012829,0
Unvalidated,2024161395023,2024,161395023,2,1,0,18,2,6,0,8,0,0,0,0,1,1,2,1,52,8,-1,-1,-1,-1,9,1,E01028629,0
Unvalidated,2024161395105,2024,161395105,1,9,0,5,1,5,0,1,0,0,0,0,2,1,5,2,44,7,-1,-1,-1,-1,5,1,E01012910,0
Unvalidated,2024161395105,2024,161395105,2,9,0,18,1,5,0,1,0,0,0,0,1,1,6,2,-1,-1,-1,-1,-1,-1,-1,-1,-1,0
Unvalidated,2024161395155,2024,161395155,1,1,0,18,7,3,0,0,0,0,0,0,4,1,2,1,39,7,-1,-1,-1,-1,1,1,E01012787,0
Unvalidated,2024161395155,2024,161395155,2,9,0,5,5,1,0,0,0,0,0,0,1,1,6,1,27,6,-1,-1,-1,-1,8,1,E01012909,0
Unvalidated,2024161395183,2024,161395183,1,9,0,18,5,1,0,8,0,10,0,0,3,1,3,1,37,7,-1,-1,-1,-1,7,2,E01013224,0
Unvalidated,2024161395183,2024,161395183,2,20,1,11,3,1,0,8,0,0,0,0,4,1,1,1,47,8,-1,-1,-1,-1,7,3,E01026392,0
Unvalidated,2024161395209,2024,161395209,1,90,0,18,4,8,9,0,0,0,0,0,0,1,5,1,11,3,-1,-1,-1,-1,1,1,E01012880,1
Unvalidated,2024161395526,2024,161395526,1,8,0,9,7,5,0,5,0,0,0,0,1,1,2,1,46,8,-1,-1,-1,-1,1,1,E01012951,0
Unvalidated,2024161395548,2024,161395548,1,8,0,1,2,6,0,8,0,0,0,0,2,1,1,1,61,9,-1,-1,-1,-1,1,1,E01012874,0
Unvalidated,2024161395653,2024,161395653,1,9,0,4,5,1,0,0,0,0,1,2,2,1,5,1,32,6,-1,-1,-1,-1,-1,-1,-1,0
Unvalidated,2024161395653,2024,161395653,2,9,0,18,5,1,0,0,0,0,0,0,1,1,2,1,22,5,-1,-1,-1,-1,-1,-1,-1,0
Unvalidated,2024161395673,2024,161395673,1,9,0,18,6,2,0,0,0,0,7,9,1,1,5,1,70,10,-1,-1,-1,-1,10,2,E01012972,0
Unvalidated,2024161395908,2024,161395908,1,9,0,2,0,0,0,0,0,0,0,0,3,1,2,1,35,6,-1,-1,-1,-1,7,1,E01033105,0
Unvalidated,2024161395908,2024,161395908,2,9,0,18,6,2,0,0,0,4,0,0,4,1,6,2,35,6,-1,-1,-1,-1,3,1,E01012795,0
Unvalidated,2024161396046,2024,161396046,1,9,0,18,6,2,0,0,0,4,0,0,1,1,6,1,83,11,-1,-1,-1,-1,6,1,E01012982,0
Unvalidated,2024161396046,2024,161396046,2,9,0,2,0,0,0,0,0,0,0,0,1,1,6,3,-1,-1,-1,-1,-1,-1,-1,-1,-1,0
Unvalidated,2024161396046,2024,161396046,3,9,0,2,0,0,0,0,0,0,0,0,1,1,6,3,-1,-1,-1,-1,-1,-1,-1,-1,-1,0
Unvalidated,2024161396133,2024,161396133,1,19,0,9,4,8,0,1,0,0,0,0,1,1,1,1,47,8,-1,-1,-1,-1,-1,-1,-1,0
Unvalidated,2024161396133,2024,161396133,2,9,0,18,8,4,0,1,0,0,0,0,1,1,5,1,84,11,-1,-1,-1,-1,-1,-1,-1,0
Unvalidated,2024161396423,2024,161396423,1,9,0,18,8,4,0,0,0,0,0,0,1,1,6,1,53,8,-1,-1,-1,-1,-1,-1,-1,0
Unvalidated,2024161396423,2024,161396423,2,1,0,18,8,4,0,0,0,0,0,0,2,1,6,2,62,9,-1,-1,-1,-1,5,1,E01012799,0
Unvalidated,2024161396594,2024,161396594,1,1,0,18,2,6,0,1,0,0,0,0,1,1,6,1,22,5,-1,-1,-1,-1,-1,-1,-1,0
Unvalidated,2024161396594,2024,161396594,2,9,0,9,6,4,0,1,0,0,0,0,1,1,6,2,70,10,-1,-1,-1,-1,4,1,E01012901,0
Unvalidated,2024161396644,2024,161396644,1,9,0,7,1,3,0,6,0,0,0,0,1,1,6,1,54,8,-1,-1,-1,-1,3,1,E01012872,0
Unvalidated,2024161396644,2024,161396644,2,9,0,18,7,3,0,8,0,0,0,0,4,1,6,2,57,9,-1,-1,-1,-1,7,1,E01033106,0
Unvalidated,2024161396662,2024,161396662,1,9,0,18,5,1,0,4,0,0,0,0,1,1,5,2,33,6,-1,-1,-1,-1,-1,1,-1,0
Unvalidated,2024161396662,2024,161396662,2,9,0,18,3,7,0,4,0,0,7,0,4,1,5,2,43,7,-1,-1,-1,-1,6,1,E01013105,0
Unvalidated,2024161396706,2024,161396706,1,8,0,4,6,2,0,5,0,0,0,0,2,1,1,3,-1,-1,-1,-1,-1,-1,-1,-1,-1,0
Unvalidated,2024161396706,2024,161396706,2,9,0,18,6,2,0,1,0,0,0,0,1,1,6,3,-1,-1,-1,-1,-1,-1,-1,-1,-1,0
Unvalidated,2024161396754,2024,161396754,1,9,0,18,1,5,0,8,0,0,0,0,1,1,5,1,27,6,-1,-1,-1,-1,5,2,E01013249,0
Unvalidated,2024161396754,2024,161396754,2,9,0,7,3,5,0,5,0,0,0,0,2,1,6,1,62,9,-1,-1,-1,-1,4,1,E01004366,0
Unvalidated,2024161396807,2024,161396807,1,9,0,18,3,7,0,0,0,0,0,0,1,1,5,3,-1,-1,-1,-1,-1,-1,-1,-1,-1,0
Unvalidated,2024161396807,2024,161396807,2,1,0,18,3,7,0,0,0,0,0,0,2,1,5,1,53,8,-1,-1,-1,-1,1,1,E01012805,0
Unvalidated,2024161396949,2024,161396949,1,19,0,18,7,3,0,0,0,0,0,0,1,1,6,1,72,10,-1,-1,-1,-1,6,3,E01026387,0
Unvalidated,2024161397030,2024,161397030,1,9,0,18,5,1,0,8,0,0,0,0,3,1,5,1,24,5,-1,-1,-1,-1,2,1,E01012869,0
Unvalidated,2024161397030,2024,161397030,2,5,0,18,3,7,0,8,0,0,0,0,1,1,5,1,79,11,-1,-1,-1,-1,8,1,E01012939,0
Unvalidated,2024161397058,2024,161397058,1,9,0,17,1,5,0,0,1,0,1,1,1,1,6,2,24,5,-1,-1,-1,-1,7,3,E01013294,0
Unvalidated,2024161397406,2024,161397406,1,9,0,18,3,6,0,1,0,0,0,0,1,1,5,1,85,11,-1,-1,-1,-1,3,1,E01013233,0
Unvalidated,2024161397406,2024,161397406,2,9,0,9,3,7,0,8,0,0,0,0,4,1,5,1,54,8,-1,-1,-1,-1,5,1,E01033414,0
Unvalidated,2024161397454,2024,161397454,1,9,0,18,5,1,0,0,0,0,0,0,1,1,5,1,67,10,-1,-1,-1,-1,1,1,E01013137,0
Unvalidated,2024161397528,2024,161397528,1,97,0,18,2,6,9,0,0,0,1,0,1,1,6,3,-1,-1,-1,-1,-1,-1,-1,-1,-1,0
Unvalidated,2024161397609,2024,161397609,1,9,0,4,1,5,0,1,0,0,0,0,2,1,5,1,27,6,-1,-1,-1,-1,10,1,E01013012,0
Unvalidated,2024161397609,2024,161397609,2,10,0,18,1,5,0,1,0,0,0,0,1,1,1,1,38,7,-1,-1,-1,-1,7,1,E01012792,0
Unvalidated,2024161397610,2024,161397610,1,9,0,18,6,2,0,0,0,0,9,0,1,1,5,1,-1,-1,-1,-1,-1,-1,-1,-1,-1,0
Unvalidated,2024161397610,2024,161397610,2,1,0,18,6,2,0,0,0,0,9,0,2,1,5,2,54,8,-1,-1,-1,-1,1,1,E01012859,0
Unvalidated,2024161397637,2024,161397637,1,9,0,3,3,7,0,1,0,0,0,0,3,1,5,1,53,8,-1,-1,-1,-1,10,1,E01012978,0
Unvalidated,2024161397637,2024,161397637,2,9,0,9,7,5,0,1,0,0,0,0,3,1,6,1,60,9,-1,-1,-1,-1,1,1,E01012873,0
Unvalidated,2024161397637,2024,161397637,3,9,0,3,7,3,0,1,0,0,0,0,-1,1,6,1,20,4,-1,-1,-1,-1,-1,-1,-1,0
Unvalidated,2024161397791,2024,161397791,1,3,0,4,2,7,0,0,2,4,0,0,1,1,6,2,22,5,-1,-1,-1,-1,1,1,E01013279,0
Unvalidated,2024161397791,2024,161397791,2,9,0,4,2,7,0,0,0,0,0,0,2,1,6,2,32,6,-1,-1,-1,-1,1,1,E01013279,0
Unvalidated,2024161397840,2024,161397840,1,9,0,18,3,7,0,4,0,0,0,0,1,1,6,1,79,11,-1,-1,-1,-1,7,1,E01013295,0
Unvalidated,2024161397840,2024,161397840,2,9,0,18,3,7,0,4,0,0,0,0,2,1,6,2,34,6,-1,-1,-1,-1,6,1,E01013334,0
Unvalidated,2024161397840,2024,161397840,3,90,0,18,5,1,0,4,0,0,0,0,2,1,5,1,16,4,-1,-1,-1,-1,5,1,E01013317,1
Unvalidated,2024161397847,2024,161397847,1,9,0,9,3,1,0,5,0,0,0,0,1,1,5,2,79,11,-1,-1,-1,-1,10,1,E01013113,0
Unvalidated,2024161397847,2024,161397847,2,1,0,18,7,3,0,1,0,0,0,0,1,1,2,1,25,5,-1,-1,-1,-1,-1,-1,-1,0
Unvalidated,2024161397852,2024,161397852,1,9,0,7,7,1,0,0,0,0,0,0,1,1,2,1,37,7,-1,-1,-1,-1,3,1,E01012997,0
Unvalidated,2024161397861,2024,161397861,1,9,0,17,2,6,0,0,5,0,7,0,0,1,5,2,54,8,-1,-1,-1,-1,5,3,E01012991,0
Unvalidated,2024161397977,2024,161397977,1,9,0,18,1,5,0,8,0,0,0,0,1,1,5,1,87,11,-1,-1,-1,-1,3,3,E01026386,0
Unvalidated,2024161397977,2024,161397977,2,9,0,18,3,7,0,8,0,0,0,0,3,1,5,1,53,8,-1,-1,-1,-1,7,1,E01013321,0
Unvalidated,2024161397988,2024,161397988,1,9,0,18,2,2,0,4,2,10,1,11,1,1,6,1,42,7,-1,-1,-1,-1,4,1,E01013314,0
Unvalidated,2024161398001,2024,161398001,1,9,0,3,2,6,0,1,0,0,0,0,1,1,5,1,73,10,-1,-1,-1,-1,1,1,E01013000,0
Unvalidated,2024161398014,2024,161398014,1,9,0,5,3,7,0,2,0,4,1,11,1,1,5,1,74,10,-1,-1,-1,-1,-1,-1,-1,0
Unvalidated,2024161398014,2024,161398014,2,9,0,2,0,0,0,6,0,0,0,0,2,1,6,3,-1,-1,-1,-1,-1,-1,-1,-1,-1,0
Unvalidated,2024161398085,2024,161398085,1,3,0,18,7,3,0,0,0,0,0,0,1,1,5,2,20,4,-1,-1,-1,-1,1,1,E01013141,0
Unvalidated,2024161398085,2024,161398085,2,9,0,18,3,7,0,0,0,0,0,0,1,1,2,2,22,5,-1,-1,-1,-1,2,1,E01013206,0
Unvalidated,2024161398278,2024,161398278,1,9,0,18,8,4,0,0,0,0,0,0,3,1,5,2,76,11,-1,-1,-1,-1,9,2,E01013052,0
Unvalidated,2024161398278,2024,161398278,2,9,0,18,4,8,0,0,0,0,0,0,1,1,5,1,52,8,-1,-1,-1,-1,9,2,E01013059,0
Unvalidated,2024161398278,2024,161398278,3,9,0,18,8,4,0,0,0,0,0,0,1,1,5,1,55,8,-1,-1,-1,-1,10,2,E01013054,0
Unvalidated,2024161398354,2024,161398354,1,9,0,5,1,5,0,4,0,0,0,0,4,1,2,2,47,8,-1,-1,-1,-1,7,1,E01033108,0
Unvalidated,2024161398354,2024,161398354,2,9,0,5,1,5,0,4,0,0,0,0,4,1,6,2,33,6,-1,-1,-1,-1,-1,-1,-1,0
Unvalidated,2024161398414,2024,161398414,1,9,0,9,1,7,0,4,0,0,0,0,1,1,5,2,27,6,-1,-1,-1,-1,1,1,E01012906,0
Unvalidated,2024161398414,2024,161398414,2,1,0,9,7,5,0,8,1,0,0,0,2,1,5,1,28,6,-1,-1,-1,-1,-1,-1,-1,0
Unvalidated,2024161398465,2024,161398465,1,9,0,18,3,7,0,0,0,0,0,0,1,1,2,2,29,6,-1,-1,-1,-1,6,1,E01012912,0
Unvalidated,2024161398465,2024,161398465,2,1,0,18,5,1,0,0,0,0,0,0,3,1,6,1,14,3,-1,-1,-1,-1,-1,-1,-1,0
Unvalidated,2024161398495,2024,161398495,1,19,0,18,5,1,0,0,0,0,0,0,1,1,1,1,33,6,-1,-1,-1,-1,8,2,E01013305,0
Unvalidated,2024161398495,2024,161398495,2,9,0,5,5,1,0,0,0,0,0,0,2,1,1,1,52,8,-1,-1,-1,-1,3,1,E01012817,0
Unvalidated,2024161398594,2024,161398594,1,19,4,18,1,5,0,0,0,4,0,0,1,1,6,1,27,6,-1,-1,-1,-1,3,3,E01028056,0
Unvalidated,2024161398594,2024,161398594,2,21,0,2,0,0,0,0,0,0,0,0,2,1,1,1,31,6,-1,-1,-1,-1,-1,-1,-1,0
Unvalidated,2024161398601,2024,161398601,1,9,0,17,2,6,0,0,1,0,7,0,1,1,5,2,52,8,-1,-1,-1,-1,-1,2,-1,0
Unvalidated,2024161398601,2024,161398601,2,9,0,16,6,2,0,0,1,0,0,0,4,1,5,1,64,9,-1,-1,-1,-1,10,1,E01013043,0
Unvalidated,2024161398601,2024,161398601,3,9,0,18,6,2,0,0,0,10,7,0,1,1,6,2,45,7,-1,-1,-1,-1,-1,-1,-1,0
Unvalidated,2024161398661,2024,161398661,1,9,0,17,1,5,0,1,1,0,1,2,1,1,1,1,35,6,-1,-1,-1,-1,1,1,E01012862,0
Unvalidated,2024161398753,2024,161398753,1,9,0,18,8,4,0,0,0,0,1,11,3,1,6,1,30,6,-1,-1,-1,-1,1,1,E01013137,0
Unvalidated,2024161398753,2024,161398753,2,9,0,18,8,4,0,0,0,0,0,0,1,1,1,1,32,6,-1,-1,-1,-1,10,3,E01013090,0
Unvalidated,2024161398810,2024,161398810,1,9,0,16,4,8,0,0,1,0,7,4,1,1,2,2,37,7,-1,-1,-1,-1,9,1,E01013265,0
Unvalidated,2024161398815,2024,161398815,1,9,0,5,4,1,0,4,0,0,0,0,1,2,2,1,48,8,-1,-1,-1,-1,9,1,E01013168,0
Unvalidated,2024161398951,2024,161398951,1,9,0,18,3,8,0,1,0,0,0,0,1,1,5,2,17,4,-1,-1,-1,-1,9,1,E01033297,0
Unvalidated,2024161398951,2024,161398951,2,9,0,5,5,8,0,6,0,0,0,0,1,1,6,1,23,5,-1,-1,-1,-1,7,1,E01013321,0
Unvalidated,2024161398951,2024,161398951,3,9,0,18,8,3,0,1,0,0,0,0,1,1,2,2,45,7,-1,-1,-1,-1,9,2,E01007601,0
Unvalidated,2024161399141,2024,161399141,1,9,0,5,1,5,0,6,0,0,1,0,1,1,5,1,91,11,-1,-1,-1,-1,10,3,E01013088,0
Unvalidated,2024161399141,2024,161399141,2,9,0,18,7,3,0,1,1,0,0,0,1,1,5,2,65,9,-1,-1,-1,-1,1,1,E01012874,0
Unvalidated,2024161399503,2024,161399503,1,9,0,18,5,1,0,0,0,7,0,0,1,1,6,1,46,8,-1,-1,-1,-1,7,1,E01012794,0
Unvalidated,2024161399822,2024,161399822,1,9,0,4,2,1,0,4,0,0,0,0,2,1,3,2,34,6,-1,-1,-1,-1,4,2,E01013079,0
Unvalidated,2024161399822,2024,161399822,2,9,0,4,2,1,0,4,0,0,0,0,1,1,6,2,45,7,-1,-1,-1,-1,1,2,E01013080,0
Unvalidated,2024161399883,2024,161399883,1,9,0,18,1,5,0,0,0,0,0,0,3,1,5,2,21,5,-1,-1,-1,-1,10,1,E01013064,0
Unvalidated,2024161399883,2024,161399883,2,1,0,18,5,1,0,0,0,0,1,0,1,1,5,1,56,9,-1,-1,-1,-1,6,1,E01012959,0
Unvalidated,2024161399904,2024,161399904,1,9,0,7,8,4,0,3,0,10,3,10,1,1,5,1,19,4,-1,-1,-1,-1,1,1,E01013138,0
Unvalidated,2024161399927,2024,161399927,1,1,0,18,3,7,4,8,0,0,1,0,1,1,2,1,43,7,-1,-1,-1,-1,3,2,E01013259,0
Unvalidated,2024161399927,2024,161399927,2,9,0,7,3,5,0,8,0,0,0,0,4,1,6,1,37,7,-1,-1,-1,-1,-1,-1,-1,0
Unvalidated,2024161400122,2024,161400122,1,9,0,18,4,8,0,0,1,0,0,0,2,1,5,2,63,9,-1,-1,-1,-1,6,1,E01012296,0
Unvalidated,2024161400122,2024,161400122,2,9,0,18,4,8,0,0,1,0,0,0,1,1,2,1,31,6,-1,-1,-1,-1,4,3,E01027803,0
Unvalidated,2024161400138,2024,161400138,1,9,0,9,1,7,0,2,0,0,0,0,1,1,6,2,50,8,-1,-1,-1,-1,5,1,E01012796,0
Unvalidated,2024161400138,2024,161400138,2,22,0,5,1,5,0,6,5,0,0,0,4,1,6,2,68,10,-1,-1,-1,-1,1,1,E01012798,0
Unvalidated,2024161400242,2024,161400242,1,9,0,10,6,2,0,0,0,0,0,0,2,1,5,1,67,10,-1,-1,-1,-1,7,1,E01012815,0
Unvalidated,2024161400242,2024,161400242,2,9,0,18,6,2,0,0,0,0,0,0,1,1,5,1,20,4,-1,-1,-1,-1,3,1,E01012817,0