status,collision_index,collision_year,collision_reference,vehicle_reference,vehicle_type,towing_and_articulation,vehicle_manoeuvre,vehicle_direction_from,vehicle_direction_to,vehicle_location_restricted_lane,junction_location,skidding_and_overturning,hit_object_in_carriageway,vehicle_leaving_carriageway,hit_object_off_carriageway,first_point_of_impact,vehicle_left_hand_drive,journey_purpose_of_driver,sex_of_driver,age_of_driver,age_band_of_driver,engine_capacity_cc,propulsion_code,age_of_vehicle,generic_make_model,driver_imd_decile,driver_home_area_type,lsoa_of_driver,escooter_flag
Unvalidated,2024161400434,2024,161400434,1,19,0,18,5,1,0,0,0,7,0,0,1,1,2,1,52,8,-1,-1,-1,-1,1,1,E01012892,0
Unvalidated,2024161400450,2024,161400450,1,9,0,18,3,7,0,1,1,0,1,3,3,1,6,1,20,4,-1,-1,-1,-1,3,1,E01012759,0
Unvalidated,2024161400486,2024,161400486,1,9,0,18,1,5,0,1,0,0,0,0,3,1,1,2,50,8,-1,-1,-1,-1,7,2,E01012969,0
Unvalidated,2024161400486,2024,161400486,2,9,0,5,3,7,0,6,0,0,0,0,1,1,5,1,85,11,-1,-1,-1,-1,7,2,E01013322,0
Unvalidated,2024161400794,2024,161400794,1,19,0,10,3,5,0,1,0,0,0,0,2,1,6,1,57,9,-1,-1,-1,-1,9,1,E01013152,0
Unvalidated,2024161400794,2024,161400794,2,19,0,18,7,3,0,1,0,0,0,0,2,1,5,1,41,7,-1,-1,-1,-1,6,2,E01026107,0
Unvalidated,2024161400794,2024,161400794,3,9,0,18,7,3,0,1,0,0,0,0,1,1,5,1,29,6,-1,-1,-1,-1,9,1,E01013168,0
Unvalidated,2024161400849,2024,161400849,1,9,0,4,4,8,0,0,0,0,0,0,3,1,5,2,41,7,-1,-1,-1,-1,-1,-1,-1,0
Unvalidated,2024161400849,2024,161400849,2,9,0,18,4,8,0,0,0,0,3,0,1,1,6,2,43,7,-1,-1,-1,-1,2,1,E01021278,0
Unvalidated,2024161400850,2024,161400850,1,9,0,18,5,1,0,1,0,0,0,0,1,1,5,1,23,5,-1,-1,-1,-1,4,1,E01013179,0
Unvalidated,2024161400850,2024,161400850,2,9,0,9,5,1,0,1,0,0,0,0,0,1,5,2,63,9,-1,-1,-1,-1,6,1,E01013180,0
Unvalidated,2024161400942,2024,161400942,1,9,0,9,8,6,0,6,1,0,0,0,1,1,5,1,14,3,-1,-1,-1,-1,6,1,E01013036,0
Unvalidated,2024161400942,2024,161400942,2,90,0,18,6,2,0,1,0,0,0,0,1,1,6,1,43,7,-1,-1,-1,-1,5,3,E01013048,0
Unvalidated,2024161400942,2024,161400942,3,11,0,18,2,6,0,8,0,0,0,0,2,1,1,1,34,6,-1,-1,-1,-1,1,1,E01012855,0
Unvalidated,2024161401007,2024,161401007,1,9,0,9,5,3,0,5,0,0,0,0,1,1,5,2,20,4,-1,-1,-1,-1,7,2,E01012969,0
Unvalidated,2024161401007,2024,161401007,2,9,0,5,7,3,0,1,0,0,0,0,3,1,5,2,18,4,-1,-1,-1,-1,8,2,E01013026,0
Unvalidated,2024161401081,2024,161401081,1,9,0,4,3,7,0,1,0,0,0,0,2,1,3,2,20,4,-1,-1,-1,-1,3,1,E01012817,0
Unvalidated,2024161401081,2024,161401081,2,9,0,4,3,7,0,1,0,0,0,0,1,1,6,1,21,5,-1,-1,-1,-1,1,1,E01012761,0
Unvalidated,2024161401186,2024,161401186,1,1,0,3,1,5,0,1,0,0,0,0,3,1,6,1,40,7,-1,-1,-1,-1,1,1,E01012915,0
Unvalidated,2024161401186,2024,161401186,2,19,0,4,1,5,0,1,0,0,0,0,4,1,1,1,-1,-1,-1,-1,-1,-1,-1,-1,-1,0
Unvalidated,2024161401260,2024,161401260,1,1,0,18,8,4,0,0,0,0,0,0,3,1,5,1,34,6,-1,-1,-1,-1,6,2,E01013276,0
Unvalidated,2024161401260,2024,161401260,2,98,0,13,8,4,0,0,0,0,0,0,4,1,1,1,20,4,-1,-1,-1,-1,-1,-1,-1,0
Unvalidated,2024161401377,2024,161401377,1,9,0,8,5,1,0,1,0,0,0,0,2,1,6,2,47,8,-1,-1,-1,-1,6,3,E01012923,0
Unvalidated,2024161401377,2024,161401377,2,9,0,5,5,1,0,1,0,0,0,0,1,1,6,1,69,10,-1,-1,-1,-1,2,1,E01012763,0
Unvalidated,2024161401410,2024,161401410,1,9,0,18,1,5,0,0,0,0,1,4,1,1,5,1,86,11,-1,-1,-1,-1,5,3,E01013078,0
Unvalidated,2024161401459,2024,161401459,1,9,0,6,7,7,0,4,0,0,0,0,1,1,5,1,38,7,-1,-1,-1,-1,1,1,E01012836,0
Unvalidated,2024161401459,2024,161401459,2,90,0,9,5,1,0,4,0,0,0,0,2,1,5,1,12,3,-1,-1,-1,-1,1,1,E01012842,0
Unvalidated,2024161401507,2024,161401507,1,9,0,18,1,5,0,0,0,0,0,0,1,1,5,2,18,4,-1,-1,-1,-1,7,3,E01012983,0
Unvalidated,2024161401507,2024,161401507,2,9,0,18,5,1,0,0,0,0,0,0,1,1,6,1,64,9,-1,-1,-1,-1,8,1,E01012975,0
Unvalidated,2024161401624,2024,161401624,1,19,0,2,0,0,0,0,0,0,0,0,1,1,6,1,32,6,-1,-1,-1,-1,4,2,E01013050,0
Unvalidated,2024161401624,2024,161401624,2,9,0,18,2,6,0,0,0,0,0,0,1,1,6,1,79,11,-1,-1,-1,-1,4,2,E01013051,0
Unvalidated,2024161401662,2024,161401662,1,19,0,7,3,5,0,8,0,0,0,0,1,1,6,1,33,6,-1,-1,-1,-1,-1,-1,-1,0
Unvalidated,2024161401662,2024,161401662,2,1,0,18,1,5,0,8,0,0,0,0,4,1,6,1,38,7,-1,-1,-1,-1,9,1,E01013260,0
Unvalidated,2024161401667,2024,161401667,1,9,0,8,1,4,0,4,0,0,0,0,2,1,5,1,26,6,-1,-1,-1,-1,1,1,E01013140,0
Unvalidated,2024161401667,2024,161401667,2,9,0,8,1,4,0,4,0,0,0,0,1,1,6,1,-1,-1,-1,-1,-1,-1,-1,-1,-1,0
Unvalidated,2024161401690,2024,161401690,1,2,0,18,5,1,4,1,0,0,0,0,1,1,6,1,47,8,-1,-1,-1,-1,6,3,E01012953,0
Unvalidated,2024161401690,2024,161401690,2,9,0,7,5,7,0,5,0,0,0,0,4,1,6,3,-1,-1,-1,-1,-1,-1,-1,-1,-1,0
Unvalidated,2024161401833,2024,161401833,1,98,0,18,1,5,0,0,5,0,7,0,3,1,1,1,60,9,-1,-1,-1,-1,4,1,E01012830,0
Unvalidated,2024161401953,2024,161401953,1,9,0,18,5,1,0,8,0,0,0,0,1,2,6,2,40,7,-1,-1,-1,-1,1,1,E01013138,0
Unvalidated,2024161401953,2024,161401953,2,1,0,9,1,7,0,8,0,0,0,0,3,1,6,1,30,6,-1,-1,-1,-1,2,1,E01013202,0
Unvalidated,2024161402084,2024,161402084,1,9,0,18,7,3,0,1,0,0,0,0,1,1,5,2,29,6,-1,-1,-1,-1,2,1,E01012884,0
Unvalidated,2024161402096,2024,161402096,1,9,0,3,3,7,0,0,0,0,0,0,2,1,1,2,18,4,-1,-1,-1,-1,8,1,E01012813,0
Unvalidated,2024161402096,2024,161402096,2,9,0,7,5,3,0,0,0,0,0,0,1,1,5,1,42,7,-1,-1,-1,-1,2,1,E01012821,0
Unvalidated,2024161402126,2024,161402126,1,9,0,7,7,1,0,8,0,0,0,0,1,1,2,2,18,4,-1,-1,-1,-1,8,3,E01013028,0
Unvalidated,2024161402126,2024,161402126,2,8,0,7,7,1,0,8,0,0,0,0,4,1,1,1,-1,-1,-1,-1,-1,-1,-1,-1,-1,0
Unvalidated,2024161402242,2024,161402242,1,9,0,18,5,1,0,0,0,0,0,0,1,1,6,3,-1,-1,-1,-1,-1,-1,-1,-1,-1,0
Unvalidated,2024161402359,2024,161402359,1,9,0,18,7,3,0,0,1,0,2,0,3,1,5,1,22,5,-1,-1,-1,-1,10,1,E01013042,0
Unvalidated,2024161402395,2024,161402395,1,1,0,18,4,8,4,0,0,4,0,0,1,1,5,1,15,3,-1,-1,-1,-1,2,1,E01032595,0
Unvalidated,2024161402395,2024,161402395,2,9,0,2,0,0,0,0,0,0,0,0,3,1,6,3,-1,-1,-1,-1,-1,-1,-1,-1,-1,0
Unvalidated,2024161402407,2024,161402407,1,9,0,7,3,5,0,8,0,0,0,0,3,1,6,2,-1,-1,-1,-1,-1,-1,-1,-1,-1,0
Unvalidated,2024161402477,2024,161402477,1,9,0,18,1,5,0,1,0,0,0,0,4,1,6,1,-1,-1,-1,-1,-1,-1,-1,-1,-1,0
Unvalidated,2024161402513,2024,161402513,1,9,0,2,0,0,0,0,0,0,0,0,3,1,6,1,40,7,-1,-1,-1,-1,2,1,E01012763,0
Unvalidated,2024161402513,2024,161402513,2,9,0,18,2,6,0,0,0,8,0,0,1,1,6,1,32,6,-1,-1,-1,-1,1,1,E01012891,0
Unvalidated,2024161402548,2024,161402548,1,9,0,7,4,4,0,3,0,0,0,0,4,1,2,2,45,7,-1,-1,-1,-1,1,1,E01013222,0
Unvalidated,2024161402548,2024,161402548,2,9,0,18,8,4,0,4,0,0,0,0,1,1,6,1,64,9,-1,-1,-1,-1,-1,-1,-1,0
Unvalidated,2024161402651,2024,161402651,1,9,0,18,3,7,0,1,0,0,0,0,1,2,6,2,31,6,-1,-1,-1,-1,10,1,E01013261,0
Unvalidated,2024161402740,2024,161402740,1,9,0,7,3,7,0,2,0,0,0,0,1,1,2,2,31,6,-1,-1,-1,-1,5,1,E01033414,0
Unvalidated,2024161402740,2024,161402740,2,1,0,18,6,2,0,8,0,0,0,0,4,1,6,1,22,5,-1,-1,-1,-1,8,1,E01013151,0
Unvalidated,2024161402741,2024,161402741,1,9,0,18,6,2,0,1,0,0,0,0,1,1,5,1,33,6,-1,-1,-1,-1,8,1,E01012911,0
Unvalidated,2024161402741,2024,161402741,2,9,0,18,2,6,0,2,0,0,0,0,1,1,5,1,29,6,-1,-1,-1,-1,1,1,E01012833,0
Unvalidated,2024161402741,2024,161402741,3,9,0,18,6,2,0,1,0,0,0,0,4,1,5,1,57,9,-1,-1,-1,-1,5,1,E01012824,0
Unvalidated,2024161402749,2024,161402749,1,9,0,18,2,6,0,1,0,0,0,0,1,1,6,3,-1,-1,-1,-1,-1,-1,-1,-1,-1,0
Unvalidated,2024161402804,2024,161402804,1,9,0,18,3,7,0,8,0,0,0,0,4,1,6,3,33,6,-1,-1,-1,-1,3,1,E01008986,0
Unvalidated,2024161402804,2024,161402804,2,1,0,18,5,1,0,8,0,0,0,0,1,1,6,2,41,7,-1,-1,-1,-1,1,1,E01013312,0
Unvalidated,2024161403058,2024,161403058,1,9,0,7,1,5,0,0,1,4,7,11,1,1,5,1,61,9,-1,-1,-1,-1,1,1,E01012931,0
Unvalidated,2024161403058,2024,161403058,2,9,0,2,0,0,0,0,0,0,0,0,1,1,6,3,-1,-1,-1,-1,-1,-1,-1,-1,-1,0
Unvalidated,2024161403058,2024,161403058,3,9,0,2,0,0,0,0,0,0,0,0,4,1,6,3,-1,-1,-1,-1,-1,-1,-1,-1,-1,0
Unvalidated,2024161403113,2024,161403113,1,9,0,18,3,7,0,0,0,7,0,0,1,1,2,2,50,8,-1,-1,-1,-1,9,2,E01013052,0
Unvalidated,2024161403144,2024,161403144,1,9,0,18,1,5,0,6,0,0,0,0,1,1,6,3,33,6,-1,-1,-1,-1,-1,-1,-1,0
Unvalidated,2024161403356,2024,161403356,1,9,0,18,6,2,0,8,0,0,0,0,4,1,5,1,28,6,-1,-1,-1,-1,7,1,E01012815,0
Unvalidated,2024161403356,2024,161403356,2,9,0,18,8,4,0,8,0,0,0,0,3,1,1,2,42,7,-1,-1,-1,-1,5,1,E01012804,0
Unvalidated,2024161403356,2024,161403356,3,9,0,18,6,2,0,8,0,0,0,0,0,1,1,1,35,6,-1,-1,-1,-1,2,1,E01012871,0
Unvalidated,2024161403357,2024,161403357,1,9,0,18,1,5,0,2,0,0,0,0,1,1,5,2,47,8,-1,-1,-1,-1,-1,-1,-1,0
Unvalidated,2024161403357,2024,161403357,2,9,0,14,5,1,0,1,0,0,0,0,1,1,5,1,20,4,-1,-1,-1,-1,7,1,E01013289,0
Unvalidated,2024161403361,2024,161403361,1,9,0,4,7,3,0,0,0,0,0,0,1,1,6,1,19,4,-1,-1,-1,-1,10,1,E01013171,0
Unvalidated,2024161403361,2024,161403361,2,9,0,18,7,3,0,0,0,0,0,0,2,1,5,1,32,6,-1,-1,-1,-1,3,1,E01013198,0
Unvalidated,2024161403361,2024,161403361,3,9,0,18,7,3,0,0,0,0,0,0,2,1,6,3,24,5,-1,-1,-1,-1,-1,-1,-1,0
Unvalidated,2024161403453,2024,161403453,1,9,0,18,1,5,0,4,1,0,0,0,1,1,5,2,49,8,-1,-1,-1,-1,-1,-1,-1,0
Unvalidated,2024161403453,2024,161403453,2,1,0,18,2,6,0,4,0,0,0,0,1,1,6,1,42,7,-1,-1,-1,-1,-1,-1,-1,0
Unvalidated,2024161403557,2024,161403557,1,9,0,18,3,7,0,1,0,0,0,0,3,2,6,3,-1,-1,-1,-1,-1,-1,-1,-1,-1,0
Unvalidated,2024161403557,2024,161403557,2,97,0,18,7,3,0,2,0,0,0,0,1,1,5,1,23,5,-1,-1,-1,-1,1,1,E01013218,0
Unvalidated,2024161403605,2024,161403605,1,9,0,16,7,3,0,0,1,0,7,11,1,1,5,1,19,4,-1,-1,-1,-1,3,1,E01012913,0
Unvalidated,2024161403624,2024,161403624,1,97,0,5,3,7,9,0,0,0,0,0,1,1,6,1,23,5,-1,-1,-1,-1,3,1,E01012943,0
Unvalidated,2024161403624,2024,161403624,2,9,0,5,1,1,0,0,0,0,0,0,4,1,5,2,25,5,-1,-1,-1,-1,3,1,E01012943,0
Unvalidated,2024161403658,2024,161403658,1,1,0,9,5,3,0,1,0,0,0,0,2,1,2,1,53,8,-1,-1,-1,-1,10,1,E01013108,0
Unvalidated,2024161403658,2024,161403658,2,9,0,10,5,3,0,1,0,0,0,0,1,1,5,2,49,8,-1,-1,-1,-1,8,1,E01013005,0
Unvalidated,2024161403706,2024,161403706,1,9,0,9,1,7,0,1,0,0,0,0,1,1,2,2,32,6,-1,-1,-1,-1,8,1,E01013190,0
Unvalidated,2024161403706,2024,161403706,2,1,0,10,7,5,0,1,0,0,0,0,1,1,6,2,60,9,-1,-1,-1,-1,1,1,E01013203,0
Unvalidated,2024161403953,2024,161403953,1,8,0,5,3,7,2,1,0,0,0,0,1,1,1,1,51,8,-1,-1,-1,-1,1,1,E01033109,0
Unvalidated,2024161404079,2024,161404079,1,9,0,5,1,6,0,0,0,0,0,0,4,1,5,2,29,6,-1,-1,-1,-1,1,1,E01033110,0
Unvalidated,2024161404079,2024,161404079,2,9,0,18,2,6,0,0,0,0,0,0,3,1,1,1,37,7,-1,-1,-1,-1,1,1,E01012854,0
Unvalidated,2024161404168,2024,161404168,1,9,0,9,5,7,0,8,0,11,0,0,1,1,5,1,31,6,-1,-1,-1,-1,1,1,E01012892,0
Unvalidated,2024161404168,2024,161404168,2,1,0,9,5,3,0,8,0,0,0,0,2,1,6,2,17,4,-1,-1,-1,-1,10,3,E01012924,0
Unvalidated,2024161404205,2024,161404205,1,9,0,18,6,2,0,2,0,0,0,0,1,1,6,3,-1,-1,-1,-1,-1,-1,-1,-1,-1,0
Unvalidated,2024161404404,2024,161404404,1,9,0,18,8,4,0,2,0,0,0,0,3,1,2,2,52,8,-1,-1,-1,-1,1,1,E01012867,0
Unvalidated,2024161404598,2024,161404598,1,9,0,9,3,6,0,8,0,0,0,0,4,1,2,2,50,8,-1,-1,-1,-1,2,1,E01013071,0
Unvalidated,2024161404598,2024,161404598,2,3,0,18,2,6,0,8,0,0,0,0,3,1,2,1,33,6,-1,-1,-1,-1,10,1,E01013012,0
Unvalidated,2024161404646,2024,161404646,1,1,0,3,2,4,0,0,5,0,0,0,1,1,2,1,26,6,-1,-1,-1,-1,1,1,E01012852,0
Unvalidated,2024161404646,2024,161404646,2,19,0,1,2,1,0,0,0,0,0,0,2,1,6,3,-1,-1,-1,-1,-1,-1,-1,-1,-1,0
Unvalidated,2024161404655,2024,161404655,1,8,0,9,3,1,0,5,0,0,0,0,1,1,1,1,-1,-1,-1,-1,-1,-1,-1,-1,-1,0
Unvalidated,2024161404662,2024,161404662,1,3,0,18,1,5,0,1,2,0,0,0,2,1,5,1,25,5,-1,-1,-1,-1,6,1,E01012914,0
Unvalidated,2024161404662,2024,161404662,2,9,0,18,1,5,0,1,0,0,0,0,1,1,6,3,-1,-1,-1,-1,-1,-1,-1,-1,-1,0
Unvalidated,2024161404837,2024,161404837,1,9,0,10,7,5,0,1,0,0,0,0,2,1,6,2,25,5,-1,-1,-1,-1,1,1,E01013312,0
Unvalidated,2024161404837,2024,161404837,2,97,0,18,7,3,0,1,0,0,0,0,1,1,6,1,-1,-1,-1,-1,-1,-1,-1,-1,-1,0
Unvalidated,2024161404903,2024,161404903,1,1,0,18,3,7,0,0,0,0,0,0,1,1,6,1,-1,-1,-1,-1,-1,-1,-1,-1,-1,0
Unvalidated,2024161404925,2024,161404925,1,9,0,4,6,2,0,1,0,0,0,0,1,1,2,1,21,5,-1,-1,-1,-1,-1,2,-1,0
Unvalidated,2024161404925,2024,161404925,2,9,0,18,6,2,0,1,0,0,0,0,2,1,3,1,58,9,-1,-1,-1,-1,1,1,E01012854,0
Unvalidated,2024161404926,2024,161404926,1,9,0,12,3,6,0,0,0,0,4,0,3,2,2,2,35,6,-1,-1,-1,-1,1,1,E01012948,0
Unvalidated,2024161404926,2024,161404926,2,9,0,18,2,6,0,0,0,0,4,0,4,2,2,1,57,9,-1,-1,-1,-1,1,1,E01012945,0
Unvalidated,2024161404927,2024,161404927,1,9,0,18,8,4,0,0,0,0,0,0,1,1,5,1,30,6,-1,-1,-1,-1,-1,-1,-1,0
Unvalidated,2024161404927,2024,161404927,2,90,0,18,5,1,0,0,0,0,0,0,1,1,5,2,13,3,-1,-1,-1,-1,1,1,E01012889,1
Unvalidated,2024161404930,2024,161404930,1,9,0,18,8,4,0,0,0,0,0,0,2,1,2,2,29,6,-1,-1,-1,-1,-1,-1,-1,0
Unvalidated,2024161404930,2024,161404930,2,9,0,18,8,4,0,0,5,0,0,0,1,1,2,2,35,6,-1,-1,-1,-1,8,2,E01013102,0
Unvalidated,2024161405124,2024,161405124,1,9,0,18,5,1,0,1,0,0,0,0,4,1,5,2,52,8,-1,-1,-1,-1,1,1,E01012867,0
Unvalidated,2024161405240,2024,161405240,1,21,0,18,3,7,0,0,0,0,0,0,3,1,6,1,50,8,-1,-1,-1,-1,6,1,E01012882,0
Unvalidated,2024161405240,2024,161405240,2,9,0,18,3,7,0,0,0,0,5,0,1,1,5,1,55,8,-1,-1,-1,-1,9,3,E01012965,0
Unvalidated,2024161405276,2024,161405276,1,3,0,5,3,7,0,0,0,0,0,0,4,1,5,1,52,8,-1,-1,-1,-1,7,1,E01013150,0
Unvalidated,2024161405303,2024,161405303,1,19,0,18,3,7,0,1,5,0,1,0,1,1,6,1,73,10,-1,-1,-1,-1,10,2,E01026393,0
Unvalidated,2024161405349,2024,161405349,1,9,0,16,2,6,0,0,0,0,0,0,3,1,5,1,64,9,-1,-1,-1,-1,1,1,E01007648,0
Unvalidated,2024161405349,2024,161405349,2,9,0,17,6,2,0,0,0,0,0,0,3,1,5,2,26,6,-1,-1,-1,-1,3,1,E01013310,0
Unvalidated,2024161405369,2024,161405369,1,21,1,18,1,5,0,1,0,0,0,0,1,1,1,1,60,9,-1,-1,-1,-1,7,1,E01013150,0
Unvalidated,2024161405369,2024,161405369,2,9,0,18,2,5,0,1,0,0,0,0,3,1,5,1,71,10,-1,-1,-1,-1,9,1,E01012956,0
Unvalidated,2024161405498,2024,161405498,1,90,0,18,6,2,0,0,0,0,0,0,1,1,6,3,-1,-1,-1,-1,-1,-1,-1,-1,-1,1
Unvalidated,2024161405740,2024,161405740,1,9,0,18,3,7,0,8,0,0,0,0,1,1,6,3,44,7,-1,-1,-1,-1,-1,-1,-1,0
Unvalidated,2024161405927,2024,161405927,1,9,0,18,5,1,0,1,0,0,3,0,1,1,5,1,32,6,-1,-1,-1,-1,6,1,E01013169,0
Unvalidated,2024161405927,2024,161405927,2,9,0,9,5,4,0,1,0,0,1,1,4,1,5,1,77,11,-1,-1,-1,-1,4,1,E01013183,0
Unvalidated,2024161405961,2024,161405961,1,9,0,2,0,0,0,0,0,0,0,0,4,1,6,3,-1,-1,-1,-1,-1,-1,-1,-1,-1,0
Unvalidated,2024161405961,2024,161405961,2,9,0,18,1,1,0,0,0,0,0,0,4,1,6,3,-1,-1,-1,-1,-1,-1,-1,-1,-1,0
Unvalidated,2024161406052,2024,161406052,1,9,0,17,3,8,0,0,0,10,0,0,1,1,6,1,38,7,-1,-1,-1,-1,1,1,E01013201,0
Unvalidated,2024161406285,2024,161406285,1,1,0,18,7,3,4,1,0,0,0,0,3,1,3,1,17,4,-1,-1,-1,-1,2,1,E01013130,0
Unvalidated,2024161406285,2024,161406285,2,9,0,8,1,3,0,1,0,0,0,0,1,1,6,2,38,7,-1,-1,-1,-1,7,1,E01013182,0
Unvalidated,2024161406314,2024,161406314,1,9,0,9,1,7,0,3,0,0,0,0,3,1,5,1,18,4,-1,-1,-1,-1,6,1,E01012912,0
Unvalidated,2024161406314,2024,161406314,2,9,0,9,1,7,0,3,0,0,0,0,4,1,6,1,30,6,-1,-1,-1,-1,3,1,E01012868,0
Unvalidated,2024161406322,2024,161406322,1,1,0,18,8,4,0,8,0,0,0,0,4,1,6,2,75,10,-1,-1,-1,-1,3,1,E01013004,0
Unvalidated,2024161406322,2024,161406322,2,9,0,7,2,4,0,6,0,0,0,0,1,1,1,1,-1,-1,-1,-1,-1,-1,-1,-1,-1,0
Unvalidated,2024161406342,2024,161406342,1,9,0,4,5,1,0,1,0,0,0,0,2,1,5,2,42,7,-1,-1,-1,-1,5,1,E01012964,0
Unvalidated,2024161406342,2024,161406342,2,9,0,18,5,1,0,1,0,0,0,0,1,1,6,1,-1,-1,-1,-1,-1,-1,-1,-1,-1,0
Unvalidated,2024161406364,2024,161406364,1,9,0,18,7,3,0,8,0,0,0,0,1,1,6,2,37,7,-1,-1,-1,-1,1,1,E01013212,0
Unvalidated,2024161406364,2024,161406364,2,1,0,18,5,1,0,8,0,0,0,0,4,1,6,1,22,5,-1,-1,-1,-1,1,1,E01013209,0
Unvalidated,2024161406382,2024,161406382,1,9,0,9,1,7,0,8,0,0,1,0,1,1,5,1,55,8,-1,-1,-1,-1,3,1,E01013319,0
Unvalidated,2024161406382,2024,161406382,2,3,0,18,5,1,0,8,0,0,0,0,1,1,5,1,27,6,-1,-1,-1,-1,1,1,E01013278,0
Unvalidated,2024161406383,2024,161406383,1,1,0,18,6,2,0,8,0,0,0,0,1,1,4,1,18,4,-1,-1,-1,-1,1,1,E01013201,0
Unvalidated,2024161406383,2024,161406383,2,9,0,7,7,3,0,5,0,0,0,0,1,1,6,2,78,11,-1,-1,-1,-1,6,1,E01013160,0
Unvalidated,2024161406451,2024,161406451,1,9,0,18,3,7,0,0,0,0,1,1,1,1,6,1,19,4,-1,-1,-1,-1,6,2,E01027918,0
Unvalidated,2024161406452,2024,161406452,1,19,0,18,7,3,0,0,0,0,0,0,1,1,6,1,34,6,-1,-1,-1,-1,6,1,E01013176,0
Unvalidated,2024161406988,2024,161406988,1,9,0,18,5,1,0,1,0,0,0,0,1,1,6,2,75,10,-1,-1,-1,-1,4,1,E01012883,0
Unvalidated,2024161406988,2024,161406988,2,9,0,9,1,7,0,4,0,0,0,0,4,1,6,1,17,4,-1,-1,-1,-1,6,1,E01013105,0
Unvalidated,2024161407008,2024,161407008,1,9,0,18,1,5,0,1,0,0,0,0,1,1,6,2,81,11,-1,-1,-1,-1,6,1,E01013285,0
Unvalidated,2024161407145,2024,161407145,1,9,0,9,3,1,0,5,0,0,0,0,3,1,5,2,36,7,-1,-1,-1,-1,8,1,E01013040,0
Unvalidated,2024161407145,2024,161407145,2,9,0,12,1,3,0,1,0,0,0,0,1,1,6,2,76,11,-1,-1,-1,-1,5,2,E01013082,0
Unvalidated,2024161407185,2024,161407185,1,19,0,16,6,2,0,1,0,0,3,11,1,1,6,1,58,9,-1,-1,-1,-1,6,1,E01012982,0
Unvalidated,2024161407294,2024,161407294,1,9,0,18,1,5,0,1,0,0,7,0,1,1,2,1,24,5,-1,-1,-1,-1,6,1,E01013318,0
Unvalidated,2024161407294,2024,161407294,2,9,0,10,1,5,0,6,0,0,0,0,2,1,2,2,28,6,-1,-1,-1,-1,4,2,E01013258,0
Unvalidated,2024161407369,2024,161407369,1,98,0,18,7,3,0,8,0,0,0,0,1,1,1,2,38,7,-1,-1,-1,-1,1,1,E01012809,0
Unvalidated,2024161407369,2024,161407369,2,1,0,9,1,3,0,8,0,0,0,0,1,1,6,2,45,7,-1,-1,-1,-1,6,1,E01012771,0
Unvalidated,2024161407369,2024,161407369,3,1,0,9,1,3,0,8,0,0,0,0,2,1,6,2,42,7,-1,-1,-1,-1,1,1,E01012858,0
Unvalidated,2024161407374,2024,161407374,1,9,0,9,3,8,0,1,0,0,0,0,3,1,5,1,70,10,-1,-1,-1,-1,1,1,E01012875,0
Unvalidated,2024161407374,2024,161407374,2,9,0,18,8,4,0,1,0,0,0,0,1,1,6,3,23,5,-1,-1,-1,-1,-1,-1,-1,0
Unvalidated,2024161407492,2024,161407492,1,1,0,18,2,6,0,8,0,0,0,0,0,1,2,1,60,9,-1,-1,-1,-1,1,1,E01013142,0
Unvalidated,2024161407492,2024,161407492,2,9,0,7,4,6,0,8,0,0,0,0,0,1,6,3,40,7,-1,-1,-1,-1,-1,-1,-1,0
Unvalidated,2024161407576,2024,161407576,1,1,0,18,3,7,0,1,0,0,0,0,4,1,1,1,29,6,-1,-1,-1,-1,1,1,E01012850,0
Unvalidated,2024161407576,2024,161407576,2,9,0,7,3,7,0,1,0,0,0,0,4,1,6,1,-1,-1,-1,-1,-1,-1,-1,-1,-1,0
Unvalidated,2024161407638,2024,161407638,1,98,0,5,7,3,0,8,0,0,0,0,4,1,1,1,58,9,-1,-1,-1,-1,8,1,E01013264,0
Unvalidated,2024161407638,2024,161407638,2,97,0,18,5,7,0,6,0,0,0,0,1,1,6,1,20,4,-1,-1,-1,-1,-1,-1,-1,0
Unvalidated,2024161408051,2024,161408051,1,19,0,18,8,4,0,0,0,0,0,0,4,1,6,2,60,9,-1,-1,-1,-1,10,1,E01013012,0
Unvalidated,2024161408051,2024,161408051,2,90,0,18,8,4,0,0,0,0,0,0,3,1,6,1,28,6,-1,-1,-1,-1,1,1,E01012864,1
Unvalidated,2024161408094,2024,161408094,1,19,0,18,5,1,0,0,0,0,0,0,1,1,3,1,50,8,-1,-1,-1,-1,7,1,E01013010,0
Unvalidated,2024161408094,2024,161408094,2,1,5,18,5,1,0,0,0,0,0,0,2,1,4,1,17,4,-1,-1,-1,-1,2,1,E01032595,0
Unvalidated,2024161408121,2024,161408121,1,9,0,5,3,5,0,0,0,0,0,0,1,1,2,2,28,6,-1,-1,-1,-1,-1,1,-1,0
Unvalidated,2024161408121,2024,161408121,2,1,0,9,7,3,0,0,0,0,0,0,3,1,6,1,-1,-1,-1,-1,-1,-1,-1,-1,-1,0
Unvalidated,2024161408226,2024,161408226,1,9,0,18,1,5,0,0,0,0,0,0,1,1,5,1,45,7,-1,-1,-1,-1,9,2,E01013241,0
Unvalidated,2024161408265,2024,161408265,1,9,0,18,8,4,0,1,0,0,0,0,1,1,5,1,30,6,-1,-1,-1,-1,1,1,E01013311,0
Unvalidated,2024161408265,2024,161408265,2,9,0,3,8,4,0,1,0,0,0,0,2,1,6,2,48,8,-1,-1,-1,-1,2,1,E01013240,0