status,collision_index,collision_year,collision_reference,vehicle_reference,vehicle_type,towing_and_articulation,vehicle_manoeuvre,vehicle_direction_from,vehicle_direction_to,vehicle_location_restricted_lane,junction_location,skidding_and_overturning,hit_object_in_carriageway,vehicle_leaving_carriageway,hit_object_off_carriageway,first_point_of_impact,vehicle_left_hand_drive,journey_purpose_of_driver,sex_of_driver,age_of_driver,age_band_of_driver,engine_capacity_cc,propulsion_code,age_of_vehicle,generic_make_model,driver_imd_decile,driver_home_area_type,lsoa_of_driver,escooter_flag
Unvalidated,2024161408265,2024,161408265,3,9,0,3,8,4,0,1,0,0,0,0,2,1,6,2,53,8,-1,-1,-1,-1,4,1,E01013320,0
Unvalidated,2024161408476,2024,161408476,1,9,0,4,7,3,0,1,1,7,0,0,1,1,6,2,40,7,-1,-1,-1,-1,7,3,E01013325,0
Unvalidated,2024161408476,2024,161408476,2,9,0,18,1,5,0,1,0,0,0,0,1,1,6,1,57,9,-1,-1,-1,-1,3,3,E01026386,0
Unvalidated,2024161408571,2024,161408571,1,19,0,18,5,1,0,1,0,0,0,0,1,1,6,1,45,7,-1,-1,-1,-1,-1,-1,-1,0
Unvalidated,2024161408636,2024,161408636,1,9,0,18,7,3,0,8,0,0,0,0,1,1,5,1,75,10,-1,-1,-1,-1,8,2,E01013055,0
Unvalidated,2024161408636,2024,161408636,2,9,0,9,1,7,0,6,0,0,2,0,1,1,5,1,39,7,-1,-1,-1,-1,10,3,E01013451,0
Unvalidated,2024161408641,2024,161408641,1,9,0,16,8,2,0,0,1,0,7,0,1,1,5,1,19,4,-1,-1,-1,-1,7,1,E01033106,0
Unvalidated,2024161408641,2024,161408641,2,9,0,17,2,8,0,0,0,0,0,0,4,1,5,1,66,10,-1,-1,-1,-1,6,2,E01027883,0
Unvalidated,2024161408643,2024,161408643,1,9,0,18,5,1,0,0,0,0,0,0,1,1,5,2,19,4,-1,-1,-1,-1,1,1,E01012842,0
Unvalidated,2024161408662,2024,161408662,1,4,0,13,2,2,0,0,2,0,7,0,1,1,5,1,48,8,-1,-1,-1,-1,6,3,E01013247,0
Unvalidated,2024161408673,2024,161408673,1,9,0,9,7,3,0,6,0,0,0,0,1,1,2,1,59,9,-1,-1,-1,-1,3,1,E01013158,0
Unvalidated,2024161408818,2024,161408818,1,9,0,18,7,3,0,0,0,0,0,0,2,1,5,1,58,9,-1,-1,-1,-1,2,1,E01013129,0
Unvalidated,2024161408818,2024,161408818,2,9,0,18,7,3,0,0,0,0,0,0,1,1,5,1,-1,-1,-1,-1,-1,-1,-1,-1,-1,0
Unvalidated,2024161408891,2024,161408891,1,1,0,18,1,5,4,0,0,0,0,0,1,1,6,1,16,4,-1,-1,-1,-1,-1,-1,-1,0
Unvalidated,2024161408891,2024,161408891,2,9,0,7,2,5,0,0,0,0,0,0,1,1,6,1,-1,-1,-1,-1,-1,-1,-1,-1,-1,0
Unvalidated,2024161408981,2024,161408981,1,19,0,1,5,1,0,1,0,0,0,0,0,1,6,1,-1,-1,-1,-1,-1,-1,-1,-1,-1,0
Unvalidated,2024161409029,2024,161409029,1,9,0,18,7,3,0,0,0,11,1,0,1,1,5,1,79,11,-1,-1,-1,-1,5,2,E01013082,0
Unvalidated,2024161409029,2024,161409029,2,19,0,2,0,0,0,0,0,0,0,0,2,1,1,1,40,7,-1,-1,-1,-1,3,3,E01026415,0
Unvalidated,2024161409300,2024,161409300,1,9,0,4,3,8,0,1,0,0,0,0,1,1,1,2,25,5,-1,-1,-1,-1,8,2,E01013123,0
Unvalidated,2024161409300,2024,161409300,2,9,0,9,5,3,0,6,0,0,0,0,1,1,6,1,-1,-1,-1,-1,-1,-1,-1,-1,-1,0
Unvalidated,2024161409407,2024,161409407,1,9,0,18,3,7,0,0,0,0,2,7,1,1,2,1,36,7,-1,-1,-1,-1,5,1,E01013001,0
Unvalidated,2024161409407,2024,161409407,2,9,0,18,3,7,0,0,0,0,4,0,0,1,6,1,64,9,-1,-1,-1,-1,10,2,E01012973,0
Unvalidated,2024161409407,2024,161409407,3,9,0,18,3,7,0,0,0,0,0,0,0,1,1,2,43,7,-1,-1,-1,-1,9,1,E01012962,0
Unvalidated,2024161409503,2024,161409503,1,9,0,18,7,3,0,8,1,0,7,1,4,1,5,1,17,4,-1,-1,-1,-1,7,3,E01013325,0
Unvalidated,2024161409529,2024,161409529,1,9,0,18,3,7,0,0,0,0,0,0,4,1,5,2,38,7,-1,-1,-1,-1,7,1,E01013186,0
Unvalidated,2024161409529,2024,161409529,2,9,0,2,0,0,0,0,0,0,0,0,2,1,6,3,-1,-1,-1,-1,-1,-1,-1,-1,-1,0
Unvalidated,2024161409535,2024,161409535,1,9,0,16,4,8,0,0,0,0,0,0,1,1,6,2,63,9,-1,-1,-1,-1,8,2,E01013026,0
Unvalidated,2024161409535,2024,161409535,2,9,0,16,8,4,0,0,0,0,0,0,1,1,1,1,42,7,-1,-1,-1,-1,7,1,E01033108,0
Unvalidated,2024161409587,2024,161409587,1,9,0,18,5,1,0,3,1,10,0,0,1,1,4,1,41,7,-1,-1,-1,-1,5,1,E01013308,0
Unvalidated,2024161409587,2024,161409587,2,9,0,18,1,5,0,1,0,0,0,0,1,1,5,1,45,7,-1,-1,-1,-1,-1,-1,-1,0
Unvalidated,2024161409603,2024,161409603,1,9,0,12,8,4,0,0,1,0,0,0,2,1,5,1,85,11,-1,-1,-1,-1,-1,-1,-1,0
Unvalidated,2024161409603,2024,161409603,2,9,0,18,8,4,0,0,0,0,0,0,1,1,6,3,-1,-1,-1,-1,-1,-1,-1,-1,-1,0
Unvalidated,2024161409603,2024,161409603,3,90,0,18,8,4,0,0,0,0,0,0,3,1,6,1,17,4,-1,-1,-1,-1,2,1,E01013240,1
Unvalidated,2024161409603,2024,161409603,4,9,0,18,8,4,0,0,0,0,0,0,1,1,6,2,54,8,-1,-1,-1,-1,9,2,E01013275,0
Unvalidated,2024161409725,2024,161409725,1,9,0,18,7,3,0,0,0,6,0,0,1,1,5,1,52,8,-1,-1,-1,-1,5,3,E01013287,0
Unvalidated,2024161409761,2024,161409761,1,9,0,7,7,1,0,4,0,0,0,0,1,1,6,2,76,11,-1,-1,-1,-1,4,2,E01013047,0
Unvalidated,2024161409761,2024,161409761,2,90,0,7,7,1,0,3,0,0,0,0,3,1,6,2,37,7,-1,-1,-1,-1,1,1,E01012838,1
Unvalidated,2024161409822,2024,161409822,1,3,0,18,3,7,0,0,1,0,0,0,0,1,1,1,62,9,-1,-1,-1,-1,2,1,E01013143,0
Unvalidated,2024161409966,2024,161409966,1,19,0,4,1,5,0,3,0,0,0,0,2,1,6,3,-1,-1,-1,-1,-1,-1,-1,-1,-1,0
Unvalidated,2024161409966,2024,161409966,2,90,0,18,1,5,0,3,0,4,0,0,1,1,6,1,36,7,-1,-1,-1,-1,-1,-1,-1,1
Unvalidated,2024161410040,2024,161410040,1,9,0,16,4,1,0,0,0,0,7,4,1,1,1,1,62,9,-1,-1,-1,-1,1,1,E01012918,0
Unvalidated,2024161410153,2024,161410153,1,1,0,18,6,2,0,8,0,0,0,0,4,1,5,1,35,6,-1,-1,-1,-1,1,1,E01012849,0
Unvalidated,2024161410153,2024,161410153,2,9,0,7,1,2,0,4,0,0,0,0,1,1,5,1,-1,-1,-1,-1,-1,-1,-1,-1,-1,0
Unvalidated,2024161410306,2024,161410306,1,9,0,9,-1,-1,0,3,0,0,0,0,4,1,5,2,33,6,-1,-1,-1,-1,2,1,E01013284,0
Unvalidated,2024161410306,2024,161410306,2,9,0,18,-1,-1,0,4,0,0,0,0,1,1,6,2,80,11,-1,-1,-1,-1,5,3,E01026403,0
Unvalidated,2024161410393,2024,161410393,1,9,0,18,3,7,0,8,0,0,1,0,1,1,5,1,88,11,-1,-1,-1,-1,10,1,E01013044,0
Unvalidated,2024161410393,2024,161410393,2,9,0,9,3,1,0,8,0,0,0,0,2,1,5,2,85,11,-1,-1,-1,-1,10,2,E01012921,0
Unvalidated,2024161410447,2024,161410447,1,9,0,3,1,5,0,4,0,0,0,0,2,1,2,2,24,5,-1,-1,-1,-1,9,3,E01012965,0
Unvalidated,2024161410447,2024,161410447,2,98,0,18,1,5,0,4,0,0,0,0,1,1,6,3,-1,-1,-1,-1,-1,-1,-1,-1,-1,0
Unvalidated,2024161410478,2024,161410478,1,90,0,18,7,3,0,0,1,0,0,0,0,1,6,2,33,6,-1,-1,-1,-1,1,1,E01012887,1
Unvalidated,2024161410489,2024,161410489,1,9,0,9,1,5,0,5,0,0,0,0,3,1,6,2,40,7,-1,-1,-1,-1,2,1,E01013240,0
Unvalidated,2024161410489,2024,161410489,2,9,0,17,3,1,0,8,0,0,0,0,1,1,6,2,40,7,-1,-1,-1,-1,3,1,E01013310,0
Unvalidated,2024161410516,2024,161410516,1,11,0,18,4,8,0,1,0,0,0,0,0,1,1,1,-1,-1,-1,-1,-1,-1,-1,-1,-1,0
Unvalidated,2024161410530,2024,161410530,1,11,0,18,2,6,2,1,0,0,0,0,0,1,1,3,-1,-1,-1,-1,-1,-1,-1,-1,-1,0
Unvalidated,2024161410571,2024,161410571,1,1,0,18,1,5,0,0,0,0,0,0,1,1,6,1,53,8,-1,-1,-1,-1,1,1,E01012892,0
Unvalidated,2024161410571,2024,161410571,2,9,0,18,7,3,0,0,0,0,0,0,1,1,6,1,-1,-1,-1,-1,-1,-1,-1,-1,-1,0
Unvalidated,2024161410600,2024,161410600,1,9,0,7,2,1,0,8,0,0,0,0,1,1,2,1,23,5,-1,-1,-1,-1,2,1,E01013240,0
Unvalidated,2024161410600,2024,161410600,2,9,0,18,2,1,0,1,0,0,0,0,4,1,2,1,40,7,-1,-1,-1,-1,6,2,E01017554,0
Unvalidated,2024161410601,2024,161410601,1,3,0,18,1,5,0,2,0,0,0,0,1,1,6,1,44,7,-1,-1,-1,-1,3,1,E01013192,0
Unvalidated,2024161410601,2024,161410601,2,9,0,4,1,5,0,2,0,0,0,0,2,1,6,2,-1,-1,-1,-1,-1,-1,4,1,E01026081,0
Unvalidated,2024161410619,2024,161410619,1,9,0,18,2,6,0,0,0,0,0,0,1,1,6,2,26,6,-1,-1,-1,-1,5,1,E01013132,0
Unvalidated,2024161410632,2024,161410632,1,9,0,18,7,3,0,0,0,0,0,0,1,1,1,1,53,8,-1,-1,-1,-1,-1,-1,-1,0
Unvalidated,2024161410632,2024,161410632,2,9,0,18,3,7,0,0,0,0,0,0,1,1,6,3,-1,-1,-1,-1,-1,-1,-1,-1,-1,0
Unvalidated,2024161410664,2024,161410664,1,11,0,5,3,7,0,0,0,0,0,0,0,1,1,1,32,6,-1,-1,-1,-1,1,1,E01012874,0
Unvalidated,2024161410699,2024,161410699,1,19,0,18,3,7,0,0,0,0,0,0,1,1,6,1,38,7,-1,-1,-1,-1,4,1,E01027910,0
Unvalidated,2024161410699,2024,161410699,2,9,0,18,7,3,0,0,0,0,1,2,1,1,1,1,36,7,-1,-1,-1,-1,1,1,E01010782,0
Unvalidated,2024161410730,2024,161410730,1,9,0,16,5,1,0,0,1,0,0,0,3,1,6,2,28,6,-1,-1,-1,-1,4,3,E01013246,0
Unvalidated,2024161410730,2024,161410730,2,9,0,17,1,5,0,0,0,0,0,0,3,1,6,2,32,6,-1,-1,-1,-1,9,2,E01007601,0
Unvalidated,2024161410730,2024,161410730,3,98,0,18,1,5,0,0,0,0,0,0,1,1,6,1,24,5,-1,-1,-1,-1,9,2,E01013252,0
Unvalidated,2024161410766,2024,161410766,1,19,0,18,3,7,0,0,0,0,0,0,4,1,1,1,57,9,-1,-1,-1,-1,1,1,E01013229,0
Unvalidated,2024161410898,2024,161410898,1,9,0,9,1,7,5,3,1,0,1,11,1,1,6,1,18,4,-1,-1,-1,-1,7,3,E01027924,0
Unvalidated,2024161411137,2024,161411137,1,9,0,9,6,2,0,8,0,0,0,0,1,1,6,1,28,6,-1,-1,-1,-1,1,1,E01013212,0
Unvalidated,2024161411137,2024,161411137,2,9,0,18,2,6,0,8,0,0,0,0,1,1,5,2,21,5,-1,-1,-1,-1,1,1,E01013203,0
Unvalidated,2024161411143,2024,161411143,1,9,0,17,5,1,0,0,1,0,7,11,1,1,5,1,18,4,-1,-1,-1,-1,6,3,E01012923,0
Unvalidated,2024161411252,2024,161411252,1,9,0,18,5,1,0,8,0,0,0,0,4,1,6,2,36,7,-1,-1,-1,-1,7,1,E01030155,0
Unvalidated,2024161411252,2024,161411252,2,9,0,18,7,3,0,1,0,0,0,0,1,1,6,1,40,7,-1,-1,-1,-1,3,1,E01013233,0
Unvalidated,2024161411344,2024,161411344,1,9,0,18,1,5,0,1,0,0,0,0,1,1,5,1,30,6,-1,-1,-1,-1,4,1,E01012762,0
Unvalidated,2024161411540,2024,161411540,1,3,0,18,1,5,0,0,1,0,0,0,0,1,1,1,42,7,-1,-1,-1,-1,8,1,E01013037,0
Unvalidated,2024161411632,2024,161411632,1,9,0,9,7,5,0,4,0,0,0,0,3,1,6,1,56,9,-1,-1,-1,-1,8,2,E01013123,0
Unvalidated,2024161411694,2024,161411694,1,4,0,3,7,3,0,4,0,0,0,0,2,1,5,1,21,5,-1,-1,-1,-1,4,3,E01026416,0
Unvalidated,2024161411694,2024,161411694,2,98,0,4,7,3,0,1,0,0,0,0,1,1,1,1,22,5,-1,-1,-1,-1,2,1,E01010362,0
Unvalidated,2024161411715,2024,161411715,1,19,0,18,3,7,0,0,0,0,0,0,1,1,5,1,48,8,-1,-1,-1,-1,3,2,E01013272,0
Unvalidated,2024161411715,2024,161411715,2,9,0,4,3,7,0,0,0,0,0,0,2,1,2,1,22,5,-1,-1,-1,-1,9,2,E01013275,0
Unvalidated,2024161411743,2024,161411743,1,98,0,7,3,5,0,8,0,0,0,0,1,1,5,1,38,7,-1,-1,-1,-1,8,3,E01031543,0
Unvalidated,2024161411743,2024,161411743,2,1,0,18,3,7,0,8,0,0,0,0,3,1,6,1,42,7,-1,-1,-1,-1,1,1,E01012862,0
Unvalidated,2024161411782,2024,161411782,1,9,0,18,2,6,0,8,0,0,0,0,1,1,5,2,50,8,-1,-1,-1,-1,8,2,E01013098,0
Unvalidated,2024161411782,2024,161411782,2,1,0,18,8,4,0,8,0,0,0,0,1,1,5,1,16,4,-1,-1,-1,-1,1,1,E01012840,0
Unvalidated,2024161411850,2024,161411850,1,9,0,18,8,4,0,0,0,0,0,0,1,1,6,2,54,8,-1,-1,-1,-1,7,3,E01012983,0
Unvalidated,2024161411850,2024,161411850,2,9,0,4,8,4,0,0,0,0,0,0,2,1,6,2,24,5,-1,-1,-1,-1,3,3,E01012992,0
Unvalidated,2024161411880,2024,161411880,1,2,0,18,6,2,0,0,0,0,0,0,0,1,2,1,16,4,-1,-1,-1,-1,8,1,E01007606,0
Unvalidated,2024161411885,2024,161411885,1,1,0,9,7,3,0,0,0,0,0,0,3,1,4,1,10,2,-1,-1,-1,-1,1,1,E01013205,0
Unvalidated,2024161411885,2024,161411885,2,9,0,13,7,3,0,0,0,0,0,0,4,1,3,2,32,6,-1,-1,-1,-1,-1,-1,-1,0
Unvalidated,2024161411896,2024,161411896,1,9,0,18,5,1,0,0,0,0,0,0,2,1,1,1,33,6,-1,-1,-1,-1,3,1,E01026123,0
Unvalidated,2024161411896,2024,161411896,2,9,0,18,5,1,0,0,0,0,0,0,1,1,6,3,-1,-1,-1,-1,-1,-1,-1,-1,-1,0
Unvalidated,2024161411990,2024,161411990,1,9,0,5,7,3,0,8,0,0,0,0,3,1,2,1,35,6,-1,-1,-1,-1,2,1,E01012903,0
Unvalidated,2024161411990,2024,161411990,2,1,0,18,1,5,0,3,0,0,0,0,1,1,2,1,35,6,-1,-1,-1,-1,3,1,E01012774,0
Unvalidated,2024161412135,2024,161412135,1,9,0,18,4,8,0,0,0,0,0,0,1,1,6,1,85,11,-1,-1,-1,-1,7,1,E01013188,0
Unvalidated,2024161412135,2024,161412135,2,9,0,4,4,8,0,0,0,0,0,0,2,1,6,1,82,11,-1,-1,-1,-1,10,2,E01013223,0
Unvalidated,2024161412135,2024,161412135,3,9,0,3,4,8,0,0,0,0,0,0,2,1,6,1,76,11,-1,-1,-1,-1,7,3,E01026080,0
Unvalidated,2024161412135,2024,161412135,4,9,0,3,4,8,0,0,0,0,0,0,2,1,6,1,77,11,-1,-1,-1,-1,4,1,E01013183,0
Unvalidated,2024161412252,2024,161412252,1,9,0,17,1,7,0,0,0,0,1,9,1,1,5,1,55,8,-1,-1,-1,-1,1,1,E01013000,0
Unvalidated,2024161412271,2024,161412271,1,8,0,18,7,3,0,2,0,0,0,0,4,1,1,1,36,7,-1,-1,-1,-1,1,1,E01012867,0
Unvalidated,2024161412271,2024,161412271,2,1,0,5,5,3,0,2,0,0,0,0,1,1,6,1,10,2,-1,-1,-1,-1,1,1,E01012893,0
Unvalidated,2024161412290,2024,161412290,1,22,0,18,7,3,0,0,0,10,0,0,1,1,6,1,75,10,-1,-1,-1,-1,6,1,E01012940,0
Unvalidated,2024161412290,2024,161412290,2,9,0,18,3,7,0,0,0,0,0,0,1,1,6,3,-1,-1,-1,-1,-1,-1,-1,-1,-1,0
Unvalidated,2024161412298,2024,161412298,1,9,0,18,6,2,0,1,0,0,0,0,1,1,6,2,30,6,-1,-1,-1,-1,1,1,E01012876,0
Unvalidated,2024161412298,2024,161412298,2,9,0,5,1,2,0,6,0,0,0,0,3,1,2,1,27,6,-1,-1,-1,-1,6,1,E01012912,0
Unvalidated,2024161412325,2024,161412325,1,19,0,9,1,7,0,8,0,0,1,0,3,1,5,1,26,6,-1,-1,-1,-1,4,1,E01007580,0
Unvalidated,2024161412325,2024,161412325,2,9,0,18,7,3,0,1,0,0,0,0,1,1,5,2,39,7,-1,-1,-1,-1,-1,2,-1,0
Unvalidated,2024161412460,2024,161412460,1,1,0,18,6,2,0,8,0,0,0,0,4,1,6,1,25,5,-1,-1,-1,-1,1,1,E01012843,0
Unvalidated,2024161412460,2024,161412460,2,9,0,9,8,6,0,8,0,0,0,0,1,1,6,3,-1,-1,-1,-1,-1,-1,-1,-1,-1,0
Unvalidated,2024161412481,2024,161412481,1,1,0,18,3,7,0,0,0,0,0,0,3,1,2,1,41,7,-1,-1,-1,-1,4,1,E01012801,0
Unvalidated,2024161412481,2024,161412481,2,9,0,18,3,7,0,0,0,0,0,0,4,1,6,3,-1,-1,-1,-1,-1,-1,-1,-1,-1,0
Unvalidated,2024161412482,2024,161412482,1,1,0,18,1,5,0,1,0,0,0,0,1,1,6,1,22,5,-1,-1,-1,-1,7,1,E01032596,0
Unvalidated,2024161412482,2024,161412482,2,9,0,7,3,5,0,6,0,0,0,0,3,1,6,2,-1,-1,-1,-1,-1,-1,-1,-1,-1,0
Unvalidated,2024161412506,2024,161412506,1,11,0,2,0,0,0,0,0,0,0,0,0,1,1,1,48,8,-1,-1,-1,-1,10,1,E01013117,0
Unvalidated,2024161412521,2024,161412521,1,11,0,18,7,3,0,8,0,0,0,0,0,1,1,1,58,9,-1,-1,-1,-1,3,1,E01012784,0
Unvalidated,2024161412535,2024,161412535,1,9,0,13,5,1,0,0,0,0,0,0,3,1,6,2,88,11,-1,-1,-1,-1,4,1,E01012830,0
Unvalidated,2024161412535,2024,161412535,2,9,0,18,5,1,0,0,0,0,0,0,3,1,6,1,32,6,-1,-1,-1,-1,7,1,E01033108,0
Unvalidated,2024161412535,2024,161412535,3,9,0,18,5,1,0,0,0,0,0,0,1,1,2,2,47,8,-1,-1,-1,-1,3,1,E01012807,0
Unvalidated,2024161412601,2024,161412601,1,9,0,18,1,5,0,0,0,4,0,0,1,1,5,2,62,9,-1,-1,-1,-1,1,1,E01012781,0
Unvalidated,2024161412601,2024,161412601,2,9,0,2,0,0,0,0,0,0,0,0,2,1,6,3,-1,-1,-1,-1,-1,-1,-1,-1,-1,0
Unvalidated,2024161412647,2024,161412647,1,9,0,18,6,2,0,0,5,0,1,0,1,1,5,1,19,4,-1,-1,-1,-1,3,1,E01010912,0
Unvalidated,2024161412663,2024,161412663,1,9,0,17,3,8,0,0,0,0,1,4,1,1,5,1,27,6,-1,-1,-1,-1,10,2,E01012967,0
Unvalidated,2024161412695,2024,161412695,1,9,0,7,8,2,0,6,0,0,0,0,3,1,1,2,38,7,-1,-1,-1,-1,7,1,E01012794,0
Unvalidated,2024161412695,2024,161412695,2,1,0,18,6,2,4,8,0,0,0,0,1,1,6,1,45,7,-1,-1,-1,-1,-1,-1,-1,0
Unvalidated,2024161412823,2024,161412823,1,1,0,18,5,1,0,1,0,0,0,0,4,1,2,2,41,7,-1,-1,-1,-1,1,1,E01013208,0
Unvalidated,2024161412823,2024,161412823,2,9,0,5,5,1,0,2,0,0,0,0,3,1,6,1,26,6,-1,-1,-1,-1,3,1,E01013158,0
Unvalidated,2024161412880,2024,161412880,1,9,0,3,1,5,0,1,0,0,0,0,4,1,5,1,59,9,-1,-1,-1,-1,2,1,E01013038,0
Unvalidated,2024161412880,2024,161412880,2,1,0,15,1,5,0,1,0,0,0,0,1,1,6,1,-1,-1,-1,-1,-1,-1,-1,-1,-1,0
Unvalidated,2024161413024,2024,161413024,1,9,0,9,3,7,9,0,0,0,0,0,1,1,5,2,24,5,-1,-1,-1,-1,1,1,E01012951,0
Unvalidated,2024161413046,2024,161413046,1,9,0,9,1,7,0,1,0,0,1,0,2,1,2,1,36,7,-1,-1,-1,-1,8,1,E01013190,0
Unvalidated,2024161413046,2024,161413046,2,2,0,18,1,5,0,1,0,0,1,7,1,1,5,1,16,4,-1,-1,-1,-1,4,1,E01013183,0
Unvalidated,2024161413127,2024,161413127,1,9,0,18,5,1,0,0,1,0,7,1,4,1,2,2,43,7,-1,-1,-1,-1,6,1,E01026380,0
Unvalidated,2024161413398,2024,161413398,1,9,0,18,7,3,0,0,0,0,0,0,1,1,1,2,27,6,-1,-1,-1,-1,1,1,E01013300,0
Unvalidated,2024161413489,2024,161413489,1,9,0,2,2,1,0,0,0,0,0,0,4,1,6,3,-1,-1,-1,-1,-1,-1,-1,-1,-1,0
Unvalidated,2024161413489,2024,161413489,2,9,0,2,2,1,0,0,0,0,0,0,4,1,6,3,-1,-1,-1,-1,-1,-1,-1,-1,-1,0
Unvalidated,2024161413489,2024,161413489,3,9,0,2,2,1,0,0,0,0,0,0,4,1,6,3,-1,-1,-1,-1,-1,-1,-1,-1,-1,0
Unvalidated,2024161413489,2024,161413489,4,9,0,18,2,1,0,0,2,4,0,0,1,1,5,1,51,8,-1,-1,-1,-1,4,1,E01013197,0
Unvalidated,2024161413596,2024,161413596,1,9,0,17,6,2,0,0,0,0,0,0,1,1,6,3,-1,-1,-1,-1,-1,-1,-1,-1,-1,0
Unvalidated,2024161413697,2024,161413697,1,9,0,18,5,1,0,0,1,0,7,0,3,1,1,2,63,9,-1,-1,-1,-1,9,1,E01011513,0
Unvalidated,2024161413697,2024,161413697,2,9,0,18,1,5,0,0,1,0,1,0,3,1,5,1,59,9,-1,-1,-1,-1,5,1,E01012769,0
Unvalidated,2024161413818,2024,161413818,1,9,0,9,3,1,0,6,0,0,0,0,1,1,2,2,47,8,-1,-1,-1,-1,8,1,E01013013,0
Unvalidated,2024161413951,2024,161413951,1,9,0,9,5,1,0,0,0,0,0,0,2,1,6,1,51,8,-1,-1,-1,-1,3,2,E01013086,0
Unvalidated,2024161413951,2024,161413951,2,9,0,18,5,1,0,0,0,0,0,0,1,1,6,2,77,11,-1,-1,-1,-1,4,2,E01013050,0
Unvalidated,2024161414019,2024,161414019,1,9,0,18,6,2,0,0,0,0,0,0,4,1,5,2,85,11,-1,-1,-1,-1,7,1,E01012792,0
Unvalidated,2024161414019,2024,161414019,2,9,0,18,2,6,0,0,0,0,0,0,3,1,5,1,22,5,-1,-1,-1,-1,3,1,E01013164,0
Unvalidated,2024161414159,2024,161414159,1,9,0,1,5,1,9,0,0,0,1,11,2,1,5,1,88,11,-1,-1,-1,-1,3,1,E01013156,0
Unvalidated,2024161414198,2024,161414198,1,9,0,4,5,1,0,2,0,0,0,0,2,1,6,2,19,4,-1,-1,-1,-1,6,1,E01013041,0
Unvalidated,2024161414198,2024,161414198,2,9,0,18,5,1,0,2,0,0,0,0,1,1,6,1,50,8,-1,-1,-1,-1,-1,-1,-1,0
Unvalidated,2024161414352,2024,161414352,1,9,0,7,3,5,0,4,0,0,0,0,1,1,5,1,67,10,-1,-1,-1,-1,3,3,E01013245,0
Unvalidated,2024161414352,2024,161414352,2,9,0,18,1,5,0,8,0,0,1,10,1,1,5,2,34,6,-1,-1,-1,-1,3,1,E01013238,0
Unvalidated,2024161414385,2024,161414385,1,9,0,18,3,7,0,4,0,0,0,0,3,1,6,1,50,8,-1,-1,-1,-1,1,1,E01013205,0
Unvalidated,2024161414385,2024,161414385,2,9,0,9,5,3,0,8,0,0,0,0,4,1,6,1,72,10,-1,-1,-1,-1,1,1,E01013208,0
Unvalidated,2024161414479,2024,161414479,1,9,0,14,8,4,0,0,0,4,0,0,1,1,6,1,84,11,-1,-1,-1,-1,6,1,E01013167,0
Unvalidated,2024161414479,2024,161414479,2,98,0,2,0,0,0,0,0,0,0,0,1,1,6,3,-1,-1,-1,-1,-1,-1,-1,-1,-1,0
Unvalidated,2024161414516,2024,161414516,1,22,0,7,7,1,0,1,0,0,0,0,3,1,6,2,61,9,-1,-1,-1,-1,1,1,E01012946,0
Unvalidated,2024161414516,2024,161414516,2,3,0,18,5,1,0,1,0,0,0,0,1,1,6,1,17,4,-1,-1,-1,-1,4,1,E01012929,0
Unvalidated,2024161414569,2024,161414569,1,9,0,7,3,7,0,8,0,0,0,0,4,1,3,3,-1,-1,-1,-1,-1,-1,-1,-1,-1,0
Unvalidated,2024161414707,2024,161414707,1,9,0,9,3,5,0,1,0,0,0,0,0,1,2,2,20,4,-1,-1,-1,-1,6,1,E01013105,0
Unvalidated,2024161414707,2024,161414707,2,90,0,18,3,7,0,8,0,0,0,0,0,1,6,1,14,3,-1,-1,-1,-1,5,1,E01013107,1
Unvalidated,2024161414745,2024,161414745,1,9,0,18,2,6,0,0,1,0,1,9,2,1,6,2,41,7,-1,-1,-1,-1,9,1,E01007624,0
Unvalidated,2024161414745,2024,161414745,2,9,0,18,2,6,0,0,1,0,0,0,1,1,2,2,34,6,-1,-1,-1,-1,3,1,E01007676,0
Unvalidated,2024161414755,2024,161414755,1,9,0,18,1,5,0,4,0,0,0,0,1,2,2,2,57,9,-1,-1,-1,-1,7,1,E01026978,0
Unvalidated,2024161414755,2024,161414755,2,9,0,18,7,3,0,3,0,0,1,0,4,2,2,1,39,7,-1,-1,-1,-1,5,3,E01027798,0
Unvalidated,2024161414780,2024,161414780,1,9,0,7,4,2,0,0,0,0,0,0,1,1,5,2,54,8,-1,-1,-1,-1,3,1,E01012899,0
Unvalidated,2024161414780,2024,161414780,2,1,0,18,2,6,0,0,0,0,0,0,1,1,2,1,65,9,-1,-1,-1,-1,1,1,E01012809,0
Unvalidated,2024161414867,2024,161414867,1,9,0,16,1,5,0,0,1,0,1,9,1,1,5,1,18,4,-1,-1,-1,-1,9,3,E01013304,0
Unvalidated,2024161415046,2024,161415046,1,9,0,18,6,8,0,1,0,0,0,0,1,1,6,2,64,9,-1,-1,-1,-1,9,1,E01013265,0
Unvalidated,2024161415046,2024,161415046,2,9,0,5,4,8,0,6,0,0,0,0,1,1,6,2,44,7,-1,-1,-1,-1,4,1,E01013280,0
Unvalidated,2024161415054,2024,161415054,1,9,0,16,6,2,0,0,0,0,0,0,4,1,6,1,30,6,-1,-1,-1,-1,1,1,E01012876,0
Unvalidated,2024161415054,2024,161415054,2,9,0,17,2,6,0,0,0,0,0,0,3,1,1,2,27,6,-1,-1,-1,-1,-1,-1,-1,0
Unvalidated,2024161415202,2024,161415202,1,9,0,9,6,4,0,8,0,0,0,0,3,1,6,2,68,10,-1,-1,-1,-1,7,1,E01013153,0