status,collision_index,collision_year,collision_reference,vehicle_reference,vehicle_type,towing_and_articulation,vehicle_manoeuvre,vehicle_direction_from,vehicle_direction_to,vehicle_location_restricted_lane,junction_location,skidding_and_overturning,hit_object_in_carriageway,vehicle_leaving_carriageway,hit_object_off_carriageway,first_point_of_impact,vehicle_left_hand_drive,journey_purpose_of_driver,sex_of_driver,age_of_driver,age_band_of_driver,engine_capacity_cc,propulsion_code,age_of_vehicle,generic_make_model,driver_imd_decile,driver_home_area_type,lsoa_of_driver,escooter_flag
Unvalidated,2024161415202,2024,161415202,2,9,0,18,8,4,0,1,0,0,0,0,1,1,6,1,21,5,-1,-1,-1,-1,1,1,E01013201,0
Unvalidated,2024161415212,2024,161415212,1,9,0,18,4,8,0,0,0,0,1,6,1,1,6,2,40,7,-1,-1,-1,-1,7,1,E01013228,0
Unvalidated,2024161415212,2024,161415212,2,21,0,18,4,8,0,0,0,0,0,0,2,1,1,1,44,7,-1,-1,-1,-1,6,1,E01020617,0
Unvalidated,2024161415217,2024,161415217,1,9,0,4,5,7,0,1,0,0,0,0,2,1,6,1,31,6,-1,-1,-1,-1,-1,-1,-1,0
Unvalidated,2024161415217,2024,161415217,2,9,0,18,5,7,0,1,0,0,0,0,1,1,6,1,61,9,-1,-1,-1,-1,8,2,E01026062,0
Unvalidated,2024161415243,2024,161415243,1,9,0,18,5,1,0,1,0,0,0,0,4,1,5,1,17,4,-1,-1,-1,-1,10,1,E01010772,0
Unvalidated,2024161415252,2024,161415252,1,9,0,9,1,3,0,8,0,0,0,0,1,1,6,2,80,11,-1,-1,-1,-1,7,3,E01013242,0
Unvalidated,2024161415252,2024,161415252,2,9,0,18,1,5,0,8,0,0,0,0,1,1,6,1,73,10,-1,-1,-1,-1,2,1,E01013281,0
Unvalidated,2024161415320,2024,161415320,1,9,0,3,1,5,0,2,0,0,0,0,2,1,2,2,55,8,-1,-1,-1,-1,7,1,E01013010,0
Unvalidated,2024161415320,2024,161415320,2,9,0,18,1,5,0,2,0,0,0,0,1,1,6,1,30,6,-1,-1,-1,-1,8,1,E01013013,0
Unvalidated,2024161415380,2024,161415380,1,1,0,18,7,3,4,8,1,0,0,0,1,1,2,2,32,6,-1,-1,-1,-1,1,1,E01012858,0
Unvalidated,2024161415380,2024,161415380,2,9,0,7,7,3,0,8,0,0,0,0,4,1,6,3,-1,-1,-1,-1,-1,-1,-1,-1,-1,0
Unvalidated,2024161415380,2024,161415380,3,9,0,18,7,3,0,1,0,0,0,0,0,1,6,3,-1,-1,-1,-1,-1,-1,-1,-1,-1,0
Unvalidated,2024161415456,2024,161415456,1,9,0,10,6,2,0,1,0,0,0,0,2,1,5,1,53,8,-1,-1,-1,-1,8,1,E01012813,0
Unvalidated,2024161415456,2024,161415456,2,8,0,18,6,2,0,1,0,0,0,0,1,1,6,1,-1,-1,-1,-1,-1,-1,1,1,E01012854,0
Unvalidated,2024161415457,2024,161415457,1,9,0,18,5,1,0,0,5,4,0,0,1,1,6,1,22,5,-1,-1,-1,-1,1,1,E01013142,0
Unvalidated,2024161415457,2024,161415457,2,9,0,2,0,0,0,0,0,0,0,0,3,1,6,3,-1,-1,-1,-1,-1,-1,-1,-1,-1,0
Unvalidated,2024161415457,2024,161415457,3,9,0,2,0,0,0,0,0,0,0,0,2,1,6,3,-1,-1,-1,-1,-1,-1,-1,-1,-1,0
Unvalidated,2024161415457,2024,161415457,4,9,0,2,0,0,0,0,0,0,0,0,4,1,6,3,-1,-1,-1,-1,-1,-1,-1,-1,-1,0
Unvalidated,2024161415457,2024,161415457,5,9,0,2,0,0,0,0,0,0,0,0,2,1,6,3,-1,-1,-1,-1,-1,-1,-1,-1,-1,0
Unvalidated,2024161415484,2024,161415484,1,9,0,18,1,5,0,0,0,0,0,0,1,1,6,2,36,7,-1,-1,-1,-1,-1,-1,-1,0
Unvalidated,2024161415484,2024,161415484,2,9,0,3,1,5,0,0,0,0,0,0,2,1,1,1,46,8,-1,-1,-1,-1,3,1,E01013158,0
Unvalidated,2024161415564,2024,161415564,1,9,0,18,8,4,0,0,0,10,0,0,1,1,5,1,92,11,-1,-1,-1,-1,10,2,E01013054,0
Unvalidated,2024161415564,2024,161415564,2,9,0,2,3,7,0,0,0,0,0,0,1,1,5,1,55,8,-1,-1,-1,-1,9,2,E01013052,0
Unvalidated,2024161415585,2024,161415585,1,19,0,9,1,3,0,0,0,0,0,0,1,1,1,1,29,6,-1,-1,-1,-1,1,1,E01007655,0
Unvalidated,2024161415594,2024,161415594,1,9,0,18,8,4,0,1,0,0,0,0,1,1,6,1,58,9,-1,-1,-1,-1,1,1,E01012879,0
Unvalidated,2024161415594,2024,161415594,2,1,0,18,1,5,0,1,0,0,0,0,2,1,6,1,14,3,-1,-1,-1,-1,1,1,E01012875,0
Unvalidated,2024161415609,2024,161415609,1,9,0,9,3,1,0,4,1,0,1,0,4,1,5,2,22,5,-1,-1,-1,-1,7,3,E01013324,0
Unvalidated,2024161415609,2024,161415609,2,9,0,18,5,1,0,4,1,0,1,4,1,1,5,1,34,6,-1,-1,-1,-1,-1,-1,-1,0
Unvalidated,2024161415642,2024,161415642,1,9,0,9,2,6,8,6,0,0,0,0,1,1,5,1,17,4,-1,-1,-1,-1,7,2,E01013224,0
Unvalidated,2024161415642,2024,161415642,2,9,0,18,6,2,0,1,0,0,0,0,1,1,5,2,50,8,-1,-1,-1,-1,4,1,E01026077,0
Unvalidated,2024161415704,2024,161415704,1,9,0,18,4,8,0,2,1,0,7,11,1,1,6,2,21,5,-1,-1,-1,-1,-1,-1,-1,0
Unvalidated,2024161415911,2024,161415911,1,9,0,7,3,7,0,6,0,0,0,0,2,1,5,2,75,10,-1,-1,-1,-1,10,2,E01012927,0
Unvalidated,2024161415911,2024,161415911,2,9,0,18,1,5,0,8,0,0,0,0,1,1,6,1,36,7,-1,-1,-1,-1,3,1,E01012817,0
Unvalidated,2024161415911,2024,161415911,3,9,0,18,5,1,0,1,0,0,0,0,1,1,6,2,28,6,-1,-1,-1,-1,6,1,E01012961,0
Unvalidated,2024161415955,2024,161415955,1,9,0,12,1,5,0,0,1,10,7,0,1,1,6,1,31,6,-1,-1,-1,-1,1,1,E01012788,0
Unvalidated,2024161415955,2024,161415955,2,9,0,18,5,1,0,0,0,0,0,0,1,1,5,1,38,7,-1,-1,-1,-1,1,1,E01012783,0
Unvalidated,2024161416001,2024,161416001,1,9,0,18,7,3,0,0,0,0,0,0,1,1,6,1,19,4,-1,-1,-1,-1,6,3,E01013072,0
Unvalidated,2024161416001,2024,161416001,2,9,0,18,3,7,0,0,0,0,1,0,1,1,2,2,51,8,-1,-1,-1,-1,4,3,E01013076,0
Unvalidated,2024161416031,2024,161416031,1,8,0,18,1,5,0,1,5,10,0,0,4,1,1,1,56,9,-1,-1,-1,-1,1,1,E01012850,0
Unvalidated,2024161416031,2024,161416031,2,9,0,18,2,6,0,1,0,0,0,0,1,1,6,3,-1,-1,-1,-1,-1,-1,-1,-1,-1,0
Unvalidated,2024161416341,2024,161416341,1,9,0,17,3,7,0,2,5,0,0,0,1,1,5,1,49,8,-1,-1,-1,-1,6,3,E01013022,0
Unvalidated,2024161416569,2024,161416569,1,9,0,6,1,3,0,1,0,0,0,0,3,1,5,1,35,6,-1,-1,-1,-1,-1,-1,-1,0
Unvalidated,2024161416569,2024,161416569,2,9,0,18,1,1,0,1,0,0,0,0,1,1,5,1,28,6,-1,-1,-1,-1,1,1,E01012867,0
Unvalidated,2024161416630,2024,161416630,1,9,0,3,7,3,0,1,0,0,0,0,2,1,6,1,61,9,-1,-1,-1,-1,10,2,E01012926,0
Unvalidated,2024161416630,2024,161416630,2,9,0,4,7,3,0,1,0,0,0,0,1,1,6,1,-1,-1,-1,-1,-1,-1,1,1,E01012948,0
Unvalidated,2024161416639,2024,161416639,1,9,0,18,8,3,0,1,0,0,0,0,1,1,2,2,51,8,-1,-1,-1,-1,9,2,E01013016,0
Unvalidated,2024161416639,2024,161416639,2,9,0,5,5,1,0,1,0,0,0,0,4,1,6,2,30,6,-1,-1,-1,-1,4,1,E01013003,0
Unvalidated,2024161416644,2024,161416644,1,5,0,7,8,2,0,1,1,0,0,0,0,1,5,1,41,7,-1,-1,-1,-1,6,3,E01013267,0
Unvalidated,2024161416668,2024,161416668,1,1,0,18,3,6,4,2,1,0,0,0,4,1,2,2,23,5,-1,-1,-1,-1,1,1,E01012805,0
Unvalidated,2024161416668,2024,161416668,2,10,0,7,3,4,0,2,0,0,0,0,1,1,1,1,60,9,-1,-1,-1,-1,-1,-1,-1,0
Unvalidated,2024161416683,2024,161416683,1,9,0,99,3,7,99,0,0,0,9,99,9,1,6,1,-1,-1,-1,-1,-1,-1,7,2,E01013097,0
Unvalidated,2024161416714,2024,161416714,1,19,0,3,7,3,0,0,0,0,0,0,2,1,6,1,30,6,-1,-1,-1,-1,7,1,E01026091,0
Unvalidated,2024161416714,2024,161416714,2,9,0,3,7,3,0,0,0,0,0,0,1,1,6,2,-1,-1,-1,-1,-1,-1,-1,-1,-1,0
Unvalidated,2024161416722,2024,161416722,1,9,0,3,8,4,0,1,0,0,0,0,2,1,6,1,31,6,-1,-1,-1,-1,2,1,E01012775,0
Unvalidated,2024161416722,2024,161416722,2,9,0,18,8,4,0,1,0,0,0,0,1,1,6,1,-1,-1,-1,-1,-1,-1,-1,-1,-1,0
Unvalidated,2024161416734,2024,161416734,1,3,0,18,1,5,0,0,2,10,7,0,0,1,2,1,18,4,-1,-1,-1,-1,7,3,E01013124,0
Unvalidated,2024161416734,2024,161416734,2,19,0,18,5,1,0,0,0,0,0,0,0,1,6,3,-1,-1,-1,-1,-1,-1,-1,-1,-1,0
Unvalidated,2024161416746,2024,161416746,1,8,0,1,5,1,0,0,0,0,0,0,1,1,1,1,-1,-1,-1,-1,-1,-1,-1,-1,-1,0
Unvalidated,2024161416795,2024,161416795,1,9,0,9,7,5,0,1,0,0,0,0,1,1,6,1,66,10,-1,-1,-1,-1,2,1,E01012869,0
Unvalidated,2024161416895,2024,161416895,1,9,0,18,6,2,0,8,0,0,7,11,1,1,2,1,50,8,-1,-1,-1,-1,1,1,E01013159,0
Unvalidated,2024161416895,2024,161416895,2,9,0,18,7,3,0,8,0,0,3,11,3,1,2,1,42,7,-1,-1,-1,-1,1,1,E01013141,0
Unvalidated,2024161416932,2024,161416932,1,21,0,18,1,5,0,0,0,0,1,4,1,1,1,1,62,9,-1,-1,-1,-1,6,3,E01012922,0
Unvalidated,2024161416972,2024,161416972,1,9,0,18,8,4,0,1,1,10,2,11,1,1,5,1,25,5,-1,-1,-1,-1,-1,-1,-1,0
Unvalidated,2024161417044,2024,161417044,1,9,-1,9,3,1,0,8,0,0,0,0,1,1,6,1,42,7,-1,-1,-1,-1,5,1,E01013236,0
Unvalidated,2024161417044,2024,161417044,2,9,-1,18,7,3,0,8,0,0,0,0,4,1,6,1,-1,-1,-1,-1,-1,-1,-1,-1,-1,0
Unvalidated,2024161417474,2024,161417474,1,9,0,18,3,7,0,8,0,0,7,0,4,1,2,1,60,9,-1,-1,-1,-1,3,1,E01011903,0
Unvalidated,2024161417474,2024,161417474,2,9,0,18,5,1,0,6,0,0,7,4,1,1,6,1,-1,-1,-1,-1,-1,-1,-1,-1,-1,0
Unvalidated,2024161417534,2024,161417534,1,97,0,18,-1,-1,0,2,0,4,0,0,1,1,6,1,16,4,-1,-1,-1,-1,1,1,E01012854,0
Unvalidated,2024161417534,2024,161417534,2,9,0,2,-1,-1,0,2,0,0,0,0,-1,1,6,3,-1,-1,-1,-1,-1,-1,-1,-1,-1,0
Unvalidated,2024161417540,2024,161417540,1,9,0,18,2,6,0,6,0,0,7,4,4,1,5,2,54,8,-1,-1,-1,-1,5,3,E01013019,0
Unvalidated,2024161417540,2024,161417540,2,19,0,18,5,8,0,8,0,0,0,0,1,1,5,1,56,9,-1,-1,-1,-1,5,1,E01012773,0
Unvalidated,2024161417721,2024,161417721,1,9,0,18,3,7,0,0,0,0,0,0,1,1,3,2,36,7,-1,-1,-1,-1,1,1,E01012843,0
Unvalidated,2024161417721,2024,161417721,2,1,0,18,7,3,0,0,0,0,0,0,1,1,4,1,14,3,-1,-1,-1,-1,1,1,E01012843,0
Unvalidated,2024161417727,2024,161417727,1,9,0,9,7,5,0,8,0,0,0,0,1,1,1,1,50,8,-1,-1,-1,-1,6,1,E01013105,0
Unvalidated,2024161417727,2024,161417727,2,1,0,18,3,7,0,8,0,0,0,0,1,1,5,2,31,6,-1,-1,-1,-1,1,1,E01012798,0
Unvalidated,2024161417786,2024,161417786,1,9,0,18,8,4,0,0,0,0,0,0,3,1,2,2,52,8,-1,-1,-1,-1,7,1,E01013186,0
Unvalidated,2024161417812,2024,161417812,1,9,0,18,6,2,0,0,0,0,0,0,1,1,5,2,57,9,-1,-1,-1,-1,3,1,E01013045,0
Unvalidated,2024161417812,2024,161417812,2,9,0,18,6,2,0,0,0,0,0,0,2,1,5,1,54,8,-1,-1,-1,-1,4,2,E01013047,0
Unvalidated,2024161417834,2024,161417834,1,9,0,18,7,3,0,1,0,0,0,0,1,1,2,2,65,9,-1,-1,-1,-1,1,1,E01012898,0
Unvalidated,2024161417834,2024,161417834,2,90,0,7,1,5,0,1,0,0,0,0,2,1,6,3,14,3,-1,-1,-1,-1,-1,-1,-1,1
Unvalidated,2024161417904,2024,161417904,1,19,0,5,7,3,0,1,5,0,0,0,3,1,5,1,33,6,-1,-1,-1,-1,9,1,E01012957,0
Unvalidated,2024161417904,2024,161417904,2,9,0,18,5,1,0,1,0,0,0,0,1,1,5,1,58,9,-1,-1,-1,-1,7,1,E01012794,0
Unvalidated,2024161417946,2024,161417946,1,1,0,18,3,7,4,1,1,0,0,0,0,1,5,2,34,6,-1,-1,-1,-1,2,1,E01033104,0
Unvalidated,2024161417946,2024,161417946,2,9,0,9,7,3,0,1,0,0,0,0,0,1,6,2,35,6,-1,-1,-1,-1,-1,-1,-1,0
Unvalidated,2024161417963,2024,161417963,1,2,0,-1,5,1,0,0,0,0,0,0,1,1,6,1,18,4,-1,-1,-1,-1,-1,-1,-1,0
Unvalidated,2024161417964,2024,161417964,1,9,0,4,4,8,0,0,0,0,0,0,2,1,2,1,61,9,-1,-1,-1,-1,1,1,E01013219,0
Unvalidated,2024161417964,2024,161417964,2,9,0,18,4,8,0,0,0,0,0,0,1,1,6,1,-1,-1,-1,-1,-1,-1,-1,-1,-1,0
Unvalidated,2024161417986,2024,161417986,1,1,0,18,6,2,0,8,0,0,0,0,4,1,2,2,22,5,-1,-1,-1,-1,5,1,E01012767,0
Unvalidated,2024161417986,2024,161417986,2,9,0,7,7,2,0,8,0,0,0,0,1,1,6,1,33,6,-1,-1,-1,-1,1,1,E01012790,0
Unvalidated,2024161418034,2024,161418034,1,9,0,5,1,5,9,0,0,0,0,0,4,1,6,1,-1,-1,-1,-1,-1,-1,9,1,E01012955,0
Unvalidated,2024161418034,2024,161418034,2,1,0,18,7,3,9,0,0,0,0,0,1,1,4,2,12,3,-1,-1,-1,-1,4,1,E01012797,0
Unvalidated,2024161418112,2024,161418112,1,9,0,9,4,2,0,8,0,0,0,0,1,1,6,2,17,4,-1,-1,-1,-1,8,1,E01012977,0
Unvalidated,2024161418112,2024,161418112,2,1,0,18,8,4,0,8,0,0,0,0,3,1,6,1,61,9,-1,-1,-1,-1,6,1,E01012979,0
Unvalidated,2024161418164,2024,161418164,1,9,0,9,7,5,0,4,0,0,0,0,1,1,6,2,40,7,-1,-1,-1,-1,4,1,E01012797,0
Unvalidated,2024161418164,2024,161418164,2,9,0,18,3,7,0,4,0,0,0,0,1,1,6,2,60,9,-1,-1,-1,-1,9,1,E01012955,0
Unvalidated,2024161418211,2024,161418211,1,9,0,18,1,5,0,0,0,0,0,0,1,1,5,1,40,7,-1,-1,-1,-1,5,2,E01026190,0
Unvalidated,2024161418211,2024,161418211,2,9,0,9,1,7,0,0,0,0,0,0,2,1,5,2,51,8,-1,-1,-1,-1,9,2,E01026401,0
Unvalidated,2024161418219,2024,161418219,1,9,0,13,5,1,0,1,1,10,1,11,1,1,2,1,24,5,-1,-1,-1,-1,-1,-1,-1,0
Unvalidated,2024161418219,2024,161418219,2,9,0,8,7,1,0,6,0,0,0,0,2,1,2,1,21,5,-1,-1,-1,-1,7,1,E01033296,0
Unvalidated,2024161418251,2024,161418251,1,9,0,18,7,3,0,2,0,4,0,0,1,2,6,1,24,5,-1,-1,-1,-1,6,1,E01013318,0
Unvalidated,2024161418251,2024,161418251,2,19,0,2,0,0,0,2,0,0,0,0,3,2,6,3,-1,-1,-1,-1,-1,-1,-1,-1,-1,0
Unvalidated,2024161418353,2024,161418353,1,9,0,18,1,5,0,0,0,0,0,0,1,1,3,2,55,8,-1,-1,-1,-1,7,1,E01033106,0
Unvalidated,2024161418353,2024,161418353,2,1,0,18,3,7,0,0,0,0,0,0,1,1,6,1,16,4,-1,-1,-1,-1,7,1,E01013039,0
Unvalidated,2024161418503,2024,161418503,1,9,0,18,7,3,0,0,0,4,0,0,4,1,6,2,71,10,-1,-1,-1,-1,4,1,E01012901,0
Unvalidated,2024161418503,2024,161418503,2,9,0,2,0,0,0,0,0,0,0,0,4,1,6,3,-1,-1,-1,-1,-1,-1,-1,-1,-1,0
Unvalidated,2024161418543,2024,161418543,1,9,0,18,3,7,0,8,2,0,7,10,1,1,6,2,74,10,-1,-1,-1,-1,7,1,E01011396,0
Unvalidated,2024161418543,2024,161418543,2,9,0,18,5,1,0,8,1,0,1,0,3,1,6,1,70,10,-1,-1,-1,-1,6,1,E01013036,0
Unvalidated,2024161418648,2024,161418648,1,9,0,4,4,8,0,0,0,0,0,0,1,1,5,1,57,9,-1,-1,-1,-1,5,1,E01013297,0
Unvalidated,2024161418689,2024,161418689,1,9,0,18,7,3,0,0,0,0,0,0,1,1,2,2,51,8,-1,-1,-1,-1,8,2,E01013226,0
Unvalidated,2024161418780,2024,161418780,1,19,0,18,5,1,0,0,1,0,0,0,1,1,5,1,21,5,-1,-1,-1,-1,3,2,E01013272,0
Unvalidated,2024161418780,2024,161418780,2,9,0,4,5,1,0,0,0,0,0,0,2,1,5,1,39,7,-1,-1,-1,-1,6,1,E01007640,0
Unvalidated,2024161418780,2024,161418780,3,9,0,4,5,1,0,0,0,0,0,0,2,1,6,2,54,8,-1,-1,-1,-1,8,2,E01013326,0
Unvalidated,2024161418806,2024,161418806,1,9,3,9,5,3,0,6,0,0,0,0,3,1,5,1,68,10,-1,-1,-1,-1,3,2,E01007374,0
Unvalidated,2024161418806,2024,161418806,2,9,0,18,7,3,0,1,0,0,0,0,2,1,1,1,66,10,-1,-1,-1,-1,1,1,E01012898,0
Unvalidated,2024161418806,2024,161418806,3,9,4,18,7,3,0,1,0,0,0,0,1,1,5,1,40,7,-1,-1,-1,-1,1,1,E01012761,0
Unvalidated,2024161418806,2024,161418806,4,19,0,5,5,1,0,1,0,0,0,0,1,1,6,1,63,9,-1,-1,-1,-1,3,3,E01027833,0
Unvalidated,2024161418878,2024,161418878,1,97,0,18,8,4,0,2,2,0,1,0,1,1,5,1,25,5,-1,-1,-1,-1,7,2,E01013256,0
Unvalidated,2024161418878,2024,161418878,2,9,0,9,4,1,0,2,0,0,0,0,4,1,2,1,39,7,-1,-1,-1,-1,3,1,E01013319,0
Unvalidated,2024161418886,2024,161418886,1,90,0,18,5,1,0,1,0,0,0,0,1,1,6,1,40,7,-1,-1,-1,-1,1,1,E01012761,1
Unvalidated,2024161418886,2024,161418886,2,9,0,7,7,1,0,1,0,0,0,0,1,1,6,2,52,8,-1,-1,-1,-1,5,1,E01003233,0
Unvalidated,2024161418914,2024,161418914,1,9,0,18,6,2,0,0,5,0,1,0,1,1,2,1,47,8,-1,-1,-1,-1,1,1,E01012952,0
Unvalidated,2024161418914,2024,161418914,2,9,0,18,2,6,0,0,0,1,0,0,3,1,5,1,85,11,-1,-1,-1,-1,6,3,E01012922,0
Unvalidated,2024161418981,2024,161418981,1,9,0,13,2,6,0,0,1,0,0,0,2,1,5,1,36,7,-1,-1,-1,-1,2,1,E01013131,0
Unvalidated,2024161418981,2024,161418981,2,9,0,18,2,6,0,0,1,10,7,1,3,1,5,1,42,7,-1,-1,-1,-1,1,1,E01013177,0
Unvalidated,2024161419030,2024,161419030,1,9,0,4,7,3,0,0,0,0,0,0,2,1,5,1,36,7,-1,-1,-1,-1,1,1,E01012918,0
Unvalidated,2024161419030,2024,161419030,2,9,0,18,7,3,0,0,0,0,0,0,1,1,5,1,34,6,-1,-1,-1,-1,4,1,E01012901,0
Unvalidated,2024161419062,2024,161419062,1,9,0,9,3,1,0,8,0,0,1,0,2,1,5,1,29,6,-1,-1,-1,-1,2,1,E01013187,0
Unvalidated,2024161419062,2024,161419062,2,9,0,18,5,1,0,8,0,0,0,0,3,1,6,1,35,6,-1,-1,-1,-1,6,1,E01011460,0
Unvalidated,2024161419067,2024,161419067,1,21,0,17,5,1,0,0,0,0,1,0,4,1,1,1,40,7,-1,-1,-1,-1,-1,-1,-1,0
Unvalidated,2024161419111,2024,161419111,1,9,0,12,6,2,0,0,0,0,0,0,3,1,5,1,59,9,-1,-1,-1,-1,8,1,E01012813,0
Unvalidated,2024161419111,2024,161419111,2,9,0,18,2,6,0,0,0,0,0,0,4,1,5,1,49,8,-1,-1,-1,-1,1,1,E01012782,0
Unvalidated,2024161419127,2024,161419127,1,9,0,18,3,7,0,8,1,0,1,0,1,1,6,1,28,6,-1,-1,-1,-1,5,2,E01026390,0
Unvalidated,2024161419127,2024,161419127,2,9,0,18,5,1,0,8,1,0,1,4,3,1,5,2,25,5,-1,-1,-1,-1,7,3,E01013323,0
Unvalidated,2024161419173,2024,161419173,1,9,0,18,8,4,0,8,0,0,0,0,1,1,6,1,23,5,-1,-1,-1,-1,1,1,E01012880,0
Unvalidated,2024161419173,2024,161419173,2,9,0,1,8,4,0,8,0,0,0,0,2,1,6,1,-1,-1,-1,-1,-1,-1,3,1,E01020572,0
Unvalidated,2024161419255,2024,161419255,1,9,0,7,2,5,0,2,0,0,0,0,1,1,6,1,70,10,-1,-1,-1,-1,-1,-1,-1,0
Unvalidated,2024161419255,2024,161419255,2,1,0,18,1,5,0,1,5,0,0,0,1,1,6,1,14,3,-1,-1,-1,-1,-1,-1,-1,0
Unvalidated,2024161419545,2024,161419545,1,9,0,9,5,7,0,0,0,0,0,0,1,1,6,1,30,6,-1,-1,-1,-1,3,1,E01012866,0
Unvalidated,2024161419545,2024,161419545,2,9,0,2,0,0,9,0,0,0,0,0,2,1,6,3,-1,-1,-1,-1,-1,-1,-1,-1,-1,0
Unvalidated,2024161419545,2024,161419545,3,9,0,2,0,0,0,0,0,0,0,0,2,1,6,3,-1,-1,-1,-1,-1,-1,-1,-1,-1,0
Unvalidated,2024161419545,2024,161419545,4,1,0,18,1,1,4,0,5,0,0,0,1,1,5,1,20,4,-1,-1,-1,-1,1,1,E01012906,0
Unvalidated,2024161419545,2024,161419545,5,9,0,2,0,0,0,0,0,0,0,0,1,1,6,3,-1,-1,-1,-1,-1,-1,-1,-1,-1,0
Unvalidated,2024161419670,2024,161419670,1,9,0,18,5,1,0,0,0,0,0,0,4,1,6,2,-1,-1,-1,-1,-1,-1,2,1,E01012869,0
Unvalidated,2024161419670,2024,161419670,2,22,0,18,3,7,0,0,0,0,0,0,1,1,6,1,39,7,-1,-1,-1,-1,-1,-1,-1,0
Unvalidated,2024161419697,2024,161419697,1,9,0,7,5,7,0,0,0,0,0,0,1,1,6,1,-1,-1,-1,-1,-1,-1,-1,-1,-1,0
Unvalidated,2024161419697,2024,161419697,2,1,0,18,3,7,0,0,0,0,0,0,4,1,6,1,60,9,-1,-1,-1,-1,1,1,E01012809,0
Unvalidated,2024161419779,2024,161419779,1,11,0,18,4,8,0,1,0,0,0,0,1,1,6,1,57,9,-1,-1,-1,-1,-1,-1,-1,0
Unvalidated,2024161419966,2024,161419966,1,19,0,4,1,5,0,0,0,0,0,0,2,1,1,1,46,8,-1,-1,-1,-1,4,3,E01027892,0
Unvalidated,2024161419966,2024,161419966,2,9,0,18,1,5,0,0,0,0,0,0,1,1,6,1,28,6,-1,-1,-1,-1,7,1,E01012993,0
Unvalidated,2024161420091,2024,161420091,1,9,0,18,7,3,0,8,0,0,0,0,1,1,2,2,48,8,-1,-1,-1,-1,2,1,E01032595,0
Unvalidated,2024161420091,2024,161420091,2,9,0,4,7,3,0,8,0,0,0,0,2,1,2,2,29,6,-1,-1,-1,-1,-1,-1,-1,0
Unvalidated,2024161420253,2024,161420253,1,11,0,18,5,1,0,2,0,0,0,0,4,1,1,3,50,8,-1,-1,-1,-1,-1,-1,-1,0
Unvalidated,2024161420408,2024,161420408,1,21,0,18,1,5,0,1,0,0,0,0,1,1,1,1,42,7,-1,-1,-1,-1,9,2,E01013121,0
Unvalidated,2024161420408,2024,161420408,2,9,0,7,3,5,0,2,0,0,1,0,3,1,1,1,20,4,-1,-1,-1,-1,1,1,E01012836,0
Unvalidated,2024161420725,2024,161420725,1,9,0,18,4,8,0,8,0,0,0,0,1,1,3,2,51,8,-1,-1,-1,-1,1,1,E01012894,0
Unvalidated,2024161420725,2024,161420725,2,9,0,9,5,4,0,8,0,0,0,0,4,1,2,1,26,6,-1,-1,-1,-1,4,1,E01012816,0
Unvalidated,2024161420819,2024,161420819,1,9,0,18,1,5,9,2,0,0,1,10,1,1,6,1,50,8,-1,-1,-1,-1,1,1,E01013279,0
Unvalidated,2024161421045,2024,161421045,1,9,0,9,5,3,0,0,0,0,0,0,2,1,5,2,32,6,-1,-1,-1,-1,5,3,E01013019,0
Unvalidated,2024161421045,2024,161421045,2,19,0,9,5,3,0,0,0,0,0,0,1,1,6,1,55,8,-1,-1,-1,-1,-1,-1,-1,0
Unvalidated,2024161421094,2024,161421094,1,11,0,18,3,7,0,2,0,0,0,0,1,1,1,1,28,6,-1,-1,-1,-1,8,1,E01012909,0
Unvalidated,2024161421094,2024,161421094,2,9,0,7,5,7,0,2,0,0,0,0,2,1,6,1,65,9,-1,-1,-1,-1,-1,-1,-1,0
Unvalidated,2024161421151,2024,161421151,1,19,0,18,1,5,0,0,0,4,0,0,1,1,1,1,48,8,-1,-1,-1,-1,2,1,E01012903,0
Unvalidated,2024161421151,2024,161421151,2,9,0,2,0,0,0,0,0,0,0,0,2,1,5,1,79,11,-1,-1,-1,-1,8,1,E01027839,0
Unvalidated,2024161421245,2024,161421245,1,9,0,18,1,5,0,0,0,0,0,0,1,1,6,3,-1,-1,-1,-1,-1,-1,-1,-1,-1,0
Unvalidated,2024161421245,2024,161421245,2,9,0,4,1,5,0,0,0,0,0,0,2,1,1,1,49,8,-1,-1,-1,-1,10,1,E01013110,0
Unvalidated,2024161421245,2024,161421245,3,9,0,4,1,5,0,0,0,0,0,0,2,1,1,2,41,7,-1,-1,-1,-1,8,2,E01013033,0
Unvalidated,2024161421273,2024,161421273,1,9,0,18,5,1,0,0,0,4,0,0,1,1,5,2,63,9,-1,-1,-1,-1,9,2,E01013053,0
Unvalidated,2024161421273,2024,161421273,2,9,0,2,0,0,0,0,0,0,0,0,2,1,6,3,-1,-1,-1,-1,-1,-1,-1,-1,-1,0
Unvalidated,2024161421399,2024,161421399,1,9,0,9,3,1,0,1,0,0,0,0,0,1,5,2,31,6,-1,-1,-1,-1,-1,-1,-1,0
Unvalidated,2024161421399,2024,161421399,2,5,0,18,7,3,2,1,1,0,0,0,0,1,5,1,35,6,-1,-1,-1,-1,-1,-1,-1,0
Unvalidated,2024161421479,2024,161421479,1,5,0,17,2,6,0,0,0,0,7,9,1,1,6,1,26,6,-1,-1,-1,-1,1,1,E01012823,0
Unvalidated,2024161421530,2024,161421530,1,9,0,17,6,2,0,0,2,0,7,0,4,1,6,1,70,10,-1,-1,-1,-1,5,3,E01027857,0