status,collision_index,collision_year,collision_reference,vehicle_reference,vehicle_type,towing_and_articulation,vehicle_manoeuvre,vehicle_direction_from,vehicle_direction_to,vehicle_location_restricted_lane,junction_location,skidding_and_overturning,hit_object_in_carriageway,vehicle_leaving_carriageway,hit_object_off_carriageway,first_point_of_impact,vehicle_left_hand_drive,journey_purpose_of_driver,sex_of_driver,age_of_driver,age_band_of_driver,engine_capacity_cc,propulsion_code,age_of_vehicle,generic_make_model,driver_imd_decile,driver_home_area_type,lsoa_of_driver,escooter_flag
Unvalidated,2024161421600,2024,161421600,1,9,0,18,3,7,0,0,0,0,1,4,1,1,5,1,46,8,-1,-1,-1,-1,1,1,E01007655,0
Unvalidated,2024161421770,2024,161421770,1,9,0,18,5,1,0,1,0,0,0,0,4,1,5,1,22,5,-1,-1,-1,-1,5,1,E01027376,0
Unvalidated,2024161421770,2024,161421770,2,9,0,18,6,2,0,1,0,0,1,0,1,1,2,2,43,7,-1,-1,-1,-1,3,2,E01013259,0
Unvalidated,2024161421917,2024,161421917,1,9,0,18,8,4,0,0,0,0,0,0,1,1,5,1,56,9,-1,-1,-1,-1,4,2,E01013271,0
Unvalidated,2024161421917,2024,161421917,2,9,0,4,8,4,0,0,0,0,0,0,2,1,5,1,39,7,-1,-1,-1,-1,10,1,E01013108,0
Unvalidated,2024161422007,2024,161422007,1,9,0,18,7,3,0,1,0,0,0,0,3,1,5,2,28,6,-1,-1,-1,-1,7,1,E01013289,0
Unvalidated,2024161422007,2024,161422007,2,98,0,18,7,3,0,1,0,0,0,0,4,1,6,3,-1,-1,-1,-1,-1,-1,-1,-1,-1,0
Unvalidated,2024161422163,2024,161422163,1,9,0,18,5,1,0,2,0,0,0,0,4,1,5,1,60,9,-1,-1,-1,-1,10,2,E01012921,0
Unvalidated,2024161422163,2024,161422163,2,3,0,18,7,3,0,1,0,0,0,0,1,1,5,1,24,5,-1,-1,-1,-1,2,1,E01012869,0
Unvalidated,2024161422194,2024,161422194,1,9,0,16,5,1,0,0,0,0,0,0,1,1,6,2,30,6,-1,-1,-1,-1,-1,-1,-1,0
Unvalidated,2024161422194,2024,161422194,2,90,0,17,1,5,0,0,0,0,0,0,1,1,5,1,10,2,-1,-1,-1,-1,-1,-1,-1,0
Unvalidated,2024161422228,2024,161422228,1,9,0,18,3,7,0,1,0,0,0,0,3,1,5,2,77,11,-1,-1,-1,-1,-1,-1,-1,0
Unvalidated,2024161422228,2024,161422228,2,9,0,11,3,7,0,1,0,0,0,0,4,1,6,1,40,7,-1,-1,-1,-1,1,1,E01013136,0
Unvalidated,2024161422235,2024,161422235,1,9,0,9,8,6,0,1,0,0,0,0,0,1,5,1,86,11,-1,-1,-1,-1,3,1,E01013133,0
Unvalidated,2024161422235,2024,161422235,2,19,0,2,0,0,0,2,0,0,0,0,2,1,6,3,-1,-1,-1,-1,-1,-1,-1,-1,-1,0
Unvalidated,2024161422235,2024,161422235,3,1,0,18,4,8,0,1,1,4,0,0,1,1,6,2,29,6,-1,-1,-1,-1,3,1,E01013164,0
Unvalidated,2024161422283,2024,161422283,1,1,0,14,1,5,0,0,0,10,7,11,4,1,5,1,27,6,-1,-1,-1,-1,7,1,E01013014,0
Unvalidated,2024161422283,2024,161422283,2,9,0,3,1,5,0,0,0,0,0,0,3,1,6,1,21,5,-1,-1,-1,-1,7,1,E01013007,0
Unvalidated,2024161422322,2024,161422322,1,9,0,7,7,1,0,5,0,0,0,0,4,1,5,2,30,6,-1,-1,-1,-1,8,2,E01013035,0
Unvalidated,2024161422322,2024,161422322,2,9,0,15,7,3,2,1,0,0,0,0,3,1,6,1,30,6,-1,-1,-1,-1,-1,-1,-1,0
Unvalidated,2024161422390,2024,161422390,1,19,0,11,7,3,0,0,0,0,0,0,4,1,1,1,45,7,-1,-1,-1,-1,1,1,E01012895,0
Unvalidated,2024161422390,2024,161422390,2,9,0,18,7,3,0,0,0,0,0,0,3,1,6,2,54,8,-1,-1,-1,-1,7,1,E01027673,0
Unvalidated,2024161422466,2024,161422466,1,9,0,2,0,0,0,0,0,0,0,0,4,1,6,3,-1,-1,-1,-1,-1,-1,-1,-1,-1,0
Unvalidated,2024161422466,2024,161422466,2,1,0,18,4,8,0,0,0,4,0,0,1,1,4,1,12,3,-1,-1,-1,-1,3,1,E01012997,0
Unvalidated,2024161422482,2024,161422482,1,9,0,5,3,7,0,0,0,7,1,11,1,1,5,1,88,11,-1,-1,-1,-1,9,1,E01013260,0
Unvalidated,2024161422517,2024,161422517,1,9,0,9,2,6,0,1,0,0,0,0,1,1,2,1,57,9,-1,-1,-1,-1,-1,-1,-1,0
Unvalidated,2024161422517,2024,161422517,2,3,0,18,6,2,0,1,0,0,0,0,3,1,2,1,17,4,-1,-1,-1,-1,1,1,E01013140,0
Unvalidated,2024161422529,2024,161422529,1,1,0,9,1,7,9,5,0,0,0,0,4,1,6,1,36,7,-1,-1,-1,-1,2,1,E01012903,0
Unvalidated,2024161422532,2024,161422532,1,90,0,18,7,3,0,1,0,4,0,0,1,1,6,3,-1,-1,-1,-1,-1,-1,-1,-1,-1,0
Unvalidated,2024161422532,2024,161422532,2,9,0,2,0,0,0,1,0,0,0,0,2,1,6,3,-1,-1,-1,-1,-1,-1,-1,-1,-1,0
Unvalidated,2024161422647,2024,161422647,1,1,0,18,1,5,0,2,0,0,0,0,1,1,6,2,-1,-1,-1,-1,-1,-1,-1,-1,-1,0
Unvalidated,2024161422939,2024,161422939,1,9,0,18,1,5,0,2,0,0,0,0,1,1,6,2,83,11,-1,-1,-1,-1,4,1,E01012801,0
Unvalidated,2024161422969,2024,161422969,1,9,0,13,7,3,0,8,0,0,0,0,1,1,6,3,-1,-1,-1,-1,-1,-1,-1,-1,-1,0
Unvalidated,2024161422969,2024,161422969,2,1,0,9,3,5,0,8,0,0,0,0,2,1,5,1,39,7,-1,-1,-1,-1,9,1,E01013157,0
Unvalidated,2024161423056,2024,161423056,1,9,0,9,5,1,0,5,0,0,0,0,1,1,5,1,76,11,-1,-1,-1,-1,-1,-1,-1,0
Unvalidated,2024161423056,2024,161423056,2,9,0,18,3,7,0,8,0,0,0,0,1,1,5,1,60,9,-1,-1,-1,-1,5,1,E01007644,0
Unvalidated,2024161423065,2024,161423065,1,9,0,9,7,3,0,8,0,0,0,0,1,1,6,2,17,4,-1,-1,-1,-1,7,1,E01013321,0
Unvalidated,2024161423065,2024,161423065,2,1,0,18,3,7,0,1,0,0,0,0,3,1,1,1,37,7,-1,-1,-1,-1,9,1,E01013316,0
Unvalidated,2024161423065,2024,161423065,3,9,0,3,5,1,0,8,0,0,0,0,1,1,1,2,33,6,-1,-1,-1,-1,7,1,E01013289,0
Unvalidated,2024161423095,2024,161423095,1,9,0,9,3,1,0,0,0,0,0,0,1,1,6,1,81,11,-1,-1,-1,-1,7,1,E01012942,0
Unvalidated,2024161423095,2024,161423095,2,9,0,18,1,5,0,0,0,0,0,0,4,1,6,1,67,10,-1,-1,-1,-1,4,1,E01012938,0
Unvalidated,2024161423095,2024,161423095,3,19,0,18,5,1,0,0,0,0,0,0,3,1,6,1,57,9,-1,-1,-1,-1,8,1,E01012939,0
Unvalidated,2024161423139,2024,161423139,1,11,0,18,3,7,0,0,0,0,0,0,2,1,1,1,52,8,-1,-1,-1,-1,-1,-1,-1,0
Unvalidated,2024161423139,2024,161423139,2,1,0,18,3,7,4,0,0,0,1,0,2,1,5,1,13,3,-1,-1,-1,-1,1,1,E01012864,0
Unvalidated,2024161423178,2024,161423178,1,9,0,7,6,2,0,8,0,0,0,0,1,1,2,1,28,6,-1,-1,-1,-1,1,1,E01013196,0
Unvalidated,2024161423178,2024,161423178,2,1,0,18,1,4,0,8,0,0,0,0,3,1,2,1,31,6,-1,-1,-1,-1,1,1,E01013196,0
Unvalidated,2024161423192,2024,161423192,1,9,0,18,1,5,0,0,0,0,0,0,0,1,6,2,53,8,-1,-1,-1,-1,1,1,E01013212,0
Unvalidated,2024161423192,2024,161423192,2,9,0,18,5,1,0,0,0,0,0,0,0,1,1,2,43,7,-1,-1,-1,-1,1,1,E01013210,0
Unvalidated,2024161423200,2024,161423200,1,9,0,13,3,7,0,0,0,0,0,0,3,1,6,1,79,11,-1,-1,-1,-1,2,1,E01011862,0
Unvalidated,2024161423200,2024,161423200,2,1,0,18,3,7,0,0,0,0,0,0,2,1,6,2,38,7,-1,-1,-1,-1,10,2,E01013060,0
Unvalidated,2024161423238,2024,161423238,1,8,0,9,5,1,0,8,0,0,0,0,2,1,1,1,60,9,-1,-1,-1,-1,5,1,E01012799,0
Unvalidated,2024161423238,2024,161423238,2,9,0,18,5,8,0,1,0,0,0,0,1,1,6,1,23,5,-1,-1,-1,-1,5,3,E01013125,0
Unvalidated,2024161423291,2024,161423291,1,9,0,18,3,7,0,0,0,0,0,0,4,1,1,2,38,7,-1,-1,-1,-1,-1,-1,-1,0
Unvalidated,2024161423291,2024,161423291,2,1,0,18,3,7,4,0,0,0,0,0,1,1,3,2,11,3,-1,-1,-1,-1,1,1,E01013204,0
Unvalidated,2024161423299,2024,161423299,1,9,0,4,7,3,0,1,0,0,0,0,1,1,5,1,59,9,-1,-1,-1,-1,5,1,E01013107,0
Unvalidated,2024161423299,2024,161423299,2,9,0,4,7,3,0,1,0,0,0,0,2,1,5,1,58,9,-1,-1,-1,-1,10,1,E01013116,0
Unvalidated,2024161423385,2024,161423385,1,9,0,18,7,3,0,8,0,0,0,0,1,1,5,1,30,6,-1,-1,-1,-1,7,1,E01012993,0
Unvalidated,2024161423385,2024,161423385,2,1,0,18,1,5,0,8,0,0,0,0,1,1,5,1,13,3,-1,-1,-1,-1,4,3,E01013076,0
Unvalidated,2024161423397,2024,161423397,1,9,0,18,7,3,0,2,0,0,1,10,1,1,1,1,72,10,-1,-1,-1,-1,2,1,E01012886,0
Unvalidated,2024161423442,2024,161423442,1,1,0,18,3,7,4,0,0,0,0,0,3,1,5,1,15,3,-1,-1,-1,-1,2,1,E01013130,0
Unvalidated,2024161423442,2024,161423442,2,19,0,18,3,7,0,0,0,0,0,0,4,1,1,3,-1,-1,-1,-1,-1,-1,-1,-1,-1,0
Unvalidated,2024161423457,2024,161423457,1,9,0,5,-1,-1,0,4,0,0,0,0,3,1,5,2,44,7,-1,-1,-1,-1,6,2,E01013276,0
Unvalidated,2024161423457,2024,161423457,2,1,0,5,-1,-1,0,4,0,0,0,0,-1,1,6,1,60,9,-1,-1,-1,-1,-1,-1,-1,0
Unvalidated,2024161423479,2024,161423479,1,9,0,18,7,3,0,2,0,0,0,0,2,1,5,2,34,6,-1,-1,-1,-1,7,2,E01013322,0
Unvalidated,2024161423479,2024,161423479,2,9,0,15,7,3,0,2,0,0,0,0,0,1,6,1,-1,-1,-1,-1,-1,-1,-1,-1,-1,0
Unvalidated,2024161423479,2024,161423479,3,9,0,18,7,3,0,2,0,0,0,0,1,1,6,1,-1,-1,-1,-1,-1,-1,-1,-1,-1,0
Unvalidated,2024161423520,2024,161423520,1,2,0,18,7,3,0,1,1,0,0,0,1,1,6,1,16,4,-1,-1,-1,-1,7,2,E01013324,0
Unvalidated,2024161423520,2024,161423520,2,9,0,9,1,7,0,1,0,0,0,0,3,1,6,2,60,9,-1,-1,-1,-1,3,1,E01013319,0
Unvalidated,2024161423579,2024,161423579,1,9,0,3,4,8,0,0,0,0,0,0,3,1,6,2,-1,-1,-1,-1,-1,-1,5,3,E01026367,0
Unvalidated,2024161423579,2024,161423579,2,98,0,18,8,4,0,0,0,0,0,0,1,1,1,1,-1,-1,-1,-1,-1,-1,-1,-1,-1,0
Unvalidated,2024161423609,2024,161423609,1,1,0,18,8,4,0,1,5,0,1,0,1,1,6,1,17,4,-1,-1,-1,-1,-1,-1,-1,0
Unvalidated,2024161423609,2024,161423609,2,9,0,9,6,4,0,1,0,0,0,0,1,1,6,2,-1,-1,-1,-1,-1,-1,-1,-1,-1,0
Unvalidated,2024161423609,2024,161423609,3,9,0,18,4,8,0,1,0,0,0,0,1,1,6,2,-1,-1,-1,-1,-1,-1,-1,-1,-1,0
Unvalidated,2024161423703,2024,161423703,1,9,0,16,1,7,0,0,1,0,0,0,1,1,5,1,19,4,-1,-1,-1,-1,1,1,E01012944,0
Unvalidated,2024161423703,2024,161423703,2,9,0,17,7,1,0,0,0,0,0,0,1,1,5,1,52,8,-1,-1,-1,-1,6,3,E01013027,0
Unvalidated,2024161423707,2024,161423707,1,97,0,18,7,3,0,1,0,0,2,11,1,1,6,1,22,5,-1,-1,-1,-1,1,1,E01012891,0
Unvalidated,2024161423707,2024,161423707,2,9,0,7,7,3,0,1,0,0,0,0,1,1,6,1,19,4,-1,-1,-1,-1,6,1,E01013041,0
Unvalidated,2024161423711,2024,161423711,1,9,0,13,1,5,0,8,0,0,0,0,1,1,6,1,38,7,-1,-1,-1,-1,1,1,E01012855,0
Unvalidated,2024161423711,2024,161423711,2,9,0,9,3,5,0,8,0,0,0,0,3,1,6,1,41,7,-1,-1,-1,-1,5,1,E01012804,0
Unvalidated,2024161423753,2024,161423753,1,8,0,9,7,3,0,8,0,0,0,0,3,1,1,1,61,9,-1,-1,-1,-1,1,1,E01012874,0
Unvalidated,2024161423753,2024,161423753,2,9,0,18,5,1,0,8,0,0,0,0,1,1,2,1,20,4,-1,-1,-1,-1,1,1,E01012854,0
Unvalidated,2024161423842,2024,161423842,1,9,0,16,3,7,0,0,2,0,7,1,1,1,6,2,24,5,-1,-1,-1,-1,6,2,E01013023,0
Unvalidated,2024161423847,2024,161423847,1,19,0,18,7,3,0,8,2,0,0,0,4,1,5,1,40,7,-1,-1,-1,-1,-1,-1,-1,0
Unvalidated,2024161423847,2024,161423847,2,9,0,9,5,3,0,8,0,0,0,0,1,1,1,2,24,5,-1,-1,-1,-1,10,3,E01033495,0
Unvalidated,2024161423847,2024,161423847,3,9,0,18,5,3,0,1,0,0,0,0,1,1,6,3,-1,-1,-1,-1,-1,-1,-1,-1,-1,0
Unvalidated,2024161424009,2024,161424009,1,9,0,9,3,1,0,2,0,0,0,0,1,1,5,2,78,11,-1,-1,-1,-1,9,1,E01013260,0
Unvalidated,2024161424009,2024,161424009,2,9,0,18,5,1,0,1,1,0,0,0,4,1,5,1,25,5,-1,-1,-1,-1,2,1,E01013240,0
Unvalidated,2024161424063,2024,161424063,1,9,0,11,5,1,0,1,0,0,0,0,1,1,2,2,29,6,-1,-1,-1,-1,7,1,E01033108,0
Unvalidated,2024161424067,2024,161424067,1,9,0,7,3,5,0,2,0,0,0,0,1,1,5,1,20,4,-1,-1,-1,-1,1,1,E01013300,0
Unvalidated,2024161424067,2024,161424067,2,9,0,18,5,1,0,1,0,0,0,0,1,1,5,1,23,5,-1,-1,-1,-1,1,1,E01013296,0
Unvalidated,2024161424076,2024,161424076,1,9,0,18,7,3,0,0,0,0,0,0,1,1,6,2,20,4,-1,-1,-1,-1,1,1,E01012845,0
Unvalidated,2024161424262,2024,161424262,1,5,0,17,1,5,0,0,0,0,1,0,4,1,5,2,46,8,-1,-1,-1,-1,8,2,E01027836,0
Unvalidated,2024161424293,2024,161424293,1,9,0,17,1,5,0,0,0,0,1,1,1,1,5,1,27,6,-1,-1,-1,-1,1,1,E01012780,0
Unvalidated,2024161424326,2024,161424326,1,97,0,17,7,5,0,1,0,0,0,0,1,1,5,1,18,4,-1,-1,-1,-1,5,3,E01013274,0
Unvalidated,2024161424335,2024,161424335,1,9,0,18,5,1,0,0,0,0,7,0,1,1,5,1,28,6,-1,-1,-1,-1,4,3,E01013246,0
Unvalidated,2024161424398,2024,161424398,1,3,0,3,3,5,0,1,0,0,0,0,2,1,2,1,31,6,-1,-1,-1,-1,1,1,E01012779,0
Unvalidated,2024161424398,2024,161424398,2,19,0,18,3,7,0,1,0,0,0,0,1,1,6,1,30,6,-1,-1,-1,-1,-1,-1,-1,0
Unvalidated,2024161424402,2024,161424402,1,-1,0,18,1,5,0,0,5,0,0,0,1,1,6,1,9,2,-1,-1,-1,-1,2,1,E01013237,0
Unvalidated,2024161424402,2024,161424402,2,9,0,9,5,2,0,0,0,0,0,0,1,1,6,1,-1,-1,-1,-1,-1,-1,2,1,E01013237,0
Unvalidated,2024161424474,2024,161424474,1,9,0,9,7,5,0,4,0,0,0,0,1,1,6,1,60,9,-1,-1,-1,-1,8,1,E01013214,0
Unvalidated,2024161424474,2024,161424474,2,1,0,5,7,5,0,4,0,0,0,0,2,1,6,1,18,4,-1,-1,-1,-1,-1,-1,-1,0
Unvalidated,2024161424493,2024,161424493,1,-1,0,18,3,7,4,0,0,0,0,0,1,1,6,1,44,7,-1,-1,-1,-1,1,1,E01012864,0
Unvalidated,2024161424493,2024,161424493,2,9,0,7,5,7,0,0,0,0,0,0,3,1,6,1,-1,-1,-1,-1,-1,-1,-1,-1,-1,0
Unvalidated,2024161424554,2024,161424554,1,9,0,18,7,3,0,8,1,0,0,0,4,1,2,1,22,5,-1,-1,-1,-1,8,2,E01013098,0
Unvalidated,2024161424554,2024,161424554,2,9,0,18,1,3,0,4,0,0,0,0,3,1,6,3,-1,-1,-1,-1,-1,-1,-1,-1,-1,0
Unvalidated,2024161424737,2024,161424737,1,22,0,18,5,5,0,0,5,10,1,0,0,1,5,2,83,11,-1,-1,-1,-1,3,1,E01012943,0
Unvalidated,2024161424755,2024,161424755,1,90,0,18,7,3,0,0,2,0,4,0,3,1,2,1,27,6,-1,-1,-1,-1,2,1,E01013202,0
Unvalidated,2024161424796,2024,161424796,1,9,0,4,1,5,0,0,0,0,0,0,1,1,6,2,27,6,-1,-1,-1,-1,1,1,E01012894,0
Unvalidated,2024161424825,2024,161424825,1,3,0,3,3,7,0,1,0,0,0,0,2,1,6,1,70,10,-1,-1,-1,-1,10,1,E01013108,0
Unvalidated,2024161424825,2024,161424825,2,9,0,7,3,7,0,1,0,0,0,0,1,1,6,2,-1,-1,-1,-1,-1,-1,-1,-1,-1,0
Unvalidated,2024161424961,2024,161424961,1,19,0,18,3,1,0,0,0,0,0,0,1,1,1,2,57,9,-1,-1,-1,-1,4,2,E01013271,0
Unvalidated,2024161424961,2024,161424961,2,9,0,18,3,1,0,0,0,0,0,0,2,1,6,3,-1,-1,-1,-1,-1,-1,-1,-1,-1,0
Unvalidated,2024161425092,2024,161425092,1,11,0,18,3,7,0,2,0,0,0,0,4,1,1,2,28,6,-1,-1,-1,-1,1,1,E01012874,0
Unvalidated,2024161425092,2024,161425092,2,90,0,18,2,6,0,1,0,0,0,0,1,1,6,1,23,5,-1,-1,-1,-1,1,1,E01012808,1
Unvalidated,2024161425133,2024,161425133,1,9,0,14,1,5,0,0,0,0,0,0,1,1,5,1,35,6,-1,-1,-1,-1,1,1,E01012876,0
Unvalidated,2024161425133,2024,161425133,2,9,0,18,5,1,0,0,0,0,0,0,1,1,6,2,45,7,-1,-1,-1,-1,1,1,E01012905,0
Unvalidated,2024161425133,2024,161425133,3,9,0,18,1,5,0,0,0,0,0,0,3,1,6,2,18,4,-1,-1,-1,-1,1,1,E01012862,0
Unvalidated,2024161425145,2024,161425145,1,9,0,7,1,3,0,0,0,0,1,0,4,1,5,1,85,11,-1,-1,-1,-1,7,1,E01012935,0
Unvalidated,2024161425145,2024,161425145,2,1,0,18,1,5,0,0,0,0,0,0,1,1,6,1,15,3,-1,-1,-1,-1,1,1,E01012952,0
Unvalidated,2024161425171,2024,161425171,1,1,0,18,5,1,4,6,0,0,0,0,1,1,6,1,32,6,-1,-1,-1,-1,5,1,E01013163,0
Unvalidated,2024161425171,2024,161425171,2,9,0,18,3,7,0,1,0,0,0,0,4,1,6,1,20,4,-1,-1,-1,-1,9,1,E01013154,0
Unvalidated,2024161425653,2024,161425653,1,9,0,4,1,7,0,0,0,0,0,0,2,1,6,2,-1,-1,-1,-1,-1,-1,-1,-1,-1,0
Unvalidated,2024161425653,2024,161425653,2,19,0,18,1,5,0,0,0,0,0,0,1,1,6,1,-1,-1,-1,-1,-1,-1,-1,-1,-1,0
Unvalidated,2024161425706,2024,161425706,1,9,0,18,5,1,0,0,5,0,1,9,1,1,2,1,61,9,-1,-1,-1,-1,6,3,E01012953,0
Unvalidated,2024161425775,2024,161425775,1,9,0,18,8,3,0,2,0,0,0,0,3,1,6,2,50,8,-1,-1,-1,-1,-1,-1,-1,0
Unvalidated,2024161425907,2024,161425907,1,9,0,18,3,7,0,1,0,0,0,0,-1,1,6,3,-1,-1,-1,-1,-1,-1,-1,-1,-1,0
Unvalidated,2024161425907,2024,161425907,2,1,0,3,1,5,9,1,0,0,0,0,-1,1,6,1,18,4,-1,-1,-1,-1,1,1,E01013208,0
Unvalidated,2024161425933,2024,161425933,1,9,0,18,3,7,0,0,0,0,0,0,1,1,5,2,64,9,-1,-1,-1,-1,3,1,E01013319,0
Unvalidated,2024161425955,2024,161425955,1,9,0,18,7,3,0,0,0,0,0,0,1,1,6,2,44,7,-1,-1,-1,-1,3,1,E01013156,0
Unvalidated,2024161426019,2024,161426019,1,9,0,13,1,5,0,0,0,0,0,0,1,1,6,1,30,6,-1,-1,-1,-1,1,1,E01012851,0
Unvalidated,2024161426019,2024,161426019,2,9,0,14,5,1,0,0,0,0,0,0,1,1,1,1,30,6,-1,-1,-1,-1,10,1,E01013063,0
Unvalidated,2024161426019,2024,161426019,3,9,0,4,5,1,0,0,0,0,0,0,1,1,6,2,18,4,-1,-1,-1,-1,10,2,E01012973,0
Unvalidated,2024161426141,2024,161426141,1,9,0,18,7,3,0,8,0,0,0,0,1,1,5,1,22,5,-1,-1,-1,-1,5,3,E01026407,0
Unvalidated,2024161426141,2024,161426141,2,9,0,18,1,5,0,8,0,0,1,1,1,1,5,1,85,11,-1,-1,-1,-1,7,2,E01013322,0
Unvalidated,2024161426153,2024,161426153,1,19,0,17,7,3,0,0,0,0,0,0,1,1,1,1,66,10,-1,-1,-1,-1,1,1,E01012837,0
Unvalidated,2024161426153,2024,161426153,2,9,0,17,7,3,0,0,0,0,0,0,2,1,5,2,48,8,-1,-1,-1,-1,7,1,E01008025,0
Unvalidated,2024161426153,2024,161426153,3,9,0,17,7,3,0,0,0,0,0,0,2,1,5,1,38,7,-1,-1,-1,-1,5,1,E01007850,0
Unvalidated,2024161426177,2024,161426177,1,3,0,18,1,5,0,1,0,0,0,0,1,1,6,1,24,5,-1,-1,-1,-1,7,1,E01033108,0
Unvalidated,2024161426177,2024,161426177,2,9,0,9,1,7,0,5,0,0,0,0,2,1,5,1,60,9,-1,-1,-1,-1,8,1,E01013040,0
Unvalidated,2024161426209,2024,161426209,1,9,0,9,5,1,0,0,0,0,0,0,1,1,5,1,26,6,-1,-1,-1,-1,1,1,E01012837,0
Unvalidated,2024161426296,2024,161426296,1,9,0,18,1,5,0,2,0,0,0,0,1,1,5,1,37,7,-1,-1,-1,-1,1,1,E01013159,0
Unvalidated,2024161426296,2024,161426296,2,1,0,18,3,7,0,2,0,0,0,0,4,1,6,1,37,7,-1,-1,-1,-1,1,1,E01012874,0
Unvalidated,2024161426334,2024,161426334,1,8,0,18,5,7,0,8,1,0,1,7,1,1,1,1,65,9,-1,-1,-1,-1,-1,-1,-1,0
Unvalidated,2024161426338,2024,161426338,1,9,0,18,8,4,0,0,0,0,1,0,1,1,5,1,48,8,-1,-1,-1,-1,6,1,E01012959,0
Unvalidated,2024161426338,2024,161426338,2,9,0,2,0,0,0,0,0,0,0,0,1,1,6,3,-1,-1,-1,-1,-1,-1,-1,-1,-1,0
Unvalidated,2024161426338,2024,161426338,3,9,0,2,0,0,0,0,0,0,0,0,2,1,6,3,-1,-1,-1,-1,-1,-1,-1,-1,-1,0
Unvalidated,2024161426371,2024,161426371,1,9,0,7,4,1,0,4,0,0,0,0,1,1,5,1,35,6,-1,-1,-1,-1,9,2,E01012974,0
Unvalidated,2024161426371,2024,161426371,2,1,0,18,1,5,0,8,0,0,0,0,2,1,5,1,50,8,-1,-1,-1,-1,7,1,E01013011,0
Unvalidated,2024161426502,2024,161426502,1,9,0,18,7,7,0,0,0,4,0,0,1,1,5,2,35,6,-1,-1,-1,-1,6,1,E01013167,0
Unvalidated,2024161426502,2024,161426502,2,9,0,2,0,0,0,0,0,0,0,0,3,1,6,1,39,7,-1,-1,-1,-1,9,1,E01013155,0
Unvalidated,2024161426515,2024,161426515,1,9,0,18,1,5,0,0,5,4,0,0,4,1,5,2,38,7,-1,-1,-1,-1,1,1,E01012928,0
Unvalidated,2024161426515,2024,161426515,2,9,0,2,0,0,0,0,0,0,0,0,3,1,6,3,-1,-1,-1,-1,-1,-1,-1,-1,-1,0
Unvalidated,2024161426515,2024,161426515,3,9,0,2,0,0,0,0,0,0,0,0,4,1,6,3,-1,-1,-1,-1,-1,-1,-1,-1,-1,0
Unvalidated,2024161426515,2024,161426515,4,9,0,2,0,0,0,0,0,0,0,0,3,1,6,3,-1,-1,-1,-1,-1,-1,-1,-1,-1,0
Unvalidated,2024161426560,2024,161426560,1,9,0,18,3,7,0,2,0,0,0,0,1,1,6,2,36,7,-1,-1,-1,-1,7,1,E01013153,0
Unvalidated,2024161426560,2024,161426560,2,9,0,18,3,7,0,2,1,0,0,0,2,1,6,1,38,7,-1,-1,-1,-1,2,1,E01013240,0
Unvalidated,2024161426560,2024,161426560,3,9,0,18,3,7,0,2,0,0,0,0,2,1,6,1,66,10,-1,-1,-1,-1,7,1,E01007666,0
Unvalidated,2024161426568,2024,161426568,1,9,0,15,4,2,0,2,0,0,0,0,2,1,6,1,72,10,-1,-1,-1,-1,3,1,E01013134,0
Unvalidated,2024161426568,2024,161426568,2,9,0,18,4,2,0,2,0,0,0,0,1,1,6,1,17,4,-1,-1,-1,-1,1,1,E01013205,0
Unvalidated,2024161426573,2024,161426573,1,9,0,9,4,2,0,8,0,0,0,0,1,1,2,2,18,4,-1,-1,-1,-1,6,3,E01012923,0
Unvalidated,2024161426573,2024,161426573,2,9,0,18,8,4,0,8,0,0,0,0,1,1,6,1,28,6,-1,-1,-1,-1,1,1,E01011430,0
Unvalidated,2024161426603,2024,161426603,1,9,0,18,6,2,0,0,0,0,0,0,1,1,5,1,33,6,-1,-1,-1,-1,8,2,E01013292,0
Unvalidated,2024161426603,2024,161426603,2,9,0,18,2,6,0,0,2,0,0,0,1,1,5,2,76,11,-1,-1,-1,-1,8,2,E01013292,0
Unvalidated,2024161426802,2024,161426802,1,9,0,18,7,3,0,0,0,0,0,0,1,1,5,1,36,7,-1,-1,-1,-1,7,2,E01013307,0
Unvalidated,2024161426802,2024,161426802,2,1,0,18,7,3,0,0,0,0,0,0,2,1,6,1,44,7,-1,-1,-1,-1,7,2,E01013307,0
Unvalidated,2024161426810,2024,161426810,1,9,0,18,3,7,0,0,0,0,7,0,4,1,5,1,32,6,-1,-1,-1,-1,5,1,E01033414,0
Unvalidated,2024161426810,2024,161426810,2,9,0,5,3,7,0,0,0,0,0,0,4,1,5,2,56,9,-1,-1,-1,-1,1,1,E01013229,0
Unvalidated,2024161426817,2024,161426817,1,9,0,7,3,6,0,1,1,0,3,9,1,1,5,1,39,7,-1,-1,-1,-1,8,2,E01013026,0
Unvalidated,2024161426978,2024,161426978,1,1,0,18,8,4,0,8,0,0,0,0,4,1,5,1,43,7,-1,-1,-1,-1,3,1,E01012784,0
Unvalidated,2024161426978,2024,161426978,2,98,0,7,2,4,0,6,0,0,0,0,-1,1,6,2,35,6,-1,-1,-1,-1,4,1,E01012816,0
Unvalidated,2024161426982,2024,161426982,1,9,0,18,8,4,0,8,0,0,0,0,1,1,6,1,77,11,-1,-1,-1,-1,6,1,E01013169,0
Unvalidated,2024161426982,2024,161426982,2,9,0,18,2,6,0,4,0,0,0,0,1,1,6,1,19,4,-1,-1,-1,-1,5,3,E01026070,0
Unvalidated,2024161427001,2024,161427001,1,9,0,10,1,3,0,2,0,0,0,0,1,1,1,3,34,6,-1,-1,-1,-1,1,1,E01012851,0