status,collision_index,collision_year,collision_reference,vehicle_reference,vehicle_type,towing_and_articulation,vehicle_manoeuvre,vehicle_direction_from,vehicle_direction_to,vehicle_location_restricted_lane,junction_location,skidding_and_overturning,hit_object_in_carriageway,vehicle_leaving_carriageway,hit_object_off_carriageway,first_point_of_impact,vehicle_left_hand_drive,journey_purpose_of_driver,sex_of_driver,age_of_driver,age_band_of_driver,engine_capacity_cc,propulsion_code,age_of_vehicle,generic_make_model,driver_imd_decile,driver_home_area_type,lsoa_of_driver,escooter_flag
Unvalidated,2024161427001,2024,161427001,2,9,0,18,3,7,0,1,0,0,1,4,1,1,5,1,43,7,-1,-1,-1,-1,1,1,E01012806,0
Unvalidated,2024161427007,2024,161427007,1,9,0,18,7,3,0,0,0,0,0,0,2,1,6,1,37,7,-1,-1,-1,-1,5,1,E01012799,0
Unvalidated,2024161427007,2024,161427007,2,9,0,18,7,3,0,0,0,0,0,0,1,1,5,1,36,7,-1,-1,-1,-1,1,1,E01012805,0
Unvalidated,2024161427019,2024,161427019,1,9,0,9,3,7,0,1,0,0,0,0,1,1,5,1,23,5,-1,-1,-1,-1,7,1,E01033108,0
Unvalidated,2024161427037,2024,161427037,1,9,0,18,6,2,0,2,0,0,0,0,1,1,6,3,-1,-1,-1,-1,-1,-1,-1,-1,-1,0
Unvalidated,2024161427041,2024,161427041,1,9,0,18,1,7,0,0,0,0,0,0,3,1,5,2,26,6,-1,-1,-1,-1,1,1,E01012808,0
Unvalidated,2024161427041,2024,161427041,2,19,0,18,1,7,0,0,0,0,0,0,4,1,6,1,-1,-1,-1,-1,-1,-1,-1,-1,-1,0
Unvalidated,2024161427088,2024,161427088,1,9,0,1,5,1,0,1,0,0,0,0,2,1,5,2,75,10,-1,-1,-1,-1,8,1,E01013065,0
Unvalidated,2024161427088,2024,161427088,2,9,0,18,4,1,0,1,0,0,0,0,1,1,6,1,-1,-1,-1,-1,-1,-1,-1,-1,-1,0
Unvalidated,2024161427128,2024,161427128,1,9,0,3,8,4,0,4,0,0,0,0,2,1,6,2,33,6,-1,-1,-1,-1,9,1,E01013157,0
Unvalidated,2024161427128,2024,161427128,2,9,0,18,8,4,0,1,0,0,0,0,1,1,6,2,81,11,-1,-1,-1,-1,5,1,E01013200,0
Unvalidated,2024161427283,2024,161427283,1,9,0,7,3,3,0,2,0,0,0,0,1,1,6,3,-1,-1,-1,-1,-1,-1,-1,-1,-1,0
Unvalidated,2024161427283,2024,161427283,2,1,0,4,1,3,0,1,0,0,0,0,1,1,6,1,63,9,-1,-1,-1,-1,-1,-1,-1,0
Unvalidated,2024161427352,2024,161427352,1,9,0,16,5,3,0,3,0,10,2,2,1,1,5,2,19,4,-1,-1,-1,-1,8,1,E01013151,0
Unvalidated,2024161427358,2024,161427358,1,9,0,18,8,4,0,0,0,0,0,0,4,1,5,1,40,7,-1,-1,-1,-1,1,1,E01013141,0
Unvalidated,2024161427425,2024,161427425,1,9,0,18,1,5,0,0,0,0,0,0,1,1,6,1,47,8,-1,-1,-1,-1,1,1,E01013312,0
Unvalidated,2024161427513,2024,161427513,1,90,0,18,7,3,9,0,0,0,0,0,1,1,6,3,-1,-1,-1,-1,-1,-1,-1,-1,-1,1
Unvalidated,2024161427700,2024,161427700,1,9,0,12,1,5,0,8,0,0,0,0,3,1,5,1,41,7,-1,-1,-1,-1,1,1,E01012761,0
Unvalidated,2024161427700,2024,161427700,2,9,0,18,1,5,0,8,0,0,0,0,4,1,5,1,37,7,-1,-1,-1,-1,4,1,E01012760,0
Unvalidated,2024161427708,2024,161427708,1,9,0,18,7,3,0,0,0,0,0,0,1,2,2,1,37,7,-1,-1,-1,-1,-1,-1,-1,0
Unvalidated,2024161427708,2024,161427708,2,1,0,5,1,5,0,0,0,0,0,0,1,1,5,1,12,3,-1,-1,-1,-1,10,2,E01012921,0
Unvalidated,2024161427721,2024,161427721,1,9,0,18,2,6,0,0,0,0,0,0,1,1,5,2,25,5,-1,-1,-1,-1,2,1,E01013195,0
Unvalidated,2024161427730,2024,161427730,1,9,0,18,4,8,0,0,0,0,1,4,1,1,2,2,28,6,-1,-1,-1,-1,8,2,E01013101,0
Unvalidated,2024161427741,2024,161427741,1,9,0,9,6,2,0,5,0,0,0,0,0,1,6,3,-1,-1,-1,-1,-1,-1,-1,-1,-1,0
Unvalidated,2024161427741,2024,161427741,2,9,0,18,6,2,0,1,0,0,0,0,2,1,2,2,55,8,-1,-1,-1,-1,1,1,E01012918,0
Unvalidated,2024161427741,2024,161427741,3,9,0,18,6,2,0,1,1,0,0,0,1,1,6,1,20,4,-1,-1,-1,-1,1,1,E01012918,0
Unvalidated,2024161427741,2024,161427741,4,9,0,18,6,2,0,1,1,0,0,0,1,1,6,2,30,6,-1,-1,-1,-1,4,1,E01012803,0
Unvalidated,2024161427741,2024,161427741,5,9,0,18,2,6,0,1,0,0,0,0,1,1,5,2,32,6,-1,-1,-1,-1,6,1,E01007640,0
Unvalidated,2024161427741,2024,161427741,6,9,0,5,6,2,0,1,1,0,0,0,1,1,6,1,50,8,-1,-1,-1,-1,10,2,E01012973,0
Unvalidated,2024161427824,2024,161427824,1,9,0,4,7,3,0,1,0,0,0,0,2,1,6,2,-1,-1,-1,-1,-1,-1,-1,-1,-1,0
Unvalidated,2024161427824,2024,161427824,2,9,0,18,7,3,0,1,0,0,0,0,1,1,6,1,-1,-1,-1,-1,-1,-1,-1,-1,-1,0
Unvalidated,2024161427877,2024,161427877,1,9,0,7,5,3,0,8,0,0,0,0,1,1,6,2,-1,-1,-1,-1,-1,-1,-1,-1,-1,0
Unvalidated,2024161428236,2024,161428236,1,9,0,18,5,1,0,1,0,0,0,0,1,1,1,1,27,6,-1,-1,-1,-1,4,1,E01012803,0
Unvalidated,2024161428236,2024,161428236,2,9,0,9,5,1,0,1,0,0,0,0,2,1,1,2,45,7,-1,-1,-1,-1,-1,-1,-1,0
Unvalidated,2024161428249,2024,161428249,1,1,0,18,2,6,0,0,0,0,0,0,2,1,6,1,31,6,-1,-1,-1,-1,1,1,E01012864,0
Unvalidated,2024161428249,2024,161428249,2,11,0,18,2,6,0,0,0,0,0,0,-1,1,6,3,-1,-1,-1,-1,-1,-1,-1,-1,-1,0
Unvalidated,2024161428271,2024,161428271,1,9,0,18,5,1,0,2,0,0,0,0,4,1,5,1,27,6,-1,-1,-1,-1,1,1,E01033109,0
Unvalidated,2024161428271,2024,161428271,2,9,0,5,0,1,0,2,0,0,0,0,1,1,6,2,-1,-1,-1,-1,-1,-1,-1,-1,-1,0
Unvalidated,2024161428285,2024,161428285,1,1,0,18,3,7,0,0,0,0,0,0,-1,1,6,3,39,7,-1,-1,-1,-1,1,1,E01013140,0
Unvalidated,2024161428285,2024,161428285,2,9,0,13,3,7,0,0,0,0,0,0,-1,1,6,3,-1,-1,-1,-1,-1,-1,-1,-1,-1,0
Unvalidated,2024161428441,2024,161428441,1,19,0,6,7,3,0,0,0,0,0,0,3,2,1,1,59,9,-1,-1,-1,-1,5,3,E01013078,0
Unvalidated,2024161428441,2024,161428441,2,5,0,14,7,3,0,0,0,0,0,0,4,1,6,1,55,8,-1,-1,-1,-1,1,1,E01012837,0
Unvalidated,2024161428675,2024,161428675,1,9,0,4,3,7,0,1,0,0,0,0,2,1,5,2,33,6,-1,-1,-1,-1,7,1,E01013145,0
Unvalidated,2024161428675,2024,161428675,2,9,0,4,3,7,0,1,0,0,0,0,1,1,1,1,50,8,-1,-1,-1,-1,1,1,E01013162,0
Unvalidated,2024161428763,2024,161428763,1,97,0,18,1,5,0,0,0,0,7,4,1,1,6,1,19,4,-1,-1,-1,-1,3,1,E01012839,0
Unvalidated,2024161428822,2024,161428822,1,9,0,18,8,4,0,8,0,0,0,0,4,1,6,2,69,10,-1,-1,-1,-1,2,1,E01013202,0
Unvalidated,2024161428833,2024,161428833,1,9,0,18,1,5,0,1,0,0,0,0,1,1,5,2,52,8,-1,-1,-1,-1,-1,-1,-1,0
Unvalidated,2024161428833,2024,161428833,2,9,0,5,3,7,0,6,0,0,0,0,4,1,6,3,34,6,-1,-1,-1,-1,-1,-1,-1,0
Unvalidated,2024161428966,2024,161428966,1,9,0,18,4,8,0,8,0,0,0,0,1,1,5,2,32,6,-1,-1,-1,-1,5,1,E01012799,0
Unvalidated,2024161428966,2024,161428966,2,9,0,5,6,2,0,8,0,0,0,0,1,1,6,1,34,6,-1,-1,-1,-1,4,1,E01012802,0
Unvalidated,2024161428974,2024,161428974,1,2,0,18,5,1,0,0,0,0,0,0,1,1,5,1,24,5,-1,-1,-1,-1,5,1,E01012902,0
Unvalidated,2024161429098,2024,161429098,1,9,0,18,7,3,0,1,0,0,0,0,9,1,6,3,-1,-1,-1,-1,-1,-1,-1,-1,-1,0
Unvalidated,2024161429381,2024,161429381,1,9,0,7,7,1,0,1,0,0,0,0,1,1,6,2,48,8,-1,-1,-1,-1,3,1,E01012832,0
Unvalidated,2024161429381,2024,161429381,2,90,0,18,3,8,9,1,0,0,1,0,2,1,5,1,14,3,-1,-1,-1,-1,1,1,E01012780,1
Unvalidated,2024161429466,2024,161429466,1,9,0,18,1,5,0,1,0,0,0,0,1,1,5,2,41,7,-1,-1,-1,-1,8,1,E01013190,0
Unvalidated,2024161429575,2024,161429575,1,9,0,10,3,1,0,1,0,0,0,0,2,1,5,1,22,5,-1,-1,-1,-1,10,2,E01013293,0
Unvalidated,2024161429575,2024,161429575,2,9,0,4,3,7,0,1,0,0,0,0,1,1,6,1,-1,-1,-1,-1,-1,-1,-1,-1,-1,0
Unvalidated,2024161429599,2024,161429599,1,9,0,18,4,8,0,1,0,0,0,0,1,1,6,2,34,6,-1,-1,-1,-1,8,1,E01013185,0
Unvalidated,2024161429599,2024,161429599,2,9,0,5,6,2,0,6,0,0,0,0,1,1,6,3,-1,-1,-1,-1,-1,-1,-1,-1,-1,0
Unvalidated,2024161429744,2024,161429744,1,9,0,18,4,8,0,0,1,0,0,0,1,1,5,1,29,6,-1,-1,-1,-1,1,1,E01012781,0
Unvalidated,2024161429744,2024,161429744,2,9,0,18,8,4,0,0,0,0,0,0,1,1,5,1,34,6,-1,-1,-1,-1,1,1,E01012761,0
Unvalidated,2024161429882,2024,161429882,1,2,0,18,7,3,0,1,0,0,0,0,1,1,6,1,36,7,-1,-1,-1,-1,5,1,E01012804,0
Unvalidated,2024161429882,2024,161429882,2,9,0,7,7,1,0,1,0,0,0,0,2,1,6,3,-1,-1,-1,-1,-1,-1,-1,-1,-1,0
Unvalidated,2024161429917,2024,161429917,1,9,0,7,4,6,0,0,0,0,0,0,1,1,1,1,21,5,-1,-1,-1,-1,3,1,E01012963,0
Unvalidated,2024161429917,2024,161429917,2,1,0,5,1,7,0,0,0,0,0,0,2,1,2,1,47,8,-1,-1,-1,-1,6,1,E01013041,0
Unvalidated,2024161430044,2024,161430044,1,98,0,18,6,2,0,1,0,0,0,0,1,1,1,1,43,7,-1,-1,-1,-1,6,2,E01026722,0
Unvalidated,2024161430044,2024,161430044,2,9,0,4,6,2,0,1,0,0,0,0,2,1,2,2,55,8,-1,-1,-1,-1,3,1,E01012839,0
Unvalidated,2024161430220,2024,161430220,1,9,0,18,2,6,0,8,0,0,7,11,1,1,5,1,32,6,-1,-1,-1,-1,6,3,E01012922,0
Unvalidated,2024161430256,2024,161430256,1,9,0,9,7,5,0,6,0,0,0,0,3,1,5,2,90,11,-1,-1,-1,-1,7,2,E01013325,0
Unvalidated,2024161430256,2024,161430256,2,9,0,18,5,1,0,8,0,0,0,0,1,1,5,1,26,6,-1,-1,-1,-1,1,1,E01013278,0
Unvalidated,2024161430294,2024,161430294,1,9,0,3,7,3,0,1,0,0,0,0,2,1,2,2,46,8,-1,-1,-1,-1,6,3,E01026387,0
Unvalidated,2024161430294,2024,161430294,2,9,0,18,7,3,0,1,0,0,0,0,1,1,6,1,-1,-1,-1,-1,-1,-1,-1,-1,-1,0
Unvalidated,2024161430328,2024,161430328,1,9,0,17,2,6,0,0,0,0,0,0,3,1,5,1,70,10,-1,-1,-1,-1,3,3,E01026415,0
Unvalidated,2024161430328,2024,161430328,2,17,0,16,6,2,0,0,0,0,0,0,1,1,1,1,62,9,-1,-1,-1,-1,5,3,E01013225,0
Unvalidated,2024161430406,2024,161430406,1,9,0,1,6,2,0,0,0,0,0,0,2,1,5,1,25,5,-1,-1,-1,-1,2,1,E01013130,0
Unvalidated,2024161430406,2024,161430406,2,1,0,18,4,8,0,0,0,0,0,0,2,1,6,1,13,3,-1,-1,-1,-1,-1,-1,-1,0
Unvalidated,2024161430430,2024,161430430,1,9,0,18,2,6,9,0,0,10,1,10,1,1,6,2,30,6,-1,-1,-1,-1,6,2,E01013095,0
Unvalidated,2024161430444,2024,161430444,1,19,0,4,3,7,0,0,0,0,0,0,2,1,2,1,34,6,-1,-1,-1,-1,8,2,E01013123,0
Unvalidated,2024161430444,2024,161430444,2,9,0,18,3,7,0,0,0,0,0,0,1,1,6,2,32,6,-1,-1,-1,-1,-1,-1,-1,0
Unvalidated,2024161430538,2024,161430538,1,9,0,18,1,5,0,1,0,0,7,0,1,1,6,1,83,11,-1,-1,-1,-1,10,2,E01012973,0
Unvalidated,2024161430538,2024,161430538,2,9,0,5,3,7,0,1,1,0,0,0,3,1,1,2,37,7,-1,-1,-1,-1,3,1,E01012757,0
Unvalidated,2024161430605,2024,161430605,1,21,0,7,5,7,0,6,0,0,0,0,4,1,1,1,56,9,-1,-1,-1,-1,4,2,E01007354,0
Unvalidated,2024161430605,2024,161430605,2,1,0,18,7,3,9,1,0,0,0,0,1,1,6,2,5,1,-1,-1,-1,-1,1,1,E01012842,0
Unvalidated,2024161430769,2024,161430769,1,8,0,18,-1,-1,0,8,0,0,0,0,1,1,1,1,-1,-1,-1,-1,-1,-1,-1,-1,-1,0
Unvalidated,2024161430769,2024,161430769,2,9,0,18,-1,-1,0,8,0,0,0,0,1,1,6,3,-1,-1,-1,-1,-1,-1,-1,-1,-1,0
Unvalidated,2024161430800,2024,161430800,1,9,0,4,3,7,0,1,0,0,0,0,1,1,6,1,61,9,-1,-1,-1,-1,10,1,E01013111,0
Unvalidated,2024161430811,2024,161430811,1,9,0,9,8,4,0,8,0,0,0,0,1,1,5,2,76,11,-1,-1,-1,-1,1,1,E01013201,0
Unvalidated,2024161430811,2024,161430811,2,1,0,7,2,6,0,8,0,0,0,0,3,1,6,1,77,11,-1,-1,-1,-1,5,1,E01013132,0
Unvalidated,2024161430846,2024,161430846,1,2,0,8,3,7,0,1,0,0,0,0,0,1,5,1,27,6,-1,-1,-1,-1,1,1,E01013142,0
Unvalidated,2024161430926,2024,161430926,1,9,0,18,5,1,0,2,5,0,1,2,1,1,6,1,19,4,-1,-1,-1,-1,8,1,E01013170,0
Unvalidated,2024161430926,2024,161430926,2,19,0,2,0,0,0,2,0,0,0,0,1,1,5,3,34,6,-1,-1,-1,-1,-1,-1,-1,0
Unvalidated,2024161430939,2024,161430939,1,3,0,4,8,4,0,8,0,0,0,0,2,1,5,1,36,7,-1,-1,-1,-1,1,1,E01026073,0
Unvalidated,2024161430939,2024,161430939,2,19,0,18,8,4,0,8,0,0,0,0,1,1,6,3,-1,-1,-1,-1,-1,-1,-1,-1,-1,0
Unvalidated,2024161430945,2024,161430945,1,9,0,18,6,2,0,0,1,0,5,6,1,1,2,1,45,7,-1,-1,-1,-1,1,1,E01013177,0
Unvalidated,2024161430949,2024,161430949,1,9,0,3,1,5,0,0,0,0,0,0,2,1,6,2,26,6,-1,-1,-1,-1,6,3,E01012922,0
Unvalidated,2024161430949,2024,161430949,2,5,0,18,1,5,0,0,0,0,0,0,4,1,5,1,56,9,-1,-1,-1,-1,2,1,E01012886,0
Unvalidated,2024161430957,2024,161430957,1,9,0,9,8,4,0,6,0,0,0,0,4,1,5,2,26,6,-1,-1,-1,-1,7,1,E01033108,0
Unvalidated,2024161430957,2024,161430957,2,2,0,15,2,6,0,1,0,0,0,0,1,1,5,1,17,4,-1,-1,-1,-1,8,1,E01013065,0
Unvalidated,2024161431229,2024,161431229,1,9,0,18,8,4,0,8,0,0,1,0,1,1,5,1,55,8,-1,-1,-1,-1,8,1,E01020750,0
Unvalidated,2024161431229,2024,161431229,2,9,0,18,5,1,0,6,0,0,0,0,1,1,5,2,23,5,-1,-1,-1,-1,9,2,E01010935,0
Unvalidated,2024161431236,2024,161431236,1,9,0,7,6,8,0,0,0,0,0,0,1,1,5,2,35,6,-1,-1,-1,-1,1,1,E01013138,0
Unvalidated,2024161431236,2024,161431236,2,9,0,2,0,0,0,0,0,0,0,0,1,1,6,3,-1,-1,-1,-1,-1,-1,-1,-1,-1,0
Unvalidated,2024161431236,2024,161431236,3,9,0,2,0,0,0,0,0,0,0,0,2,1,6,3,-1,-1,-1,-1,-1,-1,-1,-1,-1,0
Unvalidated,2024161431241,2024,161431241,1,9,0,18,6,2,0,0,0,0,0,0,1,1,5,1,59,9,-1,-1,-1,-1,2,1,E01013202,0
Unvalidated,2024161431519,2024,161431519,1,9,0,5,6,2,5,0,0,0,0,0,4,1,5,2,45,7,-1,-1,-1,-1,7,1,E01013008,0
Unvalidated,2024161431519,2024,161431519,2,1,0,18,8,4,9,0,0,0,0,0,1,1,2,2,-1,-1,-1,-1,-1,-1,-1,-1,-1,0
Unvalidated,2024161431557,2024,161431557,1,90,0,18,7,3,0,8,0,0,0,0,3,1,5,1,13,3,-1,-1,-1,-1,-1,1,-1,1
Unvalidated,2024161431557,2024,161431557,2,9,0,9,3,1,0,8,0,0,0,0,1,1,1,1,47,8,-1,-1,-1,-1,1,1,E01012865,0
Unvalidated,2024161431641,2024,161431641,1,1,0,14,6,2,0,0,0,0,0,0,2,1,2,1,36,7,-1,-1,-1,-1,5,1,E01013211,0
Unvalidated,2024161431641,2024,161431641,2,9,0,18,8,4,0,0,0,0,0,0,1,1,6,3,-1,-1,-1,-1,-1,-1,-1,-1,-1,0
Unvalidated,2024161431670,2024,161431670,1,9,0,18,4,8,0,8,0,0,0,0,4,1,5,2,39,7,-1,-1,-1,-1,4,1,E01012802,0
Unvalidated,2024161431670,2024,161431670,2,9,0,18,6,2,0,8,0,0,0,0,1,1,6,2,32,6,-1,-1,-1,-1,-1,-1,-1,0
Unvalidated,2024161431747,2024,161431747,1,9,0,4,6,2,0,1,0,0,0,0,3,1,5,2,17,4,-1,-1,-1,-1,1,1,E01013222,0
Unvalidated,2024161431747,2024,161431747,2,19,0,-1,-1,-1,0,1,-1,-1,-1,0,-1,1,5,1,24,5,-1,-1,-1,-1,3,1,E01013164,0
Unvalidated,2024161431808,2024,161431808,1,1,0,18,3,7,4,0,0,0,0,0,3,1,5,1,76,11,-1,-1,-1,-1,7,1,E01013007,0
Unvalidated,2024161431808,2024,161431808,2,9,0,7,3,7,4,0,0,0,0,0,1,1,6,1,64,9,-1,-1,-1,-1,-1,-1,-1,0
Unvalidated,2024161432006,2024,161432006,1,9,0,5,5,3,0,6,0,0,0,0,3,1,5,1,18,4,-1,-1,-1,-1,9,2,E01013025,0
Unvalidated,2024161432006,2024,161432006,2,9,0,18,3,7,0,8,0,0,0,0,1,1,2,1,56,9,-1,-1,-1,-1,10,1,E01013064,0
Unvalidated,2024161432058,2024,161432058,1,1,0,18,6,2,0,0,0,0,0,0,4,1,2,1,30,6,-1,-1,-1,-1,1,1,E01012891,0
Unvalidated,2024161432058,2024,161432058,2,-1,-1,18,6,2,0,0,0,-1,0,0,4,1,6,3,-1,-1,-1,-1,-1,-1,-1,-1,-1,0
Unvalidated,2024161432249,2024,161432249,1,19,0,18,1,5,0,0,0,0,7,9,1,1,2,1,66,10,-1,-1,-1,-1,4,3,E01012934,0
Unvalidated,2024161432302,2024,161432302,1,9,0,1,7,3,0,0,0,0,0,0,1,1,5,1,84,11,-1,-1,-1,-1,6,1,E01013334,0
Unvalidated,2024161432302,2024,161432302,2,3,0,1,7,3,0,0,0,0,0,0,4,1,6,1,28,6,-1,-1,-1,-1,1,1,E01013278,0
Unvalidated,2024161432316,2024,161432316,1,19,0,18,2,6,0,1,0,0,0,0,1,1,1,1,72,10,-1,-1,-1,-1,1,1,E01012785,0
Unvalidated,2024161432316,2024,161432316,2,9,0,9,4,2,0,6,0,0,0,0,3,1,5,2,70,10,-1,-1,-1,-1,10,2,E01013093,0
Unvalidated,2024161432338,2024,161432338,1,9,0,18,3,7,0,1,0,0,0,0,1,1,5,2,78,11,-1,-1,-1,-1,-1,-1,-1,0
Unvalidated,2024161432338,2024,161432338,2,9,0,4,3,7,0,1,0,0,0,0,2,1,1,1,60,9,-1,-1,-1,-1,3,1,E01013231,0
Unvalidated,2024161432338,2024,161432338,3,9,0,4,3,7,0,1,0,0,0,0,2,1,5,2,39,7,-1,-1,-1,-1,2,1,E01013128,0
Unvalidated,2024161432350,2024,161432350,1,5,0,16,3,7,0,0,0,0,0,0,1,1,5,1,56,9,-1,-1,-1,-1,8,1,E01012813,0
Unvalidated,2024161432359,2024,161432359,1,9,0,11,7,3,0,8,0,0,0,0,4,1,1,1,58,9,-1,-1,-1,-1,6,3,E01025878,0
Unvalidated,2024161432359,2024,161432359,2,3,0,18,7,3,2,8,0,0,0,0,3,1,2,3,25,5,-1,-1,-1,-1,7,2,E01013100,0
Unvalidated,2024161433072,2024,161433072,1,9,0,9,3,1,0,6,0,0,0,0,1,1,2,1,33,6,-1,-1,-1,-1,6,1,E01012979,0
Unvalidated,2024161433072,2024,161433072,2,3,0,18,1,5,0,8,0,0,0,0,4,1,2,1,41,7,-1,-1,-1,-1,4,1,E01012934,0
Unvalidated,2024161433193,2024,161433193,1,9,0,5,3,7,0,2,0,0,0,0,1,1,5,1,73,10,-1,-1,-1,-1,7,1,E01012792,0
Unvalidated,2024161433193,2024,161433193,2,5,0,18,1,5,0,6,0,0,0,0,1,1,1,1,33,6,-1,-1,-1,-1,1,1,E01012880,0
Unvalidated,2024161433217,2024,161433217,1,9,0,6,8,4,0,8,0,0,0,0,3,1,5,1,34,6,-1,-1,-1,-1,-1,-1,-1,0
Unvalidated,2024161433217,2024,161433217,2,9,0,18,8,4,0,8,0,0,0,0,1,1,5,2,61,9,-1,-1,-1,-1,2,2,E01007491,0
Unvalidated,2024161433237,2024,161433237,1,9,0,18,8,4,0,0,0,0,0,0,1,1,6,1,40,7,-1,-1,-1,-1,5,1,E01033414,0
Unvalidated,2024161433237,2024,161433237,2,9,0,18,4,8,0,0,0,0,0,0,1,1,6,1,78,11,-1,-1,-1,-1,-1,-1,-1,0
Unvalidated,2024161433276,2024,161433276,1,9,0,18,1,5,0,1,0,0,0,0,1,1,6,1,18,4,-1,-1,-1,-1,7,1,E01012950,0
Unvalidated,2024161433276,2024,161433276,2,9,0,18,7,3,0,8,5,0,7,0,4,1,5,1,29,6,-1,-1,-1,-1,3,1,E01012943,0
Unvalidated,2024161433413,2024,161433413,1,1,0,18,8,4,0,1,0,0,0,0,1,1,2,1,34,6,-1,-1,-1,-1,3,1,E01012999,0
Unvalidated,2024161433413,2024,161433413,2,9,0,18,4,8,0,1,0,99,0,0,1,1,6,1,-1,-1,-1,-1,-1,-1,-1,-1,-1,0
Unvalidated,2024161433490,2024,161433490,1,2,0,18,3,7,0,9,0,0,1,0,1,1,4,2,18,4,-1,-1,-1,-1,4,1,E01012797,0
Unvalidated,2024161433490,2024,161433490,2,9,0,-1,3,7,0,6,0,0,0,0,4,1,6,1,31,6,-1,-1,-1,-1,3,1,E01002502,0
Unvalidated,2024161433687,2024,161433687,1,9,0,17,7,3,0,0,5,0,1,10,1,1,6,1,25,5,-1,-1,-1,-1,-1,-1,-1,0
Unvalidated,2024161433698,2024,161433698,1,9,0,18,2,5,0,0,5,4,7,0,1,1,6,1,39,7,-1,-1,-1,-1,1,1,E01012778,0
Unvalidated,2024161433698,2024,161433698,2,9,0,2,0,0,0,0,0,0,0,0,4,1,6,3,-1,-1,-1,-1,-1,-1,-1,-1,-1,0
Unvalidated,2024161434111,2024,161434111,1,19,0,18,5,1,0,0,0,0,0,0,0,1,5,1,45,7,-1,-1,-1,-1,6,3,E01013253,0
Unvalidated,2024161434111,2024,161434111,2,9,0,13,5,1,0,0,5,0,7,4,1,1,5,1,51,8,-1,-1,-1,-1,5,1,E01013297,0
Unvalidated,2024161434147,2024,161434147,1,9,0,9,7,3,0,8,0,0,1,0,4,1,5,1,32,6,-1,-1,-1,-1,6,3,E01012953,0
Unvalidated,2024161434147,2024,161434147,2,1,0,18,3,7,4,8,0,0,0,0,3,1,6,1,26,6,-1,-1,-1,-1,1,1,E01012862,0
Unvalidated,2024161434157,2024,161434157,1,9,0,18,2,6,0,0,0,0,0,0,1,1,5,2,70,10,-1,-1,-1,-1,1,1,E01007735,0
Unvalidated,2024161434157,2024,161434157,2,9,0,4,2,6,0,0,0,0,1,7,2,1,5,1,61,9,-1,-1,-1,-1,7,1,E01011159,0
Unvalidated,2024161434158,2024,161434158,1,9,0,18,7,3,0,0,0,2,0,0,1,1,6,1,22,5,-1,-1,-1,-1,8,1,E01013151,0
Unvalidated,2024161434158,2024,161434158,2,9,0,4,7,3,0,0,1,0,0,0,2,1,6,2,36,7,-1,-1,-1,-1,1,1,E01013137,0
Unvalidated,2024161434158,2024,161434158,3,9,0,4,7,3,0,0,0,0,0,0,1,1,6,1,35,6,-1,-1,-1,-1,1,1,E01027545,0
Unvalidated,2024161434261,2024,161434261,1,9,0,4,5,1,0,0,0,0,0,0,2,1,6,2,33,6,-1,-1,-1,-1,3,1,E01012913,0
Unvalidated,2024161434261,2024,161434261,2,90,0,18,5,1,0,0,0,0,0,0,1,1,1,3,-1,-1,-1,-1,-1,-1,-1,-1,-1,0
Unvalidated,2024161434264,2024,161434264,1,9,0,1,6,2,0,1,0,0,0,0,1,1,6,1,-1,-1,-1,-1,-1,-1,-1,-1,-1,0
Unvalidated,2024161434272,2024,161434272,1,9,0,18,2,6,0,0,0,0,8,0,1,1,5,1,70,10,-1,-1,-1,-1,4,1,E01012938,0
Unvalidated,2024161434272,2024,161434272,2,9,0,4,6,2,0,0,0,0,0,0,1,1,5,1,49,8,-1,-1,-1,-1,9,1,E01011945,0
Unvalidated,2024161434324,2024,161434324,1,9,0,18,3,7,0,8,0,0,0,0,3,1,2,1,63,9,-1,-1,-1,-1,5,3,E01013274,0
Unvalidated,2024161434324,2024,161434324,2,9,0,18,5,1,0,8,0,0,0,0,1,1,2,2,31,6,-1,-1,-1,-1,4,1,E01028210,0
Unvalidated,2024161434372,2024,161434372,1,9,-1,7,6,8,0,8,0,0,0,0,1,1,6,3,-1,-1,-1,-1,-1,-1,-1,-1,-1,0
Unvalidated,2024161434383,2024,161434383,1,9,0,9,3,7,0,8,0,0,0,0,3,1,6,2,79,11,-1,-1,-1,-1,6,1,E01012953,0
Unvalidated,2024161434383,2024,161434383,2,21,0,18,1,5,0,1,0,0,1,4,1,1,1,1,25,5,-1,-1,-1,-1,5,3,E01013119,0
Unvalidated,2024161434416,2024,161434416,1,9,0,5,1,5,0,6,0,0,0,0,2,1,5,1,67,10,-1,-1,-1,-1,7,2,E01013018,0
Unvalidated,2024161434416,2024,161434416,2,9,0,10,5,3,0,1,0,0,0,0,1,1,5,2,26,6,-1,-1,-1,-1,3,1,E01013004,0
Unvalidated,2024161434416,2024,161434416,3,9,0,18,3,7,0,8,0,0,0,0,1,1,6,2,21,5,-1,-1,-1,-1,3,1,E01012999,0
Unvalidated,2024161434449,2024,161434449,1,1,0,18,2,6,0,0,0,0,0,0,4,1,4,1,13,3,-1,-1,-1,-1,3,1,E01012774,0
Unvalidated,2024161434449,2024,161434449,2,9,-1,18,2,6,0,0,0,0,0,0,1,1,6,3,-1,-1,-1,-1,-1,-1,-1,-1,-1,0
Unvalidated,2024161434537,2024,161434537,1,9,0,9,3,5,0,6,0,0,0,0,1,1,5,1,31,6,-1,-1,-1,-1,2,1,E01012903,0