status,collision_index,collision_year,collision_reference,vehicle_reference,vehicle_type,towing_and_articulation,vehicle_manoeuvre,vehicle_direction_from,vehicle_direction_to,vehicle_location_restricted_lane,junction_location,skidding_and_overturning,hit_object_in_carriageway,vehicle_leaving_carriageway,hit_object_off_carriageway,first_point_of_impact,vehicle_left_hand_drive,journey_purpose_of_driver,sex_of_driver,age_of_driver,age_band_of_driver,engine_capacity_cc,propulsion_code,age_of_vehicle,generic_make_model,driver_imd_decile,driver_home_area_type,lsoa_of_driver,escooter_flag
Unvalidated,2024161434537,2024,161434537,2,3,0,18,5,1,0,1,0,0,0,0,1,1,2,2,55,8,-1,-1,-1,-1,4,1,E01012829,0
Unvalidated,2024161434577,2024,161434577,1,9,0,18,5,1,0,6,0,0,0,0,1,1,5,2,43,7,-1,-1,-1,-1,7,1,E01012792,0
Unvalidated,2024161434577,2024,161434577,2,9,0,18,3,7,0,8,0,0,0,0,4,1,5,1,30,6,-1,-1,-1,-1,10,1,E01013012,0
Unvalidated,2024161434618,2024,161434618,1,9,0,18,1,5,0,2,0,0,0,0,2,1,5,1,45,7,-1,-1,-1,-1,2,1,E01013240,0
Unvalidated,2024161434618,2024,161434618,2,9,0,18,1,5,0,2,0,0,0,0,1,1,6,2,-1,-1,-1,-1,-1,-1,-1,-1,-1,0
Unvalidated,2024161434673,2024,161434673,1,9,0,18,1,5,0,1,0,0,0,0,4,1,6,1,-1,-1,-1,-1,-1,-1,-1,-1,-1,0
Unvalidated,2024161434700,2024,161434700,1,9,0,18,4,8,0,0,0,0,0,0,-1,1,6,2,-1,-1,-1,-1,-1,-1,-1,-1,-1,0
Unvalidated,2024161434722,2024,161434722,1,9,0,18,3,7,0,1,0,0,0,0,1,1,3,2,36,7,-1,-1,-1,-1,7,2,E01013307,0
Unvalidated,2024161434722,2024,161434722,2,9,0,18,3,7,0,1,0,0,0,0,2,1,1,3,40,7,-1,-1,-1,-1,1,1,E01013330,0
Unvalidated,2024161434796,2024,161434796,1,19,0,18,4,8,0,0,0,0,0,0,-1,1,2,1,53,8,-1,-1,-1,-1,10,1,E01029714,0
Unvalidated,2024161434796,2024,161434796,2,19,0,18,4,8,0,0,0,0,0,0,4,1,6,1,65,9,-1,-1,-1,-1,-1,-1,-1,0
Unvalidated,2024161434873,2024,161434873,1,98,0,5,4,8,0,2,0,0,0,0,3,1,1,1,39,7,-1,-1,-1,-1,9,2,-1,0
Unvalidated,2024161434873,2024,161434873,2,9,0,5,3,7,0,1,0,0,0,0,1,1,5,1,77,11,-1,-1,-1,-1,8,2,E01013055,0
Unvalidated,2024161434902,2024,161434902,1,11,0,9,5,3,0,4,0,0,0,0,4,1,1,1,23,5,-1,-1,-1,-1,4,1,E01013179,0
Unvalidated,2024161434902,2024,161434902,2,9,0,7,5,1,0,4,0,0,0,0,3,1,5,2,22,5,-1,-1,-1,-1,4,1,E01013146,0
Unvalidated,2024161434981,2024,161434981,1,9,0,17,3,7,0,0,0,0,7,4,4,1,2,1,33,6,-1,-1,-1,-1,7,2,E01013018,0
Unvalidated,2024161435230,2024,161435230,1,9,0,9,8,5,0,1,0,0,0,0,1,1,6,3,60,9,-1,-1,-1,-1,-1,-1,-1,0
Unvalidated,2024161435382,2024,161435382,1,9,0,18,4,8,0,0,0,0,0,0,1,1,5,1,73,10,-1,-1,-1,-1,10,1,E01013113,0
Unvalidated,2024161435382,2024,161435382,2,90,0,18,6,2,0,0,0,0,0,0,1,1,6,1,12,3,-1,-1,-1,-1,-1,-1,-1,0
Unvalidated,2024161435550,2024,161435550,1,9,0,18,5,1,0,0,0,0,0,0,9,1,6,1,-1,-1,-1,-1,-1,-1,-1,-1,-1,0
Unvalidated,2024161435570,2024,161435570,1,19,0,17,7,5,0,0,5,0,1,4,4,1,6,1,53,8,-1,-1,-1,-1,9,1,E01012960,0
Unvalidated,2024161435585,2024,161435585,1,5,0,18,2,6,0,1,0,0,0,0,0,1,6,1,46,8,-1,-1,-1,-1,1,1,E01012837,0
Unvalidated,2024161435600,2024,161435600,1,9,0,4,7,3,0,0,0,0,0,0,2,1,6,2,29,6,-1,-1,-1,-1,6,3,E01012922,0
Unvalidated,2024161435600,2024,161435600,2,9,0,18,7,3,0,0,0,0,0,0,1,1,6,1,-1,-1,-1,-1,-1,-1,3,1,E01012936,0
Unvalidated,2024161435613,2024,161435613,1,9,0,12,3,7,0,0,0,0,0,0,1,1,6,1,18,4,-1,-1,-1,-1,5,2,E01013082,0
Unvalidated,2024161435613,2024,161435613,2,98,0,18,3,7,0,0,0,0,0,0,3,1,6,1,68,10,-1,-1,-1,-1,1,1,W01001174,0
Unvalidated,2024161435665,2024,161435665,1,9,0,5,1,2,0,1,0,0,0,0,1,1,2,2,50,8,-1,-1,-1,-1,7,3,E01012983,0
Unvalidated,2024161435665,2024,161435665,2,1,0,18,2,6,0,1,0,0,0,0,2,1,6,2,52,8,-1,-1,-1,-1,7,1,E01012983,0
Unvalidated,2024161435684,2024,161435684,1,9,0,18,7,3,0,1,0,0,0,0,1,1,5,2,32,6,-1,-1,-1,-1,10,3,E01013436,0
Unvalidated,2024161435684,2024,161435684,2,9,0,9,1,7,0,6,0,0,0,0,3,1,2,1,61,9,-1,-1,-1,-1,9,3,E01013059,0
Unvalidated,2024161435697,2024,161435697,1,9,0,4,8,4,0,0,0,0,0,0,2,1,6,1,71,10,-1,-1,-1,-1,8,1,E01012791,0
Unvalidated,2024161435697,2024,161435697,2,9,0,18,8,4,0,0,0,0,0,0,1,1,6,1,48,8,-1,-1,-1,-1,5,1,E01012756,0
Unvalidated,2024161435914,2024,161435914,1,90,0,9,7,5,0,6,0,0,0,0,4,1,6,2,21,5,-1,-1,-1,-1,-1,-1,-1,0
Unvalidated,2024161435914,2024,161435914,2,98,0,9,1,7,0,1,0,0,0,0,3,1,6,1,26,6,-1,-1,-1,-1,1,1,E01013222,0
Unvalidated,2024161436049,2024,161436049,1,9,0,18,5,1,0,0,0,0,0,0,2,1,2,2,49,8,-1,-1,-1,-1,10,3,E01012924,0
Unvalidated,2024161436049,2024,161436049,2,9,0,18,5,1,0,0,0,0,0,0,1,1,6,3,-1,-1,-1,-1,-1,-1,-1,-1,-1,0
Unvalidated,2024161436154,2024,161436154,1,9,0,9,1,7,0,0,0,0,0,0,4,2,2,1,62,9,-1,-1,-1,-1,9,1,E01013265,0
Unvalidated,2024161436154,2024,161436154,2,23,0,18,5,1,4,0,0,0,0,0,1,1,5,1,25,5,-1,-1,-1,-1,3,1,E01013319,0
Unvalidated,2024161436168,2024,161436168,1,9,0,18,7,3,0,1,0,0,0,0,1,1,6,2,82,11,-1,-1,-1,-1,5,3,E01013048,0
Unvalidated,2024161436170,2024,161436170,1,9,0,5,5,7,0,0,0,0,0,0,4,1,3,2,41,7,-1,-1,-1,-1,10,1,E01013044,0
Unvalidated,2024161436170,2024,161436170,2,1,0,18,8,4,5,0,0,0,0,0,1,1,6,1,59,9,-1,-1,-1,-1,1,1,E01012823,0
Unvalidated,2024161436465,2024,161436465,1,9,0,18,2,6,0,0,0,0,0,0,1,1,5,1,64,9,-1,-1,-1,-1,6,1,E01012940,0
Unvalidated,2024161436465,2024,161436465,2,9,0,9,6,4,0,0,0,0,0,0,1,1,6,2,76,11,-1,-1,-1,-1,10,2,E01012967,0
Unvalidated,2024161436503,2024,161436503,1,3,0,13,5,1,0,5,0,10,7,0,3,1,2,1,19,4,-1,-1,-1,-1,6,2,E01013309,0
Unvalidated,2024161436503,2024,161436503,2,19,0,9,5,3,0,5,0,0,0,0,3,1,1,1,37,7,-1,-1,-1,-1,10,2,E01012973,0
Unvalidated,2024161436575,2024,161436575,1,9,0,12,5,1,0,0,0,0,0,0,1,1,6,3,-1,-1,-1,-1,-1,-1,-1,-1,-1,0
Unvalidated,2024161436575,2024,161436575,2,9,0,12,1,5,0,0,0,0,0,0,1,1,1,1,44,7,-1,-1,-1,-1,3,1,E01012907,0
Unvalidated,2024161436679,2024,161436679,1,9,0,9,3,1,0,8,0,0,0,0,1,1,6,1,47,8,-1,-1,-1,-1,1,1,E01012891,0
Unvalidated,2024161436679,2024,161436679,2,9,0,18,7,3,0,8,0,0,0,0,1,1,1,1,53,8,-1,-1,-1,-1,2,1,E01033104,0
Unvalidated,2024161436741,2024,161436741,1,9,0,7,7,1,0,1,0,0,8,0,1,1,6,2,40,7,-1,-1,-1,-1,7,2,E01013323,0
Unvalidated,2024161436741,2024,161436741,2,9,0,18,3,7,0,2,0,0,7,0,1,1,6,1,49,8,-1,-1,-1,-1,1,1,E01026376,0
Unvalidated,2024161436793,2024,161436793,1,9,0,15,4,8,0,1,0,0,0,0,1,1,6,2,35,6,-1,-1,-1,-1,1,1,E01012865,0
Unvalidated,2024161436793,2024,161436793,2,10,0,18,4,8,0,5,0,0,0,0,3,1,1,1,43,7,-1,-1,-1,-1,1,1,E01012865,0
Unvalidated,2024161436811,2024,161436811,1,9,0,17,8,4,0,0,1,0,1,4,1,1,6,1,20,4,-1,-1,-1,-1,9,1,E01013265,0
Unvalidated,2024161437198,2024,161437198,1,9,0,9,5,7,0,8,0,0,0,0,1,1,2,2,60,9,-1,-1,-1,-1,1,1,E01012892,0
Unvalidated,2024161437198,2024,161437198,2,9,0,18,5,1,0,8,0,0,2,7,3,1,6,1,31,6,-1,-1,-1,-1,2,1,E01013187,0
Unvalidated,2024161437355,2024,161437355,1,97,0,18,8,4,0,1,1,0,0,0,0,1,6,1,44,7,-1,-1,-1,-1,3,3,E01013029,0
Unvalidated,2024161437355,2024,161437355,2,17,5,18,8,4,0,1,0,0,0,0,0,1,6,1,-1,-1,-1,-1,-1,-1,-1,-1,-1,0
Unvalidated,2024161437424,2024,161437424,1,9,9,1,5,3,0,1,0,0,0,0,9,1,6,1,65,9,-1,-1,-1,-1,-1,-1,-1,0
Unvalidated,2024161437466,2024,161437466,1,1,0,18,1,5,0,0,9,0,0,0,9,1,1,1,21,5,-1,-1,-1,-1,9,1,E01012956,0
Unvalidated,2024161437466,2024,161437466,2,9,9,18,1,5,0,0,9,0,0,0,9,1,6,1,-1,-1,-1,-1,-1,-1,-1,-1,-1,0
Unvalidated,2024161437710,2024,161437710,1,9,0,18,5,1,0,0,0,0,0,0,1,1,1,1,17,4,-1,-1,-1,-1,7,3,E01013039,0
Unvalidated,2024161437710,2024,161437710,2,9,0,18,1,5,0,0,0,0,1,0,1,1,1,1,29,6,-1,-1,-1,-1,7,1,E01012983,0
Unvalidated,2024161437894,2024,161437894,1,9,0,5,5,1,0,8,0,0,0,0,1,1,6,1,36,7,-1,-1,-1,-1,7,2,E01013270,0
Unvalidated,2024161437894,2024,161437894,2,5,0,9,1,7,0,8,0,0,0,0,4,1,5,1,61,9,-1,-1,-1,-1,8,3,E01013269,0
Unvalidated,2024161437894,2024,161437894,3,9,0,4,7,3,0,1,0,0,0,0,0,1,2,2,36,7,-1,-1,-1,-1,8,3,E01013326,0
Unvalidated,2024161437997,2024,161437997,1,21,0,18,2,6,0,1,1,0,0,0,3,1,1,1,34,6,-1,-1,-1,-1,3,1,E01011304,0
Unvalidated,2024161437997,2024,161437997,2,20,0,18,8,4,0,1,1,0,0,0,1,1,1,1,60,9,-1,-1,-1,-1,7,1,E01012815,0
Unvalidated,2024161438099,2024,161438099,1,1,0,18,6,2,0,1,0,0,0,0,1,1,5,2,33,6,-1,-1,-1,-1,-1,-1,-1,0
Unvalidated,2024161438099,2024,161438099,2,9,0,10,3,7,0,6,0,0,0,0,4,1,6,2,62,9,-1,-1,-1,-1,-1,-1,-1,0
Unvalidated,2024161438156,2024,161438156,1,9,0,18,8,4,0,0,0,0,0,0,1,1,2,2,49,8,-1,-1,-1,-1,1,1,E01013201,0
Unvalidated,2024161438156,2024,161438156,2,9,0,18,8,4,0,0,0,0,0,0,2,1,6,2,-1,-1,-1,-1,-1,-1,-1,-1,-1,0
Unvalidated,2024161438229,2024,161438229,1,9,0,9,1,5,0,2,0,0,0,0,1,1,5,2,18,4,-1,-1,-1,-1,7,3,E01013039,0
Unvalidated,2024161438229,2024,161438229,2,9,0,18,4,8,0,1,1,0,0,0,1,1,6,1,47,8,-1,-1,-1,-1,-1,-1,-1,0
Unvalidated,2024161438230,2024,161438230,1,1,0,9,1,7,0,1,0,0,0,0,3,1,6,1,35,6,-1,-1,-1,-1,1,1,E01012873,0
Unvalidated,2024161438230,2024,161438230,2,9,0,1,1,5,0,1,0,0,0,0,2,1,6,2,-1,-1,-1,-1,-1,-1,-1,-1,-1,0
Unvalidated,2024161438359,2024,161438359,1,9,0,18,1,5,0,0,0,0,0,0,2,1,6,2,67,10,-1,-1,-1,-1,8,1,E01012813,0
Unvalidated,2024161438359,2024,161438359,2,19,0,18,1,5,0,0,0,0,0,0,1,1,6,1,32,6,-1,-1,-1,-1,8,1,E01013037,0
Unvalidated,2024161438438,2024,161438438,1,9,0,18,6,2,0,1,0,0,0,0,4,1,2,1,32,6,-1,-1,-1,-1,9,1,E01012996,0
Unvalidated,2024161438438,2024,161438438,2,1,0,18,8,4,0,1,0,0,0,0,1,1,6,1,9,2,-1,-1,-1,-1,7,3,E01013126,0
Unvalidated,2024161438522,2024,161438522,1,9,0,18,7,3,0,2,0,0,0,0,1,1,6,1,20,4,-1,-1,-1,-1,8,2,E01013094,0
Unvalidated,2024161438603,2024,161438603,1,9,0,9,7,5,0,0,0,0,0,0,4,1,6,1,27,6,-1,-1,-1,-1,1,1,E01033109,0
Unvalidated,2024161438603,2024,161438603,2,9,0,9,1,7,0,0,0,0,0,0,3,1,6,2,57,9,-1,-1,-1,-1,5,1,E01012758,0
Unvalidated,2024161438610,2024,161438610,1,1,9,18,1,5,0,0,9,99,9,0,2,1,6,1,21,5,-1,-1,-1,-1,1,1,E01013278,0
Unvalidated,2024161438610,2024,161438610,2,19,9,18,5,1,0,0,9,99,9,0,1,1,6,1,-1,-1,-1,-1,-1,-1,-1,-1,-1,0
Unvalidated,2024161438692,2024,161438692,1,1,0,3,1,5,0,0,0,0,0,0,2,1,6,1,28,6,-1,-1,-1,-1,-1,-1,-1,0
Unvalidated,2024161438692,2024,161438692,2,9,0,18,7,3,0,0,0,0,0,0,1,1,6,2,-1,-1,-1,-1,-1,-1,-1,-1,-1,0
Unvalidated,2024161438773,2024,161438773,1,9,0,18,2,6,0,0,0,0,0,0,1,1,3,2,44,7,-1,-1,-1,-1,2,1,E01013284,0
Unvalidated,2024161438799,2024,161438799,1,9,0,18,3,7,0,0,0,0,0,0,2,1,5,2,52,8,-1,-1,-1,-1,7,2,E01013097,0
Unvalidated,2024161438799,2024,161438799,2,9,0,18,3,7,0,0,0,0,0,0,1,1,5,2,32,6,-1,-1,-1,-1,-1,-1,-1,0
Unvalidated,2024161438867,2024,161438867,1,9,0,18,3,7,0,0,0,4,0,0,1,1,2,1,20,4,-1,-1,-1,-1,5,2,E01026390,0
Unvalidated,2024161438867,2024,161438867,2,9,0,3,3,7,0,0,0,4,0,0,2,1,6,2,35,6,-1,-1,-1,-1,-1,1,-1,0
Unvalidated,2024161438867,2024,161438867,3,9,0,3,3,7,0,0,0,0,0,0,2,1,6,2,38,7,-1,-1,-1,-1,1,1,E01013218,0
Unvalidated,2024161438876,2024,161438876,1,9,0,9,7,5,0,6,0,0,0,0,3,1,6,1,46,8,-1,-1,-1,-1,10,1,E01008423,0
Unvalidated,2024161438876,2024,161438876,2,9,0,18,5,1,0,1,0,0,0,0,1,1,5,1,56,9,-1,-1,-1,-1,1,1,E01033110,0
Unvalidated,2024161438948,2024,161438948,1,9,0,18,7,3,0,0,1,0,0,0,1,1,5,2,34,6,-1,-1,-1,-1,1,1,E01012858,0
Unvalidated,2024161438948,2024,161438948,2,9,0,18,7,3,0,0,0,0,0,0,1,1,5,1,23,5,-1,-1,-1,-1,1,1,E01012892,0
Unvalidated,2024161439101,2024,161439101,1,9,0,3,5,1,0,1,0,0,0,0,0,1,6,1,84,11,-1,-1,-1,-1,9,2,E01013015,0
Unvalidated,2024161439160,2024,161439160,1,3,0,18,7,3,0,0,2,7,1,10,1,1,6,1,37,7,-1,-1,-1,-1,1,1,E01012876,0
Unvalidated,2024161439160,2024,161439160,2,9,0,18,7,3,0,0,0,0,0,0,0,1,1,1,36,7,-1,-1,-1,-1,9,1,E01012962,0
Unvalidated,2024161439160,2024,161439160,3,9,0,18,3,7,0,0,0,0,0,0,0,1,1,1,35,6,-1,-1,-1,-1,9,1,E01012962,0
Unvalidated,2024161439167,2024,161439167,1,9,0,5,7,3,0,1,0,0,0,0,4,1,5,1,48,8,-1,-1,-1,-1,10,2,E01013089,0
Unvalidated,2024161439188,2024,161439188,1,9,0,18,3,7,0,0,0,0,0,0,1,1,5,1,75,10,-1,-1,-1,-1,4,1,E01011753,0
Unvalidated,2024161439188,2024,161439188,2,5,0,18,7,3,0,0,0,0,0,0,1,1,5,1,56,9,-1,-1,-1,-1,3,3,E01012992,0
Unvalidated,2024161439280,2024,161439280,1,9,0,17,8,4,9,0,5,10,2,11,1,1,6,1,26,6,-1,-1,-1,-1,1,1,E01013298,0
Unvalidated,2024161439397,2024,161439397,1,9,0,5,5,3,0,6,0,0,7,0,3,1,5,2,68,10,-1,-1,-1,-1,3,1,E01012825,0
Unvalidated,2024161439397,2024,161439397,2,19,0,17,3,7,0,1,0,0,0,0,1,1,6,1,39,7,-1,-1,-1,-1,5,1,E01012824,0
Unvalidated,2024161439443,2024,161439443,1,9,0,18,5,1,0,0,0,0,1,0,1,1,6,2,24,5,-1,-1,-1,-1,4,1,E01012976,0
Unvalidated,2024161439443,2024,161439443,2,9,0,18,1,5,0,0,0,0,1,0,1,1,1,1,59,9,-1,-1,-1,-1,6,3,E01012987,0
Unvalidated,2024161439691,2024,161439691,1,9,0,18,1,5,0,0,0,0,0,0,3,1,6,2,36,7,-1,-1,-1,-1,1,1,E01012856,0
Unvalidated,2024161439691,2024,161439691,2,9,0,18,1,5,0,0,0,0,0,0,1,1,6,1,33,6,-1,-1,-1,-1,1,1,E01012851,0
Unvalidated,2024161439708,2024,161439708,1,9,0,18,1,5,0,0,0,0,0,0,1,1,5,2,32,6,-1,-1,-1,-1,-1,1,-1,0
Unvalidated,2024161439708,2024,161439708,2,21,0,18,1,5,0,0,0,0,0,0,1,1,1,1,61,9,-1,-1,-1,-1,7,2,E01013256,0
Unvalidated,2024161439740,2024,161439740,1,9,0,18,5,1,0,0,0,0,0,0,3,1,6,2,26,6,-1,-1,-1,-1,4,1,E01013227,0
Unvalidated,2024161439740,2024,161439740,2,1,0,18,1,5,0,0,0,0,0,0,1,1,6,1,15,3,-1,-1,-1,-1,1,1,E01013229,0
Unvalidated,2024161439759,2024,161439759,1,9,0,18,3,7,0,1,0,0,0,0,4,1,2,1,68,10,-1,-1,-1,-1,9,1,E01013193,0
Unvalidated,2024161439828,2024,161439828,1,9,0,18,4,8,0,0,0,0,0,0,1,1,6,1,-1,-1,-1,-1,-1,-1,-1,-1,-1,0
Unvalidated,2024161439865,2024,161439865,1,9,0,3,6,1,0,1,0,0,0,0,4,1,6,2,42,7,-1,-1,-1,-1,5,1,E01032987,0
Unvalidated,2024161439865,2024,161439865,2,3,0,3,6,1,0,1,0,0,0,0,3,1,6,1,19,4,-1,-1,-1,-1,-1,-1,-1,0
Unvalidated,2024161440010,2024,161440010,1,9,0,18,8,4,0,1,0,0,0,0,3,1,6,1,28,6,-1,-1,-1,-1,1,1,E01013162,0
Unvalidated,2024161440010,2024,161440010,2,9,0,9,2,4,0,1,0,0,0,0,4,1,6,1,25,5,-1,-1,-1,-1,1,1,-1,0
Unvalidated,2024161440047,2024,161440047,1,9,0,9,1,7,0,5,0,0,0,0,1,1,6,1,19,4,-1,-1,-1,-1,5,1,E01013107,0
Unvalidated,2024161440047,2024,161440047,2,1,0,18,7,3,0,1,0,0,0,0,1,1,6,1,42,7,-1,-1,-1,-1,6,1,E01012914,0
Unvalidated,2024161440134,2024,161440134,1,19,0,18,5,1,0,0,0,0,0,0,3,1,5,1,38,7,-1,-1,-1,-1,4,1,E01012976,0
Unvalidated,2024161440145,2024,161440145,1,9,0,13,5,1,0,0,2,0,7,4,3,1,6,2,20,4,-1,-1,-1,-1,8,2,E01013123,0
Unvalidated,2024161440145,2024,161440145,2,21,0,18,5,1,0,0,0,0,0,0,3,1,1,1,48,8,-1,-1,-1,-1,9,2,E01013121,0
Unvalidated,2024161440158,2024,161440158,1,1,9,18,1,7,0,8,0,0,0,0,9,1,5,2,22,5,-1,-1,-1,-1,1,1,E01012851,0
Unvalidated,2024161440158,2024,161440158,2,-1,9,18,1,7,0,8,0,0,0,0,9,1,6,1,-1,-1,-1,-1,-1,-1,-1,-1,-1,0
Unvalidated,2024161440201,2024,161440201,1,9,0,4,4,1,0,1,0,0,0,0,2,1,6,1,35,6,-1,-1,-1,-1,8,2,E01026061,0
Unvalidated,2024161440201,2024,161440201,2,9,0,18,4,1,0,1,0,0,0,0,1,1,6,2,-1,-1,-1,-1,-1,-1,7,1,E01013186,0
Unvalidated,2024161440231,2024,161440231,1,8,0,18,7,3,0,0,0,0,0,0,1,1,1,3,-1,-1,-1,-1,-1,-1,-1,-1,-1,0
Unvalidated,2024161440231,2024,161440231,2,9,0,18,7,3,0,0,0,0,0,0,2,1,6,3,-1,-1,-1,-1,-1,-1,-1,-1,-1,0
Unvalidated,2024161440458,2024,161440458,1,9,0,9,5,3,0,1,0,0,0,0,1,1,1,1,43,7,-1,-1,-1,-1,10,2,E01013089,0
Unvalidated,2024161440458,2024,161440458,2,5,0,7,1,3,0,2,1,0,0,0,1,1,6,1,47,8,-1,-1,-1,-1,1,1,E01012876,0
Unvalidated,2024161440632,2024,161440632,1,1,9,18,4,8,0,1,9,0,9,0,9,1,6,1,30,6,-1,-1,-1,-1,-1,-1,-1,0
Unvalidated,2024161440632,2024,161440632,2,8,9,18,4,8,0,1,9,0,9,0,9,1,6,3,-1,-1,-1,-1,-1,-1,-1,-1,-1,0
Unvalidated,2024161440692,2024,161440692,1,9,0,14,5,1,0,2,0,0,0,0,1,1,6,2,48,8,-1,-1,-1,-1,4,1,E01012829,0
Unvalidated,2024161440692,2024,161440692,2,11,0,2,5,1,0,2,0,0,0,0,0,1,1,1,58,9,-1,-1,-1,-1,1,1,E01012834,0
Unvalidated,2024161440773,2024,161440773,1,11,0,18,7,3,0,0,0,0,0,0,9,1,1,3,-1,-1,-1,-1,-1,-1,-1,-1,-1,0
Unvalidated,2024161440879,2024,161440879,1,9,0,17,6,2,0,0,0,0,0,0,1,1,2,1,55,8,-1,-1,-1,-1,4,3,E01013076,0
Unvalidated,2024161440994,2024,161440994,1,9,0,18,6,3,9,0,5,0,1,10,1,1,5,1,83,11,-1,-1,-1,-1,3,1,E01013286,0
Unvalidated,2024161441001,2024,161441001,1,9,0,7,7,1,0,1,0,0,0,0,4,1,5,1,52,8,-1,-1,-1,-1,1,1,E01013141,0
Unvalidated,2024161441001,2024,161441001,2,4,0,18,7,3,0,1,1,0,0,0,3,1,5,1,66,10,-1,-1,-1,-1,1,1,E01013177,0
Unvalidated,2024161441039,2024,161441039,1,9,9,10,5,1,0,1,9,0,0,0,2,1,6,1,-1,-1,-1,-1,-1,-1,-1,-1,-1,0
Unvalidated,2024161441275,2024,161441275,1,9,0,7,6,8,0,1,0,0,0,0,2,1,5,2,38,7,-1,-1,-1,-1,8,1,E01013065,0
Unvalidated,2024161441275,2024,161441275,2,9,0,10,4,6,0,6,0,0,0,0,4,1,5,1,79,11,-1,-1,-1,-1,8,1,E01013065,0
Unvalidated,2024161441275,2024,161441275,3,9,0,18,6,2,0,8,0,10,3,0,1,1,5,1,43,7,-1,-1,-1,-1,8,1,E01013065,0
Unvalidated,2024161441275,2024,161441275,4,11,0,18,6,2,0,2,0,0,0,0,2,1,1,1,36,7,-1,-1,-1,-1,7,3,E01013039,0
Unvalidated,2024161441379,2024,161441379,1,9,0,18,6,2,0,0,0,0,5,0,4,1,6,1,45,7,-1,-1,-1,-1,1,1,E01012854,0
Unvalidated,2024161441379,2024,161441379,2,90,0,18,1,5,0,0,0,0,0,0,0,1,5,2,9,2,-1,-1,-1,-1,2,1,E01032595,1
Unvalidated,2024161441406,2024,161441406,1,9,0,18,6,2,0,0,0,0,0,0,4,1,5,1,44,7,-1,-1,-1,-1,2,1,E01013187,0
Unvalidated,2024161441409,2024,161441409,1,9,0,18,7,3,0,1,0,0,0,0,-1,1,6,3,-1,-1,-1,-1,-1,-1,-1,-1,-1,0
Unvalidated,2024161441420,2024,161441420,1,9,0,18,5,1,0,0,0,0,1,9,1,1,2,1,38,7,-1,-1,-1,-1,1,1,E01012851,0
Unvalidated,2024161441616,2024,161441616,1,9,0,-1,-1,-1,-1,0,-1,-1,-1,0,1,1,6,1,51,8,-1,-1,-1,-1,3,2,E01013272,0
Unvalidated,2024161441620,2024,161441620,1,11,0,2,0,0,2,0,0,0,0,0,1,1,2,1,27,6,-1,-1,-1,-1,2,1,E01012863,0
Unvalidated,2024161441620,2024,161441620,2,1,0,7,6,2,4,0,0,0,0,0,3,1,6,1,20,4,-1,-1,-1,-1,1,1,E01033109,0
Unvalidated,2024161441627,2024,161441627,1,9,0,18,5,1,0,1,0,0,0,0,1,1,6,2,51,8,-1,-1,-1,-1,10,3,E01012919,0
Unvalidated,2024161441627,2024,161441627,2,1,0,5,5,1,0,8,0,0,0,0,3,1,5,1,10,2,-1,-1,-1,-1,8,1,E01013037,0
Unvalidated,2024161441709,2024,161441709,1,9,0,9,2,4,0,2,0,0,0,0,3,1,6,2,54,8,-1,-1,-1,-1,8,2,E01013102,0
Unvalidated,2024161441709,2024,161441709,2,1,0,18,6,2,0,1,0,0,0,0,3,1,6,1,56,9,-1,-1,-1,-1,4,1,E01012820,0
Unvalidated,2024161441859,2024,161441859,1,9,0,18,1,5,0,2,0,0,0,0,1,1,5,1,80,11,-1,-1,-1,-1,6,1,E01013301,0
Unvalidated,2024161441859,2024,161441859,2,1,0,18,3,7,0,1,0,0,0,0,4,1,2,1,24,5,-1,-1,-1,-1,1,1,E01013330,0
Unvalidated,2024161441882,2024,161441882,1,5,0,17,5,7,0,0,0,0,1,0,1,1,6,2,41,7,-1,-1,-1,-1,2,1,E01007348,0
Unvalidated,2024161441883,2024,161441883,1,9,0,18,7,3,0,0,0,0,0,0,1,1,5,1,21,5,-1,-1,-1,-1,6,2,E01013021,0
Unvalidated,2024161441883,2024,161441883,2,9,0,18,7,3,0,0,0,0,0,0,2,1,5,1,53,8,-1,-1,-1,-1,7,2,E01013256,0
Unvalidated,2024161441890,2024,161441890,1,23,0,18,4,8,0,1,0,0,0,0,1,1,6,1,17,4,-1,-1,-1,-1,1,1,E01012783,0
Unvalidated,2024161441890,2024,161441890,2,9,0,10,4,2,0,1,0,0,0,0,4,1,5,2,37,7,-1,-1,-1,-1,1,1,E01012788,0
Unvalidated,2024161441956,2024,161441956,1,9,0,18,1,5,0,0,0,0,0,0,4,1,6,2,33,6,-1,-1,-1,-1,5,3,E01013308,0
Unvalidated,2024161442282,2024,161442282,1,9,0,9,3,1,0,8,0,0,0,0,1,1,6,2,70,10,-1,-1,-1,-1,8,3,E01012984,0
Unvalidated,2024161442282,2024,161442282,2,5,0,18,7,3,0,8,2,0,0,0,1,1,6,2,46,8,-1,-1,-1,-1,4,2,E01011052,0
Unvalidated,2024161442320,2024,161442320,1,9,0,4,6,2,0,0,0,0,0,0,2,1,2,2,66,10,-1,-1,-1,-1,7,3,E01013034,0
Unvalidated,2024161442320,2024,161442320,2,1,0,4,6,2,0,0,0,0,0,0,1,1,2,1,46,8,-1,-1,-1,-1,1,1,E01012838,0
Unvalidated,2024161442353,2024,161442353,1,9,0,18,2,6,0,0,0,0,1,0,1,1,5,1,70,10,-1,-1,-1,-1,6,3,E01026399,0