status,collision_index,collision_year,collision_reference,vehicle_reference,vehicle_type,towing_and_articulation,vehicle_manoeuvre,vehicle_direction_from,vehicle_direction_to,vehicle_location_restricted_lane,junction_location,skidding_and_overturning,hit_object_in_carriageway,vehicle_leaving_carriageway,hit_object_off_carriageway,first_point_of_impact,vehicle_left_hand_drive,journey_purpose_of_driver,sex_of_driver,age_of_driver,age_band_of_driver,engine_capacity_cc,propulsion_code,age_of_vehicle,generic_make_model,driver_imd_decile,driver_home_area_type,lsoa_of_driver,escooter_flag
Unvalidated,2024161442353,2024,161442353,2,9,0,18,6,2,0,0,0,0,0,0,1,1,2,1,45,7,-1,-1,-1,-1,9,1,E01026292,0
Unvalidated,2024161442867,2024,161442867,1,9,0,18,5,1,0,3,0,0,0,0,1,1,6,2,31,6,-1,-1,-1,-1,1,1,E01012892,0
Unvalidated,2024161442867,2024,161442867,2,1,0,7,1,6,0,3,0,0,0,0,2,1,6,1,64,9,-1,-1,-1,-1,5,1,E01012964,0
Unvalidated,2024161442868,2024,161442868,1,9,0,9,5,7,0,6,0,0,0,0,4,1,5,1,23,5,-1,-1,-1,-1,3,3,E01012992,0
Unvalidated,2024161442959,2024,161442959,1,9,0,18,7,3,0,0,0,4,0,0,1,1,5,1,38,7,-1,-1,-1,-1,8,3,E01012988,0
Unvalidated,2024161442959,2024,161442959,2,9,0,2,0,0,0,0,0,0,0,0,3,1,6,3,-1,-1,-1,-1,-1,-1,-1,-1,-1,0
Unvalidated,2024161442985,2024,161442985,1,5,0,18,2,6,0,0,1,0,0,0,3,1,6,1,45,7,-1,-1,-1,-1,7,3,E01013294,0
Unvalidated,2024161443065,2024,161443065,1,8,0,4,3,7,0,1,0,0,0,0,1,1,1,3,-1,-1,-1,-1,-1,-1,-1,-1,-1,0
Unvalidated,2024161443065,2024,161443065,2,9,0,3,3,7,0,1,0,0,0,0,2,1,6,3,-1,-1,-1,-1,-1,-1,-1,-1,-1,0
Unvalidated,2024161443096,2024,161443096,1,11,0,4,6,2,0,1,0,0,0,0,0,1,1,2,46,8,-1,-1,-1,-1,1,1,E01012855,0
Unvalidated,2024161443127,2024,161443127,1,19,0,4,7,3,0,0,0,0,0,0,4,1,6,1,52,8,-1,-1,-1,-1,3,1,E01012963,0
Unvalidated,2024161443127,2024,161443127,2,9,0,4,7,3,0,0,0,0,0,0,3,1,6,1,-1,-1,-1,-1,-1,-1,-1,-1,-1,0
Unvalidated,2024161443337,2024,161443337,1,9,0,18,5,1,0,0,0,0,4,9,1,1,2,2,23,5,-1,-1,-1,-1,7,3,E01013039,0
Unvalidated,2024161443389,2024,161443389,1,9,0,5,3,1,9,0,0,0,0,0,4,1,2,2,42,7,-1,-1,-1,-1,5,1,E01012916,0
Unvalidated,2024161443389,2024,161443389,2,1,0,18,5,1,9,0,0,0,0,0,1,1,6,2,56,9,-1,-1,-1,-1,3,1,E01012777,0
Unvalidated,2024161443570,2024,161443570,1,9,0,9,4,2,0,1,0,0,0,0,3,1,2,2,32,6,-1,-1,-1,-1,8,1,E01013190,0
Unvalidated,2024161443570,2024,161443570,2,5,0,13,4,8,0,1,0,0,0,0,1,1,6,2,31,6,-1,-1,-1,-1,3,1,E01013134,0
Unvalidated,2024161443780,2024,161443780,1,9,0,18,2,6,0,0,0,0,0,0,3,1,5,1,68,10,-1,-1,-1,-1,1,1,E01012856,0
Unvalidated,2024161443818,2024,161443818,1,9,0,18,4,8,0,0,0,0,0,0,1,1,2,1,22,5,-1,-1,-1,-1,10,1,E01013064,0
Unvalidated,2024161443818,2024,161443818,2,1,0,18,2,6,0,0,0,0,0,0,4,1,6,2,22,5,-1,-1,-1,-1,1,1,E01012847,0
Unvalidated,2024161443818,2024,161443818,3,9,0,2,4,8,0,0,0,0,0,0,0,1,2,2,36,7,-1,-1,-1,-1,-1,-1,-1,0
Unvalidated,2024161443842,2024,161443842,1,9,0,9,5,7,0,6,0,0,0,0,3,1,6,2,55,8,-1,-1,-1,-1,7,1,E01013014,0
Unvalidated,2024161443842,2024,161443842,2,1,0,5,0,1,0,1,0,0,0,0,1,1,6,2,45,7,-1,-1,-1,-1,1,1,E01012864,0
Unvalidated,2024161443895,2024,161443895,1,9,0,4,2,6,0,0,0,0,0,0,4,1,6,1,42,7,-1,-1,-1,-1,3,1,E01013133,0
Unvalidated,2024161443895,2024,161443895,2,9,0,3,2,6,0,0,0,0,0,0,1,1,6,1,-1,-1,-1,-1,-1,-1,2,1,E01012886,0
Unvalidated,2024161443959,2024,161443959,1,19,0,8,1,3,0,0,0,0,0,0,4,1,2,1,32,6,-1,-1,-1,-1,8,1,E01013166,0
Unvalidated,2024161443959,2024,161443959,2,1,0,18,3,7,9,0,0,0,0,0,3,1,5,1,16,4,-1,-1,-1,-1,9,1,E01013168,0
Unvalidated,2024161444061,2024,161444061,1,19,0,9,1,3,0,8,0,7,0,0,1,1,2,1,43,7,-1,-1,-1,-1,1,1,E01012786,0
Unvalidated,2024161444061,2024,161444061,2,9,0,18,1,5,0,8,0,7,0,0,1,1,2,2,38,7,-1,-1,-1,-1,7,1,E01013011,0
Unvalidated,2024161444133,2024,161444133,1,19,0,18,7,3,0,1,0,0,0,0,1,1,1,2,22,5,-1,-1,-1,-1,-1,-1,-1,0
Unvalidated,2024161444133,2024,161444133,2,9,0,18,5,1,0,1,0,0,0,0,1,1,6,1,26,6,-1,-1,-1,-1,5,1,E01013236,0
Unvalidated,2024161444187,2024,161444187,1,21,0,17,8,4,0,8,0,0,0,0,1,1,1,2,32,6,-1,-1,-1,-1,5,2,E01026390,0
Unvalidated,2024161444187,2024,161444187,2,9,0,18,8,4,0,8,0,0,0,0,4,1,6,1,82,11,-1,-1,-1,-1,2,1,E01010778,0
Unvalidated,2024161444222,2024,161444222,1,9,0,18,3,7,0,0,0,0,0,0,3,1,2,1,31,6,-1,-1,-1,-1,6,1,E01013234,0
Unvalidated,2024161444222,2024,161444222,2,9,0,11,3,7,0,0,0,0,0,0,1,1,6,1,24,5,-1,-1,-1,-1,3,1,E01013164,0
Unvalidated,2024161444228,2024,161444228,1,9,0,9,5,3,0,0,0,0,0,0,1,1,6,1,56,9,-1,-1,-1,-1,5,1,E01012773,0
Unvalidated,2024161444228,2024,161444228,2,1,0,18,7,3,0,0,0,0,0,0,3,1,6,1,35,6,-1,-1,-1,-1,1,1,E01012865,0
Unvalidated,2024161444243,2024,161444243,1,9,0,18,2,4,0,1,0,0,0,0,1,1,5,1,39,7,-1,-1,-1,-1,7,2,E01012985,0
Unvalidated,2024161444243,2024,161444243,2,1,0,18,7,3,0,8,0,0,0,0,4,1,6,1,43,7,-1,-1,-1,-1,3,1,E01012943,0
Unvalidated,2024161444249,2024,161444249,1,9,0,9,5,3,0,1,0,0,0,0,4,1,5,2,77,11,-1,-1,-1,-1,4,1,E01012934,0
Unvalidated,2024161444267,2024,161444267,1,9,0,5,1,7,0,6,0,0,0,0,1,1,5,2,56,9,-1,-1,-1,-1,1,1,E01012840,0
Unvalidated,2024161444267,2024,161444267,2,9,0,18,7,3,0,1,0,0,0,0,4,1,5,2,67,10,-1,-1,-1,-1,1,1,E01012833,0
Unvalidated,2024161444276,2024,161444276,1,9,0,18,2,7,0,0,0,0,0,0,1,1,6,1,55,8,-1,-1,-1,-1,1,1,E01012888,0
Unvalidated,2024161444289,2024,161444289,1,9,0,18,7,3,9,2,0,0,0,0,1,2,6,1,74,10,-1,-1,-1,-1,4,1,E01013320,0
Unvalidated,2024161444289,2024,161444289,2,9,0,18,1,5,0,2,0,0,0,0,1,2,6,2,38,7,-1,-1,-1,-1,2,1,E01013284,0
Unvalidated,2024161444292,2024,161444292,1,9,0,18,7,3,0,1,0,0,0,0,1,1,6,1,19,4,-1,-1,-1,-1,6,1,E01013041,0
Unvalidated,2024161444319,2024,161444319,1,90,0,18,4,8,0,1,2,0,0,0,1,1,6,1,42,7,-1,-1,-1,-1,5,3,E01013019,1
Unvalidated,2024161444359,2024,161444359,1,9,0,7,7,1,0,8,0,0,0,0,1,1,6,2,48,8,-1,-1,-1,-1,3,1,E01012832,0
Unvalidated,2024161444359,2024,161444359,2,90,0,18,1,5,0,1,0,0,0,0,1,1,6,1,14,3,-1,-1,-1,-1,1,1,E01012780,1
Unvalidated,2024161444594,2024,161444594,1,9,0,18,3,7,0,0,0,0,0,0,3,1,6,2,60,9,-1,-1,-1,-1,3,1,E01013158,0
Unvalidated,2024161444594,2024,161444594,2,9,0,18,3,7,0,0,0,0,1,0,1,1,6,2,34,6,-1,-1,-1,-1,6,1,E01013285,0
Unvalidated,2024161444601,2024,161444601,1,1,0,18,7,3,0,0,0,0,0,0,1,1,6,1,52,8,-1,-1,-1,-1,1,1,E01012783,0
Unvalidated,2024161444601,2024,161444601,2,9,0,18,7,3,0,0,0,0,0,0,1,1,6,3,-1,-1,-1,-1,-1,-1,-1,-1,-1,0
Unvalidated,2024161444608,2024,161444608,1,9,0,18,7,3,0,0,0,4,0,0,1,1,5,1,31,6,-1,-1,-1,-1,9,1,E01013316,0
Unvalidated,2024161444608,2024,161444608,2,9,0,2,0,0,0,0,0,0,0,0,1,1,6,3,-1,-1,-1,-1,-1,-1,-1,-1,-1,0
Unvalidated,2024161444617,2024,161444617,1,9,0,18,3,7,0,0,2,0,1,9,1,1,2,2,37,7,-1,-1,-1,-1,10,2,E01013293,0
Unvalidated,2024161444622,2024,161444622,1,5,0,18,3,7,0,5,0,4,0,0,1,1,6,3,-1,-1,-1,-1,-1,-1,-1,-1,-1,0
Unvalidated,2024161444622,2024,161444622,2,9,0,2,3,7,0,2,0,0,0,0,2,1,5,1,52,8,-1,-1,-1,-1,3,1,E01013310,0
Unvalidated,2024161444627,2024,161444627,1,19,0,18,3,7,0,1,0,0,2,2,1,1,1,1,42,7,-1,-1,-1,-1,-1,-1,-1,0
Unvalidated,2024161444636,2024,161444636,1,9,0,8,5,7,0,0,0,0,0,0,1,1,5,2,71,10,-1,-1,-1,-1,9,1,E01012957,0
Unvalidated,2024161444636,2024,161444636,2,1,0,18,7,3,0,0,0,0,0,0,1,1,6,1,11,3,-1,-1,-1,-1,7,1,E01012954,0
Unvalidated,2024161444646,2024,161444646,1,9,0,18,8,4,0,0,1,0,7,0,1,1,5,1,19,4,-1,-1,-1,-1,7,1,E01012815,0
Unvalidated,2024161444646,2024,161444646,2,19,0,18,4,8,0,0,0,0,1,0,1,1,1,1,31,6,-1,-1,-1,-1,8,1,E01013190,0
Unvalidated,2024161444663,2024,161444663,1,9,0,18,2,6,0,1,5,4,0,0,1,1,6,2,34,6,-1,-1,-1,-1,9,1,E01012770,0
Unvalidated,2024161444663,2024,161444663,2,9,0,2,0,0,0,1,0,0,0,0,1,1,6,3,-1,-1,-1,-1,-1,-1,-1,-1,-1,0
Unvalidated,2024161444685,2024,161444685,1,9,0,18,8,4,0,3,0,0,0,0,1,1,6,2,29,6,-1,-1,-1,-1,6,1,E01013234,0
Unvalidated,2024161444685,2024,161444685,2,9,0,18,2,6,0,4,0,0,0,0,3,1,6,1,58,9,-1,-1,-1,-1,1,1,E01012805,0
Unvalidated,2024161444689,2024,161444689,1,9,0,3,5,1,0,4,0,0,0,0,2,1,6,1,34,6,-1,-1,-1,-1,1,1,E01013296,0
Unvalidated,2024161444689,2024,161444689,2,9,0,3,5,1,0,4,0,0,0,0,1,1,6,2,27,6,-1,-1,-1,-1,7,1,E01013333,0
Unvalidated,2024161444817,2024,161444817,1,9,0,18,6,2,0,0,0,10,0,0,1,1,6,2,76,11,-1,-1,-1,-1,3,3,E01012986,0
Unvalidated,2024161444834,2024,161444834,1,9,0,5,0,6,0,1,0,4,0,0,2,1,6,1,46,8,-1,-1,-1,-1,1,1,E01012790,0
Unvalidated,2024161444834,2024,161444834,2,9,0,2,0,0,0,1,0,0,0,0,4,1,6,3,-1,-1,-1,-1,-1,-1,-1,-1,-1,0
Unvalidated,2024161444839,2024,161444839,1,9,0,12,2,4,0,0,0,0,0,0,1,1,6,1,76,11,-1,-1,-1,-1,5,2,E01013082,0
Unvalidated,2024161444839,2024,161444839,2,3,0,9,2,4,0,0,0,0,0,0,3,1,2,1,44,7,-1,-1,-1,-1,3,1,E01012860,0
Unvalidated,2024161444853,2024,161444853,1,97,0,18,8,4,0,0,1,0,0,0,0,1,6,1,16,4,-1,-1,-1,-1,1,1,E01012785,0
Unvalidated,2024161444900,2024,161444900,1,9,0,6,5,1,0,0,0,0,0,0,1,1,6,1,76,11,-1,-1,-1,-1,6,1,E01012766,0
Unvalidated,2024161444900,2024,161444900,2,9,0,18,5,1,0,0,0,0,0,0,3,1,6,2,40,7,-1,-1,-1,-1,6,1,E01012766,0
Unvalidated,2024161444918,2024,161444918,1,9,0,3,7,3,0,0,0,0,0,0,1,1,6,3,-1,-1,-1,-1,-1,-1,-1,-1,-1,0
Unvalidated,2024161444918,2024,161444918,2,9,0,3,7,3,0,0,0,0,0,0,2,1,6,1,38,7,-1,-1,-1,-1,6,1,E01012765,0
Unvalidated,2024161444920,2024,161444920,1,9,0,18,8,4,0,0,0,0,1,10,1,1,6,1,63,9,-1,-1,-1,-1,3,3,E01013029,0
Unvalidated,2024161444924,2024,161444924,1,3,0,18,1,6,0,1,0,0,1,0,3,1,6,1,20,4,-1,-1,-1,-1,5,3,E01013048,0
Unvalidated,2024161445054,2024,161445054,1,1,0,18,6,2,4,8,0,0,0,0,1,1,6,1,16,4,-1,-1,-1,-1,5,1,E01012772,0
Unvalidated,2024161445054,2024,161445054,2,9,0,18,1,5,0,8,0,0,0,0,3,1,6,1,-1,-1,-1,-1,-1,-1,-1,-1,-1,0
Unvalidated,2024161445079,2024,161445079,1,1,0,18,7,3,0,0,0,0,0,0,4,1,6,1,13,3,-1,-1,-1,-1,1,1,E01013136,0
Unvalidated,2024161445079,2024,161445079,2,9,0,1,1,5,0,0,0,0,0,0,2,1,6,1,61,9,-1,-1,-1,-1,3,1,E01013184,0
Unvalidated,2024161445126,2024,161445126,1,9,0,18,3,7,0,6,0,0,0,0,1,1,6,1,17,4,-1,-1,-1,-1,10,3,E01013057,0
Unvalidated,2024161445126,2024,161445126,2,19,0,18,5,1,0,8,0,0,1,9,1,1,6,1,63,9,-1,-1,-1,-1,8,3,E01027875,0
Unvalidated,2024161445313,2024,161445313,1,1,0,18,2,6,0,1,0,0,0,0,1,1,2,1,34,6,-1,-1,-1,-1,1,1,E01012850,0
Unvalidated,2024161445317,2024,161445317,1,9,0,18,1,5,0,3,0,0,0,0,1,1,6,2,38,7,-1,-1,-1,-1,1,1,E01012845,0
Unvalidated,2024161445317,2024,161445317,2,9,0,3,1,5,0,3,0,0,0,0,2,1,6,1,56,9,-1,-1,-1,-1,4,1,E01012829,0
Unvalidated,2024161445317,2024,161445317,3,9,0,3,1,5,0,3,0,0,0,0,2,1,2,2,34,6,-1,-1,-1,-1,3,1,E01012832,0
Unvalidated,2024161445340,2024,161445340,1,3,0,18,2,6,0,4,0,0,0,0,2,1,6,1,22,5,-1,-1,-1,-1,1,1,E01013330,0
Unvalidated,2024161445340,2024,161445340,2,3,0,18,2,6,0,4,0,0,0,0,1,1,6,1,22,5,-1,-1,-1,-1,1,1,E01013278,0
Unvalidated,2024161445408,2024,161445408,1,1,0,18,5,1,0,1,0,0,0,0,2,1,6,2,15,3,-1,-1,-1,-1,1,1,E01013203,0
Unvalidated,2024161445408,2024,161445408,2,9,0,7,7,1,0,1,0,0,0,0,1,1,6,2,-1,-1,-1,-1,-1,-1,-1,-1,-1,0
Unvalidated,2024161445450,2024,161445450,1,9,0,18,1,5,0,0,0,10,0,0,2,1,6,2,44,7,-1,-1,-1,-1,1,1,E01012781,0
Unvalidated,2024161445450,2024,161445450,2,19,0,18,1,5,0,0,0,0,0,0,1,1,6,1,-1,-1,-1,-1,-1,-1,-1,-1,-1,0
Unvalidated,2024161445473,2024,161445473,1,9,0,18,2,7,0,1,0,0,0,0,-1,1,6,3,45,7,-1,-1,-1,-1,1,1,E01012857,0
Unvalidated,2024161445473,2024,161445473,2,9,0,18,2,7,0,1,0,0,0,0,-1,1,6,1,-1,-1,-1,-1,-1,-1,-1,-1,-1,0
Unvalidated,2024161445598,2024,161445598,1,9,0,7,7,1,0,3,0,4,0,0,2,1,5,2,29,6,-1,-1,-1,-1,1,1,E01012855,0
Unvalidated,2024161445598,2024,161445598,2,9,0,7,7,1,0,3,0,0,0,0,1,1,6,3,-1,-1,-1,-1,-1,-1,-1,-1,-1,0
Unvalidated,2024161445598,2024,161445598,3,19,0,7,7,1,0,3,0,0,0,0,2,1,6,3,-1,-1,-1,-1,-1,-1,-1,-1,-1,0
Unvalidated,2024161445689,2024,161445689,1,9,0,18,2,6,0,1,5,4,0,0,1,1,6,1,26,6,-1,-1,-1,-1,6,3,E01013022,0
Unvalidated,2024161445689,2024,161445689,2,9,0,2,0,0,0,1,0,4,0,0,2,1,6,3,-1,-1,-1,-1,-1,-1,-1,-1,-1,0
Unvalidated,2024161445689,2024,161445689,3,9,0,2,0,0,0,1,0,4,0,0,2,1,6,3,-1,-1,-1,-1,-1,-1,-1,-1,-1,0
Unvalidated,2024161445689,2024,161445689,4,9,0,2,0,0,0,1,0,0,0,0,2,1,6,3,-1,-1,-1,-1,-1,-1,-1,-1,-1,0
Unvalidated,2024161445778,2024,161445778,1,3,0,17,2,6,0,1,0,11,1,0,4,1,6,1,19,4,-1,-1,-1,-1,4,1,E01012976,0
Unvalidated,2024161445847,2024,161445847,1,9,0,18,1,5,0,4,0,0,0,0,1,1,6,2,68,10,-1,-1,-1,-1,10,2,E01013060,0
Unvalidated,2024161445847,2024,161445847,2,5,0,18,7,3,0,3,0,0,0,0,4,1,6,1,68,10,-1,-1,-1,-1,7,1,E01027788,0
Unvalidated,2024161445933,2024,161445933,1,9,0,9,8,7,0,1,0,0,0,0,1,1,2,2,33,6,-1,-1,-1,-1,4,1,E01012776,0
Unvalidated,2024161445933,2024,161445933,2,9,0,16,6,8,0,1,0,0,0,0,1,1,2,2,25,5,-1,-1,-1,-1,9,2,E01012974,0
Unvalidated,2024161446037,2024,161446037,1,8,0,18,5,1,0,0,0,0,0,0,2,1,1,3,-1,-1,-1,-1,-1,-1,-1,-1,-1,0
Unvalidated,2024161446037,2024,161446037,2,9,0,18,5,1,0,0,0,0,0,0,1,1,6,3,-1,-1,-1,-1,-1,-1,-1,-1,-1,0
Unvalidated,2024161446049,2024,161446049,1,9,0,13,7,3,0,0,0,0,0,0,1,1,6,1,53,8,-1,-1,-1,-1,3,1,E01012913,0
Unvalidated,2024161446049,2024,161446049,2,9,0,18,7,3,0,0,0,0,0,0,2,1,6,1,63,9,-1,-1,-1,-1,10,1,E01013111,0
Unvalidated,2024161446076,2024,161446076,1,2,0,18,7,3,0,1,5,0,0,0,4,1,5,1,16,4,-1,-1,-1,-1,1,1,E01012788,0
Unvalidated,2024161446076,2024,161446076,2,9,0,9,1,7,0,1,0,0,0,0,3,1,6,2,26,6,-1,-1,-1,-1,-1,-1,-1,0
Unvalidated,2024161446167,2024,161446167,1,1,0,18,5,1,4,1,0,0,0,0,1,1,2,1,30,6,-1,-1,-1,-1,1,1,E01012857,0
Unvalidated,2024161446167,2024,161446167,2,9,0,9,1,7,0,1,0,0,0,0,4,1,6,1,-1,-1,-1,-1,-1,-1,-1,-1,-1,0
Unvalidated,2024161446167,2024,161446167,3,9,0,18,5,1,0,1,0,0,0,0,2,1,6,3,-1,-1,-1,-1,-1,-1,-1,-1,-1,0
Unvalidated,2024161446242,2024,161446242,1,9,0,3,5,1,0,0,0,0,0,0,2,1,2,2,31,6,-1,-1,-1,-1,7,1,E01013188,0
Unvalidated,2024161446242,2024,161446242,2,9,0,18,5,1,0,0,0,0,0,0,1,1,6,3,-1,-1,-1,-1,-1,-1,-1,-1,-1,0
Unvalidated,2024161446388,2024,161446388,1,9,0,18,7,3,0,0,0,0,0,0,0,1,6,2,-1,-1,-1,-1,-1,-1,-1,-1,-1,0
Unvalidated,2024161446402,2024,161446402,1,9,0,7,5,7,0,4,0,0,0,0,3,1,6,3,-1,-1,-1,-1,-1,-1,-1,-1,-1,0
Unvalidated,2024161446402,2024,161446402,2,1,0,18,3,7,0,3,0,0,0,0,1,1,6,1,15,3,-1,-1,-1,-1,1,1,E01013312,0
Unvalidated,2024161447130,2024,161447130,1,9,0,8,6,2,0,1,0,0,0,0,2,1,6,2,27,6,-1,-1,-1,-1,6,1,E01012912,0
Unvalidated,2024161447130,2024,161447130,2,9,0,7,6,2,0,1,0,0,0,0,1,1,6,2,-1,-1,-1,-1,-1,-1,-1,-1,-1,0
Unvalidated,2024161447246,2024,161447246,1,1,0,3,4,8,0,1,0,0,0,0,2,1,6,1,22,5,-1,-1,-1,-1,2,1,E01013187,0
Unvalidated,2024161447246,2024,161447246,2,9,0,3,4,8,0,1,0,0,0,0,1,1,6,1,-1,-1,-1,-1,-1,-1,2,1,E01013202,0
Unvalidated,2024161447298,2024,161447298,1,8,0,2,0,0,0,0,0,0,0,0,2,1,1,1,46,8,-1,-1,-1,-1,2,1,E01013143,0
Unvalidated,2024161447298,2024,161447298,2,8,0,3,1,6,0,0,0,0,0,0,2,1,1,1,46,8,-1,-1,-1,-1,3,1,E01013198,0
Unvalidated,2024161447298,2024,161447298,3,9,0,7,4,6,0,0,0,0,0,0,1,1,6,2,25,5,-1,-1,-1,-1,2,1,E01013143,0
Unvalidated,2024161447576,2024,161447576,1,1,0,18,5,2,0,4,0,0,0,0,4,1,6,1,15,3,-1,-1,-1,-1,10,1,E01013108,0
Unvalidated,2024161447576,2024,161447576,2,19,0,18,8,4,0,3,0,0,0,0,1,1,6,1,-1,-1,-1,-1,-1,-1,7,1,E01032596,0
Unvalidated,2024161447665,2024,161447665,1,9,0,11,3,7,0,0,0,0,1,11,1,1,6,1,36,7,-1,-1,-1,-1,1,1,E01012876,0
Unvalidated,2024161447665,2024,161447665,2,9,0,18,3,7,0,0,5,0,1,11,2,1,2,2,50,8,-1,-1,-1,-1,10,2,E01012970,0
Unvalidated,2024161447757,2024,161447757,1,9,0,18,4,8,9,0,0,0,0,0,4,1,6,2,-1,-1,-1,-1,-1,-1,-1,-1,-1,0
Unvalidated,2024161447764,2024,161447764,1,9,0,18,6,2,0,1,1,0,0,0,4,1,6,2,45,7,-1,-1,-1,-1,10,1,E01013070,0
Unvalidated,2024161447764,2024,161447764,2,9,0,5,4,8,0,1,0,0,0,0,4,1,6,1,76,11,-1,-1,-1,-1,7,1,E01013010,0
Unvalidated,2024161447856,2024,161447856,1,3,0,7,6,2,0,5,1,0,0,0,1,1,6,1,25,5,-1,-1,-1,-1,1,1,E01026074,0
Unvalidated,2024161447856,2024,161447856,2,4,0,7,6,2,0,5,0,0,0,0,2,1,6,1,23,5,-1,-1,-1,-1,7,2,E01026106,0
Unvalidated,2024161447864,2024,161447864,1,9,0,8,2,4,0,1,0,0,0,0,4,1,6,2,46,8,-1,-1,-1,-1,10,1,E01013068,0
Unvalidated,2024161447864,2024,161447864,2,1,0,18,4,8,0,1,0,0,0,0,1,1,6,1,11,3,-1,-1,-1,-1,10,2,E01012925,0
Unvalidated,2024161447906,2024,161447906,1,9,0,18,3,7,0,8,0,0,1,10,3,1,6,1,47,8,-1,-1,-1,-1,4,1,E01013207,0
Unvalidated,2024161447906,2024,161447906,2,9,0,18,5,1,0,1,0,0,0,0,1,1,6,1,58,9,-1,-1,-1,-1,3,1,E01013164,0
Unvalidated,2024161448076,2024,161448076,1,5,0,18,6,2,0,0,1,0,0,0,4,1,6,1,28,6,-1,-1,-1,-1,10,2,E01012970,0
Unvalidated,2024161448109,2024,161448109,1,9,0,18,5,1,0,1,0,0,0,0,1,1,6,2,42,7,-1,-1,-1,-1,2,1,E01013002,0
Unvalidated,2024161448109,2024,161448109,2,11,0,2,0,0,0,1,0,0,0,0,3,1,1,1,49,8,-1,-1,-1,-1,8,3,E01013035,0
Unvalidated,2024161448109,2024,161448109,3,9,0,18,1,5,0,2,0,0,0,0,1,1,6,1,53,8,-1,-1,-1,-1,1,1,E01012857,0
Unvalidated,2024161448160,2024,161448160,1,9,0,18,8,4,0,0,0,0,0,0,1,1,6,1,60,9,-1,-1,-1,-1,10,1,E01013043,0
Unvalidated,2024161448160,2024,161448160,2,1,0,18,8,4,0,0,0,0,0,0,2,1,6,1,65,9,-1,-1,-1,-1,10,1,E01013068,0
Unvalidated,2024161448162,2024,161448162,1,9,0,7,1,3,0,2,0,0,3,0,3,1,5,1,59,9,-1,-1,-1,-1,3,1,E01012817,0
Unvalidated,2024161448170,2024,161448170,1,9,0,18,1,5,0,0,0,0,0,0,1,1,5,1,35,6,-1,-1,-1,-1,1,1,E01012888,0
Unvalidated,2024161448170,2024,161448170,2,9,0,6,5,5,0,0,0,0,0,0,1,1,6,2,45,7,-1,-1,-1,-1,10,1,E01013063,0
Unvalidated,2024161448185,2024,161448185,1,9,0,9,3,1,0,5,0,0,0,0,1,2,2,2,29,6,-1,-1,-1,-1,1,1,E01012848,0
Unvalidated,2024161448185,2024,161448185,2,23,0,18,7,3,4,1,0,0,3,0,1,1,6,1,35,6,-1,-1,-1,-1,2,1,E01012886,0
Unvalidated,2024161448191,2024,161448191,1,9,0,18,8,4,0,0,0,0,0,0,4,1,6,1,66,10,-1,-1,-1,-1,2,1,E01013128,0
Unvalidated,2024161448194,2024,161448194,1,3,0,13,2,8,0,1,2,0,0,0,4,1,6,1,19,4,-1,-1,-1,-1,8,2,E01012988,0
Unvalidated,2024161448194,2024,161448194,2,9,0,9,8,6,0,1,0,0,0,0,3,1,6,2,25,5,-1,-1,-1,-1,4,2,E01013049,0
Unvalidated,2024161448204,2024,161448204,1,9,0,18,5,1,0,0,0,0,0,0,4,1,6,2,53,8,-1,-1,-1,-1,3,1,E01013184,0
Unvalidated,2024161448209,2024,161448209,1,1,0,5,3,7,0,0,0,0,0,0,1,1,6,1,57,9,-1,-1,-1,-1,-1,-1,-1,0
Unvalidated,2024161448209,2024,161448209,2,8,0,18,1,5,0,0,0,0,0,0,4,1,1,2,33,6,-1,-1,-1,-1,1,1,E01012865,0
Unvalidated,2024161448218,2024,161448218,1,9,0,18,6,2,0,0,0,4,0,0,1,1,6,1,23,5,-1,-1,-1,-1,1,1,E01012836,0
Unvalidated,2024161448218,2024,161448218,2,9,0,18,2,6,0,0,0,0,0,0,3,1,6,1,36,7,-1,-1,-1,-1,1,1,E01012856,0
Unvalidated,2024161448218,2024,161448218,3,9,0,2,0,0,0,0,0,0,0,0,3,1,6,3,-1,-1,-1,-1,-1,-1,-1,-1,-1,0
Unvalidated,2024161448224,2024,161448224,1,9,0,18,4,8,0,0,0,0,0,0,1,1,6,3,-1,-1,-1,-1,-1,-1,-1,-1,-1,0
Unvalidated,2024161448224,2024,161448224,2,1,0,18,4,8,0,0,5,0,0,0,2,1,4,1,12,3,-1,-1,-1,-1,5,1,E01012824,0
Unvalidated,2024161448228,2024,161448228,1,9,0,9,1,7,0,8,0,0,0,0,4,1,6,1,42,7,-1,-1,-1,-1,1,1,E01013279,0
Unvalidated,2024161448228,2024,161448228,2,9,0,18,5,1,0,1,0,0,0,0,1,1,6,1,59,9,-1,-1,-1,-1,5,1,E01013236,0
Unvalidated,2024161448230,2024,161448230,1,9,0,4,1,5,0,0,0,0,0,0,2,1,6,1,25,5,-1,-1,-1,-1,8,1,E01013190,0
Unvalidated,2024161448230,2024,161448230,2,9,0,18,1,5,0,0,0,0,0,0,1,1,6,1,45,7,-1,-1,-1,-1,8,2,E01026062,0
Unvalidated,2024161448247,2024,161448247,1,9,0,18,1,5,0,0,0,0,0,0,3,1,6,2,55,8,-1,-1,-1,-1,6,3,E01012987,0
Unvalidated,2024161448247,2024,161448247,2,9,0,18,5,1,0,0,0,0,0,0,3,1,6,3,-1,-1,-1,-1,-1,-1,-1,-1,-1,0