status,collision_index,collision_year,collision_reference,vehicle_reference,vehicle_type,towing_and_articulation,vehicle_manoeuvre,vehicle_direction_from,vehicle_direction_to,vehicle_location_restricted_lane,junction_location,skidding_and_overturning,hit_object_in_carriageway,vehicle_leaving_carriageway,hit_object_off_carriageway,first_point_of_impact,vehicle_left_hand_drive,journey_purpose_of_driver,sex_of_driver,age_of_driver,age_band_of_driver,engine_capacity_cc,propulsion_code,age_of_vehicle,generic_make_model,driver_imd_decile,driver_home_area_type,lsoa_of_driver,escooter_flag
Unvalidated,2024161448274,2024,161448274,1,9,0,18,7,3,0,4,0,0,0,0,3,1,2,1,21,5,-1,-1,-1,-1,5,1,E01013297,0
Unvalidated,2024161448274,2024,161448274,2,1,0,18,1,5,0,4,0,0,0,0,3,1,6,1,58,9,-1,-1,-1,-1,1,1,E01013219,0
Unvalidated,2024161448319,2024,161448319,1,9,0,16,2,5,0,0,0,0,7,10,3,1,6,1,34,6,-1,-1,-1,-1,5,1,E01013317,0
Unvalidated,2024161448319,2024,161448319,2,9,0,17,5,2,0,0,0,0,1,0,3,1,6,2,53,8,-1,-1,-1,-1,5,1,E01013236,0
Unvalidated,2024161448319,2024,161448319,3,9,0,18,5,2,0,0,0,0,0,0,1,1,6,1,22,5,-1,-1,-1,-1,4,1,E01026379,0
Unvalidated,2024161448323,2024,161448323,1,9,0,18,8,4,0,1,0,0,0,0,4,1,6,2,31,6,-1,-1,-1,-1,10,3,E01013088,0
Unvalidated,2024161448661,2024,161448661,1,9,0,18,3,7,0,4,0,0,0,0,1,1,6,1,36,7,-1,-1,-1,-1,3,1,E01013198,0
Unvalidated,2024161448661,2024,161448661,2,5,0,3,3,7,0,4,0,0,0,0,2,1,6,1,76,11,-1,-1,-1,-1,8,2,E01013269,0
Unvalidated,2024161448702,2024,161448702,1,9,0,9,4,2,0,0,0,0,0,0,4,1,6,1,65,9,-1,-1,-1,-1,1,1,E01012894,0
Unvalidated,2024161448702,2024,161448702,2,9,0,18,4,8,0,0,0,0,7,4,1,1,6,1,22,5,-1,-1,-1,-1,-1,-1,-1,0
Unvalidated,2024161448826,2024,161448826,1,9,0,18,5,1,0,1,9,0,0,0,1,1,6,2,80,11,-1,-1,-1,-1,5,3,E01013225,0
Unvalidated,2024161448826,2024,161448826,2,9,0,2,0,0,0,1,0,0,0,0,4,1,6,3,-1,-1,-1,-1,-1,-1,-1,-1,-1,0
Unvalidated,2024161448974,2024,161448974,1,1,0,18,6,2,0,0,0,0,0,0,1,1,5,1,62,9,-1,-1,-1,-1,6,3,E01013023,0
Unvalidated,2024161448974,2024,161448974,2,19,0,18,2,6,0,0,0,0,0,0,1,1,1,1,22,5,-1,-1,-1,-1,10,2,E01013340,0
Unvalidated,2024161449097,2024,161449097,1,9,0,18,3,7,0,1,0,0,0,0,1,1,6,1,17,4,-1,-1,-1,-1,7,2,E01013124,0
Unvalidated,2024161449097,2024,161449097,2,9,3,18,5,1,0,8,5,0,0,0,4,1,6,1,77,11,-1,-1,-1,-1,5,3,E01013437,0
Unvalidated,2024161449129,2024,161449129,1,9,0,18,6,2,0,0,0,0,0,0,1,1,6,3,-1,-1,-1,-1,-1,-1,-1,-1,-1,0
Unvalidated,2024161449129,2024,161449129,2,9,0,18,6,2,0,0,0,0,1,0,3,1,6,1,37,7,-1,-1,-1,-1,9,1,E01012955,0
Unvalidated,2024161449180,2024,161449180,1,9,0,18,8,4,0,0,1,0,7,0,3,1,6,2,21,5,-1,-1,-1,-1,3,1,E01012943,0
Unvalidated,2024161449180,2024,161449180,2,9,0,18,4,8,0,0,1,0,1,0,3,1,6,1,58,9,-1,-1,-1,-1,7,1,E01027808,0
Unvalidated,2024161449509,2024,161449509,1,2,9,99,8,4,0,9,9,99,9,0,1,1,6,1,16,4,-1,-1,-1,-1,4,1,E01013183,0
Unvalidated,2024161449509,2024,161449509,2,8,9,99,4,8,0,9,9,99,9,0,9,1,6,3,-1,-1,-1,-1,-1,-1,-1,-1,-1,0
Unvalidated,2024161449642,2024,161449642,1,9,0,9,5,3,0,8,0,0,0,0,4,1,6,1,21,5,-1,-1,-1,-1,10,2,E01013328,0
Unvalidated,2024161449642,2024,161449642,2,9,0,18,1,5,0,8,0,0,0,0,3,1,2,2,20,4,-1,-1,-1,-1,5,1,E01013313,0
Unvalidated,2024161449718,2024,161449718,1,9,0,18,6,2,0,0,0,0,0,0,1,1,6,2,22,5,-1,-1,-1,-1,1,1,E01012842,0
Unvalidated,2024161449825,2024,161449825,1,1,0,4,5,8,0,1,0,0,0,0,3,1,5,2,61,9,-1,-1,-1,-1,-1,-1,-1,0
Unvalidated,2024161449825,2024,161449825,2,9,0,4,8,5,0,1,0,0,0,0,3,1,6,2,60,9,-1,-1,-1,-1,-1,-1,-1,0
Unvalidated,2024161450119,2024,161450119,1,11,0,4,2,6,0,0,0,0,0,0,0,1,1,1,42,7,-1,-1,-1,-1,-1,-1,-1,0
Unvalidated,2024161450128,2024,161450128,1,9,0,18,6,2,0,0,0,0,0,0,4,1,6,3,-1,-1,-1,-1,-1,-1,-1,-1,-1,0
Unvalidated,2024161450128,2024,161450128,2,1,0,18,5,1,0,0,2,0,0,0,1,1,5,1,34,6,-1,-1,-1,-1,-1,-1,-1,0
Unvalidated,2024161450152,2024,161450152,1,9,0,18,1,5,0,4,0,0,0,0,3,1,6,3,-1,-1,-1,-1,-1,-1,-1,-1,-1,0
Unvalidated,2024161450152,2024,161450152,2,1,0,18,1,5,0,6,2,0,0,0,4,1,6,1,16,4,-1,-1,-1,-1,-1,-1,-1,0
Unvalidated,2024161450218,2024,161450218,1,9,0,18,1,5,0,1,0,0,0,0,1,1,6,2,29,6,-1,-1,-1,-1,-1,-1,-1,0
Unvalidated,2024161450218,2024,161450218,2,1,0,18,3,7,0,4,2,0,0,0,3,1,4,1,10,2,-1,-1,-1,-1,4,1,E01012776,0
Unvalidated,2024161450228,2024,161450228,1,11,0,18,7,3,0,0,0,0,0,0,0,1,1,1,29,6,-1,-1,-1,-1,9,1,E01012770,0
Unvalidated,2024161450242,2024,161450242,1,98,0,9,4,2,0,5,0,0,0,0,2,1,6,1,20,4,-1,-1,-1,-1,1,1,E01012867,0
Unvalidated,2024161450242,2024,161450242,2,9,0,18,4,8,0,1,0,0,0,0,1,1,6,3,-1,-1,-1,-1,-1,-1,-1,-1,-1,0
Unvalidated,2024161450253,2024,161450253,1,9,0,1,3,7,0,0,0,0,0,0,2,1,6,2,24,5,-1,-1,-1,-1,-1,-1,-1,0
Unvalidated,2024161450253,2024,161450253,2,22,0,18,3,7,0,0,0,0,0,0,4,1,6,1,81,11,-1,-1,-1,-1,1,1,E01012898,0
Unvalidated,2024161450290,2024,161450290,1,9,0,1,3,7,0,0,0,0,0,0,4,1,6,3,-1,-1,-1,-1,-1,-1,-1,-1,-1,0
Unvalidated,2024161450290,2024,161450290,2,1,0,18,7,3,0,0,0,0,0,0,1,1,6,1,16,4,-1,-1,-1,-1,-1,-1,-1,0
Unvalidated,2024161450304,2024,161450304,1,9,0,8,1,5,0,1,0,0,0,0,1,1,6,2,33,6,-1,-1,-1,-1,7,1,E01012815,0
Unvalidated,2024161450304,2024,161450304,2,1,0,9,7,3,0,1,2,0,0,0,1,1,6,2,16,4,-1,-1,-1,-1,-1,-1,-1,0
Unvalidated,2024161450409,2024,161450409,1,9,0,8,8,2,0,0,0,0,0,0,1,1,6,1,57,9,-1,-1,-1,-1,2,1,E01013129,0
Unvalidated,2024161450409,2024,161450409,2,9,0,8,8,2,0,0,0,0,0,0,2,1,6,1,56,9,-1,-1,-1,-1,2,1,E01013195,0
Unvalidated,2024161450409,2024,161450409,3,9,0,8,8,2,0,0,0,0,0,0,2,1,6,2,53,8,-1,-1,-1,-1,2,1,E01013195,0
Unvalidated,2024161450462,2024,161450462,1,9,0,18,7,3,0,8,0,0,0,0,4,1,6,1,72,10,-1,-1,-1,-1,4,1,E01013183,0
Unvalidated,2024161450462,2024,161450462,2,9,0,18,5,1,0,8,0,0,0,0,1,1,6,1,35,6,-1,-1,-1,-1,1,1,E01013142,0
Unvalidated,2024161450515,2024,161450515,1,9,0,3,1,5,0,4,0,0,0,0,2,1,6,1,37,7,-1,-1,-1,-1,1,1,E01012895,0
Unvalidated,2024161450515,2024,161450515,2,19,0,3,1,5,0,4,0,0,0,0,1,1,6,1,25,5,-1,-1,-1,-1,1,1,E01033110,0
Unvalidated,2024161450548,2024,161450548,1,9,0,18,7,3,0,1,0,0,1,2,1,1,6,3,-1,-1,-1,-1,-1,-1,-1,-1,-1,0
Unvalidated,2024161450548,2024,161450548,2,9,0,9,7,3,0,1,1,0,0,0,1,1,1,2,19,4,-1,-1,-1,-1,1,1,E01012879,0
Unvalidated,2024161450575,2024,161450575,1,9,0,13,3,7,0,1,0,0,0,0,3,1,6,3,-1,-1,-1,-1,-1,-1,-1,-1,-1,0
Unvalidated,2024161450575,2024,161450575,2,1,0,18,3,7,0,1,2,0,0,0,3,1,6,1,28,6,-1,-1,-1,-1,3,1,E01012795,0
Unvalidated,2024161450583,2024,161450583,1,9,0,18,2,6,0,0,0,0,0,0,1,1,6,3,-1,-1,-1,-1,-1,-1,-1,-1,-1,0
Unvalidated,2024161450583,2024,161450583,2,1,0,12,2,6,0,0,0,0,0,0,4,1,6,1,36,7,-1,-1,-1,-1,3,1,E01013231,0
Unvalidated,2024161450595,2024,161450595,1,9,0,18,3,7,0,0,0,0,0,0,1,1,6,2,30,6,-1,-1,-1,-1,2,1,E01013237,0
Unvalidated,2024161450672,2024,161450672,1,9,0,9,4,1,0,5,0,0,0,0,3,1,6,1,91,11,-1,-1,-1,-1,8,2,E01013098,0
Unvalidated,2024161450672,2024,161450672,2,5,0,18,4,8,0,1,5,0,7,0,1,1,6,1,32,6,-1,-1,-1,-1,2,1,E01013281,0
Unvalidated,2024161450826,2024,161450826,1,9,0,9,6,4,0,2,0,0,0,0,1,1,6,1,82,11,-1,-1,-1,-1,9,1,E01012998,0
Unvalidated,2024161450826,2024,161450826,2,1,0,7,4,6,0,1,0,0,0,0,3,1,2,1,55,8,-1,-1,-1,-1,4,1,E01012995,0
Unvalidated,2024161450929,2024,161450929,1,98,0,18,8,4,0,0,0,0,1,4,1,1,6,1,75,10,-1,-1,-1,-1,3,1,E01013133,0
Unvalidated,2024161450945,2024,161450945,1,9,0,10,2,8,0,1,0,0,0,0,1,1,5,2,66,10,-1,-1,-1,-1,9,2,E01013059,0
Unvalidated,2024161450945,2024,161450945,2,9,0,18,8,4,0,1,0,0,0,0,4,1,5,2,42,7,-1,-1,-1,-1,10,2,E01013054,0
Unvalidated,2024161450984,2024,161450984,1,9,0,18,7,3,0,4,0,0,1,0,3,2,5,2,63,9,-1,-1,-1,-1,5,1,E01012768,0
Unvalidated,2024161450984,2024,161450984,2,9,0,18,7,1,0,2,0,0,0,0,4,2,5,1,67,10,-1,-1,-1,-1,6,1,E01012982,0
Unvalidated,2024161451042,2024,161451042,1,9,0,5,1,3,0,0,0,0,7,11,1,1,6,1,64,9,-1,-1,-1,-1,6,3,E01012987,0
Unvalidated,2024161451193,2024,161451193,1,19,0,12,1,7,0,3,2,10,0,0,2,1,5,1,54,8,-1,-1,-1,-1,3,1,E01012757,0
Unvalidated,2024161451193,2024,161451193,2,9,0,18,1,7,0,3,0,0,0,0,1,1,6,1,43,7,-1,-1,-1,-1,1,1,E01012838,0
Unvalidated,2024161451264,2024,161451264,1,9,0,4,4,1,0,0,0,0,0,0,1,1,5,2,76,11,-1,-1,-1,-1,8,1,E01012812,0
Unvalidated,2024161451370,2024,161451370,1,9,0,16,8,4,0,0,2,0,1,10,4,1,6,1,18,4,-1,-1,-1,-1,7,3,E01012989,0
Unvalidated,2024161451418,2024,161451418,1,22,0,3,6,8,0,1,0,0,0,0,1,1,6,1,86,11,-1,-1,-1,-1,8,1,E01012977,0
Unvalidated,2024161451454,2024,161451454,1,11,0,4,2,6,2,0,0,0,0,0,0,1,1,1,42,7,-1,-1,-1,-1,1,1,E01012778,0
Unvalidated,2024161451455,2024,161451455,1,9,0,9,3,7,0,1,0,0,0,0,1,1,6,3,-1,-1,-1,-1,-1,-1,-1,-1,-1,0
Unvalidated,2024161451534,2024,161451534,1,22,0,18,8,4,0,1,0,0,0,0,1,1,6,2,33,6,-1,-1,-1,-1,1,1,E01013144,0
Unvalidated,2024161451534,2024,161451534,2,9,0,18,2,6,0,1,0,0,0,0,1,1,6,3,-1,-1,-1,-1,-1,-1,-1,-1,-1,0
Unvalidated,2024161451622,2024,161451622,1,1,0,18,7,3,0,2,0,0,0,0,3,1,1,1,36,7,-1,-1,-1,-1,3,1,E01012872,0
Unvalidated,2024161451622,2024,161451622,2,20,0,7,1,3,0,8,0,0,0,0,4,1,1,1,61,9,-1,-1,-1,-1,8,1,E01033107,0
Unvalidated,2024161451626,2024,161451626,1,9,0,18,7,3,0,0,0,0,0,0,1,1,6,2,28,6,-1,-1,-1,-1,3,1,-1,0
Unvalidated,2024161451626,2024,161451626,2,9,0,4,7,3,0,0,0,0,0,0,2,1,6,2,42,7,-1,-1,-1,-1,4,1,E01013314,0
Unvalidated,2024161451629,2024,161451629,1,9,0,7,2,4,0,1,0,0,0,0,4,1,2,2,58,9,-1,-1,-1,-1,-1,-1,-1,0
Unvalidated,2024161451629,2024,161451629,2,1,0,5,2,6,0,1,0,0,0,0,3,1,6,1,21,5,-1,-1,-1,-1,-1,-1,-1,0
Unvalidated,2024161451644,2024,161451644,1,9,0,18,2,6,0,0,0,0,0,0,2,1,5,2,33,6,-1,-1,-1,-1,4,1,E01012938,0
Unvalidated,2024161451644,2024,161451644,2,9,0,18,2,6,0,0,0,0,0,0,1,1,5,2,36,7,-1,-1,-1,-1,4,2,E01013079,0
Unvalidated,2024161451714,2024,161451714,1,3,0,18,6,2,9,0,1,0,0,0,4,1,6,1,21,5,-1,-1,-1,-1,1,1,E01012806,0
Unvalidated,2024161451714,2024,161451714,2,5,0,18,6,2,0,0,0,0,0,0,0,1,1,1,38,7,-1,-1,-1,-1,10,3,E01013090,0
Unvalidated,2024161451714,2024,161451714,3,5,0,18,6,2,0,0,0,0,0,0,0,1,1,1,33,6,-1,-1,-1,-1,10,3,E01013090,0
Unvalidated,2024161451752,2024,161451752,1,9,0,18,2,6,0,0,0,0,0,0,2,1,6,1,79,11,-1,-1,-1,-1,4,1,E01012810,0
Unvalidated,2024161451752,2024,161451752,2,11,0,5,2,6,2,0,0,0,0,0,1,1,6,1,26,6,-1,-1,-1,-1,1,1,E01033110,0
Unvalidated,2024161451756,2024,161451756,1,9,0,18,8,4,0,8,0,0,0,0,3,1,5,1,36,7,-1,-1,-1,-1,4,3,E01012990,0
Unvalidated,2024161451756,2024,161451756,2,3,0,18,7,3,0,1,0,0,0,0,1,1,5,1,28,6,-1,-1,-1,-1,3,3,E01012986,0
Unvalidated,2024161451811,2024,161451811,1,9,0,18,3,7,0,1,1,0,0,0,4,1,5,1,17,4,-1,-1,-1,-1,1,1,E01013218,0
Unvalidated,2024161451811,2024,161451811,2,9,0,9,5,3,0,8,0,0,0,0,1,1,5,1,18,4,-1,-1,-1,-1,1,1,E01013229,0
Unvalidated,2024161452066,2024,161452066,1,1,0,18,2,4,0,1,0,0,0,0,3,1,6,2,49,8,-1,-1,-1,-1,9,3,E01013251,0
Unvalidated,2024161452066,2024,161452066,2,9,0,18,4,2,0,1,0,0,0,0,3,1,6,1,24,5,-1,-1,-1,-1,-1,-1,-1,0
Unvalidated,2024161452130,2024,161452130,1,21,0,16,1,5,0,0,2,0,7,0,4,1,2,1,53,8,-1,-1,-1,-1,4,1,E01007329,0
Unvalidated,2024161452130,2024,161452130,2,19,0,18,1,5,0,0,0,0,1,11,1,1,1,1,41,7,-1,-1,-1,-1,3,1,E01011722,0
Unvalidated,2024161452155,2024,161452155,1,9,0,9,5,3,0,8,0,0,0,0,4,1,6,2,62,9,-1,-1,-1,-1,9,1,E01013103,0
Unvalidated,2024161452156,2024,161452156,1,9,0,7,4,6,0,2,0,0,0,0,1,1,3,2,52,8,-1,-1,-1,-1,1,1,E01013196,0
Unvalidated,2024161452169,2024,161452169,1,9,0,5,5,1,0,1,0,0,0,0,1,1,5,2,74,10,-1,-1,-1,-1,8,1,E01013065,0
Unvalidated,2024161452169,2024,161452169,2,9,0,18,3,7,0,1,0,0,0,0,1,1,6,1,81,11,-1,-1,-1,-1,10,1,E01013067,0
Unvalidated,2024161452214,2024,161452214,1,9,0,14,2,6,0,0,0,4,1,11,4,1,6,1,76,11,-1,-1,-1,-1,3,1,E01013045,0
Unvalidated,2024161452214,2024,161452214,2,9,0,2,0,0,0,0,0,0,0,0,3,1,6,3,-1,-1,-1,-1,-1,-1,-1,-1,-1,0
Unvalidated,2024161452214,2024,161452214,3,9,0,2,0,0,0,0,0,0,0,0,2,1,6,3,-1,-1,-1,-1,-1,-1,-1,-1,-1,0
Unvalidated,2024161452237,2024,161452237,1,9,0,18,5,1,0,1,0,0,0,0,1,1,6,2,20,4,-1,-1,-1,-1,7,1,E01033106,0
Unvalidated,2024161452237,2024,161452237,2,9,0,18,3,7,0,1,0,0,0,0,1,1,6,1,34,6,-1,-1,-1,-1,6,1,E01012766,0
Unvalidated,2024161452521,2024,161452521,1,9,9,18,4,8,99,0,9,99,9,0,9,1,6,3,-1,-1,-1,-1,-1,-1,-1,-1,-1,0
Unvalidated,2024161452560,2024,161452560,1,1,0,18,8,4,0,0,0,0,0,0,3,1,2,1,41,7,-1,-1,-1,-1,2,1,E01013002,0
Unvalidated,2024161452560,2024,161452560,2,9,0,18,4,8,0,0,0,0,0,0,3,1,6,3,-1,-1,-1,-1,-1,-1,-1,-1,-1,0
Unvalidated,2024161452632,2024,161452632,1,9,0,18,3,7,0,0,0,0,0,0,1,1,6,2,24,5,-1,-1,-1,-1,9,1,E01013266,0
Unvalidated,2024161452632,2024,161452632,2,9,0,18,7,3,0,0,0,0,0,0,1,1,1,1,22,5,-1,-1,-1,-1,4,1,E01013179,0
Unvalidated,2024161452635,2024,161452635,1,9,0,18,6,2,0,0,0,0,0,0,1,1,5,2,18,4,-1,-1,-1,-1,10,1,E01012978,0
Unvalidated,2024161452635,2024,161452635,2,9,0,3,6,2,0,0,0,0,0,0,2,1,3,1,41,7,-1,-1,-1,-1,7,2,E01012985,0
Unvalidated,2024161452663,2024,161452663,1,9,0,5,6,2,0,6,0,0,0,0,1,1,5,1,81,11,-1,-1,-1,-1,10,1,E01013114,0
Unvalidated,2024161452663,2024,161452663,2,98,0,18,8,4,0,8,5,0,0,0,3,1,1,1,38,7,-1,-1,-1,-1,6,1,E01012822,0
Unvalidated,2024161452781,2024,161452781,1,1,0,18,6,2,0,1,0,0,0,0,1,1,6,1,18,4,-1,-1,-1,-1,10,2,E01012973,0
Unvalidated,2024161452781,2024,161452781,2,9,0,9,8,6,0,1,0,0,0,0,1,1,6,2,-1,-1,-1,-1,-1,-1,-1,-1,-1,0
Unvalidated,2024161452808,2024,161452808,1,5,0,7,5,8,0,1,0,0,0,0,2,1,6,1,57,9,-1,-1,-1,-1,3,3,E01026075,0
Unvalidated,2024161452808,2024,161452808,2,9,0,7,5,8,0,1,0,0,0,0,1,1,6,1,-1,-1,-1,-1,-1,-1,-1,-1,-1,0
Unvalidated,2024161452872,2024,161452872,1,9,0,18,4,8,0,1,0,0,0,0,2,1,6,1,73,10,-1,-1,-1,-1,7,1,E01012835,0
Unvalidated,2024161452872,2024,161452872,2,9,0,18,4,8,0,1,0,0,0,0,1,1,6,2,21,5,-1,-1,-1,-1,-1,-1,-1,0
Unvalidated,2024161452872,2024,161452872,3,19,0,9,6,4,0,1,0,0,0,0,0,1,6,3,-1,-1,-1,-1,-1,-1,-1,-1,-1,0
Unvalidated,2024161452892,2024,161452892,1,9,0,18,6,2,0,0,0,4,0,0,1,1,6,2,84,11,-1,-1,-1,-1,10,1,E01013108,0
Unvalidated,2024161452892,2024,161452892,2,9,0,2,0,0,0,0,0,0,0,0,2,1,6,3,-1,-1,-1,-1,-1,-1,-1,-1,-1,0
Unvalidated,2024161452892,2024,161452892,3,9,0,2,0,0,0,0,0,0,0,0,2,1,6,3,-1,-1,-1,-1,-1,-1,-1,-1,-1,0
Unvalidated,2024161452899,2024,161452899,1,9,0,7,5,8,0,1,0,0,0,0,1,1,6,3,-1,-1,-1,-1,-1,-1,-1,-1,-1,0
Unvalidated,2024161452934,2024,161452934,1,1,0,10,5,4,0,4,0,0,0,0,2,1,6,2,56,9,-1,-1,-1,-1,7,1,E01013011,0
Unvalidated,2024161452934,2024,161452934,2,9,0,9,5,4,0,4,0,0,0,0,1,1,6,2,-1,-1,-1,-1,-1,-1,-1,2,-1,0
Unvalidated,2024161452973,2024,161452973,1,9,0,18,2,6,0,0,0,0,0,0,1,1,6,2,46,8,-1,-1,-1,-1,-1,-1,-1,0
Unvalidated,2024161452973,2024,161452973,2,9,0,18,2,6,0,0,0,0,0,0,1,1,6,2,-1,-1,-1,-1,-1,-1,-1,-1,-1,0
Unvalidated,2024161452973,2024,161452973,3,19,0,18,6,2,0,0,0,0,0,0,0,1,6,1,61,9,-1,-1,-1,-1,-1,-1,-1,0
Unvalidated,2024161453063,2024,161453063,1,9,0,9,6,4,0,1,0,0,0,0,1,1,5,1,49,8,-1,-1,-1,-1,6,3,E01012987,0
Unvalidated,2024161453063,2024,161453063,2,22,0,9,2,4,0,2,0,0,0,0,3,1,5,2,78,11,-1,-1,-1,-1,8,1,E01012977,0
Unvalidated,2024161453147,2024,161453147,1,9,0,5,6,2,0,0,0,0,0,0,0,1,6,1,22,5,-1,-1,-1,-1,3,1,E01012936,0
Unvalidated,2024161453358,2024,161453358,1,19,0,18,8,4,0,0,0,0,0,0,4,1,6,1,48,8,-1,-1,-1,-1,1,1,E01012888,0
Unvalidated,2024161453358,2024,161453358,2,5,0,18,4,8,0,0,0,0,0,0,1,1,6,1,39,7,-1,-1,-1,-1,7,1,E01033106,0
Unvalidated,2024161453381,2024,161453381,1,5,0,13,3,7,0,1,0,0,0,0,1,1,6,1,54,8,-1,-1,-1,-1,10,1,E01013110,0
Unvalidated,2024161453381,2024,161453381,2,9,0,12,3,7,0,1,0,0,0,0,1,1,6,1,33,6,-1,-1,-1,-1,1,1,E01012852,0
Unvalidated,2024161453418,2024,161453418,1,9,0,18,6,2,0,0,5,0,0,0,1,1,5,2,50,8,-1,-1,-1,-1,7,1,E01020970,0
Unvalidated,2024161453418,2024,161453418,2,98,0,18,2,6,0,0,0,0,0,0,1,1,6,1,41,7,-1,-1,-1,-1,7,2,E01013024,0
Unvalidated,2024161453475,2024,161453475,1,9,0,18,2,6,0,0,2,0,0,0,1,1,5,1,19,4,-1,-1,-1,-1,2,1,E01013281,0
Unvalidated,2024161453475,2024,161453475,2,9,0,18,6,2,0,0,1,0,0,0,1,1,5,2,29,6,-1,-1,-1,-1,7,3,E01013290,0
Unvalidated,2024161453699,2024,161453699,1,5,0,18,1,5,0,0,2,0,7,0,1,1,2,1,43,7,-1,-1,-1,-1,10,1,E01013111,0
Unvalidated,2024161453715,2024,161453715,1,1,0,18,4,8,4,1,0,0,0,0,1,1,6,1,44,7,-1,-1,-1,-1,9,1,E01012957,0
Unvalidated,2024161453715,2024,161453715,2,9,0,7,6,8,0,1,0,0,0,0,4,1,6,2,-1,-1,-1,-1,-1,-1,5,1,E01012964,0
Unvalidated,2024161453718,2024,161453718,1,11,0,18,7,3,0,8,0,0,0,0,0,1,1,1,42,7,-1,-1,-1,-1,1,1,E01012846,0
Unvalidated,2024161453902,2024,161453902,1,9,0,7,4,6,0,1,0,0,0,0,3,1,6,2,21,5,-1,-1,-1,-1,7,1,E01012792,0
Unvalidated,2024161453902,2024,161453902,2,1,0,18,4,8,5,1,0,0,0,0,1,1,6,1,40,7,-1,-1,-1,-1,2,1,E01012763,0
Unvalidated,2024161454009,2024,161454009,1,9,0,18,5,1,0,4,0,0,0,0,3,2,2,1,23,5,-1,-1,-1,-1,5,1,E01013213,0
Unvalidated,2024161454009,2024,161454009,2,1,0,18,3,7,0,3,0,0,0,0,1,1,6,1,38,7,-1,-1,-1,-1,1,1,E01013209,0
Unvalidated,2024161454021,2024,161454021,1,9,0,10,6,5,0,1,0,0,0,0,1,1,3,2,61,9,-1,-1,-1,-1,1,1,E01013140,0
Unvalidated,2024161454021,2024,161454021,2,9,0,18,2,6,0,1,0,0,1,11,2,1,1,2,57,9,-1,-1,-1,-1,1,1,E01013181,0
Unvalidated,2024161454045,2024,161454045,1,5,0,18,2,8,0,0,1,0,1,0,1,1,5,1,68,10,-1,-1,-1,-1,9,1,E01012962,0
Unvalidated,2024161454053,2024,161454053,1,9,0,18,7,3,5,0,0,0,0,0,1,1,5,1,18,4,-1,-1,-1,-1,1,1,E01012786,0
Unvalidated,2024161454053,2024,161454053,2,9,0,4,7,3,2,0,0,0,0,0,2,1,5,1,58,9,-1,-1,-1,-1,3,1,E01012784,0
Unvalidated,2024161454053,2024,161454053,3,9,0,2,0,0,4,0,0,0,0,0,1,1,6,3,-1,-1,-1,-1,-1,-1,-1,-1,-1,0
Unvalidated,2024161454066,2024,161454066,1,5,0,18,5,1,0,0,0,0,1,0,1,1,5,1,45,7,-1,-1,-1,-1,1,1,E01012852,0
Unvalidated,2024161454079,2024,161454079,1,9,0,18,7,3,0,0,0,0,0,0,0,1,6,3,-1,-1,-1,-1,-1,-1,-1,-1,-1,0
Unvalidated,2024161454079,2024,161454079,2,2,0,18,7,3,0,0,2,0,0,0,1,1,6,1,18,4,-1,-1,-1,-1,-1,-1,-1,0
Unvalidated,2024161454084,2024,161454084,1,8,0,18,1,5,0,0,0,0,0,0,0,1,6,3,-1,-1,-1,-1,-1,-1,-1,-1,-1,0
Unvalidated,2024161454084,2024,161454084,2,9,0,18,1,5,0,0,0,0,0,0,1,1,6,3,-1,-1,-1,-1,-1,-1,-1,-1,-1,0
Unvalidated,2024161454084,2024,161454084,3,9,0,18,1,5,0,0,0,0,0,0,1,1,6,3,-1,-1,-1,-1,-1,-1,-1,-1,-1,0
Unvalidated,2024161454089,2024,161454089,1,11,0,2,0,0,3,0,0,0,0,0,0,1,6,3,-1,-1,-1,-1,-1,-1,-1,-1,-1,0
Unvalidated,2024161454152,2024,161454152,1,9,0,4,7,3,0,1,0,0,0,0,2,1,6,1,30,6,-1,-1,-1,-1,1,1,E01012862,0
Unvalidated,2024161454152,2024,161454152,2,19,0,18,7,3,0,1,0,0,0,0,1,1,6,1,30,6,-1,-1,-1,-1,-1,-1,-1,0
Unvalidated,2024161454261,2024,161454261,1,5,0,13,6,3,0,0,0,0,7,0,1,1,5,1,60,9,-1,-1,-1,-1,6,3,E01012922,0
Unvalidated,2024161454261,2024,161454261,2,17,4,9,6,2,0,0,0,0,0,0,3,1,1,2,19,4,-1,-1,-1,-1,2,2,E01020797,0
Unvalidated,2024161454417,2024,161454417,1,9,0,4,1,5,0,0,0,0,0,0,2,1,5,1,70,10,-1,-1,-1,-1,10,1,E01013108,0
Unvalidated,2024161454417,2024,161454417,2,9,0,4,1,5,0,0,0,0,0,0,2,1,5,1,60,9,-1,-1,-1,-1,-1,-1,-1,0
Unvalidated,2024161454417,2024,161454417,3,19,0,4,1,5,0,0,0,0,0,0,2,1,1,2,48,8,-1,-1,-1,-1,7,1,E01033106,0
Unvalidated,2024161454417,2024,161454417,4,19,0,18,1,5,0,0,0,0,0,0,1,1,1,1,19,4,-1,-1,-1,-1,7,2,E01013024,0
Unvalidated,2024161454566,2024,161454566,1,9,0,18,4,8,0,0,5,0,7,0,1,2,5,1,18,4,-1,-1,-1,-1,1,1,E01012952,0
Unvalidated,2024161454573,2024,161454573,1,9,0,18,4,8,0,1,0,0,0,0,1,1,1,1,41,7,-1,-1,-1,-1,9,1,E01012962,0