status,collision_index,collision_year,collision_reference,vehicle_reference,vehicle_type,towing_and_articulation,vehicle_manoeuvre,vehicle_direction_from,vehicle_direction_to,vehicle_location_restricted_lane,junction_location,skidding_and_overturning,hit_object_in_carriageway,vehicle_leaving_carriageway,hit_object_off_carriageway,first_point_of_impact,vehicle_left_hand_drive,journey_purpose_of_driver,sex_of_driver,age_of_driver,age_band_of_driver,engine_capacity_cc,propulsion_code,age_of_vehicle,generic_make_model,driver_imd_decile,driver_home_area_type,lsoa_of_driver,escooter_flag
Unvalidated,2024161454573,2024,161454573,2,9,0,18,1,5,0,1,1,4,0,0,4,1,1,1,41,7,-1,-1,-1,-1,9,1,E01012962,0
Unvalidated,2024161454573,2024,161454573,3,9,0,2,0,0,0,2,0,0,0,0,3,1,6,3,-1,-1,-1,-1,-1,-1,-1,-1,-1,0
Unvalidated,2024161454844,2024,161454844,1,9,0,3,1,3,0,6,0,0,0,0,2,1,2,2,28,6,-1,-1,-1,-1,8,1,E01013166,0
Unvalidated,2024161454844,2024,161454844,2,9,0,18,1,3,0,6,0,0,0,0,1,1,6,2,61,9,-1,-1,-1,-1,8,2,E01013277,0
Unvalidated,2024161454927,2024,161454927,1,9,0,3,2,6,0,1,0,0,0,0,2,1,5,2,55,8,-1,-1,-1,-1,4,2,E01013050,0
Unvalidated,2024161454927,2024,161454927,2,9,0,18,2,6,0,1,0,0,0,0,1,1,6,1,75,10,-1,-1,-1,-1,4,2,E01013050,0
Unvalidated,2024161455090,2024,161455090,1,9,0,9,5,3,0,8,0,0,0,0,4,1,5,2,56,9,-1,-1,-1,-1,1,1,E01012788,0
Unvalidated,2024161455090,2024,161455090,2,3,0,18,1,5,0,1,0,0,0,0,1,1,5,1,24,5,-1,-1,-1,-1,3,1,E01012907,0
Unvalidated,2024161455225,2024,161455225,1,9,0,9,7,6,0,6,0,0,0,0,3,1,2,1,20,4,-1,-1,-1,-1,1,1,E01012894,0
Unvalidated,2024161455225,2024,161455225,2,9,0,18,6,1,0,1,0,0,0,0,1,1,6,3,-1,-1,-1,-1,-1,-1,-1,-1,-1,0
Unvalidated,2024161455314,2024,161455314,1,9,0,18,5,1,0,0,0,0,0,0,1,1,6,3,-1,-1,-1,-1,-1,-1,-1,-1,-1,0
Unvalidated,2024161455314,2024,161455314,2,1,0,18,5,1,0,0,0,0,0,0,2,1,4,1,12,3,-1,-1,-1,-1,1,1,E01012761,0
Unvalidated,2024161455383,2024,161455383,1,9,0,18,1,5,0,1,0,0,0,0,4,1,2,1,23,5,-1,-1,-1,-1,7,1,E01013007,0
Unvalidated,2024161455383,2024,161455383,2,19,0,5,1,5,0,1,0,0,0,0,3,1,6,1,-1,-1,-1,-1,-1,-1,3,3,E01013087,0
Unvalidated,2024161455542,2024,161455542,1,9,0,18,4,8,0,0,0,0,0,0,1,1,5,2,43,7,-1,-1,-1,-1,1,1,E01013144,0
Unvalidated,2024161455542,2024,161455542,2,9,0,18,4,8,0,0,0,0,1,0,1,1,1,2,53,8,-1,-1,-1,-1,9,2,E01026063,0
Unvalidated,2024161455657,2024,161455657,1,2,0,18,3,7,0,1,1,0,0,0,3,1,4,2,16,4,-1,-1,-1,-1,7,3,E01012966,0
Unvalidated,2024161455657,2024,161455657,2,9,0,7,3,5,0,5,0,0,0,0,3,1,6,1,-1,-1,-1,-1,-1,-1,-1,-1,-1,0
Unvalidated,2024161455751,2024,161455751,1,10,0,18,5,1,0,0,0,0,0,0,1,1,6,1,61,9,-1,-1,-1,-1,-1,-1,-1,0
Unvalidated,2024161455751,2024,161455751,2,9,0,2,0,0,0,0,0,0,0,0,2,1,5,2,26,6,-1,-1,-1,-1,5,1,E01013317,0
Unvalidated,2024161455795,2024,161455795,1,9,0,18,2,6,0,0,0,0,0,0,4,1,6,1,86,11,-1,-1,-1,-1,10,1,E01013112,0
Unvalidated,2024161455795,2024,161455795,2,1,0,18,2,6,4,0,0,0,0,0,3,1,6,1,66,10,-1,-1,-1,-1,2,1,E01032595,0
Unvalidated,2024161455868,2024,161455868,1,9,0,18,8,4,0,0,1,0,0,0,1,1,6,2,28,6,-1,-1,-1,-1,1,1,E01013196,0
Unvalidated,2024161455868,2024,161455868,2,19,0,18,8,4,0,0,0,0,0,0,0,1,6,3,-1,-1,-1,-1,-1,-1,-1,-1,-1,0
Unvalidated,2024161455873,2024,161455873,1,19,0,18,6,2,0,0,2,10,2,9,1,1,2,1,64,9,-1,-1,-1,-1,8,3,E01013026,0
Unvalidated,2024161455889,2024,161455889,1,9,0,14,6,2,0,0,0,4,0,0,1,1,5,1,79,11,-1,-1,-1,-1,9,1,E01013395,0
Unvalidated,2024161455889,2024,161455889,2,19,0,2,0,0,0,0,0,0,0,0,1,1,5,1,45,7,-1,-1,-1,-1,1,1,E01012858,0
Unvalidated,2024161455916,2024,161455916,1,9,0,10,1,5,0,0,0,0,0,0,2,1,3,2,19,4,-1,-1,-1,-1,10,3,E01012924,0
Unvalidated,2024161455916,2024,161455916,2,9,0,18,1,5,0,0,0,0,0,0,1,1,6,3,-1,-1,-1,-1,-1,-1,-1,-1,-1,0
Unvalidated,2024161455970,2024,161455970,1,9,0,16,8,2,0,1,0,0,0,0,3,1,5,1,51,8,-1,-1,-1,-1,9,2,E01013053,0
Unvalidated,2024161455970,2024,161455970,2,9,0,17,2,8,0,1,0,0,0,0,3,1,5,1,67,10,-1,-1,-1,-1,7,3,E01013020,0
Unvalidated,2024161456057,2024,161456057,1,1,0,18,6,2,0,4,0,0,1,0,1,1,5,1,31,6,-1,-1,-1,-1,7,1,E01012814,0
Unvalidated,2024161456057,2024,161456057,2,9,0,7,4,8,0,4,0,0,1,0,4,1,6,2,26,6,-1,-1,-1,-1,1,1,E01012874,0
Unvalidated,2024161456117,2024,161456117,1,19,0,1,5,1,9,0,0,0,0,0,2,1,6,1,37,7,-1,-1,-1,-1,2,1,E01013283,0
Unvalidated,2024161456127,2024,161456127,1,9,0,18,2,6,0,0,0,0,0,0,1,1,5,2,49,8,-1,-1,-1,-1,4,1,E01007557,0
Unvalidated,2024161456127,2024,161456127,2,9,0,18,6,2,0,0,1,0,0,0,1,1,5,1,17,4,-1,-1,-1,-1,9,2,E01013252,0
Unvalidated,2024161456127,2024,161456127,3,19,0,18,2,6,0,0,0,0,1,0,3,1,5,2,71,10,-1,-1,-1,-1,5,1,E01005873,0
Unvalidated,2024161456184,2024,161456184,1,9,0,3,8,3,0,1,0,0,0,0,2,1,5,1,41,7,-1,-1,-1,-1,6,2,E01013085,0
Unvalidated,2024161456184,2024,161456184,2,9,0,18,8,3,0,1,0,0,0,0,1,1,6,1,46,8,-1,-1,-1,-1,8,2,E01013033,0
Unvalidated,2024161456221,2024,161456221,1,9,0,18,7,3,0,1,0,0,0,0,1,1,1,1,57,9,-1,-1,-1,-1,3,1,E01012860,0
Unvalidated,2024161456221,2024,161456221,2,9,0,9,3,1,0,1,0,0,0,0,1,1,6,1,60,9,-1,-1,-1,-1,1,2,E01013084,0
Unvalidated,2024161456222,2024,161456222,1,19,0,5,2,6,0,1,0,0,0,0,3,1,6,1,42,7,-1,-1,-1,-1,1,2,E01013080,0
Unvalidated,2024161456222,2024,161456222,2,3,0,18,6,2,0,1,0,0,0,0,1,1,6,1,21,5,-1,-1,-1,-1,4,3,E01026416,0
Unvalidated,2024161456249,2024,161456249,1,9,0,18,7,3,0,0,0,0,1,11,1,1,6,2,26,6,-1,-1,-1,-1,7,2,E01013270,0
Unvalidated,2024161456310,2024,161456310,1,11,0,18,1,5,0,1,0,0,0,0,0,1,1,1,55,8,-1,-1,-1,-1,6,3,E01013027,0
Unvalidated,2024161456313,2024,161456313,1,11,0,18,3,7,0,0,0,0,0,0,0,1,6,3,-1,-1,-1,-1,-1,-1,-1,-1,-1,0
Unvalidated,2024161456313,2024,161456313,2,9,0,18,3,7,0,0,0,0,0,0,0,1,6,3,-1,-1,-1,-1,-1,-1,-1,-1,-1,0
Unvalidated,2024161456326,2024,161456326,1,97,0,18,3,7,0,0,0,0,0,0,4,1,6,1,78,11,-1,-1,-1,-1,5,2,E01013048,0
Unvalidated,2024161456556,2024,161456556,1,9,0,18,5,1,0,0,0,0,0,0,2,1,5,2,47,8,-1,-1,-1,-1,8,2,E01026061,0
Unvalidated,2024161456556,2024,161456556,2,9,0,18,5,1,0,0,0,0,0,0,2,1,5,2,21,5,-1,-1,-1,-1,3,1,E01013231,0
Unvalidated,2024161456556,2024,161456556,3,9,0,18,5,1,0,0,0,0,0,0,1,1,5,2,24,5,-1,-1,-1,-1,1,1,E01013141,0
Unvalidated,2024161456650,2024,161456650,1,9,0,7,1,3,0,1,0,0,0,0,1,1,1,1,29,6,-1,-1,-1,-1,8,2,E01013269,0
Unvalidated,2024161456650,2024,161456650,2,90,0,18,7,3,0,1,1,0,0,0,4,1,1,1,57,9,-1,-1,-1,-1,1,1,E01026384,0
Unvalidated,2024161456723,2024,161456723,1,9,0,18,7,3,0,1,1,0,0,0,4,2,5,1,77,11,-1,-1,-1,-1,10,2,E01012967,0
Unvalidated,2024161456723,2024,161456723,2,9,0,9,1,7,0,1,0,0,0,0,1,2,6,2,34,6,-1,-1,-1,-1,5,1,E01012772,0
Unvalidated,2024161456723,2024,161456723,3,9,0,18,3,7,0,1,0,0,0,0,3,2,1,1,57,9,-1,-1,-1,-1,4,1,E01012947,0
Unvalidated,2024161456759,2024,161456759,1,19,0,18,2,6,0,0,0,0,0,0,4,1,1,3,-1,-1,-1,-1,-1,-1,-1,-1,-1,0
Unvalidated,2024161456788,2024,161456788,1,9,0,18,4,8,0,0,1,0,7,4,1,1,6,1,18,4,-1,-1,-1,-1,9,3,E01013120,0
Unvalidated,2024161456808,2024,161456808,1,9,0,9,3,1,0,8,0,0,2,0,4,1,5,1,18,4,-1,-1,-1,-1,9,2,E01013275,0
Unvalidated,2024161456808,2024,161456808,2,9,0,18,7,3,0,1,0,0,0,0,1,1,5,1,36,7,-1,-1,-1,-1,2,1,E01013240,0
Unvalidated,2024161456980,2024,161456980,1,9,0,18,2,6,0,0,0,10,0,0,4,1,6,2,28,6,-1,-1,-1,-1,1,1,E01012887,0
Unvalidated,2024161457046,2024,161457046,1,9,0,18,1,5,0,0,0,0,0,0,1,1,6,2,59,9,-1,-1,-1,-1,6,3,E01013247,0
Unvalidated,2024161457046,2024,161457046,2,1,0,18,3,7,0,0,0,0,0,0,1,1,4,1,-1,-1,-1,-1,-1,-1,-1,-1,-1,0
Unvalidated,2024161457168,2024,161457168,1,9,0,18,8,2,0,0,0,0,0,0,1,1,5,1,75,10,-1,-1,-1,-1,1,1,E01012875,0
Unvalidated,2024161457168,2024,161457168,2,1,0,18,1,5,0,0,0,0,0,0,1,1,2,2,62,9,-1,-1,-1,-1,1,1,E01012778,0
Unvalidated,2024161457261,2024,161457261,1,9,0,7,3,6,0,5,0,0,0,0,4,1,2,1,24,5,-1,-1,-1,-1,3,2,E01013272,0
Unvalidated,2024161457261,2024,161457261,2,3,0,18,3,8,4,1,1,0,0,0,3,1,2,1,26,6,-1,-1,-1,-1,2,1,E01012869,0
Unvalidated,2024161457275,2024,161457275,1,9,0,18,8,3,0,0,0,0,0,0,1,1,5,1,65,9,-1,-1,-1,-1,4,1,E01013183,0
Unvalidated,2024161457346,2024,161457346,1,97,0,18,5,2,0,1,0,4,0,0,1,1,6,2,29,6,-1,-1,-1,-1,1,1,E01012849,0
Unvalidated,2024161457346,2024,161457346,2,9,0,2,0,0,0,1,0,0,0,0,2,1,6,3,-1,-1,-1,-1,-1,-1,-1,-1,-1,0
Unvalidated,2024161457346,2024,161457346,3,9,0,2,0,0,0,1,0,0,0,0,4,1,6,3,-1,-1,-1,-1,-1,-1,-1,-1,-1,0
Unvalidated,2024161457486,2024,161457486,1,9,0,18,4,8,0,4,0,0,0,0,1,1,5,1,18,4,-1,-1,-1,-1,5,1,E01013308,0
Unvalidated,2024161457486,2024,161457486,2,1,0,9,6,4,0,4,0,0,0,0,3,1,6,1,59,9,-1,-1,-1,-1,8,2,E01013226,0
Unvalidated,2024161457503,2024,161457503,1,1,0,18,2,6,0,2,0,0,0,0,3,1,6,1,15,3,-1,-1,-1,-1,8,1,E01013190,0
Unvalidated,2024161457503,2024,161457503,2,9,0,7,8,2,0,1,0,0,0,0,1,1,6,3,-1,-1,-1,-1,-1,-1,-1,-1,-1,0
Unvalidated,2024161457861,2024,161457861,1,9,0,18,5,1,0,0,0,0,0,0,2,1,6,1,35,6,-1,-1,-1,-1,3,1,E01012963,0
Unvalidated,2024161457861,2024,161457861,2,9,0,18,5,1,0,0,0,0,0,0,1,1,6,1,-1,-1,-1,-1,-1,-1,-1,-1,-1,0
Unvalidated,2024161458085,2024,161458085,1,9,0,18,8,2,0,8,0,0,0,0,1,2,5,2,57,9,-1,-1,-1,-1,1,1,E01013278,0
Unvalidated,2024161458085,2024,161458085,2,9,0,10,1,8,0,4,0,0,0,0,3,2,5,2,53,8,-1,-1,-1,-1,5,2,E01013329,0
Unvalidated,2024161458117,2024,161458117,1,1,0,18,4,8,4,1,0,0,0,0,1,1,6,1,14,3,-1,-1,-1,-1,1,1,E01012881,0
Unvalidated,2024161458117,2024,161458117,2,9,0,7,1,4,0,1,0,0,0,0,4,1,3,2,35,6,-1,-1,-1,-1,6,1,E01012765,0
Unvalidated,2024161458238,2024,161458238,1,5,0,18,2,8,0,0,0,12,1,0,1,1,6,1,52,8,-1,-1,-1,-1,1,2,E01013084,0
Unvalidated,2024161458371,2024,161458371,1,4,0,18,2,5,0,0,0,0,0,0,3,1,5,1,20,4,-1,-1,-1,-1,6,3,E01013072,0
Unvalidated,2024161458371,2024,161458371,2,9,0,18,5,2,0,0,0,0,0,0,3,1,6,2,69,10,-1,-1,-1,-1,10,1,E01007955,0
Unvalidated,2024161458430,2024,161458430,1,11,0,18,2,6,2,0,0,99,0,0,4,1,6,3,-1,-1,-1,-1,-1,-1,-1,-1,-1,0
Unvalidated,2024161458437,2024,161458437,1,1,0,18,6,2,9,0,1,0,0,0,1,1,2,1,27,6,-1,-1,-1,-1,7,3,E01013294,0
Unvalidated,2024161458437,2024,161458437,2,97,0,18,2,6,0,0,0,0,1,0,1,1,6,3,-1,-1,-1,-1,-1,-1,-1,-1,-1,0
Unvalidated,2024161458440,2024,161458440,1,9,0,18,1,5,0,0,0,0,0,0,1,1,6,1,-1,-1,-1,-1,-1,-1,2,1,W01001810,0
Unvalidated,2024161458492,2024,161458492,1,9,0,18,3,7,0,4,1,0,0,0,3,1,5,1,56,9,-1,-1,-1,-1,4,1,E01000316,0
Unvalidated,2024161458492,2024,161458492,2,98,0,18,3,7,0,4,0,0,0,0,1,1,1,1,60,9,-1,-1,-1,-1,6,3,E01021406,0
Unvalidated,2024161458500,2024,161458500,1,9,0,1,1,5,0,0,0,0,0,0,1,1,2,1,64,9,-1,-1,-1,-1,2,1,E01032595,0
Unvalidated,2024161458500,2024,161458500,2,1,0,18,2,6,0,0,0,0,0,0,1,1,6,1,16,4,-1,-1,-1,-1,1,1,E01012858,0
Unvalidated,2024161458605,2024,161458605,1,9,0,18,8,4,0,0,5,4,0,0,1,1,6,1,40,7,-1,-1,-1,-1,1,1,E01012865,0
Unvalidated,2024161458605,2024,161458605,2,9,0,2,0,0,0,0,0,0,0,0,4,1,6,3,-1,-1,-1,-1,-1,-1,-1,-1,-1,0
Unvalidated,2024161458605,2024,161458605,3,9,0,2,0,0,0,0,0,0,0,0,4,1,6,3,-1,-1,-1,-1,-1,-1,-1,-1,-1,0
Unvalidated,2024161458605,2024,161458605,4,9,0,2,0,0,0,0,0,0,7,11,1,1,6,3,-1,-1,-1,-1,-1,-1,-1,-1,-1,0
Unvalidated,2024161458605,2024,161458605,5,9,0,2,0,0,0,0,0,0,0,0,2,1,6,3,-1,-1,-1,-1,-1,-1,-1,-1,-1,0
Unvalidated,2024161458605,2024,161458605,6,9,0,2,0,0,0,0,0,0,0,0,2,1,6,3,-1,-1,-1,-1,-1,-1,-1,-1,-1,0
Unvalidated,2024161458616,2024,161458616,1,9,0,1,8,4,0,0,0,0,0,0,2,1,3,2,63,9,-1,-1,-1,-1,7,1,E01013011,0
Unvalidated,2024161458616,2024,161458616,2,1,0,14,2,6,0,0,0,0,0,0,1,1,4,1,14,3,-1,-1,-1,-1,2,1,E01012775,0
Unvalidated,2024161458828,2024,161458828,1,9,0,18,2,6,0,0,2,0,0,0,1,1,6,1,87,11,-1,-1,-1,-1,7,1,E01013153,0
Unvalidated,2024161458882,2024,161458882,1,9,0,9,4,2,0,1,0,0,0,0,1,1,5,2,60,9,-1,-1,-1,-1,8,2,E01012988,0
Unvalidated,2024161458882,2024,161458882,2,5,0,18,8,4,0,1,0,0,0,0,1,1,5,1,28,6,-1,-1,-1,-1,-1,1,-1,0
Unvalidated,2024161458916,2024,161458916,1,11,0,18,5,1,0,1,0,0,0,0,1,1,1,1,41,7,-1,-1,-1,-1,5,1,E01012796,0
Unvalidated,2024161458916,2024,161458916,2,1,0,18,1,5,0,1,0,0,0,0,1,1,6,1,43,7,-1,-1,-1,-1,1,1,E01012855,0
Unvalidated,2024161459042,2024,161459042,1,9,0,18,8,4,0,0,0,0,0,0,1,1,5,2,29,6,-1,-1,-1,-1,1,1,E01012917,0
Unvalidated,2024161459042,2024,161459042,2,9,0,18,4,8,0,0,0,0,0,0,1,1,5,2,71,10,-1,-1,-1,-1,1,1,E01012917,0
Unvalidated,2024161459209,2024,161459209,1,9,0,7,6,8,0,8,0,0,0,0,1,1,5,2,64,9,-1,-1,-1,-1,4,1,E01012816,0
Unvalidated,2024161459209,2024,161459209,2,3,0,18,6,2,2,1,5,0,0,0,1,1,5,1,53,8,-1,-1,-1,-1,3,1,E01012774,0
Unvalidated,2024161459241,2024,161459241,1,1,0,18,7,3,0,0,0,11,0,0,1,1,6,1,56,9,-1,-1,-1,-1,1,1,E01012798,0
Unvalidated,2024161459252,2024,161459252,1,9,0,18,5,1,0,0,0,0,0,0,4,1,6,1,37,7,-1,-1,-1,-1,9,1,E01013168,0
Unvalidated,2024161459252,2024,161459252,2,1,0,18,7,3,0,0,0,0,0,0,1,1,6,1,14,3,-1,-1,-1,-1,-1,-1,-1,0
Unvalidated,2024161459315,2024,161459315,1,97,0,4,4,8,0,0,0,12,0,0,1,1,6,1,65,9,-1,-1,-1,-1,-1,-1,-1,0
Unvalidated,2024161459320,2024,161459320,1,9,0,18,3,7,0,0,0,0,0,0,1,1,6,1,57,9,-1,-1,-1,-1,6,1,E01012766,0
Unvalidated,2024161459320,2024,161459320,2,1,0,18,1,5,0,0,0,0,0,0,1,1,6,1,14,3,-1,-1,-1,-1,-1,-1,-1,0
Unvalidated,2024161459355,2024,161459355,1,9,0,3,6,2,0,0,0,0,0,0,2,1,5,2,24,5,-1,-1,-1,-1,9,3,E01013304,0
Unvalidated,2024161459355,2024,161459355,2,9,0,18,6,2,0,0,0,0,0,0,1,1,6,1,-1,-1,-1,-1,-1,-1,-1,-1,-1,0
Unvalidated,2024161459376,2024,161459376,1,5,0,18,4,8,0,1,0,0,0,0,1,1,5,1,35,6,-1,-1,-1,-1,5,1,E01033414,0
Unvalidated,2024161459376,2024,161459376,2,9,0,9,8,6,0,8,0,0,0,0,1,1,6,1,43,7,-1,-1,-1,-1,3,1,E01013164,0
Unvalidated,2024161459550,2024,161459550,1,9,0,5,4,8,0,4,0,0,0,0,2,1,6,1,39,7,-1,-1,-1,-1,2,1,E01012884,0
Unvalidated,2024161459550,2024,161459550,2,9,0,5,4,8,0,4,0,0,0,0,1,1,2,2,23,5,-1,-1,-1,-1,7,1,E01012792,0
Unvalidated,2024161459574,2024,161459574,1,9,0,18,4,8,0,0,5,4,0,0,1,1,5,2,34,6,-1,-1,-1,-1,1,1,E01012851,0
Unvalidated,2024161459574,2024,161459574,2,9,0,2,0,0,0,0,0,0,0,0,3,1,6,3,-1,-1,-1,-1,-1,-1,-1,-1,-1,0
Unvalidated,2024161459618,2024,161459618,1,9,0,17,4,1,0,0,2,0,1,9,4,1,5,1,18,4,-1,-1,-1,-1,5,3,E01013030,0
Unvalidated,2024161459690,2024,161459690,1,1,0,3,4,8,0,1,0,0,0,0,2,1,6,1,12,3,-1,-1,-1,-1,10,1,E01013110,0
Unvalidated,2024161459690,2024,161459690,2,9,0,18,4,8,0,1,0,0,0,0,1,1,6,1,-1,-1,-1,-1,-1,-1,-1,-1,-1,0
Unvalidated,2024161459723,2024,161459723,1,9,0,18,7,3,0,1,0,0,0,0,1,1,6,2,18,4,-1,-1,-1,-1,9,1,E01013260,0
Unvalidated,2024161459723,2024,161459723,2,9,0,9,3,1,0,8,0,0,0,0,1,1,6,1,33,6,-1,-1,-1,-1,2,1,E01026375,0
Unvalidated,2024161459845,2024,161459845,1,3,0,18,1,5,0,0,0,0,0,0,0,1,6,1,-1,-1,-1,-1,-1,-1,-1,-1,-1,0
Unvalidated,2024161459860,2024,161459860,1,9,0,10,1,7,0,1,0,0,0,0,2,1,6,2,41,7,-1,-1,-1,-1,3,1,E01013164,0
Unvalidated,2024161459860,2024,161459860,2,9,0,10,1,7,0,1,0,0,0,0,1,1,6,1,-1,-1,-1,-1,-1,-1,-1,-1,-1,0
Unvalidated,2024161459905,2024,161459905,1,9,0,18,2,6,0,0,0,0,0,0,3,1,6,2,52,8,-1,-1,-1,-1,9,1,E01013148,0
Unvalidated,2024161459905,2024,161459905,2,19,0,1,3,7,9,0,0,0,0,0,2,1,6,1,-1,-1,-1,-1,-1,-1,-1,-1,-1,0
Unvalidated,2024161459927,2024,161459927,1,9,0,3,2,6,0,0,0,0,0,0,1,1,2,1,28,6,-1,-1,-1,-1,1,1,E01012854,0
Unvalidated,2024161459927,2024,161459927,2,9,0,3,2,6,0,0,0,0,0,0,2,1,2,1,19,4,-1,-1,-1,-1,1,1,E01012854,0
Unvalidated,2024161459945,2024,161459945,1,9,0,18,6,2,0,0,0,4,0,0,1,1,6,2,33,6,-1,-1,-1,-1,1,1,E01012888,0
Unvalidated,2024161459945,2024,161459945,2,19,0,2,0,0,0,0,0,0,0,0,1,1,6,3,-1,-1,-1,-1,-1,-1,-1,-1,-1,0
Unvalidated,2024161459946,2024,161459946,1,5,0,18,6,2,0,0,0,0,0,0,1,1,5,1,65,9,-1,-1,-1,-1,8,1,E01011638,0
Unvalidated,2024161459946,2024,161459946,2,9,0,18,6,2,0,0,0,0,0,0,2,1,5,2,22,5,-1,-1,-1,-1,3,1,E01011919,0
Unvalidated,2024161459976,2024,161459976,1,9,0,18,6,2,0,0,0,0,0,0,1,1,6,1,41,7,-1,-1,-1,-1,8,1,E01013040,0
Unvalidated,2024161459976,2024,161459976,2,1,0,18,3,7,0,0,0,0,0,0,3,1,6,1,17,4,-1,-1,-1,-1,-1,-1,-1,0
Unvalidated,2024161460013,2024,161460013,1,9,0,18,7,3,0,0,0,0,0,0,2,1,6,2,27,6,-1,-1,-1,-1,8,2,E01013101,0
Unvalidated,2024161460013,2024,161460013,2,9,0,18,7,3,0,0,0,0,0,0,1,1,6,3,-1,-1,-1,-1,-1,-1,-1,-1,-1,0
Unvalidated,2024161460044,2024,161460044,1,21,0,11,1,5,0,0,0,0,0,0,4,1,1,1,58,9,-1,-1,-1,-1,1,1,E01012897,0
Unvalidated,2024161460044,2024,161460044,2,9,0,18,1,5,0,0,0,7,0,0,3,1,6,2,56,9,-1,-1,-1,-1,10,2,E01012972,0
Unvalidated,2024161460096,2024,161460096,1,9,0,5,5,1,0,2,0,0,3,11,1,1,5,2,73,10,-1,-1,-1,-1,10,1,E01013113,0
Unvalidated,2024161460120,2024,161460120,1,9,0,18,5,1,0,0,0,0,7,4,1,1,5,2,61,9,-1,-1,-1,-1,8,2,E01013277,0
Unvalidated,2024161460184,2024,161460184,1,1,0,18,3,7,4,1,0,0,0,0,3,1,2,1,39,7,-1,-1,-1,-1,2,1,E01012821,0
Unvalidated,2024161460184,2024,161460184,2,9,0,9,7,5,4,5,0,0,0,0,1,1,6,2,-1,-1,-1,-1,-1,-1,-1,-1,-1,0
Unvalidated,2024161460416,2024,161460416,1,9,0,18,4,7,0,0,0,0,0,0,0,1,6,2,32,6,-1,-1,-1,-1,7,1,E01013145,0
Unvalidated,2024161460418,2024,161460418,1,9,0,18,4,8,0,3,0,0,0,0,0,1,5,2,57,9,-1,-1,-1,-1,3,1,E01013198,0
Unvalidated,2024161460418,2024,161460418,2,3,0,13,4,8,0,3,1,0,0,0,4,1,5,1,25,5,-1,-1,-1,-1,1,1,E01013203,0
Unvalidated,2024161460418,2024,161460418,3,9,0,4,8,4,0,4,0,0,0,0,0,1,6,2,69,10,-1,-1,-1,-1,4,1,E01013227,0
Unvalidated,2024161460553,2024,161460553,1,9,0,9,5,3,0,6,0,0,0,0,3,1,6,1,71,10,-1,-1,-1,-1,6,1,E01013334,0
Unvalidated,2024161460553,2024,161460553,2,1,0,18,3,7,0,1,1,0,0,0,1,1,6,1,36,7,-1,-1,-1,-1,4,1,E01013320,0
Unvalidated,2024161460559,2024,161460559,1,19,0,13,7,3,0,1,0,0,0,0,4,1,1,2,35,6,-1,-1,-1,-1,6,1,E01013105,0
Unvalidated,2024161460559,2024,161460559,2,9,0,9,7,5,0,1,0,0,0,0,3,1,2,1,24,5,-1,-1,-1,-1,5,2,E01013082,0
Unvalidated,2024161460568,2024,161460568,1,90,0,9,4,2,4,1,0,0,0,0,3,1,6,1,13,3,-1,-1,-1,-1,1,1,E01012857,1
Unvalidated,2024161460568,2024,161460568,2,9,0,18,8,4,0,1,0,0,0,0,1,1,6,2,44,7,-1,-1,-1,-1,10,2,E01012919,0
Unvalidated,2024161460593,2024,161460593,1,9,0,9,6,4,0,0,0,0,0,0,3,1,2,1,60,9,-1,-1,-1,-1,4,2,E01013271,0
Unvalidated,2024161460593,2024,161460593,2,9,0,18,8,4,0,0,0,0,0,0,1,1,6,1,46,8,-1,-1,-1,-1,4,2,E01013271,0
Unvalidated,2024161460649,2024,161460649,1,9,0,9,7,5,0,0,5,0,0,0,1,1,5,1,37,7,-1,-1,-1,-1,2,1,E01013240,0
Unvalidated,2024161460661,2024,161460661,1,9,0,9,2,8,0,1,0,0,0,0,4,1,5,2,30,6,-1,-1,-1,-1,1,1,E01007338,0
Unvalidated,2024161460661,2024,161460661,2,5,0,18,5,2,0,1,5,0,0,0,1,1,5,2,29,6,-1,-1,-1,-1,1,1,E01013181,0
Unvalidated,2024161460663,2024,161460663,1,90,0,18,3,7,0,8,0,0,0,0,4,1,6,1,15,3,-1,-1,-1,-1,1,1,E01012898,1
Unvalidated,2024161460663,2024,161460663,2,9,0,7,5,7,0,4,0,0,0,0,0,1,6,3,-1,-1,-1,-1,-1,-1,-1,-1,-1,0
Unvalidated,2024161460665,2024,161460665,1,9,0,18,5,1,0,6,0,11,1,10,1,1,5,2,31,6,-1,-1,-1,-1,5,3,E01013125,0
Unvalidated,2024161460828,2024,161460828,1,9,0,3,7,3,0,0,0,0,0,0,2,1,2,2,59,9,-1,-1,-1,-1,3,1,E01012963,0
Unvalidated,2024161460828,2024,161460828,2,98,0,18,7,3,0,0,0,0,0,0,1,1,6,1,-1,-1,-1,-1,-1,-1,-1,-1,-1,0
Unvalidated,2024161460947,2024,161460947,1,1,9,18,2,6,0,0,0,0,0,0,9,1,6,1,25,5,-1,-1,-1,-1,3,1,E01013164,0
Unvalidated,2024161460947,2024,161460947,2,8,9,18,8,4,0,0,0,0,0,0,9,1,6,3,-1,-1,-1,-1,-1,-1,-1,-1,-1,0
Unvalidated,2024161460958,2024,161460958,1,21,0,1,7,3,0,6,0,0,0,0,2,1,1,3,-1,-1,-1,-1,-1,-1,-1,-1,-1,0
Unvalidated,2024161461091,2024,161461091,1,9,0,16,5,1,0,0,0,0,0,0,1,1,5,1,26,6,-1,-1,-1,-1,1,1,E01013141,0