status,collision_index,collision_year,collision_reference,vehicle_reference,vehicle_type,towing_and_articulation,vehicle_manoeuvre,vehicle_direction_from,vehicle_direction_to,vehicle_location_restricted_lane,junction_location,skidding_and_overturning,hit_object_in_carriageway,vehicle_leaving_carriageway,hit_object_off_carriageway,first_point_of_impact,vehicle_left_hand_drive,journey_purpose_of_driver,sex_of_driver,age_of_driver,age_band_of_driver,engine_capacity_cc,propulsion_code,age_of_vehicle,generic_make_model,driver_imd_decile,driver_home_area_type,lsoa_of_driver,escooter_flag
Unvalidated,2024161461091,2024,161461091,2,98,0,18,1,5,0,0,0,0,0,0,1,1,1,1,35,6,-1,-1,-1,-1,10,3,E01013090,0
Unvalidated,2024161461112,2024,161461112,1,9,0,18,7,3,0,1,0,7,0,0,2,1,6,2,38,7,-1,-1,-1,-1,4,1,E01013314,0
Unvalidated,2024161461112,2024,161461112,2,9,0,15,7,3,0,2,0,7,0,0,1,1,6,1,20,4,-1,-1,-1,-1,6,3,E01013253,0
Unvalidated,2024161461158,2024,161461158,1,9,0,18,7,3,0,0,0,0,0,0,0,1,6,1,-1,-1,-1,-1,-1,-1,-1,-1,-1,0
Unvalidated,2024161461376,2024,161461376,1,9,0,7,3,5,0,1,0,0,0,0,4,1,5,2,26,6,-1,-1,-1,-1,9,1,E01013316,0
Unvalidated,2024161461422,2024,161461422,1,9,0,5,3,7,0,1,0,0,1,0,3,1,5,1,40,7,-1,-1,-1,-1,8,1,E01013262,0
Unvalidated,2024161461422,2024,161461422,2,3,0,18,3,7,0,1,0,4,0,0,4,1,1,1,20,4,-1,-1,-1,-1,4,1,E01013314,0
Unvalidated,2024161461591,2024,161461591,1,9,0,18,1,5,0,0,0,0,0,0,1,1,2,2,49,8,-1,-1,-1,-1,10,1,E01013171,0
Unvalidated,2024161461591,2024,161461591,2,1,0,18,7,3,0,0,0,0,0,0,3,1,6,1,13,3,-1,-1,-1,-1,2,1,E01013195,0
Unvalidated,2024161461604,2024,161461604,1,9,0,5,1,5,0,8,0,0,0,0,1,1,5,1,77,11,-1,-1,-1,-1,2,1,E01012821,0
Unvalidated,2024161461604,2024,161461604,2,9,0,18,8,4,0,1,0,0,7,0,1,1,2,1,49,8,-1,-1,-1,-1,-1,-1,-1,0
Unvalidated,2024161461749,2024,161461749,1,9,0,9,8,5,0,8,0,0,0,0,3,1,5,2,37,7,-1,-1,-1,-1,3,1,E01012784,0
Unvalidated,2024161461749,2024,161461749,2,9,0,13,8,4,0,1,1,10,1,11,1,1,5,1,18,4,-1,-1,-1,-1,8,1,E01011102,0
Unvalidated,2024161461912,2024,161461912,1,9,0,3,5,1,0,0,0,0,0,0,2,1,5,1,68,10,-1,-1,-1,-1,1,1,E01033110,0
Unvalidated,2024161461912,2024,161461912,2,9,0,18,5,1,0,0,0,0,0,0,1,1,5,2,55,8,-1,-1,-1,-1,1,1,E01033110,0
Unvalidated,2024161461982,2024,161461982,1,9,0,18,7,3,0,0,0,0,4,6,3,1,5,1,37,7,-1,-1,-1,-1,-1,-1,-1,0
Unvalidated,2024161461983,2024,161461983,1,9,0,18,4,6,0,1,0,0,0,0,1,1,6,2,82,11,-1,-1,-1,-1,10,1,E01011458,0
Unvalidated,2024161461983,2024,161461983,2,19,3,18,6,4,0,1,0,0,0,0,1,1,6,1,26,6,-1,-1,-1,-1,6,2,E01013056,0
Unvalidated,2024161461985,2024,161461985,1,9,0,9,8,6,0,1,0,0,0,0,3,1,1,2,45,7,-1,-1,-1,-1,10,2,E01013054,0
Unvalidated,2024161461985,2024,161461985,2,9,0,7,4,6,0,1,0,0,0,0,1,1,1,2,59,9,-1,-1,-1,-1,10,2,E01013054,0
Unvalidated,2024161461986,2024,161461986,1,1,0,16,3,7,0,0,1,0,0,0,4,1,2,1,35,6,-1,-1,-1,-1,1,1,E01012879,0
Unvalidated,2024161461986,2024,161461986,2,9,0,18,7,3,0,0,0,0,0,0,3,1,6,1,22,5,-1,-1,-1,-1,-1,-1,-1,0
Unvalidated,2024161462098,2024,161462098,1,9,0,9,1,7,0,1,1,99,1,99,3,1,5,1,26,6,-1,-1,-1,-1,2,1,E01007535,0
Unvalidated,2024161462098,2024,161462098,2,9,0,9,1,7,0,1,0,0,0,0,-1,1,6,1,-1,-1,-1,-1,-1,-1,-1,-1,-1,0
Unvalidated,2024161462219,2024,161462219,1,1,0,18,8,4,0,1,0,0,0,0,1,1,6,1,67,10,-1,-1,-1,-1,1,1,E01012945,0
Unvalidated,2024161462219,2024,161462219,2,9,0,9,4,2,0,1,0,0,0,0,0,1,6,2,76,11,-1,-1,-1,-1,3,1,E01012936,0
Unvalidated,2024161462266,2024,161462266,1,9,0,18,1,3,0,8,0,0,0,0,2,1,6,1,34,6,-1,-1,-1,-1,3,1,E01012963,0
Unvalidated,2024161462266,2024,161462266,2,8,0,18,1,3,0,3,0,0,0,0,1,1,6,1,-1,-1,-1,-1,-1,-1,-1,-1,-1,0
Unvalidated,2024161462523,2024,161462523,1,11,0,18,2,6,0,0,0,0,0,0,0,1,1,1,53,8,-1,-1,-1,-1,6,1,E01012940,0
Unvalidated,2024161462531,2024,161462531,1,5,0,13,8,4,0,0,1,0,7,9,1,1,6,1,55,8,-1,-1,-1,-1,3,1,E01012759,0
Unvalidated,2024161462531,2024,161462531,2,9,0,18,4,8,0,0,0,0,0,0,1,1,6,1,55,8,-1,-1,-1,-1,1,1,E01012761,0
Unvalidated,2024161462564,2024,161462564,1,11,0,18,8,4,0,1,0,0,0,0,0,1,1,1,-1,-1,-1,-1,-1,-1,-1,-1,-1,0
Unvalidated,2024161462583,2024,161462583,1,9,0,7,8,3,0,0,0,0,0,0,4,1,6,1,78,11,-1,-1,-1,-1,5,1,E01013308,0
Unvalidated,2024161462583,2024,161462583,2,3,0,15,8,4,0,0,0,0,0,0,3,1,6,1,60,9,-1,-1,-1,-1,2,1,E01013130,0
Unvalidated,2024161462624,2024,161462624,1,3,0,18,3,7,0,0,1,7,0,0,1,1,6,1,28,6,-1,-1,-1,-1,2,1,E01013002,0
Unvalidated,2024161462624,2024,161462624,2,9,0,18,3,7,0,0,0,0,0,0,0,1,1,1,36,7,-1,-1,-1,-1,9,1,E01012962,0
Unvalidated,2024161462692,2024,161462692,1,9,0,18,6,2,0,1,0,0,0,0,2,1,6,1,65,9,-1,-1,-1,-1,9,3,E01013121,0
Unvalidated,2024161462692,2024,161462692,2,11,0,18,2,6,0,1,0,0,0,0,1,1,6,1,61,9,-1,-1,-1,-1,1,2,E01011791,0
Unvalidated,2024161462697,2024,161462697,1,9,0,17,3,1,0,0,0,0,0,0,1,1,6,2,40,7,-1,-1,-1,-1,-1,-1,-1,0
Unvalidated,2024161462906,2024,161462906,1,9,0,2,0,0,0,0,0,0,0,0,0,1,6,1,25,5,-1,-1,-1,-1,9,2,E01027597,0
Unvalidated,2024161462906,2024,161462906,2,1,0,18,8,5,0,0,5,0,0,0,1,1,6,1,53,8,-1,-1,-1,-1,3,1,E01012807,0
Unvalidated,2024161462906,2024,161462906,3,1,0,18,8,5,0,0,0,0,0,0,1,1,6,1,49,8,-1,-1,-1,-1,8,2,E01013098,0
Unvalidated,2024161462979,2024,161462979,1,9,0,9,5,3,0,1,0,0,0,0,4,1,6,2,-1,-1,-1,-1,-1,-1,-1,-1,-1,0
Unvalidated,2024161462979,2024,161462979,2,1,0,18,7,3,0,1,0,0,0,0,1,1,6,1,32,6,-1,-1,-1,-1,-1,-1,-1,0
Unvalidated,2024161462989,2024,161462989,1,9,0,2,5,1,9,0,0,8,0,0,4,1,6,2,-1,-1,-1,-1,-1,-1,-1,-1,-1,0
Unvalidated,2024161462989,2024,161462989,2,1,0,99,5,1,99,0,9,99,9,99,4,1,6,2,13,3,-1,-1,-1,-1,-1,-1,-1,0
Unvalidated,2024161466205,2024,161466205,1,1,0,18,3,7,4,1,0,0,0,0,1,1,6,1,49,8,-1,-1,-1,-1,2,1,E01013206,0
Unvalidated,2024161466205,2024,161466205,2,9,0,9,1,7,0,8,0,0,0,0,1,1,6,3,-1,-1,-1,-1,-1,-1,-1,-1,-1,0
Unvalidated,2024161469128,2024,161469128,1,9,0,18,7,3,0,0,0,0,0,0,-1,1,6,2,-1,-1,-1,-1,-1,-1,-1,-1,-1,0
Unvalidated,2024161471117,2024,161471117,1,9,0,18,7,3,0,8,0,0,0,0,1,1,6,2,-1,-1,-1,-1,-1,-1,-1,-1,-1,0
Unvalidated,2024161471117,2024,161471117,2,9,0,18,3,7,0,8,0,0,0,0,1,1,6,1,-1,-1,-1,-1,-1,-1,-1,-1,-1,0
Unvalidated,2024161486073,2024,161486073,1,1,0,18,3,7,9,1,1,4,0,0,4,1,2,1,46,8,-1,-1,-1,-1,-1,-1,-1,0
Unvalidated,2024161486073,2024,161486073,2,9,0,2,0,0,0,1,0,0,0,0,4,1,5,2,-1,-1,-1,-1,-1,-1,6,1,E01012959,0
Unvalidated,2024161486940,2024,161486940,1,9,0,2,7,7,0,0,0,0,0,0,4,1,5,3,-1,-1,-1,-1,-1,-1,-1,-1,-1,0
Unvalidated,2024161486940,2024,161486940,2,1,0,18,3,7,0,0,0,0,0,0,1,1,2,1,46,8,-1,-1,-1,-1,2,1,E01032595,0
Unvalidated,20241700S1011,2024,1700S1011,1,9,0,9,6,4,0,2,0,0,0,0,1,1,2,1,45,7,-1,-1,-1,-1,-1,-1,-1,0
Unvalidated,20241700S1011,2024,1700S1011,2,1,0,18,5,1,0,6,0,0,0,0,1,1,2,1,36,7,-1,-1,-1,-1,-1,-1,-1,0
Unvalidated,202417H100124,2024,17H100124,1,9,0,18,6,2,0,0,0,0,0,0,1,1,6,1,18,4,-1,-1,-1,-1,9,1,E01011982,0
Unvalidated,202417H100124,2024,17H100124,2,9,0,18,6,2,0,0,0,0,0,0,1,1,6,1,61,9,-1,-1,-1,-1,9,1,E01011983,0
Unvalidated,202417H100124,2024,17H100124,3,9,0,18,6,2,0,0,0,0,0,0,1,1,6,2,50,8,-1,-1,-1,-1,1,1,E01011976,0
Unvalidated,202417H100224,2024,17H100224,1,10,0,9,7,5,0,8,0,0,0,0,1,1,1,1,64,9,-1,-1,-1,-1,3,1,E01032541,0
Unvalidated,202417H100224,2024,17H100224,2,19,0,18,5,1,0,8,5,0,7,10,4,1,1,2,43,7,-1,-1,-1,-1,6,1,E01011996,0
Unvalidated,202417H100224,2024,17H100224,3,9,0,2,0,0,0,2,0,0,0,0,2,1,6,2,-1,-1,-1,-1,-1,-1,4,1,E01011986,0
Unvalidated,202417H100324,2024,17H100324,1,9,0,18,6,2,0,0,0,0,1,4,1,1,6,1,26,6,-1,-1,-1,-1,1,1,E01011981,0
Unvalidated,202417H100424,2024,17H100424,1,3,0,18,5,1,0,8,0,0,0,0,1,1,6,1,28,6,-1,-1,-1,-1,-1,-1,-1,0
Unvalidated,202417H100424,2024,17H100424,2,20,0,7,7,1,0,6,0,0,0,0,2,1,1,1,-1,-1,-1,-1,-1,-1,-1,-1,-1,0
Unvalidated,202417H100524,2024,17H100524,1,90,0,7,7,1,0,2,0,0,0,0,1,1,6,1,-1,-1,-1,-1,-1,-1,-1,-1,-1,0
Unvalidated,202417H100624,2024,17H100624,1,9,0,9,1,7,0,8,0,0,0,0,1,1,6,2,49,8,-1,-1,-1,-1,2,1,E01011954,0
Unvalidated,202417H100624,2024,17H100624,2,19,0,18,3,7,0,8,0,0,0,0,3,1,6,1,60,9,-1,-1,-1,-1,-1,-1,-1,0
Unvalidated,202417H100724,2024,17H100724,1,9,0,9,2,8,0,8,0,0,0,0,1,1,6,1,18,4,-1,-1,-1,-1,4,1,E01033467,0
Unvalidated,202417H100724,2024,17H100724,2,9,0,18,6,2,0,8,0,0,0,0,1,1,6,1,19,4,-1,-1,-1,-1,7,3,E01011959,0
Unvalidated,202417H100924,2024,17H100924,1,1,0,18,7,3,0,1,0,0,0,0,3,1,6,1,14,3,-1,-1,-1,-1,3,1,E01011964,0
Unvalidated,202417H100924,2024,17H100924,2,9,0,18,5,1,0,1,0,0,0,0,1,1,6,1,30,6,-1,-1,-1,-1,2,1,E01012081,0
Unvalidated,202417H101024,2024,17H101024,1,9,0,9,2,8,0,8,0,0,0,0,1,1,6,1,61,9,-1,-1,-1,-1,-1,-1,-1,0
Unvalidated,202417H101124,2024,17H101124,1,9,0,18,3,7,0,0,0,0,0,0,4,1,6,1,40,7,-1,-1,-1,-1,3,1,E01011964,0
Unvalidated,202417H101224,2024,17H101224,1,9,0,18,8,4,0,8,0,0,0,0,1,1,6,2,28,6,-1,-1,-1,-1,4,1,E01033467,0
Unvalidated,202417H101224,2024,17H101224,2,1,0,18,6,2,0,8,0,0,0,0,1,1,6,1,18,4,-1,-1,-1,-1,4,1,E01011986,0
Unvalidated,202417H101324,2024,17H101324,1,9,0,3,4,8,0,4,0,0,0,0,2,1,6,2,48,8,-1,-1,-1,-1,9,1,E01011997,0
Unvalidated,202417H101324,2024,17H101324,2,9,0,3,4,8,0,4,0,0,0,0,1,1,6,2,28,6,-1,-1,-1,-1,8,1,E01011963,0
Unvalidated,202417H101324,2024,17H101324,3,9,0,18,4,8,0,4,0,0,0,0,1,1,6,3,-1,-1,-1,-1,-1,-1,-1,-1,-1,0
Unvalidated,202417H101424,2024,17H101424,1,9,0,3,2,6,0,1,0,0,0,0,2,1,6,2,44,7,-1,-1,-1,-1,6,1,E01012046,0
Unvalidated,202417H101424,2024,17H101424,2,9,0,18,2,6,0,1,0,0,0,0,1,1,6,2,-1,-1,-1,-1,-1,-1,-1,-1,-1,0
Unvalidated,202417H101524,2024,17H101524,1,9,0,18,8,4,0,0,1,0,1,4,1,1,6,1,38,7,-1,-1,-1,-1,-1,-1,-1,0
Unvalidated,202417H101624,2024,17H101624,1,1,0,-1,7,3,-1,8,0,0,0,0,1,1,-1,1,35,6,-1,-1,-1,-1,1,1,E01011973,0
Unvalidated,202417H101624,2024,17H101624,2,8,0,-1,2,6,-1,3,0,0,0,0,3,1,-1,1,60,9,-1,-1,-1,-1,-1,-1,-1,0
Unvalidated,202417H101724,2024,17H101724,1,9,0,-1,6,2,-1,8,0,0,0,0,2,1,-1,1,23,5,-1,-1,-1,-1,1,1,E01011994,0
Unvalidated,202417H101724,2024,17H101724,2,9,0,-1,1,5,-1,4,0,0,0,0,1,1,-1,1,-1,-1,-1,-1,-1,-1,-1,-1,-1,0
Unvalidated,202417H101824,2024,17H101824,1,9,0,-1,6,4,-1,2,0,0,0,0,2,1,-1,2,28,6,-1,-1,-1,-1,5,3,E01011968,0
Unvalidated,202417H101824,2024,17H101824,2,9,0,-1,6,2,-1,2,0,0,0,0,1,1,-1,1,-1,-1,-1,-1,-1,-1,-1,-1,-1,0
Unvalidated,202417H101924,2024,17H101924,1,9,0,-1,2,6,-1,0,0,0,0,0,2,1,-1,2,54,8,-1,-1,-1,-1,6,1,E01011967,0
Unvalidated,202417H101924,2024,17H101924,2,9,0,-1,2,6,-1,0,0,0,0,0,1,1,-1,2,18,4,-1,-1,-1,-1,9,1,E01011965,0
Unvalidated,202417H102024,2024,17H102024,1,9,0,-1,8,4,-1,1,1,0,1,11,4,1,-1,3,-1,-1,-1,-1,-1,-1,-1,-1,-1,0
Unvalidated,202417H102124,2024,17H102124,1,1,0,-1,5,1,-1,0,0,0,0,0,2,1,-1,1,64,9,-1,-1,-1,-1,7,1,E01011969,0
Unvalidated,202417H102124,2024,17H102124,2,19,0,-1,5,1,-1,0,0,0,0,0,1,1,-1,1,-1,-1,-1,-1,-1,-1,-1,-1,-1,0
Unvalidated,202417H102224,2024,17H102224,1,9,0,-1,1,5,-1,1,0,0,0,0,1,1,-1,2,58,9,-1,-1,-1,-1,1,1,E01011999,0
Unvalidated,202417H102224,2024,17H102224,2,-1,0,-1,3,7,-1,6,0,0,0,0,2,1,-1,1,13,3,-1,-1,-1,-1,1,1,E01033466,1
Unvalidated,202417H102324,2024,17H102324,1,9,0,-1,1,5,-1,6,0,0,0,0,2,1,-1,2,42,7,-1,-1,-1,-1,2,2,E01020792,0
Unvalidated,202417H102324,2024,17H102324,2,9,0,-1,6,2,-1,1,0,0,0,0,1,1,-1,1,50,8,-1,-1,-1,-1,9,1,E01012208,0
Unvalidated,202417H102424,2024,17H102424,1,9,0,-1,6,2,-1,8,0,0,0,0,3,1,-1,2,87,11,-1,-1,-1,-1,6,1,E01011995,0
Unvalidated,202417H102424,2024,17H102424,2,9,0,-1,4,8,-1,8,0,0,0,0,1,1,-1,1,21,5,-1,-1,-1,-1,1,1,E01012000,0
Unvalidated,202417H102524,2024,17H102524,1,1,0,-1,1,5,-1,8,0,0,0,0,1,1,-1,1,43,7,-1,-1,-1,-1,-1,-1,-1,0
Unvalidated,202417H102524,2024,17H102524,2,9,0,-1,7,3,-1,8,0,0,0,0,1,1,-1,1,33,6,-1,-1,-1,-1,-1,-1,-1,0
Unvalidated,202417H102624,2024,17H102624,1,9,0,-1,6,2,-1,0,0,0,0,0,0,1,-1,1,65,9,-1,-1,-1,-1,7,1,E01011969,0
Unvalidated,202417H102724,2024,17H102724,1,9,0,-1,0,0,-1,0,0,0,0,0,2,1,-1,2,31,6,-1,-1,-1,-1,1,1,E01012001,0
Unvalidated,202417H102724,2024,17H102724,2,9,0,-1,1,5,-1,0,0,0,0,0,1,1,-1,1,56,9,-1,-1,-1,-1,-1,-1,-1,0
Unvalidated,202417H102824,2024,17H102824,1,9,0,-1,3,6,-1,0,0,0,0,0,1,1,-1,1,32,6,-1,-1,-1,-1,-1,-1,-1,0
Unvalidated,202417H102824,2024,17H102824,2,9,0,-1,6,2,-1,0,0,0,0,0,1,1,-1,1,37,7,-1,-1,-1,-1,1,1,E01011980,0
Unvalidated,202417H102924,2024,17H102924,1,9,0,-1,1,3,-1,2,0,0,0,0,1,1,-1,2,22,5,-1,-1,-1,-1,5,2,E01020803,0
Unvalidated,202417H103024,2024,17H103024,1,9,0,-1,1,5,-1,1,0,0,0,0,1,1,-1,1,53,8,-1,-1,-1,-1,1,1,E01011994,0
Unvalidated,202417H103124,2024,17H103124,1,9,0,-1,2,8,-1,8,0,0,0,0,4,1,-1,1,38,7,-1,-1,-1,-1,1,1,E01033477,0
Unvalidated,202417H103124,2024,17H103124,2,9,0,-1,6,2,-1,8,0,0,0,0,1,1,-1,1,87,11,-1,-1,-1,-1,6,1,E01011995,0
Unvalidated,202417H103224,2024,17H103224,1,9,0,-1,1,5,-1,2,0,0,0,0,1,1,-1,1,-1,-1,-1,-1,-1,-1,-1,-1,-1,0
Unvalidated,202417H103224,2024,17H103224,2,1,0,-1,3,7,-1,2,0,0,0,0,3,1,-1,1,13,3,-1,-1,-1,-1,-1,-1,-1,0
Unvalidated,202417H105724,2024,17H105724,1,9,0,-1,6,2,-1,0,0,0,0,0,2,1,-1,1,69,10,-1,-1,-1,-1,9,1,E01011983,0
Unvalidated,202417H105724,2024,17H105724,2,9,0,-1,6,2,-1,0,0,0,0,0,1,1,-1,1,71,10,-1,-1,-1,-1,8,1,E01011963,0
Unvalidated,202417L100324,2024,17L100324,1,9,0,18,6,2,0,4,0,0,0,0,1,1,2,1,38,7,-1,-1,-1,-1,9,1,E01012177,0
Unvalidated,202417L100324,2024,17L100324,2,1,0,18,4,8,0,8,0,0,0,0,4,1,6,1,57,9,-1,-1,-1,-1,-1,-1,-1,0
Unvalidated,202417L100624,2024,17L100624,1,1,0,18,4,8,0,8,0,0,0,0,4,1,6,1,32,6,-1,-1,-1,-1,3,1,E01012119,0
Unvalidated,202417L100624,2024,17L100624,2,9,0,7,6,8,0,8,0,0,0,0,1,1,6,3,-1,-1,-1,-1,-1,-1,-1,-1,-1,0
Unvalidated,202417L101224,2024,17L101224,1,9,0,18,8,4,0,0,0,0,0,0,1,1,6,1,66,10,-1,-1,-1,-1,2,2,E01012132,0
Unvalidated,202417L101224,2024,17L101224,2,19,0,18,4,8,0,0,0,0,0,0,1,1,6,1,33,6,-1,-1,-1,-1,8,1,E01027838,0
Unvalidated,202417L101524,2024,17L101524,1,9,0,16,2,6,0,0,0,0,0,0,1,1,6,2,18,4,-1,-1,-1,-1,-1,-1,-1,0
Unvalidated,202417L101524,2024,17L101524,2,9,0,17,6,2,0,0,0,0,0,0,1,1,6,2,65,9,-1,-1,-1,-1,-1,-1,-1,0
Unvalidated,202417L101724,2024,17L101724,1,9,0,18,8,4,0,4,0,0,0,0,1,1,6,1,56,9,-1,-1,-1,-1,8,2,E01012163,0
Unvalidated,202417L101724,2024,17L101724,2,5,0,9,6,4,0,8,0,0,0,0,4,1,6,1,79,11,-1,-1,-1,-1,2,1,E01012031,0
Unvalidated,202417L102224,2024,17L102224,1,9,0,18,1,5,0,2,0,0,1,10,4,1,6,2,18,4,-1,-1,-1,-1,7,1,E01012064,0
Unvalidated,202417L102424,2024,17L102424,1,9,0,18,8,4,0,1,5,0,7,10,1,1,6,1,18,4,-1,-1,-1,-1,-1,-1,-1,0
Unvalidated,202417L102524,2024,17L102524,1,19,0,10,8,5,0,1,0,0,0,0,2,1,6,1,36,7,-1,-1,-1,-1,2,3,E01012132,0
Unvalidated,202417L102524,2024,17L102524,2,5,0,18,8,4,0,1,0,0,0,0,1,1,6,1,22,5,-1,-1,-1,-1,9,2,E01012158,0
Unvalidated,202417L102624,2024,17L102624,1,9,0,9,7,3,0,1,0,0,0,0,1,1,6,1,55,8,-1,-1,-1,-1,7,3,E01012120,0
Unvalidated,202417L102624,2024,17L102624,2,3,0,18,3,7,0,1,0,0,0,0,1,1,6,1,24,5,-1,-1,-1,-1,2,2,E01012165,0
Unvalidated,202417L102724,2024,17L102724,1,9,0,18,3,7,0,0,0,0,0,0,0,1,6,1,72,10,-1,-1,-1,-1,9,1,E01027845,0
Unvalidated,202417L103324,2024,17L103324,1,9,0,-1,2,8,-1,1,0,0,0,0,2,1,-1,1,36,7,-1,-1,-1,-1,3,2,E01012155,0
Unvalidated,202417L103324,2024,17L103324,2,9,0,-1,2,6,-1,1,0,0,0,0,1,1,-1,2,-1,-1,-1,-1,-1,-1,-1,-1,-1,0
Unvalidated,202417L103424,2024,17L103424,1,9,0,-1,4,2,-1,8,0,0,0,0,1,1,-1,1,18,4,-1,-1,-1,-1,2,2,E01012165,0
Unvalidated,202417L103424,2024,17L103424,2,9,0,-1,1,4,-1,8,0,0,0,0,1,1,-1,1,40,7,-1,-1,-1,-1,1,1,E01032561,0
Unvalidated,202417L103524,2024,17L103524,1,9,0,-1,7,3,-1,1,0,0,0,0,1,1,-1,1,57,9,-1,-1,-1,-1,3,1,E01012119,0
Unvalidated,202417L103624,2024,17L103624,1,9,0,-1,7,3,-1,0,0,0,0,0,1,1,-1,2,29,6,-1,-1,-1,-1,9,3,E01033480,0
Unvalidated,202417L103624,2024,17L103624,2,9,0,-1,3,7,-1,0,0,0,0,0,1,1,-1,2,63,9,-1,-1,-1,-1,1,2,E01012099,0
Unvalidated,202417L103624,2024,17L103624,3,9,0,-1,7,3,-1,0,0,0,0,0,1,1,-1,1,44,7,-1,-1,-1,-1,6,1,E01020822,0
Unvalidated,202417L103724,2024,17L103724,1,9,0,-1,6,2,-1,0,0,0,0,0,1,1,-1,1,82,11,-1,-1,-1,-1,-1,-1,-1,0
Unvalidated,202417L103724,2024,17L103724,2,1,0,-1,6,2,-1,0,0,0,0,0,2,1,-1,1,68,10,-1,-1,-1,-1,-1,-1,-1,0
Unvalidated,202417L104024,2024,17L104024,1,9,0,-1,5,1,-1,0,0,0,0,0,2,1,-1,1,38,7,-1,-1,-1,-1,1,1,E01012015,0
Unvalidated,202417L104524,2024,17L104524,1,9,0,-1,3,1,-1,6,0,0,0,0,1,1,-1,2,27,6,-1,-1,-1,-1,2,1,E01012107,0
Unvalidated,202417L104524,2024,17L104524,2,5,0,-1,1,5,-1,8,1,0,0,0,1,1,-1,1,65,9,-1,-1,-1,-1,5,1,E01012129,0
Unvalidated,202417L104624,2024,17L104624,1,8,0,-1,2,6,-1,8,0,0,0,0,1,1,-1,3,-1,-1,-1,-1,-1,-1,-1,-1,-1,0
Unvalidated,202417L105124,2024,17L105124,1,5,0,-1,2,6,-1,8,1,0,0,0,4,1,-1,1,60,9,-1,-1,-1,-1,3,1,E01012117,0
Unvalidated,202417L105124,2024,17L105124,2,9,0,-1,4,2,-1,8,0,0,0,0,0,1,-1,1,-1,-1,-1,-1,-1,-1,-1,-1,-1,0
Unvalidated,202417L106624,2024,17L106624,1,9,0,9,3,7,0,8,0,0,0,0,4,1,6,1,77,11,-1,-1,-1,-1,6,1,E01012151,0
Unvalidated,202417L106624,2024,17L106624,2,1,0,18,3,7,0,8,0,0,0,0,1,1,6,1,17,4,-1,-1,-1,-1,7,1,E01012152,0
Unvalidated,202417L200124,2024,17L200124,1,19,0,18,4,8,0,2,0,0,0,0,1,1,1,1,59,9,-1,-1,-1,-1,2,1,E01012171,0
Unvalidated,202417L200224,2024,17L200224,1,9,0,18,8,4,0,0,0,0,0,0,3,1,3,2,31,6,-1,-1,-1,-1,1,1,E01012112,0
Unvalidated,202417L200424,2024,17L200424,1,9,0,18,2,6,0,0,5,0,1,9,4,1,2,2,19,4,-1,-1,-1,-1,2,1,E01012051,0
Unvalidated,202417L200724,2024,17L200724,1,9,0,9,8,6,0,1,0,0,0,0,1,1,6,1,56,9,-1,-1,-1,-1,2,1,E01012275,0
Unvalidated,202417L200724,2024,17L200724,2,9,0,18,4,8,0,2,0,0,0,0,1,1,6,1,70,10,-1,-1,-1,-1,4,1,E01012145,0
Unvalidated,202417L201124,2024,17L201124,1,9,0,4,4,8,0,0,0,0,0,0,2,1,6,2,51,8,-1,-1,-1,-1,4,1,E01012167,0
Unvalidated,202417L201124,2024,17L201124,2,19,0,18,4,8,0,0,0,0,0,0,1,1,1,1,35,6,-1,-1,-1,-1,2,2,E01020793,0
Unvalidated,202417L201924,2024,17L201924,1,9,0,18,7,3,0,0,0,0,7,2,1,1,6,1,24,5,-1,-1,-1,-1,-1,-1,-1,0
Unvalidated,202417L201924,2024,17L201924,2,9,0,18,7,3,0,0,0,0,0,0,0,1,1,1,40,7,-1,-1,-1,-1,-1,-1,-1,0
Unvalidated,202417L202124,2024,17L202124,1,9,0,9,2,6,0,8,0,0,0,0,1,1,6,1,32,6,-1,-1,-1,-1,1,1,E01012170,0
Unvalidated,202417L202124,2024,17L202124,2,9,0,18,8,4,0,8,0,0,1,0,3,1,6,1,37,7,-1,-1,-1,-1,6,1,E01008872,0
Unvalidated,202417L203024,2024,17L203024,1,9,0,18,3,7,0,5,0,0,3,0,3,1,1,1,18,4,-1,-1,-1,-1,1,1,E01033471,0
Unvalidated,202417L203024,2024,17L203024,2,9,0,18,0,0,0,1,0,0,0,0,1,1,6,1,66,10,-1,-1,-1,-1,7,3,E01027592,0
Unvalidated,202417L203224,2024,17L203224,1,9,0,18,8,4,0,0,0,0,0,0,1,1,6,2,27,6,-1,-1,-1,-1,4,1,E01012167,0
Unvalidated,202417L203224,2024,17L203224,2,9,0,18,0,0,0,0,0,0,0,0,3,1,6,3,-1,-1,-1,-1,-1,-1,-1,-1,-1,0
Unvalidated,202417L203824,2024,17L203824,1,9,0,-1,5,1,-1,0,0,0,0,0,2,1,-1,2,39,7,-1,-1,-1,-1,-1,-1,-1,0
Unvalidated,202417L203824,2024,17L203824,2,19,0,-1,5,1,-1,0,0,0,0,0,1,1,-1,1,-1,-1,-1,-1,-1,-1,-1,-1,-1,0
Unvalidated,202417L204324,2024,17L204324,1,9,0,-1,8,4,-1,0,0,0,0,0,1,1,-1,2,-1,-1,-1,-1,-1,-1,-1,-1,-1,0
Unvalidated,202417L204424,2024,17L204424,1,9,0,-1,2,6,-1,8,0,0,0,0,2,1,-1,2,60,9,-1,-1,-1,-1,9,1,E01012066,0
Unvalidated,202417L204424,2024,17L204424,2,21,1,-1,2,6,-1,8,0,0,0,0,1,1,-1,1,40,7,-1,-1,-1,-1,-1,-1,-1,0
Unvalidated,202417L204724,2024,17L204724,1,9,0,-1,2,6,-1,2,0,0,0,0,1,1,-1,1,57,9,-1,-1,-1,-1,7,1,E01012178,0
Unvalidated,202417L204724,2024,17L204724,2,9,0,-1,2,6,-1,2,0,0,0,0,2,1,-1,1,33,6,-1,-1,-1,-1,9,3,E01033480,0