status,collision_index,collision_year,collision_reference,vehicle_reference,vehicle_type,towing_and_articulation,vehicle_manoeuvre,vehicle_direction_from,vehicle_direction_to,vehicle_location_restricted_lane,junction_location,skidding_and_overturning,hit_object_in_carriageway,vehicle_leaving_carriageway,hit_object_off_carriageway,first_point_of_impact,vehicle_left_hand_drive,journey_purpose_of_driver,sex_of_driver,age_of_driver,age_band_of_driver,engine_capacity_cc,propulsion_code,age_of_vehicle,generic_make_model,driver_imd_decile,driver_home_area_type,lsoa_of_driver,escooter_flag
Unvalidated,202417L204924,2024,17L204924,1,23,0,-1,4,8,-1,0,0,0,0,0,1,1,-1,1,19,4,-1,-1,-1,-1,6,1,E01033472,0
Unvalidated,202417L205224,2024,17L205224,1,8,0,-1,2,6,-1,1,0,0,0,0,4,1,-1,3,-1,-1,-1,-1,-1,-1,-1,-1,-1,0
Unvalidated,202417L205324,2024,17L205324,1,11,0,-1,4,8,-1,0,0,0,0,0,4,1,-1,1,25,5,-1,-1,-1,-1,1,1,E01011952,0
Unvalidated,202417L205324,2024,17L205324,2,1,0,-1,4,8,-1,0,0,0,0,0,3,1,-1,1,16,4,-1,-1,-1,-1,6,2,E01020619,0
Unvalidated,202417L205624,2024,17L205624,1,9,0,-1,6,2,-1,8,0,0,0,0,1,1,-1,1,49,8,-1,-1,-1,-1,3,2,E01027840,0
Unvalidated,202417L205624,2024,17L205624,2,9,0,-1,1,6,-1,6,0,0,0,0,3,1,-1,1,76,11,-1,-1,-1,-1,-1,-1,-1,0
Unvalidated,202417L205724,2024,17L205724,1,9,0,-1,4,2,-1,8,0,0,0,0,3,1,-1,1,28,6,-1,-1,-1,-1,9,3,E01033480,0
Unvalidated,202417L205724,2024,17L205724,2,9,0,-1,2,6,-1,8,0,0,0,0,1,1,-1,2,31,6,-1,-1,-1,-1,-1,1,-1,0
Unvalidated,202417L206224,2024,17L206224,1,1,0,-1,4,8,-1,8,0,0,0,0,3,1,-1,1,50,8,-1,-1,-1,-1,-1,-1,-1,0
Unvalidated,202417L206224,2024,17L206224,2,9,0,-1,4,3,-1,8,0,0,0,0,0,1,-1,2,32,6,-1,-1,-1,-1,1,1,E01033471,0
Unvalidated,202417L207924,2024,17L207924,1,9,0,-1,8,2,-1,1,0,0,0,0,2,1,-1,1,24,5,-1,-1,-1,-1,2,1,E01012081,0
Unvalidated,202417L207924,2024,17L207924,2,9,0,-1,8,4,-1,1,0,0,0,0,1,1,-1,1,-1,-1,-1,-1,-1,-1,-1,-1,-1,0
Unvalidated,202417L301024,2024,17L301024,1,9,0,18,4,8,0,0,0,0,0,0,3,1,6,1,-1,-1,-1,-1,-1,-1,-1,-1,-1,0
Unvalidated,202417L301024,2024,17L301024,2,3,0,3,4,8,0,0,0,0,0,0,4,1,6,1,32,6,-1,-1,-1,-1,5,1,E01012106,0
Unvalidated,202417L301424,2024,17L301424,1,9,0,5,1,5,0,1,0,0,0,0,1,1,6,1,-1,-1,-1,-1,-1,-1,3,1,E01027238,0
Unvalidated,202417L301424,2024,17L301424,2,9,0,5,1,5,0,1,0,0,0,0,2,1,6,1,30,6,-1,-1,-1,-1,1,1,E01012273,0
Unvalidated,202417L302024,2024,17L302024,1,9,0,18,4,8,0,0,0,0,0,0,1,1,6,2,21,5,-1,-1,-1,-1,3,1,E01012117,0
Unvalidated,202417L302024,2024,17L302024,2,9,0,4,4,8,0,0,0,0,0,0,2,1,6,1,71,10,-1,-1,-1,-1,9,1,E01012180,0
Unvalidated,202417L302924,2024,17L302924,1,9,0,9,6,2,0,1,0,0,0,0,1,1,1,1,43,7,-1,-1,-1,-1,3,2,E01012155,0
Unvalidated,202417L302924,2024,17L302924,2,3,0,18,8,4,0,1,0,0,0,0,1,1,2,1,55,8,-1,-1,-1,-1,2,1,E01012102,0
Unvalidated,202417L303924,2024,17L303924,1,9,0,-1,7,3,-1,0,0,0,0,0,2,1,-1,2,43,7,-1,-1,-1,-1,2,1,E01012111,0
Unvalidated,202417L303924,2024,17L303924,2,9,0,-1,7,3,-1,0,0,0,0,0,1,1,-1,1,-1,-1,-1,-1,-1,-1,-1,-1,-1,0
Unvalidated,202417L304124,2024,17L304124,1,9,0,-1,7,3,-1,8,5,0,7,11,1,1,-1,1,19,4,-1,-1,-1,-1,1,1,E01012112,0
Unvalidated,202417L304124,2024,17L304124,2,9,0,-1,7,5,-1,8,0,0,0,0,3,1,-1,1,65,9,-1,-1,-1,-1,-1,-1,-1,0
Unvalidated,202417L304124,2024,17L304124,3,9,0,-1,0,0,-1,2,0,0,0,0,3,1,-1,1,-1,-1,-1,-1,-1,-1,-1,-1,-1,0
Unvalidated,202417L304224,2024,17L304224,1,9,0,-1,1,5,-1,0,0,0,0,0,2,1,-1,1,55,8,-1,-1,-1,-1,5,1,E01012106,0
Unvalidated,202417L304824,2024,17L304824,1,9,0,-1,2,6,-1,1,0,0,0,0,2,1,-1,1,37,7,-1,-1,-1,-1,1,1,E01012286,0
Unvalidated,202417L304824,2024,17L304824,2,9,0,-1,2,6,-1,1,0,0,0,0,1,1,-1,1,-1,-1,-1,-1,-1,-1,-1,-1,-1,0
Unvalidated,202417L305024,2024,17L305024,1,9,0,-1,4,8,-1,8,0,0,0,0,1,1,-1,2,61,9,-1,-1,-1,-1,6,2,E01032560,0
Unvalidated,202417L305024,2024,17L305024,2,9,0,-1,6,2,-1,8,0,0,0,0,1,1,-1,1,-1,-1,-1,-1,-1,-1,-1,-1,-1,0
Unvalidated,202417L305424,2024,17L305424,1,9,0,-1,1,5,-1,8,0,0,0,0,1,1,-1,1,47,8,-1,-1,-1,-1,-1,-1,-1,0
Unvalidated,202417L305424,2024,17L305424,2,9,0,-1,3,7,-1,8,0,0,1,10,1,1,-1,1,17,4,-1,-1,-1,-1,1,1,E01012033,0
Unvalidated,202417L306124,2024,17L306124,1,9,0,-1,7,3,-1,8,0,0,0,0,4,1,-1,1,60,9,-1,-1,-1,-1,1,1,E01012127,0
Unvalidated,202417L306124,2024,17L306124,2,-1,0,-1,1,5,-1,6,0,0,0,0,1,1,-1,1,12,3,-1,-1,-1,-1,1,1,E01012100,1
Unvalidated,202417L307124,2024,17L307124,1,9,0,-1,1,5,-1,8,0,0,0,0,3,1,-1,2,38,7,-1,-1,-1,-1,-1,-1,-1,0
Unvalidated,202417L307124,2024,17L307124,2,9,0,-1,7,3,-1,8,0,0,0,0,1,1,-1,2,42,7,-1,-1,-1,-1,1,1,E01012114,0
Unvalidated,202417L402324,2024,17L402324,1,9,0,18,2,6,0,1,0,0,0,0,1,1,6,2,26,6,-1,-1,-1,-1,4,3,E01012164,0
Unvalidated,202417L405524,2024,17L405524,1,9,0,-1,0,0,-1,0,0,0,0,0,2,1,-1,2,31,6,-1,-1,-1,-1,5,1,E01012300,0
Unvalidated,202417L405524,2024,17L405524,2,9,0,-1,2,6,-1,0,0,0,0,0,1,1,-1,2,40,7,-1,-1,-1,-1,10,1,E01012124,0
Unvalidated,202417L405824,2024,17L405824,1,19,0,-1,4,8,-1,0,0,0,0,0,2,1,-1,1,60,9,-1,-1,-1,-1,4,1,E01012118,0
Unvalidated,202417L405824,2024,17L405824,2,1,0,-1,4,8,-1,0,0,0,0,0,1,1,-1,1,56,9,-1,-1,-1,-1,3,2,E01012155,0
Unvalidated,202417L405924,2024,17L405924,1,9,0,-1,8,4,-1,3,0,0,0,0,4,1,-1,1,59,9,-1,-1,-1,-1,5,2,E01027630,0
Unvalidated,202417L405924,2024,17L405924,2,9,0,-1,8,4,-1,3,0,0,0,0,3,1,-1,1,-1,-1,-1,-1,-1,-1,-1,-1,-1,0
Unvalidated,202417L406024,2024,17L406024,1,9,0,-1,3,1,-1,8,0,0,0,0,1,1,-1,1,76,11,-1,-1,-1,-1,3,2,E01012155,0
Unvalidated,202417L406024,2024,17L406024,2,9,0,-1,7,3,-1,8,0,0,0,0,1,1,-1,2,41,7,-1,-1,-1,-1,2,2,E01012159,0
Unvalidated,202417L500524,2024,17L500524,1,9,0,17,6,2,0,0,5,0,0,0,4,1,6,1,34,6,-1,-1,-1,-1,1,2,E01033473,0
Unvalidated,202417L500824,2024,17L500824,1,9,0,1,0,4,-1,0,0,0,0,11,1,1,6,2,57,9,-1,-1,-1,-1,2,2,E01012165,0
Unvalidated,202417L501324,2024,17L501324,1,9,0,18,8,4,0,0,0,0,0,0,4,1,6,3,-1,-1,-1,-1,-1,-1,-1,-1,-1,0
Unvalidated,202417L501324,2024,17L501324,2,9,0,2,0,0,0,0,0,0,0,0,0,1,6,2,59,9,-1,-1,-1,-1,4,1,E01027866,0
Unvalidated,202417L501624,2024,17L501624,1,9,0,17,2,6,0,0,5,0,2,0,4,1,6,2,39,7,-1,-1,-1,-1,1,1,E01012113,0
Unvalidated,202417L503124,2024,17L503124,1,11,0,17,3,7,0,0,0,0,0,0,3,1,1,1,65,9,-1,-1,-1,-1,-1,-1,-1,0
Unvalidated,202417L503124,2024,17L503124,2,9,0,16,7,3,0,0,0,0,0,0,1,1,6,1,40,7,-1,-1,-1,-1,1,3,E01012096,0
Unvalidated,202417M100324,2024,17M100324,1,9,0,18,1,5,0,1,0,0,0,0,2,1,6,2,25,5,-1,-1,-1,-1,5,2,E01012140,0
Unvalidated,202417M100324,2024,17M100324,2,9,0,18,1,5,0,1,0,0,0,0,2,1,6,1,-1,-1,-1,-1,-1,-1,1,2,E01033473,0
Unvalidated,202417M100324,2024,17M100324,3,9,0,11,1,5,0,1,0,0,0,0,1,1,6,1,39,7,-1,-1,-1,-1,-1,-1,-1,0
Unvalidated,202417M100424,2024,17M100424,1,19,0,18,5,1,0,0,0,0,0,0,1,1,1,1,26,6,-1,-1,-1,-1,7,1,E01012047,0
Unvalidated,202417M100524,2024,17M100524,1,10,0,18,3,7,0,8,0,0,0,0,3,1,1,1,54,8,-1,-1,-1,-1,1,1,E01033468,0
Unvalidated,202417M100524,2024,17M100524,2,9,0,9,1,7,0,8,0,0,0,0,1,1,6,1,26,6,-1,-1,-1,-1,1,1,E01033477,0
Unvalidated,202417M100624,2024,17M100624,1,9,0,1,7,4,0,6,0,0,0,0,0,1,6,3,-1,-1,-1,-1,-1,-1,-1,-1,-1,0
Unvalidated,202417M101224,2024,17M101224,1,9,0,18,1,5,0,0,0,0,0,0,1,1,6,1,79,11,-1,-1,-1,-1,3,1,E01012079,0
Unvalidated,202417M101224,2024,17M101224,2,9,0,3,1,5,0,0,0,0,0,0,3,1,2,1,31,6,-1,-1,-1,-1,1,1,E01012041,0
Unvalidated,202417M101224,2024,17M101224,3,9,0,3,1,5,0,0,0,0,0,0,3,1,2,2,34,6,-1,-1,-1,-1,9,1,E01012224,0
Unvalidated,202417M101224,2024,17M101224,4,19,0,3,1,5,0,0,0,0,0,0,2,1,1,1,53,8,-1,-1,-1,-1,10,2,E01027623,0
Unvalidated,202417M101224,2024,17M101224,5,9,0,3,1,5,0,0,0,0,0,0,3,1,2,1,68,10,-1,-1,-1,-1,9,1,E01033480,0
Unvalidated,202417M101224,2024,17M101224,6,9,0,3,1,5,0,0,0,0,0,0,4,1,2,2,36,7,-1,-1,-1,-1,5,3,E01020772,0
Unvalidated,202417M101224,2024,17M101224,7,9,0,3,1,5,0,0,0,0,0,0,2,1,2,1,43,7,-1,-1,-1,-1,1,1,E01012040,0
Unvalidated,202417M101424,2024,17M101424,1,9,0,1,7,5,9,2,0,0,0,0,2,1,6,1,60,9,-1,-1,-1,-1,1,1,E01012113,0
Unvalidated,202417M101524,2024,17M101524,1,9,0,18,7,3,0,1,0,0,0,0,1,1,6,1,22,5,-1,-1,-1,-1,4,1,E01012145,0
Unvalidated,202417M101724,2024,17M101724,1,9,0,9,4,3,0,8,0,0,0,0,1,1,6,1,27,6,-1,-1,-1,-1,-1,-1,-1,0
Unvalidated,202417M101724,2024,17M101724,2,19,0,18,8,4,0,8,0,0,0,0,1,1,6,1,18,4,-1,-1,-1,-1,2,2,E01012132,0
Unvalidated,202417M101824,2024,17M101824,1,8,0,9,3,2,0,8,0,0,0,0,1,1,1,1,72,10,-1,-1,-1,-1,7,1,E01012053,0
Unvalidated,202417M101824,2024,17M101824,2,9,0,18,6,2,0,8,0,0,0,0,1,1,6,2,44,7,-1,-1,-1,-1,9,1,E01033478,0
Unvalidated,202417M101824,2024,17M101824,3,9,0,18,2,6,0,8,0,0,0,0,4,1,6,1,42,7,-1,-1,-1,-1,9,1,E01012232,0
Unvalidated,202417M102224,2024,17M102224,1,9,0,18,6,2,0,4,0,0,0,0,1,1,6,2,-1,-1,-1,-1,-1,-1,-1,-1,-1,0
Unvalidated,202417M102224,2024,17M102224,2,90,0,18,2,6,0,8,0,0,0,0,1,1,6,1,13,3,-1,-1,-1,-1,1,1,E01012084,1
Unvalidated,202417M102324,2024,17M102324,1,9,0,6,5,1,0,1,0,0,0,0,3,1,6,2,23,5,-1,-1,-1,-1,2,1,E01012081,0
Unvalidated,202417M102324,2024,17M102324,2,9,0,18,5,1,0,1,0,0,0,0,1,1,6,1,43,7,-1,-1,-1,-1,1,1,E01012038,0
Unvalidated,202417M102724,2024,17M102724,1,9,0,18,2,6,0,0,0,0,0,0,4,1,6,1,33,6,-1,-1,-1,-1,-1,-1,-1,0
Unvalidated,202417M102824,2024,17M102824,1,9,0,18,6,2,0,8,0,0,0,0,1,1,6,2,30,6,-1,-1,-1,-1,1,1,E01012083,0
Unvalidated,202417M102824,2024,17M102824,2,9,0,9,2,7,0,8,0,0,0,0,1,1,6,2,20,4,-1,-1,-1,-1,1,1,E01012083,0
Unvalidated,202417M103124,2024,17M103124,1,9,0,18,4,8,0,2,0,0,0,0,1,1,6,1,37,7,-1,-1,-1,-1,7,1,E01012025,0
Unvalidated,202417M103524,2024,17M103524,1,11,0,18,6,2,0,0,0,0,0,0,0,1,1,1,44,7,-1,-1,-1,-1,1,1,E01012284,0
Unvalidated,202417M103624,2024,17M103624,1,97,0,18,5,1,0,1,0,0,0,0,1,1,6,1,-1,-1,-1,-1,-1,-1,-1,-1,-1,0
Unvalidated,202417M103724,2024,17M103724,1,9,0,6,2,2,0,8,0,0,0,0,3,1,6,1,65,9,-1,-1,-1,-1,1,1,E01012040,0
Unvalidated,202417M103724,2024,17M103724,2,9,0,18,2,6,0,8,0,0,0,0,1,1,6,1,20,4,-1,-1,-1,-1,7,1,E01012053,0
Unvalidated,202417M103824,2024,17M103824,1,9,0,18,4,8,0,1,0,0,0,0,1,1,6,2,-1,-1,-1,-1,-1,-1,-1,-1,-1,0
Unvalidated,202417M103824,2024,17M103824,2,90,0,18,7,3,0,6,0,0,0,0,1,1,6,1,13,3,-1,-1,-1,-1,-1,-1,-1,1
Unvalidated,202417M103924,2024,17M103924,1,9,0,18,6,2,0,8,0,0,0,0,1,1,6,2,40,7,-1,-1,-1,-1,1,1,E01012014,0
Unvalidated,202417M103924,2024,17M103924,2,19,0,9,8,6,0,8,0,0,0,0,1,1,1,1,58,9,-1,-1,-1,-1,1,1,E01008603,0
Unvalidated,202417M104124,2024,17M104124,1,9,0,18,6,7,0,2,0,0,0,0,1,1,6,1,-1,-1,-1,-1,-1,-1,-1,-1,-1,0
Unvalidated,202417M104124,2024,17M104124,2,9,0,18,7,4,0,1,0,0,0,0,1,1,6,2,55,8,-1,-1,-1,-1,-1,-1,-1,0
Unvalidated,202417M104324,2024,17M104324,1,9,0,9,4,2,0,8,0,0,0,0,1,1,6,1,17,4,-1,-1,-1,-1,-1,-1,-1,0
Unvalidated,202417M104424,2024,17M104424,1,9,0,11,2,6,0,0,0,0,0,0,4,1,6,1,50,8,-1,-1,-1,-1,-1,-1,-1,0
Unvalidated,202417M104424,2024,17M104424,2,9,0,18,2,6,0,0,0,0,0,0,3,1,6,1,25,5,-1,-1,-1,-1,1,1,E01033468,0
Unvalidated,202417M104524,2024,17M104524,1,9,0,18,8,4,0,1,0,0,1,10,1,1,6,2,32,6,-1,-1,-1,-1,1,1,E01012266,0
Unvalidated,202417M104724,2024,17M104724,1,9,0,18,7,3,0,1,0,0,0,0,1,1,6,1,31,6,-1,-1,-1,-1,5,1,E01012110,0
Unvalidated,202417M104724,2024,17M104724,2,9,0,18,1,5,0,1,0,0,0,0,3,1,6,2,37,7,-1,-1,-1,-1,1,1,E01012018,0
Unvalidated,202417M105024,2024,17M105024,1,9,0,18,2,6,0,0,0,0,0,0,1,1,6,1,60,9,-1,-1,-1,-1,2,1,E01012080,0
Unvalidated,202417M105124,2024,17M105124,1,9,0,-1,6,2,-1,8,0,0,0,0,1,1,-1,1,33,6,-1,-1,-1,-1,2,1,E01012051,0
Unvalidated,202417M105124,2024,17M105124,2,9,0,-1,6,4,-1,8,0,0,0,0,3,1,-1,1,22,5,-1,-1,-1,-1,2,1,E01012031,0
Unvalidated,202417M105224,2024,17M105224,1,1,0,-1,7,3,-1,8,0,0,0,0,1,1,-1,1,58,9,-1,-1,-1,-1,-1,-1,-1,0
Unvalidated,202417M105224,2024,17M105224,2,9,0,-1,1,7,-1,4,0,0,0,0,1,1,-1,1,-1,-1,-1,-1,-1,-1,-1,-1,-1,0
Unvalidated,202417M105424,2024,17M105424,1,9,0,-1,1,5,-1,8,0,0,0,0,3,1,-1,2,25,5,-1,-1,-1,-1,2,1,E01012051,0
Unvalidated,202417M105424,2024,17M105424,2,9,0,-1,7,5,-1,8,0,0,0,0,1,1,-1,1,-1,-1,-1,-1,-1,-1,-1,-1,-1,0
Unvalidated,202417M105524,2024,17M105524,1,9,0,-1,2,6,-1,1,0,0,0,0,2,1,-1,2,26,6,-1,-1,-1,-1,-1,-1,-1,0
Unvalidated,202417M105524,2024,17M105524,2,19,0,-1,2,6,-1,1,0,0,0,0,1,1,-1,1,-1,-1,-1,-1,-1,-1,-1,-1,-1,0
Unvalidated,202417M105824,2024,17M105824,1,9,0,-1,5,6,-1,1,0,0,0,0,2,1,-1,2,36,7,-1,-1,-1,-1,1,1,E01012050,0
Unvalidated,202417M105824,2024,17M105824,2,9,0,-1,5,1,-1,1,0,0,0,0,1,1,-1,1,-1,-1,-1,-1,-1,-1,-1,-1,-1,0
Unvalidated,202417M106124,2024,17M106124,1,9,0,-1,2,6,-1,0,0,0,0,0,2,1,-1,1,72,10,-1,-1,-1,-1,1,1,E01012044,0
Unvalidated,202417M106124,2024,17M106124,2,9,0,-1,2,6,-1,0,0,0,0,0,2,1,-1,1,34,6,-1,-1,-1,-1,1,1,E01012039,0
Unvalidated,202417M106124,2024,17M106124,3,9,0,-1,2,6,-1,0,0,0,0,0,1,1,-1,1,33,6,-1,-1,-1,-1,-1,-1,-1,0
Unvalidated,202417M106224,2024,17M106224,1,9,0,-1,5,1,-1,0,0,0,0,0,3,1,-1,1,20,4,-1,-1,-1,-1,1,1,E01012093,0
Unvalidated,202417M106624,2024,17M106624,1,9,0,-1,2,6,-1,8,0,0,0,0,1,1,-1,1,36,7,-1,-1,-1,-1,1,1,E01012238,0
Unvalidated,202417M106624,2024,17M106624,2,9,0,-1,6,4,-1,8,0,0,0,0,1,1,-1,1,-1,-1,-1,-1,-1,-1,-1,-1,-1,0
Unvalidated,202417M106824,2024,17M106824,1,1,0,-1,7,6,-1,8,0,0,0,0,3,1,-1,1,22,5,-1,-1,-1,-1,3,1,E01012239,0
Unvalidated,202417M106824,2024,17M106824,2,9,0,-1,6,2,-1,8,0,0,0,0,1,1,-1,2,-1,-1,-1,-1,-1,-1,-1,-1,-1,0
Unvalidated,202417M106924,2024,17M106924,1,9,0,-1,4,2,-1,6,0,0,0,0,1,1,-1,1,46,8,-1,-1,-1,-1,4,1,E01012056,0
Unvalidated,202417M106924,2024,17M106924,2,9,0,-1,2,6,-1,8,0,0,0,0,1,1,-1,1,48,8,-1,-1,-1,-1,8,1,E01012023,0
Unvalidated,202417M107024,2024,17M107024,1,9,0,-1,2,4,-1,8,0,0,0,0,4,1,-1,1,55,8,-1,-1,-1,-1,1,1,E01012041,0
Unvalidated,202417M107024,2024,17M107024,2,11,0,-1,2,6,-1,8,0,0,0,0,3,1,-1,1,54,8,-1,-1,-1,-1,2,2,E01020838,0
Unvalidated,202417M107424,2024,17M107424,1,9,0,-1,6,5,-1,2,0,0,0,0,1,1,-1,1,24,5,-1,-1,-1,-1,7,1,E01012007,0
Unvalidated,202417M107424,2024,17M107424,2,9,0,-1,5,1,-1,1,0,0,0,0,1,1,-1,2,23,5,-1,-1,-1,-1,9,1,E01032593,0
Unvalidated,202417M107524,2024,17M107524,1,9,0,-1,6,2,-1,7,0,0,0,0,1,1,-1,2,18,4,-1,-1,-1,-1,1,1,E01011979,0
Unvalidated,202417M107524,2024,17M107524,2,9,0,-1,6,2,-1,7,0,0,0,0,2,1,-1,1,43,7,-1,-1,-1,-1,8,1,E01012067,0
Unvalidated,202417M107724,2024,17M107724,1,9,0,-1,2,6,-1,0,0,0,0,0,3,1,-1,1,65,9,-1,-1,-1,-1,4,1,E01012319,0
Unvalidated,202417M107724,2024,17M107724,2,9,0,-1,2,6,-1,0,0,0,0,0,4,1,-1,1,38,7,-1,-1,-1,-1,9,3,E01033480,0
Unvalidated,202417M107824,2024,17M107824,1,9,0,-1,1,5,-1,1,0,0,0,0,2,1,-1,1,30,6,-1,-1,-1,-1,1,1,E01033468,0
Unvalidated,202417M108124,2024,17M108124,1,9,0,-1,1,7,-1,1,0,0,0,0,2,1,-1,1,43,7,-1,-1,-1,-1,-1,-1,-1,0
Unvalidated,202417M108124,2024,17M108124,2,9,0,-1,1,4,-1,1,0,0,0,0,1,1,-1,3,-1,-1,-1,-1,-1,-1,-1,-1,-1,0
Unvalidated,202417M108324,2024,17M108324,1,9,0,-1,6,4,-1,8,1,0,1,10,4,1,-1,1,-1,-1,-1,-1,-1,-1,-1,-1,-1,0
Unvalidated,202417M108424,2024,17M108424,1,9,0,-1,1,5,-1,0,0,0,0,0,4,1,-1,1,38,7,-1,-1,-1,-1,6,1,E01012187,0
Unvalidated,202417M108524,2024,17M108524,1,9,0,-1,2,6,-1,0,0,0,0,0,4,1,-1,2,31,6,-1,-1,-1,-1,2,1,E01012051,0
Unvalidated,202417M108524,2024,17M108524,2,9,0,-1,2,6,-1,0,0,0,0,0,3,1,-1,3,-1,-1,-1,-1,-1,-1,-1,-1,-1,0
Unvalidated,202417M108624,2024,17M108624,1,9,0,-1,4,8,-1,1,0,0,0,0,4,1,-1,2,53,8,-1,-1,-1,-1,1,1,E01012050,0
Unvalidated,202417M108624,2024,17M108624,2,1,0,-1,6,2,-1,6,0,0,0,0,1,1,-1,1,6,2,-1,-1,-1,-1,1,1,E01012050,0
Unvalidated,202417M108824,2024,17M108824,1,9,0,-1,4,8,-1,8,0,0,0,0,1,1,-1,2,49,8,-1,-1,-1,-1,1,1,E01012019,0
Unvalidated,202417M108824,2024,17M108824,2,3,0,-1,2,6,-1,6,0,0,0,0,1,1,-1,1,-1,-1,-1,-1,-1,-1,-1,-1,-1,0
Unvalidated,202417M108824,2024,17M108824,3,9,0,-1,0,0,-1,1,0,0,0,0,3,1,-1,1,-1,-1,-1,-1,-1,-1,-1,-1,-1,0
Unvalidated,202417M109024,2024,17M109024,1,9,0,-1,2,6,-1,0,0,0,0,0,2,1,-1,1,22,5,-1,-1,-1,-1,1,1,E01012093,0
Unvalidated,202417M109024,2024,17M109024,2,9,0,-1,2,6,-1,0,0,0,0,0,1,1,-1,2,38,7,-1,-1,-1,-1,2,1,E01012080,0
Unvalidated,202417M109224,2024,17M109224,1,9,0,-1,1,5,-1,1,0,0,0,0,1,1,-1,3,-1,-1,-1,-1,-1,-1,-1,-1,-1,0
Unvalidated,202417M109324,2024,17M109324,1,9,0,-1,6,2,-1,5,0,0,3,4,2,1,-1,1,87,11,-1,-1,-1,-1,2,1,E01012101,0
Unvalidated,202417M109424,2024,17M109424,1,3,0,-1,6,2,-1,0,0,0,0,0,3,1,-1,1,37,7,-1,-1,-1,-1,5,3,E01020706,0
Unvalidated,202417M109424,2024,17M109424,2,9,0,-1,6,2,-1,0,0,0,0,0,4,1,-1,1,61,9,-1,-1,-1,-1,8,1,E01012316,0
Unvalidated,202417M109524,2024,17M109524,1,1,0,-1,2,6,-1,8,0,0,0,0,2,1,-1,1,55,8,-1,-1,-1,-1,2,1,E01012111,0
Unvalidated,202417M109524,2024,17M109524,2,9,0,-1,5,2,-1,8,0,0,0,0,1,1,-1,2,-1,-1,-1,-1,-1,-1,-1,-1,-1,0
Unvalidated,202417M109624,2024,17M109624,1,9,0,-1,3,7,-1,8,0,0,0,0,4,1,-1,2,50,8,-1,-1,-1,-1,1,1,E01012027,0
Unvalidated,202417M109624,2024,17M109624,2,90,0,-1,5,1,-1,8,0,0,0,0,1,1,-1,3,-1,-1,-1,-1,-1,-1,-1,-1,-1,0
Unvalidated,202417M109724,2024,17M109724,1,1,0,-1,2,6,-1,8,0,0,0,0,1,1,-1,1,65,9,-1,-1,-1,-1,2,1,E01012081,0
Unvalidated,202417M109724,2024,17M109724,2,9,0,-1,2,6,-1,8,0,0,0,0,3,1,-1,1,61,9,-1,-1,-1,-1,1,1,E01012150,0
Unvalidated,202417M109924,2024,17M109924,1,9,0,-1,5,1,-1,8,0,0,0,0,1,1,-1,2,36,7,-1,-1,-1,-1,8,1,E01012008,0
Unvalidated,202417M109924,2024,17M109924,2,9,0,-1,3,1,-1,8,0,0,0,0,4,1,-1,1,-1,-1,-1,-1,-1,-1,-1,-1,-1,0
Unvalidated,202417M110224,2024,17M110224,1,9,0,-1,6,2,-1,2,0,0,0,0,1,1,-1,1,49,8,-1,-1,-1,-1,6,1,E01012012,0
Unvalidated,202417M110224,2024,17M110224,2,21,0,-1,2,6,-1,2,0,0,0,0,2,1,-1,1,-1,-1,-1,-1,-1,-1,-1,-1,-1,0
Unvalidated,202417M110424,2024,17M110424,1,9,0,-1,1,5,-1,0,0,0,0,0,4,1,-1,3,-1,-1,-1,-1,-1,-1,-1,-1,-1,0
Unvalidated,202417M110524,2024,17M110524,1,9,0,-1,8,4,-1,1,0,0,0,0,2,1,-1,2,46,8,-1,-1,-1,-1,1,1,E01012082,0
Unvalidated,202417M110524,2024,17M110524,2,9,0,-1,8,4,-1,1,0,0,0,0,1,1,-1,1,-1,-1,-1,-1,-1,-1,-1,-1,-1,0
Unvalidated,202417M113524,2024,17M113524,1,9,0,-1,9,9,-1,0,0,0,0,0,0,1,-1,3,-1,-1,-1,-1,-1,-1,-1,-1,-1,0
Unvalidated,202417M200124,2024,17M200124,1,9,0,18,3,7,0,1,0,0,3,11,1,1,1,1,38,7,-1,-1,-1,-1,9,3,E01033480,0
Unvalidated,202417M201624,2024,17M201624,1,9,0,3,8,4,0,1,0,0,0,0,2,1,6,2,35,6,-1,-1,-1,-1,1,1,E01012016,0
Unvalidated,202417M201624,2024,17M201624,2,9,0,18,8,4,0,1,0,0,0,0,1,1,6,1,86,11,-1,-1,-1,-1,1,1,E01012094,0
Unvalidated,202417M201924,2024,17M201924,1,9,0,18,8,4,0,1,0,0,0,0,1,1,6,1,20,4,-1,-1,-1,-1,1,1,E01012019,0
Unvalidated,202417M202424,2024,17M202424,1,1,0,18,4,8,0,0,0,0,0,0,3,1,2,1,34,6,-1,-1,-1,-1,1,1,E01012148,0
Unvalidated,202417M202424,2024,17M202424,2,9,0,13,4,8,0,0,0,0,0,0,4,1,6,3,-1,-1,-1,-1,-1,-1,-1,-1,-1,0
Unvalidated,202417M202924,2024,17M202924,1,9,0,8,4,6,0,1,0,0,0,0,2,1,6,2,56,9,-1,-1,-1,-1,2,1,E01027161,0
Unvalidated,202417M202924,2024,17M202924,2,9,0,7,4,6,0,1,0,0,0,0,1,1,6,2,20,4,-1,-1,-1,-1,-1,-1,-1,0
Unvalidated,202417M203024,2024,17M203024,1,9,0,18,5,1,0,2,0,0,0,0,1,1,6,2,24,5,-1,-1,-1,-1,1,1,E01012016,0
Unvalidated,202417M203224,2024,17M203224,1,9,0,9,6,4,0,6,0,0,0,0,1,1,6,1,39,7,-1,-1,-1,-1,7,1,E01012064,0
Unvalidated,202417M203424,2024,17M203424,1,9,0,4,4,8,0,1,0,0,0,0,2,1,6,2,35,6,-1,-1,-1,-1,1,1,E01012015,0
Unvalidated,202417M203424,2024,17M203424,2,9,0,18,4,8,0,1,0,0,0,0,1,1,6,2,-1,-1,-1,-1,-1,-1,1,1,E01012077,0
Unvalidated,202417M204624,2024,17M204624,1,9,0,18,8,4,0,0,0,0,0,0,4,1,6,2,21,5,-1,-1,-1,-1,1,1,E01012050,0
Unvalidated,202417M204824,2024,17M204824,1,9,0,4,6,2,0,0,0,0,0,0,2,1,6,2,41,7,-1,-1,-1,-1,9,1,E01012297,0