status,collision_index,collision_year,collision_reference,vehicle_reference,vehicle_type,towing_and_articulation,vehicle_manoeuvre,vehicle_direction_from,vehicle_direction_to,vehicle_location_restricted_lane,junction_location,skidding_and_overturning,hit_object_in_carriageway,vehicle_leaving_carriageway,hit_object_off_carriageway,first_point_of_impact,vehicle_left_hand_drive,journey_purpose_of_driver,sex_of_driver,age_of_driver,age_band_of_driver,engine_capacity_cc,propulsion_code,age_of_vehicle,generic_make_model,driver_imd_decile,driver_home_area_type,lsoa_of_driver,escooter_flag
Unvalidated,202417M204824,2024,17M204824,2,9,0,18,6,2,0,0,0,0,0,0,1,1,6,1,-1,-1,-1,-1,-1,-1,-1,-1,-1,0
Unvalidated,202417M204924,2024,17M204924,1,97,0,18,2,6,0,8,0,0,0,0,1,1,6,3,-1,-1,-1,-1,-1,-1,-1,-1,-1,0
Unvalidated,202417M204924,2024,17M204924,2,9,0,18,8,4,0,8,0,0,0,0,4,1,6,1,45,7,-1,-1,-1,-1,5,1,E01008844,0
Unvalidated,202417M206024,2024,17M206024,1,9,0,-1,7,3,-1,0,0,0,0,0,2,1,-1,2,41,7,-1,-1,-1,-1,2,1,E01012042,0
Unvalidated,202417M206024,2024,17M206024,2,9,0,-1,7,3,-1,0,0,0,0,0,1,1,-1,1,-1,-1,-1,-1,-1,-1,-1,-1,-1,0
Unvalidated,202417M206324,2024,17M206324,1,8,0,-1,6,2,-1,0,0,0,0,0,1,1,-1,1,-1,-1,-1,-1,-1,-1,-1,-1,-1,0
Unvalidated,202417M206524,2024,17M206524,1,9,0,-1,2,8,-1,8,0,0,0,0,1,1,-1,2,49,8,-1,-1,-1,-1,7,1,E01012055,0
Unvalidated,202417M207124,2024,17M207124,1,9,0,-1,8,6,-1,8,0,0,0,0,3,1,-1,2,30,6,-1,-1,-1,-1,1,1,E01012089,0
Unvalidated,202417M207124,2024,17M207124,2,4,0,-1,8,4,-1,8,0,0,0,0,1,1,-1,1,27,6,-1,-1,-1,-1,6,1,E01012022,0
Unvalidated,202417M207924,2024,17M207924,1,8,0,-1,6,2,-1,0,0,0,0,0,1,1,-1,1,64,9,-1,-1,-1,-1,-1,-1,-1,0
Unvalidated,202417M207924,2024,17M207924,2,9,0,-1,2,6,-1,0,0,0,0,0,3,1,-1,1,40,7,-1,-1,-1,-1,-1,-1,-1,0
Unvalidated,202417M207924,2024,17M207924,3,9,0,-1,2,6,-1,0,0,0,0,0,3,1,-1,1,74,10,-1,-1,-1,-1,-1,-1,-1,0
Unvalidated,202417M208224,2024,17M208224,1,9,0,-1,8,4,-1,1,0,0,0,0,1,1,-1,2,-1,-1,-1,-1,-1,-1,-1,-1,-1,0
Unvalidated,202417M208224,2024,17M208224,2,1,0,-1,7,3,-1,1,0,0,0,0,1,1,-1,1,16,4,-1,-1,-1,-1,-1,-1,-1,0
Unvalidated,202417M208924,2024,17M208924,1,-1,0,-1,2,6,-1,8,0,0,0,0,1,1,-1,1,12,3,-1,-1,-1,-1,1,1,E01012058,0
Unvalidated,202417M208924,2024,17M208924,2,9,0,-1,8,4,-1,8,0,0,0,0,4,1,-1,3,-1,-1,-1,-1,-1,-1,-1,-1,-1,0
Unvalidated,202417M211424,2024,17M211424,1,11,0,-1,4,8,-1,1,0,0,0,0,1,1,-1,1,59,9,-1,-1,-1,-1,-1,-1,-1,0
Unvalidated,202417M211424,2024,17M211424,2,1,0,-1,7,3,-1,1,0,0,0,0,3,1,-1,1,30,6,-1,-1,-1,-1,1,1,E01012114,0
Unvalidated,202417M300724,2024,17M300724,1,9,0,18,3,7,0,0,0,0,0,0,1,1,1,1,22,5,-1,-1,-1,-1,4,1,E01012264,0
Unvalidated,202417M300724,2024,17M300724,2,9,0,3,3,7,0,0,0,0,0,0,2,1,2,2,30,6,-1,-1,-1,-1,6,1,E01011967,0
Unvalidated,202417M300724,2024,17M300724,3,9,0,3,3,7,0,0,0,0,0,0,2,1,2,2,47,8,-1,-1,-1,-1,8,3,E01012235,0
Unvalidated,202417M300724,2024,17M300724,4,9,0,3,3,7,0,0,0,0,0,0,2,1,2,2,39,7,-1,-1,-1,-1,10,1,E01012301,0
Unvalidated,202417M300924,2024,17M300924,1,9,0,9,2,8,0,8,0,0,0,0,1,1,6,1,83,11,-1,-1,-1,-1,4,1,E01012043,0
Unvalidated,202417M300924,2024,17M300924,2,9,0,18,8,4,0,8,0,0,0,0,1,1,6,2,26,6,-1,-1,-1,-1,5,3,E01027813,0
Unvalidated,202417M301124,2024,17M301124,1,9,0,12,6,1,0,7,0,0,5,6,3,1,2,1,35,6,-1,-1,-1,-1,2,1,E01012042,0
Unvalidated,202417M301124,2024,17M301124,2,21,1,18,5,1,0,8,0,0,0,0,1,1,1,1,54,8,-1,-1,-1,-1,1,1,E01008730,0
Unvalidated,202417M301124,2024,17M301124,3,19,0,18,5,1,0,8,0,0,0,0,1,1,1,2,33,6,-1,-1,-1,-1,4,1,E01012264,0
Unvalidated,202417M301324,2024,17M301324,1,9,0,3,8,4,0,0,0,0,0,0,2,1,2,1,60,9,-1,-1,-1,-1,8,1,E01032594,0
Unvalidated,202417M301324,2024,17M301324,2,9,0,18,8,4,0,0,0,0,0,0,1,1,2,2,49,8,-1,-1,-1,-1,-1,-1,-1,0
Unvalidated,202417M302524,2024,17M302524,1,9,0,18,2,6,0,0,0,0,0,0,1,1,6,2,18,4,-1,-1,-1,-1,6,1,E01012022,0
Unvalidated,202417M302524,2024,17M302524,2,9,0,4,2,6,0,0,0,0,0,0,2,1,6,1,66,10,-1,-1,-1,-1,7,1,E01012025,0
Unvalidated,202417M302624,2024,17M302624,1,9,0,7,2,4,0,3,0,0,0,0,4,1,6,1,28,6,-1,-1,-1,-1,5,1,E01012110,0
Unvalidated,202417M302624,2024,17M302624,2,1,0,18,2,6,0,4,0,0,0,0,1,1,6,1,44,7,-1,-1,-1,-1,8,1,E01032594,0
Unvalidated,202417M303324,2024,17M303324,1,9,0,18,4,8,0,4,0,0,0,0,1,1,6,2,57,9,-1,-1,-1,-1,-1,-1,-1,0
Unvalidated,202417M303324,2024,17M303324,2,9,0,18,2,6,0,8,0,0,0,0,4,1,6,2,60,9,-1,-1,-1,-1,9,3,E01032593,0
Unvalidated,202417M304024,2024,17M304024,1,9,0,3,4,8,0,0,0,0,0,0,2,1,6,2,36,7,-1,-1,-1,-1,2,1,E01012035,0
Unvalidated,202417M304024,2024,17M304024,2,9,0,18,4,8,0,0,0,0,0,0,1,1,6,1,23,5,-1,-1,-1,-1,-1,-1,-1,0
Unvalidated,202417M305624,2024,17M305624,1,9,0,-1,3,7,-1,1,0,0,0,0,2,1,-1,2,25,5,-1,-1,-1,-1,-1,-1,-1,0
Unvalidated,202417M305624,2024,17M305624,2,9,0,-1,3,7,-1,1,0,0,0,0,1,1,-1,1,-1,-1,-1,-1,-1,-1,1,1,E01012127,0
Unvalidated,202417M306724,2024,17M306724,1,9,0,-1,7,3,-1,8,0,0,0,0,1,1,-1,1,50,8,-1,-1,-1,-1,8,1,E01012032,0
Unvalidated,202417M306724,2024,17M306724,2,9,0,-1,1,7,-1,8,0,0,0,0,1,1,-1,1,18,4,-1,-1,-1,-1,-1,-1,-1,0
Unvalidated,202417M307224,2024,17M307224,1,9,0,-1,4,8,-1,7,0,0,0,0,1,1,-1,1,34,6,-1,-1,-1,-1,1,1,E01033468,0
Unvalidated,202417M307224,2024,17M307224,2,1,0,-1,1,5,-1,6,0,0,0,0,1,1,-1,1,30,6,-1,-1,-1,-1,1,1,E01012019,0
Unvalidated,202417M307324,2024,17M307324,1,9,0,-1,1,5,-1,1,0,0,0,0,1,1,-1,1,80,11,-1,-1,-1,-1,-1,-1,-1,0
Unvalidated,202417M307324,2024,17M307324,2,9,0,-1,1,5,-1,1,0,0,0,0,2,1,-1,1,29,6,-1,-1,-1,-1,4,1,E01032553,0
Unvalidated,202417M307624,2024,17M307624,1,9,0,-1,1,5,-1,8,0,0,0,0,1,1,-1,1,19,4,-1,-1,-1,-1,-1,-1,-1,0
Unvalidated,202417M307624,2024,17M307624,2,9,0,-1,7,3,-1,8,0,0,0,0,4,1,-1,2,55,8,-1,-1,-1,-1,4,1,E01012056,0
Unvalidated,202417M308024,2024,17M308024,1,-1,0,-1,3,7,-1,6,0,0,0,0,1,1,-1,1,14,3,-1,-1,-1,-1,1,1,E01012045,1
Unvalidated,202417M308024,2024,17M308024,2,9,0,-1,1,3,-1,8,0,0,0,0,1,1,-1,2,-1,-1,-1,-1,-1,-1,-1,-1,-1,0
Unvalidated,202417S100224,2024,17S100224,1,9,0,18,3,7,0,0,0,0,0,0,0,1,6,1,43,7,-1,-1,-1,-1,5,1,E01008788,0
Unvalidated,202417S100224,2024,17S100224,2,19,0,18,3,7,0,0,0,0,0,0,0,1,6,1,27,6,-1,-1,-1,-1,3,2,E01020789,0
Unvalidated,202417S100424,2024,17S100424,1,11,0,18,3,7,0,8,0,0,0,0,0,1,1,1,55,8,-1,-1,-1,-1,-1,-1,-1,0
Unvalidated,202417S100424,2024,17S100424,2,9,0,9,7,5,0,8,0,0,0,0,0,1,6,3,-1,-1,-1,-1,-1,-1,-1,-1,-1,0
Unvalidated,202417S100924,2024,17S100924,1,97,0,18,5,1,0,1,0,0,0,0,1,1,6,3,-1,-1,-1,-1,-1,-1,-1,-1,-1,0
Unvalidated,202417S100924,2024,17S100924,2,1,0,18,3,7,0,1,0,0,0,0,3,1,6,1,27,6,-1,-1,-1,-1,1,1,E01012195,0
Unvalidated,202417S101024,2024,17S101024,1,9,0,7,1,3,0,8,0,0,0,0,4,1,6,1,32,6,-1,-1,-1,-1,2,1,E01012249,0
Unvalidated,202417S101024,2024,17S101024,2,1,0,18,1,5,0,6,0,0,0,0,1,1,6,1,28,6,-1,-1,-1,-1,2,1,E01012247,0
Unvalidated,202417S101124,2024,17S101124,1,9,0,9,6,4,0,2,0,0,0,0,1,1,2,1,45,7,-1,-1,-1,-1,-1,-1,-1,0
Unvalidated,202417S101124,2024,17S101124,2,1,0,18,5,1,0,6,0,0,0,0,1,1,2,1,36,7,-1,-1,-1,-1,-1,-1,-1,0
Unvalidated,202417S101224,2024,17S101224,1,9,0,4,8,4,0,0,0,0,0,0,2,1,2,1,31,6,-1,-1,-1,-1,1,1,E01012058,0
Unvalidated,202417S101224,2024,17S101224,2,21,1,18,8,4,0,0,0,0,0,0,1,1,1,1,-1,-1,-1,-1,-1,-1,-1,-1,-1,0
Unvalidated,202417S101324,2024,17S101324,1,10,0,18,4,1,0,0,0,0,0,0,1,1,1,1,40,7,-1,-1,-1,-1,-1,-1,-1,0
Unvalidated,202417S101424,2024,17S101424,1,9,0,17,4,8,0,0,1,0,1,4,1,1,6,1,17,4,-1,-1,-1,-1,3,1,E01012289,0
Unvalidated,202417S101724,2024,17S101724,1,9,0,18,5,6,0,6,0,0,0,0,1,1,6,1,19,4,-1,-1,-1,-1,3,2,E01020737,0
Unvalidated,202417S101724,2024,17S101724,2,9,0,18,2,6,0,8,0,0,0,0,2,1,6,2,19,4,-1,-1,-1,-1,2,1,E01012247,0
Unvalidated,202417S101824,2024,17S101824,1,8,0,9,7,5,0,6,0,0,0,0,1,1,1,1,57,9,-1,-1,-1,-1,9,1,E01012299,0
Unvalidated,202417S101824,2024,17S101824,2,19,0,18,5,1,0,8,0,0,0,0,1,1,1,1,28,6,-1,-1,-1,-1,-1,-1,-1,0
Unvalidated,202417S102024,2024,17S102024,1,9,0,7,8,2,0,2,0,0,0,0,1,1,6,1,51,8,-1,-1,-1,-1,3,1,E01012248,0
Unvalidated,202417S102024,2024,17S102024,2,1,0,18,4,8,0,6,0,0,0,0,1,1,4,1,12,3,-1,-1,-1,-1,6,1,E01012260,0
Unvalidated,202417S102724,2024,17S102724,1,9,0,9,2,8,0,8,0,0,0,0,1,1,6,2,34,6,-1,-1,-1,-1,7,2,E01020830,0
Unvalidated,202417S102724,2024,17S102724,2,1,0,18,6,2,0,8,0,0,0,0,1,1,6,1,80,11,-1,-1,-1,-1,8,1,E01012225,0
Unvalidated,202417S103024,2024,17S103024,1,9,0,4,5,1,0,1,0,0,0,0,2,1,6,1,24,5,-1,-1,-1,-1,3,1,E01012197,0
Unvalidated,202417S103024,2024,17S103024,2,9,0,4,5,1,0,1,0,0,0,0,2,1,6,2,19,4,-1,-1,-1,-1,7,1,E01012202,0
Unvalidated,202417S103024,2024,17S103024,3,9,0,18,5,1,0,1,0,0,0,0,1,1,6,1,38,7,-1,-1,-1,-1,4,1,E01012264,0
Unvalidated,202417S103124,2024,17S103124,1,9,0,9,5,3,0,8,0,0,0,0,4,1,6,1,20,4,-1,-1,-1,-1,-1,-1,-1,0
Unvalidated,202417S103124,2024,17S103124,2,97,0,18,1,5,0,8,0,0,0,0,1,1,6,1,16,4,-1,-1,-1,-1,-1,-1,-1,0
Unvalidated,202417S103524,2024,17S103524,1,9,0,1,4,8,0,2,0,0,0,0,0,1,6,3,-1,-1,-1,-1,-1,-1,-1,-1,-1,0
Unvalidated,202417S103524,2024,17S103524,2,9,0,4,8,4,0,1,0,0,0,0,2,1,2,2,49,8,-1,-1,-1,-1,9,1,E01033478,0
Unvalidated,202417S103524,2024,17S103524,3,9,0,18,8,4,0,1,0,0,0,0,1,1,6,1,71,10,-1,-1,-1,-1,6,3,E01020888,0
Unvalidated,202417S103524,2024,17S103524,4,9,0,18,8,4,0,1,0,0,0,0,1,1,6,2,21,5,-1,-1,-1,-1,5,3,E01020695,0
Unvalidated,202417S103824,2024,17S103824,1,9,0,18,4,8,0,0,0,0,0,0,1,1,6,2,-1,-1,-1,-1,-1,-1,6,1,E01012205,0
Unvalidated,202417S103924,2024,17S103924,1,8,0,9,1,5,0,1,0,0,0,0,0,1,6,1,37,7,-1,-1,-1,-1,3,1,E01012289,0
Unvalidated,202417S103924,2024,17S103924,2,9,0,18,5,1,0,1,0,0,0,0,0,1,6,1,19,4,-1,-1,-1,-1,1,1,E01033477,0
Unvalidated,202417S104324,2024,17S104324,1,9,0,18,3,7,0,0,0,0,0,0,1,1,6,1,19,4,-1,-1,-1,-1,1,1,E01032542,0
Unvalidated,202417S104324,2024,17S104324,2,9,0,6,0,3,0,0,0,0,0,0,3,1,6,1,62,9,-1,-1,-1,-1,2,1,E01012193,0
Unvalidated,202417S104724,2024,17S104724,1,9,0,-1,6,2,-1,0,0,0,0,0,0,1,-1,1,45,7,-1,-1,-1,-1,-1,-1,-1,0
Unvalidated,202417S104724,2024,17S104724,2,9,0,-1,6,2,-1,0,0,0,0,0,0,1,-1,1,25,5,-1,-1,-1,-1,9,3,E01033480,0
Unvalidated,202417S104924,2024,17S104924,1,19,0,-1,2,6,-1,0,0,0,0,0,1,1,-1,3,-1,-1,-1,-1,-1,-1,-1,-1,-1,0
Unvalidated,202417S105324,2024,17S105324,1,9,0,-1,4,2,-1,8,5,0,0,0,4,1,-1,1,32,6,-1,-1,-1,-1,9,1,E01012232,0
Unvalidated,202417S105324,2024,17S105324,2,9,0,-1,8,4,-1,8,0,0,0,0,1,1,-1,1,45,7,-1,-1,-1,-1,-1,-1,-1,0
Unvalidated,202417S105424,2024,17S105424,1,9,0,-1,3,7,-1,2,0,0,0,0,1,1,-1,2,23,5,-1,-1,-1,-1,1,1,E01032543,0
Unvalidated,202417S105424,2024,17S105424,2,9,0,-1,3,7,-1,2,0,0,0,0,2,1,-1,1,54,8,-1,-1,-1,-1,1,1,E01011976,0
Unvalidated,202417S105424,2024,17S105424,3,9,0,-1,3,7,-1,2,0,0,0,0,2,1,-1,1,60,9,-1,-1,-1,-1,2,1,E01012217,0
Unvalidated,202417S105524,2024,17S105524,1,9,0,-1,8,5,-1,1,0,0,0,0,4,1,-1,1,54,8,-1,-1,-1,-1,9,1,E01012227,0
Unvalidated,202417S105524,2024,17S105524,2,9,0,-1,8,5,-1,1,0,0,0,0,3,1,-1,1,-1,-1,-1,-1,-1,-1,-1,-1,-1,0
Unvalidated,202417S105724,2024,17S105724,1,9,0,-1,5,1,-1,1,0,0,0,0,0,1,-1,2,54,8,-1,-1,-1,-1,1,1,E01011994,0
Unvalidated,202417S105824,2024,17S105824,1,9,0,-1,4,8,-1,0,0,0,0,0,2,1,-1,2,70,10,-1,-1,-1,-1,1,1,E01012262,0
Unvalidated,202417S105824,2024,17S105824,2,9,0,-1,4,8,-1,0,0,0,0,0,1,1,-1,3,-1,-1,-1,-1,-1,-1,-1,-1,-1,0
Unvalidated,202417S105924,2024,17S105924,1,9,0,-1,7,3,-1,8,0,0,0,0,4,1,-1,2,46,8,-1,-1,-1,-1,5,1,E01012218,0
Unvalidated,202417S105924,2024,17S105924,2,9,0,-1,1,3,-1,6,0,0,0,0,1,1,-1,1,53,8,-1,-1,-1,-1,-1,-1,-1,0
Unvalidated,202417S106324,2024,17S106324,1,3,0,-1,2,6,-1,0,1,0,0,0,3,1,-1,1,20,4,-1,-1,-1,-1,1,1,E01020847,0
Unvalidated,202417S106524,2024,17S106524,1,9,0,-1,4,8,-1,0,0,0,1,0,0,1,-1,2,54,8,-1,-1,-1,-1,3,1,E01012034,0
Unvalidated,202417S106524,2024,17S106524,2,9,0,-1,4,8,-1,0,0,0,0,0,0,1,-1,3,-1,-1,-1,-1,-1,-1,-1,-1,-1,0
Unvalidated,202417S106824,2024,17S106824,1,8,0,-1,2,6,-1,1,0,0,0,0,3,1,-1,1,-1,-1,-1,-1,-1,-1,-1,-1,-1,0
Unvalidated,202417S106824,2024,17S106824,2,-1,0,-1,8,4,-1,6,0,0,0,0,1,1,-1,2,9,2,-1,-1,-1,-1,-1,-1,-1,0
Unvalidated,202417S107124,2024,17S107124,1,9,0,-1,3,6,-1,4,0,0,0,0,3,1,-1,2,21,5,-1,-1,-1,-1,10,1,E01033479,0
Unvalidated,202417S107124,2024,17S107124,2,9,0,-1,2,6,-1,3,0,0,0,0,1,1,-1,1,-1,-1,-1,-1,-1,-1,6,1,E01012290,0
Unvalidated,202417S107324,2024,17S107324,1,9,0,-1,1,5,-1,0,0,0,0,0,2,1,-1,1,60,9,-1,-1,-1,-1,8,1,E01012065,0
Unvalidated,202417S107324,2024,17S107324,2,9,0,-1,1,5,-1,0,0,0,0,0,1,1,-1,2,-1,-1,-1,-1,-1,-1,-1,-1,-1,0
Unvalidated,202417S107724,2024,17S107724,1,9,0,-1,6,2,-1,8,0,0,0,0,4,1,-1,1,35,6,-1,-1,-1,-1,-1,-1,-1,0
Unvalidated,202417S107724,2024,17S107724,2,9,0,-1,8,4,-1,4,0,0,0,0,1,1,-1,1,23,5,-1,-1,-1,-1,-1,-1,-1,0
Unvalidated,202417S107824,2024,17S107824,1,9,0,-1,2,8,-1,0,0,0,0,0,1,1,-1,2,58,9,-1,-1,-1,-1,2,1,E01012249,0
Unvalidated,202417S107824,2024,17S107824,2,1,0,-1,8,2,-1,0,0,0,0,0,1,1,-1,1,20,4,-1,-1,-1,-1,3,1,E01012253,0
Unvalidated,202417S107924,2024,17S107924,1,9,0,-1,4,8,-1,0,0,0,0,0,1,1,-1,2,39,7,-1,-1,-1,-1,-1,-1,-1,0
Unvalidated,202417S107924,2024,17S107924,2,1,0,-1,7,3,-1,0,0,0,0,0,1,1,-1,2,10,2,-1,-1,-1,-1,1,1,E01032543,0
Unvalidated,202417S122224,2024,17S122224,1,9,0,-1,2,6,-1,0,0,0,0,0,1,1,-1,1,50,8,-1,-1,-1,-1,-1,-1,-1,0
Unvalidated,202417S200324,2024,17S200324,1,9,0,2,0,0,0,0,0,0,0,0,2,1,6,1,63,9,-1,-1,-1,-1,6,3,E01027760,0
Unvalidated,202417S200324,2024,17S200324,2,9,0,18,6,2,0,0,0,0,0,0,1,1,6,1,28,6,-1,-1,-1,-1,-1,-1,-1,0
Unvalidated,202417S200724,2024,17S200724,1,9,0,18,2,6,0,0,0,0,0,0,1,1,6,2,-1,-1,-1,-1,-1,-1,-1,-1,-1,0
Unvalidated,202417S200824,2024,17S200824,1,9,0,4,5,1,0,0,0,0,0,0,2,1,6,1,24,5,-1,-1,-1,-1,9,1,E01033480,0
Unvalidated,202417S200824,2024,17S200824,2,19,0,18,5,1,0,0,0,0,0,0,1,1,6,1,30,6,-1,-1,-1,-1,9,1,E01033480,0
Unvalidated,202417S201524,2024,17S201524,1,19,0,18,2,6,0,1,0,0,0,0,1,1,1,1,35,6,-1,-1,-1,-1,6,1,E01012205,0
Unvalidated,202417S201524,2024,17S201524,2,19,0,4,2,6,0,1,0,0,0,0,2,1,1,1,48,8,-1,-1,-1,-1,-1,-1,-1,0
Unvalidated,202417S201624,2024,17S201624,1,9,0,9,6,4,0,8,0,0,0,0,1,1,2,2,35,6,-1,-1,-1,-1,3,1,E01012196,0
Unvalidated,202417S201624,2024,17S201624,2,3,0,18,2,6,0,8,0,0,0,0,1,1,6,1,28,6,-1,-1,-1,-1,3,2,E01020789,0
Unvalidated,202417S201924,2024,17S201924,1,23,0,18,2,6,0,3,0,0,0,0,4,1,6,1,60,9,-1,-1,-1,-1,2,1,E01012193,0
Unvalidated,202417S202124,2024,17S202124,1,9,0,18,6,2,0,0,0,0,0,0,1,1,2,1,27,6,-1,-1,-1,-1,1,1,E01012094,0
Unvalidated,202417S202124,2024,17S202124,2,9,0,4,6,2,0,0,0,0,0,0,2,1,2,2,46,8,-1,-1,-1,-1,4,1,E01012264,0
Unvalidated,202417S202224,2024,17S202224,1,9,0,10,8,4,0,1,0,0,0,0,2,1,6,2,30,6,-1,-1,-1,-1,4,1,E01033467,0
Unvalidated,202417S202224,2024,17S202224,2,9,0,18,8,4,0,1,0,0,0,0,1,1,6,3,-1,-1,-1,-1,-1,-1,-1,-1,-1,0
Unvalidated,202417S202524,2024,17S202524,1,9,0,18,7,3,0,0,0,0,0,0,1,1,6,1,38,7,-1,-1,-1,-1,5,3,E01011968,0
Unvalidated,202417S202524,2024,17S202524,2,9,0,4,7,3,0,0,0,0,0,0,2,1,6,2,73,10,-1,-1,-1,-1,9,1,E01012297,0
Unvalidated,202417S203724,2024,17S203724,1,9,0,18,4,8,0,0,1,7,0,0,3,1,6,2,38,7,-1,-1,-1,-1,6,1,E01012242,0
Unvalidated,202417S203724,2024,17S203724,2,9,0,18,7,4,0,0,1,0,0,0,3,1,6,2,31,6,-1,-1,-1,-1,3,1,E01012194,0
Unvalidated,202417S204024,2024,17S204024,1,9,0,18,4,8,0,0,1,0,0,0,1,1,6,1,25,5,-1,-1,-1,-1,1,1,E01012036,0
Unvalidated,202417S204024,2024,17S204024,2,9,0,4,4,8,0,0,0,0,0,0,2,1,2,1,58,9,-1,-1,-1,-1,2,1,E01011962,0
Unvalidated,202417S204224,2024,17S204224,1,9,0,18,8,4,0,0,0,0,0,0,3,1,6,2,51,8,-1,-1,-1,-1,1,1,E01012198,0
Unvalidated,202417S204424,2024,17S204424,1,9,0,17,3,1,0,8,0,0,3,10,1,1,6,1,20,4,-1,-1,-1,-1,-1,-1,-1,0
Unvalidated,202417S204524,2024,17S204524,1,9,0,18,8,4,0,0,0,0,0,0,1,1,6,1,-1,-1,-1,-1,-1,-1,-1,-1,-1,0
Unvalidated,202417S204524,2024,17S204524,2,9,0,18,0,0,0,0,0,0,0,0,2,1,6,2,74,10,-1,-1,-1,-1,1,1,E01011989,0
Unvalidated,202417S205024,2024,17S205024,1,21,1,-1,5,1,-1,0,0,0,0,0,0,1,-1,3,-1,-1,-1,-1,-1,-1,-1,-1,-1,0
Unvalidated,202417S205024,2024,17S205024,2,21,0,-1,5,1,-1,0,0,0,0,0,1,1,-1,1,58,9,-1,-1,-1,-1,6,1,E01012279,0
Unvalidated,202417S206024,2024,17S206024,1,9,0,-1,1,4,-1,0,1,0,6,0,1,1,-1,1,19,4,-1,-1,-1,-1,3,1,E01012214,0
Unvalidated,202417S206024,2024,17S206024,2,9,0,-1,4,1,-1,0,0,0,0,0,1,1,-1,1,17,4,-1,-1,-1,-1,-1,-1,-1,0
Unvalidated,202417S206124,2024,17S206124,1,9,0,-1,6,4,-1,8,0,0,0,0,4,1,-1,2,63,9,-1,-1,-1,-1,1,1,E01012094,0
Unvalidated,202417S206124,2024,17S206124,2,9,0,-1,2,6,-1,8,0,0,0,0,1,1,-1,1,45,7,-1,-1,-1,-1,-1,-1,-1,0
Unvalidated,202417S206424,2024,17S206424,1,9,0,-1,1,7,-1,8,0,0,1,9,2,1,-1,2,40,7,-1,-1,-1,-1,-1,-1,-1,0
Unvalidated,202417S206424,2024,17S206424,2,9,0,-1,3,7,-1,8,0,0,7,11,1,1,-1,1,17,4,-1,-1,-1,-1,8,3,E01033476,0
Unvalidated,202417S206624,2024,17S206624,1,9,0,-1,4,2,-1,8,0,0,0,0,3,1,-1,1,41,7,-1,-1,-1,-1,3,1,E01012214,0
Unvalidated,202417S206624,2024,17S206624,2,5,0,-1,0,0,-1,8,0,0,0,0,0,1,-1,1,51,8,-1,-1,-1,-1,5,1,E01012280,0
Unvalidated,202417S206924,2024,17S206924,1,9,0,-1,2,5,-1,5,0,0,0,0,3,1,-1,1,27,6,-1,-1,-1,-1,4,1,E01012292,0
Unvalidated,202417S206924,2024,17S206924,2,1,0,-1,7,3,-1,6,0,0,0,0,1,1,-1,1,12,3,-1,-1,-1,-1,1,1,E01012245,0
Unvalidated,202417S207624,2024,17S207624,1,9,0,-1,4,8,-1,0,0,0,0,0,0,1,-1,1,36,7,-1,-1,-1,-1,6,1,E01012261,0
Unvalidated,202417S207624,2024,17S207624,2,5,0,-1,4,8,-1,0,0,0,0,0,1,1,-1,1,50,8,-1,-1,-1,-1,10,1,E01012005,0
Unvalidated,202417S208924,2024,17S208924,1,9,0,-1,4,8,-1,0,0,0,0,0,0,1,-1,1,33,6,-1,-1,-1,-1,1,1,E01012252,0
Unvalidated,202417S300124,2024,17S300124,1,9,0,7,2,4,0,8,0,0,0,0,1,1,6,1,72,10,-1,-1,-1,-1,7,1,E01012024,0
Unvalidated,202417S300124,2024,17S300124,2,9,0,9,6,4,0,8,0,0,0,0,1,1,6,2,33,6,-1,-1,-1,-1,2,1,E01012291,0
Unvalidated,202417S300624,2024,17S300624,1,9,0,7,8,2,0,2,0,0,0,0,1,1,6,1,33,6,-1,-1,-1,-1,1,1,E01012092,0
Unvalidated,202417S300624,2024,17S300624,2,9,0,18,2,6,0,1,0,0,0,0,3,1,6,1,26,6,-1,-1,-1,-1,1,1,E01012039,0
Unvalidated,202417S302424,2024,17S302424,1,21,0,9,6,4,0,8,0,0,0,0,3,1,1,1,53,8,-1,-1,-1,-1,-1,-1,-1,0
Unvalidated,202417S302424,2024,17S302424,2,9,0,18,7,2,0,3,0,0,0,0,1,1,6,1,41,7,-1,-1,-1,-1,2,1,E01012291,0
Unvalidated,202417S303224,2024,17S303224,1,9,0,18,2,6,0,0,0,0,0,0,1,1,6,3,-1,-1,-1,-1,-1,-1,-1,-1,-1,0
Unvalidated,202417S303224,2024,17S303224,2,9,0,18,2,6,0,0,0,0,0,0,2,1,6,2,49,8,-1,-1,-1,-1,1,1,E01012121,0
Unvalidated,202417S303224,2024,17S303224,3,9,0,18,2,6,0,0,0,0,0,0,0,1,1,1,36,7,-1,-1,-1,-1,-1,-1,-1,0
Unvalidated,202417S303324,2024,17S303324,1,9,0,18,5,1,0,1,0,0,0,0,1,1,6,2,21,5,-1,-1,-1,-1,3,1,E01012287,0
Unvalidated,202417S303424,2024,17S303424,1,9,0,18,1,5,0,0,0,0,0,0,1,1,6,2,48,8,-1,-1,-1,-1,7,1,E01012324,0
Unvalidated,202417S304824,2024,17S304824,1,9,0,-1,5,1,-1,0,0,0,0,0,2,1,-1,2,59,9,-1,-1,-1,-1,4,1,E01032544,0
Unvalidated,202417S304824,2024,17S304824,2,9,0,-1,5,1,-1,0,0,0,0,0,1,1,-1,1,25,5,-1,-1,-1,-1,9,1,E01012232,0
Unvalidated,202417S305124,2024,17S305124,1,9,0,-1,4,8,-1,0,0,0,0,0,1,1,-1,1,24,5,-1,-1,-1,-1,3,1,E01012289,0
Unvalidated,202417S305224,2024,17S305224,1,9,0,-1,3,7,-1,1,0,0,0,0,2,1,-1,2,18,4,-1,-1,-1,-1,7,2,E01012344,0
Unvalidated,202417S305224,2024,17S305224,2,9,0,-1,3,7,-1,1,0,0,0,0,1,1,-1,1,-1,-1,-1,-1,-1,-1,-1,-1,-1,0
Unvalidated,202417S305624,2024,17S305624,1,1,0,-1,5,1,-1,0,0,0,0,0,2,1,-1,1,49,8,-1,-1,-1,-1,-1,-1,-1,0