status,collision_index,collision_year,collision_reference,vehicle_reference,vehicle_type,towing_and_articulation,vehicle_manoeuvre,vehicle_direction_from,vehicle_direction_to,vehicle_location_restricted_lane,junction_location,skidding_and_overturning,hit_object_in_carriageway,vehicle_leaving_carriageway,hit_object_off_carriageway,first_point_of_impact,vehicle_left_hand_drive,journey_purpose_of_driver,sex_of_driver,age_of_driver,age_band_of_driver,engine_capacity_cc,propulsion_code,age_of_vehicle,generic_make_model,driver_imd_decile,driver_home_area_type,lsoa_of_driver,escooter_flag
Unvalidated,202417S305624,2024,17S305624,2,20,0,-1,5,1,-1,0,0,0,0,0,1,1,-1,3,-1,-1,-1,-1,-1,-1,-1,-1,-1,0
Unvalidated,202417S306224,2024,17S306224,1,9,0,-1,5,1,-1,0,0,0,0,0,1,1,-1,1,84,11,-1,-1,-1,-1,8,3,E01027627,0
Unvalidated,202417S306224,2024,17S306224,2,9,0,-1,1,5,-1,0,0,0,0,0,1,1,-1,1,52,8,-1,-1,-1,-1,-1,-1,-1,0
Unvalidated,202417S306224,2024,17S306224,3,9,0,-1,1,5,-1,0,0,0,0,0,3,1,-1,1,44,7,-1,-1,-1,-1,10,1,E01012302,0
Unvalidated,202417S307024,2024,17S307024,1,1,0,-1,4,8,-1,8,0,0,0,0,3,1,-1,1,13,3,-1,-1,-1,-1,9,1,E01033475,0
Unvalidated,202417S307024,2024,17S307024,2,9,0,-1,4,8,-1,8,0,0,0,0,4,1,-1,1,-1,-1,-1,-1,-1,-1,-1,-1,-1,0
Unvalidated,202417S307424,2024,17S307424,1,9,0,-1,8,6,-1,0,0,0,0,0,1,1,-1,3,-1,-1,-1,-1,-1,-1,-1,-1,-1,0
Unvalidated,202417S308324,2024,17S308324,1,9,0,-1,3,7,-1,1,0,0,0,0,1,1,-1,1,35,6,-1,-1,-1,-1,3,1,E01012289,0
Unvalidated,202417S400524,2024,17S400524,1,9,0,4,5,1,0,0,0,0,0,0,2,1,2,2,22,5,-1,-1,-1,-1,4,1,E01012264,0
Unvalidated,202417S400524,2024,17S400524,2,9,0,3,5,1,0,0,0,0,0,0,2,1,2,2,40,7,-1,-1,-1,-1,10,1,E01012298,0
Unvalidated,202417S400524,2024,17S400524,3,9,0,18,5,1,0,0,0,0,0,0,1,1,2,1,47,8,-1,-1,-1,-1,4,1,E01012264,0
Unvalidated,202417S402924,2024,17S402924,1,9,0,18,6,2,0,1,5,10,1,11,1,1,6,1,35,6,-1,-1,-1,-1,1,1,E01012262,0
Unvalidated,202417S404124,2024,17S404124,1,9,0,18,5,1,0,0,0,0,0,0,1,1,1,2,53,8,-1,-1,-1,-1,5,1,E01012218,0
Unvalidated,202417S404124,2024,17S404124,2,9,0,18,1,5,0,0,0,0,0,0,1,1,1,1,68,10,-1,-1,-1,-1,10,1,E01012298,0
Unvalidated,202417S404624,2024,17S404624,1,9,0,-1,5,1,-1,2,0,0,0,0,1,1,-1,1,19,4,-1,-1,-1,-1,1,1,E01032542,0
Unvalidated,202417S404624,2024,17S404624,2,9,0,-1,1,5,-1,1,0,0,0,0,1,1,-1,2,52,8,-1,-1,-1,-1,9,1,E01012203,0
Unvalidated,202417S406724,2024,17S406724,1,1,0,-1,5,1,-1,0,0,0,0,0,4,1,-1,1,55,8,-1,-1,-1,-1,9,1,E01033475,0
Unvalidated,202417S406724,2024,17S406724,2,9,0,-1,7,3,-1,0,0,0,0,0,1,1,-1,2,-1,-1,-1,-1,-1,-1,-1,-1,-1,0
Unvalidated,202417S407224,2024,17S407224,1,9,0,-1,7,5,-1,8,0,0,0,0,4,1,-1,1,27,6,-1,-1,-1,-1,-1,-1,-1,0
Unvalidated,202417S407224,2024,17S407224,2,9,0,-1,3,7,-1,8,0,0,0,0,1,1,-1,1,67,10,-1,-1,-1,-1,-1,-1,-1,0
Unvalidated,2024201393684,2024,201393684,1,9,0,18,2,6,0,0,0,0,0,0,1,1,6,1,-1,-1,-1,-1,-1,-1,-1,-1,-1,0
Unvalidated,2024201393814,2024,201393814,1,90,0,18,8,4,9,0,0,0,0,0,1,1,6,1,40,7,-1,-1,-1,-1,-1,-1,-1,1
Unvalidated,2024201393906,2024,201393906,1,9,0,6,2,2,0,1,0,0,0,0,1,1,5,1,43,7,-1,-1,-1,-1,1,1,E01009021,0
Unvalidated,2024201393906,2024,201393906,2,9,0,1,6,2,0,1,0,0,0,0,2,1,6,1,-1,-1,-1,-1,-1,-1,-1,-1,-1,0
Unvalidated,2024201394190,2024,201394190,1,9,0,9,7,5,0,6,0,0,0,0,3,1,6,2,45,7,-1,-1,-1,-1,1,1,E01009074,0
Unvalidated,2024201394190,2024,201394190,2,8,0,18,5,1,0,8,0,0,0,0,3,1,6,1,37,7,-1,-1,-1,-1,1,1,E01009478,0
Unvalidated,2024201394230,2024,201394230,1,9,0,9,6,4,0,6,0,0,0,0,3,1,6,2,42,7,-1,-1,-1,-1,2,1,E01033641,0
Unvalidated,2024201394230,2024,201394230,2,9,0,14,4,8,0,8,0,0,0,0,1,1,6,1,34,6,-1,-1,-1,-1,1,1,E01008905,0
Unvalidated,2024201394377,2024,201394377,1,9,0,18,5,1,0,1,0,0,0,0,1,1,6,2,-1,-1,-1,-1,-1,-1,-1,-1,-1,0
Unvalidated,2024201394377,2024,201394377,2,1,0,18,2,6,0,1,0,0,0,0,4,1,2,1,34,6,-1,-1,-1,-1,3,1,E01010050,0
Unvalidated,2024201394381,2024,201394381,1,9,0,18,7,3,0,0,0,0,0,0,1,1,6,1,-1,-1,-1,-1,-1,-1,-1,-1,-1,0
Unvalidated,2024201394408,2024,201394408,1,9,0,9,2,8,0,5,0,0,0,0,1,1,6,2,-1,-1,-1,-1,-1,-1,-1,-1,-1,0
Unvalidated,2024201394408,2024,201394408,2,9,0,18,6,2,0,8,0,0,0,0,1,1,6,1,21,5,-1,-1,-1,-1,-1,-1,-1,0
Unvalidated,2024201394595,2024,201394595,1,9,0,18,8,4,0,2,0,0,0,0,1,1,6,3,40,7,-1,-1,-1,-1,-1,-1,-1,0
Unvalidated,2024201394595,2024,201394595,2,9,0,12,2,4,0,2,0,0,0,0,2,1,5,2,42,7,-1,-1,-1,-1,3,1,E01009221,0
Unvalidated,2024201394744,2024,201394744,1,9,0,18,6,2,2,1,0,0,0,0,1,1,6,3,-1,-1,-1,-1,-1,-1,-1,-1,-1,0
Unvalidated,2024201394744,2024,201394744,2,9,0,9,2,8,0,6,0,0,0,0,1,1,6,1,53,8,-1,-1,-1,-1,3,1,E01009922,0
Unvalidated,2024201394780,2024,201394780,1,9,0,18,6,2,0,0,0,0,0,0,1,1,6,2,50,8,-1,-1,-1,-1,-1,-1,-1,0
Unvalidated,2024201394780,2024,201394780,2,90,0,18,6,2,0,0,2,0,0,0,4,1,5,1,23,5,-1,-1,-1,-1,2,1,E01009075,1
Unvalidated,2024201394856,2024,201394856,1,9,0,18,4,2,0,4,0,0,0,0,3,1,6,3,-1,-1,-1,-1,-1,-1,4,1,E01009188,0
Unvalidated,2024201394856,2024,201394856,2,1,0,18,6,6,0,3,0,0,0,0,2,1,2,1,31,6,-1,-1,-1,-1,5,1,E01009179,0
Unvalidated,2024201394880,2024,201394880,1,9,0,18,8,4,0,2,0,0,0,0,1,1,6,2,-1,-1,-1,-1,-1,-1,-1,-1,-1,0
Unvalidated,2024201394989,2024,201394989,1,9,0,7,1,3,0,5,0,0,0,0,1,1,6,1,72,10,-1,-1,-1,-1,3,1,E01010427,0
Unvalidated,2024201394996,2024,201394996,1,19,0,18,8,4,0,1,0,0,0,0,4,1,1,3,30,6,-1,-1,-1,-1,-1,-1,-1,0
Unvalidated,2024201395058,2024,201395058,1,98,0,5,2,6,0,2,0,0,0,0,1,1,1,1,30,6,-1,-1,-1,-1,4,1,-1,0
Unvalidated,2024201395058,2024,201395058,2,9,0,3,2,6,0,2,0,0,0,0,2,1,6,2,67,10,-1,-1,-1,-1,1,1,E01010064,0
Unvalidated,2024201395061,2024,201395061,1,8,0,18,2,6,0,4,0,0,0,0,1,1,6,1,40,7,-1,-1,-1,-1,-1,-1,-1,0
Unvalidated,2024201395061,2024,201395061,2,1,0,18,8,4,0,3,0,0,0,0,2,1,6,2,34,6,-1,-1,-1,-1,7,1,E01009039,0
Unvalidated,2024201395089,2024,201395089,1,19,0,4,5,6,0,4,0,0,0,0,1,1,6,1,-1,-1,-1,-1,-1,-1,-1,-1,-1,0
Unvalidated,2024201395089,2024,201395089,2,1,0,4,8,4,0,4,0,0,0,0,3,1,2,1,29,6,-1,-1,-1,-1,4,1,E01031079,0
Unvalidated,2024201395116,2024,201395116,1,9,0,18,7,3,0,0,0,0,0,0,1,1,6,2,-1,-1,-1,-1,-1,-1,2,1,E01009942,0
Unvalidated,2024201395116,2024,201395116,2,9,0,18,7,3,0,0,0,0,0,0,2,1,1,1,39,7,-1,-1,-1,-1,1,1,E01009332,0
Unvalidated,2024201395146,2024,201395146,1,9,0,18,8,4,0,1,0,0,0,0,1,1,6,1,40,7,-1,-1,-1,-1,-1,-1,-1,0
Unvalidated,2024201395153,2024,201395153,1,9,0,18,1,6,0,0,0,0,0,0,1,1,6,1,17,4,-1,-1,-1,-1,2,1,E01009937,0
Unvalidated,2024201395153,2024,201395153,2,9,0,18,1,6,0,0,0,0,0,0,2,1,6,3,-1,-1,-1,-1,-1,-1,-1,-1,-1,0
Unvalidated,2024201395153,2024,201395153,3,9,0,18,1,4,0,0,0,0,0,0,2,1,6,3,-1,-1,-1,-1,-1,-1,-1,-1,-1,0
Unvalidated,2024201395153,2024,201395153,4,9,0,18,1,6,0,0,0,0,0,0,2,1,6,1,-1,-1,-1,-1,-1,-1,-1,-1,-1,0
Unvalidated,2024201395158,2024,201395158,1,9,0,3,6,2,0,1,0,0,0,0,2,1,6,1,80,11,-1,-1,-1,-1,5,1,E01010109,0
Unvalidated,2024201395158,2024,201395158,2,9,0,18,6,2,0,1,0,0,0,0,1,1,6,2,-1,-1,-1,-1,-1,-1,-1,-1,-1,0
Unvalidated,2024201395168,2024,201395168,1,9,0,9,5,2,0,3,0,0,0,0,1,1,1,1,39,7,-1,-1,-1,-1,8,1,E01032865,0
Unvalidated,2024201395168,2024,201395168,2,19,0,18,5,1,0,8,0,0,0,0,1,1,6,1,22,5,-1,-1,-1,-1,1,1,E01009300,0
Unvalidated,2024201395230,2024,201395230,1,9,0,18,4,8,0,1,0,0,0,0,1,1,6,1,-1,-1,-1,-1,-1,-1,-1,-1,-1,0
Unvalidated,2024201395230,2024,201395230,2,1,0,5,5,1,0,1,0,0,0,0,2,1,6,1,16,4,-1,-1,-1,-1,3,1,E01010512,0
Unvalidated,2024201395560,2024,201395560,1,9,0,9,5,3,0,4,0,0,0,0,3,1,6,1,-1,-1,-1,-1,-1,-1,-1,-1,-1,0
Unvalidated,2024201395560,2024,201395560,2,1,0,18,3,7,0,8,0,0,0,0,3,1,2,1,62,9,-1,-1,-1,-1,3,1,E01010496,0
Unvalidated,2024201395600,2024,201395600,1,9,0,12,8,6,0,1,0,0,0,0,3,1,6,1,65,9,-1,-1,-1,-1,-1,-1,-1,0
Unvalidated,2024201395600,2024,201395600,2,8,0,3,8,6,0,1,0,0,0,0,4,1,1,1,57,9,-1,-1,-1,-1,2,1,E01009782,0
Unvalidated,2024201395604,2024,201395604,1,9,0,18,4,8,0,1,0,0,0,0,1,1,6,1,34,6,-1,-1,-1,-1,-1,-1,-1,0
Unvalidated,2024201395604,2024,201395604,2,9,0,8,4,6,0,1,0,0,0,0,2,1,6,1,58,9,-1,-1,-1,-1,9,1,E01010154,0
Unvalidated,2024201395778,2024,201395778,1,9,0,18,2,4,0,0,1,10,7,0,1,1,6,1,50,8,-1,-1,-1,-1,6,1,E01009749,0
Unvalidated,2024201396225,2024,201396225,1,9,0,7,2,8,0,5,0,0,0,0,1,1,6,1,-1,-1,-1,-1,-1,-1,-1,-1,-1,0
Unvalidated,2024201396225,2024,201396225,2,9,0,9,2,4,0,6,0,0,0,0,2,1,5,1,53,8,-1,-1,-1,-1,2,1,E01010535,0
Unvalidated,2024201396240,2024,201396240,1,9,0,9,2,8,0,6,0,0,0,0,3,1,2,1,40,7,-1,-1,-1,-1,-1,-1,-1,0
Unvalidated,2024201396240,2024,201396240,2,3,0,18,5,1,0,1,0,0,0,0,1,1,1,1,17,4,-1,-1,-1,-1,10,1,E01010207,0
Unvalidated,2024201396736,2024,201396736,1,9,0,18,8,2,0,4,0,0,0,0,1,1,6,1,47,8,-1,-1,-1,-1,3,1,E01008945,0
Unvalidated,2024201396736,2024,201396736,2,1,0,18,6,2,0,4,2,0,0,0,1,1,5,2,78,11,-1,-1,-1,-1,5,1,E01009179,0
Unvalidated,2024201396784,2024,201396784,1,9,0,14,2,7,0,0,0,0,0,0,1,1,6,2,44,7,-1,-1,-1,-1,-1,-1,-1,0
Unvalidated,2024201396907,2024,201396907,1,9,0,7,2,4,0,3,0,0,0,0,1,1,6,3,-1,-1,-1,-1,-1,-1,-1,-1,-1,0
Unvalidated,2024201397071,2024,201397071,1,9,0,4,7,3,0,1,0,0,0,0,1,1,6,1,77,11,-1,-1,-1,-1,3,1,E01010018,0
Unvalidated,2024201397071,2024,201397071,2,1,0,18,5,1,0,8,0,0,0,0,2,1,1,1,40,7,-1,-1,-1,-1,4,1,E01010006,0
Unvalidated,2024201397113,2024,201397113,1,9,0,4,3,1,0,0,0,0,0,0,3,1,1,1,-1,-1,-1,-1,-1,-1,-1,-1,-1,0
Unvalidated,2024201397136,2024,201397136,1,9,0,5,6,2,0,1,0,0,0,0,1,1,6,2,64,9,-1,-1,-1,-1,7,1,E01010123,0
Unvalidated,2024201397151,2024,201397151,1,9,0,9,8,4,0,6,0,0,0,0,1,1,6,2,40,7,-1,-1,-1,-1,-1,-1,-1,0
Unvalidated,2024201397151,2024,201397151,2,90,0,18,6,2,0,8,2,0,0,0,4,1,2,1,36,7,-1,-1,-1,-1,3,1,E01009264,0
Unvalidated,2024201397197,2024,201397197,1,11,0,18,2,6,0,4,0,0,0,0,1,1,1,1,-1,-1,-1,-1,-1,-1,-1,-1,-1,0
Unvalidated,2024201397200,2024,201397200,1,9,0,15,5,1,0,0,0,0,0,0,1,1,6,1,-1,-1,-1,-1,-1,-1,-1,-1,-1,0
Unvalidated,2024201397200,2024,201397200,2,9,0,18,5,1,0,0,0,0,0,0,2,1,5,2,19,4,-1,-1,-1,-1,-1,-1,-1,0
Unvalidated,2024201397275,2024,201397275,1,19,0,5,7,3,0,6,0,0,0,0,1,1,1,1,-1,-1,-1,-1,-1,-1,-1,-1,-1,0
Unvalidated,2024201397275,2024,201397275,2,9,0,18,1,5,0,8,0,0,0,0,3,1,1,1,56,9,-1,-1,-1,-1,1,1,E01009410,0
Unvalidated,2024201397480,2024,201397480,1,21,4,18,7,7,0,0,3,7,1,7,1,2,1,1,62,9,-1,-1,-1,-1,-1,-1,-1,0
Unvalidated,2024201397552,2024,201397552,1,9,0,18,4,8,0,0,0,0,0,0,1,1,6,1,-1,-1,-1,-1,-1,-1,-1,-1,-1,0
Unvalidated,2024201397552,2024,201397552,2,9,0,3,4,8,0,0,0,0,0,0,2,1,5,2,30,6,-1,-1,-1,-1,1,1,E01009501,0
Unvalidated,2024201397624,2024,201397624,1,9,0,18,8,4,0,1,0,0,0,0,1,1,6,1,45,7,-1,-1,-1,-1,1,1,E01009331,0
Unvalidated,2024201397624,2024,201397624,2,9,0,18,4,3,0,6,0,0,0,0,1,1,6,1,60,9,-1,-1,-1,-1,3,1,E01006115,0
Unvalidated,2024201397626,2024,201397626,1,9,0,18,4,8,0,2,0,0,0,0,1,1,6,1,45,7,-1,-1,-1,-1,1,1,E01009331,0
Unvalidated,2024201397626,2024,201397626,2,9,0,9,5,2,0,6,0,0,0,0,1,1,6,1,60,9,-1,-1,-1,-1,3,1,E01006115,0
Unvalidated,2024201397639,2024,201397639,1,9,0,5,8,4,0,0,0,0,0,0,1,1,6,1,-1,-1,-1,-1,-1,-1,1,1,E01033637,0
Unvalidated,2024201397639,2024,201397639,2,9,0,3,4,8,0,0,0,0,0,0,1,1,1,1,35,6,-1,-1,-1,-1,2,1,E01033630,0
Unvalidated,2024201397644,2024,201397644,1,9,0,18,8,4,0,0,0,0,0,0,0,1,6,1,-1,-1,-1,-1,-1,-1,-1,-1,-1,0
Unvalidated,2024201397671,2024,201397671,1,9,0,18,5,1,0,0,0,0,0,0,1,1,6,3,-1,-1,-1,-1,-1,-1,-1,-1,-1,0
Unvalidated,2024201397671,2024,201397671,2,90,0,18,5,1,0,0,0,0,0,0,2,1,2,1,38,7,-1,-1,-1,-1,1,1,E01009892,1
Unvalidated,2024201397674,2024,201397674,1,9,0,18,1,5,0,0,0,0,0,0,1,1,6,1,-1,-1,-1,-1,-1,-1,-1,-1,-1,0
Unvalidated,2024201397674,2024,201397674,2,9,0,18,5,1,0,0,0,0,0,0,1,1,1,1,35,6,-1,-1,-1,-1,-1,-1,-1,0
Unvalidated,2024201397807,2024,201397807,1,9,0,18,2,6,2,0,0,0,0,0,1,1,6,3,-1,-1,-1,-1,-1,-1,-1,-1,-1,0
Unvalidated,2024201397906,2024,201397906,1,9,0,5,2,5,0,6,0,0,0,0,1,1,2,1,70,10,-1,-1,-1,-1,2,1,E01029496,0
Unvalidated,2024201397906,2024,201397906,2,1,0,18,4,8,0,8,0,0,0,0,2,1,2,1,56,9,-1,-1,-1,-1,1,1,E01009404,0
Unvalidated,2024201397922,2024,201397922,1,9,0,18,1,2,0,0,0,0,0,0,1,1,6,2,-1,-1,-1,-1,-1,-1,-1,-1,-1,0
Unvalidated,2024201397946,2024,201397946,1,9,0,18,8,4,0,8,0,7,0,0,1,1,6,3,-1,-1,-1,-1,-1,-1,-1,-1,-1,0
Unvalidated,2024201397946,2024,201397946,2,9,0,9,1,5,0,8,0,0,0,0,4,1,5,2,22,5,-1,-1,-1,-1,8,2,E01032427,0
Unvalidated,2024201397986,2024,201397986,1,9,0,18,4,8,0,0,0,0,0,0,1,1,6,1,30,6,-1,-1,-1,-1,-1,-1,-1,0
Unvalidated,2024201397986,2024,201397986,2,9,0,18,4,8,0,0,0,0,0,0,2,1,2,2,51,8,-1,-1,-1,-1,-1,-1,-1,0
Unvalidated,2024201397989,2024,201397989,1,9,0,5,8,3,0,4,0,0,0,0,1,1,6,1,69,10,-1,-1,-1,-1,1,1,E01010062,0
Unvalidated,2024201397989,2024,201397989,2,9,0,4,8,3,0,1,0,0,0,0,2,1,5,2,34,6,-1,-1,-1,-1,3,1,E01010005,0
Unvalidated,2024201398147,2024,201398147,1,9,0,9,8,4,0,5,0,0,0,0,1,1,6,2,65,9,-1,-1,-1,-1,-1,-1,-1,0
Unvalidated,2024201398147,2024,201398147,2,1,0,9,8,6,0,5,0,0,0,0,1,1,5,2,46,8,-1,-1,-1,-1,-1,-1,-1,0
Unvalidated,2024201398147,2024,201398147,3,1,0,3,6,2,0,1,0,0,0,0,1,1,5,2,66,10,-1,-1,-1,-1,3,1,E01009441,0
Unvalidated,2024201398147,2024,201398147,4,9,0,3,2,6,0,1,0,0,0,0,0,1,6,2,50,8,-1,-1,-1,-1,-1,-1,-1,0
Unvalidated,2024201398176,2024,201398176,1,9,0,18,3,7,0,0,0,0,0,0,1,1,6,1,-1,-1,-1,-1,-1,-1,-1,-1,-1,0
Unvalidated,2024201398176,2024,201398176,2,9,0,3,3,7,0,0,0,0,0,0,2,1,6,1,24,5,-1,-1,-1,-1,1,1,E01009303,0
Unvalidated,2024201398176,2024,201398176,3,9,0,3,3,7,0,0,0,0,0,0,2,1,6,1,60,9,-1,-1,-1,-1,-1,-1,-1,0
Unvalidated,2024201398177,2024,201398177,1,9,0,18,4,8,0,1,0,0,0,0,1,1,6,1,80,11,-1,-1,-1,-1,3,1,E01009989,0
Unvalidated,2024201398177,2024,201398177,2,9,0,3,4,8,0,1,0,0,0,0,2,1,5,2,48,8,-1,-1,-1,-1,1,1,E01009345,0
Unvalidated,2024201398181,2024,201398181,1,9,0,5,4,8,9,2,0,0,0,0,3,1,6,3,-1,-1,-1,-1,-1,-1,-1,-1,-1,0
Unvalidated,2024201398181,2024,201398181,2,9,0,18,4,8,0,8,0,0,0,0,4,1,1,2,50,8,-1,-1,-1,-1,8,1,E01009252,0
Unvalidated,2024201398192,2024,201398192,1,9,0,9,3,1,0,5,0,0,0,0,1,1,6,1,50,8,-1,-1,-1,-1,-1,-1,-1,0
Unvalidated,2024201398192,2024,201398192,2,9,0,18,6,3,0,8,0,0,0,0,1,1,6,2,25,5,-1,-1,-1,-1,5,1,E01009774,0
Unvalidated,2024201398249,2024,201398249,1,19,0,15,8,4,0,0,0,0,0,0,4,1,1,3,30,6,-1,-1,-1,-1,-1,-1,-1,0
Unvalidated,2024201398249,2024,201398249,2,1,0,18,8,4,0,0,0,0,0,0,1,1,6,2,38,7,-1,-1,-1,-1,4,1,E01009626,0
Unvalidated,2024201398539,2024,201398539,1,9,0,18,3,7,0,1,2,10,0,0,1,1,5,2,35,6,-1,-1,-1,-1,1,1,E01009988,0
Unvalidated,2024201398556,2024,201398556,1,9,0,18,1,5,0,0,0,0,0,0,1,1,6,1,-1,-1,-1,-1,-1,-1,-1,-1,-1,0
Unvalidated,2024201398573,2024,201398573,1,9,0,18,2,8,0,0,0,0,0,0,1,1,6,1,47,8,-1,-1,-1,-1,-1,-1,-1,0
Unvalidated,2024201398653,2024,201398653,1,9,0,18,1,5,0,0,0,4,0,0,1,1,2,2,52,8,-1,-1,-1,-1,3,1,E01032534,0
Unvalidated,2024201398653,2024,201398653,2,9,0,2,0,0,9,0,0,0,0,0,2,1,6,3,-1,-1,-1,-1,-1,-1,-1,-1,-1,0
Unvalidated,2024201398824,2024,201398824,1,9,0,18,2,6,0,0,1,10,1,10,1,1,6,1,18,4,-1,-1,-1,-1,9,1,E01009727,0
Unvalidated,2024201398839,2024,201398839,1,19,0,3,7,3,0,1,0,0,0,0,1,1,6,1,50,8,-1,-1,-1,-1,-1,-1,-1,0
Unvalidated,2024201398839,2024,201398839,2,9,0,10,7,5,0,1,0,0,0,0,2,1,5,1,33,6,-1,-1,-1,-1,2,1,E01010506,0
Unvalidated,2024201398861,2024,201398861,1,9,0,18,5,1,0,1,0,0,0,0,1,1,6,3,-1,-1,-1,-1,-1,-1,-1,-1,-1,0
Unvalidated,2024201398861,2024,201398861,2,9,0,18,5,1,0,1,0,0,0,0,0,1,6,3,-1,-1,-1,-1,-1,-1,-1,-1,-1,0
Unvalidated,2024201398878,2024,201398878,1,9,0,18,5,1,0,0,0,0,0,0,1,1,6,3,-1,-1,-1,-1,-1,-1,-1,-1,-1,0
Unvalidated,2024201398878,2024,201398878,2,9,0,18,5,1,0,0,0,0,0,0,2,1,6,2,28,6,-1,-1,-1,-1,3,1,E01009232,0
Unvalidated,2024201398895,2024,201398895,1,9,0,18,1,5,0,0,0,0,0,0,1,1,6,3,16,4,-1,-1,-1,-1,-1,-1,-1,0
Unvalidated,2024201398917,2024,201398917,1,9,0,18,1,5,0,8,0,0,0,0,1,1,6,1,33,6,-1,-1,-1,-1,1,1,E01009659,0
Unvalidated,2024201398917,2024,201398917,2,9,0,9,5,3,0,5,0,0,0,0,1,1,6,1,59,9,-1,-1,-1,-1,5,1,E01009714,0
Unvalidated,2024201398931,2024,201398931,1,9,0,14,6,2,0,1,0,0,0,0,1,1,6,1,36,7,-1,-1,-1,-1,1,1,E01009258,0
Unvalidated,2024201398931,2024,201398931,2,90,0,3,6,2,0,1,0,0,0,0,2,1,2,1,24,5,-1,-1,-1,-1,2,1,E01008987,1
Unvalidated,2024201398973,2024,201398973,1,9,0,18,4,8,0,0,0,4,0,0,1,1,6,1,20,4,-1,-1,-1,-1,10,1,E01009807,0
Unvalidated,2024201398973,2024,201398973,2,9,0,2,0,0,0,0,0,0,0,0,1,1,1,1,35,6,-1,-1,-1,-1,2,1,E01009058,0
Unvalidated,2024201399031,2024,201399031,1,9,0,18,3,7,0,0,1,0,0,0,1,1,6,1,39,7,-1,-1,-1,-1,2,1,E01009314,0
Unvalidated,2024201399031,2024,201399031,2,9,0,4,3,7,0,0,0,0,0,0,2,1,6,3,30,6,-1,-1,-1,-1,-1,-1,-1,0
Unvalidated,2024201399116,2024,201399116,1,9,0,9,1,7,0,5,0,0,0,0,4,1,6,1,33,6,-1,-1,-1,-1,-1,-1,-1,0
Unvalidated,2024201399116,2024,201399116,2,9,0,18,5,1,0,8,0,0,0,0,3,1,6,2,50,8,-1,-1,-1,-1,2,1,E01009786,0
Unvalidated,2024201399327,2024,201399327,1,9,0,9,5,3,0,5,0,0,0,0,2,1,5,1,19,4,-1,-1,-1,-1,10,3,E01010227,0
Unvalidated,2024201399327,2024,201399327,2,9,0,7,1,3,0,5,0,0,0,0,4,1,5,1,20,4,-1,-1,-1,-1,4,1,E01009313,0
Unvalidated,2024201399335,2024,201399335,1,8,0,7,8,1,0,6,0,0,0,0,1,1,6,1,-1,-1,-1,-1,-1,-1,-1,-1,-1,0
Unvalidated,2024201399335,2024,201399335,2,9,0,18,1,5,0,8,0,0,0,0,1,1,6,1,29,6,-1,-1,-1,-1,2,1,E01010056,0
Unvalidated,2024201399340,2024,201399340,1,9,0,15,8,4,0,0,0,0,0,0,1,1,1,1,29,6,-1,-1,-1,-1,2,1,E01010476,0
Unvalidated,2024201399340,2024,201399340,2,19,0,3,8,4,0,0,0,0,0,0,2,1,2,1,63,9,-1,-1,-1,-1,6,1,E01029522,0
Unvalidated,2024201399340,2024,201399340,3,19,0,4,8,4,0,0,0,0,0,0,3,1,6,1,51,8,-1,-1,-1,-1,3,1,E01010085,0
Unvalidated,2024201399340,2024,201399340,4,9,0,4,8,4,0,0,0,0,0,0,2,1,2,2,74,10,-1,-1,-1,-1,5,1,E01031021,0
Unvalidated,2024201399437,2024,201399437,1,9,0,18,4,8,0,0,0,0,0,0,1,1,6,1,67,10,-1,-1,-1,-1,2,1,E01009997,0
Unvalidated,2024201399468,2024,201399468,1,9,0,7,6,8,9,5,0,0,0,0,4,1,6,1,-1,-1,-1,-1,-1,-1,-1,-1,-1,0
Unvalidated,2024201399487,2024,201399487,1,9,0,6,1,5,0,0,0,0,0,0,1,1,6,3,20,4,-1,-1,-1,-1,-1,-1,-1,0
Unvalidated,2024201399487,2024,201399487,2,9,0,18,2,6,0,0,0,0,0,0,1,1,6,2,61,9,-1,-1,-1,-1,4,1,E01009030,0
Unvalidated,2024201399587,2024,201399587,1,19,0,18,5,8,0,0,0,0,0,0,1,1,6,2,-1,-1,-1,-1,-1,-1,-1,-1,-1,0
Unvalidated,2024201399600,2024,201399600,1,9,0,9,2,8,0,6,0,0,0,0,1,1,6,1,80,11,-1,-1,-1,-1,10,1,E01010229,0
Unvalidated,2024201399600,2024,201399600,2,1,0,18,8,4,0,8,5,0,0,0,1,1,2,1,41,7,-1,-1,-1,-1,-1,3,-1,0
Unvalidated,2024201399723,2024,201399723,1,19,0,18,5,4,0,3,0,0,0,0,1,1,6,1,33,6,-1,-1,-1,-1,1,1,E01009733,0
Unvalidated,2024201399752,2024,201399752,1,9,0,18,7,3,0,0,0,0,0,0,1,1,2,1,41,7,-1,-1,-1,-1,2,1,E01008897,0
Unvalidated,2024201399760,2024,201399760,1,9,0,18,2,6,0,0,5,0,0,0,1,1,6,1,43,7,-1,-1,-1,-1,-1,-1,-1,0
Unvalidated,2024201399775,2024,201399775,1,3,0,13,4,8,0,8,0,0,0,0,1,1,2,1,18,4,-1,-1,-1,-1,2,1,E01009746,0
Unvalidated,2024201399775,2024,201399775,2,9,0,9,4,2,0,5,0,0,0,0,3,1,6,1,-1,-1,-1,-1,-1,-1,-1,-1,-1,0
Unvalidated,2024201399784,2024,201399784,1,8,0,18,8,4,0,2,0,0,0,0,1,1,1,1,42,7,-1,-1,-1,-1,1,1,E01033644,0
Unvalidated,2024201399955,2024,201399955,1,98,0,7,4,6,0,6,0,0,0,0,1,1,6,1,29,6,-1,-1,-1,-1,5,1,E01008975,0
Unvalidated,2024201399990,2024,201399990,1,90,0,18,2,6,0,0,0,0,0,0,1,1,6,1,16,4,-1,-1,-1,-1,-1,-1,-1,1
Unvalidated,2024201400062,2024,201400062,1,9,0,1,2,6,9,0,0,0,0,0,2,1,6,1,60,9,-1,-1,-1,-1,9,1,E01013596,0