status,collision_index,collision_year,collision_reference,vehicle_reference,vehicle_type,towing_and_articulation,vehicle_manoeuvre,vehicle_direction_from,vehicle_direction_to,vehicle_location_restricted_lane,junction_location,skidding_and_overturning,hit_object_in_carriageway,vehicle_leaving_carriageway,hit_object_off_carriageway,first_point_of_impact,vehicle_left_hand_drive,journey_purpose_of_driver,sex_of_driver,age_of_driver,age_band_of_driver,engine_capacity_cc,propulsion_code,age_of_vehicle,generic_make_model,driver_imd_decile,driver_home_area_type,lsoa_of_driver,escooter_flag
Unvalidated,2024201400352,2024,201400352,1,9,0,18,6,2,0,4,0,0,0,0,1,1,6,2,26,6,-1,-1,-1,-1,-1,-1,-1,0
Unvalidated,2024201400374,2024,201400374,1,9,0,18,2,6,0,1,0,0,0,0,1,1,6,1,16,4,-1,-1,-1,-1,-1,-1,-1,0
Unvalidated,2024201400394,2024,201400394,1,9,0,5,8,4,0,6,0,0,0,0,3,1,6,1,62,9,-1,-1,-1,-1,4,1,E01009276,0
Unvalidated,2024201400394,2024,201400394,2,1,0,5,6,2,0,1,0,0,0,0,1,1,1,1,35,6,-1,-1,-1,-1,-1,-1,-1,0
Unvalidated,2024201400398,2024,201400398,1,19,0,18,4,8,0,2,0,0,0,0,3,1,6,1,-1,-1,-1,-1,-1,-1,-1,-1,-1,0
Unvalidated,2024201400430,2024,201400430,1,9,0,18,2,6,0,0,0,0,0,0,1,1,6,2,-1,-1,-1,-1,-1,-1,-1,-1,-1,0
Unvalidated,2024201400447,2024,201400447,1,9,0,14,6,2,0,1,0,0,0,0,1,1,6,2,-1,-1,-1,-1,-1,-1,-1,-1,-1,0
Unvalidated,2024201400447,2024,201400447,2,9,0,3,2,6,0,1,0,0,0,0,3,1,6,2,38,7,-1,-1,-1,-1,2,1,E01009508,0
Unvalidated,2024201400592,2024,201400592,1,9,0,1,7,3,0,6,0,0,0,0,2,1,6,2,-1,-1,-1,-1,-1,-1,3,1,E01010512,0
Unvalidated,2024201400592,2024,201400592,2,9,0,2,0,0,0,8,0,0,0,0,3,1,6,2,51,8,-1,-1,-1,-1,10,1,E01029665,0
Unvalidated,2024201400633,2024,201400633,1,9,0,9,5,3,0,2,0,0,0,0,1,1,6,2,31,6,-1,-1,-1,-1,4,3,E01029681,0
Unvalidated,2024201400666,2024,201400666,1,9,0,7,7,2,0,6,0,0,0,0,3,1,2,1,26,6,-1,-1,-1,-1,-1,-1,-1,0
Unvalidated,2024201400666,2024,201400666,2,1,0,18,6,2,0,8,1,0,0,0,1,1,2,1,32,6,-1,-1,-1,-1,3,1,E01009930,0
Unvalidated,2024201400724,2024,201400724,1,9,0,7,1,5,0,5,0,0,0,0,4,1,6,2,68,10,-1,-1,-1,-1,1,1,E01010288,0
Unvalidated,2024201400724,2024,201400724,2,1,0,18,1,5,0,8,0,0,0,0,1,1,5,1,56,9,-1,-1,-1,-1,2,1,E01010277,0
Unvalidated,2024201400725,2024,201400725,1,9,0,18,4,8,0,0,0,0,0,0,1,1,6,1,-1,-1,-1,-1,-1,-1,-1,-1,-1,0
Unvalidated,2024201400725,2024,201400725,2,9,0,18,4,8,0,0,0,0,0,0,2,1,6,2,36,7,-1,-1,-1,-1,1,1,E01014237,0
Unvalidated,2024201400864,2024,201400864,1,9,0,7,8,4,0,5,0,0,0,0,4,1,6,1,30,6,-1,-1,-1,-1,-1,-1,-1,0
Unvalidated,2024201400864,2024,201400864,2,9,0,18,2,6,0,8,0,0,0,0,1,1,6,1,25,5,-1,-1,-1,-1,3,1,E01009887,0
Unvalidated,2024201400868,2024,201400868,1,9,0,5,4,8,0,0,0,4,0,0,1,1,6,3,40,7,-1,-1,-1,-1,-1,-1,-1,0
Unvalidated,2024201400868,2024,201400868,2,9,0,2,0,0,0,0,0,0,0,0,2,1,6,2,37,7,-1,-1,-1,-1,2,1,E01032435,0
Unvalidated,2024201400894,2024,201400894,1,97,0,18,1,1,9,0,0,0,0,0,1,1,6,3,20,4,-1,-1,-1,-1,-1,-1,-1,0
Unvalidated,2024201400906,2024,201400906,1,9,0,18,2,6,0,1,1,0,0,0,4,1,6,3,-1,-1,-1,-1,-1,-1,-1,-1,-1,0
Unvalidated,2024201400906,2024,201400906,2,9,0,10,2,6,0,1,0,0,0,0,2,1,6,2,60,9,-1,-1,-1,-1,8,1,E01009794,0
Unvalidated,2024201400912,2024,201400912,1,9,0,11,4,8,0,8,0,0,0,0,1,1,6,1,-1,-1,-1,-1,-1,-1,-1,-1,-1,0
Unvalidated,2024201400912,2024,201400912,2,9,0,18,4,8,0,8,0,0,0,0,2,1,6,2,32,6,-1,-1,-1,-1,5,1,E01009008,0
Unvalidated,2024201400937,2024,201400937,1,19,0,12,2,6,0,0,0,0,0,0,3,1,6,1,57,9,-1,-1,-1,-1,1,1,E01009571,0
Unvalidated,2024201400937,2024,201400937,2,9,0,5,2,6,0,0,0,0,0,0,1,1,6,1,67,10,-1,-1,-1,-1,2,1,E01009609,0
Unvalidated,2024201400943,2024,201400943,1,9,0,18,4,8,0,2,0,0,0,0,1,1,6,1,-1,-1,-1,-1,-1,-1,-1,-1,-1,0
Unvalidated,2024201400943,2024,201400943,2,9,0,4,6,8,0,8,0,0,0,0,2,1,6,1,24,5,-1,-1,-1,-1,1,1,E01009397,0
Unvalidated,2024201401055,2024,201401055,1,9,0,13,8,4,0,0,0,0,0,0,3,1,6,3,30,6,-1,-1,-1,-1,-1,-1,-1,0
Unvalidated,2024201401055,2024,201401055,2,9,0,18,8,4,0,0,0,0,0,0,4,1,5,1,54,8,-1,-1,-1,-1,1,1,E01009198,0
Unvalidated,2024201401079,2024,201401079,1,9,0,18,2,6,0,0,0,0,0,0,1,1,5,1,29,6,-1,-1,-1,-1,1,1,E01009410,0
Unvalidated,2024201401079,2024,201401079,2,9,0,18,6,2,0,0,0,0,0,0,1,1,5,1,59,9,-1,-1,-1,-1,2,1,E01014115,0
Unvalidated,2024201401079,2024,201401079,3,9,0,18,6,2,0,0,0,0,0,0,1,1,5,2,36,7,-1,-1,-1,-1,3,1,E01009001,0
Unvalidated,2024201401203,2024,201401203,1,9,0,18,4,4,0,6,0,0,0,0,4,1,6,2,-1,-1,-1,-1,-1,-1,-1,-1,-1,0
Unvalidated,2024201401203,2024,201401203,2,1,0,18,6,2,0,8,0,0,0,0,3,1,1,1,29,6,-1,-1,-1,-1,1,1,E01010410,0
Unvalidated,2024201401212,2024,201401212,1,9,0,12,2,6,0,8,0,0,0,0,1,1,6,1,-1,-1,-1,-1,-1,-1,-1,-1,-1,0
Unvalidated,2024201401212,2024,201401212,2,9,0,18,2,6,0,2,0,0,0,0,4,1,5,1,53,8,-1,-1,-1,-1,4,1,E01008961,0
Unvalidated,2024201401354,2024,201401354,1,8,0,5,4,8,0,0,0,0,0,0,4,1,1,1,39,7,-1,-1,-1,-1,2,1,E01009508,0
Unvalidated,2024201401359,2024,201401359,1,9,0,7,7,1,0,6,0,0,0,0,1,1,6,1,-1,-1,-1,-1,-1,-1,-1,-1,-1,0
Unvalidated,2024201401359,2024,201401359,2,9,0,18,5,1,0,8,0,0,0,0,1,1,6,2,39,7,-1,-1,-1,-1,2,1,E01010010,0
Unvalidated,2024201401366,2024,201401366,1,9,0,18,2,6,0,0,0,0,0,0,1,1,2,2,25,5,-1,-1,-1,-1,-1,-1,-1,0
Unvalidated,2024201401366,2024,201401366,2,9,0,18,1,1,0,0,0,0,0,0,2,1,6,1,53,8,-1,-1,-1,-1,-1,-1,-1,0
Unvalidated,2024201401727,2024,201401727,1,9,0,2,0,0,0,0,0,0,0,0,3,1,6,2,31,6,-1,-1,-1,-1,4,1,E01009970,0
Unvalidated,2024201401727,2024,201401727,2,9,0,18,3,7,0,0,0,4,0,0,4,1,6,3,-1,-1,-1,-1,-1,-1,-1,-1,-1,0
Unvalidated,2024201401740,2024,201401740,1,8,0,18,5,1,0,1,0,0,0,0,2,1,6,1,-1,-1,-1,-1,-1,-1,-1,-1,-1,0
Unvalidated,2024201401740,2024,201401740,2,8,0,4,5,1,0,4,0,0,0,0,0,1,1,1,-1,-1,-1,-1,-1,-1,-1,-1,-1,0
Unvalidated,2024201401800,2024,201401800,1,9,0,18,1,5,6,7,0,0,0,0,1,1,6,2,-1,-1,-1,-1,-1,-1,-1,-1,-1,0
Unvalidated,2024201401800,2024,201401800,2,9,0,18,7,1,0,8,1,0,0,0,4,1,1,1,25,5,-1,-1,-1,-1,1,1,E01033639,0
Unvalidated,2024201401805,2024,201401805,1,9,0,18,6,2,0,8,0,0,0,0,1,1,6,3,25,5,-1,-1,-1,-1,-1,-1,-1,0
Unvalidated,2024201401805,2024,201401805,2,9,0,10,3,5,0,1,0,0,0,0,2,1,1,1,25,5,-1,-1,-1,-1,-1,-1,-1,0
Unvalidated,2024201401998,2024,201401998,1,21,0,12,7,3,0,0,0,7,4,10,1,1,1,1,43,7,-1,-1,-1,-1,2,1,E01010500,0
Unvalidated,2024201401998,2024,201401998,2,21,1,3,7,3,0,0,0,0,0,0,2,1,1,1,48,8,-1,-1,-1,-1,3,1,E01009941,0
Unvalidated,2024201402051,2024,201402051,1,9,0,18,4,8,0,6,0,0,0,0,1,1,5,3,-1,-1,-1,-1,-1,-1,-1,-1,-1,0
Unvalidated,2024201402173,2024,201402173,1,9,0,18,7,3,0,8,0,0,0,0,1,1,6,1,-1,-1,-1,-1,-1,-1,-1,-1,-1,0
Unvalidated,2024201402173,2024,201402173,2,1,0,9,7,5,0,5,0,0,0,0,1,1,6,1,60,9,-1,-1,-1,-1,2,1,E01010449,0
Unvalidated,2024201402531,2024,201402531,1,9,0,18,3,7,0,0,0,0,0,0,1,1,6,3,40,7,-1,-1,-1,-1,-1,-1,-1,0
Unvalidated,2024201402531,2024,201402531,2,9,0,18,3,7,0,0,0,0,0,0,2,1,6,1,51,8,-1,-1,-1,-1,2,1,E01010047,0
Unvalidated,2024201402616,2024,201402616,1,9,0,18,5,1,0,0,0,0,0,0,3,1,6,3,50,8,-1,-1,-1,-1,-1,-1,-1,0
Unvalidated,2024201402659,2024,201402659,1,9,0,5,5,1,0,2,0,0,0,0,3,1,6,3,50,8,-1,-1,-1,-1,-1,-1,-1,0
Unvalidated,2024201402659,2024,201402659,2,9,0,10,4,2,0,1,0,0,0,0,4,1,1,2,32,6,-1,-1,-1,-1,10,1,E01009436,0
Unvalidated,2024201402675,2024,201402675,1,9,0,18,4,8,0,1,0,0,0,0,1,1,6,3,-1,-1,-1,-1,-1,-1,-1,-1,-1,0
Unvalidated,2024201402675,2024,201402675,2,9,0,3,4,8,0,1,0,0,0,0,2,1,5,1,24,5,-1,-1,-1,-1,1,1,E01009358,0
Unvalidated,2024201402967,2024,201402967,1,9,0,5,4,8,0,8,0,0,0,0,3,1,6,1,50,8,-1,-1,-1,-1,1,1,E01009700,0
Unvalidated,2024201402967,2024,201402967,2,1,0,18,6,2,0,8,0,0,0,0,4,1,2,1,50,8,-1,-1,-1,-1,1,1,E01009579,0
Unvalidated,2024201403139,2024,201403139,1,9,0,5,6,2,0,1,0,0,0,0,1,1,5,1,85,11,-1,-1,-1,-1,3,1,E01009956,0
Unvalidated,2024201403158,2024,201403158,1,9,0,4,3,7,0,0,0,0,0,0,1,1,6,2,19,4,-1,-1,-1,-1,5,2,W01000361,0
Unvalidated,2024201403158,2024,201403158,2,9,0,4,3,7,0,0,0,0,0,0,2,1,6,1,33,6,-1,-1,-1,-1,1,1,E01009399,0
Unvalidated,2024201403158,2024,201403158,3,9,0,4,3,7,0,0,0,0,0,0,2,1,2,1,46,8,-1,-1,-1,-1,5,1,E01009235,0
Unvalidated,2024201403279,2024,201403279,1,9,0,5,6,5,0,0,0,0,0,0,3,1,6,2,21,5,-1,-1,-1,-1,4,1,E01010100,0
Unvalidated,2024201403279,2024,201403279,2,3,0,18,1,5,0,0,0,0,0,0,4,1,6,1,43,7,-1,-1,-1,-1,2,1,E01009980,0
Unvalidated,2024201403397,2024,201403397,1,8,0,18,3,7,0,0,0,0,0,0,1,1,6,1,45,7,-1,-1,-1,-1,4,1,E01009089,0
Unvalidated,2024201403478,2024,201403478,1,9,0,16,3,7,0,3,0,0,0,0,4,1,5,2,40,7,-1,-1,-1,-1,-1,-1,-1,0
Unvalidated,2024201403478,2024,201403478,2,9,0,18,5,1,0,8,0,0,0,0,1,1,6,3,-1,-1,-1,-1,-1,-1,-1,-1,-1,0
Unvalidated,2024201403535,2024,201403535,1,9,0,18,7,3,0,0,0,0,0,0,1,1,6,3,-1,-1,-1,-1,-1,-1,-1,-1,-1,0
Unvalidated,2024201403712,2024,201403712,1,9,0,18,4,8,0,4,0,0,0,0,1,1,6,1,74,10,-1,-1,-1,-1,1,1,E01010037,0
Unvalidated,2024201403712,2024,201403712,2,9,0,18,4,8,0,1,0,0,0,0,2,1,6,1,-1,-1,-1,-1,-1,-1,-1,-1,-1,0
Unvalidated,2024201403712,2024,201403712,3,9,0,18,4,8,0,1,0,0,0,0,1,1,6,3,-1,-1,-1,-1,-1,-1,-1,-1,-1,0
Unvalidated,2024201403739,2024,201403739,1,9,0,1,3,7,0,0,0,0,0,0,2,1,5,1,72,10,-1,-1,-1,-1,2,1,E01010470,0
Unvalidated,2024201403769,2024,201403769,1,9,0,6,3,3,0,2,0,0,0,0,4,1,5,1,25,5,-1,-1,-1,-1,2,1,E01012217,0
Unvalidated,2024201403769,2024,201403769,2,9,0,18,3,3,0,8,0,0,0,0,1,1,5,1,32,6,-1,-1,-1,-1,3,1,E01009624,0
Unvalidated,2024201403776,2024,201403776,1,9,0,18,7,5,0,7,0,0,0,0,1,1,6,2,20,4,-1,-1,-1,-1,-1,-1,-1,0
Unvalidated,2024201403776,2024,201403776,2,9,0,18,5,1,0,1,0,0,0,0,4,1,3,1,55,8,-1,-1,-1,-1,1,1,E01009376,0
Unvalidated,2024201403815,2024,201403815,1,9,0,18,8,4,0,0,1,0,0,0,1,1,5,1,-1,-1,-1,-1,-1,-1,-1,-1,-1,0
Unvalidated,2024201403815,2024,201403815,2,9,0,11,8,4,0,0,1,0,0,0,2,1,1,2,55,8,-1,-1,-1,-1,5,1,E01009779,0
Unvalidated,2024201403815,2024,201403815,3,9,0,18,4,8,0,0,1,0,0,0,1,1,1,2,51,8,-1,-1,-1,-1,1,1,E01008896,0
Unvalidated,2024201403815,2024,201403815,4,9,0,18,4,8,0,0,1,0,0,0,2,1,1,1,73,10,-1,-1,-1,-1,2,1,E01033627,0
Unvalidated,2024201403815,2024,201403815,5,9,0,18,4,8,0,0,1,0,0,0,1,1,5,1,48,8,-1,-1,-1,-1,3,1,E01009138,0
Unvalidated,2024201403917,2024,201403917,1,9,0,17,7,5,0,8,0,0,0,0,4,1,3,2,40,7,-1,-1,-1,-1,2,1,E01010101,0
Unvalidated,2024201403917,2024,201403917,2,9,0,9,3,1,0,6,0,0,0,0,3,1,6,3,30,6,-1,-1,-1,-1,-1,-1,-1,0
Unvalidated,2024201403956,2024,201403956,1,9,0,18,4,8,0,0,0,0,0,0,1,1,6,1,-1,-1,-1,-1,-1,-1,-1,-1,-1,0
Unvalidated,2024201403956,2024,201403956,2,9,0,3,4,6,0,0,0,0,0,0,2,1,6,1,-1,-1,-1,-1,-1,-1,1,1,E01009476,0
Unvalidated,2024201403993,2024,201403993,1,9,0,5,2,6,0,0,0,4,0,0,1,1,6,1,65,9,-1,-1,-1,-1,-1,-1,-1,0
Unvalidated,2024201403993,2024,201403993,2,9,0,2,0,0,0,0,0,0,0,0,2,1,5,1,39,7,-1,-1,-1,-1,-1,-1,-1,0
Unvalidated,2024201403993,2024,201403993,3,19,0,2,0,0,0,0,0,0,0,0,2,1,5,1,58,9,-1,-1,-1,-1,-1,-1,-1,0
Unvalidated,2024201404007,2024,201404007,1,9,0,18,5,1,0,0,0,0,0,0,4,1,6,3,-1,-1,-1,-1,-1,-1,-1,-1,-1,0
Unvalidated,2024201404022,2024,201404022,1,9,0,5,4,8,0,1,0,0,0,0,1,1,6,1,33,6,-1,-1,-1,-1,1,1,E01009476,0
Unvalidated,2024201404022,2024,201404022,2,9,0,18,4,8,0,1,0,0,0,0,2,1,6,3,-1,-1,-1,-1,-1,-1,-1,-1,-1,0
Unvalidated,2024201404135,2024,201404135,1,9,0,18,1,5,0,0,0,0,0,0,1,1,6,1,23,5,-1,-1,-1,-1,1,1,E01010473,0
Unvalidated,2024201404163,2024,201404163,1,9,0,13,8,4,0,0,0,0,0,0,4,1,6,1,39,7,-1,-1,-1,-1,2,1,E01009017,0
Unvalidated,2024201404163,2024,201404163,2,9,0,5,8,4,0,0,0,0,0,0,3,1,6,2,28,6,-1,-1,-1,-1,3,1,E01008890,0
Unvalidated,2024201404169,2024,201404169,1,9,0,9,2,8,0,5,0,0,0,0,4,1,2,1,28,6,-1,-1,-1,-1,2,1,E01009098,0
Unvalidated,2024201404214,2024,201404214,1,9,0,9,3,1,0,0,0,0,0,0,1,1,3,2,41,7,-1,-1,-1,-1,3,1,E01009655,0
Unvalidated,2024201404242,2024,201404242,1,9,0,18,3,8,0,1,0,0,0,0,1,1,5,1,30,6,-1,-1,-1,-1,2,1,E01009028,0
Unvalidated,2024201404242,2024,201404242,2,9,0,18,3,8,0,1,0,0,0,0,2,1,5,2,26,6,-1,-1,-1,-1,8,1,E01010151,0
Unvalidated,2024201404302,2024,201404302,1,9,0,18,6,2,0,1,1,0,0,0,1,1,5,1,-1,-1,-1,-1,-1,-1,-1,-1,-1,0
Unvalidated,2024201404387,2024,201404387,1,9,0,18,5,8,0,8,0,0,0,0,3,1,6,3,-1,-1,-1,-1,-1,-1,-1,-1,-1,0
Unvalidated,2024201404387,2024,201404387,2,9,0,18,5,8,0,8,1,0,0,0,4,1,6,1,52,8,-1,-1,-1,-1,1,1,E01010481,0
Unvalidated,2024201404391,2024,201404391,1,9,0,9,6,4,0,6,0,0,0,0,1,1,5,1,26,6,-1,-1,-1,-1,1,1,E01009382,0
Unvalidated,2024201404391,2024,201404391,2,1,0,18,8,4,0,8,0,0,0,0,1,1,5,1,30,6,-1,-1,-1,-1,6,1,E01010023,0
Unvalidated,2024201404463,2024,201404463,1,9,0,18,5,1,0,6,0,0,0,0,1,1,6,1,24,5,-1,-1,-1,-1,-1,-1,-1,0
Unvalidated,2024201404464,2024,201404464,1,9,0,5,1,5,0,8,0,0,0,0,4,1,6,3,-1,-1,-1,-1,-1,-1,-1,-1,-1,0
Unvalidated,2024201404464,2024,201404464,2,9,0,18,4,8,0,2,0,0,0,0,1,1,5,2,50,8,-1,-1,-1,-1,10,1,E01010386,0
Unvalidated,2024201404476,2024,201404476,1,9,0,18,2,4,0,5,0,0,0,0,1,1,6,2,-1,-1,-1,-1,-1,-1,-1,-1,-1,0
Unvalidated,2024201404754,2024,201404754,1,9,0,1,7,3,0,2,0,0,0,0,2,1,6,1,-1,-1,-1,-1,-1,-1,-1,-1,-1,0
Unvalidated,2024201404775,2024,201404775,1,9,0,9,1,7,0,6,0,0,0,0,1,1,6,3,-1,-1,-1,-1,-1,-1,-1,-1,-1,0
Unvalidated,2024201404775,2024,201404775,2,9,0,18,3,7,0,8,0,0,0,0,1,1,5,1,26,6,-1,-1,-1,-1,1,1,E01009952,0
Unvalidated,2024201404830,2024,201404830,1,9,0,18,3,7,0,0,0,0,0,0,1,1,6,1,-1,-1,-1,-1,-1,-1,-1,-1,-1,0
Unvalidated,2024201404830,2024,201404830,2,9,0,3,3,7,0,0,0,0,0,0,2,1,1,1,56,9,-1,-1,-1,-1,1,1,E01009299,0
Unvalidated,2024201404838,2024,201404838,1,9,0,15,3,7,0,0,0,0,0,0,1,1,6,3,-1,-1,-1,-1,-1,-1,-1,-1,-1,0
Unvalidated,2024201404920,2024,201404920,1,9,0,9,7,7,0,5,0,0,0,0,1,1,6,1,49,8,-1,-1,-1,-1,-1,-1,-1,0
Unvalidated,2024201405202,2024,201405202,1,9,0,9,7,5,0,5,0,0,0,0,1,1,6,1,-1,-1,-1,-1,-1,-1,-1,-1,-1,0
Unvalidated,2024201405202,2024,201405202,2,9,0,18,3,7,0,8,0,0,0,0,3,1,5,2,23,5,-1,-1,-1,-1,-1,-1,-1,0
Unvalidated,2024201405208,2024,201405208,1,9,0,9,8,4,0,6,0,0,0,0,1,1,6,3,16,4,-1,-1,-1,-1,-1,-1,-1,0
Unvalidated,2024201405208,2024,201405208,2,1,0,18,3,6,0,8,0,0,0,0,1,1,1,1,56,9,-1,-1,-1,-1,2,1,E01010028,0
Unvalidated,2024201405304,2024,201405304,1,9,0,18,6,2,0,0,0,0,0,0,3,1,6,1,-1,-1,-1,-1,-1,-1,1,1,E01009409,0
Unvalidated,2024201405305,2024,201405305,1,9,0,4,6,8,0,0,0,0,0,0,2,1,6,1,80,11,-1,-1,-1,-1,6,1,E01009676,0
Unvalidated,2024201405305,2024,201405305,2,9,0,18,4,8,0,0,0,0,0,0,1,1,5,2,88,11,-1,-1,-1,-1,8,1,E01009665,0
Unvalidated,2024201405420,2024,201405420,1,9,0,9,8,6,0,6,0,0,0,0,1,1,6,2,35,6,-1,-1,-1,-1,-1,-1,-1,0
Unvalidated,2024201405420,2024,201405420,2,9,0,10,2,8,0,8,0,0,0,0,3,1,3,2,27,6,-1,-1,-1,-1,4,1,E01009835,0
Unvalidated,2024201405475,2024,201405475,1,9,0,18,7,1,0,5,0,0,0,0,1,1,6,1,-1,-1,-1,-1,-1,-1,-1,-1,-1,0
Unvalidated,2024201405504,2024,201405504,1,9,0,18,6,2,0,2,0,0,0,0,1,1,6,1,33,6,-1,-1,-1,-1,4,1,E01010002,0
Unvalidated,2024201405504,2024,201405504,2,9,0,3,4,8,0,2,0,0,0,0,2,1,2,2,47,8,-1,-1,-1,-1,2,1,E01009495,0
Unvalidated,2024201405525,2024,201405525,1,9,0,6,8,6,0,0,0,0,0,0,1,1,2,2,46,8,-1,-1,-1,-1,2,1,E01010279,0
Unvalidated,2024201405525,2024,201405525,2,1,0,18,8,4,0,0,0,0,0,0,4,1,6,1,45,7,-1,-1,-1,-1,1,1,E01009124,0
Unvalidated,2024201405532,2024,201405532,1,19,0,1,8,4,0,0,0,0,0,0,2,1,1,2,-1,-1,-1,-1,-1,-1,-1,-1,-1,0
Unvalidated,2024201405532,2024,201405532,2,9,0,3,4,8,0,0,1,0,0,0,1,1,5,2,28,6,-1,-1,-1,-1,5,1,E01009280,0
Unvalidated,2024201405550,2024,201405550,1,9,0,18,5,1,0,0,0,10,1,0,2,1,6,1,19,4,-1,-1,-1,-1,4,1,E01009766,0
Unvalidated,2024201405598,2024,201405598,1,9,0,18,8,4,0,5,0,0,0,0,1,1,1,1,40,7,-1,-1,-1,-1,10,1,E01010384,0
Unvalidated,2024201405666,2024,201405666,1,9,0,9,8,4,0,5,0,0,0,0,1,1,6,2,47,8,-1,-1,-1,-1,3,1,E01009930,0
Unvalidated,2024201405666,2024,201405666,2,1,0,18,6,2,0,8,0,0,0,0,1,1,1,1,47,8,-1,-1,-1,-1,3,1,E01008950,0
Unvalidated,2024201405699,2024,201405699,1,9,0,18,0,0,0,1,0,10,0,0,3,1,5,1,44,7,-1,-1,-1,-1,10,1,E01032140,0
Unvalidated,2024201405699,2024,201405699,2,9,0,18,0,0,0,1,0,0,0,0,1,1,5,1,36,7,-1,-1,-1,-1,3,1,E01009857,0
Unvalidated,2024201405777,2024,201405777,1,3,0,7,7,1,0,6,1,4,0,0,4,1,5,3,-1,-1,-1,-1,-1,-1,-1,-1,-1,0
Unvalidated,2024201405777,2024,201405777,2,9,0,2,0,0,0,1,0,0,0,0,1,1,6,3,-1,-1,-1,-1,-1,-1,-1,-1,-1,0
Unvalidated,2024201405777,2024,201405777,3,9,0,1,5,1,0,1,0,0,0,0,2,1,1,1,-1,-1,-1,-1,-1,-1,-1,-1,-1,0
Unvalidated,2024201405777,2024,201405777,4,9,0,2,0,0,0,1,0,0,0,0,1,1,1,1,-1,-1,-1,-1,-1,-1,2,1,E01009642,0
Unvalidated,2024201405887,2024,201405887,1,19,0,18,6,2,0,8,0,0,0,0,4,1,1,1,18,4,-1,-1,-1,-1,-1,-1,-1,0
Unvalidated,2024201405887,2024,201405887,2,9,0,18,7,3,0,8,0,0,0,0,4,1,5,1,34,6,-1,-1,-1,-1,1,1,E01010039,0
Unvalidated,2024201405965,2024,201405965,1,9,0,18,7,3,0,1,0,0,0,0,1,1,6,2,51,8,-1,-1,-1,-1,2,1,E01009656,0
Unvalidated,2024201406088,2024,201406088,1,9,0,18,4,8,0,0,0,0,0,0,1,1,6,3,-1,-1,-1,-1,-1,-1,-1,-1,-1,0
Unvalidated,2024201406101,2024,201406101,1,9,0,18,2,6,0,0,0,0,0,0,3,1,6,3,-1,-1,-1,-1,-1,-1,-1,-1,-1,0
Unvalidated,2024201406119,2024,201406119,1,11,0,18,3,7,0,0,0,0,0,0,4,1,6,3,-1,-1,-1,-1,-1,-1,-1,-1,-1,0
Unvalidated,2024201406119,2024,201406119,2,9,0,12,3,7,0,0,0,0,0,0,3,1,6,2,80,11,-1,-1,-1,-1,5,1,E01009561,0
Unvalidated,2024201406143,2024,201406143,1,9,0,18,2,6,0,0,0,0,0,0,1,1,6,1,20,4,-1,-1,-1,-1,-1,-1,-1,0
Unvalidated,2024201406152,2024,201406152,1,9,0,18,8,4,0,4,0,0,0,0,1,1,6,1,-1,-1,-1,-1,-1,-1,-1,-1,-1,0
Unvalidated,2024201406152,2024,201406152,2,9,0,3,8,4,0,3,0,0,0,0,2,1,1,1,51,8,-1,-1,-1,-1,3,1,E01009140,0
Unvalidated,2024201406167,2024,201406167,1,8,0,18,1,2,0,0,0,0,0,0,1,1,1,1,62,9,-1,-1,-1,-1,3,1,E01009967,0
Unvalidated,2024201406268,2024,201406268,1,90,0,18,8,4,0,2,0,0,0,0,1,1,3,1,15,3,-1,-1,-1,-1,1,1,E01009132,1
Unvalidated,2024201406268,2024,201406268,2,9,0,18,6,2,0,1,1,0,0,0,1,1,1,1,23,5,-1,-1,-1,-1,1,1,E01009401,0
Unvalidated,2024201406297,2024,201406297,1,98,0,18,4,8,0,1,0,0,0,0,1,1,6,1,-1,-1,-1,-1,-1,-1,-1,-1,-1,0
Unvalidated,2024201406302,2024,201406302,1,9,0,7,8,3,0,1,0,0,0,0,1,1,2,1,41,7,-1,-1,-1,-1,1,1,E01009400,0
Unvalidated,2024201406366,2024,201406366,1,9,0,10,5,3,0,8,0,0,0,0,2,1,6,1,43,7,-1,-1,-1,-1,1,1,E01009270,0
Unvalidated,2024201406366,2024,201406366,2,9,0,3,4,1,0,1,0,0,0,0,1,1,6,1,-1,-1,-1,-1,-1,-1,-1,-1,-1,0
Unvalidated,2024201406433,2024,201406433,1,4,0,13,1,5,0,8,0,10,7,0,1,1,5,1,34,6,-1,-1,-1,-1,1,1,E01009762,0
Unvalidated,2024201406433,2024,201406433,2,9,0,9,1,7,0,5,0,10,7,0,3,1,5,1,30,6,-1,-1,-1,-1,3,1,E01029387,0
Unvalidated,2024201406460,2024,201406460,1,9,0,18,1,5,0,4,0,0,0,0,1,1,6,1,30,6,-1,-1,-1,-1,-1,-1,-1,0
Unvalidated,2024201406668,2024,201406668,1,9,0,5,6,2,0,1,0,0,0,0,1,1,6,2,20,4,-1,-1,-1,-1,-1,-1,-1,0
Unvalidated,2024201406668,2024,201406668,2,4,0,8,6,2,0,1,0,0,0,0,2,1,6,1,31,6,-1,-1,-1,-1,8,1,E01009530,0
Unvalidated,2024201406788,2024,201406788,1,90,0,15,8,4,0,1,0,0,0,0,1,1,6,1,58,9,-1,-1,-1,-1,-1,-1,-1,0
Unvalidated,2024201406805,2024,201406805,1,9,0,3,6,2,0,0,0,0,0,0,1,1,6,1,42,7,-1,-1,-1,-1,-1,-1,-1,0
Unvalidated,2024201406805,2024,201406805,2,9,0,18,6,2,0,0,0,0,0,0,2,1,6,1,40,7,-1,-1,-1,-1,-1,-1,-1,0
Unvalidated,2024201406825,2024,201406825,1,9,0,18,8,4,0,1,0,0,0,0,1,1,6,1,-1,-1,-1,-1,-1,-1,-1,-1,-1,0
Unvalidated,2024201406906,2024,201406906,1,9,0,3,8,4,0,0,0,0,0,0,1,1,6,3,-1,-1,-1,-1,-1,-1,-1,-1,-1,0