status,collision_index,collision_year,collision_reference,vehicle_reference,vehicle_type,towing_and_articulation,vehicle_manoeuvre,vehicle_direction_from,vehicle_direction_to,vehicle_location_restricted_lane,junction_location,skidding_and_overturning,hit_object_in_carriageway,vehicle_leaving_carriageway,hit_object_off_carriageway,first_point_of_impact,vehicle_left_hand_drive,journey_purpose_of_driver,sex_of_driver,age_of_driver,age_band_of_driver,engine_capacity_cc,propulsion_code,age_of_vehicle,generic_make_model,driver_imd_decile,driver_home_area_type,lsoa_of_driver,escooter_flag
Unvalidated,2024201406922,2024,201406922,1,9,0,9,4,2,0,8,0,0,0,0,1,1,6,3,-1,-1,-1,-1,-1,-1,-1,-1,-1,0
Unvalidated,2024201406922,2024,201406922,2,9,0,7,2,4,0,5,0,0,0,0,3,1,6,1,26,6,-1,-1,-1,-1,4,1,E01009162,0
Unvalidated,2024201406944,2024,201406944,1,9,0,3,2,6,0,1,0,0,0,0,4,1,1,1,68,10,-1,-1,-1,-1,-1,-1,-1,0
Unvalidated,2024201406944,2024,201406944,2,1,0,3,2,4,0,2,0,0,0,0,1,1,6,1,27,6,-1,-1,-1,-1,-1,-1,-1,0
Unvalidated,2024201406954,2024,201406954,1,9,0,18,6,2,0,0,0,0,0,0,4,1,1,1,49,8,-1,-1,-1,-1,1,1,E01009886,0
Unvalidated,2024201407047,2024,201407047,1,9,0,5,-1,-1,0,2,0,0,0,0,1,1,5,1,35,6,-1,-1,-1,-1,3,1,E01009862,0
Unvalidated,2024201407047,2024,201407047,2,9,0,5,-1,-1,0,1,0,0,1,0,1,1,5,1,20,4,-1,-1,-1,-1,10,1,E01009807,0
Unvalidated,2024201407068,2024,201407068,1,11,0,3,2,5,2,0,0,0,0,0,0,1,1,1,-1,-1,-1,-1,-1,-1,-1,-1,-1,0
Unvalidated,2024201407071,2024,201407071,1,9,0,1,2,6,9,0,0,0,0,0,2,1,5,2,88,11,-1,-1,-1,-1,5,1,E01009939,0
Unvalidated,2024201407071,2024,201407071,2,9,0,2,0,0,0,0,0,0,0,0,2,1,6,1,35,6,-1,-1,-1,-1,5,1,E01009939,0
Unvalidated,2024201407071,2024,201407071,3,9,0,2,0,0,9,0,0,0,0,0,2,1,6,1,29,6,-1,-1,-1,-1,1,1,E01010061,0
Unvalidated,2024201407072,2024,201407072,1,9,0,18,4,8,0,4,0,0,0,0,1,1,6,3,18,4,-1,-1,-1,-1,-1,-1,-1,0
Unvalidated,2024201407072,2024,201407072,2,3,0,18,2,6,0,4,0,0,0,0,4,1,5,1,25,5,-1,-1,-1,-1,1,1,E01010527,0
Unvalidated,2024201407115,2024,201407115,1,-1,0,18,7,3,0,0,0,0,0,0,1,1,6,3,-1,-1,-1,-1,-1,-1,-1,-1,-1,0
Unvalidated,2024201407121,2024,201407121,1,9,-1,-1,-1,-1,-1,0,-1,-1,-1,0,-1,1,6,2,62,9,-1,-1,-1,-1,10,1,E01031225,0
Unvalidated,2024201407143,2024,201407143,1,9,0,18,1,5,0,1,0,0,0,0,1,1,2,2,43,7,-1,-1,-1,-1,6,1,E01010469,0
Unvalidated,2024201407181,2024,201407181,1,9,0,18,2,6,0,0,0,0,0,0,1,1,5,2,50,8,-1,-1,-1,-1,7,1,E01009446,0
Unvalidated,2024201407205,2024,201407205,1,9,0,1,6,2,0,0,0,4,0,0,2,1,6,1,25,5,-1,-1,-1,-1,-1,-1,-1,0
Unvalidated,2024201407205,2024,201407205,2,9,0,2,0,0,0,0,0,0,0,0,1,1,5,1,71,10,-1,-1,-1,-1,2,1,E01010019,0
Unvalidated,2024201407213,2024,201407213,1,9,0,18,4,8,0,2,0,0,0,0,4,1,5,1,49,8,-1,-1,-1,-1,3,1,E01009620,0
Unvalidated,2024201407217,2024,201407217,1,9,0,18,1,5,0,0,0,0,0,0,1,1,6,2,37,7,-1,-1,-1,-1,5,1,E01009527,0
Unvalidated,2024201407217,2024,201407217,2,9,0,4,1,5,0,0,0,0,0,0,2,1,5,1,36,7,-1,-1,-1,-1,-1,-1,-1,0
Unvalidated,2024201407219,2024,201407219,1,9,0,18,2,6,0,1,0,0,0,0,1,1,6,2,-1,-1,-1,-1,-1,-1,-1,-1,-1,0
Unvalidated,2024201407219,2024,201407219,2,9,0,3,2,6,0,1,0,0,0,0,2,1,1,2,51,8,-1,-1,-1,-1,4,1,E01010324,0
Unvalidated,2024201407222,2024,201407222,1,9,0,18,2,6,0,0,0,4,0,0,1,1,1,1,37,7,-1,-1,-1,-1,5,1,E01008974,0
Unvalidated,2024201407222,2024,201407222,2,9,0,2,0,0,0,0,0,0,0,0,2,1,1,1,28,6,-1,-1,-1,-1,5,1,E01008974,0
Unvalidated,2024201407259,2024,201407259,1,9,0,3,6,6,0,0,0,0,0,0,1,1,6,1,-1,-1,-1,-1,-1,-1,-1,-1,-1,0
Unvalidated,2024201407259,2024,201407259,2,19,0,3,1,6,0,0,0,0,0,0,2,1,1,1,49,8,-1,-1,-1,-1,4,1,E01009715,0
Unvalidated,2024201407263,2024,201407263,1,9,0,18,4,8,0,8,0,0,0,0,3,1,6,3,-1,-1,-1,-1,-1,-1,-1,-1,-1,0
Unvalidated,2024201407263,2024,201407263,2,9,0,18,2,6,0,8,0,0,0,0,1,1,6,2,30,6,-1,-1,-1,-1,1,1,E01009152,0
Unvalidated,2024201407263,2024,201407263,3,9,0,18,6,2,0,8,0,0,0,0,1,1,6,1,51,8,-1,-1,-1,-1,5,1,E01009926,0
Unvalidated,2024201407296,2024,201407296,1,9,0,18,2,6,0,8,0,0,0,0,1,1,6,1,-1,-1,-1,-1,-1,-1,-1,-1,-1,0
Unvalidated,2024201407296,2024,201407296,2,9,0,5,2,4,0,4,0,0,0,0,2,1,6,2,57,9,-1,-1,-1,-1,1,1,E01009964,0
Unvalidated,2024201407307,2024,201407307,1,9,0,5,6,2,0,0,0,0,0,0,1,1,6,1,40,7,-1,-1,-1,-1,-1,-1,-1,0
Unvalidated,2024201407307,2024,201407307,2,9,0,5,2,6,0,0,0,0,0,0,1,1,6,2,39,7,-1,-1,-1,-1,1,1,E01009349,0
Unvalidated,2024201407467,2024,201407467,1,8,0,18,8,4,0,1,0,0,0,0,9,1,1,1,52,8,-1,-1,-1,-1,1,1,E01009192,0
Unvalidated,2024201407467,2024,201407467,2,9,9,18,8,4,0,1,0,0,0,0,9,1,6,1,26,6,-1,-1,-1,-1,1,1,E01009378,0
Unvalidated,2024201407472,2024,201407472,1,9,0,18,5,5,0,1,0,0,0,0,3,1,5,1,44,7,-1,-1,-1,-1,7,1,E01009975,0
Unvalidated,2024201407472,2024,201407472,2,9,0,18,2,6,0,8,0,10,4,10,1,1,2,1,52,8,-1,-1,-1,-1,5,1,E01009227,0
Unvalidated,2024201407530,2024,201407530,1,9,0,7,6,8,0,6,0,0,0,0,4,1,5,1,79,11,-1,-1,-1,-1,-1,-1,-1,0
Unvalidated,2024201407530,2024,201407530,2,1,0,5,6,2,0,2,0,0,0,0,3,1,6,1,25,5,-1,-1,-1,-1,-1,-1,-1,0
Unvalidated,2024201407550,2024,201407550,1,9,0,7,3,6,0,6,0,0,0,0,4,1,6,1,85,11,-1,-1,-1,-1,6,1,E01009776,0
Unvalidated,2024201407550,2024,201407550,2,9,0,18,1,5,0,8,0,0,0,0,4,1,6,1,46,8,-1,-1,-1,-1,2,1,E01010533,0
Unvalidated,2024201407579,2024,201407579,1,9,-1,1,1,5,0,1,0,0,0,0,2,1,6,1,-1,-1,-1,-1,-1,-1,-1,-1,-1,0
Unvalidated,2024201407579,2024,201407579,2,9,-1,3,5,1,0,1,0,0,0,0,1,1,5,2,40,7,-1,-1,-1,-1,2,1,E01010449,0
Unvalidated,2024201407579,2024,201407579,3,9,-1,3,5,1,0,1,0,0,0,0,1,1,5,2,60,9,-1,-1,-1,-1,2,1,E01010449,0
Unvalidated,2024201407586,2024,201407586,1,21,0,5,4,7,0,1,0,0,0,0,1,1,1,1,49,8,-1,-1,-1,-1,3,1,E01009763,0
Unvalidated,2024201407586,2024,201407586,2,9,0,3,4,7,0,1,0,0,0,0,2,1,2,1,28,6,-1,-1,-1,-1,1,1,E01010052,0
Unvalidated,2024201407587,2024,201407587,1,9,0,18,6,2,0,1,0,0,0,0,2,1,6,3,18,4,-1,-1,-1,-1,-1,-1,-1,0
Unvalidated,2024201407587,2024,201407587,2,9,0,9,6,5,0,1,0,0,0,0,2,1,1,2,43,7,-1,-1,-1,-1,4,1,E01029354,0
Unvalidated,2024201407589,2024,201407589,1,1,0,18,7,3,0,1,0,0,0,0,1,1,6,1,17,4,-1,-1,-1,-1,-1,-1,-1,0
Unvalidated,2024201407589,2024,201407589,2,9,0,9,3,4,0,8,0,0,0,0,3,1,6,2,45,7,-1,-1,-1,-1,3,1,E01008945,0
Unvalidated,2024201407592,2024,201407592,1,9,0,18,7,3,0,0,0,0,0,0,1,1,6,3,-1,-1,-1,-1,-1,-1,-1,-1,-1,0
Unvalidated,2024201407592,2024,201407592,2,90,0,18,5,1,0,0,0,0,0,0,4,1,6,2,32,6,-1,-1,-1,-1,2,1,E01009650,1
Unvalidated,2024201407651,2024,201407651,1,9,0,9,2,7,0,6,0,0,0,0,1,1,6,1,20,4,-1,-1,-1,-1,9,1,E01009416,0
Unvalidated,2024201407651,2024,201407651,2,19,0,18,5,1,0,1,0,10,1,10,1,1,1,1,49,8,-1,-1,-1,-1,7,1,E01009446,0
Unvalidated,2024201407868,2024,201407868,1,9,0,18,6,2,0,0,0,0,0,0,4,1,1,1,50,8,-1,-1,-1,-1,1,1,E01009401,0
Unvalidated,2024201408034,2024,201408034,1,9,0,9,5,3,0,6,0,0,0,0,3,1,5,1,36,7,-1,-1,-1,-1,1,1,E01009963,0
Unvalidated,2024201408034,2024,201408034,2,9,0,18,3,7,0,1,0,0,0,0,1,1,5,1,43,7,-1,-1,-1,-1,4,1,E01010100,0
Unvalidated,2024201408057,2024,201408057,1,9,0,18,5,1,0,8,0,10,7,2,1,1,5,1,50,8,-1,-1,-1,-1,3,1,E01009857,0
Unvalidated,2024201408057,2024,201408057,2,9,0,9,5,3,0,5,0,0,0,0,4,1,5,1,80,11,-1,-1,-1,-1,7,1,E01010345,0
Unvalidated,2024201408101,2024,201408101,1,9,0,18,6,2,0,0,0,0,0,0,1,1,1,1,19,4,-1,-1,-1,-1,2,1,E01008943,0
Unvalidated,2024201408119,2024,201408119,1,9,0,8,8,2,0,1,0,0,0,0,1,1,6,1,-1,-1,-1,-1,-1,-1,-1,-1,-1,0
Unvalidated,2024201408119,2024,201408119,2,19,0,10,8,6,0,1,0,0,0,0,2,1,1,2,54,8,-1,-1,-1,-1,4,1,E01009249,0
Unvalidated,2024201408307,2024,201408307,1,9,0,18,7,3,0,0,0,0,0,0,4,1,3,2,45,7,-1,-1,-1,-1,1,1,E01008882,0
Unvalidated,2024201408392,2024,201408392,1,9,0,18,7,3,0,0,0,0,0,0,4,1,6,3,-1,-1,-1,-1,-1,-1,-1,-1,-1,0
Unvalidated,2024201408392,2024,201408392,2,9,0,2,7,3,0,0,0,0,0,0,3,1,5,2,46,8,-1,-1,-1,-1,2,1,E01009782,0
Unvalidated,2024201408438,2024,201408438,1,9,-1,4,4,8,0,0,0,0,0,0,1,1,6,3,-1,-1,-1,-1,-1,-1,-1,-1,-1,0
Unvalidated,2024201408438,2024,201408438,2,9,-1,3,0,0,0,0,0,0,0,0,2,1,6,2,32,6,-1,-1,-1,-1,1,1,E01009892,0
Unvalidated,2024201408521,2024,201408521,1,9,0,18,8,2,0,1,0,10,7,1,1,1,6,1,22,5,-1,-1,-1,-1,2,1,E01008939,0
Unvalidated,2024201408536,2024,201408536,1,9,0,1,1,4,9,0,0,0,0,0,2,1,6,1,45,7,-1,-1,-1,-1,-1,-1,-1,0
Unvalidated,2024201408545,2024,201408545,1,9,0,18,5,1,0,1,0,0,0,0,1,1,6,3,40,7,-1,-1,-1,-1,-1,-1,-1,0
Unvalidated,2024201408545,2024,201408545,2,9,0,4,5,1,0,1,0,0,0,0,2,1,6,1,48,8,-1,-1,-1,-1,8,1,E01009506,0
Unvalidated,2024201408562,2024,201408562,1,9,0,18,2,4,0,0,0,0,0,0,1,1,6,1,16,4,-1,-1,-1,-1,-1,-1,-1,0
Unvalidated,2024201408562,2024,201408562,2,9,0,3,1,5,0,0,0,0,0,0,2,1,6,1,36,7,-1,-1,-1,-1,3,1,E01009095,0
Unvalidated,2024201408562,2024,201408562,3,90,0,3,1,5,0,0,0,0,0,0,2,1,1,1,16,4,-1,-1,-1,-1,-1,-1,-1,0
Unvalidated,2024201408638,2024,201408638,1,9,0,18,3,7,0,8,0,0,0,0,3,1,6,1,40,7,-1,-1,-1,-1,-1,-1,-1,0
Unvalidated,2024201408638,2024,201408638,2,9,0,18,1,5,0,8,0,0,0,0,1,1,6,1,33,6,-1,-1,-1,-1,-1,-1,-1,0
Unvalidated,2024201408695,2024,201408695,1,9,0,17,8,5,0,8,0,0,0,0,3,1,2,1,56,9,-1,-1,-1,-1,5,1,E01009654,0
Unvalidated,2024201408721,2024,201408721,1,9,0,7,6,1,2,0,1,10,1,7,1,1,5,1,23,5,-1,-1,-1,-1,3,1,E01010444,0
Unvalidated,2024201408877,2024,201408877,1,8,0,4,1,5,0,0,0,0,0,0,1,1,1,1,30,6,-1,-1,-1,-1,-1,-1,-1,0
Unvalidated,2024201408877,2024,201408877,2,9,0,2,1,5,0,0,0,0,0,0,2,1,6,1,40,7,-1,-1,-1,-1,-1,-1,-1,0
Unvalidated,2024201408897,2024,201408897,1,9,0,1,7,3,9,6,0,0,0,0,2,1,6,2,-1,-1,-1,-1,-1,-1,-1,-1,-1,0
Unvalidated,2024201409116,2024,201409116,1,9,0,18,4,1,0,8,0,0,1,1,1,1,6,2,50,8,-1,-1,-1,-1,9,1,E01010215,0
Unvalidated,2024201409116,2024,201409116,2,9,0,18,4,1,0,8,0,0,0,0,4,1,1,1,25,5,-1,-1,-1,-1,3,1,E01018888,0
Unvalidated,2024201409163,2024,201409163,1,9,0,18,2,6,0,0,0,0,0,0,1,1,6,1,20,4,-1,-1,-1,-1,2,1,E01029824,0
Unvalidated,2024201409173,2024,201409173,1,9,0,18,2,8,0,1,0,0,0,0,1,1,6,1,35,6,-1,-1,-1,-1,2,1,E01009833,0
Unvalidated,2024201409173,2024,201409173,2,9,0,18,6,3,0,1,0,0,0,0,1,1,6,1,20,4,-1,-1,-1,-1,8,1,E01009794,0
Unvalidated,2024201409187,2024,201409187,1,98,0,18,6,2,0,0,0,11,0,0,1,1,6,1,49,8,-1,-1,-1,-1,2,1,E01010102,0
Unvalidated,2024201409381,2024,201409381,1,9,0,18,3,7,0,8,0,0,0,0,1,1,6,1,-1,-1,-1,-1,-1,-1,-1,-1,-1,0
Unvalidated,2024201409381,2024,201409381,2,9,0,18,5,1,0,4,0,0,0,0,1,1,6,1,41,7,-1,-1,-1,-1,1,1,E01009002,0
Unvalidated,2024201409689,2024,201409689,1,9,0,10,8,6,0,1,0,0,0,0,1,1,5,1,21,5,-1,-1,-1,-1,2,1,E01009746,0
Unvalidated,2024201409689,2024,201409689,2,-1,0,9,2,8,0,5,0,0,0,0,1,1,6,3,-1,-1,-1,-1,-1,-1,-1,-1,-1,0
Unvalidated,2024201409967,2024,201409967,1,9,0,4,5,1,0,0,0,0,0,0,1,1,6,1,38,7,-1,-1,-1,-1,-1,-1,-1,0
Unvalidated,2024201410151,2024,201410151,1,8,0,15,1,5,0,0,0,0,0,0,1,1,6,1,-1,-1,-1,-1,-1,-1,1,1,E01009651,0
Unvalidated,2024201410151,2024,201410151,2,1,0,18,1,5,0,0,0,0,0,0,3,1,2,2,27,6,-1,-1,-1,-1,4,1,E01009658,0
Unvalidated,2024201410232,2024,201410232,1,8,0,5,8,4,0,0,0,0,0,0,3,1,1,1,51,8,-1,-1,-1,-1,-1,-1,-1,0
Unvalidated,2024201410252,2024,201410252,1,9,0,1,3,7,0,0,0,0,0,0,1,1,6,1,45,7,-1,-1,-1,-1,-1,-1,-1,0
Unvalidated,2024201410257,2024,201410257,1,21,1,12,7,3,0,0,0,0,0,0,3,1,1,3,-1,-1,-1,-1,-1,-1,-1,-1,-1,0
Unvalidated,2024201410257,2024,201410257,2,9,0,13,7,3,0,0,1,7,4,0,4,1,5,2,26,6,-1,-1,-1,-1,3,1,E01009216,0
Unvalidated,2024201410281,2024,201410281,1,9,0,18,4,1,0,8,0,0,0,0,3,1,6,2,37,7,-1,-1,-1,-1,2,1,E01009890,0
Unvalidated,2024201410281,2024,201410281,2,98,0,9,7,4,0,6,0,0,0,0,4,1,2,1,61,9,-1,-1,-1,-1,4,1,E01009243,0
Unvalidated,2024201410338,2024,201410338,1,9,0,5,3,2,9,6,0,0,0,0,1,1,6,1,19,4,-1,-1,-1,-1,-1,-1,-1,0
Unvalidated,2024201410338,2024,201410338,2,9,0,3,6,2,0,8,0,0,0,0,2,1,6,2,42,7,-1,-1,-1,-1,-1,-1,-1,0
Unvalidated,2024201410369,2024,201410369,1,9,0,10,2,8,0,1,0,0,0,0,3,1,6,1,30,6,-1,-1,-1,-1,9,3,E01028794,0
Unvalidated,2024201410369,2024,201410369,2,9,0,10,5,3,0,5,0,0,0,0,3,1,2,1,42,7,-1,-1,-1,-1,1,1,E01010374,0
Unvalidated,2024201410467,2024,201410467,1,9,0,18,-1,-1,0,0,0,0,0,0,1,1,5,1,33,6,-1,-1,-1,-1,3,1,E01009922,0
Unvalidated,2024201410476,2024,201410476,1,9,0,18,1,5,0,1,0,0,0,0,1,1,2,1,58,9,-1,-1,-1,-1,3,1,E01009633,0
Unvalidated,2024201410479,2024,201410479,1,9,0,18,1,4,0,3,0,0,0,0,1,1,6,3,-1,-1,-1,-1,-1,-1,-1,-1,-1,0
Unvalidated,2024201410479,2024,201410479,2,9,0,18,1,4,0,3,0,0,0,0,3,1,6,2,25,5,-1,-1,-1,-1,-1,-1,-1,0
Unvalidated,2024201410509,2024,201410509,1,9,0,5,7,3,0,8,0,0,0,0,1,1,6,2,-1,-1,-1,-1,-1,-1,-1,-1,-1,0
Unvalidated,2024201410509,2024,201410509,2,1,0,5,7,3,0,8,0,0,0,0,2,1,2,1,23,5,-1,-1,-1,-1,2,1,E01009747,0
Unvalidated,2024201410551,2024,201410551,1,9,0,18,4,6,0,1,0,0,0,0,1,1,6,1,-1,-1,-1,-1,-1,-1,-1,-1,-1,0
Unvalidated,2024201410551,2024,201410551,2,9,0,3,4,8,0,1,0,0,0,0,2,1,6,1,34,6,-1,-1,-1,-1,-1,-1,-1,0
Unvalidated,2024201410578,2024,201410578,1,9,0,18,4,2,0,4,0,0,0,0,0,1,6,2,40,7,-1,-1,-1,-1,-1,-1,-1,0
Unvalidated,2024201410578,2024,201410578,2,9,0,18,4,2,0,4,0,0,0,0,0,1,6,2,31,6,-1,-1,-1,-1,3,1,E01009777,0
Unvalidated,2024201410578,2024,201410578,3,9,0,18,4,2,0,3,0,0,0,0,1,1,2,2,30,6,-1,-1,-1,-1,5,1,E01009873,0
Unvalidated,2024201410622,2024,201410622,1,9,0,13,6,2,0,0,0,0,0,0,1,1,2,2,35,6,-1,-1,-1,-1,5,1,E01009031,0
Unvalidated,2024201410622,2024,201410622,2,9,0,18,1,3,0,0,0,0,0,0,4,1,2,2,47,8,-1,-1,-1,-1,1,1,E01009026,0
Unvalidated,2024201410715,2024,201410715,1,19,0,7,7,1,0,5,0,0,0,0,2,1,6,1,-1,-1,-1,-1,-1,-1,-1,-1,-1,0
Unvalidated,2024201410715,2024,201410715,2,1,0,18,6,2,0,8,0,0,0,0,2,1,6,1,25,5,-1,-1,-1,-1,2,1,E01009257,0
Unvalidated,2024201410745,2024,201410745,1,9,0,4,8,4,0,0,0,0,0,0,3,1,5,2,57,9,-1,-1,-1,-1,1,1,E01010142,0
Unvalidated,2024201410745,2024,201410745,2,1,0,15,8,4,0,0,0,10,1,0,1,1,6,1,50,8,-1,-1,-1,-1,1,1,E01010125,0
Unvalidated,2024201410758,2024,201410758,1,9,0,18,2,6,0,1,0,0,0,0,1,1,6,2,-1,-1,-1,-1,-1,-1,-1,-1,-1,0
Unvalidated,2024201410758,2024,201410758,2,9,0,3,2,6,0,1,0,0,0,0,2,1,6,1,52,8,-1,-1,-1,-1,1,1,E01033628,0
Unvalidated,2024201410791,2024,201410791,1,1,0,18,6,2,0,1,0,0,0,0,1,1,6,2,48,8,-1,-1,-1,-1,7,1,E01010498,0
Unvalidated,2024201410791,2024,201410791,2,9,0,18,6,2,0,1,0,0,0,0,1,1,6,3,25,5,-1,-1,-1,-1,-1,-1,-1,0
Unvalidated,2024201410866,2024,201410866,1,9,0,9,3,1,0,6,0,0,0,0,1,1,6,1,21,5,-1,-1,-1,-1,8,1,E01010119,0
Unvalidated,2024201410866,2024,201410866,2,9,0,18,1,5,0,8,0,0,0,0,2,1,6,1,41,7,-1,-1,-1,-1,1,1,E01009303,0
Unvalidated,2024201411007,2024,201411007,1,9,0,18,8,4,0,0,0,0,0,0,1,1,6,1,62,9,-1,-1,-1,-1,2,1,E01009935,0
Unvalidated,2024201411007,2024,201411007,2,9,0,18,8,4,0,0,0,0,0,0,2,1,5,2,40,7,-1,-1,-1,-1,8,1,E01027096,0
Unvalidated,2024201411028,2024,201411028,1,9,0,18,7,4,0,8,0,0,0,0,1,1,6,1,24,5,-1,-1,-1,-1,5,1,E01009863,0
Unvalidated,2024201411028,2024,201411028,2,9,0,7,2,4,0,6,0,0,0,0,3,1,6,1,81,11,-1,-1,-1,-1,3,1,E01009834,0
Unvalidated,2024201411142,2024,201411142,1,9,0,18,8,4,0,8,0,0,0,0,1,1,5,2,31,6,-1,-1,-1,-1,9,1,E01009912,0
Unvalidated,2024201411142,2024,201411142,2,8,0,9,4,2,0,5,0,0,0,0,3,1,1,1,49,8,-1,-1,-1,-1,1,1,E01010063,0
Unvalidated,2024201411217,2024,201411217,1,9,0,18,7,3,0,0,0,0,0,0,1,1,6,1,49,8,-1,-1,-1,-1,9,1,E01009694,0
Unvalidated,2024201411217,2024,201411217,2,90,0,18,8,4,0,0,0,0,0,0,3,1,6,2,17,4,-1,-1,-1,-1,7,1,E01009649,1
Unvalidated,2024201411266,2024,201411266,1,9,0,9,6,4,0,5,0,0,0,0,1,1,6,2,36,7,-1,-1,-1,-1,8,1,E01032171,0
Unvalidated,2024201411272,2024,201411272,1,9,0,5,5,1,0,2,0,0,0,0,1,1,6,1,23,5,-1,-1,-1,-1,1,1,E01009359,0
Unvalidated,2024201411315,2024,201411315,1,9,0,7,4,6,0,5,0,0,0,0,1,1,6,2,35,6,-1,-1,-1,-1,-1,-1,-1,0
Unvalidated,2024201411315,2024,201411315,2,1,0,18,4,8,0,8,0,0,0,0,3,1,5,1,14,3,-1,-1,-1,-1,2,1,E01008946,0
Unvalidated,2024201411376,2024,201411376,1,9,0,18,6,4,0,1,0,0,0,0,1,1,5,2,39,7,-1,-1,-1,-1,-1,-1,-1,0
Unvalidated,2024201411376,2024,201411376,2,9,0,9,8,6,0,6,0,0,0,0,3,1,5,2,23,5,-1,-1,-1,-1,5,2,E01025875,0
Unvalidated,2024201411389,2024,201411389,1,9,0,18,8,2,0,0,0,0,0,0,3,1,6,1,72,10,-1,-1,-1,-1,5,1,E01009108,0
Unvalidated,2024201411389,2024,201411389,2,9,0,18,2,8,0,0,0,10,7,0,3,1,6,1,50,8,-1,-1,-1,-1,1,1,E01009892,0
Unvalidated,2024201411393,2024,201411393,1,9,0,18,5,1,0,0,0,0,0,0,1,1,5,1,25,5,-1,-1,-1,-1,2,1,E01010411,0
Unvalidated,2024201411393,2024,201411393,2,9,0,18,5,1,0,0,0,0,0,0,0,1,6,1,36,7,-1,-1,-1,-1,4,1,E01010100,0
Unvalidated,2024201411402,2024,201411402,1,9,0,3,5,1,0,0,0,0,0,0,2,1,2,1,27,6,-1,-1,-1,-1,-1,-1,-1,0
Unvalidated,2024201411402,2024,201411402,2,9,0,5,5,1,0,0,0,0,0,0,1,1,1,1,40,7,-1,-1,-1,-1,2,1,E01009955,0
Unvalidated,2024201411407,2024,201411407,1,9,0,18,7,4,9,0,1,10,7,2,4,1,6,1,-1,-1,-1,-1,-1,-1,-1,-1,-1,0
Unvalidated,2024201411414,2024,201411414,1,19,0,1,3,7,0,2,0,0,0,0,2,1,6,1,-1,-1,-1,-1,-1,-1,-1,-1,-1,0
Unvalidated,2024201411414,2024,201411414,2,9,0,3,7,3,0,1,0,0,0,0,1,1,6,1,50,8,-1,-1,-1,-1,2,1,E01009994,0
Unvalidated,2024201411442,2024,201411442,1,9,0,9,6,4,0,6,0,0,0,0,1,1,6,3,-1,-1,-1,-1,-1,-1,-1,-1,-1,0
Unvalidated,2024201411442,2024,201411442,2,9,0,18,8,4,0,1,0,0,0,0,4,1,3,1,21,5,-1,-1,-1,-1,2,1,E01009942,0
Unvalidated,2024201411556,2024,201411556,1,9,0,5,5,1,0,0,0,0,0,0,1,1,6,1,24,5,-1,-1,-1,-1,-1,-1,-1,0
Unvalidated,2024201411556,2024,201411556,2,9,0,5,5,1,0,0,0,0,0,0,2,1,1,1,43,7,-1,-1,-1,-1,1,1,E01008962,0
Unvalidated,2024201411634,2024,201411634,1,9,0,5,6,2,0,0,0,0,0,0,4,1,6,1,-1,-1,-1,-1,-1,-1,-1,-1,-1,0
Unvalidated,2024201411634,2024,201411634,2,9,0,5,6,2,0,0,0,0,0,0,3,1,5,1,44,7,-1,-1,-1,-1,1,1,E01009007,0
Unvalidated,2024201411781,2024,201411781,1,9,0,12,4,8,6,0,0,4,0,0,1,1,1,1,18,4,-1,-1,-1,-1,5,1,E01009234,0
Unvalidated,2024201411781,2024,201411781,2,9,0,2,5,1,6,0,0,0,0,0,2,1,6,1,49,8,-1,-1,-1,-1,1,1,E01010033,0
Unvalidated,2024201411781,2024,201411781,3,21,1,18,5,1,0,0,0,0,0,0,4,1,1,1,62,9,-1,-1,-1,-1,4,1,-1,0
Unvalidated,2024201411986,2024,201411986,1,9,0,18,4,8,0,0,0,0,0,0,1,1,6,1,25,5,-1,-1,-1,-1,1,1,E01009057,0
Unvalidated,2024201411986,2024,201411986,2,9,0,3,4,8,0,0,0,0,0,0,2,1,6,1,31,6,-1,-1,-1,-1,-1,-1,-1,0
Unvalidated,2024201411986,2024,201411986,3,9,0,18,4,8,0,0,0,0,0,0,2,1,6,1,29,6,-1,-1,-1,-1,-1,-1,-1,0
Unvalidated,2024201411986,2024,201411986,4,9,0,2,0,0,0,0,0,0,0,0,3,1,6,3,-1,-1,-1,-1,-1,-1,-1,-1,-1,0
Unvalidated,2024201411986,2024,201411986,5,9,0,3,3,7,0,0,0,0,0,0,2,1,6,1,22,5,-1,-1,-1,-1,-1,-1,-1,0
Unvalidated,2024201411986,2024,201411986,6,9,0,2,0,0,6,0,0,0,0,0,2,1,6,3,-1,-1,-1,-1,-1,-1,-1,-1,-1,0
Unvalidated,2024201411986,2024,201411986,7,9,0,3,3,7,0,0,0,0,0,0,2,1,6,2,25,5,-1,-1,-1,-1,-1,-1,-1,0
Unvalidated,2024201411986,2024,201411986,8,9,0,3,3,7,0,0,0,0,0,0,1,1,6,2,30,6,-1,-1,-1,-1,-1,-1,-1,0
Unvalidated,2024201411986,2024,201411986,9,9,0,3,3,8,0,0,0,0,0,0,2,1,6,2,66,10,-1,-1,-1,-1,-1,-1,-1,0
Unvalidated,2024201411986,2024,201411986,10,9,0,2,0,0,0,0,0,0,0,0,2,1,6,1,-1,-1,-1,-1,-1,-1,-1,-1,-1,0
Unvalidated,2024201412022,2024,201412022,1,9,0,18,6,2,0,0,0,0,0,0,1,1,6,1,24,5,-1,-1,-1,-1,-1,-1,-1,0
Unvalidated,2024201412022,2024,201412022,2,98,0,3,6,2,0,0,0,0,0,0,2,1,6,1,24,5,-1,-1,-1,-1,-1,-1,-1,0
Unvalidated,2024201412052,2024,201412052,1,11,0,3,4,8,0,1,0,0,0,0,1,1,1,1,21,5,-1,-1,-1,-1,6,1,E01010502,0