status,collision_index,collision_year,collision_reference,vehicle_reference,vehicle_type,towing_and_articulation,vehicle_manoeuvre,vehicle_direction_from,vehicle_direction_to,vehicle_location_restricted_lane,junction_location,skidding_and_overturning,hit_object_in_carriageway,vehicle_leaving_carriageway,hit_object_off_carriageway,first_point_of_impact,vehicle_left_hand_drive,journey_purpose_of_driver,sex_of_driver,age_of_driver,age_band_of_driver,engine_capacity_cc,propulsion_code,age_of_vehicle,generic_make_model,driver_imd_decile,driver_home_area_type,lsoa_of_driver,escooter_flag
Unvalidated,2024201412052,2024,201412052,2,9,0,3,4,8,0,1,0,0,0,0,2,1,6,2,61,9,-1,-1,-1,-1,2,1,E01009839,0
Unvalidated,2024201412071,2024,201412071,1,9,0,18,8,4,0,0,0,0,0,0,1,1,6,1,30,6,-1,-1,-1,-1,3,1,E01008890,0
Unvalidated,2024201412071,2024,201412071,2,9,0,3,8,4,0,0,0,0,0,0,2,1,5,2,28,6,-1,-1,-1,-1,5,1,E01009023,0
Unvalidated,2024201412141,2024,201412141,1,9,0,18,3,7,0,1,0,0,0,0,1,1,6,1,-1,-1,-1,-1,-1,-1,-1,-1,-1,0
Unvalidated,2024201412141,2024,201412141,2,9,0,4,3,7,0,1,0,0,0,0,2,1,2,1,56,9,-1,-1,-1,-1,1,1,E01009104,0
Unvalidated,2024201412152,2024,201412152,1,19,0,4,8,4,0,1,0,0,0,0,1,1,1,1,-1,-1,-1,-1,-1,-1,-1,-1,-1,0
Unvalidated,2024201412191,2024,201412191,1,9,0,18,4,8,0,0,0,0,0,0,1,1,5,2,29,6,-1,-1,-1,-1,5,1,E01033058,0
Unvalidated,2024201412191,2024,201412191,2,1,0,18,8,4,0,0,0,0,0,0,1,1,6,1,21,5,-1,-1,-1,-1,8,3,E01028743,0
Unvalidated,2024201412453,2024,201412453,1,9,0,18,5,1,0,0,0,0,0,0,1,1,6,1,28,6,-1,-1,-1,-1,4,1,E01009879,0
Unvalidated,2024201412453,2024,201412453,2,8,0,18,5,1,0,0,1,0,0,0,2,1,1,1,37,7,-1,-1,-1,-1,1,1,E01009350,0
Unvalidated,2024201412529,2024,201412529,1,9,0,9,8,4,0,5,0,0,0,0,1,1,6,1,-1,-1,-1,-1,-1,-1,-1,-1,-1,0
Unvalidated,2024201412529,2024,201412529,2,1,0,18,4,8,0,8,0,0,0,0,1,1,2,2,30,6,-1,-1,-1,-1,6,2,E01031153,0
Unvalidated,2024201412586,2024,201412586,1,9,0,18,2,8,0,5,0,0,0,0,1,1,5,1,27,6,-1,-1,-1,-1,5,1,E01010393,0
Unvalidated,2024201412586,2024,201412586,2,9,0,9,2,8,0,5,0,0,0,0,3,1,6,1,-1,-1,-1,-1,-1,-1,-1,-1,-1,0
Unvalidated,2024201412624,2024,201412624,1,9,0,18,4,8,0,8,0,0,0,0,3,1,6,2,29,6,-1,-1,-1,-1,1,1,E01009762,0
Unvalidated,2024201412624,2024,201412624,2,9,0,18,1,5,0,8,0,0,0,0,1,1,6,3,-1,-1,-1,-1,-1,-1,-1,-1,-1,0
Unvalidated,2024201412768,2024,201412768,1,9,0,9,6,4,0,6,0,0,0,0,1,1,6,1,-1,-1,-1,-1,-1,-1,-1,-1,-1,0
Unvalidated,2024201412796,2024,201412796,1,9,0,18,8,4,0,0,0,0,0,0,1,1,6,1,-1,-1,-1,-1,-1,-1,-1,-1,-1,0
Unvalidated,2024201412974,2024,201412974,1,9,0,18,8,4,0,0,0,0,0,0,1,1,6,1,30,6,-1,-1,-1,-1,5,1,E01014360,0
Unvalidated,2024201412974,2024,201412974,2,9,0,3,5,1,0,0,0,0,0,0,2,1,5,1,23,5,-1,-1,-1,-1,1,1,E01010370,0
Unvalidated,2024201413249,2024,201413249,1,9,0,18,6,4,0,0,0,0,0,0,1,1,6,2,31,6,-1,-1,-1,-1,2,1,E01009100,0
Unvalidated,2024201413249,2024,201413249,2,9,0,3,6,2,0,0,0,0,0,0,2,1,6,2,28,6,-1,-1,-1,-1,9,1,E01009416,0
Unvalidated,2024201413327,2024,201413327,1,9,0,11,5,1,0,0,0,0,0,0,4,1,6,1,-1,-1,-1,-1,-1,-1,1,1,E01009129,0
Unvalidated,2024201413327,2024,201413327,2,9,0,18,5,1,0,0,0,0,0,0,3,1,6,2,40,7,-1,-1,-1,-1,3,1,E01009597,0
Unvalidated,2024201413364,2024,201413364,1,9,0,18,3,7,0,0,1,10,1,4,1,1,5,3,-1,-1,-1,-1,-1,-1,-1,-1,-1,0
Unvalidated,2024201413386,2024,201413386,1,9,0,9,5,5,0,6,0,0,0,0,3,1,5,1,25,5,-1,-1,-1,-1,1,1,E01009074,0
Unvalidated,2024201413386,2024,201413386,2,9,0,18,6,2,0,8,0,0,0,0,4,1,6,1,54,8,-1,-1,-1,-1,3,1,E01009077,0
Unvalidated,2024201413419,2024,201413419,1,9,0,18,4,8,0,0,0,4,1,0,1,1,5,2,47,8,-1,-1,-1,-1,4,1,E01010009,0
Unvalidated,2024201413419,2024,201413419,2,9,0,2,0,0,0,0,0,10,7,0,1,1,6,3,-1,-1,-1,-1,-1,-1,-1,-1,-1,0
Unvalidated,2024201413419,2024,201413419,3,9,0,2,0,0,0,0,0,0,0,0,2,1,6,2,49,8,-1,-1,-1,-1,-1,-1,-1,0
Unvalidated,2024201413419,2024,201413419,4,9,0,2,0,0,0,0,0,0,0,0,4,1,6,3,-1,-1,-1,-1,-1,-1,-1,-1,-1,0
Unvalidated,2024201413419,2024,201413419,5,9,0,2,0,0,0,0,0,0,0,0,4,1,6,3,30,6,-1,-1,-1,-1,-1,-1,-1,0
Unvalidated,2024201413500,2024,201413500,1,9,0,18,6,2,0,0,0,0,0,0,1,1,6,1,21,5,-1,-1,-1,-1,8,1,E01009728,0
Unvalidated,2024201413500,2024,201413500,2,9,0,1,2,6,0,0,0,0,0,0,3,1,6,1,18,4,-1,-1,-1,-1,4,1,E01009729,0
Unvalidated,2024201413501,2024,201413501,1,9,0,5,5,1,0,8,0,0,0,0,3,1,6,1,55,8,-1,-1,-1,-1,2,1,E01009233,0
Unvalidated,2024201413501,2024,201413501,2,9,0,9,6,4,0,6,0,0,0,0,0,1,6,1,33,6,-1,-1,-1,-1,2,1,E01010344,0
Unvalidated,2024201413503,2024,201413503,1,9,0,9,7,5,0,5,0,0,0,0,1,1,6,1,48,8,-1,-1,-1,-1,1,1,E01009122,0
Unvalidated,2024201413503,2024,201413503,2,9,0,18,3,7,0,8,0,4,1,10,1,1,1,1,30,6,-1,-1,-1,-1,2,1,E01009509,0
Unvalidated,2024201413503,2024,201413503,3,9,0,2,0,0,9,2,0,0,0,0,2,1,6,1,35,6,-1,-1,-1,-1,2,1,E01009403,0
Unvalidated,2024201413505,2024,201413505,1,9,0,18,1,5,0,8,0,0,0,0,1,1,6,1,23,5,-1,-1,-1,-1,1,1,E01010452,0
Unvalidated,2024201413505,2024,201413505,2,9,0,1,5,3,0,5,0,0,0,0,3,1,6,2,62,9,-1,-1,-1,-1,3,1,E01010427,0
Unvalidated,2024201413507,2024,201413507,1,9,0,9,2,7,0,5,1,0,0,0,1,1,6,2,25,5,-1,-1,-1,-1,10,1,E01010152,0
Unvalidated,2024201413507,2024,201413507,2,9,0,18,6,2,0,8,0,0,0,0,1,1,6,1,41,7,-1,-1,-1,-1,8,1,E01010151,0
Unvalidated,2024201413509,2024,201413509,1,9,0,5,2,8,0,6,0,0,0,0,3,1,6,1,27,6,-1,-1,-1,-1,10,1,E01029678,0
Unvalidated,2024201413509,2024,201413509,2,9,0,18,8,4,0,8,0,0,0,0,1,1,6,1,48,8,-1,-1,-1,-1,2,1,E01005320,0
Unvalidated,2024201413510,2024,201413510,1,9,0,9,1,6,0,6,0,0,0,0,1,1,6,1,44,7,-1,-1,-1,-1,4,1,E01010252,0
Unvalidated,2024201413510,2024,201413510,2,9,0,18,6,2,0,8,0,0,0,0,4,1,1,1,29,6,-1,-1,-1,-1,2,1,E01010268,0
Unvalidated,2024201413512,2024,201413512,1,9,0,18,5,1,0,4,0,0,0,0,1,1,6,1,44,7,-1,-1,-1,-1,6,1,E01029389,0
Unvalidated,2024201413512,2024,201413512,2,1,0,18,7,3,0,4,0,0,0,0,1,1,2,1,43,7,-1,-1,-1,-1,2,1,E01010404,0
Unvalidated,2024201413513,2024,201413513,1,9,0,17,1,6,0,0,1,0,0,0,1,1,2,1,19,4,-1,-1,-1,-1,5,1,E01009046,0
Unvalidated,2024201413514,2024,201413514,1,9,0,9,8,6,0,5,0,7,0,0,4,1,6,1,75,10,-1,-1,-1,-1,5,1,E01009913,0
Unvalidated,2024201413514,2024,201413514,2,9,0,5,4,8,0,8,0,0,0,0,1,1,6,1,45,7,-1,-1,-1,-1,10,1,E01009827,0
Unvalidated,2024201413519,2024,201413519,1,9,0,6,8,8,0,1,0,0,0,0,3,1,1,1,49,8,-1,-1,-1,-1,9,1,E01021386,0
Unvalidated,2024201413519,2024,201413519,2,3,0,15,8,4,0,1,0,0,0,0,1,1,6,1,24,5,-1,-1,-1,-1,10,1,E01032140,0
Unvalidated,2024201413522,2024,201413522,1,9,0,5,2,6,0,8,0,0,0,0,1,1,6,1,49,8,-1,-1,-1,-1,7,1,E01010356,0
Unvalidated,2024201413522,2024,201413522,2,9,0,9,6,4,0,5,0,0,0,0,1,1,6,1,35,6,-1,-1,-1,-1,6,1,E01009759,0
Unvalidated,2024201413526,2024,201413526,1,9,0,9,1,6,0,5,0,0,0,0,1,1,6,2,62,9,-1,-1,-1,-1,5,1,E01009913,0
Unvalidated,2024201413526,2024,201413526,2,97,0,18,5,1,0,8,0,0,0,0,1,1,6,1,17,4,-1,-1,-1,-1,1,1,E01009748,0
Unvalidated,2024201413529,2024,201413529,1,9,0,18,4,8,0,6,0,7,4,1,4,1,6,1,52,8,-1,-1,-1,-1,1,1,E01009769,0
Unvalidated,2024201413529,2024,201413529,2,9,0,18,6,2,0,8,0,0,0,0,1,1,6,1,64,9,-1,-1,-1,-1,1,1,E01009127,0
Unvalidated,2024201413532,2024,201413532,1,9,0,18,3,7,0,8,0,0,0,0,3,1,2,1,21,5,-1,-1,-1,-1,3,1,E01009775,0
Unvalidated,2024201413532,2024,201413532,2,97,0,9,6,3,0,6,0,0,0,0,1,1,2,1,22,5,-1,-1,-1,-1,6,1,E01009749,0
Unvalidated,2024201413535,2024,201413535,1,19,0,5,7,3,0,1,0,0,0,0,2,1,1,2,49,8,-1,-1,-1,-1,2,1,E01010268,0
Unvalidated,2024201413535,2024,201413535,2,9,0,3,7,3,0,1,1,0,0,0,1,1,6,1,38,7,-1,-1,-1,-1,2,1,E01028962,0
Unvalidated,2024201413537,2024,201413537,1,9,0,18,4,6,0,8,0,10,7,10,4,1,2,1,27,6,-1,-1,-1,-1,4,1,E01009268,0
Unvalidated,2024201413537,2024,201413537,2,9,0,18,4,8,0,8,0,0,0,0,1,1,2,1,53,8,-1,-1,-1,-1,5,1,E01010285,0
Unvalidated,2024201413540,2024,201413540,1,9,0,18,5,1,0,0,0,10,1,2,1,1,2,1,-1,-1,-1,-1,-1,-1,1,1,E01010052,0
Unvalidated,2024201413541,2024,201413541,1,98,0,9,4,1,0,6,0,0,0,0,3,1,1,1,39,7,-1,-1,-1,-1,2,1,E01010104,0
Unvalidated,2024201413541,2024,201413541,2,9,0,17,1,6,0,8,0,0,0,0,4,1,1,1,28,6,-1,-1,-1,-1,7,1,E01010537,0
Unvalidated,2024201413544,2024,201413544,1,9,0,12,4,2,0,0,0,0,7,0,3,1,6,1,57,9,-1,-1,-1,-1,2,1,E01033627,0
Unvalidated,2024201413544,2024,201413544,2,9,0,12,4,8,0,0,0,10,7,0,1,1,6,1,58,9,-1,-1,-1,-1,5,1,E01010008,0
Unvalidated,2024201413550,2024,201413550,1,9,0,13,8,4,0,8,0,0,0,0,1,1,1,2,24,5,-1,-1,-1,-1,1,1,E01009752,0
Unvalidated,2024201413550,2024,201413550,2,22,0,7,2,4,0,5,5,0,0,0,1,1,6,2,53,8,-1,-1,-1,-1,1,1,E01009748,0
Unvalidated,2024201413554,2024,201413554,1,9,0,18,3,7,0,4,0,0,0,0,1,1,2,2,60,9,-1,-1,-1,-1,2,1,E01009788,0
Unvalidated,2024201413554,2024,201413554,2,9,0,18,1,5,0,4,0,0,0,0,2,1,6,2,36,7,-1,-1,-1,-1,1,1,E01009886,0
Unvalidated,2024201413557,2024,201413557,1,19,0,18,5,8,0,0,0,4,0,0,1,1,2,1,30,6,-1,-1,-1,-1,1,1,E01009007,0
Unvalidated,2024201413557,2024,201413557,2,9,0,2,0,0,9,0,0,4,0,0,1,1,6,1,35,6,-1,-1,-1,-1,1,1,E01009007,0
Unvalidated,2024201413557,2024,201413557,3,9,0,2,0,0,9,0,0,0,0,0,0,1,6,1,36,7,-1,-1,-1,-1,1,1,E01009007,0
Unvalidated,2024201413560,2024,201413560,1,9,0,9,1,7,0,3,0,0,0,0,3,1,6,1,36,7,-1,-1,-1,-1,1,1,E01009328,0
Unvalidated,2024201413560,2024,201413560,2,97,0,18,4,8,0,3,0,0,0,0,1,1,6,1,33,6,-1,-1,-1,-1,1,1,E01009079,0
Unvalidated,2024201413563,2024,201413563,1,9,0,18,2,6,0,8,0,0,0,0,1,1,4,1,19,4,-1,-1,-1,-1,1,1,E01009503,0
Unvalidated,2024201413563,2024,201413563,2,9,0,9,4,2,0,6,0,0,0,0,1,1,6,2,40,7,-1,-1,-1,-1,1,1,E01009115,0
Unvalidated,2024201413566,2024,201413566,1,9,0,11,8,4,0,0,1,0,0,0,1,1,1,1,26,6,-1,-1,-1,-1,3,1,E01009138,0
Unvalidated,2024201413566,2024,201413566,2,19,0,18,8,4,0,0,0,0,0,0,2,1,1,1,29,6,-1,-1,-1,-1,3,1,E01009221,0
Unvalidated,2024201413566,2024,201413566,3,9,0,18,8,4,0,0,0,0,0,0,2,1,1,3,33,6,-1,-1,-1,-1,5,1,E01009247,0
Unvalidated,2024201413569,2024,201413569,1,19,0,5,2,6,5,6,0,0,0,0,1,1,1,1,62,9,-1,-1,-1,-1,9,1,E01009557,0
Unvalidated,2024201413569,2024,201413569,2,1,0,3,4,8,5,8,0,0,0,0,4,1,1,2,38,7,-1,-1,-1,-1,9,1,E01009666,0
Unvalidated,2024201413573,2024,201413573,1,9,0,18,2,7,0,0,0,4,0,0,1,1,6,1,18,4,-1,-1,-1,-1,1,1,E01008935,0
Unvalidated,2024201413573,2024,201413573,2,9,0,2,0,0,0,0,0,4,0,0,2,1,6,1,48,8,-1,-1,-1,-1,2,1,E01010106,0
Unvalidated,2024201413573,2024,201413573,3,9,0,2,0,0,9,0,0,0,0,0,4,1,6,2,39,7,-1,-1,-1,-1,2,1,E01009986,0
Unvalidated,2024201413577,2024,201413577,1,9,0,18,6,2,0,8,0,0,0,0,1,1,6,1,54,8,-1,-1,-1,-1,5,1,E01010554,0
Unvalidated,2024201413577,2024,201413577,2,19,0,9,7,6,0,6,0,0,0,0,3,1,6,1,42,7,-1,-1,-1,-1,6,1,E01010023,0
Unvalidated,2024201413581,2024,201413581,1,9,0,18,6,2,0,1,1,0,1,0,3,1,6,1,17,4,-1,-1,-1,-1,9,2,E01029521,0
Unvalidated,2024201413581,2024,201413581,2,9,0,18,4,8,0,8,1,0,0,0,1,1,6,1,44,7,-1,-1,-1,-1,4,1,E01029646,0
Unvalidated,2024201413587,2024,201413587,1,9,0,9,7,5,0,6,0,0,0,0,1,1,1,2,-1,-1,-1,-1,-1,-1,1,1,E01008996,0
Unvalidated,2024201413587,2024,201413587,2,9,0,18,3,7,0,8,0,0,0,0,3,1,1,1,59,9,-1,-1,-1,-1,-1,-1,-1,0
Unvalidated,2024201413589,2024,201413589,1,9,0,9,2,8,0,6,0,0,0,0,1,1,6,1,23,5,-1,-1,-1,-1,2,1,E01009022,0
Unvalidated,2024201413589,2024,201413589,2,9,0,18,8,4,0,8,0,0,0,0,4,1,5,2,27,6,-1,-1,-1,-1,7,1,E01010157,0
Unvalidated,2024201413671,2024,201413671,1,9,0,9,6,4,0,6,0,0,0,0,1,1,6,3,-1,-1,-1,-1,-1,-1,-1,-1,-1,0
Unvalidated,2024201413671,2024,201413671,2,9,0,3,4,8,0,8,0,0,0,0,1,1,6,1,53,8,-1,-1,-1,-1,7,1,E01010436,0
Unvalidated,2024201413751,2024,201413751,1,9,0,13,2,6,0,1,0,10,1,2,4,1,6,1,26,6,-1,-1,-1,-1,9,1,E01029364,0
Unvalidated,2024201413751,2024,201413751,2,9,0,13,2,6,0,1,0,0,0,0,1,1,6,1,49,8,-1,-1,-1,-1,-1,-1,-1,0
Unvalidated,2024201413870,2024,201413870,1,9,0,-1,-1,-1,-1,-1,-1,-1,-1,0,-1,1,6,3,-1,-1,-1,-1,-1,-1,-1,-1,-1,0
Unvalidated,2024201413878,2024,201413878,1,9,0,18,1,6,0,3,0,0,0,0,1,1,6,3,-1,-1,-1,-1,-1,-1,-1,-1,-1,0
Unvalidated,2024201413878,2024,201413878,2,9,0,4,2,6,0,3,0,0,0,0,2,1,6,2,56,9,-1,-1,-1,-1,-1,-1,-1,0
Unvalidated,2024201413878,2024,201413878,3,9,0,4,2,6,0,3,0,0,0,0,2,1,6,3,-1,-1,-1,-1,-1,-1,-1,-1,-1,0
Unvalidated,2024201413884,2024,201413884,1,1,0,18,3,7,0,1,0,0,0,0,1,1,1,1,-1,-1,-1,-1,-1,-1,-1,-1,-1,0
Unvalidated,2024201413884,2024,201413884,2,9,0,5,6,3,0,6,0,0,0,0,1,1,1,1,29,6,-1,-1,-1,-1,6,1,E01010012,0
Unvalidated,2024201413933,2024,201413933,1,9,0,18,3,5,0,4,1,0,0,0,3,1,6,3,24,5,-1,-1,-1,-1,-1,-1,-1,0
Unvalidated,2024201413933,2024,201413933,2,9,0,5,2,4,0,3,1,9,3,0,4,1,6,2,39,7,-1,-1,-1,-1,-1,-1,-1,0
Unvalidated,2024201413944,2024,201413944,1,9,0,7,3,6,0,0,0,0,2,0,1,1,6,1,18,4,-1,-1,-1,-1,-1,-1,-1,0
Unvalidated,2024201414276,2024,201414276,1,9,0,18,1,5,0,4,0,0,0,0,0,1,6,1,-1,-1,-1,-1,-1,-1,-1,-1,-1,0
Unvalidated,2024201414276,2024,201414276,2,97,0,5,1,6,0,4,0,0,0,0,2,1,6,1,33,6,-1,-1,-1,-1,3,1,E01010094,0
Unvalidated,2024201414408,2024,201414408,1,9,0,18,4,8,0,0,0,0,0,0,3,1,2,2,23,5,-1,-1,-1,-1,1,1,E01009147,0
Unvalidated,2024201414408,2024,201414408,2,9,0,18,4,8,0,0,0,0,0,0,3,1,6,1,-1,-1,-1,-1,-1,-1,-1,-1,-1,0
Unvalidated,2024201414468,2024,201414468,1,9,0,18,3,6,0,8,0,0,0,0,1,1,2,2,51,8,-1,-1,-1,-1,4,1,E01009231,0
Unvalidated,2024201414537,2024,201414537,1,9,0,13,2,7,0,0,0,0,0,0,3,1,6,3,-1,-1,-1,-1,-1,-1,-1,-1,-1,0
Unvalidated,2024201414537,2024,201414537,2,1,0,18,2,6,0,0,0,0,0,0,3,1,1,1,34,6,-1,-1,-1,-1,-1,-1,-1,0
Unvalidated,2024201414571,2024,201414571,1,9,0,18,7,3,0,1,0,0,0,0,1,1,6,1,35,6,-1,-1,-1,-1,-1,-1,-1,0
Unvalidated,2024201414571,2024,201414571,2,9,0,18,7,3,0,8,0,0,0,0,1,1,6,1,41,7,-1,-1,-1,-1,2,1,E01008881,0
Unvalidated,2024201414687,2024,201414687,1,9,0,9,2,8,0,5,0,0,0,0,1,1,6,2,30,6,-1,-1,-1,-1,-1,-1,-1,0
Unvalidated,2024201414687,2024,201414687,2,1,0,4,8,4,0,1,0,0,0,0,1,1,3,1,14,3,-1,-1,-1,-1,7,1,E01009208,0
Unvalidated,2024201414742,2024,201414742,1,9,0,18,4,8,0,0,0,0,0,0,1,1,6,1,-1,-1,-1,-1,-1,-1,-1,-1,-1,0
Unvalidated,2024201414742,2024,201414742,2,9,0,18,4,8,0,0,0,0,0,0,2,1,5,2,65,9,-1,-1,-1,-1,5,1,E01010534,0
Unvalidated,2024201414866,2024,201414866,1,9,0,5,7,5,0,0,0,0,0,0,1,1,6,3,40,7,-1,-1,-1,-1,-1,-1,-1,0
Unvalidated,2024201414866,2024,201414866,2,9,0,4,4,4,0,0,0,0,0,0,1,1,6,1,59,9,-1,-1,-1,-1,2,1,E01010025,0
Unvalidated,2024201414871,2024,201414871,1,9,0,9,5,2,0,5,0,0,0,0,1,1,5,1,22,5,-1,-1,-1,-1,1,1,E01008966,0
Unvalidated,2024201414871,2024,201414871,2,9,0,18,1,5,0,8,0,0,0,0,1,1,5,1,27,6,-1,-1,-1,-1,1,1,E01009475,0
Unvalidated,2024201414882,2024,201414882,1,9,0,13,6,2,0,0,0,0,0,0,1,1,5,1,46,8,-1,-1,-1,-1,1,1,E01010274,0
Unvalidated,2024201414882,2024,201414882,2,1,0,18,6,2,0,0,0,0,0,0,2,1,6,1,15,3,-1,-1,-1,-1,3,1,E01010290,0
Unvalidated,2024201414912,2024,201414912,1,9,0,18,5,1,0,0,0,4,0,0,1,1,5,1,18,4,-1,-1,-1,-1,2,1,E01009121,0
Unvalidated,2024201414912,2024,201414912,2,11,0,12,5,1,0,0,0,4,0,0,4,1,1,1,33,6,-1,-1,-1,-1,4,1,E01009223,0
Unvalidated,2024201414912,2024,201414912,3,9,0,2,0,0,0,0,0,4,1,0,3,1,5,1,54,8,-1,-1,-1,-1,1,1,E01009406,0
Unvalidated,2024201414912,2024,201414912,4,9,0,2,0,0,0,0,0,0,0,0,2,1,5,2,26,6,-1,-1,-1,-1,1,1,E01009406,0
Unvalidated,2024201414912,2024,201414912,5,9,0,2,0,0,1,0,0,0,0,0,1,1,1,1,62,9,-1,-1,-1,-1,1,1,E01009406,0
Unvalidated,2024201414937,2024,201414937,1,9,0,18,4,8,0,2,0,0,0,0,1,1,6,1,40,7,-1,-1,-1,-1,-1,-1,-1,0
Unvalidated,2024201414937,2024,201414937,2,9,0,3,4,8,0,8,0,0,0,0,2,1,6,2,56,9,-1,-1,-1,-1,1,1,E01009881,0
Unvalidated,2024201414954,2024,201414954,1,9,0,18,2,6,0,0,0,0,0,0,1,1,6,1,-1,-1,-1,-1,-1,-1,-1,-1,-1,0
Unvalidated,2024201414954,2024,201414954,2,9,0,3,2,6,0,0,0,0,0,0,2,1,5,1,51,8,-1,-1,-1,-1,2,1,E01009512,0
Unvalidated,2024201414955,2024,201414955,1,9,0,8,2,5,0,1,0,0,0,0,2,1,5,1,37,7,-1,-1,-1,-1,2,1,E01008892,0
Unvalidated,2024201414955,2024,201414955,2,9,0,5,2,5,0,1,0,0,0,0,1,1,5,1,-1,-1,-1,-1,-1,-1,4,1,E01009231,0
Unvalidated,2024201414957,2024,201414957,1,9,0,5,6,2,0,0,0,0,0,0,4,1,6,1,20,4,-1,-1,-1,-1,-1,-1,-1,0
Unvalidated,2024201415075,2024,201415075,1,9,0,18,3,7,0,8,0,0,0,0,1,1,5,1,25,5,-1,-1,-1,-1,2,1,E01009515,0
Unvalidated,2024201415075,2024,201415075,2,9,0,18,3,7,0,8,0,0,0,0,1,1,6,1,41,7,-1,-1,-1,-1,-1,-1,-1,0
Unvalidated,2024201415129,2024,201415129,1,9,0,12,1,5,0,0,0,0,0,0,3,1,6,1,70,10,-1,-1,-1,-1,10,1,E01010205,0
Unvalidated,2024201415129,2024,201415129,2,8,0,18,1,5,0,0,0,0,0,0,3,1,1,1,54,8,-1,-1,-1,-1,2,1,E01008915,0
Unvalidated,2024201415138,2024,201415138,1,9,0,1,1,5,9,6,0,0,0,0,2,1,6,2,69,10,-1,-1,-1,-1,1,1,E01009306,0
Unvalidated,2024201415313,2024,201415313,1,9,0,9,2,8,0,5,0,0,0,0,1,1,6,1,38,7,-1,-1,-1,-1,2,1,E01010525,0
Unvalidated,2024201415313,2024,201415313,2,9,0,18,6,2,0,8,0,0,0,0,1,1,6,2,19,4,-1,-1,-1,-1,1,1,E01010440,0
Unvalidated,2024201415407,2024,201415407,1,9,0,18,7,3,0,1,0,0,0,0,1,1,6,1,25,5,-1,-1,-1,-1,-1,-1,-1,0
Unvalidated,2024201415407,2024,201415407,2,9,0,3,7,3,0,1,0,0,0,0,2,1,1,2,46,8,-1,-1,-1,-1,-1,-1,-1,0
Unvalidated,2024201415605,2024,201415605,1,9,0,18,5,1,0,0,0,0,0,0,4,1,6,2,38,7,-1,-1,-1,-1,2,1,E01009641,0
Unvalidated,2024201415691,2024,201415691,1,-1,0,7,1,3,0,6,0,0,0,0,1,1,5,3,-1,-1,-1,-1,-1,-1,-1,-1,-1,0
Unvalidated,2024201415716,2024,201415716,1,11,0,5,4,8,0,1,0,0,0,0,1,1,1,1,-1,-1,-1,-1,-1,-1,-1,-1,-1,0
Unvalidated,2024201415774,2024,201415774,1,9,0,18,2,6,0,8,0,0,0,0,1,1,6,1,30,6,-1,-1,-1,-1,-1,-1,-1,0
Unvalidated,2024201415774,2024,201415774,2,9,0,3,2,6,0,8,0,0,0,0,2,1,6,1,41,7,-1,-1,-1,-1,7,1,E01010544,0
Unvalidated,2024201415805,2024,201415805,1,4,0,18,4,8,0,0,0,10,1,11,1,1,5,1,30,6,-1,-1,-1,-1,1,1,E01009480,0
Unvalidated,2024201415930,2024,201415930,1,9,0,18,5,1,0,8,0,0,0,0,1,1,6,2,23,5,-1,-1,-1,-1,1,1,E01009756,0
Unvalidated,2024201415930,2024,201415930,2,9,0,3,6,2,0,2,0,0,0,0,2,1,6,1,26,6,-1,-1,-1,-1,-1,-1,-1,0
Unvalidated,2024201415930,2024,201415930,3,9,0,5,3,6,0,6,0,0,0,0,2,1,6,1,-1,-1,-1,-1,-1,-1,-1,-1,-1,0
Unvalidated,2024201416066,2024,201416066,1,9,0,5,6,1,0,6,0,0,0,0,1,1,6,1,-1,-1,-1,-1,-1,-1,-1,-1,-1,0
Unvalidated,2024201416066,2024,201416066,2,9,0,18,6,2,0,8,0,0,0,0,3,1,5,1,62,9,-1,-1,-1,-1,3,1,E01009922,0
Unvalidated,2024201416089,2024,201416089,1,9,0,18,2,6,0,8,0,0,0,0,1,1,5,1,20,4,-1,-1,-1,-1,2,1,E01010059,0
Unvalidated,2024201416089,2024,201416089,2,9,0,9,6,4,0,5,0,0,0,0,1,1,5,3,-1,-1,-1,-1,-1,-1,-1,-1,-1,0
Unvalidated,2024201416102,2024,201416102,1,9,0,18,3,7,0,2,0,0,0,0,4,1,6,1,-1,-1,-1,-1,-1,-1,-1,-1,-1,0
Unvalidated,2024201416102,2024,201416102,2,9,0,18,3,7,0,2,0,0,0,0,3,1,6,2,41,7,-1,-1,-1,-1,1,1,E01010367,0
Unvalidated,2024201416224,2024,201416224,1,9,0,6,8,8,0,0,0,7,7,0,1,1,6,2,38,7,-1,-1,-1,-1,-1,-1,-1,0
Unvalidated,2024201416459,2024,201416459,1,9,0,18,3,7,0,1,0,0,0,0,4,1,6,1,-1,-1,-1,-1,-1,-1,-1,-1,-1,0
Unvalidated,2024201416475,2024,201416475,1,9,0,7,6,8,0,6,0,0,0,0,3,1,6,2,40,7,-1,-1,-1,-1,1,1,E01009326,0
Unvalidated,2024201416475,2024,201416475,2,9,0,9,6,4,0,6,0,0,0,0,4,1,5,2,34,6,-1,-1,-1,-1,1,1,E01009329,0
Unvalidated,2024201416520,2024,201416520,1,9,0,18,3,7,0,0,0,0,0,0,1,1,6,3,-1,-1,-1,-1,-1,-1,-1,-1,-1,0
Unvalidated,2024201416581,2024,201416581,1,9,0,18,8,4,0,0,0,0,0,0,1,1,2,2,37,7,-1,-1,-1,-1,1,1,E01010031,0
Unvalidated,2024201416624,2024,201416624,1,1,0,18,8,4,0,8,0,0,0,0,3,1,5,1,28,6,-1,-1,-1,-1,1,1,E01009273,0
Unvalidated,2024201416624,2024,201416624,2,-1,0,18,8,4,0,6,0,0,0,0,1,1,5,3,-1,-1,-1,-1,-1,-1,-1,-1,-1,0