status,collision_index,collision_year,collision_reference,vehicle_reference,vehicle_type,towing_and_articulation,vehicle_manoeuvre,vehicle_direction_from,vehicle_direction_to,vehicle_location_restricted_lane,junction_location,skidding_and_overturning,hit_object_in_carriageway,vehicle_leaving_carriageway,hit_object_off_carriageway,first_point_of_impact,vehicle_left_hand_drive,journey_purpose_of_driver,sex_of_driver,age_of_driver,age_band_of_driver,engine_capacity_cc,propulsion_code,age_of_vehicle,generic_make_model,driver_imd_decile,driver_home_area_type,lsoa_of_driver,escooter_flag
Unvalidated,2024201416631,2024,201416631,1,9,0,5,1,2,0,3,0,0,0,0,3,1,5,1,55,8,-1,-1,-1,-1,4,1,E01009766,0
Unvalidated,2024201416634,2024,201416634,1,9,0,9,6,4,0,6,0,0,0,0,1,1,6,1,-1,-1,-1,-1,-1,-1,-1,-1,-1,0
Unvalidated,2024201416643,2024,201416643,1,9,0,12,2,6,0,0,0,0,0,0,1,1,5,2,88,11,-1,-1,-1,-1,9,1,E01029631,0
Unvalidated,2024201416646,2024,201416646,1,9,0,7,1,3,0,5,0,0,0,0,4,1,5,1,-1,-1,-1,-1,-1,-1,-1,-1,-1,0
Unvalidated,2024201416646,2024,201416646,2,1,0,18,8,4,0,8,0,0,0,0,3,1,6,2,24,5,-1,-1,-1,-1,1,1,E01033644,0
Unvalidated,2024201416687,2024,201416687,1,-1,-1,-1,-1,-1,0,0,-1,-1,-1,0,1,1,6,3,-1,-1,-1,-1,-1,-1,-1,-1,-1,0
Unvalidated,2024201416694,2024,201416694,1,9,0,7,3,5,0,5,0,0,0,0,1,1,6,3,-1,-1,-1,-1,-1,-1,-1,-1,-1,0
Unvalidated,2024201416704,2024,201416704,1,9,0,5,2,1,0,0,0,0,0,0,1,1,6,1,40,7,-1,-1,-1,-1,-1,-1,-1,0
Unvalidated,2024201416704,2024,201416704,2,1,0,3,2,1,0,0,5,0,0,0,2,1,3,1,13,3,-1,-1,-1,-1,2,1,E01009044,0
Unvalidated,2024201416707,2024,201416707,1,9,0,7,8,2,0,5,0,0,0,0,1,1,5,1,23,5,-1,-1,-1,-1,1,1,E01009048,0
Unvalidated,2024201416716,2024,201416716,1,9,0,18,6,2,0,0,0,0,0,0,1,1,6,1,-1,-1,-1,-1,-1,-1,-1,-1,-1,0
Unvalidated,2024201416716,2024,201416716,2,1,0,18,6,2,0,0,0,0,0,0,2,1,1,2,26,6,-1,-1,-1,-1,2,1,E01009635,0
Unvalidated,2024201416760,2024,201416760,1,9,0,7,3,5,0,5,0,0,0,0,3,1,6,1,39,7,-1,-1,-1,-1,5,1,E01008885,0
Unvalidated,2024201416820,2024,201416820,1,9,0,18,2,6,0,2,0,0,0,0,1,1,5,1,63,9,-1,-1,-1,-1,5,1,E01009779,0
Unvalidated,2024201416865,2024,201416865,1,9,0,1,3,7,0,0,0,10,0,0,2,1,6,3,-1,-1,-1,-1,-1,-1,-1,-1,-1,0
Unvalidated,2024201417000,2024,201417000,1,9,0,18,6,2,0,0,0,0,0,0,1,1,6,3,-1,-1,-1,-1,-1,-1,-1,-1,-1,0
Unvalidated,2024201417050,2024,201417050,1,9,0,12,7,3,0,0,0,0,0,0,3,1,6,1,70,10,-1,-1,-1,-1,-1,-1,-1,0
Unvalidated,2024201417050,2024,201417050,2,9,0,18,7,3,0,0,0,0,0,0,4,1,1,2,32,6,-1,-1,-1,-1,4,1,E01010002,0
Unvalidated,2024201417124,2024,201417124,1,9,0,18,1,3,0,8,0,0,0,0,1,1,6,2,30,6,-1,-1,-1,-1,-1,-1,-1,0
Unvalidated,2024201417124,2024,201417124,2,9,0,18,6,4,0,8,0,0,0,0,1,1,6,1,23,5,-1,-1,-1,-1,1,1,E01009195,0
Unvalidated,2024201417160,2024,201417160,1,9,0,18,6,3,0,1,0,0,0,0,1,1,6,1,25,5,-1,-1,-1,-1,-1,-1,-1,0
Unvalidated,2024201417160,2024,201417160,2,9,0,10,6,3,0,5,0,0,0,0,2,1,1,1,27,6,-1,-1,-1,-1,1,1,E01010456,0
Unvalidated,2024201417210,2024,201417210,1,9,0,15,2,6,0,0,0,0,0,0,1,1,6,3,-1,-1,-1,-1,-1,-1,-1,-1,-1,0
Unvalidated,2024201417232,2024,201417232,1,9,0,18,6,2,0,8,0,0,0,0,1,1,6,3,30,6,-1,-1,-1,-1,-1,-1,-1,0
Unvalidated,2024201417232,2024,201417232,2,9,0,18,7,2,0,8,0,10,1,0,4,1,6,2,43,7,-1,-1,-1,-1,5,1,E01009582,0
Unvalidated,2024201417324,2024,201417324,1,9,0,9,7,4,0,8,0,0,0,0,1,1,5,1,39,7,-1,-1,-1,-1,4,1,E01009894,0
Unvalidated,2024201417332,2024,201417332,1,9,0,5,8,6,0,6,0,0,0,0,1,1,2,2,30,6,-1,-1,-1,-1,7,1,E01009170,0
Unvalidated,2024201417332,2024,201417332,2,4,0,18,6,2,0,8,0,0,0,0,1,1,6,1,49,8,-1,-1,-1,-1,1,1,E01009498,0
Unvalidated,2024201417362,2024,201417362,1,19,0,9,8,6,0,5,0,0,0,0,4,1,2,1,28,6,-1,-1,-1,-1,1,1,E01009360,0
Unvalidated,2024201417362,2024,201417362,2,1,0,18,4,8,0,8,0,10,1,0,3,1,5,1,67,10,-1,-1,-1,-1,2,1,E01010091,0
Unvalidated,2024201417410,2024,201417410,1,9,0,18,2,6,0,0,0,0,0,0,1,1,5,2,19,4,-1,-1,-1,-1,5,1,E01009888,0
Unvalidated,2024201417449,2024,201417449,1,9,0,18,1,5,0,0,0,0,0,0,3,1,6,1,-1,-1,-1,-1,-1,-1,-1,-1,-1,0
Unvalidated,2024201417449,2024,201417449,2,9,0,2,0,0,0,0,0,0,0,0,2,1,6,2,52,8,-1,-1,-1,-1,3,1,E01010144,0
Unvalidated,2024201417449,2024,201417449,3,9,0,18,0,0,0,0,0,0,0,0,3,1,2,2,33,6,-1,-1,-1,-1,5,1,E01010109,0
Unvalidated,2024201417449,2024,201417449,4,9,0,2,0,0,0,0,0,0,0,0,1,1,6,1,62,9,-1,-1,-1,-1,3,1,E01010144,0
Unvalidated,2024201417507,2024,201417507,1,9,0,9,6,4,0,6,0,0,0,0,3,1,6,1,-1,-1,-1,-1,-1,-1,-1,-1,-1,0
Unvalidated,2024201417509,2024,201417509,1,9,0,18,1,5,0,1,0,0,0,0,1,1,5,1,27,6,-1,-1,-1,-1,4,1,E01009224,0
Unvalidated,2024201417527,2024,201417527,1,9,0,18,4,8,0,0,0,0,0,0,1,1,6,1,30,6,-1,-1,-1,-1,-1,-1,-1,0
Unvalidated,2024201417527,2024,201417527,2,9,0,18,4,8,0,0,0,0,0,0,1,1,5,2,57,9,-1,-1,-1,-1,6,1,E01010135,0
Unvalidated,2024201417527,2024,201417527,3,9,0,18,4,8,0,0,0,0,0,0,1,1,6,1,-1,-1,-1,-1,-1,-1,2,1,E01013753,0
Unvalidated,2024201417528,2024,201417528,1,9,0,18,8,4,0,2,0,0,0,0,1,1,6,1,39,7,-1,-1,-1,-1,6,1,E01009217,0
Unvalidated,2024201417559,2024,201417559,1,19,0,18,8,4,0,8,0,0,0,0,1,1,1,1,28,6,-1,-1,-1,-1,2,1,E01010019,0
Unvalidated,2024201417559,2024,201417559,2,9,0,9,4,2,0,5,0,0,0,0,1,1,5,1,39,7,-1,-1,-1,-1,4,1,E01008973,0
Unvalidated,2024201417577,2024,201417577,1,11,0,14,2,6,0,0,0,0,0,0,4,1,1,1,-1,-1,-1,-1,-1,-1,4,1,E01010015,0
Unvalidated,2024201417577,2024,201417577,2,9,0,18,2,6,0,0,0,0,0,0,3,1,6,2,30,6,-1,-1,-1,-1,2,1,E01009994,0
Unvalidated,2024201417596,2024,201417596,1,98,0,18,5,1,0,1,0,4,0,0,1,1,6,1,40,7,-1,-1,-1,-1,-1,-1,-1,0
Unvalidated,2024201417596,2024,201417596,2,9,0,2,0,0,0,1,0,0,0,0,2,1,6,1,55,8,-1,-1,-1,-1,3,1,E01029487,0
Unvalidated,2024201417604,2024,201417604,1,9,0,9,4,2,0,5,0,10,7,0,4,1,5,2,38,7,-1,-1,-1,-1,10,1,E01009903,0
Unvalidated,2024201417604,2024,201417604,2,9,0,18,2,6,0,8,0,0,0,0,1,1,5,3,40,7,-1,-1,-1,-1,-1,-1,-1,0
Unvalidated,2024201417649,2024,201417649,2,3,0,18,4,8,0,0,0,0,0,0,3,1,2,1,17,4,-1,-1,-1,-1,2,1,E01010261,0
Unvalidated,2024201417960,2024,201417960,1,9,0,18,5,1,0,0,0,4,0,0,1,1,6,1,64,9,-1,-1,-1,-1,2,1,E01010500,0
Unvalidated,2024201417960,2024,201417960,2,9,0,2,0,0,0,0,0,0,0,0,2,1,5,2,28,6,-1,-1,-1,-1,2,1,E01010503,0
Unvalidated,2024201418077,2024,201418077,1,9,0,18,8,4,0,1,0,0,0,0,1,1,1,1,-1,-1,-1,-1,-1,-1,-1,-1,-1,0
Unvalidated,2024201418077,2024,201418077,2,9,0,18,3,7,0,8,0,0,0,0,3,1,6,1,69,10,-1,-1,-1,-1,1,1,E01010374,0
Unvalidated,2024201418115,2024,201418115,1,9,0,18,4,8,0,0,0,0,0,0,1,1,6,1,19,4,-1,-1,-1,-1,6,3,E01031159,0
Unvalidated,2024201418115,2024,201418115,2,9,0,3,4,8,0,0,0,0,0,0,2,1,5,1,43,7,-1,-1,-1,-1,2,1,E01009537,0
Unvalidated,2024201418141,2024,201418141,1,9,0,5,4,8,0,0,0,4,0,0,1,1,3,2,16,4,-1,-1,-1,-1,-1,-1,-1,0
Unvalidated,2024201418141,2024,201418141,2,9,0,18,8,4,0,0,0,0,0,0,1,1,3,2,34,6,-1,-1,-1,-1,2,1,E01009742,0
Unvalidated,2024201418177,2024,201418177,1,9,0,18,6,2,0,0,0,0,0,0,1,1,6,1,30,6,-1,-1,-1,-1,-1,-1,-1,0
Unvalidated,2024201418177,2024,201418177,2,9,0,5,6,2,0,0,0,0,0,0,2,1,5,1,30,6,-1,-1,-1,-1,2,1,E01009342,0
Unvalidated,2024201418281,2024,201418281,1,9,0,18,3,8,0,1,0,0,0,0,1,1,6,1,-1,-1,-1,-1,-1,-1,-1,-1,-1,0
Unvalidated,2024201418285,2024,201418285,1,9,0,18,8,4,0,1,0,0,0,0,4,1,2,2,20,4,-1,-1,-1,-1,1,1,E01033642,0
Unvalidated,2024201418312,2024,201418312,1,9,0,18,7,3,0,0,0,0,0,0,1,1,5,2,36,7,-1,-1,-1,-1,1,1,E01008931,0
Unvalidated,2024201418359,2024,201418359,1,9,0,18,5,1,0,0,0,0,0,0,1,1,6,1,59,9,-1,-1,-1,-1,3,1,E01010538,0
Unvalidated,2024201418433,2024,201418433,1,9,0,18,3,7,0,3,0,0,0,0,1,1,2,1,39,7,-1,-1,-1,-1,9,1,E01008991,0
Unvalidated,2024201418567,2024,201418567,1,9,0,4,1,5,0,1,0,0,0,0,1,1,6,1,-1,-1,-1,-1,-1,-1,-1,-1,-1,0
Unvalidated,2024201418567,2024,201418567,2,9,0,3,1,5,0,1,0,0,0,0,2,1,6,2,29,6,-1,-1,-1,-1,4,1,E01009226,0
Unvalidated,2024201418579,2024,201418579,1,9,0,18,8,3,0,3,1,0,0,0,4,1,5,1,82,11,-1,-1,-1,-1,9,1,E01032142,0
Unvalidated,2024201418579,2024,201418579,2,9,0,18,8,4,0,8,1,0,0,0,1,1,5,1,47,8,-1,-1,-1,-1,1,1,E01029835,0
Unvalidated,2024201418735,2024,201418735,1,98,0,18,8,4,0,4,0,0,0,0,1,1,6,1,-1,-1,-1,-1,-1,-1,-1,-1,-1,0
Unvalidated,2024201418735,2024,201418735,2,9,0,18,8,4,0,4,0,0,0,0,3,1,6,2,26,6,-1,-1,-1,-1,4,1,E01009085,0
Unvalidated,2024201418812,2024,201418812,1,9,0,18,8,4,0,0,0,0,0,0,1,1,6,1,20,4,-1,-1,-1,-1,6,1,E01009036,0
Unvalidated,2024201418812,2024,201418812,2,90,0,18,3,7,0,0,0,0,0,0,3,1,6,1,25,5,-1,-1,-1,-1,6,1,E01010200,0
Unvalidated,2024201418813,2024,201418813,1,9,0,7,2,5,0,4,0,0,0,0,3,1,5,1,35,6,-1,-1,-1,-1,-1,-1,-1,0
Unvalidated,2024201418813,2024,201418813,2,1,0,18,8,4,0,8,0,0,0,0,1,1,6,1,32,6,-1,-1,-1,-1,-1,-1,-1,0
Unvalidated,2024201418814,2024,201418814,1,9,0,18,3,7,0,0,0,0,0,0,1,1,6,1,63,9,-1,-1,-1,-1,3,1,E01010085,0
Unvalidated,2024201418858,2024,201418858,1,9,0,7,7,1,0,6,0,0,0,0,1,1,6,3,20,4,-1,-1,-1,-1,-1,-1,-1,0
Unvalidated,2024201418858,2024,201418858,2,5,0,18,5,1,0,8,1,0,0,0,4,1,5,1,36,7,-1,-1,-1,-1,1,1,E01009128,0
Unvalidated,2024201418891,2024,201418891,1,9,0,18,2,3,0,4,0,0,0,0,1,1,6,1,21,5,-1,-1,-1,-1,3,1,E01009604,0
Unvalidated,2024201418891,2024,201418891,2,9,0,18,2,6,0,8,0,0,0,0,1,1,6,3,-1,-1,-1,-1,-1,-1,-1,-1,-1,0
Unvalidated,2024201418909,2024,201418909,1,9,0,18,8,5,0,2,0,0,0,0,1,1,1,1,28,6,-1,-1,-1,-1,3,1,E01010070,0
Unvalidated,2024201418949,2024,201418949,1,9,0,18,1,5,0,0,0,0,0,0,3,1,6,1,73,10,-1,-1,-1,-1,9,1,E01010255,0
Unvalidated,2024201418949,2024,201418949,2,9,0,2,0,0,0,0,0,0,0,0,0,1,6,3,-1,-1,-1,-1,-1,-1,-1,-1,-1,0
Unvalidated,2024201418971,2024,201418971,1,9,0,18,1,5,0,0,0,0,0,0,1,1,6,2,30,6,-1,-1,-1,-1,-1,-1,-1,0
Unvalidated,2024201419083,2024,201419083,1,9,0,18,3,7,0,8,0,0,0,0,1,1,5,1,29,6,-1,-1,-1,-1,6,1,E01010082,0
Unvalidated,2024201419083,2024,201419083,2,9,0,9,8,6,0,5,0,0,0,0,1,1,5,1,29,6,-1,-1,-1,-1,-1,-1,-1,0
Unvalidated,2024201419365,2024,201419365,1,9,0,1,8,4,0,2,0,0,0,0,2,1,6,1,17,4,-1,-1,-1,-1,-1,-1,-1,0
Unvalidated,2024201419365,2024,201419365,2,9,0,3,4,8,0,1,0,0,0,0,1,1,6,1,24,5,-1,-1,-1,-1,-1,-1,-1,0
Unvalidated,2024201419627,2024,201419627,1,9,0,1,4,8,9,6,0,0,0,0,2,1,6,1,38,7,-1,-1,-1,-1,6,1,E01010223,0
Unvalidated,2024201419671,2024,201419671,1,9,0,18,4,8,0,8,0,0,0,0,1,1,6,2,28,6,-1,-1,-1,-1,2,1,E01027243,0
Unvalidated,2024201419671,2024,201419671,2,9,0,9,5,3,0,1,0,0,0,0,4,1,1,2,37,7,-1,-1,-1,-1,1,1,E01009343,0
Unvalidated,2024201419701,2024,201419701,1,97,0,18,6,2,0,8,0,0,0,0,1,1,2,1,62,9,-1,-1,-1,-1,2,1,E01009981,0
Unvalidated,2024201419701,2024,201419701,2,98,0,9,8,2,0,6,0,0,0,0,3,1,1,1,44,7,-1,-1,-1,-1,2,1,E01010059,0
Unvalidated,2024201419730,2024,201419730,1,9,0,18,2,6,0,2,0,4,0,0,1,1,6,1,27,6,-1,-1,-1,-1,2,1,E01033641,0
Unvalidated,2024201419730,2024,201419730,2,98,0,2,0,0,0,2,0,0,0,0,1,1,1,1,-1,-1,-1,-1,-1,-1,-1,-1,-1,0
Unvalidated,2024201419751,2024,201419751,1,9,0,7,4,6,0,6,0,0,0,0,0,1,6,1,50,8,-1,-1,-1,-1,-1,-1,-1,0
Unvalidated,2024201419798,2024,201419798,1,9,0,17,1,1,0,1,0,0,0,0,1,1,6,2,40,7,-1,-1,-1,-1,1,1,E01009401,0
Unvalidated,2024201419798,2024,201419798,2,9,0,3,3,1,0,1,0,0,0,0,3,1,1,1,38,7,-1,-1,-1,-1,1,1,E01033642,0
Unvalidated,2024201419810,2024,201419810,1,9,0,13,5,1,0,1,0,0,0,0,1,1,6,1,32,6,-1,-1,-1,-1,8,1,E01031020,0
Unvalidated,2024201419810,2024,201419810,2,9,0,9,3,7,0,1,0,0,0,0,3,1,6,1,58,9,-1,-1,-1,-1,1,1,E01009301,0
Unvalidated,2024201419824,2024,201419824,1,1,0,18,4,2,0,8,0,0,0,0,4,1,1,1,31,6,-1,-1,-1,-1,6,1,E01009976,0
Unvalidated,2024201419824,2024,201419824,2,9,0,5,8,2,0,4,0,0,0,0,3,1,1,1,39,7,-1,-1,-1,-1,1,1,E01010415,0
Unvalidated,2024201419874,2024,201419874,1,9,0,5,4,8,9,6,0,0,0,0,4,1,2,1,61,9,-1,-1,-1,-1,-1,-1,-1,0
Unvalidated,2024201419874,2024,201419874,2,90,0,18,6,2,9,8,2,0,0,0,1,1,2,1,26,6,-1,-1,-1,-1,-1,-1,-1,1
Unvalidated,2024201419965,2024,201419965,1,9,0,18,2,5,0,8,0,0,0,0,1,1,6,2,34,6,-1,-1,-1,-1,8,3,E01031195,0
Unvalidated,2024201419965,2024,201419965,2,9,0,9,4,2,0,6,0,0,0,0,3,1,6,2,26,6,-1,-1,-1,-1,1,1,E01008882,0
Unvalidated,2024201420055,2024,201420055,1,9,0,5,7,3,0,1,0,0,0,0,1,1,6,2,-1,-1,-1,-1,-1,-1,-1,-1,-1,0
Unvalidated,2024201420060,2024,201420060,1,9,0,18,3,7,0,0,0,0,0,0,4,1,6,1,45,7,-1,-1,-1,-1,-1,-1,-1,0
Unvalidated,2024201420060,2024,201420060,2,9,0,2,0,0,0,0,0,0,0,0,3,1,6,1,34,6,-1,-1,-1,-1,2,1,E01009955,0
Unvalidated,2024201420073,2024,201420073,1,9,0,1,6,2,0,2,0,0,0,0,2,1,6,3,-1,-1,-1,-1,-1,-1,-1,-1,-1,0
Unvalidated,2024201420073,2024,201420073,2,9,0,3,2,6,0,1,0,0,0,0,1,1,6,1,44,7,-1,-1,-1,-1,-1,-1,-1,0
Unvalidated,2024201420077,2024,201420077,1,9,0,5,4,4,9,0,0,0,1,0,1,1,6,1,34,6,-1,-1,-1,-1,1,1,E01008882,0
Unvalidated,2024201420185,2024,201420185,1,9,0,5,1,8,0,4,0,0,0,0,1,1,6,1,42,7,-1,-1,-1,-1,2,1,E01010446,0
Unvalidated,2024201420185,2024,201420185,2,1,0,18,6,2,0,8,0,0,0,0,1,1,6,1,52,8,-1,-1,-1,-1,1,1,E01010107,0
Unvalidated,2024201420240,2024,201420240,1,9,0,5,7,3,0,6,0,0,0,0,4,1,6,1,36,7,-1,-1,-1,-1,-1,-1,-1,0
Unvalidated,2024201420240,2024,201420240,2,9,0,18,1,5,0,8,0,0,0,0,1,1,6,2,-1,-1,-1,-1,-1,-1,3,1,E01009587,0
Unvalidated,2024201420284,2024,201420284,1,19,0,18,2,6,0,0,0,0,0,0,1,1,1,2,23,5,-1,-1,-1,-1,1,1,E01013652,0
Unvalidated,2024201420380,2024,201420380,1,9,0,5,2,6,1,6,0,0,0,0,3,1,6,1,-1,-1,-1,-1,-1,-1,-1,-1,-1,0
Unvalidated,2024201420380,2024,201420380,2,1,0,18,8,4,1,8,0,0,0,0,1,1,1,1,31,6,-1,-1,-1,-1,2,1,E01033635,0
Unvalidated,2024201420507,2024,201420507,1,19,0,6,4,4,0,0,0,10,1,11,3,1,5,1,26,6,-1,-1,-1,-1,4,1,E01009634,0
Unvalidated,2024201420617,2024,201420617,1,9,0,1,8,4,0,0,0,0,0,0,2,1,6,1,34,6,-1,-1,-1,-1,-1,-1,-1,0
Unvalidated,2024201420638,2024,201420638,1,9,0,5,8,4,0,4,0,0,0,0,3,1,2,1,37,7,-1,-1,-1,-1,1,1,E01032890,0
Unvalidated,2024201420638,2024,201420638,2,1,0,18,2,6,0,8,0,0,0,0,1,1,5,2,68,10,-1,-1,-1,-1,-1,-1,-1,0
Unvalidated,2024201420639,2024,201420639,1,8,0,9,6,4,0,5,0,0,0,0,4,1,6,1,-1,-1,-1,-1,-1,-1,2,1,E01009090,0
Unvalidated,2024201420680,2024,201420680,1,9,0,5,2,6,0,0,0,0,0,0,1,1,6,1,-1,-1,-1,-1,-1,-1,-1,-1,-1,0
Unvalidated,2024201420706,2024,201420706,1,9,0,2,0,0,0,1,0,0,0,0,1,1,3,2,-1,-1,-1,-1,-1,-1,-1,-1,-1,0
Unvalidated,2024201420706,2024,201420706,2,19,0,18,6,2,0,8,0,0,0,0,3,1,6,1,-1,-1,-1,-1,-1,-1,-1,-1,-1,0
Unvalidated,2024201420764,2024,201420764,1,9,0,9,5,2,0,5,0,0,0,0,1,1,6,1,23,5,-1,-1,-1,-1,3,1,E01009184,0
Unvalidated,2024201420935,2024,201420935,1,9,0,18,6,2,0,0,0,0,0,0,4,1,6,1,22,5,-1,-1,-1,-1,4,1,E01009085,0
Unvalidated,2024201421008,2024,201421008,1,9,0,18,6,2,0,0,0,0,0,0,1,1,6,3,-1,-1,-1,-1,-1,-1,-1,-1,-1,0
Unvalidated,2024201421008,2024,201421008,2,19,0,18,6,2,0,0,0,0,0,0,2,1,6,3,-1,-1,-1,-1,-1,-1,-1,-1,-1,0
Unvalidated,2024201421022,2024,201421022,1,9,0,13,3,7,0,8,0,0,0,0,3,1,6,1,50,8,-1,-1,-1,-1,-1,-1,-1,0
Unvalidated,2024201421022,2024,201421022,2,9,0,8,2,8,0,8,0,0,0,0,4,1,5,2,38,7,-1,-1,-1,-1,-1,-1,-1,0
Unvalidated,2024201421058,2024,201421058,1,1,0,18,8,4,9,0,0,0,0,0,1,1,6,1,32,6,-1,-1,-1,-1,-1,-1,-1,0
Unvalidated,2024201421079,2024,201421079,1,22,0,18,3,7,0,8,0,0,0,0,3,1,5,1,82,11,-1,-1,-1,-1,-1,-1,-1,0
Unvalidated,2024201421079,2024,201421079,2,9,0,18,3,7,0,8,0,0,0,0,1,1,5,1,92,11,-1,-1,-1,-1,-1,-1,-1,0
Unvalidated,2024201421111,2024,201421111,1,9,0,18,7,3,0,0,0,0,0,0,1,1,1,1,34,6,-1,-1,-1,-1,5,1,E01031105,0
Unvalidated,2024201421111,2024,201421111,2,9,0,17,3,8,0,0,0,0,0,0,2,1,5,1,27,6,-1,-1,-1,-1,3,1,E01009701,0
Unvalidated,2024201421143,2024,201421143,1,9,0,7,2,8,0,6,0,0,0,0,1,1,6,1,60,9,-1,-1,-1,-1,-1,-1,-1,0
Unvalidated,2024201421143,2024,201421143,2,1,0,18,6,2,0,8,5,0,0,0,3,1,6,1,43,7,-1,-1,-1,-1,4,1,E01009451,0
Unvalidated,2024201421247,2024,201421247,1,9,0,18,6,2,0,1,1,0,0,0,1,1,2,1,37,7,-1,-1,-1,-1,5,1,E01009135,0
Unvalidated,2024201421247,2024,201421247,2,9,0,9,6,3,0,5,0,0,0,0,2,1,6,2,34,6,-1,-1,-1,-1,1,1,E01009125,0
Unvalidated,2024201421319,2024,201421319,1,9,0,9,2,8,0,6,0,0,0,0,1,1,6,1,38,7,-1,-1,-1,-1,3,1,E01032534,0
Unvalidated,2024201421319,2024,201421319,2,19,0,18,8,4,0,8,0,0,0,0,1,1,6,1,40,7,-1,-1,-1,-1,-1,-1,-1,0
Unvalidated,2024201421327,2024,201421327,1,9,0,18,1,5,0,6,0,0,0,0,1,1,6,1,-1,-1,-1,-1,-1,-1,6,3,W01000674,0
Unvalidated,2024201421327,2024,201421327,2,1,0,5,3,7,0,6,0,0,0,0,1,1,2,1,49,8,-1,-1,-1,-1,3,1,E01033626,0
Unvalidated,2024201421365,2024,201421365,1,9,0,5,2,6,0,8,0,0,0,0,3,1,6,1,37,7,-1,-1,-1,-1,-1,-1,-1,0
Unvalidated,2024201421365,2024,201421365,2,1,0,18,4,8,4,1,0,0,0,0,1,1,1,1,42,7,-1,-1,-1,-1,5,1,E01008951,0
Unvalidated,2024201421368,2024,201421368,1,9,0,5,6,2,0,0,0,0,0,0,3,1,6,2,57,9,-1,-1,-1,-1,5,1,E01010159,0
Unvalidated,2024201421382,2024,201421382,1,9,0,14,8,4,0,0,1,4,1,0,1,1,6,1,56,9,-1,-1,-1,-1,7,1,E01009427,0
Unvalidated,2024201421382,2024,201421382,2,9,0,3,4,8,0,0,0,4,0,0,3,1,6,1,67,10,-1,-1,-1,-1,7,1,E01029858,0
Unvalidated,2024201421382,2024,201421382,3,9,0,2,0,0,0,0,0,4,0,0,1,1,6,1,50,8,-1,-1,-1,-1,8,1,E01010360,0
Unvalidated,2024201421382,2024,201421382,4,9,0,2,0,0,0,0,0,0,0,0,1,1,6,2,32,6,-1,-1,-1,-1,9,1,E01009422,0
Unvalidated,2024201421388,2024,201421388,1,9,0,18,8,4,0,1,0,0,0,0,1,1,6,3,20,4,-1,-1,-1,-1,-1,-1,-1,0
Unvalidated,2024201421388,2024,201421388,2,9,0,3,8,4,0,1,0,0,0,0,2,1,6,1,21,5,-1,-1,-1,-1,1,1,E01009488,0
Unvalidated,2024201421392,2024,201421392,1,9,0,18,2,6,0,8,1,0,0,0,1,1,6,1,27,6,-1,-1,-1,-1,3,1,E01008933,0
Unvalidated,2024201421392,2024,201421392,2,8,0,18,6,2,0,8,0,0,0,0,4,1,6,1,49,8,-1,-1,-1,-1,1,1,E01008916,0
Unvalidated,2024201421396,2024,201421396,1,9,0,7,4,7,0,5,0,10,1,0,4,1,6,2,-1,-1,-1,-1,-1,-1,-1,-1,-1,0
Unvalidated,2024201421421,2024,201421421,1,9,0,18,5,1,0,0,0,0,0,0,1,1,6,1,40,7,-1,-1,-1,-1,-1,-1,-1,0
Unvalidated,2024201421421,2024,201421421,2,19,0,3,5,1,0,0,0,0,0,0,2,1,6,2,30,6,-1,-1,-1,-1,2,1,E01009505,0
Unvalidated,2024201421426,2024,201421426,1,9,0,7,2,4,0,0,0,0,0,0,1,1,6,1,27,6,-1,-1,-1,-1,1,1,E01009337,0
Unvalidated,2024201421427,2024,201421427,1,97,0,5,5,1,0,4,0,0,0,0,1,1,1,1,18,4,-1,-1,-1,-1,2,1,E01010239,0
Unvalidated,2024201421427,2024,201421427,2,-1,0,4,7,3,0,1,0,0,3,0,3,1,5,1,50,8,-1,-1,-1,-1,-1,-1,-1,0
Unvalidated,2024201421439,2024,201421439,1,9,0,18,7,3,0,0,0,0,0,0,3,2,6,2,20,4,-1,-1,-1,-1,-1,-1,-1,0
Unvalidated,2024201421451,2024,201421451,1,9,0,9,6,2,0,1,0,0,0,0,1,1,6,2,20,4,-1,-1,-1,-1,1,1,E01010054,0
Unvalidated,2024201421451,2024,201421451,2,9,0,18,6,2,0,8,0,10,7,0,1,1,6,3,-1,-1,-1,-1,-1,-1,-1,-1,-1,0
Unvalidated,2024201421462,2024,201421462,1,9,0,14,1,5,0,2,0,0,0,0,3,1,6,1,-1,-1,-1,-1,-1,-1,-1,-1,-1,0
Unvalidated,2024201421462,2024,201421462,2,9,0,18,5,1,0,1,0,0,0,0,1,1,6,1,74,10,-1,-1,-1,-1,8,1,E01029633,0
Unvalidated,2024201421478,2024,201421478,1,9,0,18,8,4,0,0,1,10,1,11,1,1,6,1,23,5,-1,-1,-1,-1,3,1,E01009775,0
Unvalidated,2024201421481,2024,201421481,1,9,0,5,0,1,0,0,0,0,0,0,4,1,6,1,30,6,-1,-1,-1,-1,-1,-1,-1,0
Unvalidated,2024201421481,2024,201421481,2,9,0,18,5,1,0,0,0,0,0,0,3,1,6,2,31,6,-1,-1,-1,-1,1,1,E01009485,0
Unvalidated,2024201421485,2024,201421485,1,9,0,18,1,5,0,0,0,0,0,0,0,1,6,2,42,7,-1,-1,-1,-1,2,1,E01010500,0
Unvalidated,2024201421485,2024,201421485,2,9,0,3,1,5,0,0,0,0,0,0,0,1,2,2,80,11,-1,-1,-1,-1,8,1,E01010513,0
Unvalidated,2024201421583,2024,201421583,1,9,0,18,2,2,0,1,0,0,0,0,1,1,6,1,-1,-1,-1,-1,-1,-1,-1,-1,-1,0
Unvalidated,2024201421583,2024,201421583,2,9,0,18,2,6,0,1,0,0,0,0,2,1,5,2,47,8,-1,-1,-1,-1,1,1,E01010364,0