status,collision_index,collision_year,collision_reference,vehicle_reference,vehicle_type,towing_and_articulation,vehicle_manoeuvre,vehicle_direction_from,vehicle_direction_to,vehicle_location_restricted_lane,junction_location,skidding_and_overturning,hit_object_in_carriageway,vehicle_leaving_carriageway,hit_object_off_carriageway,first_point_of_impact,vehicle_left_hand_drive,journey_purpose_of_driver,sex_of_driver,age_of_driver,age_band_of_driver,engine_capacity_cc,propulsion_code,age_of_vehicle,generic_make_model,driver_imd_decile,driver_home_area_type,lsoa_of_driver,escooter_flag
Unvalidated,2024201421592,2024,201421592,1,9,0,16,2,5,0,2,0,0,0,0,1,1,6,2,-1,-1,-1,-1,-1,-1,9,1,E01032901,0
Unvalidated,2024201421592,2024,201421592,2,9,0,16,2,5,0,2,0,0,0,0,2,1,2,2,20,4,-1,-1,-1,-1,1,1,E01008918,0
Unvalidated,2024201421611,2024,201421611,1,9,0,7,4,7,0,4,0,0,0,0,1,1,6,1,34,6,-1,-1,-1,-1,8,1,E01010333,0
Unvalidated,2024201421612,2024,201421612,1,9,0,18,8,4,0,4,0,0,0,0,4,1,6,1,58,9,-1,-1,-1,-1,10,1,E01009826,0
Unvalidated,2024201421612,2024,201421612,2,9,0,18,5,1,0,8,1,0,0,0,0,1,6,2,52,8,-1,-1,-1,-1,9,1,E01009724,0
Unvalidated,2024201421617,2024,201421617,1,9,0,9,4,8,0,6,0,0,0,0,3,1,6,1,40,7,-1,-1,-1,-1,-1,-1,-1,0
Unvalidated,2024201421617,2024,201421617,2,1,0,18,6,2,4,8,0,0,0,0,1,1,6,3,47,8,-1,-1,-1,-1,1,1,E01009376,0
Unvalidated,2024201421627,2024,201421627,1,9,0,18,2,6,0,1,0,0,0,0,4,1,6,2,-1,-1,-1,-1,-1,-1,-1,-1,-1,0
Unvalidated,2024201421710,2024,201421710,1,9,0,18,8,4,0,0,0,0,0,0,4,1,6,3,-1,-1,-1,-1,-1,-1,-1,-1,-1,0
Unvalidated,2024201421710,2024,201421710,2,9,0,18,8,4,0,0,0,0,0,0,3,1,3,2,26,6,-1,-1,-1,-1,2,1,E01010417,0
Unvalidated,2024201421713,2024,201421713,1,9,0,9,7,5,0,6,0,0,0,0,1,1,6,1,58,9,-1,-1,-1,-1,2,1,E01009509,0
Unvalidated,2024201421713,2024,201421713,2,1,0,18,1,5,0,8,0,0,0,0,3,1,6,1,60,9,-1,-1,-1,-1,1,1,E01009000,0
Unvalidated,2024201421713,2024,201421713,3,98,0,9,1,6,0,5,0,0,0,0,1,1,6,1,48,8,-1,-1,-1,-1,1,1,E01009507,0
Unvalidated,2024201421720,2024,201421720,1,9,0,18,4,8,0,8,0,0,0,0,1,1,5,2,39,7,-1,-1,-1,-1,3,1,E01014156,0
Unvalidated,2024201421720,2024,201421720,2,9,0,18,6,4,0,8,0,0,0,0,3,1,5,2,23,5,-1,-1,-1,-1,9,1,E01009692,0
Unvalidated,2024201421735,2024,201421735,1,98,0,9,6,4,0,5,0,0,0,0,1,1,1,1,57,9,-1,-1,-1,-1,5,1,E01009825,0
Unvalidated,2024201421841,2024,201421841,1,9,0,9,8,6,0,5,0,0,0,0,1,1,6,2,20,4,-1,-1,-1,-1,2,1,E01010299,0
Unvalidated,2024201421841,2024,201421841,2,1,0,18,4,8,0,8,0,0,0,0,3,1,6,1,54,8,-1,-1,-1,-1,4,1,E01010323,0
Unvalidated,2024201421926,2024,201421926,1,9,0,7,7,8,0,5,0,0,0,0,1,1,6,1,50,8,-1,-1,-1,-1,-1,-1,-1,0
Unvalidated,2024201421926,2024,201421926,2,9,0,3,8,4,0,1,0,0,0,0,3,1,5,2,43,7,-1,-1,-1,-1,1,1,E01009987,0
Unvalidated,2024201421939,2024,201421939,1,9,0,18,3,7,0,8,0,0,0,0,1,1,6,1,60,9,-1,-1,-1,-1,6,1,E01032532,0
Unvalidated,2024201421939,2024,201421939,2,9,0,18,5,1,0,8,0,0,0,0,3,1,6,2,77,11,-1,-1,-1,-1,8,1,E01009697,0
Unvalidated,2024201422026,2024,201422026,1,9,0,18,4,8,0,0,0,0,0,0,4,1,6,2,56,9,-1,-1,-1,-1,2,1,E01033641,0
Unvalidated,2024201422030,2024,201422030,1,19,0,5,4,8,0,0,0,0,0,0,1,1,6,3,40,7,-1,-1,-1,-1,-1,-1,-1,0
Unvalidated,2024201422030,2024,201422030,2,9,0,4,4,8,0,0,0,0,0,0,2,1,6,1,44,7,-1,-1,-1,-1,1,1,E01009339,0
Unvalidated,2024201422075,2024,201422075,1,9,0,9,7,3,0,0,0,0,0,0,1,1,6,2,28,6,-1,-1,-1,-1,-1,-1,-1,0
Unvalidated,2024201422075,2024,201422075,2,9,0,18,6,2,0,0,0,10,1,0,3,1,5,1,49,8,-1,-1,-1,-1,10,1,E01009470,0
Unvalidated,2024201422119,2024,201422119,1,9,0,18,7,3,0,8,0,0,0,0,1,1,1,1,41,7,-1,-1,-1,-1,7,3,E01027011,0
Unvalidated,2024201422119,2024,201422119,2,9,0,5,5,7,0,2,0,0,0,0,4,1,5,2,61,9,-1,-1,-1,-1,7,1,E01010024,0
Unvalidated,2024201422139,2024,201422139,1,9,0,9,6,4,0,5,0,0,0,0,2,1,6,1,23,5,-1,-1,-1,-1,8,1,E01010520,0
Unvalidated,2024201422139,2024,201422139,2,98,0,7,2,4,0,5,0,0,0,0,1,1,6,3,-1,-1,-1,-1,-1,-1,5,1,E01009913,0
Unvalidated,2024201422162,2024,201422162,1,9,0,5,1,5,2,0,0,0,0,0,1,1,6,3,-1,-1,-1,-1,-1,-1,-1,-1,-1,0
Unvalidated,2024201422162,2024,201422162,2,9,0,18,1,5,0,0,0,0,0,0,2,1,5,2,27,6,-1,-1,-1,-1,1,1,E01009059,0
Unvalidated,2024201422181,2024,201422181,1,9,0,2,0,0,0,1,0,0,0,0,1,2,5,1,33,6,-1,-1,-1,-1,1,1,E01009200,0
Unvalidated,2024201422181,2024,201422181,2,9,0,18,2,6,0,2,0,4,0,0,1,2,5,3,-1,-1,-1,-1,-1,-1,-1,-1,-1,0
Unvalidated,2024201422414,2024,201422414,1,9,0,9,4,2,0,2,0,0,0,0,3,1,6,1,33,6,-1,-1,-1,-1,-1,-1,-1,0
Unvalidated,2024201422505,2024,201422505,1,9,0,18,6,2,0,8,0,0,0,0,1,1,6,1,-1,-1,-1,-1,-1,-1,-1,-1,-1,0
Unvalidated,2024201422505,2024,201422505,2,9,0,4,6,2,0,2,1,0,0,0,2,1,5,1,22,5,-1,-1,-1,-1,2,1,E01010048,0
Unvalidated,2024201422554,2024,201422554,1,9,0,18,5,8,0,0,0,0,0,0,1,1,5,1,33,6,-1,-1,-1,-1,5,1,E01031021,0
Unvalidated,2024201422615,2024,201422615,1,9,0,18,6,2,0,0,0,4,0,0,4,1,6,1,20,4,-1,-1,-1,-1,-1,-1,-1,0
Unvalidated,2024201422615,2024,201422615,2,9,0,2,0,0,0,0,0,4,0,0,3,1,6,1,49,8,-1,-1,-1,-1,-1,-1,-1,0
Unvalidated,2024201422615,2024,201422615,3,9,0,2,0,0,0,0,0,4,0,0,2,1,6,1,68,10,-1,-1,-1,-1,-1,-1,-1,0
Unvalidated,2024201422706,2024,201422706,1,19,0,18,3,1,0,1,0,0,0,0,1,1,6,1,40,7,-1,-1,-1,-1,-1,-1,-1,0
Unvalidated,2024201422706,2024,201422706,2,9,0,3,3,1,0,1,0,0,0,0,2,1,5,1,45,7,-1,-1,-1,-1,10,1,E01010387,0
Unvalidated,2024201422726,2024,201422726,1,9,0,7,3,6,0,4,0,0,0,0,1,1,6,3,-1,-1,-1,-1,-1,-1,-1,-1,-1,0
Unvalidated,2024201422726,2024,201422726,2,9,0,18,2,8,0,8,0,0,0,0,3,1,6,2,33,6,-1,-1,-1,-1,-1,-1,-1,0
Unvalidated,2024201422786,2024,201422786,1,9,0,18,1,3,0,4,0,0,0,0,1,1,6,1,40,7,-1,-1,-1,-1,-1,-1,-1,0
Unvalidated,2024201422880,2024,201422880,1,19,0,9,1,3,0,5,0,0,0,0,1,1,6,1,30,6,-1,-1,-1,-1,-1,-1,-1,0
Unvalidated,2024201423033,2024,201423033,1,9,0,9,3,1,0,8,0,0,0,0,1,1,6,1,37,7,-1,-1,-1,-1,1,1,E01032889,0
Unvalidated,2024201423033,2024,201423033,2,1,0,18,1,5,0,8,0,0,0,0,3,1,6,2,63,9,-1,-1,-1,-1,1,1,E01032889,0
Unvalidated,2024201423142,2024,201423142,1,9,0,18,7,3,0,0,0,0,0,0,4,1,6,3,-1,-1,-1,-1,-1,-1,-1,-1,-1,0
Unvalidated,2024201423220,2024,201423220,1,9,0,18,2,6,0,0,0,0,0,0,1,1,6,1,35,6,-1,-1,-1,-1,2,1,E01008937,0
Unvalidated,2024201423262,2024,201423262,1,9,0,18,6,2,0,0,0,0,0,0,1,1,6,1,-1,-1,-1,-1,-1,-1,-1,-1,-1,0
Unvalidated,2024201423262,2024,201423262,2,9,0,18,6,2,0,0,0,0,0,0,2,1,2,2,43,7,-1,-1,-1,-1,-1,-1,-1,0
Unvalidated,2024201423327,2024,201423327,1,9,0,18,8,4,0,0,1,4,7,0,1,1,6,1,-1,-1,-1,-1,-1,-1,2,1,E01015794,0
Unvalidated,2024201423327,2024,201423327,2,9,0,2,0,0,0,0,0,10,1,0,2,1,6,3,-1,-1,-1,-1,-1,-1,-1,-1,-1,0
Unvalidated,2024201423327,2024,201423327,3,9,0,2,0,0,0,0,0,0,0,0,2,1,6,3,-1,-1,-1,-1,-1,-1,-1,-1,-1,0
Unvalidated,2024201423327,2024,201423327,4,9,0,2,0,0,0,0,0,0,0,0,2,1,6,3,-1,-1,-1,-1,-1,-1,-1,-1,-1,0
Unvalidated,2024201423327,2024,201423327,5,9,0,2,0,0,0,0,0,0,0,0,2,1,6,3,-1,-1,-1,-1,-1,-1,-1,-1,-1,0
Unvalidated,2024201423439,2024,201423439,1,9,0,1,6,2,0,0,0,0,0,0,2,1,6,2,40,7,-1,-1,-1,-1,-1,-1,-1,0
Unvalidated,2024201423458,2024,201423458,1,9,0,18,5,1,0,2,0,4,0,0,3,1,5,2,30,6,-1,-1,-1,-1,3,1,E01009790,0
Unvalidated,2024201423458,2024,201423458,2,19,0,2,0,0,0,2,0,4,0,0,2,1,6,3,-1,-1,-1,-1,-1,-1,-1,-1,-1,0
Unvalidated,2024201423848,2024,201423848,1,9,0,3,5,1,0,0,0,0,0,0,2,1,5,2,63,9,-1,-1,-1,-1,6,1,E01008956,0
Unvalidated,2024201423848,2024,201423848,2,9,0,3,5,1,0,0,0,0,0,0,1,1,6,1,-1,-1,-1,-1,-1,-1,-1,-1,-1,0
Unvalidated,2024201423851,2024,201423851,1,9,0,18,8,4,0,0,0,0,0,0,1,1,6,1,-1,-1,-1,-1,-1,-1,1,1,E01009943,0
Unvalidated,2024201423867,2024,201423867,1,9,0,18,2,6,0,0,0,0,0,0,1,1,6,2,-1,-1,-1,-1,-1,-1,-1,-1,-1,0
Unvalidated,2024201423867,2024,201423867,2,9,0,18,2,6,0,0,0,0,0,0,2,1,6,2,39,7,-1,-1,-1,-1,1,1,E01010053,0
Unvalidated,2024201423869,2024,201423869,1,9,0,18,1,5,0,2,0,4,2,3,1,1,6,1,25,5,-1,-1,-1,-1,8,1,E01010487,0
Unvalidated,2024201423869,2024,201423869,2,9,0,2,0,0,9,6,0,4,0,0,2,1,6,1,33,6,-1,-1,-1,-1,5,2,E01018158,0
Unvalidated,2024201423875,2024,201423875,1,98,0,18,4,8,0,0,0,0,0,0,1,1,6,1,30,6,-1,-1,-1,-1,-1,-1,-1,0
Unvalidated,2024201423875,2024,201423875,2,9,0,4,4,8,0,0,0,0,0,0,2,1,6,1,43,7,-1,-1,-1,-1,9,2,E01021740,0
Unvalidated,2024201423875,2024,201423875,3,9,0,18,4,8,0,0,0,0,0,0,2,1,6,1,-1,-1,-1,-1,-1,-1,-1,-1,-1,0
Unvalidated,2024201423905,2024,201423905,1,9,0,18,8,4,0,8,0,10,1,11,1,1,6,1,26,6,-1,-1,-1,-1,2,1,E01010533,0
Unvalidated,2024201423905,2024,201423905,2,9,0,18,6,2,0,8,0,0,0,0,1,1,6,3,-1,-1,-1,-1,-1,-1,-1,-1,-1,0
Unvalidated,2024201423912,2024,201423912,1,9,0,18,4,8,0,1,0,10,0,0,1,1,2,1,23,5,-1,-1,-1,-1,9,3,E01032177,0
Unvalidated,2024201423918,2024,201423918,1,9,0,10,4,2,0,1,0,7,6,0,2,1,5,1,31,6,-1,-1,-1,-1,7,1,E01028549,0
Unvalidated,2024201423918,2024,201423918,2,9,0,12,2,8,0,1,0,0,0,0,1,1,6,1,18,4,-1,-1,-1,-1,-1,-1,-1,0
Unvalidated,2024201423923,2024,201423923,1,9,0,17,6,2,0,8,0,9,1,0,1,1,6,1,59,9,-1,-1,-1,-1,2,1,E01009121,0
Unvalidated,2024201423939,2024,201423939,1,9,0,18,8,4,0,0,0,0,0,0,1,1,2,1,28,6,-1,-1,-1,-1,5,1,E01009245,0
Unvalidated,2024201423939,2024,201423939,2,9,0,18,5,1,0,0,0,0,0,0,1,1,6,1,-1,-1,-1,-1,-1,-1,8,1,E01009949,0
Unvalidated,2024201423958,2024,201423958,1,9,0,18,8,4,0,0,5,4,0,0,1,1,6,1,81,11,-1,-1,-1,-1,2,1,E01010020,0
Unvalidated,2024201423958,2024,201423958,2,9,0,2,0,0,0,0,0,0,0,0,4,1,6,1,38,7,-1,-1,-1,-1,1,1,E01009929,0
Unvalidated,2024201423958,2024,201423958,3,98,0,2,0,0,0,0,0,0,0,0,2,1,6,1,29,6,-1,-1,-1,-1,1,1,E01009929,0
Unvalidated,2024201424013,2024,201424013,1,9,0,7,7,1,0,5,0,10,1,0,1,1,6,1,29,6,-1,-1,-1,-1,2,1,E01009481,0
Unvalidated,2024201424122,2024,201424122,1,9,0,9,8,6,0,6,0,0,0,0,1,1,6,1,40,7,-1,-1,-1,-1,-1,-1,-1,0
Unvalidated,2024201424122,2024,201424122,2,9,0,18,2,6,0,8,0,0,0,0,3,1,5,1,18,4,-1,-1,-1,-1,-1,-1,-1,0
Unvalidated,2024201424127,2024,201424127,1,11,0,4,6,2,0,0,1,0,0,0,1,1,1,2,23,5,-1,-1,-1,-1,3,1,E01008930,0
Unvalidated,2024201424127,2024,201424127,2,9,0,4,6,2,0,0,0,0,0,0,2,1,2,2,46,8,-1,-1,-1,-1,10,1,E01010152,0
Unvalidated,2024201424127,2024,201424127,3,9,0,3,6,2,0,0,0,0,0,0,2,1,2,1,67,10,-1,-1,-1,-1,8,1,E01010209,0
Unvalidated,2024201424132,2024,201424132,1,9,0,5,6,2,0,1,0,0,0,0,1,1,6,1,63,9,-1,-1,-1,-1,1,1,E01010478,0
Unvalidated,2024201424132,2024,201424132,2,9,0,4,6,2,0,1,0,0,0,0,2,1,6,1,37,7,-1,-1,-1,-1,4,1,E01029367,0
Unvalidated,2024201424185,2024,201424185,1,9,0,18,8,6,0,0,0,0,0,0,1,1,6,1,-1,-1,-1,-1,-1,-1,-1,-1,-1,0
Unvalidated,2024201424185,2024,201424185,2,9,0,10,8,6,0,0,0,0,0,0,2,1,6,2,33,6,-1,-1,-1,-1,-1,-1,-1,0
Unvalidated,2024201424218,2024,201424218,1,9,0,18,1,5,0,1,1,0,0,0,1,1,6,1,33,6,-1,-1,-1,-1,1,1,E01009332,0
Unvalidated,2024201424218,2024,201424218,2,9,0,18,5,3,0,1,1,0,0,0,1,1,6,1,35,6,-1,-1,-1,-1,1,1,E01033637,0
Unvalidated,2024201424250,2024,201424250,1,9,0,9,2,6,0,5,5,4,7,0,1,1,5,2,35,6,-1,-1,-1,-1,9,1,E01029677,0
Unvalidated,2024201424250,2024,201424250,2,9,0,3,6,2,0,1,0,0,0,0,3,1,5,1,24,5,-1,-1,-1,-1,10,1,E01029678,0
Unvalidated,2024201424252,2024,201424252,1,9,0,18,5,1,0,6,0,0,0,0,1,1,2,2,49,8,-1,-1,-1,-1,7,1,E01032588,0
Unvalidated,2024201424386,2024,201424386,1,9,0,18,5,1,0,8,0,0,0,0,1,1,5,1,-1,-1,-1,-1,-1,-1,-1,-1,-1,0
Unvalidated,2024201424386,2024,201424386,2,9,0,5,7,3,0,8,0,0,0,0,1,1,5,1,24,5,-1,-1,-1,-1,2,1,E01009225,0
Unvalidated,2024201424515,2024,201424515,1,11,0,5,2,6,0,2,0,0,0,0,1,1,1,1,65,9,-1,-1,-1,-1,2,1,E01009029,0
Unvalidated,2024201424602,2024,201424602,1,9,0,18,4,8,0,0,0,0,0,0,1,1,6,2,31,6,-1,-1,-1,-1,4,1,E01009241,0
Unvalidated,2024201424602,2024,201424602,2,19,0,3,4,8,0,0,0,0,0,0,2,1,1,1,44,7,-1,-1,-1,-1,1,1,E01009062,0
Unvalidated,2024201424659,2024,201424659,1,90,0,18,3,7,0,0,0,0,0,0,1,1,6,3,-1,-1,-1,-1,-1,-1,-1,-1,-1,1
Unvalidated,2024201424681,2024,201424681,1,9,0,15,4,8,0,1,0,0,0,0,3,1,6,3,-1,-1,-1,-1,-1,-1,-1,-1,-1,0
Unvalidated,2024201424681,2024,201424681,2,9,0,3,4,8,0,1,0,0,0,0,2,1,6,2,71,10,-1,-1,-1,-1,2,1,E01009684,0
Unvalidated,2024201424685,2024,201424685,1,9,0,9,8,6,0,5,0,0,0,0,1,1,6,1,-1,-1,-1,-1,-1,-1,-1,-1,-1,0
Unvalidated,2024201424685,2024,201424685,2,9,0,9,6,4,0,6,0,0,0,0,1,1,6,2,34,6,-1,-1,-1,-1,3,1,E01009887,0
Unvalidated,2024201424779,2024,201424779,1,9,0,18,4,8,0,2,0,0,0,0,1,1,6,1,28,6,-1,-1,-1,-1,2,1,E01010503,0
Unvalidated,2024201424779,2024,201424779,2,9,0,18,4,8,0,2,0,0,0,0,1,1,6,3,50,8,-1,-1,-1,-1,-1,-1,-1,0
Unvalidated,2024201424810,2024,201424810,1,9,0,5,2,6,0,0,0,0,0,0,1,1,6,1,30,6,-1,-1,-1,-1,-1,-1,-1,0
Unvalidated,2024201424810,2024,201424810,2,9,0,3,2,6,0,0,0,0,0,0,2,1,6,1,28,6,-1,-1,-1,-1,4,1,E01013903,0
Unvalidated,2024201424816,2024,201424816,1,9,0,12,4,8,0,0,0,0,0,0,1,1,6,2,41,7,-1,-1,-1,-1,2,1,E01010503,0
Unvalidated,2024201424816,2024,201424816,2,90,0,18,4,8,0,0,0,0,0,0,2,1,1,1,59,9,-1,-1,-1,-1,2,1,E01010521,0
Unvalidated,2024201424846,2024,201424846,1,9,0,9,1,4,0,1,0,0,0,0,1,1,6,3,30,6,-1,-1,-1,-1,2,1,E01010071,0
Unvalidated,2024201424846,2024,201424846,2,9,0,18,4,8,0,8,0,0,0,0,3,1,5,2,28,6,-1,-1,-1,-1,3,1,E01003574,0
Unvalidated,2024201424917,2024,201424917,1,9,0,7,1,3,0,6,0,7,0,0,1,1,6,1,39,7,-1,-1,-1,-1,1,1,E01033642,0
Unvalidated,2024201424917,2024,201424917,2,9,0,18,7,3,0,8,5,7,0,0,1,1,6,2,47,8,-1,-1,-1,-1,1,1,E01008913,0
Unvalidated,2024201424923,2024,201424923,1,9,0,5,5,2,0,8,0,0,0,0,4,1,2,1,32,6,-1,-1,-1,-1,2,1,E01009050,0
Unvalidated,2024201424923,2024,201424923,2,9,0,7,6,8,0,4,0,0,0,0,3,1,6,3,22,5,-1,-1,-1,-1,-1,-1,-1,0
Unvalidated,2024201424928,2024,201424928,1,9,0,9,4,8,0,6,0,0,0,0,1,1,2,1,56,9,-1,-1,-1,-1,6,1,E01010132,0
Unvalidated,2024201424928,2024,201424928,2,9,0,18,6,2,0,8,0,0,0,0,4,1,6,1,30,6,-1,-1,-1,-1,-1,-1,-1,0
Unvalidated,2024201424943,2024,201424943,1,9,0,18,5,2,0,1,0,0,0,0,1,1,6,1,-1,-1,-1,-1,-1,-1,-1,-1,-1,0
Unvalidated,2024201425001,2024,201425001,1,9,0,1,6,2,0,2,0,0,0,0,2,1,6,3,-1,-1,-1,-1,-1,-1,-1,-1,-1,0
Unvalidated,2024201425015,2024,201425015,1,9,0,3,8,4,0,1,0,0,0,0,2,1,5,2,23,5,-1,-1,-1,-1,1,1,E01009489,0
Unvalidated,2024201425015,2024,201425015,2,21,0,18,8,4,0,1,0,0,0,0,1,1,1,1,48,8,-1,-1,-1,-1,3,1,E01002370,0
Unvalidated,2024201425076,2024,201425076,1,9,0,6,1,5,0,0,0,0,0,0,1,1,6,2,40,7,-1,-1,-1,-1,-1,-1,-1,0
Unvalidated,2024201425103,2024,201425103,1,9,0,5,8,4,0,6,0,0,0,0,3,1,5,1,51,8,-1,-1,-1,-1,4,1,E01009628,0
Unvalidated,2024201425103,2024,201425103,2,9,0,18,6,2,0,8,0,0,0,0,1,1,5,1,23,5,-1,-1,-1,-1,1,1,E01009622,0
Unvalidated,2024201425123,2024,201425123,1,9,0,9,8,6,0,5,0,0,0,0,1,1,2,2,28,6,-1,-1,-1,-1,8,3,E01032439,0
Unvalidated,2024201425123,2024,201425123,2,3,0,13,8,4,0,8,0,0,0,0,1,1,6,1,18,4,-1,-1,-1,-1,3,1,E01009777,0
Unvalidated,2024201425150,2024,201425150,1,9,0,18,3,7,0,1,0,0,0,0,1,1,6,3,-1,-1,-1,-1,-1,-1,-1,-1,-1,0
Unvalidated,2024201425150,2024,201425150,2,1,0,18,1,5,0,1,0,0,0,0,1,1,6,1,16,4,-1,-1,-1,-1,-1,-1,-1,0
Unvalidated,2024201425172,2024,201425172,1,9,0,18,7,3,0,2,0,7,0,0,1,1,2,1,76,11,-1,-1,-1,-1,-1,-1,-1,0
Unvalidated,2024201425232,2024,201425232,1,9,0,18,2,6,0,0,0,0,0,0,2,1,6,1,42,7,-1,-1,-1,-1,1,1,E01010061,0
Unvalidated,2024201425232,2024,201425232,2,9,0,18,2,6,0,0,0,0,0,0,1,1,6,1,37,7,-1,-1,-1,-1,1,1,E01009351,0
Unvalidated,2024201425241,2024,201425241,1,9,0,18,5,1,0,0,0,0,0,0,2,1,6,2,57,9,-1,-1,-1,-1,1,1,E01009952,0
Unvalidated,2024201425241,2024,201425241,2,19,0,18,5,1,0,0,0,0,0,0,1,1,6,1,40,7,-1,-1,-1,-1,-1,-1,-1,0
Unvalidated,2024201425249,2024,201425249,1,9,0,18,4,8,0,8,0,0,0,0,3,1,6,2,25,5,-1,-1,-1,-1,9,1,E01010206,0
Unvalidated,2024201425249,2024,201425249,2,4,0,7,6,8,0,6,0,0,0,0,4,1,6,1,36,7,-1,-1,-1,-1,3,1,E01008933,0
Unvalidated,2024201425264,2024,201425264,1,9,0,18,6,8,0,1,0,0,0,0,1,1,6,1,20,4,-1,-1,-1,-1,-1,-1,-1,0
Unvalidated,2024201425264,2024,201425264,2,9,0,18,6,8,0,1,0,0,0,0,2,1,5,1,45,7,-1,-1,-1,-1,4,3,E01029003,0
Unvalidated,2024201425317,2024,201425317,1,9,0,18,4,8,0,6,0,10,2,4,1,1,6,1,22,5,-1,-1,-1,-1,1,1,E01009350,0
Unvalidated,2024201425317,2024,201425317,2,9,0,18,2,6,0,2,0,0,0,0,4,1,6,2,45,7,-1,-1,-1,-1,7,3,E01032375,0
Unvalidated,2024201425359,2024,201425359,1,9,0,18,4,8,0,8,0,0,0,0,1,1,6,3,-1,-1,-1,-1,-1,-1,-1,-1,-1,0
Unvalidated,2024201425359,2024,201425359,2,9,0,10,4,2,0,8,0,0,0,0,2,1,6,1,47,8,-1,-1,-1,-1,5,1,E01009235,0
Unvalidated,2024201425361,2024,201425361,1,8,0,18,2,6,0,4,0,0,0,0,3,1,2,1,39,7,-1,-1,-1,-1,2,1,E01008884,0
Unvalidated,2024201425361,2024,201425361,2,1,0,18,4,8,0,3,0,0,0,0,4,1,6,1,55,8,-1,-1,-1,-1,1,1,E01009326,0
Unvalidated,2024201425362,2024,201425362,1,9,0,5,4,4,0,1,0,0,0,0,1,1,6,2,35,6,-1,-1,-1,-1,-1,-1,-1,0
Unvalidated,2024201425362,2024,201425362,2,90,0,5,6,2,0,8,0,0,0,0,3,1,2,2,5,1,-1,-1,-1,-1,3,1,E01008936,0
Unvalidated,2024201425368,2024,201425368,1,9,0,12,1,5,0,0,0,0,0,0,3,2,6,1,30,6,-1,-1,-1,-1,-1,-1,-1,0
Unvalidated,2024201425368,2024,201425368,2,9,0,18,1,5,0,0,0,0,0,0,4,1,6,2,22,5,-1,-1,-1,-1,1,1,E01008905,0
Unvalidated,2024201425429,2024,201425429,1,9,0,7,4,6,0,5,0,0,0,0,1,1,6,1,18,4,-1,-1,-1,-1,-1,-1,-1,0
Unvalidated,2024201425431,2024,201425431,1,9,0,7,6,8,0,5,0,0,0,0,1,1,6,3,-1,-1,-1,-1,-1,-1,-1,-1,-1,0
Unvalidated,2024201425431,2024,201425431,2,1,0,18,6,2,0,8,0,0,0,0,2,1,6,1,26,6,-1,-1,-1,-1,1,1,E01033628,0
Unvalidated,2024201425527,2024,201425527,1,19,0,9,3,8,0,5,0,0,0,0,1,1,6,1,58,9,-1,-1,-1,-1,1,1,E01010464,0
Unvalidated,2024201425527,2024,201425527,2,9,0,18,7,3,0,8,0,10,7,11,1,1,6,2,19,4,-1,-1,-1,-1,1,1,E01008899,0
Unvalidated,2024201425528,2024,201425528,1,19,0,9,3,8,0,5,0,0,0,0,1,1,6,1,58,9,-1,-1,-1,-1,1,1,E01010464,0
Unvalidated,2024201425528,2024,201425528,2,9,0,18,7,3,0,8,0,10,7,11,1,1,6,2,19,4,-1,-1,-1,-1,1,1,E01008899,0
Unvalidated,2024201425622,2024,201425622,1,9,0,7,6,2,0,5,0,0,0,0,1,1,5,1,41,7,-1,-1,-1,-1,1,1,E01009192,0
Unvalidated,2024201425622,2024,201425622,2,19,0,9,8,4,0,6,0,0,0,0,3,1,6,1,61,9,-1,-1,-1,-1,7,1,E01009443,0
Unvalidated,2024201425635,2024,201425635,1,9,0,18,5,3,0,0,0,0,0,0,1,1,6,1,-1,-1,-1,-1,-1,-1,-1,-1,-1,0
Unvalidated,2024201425635,2024,201425635,2,9,0,18,5,2,0,0,0,0,0,0,2,1,6,2,40,7,-1,-1,-1,-1,-1,-1,-1,0
Unvalidated,2024201425684,2024,201425684,1,9,0,13,7,3,4,0,0,0,0,0,1,1,6,1,57,9,-1,-1,-1,-1,2,1,E01010531,0
Unvalidated,2024201425693,2024,201425693,1,19,0,4,4,8,0,0,0,0,0,0,2,1,2,1,30,6,-1,-1,-1,-1,2,1,E01010309,0
Unvalidated,2024201425693,2024,201425693,2,9,0,11,4,8,0,0,0,0,0,0,1,1,6,3,-1,-1,-1,-1,-1,-1,-1,-1,-1,0
Unvalidated,2024201425742,2024,201425742,1,9,0,18,1,5,0,8,0,0,0,0,1,1,6,1,39,7,-1,-1,-1,-1,8,1,E01010124,0
Unvalidated,2024201425742,2024,201425742,2,9,0,18,7,3,0,8,0,0,0,0,4,1,6,1,21,5,-1,-1,-1,-1,1,1,E01009310,0
Unvalidated,2024201425815,2024,201425815,1,9,0,18,2,4,0,1,0,0,0,0,1,1,6,1,59,9,-1,-1,-1,-1,-1,-1,-1,0
Unvalidated,2024201425815,2024,201425815,2,9,0,3,2,6,0,1,0,0,0,0,2,1,2,2,46,8,-1,-1,-1,-1,2,1,E01009744,0
Unvalidated,2024201425826,2024,201425826,1,9,0,18,4,2,0,0,0,0,0,0,1,1,6,1,50,8,-1,-1,-1,-1,-1,-1,-1,0
Unvalidated,2024201425826,2024,201425826,2,1,0,18,4,8,0,0,0,0,0,0,2,1,6,1,18,4,-1,-1,-1,-1,1,1,E01009274,0
Unvalidated,2024201425858,2024,201425858,1,9,0,18,8,4,0,2,0,0,0,0,1,1,6,3,-1,-1,-1,-1,-1,-1,-1,-1,-1,0
Unvalidated,2024201425858,2024,201425858,2,9,0,18,8,4,0,2,0,10,7,11,2,1,1,1,43,7,-1,-1,-1,-1,2,1,E01010362,0