status,collision_index,collision_year,collision_reference,vehicle_reference,vehicle_type,towing_and_articulation,vehicle_manoeuvre,vehicle_direction_from,vehicle_direction_to,vehicle_location_restricted_lane,junction_location,skidding_and_overturning,hit_object_in_carriageway,vehicle_leaving_carriageway,hit_object_off_carriageway,first_point_of_impact,vehicle_left_hand_drive,journey_purpose_of_driver,sex_of_driver,age_of_driver,age_band_of_driver,engine_capacity_cc,propulsion_code,age_of_vehicle,generic_make_model,driver_imd_decile,driver_home_area_type,lsoa_of_driver,escooter_flag
Unvalidated,2024201426008,2024,201426008,1,9,0,18,6,2,0,8,0,0,0,0,1,1,6,1,23,5,-1,-1,-1,-1,9,1,E01009804,0
Unvalidated,2024201426008,2024,201426008,2,9,0,18,1,5,0,8,0,7,4,1,4,1,6,2,49,8,-1,-1,-1,-1,10,1,E01032138,0
Unvalidated,2024201426051,2024,201426051,1,9,0,18,4,8,0,0,1,7,0,0,1,1,6,1,21,5,-1,-1,-1,-1,1,1,E01008910,0
Unvalidated,2024201426053,2024,201426053,1,9,0,7,1,7,0,4,0,0,0,0,4,1,6,1,22,5,-1,-1,-1,-1,-1,-1,-1,0
Unvalidated,2024201426053,2024,201426053,2,9,0,7,1,1,0,4,0,0,0,0,3,1,1,1,40,7,-1,-1,-1,-1,6,1,E01032591,0
Unvalidated,2024201426058,2024,201426058,1,9,0,14,2,6,0,0,0,4,0,0,1,1,6,3,-1,-1,-1,-1,-1,-1,-1,-1,-1,0
Unvalidated,2024201426058,2024,201426058,2,9,0,2,0,0,0,0,0,0,0,0,3,1,1,1,53,8,-1,-1,-1,-1,4,1,E01009970,0
Unvalidated,2024201426070,2024,201426070,1,9,0,18,2,6,0,3,0,0,0,0,1,1,6,3,-1,-1,-1,-1,-1,-1,-1,-1,-1,0
Unvalidated,2024201426070,2024,201426070,2,9,0,18,6,2,0,1,0,0,0,0,1,1,6,2,63,9,-1,-1,-1,-1,5,1,E01033058,0
Unvalidated,2024201426076,2024,201426076,1,9,0,18,2,6,0,0,0,0,0,0,1,1,6,1,-1,-1,-1,-1,-1,-1,-1,-1,-1,0
Unvalidated,2024201426076,2024,201426076,2,9,0,3,2,6,0,0,0,0,0,0,2,1,6,2,46,8,-1,-1,-1,-1,4,1,E01009750,0
Unvalidated,2024201426180,2024,201426180,1,9,0,5,8,4,0,0,0,0,0,0,3,1,6,2,35,6,-1,-1,-1,-1,-1,-1,-1,0
Unvalidated,2024201426180,2024,201426180,2,3,0,3,8,4,0,0,0,0,0,0,3,1,6,1,22,5,-1,-1,-1,-1,1,1,E01008914,0
Unvalidated,2024201426428,2024,201426428,1,9,0,18,2,6,0,0,0,0,0,0,4,1,5,1,37,7,-1,-1,-1,-1,1,1,E01009881,0
Unvalidated,2024201426462,2024,201426462,1,9,0,18,3,7,0,8,0,0,0,0,1,1,6,1,17,4,-1,-1,-1,-1,3,1,E01001479,0
Unvalidated,2024201426462,2024,201426462,2,8,0,18,5,1,0,8,1,10,1,0,3,1,5,1,39,7,-1,-1,-1,-1,1,1,E01009192,0
Unvalidated,2024201426629,2024,201426629,1,9,0,18,3,7,0,0,0,0,0,0,1,1,6,1,35,6,-1,-1,-1,-1,-1,-1,-1,0
Unvalidated,2024201426657,2024,201426657,1,9,0,18,8,4,0,1,0,0,0,0,1,1,6,1,-1,-1,-1,-1,-1,-1,-1,-1,-1,0
Unvalidated,2024201426657,2024,201426657,2,1,0,18,8,4,0,1,0,0,0,0,2,1,6,1,53,8,-1,-1,-1,-1,-1,-1,-1,0
Unvalidated,2024201426672,2024,201426672,1,9,0,18,6,2,0,3,0,0,0,0,1,1,6,1,-1,-1,-1,-1,-1,-1,-1,-1,-1,0
Unvalidated,2024201426672,2024,201426672,2,1,0,7,1,2,0,3,0,0,0,0,2,1,6,1,22,5,-1,-1,-1,-1,1,1,E01009477,0
Unvalidated,2024201426837,2024,201426837,1,9,0,18,7,3,0,0,0,0,0,0,1,1,6,1,-1,-1,-1,-1,-1,-1,-1,-1,-1,0
Unvalidated,2024201426855,2024,201426855,1,9,0,18,2,6,0,4,0,0,0,0,1,1,6,1,25,5,-1,-1,-1,-1,-1,-1,-1,0
Unvalidated,2024201426855,2024,201426855,2,9,0,7,6,7,0,3,0,0,0,0,1,1,5,2,24,5,-1,-1,-1,-1,2,1,E01009508,0
Unvalidated,2024201427015,2024,201427015,1,9,0,17,1,6,0,0,0,10,1,0,1,1,5,1,53,8,-1,-1,-1,-1,1,1,E01010032,0
Unvalidated,2024201427050,2024,201427050,1,9,0,5,5,1,0,3,0,0,0,0,4,1,6,3,43,7,-1,-1,-1,-1,2,1,E01009754,0
Unvalidated,2024201427050,2024,201427050,2,9,0,5,4,8,0,3,0,0,0,0,3,1,6,1,43,7,-1,-1,-1,-1,1,1,E01009733,0
Unvalidated,2024201427056,2024,201427056,1,9,0,18,7,3,0,8,0,0,0,0,1,1,6,3,-1,-1,-1,-1,-1,-1,-1,-1,-1,0
Unvalidated,2024201427056,2024,201427056,2,9,0,9,3,6,0,5,0,0,0,0,1,1,6,2,69,10,-1,-1,-1,-1,2,1,E01010506,0
Unvalidated,2024201427093,2024,201427093,1,11,0,18,4,8,0,0,0,0,0,0,1,1,1,1,60,9,-1,-1,-1,-1,6,1,E01010079,0
Unvalidated,2024201427183,2024,201427183,1,9,0,1,5,1,9,0,0,0,0,0,2,1,5,1,37,7,-1,-1,-1,-1,-1,-1,-1,0
Unvalidated,2024201427210,2024,201427210,1,9,0,8,3,5,0,1,0,0,0,0,1,1,6,1,28,6,-1,-1,-1,-1,-1,-1,-1,0
Unvalidated,2024201427210,2024,201427210,2,9,0,9,5,3,0,6,0,0,0,0,3,1,2,1,42,7,-1,-1,-1,-1,2,1,E01010412,0
Unvalidated,2024201427271,2024,201427271,1,9,0,3,7,3,0,0,0,0,0,0,2,1,6,1,24,5,-1,-1,-1,-1,1,1,E01009612,0
Unvalidated,2024201427271,2024,201427271,2,9,0,18,8,4,0,0,0,0,0,0,1,1,5,1,56,9,-1,-1,-1,-1,1,1,E01009640,0
Unvalidated,2024201427366,2024,201427366,1,9,0,18,8,4,0,0,0,0,0,0,1,1,3,2,40,7,-1,-1,-1,-1,6,1,E01010358,0
Unvalidated,2024201427366,2024,201427366,2,9,0,4,8,4,0,0,0,0,0,0,2,1,1,1,23,5,-1,-1,-1,-1,4,1,E01032254,0
Unvalidated,2024201427385,2024,201427385,1,1,0,18,8,4,0,8,0,0,0,0,3,1,1,1,18,4,-1,-1,-1,-1,3,1,E01009239,0
Unvalidated,2024201427385,2024,201427385,2,9,0,5,2,6,0,6,0,0,0,0,1,1,5,2,44,7,-1,-1,-1,-1,5,1,E01010026,0
Unvalidated,2024201427386,2024,201427386,1,9,0,18,6,2,0,8,0,0,0,0,1,1,6,3,-1,-1,-1,-1,-1,-1,-1,-1,-1,0
Unvalidated,2024201427386,2024,201427386,2,9,0,9,4,2,0,6,0,0,0,0,4,1,6,1,34,6,-1,-1,-1,-1,1,1,E01033645,0
Unvalidated,2024201427429,2024,201427429,1,9,0,16,3,6,0,0,0,0,0,0,1,1,5,1,21,5,-1,-1,-1,-1,3,1,E01009792,0
Unvalidated,2024201427454,2024,201427454,1,19,0,18,8,4,0,8,0,0,0,0,1,1,6,1,-1,-1,-1,-1,-1,-1,-1,-1,-1,0
Unvalidated,2024201427454,2024,201427454,2,8,0,18,8,4,0,8,0,0,0,0,2,1,1,1,-1,-1,-1,-1,-1,-1,-1,-1,-1,0
Unvalidated,2024201427485,2024,201427485,1,-1,0,18,8,4,0,0,0,0,0,0,1,1,5,3,-1,-1,-1,-1,-1,-1,-1,-1,-1,0
Unvalidated,2024201427508,2024,201427508,1,9,0,5,4,8,0,0,0,0,0,0,1,1,5,1,22,5,-1,-1,-1,-1,5,3,E01032404,0
Unvalidated,2024201427527,2024,201427527,1,9,0,18,7,3,0,6,0,0,0,0,3,1,6,2,28,6,-1,-1,-1,-1,1,1,E01009195,0
Unvalidated,2024201427527,2024,201427527,2,9,0,18,1,5,0,8,0,0,0,0,1,1,1,2,49,8,-1,-1,-1,-1,1,1,E01010033,0
Unvalidated,2024201427530,2024,201427530,1,9,0,12,4,8,0,0,0,0,0,0,4,1,1,1,27,6,-1,-1,-1,-1,2,1,E01009623,0
Unvalidated,2024201427545,2024,201427545,1,9,0,7,8,2,0,5,0,0,0,0,1,1,6,1,29,6,-1,-1,-1,-1,1,1,E01009371,0
Unvalidated,2024201427571,2024,201427571,1,9,0,9,8,5,0,5,0,0,0,0,4,1,6,1,23,5,-1,-1,-1,-1,10,1,E01033061,0
Unvalidated,2024201427571,2024,201427571,2,11,0,5,4,8,0,8,0,0,0,0,1,1,1,1,57,9,-1,-1,-1,-1,1,1,E01009987,0
Unvalidated,2024201427644,2024,201427644,1,9,0,18,8,4,0,1,0,4,0,0,1,1,6,3,-1,-1,-1,-1,-1,-1,1,1,E01009379,0
Unvalidated,2024201427644,2024,201427644,2,9,0,10,8,6,0,1,0,0,0,0,4,1,5,2,32,6,-1,-1,-1,-1,3,1,E01009315,0
Unvalidated,2024201427652,2024,201427652,1,9,0,18,6,2,0,4,0,0,0,0,1,1,6,1,20,4,-1,-1,-1,-1,-1,-1,-1,0
Unvalidated,2024201427652,2024,201427652,2,9,0,7,7,2,0,3,0,0,0,0,4,1,5,2,49,8,-1,-1,-1,-1,-1,-1,-1,0
Unvalidated,2024201427770,2024,201427770,1,9,0,9,6,4,0,6,0,0,0,0,1,1,1,2,26,6,-1,-1,-1,-1,1,1,E01009341,0
Unvalidated,2024201427770,2024,201427770,2,9,0,18,5,1,0,1,0,0,0,0,1,1,2,2,26,6,-1,-1,-1,-1,1,1,E01009406,0
Unvalidated,2024201427783,2024,201427783,1,9,0,4,6,2,0,0,0,0,0,0,1,1,2,1,42,7,-1,-1,-1,-1,1,1,E01010532,0
Unvalidated,2024201427783,2024,201427783,2,9,0,3,6,2,0,0,0,0,0,0,2,1,2,1,64,9,-1,-1,-1,-1,1,1,E01010452,0
Unvalidated,2024201428047,2024,201428047,1,9,0,5,3,7,0,2,0,0,0,0,1,1,6,1,30,6,-1,-1,-1,-1,-1,-1,-1,0
Unvalidated,2024201428050,2024,201428050,1,9,0,13,6,2,0,0,0,0,0,0,1,1,6,1,-1,-1,-1,-1,-1,-1,-1,-1,-1,0
Unvalidated,2024201428050,2024,201428050,2,9,0,18,2,6,0,0,0,0,0,0,3,1,6,1,31,6,-1,-1,-1,-1,10,2,E01029439,0
Unvalidated,2024201428061,2024,201428061,1,8,0,1,4,8,0,8,0,0,0,0,2,1,1,1,40,7,-1,-1,-1,-1,-1,-1,-1,0
Unvalidated,2024201428075,2024,201428075,1,11,0,18,2,6,0,4,0,0,0,0,1,1,1,1,27,6,-1,-1,-1,-1,-1,-1,-1,0
Unvalidated,2024201428075,2024,201428075,2,9,0,6,2,2,0,4,0,0,0,0,3,1,6,2,51,8,-1,-1,-1,-1,10,1,E01032139,0
Unvalidated,2024201428179,2024,201428179,1,9,0,14,8,4,0,1,0,0,0,0,1,1,6,1,18,4,-1,-1,-1,-1,8,1,E01009794,0
Unvalidated,2024201428202,2024,201428202,1,9,0,13,4,8,0,8,0,0,0,0,1,1,2,1,37,7,-1,-1,-1,-1,6,1,E01032591,0
Unvalidated,2024201428202,2024,201428202,2,9,0,9,4,2,0,5,0,0,0,0,3,1,2,1,26,6,-1,-1,-1,-1,2,1,E01010001,0
Unvalidated,2024201428239,2024,201428239,1,3,0,18,7,3,0,0,2,10,0,0,2,1,5,1,21,5,-1,-1,-1,-1,1,1,E01010061,0
Unvalidated,2024201428239,2024,201428239,2,9,0,5,7,3,0,0,0,0,0,0,1,1,5,1,46,8,-1,-1,-1,-1,9,1,E01010208,0
Unvalidated,2024201428261,2024,201428261,1,9,0,18,4,8,0,4,0,0,0,0,2,1,5,3,-1,-1,-1,-1,-1,-1,-1,-1,-1,0
Unvalidated,2024201428261,2024,201428261,2,1,0,18,6,2,0,4,0,0,0,0,1,1,5,1,22,5,-1,-1,-1,-1,1,1,E01009477,0
Unvalidated,2024201428329,2024,201428329,1,9,0,18,5,1,0,1,0,0,0,0,1,1,1,1,27,6,-1,-1,-1,-1,1,1,E01009079,0
Unvalidated,2024201428329,2024,201428329,2,1,0,18,5,1,0,1,5,0,0,0,1,1,1,1,49,8,-1,-1,-1,-1,1,1,E01009396,0
Unvalidated,2024201428369,2024,201428369,1,9,0,18,8,4,0,0,1,10,1,4,3,1,2,1,43,7,-1,-1,-1,-1,10,1,E01010173,0
Unvalidated,2024201428411,2024,201428411,1,9,0,18,2,6,0,8,0,0,0,0,1,1,6,3,-1,-1,-1,-1,-1,-1,-1,-1,-1,0
Unvalidated,2024201428411,2024,201428411,2,9,0,18,2,6,0,8,0,0,0,0,1,1,6,2,24,5,-1,-1,-1,-1,-1,-1,-1,0
Unvalidated,2024201428423,2024,201428423,1,9,0,9,6,4,0,5,0,0,0,0,1,1,6,3,-1,-1,-1,-1,-1,-1,-1,-1,-1,0
Unvalidated,2024201428539,2024,201428539,1,8,0,9,7,5,0,5,0,0,0,0,1,1,6,1,51,8,-1,-1,-1,-1,9,1,E01009735,0
Unvalidated,2024201428586,2024,201428586,1,9,0,7,8,2,0,6,0,0,0,0,1,1,6,1,20,4,-1,-1,-1,-1,-1,-1,-1,0
Unvalidated,2024201428586,2024,201428586,2,9,0,18,6,2,0,8,0,0,0,0,3,1,6,2,43,7,-1,-1,-1,-1,7,1,E01009474,0
Unvalidated,2024201428603,2024,201428603,1,9,0,11,5,1,0,0,0,0,0,0,4,1,6,1,44,7,-1,-1,-1,-1,-1,-1,-1,0
Unvalidated,2024201428603,2024,201428603,2,9,0,18,5,1,0,0,0,0,0,0,3,1,5,1,26,6,-1,-1,-1,-1,4,1,E01009226,0
Unvalidated,2024201428614,2024,201428614,1,9,0,18,2,6,0,6,0,0,0,0,1,1,6,1,34,6,-1,-1,-1,-1,1,1,E01010453,0
Unvalidated,2024201428614,2024,201428614,2,9,0,18,4,8,0,8,0,10,7,0,4,1,6,2,20,4,-1,-1,-1,-1,1,1,E01010452,0
Unvalidated,2024201428619,2024,201428619,1,19,0,18,6,2,0,1,0,0,0,0,1,1,6,1,35,6,-1,-1,-1,-1,8,1,E01010209,0
Unvalidated,2024201428619,2024,201428619,2,9,0,4,6,2,0,1,0,0,0,0,2,1,5,2,31,6,-1,-1,-1,-1,3,1,E01008977,0
Unvalidated,2024201428651,2024,201428651,1,9,0,18,2,6,0,1,0,0,0,0,1,1,6,2,45,7,-1,-1,-1,-1,-1,-1,-1,0
Unvalidated,2024201428652,2024,201428652,1,8,0,3,5,1,0,1,0,0,0,0,1,1,6,1,40,7,-1,-1,-1,-1,-1,-1,-1,0
Unvalidated,2024201428652,2024,201428652,2,9,0,3,5,1,0,1,0,0,0,0,2,1,1,2,23,5,-1,-1,-1,-1,2,1,E01010106,0
Unvalidated,2024201428667,2024,201428667,1,9,0,12,2,6,0,0,0,0,0,0,1,1,6,2,28,6,-1,-1,-1,-1,1,1,E01010095,0
Unvalidated,2024201428667,2024,201428667,2,9,0,18,2,6,0,0,0,0,0,0,1,1,6,2,25,5,-1,-1,-1,-1,1,1,E01009762,0
Unvalidated,2024201428728,2024,201428728,1,9,0,18,6,2,0,0,0,0,0,0,1,1,5,1,18,4,-1,-1,-1,-1,1,1,E01009638,0
Unvalidated,2024201428739,2024,201428739,1,9,0,9,6,2,0,4,1,7,0,0,1,1,6,3,-1,-1,-1,-1,-1,-1,-1,-1,-1,0
Unvalidated,2024201428739,2024,201428739,2,9,0,10,6,4,0,1,0,0,0,0,0,1,1,2,34,6,-1,-1,-1,-1,5,1,E01009234,0
Unvalidated,2024201428739,2024,201428739,3,9,0,2,0,0,0,8,0,0,0,0,3,1,1,1,50,8,-1,-1,-1,-1,2,1,E01010028,0
Unvalidated,2024201428783,2024,201428783,1,9,0,18,8,4,0,0,0,0,0,0,1,1,5,1,65,9,-1,-1,-1,-1,2,1,E01009935,0
Unvalidated,2024201428845,2024,201428845,1,9,0,18,3,7,0,1,0,0,0,0,1,1,6,2,48,8,-1,-1,-1,-1,5,1,E01009905,0
Unvalidated,2024201428850,2024,201428850,1,9,0,7,8,2,0,6,0,0,0,0,1,1,2,2,34,6,-1,-1,-1,-1,5,1,E01009582,0
Unvalidated,2024201428850,2024,201428850,2,1,0,18,2,6,9,8,0,0,0,0,3,1,2,1,38,7,-1,-1,-1,-1,2,1,E01009656,0
Unvalidated,2024201428890,2024,201428890,1,9,0,18,4,8,0,2,0,0,0,0,4,1,6,1,35,6,-1,-1,-1,-1,2,1,E01010048,0
Unvalidated,2024201429057,2024,201429057,1,19,0,18,4,8,0,0,0,0,0,0,3,1,6,3,-1,-1,-1,-1,-1,-1,-1,-1,-1,0
Unvalidated,2024201429057,2024,201429057,2,9,0,18,4,8,0,0,0,0,0,0,4,1,1,1,41,7,-1,-1,-1,-1,2,1,E01010408,0
Unvalidated,2024201429060,2024,201429060,1,9,0,12,3,7,0,1,0,0,0,0,3,1,6,3,-1,-1,-1,-1,-1,-1,-1,-1,-1,0
Unvalidated,2024201429060,2024,201429060,2,9,0,4,3,7,0,1,0,0,0,0,4,1,5,2,30,6,-1,-1,-1,-1,8,1,E01009822,0
Unvalidated,2024201429114,2024,201429114,1,9,0,3,6,2,0,0,0,10,1,0,2,1,6,2,45,7,-1,-1,-1,-1,-1,-1,-1,0
Unvalidated,2024201429114,2024,201429114,2,9,0,18,6,2,0,0,0,0,0,0,2,1,6,2,70,10,-1,-1,-1,-1,-1,-1,-1,0
Unvalidated,2024201429129,2024,201429129,1,9,0,13,6,2,0,8,0,0,0,0,1,1,6,3,-1,-1,-1,-1,-1,-1,-1,-1,-1,0
Unvalidated,2024201429129,2024,201429129,2,8,0,14,6,2,0,8,0,0,0,0,2,1,1,1,62,9,-1,-1,-1,-1,1,1,E01010532,0
Unvalidated,2024201429220,2024,201429220,1,97,0,18,8,4,0,4,0,0,0,0,1,1,6,1,15,3,-1,-1,-1,-1,-1,-1,-1,0
Unvalidated,2024201429220,2024,201429220,2,9,0,18,6,2,0,4,0,0,0,0,4,1,5,1,48,8,-1,-1,-1,-1,8,1,E01010352,0
Unvalidated,2024201429225,2024,201429225,1,9,0,9,1,2,0,0,0,10,1,0,1,1,6,1,40,7,-1,-1,-1,-1,-1,-1,-1,0
Unvalidated,2024201429258,2024,201429258,1,9,0,18,5,1,0,0,0,0,0,0,1,1,6,1,16,4,-1,-1,-1,-1,-1,-1,-1,0
Unvalidated,2024201429258,2024,201429258,2,90,0,18,5,1,0,0,0,0,0,0,1,1,6,1,14,3,-1,-1,-1,-1,1,1,E01009962,1
Unvalidated,2024201429367,2024,201429367,1,9,0,4,4,2,0,2,0,0,0,0,2,1,5,1,24,5,-1,-1,-1,-1,2,1,E01009340,0
Unvalidated,2024201429367,2024,201429367,2,9,0,4,6,2,0,2,0,0,0,0,1,1,2,1,59,9,-1,-1,-1,-1,2,1,E01008897,0
Unvalidated,2024201429373,2024,201429373,1,9,0,9,5,4,0,5,0,0,0,0,1,2,6,2,25,5,-1,-1,-1,-1,5,1,E01009179,0
Unvalidated,2024201429373,2024,201429373,2,9,0,18,2,6,0,8,0,0,0,0,3,2,6,2,61,9,-1,-1,-1,-1,6,1,E01009207,0
Unvalidated,2024201429408,2024,201429408,1,9,0,18,6,2,0,0,0,0,0,0,1,1,6,1,35,6,-1,-1,-1,-1,6,1,E01009776,0
Unvalidated,2024201429408,2024,201429408,2,9,0,18,2,6,0,0,0,0,0,0,2,1,6,2,38,7,-1,-1,-1,-1,-1,-1,-1,0
Unvalidated,2024201429617,2024,201429617,1,9,0,18,2,6,9,6,0,0,0,0,3,1,5,1,54,8,-1,-1,-1,-1,9,3,E01032177,0
Unvalidated,2024201429625,2024,201429625,1,9,0,11,6,2,0,0,0,0,0,0,2,1,6,1,-1,-1,-1,-1,-1,-1,-1,-1,-1,0
Unvalidated,2024201429625,2024,201429625,2,9,0,18,6,2,0,0,0,0,0,0,1,1,1,1,24,5,-1,-1,-1,-1,2,1,E01010004,0
Unvalidated,2024201429928,2024,201429928,1,9,0,18,8,1,0,8,0,0,0,0,4,1,6,2,38,7,-1,-1,-1,-1,2,1,E01009942,0
Unvalidated,2024201429928,2024,201429928,2,9,0,18,2,6,0,4,0,0,0,0,1,1,6,2,34,6,-1,-1,-1,-1,-1,-1,-1,0
Unvalidated,2024201429945,2024,201429945,1,9,0,18,1,8,0,6,0,0,0,0,1,1,6,2,33,6,-1,-1,-1,-1,3,1,E01009954,0
Unvalidated,2024201429945,2024,201429945,2,9,0,2,0,0,0,2,0,0,0,0,2,1,6,3,-1,-1,-1,-1,-1,-1,-1,-1,-1,0
Unvalidated,2024201429945,2024,201429945,3,9,0,9,1,7,0,6,0,0,0,0,1,1,6,3,-1,-1,-1,-1,-1,-1,-1,-1,-1,0
Unvalidated,2024201430170,2024,201430170,1,98,0,18,4,8,0,0,0,0,0,0,1,1,6,1,-1,-1,-1,-1,-1,-1,-1,-1,-1,0
Unvalidated,2024201430170,2024,201430170,2,11,0,18,4,8,0,0,0,0,0,0,2,1,1,3,-1,-1,-1,-1,-1,-1,-1,-1,-1,0
Unvalidated,2024201430179,2024,201430179,1,9,0,18,2,6,0,0,0,0,0,0,1,1,6,3,-1,-1,-1,-1,-1,-1,-1,-1,-1,0
Unvalidated,2024201430179,2024,201430179,2,8,0,2,0,0,0,0,0,0,0,0,3,1,1,1,43,7,-1,-1,-1,-1,5,1,E01009926,0
Unvalidated,2024201430236,2024,201430236,1,9,0,9,8,5,0,8,0,0,0,0,1,1,5,2,34,6,-1,-1,-1,-1,9,1,E01010225,0
Unvalidated,2024201430236,2024,201430236,2,9,0,18,4,8,0,8,0,0,0,0,1,1,5,1,37,7,-1,-1,-1,-1,1,1,E01009513,0
Unvalidated,2024201430426,2024,201430426,1,9,0,18,1,5,0,4,0,0,0,0,3,1,6,1,53,8,-1,-1,-1,-1,9,1,E01009787,0
Unvalidated,2024201430426,2024,201430426,2,4,0,18,7,3,0,8,1,0,0,0,1,1,6,1,38,7,-1,-1,-1,-1,2,1,E01009782,0
Unvalidated,2024201430452,2024,201430452,1,9,0,5,4,8,0,4,0,0,0,0,1,1,6,1,-1,-1,-1,-1,-1,-1,-1,-1,-1,0
Unvalidated,2024201430452,2024,201430452,2,9,0,18,2,6,0,3,0,0,0,0,4,1,5,1,66,10,-1,-1,-1,-1,5,1,E01010256,0
Unvalidated,2024201430499,2024,201430499,1,9,0,18,1,3,0,0,0,0,0,0,2,1,6,2,54,8,-1,-1,-1,-1,1,1,E01009124,0
Unvalidated,2024201430515,2024,201430515,1,9,0,18,1,1,0,0,0,0,0,0,1,1,6,1,39,7,-1,-1,-1,-1,1,1,E01009329,0
Unvalidated,2024201430588,2024,201430588,1,9,0,18,8,2,0,8,0,0,0,0,3,1,5,1,43,7,-1,-1,-1,-1,3,1,E01008936,0
Unvalidated,2024201430588,2024,201430588,2,8,0,18,8,3,0,5,0,0,0,0,4,1,4,1,57,9,-1,-1,-1,-1,7,1,E01009040,0
Unvalidated,2024201430690,2024,201430690,1,9,0,9,6,4,0,6,0,0,0,0,1,1,6,1,16,4,-1,-1,-1,-1,-1,-1,-1,0
Unvalidated,2024201430690,2024,201430690,2,19,0,18,4,8,0,8,0,0,0,0,2,1,1,1,45,7,-1,-1,-1,-1,8,1,E01009465,0
Unvalidated,2024201430703,2024,201430703,1,9,0,18,6,2,0,1,0,0,0,0,1,1,5,1,88,11,-1,-1,-1,-1,5,1,E01010475,0
Unvalidated,2024201430730,2024,201430730,1,9,0,2,0,0,0,0,0,0,0,0,1,1,6,3,-1,-1,-1,-1,-1,-1,-1,-1,-1,0
Unvalidated,2024201430831,2024,201430831,1,9,0,18,1,5,0,8,0,0,0,0,1,1,6,2,41,7,-1,-1,-1,-1,1,1,E01009979,0
Unvalidated,2024201430831,2024,201430831,2,9,0,18,1,5,0,8,0,0,0,0,2,1,6,2,62,9,-1,-1,-1,-1,10,1,E01009784,0
Unvalidated,2024201430861,2024,201430861,1,9,0,18,5,1,0,0,0,0,0,0,1,1,6,1,50,8,-1,-1,-1,-1,-1,-1,-1,0
Unvalidated,2024201430903,2024,201430903,1,9,0,7,7,1,0,8,0,0,0,0,1,1,6,2,-1,-1,-1,-1,-1,-1,-1,-1,-1,0
Unvalidated,2024201430903,2024,201430903,2,1,0,10,7,5,0,8,0,0,0,0,1,1,6,1,47,8,-1,-1,-1,-1,-1,-1,-1,0
Unvalidated,2024201430906,2024,201430906,1,9,0,12,8,4,2,0,0,0,0,0,1,1,5,2,21,5,-1,-1,-1,-1,2,1,E01033641,0
Unvalidated,2024201430906,2024,201430906,2,11,0,3,8,4,2,0,0,0,0,0,0,1,1,1,50,8,-1,-1,-1,-1,1,1,E01010131,0
Unvalidated,2024201430912,2024,201430912,1,3,0,18,1,5,0,8,0,0,0,0,1,1,6,1,21,5,-1,-1,-1,-1,6,3,E01031159,0
Unvalidated,2024201430912,2024,201430912,2,3,0,7,3,5,0,6,0,0,0,0,1,1,6,1,58,9,-1,-1,-1,-1,6,1,E01009685,0
Unvalidated,2024201430918,2024,201430918,1,9,0,18,3,7,0,0,0,0,0,0,4,1,6,3,50,8,-1,-1,-1,-1,-1,-1,-1,0
Unvalidated,2024201430918,2024,201430918,2,1,0,18,3,7,0,0,2,0,0,0,3,1,2,1,12,3,-1,-1,-1,-1,1,1,E01009577,0
Unvalidated,2024201430955,2024,201430955,1,9,0,1,2,5,9,5,0,0,0,0,2,1,6,2,76,11,-1,-1,-1,-1,8,1,E01009644,0
Unvalidated,2024201430960,2024,201430960,1,9,0,5,4,6,0,6,0,0,0,0,1,1,6,3,-1,-1,-1,-1,-1,-1,-1,-1,-1,0
Unvalidated,2024201430960,2024,201430960,2,3,0,18,6,2,0,8,0,0,0,0,3,1,1,1,26,6,-1,-1,-1,-1,-1,-1,-1,0
Unvalidated,2024201430966,2024,201430966,1,9,0,18,4,8,0,0,0,0,0,0,2,1,6,1,30,6,-1,-1,-1,-1,-1,-1,-1,0
Unvalidated,2024201430966,2024,201430966,2,9,0,3,4,8,0,0,0,0,0,0,0,1,5,1,46,8,-1,-1,-1,-1,5,1,E01009888,0
Unvalidated,2024201430996,2024,201430996,1,9,0,9,6,4,0,6,0,0,0,0,1,1,6,3,-1,-1,-1,-1,-1,-1,-1,-1,-1,0
Unvalidated,2024201430996,2024,201430996,2,9,0,3,4,8,0,1,0,0,0,0,4,1,6,2,44,7,-1,-1,-1,-1,4,1,E01009856,0
Unvalidated,2024201431079,2024,201431079,1,9,0,3,3,8,0,0,0,0,0,0,1,1,6,1,40,7,-1,-1,-1,-1,-1,-1,-1,0
Unvalidated,2024201431079,2024,201431079,2,9,0,3,4,8,0,0,0,0,0,0,2,1,5,2,44,7,-1,-1,-1,-1,1,1,E01009951,0
Unvalidated,2024201431081,2024,201431081,1,9,0,18,2,6,0,0,1,0,0,0,1,1,6,1,41,7,-1,-1,-1,-1,8,1,E01010226,0
Unvalidated,2024201431081,2024,201431081,2,8,0,18,2,6,0,0,1,0,0,0,1,1,6,1,31,6,-1,-1,-1,-1,1,1,E01013811,0
Unvalidated,2024201431081,2024,201431081,3,9,0,18,6,2,0,0,0,0,0,0,1,1,6,1,62,9,-1,-1,-1,-1,1,1,E01008978,0
Unvalidated,2024201431097,2024,201431097,1,90,0,18,3,7,5,0,0,0,0,0,1,1,6,3,21,5,-1,-1,-1,-1,-1,-1,-1,1
Unvalidated,2024201431098,2024,201431098,1,9,0,3,8,2,0,2,0,0,0,0,1,1,6,1,35,6,-1,-1,-1,-1,-1,-1,-1,0
Unvalidated,2024201431098,2024,201431098,2,9,0,18,7,3,0,2,0,0,0,0,2,1,5,1,54,8,-1,-1,-1,-1,10,1,E01010202,0
Unvalidated,2024201431118,2024,201431118,1,9,0,18,2,6,9,8,0,0,0,0,1,1,6,1,54,8,-1,-1,-1,-1,9,3,E01032177,0