status,collision_index,collision_year,collision_reference,vehicle_reference,vehicle_type,towing_and_articulation,vehicle_manoeuvre,vehicle_direction_from,vehicle_direction_to,vehicle_location_restricted_lane,junction_location,skidding_and_overturning,hit_object_in_carriageway,vehicle_leaving_carriageway,hit_object_off_carriageway,first_point_of_impact,vehicle_left_hand_drive,journey_purpose_of_driver,sex_of_driver,age_of_driver,age_band_of_driver,engine_capacity_cc,propulsion_code,age_of_vehicle,generic_make_model,driver_imd_decile,driver_home_area_type,lsoa_of_driver,escooter_flag
Unvalidated,2024201431145,2024,201431145,1,3,0,9,4,3,0,1,5,0,0,0,2,1,5,1,23,5,-1,-1,-1,-1,1,1,E01009952,0
Unvalidated,2024201431145,2024,201431145,2,5,0,18,5,4,0,1,5,0,0,0,1,1,5,1,42,7,-1,-1,-1,-1,2,1,E01009953,0
Unvalidated,2024201431147,2024,201431147,1,9,0,4,7,3,0,3,0,0,0,0,2,1,6,1,30,6,-1,-1,-1,-1,-1,-1,-1,0
Unvalidated,2024201431147,2024,201431147,2,9,0,18,7,3,0,3,0,0,0,0,1,1,6,1,36,7,-1,-1,-1,-1,6,1,E01009261,0
Unvalidated,2024201431157,2024,201431157,1,9,0,11,8,4,0,0,0,0,0,0,1,1,2,1,38,7,-1,-1,-1,-1,5,1,E01010337,0
Unvalidated,2024201431175,2024,201431175,1,9,0,5,4,4,0,0,0,0,0,0,4,1,6,3,40,7,-1,-1,-1,-1,-1,-1,-1,0
Unvalidated,2024201431175,2024,201431175,2,1,0,5,4,4,0,0,0,0,0,0,3,1,1,1,22,5,-1,-1,-1,-1,2,1,E01010521,0
Unvalidated,2024201431251,2024,201431251,1,9,0,10,4,2,0,1,0,0,0,0,2,1,6,1,51,8,-1,-1,-1,-1,2,1,E01009746,0
Unvalidated,2024201431251,2024,201431251,2,9,0,18,4,8,0,1,0,0,0,0,1,1,6,2,26,6,-1,-1,-1,-1,1,1,E01009033,0
Unvalidated,2024201431271,2024,201431271,1,9,0,14,4,8,0,0,0,0,0,0,1,1,5,2,52,8,-1,-1,-1,-1,5,1,E01009765,0
Unvalidated,2024201431271,2024,201431271,2,8,0,3,4,8,0,0,0,0,0,0,0,1,1,1,63,9,-1,-1,-1,-1,2,1,E01009022,0
Unvalidated,2024201431312,2024,201431312,1,9,0,7,3,5,0,5,0,0,0,0,4,1,3,1,38,7,-1,-1,-1,-1,1,1,E01007716,0
Unvalidated,2024201431317,2024,201431317,1,97,0,18,3,7,0,1,0,10,1,2,1,1,6,1,14,3,-1,-1,-1,-1,1,1,E01033187,0
Unvalidated,2024201431365,2024,201431365,1,9,0,18,2,6,0,0,0,0,0,0,1,1,6,1,60,9,-1,-1,-1,-1,9,1,E01008990,0
Unvalidated,2024201431382,2024,201431382,1,9,0,7,3,7,0,3,0,0,0,0,1,1,1,1,16,4,-1,-1,-1,-1,-1,-1,-1,0
Unvalidated,2024201431382,2024,201431382,2,1,0,18,3,7,0,8,0,0,0,0,2,1,6,1,47,8,-1,-1,-1,-1,8,1,E01009697,0
Unvalidated,2024201431400,2024,201431400,1,9,0,3,4,8,0,1,0,0,0,0,1,1,6,2,32,6,-1,-1,-1,-1,-1,-1,-1,0
Unvalidated,2024201431400,2024,201431400,2,9,0,18,4,8,0,1,0,0,0,0,2,1,5,1,39,7,-1,-1,-1,-1,8,1,E01010520,0
Unvalidated,2024201431413,2024,201431413,1,9,0,18,4,8,0,0,1,0,0,0,1,1,6,3,-1,-1,-1,-1,-1,-1,-1,-1,-1,0
Unvalidated,2024201431413,2024,201431413,2,9,0,3,4,8,0,0,0,0,0,0,2,1,2,2,37,7,-1,-1,-1,-1,7,1,E01009974,0
Unvalidated,2024201431413,2024,201431413,3,19,0,3,4,8,0,0,0,0,0,0,2,1,2,1,32,6,-1,-1,-1,-1,1,1,E01010076,0
Unvalidated,2024201431419,2024,201431419,1,9,0,18,4,8,0,8,0,0,0,0,1,1,6,2,30,6,-1,-1,-1,-1,-1,-1,-1,0
Unvalidated,2024201431426,2024,201431426,1,9,0,18,4,8,0,0,5,4,0,0,1,1,6,1,19,4,-1,-1,-1,-1,1,1,E01032887,0
Unvalidated,2024201431426,2024,201431426,2,9,0,2,0,0,0,0,0,0,0,0,3,1,6,1,59,9,-1,-1,-1,-1,8,1,E01005169,0
Unvalidated,2024201431437,2024,201431437,2,9,0,3,6,2,0,1,0,0,0,0,1,1,6,1,45,7,-1,-1,-1,-1,1,1,E01010291,0
Unvalidated,2024201431437,2024,201431437,3,9,0,18,6,2,0,1,0,0,0,0,1,1,6,1,29,6,-1,-1,-1,-1,1,1,E01010289,0
Unvalidated,2024201431455,2024,201431455,1,98,0,1,1,5,9,0,0,0,0,0,2,1,1,1,40,7,-1,-1,-1,-1,-1,-1,-1,0
Unvalidated,2024201431465,2024,201431465,1,9,0,5,6,4,0,6,0,0,0,0,1,1,6,2,35,6,-1,-1,-1,-1,-1,-1,-1,0
Unvalidated,2024201431465,2024,201431465,2,9,0,18,8,4,0,8,0,0,0,0,3,1,5,2,66,10,-1,-1,-1,-1,6,1,E01009261,0
Unvalidated,2024201431494,2024,201431494,1,9,0,18,2,6,0,0,0,0,0,0,1,1,6,1,33,6,-1,-1,-1,-1,2,1,E01009487,0
Unvalidated,2024201431591,2024,201431591,1,9,0,18,8,4,0,8,0,0,0,0,1,1,6,3,-1,-1,-1,-1,-1,-1,-1,-1,-1,0
Unvalidated,2024201431622,2024,201431622,1,9,0,1,4,2,0,8,0,0,0,0,2,1,1,1,51,8,-1,-1,-1,-1,7,1,E01029384,0
Unvalidated,2024201431625,2024,201431625,1,9,0,18,8,4,0,1,0,10,1,0,1,1,6,1,20,4,-1,-1,-1,-1,-1,-1,-1,0
Unvalidated,2024201431625,2024,201431625,2,9,0,3,8,4,0,1,0,0,0,0,2,1,5,2,36,7,-1,-1,-1,-1,1,1,E01009024,0
Unvalidated,2024201431627,2024,201431627,1,9,0,18,5,8,0,4,0,0,0,0,1,1,6,1,55,8,-1,-1,-1,-1,9,1,E01009671,0
Unvalidated,2024201431627,2024,201431627,2,3,0,18,4,8,0,3,0,0,0,0,4,1,5,1,18,4,-1,-1,-1,-1,8,1,E01009665,0
Unvalidated,2024201431639,2024,201431639,1,9,0,9,2,8,0,5,0,0,0,0,4,1,5,1,34,6,-1,-1,-1,-1,1,1,E01010063,0
Unvalidated,2024201431639,2024,201431639,2,9,0,18,6,2,0,8,0,0,0,0,1,1,5,1,45,7,-1,-1,-1,-1,7,1,E01010034,0
Unvalidated,2024201431640,2024,201431640,1,9,0,9,-1,-1,0,5,0,0,0,0,3,1,5,1,57,9,-1,-1,-1,-1,1,1,E01010416,0
Unvalidated,2024201431649,2024,201431649,1,9,0,18,3,7,0,8,0,0,0,0,3,1,6,2,21,5,-1,-1,-1,-1,1,1,E01009978,0
Unvalidated,2024201431649,2024,201431649,2,9,0,9,7,5,0,8,0,0,0,0,1,1,6,2,70,10,-1,-1,-1,-1,1,1,E01009059,0
Unvalidated,2024201431672,2024,201431672,1,1,0,18,5,1,0,8,0,0,0,0,1,1,6,2,25,5,-1,-1,-1,-1,1,1,E01009375,0
Unvalidated,2024201431672,2024,201431672,2,9,0,7,1,7,0,5,0,0,0,0,1,1,6,3,-1,-1,-1,-1,-1,-1,-1,-1,-1,0
Unvalidated,2024201431695,2024,201431695,1,9,0,4,2,6,0,0,0,0,0,0,3,1,5,2,36,7,-1,-1,-1,-1,7,1,E01010247,0
Unvalidated,2024201431740,2024,201431740,1,9,0,9,1,7,0,5,0,0,0,0,1,1,6,3,-1,-1,-1,-1,-1,-1,-1,-1,-1,0
Unvalidated,2024201431740,2024,201431740,2,9,0,2,0,0,0,2,0,0,0,0,1,1,5,3,-1,-1,-1,-1,-1,-1,-1,-1,-1,0
Unvalidated,2024201431794,2024,201431794,1,9,0,9,2,5,0,0,0,0,0,0,4,1,6,3,-1,-1,-1,-1,-1,-1,-1,-1,-1,0
Unvalidated,2024201431794,2024,201431794,2,9,0,18,4,8,0,0,0,0,0,0,1,1,6,2,42,7,-1,-1,-1,-1,2,1,E01010363,0
Unvalidated,2024201431802,2024,201431802,1,9,0,5,8,4,0,6,0,0,0,0,1,1,6,2,48,8,-1,-1,-1,-1,-1,-1,-1,0
Unvalidated,2024201431802,2024,201431802,2,9,0,18,6,2,0,8,0,0,0,0,1,1,6,1,63,9,-1,-1,-1,-1,3,1,E01010422,0
Unvalidated,2024201431840,2024,201431840,1,9,0,16,7,1,0,8,0,0,0,0,1,1,5,1,44,7,-1,-1,-1,-1,2,1,E01009980,0
Unvalidated,2024201431840,2024,201431840,2,9,0,17,2,7,0,8,0,10,1,0,1,1,5,1,58,9,-1,-1,-1,-1,6,1,E01009976,0
Unvalidated,2024201431869,2024,201431869,1,9,0,18,4,8,0,0,0,0,0,0,1,1,1,1,-1,-1,-1,-1,-1,-1,4,1,E01009927,0
Unvalidated,2024201431869,2024,201431869,2,9,0,18,6,8,0,0,0,0,0,0,2,1,6,1,59,9,-1,-1,-1,-1,6,1,E01010211,0
Unvalidated,2024201431872,2024,201431872,1,9,0,5,8,6,0,6,0,0,0,0,1,1,6,3,50,8,-1,-1,-1,-1,-1,-1,-1,0
Unvalidated,2024201431872,2024,201431872,2,2,0,18,6,2,0,8,0,0,0,0,4,1,1,1,25,5,-1,-1,-1,-1,6,1,E01010223,0
Unvalidated,2024201431892,2024,201431892,1,9,0,9,2,8,0,6,0,0,0,0,1,1,6,1,30,6,-1,-1,-1,-1,-1,-1,-1,0
Unvalidated,2024201431892,2024,201431892,2,1,0,18,4,8,0,8,0,0,0,0,3,1,5,1,32,6,-1,-1,-1,-1,1,1,E01004199,0
Unvalidated,2024201431918,2024,201431918,1,9,0,9,8,6,0,5,0,0,0,0,1,1,6,2,75,10,-1,-1,-1,-1,5,1,E01010393,0
Unvalidated,2024201431918,2024,201431918,2,4,0,13,4,8,0,8,0,0,0,0,1,1,6,1,33,6,-1,-1,-1,-1,2,1,E01010409,0
Unvalidated,2024201431949,2024,201431949,1,9,0,5,5,1,0,1,0,0,0,0,1,1,6,1,41,7,-1,-1,-1,-1,3,1,E01009001,0
Unvalidated,2024201431949,2024,201431949,2,9,0,3,5,1,0,1,0,0,0,0,2,1,6,2,30,6,-1,-1,-1,-1,6,1,E01009473,0
Unvalidated,2024201432002,2024,201432002,1,9,0,18,1,5,0,1,0,0,0,0,3,1,6,1,45,7,-1,-1,-1,-1,1,1,E01009155,0
Unvalidated,2024201432002,2024,201432002,2,3,0,18,4,2,0,8,0,0,0,0,3,1,6,3,-1,-1,-1,-1,-1,-1,-1,-1,-1,0
Unvalidated,2024201432088,2024,201432088,1,9,0,5,8,4,0,4,0,0,0,0,3,1,2,1,23,5,-1,-1,-1,-1,2,1,E01009980,0
Unvalidated,2024201432088,2024,201432088,2,9,0,9,6,3,0,3,0,10,7,1,4,1,2,1,24,5,-1,-1,-1,-1,3,1,E01009947,0
Unvalidated,2024201432120,2024,201432120,1,9,0,18,2,6,0,8,0,0,0,0,1,1,6,3,-1,-1,-1,-1,-1,-1,-1,-1,-1,0
Unvalidated,2024201432120,2024,201432120,2,9,0,7,4,6,0,6,0,0,0,0,3,1,6,1,68,10,-1,-1,-1,-1,8,1,E01009465,0
Unvalidated,2024201432141,2024,201432141,1,9,0,9,5,3,0,5,0,0,0,0,4,1,6,2,47,8,-1,-1,-1,-1,7,1,E01015560,0
Unvalidated,2024201432141,2024,201432141,2,11,0,18,1,5,0,8,0,0,0,0,1,1,1,1,50,8,-1,-1,-1,-1,3,1,E01010005,0
Unvalidated,2024201432168,2024,201432168,1,9,0,18,8,4,0,6,0,0,0,0,1,1,6,1,50,8,-1,-1,-1,-1,1,1,E01033632,0
Unvalidated,2024201432168,2024,201432168,2,9,0,18,2,6,0,8,0,4,0,0,3,1,6,1,74,10,-1,-1,-1,-1,3,1,E01010244,0
Unvalidated,2024201432168,2024,201432168,3,9,0,2,0,0,0,1,0,4,0,0,1,1,6,1,61,9,-1,-1,-1,-1,3,1,E01010244,0
Unvalidated,2024201432210,2024,201432210,1,9,0,18,4,8,0,1,0,0,0,0,1,1,6,1,22,5,-1,-1,-1,-1,2,1,E01008889,0
Unvalidated,2024201432210,2024,201432210,2,1,0,5,6,2,0,1,0,0,0,0,1,1,6,1,20,4,-1,-1,-1,-1,1,1,E01009062,0
Unvalidated,2024201432223,2024,201432223,1,9,0,18,3,8,0,2,0,0,0,0,1,1,6,1,-1,-1,-1,-1,-1,-1,-1,-1,-1,0
Unvalidated,2024201432223,2024,201432223,2,9,0,3,3,7,0,2,0,0,0,0,2,1,2,2,30,6,-1,-1,-1,-1,1,1,E01009195,0
Unvalidated,2024201432230,2024,201432230,1,9,0,9,6,4,0,6,0,0,0,0,1,1,6,1,-1,-1,-1,-1,-1,-1,-1,-1,-1,0
Unvalidated,2024201432230,2024,201432230,2,9,0,18,4,8,0,8,1,0,0,0,4,1,6,1,53,8,-1,-1,-1,-1,2,1,E01009885,0
Unvalidated,2024201432234,2024,201432234,1,9,0,18,1,5,0,0,0,0,0,0,1,1,6,2,49,8,-1,-1,-1,-1,3,1,E01009095,0
Unvalidated,2024201432234,2024,201432234,2,9,0,18,5,1,0,0,0,0,0,0,1,1,6,2,37,7,-1,-1,-1,-1,2,1,E01009516,0
Unvalidated,2024201432309,2024,201432309,1,9,0,6,2,6,0,2,0,0,0,0,1,2,6,1,28,6,-1,-1,-1,-1,4,1,E01009238,0
Unvalidated,2024201432309,2024,201432309,2,3,0,18,2,6,0,2,0,0,0,0,2,1,6,1,20,4,-1,-1,-1,-1,3,1,E01008986,0
Unvalidated,2024201432388,2024,201432388,1,-1,0,18,3,7,0,2,0,0,0,0,1,1,6,3,-1,-1,-1,-1,-1,-1,-1,-1,-1,0
Unvalidated,2024201432404,2024,201432404,1,9,0,7,4,6,0,4,0,0,0,0,1,1,6,1,64,9,-1,-1,-1,-1,2,1,E01008883,0
Unvalidated,2024201432404,2024,201432404,2,9,0,8,5,4,0,1,0,0,0,0,3,1,5,1,36,7,-1,-1,-1,-1,10,1,E01031259,0
Unvalidated,2024201432404,2024,201432404,3,9,0,14,5,4,0,1,0,0,0,0,4,1,6,3,-1,-1,-1,-1,-1,-1,-1,-1,-1,0
Unvalidated,2024201432473,2024,201432473,1,19,0,18,6,2,0,8,0,0,0,0,4,1,2,1,21,5,-1,-1,-1,-1,6,3,E01010952,0
Unvalidated,2024201432473,2024,201432473,2,9,0,18,1,5,0,8,0,0,0,0,1,1,5,2,47,8,-1,-1,-1,-1,1,1,E01009943,0
Unvalidated,2024201432554,2024,201432554,1,9,0,5,5,4,0,4,0,0,0,0,1,1,6,1,62,9,-1,-1,-1,-1,9,1,E01009420,0
Unvalidated,2024201432554,2024,201432554,2,1,0,4,1,2,0,8,0,0,0,0,1,1,5,2,39,7,-1,-1,-1,-1,-1,-1,-1,0
Unvalidated,2024201432565,2024,201432565,1,9,0,18,2,6,0,2,0,0,0,0,1,1,5,2,26,6,-1,-1,-1,-1,2,1,E01009877,0
Unvalidated,2024201432570,2024,201432570,1,9,0,18,2,8,0,0,0,0,0,0,1,1,6,3,-1,-1,-1,-1,-1,-1,-1,-1,-1,0
Unvalidated,2024201432604,2024,201432604,1,9,0,18,4,8,0,2,0,0,0,0,1,1,6,2,23,5,-1,-1,-1,-1,2,1,E01009043,0
Unvalidated,2024201432604,2024,201432604,2,9,0,18,8,4,0,1,0,0,0,0,3,1,6,1,56,9,-1,-1,-1,-1,6,1,E01010223,0
Unvalidated,2024201432683,2024,201432683,1,9,0,18,7,3,0,0,0,0,0,0,1,1,6,1,37,7,-1,-1,-1,-1,6,1,E01009525,0
Unvalidated,2024201432683,2024,201432683,2,9,0,18,7,3,0,0,0,0,0,0,4,1,6,1,20,4,-1,-1,-1,-1,4,1,E01009241,0
Unvalidated,2024201432777,2024,201432777,1,9,0,18,2,6,0,2,0,0,0,0,2,1,6,3,-1,-1,-1,-1,-1,-1,-1,-1,-1,0
Unvalidated,2024201432777,2024,201432777,2,9,0,18,2,6,0,2,0,0,0,0,1,1,6,1,22,5,-1,-1,-1,-1,-1,-1,-1,0
Unvalidated,2024201432799,2024,201432799,1,9,0,18,5,1,0,8,0,10,1,11,1,1,6,3,-1,-1,-1,-1,-1,-1,-1,-1,-1,0
Unvalidated,2024201432799,2024,201432799,2,9,0,18,3,7,0,8,0,0,0,0,1,1,1,1,37,7,-1,-1,-1,-1,1,1,E01009486,0
Unvalidated,2024201432849,2024,201432849,1,9,0,18,2,4,0,2,0,0,0,0,4,1,5,1,28,6,-1,-1,-1,-1,7,3,E01031024,0
Unvalidated,2024201432849,2024,201432849,2,9,0,18,1,2,0,3,0,0,0,0,2,1,5,3,30,6,-1,-1,-1,-1,-1,-1,-1,0
Unvalidated,2024201432849,2024,201432849,3,9,0,18,7,5,0,1,0,0,0,0,1,1,5,3,20,4,-1,-1,-1,-1,-1,-1,-1,0
Unvalidated,2024201432928,2024,201432928,1,9,0,15,6,2,0,0,0,0,0,0,3,1,6,3,-1,-1,-1,-1,-1,-1,-1,-1,-1,0
Unvalidated,2024201432928,2024,201432928,2,9,0,18,6,2,0,0,0,0,0,0,4,1,6,2,35,6,-1,-1,-1,-1,1,1,E01009507,0
Unvalidated,2024201433010,2024,201433010,1,9,0,18,4,8,0,8,0,0,0,0,1,1,6,1,60,9,-1,-1,-1,-1,-1,-1,-1,0
Unvalidated,2024201433010,2024,201433010,2,9,0,3,4,8,0,8,0,0,0,0,2,1,6,2,45,7,-1,-1,-1,-1,1,1,E01009363,0
Unvalidated,2024201433058,2024,201433058,1,9,0,7,7,2,0,5,0,0,0,0,1,1,6,1,-1,-1,-1,-1,-1,-1,-1,-1,-1,0
Unvalidated,2024201433083,2024,201433083,1,9,0,18,6,2,0,1,0,0,0,0,1,1,6,3,36,7,-1,-1,-1,-1,-1,-1,-1,0
Unvalidated,2024201433112,2024,201433112,1,9,0,18,6,2,0,4,0,0,0,0,1,1,6,1,30,6,-1,-1,-1,-1,-1,-1,-1,0
Unvalidated,2024201433112,2024,201433112,2,1,0,18,3,8,0,8,2,0,0,0,3,1,2,1,38,7,-1,-1,-1,-1,2,1,E01010087,0
Unvalidated,2024201433134,2024,201433134,1,9,0,1,3,7,0,2,0,0,0,0,2,1,6,1,40,7,-1,-1,-1,-1,-1,-1,-1,0
Unvalidated,2024201433144,2024,201433144,1,9,0,18,8,4,0,1,0,0,0,0,1,1,6,2,24,5,-1,-1,-1,-1,-1,-1,-1,0
Unvalidated,2024201433144,2024,201433144,2,9,0,3,8,4,0,1,0,0,0,0,2,1,6,1,30,6,-1,-1,-1,-1,-1,-1,-1,0
Unvalidated,2024201433153,2024,201433153,1,19,0,18,8,4,0,1,0,0,0,0,1,1,1,1,40,7,-1,-1,-1,-1,-1,-1,-1,0
Unvalidated,2024201433153,2024,201433153,2,9,0,3,7,3,0,1,0,0,0,0,2,1,6,1,35,6,-1,-1,-1,-1,1,1,E01009514,0
Unvalidated,2024201433179,2024,201433179,1,8,0,5,8,4,9,0,0,0,0,0,4,1,1,1,38,7,-1,-1,-1,-1,3,1,E01010070,0
Unvalidated,2024201433181,2024,201433181,1,8,0,1,1,5,0,2,0,0,0,0,2,1,6,1,46,8,-1,-1,-1,-1,1,1,E01009612,0
Unvalidated,2024201433181,2024,201433181,2,9,0,7,5,7,0,1,0,0,0,0,1,1,6,1,44,7,-1,-1,-1,-1,5,2,E01031203,0
Unvalidated,2024201433232,2024,201433232,1,9,0,18,3,7,0,4,0,0,0,0,3,1,3,2,43,7,-1,-1,-1,-1,2,1,E01009412,0
Unvalidated,2024201433232,2024,201433232,2,9,0,5,1,5,0,4,0,0,0,0,1,1,3,2,43,7,-1,-1,-1,-1,2,1,E01009407,0
Unvalidated,2024201433272,2024,201433272,1,9,0,5,4,8,0,4,0,0,0,0,1,1,6,3,40,7,-1,-1,-1,-1,-1,-1,-1,0
Unvalidated,2024201433272,2024,201433272,2,1,0,18,2,8,0,8,0,0,0,0,1,1,6,1,64,9,-1,-1,-1,-1,1,1,E01009362,0
Unvalidated,2024201433319,2024,201433319,1,9,0,5,6,2,0,0,0,4,0,0,1,1,5,2,69,10,-1,-1,-1,-1,10,2,E01031202,0
Unvalidated,2024201433319,2024,201433319,2,9,0,2,0,0,0,0,0,0,0,0,2,1,5,3,-1,-1,-1,-1,-1,-1,-1,-1,-1,0
Unvalidated,2024201433349,2024,201433349,1,9,0,7,6,8,0,5,0,0,0,0,1,1,3,2,40,7,-1,-1,-1,-1,1,1,E01008998,0
Unvalidated,2024201433356,2024,201433356,1,9,0,18,8,4,0,0,0,0,0,0,1,1,6,3,38,7,-1,-1,-1,-1,-1,-1,-1,0
Unvalidated,2024201433356,2024,201433356,2,9,0,18,8,4,0,0,0,0,0,0,2,1,5,1,31,6,-1,-1,-1,-1,2,1,E01009684,0
Unvalidated,2024201433388,2024,201433388,1,19,0,7,7,1,0,6,0,0,0,0,1,1,6,1,-1,-1,-1,-1,-1,-1,9,2,E01029479,0
Unvalidated,2024201433407,2024,201433407,1,9,0,5,2,6,0,6,0,0,0,0,1,1,6,1,-1,-1,-1,-1,-1,-1,1,1,E01009367,0
Unvalidated,2024201433407,2024,201433407,2,9,0,18,8,4,0,8,0,0,0,0,4,1,3,2,43,7,-1,-1,-1,-1,5,1,E01009288,0
Unvalidated,2024201433412,2024,201433412,1,9,0,4,5,1,0,1,0,0,0,0,1,1,6,3,18,4,-1,-1,-1,-1,-1,-1,-1,0
Unvalidated,2024201433412,2024,201433412,2,9,0,3,5,1,0,1,0,0,0,0,2,1,6,1,40,7,-1,-1,-1,-1,3,1,E01010479,0
Unvalidated,2024201433416,2024,201433416,1,9,0,18,1,5,0,8,0,0,0,0,1,1,6,2,-1,-1,-1,-1,-1,-1,5,1,E01031093,0
Unvalidated,2024201433416,2024,201433416,2,9,0,18,3,7,0,6,0,0,0,0,4,1,6,1,25,5,-1,-1,-1,-1,4,1,E01009658,0
Unvalidated,2024201433427,2024,201433427,1,9,0,18,3,7,0,2,0,0,0,0,1,1,2,1,64,9,-1,-1,-1,-1,1,1,E01009361,0
Unvalidated,2024201433427,2024,201433427,2,9,0,18,7,3,0,1,0,0,0,0,1,1,5,1,40,7,-1,-1,-1,-1,1,1,E01008907,0
Unvalidated,2024201433449,2024,201433449,1,9,0,5,6,8,0,4,0,0,0,0,1,1,2,2,22,5,-1,-1,-1,-1,2,1,E01032538,0
Unvalidated,2024201433449,2024,201433449,2,1,0,18,3,8,0,8,0,0,0,0,1,1,1,1,56,9,-1,-1,-1,-1,6,1,E01009682,0
Unvalidated,2024201433462,2024,201433462,1,9,0,9,7,5,0,5,0,0,0,0,3,1,5,1,20,4,-1,-1,-1,-1,10,1,E01010196,0
Unvalidated,2024201433462,2024,201433462,2,9,0,7,1,7,0,8,0,0,0,0,4,1,5,3,-1,-1,-1,-1,-1,-1,-1,-1,-1,0
Unvalidated,2024201433467,2024,201433467,1,9,0,1,2,6,9,6,0,0,0,0,2,1,6,3,-1,-1,-1,-1,-1,-1,-1,-1,-1,0
Unvalidated,2024201433502,2024,201433502,1,9,0,5,5,1,0,6,0,0,0,0,4,1,6,2,-1,-1,-1,-1,-1,-1,-1,-1,-1,0
Unvalidated,2024201433502,2024,201433502,2,9,0,18,3,7,0,8,0,0,0,0,1,1,6,1,44,7,-1,-1,-1,-1,1,1,E01009374,0
Unvalidated,2024201433557,2024,201433557,1,9,0,5,1,6,0,1,0,0,0,0,3,1,6,2,-1,-1,-1,-1,-1,-1,-1,-1,-1,0
Unvalidated,2024201433557,2024,201433557,2,9,0,18,1,5,0,1,0,0,0,0,4,1,6,1,44,7,-1,-1,-1,-1,3,1,E01009655,0
Unvalidated,2024201433585,2024,201433585,1,9,0,3,6,1,0,0,0,0,0,0,1,1,6,2,30,6,-1,-1,-1,-1,-1,-1,-1,0
Unvalidated,2024201433585,2024,201433585,2,9,0,3,6,1,0,0,0,0,0,0,2,1,6,1,49,8,-1,-1,-1,-1,6,1,E01010379,0
Unvalidated,2024201433594,2024,201433594,1,11,0,5,8,4,0,0,0,10,0,0,4,1,1,1,34,6,-1,-1,-1,-1,2,1,E01009747,0
Unvalidated,2024201433605,2024,201433605,1,9,0,10,3,1,0,1,0,0,0,0,1,1,6,1,33,6,-1,-1,-1,-1,-1,-1,-1,0
Unvalidated,2024201433605,2024,201433605,2,1,0,10,3,1,0,1,0,0,0,0,1,1,1,2,36,7,-1,-1,-1,-1,6,1,E01009802,0
Unvalidated,2024201433624,2024,201433624,1,19,0,2,0,0,0,2,0,0,0,0,4,2,1,1,56,9,-1,-1,-1,-1,-1,-1,-1,0
Unvalidated,2024201433624,2024,201433624,2,3,0,14,1,4,0,2,0,4,0,0,1,1,1,1,42,7,-1,-1,-1,-1,-1,-1,-1,0
Unvalidated,2024201433669,2024,201433669,1,9,0,13,8,4,0,8,1,0,0,0,1,1,6,2,22,5,-1,-1,-1,-1,2,1,E01010312,0
Unvalidated,2024201433669,2024,201433669,2,9,0,18,4,8,0,8,1,10,0,0,2,1,6,1,64,9,-1,-1,-1,-1,-1,-1,-1,0
Unvalidated,2024201433713,2024,201433713,1,9,0,18,7,3,0,4,0,0,0,0,1,1,6,2,24,5,-1,-1,-1,-1,6,1,E01009041,0
Unvalidated,2024201433713,2024,201433713,2,90,0,18,6,2,0,8,0,0,0,0,1,1,6,1,35,6,-1,-1,-1,-1,6,1,E01010200,0
Unvalidated,2024201433729,2024,201433729,1,9,0,18,2,6,0,8,0,10,1,0,1,1,5,2,49,8,-1,-1,-1,-1,9,1,E01009727,0
Unvalidated,2024201433729,2024,201433729,2,9,0,18,8,4,0,6,0,0,0,0,1,1,5,2,24,5,-1,-1,-1,-1,3,1,E01010382,0
Unvalidated,2024201433742,2024,201433742,1,9,0,15,7,3,0,0,0,0,0,0,4,1,5,3,-1,-1,-1,-1,-1,-1,-1,-1,-1,0
Unvalidated,2024201433742,2024,201433742,2,9,0,18,7,3,0,0,0,10,1,0,3,1,2,1,48,8,-1,-1,-1,-1,3,1,E01032534,0
Unvalidated,2024201433746,2024,201433746,1,9,0,18,7,2,0,0,0,0,0,0,4,1,2,2,27,6,-1,-1,-1,-1,1,1,E01009298,0
Unvalidated,2024201433749,2024,201433749,1,9,0,9,8,5,0,6,0,0,0,0,1,1,6,2,-1,-1,-1,-1,-1,-1,-1,-1,-1,0
Unvalidated,2024201433749,2024,201433749,2,19,0,18,4,2,0,8,0,0,0,0,1,1,1,1,38,7,-1,-1,-1,-1,5,1,E01010548,0
Unvalidated,2024201433757,2024,201433757,1,9,0,18,2,6,0,2,0,0,0,0,1,1,6,3,30,6,-1,-1,-1,-1,-1,-1,-1,0
Unvalidated,2024201433757,2024,201433757,2,9,0,4,2,6,0,2,0,0,0,0,2,1,2,2,22,5,-1,-1,-1,-1,2,1,E01009028,0
Unvalidated,2024201433758,2024,201433758,1,9,0,1,5,1,0,0,0,4,0,0,2,1,6,1,30,6,-1,-1,-1,-1,-1,-1,-1,0
Unvalidated,2024201433758,2024,201433758,2,3,0,2,0,0,0,0,0,0,0,0,1,1,6,1,24,5,-1,-1,-1,-1,1,1,E01009365,0
Unvalidated,2024201433781,2024,201433781,1,19,0,18,7,3,0,0,0,0,0,0,1,1,6,1,21,5,-1,-1,-1,-1,2,1,E01010397,0
Unvalidated,2024201433781,2024,201433781,2,9,0,3,7,3,0,0,0,10,1,0,2,1,6,2,36,7,-1,-1,-1,-1,7,2,E01029655,0
Unvalidated,2024201433797,2024,201433797,1,9,0,18,2,6,0,1,0,0,0,0,1,1,6,1,44,7,-1,-1,-1,-1,-1,-1,-1,0
Unvalidated,2024201433797,2024,201433797,2,19,0,6,2,2,0,2,0,0,0,0,2,1,6,1,-1,-1,-1,-1,-1,-1,-1,-1,-1,0
Unvalidated,2024201433805,2024,201433805,1,9,0,9,3,7,0,0,0,0,0,0,1,1,6,1,23,5,-1,-1,-1,-1,4,1,E01009035,0