status,collision_index,collision_year,collision_reference,vehicle_reference,vehicle_type,towing_and_articulation,vehicle_manoeuvre,vehicle_direction_from,vehicle_direction_to,vehicle_location_restricted_lane,junction_location,skidding_and_overturning,hit_object_in_carriageway,vehicle_leaving_carriageway,hit_object_off_carriageway,first_point_of_impact,vehicle_left_hand_drive,journey_purpose_of_driver,sex_of_driver,age_of_driver,age_band_of_driver,engine_capacity_cc,propulsion_code,age_of_vehicle,generic_make_model,driver_imd_decile,driver_home_area_type,lsoa_of_driver,escooter_flag
Unvalidated,2024201433805,2024,201433805,2,9,0,5,5,1,0,0,0,0,0,0,1,1,6,1,37,7,-1,-1,-1,-1,7,1,E01009975,0
Unvalidated,2024201433810,2024,201433810,1,19,0,18,4,2,0,0,0,0,0,0,4,1,6,3,-1,-1,-1,-1,-1,-1,-1,-1,-1,0
Unvalidated,2024201433810,2024,201433810,2,9,0,18,6,2,0,0,0,0,0,0,3,1,6,1,58,9,-1,-1,-1,-1,-1,-1,-1,0
Unvalidated,2024201433819,2024,201433819,1,9,0,9,6,4,0,5,0,0,0,0,1,1,6,3,-1,-1,-1,-1,-1,-1,-1,-1,-1,0
Unvalidated,2024201433826,2024,201433826,1,9,0,18,4,8,0,8,0,0,0,0,1,1,6,2,37,7,-1,-1,-1,-1,4,1,E01031170,0
Unvalidated,2024201433826,2024,201433826,2,9,0,18,6,3,0,6,0,0,0,0,3,1,6,2,45,7,-1,-1,-1,-1,2,1,E01009592,0
Unvalidated,2024201433828,2024,201433828,1,9,0,9,7,5,0,6,0,0,0,0,1,1,6,2,73,10,-1,-1,-1,-1,10,1,E01010202,0
Unvalidated,2024201433828,2024,201433828,2,9,0,9,1,6,0,5,0,0,0,0,3,1,2,1,59,9,-1,-1,-1,-1,10,1,E01010212,0
Unvalidated,2024201433855,2024,201433855,1,9,0,18,6,8,0,1,0,0,0,0,1,1,6,1,30,6,-1,-1,-1,-1,-1,-1,-1,0
Unvalidated,2024201433855,2024,201433855,2,9,0,3,6,8,0,1,0,0,0,0,2,1,1,1,61,9,-1,-1,-1,-1,2,1,E01009982,0
Unvalidated,2024201433882,2024,201433882,1,9,0,3,3,7,0,0,0,0,0,0,2,1,6,1,44,7,-1,-1,-1,-1,1,1,E01010142,0
Unvalidated,2024201433882,2024,201433882,2,9,0,4,3,7,0,0,0,0,0,0,1,1,6,2,45,7,-1,-1,-1,-1,2,1,E01009934,0
Unvalidated,2024201433901,2024,201433901,1,9,0,18,5,1,0,8,0,0,0,0,1,1,5,1,47,8,-1,-1,-1,-1,2,1,E01009872,0
Unvalidated,2024201433901,2024,201433901,2,9,0,18,1,5,0,8,0,0,0,0,1,1,5,1,35,6,-1,-1,-1,-1,1,1,E01009841,0
Unvalidated,2024201433901,2024,201433901,3,9,0,9,1,6,0,5,0,0,0,0,4,1,5,1,18,4,-1,-1,-1,-1,3,1,E01009887,0
Unvalidated,2024201433919,2024,201433919,1,9,0,5,2,6,0,1,0,0,0,0,0,1,6,3,-1,-1,-1,-1,-1,-1,-1,-1,-1,0
Unvalidated,2024201433966,2024,201433966,1,9,0,18,4,8,0,0,0,4,0,0,1,1,5,2,51,8,-1,-1,-1,-1,3,1,E01009857,0
Unvalidated,2024201433966,2024,201433966,2,9,0,2,0,0,0,0,0,4,0,0,2,1,5,1,34,6,-1,-1,-1,-1,2,1,E01026006,0
Unvalidated,2024201433966,2024,201433966,3,9,0,2,0,0,0,0,0,4,0,0,4,1,5,1,46,8,-1,-1,-1,-1,-1,-1,-1,0
Unvalidated,2024201433987,2024,201433987,1,9,0,13,2,1,0,0,1,7,1,2,1,1,5,1,57,9,-1,-1,-1,-1,6,1,E01010174,0
Unvalidated,2024201433987,2024,201433987,2,9,0,2,0,0,0,0,0,0,0,0,1,1,6,1,61,9,-1,-1,-1,-1,10,1,E01010173,0
Unvalidated,2024201433991,2024,201433991,1,9,0,18,4,8,0,0,0,0,0,0,1,1,6,3,-1,-1,-1,-1,-1,-1,-1,-1,-1,0
Unvalidated,2024201434018,2024,201434018,1,9,0,18,7,3,0,1,0,0,0,0,1,1,6,1,20,4,-1,-1,-1,-1,1,1,E01008909,0
Unvalidated,2024201434018,2024,201434018,2,9,0,3,7,3,0,1,0,0,0,0,2,1,6,1,32,6,-1,-1,-1,-1,1,1,E01010473,0
Unvalidated,2024201434018,2024,201434018,3,9,0,3,7,3,0,1,0,0,0,0,2,1,6,1,54,8,-1,-1,-1,-1,1,1,E01008913,0
Unvalidated,2024201434045,2024,201434045,1,9,0,18,5,1,0,1,0,0,0,0,1,1,6,3,-1,-1,-1,-1,-1,-1,-1,-1,-1,0
Unvalidated,2024201434045,2024,201434045,2,9,0,18,1,5,0,1,0,0,0,0,2,1,6,2,29,6,-1,-1,-1,-1,1,1,E01009197,0
Unvalidated,2024201434107,2024,201434107,1,9,0,18,2,6,0,8,0,0,0,0,1,1,6,3,-1,-1,-1,-1,-1,-1,-1,-1,-1,0
Unvalidated,2024201434107,2024,201434107,2,9,0,18,8,4,0,8,0,0,0,0,3,1,6,2,37,7,-1,-1,-1,-1,9,1,E01010547,0
Unvalidated,2024201434125,2024,201434125,1,9,0,18,1,5,0,0,1,0,0,0,4,1,6,3,24,5,-1,-1,-1,-1,1,1,E01009367,0
Unvalidated,2024201434125,2024,201434125,2,8,0,18,5,1,0,0,1,0,0,0,4,1,1,1,52,8,-1,-1,-1,-1,1,1,E01033644,0
Unvalidated,2024201434153,2024,201434153,1,9,0,18,8,4,0,0,0,0,0,0,4,1,6,2,51,8,-1,-1,-1,-1,1,1,E01009307,0
Unvalidated,2024201434153,2024,201434153,2,9,0,18,2,6,0,0,0,0,0,0,1,1,6,2,31,6,-1,-1,-1,-1,1,1,E01009092,0
Unvalidated,2024201434177,2024,201434177,1,9,0,18,6,6,0,0,0,0,0,0,1,1,6,1,45,7,-1,-1,-1,-1,-1,-1,-1,0
Unvalidated,2024201434195,2024,201434195,1,21,0,14,8,4,0,0,0,0,0,0,4,1,1,1,26,6,-1,-1,-1,-1,1,1,E01010126,0
Unvalidated,2024201434199,2024,201434199,1,8,0,6,4,4,0,0,0,0,0,0,4,1,1,1,41,7,-1,-1,-1,-1,1,1,E01010054,0
Unvalidated,2024201434199,2024,201434199,2,9,0,18,5,1,0,0,0,0,0,0,3,1,6,2,40,7,-1,-1,-1,-1,2,1,E01009891,0
Unvalidated,2024201434211,2024,201434211,1,9,0,18,3,7,0,0,0,0,0,0,1,1,6,1,25,5,-1,-1,-1,-1,-1,-1,-1,0
Unvalidated,2024201434211,2024,201434211,2,9,0,3,3,7,0,0,0,0,0,0,2,1,6,2,41,7,-1,-1,-1,-1,1,1,E01009334,0
Unvalidated,2024201434211,2024,201434211,3,9,0,3,3,7,0,0,0,0,0,0,2,1,6,2,30,6,-1,-1,-1,-1,1,1,E01008882,0
Unvalidated,2024201434213,2024,201434213,1,9,0,18,5,1,0,0,0,10,1,0,1,1,6,1,30,6,-1,-1,-1,-1,-1,-1,-1,0
Unvalidated,2024201434213,2024,201434213,2,9,0,18,5,1,0,0,0,10,1,0,2,1,5,2,50,8,-1,-1,-1,-1,8,1,E01009722,0
Unvalidated,2024201434215,2024,201434215,1,3,0,18,8,4,0,0,2,0,0,0,1,1,2,1,32,6,-1,-1,-1,-1,2,1,E01008944,0
Unvalidated,2024201434215,2024,201434215,2,-1,0,18,4,8,0,0,0,0,0,0,1,1,6,3,-1,-1,-1,-1,-1,-1,-1,-1,-1,0
Unvalidated,2024201434222,2024,201434222,1,3,0,18,5,1,0,0,0,0,0,0,1,1,5,1,23,5,-1,-1,-1,-1,2,1,E01009098,0
Unvalidated,2024201434222,2024,201434222,2,9,0,18,5,1,0,0,0,0,0,0,2,1,5,1,20,4,-1,-1,-1,-1,1,1,E01010130,0
Unvalidated,2024201434242,2024,201434242,1,11,0,18,2,6,0,1,0,10,0,0,1,1,1,1,65,9,-1,-1,-1,-1,2,1,E01010059,0
Unvalidated,2024201434248,2024,201434248,1,98,0,4,2,6,0,1,0,0,0,0,1,1,1,1,-1,-1,-1,-1,-1,-1,-1,-1,-1,0
Unvalidated,2024201434248,2024,201434248,2,9,0,4,2,6,0,1,0,0,0,0,2,1,1,2,42,7,-1,-1,-1,-1,2,1,E01010405,0
Unvalidated,2024201434276,2024,201434276,1,9,0,18,5,1,0,1,0,0,1,0,1,1,6,1,22,5,-1,-1,-1,-1,-1,-1,-1,0
Unvalidated,2024201434276,2024,201434276,2,9,0,8,5,1,0,1,0,0,1,0,2,1,6,2,62,9,-1,-1,-1,-1,10,1,E01032154,0
Unvalidated,2024201434280,2024,201434280,1,1,-1,18,6,2,0,8,0,0,0,0,3,1,6,2,30,6,-1,-1,-1,-1,-1,-1,-1,0
Unvalidated,2024201434280,2024,201434280,2,9,0,7,5,1,0,3,0,0,0,0,4,1,5,1,74,10,-1,-1,-1,-1,7,1,E01009693,0
Unvalidated,2024201434292,2024,201434292,1,9,0,14,1,5,0,0,0,0,0,0,3,1,6,2,-1,-1,-1,-1,-1,-1,-1,-1,-1,0
Unvalidated,2024201434301,2024,201434301,1,9,0,9,6,4,0,6,0,0,0,0,1,1,6,1,30,6,-1,-1,-1,-1,-1,-1,-1,0
Unvalidated,2024201434301,2024,201434301,2,9,0,3,3,7,0,1,0,0,0,0,1,1,6,1,54,8,-1,-1,-1,-1,9,1,E01029661,0
Unvalidated,2024201434337,2024,201434337,1,11,0,18,4,8,0,0,0,0,0,0,1,1,1,2,30,6,-1,-1,-1,-1,-1,-1,-1,0
Unvalidated,2024201434348,2024,201434348,1,9,0,18,2,6,0,0,0,0,0,0,1,1,6,1,30,6,-1,-1,-1,-1,2,1,E01009991,0
Unvalidated,2024201434348,2024,201434348,2,9,0,4,2,6,0,0,0,0,0,0,2,1,1,1,36,7,-1,-1,-1,-1,4,1,E01010072,0
Unvalidated,2024201434352,2024,201434352,1,-1,0,18,4,8,0,4,0,0,0,0,1,1,6,1,17,4,-1,-1,-1,-1,2,1,E01009158,0
Unvalidated,2024201434352,2024,201434352,2,9,0,18,4,8,0,4,0,0,0,0,4,1,6,1,31,6,-1,-1,-1,-1,1,1,E01009498,0
Unvalidated,2024201434373,2024,201434373,1,9,0,18,1,7,0,8,0,0,0,0,1,1,6,1,-1,-1,-1,-1,-1,-1,-1,-1,-1,0
Unvalidated,2024201434373,2024,201434373,2,9,0,3,1,7,0,1,0,0,0,0,2,1,3,1,44,7,-1,-1,-1,-1,1,1,E01009611,0
Unvalidated,2024201434389,2024,201434389,1,9,0,18,3,7,0,0,0,0,0,0,1,1,6,1,25,5,-1,-1,-1,-1,-1,-1,-1,0
Unvalidated,2024201434389,2024,201434389,2,9,0,3,3,7,0,0,0,0,0,0,2,1,6,1,41,7,-1,-1,-1,-1,1,1,E01009334,0
Unvalidated,2024201434389,2024,201434389,3,9,0,3,3,7,0,0,0,0,0,0,2,1,6,2,41,7,-1,-1,-1,-1,1,1,E01008882,0
Unvalidated,2024201434413,2024,201434413,1,-1,0,9,3,2,0,2,0,0,0,0,4,1,6,3,-1,-1,-1,-1,-1,-1,-1,-1,-1,0
Unvalidated,2024201434429,2024,201434429,1,9,0,13,1,5,0,0,0,0,0,0,4,1,6,1,25,5,-1,-1,-1,-1,-1,-1,-1,0
Unvalidated,2024201434429,2024,201434429,2,9,0,18,1,5,0,0,0,0,0,0,3,1,5,1,37,7,-1,-1,-1,-1,1,1,E01008940,0
Unvalidated,2024201434432,2024,201434432,1,8,0,18,4,8,0,1,0,0,0,0,1,1,6,1,39,7,-1,-1,-1,-1,2,1,E01010363,0
Unvalidated,2024201434432,2024,201434432,2,19,0,18,4,8,0,8,0,0,0,0,1,1,6,1,37,7,-1,-1,-1,-1,1,1,E01010462,0
Unvalidated,2024201434434,2024,201434434,1,9,0,9,7,2,0,0,0,0,0,0,1,1,5,2,26,6,-1,-1,-1,-1,2,1,E01010311,0
Unvalidated,2024201434434,2024,201434434,2,9,0,18,1,7,0,0,0,0,0,0,4,1,5,1,31,6,-1,-1,-1,-1,6,1,E01010350,0
Unvalidated,2024201434436,2024,201434436,1,9,0,18,3,7,0,1,0,0,0,0,1,1,6,1,-1,-1,-1,-1,-1,-1,1,1,E01033650,0
Unvalidated,2024201434436,2024,201434436,2,9,0,8,3,1,0,1,0,0,0,0,2,1,6,1,24,5,-1,-1,-1,-1,1,1,E01009132,0
Unvalidated,2024201434440,2024,201434440,1,9,0,18,3,7,0,0,0,0,0,0,1,1,6,3,-1,-1,-1,-1,-1,-1,-1,-1,-1,0
Unvalidated,2024201434440,2024,201434440,2,97,0,18,7,3,0,0,0,0,0,0,1,1,1,1,-1,-1,-1,-1,-1,-1,8,1,E01010565,0
Unvalidated,2024201434448,2024,201434448,1,9,0,18,8,4,0,1,0,0,0,0,1,1,6,3,-1,-1,-1,-1,-1,-1,-1,-1,-1,0
Unvalidated,2024201434512,2024,201434512,1,9,0,18,6,2,0,1,0,0,0,0,4,1,5,2,26,6,-1,-1,-1,-1,3,1,E01008957,0
Unvalidated,2024201434516,2024,201434516,1,8,0,5,5,1,0,4,0,0,0,0,1,1,1,1,29,6,-1,-1,-1,-1,1,1,E01009152,0
Unvalidated,2024201434516,2024,201434516,2,9,0,7,4,5,0,3,0,0,0,0,4,1,6,1,40,7,-1,-1,-1,-1,-1,-1,-1,0
Unvalidated,2024201434524,2024,201434524,1,19,0,11,6,2,0,0,0,0,0,0,1,1,6,1,25,5,-1,-1,-1,-1,1,1,E01009016,0
Unvalidated,2024201434524,2024,201434524,2,9,0,18,6,2,0,0,0,0,0,0,2,1,6,1,58,9,-1,-1,-1,-1,9,1,E01031019,0
Unvalidated,2024201434542,2024,201434542,1,19,0,18,4,8,0,0,1,0,0,0,1,1,2,1,29,6,-1,-1,-1,-1,3,1,E01009989,0
Unvalidated,2024201434542,2024,201434542,2,9,0,18,4,8,0,0,0,0,0,0,1,1,2,1,87,11,-1,-1,-1,-1,1,1,E01009943,0
Unvalidated,2024201434542,2024,201434542,3,9,0,18,4,8,0,0,0,0,0,0,1,1,2,1,37,7,-1,-1,-1,-1,6,1,E01010023,0
Unvalidated,2024201434609,2024,201434609,1,9,0,1,8,2,0,0,0,0,0,0,2,1,6,1,-1,-1,-1,-1,-1,-1,-1,-1,-1,0
Unvalidated,2024201434609,2024,201434609,2,9,0,3,2,6,0,0,0,0,0,0,1,1,5,2,34,6,-1,-1,-1,-1,1,1,E01010456,0
Unvalidated,2024201434638,2024,201434638,1,9,0,18,2,6,0,1,0,0,0,0,1,1,6,1,65,9,-1,-1,-1,-1,-1,-1,-1,0
Unvalidated,2024201434638,2024,201434638,2,9,0,3,2,6,0,1,0,0,0,0,2,1,5,1,47,8,-1,-1,-1,-1,2,1,E01009741,0
Unvalidated,2024201434641,2024,201434641,1,21,1,18,7,3,0,1,0,0,0,0,1,1,1,2,40,7,-1,-1,-1,-1,-1,-1,-1,0
Unvalidated,2024201434641,2024,201434641,2,9,0,3,7,3,0,8,0,0,0,0,2,1,5,1,57,9,-1,-1,-1,-1,2,1,E01010016,0
Unvalidated,2024201434641,2024,201434641,3,9,0,18,7,3,0,1,0,0,0,0,1,1,6,1,65,9,-1,-1,-1,-1,-1,-1,-1,0
Unvalidated,2024201434675,2024,201434675,1,9,0,18,8,4,0,0,0,0,0,0,1,1,6,2,30,6,-1,-1,-1,-1,1,1,E01032888,0
Unvalidated,2024201434675,2024,201434675,2,9,0,5,8,4,0,0,0,0,0,0,3,1,6,2,47,8,-1,-1,-1,-1,5,1,E01010558,0
Unvalidated,2024201434678,2024,201434678,1,9,0,18,7,3,0,0,0,0,0,0,2,1,6,2,19,4,-1,-1,-1,-1,4,1,E01029634,0
Unvalidated,2024201434678,2024,201434678,2,9,0,18,7,3,0,0,0,0,0,0,1,1,6,2,-1,-1,-1,-1,-1,-1,1,1,E01010367,0
Unvalidated,2024201434678,2024,201434678,3,9,0,18,7,3,0,0,0,0,0,0,1,1,6,1,32,6,-1,-1,-1,-1,10,2,E01022181,0
Unvalidated,2024201434706,2024,201434706,1,9,0,18,4,8,0,1,5,10,7,0,1,1,5,1,24,5,-1,-1,-1,-1,1,1,E01009325,0
Unvalidated,2024201434756,2024,201434756,1,9,0,12,8,4,8,0,0,0,0,0,3,1,6,1,81,11,-1,-1,-1,-1,1,1,E01010125,0
Unvalidated,2024201434756,2024,201434756,2,21,1,18,8,4,0,0,0,0,0,0,4,1,1,1,61,9,-1,-1,-1,-1,8,1,E01005000,0
Unvalidated,2024201434756,2024,201434756,3,19,0,18,8,4,0,0,0,0,0,0,4,1,6,3,-1,-1,-1,-1,-1,-1,-1,-1,-1,0
Unvalidated,2024201434782,2024,201434782,1,9,0,1,1,5,0,2,0,0,0,0,2,1,6,1,40,7,-1,-1,-1,-1,-1,-1,-1,0
Unvalidated,2024201434795,2024,201434795,1,9,0,18,7,3,0,0,0,0,0,0,1,1,6,1,-1,-1,-1,-1,-1,-1,-1,-1,-1,0
Unvalidated,2024201434795,2024,201434795,2,1,0,18,7,3,0,0,0,0,0,0,2,1,2,1,32,6,-1,-1,-1,-1,5,1,E01009779,0
Unvalidated,2024201434797,2024,201434797,1,9,0,13,2,6,0,1,0,10,1,11,1,1,5,1,21,5,-1,-1,-1,-1,5,1,E01009283,0
Unvalidated,2024201434797,2024,201434797,2,9,0,18,2,6,0,1,0,0,0,0,3,1,5,1,23,5,-1,-1,-1,-1,1,1,E01009362,0
Unvalidated,2024201434822,2024,201434822,1,9,0,17,2,7,0,8,0,0,0,0,3,1,6,2,51,8,-1,-1,-1,-1,3,1,E01009865,0
Unvalidated,2024201434822,2024,201434822,2,8,0,9,7,4,0,5,0,0,0,0,1,1,1,1,47,8,-1,-1,-1,-1,3,1,E01010042,0
Unvalidated,2024201434830,2024,201434830,1,9,0,5,7,6,0,6,0,0,0,0,1,1,6,3,30,6,-1,-1,-1,-1,-1,-1,-1,0
Unvalidated,2024201434830,2024,201434830,2,9,0,18,6,2,0,1,0,0,0,0,4,1,1,1,70,10,-1,-1,-1,-1,4,1,E01029666,0
Unvalidated,2024201434934,2024,201434934,1,9,0,15,3,7,0,0,0,0,0,0,4,1,6,3,30,6,-1,-1,-1,-1,-1,-1,-1,0
Unvalidated,2024201434968,2024,201434968,1,5,0,18,8,4,0,1,0,0,0,0,1,1,6,1,56,9,-1,-1,-1,-1,4,1,E01009824,0
Unvalidated,2024201434968,2024,201434968,2,9,0,15,8,4,0,1,0,0,0,0,2,1,6,3,-1,-1,-1,-1,-1,-1,-1,-1,-1,0
Unvalidated,2024201434969,2024,201434969,1,9,0,5,3,1,0,0,0,0,0,0,1,1,6,3,-1,-1,-1,-1,-1,-1,-1,-1,-1,0
Unvalidated,2024201434969,2024,201434969,2,9,0,5,3,7,0,0,0,0,0,0,2,1,6,1,56,9,-1,-1,-1,-1,3,1,E01010005,0
Unvalidated,2024201434969,2024,201434969,3,9,0,2,0,0,0,0,0,0,0,0,1,1,6,3,-1,-1,-1,-1,-1,-1,-1,-1,-1,0
Unvalidated,2024201434985,2024,201434985,1,18,1,18,6,2,1,8,0,0,0,0,1,1,5,2,45,7,-1,-1,-1,-1,2,1,E01010056,0
Unvalidated,2024201434992,2024,201434992,1,9,0,18,2,6,0,0,0,0,0,0,1,1,6,3,-1,-1,-1,-1,-1,-1,-1,-1,-1,0
Unvalidated,2024201434992,2024,201434992,2,97,0,18,8,2,0,0,0,0,0,0,2,1,2,1,46,8,-1,-1,-1,-1,2,1,E01009982,0
Unvalidated,2024201435003,2024,201435003,1,9,0,9,2,1,0,6,0,0,0,0,1,1,3,1,50,8,-1,-1,-1,-1,4,1,E01009218,0
Unvalidated,2024201435003,2024,201435003,2,3,0,18,1,5,0,8,0,0,0,0,4,1,2,2,25,5,-1,-1,-1,-1,4,1,E01009927,0
Unvalidated,2024201435025,2024,201435025,1,9,0,18,6,2,0,0,0,0,0,0,1,1,2,1,22,5,-1,-1,-1,-1,1,1,E01009056,0
Unvalidated,2024201435025,2024,201435025,2,1,0,18,6,2,0,0,0,0,0,0,2,1,6,1,-1,-1,-1,-1,-1,-1,-1,-1,-1,0
Unvalidated,2024201435041,2024,201435041,1,9,0,7,1,3,0,1,0,0,0,0,4,1,6,3,40,7,-1,-1,-1,-1,-1,-1,-1,0
Unvalidated,2024201435063,2024,201435063,1,-1,0,14,-1,-1,0,8,0,0,0,0,1,1,5,1,16,4,-1,-1,-1,-1,2,1,E01009445,0
Unvalidated,2024201435063,2024,201435063,2,9,0,5,4,1,0,8,0,0,0,0,1,1,5,1,36,7,-1,-1,-1,-1,8,1,E01009434,0
Unvalidated,2024201435080,2024,201435080,1,11,0,4,4,8,2,0,0,0,0,0,3,1,1,1,65,9,-1,-1,-1,-1,3,1,E01010444,0
Unvalidated,2024201435094,2024,201435094,1,9,0,18,2,6,0,0,0,0,0,0,1,1,6,2,30,6,-1,-1,-1,-1,-1,-1,-1,0
Unvalidated,2024201435113,2024,201435113,1,9,0,18,7,3,0,0,0,10,1,4,1,1,5,2,18,4,-1,-1,-1,-1,1,1,E01009494,0
Unvalidated,2024201435114,2024,201435114,1,9,0,18,4,1,0,2,2,10,1,10,1,1,6,1,18,4,-1,-1,-1,-1,1,1,E01009988,0
Unvalidated,2024201435120,2024,201435120,1,9,0,7,7,8,5,6,0,0,0,0,4,1,2,2,38,7,-1,-1,-1,-1,3,1,E01008936,0
Unvalidated,2024201435120,2024,201435120,2,1,0,18,8,4,9,8,2,0,0,0,1,1,6,1,12,3,-1,-1,-1,-1,1,1,E01008932,0
Unvalidated,2024201435131,2024,201435131,1,97,0,15,6,2,0,0,0,0,0,0,1,1,6,1,48,8,-1,-1,-1,-1,3,1,E01009145,0
Unvalidated,2024201435131,2024,201435131,2,9,0,7,8,2,0,0,0,0,0,0,4,1,1,1,42,7,-1,-1,-1,-1,3,1,E01009138,0
Unvalidated,2024201435131,2024,201435131,3,9,0,2,0,0,9,0,0,0,0,0,2,1,6,1,48,8,-1,-1,-1,-1,1,1,E01009147,0
Unvalidated,2024201435143,2024,201435143,1,9,0,18,2,6,0,0,0,4,7,11,1,1,5,1,73,10,-1,-1,-1,-1,1,1,E01009325,0
Unvalidated,2024201435143,2024,201435143,2,9,0,2,0,0,0,0,0,10,1,2,4,1,6,2,47,8,-1,-1,-1,-1,1,1,E01009326,0
Unvalidated,2024201435148,2024,201435148,1,9,0,18,2,6,0,1,0,0,0,0,1,1,6,1,22,5,-1,-1,-1,-1,1,1,E01009192,0
Unvalidated,2024201435148,2024,201435148,2,9,0,18,2,6,0,1,0,0,0,0,2,1,6,1,25,5,-1,-1,-1,-1,3,1,E01009604,0
Unvalidated,2024201435148,2024,201435148,3,9,0,18,2,6,0,8,0,0,0,0,2,1,6,1,27,6,-1,-1,-1,-1,2,1,E01009389,0
Unvalidated,2024201435152,2024,201435152,1,9,0,8,5,8,0,1,0,10,1,0,2,1,6,1,29,6,-1,-1,-1,-1,-1,-1,-1,0
Unvalidated,2024201435152,2024,201435152,2,19,0,18,5,2,0,1,0,0,1,0,2,1,6,1,-1,-1,-1,-1,-1,-1,-1,-1,-1,0
Unvalidated,2024201435160,2024,201435160,1,9,0,18,2,6,0,6,0,0,0,0,1,1,5,1,45,7,-1,-1,-1,-1,3,1,E01009940,0
Unvalidated,2024201435160,2024,201435160,2,9,0,18,8,4,0,8,0,0,0,0,3,1,5,2,83,11,-1,-1,-1,-1,4,1,E01010002,0
Unvalidated,2024201435193,2024,201435193,1,11,0,18,6,2,0,1,0,0,0,0,1,1,1,2,53,8,-1,-1,-1,-1,2,1,E01010400,0
Unvalidated,2024201435223,2024,201435223,1,9,0,18,4,6,0,8,1,10,0,0,3,1,5,1,20,4,-1,-1,-1,-1,1,1,E01010364,0
Unvalidated,2024201435223,2024,201435223,2,9,0,18,6,4,0,8,0,0,0,0,1,1,5,2,25,5,-1,-1,-1,-1,4,1,E01031052,0
Unvalidated,2024201435251,2024,201435251,1,2,0,13,6,2,0,0,0,0,0,0,1,1,5,1,21,5,-1,-1,-1,-1,7,2,E01029618,0
Unvalidated,2024201435251,2024,201435251,2,9,0,6,6,6,0,0,0,0,0,0,3,1,5,1,27,6,-1,-1,-1,-1,3,1,E01010523,0
Unvalidated,2024201435257,2024,201435257,1,9,0,9,1,7,0,5,0,0,0,0,1,1,5,1,49,8,-1,-1,-1,-1,2,1,E01009395,0
Unvalidated,2024201435257,2024,201435257,2,9,0,18,5,1,0,5,0,0,0,0,3,1,5,1,31,6,-1,-1,-1,-1,1,1,E01008896,0
Unvalidated,2024201435321,2024,201435321,1,9,0,18,2,6,0,6,0,0,0,0,4,1,5,1,56,9,-1,-1,-1,-1,-1,-1,-1,0
Unvalidated,2024201435321,2024,201435321,2,4,0,18,8,4,0,6,0,0,0,0,1,1,2,1,34,6,-1,-1,-1,-1,-1,-1,-1,0
Unvalidated,2024201435329,2024,201435329,1,9,0,4,6,2,0,0,0,0,0,0,2,1,5,2,23,5,-1,-1,-1,-1,1,1,E01033649,0
Unvalidated,2024201435329,2024,201435329,2,9,0,18,6,2,0,0,0,0,0,0,1,1,5,1,20,4,-1,-1,-1,-1,-1,-1,-1,0
Unvalidated,2024201435460,2024,201435460,1,9,0,18,8,3,0,8,0,0,0,0,1,1,6,2,-1,-1,-1,-1,-1,-1,-1,-1,-1,0
Unvalidated,2024201435460,2024,201435460,2,1,0,7,1,4,0,4,0,0,0,0,1,1,6,3,-1,-1,-1,-1,-1,-1,-1,-1,-1,0
Unvalidated,2024201435471,2024,201435471,1,9,0,18,4,8,0,1,0,0,0,0,0,1,3,2,35,6,-1,-1,-1,-1,2,1,E01009982,0
Unvalidated,2024201435482,2024,201435482,1,9,0,18,5,1,0,6,0,0,0,0,4,1,6,1,18,4,-1,-1,-1,-1,4,1,E01008973,0
Unvalidated,2024201435482,2024,201435482,2,9,0,18,7,3,0,8,0,0,0,0,1,1,6,1,44,7,-1,-1,-1,-1,7,1,E01009070,0
Unvalidated,2024201435513,2024,201435513,1,9,0,12,7,3,0,3,1,10,0,0,2,1,2,2,25,5,-1,-1,-1,-1,1,1,E01009194,0
Unvalidated,2024201435513,2024,201435513,2,9,0,18,1,3,0,3,0,0,0,0,1,1,5,2,48,8,-1,-1,-1,-1,1,1,E01009410,0
Unvalidated,2024201435567,2024,201435567,1,9,0,13,5,1,0,8,0,10,7,0,1,1,2,1,21,5,-1,-1,-1,-1,2,1,E01009263,0
Unvalidated,2024201435567,2024,201435567,2,9,0,18,7,4,0,6,0,0,0,0,2,1,5,1,19,4,-1,-1,-1,-1,1,1,E01009059,0
Unvalidated,2024201435568,2024,201435568,1,21,1,7,2,5,0,4,0,0,0,0,4,1,1,1,66,10,-1,-1,-1,-1,9,2,W01001554,0
Unvalidated,2024201435568,2024,201435568,2,9,0,7,2,5,0,4,0,0,0,0,3,1,6,2,64,9,-1,-1,-1,-1,2,1,E01010521,0
Unvalidated,2024201435611,2024,201435611,1,9,0,18,2,6,0,8,1,0,0,0,1,1,2,2,54,8,-1,-1,-1,-1,6,1,E01010132,0
Unvalidated,2024201435611,2024,201435611,2,9,0,18,4,8,0,6,2,0,0,0,1,1,5,2,19,4,-1,-1,-1,-1,5,1,E01004733,0
Unvalidated,2024201435670,2024,201435670,1,9,0,7,7,1,0,5,0,0,0,0,1,1,1,1,81,11,-1,-1,-1,-1,2,1,E01010411,0
Unvalidated,2024201435670,2024,201435670,2,9,0,18,7,3,0,8,0,0,0,0,3,1,5,2,67,10,-1,-1,-1,-1,5,1,E01010460,0
Unvalidated,2024201435695,2024,201435695,1,19,0,5,4,8,0,0,0,0,0,0,1,1,1,1,24,5,-1,-1,-1,-1,7,1,E01010545,0
Unvalidated,2024201435752,2024,201435752,1,90,0,4,5,1,0,8,0,0,0,0,0,1,6,1,31,6,-1,-1,-1,-1,2,1,E01009641,1
Unvalidated,2024201435752,2024,201435752,2,9,0,9,4,2,0,6,0,0,0,0,0,1,6,3,-1,-1,-1,-1,-1,-1,-1,-1,-1,0