status,collision_index,collision_year,collision_reference,vehicle_reference,vehicle_type,towing_and_articulation,vehicle_manoeuvre,vehicle_direction_from,vehicle_direction_to,vehicle_location_restricted_lane,junction_location,skidding_and_overturning,hit_object_in_carriageway,vehicle_leaving_carriageway,hit_object_off_carriageway,first_point_of_impact,vehicle_left_hand_drive,journey_purpose_of_driver,sex_of_driver,age_of_driver,age_band_of_driver,engine_capacity_cc,propulsion_code,age_of_vehicle,generic_make_model,driver_imd_decile,driver_home_area_type,lsoa_of_driver,escooter_flag
Unvalidated,2024201435755,2024,201435755,1,9,0,9,8,6,0,1,0,0,0,0,1,1,5,1,20,4,-1,-1,-1,-1,1,1,E01009000,0
Unvalidated,2024201435755,2024,201435755,2,9,0,18,8,1,0,8,0,0,0,0,1,1,5,1,34,6,-1,-1,-1,-1,1,1,E01009013,0
Unvalidated,2024201435880,2024,201435880,1,9,0,18,5,1,0,4,0,9,3,10,1,1,5,1,45,7,-1,-1,-1,-1,3,1,E01010018,0
Unvalidated,2024201435902,2024,201435902,1,90,0,18,1,5,0,1,0,0,0,0,1,1,6,1,34,6,-1,-1,-1,-1,-1,-1,-1,0
Unvalidated,2024201435902,2024,201435902,2,9,0,5,1,5,0,1,0,0,0,0,1,1,6,1,38,7,-1,-1,-1,-1,1,1,E01010272,0
Unvalidated,2024201435916,2024,201435916,1,9,0,18,4,8,0,1,0,0,0,0,1,1,1,2,58,9,-1,-1,-1,-1,5,1,E01010558,0
Unvalidated,2024201435931,2024,201435931,1,9,0,18,2,7,0,8,0,7,0,0,1,1,6,3,-1,-1,-1,-1,-1,-1,-1,-1,-1,0
Unvalidated,2024201435931,2024,201435931,2,9,0,18,3,7,0,8,0,0,0,0,4,1,6,1,60,9,-1,-1,-1,-1,2,1,E01010564,0
Unvalidated,2024201435932,2024,201435932,1,9,0,9,8,6,0,5,0,0,0,0,4,1,6,2,44,7,-1,-1,-1,-1,-1,-1,-1,0
Unvalidated,2024201435932,2024,201435932,2,9,0,18,4,8,0,8,0,0,0,0,1,1,6,1,42,7,-1,-1,-1,-1,9,1,E01009543,0
Unvalidated,2024201435947,2024,201435947,1,9,0,13,4,8,0,0,0,0,0,0,1,1,6,3,-1,-1,-1,-1,-1,-1,-1,-1,-1,0
Unvalidated,2024201435947,2024,201435947,2,9,0,18,4,8,0,0,0,0,0,0,2,1,6,1,47,8,-1,-1,-1,-1,4,1,E01010499,0
Unvalidated,2024201435962,2024,201435962,1,9,0,7,8,2,0,6,0,0,0,0,1,1,6,3,-1,-1,-1,-1,-1,-1,-1,-1,-1,0
Unvalidated,2024201435962,2024,201435962,2,9,0,18,2,6,0,8,0,0,0,0,9,1,1,1,42,7,-1,-1,-1,-1,2,1,E01010341,0
Unvalidated,2024201435991,2024,201435991,1,9,0,18,2,6,0,0,0,10,1,5,1,1,6,2,31,6,-1,-1,-1,-1,5,1,E01010014,0
Unvalidated,2024201436010,2024,201436010,1,9,0,18,8,4,0,0,0,0,0,0,1,1,6,3,30,6,-1,-1,-1,-1,-1,-1,-1,0
Unvalidated,2024201436021,2024,201436021,1,9,0,5,3,7,0,6,0,0,0,0,3,1,5,1,41,7,-1,-1,-1,-1,3,1,E01009239,0
Unvalidated,2024201436021,2024,201436021,2,9,0,18,1,5,0,8,0,0,0,0,1,1,5,3,-1,-1,-1,-1,-1,-1,-1,-1,-1,0
Unvalidated,2024201436022,2024,201436022,1,9,0,18,6,2,0,0,0,4,0,0,9,1,6,1,-1,-1,-1,-1,-1,-1,-1,-1,-1,0
Unvalidated,2024201436040,2024,201436040,1,9,0,18,1,5,0,4,0,0,0,0,3,1,6,1,25,5,-1,-1,-1,-1,1,1,E01010272,0
Unvalidated,2024201436040,2024,201436040,2,1,0,8,1,3,0,3,0,0,0,0,4,1,6,1,33,6,-1,-1,-1,-1,2,1,E01010311,0
Unvalidated,2024201436041,2024,201436041,1,9,0,18,2,6,0,0,0,0,0,0,1,1,6,1,23,5,-1,-1,-1,-1,7,1,E01009870,0
Unvalidated,2024201436041,2024,201436041,2,9,0,5,2,6,0,0,0,0,0,0,3,1,1,1,62,9,-1,-1,-1,-1,1,1,E01008901,0
Unvalidated,2024201436061,2024,201436061,1,9,3,1,5,1,9,5,0,0,0,0,2,1,5,1,67,10,-1,-1,-1,-1,9,1,E01009543,0
Unvalidated,2024201436111,2024,201436111,1,9,0,12,4,8,0,0,0,0,0,0,4,1,2,1,56,9,-1,-1,-1,-1,-1,-1,-1,0
Unvalidated,2024201436186,2024,201436186,1,9,0,9,8,5,0,0,0,0,0,0,1,1,6,1,29,6,-1,-1,-1,-1,2,1,E01010047,0
Unvalidated,2024201436186,2024,201436186,2,9,0,18,4,1,0,0,0,0,0,0,1,1,6,3,34,6,-1,-1,-1,-1,-1,1,-1,0
Unvalidated,2024201436186,2024,201436186,3,8,0,18,1,4,0,0,0,0,0,0,3,1,2,1,47,8,-1,-1,-1,-1,2,1,E01010020,0
Unvalidated,2024201436186,2024,201436186,4,9,0,18,8,5,0,0,0,0,0,0,0,1,1,1,27,6,-1,-1,-1,-1,-1,-1,-1,0
Unvalidated,2024201436193,2024,201436193,1,9,0,9,6,4,0,5,0,0,0,0,1,1,6,3,-1,-1,-1,-1,-1,-1,-1,-1,-1,0
Unvalidated,2024201436193,2024,201436193,2,9,0,9,6,4,0,6,0,0,0,0,1,1,6,1,-1,-1,-1,-1,-1,-1,-1,-1,-1,0
Unvalidated,2024201436193,2024,201436193,3,9,0,2,0,0,0,2,0,0,0,0,3,1,6,1,55,8,-1,-1,-1,-1,6,1,E01009278,0
Unvalidated,2024201436222,2024,201436222,1,9,0,18,7,3,0,8,0,0,0,0,1,1,6,1,32,6,-1,-1,-1,-1,1,1,E01009202,0
Unvalidated,2024201436222,2024,201436222,2,9,0,9,7,4,0,5,0,0,0,0,1,1,6,2,58,9,-1,-1,-1,-1,1,1,E01009056,0
Unvalidated,2024201436299,2024,201436299,1,9,0,1,2,6,0,2,0,0,0,0,2,1,5,2,35,6,-1,-1,-1,-1,1,1,E01009365,0
Unvalidated,2024201436309,2024,201436309,1,9,0,9,1,7,0,6,0,0,0,0,1,1,6,1,25,5,-1,-1,-1,-1,5,1,E01010418,0
Unvalidated,2024201436309,2024,201436309,2,9,0,18,3,7,0,8,0,0,0,0,3,1,2,2,54,8,-1,-1,-1,-1,1,1,E01009350,0
Unvalidated,2024201436334,2024,201436334,1,97,0,15,4,8,0,1,0,0,0,0,1,1,6,1,-1,-1,-1,-1,-1,-1,-1,-1,-1,0
Unvalidated,2024201436371,2024,201436371,1,9,0,18,7,3,0,1,0,0,0,0,0,1,6,3,40,7,-1,-1,-1,-1,-1,-1,-1,0
Unvalidated,2024201436371,2024,201436371,2,1,0,18,1,5,4,1,0,0,0,0,0,1,6,1,26,6,-1,-1,-1,-1,1,1,E01009270,0
Unvalidated,2024201436378,2024,201436378,1,9,0,18,2,6,0,0,0,0,0,0,1,1,6,3,-1,-1,-1,-1,-1,-1,-1,-1,-1,0
Unvalidated,2024201436378,2024,201436378,2,9,0,18,2,6,0,0,1,0,1,0,2,1,6,2,41,7,-1,-1,-1,-1,10,1,E01031300,0
Unvalidated,2024201436405,2024,201436405,1,9,0,9,2,8,0,6,0,0,0,0,1,1,6,2,-1,-1,-1,-1,-1,-1,-1,-1,-1,0
Unvalidated,2024201436405,2024,201436405,2,1,0,18,4,8,0,8,1,0,0,0,3,1,6,1,22,5,-1,-1,-1,-1,1,1,E01009640,0
Unvalidated,2024201436415,2024,201436415,1,9,0,7,8,2,0,6,0,0,0,0,4,1,5,1,29,6,-1,-1,-1,-1,2,1,E01009747,0
Unvalidated,2024201436427,2024,201436427,1,9,0,18,6,3,0,0,0,0,0,0,1,1,6,1,54,8,-1,-1,-1,-1,1,1,E01009540,0
Unvalidated,2024201436427,2024,201436427,2,90,0,5,5,1,0,0,0,0,0,0,1,1,6,1,36,7,-1,-1,-1,-1,1,1,E01009539,0
Unvalidated,2024201436452,2024,201436452,1,9,0,1,1,5,0,1,0,0,0,0,2,1,6,1,-1,-1,-1,-1,-1,-1,10,1,E01009470,0
Unvalidated,2024201436462,2024,201436462,1,9,0,18,1,5,0,0,0,0,0,0,1,1,6,1,55,8,-1,-1,-1,-1,1,1,E01009335,0
Unvalidated,2024201436462,2024,201436462,2,9,0,18,5,1,0,0,0,0,0,0,3,1,5,1,66,10,-1,-1,-1,-1,1,1,E01009488,0
Unvalidated,2024201436475,2024,201436475,1,9,0,5,1,5,0,6,0,0,0,0,1,1,6,2,-1,-1,-1,-1,-1,-1,-1,-1,-1,0
Unvalidated,2024201436475,2024,201436475,2,1,0,18,3,7,9,8,0,0,0,0,1,1,3,1,14,3,-1,-1,-1,-1,2,1,E01010525,0
Unvalidated,2024201436480,2024,201436480,1,9,0,9,2,7,0,6,0,0,0,0,1,1,6,1,41,7,-1,-1,-1,-1,-1,-1,-1,0
Unvalidated,2024201436494,2024,201436494,1,9,0,1,3,7,9,0,0,0,0,0,2,1,6,1,54,8,-1,-1,-1,-1,6,1,E01008925,0
Unvalidated,2024201436507,2024,201436507,1,9,0,18,5,3,0,0,0,0,0,0,2,1,6,1,23,5,-1,-1,-1,-1,-1,-1,-1,0
Unvalidated,2024201436507,2024,201436507,2,9,0,18,5,3,0,0,0,0,0,0,1,1,6,3,-1,-1,-1,-1,-1,-1,-1,-1,-1,0
Unvalidated,2024201436510,2024,201436510,1,9,0,14,1,5,0,0,0,0,0,0,1,1,6,3,-1,-1,-1,-1,-1,-1,-1,-1,-1,0
Unvalidated,2024201436510,2024,201436510,2,9,0,18,1,4,0,0,0,0,0,0,1,1,5,2,49,8,-1,-1,-1,-1,1,1,E01008932,0
Unvalidated,2024201436560,2024,201436560,1,9,0,14,4,1,0,0,0,0,0,0,1,1,5,2,74,10,-1,-1,-1,-1,5,1,E01009923,0
Unvalidated,2024201436560,2024,201436560,2,9,0,2,0,0,0,0,0,0,0,0,2,1,5,2,65,9,-1,-1,-1,-1,2,1,E01009942,0
Unvalidated,2024201436585,2024,201436585,1,9,0,5,6,2,0,6,0,0,0,0,1,1,6,2,-1,-1,-1,-1,-1,-1,-1,-1,-1,0
Unvalidated,2024201436585,2024,201436585,2,4,0,18,8,4,0,8,0,0,0,0,1,1,2,1,31,6,-1,-1,-1,-1,3,1,E01009876,0
Unvalidated,2024201436598,2024,201436598,1,9,0,18,6,2,0,1,0,0,0,0,1,1,6,1,24,5,-1,-1,-1,-1,5,1,E01009939,0
Unvalidated,2024201436598,2024,201436598,2,9,0,8,6,8,0,1,0,0,0,0,2,1,6,1,47,8,-1,-1,-1,-1,4,1,E01010002,0
Unvalidated,2024201436605,2024,201436605,1,9,0,18,6,2,0,3,0,0,0,0,1,1,6,2,-1,-1,-1,-1,-1,-1,6,1,E01032436,0
Unvalidated,2024201436605,2024,201436605,2,9,0,18,6,2,0,4,0,0,0,0,2,2,6,1,36,7,-1,-1,-1,-1,1,1,E01009889,0
Unvalidated,2024201436619,2024,201436619,1,8,0,18,8,4,0,8,0,0,0,0,3,1,6,1,29,6,-1,-1,-1,-1,3,1,E01009887,0
Unvalidated,2024201436619,2024,201436619,2,9,0,9,4,2,0,5,0,0,0,0,3,1,5,2,54,8,-1,-1,-1,-1,7,1,E01009251,0
Unvalidated,2024201436624,2024,201436624,1,9,0,18,2,6,0,1,0,0,0,0,3,1,6,1,60,9,-1,-1,-1,-1,-1,-1,-1,0
Unvalidated,2024201436624,2024,201436624,2,9,0,18,6,2,0,2,0,0,0,0,3,1,5,1,34,6,-1,-1,-1,-1,2,1,E01009573,0
Unvalidated,2024201436643,2024,201436643,1,8,0,5,3,7,0,4,0,10,1,0,1,1,1,1,59,9,-1,-1,-1,-1,1,1,E01009491,0
Unvalidated,2024201436643,2024,201436643,2,1,0,18,1,5,0,8,0,0,0,0,4,1,2,1,21,5,-1,-1,-1,-1,1,1,E01009099,0
Unvalidated,2024201436684,2024,201436684,1,9,0,4,2,6,0,5,0,0,0,0,2,1,6,2,30,6,-1,-1,-1,-1,2,1,E01009623,0
Unvalidated,2024201436684,2024,201436684,2,9,0,18,2,6,0,1,0,0,0,0,1,1,6,1,61,9,-1,-1,-1,-1,3,1,E01009655,0
Unvalidated,2024201436689,2024,201436689,1,9,0,9,2,6,0,6,0,0,0,0,1,1,6,2,18,4,-1,-1,-1,-1,-1,-1,-1,0
Unvalidated,2024201436689,2024,201436689,2,9,0,18,8,4,0,8,0,0,0,0,3,1,5,1,34,6,-1,-1,-1,-1,9,1,E01009800,0
Unvalidated,2024201436708,2024,201436708,1,9,0,4,4,8,0,1,0,0,0,0,1,1,3,2,59,9,-1,-1,-1,-1,2,1,E01010265,0
Unvalidated,2024201436708,2024,201436708,2,9,0,4,4,8,0,1,0,0,0,0,2,1,2,2,63,9,-1,-1,-1,-1,3,1,E01009967,0
Unvalidated,2024201436708,2024,201436708,3,9,0,3,4,8,0,1,0,0,0,0,2,1,5,2,-1,-1,-1,-1,-1,-1,-1,-1,-1,0
Unvalidated,2024201436708,2024,201436708,4,8,0,3,4,8,0,1,0,0,0,0,0,1,6,1,23,5,-1,-1,-1,-1,2,1,E01009839,0
Unvalidated,2024201436712,2024,201436712,1,9,0,18,6,2,0,0,0,0,0,0,1,1,6,1,25,5,-1,-1,-1,-1,3,1,E01009620,0
Unvalidated,2024201436712,2024,201436712,2,9,0,18,6,2,0,0,0,10,1,10,2,1,6,1,29,6,-1,-1,-1,-1,1,1,E01032531,0
Unvalidated,2024201436712,2024,201436712,3,9,0,18,4,2,0,0,0,0,0,0,2,1,6,1,18,4,-1,-1,-1,-1,1,1,E01009639,0
Unvalidated,2024201436719,2024,201436719,1,1,0,18,6,2,0,0,0,10,1,0,3,1,5,1,22,5,-1,-1,-1,-1,2,1,E01010463,0
Unvalidated,2024201436719,2024,201436719,2,9,0,18,6,2,0,0,0,0,0,0,3,1,5,1,27,6,-1,-1,-1,-1,6,1,E01010469,0
Unvalidated,2024201436721,2024,201436721,1,98,0,18,1,5,0,0,0,0,0,0,1,1,6,3,-1,-1,-1,-1,-1,-1,-1,-1,-1,0
Unvalidated,2024201436721,2024,201436721,2,9,0,18,1,5,0,0,0,0,0,0,1,1,5,2,56,9,-1,-1,-1,-1,7,1,E01008968,0
Unvalidated,2024201436721,2024,201436721,3,9,0,18,1,5,0,0,0,0,0,0,2,1,1,1,42,7,-1,-1,-1,-1,1,1,E01010291,0
Unvalidated,2024201436750,2024,201436750,1,11,0,18,8,4,0,0,0,4,0,0,4,1,1,1,47,8,-1,-1,-1,-1,1,1,E01008941,0
Unvalidated,2024201436750,2024,201436750,2,9,0,2,0,0,0,0,0,0,0,0,2,1,6,3,-1,-1,-1,-1,-1,-1,-1,-1,-1,0
Unvalidated,2024201436752,2024,201436752,1,9,0,5,7,3,0,0,0,0,0,0,3,1,6,1,39,7,-1,-1,-1,-1,5,1,E01029627,0
Unvalidated,2024201436752,2024,201436752,2,9,0,18,3,7,0,0,0,0,0,0,1,1,6,1,32,6,-1,-1,-1,-1,1,1,E01010443,0
Unvalidated,2024201436838,2024,201436838,1,9,0,5,6,2,9,1,0,10,1,4,1,1,5,1,-1,-1,-1,-1,-1,-1,-1,-1,-1,0
Unvalidated,2024201436839,2024,201436839,1,9,0,18,8,5,0,6,0,0,0,0,1,1,5,1,22,5,-1,-1,-1,-1,3,1,E01009777,0
Unvalidated,2024201436839,2024,201436839,2,9,0,18,2,6,0,8,0,0,0,0,3,1,6,1,48,8,-1,-1,-1,-1,7,1,E01010024,0
Unvalidated,2024201436845,2024,201436845,1,9,0,5,7,3,0,0,0,0,0,0,1,1,6,1,30,6,-1,-1,-1,-1,-1,-1,-1,0
Unvalidated,2024201436845,2024,201436845,2,9,0,3,7,3,0,0,0,0,0,0,2,1,6,2,38,7,-1,-1,-1,-1,1,1,E01009354,0
Unvalidated,2024201436848,2024,201436848,1,17,0,18,4,8,0,1,0,0,0,0,2,1,5,1,21,5,-1,-1,-1,-1,-1,-1,-1,0
Unvalidated,2024201436848,2024,201436848,2,9,0,7,4,6,0,6,0,0,0,0,1,1,6,3,-1,-1,-1,-1,-1,-1,-1,-1,-1,0
Unvalidated,2024201436854,2024,201436854,1,9,0,18,3,7,0,0,0,0,0,0,3,1,5,1,28,6,-1,-1,-1,-1,1,1,E01009345,0
Unvalidated,2024201436859,2024,201436859,1,9,0,5,1,4,0,6,0,0,0,0,3,1,2,1,48,8,-1,-1,-1,-1,1,1,E01009134,0
Unvalidated,2024201436859,2024,201436859,2,1,0,18,3,7,0,8,0,0,0,0,2,1,2,1,28,6,-1,-1,-1,-1,1,1,E01009301,0
Unvalidated,2024201436866,2024,201436866,1,9,0,4,8,4,0,1,0,0,0,0,1,1,6,1,-1,-1,-1,-1,-1,-1,3,1,E01010512,0
Unvalidated,2024201436866,2024,201436866,2,9,0,3,8,4,0,1,0,0,0,0,2,1,5,2,42,7,-1,-1,-1,-1,9,1,E01029631,0
Unvalidated,2024201436869,2024,201436869,1,9,0,18,8,4,0,1,0,0,0,0,1,1,2,2,28,6,-1,-1,-1,-1,1,1,E01009401,0
Unvalidated,2024201436886,2024,201436886,1,9,0,18,8,4,0,0,5,10,1,4,1,1,6,2,39,7,-1,-1,-1,-1,-1,-1,-1,0
Unvalidated,2024201436888,2024,201436888,1,-1,0,18,2,6,0,0,0,0,0,0,4,1,1,1,63,9,-1,-1,-1,-1,-1,-1,-1,0
Unvalidated,2024201436891,2024,201436891,1,9,0,5,6,2,0,0,0,0,0,0,1,1,6,1,-1,-1,-1,-1,-1,-1,2,1,E01010106,0
Unvalidated,2024201436891,2024,201436891,2,9,0,3,6,2,0,0,0,0,0,0,2,1,6,2,48,8,-1,-1,-1,-1,2,1,E01009064,0
Unvalidated,2024201436907,2024,201436907,1,9,0,18,8,4,0,3,0,0,0,0,3,1,5,1,45,7,-1,-1,-1,-1,10,1,E01010153,0
Unvalidated,2024201436917,2024,201436917,1,11,0,18,7,3,0,8,0,0,0,0,0,1,1,1,-1,-1,-1,-1,-1,-1,-1,-1,-1,0
Unvalidated,2024201436918,2024,201436918,1,9,0,7,4,6,0,5,0,0,0,0,4,1,1,1,37,7,-1,-1,-1,-1,2,1,E01008883,0
Unvalidated,2024201436918,2024,201436918,2,2,0,18,4,8,0,8,0,0,0,0,1,1,6,2,68,10,-1,-1,-1,-1,5,1,E01009312,0
Unvalidated,2024201436919,2024,201436919,1,9,0,18,4,8,0,0,0,0,0,0,1,1,6,1,30,6,-1,-1,-1,-1,1,1,E01033643,0
Unvalidated,2024201436919,2024,201436919,2,9,0,3,6,2,0,0,0,0,0,0,2,1,6,1,44,7,-1,-1,-1,-1,6,1,E01010232,0
Unvalidated,2024201436940,2024,201436940,1,9,0,18,2,6,0,0,0,0,0,0,1,1,5,1,56,9,-1,-1,-1,-1,4,1,E01009030,0
Unvalidated,2024201436960,2024,201436960,1,9,0,18,4,8,0,0,0,4,0,0,1,1,5,1,56,9,-1,-1,-1,-1,1,1,E01033644,0
Unvalidated,2024201436976,2024,201436976,1,9,0,18,8,4,0,0,0,0,0,0,1,1,1,1,18,4,-1,-1,-1,-1,8,1,E01010162,0
Unvalidated,2024201436989,2024,201436989,1,9,0,18,3,7,0,8,0,0,0,0,2,1,6,2,-1,-1,-1,-1,-1,-1,-1,-1,-1,0
Unvalidated,2024201436989,2024,201436989,2,9,0,18,3,7,0,8,0,0,0,0,1,1,6,1,41,7,-1,-1,-1,-1,-1,-1,-1,0
Unvalidated,2024201436994,2024,201436994,1,9,0,18,7,3,0,0,0,0,0,0,1,1,6,3,-1,-1,-1,-1,-1,-1,-1,-1,-1,0
Unvalidated,2024201436997,2024,201436997,1,9,0,7,2,4,0,5,0,0,0,0,4,1,1,1,27,6,-1,-1,-1,-1,7,1,E01010246,0
Unvalidated,2024201436997,2024,201436997,2,9,0,18,2,6,0,8,0,0,0,0,3,1,6,1,39,7,-1,-1,-1,-1,-1,-1,-1,0
Unvalidated,2024201437003,2024,201437003,1,9,0,18,5,1,0,8,1,0,0,0,1,1,6,1,35,6,-1,-1,-1,-1,-1,-1,-1,0
Unvalidated,2024201437003,2024,201437003,2,9,0,5,6,1,0,4,0,0,0,0,2,1,5,1,23,5,-1,-1,-1,-1,2,1,E01010036,0
Unvalidated,2024201437021,2024,201437021,1,9,0,18,2,6,0,0,0,0,0,0,4,1,1,1,48,8,-1,-1,-1,-1,1,1,E01033636,0
Unvalidated,2024201437038,2024,201437038,1,90,0,18,1,5,9,8,0,0,0,0,1,1,2,1,27,6,-1,-1,-1,-1,1,1,E01033628,1
Unvalidated,2024201437038,2024,201437038,2,9,0,7,5,6,0,5,0,0,0,0,4,1,2,2,24,5,-1,-1,-1,-1,2,1,E01009050,0
Unvalidated,2024201437060,2024,201437060,1,9,0,18,6,2,0,1,5,4,0,0,4,1,6,2,85,11,-1,-1,-1,-1,9,1,E01009472,0
Unvalidated,2024201437060,2024,201437060,2,9,0,2,0,0,0,1,0,10,0,0,3,1,6,3,-1,-1,-1,-1,-1,-1,-1,-1,-1,0
Unvalidated,2024201437101,2024,201437101,1,9,0,4,2,6,0,1,0,0,0,0,1,1,5,1,29,6,-1,-1,-1,-1,4,1,E01009236,0
Unvalidated,2024201437101,2024,201437101,2,1,0,18,5,8,0,8,0,0,7,0,3,1,5,1,23,5,-1,-1,-1,-1,5,1,E01009227,0
Unvalidated,2024201437103,2024,201437103,1,1,0,18,6,2,9,0,0,0,0,0,1,1,5,1,15,3,-1,-1,-1,-1,1,1,E01009130,0
Unvalidated,2024201437124,2024,201437124,1,9,0,18,8,4,0,1,0,0,0,0,0,1,6,2,50,8,-1,-1,-1,-1,-1,-1,-1,0
Unvalidated,2024201437150,2024,201437150,1,9,0,5,5,1,0,0,0,0,0,0,3,1,5,1,25,5,-1,-1,-1,-1,2,1,E01010045,0
Unvalidated,2024201437150,2024,201437150,2,1,0,18,5,1,0,0,0,0,0,0,1,1,6,1,10,2,-1,-1,-1,-1,2,1,E01010041,0
Unvalidated,2024201437280,2024,201437280,1,9,0,18,1,5,0,8,0,0,0,0,1,1,6,1,51,8,-1,-1,-1,-1,2,1,E01010463,0
Unvalidated,2024201437280,2024,201437280,2,9,0,18,2,6,0,6,0,0,0,0,3,1,6,2,41,7,-1,-1,-1,-1,2,1,E01010362,0
Unvalidated,2024201437300,2024,201437300,1,9,0,18,2,6,0,2,0,0,0,0,1,1,1,1,41,7,-1,-1,-1,-1,1,1,E01009400,0
Unvalidated,2024201437330,2024,201437330,1,9,0,9,8,4,0,6,0,0,0,0,3,1,6,2,55,8,-1,-1,-1,-1,2,1,E01009891,0
Unvalidated,2024201437330,2024,201437330,2,5,0,14,6,2,0,8,1,0,0,0,1,1,6,1,28,6,-1,-1,-1,-1,8,1,E01009919,0
Unvalidated,2024201437372,2024,201437372,1,9,0,18,6,2,0,0,0,0,0,0,4,1,6,1,21,5,-1,-1,-1,-1,1,1,E01009214,0
Unvalidated,2024201437372,2024,201437372,2,8,0,13,6,2,0,0,0,0,0,0,2,1,6,3,-1,-1,-1,-1,-1,-1,-1,-1,-1,0
Unvalidated,2024201437452,2024,201437452,1,9,0,5,4,8,0,6,0,0,0,0,1,1,6,2,31,6,-1,-1,-1,-1,-1,-1,-1,0
Unvalidated,2024201437452,2024,201437452,2,9,0,18,2,6,0,8,0,0,0,0,1,1,6,1,48,8,-1,-1,-1,-1,2,1,E01009342,0
Unvalidated,2024201437597,2024,201437597,1,9,0,18,8,4,0,0,0,0,0,0,1,1,5,2,21,5,-1,-1,-1,-1,5,1,E01009527,0
Unvalidated,2024201437648,2024,201437648,1,9,0,7,3,4,0,5,0,10,1,11,1,1,6,2,24,5,-1,-1,-1,-1,1,1,E01010490,0
Unvalidated,2024201437648,2024,201437648,2,9,0,4,3,7,0,2,0,0,0,0,1,1,6,1,49,8,-1,-1,-1,-1,1,1,E01010453,0
Unvalidated,2024201437655,2024,201437655,1,8,0,7,8,2,0,6,0,0,0,0,1,1,6,1,59,9,-1,-1,-1,-1,-1,-1,-1,0
Unvalidated,2024201437655,2024,201437655,2,9,0,18,6,2,0,8,0,0,0,0,1,1,6,3,-1,-1,-1,-1,-1,-1,-1,-1,-1,0
Unvalidated,2024201437664,2024,201437664,1,2,0,6,3,3,0,1,0,0,0,0,4,1,6,1,29,6,-1,-1,-1,-1,5,1,E01009913,0
Unvalidated,2024201437664,2024,201437664,2,9,0,5,1,5,0,6,0,0,0,0,1,1,6,1,35,6,-1,-1,-1,-1,9,1,E01009912,0
Unvalidated,2024201437692,2024,201437692,1,19,0,5,6,2,0,8,0,0,0,0,3,1,6,1,-1,-1,-1,-1,-1,-1,-1,-1,-1,0
Unvalidated,2024201437692,2024,201437692,2,9,0,10,6,3,0,8,0,10,1,0,3,1,5,1,21,5,-1,-1,-1,-1,3,1,E01008953,0
Unvalidated,2024201437700,2024,201437700,1,9,0,7,6,8,0,6,0,0,0,0,1,1,6,1,29,6,-1,-1,-1,-1,1,1,E01009376,0
Unvalidated,2024201437700,2024,201437700,2,9,0,18,4,8,0,8,1,0,0,0,4,1,6,2,29,6,-1,-1,-1,-1,1,1,E01009013,0
Unvalidated,2024201437718,2024,201437718,1,90,0,5,3,7,0,0,0,0,0,0,4,1,5,1,36,7,-1,-1,-1,-1,2,1,E01009412,1
Unvalidated,2024201437718,2024,201437718,2,9,0,5,6,2,0,0,0,0,0,0,1,1,1,1,40,7,-1,-1,-1,-1,-1,-1,-1,0
Unvalidated,2024201437719,2024,201437719,1,9,0,7,8,2,0,6,1,0,0,0,1,1,3,2,30,6,-1,-1,-1,-1,5,1,E01010431,0
Unvalidated,2024201437719,2024,201437719,2,3,0,13,8,4,0,8,1,0,0,0,1,1,2,1,22,5,-1,-1,-1,-1,5,1,E01010554,0
Unvalidated,2024201437735,2024,201437735,1,9,0,5,2,6,0,6,0,0,0,0,1,1,6,1,78,11,-1,-1,-1,-1,6,1,E01010079,0
Unvalidated,2024201437735,2024,201437735,2,9,0,18,8,4,0,8,0,0,0,0,1,1,6,2,39,7,-1,-1,-1,-1,1,1,E01009893,0
Unvalidated,2024201437778,2024,201437778,1,9,0,1,3,7,9,0,0,0,0,0,2,1,6,2,30,6,-1,-1,-1,-1,-1,-1,-1,0
Unvalidated,2024201437778,2024,201437778,2,1,0,18,1,5,0,0,0,0,0,0,4,1,5,1,20,4,-1,-1,-1,-1,1,1,E01009479,0
Unvalidated,2024201437781,2024,201437781,1,9,0,18,3,7,0,0,0,0,0,0,4,1,5,1,65,9,-1,-1,-1,-1,9,1,E01009816,0
Unvalidated,2024201437802,2024,201437802,1,8,0,12,4,6,0,3,0,0,0,0,3,1,6,1,30,6,-1,-1,-1,-1,-1,-1,-1,0
Unvalidated,2024201437802,2024,201437802,2,9,0,18,4,6,0,5,0,0,0,0,4,1,5,1,28,6,-1,-1,-1,-1,-1,-1,-1,0
Unvalidated,2024201437805,2024,201437805,1,9,0,18,4,8,0,8,0,0,0,0,1,1,6,3,-1,-1,-1,-1,-1,-1,-1,-1,-1,0
Unvalidated,2024201437805,2024,201437805,2,9,0,18,8,4,0,8,0,0,0,0,1,1,6,1,24,5,-1,-1,-1,-1,4,1,E01029692,0
Unvalidated,2024201437806,2024,201437806,1,98,0,11,5,1,0,0,0,0,0,0,4,1,6,1,-1,-1,-1,-1,-1,-1,1,1,E01009203,0
Unvalidated,2024201437806,2024,201437806,2,9,0,11,5,1,0,0,0,0,0,0,1,1,6,2,18,4,-1,-1,-1,-1,2,1,E01010439,0
Unvalidated,2024201437811,2024,201437811,1,9,0,18,6,2,0,1,0,0,0,0,1,1,6,1,23,5,-1,-1,-1,-1,2,1,E01010439,0
Unvalidated,2024201437811,2024,201437811,2,9,0,9,6,4,0,1,0,0,0,0,2,1,6,2,28,6,-1,-1,-1,-1,-1,3,-1,0
Unvalidated,2024201437812,2024,201437812,1,9,0,9,2,6,0,6,0,0,0,0,3,1,5,1,38,7,-1,-1,-1,-1,4,1,E01009864,0