status,collision_index,collision_year,collision_reference,vehicle_reference,vehicle_type,towing_and_articulation,vehicle_manoeuvre,vehicle_direction_from,vehicle_direction_to,vehicle_location_restricted_lane,junction_location,skidding_and_overturning,hit_object_in_carriageway,vehicle_leaving_carriageway,hit_object_off_carriageway,first_point_of_impact,vehicle_left_hand_drive,journey_purpose_of_driver,sex_of_driver,age_of_driver,age_band_of_driver,engine_capacity_cc,propulsion_code,age_of_vehicle,generic_make_model,driver_imd_decile,driver_home_area_type,lsoa_of_driver,escooter_flag
Unvalidated,2024201437812,2024,201437812,2,9,0,18,4,8,0,8,1,0,0,0,1,1,5,1,20,4,-1,-1,-1,-1,2,2,E01010301,0
Unvalidated,2024201437812,2024,201437812,3,9,0,18,4,8,0,1,1,0,0,0,1,1,5,1,46,8,-1,-1,-1,-1,2,1,E01010077,0
Unvalidated,2024201437841,2024,201437841,1,9,0,18,3,7,0,0,0,0,0,0,1,1,6,1,60,9,-1,-1,-1,-1,10,1,E01029868,0
Unvalidated,2024201437841,2024,201437841,2,9,0,4,3,7,0,0,0,0,0,0,2,1,5,2,37,7,-1,-1,-1,-1,3,1,E01002770,0
Unvalidated,2024201437843,2024,201437843,1,9,0,18,2,6,0,0,0,0,0,0,1,1,1,1,50,8,-1,-1,-1,-1,6,2,E01027047,0
Unvalidated,2024201437843,2024,201437843,2,9,0,18,2,6,0,0,0,7,1,7,1,1,6,1,31,6,-1,-1,-1,-1,1,1,E01009307,0
Unvalidated,2024201437843,2024,201437843,3,9,0,18,2,6,0,0,0,7,4,7,1,1,1,1,43,7,-1,-1,-1,-1,7,2,E01019374,0
Unvalidated,2024201437849,2024,201437849,1,9,0,5,4,8,0,0,0,7,0,0,4,1,5,1,30,6,-1,-1,-1,-1,6,1,E01029413,0
Unvalidated,2024201437849,2024,201437849,2,9,0,12,4,8,0,0,0,0,0,0,3,1,6,3,40,7,-1,-1,-1,-1,-1,-1,-1,0
Unvalidated,2024201437870,2024,201437870,1,9,0,18,7,3,0,2,0,0,0,0,1,1,6,1,39,7,-1,-1,-1,-1,4,1,E01009970,0
Unvalidated,2024201437879,2024,201437879,1,9,0,4,2,6,0,1,0,0,0,0,1,1,5,1,41,7,-1,-1,-1,-1,3,1,E01010085,0
Unvalidated,2024201437879,2024,201437879,2,-1,0,15,2,6,0,1,0,0,0,0,1,1,5,3,-1,-1,-1,-1,-1,-1,-1,-1,-1,0
Unvalidated,2024201437879,2024,201437879,3,-1,0,15,2,6,0,1,0,0,0,0,1,1,5,3,-1,-1,-1,-1,-1,-1,-1,-1,-1,0
Unvalidated,2024201437887,2024,201437887,1,9,0,5,4,8,0,4,0,0,0,0,1,1,6,1,30,6,-1,-1,-1,-1,-1,-1,-1,0
Unvalidated,2024201437887,2024,201437887,2,1,0,18,2,6,0,3,0,0,0,0,1,1,6,2,48,8,-1,-1,-1,-1,6,1,E01008965,0
Unvalidated,2024201437900,2024,201437900,1,9,0,9,6,4,0,5,0,0,0,0,1,1,6,1,-1,-1,-1,-1,-1,-1,1,1,E01033187,0
Unvalidated,2024201437900,2024,201437900,2,9,0,18,6,2,0,1,0,0,0,0,2,1,6,1,33,6,-1,-1,-1,-1,-1,-1,-1,0
Unvalidated,2024201437937,2024,201437937,1,9,0,18,7,3,0,0,1,0,1,10,3,1,6,2,55,8,-1,-1,-1,-1,10,1,E01032135,0
Unvalidated,2024201437937,2024,201437937,2,11,0,18,3,7,0,0,0,0,0,0,3,1,5,1,50,8,-1,-1,-1,-1,7,1,E01032130,0
Unvalidated,2024201437943,2024,201437943,1,9,0,18,6,2,0,0,0,0,0,0,1,1,6,3,-1,-1,-1,-1,-1,-1,-1,-1,-1,0
Unvalidated,2024201437943,2024,201437943,2,1,0,18,6,2,0,0,0,0,0,0,2,1,6,1,22,5,-1,-1,-1,-1,4,1,E01009867,0
Unvalidated,2024201437950,2024,201437950,1,9,0,18,2,6,0,1,0,0,0,0,1,1,6,1,84,11,-1,-1,-1,-1,2,1,E01009788,0
Unvalidated,2024201437950,2024,201437950,2,9,0,2,0,0,0,2,0,0,0,0,2,1,6,1,49,8,-1,-1,-1,-1,6,1,-1,0
Unvalidated,2024201437950,2024,201437950,3,9,0,3,2,6,0,2,0,0,0,0,2,1,6,1,67,10,-1,-1,-1,-1,2,1,E01009885,0
Unvalidated,2024201437951,2024,201437951,1,9,0,18,1,5,0,8,0,0,0,0,1,1,1,1,30,6,-1,-1,-1,-1,-1,-1,-1,0
Unvalidated,2024201437951,2024,201437951,2,9,0,18,1,4,0,8,0,0,0,0,4,1,5,2,49,8,-1,-1,-1,-1,1,1,E01009021,0
Unvalidated,2024201438103,2024,201438103,1,9,0,9,3,1,0,5,0,0,0,0,1,1,6,1,39,7,-1,-1,-1,-1,1,1,E01009099,0
Unvalidated,2024201438103,2024,201438103,2,1,0,18,8,2,0,8,0,0,0,0,1,1,6,2,31,6,-1,-1,-1,-1,10,1,E01009436,0
Unvalidated,2024201438124,2024,201438124,1,9,0,18,2,6,0,4,0,0,0,0,1,1,6,2,34,6,-1,-1,-1,-1,6,3,E01032403,0
Unvalidated,2024201438124,2024,201438124,2,9,0,18,4,8,0,8,0,0,0,0,3,1,6,1,19,4,-1,-1,-1,-1,10,2,E01032939,0
Unvalidated,2024201438143,2024,201438143,1,9,0,18,4,8,0,8,0,0,0,0,4,1,6,1,57,9,-1,-1,-1,-1,1,1,E01008940,0
Unvalidated,2024201438143,2024,201438143,2,9,0,9,6,4,0,6,0,0,0,0,1,1,6,1,19,4,-1,-1,-1,-1,9,1,E01025253,0
Unvalidated,2024201438176,2024,201438176,1,9,0,5,5,2,0,6,0,0,0,0,4,1,1,1,59,9,-1,-1,-1,-1,2,1,E01009565,0
Unvalidated,2024201438176,2024,201438176,2,9,0,18,7,3,0,8,0,7,4,0,3,1,5,2,27,6,-1,-1,-1,-1,2,1,E01009317,0
Unvalidated,2024201438196,2024,201438196,1,23,0,18,4,8,0,4,0,0,0,0,4,1,6,1,18,4,-1,-1,-1,-1,2,1,E01008889,0
Unvalidated,2024201438196,2024,201438196,2,9,0,5,6,2,0,4,0,0,0,0,1,1,6,1,42,7,-1,-1,-1,-1,1,1,E01009328,0
Unvalidated,2024201438240,2024,201438240,1,9,0,18,7,3,0,0,0,0,0,0,1,1,6,1,80,11,-1,-1,-1,-1,1,1,E01010401,0
Unvalidated,2024201438240,2024,201438240,2,9,0,18,7,3,0,0,0,0,0,0,2,1,1,1,37,7,-1,-1,-1,-1,-1,-1,-1,0
Unvalidated,2024201438275,2024,201438275,1,9,0,9,1,6,0,6,0,0,0,0,1,1,6,1,30,6,-1,-1,-1,-1,-1,-1,-1,0
Unvalidated,2024201438284,2024,201438284,1,9,0,18,5,1,0,8,0,0,0,0,1,1,5,2,42,7,-1,-1,-1,-1,1,1,E01014113,0
Unvalidated,2024201438284,2024,201438284,2,3,0,18,7,3,0,8,0,7,4,0,1,1,2,1,42,7,-1,-1,-1,-1,2,1,E01010025,0
Unvalidated,2024201438323,2024,201438323,1,21,1,11,2,6,0,0,0,0,0,0,1,1,1,1,36,7,-1,-1,-1,-1,7,1,E01027990,0
Unvalidated,2024201438323,2024,201438323,2,9,0,4,8,0,0,0,0,0,0,0,2,1,6,2,59,9,-1,-1,-1,-1,5,3,E01019132,0
Unvalidated,2024201438339,2024,201438339,1,9,0,2,0,0,0,1,0,0,0,0,3,1,1,1,63,9,-1,-1,-1,-1,4,1,E01010145,0
Unvalidated,2024201438339,2024,201438339,2,1,0,18,8,4,0,8,0,8,0,0,4,1,6,2,52,8,-1,-1,-1,-1,4,1,E01010325,0
Unvalidated,2024201438343,2024,201438343,1,8,0,18,2,6,0,0,0,0,0,0,4,1,1,1,61,9,-1,-1,-1,-1,2,1,E01009412,0
Unvalidated,2024201438351,2024,201438351,1,9,0,9,6,5,0,6,0,0,0,0,1,1,6,2,22,5,-1,-1,-1,-1,8,1,E01031152,0
Unvalidated,2024201438351,2024,201438351,2,9,0,18,3,6,0,8,0,0,0,0,1,1,6,1,25,5,-1,-1,-1,-1,6,1,E01009598,0
Unvalidated,2024201438352,2024,201438352,1,9,0,18,7,3,0,0,0,0,0,0,1,1,6,1,44,7,-1,-1,-1,-1,4,3,E01033060,0
Unvalidated,2024201438352,2024,201438352,2,8,0,3,7,3,0,0,0,0,0,0,2,1,1,1,54,8,-1,-1,-1,-1,2,1,E01009942,0
Unvalidated,2024201438370,2024,201438370,1,23,0,13,8,4,0,8,0,0,0,0,2,1,1,1,34,6,-1,-1,-1,-1,-1,-1,-1,0
Unvalidated,2024201438370,2024,201438370,2,9,0,12,2,6,0,8,0,0,0,0,1,1,6,2,25,5,-1,-1,-1,-1,10,1,E01010190,0
Unvalidated,2024201438519,2024,201438519,1,9,0,11,1,5,0,8,0,0,0,0,1,1,6,2,35,6,-1,-1,-1,-1,2,1,E01009538,0
Unvalidated,2024201438519,2024,201438519,2,9,0,18,2,7,0,8,0,0,0,0,2,1,6,1,22,5,-1,-1,-1,-1,-1,-1,-1,0
Unvalidated,2024201438589,2024,201438589,1,9,0,9,8,6,0,8,0,0,0,0,1,1,6,2,64,9,-1,-1,-1,-1,9,1,E01009430,0
Unvalidated,2024201438589,2024,201438589,2,1,0,18,5,1,0,2,0,0,0,0,3,1,6,1,17,4,-1,-1,-1,-1,5,1,E01009418,0
Unvalidated,2024201438674,2024,201438674,1,8,0,18,3,7,0,0,0,0,0,0,4,1,5,1,-1,-1,-1,-1,-1,-1,-1,-1,-1,0
Unvalidated,2024201438674,2024,201438674,2,9,0,18,3,7,0,0,0,0,0,0,1,1,6,1,-1,-1,-1,-1,-1,-1,-1,-1,-1,0
Unvalidated,2024201438684,2024,201438684,1,9,0,13,1,5,0,0,0,0,0,0,3,1,6,3,30,6,-1,-1,-1,-1,-1,-1,-1,0
Unvalidated,2024201438684,2024,201438684,2,8,0,18,1,5,0,0,0,0,0,0,4,1,6,1,35,6,-1,-1,-1,-1,1,1,E01008916,0
Unvalidated,2024201438748,2024,201438748,1,9,0,18,8,4,0,0,0,0,0,0,1,1,6,3,-1,-1,-1,-1,-1,-1,-1,-1,-1,0
Unvalidated,2024201438761,2024,201438761,1,9,0,18,5,1,0,8,0,10,0,0,3,1,3,2,35,6,-1,-1,-1,-1,9,1,E01010390,0
Unvalidated,2024201438761,2024,201438761,2,9,0,9,3,8,0,6,0,0,0,0,4,1,3,2,41,7,-1,-1,-1,-1,10,1,E01010384,0
Unvalidated,2024201438776,2024,201438776,1,9,0,13,7,3,0,1,0,10,1,0,1,1,6,3,-1,-1,-1,-1,-1,-1,-1,-1,-1,0
Unvalidated,2024201438776,2024,201438776,2,9,0,18,3,7,0,2,0,0,0,0,1,1,6,1,39,7,-1,-1,-1,-1,3,1,E01009216,0
Unvalidated,2024201438776,2024,201438776,3,9,0,18,7,3,0,2,0,0,0,0,3,1,6,1,34,6,-1,-1,-1,-1,6,1,E01010221,0
Unvalidated,2024201438836,2024,201438836,1,9,0,18,3,7,0,0,0,0,0,0,1,1,6,2,52,8,-1,-1,-1,-1,1,1,E01009893,0
Unvalidated,2024201438844,2024,201438844,1,9,0,18,6,2,0,4,0,0,0,0,3,1,6,2,51,8,-1,-1,-1,-1,5,1,E01009721,0
Unvalidated,2024201438844,2024,201438844,2,19,0,18,3,2,0,8,0,0,0,0,1,1,1,1,36,7,-1,-1,-1,-1,2,1,E01010074,0
Unvalidated,2024201438851,2024,201438851,1,9,0,18,5,1,0,4,0,0,0,0,1,1,6,1,41,7,-1,-1,-1,-1,3,1,E01008953,0
Unvalidated,2024201438851,2024,201438851,2,9,0,18,4,8,0,8,0,0,0,0,1,1,6,2,43,7,-1,-1,-1,-1,3,1,E01010144,0
Unvalidated,2024201438874,2024,201438874,1,9,0,18,4,8,0,0,0,0,0,0,1,1,1,1,61,9,-1,-1,-1,-1,1,1,E01009486,0
Unvalidated,2024201438874,2024,201438874,2,9,0,18,4,8,0,0,0,0,0,0,2,1,6,1,71,10,-1,-1,-1,-1,-1,-1,-1,0
Unvalidated,2024201438874,2024,201438874,3,9,0,1,4,8,0,0,0,0,0,0,2,1,5,1,19,4,-1,-1,-1,-1,-1,-1,-1,0
Unvalidated,2024201438896,2024,201438896,1,9,0,8,2,5,0,0,0,0,0,0,2,1,5,1,93,11,-1,-1,-1,-1,1,1,E01009073,0
Unvalidated,2024201438896,2024,201438896,2,11,0,3,2,6,0,0,0,0,0,0,1,1,1,1,30,6,-1,-1,-1,-1,5,1,E01009888,0
Unvalidated,2024201438897,2024,201438897,1,9,0,3,3,7,0,0,0,0,0,0,2,1,6,1,52,8,-1,-1,-1,-1,1,1,E01010283,0
Unvalidated,2024201438897,2024,201438897,2,9,0,4,3,7,0,0,1,0,0,0,1,1,6,1,37,7,-1,-1,-1,-1,1,1,E01010292,0
Unvalidated,2024201438958,2024,201438958,1,9,0,18,2,6,0,0,0,0,0,0,1,1,6,3,-1,-1,-1,-1,-1,-1,-1,-1,-1,0
Unvalidated,2024201439037,2024,201439037,1,22,0,18,3,1,9,0,0,0,0,0,1,1,6,3,-1,-1,-1,-1,-1,-1,-1,-1,-1,0
Unvalidated,2024201439039,2024,201439039,1,9,0,3,6,2,0,0,0,0,0,0,2,1,5,1,36,7,-1,-1,-1,-1,2,1,E01009340,0
Unvalidated,2024201439039,2024,201439039,2,9,0,18,6,2,0,0,0,0,0,0,1,1,6,3,-1,-1,-1,-1,-1,-1,-1,-1,-1,0
Unvalidated,2024201439156,2024,201439156,1,9,0,18,1,5,0,0,0,0,0,0,1,1,5,3,-1,-1,-1,-1,-1,-1,-1,-1,-1,0
Unvalidated,2024201439156,2024,201439156,2,9,0,3,1,5,0,0,0,0,0,0,2,1,6,1,21,5,-1,-1,-1,-1,1,1,E01009103,0
Unvalidated,2024201439156,2024,201439156,3,9,0,3,1,5,0,0,0,0,0,0,1,1,6,1,44,7,-1,-1,-1,-1,1,1,E01010289,0
Unvalidated,2024201439174,2024,201439174,1,11,0,4,6,2,0,2,0,0,0,0,3,1,1,1,38,7,-1,-1,-1,-1,1,1,E01008916,0
Unvalidated,2024201439174,2024,201439174,2,5,0,13,7,3,0,2,1,0,0,0,1,1,5,1,33,6,-1,-1,-1,-1,-1,-1,-1,0
Unvalidated,2024201439175,2024,201439175,1,9,0,18,8,4,0,8,0,0,0,0,4,1,6,1,34,6,-1,-1,-1,-1,1,1,E01009323,0
Unvalidated,2024201439176,2024,201439176,1,9,0,18,7,4,0,8,0,0,0,0,1,1,6,3,-1,-1,-1,-1,-1,-1,-1,-1,-1,0
Unvalidated,2024201439177,2024,201439177,1,9,0,7,4,7,0,5,0,0,0,0,3,1,2,1,20,4,-1,-1,-1,-1,1,1,E01009026,0
Unvalidated,2024201439177,2024,201439177,2,9,0,18,7,3,0,1,0,0,0,0,3,1,6,1,59,9,-1,-1,-1,-1,1,1,E01009016,0
Unvalidated,2024201439238,2024,201439238,1,9,0,9,1,7,0,6,0,0,0,0,1,1,5,1,41,7,-1,-1,-1,-1,4,1,E01009689,0
Unvalidated,2024201439238,2024,201439238,2,9,0,9,5,7,0,8,0,0,0,0,1,1,6,2,26,6,-1,-1,-1,-1,1,1,E01008887,0
Unvalidated,2024201439239,2024,201439239,1,3,0,18,2,6,0,4,0,0,0,0,1,1,6,1,16,4,-1,-1,-1,-1,4,1,E01029820,0
Unvalidated,2024201439239,2024,201439239,2,9,0,18,7,4,0,4,0,0,0,0,1,1,6,2,20,4,-1,-1,-1,-1,1,1,E01009110,0
Unvalidated,2024201439260,2024,201439260,1,8,0,3,7,3,0,0,0,0,0,0,2,1,1,1,33,6,-1,-1,-1,-1,1,1,E01009122,0
Unvalidated,2024201439260,2024,201439260,2,9,0,18,7,3,0,0,0,0,0,0,1,1,6,3,-1,-1,-1,-1,-1,-1,-1,-1,-1,0
Unvalidated,2024201439287,2024,201439287,1,8,0,15,4,8,0,1,0,0,0,0,1,1,6,1,47,8,-1,-1,-1,-1,2,1,E01008883,0
Unvalidated,2024201439287,2024,201439287,2,9,0,3,4,8,0,1,0,0,0,0,2,1,6,1,-1,-1,-1,-1,-1,-1,-1,-1,-1,0
Unvalidated,2024201439290,2024,201439290,1,9,0,18,5,1,0,0,0,0,0,0,1,1,6,1,28,6,-1,-1,-1,-1,-1,-1,-1,0
Unvalidated,2024201439298,2024,201439298,1,19,0,5,6,2,0,6,0,0,0,0,1,1,6,1,28,6,-1,-1,-1,-1,5,1,E01009186,0
Unvalidated,2024201439309,2024,201439309,1,9,0,18,5,1,0,8,0,0,0,0,1,1,6,1,45,7,-1,-1,-1,-1,2,1,E01009981,0
Unvalidated,2024201439309,2024,201439309,2,9,0,9,5,3,0,5,0,0,0,0,2,1,5,1,32,6,-1,-1,-1,-1,3,1,E01009977,0
Unvalidated,2024201439311,2024,201439311,1,9,0,18,4,8,0,0,0,0,0,0,1,1,6,1,30,6,-1,-1,-1,-1,-1,-1,-1,0
Unvalidated,2024201439311,2024,201439311,2,9,0,4,4,8,0,0,0,0,0,0,2,1,2,2,26,6,-1,-1,-1,-1,3,1,E01010097,0
Unvalidated,2024201439316,2024,201439316,1,9,0,18,1,5,0,8,0,0,0,0,1,1,5,1,53,8,-1,-1,-1,-1,5,1,E01009765,0
Unvalidated,2024201439337,2024,201439337,1,9,0,4,8,4,0,0,0,0,0,0,1,1,6,2,20,4,-1,-1,-1,-1,-1,-1,-1,0
Unvalidated,2024201439337,2024,201439337,2,9,0,4,8,4,0,0,0,0,0,0,2,1,1,2,31,6,-1,-1,-1,-1,5,1,E01009432,0
Unvalidated,2024201439337,2024,201439337,3,9,0,3,8,4,0,0,0,0,0,0,2,1,6,1,35,6,-1,-1,-1,-1,-1,-1,-1,0
Unvalidated,2024201439349,2024,201439349,1,9,0,18,7,3,0,8,0,0,0,0,4,1,6,3,18,4,-1,-1,-1,-1,-1,-1,-1,0
Unvalidated,2024201439349,2024,201439349,2,9,0,18,8,4,0,8,0,0,0,0,1,1,5,2,28,6,-1,-1,-1,-1,2,1,E01010074,0
Unvalidated,2024201439349,2024,201439349,3,9,0,18,8,4,0,1,0,0,0,0,0,1,1,1,31,6,-1,-1,-1,-1,-1,-1,-1,0
Unvalidated,2024201439352,2024,201439352,1,9,0,18,8,3,0,8,0,0,0,0,4,1,5,2,32,6,-1,-1,-1,-1,2,1,E01010004,0
Unvalidated,2024201439352,2024,201439352,2,8,0,9,1,8,0,6,0,0,0,0,3,1,2,1,48,8,-1,-1,-1,-1,4,1,E01009894,0
Unvalidated,2024201439353,2024,201439353,1,9,0,18,5,1,0,1,0,0,0,0,1,1,6,3,-1,-1,-1,-1,-1,-1,-1,-1,-1,0
Unvalidated,2024201439430,2024,201439430,1,9,0,18,8,3,0,1,0,0,0,0,1,1,2,1,18,4,-1,-1,-1,-1,3,1,E01010005,0
Unvalidated,2024201439430,2024,201439430,2,9,0,15,7,8,0,8,0,0,0,0,1,1,2,1,21,5,-1,-1,-1,-1,3,1,E01010005,0
Unvalidated,2024201439434,2024,201439434,1,9,0,18,5,4,0,0,0,0,0,0,1,1,2,1,25,5,-1,-1,-1,-1,5,1,E01008969,0
Unvalidated,2024201439434,2024,201439434,2,90,0,18,4,7,0,0,0,0,0,0,4,1,2,1,26,6,-1,-1,-1,-1,4,1,E01010015,1
Unvalidated,2024201439459,2024,201439459,1,9,0,5,1,5,0,0,0,0,0,0,1,1,6,3,-1,-1,-1,-1,-1,-1,-1,-1,-1,0
Unvalidated,2024201439518,2024,201439518,1,9,0,18,2,6,0,0,0,0,0,0,1,1,6,1,40,7,-1,-1,-1,-1,-1,-1,-1,0
Unvalidated,2024201439553,2024,201439553,1,9,0,18,6,2,0,3,0,0,0,0,3,1,6,1,25,5,-1,-1,-1,-1,3,1,E01009992,0
Unvalidated,2024201439553,2024,201439553,2,9,0,11,7,2,0,3,0,0,0,0,3,1,6,1,-1,-1,-1,-1,-1,-1,-1,-1,-1,0
Unvalidated,2024201439557,2024,201439557,1,9,0,9,5,2,0,6,0,10,1,0,0,1,6,3,-1,-1,-1,-1,-1,-1,-1,-1,-1,0
Unvalidated,2024201439564,2024,201439564,1,1,0,18,1,4,0,0,0,0,0,0,3,1,6,1,15,3,-1,-1,-1,-1,-1,-1,-1,0
Unvalidated,2024201439564,2024,201439564,2,19,0,18,1,4,0,0,0,0,0,0,3,1,6,3,-1,-1,-1,-1,-1,-1,-1,-1,-1,0
Unvalidated,2024201439575,2024,201439575,1,19,0,18,6,3,0,5,0,0,0,0,1,1,6,1,30,6,-1,-1,-1,-1,-1,-1,-1,0
Unvalidated,2024201439575,2024,201439575,2,9,0,18,5,1,0,8,1,0,0,0,2,1,2,1,36,7,-1,-1,-1,-1,4,1,E01009162,0
Unvalidated,2024201439636,2024,201439636,1,9,0,18,2,6,0,0,0,0,0,0,1,1,6,1,33,6,-1,-1,-1,-1,7,1,E01010518,0
Unvalidated,2024201439676,2024,201439676,1,9,0,15,6,2,0,8,5,7,0,0,1,1,6,1,22,5,-1,-1,-1,-1,-1,-1,-1,0
Unvalidated,2024201439676,2024,201439676,2,9,0,10,6,3,0,6,1,0,0,0,1,1,5,2,31,6,-1,-1,-1,-1,-1,-1,-1,0
Unvalidated,2024201439726,2024,201439726,1,9,0,5,1,2,0,0,0,0,0,0,1,1,6,3,30,6,-1,-1,-1,-1,-1,-1,-1,0
Unvalidated,2024201439726,2024,201439726,2,9,0,9,1,2,0,0,1,0,0,0,2,1,5,2,31,6,-1,-1,-1,-1,-1,-1,-1,0
Unvalidated,2024201439752,2024,201439752,1,9,0,18,6,2,0,8,0,0,0,0,1,1,5,1,34,6,-1,-1,-1,-1,3,1,E01009006,0
Unvalidated,2024201439752,2024,201439752,2,3,0,9,1,6,0,6,0,0,0,0,3,1,6,1,43,7,-1,-1,-1,-1,1,1,E01033638,0
Unvalidated,2024201439772,2024,201439772,1,19,0,18,6,2,0,0,0,0,0,0,1,1,6,1,45,7,-1,-1,-1,-1,-1,-1,-1,0
Unvalidated,2024201439772,2024,201439772,2,9,0,3,6,2,0,0,0,0,0,0,2,1,6,1,47,8,-1,-1,-1,-1,-1,-1,-1,0
Unvalidated,2024201439787,2024,201439787,1,9,0,7,3,1,0,0,0,0,0,0,1,1,6,3,45,7,-1,-1,-1,-1,-1,-1,-1,0
Unvalidated,2024201439795,2024,201439795,1,9,0,3,7,3,0,0,0,0,0,0,1,1,6,1,-1,-1,-1,-1,-1,-1,-1,-1,-1,0
Unvalidated,2024201439795,2024,201439795,2,1,0,5,1,5,0,0,0,0,0,0,1,1,6,1,13,3,-1,-1,-1,-1,1,1,E01009007,0
Unvalidated,2024201439875,2024,201439875,1,9,0,18,7,3,0,1,0,0,0,0,1,1,6,3,-1,-1,-1,-1,-1,-1,-1,-1,-1,0
Unvalidated,2024201439875,2024,201439875,2,9,0,3,7,3,0,1,0,0,0,0,2,1,5,2,60,9,-1,-1,-1,-1,9,3,E01010166,0
Unvalidated,2024201439905,2024,201439905,1,3,0,18,6,7,0,8,0,0,0,0,1,1,5,1,74,10,-1,-1,-1,-1,10,3,E01032886,0
Unvalidated,2024201439905,2024,201439905,2,3,0,4,6,7,0,1,0,0,0,0,2,1,5,1,44,7,-1,-1,-1,-1,9,1,E01010225,0
Unvalidated,2024201439975,2024,201439975,1,19,0,18,5,1,0,1,0,0,0,0,1,1,6,1,-1,-1,-1,-1,-1,-1,1,1,E01009479,0
Unvalidated,2024201439975,2024,201439975,2,8,0,8,5,7,0,1,0,0,0,0,2,1,1,1,39,7,-1,-1,-1,-1,2,1,E01009890,0
Unvalidated,2024201439978,2024,201439978,1,1,0,18,7,3,0,0,0,0,0,0,1,1,6,1,40,7,-1,-1,-1,-1,-1,-1,-1,0
Unvalidated,2024201439978,2024,201439978,2,90,0,5,7,3,0,0,0,0,0,0,3,1,6,2,7,2,-1,-1,-1,-1,1,1,E01009957,0
Unvalidated,2024201439989,2024,201439989,1,9,0,7,1,7,0,4,0,0,0,0,1,1,6,2,30,6,-1,-1,-1,-1,9,1,E01032326,0
Unvalidated,2024201439989,2024,201439989,2,9,0,18,2,6,0,4,0,0,0,0,3,1,6,2,33,6,-1,-1,-1,-1,1,1,E01010485,0
Unvalidated,2024201440009,2024,201440009,1,9,0,18,4,8,0,2,0,0,0,0,4,1,6,1,25,5,-1,-1,-1,-1,-1,-1,-1,0
Unvalidated,2024201440019,2024,201440019,1,9,0,18,6,2,0,0,2,0,0,0,1,1,5,2,43,7,-1,-1,-1,-1,9,1,E01010206,0
Unvalidated,2024201440019,2024,201440019,2,9,0,3,6,2,0,0,0,0,0,0,1,1,6,2,27,6,-1,-1,-1,-1,-1,-1,-1,0
Unvalidated,2024201440091,2024,201440091,1,9,0,18,8,4,0,0,0,6,0,0,1,1,6,1,20,4,-1,-1,-1,-1,2,1,E01009050,0
Unvalidated,2024201440091,2024,201440091,2,9,0,18,8,4,0,0,0,0,0,0,2,1,1,1,33,6,-1,-1,-1,-1,2,1,E01009058,0
Unvalidated,2024201440096,2024,201440096,1,9,0,14,8,4,0,0,0,0,0,0,4,1,5,1,22,5,-1,-1,-1,-1,2,1,E01008915,0
Unvalidated,2024201440128,2024,201440128,1,19,0,18,7,3,0,0,0,0,0,0,1,1,6,3,30,6,-1,-1,-1,-1,-1,-1,-1,0
Unvalidated,2024201440128,2024,201440128,2,9,0,2,0,0,0,0,0,0,0,0,2,1,6,1,30,6,-1,-1,-1,-1,7,1,E01009693,0
Unvalidated,2024201440148,2024,201440148,1,9,0,18,8,4,0,0,0,0,0,0,1,1,5,2,38,7,-1,-1,-1,-1,6,1,E01010043,0
Unvalidated,2024201440156,2024,201440156,1,9,0,4,2,6,0,3,0,0,0,0,1,1,6,1,30,6,-1,-1,-1,-1,-1,-1,-1,0
Unvalidated,2024201440156,2024,201440156,2,9,0,4,2,6,0,8,0,0,0,0,2,1,5,1,23,5,-1,-1,-1,-1,1,1,E01009375,0
Unvalidated,2024201440161,2024,201440161,1,19,0,18,1,8,0,0,0,0,0,0,1,1,6,1,56,9,-1,-1,-1,-1,1,1,E01009153,0
Unvalidated,2024201440161,2024,201440161,2,3,0,18,4,1,0,0,0,0,0,0,2,1,6,1,44,7,-1,-1,-1,-1,1,1,E01009080,0
Unvalidated,2024201440167,2024,201440167,1,9,0,5,6,4,0,5,0,0,0,0,1,1,3,1,68,10,-1,-1,-1,-1,3,1,E01031012,0
Unvalidated,2024201440184,2024,201440184,1,9,0,18,5,1,0,1,0,0,0,0,1,1,5,1,15,3,-1,-1,-1,-1,3,1,E01009587,0
Unvalidated,2024201440184,2024,201440184,2,9,0,18,5,1,0,1,0,0,0,0,1,1,1,1,56,9,-1,-1,-1,-1,1,1,E01008910,0
Unvalidated,2024201440220,2024,201440220,1,9,0,18,8,4,0,0,1,0,7,4,1,1,6,1,24,5,-1,-1,-1,-1,1,1,E01009115,0
Unvalidated,2024201440220,2024,201440220,2,9,0,18,8,3,0,0,0,0,0,0,0,1,5,1,35,6,-1,-1,-1,-1,1,1,E01008910,0
Unvalidated,2024201440221,2024,201440221,1,-1,0,7,6,1,0,5,0,0,0,0,1,1,6,3,-1,-1,-1,-1,-1,-1,-1,-1,-1,0
Unvalidated,2024201440236,2024,201440236,1,9,0,18,8,4,0,8,0,0,0,0,1,1,6,3,-1,-1,-1,-1,-1,-1,-1,-1,-1,0
Unvalidated,2024201440236,2024,201440236,2,9,0,9,6,4,0,6,0,0,0,0,2,1,5,1,53,8,-1,-1,-1,-1,5,3,E01029645,0
Unvalidated,2024201440243,2024,201440243,1,97,0,18,2,6,0,8,0,0,0,0,1,1,6,1,28,6,-1,-1,-1,-1,1,1,E01009396,0
Unvalidated,2024201440243,2024,201440243,2,9,0,9,4,2,0,5,0,0,0,0,1,1,6,1,-1,-1,-1,-1,-1,-1,-1,-1,-1,0
Unvalidated,2024201440245,2024,201440245,1,8,0,5,4,8,0,0,0,0,0,0,1,1,1,1,44,7,-1,-1,-1,-1,6,1,E01009525,0