status,collision_index,collision_year,collision_reference,vehicle_reference,vehicle_type,towing_and_articulation,vehicle_manoeuvre,vehicle_direction_from,vehicle_direction_to,vehicle_location_restricted_lane,junction_location,skidding_and_overturning,hit_object_in_carriageway,vehicle_leaving_carriageway,hit_object_off_carriageway,first_point_of_impact,vehicle_left_hand_drive,journey_purpose_of_driver,sex_of_driver,age_of_driver,age_band_of_driver,engine_capacity_cc,propulsion_code,age_of_vehicle,generic_make_model,driver_imd_decile,driver_home_area_type,lsoa_of_driver,escooter_flag
Unvalidated,2024201440245,2024,201440245,2,1,0,5,6,2,0,0,0,0,0,0,4,1,1,1,21,5,-1,-1,-1,-1,4,1,E01029634,0
Unvalidated,2024201440281,2024,201440281,1,9,0,15,2,6,0,0,0,0,0,0,1,1,6,1,33,6,-1,-1,-1,-1,5,1,E01009244,0
Unvalidated,2024201440290,2024,201440290,1,9,0,9,7,5,0,6,0,0,0,0,1,1,6,1,40,7,-1,-1,-1,-1,-1,-1,-1,0
Unvalidated,2024201440296,2024,201440296,1,9,0,7,8,3,0,3,0,0,0,0,1,1,6,3,30,6,-1,-1,-1,-1,-1,-1,-1,0
Unvalidated,2024201440296,2024,201440296,2,8,0,7,8,3,0,3,0,0,0,0,3,1,1,1,51,8,-1,-1,-1,-1,1,1,E01009337,0
Unvalidated,2024201440320,2024,201440320,1,9,0,18,2,6,0,6,0,0,0,0,1,1,6,1,20,4,-1,-1,-1,-1,9,1,E01015140,0
Unvalidated,2024201440320,2024,201440320,2,9,0,18,4,8,0,8,0,0,0,0,1,1,6,1,24,5,-1,-1,-1,-1,1,1,E01008914,0
Unvalidated,2024201440404,2024,201440404,1,9,0,13,1,4,0,3,0,0,0,0,4,1,6,2,56,9,-1,-1,-1,-1,8,1,E01009668,0
Unvalidated,2024201440404,2024,201440404,2,9,0,18,1,4,0,3,0,0,0,0,3,1,6,1,29,6,-1,-1,-1,-1,4,1,E01009617,0
Unvalidated,2024201440415,2024,201440415,1,9,0,18,3,7,0,1,0,0,0,0,1,1,2,2,59,9,-1,-1,-1,-1,1,1,E01009345,0
Unvalidated,2024201440429,2024,201440429,1,9,0,18,1,5,0,0,0,0,0,0,1,1,6,1,75,10,-1,-1,-1,-1,-1,-1,-1,0
Unvalidated,2024201440452,2024,201440452,1,9,0,9,2,8,0,6,0,0,0,0,1,1,3,2,53,8,-1,-1,-1,-1,-1,-1,-1,0
Unvalidated,2024201440452,2024,201440452,2,9,0,18,4,8,0,8,0,0,0,0,3,1,5,1,29,6,-1,-1,-1,-1,-1,-1,-1,0
Unvalidated,2024201440476,2024,201440476,1,9,0,15,3,5,0,0,0,11,0,0,1,1,6,1,49,8,-1,-1,-1,-1,5,1,E01009779,0
Unvalidated,2024201440476,2024,201440476,2,9,0,15,6,2,0,0,0,0,0,0,1,1,6,1,35,6,-1,-1,-1,-1,2,1,E01009786,0
Unvalidated,2024201440501,2024,201440501,1,9,0,7,4,6,0,6,0,0,0,0,1,1,5,1,47,8,-1,-1,-1,-1,6,1,E01009066,0
Unvalidated,2024201440501,2024,201440501,2,9,0,18,2,5,0,8,1,10,1,4,4,1,1,1,48,8,-1,-1,-1,-1,8,1,E01009252,0
Unvalidated,2024201440535,2024,201440535,1,9,0,18,8,4,0,0,0,0,0,0,1,1,5,1,32,6,-1,-1,-1,-1,1,1,E01009397,0
Unvalidated,2024201440558,2024,201440558,1,9,0,14,8,4,0,0,0,12,0,0,1,2,5,2,23,5,-1,-1,-1,-1,9,1,E01029672,0
Unvalidated,2024201440588,2024,201440588,1,9,0,7,3,7,0,6,0,0,0,0,1,1,6,3,-1,-1,-1,-1,-1,-1,-1,-1,-1,0
Unvalidated,2024201440588,2024,201440588,2,1,0,18,5,1,0,8,0,0,0,0,3,1,2,1,18,4,-1,-1,-1,-1,-1,-1,-1,0
Unvalidated,2024201440675,2024,201440675,1,9,0,9,8,7,0,5,0,0,0,0,1,1,6,1,58,9,-1,-1,-1,-1,5,1,E01010554,0
Unvalidated,2024201440675,2024,201440675,2,9,0,18,8,4,0,8,0,0,0,0,3,1,5,1,26,6,-1,-1,-1,-1,3,2,E01029635,0
Unvalidated,2024201440711,2024,201440711,1,9,0,4,7,3,0,1,0,0,0,0,1,1,6,1,20,4,-1,-1,-1,-1,-1,-1,-1,0
Unvalidated,2024201440711,2024,201440711,2,9,0,8,1,3,0,1,0,0,0,0,2,1,2,2,38,7,-1,-1,-1,-1,6,1,E01010233,0
Unvalidated,2024201440715,2024,201440715,1,9,0,18,7,4,0,1,0,0,0,0,4,1,2,1,43,7,-1,-1,-1,-1,4,1,E01009176,0
Unvalidated,2024201440741,2024,201440741,1,9,0,1,6,2,0,0,0,4,0,0,2,1,6,1,35,6,-1,-1,-1,-1,-1,-1,-1,0
Unvalidated,2024201440741,2024,201440741,2,9,0,2,0,0,0,0,0,0,0,0,4,1,5,1,52,8,-1,-1,-1,-1,5,1,E01009283,0
Unvalidated,2024201440819,2024,201440819,1,19,0,18,2,6,0,1,0,0,0,0,1,1,6,1,25,5,-1,-1,-1,-1,-1,-1,-1,0
Unvalidated,2024201440819,2024,201440819,2,9,0,3,2,6,0,1,0,0,0,0,2,1,2,2,27,6,-1,-1,-1,-1,4,1,E01008997,0
Unvalidated,2024201440823,2024,201440823,1,19,0,18,2,6,0,8,0,0,0,0,4,1,5,1,42,7,-1,-1,-1,-1,2,1,E01009487,0
Unvalidated,2024201440823,2024,201440823,2,9,0,18,6,2,0,8,0,0,0,0,1,1,5,2,26,6,-1,-1,-1,-1,-1,-1,-1,0
Unvalidated,2024201440823,2024,201440823,3,9,0,10,3,7,0,2,0,0,0,0,2,1,5,1,22,5,-1,-1,-1,-1,2,1,E01009017,0
Unvalidated,2024201440847,2024,201440847,1,9,0,9,8,4,0,5,0,0,0,0,1,1,6,3,-1,-1,-1,-1,-1,-1,-1,-1,-1,0
Unvalidated,2024201440916,2024,201440916,1,9,0,18,6,2,0,0,0,0,0,0,4,1,5,1,20,4,-1,-1,-1,-1,4,1,E01010015,0
Unvalidated,2024201440916,2024,201440916,2,3,0,18,6,2,0,0,0,10,2,0,3,1,5,1,32,6,-1,-1,-1,-1,1,1,E01009173,0
Unvalidated,2024201440961,2024,201440961,1,9,0,5,5,1,0,6,0,0,0,0,4,1,5,2,33,6,-1,-1,-1,-1,-1,-1,-1,0
Unvalidated,2024201440961,2024,201440961,2,9,0,18,3,7,0,8,0,0,0,0,1,1,1,1,67,10,-1,-1,-1,-1,10,1,E01009855,0
Unvalidated,2024201440983,2024,201440983,1,9,0,7,7,1,0,6,0,4,0,0,1,1,6,1,39,7,-1,-1,-1,-1,1,1,E01009881,0
Unvalidated,2024201440983,2024,201440983,2,9,0,18,1,5,0,8,0,10,7,0,4,1,2,2,61,9,-1,-1,-1,-1,7,1,E01010034,0
Unvalidated,2024201440983,2024,201440983,3,9,0,2,0,0,0,2,0,0,0,0,1,1,6,3,-1,-1,-1,-1,-1,-1,-1,-1,-1,0
Unvalidated,2024201440983,2024,201440983,4,9,0,2,3,3,0,1,0,0,0,0,2,1,5,1,28,6,-1,-1,-1,-1,5,1,E01009843,0
Unvalidated,2024201440983,2024,201440983,5,9,0,2,3,3,0,2,0,0,0,0,2,1,6,3,-1,-1,-1,-1,-1,-1,-1,-1,-1,0
Unvalidated,2024201440984,2024,201440984,1,9,0,12,1,5,0,0,0,0,0,0,1,1,5,1,41,7,-1,-1,-1,-1,1,1,E01008913,0
Unvalidated,2024201440984,2024,201440984,2,8,0,18,1,5,0,0,0,0,0,0,1,1,1,1,57,9,-1,-1,-1,-1,1,1,E01009270,0
Unvalidated,2024201440984,2024,201440984,3,8,0,18,5,1,0,0,0,0,0,0,1,1,1,1,44,7,-1,-1,-1,-1,1,1,E01009494,0
Unvalidated,2024201440997,2024,201440997,1,11,0,18,8,4,0,8,1,0,0,0,1,1,1,1,59,9,-1,-1,-1,-1,7,1,E01010138,0
Unvalidated,2024201441000,2024,201441000,1,9,0,18,7,3,0,8,0,0,0,0,1,1,6,3,-1,-1,-1,-1,-1,-1,-1,-1,-1,0
Unvalidated,2024201441000,2024,201441000,2,9,0,18,2,6,0,8,1,10,1,0,3,1,6,1,55,8,-1,-1,-1,-1,1,1,E01009476,0
Unvalidated,2024201441020,2024,201441020,1,9,0,9,8,5,0,5,0,0,0,0,1,1,5,2,33,6,-1,-1,-1,-1,6,1,E01010536,0
Unvalidated,2024201441020,2024,201441020,2,9,0,18,1,5,0,8,0,0,0,0,1,1,5,1,54,8,-1,-1,-1,-1,1,1,E01009769,0
Unvalidated,2024201441035,2024,201441035,1,20,4,18,4,8,0,0,0,0,0,0,1,1,6,1,33,6,-1,-1,-1,-1,2,1,E01009742,0
Unvalidated,2024201441035,2024,201441035,2,9,0,3,4,8,0,0,0,0,0,0,2,1,3,1,39,7,-1,-1,-1,-1,4,1,E01008961,0
Unvalidated,2024201441038,2024,201441038,1,9,0,18,8,4,0,0,0,0,0,0,4,1,6,2,40,7,-1,-1,-1,-1,-1,-1,-1,0
Unvalidated,2024201441052,2024,201441052,1,9,0,18,8,4,0,0,0,0,0,0,4,1,6,2,64,9,-1,-1,-1,-1,10,2,E01010108,0
Unvalidated,2024201441086,2024,201441086,1,9,0,9,3,8,0,1,0,0,0,0,1,1,5,2,25,5,-1,-1,-1,-1,-1,-1,-1,0
Unvalidated,2024201441086,2024,201441086,2,9,0,10,3,8,0,8,0,0,0,0,4,1,5,2,27,6,-1,-1,-1,-1,1,1,E01008887,0
Unvalidated,2024201441101,2024,201441101,1,1,0,18,2,6,0,1,0,0,0,0,3,1,1,1,-1,-1,-1,-1,-1,-1,-1,-1,-1,0
Unvalidated,2024201441101,2024,201441101,2,9,0,5,8,4,0,1,0,0,0,0,1,1,5,1,40,7,-1,-1,-1,-1,2,1,E01009517,0
Unvalidated,2024201441102,2024,201441102,1,9,0,9,8,6,0,5,0,0,0,0,4,1,5,1,22,5,-1,-1,-1,-1,3,1,E01009086,0
Unvalidated,2024201441102,2024,201441102,2,9,0,18,4,2,0,6,0,0,0,0,1,1,5,1,30,6,-1,-1,-1,-1,2,1,E01008999,0
Unvalidated,2024201441123,2024,201441123,1,9,0,18,3,7,0,8,0,0,0,0,1,1,5,1,67,10,-1,-1,-1,-1,3,1,E01010422,0
Unvalidated,2024201441123,2024,201441123,2,9,0,4,2,7,0,1,0,0,0,0,2,1,5,1,30,6,-1,-1,-1,-1,1,1,E01010450,0
Unvalidated,2024201441123,2024,201441123,3,9,0,10,3,5,0,1,0,0,0,0,2,1,5,2,21,5,-1,-1,-1,-1,1,1,E01010452,0
Unvalidated,2024201441142,2024,201441142,1,9,0,18,8,4,0,1,0,0,0,0,1,1,6,1,-1,-1,-1,-1,-1,-1,-1,-1,-1,0
Unvalidated,2024201441142,2024,201441142,2,1,0,18,5,1,0,8,0,0,0,0,4,1,6,1,27,6,-1,-1,-1,-1,1,1,E01009491,0
Unvalidated,2024201441223,2024,201441223,1,-1,0,18,1,5,0,1,0,0,0,0,1,1,6,1,-1,-1,-1,-1,-1,-1,-1,-1,-1,0
Unvalidated,2024201441223,2024,201441223,2,9,0,4,1,5,0,1,0,0,0,0,2,1,6,1,30,6,-1,-1,-1,-1,1,1,E01009382,0
Unvalidated,2024201441234,2024,201441234,1,9,0,18,5,1,0,4,0,0,0,0,1,1,1,1,31,6,-1,-1,-1,-1,3,1,E01008970,0
Unvalidated,2024201441234,2024,201441234,2,1,0,9,3,1,0,4,0,0,0,0,1,1,5,1,60,9,-1,-1,-1,-1,5,1,E01009324,0
Unvalidated,2024201441318,2024,201441318,1,9,0,7,3,4,0,6,0,0,0,0,1,1,6,2,35,6,-1,-1,-1,-1,2,1,E01010258,0
Unvalidated,2024201441318,2024,201441318,2,11,0,18,4,8,0,8,0,0,0,0,3,1,1,1,61,9,-1,-1,-1,-1,-1,-1,-1,0
Unvalidated,2024201441318,2024,201441318,3,19,0,2,0,0,0,2,0,0,0,0,2,1,1,1,39,7,-1,-1,-1,-1,-1,-1,-1,0
Unvalidated,2024201441365,2024,201441365,1,9,0,18,2,6,0,0,0,0,0,0,4,1,6,1,24,5,-1,-1,-1,-1,1,1,E01033637,0
Unvalidated,2024201441365,2024,201441365,2,1,0,18,2,6,0,0,0,0,0,0,4,1,2,1,29,6,-1,-1,-1,-1,2,1,E01009054,0
Unvalidated,2024201441367,2024,201441367,1,19,0,9,4,2,0,6,0,0,0,0,1,1,2,1,53,8,-1,-1,-1,-1,2,1,E01010284,0
Unvalidated,2024201441367,2024,201441367,2,9,0,18,2,6,0,8,0,0,0,0,4,1,5,1,42,7,-1,-1,-1,-1,2,1,E01010397,0
Unvalidated,2024201441378,2024,201441378,1,9,0,18,7,3,0,0,0,0,0,0,1,1,6,3,-1,-1,-1,-1,-1,-1,-1,-1,-1,0
Unvalidated,2024201441391,2024,201441391,1,9,0,18,6,2,0,0,0,0,0,0,1,1,5,1,52,8,-1,-1,-1,-1,3,1,E01008988,0
Unvalidated,2024201441429,2024,201441429,1,9,0,13,6,2,0,0,1,2,1,2,4,1,6,1,39,7,-1,-1,-1,-1,1,1,E01009566,0
Unvalidated,2024201441429,2024,201441429,2,19,0,18,6,2,0,0,0,0,0,0,3,1,1,1,53,8,-1,-1,-1,-1,1,1,E01008896,0
Unvalidated,2024201441457,2024,201441457,1,9,0,9,8,6,0,5,0,0,0,0,1,1,6,3,-1,-1,-1,-1,-1,-1,-1,-1,-1,0
Unvalidated,2024201441526,2024,201441526,1,9,0,18,1,5,0,1,0,0,0,0,1,1,6,3,-1,-1,-1,-1,-1,-1,-1,-1,-1,0
Unvalidated,2024201441527,2024,201441527,1,1,0,18,1,5,0,8,0,0,0,0,1,1,6,1,30,6,-1,-1,-1,-1,-1,-1,-1,0
Unvalidated,2024201441527,2024,201441527,2,9,0,9,3,1,0,6,0,0,0,0,3,1,6,2,49,8,-1,-1,-1,-1,3,1,E01008952,0
Unvalidated,2024201441538,2024,201441538,1,9,0,9,1,6,0,2,0,0,0,0,3,1,6,1,40,7,-1,-1,-1,-1,-1,-1,-1,0
Unvalidated,2024201441538,2024,201441538,2,1,0,18,7,3,0,1,0,0,0,0,1,1,6,1,18,4,-1,-1,-1,-1,9,1,E01009912,0
Unvalidated,2024201441569,2024,201441569,1,9,0,18,3,7,0,0,0,0,0,0,0,1,6,1,-1,-1,-1,-1,-1,-1,-1,-1,-1,0
Unvalidated,2024201441569,2024,201441569,2,9,0,3,7,3,0,0,0,0,0,0,4,1,6,2,28,6,-1,-1,-1,-1,3,1,E01009084,0
Unvalidated,2024201441569,2024,201441569,3,19,0,2,0,0,0,0,0,0,0,0,3,1,6,1,-1,-1,-1,-1,-1,-1,-1,-1,-1,0
Unvalidated,2024201441570,2024,201441570,1,9,0,18,2,6,0,0,0,0,0,0,1,1,5,1,22,5,-1,-1,-1,-1,-1,-1,-1,0
Unvalidated,2024201441570,2024,201441570,2,9,0,18,2,6,0,0,0,0,0,0,2,1,6,3,-1,-1,-1,-1,-1,-1,-1,-1,-1,0
Unvalidated,2024201441573,2024,201441573,1,9,0,18,8,4,0,8,0,0,0,0,4,1,6,3,-1,-1,-1,-1,-1,-1,-1,-1,-1,0
Unvalidated,2024201441573,2024,201441573,2,9,0,18,4,8,0,8,0,0,0,0,1,1,5,2,44,7,-1,-1,-1,-1,6,1,E01009759,0
Unvalidated,2024201441647,2024,201441647,1,9,0,9,2,8,0,5,0,0,0,0,4,1,5,2,63,9,-1,-1,-1,-1,7,1,E01028830,0
Unvalidated,2024201441659,2024,201441659,1,9,0,5,3,7,0,8,0,0,0,0,4,1,6,1,23,5,-1,-1,-1,-1,4,1,E01009625,0
Unvalidated,2024201441659,2024,201441659,2,9,0,5,1,5,0,8,0,0,0,0,1,1,6,1,25,5,-1,-1,-1,-1,3,2,E01031077,0
Unvalidated,2024201441668,2024,201441668,1,9,0,18,2,6,0,8,0,0,0,0,1,1,6,3,-1,-1,-1,-1,-1,-1,-1,-1,-1,0
Unvalidated,2024201441693,2024,201441693,1,9,0,18,4,8,0,0,0,0,0,0,1,1,6,3,-1,-1,-1,-1,-1,-1,-1,-1,-1,0
Unvalidated,2024201441714,2024,201441714,1,9,0,18,6,2,0,1,0,0,0,0,1,1,6,2,42,7,-1,-1,-1,-1,2,1,E01009872,0
Unvalidated,2024201441714,2024,201441714,2,9,0,18,6,2,0,8,0,0,0,0,1,1,6,1,28,6,-1,-1,-1,-1,7,1,E01009793,0
Unvalidated,2024201441716,2024,201441716,1,9,0,18,6,2,9,0,0,10,1,5,1,1,6,2,33,6,-1,-1,-1,-1,2,1,E01010104,0
Unvalidated,2024201441744,2024,201441744,1,19,0,4,4,8,0,2,0,0,0,0,1,1,6,1,25,5,-1,-1,-1,-1,-1,-1,-1,0
Unvalidated,2024201441744,2024,201441744,2,9,0,18,4,8,0,2,0,0,0,0,2,1,6,2,40,7,-1,-1,-1,-1,5,1,E01010431,0
Unvalidated,2024201441758,2024,201441758,1,9,0,18,7,3,0,0,0,4,0,0,1,1,6,2,24,5,-1,-1,-1,-1,1,1,E01009564,0
Unvalidated,2024201441758,2024,201441758,2,9,0,2,0,0,0,0,0,0,0,0,1,1,6,1,26,6,-1,-1,-1,-1,4,1,E01031096,0
Unvalidated,2024201441758,2024,201441758,3,8,0,2,0,0,0,0,0,0,0,0,1,1,6,3,-1,-1,-1,-1,-1,-1,-1,-1,-1,0
Unvalidated,2024201441758,2024,201441758,4,9,0,2,0,0,0,0,0,0,0,0,2,1,6,3,-1,-1,-1,-1,-1,-1,-1,-1,-1,0
Unvalidated,2024201441759,2024,201441759,1,9,0,18,6,2,0,0,0,0,0,0,1,1,6,3,30,6,-1,-1,-1,-1,-1,-1,-1,0
Unvalidated,2024201441759,2024,201441759,2,9,0,18,6,2,0,0,0,0,0,0,2,1,6,1,21,5,-1,-1,-1,-1,1,1,E01033642,0
Unvalidated,2024201441759,2024,201441759,3,9,0,18,6,2,0,0,0,0,0,0,2,1,6,2,39,7,-1,-1,-1,-1,2,1,E01009028,0
Unvalidated,2024201441785,2024,201441785,1,90,0,18,6,2,0,0,0,0,0,0,1,1,6,1,33,6,-1,-1,-1,-1,2,1,E01033641,0
Unvalidated,2024201441785,2024,201441785,2,9,0,3,5,1,0,0,0,0,0,0,2,1,6,1,43,7,-1,-1,-1,-1,1,1,E01009371,0
Unvalidated,2024201441805,2024,201441805,1,9,0,18,2,6,0,1,0,0,0,0,1,1,6,1,28,6,-1,-1,-1,-1,-1,-1,-1,0
Unvalidated,2024201441805,2024,201441805,2,9,0,3,2,6,0,1,0,0,0,0,2,1,6,1,56,9,-1,-1,-1,-1,1,1,E01009488,0
Unvalidated,2024201441822,2024,201441822,1,97,0,18,8,4,0,0,0,0,0,0,1,1,6,1,24,5,-1,-1,-1,-1,2,1,E01010045,0
Unvalidated,2024201441839,2024,201441839,1,9,0,18,7,3,0,8,0,0,0,0,1,1,6,1,20,4,-1,-1,-1,-1,-1,-1,-1,0
Unvalidated,2024201441839,2024,201441839,2,9,0,9,5,3,0,6,0,0,0,0,4,1,6,1,51,8,-1,-1,-1,-1,1,1,E01009057,0
Unvalidated,2024201441871,2024,201441871,1,90,0,18,2,6,9,0,0,0,0,0,1,1,6,1,-1,-1,-1,-1,-1,-1,-1,-1,-1,1
Unvalidated,2024201441897,2024,201441897,1,9,0,18,6,2,0,0,0,10,8,11,1,1,5,1,24,5,-1,-1,-1,-1,2,1,E01010472,0
Unvalidated,2024201441942,2024,201441942,1,9,0,18,4,8,0,0,0,0,0,0,1,1,6,2,39,7,-1,-1,-1,-1,2,1,E01010528,0
Unvalidated,2024201441942,2024,201441942,2,9,0,4,4,8,0,0,0,0,0,0,2,1,6,3,-1,-1,-1,-1,-1,-1,-1,-1,-1,0
Unvalidated,2024201441969,2024,201441969,1,9,0,4,7,3,0,0,1,10,6,7,1,1,6,1,39,7,-1,-1,-1,-1,2,1,E01010268,0
Unvalidated,2024201441969,2024,201441969,2,8,0,4,3,7,0,0,1,10,4,0,2,1,2,1,33,6,-1,-1,-1,-1,1,1,E01009371,0
Unvalidated,2024201441996,2024,201441996,1,9,0,5,4,8,0,0,0,0,0,0,3,1,1,1,25,5,-1,-1,-1,-1,1,1,E01009310,0
Unvalidated,2024201441996,2024,201441996,2,9,0,18,4,8,0,0,0,0,0,0,1,1,1,1,37,7,-1,-1,-1,-1,1,1,E01033642,0
Unvalidated,2024201441996,2024,201441996,3,9,0,2,0,0,6,0,0,0,0,0,2,1,5,2,60,9,-1,-1,-1,-1,3,1,E01010137,0
Unvalidated,2024201442006,2024,201442006,1,9,0,14,2,4,0,2,0,4,0,0,1,1,2,1,53,8,-1,-1,-1,-1,6,1,E01009206,0
Unvalidated,2024201442006,2024,201442006,2,90,0,2,0,0,0,2,0,0,0,0,2,1,2,1,53,8,-1,-1,-1,-1,8,1,E01032126,0
Unvalidated,2024201442028,2024,201442028,1,9,0,18,2,6,0,1,0,0,0,0,1,1,2,2,61,9,-1,-1,-1,-1,7,1,E01009771,0
Unvalidated,2024201442028,2024,201442028,2,9,0,3,2,6,0,4,0,0,0,0,2,1,2,2,51,8,-1,-1,-1,-1,1,1,E01010453,0
Unvalidated,2024201442028,2024,201442028,3,19,0,18,7,5,0,8,0,0,0,0,4,1,2,1,50,8,-1,-1,-1,-1,1,1,E01009748,0
Unvalidated,2024201442030,2024,201442030,1,9,0,18,2,6,0,1,0,0,0,0,1,1,5,2,23,5,-1,-1,-1,-1,2,1,E01009121,0
Unvalidated,2024201442030,2024,201442030,2,9,0,18,2,6,0,1,0,0,0,0,4,1,5,1,44,7,-1,-1,-1,-1,4,1,E01009236,0
Unvalidated,2024201442059,2024,201442059,1,9,0,9,2,8,0,5,0,0,0,0,1,1,5,1,31,6,-1,-1,-1,-1,1,1,E01009349,0
Unvalidated,2024201442081,2024,201442081,1,9,0,18,3,4,0,6,1,0,0,0,4,1,2,1,49,8,-1,-1,-1,-1,5,1,E01009230,0
Unvalidated,2024201442081,2024,201442081,2,9,0,18,2,6,0,8,0,0,0,0,1,1,1,1,26,6,-1,-1,-1,-1,1,1,E01010235,0
Unvalidated,2024201442081,2024,201442081,3,20,0,18,6,2,0,8,0,0,0,0,1,1,1,1,60,9,-1,-1,-1,-1,4,1,E01010459,0
Unvalidated,2024201442095,2024,201442095,1,9,0,18,8,4,0,1,0,0,0,0,1,1,1,2,56,9,-1,-1,-1,-1,1,1,E01008927,0
Unvalidated,2024201442095,2024,201442095,2,1,0,18,5,1,0,1,0,0,0,0,4,1,3,1,8,2,-1,-1,-1,-1,2,1,E01033629,0
Unvalidated,2024201442133,2024,201442133,1,9,0,9,2,8,0,6,0,0,0,0,1,1,6,2,-1,-1,-1,-1,-1,-1,-1,-1,-1,0
Unvalidated,2024201442133,2024,201442133,2,3,0,18,8,4,0,8,0,0,0,0,4,1,5,1,17,4,-1,-1,-1,-1,8,1,E01009785,0
Unvalidated,2024201442137,2024,201442137,1,9,0,18,8,4,0,2,0,0,0,0,1,1,1,1,25,5,-1,-1,-1,-1,2,1,E01009642,0
Unvalidated,2024201442137,2024,201442137,2,9,0,18,8,4,0,2,0,0,0,0,2,1,1,1,45,7,-1,-1,-1,-1,2,1,E01009642,0
Unvalidated,2024201442137,2024,201442137,3,97,0,18,8,4,0,2,0,0,0,0,1,1,6,3,-1,-1,-1,-1,-1,-1,-1,-1,-1,0
Unvalidated,2024201442195,2024,201442195,1,9,0,5,2,6,0,6,0,0,0,0,1,1,6,1,20,4,-1,-1,-1,-1,-1,-1,-1,0
Unvalidated,2024201442195,2024,201442195,2,9,0,18,8,4,0,8,0,0,0,0,1,1,2,2,43,7,-1,-1,-1,-1,3,1,E01009140,0
Unvalidated,2024201442258,2024,201442258,1,9,0,15,5,1,0,0,0,0,0,0,1,1,5,2,70,10,-1,-1,-1,-1,3,1,E01009164,0
Unvalidated,2024201442258,2024,201442258,2,9,0,18,2,5,0,0,0,0,0,0,1,1,6,1,30,6,-1,-1,-1,-1,-1,-1,-1,0
Unvalidated,2024201442307,2024,201442307,1,9,0,18,7,3,0,8,0,0,0,0,1,1,6,1,53,8,-1,-1,-1,-1,7,1,E01032170,0
Unvalidated,2024201442307,2024,201442307,2,9,0,18,6,2,0,8,0,0,0,0,2,1,6,1,62,9,-1,-1,-1,-1,6,1,E01032172,0
Unvalidated,2024201442323,2024,201442323,1,8,0,18,8,4,0,1,0,0,0,0,1,1,6,1,49,8,-1,-1,-1,-1,4,1,E01009871,0
Unvalidated,2024201442376,2024,201442376,1,9,0,5,8,2,0,6,0,0,0,0,3,2,6,2,30,6,-1,-1,-1,-1,4,1,E01009628,0
Unvalidated,2024201442376,2024,201442376,2,9,0,18,6,2,0,8,0,0,0,0,3,2,6,1,-1,-1,-1,-1,-1,-1,2,1,E01009610,0
Unvalidated,2024201442402,2024,201442402,1,9,0,18,2,6,0,0,0,0,0,0,1,1,6,1,46,8,-1,-1,-1,-1,2,1,E01009650,0
Unvalidated,2024201442433,2024,201442433,1,9,0,18,6,2,0,8,0,0,0,0,1,1,6,1,34,6,-1,-1,-1,-1,6,1,E01009598,0
Unvalidated,2024201442480,2024,201442480,1,9,0,18,6,2,0,0,0,0,0,0,4,1,5,1,64,9,-1,-1,-1,-1,-1,-1,-1,0
Unvalidated,2024201442480,2024,201442480,2,1,0,5,4,8,0,0,0,0,0,0,1,1,5,1,12,3,-1,-1,-1,-1,1,1,E01010532,0
Unvalidated,2024201442596,2024,201442596,1,9,0,14,8,4,0,8,0,0,0,0,4,1,1,1,40,7,-1,-1,-1,-1,1,1,E01009375,0
Unvalidated,2024201442655,2024,201442655,1,9,0,18,6,2,0,0,0,0,0,0,1,1,1,1,-1,-1,-1,-1,-1,-1,-1,-1,-1,0
Unvalidated,2024201442655,2024,201442655,2,90,0,18,8,4,0,0,0,0,0,0,1,1,6,1,13,3,-1,-1,-1,-1,3,1,E01009294,0
Unvalidated,2024201442843,2024,201442843,1,9,0,5,4,1,0,0,0,0,0,0,4,1,6,2,44,7,-1,-1,-1,-1,6,2,E01029637,0
Unvalidated,2024201442886,2024,201442886,1,4,0,18,4,8,0,8,0,0,0,0,1,1,6,1,31,6,-1,-1,-1,-1,1,1,E01009301,0
Unvalidated,2024201442886,2024,201442886,2,9,0,5,4,8,0,8,0,0,0,0,1,1,1,1,46,8,-1,-1,-1,-1,4,1,E01025907,0
Unvalidated,2024201442886,2024,201442886,3,9,0,15,4,8,0,1,0,0,0,0,3,1,6,1,36,7,-1,-1,-1,-1,1,1,E01010140,0
Unvalidated,2024201442929,2024,201442929,1,9,0,18,5,1,0,8,0,0,0,0,1,1,6,1,-1,-1,-1,-1,-1,-1,2,1,E01009391,0
Unvalidated,2024201442929,2024,201442929,2,9,0,18,7,3,0,4,0,0,0,0,3,1,6,1,-1,-1,-1,-1,-1,-1,1,1,E01010414,0
Unvalidated,2024201442971,2024,201442971,1,9,0,7,6,1,0,3,1,7,0,0,1,1,6,1,30,6,-1,-1,-1,-1,-1,-1,-1,0
Unvalidated,2024201442971,2024,201442971,2,9,0,18,1,4,0,4,0,0,0,0,1,1,2,1,38,7,-1,-1,-1,-1,2,1,E01010425,0
Unvalidated,2024201442971,2024,201442971,3,9,0,18,6,6,0,1,0,0,0,0,0,1,1,1,33,6,-1,-1,-1,-1,2,1,E01010521,0
Unvalidated,2024201443038,2024,201443038,1,9,0,18,2,6,0,8,0,0,0,0,1,1,6,2,41,7,-1,-1,-1,-1,4,1,E01009750,0
Unvalidated,2024201443038,2024,201443038,2,9,0,9,4,2,0,6,0,0,0,0,1,1,6,2,39,7,-1,-1,-1,-1,-1,-1,-1,0
Unvalidated,2024201443069,2024,201443069,1,9,0,18,3,7,0,1,0,0,0,0,1,1,6,3,18,4,-1,-1,-1,-1,-1,-1,-1,0
Unvalidated,2024201443083,2024,201443083,1,9,0,3,2,4,0,0,0,0,0,0,1,1,6,1,63,9,-1,-1,-1,-1,3,1,E01010094,0