status,collision_index,collision_year,collision_reference,vehicle_reference,vehicle_type,towing_and_articulation,vehicle_manoeuvre,vehicle_direction_from,vehicle_direction_to,vehicle_location_restricted_lane,junction_location,skidding_and_overturning,hit_object_in_carriageway,vehicle_leaving_carriageway,hit_object_off_carriageway,first_point_of_impact,vehicle_left_hand_drive,journey_purpose_of_driver,sex_of_driver,age_of_driver,age_band_of_driver,engine_capacity_cc,propulsion_code,age_of_vehicle,generic_make_model,driver_imd_decile,driver_home_area_type,lsoa_of_driver,escooter_flag
Unvalidated,2024201443083,2024,201443083,2,1,0,18,2,6,0,0,0,0,0,0,2,1,6,1,25,5,-1,-1,-1,-1,3,1,E01010099,0
Unvalidated,2024201443094,2024,201443094,1,1,0,5,1,5,0,6,2,0,0,0,1,1,6,1,-1,-1,-1,-1,-1,-1,-1,-1,-1,0
Unvalidated,2024201443094,2024,201443094,2,9,0,18,3,7,0,8,0,0,0,0,4,1,6,2,55,8,-1,-1,-1,-1,10,2,E01010108,0
Unvalidated,2024201443115,2024,201443115,1,9,0,13,4,8,0,8,0,0,0,0,1,1,6,1,20,4,-1,-1,-1,-1,-1,-1,-1,0
Unvalidated,2024201443115,2024,201443115,2,9,0,10,8,6,0,8,0,0,0,0,3,1,5,1,25,5,-1,-1,-1,-1,1,1,E01010066,0
Unvalidated,2024201443135,2024,201443135,1,9,0,18,2,6,0,0,0,0,0,0,1,1,6,3,-1,-1,-1,-1,-1,-1,-1,-1,-1,0
Unvalidated,2024201443172,2024,201443172,1,8,0,5,1,5,0,0,0,0,0,0,1,1,1,1,-1,-1,-1,-1,-1,-1,2,1,E01009508,0
Unvalidated,2024201443172,2024,201443172,2,3,0,18,5,1,0,0,0,0,0,0,1,1,6,1,18,4,-1,-1,-1,-1,1,1,E01009117,0
Unvalidated,2024201443177,2024,201443177,1,9,0,3,7,3,0,0,0,0,0,0,1,1,6,2,36,7,-1,-1,-1,-1,2,1,E01010261,0
Unvalidated,2024201443177,2024,201443177,2,9,0,3,7,3,0,0,0,0,0,0,2,1,6,2,-1,-1,-1,-1,-1,-1,-1,-1,-1,0
Unvalidated,2024201443189,2024,201443189,1,9,0,9,1,8,0,6,0,0,0,0,1,1,1,2,47,8,-1,-1,-1,-1,2,1,E01010056,0
Unvalidated,2024201443189,2024,201443189,2,97,0,14,8,4,0,8,0,0,0,0,4,1,6,1,35,6,-1,-1,-1,-1,1,1,E01009339,0
Unvalidated,2024201443192,2024,201443192,1,9,0,18,1,5,0,0,0,0,0,0,3,1,6,3,-1,-1,-1,-1,-1,-1,-1,-1,-1,0
Unvalidated,2024201443192,2024,201443192,2,9,0,7,3,5,0,0,0,0,0,0,4,1,2,1,25,5,-1,-1,-1,-1,4,1,E01009521,0
Unvalidated,2024201443220,2024,201443220,1,9,0,18,7,3,0,0,0,0,0,0,1,1,2,2,25,5,-1,-1,-1,-1,1,1,E01009567,0
Unvalidated,2024201443227,2024,201443227,1,9,0,7,3,5,0,6,0,0,0,0,0,1,6,1,50,8,-1,-1,-1,-1,3,1,E01009145,0
Unvalidated,2024201443240,2024,201443240,1,9,0,14,5,1,0,1,0,0,0,0,4,1,6,1,-1,-1,-1,-1,-1,-1,-1,-1,-1,0
Unvalidated,2024201443240,2024,201443240,2,9,0,2,0,0,6,1,0,0,0,0,3,1,5,2,24,5,-1,-1,-1,-1,2,1,E01008999,0
Unvalidated,2024201443256,2024,201443256,1,9,0,18,6,2,0,1,0,0,0,0,1,1,6,1,36,7,-1,-1,-1,-1,1,1,E01009368,0
Unvalidated,2024201443288,2024,201443288,1,9,0,18,6,4,0,0,0,0,0,0,3,1,5,1,34,6,-1,-1,-1,-1,5,1,E01009798,0
Unvalidated,2024201443291,2024,201443291,1,9,0,13,5,1,0,8,0,0,0,0,1,1,6,2,-1,-1,-1,-1,-1,-1,-1,-1,-1,0
Unvalidated,2024201443291,2024,201443291,2,8,0,9,1,7,0,5,1,10,1,0,3,1,1,1,51,8,-1,-1,-1,-1,2,1,E01009317,0
Unvalidated,2024201443307,2024,201443307,1,9,0,5,6,2,0,0,0,0,0,0,1,1,1,1,28,6,-1,-1,-1,-1,1,1,E01009482,0
Unvalidated,2024201443307,2024,201443307,2,9,0,3,6,2,0,0,0,10,0,0,2,1,2,2,62,9,-1,-1,-1,-1,5,1,E01010000,0
Unvalidated,2024201443309,2024,201443309,1,8,0,18,1,5,0,0,0,0,0,0,1,1,1,1,50,8,-1,-1,-1,-1,3,1,E01009045,0
Unvalidated,2024201443321,2024,201443321,1,90,0,18,8,4,0,0,0,0,0,0,4,1,5,1,40,7,-1,-1,-1,-1,8,1,E01009908,0
Unvalidated,2024201443373,2024,201443373,1,9,0,18,5,1,0,0,0,0,0,0,4,1,6,3,-1,-1,-1,-1,-1,-1,-1,-1,-1,0
Unvalidated,2024201443396,2024,201443396,1,97,0,4,2,6,0,0,2,10,0,0,1,1,6,3,-1,-1,-1,-1,-1,-1,-1,-1,-1,0
Unvalidated,2024201443396,2024,201443396,2,9,0,5,3,7,0,0,0,0,0,0,0,1,6,3,-1,-1,-1,-1,-1,-1,-1,-1,-1,0
Unvalidated,2024201443396,2024,201443396,3,1,0,4,2,6,0,0,0,0,0,0,0,1,6,3,-1,-1,-1,-1,-1,-1,-1,-1,-1,0
Unvalidated,2024201443466,2024,201443466,1,9,0,18,6,2,9,2,0,10,1,11,4,1,3,2,29,6,-1,-1,-1,-1,3,1,E01032529,0
Unvalidated,2024201443477,2024,201443477,1,9,0,9,6,3,0,5,0,0,1,0,1,1,5,1,54,8,-1,-1,-1,-1,-1,-1,-1,0
Unvalidated,2024201443477,2024,201443477,2,1,0,18,3,7,0,1,0,0,0,0,1,1,6,1,53,8,-1,-1,-1,-1,-1,-1,-1,0
Unvalidated,2024201443494,2024,201443494,1,9,0,13,8,4,0,0,0,0,0,0,1,1,6,2,30,6,-1,-1,-1,-1,-1,-1,-1,0
Unvalidated,2024201443494,2024,201443494,2,9,0,18,8,4,0,0,0,0,0,0,2,1,6,2,27,6,-1,-1,-1,-1,-1,-1,-1,0
Unvalidated,2024201443523,2024,201443523,1,9,0,9,8,4,0,6,0,0,0,0,1,1,6,1,39,7,-1,-1,-1,-1,-1,-1,-1,0
Unvalidated,2024201443523,2024,201443523,2,9,0,18,6,2,0,1,0,0,0,0,3,1,6,1,26,6,-1,-1,-1,-1,1,1,E01008899,0
Unvalidated,2024201443523,2024,201443523,3,9,0,18,6,2,0,1,0,0,0,0,3,1,6,1,40,7,-1,-1,-1,-1,3,1,E01009922,0
Unvalidated,2024201443523,2024,201443523,4,9,0,18,6,2,0,1,0,0,0,0,3,1,6,1,38,7,-1,-1,-1,-1,1,1,E01010046,0
Unvalidated,2024201443523,2024,201443523,5,9,0,18,6,2,0,1,0,0,0,0,4,1,6,1,41,7,-1,-1,-1,-1,1,1,E01009607,0
Unvalidated,2024201443523,2024,201443523,6,9,0,18,6,2,0,2,0,0,0,0,3,1,6,1,21,5,-1,-1,-1,-1,1,1,E01009152,0
Unvalidated,2024201443523,2024,201443523,7,9,0,2,0,0,0,1,0,0,0,0,3,1,6,1,-1,-1,-1,-1,-1,-1,1,1,E01009152,0
Unvalidated,2024201443523,2024,201443523,8,9,0,2,0,0,0,1,0,0,0,0,1,1,6,2,54,8,-1,-1,-1,-1,1,1,E01033646,0
Unvalidated,2024201443523,2024,201443523,9,9,0,18,2,6,0,2,0,0,0,0,0,1,1,1,30,6,-1,-1,-1,-1,-1,-1,-1,0
Unvalidated,2024201443523,2024,201443523,10,9,0,18,2,6,0,1,0,0,0,0,0,1,5,1,30,6,-1,-1,-1,-1,-1,-1,-1,0
Unvalidated,2024201443548,2024,201443548,1,9,0,18,8,4,0,0,0,4,0,0,1,1,6,1,20,4,-1,-1,-1,-1,2,1,E01009340,0
Unvalidated,2024201443548,2024,201443548,2,9,0,2,0,0,6,0,0,0,0,0,2,1,6,1,25,5,-1,-1,-1,-1,-1,-1,-1,0
Unvalidated,2024201443569,2024,201443569,1,9,0,9,8,6,0,5,0,0,0,0,3,1,6,3,-1,-1,-1,-1,-1,-1,-1,-1,-1,0
Unvalidated,2024201443646,2024,201443646,1,9,0,9,4,1,0,6,0,0,0,0,3,1,6,1,36,7,-1,-1,-1,-1,-1,-1,-1,0
Unvalidated,2024201443646,2024,201443646,2,1,0,18,1,5,0,8,0,0,0,0,0,1,5,1,37,7,-1,-1,-1,-1,4,1,E01009276,0
Unvalidated,2024201443688,2024,201443688,1,11,0,18,8,4,9,1,0,10,1,0,4,1,1,3,40,7,-1,-1,-1,-1,-1,-1,-1,0
Unvalidated,2024201443765,2024,201443765,1,9,0,2,0,0,0,0,0,0,0,0,1,1,6,2,22,5,-1,-1,-1,-1,1,1,E01009061,0
Unvalidated,2024201443820,2024,201443820,1,9,0,18,1,5,0,8,0,10,2,0,1,1,6,1,-1,-1,-1,-1,-1,-1,3,1,E01010382,0
Unvalidated,2024201443820,2024,201443820,2,9,0,9,2,6,0,6,0,10,2,11,3,1,6,1,37,7,-1,-1,-1,-1,2,1,E01010409,0
Unvalidated,2024201443825,2024,201443825,1,8,0,9,1,6,0,5,0,0,0,0,1,1,6,1,38,7,-1,-1,-1,-1,-1,-1,-1,0
Unvalidated,2024201443825,2024,201443825,2,9,0,18,6,2,0,8,0,0,0,0,1,1,6,2,36,7,-1,-1,-1,-1,2,1,E01010409,0
Unvalidated,2024201443829,2024,201443829,1,9,0,18,6,2,0,8,0,10,7,11,1,1,6,3,24,5,-1,-1,-1,-1,-1,-1,-1,0
Unvalidated,2024201443829,2024,201443829,2,9,0,18,4,8,0,8,0,0,0,0,1,1,6,1,76,11,-1,-1,-1,-1,2,1,E01009890,0
Unvalidated,2024201443841,2024,201443841,1,9,0,9,3,2,0,5,0,0,0,0,2,1,5,1,34,6,-1,-1,-1,-1,4,1,E01010330,0
Unvalidated,2024201443841,2024,201443841,2,9,0,18,4,8,0,8,0,0,0,0,1,1,5,2,29,6,-1,-1,-1,-1,1,1,E01009308,0
Unvalidated,2024201443866,2024,201443866,1,9,0,18,4,8,0,0,0,0,0,0,1,1,6,2,31,6,-1,-1,-1,-1,-1,-1,-1,0
Unvalidated,2024201443892,2024,201443892,1,9,0,18,4,8,0,0,0,0,0,0,1,1,6,1,83,11,-1,-1,-1,-1,-1,-1,-1,0
Unvalidated,2024201443904,2024,201443904,1,9,0,9,5,3,0,5,0,0,0,0,1,1,6,1,31,6,-1,-1,-1,-1,1,1,E01008906,0
Unvalidated,2024201443978,2024,201443978,1,9,0,18,6,2,0,0,0,0,0,0,1,1,5,3,30,6,-1,-1,-1,-1,-1,-1,-1,0
Unvalidated,2024201443978,2024,201443978,2,9,0,4,6,2,0,0,0,0,0,0,4,1,5,3,49,8,-1,-1,-1,-1,10,1,E01010202,0
Unvalidated,2024201444017,2024,201444017,1,-1,0,18,1,5,0,0,0,0,0,0,4,1,6,1,18,4,-1,-1,-1,-1,-1,-1,-1,0
Unvalidated,2024201444027,2024,201444027,1,9,0,5,6,2,0,6,0,0,0,0,4,1,5,1,48,8,-1,-1,-1,-1,3,1,E01008930,0
Unvalidated,2024201444027,2024,201444027,2,9,0,18,4,8,0,8,0,0,0,0,1,1,5,1,20,4,-1,-1,-1,-1,3,1,E01009216,0
Unvalidated,2024201444070,2024,201444070,1,9,0,1,1,5,0,2,0,0,0,0,2,1,6,1,25,5,-1,-1,-1,-1,-1,-1,-1,0
Unvalidated,2024201444075,2024,201444075,1,9,0,5,3,7,0,0,0,0,0,0,1,1,6,1,44,7,-1,-1,-1,-1,6,1,E01009261,0
Unvalidated,2024201444075,2024,201444075,2,1,0,18,3,7,0,0,0,0,0,0,2,1,6,1,37,7,-1,-1,-1,-1,1,1,E01009354,0
Unvalidated,2024201444093,2024,201444093,1,8,0,18,3,6,0,4,0,0,0,0,1,1,5,1,53,8,-1,-1,-1,-1,1,1,E01009993,0
Unvalidated,2024201444093,2024,201444093,2,9,0,4,3,6,0,3,0,0,0,0,2,1,5,2,19,4,-1,-1,-1,-1,1,1,E01010052,0
Unvalidated,2024201444112,2024,201444112,1,9,0,18,1,6,0,2,5,0,0,0,3,1,5,2,44,7,-1,-1,-1,-1,3,1,E01009938,0
Unvalidated,2024201444112,2024,201444112,2,9,0,2,0,0,9,2,0,0,0,0,1,1,5,1,56,9,-1,-1,-1,-1,3,1,E01009967,0
Unvalidated,2024201444142,2024,201444142,1,9,0,4,8,4,0,8,0,0,0,0,1,1,6,2,-1,-1,-1,-1,-1,-1,-1,-1,-1,0
Unvalidated,2024201444142,2024,201444142,2,8,0,18,8,4,0,8,0,0,0,0,2,1,1,1,53,8,-1,-1,-1,-1,2,1,E01009890,0
Unvalidated,2024201444158,2024,201444158,1,9,0,18,5,1,0,0,0,0,0,0,1,1,5,2,22,5,-1,-1,-1,-1,2,1,E01010405,0
Unvalidated,2024201444158,2024,201444158,2,19,0,18,1,5,0,0,0,0,0,0,1,1,1,1,57,9,-1,-1,-1,-1,5,1,E01032592,0
Unvalidated,2024201444158,2024,201444158,3,9,0,2,0,0,0,0,0,0,0,0,4,1,5,1,72,10,-1,-1,-1,-1,2,1,E01010313,0
Unvalidated,2024201444197,2024,201444197,1,9,0,18,6,2,0,0,0,0,0,0,1,1,6,3,-1,-1,-1,-1,-1,-1,-1,-1,-1,0
Unvalidated,2024201444227,2024,201444227,1,9,0,18,6,2,0,0,5,10,7,0,3,1,6,1,77,11,-1,-1,-1,-1,10,1,E01010229,0
Unvalidated,2024201444227,2024,201444227,2,9,0,18,2,6,0,0,1,0,0,0,3,1,6,1,44,7,-1,-1,-1,-1,9,1,E01010154,0
Unvalidated,2024201444232,2024,201444232,1,9,0,18,7,4,0,0,0,0,0,0,1,1,5,1,22,5,-1,-1,-1,-1,3,1,E01010085,0
Unvalidated,2024201444232,2024,201444232,2,5,0,18,7,4,0,0,0,0,0,0,4,1,5,2,30,6,-1,-1,-1,-1,1,1,E01010450,0
Unvalidated,2024201444256,2024,201444256,1,9,0,18,4,8,0,8,0,0,0,0,9,1,1,1,49,8,-1,-1,-1,-1,1,1,E01009498,0
Unvalidated,2024201444256,2024,201444256,2,1,0,18,6,2,0,6,0,0,0,0,1,1,6,1,37,7,-1,-1,-1,-1,3,1,E01008989,0
Unvalidated,2024201444326,2024,201444326,1,9,0,18,2,6,0,8,0,0,0,0,4,1,6,3,-1,-1,-1,-1,-1,-1,-1,-1,-1,0
Unvalidated,2024201444369,2024,201444369,1,9,0,18,4,8,0,8,0,0,0,0,4,1,6,1,72,10,-1,-1,-1,-1,1,1,E01032888,0
Unvalidated,2024201444369,2024,201444369,2,9,0,18,4,8,0,8,0,0,0,0,1,1,6,1,30,6,-1,-1,-1,-1,-1,-1,-1,0
Unvalidated,2024201444389,2024,201444389,1,9,0,18,2,6,0,1,0,0,0,0,1,1,6,2,41,7,-1,-1,-1,-1,1,1,E01009331,0
Unvalidated,2024201444389,2024,201444389,2,9,0,3,2,6,0,1,0,0,0,0,2,1,1,2,36,7,-1,-1,-1,-1,10,1,E01010216,0
Unvalidated,2024201444397,2024,201444397,1,9,0,18,5,1,0,0,0,0,0,0,4,1,6,3,-1,-1,-1,-1,-1,-1,-1,-1,-1,0
Unvalidated,2024201444409,2024,201444409,1,9,0,1,3,7,0,0,0,0,0,0,2,1,1,1,30,6,-1,-1,-1,-1,-1,-1,-1,0
Unvalidated,2024201444439,2024,201444439,1,9,0,7,6,8,0,2,0,0,0,0,1,1,6,1,60,9,-1,-1,-1,-1,-1,-1,-1,0
Unvalidated,2024201444439,2024,201444439,2,9,0,4,6,2,0,1,0,0,0,0,4,1,5,3,33,6,-1,-1,-1,-1,-1,-1,-1,0
Unvalidated,2024201444443,2024,201444443,1,9,0,18,3,7,0,8,1,7,2,0,4,1,6,3,18,4,-1,-1,-1,-1,-1,-1,-1,0
Unvalidated,2024201444450,2024,201444450,1,9,0,9,5,3,0,5,0,0,0,0,1,1,6,1,31,6,-1,-1,-1,-1,1,1,E01008906,0
Unvalidated,2024201444455,2024,201444455,1,5,0,13,4,8,0,0,5,0,0,0,1,1,5,1,42,7,-1,-1,-1,-1,3,1,E01009930,0
Unvalidated,2024201444455,2024,201444455,2,9,0,18,4,8,0,0,0,0,0,0,3,1,5,1,43,7,-1,-1,-1,-1,3,1,E01014159,0
Unvalidated,2024201444455,2024,201444455,3,9,0,18,7,3,0,0,0,0,0,0,1,1,5,2,55,8,-1,-1,-1,-1,10,1,E01009899,0
Unvalidated,2024201444563,2024,201444563,1,9,0,5,2,6,0,0,0,0,0,0,1,1,6,1,30,6,-1,-1,-1,-1,-1,-1,-1,0
Unvalidated,2024201444563,2024,201444563,2,9,0,18,2,6,0,0,0,0,0,0,4,1,1,1,33,6,-1,-1,-1,-1,-1,-1,-1,0
Unvalidated,2024201444569,2024,201444569,1,9,0,18,6,2,0,0,0,0,0,0,4,1,2,1,62,9,-1,-1,-1,-1,1,1,E01008979,0
Unvalidated,2024201444575,2024,201444575,1,9,0,18,3,7,0,1,0,0,0,0,2,1,6,2,68,10,-1,-1,-1,-1,-1,-1,-1,0
Unvalidated,2024201444650,2024,201444650,1,9,0,18,1,1,0,1,0,0,0,0,1,1,5,2,52,8,-1,-1,-1,-1,1,1,E01010295,0
Unvalidated,2024201444662,2024,201444662,1,9,0,7,8,2,0,5,0,0,0,0,1,1,6,2,-1,-1,-1,-1,-1,-1,-1,-1,-1,0
Unvalidated,2024201444688,2024,201444688,1,9,0,9,1,7,0,5,0,0,0,0,1,1,6,3,-1,-1,-1,-1,-1,-1,-1,-1,-1,0
Unvalidated,2024201444688,2024,201444688,2,97,0,18,5,1,0,8,0,0,0,0,1,1,6,2,21,5,-1,-1,-1,-1,-1,-1,-1,0
Unvalidated,2024201444690,2024,201444690,1,9,0,18,1,5,0,0,5,10,0,0,1,1,6,1,30,6,-1,-1,-1,-1,-1,-1,-1,0
Unvalidated,2024201444690,2024,201444690,2,9,0,2,0,0,0,0,0,0,0,0,1,1,6,3,-1,-1,-1,-1,-1,-1,-1,-1,-1,0
Unvalidated,2024201444690,2024,201444690,3,9,0,2,0,0,0,0,0,0,0,0,1,1,6,1,30,6,-1,-1,-1,-1,10,1,E01010388,0
Unvalidated,2024201444702,2024,201444702,1,9,0,9,1,6,0,6,0,0,0,0,1,1,6,1,-1,-1,-1,-1,-1,-1,-1,-1,-1,0
Unvalidated,2024201444702,2024,201444702,2,9,0,18,5,3,0,8,0,0,0,0,1,1,6,2,19,4,-1,-1,-1,-1,2,1,E01010564,0
Unvalidated,2024201444715,2024,201444715,1,9,0,9,4,2,0,5,0,0,0,0,4,1,6,1,-1,-1,-1,-1,-1,-1,-1,-1,-1,0
Unvalidated,2024201444715,2024,201444715,2,3,0,18,8,4,0,8,0,0,0,0,1,1,6,1,30,6,-1,-1,-1,-1,1,1,E01009202,0
Unvalidated,2024201444722,2024,201444722,1,9,0,18,1,5,0,8,0,0,0,0,1,1,6,3,50,8,-1,-1,-1,-1,-1,-1,-1,0
Unvalidated,2024201444722,2024,201444722,2,9,0,18,2,4,0,8,0,0,0,0,3,1,5,1,-1,-1,-1,-1,-1,-1,2,1,E01033641,0
Unvalidated,2024201444753,2024,201444753,1,9,0,1,2,6,0,0,0,0,0,0,1,1,6,1,41,7,-1,-1,-1,-1,1,1,E01009502,0
Unvalidated,2024201444753,2024,201444753,2,9,0,3,2,6,0,0,0,0,0,0,2,1,6,1,-1,-1,-1,-1,-1,-1,-1,-1,-1,0
Unvalidated,2024201444762,2024,201444762,1,9,0,6,2,2,0,0,0,0,0,0,1,1,6,2,30,6,-1,-1,-1,-1,6,1,E01031084,0
Unvalidated,2024201444762,2024,201444762,2,3,0,13,2,6,0,0,0,0,0,0,2,1,5,1,21,5,-1,-1,-1,-1,2,1,E01009635,0
Unvalidated,2024201444814,2024,201444814,1,9,0,18,3,7,0,0,0,0,0,0,1,1,6,2,40,7,-1,-1,-1,-1,-1,-1,-1,0
Unvalidated,2024201444897,2024,201444897,1,9,0,18,5,1,0,2,0,0,0,0,0,1,6,3,30,6,-1,-1,-1,-1,-1,-1,-1,0
Unvalidated,2024201444897,2024,201444897,2,1,0,18,5,1,0,2,1,4,0,0,1,1,6,1,46,8,-1,-1,-1,-1,6,1,E01010177,0
Unvalidated,2024201444974,2024,201444974,1,23,0,18,5,1,0,8,0,0,0,0,2,1,2,1,20,4,-1,-1,-1,-1,3,1,E01010501,0
Unvalidated,2024201444974,2024,201444974,2,9,0,18,4,8,0,8,0,0,0,0,1,1,2,1,23,5,-1,-1,-1,-1,1,1,E01010524,0
Unvalidated,2024201444989,2024,201444989,1,9,0,18,7,3,0,0,0,0,0,0,1,1,6,1,25,5,-1,-1,-1,-1,-1,-1,-1,0
Unvalidated,2024201444989,2024,201444989,2,9,0,3,7,3,0,0,0,0,0,0,2,1,6,1,27,6,-1,-1,-1,-1,7,1,E01002328,0
Unvalidated,2024201445001,2024,201445001,1,9,0,18,1,5,0,0,0,0,0,0,1,1,6,3,-1,-1,-1,-1,-1,-1,-1,-1,-1,0
Unvalidated,2024201445001,2024,201445001,2,9,0,3,1,5,0,0,0,0,0,0,2,1,6,1,41,7,-1,-1,-1,-1,6,1,E01010211,0
Unvalidated,2024201445028,2024,201445028,1,9,0,9,8,6,0,6,0,0,0,0,1,1,3,1,42,7,-1,-1,-1,-1,3,1,E01010097,0
Unvalidated,2024201445028,2024,201445028,2,5,0,18,6,2,0,8,0,0,0,0,4,1,2,1,25,5,-1,-1,-1,-1,3,1,E01010070,0
Unvalidated,2024201445051,2024,201445051,1,23,0,18,-1,-1,0,1,-1,-1,-1,0,-1,1,5,1,13,3,-1,-1,-1,-1,6,1,E01010133,0
Unvalidated,2024201445051,2024,201445051,2,9,0,9,-1,-1,0,5,-1,-1,-1,0,-1,1,1,1,34,6,-1,-1,-1,-1,1,1,E01033643,0
Unvalidated,2024201445092,2024,201445092,1,9,0,18,2,8,0,0,0,0,0,0,4,1,3,2,35,6,-1,-1,-1,-1,2,1,E01009981,0
Unvalidated,2024201445106,2024,201445106,1,9,0,18,4,8,0,0,0,0,0,0,1,1,2,1,65,9,-1,-1,-1,-1,1,1,E01009307,0
Unvalidated,2024201445120,2024,201445120,1,9,0,18,6,2,0,8,0,0,0,0,1,1,6,3,30,6,-1,-1,-1,-1,-1,-1,-1,0
Unvalidated,2024201445120,2024,201445120,2,9,0,7,6,8,0,5,0,0,0,0,2,1,5,1,42,7,-1,-1,-1,-1,1,1,E01009172,0
Unvalidated,2024201445128,2024,201445128,1,9,0,18,5,1,0,1,0,0,0,0,1,1,6,1,-1,-1,-1,-1,-1,-1,-1,-1,-1,0
Unvalidated,2024201445128,2024,201445128,2,9,0,3,5,1,0,1,0,0,0,0,2,1,6,2,40,7,-1,-1,-1,-1,4,1,E01008891,0
Unvalidated,2024201445201,2024,201445201,1,98,0,7,3,5,0,3,0,0,0,0,1,1,6,1,30,6,-1,-1,-1,-1,-1,-1,-1,0
Unvalidated,2024201445201,2024,201445201,2,9,0,7,3,5,0,3,0,0,0,0,4,1,6,1,22,5,-1,-1,-1,-1,-1,-1,-1,0
Unvalidated,2024201445230,2024,201445230,1,9,0,7,1,3,0,6,0,0,0,0,1,1,6,3,-1,-1,-1,-1,-1,-1,-1,-1,-1,0
Unvalidated,2024201445230,2024,201445230,2,22,0,9,1,7,9,8,0,0,0,0,4,1,5,2,38,7,-1,-1,-1,-1,1,1,E01009404,0
Unvalidated,2024201445456,2024,201445456,1,9,0,18,4,8,0,0,0,0,0,0,3,1,6,1,29,6,-1,-1,-1,-1,8,1,E01032146,0
Unvalidated,2024201445608,2024,201445608,1,9,0,7,1,8,0,3,0,0,0,0,3,1,6,2,74,10,-1,-1,-1,-1,-1,-1,-1,0
Unvalidated,2024201445608,2024,201445608,2,1,0,18,4,8,0,8,0,0,0,0,3,1,6,1,53,8,-1,-1,-1,-1,4,1,E01009521,0
Unvalidated,2024201445872,2024,201445872,1,9,0,18,2,6,0,0,0,0,0,0,1,1,2,1,47,8,-1,-1,-1,-1,9,1,E01029631,0
Unvalidated,2024201445879,2024,201445879,1,9,0,4,2,6,0,0,0,0,0,0,1,1,6,3,-1,-1,-1,-1,-1,-1,-1,-1,-1,0
Unvalidated,2024201445879,2024,201445879,2,9,0,4,2,6,0,0,0,0,0,0,2,1,6,1,20,4,-1,-1,-1,-1,10,1,E01009461,0
Unvalidated,2024201445879,2024,201445879,3,9,0,3,2,6,0,0,0,0,0,0,2,1,3,2,48,8,-1,-1,-1,-1,1,1,E01033632,0
Unvalidated,2024201445890,2024,201445890,1,21,1,9,2,8,0,1,0,0,0,0,3,1,1,1,43,7,-1,-1,-1,-1,4,1,E01010361,0
Unvalidated,2024201445890,2024,201445890,2,9,0,18,1,5,0,1,0,0,0,0,0,1,1,1,70,10,-1,-1,-1,-1,3,1,E01009086,0
Unvalidated,2024201445989,2024,201445989,1,9,0,7,3,6,0,6,0,0,0,0,4,1,2,1,46,8,-1,-1,-1,-1,9,1,E01029672,0
Unvalidated,2024201445989,2024,201445989,2,1,0,18,6,2,0,8,0,0,0,0,1,1,6,1,12,3,-1,-1,-1,-1,1,1,E01010511,0
Unvalidated,2024201446055,2024,201446055,1,9,0,18,7,3,0,4,0,0,0,0,1,1,6,3,-1,-1,-1,-1,-1,-1,-1,-1,-1,0
Unvalidated,2024201446055,2024,201446055,2,9,0,18,4,2,0,8,0,0,0,0,4,1,5,1,71,10,-1,-1,-1,-1,2,1,E01009874,0
Unvalidated,2024201446307,2024,201446307,1,21,0,11,3,7,0,0,0,0,0,0,1,1,6,1,-1,-1,-1,-1,-1,-1,-1,-1,-1,0
Unvalidated,2024201446307,2024,201446307,2,9,0,18,3,7,0,0,0,0,0,0,2,1,2,1,21,5,-1,-1,-1,-1,-1,-1,-1,0
Unvalidated,2024201446418,2024,201446418,1,9,0,18,5,1,0,0,0,0,0,0,1,1,6,1,60,9,-1,-1,-1,-1,-1,-1,-1,0
Unvalidated,2024201446462,2024,201446462,1,9,0,18,3,8,0,8,0,0,0,0,1,1,6,1,30,6,-1,-1,-1,-1,1,1,E01010464,0
Unvalidated,2024201447044,2024,201447044,1,9,0,18,7,3,0,0,0,0,0,0,1,1,6,2,53,8,-1,-1,-1,-1,2,1,E01033635,0
Unvalidated,2024201447044,2024,201447044,2,9,0,18,8,2,0,0,0,0,0,0,2,1,6,2,45,7,-1,-1,-1,-1,5,1,E01010069,0
Unvalidated,2024201447141,2024,201447141,1,9,0,4,7,3,0,8,0,0,0,0,2,1,5,2,48,8,-1,-1,-1,-1,1,1,E01009194,0
Unvalidated,2024201447141,2024,201447141,2,9,0,18,7,3,0,8,0,0,0,0,1,1,6,1,18,4,-1,-1,-1,-1,-1,-1,-1,0
Unvalidated,2024201447178,2024,201447178,1,9,0,18,8,4,0,6,0,0,0,0,1,1,6,1,-1,-1,-1,-1,-1,-1,-1,-1,-1,0
Unvalidated,2024201447178,2024,201447178,2,9,0,18,6,2,0,8,0,0,0,0,3,1,6,1,42,7,-1,-1,-1,-1,1,1,E01033628,0
Unvalidated,2024201447199,2024,201447199,1,9,0,18,8,4,0,8,0,0,0,0,1,1,3,2,35,6,-1,-1,-1,-1,2,1,E01010508,0
Unvalidated,2024201447199,2024,201447199,2,9,0,5,2,6,0,6,0,0,0,0,4,1,5,1,40,7,-1,-1,-1,-1,-1,-1,-1,0
Unvalidated,2024201447201,2024,201447201,1,9,0,7,7,1,0,4,0,0,0,0,0,1,6,3,-1,-1,-1,-1,-1,-1,-1,-1,-1,0
Unvalidated,2024201447201,2024,201447201,2,9,0,18,5,1,0,8,0,0,0,0,2,1,6,1,69,10,-1,-1,-1,-1,6,1,E01032159,0
Unvalidated,2024201447201,2024,201447201,3,9,0,18,5,1,0,8,1,0,0,0,1,1,6,1,-1,-1,-1,-1,-1,-1,-1,-1,-1,0
Unvalidated,2024201447211,2024,201447211,1,9,0,18,1,4,0,0,0,0,0,0,1,1,6,1,-1,-1,-1,-1,-1,-1,-1,-1,-1,0