status,collision_index,collision_year,collision_reference,vehicle_reference,vehicle_type,towing_and_articulation,vehicle_manoeuvre,vehicle_direction_from,vehicle_direction_to,vehicle_location_restricted_lane,junction_location,skidding_and_overturning,hit_object_in_carriageway,vehicle_leaving_carriageway,hit_object_off_carriageway,first_point_of_impact,vehicle_left_hand_drive,journey_purpose_of_driver,sex_of_driver,age_of_driver,age_band_of_driver,engine_capacity_cc,propulsion_code,age_of_vehicle,generic_make_model,driver_imd_decile,driver_home_area_type,lsoa_of_driver,escooter_flag
Unvalidated,2024201447216,2024,201447216,1,9,0,13,2,6,0,8,0,0,0,0,4,1,5,1,55,8,-1,-1,-1,-1,2,1,E01010284,0
Unvalidated,2024201447216,2024,201447216,2,9,0,9,2,6,0,5,0,0,0,0,3,1,5,2,76,11,-1,-1,-1,-1,6,1,E01010350,0
Unvalidated,2024201447224,2024,201447224,1,9,0,18,4,2,0,8,0,0,0,0,1,1,6,1,-1,-1,-1,-1,-1,-1,3,1,E01009184,0
Unvalidated,2024201447224,2024,201447224,2,9,0,9,8,5,0,6,0,0,0,0,3,1,6,2,78,11,-1,-1,-1,-1,5,1,E01008960,0
Unvalidated,2024201447318,2024,201447318,1,8,0,5,2,6,0,6,0,0,0,0,1,1,6,3,50,8,-1,-1,-1,-1,-1,-1,-1,0
Unvalidated,2024201447318,2024,201447318,2,9,0,18,6,2,0,8,0,0,0,0,1,1,6,2,27,6,-1,-1,-1,-1,3,1,E01009584,0
Unvalidated,2024201447333,2024,201447333,1,9,0,18,6,2,0,0,0,0,0,0,1,1,5,2,31,6,-1,-1,-1,-1,4,1,E01008973,0
Unvalidated,2024201447549,2024,201447549,1,-1,0,1,5,1,0,1,0,0,0,0,2,1,6,1,40,7,-1,-1,-1,-1,-1,-1,-1,0
Unvalidated,2024201447549,2024,201447549,2,3,0,2,0,0,0,1,0,0,0,0,1,1,1,1,30,6,-1,-1,-1,-1,2,1,E01010344,0
Unvalidated,2024201447555,2024,201447555,1,9,0,18,7,4,0,8,0,10,3,2,1,1,2,1,33,6,-1,-1,-1,-1,6,1,E01010358,0
Unvalidated,2024201447555,2024,201447555,2,9,0,9,5,1,0,8,0,0,0,0,4,1,2,2,34,6,-1,-1,-1,-1,2,1,E01009265,0
Unvalidated,2024201447681,2024,201447681,1,-1,0,18,8,4,0,2,0,0,0,0,1,1,6,2,30,6,-1,-1,-1,-1,-1,-1,-1,0
Unvalidated,2024201447765,2024,201447765,1,9,0,15,6,2,0,8,0,0,0,0,1,1,6,1,-1,-1,-1,-1,-1,-1,-1,-1,-1,0
Unvalidated,2024201447765,2024,201447765,2,9,0,9,6,4,0,6,0,0,0,0,4,1,5,2,37,7,-1,-1,-1,-1,5,1,E01009046,0
Unvalidated,2024201447766,2024,201447766,1,11,0,18,-1,-1,0,0,0,0,0,0,0,1,1,1,25,5,-1,-1,-1,-1,1,1,E01009479,0
Unvalidated,2024201447767,2024,201447767,1,9,0,9,1,6,0,6,0,0,0,0,3,1,6,1,-1,-1,-1,-1,-1,-1,-1,-1,-1,0
Unvalidated,2024201447767,2024,201447767,2,9,0,18,6,2,0,8,0,0,0,0,1,1,6,1,46,8,-1,-1,-1,-1,2,1,E01010429,0
Unvalidated,2024201447994,2024,201447994,1,9,0,18,6,2,0,2,0,0,0,0,4,1,6,1,60,9,-1,-1,-1,-1,-1,-1,-1,0
Unvalidated,2024201448001,2024,201448001,1,9,0,1,2,6,9,6,0,0,0,0,2,1,6,3,37,7,-1,-1,-1,-1,-1,-1,-1,0
Unvalidated,2024201448014,2024,201448014,1,1,0,18,8,4,0,0,5,0,0,0,1,1,2,1,26,6,-1,-1,-1,-1,2,1,E01009121,0
Unvalidated,2024201448014,2024,201448014,2,9,0,7,4,8,0,0,0,0,0,0,4,1,6,3,16,4,-1,-1,-1,-1,-1,-1,-1,0
Unvalidated,2024201448023,2024,201448023,1,9,0,18,2,6,0,0,0,0,0,0,3,1,6,1,-1,-1,-1,-1,-1,-1,-1,-1,-1,0
Unvalidated,2024201448023,2024,201448023,2,9,0,3,6,2,0,0,0,0,0,0,3,1,3,2,35,6,-1,-1,-1,-1,4,1,E01009770,0
Unvalidated,2024201448023,2024,201448023,3,9,0,18,6,2,0,0,0,0,0,0,4,1,6,3,-1,-1,-1,-1,-1,-1,-1,-1,-1,0
Unvalidated,2024201448066,2024,201448066,1,9,0,1,4,8,0,1,0,0,0,0,2,1,1,1,60,9,-1,-1,-1,-1,-1,-1,-1,0
Unvalidated,2024201448070,2024,201448070,1,9,0,14,5,1,0,1,0,0,0,0,1,1,6,1,20,4,-1,-1,-1,-1,-1,-1,-1,0
Unvalidated,2024201448082,2024,201448082,1,9,0,18,3,7,0,0,0,4,1,4,3,1,6,1,66,10,-1,-1,-1,-1,1,1,E01008931,0
Unvalidated,2024201448082,2024,201448082,2,9,0,2,0,0,0,0,0,4,0,0,3,1,6,3,-1,-1,-1,-1,-1,-1,-1,-1,-1,0
Unvalidated,2024201448086,2024,201448086,1,9,0,9,8,6,0,5,0,0,0,0,1,1,6,2,45,7,-1,-1,-1,-1,-1,-1,-1,0
Unvalidated,2024201448086,2024,201448086,2,1,0,18,4,8,0,8,0,0,0,0,1,1,6,1,22,5,-1,-1,-1,-1,2,1,E01010521,0
Unvalidated,2024201448252,2024,201448252,1,9,0,18,2,6,0,1,0,0,0,0,3,1,6,1,34,6,-1,-1,-1,-1,6,1,E01009737,0
Unvalidated,2024201448252,2024,201448252,2,4,0,18,6,2,0,8,1,0,0,0,3,1,6,1,39,7,-1,-1,-1,-1,1,1,E01009147,0
Unvalidated,2024201448302,2024,201448302,1,9,0,1,6,2,0,0,0,4,1,0,2,1,6,3,-1,-1,-1,-1,-1,-1,-1,-1,-1,0
Unvalidated,2024201448302,2024,201448302,2,9,0,2,0,0,0,0,0,0,0,0,2,1,6,1,36,7,-1,-1,-1,-1,1,1,E01009889,0
Unvalidated,2024201448324,2024,201448324,1,9,0,18,1,4,9,0,2,0,1,1,1,1,2,2,24,5,-1,-1,-1,-1,9,1,E01009433,0
Unvalidated,2024201448361,2024,201448361,1,9,0,18,8,4,0,0,0,0,0,0,1,1,6,1,30,6,-1,-1,-1,-1,-1,-1,-1,0
Unvalidated,2024201448361,2024,201448361,2,9,0,3,8,4,0,0,0,0,0,0,2,1,6,2,24,5,-1,-1,-1,-1,4,1,E01010072,0
Unvalidated,2024201448373,2024,201448373,1,9,0,3,7,3,0,0,0,0,0,0,2,1,1,2,56,9,-1,-1,-1,-1,-1,-1,-1,0
Unvalidated,2024201448373,2024,201448373,2,9,0,18,7,3,0,0,0,0,0,0,2,1,6,3,-1,-1,-1,-1,-1,-1,-1,-1,-1,0
Unvalidated,2024201448441,2024,201448441,1,9,0,5,1,7,0,0,0,0,0,0,1,1,6,1,30,6,-1,-1,-1,-1,-1,-1,-1,0
Unvalidated,2024201448486,2024,201448486,1,9,0,7,8,2,0,8,0,0,0,0,2,1,6,1,23,5,-1,-1,-1,-1,7,1,E01009643,0
Unvalidated,2024201448486,2024,201448486,2,9,0,18,8,4,0,1,0,0,0,0,1,1,6,3,30,6,-1,-1,-1,-1,-1,-1,-1,0
Unvalidated,2024201448497,2024,201448497,1,9,0,5,1,6,0,6,0,0,0,0,1,1,6,1,27,6,-1,-1,-1,-1,1,1,E01010033,0
Unvalidated,2024201448497,2024,201448497,2,9,0,18,6,2,0,8,0,0,0,0,1,1,6,1,51,8,-1,-1,-1,-1,5,1,E01010069,0
Unvalidated,2024201448593,2024,201448593,1,21,1,18,3,7,0,0,1,0,0,0,1,1,1,1,55,8,-1,-1,-1,-1,-1,-1,-1,0
Unvalidated,2024201448593,2024,201448593,2,9,0,3,3,7,0,0,0,0,0,0,2,1,1,1,49,8,-1,-1,-1,-1,7,1,E01009251,0
Unvalidated,2024201448629,2024,201448629,1,9,0,15,2,6,0,1,0,0,0,0,3,1,6,2,-1,-1,-1,-1,-1,-1,-1,-1,-1,0
Unvalidated,2024201448629,2024,201448629,2,90,0,3,2,6,0,1,0,0,0,0,0,1,1,1,-1,-1,-1,-1,-1,-1,-1,-1,-1,0
Unvalidated,2024201448630,2024,201448630,1,9,0,18,3,7,0,1,0,0,0,0,2,1,6,2,24,5,-1,-1,-1,-1,9,1,E01009860,0
Unvalidated,2024201448630,2024,201448630,2,9,0,3,3,7,0,1,0,0,0,0,0,1,6,1,40,7,-1,-1,-1,-1,2,1,E01009981,0
Unvalidated,2024201448632,2024,201448632,1,9,0,9,1,7,0,6,0,0,0,0,1,1,6,1,-1,-1,-1,-1,-1,-1,-1,-1,-1,0
Unvalidated,2024201448635,2024,201448635,1,9,0,18,1,5,0,2,0,0,0,0,4,1,6,1,45,7,-1,-1,-1,-1,9,1,E01010116,0
Unvalidated,2024201448637,2024,201448637,1,9,0,18,5,1,0,1,0,0,0,0,1,1,6,1,24,5,-1,-1,-1,-1,2,1,E01014260,0
Unvalidated,2024201448637,2024,201448637,2,9,0,5,5,1,0,1,0,10,1,0,3,1,6,1,48,8,-1,-1,-1,-1,1,1,E01009060,0
Unvalidated,2024201448680,2024,201448680,1,9,0,15,2,6,0,1,0,0,0,0,1,1,6,1,30,6,-1,-1,-1,-1,-1,-1,-1,0
Unvalidated,2024201448680,2024,201448680,2,9,0,9,2,7,0,1,0,0,0,0,3,1,6,1,36,7,-1,-1,-1,-1,10,1,E01010199,0
Unvalidated,2024201448691,2024,201448691,1,9,0,13,3,7,0,0,0,0,0,0,3,1,5,2,30,6,-1,-1,-1,-1,-1,-1,-1,0
Unvalidated,2024201448691,2024,201448691,2,9,0,9,3,7,0,0,0,0,0,0,3,1,6,2,29,6,-1,-1,-1,-1,5,1,E01008975,0
Unvalidated,2024201448706,2024,201448706,1,9,0,18,4,8,0,0,0,0,0,0,1,1,6,3,40,7,-1,-1,-1,-1,-1,-1,-1,0
Unvalidated,2024201448706,2024,201448706,2,9,0,18,4,8,0,0,0,0,0,0,3,1,6,1,22,5,-1,-1,-1,-1,5,1,E01009312,0
Unvalidated,2024201448771,2024,201448771,1,9,0,18,7,7,0,8,0,0,0,0,4,1,1,1,49,8,-1,-1,-1,-1,2,1,E01009986,0
Unvalidated,2024201448771,2024,201448771,2,9,0,18,3,6,0,4,0,0,0,0,1,1,6,3,16,4,-1,-1,-1,-1,-1,-1,-1,0
Unvalidated,2024201448812,2024,201448812,1,9,0,18,8,4,0,0,0,10,1,0,1,1,6,1,-1,-1,-1,-1,-1,-1,-1,-1,-1,0
Unvalidated,2024201448832,2024,201448832,1,9,0,18,3,7,0,0,0,0,0,0,1,1,6,3,-1,-1,-1,-1,-1,-1,-1,-1,-1,0
Unvalidated,2024201448859,2024,201448859,1,9,0,5,5,1,0,8,0,0,0,0,1,1,1,2,73,10,-1,-1,-1,-1,3,1,E01009077,0
Unvalidated,2024201448859,2024,201448859,2,9,0,9,7,5,0,5,0,10,1,0,3,1,6,2,55,8,-1,-1,-1,-1,5,2,E01032430,0
Unvalidated,2024201448895,2024,201448895,1,9,0,18,2,6,0,1,0,0,0,0,1,1,6,1,25,5,-1,-1,-1,-1,-1,-1,-1,0
Unvalidated,2024201448895,2024,201448895,2,8,0,3,2,6,0,1,0,0,0,0,1,1,1,1,47,8,-1,-1,-1,-1,3,1,E01009865,0
Unvalidated,2024201448947,2024,201448947,1,9,0,18,5,1,0,1,0,0,0,0,1,1,6,1,20,4,-1,-1,-1,-1,-1,-1,-1,0
Unvalidated,2024201448947,2024,201448947,2,9,0,5,5,1,0,1,0,0,0,0,2,1,6,2,21,5,-1,-1,-1,-1,5,1,E01009262,0
Unvalidated,2024201448959,2024,201448959,1,9,0,13,2,6,0,1,0,0,0,0,1,1,6,1,30,6,-1,-1,-1,-1,-1,-1,-1,0
Unvalidated,2024201448959,2024,201448959,2,9,0,5,6,4,0,5,0,0,0,0,1,1,6,1,42,7,-1,-1,-1,-1,5,1,E01010306,0
Unvalidated,2024201449002,2024,201449002,1,19,0,18,8,4,0,0,0,0,0,0,1,1,6,3,-1,-1,-1,-1,-1,-1,-1,-1,-1,0
Unvalidated,2024201449002,2024,201449002,2,9,0,18,8,4,0,0,0,0,0,0,2,1,6,2,24,5,-1,-1,-1,-1,8,1,E01009252,0
Unvalidated,2024201449078,2024,201449078,1,9,0,18,2,6,0,0,0,0,0,0,1,1,6,1,38,7,-1,-1,-1,-1,-1,-1,-1,0
Unvalidated,2024201449078,2024,201449078,2,9,0,18,6,2,0,0,0,0,0,0,3,1,6,1,37,7,-1,-1,-1,-1,4,1,E01009224,0
Unvalidated,2024201449094,2024,201449094,1,9,0,18,2,6,0,0,0,0,0,0,4,1,6,3,47,8,-1,-1,-1,-1,-1,-1,-1,0
Unvalidated,2024201449100,2024,201449100,1,9,0,9,8,4,0,1,0,0,0,0,1,1,6,2,28,6,-1,-1,-1,-1,1,1,E01010080,0
Unvalidated,2024201449100,2024,201449100,2,9,0,2,0,0,0,1,0,0,0,0,4,1,6,1,70,10,-1,-1,-1,-1,6,3,E01032217,0
Unvalidated,2024201449143,2024,201449143,1,9,0,5,2,6,9,0,0,0,0,0,1,1,5,1,61,9,-1,-1,-1,-1,6,3,E01029488,0
Unvalidated,2024201449188,2024,201449188,1,9,0,18,2,6,0,8,0,0,0,0,1,1,6,1,33,6,-1,-1,-1,-1,2,1,E01009090,0
Unvalidated,2024201449188,2024,201449188,2,9,0,9,8,4,0,8,0,0,0,0,4,1,6,2,20,4,-1,-1,-1,-1,-1,-1,-1,0
Unvalidated,2024201449217,2024,201449217,1,9,0,18,6,2,0,1,0,0,0,0,1,1,6,1,-1,-1,-1,-1,-1,-1,-1,-1,-1,0
Unvalidated,2024201449217,2024,201449217,2,9,0,3,6,2,0,1,0,0,0,0,2,1,6,1,47,8,-1,-1,-1,-1,-1,-1,-1,0
Unvalidated,2024201449217,2024,201449217,3,9,0,10,6,4,0,8,0,0,0,0,2,1,6,2,47,8,-1,-1,-1,-1,-1,-1,-1,0
Unvalidated,2024201449228,2024,201449228,1,9,0,18,6,2,0,0,0,0,0,0,1,1,6,3,30,6,-1,-1,-1,-1,-1,-1,-1,0
Unvalidated,2024201449228,2024,201449228,2,9,0,3,6,2,0,0,0,0,0,0,2,1,5,1,37,7,-1,-1,-1,-1,3,1,E01009095,0
Unvalidated,2024201449362,2024,201449362,1,9,0,18,8,4,0,6,0,0,0,0,1,1,6,2,41,7,-1,-1,-1,-1,1,1,E01009408,0
Unvalidated,2024201449362,2024,201449362,2,9,0,18,2,6,0,8,0,0,0,0,3,1,6,2,63,9,-1,-1,-1,-1,4,1,E01009226,0
Unvalidated,2024201449407,2024,201449407,1,9,0,18,1,5,0,0,0,7,0,0,1,1,5,1,62,9,-1,-1,-1,-1,7,1,E01009450,0
Unvalidated,2024201449422,2024,201449422,1,9,0,4,6,2,0,0,0,0,0,0,1,1,2,1,35,6,-1,-1,-1,-1,1,1,E01009605,0
Unvalidated,2024201449422,2024,201449422,2,9,0,3,6,2,0,0,0,0,0,0,2,1,1,1,31,6,-1,-1,-1,-1,2,1,E01009568,0
Unvalidated,2024201449698,2024,201449698,1,11,0,18,8,4,0,8,0,0,0,0,1,1,6,1,45,7,-1,-1,-1,-1,3,1,E01010051,0
Unvalidated,2024201449760,2024,201449760,1,9,0,18,2,6,0,1,0,0,0,0,1,1,6,1,45,7,-1,-1,-1,-1,-1,-1,-1,0
Unvalidated,2024201449760,2024,201449760,2,9,0,3,2,6,0,1,0,0,0,0,2,1,6,2,38,7,-1,-1,-1,-1,-1,-1,-1,0
Unvalidated,2024201449766,2024,201449766,1,9,0,18,8,2,0,8,0,0,0,0,1,1,6,2,71,10,-1,-1,-1,-1,2,1,E01010010,0
Unvalidated,2024201449766,2024,201449766,2,9,0,9,4,2,0,5,0,0,0,0,4,1,5,1,51,8,-1,-1,-1,-1,5,1,E01009279,0
Unvalidated,2024201449791,2024,201449791,1,9,0,15,7,3,0,3,0,0,1,0,2,1,6,2,47,8,-1,-1,-1,-1,2,1,E01008892,0
Unvalidated,2024201449791,2024,201449791,2,8,0,18,7,3,0,3,0,0,0,0,1,1,1,1,41,7,-1,-1,-1,-1,3,1,E01009105,0
Unvalidated,2024201449841,2024,201449841,1,19,0,2,0,0,0,0,0,0,0,0,4,1,1,1,21,5,-1,-1,-1,-1,-1,-1,-1,0
Unvalidated,2024201449841,2024,201449841,2,19,0,1,5,1,0,0,0,8,0,0,2,1,5,1,34,6,-1,-1,-1,-1,1,1,E01009128,0
Unvalidated,2024201449856,2024,201449856,1,9,0,1,1,5,0,0,0,0,0,0,3,1,6,1,57,9,-1,-1,-1,-1,-1,-1,-1,0
Unvalidated,2024201449856,2024,201449856,2,90,0,18,5,1,0,0,0,0,0,0,1,1,5,1,25,5,-1,-1,-1,-1,2,1,E01009383,0
Unvalidated,2024201449907,2024,201449907,1,9,0,18,1,2,0,4,0,0,0,0,1,1,6,2,25,5,-1,-1,-1,-1,1,1,E01009339,0
Unvalidated,2024201449907,2024,201449907,2,9,0,5,5,8,0,3,0,0,0,0,1,1,2,1,42,7,-1,-1,-1,-1,1,1,E01033643,0
Unvalidated,2024201450000,2024,201450000,1,9,0,12,8,4,0,0,0,0,0,0,4,1,1,2,61,9,-1,-1,-1,-1,10,1,E01010229,0
Unvalidated,2024201450069,2024,201450069,1,19,0,18,7,3,0,0,0,0,0,0,1,1,5,3,-1,-1,-1,-1,-1,-1,-1,-1,-1,0
Unvalidated,2024201450072,2024,201450072,1,97,0,18,2,6,0,4,0,0,0,0,1,1,2,1,46,8,-1,-1,-1,-1,1,1,E01009700,0
Unvalidated,2024201450072,2024,201450072,2,9,0,18,2,4,0,3,0,0,0,0,1,1,2,1,52,8,-1,-1,-1,-1,-1,-1,-1,0
Unvalidated,2024201450074,2024,201450074,1,9,0,18,4,8,0,0,0,4,0,0,1,1,6,3,-1,-1,-1,-1,-1,-1,-1,-1,-1,0
Unvalidated,2024201450074,2024,201450074,2,9,0,2,0,0,0,0,0,0,0,0,2,1,6,3,-1,-1,-1,-1,-1,-1,-1,-1,-1,0
Unvalidated,2024201450074,2024,201450074,3,9,0,2,0,0,0,0,0,0,0,0,2,1,6,3,-1,-1,-1,-1,-1,-1,-1,-1,-1,0
Unvalidated,2024201450097,2024,201450097,1,3,0,18,2,6,0,2,1,0,0,0,4,1,5,1,34,6,-1,-1,-1,-1,1,1,E01033628,0
Unvalidated,2024201450123,2024,201450123,1,9,0,18,5,1,0,6,0,0,0,0,0,1,6,1,30,6,-1,-1,-1,-1,-1,-1,-1,0
Unvalidated,2024201450143,2024,201450143,1,11,0,18,6,2,0,2,0,0,0,0,2,1,1,1,59,9,-1,-1,-1,-1,7,1,E01009870,0
Unvalidated,2024201450160,2024,201450160,1,19,0,17,2,8,0,8,0,0,0,0,1,1,1,1,27,6,-1,-1,-1,-1,1,1,E01009378,0
Unvalidated,2024201450165,2024,201450165,1,9,0,18,2,4,0,0,0,0,0,0,0,1,6,3,-1,-1,-1,-1,-1,-1,-1,-1,-1,0
Unvalidated,2024201450165,2024,201450165,2,5,0,18,4,2,0,0,0,10,1,0,0,1,5,1,52,8,-1,-1,-1,-1,2,1,E01009596,0
Unvalidated,2024201450241,2024,201450241,1,9,0,17,4,2,0,0,0,0,0,0,1,1,5,2,30,6,-1,-1,-1,-1,3,1,E01010444,0
Unvalidated,2024201450241,2024,201450241,2,9,0,16,2,4,0,0,0,0,0,0,1,1,5,1,67,10,-1,-1,-1,-1,2,1,E01010279,0
Unvalidated,2024201450244,2024,201450244,1,9,0,1,2,6,9,1,0,0,0,0,2,1,6,1,33,6,-1,-1,-1,-1,2,1,E01010087,0
Unvalidated,2024201450250,2024,201450250,1,9,0,18,8,4,0,0,0,0,0,0,1,1,5,1,24,5,-1,-1,-1,-1,2,1,E01009340,0
Unvalidated,2024201450250,2024,201450250,2,9,0,18,4,8,0,0,0,0,0,0,1,1,5,1,36,7,-1,-1,-1,-1,2,1,E01009018,0
Unvalidated,2024201450278,2024,201450278,1,9,0,18,2,6,0,2,0,10,1,10,1,1,5,1,38,7,-1,-1,-1,-1,1,1,E01009306,0
Unvalidated,2024201450289,2024,201450289,1,9,0,18,8,2,0,0,0,0,0,0,4,1,3,1,43,7,-1,-1,-1,-1,1,1,E01009259,0
Unvalidated,2024201450401,2024,201450401,1,90,0,18,8,3,0,8,1,0,0,0,4,1,6,3,-1,-1,-1,-1,-1,-1,-1,-1,-1,0
Unvalidated,2024201450401,2024,201450401,2,9,0,10,6,4,0,6,0,0,0,0,1,1,2,1,65,9,-1,-1,-1,-1,2,1,E01009395,0
Unvalidated,2024201450412,2024,201450412,1,9,0,18,5,1,0,0,0,0,0,0,3,1,5,2,40,7,-1,-1,-1,-1,1,1,E01009136,0
Unvalidated,2024201450436,2024,201450436,1,8,0,18,6,2,0,0,0,0,0,0,1,1,6,1,63,9,-1,-1,-1,-1,1,1,E01010140,0
Unvalidated,2024201450464,2024,201450464,1,21,0,18,2,6,0,8,0,0,0,0,1,1,6,1,60,9,-1,-1,-1,-1,6,1,E01028458,0
Unvalidated,2024201450464,2024,201450464,2,9,0,5,8,4,0,6,0,0,0,0,1,1,6,3,-1,-1,-1,-1,-1,-1,-1,-1,-1,0
Unvalidated,2024201450492,2024,201450492,1,9,0,18,2,6,0,0,0,0,0,0,3,1,6,2,42,7,-1,-1,-1,-1,4,1,E01001187,0
Unvalidated,2024201450492,2024,201450492,2,9,0,18,2,6,0,0,0,0,0,0,1,1,6,2,26,6,-1,-1,-1,-1,4,1,E01009835,0
Unvalidated,2024201450592,2024,201450592,1,9,0,5,3,4,9,6,0,0,0,0,1,1,3,2,36,7,-1,-1,-1,-1,5,1,E01008951,0
Unvalidated,2024201450606,2024,201450606,1,9,0,18,5,1,0,8,0,0,0,0,1,1,6,3,-1,-1,-1,-1,-1,-1,-1,-1,-1,0
Unvalidated,2024201450606,2024,201450606,2,9,0,9,5,2,0,5,0,0,0,0,3,1,1,1,48,8,-1,-1,-1,-1,5,1,E01009159,0
Unvalidated,2024201450614,2024,201450614,1,9,0,18,4,8,0,8,0,0,3,0,1,1,6,1,22,5,-1,-1,-1,-1,3,1,E01010005,0
Unvalidated,2024201450614,2024,201450614,2,9,0,7,2,4,0,6,0,0,1,0,3,1,6,1,27,6,-1,-1,-1,-1,-1,-1,-1,0
Unvalidated,2024201450616,2024,201450616,1,9,0,5,6,2,0,6,0,0,0,0,4,1,2,1,35,6,-1,-1,-1,-1,-1,-1,-1,0
Unvalidated,2024201450652,2024,201450652,1,9,0,18,4,8,0,8,0,0,0,0,1,1,6,1,21,5,-1,-1,-1,-1,1,1,E01009092,0
Unvalidated,2024201450652,2024,201450652,2,8,0,18,7,3,0,6,0,0,0,0,2,1,2,1,67,10,-1,-1,-1,-1,4,1,E01009238,0
Unvalidated,2024201450654,2024,201450654,1,9,0,5,5,1,0,0,0,0,0,0,3,1,6,1,-1,-1,-1,-1,-1,-1,-1,-1,-1,0
Unvalidated,2024201450654,2024,201450654,2,1,0,14,5,1,0,0,0,0,0,0,1,1,6,1,45,7,-1,-1,-1,-1,5,1,E01033619,0
Unvalidated,2024201450664,2024,201450664,1,9,0,18,1,5,0,6,0,10,7,11,1,1,5,2,86,11,-1,-1,-1,-1,10,1,E01010156,0
Unvalidated,2024201450686,2024,201450686,1,9,0,18,6,2,0,0,0,0,0,0,1,1,6,3,-1,-1,-1,-1,-1,-1,-1,-1,-1,0
Unvalidated,2024201450750,2024,201450750,1,9,0,18,8,4,0,0,0,0,0,0,1,1,6,1,52,8,-1,-1,-1,-1,1,1,E01010288,0
Unvalidated,2024201450750,2024,201450750,2,9,0,18,5,8,0,0,0,0,0,0,1,1,6,1,60,9,-1,-1,-1,-1,6,1,E01029623,0
Unvalidated,2024201450753,2024,201450753,1,9,0,18,5,1,0,8,0,0,0,0,1,1,6,1,34,6,-1,-1,-1,-1,-1,-1,-1,0
Unvalidated,2024201450753,2024,201450753,2,9,0,3,5,1,0,1,0,0,0,0,2,1,5,1,28,6,-1,-1,-1,-1,4,1,E01009894,0
Unvalidated,2024201450753,2024,201450753,3,9,0,10,5,3,0,8,0,0,0,0,2,1,5,1,60,9,-1,-1,-1,-1,-1,-1,-1,0
Unvalidated,2024201450782,2024,201450782,1,90,0,18,2,6,0,0,0,0,0,0,1,1,1,1,35,6,-1,-1,-1,-1,4,1,E01009868,0
Unvalidated,2024201450799,2024,201450799,1,9,0,18,4,8,0,0,0,0,0,0,1,1,2,1,23,5,-1,-1,-1,-1,6,1,E01014146,0
Unvalidated,2024201450856,2024,201450856,1,9,0,18,2,6,0,1,0,0,0,0,1,1,6,3,-1,-1,-1,-1,-1,-1,-1,-1,-1,0
Unvalidated,2024201450856,2024,201450856,2,9,0,7,2,5,0,5,0,0,0,0,2,1,5,1,42,7,-1,-1,-1,-1,-1,-1,-1,0
Unvalidated,2024201450895,2024,201450895,1,9,0,5,6,2,0,6,0,0,0,0,4,1,6,1,-1,-1,-1,-1,-1,-1,-1,-1,-1,0
Unvalidated,2024201450895,2024,201450895,2,8,0,18,4,8,0,8,0,0,0,0,1,1,6,1,56,9,-1,-1,-1,-1,-1,-1,-1,0
Unvalidated,2024201450909,2024,201450909,1,9,0,18,8,4,0,1,0,0,0,0,1,1,6,1,30,6,-1,-1,-1,-1,-1,-1,-1,0
Unvalidated,2024201450909,2024,201450909,2,9,0,18,8,4,0,1,0,0,0,0,2,1,5,2,62,9,-1,-1,-1,-1,9,1,E01013579,0
Unvalidated,2024201450949,2024,201450949,1,9,0,18,7,3,0,0,0,0,0,0,1,1,6,2,65,9,-1,-1,-1,-1,6,1,E01008965,0
Unvalidated,2024201450960,2024,201450960,1,9,0,18,3,8,0,1,0,0,0,0,4,1,5,2,41,7,-1,-1,-1,-1,1,1,E01010453,0
Unvalidated,2024201450978,2024,201450978,1,9,0,6,3,3,0,0,0,0,0,0,1,1,5,2,75,10,-1,-1,-1,-1,10,1,E01009444,0
Unvalidated,2024201450978,2024,201450978,2,1,0,18,7,3,0,0,0,0,0,0,1,1,5,1,33,6,-1,-1,-1,-1,10,1,E01009470,0
Unvalidated,2024201450996,2024,201450996,1,9,0,9,2,8,0,5,0,0,0,0,1,1,5,1,55,8,-1,-1,-1,-1,7,1,E01010504,0
Unvalidated,2024201451066,2024,201451066,1,9,0,14,2,4,0,5,0,0,0,0,1,1,6,3,20,4,-1,-1,-1,-1,-1,-1,-1,0
Unvalidated,2024201451066,2024,201451066,2,9,0,7,2,4,0,8,0,0,0,0,2,1,5,1,42,7,-1,-1,-1,-1,4,1,E01000609,0
Unvalidated,2024201451078,2024,201451078,1,9,0,7,3,5,0,5,0,0,0,0,1,1,6,1,21,5,-1,-1,-1,-1,1,1,E01009889,0
Unvalidated,2024201451078,2024,201451078,2,9,0,9,3,1,0,6,0,0,0,0,3,1,5,1,77,11,-1,-1,-1,-1,5,3,E01029645,0
Unvalidated,2024201451096,2024,201451096,1,9,0,18,2,6,9,0,1,0,1,0,1,1,6,1,25,5,-1,-1,-1,-1,6,1,E01010221,0
Unvalidated,2024201451096,2024,201451096,2,9,0,2,0,0,9,0,1,0,0,0,2,1,6,3,-1,-1,-1,-1,-1,-1,-1,-1,-1,0
Unvalidated,2024201451096,2024,201451096,3,9,0,2,0,0,9,0,0,0,0,0,2,1,6,3,-1,-1,-1,-1,-1,-1,-1,-1,-1,0
Unvalidated,2024201451096,2024,201451096,4,9,0,2,0,0,9,0,0,0,0,0,2,1,6,3,-1,-1,-1,-1,-1,-1,-1,-1,-1,0
Unvalidated,2024201451096,2024,201451096,5,9,0,18,1,6,0,0,0,0,0,0,0,1,5,2,28,6,-1,-1,-1,-1,5,1,E01009234,0
Unvalidated,2024201451097,2024,201451097,1,8,0,18,2,6,0,0,0,0,0,0,1,1,1,1,53,8,-1,-1,-1,-1,-1,-1,-1,0
Unvalidated,2024201451097,2024,201451097,2,1,0,18,4,8,0,0,0,0,0,0,1,1,6,1,12,3,-1,-1,-1,-1,-1,-1,-1,0
Unvalidated,2024201451146,2024,201451146,1,9,0,18,6,2,0,6,0,0,0,0,0,1,6,2,-1,-1,-1,-1,-1,-1,-1,-1,-1,0