status,collision_index,collision_year,collision_reference,vehicle_reference,vehicle_type,towing_and_articulation,vehicle_manoeuvre,vehicle_direction_from,vehicle_direction_to,vehicle_location_restricted_lane,junction_location,skidding_and_overturning,hit_object_in_carriageway,vehicle_leaving_carriageway,hit_object_off_carriageway,first_point_of_impact,vehicle_left_hand_drive,journey_purpose_of_driver,sex_of_driver,age_of_driver,age_band_of_driver,engine_capacity_cc,propulsion_code,age_of_vehicle,generic_make_model,driver_imd_decile,driver_home_area_type,lsoa_of_driver,escooter_flag
Unvalidated,2024201451146,2024,201451146,2,9,0,3,7,6,0,1,0,0,0,0,4,1,6,2,19,4,-1,-1,-1,-1,-1,-1,-1,0
Unvalidated,2024201451163,2024,201451163,1,9,0,18,8,4,0,0,0,0,0,0,1,1,6,1,-1,-1,-1,-1,-1,-1,-1,-1,-1,0
Unvalidated,2024201451163,2024,201451163,2,1,0,18,3,7,0,0,0,0,0,0,3,1,5,1,22,5,-1,-1,-1,-1,6,1,E01009531,0
Unvalidated,2024201451229,2024,201451229,1,9,0,18,4,8,0,0,0,0,0,0,1,1,6,1,27,6,-1,-1,-1,-1,-1,-1,-1,0
Unvalidated,2024201451229,2024,201451229,2,9,0,4,4,8,0,0,0,0,0,0,2,1,6,1,55,8,-1,-1,-1,-1,-1,-1,-1,0
Unvalidated,2024201451246,2024,201451246,1,8,0,9,1,2,0,4,0,0,0,0,2,1,6,3,47,8,-1,-1,-1,-1,-1,-1,-1,0
Unvalidated,2024201451246,2024,201451246,2,1,0,18,7,3,0,8,0,0,0,0,2,1,6,1,18,4,-1,-1,-1,-1,2,1,E01009233,0
Unvalidated,2024201451269,2024,201451269,1,9,0,18,6,2,0,0,0,0,0,0,0,1,6,1,-1,-1,-1,-1,-1,-1,8,1,E01002478,0
Unvalidated,2024201451309,2024,201451309,1,9,0,18,5,1,0,1,0,0,0,0,1,1,5,2,50,8,-1,-1,-1,-1,3,1,E01010523,0
Unvalidated,2024201451309,2024,201451309,2,9,0,18,5,1,0,1,0,0,0,0,2,1,5,2,23,5,-1,-1,-1,-1,2,1,E01010529,0
Unvalidated,2024201451309,2024,201451309,3,9,0,18,5,1,0,1,0,0,0,0,2,1,5,2,50,8,-1,-1,-1,-1,1,1,E01010511,0
Unvalidated,2024201451388,2024,201451388,1,9,0,12,8,4,0,0,0,0,0,0,2,1,6,1,21,5,-1,-1,-1,-1,1,1,E01008913,0
Unvalidated,2024201451388,2024,201451388,2,9,0,18,8,4,0,0,0,0,0,0,4,1,6,1,33,6,-1,-1,-1,-1,8,1,E01009464,0
Unvalidated,2024201451388,2024,201451388,3,9,0,18,8,4,0,0,0,0,0,0,3,1,6,1,22,5,-1,-1,-1,-1,3,1,E01009256,0
Unvalidated,2024201451440,2024,201451440,1,9,0,5,5,8,0,0,0,0,0,0,3,1,6,1,40,7,-1,-1,-1,-1,1,1,E01009079,0
Unvalidated,2024201451440,2024,201451440,2,9,0,5,8,7,0,0,0,0,0,0,4,1,5,1,32,6,-1,-1,-1,-1,-1,-1,-1,0
Unvalidated,2024201451441,2024,201451441,1,9,0,18,5,1,0,8,0,0,0,0,1,1,6,1,20,4,-1,-1,-1,-1,3,1,E01009216,0
Unvalidated,2024201451441,2024,201451441,2,9,0,6,5,5,0,8,0,0,0,0,3,1,6,2,28,6,-1,-1,-1,-1,-1,-1,-1,0
Unvalidated,2024201451441,2024,201451441,3,9,0,18,1,5,0,8,0,0,0,0,1,1,6,2,44,7,-1,-1,-1,-1,8,1,E01009465,0
Unvalidated,2024201451513,2024,201451513,1,9,0,18,4,8,0,0,0,4,0,0,1,1,6,1,18,4,-1,-1,-1,-1,-1,-1,-1,0
Unvalidated,2024201451513,2024,201451513,2,9,0,2,0,0,0,0,0,0,0,0,2,1,6,1,30,6,-1,-1,-1,-1,3,1,E01010178,0
Unvalidated,2024201451521,2024,201451521,1,9,0,3,8,4,0,1,0,0,0,0,1,1,2,1,34,6,-1,-1,-1,-1,9,1,E01031235,0
Unvalidated,2024201451521,2024,201451521,2,9,0,1,4,8,0,2,0,0,0,0,2,1,6,1,-1,-1,-1,-1,-1,-1,4,1,E01009497,0
Unvalidated,2024201451559,2024,201451559,1,9,0,6,-1,-1,0,0,0,0,0,0,2,1,6,1,-1,-1,-1,-1,-1,-1,1,1,E01009352,0
Unvalidated,2024201451559,2024,201451559,2,9,0,2,-1,-1,0,0,0,0,0,0,2,1,6,1,36,7,-1,-1,-1,-1,1,1,E01009160,0
Unvalidated,2024201451578,2024,201451578,1,9,0,13,1,5,0,4,0,0,0,0,3,1,6,1,40,7,-1,-1,-1,-1,-1,-1,-1,0
Unvalidated,2024201451578,2024,201451578,2,4,0,7,1,3,0,4,5,0,0,0,4,1,1,1,20,4,-1,-1,-1,-1,2,1,E01010239,0
Unvalidated,2024201451587,2024,201451587,1,9,0,11,8,4,0,0,0,0,0,0,4,1,2,2,62,9,-1,-1,-1,-1,9,1,E01009787,0
Unvalidated,2024201451587,2024,201451587,2,3,0,11,7,1,0,0,0,0,0,0,3,1,2,1,19,4,-1,-1,-1,-1,4,1,E01009750,0
Unvalidated,2024201451639,2024,201451639,1,8,0,9,8,6,0,6,0,0,0,0,0,1,1,1,25,5,-1,-1,-1,-1,-1,-1,-1,0
Unvalidated,2024201451677,2024,201451677,1,9,0,1,2,6,0,0,0,0,0,0,0,1,6,3,18,4,-1,-1,-1,-1,-1,-1,-1,0
Unvalidated,2024201451709,2024,201451709,1,9,0,9,5,3,0,6,0,0,0,0,1,1,6,3,-1,-1,-1,-1,-1,-1,-1,-1,-1,0
Unvalidated,2024201451709,2024,201451709,2,9,0,18,8,4,0,8,0,10,7,0,3,1,3,2,25,5,-1,-1,-1,-1,-1,-1,-1,0
Unvalidated,2024201451772,2024,201451772,1,21,4,7,7,2,0,0,0,0,0,0,1,1,6,3,-1,-1,-1,-1,-1,-1,-1,-1,-1,0
Unvalidated,2024201451772,2024,201451772,2,9,0,7,7,2,0,0,0,0,0,0,2,1,6,2,51,8,-1,-1,-1,-1,1,1,E01013600,0
Unvalidated,2024201451814,2024,201451814,1,9,0,18,6,2,0,1,0,0,0,0,1,1,6,1,35,6,-1,-1,-1,-1,-1,-1,-1,0
Unvalidated,2024201451814,2024,201451814,2,9,0,10,6,4,0,1,0,0,0,0,4,1,5,2,34,6,-1,-1,-1,-1,1,1,E01008940,0
Unvalidated,2024201451895,2024,201451895,1,9,0,18,3,5,0,1,0,0,0,0,1,1,6,1,-1,-1,-1,-1,-1,-1,-1,-1,-1,0
Unvalidated,2024201451895,2024,201451895,2,19,0,2,0,0,0,2,0,0,0,0,2,1,6,1,39,7,-1,-1,-1,-1,1,1,E01009988,0
Unvalidated,2024201451895,2024,201451895,3,9,0,2,0,0,0,2,0,0,0,0,1,1,6,1,52,8,-1,-1,-1,-1,1,1,E01009988,0
Unvalidated,2024201451895,2024,201451895,4,9,0,2,0,0,0,2,0,0,0,0,1,1,6,3,-1,-1,-1,-1,-1,-1,-1,-1,-1,0
Unvalidated,2024201451909,2024,201451909,1,9,0,9,8,5,0,5,1,0,0,0,3,1,5,1,47,8,-1,-1,-1,-1,2,1,E01008897,0
Unvalidated,2024201451909,2024,201451909,2,9,0,18,8,4,0,1,2,10,7,2,1,1,1,1,19,4,-1,-1,-1,-1,1,1,E01009194,0
Unvalidated,2024201451932,2024,201451932,1,9,0,9,6,4,0,5,0,0,0,0,1,1,1,2,26,6,-1,-1,-1,-1,2,1,E01009161,0
Unvalidated,2024201451932,2024,201451932,2,9,0,18,6,2,0,8,0,0,0,0,4,1,2,1,35,6,-1,-1,-1,-1,8,1,E01009252,0
Unvalidated,2024201452007,2024,201452007,1,9,0,18,5,1,0,1,0,0,0,0,1,1,6,1,60,9,-1,-1,-1,-1,-1,-1,-1,0
Unvalidated,2024201452014,2024,201452014,1,19,0,18,3,7,0,1,0,0,0,0,1,1,6,1,25,5,-1,-1,-1,-1,2,1,E01010472,0
Unvalidated,2024201452014,2024,201452014,2,9,0,18,3,7,0,1,0,0,0,0,2,1,6,1,36,7,-1,-1,-1,-1,1,1,E01010430,0
Unvalidated,2024201452014,2024,201452014,3,9,0,18,3,7,0,1,0,0,0,0,2,1,6,2,34,6,-1,-1,-1,-1,-1,-1,-1,0
Unvalidated,2024201452054,2024,201452054,1,9,0,18,2,6,0,0,5,0,0,0,1,1,6,1,37,7,-1,-1,-1,-1,1,1,E01009215,0
Unvalidated,2024201452054,2024,201452054,2,9,0,2,0,0,0,0,0,0,0,0,2,1,6,2,53,8,-1,-1,-1,-1,3,1,E01008957,0
Unvalidated,2024201452054,2024,201452054,3,9,0,2,0,0,0,0,0,0,0,0,2,1,6,1,-1,-1,-1,-1,-1,-1,-1,-1,-1,0
Unvalidated,2024201452058,2024,201452058,1,9,0,18,7,3,0,0,0,0,0,0,1,1,1,1,50,8,-1,-1,-1,-1,-1,-1,-1,0
Unvalidated,2024201452135,2024,201452135,1,9,0,11,4,8,0,1,0,0,0,0,3,1,6,1,36,7,-1,-1,-1,-1,5,1,E01010306,0
Unvalidated,2024201452135,2024,201452135,2,9,0,10,4,3,0,8,0,0,0,0,2,1,2,1,36,7,-1,-1,-1,-1,3,1,E01009887,0
Unvalidated,2024201452184,2024,201452184,1,9,0,9,2,8,0,5,0,0,0,0,1,1,3,2,44,7,-1,-1,-1,-1,7,1,E01009529,0
Unvalidated,2024201452283,2024,201452283,1,9,0,18,4,8,0,0,2,10,1,4,1,1,6,1,41,7,-1,-1,-1,-1,7,3,E01022182,0
Unvalidated,2024201452335,2024,201452335,1,9,0,18,6,2,0,0,0,0,0,0,1,1,6,1,17,4,-1,-1,-1,-1,5,1,E01009948,0
Unvalidated,2024201452335,2024,201452335,2,9,0,3,6,2,0,0,0,0,0,0,2,1,2,1,60,9,-1,-1,-1,-1,5,1,E01032592,0
Unvalidated,2024201452369,2024,201452369,1,9,0,18,8,4,0,0,0,10,1,2,1,1,6,1,63,9,-1,-1,-1,-1,1,1,E01009272,0
Unvalidated,2024201452410,2024,201452410,1,9,0,7,4,7,0,5,0,0,0,0,4,1,6,2,35,6,-1,-1,-1,-1,-1,-1,-1,0
Unvalidated,2024201452410,2024,201452410,2,1,0,18,6,2,0,8,0,0,0,0,1,1,1,2,50,8,-1,-1,-1,-1,2,1,E01009385,0
Unvalidated,2024201452443,2024,201452443,1,3,0,15,5,1,0,8,0,0,0,0,1,1,6,1,43,7,-1,-1,-1,-1,4,1,E01009879,0
Unvalidated,2024201452443,2024,201452443,2,9,0,7,3,7,0,5,0,0,0,0,4,1,6,2,44,7,-1,-1,-1,-1,-1,-1,-1,0
Unvalidated,2024201452482,2024,201452482,1,9,0,13,8,4,0,1,0,0,0,0,1,1,6,3,-1,-1,-1,-1,-1,-1,-1,-1,-1,0
Unvalidated,2024201452482,2024,201452482,2,9,0,18,8,4,0,2,0,0,0,0,1,1,6,1,77,11,-1,-1,-1,-1,1,1,E01010289,0
Unvalidated,2024201452491,2024,201452491,1,9,0,18,4,8,0,0,0,0,0,0,1,1,5,1,25,5,-1,-1,-1,-1,5,1,E01009240,0
Unvalidated,2024201452491,2024,201452491,2,9,0,18,3,8,0,0,0,0,0,0,4,1,5,1,50,8,-1,-1,-1,-1,1,1,E01009308,0
Unvalidated,2024201452509,2024,201452509,1,9,5,18,6,2,0,0,0,0,0,0,1,1,6,3,-1,-1,-1,-1,-1,-1,-1,-1,-1,0
Unvalidated,2024201452509,2024,201452509,2,9,0,18,6,2,0,0,0,0,0,0,2,1,6,3,-1,-1,-1,-1,-1,-1,-1,-1,-1,0
Unvalidated,2024201452569,2024,201452569,1,97,0,18,2,6,0,0,0,0,0,0,1,1,6,1,-1,-1,-1,-1,-1,-1,-1,-1,-1,0
Unvalidated,2024201452569,2024,201452569,2,19,0,2,0,0,0,0,0,0,0,0,2,1,6,1,50,8,-1,-1,-1,-1,2,1,E01032278,0
Unvalidated,2024201452569,2024,201452569,3,19,0,18,2,6,0,0,0,0,0,0,2,1,6,2,43,7,-1,-1,-1,-1,1,1,E01009502,0
Unvalidated,2024201452569,2024,201452569,4,8,0,2,0,0,0,0,0,0,0,0,2,1,6,1,42,7,-1,-1,-1,-1,1,1,E01009073,0
Unvalidated,2024201452573,2024,201452573,1,19,0,7,3,5,0,8,2,10,8,0,4,1,5,1,49,8,-1,-1,-1,-1,9,1,E01009472,0
Unvalidated,2024201452573,2024,201452573,2,8,0,18,4,8,0,8,0,0,0,0,3,1,5,1,46,8,-1,-1,-1,-1,6,1,E01009126,0
Unvalidated,2024201452587,2024,201452587,1,9,0,9,4,1,0,6,0,0,0,0,1,1,6,1,45,7,-1,-1,-1,-1,-1,-1,-1,0
Unvalidated,2024201452587,2024,201452587,2,19,0,18,1,5,0,8,0,0,0,0,4,1,1,1,26,6,-1,-1,-1,-1,2,1,E01009596,0
Unvalidated,2024201452600,2024,201452600,1,9,0,9,7,5,0,5,0,0,0,0,1,1,6,1,-1,-1,-1,-1,-1,-1,1,1,E01010067,0
Unvalidated,2024201452600,2024,201452600,2,9,0,18,3,7,0,8,0,0,0,0,3,1,6,2,39,7,-1,-1,-1,-1,2,1,E01010562,0
Unvalidated,2024201452604,2024,201452604,1,9,0,9,1,6,0,5,0,0,0,0,4,1,1,1,26,6,-1,-1,-1,-1,3,1,E01017711,0
Unvalidated,2024201452604,2024,201452604,2,9,0,18,4,8,0,8,0,0,0,0,1,1,6,2,21,5,-1,-1,-1,-1,3,1,E01008989,0
Unvalidated,2024201452615,2024,201452615,1,9,0,7,6,3,0,6,0,0,0,0,4,1,6,2,43,7,-1,-1,-1,-1,1,1,E01009053,0
Unvalidated,2024201452625,2024,201452625,1,9,0,14,1,5,0,8,0,0,0,0,1,1,5,3,-1,-1,-1,-1,-1,-1,-1,-1,-1,0
Unvalidated,2024201452625,2024,201452625,2,9,0,3,1,5,0,8,0,0,0,0,3,1,1,1,42,7,-1,-1,-1,-1,1,1,E01033644,0
Unvalidated,2024201452658,2024,201452658,1,9,0,9,2,8,0,6,0,0,0,0,1,1,6,2,46,8,-1,-1,-1,-1,-1,-1,-1,0
Unvalidated,2024201452669,2024,201452669,1,9,0,9,2,8,0,5,0,0,0,0,1,1,6,2,46,8,-1,-1,-1,-1,2,1,E01010004,0
Unvalidated,2024201452688,2024,201452688,1,9,0,7,1,3,0,6,0,7,7,5,2,1,5,1,67,10,-1,-1,-1,-1,1,1,E01009951,0
Unvalidated,2024201452696,2024,201452696,1,19,0,18,2,4,0,8,0,0,0,0,1,1,6,3,-1,-1,-1,-1,-1,-1,-1,-1,-1,0
Unvalidated,2024201452696,2024,201452696,2,9,0,18,2,6,0,3,0,0,0,0,2,1,6,2,42,7,-1,-1,-1,-1,4,1,E01010377,0
Unvalidated,2024201452696,2024,201452696,3,9,0,18,8,4,0,3,0,0,0,0,2,1,6,2,54,8,-1,-1,-1,-1,4,1,E01009861,0
Unvalidated,2024201452705,2024,201452705,1,9,0,4,2,6,0,0,0,10,3,0,1,1,5,2,28,6,-1,-1,-1,-1,1,1,E01010490,0
Unvalidated,2024201452832,2024,201452832,1,8,0,18,2,6,0,1,0,0,0,0,1,1,6,1,50,8,-1,-1,-1,-1,2,1,E01009840,0
Unvalidated,2024201452844,2024,201452844,1,9,0,7,8,2,9,6,0,0,0,0,4,1,2,2,53,8,-1,-1,-1,-1,10,3,E01010181,0
Unvalidated,2024201452844,2024,201452844,2,1,0,18,2,4,9,8,0,0,0,0,1,1,6,1,19,4,-1,-1,-1,-1,-1,-1,-1,0
Unvalidated,2024201452880,2024,201452880,1,9,0,18,3,7,0,1,0,0,0,0,1,1,6,1,40,7,-1,-1,-1,-1,-1,-1,-1,0
Unvalidated,2024201452894,2024,201452894,1,9,0,17,8,5,0,0,1,10,7,3,1,1,6,1,59,9,-1,-1,-1,-1,2,1,E01010090,0
Unvalidated,2024201452907,2024,201452907,1,9,0,7,4,6,0,6,0,0,0,0,1,1,5,1,18,4,-1,-1,-1,-1,1,1,E01009202,0
Unvalidated,2024201452907,2024,201452907,2,9,0,18,2,6,0,8,0,0,0,0,1,1,5,1,32,6,-1,-1,-1,-1,3,1,E01009232,0
Unvalidated,2024201452956,2024,201452956,1,3,0,18,7,3,0,0,0,0,0,0,1,1,5,1,19,4,-1,-1,-1,-1,1,1,E01009364,0
Unvalidated,2024201452988,2024,201452988,1,9,0,18,4,8,0,0,0,0,0,0,1,1,6,3,20,4,-1,-1,-1,-1,-1,-1,-1,0
Unvalidated,2024201452991,2024,201452991,1,9,0,18,6,2,0,0,0,0,0,0,4,1,6,3,-1,-1,-1,-1,-1,-1,-1,-1,-1,0
Unvalidated,2024201453021,2024,201453021,1,9,0,18,8,4,0,8,0,0,0,0,1,1,6,1,26,6,-1,-1,-1,-1,2,1,E01009101,0
Unvalidated,2024201453021,2024,201453021,2,90,5,18,2,6,0,8,0,0,0,0,4,1,6,2,41,7,-1,-1,-1,-1,-1,-1,-1,0
Unvalidated,2024201453040,2024,201453040,1,9,0,13,2,6,0,1,0,10,1,0,1,1,6,3,-1,-1,-1,-1,-1,-1,-1,-1,-1,0
Unvalidated,2024201453040,2024,201453040,2,9,0,3,2,6,0,1,1,10,1,0,2,1,5,2,54,8,-1,-1,-1,-1,8,1,E01009464,0
Unvalidated,2024201453053,2024,201453053,1,1,0,18,1,5,0,6,0,0,0,0,1,1,6,1,13,3,-1,-1,-1,-1,1,1,E01010142,0
Unvalidated,2024201453053,2024,201453053,2,9,0,18,7,3,0,8,0,0,0,0,4,1,6,2,35,6,-1,-1,-1,-1,1,1,E01010125,0
Unvalidated,2024201453138,2024,201453138,1,9,0,18,8,4,0,0,0,4,0,0,1,1,6,1,19,4,-1,-1,-1,-1,-1,-1,-1,0
Unvalidated,2024201453138,2024,201453138,2,9,0,2,0,0,0,0,0,0,0,0,1,1,6,3,-1,-1,-1,-1,-1,-1,-1,-1,-1,0
Unvalidated,2024201453141,2024,201453141,1,9,0,9,8,6,0,6,0,8,0,0,3,1,6,1,49,8,-1,-1,-1,-1,4,1,E01009250,0
Unvalidated,2024201453141,2024,201453141,2,4,0,18,6,2,0,8,0,8,0,0,1,1,5,1,62,9,-1,-1,-1,-1,6,1,E01010079,0
Unvalidated,2024201453145,2024,201453145,1,19,0,1,4,8,0,0,0,0,0,0,2,1,6,3,25,5,-1,-1,-1,-1,-1,-1,-1,0
Unvalidated,2024201453145,2024,201453145,2,9,0,18,8,4,0,0,0,0,0,0,3,1,1,1,37,7,-1,-1,-1,-1,6,1,E01009976,0
Unvalidated,2024201453171,2024,201453171,1,9,0,15,1,5,0,1,1,4,0,0,4,1,5,2,23,5,-1,-1,-1,-1,3,1,E01009757,0
Unvalidated,2024201453171,2024,201453171,2,9,0,3,1,5,0,1,0,0,0,0,2,1,5,1,59,9,-1,-1,-1,-1,-1,-1,-1,0
Unvalidated,2024201453171,2024,201453171,3,8,0,3,1,5,0,2,0,0,0,0,2,1,1,1,39,7,-1,-1,-1,-1,-1,-1,-1,0
Unvalidated,2024201453180,2024,201453180,1,19,0,18,3,7,0,4,0,0,0,0,1,1,6,1,57,9,-1,-1,-1,-1,-1,-1,-1,0
Unvalidated,2024201453180,2024,201453180,2,1,0,18,1,5,0,3,0,0,0,0,4,1,2,1,25,5,-1,-1,-1,-1,5,1,E01009873,0
Unvalidated,2024201453219,2024,201453219,1,9,0,16,4,7,0,8,0,0,0,0,4,1,6,1,30,6,-1,-1,-1,-1,4,1,E01008973,0
Unvalidated,2024201453219,2024,201453219,2,9,0,9,6,4,0,6,0,10,3,0,3,1,6,1,28,6,-1,-1,-1,-1,2,1,E01010065,0
Unvalidated,2024201453227,2024,201453227,1,9,0,18,1,5,0,0,0,0,0,0,1,1,6,1,30,6,-1,-1,-1,-1,3,1,E01010479,0
Unvalidated,2024201453274,2024,201453274,1,9,0,18,7,3,0,0,0,0,0,0,1,1,6,2,-1,-1,-1,-1,-1,-1,-1,-1,-1,0
Unvalidated,2024201453274,2024,201453274,2,9,0,3,7,3,0,0,0,0,0,0,2,1,5,2,32,6,-1,-1,-1,-1,1,1,E01009322,0
Unvalidated,2024201453287,2024,201453287,1,9,0,18,5,1,0,6,0,0,1,0,1,1,6,2,30,6,-1,-1,-1,-1,1,1,E01009026,0
Unvalidated,2024201453287,2024,201453287,2,9,0,18,7,3,0,8,0,0,0,0,1,1,6,1,36,7,-1,-1,-1,-1,3,1,E01031177,0
Unvalidated,2024201453306,2024,201453306,1,9,0,18,7,3,0,0,0,0,0,0,1,1,5,2,41,7,-1,-1,-1,-1,2,1,E01010563,0
Unvalidated,2024201453306,2024,201453306,2,9,0,18,7,3,0,0,0,0,0,0,2,1,5,2,42,7,-1,-1,-1,-1,8,1,E01010395,0
Unvalidated,2024201453306,2024,201453306,3,9,0,4,7,3,0,0,0,0,0,0,2,1,5,1,27,6,-1,-1,-1,-1,1,1,E01010415,0
Unvalidated,2024201453321,2024,201453321,1,9,0,14,2,6,0,0,0,4,0,0,4,1,6,1,50,8,-1,-1,-1,-1,-1,-1,-1,0
Unvalidated,2024201453321,2024,201453321,2,9,0,2,0,0,0,0,0,0,0,0,2,1,1,1,33,6,-1,-1,-1,-1,1,1,E01009514,0
Unvalidated,2024201453353,2024,201453353,1,9,0,9,8,6,0,8,0,0,0,0,1,1,5,1,21,5,-1,-1,-1,-1,2,1,E01010102,0
Unvalidated,2024201453353,2024,201453353,2,9,0,18,4,8,0,8,0,10,1,0,1,1,5,2,38,7,-1,-1,-1,-1,2,1,E01009935,0
Unvalidated,2024201453390,2024,201453390,1,9,0,1,0,0,0,0,0,4,0,0,3,1,1,1,36,7,-1,-1,-1,-1,5,1,E01009246,0
Unvalidated,2024201453390,2024,201453390,2,9,0,2,0,0,0,0,0,0,0,0,4,1,6,3,-1,-1,-1,-1,-1,-1,-1,-1,-1,0
Unvalidated,2024201453390,2024,201453390,3,9,0,2,0,0,0,0,0,0,0,0,4,1,6,3,-1,-1,-1,-1,-1,-1,-1,-1,-1,0
Unvalidated,2024201453390,2024,201453390,4,8,0,2,0,0,0,0,0,0,0,0,4,1,6,3,-1,-1,-1,-1,-1,-1,-1,-1,-1,0
Unvalidated,2024201453390,2024,201453390,5,9,0,2,0,0,0,0,0,0,0,0,4,1,6,3,-1,-1,-1,-1,-1,-1,-1,-1,-1,0
Unvalidated,2024201453390,2024,201453390,6,8,0,2,0,0,0,0,0,0,0,0,4,1,6,3,-1,-1,-1,-1,-1,-1,-1,-1,-1,0
Unvalidated,2024201453399,2024,201453399,1,19,0,18,1,4,0,1,0,0,0,0,1,1,5,1,38,7,-1,-1,-1,-1,1,1,E01009540,0
Unvalidated,2024201453399,2024,201453399,2,9,0,8,1,3,0,4,0,0,0,0,2,1,5,1,27,6,-1,-1,-1,-1,1,1,E01009611,0
Unvalidated,2024201453404,2024,201453404,1,9,0,18,6,2,0,0,0,10,7,11,1,1,5,1,47,8,-1,-1,-1,-1,10,1,E01010176,0
Unvalidated,2024201453404,2024,201453404,2,9,0,18,2,6,0,0,0,0,0,0,3,1,1,2,55,8,-1,-1,-1,-1,4,1,E01009030,0
Unvalidated,2024201453404,2024,201453404,3,9,0,2,0,0,9,0,0,0,0,0,2,1,6,3,-1,-1,-1,-1,-1,-1,-1,-1,-1,0
Unvalidated,2024201453425,2024,201453425,1,9,0,18,3,7,0,0,0,0,0,0,1,1,6,3,-1,-1,-1,-1,-1,-1,-1,-1,-1,0
Unvalidated,2024201453425,2024,201453425,2,9,0,18,3,7,0,0,0,0,0,0,2,1,6,1,29,6,-1,-1,-1,-1,2,1,E01009642,0
Unvalidated,2024201453454,2024,201453454,1,9,0,18,5,1,0,1,0,0,0,0,1,1,6,1,51,8,-1,-1,-1,-1,6,1,E01009041,0
Unvalidated,2024201453476,2024,201453476,1,9,0,18,3,7,0,8,0,0,0,0,1,1,6,3,40,7,-1,-1,-1,-1,-1,-1,-1,0
Unvalidated,2024201453476,2024,201453476,2,9,0,18,5,1,0,6,0,0,0,0,3,1,5,1,53,8,-1,-1,-1,-1,1,1,E01009198,0
Unvalidated,2024201453489,2024,201453489,1,9,0,18,6,4,0,2,0,4,0,0,1,1,6,1,30,6,-1,-1,-1,-1,-1,-1,-1,0
Unvalidated,2024201453489,2024,201453489,2,9,0,18,8,4,0,8,1,4,0,0,3,1,5,1,33,6,-1,-1,-1,-1,6,1,E01009419,0
Unvalidated,2024201453514,2024,201453514,1,-1,0,18,8,4,0,0,0,0,0,0,0,1,6,3,23,5,-1,-1,-1,-1,-1,-1,-1,0
Unvalidated,2024201453514,2024,201453514,2,-1,0,18,8,4,0,0,0,0,0,0,0,1,6,3,25,5,-1,-1,-1,-1,-1,-1,-1,0
Unvalidated,2024201453549,2024,201453549,1,9,0,9,7,3,0,0,0,0,0,0,3,1,6,1,43,7,-1,-1,-1,-1,-1,-1,-1,0
Unvalidated,2024201453549,2024,201453549,2,9,0,18,5,1,0,0,0,0,0,0,1,1,6,1,30,6,-1,-1,-1,-1,5,1,E01009244,0
Unvalidated,2024201453601,2024,201453601,1,9,0,18,6,2,0,2,0,0,0,0,1,1,2,2,28,6,-1,-1,-1,-1,10,1,E01029485,0
Unvalidated,2024201453616,2024,201453616,1,9,0,4,3,7,0,8,1,10,1,1,1,1,6,2,44,7,-1,-1,-1,-1,1,1,E01033645,0
Unvalidated,2024201453624,2024,201453624,1,2,0,3,4,2,0,4,0,0,0,0,2,1,2,1,55,8,-1,-1,-1,-1,1,1,E01009134,0
Unvalidated,2024201453624,2024,201453624,2,9,0,17,1,5,0,4,0,0,0,0,1,1,6,1,45,7,-1,-1,-1,-1,5,1,E01009504,0
Unvalidated,2024201453637,2024,201453637,1,9,0,18,3,7,0,0,0,4,0,0,4,1,3,2,37,7,-1,-1,-1,-1,4,1,E01009243,0
Unvalidated,2024201453637,2024,201453637,2,9,0,5,3,7,0,0,0,0,0,0,3,1,1,1,54,8,-1,-1,-1,-1,9,1,E01009816,0
Unvalidated,2024201453637,2024,201453637,3,9,0,2,0,0,0,0,0,0,0,0,1,1,6,1,41,7,-1,-1,-1,-1,5,1,E01009245,0
Unvalidated,2024201453653,2024,201453653,1,9,0,5,4,2,0,2,0,0,0,0,1,1,5,1,32,6,-1,-1,-1,-1,-1,-1,-1,0
Unvalidated,2024201453653,2024,201453653,2,9,0,18,8,4,0,1,0,0,0,0,1,1,5,2,21,5,-1,-1,-1,-1,-1,-1,-1,0
Unvalidated,2024201453660,2024,201453660,1,9,0,13,2,6,0,0,0,0,0,0,1,1,6,3,30,6,-1,-1,-1,-1,-1,-1,-1,0
Unvalidated,2024201453660,2024,201453660,2,9,0,18,2,6,0,0,0,0,0,0,2,1,5,2,29,6,-1,-1,-1,-1,1,1,E01009326,0
Unvalidated,2024201453674,2024,201453674,1,9,0,18,6,2,0,0,0,0,0,0,3,1,5,2,32,6,-1,-1,-1,-1,1,1,E01033650,0
Unvalidated,2024201453734,2024,201453734,1,9,0,9,3,8,0,5,0,10,1,0,1,1,6,1,35,6,-1,-1,-1,-1,-1,-1,-1,0
Unvalidated,2024201453741,2024,201453741,1,-1,0,2,3,7,0,0,0,0,0,0,2,1,3,3,-1,-1,-1,-1,-1,-1,-1,-1,-1,0
Unvalidated,2024201453741,2024,201453741,2,1,0,18,7,2,0,0,0,0,0,0,2,1,6,1,11,3,-1,-1,-1,-1,3,1,E01010089,0
Unvalidated,2024201453772,2024,201453772,1,9,0,9,6,4,0,6,0,0,0,0,4,1,6,1,39,7,-1,-1,-1,-1,4,1,E01009238,0
Unvalidated,2024201453772,2024,201453772,2,9,0,18,1,5,0,8,0,0,0,0,1,1,6,1,21,5,-1,-1,-1,-1,2,1,E01009291,0
Unvalidated,2024201453801,2024,201453801,1,9,0,6,3,3,0,8,0,7,7,0,3,1,5,1,42,7,-1,-1,-1,-1,1,1,E01009492,0
Unvalidated,2024201453801,2024,201453801,2,9,0,18,3,7,0,8,0,0,0,0,1,1,5,1,47,8,-1,-1,-1,-1,1,1,E01009486,0