status,collision_index,collision_year,collision_reference,vehicle_reference,vehicle_type,towing_and_articulation,vehicle_manoeuvre,vehicle_direction_from,vehicle_direction_to,vehicle_location_restricted_lane,junction_location,skidding_and_overturning,hit_object_in_carriageway,vehicle_leaving_carriageway,hit_object_off_carriageway,first_point_of_impact,vehicle_left_hand_drive,journey_purpose_of_driver,sex_of_driver,age_of_driver,age_band_of_driver,engine_capacity_cc,propulsion_code,age_of_vehicle,generic_make_model,driver_imd_decile,driver_home_area_type,lsoa_of_driver,escooter_flag
Unvalidated,2024201453840,2024,201453840,1,9,0,18,1,5,0,0,0,4,0,0,1,1,2,1,37,7,-1,-1,-1,-1,4,1,E01009166,0
Unvalidated,2024201453840,2024,201453840,2,9,0,2,0,0,0,0,0,0,0,0,1,1,2,1,39,7,-1,-1,-1,-1,5,1,E01009168,0
Unvalidated,2024201453846,2024,201453846,1,9,0,18,7,3,0,7,0,0,0,0,1,1,6,3,20,4,-1,-1,-1,-1,-1,-1,-1,0
Unvalidated,2024201453846,2024,201453846,2,9,0,3,7,3,0,7,0,0,0,0,2,1,6,2,26,6,-1,-1,-1,-1,3,1,E01033626,0
Unvalidated,2024201453860,2024,201453860,1,9,0,18,3,8,0,0,0,0,0,0,3,1,6,3,-1,-1,-1,-1,-1,-1,-1,-1,-1,0
Unvalidated,2024201454028,2024,201454028,1,9,0,18,8,4,0,8,0,0,0,0,4,1,6,3,-1,-1,-1,-1,-1,-1,-1,-1,-1,0
Unvalidated,2024201454028,2024,201454028,2,9,0,18,8,4,0,8,0,0,0,0,3,1,6,2,52,8,-1,-1,-1,-1,1,1,E01009756,0
Unvalidated,2024201454033,2024,201454033,1,9,0,18,4,8,0,0,0,0,0,0,1,1,6,2,-1,-1,-1,-1,-1,-1,-1,-1,-1,0
Unvalidated,2024201454258,2024,201454258,1,9,0,7,2,4,0,2,0,0,0,0,1,1,6,1,25,5,-1,-1,-1,-1,-1,-1,-1,0
Unvalidated,2024201454258,2024,201454258,2,9,0,3,5,6,0,2,0,0,0,0,2,1,6,3,43,7,-1,-1,-1,-1,3,1,E01009587,0
Unvalidated,2024201454302,2024,201454302,1,9,0,18,5,1,0,0,0,4,0,0,1,1,5,1,43,7,-1,-1,-1,-1,1,1,E01033638,0
Unvalidated,2024201454302,2024,201454302,2,9,0,2,0,0,0,0,0,0,0,0,2,1,1,1,63,9,-1,-1,-1,-1,4,1,E01033559,0
Unvalidated,2024201454307,2024,201454307,1,9,0,18,8,3,0,0,0,0,0,0,0,1,6,1,22,5,-1,-1,-1,-1,7,1,E01003651,0
Unvalidated,2024201454307,2024,201454307,2,9,0,18,4,3,0,0,0,0,0,0,2,1,1,1,34,6,-1,-1,-1,-1,1,1,E01032531,0
Unvalidated,2024201454312,2024,201454312,1,9,0,10,5,3,0,8,0,10,3,0,4,1,5,2,52,8,-1,-1,-1,-1,2,1,E01010102,0
Unvalidated,2024201454312,2024,201454312,2,9,0,14,1,5,0,8,0,10,3,0,4,1,5,1,64,9,-1,-1,-1,-1,5,1,E01009939,0
Unvalidated,2024201454344,2024,201454344,1,9,0,4,6,2,0,0,0,0,0,0,2,1,5,2,54,8,-1,-1,-1,-1,2,1,E01010311,0
Unvalidated,2024201454344,2024,201454344,2,9,0,4,6,2,0,0,0,0,0,0,2,1,5,1,25,5,-1,-1,-1,-1,3,1,E01010382,0
Unvalidated,2024201454344,2024,201454344,3,9,0,18,6,2,0,0,0,0,0,0,1,1,5,2,37,7,-1,-1,-1,-1,1,1,E01009202,0
Unvalidated,2024201454348,2024,201454348,1,9,0,9,6,4,0,6,0,0,0,0,1,1,6,1,-1,-1,-1,-1,-1,-1,-1,-1,-1,0
Unvalidated,2024201454348,2024,201454348,2,9,0,18,8,6,0,8,0,0,0,0,1,1,6,2,43,7,-1,-1,-1,-1,-1,-1,-1,0
Unvalidated,2024201454520,2024,201454520,1,9,0,18,5,1,0,1,0,0,0,0,1,1,6,3,-1,-1,-1,-1,-1,-1,-1,-1,-1,0
Unvalidated,2024201454520,2024,201454520,2,1,0,18,5,1,0,1,0,0,0,0,2,1,6,1,12,3,-1,-1,-1,-1,1,1,E01010076,0
Unvalidated,2024201454597,2024,201454597,1,9,0,18,8,4,0,0,0,0,0,0,1,1,6,1,22,5,-1,-1,-1,-1,-1,-1,-1,0
Unvalidated,2024201454597,2024,201454597,2,9,0,3,8,4,0,0,0,0,0,0,2,1,6,2,42,7,-1,-1,-1,-1,2,1,E01008897,0
Unvalidated,2024201454662,2024,201454662,1,9,0,1,6,2,9,6,0,0,0,0,2,1,6,1,46,8,-1,-1,-1,-1,1,1,E01033644,0
Unvalidated,2024201454674,2024,201454674,1,9,0,9,5,3,0,5,0,0,0,0,1,1,6,2,24,5,-1,-1,-1,-1,7,1,E01009771,0
Unvalidated,2024201454674,2024,201454674,2,1,0,18,5,1,0,1,0,0,0,0,1,1,2,1,27,6,-1,-1,-1,-1,1,1,E01010029,0
Unvalidated,2024201454679,2024,201454679,1,9,0,18,7,3,0,1,0,0,0,0,1,1,6,1,31,6,-1,-1,-1,-1,2,1,E01010065,0
Unvalidated,2024201454723,2024,201454723,1,9,0,18,5,1,9,0,1,0,1,0,3,2,6,1,29,6,-1,-1,-1,-1,1,1,E01009192,0
Unvalidated,2024201454723,2024,201454723,2,19,0,18,5,1,0,0,0,0,0,0,4,1,1,1,38,7,-1,-1,-1,-1,1,1,E01009489,0
Unvalidated,2024201454737,2024,201454737,1,9,0,18,8,4,0,8,0,0,0,0,2,1,6,2,50,8,-1,-1,-1,-1,10,3,E01010183,0
Unvalidated,2024201454737,2024,201454737,2,1,0,18,8,4,0,8,0,0,0,0,2,1,6,1,57,9,-1,-1,-1,-1,9,1,E01010206,0
Unvalidated,2024201454837,2024,201454837,1,9,0,7,1,4,0,5,0,0,0,0,3,1,3,2,51,8,-1,-1,-1,-1,1,1,E01010130,0
Unvalidated,2024201454837,2024,201454837,2,9,0,7,3,7,0,5,0,0,0,0,3,1,6,1,50,8,-1,-1,-1,-1,-1,-1,-1,0
Unvalidated,2024201454882,2024,201454882,1,9,0,18,6,2,0,1,0,0,0,0,1,1,6,1,27,6,-1,-1,-1,-1,1,1,E01009269,0
Unvalidated,2024201455018,2024,201455018,1,9,0,18,6,2,0,1,0,0,0,0,4,1,6,1,41,7,-1,-1,-1,-1,4,1,E01009879,0
Unvalidated,2024201455123,2024,201455123,1,9,0,18,2,6,0,1,0,0,0,0,1,1,6,1,55,8,-1,-1,-1,-1,-1,-1,-1,0
Unvalidated,2024201455123,2024,201455123,2,9,0,11,4,6,0,1,0,0,0,0,2,1,6,2,25,5,-1,-1,-1,-1,9,1,E01009433,0
Unvalidated,2024201455140,2024,201455140,1,8,0,18,4,8,0,0,0,0,0,0,1,1,6,1,40,7,-1,-1,-1,-1,-1,-1,-1,0
Unvalidated,2024201455236,2024,201455236,1,19,0,18,6,2,0,4,0,0,0,0,2,1,6,3,-1,-1,-1,-1,-1,-1,-1,-1,-1,0
Unvalidated,2024201455236,2024,201455236,2,9,0,18,6,2,0,8,0,0,0,0,1,1,6,2,45,7,-1,-1,-1,-1,1,1,E01009404,0
Unvalidated,2024201455238,2024,201455238,1,11,0,18,8,4,0,0,0,0,0,0,0,1,1,1,40,7,-1,-1,-1,-1,-1,-1,-1,0
Unvalidated,2024201455266,2024,201455266,1,8,0,18,1,5,0,1,0,0,0,0,3,1,1,1,40,7,-1,-1,-1,-1,1,1,E01009756,0
Unvalidated,2024201455270,2024,201455270,1,9,0,18,6,2,0,2,0,0,0,0,3,1,1,1,54,8,-1,-1,-1,-1,8,1,E01010209,0
Unvalidated,2024201455270,2024,201455270,2,11,0,18,6,8,0,2,0,0,0,0,4,1,1,1,37,7,-1,-1,-1,-1,1,1,E01009366,0
Unvalidated,2024201455272,2024,201455272,1,9,0,5,7,3,0,0,0,0,0,0,1,1,5,1,18,4,-1,-1,-1,-1,10,1,E01029514,0
Unvalidated,2024201455272,2024,201455272,2,9,0,5,1,5,0,0,0,0,0,0,4,1,5,1,44,7,-1,-1,-1,-1,4,1,E01009236,0
Unvalidated,2024201455272,2024,201455272,4,9,0,5,1,1,0,0,0,0,0,0,4,1,5,1,-1,-1,-1,-1,-1,-1,6,1,E01009972,0
Unvalidated,2024201455283,2024,201455283,1,9,0,18,3,7,0,1,0,0,0,0,1,1,6,1,35,6,-1,-1,-1,-1,-1,-1,-1,0
Unvalidated,2024201455283,2024,201455283,2,9,0,7,3,5,0,6,0,0,0,0,2,1,2,2,31,6,-1,-1,-1,-1,1,1,E01009026,0
Unvalidated,2024201455309,2024,201455309,1,9,0,18,2,7,0,8,0,0,0,0,4,1,6,2,26,6,-1,-1,-1,-1,1,1,E01009498,0
Unvalidated,2024201455309,2024,201455309,2,9,0,18,5,1,0,8,0,0,0,0,1,1,6,2,51,8,-1,-1,-1,-1,2,1,E01010335,0
Unvalidated,2024201455309,2024,201455309,3,9,0,7,5,7,0,6,0,0,0,0,1,1,6,1,38,7,-1,-1,-1,-1,6,1,E01008925,0
Unvalidated,2024201455344,2024,201455344,1,9,0,18,2,6,0,1,0,0,0,0,1,1,6,3,-1,-1,-1,-1,-1,-1,-1,-1,-1,0
Unvalidated,2024201455359,2024,201455359,1,90,0,18,3,7,0,0,0,0,0,0,1,1,1,1,19,4,-1,-1,-1,-1,1,1,E01009733,1
Unvalidated,2024201455359,2024,201455359,2,9,0,9,8,6,0,0,0,0,0,0,1,1,6,1,36,7,-1,-1,-1,-1,4,1,E01009868,0
Unvalidated,2024201455379,2024,201455379,1,9,0,3,8,4,0,1,0,0,0,0,9,1,6,1,25,5,-1,-1,-1,-1,2,1,E01010020,0
Unvalidated,2024201455379,2024,201455379,2,9,0,7,6,1,0,6,0,0,0,0,9,1,6,1,-1,-1,-1,-1,-1,-1,-1,-1,-1,0
Unvalidated,2024201455406,2024,201455406,1,9,0,18,2,6,0,8,0,10,0,0,9,1,6,1,-1,-1,-1,-1,-1,-1,1,1,E01009310,0
Unvalidated,2024201455406,2024,201455406,2,9,0,5,6,2,0,8,0,0,0,0,9,1,6,2,40,7,-1,-1,-1,-1,1,1,E01009380,0
Unvalidated,2024201455496,2024,201455496,1,21,1,18,5,1,0,0,0,0,0,0,4,1,1,1,62,9,-1,-1,-1,-1,-1,-1,-1,0
Unvalidated,2024201455514,2024,201455514,1,9,0,18,7,3,0,8,0,0,0,0,1,1,6,2,25,5,-1,-1,-1,-1,2,1,E01010417,0
Unvalidated,2024201455514,2024,201455514,2,9,0,18,5,1,0,8,0,0,0,0,1,1,6,1,18,4,-1,-1,-1,-1,3,1,E01010538,0
Unvalidated,2024201455529,2024,201455529,1,9,0,18,7,3,0,0,0,0,0,0,1,1,6,1,32,6,-1,-1,-1,-1,3,1,E01009006,0
Unvalidated,2024201455529,2024,201455529,2,9,0,18,4,7,0,0,0,0,0,0,1,1,6,1,43,7,-1,-1,-1,-1,1,1,E01009002,0
Unvalidated,2024201455643,2024,201455643,1,9,0,18,2,6,0,3,0,0,0,0,1,1,6,1,35,6,-1,-1,-1,-1,-1,-1,-1,0
Unvalidated,2024201455643,2024,201455643,2,9,0,18,2,6,0,3,0,0,0,0,3,1,6,1,35,6,-1,-1,-1,-1,-1,-1,-1,0
Unvalidated,2024201455740,2024,201455740,1,9,0,18,5,1,0,0,0,0,0,0,1,1,6,1,-1,-1,-1,-1,-1,-1,-1,-1,-1,0
Unvalidated,2024201455772,2024,201455772,1,8,0,3,8,4,0,0,0,0,0,0,1,1,6,1,49,8,-1,-1,-1,-1,1,1,E01033628,0
Unvalidated,2024201455844,2024,201455844,1,19,0,18,8,4,0,0,0,0,0,0,1,1,6,1,54,8,-1,-1,-1,-1,5,1,E01008969,0
Unvalidated,2024201455865,2024,201455865,1,9,0,18,4,8,0,0,0,0,0,0,2,1,6,2,27,6,-1,-1,-1,-1,-1,-1,-1,0
Unvalidated,2024201455865,2024,201455865,2,9,0,3,4,8,0,0,0,0,0,0,2,1,6,2,43,7,-1,-1,-1,-1,2,1,E01009966,0
Unvalidated,2024201455897,2024,201455897,1,9,0,18,8,4,0,0,0,0,0,0,2,1,5,2,59,9,-1,-1,-1,-1,7,1,E01009208,0
Unvalidated,2024201455897,2024,201455897,2,9,0,18,8,4,0,0,0,0,0,0,2,1,5,1,30,6,-1,-1,-1,-1,4,3,E01032473,0
Unvalidated,2024201455897,2024,201455897,3,9,0,3,8,4,0,0,0,0,0,0,1,1,6,3,-1,-1,-1,-1,-1,-1,-1,-1,-1,0
Unvalidated,2024201455905,2024,201455905,1,9,0,18,7,3,0,1,0,0,0,0,1,1,6,1,68,10,-1,-1,-1,-1,1,1,E01009117,0
Unvalidated,2024201455910,2024,201455910,1,9,0,7,6,7,0,3,0,10,1,0,1,1,6,2,38,7,-1,-1,-1,-1,1,1,E01009354,0
Unvalidated,2024201455910,2024,201455910,2,98,0,13,6,7,0,3,0,10,1,0,2,1,1,1,48,8,-1,-1,-1,-1,1,1,E01009059,0
Unvalidated,2024201455923,2024,201455923,1,9,0,13,6,2,0,0,0,0,0,0,1,1,2,2,53,8,-1,-1,-1,-1,2,1,E01009100,0
Unvalidated,2024201455923,2024,201455923,2,9,0,18,2,4,0,0,0,0,0,0,1,1,1,1,38,7,-1,-1,-1,-1,1,1,E01009153,0
Unvalidated,2024201455932,2024,201455932,1,9,0,18,7,1,0,1,0,10,7,11,1,1,6,1,20,4,-1,-1,-1,-1,2,1,E01009512,0
Unvalidated,2024201455932,2024,201455932,2,9,0,5,1,5,0,6,0,0,0,0,1,1,6,3,-1,-1,-1,-1,-1,-1,-1,-1,-1,0
Unvalidated,2024201455954,2024,201455954,1,9,0,18,2,2,0,2,0,0,0,0,4,1,6,1,38,7,-1,-1,-1,-1,4,1,E01010377,0
Unvalidated,2024201455957,2024,201455957,1,9,0,18,4,8,0,0,0,4,0,0,1,1,6,3,-1,-1,-1,-1,-1,-1,-1,-1,-1,0
Unvalidated,2024201455957,2024,201455957,2,9,0,2,0,0,0,0,0,0,0,0,2,1,6,3,-1,-1,-1,-1,-1,-1,-1,-1,-1,0
Unvalidated,2024201455989,2024,201455989,1,9,0,18,3,7,0,0,0,0,0,0,1,1,6,3,-1,-1,-1,-1,-1,-1,-1,-1,-1,0
Unvalidated,2024201455989,2024,201455989,2,9,0,18,3,7,0,0,0,0,0,0,2,1,6,1,31,6,-1,-1,-1,-1,-1,-1,-1,0
Unvalidated,2024201455991,2024,201455991,1,9,0,5,6,4,0,6,0,0,0,0,1,1,5,1,22,5,-1,-1,-1,-1,1,1,E01008966,0
Unvalidated,2024201455991,2024,201455991,2,9,0,18,4,8,0,8,0,0,0,0,1,1,6,3,-1,-1,-1,-1,-1,-1,-1,-1,-1,0
Unvalidated,2024201456006,2024,201456006,1,9,0,18,3,7,0,8,0,0,0,0,4,1,6,1,25,5,-1,-1,-1,-1,1,1,E01013960,0
Unvalidated,2024201456006,2024,201456006,2,9,0,18,5,1,0,8,0,0,0,0,1,1,6,2,65,9,-1,-1,-1,-1,10,3,E01010181,0
Unvalidated,2024201456012,2024,201456012,1,1,0,18,3,7,0,8,2,0,0,0,1,1,5,1,44,7,-1,-1,-1,-1,1,1,E01009372,0
Unvalidated,2024201456012,2024,201456012,2,9,0,7,3,5,0,5,0,0,0,0,2,1,6,3,50,8,-1,-1,-1,-1,-1,-1,-1,0
Unvalidated,2024201456023,2024,201456023,1,9,0,18,4,8,0,8,0,0,0,0,1,1,6,1,31,6,-1,-1,-1,-1,1,1,E01010062,0
Unvalidated,2024201456023,2024,201456023,2,9,0,5,6,8,0,6,0,0,0,0,2,1,6,1,19,4,-1,-1,-1,-1,1,1,E01009406,0
Unvalidated,2024201456025,2024,201456025,1,9,0,18,8,4,0,0,0,0,0,0,1,1,6,2,29,6,-1,-1,-1,-1,5,1,E01009798,0
Unvalidated,2024201456030,2024,201456030,1,9,0,18,8,4,0,2,0,10,1,0,1,1,6,1,34,6,-1,-1,-1,-1,6,1,E01008925,0
Unvalidated,2024201456032,2024,201456032,1,9,0,18,1,6,0,8,0,7,1,0,3,1,2,2,47,8,-1,-1,-1,-1,7,1,E01014525,0
Unvalidated,2024201456032,2024,201456032,2,9,0,9,6,4,0,5,0,0,0,0,4,1,6,2,17,4,-1,-1,-1,-1,6,1,E01009066,0
Unvalidated,2024201456042,2024,201456042,1,9,0,14,-1,-1,0,8,0,0,7,0,1,1,6,3,-1,-1,-1,-1,-1,-1,-1,-1,-1,0
Unvalidated,2024201456042,2024,201456042,2,9,0,9,-1,-1,0,8,0,0,7,0,4,1,6,1,17,4,-1,-1,-1,-1,2,1,E01009487,0
Unvalidated,2024201456060,2024,201456060,1,9,0,18,4,8,1,0,0,0,0,0,3,1,6,3,25,5,-1,-1,-1,-1,-1,-1,-1,0
Unvalidated,2024201456060,2024,201456060,2,90,0,18,4,8,1,0,0,0,0,0,2,1,6,1,19,4,-1,-1,-1,-1,1,1,E01009143,1
Unvalidated,2024201456061,2024,201456061,1,9,0,7,1,6,0,3,0,0,0,0,1,1,6,1,19,4,-1,-1,-1,-1,1,1,E01009488,0
Unvalidated,2024201456061,2024,201456061,2,9,0,18,8,6,0,8,0,0,0,0,3,1,6,1,36,7,-1,-1,-1,-1,2,1,E01009342,0
Unvalidated,2024201456075,2024,201456075,1,9,0,18,4,4,0,0,0,0,0,0,3,1,6,2,24,5,-1,-1,-1,-1,2,1,E01010017,0
Unvalidated,2024201456082,2024,201456082,1,9,0,18,8,4,0,0,0,0,0,0,1,1,6,2,31,6,-1,-1,-1,-1,5,1,E01009244,0
Unvalidated,2024201456082,2024,201456082,2,9,0,11,8,4,0,0,0,0,0,0,2,1,6,1,46,8,-1,-1,-1,-1,1,1,E01008909,0
Unvalidated,2024201456103,2024,201456103,1,9,0,7,5,7,0,6,0,0,0,0,3,1,6,1,45,7,-1,-1,-1,-1,-1,-1,-1,0
Unvalidated,2024201456103,2024,201456103,2,3,0,18,3,7,0,8,0,0,0,0,4,1,2,1,25,5,-1,-1,-1,-1,1,1,E01009143,0
Unvalidated,2024201456108,2024,201456108,1,9,0,18,1,4,0,6,0,0,0,0,1,1,2,2,52,8,-1,-1,-1,-1,8,1,E01032171,0
Unvalidated,2024201456108,2024,201456108,2,8,0,18,7,3,0,8,0,0,0,0,4,1,1,1,55,8,-1,-1,-1,-1,1,1,E01009198,0
Unvalidated,2024201456112,2024,201456112,1,9,0,18,7,3,0,0,0,0,0,0,1,1,6,1,22,5,-1,-1,-1,-1,1,1,E01009104,0
Unvalidated,2024201456123,2024,201456123,1,9,0,18,7,3,0,1,0,0,0,0,1,1,6,2,37,7,-1,-1,-1,-1,1,1,E01010066,0
Unvalidated,2024201456123,2024,201456123,2,19,0,9,5,1,0,8,0,0,0,0,1,1,1,1,17,4,-1,-1,-1,-1,2,1,E01010045,0
Unvalidated,2024201456150,2024,201456150,1,9,0,4,8,4,0,0,0,0,0,0,1,1,6,2,67,10,-1,-1,-1,-1,5,1,E01009253,0
Unvalidated,2024201456156,2024,201456156,1,9,0,18,7,3,0,0,0,0,0,0,1,1,6,3,-1,-1,-1,-1,-1,-1,-1,-1,-1,0
Unvalidated,2024201456156,2024,201456156,2,9,0,3,3,7,0,0,0,0,0,0,3,1,5,2,34,6,-1,-1,-1,-1,1,1,E01033640,0
Unvalidated,2024201456179,2024,201456179,1,9,0,5,1,2,0,0,0,0,0,0,1,1,6,2,30,6,-1,-1,-1,-1,-1,1,-1,0
Unvalidated,2024201456179,2024,201456179,2,9,-1,-1,-1,-1,-1,0,-1,-1,-1,0,-1,1,6,3,-1,-1,-1,-1,-1,-1,-1,-1,-1,0
Unvalidated,2024201456239,2024,201456239,1,9,0,18,1,5,0,0,1,10,1,0,1,1,6,1,18,4,-1,-1,-1,-1,3,1,E01009992,0
Unvalidated,2024201456239,2024,201456239,2,8,0,18,5,6,0,0,0,0,0,0,3,1,1,1,58,9,-1,-1,-1,-1,1,1,E01033638,0
Unvalidated,2024201456272,2024,201456272,1,9,0,9,1,7,0,8,0,7,0,0,1,1,6,2,38,7,-1,-1,-1,-1,1,1,E01009024,0
Unvalidated,2024201456272,2024,201456272,2,8,0,18,5,2,0,8,0,0,0,0,1,1,1,1,48,8,-1,-1,-1,-1,3,1,E01010042,0
Unvalidated,2024201456278,2024,201456278,1,19,0,18,4,8,0,0,0,0,0,0,4,1,6,3,-1,-1,-1,-1,-1,-1,-1,-1,-1,0
Unvalidated,2024201456298,2024,201456298,1,9,0,7,7,1,0,4,0,0,0,0,3,1,1,1,28,6,-1,-1,-1,-1,2,1,E01009627,0
Unvalidated,2024201456298,2024,201456298,2,9,0,18,1,1,0,8,0,0,0,0,4,1,2,1,33,6,-1,-1,-1,-1,8,1,E01027425,0
Unvalidated,2024201456329,2024,201456329,1,9,0,7,5,8,0,6,0,0,0,0,3,1,6,1,44,7,-1,-1,-1,-1,-1,-1,-1,0
Unvalidated,2024201456329,2024,201456329,2,9,0,18,4,8,0,8,0,0,0,0,4,1,6,1,33,6,-1,-1,-1,-1,5,1,E01010008,0
Unvalidated,2024201456337,2024,201456337,1,9,0,18,8,4,0,6,0,0,0,0,1,1,2,2,42,7,-1,-1,-1,-1,6,1,E01009847,0
Unvalidated,2024201456337,2024,201456337,2,2,0,5,1,3,0,6,1,0,0,0,3,1,2,1,56,9,-1,-1,-1,-1,9,1,E01009817,0
Unvalidated,2024201456342,2024,201456342,1,9,0,5,6,1,0,4,0,0,0,0,3,1,6,1,44,7,-1,-1,-1,-1,8,1,E01009425,0
Unvalidated,2024201456342,2024,201456342,2,1,0,18,5,1,0,8,0,0,0,0,1,1,1,1,57,9,-1,-1,-1,-1,9,1,E01010390,0
Unvalidated,2024201456344,2024,201456344,1,9,0,18,4,8,0,0,0,0,0,0,4,1,2,2,38,7,-1,-1,-1,-1,3,1,E01033615,0
Unvalidated,2024201456353,2024,201456353,1,9,0,4,7,3,0,1,1,0,0,0,1,1,1,1,43,7,-1,-1,-1,-1,7,1,E01010184,0
Unvalidated,2024201456353,2024,201456353,2,9,0,10,7,5,0,8,0,0,0,0,1,1,1,2,48,8,-1,-1,-1,-1,8,1,E01010151,0
Unvalidated,2024201456353,2024,201456353,3,9,0,4,3,7,0,2,0,0,0,0,3,1,2,2,49,8,-1,-1,-1,-1,10,2,E01010108,0
Unvalidated,2024201456361,2024,201456361,1,98,0,18,5,1,0,0,0,0,0,0,1,1,6,1,33,6,-1,-1,-1,-1,6,1,E01010012,0
Unvalidated,2024201456361,2024,201456361,2,9,0,18,5,1,0,0,0,0,0,0,2,1,6,2,39,7,-1,-1,-1,-1,7,3,E01029395,0
Unvalidated,2024201456393,2024,201456393,1,9,0,18,1,5,0,2,0,0,0,0,1,1,6,1,-1,-1,-1,-1,-1,-1,5,1,E01009774,0
Unvalidated,2024201456393,2024,201456393,2,9,0,3,1,4,0,2,0,0,0,0,2,1,5,1,30,6,-1,-1,-1,-1,5,1,E01009895,0
Unvalidated,2024201456419,2024,201456419,1,9,0,7,7,1,0,6,0,0,0,0,1,1,6,1,35,6,-1,-1,-1,-1,-1,-1,-1,0
Unvalidated,2024201456419,2024,201456419,2,1,0,18,5,1,0,8,0,0,0,0,3,1,6,1,14,3,-1,-1,-1,-1,3,1,E01009887,0
Unvalidated,2024201456434,2024,201456434,1,8,0,4,1,5,0,1,0,0,0,0,1,1,1,1,34,6,-1,-1,-1,-1,2,1,E01009630,0
Unvalidated,2024201456434,2024,201456434,2,90,0,18,1,5,0,1,0,0,0,0,2,1,6,1,20,4,-1,-1,-1,-1,5,1,E01009690,0
Unvalidated,2024201456470,2024,201456470,1,9,0,7,6,8,0,6,0,0,0,0,1,1,6,2,62,9,-1,-1,-1,-1,2,1,E01009291,0
Unvalidated,2024201456470,2024,201456470,2,97,0,18,4,8,0,8,1,0,0,0,1,1,1,2,26,6,-1,-1,-1,-1,7,1,E01008968,0
Unvalidated,2024201456493,2024,201456493,1,11,0,18,1,5,0,0,0,0,0,0,1,1,1,1,50,8,-1,-1,-1,-1,2,1,E01009403,0
Unvalidated,2024201456493,2024,201456493,2,9,0,4,1,5,0,0,0,0,0,0,2,1,6,2,45,7,-1,-1,-1,-1,1,1,E01033632,0
Unvalidated,2024201456514,2024,201456514,1,9,0,18,6,2,0,0,0,0,0,0,1,1,6,3,-1,-1,-1,-1,-1,-1,-1,-1,-1,0
Unvalidated,2024201456532,2024,201456532,1,9,0,18,5,8,0,8,0,0,0,0,1,1,6,3,-1,-1,-1,-1,-1,-1,-1,-1,-1,0
Unvalidated,2024201456532,2024,201456532,2,9,0,18,3,7,0,6,0,0,0,0,1,1,6,2,26,6,-1,-1,-1,-1,6,1,E01010549,0
Unvalidated,2024201456560,2024,201456560,1,4,0,18,6,5,0,2,2,0,0,0,2,1,5,1,18,4,-1,-1,-1,-1,1,1,E01032887,0
Unvalidated,2024201456560,2024,201456560,2,9,0,3,2,6,0,2,0,0,0,0,1,1,5,2,65,9,-1,-1,-1,-1,1,1,E01009952,0
Unvalidated,2024201456562,2024,201456562,1,9,0,18,6,2,0,8,0,0,0,0,3,1,6,2,25,5,-1,-1,-1,-1,10,1,E01010257,0
Unvalidated,2024201456572,2024,201456572,1,9,0,9,6,4,0,8,0,0,0,0,1,1,5,3,-1,-1,-1,-1,-1,-1,-1,-1,-1,0
Unvalidated,2024201456586,2024,201456586,1,2,0,16,8,2,0,0,0,0,0,0,1,1,5,1,73,10,-1,-1,-1,-1,8,1,E01009440,0
Unvalidated,2024201456586,2024,201456586,2,9,0,17,2,8,0,0,0,0,0,0,1,1,5,2,26,6,-1,-1,-1,-1,10,2,E01031034,0
Unvalidated,2024201456658,2024,201456658,1,9,0,5,2,6,0,1,0,0,0,0,1,1,5,1,64,9,-1,-1,-1,-1,4,1,E01009085,0
Unvalidated,2024201456658,2024,201456658,2,9,0,18,2,6,0,8,0,0,0,0,1,1,5,1,49,8,-1,-1,-1,-1,9,1,E01029862,0
Unvalidated,2024201456664,2024,201456664,1,2,0,18,2,6,0,8,0,0,0,0,1,1,5,1,18,4,-1,-1,-1,-1,3,1,E01010290,0
Unvalidated,2024201456664,2024,201456664,2,2,0,9,1,6,0,5,0,0,0,0,2,1,5,1,18,4,-1,-1,-1,-1,1,1,E01032889,0
Unvalidated,2024201456681,2024,201456681,1,9,0,7,-1,-1,0,0,1,11,1,10,1,1,6,3,-1,-1,-1,-1,-1,-1,-1,-1,-1,0
Unvalidated,2024201456681,2024,201456681,2,9,0,7,-1,-1,9,0,1,11,1,10,1,1,6,2,55,8,-1,-1,-1,-1,1,1,E01010062,0
Unvalidated,2024201456687,2024,201456687,1,9,0,5,3,1,0,8,0,0,0,0,1,1,6,2,-1,-1,-1,-1,-1,-1,-1,-1,-1,0
Unvalidated,2024201456687,2024,201456687,2,1,0,18,2,6,0,8,0,0,0,0,4,1,6,1,78,11,-1,-1,-1,-1,9,1,E01009416,0
Unvalidated,2024201456690,2024,201456690,1,19,0,18,-1,-1,0,8,0,0,0,0,1,1,6,3,-1,-1,-1,-1,-1,-1,-1,-1,-1,0
Unvalidated,2024201456690,2024,201456690,2,9,0,18,-1,-1,0,8,0,0,0,0,4,1,1,1,49,8,-1,-1,-1,-1,1,1,E01009337,0
Unvalidated,2024201456752,2024,201456752,1,9,0,18,8,4,0,8,0,0,0,0,1,1,6,1,36,7,-1,-1,-1,-1,2,1,E01010521,0
Unvalidated,2024201456752,2024,201456752,2,9,0,18,5,4,0,8,0,0,0,0,1,1,6,1,54,8,-1,-1,-1,-1,-1,-1,-1,0
Unvalidated,2024201456794,2024,201456794,1,9,0,18,1,4,0,8,0,0,0,0,1,2,6,1,40,7,-1,-1,-1,-1,-1,-1,-1,0
Unvalidated,2024201456794,2024,201456794,2,1,0,10,7,4,0,1,0,0,0,0,3,1,5,1,18,4,-1,-1,-1,-1,1,1,E01032887,0