status,collision_index,collision_year,collision_reference,vehicle_reference,vehicle_type,towing_and_articulation,vehicle_manoeuvre,vehicle_direction_from,vehicle_direction_to,vehicle_location_restricted_lane,junction_location,skidding_and_overturning,hit_object_in_carriageway,vehicle_leaving_carriageway,hit_object_off_carriageway,first_point_of_impact,vehicle_left_hand_drive,journey_purpose_of_driver,sex_of_driver,age_of_driver,age_band_of_driver,engine_capacity_cc,propulsion_code,age_of_vehicle,generic_make_model,driver_imd_decile,driver_home_area_type,lsoa_of_driver,escooter_flag
Unvalidated,2024201456814,2024,201456814,1,9,0,12,2,6,0,3,0,0,0,0,1,1,6,2,25,5,-1,-1,-1,-1,1,1,E01009382,0
Unvalidated,2024201456814,2024,201456814,2,9,0,13,2,6,0,3,0,0,0,0,4,1,6,1,37,7,-1,-1,-1,-1,1,1,E01032434,0
Unvalidated,2024201456840,2024,201456840,1,9,0,9,5,3,0,8,0,0,0,0,3,1,6,1,42,7,-1,-1,-1,-1,2,1,E01029390,0
Unvalidated,2024201456840,2024,201456840,2,9,0,18,7,3,0,8,0,0,0,0,3,1,6,2,43,7,-1,-1,-1,-1,2,1,E01009017,0
Unvalidated,2024201456929,2024,201456929,1,9,0,18,4,8,0,0,0,4,0,0,4,2,5,2,21,5,-1,-1,-1,-1,2,1,E01010474,0
Unvalidated,2024201456929,2024,201456929,2,9,0,2,0,0,0,0,0,0,0,0,4,1,6,3,-1,-1,-1,-1,-1,-1,-1,-1,-1,0
Unvalidated,2024201457084,2024,201457084,1,9,0,18,2,6,0,8,0,0,0,0,4,1,1,1,29,6,-1,-1,-1,-1,1,1,E01009192,0
Unvalidated,2024201457084,2024,201457084,2,9,0,18,8,4,0,5,0,0,0,0,3,1,5,1,43,7,-1,-1,-1,-1,7,1,E01010228,0
Unvalidated,2024201457130,2024,201457130,1,9,0,7,3,5,0,5,0,0,0,0,4,1,1,1,50,8,-1,-1,-1,-1,1,1,E01009640,0
Unvalidated,2024201457130,2024,201457130,2,1,0,18,5,1,0,8,0,0,0,0,1,1,6,2,52,8,-1,-1,-1,-1,2,1,E01009661,0
Unvalidated,2024201457270,2024,201457270,1,9,0,5,6,4,0,6,0,0,0,0,1,2,6,2,-1,-1,-1,-1,-1,-1,-1,-1,-1,0
Unvalidated,2024201457281,2024,201457281,1,9,0,18,3,7,0,0,0,0,0,0,1,1,6,3,-1,-1,-1,-1,-1,-1,-1,-1,-1,0
Unvalidated,2024201457299,2024,201457299,1,9,0,18,3,7,0,0,0,0,0,0,1,1,2,1,34,6,-1,-1,-1,-1,1,1,E01009110,0
Unvalidated,2024201457299,2024,201457299,2,9,0,3,3,7,0,0,0,0,0,0,2,1,2,1,54,8,-1,-1,-1,-1,1,1,E01008966,0
Unvalidated,2024201457377,2024,201457377,1,9,0,18,1,5,0,4,0,0,0,0,4,1,2,1,68,10,-1,-1,-1,-1,1,1,E01009351,0
Unvalidated,2024201457377,2024,201457377,2,1,0,18,6,2,0,8,0,0,0,0,1,1,6,1,48,8,-1,-1,-1,-1,1,1,E01009363,0
Unvalidated,2024201457387,2024,201457387,1,9,0,9,6,4,0,6,0,0,0,0,1,1,5,1,27,6,-1,-1,-1,-1,1,1,E01009326,0
Unvalidated,2024201457387,2024,201457387,2,9,0,3,4,8,0,1,0,0,0,0,3,1,5,2,30,6,-1,-1,-1,-1,1,1,E01009367,0
Unvalidated,2024201457406,2024,201457406,1,9,0,18,8,2,0,0,0,0,0,0,1,1,5,1,43,7,-1,-1,-1,-1,1,1,E01009021,0
Unvalidated,2024201457419,2024,201457419,1,9,0,13,4,8,0,1,0,0,0,0,1,2,6,1,-1,-1,-1,-1,-1,-1,-1,-1,-1,0
Unvalidated,2024201457419,2024,201457419,2,9,0,9,4,2,0,5,1,10,1,1,3,2,6,2,60,9,-1,-1,-1,-1,6,1,E01010079,0
Unvalidated,2024201457430,2024,201457430,1,9,0,18,2,6,0,2,0,0,0,0,1,1,6,3,-1,-1,-1,-1,-1,-1,-1,-1,-1,0
Unvalidated,2024201457433,2024,201457433,1,9,0,14,8,4,0,0,0,0,0,0,1,1,5,2,27,6,-1,-1,-1,-1,4,1,E01009683,0
Unvalidated,2024201457433,2024,201457433,2,9,0,3,8,4,0,0,0,0,0,0,0,1,5,2,32,6,-1,-1,-1,-1,10,1,E01022771,0
Unvalidated,2024201457452,2024,201457452,1,9,0,18,2,6,0,0,0,0,0,0,1,1,3,2,42,7,-1,-1,-1,-1,10,1,E01009457,0
Unvalidated,2024201457477,2024,201457477,1,3,0,18,6,2,0,1,0,0,0,0,4,1,6,1,26,6,-1,-1,-1,-1,1,1,E01009574,0
Unvalidated,2024201457477,2024,201457477,2,9,0,9,4,2,0,5,0,0,0,0,1,1,6,3,-1,-1,-1,-1,-1,-1,-1,-1,-1,0
Unvalidated,2024201457504,2024,201457504,1,9,0,5,3,7,0,6,0,0,0,0,3,1,5,3,-1,-1,-1,-1,-1,-1,-1,-1,-1,0
Unvalidated,2024201457504,2024,201457504,2,9,0,18,2,6,0,8,0,0,0,0,1,1,5,2,41,7,-1,-1,-1,-1,1,1,E01009511,0
Unvalidated,2024201457549,2024,201457549,1,9,0,18,2,6,0,0,0,0,0,0,1,1,6,1,-1,-1,-1,-1,-1,-1,-1,-1,-1,0
Unvalidated,2024201457549,2024,201457549,2,1,0,18,2,6,0,0,0,0,0,0,4,1,4,1,15,3,-1,-1,-1,-1,4,1,E01008891,0
Unvalidated,2024201457555,2024,201457555,1,9,0,18,1,4,0,8,0,0,0,0,1,1,6,2,26,6,-1,-1,-1,-1,4,1,E01008982,0
Unvalidated,2024201457555,2024,201457555,2,9,0,7,1,4,0,4,0,0,0,0,2,1,6,2,28,6,-1,-1,-1,-1,2,1,E01009991,0
Unvalidated,2024201457581,2024,201457581,1,1,0,18,8,4,0,1,0,0,0,0,1,1,1,1,33,6,-1,-1,-1,-1,1,1,E01009275,0
Unvalidated,2024201457603,2024,201457603,1,9,0,9,3,8,0,2,0,0,0,0,1,1,6,1,44,7,-1,-1,-1,-1,-1,-1,-1,0
Unvalidated,2024201457914,2024,201457914,1,9,0,5,5,1,0,0,0,0,0,0,1,1,5,2,19,4,-1,-1,-1,-1,1,1,E01009305,0
Unvalidated,2024201457914,2024,201457914,2,9,0,18,5,1,0,0,0,0,0,0,1,1,5,1,56,9,-1,-1,-1,-1,5,3,E01032354,0
Unvalidated,2024201457950,2024,201457950,1,9,0,18,2,6,0,8,0,10,7,2,1,1,5,1,31,6,-1,-1,-1,-1,2,1,E01033623,0
Unvalidated,2024201457950,2024,201457950,2,9,0,9,4,6,0,8,0,0,7,0,3,1,5,1,45,7,-1,-1,-1,-1,6,1,E01009520,0
Unvalidated,2024201457991,2024,201457991,1,9,0,18,2,6,0,0,0,0,0,0,1,1,6,3,-1,-1,-1,-1,-1,-1,-1,-1,-1,0
Unvalidated,2024201458229,2024,201458229,1,9,0,18,3,7,0,8,0,0,0,0,1,1,6,1,34,6,-1,-1,-1,-1,1,1,E01010052,0
Unvalidated,2024201458229,2024,201458229,2,9,0,5,4,5,0,6,0,0,0,0,3,1,6,3,48,8,-1,-1,-1,-1,1,1,E01009326,0
Unvalidated,2024201458258,2024,201458258,1,9,0,5,4,6,0,1,0,0,0,0,1,1,6,1,21,5,-1,-1,-1,-1,6,1,E01010376,0
Unvalidated,2024201458258,2024,201458258,2,9,0,5,2,6,0,2,0,0,0,0,3,1,2,2,33,6,-1,-1,-1,-1,1,1,E01010107,0
Unvalidated,2024201458283,2024,201458283,1,9,0,18,5,1,0,0,0,0,0,0,1,1,5,1,28,6,-1,-1,-1,-1,1,1,E01009762,0
Unvalidated,2024201458313,2024,201458313,1,9,0,18,8,6,0,8,0,0,0,0,1,1,6,3,-1,-1,-1,-1,-1,-1,-1,-1,-1,0
Unvalidated,2024201458313,2024,201458313,2,9,0,9,8,6,0,5,0,0,0,0,2,1,6,2,38,7,-1,-1,-1,-1,1,1,E01009131,0
Unvalidated,2024201458407,2024,201458407,1,9,0,9,5,3,0,6,0,0,0,0,4,1,6,2,18,4,-1,-1,-1,-1,-1,-1,-1,0
Unvalidated,2024201458407,2024,201458407,2,9,0,18,7,3,0,2,0,0,0,0,3,1,6,1,24,5,-1,-1,-1,-1,1,1,E01009000,0
Unvalidated,2024201458450,2024,201458450,1,9,0,18,7,4,0,2,0,0,0,0,1,1,6,1,65,9,-1,-1,-1,-1,9,1,E01010222,0
Unvalidated,2024201458469,2024,201458469,1,9,0,7,6,8,9,6,0,0,0,0,1,1,6,1,-1,-1,-1,-1,-1,-1,-1,-1,-1,0
Unvalidated,2024201458482,2024,201458482,1,9,0,1,7,3,0,0,0,0,0,0,2,1,6,1,25,5,-1,-1,-1,-1,-1,-1,-1,0
Unvalidated,2024201458482,2024,201458482,2,4,0,3,7,3,0,0,0,0,0,0,1,1,1,1,36,7,-1,-1,-1,-1,-1,-1,-1,0
Unvalidated,2024201458626,2024,201458626,1,9,0,1,1,7,0,0,0,0,0,0,2,1,6,1,35,6,-1,-1,-1,-1,-1,-1,-1,0
Unvalidated,2024201458635,2024,201458635,1,9,0,16,1,4,0,1,0,0,0,0,2,1,2,1,39,7,-1,-1,-1,-1,1,1,E01009141,0
Unvalidated,2024201458635,2024,201458635,2,9,0,16,1,4,0,1,0,0,0,0,1,1,6,2,76,11,-1,-1,-1,-1,1,1,E01009500,0
Unvalidated,2024201458646,2024,201458646,1,9,0,5,6,2,0,0,0,0,0,0,1,1,6,3,-1,-1,-1,-1,-1,-1,-1,-1,-1,0
Unvalidated,2024201458646,2024,201458646,2,9,0,18,6,2,0,0,0,0,0,0,2,1,6,3,-1,-1,-1,-1,-1,-1,-1,-1,-1,0
Unvalidated,2024201458646,2024,201458646,3,9,0,18,6,2,0,0,0,0,0,0,1,1,6,1,25,5,-1,-1,-1,-1,4,1,E01009089,0
Unvalidated,2024201458667,2024,201458667,1,9,0,18,6,2,0,8,0,0,0,0,4,1,6,1,40,7,-1,-1,-1,-1,1,1,E01014306,0
Unvalidated,2024201458667,2024,201458667,2,9,0,9,8,4,0,6,0,0,0,0,1,1,6,1,67,10,-1,-1,-1,-1,1,1,E01009311,0
Unvalidated,2024201458714,2024,201458714,1,9,0,18,4,8,0,0,0,0,0,0,1,1,6,1,-1,-1,-1,-1,-1,-1,-1,-1,-1,0
Unvalidated,2024201458721,2024,201458721,1,9,0,18,3,7,0,0,0,0,0,0,1,1,6,2,-1,-1,-1,-1,-1,-1,-1,-1,-1,0
Unvalidated,2024201458721,2024,201458721,2,1,0,18,3,7,0,0,0,0,0,0,2,1,6,1,12,3,-1,-1,-1,-1,-1,-1,-1,0
Unvalidated,2024201458741,2024,201458741,1,9,-1,-1,-1,-1,-1,-1,-1,-1,-1,0,-1,1,6,1,22,5,-1,-1,-1,-1,1,1,E01009195,0
Unvalidated,2024201458867,2024,201458867,1,98,0,9,8,5,0,5,0,0,0,0,1,1,6,1,21,5,-1,-1,-1,-1,2,1,E01009254,0
Unvalidated,2024201458884,2024,201458884,1,1,0,18,2,6,0,1,0,10,3,0,1,1,6,1,18,4,-1,-1,-1,-1,1,1,E01010374,0
Unvalidated,2024201458884,2024,201458884,2,9,0,18,3,8,0,8,0,0,0,0,3,1,6,2,36,7,-1,-1,-1,-1,1,1,E01010374,0
Unvalidated,2024201458898,2024,201458898,1,9,0,18,1,6,0,0,0,10,1,4,1,1,2,1,64,9,-1,-1,-1,-1,6,3,E01010167,0
Unvalidated,2024201458981,2024,201458981,1,9,0,13,5,8,0,1,1,4,1,11,1,1,6,1,24,5,-1,-1,-1,-1,-1,-1,-1,0
Unvalidated,2024201458981,2024,201458981,2,9,0,9,5,2,0,2,1,10,1,0,1,1,5,1,28,6,-1,-1,-1,-1,2,1,E01009090,0
Unvalidated,2024201458996,2024,201458996,1,9,0,4,1,5,0,0,0,0,0,0,1,1,6,1,23,5,-1,-1,-1,-1,1,1,E01009881,0
Unvalidated,2024201458996,2024,201458996,2,9,0,4,1,5,0,0,0,0,0,0,2,1,5,1,52,8,-1,-1,-1,-1,3,1,E01009757,0
Unvalidated,2024201459007,2024,201459007,1,19,0,1,7,3,0,0,0,0,0,0,2,1,6,1,32,6,-1,-1,-1,-1,-1,-1,-1,0
Unvalidated,2024201459007,2024,201459007,2,90,0,18,5,1,9,0,0,0,0,0,3,1,6,1,16,4,-1,-1,-1,-1,1,1,E01033645,1
Unvalidated,2024201459031,2024,201459031,1,9,0,1,5,1,0,0,0,4,0,0,2,1,6,1,47,8,-1,-1,-1,-1,-1,-1,-1,0
Unvalidated,2024201459031,2024,201459031,2,9,0,2,0,0,0,0,0,0,0,0,1,1,6,2,44,7,-1,-1,-1,-1,-1,-1,-1,0
Unvalidated,2024201459087,2024,201459087,1,9,0,18,4,8,0,1,0,0,0,0,1,1,6,2,30,6,-1,-1,-1,-1,-1,-1,-1,0
Unvalidated,2024201459087,2024,201459087,2,9,0,3,4,8,0,1,0,0,0,0,2,1,5,1,53,8,-1,-1,-1,-1,3,1,E01009597,0
Unvalidated,2024201459192,2024,201459192,1,9,0,18,7,3,0,0,0,0,0,0,1,1,6,3,21,5,-1,-1,-1,-1,-1,-1,-1,0
Unvalidated,2024201459192,2024,201459192,2,1,0,5,1,5,0,0,0,0,0,0,1,1,6,1,20,4,-1,-1,-1,-1,-1,-1,-1,0
Unvalidated,2024201459221,2024,201459221,1,9,0,18,8,4,0,1,0,0,0,0,1,1,6,1,28,6,-1,-1,-1,-1,2,1,E01009121,0
Unvalidated,2024201459221,2024,201459221,2,9,0,3,8,4,0,1,0,0,0,0,2,1,5,1,54,8,-1,-1,-1,-1,4,1,E01009085,0
Unvalidated,2024201459261,2024,201459261,1,11,0,15,2,6,1,0,0,0,0,0,1,1,1,1,40,7,-1,-1,-1,-1,1,1,E01009486,0
Unvalidated,2024201459261,2024,201459261,2,22,0,18,2,6,0,0,0,0,0,0,2,1,6,1,52,8,-1,-1,-1,-1,1,1,E01033639,0
Unvalidated,2024201459330,2024,201459330,1,9,9,18,1,1,0,0,9,99,0,0,1,1,6,1,36,7,-1,-1,-1,-1,9,1,E01033531,0
Unvalidated,2024201459330,2024,201459330,2,9,0,2,0,0,0,0,0,0,0,0,3,1,5,2,35,6,-1,-1,-1,-1,2,1,E01009044,0
Unvalidated,2024201459421,2024,201459421,1,9,0,18,4,8,0,8,0,0,0,0,1,1,6,3,-1,-1,-1,-1,-1,-1,-1,-1,-1,0
Unvalidated,2024201459421,2024,201459421,2,9,0,9,2,8,0,6,0,0,0,0,2,1,5,1,53,8,-1,-1,-1,-1,1,1,E01008966,0
Unvalidated,2024201459438,2024,201459438,1,9,0,18,8,4,0,8,0,0,0,0,4,1,6,2,56,9,-1,-1,-1,-1,-1,-1,-1,0
Unvalidated,2024201459438,2024,201459438,2,19,0,18,2,6,0,8,0,0,0,0,1,1,6,1,38,7,-1,-1,-1,-1,-1,-1,-1,0
Unvalidated,2024201459505,2024,201459505,1,19,0,18,2,6,0,1,0,0,0,0,1,1,1,1,50,8,-1,-1,-1,-1,6,1,E01009520,0
Unvalidated,2024201459505,2024,201459505,2,1,0,18,8,4,0,8,0,0,0,0,4,1,6,1,59,9,-1,-1,-1,-1,1,1,E01009379,0
Unvalidated,2024201459610,2024,201459610,1,98,0,18,1,5,0,8,0,0,0,0,1,1,6,1,41,7,-1,-1,-1,-1,3,1,E01009112,0
Unvalidated,2024201459610,2024,201459610,2,9,0,18,3,1,0,8,0,7,0,0,4,1,6,1,41,7,-1,-1,-1,-1,2,1,E01009064,0
Unvalidated,2024201459638,2024,201459638,1,9,0,18,8,4,0,1,0,0,0,0,1,1,6,1,20,4,-1,-1,-1,-1,1,1,E01009321,0
Unvalidated,2024201459638,2024,201459638,2,9,0,13,8,4,0,1,0,0,0,0,3,1,6,1,20,4,-1,-1,-1,-1,6,2,E01031211,0
Unvalidated,2024201459638,2024,201459638,3,9,0,5,4,8,0,1,0,0,0,0,3,1,2,1,56,9,-1,-1,-1,-1,1,1,E01009341,0
Unvalidated,2024201459846,2024,201459846,1,9,0,18,2,7,0,2,0,0,1,0,1,1,6,1,51,8,-1,-1,-1,-1,2,1,E01010074,0
Unvalidated,2024201459846,2024,201459846,2,9,0,5,1,7,0,2,0,0,1,0,1,1,6,1,27,6,-1,-1,-1,-1,3,1,E01009954,0
Unvalidated,2024201460067,2024,201460067,1,9,0,18,4,8,0,8,0,0,0,0,1,1,6,2,43,7,-1,-1,-1,-1,3,1,E01008890,0
Unvalidated,2024201460067,2024,201460067,2,9,0,18,8,4,0,8,0,0,0,0,1,1,6,2,42,7,-1,-1,-1,-1,2,1,E01009412,0
Unvalidated,2024201460131,2024,201460131,1,9,0,14,2,6,0,0,0,0,0,0,1,1,3,2,41,7,-1,-1,-1,-1,2,1,E01008943,0
Unvalidated,2024201460271,2024,201460271,1,9,0,9,5,3,0,5,0,0,0,0,1,1,5,1,19,4,-1,-1,-1,-1,1,1,E01009354,0
Unvalidated,2024201460271,2024,201460271,2,9,0,18,1,5,0,8,0,0,0,0,1,1,5,1,25,5,-1,-1,-1,-1,6,1,E01009278,0
Unvalidated,2024201460355,2024,201460355,1,9,0,11,4,8,0,0,0,0,0,0,1,1,5,1,27,6,-1,-1,-1,-1,1,1,E01009195,0
Unvalidated,2024201460355,2024,201460355,2,9,0,18,4,8,0,0,0,0,0,0,2,1,5,1,21,5,-1,-1,-1,-1,1,1,E01014124,0
Unvalidated,2024201460355,2024,201460355,3,9,0,18,4,8,0,0,0,0,0,0,2,1,5,1,49,8,-1,-1,-1,-1,4,1,E01009583,0
Unvalidated,2024201460433,2024,201460433,1,9,0,1,1,5,0,0,0,0,0,0,2,1,6,3,-1,-1,-1,-1,-1,-1,-1,-1,-1,0
Unvalidated,2024201460433,2024,201460433,2,3,0,3,2,6,0,0,0,0,0,0,1,1,6,1,28,6,-1,-1,-1,-1,5,1,E01009046,0
Unvalidated,2024201460463,2024,201460463,1,9,0,1,1,5,0,0,0,0,0,0,2,1,6,1,-1,-1,-1,-1,-1,-1,-1,-1,-1,0
Unvalidated,2024201460494,2024,201460494,1,9,0,5,3,8,0,6,0,0,0,0,4,1,5,1,29,6,-1,-1,-1,-1,1,1,E01009080,0
Unvalidated,2024201460494,2024,201460494,2,9,0,18,4,8,0,8,1,0,0,0,1,1,5,2,28,6,-1,-1,-1,-1,1,1,E01009013,0
Unvalidated,2024201460638,2024,201460638,1,9,0,18,1,5,0,1,0,0,0,0,1,1,6,1,41,7,-1,-1,-1,-1,-1,-1,-1,0
Unvalidated,2024201460638,2024,201460638,2,9,0,18,1,5,0,6,0,10,1,0,2,1,5,1,50,8,-1,-1,-1,-1,2,1,E01009481,0
Unvalidated,2024201460693,2024,201460693,1,9,0,18,5,1,0,0,0,0,0,0,1,1,6,1,-1,-1,-1,-1,-1,-1,-1,-1,-1,0
Unvalidated,2024201460700,2024,201460700,1,21,0,18,1,6,0,0,0,0,0,0,3,1,2,2,40,7,-1,-1,-1,-1,2,1,E01009809,0
Unvalidated,2024201460700,2024,201460700,2,9,0,18,5,1,0,0,0,0,0,0,3,1,1,1,41,7,-1,-1,-1,-1,2,1,E01009809,0
Unvalidated,2024201460726,2024,201460726,1,8,0,18,3,7,0,2,0,0,0,0,1,1,1,1,43,7,-1,-1,-1,-1,3,1,E01010327,0
Unvalidated,2024201460759,2024,201460759,1,9,0,5,7,3,0,8,0,0,0,0,3,1,5,2,77,11,-1,-1,-1,-1,6,1,E01010339,0
Unvalidated,2024201460759,2024,201460759,2,2,0,18,5,1,0,8,0,0,0,0,1,1,2,1,17,4,-1,-1,-1,-1,3,1,E01010099,0
Unvalidated,2024201460813,2024,201460813,1,2,0,18,7,3,0,0,0,0,0,0,1,1,6,3,-1,-1,-1,-1,-1,-1,-1,-1,-1,0
Unvalidated,2024201460852,2024,201460852,1,9,0,18,6,2,0,1,1,0,0,0,1,1,6,1,-1,-1,-1,-1,-1,-1,-1,-1,-1,0
Unvalidated,2024201460852,2024,201460852,2,9,0,7,6,2,0,1,1,0,0,0,2,1,6,2,43,7,-1,-1,-1,-1,1,1,E01009173,0
Unvalidated,2024201460861,2024,201460861,1,9,0,7,-1,-1,99,0,0,99,0,0,9,1,5,1,-1,-1,-1,-1,-1,-1,-1,-1,-1,0
Unvalidated,2024201460897,2024,201460897,1,9,0,9,7,5,0,6,0,0,0,0,1,1,5,1,73,10,-1,-1,-1,-1,5,1,E01010285,0
Unvalidated,2024201460897,2024,201460897,2,90,0,18,5,1,0,8,0,0,0,0,1,1,6,1,21,5,-1,-1,-1,-1,2,1,E01010315,1
Unvalidated,2024201460913,2024,201460913,1,19,0,10,4,3,0,8,0,0,0,0,4,1,5,1,-1,-1,-1,-1,-1,-1,1,1,E01010368,0
Unvalidated,2024201460913,2024,201460913,2,9,0,18,4,8,0,8,0,0,0,0,0,1,5,1,53,8,-1,-1,-1,-1,4,1,E01009767,0
Unvalidated,2024201460966,2024,201460966,1,9,0,18,3,7,0,6,0,0,0,0,1,1,1,1,29,6,-1,-1,-1,-1,1,1,E01009892,0
Unvalidated,2024201460966,2024,201460966,2,9,0,18,5,1,0,8,0,0,0,0,3,1,6,2,65,9,-1,-1,-1,-1,5,1,E01010534,0
Unvalidated,2024201460973,2024,201460973,1,9,0,18,6,2,0,4,0,0,0,0,3,1,6,3,-1,-1,-1,-1,-1,-1,-1,-1,-1,0
Unvalidated,2024201460973,2024,201460973,2,1,0,18,4,8,0,8,2,0,0,0,1,1,2,1,19,4,-1,-1,-1,-1,8,1,E01009530,0
Unvalidated,2024201461024,2024,201461024,1,9,0,7,1,5,0,1,0,0,0,0,1,2,6,3,-1,-1,-1,-1,-1,-1,-1,-1,-1,0
Unvalidated,2024201461024,2024,201461024,2,9,0,18,7,3,0,1,0,0,0,0,4,1,6,1,20,4,-1,-1,-1,-1,1,1,E01009269,0
Unvalidated,2024201461028,2024,201461028,1,9,0,5,2,6,0,0,0,0,0,0,1,1,6,3,-1,-1,-1,-1,-1,-1,-1,-1,-1,0
Unvalidated,2024201461028,2024,201461028,2,9,0,3,2,6,0,0,0,0,0,0,2,1,6,2,31,6,-1,-1,-1,-1,1,1,E01010269,0
Unvalidated,2024201461065,2024,201461065,1,9,0,9,2,8,0,5,0,0,0,0,1,1,6,2,25,5,-1,-1,-1,-1,1,1,E01009298,0
Unvalidated,2024201461191,2024,201461191,1,9,0,11,7,3,0,0,0,0,0,0,1,1,1,1,26,6,-1,-1,-1,-1,1,1,E01009371,0
Unvalidated,2024201461191,2024,201461191,2,9,0,18,7,3,0,0,0,0,0,0,3,1,2,2,53,8,-1,-1,-1,-1,1,1,E01009983,0
Unvalidated,2024201461347,2024,201461347,1,9,0,18,6,8,0,8,0,0,0,0,3,1,6,1,35,6,-1,-1,-1,-1,3,1,E01009086,0
Unvalidated,2024201461347,2024,201461347,2,3,0,18,4,8,0,8,2,0,0,0,4,1,6,1,24,5,-1,-1,-1,-1,1,1,E01033647,0
Unvalidated,2024201461388,2024,201461388,1,9,0,1,3,7,9,0,0,0,0,0,2,1,6,3,-1,-1,-1,-1,-1,-1,-1,-1,-1,0
Unvalidated,2024201461388,2024,201461388,2,9,0,18,3,7,0,0,0,0,0,0,1,1,6,3,-1,-1,-1,-1,-1,-1,-1,-1,-1,0
Unvalidated,2024201461468,2024,201461468,1,8,0,18,6,2,0,6,0,0,0,0,1,1,6,1,40,7,-1,-1,-1,-1,1,1,E01009640,0
Unvalidated,2024201461468,2024,201461468,2,9,0,18,6,2,0,1,5,0,0,0,2,1,6,3,-1,-1,-1,-1,-1,-1,-1,-1,-1,0
Unvalidated,2024201461528,2024,201461528,1,9,0,7,1,7,0,1,0,0,0,0,3,1,5,2,70,10,-1,-1,-1,-1,7,1,E01010505,0
Unvalidated,2024201461528,2024,201461528,2,9,0,7,1,3,0,5,0,0,0,0,1,1,6,3,30,6,-1,-1,-1,-1,-1,-1,-1,0
Unvalidated,2024201461574,2024,201461574,1,9,0,18,8,4,0,0,0,0,0,0,3,1,6,1,-1,-1,-1,-1,-1,-1,-1,-1,-1,0
Unvalidated,2024201461574,2024,201461574,2,1,0,18,8,4,0,0,0,4,0,0,1,1,6,1,11,3,-1,-1,-1,-1,1,1,E01009963,0
Unvalidated,2024201461728,2024,201461728,1,9,0,5,8,6,0,6,1,0,0,0,4,1,6,3,-1,-1,-1,-1,-1,-1,-1,-1,-1,0
Unvalidated,2024201461728,2024,201461728,2,9,0,18,6,3,0,8,0,0,0,0,1,1,5,1,48,8,-1,-1,-1,-1,3,1,E01009264,0
Unvalidated,2024201461793,2024,201461793,1,9,0,1,4,8,0,0,0,0,0,0,2,1,6,1,30,6,-1,-1,-1,-1,-1,-1,-1,0
Unvalidated,2024201461793,2024,201461793,2,9,0,2,0,0,0,0,0,0,0,0,1,1,6,1,28,6,-1,-1,-1,-1,2,1,E01009014,0
Unvalidated,2024201461814,2024,201461814,1,9,0,18,8,4,0,0,0,0,0,0,1,1,6,1,25,5,-1,-1,-1,-1,3,1,E01010097,0
Unvalidated,2024201461814,2024,201461814,2,9,0,18,8,4,0,0,0,0,0,0,2,1,6,1,46,8,-1,-1,-1,-1,6,3,E01030068,0
Unvalidated,2024201461814,2024,201461814,3,9,0,18,8,4,0,0,0,0,0,0,2,1,6,1,34,6,-1,-1,-1,-1,3,1,E01010018,0
Unvalidated,2024201461906,2024,201461906,1,3,0,18,4,8,0,0,1,0,0,0,1,1,6,1,60,9,-1,-1,-1,-1,6,1,E01029622,0
Unvalidated,2024201461906,2024,201461906,2,9,0,18,4,8,0,0,0,0,0,0,3,1,6,2,57,9,-1,-1,-1,-1,6,1,E01029640,0
Unvalidated,2024201461923,2024,201461923,1,9,0,7,8,2,0,5,0,0,0,0,2,1,1,1,49,8,-1,-1,-1,-1,3,1,E01009145,0
Unvalidated,2024201461923,2024,201461923,2,9,0,15,8,8,0,8,0,0,0,0,1,1,6,1,32,6,-1,-1,-1,-1,1,1,E01010063,0
Unvalidated,2024201462091,2024,201462091,1,9,0,3,3,7,0,0,0,0,0,0,1,1,6,1,23,5,-1,-1,-1,-1,5,1,E01009895,0
Unvalidated,2024201462091,2024,201462091,2,9,0,3,3,7,0,0,0,0,0,0,2,1,2,1,26,6,-1,-1,-1,-1,1,1,E01010054,0
Unvalidated,2024201462142,2024,201462142,1,9,0,18,3,7,0,0,0,0,0,0,1,1,6,1,18,4,-1,-1,-1,-1,-1,-1,-1,0
Unvalidated,2024201462142,2024,201462142,2,9,0,3,3,7,0,0,0,0,0,0,2,1,5,1,38,7,-1,-1,-1,-1,2,1,E01008881,0
Unvalidated,2024201462209,2024,201462209,1,9,0,9,8,6,0,5,0,0,0,0,1,1,6,1,31,6,-1,-1,-1,-1,6,1,E01009041,0
Unvalidated,2024201462209,2024,201462209,2,9,0,4,5,1,0,1,0,0,0,0,3,1,5,1,44,7,-1,-1,-1,-1,4,1,E01009030,0
Unvalidated,2024201462228,2024,201462228,1,9,0,18,6,2,0,0,0,0,0,0,1,1,5,3,-1,-1,-1,-1,-1,-1,-1,-1,-1,0
Unvalidated,2024201462228,2024,201462228,2,9,0,18,4,8,0,0,0,10,7,0,2,1,2,1,28,6,-1,-1,-1,-1,1,1,E01009192,0
Unvalidated,2024201462356,2024,201462356,1,5,0,18,1,5,0,0,0,0,0,0,1,1,6,1,43,7,-1,-1,-1,-1,8,1,E01009252,0
Unvalidated,2024201462356,2024,201462356,2,9,0,12,1,5,0,0,0,0,0,0,2,1,6,1,24,5,-1,-1,-1,-1,4,1,E01010426,0
Unvalidated,2024201462621,2024,201462621,1,9,0,3,8,4,0,0,0,0,0,0,4,1,6,1,25,5,-1,-1,-1,-1,-1,-1,-1,0
Unvalidated,2024201462621,2024,201462621,2,3,0,3,8,4,0,0,0,0,0,0,3,1,6,1,28,6,-1,-1,-1,-1,1,1,E01008914,0
Unvalidated,2024201462655,2024,201462655,1,9,0,18,7,2,0,0,0,0,0,0,1,1,6,1,35,6,-1,-1,-1,-1,1,1,E01010532,0