status,collision_index,collision_year,collision_reference,vehicle_reference,vehicle_type,towing_and_articulation,vehicle_manoeuvre,vehicle_direction_from,vehicle_direction_to,vehicle_location_restricted_lane,junction_location,skidding_and_overturning,hit_object_in_carriageway,vehicle_leaving_carriageway,hit_object_off_carriageway,first_point_of_impact,vehicle_left_hand_drive,journey_purpose_of_driver,sex_of_driver,age_of_driver,age_band_of_driver,engine_capacity_cc,propulsion_code,age_of_vehicle,generic_make_model,driver_imd_decile,driver_home_area_type,lsoa_of_driver,escooter_flag
Unvalidated,2024201462655,2024,201462655,2,9,0,18,2,6,0,0,0,0,0,0,1,1,6,2,82,11,-1,-1,-1,-1,7,1,E01010394,0
Unvalidated,2024201462707,2024,201462707,1,9,0,18,5,1,0,0,0,0,0,0,1,1,6,2,59,9,-1,-1,-1,-1,1,1,E01009570,0
Unvalidated,2024201462707,2024,201462707,2,1,0,18,5,1,0,0,0,0,0,0,4,1,6,1,35,6,-1,-1,-1,-1,3,1,E01009624,0
Unvalidated,2024201462721,2024,201462721,1,9,0,18,6,2,0,3,0,0,0,0,1,1,6,2,37,7,-1,-1,-1,-1,5,1,E01009179,0
Unvalidated,2024201462721,2024,201462721,2,9,0,3,2,1,0,3,0,0,0,0,2,1,1,1,49,8,-1,-1,-1,-1,2,1,E01009395,0
Unvalidated,2024201462734,2024,201462734,1,97,0,18,6,2,0,8,0,0,0,0,1,1,6,1,18,4,-1,-1,-1,-1,-1,-1,-1,0
Unvalidated,2024201462734,2024,201462734,2,9,0,10,6,4,0,8,0,0,0,0,2,1,6,2,26,6,-1,-1,-1,-1,-1,-1,-1,0
Unvalidated,2024201462768,2024,201462768,1,9,0,18,1,5,0,8,0,0,0,0,4,1,6,1,-1,-1,-1,-1,-1,-1,-1,-1,-1,0
Unvalidated,2024201462768,2024,201462768,2,1,0,7,3,5,0,6,0,0,0,0,3,1,2,1,23,5,-1,-1,-1,-1,7,1,E01009189,0
Unvalidated,2024201462864,2024,201462864,1,9,0,18,2,8,0,8,0,0,0,0,4,1,6,1,50,8,-1,-1,-1,-1,-1,-1,-1,0
Unvalidated,2024201462864,2024,201462864,2,9,0,18,2,8,0,8,0,0,0,0,4,1,5,1,58,9,-1,-1,-1,-1,1,1,E01009362,0
Unvalidated,2024201462951,2024,201462951,1,9,0,11,7,2,0,0,0,0,0,0,2,1,6,1,21,5,-1,-1,-1,-1,5,1,E01022321,0
Unvalidated,2024201462951,2024,201462951,2,98,0,18,7,3,0,0,0,0,0,0,3,1,1,3,42,7,-1,-1,-1,-1,5,1,E01007757,0
Unvalidated,2024201462951,2024,201462951,3,19,0,18,7,3,0,0,0,0,0,0,1,1,1,3,55,8,-1,-1,-1,-1,5,1,E01010402,0
Unvalidated,2024201463008,2024,201463008,1,98,0,11,6,2,0,0,0,0,0,0,3,1,1,1,45,7,-1,-1,-1,-1,-1,-1,-1,0
Unvalidated,2024201463008,2024,201463008,2,9,0,18,6,2,0,0,0,0,0,0,4,1,5,1,58,9,-1,-1,-1,-1,8,1,E01004085,0
Unvalidated,2024201463046,2024,201463046,1,9,0,18,4,2,0,6,0,0,0,0,0,1,6,3,-1,-1,-1,-1,-1,-1,-1,-1,-1,0
Unvalidated,2024201463046,2024,201463046,2,9,0,18,4,8,0,8,0,10,1,2,1,1,5,2,49,8,-1,-1,-1,-1,1,1,E01010236,0
Unvalidated,2024201463327,2024,201463327,1,98,0,18,5,1,0,8,0,0,0,0,2,1,1,1,30,6,-1,-1,-1,-1,5,1,E01009432,0
Unvalidated,2024201463327,2024,201463327,2,9,0,9,2,1,0,6,0,0,0,0,1,1,3,2,42,7,-1,-1,-1,-1,1,1,E01010275,0
Unvalidated,2024201463357,2024,201463357,1,9,0,18,1,5,0,0,0,0,0,0,1,1,6,1,22,5,-1,-1,-1,-1,2,1,E01009233,0
Unvalidated,2024201463357,2024,201463357,2,9,0,2,0,0,0,0,0,0,0,0,2,1,6,3,-1,-1,-1,-1,-1,-1,-1,-1,-1,0
Unvalidated,2024201463357,2024,201463357,3,9,0,2,0,0,0,0,0,0,0,0,2,1,6,3,-1,-1,-1,-1,-1,-1,-1,-1,-1,0
Unvalidated,2024201463363,2024,201463363,1,9,0,18,6,2,0,0,0,0,0,0,1,1,6,1,45,7,-1,-1,-1,-1,5,1,E01009072,0
Unvalidated,2024201463363,2024,201463363,2,9,0,18,6,2,0,0,0,0,0,0,2,1,6,2,41,7,-1,-1,-1,-1,3,1,E01008921,0
Unvalidated,2024201463402,2024,201463402,1,9,0,18,6,1,0,1,0,10,1,11,1,1,6,1,39,7,-1,-1,-1,-1,2,1,E01010409,0
Unvalidated,2024201463402,2024,201463402,2,9,0,9,7,6,0,5,0,0,0,0,3,1,6,1,42,7,-1,-1,-1,-1,3,1,E01010501,0
Unvalidated,2024201463423,2024,201463423,1,9,0,18,8,4,0,0,0,0,0,0,1,1,6,2,60,9,-1,-1,-1,-1,7,1,E01029385,0
Unvalidated,2024201463423,2024,201463423,2,9,0,18,4,8,0,0,0,0,0,0,1,1,6,2,45,7,-1,-1,-1,-1,8,1,E01010352,0
Unvalidated,2024201463423,2024,201463423,3,9,0,18,4,8,0,0,0,0,0,0,2,1,6,1,-1,-1,-1,-1,-1,-1,-1,-1,-1,0
Unvalidated,2024201463425,2024,201463425,1,9,0,13,7,3,0,0,0,0,0,0,4,1,6,3,-1,-1,-1,-1,-1,-1,-1,-1,-1,0
Unvalidated,2024201463425,2024,201463425,2,9,0,3,8,4,0,0,0,0,0,0,3,1,6,1,57,9,-1,-1,-1,-1,1,1,E01010286,0
Unvalidated,2024201463450,2024,201463450,1,9,0,9,7,5,0,1,0,0,0,0,1,1,1,1,36,7,-1,-1,-1,-1,3,1,E01009876,0
Unvalidated,2024201463450,2024,201463450,2,9,0,18,4,2,0,1,0,0,0,0,3,1,6,1,42,7,-1,-1,-1,-1,2,1,E01009955,0
Unvalidated,2024201463476,2024,201463476,1,9,0,18,5,2,0,1,1,0,0,0,1,1,6,1,35,6,-1,-1,-1,-1,1,1,E01010416,0
Unvalidated,2024201463476,2024,201463476,2,90,0,9,7,5,0,6,0,0,0,0,3,1,1,1,46,8,-1,-1,-1,-1,1,1,E01010274,0
Unvalidated,2024201463507,2024,201463507,1,9,0,18,2,6,0,4,0,0,0,0,1,1,6,2,63,9,-1,-1,-1,-1,5,1,E01008969,0
Unvalidated,2024201463507,2024,201463507,2,9,0,18,7,5,0,4,0,0,0,0,4,1,6,2,43,7,-1,-1,-1,-1,2,1,E01009515,0
Unvalidated,2024201463539,2024,201463539,1,9,0,18,2,6,0,0,0,0,0,0,1,1,6,1,30,6,-1,-1,-1,-1,-1,-1,-1,0
Unvalidated,2024201463539,2024,201463539,2,98,0,12,2,6,0,0,0,0,0,0,1,1,1,3,-1,-1,-1,-1,-1,-1,-1,-1,-1,0
Unvalidated,2024201463557,2024,201463557,1,9,0,18,3,7,0,1,0,0,0,0,1,1,6,1,28,6,-1,-1,-1,-1,1,1,E01005024,0
Unvalidated,2024201463557,2024,201463557,2,9,0,18,1,2,0,1,0,0,0,0,3,1,6,1,24,5,-1,-1,-1,-1,1,1,E01033637,0
Unvalidated,2024201463852,2024,201463852,1,9,0,18,2,4,0,0,0,0,0,0,1,1,6,1,25,5,-1,-1,-1,-1,2,1,E01010016,0
Unvalidated,2024201463852,2024,201463852,2,8,0,18,2,4,0,0,0,0,0,0,1,1,6,1,43,7,-1,-1,-1,-1,-1,-1,-1,0
Unvalidated,2024201464042,2024,201464042,1,9,0,14,6,2,0,0,0,0,0,0,1,1,3,1,69,10,-1,-1,-1,-1,3,1,E01008936,0
Unvalidated,2024201464042,2024,201464042,2,11,0,2,0,0,0,0,0,0,0,0,0,1,1,1,-1,-1,-1,-1,-1,-1,3,1,E01008945,0
Unvalidated,2024201464388,2024,201464388,1,11,0,18,3,1,0,8,0,0,0,0,1,1,1,1,60,9,-1,-1,-1,-1,-1,-1,-1,0
Unvalidated,2024201464388,2024,201464388,2,9,0,7,3,5,0,6,0,0,0,0,3,1,6,2,37,7,-1,-1,-1,-1,2,1,E01010074,0
Unvalidated,2024201464856,2024,201464856,1,9,0,5,1,3,9,8,0,0,0,0,1,1,6,2,-1,-1,-1,-1,-1,-1,-1,-1,-1,0
Unvalidated,2024201464856,2024,201464856,2,1,0,18,7,3,9,8,0,0,0,0,4,1,6,1,43,7,-1,-1,-1,-1,7,1,E01009318,0
Unvalidated,2024201465122,2024,201465122,1,9,0,18,5,1,0,1,0,10,7,2,1,1,6,3,30,6,-1,-1,-1,-1,-1,-1,-1,0
Unvalidated,2024201465122,2024,201465122,2,9,0,3,5,1,0,1,0,0,0,0,2,1,6,1,40,7,-1,-1,-1,-1,-1,-1,-1,0
Unvalidated,2024201465122,2024,201465122,3,9,0,18,5,1,0,1,0,0,0,0,2,1,6,1,41,7,-1,-1,-1,-1,-1,-1,-1,0
Unvalidated,2024201465434,2024,201465434,1,9,0,18,1,5,0,0,0,12,0,0,1,1,5,2,32,6,-1,-1,-1,-1,3,1,E01008977,0
Unvalidated,2024201465711,2024,201465711,1,9,0,18,4,8,0,1,0,0,0,0,4,1,5,1,35,6,-1,-1,-1,-1,4,1,E01031073,0
Unvalidated,2024201465711,2024,201465711,2,9,0,18,1,4,0,2,0,0,0,0,1,1,6,3,-1,-1,-1,-1,-1,-1,-1,-1,-1,0
Unvalidated,2024201465741,2024,201465741,1,9,0,18,4,8,0,1,0,0,0,0,1,1,5,3,-1,-1,-1,-1,-1,-1,-1,-1,-1,0
Unvalidated,2024201465741,2024,201465741,2,9,0,18,4,8,0,4,0,0,0,0,2,1,5,1,56,9,-1,-1,-1,-1,5,1,E01010069,0
Unvalidated,2024201466012,2024,201466012,1,9,0,5,6,2,0,1,0,0,0,0,1,1,6,3,18,4,-1,-1,-1,-1,-1,-1,-1,0
Unvalidated,2024201466012,2024,201466012,2,8,0,18,6,2,0,1,0,0,0,0,4,1,1,1,53,8,-1,-1,-1,-1,1,1,E01033640,0
Unvalidated,2024201466215,2024,201466215,1,9,0,9,8,5,0,5,0,0,0,0,1,1,6,2,44,7,-1,-1,-1,-1,1,1,E01010273,0
Unvalidated,2024201466296,2024,201466296,1,9,0,9,7,5,0,5,0,0,0,0,3,1,5,1,82,11,-1,-1,-1,-1,5,1,E01009447,0
Unvalidated,2024201466296,2024,201466296,2,90,0,13,7,3,0,8,0,7,7,0,1,1,6,1,-1,-1,-1,-1,-1,-1,2,1,E01009445,1
Unvalidated,2024201466327,2024,201466327,1,9,0,18,-1,-1,0,0,0,0,0,0,4,1,6,3,-1,-1,-1,-1,-1,-1,-1,-1,-1,0
Unvalidated,2024201466327,2024,201466327,2,1,0,14,-1,-1,0,0,0,0,0,0,1,1,6,1,27,6,-1,-1,-1,-1,5,1,E01008975,0
Unvalidated,2024201466333,2024,201466333,1,19,0,18,4,8,0,0,1,0,0,0,1,1,5,3,-1,-1,-1,-1,-1,-1,-1,-1,-1,0
Unvalidated,2024201466333,2024,201466333,2,90,0,18,4,8,0,0,0,0,0,0,2,1,5,2,-1,-1,-1,-1,-1,-1,-1,-1,-1,1
Unvalidated,2024201466358,2024,201466358,1,9,0,5,6,2,0,0,0,0,0,0,1,1,6,2,28,6,-1,-1,-1,-1,5,1,E01009009,0
Unvalidated,2024201466439,2024,201466439,1,9,0,18,-1,-1,0,-1,0,0,0,0,3,1,5,1,26,6,-1,-1,-1,-1,10,1,E01009807,0
Unvalidated,2024201466439,2024,201466439,2,9,0,18,-1,-1,0,-1,0,0,0,0,1,1,5,2,52,8,-1,-1,-1,-1,4,1,E01010072,0
Unvalidated,2024201466470,2024,201466470,1,4,0,5,2,6,0,6,0,0,0,0,1,1,5,1,25,5,-1,-1,-1,-1,1,1,E01009410,0
Unvalidated,2024201466470,2024,201466470,2,9,0,18,2,6,0,8,0,0,0,0,2,1,5,1,24,5,-1,-1,-1,-1,1,1,E01009124,0
Unvalidated,2024201466716,2024,201466716,1,-1,0,18,2,5,0,2,0,0,0,0,1,1,6,3,-1,-1,-1,-1,-1,-1,-1,-1,-1,0
Unvalidated,2024201466716,2024,201466716,2,1,0,13,1,5,0,2,0,0,0,0,1,1,6,1,-1,-1,-1,-1,-1,-1,-1,-1,-1,0
Unvalidated,2024201466744,2024,201466744,1,9,0,18,1,5,0,1,0,0,0,0,4,1,1,1,62,9,-1,-1,-1,-1,3,1,E01008921,0
Unvalidated,2024201467033,2024,201467033,1,9,0,18,3,7,0,0,5,10,0,0,1,1,6,1,36,7,-1,-1,-1,-1,2,1,E01010264,0
Unvalidated,2024201467132,2024,201467132,1,9,0,9,2,8,0,5,0,0,0,0,1,1,6,2,41,7,-1,-1,-1,-1,5,1,E01009240,0
Unvalidated,2024201467132,2024,201467132,2,1,0,18,6,2,0,6,0,0,0,0,3,1,1,1,34,6,-1,-1,-1,-1,1,1,E01009141,0
Unvalidated,2024201467227,2024,201467227,1,1,0,18,2,6,0,1,0,0,0,0,1,1,5,1,15,3,-1,-1,-1,-1,-1,-1,-1,0
Unvalidated,2024201467227,2024,201467227,2,9,0,8,4,6,0,1,0,0,0,0,3,1,5,2,43,7,-1,-1,-1,-1,4,1,E01008920,0
Unvalidated,2024201467246,2024,201467246,1,9,0,4,6,1,0,0,0,0,0,0,1,1,6,2,53,8,-1,-1,-1,-1,2,1,E01033635,0
Unvalidated,2024201467305,2024,201467305,1,9,0,7,5,8,0,4,0,0,0,0,3,1,6,1,37,7,-1,-1,-1,-1,8,1,E01010487,0
Unvalidated,2024201467305,2024,201467305,2,9,0,18,4,8,0,4,0,0,0,0,4,1,6,2,55,8,-1,-1,-1,-1,10,1,E01029662,0
Unvalidated,2024201467345,2024,201467345,1,9,0,18,2,6,0,1,0,0,0,0,3,1,6,2,20,4,-1,-1,-1,-1,3,1,E01009015,0
Unvalidated,2024201467345,2024,201467345,2,9,0,9,2,8,0,6,0,0,0,0,1,1,6,3,-1,-1,-1,-1,-1,-1,-1,-1,-1,0
Unvalidated,2024201467361,2024,201467361,1,9,0,1,4,6,0,0,0,0,0,0,2,1,6,1,45,7,-1,-1,-1,-1,-1,-1,-1,0
Unvalidated,2024201467536,2024,201467536,1,90,0,18,3,7,0,8,0,0,0,0,1,1,6,2,13,3,-1,-1,-1,-1,1,1,E01009310,0
Unvalidated,2024201467536,2024,201467536,2,9,0,18,5,1,0,8,0,0,0,0,1,1,6,1,45,7,-1,-1,-1,-1,2,1,E01010146,0
Unvalidated,2024201467605,2024,201467605,1,9,0,18,5,1,0,0,0,0,0,0,4,1,6,1,-1,-1,-1,-1,-1,-1,-1,-1,-1,0
Unvalidated,2024201468269,2024,201468269,1,11,0,18,2,6,0,0,0,0,0,0,1,1,5,1,63,9,-1,-1,-1,-1,9,1,E01027399,0
Unvalidated,2024201468269,2024,201468269,2,9,0,3,2,6,0,0,0,0,0,0,2,1,5,2,29,6,-1,-1,-1,-1,1,1,E01009212,0
Unvalidated,2024201468277,2024,201468277,1,19,0,9,6,4,0,1,0,0,0,0,1,1,6,3,-1,-1,-1,-1,-1,-1,-1,-1,-1,0
Unvalidated,2024201468277,2024,201468277,2,9,0,18,4,8,0,8,0,0,0,0,4,1,1,1,51,8,-1,-1,-1,-1,1,1,E01010478,0
Unvalidated,2024201468669,2024,201468669,1,9,0,18,1,5,0,0,0,0,0,0,1,1,6,3,-1,-1,-1,-1,-1,-1,-1,-1,-1,0
Unvalidated,2024201468984,2024,201468984,1,9,0,1,1,3,0,0,0,0,0,0,4,1,1,1,45,7,-1,-1,-1,-1,2,1,E01010003,0
Unvalidated,2024201468984,2024,201468984,2,9,0,18,5,1,0,0,0,0,0,0,3,1,6,2,24,5,-1,-1,-1,-1,7,3,E01031198,0
Unvalidated,2024201469000,2024,201469000,1,9,0,18,1,5,0,1,0,0,0,0,1,1,6,3,-1,-1,-1,-1,-1,-1,-1,-1,-1,0
Unvalidated,2024201469000,2024,201469000,2,3,0,18,1,5,0,1,0,10,1,11,1,1,6,3,-1,-1,-1,-1,-1,-1,-1,-1,-1,0
Unvalidated,2024201469019,2024,201469019,1,9,0,6,6,6,0,0,0,0,0,0,2,1,6,1,49,8,-1,-1,-1,-1,9,1,E01010319,0
Unvalidated,2024201469019,2024,201469019,2,1,0,18,6,2,0,0,0,0,0,0,1,1,6,1,60,9,-1,-1,-1,-1,6,1,E01010350,0
Unvalidated,2024201469186,2024,201469186,1,9,0,5,2,6,0,8,0,0,0,0,1,1,6,3,-1,-1,-1,-1,-1,-1,-1,-1,-1,0
Unvalidated,2024201469186,2024,201469186,2,9,0,5,8,4,0,8,0,0,0,0,1,1,1,2,46,8,-1,-1,-1,-1,2,1,E01010056,0
Unvalidated,2024201469226,2024,201469226,1,9,0,17,6,4,0,0,0,0,0,0,1,1,6,1,-1,-1,-1,-1,-1,-1,3,1,E01010566,0
Unvalidated,2024201469226,2024,201469226,2,9,0,16,4,6,99,0,0,0,0,0,1,1,6,1,27,6,-1,-1,-1,-1,2,1,E01010268,0
Unvalidated,2024201469226,2024,201469226,3,9,0,16,4,6,0,0,0,0,0,0,1,1,6,1,42,7,-1,-1,-1,-1,1,1,E01010269,0
Unvalidated,2024201469240,2024,201469240,1,9,0,2,0,0,0,1,0,0,0,0,2,1,3,1,-1,-1,-1,-1,-1,-1,-1,-1,-1,0
Unvalidated,2024201469263,2024,201469263,1,9,0,18,-1,-1,0,0,0,0,0,0,0,1,6,1,20,4,-1,-1,-1,-1,2,1,E01029356,0
Unvalidated,2024201469263,2024,201469263,2,9,0,18,-1,-1,0,0,0,0,0,0,0,1,6,1,40,7,-1,-1,-1,-1,9,1,E01029508,0
Unvalidated,2024201469271,2024,201469271,1,9,0,18,8,4,0,1,0,0,0,0,1,1,6,1,56,9,-1,-1,-1,-1,2,1,E01009050,0
Unvalidated,2024201469289,2024,201469289,1,9,0,9,3,7,9,2,0,0,0,0,1,1,6,1,43,7,-1,-1,-1,-1,1,1,E01009270,0
Unvalidated,2024201469334,2024,201469334,1,9,0,18,4,8,0,0,0,10,3,10,1,1,6,1,21,5,-1,-1,-1,-1,1,1,E01010063,0
Unvalidated,2024201469334,2024,201469334,2,9,0,18,4,8,0,0,0,0,0,0,0,1,1,3,-1,-1,-1,-1,-1,-1,-1,-1,-1,0
Unvalidated,2024201469493,2024,201469493,1,11,0,5,8,4,0,1,0,0,0,0,4,1,1,1,50,8,-1,-1,-1,-1,2,1,E01033641,0
Unvalidated,2024201470165,2024,201470165,1,9,0,5,1,5,0,0,0,0,0,0,1,1,6,2,58,9,-1,-1,-1,-1,1,1,E01010375,0
Unvalidated,2024201470165,2024,201470165,2,8,0,18,3,7,0,0,0,0,0,0,3,2,6,1,50,8,-1,-1,-1,-1,5,1,E01010306,0
Unvalidated,2024201470183,2024,201470183,1,8,0,18,2,6,0,0,0,0,0,0,1,1,6,1,70,10,-1,-1,-1,-1,1,1,E01009125,0
Unvalidated,2024201470324,2024,201470324,1,9,0,17,2,6,0,4,0,0,0,0,1,1,2,2,26,6,-1,-1,-1,-1,8,1,E01027267,0
Unvalidated,2024201470324,2024,201470324,2,9,0,18,4,7,0,4,0,0,0,0,3,1,6,2,27,6,-1,-1,-1,-1,1,1,E01010478,0
Unvalidated,2024201470462,2024,201470462,1,9,0,18,2,6,0,0,0,4,0,0,1,1,5,2,39,7,-1,-1,-1,-1,1,1,E01009173,0
Unvalidated,2024201470462,2024,201470462,2,9,0,2,0,0,0,0,0,0,0,0,3,1,6,3,-1,-1,-1,-1,-1,-1,-1,-1,-1,0
Unvalidated,2024201470619,2024,201470619,1,9,0,18,4,8,0,2,0,7,4,2,2,1,6,1,58,9,-1,-1,-1,-1,4,1,E01009224,0
Unvalidated,2024201470619,2024,201470619,2,9,0,18,4,8,0,2,0,0,0,0,1,1,6,3,-1,-1,-1,-1,-1,-1,-1,-1,-1,0
Unvalidated,2024201471225,2024,201471225,1,9,0,9,6,4,0,5,0,0,0,0,1,1,6,1,21,5,-1,-1,-1,-1,3,1,E01009792,0
Unvalidated,2024201471225,2024,201471225,2,97,0,5,2,6,0,8,0,0,0,0,1,1,6,1,37,7,-1,-1,-1,-1,1,1,E01009929,0
Unvalidated,2024201471412,2024,201471412,1,9,0,18,8,3,0,0,0,0,0,0,1,1,6,2,30,6,-1,-1,-1,-1,1,1,E01032888,0
Unvalidated,2024201471412,2024,201471412,2,9,0,18,8,3,0,0,0,0,0,0,2,1,6,2,26,6,-1,-1,-1,-1,3,1,E01029349,0
Unvalidated,2024201471412,2024,201471412,3,9,0,18,8,3,0,0,0,0,0,0,2,1,6,1,25,5,-1,-1,-1,-1,2,1,E01009121,0
Unvalidated,2024201471461,2024,201471461,1,9,0,18,1,5,0,6,0,0,0,0,0,1,6,3,-1,-1,-1,-1,-1,-1,-1,-1,-1,0
Unvalidated,2024201471461,2024,201471461,2,3,0,18,3,7,0,8,0,0,0,0,1,1,1,1,27,6,-1,-1,-1,-1,1,1,E01009026,0
Unvalidated,2024201471807,2024,201471807,1,9,0,18,1,6,9,1,0,4,0,0,1,1,6,1,19,4,-1,-1,-1,-1,1,1,E01009343,0
Unvalidated,2024201471807,2024,201471807,2,9,0,2,0,0,9,2,0,0,0,0,1,1,6,3,-1,-1,-1,-1,-1,-1,-1,-1,-1,0
Unvalidated,2024201471817,2024,201471817,1,-1,0,12,4,8,0,8,0,0,0,0,1,1,6,3,-1,-1,-1,-1,-1,-1,-1,-1,-1,0
Unvalidated,2024201471817,2024,201471817,2,9,0,12,4,8,0,8,0,0,0,0,2,1,6,2,58,9,-1,-1,-1,-1,2,1,E01009317,0
Unvalidated,2024201471826,2024,201471826,1,9,0,18,5,1,0,0,0,0,0,0,3,1,6,2,48,8,-1,-1,-1,-1,1,1,E01033632,0
Unvalidated,2024201471907,2024,201471907,1,9,0,9,1,7,0,2,0,0,0,0,1,1,6,1,27,6,-1,-1,-1,-1,7,1,E01009446,0
Unvalidated,2024201471938,2024,201471938,1,10,0,9,4,3,0,6,0,0,0,0,1,1,1,2,52,8,-1,-1,-1,-1,2,1,E01010535,0
Unvalidated,2024201471938,2024,201471938,2,11,0,18,4,8,0,8,0,0,0,0,3,1,1,1,32,6,-1,-1,-1,-1,1,1,E01010452,0
Unvalidated,2024201471975,2024,201471975,1,9,0,18,3,7,0,0,0,0,0,0,1,1,6,2,51,8,-1,-1,-1,-1,2,1,E01010309,0
Unvalidated,2024201471975,2024,201471975,2,1,0,18,3,7,0,0,0,0,0,0,3,1,4,1,13,3,-1,-1,-1,-1,2,1,E01010313,0
Unvalidated,2024201471992,2024,201471992,1,9,0,18,8,4,0,1,0,0,0,0,1,1,6,2,-1,-1,-1,-1,-1,-1,-1,-1,-1,0
Unvalidated,2024201471992,2024,201471992,2,1,0,18,8,4,0,1,0,0,0,0,1,1,6,1,15,3,-1,-1,-1,-1,5,1,E01010022,0
Unvalidated,2024201472173,2024,201472173,1,3,0,18,4,8,0,0,0,0,0,0,1,1,6,1,28,6,-1,-1,-1,-1,5,1,E01009046,0
Unvalidated,2024201472173,2024,201472173,2,9,0,18,4,8,0,0,0,0,0,0,4,1,6,1,42,7,-1,-1,-1,-1,3,1,E01009922,0
Unvalidated,2024201472173,2024,201472173,3,9,0,18,4,8,0,0,0,0,0,0,1,1,6,2,58,9,-1,-1,-1,-1,8,1,E01009736,0
Unvalidated,2024201472882,2024,201472882,1,2,0,18,8,5,0,0,0,0,0,0,3,1,6,1,33,6,-1,-1,-1,-1,6,1,E01031579,0
Unvalidated,2024201472882,2024,201472882,2,9,0,18,8,5,0,0,0,0,0,0,0,1,6,1,26,6,-1,-1,-1,-1,2,1,E01009746,0
Unvalidated,2024201472886,2024,201472886,1,9,0,18,1,4,0,8,2,7,7,0,1,1,6,3,27,6,-1,-1,-1,-1,2,1,E01010020,0
Unvalidated,2024201472886,2024,201472886,2,9,0,17,4,1,0,2,0,0,0,0,1,1,6,1,59,9,-1,-1,-1,-1,1,1,E01009962,0
Unvalidated,2024201472886,2024,201472886,3,9,0,18,4,1,0,2,0,0,0,0,1,1,2,2,-1,-1,-1,-1,-1,-1,5,1,E01009234,0
Unvalidated,2024201473274,2024,201473274,1,8,0,18,3,7,0,4,0,0,0,0,1,1,6,3,-1,-1,-1,-1,-1,-1,-1,-1,-1,0
Unvalidated,2024201473274,2024,201473274,2,1,0,9,5,1,0,3,0,0,0,0,3,1,2,2,26,6,-1,-1,-1,-1,1,1,E01033639,0
Unvalidated,2024201473430,2024,201473430,1,9,0,18,6,2,0,1,0,0,0,0,1,1,2,1,43,7,-1,-1,-1,-1,3,1,E01009790,0
Unvalidated,2024201473430,2024,201473430,2,9,0,18,6,2,0,1,0,0,0,0,3,1,6,1,51,8,-1,-1,-1,-1,8,1,E01010209,0
Unvalidated,2024201473870,2024,201473870,1,9,0,18,8,4,0,0,0,4,7,3,3,1,6,1,20,4,-1,-1,-1,-1,5,1,E01010337,0
Unvalidated,2024201473870,2024,201473870,2,9,0,2,0,0,0,0,0,0,0,0,0,1,6,1,-1,-1,-1,-1,-1,-1,2,1,E01009998,0
Unvalidated,2024201473870,2024,201473870,3,9,0,2,0,0,0,0,0,0,0,0,0,1,6,2,-1,-1,-1,-1,-1,-1,6,1,E01020338,0
Unvalidated,2024201474174,2024,201474174,1,9,0,18,6,2,0,8,0,0,0,0,1,1,6,1,-1,-1,-1,-1,-1,-1,-1,-1,-1,0
Unvalidated,2024201474174,2024,201474174,2,9,0,9,2,8,0,5,0,0,0,0,4,1,1,1,39,7,-1,-1,-1,-1,2,1,E01010088,0
Unvalidated,2024201474241,2024,201474241,1,9,-1,-1,-1,-1,-1,-1,-1,-1,-1,0,-1,1,1,1,-1,-1,-1,-1,-1,-1,1,1,E01009303,0
Unvalidated,2024201474241,2024,201474241,2,9,-1,-1,-1,-1,-1,-1,-1,-1,-1,0,-1,1,6,2,51,8,-1,-1,-1,-1,7,3,E01031033,0
Unvalidated,2024201474515,2024,201474515,1,9,0,18,1,5,0,1,0,0,0,0,1,1,1,3,-1,-1,-1,-1,-1,-1,2,1,E01009509,0
Unvalidated,2024201474515,2024,201474515,2,9,0,2,1,5,0,1,0,0,0,0,2,1,2,2,58,9,-1,-1,-1,-1,2,1,E01010204,0
Unvalidated,2024201474586,2024,201474586,1,9,0,18,2,4,0,6,0,0,0,0,1,1,6,3,-1,-1,-1,-1,-1,-1,-1,-1,-1,0
Unvalidated,2024201474586,2024,201474586,2,9,0,18,8,4,0,8,0,0,0,0,4,1,6,1,33,6,-1,-1,-1,-1,2,1,E01010071,0
Unvalidated,2024201474646,2024,201474646,1,9,0,18,5,1,0,8,0,0,0,0,1,1,6,3,-1,-1,-1,-1,-1,-1,-1,-1,-1,0
Unvalidated,2024201474646,2024,201474646,2,9,0,3,6,2,0,1,0,0,0,0,2,1,1,1,26,6,-1,-1,-1,-1,1,1,E01033628,0
Unvalidated,2024201474996,2024,201474996,1,9,0,15,6,2,0,8,0,0,0,0,1,1,6,3,-1,-1,-1,-1,-1,-1,-1,-1,-1,0
Unvalidated,2024201474996,2024,201474996,2,9,0,9,6,4,0,6,0,0,0,0,3,1,6,1,31,6,-1,-1,-1,-1,5,2,E01010165,0
Unvalidated,2024201475625,2024,201475625,1,9,0,13,6,2,0,8,0,10,7,11,1,1,6,3,30,6,-1,-1,-1,-1,7,1,E01009318,0
Unvalidated,2024201475625,2024,201475625,2,9,0,9,6,4,0,5,0,0,0,0,3,1,6,3,24,5,-1,-1,-1,-1,2,1,E01009043,0
Unvalidated,2024201475625,2024,201475625,3,9,0,18,6,2,0,1,0,0,0,0,3,1,6,1,-1,-1,-1,-1,-1,-1,-1,-1,-1,0
Unvalidated,2024201475630,2024,201475630,1,9,0,17,8,6,0,0,1,10,7,0,4,1,6,1,35,6,-1,-1,-1,-1,3,1,E01010089,0
Unvalidated,2024201475630,2024,201475630,2,9,0,16,6,2,0,0,0,0,0,0,1,1,6,1,23,5,-1,-1,-1,-1,7,1,E01008968,0