status,collision_index,collision_year,collision_reference,vehicle_reference,vehicle_type,towing_and_articulation,vehicle_manoeuvre,vehicle_direction_from,vehicle_direction_to,vehicle_location_restricted_lane,junction_location,skidding_and_overturning,hit_object_in_carriageway,vehicle_leaving_carriageway,hit_object_off_carriageway,first_point_of_impact,vehicle_left_hand_drive,journey_purpose_of_driver,sex_of_driver,age_of_driver,age_band_of_driver,engine_capacity_cc,propulsion_code,age_of_vehicle,generic_make_model,driver_imd_decile,driver_home_area_type,lsoa_of_driver,escooter_flag
Unvalidated,2024201475635,2024,201475635,1,9,0,4,4,8,0,1,1,0,0,0,1,1,1,1,-1,-1,-1,-1,-1,-1,2,1,E01009509,0
Unvalidated,2024201475635,2024,201475635,2,9,0,3,4,8,0,1,0,0,0,0,2,1,1,1,-1,-1,-1,-1,-1,-1,2,1,E01009509,0
Unvalidated,2024201475635,2024,201475635,3,9,0,4,4,8,0,1,0,0,0,0,0,1,6,1,41,7,-1,-1,-1,-1,1,1,E01009310,0
Unvalidated,2024201476091,2024,201476091,1,9,0,18,8,4,0,1,0,0,0,0,1,1,6,3,-1,-1,-1,-1,-1,-1,-1,-1,-1,0
Unvalidated,2024201476091,2024,201476091,2,9,0,18,2,6,0,2,0,0,0,0,1,1,2,1,34,6,-1,-1,-1,-1,1,1,E01033645,0
Unvalidated,2024201476095,2024,201476095,1,9,0,13,8,4,0,1,0,0,0,0,3,1,5,3,-1,-1,-1,-1,-1,-1,-1,-1,-1,0
Unvalidated,2024201476095,2024,201476095,2,1,0,18,8,4,0,1,0,10,1,0,3,1,2,1,37,7,-1,-1,-1,-1,1,1,E01008962,0
Unvalidated,2024201476442,2024,201476442,1,9,0,18,3,7,0,0,0,0,0,0,1,1,6,3,-1,-1,-1,-1,-1,-1,-1,-1,-1,0
Unvalidated,2024201476442,2024,201476442,2,1,0,18,1,5,0,0,0,0,0,0,1,1,6,1,43,7,-1,-1,-1,-1,2,1,E01009487,0
Unvalidated,2024201476752,2024,201476752,1,9,0,9,4,2,0,6,0,0,0,0,9,1,6,3,-1,-1,-1,-1,-1,-1,-1,-1,-1,0
Unvalidated,2024201476752,2024,201476752,2,9,0,18,6,2,0,8,1,0,0,0,3,1,2,1,54,8,-1,-1,-1,-1,2,1,E01009233,0
Unvalidated,2024201476764,2024,201476764,1,9,9,18,6,2,0,0,0,0,0,0,9,1,6,3,-1,-1,-1,-1,-1,-1,-1,-1,-1,0
Unvalidated,2024201476764,2024,201476764,2,9,9,18,6,2,0,0,0,0,0,0,9,1,6,1,21,5,-1,-1,-1,-1,5,1,E01014253,0
Unvalidated,2024201476764,2024,201476764,3,9,0,3,6,2,0,0,0,0,0,0,3,1,6,3,-1,-1,-1,-1,-1,-1,-1,-1,-1,0
Unvalidated,2024201476881,2024,201476881,1,9,0,9,3,2,0,5,0,0,0,0,2,1,6,1,75,10,-1,-1,-1,-1,5,1,E01010337,0
Unvalidated,2024201476881,2024,201476881,2,9,0,18,2,6,0,8,0,0,0,0,1,1,6,2,34,6,-1,-1,-1,-1,2,1,E01010077,0
Unvalidated,2024201476913,2024,201476913,1,9,0,14,8,4,0,2,0,0,0,0,1,1,6,2,40,7,-1,-1,-1,-1,3,1,E01010381,0
Unvalidated,2024201476937,2024,201476937,1,9,0,3,4,8,0,1,0,0,0,0,1,1,6,3,-1,-1,-1,-1,-1,-1,-1,-1,-1,0
Unvalidated,2024201476937,2024,201476937,2,9,0,18,4,8,0,1,0,0,0,0,2,1,6,2,-1,-1,-1,-1,-1,-1,1,1,E01032888,0
Unvalidated,2024201477341,2024,201477341,1,9,0,9,8,2,0,2,0,0,0,0,1,1,6,3,-1,-1,-1,-1,-1,-1,-1,-1,-1,0
Unvalidated,2024201477341,2024,201477341,2,9,0,18,2,6,0,2,0,0,0,0,1,1,6,1,48,8,-1,-1,-1,-1,1,1,E01009051,0
Unvalidated,2024201477667,2024,201477667,1,9,0,9,6,4,0,5,0,0,0,0,3,1,6,1,-1,-1,-1,-1,-1,-1,-1,-1,-1,0
Unvalidated,2024201477667,2024,201477667,2,9,0,18,4,8,0,8,0,0,0,0,3,1,6,3,69,10,-1,-1,-1,-1,1,1,E01010295,0
Unvalidated,2024201477680,2024,201477680,1,9,0,7,2,4,2,5,0,10,1,0,1,1,6,3,-1,-1,-1,-1,-1,-1,-1,-1,-1,0
Unvalidated,2024201477680,2024,201477680,2,9,0,18,2,6,0,8,0,0,0,0,0,1,6,3,-1,-1,-1,-1,-1,-1,1,1,E01008910,0
Unvalidated,2024201477921,2024,201477921,1,11,0,18,2,6,0,8,0,0,0,0,1,1,1,1,51,8,-1,-1,-1,-1,1,1,E01009382,0
Unvalidated,2024201477921,2024,201477921,2,9,0,18,4,8,0,8,0,0,0,0,3,1,1,2,29,6,-1,-1,-1,-1,8,2,E01010171,0
Unvalidated,2024201477933,2024,201477933,1,9,0,18,4,8,0,2,0,10,7,1,1,1,6,1,38,7,-1,-1,-1,-1,1,1,E01010283,0
Unvalidated,2024201477933,2024,201477933,2,9,0,18,8,4,0,1,0,0,0,0,4,1,6,1,-1,-1,-1,-1,-1,-1,7,1,E01029642,0
Unvalidated,2024201478136,2024,201478136,1,9,0,18,1,5,0,0,0,4,0,0,1,1,6,1,22,5,-1,-1,-1,-1,2,1,E01009630,0
Unvalidated,2024201478136,2024,201478136,2,9,0,2,0,0,0,0,0,0,0,0,1,1,6,1,-1,-1,-1,-1,-1,-1,4,1,E01009688,0
Unvalidated,2024201478136,2024,201478136,3,9,0,2,0,0,0,0,0,0,0,0,2,1,6,3,-1,-1,-1,-1,-1,-1,-1,-1,-1,0
Unvalidated,2024201478136,2024,201478136,4,9,0,2,0,0,0,0,0,0,0,0,3,1,6,1,54,8,-1,-1,-1,-1,4,1,E01009688,0
Unvalidated,2024201478148,2024,201478148,1,9,0,18,3,7,0,8,0,0,0,0,3,1,6,3,-1,-1,-1,-1,-1,-1,-1,-1,-1,0
Unvalidated,2024201478148,2024,201478148,2,9,0,18,5,1,0,8,0,0,0,0,3,1,6,3,35,6,-1,-1,-1,-1,2,1,E01010074,0
Unvalidated,2024201478159,2024,201478159,1,9,0,18,6,2,0,0,0,0,0,0,2,1,6,1,52,8,-1,-1,-1,-1,7,3,E01029632,0
Unvalidated,2024201478159,2024,201478159,2,9,0,18,6,2,0,0,0,0,0,0,4,1,6,3,-1,-1,-1,-1,-1,-1,-1,-1,-1,0
Unvalidated,2024201478159,2024,201478159,3,9,0,18,6,2,0,0,0,0,0,0,1,1,6,1,-1,-1,-1,-1,-1,-1,-1,-1,-1,0
Unvalidated,2024201478240,2024,201478240,1,9,0,18,8,4,0,1,0,10,7,0,2,1,6,3,53,8,-1,-1,-1,-1,6,2,E01010167,0
Unvalidated,2024201478240,2024,201478240,2,9,0,13,8,4,0,1,0,0,0,0,1,1,1,1,33,6,-1,-1,-1,-1,1,1,E01008910,0
Unvalidated,2024201478257,2024,201478257,1,9,0,5,6,2,0,6,1,10,1,0,1,1,6,1,23,5,-1,-1,-1,-1,2,1,E01009982,0
Unvalidated,2024201478257,2024,201478257,2,9,0,18,8,4,0,8,1,10,1,0,1,1,6,3,-1,-1,-1,-1,-1,-1,-1,-1,-1,0
Unvalidated,2024201478257,2024,201478257,3,9,0,2,0,0,0,8,0,0,0,0,1,1,1,3,-1,-1,-1,-1,-1,-1,-1,-1,-1,0
Unvalidated,2024201478257,2024,201478257,4,9,0,18,8,6,0,8,0,0,0,0,0,1,1,1,52,8,-1,-1,-1,-1,-1,-1,-1,0
Unvalidated,2024201478267,2024,201478267,1,19,0,18,5,1,0,0,2,0,0,0,0,1,6,1,57,9,-1,-1,-1,-1,2,1,E01006311,0
Unvalidated,2024201478267,2024,201478267,2,21,1,18,5,1,0,0,0,0,0,0,1,1,6,1,64,9,-1,-1,-1,-1,4,2,E01028343,0
Unvalidated,2024201478267,2024,201478267,3,9,0,18,5,1,0,0,0,0,0,0,0,1,6,3,-1,-1,-1,-1,-1,-1,-1,-1,-1,0
Unvalidated,2024201478267,2024,201478267,4,9,0,18,5,1,0,0,0,0,0,0,0,1,6,3,-1,-1,-1,-1,-1,-1,-1,-1,-1,0
Unvalidated,2024201479027,2024,201479027,1,11,0,18,5,1,0,1,0,0,0,0,1,1,6,1,59,9,-1,-1,-1,-1,1,1,E01010370,0
Unvalidated,2024201479027,2024,201479027,2,9,0,7,5,7,0,5,0,0,0,0,1,1,6,2,36,7,-1,-1,-1,-1,7,1,E01009251,0
Unvalidated,2024201479368,2024,201479368,1,9,9,18,8,4,0,3,1,4,1,0,1,1,6,1,22,5,-1,-1,-1,-1,2,1,E01008987,0
Unvalidated,2024201479368,2024,201479368,2,9,9,2,0,0,0,2,0,0,0,0,0,1,1,3,-1,-1,-1,-1,-1,-1,-1,-1,-1,0
Unvalidated,2024201479368,2024,201479368,3,19,9,2,0,0,0,2,0,0,0,0,1,1,6,3,-1,-1,-1,-1,-1,-1,-1,-1,-1,0
Unvalidated,2024201479368,2024,201479368,4,9,9,2,0,0,0,2,0,0,0,0,4,1,6,3,-1,-1,-1,-1,-1,-1,-1,-1,-1,0
Unvalidated,2024201479368,2024,201479368,5,9,9,2,0,0,0,2,0,0,0,0,4,1,6,3,-1,-1,-1,-1,-1,-1,-1,-1,-1,0
Unvalidated,2024201479568,2024,201479568,1,9,0,18,4,8,0,0,0,0,0,0,3,1,1,2,32,6,-1,-1,-1,-1,-1,-1,-1,0
Unvalidated,2024201479568,2024,201479568,2,9,0,18,4,8,0,0,0,0,0,0,1,1,6,2,32,6,-1,-1,-1,-1,3,1,E01009199,0
Unvalidated,2024201479780,2024,201479780,1,9,0,18,2,6,0,1,0,0,0,0,0,1,6,1,31,6,-1,-1,-1,-1,2,1,E01009746,0
Unvalidated,2024201479780,2024,201479780,2,9,0,18,8,4,0,8,0,0,0,0,4,1,6,2,22,5,-1,-1,-1,-1,2,1,E01009890,0
Unvalidated,2024201479780,2024,201479780,3,9,0,18,2,6,0,6,0,0,0,0,1,1,6,1,19,4,-1,-1,-1,-1,1,1,E01009881,0
Unvalidated,2024201479797,2024,201479797,1,9,0,18,1,5,0,8,1,10,1,0,3,1,6,1,20,4,-1,-1,-1,-1,7,1,E01008967,0
Unvalidated,2024201479797,2024,201479797,2,9,0,18,3,7,0,8,0,0,0,0,1,1,6,1,37,7,-1,-1,-1,-1,4,1,E01009035,0
Unvalidated,2024201479797,2024,201479797,3,9,0,18,1,5,0,1,0,0,0,0,0,1,1,1,-1,-1,-1,-1,-1,-1,5,1,E01009234,0
Unvalidated,2024201479804,2024,201479804,1,9,0,9,6,4,0,8,0,0,0,0,1,1,6,3,35,6,-1,-1,-1,-1,1,1,E01009094,0
Unvalidated,2024201479804,2024,201479804,2,9,0,18,6,2,0,3,0,0,0,0,1,1,1,1,-1,-1,-1,-1,-1,-1,-1,-1,-1,0
Unvalidated,2024201480873,2024,201480873,1,9,0,7,2,4,0,6,0,0,0,0,1,1,6,1,26,6,-1,-1,-1,-1,1,1,E01014163,0
Unvalidated,2024201480873,2024,201480873,2,9,0,18,4,8,0,8,0,0,0,0,3,1,6,2,43,7,-1,-1,-1,-1,1,1,E01010530,0
Unvalidated,2024201481691,2024,201481691,1,9,0,18,4,8,0,2,0,10,1,1,1,1,6,1,26,6,-1,-1,-1,-1,1,1,E01009510,0
Unvalidated,2024201481782,2024,201481782,1,9,0,13,7,3,0,0,0,0,0,0,1,1,6,3,-1,-1,-1,-1,-1,-1,-1,-1,-1,0
Unvalidated,2024201481782,2024,201481782,2,97,0,18,7,3,0,0,0,0,0,0,1,1,6,3,-1,-1,-1,-1,-1,-1,-1,-1,-1,0
Unvalidated,2024201481994,2024,201481994,1,9,0,18,7,3,0,0,0,4,0,0,1,1,6,2,35,6,-1,-1,-1,-1,-1,-1,-1,0
Unvalidated,2024201481994,2024,201481994,2,9,0,2,0,0,0,0,0,0,0,0,2,1,6,1,39,7,-1,-1,-1,-1,5,1,E01009936,0
Unvalidated,2024201481994,2024,201481994,3,9,0,2,0,0,0,0,0,0,0,0,1,1,6,2,49,8,-1,-1,-1,-1,5,1,E01009936,0
Unvalidated,2024201482091,2024,201482091,1,9,0,18,7,3,0,3,0,0,0,0,1,1,1,1,35,6,-1,-1,-1,-1,4,1,E01009229,0
Unvalidated,2024201482091,2024,201482091,2,9,0,18,7,3,0,3,1,0,0,0,3,1,6,2,44,7,-1,-1,-1,-1,1,1,E01010455,0
Unvalidated,2024201482096,2024,201482096,1,9,0,12,7,3,0,0,0,0,0,0,2,1,2,1,41,7,-1,-1,-1,-1,2,1,E01009254,0
Unvalidated,2024201482096,2024,201482096,2,9,0,18,7,3,0,0,0,0,0,0,4,1,1,1,60,9,-1,-1,-1,-1,3,1,E01009922,0
Unvalidated,2024201482162,2024,201482162,1,9,0,18,6,2,0,0,0,0,0,0,1,1,1,1,63,9,-1,-1,-1,-1,10,1,E01010257,0
Unvalidated,2024201482162,2024,201482162,2,9,0,18,6,2,0,0,0,0,0,0,3,1,1,1,42,7,-1,-1,-1,-1,8,2,E01029713,0
Unvalidated,2024201482177,2024,201482177,1,9,9,99,-1,-1,99,9,9,99,9,0,9,1,6,3,-1,-1,-1,-1,-1,-1,-1,-1,-1,0
Unvalidated,2024201482241,2024,201482241,1,9,0,18,6,2,0,0,0,0,0,0,1,1,6,3,-1,-1,-1,-1,-1,-1,-1,-1,-1,0
Unvalidated,2024201482241,2024,201482241,2,9,0,18,6,2,0,0,0,0,0,0,3,1,1,1,35,6,-1,-1,-1,-1,1,1,E01009483,0
Unvalidated,2024201482257,2024,201482257,1,9,0,5,2,6,0,6,0,0,0,0,1,1,6,1,23,5,-1,-1,-1,-1,9,1,E01009804,0
Unvalidated,2024201482257,2024,201482257,2,9,0,18,4,8,0,8,0,0,0,0,1,1,6,3,55,8,-1,-1,-1,-1,2,1,E01009233,0
Unvalidated,2024201482294,2024,201482294,1,9,0,18,1,5,0,0,0,0,0,0,1,1,6,2,52,8,-1,-1,-1,-1,1,1,E01008935,0
Unvalidated,2024201482294,2024,201482294,2,9,0,3,1,5,0,0,0,0,0,0,2,1,6,1,28,6,-1,-1,-1,-1,4,1,E01009078,0
Unvalidated,2024201482305,2024,201482305,1,9,0,9,8,6,0,6,0,0,0,0,3,1,6,2,39,7,-1,-1,-1,-1,-1,-1,-1,0
Unvalidated,2024201482305,2024,201482305,2,9,0,18,6,2,0,8,0,0,0,0,1,1,6,2,23,5,-1,-1,-1,-1,6,1,E01013491,0
Unvalidated,2024201482407,2024,201482407,1,9,0,6,3,1,0,0,0,0,0,0,2,1,6,2,30,6,-1,-1,-1,-1,4,1,E01009228,0
Unvalidated,2024201482407,2024,201482407,2,9,0,99,5,1,0,0,0,0,0,0,1,1,6,3,36,7,-1,-1,-1,-1,2,1,E01009225,0
Unvalidated,2024201482418,2024,201482418,1,9,0,14,3,7,0,1,0,0,0,0,1,1,6,3,-1,-1,-1,-1,-1,-1,-1,-1,-1,0
Unvalidated,2024201482418,2024,201482418,2,9,0,9,3,1,0,1,0,0,0,0,2,1,6,3,38,7,-1,-1,-1,-1,3,1,E01010113,0
Unvalidated,2024201482423,2024,201482423,1,9,0,18,5,1,0,1,0,0,0,0,1,1,1,1,-1,-1,-1,-1,-1,-1,-1,-1,-1,0
Unvalidated,2024201482423,2024,201482423,2,9,0,6,5,8,0,6,0,0,0,0,3,1,6,1,63,9,-1,-1,-1,-1,1,1,E01009479,0
Unvalidated,2024201482428,2024,201482428,1,9,0,18,8,4,0,8,0,0,0,0,1,1,6,3,28,6,-1,-1,-1,-1,1,1,E01009952,0
Unvalidated,2024201482428,2024,201482428,2,9,0,9,1,8,0,6,0,0,0,0,3,1,3,3,-1,-1,-1,-1,-1,-1,-1,-1,-1,0
Unvalidated,2024201482433,2024,201482433,1,9,9,18,8,4,0,0,0,0,0,0,2,1,6,3,-1,-1,-1,-1,-1,-1,-1,-1,-1,0
Unvalidated,2024201482433,2024,201482433,2,9,0,18,8,4,0,0,0,0,0,0,1,1,6,3,-1,-1,-1,-1,-1,-1,-1,-1,-1,0
Unvalidated,2024201482433,2024,201482433,3,9,0,18,8,4,0,0,0,0,0,0,1,1,6,3,40,7,-1,-1,-1,-1,6,1,E01031263,0
Unvalidated,2024201482433,2024,201482433,4,9,0,18,8,4,0,0,0,0,0,0,1,1,6,3,-1,-1,-1,-1,-1,-1,-1,-1,-1,0
Unvalidated,2024201482437,2024,201482437,1,9,0,4,2,6,0,1,0,0,0,0,2,1,6,1,47,8,-1,-1,-1,-1,1,1,E01009379,0
Unvalidated,2024201482437,2024,201482437,2,9,0,4,2,6,0,1,0,0,0,0,1,1,6,1,23,5,-1,-1,-1,-1,2,1,E01009082,0
Unvalidated,2024201482533,2024,201482533,1,9,0,18,8,4,0,6,0,10,2,0,1,1,6,1,24,5,-1,-1,-1,-1,2,1,E01008937,0
Unvalidated,2024201482533,2024,201482533,2,9,0,18,6,2,0,8,5,0,0,0,2,1,1,2,39,7,-1,-1,-1,-1,-1,1,-1,0
Unvalidated,2024201482781,2024,201482781,1,9,0,7,-1,-1,0,8,0,0,0,0,3,1,6,3,-1,-1,-1,-1,-1,-1,-1,-1,-1,0
Unvalidated,2024201482781,2024,201482781,2,9,0,1,-1,-1,1,8,0,0,0,0,2,1,6,1,-1,-1,-1,-1,-1,-1,9,1,E01009704,0
Unvalidated,2024201482793,2024,201482793,1,9,0,7,7,1,0,6,0,0,0,0,1,1,6,3,39,7,-1,-1,-1,-1,1,1,E01009513,0
Unvalidated,2024201482793,2024,201482793,2,9,0,18,5,1,0,8,0,0,0,0,4,1,6,2,40,7,-1,-1,-1,-1,5,1,E01010159,0
Unvalidated,2024201482804,2024,201482804,1,9,0,18,2,6,0,2,0,0,0,0,3,1,6,1,23,5,-1,-1,-1,-1,-1,-1,-1,0
Unvalidated,2024201482804,2024,201482804,2,9,0,3,6,2,0,1,0,0,0,0,3,1,6,1,30,6,-1,-1,-1,-1,1,1,E01009965,0
Unvalidated,2024201482807,2024,201482807,1,9,0,7,4,6,0,6,0,10,1,11,4,1,6,2,-1,-1,-1,-1,-1,-1,5,1,E01009712,0
Unvalidated,2024201482807,2024,201482807,2,9,0,18,2,6,0,8,0,10,1,11,1,1,6,2,27,6,-1,-1,-1,-1,1,1,E01009607,0
Unvalidated,2024201484222,2024,201484222,1,9,0,7,8,4,0,5,0,0,0,0,1,1,1,1,47,8,-1,-1,-1,-1,4,1,E01010002,0
Unvalidated,2024201484222,2024,201484222,2,9,0,18,2,6,0,8,0,0,0,0,3,1,6,1,22,5,-1,-1,-1,-1,2,1,E01009985,0
Unvalidated,2024201484457,2024,201484457,1,9,0,10,5,2,0,1,0,0,0,0,1,1,5,1,58,9,-1,-1,-1,-1,1,1,E01010148,0
Unvalidated,2024201484469,2024,201484469,1,9,0,4,4,8,0,1,0,0,0,0,1,1,6,2,-1,-1,-1,-1,-1,-1,-1,-1,-1,0
Unvalidated,2024201484469,2024,201484469,2,9,0,4,4,8,0,1,0,0,0,0,2,1,1,3,29,6,-1,-1,-1,-1,3,1,E01009316,0
Unvalidated,2024201484511,2024,201484511,1,9,0,18,6,2,0,2,0,0,0,0,2,1,6,3,-1,-1,-1,-1,-1,-1,-1,-1,-1,0
Unvalidated,2024201484511,2024,201484511,2,9,0,10,6,4,0,8,0,0,0,0,9,1,6,3,30,6,-1,-1,-1,-1,6,1,E01010233,0
Unvalidated,2024201484532,2024,201484532,1,9,0,18,6,2,0,1,0,8,0,0,4,1,6,2,-1,-1,-1,-1,-1,-1,-1,-1,-1,0
Unvalidated,2024201484532,2024,201484532,2,9,0,2,0,0,0,2,0,0,0,0,1,1,6,3,-1,-1,-1,-1,-1,-1,-1,-1,-1,0
Unvalidated,2024201484754,2024,201484754,1,9,0,18,8,4,0,8,0,0,0,0,1,1,6,3,-1,-1,-1,-1,-1,-1,-1,-1,-1,0
Unvalidated,2024201484780,2024,201484780,1,9,0,18,8,4,0,0,1,7,6,0,3,1,6,1,21,5,-1,-1,-1,-1,2,1,E01032307,0
Unvalidated,2024201484780,2024,201484780,2,9,0,18,8,4,0,0,0,0,0,0,4,1,6,1,49,8,-1,-1,-1,-1,1,1,E01009326,0
Unvalidated,2024201484821,2024,201484821,1,9,0,18,6,2,0,0,0,0,0,0,4,1,5,1,75,10,-1,-1,-1,-1,9,1,E01009472,0
Unvalidated,2024201484869,2024,201484869,1,9,0,18,8,4,0,6,0,0,0,0,1,1,6,1,20,4,-1,-1,-1,-1,1,1,E01009204,0
Unvalidated,2024201484869,2024,201484869,2,9,0,7,6,8,0,5,0,0,0,0,1,1,6,1,-1,-1,-1,-1,-1,-1,1,1,E01009143,0
Unvalidated,2024201484962,2024,201484962,1,9,0,4,1,5,0,1,0,0,0,0,4,1,6,1,43,7,-1,-1,-1,-1,5,1,E01009135,0
Unvalidated,2024201484962,2024,201484962,2,1,0,4,3,7,0,1,0,0,0,0,1,1,6,1,31,6,-1,-1,-1,-1,6,1,E01009126,0
Unvalidated,2024201485663,2024,201485663,1,9,0,18,8,4,0,6,0,0,0,0,4,1,5,1,24,5,-1,-1,-1,-1,1,1,E01009346,0
Unvalidated,2024201485663,2024,201485663,2,9,0,18,2,6,0,8,0,0,0,0,1,1,5,1,20,4,-1,-1,-1,-1,2,1,E01029346,0
Unvalidated,2024201485854,2024,201485854,1,9,0,18,6,2,0,3,0,0,0,0,1,1,6,3,-1,-1,-1,-1,-1,-1,-1,-1,-1,0
Unvalidated,2024201485860,2024,201485860,1,9,0,18,2,6,0,0,0,0,0,0,1,1,6,1,41,7,-1,-1,-1,-1,5,1,E01009973,0
Unvalidated,2024201485860,2024,201485860,2,9,0,18,6,2,0,0,0,0,0,0,1,1,1,1,23,5,-1,-1,-1,-1,4,1,E01010015,0
Unvalidated,2024201486102,2024,201486102,1,9,0,18,8,4,0,0,0,10,1,0,1,1,6,3,-1,-1,-1,-1,-1,-1,-1,-1,-1,0
Unvalidated,2024201486114,2024,201486114,1,9,0,9,2,8,0,5,0,0,0,0,1,1,1,1,50,8,-1,-1,-1,-1,2,1,E01009885,0
Unvalidated,2024201486114,2024,201486114,2,9,0,5,6,2,0,8,0,0,0,0,4,1,6,1,35,6,-1,-1,-1,-1,2,1,E01009412,0
Unvalidated,2024201486647,2024,201486647,1,9,0,18,2,8,0,8,0,0,0,0,1,1,6,1,24,5,-1,-1,-1,-1,1,1,E01009051,0
Unvalidated,2024201488918,2024,201488918,1,9,0,10,1,6,0,8,0,0,0,0,1,1,5,1,45,7,-1,-1,-1,-1,1,1,E01008882,0
Unvalidated,2024201488918,2024,201488918,2,9,0,13,1,5,0,8,0,10,1,4,1,1,6,1,47,8,-1,-1,-1,-1,1,1,E01009490,0
Unvalidated,2024201492453,2024,201492453,1,9,0,18,1,5,0,8,0,0,0,0,1,1,6,1,56,9,-1,-1,-1,-1,10,1,E01010210,0
Unvalidated,2024201493431,2024,201493431,1,9,0,18,3,7,0,0,0,4,0,0,1,1,6,3,75,10,-1,-1,-1,-1,5,1,E01009253,0
Unvalidated,2024201493431,2024,201493431,2,9,0,2,0,0,0,0,0,0,0,0,2,1,6,2,45,7,-1,-1,-1,-1,5,1,E01009253,0
Unvalidated,2024201493431,2024,201493431,3,9,0,2,0,0,0,0,0,0,0,0,2,1,6,3,-1,-1,-1,-1,-1,-1,-1,-1,-1,0
Unvalidated,2024201496634,2024,201496634,1,9,0,13,2,6,0,8,0,0,0,0,1,1,5,1,20,4,-1,-1,-1,-1,1,1,E01009321,0
Unvalidated,2024201496634,2024,201496634,2,9,0,13,8,2,0,8,0,0,0,0,1,1,5,1,30,6,-1,-1,-1,-1,6,2,E01031211,0
Unvalidated,2024201496634,2024,201496634,3,9,0,18,4,8,0,8,0,10,1,0,1,1,1,1,56,9,-1,-1,-1,-1,1,1,E01009341,0
Unvalidated,2024201497548,2024,201497548,1,9,0,18,4,8,0,8,1,0,0,0,1,1,6,1,19,4,-1,-1,-1,-1,10,1,E01010199,0
Unvalidated,2024201497548,2024,201497548,2,9,0,5,5,1,0,8,1,0,0,0,3,1,6,2,55,8,-1,-1,-1,-1,10,1,E01010191,0
Unvalidated,2024201500956,2024,201500956,1,9,0,18,8,4,0,0,0,0,0,0,1,1,6,2,31,6,-1,-1,-1,-1,5,1,E01009519,0
Unvalidated,2024201500956,2024,201500956,2,9,0,7,2,8,0,0,0,0,0,0,1,1,6,1,49,8,-1,-1,-1,-1,9,1,E01010206,0
Unvalidated,2024201500975,2024,201500975,1,9,0,12,2,6,0,1,0,0,0,0,3,1,1,1,66,10,-1,-1,-1,-1,1,1,E01009631,0
Unvalidated,2024201500975,2024,201500975,2,9,0,13,2,6,0,1,0,0,0,0,4,1,1,1,46,8,-1,-1,-1,-1,3,1,E01009660,0
Unvalidated,2024201501084,2024,201501084,1,9,0,18,8,4,0,1,0,0,0,0,1,1,6,2,60,9,-1,-1,-1,-1,1,1,E01010478,0
Unvalidated,2024201501084,2024,201501084,2,9,0,18,6,2,0,1,0,0,0,0,1,1,6,1,33,6,-1,-1,-1,-1,1,1,E01010483,0
Unvalidated,2024201504375,2024,201504375,1,9,0,18,5,1,0,8,0,0,0,0,3,1,6,1,33,6,-1,-1,-1,-1,10,2,E01032144,0
Unvalidated,2024201504375,2024,201504375,2,9,0,5,3,7,0,6,0,0,0,0,4,1,6,1,46,8,-1,-1,-1,-1,1,1,E01009489,0
Unvalidated,2024201504414,2024,201504414,1,9,0,18,2,6,0,0,0,0,0,0,1,1,5,2,26,6,-1,-1,-1,-1,2,1,E01010048,0
Unvalidated,2024201504467,2024,201504467,1,9,0,18,6,2,99,0,0,0,9,0,1,1,6,1,54,8,-1,-1,-1,-1,4,1,E01008955,0
Unvalidated,2024201504467,2024,201504467,2,9,0,5,4,8,99,0,0,0,9,0,3,1,6,1,30,6,-1,-1,-1,-1,7,1,E01009292,0
Unvalidated,2024201504549,2024,201504549,1,9,0,5,3,7,0,1,0,0,0,0,-1,1,5,1,37,7,-1,-1,-1,-1,5,1,E01010250,0
Unvalidated,2024201505275,2024,201505275,1,9,0,18,1,5,0,6,0,0,0,0,1,1,5,1,24,5,-1,-1,-1,-1,-1,-1,-1,0
Unvalidated,2024201505275,2024,201505275,2,9,0,18,4,7,0,8,0,0,0,0,4,1,5,2,27,6,-1,-1,-1,-1,1,1,E01009483,0
Unvalidated,2024201505292,2024,201505292,1,9,0,9,8,6,0,5,1,0,0,0,4,1,5,1,47,8,-1,-1,-1,-1,2,1,E01008897,0
Unvalidated,2024201505292,2024,201505292,2,9,0,18,-1,-1,0,1,2,0,1,0,1,1,2,1,19,4,-1,-1,-1,-1,1,1,E01009194,0
Unvalidated,2024201506195,2024,201506195,1,9,0,4,2,6,0,0,0,11,0,0,1,1,6,1,17,4,-1,-1,-1,-1,2,1,E01009412,0
Unvalidated,2024201506906,2024,201506906,1,9,0,18,3,7,0,8,0,0,0,0,4,1,5,1,35,6,-1,-1,-1,-1,1,1,E01009332,0
Unvalidated,2024201506906,2024,201506906,2,9,0,5,5,1,0,6,0,0,0,0,1,1,6,3,-1,-1,-1,-1,-1,-1,-1,-1,-1,0
Unvalidated,2024201507455,2024,201507455,1,9,0,-1,-1,-1,-1,0,-1,-1,-1,0,-1,1,6,3,-1,-1,-1,-1,-1,-1,-1,-1,-1,0
Unvalidated,2024211393630,2024,211393630,1,9,0,18,7,3,0,0,1,0,0,0,3,1,5,1,24,5,-1,-1,-1,-1,3,1,E01029349,0
Unvalidated,2024211393673,2024,211393673,1,9,0,18,7,4,0,0,1,0,1,0,4,1,5,1,24,5,-1,-1,-1,-1,3,1,E01029349,0
Unvalidated,2024211394394,2024,211394394,1,3,0,2,0,0,0,1,1,0,0,0,0,1,2,2,40,7,-1,-1,-1,-1,5,1,E01019883,0
Unvalidated,2024211394460,2024,211394460,1,9,0,9,5,2,0,1,0,0,7,0,1,1,6,1,17,4,-1,-1,-1,-1,9,1,E01014347,0