status,collision_index,collision_year,collision_reference,vehicle_reference,vehicle_type,towing_and_articulation,vehicle_manoeuvre,vehicle_direction_from,vehicle_direction_to,vehicle_location_restricted_lane,junction_location,skidding_and_overturning,hit_object_in_carriageway,vehicle_leaving_carriageway,hit_object_off_carriageway,first_point_of_impact,vehicle_left_hand_drive,journey_purpose_of_driver,sex_of_driver,age_of_driver,age_band_of_driver,engine_capacity_cc,propulsion_code,age_of_vehicle,generic_make_model,driver_imd_decile,driver_home_area_type,lsoa_of_driver,escooter_flag
Unvalidated,2024211394460,2024,211394460,2,9,4,18,1,5,0,6,0,0,7,0,1,1,6,1,38,7,-1,-1,-1,-1,7,3,E01029406,0
Unvalidated,2024211394529,2024,211394529,1,19,0,18,8,4,0,0,1,0,0,0,1,1,2,1,44,7,-1,-1,-1,-1,1,1,E01033166,0
Unvalidated,2024211394529,2024,211394529,2,9,0,18,8,4,0,0,0,0,0,0,2,1,2,1,24,5,-1,-1,-1,-1,1,1,E01013479,0
Unvalidated,2024211394529,2024,211394529,3,9,0,18,8,4,0,0,0,0,0,0,4,1,5,1,68,10,-1,-1,-1,-1,1,1,E01014211,0
Unvalidated,2024211394647,2024,211394647,1,19,-1,9,4,2,-1,-1,-1,-1,-1,0,-1,1,1,1,-1,-1,-1,-1,-1,-1,-1,-1,-1,0
Unvalidated,2024211395442,2024,211395442,1,9,0,9,8,6,0,8,0,0,0,0,1,1,1,2,40,7,-1,-1,-1,-1,-1,-1,-1,0
Unvalidated,2024211395470,2024,211395470,1,9,0,18,1,5,0,1,0,0,0,0,1,1,5,1,17,4,-1,-1,-1,-1,-1,-1,-1,0
Unvalidated,2024211395503,2024,211395503,1,9,0,2,3,5,0,0,0,0,0,0,2,1,6,1,93,11,-1,-1,-1,-1,3,1,E01009001,0
Unvalidated,2024211395503,2024,211395503,2,19,0,18,1,5,0,0,0,4,0,0,1,1,6,1,51,8,-1,-1,-1,-1,7,2,E01028323,0
Unvalidated,2024211395621,2024,211395621,1,9,0,11,2,3,0,0,0,10,0,0,4,1,5,1,38,7,-1,-1,-1,-1,5,1,E01029595,0
Unvalidated,2024211395621,2024,211395621,2,19,0,5,2,3,0,0,0,0,3,0,1,1,1,1,53,8,-1,-1,-1,-1,1,1,E01014330,0
Unvalidated,2024211395696,2024,211395696,1,9,0,18,5,5,0,7,0,0,0,0,1,1,2,1,53,8,-1,-1,-1,-1,5,1,E01010558,0
Unvalidated,2024211395696,2024,211395696,2,9,0,11,5,5,0,6,0,0,0,0,2,1,5,1,32,6,-1,-1,-1,-1,2,1,E01009942,0
Unvalidated,2024211395706,2024,211395706,1,19,0,18,5,1,0,0,5,0,1,0,1,1,1,1,22,5,-1,-1,-1,-1,-1,-1,-1,0
Unvalidated,2024211396109,2024,211396109,1,9,0,1,7,3,0,0,0,0,0,0,2,1,1,1,22,5,-1,-1,-1,-1,5,1,E01029627,0
Unvalidated,2024211396109,2024,211396109,2,9,0,2,0,0,0,0,0,0,0,0,1,1,1,1,19,4,-1,-1,-1,-1,5,1,E01029627,0
Unvalidated,2024211396150,2024,211396150,1,9,0,4,1,5,0,0,0,0,0,0,1,1,2,2,20,4,-1,-1,-1,-1,8,1,E01009814,0
Unvalidated,2024211396150,2024,211396150,2,9,0,3,1,5,0,0,0,0,0,0,2,1,2,1,40,7,-1,-1,-1,-1,1,1,E01009762,0
Unvalidated,2024211396150,2024,211396150,3,9,0,3,1,5,0,0,0,0,0,0,2,1,5,2,64,9,-1,-1,-1,-1,8,1,E01009814,0
Unvalidated,2024211396582,2024,211396582,1,9,0,4,4,8,0,0,2,0,1,3,1,1,2,1,33,6,-1,-1,-1,-1,4,1,E01029729,0
Unvalidated,2024211397274,2024,211397274,1,4,0,18,5,1,0,6,0,0,0,0,4,1,6,2,34,6,-1,-1,-1,-1,-1,-1,-1,0
Unvalidated,2024211397274,2024,211397274,2,8,0,9,7,4,0,1,0,0,0,0,3,1,1,1,55,8,-1,-1,-1,-1,-1,-1,-1,0
Unvalidated,2024211397354,2024,211397354,1,3,0,7,7,6,0,8,0,0,0,0,1,1,6,1,58,9,-1,-1,-1,-1,3,1,E01019877,0
Unvalidated,2024211397354,2024,211397354,2,9,0,18,5,1,0,1,0,0,0,0,1,1,6,1,32,6,-1,-1,-1,-1,-1,-1,-1,0
Unvalidated,2024211397443,2024,211397443,1,19,0,3,2,3,0,1,0,0,0,0,1,1,6,1,54,8,-1,-1,-1,-1,2,1,E01014236,0
Unvalidated,2024211397701,2024,211397701,1,9,0,4,1,4,0,2,0,0,0,0,4,1,6,2,51,8,-1,-1,-1,-1,-1,-1,-1,0
Unvalidated,2024211397701,2024,211397701,2,1,0,18,5,1,0,1,1,0,0,0,1,1,6,1,22,5,-1,-1,-1,-1,7,1,E01029391,0
Unvalidated,2024211397763,2024,211397763,1,9,0,9,3,8,0,5,0,0,0,0,4,1,6,2,22,5,-1,-1,-1,-1,9,1,E01029601,0
Unvalidated,2024211397763,2024,211397763,2,9,0,18,7,3,0,8,0,0,0,0,4,1,5,1,59,9,-1,-1,-1,-1,8,3,E01029688,0
Unvalidated,2024211397940,2024,211397940,1,11,-1,18,4,7,0,0,0,0,0,0,0,1,5,1,38,7,-1,-1,-1,-1,8,1,E01019874,0
Unvalidated,2024211398011,2024,211398011,1,9,0,18,4,7,0,0,0,0,0,0,1,1,6,1,19,4,-1,-1,-1,-1,-1,-1,-1,0
Unvalidated,2024211398345,2024,211398345,1,9,0,18,8,4,0,0,0,0,0,0,1,1,6,1,22,5,-1,-1,-1,-1,7,1,E01029644,0
Unvalidated,2024211398345,2024,211398345,2,9,0,18,4,8,0,0,0,0,0,0,1,1,5,1,50,8,-1,-1,-1,-1,2,1,E01010270,0
Unvalidated,2024211398626,2024,211398626,1,9,0,14,2,6,0,1,0,0,0,0,4,2,6,1,62,9,-1,-1,-1,-1,4,2,E01031005,0
Unvalidated,2024211399054,2024,211399054,1,9,0,18,1,5,0,8,2,0,1,0,1,1,5,2,79,11,-1,-1,-1,-1,8,1,E01029704,0
Unvalidated,2024211399054,2024,211399054,2,9,0,10,5,3,0,5,0,0,2,0,1,1,5,2,66,10,-1,-1,-1,-1,1,1,E01014368,0
Unvalidated,2024211399188,2024,211399188,1,9,0,18,7,3,0,0,5,0,1,10,4,1,5,2,21,5,-1,-1,-1,-1,7,2,E01029695,0
Unvalidated,2024211399817,2024,211399817,1,9,0,18,1,5,6,1,1,0,0,0,1,1,1,2,20,4,-1,-1,-1,-1,1,1,E01014317,0
Unvalidated,2024211399817,2024,211399817,2,5,0,4,1,5,0,1,2,0,0,0,0,1,1,1,22,5,-1,-1,-1,-1,4,1,E01029783,0
Unvalidated,2024211400052,2024,211400052,1,19,0,18,7,7,0,0,0,0,0,0,1,1,1,1,53,8,-1,-1,-1,-1,6,1,E01010035,0
Unvalidated,2024211400052,2024,211400052,2,9,0,4,7,7,0,0,0,0,0,0,2,1,5,1,18,4,-1,-1,-1,-1,9,1,E01010346,0
Unvalidated,2024211400052,2024,211400052,3,19,0,4,7,7,0,0,0,0,0,0,2,1,1,2,49,8,-1,-1,-1,-1,8,3,E01014111,0
Unvalidated,2024211400058,2024,211400058,1,2,0,18,3,7,0,0,0,0,0,0,2,1,5,1,16,4,-1,-1,-1,-1,1,1,E01014316,0
Unvalidated,2024211400058,2024,211400058,2,9,0,18,3,7,0,0,0,0,0,0,1,1,5,3,18,4,-1,-1,-1,-1,-1,-1,-1,0
Unvalidated,2024211400073,2024,211400073,1,9,-1,-1,-1,-1,-1,-1,-1,-1,-1,0,-1,1,6,2,-1,-1,-1,-1,-1,-1,-1,-1,-1,0
Unvalidated,2024211400073,2024,211400073,2,9,-1,-1,-1,-1,-1,-1,-1,-1,-1,0,-1,1,5,1,32,6,-1,-1,-1,-1,3,1,E01010290,0
Unvalidated,2024211400083,2024,211400083,1,9,0,-1,-1,-1,-1,-1,-1,-1,-1,0,-1,1,6,1,63,9,-1,-1,-1,-1,8,3,E01029788,0
Unvalidated,2024211400083,2024,211400083,2,9,0,-1,-1,-1,-1,-1,-1,-1,-1,0,-1,1,6,2,41,7,-1,-1,-1,-1,7,3,E01029498,0
Unvalidated,2024211400164,2024,211400164,1,9,0,18,2,6,0,0,0,0,0,0,1,1,6,1,71,10,-1,-1,-1,-1,1,1,E01010274,0
Unvalidated,2024211400164,2024,211400164,2,9,0,18,6,2,0,0,0,0,0,0,1,1,6,1,75,10,-1,-1,-1,-1,-1,-1,-1,0
Unvalidated,2024211400322,2024,211400322,1,19,0,4,1,5,0,0,0,0,0,0,2,1,1,1,33,6,-1,-1,-1,-1,6,1,E01006818,0
Unvalidated,2024211400322,2024,211400322,2,9,0,4,1,5,0,0,0,0,0,0,2,1,5,1,66,10,-1,-1,-1,-1,6,1,E01029622,0
Unvalidated,2024211400322,2024,211400322,3,19,0,3,1,5,0,0,1,0,0,0,1,1,1,1,26,6,-1,-1,-1,-1,3,1,E01033761,0
Unvalidated,2024211400322,2024,211400322,4,9,0,14,1,5,0,0,1,0,0,0,1,1,5,2,35,6,-1,-1,-1,-1,10,1,E01008589,0
Unvalidated,2024211400322,2024,211400322,5,21,1,18,1,5,0,0,0,0,0,0,1,1,1,1,48,8,-1,-1,-1,-1,1,1,W01000962,0
Unvalidated,2024211400526,2024,211400526,1,9,0,4,7,1,0,0,0,0,0,0,2,1,5,1,60,9,-1,-1,-1,-1,9,3,E01029523,0
Unvalidated,2024211400526,2024,211400526,2,19,0,4,7,8,0,0,0,0,0,0,1,1,1,1,18,4,-1,-1,-1,-1,7,3,E01029743,0
Unvalidated,2024211400582,2024,211400582,1,9,0,18,8,5,0,0,0,0,0,0,1,1,5,2,84,11,-1,-1,-1,-1,6,1,E01029539,0
Unvalidated,2024211400582,2024,211400582,2,11,0,18,8,5,0,0,0,0,0,0,2,1,5,1,31,6,-1,-1,-1,-1,9,1,E01029546,0
Unvalidated,2024211400720,2024,211400720,1,9,0,18,1,5,0,1,0,0,0,0,1,1,6,1,54,8,-1,-1,-1,-1,2,1,E01014345,0
Unvalidated,2024211400795,2024,211400795,1,9,0,9,5,6,0,8,0,0,0,0,1,1,2,1,23,5,-1,-1,-1,-1,10,1,E01029757,0
Unvalidated,2024211400898,2024,211400898,1,97,0,18,4,8,0,1,1,0,0,0,0,1,6,2,38,7,-1,-1,-1,-1,-1,-1,-1,0
Unvalidated,2024211400898,2024,211400898,2,9,-1,5,-1,-1,-1,-1,-1,-1,-1,0,-1,1,6,3,-1,-1,-1,-1,-1,-1,-1,-1,-1,0
Unvalidated,2024211401430,2024,211401430,1,8,0,18,5,7,0,1,0,0,0,0,1,1,1,1,52,8,-1,-1,-1,-1,-1,-1,-1,0
Unvalidated,2024211401570,2024,211401570,1,9,0,18,4,8,0,4,0,0,0,0,1,1,6,2,40,7,-1,-1,-1,-1,6,1,E01014215,0
Unvalidated,2024211401570,2024,211401570,2,2,0,18,2,8,0,3,5,0,0,0,2,1,6,1,16,4,-1,-1,-1,-1,4,1,E01014353,0
Unvalidated,2024211401903,2024,211401903,1,9,0,18,1,5,0,0,2,0,1,0,1,1,2,1,37,7,-1,-1,-1,-1,5,1,E01014369,0
Unvalidated,2024211401972,2024,211401972,1,9,0,18,2,4,0,1,-1,0,0,0,4,1,6,1,25,5,-1,-1,-1,-1,-1,-1,-1,0
Unvalidated,2024211401972,2024,211401972,2,9,0,5,3,7,0,1,-1,0,0,0,1,1,6,2,44,7,-1,-1,-1,-1,5,1,E01029352,0
Unvalidated,2024211402527,2024,211402527,1,9,0,18,5,8,0,0,1,0,7,1,3,1,5,1,21,5,-1,-1,-1,-1,5,3,E01029795,0
Unvalidated,2024211402527,2024,211402527,2,19,0,18,8,4,0,0,0,0,1,0,3,1,1,1,33,6,-1,-1,-1,-1,8,1,E01014272,0
Unvalidated,2024211402668,2024,211402668,1,4,0,18,1,5,0,1,0,0,0,0,1,1,2,2,25,5,-1,-1,-1,-1,-1,-1,-1,0
Unvalidated,2024211402668,2024,211402668,2,1,0,18,7,3,0,1,0,0,0,0,1,1,5,1,14,3,-1,-1,-1,-1,4,1,E01029692,0
Unvalidated,2024211402735,2024,211402735,1,9,0,6,7,5,0,8,0,0,0,0,1,1,3,1,39,7,-1,-1,-1,-1,10,1,E01029684,0
Unvalidated,2024211402735,2024,211402735,2,9,0,18,7,2,0,8,0,0,0,0,1,1,3,2,36,7,-1,-1,-1,-1,7,1,E01029693,0
Unvalidated,2024211402933,2024,211402933,1,9,0,7,7,3,0,1,0,0,0,0,2,1,5,1,-1,-1,-1,-1,-1,-1,-1,-1,-1,0
Unvalidated,2024211402933,2024,211402933,2,1,0,18,3,7,0,1,0,0,0,0,1,1,5,1,34,6,-1,-1,-1,-1,1,1,E01014287,0
Unvalidated,2024211402942,2024,211402942,1,9,0,9,8,6,0,6,0,0,0,0,1,1,5,2,54,8,-1,-1,-1,-1,3,1,E01014230,0
Unvalidated,2024211402942,2024,211402942,2,9,0,13,6,2,0,1,0,0,0,0,1,1,5,2,73,10,-1,-1,-1,-1,6,1,E01014270,0
Unvalidated,2024211403447,2024,211403447,1,19,0,18,7,3,0,3,0,0,3,0,4,1,2,2,31,6,-1,-1,-1,-1,6,1,E01029497,0
Unvalidated,2024211403447,2024,211403447,2,1,0,18,4,8,0,1,0,0,0,0,1,1,6,1,38,7,-1,-1,-1,-1,6,1,E01029497,0
Unvalidated,2024211403520,2024,211403520,1,9,0,7,7,6,0,0,0,0,7,1,1,1,2,2,25,5,-1,-1,-1,-1,1,1,E01010466,0
Unvalidated,2024211403536,2024,211403536,1,9,0,18,5,1,0,0,0,0,0,0,1,1,6,3,30,6,-1,-1,-1,-1,-1,-1,-1,0
Unvalidated,2024211403552,2024,211403552,1,9,0,18,8,4,0,0,0,0,0,0,1,1,6,1,57,9,-1,-1,-1,-1,10,2,E01029572,0
Unvalidated,2024211403552,2024,211403552,2,19,0,18,8,4,0,0,0,0,0,0,1,1,6,1,70,10,-1,-1,-1,-1,5,3,E01031016,0
Unvalidated,2024211403554,2024,211403554,1,9,0,18,7,3,0,0,0,0,0,0,1,1,5,1,45,7,-1,-1,-1,-1,-1,-1,-1,0
Unvalidated,2024211403554,2024,211403554,2,19,0,18,3,7,0,0,0,0,0,0,1,1,5,1,49,8,-1,-1,-1,-1,-1,-1,-1,0
Unvalidated,2024211403618,2024,211403618,1,9,0,15,3,4,0,3,0,0,0,0,1,1,6,1,17,4,-1,-1,-1,-1,1,1,E01010473,0
Unvalidated,2024211403618,2024,211403618,2,98,1,7,3,4,0,3,0,0,0,0,4,1,1,1,46,8,-1,-1,-1,-1,1,1,E01009507,0
Unvalidated,2024211403618,2024,211403618,3,9,0,7,3,4,0,3,0,0,0,0,0,1,1,1,37,7,-1,-1,-1,-1,-1,-1,-1,0
Unvalidated,2024211403629,2024,211403629,1,9,0,5,1,5,0,0,0,0,0,0,1,1,6,2,36,7,-1,-1,-1,-1,6,1,E01029623,0
Unvalidated,2024211403629,2024,211403629,2,9,0,3,1,5,0,0,0,0,0,0,2,1,6,1,34,6,-1,-1,-1,-1,2,1,E01010408,0
Unvalidated,2024211403991,2024,211403991,1,9,0,11,6,2,0,0,1,0,0,0,2,1,5,1,27,6,-1,-1,-1,-1,5,1,E01003495,0
Unvalidated,2024211403991,2024,211403991,2,21,1,18,6,2,0,0,1,0,0,0,1,1,1,1,53,8,-1,-1,-1,-1,7,1,E01017431,0
Unvalidated,2024211403991,2024,211403991,3,9,0,18,6,2,0,0,1,0,1,0,1,1,5,1,32,6,-1,-1,-1,-1,6,1,E01001245,0
Unvalidated,2024211404011,2024,211404011,1,19,0,7,5,1,0,0,0,0,1,0,4,1,1,1,74,10,-1,-1,-1,-1,7,1,E01029780,0
Unvalidated,2024211404173,2024,211404173,1,21,0,5,3,5,0,8,0,0,0,0,1,1,1,1,58,9,-1,-1,-1,-1,2,1,E01032621,0
Unvalidated,2024211404173,2024,211404173,2,9,0,5,4,6,0,8,0,0,0,0,2,1,2,2,19,4,-1,-1,-1,-1,-1,-1,-1,0
Unvalidated,2024211404265,2024,211404265,1,9,0,4,7,3,0,0,0,0,0,0,2,1,2,2,47,8,-1,-1,-1,-1,9,1,E01014325,0
Unvalidated,2024211404265,2024,211404265,2,9,0,4,7,3,0,0,0,0,0,0,1,1,1,1,35,6,-1,-1,-1,-1,2,1,E01033216,0
Unvalidated,2024211404416,2024,211404416,1,90,0,18,2,6,9,0,0,0,1,0,1,1,6,1,26,6,-1,-1,-1,-1,-1,-1,-1,0
Unvalidated,2024211404416,2024,211404416,2,9,0,18,6,2,0,0,0,0,0,0,0,1,1,1,24,5,-1,-1,-1,-1,3,1,E01029804,0
Unvalidated,2024211404442,2024,211404442,1,97,0,18,1,5,0,0,0,0,0,0,1,1,6,1,37,7,-1,-1,-1,-1,8,2,E01019840,0
Unvalidated,2024211404442,2024,211404442,2,9,0,18,5,1,0,0,0,0,0,0,1,1,6,2,30,6,-1,-1,-1,-1,-1,1,-1,0
Unvalidated,2024211404583,2024,211404583,1,9,0,18,7,3,0,0,0,0,0,0,4,1,6,1,61,9,-1,-1,-1,-1,6,3,E01029411,0
Unvalidated,2024211404583,2024,211404583,2,9,0,18,7,3,0,0,0,0,0,0,4,1,6,1,64,9,-1,-1,-1,-1,9,1,E01014318,0
Unvalidated,2024211404686,2024,211404686,1,21,-1,5,5,3,0,4,0,0,0,0,2,1,1,2,-1,-1,-1,-1,-1,-1,-1,-1,-1,0
Unvalidated,2024211404686,2024,211404686,2,9,0,18,6,3,0,4,0,0,0,0,1,1,3,1,24,5,-1,-1,-1,-1,-1,-1,-1,0
Unvalidated,2024211404995,2024,211404995,1,9,0,18,5,8,0,0,0,0,0,0,1,1,5,1,-1,-1,-1,-1,-1,-1,-1,-1,-1,0
Unvalidated,2024211404995,2024,211404995,2,9,0,4,5,8,0,0,0,0,0,0,2,1,5,1,-1,-1,-1,-1,-1,-1,6,1,E01007061,0
Unvalidated,2024211404995,2024,211404995,3,9,0,4,5,8,0,0,0,0,0,0,2,1,5,2,-1,-1,-1,-1,-1,-1,-1,-1,-1,0
Unvalidated,2024211404995,2024,211404995,4,9,0,4,5,8,0,0,0,0,0,0,2,1,5,2,-1,-1,-1,-1,-1,-1,-1,-1,-1,0
Unvalidated,2024211404995,2024,211404995,5,9,0,4,5,8,0,0,0,0,0,0,2,1,5,1,-1,-1,-1,-1,-1,-1,-1,-1,-1,0
Unvalidated,2024211405011,2024,211405011,1,9,0,18,1,5,0,1,0,0,0,0,1,1,6,3,-1,-1,-1,-1,-1,-1,-1,-1,-1,0
Unvalidated,2024211405113,2024,211405113,1,9,0,18,4,8,0,0,0,0,1,0,1,1,2,1,23,5,-1,-1,-1,-1,4,1,E01014284,0
Unvalidated,2024211405151,2024,211405151,1,9,0,7,3,6,0,1,0,0,0,0,0,1,6,1,32,6,-1,-1,-1,-1,4,1,E01029603,0
Unvalidated,2024211405222,2024,211405222,1,9,0,18,8,8,0,8,0,0,0,0,3,1,6,1,37,7,-1,-1,-1,-1,3,1,E01014296,0
Unvalidated,2024211405222,2024,211405222,2,9,0,18,5,5,0,1,0,0,0,0,3,1,6,2,36,7,-1,-1,-1,-1,1,1,E01014222,0
Unvalidated,2024211405356,2024,211405356,1,9,0,18,1,5,0,0,5,11,1,3,1,1,1,2,34,6,-1,-1,-1,-1,2,1,E01029604,0
Unvalidated,2024211405356,2024,211405356,2,19,0,2,0,0,9,0,0,0,0,0,2,1,6,3,-1,-1,-1,-1,-1,-1,-1,-1,-1,0
Unvalidated,2024211405547,2024,211405547,1,9,0,18,1,5,0,0,0,0,7,0,1,1,5,2,60,9,-1,-1,-1,-1,-1,-1,-1,0
Unvalidated,2024211405645,2024,211405645,1,9,0,18,7,5,0,0,0,0,0,0,1,1,6,2,58,9,-1,-1,-1,-1,4,1,E01029831,0
Unvalidated,2024211405645,2024,211405645,2,9,0,18,1,1,9,0,0,0,0,0,1,1,6,1,36,7,-1,-1,-1,-1,5,1,E01029852,0
Unvalidated,2024211405685,2024,211405685,1,9,0,18,5,1,0,0,1,4,1,0,1,1,6,1,19,4,-1,-1,-1,-1,7,3,E01029660,0
Unvalidated,2024211405685,2024,211405685,2,98,1,2,5,5,6,0,0,4,0,0,2,1,6,1,56,9,-1,-1,-1,-1,6,1,E01007028,0
Unvalidated,2024211405703,2024,211405703,1,5,0,14,2,5,9,0,1,0,0,0,1,1,5,1,33,6,-1,-1,-1,-1,6,1,E01029389,0
Unvalidated,2024211405703,2024,211405703,2,19,0,9,5,3,0,0,0,0,0,0,1,1,5,1,34,6,-1,-1,-1,-1,8,3,E01018465,0
Unvalidated,2024211405791,2024,211405791,1,9,0,18,3,7,0,0,0,0,0,0,1,1,6,2,22,5,-1,-1,-1,-1,6,1,E01029750,0
Unvalidated,2024211405885,2024,211405885,1,9,0,18,6,2,0,0,0,4,0,0,4,1,5,1,86,11,-1,-1,-1,-1,5,1,E01014332,0
Unvalidated,2024211405885,2024,211405885,2,9,0,18,6,2,0,0,0,0,0,0,2,1,5,2,44,7,-1,-1,-1,-1,9,1,E01014265,0
Unvalidated,2024211405885,2024,211405885,3,9,0,2,6,5,0,0,0,0,0,0,4,1,5,1,37,7,-1,-1,-1,-1,3,1,E01029720,0
Unvalidated,2024211405982,2024,211405982,1,9,0,10,8,6,0,6,0,0,0,0,1,1,5,1,64,9,-1,-1,-1,-1,2,1,E01014279,0
Unvalidated,2024211405982,2024,211405982,2,9,0,18,6,2,0,1,0,0,7,0,4,1,5,1,21,5,-1,-1,-1,-1,2,1,E01033216,0
Unvalidated,2024211406001,2024,211406001,1,9,0,18,2,6,0,0,0,0,0,0,1,1,5,2,30,6,-1,-1,-1,-1,-1,1,-1,0
Unvalidated,2024211406001,2024,211406001,2,5,0,14,6,2,0,0,2,0,0,0,1,1,2,1,37,7,-1,-1,-1,-1,8,2,E01019840,0
Unvalidated,2024211406151,2024,211406151,1,19,0,18,2,6,0,4,0,0,0,0,1,1,6,1,52,8,-1,-1,-1,-1,4,1,E01029386,0
Unvalidated,2024211406151,2024,211406151,2,9,0,7,2,5,0,3,0,0,0,0,2,1,6,1,25,5,-1,-1,-1,-1,3,1,E01009947,0
Unvalidated,2024211406178,2024,211406178,1,9,0,18,5,5,0,0,0,0,0,0,1,1,6,2,40,7,-1,-1,-1,-1,4,1,E01029541,0
Unvalidated,2024211406178,2024,211406178,2,9,0,4,3,1,0,0,0,0,0,0,2,1,6,1,49,8,-1,-1,-1,-1,10,1,E01018439,0
Unvalidated,2024211406328,2024,211406328,1,9,4,18,7,5,0,2,0,0,7,0,3,1,3,1,34,6,-1,-1,-1,-1,-1,-1,-1,0
Unvalidated,2024211406328,2024,211406328,2,9,4,18,1,5,0,1,1,0,7,11,1,1,1,2,45,7,-1,-1,-1,-1,4,1,E01029578,0
Unvalidated,2024211407117,2024,211407117,1,9,0,5,7,3,0,0,0,0,0,0,1,1,1,2,34,6,-1,-1,-1,-1,5,1,E01029638,0
Unvalidated,2024211407117,2024,211407117,2,3,0,18,5,3,0,0,0,0,0,0,1,1,1,1,20,4,-1,-1,-1,-1,10,1,E01029731,0
Unvalidated,2024211407320,2024,211407320,1,9,0,18,5,1,0,0,0,0,0,0,1,1,6,1,25,5,-1,-1,-1,-1,10,1,E01029565,0
Unvalidated,2024211407320,2024,211407320,2,9,0,3,5,2,0,0,0,0,0,0,2,1,6,2,53,8,-1,-1,-1,-1,6,3,E01029708,0
Unvalidated,2024211407337,2024,211407337,1,19,0,6,6,6,0,1,0,0,0,0,3,1,1,1,36,7,-1,-1,-1,-1,4,1,E01029367,0
Unvalidated,2024211407337,2024,211407337,2,2,0,18,6,2,0,1,0,0,0,0,1,1,1,1,23,5,-1,-1,-1,-1,1,1,E01029358,0
Unvalidated,2024211407342,2024,211407342,1,9,0,5,1,5,0,1,0,0,0,0,1,1,1,1,30,6,-1,-1,-1,-1,2,1,E01014359,0
Unvalidated,2024211407342,2024,211407342,2,4,0,5,1,5,0,1,0,0,0,0,1,1,1,1,55,8,-1,-1,-1,-1,2,1,E01029809,0
Unvalidated,2024211407399,2024,211407399,1,9,0,9,8,4,0,5,0,0,0,0,1,1,5,2,40,7,-1,-1,-1,-1,-1,1,-1,0
Unvalidated,2024211407399,2024,211407399,2,9,0,18,3,7,0,2,0,0,0,0,1,1,5,1,46,8,-1,-1,-1,-1,6,2,E01014184,0
Unvalidated,2024211407660,2024,211407660,1,98,1,18,8,4,0,0,1,0,1,4,3,1,1,1,56,9,-1,-1,-1,-1,1,1,E01006275,0
Unvalidated,2024211407718,2024,211407718,1,9,0,18,1,5,0,0,0,0,0,0,1,1,5,1,82,11,-1,-1,-1,-1,1,1,E01014229,0
Unvalidated,2024211407833,2024,211407833,1,9,0,18,4,8,0,8,0,0,0,0,1,1,6,1,53,8,-1,-1,-1,-1,9,1,E01029508,0
Unvalidated,2024211407833,2024,211407833,2,9,0,18,2,7,0,8,0,0,0,0,4,1,5,1,46,8,-1,-1,-1,-1,6,1,E01029497,0
Unvalidated,2024211407838,2024,211407838,1,1,0,18,5,2,0,8,5,7,0,0,2,1,6,1,25,5,-1,-1,-1,-1,-1,-1,-1,0
Unvalidated,2024211407838,2024,211407838,2,9,0,5,6,5,0,4,0,0,0,0,1,1,6,1,59,9,-1,-1,-1,-1,7,1,E01029379,0
Unvalidated,2024211408252,2024,211408252,1,9,0,2,0,0,0,1,0,0,0,0,2,1,6,1,40,7,-1,-1,-1,-1,9,1,E01009430,0
Unvalidated,2024211408252,2024,211408252,2,90,0,18,5,1,0,1,0,4,7,0,1,1,5,2,46,8,-1,-1,-1,-1,1,1,E01014250,0
Unvalidated,2024211408259,2024,211408259,1,9,0,18,7,5,0,0,0,0,0,0,1,1,6,1,18,4,-1,-1,-1,-1,6,3,E01029801,0
Unvalidated,2024211408286,2024,211408286,1,9,0,18,6,2,0,1,0,0,0,0,1,1,5,1,23,5,-1,-1,-1,-1,10,2,E01029572,0
Unvalidated,2024211408286,2024,211408286,2,9,0,18,2,6,0,1,0,0,0,0,1,1,5,1,33,6,-1,-1,-1,-1,3,1,E01029568,0
Unvalidated,2024211408286,2024,211408286,3,9,0,10,6,4,0,1,0,0,0,0,2,1,5,2,32,6,-1,-1,-1,-1,9,1,E01029754,0
Unvalidated,2024211408387,2024,211408387,1,9,0,7,5,1,0,0,2,7,3,1,1,1,6,1,18,4,-1,-1,-1,-1,1,1,E01009002,0
Unvalidated,2024211408703,2024,211408703,2,9,0,18,3,7,0,4,2,9,3,1,1,1,5,1,22,5,-1,-1,-1,-1,8,1,E01029751,0
Unvalidated,2024211408715,2024,211408715,1,9,0,4,3,7,0,0,0,0,0,0,2,1,6,1,28,6,-1,-1,-1,-1,2,1,E01010559,0
Unvalidated,2024211408715,2024,211408715,2,9,0,4,3,7,0,0,0,0,0,0,1,1,6,1,53,8,-1,-1,-1,-1,-1,-1,-1,0
Unvalidated,2024211408796,2024,211408796,1,9,0,4,3,7,0,1,0,0,3,0,1,1,2,1,23,5,-1,-1,-1,-1,8,1,E01029751,0
Unvalidated,2024211408875,2024,211408875,1,9,0,18,6,2,0,0,0,0,0,0,2,1,2,2,42,7,-1,-1,-1,-1,6,3,E01028885,0
Unvalidated,2024211408875,2024,211408875,2,9,0,18,6,2,0,0,0,0,0,0,2,1,1,1,52,8,-1,-1,-1,-1,7,3,E01018708,0
Unvalidated,2024211409093,2024,211409093,1,9,0,4,4,7,0,1,0,0,0,0,1,1,5,2,44,7,-1,-1,-1,-1,9,1,E01029686,0
Unvalidated,2024211409093,2024,211409093,2,1,0,18,4,8,0,1,0,0,0,0,1,1,6,1,15,3,-1,-1,-1,-1,7,3,E01029473,0
Unvalidated,2024211409152,2024,211409152,1,9,0,18,3,5,0,0,0,0,0,0,1,1,5,2,62,9,-1,-1,-1,-1,6,3,E01029802,0