status,collision_index,collision_year,collision_reference,vehicle_reference,vehicle_type,towing_and_articulation,vehicle_manoeuvre,vehicle_direction_from,vehicle_direction_to,vehicle_location_restricted_lane,junction_location,skidding_and_overturning,hit_object_in_carriageway,vehicle_leaving_carriageway,hit_object_off_carriageway,first_point_of_impact,vehicle_left_hand_drive,journey_purpose_of_driver,sex_of_driver,age_of_driver,age_band_of_driver,engine_capacity_cc,propulsion_code,age_of_vehicle,generic_make_model,driver_imd_decile,driver_home_area_type,lsoa_of_driver,escooter_flag
Unvalidated,2024211409380,2024,211409380,1,19,0,11,1,5,0,0,0,0,0,0,1,1,5,1,52,8,-1,-1,-1,-1,1,1,E01005101,0
Unvalidated,2024211409380,2024,211409380,2,9,0,4,1,5,0,0,0,0,0,0,2,1,5,1,47,8,-1,-1,-1,-1,4,1,E01003453,0
Unvalidated,2024211409380,2024,211409380,3,9,0,4,1,5,0,0,0,0,0,0,2,1,5,2,53,8,-1,-1,-1,-1,10,2,E01018683,0
Unvalidated,2024211409703,2024,211409703,1,9,0,4,6,4,0,4,0,0,0,0,2,1,5,2,18,4,-1,-1,-1,-1,1,1,E01014223,0
Unvalidated,2024211409703,2024,211409703,2,9,0,18,6,3,0,4,0,0,0,0,1,1,6,1,55,8,-1,-1,-1,-1,6,1,E01014299,0
Unvalidated,2024211409832,2024,211409832,1,19,0,18,7,4,0,0,0,0,0,0,1,1,2,1,29,6,-1,-1,-1,-1,7,1,E01009442,0
Unvalidated,2024211409832,2024,211409832,2,3,0,12,7,3,0,0,0,0,0,0,2,1,2,1,32,6,-1,-1,-1,-1,-1,-1,-1,0
Unvalidated,2024211410469,2024,211410469,1,19,0,3,6,2,0,0,0,0,0,0,3,1,1,1,35,6,-1,-1,-1,-1,-1,-1,-1,0
Unvalidated,2024211410469,2024,211410469,2,19,0,3,6,2,0,0,0,0,0,0,2,1,1,1,35,6,-1,-1,-1,-1,9,1,E01029744,0
Unvalidated,2024211410469,2024,211410469,3,21,1,18,6,2,0,0,0,0,0,0,1,1,1,1,49,8,-1,-1,-1,-1,3,1,E01009989,0
Unvalidated,2024211410775,2024,211410775,1,9,0,18,0,0,0,0,0,10,1,0,1,1,6,1,25,5,-1,-1,-1,-1,-1,-1,-1,0
Unvalidated,2024211410775,2024,211410775,2,8,0,18,8,6,0,0,0,10,0,0,4,1,5,1,25,5,-1,-1,-1,-1,-1,-1,-1,0
Unvalidated,2024211410775,2024,211410775,3,9,0,18,7,4,0,0,1,10,0,0,1,1,6,1,25,5,-1,-1,-1,-1,-1,-1,-1,0
Unvalidated,2024211410826,2024,211410826,1,21,1,12,7,3,0,0,0,0,0,0,3,1,1,1,49,8,-1,-1,-1,-1,1,1,E01013603,0
Unvalidated,2024211410826,2024,211410826,2,9,0,18,7,3,0,0,0,0,0,0,4,1,5,1,19,4,-1,-1,-1,-1,8,1,E01029844,0
Unvalidated,2024211410936,2024,211410936,1,9,0,3,6,2,0,1,0,0,0,0,2,1,1,1,-1,-1,-1,-1,-1,-1,-1,-1,-1,0
Unvalidated,2024211410936,2024,211410936,2,9,0,5,6,2,0,1,0,0,0,0,1,1,5,3,-1,-1,-1,-1,-1,-1,-1,-1,-1,0
Unvalidated,2024211410965,2024,211410965,1,19,0,1,8,4,0,0,0,0,0,0,2,1,5,3,-1,-1,-1,-1,-1,-1,-1,-1,-1,0
Unvalidated,2024211410965,2024,211410965,2,11,1,2,0,0,2,0,0,0,0,0,3,1,1,1,-1,-1,-1,-1,-1,-1,-1,-1,-1,0
Unvalidated,2024211411038,2024,211411038,1,9,0,18,4,8,0,3,0,0,0,0,4,1,6,2,54,8,-1,-1,-1,-1,3,1,E01029701,0
Unvalidated,2024211411038,2024,211411038,2,1,0,18,3,7,0,3,0,0,0,0,4,1,6,1,59,9,-1,-1,-1,-1,10,1,E01029739,0
Unvalidated,2024211411064,2024,211411064,1,9,0,18,1,5,0,0,0,0,0,0,1,1,6,1,64,9,-1,-1,-1,-1,5,3,-1,0
Unvalidated,2024211411064,2024,211411064,2,9,0,18,1,5,0,0,0,0,0,0,2,1,6,1,41,7,-1,-1,-1,-1,5,2,E01028895,0
Unvalidated,2024211411277,2024,211411277,1,9,0,7,5,8,0,0,0,0,0,0,4,1,6,1,71,10,-1,-1,-1,-1,5,1,E01029399,0
Unvalidated,2024211411277,2024,211411277,2,1,0,18,4,8,0,0,0,0,0,0,1,1,6,1,19,4,-1,-1,-1,-1,6,1,E01029497,0
Unvalidated,2024211411375,2024,211411375,1,9,0,5,5,1,0,1,0,0,0,0,3,1,6,1,42,7,-1,-1,-1,-1,1,1,E01014255,0
Unvalidated,2024211411375,2024,211411375,2,9,0,9,3,1,0,8,0,0,7,0,1,1,5,1,45,7,-1,-1,-1,-1,2,1,E01014355,0
Unvalidated,2024211411378,2024,211411378,1,9,0,4,4,7,0,2,1,9,0,0,1,1,6,2,18,4,-1,-1,-1,-1,8,1,E01029610,0
Unvalidated,2024211411378,2024,211411378,2,9,0,4,6,2,0,4,1,0,0,0,1,1,6,1,30,6,-1,-1,-1,-1,2,1,E01018388,0
Unvalidated,2024211411924,2024,211411924,1,9,0,18,7,3,0,0,0,0,0,0,4,1,6,1,45,7,-1,-1,-1,-1,7,1,E01029746,0
Unvalidated,2024211411924,2024,211411924,2,1,0,18,7,3,0,0,0,0,0,0,0,1,5,1,62,9,-1,-1,-1,-1,-1,-1,-1,0
Unvalidated,2024211412153,2024,211412153,1,9,-1,-1,-1,-1,-1,-1,-1,-1,-1,0,-1,1,6,2,-1,-1,-1,-1,-1,-1,-1,-1,-1,0
Unvalidated,2024211412153,2024,211412153,2,1,-1,-1,-1,-1,-1,-1,-1,-1,-1,0,-1,1,2,1,56,9,-1,-1,-1,-1,6,1,E01029428,0
Unvalidated,2024211412215,2024,211412215,1,9,0,18,4,8,9,0,0,4,1,0,1,1,6,2,74,10,-1,-1,-1,-1,7,3,E01029805,0
Unvalidated,2024211412215,2024,211412215,2,9,0,2,0,0,9,0,0,0,0,0,2,1,6,1,41,7,-1,-1,-1,-1,8,1,E01029813,0
Unvalidated,2024211412215,2024,211412215,3,9,0,2,0,0,9,0,0,0,0,0,4,1,6,1,72,10,-1,-1,-1,-1,-1,-1,-1,0
Unvalidated,2024211412532,2024,211412532,1,9,0,9,8,7,0,1,0,0,0,0,1,1,6,1,41,7,-1,-1,-1,-1,2,1,E01029409,0
Unvalidated,2024211412532,2024,211412532,2,9,0,18,7,3,0,1,0,0,0,0,1,1,6,1,82,11,-1,-1,-1,-1,10,2,E01029698,0
Unvalidated,2024211412592,2024,211412592,1,9,0,18,5,1,0,0,1,0,0,0,1,1,1,1,20,4,-1,-1,-1,-1,3,1,E01013513,0
Unvalidated,2024211412592,2024,211412592,2,9,4,18,5,1,0,0,1,0,0,0,2,1,1,1,46,8,-1,-1,-1,-1,7,2,E01024361,0
Unvalidated,2024211412592,2024,211412592,3,19,4,18,5,1,0,0,3,0,0,0,2,1,5,1,51,8,-1,-1,-1,-1,-1,-1,-1,0
Unvalidated,2024211412599,2024,211412599,1,9,0,18,1,5,0,0,1,0,1,0,1,1,6,2,53,8,-1,-1,-1,-1,6,3,E01029670,0
Unvalidated,2024211412599,2024,211412599,2,9,0,9,1,5,0,0,1,10,1,0,3,1,2,2,69,10,-1,-1,-1,-1,2,1,E01014152,0
Unvalidated,2024211412677,2024,211412677,1,9,0,18,1,5,0,8,0,7,0,0,1,1,2,2,55,8,-1,-1,-1,-1,5,1,E01029829,0
Unvalidated,2024211412677,2024,211412677,2,9,0,9,4,1,0,8,0,0,0,0,1,1,1,1,64,9,-1,-1,-1,-1,4,2,E01029892,0
Unvalidated,2024211412694,2024,211412694,1,9,0,18,2,6,0,0,0,0,0,0,1,1,6,2,68,10,-1,-1,-1,-1,4,1,E01029615,0
Unvalidated,2024211412850,2024,211412850,1,9,0,4,8,4,0,0,0,0,0,0,2,1,5,1,24,5,-1,-1,-1,-1,-1,-1,-1,0
Unvalidated,2024211412850,2024,211412850,2,9,0,18,8,4,0,0,0,0,0,0,2,1,5,2,27,6,-1,-1,-1,-1,-1,-1,-1,0
Unvalidated,2024211413023,2024,211413023,1,9,0,18,1,5,0,0,0,0,0,0,1,1,5,2,42,7,-1,-1,-1,-1,4,2,E01029535,0
Unvalidated,2024211413087,2024,211413087,1,9,0,18,1,5,0,0,2,0,7,0,3,1,5,1,25,5,-1,-1,-1,-1,-1,-1,-1,0
Unvalidated,2024211413099,2024,211413099,1,9,0,18,2,6,0,0,0,0,0,0,1,1,6,1,29,6,-1,-1,-1,-1,2,1,E01013598,0
Unvalidated,2024211413099,2024,211413099,2,9,0,18,6,2,0,0,0,10,1,0,1,1,5,1,24,5,-1,-1,-1,-1,9,1,E01019857,0
Unvalidated,2024211413106,2024,211413106,1,9,0,18,5,3,0,0,1,0,1,0,1,1,5,1,40,7,-1,-1,-1,-1,2,1,E01029492,0
Unvalidated,2024211413359,2024,211413359,1,9,0,3,2,6,0,1,0,0,1,0,1,1,5,2,83,11,-1,-1,-1,-1,-1,-1,-1,0
Unvalidated,2024211413359,2024,211413359,2,9,0,9,1,6,0,1,0,0,0,0,3,1,5,1,75,10,-1,-1,-1,-1,6,1,E01029524,0
Unvalidated,2024211413359,2024,211413359,3,9,0,3,6,2,0,1,0,0,0,0,1,1,5,2,44,7,-1,-1,-1,-1,-1,-1,-1,0
Unvalidated,2024211413462,2024,211413462,1,19,0,18,1,5,0,1,0,0,0,0,3,1,1,1,24,5,-1,-1,-1,-1,2,1,E01010533,0
Unvalidated,2024211413462,2024,211413462,2,9,0,18,5,1,0,1,0,0,0,0,3,1,6,1,56,9,-1,-1,-1,-1,4,1,E01029353,0
Unvalidated,2024211413462,2024,211413462,3,9,0,18,5,1,0,1,0,0,0,0,3,1,6,2,38,7,-1,-1,-1,-1,9,1,E01010398,0
Unvalidated,2024211413470,2024,211413470,1,9,0,18,4,6,9,3,1,0,3,0,1,1,2,1,23,5,-1,-1,-1,-1,1,1,E01032887,0
Unvalidated,2024211413539,2024,211413539,1,-1,0,5,5,7,0,2,0,0,0,0,1,1,6,3,30,6,-1,-1,-1,-1,-1,-1,-1,0
Unvalidated,2024211413548,2024,211413548,1,9,0,18,7,3,0,0,0,4,0,0,1,1,2,1,24,5,-1,-1,-1,-1,7,1,E01029384,0
Unvalidated,2024211413548,2024,211413548,2,9,0,2,0,0,0,0,0,0,0,0,2,1,2,2,62,9,-1,-1,-1,-1,5,1,E01029374,0
Unvalidated,2024211413698,2024,211413698,1,9,0,18,4,3,0,0,2,11,1,4,1,1,2,1,32,6,-1,-1,-1,-1,8,1,E01014258,0
Unvalidated,2024211413698,2024,211413698,2,9,0,18,4,3,0,0,1,0,1,0,1,1,2,1,29,6,-1,-1,-1,-1,3,1,E01014240,0
Unvalidated,2024211413969,2024,211413969,1,9,0,18,5,8,0,2,0,0,7,0,1,1,5,1,73,10,-1,-1,-1,-1,-1,-1,-1,0
Unvalidated,2024211414346,2024,211414346,1,9,0,6,4,4,0,0,0,0,0,0,3,1,5,1,78,11,-1,-1,-1,-1,2,1,E01029593,0
Unvalidated,2024211414346,2024,211414346,2,9,0,18,4,8,0,0,0,0,0,0,1,1,6,2,33,6,-1,-1,-1,-1,7,1,E01029544,0
Unvalidated,2024211414720,2024,211414720,1,9,0,4,6,2,0,1,0,0,0,0,1,1,6,2,47,8,-1,-1,-1,-1,8,1,E01033535,0
Unvalidated,2024211414720,2024,211414720,2,9,0,7,4,6,0,2,0,0,0,0,1,1,6,1,19,4,-1,-1,-1,-1,3,1,E01029448,0
Unvalidated,2024211414759,2024,211414759,1,9,0,18,2,6,0,1,0,0,0,0,3,1,3,1,28,6,-1,-1,-1,-1,2,1,E01014356,0
Unvalidated,2024211415277,2024,211415277,1,21,4,4,7,3,9,0,0,0,7,4,1,1,1,1,36,7,-1,-1,-1,-1,-1,-1,-1,0
Unvalidated,2024211415277,2024,211415277,2,9,0,3,7,3,0,0,0,0,0,0,1,1,6,2,78,11,-1,-1,-1,-1,-1,-1,-1,0
Unvalidated,2024211415389,2024,211415389,1,19,0,3,7,3,0,0,0,0,0,0,2,1,1,1,32,6,-1,-1,-1,-1,4,1,E01018460,0
Unvalidated,2024211415389,2024,211415389,2,19,0,18,7,3,0,0,0,0,0,0,1,1,1,1,20,4,-1,-1,-1,-1,2,1,E01014342,0
Unvalidated,2024211415534,2024,211415534,1,9,0,18,8,5,0,0,0,0,0,0,1,1,6,1,42,7,-1,-1,-1,-1,1,1,E01014358,0
Unvalidated,2024211415534,2024,211415534,2,8,0,18,1,4,0,0,0,0,0,0,1,1,6,1,31,6,-1,-1,-1,-1,7,1,E01029586,0
Unvalidated,2024211415534,2024,211415534,3,9,0,18,1,4,0,0,0,0,0,0,1,1,6,2,62,9,-1,-1,-1,-1,4,1,E01014271,0
Unvalidated,2024211415910,2024,211415910,1,19,0,18,2,6,0,1,0,0,0,0,1,1,1,1,-1,-1,-1,-1,-1,-1,-1,-1,-1,0
Unvalidated,2024211415910,2024,211415910,2,9,0,10,2,8,0,8,0,0,0,0,2,1,2,2,-1,-1,-1,-1,-1,-1,8,1,E01009919,0
Unvalidated,2024211415946,2024,211415946,1,9,0,18,3,3,0,1,0,0,0,0,1,1,6,2,25,5,-1,-1,-1,-1,1,1,E01014305,0
Unvalidated,2024211415946,2024,211415946,2,9,0,7,7,3,0,1,0,0,0,0,1,1,1,2,30,6,-1,-1,-1,-1,2,1,E01014302,0
Unvalidated,2024211416124,2024,211416124,1,9,0,18,3,7,0,1,0,0,0,0,4,1,5,1,64,9,-1,-1,-1,-1,10,3,E01029730,0
Unvalidated,2024211416124,2024,211416124,2,9,0,7,5,6,0,2,0,0,0,0,1,1,6,3,35,6,-1,-1,-1,-1,-1,-1,-1,0
Unvalidated,2024211416265,2024,211416265,1,9,0,3,8,4,0,0,0,0,0,0,1,1,6,2,-1,-1,-1,-1,-1,-1,-1,-1,-1,0
Unvalidated,2024211416265,2024,211416265,2,9,0,18,8,4,0,0,0,0,0,0,2,1,6,2,51,8,-1,-1,-1,-1,4,1,E01014259,0
Unvalidated,2024211416379,2024,211416379,1,9,0,14,5,5,0,1,2,0,1,0,1,1,6,1,42,7,-1,-1,-1,-1,2,1,E01010506,0
Unvalidated,2024211416379,2024,211416379,2,9,0,10,1,1,0,1,0,0,0,0,1,2,1,1,42,7,-1,-1,-1,-1,9,1,E01018029,0
Unvalidated,2024211416379,2024,211416379,3,9,0,3,5,5,0,1,0,0,0,0,3,1,1,1,37,7,-1,-1,-1,-1,9,2,E01029619,0
Unvalidated,2024211416379,2024,211416379,4,9,0,4,5,5,0,1,0,0,0,0,0,1,1,1,39,7,-1,-1,-1,-1,-1,-1,-1,0
Unvalidated,2024211416387,2024,211416387,1,9,0,18,3,7,0,0,0,0,0,0,1,1,6,1,42,7,-1,-1,-1,-1,2,1,E01014279,0
Unvalidated,2024211416422,2024,211416422,1,98,1,12,4,8,0,0,0,0,0,0,3,1,1,1,55,8,-1,-1,-1,-1,-1,-1,-1,0
Unvalidated,2024211416422,2024,211416422,2,9,0,18,4,8,0,0,0,0,8,0,4,1,5,1,43,7,-1,-1,-1,-1,2,1,E01010562,0
Unvalidated,2024211416422,2024,211416422,3,9,0,18,4,8,0,0,0,0,0,0,1,1,5,1,33,6,-1,-1,-1,-1,7,1,E01009318,0
Unvalidated,2024211416422,2024,211416422,4,9,0,18,4,8,0,0,0,0,0,0,1,1,5,1,25,5,-1,-1,-1,-1,-1,-1,-1,0
Unvalidated,2024211416527,2024,211416527,1,9,0,9,7,4,0,6,0,0,0,0,1,1,6,2,77,11,-1,-1,-1,-1,3,1,E01032437,0
Unvalidated,2024211416527,2024,211416527,2,9,0,18,5,1,0,8,0,0,0,0,4,1,6,1,36,7,-1,-1,-1,-1,8,2,E01028848,0
Unvalidated,2024211416660,2024,211416660,1,9,0,18,1,4,0,0,1,0,0,0,4,1,6,1,44,7,-1,-1,-1,-1,3,1,E01008977,0
Unvalidated,2024211416660,2024,211416660,2,9,0,18,4,1,0,0,0,0,8,0,1,1,1,1,28,6,-1,-1,-1,-1,8,1,E01009904,0
Unvalidated,2024211416739,2024,211416739,1,9,0,18,3,7,0,0,1,0,1,0,0,1,2,2,18,4,-1,-1,-1,-1,-1,-1,-1,0
Unvalidated,2024211416872,2024,211416872,1,9,0,9,3,1,0,2,0,0,0,0,3,1,6,2,24,5,-1,-1,-1,-1,-1,-1,-1,0
Unvalidated,2024211416872,2024,211416872,2,9,0,18,1,5,0,1,0,0,7,0,1,1,1,2,27,6,-1,-1,-1,-1,-1,-1,-1,0
Unvalidated,2024211416953,2024,211416953,1,9,0,18,5,1,0,1,0,0,0,0,1,1,5,1,41,7,-1,-1,-1,-1,2,1,E01010239,0
Unvalidated,2024211416953,2024,211416953,2,9,0,9,7,3,0,6,0,0,0,0,3,1,5,1,57,9,-1,-1,-1,-1,7,1,E01029491,0
Unvalidated,2024211417052,2024,211417052,1,9,0,18,6,5,0,4,5,9,1,7,4,1,6,1,34,6,-1,-1,-1,-1,6,1,E01029389,0
Unvalidated,2024211417839,2024,211417839,1,19,0,2,1,5,0,0,0,0,0,0,0,1,1,1,22,5,-1,-1,-1,-1,-1,-1,-1,0
Unvalidated,2024211417839,2024,211417839,2,19,0,18,1,5,0,0,0,0,0,0,2,1,6,1,38,7,-1,-1,-1,-1,-1,-1,-1,0
Unvalidated,2024211417839,2024,211417839,3,9,0,18,1,5,0,0,0,0,0,0,1,1,6,1,28,6,-1,-1,-1,-1,-1,-1,-1,0
Unvalidated,2024211417839,2024,211417839,4,9,0,18,1,5,0,0,0,0,0,0,2,1,6,2,47,8,-1,-1,-1,-1,-1,-1,-1,0
Unvalidated,2024211417853,2024,211417853,1,9,4,18,3,3,0,0,0,0,7,0,3,1,1,2,36,7,-1,-1,-1,-1,-1,1,-1,0
Unvalidated,2024211417853,2024,211417853,2,9,4,18,1,3,0,0,0,0,0,0,1,1,1,2,57,9,-1,-1,-1,-1,7,2,E01029396,0
Unvalidated,2024211417874,2024,211417874,1,11,0,14,5,1,0,0,0,0,0,0,1,1,1,1,62,9,-1,-1,-1,-1,-1,-1,-1,0
Unvalidated,2024211418174,2024,211418174,1,9,0,-1,1,4,-1,0,-1,0,-1,0,3,1,6,1,50,8,-1,-1,-1,-1,5,1,E01029852,0
Unvalidated,2024211418174,2024,211418174,2,5,0,-1,5,8,-1,0,-1,0,-1,0,1,1,6,1,47,8,-1,-1,-1,-1,4,1,E01029851,0
Unvalidated,2024211418339,2024,211418339,1,9,0,7,3,5,0,3,0,0,0,0,1,1,1,2,26,6,-1,-1,-1,-1,5,1,E01032897,0
Unvalidated,2024211418339,2024,211418339,2,1,0,7,1,5,0,3,0,0,0,0,1,1,6,1,52,8,-1,-1,-1,-1,7,1,E01029417,0
Unvalidated,2024211418799,2024,211418799,1,9,0,18,5,1,0,1,0,0,0,0,1,1,6,2,48,8,-1,-1,-1,-1,1,1,E01014255,0
Unvalidated,2024211418828,2024,211418828,1,9,0,12,5,8,0,0,0,0,0,0,3,1,5,1,30,6,-1,-1,-1,-1,3,1,E01016733,0
Unvalidated,2024211418828,2024,211418828,2,9,-1,12,5,8,0,0,0,0,0,0,1,1,6,3,-1,-1,-1,-1,-1,-1,-1,-1,-1,0
Unvalidated,2024211418974,2024,211418974,1,9,0,18,3,7,0,1,0,0,3,0,1,1,1,2,33,6,-1,-1,-1,-1,7,1,E01014310,0
Unvalidated,2024211418974,2024,211418974,2,9,0,18,5,1,0,8,0,0,1,0,3,1,5,1,52,8,-1,-1,-1,-1,9,1,E01029818,0
Unvalidated,2024211418993,2024,211418993,1,9,0,18,5,1,0,0,0,0,0,0,1,1,6,2,46,8,-1,-1,-1,-1,-1,-1,-1,0
Unvalidated,2024211418993,2024,211418993,2,9,0,9,1,1,0,0,0,0,0,0,2,1,6,2,46,8,-1,-1,-1,-1,9,1,E01029818,0
Unvalidated,2024211419053,2024,211419053,1,9,0,18,7,2,0,0,0,0,0,0,1,1,6,1,36,7,-1,-1,-1,-1,-1,-1,-1,0
Unvalidated,2024211419053,2024,211419053,2,9,0,18,2,7,0,0,0,0,0,0,1,1,6,1,43,7,-1,-1,-1,-1,-1,-1,-1,0
Unvalidated,2024211419090,2024,211419090,1,9,0,18,1,5,0,0,0,0,0,0,3,1,6,1,32,6,-1,-1,-1,-1,2,1,E01029447,0
Unvalidated,2024211419090,2024,211419090,2,98,0,18,5,1,0,0,0,0,0,0,1,1,6,1,66,10,-1,-1,-1,-1,-1,-1,-1,0
Unvalidated,2024211419209,2024,211419209,1,9,0,18,7,3,0,0,0,0,0,0,1,1,1,2,27,6,-1,-1,-1,-1,8,1,E01010513,0
Unvalidated,2024211419213,2024,211419213,1,9,0,9,4,1,0,0,0,0,0,0,4,1,6,3,35,6,-1,-1,-1,-1,-1,-1,-1,0
Unvalidated,2024211419243,2024,211419243,1,9,0,18,2,8,0,0,0,0,0,0,4,1,6,1,40,7,-1,-1,-1,-1,-1,-1,-1,0
Unvalidated,2024211419243,2024,211419243,2,1,0,18,7,3,0,0,0,0,1,0,4,1,2,1,50,8,-1,-1,-1,-1,7,1,E01029863,0
Unvalidated,2024211419336,2024,211419336,1,9,0,18,5,1,0,0,0,0,0,0,2,1,5,1,33,6,-1,-1,-1,-1,6,1,E01029428,0
Unvalidated,2024211419336,2024,211419336,2,19,0,18,1,1,0,0,0,0,0,0,2,1,5,1,41,7,-1,-1,-1,-1,-1,-1,-1,0
Unvalidated,2024211419774,2024,211419774,1,9,0,18,3,7,0,0,0,0,0,0,4,1,6,2,40,7,-1,-1,-1,-1,-1,-1,-1,0
Unvalidated,2024211419902,2024,211419902,1,21,1,18,8,3,0,0,0,0,0,0,1,1,1,1,32,6,-1,-1,-1,-1,1,1,E01009963,0
Unvalidated,2024211419902,2024,211419902,2,21,1,4,8,3,0,0,0,0,0,0,2,1,1,1,54,8,-1,-1,-1,-1,5,1,-1,0
Unvalidated,2024211419902,2024,211419902,3,19,0,12,1,3,0,0,0,0,0,0,0,1,1,1,56,9,-1,-1,-1,-1,6,1,E01010557,0
Unvalidated,2024211420037,2024,211420037,1,8,0,18,1,5,6,0,0,0,1,0,1,1,1,1,22,5,-1,-1,-1,-1,1,1,E01009062,0
Unvalidated,2024211420165,2024,211420165,1,9,0,18,7,3,0,0,0,0,0,0,4,1,6,1,78,11,-1,-1,-1,-1,-1,-1,-1,0
Unvalidated,2024211420345,2024,211420345,1,4,0,18,2,6,0,0,2,4,1,0,1,1,1,1,28,6,-1,-1,-1,-1,6,1,E01029539,0
Unvalidated,2024211420345,2024,211420345,2,98,0,2,0,0,0,0,0,0,0,0,2,1,6,3,-1,-1,-1,-1,-1,-1,-1,-1,-1,0
Unvalidated,2024211420452,2024,211420452,1,9,0,18,2,7,0,0,1,10,0,0,1,1,6,2,18,4,-1,-1,-1,-1,-1,-1,-1,0
Unvalidated,2024211420452,2024,211420452,2,9,0,18,7,2,0,0,0,0,1,0,1,1,6,2,30,6,-1,-1,-1,-1,-1,-1,-1,0
Unvalidated,2024211420789,2024,211420789,1,9,0,18,3,8,0,6,0,0,0,0,4,1,5,2,36,7,-1,-1,-1,-1,-1,-1,-1,0
Unvalidated,2024211420789,2024,211420789,2,3,0,18,2,6,0,1,1,0,0,0,1,1,2,1,20,4,-1,-1,-1,-1,1,1,E01014244,0
Unvalidated,2024211420826,2024,211420826,1,8,0,5,6,2,0,0,0,0,0,0,2,1,1,1,58,9,-1,-1,-1,-1,1,1,E01014286,0
Unvalidated,2024211420952,2024,211420952,1,9,0,7,3,5,0,1,0,0,3,0,3,1,6,1,48,8,-1,-1,-1,-1,8,3,E01029570,0
Unvalidated,2024211420952,2024,211420952,2,9,0,13,1,8,0,6,0,0,0,0,4,1,6,2,25,5,-1,-1,-1,-1,7,1,E01014303,0
Unvalidated,2024211420971,2024,211420971,1,9,0,14,2,2,0,1,0,0,0,0,4,1,6,3,40,7,-1,-1,-1,-1,-1,-1,-1,0
Unvalidated,2024211420991,2024,211420991,1,9,0,18,4,8,0,0,0,0,0,0,1,1,6,2,68,10,-1,-1,-1,-1,5,1,E01014253,0
Unvalidated,2024211420991,2024,211420991,2,9,0,18,5,6,0,0,0,0,0,0,2,1,1,1,39,7,-1,-1,-1,-1,4,1,E01014245,0
Unvalidated,2024211421042,2024,211421042,1,9,0,18,3,7,0,0,0,0,0,0,1,1,6,2,30,6,-1,-1,-1,-1,1,1,E01032888,0
Unvalidated,2024211421042,2024,211421042,2,9,0,4,3,7,0,0,0,0,0,0,2,1,6,2,30,6,-1,-1,-1,-1,8,3,E01029616,0
Unvalidated,2024211421096,2024,211421096,1,9,0,12,2,6,0,0,0,0,0,0,1,1,6,1,51,8,-1,-1,-1,-1,1,1,E01014255,0
Unvalidated,2024211421096,2024,211421096,2,9,0,18,6,2,0,0,0,0,0,0,1,1,6,1,44,7,-1,-1,-1,-1,10,1,E01029776,0
Unvalidated,2024211421189,2024,211421189,1,19,0,18,5,3,0,0,0,0,0,0,1,1,5,1,30,6,-1,-1,-1,-1,9,1,E01029724,0
Unvalidated,2024211421226,2024,211421226,1,9,0,18,1,3,0,4,0,0,0,0,1,1,6,1,20,4,-1,-1,-1,-1,3,1,E01014240,0
Unvalidated,2024211421226,2024,211421226,2,9,0,18,1,5,0,4,0,0,0,0,3,1,6,1,59,9,-1,-1,-1,-1,3,1,E01014240,0
Unvalidated,2024211421749,2024,211421749,1,9,0,9,7,3,0,2,0,0,0,0,1,1,5,1,39,7,-1,-1,-1,-1,-1,-1,-1,0
Unvalidated,2024211422203,2024,211422203,1,19,0,18,4,8,0,0,0,0,0,0,1,1,2,1,31,6,-1,-1,-1,-1,1,1,E01010031,0
Unvalidated,2024211422203,2024,211422203,2,9,0,3,4,8,0,0,0,0,0,0,2,1,6,2,36,7,-1,-1,-1,-1,5,1,E01010306,0
Unvalidated,2024211422203,2024,211422203,3,9,0,3,4,8,0,0,0,0,0,0,2,1,6,1,55,8,-1,-1,-1,-1,5,2,E01031016,0
Unvalidated,2024211422203,2024,211422203,4,9,0,3,4,8,0,0,0,0,0,0,2,1,6,1,29,6,-1,-1,-1,-1,6,1,E01029640,0
Unvalidated,2024211422204,2024,211422204,1,9,0,18,1,5,0,0,0,0,7,4,1,1,2,2,40,7,-1,-1,-1,-1,6,3,E01029708,0
Unvalidated,2024211422502,2024,211422502,1,9,0,7,8,3,0,2,0,0,0,0,4,1,6,3,-1,-1,-1,-1,-1,-1,-1,-1,-1,0
Unvalidated,2024211422512,2024,211422512,1,9,0,9,8,7,0,1,0,0,0,0,4,1,5,1,71,10,-1,-1,-1,-1,2,1,E01014342,0
Unvalidated,2024211422512,2024,211422512,2,9,0,18,4,8,0,1,0,0,0,0,1,1,2,2,45,7,-1,-1,-1,-1,1,1,E01029554,0
Unvalidated,2024211422527,2024,211422527,1,5,0,16,7,3,0,0,1,0,4,0,4,1,6,1,49,8,-1,-1,-1,-1,2,1,E01014236,0
Unvalidated,2024211422578,2024,211422578,1,9,0,18,6,2,0,0,0,0,0,0,2,1,6,1,23,5,-1,-1,-1,-1,6,1,E01019876,0
Unvalidated,2024211422578,2024,211422578,2,9,0,18,6,2,0,0,0,0,0,0,2,1,6,1,50,8,-1,-1,-1,-1,8,3,E01029441,0
Unvalidated,2024211422587,2024,211422587,1,9,0,18,7,3,0,2,0,0,0,0,3,1,2,2,39,7,-1,-1,-1,-1,-1,-1,-1,0
Unvalidated,2024211422587,2024,211422587,2,9,0,18,4,8,0,2,0,0,0,0,3,1,5,1,61,9,-1,-1,-1,-1,-1,-1,-1,0
Unvalidated,2024211422889,2024,211422889,1,19,0,18,8,4,0,0,0,0,0,0,1,1,2,1,35,6,-1,-1,-1,-1,6,1,E01019514,0
Unvalidated,2024211422889,2024,211422889,2,9,0,18,6,2,0,0,0,0,0,0,1,1,2,1,46,8,-1,-1,-1,-1,7,1,E01029417,0