status,collision_index,collision_year,collision_reference,vehicle_reference,vehicle_type,towing_and_articulation,vehicle_manoeuvre,vehicle_direction_from,vehicle_direction_to,vehicle_location_restricted_lane,junction_location,skidding_and_overturning,hit_object_in_carriageway,vehicle_leaving_carriageway,hit_object_off_carriageway,first_point_of_impact,vehicle_left_hand_drive,journey_purpose_of_driver,sex_of_driver,age_of_driver,age_band_of_driver,engine_capacity_cc,propulsion_code,age_of_vehicle,generic_make_model,driver_imd_decile,driver_home_area_type,lsoa_of_driver,escooter_flag
Unvalidated,2024211422889,2024,211422889,3,19,0,18,6,2,0,0,0,0,0,0,1,1,2,1,37,7,-1,-1,-1,-1,7,1,E01029694,0
Unvalidated,2024211422993,2024,211422993,1,9,0,2,0,0,0,0,0,0,0,0,3,1,6,2,52,8,-1,-1,-1,-1,6,3,E01029411,0
Unvalidated,2024211423003,2024,211423003,1,2,0,18,1,4,0,1,0,0,0,0,1,1,6,3,23,5,-1,-1,-1,-1,-1,-1,-1,0
Unvalidated,2024211423004,2024,211423004,1,9,0,18,6,3,0,0,0,0,0,0,1,1,6,2,19,4,-1,-1,-1,-1,7,1,E01029385,0
Unvalidated,2024211423008,2024,211423008,1,9,0,18,7,3,0,0,5,10,0,0,1,1,6,1,67,10,-1,-1,-1,-1,2,1,E01029453,0
Unvalidated,2024211423008,2024,211423008,2,9,0,18,3,7,0,0,0,0,0,0,1,1,6,1,36,7,-1,-1,-1,-1,2,1,E01029468,0
Unvalidated,2024211423008,2024,211423008,3,9,0,18,3,7,0,0,0,0,0,0,1,1,6,1,52,8,-1,-1,-1,-1,5,1,E01029449,0
Unvalidated,2024211423323,2024,211423323,1,3,0,-1,-1,-1,-1,-1,-1,-1,-1,0,-1,1,6,1,36,7,-1,-1,-1,-1,5,1,E01029433,0
Unvalidated,2024211423323,2024,211423323,2,19,0,-1,-1,-1,-1,-1,-1,-1,-1,0,-1,1,1,1,51,8,-1,-1,-1,-1,3,1,E01013470,0
Unvalidated,2024211423367,2024,211423367,1,9,0,18,7,1,0,1,0,0,0,0,3,1,6,2,-1,-1,-1,-1,-1,-1,-1,-1,-1,0
Unvalidated,2024211423367,2024,211423367,2,3,0,18,6,1,0,1,0,0,0,0,4,1,6,1,21,5,-1,-1,-1,-1,-1,-1,-1,0
Unvalidated,2024211423712,2024,211423712,1,21,1,18,3,7,0,0,0,0,0,0,4,1,1,1,-1,-1,-1,-1,-1,-1,-1,-1,-1,0
Unvalidated,2024211423712,2024,211423712,2,19,0,2,7,3,6,0,0,0,0,0,3,1,5,1,48,8,-1,-1,-1,-1,-1,-1,-1,0
Unvalidated,2024211423754,2024,211423754,1,9,0,12,8,8,0,0,1,10,0,0,3,1,5,1,26,6,-1,-1,-1,-1,7,1,E01029585,0
Unvalidated,2024211423787,2024,211423787,1,9,0,18,3,7,0,4,0,0,5,0,1,1,5,1,21,5,-1,-1,-1,-1,4,1,E01029715,0
Unvalidated,2024211423787,2024,211423787,2,9,0,4,3,7,0,4,0,0,0,0,0,1,1,1,41,7,-1,-1,-1,-1,-1,-1,-1,0
Unvalidated,2024211423798,2024,211423798,1,19,0,11,7,7,0,0,0,0,0,0,4,1,1,1,27,6,-1,-1,-1,-1,-1,-1,-1,0
Unvalidated,2024211423798,2024,211423798,2,9,0,18,7,7,0,0,0,0,0,0,2,1,6,2,66,10,-1,-1,-1,-1,5,1,E01010558,0
Unvalidated,2024211424020,2024,211424020,1,8,0,6,4,4,0,0,0,0,1,4,3,1,1,1,64,9,-1,-1,-1,-1,2,1,E01029604,0
Unvalidated,2024211424020,2024,211424020,2,9,0,13,4,8,0,0,5,0,0,0,1,1,2,1,25,5,-1,-1,-1,-1,3,1,E01029568,0
Unvalidated,2024211424088,2024,211424088,1,9,0,18,3,7,0,0,0,0,0,0,3,1,5,2,25,5,-1,-1,-1,-1,-1,-1,-1,0
Unvalidated,2024211424088,2024,211424088,2,9,0,8,1,3,0,0,0,0,1,0,4,1,5,1,33,6,-1,-1,-1,-1,-1,-1,-1,0
Unvalidated,2024211424156,2024,211424156,1,9,0,18,5,1,0,0,0,0,0,0,4,1,5,1,51,8,-1,-1,-1,-1,-1,-1,-1,0
Unvalidated,2024211424190,2024,211424190,1,9,0,7,1,2,0,1,0,0,0,0,4,1,6,2,41,7,-1,-1,-1,-1,-1,-1,-1,0
Unvalidated,2024211424249,2024,211424249,1,9,0,5,8,4,0,0,0,0,0,0,4,1,5,2,27,6,-1,-1,-1,-1,-1,-1,-1,0
Unvalidated,2024211424281,2024,211424281,1,9,0,18,3,8,0,0,1,0,0,0,1,1,5,1,18,4,-1,-1,-1,-1,10,2,E01029443,0
Unvalidated,2024211424683,2024,211424683,1,9,0,18,6,2,0,0,0,0,0,0,1,1,2,1,29,6,-1,-1,-1,-1,1,1,E01009125,0
Unvalidated,2024211424683,2024,211424683,2,9,0,18,6,2,0,0,0,0,0,0,2,1,2,1,49,8,-1,-1,-1,-1,10,1,E01013467,0
Unvalidated,2024211424683,2024,211424683,3,9,0,18,6,2,0,0,0,0,0,0,2,1,2,2,26,6,-1,-1,-1,-1,2,1,E01029426,0
Unvalidated,2024211424732,2024,211424732,1,9,0,18,6,3,6,0,5,0,1,0,4,1,2,1,45,7,-1,-1,-1,-1,-1,-1,-1,0
Unvalidated,2024211424792,2024,211424792,1,9,0,18,1,5,0,0,1,0,0,0,4,1,6,1,20,4,-1,-1,-1,-1,-1,-1,-1,0
Unvalidated,2024211425155,2024,211425155,1,9,0,7,4,7,0,0,0,0,7,0,4,1,5,2,18,4,-1,-1,-1,-1,2,1,E01029346,0
Unvalidated,2024211425155,2024,211425155,2,9,0,15,4,1,0,0,0,0,0,0,3,1,5,2,53,8,-1,-1,-1,-1,-1,-1,-1,0
Unvalidated,2024211425248,2024,211425248,1,9,0,18,1,1,0,0,0,0,0,0,1,1,2,2,38,7,-1,-1,-1,-1,9,1,E01029848,0
Unvalidated,2024211425248,2024,211425248,2,20,0,4,1,1,0,0,0,0,0,0,2,1,1,1,40,7,-1,-1,-1,-1,3,2,E01029397,0
Unvalidated,2024211425337,2024,211425337,1,9,0,18,6,2,0,0,0,11,1,4,1,1,1,1,18,4,-1,-1,-1,-1,9,2,E01029617,0
Unvalidated,2024211425711,2024,211425711,1,9,0,18,7,3,0,6,0,0,0,0,3,1,1,1,28,6,-1,-1,-1,-1,8,1,E01014157,0
Unvalidated,2024211425711,2024,211425711,2,9,0,18,5,1,0,8,0,0,0,0,1,1,6,1,41,7,-1,-1,-1,-1,9,1,E01010497,0
Unvalidated,2024211425943,2024,211425943,1,9,0,18,7,3,0,0,0,0,0,0,2,1,5,1,78,11,-1,-1,-1,-1,1,1,E01014250,0
Unvalidated,2024211425943,2024,211425943,2,20,0,18,7,3,0,0,0,0,0,0,1,1,1,1,51,8,-1,-1,-1,-1,7,3,E01028411,0
Unvalidated,2024211426087,2024,211426087,1,9,0,18,1,5,0,1,0,0,0,0,1,1,6,2,-1,-1,-1,-1,-1,-1,-1,-1,-1,0
Unvalidated,2024211426087,2024,211426087,2,9,0,4,1,5,0,1,1,0,0,0,2,1,6,1,34,6,-1,-1,-1,-1,6,1,E01029753,0
Unvalidated,2024211426087,2024,211426087,3,9,0,9,1,6,0,8,0,0,0,0,0,1,6,3,-1,-1,-1,-1,-1,-1,-1,-1,-1,0
Unvalidated,2024211426151,2024,211426151,1,9,0,18,6,2,0,1,0,4,0,0,1,1,6,1,18,4,-1,-1,-1,-1,5,1,E01014324,0
Unvalidated,2024211426151,2024,211426151,2,9,0,2,0,0,0,1,0,0,0,0,1,1,6,3,-1,-1,-1,-1,-1,-1,-1,-1,-1,0
Unvalidated,2024211426162,2024,211426162,1,9,0,7,3,5,0,6,1,0,0,0,4,1,2,2,17,4,-1,-1,-1,-1,5,1,E01029647,0
Unvalidated,2024211426289,2024,211426289,1,9,0,18,7,3,0,0,0,0,0,0,1,1,6,1,22,5,-1,-1,-1,-1,1,1,E01014220,0
Unvalidated,2024211426289,2024,211426289,2,8,0,18,7,3,0,0,0,0,0,0,2,1,6,1,43,7,-1,-1,-1,-1,2,1,E01014345,0
Unvalidated,2024211426438,2024,211426438,1,9,0,18,4,8,0,0,0,0,7,0,1,1,6,1,23,5,-1,-1,-1,-1,2,1,E01014281,0
Unvalidated,2024211426438,2024,211426438,2,9,0,18,4,8,0,0,0,0,0,0,0,1,5,1,-1,-1,-1,-1,-1,-1,7,1,E01029732,0
Unvalidated,2024211426444,2024,211426444,1,9,0,1,5,1,0,0,0,0,0,0,2,1,6,3,-1,-1,-1,-1,-1,-1,-1,-1,-1,0
Unvalidated,2024211426461,2024,211426461,1,9,0,18,2,6,0,1,0,0,0,0,1,1,6,2,59,9,-1,-1,-1,-1,-1,-1,-1,0
Unvalidated,2024211426461,2024,211426461,2,9,0,3,2,6,0,1,0,0,0,0,2,1,5,1,39,7,-1,-1,-1,-1,3,1,E01029437,0
Unvalidated,2024211426484,2024,211426484,1,19,0,9,1,4,0,1,0,0,0,0,1,1,1,1,64,9,-1,-1,-1,-1,6,1,E01028943,0
Unvalidated,2024211426484,2024,211426484,2,1,0,18,5,3,0,1,0,0,0,0,1,1,6,1,51,8,-1,-1,-1,-1,5,1,E01029382,0
Unvalidated,2024211426527,2024,211426527,1,9,0,18,4,8,0,1,0,0,0,0,2,1,6,1,38,7,-1,-1,-1,-1,4,1,E01014245,0
Unvalidated,2024211426527,2024,211426527,2,9,0,18,4,8,0,1,0,0,0,0,1,1,6,1,53,8,-1,-1,-1,-1,8,1,E01018391,0
Unvalidated,2024211426540,2024,211426540,1,9,0,18,1,5,0,0,0,0,0,0,4,1,6,1,56,9,-1,-1,-1,-1,5,1,-1,0
Unvalidated,2024211426540,2024,211426540,2,9,0,2,0,0,0,0,0,0,0,0,3,1,6,2,38,7,-1,-1,-1,-1,5,1,E01014369,0
Unvalidated,2024211426611,2024,211426611,1,5,0,13,8,4,0,0,2,0,0,0,3,1,5,1,66,10,-1,-1,-1,-1,8,1,E01009819,0
Unvalidated,2024211426611,2024,211426611,2,90,0,18,8,4,0,0,0,0,0,0,3,1,5,2,50,8,-1,-1,-1,-1,8,1,E01029680,0
Unvalidated,2024211426708,2024,211426708,1,9,0,4,1,5,0,0,0,0,0,0,2,1,6,2,67,10,-1,-1,-1,-1,-1,-1,-1,0
Unvalidated,2024211426708,2024,211426708,2,9,0,4,7,3,0,0,0,0,0,0,0,1,6,2,24,5,-1,-1,-1,-1,-1,-1,-1,0
Unvalidated,2024211426917,2024,211426917,1,9,0,18,7,3,0,0,0,0,0,0,1,1,6,2,79,11,-1,-1,-1,-1,9,1,E01029847,0
Unvalidated,2024211426917,2024,211426917,2,9,0,18,1,5,0,0,0,0,0,0,1,1,5,1,27,6,-1,-1,-1,-1,4,1,E01029830,0
Unvalidated,2024211426917,2024,211426917,3,9,0,18,1,5,0,0,0,0,0,0,1,1,6,3,-1,-1,-1,-1,-1,-1,-1,-1,-1,0
Unvalidated,2024211426917,2024,211426917,4,9,0,18,1,1,0,0,0,0,0,0,1,1,6,3,-1,-1,-1,-1,-1,-1,-1,-1,-1,0
Unvalidated,2024211426927,2024,211426927,1,11,0,9,5,4,0,3,0,0,0,0,1,1,1,1,63,9,-1,-1,-1,-1,6,3,E01025562,0
Unvalidated,2024211426927,2024,211426927,2,11,0,9,5,5,0,3,2,10,1,1,4,1,5,1,52,8,-1,-1,-1,-1,3,1,E01013828,0
Unvalidated,2024211426933,2024,211426933,1,21,-1,-1,-1,-1,-1,0,-1,-1,-1,0,-1,1,1,3,-1,-1,-1,-1,-1,-1,-1,-1,-1,0
Unvalidated,2024211426933,2024,211426933,2,5,-1,-1,-1,-1,-1,0,-1,-1,-1,0,-1,1,5,1,68,10,-1,-1,-1,-1,9,1,E01019621,0
Unvalidated,2024211426965,2024,211426965,1,21,1,11,5,2,0,0,0,0,0,0,4,1,1,1,40,7,-1,-1,-1,-1,-1,-1,-1,0
Unvalidated,2024211426965,2024,211426965,2,9,0,18,5,2,0,0,0,0,1,2,3,1,2,1,36,7,-1,-1,-1,-1,9,1,E01010497,0
Unvalidated,2024211426995,2024,211426995,1,9,0,18,7,3,0,0,0,0,0,0,1,1,6,1,19,4,-1,-1,-1,-1,9,1,E01024901,0
Unvalidated,2024211426995,2024,211426995,2,9,0,9,1,3,0,0,0,0,0,0,4,1,6,1,50,8,-1,-1,-1,-1,1,1,E01014218,0
Unvalidated,2024211427332,2024,211427332,1,1,0,18,6,1,0,4,2,0,8,0,1,1,5,1,49,8,-1,-1,-1,-1,7,1,E01029460,0
Unvalidated,2024211427332,2024,211427332,2,9,0,18,8,4,0,3,0,0,8,0,3,1,5,1,53,8,-1,-1,-1,-1,-1,-1,-1,0
Unvalidated,2024211427719,2024,211427719,1,9,0,18,7,6,0,6,1,0,1,0,1,1,2,1,40,7,-1,-1,-1,-1,8,3,E01029742,0
Unvalidated,2024211427719,2024,211427719,2,9,0,18,8,2,0,1,0,0,1,0,1,1,6,2,34,6,-1,-1,-1,-1,5,1,E01009895,0
Unvalidated,2024211427840,2024,211427840,1,9,0,-1,-1,-1,-1,-1,-1,-1,-1,0,-1,1,6,2,70,10,-1,-1,-1,-1,-1,-1,-1,0
Unvalidated,2024211427878,2024,211427878,1,9,0,11,5,1,0,3,0,0,0,0,0,1,6,1,62,9,-1,-1,-1,-1,-1,-1,-1,0
Unvalidated,2024211427878,2024,211427878,2,3,0,18,5,1,0,3,1,10,0,0,1,1,6,1,50,8,-1,-1,-1,-1,-1,-1,-1,0
Unvalidated,2024211427878,2024,211427878,3,3,0,18,5,1,0,3,0,0,0,0,0,1,6,1,52,8,-1,-1,-1,-1,-1,-1,-1,0
Unvalidated,2024211428032,2024,211428032,1,9,0,18,6,2,0,0,0,0,0,0,3,1,1,1,35,6,-1,-1,-1,-1,-1,-1,-1,0
Unvalidated,2024211428032,2024,211428032,2,5,0,15,2,6,0,0,2,0,1,0,1,1,1,1,29,6,-1,-1,-1,-1,4,1,E01029838,0
Unvalidated,2024211428032,2024,211428032,3,9,0,18,2,5,0,0,0,0,0,0,4,1,1,1,20,4,-1,-1,-1,-1,-1,-1,-1,0
Unvalidated,2024211428270,2024,211428270,1,9,0,18,1,5,0,0,0,0,0,0,1,1,6,2,78,11,-1,-1,-1,-1,2,1,E01014262,0
Unvalidated,2024211428363,2024,211428363,1,9,0,3,4,2,0,1,0,0,0,0,4,1,6,1,30,6,-1,-1,-1,-1,5,1,E01029352,0
Unvalidated,2024211428363,2024,211428363,2,9,0,18,4,8,0,1,0,0,0,0,1,1,6,2,30,6,-1,-1,-1,-1,9,2,E01029465,0
Unvalidated,2024211428372,2024,211428372,1,9,0,18,8,4,0,0,0,0,0,0,1,1,6,2,70,10,-1,-1,-1,-1,8,3,E01029788,0
Unvalidated,2024211428372,2024,211428372,2,9,0,18,8,4,0,0,0,0,0,0,1,1,6,2,21,5,-1,-1,-1,-1,2,1,E01014234,0
Unvalidated,2024211428372,2024,211428372,3,19,0,18,8,4,0,0,0,0,0,0,2,1,6,1,37,7,-1,-1,-1,-1,8,1,E01023511,0
Unvalidated,2024211428391,2024,211428391,1,9,0,18,1,5,0,0,0,0,0,0,2,1,2,1,50,8,-1,-1,-1,-1,1,1,E01033646,0
Unvalidated,2024211428391,2024,211428391,2,21,1,11,1,5,0,0,0,0,0,0,4,1,1,1,58,9,-1,-1,-1,-1,1,1,E01009203,0
Unvalidated,2024211428391,2024,211428391,3,9,0,18,1,5,0,0,0,0,0,0,1,1,5,2,30,6,-1,-1,-1,-1,2,1,E01010086,0
Unvalidated,2024211428414,2024,211428414,1,9,0,3,6,2,0,0,0,0,0,0,1,1,1,1,56,9,-1,-1,-1,-1,5,1,E01009245,0
Unvalidated,2024211428414,2024,211428414,2,9,0,3,6,3,0,0,0,0,0,0,2,1,6,2,65,9,-1,-1,-1,-1,2,1,E01010049,0
Unvalidated,2024211428414,2024,211428414,3,9,0,3,6,3,0,0,0,0,0,0,2,1,1,2,26,6,-1,-1,-1,-1,-1,-1,-1,0
Unvalidated,2024211428462,2024,211428462,1,3,0,18,5,1,0,1,0,0,0,0,1,1,5,1,19,4,-1,-1,-1,-1,6,1,E01029497,0
Unvalidated,2024211428462,2024,211428462,2,3,0,7,5,1,0,1,0,0,0,0,2,1,5,1,19,4,-1,-1,-1,-1,3,1,E01029527,0
Unvalidated,2024211428550,2024,211428550,1,9,0,18,1,5,0,0,1,0,1,4,1,1,6,1,24,5,-1,-1,-1,-1,1,1,E01010098,0
Unvalidated,2024211428550,2024,211428550,2,9,0,18,1,5,0,0,0,0,0,0,0,1,1,1,48,8,-1,-1,-1,-1,7,1,E01029732,0
Unvalidated,2024211428550,2024,211428550,3,9,0,18,1,5,0,0,0,0,0,0,0,1,1,1,29,6,-1,-1,-1,-1,7,1,E01029732,0
Unvalidated,2024211428550,2024,211428550,4,9,0,18,1,5,0,0,0,0,0,0,0,1,1,1,34,6,-1,-1,-1,-1,7,1,E01029732,0
Unvalidated,2024211428577,2024,211428577,1,9,0,7,7,3,0,1,0,0,0,0,1,1,6,2,25,5,-1,-1,-1,-1,4,1,E01029851,0
Unvalidated,2024211428577,2024,211428577,2,19,0,18,3,7,0,1,0,0,0,0,1,1,6,1,41,7,-1,-1,-1,-1,1,1,E01009307,0
Unvalidated,2024211428580,2024,211428580,1,9,0,18,1,3,0,4,0,0,0,0,1,1,6,2,49,8,-1,-1,-1,-1,3,1,E01029850,0
Unvalidated,2024211428580,2024,211428580,2,9,0,18,1,3,0,4,0,0,0,0,1,1,5,1,23,5,-1,-1,-1,-1,4,2,E01031026,0
Unvalidated,2024211428633,2024,211428633,1,9,0,1,8,4,0,0,0,0,0,0,2,1,6,3,25,5,-1,-1,-1,-1,-1,-1,-1,0
Unvalidated,2024211428633,2024,211428633,2,9,0,3,4,8,0,0,0,0,0,0,1,1,6,2,56,9,-1,-1,-1,-1,1,1,E01014368,0
Unvalidated,2024211428722,2024,211428722,1,9,0,18,7,3,0,1,5,0,3,0,1,1,6,1,54,8,-1,-1,-1,-1,6,3,E01029488,0
Unvalidated,2024211428734,2024,211428734,1,98,1,18,4,7,0,0,0,0,4,6,1,1,1,1,30,6,-1,-1,-1,-1,3,1,E01025703,0
Unvalidated,2024211428734,2024,211428734,2,9,0,18,4,7,0,0,0,0,0,0,3,1,1,1,63,9,-1,-1,-1,-1,9,2,E01027558,0
Unvalidated,2024211428734,2024,211428734,3,9,0,18,4,7,0,0,0,0,0,0,3,1,5,1,68,10,-1,-1,-1,-1,7,1,E01024252,0
Unvalidated,2024211428734,2024,211428734,4,9,0,18,4,8,0,0,0,0,0,0,3,1,5,2,26,6,-1,-1,-1,-1,10,3,E01018680,0
Unvalidated,2024211428734,2024,211428734,5,9,0,2,0,0,0,0,0,0,0,0,4,1,6,3,-1,-1,-1,-1,-1,-1,-1,-1,-1,0
Unvalidated,2024211428749,2024,211428749,1,8,0,5,8,5,0,4,0,0,3,0,3,1,6,1,44,7,-1,-1,-1,-1,-1,-1,-1,0
Unvalidated,2024211428749,2024,211428749,2,5,0,9,5,3,0,4,2,0,0,0,2,1,6,1,24,5,-1,-1,-1,-1,-1,-1,-1,0
Unvalidated,2024211428765,2024,211428765,1,9,0,18,4,4,0,0,0,0,0,0,1,1,6,1,51,8,-1,-1,-1,-1,6,1,E01014299,0
Unvalidated,2024211428831,2024,211428831,1,9,0,18,5,1,0,8,0,0,0,0,1,1,6,1,80,11,-1,-1,-1,-1,8,1,E01010565,0
Unvalidated,2024211428969,2024,211428969,1,19,0,18,1,5,0,0,0,0,0,0,1,1,2,1,26,6,-1,-1,-1,-1,5,1,E01006920,0
Unvalidated,2024211428969,2024,211428969,2,9,0,18,1,5,0,0,0,0,0,0,2,1,5,1,47,8,-1,-1,-1,-1,1,1,E01010456,0
Unvalidated,2024211428969,2024,211428969,3,9,0,18,1,5,0,0,0,0,0,0,2,1,5,1,34,6,-1,-1,-1,-1,2,1,E01014285,0
Unvalidated,2024211429019,2024,211429019,1,9,0,4,3,7,0,0,0,0,0,0,2,1,6,2,32,6,-1,-1,-1,-1,-1,-1,-1,0
Unvalidated,2024211429019,2024,211429019,2,9,0,18,3,7,0,0,0,0,0,0,1,1,6,2,23,5,-1,-1,-1,-1,-1,-1,-1,0
Unvalidated,2024211429175,2024,211429175,1,9,0,18,5,1,0,4,0,0,0,0,1,1,6,2,41,7,-1,-1,-1,-1,7,2,E01029480,0
Unvalidated,2024211429250,2024,211429250,1,9,-1,18,6,2,-1,-1,-1,-1,-1,0,-1,1,6,1,27,6,-1,-1,-1,-1,1,1,E01014210,0
Unvalidated,2024211429250,2024,211429250,2,9,-1,3,6,2,-1,-1,-1,-1,-1,0,-1,1,2,2,48,8,-1,-1,-1,-1,1,1,E01014331,0
Unvalidated,2024211429270,2024,211429270,1,9,0,18,1,5,0,1,0,0,0,0,1,1,6,2,26,6,-1,-1,-1,-1,3,1,E01014291,0
Unvalidated,2024211429270,2024,211429270,2,9,0,18,1,7,0,7,0,0,0,0,2,1,6,1,82,11,-1,-1,-1,-1,5,1,E01014239,0
Unvalidated,2024211429316,2024,211429316,1,9,0,18,6,4,0,0,2,12,1,0,2,1,1,2,42,7,-1,-1,-1,-1,-1,-1,-1,0
Unvalidated,2024211429316,2024,211429316,2,9,0,4,6,4,0,0,0,0,0,0,2,1,1,1,61,9,-1,-1,-1,-1,6,1,E01029497,0
Unvalidated,2024211429316,2024,211429316,3,9,0,4,4,6,0,0,0,0,0,0,0,1,1,2,40,7,-1,-1,-1,-1,7,1,E01029369,0
Unvalidated,2024211429335,2024,211429335,1,9,-1,-1,5,4,-1,-1,-1,-1,-1,-1,-1,1,6,1,19,4,-1,-1,-1,-1,5,1,E01014360,0
Unvalidated,2024211429335,2024,211429335,2,9,-1,-1,3,6,-1,-1,-1,-1,-1,-1,-1,1,6,1,39,7,-1,-1,-1,-1,5,1,E01014360,0
Unvalidated,2024211429483,2024,211429483,1,9,0,18,5,1,0,1,0,0,0,0,1,1,6,1,45,7,-1,-1,-1,-1,8,2,E01029444,0
Unvalidated,2024211429483,2024,211429483,2,9,0,18,5,1,0,1,0,0,0,0,1,1,6,1,22,5,-1,-1,-1,-1,-1,-1,-1,0
Unvalidated,2024211429659,2024,211429659,1,19,0,18,2,6,0,0,0,0,0,0,1,1,5,1,26,6,-1,-1,-1,-1,7,2,E01031033,0
Unvalidated,2024211429659,2024,211429659,2,9,0,3,2,6,0,0,0,0,0,0,2,1,6,1,61,9,-1,-1,-1,-1,3,2,E01029635,0
Unvalidated,2024211429884,2024,211429884,1,9,0,18,6,2,0,0,0,0,0,0,1,1,6,1,-1,-1,-1,-1,-1,-1,-1,-1,-1,0
Unvalidated,2024211429884,2024,211429884,2,9,0,4,6,2,0,0,0,0,0,0,2,1,6,1,20,4,-1,-1,-1,-1,6,1,E01014267,0
Unvalidated,2024211430121,2024,211430121,1,9,0,-1,-1,-1,-1,-1,-1,-1,-1,0,-1,1,6,2,88,11,-1,-1,-1,-1,9,3,E01029412,0
Unvalidated,2024211430121,2024,211430121,2,9,0,-1,-1,-1,-1,-1,-1,-1,-1,0,-1,1,6,2,76,11,-1,-1,-1,-1,9,3,E01029412,0
Unvalidated,2024211430183,2024,211430183,1,9,0,18,3,1,0,8,0,0,0,0,1,1,6,1,24,5,-1,-1,-1,-1,10,2,E01029710,0
Unvalidated,2024211430183,2024,211430183,2,1,0,18,8,4,0,8,0,0,0,0,1,1,6,1,33,6,-1,-1,-1,-1,3,1,E01029701,0
Unvalidated,2024211430194,2024,211430194,1,9,0,18,1,5,0,0,0,0,7,11,1,1,6,1,27,6,-1,-1,-1,-1,-1,-1,-1,0
Unvalidated,2024211430194,2024,211430194,2,9,0,2,0,0,0,0,0,0,0,0,2,1,6,1,73,10,-1,-1,-1,-1,-1,-1,-1,0
Unvalidated,2024211430291,2024,211430291,1,4,0,4,2,6,0,1,1,0,0,0,0,1,6,1,58,9,-1,-1,-1,-1,-1,-1,-1,0
Unvalidated,2024211430301,2024,211430301,1,9,0,18,1,5,0,0,1,0,0,0,1,1,6,1,-1,-1,-1,-1,-1,-1,-1,-1,-1,0
Unvalidated,2024211430301,2024,211430301,2,9,0,18,1,5,0,0,0,0,0,0,2,1,6,2,-1,-1,-1,-1,-1,-1,-1,-1,-1,0
Unvalidated,2024211430401,2024,211430401,1,9,0,16,1,4,0,1,0,0,0,0,4,1,1,1,26,6,-1,-1,-1,-1,7,1,E01029771,0
Unvalidated,2024211430656,2024,211430656,1,9,0,18,1,5,0,0,0,11,7,11,4,1,1,2,53,8,-1,-1,-1,-1,-1,-1,-1,0
Unvalidated,2024211430656,2024,211430656,2,17,0,3,3,7,0,0,0,11,3,0,1,1,1,1,44,7,-1,-1,-1,-1,-1,-1,-1,0
Unvalidated,2024211430759,2024,211430759,1,9,0,18,1,1,6,0,5,0,1,1,1,1,6,1,58,9,-1,-1,-1,-1,5,1,E01019534,0
Unvalidated,2024211430875,2024,211430875,1,98,0,18,4,8,0,0,5,0,0,0,4,1,1,1,-1,-1,-1,-1,-1,-1,1,1,E01007126,0
Unvalidated,2024211430983,2024,211430983,1,19,0,1,4,8,-1,-1,0,0,0,0,-1,1,1,1,36,7,-1,-1,-1,-1,-1,-1,-1,0
Unvalidated,2024211430983,2024,211430983,2,9,-1,3,8,4,-1,-1,0,0,0,0,1,1,6,2,35,6,-1,-1,-1,-1,3,1,E01029387,0
Unvalidated,2024211431002,2024,211431002,1,9,0,18,1,5,0,1,0,0,0,0,1,1,6,2,85,11,-1,-1,-1,-1,2,1,E01029604,0
Unvalidated,2024211431002,2024,211431002,2,9,0,18,1,5,0,1,0,0,0,0,1,1,6,1,-1,-1,-1,-1,-1,-1,3,1,E01018423,0
Unvalidated,2024211431018,2024,211431018,1,9,0,12,6,5,0,0,1,0,0,0,1,1,6,1,23,5,-1,-1,-1,-1,3,1,E01029701,0
Unvalidated,2024211431018,2024,211431018,2,9,0,12,1,5,0,0,0,0,1,11,2,1,6,2,42,7,-1,-1,-1,-1,7,1,E01029721,0
Unvalidated,2024211431105,2024,211431105,1,9,0,18,5,1,0,1,0,0,0,0,1,1,6,2,41,7,-1,-1,-1,-1,7,1,E01029505,0
Unvalidated,2024211431105,2024,211431105,2,9,0,18,5,1,0,1,0,0,0,0,1,1,6,2,18,4,-1,-1,-1,-1,6,3,E01029398,0
Unvalidated,2024211431166,2024,211431166,1,9,0,2,0,0,0,1,0,0,0,0,3,1,6,3,-1,-1,-1,-1,-1,-1,-1,-1,-1,0
Unvalidated,2024211431166,2024,211431166,2,9,0,2,0,0,0,1,0,0,0,0,3,1,6,3,-1,-1,-1,-1,-1,-1,-1,-1,-1,0
Unvalidated,2024211431166,2024,211431166,3,9,0,18,2,6,0,1,0,0,0,0,1,1,6,2,-1,-1,-1,-1,-1,-1,-1,-1,-1,0
Unvalidated,2024211431239,2024,211431239,1,90,0,5,8,8,0,6,0,0,0,0,3,1,6,1,21,5,-1,-1,-1,-1,2,1,E01029429,0
Unvalidated,2024211431239,2024,211431239,2,9,0,18,4,6,0,1,0,0,0,0,3,1,5,1,50,8,-1,-1,-1,-1,9,1,E01029495,0
Unvalidated,2024211431242,2024,211431242,1,9,0,18,2,6,0,1,0,0,0,0,1,1,6,2,46,8,-1,-1,-1,-1,-1,1,-1,0
Unvalidated,2024211431260,2024,211431260,1,9,0,18,2,8,0,0,0,0,0,0,1,1,5,2,51,8,-1,-1,-1,-1,6,1,E01014119,0
Unvalidated,2024211431260,2024,211431260,2,9,0,18,4,7,0,0,0,0,0,0,1,1,5,2,46,8,-1,-1,-1,-1,9,1,E01029368,0
Unvalidated,2024211431260,2024,211431260,3,9,0,18,4,7,0,0,0,0,0,0,2,1,5,2,39,7,-1,-1,-1,-1,9,2,E01016313,0
Unvalidated,2024211431287,2024,211431287,1,9,0,9,5,5,0,0,0,0,0,0,4,1,5,1,32,6,-1,-1,-1,-1,6,1,E01023622,0