status,collision_index,collision_year,collision_reference,vehicle_reference,vehicle_type,towing_and_articulation,vehicle_manoeuvre,vehicle_direction_from,vehicle_direction_to,vehicle_location_restricted_lane,junction_location,skidding_and_overturning,hit_object_in_carriageway,vehicle_leaving_carriageway,hit_object_off_carriageway,first_point_of_impact,vehicle_left_hand_drive,journey_purpose_of_driver,sex_of_driver,age_of_driver,age_band_of_driver,engine_capacity_cc,propulsion_code,age_of_vehicle,generic_make_model,driver_imd_decile,driver_home_area_type,lsoa_of_driver,escooter_flag
Unvalidated,2024211431287,2024,211431287,2,9,0,15,5,5,0,0,0,0,0,0,1,1,5,1,32,6,-1,-1,-1,-1,8,1,E01029590,0
Unvalidated,2024211431303,2024,211431303,1,9,0,4,3,7,0,0,0,0,0,0,1,1,6,2,44,7,-1,-1,-1,-1,-1,-1,-1,0
Unvalidated,2024211431303,2024,211431303,2,3,0,18,7,3,0,0,1,0,0,0,1,1,6,1,16,4,-1,-1,-1,-1,7,1,E01029693,0
Unvalidated,2024211431450,2024,211431450,1,9,0,18,2,6,0,0,0,0,7,0,1,1,6,2,82,11,-1,-1,-1,-1,5,1,E01010488,0
Unvalidated,2024211431450,2024,211431450,2,9,0,18,7,3,0,0,0,0,0,0,3,1,6,1,46,8,-1,-1,-1,-1,6,1,E01010549,0
Unvalidated,2024211431614,2024,211431614,1,9,0,18,1,5,0,0,0,12,0,0,1,1,6,1,35,6,-1,-1,-1,-1,-1,-1,-1,0
Unvalidated,2024211431656,2024,211431656,1,9,0,18,2,8,0,6,0,0,0,0,1,1,6,1,38,7,-1,-1,-1,-1,3,1,E01014296,0
Unvalidated,2024211431656,2024,211431656,2,1,0,18,8,4,0,1,0,0,0,0,4,1,6,1,44,7,-1,-1,-1,-1,7,1,E01014315,0
Unvalidated,2024211431680,2024,211431680,1,9,-1,18,1,5,0,0,0,0,0,0,1,1,6,3,-1,-1,-1,-1,-1,-1,-1,-1,-1,0
Unvalidated,2024211431680,2024,211431680,2,9,0,4,1,5,0,0,0,0,0,0,2,1,5,2,73,10,-1,-1,-1,-1,-1,-1,-1,0
Unvalidated,2024211431714,2024,211431714,1,9,0,18,1,5,0,0,0,0,0,0,3,1,6,2,52,8,-1,-1,-1,-1,-1,-1,-1,0
Unvalidated,2024211431714,2024,211431714,2,9,0,18,5,1,0,0,0,0,0,0,3,1,6,2,38,7,-1,-1,-1,-1,-1,-1,-1,0
Unvalidated,2024211431731,2024,211431731,2,9,0,18,5,1,0,0,0,0,0,0,4,1,6,2,41,7,-1,-1,-1,-1,4,2,E01029535,0
Unvalidated,2024211431764,2024,211431764,1,9,0,5,7,4,0,2,0,0,0,0,4,1,5,2,26,6,-1,-1,-1,-1,4,2,E01029394,0
Unvalidated,2024211431764,2024,211431764,2,9,0,18,5,1,0,1,0,0,0,0,1,1,5,1,56,9,-1,-1,-1,-1,5,1,E01029382,0
Unvalidated,2024211431981,2024,211431981,1,9,0,18,1,1,0,0,0,10,0,0,1,1,6,1,83,11,-1,-1,-1,-1,-1,-1,-1,0
Unvalidated,2024211431988,2024,211431988,1,9,0,18,1,5,0,4,0,0,0,0,1,1,6,1,27,6,-1,-1,-1,-1,-1,-1,-1,0
Unvalidated,2024211431988,2024,211431988,2,97,0,18,5,3,0,4,0,0,0,0,1,1,6,1,34,6,-1,-1,-1,-1,-1,-1,-1,0
Unvalidated,2024211431991,2024,211431991,1,5,0,18,5,1,0,1,0,0,0,0,1,1,6,1,26,6,-1,-1,-1,-1,2,1,E01029426,0
Unvalidated,2024211431991,2024,211431991,2,9,0,2,0,0,0,1,0,0,0,0,1,1,6,2,52,8,-1,-1,-1,-1,7,1,E01029417,0
Unvalidated,2024211431991,2024,211431991,3,9,0,18,1,5,0,1,0,0,0,0,2,1,6,2,56,9,-1,-1,-1,-1,7,1,E01029463,0
Unvalidated,2024211431994,2024,211431994,1,9,0,18,3,7,0,1,0,0,0,0,1,1,6,1,27,6,-1,-1,-1,-1,-1,-1,-1,0
Unvalidated,2024211431994,2024,211431994,2,97,0,18,1,5,0,1,0,0,0,0,1,1,6,1,56,9,-1,-1,-1,-1,-1,-1,-1,0
Unvalidated,2024211431996,2024,211431996,1,9,0,2,0,0,0,0,0,0,0,0,2,1,5,1,34,6,-1,-1,-1,-1,1,1,E01013568,0
Unvalidated,2024211431996,2024,211431996,2,9,0,2,0,0,0,0,1,0,0,0,3,1,6,2,35,6,-1,-1,-1,-1,-1,-1,-1,0
Unvalidated,2024211432155,2024,211432155,1,3,0,18,-1,-1,0,1,1,0,0,0,1,1,6,1,55,8,-1,-1,-1,-1,-1,-1,-1,0
Unvalidated,2024211432155,2024,211432155,2,9,0,3,-1,-1,0,1,0,0,0,0,2,1,2,1,42,7,-1,-1,-1,-1,-1,-1,-1,0
Unvalidated,2024211432196,2024,211432196,1,9,0,18,7,3,0,1,0,0,0,0,1,1,6,1,18,4,-1,-1,-1,-1,6,1,E01010350,0
Unvalidated,2024211432196,2024,211432196,2,98,0,3,5,1,0,1,0,0,0,0,3,1,6,1,56,9,-1,-1,-1,-1,7,3,E01029732,0
Unvalidated,2024211432256,2024,211432256,1,9,0,18,4,8,0,1,0,0,0,0,1,1,6,2,24,5,-1,-1,-1,-1,5,3,E01028869,0
Unvalidated,2024211432256,2024,211432256,2,98,0,9,2,8,0,6,0,0,0,0,2,1,6,1,59,9,-1,-1,-1,-1,9,1,E01029744,0
Unvalidated,2024211432328,2024,211432328,1,9,0,18,5,1,0,1,0,0,0,0,1,1,6,2,37,7,-1,-1,-1,-1,-1,-1,-1,0
Unvalidated,2024211432328,2024,211432328,2,9,0,4,5,1,0,1,0,0,0,0,2,1,2,2,26,6,-1,-1,-1,-1,-1,-1,-1,0
Unvalidated,2024211432328,2024,211432328,3,9,0,4,5,1,0,1,0,0,0,0,0,1,6,3,-1,-1,-1,-1,-1,-1,-1,-1,-1,0
Unvalidated,2024211432401,2024,211432401,1,5,0,4,4,8,0,8,1,0,0,0,1,1,5,1,35,6,-1,-1,-1,-1,-1,-1,-1,0
Unvalidated,2024211432401,2024,211432401,2,21,1,9,6,4,0,8,0,0,0,0,3,1,1,1,36,7,-1,-1,-1,-1,-1,-1,-1,0
Unvalidated,2024211432543,2024,211432543,1,9,0,18,5,1,0,0,0,0,0,0,3,1,6,1,57,9,-1,-1,-1,-1,1,1,E01014256,0
Unvalidated,2024211432543,2024,211432543,2,98,0,18,5,1,0,0,0,0,0,0,4,1,1,1,23,5,-1,-1,-1,-1,9,1,E01018386,0
Unvalidated,2024211432553,2024,211432553,1,9,0,18,5,1,0,0,0,0,0,0,1,1,6,3,-1,-1,-1,-1,-1,-1,-1,-1,-1,0
Unvalidated,2024211432553,2024,211432553,2,9,0,4,5,1,0,0,0,0,0,0,2,1,5,2,43,7,-1,-1,-1,-1,-1,-1,-1,0
Unvalidated,2024211432612,2024,211432612,1,9,0,5,3,6,0,0,0,0,0,0,3,1,6,1,40,7,-1,-1,-1,-1,6,3,E01029733,0
Unvalidated,2024211432612,2024,211432612,2,5,0,18,3,6,0,0,0,0,0,0,3,1,5,1,38,7,-1,-1,-1,-1,7,1,E01029719,0
Unvalidated,2024211432712,2024,211432712,1,9,0,18,5,1,0,1,0,0,0,0,1,1,6,1,25,5,-1,-1,-1,-1,3,1,E01014322,0
Unvalidated,2024211432712,2024,211432712,2,9,0,18,5,1,0,1,0,0,0,0,2,1,6,2,36,7,-1,-1,-1,-1,3,1,E01014357,0
Unvalidated,2024211432759,2024,211432759,1,9,0,5,0,0,0,1,0,0,0,0,4,1,6,1,29,6,-1,-1,-1,-1,6,1,E01029609,0
Unvalidated,2024211433202,2024,211433202,1,9,0,18,7,3,0,0,0,0,0,0,1,1,6,1,83,11,-1,-1,-1,-1,9,1,E01010346,0
Unvalidated,2024211433202,2024,211433202,2,9,0,3,7,3,0,0,0,0,0,0,2,1,6,1,33,6,-1,-1,-1,-1,4,1,E01029353,0
Unvalidated,2024211433248,2024,211433248,1,9,0,9,5,7,0,0,0,0,0,0,4,1,5,1,72,10,-1,-1,-1,-1,2,1,E01010091,0
Unvalidated,2024211433248,2024,211433248,2,9,0,18,3,7,0,0,0,0,0,0,1,1,6,2,48,8,-1,-1,-1,-1,2,1,E01010442,0
Unvalidated,2024211433300,2024,211433300,1,9,0,18,6,2,0,0,0,0,0,0,2,1,2,1,23,5,-1,-1,-1,-1,-1,-1,-1,0
Unvalidated,2024211433300,2024,211433300,2,9,0,18,6,2,0,0,0,0,0,0,1,1,2,1,50,8,-1,-1,-1,-1,8,3,E01029441,0
Unvalidated,2024211433537,2024,211433537,1,98,4,18,0,0,0,3,0,0,0,0,3,1,1,1,65,9,-1,-1,-1,-1,7,1,E01018429,0
Unvalidated,2024211433537,2024,211433537,2,9,0,13,0,0,0,3,1,0,0,0,4,1,5,1,48,8,-1,-1,-1,-1,9,1,E01029536,0
Unvalidated,2024211433537,2024,211433537,3,9,0,18,0,0,0,4,0,0,0,0,1,1,5,1,32,6,-1,-1,-1,-1,6,1,E01029563,0
Unvalidated,2024211433547,2024,211433547,1,9,0,12,6,2,0,7,0,0,1,0,1,1,1,1,40,7,-1,-1,-1,-1,-1,-1,-1,0
Unvalidated,2024211433574,2024,211433574,1,19,0,5,8,7,9,0,0,0,0,0,4,1,1,1,-1,-1,-1,-1,-1,-1,-1,-1,-1,0
Unvalidated,2024211433630,2024,211433630,1,9,0,18,3,7,0,0,0,0,0,0,1,1,6,2,-1,-1,-1,-1,-1,-1,-1,-1,-1,0
Unvalidated,2024211433692,2024,211433692,1,9,0,5,5,1,0,6,0,0,0,0,4,2,6,2,46,8,-1,-1,-1,-1,4,1,E01014321,0
Unvalidated,2024211433692,2024,211433692,2,3,0,4,7,3,0,8,0,0,0,0,1,1,2,1,23,5,-1,-1,-1,-1,6,1,E01014363,0
Unvalidated,2024211433759,2024,211433759,1,9,0,18,8,4,0,1,0,0,0,0,1,1,6,1,-1,-1,-1,-1,-1,-1,-1,-1,-1,0
Unvalidated,2024211433759,2024,211433759,2,9,0,3,8,4,0,1,0,0,0,0,2,1,6,2,46,8,-1,-1,-1,-1,3,1,E01029597,0
Unvalidated,2024211433776,2024,211433776,1,9,0,18,1,5,0,0,0,0,0,0,3,1,6,2,27,6,-1,-1,-1,-1,4,1,E01014283,0
Unvalidated,2024211433776,2024,211433776,2,9,0,18,5,1,0,0,0,0,0,0,3,1,6,2,61,9,-1,-1,-1,-1,9,1,E01029785,0
Unvalidated,2024211433792,2024,211433792,1,9,0,10,5,1,0,0,0,0,0,0,2,1,6,1,74,10,-1,-1,-1,-1,6,1,E01014363,0
Unvalidated,2024211433792,2024,211433792,2,19,0,18,5,1,0,0,0,0,0,0,1,1,6,1,25,5,-1,-1,-1,-1,2,1,E01014276,0
Unvalidated,2024211433813,2024,211433813,1,5,0,10,3,7,0,1,0,0,0,0,3,1,6,1,54,8,-1,-1,-1,-1,2,1,E01014279,0
Unvalidated,2024211433813,2024,211433813,2,9,0,9,4,4,0,1,0,0,0,0,3,1,6,2,25,5,-1,-1,-1,-1,2,1,E01014329,0
Unvalidated,2024211433842,2024,211433842,1,9,0,3,5,4,0,0,0,0,0,0,1,1,1,1,66,10,-1,-1,-1,-1,9,1,E01029865,0
Unvalidated,2024211433842,2024,211433842,2,9,0,3,5,8,0,0,0,0,0,0,2,1,6,2,53,8,-1,-1,-1,-1,5,2,E01031037,0
Unvalidated,2024211433869,2024,211433869,1,98,0,15,5,1,0,0,0,0,0,0,3,1,6,3,50,8,-1,-1,-1,-1,-1,-1,-1,0
Unvalidated,2024211433869,2024,211433869,2,98,0,18,5,1,0,0,0,0,0,0,4,1,6,1,37,7,-1,-1,-1,-1,6,1,E01029446,0
Unvalidated,2024211433893,2024,211433893,1,9,0,9,8,5,0,8,0,0,0,0,1,1,6,2,21,5,-1,-1,-1,-1,3,1,E01014240,0
Unvalidated,2024211433893,2024,211433893,2,9,0,18,4,7,0,1,0,0,0,0,1,1,6,2,22,5,-1,-1,-1,-1,4,1,E01029578,0
Unvalidated,2024211433900,2024,211433900,1,9,0,5,2,5,0,1,0,0,0,0,1,1,6,1,25,5,-1,-1,-1,-1,-1,-1,-1,0
Unvalidated,2024211433900,2024,211433900,2,9,0,9,1,8,0,1,0,0,0,0,2,1,6,2,48,8,-1,-1,-1,-1,-1,-1,-1,0
Unvalidated,2024211433911,2024,211433911,1,8,0,12,8,4,0,8,0,0,0,0,2,1,5,1,56,9,-1,-1,-1,-1,2,1,E01014285,0
Unvalidated,2024211433911,2024,211433911,2,9,0,5,8,6,0,8,0,0,0,0,1,1,5,2,57,9,-1,-1,-1,-1,2,1,E01029547,0
Unvalidated,2024211434110,2024,211434110,1,9,0,18,6,2,0,0,0,0,0,0,1,1,6,2,-1,-1,-1,-1,-1,-1,-1,-1,-1,0
Unvalidated,2024211434110,2024,211434110,2,9,0,7,6,8,0,0,0,0,0,0,4,1,6,2,32,6,-1,-1,-1,-1,7,1,E01029582,0
Unvalidated,2024211434168,2024,211434168,1,9,0,9,1,5,0,0,0,0,0,0,1,1,6,1,78,11,-1,-1,-1,-1,7,3,E01029794,0
Unvalidated,2024211434168,2024,211434168,2,9,0,18,3,7,0,0,0,0,0,0,2,1,6,2,68,10,-1,-1,-1,-1,-1,-1,-1,0
Unvalidated,2024211434168,2024,211434168,3,9,0,18,3,7,0,0,0,0,0,0,2,1,6,2,48,8,-1,-1,-1,-1,1,1,E01014250,0
Unvalidated,2024211434168,2024,211434168,4,9,0,18,3,7,0,0,0,0,0,0,2,1,6,2,20,4,-1,-1,-1,-1,6,3,E01029778,0
Unvalidated,2024211434308,2024,211434308,1,9,0,18,5,1,0,4,0,0,0,0,1,1,6,1,32,6,-1,-1,-1,-1,5,1,E01029638,0
Unvalidated,2024211434308,2024,211434308,2,9,0,18,1,5,0,4,0,0,0,0,4,1,6,2,19,4,-1,-1,-1,-1,8,1,E01029633,0
Unvalidated,2024211434872,2024,211434872,1,1,0,18,4,2,9,1,0,0,0,0,1,1,6,2,16,4,-1,-1,-1,-1,-1,-1,-1,0
Unvalidated,2024211434872,2024,211434872,2,9,0,8,3,6,0,1,0,0,0,0,4,1,6,1,24,5,-1,-1,-1,-1,9,1,E01029686,0
Unvalidated,2024211434887,2024,211434887,1,9,0,5,1,2,0,3,0,0,0,0,4,1,5,1,50,8,-1,-1,-1,-1,-1,-1,-1,0
Unvalidated,2024211434887,2024,211434887,2,9,0,5,6,3,0,4,0,0,0,0,1,1,5,1,66,10,-1,-1,-1,-1,-1,-1,-1,0
Unvalidated,2024211434927,2024,211434927,1,9,0,1,4,6,0,0,0,0,0,0,2,1,6,1,-1,-1,-1,-1,-1,-1,7,1,E01029719,0
Unvalidated,2024211434927,2024,211434927,2,9,0,2,0,0,0,0,0,0,0,0,2,1,6,1,53,8,-1,-1,-1,-1,7,1,E01029719,0
Unvalidated,2024211434945,2024,211434945,1,9,0,14,1,5,0,1,0,0,0,0,3,1,6,1,21,5,-1,-1,-1,-1,-1,-1,-1,0
Unvalidated,2024211434945,2024,211434945,2,9,0,18,1,5,0,1,0,0,0,0,3,1,6,1,40,7,-1,-1,-1,-1,-1,-1,-1,0
Unvalidated,2024211434945,2024,211434945,3,9,0,9,6,3,0,1,0,0,0,0,4,1,6,1,53,8,-1,-1,-1,-1,-1,-1,-1,0
Unvalidated,2024211434945,2024,211434945,4,9,0,7,5,5,0,1,0,0,0,0,3,1,6,1,32,6,-1,-1,-1,-1,-1,-1,-1,0
Unvalidated,2024211435047,2024,211435047,1,-1,-1,13,8,4,-1,0,-1,-1,-1,0,-1,1,6,3,-1,-1,-1,-1,-1,-1,-1,-1,-1,0
Unvalidated,2024211435047,2024,211435047,2,9,-1,18,4,8,-1,0,-1,-1,-1,0,-1,1,6,1,53,8,-1,-1,-1,-1,6,3,E01029481,0
Unvalidated,2024211435068,2024,211435068,1,9,0,18,7,3,0,0,1,0,0,0,1,1,2,1,49,8,-1,-1,-1,-1,-1,-1,-1,0
Unvalidated,2024211435068,2024,211435068,2,8,0,18,3,7,0,0,0,0,0,0,1,1,1,1,63,9,-1,-1,-1,-1,-1,-1,-1,0
Unvalidated,2024211435068,2024,211435068,3,9,0,18,3,7,0,0,0,0,0,0,1,1,2,1,31,6,-1,-1,-1,-1,-1,-1,-1,0
Unvalidated,2024211435217,2024,211435217,1,9,0,4,6,2,0,0,0,0,0,0,1,1,5,2,27,6,-1,-1,-1,-1,-1,-1,-1,0
Unvalidated,2024211435316,2024,211435316,1,9,0,18,4,8,9,2,0,0,7,0,3,1,6,1,57,9,-1,-1,-1,-1,7,1,E01029863,0
Unvalidated,2024211435316,2024,211435316,2,9,0,2,0,0,6,2,0,0,0,0,4,1,6,3,-1,-1,-1,-1,-1,-1,-1,-1,-1,0
Unvalidated,2024211435431,2024,211435431,1,9,0,18,4,8,0,0,0,12,0,0,1,1,1,2,43,7,-1,-1,-1,-1,10,1,E01029678,0
Unvalidated,2024211435687,2024,211435687,1,9,0,18,7,3,0,1,0,0,0,0,1,1,6,1,68,10,-1,-1,-1,-1,-1,-1,-1,0
Unvalidated,2024211435780,2024,211435780,1,21,1,18,6,6,0,8,0,0,0,0,1,1,1,1,62,9,-1,-1,-1,-1,6,1,E01019732,0
Unvalidated,2024211435780,2024,211435780,2,9,0,5,7,5,0,8,1,0,0,0,3,1,2,1,33,6,-1,-1,-1,-1,5,1,E01029399,0
Unvalidated,2024211436046,2024,211436046,1,3,0,9,1,3,0,0,5,0,7,0,4,1,5,1,23,5,-1,-1,-1,-1,1,1,E01014300,0
Unvalidated,2024211436046,2024,211436046,2,9,0,18,5,1,0,0,0,0,0,0,1,1,6,2,-1,-1,-1,-1,-1,-1,9,1,E01029816,0
Unvalidated,2024211436190,2024,211436190,1,9,0,4,4,8,0,8,0,10,0,0,4,1,5,1,18,4,-1,-1,-1,-1,2,1,E01010470,0
Unvalidated,2024211436190,2024,211436190,2,9,0,7,6,2,0,8,0,0,0,0,3,1,5,2,19,4,-1,-1,-1,-1,1,1,E01010466,0
Unvalidated,2024211436245,2024,211436245,1,3,0,18,1,5,0,1,0,0,0,0,1,1,6,1,19,4,-1,-1,-1,-1,2,1,E01029716,0
Unvalidated,2024211436245,2024,211436245,2,3,0,18,1,5,0,1,0,0,0,0,2,1,6,1,17,4,-1,-1,-1,-1,5,1,E01029399,0
Unvalidated,2024211436300,2024,211436300,1,9,0,18,8,5,0,8,0,0,0,0,1,1,6,1,22,5,-1,-1,-1,-1,-1,-1,-1,0
Unvalidated,2024211436300,2024,211436300,2,9,0,5,2,6,0,4,0,0,0,0,3,1,6,1,51,8,-1,-1,-1,-1,-1,-1,-1,0
Unvalidated,2024211436321,2024,211436321,1,9,0,18,7,3,0,0,0,0,0,0,1,1,6,2,73,10,-1,-1,-1,-1,7,1,E01029806,0
Unvalidated,2024211436321,2024,211436321,2,19,0,18,3,7,0,0,0,0,0,0,1,1,6,1,37,7,-1,-1,-1,-1,8,2,E01029767,0
Unvalidated,2024211436408,2024,211436408,1,9,0,7,3,3,0,0,0,0,0,0,2,1,6,2,33,6,-1,-1,-1,-1,1,1,E01006645,0
Unvalidated,2024211436408,2024,211436408,2,1,0,18,8,4,0,0,0,0,0,0,1,1,6,1,13,3,-1,-1,-1,-1,1,1,E01014317,0
Unvalidated,2024211436497,2024,211436497,1,9,0,18,2,6,0,1,0,0,0,0,1,1,6,2,31,6,-1,-1,-1,-1,2,1,E01014302,0
Unvalidated,2024211436498,2024,211436498,1,9,0,18,1,5,0,0,1,7,0,0,1,1,5,1,28,6,-1,-1,-1,-1,2,1,E01004879,0
Unvalidated,2024211436498,2024,211436498,2,9,0,3,1,5,0,0,0,10,0,0,2,1,1,1,21,5,-1,-1,-1,-1,5,1,E01011902,0
Unvalidated,2024211436498,2024,211436498,3,9,0,3,1,5,0,0,0,0,0,0,2,1,1,1,29,6,-1,-1,-1,-1,2,1,E01011926,0
Unvalidated,2024211436695,2024,211436695,1,9,0,18,8,2,0,1,0,0,0,0,1,1,5,1,37,7,-1,-1,-1,-1,1,1,E01014220,0
Unvalidated,2024211436743,2024,211436743,1,9,0,18,1,5,0,0,0,0,0,0,1,1,6,1,50,8,-1,-1,-1,-1,5,1,E01029829,0
Unvalidated,2024211436747,2024,211436747,1,9,0,18,7,3,0,0,0,0,0,0,2,1,5,2,48,8,-1,-1,-1,-1,8,1,E01009908,0
Unvalidated,2024211436747,2024,211436747,2,1,0,18,7,3,0,0,0,0,0,0,1,1,5,1,62,9,-1,-1,-1,-1,8,3,E01029649,0
Unvalidated,2024211436762,2024,211436762,1,9,0,11,8,4,0,0,0,0,1,4,1,1,5,1,46,8,-1,-1,-1,-1,2,1,E01013781,0
Unvalidated,2024211436762,2024,211436762,2,9,0,18,8,4,0,0,0,0,0,0,2,1,5,1,35,6,-1,-1,-1,-1,8,1,E01018509,0
Unvalidated,2024211436873,2024,211436873,1,9,0,18,2,1,0,0,0,0,0,0,1,1,5,1,49,8,-1,-1,-1,-1,4,1,E01029808,0
Unvalidated,2024211436873,2024,211436873,2,17,4,3,6,5,0,0,0,0,0,0,1,1,1,1,26,6,-1,-1,-1,-1,7,3,E01029805,0
Unvalidated,2024211436884,2024,211436884,1,1,0,18,1,5,0,0,0,0,0,0,1,1,6,1,-1,-1,-1,-1,-1,-1,-1,-1,-1,0
Unvalidated,2024211436884,2024,211436884,2,9,0,18,8,2,0,0,0,0,0,0,4,1,6,1,74,10,-1,-1,-1,-1,8,3,E01029767,0
Unvalidated,2024211437012,2024,211437012,1,9,0,18,8,4,0,0,0,0,0,0,1,1,6,3,-1,-1,-1,-1,-1,-1,-1,-1,-1,0
Unvalidated,2024211437012,2024,211437012,2,9,0,4,8,4,0,0,0,0,0,0,2,1,6,2,49,8,-1,-1,-1,-1,2,1,E01029727,0
Unvalidated,2024211437043,2024,211437043,1,98,1,11,2,6,0,0,0,0,0,0,4,1,1,1,40,7,-1,-1,-1,-1,3,1,E01020799,0
Unvalidated,2024211437043,2024,211437043,2,9,0,18,2,6,0,0,0,0,0,0,3,1,5,2,40,7,-1,-1,-1,-1,2,1,E01010315,0
Unvalidated,2024211437398,2024,211437398,1,19,0,18,0,0,0,0,0,0,0,0,1,1,1,1,64,9,-1,-1,-1,-1,3,1,E01013454,0
Unvalidated,2024211437529,2024,211437529,1,9,0,7,1,3,9,8,0,0,0,0,4,1,5,1,71,10,-1,-1,-1,-1,1,1,E01010374,0
Unvalidated,2024211437529,2024,211437529,2,1,0,18,1,5,5,1,0,0,0,0,1,1,2,1,23,5,-1,-1,-1,-1,7,1,E01029384,0
Unvalidated,2024211437569,2024,211437569,1,9,0,5,2,1,0,1,0,4,0,0,1,1,3,1,18,4,-1,-1,-1,-1,3,1,E01029701,0
Unvalidated,2024211437569,2024,211437569,2,9,0,10,5,2,0,1,0,0,0,0,3,1,2,1,44,7,-1,-1,-1,-1,-1,-1,-1,0
Unvalidated,2024211437757,2024,211437757,1,9,0,6,2,2,0,0,0,0,7,11,3,1,5,2,65,9,-1,-1,-1,-1,6,3,E01029733,0
Unvalidated,2024211437757,2024,211437757,2,9,0,13,2,6,0,0,0,0,7,0,1,1,5,2,60,9,-1,-1,-1,-1,9,1,E01029723,0
Unvalidated,2024211437780,2024,211437780,1,9,-1,18,8,4,-1,0,-1,-1,-1,0,-1,1,6,2,30,6,-1,-1,-1,-1,-1,-1,-1,0
Unvalidated,2024211437780,2024,211437780,2,9,-1,8,8,2,-1,0,-1,-1,-1,0,-1,1,6,2,32,6,-1,-1,-1,-1,9,1,E01018494,0
Unvalidated,2024211437941,2024,211437941,1,21,1,5,7,1,0,0,0,0,0,0,-1,1,1,1,40,7,-1,-1,-1,-1,-1,-1,-1,0
Unvalidated,2024211437941,2024,211437941,2,9,0,5,7,1,0,0,0,0,0,0,4,1,6,2,46,8,-1,-1,-1,-1,5,1,E01014239,0
Unvalidated,2024211437964,2024,211437964,1,9,0,2,0,0,0,0,0,0,0,0,1,1,6,1,30,6,-1,-1,-1,-1,2,1,E01014339,0
Unvalidated,2024211437964,2024,211437964,2,9,0,18,4,8,0,0,0,0,0,0,2,1,6,1,24,5,-1,-1,-1,-1,3,1,E01014282,0
Unvalidated,2024211438053,2024,211438053,1,9,0,18,3,8,0,1,0,0,0,0,1,1,6,1,22,5,-1,-1,-1,-1,1,1,E01014249,0
Unvalidated,2024211438053,2024,211438053,2,9,0,18,1,5,0,1,0,0,0,0,1,1,6,2,28,6,-1,-1,-1,-1,2,1,E01029543,0
Unvalidated,2024211438083,2024,211438083,1,9,0,18,4,6,0,0,1,0,0,0,1,1,6,2,44,7,-1,-1,-1,-1,2,1,E01029445,0
Unvalidated,2024211438083,2024,211438083,2,9,0,2,0,0,0,0,0,0,0,0,3,1,6,3,-1,-1,-1,-1,-1,-1,-1,-1,-1,0
Unvalidated,2024211438083,2024,211438083,3,9,0,2,0,0,0,0,0,0,0,0,0,1,6,3,-1,-1,-1,-1,-1,-1,-1,-1,-1,0
Unvalidated,2024211438140,2024,211438140,1,9,0,6,1,1,0,0,0,0,0,0,2,1,5,2,29,6,-1,-1,-1,-1,-1,-1,-1,0
Unvalidated,2024211438140,2024,211438140,2,4,0,14,5,5,0,0,0,4,0,0,1,1,5,1,55,8,-1,-1,-1,-1,-1,-1,-1,0
Unvalidated,2024211438195,2024,211438195,1,9,0,4,3,1,0,0,0,0,0,0,1,1,6,1,68,10,-1,-1,-1,-1,9,3,E01029412,0
Unvalidated,2024211438195,2024,211438195,2,5,0,4,3,1,0,0,0,0,0,0,3,1,6,1,48,8,-1,-1,-1,-1,10,3,E01029474,0
Unvalidated,2024211438369,2024,211438369,1,19,0,18,6,2,0,0,1,0,1,0,1,1,5,1,62,9,-1,-1,-1,-1,-1,-1,-1,0
Unvalidated,2024211438369,2024,211438369,2,9,0,14,4,8,0,0,1,0,0,0,1,1,6,1,20,4,-1,-1,-1,-1,-1,-1,-1,0
Unvalidated,2024211438369,2024,211438369,3,9,0,3,4,8,0,0,1,0,1,0,1,1,6,2,73,10,-1,-1,-1,-1,-1,-1,-1,0
Unvalidated,2024211438376,2024,211438376,1,8,-1,5,2,6,-1,-1,-1,-1,-1,0,-1,1,1,1,40,7,-1,-1,-1,-1,4,1,E01010322,0
Unvalidated,2024211438440,2024,211438440,1,9,0,1,8,6,0,0,0,0,0,0,2,1,6,2,77,11,-1,-1,-1,-1,9,2,E01029705,0
Unvalidated,2024211438440,2024,211438440,2,9,0,18,6,2,0,0,1,0,7,0,1,1,6,1,36,7,-1,-1,-1,-1,7,3,E01029683,0
Unvalidated,2024211438440,2024,211438440,3,9,0,18,6,2,0,0,0,0,0,0,3,1,2,2,54,8,-1,-1,-1,-1,7,1,E01014315,0
Unvalidated,2024211438452,2024,211438452,1,9,0,18,8,4,0,0,2,0,1,0,4,1,2,1,18,4,-1,-1,-1,-1,2,1,E01010300,0
Unvalidated,2024211438533,2024,211438533,1,11,0,9,8,3,0,8,0,0,0,0,1,1,1,1,45,7,-1,-1,-1,-1,-1,-1,-1,0
Unvalidated,2024211438540,2024,211438540,1,9,0,9,4,2,0,6,0,0,0,0,1,1,2,2,31,6,-1,-1,-1,-1,6,1,E01029745,0
Unvalidated,2024211438540,2024,211438540,2,3,0,14,1,5,0,6,0,0,0,0,4,1,2,1,33,6,-1,-1,-1,-1,2,1,E01029351,0
Unvalidated,2024211438619,2024,211438619,1,98,0,4,5,1,0,0,0,0,0,0,2,2,1,1,61,9,-1,-1,-1,-1,-1,-1,-1,0
Unvalidated,2024211438619,2024,211438619,2,98,1,4,5,1,0,0,0,0,0,0,1,2,1,1,44,7,-1,-1,-1,-1,-1,-1,-1,0
Unvalidated,2024211438859,2024,211438859,1,9,0,18,1,5,0,2,0,7,1,1,1,1,6,1,32,6,-1,-1,-1,-1,2,1,E01014236,0
Unvalidated,2024211438863,2024,211438863,1,9,0,18,2,7,0,0,0,0,1,4,1,1,6,2,23,5,-1,-1,-1,-1,2,1,E01009788,0