status,collision_index,collision_year,collision_reference,vehicle_reference,vehicle_type,towing_and_articulation,vehicle_manoeuvre,vehicle_direction_from,vehicle_direction_to,vehicle_location_restricted_lane,junction_location,skidding_and_overturning,hit_object_in_carriageway,vehicle_leaving_carriageway,hit_object_off_carriageway,first_point_of_impact,vehicle_left_hand_drive,journey_purpose_of_driver,sex_of_driver,age_of_driver,age_band_of_driver,engine_capacity_cc,propulsion_code,age_of_vehicle,generic_make_model,driver_imd_decile,driver_home_area_type,lsoa_of_driver,escooter_flag
Unvalidated,2024211438968,2024,211438968,1,9,0,18,7,3,0,0,0,9,3,10,4,1,5,2,21,5,-1,-1,-1,-1,3,1,E01009834,0
Unvalidated,2024211438970,2024,211438970,1,9,0,18,6,2,0,1,0,0,0,0,1,1,5,1,22,5,-1,-1,-1,-1,-1,-1,-1,0
Unvalidated,2024211438970,2024,211438970,2,19,0,7,8,2,0,1,0,0,0,0,2,1,6,1,24,5,-1,-1,-1,-1,-1,-1,-1,0
Unvalidated,2024211439132,2024,211439132,1,9,0,18,2,6,0,1,0,0,0,0,1,1,6,1,-1,-1,-1,-1,-1,-1,5,1,E01014335,0
Unvalidated,2024211439132,2024,211439132,2,8,0,9,2,8,0,1,0,0,0,0,2,1,1,1,-1,-1,-1,-1,-1,-1,-1,-1,-1,0
Unvalidated,2024211439141,2024,211439141,1,9,0,18,8,3,0,0,0,0,0,0,1,1,5,1,23,5,-1,-1,-1,-1,10,1,E01029854,0
Unvalidated,2024211439189,2024,211439189,1,9,0,18,2,4,0,0,0,0,0,0,4,1,2,1,44,7,-1,-1,-1,-1,5,1,E01029374,0
Unvalidated,2024211439192,2024,211439192,1,9,0,18,5,5,0,0,0,0,0,0,4,1,6,1,34,6,-1,-1,-1,-1,2,1,E01029593,0
Unvalidated,2024211439192,2024,211439192,2,9,0,18,5,5,0,0,0,0,0,0,3,1,6,2,39,7,-1,-1,-1,-1,7,1,E01029612,0
Unvalidated,2024211439273,2024,211439273,1,9,0,18,5,1,0,0,0,0,0,0,1,1,6,1,19,4,-1,-1,-1,-1,7,2,E01029695,0
Unvalidated,2024211439329,2024,211439329,1,3,0,18,5,1,0,0,1,7,0,0,3,1,6,1,32,6,-1,-1,-1,-1,6,1,E01029764,0
Unvalidated,2024211439365,2024,211439365,1,4,0,18,6,2,0,1,1,0,0,0,1,1,2,1,35,6,-1,-1,-1,-1,5,1,E01014335,0
Unvalidated,2024211439365,2024,211439365,2,9,0,9,8,4,0,6,0,0,0,0,4,1,3,1,37,7,-1,-1,-1,-1,1,1,E01014255,0
Unvalidated,2024211439696,2024,211439696,1,9,0,18,3,7,0,1,0,0,0,0,1,1,6,2,55,8,-1,-1,-1,-1,-1,-1,-1,0
Unvalidated,2024211439696,2024,211439696,2,9,0,18,7,3,0,1,0,0,0,0,1,1,6,1,27,6,-1,-1,-1,-1,4,1,E01018489,0
Unvalidated,2024211439705,2024,211439705,1,9,0,9,1,2,0,1,0,0,0,0,1,1,3,2,35,6,-1,-1,-1,-1,-1,-1,-1,0
Unvalidated,2024211440076,2024,211440076,1,90,0,4,2,6,0,5,5,0,0,0,4,1,5,2,88,11,-1,-1,-1,-1,6,1,E01014308,0
Unvalidated,2024211440076,2024,211440076,2,9,0,9,8,2,0,5,0,0,0,0,4,1,5,1,36,7,-1,-1,-1,-1,-1,1,-1,0
Unvalidated,2024211440199,2024,211440199,1,19,0,2,0,0,0,0,0,0,0,0,1,1,6,1,46,8,-1,-1,-1,-1,3,1,E01029849,0
Unvalidated,2024211440199,2024,211440199,2,9,0,18,8,6,0,0,5,4,0,0,1,1,1,2,27,6,-1,-1,-1,-1,7,1,E01029846,0
Unvalidated,2024211440259,2024,211440259,1,19,0,18,4,8,0,0,0,0,0,0,0,1,6,1,41,7,-1,-1,-1,-1,7,3,E01029732,0
Unvalidated,2024211440259,2024,211440259,2,19,0,18,4,8,0,0,0,0,0,0,0,1,2,1,48,8,-1,-1,-1,-1,9,1,E01029580,0
Unvalidated,2024211440394,2024,211440394,1,5,0,18,0,0,0,0,2,0,1,0,4,1,5,1,71,10,-1,-1,-1,-1,3,1,E01029381,0
Unvalidated,2024211440432,2024,211440432,1,9,0,9,3,8,0,0,0,0,0,0,4,1,6,3,30,6,-1,-1,-1,-1,-1,-1,-1,0
Unvalidated,2024211440448,2024,211440448,1,9,0,4,3,4,0,1,0,0,0,0,1,1,5,2,30,6,-1,-1,-1,-1,-1,-1,-1,0
Unvalidated,2024211440448,2024,211440448,2,1,-1,18,2,4,-1,-1,-1,-1,-1,0,-1,1,6,1,11,3,-1,-1,-1,-1,-1,-1,-1,0
Unvalidated,2024211440607,2024,211440607,1,9,0,18,5,4,0,0,0,0,0,0,1,1,6,1,23,5,-1,-1,-1,-1,4,1,E01014321,0
Unvalidated,2024211440607,2024,211440607,2,9,0,18,5,3,0,0,0,0,0,0,3,1,6,2,35,6,-1,-1,-1,-1,1,1,E01014316,0
Unvalidated,2024211440683,2024,211440683,1,9,0,18,3,7,0,6,0,0,0,0,1,1,1,1,68,10,-1,-1,-1,-1,-1,-1,-1,0
Unvalidated,2024211440683,2024,211440683,2,9,0,5,1,5,0,6,0,0,0,0,4,1,1,1,47,8,-1,-1,-1,-1,10,2,E01029747,0
Unvalidated,2024211440841,2024,211440841,1,9,0,18,1,5,0,0,0,0,0,0,4,1,5,1,40,7,-1,-1,-1,-1,-1,-1,-1,0
Unvalidated,2024211440841,2024,211440841,2,9,0,18,5,1,0,0,1,0,6,0,4,1,5,1,32,6,-1,-1,-1,-1,2,1,E01014241,0
Unvalidated,2024211440861,2024,211440861,1,9,0,7,5,8,0,6,0,0,0,0,1,1,1,2,49,8,-1,-1,-1,-1,5,1,E01029345,0
Unvalidated,2024211440861,2024,211440861,2,90,0,15,3,8,0,5,0,0,1,0,2,1,1,1,60,9,-1,-1,-1,-1,4,1,E01029354,0
Unvalidated,2024211440893,2024,211440893,1,9,0,5,7,3,0,4,0,0,0,0,3,1,6,2,30,6,-1,-1,-1,-1,1,1,E01014358,0
Unvalidated,2024211440893,2024,211440893,2,5,0,9,5,3,0,2,0,0,0,0,1,1,6,1,35,6,-1,-1,-1,-1,7,1,E01029772,0
Unvalidated,2024211440921,2024,211440921,1,9,0,18,2,6,0,2,5,10,1,0,1,1,5,1,93,11,-1,-1,-1,-1,8,3,E01029762,0
Unvalidated,2024211440962,2024,211440962,1,9,0,18,2,4,0,0,0,11,0,0,1,1,2,2,31,6,-1,-1,-1,-1,-1,-1,-1,0
Unvalidated,2024211440962,2024,211440962,2,9,0,9,4,2,0,0,0,0,0,0,3,1,5,2,21,5,-1,-1,-1,-1,-1,-1,-1,0
Unvalidated,2024211440975,2024,211440975,1,9,0,18,1,5,0,0,0,2,0,0,1,1,6,2,34,6,-1,-1,-1,-1,10,1,E01029662,0
Unvalidated,2024211440975,2024,211440975,2,9,0,18,1,5,0,0,0,0,0,0,2,1,6,1,24,5,-1,-1,-1,-1,-1,-1,-1,0
Unvalidated,2024211441054,2024,211441054,1,9,0,11,4,1,0,4,0,0,0,0,4,1,6,1,74,10,-1,-1,-1,-1,6,1,E01029596,0
Unvalidated,2024211441054,2024,211441054,2,9,0,18,4,1,-1,-1,-1,-1,-1,0,-1,1,2,1,38,7,-1,-1,-1,-1,-1,-1,-1,0
Unvalidated,2024211441127,2024,211441127,1,9,0,9,7,5,0,1,0,0,0,0,4,1,6,1,-1,-1,-1,-1,-1,-1,1,1,E01014330,0
Unvalidated,2024211441127,2024,211441127,2,9,0,5,3,7,0,1,0,0,0,0,1,1,6,1,49,8,-1,-1,-1,-1,2,1,E01029604,0
Unvalidated,2024211441288,2024,211441288,1,9,0,18,6,2,0,1,0,0,0,0,1,1,6,1,25,5,-1,-1,-1,-1,-1,-1,-1,0
Unvalidated,2024211441288,2024,211441288,2,9,0,3,6,2,0,1,0,0,0,0,2,1,6,1,43,7,-1,-1,-1,-1,2,1,E01029410,0
Unvalidated,2024211441383,2024,211441383,1,9,0,18,5,6,0,8,0,0,0,0,3,1,5,1,30,6,-1,-1,-1,-1,2,1,E01000526,0
Unvalidated,2024211441383,2024,211441383,2,9,0,18,7,7,0,2,0,0,0,0,1,1,2,2,37,7,-1,-1,-1,-1,3,1,E01029472,0
Unvalidated,2024211441396,2024,211441396,1,9,0,18,5,1,0,3,0,0,0,0,1,1,6,2,40,7,-1,-1,-1,-1,4,1,E01029578,0
Unvalidated,2024211441396,2024,211441396,2,9,0,18,5,1,0,3,0,0,0,0,1,1,6,1,18,4,-1,-1,-1,-1,3,1,E01014282,0
Unvalidated,2024211441398,2024,211441398,1,9,0,18,8,3,0,1,0,0,0,0,1,1,6,1,28,6,-1,-1,-1,-1,7,1,E01029385,0
Unvalidated,2024211441428,2024,211441428,1,3,0,18,5,1,0,0,0,0,0,0,1,1,6,1,24,5,-1,-1,-1,-1,7,1,E01029519,0
Unvalidated,2024211441466,2024,211441466,1,1,0,18,8,6,9,0,0,0,0,0,1,1,6,3,-1,-1,-1,-1,-1,-1,-1,-1,-1,0
Unvalidated,2024211441466,2024,211441466,2,19,0,1,6,2,9,0,0,0,0,0,2,1,6,1,64,9,-1,-1,-1,-1,1,1,E01014242,0
Unvalidated,2024211441560,2024,211441560,1,9,0,9,8,6,0,6,0,0,0,0,1,1,6,2,91,11,-1,-1,-1,-1,7,3,E01029794,0
Unvalidated,2024211441560,2024,211441560,2,9,0,18,2,6,0,1,0,0,0,0,3,1,1,2,22,5,-1,-1,-1,-1,5,1,E01029540,0
Unvalidated,2024211441592,2024,211441592,1,9,0,1,1,5,0,0,0,0,0,0,2,1,6,1,72,10,-1,-1,-1,-1,10,1,E01029770,0
Unvalidated,2024211441699,2024,211441699,1,9,0,9,1,8,0,1,5,0,3,0,1,1,5,1,18,4,-1,-1,-1,-1,-1,-1,-1,0
Unvalidated,2024211441699,2024,211441699,2,97,0,18,5,1,0,1,5,0,0,0,1,1,5,1,37,7,-1,-1,-1,-1,4,1,E01014353,0
Unvalidated,2024211441728,2024,211441728,1,21,1,12,3,7,0,0,0,0,0,0,4,1,1,1,37,7,-1,-1,-1,-1,9,1,E01012568,0
Unvalidated,2024211441919,2024,211441919,1,9,0,5,5,4,0,0,0,0,0,0,1,1,6,1,51,8,-1,-1,-1,-1,6,3,E01029778,0
Unvalidated,2024211441919,2024,211441919,2,9,0,5,5,4,0,0,0,0,0,0,2,1,6,1,33,6,-1,-1,-1,-1,5,3,E01029425,0
Unvalidated,2024211441945,2024,211441945,1,9,0,18,7,3,0,1,0,0,0,0,1,1,6,1,31,6,-1,-1,-1,-1,7,1,E01029743,0
Unvalidated,2024211442661,2024,211442661,1,9,0,-1,-1,-1,0,1,0,0,0,0,-1,1,6,1,-1,-1,-1,-1,-1,-1,-1,-1,-1,0
Unvalidated,2024211442661,2024,211442661,2,1,0,7,3,6,0,2,0,0,0,0,2,1,6,1,29,6,-1,-1,-1,-1,-1,-1,-1,0
Unvalidated,2024211442714,2024,211442714,1,9,0,18,5,1,0,0,0,0,0,0,1,1,6,2,27,6,-1,-1,-1,-1,-1,-1,-1,0
Unvalidated,2024211442714,2024,211442714,2,9,0,18,1,5,0,0,0,0,0,0,2,1,6,1,73,10,-1,-1,-1,-1,-1,-1,-1,0
Unvalidated,2024211442908,2024,211442908,1,9,0,18,2,6,0,0,1,0,0,0,3,1,6,2,57,9,-1,-1,-1,-1,2,1,E01014276,0
Unvalidated,2024211442924,2024,211442924,1,8,0,18,7,3,0,1,0,0,0,0,1,1,6,1,35,6,-1,-1,-1,-1,-1,-1,-1,0
Unvalidated,2024211442924,2024,211442924,2,9,0,18,1,5,0,1,0,0,0,0,2,1,5,2,37,7,-1,-1,-1,-1,-1,-1,-1,0
Unvalidated,2024211442941,2024,211442941,1,90,0,18,5,1,0,1,0,0,0,0,1,1,5,1,49,8,-1,-1,-1,-1,8,3,E01029570,0
Unvalidated,2024211442941,2024,211442941,2,9,0,9,7,5,0,2,0,0,0,0,1,1,5,1,89,11,-1,-1,-1,-1,4,1,E01029740,0
Unvalidated,2024211443010,2024,211443010,1,9,0,14,3,7,0,0,0,0,0,0,1,1,6,1,30,6,-1,-1,-1,-1,5,1,E01014319,0
Unvalidated,2024211443352,2024,211443352,1,9,0,9,4,1,0,8,0,0,0,0,4,1,5,1,65,9,-1,-1,-1,-1,-1,-1,-1,0
Unvalidated,2024211443352,2024,211443352,2,9,0,18,4,8,0,1,0,0,0,0,1,1,5,2,61,9,-1,-1,-1,-1,-1,-1,-1,0
Unvalidated,2024211443378,2024,211443378,1,9,0,18,5,1,0,0,0,0,0,0,1,1,6,1,34,6,-1,-1,-1,-1,2,1,E01014279,0
Unvalidated,2024211443378,2024,211443378,2,9,0,18,5,1,0,0,0,0,0,0,2,1,6,1,54,8,-1,-1,-1,-1,1,1,E01014328,0
Unvalidated,2024211443384,2024,211443384,1,9,0,18,5,1,0,3,0,0,0,0,4,1,6,1,26,6,-1,-1,-1,-1,-1,-1,-1,0
Unvalidated,2024211443384,2024,211443384,2,3,0,18,7,3,0,4,0,0,0,0,1,1,6,1,19,4,-1,-1,-1,-1,-1,-1,-1,0
Unvalidated,2024211443648,2024,211443648,1,98,0,9,3,8,0,4,0,0,0,0,4,1,6,3,40,7,-1,-1,-1,-1,-1,-1,-1,0
Unvalidated,2024211443648,2024,211443648,2,9,0,9,3,8,0,4,0,0,0,0,3,1,6,2,59,9,-1,-1,-1,-1,8,1,E01029751,0
Unvalidated,2024211443655,2024,211443655,1,9,0,4,3,1,0,1,0,0,0,0,1,1,6,1,77,11,-1,-1,-1,-1,7,1,E01029519,0
Unvalidated,2024211443663,2024,211443663,1,11,0,3,3,6,0,0,0,0,0,0,0,1,1,1,51,8,-1,-1,-1,-1,2,1,E01029717,0
Unvalidated,2024211443663,2024,211443663,2,20,0,6,3,3,0,0,0,0,0,0,2,1,1,1,62,9,-1,-1,-1,-1,-1,-1,-1,0
Unvalidated,2024211443667,2024,211443667,1,9,0,18,4,1,0,0,1,0,0,0,1,1,6,2,25,5,-1,-1,-1,-1,-1,-1,-1,0
Unvalidated,2024211443667,2024,211443667,2,17,0,18,1,4,0,0,0,0,0,0,1,1,1,1,66,10,-1,-1,-1,-1,-1,-1,-1,0
Unvalidated,2024211443719,2024,211443719,1,9,0,18,6,5,0,0,1,0,0,0,1,1,2,1,40,7,-1,-1,-1,-1,8,1,E01029775,0
Unvalidated,2024211443719,2024,211443719,2,9,0,18,2,2,0,0,0,0,0,0,1,1,2,2,42,7,-1,-1,-1,-1,7,3,E01029794,0
Unvalidated,2024211443800,2024,211443800,1,9,0,18,5,1,0,0,0,0,0,0,1,1,6,1,40,7,-1,-1,-1,-1,-1,-1,-1,0
Unvalidated,2024211443800,2024,211443800,2,9,0,18,5,1,0,0,0,0,0,0,2,1,6,1,60,9,-1,-1,-1,-1,-1,-1,-1,0
Unvalidated,2024211443800,2024,211443800,3,9,0,18,5,1,0,0,0,0,1,0,2,1,6,1,35,6,-1,-1,-1,-1,-1,-1,-1,0
Unvalidated,2024211443800,2024,211443800,4,9,0,18,5,1,0,0,0,0,0,0,2,1,6,1,72,10,-1,-1,-1,-1,-1,-1,-1,0
Unvalidated,2024211443800,2024,211443800,5,9,0,18,5,1,0,0,0,0,0,0,2,1,6,1,70,10,-1,-1,-1,-1,-1,-1,-1,0
Unvalidated,2024211443845,2024,211443845,1,8,0,7,0,0,0,8,0,0,0,0,1,1,6,1,51,8,-1,-1,-1,-1,-1,-1,-1,0
Unvalidated,2024211443845,2024,211443845,2,9,0,18,1,5,0,8,0,0,1,0,1,1,6,2,63,9,-1,-1,-1,-1,-1,-1,-1,0
Unvalidated,2024211443973,2024,211443973,1,9,0,18,1,5,0,0,5,0,0,0,1,1,6,1,19,4,-1,-1,-1,-1,7,1,E01010537,0
Unvalidated,2024211444513,2024,211444513,1,9,0,18,8,4,0,1,0,0,0,0,1,1,5,2,75,10,-1,-1,-1,-1,2,1,E01014329,0
Unvalidated,2024211444567,2024,211444567,1,9,0,2,1,5,0,0,0,0,0,0,4,1,1,1,50,8,-1,-1,-1,-1,4,1,E01029559,0
Unvalidated,2024211444780,2024,211444780,1,9,0,3,3,1,0,1,0,0,0,0,1,1,6,1,29,6,-1,-1,-1,-1,1,1,E01014218,0
Unvalidated,2024211444780,2024,211444780,2,9,0,3,6,3,0,1,0,0,0,0,1,1,6,2,36,7,-1,-1,-1,-1,1,1,E01014210,0
Unvalidated,2024211444888,2024,211444888,1,9,0,4,8,3,0,0,1,0,0,0,1,1,5,1,20,4,-1,-1,-1,-1,4,1,E01014277,0
Unvalidated,2024211444888,2024,211444888,2,19,0,4,7,3,0,0,0,0,0,0,2,1,5,1,50,8,-1,-1,-1,-1,1,1,E01014254,0
Unvalidated,2024211444992,2024,211444992,1,9,0,18,5,1,0,2,0,0,0,0,1,1,5,2,59,9,-1,-1,-1,-1,5,1,E01010399,0
Unvalidated,2024211444992,2024,211444992,2,9,0,18,1,5,0,2,0,0,0,0,1,1,5,2,22,5,-1,-1,-1,-1,-1,-1,-1,0
Unvalidated,2024211445002,2024,211445002,1,9,0,14,1,5,0,0,1,0,0,0,3,1,6,2,30,6,-1,-1,-1,-1,-1,-1,-1,0
Unvalidated,2024211445002,2024,211445002,2,19,0,18,5,1,0,0,0,0,0,0,3,1,6,1,85,11,-1,-1,-1,-1,8,3,E01029370,0
Unvalidated,2024211445065,2024,211445065,1,9,0,18,8,5,0,8,0,0,0,0,1,1,6,1,42,7,-1,-1,-1,-1,9,1,E01029523,0
Unvalidated,2024211445065,2024,211445065,2,8,0,18,6,3,0,1,0,0,0,0,3,1,1,1,58,9,-1,-1,-1,-1,1,1,E01010374,0
Unvalidated,2024211445282,2024,211445282,1,9,0,18,7,3,0,8,0,0,1,0,3,1,6,2,-1,-1,-1,-1,-1,-1,7,1,E01014310,0
Unvalidated,2024211445282,2024,211445282,2,9,0,18,5,8,0,8,0,0,0,0,4,1,1,1,39,7,-1,-1,-1,-1,5,1,E01010539,0
Unvalidated,2024211445430,2024,211445430,1,9,0,2,0,0,0,1,0,0,0,0,1,1,6,1,36,7,-1,-1,-1,-1,3,1,E01014230,0
Unvalidated,2024211445430,2024,211445430,2,9,0,2,0,0,0,1,0,0,0,0,4,1,6,2,32,6,-1,-1,-1,-1,9,1,E01014320,0
Unvalidated,2024211445465,2024,211445465,1,9,0,5,4,8,0,4,0,0,0,0,1,1,6,1,-1,-1,-1,-1,-1,-1,2,1,E01029429,0
Unvalidated,2024211445465,2024,211445465,2,3,0,3,4,8,0,1,0,0,0,0,2,1,6,1,26,6,-1,-1,-1,-1,2,1,E01032898,0
Unvalidated,2024211445477,2024,211445477,1,19,0,18,1,5,0,0,0,0,0,0,1,1,1,1,49,8,-1,-1,-1,-1,5,1,E01008971,0
Unvalidated,2024211445684,2024,211445684,1,9,0,4,1,5,0,0,0,0,0,0,2,1,6,2,37,7,-1,-1,-1,-1,2,1,E01014263,0
Unvalidated,2024211445684,2024,211445684,2,20,0,18,1,5,0,0,0,0,0,0,1,1,1,1,68,10,-1,-1,-1,-1,2,1,E01019646,0
Unvalidated,2024211445692,2024,211445692,1,19,0,18,8,6,0,0,0,0,0,0,1,1,5,1,35,6,-1,-1,-1,-1,8,2,E01029790,0
Unvalidated,2024211445692,2024,211445692,2,19,0,4,8,6,0,0,0,0,0,0,2,1,6,3,50,8,-1,-1,-1,-1,-1,-1,-1,0
Unvalidated,2024211445761,2024,211445761,1,9,0,18,5,1,0,0,0,0,0,0,0,1,6,2,29,6,-1,-1,-1,-1,-1,-1,-1,0
Unvalidated,2024211445761,2024,211445761,2,9,0,18,5,1,0,0,0,0,0,0,1,1,5,1,18,4,-1,-1,-1,-1,-1,-1,-1,0
Unvalidated,2024211446087,2024,211446087,1,19,0,4,5,4,0,0,0,0,0,0,1,1,5,1,21,5,-1,-1,-1,-1,2,1,E01010017,0
Unvalidated,2024211446087,2024,211446087,2,9,0,4,5,4,0,0,0,0,0,0,2,1,5,1,44,7,-1,-1,-1,-1,-1,-1,-1,0
Unvalidated,2024211447311,2024,211447311,1,9,0,18,6,2,0,1,0,0,0,0,1,1,6,2,-1,-1,-1,-1,-1,-1,-1,-1,-1,0
Unvalidated,2024211447311,2024,211447311,2,9,0,3,6,2,0,1,0,0,0,0,2,1,6,2,46,8,-1,-1,-1,-1,9,1,E01014325,0
Unvalidated,2024211447763,2024,211447763,1,21,1,13,8,4,0,0,1,0,0,0,3,1,1,1,-1,-1,-1,-1,-1,-1,-1,-1,-1,0
Unvalidated,2024211447763,2024,211447763,2,9,0,18,8,4,0,0,0,0,0,0,4,1,2,2,56,9,-1,-1,-1,-1,5,1,E01010110,0
Unvalidated,2024211447831,2024,211447831,1,9,0,18,2,6,0,6,0,0,0,0,1,1,6,1,69,10,-1,-1,-1,-1,7,1,E01029393,0
Unvalidated,2024211447831,2024,211447831,2,9,0,5,0,7,0,1,0,0,0,0,4,1,6,1,63,9,-1,-1,-1,-1,4,1,E01029403,0
Unvalidated,2024211447866,2024,211447866,1,9,0,7,8,4,0,5,0,0,0,0,3,2,5,2,26,6,-1,-1,-1,-1,3,1,E01032896,0
Unvalidated,2024211447866,2024,211447866,2,9,0,18,4,8,0,1,0,0,0,0,1,2,5,1,46,8,-1,-1,-1,-1,-1,-1,-1,0
Unvalidated,2024211448003,2024,211448003,1,9,0,7,5,5,0,3,0,0,0,0,2,1,5,1,37,7,-1,-1,-1,-1,-1,-1,-1,0
Unvalidated,2024211448032,2024,211448032,1,9,0,18,2,6,0,0,0,10,0,0,1,1,6,1,36,7,-1,-1,-1,-1,1,1,E01014287,0
Unvalidated,2024211448032,2024,211448032,2,9,0,18,6,2,0,0,0,0,0,0,1,1,6,3,35,6,-1,-1,-1,-1,-1,-1,-1,0
Unvalidated,2024211448151,2024,211448151,1,3,0,18,6,2,0,0,0,0,0,0,1,1,6,1,19,4,-1,-1,-1,-1,1,1,E01014354,0
Unvalidated,2024211448151,2024,211448151,2,9,0,4,6,2,0,0,0,0,0,0,2,1,6,2,-1,-1,-1,-1,-1,-1,-1,-1,-1,0
Unvalidated,2024211448256,2024,211448256,1,9,0,18,5,2,0,0,0,0,0,0,1,1,5,1,68,10,-1,-1,-1,-1,3,1,E01010051,0
Unvalidated,2024211448256,2024,211448256,2,9,0,18,6,2,0,0,0,0,0,0,2,1,5,1,34,6,-1,-1,-1,-1,1,1,E01009305,0
Unvalidated,2024211448275,2024,211448275,1,9,0,18,1,5,0,0,0,0,0,0,1,1,5,1,25,5,-1,-1,-1,-1,3,1,E01005034,0
Unvalidated,2024211448275,2024,211448275,2,9,0,18,1,5,0,0,0,4,0,0,1,1,5,1,35,6,-1,-1,-1,-1,4,1,E01014623,0
Unvalidated,2024211448275,2024,211448275,3,21,1,18,1,5,0,0,0,0,0,0,3,1,1,1,62,9,-1,-1,-1,-1,1,1,E01010294,0
Unvalidated,2024211448350,2024,211448350,1,9,0,18,4,8,0,0,0,0,7,4,1,1,5,1,18,4,-1,-1,-1,-1,8,1,W01000347,0
Unvalidated,2024211448592,2024,211448592,1,9,0,3,5,1,0,1,0,0,0,0,1,1,5,2,22,5,-1,-1,-1,-1,8,2,E01029650,0
Unvalidated,2024211448592,2024,211448592,2,9,0,5,1,5,0,1,0,0,0,0,1,1,6,1,50,8,-1,-1,-1,-1,-1,-1,-1,0
Unvalidated,2024211448646,2024,211448646,1,9,0,18,1,1,0,6,0,0,0,0,1,1,5,2,59,9,-1,-1,-1,-1,3,1,E01014334,0
Unvalidated,2024211448669,2024,211448669,1,9,0,1,1,5,0,1,0,0,0,0,2,1,6,1,25,5,-1,-1,-1,-1,1,1,E01014330,0
Unvalidated,2024211448715,2024,211448715,1,9,0,18,7,3,0,1,0,0,0,0,1,1,6,1,22,5,-1,-1,-1,-1,1,1,E01014305,0
Unvalidated,2024211448715,2024,211448715,2,8,0,18,1,5,0,1,0,0,0,0,1,1,6,1,49,8,-1,-1,-1,-1,4,1,E01014312,0
Unvalidated,2024211448784,2024,211448784,1,9,0,18,3,7,0,1,0,0,1,0,3,1,1,1,68,10,-1,-1,-1,-1,-1,-1,-1,0
Unvalidated,2024211448784,2024,211448784,2,9,0,18,1,5,0,1,0,0,0,0,1,1,6,1,-1,-1,-1,-1,-1,-1,-1,-1,-1,0
Unvalidated,2024211448809,2024,211448809,1,9,0,18,8,4,0,0,1,0,0,0,1,1,6,1,38,7,-1,-1,-1,-1,2,1,E01010068,0
Unvalidated,2024211448828,2024,211448828,1,97,0,18,5,1,0,1,1,0,1,0,1,1,6,1,16,4,-1,-1,-1,-1,-1,-1,-1,0
Unvalidated,2024211448828,2024,211448828,2,2,0,18,5,1,0,1,0,0,0,0,0,1,6,1,18,4,-1,-1,-1,-1,-1,-1,-1,0
Unvalidated,2024211448828,2024,211448828,3,90,0,4,1,5,0,1,0,0,0,0,4,1,5,1,57,9,-1,-1,-1,-1,5,1,E01029542,0
Unvalidated,2024211448866,2024,211448866,1,9,0,18,4,8,0,1,0,0,0,0,4,1,2,2,29,6,-1,-1,-1,-1,6,3,E01029802,0
Unvalidated,2024211448866,2024,211448866,2,9,0,9,5,4,0,2,0,0,0,0,1,1,2,1,42,7,-1,-1,-1,-1,7,1,E01029768,0
Unvalidated,2024211449171,2024,211449171,1,9,0,11,1,5,0,0,5,10,1,0,4,1,5,1,21,5,-1,-1,-1,-1,7,1,E01029391,0
Unvalidated,2024211449494,2024,211449494,1,9,0,10,2,6,0,0,0,0,0,0,2,1,6,2,61,9,-1,-1,-1,-1,9,2,E01029793,0
Unvalidated,2024211449494,2024,211449494,2,9,0,18,2,6,0,0,0,0,0,0,1,1,5,2,68,10,-1,-1,-1,-1,7,3,E01029796,0
Unvalidated,2024211449638,2024,211449638,1,9,0,18,1,5,0,8,1,0,0,0,1,1,2,1,34,6,-1,-1,-1,-1,8,1,E01029493,0
Unvalidated,2024211449638,2024,211449638,2,9,0,9,7,5,0,1,0,0,0,0,4,1,5,2,24,5,-1,-1,-1,-1,6,1,E01013589,0
Unvalidated,2024211449654,2024,211449654,1,9,0,11,4,8,0,0,0,0,0,0,1,1,6,1,21,5,-1,-1,-1,-1,1,1,E01009374,0
Unvalidated,2024211450016,2024,211450016,1,9,0,5,7,3,0,2,0,0,0,0,1,1,6,1,46,8,-1,-1,-1,-1,6,1,E01029722,0
Unvalidated,2024211450016,2024,211450016,2,9,0,18,7,3,0,2,0,0,0,0,4,1,1,1,35,6,-1,-1,-1,-1,10,1,E01029757,0
Unvalidated,2024211450039,2024,211450039,1,9,0,15,5,1,0,0,0,0,0,0,4,1,5,1,50,8,-1,-1,-1,-1,-1,-1,-1,0
Unvalidated,2024211450039,2024,211450039,2,9,0,18,5,1,0,0,1,7,0,0,3,1,5,1,50,8,-1,-1,-1,-1,1,1,E01014251,0
Unvalidated,2024211450080,2024,211450080,1,9,0,18,8,6,0,0,2,0,7,0,1,1,5,1,42,7,-1,-1,-1,-1,-1,-1,-1,0
Unvalidated,2024211450222,2024,211450222,1,11,0,18,8,4,0,2,1,0,0,0,1,1,1,1,42,7,-1,-1,-1,-1,7,1,E01029772,0
Unvalidated,2024211450356,2024,211450356,1,19,0,3,4,8,0,0,0,0,0,0,2,1,1,1,34,6,-1,-1,-1,-1,5,1,E01014360,0
Unvalidated,2024211450356,2024,211450356,2,9,0,18,4,8,0,0,0,0,0,0,1,1,6,3,44,7,-1,-1,-1,-1,-1,-1,-1,0
Unvalidated,2024211450561,2024,211450561,1,9,0,7,1,3,0,0,0,0,0,0,3,1,5,1,75,10,-1,-1,-1,-1,7,1,E01029484,0
Unvalidated,2024211450561,2024,211450561,2,9,0,2,7,7,0,0,0,0,0,0,0,1,6,3,-1,-1,-1,-1,-1,-1,-1,-1,-1,0
Unvalidated,2024211450564,2024,211450564,1,4,0,18,7,3,0,3,0,0,0,0,1,1,2,1,55,8,-1,-1,-1,-1,-1,-1,-1,0