status,collision_index,collision_year,collision_reference,vehicle_reference,vehicle_type,towing_and_articulation,vehicle_manoeuvre,vehicle_direction_from,vehicle_direction_to,vehicle_location_restricted_lane,junction_location,skidding_and_overturning,hit_object_in_carriageway,vehicle_leaving_carriageway,hit_object_off_carriageway,first_point_of_impact,vehicle_left_hand_drive,journey_purpose_of_driver,sex_of_driver,age_of_driver,age_band_of_driver,engine_capacity_cc,propulsion_code,age_of_vehicle,generic_make_model,driver_imd_decile,driver_home_area_type,lsoa_of_driver,escooter_flag
Unvalidated,2024211450564,2024,211450564,2,9,0,5,7,3,0,4,0,0,0,0,1,1,5,1,80,11,-1,-1,-1,-1,-1,-1,-1,0
Unvalidated,2024211450627,2024,211450627,1,9,0,18,6,2,0,8,0,0,0,0,1,1,6,2,56,9,-1,-1,-1,-1,1,1,E01014328,0
Unvalidated,2024211450627,2024,211450627,2,9,0,18,8,4,0,1,0,0,0,0,2,1,6,2,27,6,-1,-1,-1,-1,8,1,E01014326,0
Unvalidated,2024211450662,2024,211450662,1,9,0,9,8,6,0,8,0,0,0,0,0,1,6,2,39,7,-1,-1,-1,-1,8,1,E01014348,0
Unvalidated,2024211450700,2024,211450700,1,9,0,18,5,1,0,0,1,0,0,0,1,1,6,1,41,7,-1,-1,-1,-1,8,3,E01029509,0
Unvalidated,2024211450700,2024,211450700,2,9,0,18,1,5,0,0,0,0,0,0,1,1,5,1,58,9,-1,-1,-1,-1,7,2,E01029480,0
Unvalidated,2024211450779,2024,211450779,1,9,0,9,5,1,0,2,1,0,0,0,1,1,5,1,30,6,-1,-1,-1,-1,-1,-1,-1,0
Unvalidated,2024211450779,2024,211450779,2,9,0,18,5,1,9,1,1,7,1,0,4,1,5,1,21,5,-1,-1,-1,-1,-1,-1,-1,0
Unvalidated,2024211451265,2024,211451265,1,9,0,18,5,1,0,0,0,0,0,0,1,1,6,1,43,7,-1,-1,-1,-1,2,1,E01029842,0
Unvalidated,2024211451293,2024,211451293,1,9,0,18,7,6,0,2,1,0,0,0,1,1,5,2,34,6,-1,-1,-1,-1,7,1,E01029519,0
Unvalidated,2024211451293,2024,211451293,2,9,0,18,6,6,0,2,1,0,1,0,1,1,5,1,17,4,-1,-1,-1,-1,4,1,E01029831,0
Unvalidated,2024211451360,2024,211451360,1,9,0,7,8,2,0,0,0,0,0,0,4,1,6,1,80,11,-1,-1,-1,-1,-1,-1,-1,0
Unvalidated,2024211451360,2024,211451360,2,5,0,5,6,2,0,0,0,0,0,0,1,1,6,1,36,7,-1,-1,-1,-1,-1,-1,-1,0
Unvalidated,2024211451364,2024,211451364,1,9,0,9,1,5,0,3,1,10,1,9,4,1,5,2,30,6,-1,-1,-1,-1,3,1,E01029408,0
Unvalidated,2024211451634,2024,211451634,1,9,0,18,1,5,0,0,0,0,0,0,1,1,6,2,27,6,-1,-1,-1,-1,-1,-1,-1,0
Unvalidated,2024211451634,2024,211451634,2,9,0,18,1,5,0,0,0,0,0,0,1,1,6,3,-1,-1,-1,-1,-1,-1,-1,-1,-1,0
Unvalidated,2024211451707,2024,211451707,1,9,0,9,7,5,0,0,0,0,0,0,4,1,5,1,18,4,-1,-1,-1,-1,9,1,E01013559,0
Unvalidated,2024211451707,2024,211451707,2,9,0,18,3,7,0,0,0,0,0,0,1,1,5,2,23,5,-1,-1,-1,-1,3,1,E01029448,0
Unvalidated,2024211451726,2024,211451726,1,1,0,18,8,4,9,2,0,0,0,0,1,1,6,3,-1,-1,-1,-1,-1,-1,-1,-1,-1,0
Unvalidated,2024211451726,2024,211451726,2,9,5,2,0,0,0,2,0,0,0,0,3,1,6,1,36,7,-1,-1,-1,-1,1,1,E01014229,0
Unvalidated,2024211451784,2024,211451784,1,9,0,18,1,5,0,0,1,0,7,0,4,1,5,2,83,11,-1,-1,-1,-1,-1,-1,-1,0
Unvalidated,2024211451784,2024,211451784,2,9,0,5,1,5,0,0,0,0,0,0,4,1,6,1,26,6,-1,-1,-1,-1,-1,-1,-1,0
Unvalidated,2024211451851,2024,211451851,1,11,-1,18,8,4,-1,0,-1,-1,-1,0,-1,2,1,1,42,7,-1,-1,-1,-1,7,1,E01029772,0
Unvalidated,2024211451994,2024,211451994,1,9,0,18,7,8,0,8,0,0,1,0,1,1,6,1,45,7,-1,-1,-1,-1,-1,-1,-1,0
Unvalidated,2024211451994,2024,211451994,2,9,0,18,5,2,0,8,5,0,0,0,4,1,6,1,81,11,-1,-1,-1,-1,2,1,E01009512,0
Unvalidated,2024211452157,2024,211452157,1,9,0,7,8,1,0,1,0,0,0,0,1,1,5,2,34,6,-1,-1,-1,-1,2,1,E01014274,0
Unvalidated,2024211452157,2024,211452157,2,9,0,18,4,2,0,8,5,0,0,0,4,2,5,1,38,7,-1,-1,-1,-1,1,1,E01014336,0
Unvalidated,2024211452183,2024,211452183,1,9,0,18,7,3,0,0,0,0,0,0,1,1,6,2,42,7,-1,-1,-1,-1,5,3,E01029645,0
Unvalidated,2024211452308,2024,211452308,1,9,0,18,1,5,0,0,0,0,0,0,1,1,6,1,38,7,-1,-1,-1,-1,2,1,E01014274,0
Unvalidated,2024211452308,2024,211452308,2,9,0,18,1,5,0,0,0,0,0,0,1,1,6,2,40,7,-1,-1,-1,-1,2,1,E01014302,0
Unvalidated,2024211452308,2024,211452308,3,9,0,18,1,5,0,0,0,0,0,0,1,1,6,1,35,6,-1,-1,-1,-1,1,1,E01014237,0
Unvalidated,2024211452642,2024,211452642,1,9,0,18,5,1,0,0,2,10,1,0,4,1,2,2,19,4,-1,-1,-1,-1,1,1,E01009748,0
Unvalidated,2024211452772,2024,211452772,1,19,-1,-1,5,3,-1,-1,-1,-1,-1,0,-1,1,6,1,55,8,-1,-1,-1,-1,10,1,E01029700,0
Unvalidated,2024211452954,2024,211452954,1,9,0,18,1,1,0,0,0,0,0,0,2,1,6,1,34,6,-1,-1,-1,-1,7,1,E01029732,0
Unvalidated,2024211452954,2024,211452954,2,9,0,3,7,1,0,0,0,0,0,0,2,1,2,1,39,7,-1,-1,-1,-1,-1,-1,-1,0
Unvalidated,2024211453036,2024,211453036,1,19,4,18,8,4,0,1,1,0,1,0,1,2,5,1,36,7,-1,-1,-1,-1,5,1,E01019402,0
Unvalidated,2024211453036,2024,211453036,2,90,0,10,8,6,0,1,2,0,7,0,2,2,1,2,39,7,-1,-1,-1,-1,-1,-1,-1,0
Unvalidated,2024211453076,2024,211453076,1,9,0,7,3,8,0,5,1,7,2,0,1,1,5,1,23,5,-1,-1,-1,-1,9,1,E01032421,0
Unvalidated,2024211453076,2024,211453076,2,9,0,18,7,6,0,1,0,0,0,0,1,1,5,1,49,8,-1,-1,-1,-1,8,3,E01029767,0
Unvalidated,2024211453192,2024,211453192,1,9,0,1,8,6,0,1,0,0,0,0,2,1,6,2,35,6,-1,-1,-1,-1,-1,-1,-1,0
Unvalidated,2024211453192,2024,211453192,2,19,0,3,6,2,0,1,0,0,0,0,1,1,1,1,33,6,-1,-1,-1,-1,6,1,E01014267,0
Unvalidated,2024211453193,2024,211453193,1,11,0,2,2,6,0,0,0,0,0,0,0,1,1,2,61,9,-1,-1,-1,-1,6,1,E01019434,0
Unvalidated,2024211453200,2024,211453200,1,5,0,18,2,6,0,0,1,10,1,1,1,1,6,1,56,9,-1,-1,-1,-1,-1,-1,-1,0
Unvalidated,2024211453330,2024,211453330,1,9,0,18,7,3,0,1,0,0,0,0,3,1,5,2,79,11,-1,-1,-1,-1,6,3,E01019629,0
Unvalidated,2024211453330,2024,211453330,2,9,0,18,2,3,0,1,0,0,0,0,1,1,5,1,62,9,-1,-1,-1,-1,1,1,E01030279,0
Unvalidated,2024211453342,2024,211453342,1,9,0,7,6,8,9,0,1,10,7,0,1,1,6,1,18,4,-1,-1,-1,-1,-1,-1,-1,0
Unvalidated,2024211453342,2024,211453342,2,9,0,2,5,8,0,0,0,4,0,0,4,1,6,3,-1,-1,-1,-1,-1,-1,-1,-1,-1,0
Unvalidated,2024211453342,2024,211453342,3,9,0,18,4,4,0,0,0,0,0,0,1,1,5,1,34,6,-1,-1,-1,-1,-1,-1,-1,0
Unvalidated,2024211453368,2024,211453368,1,9,0,18,1,5,0,0,0,0,0,0,2,1,6,1,33,6,-1,-1,-1,-1,9,3,E01015473,0
Unvalidated,2024211453368,2024,211453368,2,97,0,13,1,5,0,0,0,0,0,0,1,1,2,1,51,8,-1,-1,-1,-1,-1,-1,-1,0
Unvalidated,2024211453501,2024,211453501,1,9,0,5,7,3,0,4,0,0,0,0,3,1,5,2,60,9,-1,-1,-1,-1,7,1,E01029861,0
Unvalidated,2024211453501,2024,211453501,2,9,0,6,1,1,0,3,0,0,0,0,1,1,5,2,34,6,-1,-1,-1,-1,1,1,E01029828,0
Unvalidated,2024211454092,2024,211454092,1,9,0,5,5,1,0,1,0,0,0,0,1,1,5,2,62,9,-1,-1,-1,-1,3,1,E01029553,0
Unvalidated,2024211454103,2024,211454103,1,9,0,18,3,7,0,0,0,0,0,0,4,1,5,1,29,6,-1,-1,-1,-1,1,1,E01010030,0
Unvalidated,2024211454103,2024,211454103,2,9,0,18,3,7,0,0,0,0,0,0,4,1,5,1,-1,-1,-1,-1,-1,-1,7,1,E01025627,0
Unvalidated,2024211454103,2024,211454103,3,9,0,18,3,7,0,0,0,0,0,0,0,1,5,1,-1,-1,-1,-1,-1,-1,7,1,E01025627,0
Unvalidated,2024211454103,2024,211454103,4,9,0,18,3,7,0,0,0,0,0,0,0,1,5,1,-1,-1,-1,-1,-1,-1,7,1,E01025627,0
Unvalidated,2024211454106,2024,211454106,1,9,0,18,1,6,0,0,2,0,1,0,0,1,5,1,19,4,-1,-1,-1,-1,4,1,E01009864,0
Unvalidated,2024211454334,2024,211454334,1,9,0,9,4,8,0,1,0,0,0,0,3,1,6,1,28,6,-1,-1,-1,-1,2,1,E01029346,0
Unvalidated,2024211454334,2024,211454334,2,4,0,13,4,8,0,1,0,0,0,0,4,1,6,1,26,6,-1,-1,-1,-1,3,1,E01029404,0
Unvalidated,2024211454464,2024,211454464,1,5,0,18,7,3,0,3,0,0,0,0,3,1,5,1,50,8,-1,-1,-1,-1,3,1,E01029381,0
Unvalidated,2024211454464,2024,211454464,2,9,0,18,1,5,0,4,0,0,0,0,1,1,6,1,40,7,-1,-1,-1,-1,7,1,E01029379,0
Unvalidated,2024211454474,2024,211454474,1,9,0,18,7,4,0,2,0,0,0,0,1,1,6,2,19,4,-1,-1,-1,-1,8,1,E01029476,0
Unvalidated,2024211454476,2024,211454476,1,9,0,18,3,7,0,4,0,0,0,0,4,1,5,2,45,7,-1,-1,-1,-1,-1,-1,-1,0
Unvalidated,2024211454476,2024,211454476,2,9,0,9,3,2,0,4,0,0,3,0,3,1,6,2,49,8,-1,-1,-1,-1,7,1,E01029612,0
Unvalidated,2024211455025,2024,211455025,1,9,0,18,1,1,0,6,0,0,0,0,1,1,6,1,34,6,-1,-1,-1,-1,3,1,E01025291,0
Unvalidated,2024211455025,2024,211455025,2,9,0,18,7,6,0,6,0,0,0,0,4,1,6,2,38,7,-1,-1,-1,-1,1,1,E01014275,0
Unvalidated,2024211455142,2024,211455142,1,9,0,4,8,5,0,0,0,0,0,0,1,1,6,3,-1,-1,-1,-1,-1,-1,-1,-1,-1,0
Unvalidated,2024211455142,2024,211455142,2,9,0,4,1,5,0,0,0,0,0,0,2,1,5,2,57,9,-1,-1,-1,-1,6,1,E01029622,0
Unvalidated,2024211455142,2024,211455142,3,9,0,4,8,5,0,0,0,0,0,0,2,1,6,1,21,5,-1,-1,-1,-1,-1,-1,-1,0
Unvalidated,2024211455404,2024,211455404,1,9,0,7,6,6,0,0,0,0,3,0,1,1,5,2,19,4,-1,-1,-1,-1,3,1,E01009969,0
Unvalidated,2024211455409,2024,211455409,1,4,0,18,4,3,0,0,5,0,0,0,1,1,5,1,25,5,-1,-1,-1,-1,-1,-1,-1,0
Unvalidated,2024211455409,2024,211455409,2,9,0,2,5,4,0,0,0,0,0,0,2,1,6,2,77,11,-1,-1,-1,-1,-1,-1,-1,0
Unvalidated,2024211455414,2024,211455414,1,9,0,18,5,1,0,0,1,0,0,0,1,1,6,1,21,5,-1,-1,-1,-1,1,1,E01006692,0
Unvalidated,2024211455414,2024,211455414,2,21,1,18,5,1,0,0,1,0,0,0,3,1,6,1,52,8,-1,-1,-1,-1,1,1,E01014330,0
Unvalidated,2024211455437,2024,211455437,1,9,0,5,5,1,0,0,1,7,5,6,3,1,6,1,75,10,-1,-1,-1,-1,-1,-1,-1,0
Unvalidated,2024211455579,2024,211455579,1,9,0,18,7,5,0,3,1,10,1,0,1,1,1,1,41,7,-1,-1,-1,-1,3,1,E01014323,0
Unvalidated,2024211455823,2024,211455823,1,9,0,9,2,8,5,8,0,0,0,0,4,1,2,1,41,7,-1,-1,-1,-1,5,1,E01009449,0
Unvalidated,2024211455823,2024,211455823,2,4,0,18,4,8,0,1,5,0,0,0,1,1,2,1,61,9,-1,-1,-1,-1,-1,-1,-1,0
Unvalidated,2024211456053,2024,211456053,1,19,0,18,7,3,0,0,5,6,7,0,4,1,1,1,21,5,-1,-1,-1,-1,1,1,E01010430,0
Unvalidated,2024211456163,2024,211456163,1,19,0,18,3,7,0,0,0,0,7,0,3,1,6,1,23,5,-1,-1,-1,-1,9,2,E01029712,0
Unvalidated,2024211456163,2024,211456163,2,19,0,18,7,3,0,0,0,0,1,0,3,1,1,1,29,6,-1,-1,-1,-1,-1,-1,-1,0
Unvalidated,2024211456219,2024,211456219,1,9,0,9,6,4,0,8,0,0,0,0,4,1,6,2,18,4,-1,-1,-1,-1,5,1,E01014360,0
Unvalidated,2024211456219,2024,211456219,2,2,0,18,2,6,0,8,0,0,0,0,1,1,6,1,17,4,-1,-1,-1,-1,2,1,E01014252,0
Unvalidated,2024211456260,2024,211456260,1,9,0,4,3,6,0,1,0,0,0,0,1,1,5,1,17,4,-1,-1,-1,-1,-1,-1,-1,0
Unvalidated,2024211456260,2024,211456260,2,9,0,18,8,4,0,8,0,0,7,0,1,1,5,2,42,7,-1,-1,-1,-1,5,1,E01029852,0
Unvalidated,2024211456400,2024,211456400,1,5,0,7,7,3,0,3,1,0,0,0,3,1,5,1,58,9,-1,-1,-1,-1,5,1,E01018733,0
Unvalidated,2024211456400,2024,211456400,2,9,0,18,7,3,0,3,0,0,0,0,1,1,5,2,34,6,-1,-1,-1,-1,1,1,E01014251,0
Unvalidated,2024211456445,2024,211456445,1,9,0,18,2,6,0,1,0,0,0,0,1,1,6,1,33,6,-1,-1,-1,-1,4,1,E01014268,0
Unvalidated,2024211456445,2024,211456445,2,9,0,18,4,6,0,1,5,7,0,0,1,1,6,1,33,6,-1,-1,-1,-1,1,1,E01014328,0
Unvalidated,2024211456473,2024,211456473,1,9,0,18,1,1,0,1,1,0,3,0,1,1,6,1,28,6,-1,-1,-1,-1,5,1,E01010000,0
Unvalidated,2024211456473,2024,211456473,2,9,0,6,1,1,0,1,1,0,0,0,4,1,6,1,27,6,-1,-1,-1,-1,2,1,E01009596,0
Unvalidated,2024211456855,2024,211456855,1,97,0,7,2,4,0,0,0,0,7,0,1,1,6,2,34,6,-1,-1,-1,-1,-1,-1,-1,0
Unvalidated,2024211456855,2024,211456855,2,9,0,2,6,6,9,0,0,0,0,0,2,1,6,3,-1,-1,-1,-1,-1,-1,-1,-1,-1,0
Unvalidated,2024211457113,2024,211457113,1,9,0,18,8,4,0,0,0,0,0,0,1,1,6,1,20,4,-1,-1,-1,-1,-1,-1,-1,0
Unvalidated,2024211457113,2024,211457113,2,9,0,18,2,6,0,0,0,0,0,0,1,1,6,2,22,5,-1,-1,-1,-1,1,1,E01014224,0
Unvalidated,2024211457158,2024,211457158,1,9,0,18,2,6,0,8,0,0,0,0,4,1,5,1,31,6,-1,-1,-1,-1,3,1,E01018746,0
Unvalidated,2024211457158,2024,211457158,2,9,0,18,5,8,0,8,0,0,0,0,1,1,6,2,51,8,-1,-1,-1,-1,3,1,E01014364,0
Unvalidated,2024211457422,2024,211457422,1,9,-1,-1,-1,-1,-1,0,-1,-1,-1,0,-1,1,6,2,29,6,-1,-1,-1,-1,2,1,E01029351,0
Unvalidated,2024211457448,2024,211457448,1,9,0,5,3,6,5,6,0,0,0,0,4,2,2,2,31,6,-1,-1,-1,-1,-1,-1,-1,0
Unvalidated,2024211457457,2024,211457457,1,9,0,7,2,6,0,8,0,0,0,0,4,1,6,2,22,5,-1,-1,-1,-1,9,2,E01029791,0
Unvalidated,2024211457457,2024,211457457,2,1,0,18,8,4,0,1,0,0,0,0,1,1,5,1,13,3,-1,-1,-1,-1,9,2,E01029791,0
Unvalidated,2024211457459,2024,211457459,1,19,0,3,6,5,0,1,0,0,0,0,1,1,6,1,30,6,-1,-1,-1,-1,3,1,E01029538,0
Unvalidated,2024211457472,2024,211457472,1,9,0,18,1,5,0,1,0,0,0,0,1,1,6,1,42,7,-1,-1,-1,-1,3,1,E01014323,0
Unvalidated,2024211457595,2024,211457595,1,1,-1,-1,-1,-1,-1,-1,-1,-1,-1,0,-1,1,3,1,17,4,-1,-1,-1,-1,-1,-1,-1,0
Unvalidated,2024211457663,2024,211457663,1,9,0,18,3,6,0,0,0,10,0,0,1,1,6,1,22,5,-1,-1,-1,-1,1,1,E01009269,0
Unvalidated,2024211457663,2024,211457663,2,9,0,18,7,3,0,0,0,0,0,0,1,1,6,2,39,7,-1,-1,-1,-1,-1,-1,-1,0
Unvalidated,2024211457699,2024,211457699,1,8,0,5,3,7,0,0,0,0,0,0,1,1,1,1,20,4,-1,-1,-1,-1,1,1,E01014307,0
Unvalidated,2024211457711,2024,211457711,1,9,0,2,0,0,0,0,0,0,0,0,4,1,5,2,35,6,-1,-1,-1,-1,-1,-1,-1,0
Unvalidated,2024211457711,2024,211457711,2,5,0,18,3,7,0,0,2,4,0,0,1,1,5,1,54,8,-1,-1,-1,-1,4,1,E01029367,0
Unvalidated,2024211457754,2024,211457754,1,9,0,4,5,1,0,0,0,0,0,0,2,1,1,1,58,9,-1,-1,-1,-1,9,2,E01031039,0
Unvalidated,2024211457754,2024,211457754,2,19,0,4,5,1,0,0,0,0,0,0,1,1,1,1,29,6,-1,-1,-1,-1,4,1,E01028944,0
Unvalidated,2024211457754,2024,211457754,3,19,0,4,5,1,0,0,0,0,0,0,1,1,1,1,61,9,-1,-1,-1,-1,-1,-1,-1,0
Unvalidated,2024211457754,2024,211457754,4,19,0,4,5,1,0,0,0,0,0,0,1,1,1,1,35,6,-1,-1,-1,-1,-1,-1,-1,0
Unvalidated,2024211457754,2024,211457754,5,9,0,4,5,1,0,0,0,0,0,0,1,1,1,1,53,8,-1,-1,-1,-1,1,1,E01010441,0
Unvalidated,2024211458091,2024,211458091,1,9,0,18,5,1,0,0,0,0,0,0,1,1,6,1,47,8,-1,-1,-1,-1,9,1,E01029631,0
Unvalidated,2024211458143,2024,211458143,1,9,0,18,5,1,0,1,0,0,0,0,1,1,6,1,60,9,-1,-1,-1,-1,4,1,E01029354,0
Unvalidated,2024211458143,2024,211458143,2,9,0,18,5,1,0,1,0,0,0,0,2,1,6,2,32,6,-1,-1,-1,-1,6,1,E01029524,0
Unvalidated,2024211458152,2024,211458152,1,9,0,5,1,5,0,0,0,0,0,0,1,1,6,2,33,6,-1,-1,-1,-1,2,1,E01014359,0
Unvalidated,2024211458152,2024,211458152,2,97,0,18,1,5,0,0,0,0,0,0,1,1,6,1,29,6,-1,-1,-1,-1,6,1,E01029764,0
Unvalidated,2024211458185,2024,211458185,1,9,0,9,3,1,0,8,0,0,0,0,4,1,6,2,51,8,-1,-1,-1,-1,2,1,E01018714,0
Unvalidated,2024211458185,2024,211458185,2,9,0,13,3,6,0,8,0,0,7,0,1,1,6,1,19,4,-1,-1,-1,-1,7,3,E01019612,0
Unvalidated,2024211458368,2024,211458368,1,9,0,7,5,8,0,8,0,0,0,0,1,1,6,3,50,8,-1,-1,-1,-1,-1,-1,-1,0
Unvalidated,2024211458368,2024,211458368,2,1,0,18,8,4,5,8,0,0,0,0,1,1,6,2,49,8,-1,-1,-1,-1,3,1,E01029437,0
Unvalidated,2024211458381,2024,211458381,2,19,0,18,4,8,0,1,0,0,0,0,1,1,6,1,62,9,-1,-1,-1,-1,-1,-1,-1,0
Unvalidated,2024211458489,2024,211458489,1,9,0,11,1,5,0,0,0,0,0,0,3,1,6,3,50,8,-1,-1,-1,-1,-1,-1,-1,0
Unvalidated,2024211458489,2024,211458489,2,9,0,18,1,5,0,0,0,0,0,0,3,1,6,2,25,5,-1,-1,-1,-1,4,1,E01029611,0
Unvalidated,2024211458556,2024,211458556,1,3,0,18,8,5,0,3,2,0,0,0,0,1,5,2,17,4,-1,-1,-1,-1,4,1,E01029811,0
Unvalidated,2024211458578,2024,211458578,1,9,0,18,1,5,0,0,0,0,0,0,1,1,6,2,73,10,-1,-1,-1,-1,10,1,E01029483,0
Unvalidated,2024211458578,2024,211458578,2,9,0,18,5,1,0,0,0,0,0,0,1,1,6,1,24,5,-1,-1,-1,-1,10,1,E01023200,0
Unvalidated,2024211458766,2024,211458766,1,9,0,8,0,7,6,0,0,0,0,0,1,1,5,1,32,6,-1,-1,-1,-1,4,2,E01029394,0
Unvalidated,2024211458766,2024,211458766,2,9,0,8,0,7,6,0,0,0,0,0,2,1,5,1,45,7,-1,-1,-1,-1,1,1,E01014165,0
Unvalidated,2024211458837,2024,211458837,1,19,0,18,7,7,0,1,0,0,0,0,4,1,2,1,53,8,-1,-1,-1,-1,2,1,E01014359,0
Unvalidated,2024211458868,2024,211458868,1,9,0,5,5,8,0,6,0,0,0,0,3,1,6,1,21,5,-1,-1,-1,-1,10,1,E01029483,0
Unvalidated,2024211458895,2024,211458895,1,9,0,18,5,1,2,0,0,7,0,0,1,1,5,1,77,11,-1,-1,-1,-1,7,1,E01029581,0
Unvalidated,2024211459092,2024,211459092,1,9,0,18,1,5,0,1,0,0,0,0,1,1,6,1,79,11,-1,-1,-1,-1,1,1,E01014358,0
Unvalidated,2024211459092,2024,211459092,2,8,0,18,1,5,0,1,0,0,0,0,1,1,6,1,48,8,-1,-1,-1,-1,1,1,E01014250,0
Unvalidated,2024211459178,2024,211459178,1,5,0,18,5,1,6,0,5,10,1,9,1,1,5,1,51,8,-1,-1,-1,-1,9,1,E01029536,0
Unvalidated,2024211459228,2024,211459228,1,9,0,13,7,3,0,0,0,0,7,10,3,1,5,1,26,6,-1,-1,-1,-1,2,1,E01029716,0
Unvalidated,2024211459397,2024,211459397,1,9,0,18,5,1,0,0,5,0,7,11,1,1,2,1,53,8,-1,-1,-1,-1,3,1,E01029568,0
Unvalidated,2024211459571,2024,211459571,1,9,0,9,7,5,0,0,0,0,0,0,1,1,5,1,77,11,-1,-1,-1,-1,8,3,E01029444,0
Unvalidated,2024211459571,2024,211459571,2,5,0,18,2,6,0,0,2,0,0,0,1,1,5,1,25,5,-1,-1,-1,-1,7,1,E01029460,0
Unvalidated,2024211459604,2024,211459604,1,2,0,18,2,8,0,8,0,0,0,0,3,1,5,1,16,4,-1,-1,-1,-1,4,1,E01029549,0
Unvalidated,2024211459604,2024,211459604,2,19,0,18,5,1,0,4,0,0,0,0,1,1,1,1,22,5,-1,-1,-1,-1,7,1,E01029545,0
Unvalidated,2024211459632,2024,211459632,1,9,0,18,7,4,0,0,0,0,1,11,1,1,5,2,49,8,-1,-1,-1,-1,9,1,E01029677,0
Unvalidated,2024211459632,2024,211459632,2,9,0,2,0,0,0,0,0,0,0,0,2,1,6,3,-1,-1,-1,-1,-1,-1,-1,-1,-1,0
Unvalidated,2024211460006,2024,211460006,1,21,0,18,8,8,0,0,0,0,0,0,0,1,6,3,-1,-1,-1,-1,-1,-1,-1,-1,-1,0
Unvalidated,2024211460006,2024,211460006,2,9,0,18,2,8,0,0,5,0,0,0,1,1,6,2,52,8,-1,-1,-1,-1,6,3,E01029789,0
Unvalidated,2024211460420,2024,211460420,1,5,0,5,4,5,0,0,1,7,0,0,4,1,5,1,33,6,-1,-1,-1,-1,1,1,E01031116,0
Unvalidated,2024211460636,2024,211460636,1,9,0,9,2,8,0,6,0,0,0,0,4,1,5,2,44,7,-1,-1,-1,-1,7,3,E01029683,0
Unvalidated,2024211460636,2024,211460636,2,9,0,18,8,4,0,1,0,0,0,0,4,1,5,1,55,8,-1,-1,-1,-1,6,1,E01029756,0
Unvalidated,2024211461457,2024,211461457,1,9,0,11,3,7,0,0,0,4,1,0,1,1,2,1,28,6,-1,-1,-1,-1,-1,-1,-1,0
Unvalidated,2024211461457,2024,211461457,2,19,0,5,3,7,0,0,0,0,1,0,2,1,2,1,51,8,-1,-1,-1,-1,-1,-1,-1,0
Unvalidated,2024211461477,2024,211461477,1,9,0,5,4,1,0,0,0,0,0,0,1,1,1,1,27,6,-1,-1,-1,-1,7,1,E01029582,0
Unvalidated,2024211461477,2024,211461477,2,9,0,18,2,5,0,0,0,0,0,0,1,1,5,2,24,5,-1,-1,-1,-1,2,1,E01014339,0
Unvalidated,2024211461513,2024,211461513,1,9,0,18,5,1,0,0,2,0,0,0,1,1,5,1,59,9,-1,-1,-1,-1,5,1,E01029365,0
Unvalidated,2024211461513,2024,211461513,2,9,0,18,5,1,0,0,0,0,0,0,2,1,5,2,28,6,-1,-1,-1,-1,9,1,E01029380,0
Unvalidated,2024211461648,2024,211461648,1,9,0,5,5,1,0,1,0,0,0,0,3,1,6,1,-1,-1,-1,-1,-1,-1,9,1,E01029536,0
Unvalidated,2024211461648,2024,211461648,2,1,0,18,7,3,9,1,0,0,0,0,-1,1,6,1,24,5,-1,-1,-1,-1,2,1,E01014345,0
Unvalidated,2024211461788,2024,211461788,1,9,0,2,0,0,0,0,0,0,0,0,1,1,2,1,18,4,-1,-1,-1,-1,7,3,E01032136,0
Unvalidated,2024211461788,2024,211461788,2,9,0,2,0,0,0,0,0,0,0,0,2,1,6,3,-1,-1,-1,-1,-1,-1,-1,-1,-1,0
Unvalidated,2024211461797,2024,211461797,1,9,0,18,2,7,0,0,1,10,0,0,1,1,2,2,22,5,-1,-1,-1,-1,6,1,E01029389,0
Unvalidated,2024211461827,2024,211461827,1,9,0,9,6,2,0,5,0,0,0,0,4,1,5,2,35,6,-1,-1,-1,-1,4,1,E01006617,0
Unvalidated,2024211461827,2024,211461827,2,1,0,18,2,6,0,1,0,0,0,0,1,1,5,1,46,8,-1,-1,-1,-1,8,3,E01029788,0
Unvalidated,2024211461933,2024,211461933,1,5,0,18,8,3,0,1,0,0,0,0,1,1,6,3,18,4,-1,-1,-1,-1,-1,-1,-1,0
Unvalidated,2024211461933,2024,211461933,2,9,0,18,3,8,0,1,0,0,0,0,3,1,6,1,54,8,-1,-1,-1,-1,4,1,E01028965,0
Unvalidated,2024211461933,2024,211461933,3,9,0,18,3,8,0,1,0,0,0,0,1,1,6,1,76,11,-1,-1,-1,-1,7,1,E01009898,0
Unvalidated,2024211461940,2024,211461940,1,9,0,3,1,5,9,0,0,0,0,0,1,1,5,1,55,8,-1,-1,-1,-1,7,1,E01029721,0
Unvalidated,2024211461959,2024,211461959,1,21,1,18,3,7,0,0,0,0,0,0,1,1,1,1,50,8,-1,-1,-1,-1,-1,-1,-1,0
Unvalidated,2024211461959,2024,211461959,2,9,0,18,3,7,0,0,0,0,0,0,2,1,5,2,56,9,-1,-1,-1,-1,8,3,E01029370,0
Unvalidated,2024211463167,2024,211463167,1,9,0,5,5,1,0,0,0,0,0,0,4,1,1,1,50,8,-1,-1,-1,-1,-1,-1,-1,0
Unvalidated,2024211463202,2024,211463202,1,9,0,18,3,7,0,1,0,0,0,0,1,1,6,1,36,7,-1,-1,-1,-1,-1,-1,-1,0
Unvalidated,2024211463202,2024,211463202,2,9,0,18,1,5,0,1,0,0,0,0,3,1,5,2,36,7,-1,-1,-1,-1,6,1,E01029371,0