status,collision_index,collision_year,collision_reference,vehicle_reference,vehicle_type,towing_and_articulation,vehicle_manoeuvre,vehicle_direction_from,vehicle_direction_to,vehicle_location_restricted_lane,junction_location,skidding_and_overturning,hit_object_in_carriageway,vehicle_leaving_carriageway,hit_object_off_carriageway,first_point_of_impact,vehicle_left_hand_drive,journey_purpose_of_driver,sex_of_driver,age_of_driver,age_band_of_driver,engine_capacity_cc,propulsion_code,age_of_vehicle,generic_make_model,driver_imd_decile,driver_home_area_type,lsoa_of_driver,escooter_flag
Unvalidated,2024211463229,2024,211463229,1,9,0,18,6,4,0,0,0,0,0,0,4,1,6,1,45,7,-1,-1,-1,-1,2,1,E01029410,0
Unvalidated,2024211463286,2024,211463286,1,9,0,18,5,1,0,6,0,0,0,0,4,1,2,2,27,6,-1,-1,-1,-1,7,3,E01028899,0
Unvalidated,2024211463286,2024,211463286,2,9,0,5,7,1,0,1,0,0,1,0,1,1,6,2,66,10,-1,-1,-1,-1,7,3,E01014202,0
Unvalidated,2024211463391,2024,211463391,1,1,0,18,7,3,0,0,1,0,0,0,1,1,5,1,12,3,-1,-1,-1,-1,-1,-1,-1,0
Unvalidated,2024211463391,2024,211463391,2,9,0,18,5,1,0,0,0,0,0,0,4,1,6,3,-1,-1,-1,-1,-1,-1,-1,-1,-1,0
Unvalidated,2024211464382,2024,211464382,1,4,0,18,1,5,0,0,0,0,0,0,0,1,2,1,55,8,-1,-1,-1,-1,7,3,E01029405,0
Unvalidated,2024211464792,2024,211464792,1,9,-1,-1,-1,-1,-1,0,-1,-1,-1,0,-1,1,6,3,-1,-1,-1,-1,-1,-1,-1,-1,-1,0
Unvalidated,2024211464792,2024,211464792,2,9,-1,-1,-1,-1,-1,0,-1,-1,-1,0,-1,1,6,1,32,6,-1,-1,-1,-1,-1,-1,-1,0
Unvalidated,2024211464819,2024,211464819,1,98,-1,-1,-1,-1,-1,-1,-1,-1,-1,0,-1,1,1,3,-1,-1,-1,-1,-1,-1,-1,-1,-1,0
Unvalidated,2024211464819,2024,211464819,2,9,-1,-1,-1,-1,-1,-1,-1,-1,-1,0,-1,1,1,1,-1,-1,-1,-1,-1,-1,-1,-1,-1,0
Unvalidated,2024211466511,2024,211466511,1,9,0,3,5,1,0,1,0,0,0,0,2,1,6,1,34,6,-1,-1,-1,-1,8,1,E01014214,0
Unvalidated,2024211466511,2024,211466511,2,19,0,18,5,1,0,1,0,4,0,0,1,1,6,3,40,7,-1,-1,-1,-1,-1,-1,-1,0
Unvalidated,2024211467308,2024,211467308,1,9,0,18,1,5,0,1,0,0,0,0,1,1,6,1,21,5,-1,-1,-1,-1,2,1,E01014262,0
Unvalidated,2024211467308,2024,211467308,2,9,0,18,1,5,0,1,0,0,0,0,1,1,6,1,20,4,-1,-1,-1,-1,-1,-1,-1,0
Unvalidated,2024211467328,2024,211467328,1,9,0,8,0,3,0,8,0,0,0,0,3,1,2,1,25,5,-1,-1,-1,-1,-1,-1,-1,0
Unvalidated,2024211467328,2024,211467328,2,9,0,18,7,3,0,1,0,0,0,0,4,1,6,1,22,5,-1,-1,-1,-1,-1,-1,-1,0
Unvalidated,2024211467493,2024,211467493,1,3,0,13,6,3,0,0,0,0,0,0,3,1,2,1,30,6,-1,-1,-1,-1,-1,1,-1,0
Unvalidated,2024211467493,2024,211467493,2,9,0,9,6,3,0,0,0,0,0,0,3,1,2,2,30,6,-1,-1,-1,-1,8,1,E01014314,0
Unvalidated,2024211467753,2024,211467753,1,9,0,5,1,6,0,1,0,0,3,0,4,1,6,1,91,11,-1,-1,-1,-1,9,1,E01029455,0
Unvalidated,2024211467753,2024,211467753,2,9,0,18,7,3,0,1,0,0,0,0,4,1,6,2,37,7,-1,-1,-1,-1,10,2,E01019880,0
Unvalidated,2024211468106,2024,211468106,1,9,-1,18,-1,-1,-1,0,-1,-1,-1,0,4,1,6,3,54,8,-1,-1,-1,-1,-1,-1,-1,0
Unvalidated,2024211468128,2024,211468128,1,9,0,18,1,5,0,1,0,0,0,0,1,1,6,1,34,6,-1,-1,-1,-1,6,1,E01029750,0
Unvalidated,2024211468128,2024,211468128,2,1,0,18,1,5,0,1,0,0,0,0,1,1,6,2,44,7,-1,-1,-1,-1,10,1,E01029628,0
Unvalidated,2024211468164,2024,211468164,1,19,0,18,1,5,0,0,0,0,0,0,3,1,6,1,39,7,-1,-1,-1,-1,3,1,E01015294,0
Unvalidated,2024211468164,2024,211468164,2,9,0,18,5,1,0,0,0,0,0,0,3,1,6,2,46,8,-1,-1,-1,-1,3,1,E01014282,0
Unvalidated,2024211468491,2024,211468491,1,9,0,18,4,8,0,0,0,0,0,0,1,1,6,2,47,8,-1,-1,-1,-1,-1,-1,-1,0
Unvalidated,2024211471010,2024,211471010,1,21,4,18,1,5,0,1,0,0,0,0,1,2,6,1,25,5,-1,-1,-1,-1,-1,-1,-1,0
Unvalidated,2024211471010,2024,211471010,2,9,0,18,1,5,0,1,0,0,0,0,1,1,6,2,53,8,-1,-1,-1,-1,7,3,E01029530,0
Unvalidated,2024211471842,2024,211471842,1,9,0,18,3,7,0,1,1,0,0,0,1,1,5,1,51,8,-1,-1,-1,-1,-1,-1,-1,0
Unvalidated,2024211471842,2024,211471842,2,9,0,9,7,3,0,2,1,0,0,0,1,1,5,2,18,4,-1,-1,-1,-1,-1,-1,-1,0
Unvalidated,2024211471909,2024,211471909,1,97,0,18,7,3,0,1,0,0,0,0,1,1,6,1,39,7,-1,-1,-1,-1,-1,-1,-1,0
Unvalidated,2024211471909,2024,211471909,2,9,0,18,1,5,0,1,0,0,0,0,1,1,6,1,-1,-1,-1,-1,-1,-1,-1,-1,-1,0
Unvalidated,2024211471927,2024,211471927,1,9,0,12,5,8,0,2,5,0,0,0,1,1,6,1,42,7,-1,-1,-1,-1,-1,-1,-1,0
Unvalidated,2024211471927,2024,211471927,2,9,0,1,8,4,0,2,0,0,0,0,2,1,5,2,58,9,-1,-1,-1,-1,-1,-1,-1,0
Unvalidated,2024211472032,2024,211472032,1,9,0,18,2,6,0,0,1,0,1,0,1,1,5,1,94,11,-1,-1,-1,-1,7,2,E01028884,0
Unvalidated,2024211472033,2024,211472033,1,19,0,18,5,5,0,1,0,0,0,0,1,1,5,1,25,5,-1,-1,-1,-1,6,3,E01029708,0
Unvalidated,2024211472033,2024,211472033,2,9,0,7,6,3,0,6,0,0,1,0,1,1,5,1,20,4,-1,-1,-1,-1,-1,-1,-1,0
Unvalidated,2024211472042,2024,211472042,1,9,0,18,5,1,0,2,1,4,0,0,1,1,5,1,61,9,-1,-1,-1,-1,-1,-1,-1,0
Unvalidated,2024211472042,2024,211472042,2,9,0,2,0,0,0,2,0,0,0,0,2,1,5,1,44,7,-1,-1,-1,-1,-1,-1,-1,0
Unvalidated,2024211472093,2024,211472093,1,9,0,18,3,7,0,1,5,0,0,0,1,1,6,1,24,5,-1,-1,-1,-1,-1,-1,-1,0
Unvalidated,2024211472224,2024,211472224,1,9,0,9,4,2,0,2,0,0,0,0,4,1,6,1,33,6,-1,-1,-1,-1,6,1,E01029855,0
Unvalidated,2024211472224,2024,211472224,2,97,0,18,2,6,0,1,0,0,0,0,1,1,6,1,37,7,-1,-1,-1,-1,-1,-1,-1,0
Unvalidated,2024211472351,2024,211472351,1,9,-1,-1,-1,-1,-1,-1,-1,-1,-1,0,-1,1,6,3,-1,-1,-1,-1,-1,-1,-1,-1,-1,0
Unvalidated,2024211473248,2024,211473248,1,9,0,4,5,1,0,0,0,0,0,0,1,1,6,1,69,10,-1,-1,-1,-1,8,1,E01029475,0
Unvalidated,2024211473248,2024,211473248,2,9,0,4,5,1,0,0,0,0,0,0,2,1,6,2,45,7,-1,-1,-1,-1,9,1,E01029506,0
Unvalidated,2024211473782,2024,211473782,1,2,-1,-1,-1,-1,-1,0,-1,-1,-1,0,-1,1,6,3,25,5,-1,-1,-1,-1,-1,-1,-1,0
Unvalidated,2024211473782,2024,211473782,2,9,0,18,1,5,0,0,0,0,0,0,2,1,6,1,23,5,-1,-1,-1,-1,1,1,E01014249,0
Unvalidated,2024211474100,2024,211474100,1,9,0,7,1,5,0,0,5,0,0,0,0,1,5,1,20,4,-1,-1,-1,-1,6,3,E01029667,0
Unvalidated,2024211474360,2024,211474360,1,5,0,18,1,5,0,1,0,0,0,0,1,1,6,1,64,9,-1,-1,-1,-1,6,1,E01014308,0
Unvalidated,2024211474360,2024,211474360,2,9,0,3,1,5,0,1,0,0,0,0,2,1,6,2,41,7,-1,-1,-1,-1,8,1,E01029579,0
Unvalidated,2024211475057,2024,211475057,1,9,0,14,2,6,0,0,0,0,0,0,1,1,6,2,-1,-1,-1,-1,-1,-1,5,2,E01029569,0
Unvalidated,2024211475057,2024,211475057,2,9,0,3,2,6,0,0,0,0,1,0,2,1,6,2,30,6,-1,-1,-1,-1,7,3,E01028954,0
Unvalidated,2024211475057,2024,211475057,3,9,0,18,7,3,0,0,0,0,0,0,1,1,6,1,-1,-1,-1,-1,-1,-1,5,3,E01029696,0
Unvalidated,2024211475214,2024,211475214,1,98,1,18,3,7,0,0,0,0,0,0,1,1,1,1,71,10,-1,-1,-1,-1,4,3,E01029797,0
Unvalidated,2024211475214,2024,211475214,2,9,0,18,7,3,0,0,1,0,0,0,1,1,2,1,33,6,-1,-1,-1,-1,3,1,E01018401,0
Unvalidated,2024211475419,2024,211475419,1,4,0,5,1,5,0,1,0,0,0,0,1,1,6,1,64,9,-1,-1,-1,-1,-1,-1,-1,0
Unvalidated,2024211475419,2024,211475419,2,9,0,9,5,2,0,1,0,0,0,0,3,2,6,1,19,4,-1,-1,-1,-1,-1,-1,-1,0
Unvalidated,2024211475519,2024,211475519,1,9,0,5,2,6,0,8,0,0,0,0,1,1,6,1,17,4,-1,-1,-1,-1,-1,-1,-1,0
Unvalidated,2024211475519,2024,211475519,2,9,0,18,4,8,0,1,0,0,0,0,1,1,5,1,43,7,-1,-1,-1,-1,7,1,E01009771,0
Unvalidated,2024211475810,2024,211475810,1,97,0,13,2,4,0,0,0,0,0,0,1,1,6,1,-1,-1,-1,-1,-1,-1,-1,-1,-1,0
Unvalidated,2024211475810,2024,211475810,2,9,0,18,2,4,0,0,0,0,0,0,3,1,6,2,-1,-1,-1,-1,-1,-1,-1,-1,-1,0
Unvalidated,2024211476219,2024,211476219,1,9,0,18,4,8,0,1,0,0,0,0,1,1,6,1,17,4,-1,-1,-1,-1,9,1,E01029600,0
Unvalidated,2024211476219,2024,211476219,2,9,0,18,6,2,0,1,0,0,0,0,1,1,6,2,37,7,-1,-1,-1,-1,9,1,E01033257,0
Unvalidated,2024211477210,2024,211477210,1,9,0,18,1,5,0,0,0,0,0,0,1,1,6,2,42,7,-1,-1,-1,-1,8,1,E01014214,0
Unvalidated,2024211477210,2024,211477210,2,9,0,18,1,5,0,0,0,0,0,0,2,1,6,1,18,4,-1,-1,-1,-1,2,1,E01014274,0
Unvalidated,2024211477479,2024,211477479,1,9,0,18,3,7,0,0,0,0,0,0,1,1,6,2,55,8,-1,-1,-1,-1,5,1,E01029399,0
Unvalidated,2024211477479,2024,211477479,2,9,0,18,3,7,0,0,0,0,0,0,1,1,6,2,25,5,-1,-1,-1,-1,7,1,E01029376,0
Unvalidated,2024211477876,2024,211477876,1,21,0,18,3,7,0,0,0,0,0,0,1,1,2,1,33,6,-1,-1,-1,-1,-1,-1,-1,0
Unvalidated,2024211477876,2024,211477876,2,9,0,18,7,3,0,0,1,0,0,0,1,1,2,1,33,6,-1,-1,-1,-1,-1,-1,-1,0
Unvalidated,2024211480713,2024,211480713,1,9,0,18,3,7,0,0,0,0,0,0,1,1,6,2,65,9,-1,-1,-1,-1,10,1,E01018397,0
Unvalidated,2024211480713,2024,211480713,2,5,0,18,3,7,0,0,0,0,0,0,2,1,6,1,49,8,-1,-1,-1,-1,1,1,E01014367,0
Unvalidated,2024211480874,2024,211480874,1,9,0,18,8,4,9,0,0,0,7,10,1,1,6,1,24,5,-1,-1,-1,-1,3,1,E01029434,0
Unvalidated,2024211480876,2024,211480876,1,9,0,4,3,7,0,1,0,0,0,0,2,1,2,2,55,8,-1,-1,-1,-1,2,1,E01029445,0
Unvalidated,2024211480876,2024,211480876,2,9,0,4,3,7,0,1,0,0,0,0,1,1,2,2,35,6,-1,-1,-1,-1,-1,-1,-1,0
Unvalidated,2024211481639,2024,211481639,1,5,0,15,3,7,0,1,0,0,0,0,1,1,6,1,60,9,-1,-1,-1,-1,-1,-1,-1,0
Unvalidated,2024211481639,2024,211481639,2,98,0,7,3,6,0,1,0,0,1,0,4,1,1,1,50,8,-1,-1,-1,-1,-1,-1,-1,0
Unvalidated,2024211482067,2024,211482067,1,9,0,18,5,1,0,1,0,0,0,0,1,1,6,1,57,9,-1,-1,-1,-1,1,1,E01010435,0
Unvalidated,2024211482067,2024,211482067,2,9,0,18,3,7,0,1,0,0,0,0,1,1,6,1,35,6,-1,-1,-1,-1,2,1,E01009481,0
Unvalidated,2024211482487,2024,211482487,1,9,-1,-1,-1,-1,-1,-1,-1,-1,-1,0,-1,1,6,1,60,9,-1,-1,-1,-1,6,1,E01014264,0
Unvalidated,2024211482556,2024,211482556,1,9,0,18,1,5,0,0,0,0,0,0,1,1,6,1,49,8,-1,-1,-1,-1,5,1,E01029348,0
Unvalidated,2024211482711,2024,211482711,1,9,0,18,1,5,0,4,0,0,0,0,1,1,6,1,35,6,-1,-1,-1,-1,-1,-1,-1,0
Unvalidated,2024211482711,2024,211482711,2,19,0,18,1,5,0,4,0,0,0,0,1,1,6,1,61,9,-1,-1,-1,-1,-1,-1,-1,0
Unvalidated,2024211482715,2024,211482715,1,9,0,18,1,5,0,0,0,0,0,0,1,1,6,2,22,5,-1,-1,-1,-1,-1,-1,-1,0
Unvalidated,2024211482956,2024,211482956,1,9,0,18,1,2,0,0,1,0,1,0,1,1,2,1,26,6,-1,-1,-1,-1,-1,-1,-1,0
Unvalidated,2024211483057,2024,211483057,1,9,0,9,8,8,0,0,0,7,0,0,1,1,6,2,60,9,-1,-1,-1,-1,-1,-1,-1,0
Unvalidated,2024211483057,2024,211483057,2,9,0,18,8,8,0,0,0,0,0,0,3,1,6,2,38,7,-1,-1,-1,-1,-1,-1,-1,0
Unvalidated,2024211483057,2024,211483057,3,9,0,18,8,8,0,0,0,4,0,0,1,1,6,1,48,8,-1,-1,-1,-1,-1,-1,-1,0
Unvalidated,2024211483199,2024,211483199,1,9,0,18,1,5,0,0,5,0,0,0,1,1,6,1,31,6,-1,-1,-1,-1,-1,-1,-1,0
Unvalidated,2024211483354,2024,211483354,1,9,0,1,4,6,0,2,0,0,0,0,2,1,6,1,55,8,-1,-1,-1,-1,-1,-1,-1,0
Unvalidated,2024211483570,2024,211483570,1,9,0,18,1,5,0,0,2,0,7,0,1,1,1,2,48,8,-1,-1,-1,-1,-1,-1,-1,0
Unvalidated,2024211483913,2024,211483913,1,9,0,18,1,5,0,3,0,0,0,0,0,1,2,1,55,8,-1,-1,-1,-1,-1,-1,-1,0
Unvalidated,2024211483921,2024,211483921,1,19,0,4,1,5,0,1,0,0,0,0,1,1,1,1,33,6,-1,-1,-1,-1,-1,-1,-1,0
Unvalidated,2024211484308,2024,211484308,1,98,0,18,1,5,0,0,0,0,0,0,3,1,6,3,-1,-1,-1,-1,-1,-1,-1,-1,-1,0
Unvalidated,2024211484308,2024,211484308,2,9,0,18,1,5,0,0,0,0,0,0,1,1,6,1,32,6,-1,-1,-1,-1,2,1,E01010521,0
Unvalidated,2024211484437,2024,211484437,1,97,0,18,3,7,0,0,2,0,0,0,3,1,6,1,26,6,-1,-1,-1,-1,5,1,E01029374,0
Unvalidated,2024211485125,2024,211485125,1,9,0,18,2,6,0,0,0,0,1,0,1,1,5,1,76,11,-1,-1,-1,-1,-1,-1,-1,0
Unvalidated,2024211485125,2024,211485125,2,9,0,18,1,5,0,0,0,0,0,0,1,1,5,1,30,6,-1,-1,-1,-1,-1,-1,-1,0
Unvalidated,2024211485125,2024,211485125,3,19,0,18,1,5,0,0,1,0,0,0,1,1,1,1,41,7,-1,-1,-1,-1,-1,-1,-1,0
Unvalidated,2024211486070,2024,211486070,1,9,0,18,5,1,0,0,0,0,0,0,1,1,6,1,55,8,-1,-1,-1,-1,8,1,E01010329,0
Unvalidated,2024211486070,2024,211486070,2,5,0,18,5,1,9,0,2,0,1,0,1,1,5,1,39,7,-1,-1,-1,-1,4,1,E01010349,0
Unvalidated,2024211488838,2024,211488838,1,19,0,5,1,5,0,0,0,0,0,0,1,1,1,1,56,9,-1,-1,-1,-1,4,1,E01021392,0
Unvalidated,2024211488838,2024,211488838,2,9,0,5,5,1,0,0,1,0,0,0,1,1,5,1,32,6,-1,-1,-1,-1,-1,-1,-1,0
Unvalidated,2024211490177,2024,211490177,1,9,0,18,3,7,0,1,0,0,0,0,1,1,6,1,34,6,-1,-1,-1,-1,6,1,E01014351,0
Unvalidated,2024211490187,2024,211490187,1,9,0,18,4,8,0,0,0,0,0,0,2,1,6,2,44,7,-1,-1,-1,-1,8,1,E01033535,0
Unvalidated,2024211490187,2024,211490187,2,9,0,18,4,8,0,0,0,0,0,0,1,1,6,1,19,4,-1,-1,-1,-1,-1,-1,-1,0
Unvalidated,2024211490199,2024,211490199,1,9,0,18,3,7,0,0,0,0,0,0,4,1,6,2,41,7,-1,-1,-1,-1,6,3,E01029778,0
Unvalidated,2024211490199,2024,211490199,2,9,0,2,0,0,0,0,0,0,0,0,3,1,6,3,-1,-1,-1,-1,-1,-1,-1,-1,-1,0
Unvalidated,2024211490287,2024,211490287,1,9,0,18,7,3,0,1,0,0,0,0,1,1,6,2,50,8,-1,-1,-1,-1,-1,-1,-1,0
Unvalidated,2024211490287,2024,211490287,2,9,0,9,4,1,0,5,0,0,0,0,3,1,6,2,45,7,-1,-1,-1,-1,-1,-1,-1,0
Unvalidated,2024211492232,2024,211492232,1,9,0,18,1,5,0,0,0,0,0,0,4,1,5,1,82,11,-1,-1,-1,-1,3,1,E01029867,0
Unvalidated,2024211492232,2024,211492232,2,9,0,2,5,5,6,0,0,0,0,0,3,1,5,2,25,5,-1,-1,-1,-1,7,1,E01029863,0
Unvalidated,2024211492731,2024,211492731,1,11,0,18,3,7,0,0,0,0,0,0,0,1,1,1,50,8,-1,-1,-1,-1,5,1,E01029382,0
Unvalidated,2024211492962,2024,211492962,1,9,0,18,1,5,0,0,0,0,0,0,1,1,5,1,84,11,-1,-1,-1,-1,-1,-1,-1,0
Unvalidated,2024211492962,2024,211492962,2,9,0,18,5,1,0,0,1,4,0,0,1,1,5,1,44,7,-1,-1,-1,-1,-1,-1,-1,0
Unvalidated,2024211492962,2024,211492962,3,9,0,2,0,0,0,0,0,0,0,0,3,1,6,1,55,8,-1,-1,-1,-1,-1,-1,-1,0
Unvalidated,2024211493572,2024,211493572,1,3,0,18,5,1,0,0,0,4,0,0,1,1,6,1,19,4,-1,-1,-1,-1,-1,-1,-1,0
Unvalidated,2024211493572,2024,211493572,2,9,0,2,0,0,0,0,0,0,0,0,2,1,6,3,-1,-1,-1,-1,-1,-1,-1,-1,-1,0
Unvalidated,2024211493595,2024,211493595,1,9,0,18,1,5,0,0,2,0,8,0,3,1,2,2,49,8,-1,-1,-1,-1,1,1,E01014275,0
Unvalidated,2024211493653,2024,211493653,1,9,0,2,5,1,0,0,0,0,0,0,2,1,5,2,68,10,-1,-1,-1,-1,10,2,E01019880,0
Unvalidated,2024211493653,2024,211493653,2,9,0,18,5,1,0,0,0,0,0,0,1,1,6,1,39,7,-1,-1,-1,-1,3,1,E01029812,0
Unvalidated,2024211501073,2024,211501073,1,9,0,2,0,0,0,0,0,0,0,0,3,1,6,2,41,7,-1,-1,-1,-1,6,1,E01029524,0
Unvalidated,2024211501073,2024,211501073,2,9,0,18,7,3,0,0,0,0,0,0,4,1,6,1,28,6,-1,-1,-1,-1,6,1,E01029524,0
Unvalidated,2024211501075,2024,211501075,1,9,0,9,8,6,0,8,0,0,0,0,4,1,2,1,34,6,-1,-1,-1,-1,9,1,E01009433,0
Unvalidated,2024211501075,2024,211501075,2,9,0,18,4,8,0,8,0,0,0,0,1,1,6,1,41,7,-1,-1,-1,-1,2,1,E01010338,0
Unvalidated,2024211501846,2024,211501846,1,9,0,12,4,8,0,0,0,0,0,0,1,1,6,1,23,5,-1,-1,-1,-1,6,1,E01014228,0
Unvalidated,2024211501846,2024,211501846,2,9,0,18,4,1,0,0,0,0,0,0,1,1,6,1,23,5,-1,-1,-1,-1,4,1,E01029578,0
Unvalidated,2024221394147,2024,221394147,1,9,0,18,8,4,0,4,5,9,1,1,1,1,6,1,21,5,-1,-1,-1,-1,4,1,E01014161,0
Unvalidated,2024221394586,2024,221394586,1,9,0,18,5,8,0,0,0,0,0,0,4,1,6,1,56,9,-1,-1,-1,-1,10,1,E01028964,0
Unvalidated,2024221394800,2024,221394800,1,9,4,1,5,1,0,6,0,0,0,0,2,1,6,1,25,5,-1,-1,-1,-1,1,1,E01032469,0
Unvalidated,2024221394800,2024,221394800,2,9,0,18,3,7,0,8,0,0,0,0,4,1,6,2,48,8,-1,-1,-1,-1,2,1,E01032474,0
Unvalidated,2024221395292,2024,221395292,1,9,0,18,2,6,0,8,0,0,0,0,1,1,6,1,44,7,-1,-1,-1,-1,2,1,E01032202,0
Unvalidated,2024221395469,2024,221395469,1,9,0,18,8,5,0,0,1,0,0,0,1,1,5,2,76,11,-1,-1,-1,-1,5,3,E01028870,0
Unvalidated,2024221395469,2024,221395469,2,19,0,18,5,8,0,0,0,0,0,0,1,1,6,1,53,8,-1,-1,-1,-1,3,3,E01028880,0
Unvalidated,2024221395511,2024,221395511,1,9,0,18,5,1,0,1,0,0,0,0,1,1,1,2,35,6,-1,-1,-1,-1,3,1,E01014010,0
Unvalidated,2024221395839,2024,221395839,1,9,0,5,7,3,0,0,0,0,0,0,1,1,6,2,-1,-1,-1,-1,-1,-1,8,1,E01032463,0
Unvalidated,2024221395897,2024,221395897,1,1,0,18,6,2,0,0,0,0,0,0,1,1,6,1,44,7,-1,-1,-1,-1,8,1,E01032195,0
Unvalidated,2024221395897,2024,221395897,2,9,0,9,2,7,0,0,0,0,0,0,4,1,6,1,52,8,-1,-1,-1,-1,8,2,E01031192,0
Unvalidated,2024221395967,2024,221395967,1,9,0,18,5,1,0,0,0,8,0,0,4,1,6,2,45,7,-1,-1,-1,-1,6,3,E01032382,0
Unvalidated,2024221395967,2024,221395967,2,9,0,2,0,0,0,0,0,0,0,0,4,1,5,2,33,6,-1,-1,-1,-1,4,1,E01032342,0
Unvalidated,2024221396040,2024,221396040,1,9,0,4,2,6,0,7,0,0,0,0,2,1,6,1,41,7,-1,-1,-1,-1,2,1,E01010521,0
Unvalidated,2024221396040,2024,221396040,2,9,0,7,2,6,0,7,0,0,0,0,1,1,5,1,24,5,-1,-1,-1,-1,7,1,E01013988,0
Unvalidated,2024221396230,2024,221396230,1,9,0,18,1,5,0,0,0,0,0,0,1,1,6,1,32,6,-1,-1,-1,-1,6,2,E01032407,0
Unvalidated,2024221396230,2024,221396230,2,9,0,4,1,5,0,0,0,0,0,0,2,1,6,1,33,6,-1,-1,-1,-1,6,2,E01032407,0
Unvalidated,2024221396412,2024,221396412,1,1,0,18,5,2,0,3,0,0,0,0,1,1,6,1,16,4,-1,-1,-1,-1,4,1,E01013986,0
Unvalidated,2024221396412,2024,221396412,2,9,0,9,8,5,0,4,0,0,0,0,1,1,6,2,59,9,-1,-1,-1,-1,5,3,E01014026,0
Unvalidated,2024221396469,2024,221396469,1,9,0,18,5,1,0,0,0,0,7,0,3,1,6,2,86,11,-1,-1,-1,-1,4,1,E01014041,0
Unvalidated,2024221396469,2024,221396469,2,9,0,18,1,5,0,0,1,0,0,0,3,1,6,2,77,11,-1,-1,-1,-1,5,3,E01014097,0
Unvalidated,2024221396537,2024,221396537,1,9,0,18,6,2,0,1,0,0,0,0,1,1,6,3,46,8,-1,-1,-1,-1,-1,-1,-1,0
Unvalidated,2024221396841,2024,221396841,1,1,0,18,4,8,0,0,0,0,0,0,1,1,2,2,61,9,-1,-1,-1,-1,10,1,E01014091,0
Unvalidated,2024221396841,2024,221396841,2,9,0,14,8,4,0,0,0,0,0,0,1,1,2,1,40,7,-1,-1,-1,-1,7,1,E01013988,0
Unvalidated,2024221397092,2024,221397092,1,9,0,9,3,1,0,6,0,0,0,0,1,1,5,1,73,10,-1,-1,-1,-1,10,1,E01032135,0
Unvalidated,2024221397092,2024,221397092,2,4,0,18,1,5,0,8,0,0,0,0,1,1,5,1,59,9,-1,-1,-1,-1,7,3,E01032123,0
Unvalidated,2024221397226,2024,221397226,1,9,0,18,8,4,0,0,0,0,0,0,3,1,6,1,54,8,-1,-1,-1,-1,5,3,E01014059,0
Unvalidated,2024221397226,2024,221397226,2,21,1,18,4,8,0,0,0,0,0,0,3,1,1,1,62,9,-1,-1,-1,-1,5,1,E01014753,0
Unvalidated,2024221397269,2024,221397269,1,9,0,7,5,7,0,6,0,0,0,0,1,1,6,1,23,5,-1,-1,-1,-1,7,1,E01014007,0
Unvalidated,2024221397302,2024,221397302,1,9,0,18,6,2,0,0,0,0,0,0,1,1,6,1,52,8,-1,-1,-1,-1,8,1,E01028917,0
Unvalidated,2024221397314,2024,221397314,1,9,0,1,3,7,9,6,0,0,0,0,2,1,6,1,80,11,-1,-1,-1,-1,9,3,E01014083,0
Unvalidated,2024221397392,2024,221397392,1,9,0,14,1,5,0,0,2,4,0,0,1,1,5,1,22,5,-1,-1,-1,-1,7,2,E01014036,0
Unvalidated,2024221397392,2024,221397392,2,9,0,2,0,0,0,0,0,0,0,0,2,1,6,1,54,8,-1,-1,-1,-1,8,1,E01032218,0
Unvalidated,2024221397587,2024,221397587,1,9,0,4,4,2,0,1,0,0,0,0,1,1,6,2,28,6,-1,-1,-1,-1,2,1,E01032235,0
Unvalidated,2024221397587,2024,221397587,2,9,0,7,2,4,0,5,0,0,0,0,1,1,6,1,80,11,-1,-1,-1,-1,7,1,E01032253,0
Unvalidated,2024221397647,2024,221397647,1,1,0,18,1,5,0,0,0,0,0,0,3,1,6,1,64,9,-1,-1,-1,-1,6,3,E01032417,0
Unvalidated,2024221398098,2024,221398098,1,9,0,18,8,4,0,0,0,0,1,0,1,1,6,1,31,6,-1,-1,-1,-1,4,3,E01032409,0
Unvalidated,2024221398098,2024,221398098,2,9,0,18,4,8,0,0,0,0,1,0,1,1,6,1,34,6,-1,-1,-1,-1,8,1,E01032320,0
Unvalidated,2024221398479,2024,221398479,1,9,0,18,8,4,0,6,0,0,0,0,1,1,6,2,24,5,-1,-1,-1,-1,8,1,E01032286,0
Unvalidated,2024221398479,2024,221398479,2,17,0,18,2,6,0,8,0,0,0,0,3,1,1,1,54,8,-1,-1,-1,-1,5,3,E01032212,0
Unvalidated,2024221398508,2024,221398508,1,9,0,18,7,5,0,0,1,0,0,0,1,1,6,2,32,6,-1,-1,-1,-1,9,1,E01032361,0
Unvalidated,2024221398508,2024,221398508,2,9,0,18,5,7,0,0,0,0,0,0,1,1,3,2,28,6,-1,-1,-1,-1,-1,1,-1,0
Unvalidated,2024221398523,2024,221398523,1,9,0,18,5,1,0,0,0,0,0,0,1,1,6,3,29,6,-1,-1,-1,-1,-1,-1,-1,0
Unvalidated,2024221398523,2024,221398523,2,9,0,4,5,1,0,0,0,0,0,0,2,1,6,2,48,8,-1,-1,-1,-1,9,1,E01028932,0
Unvalidated,2024221398523,2024,221398523,3,9,0,3,5,1,0,0,0,0,0,0,2,1,6,2,28,6,-1,-1,-1,-1,7,1,E01028940,0
Unvalidated,2024221398608,2024,221398608,1,8,0,18,7,3,0,8,0,0,0,0,1,1,1,1,55,8,-1,-1,-1,-1,9,1,E01032324,0
Unvalidated,2024221398608,2024,221398608,2,9,0,5,1,3,0,6,0,0,0,0,3,1,1,1,38,7,-1,-1,-1,-1,6,3,E01032383,0
Unvalidated,2024221398621,2024,221398621,1,9,0,9,2,8,0,1,0,0,0,0,1,1,6,1,75,10,-1,-1,-1,-1,-1,-1,-1,0