status,collision_index,collision_year,collision_reference,vehicle_reference,vehicle_type,towing_and_articulation,vehicle_manoeuvre,vehicle_direction_from,vehicle_direction_to,vehicle_location_restricted_lane,junction_location,skidding_and_overturning,hit_object_in_carriageway,vehicle_leaving_carriageway,hit_object_off_carriageway,first_point_of_impact,vehicle_left_hand_drive,journey_purpose_of_driver,sex_of_driver,age_of_driver,age_band_of_driver,engine_capacity_cc,propulsion_code,age_of_vehicle,generic_make_model,driver_imd_decile,driver_home_area_type,lsoa_of_driver,escooter_flag
Unvalidated,2024221398743,2024,221398743,1,9,0,10,6,5,0,8,0,0,0,0,2,1,2,1,55,8,-1,-1,-1,-1,6,3,E01032403,0
Unvalidated,2024221398743,2024,221398743,2,9,0,18,6,2,0,8,0,0,0,0,1,1,2,1,70,10,-1,-1,-1,-1,6,3,E01032372,0
Unvalidated,2024221398784,2024,221398784,1,20,5,2,0,0,0,8,0,0,0,0,0,1,1,1,56,9,-1,-1,-1,-1,8,3,W01000444,0
Unvalidated,2024221398784,2024,221398784,2,9,0,1,2,6,0,8,0,0,0,0,2,1,1,1,56,9,-1,-1,-1,-1,8,3,W01000444,0
Unvalidated,2024221399093,2024,221399093,1,4,0,18,6,2,0,0,1,0,0,0,1,1,2,1,32,6,-1,-1,-1,-1,7,2,E01032253,0
Unvalidated,2024221399125,2024,221399125,1,9,0,9,8,6,0,5,0,0,0,0,1,1,6,1,65,9,-1,-1,-1,-1,4,3,E01014017,0
Unvalidated,2024221399125,2024,221399125,2,9,0,18,4,8,0,8,5,0,1,4,1,1,6,1,84,11,-1,-1,-1,-1,5,3,E01014059,0
Unvalidated,2024221399146,2024,221399146,1,9,0,13,2,6,0,0,5,0,0,0,3,1,6,2,47,8,-1,-1,-1,-1,5,3,W01000719,0
Unvalidated,2024221399330,2024,221399330,1,9,0,12,4,2,0,4,0,0,0,0,3,1,6,1,55,8,-1,-1,-1,-1,8,2,E01029706,0
Unvalidated,2024221399330,2024,221399330,2,5,0,18,4,8,0,4,0,0,0,0,4,1,6,1,55,8,-1,-1,-1,-1,6,3,E01029708,0
Unvalidated,2024221399342,2024,221399342,1,9,0,7,6,8,0,5,0,0,0,0,1,1,6,1,66,10,-1,-1,-1,-1,10,1,E01033062,0
Unvalidated,2024221399342,2024,221399342,2,1,0,18,6,2,0,8,0,0,0,0,1,1,2,1,26,6,-1,-1,-1,-1,4,1,E01032157,0
Unvalidated,2024221399355,2024,221399355,1,9,0,6,3,3,0,8,0,0,0,0,3,1,6,1,26,6,-1,-1,-1,-1,6,1,E01014133,0
Unvalidated,2024221399355,2024,221399355,2,3,0,18,3,7,0,8,0,0,0,0,1,1,6,1,36,7,-1,-1,-1,-1,3,1,E01014145,0
Unvalidated,2024221399385,2024,221399385,1,9,0,9,7,5,0,6,0,0,0,0,1,1,6,1,17,4,-1,-1,-1,-1,6,2,W01000431,0
Unvalidated,2024221399385,2024,221399385,2,9,0,18,5,1,0,8,1,0,1,10,1,1,6,1,36,7,-1,-1,-1,-1,6,3,E01022264,0
Unvalidated,2024221399399,2024,221399399,1,9,0,18,7,3,0,8,0,0,0,0,1,1,6,1,19,4,-1,-1,-1,-1,5,3,E01014008,0
Unvalidated,2024221399399,2024,221399399,2,9,0,18,3,7,0,8,0,0,0,0,1,1,6,2,34,6,-1,-1,-1,-1,4,3,E01014009,0
Unvalidated,2024221399399,2024,221399399,3,9,0,9,3,8,0,5,0,0,0,0,0,1,6,1,33,6,-1,-1,-1,-1,-1,-1,-1,0
Unvalidated,2024221399414,2024,221399414,1,9,0,18,3,8,0,0,0,0,0,0,3,1,6,1,45,7,-1,-1,-1,-1,-1,-1,-1,0
Unvalidated,2024221399414,2024,221399414,2,1,0,18,8,3,0,0,0,0,0,0,1,1,6,1,16,4,-1,-1,-1,-1,6,3,E01032472,0
Unvalidated,2024221399524,2024,221399524,1,8,0,18,8,4,0,8,0,0,0,0,1,1,1,1,26,6,-1,-1,-1,-1,5,1,E01032305,0
Unvalidated,2024221399524,2024,221399524,2,9,0,10,8,5,0,8,0,0,0,0,2,1,2,2,29,6,-1,-1,-1,-1,-1,-1,-1,0
Unvalidated,2024221399594,2024,221399594,1,9,0,9,1,7,0,5,0,0,0,0,1,1,2,1,64,9,-1,-1,-1,-1,10,1,E01032298,0
Unvalidated,2024221399594,2024,221399594,2,5,0,18,5,1,0,8,0,0,0,0,1,1,6,1,29,6,-1,-1,-1,-1,4,1,E01032301,0
Unvalidated,2024221399704,2024,221399704,1,9,0,18,2,6,0,0,0,0,0,0,1,1,6,2,57,9,-1,-1,-1,-1,4,2,E01014003,0
Unvalidated,2024221399704,2024,221399704,2,19,0,18,6,2,0,0,0,10,0,0,1,1,2,1,38,7,-1,-1,-1,-1,6,1,E01031048,0
Unvalidated,2024221399757,2024,221399757,1,9,0,18,6,2,0,0,0,0,0,0,1,1,5,1,40,7,-1,-1,-1,-1,5,1,E01032238,0
Unvalidated,2024221399827,2024,221399827,1,9,0,18,1,6,0,0,0,0,0,0,1,1,1,2,30,6,-1,-1,-1,-1,6,2,E01032480,0
Unvalidated,2024221399827,2024,221399827,2,9,0,18,6,1,0,0,0,0,0,0,1,1,6,1,35,6,-1,-1,-1,-1,2,1,E01032450,0
Unvalidated,2024221399864,2024,221399864,1,9,0,18,2,6,0,4,0,0,0,0,1,1,6,1,48,8,-1,-1,-1,-1,-1,-1,-1,0
Unvalidated,2024221399864,2024,221399864,2,9,0,3,2,6,0,1,0,0,0,0,2,1,6,2,39,7,-1,-1,-1,-1,8,1,E01014179,0
Unvalidated,2024221399998,2024,221399998,1,9,0,4,4,8,0,0,0,0,0,0,1,1,6,1,-1,-1,-1,-1,-1,-1,-1,-1,-1,0
Unvalidated,2024221399998,2024,221399998,2,9,0,3,4,8,0,0,0,0,0,0,2,1,6,1,20,4,-1,-1,-1,-1,5,1,E01014088,0
Unvalidated,2024221400003,2024,221400003,1,9,0,4,1,6,0,1,1,0,1,4,1,1,1,1,26,6,-1,-1,-1,-1,5,1,E01028909,0
Unvalidated,2024221400031,2024,221400031,1,9,0,9,7,4,0,5,0,7,0,0,1,1,6,1,75,10,-1,-1,-1,-1,8,1,E01032189,0
Unvalidated,2024221400032,2024,221400032,1,9,0,5,8,4,0,0,0,0,0,0,3,1,1,2,48,8,-1,-1,-1,-1,9,1,E01028985,0
Unvalidated,2024221400032,2024,221400032,2,5,0,14,8,4,0,0,0,0,0,0,1,1,6,1,56,9,-1,-1,-1,-1,6,1,E01014146,0
Unvalidated,2024221400033,2024,221400033,1,9,0,4,5,1,0,1,0,0,0,0,2,1,5,1,31,6,-1,-1,-1,-1,1,1,E01032232,0
Unvalidated,2024221400033,2024,221400033,2,9,0,18,5,1,0,1,0,0,0,0,1,1,6,1,27,6,-1,-1,-1,-1,-1,-1,-1,0
Unvalidated,2024221400036,2024,221400036,1,9,0,18,4,7,0,0,0,0,0,0,1,1,6,3,28,6,-1,-1,-1,-1,3,1,E01014104,0
Unvalidated,2024221400047,2024,221400047,1,9,0,18,1,5,0,0,2,0,2,3,1,1,6,2,23,5,-1,-1,-1,-1,5,2,E01028890,0
Unvalidated,2024221400111,2024,221400111,1,9,0,9,8,6,0,0,0,0,0,0,1,1,5,1,90,11,-1,-1,-1,-1,4,3,E01014025,0
Unvalidated,2024221400111,2024,221400111,2,9,0,18,4,8,0,0,0,0,0,0,1,1,2,2,49,8,-1,-1,-1,-1,5,1,E01029540,0
Unvalidated,2024221400135,2024,221400135,1,9,0,4,7,3,0,0,1,0,0,0,1,2,5,2,34,6,-1,-1,-1,-1,8,3,E01029517,0
Unvalidated,2024221400135,2024,221400135,2,9,0,4,3,7,0,0,1,0,0,0,1,1,5,2,33,6,-1,-1,-1,-1,7,1,E01032425,0
Unvalidated,2024221400316,2024,221400316,1,8,0,18,8,5,0,0,0,0,0,0,1,1,6,1,28,6,-1,-1,-1,-1,5,1,E01028902,0
Unvalidated,2024221400316,2024,221400316,2,9,0,4,8,5,0,0,0,0,0,0,2,1,2,1,27,6,-1,-1,-1,-1,7,2,E01028889,0
Unvalidated,2024221400395,2024,221400395,1,9,0,18,5,1,0,0,0,0,0,0,1,1,6,2,48,8,-1,-1,-1,-1,-1,-1,-1,0
Unvalidated,2024221400395,2024,221400395,2,1,0,18,7,3,0,0,0,0,0,0,3,1,6,1,18,4,-1,-1,-1,-1,2,1,E01032453,0
Unvalidated,2024221400399,2024,221400399,1,9,0,9,6,3,0,3,0,0,0,0,1,1,6,1,79,11,-1,-1,-1,-1,5,3,E01028858,0
Unvalidated,2024221400400,2024,221400400,1,9,0,4,3,7,0,8,0,0,0,0,2,1,5,2,28,6,-1,-1,-1,-1,8,1,E01032226,0
Unvalidated,2024221400400,2024,221400400,2,9,0,5,3,7,0,8,0,0,0,0,1,1,6,1,47,8,-1,-1,-1,-1,-1,-1,-1,0
Unvalidated,2024221400709,2024,221400709,1,3,0,18,3,7,0,0,1,0,0,0,3,1,5,1,57,9,-1,-1,-1,-1,8,1,E01013996,0
Unvalidated,2024221401303,2024,221401303,1,9,0,18,6,2,0,4,1,10,7,0,3,1,1,1,30,6,-1,-1,-1,-1,8,1,E01014157,0
Unvalidated,2024221401303,2024,221401303,2,9,0,18,3,8,0,8,1,0,0,0,1,1,6,1,49,8,-1,-1,-1,-1,7,1,E01020594,0
Unvalidated,2024221401723,2024,221401723,1,9,0,18,8,3,0,0,2,10,0,0,1,1,2,1,26,6,-1,-1,-1,-1,7,2,E01028889,0
Unvalidated,2024221401733,2024,221401733,1,9,0,18,3,7,0,8,0,0,0,0,1,1,2,1,43,7,-1,-1,-1,-1,10,1,E01032230,0
Unvalidated,2024221401733,2024,221401733,2,19,0,9,5,3,0,6,0,0,0,0,3,1,6,1,25,5,-1,-1,-1,-1,8,1,E01032273,0
Unvalidated,2024221401778,2024,221401778,1,19,0,18,8,4,0,0,0,0,0,0,1,1,2,1,37,7,-1,-1,-1,-1,4,1,E01014068,0
Unvalidated,2024221401926,2024,221401926,1,9,0,18,5,1,0,0,0,0,1,4,1,1,2,2,46,8,-1,-1,-1,-1,3,1,W01000405,0
Unvalidated,2024221401937,2024,221401937,1,9,0,18,7,3,0,0,2,0,1,4,1,1,6,1,31,6,-1,-1,-1,-1,2,1,E01009266,0
Unvalidated,2024221401937,2024,221401937,2,9,0,18,3,7,0,0,0,0,0,0,1,1,6,1,44,7,-1,-1,-1,-1,6,2,E01032405,0
Unvalidated,2024221402026,2024,221402026,1,9,0,9,4,2,0,5,0,0,0,0,1,1,3,2,33,6,-1,-1,-1,-1,3,1,E01013992,0
Unvalidated,2024221402069,2024,221402069,1,9,0,18,7,3,0,8,1,0,8,0,3,1,6,1,27,6,-1,-1,-1,-1,-1,-1,-1,0
Unvalidated,2024221402069,2024,221402069,2,9,0,18,5,1,0,6,0,0,0,0,1,1,6,1,68,10,-1,-1,-1,-1,7,3,E01014007,0
Unvalidated,2024221402134,2024,221402134,1,9,0,18,6,1,0,0,1,0,0,0,1,1,6,2,25,5,-1,-1,-1,-1,4,1,E01028838,0
Unvalidated,2024221402134,2024,221402134,2,9,0,18,1,6,0,0,1,0,0,0,1,1,6,1,55,8,-1,-1,-1,-1,4,1,E01028838,0
Unvalidated,2024221402151,2024,221402151,1,9,0,18,6,3,0,0,5,0,0,0,3,1,6,1,15,3,-1,-1,-1,-1,4,2,E01014003,0
Unvalidated,2024221402153,2024,221402153,1,11,0,18,1,5,0,0,0,0,0,0,1,1,1,1,43,7,-1,-1,-1,-1,2,1,E01014199,0
Unvalidated,2024221402214,2024,221402214,1,9,0,13,2,5,0,0,1,7,0,0,1,1,6,1,31,6,-1,-1,-1,-1,5,1,E01014046,0
Unvalidated,2024221402214,2024,221402214,2,9,0,18,5,2,0,0,0,0,7,0,1,1,2,1,60,9,-1,-1,-1,-1,5,2,E01032214,0
Unvalidated,2024221402340,2024,221402340,1,9,0,18,3,8,0,0,1,0,1,10,1,1,1,1,25,5,-1,-1,-1,-1,-1,-1,-1,0
Unvalidated,2024221402381,2024,221402381,1,19,0,18,5,1,0,0,0,0,0,0,1,1,1,1,55,8,-1,-1,-1,-1,7,2,E01027572,0
Unvalidated,2024221402381,2024,221402381,2,19,0,4,5,1,0,0,0,0,0,0,2,1,6,1,72,10,-1,-1,-1,-1,4,3,E01028914,0
Unvalidated,2024221402381,2024,221402381,3,9,0,4,5,1,0,0,0,0,0,0,2,1,6,1,39,7,-1,-1,-1,-1,5,3,E01014051,0
Unvalidated,2024221402467,2024,221402467,1,9,0,18,6,2,0,1,0,0,0,0,1,1,6,2,29,6,-1,-1,-1,-1,8,3,E01032410,0
Unvalidated,2024221402467,2024,221402467,2,9,0,4,6,2,0,1,0,0,0,0,2,1,6,1,34,6,-1,-1,-1,-1,1,1,E01009399,0
Unvalidated,2024221402519,2024,221402519,1,9,0,18,6,1,0,0,1,0,1,10,3,1,6,2,36,7,-1,-1,-1,-1,5,3,E01014027,0
Unvalidated,2024221402519,2024,221402519,2,17,0,18,1,6,0,0,1,0,0,0,3,1,1,1,19,4,-1,-1,-1,-1,4,3,E01014015,0
Unvalidated,2024221402559,2024,221402559,1,9,0,18,8,4,0,8,0,0,0,0,1,1,6,2,38,7,-1,-1,-1,-1,1,1,E01009756,0
Unvalidated,2024221402559,2024,221402559,2,9,0,10,4,2,0,8,0,0,0,0,1,1,6,1,61,9,-1,-1,-1,-1,8,1,E01009846,0
Unvalidated,2024221402618,2024,221402618,1,9,0,18,5,1,0,0,0,0,0,0,1,1,6,2,56,9,-1,-1,-1,-1,9,1,E01032219,0
Unvalidated,2024221402618,2024,221402618,2,9,0,4,5,1,0,0,0,0,0,0,2,1,6,1,46,8,-1,-1,-1,-1,8,2,E01014040,0
Unvalidated,2024221402635,2024,221402635,1,9,0,18,3,1,0,0,0,10,1,7,2,1,6,1,28,6,-1,-1,-1,-1,4,2,E01014003,0
Unvalidated,2024221402635,2024,221402635,2,9,0,18,3,1,0,0,0,0,0,0,1,1,6,1,27,6,-1,-1,-1,-1,1,1,E01032465,0
Unvalidated,2024221402861,2024,221402861,1,9,0,18,6,2,0,0,1,0,1,2,1,1,6,1,33,6,-1,-1,-1,-1,10,1,E01033061,0
Unvalidated,2024221402863,2024,221402863,1,9,0,18,7,3,0,8,0,0,0,0,1,1,6,1,36,7,-1,-1,-1,-1,5,1,E01031327,0
Unvalidated,2024221402863,2024,221402863,2,9,0,9,7,5,0,5,0,0,7,11,2,1,3,2,37,7,-1,-1,-1,-1,10,1,E01032151,0
Unvalidated,2024221402901,2024,221402901,1,9,0,7,4,6,0,6,0,10,1,11,1,1,5,2,78,11,-1,-1,-1,-1,6,1,E01032462,0
Unvalidated,2024221402901,2024,221402901,2,21,1,18,1,6,0,8,0,0,0,0,4,1,1,1,51,8,-1,-1,-1,-1,9,2,E01029659,0
Unvalidated,2024221402939,2024,221402939,1,9,0,7,6,2,0,4,0,0,0,0,3,1,3,1,45,7,-1,-1,-1,-1,-1,-1,-1,0
Unvalidated,2024221402939,2024,221402939,2,1,0,18,4,2,0,8,0,0,0,0,1,1,3,1,39,7,-1,-1,-1,-1,8,1,E01014130,0
Unvalidated,2024221403313,2024,221403313,1,9,0,18,5,1,0,1,0,0,7,10,1,1,6,2,60,9,-1,-1,-1,-1,4,2,E01014003,0
Unvalidated,2024221403525,2024,221403525,1,9,0,18,1,5,0,0,0,0,0,0,1,1,5,2,85,11,-1,-1,-1,-1,4,3,E01014098,0
Unvalidated,2024221403525,2024,221403525,2,9,0,3,1,5,0,0,0,0,0,0,2,1,6,2,27,6,-1,-1,-1,-1,4,1,E01014011,0
Unvalidated,2024221403528,2024,221403528,1,9,0,18,2,6,0,0,1,0,1,10,1,1,2,1,20,4,-1,-1,-1,-1,2,1,E01009340,0
Unvalidated,2024221403742,2024,221403742,1,19,0,18,7,3,0,8,0,0,0,0,1,1,1,1,50,8,-1,-1,-1,-1,-1,-1,-1,0
Unvalidated,2024221403742,2024,221403742,2,9,0,9,1,7,0,6,0,0,0,0,3,1,2,2,56,9,-1,-1,-1,-1,5,1,E01028909,0
Unvalidated,2024221403743,2024,221403743,1,9,0,7,8,2,9,6,0,0,0,0,1,1,6,2,77,11,-1,-1,-1,-1,5,1,E01032295,0
Unvalidated,2024221403743,2024,221403743,2,1,0,18,2,5,9,8,0,0,0,0,1,1,6,2,41,7,-1,-1,-1,-1,8,1,E01032320,0
Unvalidated,2024221403827,2024,221403827,1,8,0,9,8,6,0,5,0,0,0,0,1,1,1,1,27,6,-1,-1,-1,-1,8,1,E01032226,0
Unvalidated,2024221403916,2024,221403916,1,9,0,18,7,3,0,1,0,0,0,0,1,1,2,1,42,7,-1,-1,-1,-1,3,1,E01032449,0
Unvalidated,2024221403967,2024,221403967,1,9,0,18,3,7,0,6,0,0,0,0,1,1,6,1,49,8,-1,-1,-1,-1,4,3,E01028914,0
Unvalidated,2024221403967,2024,221403967,2,19,0,18,1,5,0,8,5,0,1,9,1,1,1,1,60,9,-1,-1,-1,-1,6,3,E01028923,0
Unvalidated,2024221404037,2024,221404037,1,9,0,18,8,4,0,0,0,0,7,4,1,1,6,2,80,11,-1,-1,-1,-1,8,1,E01032126,0
Unvalidated,2024221404037,2024,221404037,2,19,0,18,4,8,0,0,0,0,0,0,1,1,6,1,40,7,-1,-1,-1,-1,5,3,E01028996,0
Unvalidated,2024221404192,2024,221404192,1,9,0,11,4,8,0,2,0,0,0,0,0,1,6,1,38,7,-1,-1,-1,-1,-1,-1,-1,0
Unvalidated,2024221404192,2024,221404192,2,9,0,18,4,8,0,2,0,10,0,0,4,1,6,2,29,6,-1,-1,-1,-1,4,3,E01028871,0
Unvalidated,2024221404357,2024,221404357,1,9,0,18,2,4,0,0,5,0,0,0,1,1,5,2,18,4,-1,-1,-1,-1,3,2,E01033526,0
Unvalidated,2024221404406,2024,221404406,1,9,0,18,2,6,0,0,5,0,0,0,1,1,6,1,86,11,-1,-1,-1,-1,5,1,E01028946,0
Unvalidated,2024221404406,2024,221404406,2,9,0,18,6,2,0,0,0,0,0,0,3,1,3,2,46,8,-1,-1,-1,-1,5,3,E01028955,0
Unvalidated,2024221404406,2024,221404406,3,9,0,14,6,2,0,0,0,0,0,0,3,1,6,2,20,4,-1,-1,-1,-1,6,1,E01028943,0
Unvalidated,2024221404469,2024,221404469,1,9,0,18,8,4,0,8,0,0,0,0,1,1,5,2,39,7,-1,-1,-1,-1,5,1,E01028902,0
Unvalidated,2024221404503,2024,221404503,1,21,0,13,3,7,0,0,0,0,0,0,1,1,1,1,41,7,-1,-1,-1,-1,-1,-1,-1,0
Unvalidated,2024221404503,2024,221404503,2,1,0,18,3,7,0,0,0,0,0,0,2,1,2,1,40,7,-1,-1,-1,-1,8,1,E01032376,0
Unvalidated,2024221404649,2024,221404649,1,9,0,1,6,2,0,0,0,0,0,0,2,1,6,3,43,7,-1,-1,-1,-1,-1,-1,-1,0
Unvalidated,2024221405023,2024,221405023,1,9,0,16,4,8,0,0,0,0,7,4,1,1,5,1,27,6,-1,-1,-1,-1,5,1,E01014088,0
Unvalidated,2024221405118,2024,221405118,1,9,0,9,4,2,0,6,0,0,0,0,1,1,1,1,46,8,-1,-1,-1,-1,8,1,E01032319,0
Unvalidated,2024221405118,2024,221405118,2,1,0,15,2,6,0,8,0,0,0,0,1,1,6,1,52,8,-1,-1,-1,-1,10,1,E01032337,0
Unvalidated,2024221405160,2024,221405160,1,9,0,18,8,4,0,0,0,0,7,10,1,1,6,1,23,5,-1,-1,-1,-1,5,2,E01022231,0
Unvalidated,2024221405163,2024,221405163,1,1,0,18,4,8,0,0,0,0,0,0,3,1,5,1,70,10,-1,-1,-1,-1,5,3,E01032205,0
Unvalidated,2024221405163,2024,221405163,2,9,0,18,4,8,0,0,0,0,0,0,4,1,5,1,43,7,-1,-1,-1,-1,6,3,E01032217,0
Unvalidated,2024221405235,2024,221405235,1,9,0,18,5,1,0,0,0,4,0,0,1,1,5,2,86,11,-1,-1,-1,-1,5,2,E01028897,0
Unvalidated,2024221405235,2024,221405235,2,9,0,2,0,0,0,0,0,0,0,0,2,1,6,1,69,10,-1,-1,-1,-1,6,3,E01018481,0
Unvalidated,2024221405243,2024,221405243,1,9,0,18,1,5,0,0,0,0,0,0,1,1,2,1,37,7,-1,-1,-1,-1,8,1,E01032186,0
Unvalidated,2024221405243,2024,221405243,2,9,0,18,5,1,0,0,0,0,0,0,1,1,2,1,37,7,-1,-1,-1,-1,6,2,E01032216,0
Unvalidated,2024221405260,2024,221405260,1,9,0,18,1,5,0,0,0,0,0,0,1,1,6,1,65,9,-1,-1,-1,-1,-1,-1,-1,0
Unvalidated,2024221405278,2024,221405278,1,9,0,18,1,6,0,0,0,0,7,0,3,1,5,2,17,4,-1,-1,-1,-1,6,2,E01032387,0
Unvalidated,2024221405278,2024,221405278,2,19,0,18,6,1,0,0,5,0,1,0,2,1,6,1,58,9,-1,-1,-1,-1,8,3,E01032223,0
Unvalidated,2024221405454,2024,221405454,1,9,0,5,4,8,0,6,0,0,0,0,3,1,6,3,24,5,-1,-1,-1,-1,-1,-1,-1,0
Unvalidated,2024221405712,2024,221405712,1,4,0,13,3,7,0,8,0,0,7,9,1,1,5,1,21,5,-1,-1,-1,-1,4,1,E01032254,0
Unvalidated,2024221405712,2024,221405712,2,9,0,9,3,1,0,5,0,0,0,0,3,1,2,1,33,6,-1,-1,-1,-1,3,1,E01032267,0
Unvalidated,2024221406158,2024,221406158,1,9,0,18,2,6,0,0,0,0,0,0,1,1,6,1,26,6,-1,-1,-1,-1,3,1,E01009392,0
Unvalidated,2024221406158,2024,221406158,2,9,0,18,6,2,0,0,0,0,0,0,1,1,6,1,41,7,-1,-1,-1,-1,3,1,E01032449,0
Unvalidated,2024221406217,2024,221406217,1,9,0,9,1,6,0,6,0,0,0,0,1,1,6,2,38,7,-1,-1,-1,-1,3,1,E01032201,0
Unvalidated,2024221406217,2024,221406217,2,9,0,18,6,3,0,8,0,0,0,0,4,1,6,2,33,6,-1,-1,-1,-1,3,1,E01032201,0
Unvalidated,2024221406305,2024,221406305,1,9,0,9,8,6,0,5,0,0,0,0,1,1,6,1,58,9,-1,-1,-1,-1,-1,-1,-1,0
Unvalidated,2024221406389,2024,221406389,1,9,0,9,1,7,0,6,0,0,0,0,1,1,6,1,28,6,-1,-1,-1,-1,5,3,E01028959,0
Unvalidated,2024221406389,2024,221406389,2,9,0,18,7,3,0,8,0,0,7,11,4,1,2,2,59,9,-1,-1,-1,-1,5,3,E01028846,0
Unvalidated,2024221406406,2024,221406406,1,9,0,18,6,2,0,0,5,10,1,11,1,1,5,1,80,11,-1,-1,-1,-1,6,2,E01029006,0
Unvalidated,2024221406419,2024,221406419,1,9,0,18,6,2,0,0,1,0,1,7,1,1,2,1,50,8,-1,-1,-1,-1,6,1,E01010012,0
Unvalidated,2024221406435,2024,221406435,1,9,0,18,5,1,0,4,0,0,0,0,1,1,6,1,66,10,-1,-1,-1,-1,7,3,E01032180,0
Unvalidated,2024221406435,2024,221406435,2,9,0,3,5,1,0,1,0,0,0,0,2,1,6,2,32,6,-1,-1,-1,-1,8,1,E01032184,0
Unvalidated,2024221406503,2024,221406503,1,9,0,18,3,7,0,0,0,0,0,0,1,1,3,2,63,9,-1,-1,-1,-1,3,2,E01014005,0
Unvalidated,2024221406543,2024,221406543,1,9,0,18,2,5,0,0,0,0,0,0,1,1,6,1,25,5,-1,-1,-1,-1,3,1,E01008988,0
Unvalidated,2024221406543,2024,221406543,2,9,0,18,5,2,0,0,0,0,0,0,1,1,6,2,19,4,-1,-1,-1,-1,3,1,E01013992,0
Unvalidated,2024221406703,2024,221406703,1,9,0,18,4,1,0,0,1,0,8,4,1,1,2,2,21,5,-1,-1,-1,-1,4,1,E01028876,0
Unvalidated,2024221407012,2024,221407012,1,9,0,18,3,7,0,0,1,0,2,11,1,1,6,1,20,4,-1,-1,-1,-1,6,2,E01014080,0
Unvalidated,2024221407012,2024,221407012,2,9,0,18,3,7,0,0,0,0,0,0,0,1,1,1,45,7,-1,-1,-1,-1,8,3,E01032400,0
Unvalidated,2024221407056,2024,221407056,1,9,0,18,7,3,0,0,0,0,0,0,1,1,3,1,30,6,-1,-1,-1,-1,4,1,E01014158,0
Unvalidated,2024221407103,2024,221407103,1,9,0,18,4,8,0,6,0,0,0,0,1,1,6,2,21,5,-1,-1,-1,-1,6,1,E01028943,0
Unvalidated,2024221407103,2024,221407103,2,9,0,18,7,3,0,8,0,0,0,0,1,1,6,1,28,6,-1,-1,-1,-1,9,3,E01028860,0
Unvalidated,2024221407114,2024,221407114,1,9,0,18,6,2,0,0,0,4,2,0,1,1,6,2,26,6,-1,-1,-1,-1,10,2,E01032148,0
Unvalidated,2024221407114,2024,221407114,2,9,0,2,0,0,0,0,0,0,0,0,2,1,6,2,29,6,-1,-1,-1,-1,3,1,E01009838,0
Unvalidated,2024221407210,2024,221407210,1,9,0,9,3,1,0,5,0,10,1,0,1,1,1,1,39,7,-1,-1,-1,-1,3,1,E01014139,0
Unvalidated,2024221407210,2024,221407210,2,9,0,18,7,3,0,8,0,0,0,0,1,1,6,1,42,7,-1,-1,-1,-1,10,1,E01014181,0
Unvalidated,2024221407270,2024,221407270,1,9,0,18,1,5,0,0,1,0,0,0,1,1,1,1,62,9,-1,-1,-1,-1,4,3,E01032479,0
Unvalidated,2024221407270,2024,221407270,2,9,0,18,5,1,0,0,1,0,0,0,1,1,6,2,39,7,-1,-1,-1,-1,4,2,E01032479,0
Unvalidated,2024221407394,2024,221407394,1,9,0,18,8,4,0,0,0,0,0,0,1,1,6,1,39,7,-1,-1,-1,-1,5,1,E01032312,0
Unvalidated,2024221407442,2024,221407442,1,19,0,18,6,2,0,2,0,0,0,0,3,1,6,1,59,9,-1,-1,-1,-1,6,3,E01032390,0
Unvalidated,2024221407442,2024,221407442,2,1,0,18,2,6,0,1,0,0,0,0,3,1,3,2,28,6,-1,-1,-1,-1,5,3,E01032391,0
Unvalidated,2024221407505,2024,221407505,1,19,0,18,6,2,0,0,0,0,0,0,4,1,6,3,45,7,-1,-1,-1,-1,-1,-1,-1,0
Unvalidated,2024221407565,2024,221407565,1,9,0,18,2,6,0,0,0,0,0,0,1,1,1,1,60,9,-1,-1,-1,-1,5,1,E01014084,0
Unvalidated,2024221407685,2024,221407685,1,9,0,1,7,3,0,6,0,0,0,0,4,1,2,2,59,9,-1,-1,-1,-1,7,1,E01014043,0
Unvalidated,2024221407685,2024,221407685,2,9,0,18,5,1,0,8,0,0,0,0,1,1,6,2,41,7,-1,-1,-1,-1,4,3,E01014025,0
Unvalidated,2024221407739,2024,221407739,1,9,0,18,8,4,0,0,1,0,0,0,1,1,6,2,26,6,-1,-1,-1,-1,6,3,E01013998,0
Unvalidated,2024221407739,2024,221407739,2,9,0,18,4,8,0,0,0,0,7,10,1,1,6,1,52,8,-1,-1,-1,-1,4,3,E01029000,0
Unvalidated,2024221407767,2024,221407767,1,3,0,18,5,1,0,8,0,0,0,0,1,1,2,1,18,4,-1,-1,-1,-1,4,1,E01032370,0
Unvalidated,2024221407767,2024,221407767,2,9,0,9,3,1,0,6,0,0,0,0,4,1,6,3,47,8,-1,-1,-1,-1,-1,-1,-1,0
Unvalidated,2024221407782,2024,221407782,1,19,0,9,7,4,0,5,0,0,0,0,1,1,6,3,45,7,-1,-1,-1,-1,-1,-1,-1,0
Unvalidated,2024221407931,2024,221407931,1,3,0,18,4,8,0,0,1,12,0,0,3,1,1,2,35,6,-1,-1,-1,-1,6,3,E01022268,0