status,collision_index,collision_year,collision_reference,vehicle_reference,vehicle_type,towing_and_articulation,vehicle_manoeuvre,vehicle_direction_from,vehicle_direction_to,vehicle_location_restricted_lane,junction_location,skidding_and_overturning,hit_object_in_carriageway,vehicle_leaving_carriageway,hit_object_off_carriageway,first_point_of_impact,vehicle_left_hand_drive,journey_purpose_of_driver,sex_of_driver,age_of_driver,age_band_of_driver,engine_capacity_cc,propulsion_code,age_of_vehicle,generic_make_model,driver_imd_decile,driver_home_area_type,lsoa_of_driver,escooter_flag
Unvalidated,2024221407938,2024,221407938,1,9,0,7,5,7,0,5,0,10,7,10,1,1,6,1,28,6,-1,-1,-1,-1,-1,-1,-1,0
Unvalidated,2024221407944,2024,221407944,1,9,0,18,4,8,0,0,1,0,1,4,1,1,2,1,42,7,-1,-1,-1,-1,7,1,E01032130,0
Unvalidated,2024221408030,2024,221408030,1,9,0,1,1,5,9,1,0,0,0,0,3,1,6,2,39,7,-1,-1,-1,-1,9,2,E01028936,0
Unvalidated,2024221408110,2024,221408110,1,3,0,18,2,6,0,0,1,10,1,10,1,1,6,1,23,5,-1,-1,-1,-1,3,1,E01027185,0
Unvalidated,2024221408555,2024,221408555,1,9,0,18,6,1,0,0,0,0,0,0,1,1,5,1,80,11,-1,-1,-1,-1,7,1,E01014012,0
Unvalidated,2024221408555,2024,221408555,2,9,0,18,1,6,0,0,0,0,1,0,1,1,5,1,43,7,-1,-1,-1,-1,8,2,W01001563,0
Unvalidated,2024221408741,2024,221408741,1,9,0,18,5,1,0,0,0,0,1,0,1,1,6,1,44,7,-1,-1,-1,-1,7,1,E01014087,0
Unvalidated,2024221408741,2024,221408741,2,9,0,18,5,1,0,0,0,0,0,0,2,1,1,1,54,8,-1,-1,-1,-1,2,1,E01005661,0
Unvalidated,2024221408865,2024,221408865,1,9,0,9,5,2,0,6,0,0,0,0,3,1,5,1,25,5,-1,-1,-1,-1,6,1,E01022234,0
Unvalidated,2024221408865,2024,221408865,2,5,0,18,2,6,0,8,0,0,0,0,1,1,6,1,36,7,-1,-1,-1,-1,4,3,E01014098,0
Unvalidated,2024221408903,2024,221408903,1,9,0,18,4,8,0,0,0,0,0,0,1,1,5,2,44,7,-1,-1,-1,-1,5,1,E01014078,0
Unvalidated,2024221408963,2024,221408963,1,9,0,18,1,5,0,4,1,0,2,2,1,1,5,1,31,6,-1,-1,-1,-1,6,2,E01032166,0
Unvalidated,2024221408963,2024,221408963,2,19,0,9,5,3,0,8,0,0,0,0,1,1,5,1,25,5,-1,-1,-1,-1,5,2,E01032354,0
Unvalidated,2024221409003,2024,221409003,1,21,1,5,4,3,0,1,0,0,0,0,1,1,1,1,43,7,-1,-1,-1,-1,8,1,E01014771,0
Unvalidated,2024221409003,2024,221409003,2,1,0,18,1,5,0,6,0,0,0,0,1,1,2,2,12,3,-1,-1,-1,-1,2,1,E01032450,0
Unvalidated,2024221409255,2024,221409255,1,9,0,4,2,6,0,0,0,0,0,0,1,1,2,2,63,9,-1,-1,-1,-1,5,1,E01032454,0
Unvalidated,2024221409255,2024,221409255,2,9,0,3,2,6,0,0,0,0,0,0,2,1,5,1,54,8,-1,-1,-1,-1,8,1,E01032443,0
Unvalidated,2024221409255,2024,221409255,3,19,0,3,2,6,0,0,0,0,0,0,2,1,1,1,45,7,-1,-1,-1,-1,3,1,E01032422,0
Unvalidated,2024221409255,2024,221409255,4,9,0,3,2,6,0,0,0,0,0,0,2,1,6,1,50,8,-1,-1,-1,-1,8,1,E01032455,0
Unvalidated,2024221409283,2024,221409283,1,9,0,9,4,2,0,6,0,0,0,0,1,1,5,2,27,6,-1,-1,-1,-1,5,1,E01014076,0
Unvalidated,2024221409283,2024,221409283,2,9,0,18,2,6,0,8,0,4,0,0,1,1,5,1,30,6,-1,-1,-1,-1,3,1,E01014010,0
Unvalidated,2024221409283,2024,221409283,3,9,0,2,0,0,0,8,0,0,0,0,4,1,6,2,58,9,-1,-1,-1,-1,5,1,E01014076,0
Unvalidated,2024221409452,2024,221409452,1,9,0,18,5,1,0,8,0,0,0,0,1,1,6,1,23,5,-1,-1,-1,-1,5,3,E01032355,0
Unvalidated,2024221409452,2024,221409452,2,9,0,10,5,3,0,8,0,0,0,0,2,1,2,2,27,6,-1,-1,-1,-1,8,1,E01032338,0
Unvalidated,2024221409468,2024,221409468,1,9,0,18,1,5,0,0,0,0,0,0,4,1,6,1,88,11,-1,-1,-1,-1,6,1,E01032327,0
Unvalidated,2024221409917,2024,221409917,1,9,0,18,8,4,0,0,0,6,0,0,1,1,6,1,48,8,-1,-1,-1,-1,8,3,W01001583,0
Unvalidated,2024221409917,2024,221409917,2,19,0,18,4,8,0,0,0,6,0,0,1,1,6,1,55,8,-1,-1,-1,-1,4,1,E01014044,0
Unvalidated,2024221410025,2024,221410025,1,9,0,18,5,1,0,1,0,0,0,0,1,1,6,1,94,11,-1,-1,-1,-1,5,1,E01014063,0
Unvalidated,2024221410025,2024,221410025,2,9,0,4,5,1,0,1,0,0,0,0,2,1,2,1,29,6,-1,-1,-1,-1,2,1,E01014074,0
Unvalidated,2024221410025,2024,221410025,3,20,5,9,6,5,0,6,0,0,0,0,2,1,1,3,58,9,-1,-1,-1,-1,-1,-1,-1,0
Unvalidated,2024221410037,2024,221410037,1,9,0,13,7,3,0,8,0,0,0,0,3,1,6,2,66,10,-1,-1,-1,-1,5,1,E01010351,0
Unvalidated,2024221410037,2024,221410037,2,9,0,13,7,3,0,8,0,0,0,0,1,1,1,1,63,9,-1,-1,-1,-1,3,1,E01009795,0
Unvalidated,2024221410037,2024,221410037,3,9,0,10,3,1,0,8,0,0,0,0,1,1,1,1,20,4,-1,-1,-1,-1,8,1,E01032317,0
Unvalidated,2024221410107,2024,221410107,1,1,0,18,5,1,0,8,0,0,0,0,1,1,6,1,22,5,-1,-1,-1,-1,-1,-1,-1,0
Unvalidated,2024221410107,2024,221410107,2,9,0,5,6,4,0,4,0,0,0,0,3,1,6,2,40,7,-1,-1,-1,-1,8,1,E01032452,0
Unvalidated,2024221410109,2024,221410109,1,9,0,18,2,7,0,0,5,0,1,1,1,1,2,2,22,5,-1,-1,-1,-1,3,1,E01033246,0
Unvalidated,2024221410120,2024,221410120,1,9,0,18,6,2,0,0,1,4,0,0,1,1,5,2,48,8,-1,-1,-1,-1,5,1,E01032447,0
Unvalidated,2024221410120,2024,221410120,2,9,0,2,0,0,0,0,0,0,0,0,1,1,6,1,41,7,-1,-1,-1,-1,3,1,E01032449,0
Unvalidated,2024221410186,2024,221410186,1,9,0,4,2,6,0,0,0,4,0,0,1,1,6,1,67,10,-1,-1,-1,-1,-1,-1,-1,0
Unvalidated,2024221410186,2024,221410186,2,9,0,2,0,0,0,0,0,0,0,0,2,1,5,2,61,9,-1,-1,-1,-1,3,1,E01032422,0
Unvalidated,2024221410217,2024,221410217,1,9,0,18,7,3,0,0,1,10,0,0,1,1,2,2,21,5,-1,-1,-1,-1,9,1,E01032451,0
Unvalidated,2024221410294,2024,221410294,1,9,0,5,4,8,0,4,0,0,0,0,1,1,6,1,52,8,-1,-1,-1,-1,9,2,E01031879,0
Unvalidated,2024221410300,2024,221410300,1,19,0,1,7,3,0,0,0,11,0,0,2,1,1,1,26,6,-1,-1,-1,-1,4,1,E01009927,0
Unvalidated,2024221410566,2024,221410566,1,9,0,18,4,8,0,0,1,0,7,10,1,1,1,1,19,4,-1,-1,-1,-1,3,1,E01032378,0
Unvalidated,2024221410566,2024,221410566,2,9,0,18,8,4,0,0,0,0,0,0,1,1,6,2,30,6,-1,-1,-1,-1,3,1,E01032310,0
Unvalidated,2024221410931,2024,221410931,1,9,0,9,4,3,0,5,0,0,7,0,3,1,5,2,67,10,-1,-1,-1,-1,6,3,E01032417,0
Unvalidated,2024221410931,2024,221410931,2,90,0,13,4,8,0,8,0,0,7,9,1,1,1,1,29,6,-1,-1,-1,-1,5,1,E01031336,0
Unvalidated,2024221411140,2024,221411140,1,9,0,13,7,3,0,0,1,0,0,0,1,1,6,1,27,6,-1,-1,-1,-1,8,1,E01007298,0
Unvalidated,2024221411140,2024,221411140,2,9,0,18,7,3,0,0,1,0,1,0,1,1,2,1,47,8,-1,-1,-1,-1,2,1,E01010074,0
Unvalidated,2024221411225,2024,221411225,1,9,0,18,3,7,0,0,1,0,1,4,1,1,6,1,45,7,-1,-1,-1,-1,-1,-1,-1,0
Unvalidated,2024221411433,2024,221411433,1,9,0,18,1,5,0,0,0,0,0,0,4,1,6,3,74,10,-1,-1,-1,-1,-1,-1,-1,0
Unvalidated,2024221411467,2024,221411467,1,19,0,18,6,1,0,0,0,0,0,0,3,1,6,1,42,7,-1,-1,-1,-1,3,1,E01029538,0
Unvalidated,2024221411467,2024,221411467,2,5,0,4,1,6,0,0,1,0,0,0,4,1,6,1,27,6,-1,-1,-1,-1,6,3,E01029571,0
Unvalidated,2024221411496,2024,221411496,1,9,0,18,6,2,0,0,0,0,0,0,1,1,6,2,20,4,-1,-1,-1,-1,5,3,E01028960,0
Unvalidated,2024221411496,2024,221411496,2,9,0,3,6,2,0,0,0,0,0,0,2,1,6,1,18,4,-1,-1,-1,-1,5,3,E01028990,0
Unvalidated,2024221411530,2024,221411530,1,9,0,18,4,8,0,8,0,10,0,0,4,1,6,2,75,10,-1,-1,-1,-1,6,1,E01028943,0
Unvalidated,2024221411530,2024,221411530,2,9,0,7,6,8,0,6,0,0,0,0,1,1,1,2,77,11,-1,-1,-1,-1,6,1,E01028943,0
Unvalidated,2024221411561,2024,221411561,1,9,0,15,5,2,0,6,0,0,0,0,3,1,6,2,59,9,-1,-1,-1,-1,10,1,E01014091,0
Unvalidated,2024221411561,2024,221411561,2,1,0,9,5,3,0,6,0,0,0,0,4,1,2,2,29,6,-1,-1,-1,-1,7,1,E01014075,0
Unvalidated,2024221411579,2024,221411579,1,19,0,18,7,3,0,0,1,0,0,0,1,1,2,1,18,4,-1,-1,-1,-1,2,1,W01000406,0
Unvalidated,2024221411579,2024,221411579,2,21,1,3,7,3,0,0,0,0,0,0,2,1,1,1,55,8,-1,-1,-1,-1,6,3,E01029556,0
Unvalidated,2024221411579,2024,221411579,3,19,0,3,7,3,0,0,0,0,0,0,2,1,1,1,32,6,-1,-1,-1,-1,9,2,E01028936,0
Unvalidated,2024221411579,2024,221411579,4,9,0,3,7,3,0,0,0,0,0,0,2,1,6,2,33,6,-1,-1,-1,-1,3,1,E01033402,0
Unvalidated,2024221411840,2024,221411840,1,9,0,18,2,6,2,0,0,0,0,0,1,1,1,1,55,8,-1,-1,-1,-1,6,1,E01028924,0
Unvalidated,2024221411840,2024,221411840,2,1,0,18,7,3,2,0,0,0,0,0,4,1,6,1,18,4,-1,-1,-1,-1,2,1,E01014125,0
Unvalidated,2024221411926,2024,221411926,1,9,0,18,6,2,0,0,5,0,1,3,1,1,6,2,19,4,-1,-1,-1,-1,4,2,E01028992,0
Unvalidated,2024221412045,2024,221412045,1,9,0,18,3,7,0,8,0,0,0,0,1,1,6,2,42,7,-1,-1,-1,-1,4,3,E01028999,0
Unvalidated,2024221412045,2024,221412045,2,9,0,10,3,1,0,8,0,0,0,0,2,1,3,2,60,9,-1,-1,-1,-1,4,3,E01028993,0
Unvalidated,2024221412094,2024,221412094,1,9,0,18,8,3,0,0,0,0,2,10,1,1,5,1,17,4,-1,-1,-1,-1,4,3,E01014033,0
Unvalidated,2024221412110,2024,221412110,1,9,0,18,6,3,0,8,0,0,0,0,1,1,6,2,29,6,-1,-1,-1,-1,5,3,E01014023,0
Unvalidated,2024221412110,2024,221412110,2,9,0,7,6,2,0,5,0,0,0,0,2,1,6,2,37,7,-1,-1,-1,-1,10,1,E01014091,0
Unvalidated,2024221412247,2024,221412247,1,8,0,2,0,0,0,1,0,0,0,0,2,1,2,1,51,8,-1,-1,-1,-1,4,1,E01032301,0
Unvalidated,2024221412247,2024,221412247,2,1,0,18,2,6,0,1,0,4,0,0,1,1,2,1,49,8,-1,-1,-1,-1,8,1,E01032334,0
Unvalidated,2024221412317,2024,221412317,1,9,0,5,1,5,0,4,0,0,0,0,1,1,6,1,66,10,-1,-1,-1,-1,1,1,E01032252,0
Unvalidated,2024221412334,2024,221412334,1,9,0,18,2,6,0,3,0,0,0,0,1,1,6,1,69,10,-1,-1,-1,-1,2,1,E01028967,0
Unvalidated,2024221412334,2024,221412334,2,9,0,3,2,6,0,3,0,0,0,0,2,1,6,1,27,6,-1,-1,-1,-1,7,1,E01028941,0
Unvalidated,2024221412348,2024,221412348,1,5,0,18,3,7,0,0,1,0,0,0,4,1,6,1,64,9,-1,-1,-1,-1,10,1,E01032337,0
Unvalidated,2024221412393,2024,221412393,1,9,0,10,1,7,0,8,0,0,0,0,2,1,2,2,37,7,-1,-1,-1,-1,6,1,E01010133,0
Unvalidated,2024221412393,2024,221412393,2,9,0,18,1,5,0,8,0,0,0,0,1,1,2,1,23,5,-1,-1,-1,-1,9,1,E01010208,0
Unvalidated,2024221412438,2024,221412438,1,9,0,4,1,5,0,1,0,0,0,0,2,1,6,2,34,6,-1,-1,-1,-1,2,1,E01014196,0
Unvalidated,2024221412438,2024,221412438,2,9,0,18,1,5,0,4,0,0,0,0,1,1,6,2,21,5,-1,-1,-1,-1,9,3,E01029905,0
Unvalidated,2024221412472,2024,221412472,1,9,0,18,2,6,0,0,0,0,0,0,4,1,6,1,84,11,-1,-1,-1,-1,4,1,E01028879,0
Unvalidated,2024221412589,2024,221412589,1,9,0,18,4,8,0,0,0,0,0,0,1,1,5,1,51,8,-1,-1,-1,-1,9,3,E01014022,0
Unvalidated,2024221412589,2024,221412589,2,9,0,18,8,4,0,0,1,0,7,0,1,1,1,2,23,5,-1,-1,-1,-1,4,3,E01013991,0
Unvalidated,2024221412613,2024,221412613,1,9,0,18,8,4,0,0,5,4,0,0,1,1,6,1,66,10,-1,-1,-1,-1,8,1,E01032463,0
Unvalidated,2024221412613,2024,221412613,2,9,0,2,0,0,0,0,0,0,0,0,1,1,6,1,32,6,-1,-1,-1,-1,1,1,E01010052,0
Unvalidated,2024221412697,2024,221412697,1,9,0,18,1,4,0,1,0,0,0,0,1,1,6,1,40,7,-1,-1,-1,-1,-1,-1,-1,0
Unvalidated,2024221412722,2024,221412722,1,9,0,9,6,4,0,6,0,0,0,0,3,1,6,2,34,6,-1,-1,-1,-1,1,1,E01032245,0
Unvalidated,2024221412722,2024,221412722,2,9,0,18,4,8,0,8,0,0,0,0,1,1,6,1,80,11,-1,-1,-1,-1,4,1,E01009813,0
Unvalidated,2024221412722,2024,221412722,3,9,0,18,8,4,0,8,0,0,0,0,3,1,6,1,50,8,-1,-1,-1,-1,1,1,E01009114,0
Unvalidated,2024221412772,2024,221412772,1,1,0,18,4,8,0,8,0,0,0,0,1,1,2,1,65,9,-1,-1,-1,-1,2,1,E01032474,0
Unvalidated,2024221412772,2024,221412772,2,9,0,18,6,2,0,4,0,0,0,0,1,1,6,1,65,9,-1,-1,-1,-1,10,1,E01032419,0
Unvalidated,2024221412836,2024,221412836,1,9,0,18,5,8,0,1,0,0,0,0,3,1,6,2,64,9,-1,-1,-1,-1,-1,-1,-1,0
Unvalidated,2024221412836,2024,221412836,2,9,0,18,8,5,0,2,0,0,0,0,3,1,6,2,55,8,-1,-1,-1,-1,2,1,E01014144,0
Unvalidated,2024221412870,2024,221412870,1,9,0,9,3,1,0,4,0,0,0,0,1,1,2,1,41,7,-1,-1,-1,-1,2,1,E01032450,0
Unvalidated,2024221412870,2024,221412870,2,1,0,18,1,5,0,8,0,0,0,0,2,1,2,1,35,6,-1,-1,-1,-1,1,1,E01032434,0
Unvalidated,2024221412953,2024,221412953,1,9,0,18,6,2,0,7,0,0,3,7,1,1,6,1,38,7,-1,-1,-1,-1,7,1,E01028987,0
Unvalidated,2024221413018,2024,221413018,1,9,0,18,7,3,0,8,0,0,0,0,1,1,6,1,33,6,-1,-1,-1,-1,5,1,E01032295,0
Unvalidated,2024221413018,2024,221413018,2,8,0,9,1,7,0,6,0,0,0,0,3,1,1,2,26,6,-1,-1,-1,-1,2,1,E01032303,0
Unvalidated,2024221413483,2024,221413483,1,9,0,10,5,2,0,1,0,0,0,0,2,1,6,1,74,10,-1,-1,-1,-1,8,1,E01032316,0
Unvalidated,2024221413483,2024,221413483,2,9,0,4,5,2,0,1,0,0,0,0,2,1,6,1,70,10,-1,-1,-1,-1,6,1,E01032283,0
Unvalidated,2024221413483,2024,221413483,3,21,1,9,5,2,0,4,0,0,0,0,1,1,1,1,63,9,-1,-1,-1,-1,2,1,E01010448,0
Unvalidated,2024221413595,2024,221413595,1,9,0,5,2,8,9,6,0,0,0,0,1,1,6,2,25,5,-1,-1,-1,-1,5,1,E01028931,0
Unvalidated,2024221413898,2024,221413898,1,9,0,4,5,8,0,8,0,0,0,0,2,1,5,1,44,7,-1,-1,-1,-1,-1,-1,-1,0
Unvalidated,2024221413898,2024,221413898,2,19,0,18,5,8,0,8,0,0,0,0,1,1,5,1,28,6,-1,-1,-1,-1,-1,-1,-1,0
Unvalidated,2024221414155,2024,221414155,1,9,0,18,5,1,0,0,0,0,0,0,1,1,6,1,51,8,-1,-1,-1,-1,9,1,E01032142,0
Unvalidated,2024221414155,2024,221414155,2,9,4,3,5,1,0,0,0,0,0,0,2,1,6,1,42,7,-1,-1,-1,-1,5,1,E01010213,0
Unvalidated,2024221414245,2024,221414245,1,9,0,18,1,4,0,6,1,0,0,0,3,1,6,1,63,9,-1,-1,-1,-1,3,1,E01002599,0
Unvalidated,2024221414245,2024,221414245,2,9,0,18,7,3,0,8,0,0,7,10,1,1,6,1,77,11,-1,-1,-1,-1,10,2,E01010181,0
Unvalidated,2024221414281,2024,221414281,1,9,0,13,3,7,0,8,0,0,0,0,4,1,6,1,61,9,-1,-1,-1,-1,5,3,E01014054,0
Unvalidated,2024221414281,2024,221414281,2,9,0,9,3,1,0,5,0,0,0,0,3,1,6,2,56,9,-1,-1,-1,-1,8,1,E01032184,0
Unvalidated,2024221414463,2024,221414463,1,19,0,18,3,7,0,0,0,0,0,0,1,1,2,1,48,8,-1,-1,-1,-1,6,1,E01014093,0
Unvalidated,2024221414463,2024,221414463,2,9,0,4,7,3,0,0,0,0,0,0,1,1,2,1,68,10,-1,-1,-1,-1,5,3,E01014060,0
Unvalidated,2024221414547,2024,221414547,1,9,0,7,5,7,0,4,0,0,0,0,2,1,6,1,76,11,-1,-1,-1,-1,-1,-1,-1,0
Unvalidated,2024221414547,2024,221414547,2,1,0,18,3,7,0,8,0,0,0,0,1,1,6,1,43,7,-1,-1,-1,-1,7,1,E01028939,0
Unvalidated,2024221414572,2024,221414572,1,9,0,9,8,5,0,5,0,0,0,0,4,1,6,1,31,6,-1,-1,-1,-1,2,1,E01032307,0
Unvalidated,2024221414586,2024,221414586,1,9,0,18,2,6,0,0,0,0,0,0,1,1,6,1,49,8,-1,-1,-1,-1,5,2,E01014013,0
Unvalidated,2024221414612,2024,221414612,1,9,0,18,8,4,0,0,5,0,2,0,1,1,6,1,21,5,-1,-1,-1,-1,4,1,E01014191,0
Unvalidated,2024221414739,2024,221414739,1,3,0,13,2,6,0,0,0,0,7,10,1,1,2,1,18,4,-1,-1,-1,-1,-1,-1,-1,0
Unvalidated,2024221414739,2024,221414739,2,19,0,18,6,2,0,0,0,0,0,0,1,1,1,1,50,8,-1,-1,-1,-1,5,2,E01014013,0
Unvalidated,2024221414739,2024,221414739,3,9,0,18,6,2,0,0,0,0,0,0,1,1,1,1,24,5,-1,-1,-1,-1,-1,-1,-1,0
Unvalidated,2024221414739,2024,221414739,4,21,0,18,2,6,0,0,0,0,0,0,0,1,1,1,52,8,-1,-1,-1,-1,8,3,E01019312,0
Unvalidated,2024221414993,2024,221414993,1,9,0,18,1,4,0,4,0,0,0,0,1,1,6,1,20,4,-1,-1,-1,-1,-1,-1,-1,0
Unvalidated,2024221414993,2024,221414993,2,21,1,18,7,2,0,8,0,0,0,0,4,1,1,1,56,9,-1,-1,-1,-1,10,1,E01027088,0
Unvalidated,2024221414993,2024,221414993,3,9,0,18,1,5,0,4,0,0,0,0,0,1,1,1,35,6,-1,-1,-1,-1,4,1,E01032157,0
Unvalidated,2024221414993,2024,221414993,4,9,0,2,0,0,0,8,0,0,0,0,0,1,1,1,28,6,-1,-1,-1,-1,4,1,E01032157,0
Unvalidated,2024221415091,2024,221415091,1,9,0,7,8,1,0,5,0,0,0,0,1,1,6,2,37,7,-1,-1,-1,-1,4,1,E01028836,0
Unvalidated,2024221415147,2024,221415147,1,9,0,4,3,7,0,6,0,0,3,10,1,1,6,1,77,11,-1,-1,-1,-1,6,3,E01022445,0
Unvalidated,2024221415278,2024,221415278,1,9,0,4,3,7,0,8,1,10,1,0,1,1,6,1,29,6,-1,-1,-1,-1,4,2,E01014003,0
Unvalidated,2024221415278,2024,221415278,2,9,0,9,4,3,0,6,0,0,0,0,3,1,6,2,41,7,-1,-1,-1,-1,4,1,E01032301,0
Unvalidated,2024221415327,2024,221415327,1,9,0,18,3,7,0,0,5,0,7,3,1,1,6,1,73,10,-1,-1,-1,-1,4,3,E01014098,0
Unvalidated,2024221415509,2024,221415509,1,9,0,18,1,5,0,0,0,4,0,0,1,1,6,1,73,10,-1,-1,-1,-1,6,1,E01032288,0
Unvalidated,2024221415509,2024,221415509,2,9,0,2,0,0,0,0,0,0,0,0,1,1,6,1,71,10,-1,-1,-1,-1,8,1,E01032290,0
Unvalidated,2024221415509,2024,221415509,3,9,0,2,0,0,0,0,0,0,0,0,2,1,6,2,66,10,-1,-1,-1,-1,6,1,E01032288,0
Unvalidated,2024221415509,2024,221415509,4,9,0,2,0,0,0,0,0,0,0,0,2,1,6,1,32,6,-1,-1,-1,-1,1,1,E01032313,0
Unvalidated,2024221415515,2024,221415515,1,9,0,9,6,4,0,5,1,0,0,0,1,1,6,2,28,6,-1,-1,-1,-1,4,3,E01014136,0
Unvalidated,2024221415515,2024,221415515,2,9,0,18,2,6,0,8,0,0,0,0,1,1,6,1,68,10,-1,-1,-1,-1,5,3,E01028959,0
Unvalidated,2024221415639,2024,221415639,1,21,1,18,2,6,0,0,0,4,1,10,1,1,1,1,37,7,-1,-1,-1,-1,8,1,E01010540,0
Unvalidated,2024221415639,2024,221415639,2,9,0,2,0,0,6,0,0,0,1,10,2,1,6,1,34,6,-1,-1,-1,-1,1,1,E01033636,0
Unvalidated,2024221415667,2024,221415667,1,9,0,18,5,1,0,1,0,0,0,0,4,1,6,1,22,5,-1,-1,-1,-1,-1,-1,-1,0
Unvalidated,2024221415681,2024,221415681,1,19,0,12,3,7,0,0,0,0,0,0,3,1,6,1,29,6,-1,-1,-1,-1,5,1,E01032305,0
Unvalidated,2024221415681,2024,221415681,2,5,0,18,3,7,0,0,0,0,0,0,2,1,6,1,27,6,-1,-1,-1,-1,8,1,E01032316,0
Unvalidated,2024221415751,2024,221415751,1,90,0,18,3,7,0,0,0,4,0,0,1,1,1,1,47,8,-1,-1,-1,-1,1,1,E01014217,0
Unvalidated,2024221415751,2024,221415751,2,21,1,2,0,0,0,0,0,12,0,0,2,1,1,1,32,6,-1,-1,-1,-1,2,1,E01013716,0
Unvalidated,2024221415800,2024,221415800,1,9,0,9,1,7,0,6,0,0,0,0,1,1,2,2,47,8,-1,-1,-1,-1,10,1,E01032154,0
Unvalidated,2024221415800,2024,221415800,2,9,0,18,7,3,0,8,0,0,0,0,4,1,2,2,55,8,-1,-1,-1,-1,10,1,E01032151,0
Unvalidated,2024221415807,2024,221415807,1,20,0,18,2,6,0,0,0,0,0,0,1,1,1,1,61,9,-1,-1,-1,-1,7,2,E01028884,0
Unvalidated,2024221415827,2024,221415827,1,9,0,7,4,6,0,5,5,10,8,2,1,1,6,1,18,4,-1,-1,-1,-1,2,1,E01032265,0
Unvalidated,2024221415867,2024,221415867,1,19,0,18,1,5,0,6,0,0,0,0,3,1,1,1,70,10,-1,-1,-1,-1,5,3,E01014053,0
Unvalidated,2024221415867,2024,221415867,2,19,0,18,8,4,0,8,0,0,0,0,1,1,6,1,43,7,-1,-1,-1,-1,10,1,E01030632,0
Unvalidated,2024221415915,2024,221415915,1,9,0,9,5,2,0,6,0,0,0,0,1,1,6,2,65,9,-1,-1,-1,-1,7,3,E01014028,0
Unvalidated,2024221415915,2024,221415915,2,9,0,18,2,7,0,8,0,0,0,0,1,1,6,2,28,6,-1,-1,-1,-1,8,1,E01032319,0
Unvalidated,2024221415915,2024,221415915,3,9,0,4,7,2,0,1,0,0,0,0,0,1,6,2,57,9,-1,-1,-1,-1,7,3,E01014028,0
Unvalidated,2024221416035,2024,221416035,1,9,0,18,8,4,0,0,2,0,1,0,1,1,5,2,41,7,-1,-1,-1,-1,3,1,E01000900,0
Unvalidated,2024221416295,2024,221416295,1,9,4,18,6,2,0,0,5,0,0,0,4,1,1,1,26,6,-1,-1,-1,-1,7,3,E01032392,0
Unvalidated,2024221416295,2024,221416295,2,19,0,18,6,2,0,0,1,0,0,0,3,1,1,1,54,8,-1,-1,-1,-1,4,1,W01001365,0
Unvalidated,2024221416486,2024,221416486,1,9,0,4,1,5,0,1,0,0,0,0,1,1,6,2,47,8,-1,-1,-1,-1,1,1,E01010421,0
Unvalidated,2024221416486,2024,221416486,2,9,0,3,1,5,0,1,0,0,0,0,2,1,6,2,33,6,-1,-1,-1,-1,7,1,E01017041,0
Unvalidated,2024221416670,2024,221416670,1,19,0,18,7,3,0,0,0,0,0,0,1,1,6,3,38,7,-1,-1,-1,-1,-1,-1,-1,0
Unvalidated,2024221417061,2024,221417061,1,9,0,18,6,2,0,0,0,0,0,0,3,1,6,3,48,8,-1,-1,-1,-1,-1,-1,-1,0
Unvalidated,2024221417061,2024,221417061,2,9,0,18,2,6,0,0,0,0,1,0,3,1,2,2,65,9,-1,-1,-1,-1,8,1,E01009904,0
Unvalidated,2024221417078,2024,221417078,1,9,0,18,8,4,0,4,0,0,0,0,1,1,6,1,32,6,-1,-1,-1,-1,-1,-1,-1,0
Unvalidated,2024221417078,2024,221417078,2,9,0,3,8,4,0,1,0,0,0,0,2,1,6,1,39,7,-1,-1,-1,-1,7,1,E01028939,0
Unvalidated,2024221417120,2024,221417120,1,9,0,4,2,6,0,0,1,0,1,9,2,1,6,2,26,6,-1,-1,-1,-1,4,2,E01014033,0
Unvalidated,2024221417120,2024,221417120,2,9,0,18,2,6,0,0,0,0,0,0,1,1,6,2,84,11,-1,-1,-1,-1,4,3,E01014017,0
Unvalidated,2024221417139,2024,221417139,1,3,0,18,8,2,0,0,0,0,1,9,1,1,6,1,18,4,-1,-1,-1,-1,5,3,E01032354,0
Unvalidated,2024221417187,2024,221417187,1,19,0,18,8,4,0,0,1,0,0,0,1,1,6,2,19,4,-1,-1,-1,-1,6,1,E01028943,0
Unvalidated,2024221417187,2024,221417187,2,9,0,3,8,4,0,0,0,0,0,0,2,1,3,2,46,8,-1,-1,-1,-1,5,3,E01028980,0
Unvalidated,2024221417203,2024,221417203,1,1,0,18,2,6,4,8,0,0,0,0,4,1,6,1,71,10,-1,-1,-1,-1,8,3,E01032226,0
Unvalidated,2024221417203,2024,221417203,2,9,0,7,4,2,4,6,0,0,0,0,1,1,6,2,44,7,-1,-1,-1,-1,-1,-1,-1,0
Unvalidated,2024221417270,2024,221417270,1,9,0,4,7,3,0,2,0,4,0,0,1,1,6,3,46,8,-1,-1,-1,-1,-1,-1,-1,0
Unvalidated,2024221417270,2024,221417270,2,9,0,2,0,0,0,2,0,0,0,0,2,1,5,1,43,7,-1,-1,-1,-1,1,1,E01009160,0