status,collision_index,collision_year,collision_reference,vehicle_reference,vehicle_type,towing_and_articulation,vehicle_manoeuvre,vehicle_direction_from,vehicle_direction_to,vehicle_location_restricted_lane,junction_location,skidding_and_overturning,hit_object_in_carriageway,vehicle_leaving_carriageway,hit_object_off_carriageway,first_point_of_impact,vehicle_left_hand_drive,journey_purpose_of_driver,sex_of_driver,age_of_driver,age_band_of_driver,engine_capacity_cc,propulsion_code,age_of_vehicle,generic_make_model,driver_imd_decile,driver_home_area_type,lsoa_of_driver,escooter_flag
Unvalidated,2024221417425,2024,221417425,1,9,0,9,4,1,0,5,0,0,1,1,1,2,5,2,64,9,-1,-1,-1,-1,6,3,E01032383,0
Unvalidated,2024221417425,2024,221417425,2,9,0,18,4,8,0,8,0,0,0,0,1,2,2,1,40,7,-1,-1,-1,-1,-1,-1,-1,0
Unvalidated,2024221417425,2024,221417425,3,9,0,2,0,0,9,1,0,0,0,0,2,2,6,1,58,9,-1,-1,-1,-1,6,3,E01032383,0
Unvalidated,2024221417560,2024,221417560,1,9,0,13,2,6,0,8,0,0,0,0,1,1,6,1,45,7,-1,-1,-1,-1,-1,-1,-1,0
Unvalidated,2024221417560,2024,221417560,2,1,0,9,2,8,0,5,0,0,0,0,3,1,6,2,43,7,-1,-1,-1,-1,9,1,E01028916,0
Unvalidated,2024221417576,2024,221417576,1,9,0,18,1,4,0,0,1,0,2,4,1,1,2,1,36,7,-1,-1,-1,-1,5,1,E01009108,0
Unvalidated,2024221417576,2024,221417576,2,9,0,4,1,4,0,0,1,0,1,0,1,1,2,2,27,6,-1,-1,-1,-1,4,1,E01009866,0
Unvalidated,2024221417576,2024,221417576,3,9,0,4,1,4,0,0,1,0,0,0,2,1,2,2,24,5,-1,-1,-1,-1,1,1,E01009114,0
Unvalidated,2024221417576,2024,221417576,4,9,0,4,1,4,0,0,1,0,1,0,1,1,2,1,23,5,-1,-1,-1,-1,4,1,E01009864,0
Unvalidated,2024221417576,2024,221417576,5,9,0,14,1,4,0,0,1,0,7,11,1,1,2,1,22,5,-1,-1,-1,-1,1,1,E01009172,0
Unvalidated,2024221417996,2024,221417996,1,9,0,9,6,4,0,6,0,0,0,0,1,1,5,2,43,7,-1,-1,-1,-1,9,3,E01030861,0
Unvalidated,2024221417996,2024,221417996,2,9,0,18,4,7,0,8,0,0,0,0,1,1,6,1,32,6,-1,-1,-1,-1,5,3,E01021362,0
Unvalidated,2024221418024,2024,221418024,1,9,0,18,5,1,0,0,2,0,2,3,1,1,5,2,60,9,-1,-1,-1,-1,4,3,E01014009,0
Unvalidated,2024221418113,2024,221418113,1,9,0,13,7,3,0,0,0,0,0,0,4,1,6,3,46,8,-1,-1,-1,-1,-1,-1,-1,0
Unvalidated,2024221418113,2024,221418113,2,1,0,18,7,3,0,0,0,0,0,0,3,1,5,1,52,8,-1,-1,-1,-1,7,1,E01014070,0
Unvalidated,2024221418275,2024,221418275,1,9,0,14,6,2,0,8,0,0,0,0,4,1,6,2,40,7,-1,-1,-1,-1,6,3,E01032403,0
Unvalidated,2024221418327,2024,221418327,1,9,0,18,8,4,0,2,0,0,0,0,1,1,2,1,47,8,-1,-1,-1,-1,5,3,E01028870,0
Unvalidated,2024221418763,2024,221418763,1,9,0,13,7,3,0,8,0,0,7,11,1,1,6,1,55,8,-1,-1,-1,-1,5,3,E01032198,0
Unvalidated,2024221418763,2024,221418763,2,19,0,5,7,3,0,1,0,0,0,0,0,1,6,1,61,9,-1,-1,-1,-1,6,3,E01022445,0
Unvalidated,2024221418827,2024,221418827,1,9,0,18,2,6,0,0,1,0,7,4,3,1,6,1,16,4,-1,-1,-1,-1,5,1,E01032360,0
Unvalidated,2024221419182,2024,221419182,1,9,0,18,7,3,0,1,2,10,7,11,1,1,2,1,25,5,-1,-1,-1,-1,6,1,E01028924,0
Unvalidated,2024221419258,2024,221419258,1,21,0,18,6,4,0,0,5,0,7,4,1,1,1,1,26,6,-1,-1,-1,-1,1,1,E01009993,0
Unvalidated,2024221419285,2024,221419285,1,9,0,18,8,4,0,0,1,10,7,11,1,1,6,1,18,4,-1,-1,-1,-1,7,3,E01028915,0
Unvalidated,2024221419302,2024,221419302,1,9,0,11,5,1,0,8,0,0,0,0,2,1,6,2,53,8,-1,-1,-1,-1,4,1,E01014072,0
Unvalidated,2024221419302,2024,221419302,2,9,0,3,5,1,0,8,0,0,0,0,1,1,6,2,32,6,-1,-1,-1,-1,4,3,E01014015,0
Unvalidated,2024221419302,2024,221419302,3,9,0,4,5,1,0,8,0,0,0,0,1,1,6,1,40,7,-1,-1,-1,-1,5,3,E01014060,0
Unvalidated,2024221419334,2024,221419334,1,9,0,13,1,6,0,0,0,0,0,0,1,1,2,1,22,5,-1,-1,-1,-1,7,2,W01000067,0
Unvalidated,2024221419334,2024,221419334,2,9,0,18,6,1,0,0,0,0,0,0,1,1,6,2,19,4,-1,-1,-1,-1,9,3,W01000481,0
Unvalidated,2024221419347,2024,221419347,1,9,0,1,3,7,0,2,0,0,0,0,3,1,1,2,39,7,-1,-1,-1,-1,3,1,E01013992,0
Unvalidated,2024221419347,2024,221419347,2,9,0,18,3,7,0,1,0,0,0,0,3,1,6,1,27,6,-1,-1,-1,-1,-1,-1,-1,0
Unvalidated,2024221419472,2024,221419472,1,9,0,9,1,7,0,5,0,4,7,0,1,1,5,1,63,9,-1,-1,-1,-1,6,3,E01029667,0
Unvalidated,2024221419472,2024,221419472,2,9,0,18,5,1,0,8,0,0,0,0,1,1,1,1,67,10,-1,-1,-1,-1,9,3,E01029661,0
Unvalidated,2024221419472,2024,221419472,3,9,0,2,0,0,0,2,0,0,0,0,1,1,5,1,51,8,-1,-1,-1,-1,8,2,E01028829,0
Unvalidated,2024221419472,2024,221419472,4,9,0,2,0,0,0,2,0,0,0,0,3,1,5,1,59,9,-1,-1,-1,-1,6,2,E01032480,0
Unvalidated,2024221419499,2024,221419499,1,9,0,18,4,7,0,4,0,0,0,0,1,1,6,2,82,11,-1,-1,-1,-1,4,1,E01014121,0
Unvalidated,2024221419499,2024,221419499,2,9,0,4,4,7,0,1,0,0,0,0,2,1,5,2,27,6,-1,-1,-1,-1,1,1,E01014165,0
Unvalidated,2024221419633,2024,221419633,1,2,0,18,6,4,0,0,0,0,1,11,1,1,1,1,16,4,-1,-1,-1,-1,4,3,E01028993,0
Unvalidated,2024221420080,2024,221420080,1,19,0,18,7,3,0,0,0,0,0,0,1,1,6,1,42,7,-1,-1,-1,-1,-1,-1,-1,0
Unvalidated,2024221420080,2024,221420080,2,9,0,4,7,3,0,0,0,0,0,0,2,1,5,1,42,7,-1,-1,-1,-1,9,1,E01028932,0
Unvalidated,2024221420133,2024,221420133,1,9,0,18,8,4,0,0,0,0,0,0,1,1,6,1,59,9,-1,-1,-1,-1,8,2,E01028887,0
Unvalidated,2024221420133,2024,221420133,2,9,0,4,8,4,0,0,0,0,0,0,2,1,2,1,60,9,-1,-1,-1,-1,8,2,E01028887,0
Unvalidated,2024221420144,2024,221420144,1,9,0,18,6,2,0,8,0,0,0,0,4,1,6,1,22,5,-1,-1,-1,-1,1,1,E01009137,0
Unvalidated,2024221420144,2024,221420144,2,9,0,7,8,2,0,4,0,0,0,0,1,1,6,3,56,9,-1,-1,-1,-1,-1,-1,-1,0
Unvalidated,2024221420151,2024,221420151,1,9,0,18,4,8,0,0,0,0,0,0,1,1,2,1,24,5,-1,-1,-1,-1,7,1,E01028941,0
Unvalidated,2024221420151,2024,221420151,2,9,0,18,8,4,0,0,1,0,0,0,1,1,2,1,17,4,-1,-1,-1,-1,9,1,E01032362,0
Unvalidated,2024221420166,2024,221420166,1,9,0,4,5,1,0,8,0,0,0,0,2,1,1,1,59,9,-1,-1,-1,-1,8,1,E01032226,0
Unvalidated,2024221420166,2024,221420166,2,9,0,18,5,1,0,8,0,0,0,0,1,1,6,1,42,7,-1,-1,-1,-1,9,3,E01032125,0
Unvalidated,2024221420166,2024,221420166,3,9,0,18,5,1,0,8,0,0,0,0,1,1,6,2,22,5,-1,-1,-1,-1,10,1,E01031289,0
Unvalidated,2024221420187,2024,221420187,1,10,0,18,1,5,0,1,0,0,0,0,4,1,1,1,72,10,-1,-1,-1,-1,8,1,E01032126,0
Unvalidated,2024221420197,2024,221420197,1,9,0,18,1,5,0,0,0,7,0,0,1,1,6,1,19,4,-1,-1,-1,-1,2,2,E01029007,0
Unvalidated,2024221420201,2024,221420201,1,20,0,18,8,4,0,0,0,0,0,0,4,1,1,1,55,8,-1,-1,-1,-1,2,1,E01013897,0
Unvalidated,2024221420667,2024,221420667,1,9,0,18,1,6,0,0,5,0,1,0,1,1,5,2,29,6,-1,-1,-1,-1,5,1,E01014076,0
Unvalidated,2024221420705,2024,221420705,1,9,0,12,8,5,0,8,0,0,0,0,3,1,6,1,70,10,-1,-1,-1,-1,5,3,E01028959,0
Unvalidated,2024221420705,2024,221420705,2,1,0,18,8,5,0,8,0,0,0,0,2,1,6,2,72,10,-1,-1,-1,-1,8,2,E01028977,0
Unvalidated,2024221420846,2024,221420846,1,9,0,18,6,4,0,2,1,10,7,10,1,1,5,1,17,4,-1,-1,-1,-1,5,3,E01032404,0
Unvalidated,2024221420922,2024,221420922,1,8,0,18,4,1,0,2,1,4,0,0,1,2,1,1,47,8,-1,-1,-1,-1,4,1,E01032343,0
Unvalidated,2024221420922,2024,221420922,2,9,0,2,0,0,0,2,0,0,0,0,2,2,6,1,58,9,-1,-1,-1,-1,9,3,E01032388,0
Unvalidated,2024221421136,2024,221421136,1,9,0,4,2,6,0,1,0,0,0,0,1,1,5,1,74,10,-1,-1,-1,-1,-1,-1,-1,0
Unvalidated,2024221421136,2024,221421136,2,9,0,4,2,6,0,1,0,0,0,0,2,1,5,2,39,7,-1,-1,-1,-1,-1,-1,-1,0
Unvalidated,2024221421179,2024,221421179,1,9,0,18,2,6,0,0,0,0,0,0,1,1,5,2,17,4,-1,-1,-1,-1,5,1,E01014065,0
Unvalidated,2024221421301,2024,221421301,1,10,0,18,5,1,0,0,0,0,0,0,1,1,1,2,23,5,-1,-1,-1,-1,6,2,E01015587,0
Unvalidated,2024221421301,2024,221421301,2,9,0,18,5,1,0,0,0,0,0,0,2,1,1,2,26,6,-1,-1,-1,-1,5,1,E01032309,0
Unvalidated,2024221421301,2024,221421301,3,19,0,18,5,1,0,0,0,0,0,0,2,1,1,1,32,6,-1,-1,-1,-1,10,2,E01026187,0
Unvalidated,2024221421407,2024,221421407,1,9,0,18,8,4,0,0,5,0,7,10,4,1,5,1,20,4,-1,-1,-1,-1,5,1,E01014078,0
Unvalidated,2024221421705,2024,221421705,1,9,0,18,4,8,0,0,0,0,1,0,1,1,5,1,19,4,-1,-1,-1,-1,8,2,E01014040,0
Unvalidated,2024221421844,2024,221421844,1,9,0,12,4,8,0,0,0,0,0,0,3,1,5,1,28,6,-1,-1,-1,-1,3,1,E01008933,0
Unvalidated,2024221421844,2024,221421844,2,9,0,18,4,8,0,0,0,0,0,0,4,1,5,1,31,6,-1,-1,-1,-1,4,1,E01010361,0
Unvalidated,2024221421844,2024,221421844,3,9,0,18,4,8,0,0,0,0,0,0,2,1,5,1,50,8,-1,-1,-1,-1,1,1,E01009141,0
Unvalidated,2024221421861,2024,221421861,1,21,1,18,8,4,0,0,0,0,0,0,1,1,1,1,29,6,-1,-1,-1,-1,7,3,E01028954,0
Unvalidated,2024221422000,2024,221422000,1,9,0,4,7,3,0,1,0,0,0,0,1,1,6,1,19,4,-1,-1,-1,-1,-1,-1,-1,0
Unvalidated,2024221422000,2024,221422000,2,9,0,10,7,4,0,1,0,0,0,0,2,1,5,2,60,9,-1,-1,-1,-1,4,3,E01014025,0
Unvalidated,2024221422135,2024,221422135,1,9,0,18,4,8,0,0,5,0,1,10,1,1,6,1,19,4,-1,-1,-1,-1,5,3,E01014099,0
Unvalidated,2024221422295,2024,221422295,1,9,0,18,1,5,0,1,0,0,0,0,1,1,6,1,53,8,-1,-1,-1,-1,2,1,E01009966,0
Unvalidated,2024221422295,2024,221422295,2,19,0,18,5,1,0,2,0,0,0,0,3,1,6,1,59,9,-1,-1,-1,-1,7,2,E01028826,0
Unvalidated,2024221422295,2024,221422295,3,9,0,18,5,1,0,2,0,0,0,0,1,1,6,1,82,11,-1,-1,-1,-1,7,2,E01029669,0
Unvalidated,2024221422361,2024,221422361,1,8,0,18,4,8,0,0,0,0,0,0,1,1,1,2,59,9,-1,-1,-1,-1,2,1,E01014071,0
Unvalidated,2024221422709,2024,221422709,1,9,0,5,5,1,1,0,0,10,7,11,1,1,5,2,59,9,-1,-1,-1,-1,4,3,E01032432,0
Unvalidated,2024221422868,2024,221422868,1,9,0,9,8,6,0,5,0,0,0,0,4,1,6,2,20,4,-1,-1,-1,-1,9,1,E01033528,0
Unvalidated,2024221422868,2024,221422868,2,9,0,18,4,8,0,8,0,0,0,0,1,1,6,2,56,9,-1,-1,-1,-1,5,2,E01028910,0
Unvalidated,2024221423071,2024,221423071,1,9,0,9,7,3,0,6,0,0,0,0,1,1,6,1,45,7,-1,-1,-1,-1,-1,-1,-1,0
Unvalidated,2024221423071,2024,221423071,2,9,0,18,3,8,0,8,0,0,0,0,4,1,5,1,67,10,-1,-1,-1,-1,6,2,E01028851,0
Unvalidated,2024221423414,2024,221423414,1,19,0,1,4,8,0,0,0,0,0,0,2,1,1,1,52,8,-1,-1,-1,-1,2,1,E01028962,0
Unvalidated,2024221423466,2024,221423466,1,9,0,7,5,6,0,3,0,0,0,0,3,1,6,1,27,6,-1,-1,-1,-1,4,1,E01013986,0
Unvalidated,2024221423466,2024,221423466,2,9,0,9,5,2,0,8,0,0,0,0,1,1,6,1,22,5,-1,-1,-1,-1,5,3,E01014057,0
Unvalidated,2024221423509,2024,221423509,1,90,4,2,0,0,0,0,0,0,0,0,0,1,6,1,23,5,-1,-1,-1,-1,7,3,W01000484,0
Unvalidated,2024221423509,2024,221423509,2,9,0,1,1,5,0,0,0,0,0,0,2,1,6,1,87,11,-1,-1,-1,-1,4,2,E01014034,0
Unvalidated,2024221423624,2024,221423624,1,9,0,18,3,7,0,2,0,0,0,0,1,1,6,1,33,6,-1,-1,-1,-1,5,2,E01029569,0
Unvalidated,2024221423624,2024,221423624,2,9,0,4,3,7,0,2,0,0,0,0,2,1,3,1,31,6,-1,-1,-1,-1,2,1,E01028873,0
Unvalidated,2024221423990,2024,221423990,1,9,0,18,7,3,0,1,0,0,0,0,1,1,6,2,40,7,-1,-1,-1,-1,5,1,E01014076,0
Unvalidated,2024221423990,2024,221423990,2,9,0,3,7,3,0,1,0,0,0,0,2,1,5,2,28,6,-1,-1,-1,-1,6,3,E01014082,0
Unvalidated,2024221424003,2024,221424003,1,9,0,18,4,1,0,0,5,0,7,4,1,1,2,1,18,4,-1,-1,-1,-1,4,1,E01022161,0
Unvalidated,2024221424033,2024,221424033,1,9,0,7,5,7,0,6,0,0,0,0,1,1,6,2,45,7,-1,-1,-1,-1,8,1,E01032189,0
Unvalidated,2024221424213,2024,221424213,1,1,0,18,2,6,0,0,0,0,0,0,3,1,6,1,86,11,-1,-1,-1,-1,9,1,E01022143,0
Unvalidated,2024221424213,2024,221424213,2,9,0,13,2,6,0,0,0,0,0,0,4,1,1,1,37,7,-1,-1,-1,-1,4,1,E01031238,0
Unvalidated,2024221424244,2024,221424244,1,5,0,13,6,2,0,0,1,0,1,0,1,1,5,1,65,9,-1,-1,-1,-1,9,1,E01009817,0
Unvalidated,2024221424343,2024,221424343,1,9,0,18,1,5,0,0,2,10,8,0,4,1,5,1,40,7,-1,-1,-1,-1,3,1,E01014010,0
Unvalidated,2024221424481,2024,221424481,1,9,0,7,5,7,0,4,0,0,0,0,4,1,6,1,24,5,-1,-1,-1,-1,8,1,E01032189,0
Unvalidated,2024221424481,2024,221424481,2,9,0,18,5,1,0,4,0,0,0,0,3,1,5,2,26,6,-1,-1,-1,-1,7,3,E01032206,0
Unvalidated,2024221424521,2024,221424521,1,9,4,18,3,7,0,8,0,0,0,0,1,1,1,1,28,6,-1,-1,-1,-1,5,3,E01014004,0
Unvalidated,2024221424521,2024,221424521,2,2,0,10,3,1,0,8,0,0,0,0,2,1,1,1,17,4,-1,-1,-1,-1,8,3,E01013990,0
Unvalidated,2024221424676,2024,221424676,1,9,0,7,7,1,0,6,0,0,0,0,1,1,6,1,38,7,-1,-1,-1,-1,8,2,E01029653,0
Unvalidated,2024221424676,2024,221424676,2,9,0,18,5,1,0,8,0,0,0,0,1,1,6,1,84,11,-1,-1,-1,-1,5,1,E01010552,0
Unvalidated,2024221424800,2024,221424800,1,9,0,18,4,8,0,0,0,0,0,0,4,1,6,1,76,11,-1,-1,-1,-1,4,3,E01029003,0
Unvalidated,2024221424967,2024,221424967,1,9,0,3,8,4,0,2,0,0,0,0,3,1,5,2,45,7,-1,-1,-1,-1,3,3,E01028880,0
Unvalidated,2024221424967,2024,221424967,2,21,1,18,4,8,0,1,0,0,0,0,3,1,1,1,48,8,-1,-1,-1,-1,7,2,W01000225,0
Unvalidated,2024221424997,2024,221424997,1,9,0,18,2,6,0,0,0,0,0,0,1,1,6,2,44,7,-1,-1,-1,-1,8,1,E01032233,0
Unvalidated,2024221424997,2024,221424997,2,9,0,18,6,2,0,0,0,0,0,0,1,1,6,2,73,10,-1,-1,-1,-1,7,3,E01033243,0
Unvalidated,2024221425056,2024,221425056,1,9,0,4,3,7,0,1,0,0,0,0,2,1,6,2,67,10,-1,-1,-1,-1,5,3,E01028961,0
Unvalidated,2024221425056,2024,221425056,2,9,0,18,3,7,0,4,0,0,0,0,1,1,6,1,27,6,-1,-1,-1,-1,6,3,E01028913,0
Unvalidated,2024221425382,2024,221425382,1,9,0,18,8,3,0,1,0,0,0,0,1,1,6,1,23,5,-1,-1,-1,-1,-1,-1,-1,0
Unvalidated,2024221425382,2024,221425382,2,9,0,4,8,3,0,1,0,0,0,0,2,1,6,1,60,9,-1,-1,-1,-1,4,3,E01028999,0
Unvalidated,2024221425428,2024,221425428,1,9,0,18,5,1,0,8,0,0,0,0,1,1,6,1,69,10,-1,-1,-1,-1,5,3,E01028959,0
Unvalidated,2024221425428,2024,221425428,2,17,4,10,1,7,0,5,0,0,0,0,2,1,1,1,52,8,-1,-1,-1,-1,4,3,E01028882,0
Unvalidated,2024221425428,2024,221425428,3,9,0,18,1,5,0,8,0,0,0,0,1,1,6,2,19,4,-1,-1,-1,-1,6,3,E01028888,0
Unvalidated,2024221425547,2024,221425547,1,9,0,18,1,5,0,0,5,4,0,0,1,1,5,1,41,7,-1,-1,-1,-1,-1,-1,-1,0
Unvalidated,2024221425547,2024,221425547,2,9,0,2,0,0,0,0,0,0,0,0,1,1,5,1,77,11,-1,-1,-1,-1,-1,-1,-1,0
Unvalidated,2024221425687,2024,221425687,1,9,0,13,4,8,0,8,0,0,0,0,1,1,6,1,44,7,-1,-1,-1,-1,2,1,E01009158,0
Unvalidated,2024221425687,2024,221425687,2,9,0,9,6,4,0,6,0,0,0,0,3,1,5,2,68,10,-1,-1,-1,-1,1,1,E01008887,0
Unvalidated,2024221425733,2024,221425733,1,9,0,2,0,0,0,0,0,0,0,0,3,1,6,2,51,8,-1,-1,-1,-1,7,1,E01032210,0
Unvalidated,2024221425733,2024,221425733,2,9,0,18,8,2,0,0,0,4,0,0,3,1,3,2,42,7,-1,-1,-1,-1,7,1,E01032210,0
Unvalidated,2024221425999,2024,221425999,1,9,0,18,2,6,0,1,0,0,0,0,1,1,6,1,22,5,-1,-1,-1,-1,7,1,E01014112,0
Unvalidated,2024221425999,2024,221425999,2,9,0,18,6,2,0,2,0,10,1,11,1,1,5,2,55,8,-1,-1,-1,-1,7,1,E01014112,0
Unvalidated,2024221426744,2024,221426744,1,3,0,10,1,7,0,8,0,0,0,0,3,1,5,1,61,9,-1,-1,-1,-1,4,3,E01032409,0
Unvalidated,2024221426744,2024,221426744,2,19,0,9,7,5,0,6,0,0,0,0,1,1,5,1,68,10,-1,-1,-1,-1,-1,-1,-1,0
Unvalidated,2024221427022,2024,221427022,1,9,0,18,2,6,0,8,0,0,0,0,1,1,6,2,32,6,-1,-1,-1,-1,10,1,E01032337,0
Unvalidated,2024221427022,2024,221427022,2,9,0,9,4,2,0,6,0,0,0,0,3,1,6,2,23,5,-1,-1,-1,-1,10,1,E01032337,0
Unvalidated,2024221427057,2024,221427057,1,9,0,18,6,2,0,0,0,0,0,0,3,1,1,1,27,6,-1,-1,-1,-1,8,3,E01032400,0
Unvalidated,2024221427083,2024,221427083,1,90,0,18,7,2,0,0,1,0,0,0,1,1,5,1,65,9,-1,-1,-1,-1,7,3,E01014002,0
Unvalidated,2024221427195,2024,221427195,1,9,0,18,1,5,0,0,0,0,0,0,1,1,2,2,47,8,-1,-1,-1,-1,4,3,E01028914,0
Unvalidated,2024221427297,2024,221427297,1,5,0,18,6,2,0,8,1,0,0,0,3,1,5,1,43,7,-1,-1,-1,-1,4,1,E01032132,0
Unvalidated,2024221427343,2024,221427343,1,9,0,18,7,3,0,0,5,0,0,0,3,1,5,2,43,7,-1,-1,-1,-1,7,1,E01014070,0
Unvalidated,2024221427343,2024,221427343,2,9,0,14,3,7,0,0,0,0,0,0,1,1,5,2,20,4,-1,-1,-1,-1,9,3,E01014022,0
Unvalidated,2024221427343,2024,221427343,3,9,0,2,0,0,0,0,0,0,0,0,0,1,6,3,45,7,-1,-1,-1,-1,-1,-1,-1,0
Unvalidated,2024221427344,2024,221427344,1,9,0,18,5,1,0,0,2,0,0,0,4,1,5,1,22,5,-1,-1,-1,-1,5,1,E01032264,0
Unvalidated,2024221427369,2024,221427369,1,9,0,3,4,8,0,8,0,0,0,0,2,1,6,1,47,8,-1,-1,-1,-1,1,1,E01032204,0
Unvalidated,2024221427369,2024,221427369,2,9,0,4,4,8,0,8,1,0,0,0,1,1,6,2,55,8,-1,-1,-1,-1,7,1,E01032210,0
Unvalidated,2024221427399,2024,221427399,1,9,0,18,7,3,0,2,0,0,0,0,1,1,6,1,24,5,-1,-1,-1,-1,8,3,W01000444,0
Unvalidated,2024221427399,2024,221427399,2,9,0,18,3,7,0,1,0,0,0,0,1,1,6,2,35,6,-1,-1,-1,-1,4,1,E01028958,0
Unvalidated,2024221427471,2024,221427471,1,9,5,18,1,5,0,0,0,0,0,0,3,1,5,1,19,4,-1,-1,-1,-1,1,1,E01013995,0
Unvalidated,2024221427471,2024,221427471,2,9,0,18,1,5,0,0,0,0,7,10,1,1,6,1,22,5,-1,-1,-1,-1,4,3,E01014052,0
Unvalidated,2024221427471,2024,221427471,3,9,0,18,5,1,0,0,0,0,0,0,3,1,6,1,42,7,-1,-1,-1,-1,5,1,E01031933,0
Unvalidated,2024221427471,2024,221427471,4,9,5,18,1,5,0,0,0,0,0,0,0,1,6,1,20,4,-1,-1,-1,-1,6,3,E01014082,0
Unvalidated,2024221427510,2024,221427510,1,9,0,18,4,8,0,0,0,0,0,0,1,1,6,1,40,7,-1,-1,-1,-1,5,2,E01029011,0
Unvalidated,2024221427510,2024,221427510,2,9,0,4,4,8,0,0,0,0,0,0,2,1,6,2,25,5,-1,-1,-1,-1,7,2,E01031976,0
Unvalidated,2024221427510,2024,221427510,3,9,0,4,4,8,0,0,0,0,0,0,0,1,6,3,44,7,-1,-1,-1,-1,-1,-1,-1,0
Unvalidated,2024221427510,2024,221427510,4,9,0,2,0,0,0,0,0,0,0,0,0,1,6,1,59,9,-1,-1,-1,-1,2,1,W01001601,0
Unvalidated,2024221427532,2024,221427532,1,19,0,9,3,1,0,6,0,0,0,0,3,1,1,1,25,5,-1,-1,-1,-1,1,1,E01013621,0
Unvalidated,2024221427532,2024,221427532,2,5,0,16,1,5,0,8,1,0,0,0,1,1,5,1,63,9,-1,-1,-1,-1,4,3,E01014009,0
Unvalidated,2024221427551,2024,221427551,1,9,0,18,6,2,0,0,0,0,0,0,3,1,5,2,64,9,-1,-1,-1,-1,5,3,E01014056,0
Unvalidated,2024221427551,2024,221427551,2,5,0,18,2,6,0,0,0,0,1,9,1,1,6,1,56,9,-1,-1,-1,-1,5,1,E01031171,0
Unvalidated,2024221427599,2024,221427599,1,9,0,13,1,6,0,0,0,10,1,10,1,1,5,2,18,4,-1,-1,-1,-1,7,2,E01032399,0
Unvalidated,2024221427793,2024,221427793,1,9,0,18,7,3,0,4,0,0,0,0,1,1,6,2,25,5,-1,-1,-1,-1,-1,-1,-1,0
Unvalidated,2024221427793,2024,221427793,2,1,0,18,5,1,0,8,0,0,0,0,4,1,6,1,21,5,-1,-1,-1,-1,8,1,E01032329,0
Unvalidated,2024221427837,2024,221427837,1,9,0,9,6,4,0,6,0,0,0,0,1,1,6,1,21,5,-1,-1,-1,-1,-1,-1,-1,0
Unvalidated,2024221427856,2024,221427856,1,9,0,18,8,4,0,0,0,0,0,0,0,1,6,3,45,7,-1,-1,-1,-1,-1,-1,-1,0
Unvalidated,2024221427856,2024,221427856,2,9,0,18,4,8,0,0,0,0,2,0,4,1,6,1,18,4,-1,-1,-1,-1,5,3,E01032181,0
Unvalidated,2024221427946,2024,221427946,1,9,0,18,6,2,0,0,0,10,1,2,1,1,5,2,83,11,-1,-1,-1,-1,4,1,E01032254,0
Unvalidated,2024221427973,2024,221427973,1,9,0,18,6,2,0,8,0,0,0,0,3,1,6,1,44,7,-1,-1,-1,-1,6,1,E01032128,0
Unvalidated,2024221427973,2024,221427973,2,9,0,9,5,2,0,6,0,0,0,0,1,1,6,1,36,7,-1,-1,-1,-1,1,1,E01032434,0
Unvalidated,2024221428010,2024,221428010,1,21,0,18,4,8,0,0,5,0,1,9,4,1,1,1,55,8,-1,-1,-1,-1,1,1,E01009571,0
Unvalidated,2024221428033,2024,221428033,1,9,0,18,7,3,0,0,0,0,0,0,1,1,6,3,23,5,-1,-1,-1,-1,-1,-1,-1,0
Unvalidated,2024221428033,2024,221428033,2,9,0,18,7,3,0,0,0,0,0,0,2,1,5,2,18,4,-1,-1,-1,-1,3,1,E01032456,0
Unvalidated,2024221428238,2024,221428238,1,9,0,18,4,8,0,1,0,0,0,0,4,1,6,2,37,7,-1,-1,-1,-1,3,1,E01014104,0
Unvalidated,2024221428269,2024,221428269,1,1,0,18,4,8,0,8,0,0,0,0,4,1,6,1,36,7,-1,-1,-1,-1,-1,1,-1,0
Unvalidated,2024221428269,2024,221428269,2,9,0,7,7,8,0,4,0,0,0,0,1,1,6,2,25,5,-1,-1,-1,-1,2,1,E01010404,0
Unvalidated,2024221428380,2024,221428380,1,1,0,9,7,4,0,6,0,0,0,0,1,1,6,2,16,4,-1,-1,-1,-1,3,1,E01032131,0
Unvalidated,2024221428380,2024,221428380,2,9,0,18,4,1,0,8,0,0,0,0,1,1,6,3,45,7,-1,-1,-1,-1,-1,-1,-1,0
Unvalidated,2024221428426,2024,221428426,1,9,0,18,3,7,0,0,5,0,8,4,3,1,5,2,78,11,-1,-1,-1,-1,4,2,E01032432,0
Unvalidated,2024221428451,2024,221428451,1,19,0,18,4,8,0,0,0,0,0,0,1,1,2,1,52,8,-1,-1,-1,-1,3,1,E01014155,0
Unvalidated,2024221428451,2024,221428451,2,9,0,18,4,8,0,0,0,0,0,0,4,1,5,1,50,8,-1,-1,-1,-1,-1,-1,-1,0
Unvalidated,2024221428508,2024,221428508,1,9,0,18,8,4,0,0,0,10,1,11,1,1,5,2,31,6,-1,-1,-1,-1,2,1,E01032161,0
Unvalidated,2024221428508,2024,221428508,2,9,0,2,0,0,9,0,0,0,0,0,4,1,6,2,50,8,-1,-1,-1,-1,6,1,E01032159,0
Unvalidated,2024221428674,2024,221428674,1,9,0,4,6,2,0,1,0,0,0,0,2,1,5,2,28,6,-1,-1,-1,-1,10,1,E01032337,0