status,collision_index,collision_year,collision_reference,vehicle_reference,vehicle_type,towing_and_articulation,vehicle_manoeuvre,vehicle_direction_from,vehicle_direction_to,vehicle_location_restricted_lane,junction_location,skidding_and_overturning,hit_object_in_carriageway,vehicle_leaving_carriageway,hit_object_off_carriageway,first_point_of_impact,vehicle_left_hand_drive,journey_purpose_of_driver,sex_of_driver,age_of_driver,age_band_of_driver,engine_capacity_cc,propulsion_code,age_of_vehicle,generic_make_model,driver_imd_decile,driver_home_area_type,lsoa_of_driver,escooter_flag
Unvalidated,2024221428674,2024,221428674,2,9,0,18,6,2,0,4,0,0,0,0,1,1,2,1,34,6,-1,-1,-1,-1,3,1,E01032321,0
Unvalidated,2024221428837,2024,221428837,1,9,0,18,8,4,0,0,0,0,2,7,1,1,2,1,37,7,-1,-1,-1,-1,10,1,E01032227,0
Unvalidated,2024221429092,2024,221429092,1,9,0,18,6,2,0,0,0,0,0,0,1,1,1,2,24,5,-1,-1,-1,-1,-1,-1,-1,0
Unvalidated,2024221429092,2024,221429092,2,9,0,4,6,2,0,0,0,0,0,0,2,1,1,1,28,6,-1,-1,-1,-1,-1,-1,-1,0
Unvalidated,2024221429123,2024,221429123,1,9,0,18,1,5,0,0,0,0,7,10,1,1,2,2,23,5,-1,-1,-1,-1,9,2,E01029009,0
Unvalidated,2024221429123,2024,221429123,2,19,0,18,5,1,0,0,0,0,0,0,1,1,1,1,59,9,-1,-1,-1,-1,9,1,E01014094,0
Unvalidated,2024221429144,2024,221429144,1,10,0,4,1,5,0,8,0,0,0,0,2,1,1,2,43,7,-1,-1,-1,-1,6,3,E01032417,0
Unvalidated,2024221429144,2024,221429144,2,19,0,18,1,5,0,8,0,0,0,0,1,1,6,1,33,6,-1,-1,-1,-1,8,1,E01032218,0
Unvalidated,2024221429147,2024,221429147,1,19,0,18,8,4,0,0,0,0,0,0,1,1,6,1,45,7,-1,-1,-1,-1,-1,-1,-1,0
Unvalidated,2024221429147,2024,221429147,2,9,0,18,4,8,0,0,0,0,0,0,1,1,6,1,67,10,-1,-1,-1,-1,7,3,W01000434,0
Unvalidated,2024221429191,2024,221429191,1,9,0,18,1,5,0,0,1,0,0,0,1,1,6,1,24,5,-1,-1,-1,-1,3,1,E01013992,0
Unvalidated,2024221429191,2024,221429191,2,9,0,4,1,5,0,0,0,0,0,0,2,1,5,1,46,8,-1,-1,-1,-1,5,1,E01014063,0
Unvalidated,2024221429263,2024,221429263,1,9,0,18,1,5,0,8,0,0,0,0,1,1,6,1,58,9,-1,-1,-1,-1,5,1,E01032264,0
Unvalidated,2024221429263,2024,221429263,2,9,0,4,1,7,0,8,0,0,0,0,2,1,6,1,17,4,-1,-1,-1,-1,3,1,E01032267,0
Unvalidated,2024221429309,2024,221429309,1,9,0,18,8,4,0,0,0,0,0,0,1,1,2,2,28,6,-1,-1,-1,-1,6,1,E01010043,0
Unvalidated,2024221429309,2024,221429309,2,9,0,14,4,8,0,0,0,0,0,0,1,1,6,1,43,7,-1,-1,-1,-1,-1,-1,-1,0
Unvalidated,2024221429324,2024,221429324,1,9,0,18,4,8,0,1,0,0,0,0,1,1,5,2,81,11,-1,-1,-1,-1,5,3,E01014101,0
Unvalidated,2024221429324,2024,221429324,2,9,0,3,4,8,0,1,0,0,0,0,2,1,6,1,44,7,-1,-1,-1,-1,5,3,E01014008,0
Unvalidated,2024221429524,2024,221429524,1,9,0,14,2,6,0,2,0,0,0,0,1,2,2,2,45,7,-1,-1,-1,-1,6,2,E01032407,0
Unvalidated,2024221429524,2024,221429524,2,9,0,5,2,6,0,2,0,4,0,0,2,2,3,1,59,9,-1,-1,-1,-1,4,2,E01032409,0
Unvalidated,2024221429524,2024,221429524,3,9,0,2,0,0,0,2,1,0,0,0,2,2,3,2,38,7,-1,-1,-1,-1,5,3,E01032340,0
Unvalidated,2024221429698,2024,221429698,1,9,0,7,1,3,0,6,0,0,0,0,3,1,5,2,33,6,-1,-1,-1,-1,4,2,E01028867,0
Unvalidated,2024221429698,2024,221429698,2,9,0,18,7,3,0,8,0,0,0,0,1,1,5,1,88,11,-1,-1,-1,-1,7,3,W01001907,0
Unvalidated,2024221429705,2024,221429705,1,9,0,12,7,3,0,8,0,0,0,0,3,1,6,1,22,5,-1,-1,-1,-1,8,1,E01019707,0
Unvalidated,2024221429705,2024,221429705,2,5,0,12,7,3,0,8,0,0,0,0,4,1,5,1,62,9,-1,-1,-1,-1,10,1,E01014174,0
Unvalidated,2024221429836,2024,221429836,1,9,0,18,7,2,0,0,0,0,0,0,1,1,6,1,62,9,-1,-1,-1,-1,5,3,E01028960,0
Unvalidated,2024221429836,2024,221429836,2,19,0,18,2,7,0,0,0,0,0,0,1,1,2,1,55,8,-1,-1,-1,-1,5,3,E01014135,0
Unvalidated,2024221429885,2024,221429885,1,9,0,9,6,4,0,6,0,0,0,0,4,1,6,1,50,8,-1,-1,-1,-1,7,2,E01028889,0
Unvalidated,2024221429885,2024,221429885,2,1,0,9,8,6,0,5,0,0,0,0,1,1,5,1,64,9,-1,-1,-1,-1,9,3,W01000403,0
Unvalidated,2024221429933,2024,221429933,1,9,0,18,2,6,0,0,0,0,0,0,4,1,6,2,18,4,-1,-1,-1,-1,-1,-1,-1,0
Unvalidated,2024221429939,2024,221429939,1,1,0,4,2,6,0,8,0,0,0,0,1,1,3,1,12,3,-1,-1,-1,-1,1,1,E01014198,0
Unvalidated,2024221429939,2024,221429939,2,9,0,4,4,8,0,1,0,0,0,0,1,1,6,1,37,7,-1,-1,-1,-1,-1,-1,-1,0
Unvalidated,2024221430010,2024,221430010,1,9,0,12,7,4,0,8,0,0,0,0,3,1,6,1,43,7,-1,-1,-1,-1,5,1,E01028946,0
Unvalidated,2024221430010,2024,221430010,2,9,0,18,7,4,0,8,0,0,0,0,4,1,5,2,25,5,-1,-1,-1,-1,5,3,E01028960,0
Unvalidated,2024221430026,2024,221430026,1,9,0,10,3,1,0,1,0,0,0,0,2,1,6,1,65,9,-1,-1,-1,-1,-1,-1,-1,0
Unvalidated,2024221430026,2024,221430026,2,9,0,18,3,8,0,6,0,0,0,0,1,1,6,2,78,11,-1,-1,-1,-1,4,1,E01032157,0
Unvalidated,2024221430135,2024,221430135,1,9,0,1,3,7,0,8,0,0,0,0,2,1,6,1,73,10,-1,-1,-1,-1,8,2,E01014040,0
Unvalidated,2024221430210,2024,221430210,1,9,0,18,5,1,0,0,1,0,5,6,1,1,6,1,38,7,-1,-1,-1,-1,7,1,E01005275,0
Unvalidated,2024221430288,2024,221430288,1,9,0,18,7,2,0,0,1,0,0,0,1,1,1,1,34,6,-1,-1,-1,-1,10,1,E01028972,0
Unvalidated,2024221430288,2024,221430288,2,9,0,18,2,7,0,0,1,0,1,10,3,1,6,2,57,9,-1,-1,-1,-1,7,3,E01028899,0
Unvalidated,2024221430315,2024,221430315,1,9,0,9,7,6,0,6,0,0,0,0,1,1,6,1,54,8,-1,-1,-1,-1,1,1,E01010063,0
Unvalidated,2024221430315,2024,221430315,2,9,0,18,3,7,0,8,0,0,0,0,1,1,6,1,34,6,-1,-1,-1,-1,5,1,E01010468,0
Unvalidated,2024221430327,2024,221430327,1,9,0,5,2,6,0,6,0,0,0,0,3,1,6,1,53,8,-1,-1,-1,-1,4,3,E01028922,0
Unvalidated,2024221430327,2024,221430327,2,3,0,18,8,4,0,8,0,0,0,0,1,1,6,1,18,4,-1,-1,-1,-1,7,3,E01028954,0
Unvalidated,2024221430409,2024,221430409,1,3,0,18,2,6,0,1,0,0,0,0,1,1,6,1,42,7,-1,-1,-1,-1,5,1,E01028982,0
Unvalidated,2024221430409,2024,221430409,2,9,0,4,2,6,0,1,0,0,0,0,2,1,6,2,42,7,-1,-1,-1,-1,9,1,E01028966,0
Unvalidated,2024221430412,2024,221430412,1,9,0,18,8,4,0,0,2,0,7,1,1,1,6,1,18,4,-1,-1,-1,-1,7,3,W01000470,0
Unvalidated,2024221430525,2024,221430525,1,19,0,18,5,1,0,0,5,10,1,10,3,1,1,1,60,9,-1,-1,-1,-1,8,1,E01032455,0
Unvalidated,2024221430525,2024,221430525,2,21,0,18,1,5,0,0,0,0,0,0,3,1,1,1,50,8,-1,-1,-1,-1,2,1,E01014071,0
Unvalidated,2024221430712,2024,221430712,1,21,0,18,2,6,0,8,5,0,1,7,1,1,1,1,30,6,-1,-1,-1,-1,5,1,E01009888,0
Unvalidated,2024221430712,2024,221430712,2,9,0,9,2,8,0,5,0,0,0,0,2,1,6,2,63,9,-1,-1,-1,-1,5,1,E01009186,0
Unvalidated,2024221430726,2024,221430726,1,9,0,18,7,2,0,1,0,0,0,0,1,1,6,1,55,8,-1,-1,-1,-1,1,1,E01009107,0
Unvalidated,2024221430787,2024,221430787,1,9,0,18,8,3,0,0,0,4,8,10,1,1,6,2,19,4,-1,-1,-1,-1,7,1,E01032130,0
Unvalidated,2024221430787,2024,221430787,2,9,0,2,0,0,0,0,0,0,0,0,4,1,6,1,59,9,-1,-1,-1,-1,8,1,E01010209,0
Unvalidated,2024221431055,2024,221431055,1,9,0,7,7,1,0,6,0,0,0,0,3,1,2,1,43,7,-1,-1,-1,-1,9,3,E01032347,0
Unvalidated,2024221431055,2024,221431055,2,9,0,18,5,1,0,8,0,0,0,0,1,1,5,1,75,10,-1,-1,-1,-1,7,3,E01032191,0
Unvalidated,2024221431459,2024,221431459,1,3,0,4,1,5,0,1,0,0,0,0,2,1,5,1,42,7,-1,-1,-1,-1,6,1,E01010075,0
Unvalidated,2024221431459,2024,221431459,2,9,0,4,1,5,0,1,0,0,0,0,1,1,5,1,41,7,-1,-1,-1,-1,3,1,E01002370,0
Unvalidated,2024221431509,2024,221431509,1,9,0,5,7,6,0,4,0,0,0,0,1,1,5,2,26,6,-1,-1,-1,-1,4,1,E01010015,0
Unvalidated,2024221431509,2024,221431509,2,1,0,18,6,1,0,3,0,0,0,0,4,1,5,1,63,9,-1,-1,-1,-1,9,3,E01032207,0
Unvalidated,2024221431528,2024,221431528,1,5,0,4,1,5,0,1,0,0,0,0,1,1,5,1,70,10,-1,-1,-1,-1,4,1,E01020217,0
Unvalidated,2024221431528,2024,221431528,2,5,0,4,1,5,0,1,0,0,0,0,2,1,5,1,55,8,-1,-1,-1,-1,6,3,E01020243,0
Unvalidated,2024221431632,2024,221431632,1,9,0,3,8,4,0,1,0,0,0,0,2,1,6,1,43,7,-1,-1,-1,-1,3,1,W01001408,0
Unvalidated,2024221431632,2024,221431632,2,9,0,4,8,4,0,1,0,0,0,0,2,1,6,2,30,6,-1,-1,-1,-1,5,3,E01014099,0
Unvalidated,2024221431632,2024,221431632,3,9,0,18,8,4,0,1,0,0,0,0,1,1,6,1,20,4,-1,-1,-1,-1,5,3,E01014101,0
Unvalidated,2024221431648,2024,221431648,1,9,0,18,6,2,0,8,0,0,0,0,1,1,6,2,74,10,-1,-1,-1,-1,5,3,E01014099,0
Unvalidated,2024221431648,2024,221431648,2,19,0,10,6,3,0,8,0,0,0,0,3,1,6,1,29,6,-1,-1,-1,-1,-1,-1,-1,0
Unvalidated,2024221431648,2024,221431648,3,9,0,18,2,6,0,8,0,0,1,0,1,1,6,1,53,8,-1,-1,-1,-1,3,1,W01001546,0
Unvalidated,2024221431699,2024,221431699,1,9,0,18,6,3,0,0,1,0,0,0,2,1,6,1,29,6,-1,-1,-1,-1,8,1,E01032376,0
Unvalidated,2024221431699,2024,221431699,2,9,0,18,3,6,0,0,0,0,0,0,1,1,1,1,45,7,-1,-1,-1,-1,5,1,E01032385,0
Unvalidated,2024221431708,2024,221431708,1,9,0,7,8,2,0,4,0,0,0,0,4,1,6,2,62,9,-1,-1,-1,-1,1,1,E01014116,0
Unvalidated,2024221431708,2024,221431708,2,1,0,7,8,2,0,3,0,10,0,0,3,1,6,1,57,9,-1,-1,-1,-1,6,2,E01028857,0
Unvalidated,2024221431721,2024,221431721,1,9,0,9,6,5,0,5,0,0,0,0,4,1,6,1,26,6,-1,-1,-1,-1,8,1,E01014157,0
Unvalidated,2024221431721,2024,221431721,2,1,0,18,2,6,0,8,0,0,0,0,1,1,6,1,49,8,-1,-1,-1,-1,5,1,E01014149,0
Unvalidated,2024221431743,2024,221431743,1,1,0,9,4,2,0,6,0,0,0,0,1,1,6,1,41,7,-1,-1,-1,-1,1,1,E01032332,0
Unvalidated,2024221431743,2024,221431743,2,9,0,5,2,6,0,8,0,0,0,0,1,1,6,1,22,5,-1,-1,-1,-1,8,1,E01032287,0
Unvalidated,2024221431775,2024,221431775,1,9,0,18,8,4,0,0,5,0,0,0,3,1,6,1,31,6,-1,-1,-1,-1,5,1,E01008885,0
Unvalidated,2024221431831,2024,221431831,1,9,0,13,6,3,0,0,0,0,0,0,3,1,6,1,28,6,-1,-1,-1,-1,-1,-1,-1,0
Unvalidated,2024221431831,2024,221431831,2,9,0,18,3,6,0,0,0,0,1,0,3,1,6,1,66,10,-1,-1,-1,-1,5,3,E01014051,0
Unvalidated,2024221431973,2024,221431973,1,9,0,9,1,8,0,5,0,0,0,0,1,1,6,1,64,9,-1,-1,-1,-1,10,1,E01032300,0
Unvalidated,2024221431973,2024,221431973,2,1,0,18,1,5,0,8,0,0,0,0,4,1,6,1,25,5,-1,-1,-1,-1,-1,-1,-1,0
Unvalidated,2024221432511,2024,221432511,1,9,0,9,5,8,0,6,0,0,0,0,1,1,6,2,35,6,-1,-1,-1,-1,4,1,E01014192,0
Unvalidated,2024221432562,2024,221432562,1,9,0,3,8,4,0,0,0,0,0,0,3,1,5,2,34,6,-1,-1,-1,-1,5,1,E01032264,0
Unvalidated,2024221432562,2024,221432562,2,5,0,18,4,8,0,0,1,0,0,0,3,1,6,1,34,6,-1,-1,-1,-1,2,1,E01032265,0
Unvalidated,2024221432564,2024,221432564,1,21,0,18,4,8,0,0,0,0,1,7,4,1,1,1,45,7,-1,-1,-1,-1,5,1,E01011985,0
Unvalidated,2024221432581,2024,221432581,1,17,0,9,2,8,9,6,0,0,0,0,1,1,1,3,45,7,-1,-1,-1,-1,-1,-1,-1,0
Unvalidated,2024221432581,2024,221432581,2,90,0,18,8,4,9,8,0,0,0,0,4,1,6,1,17,4,-1,-1,-1,-1,2,1,E01032161,0
Unvalidated,2024221432916,2024,221432916,1,9,0,14,6,1,0,0,0,0,0,0,4,1,6,1,64,9,-1,-1,-1,-1,5,3,E01029016,0
Unvalidated,2024221432916,2024,221432916,2,19,0,2,0,0,0,0,0,0,0,0,0,1,1,2,37,7,-1,-1,-1,-1,5,3,E01029005,0
Unvalidated,2024221433003,2024,221433003,1,19,0,18,5,1,0,0,0,0,0,0,4,1,6,1,60,9,-1,-1,-1,-1,-1,-1,-1,0
Unvalidated,2024221433042,2024,221433042,1,9,0,7,7,1,0,6,0,0,0,0,1,1,2,1,35,6,-1,-1,-1,-1,3,1,E01014145,0
Unvalidated,2024221433042,2024,221433042,2,1,0,18,5,1,0,8,0,0,0,0,2,1,6,1,48,8,-1,-1,-1,-1,2,1,E01028983,0
Unvalidated,2024221433045,2024,221433045,1,9,0,18,1,5,0,1,0,0,4,6,1,1,6,2,51,8,-1,-1,-1,-1,5,1,E01032460,0
Unvalidated,2024221433045,2024,221433045,2,9,0,3,1,5,0,1,0,0,0,0,2,1,6,2,34,6,-1,-1,-1,-1,2,1,E01032474,0
Unvalidated,2024221433047,2024,221433047,1,9,0,7,6,8,0,5,0,0,7,11,1,1,6,2,46,8,-1,-1,-1,-1,1,1,E01025590,0
Unvalidated,2024221433109,2024,221433109,1,5,0,18,4,1,0,0,0,0,1,0,4,1,6,1,26,6,-1,-1,-1,-1,2,1,E01014151,0
Unvalidated,2024221433109,2024,221433109,2,9,0,18,1,4,0,0,0,0,0,0,0,1,6,1,50,8,-1,-1,-1,-1,-1,-1,-1,0
Unvalidated,2024221433150,2024,221433150,1,9,-1,-1,-1,-1,-1,-1,-1,-1,-1,0,-1,1,6,1,50,8,-1,-1,-1,-1,2,1,E01032311,0
Unvalidated,2024221433151,2024,221433151,1,19,0,18,5,1,0,3,0,10,7,1,1,1,1,1,72,10,-1,-1,-1,-1,5,3,E01014149,0
Unvalidated,2024221433177,2024,221433177,1,9,0,18,2,6,0,0,0,0,0,0,3,1,6,1,51,8,-1,-1,-1,-1,6,1,E01014133,0
Unvalidated,2024221433256,2024,221433256,1,5,0,18,7,3,0,0,0,10,1,0,1,1,6,1,52,8,-1,-1,-1,-1,-1,-1,-1,0
Unvalidated,2024221433297,2024,221433297,1,9,0,18,8,5,0,0,0,0,0,0,1,1,5,1,21,5,-1,-1,-1,-1,10,1,E01010172,0
Unvalidated,2024221433297,2024,221433297,2,9,0,18,5,8,0,0,0,0,0,0,1,1,6,3,23,5,-1,-1,-1,-1,-1,-1,-1,0
Unvalidated,2024221433488,2024,221433488,1,4,0,13,4,8,0,8,0,0,0,0,1,1,6,1,19,4,-1,-1,-1,-1,-1,-1,-1,0
Unvalidated,2024221433488,2024,221433488,2,9,0,9,6,4,0,6,0,0,0,0,3,1,6,1,59,9,-1,-1,-1,-1,3,1,E01014141,0
Unvalidated,2024221433772,2024,221433772,1,9,0,9,3,1,0,6,0,0,0,0,1,1,6,2,27,6,-1,-1,-1,-1,4,1,E01032370,0
Unvalidated,2024221433772,2024,221433772,2,9,0,18,1,5,0,8,0,0,0,0,1,1,6,1,64,9,-1,-1,-1,-1,2,1,E01033248,0
Unvalidated,2024221433867,2024,221433867,1,9,0,18,5,1,0,0,1,0,0,0,1,1,6,1,57,9,-1,-1,-1,-1,5,3,E01028843,0
Unvalidated,2024221433867,2024,221433867,2,9,0,4,5,1,0,0,0,0,1,0,2,1,6,2,33,6,-1,-1,-1,-1,5,3,E01028996,0
Unvalidated,2024221433867,2024,221433867,3,9,0,4,5,1,0,0,0,0,0,0,2,1,6,1,58,9,-1,-1,-1,-1,8,2,E01029001,0
Unvalidated,2024221434139,2024,221434139,1,9,0,18,8,4,0,8,1,0,0,0,1,1,6,1,20,4,-1,-1,-1,-1,5,1,E01032279,0
Unvalidated,2024221434139,2024,221434139,2,90,4,9,2,8,0,6,0,0,0,0,3,1,6,1,75,10,-1,-1,-1,-1,8,3,E01032190,0
Unvalidated,2024221434144,2024,221434144,1,9,0,13,5,1,0,0,2,0,0,0,4,1,5,1,51,8,-1,-1,-1,-1,2,1,E01009981,0
Unvalidated,2024221434144,2024,221434144,2,9,0,18,5,1,0,0,1,0,0,0,3,1,1,1,33,6,-1,-1,-1,-1,3,1,E01010218,0
Unvalidated,2024221434269,2024,221434269,1,9,0,18,4,8,0,8,0,0,0,0,1,1,6,1,60,9,-1,-1,-1,-1,5,3,E01029696,0
Unvalidated,2024221434269,2024,221434269,2,1,0,9,4,2,0,5,0,0,0,0,2,1,2,2,26,6,-1,-1,-1,-1,2,1,E01028873,0
Unvalidated,2024221434326,2024,221434326,1,9,0,18,6,8,0,0,0,0,0,0,1,1,6,3,45,7,-1,-1,-1,-1,-1,-1,-1,0
Unvalidated,2024221434326,2024,221434326,2,1,0,18,6,8,0,0,1,0,0,0,4,1,5,1,72,10,-1,-1,-1,-1,2,3,W01000498,0
Unvalidated,2024221434408,2024,221434408,1,20,0,18,5,1,0,0,0,0,0,0,4,1,6,3,46,8,-1,-1,-1,-1,-1,-1,-1,0
Unvalidated,2024221434553,2024,221434553,1,9,0,18,6,2,0,8,0,10,1,2,1,1,6,2,21,5,-1,-1,-1,-1,5,1,E01032295,0
Unvalidated,2024221434661,2024,221434661,1,9,0,5,4,1,0,4,0,0,0,0,1,1,2,1,62,9,-1,-1,-1,-1,5,3,E01032414,0
Unvalidated,2024221434661,2024,221434661,2,1,0,9,1,6,0,8,0,0,0,0,4,1,6,1,59,9,-1,-1,-1,-1,-1,-1,-1,0
Unvalidated,2024221434703,2024,221434703,1,9,0,18,4,8,0,0,0,0,0,0,1,1,6,2,19,4,-1,-1,-1,-1,9,1,E01013987,0
Unvalidated,2024221434703,2024,221434703,2,9,0,4,4,8,0,0,0,0,0,0,2,1,6,2,34,6,-1,-1,-1,-1,3,1,E01014010,0
Unvalidated,2024221434997,2024,221434997,1,9,0,18,1,5,0,8,0,0,0,0,4,1,1,1,48,8,-1,-1,-1,-1,1,1,E01008905,0
Unvalidated,2024221434997,2024,221434997,2,9,0,9,3,1,0,6,0,0,0,0,1,1,6,3,20,4,-1,-1,-1,-1,-1,-1,-1,0
Unvalidated,2024221435024,2024,221435024,1,9,0,9,6,5,0,5,0,0,0,0,3,1,6,2,27,6,-1,-1,-1,-1,-1,-1,-1,0
Unvalidated,2024221435024,2024,221435024,2,1,0,13,6,2,0,8,0,0,0,0,4,1,5,1,65,9,-1,-1,-1,-1,5,3,E01028980,0
Unvalidated,2024221435106,2024,221435106,1,19,0,18,6,2,0,8,0,0,0,0,1,1,1,1,32,6,-1,-1,-1,-1,7,3,E01028918,0
Unvalidated,2024221435106,2024,221435106,2,9,0,9,6,4,0,5,0,0,0,0,2,1,3,2,49,8,-1,-1,-1,-1,5,3,E01028928,0
Unvalidated,2024221435166,2024,221435166,1,9,0,7,6,8,0,3,1,0,7,0,1,1,6,1,23,5,-1,-1,-1,-1,-1,-1,-1,0
Unvalidated,2024221435166,2024,221435166,2,9,0,4,8,4,0,1,0,0,0,0,1,1,6,2,65,9,-1,-1,-1,-1,7,2,E01032124,0
Unvalidated,2024221435166,2024,221435166,3,9,0,4,8,4,0,1,0,0,0,0,1,1,6,2,48,8,-1,-1,-1,-1,2,1,E01032278,0
Unvalidated,2024221435446,2024,221435446,1,9,0,18,6,2,0,0,0,4,1,2,1,1,1,1,27,6,-1,-1,-1,-1,-1,-1,-1,0
Unvalidated,2024221435446,2024,221435446,2,9,0,2,0,0,0,0,0,0,0,0,1,1,6,1,58,9,-1,-1,-1,-1,6,1,E01032174,0
Unvalidated,2024221435485,2024,221435485,1,9,0,18,8,4,0,8,0,0,0,0,1,1,5,1,78,11,-1,-1,-1,-1,6,3,E01032417,0
Unvalidated,2024221435485,2024,221435485,2,19,0,6,4,4,0,8,0,0,0,0,2,1,5,1,50,8,-1,-1,-1,-1,10,1,E01032284,0
Unvalidated,2024221435531,2024,221435531,1,5,0,7,4,6,0,3,0,10,0,0,1,1,6,1,57,9,-1,-1,-1,-1,7,1,E01032209,0
Unvalidated,2024221435543,2024,221435543,1,9,0,9,4,2,0,5,0,0,0,0,1,1,6,2,33,6,-1,-1,-1,-1,7,1,E01032249,0
Unvalidated,2024221435543,2024,221435543,2,9,0,13,8,4,0,8,0,10,1,0,1,1,6,1,41,7,-1,-1,-1,-1,4,1,E01032254,0
Unvalidated,2024221435596,2024,221435596,1,9,0,9,3,8,0,6,0,0,0,0,3,1,6,2,40,7,-1,-1,-1,-1,10,1,E01032135,0
Unvalidated,2024221435596,2024,221435596,2,9,0,18,8,6,0,8,0,0,0,0,1,1,2,2,34,6,-1,-1,-1,-1,3,1,E01008945,0
Unvalidated,2024221435640,2024,221435640,1,9,0,18,2,6,0,0,2,0,7,9,1,1,6,1,27,6,-1,-1,-1,-1,-1,-1,-1,0
Unvalidated,2024221435704,2024,221435704,1,9,0,13,1,5,0,0,0,0,0,0,4,1,6,1,67,10,-1,-1,-1,-1,6,1,E01032244,0
Unvalidated,2024221435704,2024,221435704,2,1,0,18,1,5,0,0,0,0,0,0,3,1,6,1,14,3,-1,-1,-1,-1,2,1,E01032265,0
Unvalidated,2024221435856,2024,221435856,1,9,0,18,6,2,0,0,1,0,1,11,1,1,1,2,38,7,-1,-1,-1,-1,4,3,E01029003,0
Unvalidated,2024221435876,2024,221435876,1,9,0,18,5,2,0,0,0,0,0,0,4,1,6,2,65,9,-1,-1,-1,-1,2,1,E01028983,0
Unvalidated,2024221435908,2024,221435908,1,9,0,18,8,4,0,4,0,4,0,0,1,1,6,1,17,4,-1,-1,-1,-1,4,1,E01028958,0
Unvalidated,2024221435908,2024,221435908,2,9,0,2,0,0,0,8,0,0,0,0,2,1,6,1,36,7,-1,-1,-1,-1,-1,-1,-1,0
Unvalidated,2024221435934,2024,221435934,1,9,0,18,5,1,0,4,0,0,0,0,1,1,6,1,77,11,-1,-1,-1,-1,9,1,E01033528,0
Unvalidated,2024221435934,2024,221435934,2,9,0,4,5,1,0,1,0,0,0,0,2,1,2,1,27,6,-1,-1,-1,-1,10,1,E01028949,0
Unvalidated,2024221435950,2024,221435950,1,11,0,9,7,4,0,5,0,0,0,0,3,1,1,1,69,10,-1,-1,-1,-1,1,1,E01009074,0
Unvalidated,2024221436044,2024,221436044,1,9,0,18,2,5,0,0,0,0,0,0,4,1,3,1,47,8,-1,-1,-1,-1,5,1,E01028982,0
Unvalidated,2024221436100,2024,221436100,1,2,0,18,3,7,0,8,0,0,0,0,1,1,6,1,17,4,-1,-1,-1,-1,6,2,E01028971,0
Unvalidated,2024221436100,2024,221436100,2,9,0,9,7,5,0,5,0,0,0,0,4,1,6,1,51,8,-1,-1,-1,-1,5,2,E01028890,0
Unvalidated,2024221436251,2024,221436251,1,4,0,18,2,7,0,0,0,10,1,0,1,1,6,1,39,7,-1,-1,-1,-1,2,1,E01032470,0
Unvalidated,2024221436263,2024,221436263,1,3,0,18,8,4,0,0,0,0,0,0,1,1,6,1,40,7,-1,-1,-1,-1,8,3,E01013990,0
Unvalidated,2024221436263,2024,221436263,2,9,0,18,4,8,0,0,0,0,0,0,1,1,6,1,20,4,-1,-1,-1,-1,-1,-1,-1,0
Unvalidated,2024221436577,2024,221436577,1,9,0,18,3,7,0,0,1,0,1,4,1,1,5,1,23,5,-1,-1,-1,-1,4,3,E01014017,0
Unvalidated,2024221436875,2024,221436875,1,11,0,18,8,3,0,0,0,0,0,0,1,1,1,1,24,5,-1,-1,-1,-1,9,1,E01028966,0
Unvalidated,2024221436934,2024,221436934,1,9,0,13,6,2,0,0,0,0,0,0,1,1,1,1,22,5,-1,-1,-1,-1,4,1,E01028876,0
Unvalidated,2024221436934,2024,221436934,2,9,0,18,2,6,0,0,0,0,1,10,1,1,6,2,72,10,-1,-1,-1,-1,6,1,E01028874,0
Unvalidated,2024221436934,2024,221436934,3,17,4,18,6,2,0,0,0,0,0,0,0,1,1,1,49,8,-1,-1,-1,-1,4,3,E01028882,0
Unvalidated,2024221437262,2024,221437262,1,9,0,18,8,4,0,1,0,0,0,0,1,1,6,2,32,6,-1,-1,-1,-1,-1,3,-1,0
Unvalidated,2024221437262,2024,221437262,2,9,0,4,8,4,0,1,0,0,0,0,2,1,5,2,32,6,-1,-1,-1,-1,5,1,E01028904,0
Unvalidated,2024221437315,2024,221437315,1,9,0,18,4,8,0,8,2,10,4,6,1,1,5,1,66,10,-1,-1,-1,-1,5,3,E01032391,0
Unvalidated,2024221437315,2024,221437315,2,9,0,9,6,4,0,7,0,0,0,0,1,1,6,1,49,8,-1,-1,-1,-1,3,1,E01032267,0
Unvalidated,2024221437483,2024,221437483,1,9,0,18,1,4,0,0,0,0,0,0,1,1,6,1,24,5,-1,-1,-1,-1,1,1,E01032368,0
Unvalidated,2024221437483,2024,221437483,2,9,0,18,4,1,0,0,0,0,1,9,1,1,2,1,55,8,-1,-1,-1,-1,9,1,E01022422,0
Unvalidated,2024221437548,2024,221437548,1,5,0,18,3,7,0,1,0,0,0,0,1,1,5,1,52,8,-1,-1,-1,-1,3,1,E01009772,0
Unvalidated,2024221437548,2024,221437548,2,5,0,4,3,7,0,1,0,0,0,0,2,1,5,1,37,7,-1,-1,-1,-1,3,1,E01009772,0
Unvalidated,2024221437548,2024,221437548,3,5,0,14,3,7,0,1,0,0,0,0,0,1,5,1,47,8,-1,-1,-1,-1,3,1,E01009777,0