status,collision_index,collision_year,collision_reference,vehicle_reference,vehicle_type,towing_and_articulation,vehicle_manoeuvre,vehicle_direction_from,vehicle_direction_to,vehicle_location_restricted_lane,junction_location,skidding_and_overturning,hit_object_in_carriageway,vehicle_leaving_carriageway,hit_object_off_carriageway,first_point_of_impact,vehicle_left_hand_drive,journey_purpose_of_driver,sex_of_driver,age_of_driver,age_band_of_driver,engine_capacity_cc,propulsion_code,age_of_vehicle,generic_make_model,driver_imd_decile,driver_home_area_type,lsoa_of_driver,escooter_flag
Unvalidated,2024221437558,2024,221437558,1,9,0,18,3,6,0,1,0,0,0,0,1,1,6,2,46,8,-1,-1,-1,-1,5,1,E01009267,0
Unvalidated,2024221437688,2024,221437688,1,9,0,18,8,2,0,0,0,0,0,0,1,1,6,1,22,5,-1,-1,-1,-1,9,2,E01032429,0
Unvalidated,2024221437688,2024,221437688,2,4,0,18,2,8,0,0,1,0,1,9,1,1,6,1,19,4,-1,-1,-1,-1,6,3,E01032472,0
Unvalidated,2024221437707,2024,221437707,1,9,0,18,6,2,0,8,0,0,0,0,1,1,6,1,45,7,-1,-1,-1,-1,6,3,E01032166,0
Unvalidated,2024221437707,2024,221437707,2,9,0,4,6,2,0,8,0,0,0,0,2,1,6,2,36,7,-1,-1,-1,-1,9,2,E01032125,0
Unvalidated,2024221437707,2024,221437707,3,9,0,10,6,4,0,8,0,0,0,0,2,1,6,2,47,8,-1,-1,-1,-1,10,1,E01032154,0
Unvalidated,2024221437862,2024,221437862,1,9,0,9,6,4,0,5,0,0,0,0,3,1,1,2,40,7,-1,-1,-1,-1,8,1,E01032195,0
Unvalidated,2024221437862,2024,221437862,2,9,0,18,2,6,0,8,0,0,0,0,1,1,5,1,79,11,-1,-1,-1,-1,-1,-1,-1,0
Unvalidated,2024221437952,2024,221437952,1,9,0,18,1,5,0,0,0,0,1,9,1,1,5,1,69,10,-1,-1,-1,-1,4,1,E01032152,0
Unvalidated,2024221438109,2024,221438109,1,9,0,18,2,8,0,0,2,10,7,0,4,1,6,1,18,4,-1,-1,-1,-1,3,2,E01014005,0
Unvalidated,2024221438120,2024,221438120,1,5,0,18,8,4,0,0,0,10,0,0,4,1,5,1,75,10,-1,-1,-1,-1,9,1,E01009823,0
Unvalidated,2024221438177,2024,221438177,1,21,1,12,8,2,0,7,0,0,0,0,3,1,1,1,36,7,-1,-1,-1,-1,-1,-1,-1,0
Unvalidated,2024221438177,2024,221438177,2,9,0,18,8,2,0,7,0,0,1,0,4,1,6,2,42,7,-1,-1,-1,-1,4,1,E01010489,0
Unvalidated,2024221438233,2024,221438233,1,9,0,18,5,1,0,0,0,4,0,0,1,1,2,1,36,7,-1,-1,-1,-1,6,1,E01032188,0
Unvalidated,2024221438233,2024,221438233,2,9,0,2,0,0,0,0,0,0,0,0,1,1,5,2,51,8,-1,-1,-1,-1,8,1,E01032189,0
Unvalidated,2024221438272,2024,221438272,1,9,0,10,6,4,0,8,0,0,0,0,2,1,2,1,28,6,-1,-1,-1,-1,9,2,E01032183,0
Unvalidated,2024221438272,2024,221438272,2,9,0,18,6,2,0,8,0,0,0,0,1,1,6,1,79,11,-1,-1,-1,-1,5,3,E01032212,0
Unvalidated,2024221438387,2024,221438387,1,3,0,18,1,4,0,3,0,0,0,0,1,1,6,1,42,7,-1,-1,-1,-1,4,1,E01022240,0
Unvalidated,2024221438387,2024,221438387,2,9,0,9,1,6,0,8,0,0,0,0,3,1,6,2,58,9,-1,-1,-1,-1,-1,2,-1,0
Unvalidated,2024221438407,2024,221438407,1,9,0,4,8,4,0,8,1,0,7,9,1,1,6,1,21,5,-1,-1,-1,-1,4,1,W01001297,0
Unvalidated,2024221438651,2024,221438651,1,9,0,18,4,1,0,0,0,0,0,0,1,1,6,2,30,6,-1,-1,-1,-1,7,2,E01028921,0
Unvalidated,2024221438651,2024,221438651,2,9,0,18,1,4,0,0,0,0,0,0,1,1,6,2,31,6,-1,-1,-1,-1,7,2,E01028921,0
Unvalidated,2024221438682,2024,221438682,1,9,0,12,7,3,0,1,2,0,2,7,4,1,6,2,38,7,-1,-1,-1,-1,2,1,E01010506,0
Unvalidated,2024221438809,2024,221438809,1,9,0,18,6,2,0,4,0,0,0,0,1,1,6,3,43,7,-1,-1,-1,-1,-1,-1,-1,0
Unvalidated,2024221438809,2024,221438809,2,1,0,18,4,8,0,8,0,0,0,0,4,1,6,1,56,9,-1,-1,-1,-1,4,1,E01014169,0
Unvalidated,2024221438940,2024,221438940,1,9,0,18,6,8,0,0,0,0,0,0,1,1,6,1,24,5,-1,-1,-1,-1,4,1,E01014041,0
Unvalidated,2024221438940,2024,221438940,2,9,0,18,8,6,0,0,0,0,0,0,1,1,6,1,29,6,-1,-1,-1,-1,2,1,E01006869,0
Unvalidated,2024221438940,2024,221438940,3,9,0,18,6,8,0,0,0,0,0,0,0,1,6,3,40,7,-1,-1,-1,-1,-1,-1,-1,0
Unvalidated,2024221438940,2024,221438940,4,9,0,18,6,8,0,0,0,0,0,0,0,1,6,1,40,7,-1,-1,-1,-1,5,1,E01014045,0
Unvalidated,2024221439216,2024,221439216,1,9,0,18,8,6,0,0,1,10,1,9,1,1,5,1,18,4,-1,-1,-1,-1,4,1,E01032194,0
Unvalidated,2024221439216,2024,221439216,2,9,0,18,8,6,0,0,1,4,8,0,1,1,5,1,19,4,-1,-1,-1,-1,1,1,E01032204,0
Unvalidated,2024221439216,2024,221439216,3,9,0,2,0,0,0,0,0,0,0,0,2,1,5,1,17,4,-1,-1,-1,-1,5,1,E01032196,0
Unvalidated,2024221439255,2024,221439255,1,9,0,18,6,2,0,0,1,0,1,0,1,1,6,1,56,9,-1,-1,-1,-1,10,1,E01032337,0
Unvalidated,2024221439635,2024,221439635,1,9,0,5,8,4,0,0,0,0,0,0,3,1,5,1,24,5,-1,-1,-1,-1,6,3,E01028863,0
Unvalidated,2024221439635,2024,221439635,2,4,0,18,8,4,0,0,0,0,0,0,1,1,6,1,59,9,-1,-1,-1,-1,10,1,E01014190,0
Unvalidated,2024221439760,2024,221439760,1,9,0,18,5,6,0,8,0,0,0,0,1,1,2,1,34,6,-1,-1,-1,-1,7,2,E01028995,0
Unvalidated,2024221439760,2024,221439760,2,9,0,18,6,5,0,8,0,0,1,4,1,1,2,2,50,8,-1,-1,-1,-1,6,3,E01032199,0
Unvalidated,2024221439765,2024,221439765,1,9,0,9,1,7,0,6,0,0,0,0,2,1,5,2,46,8,-1,-1,-1,-1,8,3,E01032190,0
Unvalidated,2024221439765,2024,221439765,2,5,0,13,3,7,0,8,0,0,0,0,1,1,5,1,40,7,-1,-1,-1,-1,9,1,E01032361,0
Unvalidated,2024221439775,2024,221439775,1,9,0,18,6,2,0,0,0,0,0,0,1,1,6,1,22,5,-1,-1,-1,-1,7,2,E01032717,0
Unvalidated,2024221439775,2024,221439775,2,9,0,18,2,6,0,0,0,0,0,0,1,1,6,2,53,8,-1,-1,-1,-1,4,3,E01014015,0
Unvalidated,2024221439794,2024,221439794,1,9,0,18,4,8,0,0,5,0,0,0,3,1,2,1,39,7,-1,-1,-1,-1,4,1,E01006228,0
Unvalidated,2024221439809,2024,221439809,1,9,0,7,3,5,0,6,0,0,0,0,1,1,1,2,47,8,-1,-1,-1,-1,5,3,E01014045,0
Unvalidated,2024221439844,2024,221439844,1,9,0,18,3,7,0,8,0,0,0,0,1,1,2,1,37,7,-1,-1,-1,-1,6,1,E01031234,0
Unvalidated,2024221439844,2024,221439844,2,9,0,10,3,8,0,8,0,0,0,0,2,1,1,2,30,6,-1,-1,-1,-1,10,1,E01009808,0
Unvalidated,2024221439859,2024,221439859,1,9,0,9,6,4,0,6,0,0,0,0,1,1,6,2,43,7,-1,-1,-1,-1,3,1,E01032251,0
Unvalidated,2024221439859,2024,221439859,2,2,0,18,4,8,0,8,0,0,0,0,1,1,6,1,17,4,-1,-1,-1,-1,6,3,E01032352,0
Unvalidated,2024221439904,2024,221439904,1,21,0,18,2,6,0,0,1,0,0,0,1,1,5,1,48,8,-1,-1,-1,-1,4,1,E01032132,0
Unvalidated,2024221439936,2024,221439936,1,9,0,5,6,2,0,6,0,0,0,0,4,1,2,2,50,8,-1,-1,-1,-1,7,3,W01001548,0
Unvalidated,2024221439936,2024,221439936,2,9,0,18,1,5,0,8,0,0,0,0,1,1,2,2,20,4,-1,-1,-1,-1,6,1,E01014095,0
Unvalidated,2024221439971,2024,221439971,1,9,0,18,6,2,0,0,0,4,0,0,1,1,1,2,22,5,-1,-1,-1,-1,10,1,E01032284,0
Unvalidated,2024221439971,2024,221439971,2,9,0,2,0,0,0,0,0,0,0,0,2,1,6,2,55,8,-1,-1,-1,-1,7,3,E01032180,0
Unvalidated,2024221439991,2024,221439991,1,9,0,2,0,0,0,1,0,0,0,0,2,1,6,2,41,7,-1,-1,-1,-1,-1,3,-1,0
Unvalidated,2024221439991,2024,221439991,2,9,0,18,6,2,0,1,0,4,0,0,1,1,6,1,45,7,-1,-1,-1,-1,5,1,W01001102,0
Unvalidated,2024221439991,2024,221439991,3,9,0,18,6,2,0,1,0,4,0,0,4,1,6,1,31,6,-1,-1,-1,-1,6,2,E01032216,0
Unvalidated,2024221440130,2024,221440130,1,9,0,9,7,5,0,5,2,0,0,0,1,1,6,2,55,8,-1,-1,-1,-1,9,1,E01032336,0
Unvalidated,2024221440130,2024,221440130,2,9,0,18,3,7,0,8,1,0,1,11,1,1,6,1,60,9,-1,-1,-1,-1,8,3,E01032223,0
Unvalidated,2024221440144,2024,221440144,1,9,0,18,2,6,0,8,0,0,7,11,4,2,6,2,17,4,-1,-1,-1,-1,3,1,E01032456,0
Unvalidated,2024221440144,2024,221440144,2,9,0,7,3,6,0,6,0,0,0,0,1,1,5,1,81,11,-1,-1,-1,-1,2,1,E01032453,0
Unvalidated,2024221440189,2024,221440189,1,9,0,2,0,0,0,0,0,0,0,0,0,1,6,1,24,5,-1,-1,-1,-1,-1,-1,-1,0
Unvalidated,2024221440189,2024,221440189,2,9,0,5,4,6,0,0,0,0,0,0,1,1,6,1,28,6,-1,-1,-1,-1,-1,-1,-1,0
Unvalidated,2024221440328,2024,221440328,1,3,0,18,1,3,0,0,1,0,0,0,1,1,6,1,17,4,-1,-1,-1,-1,5,3,E01033529,0
Unvalidated,2024221440328,2024,221440328,2,9,0,18,3,1,0,0,0,0,0,0,3,1,6,1,22,5,-1,-1,-1,-1,5,1,E01032460,0
Unvalidated,2024221440350,2024,221440350,1,19,0,18,6,1,0,0,0,0,0,0,1,2,1,1,55,8,-1,-1,-1,-1,1,1,E01032318,0
Unvalidated,2024221440350,2024,221440350,2,4,0,18,1,6,0,0,0,0,0,0,1,1,6,1,32,6,-1,-1,-1,-1,-1,-1,-1,0
Unvalidated,2024221440605,2024,221440605,1,9,0,9,1,6,0,7,0,0,0,0,1,1,6,2,40,7,-1,-1,-1,-1,6,1,E01010221,0
Unvalidated,2024221440605,2024,221440605,2,9,0,18,6,2,0,8,0,0,0,0,4,1,6,1,32,6,-1,-1,-1,-1,2,1,E01032250,0
Unvalidated,2024221440721,2024,221440721,1,9,0,3,8,3,0,1,0,0,0,0,2,1,5,2,42,7,-1,-1,-1,-1,6,1,E01032244,0
Unvalidated,2024221440721,2024,221440721,2,9,0,18,8,3,0,4,0,0,0,0,1,1,6,1,45,7,-1,-1,-1,-1,2,1,E01032262,0
Unvalidated,2024221440934,2024,221440934,1,19,0,18,4,8,0,6,0,0,1,1,1,1,2,1,49,8,-1,-1,-1,-1,4,1,E01032397,0
Unvalidated,2024221440934,2024,221440934,2,20,1,18,6,2,0,8,0,0,0,0,3,1,1,1,60,9,-1,-1,-1,-1,2,1,E01004140,0
Unvalidated,2024221441013,2024,221441013,1,9,0,4,6,2,0,1,0,0,1,0,2,1,1,1,40,7,-1,-1,-1,-1,10,1,E01032151,0
Unvalidated,2024221441013,2024,221441013,2,9,0,18,6,2,0,1,0,0,0,0,1,1,6,2,60,9,-1,-1,-1,-1,4,1,E01032132,0
Unvalidated,2024221441149,2024,221441149,1,9,0,18,4,8,0,0,5,4,0,0,1,1,5,1,84,11,-1,-1,-1,-1,-1,-1,-1,0
Unvalidated,2024221441149,2024,221441149,2,9,0,2,0,0,0,0,0,0,0,0,2,1,6,3,45,7,-1,-1,-1,-1,-1,-1,-1,0
Unvalidated,2024221441215,2024,221441215,1,9,0,4,4,8,0,1,0,0,0,0,2,1,6,2,41,7,-1,-1,-1,-1,9,1,E01032326,0
Unvalidated,2024221441215,2024,221441215,2,9,0,18,4,8,0,4,0,0,0,0,1,1,6,1,48,8,-1,-1,-1,-1,-1,-1,-1,0
Unvalidated,2024221441244,2024,221441244,1,9,0,18,1,5,0,0,0,0,0,0,1,1,6,3,24,5,-1,-1,-1,-1,-1,-1,-1,0
Unvalidated,2024221441371,2024,221441371,1,9,0,9,8,6,0,5,0,0,0,0,1,1,6,1,50,8,-1,-1,-1,-1,1,1,E01009836,0
Unvalidated,2024221441371,2024,221441371,2,9,4,18,4,8,0,8,0,0,0,0,1,1,1,1,66,10,-1,-1,-1,-1,6,3,E01031193,0
Unvalidated,2024221441371,2024,221441371,3,9,0,18,8,4,0,8,0,0,0,0,3,1,1,1,46,8,-1,-1,-1,-1,8,1,E01027973,0
Unvalidated,2024221441609,2024,221441609,1,9,0,9,7,4,0,6,0,0,0,0,3,1,6,2,30,6,-1,-1,-1,-1,2,1,E01009340,0
Unvalidated,2024221441609,2024,221441609,2,9,0,18,4,1,0,8,0,0,0,0,1,1,6,1,59,9,-1,-1,-1,-1,5,3,E01017586,0
Unvalidated,2024221441615,2024,221441615,1,19,0,18,4,8,0,8,0,0,1,0,1,1,1,1,44,7,-1,-1,-1,-1,8,2,E01029706,0
Unvalidated,2024221441615,2024,221441615,2,9,0,4,4,8,0,8,0,0,0,0,2,1,6,1,29,6,-1,-1,-1,-1,4,1,E01033622,0
Unvalidated,2024221441615,2024,221441615,3,9,0,18,8,4,0,8,0,0,0,0,1,1,6,2,42,7,-1,-1,-1,-1,9,1,E01028929,0
Unvalidated,2024221441771,2024,221441771,1,19,0,13,4,8,0,8,0,0,0,0,1,1,6,2,29,6,-1,-1,-1,-1,4,1,E01032194,0
Unvalidated,2024221441771,2024,221441771,2,9,0,4,6,2,0,8,0,0,0,0,2,1,6,1,66,10,-1,-1,-1,-1,5,3,E01014008,0
Unvalidated,2024221441803,2024,221441803,1,9,0,18,4,8,0,0,0,0,0,0,3,1,6,1,47,8,-1,-1,-1,-1,-1,-1,-1,0
Unvalidated,2024221441803,2024,221441803,2,1,0,18,8,4,0,0,0,0,0,0,3,1,6,1,21,5,-1,-1,-1,-1,8,1,E01032329,0
Unvalidated,2024221441872,2024,221441872,1,9,0,18,4,6,0,0,0,0,0,0,1,1,5,2,91,11,-1,-1,-1,-1,4,1,E01032445,0
Unvalidated,2024221441872,2024,221441872,2,19,0,18,6,4,0,0,0,0,0,0,3,1,6,1,24,5,-1,-1,-1,-1,4,1,E01009824,0
Unvalidated,2024221441968,2024,221441968,1,21,1,13,1,5,0,0,0,0,0,0,4,1,1,3,56,9,-1,-1,-1,-1,-1,-1,-1,0
Unvalidated,2024221441968,2024,221441968,2,9,0,18,1,5,0,0,0,0,0,0,3,1,5,2,51,8,-1,-1,-1,-1,7,3,E01013242,0
Unvalidated,2024221442063,2024,221442063,1,5,0,13,6,2,0,0,0,0,0,0,1,1,6,1,69,10,-1,-1,-1,-1,7,3,E01029012,0
Unvalidated,2024221442063,2024,221442063,2,19,0,18,2,6,0,0,5,0,7,4,1,1,2,1,23,5,-1,-1,-1,-1,4,2,E01029010,0
Unvalidated,2024221442063,2024,221442063,3,21,1,18,6,2,0,0,1,0,0,0,3,1,1,1,48,8,-1,-1,-1,-1,5,1,W01001432,0
Unvalidated,2024221442063,2024,221442063,4,9,0,18,6,2,0,0,0,0,0,0,0,1,2,1,45,7,-1,-1,-1,-1,4,1,E01014011,0
Unvalidated,2024221442088,2024,221442088,1,9,0,9,3,8,0,6,0,0,0,0,1,1,6,1,67,10,-1,-1,-1,-1,3,1,E01028903,0
Unvalidated,2024221442240,2024,221442240,1,9,0,18,4,8,0,0,0,0,0,0,1,1,6,1,42,7,-1,-1,-1,-1,4,1,E01014085,0
Unvalidated,2024221442240,2024,221442240,2,1,0,18,6,2,0,0,0,0,0,0,3,1,5,1,14,3,-1,-1,-1,-1,6,3,E01014082,0
Unvalidated,2024221442271,2024,221442271,1,9,0,18,7,3,0,0,0,0,0,0,1,1,5,1,80,11,-1,-1,-1,-1,9,1,E01022582,0
Unvalidated,2024221442271,2024,221442271,2,9,0,18,3,7,0,0,0,0,7,0,1,1,5,1,73,10,-1,-1,-1,-1,9,1,E01032185,0
Unvalidated,2024221442288,2024,221442288,1,9,0,6,5,5,0,0,0,0,0,0,3,1,6,1,29,6,-1,-1,-1,-1,4,1,E01009871,0
Unvalidated,2024221442288,2024,221442288,2,9,0,18,5,1,0,0,0,0,0,0,1,1,6,2,20,4,-1,-1,-1,-1,4,3,E01032432,0
Unvalidated,2024221442335,2024,221442335,1,9,0,9,6,5,0,5,0,0,0,0,4,1,6,1,57,9,-1,-1,-1,-1,3,1,E01009120,0
Unvalidated,2024221442335,2024,221442335,2,9,0,18,2,6,0,8,0,0,0,0,1,1,6,2,37,7,-1,-1,-1,-1,1,1,E01032434,0
Unvalidated,2024221442412,2024,221442412,1,9,0,18,2,6,0,0,2,0,0,0,1,1,5,1,55,8,-1,-1,-1,-1,3,1,W01001247,0
Unvalidated,2024221442488,2024,221442488,1,11,0,4,2,5,0,0,0,0,0,0,2,1,3,1,47,8,-1,-1,-1,-1,7,1,W01000341,0
Unvalidated,2024221442488,2024,221442488,2,11,0,18,2,5,0,0,0,0,0,0,1,1,3,1,24,5,-1,-1,-1,-1,5,3,E01028872,0
Unvalidated,2024221442506,2024,221442506,1,9,0,18,2,6,0,6,1,0,3,0,3,1,6,1,18,4,-1,-1,-1,-1,7,2,E01031216,0
Unvalidated,2024221442506,2024,221442506,2,9,0,18,7,5,0,8,1,0,0,0,1,1,6,1,25,5,-1,-1,-1,-1,4,1,E01028532,0
Unvalidated,2024221442520,2024,221442520,1,9,0,7,7,2,0,6,0,0,0,0,3,1,6,1,74,10,-1,-1,-1,-1,5,1,E01014063,0
Unvalidated,2024221442520,2024,221442520,2,21,1,18,5,2,0,8,1,0,0,0,1,1,1,1,53,8,-1,-1,-1,-1,-1,-1,-1,0
Unvalidated,2024221442524,2024,221442524,1,9,0,6,2,2,0,1,0,0,0,0,3,1,6,1,60,9,-1,-1,-1,-1,3,1,E01010479,0
Unvalidated,2024221442524,2024,221442524,2,5,0,14,2,6,0,1,0,0,0,0,1,1,6,1,57,9,-1,-1,-1,-1,5,1,E01009882,0
Unvalidated,2024221442558,2024,221442558,1,9,0,18,3,5,0,8,0,0,0,0,1,1,6,1,71,10,-1,-1,-1,-1,10,1,E01031139,0
Unvalidated,2024221442558,2024,221442558,2,9,0,18,5,3,0,8,0,0,0,0,1,1,6,2,80,11,-1,-1,-1,-1,6,3,E01032213,0
Unvalidated,2024221442650,2024,221442650,1,9,0,9,4,1,0,6,0,0,0,0,1,1,6,1,46,8,-1,-1,-1,-1,3,2,E01033526,0
Unvalidated,2024221442650,2024,221442650,2,1,0,18,1,6,0,8,0,0,0,0,4,1,5,1,62,9,-1,-1,-1,-1,6,2,E01033527,0
Unvalidated,2024221442666,2024,221442666,1,9,0,18,4,6,0,0,0,0,0,0,1,1,6,2,38,7,-1,-1,-1,-1,-1,-1,-1,0
Unvalidated,2024221442666,2024,221442666,2,9,0,18,6,4,0,0,0,0,0,0,1,1,6,2,29,6,-1,-1,-1,-1,6,3,E01032401,0
Unvalidated,2024221443003,2024,221443003,1,9,0,9,8,7,0,8,0,0,0,0,3,1,6,2,45,7,-1,-1,-1,-1,4,1,E01014122,0
Unvalidated,2024221443003,2024,221443003,2,9,0,18,8,4,0,3,0,0,0,0,4,1,6,1,28,6,-1,-1,-1,-1,4,1,E01014128,0
Unvalidated,2024221443023,2024,221443023,1,9,0,18,2,6,0,2,0,0,4,6,1,1,6,2,79,11,-1,-1,-1,-1,4,1,W01001405,0
Unvalidated,2024221443023,2024,221443023,2,90,0,18,6,2,0,1,0,0,0,0,1,1,6,1,59,9,-1,-1,-1,-1,2,1,E01009874,0
Unvalidated,2024221443042,2024,221443042,1,9,0,18,3,7,0,8,0,0,1,4,2,1,6,1,34,6,-1,-1,-1,-1,7,3,E01014204,0
Unvalidated,2024221443042,2024,221443042,2,9,0,18,5,1,0,6,0,0,0,0,1,1,6,1,39,7,-1,-1,-1,-1,7,1,E01028941,0
Unvalidated,2024221443049,2024,221443049,1,9,0,18,5,1,0,4,0,0,0,0,1,1,6,1,26,6,-1,-1,-1,-1,3,1,E01014141,0
Unvalidated,2024221443049,2024,221443049,2,5,0,3,5,1,0,1,0,10,1,0,2,1,2,1,52,8,-1,-1,-1,-1,4,1,E01014158,0
Unvalidated,2024221443112,2024,221443112,1,9,0,7,2,4,0,4,0,0,0,0,1,1,6,3,26,6,-1,-1,-1,-1,-1,-1,-1,0
Unvalidated,2024221443112,2024,221443112,2,1,0,18,2,6,0,4,0,0,0,0,2,1,6,1,58,9,-1,-1,-1,-1,2,1,E01014140,0
Unvalidated,2024221443121,2024,221443121,1,9,0,18,8,4,0,8,0,0,0,0,1,1,6,2,52,8,-1,-1,-1,-1,7,3,E01018449,0
Unvalidated,2024221443121,2024,221443121,2,19,0,9,3,8,0,6,0,0,0,0,3,1,1,1,59,9,-1,-1,-1,-1,8,2,E01028883,0
Unvalidated,2024221443219,2024,221443219,1,9,0,18,4,8,0,0,2,10,1,10,1,1,6,2,32,6,-1,-1,-1,-1,7,3,E01028899,0
Unvalidated,2024221443279,2024,221443279,1,9,0,18,2,7,0,8,0,0,0,0,1,1,3,2,27,6,-1,-1,-1,-1,6,1,E01014180,0
Unvalidated,2024221443279,2024,221443279,2,19,4,9,7,6,0,5,0,0,0,0,4,1,1,1,31,6,-1,-1,-1,-1,1,1,E01009983,0
Unvalidated,2024221443312,2024,221443312,1,9,0,12,1,7,0,8,1,0,0,0,3,1,6,1,46,8,-1,-1,-1,-1,-1,-1,-1,0
Unvalidated,2024221443312,2024,221443312,2,9,0,9,1,7,0,8,1,0,0,0,4,1,5,2,33,6,-1,-1,-1,-1,7,1,E01028941,0
Unvalidated,2024221443347,2024,221443347,1,20,0,1,3,7,0,0,0,0,0,0,2,1,1,1,51,8,-1,-1,-1,-1,5,1,E01009888,0
Unvalidated,2024221443347,2024,221443347,2,1,0,18,7,3,0,0,0,0,0,0,1,1,6,1,79,11,-1,-1,-1,-1,6,1,E01009069,0
Unvalidated,2024221443539,2024,221443539,1,21,1,18,1,6,0,0,0,0,0,0,3,1,1,1,45,7,-1,-1,-1,-1,8,1,E01029383,0
Unvalidated,2024221443539,2024,221443539,2,21,0,18,6,1,0,0,0,0,0,0,3,1,1,1,54,8,-1,-1,-1,-1,3,1,E01012539,0
Unvalidated,2024221443597,2024,221443597,1,9,0,4,6,2,0,1,0,0,0,0,2,1,6,1,45,7,-1,-1,-1,-1,3,1,W01000423,0
Unvalidated,2024221443597,2024,221443597,2,9,0,18,6,2,0,1,0,0,0,0,1,1,6,1,42,7,-1,-1,-1,-1,7,3,E01028915,0
Unvalidated,2024221443597,2024,221443597,3,9,0,18,6,2,0,1,0,0,0,0,1,1,6,2,29,6,-1,-1,-1,-1,5,3,E01028928,0
Unvalidated,2024221443597,2024,221443597,4,19,0,3,1,5,0,1,0,0,0,0,2,1,1,1,28,6,-1,-1,-1,-1,4,1,W01000352,0
Unvalidated,2024221443640,2024,221443640,1,9,0,18,5,1,0,8,0,0,0,0,1,1,6,1,54,8,-1,-1,-1,-1,1,1,E01009214,0
Unvalidated,2024221443640,2024,221443640,2,9,0,4,5,3,0,8,0,0,0,0,2,1,6,2,46,8,-1,-1,-1,-1,4,1,E01009162,0
Unvalidated,2024221443731,2024,221443731,1,9,0,14,4,8,0,0,0,0,0,0,1,1,6,1,38,7,-1,-1,-1,-1,7,1,E01032442,0
Unvalidated,2024221443731,2024,221443731,2,1,0,18,8,4,0,0,1,0,0,0,1,1,6,1,48,8,-1,-1,-1,-1,7,1,E01032425,0
Unvalidated,2024221444114,2024,221444114,1,9,0,5,6,2,0,8,0,0,0,0,1,1,6,2,19,4,-1,-1,-1,-1,9,3,W01000346,0
Unvalidated,2024221444114,2024,221444114,2,9,0,5,6,2,0,8,0,0,0,0,2,1,6,2,45,7,-1,-1,-1,-1,8,3,E01028861,0
Unvalidated,2024221444845,2024,221444845,1,9,0,9,8,4,0,6,0,0,0,0,1,1,6,1,32,6,-1,-1,-1,-1,5,3,E01014059,0
Unvalidated,2024221444845,2024,221444845,2,9,0,18,6,2,0,8,0,0,7,0,1,1,6,1,64,9,-1,-1,-1,-1,5,1,E01014063,0
Unvalidated,2024221444950,2024,221444950,1,9,0,4,3,7,0,1,0,0,0,0,1,1,6,1,54,8,-1,-1,-1,-1,2,1,E01014162,0
Unvalidated,2024221444990,2024,221444990,1,9,0,7,4,6,0,6,0,0,0,0,1,1,6,1,57,9,-1,-1,-1,-1,-1,-1,-1,0
Unvalidated,2024221444990,2024,221444990,2,1,0,18,2,6,0,8,0,0,0,0,1,1,6,1,34,6,-1,-1,-1,-1,4,1,E01028965,0
Unvalidated,2024221445026,2024,221445026,1,9,0,18,3,7,0,0,2,0,8,4,1,1,5,1,26,6,-1,-1,-1,-1,5,1,E01014045,0
Unvalidated,2024221445026,2024,221445026,2,9,0,18,3,7,0,0,1,0,0,0,1,1,6,2,77,11,-1,-1,-1,-1,7,1,E01014043,0
Unvalidated,2024221445045,2024,221445045,1,9,0,18,8,4,0,2,0,0,0,0,1,1,6,2,56,9,-1,-1,-1,-1,-1,-1,-1,0
Unvalidated,2024221445102,2024,221445102,1,9,0,1,4,8,0,8,0,0,0,0,2,1,6,2,68,10,-1,-1,-1,-1,4,3,E01014019,0
Unvalidated,2024221445102,2024,221445102,2,1,0,3,8,4,0,8,0,0,0,0,1,1,6,1,61,9,-1,-1,-1,-1,5,3,E01014018,0
Unvalidated,2024221445147,2024,221445147,1,9,0,5,1,5,0,0,1,0,1,10,1,1,6,2,25,5,-1,-1,-1,-1,4,1,E01032342,0
Unvalidated,2024221445160,2024,221445160,1,19,0,18,2,6,0,8,0,0,0,0,1,1,1,1,24,5,-1,-1,-1,-1,6,3,E01022235,0
Unvalidated,2024221445160,2024,221445160,2,9,0,10,2,8,0,8,0,0,0,0,2,1,1,1,41,7,-1,-1,-1,-1,5,1,E01014078,0
Unvalidated,2024221445254,2024,221445254,1,5,0,18,5,2,0,0,0,0,0,0,0,1,5,1,59,9,-1,-1,-1,-1,2,1,E01009944,0
Unvalidated,2024221445312,2024,221445312,1,9,0,18,4,8,0,0,1,0,1,4,1,1,5,1,21,5,-1,-1,-1,-1,1,1,E01008916,0
Unvalidated,2024221445360,2024,221445360,1,9,0,6,2,2,0,8,0,0,0,0,3,1,6,1,26,6,-1,-1,-1,-1,1,1,E01004827,0
Unvalidated,2024221445360,2024,221445360,2,1,0,14,2,8,0,8,0,0,0,0,1,1,5,1,45,7,-1,-1,-1,-1,7,1,E01028988,0
Unvalidated,2024221445372,2024,221445372,1,9,0,18,7,3,0,8,0,0,0,0,1,1,6,2,41,7,-1,-1,-1,-1,3,1,E01014141,0
Unvalidated,2024221445372,2024,221445372,2,5,0,4,7,8,0,8,0,0,0,0,2,1,6,1,47,8,-1,-1,-1,-1,1,1,E01014110,0