status,collision_index,collision_year,collision_reference,vehicle_reference,vehicle_type,towing_and_articulation,vehicle_manoeuvre,vehicle_direction_from,vehicle_direction_to,vehicle_location_restricted_lane,junction_location,skidding_and_overturning,hit_object_in_carriageway,vehicle_leaving_carriageway,hit_object_off_carriageway,first_point_of_impact,vehicle_left_hand_drive,journey_purpose_of_driver,sex_of_driver,age_of_driver,age_band_of_driver,engine_capacity_cc,propulsion_code,age_of_vehicle,generic_make_model,driver_imd_decile,driver_home_area_type,lsoa_of_driver,escooter_flag
Unvalidated,2024221445541,2024,221445541,1,9,0,18,4,8,0,0,5,0,1,3,1,1,6,1,73,10,-1,-1,-1,-1,10,3,E01032346,0
Unvalidated,2024221445627,2024,221445627,1,19,0,1,1,3,0,8,0,4,0,0,2,1,2,1,28,6,-1,-1,-1,-1,2,1,E01009165,0
Unvalidated,2024221445627,2024,221445627,2,9,0,2,0,0,0,8,0,0,0,0,3,1,6,2,31,6,-1,-1,-1,-1,7,1,E01032170,0
Unvalidated,2024221445887,2024,221445887,1,9,0,3,6,2,0,1,0,0,0,0,2,1,6,1,47,8,-1,-1,-1,-1,4,1,E01032152,0
Unvalidated,2024221445887,2024,221445887,2,9,0,18,6,2,0,4,0,0,0,0,1,1,6,1,74,10,-1,-1,-1,-1,9,2,E01031184,0
Unvalidated,2024221445900,2024,221445900,1,19,0,9,5,2,0,3,0,0,0,0,1,1,5,1,29,6,-1,-1,-1,-1,4,2,E01028920,0
Unvalidated,2024221445900,2024,221445900,2,9,0,18,2,5,0,1,0,0,1,10,1,1,6,2,52,8,-1,-1,-1,-1,7,2,W01000501,0
Unvalidated,2024221445955,2024,221445955,1,9,0,18,2,6,0,6,0,0,3,1,1,1,6,1,23,5,-1,-1,-1,-1,5,2,E01029011,0
Unvalidated,2024221446074,2024,221446074,1,9,0,18,1,5,0,0,0,0,0,0,1,1,6,2,62,9,-1,-1,-1,-1,-1,-1,-1,0
Unvalidated,2024221446074,2024,221446074,2,9,0,18,5,1,0,0,0,0,1,0,1,1,6,1,59,9,-1,-1,-1,-1,-1,-1,-1,0
Unvalidated,2024221446283,2024,221446283,1,9,0,9,8,7,0,6,0,0,0,0,1,1,6,1,55,8,-1,-1,-1,-1,6,1,E01028924,0
Unvalidated,2024221446283,2024,221446283,2,9,0,18,7,3,0,8,1,0,0,0,1,1,6,1,27,6,-1,-1,-1,-1,3,1,E01028903,0
Unvalidated,2024221446283,2024,221446283,3,9,0,18,3,7,0,8,0,0,0,0,1,1,6,2,59,9,-1,-1,-1,-1,5,2,E01028928,0
Unvalidated,2024221446598,2024,221446598,1,5,0,18,8,4,0,0,0,0,0,0,1,1,6,1,38,7,-1,-1,-1,-1,5,1,E01032457,0
Unvalidated,2024221446598,2024,221446598,2,90,0,4,8,4,0,0,0,0,0,0,2,1,2,1,40,7,-1,-1,-1,-1,2,1,E01032453,0
Unvalidated,2024221446977,2024,221446977,1,9,0,9,6,4,0,8,0,0,0,0,4,1,6,2,59,9,-1,-1,-1,-1,6,1,E01028878,0
Unvalidated,2024221446977,2024,221446977,2,9,0,18,2,6,0,4,0,0,0,0,1,1,6,2,82,11,-1,-1,-1,-1,6,1,E01028874,0
Unvalidated,2024221447119,2024,221447119,1,9,0,18,4,8,0,0,5,0,8,10,1,1,2,1,42,7,-1,-1,-1,-1,5,1,E01032475,0
Unvalidated,2024221447137,2024,221447137,1,9,0,18,8,4,0,0,0,0,0,0,3,1,6,2,69,10,-1,-1,-1,-1,7,1,E01028830,0
Unvalidated,2024221447137,2024,221447137,2,9,0,18,4,8,0,0,0,0,0,0,3,1,6,1,65,9,-1,-1,-1,-1,7,2,W01000501,0
Unvalidated,2024221447155,2024,221447155,1,9,0,9,6,4,0,5,0,0,0,0,1,1,6,1,31,6,-1,-1,-1,-1,10,1,E01032139,0
Unvalidated,2024221447155,2024,221447155,2,9,0,18,2,6,0,8,0,0,1,10,3,1,6,1,25,5,-1,-1,-1,-1,2,1,E01032239,0
Unvalidated,2024221447173,2024,221447173,1,9,0,2,0,0,0,0,0,0,0,0,3,1,5,2,51,8,-1,-1,-1,-1,2,1,E01032239,0
Unvalidated,2024221447173,2024,221447173,2,9,0,18,2,6,0,0,0,8,0,0,4,1,6,2,44,7,-1,-1,-1,-1,10,1,E01032271,0
Unvalidated,2024221447181,2024,221447181,1,5,0,18,1,5,0,8,0,0,0,0,1,1,6,1,18,4,-1,-1,-1,-1,4,3,E01014003,0
Unvalidated,2024221447181,2024,221447181,2,9,0,9,3,1,0,6,0,0,0,0,3,1,6,2,55,8,-1,-1,-1,-1,5,1,E01014084,0
Unvalidated,2024221447213,2024,221447213,1,9,0,18,6,2,0,0,5,0,1,3,1,1,6,2,35,6,-1,-1,-1,-1,7,2,E01028856,0
Unvalidated,2024221447220,2024,221447220,1,9,0,18,1,6,0,0,2,0,7,10,1,1,2,2,39,7,-1,-1,-1,-1,10,2,E01028845,0
Unvalidated,2024221447220,2024,221447220,2,19,0,18,6,1,0,0,0,0,0,0,1,1,2,1,63,9,-1,-1,-1,-1,6,1,E01028832,0
Unvalidated,2024221447230,2024,221447230,1,9,0,1,8,2,0,8,0,0,0,0,2,1,6,2,50,8,-1,-1,-1,-1,5,2,E01014035,0
Unvalidated,2024221447230,2024,221447230,2,1,0,18,2,6,0,8,0,0,0,0,1,1,6,1,18,4,-1,-1,-1,-1,-1,-1,-1,0
Unvalidated,2024221447531,2024,221447531,1,9,0,18,3,8,0,0,2,0,2,0,4,1,5,1,43,7,-1,-1,-1,-1,8,1,E01032320,0
Unvalidated,2024221447714,2024,221447714,1,19,0,18,1,5,0,0,0,0,0,0,1,1,6,1,26,6,-1,-1,-1,-1,-1,-1,-1,0
Unvalidated,2024221447714,2024,221447714,2,9,0,4,1,5,0,0,0,0,0,0,2,1,6,2,40,7,-1,-1,-1,-1,7,1,E01007242,0
Unvalidated,2024221447714,2024,221447714,3,9,0,4,1,5,0,0,0,0,0,0,2,1,6,2,68,10,-1,-1,-1,-1,4,3,E01028978,0
Unvalidated,2024221447714,2024,221447714,4,9,0,4,1,5,0,0,0,0,0,0,2,1,2,2,25,5,-1,-1,-1,-1,4,1,E01028984,0
Unvalidated,2024221447998,2024,221447998,1,9,0,18,2,7,0,8,0,0,0,0,4,1,6,2,46,8,-1,-1,-1,-1,-1,-1,-1,0
Unvalidated,2024221447998,2024,221447998,2,19,0,9,4,2,0,6,0,0,0,0,1,1,6,1,60,9,-1,-1,-1,-1,8,1,E01032189,0
Unvalidated,2024221448842,2024,221448842,1,9,0,9,3,1,0,5,0,0,0,0,4,1,6,1,60,9,-1,-1,-1,-1,4,3,E01014024,0
Unvalidated,2024221448842,2024,221448842,2,5,0,18,7,3,0,8,0,0,0,0,1,1,6,1,33,6,-1,-1,-1,-1,6,1,E01031145,0
Unvalidated,2024221448928,2024,221448928,1,9,0,18,1,5,9,1,0,0,0,0,4,1,5,2,41,7,-1,-1,-1,-1,4,2,E01028853,0
Unvalidated,2024221448937,2024,221448937,1,90,0,18,8,4,0,4,0,0,0,0,3,1,1,1,29,6,-1,-1,-1,-1,10,1,E01014181,0
Unvalidated,2024221448937,2024,221448937,2,9,0,9,8,6,0,8,0,0,0,0,4,1,6,2,72,10,-1,-1,-1,-1,5,1,E01014154,0
Unvalidated,2024221448964,2024,221448964,1,9,0,18,7,2,0,0,0,10,1,0,1,1,2,1,47,8,-1,-1,-1,-1,1,1,E01032434,0
Unvalidated,2024221448964,2024,221448964,2,21,1,18,2,7,0,0,0,0,0,0,3,1,1,1,37,7,-1,-1,-1,-1,4,1,E01022805,0
Unvalidated,2024221448985,2024,221448985,1,9,0,18,8,4,0,0,0,0,0,0,1,1,6,1,74,10,-1,-1,-1,-1,-1,-1,-1,0
Unvalidated,2024221448990,2024,221448990,1,9,0,18,8,5,0,8,0,0,0,0,4,1,6,2,40,7,-1,-1,-1,-1,6,3,E01032166,0
Unvalidated,2024221448990,2024,221448990,2,9,0,9,3,8,0,6,0,0,7,4,1,1,6,1,25,5,-1,-1,-1,-1,-1,-1,-1,0
Unvalidated,2024221449069,2024,221449069,1,9,0,18,4,1,0,0,0,0,0,0,1,1,5,2,66,10,-1,-1,-1,-1,6,3,E01031884,0
Unvalidated,2024221449069,2024,221449069,2,9,0,18,1,4,0,0,0,0,0,0,1,1,2,2,20,4,-1,-1,-1,-1,10,1,E01010205,0
Unvalidated,2024221449093,2024,221449093,1,9,0,18,8,4,0,1,0,0,0,0,4,1,2,1,32,6,-1,-1,-1,-1,3,1,E01013992,0
Unvalidated,2024221449197,2024,221449197,1,9,0,5,1,5,0,8,0,0,0,0,3,1,6,2,25,5,-1,-1,-1,-1,1,1,E01009198,0
Unvalidated,2024221449197,2024,221449197,2,9,0,2,0,0,0,8,0,0,0,0,4,1,5,1,85,11,-1,-1,-1,-1,2,1,E01014074,0
Unvalidated,2024221449213,2024,221449213,1,9,0,18,8,4,0,0,2,0,2,0,1,1,6,2,25,5,-1,-1,-1,-1,4,3,E01013991,0
Unvalidated,2024221449213,2024,221449213,2,9,0,18,4,8,0,0,1,0,7,4,1,1,6,1,76,11,-1,-1,-1,-1,5,2,E01024917,0
Unvalidated,2024221449240,2024,221449240,1,9,0,9,4,2,0,4,0,0,0,0,1,1,6,1,70,10,-1,-1,-1,-1,10,3,E01032149,0
Unvalidated,2024221449240,2024,221449240,2,19,0,5,4,2,0,4,0,0,0,0,2,1,1,1,52,8,-1,-1,-1,-1,6,1,E01032128,0
Unvalidated,2024221449240,2024,221449240,3,9,0,9,4,2,0,4,0,0,0,0,2,1,6,1,51,8,-1,-1,-1,-1,6,1,E01032128,0
Unvalidated,2024221449280,2024,221449280,1,9,0,18,1,5,0,4,0,0,0,0,1,1,6,1,22,5,-1,-1,-1,-1,3,1,E01028546,0
Unvalidated,2024221449280,2024,221449280,2,9,0,3,1,5,0,1,0,0,0,0,2,1,6,2,32,6,-1,-1,-1,-1,8,1,E01032585,0
Unvalidated,2024221449447,2024,221449447,1,9,0,18,8,4,0,0,0,0,0,0,1,1,6,1,45,7,-1,-1,-1,-1,-1,-1,-1,0
Unvalidated,2024221449447,2024,221449447,2,9,0,18,4,8,0,0,0,0,0,0,1,1,5,2,23,5,-1,-1,-1,-1,7,3,E01027262,0
Unvalidated,2024221449490,2024,221449490,1,9,0,7,1,4,0,6,0,0,0,0,1,1,6,3,45,7,-1,-1,-1,-1,-1,-1,-1,0
Unvalidated,2024221449490,2024,221449490,2,9,0,18,8,4,0,8,0,10,7,0,4,1,5,2,24,5,-1,-1,-1,-1,6,2,E01028896,0
Unvalidated,2024221449507,2024,221449507,1,19,0,18,8,6,0,0,0,0,0,0,3,1,6,1,45,7,-1,-1,-1,-1,1,1,E01032434,0
Unvalidated,2024221449507,2024,221449507,2,9,0,14,6,8,0,0,0,0,0,0,3,1,6,1,19,4,-1,-1,-1,-1,4,3,E01029000,0
Unvalidated,2024221449521,2024,221449521,1,90,0,18,7,3,0,0,0,0,0,0,2,1,5,1,71,10,-1,-1,-1,-1,10,1,E01028949,0
Unvalidated,2024221449530,2024,221449530,1,9,0,18,1,5,0,8,0,0,0,0,1,1,2,1,38,7,-1,-1,-1,-1,6,1,E01014146,0
Unvalidated,2024221449530,2024,221449530,2,9,0,6,1,1,0,8,0,0,0,0,3,1,5,2,34,6,-1,-1,-1,-1,4,1,E01014169,0
Unvalidated,2024221449596,2024,221449596,1,19,0,18,1,5,0,0,1,0,0,0,1,1,1,1,59,9,-1,-1,-1,-1,6,3,E01014080,0
Unvalidated,2024221449596,2024,221449596,2,9,0,3,1,5,0,0,0,0,0,0,2,1,6,1,46,8,-1,-1,-1,-1,5,3,E01014008,0
Unvalidated,2024221449596,2024,221449596,3,9,0,3,1,5,0,0,0,0,0,0,2,1,1,1,29,6,-1,-1,-1,-1,8,1,E01028182,0
Unvalidated,2024221449596,2024,221449596,4,9,0,18,5,1,0,0,0,0,1,10,1,1,6,2,41,7,-1,-1,-1,-1,8,1,E01014077,0
Unvalidated,2024221449786,2024,221449786,1,9,0,18,4,8,0,4,0,0,0,0,1,1,6,1,27,6,-1,-1,-1,-1,-1,-1,-1,0
Unvalidated,2024221449786,2024,221449786,2,9,0,18,6,2,0,4,0,0,0,0,1,1,5,2,18,4,-1,-1,-1,-1,2,1,E01032461,0
Unvalidated,2024221449796,2024,221449796,1,9,0,13,8,3,0,1,0,0,0,0,4,1,6,3,67,10,-1,-1,-1,-1,-1,-1,-1,0
Unvalidated,2024221449796,2024,221449796,2,1,0,18,8,3,0,1,0,0,0,0,3,1,6,1,53,8,-1,-1,-1,-1,5,3,E01014013,0
Unvalidated,2024221449818,2024,221449818,1,9,0,7,6,8,0,6,0,0,0,0,3,1,1,1,42,7,-1,-1,-1,-1,2,1,E01028906,0
Unvalidated,2024221449818,2024,221449818,2,9,0,18,4,8,0,8,0,0,0,0,1,1,6,2,53,8,-1,-1,-1,-1,9,1,E01033528,0
Unvalidated,2024221450100,2024,221450100,1,9,0,18,8,2,0,8,0,0,7,4,1,1,5,1,23,5,-1,-1,-1,-1,-1,-1,-1,0
Unvalidated,2024221450104,2024,221450104,1,9,0,5,2,6,0,6,0,0,0,0,4,1,6,1,43,7,-1,-1,-1,-1,7,1,E01022401,0
Unvalidated,2024221450104,2024,221450104,2,19,0,18,4,8,0,8,0,0,0,0,3,1,6,1,58,9,-1,-1,-1,-1,5,3,E01014059,0
Unvalidated,2024221450104,2024,221450104,3,9,0,3,6,2,0,1,0,0,0,0,1,1,5,2,43,7,-1,-1,-1,-1,5,1,E01008225,0
Unvalidated,2024221450126,2024,221450126,1,9,0,15,8,4,0,4,0,0,0,0,1,1,6,1,75,10,-1,-1,-1,-1,9,3,W01000403,0
Unvalidated,2024221450126,2024,221450126,2,9,0,18,8,4,0,4,0,0,0,0,2,1,6,2,46,8,-1,-1,-1,-1,5,3,E01028959,0
Unvalidated,2024221450126,2024,221450126,3,9,0,18,8,4,0,8,0,0,1,4,2,1,6,2,55,8,-1,-1,-1,-1,6,1,E01028973,0
Unvalidated,2024221450191,2024,221450191,1,9,0,10,7,5,0,8,0,0,0,0,2,1,6,1,24,5,-1,-1,-1,-1,4,3,E01028978,0
Unvalidated,2024221450191,2024,221450191,2,5,0,18,7,3,0,8,0,0,0,0,1,1,5,2,48,8,-1,-1,-1,-1,7,2,E01028889,0
Unvalidated,2024221450191,2024,221450191,3,5,0,4,7,3,0,8,0,0,0,0,2,1,5,1,58,9,-1,-1,-1,-1,7,2,E01028889,0
Unvalidated,2024221450317,2024,221450317,1,9,0,18,5,8,0,0,0,0,0,0,3,1,6,1,66,10,-1,-1,-1,-1,4,1,E01028984,0
Unvalidated,2024221450317,2024,221450317,2,9,0,18,8,5,0,0,0,0,0,0,3,1,6,1,46,8,-1,-1,-1,-1,6,1,E01028973,0
Unvalidated,2024221450351,2024,221450351,1,9,0,18,6,4,0,2,0,0,0,0,1,1,6,2,49,8,-1,-1,-1,-1,7,1,E01032315,0
Unvalidated,2024221450641,2024,221450641,1,5,0,5,7,5,0,8,0,0,0,0,1,1,5,1,48,8,-1,-1,-1,-1,5,1,E01032460,0
Unvalidated,2024221450641,2024,221450641,2,5,0,3,7,5,0,8,0,0,0,0,3,1,5,1,37,7,-1,-1,-1,-1,2,1,E01009832,0
Unvalidated,2024221450669,2024,221450669,1,9,0,9,5,3,0,6,0,0,0,0,3,1,6,1,22,5,-1,-1,-1,-1,-1,-1,-1,0
Unvalidated,2024221450669,2024,221450669,2,9,0,18,3,7,0,8,0,0,0,0,1,1,1,1,53,8,-1,-1,-1,-1,5,2,E01031190,0
Unvalidated,2024221450706,2024,221450706,1,9,0,3,1,5,0,0,0,0,0,0,2,1,6,1,47,8,-1,-1,-1,-1,5,1,E01010110,0
Unvalidated,2024221450706,2024,221450706,2,9,0,3,1,5,0,0,1,0,0,0,3,1,6,2,41,7,-1,-1,-1,-1,5,3,E01032340,0
Unvalidated,2024221450706,2024,221450706,3,9,0,12,1,5,0,0,1,0,0,0,3,1,6,2,53,8,-1,-1,-1,-1,5,1,E01032238,0
Unvalidated,2024221450706,2024,221450706,4,9,0,18,5,1,0,0,1,0,1,0,1,1,6,1,54,8,-1,-1,-1,-1,6,3,E01032350,0
Unvalidated,2024221450706,2024,221450706,5,9,0,14,1,5,0,0,1,0,0,0,1,1,6,1,23,5,-1,-1,-1,-1,4,1,E01032342,0
Unvalidated,2024221451321,2024,221451321,1,1,0,18,1,5,0,1,1,4,0,0,1,1,5,2,42,7,-1,-1,-1,-1,2,1,E01013994,0
Unvalidated,2024221451321,2024,221451321,2,9,0,2,0,0,0,1,0,0,0,0,3,1,6,3,58,9,-1,-1,-1,-1,-1,-1,-1,0
Unvalidated,2024221451439,2024,221451439,1,9,0,5,5,1,0,4,0,0,0,0,1,1,6,1,51,8,-1,-1,-1,-1,6,1,E01014184,0
Unvalidated,2024221451439,2024,221451439,2,5,0,3,5,1,0,1,0,0,0,0,2,1,6,1,56,9,-1,-1,-1,-1,4,1,E01014138,0
Unvalidated,2024221451456,2024,221451456,1,9,0,10,6,4,0,8,0,0,0,0,2,1,5,1,70,10,-1,-1,-1,-1,8,3,W01000555,0
Unvalidated,2024221451456,2024,221451456,2,9,0,3,6,1,0,8,0,0,0,0,2,1,6,1,63,9,-1,-1,-1,-1,4,3,E01020321,0
Unvalidated,2024221451456,2024,221451456,3,9,0,18,6,1,0,8,0,0,0,0,1,1,6,1,60,9,-1,-1,-1,-1,4,3,E01014025,0
Unvalidated,2024221451464,2024,221451464,1,9,0,9,2,1,0,5,0,0,0,0,3,1,6,1,18,4,-1,-1,-1,-1,2,2,E01032481,0
Unvalidated,2024221451464,2024,221451464,2,5,0,13,2,6,0,8,0,0,0,0,1,1,5,1,26,6,-1,-1,-1,-1,5,2,E01031203,0
Unvalidated,2024221451468,2024,221451468,1,19,0,6,3,3,0,0,0,0,0,0,3,1,5,1,29,6,-1,-1,-1,-1,8,1,E01032455,0
Unvalidated,2024221451468,2024,221451468,2,4,0,14,3,7,0,0,0,0,0,0,1,1,5,1,47,8,-1,-1,-1,-1,5,2,E01032428,0
Unvalidated,2024221451497,2024,221451497,1,9,0,18,7,3,0,4,0,0,0,0,1,1,6,2,56,9,-1,-1,-1,-1,-1,-1,-1,0
Unvalidated,2024221451497,2024,221451497,2,9,0,3,7,3,0,1,0,0,0,0,2,1,6,2,34,6,-1,-1,-1,-1,-1,-1,-1,0
Unvalidated,2024221451501,2024,221451501,1,9,0,18,1,4,0,8,0,0,0,0,1,1,6,3,46,8,-1,-1,-1,-1,-1,-1,-1,0
Unvalidated,2024221451501,2024,221451501,2,9,0,4,1,6,0,8,0,0,0,0,2,1,6,2,22,5,-1,-1,-1,-1,8,1,E01032458,0
Unvalidated,2024221451512,2024,221451512,1,9,0,18,5,1,0,8,1,0,1,9,4,1,5,1,43,7,-1,-1,-1,-1,7,2,E01028889,0
Unvalidated,2024221451512,2024,221451512,2,9,0,6,5,5,0,8,0,0,0,0,0,1,6,3,24,5,-1,-1,-1,-1,-1,-1,-1,0
Unvalidated,2024221451616,2024,221451616,1,9,0,5,1,5,0,0,0,10,0,0,1,1,5,2,80,11,-1,-1,-1,-1,9,2,E01029009,0
Unvalidated,2024221451839,2024,221451839,1,9,0,18,7,3,0,0,0,0,0,0,1,1,6,1,24,5,-1,-1,-1,-1,5,1,E01029638,0
Unvalidated,2024221451839,2024,221451839,2,9,0,18,3,7,0,0,0,0,0,0,1,1,6,1,45,7,-1,-1,-1,-1,10,1,E01014182,0
Unvalidated,2024221451910,2024,221451910,1,9,0,2,0,0,0,0,0,0,0,0,4,1,6,1,24,5,-1,-1,-1,-1,3,1,E01009112,0
Unvalidated,2024221451910,2024,221451910,2,19,0,5,5,1,0,0,0,0,0,0,3,1,6,1,44,7,-1,-1,-1,-1,2,1,E01032260,0
Unvalidated,2024221452032,2024,221452032,1,9,0,4,1,6,0,0,0,0,0,0,2,1,6,2,25,5,-1,-1,-1,-1,8,1,E01032438,0
Unvalidated,2024221452032,2024,221452032,2,19,0,18,1,6,0,0,0,0,0,0,1,1,6,1,37,7,-1,-1,-1,-1,-1,-1,-1,0
Unvalidated,2024221452084,2024,221452084,1,9,0,13,1,5,0,0,0,0,0,0,1,1,2,1,19,4,-1,-1,-1,-1,2,3,E01032389,0
Unvalidated,2024221452084,2024,221452084,2,9,0,18,5,1,0,0,1,0,0,0,1,1,6,1,23,5,-1,-1,-1,-1,7,3,E01032228,0
Unvalidated,2024221452118,2024,221452118,1,9,0,9,1,7,0,6,0,0,0,0,3,1,6,1,77,11,-1,-1,-1,-1,-1,-1,-1,0
Unvalidated,2024221452118,2024,221452118,2,9,0,18,7,3,0,8,0,0,0,0,4,1,6,1,50,8,-1,-1,-1,-1,7,1,E01002136,0
Unvalidated,2024221452259,2024,221452259,1,9,0,18,8,4,0,0,2,0,1,10,1,1,5,1,27,6,-1,-1,-1,-1,5,3,E01014018,0
Unvalidated,2024221452259,2024,221452259,2,9,0,4,4,8,0,0,0,0,0,0,1,1,5,2,60,9,-1,-1,-1,-1,6,1,E01023915,0
Unvalidated,2024221452310,2024,221452310,1,9,0,18,3,7,0,0,1,0,0,0,1,1,6,1,41,7,-1,-1,-1,-1,9,1,E01011522,0
Unvalidated,2024221452310,2024,221452310,2,9,0,4,3,7,0,0,0,0,0,0,2,1,2,1,25,5,-1,-1,-1,-1,3,1,E01009237,0
Unvalidated,2024221452416,2024,221452416,1,10,0,5,3,1,0,6,0,0,0,0,1,1,1,1,46,8,-1,-1,-1,-1,-1,-1,-1,0
Unvalidated,2024221452416,2024,221452416,2,1,0,18,1,6,0,8,0,0,0,0,1,1,3,1,13,3,-1,-1,-1,-1,4,2,E01032406,0
Unvalidated,2024221452426,2024,221452426,1,90,0,18,5,1,0,8,0,0,0,0,1,1,1,1,28,6,-1,-1,-1,-1,6,2,E01014954,0
Unvalidated,2024221452426,2024,221452426,2,9,0,4,5,1,0,8,0,0,0,0,2,1,6,2,40,7,-1,-1,-1,-1,5,3,E01014060,0
Unvalidated,2024221452426,2024,221452426,3,9,0,9,5,3,0,5,0,0,0,0,2,1,6,2,42,7,-1,-1,-1,-1,4,1,E01014068,0
Unvalidated,2024221452432,2024,221452432,1,9,0,18,7,3,0,0,2,0,7,11,1,1,1,1,23,5,-1,-1,-1,-1,5,3,E01032181,0
Unvalidated,2024221452442,2024,221452442,1,9,0,18,1,5,0,0,0,4,0,0,1,1,6,2,53,8,-1,-1,-1,-1,8,3,E01032176,0
Unvalidated,2024221452442,2024,221452442,2,9,0,2,0,0,0,0,0,4,0,0,2,1,6,2,18,4,-1,-1,-1,-1,8,1,E01032153,0
Unvalidated,2024221452442,2024,221452442,3,19,0,2,0,0,0,0,0,0,0,0,1,1,6,3,56,9,-1,-1,-1,-1,-1,-1,-1,0
Unvalidated,2024221452453,2024,221452453,1,9,0,9,7,4,0,6,0,0,0,0,1,1,3,2,18,4,-1,-1,-1,-1,5,1,E01015205,0
Unvalidated,2024221452453,2024,221452453,2,5,0,18,4,8,0,8,0,0,0,0,1,1,2,1,54,8,-1,-1,-1,-1,8,3,E01022247,0
Unvalidated,2024221452511,2024,221452511,1,9,0,18,4,8,0,8,0,0,0,0,1,1,6,2,18,4,-1,-1,-1,-1,5,3,E01014060,0
Unvalidated,2024221452526,2024,221452526,1,9,-1,-1,-1,-1,-1,0,-1,-1,-1,0,-1,1,6,3,30,6,-1,-1,-1,-1,-1,-1,-1,0
Unvalidated,2024221452526,2024,221452526,2,9,0,4,7,3,0,0,0,0,0,0,1,1,6,2,19,4,-1,-1,-1,-1,7,3,E01026066,0
Unvalidated,2024221452526,2024,221452526,3,9,0,4,7,3,0,0,0,0,0,0,2,1,6,2,21,5,-1,-1,-1,-1,5,1,E01014171,0
Unvalidated,2024221452561,2024,221452561,1,5,0,18,1,5,0,0,0,11,0,0,1,1,5,1,81,11,-1,-1,-1,-1,8,1,E01009919,0
Unvalidated,2024221452561,2024,221452561,2,20,0,18,1,5,0,0,0,0,0,0,4,1,1,1,55,8,-1,-1,-1,-1,4,1,E01029367,0
Unvalidated,2024221452562,2024,221452562,1,9,0,9,8,5,0,5,0,0,0,0,1,1,5,2,21,5,-1,-1,-1,-1,4,1,E01029807,0
Unvalidated,2024221452562,2024,221452562,2,9,0,18,4,8,0,8,0,0,0,0,3,1,6,2,35,6,-1,-1,-1,-1,7,3,E01014131,0
Unvalidated,2024221452565,2024,221452565,1,9,0,18,5,1,0,0,0,0,0,0,1,1,6,1,35,6,-1,-1,-1,-1,8,2,E01028848,0
Unvalidated,2024221452565,2024,221452565,2,9,0,3,5,1,0,0,0,0,0,0,2,1,6,1,65,9,-1,-1,-1,-1,-1,-1,-1,0
Unvalidated,2024221452681,2024,221452681,1,9,0,13,1,5,0,0,0,0,0,0,2,2,6,1,56,9,-1,-1,-1,-1,6,3,E01032350,0
Unvalidated,2024221452681,2024,221452681,2,3,0,18,1,5,0,0,0,0,0,0,3,1,6,1,49,8,-1,-1,-1,-1,4,1,E01032381,0
Unvalidated,2024221452687,2024,221452687,1,9,0,10,8,6,0,8,0,0,0,0,2,1,5,1,43,7,-1,-1,-1,-1,5,1,E01032295,0
Unvalidated,2024221452687,2024,221452687,2,9,0,18,8,4,0,8,0,0,0,0,1,1,5,1,87,11,-1,-1,-1,-1,9,2,E01032207,0
Unvalidated,2024221452707,2024,221452707,1,9,0,18,7,3,0,0,2,0,1,0,1,1,6,1,25,5,-1,-1,-1,-1,1,1,E01009397,0
Unvalidated,2024221452810,2024,221452810,1,9,0,18,6,2,0,0,0,0,0,0,1,1,6,1,45,7,-1,-1,-1,-1,10,3,E01032137,0
Unvalidated,2024221452810,2024,221452810,2,9,0,4,6,2,0,0,0,0,0,0,2,1,6,2,21,5,-1,-1,-1,-1,9,3,E01032142,0
Unvalidated,2024221452810,2024,221452810,3,8,0,4,6,2,0,0,0,0,0,0,2,1,1,2,52,8,-1,-1,-1,-1,6,1,E01032327,0
Unvalidated,2024221452916,2024,221452916,1,9,0,18,7,2,0,4,0,0,0,0,1,1,6,1,37,7,-1,-1,-1,-1,1,1,E01032252,0
Unvalidated,2024221452916,2024,221452916,2,1,0,18,5,2,0,8,0,0,0,0,4,1,2,1,49,8,-1,-1,-1,-1,4,1,E01032275,0
Unvalidated,2024221452977,2024,221452977,1,5,0,18,8,4,0,1,1,0,1,0,2,1,6,1,32,6,-1,-1,-1,-1,7,3,E01014204,0
Unvalidated,2024221452977,2024,221452977,2,9,0,7,8,3,0,5,0,0,0,0,4,1,6,1,45,7,-1,-1,-1,-1,1,1,E01014113,0
Unvalidated,2024221453737,2024,221453737,1,9,0,9,1,7,0,0,0,0,0,0,1,1,6,1,83,11,-1,-1,-1,-1,8,1,E01032316,0
Unvalidated,2024221453737,2024,221453737,2,9,-1,9,3,1,0,0,0,0,0,0,3,1,6,2,22,5,-1,-1,-1,-1,8,1,E01032160,0
Unvalidated,2024221453771,2024,221453771,1,9,-1,18,-1,-1,0,0,0,0,0,0,1,1,6,2,76,11,-1,-1,-1,-1,4,3,E01028847,0
Unvalidated,2024221453771,2024,221453771,2,1,-1,18,-1,-1,0,0,0,0,0,0,2,1,6,1,63,9,-1,-1,-1,-1,7,1,E01010498,0
Unvalidated,2024221453796,2024,221453796,1,9,0,13,3,7,0,3,0,0,0,0,2,1,5,1,49,8,-1,-1,-1,-1,2,1,E01010404,0
Unvalidated,2024221453796,2024,221453796,2,9,0,7,3,6,0,3,0,0,0,0,1,1,5,2,35,6,-1,-1,-1,-1,4,1,E01028984,0
Unvalidated,2024221453815,2024,221453815,1,9,0,13,8,4,0,0,1,0,0,0,1,1,6,2,32,6,-1,-1,-1,-1,1,1,E01032889,0