status,collision_index,collision_year,collision_reference,vehicle_reference,vehicle_type,towing_and_articulation,vehicle_manoeuvre,vehicle_direction_from,vehicle_direction_to,vehicle_location_restricted_lane,junction_location,skidding_and_overturning,hit_object_in_carriageway,vehicle_leaving_carriageway,hit_object_off_carriageway,first_point_of_impact,vehicle_left_hand_drive,journey_purpose_of_driver,sex_of_driver,age_of_driver,age_band_of_driver,engine_capacity_cc,propulsion_code,age_of_vehicle,generic_make_model,driver_imd_decile,driver_home_area_type,lsoa_of_driver,escooter_flag
Unvalidated,2024221453815,2024,221453815,2,9,0,18,8,4,0,0,1,0,0,0,1,1,6,1,53,8,-1,-1,-1,-1,5,3,E01028955,0
Unvalidated,2024221453900,2024,221453900,1,9,0,18,6,2,0,0,0,0,0,0,1,1,6,2,-1,-1,-1,-1,-1,-1,7,3,E01028950,0
Unvalidated,2024221453900,2024,221453900,2,9,0,3,6,2,0,0,0,0,0,0,2,1,6,2,60,9,-1,-1,-1,-1,7,1,E01028939,0
Unvalidated,2024221453900,2024,221453900,3,9,0,10,6,2,0,0,0,0,0,0,2,1,6,1,50,8,-1,-1,-1,-1,5,3,E01032181,0
Unvalidated,2024221453979,2024,221453979,1,9,0,5,5,1,0,4,0,0,0,0,1,1,6,2,34,6,-1,-1,-1,-1,7,1,E01014075,0
Unvalidated,2024221453979,2024,221453979,2,1,0,18,4,8,0,3,0,0,0,0,4,1,6,1,47,8,-1,-1,-1,-1,4,1,E01014073,0
Unvalidated,2024221453993,2024,221453993,1,5,0,18,2,6,0,0,0,0,0,0,1,1,5,1,69,10,-1,-1,-1,-1,7,1,E01024689,0
Unvalidated,2024221453993,2024,221453993,2,5,0,18,2,6,0,0,0,0,0,0,2,1,5,1,65,9,-1,-1,-1,-1,8,1,E01024045,0
Unvalidated,2024221454081,2024,221454081,1,9,0,18,4,8,0,0,0,0,0,0,1,1,6,1,67,10,-1,-1,-1,-1,5,1,E01032279,0
Unvalidated,2024221454081,2024,221454081,2,1,0,18,6,2,0,0,0,0,0,0,3,1,6,2,27,6,-1,-1,-1,-1,9,3,E01032297,0
Unvalidated,2024221454156,2024,221454156,1,9,0,18,7,3,0,0,5,4,0,0,1,1,6,2,81,11,-1,-1,-1,-1,7,3,E01032136,0
Unvalidated,2024221454156,2024,221454156,2,9,0,2,0,0,9,0,0,0,0,0,2,1,6,3,62,9,-1,-1,-1,-1,-1,-1,-1,0
Unvalidated,2024221454192,2024,221454192,1,9,0,18,6,2,0,0,0,0,0,0,4,1,6,2,45,7,-1,-1,-1,-1,8,3,E01028844,0
Unvalidated,2024221454239,2024,221454239,1,17,0,9,1,7,0,6,0,0,0,0,1,1,1,2,16,4,-1,-1,-1,-1,-1,-1,-1,0
Unvalidated,2024221454239,2024,221454239,2,9,0,18,7,3,0,8,0,0,0,0,1,1,2,2,48,8,-1,-1,-1,-1,2,1,E01013993,0
Unvalidated,2024221454292,2024,221454292,1,9,0,9,2,8,0,5,0,0,0,0,1,1,2,1,52,8,-1,-1,-1,-1,8,1,E01032441,0
Unvalidated,2024221454292,2024,221454292,2,1,0,18,6,2,0,8,0,0,0,0,1,1,6,1,27,6,-1,-1,-1,-1,10,1,E01009859,0
Unvalidated,2024221454404,2024,221454404,1,9,0,18,2,7,0,0,0,0,0,0,1,1,6,1,17,4,-1,-1,-1,-1,9,3,W01000403,0
Unvalidated,2024221454404,2024,221454404,2,9,0,18,7,2,0,0,0,0,0,0,1,1,6,1,58,9,-1,-1,-1,-1,5,3,E01028864,0
Unvalidated,2024221454422,2024,221454422,1,9,0,18,3,6,0,0,0,0,0,0,1,1,6,2,50,8,-1,-1,-1,-1,8,1,E01010487,0
Unvalidated,2024221454422,2024,221454422,2,9,0,18,6,3,0,0,0,0,0,0,1,1,2,1,21,5,-1,-1,-1,-1,6,1,E01010502,0
Unvalidated,2024221454509,2024,221454509,1,5,0,18,8,4,0,0,1,0,0,0,1,1,6,1,37,7,-1,-1,-1,-1,2,1,E01014042,0
Unvalidated,2024221454509,2024,221454509,2,19,0,18,4,8,0,0,0,0,1,10,1,1,1,1,53,8,-1,-1,-1,-1,4,2,E01029010,0
Unvalidated,2024221454693,2024,221454693,1,19,0,18,6,2,0,0,0,0,0,0,1,1,1,1,65,9,-1,-1,-1,-1,8,3,W01001565,0
Unvalidated,2024221454693,2024,221454693,2,8,0,18,6,2,0,0,0,0,0,0,1,1,1,1,42,7,-1,-1,-1,-1,1,1,E01008941,0
Unvalidated,2024221454693,2024,221454693,3,9,0,4,6,2,0,0,0,0,0,0,2,1,6,2,56,9,-1,-1,-1,-1,8,3,E01018677,0
Unvalidated,2024221454697,2024,221454697,1,9,0,18,8,4,0,8,0,0,7,11,1,1,6,1,68,10,-1,-1,-1,-1,5,3,E01032193,0
Unvalidated,2024221454721,2024,221454721,1,9,0,18,5,1,0,0,1,0,1,0,1,1,6,1,20,4,-1,-1,-1,-1,2,1,E01010529,0
Unvalidated,2024221454721,2024,221454721,2,9,0,18,1,5,0,0,0,0,0,0,1,1,6,1,42,7,-1,-1,-1,-1,2,1,E01009058,0
Unvalidated,2024221454742,2024,221454742,1,9,0,4,7,3,0,0,0,0,0,0,2,1,6,2,77,11,-1,-1,-1,-1,8,1,E01009068,0
Unvalidated,2024221454742,2024,221454742,2,9,0,18,7,3,0,0,0,0,0,0,1,1,6,1,26,6,-1,-1,-1,-1,3,1,E01014145,0
Unvalidated,2024221454742,2024,221454742,3,9,0,18,7,3,0,0,0,0,0,0,1,1,6,2,81,11,-1,-1,-1,-1,8,3,W01000457,0
Unvalidated,2024221454797,2024,221454797,1,19,0,18,7,3,0,0,0,0,7,10,1,1,6,1,19,4,-1,-1,-1,-1,8,3,E01032410,0
Unvalidated,2024221454797,2024,221454797,2,19,0,18,7,3,0,0,0,0,0,0,2,1,6,1,20,4,-1,-1,-1,-1,2,3,E01032389,0
Unvalidated,2024221454807,2024,221454807,1,9,0,18,7,3,0,8,0,0,0,0,1,1,6,1,57,9,-1,-1,-1,-1,6,2,E01014184,0
Unvalidated,2024221454807,2024,221454807,2,9,0,18,3,7,0,8,0,0,0,0,1,1,6,3,18,4,-1,-1,-1,-1,-1,-1,-1,0
Unvalidated,2024221454870,2024,221454870,1,17,0,18,2,6,0,0,0,0,0,0,1,1,1,1,16,4,-1,-1,-1,-1,6,3,E01032345,0
Unvalidated,2024221454870,2024,221454870,2,9,0,18,6,2,0,0,0,0,0,0,1,1,3,1,76,11,-1,-1,-1,-1,1,1,E01032368,0
Unvalidated,2024221454900,2024,221454900,1,9,0,18,6,2,0,0,0,4,0,0,1,1,6,1,78,11,-1,-1,-1,-1,10,1,E01032367,0
Unvalidated,2024221454900,2024,221454900,2,9,0,2,0,0,0,0,0,0,1,0,2,1,6,1,27,6,-1,-1,-1,-1,6,3,E01032401,0
Unvalidated,2024221455085,2024,221455085,1,9,0,18,8,4,0,0,5,7,0,0,4,1,6,1,25,5,-1,-1,-1,-1,9,1,E01032362,0
Unvalidated,2024221455174,2024,221455174,1,9,0,18,8,4,0,0,0,4,1,10,1,1,6,1,43,7,-1,-1,-1,-1,7,1,E01028938,0
Unvalidated,2024221455174,2024,221455174,2,19,0,2,0,0,9,0,0,0,0,0,1,1,6,1,53,8,-1,-1,-1,-1,-1,-1,-1,0
Unvalidated,2024221455289,2024,221455289,1,9,0,9,7,4,0,6,0,0,0,0,1,1,6,2,83,11,-1,-1,-1,-1,4,3,E01014003,0
Unvalidated,2024221455377,2024,221455377,1,19,0,18,8,4,0,0,1,0,0,0,1,1,1,1,28,6,-1,-1,-1,-1,4,1,E01010323,0
Unvalidated,2024221455377,2024,221455377,2,19,0,18,8,4,0,0,1,0,0,0,2,1,1,1,27,6,-1,-1,-1,-1,1,1,E01010440,0
Unvalidated,2024221455391,2024,221455391,1,9,0,18,1,5,0,6,0,0,0,0,3,1,6,2,72,10,-1,-1,-1,-1,5,1,E01032460,0
Unvalidated,2024221455391,2024,221455391,2,9,0,18,7,3,0,8,0,0,0,0,4,1,6,2,27,6,-1,-1,-1,-1,2,1,E01032453,0
Unvalidated,2024221455459,2024,221455459,1,9,0,18,7,3,0,4,0,0,0,0,1,1,6,1,76,11,-1,-1,-1,-1,5,3,E01028961,0
Unvalidated,2024221455459,2024,221455459,2,1,0,18,5,1,0,8,0,0,0,0,4,1,6,1,19,4,-1,-1,-1,-1,5,3,E01028959,0
Unvalidated,2024221455654,2024,221455654,1,9,0,7,6,8,0,6,0,0,0,0,1,1,6,2,35,6,-1,-1,-1,-1,6,1,E01009069,0
Unvalidated,2024221455666,2024,221455666,1,9,0,9,1,7,0,6,0,0,0,0,1,1,6,2,73,10,-1,-1,-1,-1,5,1,E01032295,0
Unvalidated,2024221455666,2024,221455666,2,1,0,9,3,1,0,5,0,0,0,0,3,1,6,1,52,8,-1,-1,-1,-1,5,1,E01032309,0
Unvalidated,2024221455672,2024,221455672,1,9,0,5,3,7,0,8,0,0,0,0,2,1,6,2,60,9,-1,-1,-1,-1,7,1,E01014205,0
Unvalidated,2024221455672,2024,221455672,2,9,0,18,3,7,0,1,1,10,2,0,1,1,1,2,39,7,-1,-1,-1,-1,4,1,E01014192,0
Unvalidated,2024221455741,2024,221455741,1,9,0,18,5,1,0,8,0,0,0,0,1,1,1,1,53,8,-1,-1,-1,-1,8,2,E01028977,0
Unvalidated,2024221455741,2024,221455741,2,9,0,9,1,7,0,5,0,0,0,0,4,1,6,2,34,6,-1,-1,-1,-1,5,2,E01028890,0
Unvalidated,2024221455794,2024,221455794,1,9,0,9,4,3,0,6,0,0,0,0,3,1,6,1,23,5,-1,-1,-1,-1,8,3,W01000404,0
Unvalidated,2024221455794,2024,221455794,2,9,0,18,3,7,0,8,0,0,0,0,1,1,6,2,27,6,-1,-1,-1,-1,7,2,E01028921,0
Unvalidated,2024221455840,2024,221455840,1,9,0,9,3,1,0,6,0,0,0,0,1,1,5,1,46,8,-1,-1,-1,-1,6,3,E01014006,0
Unvalidated,2024221455840,2024,221455840,2,9,0,18,5,1,0,8,0,0,0,0,1,1,5,1,65,9,-1,-1,-1,-1,5,3,E01014059,0
Unvalidated,2024221455949,2024,221455949,1,9,0,15,6,2,0,0,2,7,0,0,4,1,6,1,20,4,-1,-1,-1,-1,-1,-1,-1,0
Unvalidated,2024221455949,2024,221455949,2,21,5,18,6,2,0,0,2,0,0,0,4,1,1,1,27,6,-1,-1,-1,-1,9,1,E01029779,0
Unvalidated,2024221456198,2024,221456198,1,9,0,18,7,3,0,0,0,0,0,0,1,1,2,1,54,8,-1,-1,-1,-1,2,1,E01032224,0
Unvalidated,2024221456198,2024,221456198,2,9,0,3,7,3,0,0,0,0,0,0,2,1,2,2,26,6,-1,-1,-1,-1,2,1,E01032260,0
Unvalidated,2024221456206,2024,221456206,1,9,0,18,5,8,0,1,0,4,0,0,3,1,5,1,85,11,-1,-1,-1,-1,7,1,E01032296,0
Unvalidated,2024221456206,2024,221456206,2,9,0,18,8,5,0,2,0,0,0,0,4,1,5,2,35,6,-1,-1,-1,-1,5,3,E01032355,0
Unvalidated,2024221456206,2024,221456206,3,9,0,2,0,0,9,1,0,0,0,0,2,1,6,1,52,8,-1,-1,-1,-1,6,3,E01014030,0
Unvalidated,2024221456206,2024,221456206,4,9,0,18,8,5,0,1,0,4,0,0,1,1,6,2,53,8,-1,-1,-1,-1,6,1,E01032222,0
Unvalidated,2024221456391,2024,221456391,1,5,0,18,5,1,0,0,0,0,1,2,1,1,5,1,34,6,-1,-1,-1,-1,-1,-1,-1,0
Unvalidated,2024221456391,2024,221456391,2,5,0,18,5,1,0,0,0,0,0,0,1,1,5,1,55,8,-1,-1,-1,-1,6,1,E01010379,0
Unvalidated,2024221456391,2024,221456391,3,5,0,18,5,1,0,0,0,0,0,0,2,1,5,1,28,6,-1,-1,-1,-1,3,1,E01029355,0
Unvalidated,2024221456396,2024,221456396,1,9,0,9,4,2,0,5,0,0,0,0,0,2,6,1,57,9,-1,-1,-1,-1,-1,-1,-1,0
Unvalidated,2024221456396,2024,221456396,2,5,0,18,8,4,0,8,0,0,0,0,3,1,5,1,68,10,-1,-1,-1,-1,8,3,E01031196,0
Unvalidated,2024221456397,2024,221456397,1,5,0,18,8,4,0,0,0,0,0,0,1,1,5,1,55,8,-1,-1,-1,-1,8,1,E01009728,0
Unvalidated,2024221456397,2024,221456397,2,9,0,18,4,8,0,0,0,0,0,0,1,1,5,2,55,8,-1,-1,-1,-1,6,3,E01028842,0
Unvalidated,2024221456616,2024,221456616,1,19,0,18,8,4,0,8,0,0,0,0,1,1,1,2,33,6,-1,-1,-1,-1,3,1,E01014141,0
Unvalidated,2024221456616,2024,221456616,2,9,0,9,2,8,0,6,0,0,0,0,3,1,2,2,49,8,-1,-1,-1,-1,9,2,E01028855,0
Unvalidated,2024221456730,2024,221456730,1,19,0,18,4,8,0,4,0,0,0,0,1,1,6,1,61,9,-1,-1,-1,-1,8,1,E01013996,0
Unvalidated,2024221456730,2024,221456730,2,9,0,3,4,8,0,1,1,0,0,0,2,1,3,2,41,7,-1,-1,-1,-1,2,1,E01013994,0
Unvalidated,2024221456761,2024,221456761,1,20,0,11,5,1,0,0,0,0,0,0,4,1,1,1,62,9,-1,-1,-1,-1,7,1,E01018421,0
Unvalidated,2024221456761,2024,221456761,2,9,0,18,5,1,0,0,0,0,0,0,3,1,6,2,26,6,-1,-1,-1,-1,1,1,E01013995,0
Unvalidated,2024221456767,2024,221456767,1,9,0,18,6,3,0,0,0,0,7,0,1,1,6,2,20,4,-1,-1,-1,-1,6,1,E01028850,0
Unvalidated,2024221456785,2024,221456785,1,5,0,4,4,8,0,0,0,0,1,9,1,1,5,1,81,11,-1,-1,-1,-1,8,1,E01032286,0
Unvalidated,2024221456785,2024,221456785,2,5,0,18,4,8,0,0,0,0,0,0,0,1,5,2,55,8,-1,-1,-1,-1,7,1,E01032296,0
Unvalidated,2024221456963,2024,221456963,1,9,0,18,7,3,0,0,0,0,0,0,1,1,6,3,27,6,-1,-1,-1,-1,-1,-1,-1,0
Unvalidated,2024221456963,2024,221456963,2,9,0,18,7,3,0,0,0,0,0,0,2,1,2,1,28,6,-1,-1,-1,-1,8,1,E01028877,0
Unvalidated,2024221457060,2024,221457060,1,9,0,4,6,2,0,1,0,0,0,0,4,1,2,1,28,6,-1,-1,-1,-1,6,1,E01031316,0
Unvalidated,2024221457060,2024,221457060,2,5,0,4,6,2,0,1,0,0,0,0,3,1,2,1,65,9,-1,-1,-1,-1,7,1,E01009858,0
Unvalidated,2024221457120,2024,221457120,1,4,0,18,5,1,0,0,1,12,1,10,1,1,5,1,58,9,-1,-1,-1,-1,5,3,E01028991,0
Unvalidated,2024221457187,2024,221457187,1,19,0,18,5,8,0,0,0,0,0,0,1,1,1,1,27,6,-1,-1,-1,-1,9,1,E01033528,0
Unvalidated,2024221457187,2024,221457187,2,9,0,18,8,5,0,0,1,0,0,0,1,1,6,1,71,10,-1,-1,-1,-1,4,3,E01028866,0
Unvalidated,2024221457325,2024,221457325,1,9,0,18,7,3,0,0,1,4,0,0,1,1,6,1,85,11,-1,-1,-1,-1,10,1,E01032139,0
Unvalidated,2024221457325,2024,221457325,2,9,0,2,0,0,0,0,0,4,0,0,2,1,5,2,35,6,-1,-1,-1,-1,10,1,E01009859,0
Unvalidated,2024221457325,2024,221457325,3,9,0,2,0,0,0,0,0,0,0,0,2,1,5,2,36,7,-1,-1,-1,-1,10,1,E01009853,0
Unvalidated,2024221457453,2024,221457453,1,9,0,18,3,7,0,8,0,0,0,0,1,1,5,2,38,7,-1,-1,-1,-1,7,3,E01032123,0
Unvalidated,2024221457453,2024,221457453,2,9,0,18,3,7,0,1,0,0,0,0,3,1,5,2,63,9,-1,-1,-1,-1,7,1,E01032268,0
Unvalidated,2024221457542,2024,221457542,1,9,0,18,6,3,0,0,0,0,1,4,1,1,2,2,52,8,-1,-1,-1,-1,6,3,E01028970,0
Unvalidated,2024221457577,2024,221457577,1,3,0,18,8,4,0,8,1,0,7,10,1,1,6,1,19,4,-1,-1,-1,-1,6,2,E01032387,0
Unvalidated,2024221457577,2024,221457577,2,9,0,9,2,8,0,6,0,0,0,0,1,1,6,1,23,5,-1,-1,-1,-1,-1,-1,-1,0
Unvalidated,2024221457614,2024,221457614,1,9,0,18,3,7,0,0,0,0,0,0,1,1,5,2,19,4,-1,-1,-1,-1,8,1,E01014123,0
Unvalidated,2024221457650,2024,221457650,1,9,0,18,2,6,0,0,0,0,0,0,1,1,6,3,27,6,-1,-1,-1,-1,-1,-1,-1,0
Unvalidated,2024221457650,2024,221457650,2,9,0,4,2,6,0,0,0,0,0,0,2,1,6,3,42,7,-1,-1,-1,-1,-1,-1,-1,0
Unvalidated,2024221457650,2024,221457650,3,9,0,4,2,6,0,0,0,0,0,0,2,1,6,2,38,7,-1,-1,-1,-1,10,1,E01032367,0
Unvalidated,2024221457650,2024,221457650,4,9,0,4,2,6,0,0,0,0,0,0,2,1,6,1,67,10,-1,-1,-1,-1,-1,-1,-1,0
Unvalidated,2024221457655,2024,221457655,1,9,0,9,4,1,0,6,0,0,0,0,1,1,6,2,26,6,-1,-1,-1,-1,4,1,E01032322,0
Unvalidated,2024221457655,2024,221457655,2,9,0,18,1,5,0,8,0,0,0,0,1,1,6,2,37,7,-1,-1,-1,-1,6,3,E01032374,0
Unvalidated,2024221457722,2024,221457722,1,9,0,7,1,2,0,6,0,0,0,0,3,1,2,2,33,6,-1,-1,-1,-1,-1,1,-1,0
Unvalidated,2024221457722,2024,221457722,2,5,0,18,6,2,0,8,0,0,0,0,1,1,2,1,37,7,-1,-1,-1,-1,1,1,E01032465,0
Unvalidated,2024221457752,2024,221457752,1,9,0,14,5,1,0,8,0,0,0,0,3,1,6,2,31,6,-1,-1,-1,-1,5,1,E01032360,0
Unvalidated,2024221457752,2024,221457752,2,9,0,9,3,1,0,6,0,0,0,0,1,1,6,2,19,4,-1,-1,-1,-1,10,1,E01032300,0
Unvalidated,2024221457824,2024,221457824,1,9,0,18,5,1,0,0,0,0,0,0,1,1,6,2,23,5,-1,-1,-1,-1,5,1,E01028989,0
Unvalidated,2024221457826,2024,221457826,1,19,0,18,1,4,0,0,1,0,0,0,1,1,1,1,35,6,-1,-1,-1,-1,-1,-1,-1,0
Unvalidated,2024221457826,2024,221457826,2,9,0,18,4,1,0,0,0,0,0,0,1,1,6,2,26,6,-1,-1,-1,-1,6,3,E01028850,0
Unvalidated,2024221457829,2024,221457829,1,9,-1,-1,-1,-1,-1,0,-1,-1,-1,0,-1,1,6,2,35,6,-1,-1,-1,-1,2,1,E01014071,0
Unvalidated,2024221457829,2024,221457829,2,1,-1,-1,-1,-1,-1,0,-1,-1,-1,0,-1,1,1,1,24,5,-1,-1,-1,-1,2,1,E01013994,0
Unvalidated,2024221457848,2024,221457848,1,9,0,13,7,3,0,0,0,0,0,0,4,1,6,1,23,5,-1,-1,-1,-1,2,1,E01032453,0
Unvalidated,2024221457848,2024,221457848,2,9,0,18,7,3,0,0,0,0,0,0,3,1,6,2,64,9,-1,-1,-1,-1,6,3,E01028850,0
Unvalidated,2024221457869,2024,221457869,1,9,0,18,8,5,0,0,5,0,1,0,4,1,5,1,18,4,-1,-1,-1,-1,2,1,E01028962,0
Unvalidated,2024221457889,2024,221457889,1,3,0,18,1,5,0,0,0,0,2,4,1,1,6,1,19,4,-1,-1,-1,-1,9,1,E01028986,0
Unvalidated,2024221458417,2024,221458417,1,9,0,18,4,8,0,8,0,0,0,0,1,1,2,2,45,7,-1,-1,-1,-1,4,2,E01028894,0
Unvalidated,2024221458417,2024,221458417,2,9,0,7,6,8,0,6,0,0,0,0,3,1,5,2,31,6,-1,-1,-1,-1,6,3,E01018356,0
Unvalidated,2024221458644,2024,221458644,1,9,0,5,5,1,0,0,0,0,0,0,2,1,6,2,22,5,-1,-1,-1,-1,10,3,E01032144,0
Unvalidated,2024221458644,2024,221458644,2,5,0,18,1,5,0,0,0,0,0,0,1,1,6,1,19,4,-1,-1,-1,-1,2,1,E01009158,0
Unvalidated,2024221458653,2024,221458653,1,9,0,9,7,4,9,6,0,0,0,0,1,1,6,1,60,9,-1,-1,-1,-1,8,1,E01032317,0
Unvalidated,2024221458653,2024,221458653,2,1,0,18,4,1,9,8,0,0,0,0,1,1,6,2,27,6,-1,-1,-1,-1,8,3,E01032190,0
Unvalidated,2024221458662,2024,221458662,1,9,0,9,5,3,0,5,0,0,0,0,1,1,5,1,78,11,-1,-1,-1,-1,5,1,E01014084,0
Unvalidated,2024221458662,2024,221458662,2,1,0,18,1,5,0,8,0,0,0,0,3,1,5,1,43,7,-1,-1,-1,-1,7,2,E01014012,0
Unvalidated,2024221458789,2024,221458789,1,9,0,1,5,3,0,6,0,0,0,0,2,1,6,2,33,6,-1,-1,-1,-1,7,1,E01032209,0
Unvalidated,2024221458871,2024,221458871,1,9,0,18,6,2,0,0,2,0,1,0,1,1,5,2,38,7,-1,-1,-1,-1,8,1,E01032441,0
Unvalidated,2024221458871,2024,221458871,2,9,3,18,6,2,0,0,2,0,1,0,2,1,5,1,63,9,-1,-1,-1,-1,6,2,E01028322,0
Unvalidated,2024221458985,2024,221458985,1,9,0,18,8,4,0,0,0,0,1,11,1,1,5,1,78,11,-1,-1,-1,-1,3,1,E01032201,0
Unvalidated,2024221458985,2024,221458985,2,4,0,18,4,8,0,0,0,0,0,0,1,1,5,1,78,11,-1,-1,-1,-1,7,2,E01028995,0
Unvalidated,2024221459243,2024,221459243,1,9,0,9,2,8,9,6,0,0,0,0,1,1,6,1,82,11,-1,-1,-1,-1,-1,-1,-1,0
Unvalidated,2024221459243,2024,221459243,2,1,0,18,4,8,9,8,0,0,0,0,3,1,5,1,47,8,-1,-1,-1,-1,5,1,E01028931,0
Unvalidated,2024221459288,2024,221459288,1,9,0,18,5,1,0,0,5,0,0,0,1,1,6,2,18,4,-1,-1,-1,-1,2,1,E01032202,0
Unvalidated,2024221459288,2024,221459288,2,9,0,2,0,0,0,0,0,0,0,0,4,1,6,1,81,11,-1,-1,-1,-1,5,1,E01032196,0
Unvalidated,2024221459319,2024,221459319,1,9,0,9,2,7,0,5,0,0,0,0,4,1,6,1,22,5,-1,-1,-1,-1,2,1,E01033248,0
Unvalidated,2024221459319,2024,221459319,2,3,0,18,6,2,0,8,0,0,0,0,1,1,6,1,67,10,-1,-1,-1,-1,2,1,E01009499,0
Unvalidated,2024221459321,2024,221459321,1,9,0,18,5,2,0,0,1,0,0,0,3,1,6,1,18,4,-1,-1,-1,-1,10,3,E01032144,0
Unvalidated,2024221459321,2024,221459321,2,9,0,18,2,5,0,0,0,0,0,0,1,1,6,1,22,5,-1,-1,-1,-1,10,3,E01032149,0
Unvalidated,2024221459367,2024,221459367,1,9,0,13,4,8,0,0,0,0,5,6,4,1,6,1,37,7,-1,-1,-1,-1,1,1,E01010464,0
Unvalidated,2024221459367,2024,221459367,2,9,0,18,4,8,0,0,0,0,0,0,3,1,6,1,20,4,-1,-1,-1,-1,3,1,E01008890,0
Unvalidated,2024221459367,2024,221459367,3,21,1,18,4,8,0,0,0,0,0,0,1,1,1,1,57,9,-1,-1,-1,-1,-1,-1,-1,0
Unvalidated,2024221459405,2024,221459405,1,5,0,13,8,4,0,8,0,0,7,1,1,1,6,1,45,7,-1,-1,-1,-1,4,1,E01028838,0
Unvalidated,2024221459405,2024,221459405,2,9,0,9,8,6,0,5,0,0,7,1,3,1,6,2,49,8,-1,-1,-1,-1,-1,-1,-1,0
Unvalidated,2024221459405,2024,221459405,3,9,0,18,8,4,0,1,0,0,0,0,0,1,2,1,31,6,-1,-1,-1,-1,7,1,E01014137,0
Unvalidated,2024221459468,2024,221459468,1,9,0,4,2,5,0,0,0,0,0,0,2,1,6,1,77,11,-1,-1,-1,-1,8,2,E01032182,0
Unvalidated,2024221459468,2024,221459468,2,9,0,14,2,5,0,0,0,0,0,0,1,1,6,1,29,6,-1,-1,-1,-1,3,1,E01032201,0
Unvalidated,2024221459631,2024,221459631,1,9,0,9,3,1,0,5,0,0,0,0,3,1,5,2,56,9,-1,-1,-1,-1,9,1,E01032261,0
Unvalidated,2024221459631,2024,221459631,2,9,0,13,3,7,0,8,1,0,7,0,4,1,5,2,26,6,-1,-1,-1,-1,7,2,E01032399,0
Unvalidated,2024221459725,2024,221459725,1,9,0,4,3,7,0,1,0,0,0,0,1,1,6,2,22,5,-1,-1,-1,-1,-1,-1,-1,0
Unvalidated,2024221459725,2024,221459725,2,9,0,10,3,4,0,1,0,0,0,0,2,1,2,2,22,5,-1,-1,-1,-1,8,1,E01032195,0
Unvalidated,2024221459982,2024,221459982,1,5,0,13,5,1,0,8,0,0,7,0,4,1,5,1,71,10,-1,-1,-1,-1,8,2,E01028977,0
Unvalidated,2024221459982,2024,221459982,2,9,0,4,5,1,0,8,0,0,0,0,3,1,6,2,18,4,-1,-1,-1,-1,8,3,E01028861,0
Unvalidated,2024221459982,2024,221459982,3,9,0,18,1,5,0,8,0,0,0,0,3,1,6,1,63,9,-1,-1,-1,-1,6,1,E01018479,0
Unvalidated,2024221459982,2024,221459982,4,9,0,10,5,3,0,8,0,0,0,0,0,1,6,2,53,8,-1,-1,-1,-1,7,1,E01014150,0
Unvalidated,2024221460306,2024,221460306,1,9,0,13,6,8,0,0,0,0,0,0,4,1,6,3,56,9,-1,-1,-1,-1,-1,-1,-1,0
Unvalidated,2024221460306,2024,221460306,2,9,0,18,6,8,0,0,0,0,0,0,3,1,2,1,32,6,-1,-1,-1,-1,5,2,E01032430,0
Unvalidated,2024221460413,2024,221460413,1,9,0,9,2,8,0,6,0,0,0,0,3,1,2,2,44,7,-1,-1,-1,-1,4,1,E01028968,0
Unvalidated,2024221460413,2024,221460413,2,9,0,18,8,4,0,8,0,0,0,0,1,1,2,2,27,6,-1,-1,-1,-1,2,1,E01028962,0
Unvalidated,2024221460499,2024,221460499,1,19,0,13,4,6,0,0,1,0,0,0,3,1,6,1,38,7,-1,-1,-1,-1,8,3,E01013990,0
Unvalidated,2024221460499,2024,221460499,2,9,0,18,4,6,0,0,0,0,0,0,3,1,6,2,50,8,-1,-1,-1,-1,9,1,E01009959,0
Unvalidated,2024221460499,2024,221460499,3,9,0,3,4,6,0,0,0,0,0,0,2,1,6,1,58,9,-1,-1,-1,-1,4,3,E01014015,0
Unvalidated,2024221460499,2024,221460499,4,9,0,3,4,6,0,0,0,0,0,0,2,1,6,2,33,6,-1,-1,-1,-1,5,3,E01014027,0
Unvalidated,2024221460499,2024,221460499,5,9,0,18,6,4,0,0,0,0,0,0,1,1,6,1,47,8,-1,-1,-1,-1,3,1,E01013532,0
Unvalidated,2024221460546,2024,221460546,1,9,0,7,1,2,0,6,0,0,0,0,4,1,2,2,23,5,-1,-1,-1,-1,2,1,E01032202,0
Unvalidated,2024221460546,2024,221460546,2,9,0,18,1,5,0,8,0,0,0,0,1,1,6,1,59,9,-1,-1,-1,-1,3,1,E01032321,0
Unvalidated,2024221460935,2024,221460935,1,23,0,18,2,7,0,4,0,10,0,0,4,1,6,1,28,6,-1,-1,-1,-1,1,1,E01032332,0
Unvalidated,2024221461218,2024,221461218,1,1,0,18,2,6,9,8,0,0,0,0,1,1,5,1,15,3,-1,-1,-1,-1,7,1,E01013988,0
Unvalidated,2024221461218,2024,221461218,2,19,0,5,4,8,9,8,0,0,0,0,3,1,1,1,48,8,-1,-1,-1,-1,4,1,E01013989,0
Unvalidated,2024221461247,2024,221461247,1,9,3,13,4,8,0,0,0,0,0,0,4,1,5,1,74,10,-1,-1,-1,-1,6,2,E01032166,0