status,collision_index,collision_year,collision_reference,vehicle_reference,vehicle_type,towing_and_articulation,vehicle_manoeuvre,vehicle_direction_from,vehicle_direction_to,vehicle_location_restricted_lane,junction_location,skidding_and_overturning,hit_object_in_carriageway,vehicle_leaving_carriageway,hit_object_off_carriageway,first_point_of_impact,vehicle_left_hand_drive,journey_purpose_of_driver,sex_of_driver,age_of_driver,age_band_of_driver,engine_capacity_cc,propulsion_code,age_of_vehicle,generic_make_model,driver_imd_decile,driver_home_area_type,lsoa_of_driver,escooter_flag
Unvalidated,2024221461247,2024,221461247,2,1,0,18,4,8,0,0,0,0,0,0,3,1,5,1,47,8,-1,-1,-1,-1,-1,-1,-1,0
Unvalidated,2024221461279,2024,221461279,1,9,0,9,4,1,0,5,0,0,7,0,3,1,6,1,63,9,-1,-1,-1,-1,4,3,E01014019,0
Unvalidated,2024221461279,2024,221461279,2,9,0,13,4,8,0,8,0,0,7,0,1,1,6,1,19,4,-1,-1,-1,-1,7,1,E01014075,0
Unvalidated,2024221461301,2024,221461301,1,9,0,13,6,2,0,2,0,0,0,0,4,1,6,1,53,8,-1,-1,-1,-1,7,2,E01028889,0
Unvalidated,2024221461301,2024,221461301,2,1,0,18,6,2,0,2,0,0,0,0,3,1,6,2,75,10,-1,-1,-1,-1,4,1,E01028958,0
Unvalidated,2024221461600,2024,221461600,1,9,0,1,7,3,0,0,0,0,0,0,4,1,5,1,27,6,-1,-1,-1,-1,2,1,E01014074,0
Unvalidated,2024221461603,2024,221461603,1,1,0,18,5,1,0,8,0,0,0,0,1,1,1,1,16,4,-1,-1,-1,-1,4,1,E01032343,0
Unvalidated,2024221461603,2024,221461603,2,9,0,4,3,7,0,1,0,0,0,0,4,1,6,2,31,6,-1,-1,-1,-1,4,1,E01032384,0
Unvalidated,2024221461611,2024,221461611,1,9,0,4,4,8,0,0,0,0,0,0,0,1,6,3,57,9,-1,-1,-1,-1,-1,-1,-1,0
Unvalidated,2024221461611,2024,221461611,2,9,0,18,4,8,0,0,0,0,0,0,2,1,6,1,57,9,-1,-1,-1,-1,6,3,E01032352,0
Unvalidated,2024221461611,2024,221461611,3,9,0,18,4,8,0,0,0,0,0,0,1,1,6,2,51,8,-1,-1,-1,-1,5,3,E01032415,0
Unvalidated,2024221461672,2024,221461672,1,9,0,18,2,6,0,8,1,0,0,0,1,1,5,2,51,8,-1,-1,-1,-1,5,3,E01014099,0
Unvalidated,2024221461672,2024,221461672,2,9,0,9,3,2,0,6,0,0,0,0,1,1,1,2,58,9,-1,-1,-1,-1,5,3,E01014079,0
Unvalidated,2024221461779,2024,221461779,1,9,0,18,3,7,0,0,1,0,1,4,3,1,6,1,33,6,-1,-1,-1,-1,2,1,E01010449,0
Unvalidated,2024221461954,2024,221461954,1,9,0,18,6,2,0,0,0,0,7,9,1,1,6,1,26,6,-1,-1,-1,-1,1,1,E01009109,0
Unvalidated,2024221461954,2024,221461954,2,9,0,18,6,2,0,0,0,0,0,0,3,1,6,2,51,8,-1,-1,-1,-1,6,3,E01032383,0
Unvalidated,2024221461954,2024,221461954,3,9,0,18,6,2,0,0,0,0,0,0,3,1,6,1,31,6,-1,-1,-1,-1,7,3,E01032412,0
Unvalidated,2024221461954,2024,221461954,4,9,0,18,6,2,0,0,0,0,1,0,3,1,5,1,37,7,-1,-1,-1,-1,9,2,E01032347,0
Unvalidated,2024221461954,2024,221461954,5,9,0,18,6,2,0,0,0,0,0,0,0,1,5,1,37,7,-1,-1,-1,-1,6,1,E01032934,0
Unvalidated,2024221461956,2024,221461956,1,9,0,18,5,1,0,6,0,0,0,0,1,1,6,3,-1,-1,-1,-1,-1,-1,-1,-1,-1,0
Unvalidated,2024221461956,2024,221461956,2,5,0,18,3,7,0,8,0,0,0,0,1,1,6,1,50,8,-1,-1,-1,-1,8,3,E01029515,0
Unvalidated,2024221462134,2024,221462134,1,9,0,7,1,2,0,4,0,0,0,0,2,1,3,2,29,6,-1,-1,-1,-1,3,1,E01009775,0
Unvalidated,2024221462134,2024,221462134,2,9,0,18,1,4,0,4,0,0,0,0,1,1,6,3,47,8,-1,-1,-1,-1,-1,-1,-1,0
Unvalidated,2024221462174,2024,221462174,1,9,0,3,8,4,0,1,0,0,0,0,2,1,6,2,33,6,-1,-1,-1,-1,6,1,E01032258,0
Unvalidated,2024221462174,2024,221462174,2,9,0,18,8,4,0,4,0,0,0,0,1,1,6,1,38,7,-1,-1,-1,-1,1,1,E01008978,0
Unvalidated,2024221462195,2024,221462195,1,5,0,18,1,5,0,1,0,0,0,0,1,1,5,1,74,10,-1,-1,-1,-1,9,1,E01032220,0
Unvalidated,2024221462195,2024,221462195,2,9,0,4,1,5,0,1,0,0,0,0,2,1,6,1,40,7,-1,-1,-1,-1,4,3,E01014025,0
Unvalidated,2024221462602,2024,221462602,1,9,0,18,5,2,0,0,0,0,7,10,1,1,6,1,52,8,-1,-1,-1,-1,7,1,E01032442,0
Unvalidated,2024221462602,2024,221462602,2,9,0,18,2,5,0,0,0,0,0,0,1,1,6,2,40,7,-1,-1,-1,-1,5,3,E01032181,0
Unvalidated,2024221462640,2024,221462640,1,9,0,7,3,5,0,6,0,0,0,0,1,1,6,1,64,9,-1,-1,-1,-1,7,3,E01028995,0
Unvalidated,2024221462640,2024,221462640,2,9,0,18,1,5,0,8,0,0,0,0,1,1,6,2,64,9,-1,-1,-1,-1,9,3,W01000210,0
Unvalidated,2024221462644,2024,221462644,1,9,0,18,3,7,0,3,0,0,0,0,1,1,6,1,24,5,-1,-1,-1,-1,4,1,E01032343,0
Unvalidated,2024221462644,2024,221462644,2,9,0,18,7,3,0,4,0,0,0,0,1,1,6,2,25,5,-1,-1,-1,-1,5,2,E01032340,0
Unvalidated,2024221462948,2024,221462948,1,19,0,5,6,2,9,8,0,0,0,0,3,1,1,1,58,9,-1,-1,-1,-1,3,1,E01009947,0
Unvalidated,2024221463005,2024,221463005,1,9,0,9,8,5,0,6,0,0,0,0,3,1,6,1,41,7,-1,-1,-1,-1,8,2,E01032439,0
Unvalidated,2024221463005,2024,221463005,2,9,0,18,5,2,0,8,0,0,0,0,1,1,2,1,46,8,-1,-1,-1,-1,8,1,E01032446,0
Unvalidated,2024221463032,2024,221463032,1,9,0,9,6,5,0,5,0,0,0,0,1,1,1,1,47,8,-1,-1,-1,-1,6,1,E01014146,0
Unvalidated,2024221463032,2024,221463032,2,3,0,18,2,6,0,8,0,0,0,0,1,1,3,1,17,4,-1,-1,-1,-1,4,1,E01014206,0
Unvalidated,2024221463038,2024,221463038,1,9,0,9,5,2,0,6,0,0,0,0,3,1,6,2,71,10,-1,-1,-1,-1,7,2,W01001933,0
Unvalidated,2024221463038,2024,221463038,2,9,0,18,2,7,0,8,0,0,0,0,1,1,6,1,73,10,-1,-1,-1,-1,1,1,E01014116,0
Unvalidated,2024221463156,2024,221463156,1,9,0,9,3,8,0,5,0,0,1,4,4,1,6,1,65,9,-1,-1,-1,-1,7,1,E01005749,0
Unvalidated,2024221463156,2024,221463156,2,9,0,18,5,3,0,8,0,0,0,0,1,1,6,2,19,4,-1,-1,-1,-1,9,1,E01032220,0
Unvalidated,2024221463353,2024,221463353,1,5,0,13,8,4,0,0,1,0,7,4,1,1,5,1,43,7,-1,-1,-1,-1,3,1,E01009834,0
Unvalidated,2024221463403,2024,221463403,1,17,2,9,8,6,0,8,0,0,0,0,1,1,1,1,32,6,-1,-1,-1,-1,-1,-1,-1,0
Unvalidated,2024221463403,2024,221463403,2,9,0,18,8,4,0,3,0,0,0,0,4,1,6,2,43,7,-1,-1,-1,-1,8,1,E01022165,0
Unvalidated,2024221463420,2024,221463420,1,19,0,18,4,8,0,0,0,0,0,0,3,1,6,1,33,6,-1,-1,-1,-1,-1,-1,-1,0
Unvalidated,2024221463420,2024,221463420,2,19,0,18,8,4,0,0,0,0,0,0,3,1,2,1,46,8,-1,-1,-1,-1,4,1,E01014169,0
Unvalidated,2024221463422,2024,221463422,1,5,0,18,5,8,0,8,1,0,7,10,1,1,6,1,23,5,-1,-1,-1,-1,5,3,E01014056,0
Unvalidated,2024221463933,2024,221463933,1,9,0,18,8,4,0,6,0,0,0,0,1,1,6,1,36,7,-1,-1,-1,-1,4,3,E01032440,0
Unvalidated,2024221463933,2024,221463933,2,5,0,18,6,2,0,8,0,0,0,0,4,1,6,1,59,9,-1,-1,-1,-1,1,1,E01009952,0
Unvalidated,2024221464706,2024,221464706,1,9,0,9,2,8,0,6,0,0,0,0,1,1,6,1,62,9,-1,-1,-1,-1,-1,-1,-1,0
Unvalidated,2024221464706,2024,221464706,2,1,0,18,8,4,0,8,0,0,0,0,4,1,6,2,75,10,-1,-1,-1,-1,4,1,E01028958,0
Unvalidated,2024221464871,2024,221464871,1,9,0,10,4,2,0,8,0,0,0,0,2,1,6,2,63,9,-1,-1,-1,-1,4,1,E01032370,0
Unvalidated,2024221464871,2024,221464871,2,19,0,18,4,8,0,8,0,0,0,0,1,1,1,1,38,7,-1,-1,-1,-1,8,1,E01032286,0
Unvalidated,2024221464937,2024,221464937,1,9,0,5,6,2,0,1,0,0,0,0,3,1,5,2,19,4,-1,-1,-1,-1,4,3,E01014015,0
Unvalidated,2024221464937,2024,221464937,2,9,0,2,0,0,0,1,0,0,0,0,0,1,5,2,27,6,-1,-1,-1,-1,3,2,E01014005,0
Unvalidated,2024221465138,2024,221465138,1,3,0,18,7,2,0,0,0,0,1,0,1,1,5,1,19,4,-1,-1,-1,-1,1,1,E01032469,0
Unvalidated,2024221465138,2024,221465138,2,90,0,18,2,7,0,0,0,0,0,0,1,1,6,3,65,9,-1,-1,-1,-1,-1,-1,-1,0
Unvalidated,2024221465138,2024,221465138,3,9,0,18,7,2,0,0,0,0,0,0,0,1,6,3,54,8,-1,-1,-1,-1,2,1,E01032461,0
Unvalidated,2024221466238,2024,221466238,1,9,0,13,3,7,0,8,0,0,0,0,4,1,6,1,24,5,-1,-1,-1,-1,-1,-1,-1,0
Unvalidated,2024221466238,2024,221466238,2,9,0,9,3,1,0,5,0,0,0,0,1,1,6,2,21,5,-1,-1,-1,-1,7,1,E01032268,0
Unvalidated,2024221466248,2024,221466248,1,9,0,18,5,8,0,0,0,0,0,0,3,1,6,2,62,9,-1,-1,-1,-1,6,3,E01028850,0
Unvalidated,2024221466248,2024,221466248,2,3,0,18,8,5,0,0,0,0,0,0,1,1,6,1,17,4,-1,-1,-1,-1,6,1,E01014117,0
Unvalidated,2024221466365,2024,221466365,1,1,0,9,2,8,0,5,0,0,0,0,3,1,6,1,42,7,-1,-1,-1,-1,3,1,E01014104,0
Unvalidated,2024221466365,2024,221466365,2,9,0,13,2,6,0,8,0,0,0,0,4,1,6,2,30,6,-1,-1,-1,-1,-1,-1,-1,0
Unvalidated,2024221466386,2024,221466386,1,9,0,9,8,6,9,6,0,0,0,0,1,1,6,1,26,6,-1,-1,-1,-1,3,1,E01014141,0
Unvalidated,2024221466386,2024,221466386,2,1,0,18,2,6,9,8,0,0,0,0,3,1,5,1,8,2,-1,-1,-1,-1,-1,-1,-1,0
Unvalidated,2024221467236,2024,221467236,1,9,0,13,8,4,0,8,0,0,7,9,1,1,6,1,48,8,-1,-1,-1,-1,3,1,E01032378,0
Unvalidated,2024221467236,2024,221467236,2,9,0,9,8,5,0,5,0,0,0,0,1,1,5,1,51,8,-1,-1,-1,-1,6,3,E01032382,0
Unvalidated,2024221467770,2024,221467770,1,9,0,18,2,6,0,8,5,0,0,0,3,1,1,1,49,8,-1,-1,-1,-1,8,1,E01009904,0
Unvalidated,2024221467770,2024,221467770,2,9,0,18,8,4,0,6,1,0,0,0,1,1,5,2,36,7,-1,-1,-1,-1,5,3,E01033529,0
Unvalidated,2024221467814,2024,221467814,1,9,0,9,8,5,0,5,0,0,0,0,1,1,2,1,28,6,-1,-1,-1,-1,3,1,E01014010,0
Unvalidated,2024221468186,2024,221468186,1,9,0,18,5,1,0,0,0,0,0,0,4,1,5,1,21,5,-1,-1,-1,-1,5,3,E01014000,0
Unvalidated,2024221469379,2024,221469379,1,5,0,18,8,4,0,0,0,0,0,0,3,1,6,1,51,8,-1,-1,-1,-1,9,1,E01032361,0
Unvalidated,2024221469379,2024,221469379,2,9,0,18,4,8,0,0,0,0,0,0,3,1,6,2,47,8,-1,-1,-1,-1,7,1,E01004609,0
Unvalidated,2024221469663,2024,221469663,1,1,0,18,1,4,0,0,0,0,0,0,1,1,5,1,44,7,-1,-1,-1,-1,5,3,E01028980,0
Unvalidated,2024221469663,2024,221469663,2,1,0,18,1,5,0,0,0,0,0,0,2,1,5,1,37,7,-1,-1,-1,-1,5,3,E01028980,0
Unvalidated,2024221469887,2024,221469887,1,9,0,9,5,2,0,6,0,0,0,0,1,1,6,1,52,8,-1,-1,-1,-1,7,3,E01032375,0
Unvalidated,2024221469887,2024,221469887,2,1,0,18,2,8,0,8,0,0,0,0,4,1,5,1,32,6,-1,-1,-1,-1,8,1,E01025960,0
Unvalidated,2024221470761,2024,221470761,1,9,0,10,4,8,0,1,0,0,0,0,1,1,6,1,81,11,-1,-1,-1,-1,7,3,E01028998,0
Unvalidated,2024221470761,2024,221470761,2,9,0,4,4,8,0,1,0,0,0,0,2,1,6,1,42,7,-1,-1,-1,-1,4,3,E01029015,0
Unvalidated,2024221471575,2024,221471575,1,9,0,14,7,3,0,0,0,0,0,0,4,1,5,1,20,4,-1,-1,-1,-1,2,1,E01014115,0
Unvalidated,2024221471575,2024,221471575,2,9,0,18,7,3,0,0,0,0,0,0,0,1,1,1,30,6,-1,-1,-1,-1,8,1,E01014157,0
Unvalidated,2024221471575,2024,221471575,3,11,0,3,7,3,0,0,0,0,0,0,3,1,1,1,65,9,-1,-1,-1,-1,2,1,E01014140,0
Unvalidated,2024221471672,2024,221471672,1,9,0,18,3,6,0,0,5,0,7,0,1,1,5,1,41,7,-1,-1,-1,-1,5,1,E01025252,0
Unvalidated,2024221475721,2024,221475721,1,9,0,18,1,4,0,0,0,0,7,0,1,1,5,1,19,4,-1,-1,-1,-1,5,2,E01031242,0
Unvalidated,2024221492269,2024,221492269,1,21,1,5,4,8,0,0,0,0,0,0,1,1,1,1,32,6,-1,-1,-1,-1,9,1,W01000481,0
Unvalidated,2024231394212,2024,231394212,1,9,0,18,1,5,0,0,0,0,7,9,1,1,6,2,53,8,-1,-1,-1,-1,1,1,E01009611,0
Unvalidated,2024231394212,2024,231394212,2,19,0,18,5,1,0,0,0,0,0,0,4,1,6,1,33,6,-1,-1,-1,-1,-1,3,-1,0
Unvalidated,2024231395745,2024,231395745,1,9,0,1,7,3,9,1,0,0,0,0,1,1,1,1,66,10,-1,-1,-1,-1,2,1,E01031119,0
Unvalidated,2024231396617,2024,231396617,1,9,0,18,-1,-1,0,0,0,0,0,0,3,1,6,1,-1,-1,-1,-1,-1,-1,-1,-1,-1,0
Unvalidated,2024231396714,2024,231396714,1,9,0,18,4,8,0,0,0,0,0,0,1,1,6,3,25,5,-1,-1,-1,-1,-1,-1,-1,0
Unvalidated,2024231396714,2024,231396714,2,9,0,3,4,8,0,0,0,0,0,0,3,1,5,2,25,5,-1,-1,-1,-1,7,1,E01009645,0
Unvalidated,2024231396714,2024,231396714,3,9,0,3,4,8,0,0,0,0,0,0,4,1,5,1,31,6,-1,-1,-1,-1,1,1,E01009566,0
Unvalidated,2024231396766,2024,231396766,1,9,0,9,6,4,0,8,0,0,0,0,1,1,5,2,81,11,-1,-1,-1,-1,10,1,E01031175,0
Unvalidated,2024231396766,2024,231396766,2,9,0,18,2,6,0,8,0,0,0,0,1,1,5,2,70,10,-1,-1,-1,-1,10,1,E01032895,0
Unvalidated,2024231396845,2024,231396845,1,9,0,18,2,6,0,1,0,0,0,0,1,1,6,1,49,8,-1,-1,-1,-1,1,1,E01009117,0
Unvalidated,2024231396845,2024,231396845,2,9,0,4,2,6,0,1,0,0,0,0,2,1,2,1,25,5,-1,-1,-1,-1,6,2,E01031206,0
Unvalidated,2024231397603,2024,231397603,1,9,0,18,1,5,0,0,0,4,0,0,1,1,5,2,75,10,-1,-1,-1,-1,8,2,E01031260,0
Unvalidated,2024231397603,2024,231397603,2,9,0,2,0,0,9,0,0,0,0,0,2,1,5,2,49,8,-1,-1,-1,-1,7,3,E01031244,0
Unvalidated,2024231397603,2024,231397603,3,9,0,18,5,1,0,0,0,10,0,0,1,1,6,1,37,7,-1,-1,-1,-1,10,1,E01031259,0
Unvalidated,2024231397659,2024,231397659,1,9,0,18,6,2,0,0,0,0,1,7,1,1,2,1,26,6,-1,-1,-1,-1,6,1,E01001870,0
Unvalidated,2024231397659,2024,231397659,2,9,0,4,6,2,0,0,0,0,0,0,2,1,6,1,34,6,-1,-1,-1,-1,7,1,E01031297,0
Unvalidated,2024231397677,2024,231397677,1,9,0,18,4,8,0,1,0,0,0,0,1,1,6,2,25,5,-1,-1,-1,-1,-1,-1,-1,0
Unvalidated,2024231397677,2024,231397677,2,1,0,18,6,3,5,6,0,0,0,0,3,1,4,1,11,3,-1,-1,-1,-1,10,3,E01031318,0
Unvalidated,2024231397864,2024,231397864,1,9,0,5,1,5,0,0,0,0,0,0,1,1,2,2,19,4,-1,-1,-1,-1,8,2,E01031181,0
Unvalidated,2024231398146,2024,231398146,1,9,0,18,8,4,0,0,1,0,2,4,1,1,1,1,48,8,-1,-1,-1,-1,5,1,E01029853,0
Unvalidated,2024231398155,2024,231398155,1,9,0,16,7,1,0,8,5,0,7,11,1,1,5,2,19,4,-1,-1,-1,-1,6,1,E01031084,0
Unvalidated,2024231398428,2024,231398428,1,9,0,12,2,6,0,7,0,4,1,0,1,1,2,1,20,4,-1,-1,-1,-1,3,1,E01031058,0
Unvalidated,2024231398428,2024,231398428,2,9,0,2,0,0,0,1,0,0,1,0,2,1,2,1,63,9,-1,-1,-1,-1,4,1,E01009625,0
Unvalidated,2024231398466,2024,231398466,1,21,1,11,8,4,0,0,0,0,0,0,1,1,1,1,47,8,-1,-1,-1,-1,3,1,E01002283,0
Unvalidated,2024231398466,2024,231398466,2,9,0,18,8,4,0,0,2,0,4,6,2,1,5,1,55,8,-1,-1,-1,-1,3,1,E01031053,0
Unvalidated,2024231398532,2024,231398532,1,9,0,18,7,3,0,0,0,0,0,0,1,1,2,2,34,6,-1,-1,-1,-1,7,3,E01031194,0
Unvalidated,2024231398809,2024,231398809,1,9,0,9,1,6,0,5,5,0,0,0,1,1,1,2,22,5,-1,-1,-1,-1,2,1,E01033641,0
Unvalidated,2024231398809,2024,231398809,2,9,0,5,5,1,0,1,0,0,0,0,1,1,5,1,52,8,-1,-1,-1,-1,9,1,E01031019,0
Unvalidated,2024231398937,2024,231398937,1,19,0,17,1,6,0,8,0,0,0,0,2,1,1,1,61,9,-1,-1,-1,-1,7,1,E01009116,0
Unvalidated,2024231398937,2024,231398937,2,9,0,17,1,6,0,8,0,0,0,0,1,1,6,3,25,5,-1,-1,-1,-1,-1,-1,-1,0
Unvalidated,2024231399178,2024,231399178,1,9,0,18,6,8,0,0,2,0,1,4,1,1,6,1,40,7,-1,-1,-1,-1,6,2,E01031199,0
Unvalidated,2024231399245,2024,231399245,1,9,0,18,6,2,0,0,0,0,1,0,1,1,5,2,33,6,-1,-1,-1,-1,4,1,E01031086,0
Unvalidated,2024231399264,2024,231399264,1,19,0,10,1,7,0,1,0,0,0,0,1,1,1,1,52,8,-1,-1,-1,-1,9,2,E01031183,0
Unvalidated,2024231399264,2024,231399264,2,20,0,8,3,7,0,5,0,0,0,0,1,1,6,1,58,9,-1,-1,-1,-1,6,3,E01032166,0
Unvalidated,2024231399264,2024,231399264,3,9,0,18,7,4,0,1,0,0,0,0,1,1,6,2,60,9,-1,-1,-1,-1,9,1,E01032231,0
Unvalidated,2024231399299,2024,231399299,1,3,0,13,2,6,0,1,0,0,0,0,2,1,6,1,28,6,-1,-1,-1,-1,5,1,E01031133,0
Unvalidated,2024231399299,2024,231399299,2,9,0,7,2,8,0,5,0,0,0,0,3,1,6,1,32,6,-1,-1,-1,-1,8,3,E01031162,0
Unvalidated,2024231400907,2024,231400907,1,9,0,9,2,8,0,6,0,0,0,0,1,1,2,1,55,8,-1,-1,-1,-1,9,1,E01009543,0
Unvalidated,2024231400907,2024,231400907,2,3,0,18,4,8,0,8,1,0,0,0,2,1,2,1,24,5,-1,-1,-1,-1,1,1,E01009612,0
Unvalidated,2024231401098,2024,231401098,1,9,0,18,5,1,0,0,0,0,0,0,1,1,6,2,40,7,-1,-1,-1,-1,5,3,E01031190,0
Unvalidated,2024231401098,2024,231401098,2,9,0,3,5,1,0,0,0,0,0,0,2,1,6,1,73,10,-1,-1,-1,-1,7,1,E01031236,0
Unvalidated,2024231401098,2024,231401098,3,9,0,3,5,1,0,0,0,0,0,0,2,1,6,1,37,7,-1,-1,-1,-1,9,2,E01031183,0
Unvalidated,2024231401098,2024,231401098,4,9,0,3,5,1,0,0,0,0,0,0,2,1,6,1,-1,-1,-1,-1,-1,-1,7,1,E01032237,0
Unvalidated,2024231401112,2024,231401112,1,9,0,9,2,3,0,6,0,0,0,0,3,1,6,2,20,4,-1,-1,-1,-1,5,2,E01031016,0
Unvalidated,2024231401112,2024,231401112,2,9,0,18,7,3,0,8,0,0,0,0,1,1,6,1,73,10,-1,-1,-1,-1,6,3,E01031017,0
Unvalidated,2024231401197,2024,231401197,1,9,0,9,8,7,0,6,0,0,0,0,1,1,6,2,38,7,-1,-1,-1,-1,7,2,E01031038,0
Unvalidated,2024231401197,2024,231401197,2,9,0,9,3,8,0,5,0,0,0,0,3,1,6,1,26,6,-1,-1,-1,-1,5,1,E01031105,0
Unvalidated,2024231401695,2024,231401695,1,9,0,13,2,6,0,0,1,0,1,1,2,1,5,2,41,7,-1,-1,-1,-1,10,1,E01031305,0
Unvalidated,2024231401967,2024,231401967,1,9,0,18,6,2,0,0,1,0,4,0,1,1,6,2,31,6,-1,-1,-1,-1,1,1,E01015699,0
Unvalidated,2024231401967,2024,231401967,2,21,1,18,6,2,0,0,0,0,0,0,0,1,1,1,53,8,-1,-1,-1,-1,5,1,E01031056,0
Unvalidated,2024231402044,2024,231402044,1,9,0,18,6,2,0,1,1,0,2,2,1,1,5,1,82,11,-1,-1,-1,-1,5,1,E01031009,0
Unvalidated,2024231402076,2024,231402076,1,9,0,4,6,2,0,8,0,0,0,0,1,1,2,1,27,6,-1,-1,-1,-1,7,3,E01031248,0
Unvalidated,2024231402076,2024,231402076,2,19,0,4,6,2,0,8,0,0,0,0,2,1,1,1,50,8,-1,-1,-1,-1,5,2,E01031190,0
Unvalidated,2024231402409,2024,231402409,1,9,0,18,5,1,0,0,0,0,0,0,4,1,6,1,60,9,-1,-1,-1,-1,7,2,E01031248,0
Unvalidated,2024231402409,2024,231402409,2,9,0,2,0,0,0,0,0,0,0,0,3,1,3,2,32,6,-1,-1,-1,-1,7,3,E01031212,0
Unvalidated,2024231402493,2024,231402493,1,9,0,7,3,6,0,4,0,0,0,0,1,1,6,2,55,8,-1,-1,-1,-1,5,1,E01031114,0
Unvalidated,2024231402493,2024,231402493,2,9,0,18,2,6,0,8,0,0,0,0,3,1,6,1,33,6,-1,-1,-1,-1,2,1,E01009565,0
Unvalidated,2024231402881,2024,231402881,1,9,0,18,7,3,0,0,0,0,0,0,1,1,6,3,38,7,-1,-1,-1,-1,-1,-1,-1,0
Unvalidated,2024231402881,2024,231402881,2,9,0,3,7,3,0,0,0,0,0,0,2,1,5,2,45,7,-1,-1,-1,-1,7,1,E01010163,0
Unvalidated,2024231403235,2024,231403235,1,9,0,1,5,1,0,6,0,0,0,0,2,1,6,1,37,7,-1,-1,-1,-1,5,1,E01031262,0
Unvalidated,2024231403245,2024,231403245,1,9,0,9,2,8,0,6,0,0,0,0,4,1,6,2,63,9,-1,-1,-1,-1,10,1,E01031289,0
Unvalidated,2024231403245,2024,231403245,2,3,0,18,8,4,0,8,0,0,0,0,0,1,6,1,54,8,-1,-1,-1,-1,10,1,E01031289,0
Unvalidated,2024231403424,2024,231403424,1,9,0,11,6,8,0,4,0,0,0,0,4,1,6,1,45,7,-1,-1,-1,-1,-1,-1,-1,0
Unvalidated,2024231403424,2024,231403424,2,9,0,18,6,8,0,4,0,0,0,0,3,1,6,2,27,6,-1,-1,-1,-1,5,1,E01029504,0
Unvalidated,2024231403425,2024,231403425,1,21,1,5,2,6,0,1,0,0,0,0,1,1,6,3,58,9,-1,-1,-1,-1,-1,-1,-1,0
Unvalidated,2024231403425,2024,231403425,2,9,0,5,2,6,0,1,0,0,0,0,2,1,6,2,43,7,-1,-1,-1,-1,4,1,E01010145,0
Unvalidated,2024231403491,2024,231403491,1,19,0,18,5,1,0,6,5,0,0,0,4,1,1,1,22,5,-1,-1,-1,-1,9,1,E01032297,0
Unvalidated,2024231403491,2024,231403491,2,9,0,18,8,4,0,8,0,0,0,0,1,1,6,1,58,9,-1,-1,-1,-1,6,3,E01031031,0
Unvalidated,2024231403643,2024,231403643,1,9,0,9,8,6,0,5,0,0,0,0,1,1,5,1,46,8,-1,-1,-1,-1,-1,-1,-1,0
Unvalidated,2024231403643,2024,231403643,2,9,0,18,4,8,0,8,0,0,1,9,3,1,5,2,24,5,-1,-1,-1,-1,6,3,E01031031,0
Unvalidated,2024231403718,2024,231403718,1,9,0,9,8,5,0,6,0,0,0,0,4,1,6,3,34,6,-1,-1,-1,-1,-1,-1,-1,0
Unvalidated,2024231403718,2024,231403718,2,3,0,18,2,5,0,8,0,0,0,0,1,1,6,1,17,4,-1,-1,-1,-1,10,1,E01032145,0
Unvalidated,2024231404147,2024,231404147,1,9,0,18,2,5,0,8,0,0,0,0,1,1,6,2,56,9,-1,-1,-1,-1,3,1,E01031177,0
Unvalidated,2024231404152,2024,231404152,1,9,0,18,1,5,0,0,0,0,0,0,1,1,6,3,35,6,-1,-1,-1,-1,-1,-1,-1,0
Unvalidated,2024231404152,2024,231404152,2,9,0,18,1,5,0,0,0,0,0,0,2,1,6,1,57,9,-1,-1,-1,-1,5,1,E01030609,0
Unvalidated,2024231404172,2024,231404172,1,9,0,6,5,5,0,0,0,0,0,0,3,1,6,1,49,8,-1,-1,-1,-1,8,1,E01031337,0
Unvalidated,2024231404172,2024,231404172,2,9,0,18,5,1,0,0,0,0,0,0,1,1,6,2,53,8,-1,-1,-1,-1,10,1,E01031331,0
Unvalidated,2024231404195,2024,231404195,1,9,0,17,3,7,0,0,0,0,0,0,1,1,2,1,44,7,-1,-1,-1,-1,3,1,E01031065,0
Unvalidated,2024231404232,2024,231404232,1,11,0,18,4,8,0,0,0,0,0,0,4,1,1,3,45,7,-1,-1,-1,-1,-1,-1,-1,0
Unvalidated,2024231404236,2024,231404236,1,19,0,18,8,4,0,0,0,0,0,0,1,1,1,1,38,7,-1,-1,-1,-1,2,2,E01020788,0
Unvalidated,2024231404236,2024,231404236,2,9,0,4,8,4,0,0,0,0,0,0,2,1,3,1,42,7,-1,-1,-1,-1,4,1,E01032254,0
Unvalidated,2024231404272,2024,231404272,1,9,0,4,1,5,0,5,0,0,3,11,1,1,6,2,77,11,-1,-1,-1,-1,8,2,E01031192,0
Unvalidated,2024231404279,2024,231404279,1,21,1,12,8,4,0,0,0,0,0,0,1,2,1,1,58,9,-1,-1,-1,-1,-1,-1,-1,0
Unvalidated,2024231404279,2024,231404279,2,9,0,18,8,4,0,0,1,0,1,7,3,1,6,1,35,6,-1,-1,-1,-1,6,1,E01016737,0
Unvalidated,2024231404295,2024,231404295,1,9,0,16,4,7,0,0,2,0,1,4,4,1,1,1,49,8,-1,-1,-1,-1,3,1,E01009606,0