status,collision_index,collision_year,collision_reference,vehicle_reference,vehicle_type,towing_and_articulation,vehicle_manoeuvre,vehicle_direction_from,vehicle_direction_to,vehicle_location_restricted_lane,junction_location,skidding_and_overturning,hit_object_in_carriageway,vehicle_leaving_carriageway,hit_object_off_carriageway,first_point_of_impact,vehicle_left_hand_drive,journey_purpose_of_driver,sex_of_driver,age_of_driver,age_band_of_driver,engine_capacity_cc,propulsion_code,age_of_vehicle,generic_make_model,driver_imd_decile,driver_home_area_type,lsoa_of_driver,escooter_flag
Unvalidated,2024231404303,2024,231404303,1,9,0,18,1,5,0,0,0,0,0,0,1,1,6,2,29,6,-1,-1,-1,-1,4,1,E01031087,0
Unvalidated,2024231404462,2024,231404462,1,9,0,18,6,2,0,1,0,0,0,0,2,1,6,1,35,6,-1,-1,-1,-1,-1,-1,-1,0
Unvalidated,2024231404462,2024,231404462,2,9,0,4,6,2,0,1,0,0,0,0,1,1,2,1,41,7,-1,-1,-1,-1,8,1,E01032269,0
Unvalidated,2024231404691,2024,231404691,1,9,0,18,8,4,0,0,0,0,0,0,1,1,6,1,48,8,-1,-1,-1,-1,2,1,E01009537,0
Unvalidated,2024231404691,2024,231404691,2,9,0,18,8,4,0,0,0,0,0,0,2,1,6,1,24,5,-1,-1,-1,-1,8,3,E01031182,0
Unvalidated,2024231404702,2024,231404702,1,9,0,18,4,8,0,0,2,10,1,11,4,1,5,1,17,4,-1,-1,-1,-1,9,1,E01031113,0
Unvalidated,2024231404742,2024,231404742,1,9,0,18,2,8,0,0,0,0,1,1,1,1,5,1,64,9,-1,-1,-1,-1,3,1,E01031047,0
Unvalidated,2024231404823,2024,231404823,1,9,0,9,4,2,0,6,0,0,0,0,4,1,2,2,39,7,-1,-1,-1,-1,3,1,E01032587,0
Unvalidated,2024231404823,2024,231404823,2,9,0,18,6,2,0,8,0,0,0,0,1,1,2,2,58,9,-1,-1,-1,-1,3,1,E01031058,0
Unvalidated,2024231404899,2024,231404899,1,9,0,1,-1,-1,99,0,0,0,9,0,2,1,6,1,-1,-1,-1,-1,-1,-1,-1,-1,-1,0
Unvalidated,2024231405437,2024,231405437,1,9,0,18,8,4,0,0,0,0,0,0,1,1,5,2,86,11,-1,-1,-1,-1,9,2,E01031154,0
Unvalidated,2024231405437,2024,231405437,2,9,0,18,4,8,0,0,0,0,0,0,1,1,5,2,60,9,-1,-1,-1,-1,7,1,E01031167,0
Unvalidated,2024231405486,2024,231405486,1,9,0,12,8,4,0,0,1,0,0,0,1,1,6,1,25,5,-1,-1,-1,-1,2,1,E01012579,0
Unvalidated,2024231405486,2024,231405486,2,9,0,18,8,4,0,0,0,0,0,0,2,1,6,1,23,5,-1,-1,-1,-1,2,1,E01009662,0
Unvalidated,2024231405486,2024,231405486,3,21,1,18,8,4,0,0,0,0,0,0,4,1,1,1,25,5,-1,-1,-1,-1,1,1,E01014306,0
Unvalidated,2024231405502,2024,231405502,1,9,0,16,2,6,0,0,0,0,0,0,4,1,1,1,49,8,-1,-1,-1,-1,3,1,E01025976,0
Unvalidated,2024231405502,2024,231405502,2,21,1,17,6,2,0,0,0,0,0,0,4,1,1,1,36,7,-1,-1,-1,-1,5,1,E01013784,0
Unvalidated,2024231405534,2024,231405534,1,9,0,17,5,1,0,0,2,0,7,9,1,1,2,1,34,6,-1,-1,-1,-1,7,3,E01032892,0
Unvalidated,2024231405557,2024,231405557,1,19,0,7,1,6,0,6,0,0,0,0,4,1,6,1,56,9,-1,-1,-1,-1,3,1,E01032236,0
Unvalidated,2024231405572,2024,231405572,1,9,0,5,2,6,0,6,0,0,0,0,1,1,6,1,55,8,-1,-1,-1,-1,-1,-1,-1,0
Unvalidated,2024231405572,2024,231405572,2,9,0,18,8,4,0,8,0,0,0,0,1,1,5,2,50,8,-1,-1,-1,-1,4,1,E01031127,0
Unvalidated,2024231405596,2024,231405596,1,9,0,18,8,4,0,0,0,0,1,7,1,1,1,1,30,6,-1,-1,-1,-1,1,1,E01009612,0
Unvalidated,2024231405596,2024,231405596,2,9,0,15,8,4,0,0,0,0,0,0,0,1,6,3,30,6,-1,-1,-1,-1,-1,-1,-1,0
Unvalidated,2024231406465,2024,231406465,1,9,0,1,2,6,0,0,0,0,0,0,2,1,6,1,35,6,-1,-1,-1,-1,2,1,E01031046,0
Unvalidated,2024231406707,2024,231406707,1,9,0,18,6,2,0,8,0,0,0,0,1,1,6,3,38,7,-1,-1,-1,-1,-1,-1,-1,0
Unvalidated,2024231406707,2024,231406707,2,9,0,9,6,4,0,5,0,0,0,0,2,1,6,2,49,8,-1,-1,-1,-1,-1,-1,-1,0
Unvalidated,2024231406834,2024,231406834,1,9,0,13,5,1,0,8,1,0,0,0,4,1,2,2,43,7,-1,-1,-1,-1,9,2,E01031220,0
Unvalidated,2024231406834,2024,231406834,2,9,0,13,5,1,0,8,1,0,0,0,3,1,2,1,42,7,-1,-1,-1,-1,8,1,E01031162,0
Unvalidated,2024231406834,2024,231406834,3,19,0,18,5,1,0,8,1,0,7,4,2,1,1,1,52,8,-1,-1,-1,-1,5,1,E01031168,0
Unvalidated,2024231406867,2024,231406867,1,9,0,18,1,5,0,1,1,0,1,0,1,1,5,1,77,11,-1,-1,-1,-1,6,3,E01031187,0
Unvalidated,2024231406867,2024,231406867,2,21,1,1,5,3,0,5,0,0,0,0,1,1,1,1,26,6,-1,-1,-1,-1,-1,-1,-1,0
Unvalidated,2024231406891,2024,231406891,1,21,1,5,2,6,0,6,1,0,0,0,1,1,1,1,54,8,-1,-1,-1,-1,3,1,E01009660,0
Unvalidated,2024231406891,2024,231406891,2,9,0,4,4,8,0,8,0,0,0,0,4,1,5,2,82,11,-1,-1,-1,-1,7,3,E01028508,0
Unvalidated,2024231406905,2024,231406905,1,90,0,18,5,1,0,0,0,4,0,0,1,1,6,1,18,4,-1,-1,-1,-1,4,1,E01031238,0
Unvalidated,2024231406905,2024,231406905,2,9,0,2,0,0,0,0,0,0,0,0,2,1,5,1,35,6,-1,-1,-1,-1,9,1,E01031237,0
Unvalidated,2024231407168,2024,231407168,1,9,0,9,2,1,0,5,0,0,0,0,4,1,5,1,39,7,-1,-1,-1,-1,6,1,E01031316,0
Unvalidated,2024231407168,2024,231407168,2,1,0,18,6,2,0,8,0,0,1,0,1,1,6,1,45,7,-1,-1,-1,-1,5,1,E01031309,0
Unvalidated,2024231407232,2024,231407232,1,9,0,17,8,4,0,0,1,0,0,0,1,1,2,2,19,4,-1,-1,-1,-1,5,1,E01031009,0
Unvalidated,2024231407232,2024,231407232,2,9,0,16,4,8,0,0,1,0,1,0,1,1,2,2,33,6,-1,-1,-1,-1,3,2,E01031006,0
Unvalidated,2024231407448,2024,231407448,1,19,0,2,0,0,0,1,0,0,0,0,3,1,1,1,53,8,-1,-1,-1,-1,10,2,E01027006,0
Unvalidated,2024231407448,2024,231407448,2,1,0,18,6,1,0,1,1,0,0,0,1,1,6,1,32,6,-1,-1,-1,-1,8,1,E01031323,0
Unvalidated,2024231407489,2024,231407489,1,9,0,7,8,2,0,5,0,0,0,0,1,1,5,1,90,11,-1,-1,-1,-1,5,1,E01006129,0
Unvalidated,2024231407489,2024,231407489,2,9,0,4,8,4,0,1,0,0,0,0,2,1,5,1,45,7,-1,-1,-1,-1,6,1,E01025646,0
Unvalidated,2024231407489,2024,231407489,3,9,0,4,8,4,0,1,0,0,0,0,1,1,5,2,54,8,-1,-1,-1,-1,6,3,E01031031,0
Unvalidated,2024231407632,2024,231407632,1,9,0,17,2,6,0,8,1,10,0,0,4,1,5,2,31,6,-1,-1,-1,-1,10,1,E01033254,0
Unvalidated,2024231407632,2024,231407632,2,9,0,16,6,2,0,8,0,0,0,0,1,1,5,2,28,6,-1,-1,-1,-1,5,1,E01031325,0
Unvalidated,2024231407885,2024,231407885,1,9,0,18,6,2,0,0,0,0,0,0,1,1,6,2,43,7,-1,-1,-1,-1,2,1,E01031066,0
Unvalidated,2024231408015,2024,231408015,1,9,0,9,8,6,0,5,0,0,0,0,3,1,5,2,62,9,-1,-1,-1,-1,7,3,E01031007,0
Unvalidated,2024231408015,2024,231408015,2,9,0,18,4,8,0,8,0,0,0,0,1,1,5,2,21,5,-1,-1,-1,-1,9,1,E01031113,0
Unvalidated,2024231408587,2024,231408587,1,9,0,9,4,2,0,6,0,0,0,0,1,1,5,2,20,4,-1,-1,-1,-1,9,1,E01031235,0
Unvalidated,2024231408587,2024,231408587,2,9,0,18,6,2,0,8,0,0,0,0,3,1,1,2,45,7,-1,-1,-1,-1,7,2,E01031212,0
Unvalidated,2024231408591,2024,231408591,1,9,0,13,3,7,0,1,0,0,0,0,1,1,5,1,25,5,-1,-1,-1,-1,3,1,E01022284,0
Unvalidated,2024231408591,2024,231408591,2,9,0,9,3,1,0,5,0,0,7,4,3,1,6,2,19,4,-1,-1,-1,-1,6,3,E01031159,0
Unvalidated,2024231408619,2024,231408619,1,9,0,17,4,8,0,0,0,4,1,4,1,1,6,1,22,5,-1,-1,-1,-1,10,1,E01031123,0
Unvalidated,2024231408619,2024,231408619,2,9,0,2,0,0,0,0,0,0,1,1,2,1,6,1,44,7,-1,-1,-1,-1,8,1,E01026214,0
Unvalidated,2024231408754,2024,231408754,1,9,0,18,6,2,0,0,0,0,0,0,1,1,6,3,40,7,-1,-1,-1,-1,-1,-1,-1,0
Unvalidated,2024231408900,2024,231408900,1,9,0,16,4,8,0,0,0,0,7,4,1,1,6,1,39,7,-1,-1,-1,-1,2,1,E01032278,0
Unvalidated,2024231408932,2024,231408932,1,9,0,4,1,5,0,0,0,0,0,0,0,1,2,1,21,5,-1,-1,-1,-1,3,1,E01009636,0
Unvalidated,2024231408986,2024,231408986,1,9,0,16,6,2,0,0,0,10,1,0,1,1,1,2,44,7,-1,-1,-1,-1,10,1,E01031299,0
Unvalidated,2024231409221,2024,231409221,1,9,0,7,2,4,0,6,0,0,0,0,3,1,6,1,20,4,-1,-1,-1,-1,8,2,E01031260,0
Unvalidated,2024231409221,2024,231409221,2,9,0,18,8,4,0,8,0,0,0,0,1,1,6,1,48,8,-1,-1,-1,-1,7,1,E01031320,0
Unvalidated,2024231409275,2024,231409275,1,19,0,9,3,8,0,6,0,0,0,0,1,1,2,1,60,9,-1,-1,-1,-1,8,1,E01006210,0
Unvalidated,2024231409275,2024,231409275,2,9,0,18,8,5,0,8,0,0,0,0,1,1,2,2,29,6,-1,-1,-1,-1,4,1,E01031067,0
Unvalidated,2024231409281,2024,231409281,1,9,0,18,7,3,0,8,0,0,0,0,1,1,1,1,53,8,-1,-1,-1,-1,8,3,E01031284,0
Unvalidated,2024231409281,2024,231409281,2,9,0,18,5,1,0,8,0,0,0,0,2,1,6,2,61,9,-1,-1,-1,-1,6,1,E01031234,0
Unvalidated,2024231409294,2024,231409294,1,19,0,18,5,1,0,0,0,4,4,6,1,1,5,1,65,9,-1,-1,-1,-1,1,1,E01031043,0
Unvalidated,2024231409294,2024,231409294,2,9,0,2,0,0,0,0,0,0,0,0,2,1,5,1,23,5,-1,-1,-1,-1,5,1,E01031056,0
Unvalidated,2024231409337,2024,231409337,1,9,0,11,6,2,0,3,0,0,0,0,3,1,6,3,45,7,-1,-1,-1,-1,-1,-1,-1,0
Unvalidated,2024231409337,2024,231409337,2,9,0,18,6,2,0,3,0,0,7,7,1,1,5,2,72,10,-1,-1,-1,-1,7,1,E01030651,0
Unvalidated,2024231409637,2024,231409637,1,9,0,18,4,8,0,0,0,0,0,0,1,1,5,1,75,10,-1,-1,-1,-1,10,1,E01031278,0
Unvalidated,2024231409637,2024,231409637,2,9,0,18,8,4,0,0,0,0,0,0,1,1,6,1,51,8,-1,-1,-1,-1,9,1,E01031329,0
Unvalidated,2024231409682,2024,231409682,1,4,0,9,1,7,0,5,0,0,0,0,4,1,6,1,21,5,-1,-1,-1,-1,3,1,E01031264,0
Unvalidated,2024231409682,2024,231409682,2,9,0,18,5,1,0,8,0,0,0,0,3,1,1,1,31,6,-1,-1,-1,-1,8,3,E01031284,0
Unvalidated,2024231409743,2024,231409743,1,9,0,1,2,6,0,6,0,0,0,0,2,1,2,2,42,7,-1,-1,-1,-1,8,3,E01031149,0
Unvalidated,2024231409748,2024,231409748,1,9,0,18,6,2,0,0,0,0,0,0,1,1,6,1,59,9,-1,-1,-1,-1,7,3,E01031224,0
Unvalidated,2024231409748,2024,231409748,2,9,0,18,2,6,0,0,0,0,0,0,3,1,5,1,46,8,-1,-1,-1,-1,6,3,E01031207,0
Unvalidated,2024231409758,2024,231409758,1,9,0,18,6,2,0,4,0,0,0,0,1,1,5,2,40,7,-1,-1,-1,-1,10,1,E01031104,0
Unvalidated,2024231409758,2024,231409758,2,1,0,18,4,8,0,8,0,0,0,0,4,1,1,1,49,8,-1,-1,-1,-1,4,1,E01031060,0
Unvalidated,2024231409845,2024,231409845,1,9,0,9,2,4,0,6,0,0,0,0,3,1,6,1,31,6,-1,-1,-1,-1,6,1,E01031234,0
Unvalidated,2024231409845,2024,231409845,2,9,0,18,8,4,0,8,0,0,0,0,1,1,6,2,37,7,-1,-1,-1,-1,6,1,E01031062,0
Unvalidated,2024231409857,2024,231409857,1,9,0,9,6,1,0,5,0,0,0,0,1,1,6,1,35,6,-1,-1,-1,-1,-1,-1,-1,0
Unvalidated,2024231409857,2024,231409857,2,9,0,9,6,1,0,5,0,0,0,0,3,1,6,3,-1,-1,-1,-1,-1,-1,-1,-1,-1,0
Unvalidated,2024231410218,2024,231410218,1,9,0,5,1,5,0,6,0,0,0,0,4,1,6,1,56,9,-1,-1,-1,-1,7,1,E01031334,0
Unvalidated,2024231410218,2024,231410218,2,1,0,7,1,2,0,6,0,0,0,0,4,1,6,2,53,8,-1,-1,-1,-1,10,1,E01031305,0
Unvalidated,2024231410307,2024,231410307,1,9,0,5,6,2,0,0,0,99,0,0,4,1,6,1,75,10,-1,-1,-1,-1,10,1,E01017757,0
Unvalidated,2024231410307,2024,231410307,2,1,0,18,2,6,0,0,1,0,1,0,1,1,5,1,23,5,-1,-1,-1,-1,8,3,E01031196,0
Unvalidated,2024231410495,2024,231410495,1,9,0,18,2,6,0,0,0,0,0,0,1,1,6,2,62,9,-1,-1,-1,-1,8,3,E01031205,0
Unvalidated,2024231410495,2024,231410495,2,9,0,18,6,2,0,0,0,0,0,0,1,1,2,2,46,8,-1,-1,-1,-1,8,2,E01031205,0
Unvalidated,2024231410727,2024,231410727,1,9,0,18,4,8,0,0,0,0,0,0,1,1,6,1,81,11,-1,-1,-1,-1,7,3,E01025808,0
Unvalidated,2024231410727,2024,231410727,2,9,0,18,8,4,0,0,0,0,0,0,1,1,6,1,61,9,-1,-1,-1,-1,5,1,E01013689,0
Unvalidated,2024231410727,2024,231410727,3,9,0,18,8,4,0,0,0,0,0,0,1,1,6,1,39,7,-1,-1,-1,-1,4,3,E01031008,0
Unvalidated,2024231411465,2024,231411465,1,21,1,5,1,5,0,0,0,0,0,0,0,1,6,1,54,8,-1,-1,-1,-1,-1,-1,-1,0
Unvalidated,2024231411481,2024,231411481,1,9,0,18,6,1,0,0,0,0,0,0,1,1,6,1,31,6,-1,-1,-1,-1,9,1,E01031138,0
Unvalidated,2024231411504,2024,231411504,1,9,0,9,1,3,0,6,0,0,0,0,3,1,6,1,34,6,-1,-1,-1,-1,10,1,E01031100,0
Unvalidated,2024231411504,2024,231411504,2,9,0,18,7,3,0,8,0,0,0,0,1,1,5,1,82,11,-1,-1,-1,-1,2,1,E01031097,0
Unvalidated,2024231411539,2024,231411539,1,9,0,18,1,5,0,8,0,0,0,0,1,1,6,1,37,7,-1,-1,-1,-1,7,3,E01031212,0
Unvalidated,2024231411539,2024,231411539,2,9,0,18,5,1,0,8,1,0,0,0,1,1,5,1,59,9,-1,-1,-1,-1,7,3,E01022182,0
Unvalidated,2024231411539,2024,231411539,3,9,0,18,5,1,0,1,0,0,0,0,1,1,6,2,53,8,-1,-1,-1,-1,6,1,E01031229,0
Unvalidated,2024231411609,2024,231411609,1,4,0,18,4,8,0,0,0,0,0,0,1,1,6,1,22,5,-1,-1,-1,-1,8,1,E01031029,0
Unvalidated,2024231411609,2024,231411609,2,19,0,18,4,8,0,0,0,0,0,0,3,1,5,1,38,7,-1,-1,-1,-1,2,1,E01031046,0
Unvalidated,2024231411670,2024,231411670,1,19,0,9,8,6,0,5,0,0,0,0,2,1,6,1,25,5,-1,-1,-1,-1,4,2,E01031026,0
Unvalidated,2024231411670,2024,231411670,2,9,0,18,4,8,0,8,0,0,0,0,2,1,6,2,39,7,-1,-1,-1,-1,5,1,E01009447,0
Unvalidated,2024231411909,2024,231411909,1,19,0,8,2,4,0,1,0,0,0,0,1,1,6,1,48,8,-1,-1,-1,-1,-1,-1,-1,0
Unvalidated,2024231411909,2024,231411909,2,9,0,8,2,4,0,4,0,0,0,0,2,1,1,2,42,7,-1,-1,-1,-1,4,1,E01009524,0
Unvalidated,2024231412074,2024,231412074,1,9,0,14,4,8,0,0,0,0,0,0,1,1,6,1,24,5,-1,-1,-1,-1,4,1,E01031054,0
Unvalidated,2024231412074,2024,231412074,2,9,0,3,4,8,0,0,0,0,0,0,3,1,2,2,26,6,-1,-1,-1,-1,7,1,E01025682,0
Unvalidated,2024231412107,2024,231412107,1,9,0,18,8,3,0,1,0,0,0,0,1,1,6,3,55,8,-1,-1,-1,-1,-1,-1,-1,0
Unvalidated,2024231412107,2024,231412107,2,9,0,10,8,5,0,1,0,0,0,0,2,1,5,2,27,6,-1,-1,-1,-1,2,1,E01031092,0
Unvalidated,2024231412268,2024,231412268,1,21,1,18,7,3,0,0,0,0,0,0,1,1,1,1,43,7,-1,-1,-1,-1,3,1,W01000411,0
Unvalidated,2024231412268,2024,231412268,2,9,0,4,7,3,0,0,0,0,0,0,2,1,1,1,31,6,-1,-1,-1,-1,1,1,E01009569,0
Unvalidated,2024231412268,2024,231412268,3,9,0,18,7,3,0,0,0,0,0,0,4,1,6,2,25,5,-1,-1,-1,-1,6,1,E01032244,0
Unvalidated,2024231412391,2024,231412391,1,9,0,18,5,1,0,1,1,0,0,0,1,1,2,2,29,6,-1,-1,-1,-1,2,1,E01031044,0
Unvalidated,2024231412391,2024,231412391,2,9,0,10,5,3,0,1,0,0,0,0,2,1,5,2,19,4,-1,-1,-1,-1,3,1,E01031095,0
Unvalidated,2024231413553,2024,231413553,1,9,0,17,6,4,0,0,0,0,0,0,1,1,2,1,49,8,-1,-1,-1,-1,5,1,E01031056,0
Unvalidated,2024231413553,2024,231413553,2,9,0,16,4,6,0,0,0,0,0,0,1,1,2,1,69,10,-1,-1,-1,-1,9,1,E01031082,0
Unvalidated,2024231413576,2024,231413576,1,9,0,18,8,5,0,0,0,0,0,0,1,1,2,1,31,6,-1,-1,-1,-1,3,1,E01009629,0
Unvalidated,2024231413576,2024,231413576,2,19,0,18,5,8,0,0,0,0,0,0,1,1,2,3,40,7,-1,-1,-1,-1,-1,-1,-1,0
Unvalidated,2024231413599,2024,231413599,1,21,1,18,7,3,0,0,0,0,0,0,1,1,1,1,46,8,-1,-1,-1,-1,-1,-1,-1,0
Unvalidated,2024231413599,2024,231413599,2,19,0,4,7,3,0,0,0,0,1,0,2,1,1,1,20,4,-1,-1,-1,-1,9,2,E01010166,0
Unvalidated,2024231413599,2024,231413599,3,21,1,18,7,3,0,0,0,0,0,0,1,1,1,1,45,7,-1,-1,-1,-1,5,1,E01031050,0
Unvalidated,2024231414173,2024,231414173,1,9,0,9,3,8,0,6,2,0,3,11,1,1,6,2,27,6,-1,-1,-1,-1,7,3,E01031198,0
Unvalidated,2024231414217,2024,231414217,1,9,0,18,6,2,0,0,1,0,0,0,1,1,5,1,34,6,-1,-1,-1,-1,8,1,E01031152,0
Unvalidated,2024231414217,2024,231414217,2,9,0,4,6,2,0,0,0,0,0,0,2,1,2,1,33,6,-1,-1,-1,-1,-1,1,-1,0
Unvalidated,2024231414269,2024,231414269,1,19,0,18,8,4,0,0,0,0,0,0,1,1,5,3,45,7,-1,-1,-1,-1,-1,-1,-1,0
Unvalidated,2024231414442,2024,231414442,1,9,0,18,1,5,0,8,0,0,0,0,1,1,6,1,26,6,-1,-1,-1,-1,1,1,E01032890,0
Unvalidated,2024231414442,2024,231414442,2,9,0,3,5,3,0,8,0,0,0,0,2,1,5,1,43,7,-1,-1,-1,-1,3,1,E01031047,0
Unvalidated,2024231414461,2024,231414461,1,9,0,5,8,4,0,6,0,0,0,0,4,1,1,1,45,7,-1,-1,-1,-1,4,1,E01031060,0
Unvalidated,2024231414461,2024,231414461,2,9,0,18,3,7,0,8,0,0,0,0,1,1,1,2,21,5,-1,-1,-1,-1,8,1,E01031029,0
Unvalidated,2024231414502,2024,231414502,1,19,0,9,1,7,0,5,0,0,0,0,4,1,1,1,28,6,-1,-1,-1,-1,4,1,E01031054,0
Unvalidated,2024231414502,2024,231414502,2,9,0,18,5,1,0,8,0,0,0,0,1,1,6,2,27,6,-1,-1,-1,-1,-1,-1,-1,0
Unvalidated,2024231414529,2024,231414529,1,9,0,18,8,4,0,0,0,0,0,0,1,1,3,2,25,5,-1,-1,-1,-1,-1,-1,-1,0
Unvalidated,2024231414686,2024,231414686,1,9,0,7,6,8,0,4,0,0,0,0,1,1,6,2,35,6,-1,-1,-1,-1,1,1,E01031043,0
Unvalidated,2024231414686,2024,231414686,2,5,0,18,4,8,0,8,0,0,0,0,4,1,6,1,61,9,-1,-1,-1,-1,2,1,E01013678,0
Unvalidated,2024231414704,2024,231414704,1,21,1,18,2,6,0,0,1,0,1,4,1,1,1,1,26,6,-1,-1,-1,-1,1,1,E01009309,0
Unvalidated,2024231414704,2024,231414704,2,9,0,4,2,6,0,0,0,0,0,0,0,1,6,3,35,6,-1,-1,-1,-1,-1,-1,-1,0
Unvalidated,2024231414710,2024,231414710,1,9,0,18,5,1,0,0,0,0,0,0,1,1,6,3,38,7,-1,-1,-1,-1,-1,-1,-1,0
Unvalidated,2024231414874,2024,231414874,1,9,0,11,4,8,0,1,0,0,0,0,3,1,6,1,30,6,-1,-1,-1,-1,5,1,E01031133,0
Unvalidated,2024231414874,2024,231414874,2,11,0,18,4,8,0,1,0,0,0,0,4,1,1,1,30,6,-1,-1,-1,-1,4,1,E01031170,0
Unvalidated,2024231414900,2024,231414900,1,9,0,18,3,7,0,0,0,0,0,0,3,1,6,2,51,8,-1,-1,-1,-1,3,1,E01010178,0
Unvalidated,2024231414900,2024,231414900,2,9,0,11,3,7,0,0,0,0,0,0,4,1,6,2,24,5,-1,-1,-1,-1,1,1,E01009539,0
Unvalidated,2024231414947,2024,231414947,1,19,0,18,6,2,0,0,0,0,0,0,1,2,6,1,29,6,-1,-1,-1,-1,-1,-1,-1,0
Unvalidated,2024231414947,2024,231414947,2,9,0,3,6,2,0,0,0,0,0,0,2,1,6,1,25,5,-1,-1,-1,-1,1,1,E01009679,0
Unvalidated,2024231414947,2024,231414947,3,9,0,3,6,2,0,0,0,0,0,0,2,1,6,1,20,4,-1,-1,-1,-1,10,1,E01031318,0
Unvalidated,2024231414947,2024,231414947,4,9,0,3,6,2,0,0,0,0,0,0,2,2,6,2,22,5,-1,-1,-1,-1,9,3,E01031268,0
Unvalidated,2024231414947,2024,231414947,5,9,0,3,6,2,0,0,0,0,0,0,2,1,6,2,43,7,-1,-1,-1,-1,8,1,E01025853,0
Unvalidated,2024231414947,2024,231414947,6,9,0,3,6,2,0,0,0,0,0,0,2,2,6,2,37,7,-1,-1,-1,-1,5,1,E01031009,0
Unvalidated,2024231415051,2024,231415051,1,9,0,18,3,7,0,8,0,0,0,0,1,1,6,2,42,7,-1,-1,-1,-1,6,3,E01031159,0
Unvalidated,2024231415057,2024,231415057,1,9,0,18,2,6,0,0,0,0,0,0,1,1,6,3,50,8,-1,-1,-1,-1,-1,-1,-1,0
Unvalidated,2024231415057,2024,231415057,2,9,0,18,2,6,0,0,0,0,0,0,2,1,5,1,46,8,-1,-1,-1,-1,9,1,E01031125,0
Unvalidated,2024231415070,2024,231415070,1,9,0,5,5,1,0,0,0,0,0,0,1,1,6,1,57,9,-1,-1,-1,-1,2,1,E01031075,0
Unvalidated,2024231415070,2024,231415070,2,1,0,18,7,3,0,0,0,0,0,0,3,1,6,2,11,3,-1,-1,-1,-1,4,1,E01031054,0
Unvalidated,2024231415093,2024,231415093,1,9,0,18,1,5,0,8,0,0,0,0,1,1,6,1,41,7,-1,-1,-1,-1,5,1,E01031050,0
Unvalidated,2024231415099,2024,231415099,1,9,0,9,3,1,0,6,0,0,0,0,1,1,6,1,28,6,-1,-1,-1,-1,7,2,E01031215,0
Unvalidated,2024231415099,2024,231415099,2,9,0,18,5,1,0,8,0,0,0,0,3,1,5,2,29,6,-1,-1,-1,-1,10,2,E01031214,0
Unvalidated,2024231415309,2024,231415309,1,9,0,5,2,4,0,4,0,0,0,0,1,1,5,2,49,8,-1,-1,-1,-1,10,2,E01031250,0
Unvalidated,2024231415309,2024,231415309,2,1,0,18,8,4,0,8,2,0,0,0,4,1,5,1,31,6,-1,-1,-1,-1,10,1,E01031228,0
Unvalidated,2024231415360,2024,231415360,1,9,0,18,1,5,0,0,0,0,1,11,1,1,6,2,54,8,-1,-1,-1,-1,6,1,E01004491,0
Unvalidated,2024231415396,2024,231415396,1,9,0,2,1,1,99,0,0,0,9,0,2,1,6,1,17,4,-1,-1,-1,-1,9,2,E01031200,0
Unvalidated,2024231415439,2024,231415439,1,9,0,18,4,8,0,0,1,0,1,0,1,1,6,1,61,9,-1,-1,-1,-1,10,2,E01031034,0
Unvalidated,2024231415439,2024,231415439,2,9,0,4,4,8,0,0,0,0,0,0,2,1,5,2,27,6,-1,-1,-1,-1,1,1,E01032890,0
Unvalidated,2024231415502,2024,231415502,1,19,0,18,1,5,0,0,0,0,0,0,1,1,6,1,64,9,-1,-1,-1,-1,5,3,E01031028,0
Unvalidated,2024231415502,2024,231415502,2,9,0,3,1,5,0,0,0,0,0,0,2,1,6,2,38,7,-1,-1,-1,-1,10,1,E01032243,0
Unvalidated,2024231415502,2024,231415502,3,9,0,3,1,5,0,0,0,0,0,0,2,1,6,2,23,5,-1,-1,-1,-1,9,1,E01022139,0
Unvalidated,2024231415518,2024,231415518,1,9,0,18,7,3,0,0,2,0,7,9,1,1,5,1,21,5,-1,-1,-1,-1,9,1,E01009543,0
Unvalidated,2024231415656,2024,231415656,1,9,0,18,7,3,0,0,0,0,0,0,1,1,3,2,30,6,-1,-1,-1,-1,9,3,E01031147,0
Unvalidated,2024231416151,2024,231416151,1,9,0,9,4,2,0,5,0,0,0,0,1,1,6,3,45,7,-1,-1,-1,-1,-1,-1,-1,0
Unvalidated,2024231416151,2024,231416151,2,1,0,18,8,6,0,8,0,0,0,0,1,1,6,1,19,4,-1,-1,-1,-1,4,1,E01031030,0
Unvalidated,2024231416167,2024,231416167,1,9,0,9,8,6,0,5,0,0,0,0,1,1,6,1,19,4,-1,-1,-1,-1,3,1,E01031012,0
Unvalidated,2024231416167,2024,231416167,2,9,0,18,4,8,0,8,0,0,0,0,3,1,6,1,25,5,-1,-1,-1,-1,8,1,E01031083,0
Unvalidated,2024231416189,2024,231416189,1,9,0,18,4,8,0,6,0,0,0,0,1,1,6,2,26,6,-1,-1,-1,-1,3,1,E01031064,0
Unvalidated,2024231416189,2024,231416189,2,9,0,18,2,6,0,8,0,0,0,0,4,1,1,1,43,7,-1,-1,-1,-1,1,1,E01009401,0
Unvalidated,2024231416415,2024,231416415,1,9,0,9,6,4,0,6,0,0,0,0,1,1,6,1,89,11,-1,-1,-1,-1,8,1,E01031011,0
Unvalidated,2024231416415,2024,231416415,2,9,0,18,8,4,0,8,0,0,0,0,3,1,6,2,39,7,-1,-1,-1,-1,6,3,E01031017,0