status,collision_index,collision_year,collision_reference,vehicle_reference,vehicle_type,towing_and_articulation,vehicle_manoeuvre,vehicle_direction_from,vehicle_direction_to,vehicle_location_restricted_lane,junction_location,skidding_and_overturning,hit_object_in_carriageway,vehicle_leaving_carriageway,hit_object_off_carriageway,first_point_of_impact,vehicle_left_hand_drive,journey_purpose_of_driver,sex_of_driver,age_of_driver,age_band_of_driver,engine_capacity_cc,propulsion_code,age_of_vehicle,generic_make_model,driver_imd_decile,driver_home_area_type,lsoa_of_driver,escooter_flag
Unvalidated,2024231416428,2024,231416428,1,9,0,18,8,4,0,0,1,0,1,11,3,1,6,2,35,6,-1,-1,-1,-1,6,1,E01032263,0
Unvalidated,2024231416432,2024,231416432,1,9,0,9,3,1,0,6,0,0,0,0,1,1,1,1,51,8,-1,-1,-1,-1,2,1,E01032538,0
Unvalidated,2024231416432,2024,231416432,2,1,0,18,5,1,9,8,0,0,0,0,1,1,1,1,56,9,-1,-1,-1,-1,4,1,E01031087,0
Unvalidated,2024231416440,2024,231416440,1,9,0,9,4,3,0,4,0,0,0,0,1,1,6,1,44,7,-1,-1,-1,-1,5,3,E01028505,0
Unvalidated,2024231416440,2024,231416440,2,2,0,18,3,7,0,8,0,0,0,0,4,1,6,1,16,4,-1,-1,-1,-1,10,1,E01031331,0
Unvalidated,2024231416441,2024,231416441,1,9,0,17,1,6,0,8,0,0,1,9,1,1,6,1,18,4,-1,-1,-1,-1,2,1,E01029843,0
Unvalidated,2024231416690,2024,231416690,1,9,0,18,4,8,0,0,2,0,1,9,1,1,6,2,42,7,-1,-1,-1,-1,1,1,E01032531,0
Unvalidated,2024231417048,2024,231417048,1,9,0,13,6,2,0,8,5,0,7,0,4,1,1,1,30,6,-1,-1,-1,-1,3,1,E01031174,0
Unvalidated,2024231417048,2024,231417048,2,9,0,7,6,8,0,5,0,0,0,0,3,2,1,1,47,8,-1,-1,-1,-1,10,1,E01030948,0
Unvalidated,2024231417200,2024,231417200,1,9,0,9,6,4,0,6,0,0,0,0,1,1,6,3,38,7,-1,-1,-1,-1,-1,-1,-1,0
Unvalidated,2024231417200,2024,231417200,2,9,0,18,4,8,0,8,0,0,1,11,1,1,6,1,55,8,-1,-1,-1,-1,8,1,E01031083,0
Unvalidated,2024231417200,2024,231417200,3,9,0,18,8,4,0,8,0,0,0,0,1,1,6,1,37,7,-1,-1,-1,-1,1,1,E01031116,0
Unvalidated,2024231417238,2024,231417238,1,9,0,18,2,6,0,1,5,4,0,0,1,1,6,1,37,7,-1,-1,-1,-1,5,1,E01031262,0
Unvalidated,2024231417238,2024,231417238,2,9,0,2,0,0,0,1,0,0,0,0,4,1,6,1,67,10,-1,-1,-1,-1,5,1,E01031262,0
Unvalidated,2024231417238,2024,231417238,3,19,0,2,0,0,0,1,0,0,0,0,3,1,6,3,50,8,-1,-1,-1,-1,-1,-1,-1,0
Unvalidated,2024231417296,2024,231417296,1,19,0,7,3,5,0,6,0,0,0,0,1,1,5,1,45,7,-1,-1,-1,-1,3,1,E01031264,0
Unvalidated,2024231417601,2024,231417601,1,9,0,9,3,1,0,6,0,0,0,0,4,1,6,2,36,7,-1,-1,-1,-1,4,1,E01031231,0
Unvalidated,2024231417601,2024,231417601,2,9,0,18,8,4,0,8,0,0,0,0,4,1,2,1,39,7,-1,-1,-1,-1,6,1,E01031188,0
Unvalidated,2024231417684,2024,231417684,1,9,0,12,5,1,0,8,0,0,0,0,3,1,6,1,42,7,-1,-1,-1,-1,3,1,E01031265,0
Unvalidated,2024231417684,2024,231417684,2,9,0,18,8,6,0,8,0,0,0,0,4,1,5,1,35,6,-1,-1,-1,-1,10,1,E01031331,0
Unvalidated,2024231417722,2024,231417722,1,21,1,4,5,1,0,0,1,0,0,0,0,1,1,1,61,9,-1,-1,-1,-1,1,1,E01012944,0
Unvalidated,2024231417722,2024,231417722,2,9,0,4,5,1,0,0,0,0,0,0,2,1,6,2,60,9,-1,-1,-1,-1,3,1,E01032236,0
Unvalidated,2024231417722,2024,231417722,3,9,0,4,5,1,0,0,0,0,0,0,1,1,6,1,28,6,-1,-1,-1,-1,7,1,E01031108,0
Unvalidated,2024231417929,2024,231417929,1,9,0,18,2,6,0,0,1,0,7,11,2,1,2,1,44,7,-1,-1,-1,-1,-1,3,-1,0
Unvalidated,2024231417929,2024,231417929,2,9,0,18,6,2,0,0,0,0,0,0,0,1,2,1,33,6,-1,-1,-1,-1,6,1,E01031084,0
Unvalidated,2024231418002,2024,231418002,1,9,0,5,3,7,0,4,0,0,0,0,3,1,2,1,53,8,-1,-1,-1,-1,4,1,E01031170,0
Unvalidated,2024231418002,2024,231418002,2,5,0,18,1,5,0,8,0,0,0,0,1,1,2,1,69,10,-1,-1,-1,-1,7,3,E01031160,0
Unvalidated,2024231418040,2024,231418040,1,19,0,18,1,5,0,6,0,0,0,0,3,1,6,1,52,8,-1,-1,-1,-1,2,1,E01032239,0
Unvalidated,2024231418040,2024,231418040,2,9,0,18,8,4,0,8,0,0,0,0,1,1,6,1,41,7,-1,-1,-1,-1,7,3,E01031244,0
Unvalidated,2024231418074,2024,231418074,1,9,0,9,7,5,0,6,0,0,0,0,3,1,5,1,59,9,-1,-1,-1,-1,9,1,E01031329,0
Unvalidated,2024231418074,2024,231418074,2,5,0,18,5,1,0,8,1,0,0,0,1,1,5,1,36,7,-1,-1,-1,-1,8,1,E01031323,0
Unvalidated,2024231418093,2024,231418093,1,8,-1,5,0,0,99,0,0,99,0,0,9,1,6,1,-1,-1,-1,-1,-1,-1,-1,-1,-1,0
Unvalidated,2024231418123,2024,231418123,1,9,0,17,7,4,0,0,1,10,7,11,1,1,5,2,28,6,-1,-1,-1,-1,5,1,E01009290,0
Unvalidated,2024231418284,2024,231418284,1,9,0,9,8,6,0,5,0,0,0,0,3,1,1,1,22,5,-1,-1,-1,-1,7,1,E01010163,0
Unvalidated,2024231418284,2024,231418284,2,5,0,18,4,8,0,8,0,0,0,0,1,1,6,1,44,7,-1,-1,-1,-1,5,1,E01031327,0
Unvalidated,2024231418300,2024,231418300,1,9,0,17,7,4,0,1,0,0,0,0,1,1,6,2,37,7,-1,-1,-1,-1,7,1,E01031213,0
Unvalidated,2024231418300,2024,231418300,2,9,0,7,8,4,0,6,0,0,0,0,0,1,6,1,79,11,-1,-1,-1,-1,7,1,E01032147,0
Unvalidated,2024231418300,2024,231418300,3,9,0,17,7,4,0,1,0,0,1,11,2,1,6,2,53,8,-1,-1,-1,-1,3,1,E01032242,0
Unvalidated,2024231418361,2024,231418361,1,9,0,18,7,3,0,0,0,4,0,0,4,1,6,2,80,11,-1,-1,-1,-1,10,1,E01031232,0
Unvalidated,2024231418361,2024,231418361,2,9,0,2,0,0,0,0,0,0,0,0,4,1,6,2,45,7,-1,-1,-1,-1,10,1,E01033252,0
Unvalidated,2024231418404,2024,231418404,1,19,0,18,3,7,0,0,0,0,0,0,1,1,2,1,-1,-1,-1,-1,-1,-1,-1,-1,-1,0
Unvalidated,2024231418404,2024,231418404,2,19,0,3,3,7,0,0,0,0,0,0,2,1,2,1,42,7,-1,-1,-1,-1,3,1,E01009584,0
Unvalidated,2024231418426,2024,231418426,1,9,0,16,8,4,0,0,2,0,7,0,1,1,5,1,29,6,-1,-1,-1,-1,9,1,E01031227,0
Unvalidated,2024231418426,2024,231418426,2,9,0,17,4,8,0,0,0,0,0,0,3,1,3,2,34,6,-1,-1,-1,-1,8,3,E01031252,0
Unvalidated,2024231418676,2024,231418676,1,9,0,18,2,6,0,0,0,0,2,0,4,1,5,1,40,7,-1,-1,-1,-1,2,1,E01031046,0
Unvalidated,2024231418676,2024,231418676,2,9,0,18,6,2,0,0,0,0,0,0,4,1,5,1,36,7,-1,-1,-1,-1,4,1,E01031045,0
Unvalidated,2024231418684,2024,231418684,1,9,0,18,4,8,0,0,0,0,0,0,1,1,1,2,25,5,-1,-1,-1,-1,1,1,E01010126,0
Unvalidated,2024231419170,2024,231419170,1,9,0,18,4,8,0,0,5,0,1,1,1,1,5,1,22,5,-1,-1,-1,-1,5,1,E01002489,0
Unvalidated,2024231419308,2024,231419308,1,9,0,8,7,1,0,1,0,0,0,0,2,2,5,2,42,7,-1,-1,-1,-1,6,1,E01033253,0
Unvalidated,2024231419308,2024,231419308,2,19,0,18,7,3,0,1,0,0,0,0,1,1,1,1,25,5,-1,-1,-1,-1,3,1,E01009664,0
Unvalidated,2024231419397,2024,231419397,1,9,0,9,5,3,0,6,0,0,0,0,2,1,5,2,80,11,-1,-1,-1,-1,6,3,E01031283,0
Unvalidated,2024231419397,2024,231419397,2,9,0,18,3,7,0,8,0,0,0,0,1,1,2,1,50,8,-1,-1,-1,-1,7,3,E01032228,0
Unvalidated,2024231419647,2024,231419647,1,9,0,18,8,4,0,1,0,0,0,0,1,1,6,3,45,7,-1,-1,-1,-1,-1,-1,-1,0
Unvalidated,2024231419647,2024,231419647,2,9,0,4,8,4,0,1,0,0,0,0,2,1,6,2,51,8,-1,-1,-1,-1,10,1,E01031298,0
Unvalidated,2024231419695,2024,231419695,1,9,0,9,8,5,0,5,0,0,0,0,3,2,6,2,21,5,-1,-1,-1,-1,10,1,E01031139,0
Unvalidated,2024231419695,2024,231419695,2,9,0,18,4,8,0,8,0,0,0,0,1,1,6,2,48,8,-1,-1,-1,-1,9,1,E01031129,0
Unvalidated,2024231419695,2024,231419695,3,9,0,10,6,4,0,1,0,0,0,0,1,1,6,2,51,8,-1,-1,-1,-1,9,1,E01031138,0
Unvalidated,2024231419699,2024,231419699,1,9,0,18,6,2,0,0,2,0,7,4,3,1,5,1,82,11,-1,-1,-1,-1,2,1,E01009610,0
Unvalidated,2024231419795,2024,231419795,1,9,0,5,6,2,6,0,0,0,0,0,4,1,6,1,86,11,-1,-1,-1,-1,4,1,E01032254,0
Unvalidated,2024231419884,2024,231419884,1,19,0,14,2,6,0,0,0,0,1,10,1,1,6,1,37,7,-1,-1,-1,-1,2,1,E01031092,0
Unvalidated,2024231419884,2024,231419884,2,9,0,18,2,6,0,0,0,0,0,0,1,1,5,2,46,8,-1,-1,-1,-1,7,1,E01009529,0
Unvalidated,2024231420064,2024,231420064,1,21,1,13,3,7,0,0,0,0,0,0,3,1,6,3,55,8,-1,-1,-1,-1,-1,-1,-1,0
Unvalidated,2024231420064,2024,231420064,2,3,0,18,3,7,0,0,0,0,0,0,0,1,2,1,19,4,-1,-1,-1,-1,10,2,E01032393,0
Unvalidated,2024231420064,2024,231420064,3,9,0,18,3,7,0,0,0,0,0,0,1,1,5,1,57,9,-1,-1,-1,-1,3,1,E01018893,0
Unvalidated,2024231420083,2024,231420083,1,9,0,18,8,4,0,0,0,0,7,0,3,1,2,1,19,4,-1,-1,-1,-1,7,2,E01031212,0
Unvalidated,2024231420083,2024,231420083,2,9,0,18,4,8,0,0,0,0,0,0,3,1,5,1,74,10,-1,-1,-1,-1,6,2,E01031249,0
Unvalidated,2024231420216,2024,231420216,1,9,0,9,1,7,0,5,0,0,0,0,4,1,3,2,45,7,-1,-1,-1,-1,9,2,E01031184,0
Unvalidated,2024231420344,2024,231420344,1,19,0,14,8,2,0,1,0,0,0,0,3,1,6,1,40,7,-1,-1,-1,-1,7,1,E01031024,0
Unvalidated,2024231420344,2024,231420344,2,9,0,3,8,2,0,1,0,0,0,0,4,1,5,2,28,6,-1,-1,-1,-1,9,1,E01031161,0
Unvalidated,2024231420592,2024,231420592,1,9,0,18,8,4,0,0,1,0,1,6,1,1,5,1,32,6,-1,-1,-1,-1,1,1,E01025493,0
Unvalidated,2024231420915,2024,231420915,1,9,0,18,4,7,0,0,0,0,0,0,1,1,6,2,21,5,-1,-1,-1,-1,8,1,E01009706,0
Unvalidated,2024231420915,2024,231420915,2,9,0,3,3,7,0,0,0,0,0,0,2,1,2,1,24,5,-1,-1,-1,-1,10,1,E01031278,0
Unvalidated,2024231421021,2024,231421021,1,9,0,18,8,6,0,8,0,0,0,0,3,1,6,2,38,7,-1,-1,-1,-1,7,1,E01032588,0
Unvalidated,2024231421021,2024,231421021,2,9,0,18,8,4,0,3,0,0,0,0,1,1,6,1,56,9,-1,-1,-1,-1,2,1,E01009575,0
Unvalidated,2024231421894,2024,231421894,1,9,0,9,5,3,0,6,0,0,0,0,1,1,5,2,19,4,-1,-1,-1,-1,3,1,E01031261,0
Unvalidated,2024231421894,2024,231421894,2,9,0,18,3,7,0,8,0,0,0,0,1,1,6,1,64,9,-1,-1,-1,-1,9,1,E01031328,0
Unvalidated,2024231422055,2024,231422055,1,9,0,18,3,7,0,0,0,11,3,0,1,1,6,1,74,10,-1,-1,-1,-1,7,3,E01031247,0
Unvalidated,2024231422097,2024,231422097,1,9,0,18,8,4,0,0,2,0,1,0,2,1,5,1,26,6,-1,-1,-1,-1,2,1,E01002638,0
Unvalidated,2024231422343,2024,231422343,1,9,0,18,4,8,0,8,0,0,0,0,4,1,5,3,45,7,-1,-1,-1,-1,-1,-1,-1,0
Unvalidated,2024231422380,2024,231422380,1,9,0,9,2,1,0,5,0,0,0,0,2,1,5,1,31,6,-1,-1,-1,-1,10,1,E01010196,0
Unvalidated,2024231422380,2024,231422380,2,5,0,18,6,2,0,8,0,0,0,0,1,1,6,1,58,9,-1,-1,-1,-1,10,1,E01032227,0
Unvalidated,2024231422409,2024,231422409,1,9,0,4,3,7,0,0,0,0,0,0,1,1,5,1,51,8,-1,-1,-1,-1,8,1,E01031083,0
Unvalidated,2024231422620,2024,231422620,1,9,0,4,8,4,0,0,0,0,0,0,2,1,2,2,56,9,-1,-1,-1,-1,10,1,E01009807,0
Unvalidated,2024231422620,2024,231422620,2,9,0,18,8,4,0,0,0,0,0,0,1,1,2,2,48,8,-1,-1,-1,-1,-1,-1,-1,0
Unvalidated,2024231422652,2024,231422652,1,9,0,18,4,8,0,0,0,0,0,0,1,1,6,1,17,4,-1,-1,-1,-1,8,1,E01031162,0
Unvalidated,2024231422652,2024,231422652,2,9,0,18,4,8,0,0,0,0,0,0,2,1,5,1,19,4,-1,-1,-1,-1,4,1,E01031176,0
Unvalidated,2024231422682,2024,231422682,1,1,0,18,6,2,0,1,0,0,0,0,9,1,6,1,34,6,-1,-1,-1,-1,4,1,E01031079,0
Unvalidated,2024231422738,2024,231422738,1,9,0,18,7,3,0,0,0,10,7,11,1,1,6,1,25,5,-1,-1,-1,-1,6,1,E01031049,0
Unvalidated,2024231423083,2024,231423083,1,9,0,5,3,1,0,6,0,0,0,0,1,1,6,1,35,6,-1,-1,-1,-1,1,1,E01031057,0
Unvalidated,2024231423596,2024,231423596,1,9,0,18,6,2,0,0,0,0,0,0,1,1,1,1,40,7,-1,-1,-1,-1,3,1,E01031047,0
Unvalidated,2024231423596,2024,231423596,2,9,0,3,6,2,0,0,0,0,0,0,2,1,1,1,52,8,-1,-1,-1,-1,-1,-1,-1,0
Unvalidated,2024231423596,2024,231423596,3,19,0,3,6,2,0,0,0,0,0,0,2,1,1,1,65,9,-1,-1,-1,-1,4,1,E01031060,0
Unvalidated,2024231423634,2024,231423634,1,9,0,18,6,2,0,0,1,0,1,0,1,1,2,1,48,8,-1,-1,-1,-1,6,1,E01025756,0
Unvalidated,2024231424392,2024,231424392,1,9,0,18,1,5,0,8,0,0,0,0,1,1,6,3,38,7,-1,-1,-1,-1,-1,-1,-1,0
Unvalidated,2024231424485,2024,231424485,1,9,0,9,1,7,0,6,0,0,0,0,1,1,6,2,54,8,-1,-1,-1,-1,9,1,E01031330,0
Unvalidated,2024231424485,2024,231424485,2,9,0,17,7,5,0,8,0,0,0,0,1,1,6,1,20,4,-1,-1,-1,-1,9,2,E01031200,0
Unvalidated,2024231424529,2024,231424529,1,9,0,18,2,7,0,0,5,0,7,11,1,2,5,1,30,6,-1,-1,-1,-1,2,1,E01009635,0
Unvalidated,2024231424579,2024,231424579,1,9,0,9,6,4,0,5,0,0,0,0,1,1,5,1,53,8,-1,-1,-1,-1,2,1,E01031046,0
Unvalidated,2024231424798,2024,231424798,1,9,0,9,8,6,0,5,0,0,0,0,1,1,6,1,36,7,-1,-1,-1,-1,4,1,E01031008,0
Unvalidated,2024231424798,2024,231424798,2,9,0,18,4,8,0,8,0,0,0,0,3,1,6,2,61,9,-1,-1,-1,-1,7,2,E01025874,0
Unvalidated,2024231424850,2024,231424850,1,9,0,9,2,1,0,5,0,0,0,0,1,1,5,1,41,7,-1,-1,-1,-1,2,1,E01031092,0
Unvalidated,2024231424850,2024,231424850,2,90,0,4,2,6,9,8,1,0,0,0,4,1,5,1,28,6,-1,-1,-1,-1,4,1,E01031073,0
Unvalidated,2024231424949,2024,231424949,1,-1,0,18,7,3,0,1,0,0,0,0,1,1,6,3,40,7,-1,-1,-1,-1,-1,-1,-1,0
Unvalidated,2024231424949,2024,231424949,2,9,0,3,7,3,0,1,0,0,0,0,2,1,6,2,35,6,-1,-1,-1,-1,2,1,E01009596,0
Unvalidated,2024231424975,2024,231424975,1,20,0,1,-1,-1,99,0,0,11,0,0,2,1,6,1,-1,-1,-1,-1,-1,-1,-1,-1,-1,0
Unvalidated,2024231425014,2024,231425014,1,9,0,18,3,7,0,0,0,0,1,1,1,1,6,1,36,7,-1,-1,-1,-1,4,1,E01031052,0
Unvalidated,2024231425218,2024,231425218,1,9,0,18,1,5,0,8,0,0,0,0,3,1,6,1,18,4,-1,-1,-1,-1,8,2,E01025793,0
Unvalidated,2024231425218,2024,231425218,2,5,0,18,7,4,0,8,0,0,0,0,1,1,6,1,57,9,-1,-1,-1,-1,9,1,E01031161,0
Unvalidated,2024231425280,2024,231425280,1,9,0,2,4,8,0,0,0,0,0,0,1,1,5,2,65,9,-1,-1,-1,-1,3,1,E01009701,0
Unvalidated,2024231425301,2024,231425301,1,9,0,18,7,3,0,1,0,0,0,0,1,1,6,1,37,7,-1,-1,-1,-1,2,1,E01032265,0
Unvalidated,2024231425301,2024,231425301,2,9,0,9,7,5,0,5,0,0,0,0,1,1,6,1,37,7,-1,-1,-1,-1,10,2,E01010169,0
Unvalidated,2024231425301,2024,231425301,3,5,0,18,3,7,0,8,0,0,0,0,1,1,6,2,51,8,-1,-1,-1,-1,10,3,E01031267,0
Unvalidated,2024231425430,2024,231425430,1,19,0,18,6,2,0,0,0,0,1,0,1,1,1,1,31,6,-1,-1,-1,-1,4,1,E01027012,0
Unvalidated,2024231425430,2024,231425430,2,9,0,18,2,6,0,0,0,0,1,0,1,1,2,1,75,10,-1,-1,-1,-1,8,1,E01010151,0
Unvalidated,2024231425633,2024,231425633,1,9,0,9,2,1,0,6,0,0,0,0,1,1,6,2,38,7,-1,-1,-1,-1,9,1,E01009698,0
Unvalidated,2024231425633,2024,231425633,2,9,0,18,1,5,0,8,0,0,0,0,1,1,6,1,41,7,-1,-1,-1,-1,1,1,E01009567,0
Unvalidated,2024231425694,2024,231425694,1,9,0,18,6,2,0,0,0,0,0,0,1,1,5,1,34,6,-1,-1,-1,-1,2,1,E01009609,0
Unvalidated,2024231425694,2024,231425694,2,9,0,15,6,2,0,0,0,0,0,0,2,1,1,1,45,7,-1,-1,-1,-1,8,3,E01031284,0
Unvalidated,2024231425694,2024,231425694,3,9,0,15,6,2,0,0,0,0,0,0,1,1,1,1,48,8,-1,-1,-1,-1,8,3,E01031284,0
Unvalidated,2024231426324,2024,231426324,1,3,0,9,6,4,0,8,0,0,0,0,1,1,6,1,17,4,-1,-1,-1,-1,1,1,E01032890,0
Unvalidated,2024231426324,2024,231426324,2,9,0,18,2,6,0,8,0,0,0,0,4,1,2,1,31,6,-1,-1,-1,-1,4,1,E01009583,0
Unvalidated,2024231426344,2024,231426344,1,9,0,17,8,5,0,0,1,0,2,10,1,1,5,1,19,4,-1,-1,-1,-1,4,3,E01032613,0
Unvalidated,2024231426364,2024,231426364,1,9,0,18,8,4,0,8,0,99,0,0,9,1,6,3,30,6,-1,-1,-1,-1,-1,-1,-1,0
Unvalidated,2024231426364,2024,231426364,2,9,0,18,3,6,0,4,0,0,0,0,3,1,2,2,24,5,-1,-1,-1,-1,6,1,E01031085,0
Unvalidated,2024231427078,2024,231427078,1,9,0,18,2,6,0,1,0,0,0,0,1,1,6,3,35,6,-1,-1,-1,-1,-1,-1,-1,0
Unvalidated,2024231427078,2024,231427078,2,9,0,4,2,6,0,1,0,0,0,0,2,1,6,1,48,8,-1,-1,-1,-1,3,1,E01013762,0
Unvalidated,2024231427101,2024,231427101,1,9,0,18,7,3,0,0,0,0,0,0,1,1,6,1,39,7,-1,-1,-1,-1,4,1,E01009011,0
Unvalidated,2024231427101,2024,231427101,2,9,0,4,7,3,0,0,0,0,0,0,2,1,6,2,58,9,-1,-1,-1,-1,1,1,E01009477,0
Unvalidated,2024231427136,2024,231427136,1,9,0,18,1,5,0,1,0,0,0,0,4,1,5,2,46,8,-1,-1,-1,-1,9,1,E01033251,0
Unvalidated,2024231427219,2024,231427219,1,4,0,18,1,5,0,0,0,0,0,0,1,1,1,1,24,5,-1,-1,-1,-1,1,1,E01031043,0
Unvalidated,2024231427229,2024,231427229,1,9,0,18,6,2,0,0,0,0,0,0,1,1,6,1,48,8,-1,-1,-1,-1,2,1,E01010258,0
Unvalidated,2024231427229,2024,231427229,2,21,1,18,6,2,0,0,0,0,0,0,1,1,6,1,51,8,-1,-1,-1,-1,5,1,E01010118,0
Unvalidated,2024231427229,2024,231427229,3,9,0,18,6,2,0,0,0,0,0,0,1,1,6,2,43,7,-1,-1,-1,-1,4,1,E01033559,0
Unvalidated,2024231427229,2024,231427229,4,9,0,18,6,2,0,0,0,0,0,0,1,1,6,2,28,6,-1,-1,-1,-1,8,1,E01022123,0
Unvalidated,2024231427440,2024,231427440,1,9,0,9,5,2,0,6,0,0,0,0,1,1,2,1,30,6,-1,-1,-1,-1,2,1,E01032265,0
Unvalidated,2024231427440,2024,231427440,2,9,0,18,2,6,0,8,0,0,0,0,1,1,6,2,18,4,-1,-1,-1,-1,7,1,E01032392,0
Unvalidated,2024231427444,2024,231427444,1,9,0,4,4,8,0,0,0,0,0,0,1,1,5,1,30,6,-1,-1,-1,-1,3,1,E01032282,0
Unvalidated,2024231427444,2024,231427444,2,9,0,4,4,8,0,0,0,0,0,0,2,1,5,1,36,7,-1,-1,-1,-1,1,1,E01032887,0
Unvalidated,2024231427459,2024,231427459,1,21,1,17,7,3,0,0,0,0,1,4,1,1,1,1,32,6,-1,-1,-1,-1,3,1,E01031053,0
Unvalidated,2024231427472,2024,231427472,1,9,0,18,8,4,0,8,1,0,0,0,1,1,1,1,42,7,-1,-1,-1,-1,-1,-1,-1,0
Unvalidated,2024231427472,2024,231427472,2,21,1,18,8,4,0,8,0,0,0,0,3,1,1,1,39,7,-1,-1,-1,-1,3,1,E01019208,0
Unvalidated,2024231427472,2024,231427472,3,9,0,18,8,4,0,8,1,1,0,0,1,1,1,1,56,9,-1,-1,-1,-1,4,1,E01031060,0
Unvalidated,2024231427472,2024,231427472,4,21,1,18,8,4,0,8,0,0,0,0,3,1,1,1,51,8,-1,-1,-1,-1,9,3,E01029521,0
Unvalidated,2024231427578,2024,231427578,1,3,0,18,2,6,0,8,1,0,0,0,1,1,5,1,15,3,-1,-1,-1,-1,5,1,E01031088,0
Unvalidated,2024231427578,2024,231427578,2,9,0,18,5,1,0,8,0,0,0,0,3,1,5,2,37,7,-1,-1,-1,-1,3,1,E01031065,0
Unvalidated,2024231427760,2024,231427760,1,9,0,9,3,1,0,6,0,0,0,0,1,1,6,1,71,10,-1,-1,-1,-1,4,1,E01031096,0
Unvalidated,2024231427760,2024,231427760,2,9,0,18,1,5,0,8,0,0,0,0,4,1,6,2,46,8,-1,-1,-1,-1,-1,-1,-1,0
Unvalidated,2024231427768,2024,231427768,1,9,0,9,8,6,0,6,0,0,0,0,1,1,6,3,45,7,-1,-1,-1,-1,-1,-1,-1,0
Unvalidated,2024231427768,2024,231427768,2,9,0,18,6,2,0,8,0,0,0,0,4,1,2,1,64,9,-1,-1,-1,-1,-1,3,-1,0
Unvalidated,2024231428353,2024,231428353,1,16,0,18,2,6,0,0,0,0,0,0,2,1,5,2,24,5,-1,-1,-1,-1,7,1,E01031233,0
Unvalidated,2024231428353,2024,231428353,2,9,0,13,2,6,0,0,1,0,0,0,1,1,6,1,41,7,-1,-1,-1,-1,7,3,E01031248,0
Unvalidated,2024231429035,2024,231429035,1,9,0,9,4,2,0,5,0,0,3,11,1,1,2,2,57,9,-1,-1,-1,-1,10,1,E01031155,0
Unvalidated,2024231429051,2024,231429051,1,5,0,15,8,4,0,0,1,0,2,3,3,1,2,1,21,5,-1,-1,-1,-1,-1,-1,-1,0
Unvalidated,2024231429051,2024,231429051,2,19,0,11,8,4,0,0,0,0,0,0,4,1,1,1,50,8,-1,-1,-1,-1,-1,-1,-1,0
Unvalidated,2024231429104,2024,231429104,1,9,0,9,8,4,0,6,0,0,0,0,1,1,1,2,35,6,-1,-1,-1,-1,8,1,E01031011,0
Unvalidated,2024231429104,2024,231429104,2,19,0,18,6,2,0,8,0,0,0,0,1,1,1,1,40,7,-1,-1,-1,-1,6,1,E01009676,0
Unvalidated,2024231429456,2024,231429456,1,9,0,9,7,4,0,6,0,0,0,0,1,1,5,1,67,10,-1,-1,-1,-1,6,3,E01031188,0
Unvalidated,2024231429456,2024,231429456,2,9,0,18,8,4,0,8,5,0,0,0,1,1,5,2,18,4,-1,-1,-1,-1,5,3,E01032414,0
Unvalidated,2024231429684,2024,231429684,1,9,0,7,7,2,0,6,0,0,0,0,1,1,6,2,45,7,-1,-1,-1,-1,9,1,E01031288,0
Unvalidated,2024231429684,2024,231429684,2,1,0,18,6,2,0,8,0,0,0,0,4,1,6,1,66,10,-1,-1,-1,-1,10,1,E01031289,0
Unvalidated,2024231429874,2024,231429874,1,9,0,18,6,2,0,0,0,0,0,0,4,1,5,1,48,8,-1,-1,-1,-1,8,1,E01031230,0
Unvalidated,2024231429875,2024,231429875,1,9,0,18,6,2,0,3,1,0,0,0,1,1,2,1,50,8,-1,-1,-1,-1,10,2,E01028390,0
Unvalidated,2024231429875,2024,231429875,2,1,0,18,4,8,0,8,0,0,0,0,2,1,2,1,35,6,-1,-1,-1,-1,2,1,E01029859,0
Unvalidated,2024231429892,2024,231429892,1,9,0,9,1,7,0,6,0,0,0,0,1,1,6,1,52,8,-1,-1,-1,-1,10,1,E01031179,0
Unvalidated,2024231429892,2024,231429892,2,9,0,18,7,3,0,8,0,0,0,0,1,1,6,2,34,6,-1,-1,-1,-1,8,1,E01031162,0
Unvalidated,2024231429894,2024,231429894,1,9,0,18,2,6,0,0,1,0,1,4,2,1,5,1,39,7,-1,-1,-1,-1,10,1,E01002390,0
Unvalidated,2024231429907,2024,231429907,1,9,0,1,6,2,0,0,0,0,0,0,2,1,6,1,32,6,-1,-1,-1,-1,5,1,E01006901,0
Unvalidated,2024231429932,2024,231429932,1,9,0,17,3,8,0,0,0,0,7,4,1,1,5,2,29,6,-1,-1,-1,-1,-1,-1,-1,0
Unvalidated,2024231429937,2024,231429937,1,9,0,7,6,2,0,3,0,0,0,0,9,1,6,3,42,7,-1,-1,-1,-1,-1,-1,-1,0
Unvalidated,2024231429937,2024,231429937,2,9,0,7,6,2,0,3,1,0,0,0,3,1,5,2,18,4,-1,-1,-1,-1,8,1,E01025861,0
Unvalidated,2024231429943,2024,231429943,1,9,0,18,8,4,0,0,0,0,0,0,1,1,5,1,39,7,-1,-1,-1,-1,10,1,E01032895,0
Unvalidated,2024231429953,2024,231429953,1,9,0,12,4,2,0,8,0,0,0,0,9,1,6,2,50,8,-1,-1,-1,-1,4,1,E01032976,0