status,collision_index,collision_year,collision_reference,vehicle_reference,vehicle_type,towing_and_articulation,vehicle_manoeuvre,vehicle_direction_from,vehicle_direction_to,vehicle_location_restricted_lane,junction_location,skidding_and_overturning,hit_object_in_carriageway,vehicle_leaving_carriageway,hit_object_off_carriageway,first_point_of_impact,vehicle_left_hand_drive,journey_purpose_of_driver,sex_of_driver,age_of_driver,age_band_of_driver,engine_capacity_cc,propulsion_code,age_of_vehicle,generic_make_model,driver_imd_decile,driver_home_area_type,lsoa_of_driver,escooter_flag
Unvalidated,2024231429953,2024,231429953,2,9,0,18,4,8,0,3,0,0,0,0,9,1,5,2,38,7,-1,-1,-1,-1,8,1,E01026990,0
Unvalidated,2024231430072,2024,231430072,1,9,0,2,0,0,0,0,0,0,0,0,1,1,6,2,45,7,-1,-1,-1,-1,7,1,E01031167,0
Unvalidated,2024231430072,2024,231430072,2,9,0,2,0,0,0,0,0,0,0,0,1,1,6,2,35,6,-1,-1,-1,-1,9,1,E01031125,0
Unvalidated,2024231430072,2024,231430072,3,1,0,18,3,7,9,0,0,4,0,0,3,1,6,2,14,3,-1,-1,-1,-1,4,1,E01031170,0
Unvalidated,2024231430080,2024,231430080,1,9,0,9,6,3,0,8,0,0,0,0,3,1,5,2,40,7,-1,-1,-1,-1,2,1,E01010309,0
Unvalidated,2024231430080,2024,231430080,2,5,0,18,6,2,0,8,0,0,0,0,1,1,5,1,48,8,-1,-1,-1,-1,6,1,E01032532,0
Unvalidated,2024231430118,2024,231430118,1,9,0,18,3,8,0,0,1,0,7,0,1,1,2,1,48,8,-1,-1,-1,-1,6,1,E01010221,0
Unvalidated,2024231430118,2024,231430118,2,9,0,18,8,3,0,0,1,0,7,11,1,1,2,1,43,7,-1,-1,-1,-1,4,1,E01031238,0
Unvalidated,2024231430286,2024,231430286,1,9,0,18,2,6,0,0,0,0,7,0,4,1,2,1,32,6,-1,-1,-1,-1,-1,-1,-1,0
Unvalidated,2024231430286,2024,231430286,2,9,0,18,6,2,0,0,0,0,0,0,3,1,6,1,30,6,-1,-1,-1,-1,4,1,E01031176,0
Unvalidated,2024231430286,2024,231430286,3,9,0,18,6,2,0,0,0,0,0,0,1,1,6,2,36,7,-1,-1,-1,-1,9,3,E01025816,0
Unvalidated,2024231430286,2024,231430286,4,9,0,18,6,2,0,0,0,0,0,0,1,1,6,1,37,7,-1,-1,-1,-1,4,1,E01031045,0
Unvalidated,2024231430286,2024,231430286,5,9,0,18,2,6,0,0,0,0,0,0,0,1,6,1,26,6,-1,-1,-1,-1,2,1,E01031044,0
Unvalidated,2024231431092,2024,231431092,1,9,0,4,8,4,0,1,0,0,0,0,1,1,6,1,69,10,-1,-1,-1,-1,3,1,E01009302,0
Unvalidated,2024231431092,2024,231431092,2,5,0,3,8,4,0,1,1,0,0,0,2,1,6,1,41,7,-1,-1,-1,-1,6,1,E01009523,0
Unvalidated,2024231431110,2024,231431110,1,9,0,4,8,4,0,1,0,0,0,0,1,1,6,3,32,6,-1,-1,-1,-1,-1,-1,-1,0
Unvalidated,2024231431110,2024,231431110,2,9,0,4,8,4,0,1,0,0,0,0,2,1,6,1,30,6,-1,-1,-1,-1,1,1,E01009566,0
Unvalidated,2024231431112,2024,231431112,1,9,0,17,2,5,0,0,0,0,2,4,1,1,6,2,21,5,-1,-1,-1,-1,4,1,E01029831,0
Unvalidated,2024231431119,2024,231431119,1,9,0,18,6,2,0,6,5,0,3,4,3,1,6,1,50,8,-1,-1,-1,-1,10,1,E01010194,0
Unvalidated,2024231431119,2024,231431119,2,9,0,18,8,4,0,8,0,0,0,0,1,1,6,1,61,9,-1,-1,-1,-1,3,1,E01008921,0
Unvalidated,2024231431128,2024,231431128,1,5,0,18,3,7,0,0,1,0,0,0,3,1,5,1,19,4,-1,-1,-1,-1,3,3,E01031006,0
Unvalidated,2024231431128,2024,231431128,2,9,0,6,7,7,0,0,0,0,0,0,1,1,5,1,44,7,-1,-1,-1,-1,3,2,E01031006,0
Unvalidated,2024231431366,2024,231431366,1,9,0,16,2,6,0,0,0,0,1,4,1,1,6,1,29,6,-1,-1,-1,-1,7,1,E01014070,0
Unvalidated,2024231431373,2024,231431373,1,9,0,4,4,8,0,0,1,0,0,0,1,1,2,1,50,8,-1,-1,-1,-1,8,1,E01012065,0
Unvalidated,2024231431373,2024,231431373,2,9,0,4,4,8,0,0,0,0,0,0,2,1,2,2,23,5,-1,-1,-1,-1,-1,-1,-1,0
Unvalidated,2024231431375,2024,231431375,1,17,4,18,8,4,0,8,0,0,0,0,1,1,6,1,50,8,-1,-1,-1,-1,-1,-1,-1,0
Unvalidated,2024231431375,2024,231431375,2,9,0,1,2,8,0,6,0,0,0,0,2,1,6,2,50,8,-1,-1,-1,-1,6,2,E01031031,0
Unvalidated,2024231431380,2024,231431380,1,9,0,7,4,6,0,6,1,0,7,10,3,1,2,2,69,10,-1,-1,-1,-1,7,3,E01031197,0
Unvalidated,2024231431380,2024,231431380,2,9,0,18,2,6,0,8,1,0,7,10,1,1,2,1,59,9,-1,-1,-1,-1,5,1,E01031133,0
Unvalidated,2024231431390,2024,231431390,1,5,0,13,8,2,0,4,1,0,7,10,1,1,1,1,46,8,-1,-1,-1,-1,1,1,E01031043,0
Unvalidated,2024231431390,2024,231431390,2,9,0,18,8,4,0,4,0,0,0,0,1,1,6,1,31,6,-1,-1,-1,-1,1,1,E01032531,0
Unvalidated,2024231431390,2024,231431390,3,9,0,18,8,2,0,4,0,0,0,0,0,1,6,1,52,8,-1,-1,-1,-1,1,1,E01008996,0
Unvalidated,2024231431396,2024,231431396,1,1,0,18,1,5,0,0,0,0,0,0,1,1,1,1,49,8,-1,-1,-1,-1,4,1,E01031008,0
Unvalidated,2024231431396,2024,231431396,2,9,0,13,1,5,0,0,0,0,0,0,1,1,1,3,45,7,-1,-1,-1,-1,-1,-1,-1,0
Unvalidated,2024231431402,2024,231431402,1,19,0,18,8,4,0,0,1,4,7,0,1,1,6,1,23,5,-1,-1,-1,-1,1,1,E01031116,0
Unvalidated,2024231431402,2024,231431402,2,9,0,2,0,0,9,0,0,0,0,0,1,1,6,1,36,7,-1,-1,-1,-1,10,1,E01031111,0
Unvalidated,2024231431402,2024,231431402,3,9,0,2,0,0,9,0,0,0,0,0,1,1,6,2,73,10,-1,-1,-1,-1,10,1,E01031111,0
Unvalidated,2024231431402,2024,231431402,4,9,0,2,0,0,9,0,0,0,0,0,2,1,6,1,71,10,-1,-1,-1,-1,10,1,E01031111,0
Unvalidated,2024231431421,2024,231431421,1,19,0,17,4,1,0,0,0,0,0,0,1,1,5,1,30,6,-1,-1,-1,-1,5,1,E01031327,0
Unvalidated,2024231431421,2024,231431421,2,90,0,18,1,4,0,0,0,0,0,0,1,1,1,1,60,9,-1,-1,-1,-1,9,1,E01031129,0
Unvalidated,2024231431435,2024,231431435,1,9,0,16,2,6,0,0,1,0,1,9,1,1,1,2,51,8,-1,-1,-1,-1,5,1,E01031327,0
Unvalidated,2024231431441,2024,231431441,1,9,0,18,1,5,0,0,1,0,2,7,1,1,5,1,22,5,-1,-1,-1,-1,4,2,E01015923,0
Unvalidated,2024231431441,2024,231431441,2,21,1,18,1,5,0,0,0,0,0,0,2,1,1,1,26,6,-1,-1,-1,-1,3,1,E01009315,0
Unvalidated,2024231431447,2024,231431447,1,9,0,4,5,1,0,1,0,0,0,0,2,1,6,1,64,9,-1,-1,-1,-1,5,1,E01031088,0
Unvalidated,2024231431447,2024,231431447,2,5,0,18,5,1,0,1,0,0,0,0,1,1,6,1,39,7,-1,-1,-1,-1,4,1,E01031109,0
Unvalidated,2024231431479,2024,231431479,1,9,0,18,5,1,0,0,2,0,1,3,1,1,5,1,18,4,-1,-1,-1,-1,7,1,E01032588,0
Unvalidated,2024231431508,2024,231431508,1,9,0,18,5,1,0,6,0,0,1,0,3,1,6,1,18,4,-1,-1,-1,-1,2,1,E01031142,0
Unvalidated,2024231431508,2024,231431508,2,9,0,18,3,7,0,8,0,0,0,0,1,1,6,2,32,6,-1,-1,-1,-1,7,2,E01031164,0
Unvalidated,2024231431527,2024,231431527,1,9,0,18,2,6,0,0,0,0,0,0,1,1,6,2,57,9,-1,-1,-1,-1,7,1,E01031061,0
Unvalidated,2024231431701,2024,231431701,1,19,0,14,1,5,0,8,0,0,0,0,1,1,6,1,79,11,-1,-1,-1,-1,6,3,E01031187,0
Unvalidated,2024231431701,2024,231431701,2,9,0,7,3,5,0,6,0,0,0,0,3,1,6,1,37,7,-1,-1,-1,-1,4,1,E01031231,0
Unvalidated,2024231432300,2024,231432300,1,9,0,13,8,4,0,8,1,0,0,0,3,1,6,3,38,7,-1,-1,-1,-1,-1,-1,-1,0
Unvalidated,2024231432300,2024,231432300,2,9,0,18,8,4,0,8,0,0,0,0,2,1,6,1,28,6,-1,-1,-1,-1,8,1,E01031180,0
Unvalidated,2024231432985,2024,231432985,1,9,0,4,4,8,0,0,1,0,0,0,1,1,2,1,50,8,-1,-1,-1,-1,8,1,E01012065,0
Unvalidated,2024231432985,2024,231432985,2,9,0,4,4,8,0,0,0,0,0,0,2,1,2,2,23,5,-1,-1,-1,-1,-1,-1,-1,0
Unvalidated,2024231432997,2024,231432997,1,9,0,4,2,6,0,0,0,0,0,0,1,1,1,2,45,7,-1,-1,-1,-1,8,2,E01025775,0
Unvalidated,2024231432997,2024,231432997,2,9,0,18,2,6,0,0,0,0,0,0,2,1,6,1,38,7,-1,-1,-1,-1,-1,-1,-1,0
Unvalidated,2024231432997,2024,231432997,3,9,0,18,2,6,0,0,0,0,0,0,2,1,6,3,40,7,-1,-1,-1,-1,-1,-1,-1,0
Unvalidated,2024231432997,2024,231432997,4,9,0,18,2,6,0,0,0,0,0,0,2,1,6,3,42,7,-1,-1,-1,-1,-1,-1,-1,0
Unvalidated,2024231433027,2024,231433027,1,9,0,13,1,4,0,0,0,0,1,0,1,1,6,3,21,5,-1,-1,-1,-1,-1,-1,-1,0
Unvalidated,2024231433027,2024,231433027,2,9,0,5,4,1,9,0,0,0,0,0,4,1,3,2,35,6,-1,-1,-1,-1,8,1,E01031069,0
Unvalidated,2024231433027,2024,231433027,3,9,0,2,0,0,9,0,0,0,0,0,3,1,3,2,43,7,-1,-1,-1,-1,7,1,E01031068,0
Unvalidated,2024231433027,2024,231433027,4,9,0,2,0,0,9,0,0,0,0,0,2,1,3,2,43,7,-1,-1,-1,-1,6,3,E01031159,0
Unvalidated,2024231433027,2024,231433027,5,9,0,2,0,0,9,0,0,0,0,0,3,1,4,2,40,7,-1,-1,-1,-1,8,3,E01031182,0
Unvalidated,2024231433133,2024,231433133,1,9,0,17,4,1,0,0,0,0,0,0,1,1,5,1,28,6,-1,-1,-1,-1,6,2,E01031206,0
Unvalidated,2024231433133,2024,231433133,2,9,0,16,1,4,0,0,0,0,0,0,1,1,5,1,27,6,-1,-1,-1,-1,10,1,E01028475,0
Unvalidated,2024231433343,2024,231433343,1,9,0,15,4,8,0,0,0,0,0,0,3,1,5,3,34,6,-1,-1,-1,-1,-1,-1,-1,0
Unvalidated,2024231433343,2024,231433343,2,9,0,18,4,8,0,0,0,0,0,0,4,1,5,1,27,6,-1,-1,-1,-1,3,1,E01009599,0
Unvalidated,2024231433347,2024,231433347,1,-1,0,18,5,1,0,0,0,0,0,0,0,1,6,3,45,7,-1,-1,-1,-1,-1,-1,-1,0
Unvalidated,2024231433347,2024,231433347,2,1,0,18,1,5,0,0,0,0,0,0,0,1,6,1,65,9,-1,-1,-1,-1,2,1,E01033630,0
Unvalidated,2024231433431,2024,231433431,1,9,0,9,3,7,0,5,0,0,0,0,1,1,5,2,66,10,-1,-1,-1,-1,6,3,E01031193,0
Unvalidated,2024231433442,2024,231433442,1,9,0,7,7,2,0,6,0,0,0,0,3,1,5,1,59,9,-1,-1,-1,-1,10,1,E01031292,0
Unvalidated,2024231433442,2024,231433442,2,1,0,18,6,2,0,8,0,0,0,0,4,1,5,1,57,9,-1,-1,-1,-1,4,1,E01031333,0
Unvalidated,2024231433468,2024,231433468,1,9,0,18,2,5,0,4,0,0,0,0,1,1,6,1,-1,-1,-1,-1,-1,-1,8,1,E01031260,0
Unvalidated,2024231433468,2024,231433468,2,9,0,4,2,5,0,4,0,0,0,0,2,1,6,2,33,6,-1,-1,-1,-1,4,1,E01031333,0
Unvalidated,2024231433478,2024,231433478,1,9,0,4,-1,-1,0,0,0,0,0,0,1,1,6,3,-1,-1,-1,-1,-1,-1,-1,-1,-1,0
Unvalidated,2024231433478,2024,231433478,2,9,0,3,-1,-1,0,0,0,0,0,0,2,1,6,2,31,6,-1,-1,-1,-1,-1,-1,-1,0
Unvalidated,2024231433479,2024,231433479,1,19,0,5,3,1,0,6,0,0,0,0,0,1,6,1,37,7,-1,-1,-1,-1,4,1,E01031276,0
Unvalidated,2024231433479,2024,231433479,2,5,0,4,3,1,0,1,0,0,0,0,3,1,5,1,65,9,-1,-1,-1,-1,9,3,E01031301,0
Unvalidated,2024231433509,2024,231433509,1,9,0,9,3,1,0,4,0,0,0,0,3,1,6,2,58,9,-1,-1,-1,-1,10,1,E01031317,0
Unvalidated,2024231433509,2024,231433509,2,1,0,18,1,5,0,8,0,0,0,0,1,1,2,2,53,8,-1,-1,-1,-1,-1,-1,-1,0
Unvalidated,2024231434256,2024,231434256,1,9,0,9,4,2,0,4,0,0,0,0,3,1,5,2,60,9,-1,-1,-1,-1,8,1,E01031083,0
Unvalidated,2024231434256,2024,231434256,2,2,0,18,2,6,0,8,0,0,0,0,1,1,6,1,17,4,-1,-1,-1,-1,2,1,E01031092,0
Unvalidated,2024231434371,2024,231434371,1,9,0,5,8,4,0,6,0,0,0,0,4,1,5,2,84,11,-1,-1,-1,-1,3,1,E01025822,0
Unvalidated,2024231434371,2024,231434371,2,9,0,18,2,6,0,8,0,0,0,0,1,1,5,1,29,6,-1,-1,-1,-1,1,1,E01032890,0
Unvalidated,2024231436834,2024,231436834,1,9,0,9,8,2,0,6,0,0,3,0,1,1,6,1,32,6,-1,-1,-1,-1,10,1,E01031313,0
Unvalidated,2024231436834,2024,231436834,2,9,0,18,6,2,0,8,0,0,0,0,1,1,6,2,33,6,-1,-1,-1,-1,7,1,E01031293,0
Unvalidated,2024231436936,2024,231436936,1,9,0,1,4,8,9,0,0,0,0,0,2,1,5,1,83,11,-1,-1,-1,-1,4,1,E01031045,0
Unvalidated,2024231436967,2024,231436967,1,9,0,5,3,7,0,6,0,0,0,0,4,1,5,1,59,9,-1,-1,-1,-1,8,3,E01031252,0
Unvalidated,2024231436967,2024,231436967,2,1,0,18,1,5,9,8,0,0,0,0,1,1,6,1,78,11,-1,-1,-1,-1,9,2,E01031251,0
Unvalidated,2024231437019,2024,231437019,1,9,0,13,8,4,0,1,0,0,0,0,1,1,5,1,22,5,-1,-1,-1,-1,4,2,E01031005,0
Unvalidated,2024231437019,2024,231437019,2,9,0,10,8,6,0,1,0,0,7,0,2,1,5,1,91,11,-1,-1,-1,-1,4,2,E01031032,0
Unvalidated,2024231437416,2024,231437416,1,9,0,18,3,8,0,0,0,0,1,11,1,1,5,1,38,7,-1,-1,-1,-1,-1,-1,-1,0
Unvalidated,2024231437428,2024,231437428,1,9,0,7,6,1,0,6,1,0,3,4,1,1,5,1,19,4,-1,-1,-1,-1,10,1,E01025968,0
Unvalidated,2024231437518,2024,231437518,1,9,0,18,6,2,0,6,0,0,0,0,1,1,2,1,24,5,-1,-1,-1,-1,10,1,E01031121,0
Unvalidated,2024231437518,2024,231437518,2,19,0,18,8,4,0,8,0,0,0,0,3,1,2,1,53,8,-1,-1,-1,-1,10,3,E01031150,0
Unvalidated,2024231437684,2024,231437684,1,9,0,1,8,4,9,6,0,0,0,0,2,1,5,1,18,4,-1,-1,-1,-1,6,1,E01031322,0
Unvalidated,2024231437694,2024,231437694,1,9,0,9,2,8,0,6,0,0,0,0,3,1,5,2,57,9,-1,-1,-1,-1,10,1,E01009436,0
Unvalidated,2024231437694,2024,231437694,2,9,0,18,4,8,0,8,0,0,0,0,1,1,5,1,72,10,-1,-1,-1,-1,9,3,E01018119,0
Unvalidated,2024231437704,2024,231437704,1,9,0,5,8,4,9,6,0,0,0,0,1,1,6,3,75,10,-1,-1,-1,-1,-1,-1,-1,0
Unvalidated,2024231437704,2024,231437704,2,1,0,18,2,6,9,8,0,0,0,0,1,1,6,1,13,3,-1,-1,-1,-1,1,1,E01031057,0
Unvalidated,2024231437711,2024,231437711,1,10,0,9,8,6,0,5,0,0,0,0,1,1,1,1,52,8,-1,-1,-1,-1,1,1,E01016810,0
Unvalidated,2024231437711,2024,231437711,2,9,0,18,4,8,0,8,0,0,0,0,1,1,5,1,26,6,-1,-1,-1,-1,3,1,E01031074,0
Unvalidated,2024231437776,2024,231437776,1,19,0,18,1,5,0,0,0,0,1,3,1,1,6,1,57,9,-1,-1,-1,-1,5,2,E01031186,0
Unvalidated,2024231437779,2024,231437779,1,21,1,18,3,7,0,0,0,0,0,0,2,1,1,1,77,11,-1,-1,-1,-1,5,3,E01032411,0
Unvalidated,2024231437779,2024,231437779,2,9,0,4,3,7,0,0,0,0,4,6,3,1,1,1,59,9,-1,-1,-1,-1,1,1,E01009579,0
Unvalidated,2024231437795,2024,231437795,1,9,0,18,2,6,0,0,0,0,2,0,1,1,6,3,35,6,-1,-1,-1,-1,-1,-1,-1,0
Unvalidated,2024231437795,2024,231437795,2,9,0,18,2,6,0,0,1,4,0,0,1,1,1,1,46,8,-1,-1,-1,-1,1,1,E01009275,0
Unvalidated,2024231437795,2024,231437795,3,9,0,18,2,6,0,0,0,0,0,0,1,1,1,1,34,6,-1,-1,-1,-1,2,1,E01033641,0
Unvalidated,2024231437819,2024,231437819,1,21,1,11,3,6,0,8,0,0,0,0,1,1,1,1,45,7,-1,-1,-1,-1,-1,-1,-1,0
Unvalidated,2024231437819,2024,231437819,2,9,0,7,3,6,0,3,1,0,0,0,4,1,5,1,21,5,-1,-1,-1,-1,6,3,E01031206,0
Unvalidated,2024231437822,2024,231437822,1,19,0,9,4,2,0,8,0,0,0,0,1,1,5,1,23,5,-1,-1,-1,-1,4,1,E01031176,0
Unvalidated,2024231437822,2024,231437822,2,9,0,18,8,4,0,4,0,0,0,0,1,1,6,2,55,8,-1,-1,-1,-1,5,1,E01031171,0
Unvalidated,2024231437901,2024,231437901,1,9,0,17,5,3,0,0,2,10,1,11,4,1,5,2,63,9,-1,-1,-1,-1,4,1,E01031231,0
Unvalidated,2024231438125,2024,231438125,1,9,0,18,8,4,0,1,0,0,0,0,1,1,5,2,35,6,-1,-1,-1,-1,-1,-1,-1,0
Unvalidated,2024231438125,2024,231438125,2,9,0,3,8,4,0,1,0,0,0,0,2,1,5,1,35,6,-1,-1,-1,-1,5,1,E01031309,0
Unvalidated,2024231438245,2024,231438245,2,9,0,18,3,7,0,8,0,0,1,11,1,1,5,1,25,5,-1,-1,-1,-1,-1,-1,-1,0
Unvalidated,2024231438333,2024,231438333,1,9,0,18,3,7,0,0,0,0,1,9,4,1,6,2,24,5,-1,-1,-1,-1,2,1,E01032528,0
Unvalidated,2024231438725,2024,231438725,1,9,0,9,4,8,0,5,0,0,0,0,4,1,5,1,88,11,-1,-1,-1,-1,8,1,E01031011,0
Unvalidated,2024231438725,2024,231438725,2,1,0,18,7,4,0,8,0,0,0,0,1,1,5,1,26,6,-1,-1,-1,-1,4,1,E01031008,0
Unvalidated,2024231439779,2024,231439779,1,9,0,18,1,5,0,1,0,0,0,0,1,1,5,1,19,4,-1,-1,-1,-1,7,1,E01003475,0
Unvalidated,2024231439779,2024,231439779,2,9,0,4,1,5,0,1,0,0,0,0,2,1,1,1,27,6,-1,-1,-1,-1,2,1,E01009627,0
Unvalidated,2024231439808,2024,231439808,1,9,0,18,2,6,0,0,0,0,7,4,1,1,5,1,35,6,-1,-1,-1,-1,9,1,E01031329,0
Unvalidated,2024231439850,2024,231439850,1,9,0,7,8,2,0,5,0,0,0,0,9,1,6,1,35,6,-1,-1,-1,-1,-1,-1,-1,0
Unvalidated,2024231439850,2024,231439850,2,1,0,18,2,6,4,8,0,0,0,0,4,1,6,1,38,7,-1,-1,-1,-1,9,1,E01031329,0
Unvalidated,2024231440111,2024,231440111,1,19,0,17,5,2,0,0,0,0,0,0,1,1,1,1,36,7,-1,-1,-1,-1,5,1,E01009135,0
Unvalidated,2024231440111,2024,231440111,2,9,0,17,5,2,0,0,0,0,0,0,2,1,5,1,27,6,-1,-1,-1,-1,6,1,E01010133,0
Unvalidated,2024231440174,2024,231440174,1,9,0,18,2,6,0,1,0,0,0,0,2,1,6,2,49,8,-1,-1,-1,-1,10,1,E01031259,0
Unvalidated,2024231440174,2024,231440174,2,9,0,8,2,5,0,1,0,0,0,0,0,1,6,2,49,8,-1,-1,-1,-1,10,2,E01031250,0
Unvalidated,2024231440272,2024,231440272,1,9,0,18,3,7,0,1,0,0,0,0,1,1,6,1,24,5,-1,-1,-1,-1,6,3,E01031189,0
Unvalidated,2024231440272,2024,231440272,2,9,0,3,3,7,0,1,0,0,0,0,2,1,6,2,50,8,-1,-1,-1,-1,4,1,E01015622,0
Unvalidated,2024231440808,2024,231440808,1,9,0,13,8,2,0,0,0,0,0,0,4,1,6,2,48,8,-1,-1,-1,-1,10,3,E01032893,0
Unvalidated,2024231440808,2024,231440808,2,9,0,18,2,8,0,0,0,0,0,0,0,1,6,3,45,7,-1,-1,-1,-1,-1,-1,-1,0
Unvalidated,2024231440808,2024,231440808,3,1,0,17,8,2,0,0,0,0,0,0,3,1,6,1,61,9,-1,-1,-1,-1,9,1,E01031138,0
Unvalidated,2024231441068,2024,231441068,1,9,0,18,1,5,0,0,0,0,0,0,1,1,6,3,40,7,-1,-1,-1,-1,-1,-1,-1,0
Unvalidated,2024231441135,2024,231441135,1,19,0,18,4,8,0,0,0,0,0,0,1,1,1,1,40,7,-1,-1,-1,-1,2,1,E01008892,0
Unvalidated,2024231441135,2024,231441135,2,21,1,18,4,8,0,0,0,0,0,0,2,1,1,1,41,7,-1,-1,-1,-1,2,1,E01018463,0
Unvalidated,2024231441146,2024,231441146,1,9,0,18,5,2,0,4,1,0,3,4,1,1,6,1,18,4,-1,-1,-1,-1,5,1,E01009031,0
Unvalidated,2024231441160,2024,231441160,1,5,0,16,7,3,0,0,0,0,0,0,1,1,5,1,53,8,-1,-1,-1,-1,10,1,E01031124,0
Unvalidated,2024231441160,2024,231441160,2,9,0,18,3,7,0,0,0,0,0,0,1,1,5,1,50,8,-1,-1,-1,-1,6,1,E01031107,0
Unvalidated,2024231441210,2024,231441210,1,9,0,18,2,6,0,8,0,0,0,0,4,1,2,1,37,7,-1,-1,-1,-1,9,1,E01031329,0
Unvalidated,2024231441210,2024,231441210,2,9,0,9,6,4,0,5,0,0,0,0,3,1,2,2,45,7,-1,-1,-1,-1,8,2,E01031260,0
Unvalidated,2024231442019,2024,231442019,1,9,0,12,7,3,0,0,2,0,1,4,4,1,6,1,18,4,-1,-1,-1,-1,9,3,E01032894,0
Unvalidated,2024231442044,2024,231442044,1,9,0,9,8,4,0,5,0,0,0,0,1,1,5,2,19,4,-1,-1,-1,-1,10,1,E01031225,0
Unvalidated,2024231442044,2024,231442044,2,9,0,18,4,8,0,8,0,0,0,0,1,2,5,1,20,4,-1,-1,-1,-1,6,3,E01031283,0
Unvalidated,2024231442153,2024,231442153,1,4,0,18,4,8,0,0,0,0,0,0,3,1,1,1,63,9,-1,-1,-1,-1,10,1,E01028461,0
Unvalidated,2024231442153,2024,231442153,2,21,1,4,4,8,0,0,0,0,0,0,2,1,1,1,41,7,-1,-1,-1,-1,3,1,E01013873,0
Unvalidated,2024231442233,2024,231442233,1,9,0,18,4,8,0,0,2,0,2,10,1,1,5,2,23,5,-1,-1,-1,-1,1,1,E01033644,0
Unvalidated,2024231442272,2024,231442272,1,9,0,18,1,5,0,0,0,0,1,4,1,1,2,1,50,8,-1,-1,-1,-1,4,1,E01009617,0
Unvalidated,2024231442272,2024,231442272,2,21,1,18,5,1,0,0,0,0,0,0,0,1,6,3,50,8,-1,-1,-1,-1,-1,-1,-1,0
Unvalidated,2024231442295,2024,231442295,1,9,0,16,7,2,0,0,5,0,8,1,1,1,5,1,26,6,-1,-1,-1,-1,5,1,E01031168,0
Unvalidated,2024231442478,2024,231442478,1,9,0,9,8,6,0,5,0,0,0,0,4,1,6,2,26,6,-1,-1,-1,-1,1,1,E01009978,0
Unvalidated,2024231442478,2024,231442478,2,5,0,18,4,8,0,8,0,0,0,0,1,1,6,1,29,6,-1,-1,-1,-1,10,2,E01027293,0
Unvalidated,2024231442595,2024,231442595,1,9,0,18,1,5,0,0,0,0,0,0,1,1,5,2,32,6,-1,-1,-1,-1,9,3,E01032351,0
Unvalidated,2024231442595,2024,231442595,2,9,0,4,1,5,0,0,0,0,0,0,2,1,5,1,51,8,-1,-1,-1,-1,5,1,E01032256,0
Unvalidated,2024231442627,2024,231442627,1,9,0,7,3,5,0,6,0,0,0,0,3,1,6,1,36,7,-1,-1,-1,-1,10,1,E01025904,0
Unvalidated,2024231442627,2024,231442627,2,9,0,18,1,5,0,8,0,0,0,0,1,1,6,1,49,8,-1,-1,-1,-1,7,3,E01028486,0
Unvalidated,2024231442635,2024,231442635,1,9,0,18,1,5,0,0,1,0,0,0,3,1,6,1,82,11,-1,-1,-1,-1,8,2,E01031239,0
Unvalidated,2024231442635,2024,231442635,2,9,0,18,5,1,0,0,1,0,0,0,1,1,6,2,30,6,-1,-1,-1,-1,3,1,E01032241,0
Unvalidated,2024231442635,2024,231442635,3,9,0,18,1,5,0,0,1,0,1,0,1,1,6,1,40,7,-1,-1,-1,-1,1,1,E01009307,0
Unvalidated,2024231442723,2024,231442723,1,21,1,11,8,4,0,0,0,0,0,0,3,1,6,3,55,8,-1,-1,-1,-1,-1,-1,-1,0
Unvalidated,2024231442723,2024,231442723,2,9,0,18,8,4,0,0,0,0,0,0,4,1,6,1,51,8,-1,-1,-1,-1,10,2,E01031201,0
Unvalidated,2024231442748,2024,231442748,1,9,0,9,5,4,0,6,0,0,0,0,1,1,3,2,34,6,-1,-1,-1,-1,9,1,E01032231,0
Unvalidated,2024231442748,2024,231442748,2,3,0,18,4,8,0,8,0,0,7,0,4,1,2,1,18,4,-1,-1,-1,-1,5,2,E01031242,0
Unvalidated,2024231442997,2024,231442997,1,9,0,9,8,6,0,6,0,0,0,0,3,1,5,1,78,11,-1,-1,-1,-1,1,1,E01013621,0
Unvalidated,2024231443043,2024,231443043,1,9,0,18,8,4,0,0,0,0,1,0,1,1,1,1,39,7,-1,-1,-1,-1,9,3,E01033250,0
Unvalidated,2024231443043,2024,231443043,2,9,0,4,8,4,0,0,0,0,0,0,2,1,5,1,26,6,-1,-1,-1,-1,10,3,E01032893,0
Unvalidated,2024231443043,2024,231443043,3,21,1,4,2,6,0,0,0,0,0,0,2,1,1,1,40,7,-1,-1,-1,-1,1,1,E01033300,0
Unvalidated,2024231443174,2024,231443174,1,20,0,18,8,4,0,0,0,0,0,0,9,1,6,3,38,7,-1,-1,-1,-1,-1,-1,-1,0
Unvalidated,2024231443174,2024,231443174,2,9,0,11,8,4,0,0,0,0,0,0,4,1,5,1,54,8,-1,-1,-1,-1,6,1,E01032863,0
Unvalidated,2024231443519,2024,231443519,1,9,0,5,5,3,9,6,0,0,0,0,1,1,5,2,30,6,-1,-1,-1,-1,2,1,E01031075,0
Unvalidated,2024231443519,2024,231443519,2,5,0,18,3,8,0,8,0,0,7,0,4,1,6,1,33,6,-1,-1,-1,-1,-1,-1,-1,0
Unvalidated,2024231443725,2024,231443725,1,9,0,18,6,3,0,0,0,0,0,0,1,1,6,2,62,9,-1,-1,-1,-1,8,1,E01031302,0