status,collision_index,collision_year,collision_reference,vehicle_reference,vehicle_type,towing_and_articulation,vehicle_manoeuvre,vehicle_direction_from,vehicle_direction_to,vehicle_location_restricted_lane,junction_location,skidding_and_overturning,hit_object_in_carriageway,vehicle_leaving_carriageway,hit_object_off_carriageway,first_point_of_impact,vehicle_left_hand_drive,journey_purpose_of_driver,sex_of_driver,age_of_driver,age_band_of_driver,engine_capacity_cc,propulsion_code,age_of_vehicle,generic_make_model,driver_imd_decile,driver_home_area_type,lsoa_of_driver,escooter_flag
Unvalidated,2024231443725,2024,231443725,2,1,0,5,1,5,0,0,0,0,0,0,2,1,6,2,14,3,-1,-1,-1,-1,3,1,E01031332,0
Unvalidated,2024231443965,2024,231443965,1,5,0,18,2,8,0,0,0,0,1,0,1,1,6,1,27,6,-1,-1,-1,-1,3,1,E01031059,0
Unvalidated,2024231444001,2024,231444001,1,1,0,18,2,6,0,8,0,4,0,0,1,1,5,2,46,8,-1,-1,-1,-1,5,1,E01031169,0
Unvalidated,2024231444001,2024,231444001,2,19,0,2,0,0,0,8,0,0,0,0,1,1,6,1,58,9,-1,-1,-1,-1,5,1,E01031168,0
Unvalidated,2024231444024,2024,231444024,1,20,0,18,1,5,0,8,0,0,0,0,4,1,6,3,45,7,-1,-1,-1,-1,-1,-1,-1,0
Unvalidated,2024231444024,2024,231444024,2,9,0,2,0,0,0,8,0,0,0,0,4,1,6,2,36,7,-1,-1,-1,-1,9,1,E01031328,0
Unvalidated,2024231444976,2024,231444976,1,9,0,18,4,8,0,4,0,0,3,2,1,1,6,1,39,7,-1,-1,-1,-1,5,1,E01031098,0
Unvalidated,2024231444976,2024,231444976,2,9,0,18,4,8,0,8,0,0,0,0,2,1,6,2,23,5,-1,-1,-1,-1,1,1,E01032890,0
Unvalidated,2024231444976,2024,231444976,3,9,0,4,4,8,0,1,0,0,0,0,4,1,6,2,45,7,-1,-1,-1,-1,2,1,E01031075,0
Unvalidated,2024231444976,2024,231444976,4,19,0,4,4,8,0,1,0,0,0,0,4,1,6,1,63,9,-1,-1,-1,-1,10,1,E01031122,0
Unvalidated,2024231444976,2024,231444976,5,21,1,4,4,8,0,1,0,0,0,0,0,1,6,3,45,7,-1,-1,-1,-1,-1,-1,-1,0
Unvalidated,2024231445163,2024,231445163,1,9,0,4,3,7,0,0,0,0,0,0,1,1,6,1,84,11,-1,-1,-1,-1,7,3,E01032892,0
Unvalidated,2024231445163,2024,231445163,2,1,0,13,3,7,0,0,1,0,0,0,2,1,6,1,55,8,-1,-1,-1,-1,3,1,E01025852,0
Unvalidated,2024231445371,2024,231445371,1,19,0,18,6,2,0,0,0,0,0,0,1,1,1,1,41,7,-1,-1,-1,-1,1,1,E01009483,0
Unvalidated,2024231445371,2024,231445371,2,9,0,4,4,8,0,0,0,0,0,0,2,1,6,1,72,10,-1,-1,-1,-1,10,1,E01025802,0
Unvalidated,2024231445371,2024,231445371,3,9,0,4,4,8,0,0,0,0,0,0,2,1,1,1,36,7,-1,-1,-1,-1,4,1,E01024290,0
Unvalidated,2024231445388,2024,231445388,1,5,0,18,6,3,0,8,0,0,1,4,1,1,2,1,36,7,-1,-1,-1,-1,8,1,E01031302,0
Unvalidated,2024231445483,2024,231445483,1,9,0,9,7,5,4,6,0,0,0,0,0,1,5,2,64,9,-1,-1,-1,-1,2,1,E01031044,0
Unvalidated,2024231445483,2024,231445483,2,1,0,18,5,1,4,8,0,0,0,0,3,1,2,1,54,8,-1,-1,-1,-1,7,1,E01031091,0
Unvalidated,2024231445558,2024,231445558,1,19,0,18,4,8,0,0,0,0,0,0,1,1,6,1,32,6,-1,-1,-1,-1,4,1,E01031176,0
Unvalidated,2024231445558,2024,231445558,2,9,0,4,4,8,0,0,0,0,0,0,2,1,6,1,86,11,-1,-1,-1,-1,9,2,E01031148,0
Unvalidated,2024231445558,2024,231445558,3,9,0,4,4,8,0,0,0,0,0,0,2,1,6,2,60,9,-1,-1,-1,-1,5,1,E01031132,0
Unvalidated,2024231445559,2024,231445559,1,19,0,5,3,5,0,4,0,0,0,0,1,1,1,1,29,6,-1,-1,-1,-1,2,1,E01031066,0
Unvalidated,2024231445559,2024,231445559,2,9,0,5,3,5,0,4,0,0,0,0,2,1,1,2,55,8,-1,-1,-1,-1,7,3,E01031194,0
Unvalidated,2024231445577,2024,231445577,1,9,0,4,6,2,0,8,0,0,0,0,2,1,1,1,45,7,-1,-1,-1,-1,5,1,E01031141,0
Unvalidated,2024231445577,2024,231445577,2,9,0,4,6,2,0,8,0,0,0,0,1,1,6,1,28,6,-1,-1,-1,-1,3,1,E01031174,0
Unvalidated,2024231445587,2024,231445587,1,9,0,16,7,1,0,0,0,0,0,0,1,1,5,2,30,6,-1,-1,-1,-1,1,1,E01031043,0
Unvalidated,2024231446018,2024,231446018,1,9,0,14,1,5,0,0,0,0,0,0,1,1,6,1,18,4,-1,-1,-1,-1,-1,-1,-1,0
Unvalidated,2024231446018,2024,231446018,2,9,0,18,1,5,0,0,0,0,0,0,0,1,1,1,26,6,-1,-1,-1,-1,3,1,E01031064,0
Unvalidated,2024231446018,2024,231446018,3,9,0,3,1,5,0,0,0,0,0,0,2,1,5,2,26,6,-1,-1,-1,-1,2,1,E01031066,0
Unvalidated,2024231446018,2024,231446018,4,9,0,18,1,5,0,0,0,0,0,0,2,1,5,1,59,9,-1,-1,-1,-1,4,1,E01031096,0
Unvalidated,2024231446235,2024,231446235,1,5,0,18,2,5,0,4,1,0,0,0,1,1,6,1,40,7,-1,-1,-1,-1,10,1,E01010199,0
Unvalidated,2024231447100,2024,231447100,1,20,0,18,4,1,0,0,0,0,0,0,1,1,6,2,57,9,-1,-1,-1,-1,5,1,E01031102,0
Unvalidated,2024231447100,2024,231447100,2,9,0,4,2,1,0,0,0,0,0,0,2,1,6,1,63,9,-1,-1,-1,-1,7,3,E01029473,0
Unvalidated,2024231447100,2024,231447100,3,9,0,4,4,1,0,0,0,0,0,0,2,1,6,1,36,7,-1,-1,-1,-1,4,1,E01031087,0
Unvalidated,2024231447100,2024,231447100,4,9,0,4,4,1,0,0,0,0,0,0,2,1,6,1,26,6,-1,-1,-1,-1,3,1,E01031117,0
Unvalidated,2024231447269,2024,231447269,1,9,0,9,3,1,0,6,0,0,0,0,1,1,6,2,32,6,-1,-1,-1,-1,9,3,E01031036,0
Unvalidated,2024231447269,2024,231447269,2,1,0,18,1,5,0,8,1,0,0,0,4,1,5,1,46,8,-1,-1,-1,-1,10,1,E01031123,0
Unvalidated,2024231447575,2024,231447575,1,1,0,18,2,5,0,8,1,0,0,0,0,1,5,2,42,7,-1,-1,-1,-1,6,1,E01010221,0
Unvalidated,2024231447575,2024,231447575,2,9,0,18,5,2,0,8,0,0,0,0,0,1,6,3,45,7,-1,-1,-1,-1,-1,-1,-1,0
Unvalidated,2024231447586,2024,231447586,1,9,0,18,5,1,0,8,0,0,0,0,1,1,5,1,17,4,-1,-1,-1,-1,8,1,E01009668,0
Unvalidated,2024231447586,2024,231447586,2,9,0,10,5,3,0,5,0,0,0,0,2,1,1,1,61,9,-1,-1,-1,-1,8,1,E01010134,0
Unvalidated,2024231447587,2024,231447587,1,9,0,18,2,6,0,4,0,0,0,0,4,1,6,2,74,10,-1,-1,-1,-1,10,2,E01025817,0
Unvalidated,2024231447587,2024,231447587,2,9,0,9,6,4,0,8,0,0,0,0,1,1,6,1,43,7,-1,-1,-1,-1,7,1,E01031091,0
Unvalidated,2024231447601,2024,231447601,1,19,0,18,1,4,0,0,0,0,0,0,1,1,6,1,65,9,-1,-1,-1,-1,6,3,E01031189,0
Unvalidated,2024231447601,2024,231447601,2,9,0,18,1,4,0,0,0,0,0,0,2,1,6,1,45,7,-1,-1,-1,-1,5,3,E01032415,0
Unvalidated,2024231447601,2024,231447601,3,9,0,18,1,4,0,0,0,0,0,0,2,1,6,2,53,8,-1,-1,-1,-1,5,2,E01031190,0
Unvalidated,2024231447634,2024,231447634,1,9,0,4,2,4,0,0,0,0,0,0,2,1,6,2,46,8,-1,-1,-1,-1,10,1,E01031101,0
Unvalidated,2024231447634,2024,231447634,2,9,0,4,2,4,0,0,0,0,0,0,1,1,6,1,54,8,-1,-1,-1,-1,2,1,E01009568,0
Unvalidated,2024231447659,2024,231447659,1,9,0,7,8,3,0,6,0,0,0,0,1,1,6,1,17,4,-1,-1,-1,-1,1,1,E01031090,0
Unvalidated,2024231447659,2024,231447659,2,9,0,18,7,3,0,8,0,0,0,0,4,1,6,1,24,5,-1,-1,-1,-1,10,1,E01029854,0
Unvalidated,2024231447659,2024,231447659,3,9,0,18,3,7,0,8,5,0,1,0,0,1,6,2,42,7,-1,-1,-1,-1,1,1,E01029828,0
Unvalidated,2024231447693,2024,231447693,1,3,0,18,5,1,0,8,0,0,0,0,1,1,6,1,22,5,-1,-1,-1,-1,4,2,E01031026,0
Unvalidated,2024231447693,2024,231447693,2,9,0,9,1,7,0,5,0,0,0,0,4,1,1,1,22,5,-1,-1,-1,-1,6,1,E01029855,0
Unvalidated,2024231447760,2024,231447760,1,-1,9,18,6,2,0,1,0,0,0,0,1,1,6,3,38,7,-1,-1,-1,-1,-1,-1,-1,0
Unvalidated,2024231447760,2024,231447760,2,9,0,8,6,8,0,1,0,0,0,0,2,1,2,2,25,5,-1,-1,-1,-1,9,1,E01025917,0
Unvalidated,2024231448633,2024,231448633,1,9,0,1,3,7,0,0,0,0,0,0,2,1,5,3,40,7,-1,-1,-1,-1,-1,-1,-1,0
Unvalidated,2024231449206,2024,231449206,1,9,0,16,2,5,0,8,0,0,0,0,1,1,5,1,18,4,-1,-1,-1,-1,4,1,E01009085,0
Unvalidated,2024231449206,2024,231449206,2,9,0,18,7,2,0,8,0,0,0,0,1,1,5,2,57,9,-1,-1,-1,-1,-1,-1,-1,0
Unvalidated,2024231449313,2024,231449313,1,9,0,1,6,2,9,6,0,0,0,0,2,1,6,1,77,11,-1,-1,-1,-1,10,1,E01031143,0
Unvalidated,2024231449475,2024,231449475,1,9,0,4,7,3,0,0,0,0,0,0,2,1,6,2,60,9,-1,-1,-1,-1,7,1,E01031140,0
Unvalidated,2024231449475,2024,231449475,2,9,0,5,7,3,0,0,0,0,0,0,1,1,5,2,23,5,-1,-1,-1,-1,5,1,E01031171,0
Unvalidated,2024231449512,2024,231449512,1,5,0,17,4,8,0,0,0,0,1,0,0,1,5,1,72,10,-1,-1,-1,-1,3,1,E01031065,0
Unvalidated,2024231449817,2024,231449817,1,9,0,11,6,2,0,3,0,0,2,0,1,1,6,1,70,10,-1,-1,-1,-1,-1,-1,-1,0
Unvalidated,2024231449817,2024,231449817,2,9,0,18,6,2,0,8,0,0,0,0,2,1,2,2,26,6,-1,-1,-1,-1,1,1,E01009605,0
Unvalidated,2024231449902,2024,231449902,1,9,0,17,1,6,0,0,0,0,1,4,1,1,6,1,44,7,-1,-1,-1,-1,3,1,E01009792,0
Unvalidated,2024231450287,2024,231450287,1,9,0,18,2,6,0,1,0,0,0,0,1,1,6,3,45,7,-1,-1,-1,-1,-1,-1,-1,0
Unvalidated,2024231450287,2024,231450287,2,9,0,3,2,4,0,1,0,0,0,0,2,1,6,1,37,7,-1,-1,-1,-1,4,1,E01032342,0
Unvalidated,2024231451137,2024,231451137,1,9,0,13,4,8,0,0,0,0,0,0,4,1,6,3,35,6,-1,-1,-1,-1,-1,-1,-1,0
Unvalidated,2024231451137,2024,231451137,2,1,0,18,4,8,0,0,0,0,1,0,3,1,5,1,71,10,-1,-1,-1,-1,3,1,E01008970,0
Unvalidated,2024231451162,2024,231451162,1,9,0,18,2,6,0,0,2,0,1,3,4,1,6,1,26,6,-1,-1,-1,-1,2,1,E01032528,0
Unvalidated,2024231451162,2024,231451162,2,9,0,18,2,6,0,0,0,0,0,0,0,1,1,1,42,7,-1,-1,-1,-1,5,1,E01031171,0
Unvalidated,2024231451244,2024,231451244,1,9,0,18,3,7,0,8,0,0,0,0,1,1,1,2,38,7,-1,-1,-1,-1,10,2,E01027006,0
Unvalidated,2024231451244,2024,231451244,2,9,0,7,3,5,0,5,0,0,0,0,2,1,1,2,43,7,-1,-1,-1,-1,-1,-1,-1,0
Unvalidated,2024231451275,2024,231451275,1,3,0,18,5,2,0,0,0,0,0,0,4,1,5,1,60,9,-1,-1,-1,-1,9,1,E01010215,0
Unvalidated,2024231451659,2024,231451659,1,9,0,18,4,8,0,8,0,0,0,0,1,1,6,2,47,8,-1,-1,-1,-1,5,1,E01031009,0
Unvalidated,2024231451659,2024,231451659,2,19,0,9,4,2,0,5,0,0,0,0,2,1,6,1,35,6,-1,-1,-1,-1,6,1,E01009531,0
Unvalidated,2024231451867,2024,231451867,1,9,0,13,6,2,0,8,5,0,7,1,1,1,5,1,27,6,-1,-1,-1,-1,5,1,E01033058,0
Unvalidated,2024231451867,2024,231451867,2,9,4,9,6,5,0,5,0,0,0,0,3,1,5,1,77,11,-1,-1,-1,-1,10,3,E01031150,0
Unvalidated,2024231451903,2024,231451903,1,9,0,5,2,8,0,4,0,0,0,0,1,1,1,1,30,6,-1,-1,-1,-1,1,1,E01009612,0
Unvalidated,2024231451903,2024,231451903,2,9,0,18,8,4,0,8,0,0,0,0,1,1,5,1,30,6,-1,-1,-1,-1,7,1,E01031297,0
Unvalidated,2024231451930,2024,231451930,1,9,0,9,4,2,0,6,5,0,0,0,1,1,5,1,71,10,-1,-1,-1,-1,3,1,E01031261,0
Unvalidated,2024231451930,2024,231451930,2,5,0,18,2,6,0,8,1,0,7,9,1,1,5,1,61,9,-1,-1,-1,-1,8,3,E01031196,0
Unvalidated,2024231451958,2024,231451958,1,9,0,18,3,7,0,0,0,4,0,0,1,1,6,2,57,9,-1,-1,-1,-1,5,1,E01031093,0
Unvalidated,2024231451958,2024,231451958,2,9,0,18,7,3,0,0,0,0,0,0,1,1,6,1,52,8,-1,-1,-1,-1,5,1,E01031114,0
Unvalidated,2024231451958,2024,231451958,3,9,0,2,0,0,0,0,0,0,0,0,3,1,6,1,55,8,-1,-1,-1,-1,6,1,E01031048,0
Unvalidated,2024231451958,2024,231451958,4,9,0,4,0,0,0,0,0,0,0,0,3,1,6,1,46,8,-1,-1,-1,-1,6,1,E01031048,0
Unvalidated,2024231451958,2024,231451958,5,9,0,2,0,0,0,0,0,0,0,0,3,1,6,2,37,7,-1,-1,-1,-1,4,1,E01031073,0
Unvalidated,2024231451958,2024,231451958,6,9,0,2,0,0,0,0,0,0,0,0,3,1,6,1,38,7,-1,-1,-1,-1,7,1,E01031061,0
Unvalidated,2024231452029,2024,231452029,1,9,0,18,2,6,0,0,2,0,1,9,1,1,5,1,42,7,-1,-1,-1,-1,7,3,E01031280,0
Unvalidated,2024231452056,2024,231452056,1,5,0,17,2,7,0,8,0,0,0,0,1,1,5,1,42,7,-1,-1,-1,-1,3,2,E01031077,0
Unvalidated,2024231452056,2024,231452056,2,9,0,9,7,5,0,5,0,0,0,0,4,1,1,1,40,7,-1,-1,-1,-1,3,1,E01031059,0
Unvalidated,2024231452077,2024,231452077,1,19,0,18,2,6,0,0,0,0,0,0,1,1,1,2,34,6,-1,-1,-1,-1,9,2,E01025820,0
Unvalidated,2024231452077,2024,231452077,2,9,0,4,2,6,0,0,0,0,0,0,2,1,5,2,27,6,-1,-1,-1,-1,6,1,E01009657,0
Unvalidated,2024231452077,2024,231452077,3,9,0,4,2,6,0,0,0,0,0,0,2,1,5,1,31,6,-1,-1,-1,-1,9,3,E01033251,0
Unvalidated,2024231452102,2024,231452102,1,9,0,4,1,5,0,0,0,0,0,0,1,1,6,1,33,6,-1,-1,-1,-1,1,1,E01009585,0
Unvalidated,2024231452133,2024,231452133,1,9,0,17,4,8,0,0,0,0,0,0,1,1,6,3,32,6,-1,-1,-1,-1,-1,-1,-1,0
Unvalidated,2024231452133,2024,231452133,2,9,0,16,8,4,0,0,0,0,0,0,1,1,1,2,23,5,-1,-1,-1,-1,8,1,E01009644,0
Unvalidated,2024231452306,2024,231452306,1,9,0,9,4,2,0,6,0,0,0,0,1,1,6,1,61,9,-1,-1,-1,-1,8,1,E01031103,0
Unvalidated,2024231452306,2024,231452306,2,3,0,18,2,6,0,8,1,0,0,0,1,1,2,1,23,5,-1,-1,-1,-1,5,1,E01031114,0
Unvalidated,2024231452471,2024,231452471,1,9,0,9,4,2,0,6,0,0,0,0,4,1,6,1,29,6,-1,-1,-1,-1,5,1,E01031009,0
Unvalidated,2024231452471,2024,231452471,2,1,0,18,2,6,0,8,0,0,0,0,3,1,6,1,41,7,-1,-1,-1,-1,6,3,E01031018,0
Unvalidated,2024231452516,2024,231452516,1,90,0,18,1,5,9,6,0,0,0,0,3,1,6,1,39,7,-1,-1,-1,-1,8,2,E01031192,0
Unvalidated,2024231452516,2024,231452516,2,9,0,18,6,2,0,3,0,0,0,0,4,1,6,1,26,6,-1,-1,-1,-1,5,3,E01031190,0
Unvalidated,2024231452805,2024,231452805,1,9,0,18,5,1,0,8,0,0,0,0,4,1,6,1,25,5,-1,-1,-1,-1,-1,1,-1,0
Unvalidated,2024231452805,2024,231452805,2,9,0,9,5,4,0,8,0,0,0,0,4,1,2,2,31,6,-1,-1,-1,-1,9,1,E01031019,0
Unvalidated,2024231452860,2024,231452860,1,21,1,11,8,4,0,3,0,0,0,0,3,1,1,1,50,8,-1,-1,-1,-1,10,3,E01031143,0
Unvalidated,2024231452860,2024,231452860,2,9,0,7,8,4,0,3,0,0,0,0,4,1,2,1,23,5,-1,-1,-1,-1,1,1,E01010142,0
Unvalidated,2024231452890,2024,231452890,1,9,0,16,3,6,0,0,2,10,8,4,4,1,6,1,18,4,-1,-1,-1,-1,10,2,E01031214,0
Unvalidated,2024231452935,2024,231452935,1,9,0,16,2,5,0,0,1,0,7,0,1,1,6,1,42,7,-1,-1,-1,-1,9,3,E01032894,0
Unvalidated,2024231452958,2024,231452958,1,9,0,18,2,5,0,4,0,0,0,0,1,1,6,1,48,8,-1,-1,-1,-1,-1,-1,-1,0
Unvalidated,2024231452958,2024,231452958,2,9,0,4,2,5,0,1,0,0,0,0,2,1,2,2,36,7,-1,-1,-1,-1,10,2,E01010170,0
Unvalidated,2024231452984,2024,231452984,1,1,0,9,4,2,0,6,0,0,0,0,1,1,6,1,-1,-1,-1,-1,-1,-1,9,3,E01032894,0
Unvalidated,2024231452984,2024,231452984,2,9,0,18,2,6,0,8,0,0,0,0,1,1,6,2,40,7,-1,-1,-1,-1,9,3,E01031147,0
Unvalidated,2024231452995,2024,231452995,1,9,0,18,4,8,0,0,0,0,0,0,1,1,6,1,39,7,-1,-1,-1,-1,10,1,E01032895,0
Unvalidated,2024231452995,2024,231452995,2,9,0,18,4,8,0,0,0,0,0,0,2,1,6,1,49,8,-1,-1,-1,-1,9,1,E01031329,0
Unvalidated,2024231453832,2024,231453832,1,19,0,18,1,5,0,1,0,0,0,0,1,1,5,1,35,6,-1,-1,-1,-1,1,1,E01012408,0
Unvalidated,2024231453832,2024,231453832,2,9,0,4,1,5,0,1,0,0,0,0,2,1,5,1,66,10,-1,-1,-1,-1,2,1,E01008919,0
Unvalidated,2024231453832,2024,231453832,3,9,0,4,1,5,0,1,0,0,0,0,2,1,5,1,25,5,-1,-1,-1,-1,3,1,E01032267,0
Unvalidated,2024231454371,2024,231454371,1,9,0,18,-1,-1,0,0,0,0,0,0,4,1,6,3,-1,-1,-1,-1,-1,-1,-1,-1,-1,0
Unvalidated,2024231454371,2024,231454371,2,9,0,4,-1,-1,0,0,0,0,0,0,2,1,6,2,38,7,-1,-1,-1,-1,9,1,E01031306,0
Unvalidated,2024231454429,2024,231454429,1,9,0,18,6,2,0,0,0,0,0,0,1,1,5,2,40,7,-1,-1,-1,-1,7,3,E01029130,0
Unvalidated,2024231454429,2024,231454429,2,9,0,4,6,2,0,0,0,0,0,0,2,1,5,2,38,7,-1,-1,-1,-1,7,1,E01031303,0
Unvalidated,2024231454429,2024,231454429,3,9,0,4,6,2,0,0,0,0,0,0,0,1,1,1,37,7,-1,-1,-1,-1,10,3,E01028415,0
Unvalidated,2024231454598,2024,231454598,1,9,0,12,5,1,0,0,0,0,0,0,3,1,6,2,77,11,-1,-1,-1,-1,10,2,E01019425,0
Unvalidated,2024231454598,2024,231454598,2,21,1,18,5,1,0,0,0,0,0,0,4,1,1,1,28,6,-1,-1,-1,-1,7,1,E01009424,0
Unvalidated,2024231454614,2024,231454614,1,9,0,16,2,5,0,0,0,0,0,0,1,1,2,2,20,4,-1,-1,-1,-1,2,1,E01031066,0
Unvalidated,2024231454614,2024,231454614,2,9,0,17,5,2,0,0,0,0,0,0,1,1,5,3,45,7,-1,-1,-1,-1,-1,-1,-1,0
Unvalidated,2024231454684,2024,231454684,1,9,0,18,6,2,0,0,0,0,0,0,3,1,1,1,54,8,-1,-1,-1,-1,8,3,E01031182,0
Unvalidated,2024231454684,2024,231454684,2,9,0,18,2,6,0,0,0,0,1,0,3,1,5,1,27,6,-1,-1,-1,-1,7,1,E01031068,0
Unvalidated,2024231454725,2024,231454725,1,9,0,18,2,6,0,0,1,0,5,6,3,1,2,2,26,6,-1,-1,-1,-1,9,2,E01031219,0
Unvalidated,2024231454740,2024,231454740,1,9,0,5,1,5,0,6,0,0,0,0,4,1,6,3,35,6,-1,-1,-1,-1,-1,-1,-1,0
Unvalidated,2024231454740,2024,231454740,2,1,0,9,3,1,0,5,0,0,0,0,4,1,2,1,31,6,-1,-1,-1,-1,10,1,E01031232,0
Unvalidated,2024231454757,2024,231454757,1,9,0,5,7,3,0,6,1,0,3,0,3,1,5,1,59,9,-1,-1,-1,-1,8,3,E01031252,0
Unvalidated,2024231454757,2024,231454757,2,9,0,18,5,1,0,8,0,0,0,0,1,1,5,2,28,6,-1,-1,-1,-1,8,3,E01031196,0
Unvalidated,2024231454829,2024,231454829,1,9,0,7,7,1,0,6,0,0,0,0,0,1,6,2,47,8,-1,-1,-1,-1,2,1,E01020911,0
Unvalidated,2024231454829,2024,231454829,2,5,0,18,6,2,0,8,1,0,0,0,4,1,5,1,21,5,-1,-1,-1,-1,8,1,E01031230,0
Unvalidated,2024231454853,2024,231454853,1,9,0,6,7,7,0,0,0,0,7,0,3,1,5,2,28,6,-1,-1,-1,-1,10,1,E01009560,0
Unvalidated,2024231454853,2024,231454853,2,5,0,18,3,7,0,0,0,0,7,0,4,1,5,2,37,7,-1,-1,-1,-1,10,1,E01031300,0
Unvalidated,2024231454893,2024,231454893,1,1,0,16,1,5,0,0,0,0,0,0,4,1,5,1,56,9,-1,-1,-1,-1,7,3,E01031224,0
Unvalidated,2024231454924,2024,231454924,1,9,0,18,-1,-1,0,3,0,0,0,0,3,1,6,2,39,7,-1,-1,-1,-1,10,1,E01025835,0
Unvalidated,2024231454924,2024,231454924,2,9,0,18,-1,-1,0,3,0,0,0,0,3,1,6,2,20,4,-1,-1,-1,-1,7,3,E01031108,0
Unvalidated,2024231455132,2024,231455132,1,9,0,9,3,1,0,6,0,0,0,0,3,1,5,2,82,11,-1,-1,-1,-1,9,1,E01031306,0
Unvalidated,2024231455132,2024,231455132,2,1,0,18,1,4,0,8,0,0,0,0,1,1,5,1,41,7,-1,-1,-1,-1,6,3,E01031211,0
Unvalidated,2024231455175,2024,231455175,1,9,0,18,8,4,0,0,0,0,0,0,9,1,6,2,40,7,-1,-1,-1,-1,-1,-1,-1,0
Unvalidated,2024231455182,2024,231455182,1,9,0,11,6,2,0,0,0,0,0,0,4,1,6,1,58,9,-1,-1,-1,-1,3,1,E01009302,0
Unvalidated,2024231455182,2024,231455182,2,9,0,18,6,2,0,0,0,0,0,0,3,1,6,2,56,9,-1,-1,-1,-1,7,1,E01010123,0
Unvalidated,2024231455190,2024,231455190,1,9,0,18,8,4,0,0,1,0,1,4,1,1,5,1,18,4,-1,-1,-1,-1,3,1,E01025866,0
Unvalidated,2024231455203,2024,231455203,1,9,0,18,3,7,0,0,0,0,0,0,1,1,3,2,43,7,-1,-1,-1,-1,7,1,E01031089,0
Unvalidated,2024231456598,2024,231456598,1,9,0,18,3,7,0,8,0,0,0,0,3,1,6,1,67,10,-1,-1,-1,-1,6,1,E01031085,0
Unvalidated,2024231456639,2024,231456639,1,9,0,18,7,3,0,0,0,0,0,0,1,1,5,1,65,9,-1,-1,-1,-1,9,1,E01031129,0
Unvalidated,2024231456639,2024,231456639,2,9,0,18,3,7,0,0,0,0,0,0,1,1,5,1,25,5,-1,-1,-1,-1,10,3,E01032893,0
Unvalidated,2024231456704,2024,231456704,1,9,0,18,5,1,0,0,0,0,0,0,1,1,5,1,23,5,-1,-1,-1,-1,6,1,E01002984,0
Unvalidated,2024231456704,2024,231456704,2,9,0,4,5,1,0,0,0,0,0,0,1,1,5,2,49,8,-1,-1,-1,-1,8,3,E01031196,0
Unvalidated,2024231456704,2024,231456704,3,9,0,4,5,1,0,0,0,0,0,0,2,1,5,1,55,8,-1,-1,-1,-1,10,1,E01027270,0
Unvalidated,2024231456716,2024,231456716,1,9,0,16,6,1,0,0,0,0,0,0,1,1,5,2,36,7,-1,-1,-1,-1,7,3,E01031308,0
Unvalidated,2024231456716,2024,231456716,2,9,0,17,1,6,0,0,0,0,1,0,1,1,5,1,57,9,-1,-1,-1,-1,7,1,E01009562,0
Unvalidated,2024231456737,2024,231456737,1,9,0,4,1,3,0,4,0,10,7,1,1,1,5,1,35,6,-1,-1,-1,-1,1,1,E01009611,0
Unvalidated,2024231457057,2024,231457057,1,21,1,12,1,5,0,0,0,0,0,0,1,1,6,1,49,8,-1,-1,-1,-1,-1,-1,-1,0
Unvalidated,2024231457057,2024,231457057,2,9,0,18,1,5,0,0,0,0,0,0,2,1,5,2,47,8,-1,-1,-1,-1,-1,-1,-1,0
Unvalidated,2024231457066,2024,231457066,1,20,0,15,1,3,0,0,0,99,0,0,4,1,6,1,30,6,-1,-1,-1,-1,1,1,E01031015,0
Unvalidated,2024231457066,2024,231457066,2,19,0,17,1,3,0,0,0,10,5,6,3,1,2,1,30,6,-1,-1,-1,-1,7,1,E01010461,0
Unvalidated,2024231457075,2024,231457075,1,9,0,18,8,4,0,0,0,0,0,0,1,1,6,1,24,5,-1,-1,-1,-1,3,1,E01009239,0
Unvalidated,2024231457075,2024,231457075,2,19,0,4,8,4,0,0,0,0,0,0,2,1,2,1,53,8,-1,-1,-1,-1,10,1,E01032227,0
Unvalidated,2024231457143,2024,231457143,1,9,0,18,1,5,0,0,0,0,8,4,1,1,6,1,39,7,-1,-1,-1,-1,6,1,E01031130,0
Unvalidated,2024231457143,2024,231457143,2,9,0,4,0,0,0,0,0,0,0,0,1,1,1,1,48,8,-1,-1,-1,-1,8,3,E01031284,0
Unvalidated,2024231457224,2024,231457224,1,21,1,18,5,1,0,0,0,0,1,4,1,1,1,1,61,9,-1,-1,-1,-1,2,1,E01010038,0
Unvalidated,2024231457388,2024,231457388,1,9,0,7,1,3,0,6,1,0,3,11,1,1,5,1,34,6,-1,-1,-1,-1,4,2,E01031026,0
Unvalidated,2024231457438,2024,231457438,1,21,1,10,7,3,0,0,0,0,0,0,0,1,1,1,45,7,-1,-1,-1,-1,8,2,E01019307,0
Unvalidated,2024231457438,2024,231457438,2,19,0,18,7,3,0,0,1,0,0,0,2,1,1,1,30,6,-1,-1,-1,-1,9,1,E01007023,0
Unvalidated,2024231457438,2024,231457438,3,9,0,18,7,3,0,0,2,0,1,10,1,1,5,1,63,9,-1,-1,-1,-1,3,1,E01009112,0
Unvalidated,2024231457864,2024,231457864,1,19,0,1,1,5,0,0,0,0,0,0,2,1,3,1,46,8,-1,-1,-1,-1,6,1,E01031106,0