status,collision_index,collision_year,collision_reference,vehicle_reference,vehicle_type,towing_and_articulation,vehicle_manoeuvre,vehicle_direction_from,vehicle_direction_to,vehicle_location_restricted_lane,junction_location,skidding_and_overturning,hit_object_in_carriageway,vehicle_leaving_carriageway,hit_object_off_carriageway,first_point_of_impact,vehicle_left_hand_drive,journey_purpose_of_driver,sex_of_driver,age_of_driver,age_band_of_driver,engine_capacity_cc,propulsion_code,age_of_vehicle,generic_make_model,driver_imd_decile,driver_home_area_type,lsoa_of_driver,escooter_flag
Unvalidated,2024231458367,2024,231458367,1,9,0,4,6,2,0,1,0,0,0,0,2,1,6,2,45,7,-1,-1,-1,-1,2,1,E01009661,0
Unvalidated,2024231458367,2024,231458367,2,9,0,4,6,2,0,1,0,0,0,0,1,1,6,1,26,6,-1,-1,-1,-1,5,1,E01009654,0
Unvalidated,2024231458428,2024,231458428,1,9,0,5,7,3,0,2,0,0,0,0,1,1,6,2,77,11,-1,-1,-1,-1,-1,-1,-1,0
Unvalidated,2024231459227,2024,231459227,1,21,1,18,4,8,0,8,0,0,0,0,4,1,1,1,44,7,-1,-1,-1,-1,2,1,E01010564,0
Unvalidated,2024231459227,2024,231459227,2,9,0,9,6,4,0,6,0,0,0,0,3,1,5,1,71,10,-1,-1,-1,-1,-1,-1,-1,0
Unvalidated,2024231459248,2024,231459248,1,9,0,12,5,1,0,3,0,7,1,7,1,1,5,2,48,8,-1,-1,-1,-1,10,1,E01025259,0
Unvalidated,2024231459248,2024,231459248,2,9,0,18,5,1,0,8,0,0,0,0,3,1,1,1,43,7,-1,-1,-1,-1,9,1,E01029380,0
Unvalidated,2024231459296,2024,231459296,1,9,0,16,6,8,0,8,5,10,7,4,1,1,5,1,19,4,-1,-1,-1,-1,1,1,E01009409,0
Unvalidated,2024231459340,2024,231459340,1,9,0,18,5,2,0,0,0,4,0,0,3,1,6,2,20,4,-1,-1,-1,-1,3,1,E01031261,0
Unvalidated,2024231459340,2024,231459340,2,9,0,18,2,5,0,0,1,0,0,0,3,1,6,1,17,4,-1,-1,-1,-1,8,1,E01031323,0
Unvalidated,2024231459340,2024,231459340,3,9,0,2,0,0,0,0,0,0,0,0,3,1,6,1,21,5,-1,-1,-1,-1,8,1,E01003861,0
Unvalidated,2024231459340,2024,231459340,4,9,0,2,0,0,0,0,0,0,0,0,3,1,6,1,46,8,-1,-1,-1,-1,1,1,E01031273,0
Unvalidated,2024231459463,2024,231459463,1,9,0,1,2,6,0,0,0,0,0,0,1,1,5,1,85,11,-1,-1,-1,-1,8,1,E01031285,0
Unvalidated,2024231459463,2024,231459463,2,9,0,2,0,0,0,0,0,0,0,0,2,1,6,1,32,6,-1,-1,-1,-1,8,1,E01031294,0
Unvalidated,2024231459694,2024,231459694,1,9,0,4,3,7,0,5,0,0,0,0,1,1,6,3,28,6,-1,-1,-1,-1,-1,-1,-1,0
Unvalidated,2024231459706,2024,231459706,1,9,0,18,4,8,0,0,0,0,0,0,0,1,6,3,45,7,-1,-1,-1,-1,-1,-1,-1,0
Unvalidated,2024231459706,2024,231459706,2,20,0,18,8,4,0,0,0,0,7,4,1,1,1,1,57,9,-1,-1,-1,-1,7,3,E01022205,0
Unvalidated,2024231459748,2024,231459748,1,5,0,18,2,8,0,0,1,10,0,0,3,1,6,1,29,6,-1,-1,-1,-1,6,1,E01029841,0
Unvalidated,2024231459848,2024,231459848,1,9,0,9,1,7,0,6,0,0,0,0,1,1,6,1,33,6,-1,-1,-1,-1,9,1,E01031235,0
Unvalidated,2024231459865,2024,231459865,1,19,0,18,8,4,0,8,0,0,0,0,1,1,5,1,20,4,-1,-1,-1,-1,9,1,E01029375,0
Unvalidated,2024231459865,2024,231459865,2,19,0,3,8,4,0,8,0,0,0,0,2,1,1,1,35,6,-1,-1,-1,-1,7,1,E01029376,0
Unvalidated,2024231459865,2024,231459865,3,9,0,3,8,4,0,8,0,0,0,0,2,1,1,2,42,7,-1,-1,-1,-1,7,1,E01009446,0
Unvalidated,2024231459949,2024,231459949,1,9,0,18,3,7,0,0,1,0,1,4,1,1,5,1,22,5,-1,-1,-1,-1,-1,1,-1,0
Unvalidated,2024231460022,2024,231460022,1,9,0,18,4,8,0,0,1,0,7,4,1,1,6,1,33,6,-1,-1,-1,-1,9,2,E01031222,0
Unvalidated,2024231460052,2024,231460052,1,9,0,18,1,5,0,0,0,0,0,0,1,1,6,3,45,7,-1,-1,-1,-1,-1,-1,-1,0
Unvalidated,2024231460052,2024,231460052,2,19,0,18,1,5,0,0,0,0,0,0,4,1,1,1,59,9,-1,-1,-1,-1,8,1,E01009665,0
Unvalidated,2024231460242,2024,231460242,1,9,0,18,4,8,0,8,0,0,0,0,1,1,6,1,44,7,-1,-1,-1,-1,7,3,E01028474,0
Unvalidated,2024231460242,2024,231460242,2,9,0,7,5,8,0,6,0,0,0,0,4,1,6,1,66,10,-1,-1,-1,-1,9,2,E01031183,0
Unvalidated,2024231460263,2024,231460263,1,9,0,4,6,2,0,0,0,0,1,1,1,1,5,1,72,10,-1,-1,-1,-1,7,2,E01031007,0
Unvalidated,2024231460284,2024,231460284,1,9,0,18,6,2,0,0,0,0,0,0,0,1,6,3,38,7,-1,-1,-1,-1,-1,-1,-1,0
Unvalidated,2024231460284,2024,231460284,2,19,0,18,2,6,0,0,0,0,0,0,1,1,1,1,26,6,-1,-1,-1,-1,8,3,E01026993,0
Unvalidated,2024231460294,2024,231460294,1,9,0,9,3,1,0,6,0,0,0,0,1,1,5,2,18,4,-1,-1,-1,-1,3,1,E01031080,0
Unvalidated,2024231460294,2024,231460294,2,9,0,18,1,5,0,8,0,0,0,0,1,1,6,2,19,4,-1,-1,-1,-1,3,1,E01009589,0
Unvalidated,2024231460340,2024,231460340,1,9,0,9,1,7,0,6,0,0,0,0,1,1,5,2,60,9,-1,-1,-1,-1,10,1,E01031298,0
Unvalidated,2024231460340,2024,231460340,2,9,0,18,7,2,0,8,0,0,7,2,1,1,5,2,25,5,-1,-1,-1,-1,10,1,E01031304,0
Unvalidated,2024231460343,2024,231460343,1,21,1,18,8,4,0,0,0,0,0,0,4,1,6,1,38,7,-1,-1,-1,-1,6,1,E01029609,0
Unvalidated,2024231460343,2024,231460343,2,9,0,13,8,4,0,0,5,0,0,0,3,1,6,2,54,8,-1,-1,-1,-1,8,1,E01009794,0
Unvalidated,2024231460362,2024,231460362,1,5,0,18,6,8,0,0,0,0,7,0,1,1,5,2,26,6,-1,-1,-1,-1,9,1,E01027120,0
Unvalidated,2024231460362,2024,231460362,2,9,0,18,8,4,0,0,0,0,0,0,1,1,5,2,50,8,-1,-1,-1,-1,-1,3,-1,0
Unvalidated,2024231460379,2024,231460379,1,9,0,18,6,2,0,0,0,0,0,0,1,1,2,1,37,7,-1,-1,-1,-1,6,1,E01025863,0
Unvalidated,2024231460379,2024,231460379,2,9,0,4,6,2,0,0,0,0,0,0,2,1,6,1,49,8,-1,-1,-1,-1,3,2,E01031077,0
Unvalidated,2024231460406,2024,231460406,1,9,0,17,8,5,0,0,0,0,1,10,1,1,5,1,35,6,-1,-1,-1,-1,5,1,E01031141,0
Unvalidated,2024231460445,2024,231460445,1,9,0,18,4,8,0,8,0,0,0,0,1,1,2,1,24,5,-1,-1,-1,-1,7,1,E01031236,0
Unvalidated,2024231460445,2024,231460445,2,9,0,4,4,8,0,8,0,0,0,0,2,1,6,2,54,8,-1,-1,-1,-1,9,1,E01031237,0
Unvalidated,2024231460448,2024,231460448,1,9,0,18,6,2,0,0,0,0,0,0,1,1,3,2,36,7,-1,-1,-1,-1,4,1,E01029820,0
Unvalidated,2024231460448,2024,231460448,2,19,0,18,2,6,0,0,0,0,0,0,1,1,1,1,49,8,-1,-1,-1,-1,-1,-1,-1,0
Unvalidated,2024231460457,2024,231460457,1,9,0,18,5,1,0,0,0,0,1,11,1,1,5,1,22,5,-1,-1,-1,-1,4,1,E01031127,0
Unvalidated,2024231460457,2024,231460457,2,-1,0,18,1,5,0,0,0,0,0,0,0,1,6,3,30,6,-1,-1,-1,-1,-1,-1,-1,0
Unvalidated,2024231460489,2024,231460489,1,9,0,4,7,3,0,0,0,0,1,6,2,1,1,2,51,8,-1,-1,-1,-1,7,2,E01020176,0
Unvalidated,2024231460489,2024,231460489,2,21,1,18,7,3,0,0,0,0,0,0,1,1,1,1,56,9,-1,-1,-1,-1,-1,-1,-1,0
Unvalidated,2024231460515,2024,231460515,1,9,0,7,6,1,0,5,1,0,3,4,1,1,6,1,20,4,-1,-1,-1,-1,3,1,E01009620,0
Unvalidated,2024231460535,2024,231460535,1,19,0,18,7,3,0,0,1,0,1,9,4,1,1,1,27,6,-1,-1,-1,-1,2,1,E01032377,0
Unvalidated,2024231460755,2024,231460755,1,1,0,18,3,7,0,6,0,0,0,0,1,1,6,1,13,3,-1,-1,-1,-1,7,2,E01031033,0
Unvalidated,2024231460755,2024,231460755,2,9,0,18,1,5,0,8,0,0,0,0,1,1,2,2,50,8,-1,-1,-1,-1,4,2,E01031032,0
Unvalidated,2024231460821,2024,231460821,1,23,0,18,8,4,0,1,0,0,0,0,1,1,6,1,26,6,-1,-1,-1,-1,5,1,E01031311,0
Unvalidated,2024231460821,2024,231460821,2,9,0,9,8,6,0,5,0,0,0,0,9,1,5,2,40,7,-1,-1,-1,-1,6,1,E01031271,0
Unvalidated,2024231460847,2024,231460847,1,21,1,11,2,6,0,4,0,0,0,0,3,1,6,3,-1,-1,-1,-1,-1,-1,-1,-1,-1,0
Unvalidated,2024231460847,2024,231460847,2,9,0,5,2,6,0,4,0,0,7,0,4,1,5,2,35,6,-1,-1,-1,-1,2,1,E01009210,0
Unvalidated,2024231460948,2024,231460948,1,9,0,5,7,4,0,6,0,0,0,0,2,1,5,2,82,11,-1,-1,-1,-1,6,3,E01028498,0
Unvalidated,2024231460948,2024,231460948,2,9,0,18,6,2,0,8,0,0,0,0,1,1,5,2,60,9,-1,-1,-1,-1,8,3,E01031223,0
Unvalidated,2024231460985,2024,231460985,1,1,0,18,1,5,0,0,0,0,0,0,9,1,5,1,13,3,-1,-1,-1,-1,10,2,E01031250,0
Unvalidated,2024231460985,2024,231460985,2,9,0,5,3,7,0,0,0,0,0,0,1,1,6,2,-1,-1,-1,-1,-1,-1,2,1,E01032239,0
Unvalidated,2024231461173,2024,231461173,1,19,0,18,4,8,0,1,0,0,0,0,1,1,1,1,31,6,-1,-1,-1,-1,7,2,E01031212,0
Unvalidated,2024231461173,2024,231461173,2,9,0,3,4,8,0,1,0,0,0,0,2,1,1,1,30,6,-1,-1,-1,-1,1,1,E01009354,0
Unvalidated,2024231461196,2024,231461196,1,90,0,9,6,4,0,5,0,0,0,0,0,1,5,1,45,7,-1,-1,-1,-1,10,1,E01031123,0
Unvalidated,2024231461222,2024,231461222,1,9,0,9,1,7,0,6,0,0,0,0,1,1,5,1,34,6,-1,-1,-1,-1,3,1,E01031047,0
Unvalidated,2024231462083,2024,231462083,1,9,0,9,1,2,0,6,0,0,0,0,1,1,6,1,78,11,-1,-1,-1,-1,7,2,E01031038,0
Unvalidated,2024231462083,2024,231462083,2,9,0,18,6,2,0,8,0,0,7,0,4,1,6,1,66,10,-1,-1,-1,-1,6,1,E01029821,0
Unvalidated,2024231462087,2024,231462087,1,9,0,18,1,5,0,0,0,0,0,0,1,1,5,1,17,4,-1,-1,-1,-1,10,1,E01031314,0
Unvalidated,2024231462102,2024,231462102,1,9,0,18,8,4,0,0,0,0,0,0,3,1,5,1,76,11,-1,-1,-1,-1,8,1,E01031011,0
Unvalidated,2024231462102,2024,231462102,2,9,0,18,4,8,0,0,0,0,0,0,4,1,5,2,69,10,-1,-1,-1,-1,4,1,E01029820,0
Unvalidated,2024231462111,2024,231462111,1,9,0,10,3,8,0,6,0,0,0,0,1,1,5,2,21,5,-1,-1,-1,-1,3,1,E01025866,0
Unvalidated,2024231462111,2024,231462111,2,9,0,18,4,8,0,8,0,0,0,0,1,1,5,2,38,7,-1,-1,-1,-1,8,1,E01027008,0
Unvalidated,2024231462127,2024,231462127,1,9,0,9,8,4,0,6,0,0,1,0,3,1,5,2,72,10,-1,-1,-1,-1,2,1,E01008939,0
Unvalidated,2024231462127,2024,231462127,2,9,0,17,7,4,0,8,0,0,1,0,4,1,5,1,61,9,-1,-1,-1,-1,7,3,E01031213,0
Unvalidated,2024231462164,2024,231462164,1,9,0,4,3,7,0,0,1,0,0,0,2,1,5,1,61,9,-1,-1,-1,-1,8,1,E01026237,0
Unvalidated,2024231462164,2024,231462164,2,98,1,18,3,7,0,0,1,0,0,0,1,1,1,1,29,6,-1,-1,-1,-1,1,1,E01032903,0
Unvalidated,2024231462226,2024,231462226,1,9,0,18,5,8,0,0,0,0,7,0,1,1,5,1,58,9,-1,-1,-1,-1,6,2,E01022880,0
Unvalidated,2024231462226,2024,231462226,2,9,0,18,2,5,0,0,0,0,0,0,1,1,5,1,51,8,-1,-1,-1,-1,10,1,E01022706,0
Unvalidated,2024231462232,2024,231462232,1,9,0,13,7,3,0,8,0,0,0,0,1,1,6,2,23,5,-1,-1,-1,-1,8,1,E01031162,0
Unvalidated,2024231462232,2024,231462232,2,9,0,7,5,7,0,6,0,0,1,0,1,1,6,2,17,4,-1,-1,-1,-1,7,3,E01031166,0
Unvalidated,2024231462232,2024,231462232,3,9,0,18,7,3,0,8,0,0,0,0,4,1,6,1,48,8,-1,-1,-1,-1,2,1,E01009517,0
Unvalidated,2024231462259,2024,231462259,1,9,0,9,7,5,0,5,0,0,0,0,4,1,5,1,32,6,-1,-1,-1,-1,8,1,E01009686,0
Unvalidated,2024231462259,2024,231462259,2,1,0,18,4,7,0,8,0,0,0,0,1,1,5,2,38,7,-1,-1,-1,-1,5,1,E01031327,0
Unvalidated,2024231462277,2024,231462277,1,9,0,18,7,3,0,8,0,0,0,0,1,1,5,1,17,4,-1,-1,-1,-1,6,1,E01031049,0
Unvalidated,2024231462277,2024,231462277,2,9,0,18,3,7,0,8,0,0,0,0,1,1,5,2,33,6,-1,-1,-1,-1,3,2,E01031077,0
Unvalidated,2024231462281,2024,231462281,1,9,0,1,3,7,0,0,0,0,0,0,2,1,6,1,41,7,-1,-1,-1,-1,4,1,E01031127,0
Unvalidated,2024231462297,2024,231462297,1,9,0,1,6,2,0,6,0,0,0,0,2,1,6,1,25,5,-1,-1,-1,-1,-1,-1,-1,0
Unvalidated,2024231462297,2024,231462297,2,9,0,3,8,4,0,8,0,0,0,0,3,1,6,1,33,6,-1,-1,-1,-1,2,1,E01031075,0
Unvalidated,2024231462322,2024,231462322,1,9,0,4,5,1,0,0,1,0,0,0,1,1,5,1,53,8,-1,-1,-1,-1,1,1,E01013640,0
Unvalidated,2024231462322,2024,231462322,2,9,0,3,5,1,0,0,0,0,0,0,2,1,2,1,45,7,-1,-1,-1,-1,2,1,E01009997,0
Unvalidated,2024231462322,2024,231462322,3,20,0,3,5,1,0,0,0,0,1,0,3,1,2,1,25,5,-1,-1,-1,-1,9,2,E01025661,0
Unvalidated,2024231462322,2024,231462322,4,9,0,3,5,1,0,0,0,0,0,0,2,1,5,1,52,8,-1,-1,-1,-1,9,1,E01016769,0
Unvalidated,2024231462336,2024,231462336,1,9,0,9,1,7,0,5,0,0,0,0,4,1,6,1,71,10,-1,-1,-1,-1,4,3,E01031165,0
Unvalidated,2024231462336,2024,231462336,2,9,0,18,5,1,0,8,0,0,0,0,1,1,6,1,74,10,-1,-1,-1,-1,9,1,E01008616,0
Unvalidated,2024231462540,2024,231462540,1,9,0,13,8,4,0,8,0,0,1,9,3,1,2,2,32,6,-1,-1,-1,-1,4,1,E01031052,0
Unvalidated,2024231462540,2024,231462540,2,9,0,9,2,8,0,6,0,0,0,0,1,1,5,1,70,10,-1,-1,-1,-1,8,1,E01031070,0
Unvalidated,2024231462582,2024,231462582,1,9,0,9,1,7,0,5,0,0,0,0,1,1,2,2,30,6,-1,-1,-1,-1,10,1,E01031232,0
Unvalidated,2024231462582,2024,231462582,2,5,0,18,5,1,0,8,0,0,0,0,3,1,6,1,54,8,-1,-1,-1,-1,8,1,E01033255,0
Unvalidated,2024231462613,2024,231462613,1,5,0,18,6,2,0,8,0,0,0,0,1,1,6,1,37,7,-1,-1,-1,-1,4,1,E01025953,0
Unvalidated,2024231462638,2024,231462638,1,17,4,18,3,7,0,1,0,0,0,0,1,1,6,3,40,7,-1,-1,-1,-1,-1,-1,-1,0
Unvalidated,2024231462638,2024,231462638,2,9,0,2,0,0,0,1,0,0,0,0,4,1,3,2,36,7,-1,-1,-1,-1,7,3,E01031212,0
Unvalidated,2024231462654,2024,231462654,1,5,0,13,4,8,0,8,1,0,0,0,4,1,6,1,63,9,-1,-1,-1,-1,9,1,E01027014,0
Unvalidated,2024231462654,2024,231462654,2,9,0,9,8,4,0,5,0,0,0,0,1,1,6,1,30,6,-1,-1,-1,-1,9,2,E01031200,0
Unvalidated,2024231462693,2024,231462693,1,9,0,18,8,4,0,6,5,0,7,4,3,1,6,2,23,5,-1,-1,-1,-1,2,1,E01027246,0
Unvalidated,2024231462693,2024,231462693,2,19,0,18,6,2,0,8,1,0,0,0,1,1,6,1,50,8,-1,-1,-1,-1,8,2,E01026653,0
Unvalidated,2024231462743,2024,231462743,1,9,0,6,2,2,0,0,0,0,0,0,3,1,6,1,61,9,-1,-1,-1,-1,8,3,E01031208,0
Unvalidated,2024231462743,2024,231462743,2,5,0,13,2,6,0,0,1,0,0,0,4,1,6,1,64,9,-1,-1,-1,-1,4,1,E01032301,0
Unvalidated,2024231462907,2024,231462907,1,9,0,18,2,6,0,8,0,0,7,10,1,1,6,1,77,11,-1,-1,-1,-1,3,1,E01031321,0
Unvalidated,2024231462921,2024,231462921,1,9,0,2,0,0,0,0,0,0,0,0,1,1,5,1,84,11,-1,-1,-1,-1,7,1,E01031286,0
Unvalidated,2024231462921,2024,231462921,2,9,0,18,8,4,0,0,0,4,0,0,1,1,5,1,87,11,-1,-1,-1,-1,6,3,E01031283,0
Unvalidated,2024231462940,2024,231462940,1,9,0,10,1,7,0,0,0,0,0,0,9,1,6,1,64,9,-1,-1,-1,-1,6,1,E01010133,0
Unvalidated,2024231462942,2024,231462942,1,9,0,13,8,4,0,0,0,0,0,0,4,1,5,1,55,8,-1,-1,-1,-1,7,1,E01031137,0
Unvalidated,2024231462942,2024,231462942,2,5,0,11,8,4,0,0,1,0,0,0,3,1,5,1,30,6,-1,-1,-1,-1,9,2,E01031220,0
Unvalidated,2024231462993,2024,231462993,1,9,0,18,1,3,0,0,0,0,0,0,1,1,6,2,20,4,-1,-1,-1,-1,4,1,E01031170,0
Unvalidated,2024231462993,2024,231462993,2,9,0,18,3,1,0,0,0,0,0,0,1,1,6,1,18,4,-1,-1,-1,-1,10,1,E01031155,0
Unvalidated,2024231463123,2024,231463123,1,9,0,9,8,6,0,6,0,0,0,0,1,1,1,1,42,7,-1,-1,-1,-1,1,1,E01009539,0
Unvalidated,2024231463123,2024,231463123,2,9,0,18,2,6,0,8,0,0,0,0,1,1,5,1,70,10,-1,-1,-1,-1,8,1,E01018403,0
Unvalidated,2024231463760,2024,231463760,1,19,0,18,6,2,0,0,0,0,0,0,1,1,5,1,54,8,-1,-1,-1,-1,3,1,E01011327,0
Unvalidated,2024231463832,2024,231463832,1,9,0,18,5,1,0,0,0,0,0,0,1,1,6,1,32,6,-1,-1,-1,-1,4,1,E01031115,0
Unvalidated,2024231463853,2024,231463853,1,9,0,16,1,4,0,0,0,0,0,0,1,1,5,1,21,5,-1,-1,-1,-1,2,1,E01031092,0
Unvalidated,2024231463853,2024,231463853,2,9,0,17,4,1,0,0,0,0,0,0,1,1,5,2,17,4,-1,-1,-1,-1,4,1,E01031045,0
Unvalidated,2024231463853,2024,231463853,3,9,0,2,0,0,0,0,0,0,0,0,2,1,6,2,19,4,-1,-1,-1,-1,9,1,E01031082,0
Unvalidated,2024231463876,2024,231463876,1,5,0,16,3,7,0,0,0,0,7,0,1,1,5,2,26,6,-1,-1,-1,-1,9,1,E01031161,0
Unvalidated,2024231463876,2024,231463876,2,9,0,17,7,3,0,0,0,0,0,0,1,1,5,1,38,7,-1,-1,-1,-1,10,1,E01031157,0
Unvalidated,2024231463912,2024,231463912,1,9,0,11,2,6,0,0,1,0,1,6,2,1,5,2,50,8,-1,-1,-1,-1,2,1,E01032262,0
Unvalidated,2024231463912,2024,231463912,2,9,0,18,2,6,0,0,0,0,1,0,1,1,6,1,29,6,-1,-1,-1,-1,7,1,E01032237,0
Unvalidated,2024231464726,2024,231464726,1,9,0,9,2,7,0,5,0,0,0,0,1,1,5,2,31,6,-1,-1,-1,-1,7,1,E01023116,0
Unvalidated,2024231464726,2024,231464726,2,5,0,18,6,2,0,8,0,0,0,0,1,1,5,1,40,7,-1,-1,-1,-1,6,1,E01025735,0
Unvalidated,2024231466004,2024,231466004,1,9,0,18,8,4,0,8,0,0,0,0,1,1,3,2,44,7,-1,-1,-1,-1,-1,-1,-1,0
Unvalidated,2024231466004,2024,231466004,2,9,0,18,4,8,0,8,0,0,0,0,1,1,3,2,65,9,-1,-1,-1,-1,4,1,E01031109,0
Unvalidated,2024231466050,2024,231466050,1,9,0,18,2,7,0,8,0,0,0,0,3,1,5,1,18,4,-1,-1,-1,-1,4,1,E01031073,0
Unvalidated,2024231469172,2024,231469172,1,9,0,10,7,5,0,5,0,0,0,0,2,1,6,1,45,7,-1,-1,-1,-1,4,1,E01031060,0
Unvalidated,2024231469172,2024,231469172,2,9,0,4,7,3,0,1,0,0,0,0,2,1,6,2,58,9,-1,-1,-1,-1,9,1,E01031082,0
Unvalidated,2024231469172,2024,231469172,3,9,0,4,7,3,0,1,0,0,0,0,1,1,6,1,38,7,-1,-1,-1,-1,3,1,E01031081,0
Unvalidated,2024231469367,2024,231469367,1,9,0,13,5,1,0,0,2,0,7,9,0,1,6,2,38,7,-1,-1,-1,-1,7,1,E01028509,0
Unvalidated,2024231469610,2024,231469610,1,9,0,18,6,3,0,1,0,0,0,0,1,1,6,1,77,11,-1,-1,-1,-1,6,1,E01031145,0
Unvalidated,2024231469610,2024,231469610,2,9,0,4,6,3,0,1,0,0,0,0,2,1,5,1,75,10,-1,-1,-1,-1,8,1,E01031180,0
Unvalidated,2024231470771,2024,231470771,1,9,0,18,2,6,0,0,1,0,0,0,1,1,5,1,36,7,-1,-1,-1,-1,7,1,E01031324,0
Unvalidated,2024231470771,2024,231470771,2,9,0,18,6,2,0,0,1,0,0,0,1,1,5,1,46,8,-1,-1,-1,-1,6,1,E01027236,0
Unvalidated,2024231471591,2024,231471591,1,9,0,18,8,3,0,8,0,0,0,0,1,1,5,2,22,5,-1,-1,-1,-1,7,1,E01031055,0
Unvalidated,2024231471591,2024,231471591,2,9,0,18,2,4,0,6,0,0,0,0,1,1,5,2,76,11,-1,-1,-1,-1,4,3,E01031027,0
Unvalidated,2024231472263,2024,231472263,1,9,0,7,4,7,0,4,0,7,3,11,2,1,5,1,23,5,-1,-1,-1,-1,9,3,E01032894,0
Unvalidated,2024231473508,2024,231473508,1,9,0,18,4,8,0,0,2,0,7,6,4,1,6,1,21,5,-1,-1,-1,-1,10,1,E01031773,0
Unvalidated,2024231473508,2024,231473508,2,9,0,12,4,8,0,0,0,0,0,0,2,1,6,1,45,7,-1,-1,-1,-1,2,1,E01010068,0
Unvalidated,2024231473694,2024,231473694,1,9,0,18,6,2,0,0,1,0,1,0,4,1,6,1,25,5,-1,-1,-1,-1,9,2,E01022212,0
Unvalidated,2024231473737,2024,231473737,1,9,0,17,7,4,0,0,1,0,1,11,1,1,5,2,58,9,-1,-1,-1,-1,7,1,E01031013,0
Unvalidated,2024231477304,2024,231477304,1,19,0,18,4,8,0,0,1,0,1,7,4,1,1,1,59,9,-1,-1,-1,-1,2,1,E01000080,0
Unvalidated,2024231477724,2024,231477724,1,9,0,9,5,3,0,6,0,0,0,0,1,1,6,2,55,8,-1,-1,-1,-1,8,1,E01031029,0
Unvalidated,2024231477724,2024,231477724,2,9,0,18,6,3,0,8,0,0,0,0,2,1,1,1,53,8,-1,-1,-1,-1,1,1,E01031090,0
Unvalidated,2024231479057,2024,231479057,1,9,0,18,3,7,0,0,0,0,0,0,1,1,2,2,71,10,-1,-1,-1,-1,3,1,E01008936,0
Unvalidated,2024231479057,2024,231479057,2,9,0,18,7,3,0,0,0,0,7,7,1,1,2,1,43,7,-1,-1,-1,-1,4,1,E01013607,0
Unvalidated,2024231480376,2024,231480376,1,9,0,18,2,5,0,1,1,0,7,4,1,1,1,1,31,6,-1,-1,-1,-1,5,1,E01031309,0
Unvalidated,2024231489500,2024,231489500,1,5,0,17,4,1,0,0,1,10,1,11,1,1,5,1,48,8,-1,-1,-1,-1,6,1,E01009717,0
Unvalidated,2024231489500,2024,231489500,2,9,0,16,1,4,0,0,0,0,0,0,0,1,6,3,45,7,-1,-1,-1,-1,-1,-1,-1,0
Unvalidated,2024231489544,2024,231489544,1,9,0,6,2,2,0,0,0,0,0,0,3,1,1,1,27,6,-1,-1,-1,-1,8,1,E01031272,0
Unvalidated,2024231489544,2024,231489544,2,4,0,16,6,2,0,0,0,0,0,0,1,1,5,1,56,9,-1,-1,-1,-1,9,2,E01031220,0
Unvalidated,2024231492840,2024,231492840,1,9,0,18,3,7,0,8,0,0,0,0,3,1,6,2,40,7,-1,-1,-1,-1,-1,-1,-1,0
Unvalidated,2024231492840,2024,231492840,2,9,0,18,7,3,0,8,0,0,0,0,1,1,6,1,70,10,-1,-1,-1,-1,2,1,E01031097,0
Unvalidated,2024231501356,2024,231501356,1,9,0,4,3,5,0,0,0,0,0,0,2,1,6,1,25,5,-1,-1,-1,-1,3,1,E01029850,0
Unvalidated,2024231501356,2024,231501356,2,19,0,18,3,5,0,0,0,0,0,0,1,1,6,3,35,6,-1,-1,-1,-1,-1,-1,-1,0
Unvalidated,2024302400002,2024,302400002,1,9,0,18,2,6,0,0,1,0,8,11,1,1,6,1,31,6,-1,-1,-1,-1,8,1,E01019781,0
Unvalidated,2024302400011,2024,302400011,1,9,0,9,2,1,0,8,0,0,0,0,1,1,6,2,56,9,-1,-1,-1,-1,3,1,E01019420,0
Unvalidated,2024302400011,2024,302400011,2,1,0,18,6,2,0,8,0,0,0,0,3,1,1,1,37,7,-1,-1,-1,-1,3,1,E01013453,0
Unvalidated,2024302400012,2024,302400012,1,9,0,18,3,7,0,2,0,0,0,0,1,1,6,3,-1,-1,-1,-1,-1,-1,5,1,E01019456,0
Unvalidated,2024302400016,2024,302400016,1,9,0,18,8,4,0,1,0,0,0,0,3,1,1,1,42,7,-1,-1,-1,-1,3,1,E01019577,0
Unvalidated,2024302400016,2024,302400016,2,11,0,2,0,0,0,2,0,0,0,0,0,1,1,3,-1,-1,-1,-1,-1,-1,-1,-1,-1,0
Unvalidated,2024302400018,2024,302400018,1,9,0,16,2,4,0,1,0,0,0,0,3,1,6,3,-1,-1,-1,-1,-1,-1,5,1,E01019456,0
Unvalidated,2024302400019,2024,302400019,1,19,0,18,5,1,0,0,1,0,5,6,3,1,6,1,44,7,-1,-1,-1,-1,8,1,E01007661,0
Unvalidated,2024302400020,2024,302400020,1,9,0,13,1,5,0,0,2,0,7,11,1,1,6,1,20,4,-1,-1,-1,-1,6,3,E01016254,0
Unvalidated,2024302400020,2024,302400020,2,9,0,18,1,5,0,0,0,0,0,0,0,1,6,3,-1,-1,-1,-1,-1,-1,5,1,E01019456,0
Unvalidated,2024302400021,2024,302400021,1,9,0,9,6,3,0,1,0,0,0,0,1,2,6,1,51,8,-1,-1,-1,-1,8,3,E01019755,0