status,collision_index,collision_year,collision_reference,vehicle_reference,vehicle_type,towing_and_articulation,vehicle_manoeuvre,vehicle_direction_from,vehicle_direction_to,vehicle_location_restricted_lane,junction_location,skidding_and_overturning,hit_object_in_carriageway,vehicle_leaving_carriageway,hit_object_off_carriageway,first_point_of_impact,vehicle_left_hand_drive,journey_purpose_of_driver,sex_of_driver,age_of_driver,age_band_of_driver,engine_capacity_cc,propulsion_code,age_of_vehicle,generic_make_model,driver_imd_decile,driver_home_area_type,lsoa_of_driver,escooter_flag
Unvalidated,2024302400022,2024,302400022,1,9,0,7,6,2,0,3,1,0,1,0,1,1,6,1,20,4,-1,-1,-1,-1,3,1,E01027931,0
Unvalidated,2024302400023,2024,302400023,1,4,0,17,8,5,0,8,0,0,0,0,1,1,6,1,24,5,-1,-1,-1,-1,2,1,E01019581,0
Unvalidated,2024302400023,2024,302400023,2,9,0,5,4,8,0,4,0,0,0,0,3,1,6,1,-1,-1,-1,-1,-1,-1,4,1,E01007879,0
Unvalidated,2024302400024,2024,302400024,1,9,0,9,1,3,0,1,0,0,0,0,4,1,6,1,28,6,-1,-1,-1,-1,2,2,E01019505,0
Unvalidated,2024302400025,2024,302400025,1,9,0,18,1,5,0,0,0,0,0,0,4,1,6,3,-1,-1,-1,-1,-1,-1,5,1,E01019456,0
Unvalidated,2024302400026,2024,302400026,1,1,0,18,2,6,0,1,0,0,0,0,1,1,6,2,53,8,-1,-1,-1,-1,5,1,E01019623,0
Unvalidated,2024302400026,2024,302400026,2,9,0,9,6,4,0,5,0,0,0,0,1,1,2,1,-1,-1,-1,-1,-1,-1,-1,-1,-1,0
Unvalidated,2024302400027,2024,302400027,1,9,0,18,6,2,0,8,0,0,0,0,4,1,6,1,30,6,-1,-1,-1,-1,4,1,E01013525,0
Unvalidated,2024302400027,2024,302400027,2,9,0,13,6,2,0,8,0,0,7,11,3,1,2,1,45,7,-1,-1,-1,-1,-1,-1,-1,0
Unvalidated,2024302400028,2024,302400028,1,9,0,9,5,7,0,8,0,0,0,0,4,1,1,2,22,5,-1,-1,-1,-1,4,2,E01019813,0
Unvalidated,2024302400028,2024,302400028,2,1,0,18,1,5,0,8,0,0,0,0,1,1,2,1,45,7,-1,-1,-1,-1,7,3,E01019477,0
Unvalidated,2024302400029,2024,302400029,1,9,0,7,1,3,0,0,0,0,0,0,1,1,6,1,31,6,-1,-1,-1,-1,4,1,E01019715,0
Unvalidated,2024302400031,2024,302400031,1,9,0,18,2,6,0,0,0,0,0,0,1,1,6,3,-1,-1,-1,-1,-1,-1,5,1,E01019456,0
Unvalidated,2024302400032,2024,302400032,1,9,0,18,1,5,0,2,0,0,0,0,1,1,2,1,53,8,-1,-1,-1,-1,9,3,E01005908,0
Unvalidated,2024302400032,2024,302400032,2,9,0,18,3,5,0,2,0,0,0,0,1,1,2,2,54,8,-1,-1,-1,-1,6,1,E01006048,0
Unvalidated,2024302400033,2024,302400033,1,9,0,18,2,6,0,0,0,0,0,0,1,1,6,2,26,6,-1,-1,-1,-1,5,1,E01013545,0
Unvalidated,2024302400033,2024,302400033,2,9,0,18,6,2,0,0,0,0,0,0,1,1,6,1,31,6,-1,-1,-1,-1,-1,-1,-1,0
Unvalidated,2024302400034,2024,302400034,1,9,0,3,8,4,0,0,0,0,0,0,2,1,1,1,25,5,-1,-1,-1,-1,10,1,E01007824,0
Unvalidated,2024302400034,2024,302400034,2,9,0,12,8,4,0,0,0,0,0,0,1,1,6,2,56,9,-1,-1,-1,-1,5,3,E01019827,0
Unvalidated,2024302400035,2024,302400035,1,9,0,9,2,1,0,8,0,0,0,0,4,1,1,1,21,5,-1,-1,-1,-1,5,1,E01019883,0
Unvalidated,2024302400035,2024,302400035,2,4,0,18,6,2,0,8,1,0,0,0,1,1,1,1,40,7,-1,-1,-1,-1,6,1,E01019878,0
Unvalidated,2024302400036,2024,302400036,1,9,0,9,5,2,0,8,0,0,0,0,1,1,6,2,47,8,-1,-1,-1,-1,1,1,E01013480,0
Unvalidated,2024302400038,2024,302400038,1,9,0,6,2,2,0,1,0,0,0,0,1,1,6,3,-1,-1,-1,-1,-1,-1,5,1,E01019456,0
Unvalidated,2024302400039,2024,302400039,1,4,0,9,2,8,0,2,0,0,0,0,3,1,6,2,21,5,-1,-1,-1,-1,3,1,E01013510,0
Unvalidated,2024302400039,2024,302400039,2,1,0,18,8,4,0,1,0,0,0,0,1,1,6,1,56,9,-1,-1,-1,-1,7,1,E01019422,0
Unvalidated,2024302400040,2024,302400040,2,9,0,18,7,3,0,8,0,0,0,0,4,1,6,2,23,5,-1,-1,-1,-1,10,1,E01013574,0
Unvalidated,2024302400041,2024,302400041,1,9,0,4,4,8,0,0,0,4,0,0,1,1,6,2,22,5,-1,-1,-1,-1,2,1,E01019483,0
Unvalidated,2024302400041,2024,302400041,2,17,0,2,0,0,0,0,0,0,0,0,2,1,6,3,-1,-1,-1,-1,-1,-1,-1,-1,-1,0
Unvalidated,2024302400042,2024,302400042,1,11,0,16,8,4,0,0,0,0,0,0,3,1,1,1,59,9,-1,-1,-1,-1,7,1,E01019419,0
Unvalidated,2024302400042,2024,302400042,2,90,0,17,4,8,0,0,0,0,0,0,3,1,1,2,-1,-1,-1,-1,-1,-1,-1,-1,-1,0
Unvalidated,2024302400043,2024,302400043,1,19,0,18,1,5,0,0,0,0,7,10,1,1,6,1,74,10,-1,-1,-1,-1,3,1,E01019508,0
Unvalidated,2024302400043,2024,302400043,2,20,0,18,5,1,0,0,0,0,1,10,1,1,1,1,54,8,-1,-1,-1,-1,9,1,E01019558,0
Unvalidated,2024302400045,2024,302400045,1,9,0,18,4,8,0,2,0,0,1,1,1,1,6,1,31,6,-1,-1,-1,-1,3,2,E01019797,0
Unvalidated,2024302400046,2024,302400046,1,9,0,17,6,3,0,0,1,0,1,9,1,1,1,1,32,6,-1,-1,-1,-1,2,2,E01028029,0
Unvalidated,2024302400049,2024,302400049,1,9,0,4,7,3,0,0,0,0,0,0,1,1,6,2,22,5,-1,-1,-1,-1,3,1,E01019810,0
Unvalidated,2024302400050,2024,302400050,1,4,0,18,2,4,0,1,0,0,0,0,1,1,6,1,34,6,-1,-1,-1,-1,4,1,E01013460,0
Unvalidated,2024302400050,2024,302400050,2,9,0,5,2,4,0,1,0,0,0,0,2,1,6,1,25,5,-1,-1,-1,-1,-1,-1,-1,0
Unvalidated,2024302400051,2024,302400051,1,19,0,18,1,5,0,0,0,0,0,0,3,1,1,1,30,6,-1,-1,-1,-1,-1,-1,-1,0
Unvalidated,2024302400051,2024,302400051,2,9,0,2,0,0,0,0,0,0,0,0,3,1,6,3,-1,-1,-1,-1,-1,-1,-1,-1,-1,0
Unvalidated,2024302400052,2024,302400052,1,9,0,11,8,4,0,0,0,0,0,0,3,1,6,1,25,5,-1,-1,-1,-1,-1,2,-1,0
Unvalidated,2024302400052,2024,302400052,2,19,0,3,8,4,0,0,0,0,0,0,4,1,1,1,33,6,-1,-1,-1,-1,1,1,E01013485,0
Unvalidated,2024302400052,2024,302400052,3,21,0,12,8,4,0,0,0,0,0,0,3,1,1,1,53,8,-1,-1,-1,-1,3,1,E01005567,0
Unvalidated,2024302400053,2024,302400053,1,9,0,16,2,7,0,0,2,0,7,9,1,1,2,2,60,9,-1,-1,-1,-1,3,1,E01019858,0
Unvalidated,2024302400055,2024,302400055,1,9,0,18,2,6,0,2,0,0,0,0,1,1,6,3,-1,-1,-1,-1,-1,-1,5,1,E01019456,0
Unvalidated,2024302400055,2024,302400055,2,1,0,18,2,6,0,2,0,0,1,0,2,1,6,1,42,7,-1,-1,-1,-1,1,1,E01013568,0
Unvalidated,2024302400057,2024,302400057,1,9,0,4,1,5,0,1,0,0,0,0,2,1,6,3,-1,-1,-1,-1,-1,-1,5,1,E01019456,0
Unvalidated,2024302400057,2024,302400057,2,3,0,18,1,5,0,1,0,0,0,0,1,1,6,3,-1,-1,-1,-1,-1,-1,-1,-1,-1,0
Unvalidated,2024302400058,2024,302400058,1,19,0,1,8,4,0,0,0,0,0,0,2,1,6,1,41,7,-1,-1,-1,-1,2,1,E01019761,0
Unvalidated,2024302400059,2024,302400059,1,19,0,18,8,4,0,0,0,0,0,0,4,1,6,3,-1,-1,-1,-1,-1,-1,5,1,E01019456,0
Unvalidated,2024302400060,2024,302400060,1,11,0,9,6,4,0,8,0,0,0,0,1,1,1,1,57,9,-1,-1,-1,-1,2,1,E01019646,0
Unvalidated,2024302400061,2024,302400061,1,9,0,18,1,4,0,1,0,0,0,0,1,1,6,1,20,4,-1,-1,-1,-1,6,1,E01013541,0
Unvalidated,2024302400061,2024,302400061,2,9,0,3,1,4,0,1,0,0,0,0,2,1,6,2,43,7,-1,-1,-1,-1,10,2,E01033532,0
Unvalidated,2024302400062,2024,302400062,1,9,0,18,2,6,0,0,0,0,0,0,1,1,6,3,-1,-1,-1,-1,-1,-1,5,1,E01019456,0
Unvalidated,2024302400062,2024,302400062,2,1,0,18,6,2,9,0,0,0,0,0,1,1,6,2,12,3,-1,-1,-1,-1,3,1,E01019692,0
Unvalidated,2024302400063,2024,302400063,1,9,0,4,7,3,0,2,0,0,0,0,1,1,6,1,80,11,-1,-1,-1,-1,9,1,-1,0
Unvalidated,2024302400063,2024,302400063,2,9,0,9,3,5,0,8,0,0,0,0,0,1,6,3,-1,-1,-1,-1,-1,-1,5,1,E01019456,0
Unvalidated,2024302400063,2024,302400063,3,19,4,2,0,0,0,8,0,0,0,0,2,1,6,1,38,7,-1,-1,-1,-1,3,1,E01019484,0
Unvalidated,2024302400064,2024,302400064,1,9,0,9,2,8,0,1,0,0,0,0,1,1,6,2,38,7,-1,-1,-1,-1,1,1,E01013456,0
Unvalidated,2024302400064,2024,302400064,2,90,0,16,8,2,0,2,0,0,0,0,1,1,6,1,34,6,-1,-1,-1,-1,1,1,E01013456,1
Unvalidated,2024302400065,2024,302400065,1,9,0,5,7,3,0,8,0,0,0,0,3,1,6,2,40,7,-1,-1,-1,-1,9,1,E01019879,0
Unvalidated,2024302400065,2024,302400065,2,9,0,14,5,1,0,1,0,0,7,0,1,1,6,1,20,4,-1,-1,-1,-1,3,1,E01029408,0
Unvalidated,2024302400065,2024,302400065,3,9,0,9,1,7,0,5,0,0,0,0,0,1,6,3,-1,-1,-1,-1,-1,-1,5,1,E01019456,0
Unvalidated,2024302400066,2024,302400066,1,9,0,17,2,4,0,8,0,0,0,0,1,1,6,1,64,9,-1,-1,-1,-1,2,2,E01019505,0
Unvalidated,2024302400066,2024,302400066,2,1,0,17,2,6,0,8,0,0,0,0,2,1,2,1,53,8,-1,-1,-1,-1,5,1,E01019512,0
Unvalidated,2024302400067,2024,302400067,1,9,0,18,5,1,0,1,0,0,0,0,1,1,6,3,-1,-1,-1,-1,-1,-1,5,1,E01019456,0
Unvalidated,2024302400068,2024,302400068,1,9,0,18,2,6,0,2,0,0,0,0,3,1,6,3,-1,-1,-1,-1,-1,-1,5,1,E01019456,0
Unvalidated,2024302400068,2024,302400068,2,1,0,18,6,2,0,1,1,0,0,0,3,1,6,1,62,9,-1,-1,-1,-1,8,1,E01013469,0
Unvalidated,2024302400069,2024,302400069,1,90,0,7,8,2,0,8,0,0,0,0,0,1,6,1,17,4,-1,-1,-1,-1,7,1,E01019472,1
Unvalidated,2024302400070,2024,302400070,1,9,0,18,2,6,0,0,0,0,0,0,4,1,6,3,-1,-1,-1,-1,-1,-1,5,1,E01019456,0
Unvalidated,2024302400073,2024,302400073,1,9,0,16,4,8,0,0,1,0,0,0,3,1,6,1,40,7,-1,-1,-1,-1,9,1,E01019474,0
Unvalidated,2024302400073,2024,302400073,2,9,0,17,8,4,0,0,0,0,0,0,3,1,6,1,65,9,-1,-1,-1,-1,6,3,E01019482,0
Unvalidated,2024302400074,2024,302400074,1,9,0,18,2,6,9,8,0,0,0,0,1,1,6,2,60,9,-1,-1,-1,-1,6,3,E01019798,0
Unvalidated,2024302400075,2024,302400075,1,9,0,3,2,6,0,1,0,0,0,0,2,1,6,2,38,7,-1,-1,-1,-1,5,1,E01019402,0
Unvalidated,2024302400075,2024,302400075,2,9,0,3,2,6,0,1,0,0,0,0,2,1,6,2,30,6,-1,-1,-1,-1,3,1,E01019420,0
Unvalidated,2024302400075,2024,302400075,3,9,0,3,2,6,0,1,0,0,0,0,2,2,6,1,19,4,-1,-1,-1,-1,8,1,E01019454,0
Unvalidated,2024302400075,2024,302400075,4,9,0,3,2,6,0,1,0,0,0,0,2,1,6,2,40,7,-1,-1,-1,-1,3,1,E01013553,0
Unvalidated,2024302400076,2024,302400076,1,19,0,3,5,1,0,1,0,0,0,0,2,1,1,1,30,6,-1,-1,-1,-1,2,1,E01028147,0
Unvalidated,2024302400076,2024,302400076,2,4,0,18,5,1,0,1,0,0,0,0,1,1,6,1,35,6,-1,-1,-1,-1,5,1,E01019432,0
Unvalidated,2024302400078,2024,302400078,1,3,0,18,2,6,0,0,0,0,4,6,4,1,6,1,18,4,-1,-1,-1,-1,9,1,E01029469,0
Unvalidated,2024302400078,2024,302400078,2,19,0,12,2,6,0,0,0,0,0,0,3,1,6,1,36,7,-1,-1,-1,-1,4,1,E01010259,0
Unvalidated,2024302400079,2024,302400079,1,9,0,18,6,2,0,0,0,0,0,0,3,1,6,1,21,5,-1,-1,-1,-1,8,3,E01019834,0
Unvalidated,2024302400079,2024,302400079,2,9,0,18,6,2,0,0,0,0,0,0,0,1,6,3,-1,-1,-1,-1,-1,-1,5,1,E01019456,0
Unvalidated,2024302400079,2024,302400079,3,9,0,18,2,6,0,0,0,0,0,0,1,1,6,1,30,6,-1,-1,-1,-1,6,1,E01013476,0
Unvalidated,2024302400079,2024,302400079,4,9,0,18,2,6,0,0,0,0,0,0,3,1,6,1,24,5,-1,-1,-1,-1,7,3,E01029467,0
Unvalidated,2024302400080,2024,302400080,1,3,0,18,8,4,0,0,0,0,0,0,3,1,6,1,17,4,-1,-1,-1,-1,6,1,E01010785,0
Unvalidated,2024302400081,2024,302400081,1,9,0,18,3,7,0,0,1,0,1,4,1,1,6,1,31,6,-1,-1,-1,-1,2,1,E01029450,0
Unvalidated,2024302400086,2024,302400086,1,9,0,16,1,4,0,8,0,0,0,0,1,1,6,1,54,8,-1,-1,-1,-1,5,3,E01028893,0
Unvalidated,2024302400086,2024,302400086,2,9,0,17,4,1,0,8,0,0,0,0,1,1,6,2,33,6,-1,-1,-1,-1,8,2,E01019602,0
Unvalidated,2024302400087,2024,302400087,1,9,0,18,2,6,0,1,0,0,0,0,1,1,6,1,22,5,-1,-1,-1,-1,6,1,E01013541,0
Unvalidated,2024302400087,2024,302400087,2,9,0,8,2,4,0,1,0,0,0,0,2,1,6,2,53,8,-1,-1,-1,-1,2,1,E01013502,0
Unvalidated,2024302400089,2024,302400089,1,8,0,7,6,1,0,5,0,0,0,0,1,1,6,3,-1,-1,-1,-1,-1,-1,5,1,E01019456,0
Unvalidated,2024302400089,2024,302400089,2,1,0,18,6,2,0,8,0,0,0,0,2,1,6,1,54,8,-1,-1,-1,-1,2,1,E01013538,0
Unvalidated,2024302400090,2024,302400090,1,9,0,18,2,6,0,0,0,0,0,0,1,1,2,2,44,7,-1,-1,-1,-1,7,3,E01019634,0
Unvalidated,2024302400091,2024,302400091,1,9,0,17,7,5,0,1,0,0,0,0,1,1,6,3,-1,-1,-1,-1,-1,-1,5,1,E01019456,0
Unvalidated,2024302400091,2024,302400091,2,1,0,18,5,1,0,1,0,0,0,0,2,1,4,1,15,3,-1,-1,-1,-1,1,1,E01013570,0
Unvalidated,2024302400092,2024,302400092,1,9,0,13,8,4,0,0,0,0,0,0,4,1,6,1,30,6,-1,-1,-1,-1,1,1,E01013568,0
Unvalidated,2024302400092,2024,302400092,2,9,0,18,4,8,0,0,0,0,0,0,1,1,6,1,24,5,-1,-1,-1,-1,7,2,E01025926,0
Unvalidated,2024302400093,2024,302400093,1,9,0,18,2,6,0,0,0,0,1,0,1,1,6,2,81,11,-1,-1,-1,-1,1,1,E01013536,0
Unvalidated,2024302400093,2024,302400093,2,9,0,4,2,6,0,0,0,0,0,0,2,1,6,1,54,8,-1,-1,-1,-1,7,3,E01009450,0
Unvalidated,2024302400094,2024,302400094,1,19,0,10,6,4,0,1,0,0,0,0,2,1,1,1,51,8,-1,-1,-1,-1,7,3,E01019612,0
Unvalidated,2024302400094,2024,302400094,2,21,1,14,6,2,0,1,0,0,0,0,1,1,1,1,25,5,-1,-1,-1,-1,8,1,E01029444,0
Unvalidated,2024302400095,2024,302400095,1,9,0,9,1,6,0,2,0,0,0,0,3,1,6,1,21,5,-1,-1,-1,-1,10,1,E01013576,0
Unvalidated,2024302400098,2024,302400098,1,97,0,18,8,4,0,1,0,0,0,0,1,1,6,1,17,4,-1,-1,-1,-1,1,1,E01013550,0
Unvalidated,2024302400098,2024,302400098,2,19,0,9,4,8,0,1,0,0,0,0,1,1,6,1,41,7,-1,-1,-1,-1,2,1,E01013512,0
Unvalidated,2024302400099,2024,302400099,1,19,0,18,7,3,0,0,0,0,0,0,1,1,1,1,58,9,-1,-1,-1,-1,6,1,E01007471,0
Unvalidated,2024302400099,2024,302400099,2,9,0,18,7,3,0,0,0,0,0,0,2,1,6,1,30,6,-1,-1,-1,-1,1,1,E01013485,0
Unvalidated,2024302400100,2024,302400100,1,9,0,18,7,4,0,8,0,0,0,0,4,1,6,1,44,7,-1,-1,-1,-1,9,2,E01019853,0
Unvalidated,2024302400100,2024,302400100,2,9,0,9,1,7,0,8,0,0,0,0,1,1,6,1,26,6,-1,-1,-1,-1,1,1,E01013533,0
Unvalidated,2024302400101,2024,302400101,1,9,0,17,2,8,0,0,1,11,1,10,1,1,6,2,27,6,-1,-1,-1,-1,6,2,E01019815,0
Unvalidated,2024302400102,2024,302400102,1,9,0,17,6,2,0,1,1,0,7,1,1,1,6,1,18,4,-1,-1,-1,-1,10,2,E01019880,0
Unvalidated,2024302400103,2024,302400103,1,9,0,6,6,6,0,8,0,0,0,0,3,1,6,1,33,6,-1,-1,-1,-1,3,1,E01019577,0
Unvalidated,2024302400103,2024,302400103,2,3,0,18,6,2,0,8,0,0,0,0,1,1,6,1,20,4,-1,-1,-1,-1,1,1,E01019578,0
Unvalidated,2024302400104,2024,302400104,1,9,0,18,8,4,0,0,0,0,0,0,1,1,2,1,28,6,-1,-1,-1,-1,1,1,E01013486,0
Unvalidated,2024302400104,2024,302400104,2,9,0,18,8,4,0,0,0,0,0,0,2,1,6,2,44,7,-1,-1,-1,-1,2,1,E01013477,0
Unvalidated,2024302400104,2024,302400104,3,9,0,18,8,4,0,0,0,0,0,0,2,1,6,2,35,6,-1,-1,-1,-1,2,1,E01013565,0
Unvalidated,2024302400105,2024,302400105,1,9,0,18,6,2,0,0,0,0,0,0,2,1,6,2,58,9,-1,-1,-1,-1,7,1,E01027990,0
Unvalidated,2024302400105,2024,302400105,2,9,0,18,6,2,0,0,0,0,0,0,1,1,6,2,34,6,-1,-1,-1,-1,4,1,E01019499,0
Unvalidated,2024302400106,2024,302400106,1,9,0,5,5,4,0,2,0,0,0,0,1,1,6,2,63,9,-1,-1,-1,-1,4,1,E01019544,0
Unvalidated,2024302400106,2024,302400106,2,9,0,18,4,8,0,8,0,0,0,0,1,1,6,2,48,8,-1,-1,-1,-1,10,1,E01028123,0
Unvalidated,2024302400106,2024,302400106,3,9,0,18,8,4,0,8,0,0,0,0,1,2,6,2,62,9,-1,-1,-1,-1,3,1,E01006719,0
Unvalidated,2024302400108,2024,302400108,1,9,0,5,8,4,0,1,0,0,0,0,1,1,6,2,42,7,-1,-1,-1,-1,10,2,E01019640,0
Unvalidated,2024302400108,2024,302400108,2,90,0,18,2,6,9,8,0,0,0,0,3,1,6,2,34,6,-1,-1,-1,-1,2,1,E01019672,1
Unvalidated,2024302400109,2024,302400109,1,9,0,9,1,7,0,5,0,0,0,0,1,1,3,2,29,6,-1,-1,-1,-1,-1,-1,-1,0
Unvalidated,2024302400110,2024,302400110,1,9,0,16,4,8,0,0,5,0,8,1,1,1,6,1,31,6,-1,-1,-1,-1,1,1,E01005186,0
Unvalidated,2024302400111,2024,302400111,1,9,0,9,7,5,0,5,0,0,0,0,1,1,6,2,59,9,-1,-1,-1,-1,5,1,E01019642,0
Unvalidated,2024302400111,2024,302400111,2,3,0,18,3,7,0,1,0,0,1,0,1,1,2,2,30,6,-1,-1,-1,-1,6,1,E01013928,0
Unvalidated,2024302400112,2024,302400112,1,9,0,18,3,7,0,0,2,0,1,4,3,1,6,1,35,6,-1,-1,-1,-1,2,1,E01012534,0
Unvalidated,2024302400115,2024,302400115,1,9,0,18,3,7,0,0,0,0,0,0,4,1,6,3,-1,-1,-1,-1,-1,-1,5,1,E01019456,0
Unvalidated,2024302400115,2024,302400115,2,90,0,18,3,7,0,0,0,0,0,0,3,1,6,1,13,3,-1,-1,-1,-1,3,1,E01013513,1
Unvalidated,2024302400116,2024,302400116,1,9,0,13,6,2,0,1,0,0,0,0,1,1,6,2,77,11,-1,-1,-1,-1,9,2,E01019853,0
Unvalidated,2024302400116,2024,302400116,2,9,0,9,6,4,0,5,0,0,0,0,3,1,6,2,49,8,-1,-1,-1,-1,8,3,E01019834,0
Unvalidated,2024302400118,2024,302400118,1,19,0,9,4,2,0,8,0,0,0,0,4,1,1,1,23,5,-1,-1,-1,-1,1,1,E01013566,0
Unvalidated,2024302400118,2024,302400118,2,9,0,16,6,2,0,2,0,0,0,0,1,1,6,1,78,11,-1,-1,-1,-1,7,1,E01019671,0
Unvalidated,2024302400119,2024,302400119,1,9,0,18,7,3,0,0,0,0,7,11,1,1,6,1,35,6,-1,-1,-1,-1,7,3,E01019771,0
Unvalidated,2024302400120,2024,302400120,1,9,0,16,8,3,0,0,1,0,8,4,1,1,2,1,20,4,-1,-1,-1,-1,5,3,E01019613,0
Unvalidated,2024302400122,2024,302400122,1,9,0,5,4,8,0,1,0,0,0,0,1,1,6,1,58,9,-1,-1,-1,-1,7,3,E01019472,0
Unvalidated,2024302400122,2024,302400122,2,9,0,5,4,8,0,1,0,0,0,0,2,1,6,2,32,6,-1,-1,-1,-1,10,3,E01019881,0
Unvalidated,2024302400124,2024,302400124,1,11,0,17,5,1,0,0,0,0,1,11,1,1,1,1,27,6,-1,-1,-1,-1,4,3,E01019822,0
Unvalidated,2024302400126,2024,302400126,1,9,0,9,7,5,0,6,0,0,0,0,1,1,6,1,69,10,-1,-1,-1,-1,8,3,E01019423,0
Unvalidated,2024302400126,2024,302400126,2,4,0,18,5,1,0,1,0,0,0,0,4,1,2,1,24,5,-1,-1,-1,-1,4,1,E01019773,0
Unvalidated,2024302400127,2024,302400127,1,9,0,18,3,7,0,8,0,0,0,0,1,1,6,3,-1,-1,-1,-1,-1,-1,5,1,E01019456,0
Unvalidated,2024302400128,2024,302400128,1,9,0,18,5,1,0,0,0,6,0,0,1,1,6,1,57,9,-1,-1,-1,-1,4,3,E01026259,0
Unvalidated,2024302400130,2024,302400130,1,9,0,17,4,8,0,2,0,0,0,0,1,1,6,1,70,10,-1,-1,-1,-1,8,3,E01019766,0
Unvalidated,2024302400131,2024,302400131,1,9,0,4,6,1,0,8,0,0,0,0,2,1,2,2,26,6,-1,-1,-1,-1,-1,-1,-1,0
Unvalidated,2024302400131,2024,302400131,2,9,0,18,6,1,0,8,0,0,0,0,1,1,2,2,38,7,-1,-1,-1,-1,5,1,E01013595,0
Unvalidated,2024302400132,2024,302400132,1,9,0,9,2,8,0,2,0,0,0,0,1,1,2,1,30,6,-1,-1,-1,-1,8,1,E01019517,0
Unvalidated,2024302400134,2024,302400134,1,19,0,12,5,1,0,0,0,0,0,0,3,1,1,1,42,7,-1,-1,-1,-1,1,2,E01007378,0
Unvalidated,2024302400134,2024,302400134,2,19,0,18,5,1,0,0,0,0,0,0,4,1,1,1,44,7,-1,-1,-1,-1,10,2,E01025872,0
Unvalidated,2024302400135,2024,302400135,1,9,0,1,3,1,0,6,0,0,1,0,2,1,3,2,-1,-1,-1,-1,-1,-1,7,3,E01019701,0
Unvalidated,2024302400135,2024,302400135,2,19,0,18,5,1,0,1,0,0,1,0,2,1,1,1,35,6,-1,-1,-1,-1,3,1,E01013513,0
Unvalidated,2024302400136,2024,302400136,1,3,0,18,2,6,0,1,0,0,0,0,1,1,6,1,38,7,-1,-1,-1,-1,3,1,E01027954,0
Unvalidated,2024302400136,2024,302400136,2,9,0,9,4,2,0,6,0,0,0,0,3,1,6,1,47,8,-1,-1,-1,-1,2,2,E01019523,0
Unvalidated,2024302400137,2024,302400137,1,19,0,9,4,7,0,1,0,0,0,0,3,1,6,3,-1,-1,-1,-1,-1,-1,-1,-1,-1,0
Unvalidated,2024302400137,2024,302400137,2,5,0,14,4,8,0,1,0,0,0,0,1,1,6,1,46,8,-1,-1,-1,-1,5,3,E01018654,0
Unvalidated,2024302400138,2024,302400138,1,9,0,7,4,8,0,6,0,0,0,0,1,1,6,1,59,9,-1,-1,-1,-1,4,1,E01013458,0
Unvalidated,2024302400138,2024,302400138,2,90,0,18,8,4,0,8,0,0,0,0,1,1,6,2,12,3,-1,-1,-1,-1,1,1,E01013583,1
Unvalidated,2024302400141,2024,302400141,1,9,0,18,5,1,0,8,0,0,0,0,1,1,6,1,32,6,-1,-1,-1,-1,9,1,E01025917,0
Unvalidated,2024302400141,2024,302400141,2,9,0,5,6,5,0,8,0,0,0,0,3,1,6,1,77,11,-1,-1,-1,-1,7,3,E01025952,0
Unvalidated,2024302400142,2024,302400142,1,9,0,17,7,5,0,0,0,0,2,11,1,1,6,2,29,6,-1,-1,-1,-1,3,2,E01028297,0
Unvalidated,2024302400143,2024,302400143,1,9,0,18,4,8,0,2,0,0,0,0,3,1,6,2,57,9,-1,-1,-1,-1,3,2,E01019496,0
Unvalidated,2024302400143,2024,302400143,2,19,0,9,2,8,0,2,0,0,0,0,1,1,2,1,48,8,-1,-1,-1,-1,5,2,E01019791,0
Unvalidated,2024302400144,2024,302400144,1,9,0,7,8,2,0,1,0,0,0,0,1,1,6,3,-1,-1,-1,-1,-1,-1,5,1,E01019456,0
Unvalidated,2024302400144,2024,302400144,2,1,0,18,6,2,0,1,0,0,0,0,4,1,6,1,37,7,-1,-1,-1,-1,2,1,E01013502,0
Unvalidated,2024302400146,2024,302400146,1,9,0,18,3,7,0,0,0,0,0,0,3,1,1,2,32,6,-1,-1,-1,-1,4,1,E01013525,0
Unvalidated,2024302400146,2024,302400146,2,9,0,2,0,0,0,0,0,0,0,0,3,1,6,3,-1,-1,-1,-1,-1,-1,-1,-1,-1,0
Unvalidated,2024302400148,2024,302400148,1,9,0,18,8,4,0,0,0,0,0,0,3,1,6,2,20,4,-1,-1,-1,-1,3,3,E01019818,0
Unvalidated,2024302400148,2024,302400148,2,9,0,18,4,8,0,0,0,0,0,0,3,1,6,3,-1,-1,-1,-1,-1,-1,5,1,E01019456,0
Unvalidated,2024302400149,2024,302400149,1,9,0,18,5,1,0,0,0,0,0,0,4,1,1,2,48,8,-1,-1,-1,-1,5,1,E01009418,0
Unvalidated,2024302400150,2024,302400150,1,9,0,18,5,1,0,1,0,0,0,0,4,1,6,2,64,9,-1,-1,-1,-1,-1,-1,-1,0
Unvalidated,2024302400151,2024,302400151,1,19,0,12,5,1,0,0,0,0,0,0,1,1,1,1,29,6,-1,-1,-1,-1,1,1,E01011130,0
Unvalidated,2024302400151,2024,302400151,2,21,0,18,5,1,0,0,0,0,0,0,2,1,1,1,67,10,-1,-1,-1,-1,3,1,E01007357,0
Unvalidated,2024302400152,2024,302400152,1,9,0,14,6,2,0,1,0,0,0,0,3,1,6,2,29,6,-1,-1,-1,-1,3,1,E01019552,0