status,collision_index,collision_year,collision_reference,vehicle_reference,vehicle_type,towing_and_articulation,vehicle_manoeuvre,vehicle_direction_from,vehicle_direction_to,vehicle_location_restricted_lane,junction_location,skidding_and_overturning,hit_object_in_carriageway,vehicle_leaving_carriageway,hit_object_off_carriageway,first_point_of_impact,vehicle_left_hand_drive,journey_purpose_of_driver,sex_of_driver,age_of_driver,age_band_of_driver,engine_capacity_cc,propulsion_code,age_of_vehicle,generic_make_model,driver_imd_decile,driver_home_area_type,lsoa_of_driver,escooter_flag
Unvalidated,2024302400154,2024,302400154,1,9,0,18,8,4,0,0,0,0,0,0,1,1,6,1,22,5,-1,-1,-1,-1,10,2,E01019829,0
Unvalidated,2024302400154,2024,302400154,2,9,0,18,4,8,0,0,1,0,1,0,1,1,6,1,82,11,-1,-1,-1,-1,5,3,E01019613,0
Unvalidated,2024302400156,2024,302400156,1,3,0,17,2,8,0,0,1,0,1,2,1,1,6,1,18,4,-1,-1,-1,-1,2,2,E01019549,0
Unvalidated,2024302400157,2024,302400157,1,9,0,12,1,5,0,0,5,0,6,7,3,1,6,1,32,6,-1,-1,-1,-1,2,1,E01013843,0
Unvalidated,2024302400157,2024,302400157,2,9,0,18,5,1,0,0,0,0,0,0,1,1,6,2,61,9,-1,-1,-1,-1,10,1,E01013465,0
Unvalidated,2024302400157,2024,302400157,3,19,0,18,5,1,0,0,0,0,0,0,1,1,1,1,56,9,-1,-1,-1,-1,8,1,E01019414,0
Unvalidated,2024302400158,2024,302400158,1,9,0,18,7,3,0,0,1,0,1,0,1,2,6,2,19,4,-1,-1,-1,-1,2,1,E01023758,0
Unvalidated,2024302400158,2024,302400158,2,9,0,18,7,3,0,0,0,0,0,0,2,1,6,2,67,10,-1,-1,-1,-1,7,3,E01019843,0
Unvalidated,2024302400158,2024,302400158,3,21,1,2,0,0,6,0,0,0,0,0,3,1,1,1,70,10,-1,-1,-1,-1,5,3,E01026648,0
Unvalidated,2024302400159,2024,302400159,1,9,0,4,7,3,0,1,0,0,0,0,3,1,6,2,51,8,-1,-1,-1,-1,8,3,E01025923,0
Unvalidated,2024302400159,2024,302400159,2,9,0,7,5,7,0,3,0,0,0,0,1,1,6,2,51,8,-1,-1,-1,-1,3,1,E01013474,0
Unvalidated,2024302400160,2024,302400160,1,9,0,18,2,6,0,0,0,11,0,0,1,2,2,1,58,9,-1,-1,-1,-1,6,1,E01019545,0
Unvalidated,2024302400161,2024,302400161,1,9,0,18,7,3,0,1,0,0,0,0,1,1,6,3,-1,-1,-1,-1,-1,-1,5,1,E01019456,0
Unvalidated,2024302400161,2024,302400161,2,11,0,2,0,0,0,2,0,0,0,0,0,1,1,3,-1,-1,-1,-1,-1,-1,5,1,E01019456,0
Unvalidated,2024302400162,2024,302400162,1,9,0,18,6,2,0,8,0,0,0,0,3,1,6,2,43,7,-1,-1,-1,-1,4,1,E01019773,0
Unvalidated,2024302400162,2024,302400162,2,9,0,18,4,8,0,6,0,0,0,0,1,1,6,1,54,8,-1,-1,-1,-1,4,2,E01019813,0
Unvalidated,2024302400163,2024,302400163,1,9,0,18,2,6,0,8,0,0,0,0,1,1,6,1,39,7,-1,-1,-1,-1,1,1,E01013481,0
Unvalidated,2024302400163,2024,302400163,2,9,0,18,4,8,0,8,0,0,0,0,3,1,6,2,20,4,-1,-1,-1,-1,3,1,E01013508,0
Unvalidated,2024302400166,2024,302400166,1,9,0,16,4,8,0,1,2,0,8,10,1,1,6,1,18,4,-1,-1,-1,-1,5,1,E01019740,0
Unvalidated,2024302400167,2024,302400167,1,19,0,9,5,3,9,8,0,0,7,0,1,1,6,1,29,6,-1,-1,-1,-1,7,3,E01029473,0
Unvalidated,2024302400169,2024,302400169,1,9,0,5,7,5,0,1,0,0,0,0,1,1,6,2,23,5,-1,-1,-1,-1,6,3,E01019819,0
Unvalidated,2024302400169,2024,302400169,2,9,0,4,7,5,0,1,0,0,0,0,2,1,2,2,35,6,-1,-1,-1,-1,-1,3,-1,0
Unvalidated,2024302400172,2024,302400172,1,9,0,14,4,8,0,1,0,0,0,0,1,1,3,1,46,8,-1,-1,-1,-1,1,1,E01013567,0
Unvalidated,2024302400173,2024,302400173,1,9,0,17,2,8,0,4,0,0,0,0,3,1,3,1,48,8,-1,-1,-1,-1,8,1,E01004944,0
Unvalidated,2024302400173,2024,302400173,2,5,0,13,2,8,0,1,0,0,1,0,1,1,2,1,46,8,-1,-1,-1,-1,8,1,E01019781,0
Unvalidated,2024302400174,2024,302400174,1,9,0,6,1,1,0,0,0,0,0,0,1,1,6,1,53,8,-1,-1,-1,-1,8,3,E01028348,0
Unvalidated,2024302400174,2024,302400174,2,5,0,18,1,5,0,0,0,0,0,0,1,1,2,1,18,4,-1,-1,-1,-1,1,1,E01013583,0
Unvalidated,2024302400175,2024,302400175,1,4,0,16,7,2,0,8,0,0,0,0,1,1,6,1,20,4,-1,-1,-1,-1,7,1,E01028125,0
Unvalidated,2024302400176,2024,302400176,1,19,0,9,6,4,0,1,0,0,0,0,2,1,1,1,69,10,-1,-1,-1,-1,5,1,E01019723,0
Unvalidated,2024302400176,2024,302400176,2,21,1,17,6,2,0,1,0,0,0,0,1,1,1,1,57,9,-1,-1,-1,-1,7,1,E01019716,0
Unvalidated,2024302400177,2024,302400177,1,9,0,1,2,8,0,8,0,4,0,0,2,1,1,1,21,5,-1,-1,-1,-1,4,1,E01005150,0
Unvalidated,2024302400177,2024,302400177,2,9,0,2,0,0,0,1,0,0,0,0,3,1,6,3,-1,-1,-1,-1,-1,-1,-1,-1,-1,0
Unvalidated,2024302400178,2024,302400178,1,9,0,7,5,1,0,8,0,0,0,0,1,1,6,3,-1,-1,-1,-1,-1,-1,5,1,E01019456,0
Unvalidated,2024302400178,2024,302400178,2,1,0,18,5,1,0,8,1,0,0,0,3,1,6,1,74,10,-1,-1,-1,-1,9,1,E01019696,0
Unvalidated,2024302400179,2024,302400179,1,9,4,5,7,3,0,0,0,0,0,0,2,1,1,1,54,8,-1,-1,-1,-1,8,2,E01019868,0
Unvalidated,2024302400183,2024,302400183,1,9,0,18,6,2,0,0,0,0,7,10,1,1,6,1,41,7,-1,-1,-1,-1,1,1,E01009571,0
Unvalidated,2024302400185,2024,302400185,1,5,0,18,8,4,0,1,0,0,0,0,1,1,6,1,30,6,-1,-1,-1,-1,3,1,E01013510,0
Unvalidated,2024302400185,2024,302400185,2,9,0,9,6,4,0,1,0,0,0,0,4,1,1,2,44,7,-1,-1,-1,-1,-1,-1,-1,0
Unvalidated,2024302400186,2024,302400186,1,9,0,18,8,4,0,8,0,0,0,0,1,1,6,1,34,6,-1,-1,-1,-1,9,1,E01019683,0
Unvalidated,2024302400186,2024,302400186,2,9,0,18,2,6,0,8,5,0,1,11,1,1,6,1,56,9,-1,-1,-1,-1,5,2,E01019598,0
Unvalidated,2024302400187,2024,302400187,1,9,0,10,5,3,0,5,0,0,7,0,2,1,6,1,18,4,-1,-1,-1,-1,7,1,E01007867,0
Unvalidated,2024302400187,2024,302400187,2,9,0,18,5,1,0,8,0,0,0,0,1,1,6,1,40,7,-1,-1,-1,-1,3,1,E01019776,0
Unvalidated,2024302400188,2024,302400188,1,19,0,9,8,7,0,8,0,0,0,0,3,1,6,1,54,8,-1,-1,-1,-1,8,1,E01019725,0
Unvalidated,2024302400188,2024,302400188,2,5,0,18,4,8,0,8,0,0,0,0,0,1,6,1,46,8,-1,-1,-1,-1,5,3,E01018654,0
Unvalidated,2024302400189,2024,302400189,1,9,0,18,8,4,0,0,0,0,0,0,1,1,6,1,81,11,-1,-1,-1,-1,8,3,E01019630,0
Unvalidated,2024302400189,2024,302400189,2,9,0,14,8,4,0,0,0,0,0,0,2,1,4,2,58,9,-1,-1,-1,-1,-1,-1,-1,0
Unvalidated,2024302400189,2024,302400189,3,19,0,2,0,0,0,0,0,0,0,0,0,1,6,3,-1,-1,-1,-1,-1,-1,-1,-1,-1,0
Unvalidated,2024302400190,2024,302400190,1,9,0,9,2,6,0,0,0,0,0,0,1,1,6,3,-1,-1,-1,-1,-1,-1,8,3,E01029688,0
Unvalidated,2024302400190,2024,302400190,2,9,0,18,6,2,0,0,0,0,0,0,4,1,6,2,20,4,-1,-1,-1,-1,6,2,E01019480,0
Unvalidated,2024302400192,2024,302400192,1,9,0,5,7,1,0,6,0,0,0,0,3,1,6,1,30,6,-1,-1,-1,-1,3,2,E01019807,0
Unvalidated,2024302400192,2024,302400192,2,1,0,18,3,7,0,8,0,0,0,0,1,1,6,1,39,7,-1,-1,-1,-1,5,2,E01019494,0
Unvalidated,2024302400193,2024,302400193,1,9,0,11,4,8,0,1,0,0,0,0,0,1,6,3,-1,-1,-1,-1,-1,-1,5,1,E01019456,0
Unvalidated,2024302400193,2024,302400193,2,9,0,4,4,8,0,1,0,0,0,0,2,1,6,2,28,6,-1,-1,-1,-1,7,1,E01019695,0
Unvalidated,2024302400193,2024,302400193,3,9,0,4,4,8,0,1,0,0,0,0,2,1,2,2,36,7,-1,-1,-1,-1,8,1,E01013593,0
Unvalidated,2024302400193,2024,302400193,4,9,0,4,4,8,0,1,0,0,0,0,1,1,6,2,28,6,-1,-1,-1,-1,10,1,E01013466,0
Unvalidated,2024302400194,2024,302400194,1,9,0,18,2,6,0,8,0,0,0,0,1,1,6,2,72,10,-1,-1,-1,-1,5,1,E01019837,0
Unvalidated,2024302400194,2024,302400194,2,9,0,9,6,4,0,6,0,0,0,0,1,1,6,2,18,4,-1,-1,-1,-1,2,1,E01019842,0
Unvalidated,2024302400195,2024,302400195,1,11,0,18,8,4,0,0,0,0,7,11,3,1,1,1,66,10,-1,-1,-1,-1,3,1,E01019552,0
Unvalidated,2024302400195,2024,302400195,2,9,0,18,4,8,0,0,0,0,0,0,3,1,6,2,50,8,-1,-1,-1,-1,6,2,E01019617,0
Unvalidated,2024302400196,2024,302400196,1,19,0,18,6,2,9,2,0,0,0,0,2,2,6,3,-1,-1,-1,-1,-1,-1,5,1,E01019456,0
Unvalidated,2024302400197,2024,302400197,1,9,0,9,4,2,0,2,0,0,0,0,1,1,6,2,74,10,-1,-1,-1,-1,5,1,E01019438,0
Unvalidated,2024302400199,2024,302400199,1,9,0,9,8,5,0,5,0,0,0,0,4,1,6,2,32,6,-1,-1,-1,-1,-1,1,-1,0
Unvalidated,2024302400199,2024,302400199,2,5,0,18,4,8,0,1,0,0,0,0,1,1,6,1,22,5,-1,-1,-1,-1,3,1,E01019687,0
Unvalidated,2024302400200,2024,302400200,1,11,0,18,1,5,0,4,0,0,0,0,0,1,1,1,42,7,-1,-1,-1,-1,5,1,E01019440,0
Unvalidated,2024302400201,2024,302400201,1,19,0,18,2,6,0,1,0,0,0,0,1,1,1,1,49,8,-1,-1,-1,-1,4,1,E01013501,0
Unvalidated,2024302400202,2024,302400202,1,9,0,18,4,8,0,0,0,0,0,0,1,1,6,2,25,5,-1,-1,-1,-1,7,3,E01019713,0
Unvalidated,2024302400202,2024,302400202,2,9,0,3,4,8,0,0,0,0,0,0,2,1,6,1,58,9,-1,-1,-1,-1,9,1,E01019762,0
Unvalidated,2024302400203,2024,302400203,1,4,0,18,8,4,0,8,0,0,0,0,2,1,6,1,31,6,-1,-1,-1,-1,8,1,E01019707,0
Unvalidated,2024302400203,2024,302400203,2,9,0,18,8,4,0,8,0,0,0,0,1,1,2,1,21,5,-1,-1,-1,-1,1,1,E01012284,0
Unvalidated,2024302400206,2024,302400206,1,9,0,18,8,4,0,1,0,0,0,0,1,1,6,1,41,7,-1,-1,-1,-1,2,1,E01013502,0
Unvalidated,2024302400206,2024,302400206,2,9,0,10,8,5,0,1,0,0,0,0,2,1,6,1,41,7,-1,-1,-1,-1,1,1,E01013566,0
Unvalidated,2024302400210,2024,302400210,1,9,0,7,7,2,0,8,0,0,0,0,3,1,6,2,52,8,-1,-1,-1,-1,3,1,E01019777,0
Unvalidated,2024302400210,2024,302400210,2,21,0,17,6,3,0,8,0,0,0,0,4,1,6,1,59,9,-1,-1,-1,-1,-1,-1,-1,0
Unvalidated,2024302400211,2024,302400211,1,9,0,4,5,1,0,0,0,0,0,0,2,1,6,2,35,6,-1,-1,-1,-1,4,1,E01019724,0
Unvalidated,2024302400211,2024,302400211,2,17,0,4,5,1,0,0,0,0,0,0,1,1,1,1,72,10,-1,-1,-1,-1,5,1,E01019723,0
Unvalidated,2024302400212,2024,302400212,1,19,0,18,4,8,0,0,0,0,0,0,3,1,6,1,69,10,-1,-1,-1,-1,-1,-1,-1,0
Unvalidated,2024302400212,2024,302400212,2,1,0,18,8,4,0,0,0,0,0,0,3,1,6,1,65,9,-1,-1,-1,-1,6,1,E01027962,0
Unvalidated,2024302400213,2024,302400213,1,9,0,4,4,8,0,0,0,0,1,0,2,1,6,1,57,9,-1,-1,-1,-1,8,1,E01019722,0
Unvalidated,2024302400213,2024,302400213,2,21,0,4,4,8,0,0,1,0,0,0,1,1,1,1,62,9,-1,-1,-1,-1,2,1,E01019565,0
Unvalidated,2024302400214,2024,302400214,1,9,0,18,3,7,0,8,0,0,0,0,1,1,6,3,-1,-1,-1,-1,-1,-1,5,1,E01019456,0
Unvalidated,2024302400215,2024,302400215,1,9,0,18,4,8,0,0,0,0,0,0,0,1,6,1,18,4,-1,-1,-1,-1,4,2,E01019481,0
Unvalidated,2024302400215,2024,302400215,2,3,0,13,4,8,0,0,0,0,8,10,3,1,6,1,18,4,-1,-1,-1,-1,4,1,E01019417,0
Unvalidated,2024302400216,2024,302400216,1,9,0,18,4,8,6,0,0,0,7,4,1,1,6,2,44,7,-1,-1,-1,-1,5,3,E01019613,0
Unvalidated,2024302400216,2024,302400216,2,21,0,18,8,4,0,0,0,0,1,4,1,1,6,1,44,7,-1,-1,-1,-1,8,3,E01019755,0
Unvalidated,2024302400217,2024,302400217,1,9,0,18,4,8,0,8,0,0,0,0,1,1,6,2,59,9,-1,-1,-1,-1,5,1,E01019470,0
Unvalidated,2024302400217,2024,302400217,2,9,0,18,1,5,0,8,0,0,0,0,4,1,6,2,29,6,-1,-1,-1,-1,8,3,E01019423,0
Unvalidated,2024302400217,2024,302400217,3,9,0,18,8,4,0,8,0,0,0,0,1,1,1,1,31,6,-1,-1,-1,-1,8,1,E01019609,0
Unvalidated,2024302400218,2024,302400218,1,9,0,18,2,6,0,0,0,0,0,0,1,1,6,2,30,6,-1,-1,-1,-1,1,1,E01033167,0
Unvalidated,2024302400218,2024,302400218,2,9,0,18,2,6,0,0,0,0,0,0,2,1,6,1,59,9,-1,-1,-1,-1,8,1,E01019476,0
Unvalidated,2024302400218,2024,302400218,3,19,0,2,0,0,0,0,0,0,0,0,0,1,6,3,-1,-1,-1,-1,-1,-1,-1,-1,-1,0
Unvalidated,2024302400219,2024,302400219,1,9,0,4,6,2,0,0,0,0,0,0,1,1,6,1,75,10,-1,-1,-1,-1,8,3,E01019834,0
Unvalidated,2024302400219,2024,302400219,2,22,0,18,2,6,0,0,0,0,0,0,3,1,6,2,49,8,-1,-1,-1,-1,2,1,E01013521,0
Unvalidated,2024302400220,2024,302400220,1,9,0,18,2,6,0,0,0,0,0,0,1,1,6,1,70,10,-1,-1,-1,-1,4,1,E01019715,0
Unvalidated,2024302400220,2024,302400220,2,9,0,18,6,2,0,0,0,0,0,0,1,1,2,1,28,6,-1,-1,-1,-1,7,2,E01019765,0
Unvalidated,2024302400221,2024,302400221,1,3,0,16,5,7,0,0,0,0,1,0,1,1,2,1,26,6,-1,-1,-1,-1,6,3,E01019866,0
Unvalidated,2024302400222,2024,302400222,1,17,0,9,3,5,0,8,0,0,0,0,1,1,1,1,-1,-1,-1,-1,-1,-1,10,2,E01019427,0
Unvalidated,2024302400222,2024,302400222,2,9,0,18,7,3,0,8,0,0,0,0,3,1,6,2,44,7,-1,-1,-1,-1,1,1,E01008022,0
Unvalidated,2024302400223,2024,302400223,1,9,0,16,6,1,0,0,5,0,0,0,1,1,3,1,51,8,-1,-1,-1,-1,4,1,E01019823,0
Unvalidated,2024302400224,2024,302400224,1,9,0,18,5,1,0,8,0,0,0,0,4,1,6,2,60,9,-1,-1,-1,-1,3,1,E01013455,0
Unvalidated,2024302400225,2024,302400225,1,9,0,7,6,8,0,6,0,0,1,2,3,1,6,1,30,6,-1,-1,-1,-1,8,3,E01026193,0
Unvalidated,2024302400225,2024,302400225,2,9,0,18,4,8,0,1,0,0,1,10,1,1,6,1,49,8,-1,-1,-1,-1,3,1,E01013455,0
Unvalidated,2024302400226,2024,302400226,1,9,0,13,2,6,0,0,0,0,0,0,1,1,1,1,42,7,-1,-1,-1,-1,7,1,E01029582,0
Unvalidated,2024302400226,2024,302400226,2,9,0,18,6,2,0,0,0,0,0,0,1,1,6,1,84,11,-1,-1,-1,-1,8,1,E01019725,0
Unvalidated,2024302400226,2024,302400226,3,17,4,18,2,6,0,0,0,0,0,0,1,1,1,3,-1,-1,-1,-1,-1,-1,5,1,E01019456,0
Unvalidated,2024302400227,2024,302400227,1,4,0,17,6,4,0,8,0,0,7,1,1,1,2,1,28,6,-1,-1,-1,-1,4,2,E01019492,0
Unvalidated,2024302400227,2024,302400227,2,9,0,7,1,4,0,6,0,0,0,0,1,1,2,1,29,6,-1,-1,-1,-1,9,1,E01028059,0
Unvalidated,2024302400229,2024,302400229,1,9,0,5,6,2,0,0,0,0,0,0,3,1,6,2,74,10,-1,-1,-1,-1,2,1,E01019580,0
Unvalidated,2024302400229,2024,302400229,2,9,0,3,2,6,0,0,0,0,0,0,3,1,6,2,43,7,-1,-1,-1,-1,2,1,E01019547,0
Unvalidated,2024302400230,2024,302400230,1,9,0,7,4,7,0,5,0,0,0,0,1,1,2,1,33,6,-1,-1,-1,-1,6,1,E01019674,0
Unvalidated,2024302400230,2024,302400230,2,1,0,18,8,4,0,8,0,0,0,0,1,1,1,1,15,3,-1,-1,-1,-1,2,1,E01019688,0
Unvalidated,2024302400231,2024,302400231,1,9,0,16,2,5,0,0,1,10,8,4,1,1,6,1,18,4,-1,-1,-1,-1,9,1,E01008041,0
Unvalidated,2024302400232,2024,302400232,1,9,0,9,7,6,0,8,0,0,0,0,1,1,6,2,24,5,-1,-1,-1,-1,7,3,E01019472,0
Unvalidated,2024302400232,2024,302400232,2,9,0,18,6,2,0,8,0,0,7,0,4,1,6,1,76,11,-1,-1,-1,-1,9,1,E01013596,0
Unvalidated,2024302400233,2024,302400233,1,9,0,18,8,4,0,0,0,0,8,11,1,1,6,2,73,10,-1,-1,-1,-1,4,1,E01019526,0
Unvalidated,2024302400235,2024,302400235,1,9,0,9,6,4,0,2,0,0,0,0,1,1,6,1,33,6,-1,-1,-1,-1,1,1,E01013566,0
Unvalidated,2024302400236,2024,302400236,1,9,0,9,6,4,0,6,0,0,0,0,1,1,1,2,23,5,-1,-1,-1,-1,1,1,E01019625,0
Unvalidated,2024302400236,2024,302400236,2,19,0,18,8,4,0,8,0,0,0,0,3,1,1,1,41,7,-1,-1,-1,-1,9,1,E01019624,0
Unvalidated,2024302400238,2024,302400238,1,19,0,4,6,2,0,1,0,0,0,0,1,1,6,3,-1,-1,-1,-1,-1,-1,5,1,E01019456,0
Unvalidated,2024302400238,2024,302400238,2,9,0,3,6,2,0,1,0,0,0,0,2,1,6,2,23,5,-1,-1,-1,-1,3,1,E01019661,0
Unvalidated,2024302400240,2024,302400240,1,9,0,18,2,6,0,0,0,0,0,0,1,1,1,1,43,7,-1,-1,-1,-1,5,1,E01019432,0
Unvalidated,2024302400241,2024,302400241,1,9,0,18,4,8,0,0,0,0,0,0,3,1,2,2,23,5,-1,-1,-1,-1,3,1,E01013554,0
Unvalidated,2024302400241,2024,302400241,2,9,0,18,2,6,1,0,1,0,1,1,3,1,6,1,44,7,-1,-1,-1,-1,10,1,E01019653,0
Unvalidated,2024302400242,2024,302400242,1,9,0,18,7,3,0,1,0,4,1,0,1,1,6,1,84,11,-1,-1,-1,-1,4,1,E01019773,0
Unvalidated,2024302400242,2024,302400242,2,9,0,2,0,0,0,1,0,0,0,0,2,1,6,3,-1,-1,-1,-1,-1,-1,-1,-1,-1,0
Unvalidated,2024302400243,2024,302400243,1,20,0,18,5,1,0,0,0,0,0,0,0,1,1,3,-1,-1,-1,-1,-1,-1,5,1,E01019456,0
Unvalidated,2024302400243,2024,302400243,2,8,0,4,5,1,0,0,0,11,0,0,4,1,1,1,23,5,-1,-1,-1,-1,2,1,E01019563,0
Unvalidated,2024302400243,2024,302400243,3,9,0,18,5,1,0,0,0,0,0,0,1,1,2,2,21,5,-1,-1,-1,-1,6,1,E01008770,0
Unvalidated,2024302400244,2024,302400244,1,11,0,4,2,6,0,2,0,0,0,0,0,1,1,2,60,9,-1,-1,-1,-1,2,1,E01019547,0
Unvalidated,2024302400245,2024,302400245,1,11,0,4,2,6,2,0,0,0,0,0,4,1,1,1,48,8,-1,-1,-1,-1,4,1,E01033171,0
Unvalidated,2024302400246,2024,302400246,1,19,0,4,1,5,0,0,0,0,0,0,1,1,2,1,38,7,-1,-1,-1,-1,6,1,E01019876,0
Unvalidated,2024302400246,2024,302400246,2,9,0,4,1,5,0,0,0,0,0,0,2,1,6,2,27,6,-1,-1,-1,-1,1,1,E01007714,0
Unvalidated,2024302400247,2024,302400247,1,9,0,18,2,5,0,0,0,0,7,9,1,1,6,1,76,11,-1,-1,-1,-1,7,2,E01019636,0
Unvalidated,2024302400248,2024,302400248,1,9,0,9,7,4,0,0,0,0,0,0,4,1,6,1,70,10,-1,-1,-1,-1,3,1,E01019468,0
Unvalidated,2024302400248,2024,302400248,2,5,0,18,1,5,0,0,0,0,1,2,1,1,2,1,19,4,-1,-1,-1,-1,4,1,E01027963,0
Unvalidated,2024302400249,2024,302400249,1,9,0,18,1,5,0,1,0,0,0,0,0,1,6,2,22,5,-1,-1,-1,-1,2,1,E01032898,0
Unvalidated,2024302400249,2024,302400249,2,9,0,18,1,5,0,1,0,0,0,0,0,1,6,2,23,5,-1,-1,-1,-1,2,1,E01019842,0
Unvalidated,2024302400250,2024,302400250,1,9,0,9,6,4,0,0,0,0,0,0,3,1,1,2,43,7,-1,-1,-1,-1,3,1,E01019687,0
Unvalidated,2024302400250,2024,302400250,2,3,0,18,6,2,0,0,1,0,0,0,1,1,6,3,-1,-1,-1,-1,-1,-1,-1,-1,-1,0
Unvalidated,2024302400251,2024,302400251,1,9,0,5,5,1,0,8,0,0,0,0,3,1,6,3,-1,-1,-1,-1,-1,-1,5,1,E01019456,0
Unvalidated,2024302400251,2024,302400251,2,1,0,14,5,1,0,8,0,0,0,0,4,1,6,1,19,4,-1,-1,-1,-1,3,1,E01019877,0
Unvalidated,2024302400253,2024,302400253,1,9,0,15,1,5,0,1,0,0,0,0,1,1,2,1,54,8,-1,-1,-1,-1,10,1,E01019756,0
Unvalidated,2024302400253,2024,302400253,2,9,0,1,8,6,0,8,0,4,0,0,3,1,6,2,54,8,-1,-1,-1,-1,6,1,E01019763,0
Unvalidated,2024302400253,2024,302400253,3,9,0,18,5,1,0,1,0,0,0,0,3,1,6,1,43,7,-1,-1,-1,-1,10,1,E01019756,0
Unvalidated,2024302400253,2024,302400253,4,19,0,2,0,0,0,1,0,0,0,0,0,1,6,3,-1,-1,-1,-1,-1,-1,-1,-1,-1,0
Unvalidated,2024302400253,2024,302400253,5,19,0,2,0,0,0,2,0,0,0,0,3,1,6,3,-1,-1,-1,-1,-1,-1,-1,-1,-1,0
Unvalidated,2024302400254,2024,302400254,1,9,0,18,8,4,0,8,0,0,0,0,1,1,2,1,53,8,-1,-1,-1,-1,3,1,E01019661,0
Unvalidated,2024302400254,2024,302400254,2,3,0,9,4,2,0,8,0,0,0,0,4,1,2,2,17,4,-1,-1,-1,-1,4,2,E01019450,0
Unvalidated,2024302400255,2024,302400255,1,9,0,15,1,5,0,1,0,0,0,0,4,1,6,2,29,6,-1,-1,-1,-1,3,1,E01019826,0
Unvalidated,2024302400257,2024,302400257,1,9,0,6,8,8,0,1,0,0,0,0,1,1,6,1,55,8,-1,-1,-1,-1,2,1,E01013597,0
Unvalidated,2024302400257,2024,302400257,2,2,0,18,8,4,0,2,0,0,0,0,1,1,6,1,16,4,-1,-1,-1,-1,7,1,E01019655,0
Unvalidated,2024302400259,2024,302400259,1,9,0,16,4,8,0,0,0,0,1,4,1,1,6,1,27,6,-1,-1,-1,-1,3,1,E01019810,0
Unvalidated,2024302400260,2024,302400260,1,9,0,18,1,5,0,1,1,0,1,11,1,1,6,2,41,7,-1,-1,-1,-1,4,1,E01019538,0
Unvalidated,2024302400261,2024,302400261,1,1,0,18,5,1,9,8,0,0,0,0,1,1,1,3,-1,-1,-1,-1,-1,-1,5,1,E01019456,0
Unvalidated,2024302400262,2024,302400262,1,9,0,18,6,2,0,0,0,0,2,4,1,1,6,2,24,5,-1,-1,-1,-1,9,1,E01009416,0
Unvalidated,2024302400263,2024,302400263,1,9,0,1,5,1,0,2,0,0,0,0,2,1,6,2,54,8,-1,-1,-1,-1,2,1,E01019688,0
Unvalidated,2024302400264,2024,302400264,1,3,0,18,7,3,0,8,0,0,0,0,1,1,2,1,31,6,-1,-1,-1,-1,4,3,E01019822,0
Unvalidated,2024302400264,2024,302400264,2,9,0,9,3,1,0,8,0,0,0,0,4,1,6,2,28,6,-1,-1,-1,-1,6,1,E01019821,0
Unvalidated,2024302400265,2024,302400265,1,9,0,17,2,7,0,8,0,0,0,0,1,1,6,1,88,11,-1,-1,-1,-1,10,3,E01019604,0
Unvalidated,2024302400266,2024,302400266,1,9,0,16,8,4,0,0,0,0,0,0,3,1,6,1,62,9,-1,-1,-1,-1,7,3,E01019718,0
Unvalidated,2024302400266,2024,302400266,2,21,0,17,4,8,0,0,0,0,0,0,3,1,1,1,51,8,-1,-1,-1,-1,2,1,E01005981,0
Unvalidated,2024302400267,2024,302400267,1,9,0,9,7,5,0,6,0,0,0,0,3,1,6,2,76,11,-1,-1,-1,-1,9,3,E01025809,0
Unvalidated,2024302400267,2024,302400267,2,3,0,18,5,1,0,1,0,0,0,0,1,1,6,1,28,6,-1,-1,-1,-1,3,1,E01019777,0
Unvalidated,2024302400268,2024,302400268,1,9,0,18,8,4,0,2,0,0,0,0,1,1,6,1,33,6,-1,-1,-1,-1,1,1,E01013480,0
Unvalidated,2024302400268,2024,302400268,2,9,0,9,4,2,0,1,0,0,0,0,1,1,6,1,54,8,-1,-1,-1,-1,1,1,E01019650,0
Unvalidated,2024302400269,2024,302400269,1,9,0,5,6,2,0,1,1,0,0,0,1,1,6,2,28,6,-1,-1,-1,-1,2,1,E01019547,0
Unvalidated,2024302400269,2024,302400269,2,9,0,18,5,1,0,1,0,0,0,0,3,1,6,2,31,6,-1,-1,-1,-1,3,1,E01033392,0
Unvalidated,2024302400270,2024,302400270,1,9,0,18,3,7,0,0,1,0,5,6,3,1,6,1,63,9,-1,-1,-1,-1,2,1,E01013858,0
Unvalidated,2024302400270,2024,302400270,2,9,0,18,3,7,0,0,0,0,0,0,4,1,2,2,61,9,-1,-1,-1,-1,5,1,E01025965,0
Unvalidated,2024302400270,2024,302400270,3,11,0,18,3,7,0,0,0,0,0,0,3,1,1,3,-1,-1,-1,-1,-1,-1,5,1,E01019456,0
Unvalidated,2024302400271,2024,302400271,1,9,0,18,1,5,0,0,0,0,0,0,4,1,6,2,78,11,-1,-1,-1,-1,6,2,E01019798,0
Unvalidated,2024302400271,2024,302400271,2,9,0,2,0,0,0,0,0,0,0,0,1,1,6,3,-1,-1,-1,-1,-1,-1,-1,-1,-1,0
Unvalidated,2024302400272,2024,302400272,1,9,0,18,3,7,0,8,0,0,1,1,1,1,1,1,-1,-1,-1,-1,-1,-1,5,1,E01019456,0