status,collision_index,collision_year,collision_reference,vehicle_reference,vehicle_type,towing_and_articulation,vehicle_manoeuvre,vehicle_direction_from,vehicle_direction_to,vehicle_location_restricted_lane,junction_location,skidding_and_overturning,hit_object_in_carriageway,vehicle_leaving_carriageway,hit_object_off_carriageway,first_point_of_impact,vehicle_left_hand_drive,journey_purpose_of_driver,sex_of_driver,age_of_driver,age_band_of_driver,engine_capacity_cc,propulsion_code,age_of_vehicle,generic_make_model,driver_imd_decile,driver_home_area_type,lsoa_of_driver,escooter_flag
Unvalidated,2024302400272,2024,302400272,2,9,0,18,1,5,0,8,0,0,7,0,4,1,6,1,63,9,-1,-1,-1,-1,7,1,E01019490,0
Unvalidated,2024302400273,2024,302400273,1,9,0,17,8,6,0,0,1,0,1,0,1,1,6,1,56,9,-1,-1,-1,-1,4,1,E01013967,0
Unvalidated,2024302400273,2024,302400273,2,9,0,17,8,6,0,0,0,0,0,0,1,1,6,1,47,8,-1,-1,-1,-1,3,1,E01019577,0
Unvalidated,2024302400273,2024,302400273,3,9,0,16,6,8,0,0,1,0,7,0,1,1,6,1,34,6,-1,-1,-1,-1,2,1,E01008081,0
Unvalidated,2024302400274,2024,302400274,1,9,0,18,5,1,0,0,1,0,1,4,1,1,6,1,44,7,-1,-1,-1,-1,5,1,E01013595,0
Unvalidated,2024302400275,2024,302400275,1,9,0,18,6,2,0,2,5,0,0,0,1,1,6,1,75,10,-1,-1,-1,-1,9,1,E01013596,0
Unvalidated,2024302400275,2024,302400275,2,9,0,2,0,0,0,2,0,0,0,0,2,1,6,3,-1,-1,-1,-1,-1,-1,-1,-1,-1,0
Unvalidated,2024302400276,2024,302400276,1,5,0,4,4,2,0,1,1,0,0,0,0,1,2,1,53,8,-1,-1,-1,-1,2,1,E01019469,0
Unvalidated,2024302400278,2024,302400278,1,22,0,18,5,1,9,0,0,0,0,0,1,1,6,3,-1,-1,-1,-1,-1,-1,5,1,E01019456,0
Unvalidated,2024302400279,2024,302400279,1,9,0,9,3,1,0,0,0,0,0,0,3,1,6,2,38,7,-1,-1,-1,-1,3,1,E01027954,0
Unvalidated,2024302400279,2024,302400279,2,9,0,18,1,5,0,0,0,0,0,0,1,1,6,1,55,8,-1,-1,-1,-1,6,3,E01029801,0
Unvalidated,2024302400280,2024,302400280,1,9,0,5,1,2,0,8,0,0,0,0,1,1,6,2,33,6,-1,-1,-1,-1,7,3,E01011193,0
Unvalidated,2024302400280,2024,302400280,2,1,0,18,7,3,0,8,0,0,0,0,2,1,6,2,57,9,-1,-1,-1,-1,9,2,E01019631,0
Unvalidated,2024302400281,2024,302400281,1,9,0,17,5,2,0,3,0,0,0,0,1,1,6,1,45,7,-1,-1,-1,-1,4,1,E01013459,0
Unvalidated,2024302400282,2024,302400282,1,9,0,18,7,2,0,1,0,0,0,0,1,1,6,3,77,11,-1,-1,-1,-1,6,3,E01019821,0
Unvalidated,2024302400282,2024,302400282,2,9,0,3,7,2,0,1,0,0,0,0,2,1,6,2,47,8,-1,-1,-1,-1,3,1,E01019508,0
Unvalidated,2024302400283,2024,302400283,1,9,0,16,5,8,0,0,1,0,1,11,1,1,2,1,18,4,-1,-1,-1,-1,9,1,E01029455,0
Unvalidated,2024302400286,2024,302400286,1,3,0,18,2,6,0,2,1,0,0,0,1,1,6,1,25,5,-1,-1,-1,-1,6,1,E01019660,0
Unvalidated,2024302400286,2024,302400286,2,8,0,4,8,4,0,2,0,0,0,0,2,1,1,1,47,8,-1,-1,-1,-1,2,1,E01027942,0
Unvalidated,2024302400287,2024,302400287,1,19,0,9,6,3,0,8,0,0,0,0,1,1,6,3,-1,-1,-1,-1,-1,-1,5,1,E01019456,0
Unvalidated,2024302400287,2024,302400287,2,22,0,18,2,6,0,8,0,0,0,0,3,1,6,1,75,10,-1,-1,-1,-1,3,1,E01019768,0
Unvalidated,2024302400288,2024,302400288,1,9,0,12,6,2,0,1,0,0,0,0,3,1,6,1,78,11,-1,-1,-1,-1,7,1,E01019655,0
Unvalidated,2024302400288,2024,302400288,2,5,0,18,6,2,0,1,0,0,0,0,4,1,6,1,59,9,-1,-1,-1,-1,9,1,E01025915,0
Unvalidated,2024302400288,2024,302400288,3,19,0,18,6,2,0,1,0,0,0,0,1,1,6,1,59,9,-1,-1,-1,-1,1,1,E01013481,0
Unvalidated,2024302400289,2024,302400289,1,19,0,4,6,2,0,0,0,0,0,0,2,1,1,1,36,7,-1,-1,-1,-1,8,1,E01013575,0
Unvalidated,2024302400289,2024,302400289,2,9,0,18,6,2,0,0,0,0,0,0,1,1,6,2,42,7,-1,-1,-1,-1,7,1,-1,0
Unvalidated,2024302400292,2024,302400292,1,11,0,18,1,5,0,1,0,0,0,0,1,1,1,1,61,9,-1,-1,-1,-1,3,1,E01033388,0
Unvalidated,2024302400292,2024,302400292,2,9,0,16,1,5,0,1,0,0,0,0,2,1,6,2,63,9,-1,-1,-1,-1,7,3,E01019771,0
Unvalidated,2024302400292,2024,302400292,3,98,0,7,3,7,0,5,0,0,0,0,0,1,1,3,-1,-1,-1,-1,-1,-1,5,1,E01019456,0
Unvalidated,2024302400293,2024,302400293,1,11,0,4,2,6,0,2,0,0,0,0,0,1,1,1,27,6,-1,-1,-1,-1,6,1,E01019434,0
Unvalidated,2024302400294,2024,302400294,1,8,0,1,6,2,9,1,0,0,0,0,2,1,6,3,-1,-1,-1,-1,-1,-1,5,1,E01019456,0
Unvalidated,2024302400296,2024,302400296,1,9,0,18,7,3,0,0,0,0,0,0,1,1,6,2,22,5,-1,-1,-1,-1,5,1,E01019407,0
Unvalidated,2024302400296,2024,302400296,2,9,0,4,7,3,0,0,0,0,0,0,2,1,6,1,26,6,-1,-1,-1,-1,7,1,E01019656,0
Unvalidated,2024302400297,2024,302400297,1,9,0,17,6,3,0,0,2,0,1,11,1,1,6,2,19,4,-1,-1,-1,-1,-1,-1,-1,0
Unvalidated,2024302400298,2024,302400298,1,9,0,16,6,8,0,1,2,0,3,0,1,1,6,2,28,6,-1,-1,-1,-1,5,1,E01019564,0
Unvalidated,2024302400299,2024,302400299,1,9,0,18,1,5,0,1,0,0,0,0,1,1,6,3,-1,-1,-1,-1,-1,-1,5,1,E01019456,0
Unvalidated,2024302400299,2024,302400299,2,1,0,5,3,7,0,1,0,0,0,0,3,1,4,1,14,3,-1,-1,-1,-1,6,1,E01013495,0
Unvalidated,2024302400301,2024,302400301,1,21,0,18,5,1,0,0,0,0,0,0,4,1,1,1,62,9,-1,-1,-1,-1,3,1,E01028310,0
Unvalidated,2024302400301,2024,302400301,2,1,0,18,5,1,0,0,0,0,1,0,2,1,2,1,21,5,-1,-1,-1,-1,4,1,E01028252,0
Unvalidated,2024302400302,2024,302400302,1,9,0,1,2,6,0,0,0,0,0,0,2,1,6,1,85,11,-1,-1,-1,-1,8,1,E01019725,0
Unvalidated,2024302400303,2024,302400303,1,9,0,18,2,6,0,0,0,0,0,0,1,1,2,1,40,7,-1,-1,-1,-1,7,1,E01013975,0
Unvalidated,2024302400306,2024,302400306,1,9,0,18,5,1,0,1,0,0,0,0,4,1,6,1,49,8,-1,-1,-1,-1,1,1,E01008084,0
Unvalidated,2024302400307,2024,302400307,1,9,0,4,5,8,0,1,0,0,0,0,1,1,2,1,39,7,-1,-1,-1,-1,2,1,E01029447,0
Unvalidated,2024302400307,2024,302400307,2,9,0,4,5,8,0,8,0,0,0,0,2,1,6,1,57,9,-1,-1,-1,-1,3,1,E01029434,0
Unvalidated,2024302400307,2024,302400307,3,9,0,4,5,8,0,1,0,0,0,0,2,1,6,2,55,8,-1,-1,-1,-1,-1,-1,-1,0
Unvalidated,2024302400308,2024,302400308,1,98,1,18,6,2,0,2,0,0,0,0,1,1,1,1,65,9,-1,-1,-1,-1,4,1,E01025907,0
Unvalidated,2024302400308,2024,302400308,2,98,0,18,6,2,0,2,0,0,0,0,2,1,1,1,62,9,-1,-1,-1,-1,6,1,E01005523,0
Unvalidated,2024302400308,2024,302400308,3,9,0,18,6,2,0,2,0,0,0,0,1,1,1,1,21,5,-1,-1,-1,-1,9,2,E01033190,0
Unvalidated,2024302400308,2024,302400308,4,19,0,7,8,2,0,6,0,0,0,0,0,1,6,3,-1,-1,-1,-1,-1,-1,5,1,E01019456,0
Unvalidated,2024302400309,2024,302400309,1,19,0,4,3,7,0,8,0,0,0,0,1,1,2,1,46,8,-1,-1,-1,-1,3,1,E01019667,0
Unvalidated,2024302400309,2024,302400309,2,9,0,18,3,7,0,8,0,0,0,0,2,1,2,1,50,8,-1,-1,-1,-1,1,1,E01028276,0
Unvalidated,2024302400309,2024,302400309,3,9,0,18,3,7,0,8,0,0,0,0,2,1,2,2,62,9,-1,-1,-1,-1,6,1,E01019421,0
Unvalidated,2024302400311,2024,302400311,1,9,0,18,4,8,0,8,0,0,0,0,1,1,6,3,-1,-1,-1,-1,-1,-1,5,1,E01019456,0
Unvalidated,2024302400311,2024,302400311,2,9,0,4,4,8,0,8,0,0,0,0,2,1,6,1,43,7,-1,-1,-1,-1,-1,-1,-1,0
Unvalidated,2024302400315,2024,302400315,1,9,0,18,8,4,0,2,0,0,0,0,1,1,6,1,-1,-1,-1,-1,-1,-1,-1,-1,-1,0
Unvalidated,2024302400315,2024,302400315,2,9,0,3,8,4,0,2,0,0,0,0,2,1,3,2,29,6,-1,-1,-1,-1,6,1,E01028160,0
Unvalidated,2024302400315,2024,302400315,3,9,0,3,8,2,0,2,0,0,0,0,2,1,6,2,-1,-1,-1,-1,-1,-1,4,1,E01019645,0
Unvalidated,2024302400315,2024,302400315,4,9,0,3,8,4,0,2,0,0,0,0,2,1,6,3,-1,-1,-1,-1,-1,-1,5,1,E01019456,0
Unvalidated,2024302400317,2024,302400317,1,9,0,5,8,4,0,8,0,0,0,0,3,1,2,2,35,6,-1,-1,-1,-1,4,1,E01019851,0
Unvalidated,2024302400317,2024,302400317,2,1,0,17,5,3,0,8,0,0,0,0,1,1,6,1,53,8,-1,-1,-1,-1,9,1,E01019850,0
Unvalidated,2024302400318,2024,302400318,1,3,0,18,2,6,0,8,0,0,0,0,1,1,6,3,-1,-1,-1,-1,-1,-1,5,1,E01019456,0
Unvalidated,2024302400318,2024,302400318,2,9,0,18,4,8,0,8,0,0,0,0,3,1,6,2,41,7,-1,-1,-1,-1,8,3,E01019764,0
Unvalidated,2024302400320,2024,302400320,1,9,0,18,4,6,0,0,0,0,1,9,1,1,6,1,17,4,-1,-1,-1,-1,4,1,E01005820,0
Unvalidated,2024302400321,2024,302400321,1,1,0,18,1,5,0,1,0,0,0,0,3,1,6,2,48,8,-1,-1,-1,-1,6,3,E01019798,0
Unvalidated,2024302400321,2024,302400321,2,9,0,18,1,5,0,1,0,0,0,0,4,1,6,2,61,9,-1,-1,-1,-1,7,1,E01019539,0
Unvalidated,2024302400322,2024,302400322,1,9,0,18,5,1,0,0,0,0,0,0,1,1,6,3,-1,-1,-1,-1,-1,-1,5,1,E01019456,0
Unvalidated,2024302400322,2024,302400322,2,19,0,3,5,1,0,0,0,0,0,0,0,1,6,1,53,8,-1,-1,-1,-1,6,3,E01014100,0
Unvalidated,2024302400323,2024,302400323,1,9,0,13,2,6,0,0,0,0,0,0,4,1,6,1,73,10,-1,-1,-1,-1,6,1,E01013589,0
Unvalidated,2024302400323,2024,302400323,2,1,0,9,2,8,0,0,0,0,0,0,1,1,1,1,43,7,-1,-1,-1,-1,2,1,E01013569,0
Unvalidated,2024302400324,2024,302400324,1,9,0,5,6,2,0,0,0,0,0,0,1,1,6,1,35,6,-1,-1,-1,-1,2,1,E01019799,0
Unvalidated,2024302400324,2024,302400324,2,9,0,3,6,2,0,0,0,0,0,0,2,1,6,1,64,9,-1,-1,-1,-1,3,1,E01019776,0
Unvalidated,2024302400325,2024,302400325,1,9,0,18,1,5,0,0,0,0,0,0,0,1,6,1,73,10,-1,-1,-1,-1,2,1,E01019507,0
Unvalidated,2024302400326,2024,302400326,1,9,0,18,7,3,0,0,0,4,0,0,4,1,2,2,57,9,-1,-1,-1,-1,9,1,E01008041,0
Unvalidated,2024302400326,2024,302400326,2,9,0,2,0,0,0,0,0,0,0,0,3,1,6,3,-1,-1,-1,-1,-1,-1,-1,-1,-1,0
Unvalidated,2024302400327,2024,302400327,1,9,0,9,5,3,0,8,0,0,0,0,3,1,6,2,28,6,-1,-1,-1,-1,3,1,E01013510,0
Unvalidated,2024302400327,2024,302400327,2,3,0,9,3,1,0,8,0,0,0,0,1,1,6,1,25,5,-1,-1,-1,-1,3,1,E01013828,0
Unvalidated,2024302400328,2024,302400328,1,9,0,18,1,5,0,2,0,0,0,0,1,1,6,2,46,8,-1,-1,-1,-1,1,1,E01013473,0
Unvalidated,2024302400328,2024,302400328,2,1,0,18,5,1,0,1,0,0,0,0,1,1,6,2,16,4,-1,-1,-1,-1,1,1,E01013583,0
Unvalidated,2024302400329,2024,302400329,1,19,0,3,1,5,0,8,0,0,0,0,2,1,6,1,21,5,-1,-1,-1,-1,5,1,E01019402,0
Unvalidated,2024302400329,2024,302400329,2,19,0,3,1,5,0,8,0,0,0,0,2,1,6,1,64,9,-1,-1,-1,-1,4,1,E01019499,0
Unvalidated,2024302400329,2024,302400329,3,9,0,4,1,5,0,1,0,0,0,0,1,1,6,1,45,7,-1,-1,-1,-1,5,1,E01027946,0
Unvalidated,2024302400330,2024,302400330,1,1,0,7,2,4,0,8,0,0,0,0,1,1,4,1,10,2,-1,-1,-1,-1,6,1,E01019421,0
Unvalidated,2024302400330,2024,302400330,2,9,0,18,8,4,0,8,0,0,0,0,4,1,2,1,47,8,-1,-1,-1,-1,9,1,E01019462,0
Unvalidated,2024302400332,2024,302400332,1,9,0,9,4,2,0,2,0,0,0,0,4,1,6,1,39,7,-1,-1,-1,-1,10,1,E01019727,0
Unvalidated,2024302400333,2024,302400333,1,9,0,7,6,8,0,4,0,0,0,0,1,1,6,1,47,8,-1,-1,-1,-1,10,2,E01019833,0
Unvalidated,2024302400333,2024,302400333,2,4,0,18,3,2,0,8,1,0,0,0,0,1,6,1,52,8,-1,-1,-1,-1,8,3,E01019820,0
Unvalidated,2024302400334,2024,302400334,1,9,0,18,6,2,9,2,0,10,1,2,1,1,6,1,47,8,-1,-1,-1,-1,8,1,E01013546,0
Unvalidated,2024302400336,2024,302400336,1,9,0,18,8,4,0,4,2,10,1,1,1,1,6,1,29,6,-1,-1,-1,-1,3,1,E01019665,0
Unvalidated,2024302400337,2024,302400337,1,19,0,18,5,1,0,2,0,0,0,0,1,1,6,3,60,9,-1,-1,-1,-1,10,3,E01018431,0
Unvalidated,2024302400338,2024,302400338,1,9,0,4,1,5,0,8,0,0,0,0,1,1,6,2,25,5,-1,-1,-1,-1,10,1,E01013468,0
Unvalidated,2024302400338,2024,302400338,2,9,0,4,1,5,0,8,0,0,0,0,2,1,6,3,-1,-1,-1,-1,-1,-1,5,1,E01019456,0
Unvalidated,2024302400339,2024,302400339,1,9,0,14,4,8,0,8,0,0,1,2,4,1,1,1,35,6,-1,-1,-1,-1,4,1,E01013460,0
Unvalidated,2024302400339,2024,302400339,2,9,0,14,4,8,0,8,0,0,0,0,1,1,2,1,54,8,-1,-1,-1,-1,10,1,E01028097,0
Unvalidated,2024302400339,2024,302400339,3,9,0,8,4,6,0,1,0,0,0,0,0,1,6,3,-1,-1,-1,-1,-1,-1,5,1,E01019456,0
Unvalidated,2024302400340,2024,302400340,1,11,0,4,2,6,0,0,0,0,0,0,0,1,1,1,59,9,-1,-1,-1,-1,6,1,E01019434,0
Unvalidated,2024302400341,2024,302400341,1,9,0,17,2,6,0,0,0,0,7,9,1,1,6,2,18,4,-1,-1,-1,-1,7,3,E01019429,0
Unvalidated,2024302400341,2024,302400341,2,9,0,18,6,2,0,0,0,0,1,0,1,1,6,1,57,9,-1,-1,-1,-1,-1,-1,-1,0
Unvalidated,2024302400343,2024,302400343,1,90,0,7,1,3,0,1,0,0,0,0,1,1,6,1,14,3,-1,-1,-1,-1,3,1,E01013532,1
Unvalidated,2024302400343,2024,302400343,2,9,0,18,7,3,0,8,0,0,0,0,4,1,2,2,32,6,-1,-1,-1,-1,3,1,E01013508,0
Unvalidated,2024302400344,2024,302400344,1,20,0,18,3,7,0,8,0,0,0,0,1,1,1,1,36,7,-1,-1,-1,-1,10,1,E01029854,0
Unvalidated,2024302400344,2024,302400344,2,9,0,9,5,3,0,8,1,0,0,0,3,1,6,2,47,8,-1,-1,-1,-1,2,1,E01013588,0
Unvalidated,2024302400345,2024,302400345,1,19,0,18,3,7,0,1,0,0,0,0,4,1,6,3,-1,-1,-1,-1,-1,-1,5,1,E01019456,0
Unvalidated,2024302400348,2024,302400348,1,9,0,18,4,1,0,2,0,0,0,0,4,1,2,2,64,9,-1,-1,-1,-1,-1,-1,-1,0
Unvalidated,2024302400349,2024,302400349,1,9,0,18,2,6,0,1,0,0,0,0,1,1,6,1,37,7,-1,-1,-1,-1,3,1,E01007966,0
Unvalidated,2024302400349,2024,302400349,2,9,0,16,8,2,0,3,0,0,0,0,1,1,6,2,50,8,-1,-1,-1,-1,1,1,E01008082,0
Unvalidated,2024302400350,2024,302400350,1,9,0,11,5,7,0,3,0,0,0,0,4,1,6,1,52,8,-1,-1,-1,-1,2,1,E01019682,0
Unvalidated,2024302400350,2024,302400350,2,1,0,16,5,7,0,3,0,0,0,0,3,1,6,1,73,10,-1,-1,-1,-1,7,1,E01019700,0
Unvalidated,2024302400351,2024,302400351,1,9,0,18,2,6,0,0,0,0,0,0,1,1,6,1,58,9,-1,-1,-1,-1,-1,-1,-1,0
Unvalidated,2024302400353,2024,302400353,1,9,0,16,3,6,0,0,1,0,2,10,1,1,6,1,36,7,-1,-1,-1,-1,5,1,E01005944,0
Unvalidated,2024302400353,2024,302400353,2,9,0,17,6,3,0,0,0,0,0,0,1,1,6,2,68,10,-1,-1,-1,-1,6,3,E01026398,0
Unvalidated,2024302400354,2024,302400354,1,9,0,9,2,8,0,1,0,0,0,0,1,1,6,2,31,6,-1,-1,-1,-1,5,1,E01019438,0
Unvalidated,2024302400354,2024,302400354,2,9,0,18,4,8,0,8,0,0,0,0,3,1,6,1,53,8,-1,-1,-1,-1,10,1,E01032614,0
Unvalidated,2024302400355,2024,302400355,1,9,0,18,1,5,0,8,0,0,1,0,1,1,6,1,31,6,-1,-1,-1,-1,2,1,E01013569,0
Unvalidated,2024302400355,2024,302400355,2,9,0,18,7,3,0,8,0,0,0,0,1,1,6,1,30,6,-1,-1,-1,-1,4,1,E01013500,0
Unvalidated,2024302400356,2024,302400356,1,9,0,17,2,8,0,2,0,0,0,0,4,1,6,1,28,6,-1,-1,-1,-1,2,1,E01013483,0
Unvalidated,2024302400357,2024,302400357,1,9,0,18,2,6,0,1,0,0,0,0,1,1,6,2,72,10,-1,-1,-1,-1,5,1,E01013545,0
Unvalidated,2024302400358,2024,302400358,1,9,0,18,1,5,0,0,0,0,1,4,4,1,2,2,40,7,-1,-1,-1,-1,-1,-1,-1,0
Unvalidated,2024302400360,2024,302400360,1,4,0,17,2,6,0,8,0,0,0,0,3,1,2,1,19,4,-1,-1,-1,-1,1,3,E01019566,0
Unvalidated,2024302400360,2024,302400360,2,9,0,17,6,4,0,8,0,0,0,0,1,1,6,3,-1,-1,-1,-1,-1,-1,5,1,E01019456,0
Unvalidated,2024302400361,2024,302400361,1,9,0,9,2,8,0,8,0,0,0,0,3,1,2,2,55,8,-1,-1,-1,-1,6,2,E01019815,0
Unvalidated,2024302400361,2024,302400361,2,5,0,18,8,4,0,8,0,0,0,0,1,1,6,1,56,9,-1,-1,-1,-1,4,2,E01019491,0
Unvalidated,2024302400362,2024,302400362,1,3,0,18,5,1,0,0,1,0,1,0,1,1,6,1,23,5,-1,-1,-1,-1,4,1,E01006049,0
Unvalidated,2024302400363,2024,302400363,1,9,0,17,2,8,0,2,0,0,1,4,1,1,1,2,44,7,-1,-1,-1,-1,4,2,E01013515,0
Unvalidated,2024302400365,2024,302400365,1,9,0,17,6,3,0,0,1,0,0,0,4,1,2,2,28,6,-1,-1,-1,-1,3,1,E01007843,0
Unvalidated,2024302400365,2024,302400365,2,9,0,16,3,6,0,0,5,0,1,9,1,1,2,1,46,8,-1,-1,-1,-1,9,1,E01019621,0
Unvalidated,2024302400366,2024,302400366,1,9,0,9,4,2,0,8,0,0,0,0,1,1,6,2,38,7,-1,-1,-1,-1,3,1,E01013474,0
Unvalidated,2024302400366,2024,302400366,2,9,0,18,2,6,0,8,0,0,0,0,1,1,2,1,24,5,-1,-1,-1,-1,5,1,E01013530,0
Unvalidated,2024302400367,2024,302400367,1,19,0,18,6,2,0,2,0,0,0,0,4,1,6,3,-1,-1,-1,-1,-1,-1,5,1,E01019456,0
Unvalidated,2024302400368,2024,302400368,1,19,0,9,4,2,0,6,0,0,0,0,1,1,1,1,27,6,-1,-1,-1,-1,2,1,E01029450,0
Unvalidated,2024302400368,2024,302400368,2,9,0,4,2,6,0,1,0,0,0,0,1,1,2,1,18,4,-1,-1,-1,-1,4,1,E01019865,0
Unvalidated,2024302400369,2024,302400369,1,9,0,18,7,3,0,8,1,0,0,0,1,1,6,1,21,5,-1,-1,-1,-1,4,1,E01019417,0
Unvalidated,2024302400369,2024,302400369,2,8,0,9,1,7,0,6,1,0,0,0,3,1,6,1,48,8,-1,-1,-1,-1,1,1,E01013567,0
Unvalidated,2024302400370,2024,302400370,1,9,0,18,6,2,0,8,0,0,0,0,4,1,6,1,29,6,-1,-1,-1,-1,3,1,E01019665,0
Unvalidated,2024302400370,2024,302400370,2,9,0,7,8,2,0,4,0,0,0,0,1,2,6,3,-1,-1,-1,-1,-1,-1,5,1,E01019456,0
Unvalidated,2024302400371,2024,302400371,1,9,0,4,8,4,0,0,0,0,0,0,1,1,6,3,-1,-1,-1,-1,-1,-1,5,1,E01019456,0
Unvalidated,2024302400371,2024,302400371,2,9,0,3,8,4,0,0,0,0,0,0,2,1,6,2,38,7,-1,-1,-1,-1,8,3,E01019834,0
Unvalidated,2024302400371,2024,302400371,3,9,0,4,8,4,0,0,0,0,0,0,2,1,6,2,38,7,-1,-1,-1,-1,8,3,E01019834,0
Unvalidated,2024302400372,2024,302400372,1,9,0,5,6,2,0,4,0,0,0,0,1,1,6,1,19,4,-1,-1,-1,-1,7,1,E01019539,0
Unvalidated,2024302400372,2024,302400372,2,9,0,5,6,2,0,4,0,0,0,0,2,1,6,2,32,6,-1,-1,-1,-1,2,1,E01019543,0
Unvalidated,2024302400373,2024,302400373,1,9,0,4,5,3,0,1,0,0,0,0,1,1,6,2,28,6,-1,-1,-1,-1,4,1,E01013555,0
Unvalidated,2024302400373,2024,302400373,2,90,0,18,7,3,0,8,0,0,0,0,3,1,6,1,15,3,-1,-1,-1,-1,3,1,E01013549,1
Unvalidated,2024302400374,2024,302400374,1,9,0,9,4,2,0,8,0,0,0,0,2,2,6,2,29,6,-1,-1,-1,-1,2,1,E01019471,0
Unvalidated,2024302400374,2024,302400374,2,9,0,18,4,8,0,8,0,0,0,0,1,1,6,1,23,5,-1,-1,-1,-1,-1,-1,-1,0
Unvalidated,2024302400375,2024,302400375,1,9,0,18,4,8,0,0,0,0,1,0,2,1,6,2,19,4,-1,-1,-1,-1,6,1,E01006951,0
Unvalidated,2024302400375,2024,302400375,2,9,0,13,4,8,0,0,0,0,0,0,1,1,6,1,42,7,-1,-1,-1,-1,7,3,E01019603,0
Unvalidated,2024302400375,2024,302400375,3,9,0,18,4,8,0,0,0,0,0,0,1,1,6,1,53,8,-1,-1,-1,-1,5,3,E01019598,0
Unvalidated,2024302400376,2024,302400376,1,9,0,17,6,3,0,0,2,0,7,11,3,1,6,1,18,4,-1,-1,-1,-1,4,1,E01005871,0
Unvalidated,2024302400378,2024,302400378,1,9,0,9,1,8,0,8,0,0,0,0,1,1,6,1,41,7,-1,-1,-1,-1,9,1,E01018389,0
Unvalidated,2024302400378,2024,302400378,2,9,0,5,5,1,0,8,0,0,0,0,1,1,6,2,46,8,-1,-1,-1,-1,-1,-1,-1,0
Unvalidated,2024302400379,2024,302400379,1,9,0,18,8,4,0,0,0,0,0,0,4,1,6,1,78,11,-1,-1,-1,-1,7,1,E01019677,0
Unvalidated,2024302400379,2024,302400379,2,9,0,2,0,0,0,0,0,0,0,0,2,1,6,3,-1,-1,-1,-1,-1,-1,-1,-1,-1,0
Unvalidated,2024302400379,2024,302400379,3,1,0,14,8,4,0,0,0,0,0,0,3,1,6,2,43,7,-1,-1,-1,-1,7,1,E01019700,0
Unvalidated,2024302400380,2024,302400380,1,9,0,9,5,3,0,0,0,0,7,0,3,1,6,1,20,4,-1,-1,-1,-1,5,3,W01000650,0
Unvalidated,2024302400380,2024,302400380,2,5,0,13,5,1,0,0,0,0,7,0,1,1,6,1,38,7,-1,-1,-1,-1,9,2,E01011177,0
Unvalidated,2024302400381,2024,302400381,1,4,0,17,5,2,0,0,1,0,0,0,2,1,6,1,33,6,-1,-1,-1,-1,5,1,E01019623,0
Unvalidated,2024302400381,2024,302400381,2,9,0,2,0,0,0,0,0,0,0,0,3,1,6,3,-1,-1,-1,-1,-1,-1,-1,-1,-1,0
Unvalidated,2024302400381,2024,302400381,3,9,0,2,0,0,0,0,0,0,0,0,3,1,6,3,-1,-1,-1,-1,-1,-1,-1,-1,-1,0
Unvalidated,2024302400382,2024,302400382,1,19,0,18,2,6,0,1,1,0,0,0,1,1,1,1,39,7,-1,-1,-1,-1,5,1,E01029449,0
Unvalidated,2024302400382,2024,302400382,2,8,0,7,2,4,0,1,0,0,0,0,2,1,6,1,-1,-1,-1,-1,-1,-1,1,1,E01013487,0
Unvalidated,2024302400383,2024,302400383,1,9,0,7,3,5,0,8,0,0,0,0,3,1,6,1,92,11,-1,-1,-1,-1,7,3,E01019603,0
Unvalidated,2024302400383,2024,302400383,2,9,0,18,1,5,0,8,0,0,0,0,1,1,6,1,55,8,-1,-1,-1,-1,10,2,E01019848,0
Unvalidated,2024302400384,2024,302400384,1,9,0,17,2,6,0,0,2,0,1,1,1,1,6,1,19,4,-1,-1,-1,-1,8,1,E01019811,0
Unvalidated,2024302400385,2024,302400385,1,9,0,16,2,5,0,0,1,0,0,0,3,1,6,1,61,9,-1,-1,-1,-1,5,1,E01013530,0
Unvalidated,2024302400385,2024,302400385,2,9,0,17,5,2,0,0,1,0,0,0,3,1,6,1,61,9,-1,-1,-1,-1,7,3,E01019701,0
Unvalidated,2024302400386,2024,302400386,1,9,0,18,5,1,0,1,0,0,0,0,1,1,6,1,29,6,-1,-1,-1,-1,2,1,E01019547,0
Unvalidated,2024302400386,2024,302400386,2,19,0,18,5,1,0,1,1,0,0,0,2,1,1,1,24,5,-1,-1,-1,-1,4,3,E01019822,0
Unvalidated,2024302400386,2024,302400386,3,19,0,9,5,3,0,5,0,0,0,0,0,1,6,3,-1,-1,-1,-1,-1,-1,5,1,E01019456,0
Unvalidated,2024302400387,2024,302400387,1,11,0,5,3,7,0,8,0,0,0,0,4,1,1,1,53,8,-1,-1,-1,-1,3,1,E01019810,0
Unvalidated,2024302400388,2024,302400388,1,9,0,17,4,8,0,8,0,0,0,0,1,1,6,1,86,11,-1,-1,-1,-1,7,1,E01019472,0
Unvalidated,2024302400388,2024,302400388,2,9,0,7,8,1,0,8,0,0,0,0,3,1,6,1,89,11,-1,-1,-1,-1,6,3,E01019405,0
Unvalidated,2024302400389,2024,302400389,1,9,0,18,2,6,0,0,0,0,0,0,1,1,6,1,54,8,-1,-1,-1,-1,3,2,E01019797,0
Unvalidated,2024302400389,2024,302400389,2,9,0,2,0,0,0,0,0,0,0,0,2,1,6,2,32,6,-1,-1,-1,-1,6,1,E01019585,0