status,collision_index,collision_year,collision_reference,vehicle_reference,vehicle_type,towing_and_articulation,vehicle_manoeuvre,vehicle_direction_from,vehicle_direction_to,vehicle_location_restricted_lane,junction_location,skidding_and_overturning,hit_object_in_carriageway,vehicle_leaving_carriageway,hit_object_off_carriageway,first_point_of_impact,vehicle_left_hand_drive,journey_purpose_of_driver,sex_of_driver,age_of_driver,age_band_of_driver,engine_capacity_cc,propulsion_code,age_of_vehicle,generic_make_model,driver_imd_decile,driver_home_area_type,lsoa_of_driver,escooter_flag
Unvalidated,2024302400390,2024,302400390,1,9,0,18,3,7,0,1,0,0,0,0,1,1,3,2,31,6,-1,-1,-1,-1,2,1,E01019672,0
Unvalidated,2024302400390,2024,302400390,2,9,0,4,3,7,0,1,0,0,0,0,2,1,3,2,33,6,-1,-1,-1,-1,7,1,W01001108,0
Unvalidated,2024302400390,2024,302400390,3,9,0,4,3,7,0,1,0,0,0,0,2,1,6,1,19,4,-1,-1,-1,-1,10,1,E01032614,0
Unvalidated,2024302400391,2024,302400391,1,9,0,6,5,5,0,0,1,0,0,0,1,1,1,1,40,7,-1,-1,-1,-1,8,1,E01019583,0
Unvalidated,2024302400391,2024,302400391,2,9,0,18,1,5,0,0,0,0,0,0,1,1,3,2,28,6,-1,-1,-1,-1,1,1,E01019578,0
Unvalidated,2024302400394,2024,302400394,1,2,0,18,6,2,0,8,1,0,0,0,0,1,6,1,16,4,-1,-1,-1,-1,1,1,E01013533,0
Unvalidated,2024302400394,2024,302400394,2,9,0,7,8,2,0,8,0,0,0,0,0,1,6,3,-1,-1,-1,-1,-1,-1,5,1,E01019456,0
Unvalidated,2024302400395,2024,302400395,1,97,0,18,4,8,0,2,0,0,0,0,0,1,6,3,-1,-1,-1,-1,-1,-1,5,1,E01019456,0
Unvalidated,2024302400396,2024,302400396,1,9,0,12,8,3,0,8,0,0,0,0,2,1,6,1,42,7,-1,-1,-1,-1,1,1,E01013850,0
Unvalidated,2024302400396,2024,302400396,2,8,0,18,8,3,0,8,0,0,0,0,1,1,1,1,30,6,-1,-1,-1,-1,1,1,E01013481,0
Unvalidated,2024302400399,2024,302400399,1,9,0,18,7,3,0,0,0,0,0,0,4,1,6,2,54,8,-1,-1,-1,-1,6,1,E01019475,0
Unvalidated,2024302400400,2024,302400400,1,5,0,16,6,2,0,0,1,0,0,0,4,1,6,2,62,9,-1,-1,-1,-1,8,3,E01028058,0
Unvalidated,2024302400401,2024,302400401,1,9,0,16,2,6,0,0,0,0,0,0,4,1,6,1,21,5,-1,-1,-1,-1,-1,-1,-1,0
Unvalidated,2024302400402,2024,302400402,1,21,1,11,6,2,0,0,0,0,0,0,4,2,6,3,-1,-1,-1,-1,-1,-1,5,1,E01019456,0
Unvalidated,2024302400402,2024,302400402,2,9,0,18,6,2,0,0,0,0,0,0,3,1,6,2,48,8,-1,-1,-1,-1,7,2,E01028378,0
Unvalidated,2024302400405,2024,302400405,1,9,0,18,8,3,0,0,0,0,0,0,1,2,2,1,37,7,-1,-1,-1,-1,3,1,E01013454,0
Unvalidated,2024302400405,2024,302400405,2,1,0,18,1,5,0,0,0,0,0,0,4,1,6,1,19,4,-1,-1,-1,-1,1,1,E01033167,0
Unvalidated,2024302400406,2024,302400406,1,9,0,18,6,2,0,0,1,0,1,6,4,1,6,1,60,9,-1,-1,-1,-1,10,1,E01019592,0
Unvalidated,2024302400406,2024,302400406,2,9,0,18,6,2,0,0,0,0,0,0,0,1,6,3,-1,-1,-1,-1,-1,-1,5,1,E01019456,0
Unvalidated,2024302400406,2024,302400406,3,9,0,18,6,2,0,0,0,0,0,0,0,1,2,2,61,9,-1,-1,-1,-1,7,1,E01019513,0
Unvalidated,2024302400407,2024,302400407,1,9,0,13,7,3,0,0,5,0,0,0,1,1,6,1,33,6,-1,-1,-1,-1,6,1,E01019782,0
Unvalidated,2024302400407,2024,302400407,2,9,0,18,3,7,0,0,0,0,0,0,1,1,6,1,65,9,-1,-1,-1,-1,5,2,E01019520,0
Unvalidated,2024302400407,2024,302400407,3,9,0,18,7,3,0,0,0,0,0,0,2,1,6,2,63,9,-1,-1,-1,-1,6,1,E01019489,0
Unvalidated,2024302400408,2024,302400408,1,9,0,9,1,6,0,8,0,0,0,0,1,1,6,2,36,7,-1,-1,-1,-1,3,3,E01028259,0
Unvalidated,2024302400408,2024,302400408,2,9,0,18,5,1,0,8,0,0,0,0,0,1,6,1,35,6,-1,-1,-1,-1,3,3,E01019506,0
Unvalidated,2024302400409,2024,302400409,1,9,0,18,5,1,0,0,0,0,0,0,1,1,6,2,35,6,-1,-1,-1,-1,1,1,E01013533,0
Unvalidated,2024302400410,2024,302400410,1,9,0,2,0,0,0,0,0,0,0,0,2,1,6,1,77,11,-1,-1,-1,-1,2,2,E01019523,0
Unvalidated,2024302400410,2024,302400410,2,9,0,2,0,0,0,0,0,0,0,0,2,1,6,2,75,10,-1,-1,-1,-1,2,2,E01019523,0
Unvalidated,2024302400410,2024,302400410,3,9,0,16,8,4,0,0,0,0,0,0,1,1,6,2,45,7,-1,-1,-1,-1,8,1,E01007841,0
Unvalidated,2024302400411,2024,302400411,1,9,0,18,6,1,0,1,0,0,0,0,1,1,2,1,60,9,-1,-1,-1,-1,9,1,E01029455,0
Unvalidated,2024302400411,2024,302400411,2,9,0,4,6,1,0,4,0,0,0,0,2,1,2,2,36,7,-1,-1,-1,-1,-1,-1,-1,0
Unvalidated,2024302400413,2024,302400413,1,9,0,5,7,4,0,3,0,0,0,0,2,1,2,2,55,8,-1,-1,-1,-1,6,3,E01019873,0
Unvalidated,2024302400413,2024,302400413,2,9,0,5,7,4,0,3,0,0,3,0,1,1,2,1,24,5,-1,-1,-1,-1,6,3,E01019873,0
Unvalidated,2024302400414,2024,302400414,1,9,0,9,4,2,0,6,1,0,0,0,3,1,6,2,84,11,-1,-1,-1,-1,10,2,E01019828,0
Unvalidated,2024302400414,2024,302400414,2,9,0,18,2,6,0,8,1,0,0,0,1,1,6,2,19,4,-1,-1,-1,-1,6,2,E01019608,0
Unvalidated,2024302400415,2024,302400415,1,20,0,4,1,4,0,8,0,0,0,0,1,1,1,1,38,7,-1,-1,-1,-1,6,1,E01013672,0
Unvalidated,2024302400416,2024,302400416,1,9,0,17,4,1,0,0,0,4,0,0,4,1,6,2,60,9,-1,-1,-1,-1,7,1,E01019415,0
Unvalidated,2024302400416,2024,302400416,2,9,0,2,0,0,0,0,0,0,0,0,3,1,6,2,41,7,-1,-1,-1,-1,2,1,E01027986,0
Unvalidated,2024302400417,2024,302400417,1,3,0,18,2,6,0,8,0,0,0,0,1,1,1,1,26,6,-1,-1,-1,-1,-1,-1,-1,0
Unvalidated,2024302400417,2024,302400417,2,9,0,9,2,8,0,8,0,0,0,0,2,1,6,1,-1,-1,-1,-1,-1,-1,4,1,E01013493,0
Unvalidated,2024302400418,2024,302400418,1,9,0,18,6,2,0,0,0,0,0,0,1,1,6,1,57,9,-1,-1,-1,-1,7,1,E01013490,0
Unvalidated,2024302400419,2024,302400419,1,5,0,16,8,4,0,0,0,0,0,0,1,1,6,1,45,7,-1,-1,-1,-1,9,1,E01025917,0
Unvalidated,2024302400419,2024,302400419,2,9,0,17,4,8,0,0,0,0,0,0,1,1,6,1,49,8,-1,-1,-1,-1,6,1,E01007163,0
Unvalidated,2024302400420,2024,302400420,1,9,0,4,1,5,0,4,0,0,0,0,1,2,6,1,54,8,-1,-1,-1,-1,10,2,E01025870,0
Unvalidated,2024302400421,2024,302400421,1,5,0,17,7,4,0,0,1,0,1,1,1,1,6,1,28,6,-1,-1,-1,-1,7,1,E01029438,0
Unvalidated,2024302400422,2024,302400422,1,9,0,18,8,4,0,0,1,0,1,0,3,1,6,2,45,7,-1,-1,-1,-1,7,1,E01013558,0
Unvalidated,2024302400422,2024,302400422,2,9,4,18,4,8,0,0,0,0,0,0,3,1,6,2,31,6,-1,-1,-1,-1,5,3,E01019613,0
Unvalidated,2024302400423,2024,302400423,1,9,0,11,4,8,0,1,0,0,0,0,4,1,6,3,-1,-1,-1,-1,-1,-1,5,1,E01019456,0
Unvalidated,2024302400423,2024,302400423,2,2,0,3,4,8,0,1,0,0,0,0,2,1,6,1,17,4,-1,-1,-1,-1,2,1,E01019842,0
Unvalidated,2024302400424,2024,302400424,1,9,0,9,8,6,0,8,0,0,0,0,1,1,2,1,26,6,-1,-1,-1,-1,8,1,E01013546,0
Unvalidated,2024302400425,2024,302400425,1,9,0,1,3,7,0,0,0,0,0,0,1,1,6,3,-1,-1,-1,-1,-1,-1,5,1,E01019456,0
Unvalidated,2024302400425,2024,302400425,2,9,0,2,0,0,0,0,0,0,0,0,0,1,6,1,28,6,-1,-1,-1,-1,10,1,E01019708,0
Unvalidated,2024302400426,2024,302400426,1,9,0,7,5,8,0,2,2,0,7,9,1,2,6,1,56,9,-1,-1,-1,-1,7,3,E01019718,0
Unvalidated,2024302400427,2024,302400427,1,9,0,17,5,2,0,0,2,0,8,4,1,1,6,2,33,6,-1,-1,-1,-1,7,3,E01019832,0
Unvalidated,2024302400431,2024,302400431,1,9,0,1,4,8,0,0,0,0,0,0,2,1,6,3,-1,-1,-1,-1,-1,-1,5,1,E01019456,0
Unvalidated,2024302400431,2024,302400431,2,1,0,18,2,6,0,0,0,0,0,0,4,1,6,2,53,8,-1,-1,-1,-1,1,1,E01019808,0
Unvalidated,2024302400432,2024,302400432,1,9,0,4,4,2,0,1,0,0,0,0,1,1,6,2,-1,-1,-1,-1,-1,-1,9,2,E01019841,0
Unvalidated,2024302400432,2024,302400432,2,9,0,8,4,6,0,1,0,0,0,0,2,1,3,2,28,6,-1,-1,-1,-1,6,2,E01019882,0
Unvalidated,2024302400434,2024,302400434,1,4,0,9,6,4,0,8,0,0,0,0,3,1,6,1,68,10,-1,-1,-1,-1,9,1,E01025660,0
Unvalidated,2024302400434,2024,302400434,2,5,0,13,6,2,0,1,1,0,0,0,4,1,6,1,69,10,-1,-1,-1,-1,7,1,E01025659,0
Unvalidated,2024302400435,2024,302400435,1,9,0,18,6,2,0,0,0,0,0,0,1,1,1,2,36,7,-1,-1,-1,-1,10,1,E01028128,0
Unvalidated,2024302400436,2024,302400436,1,9,0,4,6,2,0,0,0,0,0,0,2,1,6,1,57,9,-1,-1,-1,-1,4,1,E01012802,0
Unvalidated,2024302400436,2024,302400436,2,9,0,18,6,2,0,0,0,0,0,0,1,1,6,1,68,10,-1,-1,-1,-1,3,1,E01019459,0
Unvalidated,2024302400437,2024,302400437,1,9,0,9,4,1,0,8,0,0,1,11,1,1,6,1,21,5,-1,-1,-1,-1,6,2,E01019524,0
Unvalidated,2024302400438,2024,302400438,1,9,0,4,7,3,0,0,0,0,0,0,1,1,6,2,44,7,-1,-1,-1,-1,4,2,E01019491,0
Unvalidated,2024302400438,2024,302400438,2,9,0,18,7,3,0,0,0,0,0,0,2,1,6,3,-1,-1,-1,-1,-1,-1,5,1,E01019456,0
Unvalidated,2024302400439,2024,302400439,1,9,0,18,5,1,0,2,0,0,0,0,1,1,6,3,-1,-1,-1,-1,-1,-1,5,1,E01019456,0
Unvalidated,2024302400439,2024,302400439,2,1,0,18,7,3,0,1,1,0,0,0,3,1,4,1,8,2,-1,-1,-1,-1,-1,-1,-1,0
Unvalidated,2024302400442,2024,302400442,1,9,0,2,0,0,9,0,0,0,0,0,2,1,6,2,37,7,-1,-1,-1,-1,4,1,E01013503,0
Unvalidated,2024302400442,2024,302400442,2,9,0,18,1,5,0,0,0,0,0,0,1,1,1,1,22,5,-1,-1,-1,-1,6,1,E01019669,0
Unvalidated,2024302400443,2024,302400443,1,9,0,7,6,1,0,0,0,0,0,0,1,1,2,1,63,9,-1,-1,-1,-1,9,1,E01028120,0
Unvalidated,2024302400443,2024,302400443,2,9,0,17,1,6,0,0,0,0,0,0,1,1,2,2,33,6,-1,-1,-1,-1,4,2,E01028260,0
Unvalidated,2024302400444,2024,302400444,1,3,0,16,8,4,0,0,0,0,0,0,1,1,6,1,23,5,-1,-1,-1,-1,6,1,E01014264,0
Unvalidated,2024302400444,2024,302400444,2,9,0,17,4,8,0,0,0,0,0,0,1,1,6,1,39,7,-1,-1,-1,-1,8,3,E01019714,0
Unvalidated,2024302400446,2024,302400446,1,5,0,7,6,2,0,8,1,0,0,0,0,1,6,1,61,9,-1,-1,-1,-1,8,1,E01019609,0
Unvalidated,2024302400447,2024,302400447,1,9,0,18,8,4,0,1,0,0,0,0,1,1,6,1,52,8,-1,-1,-1,-1,-1,-1,-1,0
Unvalidated,2024302400447,2024,302400447,2,11,0,3,4,8,0,2,0,0,0,0,0,1,1,3,-1,-1,-1,-1,-1,-1,5,1,E01019456,0
Unvalidated,2024302400448,2024,302400448,1,3,0,17,4,1,0,8,0,10,0,0,1,1,6,1,23,5,-1,-1,-1,-1,6,2,E01019815,0
Unvalidated,2024302400449,2024,302400449,1,9,0,9,2,8,0,8,0,0,0,0,3,1,6,1,45,7,-1,-1,-1,-1,6,3,E01019465,0
Unvalidated,2024302400449,2024,302400449,2,1,0,18,8,4,0,8,0,0,0,0,1,1,6,3,-1,-1,-1,-1,-1,-1,5,1,E01019456,0
Unvalidated,2024302400450,2024,302400450,1,5,0,7,8,4,0,3,0,0,0,0,1,1,6,1,54,8,-1,-1,-1,-1,6,1,E01013476,0
Unvalidated,2024302400450,2024,302400450,2,19,0,17,1,5,0,8,0,0,0,0,3,1,6,1,61,9,-1,-1,-1,-1,3,1,E01013926,0
Unvalidated,2024302400451,2024,302400451,1,9,0,18,2,6,0,1,2,0,7,0,3,2,2,1,60,9,-1,-1,-1,-1,9,1,E01013543,0
Unvalidated,2024302400451,2024,302400451,2,9,0,18,2,6,0,1,0,0,0,0,1,1,6,3,-1,-1,-1,-1,-1,-1,5,1,E01019456,0
Unvalidated,2024302400452,2024,302400452,1,9,0,5,2,6,0,2,0,0,0,0,1,1,6,1,53,8,-1,-1,-1,-1,2,1,E01019565,0
Unvalidated,2024302400453,2024,302400453,1,9,0,9,2,8,0,8,0,0,0,0,4,1,2,2,46,8,-1,-1,-1,-1,3,1,E01007812,0
Unvalidated,2024302400453,2024,302400453,2,9,0,18,8,4,0,8,0,0,0,0,3,1,2,1,67,10,-1,-1,-1,-1,1,1,E01013881,0
Unvalidated,2024302400453,2024,302400453,3,19,0,10,4,2,0,1,0,0,0,0,1,1,2,3,45,7,-1,-1,-1,-1,3,3,E01019484,0
Unvalidated,2024302400454,2024,302400454,1,3,0,3,5,1,0,1,0,0,0,0,2,1,6,1,23,5,-1,-1,-1,-1,4,1,E01027960,0
Unvalidated,2024302400454,2024,302400454,2,9,0,4,5,1,0,1,0,0,0,0,1,1,6,2,23,5,-1,-1,-1,-1,2,1,E01019471,0
Unvalidated,2024302400454,2024,302400454,3,9,0,9,1,7,0,8,0,0,0,0,4,1,6,2,28,6,-1,-1,-1,-1,6,3,E01019480,0
Unvalidated,2024302400455,2024,302400455,1,90,0,18,3,7,0,0,1,0,0,0,3,1,6,1,14,3,-1,-1,-1,-1,1,1,E01019509,1
Unvalidated,2024302400456,2024,302400456,1,19,0,3,1,5,0,1,0,0,0,0,0,1,6,3,-1,-1,-1,-1,-1,-1,5,1,E01019456,0
Unvalidated,2024302400456,2024,302400456,2,19,0,18,5,1,0,2,0,0,0,0,1,1,6,1,51,8,-1,-1,-1,-1,7,3,E01019636,0
Unvalidated,2024302400456,2024,302400456,3,9,0,3,1,5,0,1,0,0,0,0,1,1,6,2,56,9,-1,-1,-1,-1,7,3,E01019603,0
Unvalidated,2024302400458,2024,302400458,1,9,0,17,4,2,0,0,0,0,1,4,1,1,1,1,21,5,-1,-1,-1,-1,4,1,E01013498,0
Unvalidated,2024302400459,2024,302400459,1,5,0,18,8,2,0,0,0,0,0,0,1,1,6,1,31,6,-1,-1,-1,-1,8,1,E01032963,0
Unvalidated,2024302400459,2024,302400459,2,9,0,18,2,8,0,0,0,0,0,0,1,1,6,1,55,8,-1,-1,-1,-1,7,1,E01008052,0
Unvalidated,2024302400460,2024,302400460,1,19,0,18,2,6,0,0,0,0,0,0,0,1,6,1,55,8,-1,-1,-1,-1,9,1,E01019825,0
Unvalidated,2024302400461,2024,302400461,1,90,0,18,6,2,0,8,0,0,0,0,1,1,6,2,19,4,-1,-1,-1,-1,3,1,E01013471,0
Unvalidated,2024302400461,2024,302400461,2,9,0,18,8,4,0,4,0,0,0,0,1,1,6,2,25,5,-1,-1,-1,-1,1,1,E01013481,0
Unvalidated,2024302400462,2024,302400462,1,9,0,17,6,3,0,0,5,0,0,0,4,1,6,2,65,9,-1,-1,-1,-1,2,1,E01013585,0
Unvalidated,2024302400464,2024,302400464,1,9,0,18,1,3,0,2,5,4,0,0,1,1,6,1,40,7,-1,-1,-1,-1,1,1,E01013481,0
Unvalidated,2024302400464,2024,302400464,2,9,0,2,0,0,0,2,0,0,0,0,3,1,6,3,-1,-1,-1,-1,-1,-1,-1,-1,-1,0
Unvalidated,2024302400464,2024,302400464,3,9,0,2,0,0,0,2,0,0,0,0,4,1,6,3,-1,-1,-1,-1,-1,-1,-1,-1,-1,0
Unvalidated,2024302400465,2024,302400465,1,9,0,9,6,4,0,8,0,0,1,11,1,1,6,2,27,6,-1,-1,-1,-1,3,1,E01019776,0
Unvalidated,2024302400466,2024,302400466,1,9,0,9,7,6,0,8,1,0,1,2,3,1,1,2,31,6,-1,-1,-1,-1,3,1,E01013547,0
Unvalidated,2024302400470,2024,302400470,1,9,0,18,6,2,0,0,2,0,8,11,3,1,6,1,18,4,-1,-1,-1,-1,9,1,E01005835,0
Unvalidated,2024302400471,2024,302400471,1,9,0,13,7,2,0,0,0,0,0,0,1,1,6,1,56,9,-1,-1,-1,-1,7,1,E01005856,0
Unvalidated,2024302400471,2024,302400471,2,9,0,17,2,7,0,0,0,0,0,0,1,1,6,1,28,6,-1,-1,-1,-1,1,1,E01033300,0
Unvalidated,2024302400472,2024,302400472,1,9,0,18,4,8,0,0,0,0,0,0,1,1,6,2,73,10,-1,-1,-1,-1,-1,-1,-1,0
Unvalidated,2024302400473,2024,302400473,1,9,0,9,1,6,0,8,0,0,0,0,4,1,2,2,46,8,-1,-1,-1,-1,4,1,E01019693,0
Unvalidated,2024302400473,2024,302400473,2,21,0,18,2,6,0,8,0,0,0,0,1,1,1,1,51,8,-1,-1,-1,-1,1,1,E01019662,0
Unvalidated,2024302400474,2024,302400474,1,9,0,18,6,2,0,1,0,0,0,0,1,1,6,1,80,11,-1,-1,-1,-1,8,1,E01019707,0
Unvalidated,2024302400474,2024,302400474,2,1,0,18,4,8,0,1,0,0,0,0,4,1,6,1,13,3,-1,-1,-1,-1,9,1,E01019706,0
Unvalidated,2024302400475,2024,302400475,1,19,0,2,0,0,9,8,0,0,0,0,0,1,6,3,-1,-1,-1,-1,-1,-1,-1,-1,-1,0
Unvalidated,2024302400476,2024,302400476,1,9,0,18,1,5,0,0,0,0,0,0,1,1,6,2,57,9,-1,-1,-1,-1,2,1,E01013588,0
Unvalidated,2024302400476,2024,302400476,2,19,0,2,0,0,0,0,0,0,0,0,0,1,6,3,-1,-1,-1,-1,-1,-1,-1,-1,-1,0
Unvalidated,2024302400478,2024,302400478,1,9,0,7,3,5,0,8,0,0,0,0,1,1,6,1,28,6,-1,-1,-1,-1,2,1,E01013585,0
Unvalidated,2024302400478,2024,302400478,2,1,0,18,1,5,0,8,0,0,0,0,4,1,6,1,-1,-1,-1,-1,-1,-1,2,1,E01013571,0
Unvalidated,2024302400481,2024,302400481,1,1,0,18,2,6,0,8,0,0,0,0,1,1,6,1,28,6,-1,-1,-1,-1,1,1,E01013473,0
Unvalidated,2024302400481,2024,302400481,2,9,0,7,2,4,0,8,0,0,0,0,4,1,6,3,-1,-1,-1,-1,-1,-1,5,1,E01019456,0
Unvalidated,2024302400482,2024,302400482,1,9,0,18,7,3,0,1,0,0,0,0,1,1,6,1,39,7,-1,-1,-1,-1,9,1,E01019835,0
Unvalidated,2024302400482,2024,302400482,2,9,0,18,7,3,0,1,0,0,0,0,2,1,6,1,24,5,-1,-1,-1,-1,3,1,E01013453,0
Unvalidated,2024302400482,2024,302400482,3,9,0,12,8,3,0,1,0,0,0,0,0,1,6,3,37,7,-1,-1,-1,-1,6,1,E01029413,0
Unvalidated,2024302400483,2024,302400483,1,5,0,4,8,4,0,0,1,0,1,0,0,1,6,1,67,10,-1,-1,-1,-1,7,3,E01019429,0
Unvalidated,2024302400484,2024,302400484,2,9,0,18,2,6,0,8,0,0,0,0,4,1,6,2,30,6,-1,-1,-1,-1,6,1,E01019585,0
Unvalidated,2024302400485,2024,302400485,1,9,0,18,2,6,0,8,0,0,0,0,3,2,6,1,46,8,-1,-1,-1,-1,2,1,E01013585,0
Unvalidated,2024302400485,2024,302400485,2,9,0,9,6,4,0,1,0,0,0,0,1,1,6,2,79,11,-1,-1,-1,-1,2,1,E01013585,0
Unvalidated,2024302400486,2024,302400486,1,9,0,17,5,2,0,0,0,0,2,7,1,1,6,2,72,10,-1,-1,-1,-1,3,1,E01007533,0
Unvalidated,2024302400487,2024,302400487,1,9,0,14,6,2,0,1,0,4,1,10,1,1,6,2,70,10,-1,-1,-1,-1,9,1,E01013556,0
Unvalidated,2024302400487,2024,302400487,2,9,0,2,0,0,0,1,0,0,0,0,2,1,6,3,-1,-1,-1,-1,-1,-1,-1,-1,-1,0
Unvalidated,2024302400487,2024,302400487,3,9,0,17,1,6,0,1,0,0,0,0,0,1,6,3,-1,-1,-1,-1,-1,-1,5,1,E01019456,0
Unvalidated,2024302400488,2024,302400488,1,11,0,17,5,2,0,2,0,0,0,0,0,1,1,2,42,7,-1,-1,-1,-1,1,1,E01027951,0
Unvalidated,2024302400489,2024,302400489,1,9,0,18,8,4,0,4,0,0,0,0,1,1,1,1,51,8,-1,-1,-1,-1,2,1,E01029447,0
Unvalidated,2024302400489,2024,302400489,2,9,0,17,5,2,0,8,0,0,0,0,4,1,1,1,29,6,-1,-1,-1,-1,-1,-1,-1,0
Unvalidated,2024302400490,2024,302400490,1,9,0,5,1,6,0,8,0,0,1,11,1,1,2,2,20,4,-1,-1,-1,-1,2,1,E01019842,0
Unvalidated,2024302400490,2024,302400490,2,19,0,17,6,2,0,8,0,0,0,0,1,1,2,2,57,9,-1,-1,-1,-1,8,1,E01019872,0
Unvalidated,2024302400491,2024,302400491,1,9,0,9,7,5,0,8,0,0,0,0,3,1,2,2,-1,-1,-1,-1,-1,-1,9,1,E01019857,0
Unvalidated,2024302400491,2024,302400491,2,9,0,17,5,3,0,8,0,0,0,0,1,1,6,2,37,7,-1,-1,-1,-1,7,1,E01013489,0
Unvalidated,2024302400493,2024,302400493,1,9,0,18,6,2,0,4,0,0,0,0,1,1,6,2,41,7,-1,-1,-1,-1,3,1,E01019665,0
Unvalidated,2024302400493,2024,302400493,2,1,0,18,5,2,0,3,0,0,0,0,2,1,2,1,50,8,-1,-1,-1,-1,8,1,E01028093,0
Unvalidated,2024302400494,2024,302400494,1,9,0,4,3,7,0,8,0,0,0,0,2,1,6,2,24,5,-1,-1,-1,-1,-1,-1,-1,0
Unvalidated,2024302400494,2024,302400494,2,9,0,7,3,5,0,8,0,0,0,0,1,1,6,2,48,8,-1,-1,-1,-1,9,1,E01033531,0
Unvalidated,2024302400495,2024,302400495,1,3,0,13,5,1,0,0,0,0,0,0,4,1,6,1,17,4,-1,-1,-1,-1,8,1,E01006045,0
Unvalidated,2024302400495,2024,302400495,2,9,0,9,7,5,0,0,0,0,0,0,1,1,6,1,71,10,-1,-1,-1,-1,10,1,E01019731,0
Unvalidated,2024302400496,2024,302400496,1,19,0,16,4,8,0,8,5,0,7,1,3,1,6,2,34,6,-1,-1,-1,-1,9,1,E01029495,0
Unvalidated,2024302400496,2024,302400496,2,9,0,17,7,4,0,8,1,0,0,0,3,1,6,1,-1,-1,-1,-1,-1,-1,8,3,E01019630,0
Unvalidated,2024302400497,2024,302400497,1,9,0,10,8,6,0,4,0,0,0,0,2,1,6,1,20,4,-1,-1,-1,-1,3,1,E01013453,0
Unvalidated,2024302400497,2024,302400497,2,9,0,18,8,3,0,1,0,0,0,0,1,1,6,2,18,4,-1,-1,-1,-1,2,1,E01013538,0
Unvalidated,2024302400498,2024,302400498,1,19,0,10,6,2,0,8,0,0,0,0,2,1,1,1,32,6,-1,-1,-1,-1,2,1,E01007782,0
Unvalidated,2024302400498,2024,302400498,2,5,0,18,6,2,0,8,1,0,0,0,1,1,6,1,40,7,-1,-1,-1,-1,1,1,E01019509,0
Unvalidated,2024302400499,2024,302400499,1,9,0,9,1,7,0,0,0,0,0,0,3,1,6,1,24,5,-1,-1,-1,-1,6,1,E01013491,0
Unvalidated,2024302400499,2024,302400499,2,1,0,18,5,1,0,0,1,0,1,0,3,1,1,1,43,7,-1,-1,-1,-1,1,1,E01013568,0
Unvalidated,2024302400500,2024,302400500,1,9,0,9,6,4,0,0,0,0,0,0,1,1,1,1,55,8,-1,-1,-1,-1,9,1,E01019462,0
Unvalidated,2024302400500,2024,302400500,2,5,0,18,4,8,0,0,0,0,0,0,4,1,6,1,66,10,-1,-1,-1,-1,8,1,E01019586,0
Unvalidated,2024302400501,2024,302400501,1,9,0,7,1,3,0,2,0,0,0,0,4,1,6,3,-1,-1,-1,-1,-1,-1,5,1,E01019456,0
Unvalidated,2024302400501,2024,302400501,2,20,0,3,7,3,0,1,0,0,0,0,0,1,6,3,-1,-1,-1,-1,-1,-1,5,1,E01019456,0
Unvalidated,2024302400502,2024,302400502,1,9,0,18,5,1,0,0,0,0,0,0,2,1,6,3,-1,-1,-1,-1,-1,-1,5,1,E01019456,0
Unvalidated,2024302400502,2024,302400502,2,9,0,18,5,1,0,0,0,0,0,0,2,1,6,1,32,6,-1,-1,-1,-1,4,1,E01019639,0
Unvalidated,2024302400502,2024,302400502,3,19,0,18,5,1,0,0,0,0,0,0,1,1,6,3,-1,-1,-1,-1,-1,-1,-1,-1,-1,0
Unvalidated,2024302400503,2024,302400503,1,9,0,18,3,7,0,0,0,0,0,0,1,1,6,3,-1,-1,-1,-1,-1,-1,5,1,E01019456,0
Unvalidated,2024302400505,2024,302400505,1,9,0,18,4,8,0,2,0,0,0,0,1,1,6,1,27,6,-1,-1,-1,-1,-1,-1,-1,0
Unvalidated,2024302400505,2024,302400505,2,9,0,10,4,1,0,2,0,0,0,0,0,1,6,1,32,6,-1,-1,-1,-1,3,1,E01013454,0
Unvalidated,2024302400507,2024,302400507,1,9,0,18,3,7,0,0,0,0,0,0,1,1,6,1,42,7,-1,-1,-1,-1,5,1,E01000927,0
Unvalidated,2024302400507,2024,302400507,2,9,0,18,3,7,0,0,0,0,0,0,2,1,6,1,34,6,-1,-1,-1,-1,1,1,E01013865,0
Unvalidated,2024302400508,2024,302400508,1,9,0,9,6,4,0,8,5,0,0,0,1,1,6,2,37,7,-1,-1,-1,-1,7,1,E01019418,0
Unvalidated,2024302400508,2024,302400508,2,9,0,18,2,6,0,8,0,0,0,0,1,1,6,1,30,6,-1,-1,-1,-1,6,1,E01019408,0
Unvalidated,2024302400510,2024,302400510,1,9,0,18,4,8,0,8,5,0,0,0,0,1,6,1,51,8,-1,-1,-1,-1,3,1,E01004030,0
Unvalidated,2024302400510,2024,302400510,2,9,0,9,2,4,0,8,0,0,0,0,0,1,6,1,27,6,-1,-1,-1,-1,3,1,E01029804,0
Unvalidated,2024302400511,2024,302400511,1,20,1,11,1,5,0,0,0,0,0,0,4,1,6,1,-1,-1,-1,-1,-1,-1,6,3,E01022445,0
Unvalidated,2024302400511,2024,302400511,2,9,0,18,1,5,0,0,1,0,5,6,3,1,6,1,20,4,-1,-1,-1,-1,8,1,E01021223,0