status,collision_index,collision_year,collision_reference,vehicle_reference,vehicle_type,towing_and_articulation,vehicle_manoeuvre,vehicle_direction_from,vehicle_direction_to,vehicle_location_restricted_lane,junction_location,skidding_and_overturning,hit_object_in_carriageway,vehicle_leaving_carriageway,hit_object_off_carriageway,first_point_of_impact,vehicle_left_hand_drive,journey_purpose_of_driver,sex_of_driver,age_of_driver,age_band_of_driver,engine_capacity_cc,propulsion_code,age_of_vehicle,generic_make_model,driver_imd_decile,driver_home_area_type,lsoa_of_driver,escooter_flag
Unvalidated,2024302400512,2024,302400512,1,9,0,18,2,6,0,0,0,0,0,0,4,1,6,2,70,10,-1,-1,-1,-1,4,1,E01006026,0
Unvalidated,2024302400515,2024,302400515,1,9,0,9,1,7,0,8,0,0,0,0,3,1,6,2,50,8,-1,-1,-1,-1,4,1,E01013459,0
Unvalidated,2024302400515,2024,302400515,2,9,0,18,7,3,0,8,0,0,0,0,1,1,6,1,34,6,-1,-1,-1,-1,7,1,E01013489,0
Unvalidated,2024302400517,2024,302400517,1,9,0,4,5,1,0,1,0,0,0,0,1,1,6,1,37,7,-1,-1,-1,-1,1,1,E01009056,0
Unvalidated,2024302400520,2024,302400520,1,9,0,9,1,7,0,8,0,0,0,0,1,1,6,2,41,7,-1,-1,-1,-1,2,1,E01032879,0
Unvalidated,2024302400520,2024,302400520,2,9,0,18,3,7,0,8,0,0,1,0,3,1,6,1,25,5,-1,-1,-1,-1,7,1,E01019537,0
Unvalidated,2024302400521,2024,302400521,1,9,0,18,5,1,0,8,0,0,0,0,1,1,6,2,23,5,-1,-1,-1,-1,-1,-1,-1,0
Unvalidated,2024302400521,2024,302400521,2,9,0,10,7,5,0,6,0,0,0,0,1,1,6,1,20,4,-1,-1,-1,-1,3,1,E01019487,0
Unvalidated,2024302400522,2024,302400522,1,9,0,9,3,1,0,8,0,0,0,0,3,1,6,1,52,8,-1,-1,-1,-1,1,1,E01013567,0
Unvalidated,2024302400522,2024,302400522,2,9,0,18,8,4,0,1,0,0,0,0,3,1,6,1,-1,-1,-1,-1,-1,-1,1,1,E01013590,0
Unvalidated,2024302400523,2024,302400523,1,11,0,17,7,1,0,6,0,0,1,11,1,1,1,2,64,9,-1,-1,-1,-1,4,2,E01028260,0
Unvalidated,2024302400525,2024,302400525,1,9,0,18,3,7,0,1,0,0,0,0,1,1,6,1,34,6,-1,-1,-1,-1,8,1,E01019583,0
Unvalidated,2024302400526,2024,302400526,1,9,0,18,8,4,0,0,0,0,5,6,3,1,1,1,31,6,-1,-1,-1,-1,-1,-1,-1,0
Unvalidated,2024302400526,2024,302400526,2,9,0,18,8,4,0,0,0,0,4,6,4,1,6,1,29,6,-1,-1,-1,-1,6,2,E01019608,0
Unvalidated,2024302400526,2024,302400526,3,9,0,4,8,4,0,0,0,0,0,0,0,1,6,1,-1,-1,-1,-1,-1,-1,1,1,E01008083,0
Unvalidated,2024302400527,2024,302400527,1,9,0,18,2,6,0,1,0,0,0,0,1,1,2,1,55,8,-1,-1,-1,-1,9,1,E01029368,0
Unvalidated,2024302400528,2024,302400528,1,9,0,5,4,8,0,2,0,0,0,0,1,1,6,2,81,11,-1,-1,-1,-1,8,2,E01019734,0
Unvalidated,2024302400528,2024,302400528,2,9,0,5,8,4,0,1,0,0,0,0,1,1,6,1,75,10,-1,-1,-1,-1,8,2,E01019734,0
Unvalidated,2024302400529,2024,302400529,1,9,0,9,5,3,0,8,0,0,0,0,3,1,1,2,50,8,-1,-1,-1,-1,1,1,E01013591,0
Unvalidated,2024302400529,2024,302400529,2,9,0,9,5,3,0,8,5,0,0,0,1,1,6,1,79,11,-1,-1,-1,-1,1,1,E01013591,0
Unvalidated,2024302400530,2024,302400530,1,9,0,18,8,4,0,0,0,0,0,0,1,1,1,2,26,6,-1,-1,-1,-1,4,1,E01027960,0
Unvalidated,2024302400531,2024,302400531,1,21,0,11,1,5,0,0,0,0,0,0,4,1,1,1,60,9,-1,-1,-1,-1,3,1,E01010825,0
Unvalidated,2024302400531,2024,302400531,2,9,0,18,1,5,0,0,0,0,0,0,3,1,2,1,56,9,-1,-1,-1,-1,2,1,E01007517,0
Unvalidated,2024302400532,2024,302400532,1,9,0,18,8,4,0,8,0,0,0,0,1,1,1,1,45,7,-1,-1,-1,-1,8,1,E01009669,0
Unvalidated,2024302400532,2024,302400532,2,90,0,18,1,5,0,8,0,0,0,0,3,1,6,1,11,3,-1,-1,-1,-1,3,1,E01019777,1
Unvalidated,2024302400533,2024,302400533,1,5,0,18,5,1,0,8,0,0,0,0,4,1,6,1,50,8,-1,-1,-1,-1,3,1,E01019531,0
Unvalidated,2024302400533,2024,302400533,2,9,0,9,5,1,0,1,0,0,0,0,2,1,6,2,51,8,-1,-1,-1,-1,8,2,E01019734,0
Unvalidated,2024302400535,2024,302400535,1,9,0,18,7,3,0,0,0,0,0,0,1,1,6,1,69,10,-1,-1,-1,-1,5,2,E01029464,0
Unvalidated,2024302400535,2024,302400535,2,1,0,18,7,3,0,0,0,0,0,0,2,1,6,1,71,10,-1,-1,-1,-1,8,1,E01019874,0
Unvalidated,2024302400536,2024,302400536,1,3,0,13,7,3,0,0,0,0,0,0,1,1,6,1,21,5,-1,-1,-1,-1,5,2,E01028002,0
Unvalidated,2024302400536,2024,302400536,2,3,0,13,7,3,0,0,0,0,0,0,1,1,6,1,22,5,-1,-1,-1,-1,1,2,E01028001,0
Unvalidated,2024302400536,2024,302400536,3,9,0,18,3,7,0,0,0,0,0,0,1,1,6,1,66,10,-1,-1,-1,-1,6,3,E01019815,0
Unvalidated,2024302400537,2024,302400537,1,9,0,5,8,4,0,8,0,0,0,0,3,1,3,2,36,7,-1,-1,-1,-1,2,1,E01013477,0
Unvalidated,2024302400537,2024,302400537,2,9,0,17,4,2,0,8,0,0,0,0,1,1,2,1,56,9,-1,-1,-1,-1,2,1,E01013499,0
Unvalidated,2024302400538,2024,302400538,1,9,0,18,7,3,0,2,0,0,0,0,1,1,6,1,73,10,-1,-1,-1,-1,2,1,E01019576,0
Unvalidated,2024302400539,2024,302400539,1,9,0,7,4,6,0,1,0,0,0,0,4,1,6,3,-1,-1,-1,-1,-1,-1,5,1,E01019456,0
Unvalidated,2024302400540,2024,302400540,1,9,0,9,6,4,0,8,0,0,0,0,4,1,1,1,35,6,-1,-1,-1,-1,1,1,E01013591,0
Unvalidated,2024302400540,2024,302400540,2,1,0,18,8,4,0,8,0,0,0,0,1,1,6,2,17,4,-1,-1,-1,-1,2,1,E01013504,0
Unvalidated,2024302400541,2024,302400541,1,9,0,18,2,6,0,0,0,0,0,0,1,1,6,1,59,9,-1,-1,-1,-1,8,1,E01011889,0
Unvalidated,2024302400542,2024,302400542,1,9,0,18,1,5,0,0,0,0,0,0,1,1,6,1,32,6,-1,-1,-1,-1,3,1,E01013455,0
Unvalidated,2024302400542,2024,302400542,2,90,0,18,1,5,0,0,0,0,0,0,2,1,1,1,24,5,-1,-1,-1,-1,7,2,E01019612,0
Unvalidated,2024302400543,2024,302400543,1,9,0,16,6,2,0,0,0,0,0,0,3,1,6,2,39,7,-1,-1,-1,-1,5,1,E01019451,0
Unvalidated,2024302400543,2024,302400543,2,9,0,17,2,6,0,0,0,0,0,0,3,1,6,2,39,7,-1,-1,-1,-1,-1,2,-1,0
Unvalidated,2024302400544,2024,302400544,1,90,0,1,2,6,0,0,0,0,0,0,2,2,6,1,50,8,-1,-1,-1,-1,-1,-1,-1,0
Unvalidated,2024302400544,2024,302400544,2,5,0,3,6,2,0,0,0,0,0,0,1,1,6,1,60,9,-1,-1,-1,-1,9,1,E01007631,0
Unvalidated,2024302400544,2024,302400544,3,90,0,3,2,6,0,0,0,0,0,0,0,1,6,3,-1,-1,-1,-1,-1,-1,5,1,E01019456,0
Unvalidated,2024302400545,2024,302400545,1,9,0,18,6,2,0,1,2,0,7,0,1,1,6,1,87,11,-1,-1,-1,-1,5,1,E01019438,0
Unvalidated,2024302400545,2024,302400545,2,9,0,18,2,6,0,2,0,0,0,0,3,1,6,2,55,8,-1,-1,-1,-1,8,1,E01028093,0
Unvalidated,2024302400546,2024,302400546,1,9,0,9,1,6,0,8,0,0,0,0,0,1,2,2,28,6,-1,-1,-1,-1,4,1,E01019679,0
Unvalidated,2024302400546,2024,302400546,2,1,0,18,6,3,0,8,1,0,0,0,1,1,6,1,52,8,-1,-1,-1,-1,8,1,E01019659,0
Unvalidated,2024302400547,2024,302400547,1,9,0,9,2,8,0,8,1,0,0,0,1,1,2,2,20,4,-1,-1,-1,-1,5,1,E01013519,0
Unvalidated,2024302400547,2024,302400547,2,9,0,18,4,8,0,8,0,0,0,0,1,1,2,1,61,9,-1,-1,-1,-1,7,1,E01029491,0
Unvalidated,2024302400548,2024,302400548,1,9,0,9,3,1,0,6,0,0,0,0,3,1,6,2,43,7,-1,-1,-1,-1,3,1,E01019777,0
Unvalidated,2024302400548,2024,302400548,2,3,0,18,1,5,0,1,0,0,0,0,1,1,6,1,35,6,-1,-1,-1,-1,3,1,E01019777,0
Unvalidated,2024302400549,2024,302400549,1,9,0,7,4,7,0,6,0,0,0,0,0,1,6,2,62,9,-1,-1,-1,-1,7,1,E01019700,0
Unvalidated,2024302400549,2024,302400549,2,9,0,18,3,7,0,8,1,0,0,0,3,1,6,2,25,5,-1,-1,-1,-1,4,1,E01028185,0
Unvalidated,2024302400549,2024,302400549,3,9,0,18,3,7,0,8,5,0,0,0,1,1,6,2,21,5,-1,-1,-1,-1,5,1,E01013582,0
Unvalidated,2024302400550,2024,302400550,1,5,0,18,4,8,0,1,0,0,4,6,1,1,6,1,35,6,-1,-1,-1,-1,3,1,E01013828,0
Unvalidated,2024302400550,2024,302400550,2,1,0,18,5,1,0,6,0,0,0,0,1,1,1,1,33,6,-1,-1,-1,-1,3,1,E01014141,0
Unvalidated,2024302400551,2024,302400551,1,9,0,9,3,1,0,8,0,0,0,0,4,1,6,2,24,5,-1,-1,-1,-1,5,1,E01028129,0
Unvalidated,2024302400551,2024,302400551,2,90,0,18,7,3,0,8,0,0,0,0,1,1,6,3,21,5,-1,-1,-1,-1,1,1,E01019664,1
Unvalidated,2024302400552,2024,302400552,1,3,0,5,6,2,0,1,1,0,0,0,1,1,6,1,25,5,-1,-1,-1,-1,-1,-1,-1,0
Unvalidated,2024302400553,2024,302400553,1,11,0,2,0,0,0,0,0,0,0,0,0,1,1,1,28,6,-1,-1,-1,-1,6,1,E01019434,0
Unvalidated,2024302400554,2024,302400554,1,8,0,18,2,6,0,0,0,0,0,0,1,1,6,3,-1,-1,-1,-1,-1,-1,5,1,E01019456,0
Unvalidated,2024302400554,2024,302400554,2,8,0,18,6,2,0,0,0,0,0,0,1,1,6,2,-1,-1,-1,-1,-1,-1,3,1,E01019730,0
Unvalidated,2024302400555,2024,302400555,1,9,0,18,8,4,0,0,0,0,8,1,1,1,6,1,42,7,-1,-1,-1,-1,7,1,E01019655,0
Unvalidated,2024302400555,2024,302400555,2,9,0,18,4,8,0,0,0,0,0,0,1,1,6,2,75,10,-1,-1,-1,-1,9,1,E01019684,0
Unvalidated,2024302400555,2024,302400555,3,9,0,18,4,8,0,0,0,0,0,0,1,1,6,1,66,10,-1,-1,-1,-1,8,1,E01019685,0
Unvalidated,2024302400556,2024,302400556,1,9,0,9,8,6,0,8,0,0,0,0,1,1,6,2,33,6,-1,-1,-1,-1,6,2,E01019608,0
Unvalidated,2024302400556,2024,302400556,2,5,0,18,2,6,0,8,0,0,0,0,3,1,6,1,39,7,-1,-1,-1,-1,5,2,E01019520,0
Unvalidated,2024302400557,2024,302400557,1,3,0,17,2,7,0,2,1,0,1,3,3,1,6,1,21,5,-1,-1,-1,-1,7,3,E01019472,0
Unvalidated,2024302400558,2024,302400558,1,9,0,2,0,0,0,1,0,0,0,0,0,1,6,3,-1,-1,-1,-1,-1,-1,-1,-1,-1,0
Unvalidated,2024302400558,2024,302400558,2,19,0,18,1,7,0,1,0,0,0,0,4,1,6,3,-1,-1,-1,-1,-1,-1,5,1,E01019456,0
Unvalidated,2024302400559,2024,302400559,1,5,0,18,8,4,0,0,0,0,0,0,1,1,6,1,63,9,-1,-1,-1,-1,1,1,E01018462,0
Unvalidated,2024302400560,2024,302400560,1,9,0,8,6,8,0,1,0,0,0,0,4,2,6,2,20,4,-1,-1,-1,-1,1,1,E01013590,0
Unvalidated,2024302400560,2024,302400560,2,1,0,18,8,4,0,1,0,0,0,0,1,1,6,1,16,4,-1,-1,-1,-1,4,1,E01013515,0
Unvalidated,2024302400561,2024,302400561,1,9,0,18,8,4,0,1,0,0,0,0,0,1,6,1,21,5,-1,-1,-1,-1,-1,-1,-1,0
Unvalidated,2024302400563,2024,302400563,1,8,0,9,4,2,0,6,0,0,0,0,1,1,1,1,25,5,-1,-1,-1,-1,4,1,E01013459,0
Unvalidated,2024302400563,2024,302400563,2,1,0,9,6,4,0,8,0,0,0,0,3,1,6,1,21,5,-1,-1,-1,-1,5,2,E01019428,0
Unvalidated,2024302400564,2024,302400564,1,9,0,5,3,7,0,0,0,0,0,0,3,1,6,2,20,4,-1,-1,-1,-1,3,1,E01033265,0
Unvalidated,2024302400564,2024,302400564,2,5,0,18,3,7,0,0,0,0,0,0,1,1,6,1,39,7,-1,-1,-1,-1,1,1,E01005121,0
Unvalidated,2024302400566,2024,302400566,1,9,0,7,6,8,0,2,0,0,0,0,1,1,1,1,-1,-1,-1,-1,-1,-1,5,1,E01019456,0
Unvalidated,2024302400566,2024,302400566,2,90,0,18,2,6,0,2,0,0,0,0,1,1,6,1,16,4,-1,-1,-1,-1,-1,-1,-1,1
Unvalidated,2024302400567,2024,302400567,1,9,0,7,8,2,0,2,1,0,0,0,1,1,6,3,-1,-1,-1,-1,-1,-1,5,1,E01019456,0
Unvalidated,2024302400567,2024,302400567,2,9,0,18,2,6,0,1,0,0,0,0,3,1,6,1,26,6,-1,-1,-1,-1,3,1,E01019569,0
Unvalidated,2024302400568,2024,302400568,1,9,0,18,7,3,0,8,0,0,0,0,1,1,6,1,34,6,-1,-1,-1,-1,3,3,E01019508,0
Unvalidated,2024302400568,2024,302400568,2,9,0,18,3,7,0,8,0,0,0,0,1,1,6,1,75,10,-1,-1,-1,-1,3,1,E01019484,0
Unvalidated,2024302400569,2024,302400569,1,9,0,8,6,1,0,1,0,0,0,0,3,1,6,2,58,9,-1,-1,-1,-1,7,1,E01019671,0
Unvalidated,2024302400569,2024,302400569,2,9,0,17,4,1,0,8,0,0,0,0,1,1,1,2,28,6,-1,-1,-1,-1,4,1,E01013555,0
Unvalidated,2024302400570,2024,302400570,1,9,0,14,7,3,0,0,0,0,0,0,1,1,6,2,37,7,-1,-1,-1,-1,1,1,E01019444,0
Unvalidated,2024302400573,2024,302400573,1,9,0,4,1,5,0,0,0,0,0,0,1,1,6,3,-1,-1,-1,-1,-1,-1,5,1,E01019456,0
Unvalidated,2024302400573,2024,302400573,2,9,0,4,1,5,0,0,0,0,0,0,2,1,6,1,57,9,-1,-1,-1,-1,1,1,E01019650,0
Unvalidated,2024302400574,2024,302400574,1,2,0,9,8,6,0,8,0,0,0,0,4,1,6,1,17,4,-1,-1,-1,-1,3,1,E01029472,0
Unvalidated,2024302400574,2024,302400574,2,9,0,18,4,8,0,8,0,0,0,0,1,1,6,2,76,11,-1,-1,-1,-1,9,1,E01029414,0
Unvalidated,2024302400575,2024,302400575,1,11,0,4,8,4,0,0,0,0,0,0,0,1,1,1,48,8,-1,-1,-1,-1,6,1,E01019585,0
Unvalidated,2024302400576,2024,302400576,1,5,0,16,5,8,0,0,0,0,0,0,1,1,6,1,34,6,-1,-1,-1,-1,3,1,E01027991,0
Unvalidated,2024302400576,2024,302400576,2,9,0,17,8,5,0,0,0,0,0,0,1,1,6,2,53,8,-1,-1,-1,-1,4,1,E01019417,0
Unvalidated,2024302400577,2024,302400577,1,9,0,5,2,6,0,1,0,0,0,0,1,1,6,2,40,7,-1,-1,-1,-1,3,1,E01013547,0
Unvalidated,2024302400577,2024,302400577,2,9,0,6,2,2,0,8,0,0,0,0,3,1,6,2,19,4,-1,-1,-1,-1,10,3,E01019881,0
Unvalidated,2024302400578,2024,302400578,1,9,0,18,3,7,0,0,0,0,0,0,1,1,6,2,20,4,-1,-1,-1,-1,2,1,E01013588,0
Unvalidated,2024302400578,2024,302400578,2,9,0,18,3,7,0,0,1,0,0,0,1,1,1,2,58,9,-1,-1,-1,-1,1,1,E01013472,0
Unvalidated,2024302400578,2024,302400578,3,9,0,18,3,7,0,0,0,0,0,0,2,1,6,2,55,8,-1,-1,-1,-1,5,1,E01013938,0
Unvalidated,2024302400578,2024,302400578,4,9,0,18,3,7,0,0,0,0,0,0,3,1,6,1,72,10,-1,-1,-1,-1,2,1,E01013521,0
Unvalidated,2024302400578,2024,302400578,5,9,0,5,3,7,0,0,0,0,0,0,0,1,6,3,-1,-1,-1,-1,-1,-1,5,1,E01019456,0
Unvalidated,2024302400579,2024,302400579,1,9,0,4,8,4,0,0,0,0,0,0,2,1,6,2,57,9,-1,-1,-1,-1,9,3,E01019632,0
Unvalidated,2024302400579,2024,302400579,2,3,0,4,8,4,0,0,1,0,0,0,1,1,6,2,45,7,-1,-1,-1,-1,1,1,E01019650,0
Unvalidated,2024302400579,2024,302400579,3,9,0,4,8,4,0,0,0,0,0,0,0,1,6,3,-1,-1,-1,-1,-1,-1,5,1,E01019456,0
Unvalidated,2024302400580,2024,302400580,1,9,0,18,3,7,0,1,0,0,0,0,1,1,2,1,41,7,-1,-1,-1,-1,3,1,E01013553,0
Unvalidated,2024302400581,2024,302400581,1,90,0,18,2,6,0,0,0,0,0,0,3,2,6,3,-1,-1,-1,-1,-1,-1,5,1,E01019456,0
Unvalidated,2024302400581,2024,302400581,2,9,0,3,6,2,0,0,0,0,0,0,3,1,6,1,32,6,-1,-1,-1,-1,8,1,E01019859,0
Unvalidated,2024302400583,2024,302400583,1,9,0,18,3,7,0,0,0,0,1,1,1,1,6,1,21,5,-1,-1,-1,-1,7,1,E01003848,0
Unvalidated,2024302400584,2024,302400584,1,9,0,16,6,1,0,1,0,0,0,0,3,1,6,1,26,6,-1,-1,-1,-1,2,1,E01007395,0
Unvalidated,2024302400584,2024,302400584,2,9,0,17,1,6,0,1,0,0,0,0,3,1,6,1,41,7,-1,-1,-1,-1,3,1,E01019531,0
Unvalidated,2024302400585,2024,302400585,1,9,0,16,4,8,0,0,0,0,0,0,1,1,6,2,64,9,-1,-1,-1,-1,1,1,E01025151,0
Unvalidated,2024302400585,2024,302400585,2,9,0,17,8,4,0,0,0,0,0,0,1,1,6,2,50,8,-1,-1,-1,-1,9,2,E01018575,0
Unvalidated,2024302400586,2024,302400586,1,9,0,1,1,5,0,8,0,0,0,0,4,1,2,1,23,5,-1,-1,-1,-1,9,2,E01019446,0
Unvalidated,2024302400586,2024,302400586,2,2,0,18,7,3,0,7,0,0,0,0,1,1,6,1,16,4,-1,-1,-1,-1,7,3,E01019448,0
Unvalidated,2024302400588,2024,302400588,1,9,0,9,1,6,0,8,0,0,0,0,1,1,6,1,60,9,-1,-1,-1,-1,6,1,E01013505,0
Unvalidated,2024302400588,2024,302400588,2,3,0,18,6,2,0,8,0,0,0,0,4,1,2,2,33,6,-1,-1,-1,-1,6,1,E01013507,0
Unvalidated,2024302400589,2024,302400589,1,9,0,18,7,3,0,0,0,4,0,0,1,1,6,1,49,8,-1,-1,-1,-1,8,3,E01019714,0
Unvalidated,2024302400589,2024,302400589,2,9,0,2,0,0,0,0,0,0,0,0,2,1,1,1,-1,-1,-1,-1,-1,-1,5,1,E01019456,0
Unvalidated,2024302400590,2024,302400590,1,20,0,18,8,4,0,0,0,0,0,0,1,1,1,1,54,8,-1,-1,-1,-1,10,1,E01018663,0
Unvalidated,2024302400590,2024,302400590,2,11,0,18,8,4,0,0,0,0,0,0,2,1,1,1,42,7,-1,-1,-1,-1,2,1,E01019571,0
Unvalidated,2024302400591,2024,302400591,1,9,0,16,5,1,0,1,0,0,0,0,1,1,2,2,29,6,-1,-1,-1,-1,8,1,E01008050,0
Unvalidated,2024302400591,2024,302400591,2,9,0,10,1,6,0,1,0,0,0,0,1,1,6,1,59,9,-1,-1,-1,-1,6,1,-1,0
Unvalidated,2024302400591,2024,302400591,3,9,0,4,1,5,0,1,0,0,0,0,1,1,1,1,45,7,-1,-1,-1,-1,9,3,E01019430,0
Unvalidated,2024302400592,2024,302400592,1,9,0,4,7,3,0,0,0,0,0,0,3,1,6,2,33,6,-1,-1,-1,-1,7,1,E01019539,0
Unvalidated,2024302400593,2024,302400593,1,9,0,13,6,2,0,0,1,0,7,10,3,1,6,1,71,10,-1,-1,-1,-1,4,1,E01019690,0
Unvalidated,2024302400593,2024,302400593,2,17,0,18,6,2,0,0,0,0,0,0,0,1,6,3,-1,-1,-1,-1,-1,-1,5,1,E01019456,0
Unvalidated,2024302400594,2024,302400594,1,9,0,4,3,8,0,1,0,0,0,0,1,1,2,1,66,10,-1,-1,-1,-1,1,1,E01012445,0
Unvalidated,2024302400594,2024,302400594,2,9,0,4,3,8,0,1,0,0,0,0,2,1,6,1,22,5,-1,-1,-1,-1,6,3,E01019866,0
Unvalidated,2024302400595,2024,302400595,1,9,0,7,5,7,0,6,0,0,0,0,1,1,6,1,39,7,-1,-1,-1,-1,6,1,E01019873,0
Unvalidated,2024302400595,2024,302400595,2,8,0,18,3,7,0,1,0,0,0,0,4,1,1,1,34,6,-1,-1,-1,-1,2,1,E01013483,0
Unvalidated,2024302400596,2024,302400596,1,9,0,18,4,8,0,8,0,0,7,2,1,1,2,1,43,7,-1,-1,-1,-1,2,1,E01013483,0
Unvalidated,2024302400596,2024,302400596,2,9,0,9,4,2,0,8,0,0,0,0,3,1,6,3,-1,-1,-1,-1,-1,-1,5,1,E01019456,0
Unvalidated,2024302400597,2024,302400597,1,9,0,5,8,4,0,0,0,0,0,0,4,1,6,1,94,11,-1,-1,-1,-1,2,1,E01013597,0
Unvalidated,2024302400598,2024,302400598,1,2,0,18,6,2,0,3,0,0,0,0,1,1,6,2,47,8,-1,-1,-1,-1,1,1,E01013456,0
Unvalidated,2024302400598,2024,302400598,2,9,0,3,2,8,0,4,0,0,0,0,1,1,6,2,86,11,-1,-1,-1,-1,9,1,E01019706,0
Unvalidated,2024302400599,2024,302400599,1,9,0,18,8,4,0,8,0,0,0,0,1,1,3,2,39,7,-1,-1,-1,-1,3,1,E01019667,0
Unvalidated,2024302400599,2024,302400599,2,9,0,18,2,6,0,8,0,0,0,0,1,1,1,2,30,6,-1,-1,-1,-1,3,1,E01028127,0
Unvalidated,2024302400601,2024,302400601,1,3,0,17,4,2,0,8,0,0,0,0,1,1,6,1,20,4,-1,-1,-1,-1,3,1,E01019730,0
Unvalidated,2024302400601,2024,302400601,2,9,0,7,7,2,0,8,0,0,0,0,3,1,6,1,64,9,-1,-1,-1,-1,1,1,E01004839,0
Unvalidated,2024302400602,2024,302400602,1,9,0,9,4,2,0,8,0,0,0,0,4,1,6,1,42,7,-1,-1,-1,-1,1,1,E01013570,0
Unvalidated,2024302400602,2024,302400602,2,9,0,18,8,4,0,8,0,0,0,0,1,1,2,1,46,8,-1,-1,-1,-1,1,1,E01013920,0
Unvalidated,2024302400603,2024,302400603,2,1,0,17,1,5,0,8,0,0,0,0,1,1,1,3,-1,-1,-1,-1,-1,-1,5,1,E01019456,0
Unvalidated,2024302400604,2024,302400604,1,9,0,9,4,2,0,8,0,0,0,0,3,1,2,2,24,5,-1,-1,-1,-1,9,1,E01025951,0
Unvalidated,2024302400604,2024,302400604,2,4,0,14,2,6,0,1,0,0,0,0,1,1,6,1,18,4,-1,-1,-1,-1,10,1,E01019860,0
Unvalidated,2024302400605,2024,302400605,1,9,0,14,7,3,0,8,2,0,0,0,4,2,6,2,24,5,-1,-1,-1,-1,3,1,E01019692,0
Unvalidated,2024302400605,2024,302400605,2,9,0,18,1,5,0,8,0,0,0,0,1,2,6,2,26,6,-1,-1,-1,-1,6,1,E01028108,0
Unvalidated,2024302400605,2024,302400605,3,19,0,2,0,0,0,1,0,0,0,0,0,1,6,3,-1,-1,-1,-1,-1,-1,-1,-1,-1,0
Unvalidated,2024302400606,2024,302400606,1,9,0,13,4,8,0,0,0,0,0,0,1,1,6,3,66,10,-1,-1,-1,-1,2,1,E01013521,0
Unvalidated,2024302400606,2024,302400606,2,1,0,9,4,8,0,0,0,0,0,0,3,1,6,3,55,8,-1,-1,-1,-1,4,1,E01013537,0
Unvalidated,2024302400607,2024,302400607,1,9,0,9,1,7,0,8,0,0,0,0,3,1,6,1,63,9,-1,-1,-1,-1,3,1,E01033387,0
Unvalidated,2024302400607,2024,302400607,2,3,0,18,7,3,0,8,0,0,0,0,1,1,1,1,35,6,-1,-1,-1,-1,2,1,E01013581,0
Unvalidated,2024302400608,2024,302400608,1,9,0,18,2,6,0,0,0,0,0,0,4,1,6,2,33,6,-1,-1,-1,-1,9,1,E01013556,0
Unvalidated,2024302400610,2024,302400610,1,9,0,18,6,2,0,0,0,0,0,0,1,1,2,2,52,8,-1,-1,-1,-1,5,2,E01019428,0
Unvalidated,2024302400610,2024,302400610,2,9,0,4,6,2,0,0,0,0,0,0,2,1,2,2,57,9,-1,-1,-1,-1,8,3,E01019449,0
Unvalidated,2024302400610,2024,302400610,3,9,0,6,6,6,0,0,0,0,0,0,0,1,6,3,-1,-1,-1,-1,-1,-1,5,1,E01019456,0
Unvalidated,2024302400611,2024,302400611,1,9,0,7,4,6,0,8,0,0,0,0,1,1,6,3,-1,-1,-1,-1,-1,-1,5,1,E01019456,0
Unvalidated,2024302400611,2024,302400611,2,1,0,18,4,6,0,8,0,0,0,0,3,1,6,2,53,8,-1,-1,-1,-1,5,1,E01013518,0
Unvalidated,2024302400613,2024,302400613,1,9,0,18,8,4,0,2,0,0,0,0,1,1,6,3,-1,-1,-1,-1,-1,-1,5,1,E01019456,0
Unvalidated,2024302400614,2024,302400614,1,9,0,18,1,5,0,8,0,0,0,0,3,1,6,2,52,8,-1,-1,-1,-1,4,2,E01019813,0
Unvalidated,2024302400614,2024,302400614,2,9,0,9,8,5,0,8,0,0,0,0,1,1,6,2,84,11,-1,-1,-1,-1,7,3,E01019477,0
Unvalidated,2024302400615,2024,302400615,1,9,0,17,4,2,0,0,0,0,1,11,1,1,6,1,33,6,-1,-1,-1,-1,5,1,E01005964,0
Unvalidated,2024302400616,2024,302400616,1,9,0,2,0,0,0,2,0,0,0,0,3,1,6,1,53,8,-1,-1,-1,-1,6,1,E01013491,0
Unvalidated,2024302400616,2024,302400616,2,1,0,14,3,7,0,2,0,0,0,0,1,1,6,1,33,6,-1,-1,-1,-1,1,1,E01013484,0
Unvalidated,2024302400617,2024,302400617,1,9,0,15,6,2,0,1,0,0,0,0,3,1,6,1,20,4,-1,-1,-1,-1,8,1,E01029590,0
Unvalidated,2024302400617,2024,302400617,2,5,0,15,6,2,0,8,0,0,0,0,4,1,6,1,63,9,-1,-1,-1,-1,10,1,E01012486,0
Unvalidated,2024302400617,2024,302400617,3,9,0,9,6,2,0,8,0,0,0,0,0,1,6,3,-1,-1,-1,-1,-1,-1,5,1,E01019456,0
Unvalidated,2024302400617,2024,302400617,4,9,0,1,2,6,0,8,0,0,0,0,0,1,6,3,-1,-1,-1,-1,-1,-1,5,1,E01019456,0
Unvalidated,2024302400618,2024,302400618,1,9,0,18,3,7,0,0,5,4,0,0,3,1,6,2,38,7,-1,-1,-1,-1,2,1,E01013552,0
Unvalidated,2024302400618,2024,302400618,2,9,0,2,0,0,9,0,1,0,0,0,3,1,6,3,-1,-1,-1,-1,-1,-1,-1,-1,-1,0