status,collision_index,collision_year,collision_reference,vehicle_reference,vehicle_type,towing_and_articulation,vehicle_manoeuvre,vehicle_direction_from,vehicle_direction_to,vehicle_location_restricted_lane,junction_location,skidding_and_overturning,hit_object_in_carriageway,vehicle_leaving_carriageway,hit_object_off_carriageway,first_point_of_impact,vehicle_left_hand_drive,journey_purpose_of_driver,sex_of_driver,age_of_driver,age_band_of_driver,engine_capacity_cc,propulsion_code,age_of_vehicle,generic_make_model,driver_imd_decile,driver_home_area_type,lsoa_of_driver,escooter_flag
Unvalidated,2024302400619,2024,302400619,1,9,0,6,5,5,0,0,0,0,1,11,4,1,2,1,21,5,-1,-1,-1,-1,7,1,E01019460,0
Unvalidated,2024302400619,2024,302400619,2,97,0,18,5,1,0,0,0,0,0,0,1,1,2,2,46,8,-1,-1,-1,-1,3,1,E01013470,0
Unvalidated,2024302400622,2024,302400622,1,9,0,18,7,3,0,7,1,0,1,3,1,1,6,1,18,4,-1,-1,-1,-1,8,3,E01019868,0
Unvalidated,2024302400625,2024,302400625,1,9,0,18,6,2,0,2,0,0,0,0,3,1,6,1,35,6,-1,-1,-1,-1,10,1,E01013461,0
Unvalidated,2024302400625,2024,302400625,2,9,0,18,2,6,0,1,0,0,0,0,0,1,6,1,48,8,-1,-1,-1,-1,3,1,E01013553,0
Unvalidated,2024302400628,2024,302400628,1,9,0,18,6,2,0,0,0,0,1,4,1,1,6,1,23,5,-1,-1,-1,-1,5,1,E01008105,0
Unvalidated,2024302400629,2024,302400629,1,9,0,18,1,5,0,0,0,0,0,0,1,1,6,2,58,9,-1,-1,-1,-1,5,1,E01029462,0
Unvalidated,2024302400629,2024,302400629,2,9,0,18,1,5,0,0,0,0,0,0,1,1,6,2,29,6,-1,-1,-1,-1,1,1,E01009475,0
Unvalidated,2024302400629,2024,302400629,3,9,0,18,1,5,0,0,0,0,0,0,2,1,6,1,52,8,-1,-1,-1,-1,7,1,E01009646,0
Unvalidated,2024302400630,2024,302400630,1,9,0,16,1,4,0,0,1,0,1,4,1,1,6,1,26,6,-1,-1,-1,-1,2,1,E01019579,0
Unvalidated,2024302400631,2024,302400631,1,9,0,2,0,0,0,0,0,0,0,0,2,1,6,1,64,9,-1,-1,-1,-1,6,1,E01027948,0
Unvalidated,2024302400631,2024,302400631,2,9,0,16,8,2,0,0,1,0,0,0,1,1,6,1,48,8,-1,-1,-1,-1,-1,-1,-1,0
Unvalidated,2024302400634,2024,302400634,1,3,0,7,3,1,0,6,0,0,0,0,0,1,6,2,51,8,-1,-1,-1,-1,7,2,E01025819,0
Unvalidated,2024302400635,2024,302400635,1,1,0,17,8,7,0,2,0,0,0,0,1,1,6,1,46,8,-1,-1,-1,-1,8,1,E01013526,0
Unvalidated,2024302400636,2024,302400636,1,9,0,9,5,3,0,8,0,0,0,0,4,1,1,1,60,9,-1,-1,-1,-1,-1,-1,-1,0
Unvalidated,2024302400636,2024,302400636,2,3,0,18,1,5,0,8,0,0,0,0,1,1,6,1,32,6,-1,-1,-1,-1,6,1,E01007771,0
Unvalidated,2024302400637,2024,302400637,1,9,0,18,3,7,0,2,0,0,0,0,4,1,6,2,85,11,-1,-1,-1,-1,8,1,E01019540,0
Unvalidated,2024302400639,2024,302400639,1,9,0,8,6,8,0,1,0,0,0,0,4,1,1,1,34,6,-1,-1,-1,-1,2,1,E01019469,0
Unvalidated,2024302400639,2024,302400639,2,1,0,18,8,4,0,1,1,0,0,0,1,1,6,1,14,3,-1,-1,-1,-1,3,1,E01019468,0
Unvalidated,2024302400641,2024,302400641,1,9,0,6,8,8,0,0,0,0,0,0,3,2,6,1,39,7,-1,-1,-1,-1,9,1,E01013544,0
Unvalidated,2024302400641,2024,302400641,2,4,0,13,8,4,0,0,0,0,0,0,1,1,6,2,26,6,-1,-1,-1,-1,1,1,E01013536,0
Unvalidated,2024302400642,2024,302400642,1,9,0,17,2,1,0,8,0,0,0,0,1,1,2,1,57,9,-1,-1,-1,-1,7,1,E01019553,0
Unvalidated,2024302400642,2024,302400642,2,9,0,16,1,2,0,8,1,0,0,0,1,1,2,2,21,5,-1,-1,-1,-1,1,1,E01007919,0
Unvalidated,2024302400643,2024,302400643,1,9,0,18,7,3,0,8,0,0,0,0,4,1,6,2,25,5,-1,-1,-1,-1,5,3,E01019611,0
Unvalidated,2024302400643,2024,302400643,2,1,0,17,2,7,0,6,0,0,0,0,0,1,6,1,57,9,-1,-1,-1,-1,5,3,E01019605,0
Unvalidated,2024302400645,2024,302400645,1,9,0,7,4,6,0,8,0,0,0,0,1,1,6,1,54,8,-1,-1,-1,-1,4,1,E01013503,0
Unvalidated,2024302400645,2024,302400645,2,9,0,9,4,3,0,8,0,0,0,0,3,1,6,2,70,10,-1,-1,-1,-1,9,1,E01013559,0
Unvalidated,2024302400648,2024,302400648,1,9,0,18,7,2,0,1,0,0,0,0,1,1,6,3,-1,-1,-1,-1,-1,-1,5,1,E01019456,0
Unvalidated,2024302400648,2024,302400648,2,9,0,4,7,2,0,1,0,0,0,0,2,1,6,2,64,9,-1,-1,-1,-1,1,1,E01013533,0
Unvalidated,2024302400650,2024,302400650,1,9,0,17,1,4,0,1,0,0,0,0,1,1,1,1,-1,-1,-1,-1,-1,-1,5,1,E01019456,0
Unvalidated,2024302400650,2024,302400650,2,1,0,17,1,4,0,1,0,0,0,0,2,1,6,1,34,6,-1,-1,-1,-1,3,1,E01019709,0
Unvalidated,2024302400651,2024,302400651,1,9,0,9,4,6,0,1,0,0,0,0,1,1,6,1,22,5,-1,-1,-1,-1,3,1,E01013453,0
Unvalidated,2024302400652,2024,302400652,1,9,0,18,2,6,0,2,0,0,0,0,1,1,6,1,46,8,-1,-1,-1,-1,5,1,E01013587,0
Unvalidated,2024302400652,2024,302400652,2,9,0,18,8,4,0,2,0,0,0,0,2,1,6,1,48,8,-1,-1,-1,-1,1,1,E01013486,0
Unvalidated,2024302400656,2024,302400656,1,9,0,7,3,1,0,8,0,0,0,0,3,1,6,1,72,10,-1,-1,-1,-1,5,1,E01019470,0
Unvalidated,2024302400656,2024,302400656,2,1,0,18,5,1,0,8,0,0,0,0,1,1,6,1,42,7,-1,-1,-1,-1,8,1,E01019659,0
Unvalidated,2024302400657,2024,302400657,1,9,0,17,5,3,0,8,0,0,0,0,3,1,6,2,73,10,-1,-1,-1,-1,8,1,E01013704,0
Unvalidated,2024302400657,2024,302400657,2,9,0,18,3,8,0,3,0,0,0,0,4,1,6,1,29,6,-1,-1,-1,-1,8,3,E01029370,0
Unvalidated,2024302400658,2024,302400658,1,9,0,7,6,1,0,3,0,0,0,0,3,1,2,1,32,6,-1,-1,-1,-1,9,1,E01033531,0
Unvalidated,2024302400660,2024,302400660,1,9,0,18,8,4,0,0,0,0,0,0,1,1,6,2,72,10,-1,-1,-1,-1,-1,-1,-1,0
Unvalidated,2024302400660,2024,302400660,2,9,0,18,4,8,0,0,1,0,0,0,1,1,2,1,22,5,-1,-1,-1,-1,-1,-1,-1,0
Unvalidated,2024302400660,2024,302400660,3,9,0,18,4,8,0,0,0,0,0,0,1,1,6,1,62,9,-1,-1,-1,-1,-1,-1,-1,0
Unvalidated,2024302400662,2024,302400662,1,9,0,4,8,4,0,0,0,0,0,0,2,1,6,1,60,9,-1,-1,-1,-1,6,1,E01019680,0
Unvalidated,2024302400662,2024,302400662,2,19,0,4,8,4,0,0,0,0,0,0,2,1,6,1,31,6,-1,-1,-1,-1,3,1,E01028306,0
Unvalidated,2024302400662,2024,302400662,3,9,0,4,8,4,0,0,0,0,0,0,2,1,6,1,17,4,-1,-1,-1,-1,8,3,E01019834,0
Unvalidated,2024302400662,2024,302400662,4,9,0,4,8,4,0,0,0,0,0,0,2,1,6,1,59,9,-1,-1,-1,-1,5,1,E01029449,0
Unvalidated,2024302400662,2024,302400662,5,9,0,12,8,4,0,0,0,0,0,0,1,1,6,2,27,6,-1,-1,-1,-1,-1,-1,-1,0
Unvalidated,2024302400663,2024,302400663,1,9,0,18,1,5,0,8,0,0,0,0,1,2,6,2,53,8,-1,-1,-1,-1,-1,-1,-1,0
Unvalidated,2024302400663,2024,302400663,2,5,0,17,3,1,0,8,0,0,0,0,1,1,6,1,63,9,-1,-1,-1,-1,-1,-1,-1,0
Unvalidated,2024302400664,2024,302400664,1,9,0,18,2,6,0,0,0,0,7,11,1,1,6,2,74,10,-1,-1,-1,-1,9,2,E01019610,0
Unvalidated,2024302400665,2024,302400665,1,9,0,5,6,2,0,0,0,0,0,0,0,1,6,3,20,4,-1,-1,-1,-1,-1,-1,-1,0
Unvalidated,2024302400665,2024,302400665,2,1,0,18,6,2,0,0,0,0,0,0,0,1,6,1,19,4,-1,-1,-1,-1,1,1,E01013568,0
Unvalidated,2024302400667,2024,302400667,1,8,0,18,4,8,0,8,0,0,1,2,1,1,6,1,29,6,-1,-1,-1,-1,2,1,E01013571,0
Unvalidated,2024302400667,2024,302400667,2,11,0,3,8,4,0,1,0,0,0,0,0,1,1,1,28,6,-1,-1,-1,-1,4,1,E01013458,0
Unvalidated,2024302400667,2024,302400667,3,9,0,9,2,8,0,6,1,0,0,0,3,1,6,1,49,8,-1,-1,-1,-1,6,1,E01013495,0
Unvalidated,2024302400670,2024,302400670,1,9,0,9,7,5,0,6,0,0,0,0,3,1,2,2,27,6,-1,-1,-1,-1,2,1,E01029426,0
Unvalidated,2024302400670,2024,302400670,2,3,0,18,5,1,0,1,1,0,0,0,1,1,2,1,19,4,-1,-1,-1,-1,3,1,E01013471,0
Unvalidated,2024302400671,2024,302400671,1,9,0,9,6,4,0,2,0,0,0,0,3,1,6,1,35,6,-1,-1,-1,-1,8,2,E01019747,0
Unvalidated,2024302400671,2024,302400671,2,5,0,9,2,8,0,2,0,0,0,0,4,1,6,1,66,10,-1,-1,-1,-1,10,1,E01011461,0
Unvalidated,2024302400672,2024,302400672,1,19,0,7,1,2,0,2,0,0,0,0,1,1,6,3,-1,-1,-1,-1,-1,-1,5,1,E01019456,0
Unvalidated,2024302400672,2024,302400672,2,9,0,3,6,2,0,2,0,0,0,0,2,1,6,1,58,9,-1,-1,-1,-1,3,1,E01019511,0
Unvalidated,2024302400673,2024,302400673,1,9,0,4,5,1,0,0,0,0,0,0,1,1,6,1,37,7,-1,-1,-1,-1,1,1,E01007878,0
Unvalidated,2024302400673,2024,302400673,2,9,0,4,5,1,0,0,0,0,0,0,2,1,6,2,43,7,-1,-1,-1,-1,5,1,E01019529,0
Unvalidated,2024302400673,2024,302400673,3,9,0,18,5,1,0,0,0,0,0,0,1,1,6,2,46,8,-1,-1,-1,-1,4,1,E01019573,0
Unvalidated,2024302400674,2024,302400674,1,9,0,9,6,4,0,8,0,0,0,0,1,1,6,1,72,10,-1,-1,-1,-1,2,1,E01013522,0
Unvalidated,2024302400674,2024,302400674,2,97,0,14,4,8,0,8,0,0,0,0,4,1,6,1,57,9,-1,-1,-1,-1,1,1,E01013496,0
Unvalidated,2024302400674,2024,302400674,3,9,0,4,4,8,0,1,0,0,0,0,0,1,6,3,-1,-1,-1,-1,-1,-1,5,1,E01019456,0
Unvalidated,2024302400675,2024,302400675,1,5,0,13,5,1,0,0,0,0,0,0,3,1,6,1,62,9,-1,-1,-1,-1,8,1,E01019872,0
Unvalidated,2024302400675,2024,302400675,2,9,0,18,1,5,0,0,0,0,0,0,0,1,6,3,-1,-1,-1,-1,-1,-1,5,1,E01019456,0
Unvalidated,2024302400677,2024,302400677,1,9,0,18,5,1,0,0,1,4,7,4,1,2,2,1,64,9,-1,-1,-1,-1,9,2,E01019670,0
Unvalidated,2024302400677,2024,302400677,2,9,0,2,5,1,0,0,0,0,1,11,2,2,6,3,-1,-1,-1,-1,-1,-1,-1,-1,-1,0
Unvalidated,2024302400678,2024,302400678,1,9,0,5,6,2,0,0,0,0,0,0,3,1,6,1,33,6,-1,-1,-1,-1,8,1,E01013546,0
Unvalidated,2024302400678,2024,302400678,2,3,0,18,7,3,0,0,0,0,0,0,1,1,6,1,73,10,-1,-1,-1,-1,-1,-1,-1,0
Unvalidated,2024302400679,2024,302400679,1,9,0,18,8,4,0,2,0,0,0,0,4,1,6,2,85,11,-1,-1,-1,-1,5,1,E01019852,0
Unvalidated,2024302400680,2024,302400680,1,9,0,1,3,7,0,2,0,0,0,0,2,1,6,1,19,4,-1,-1,-1,-1,4,1,E01019773,0
Unvalidated,2024302400680,2024,302400680,2,9,0,4,7,8,0,2,0,0,0,0,1,1,6,2,47,8,-1,-1,-1,-1,-1,2,-1,0
Unvalidated,2024302400681,2024,302400681,1,9,0,18,1,5,0,8,0,0,0,0,4,1,6,1,26,6,-1,-1,-1,-1,1,1,E01013479,0
Unvalidated,2024302400682,2024,302400682,1,9,0,18,6,2,0,1,0,0,0,0,1,1,6,3,-1,-1,-1,-1,-1,-1,5,1,E01019456,0
Unvalidated,2024302400682,2024,302400682,2,90,0,18,7,3,0,1,5,0,0,0,4,1,6,1,21,5,-1,-1,-1,-1,4,1,E01033171,0
Unvalidated,2024302400684,2024,302400684,1,9,0,18,6,2,0,8,0,0,7,10,4,1,6,1,63,9,-1,-1,-1,-1,-1,1,-1,0
Unvalidated,2024302400684,2024,302400684,2,9,0,5,8,4,0,8,0,0,0,0,1,1,6,1,57,9,-1,-1,-1,-1,8,1,E01007858,0
Unvalidated,2024302400685,2024,302400685,1,9,0,18,7,3,0,0,0,0,1,4,1,1,6,2,33,6,-1,-1,-1,-1,7,1,E01028125,0
Unvalidated,2024302400687,2024,302400687,1,9,0,16,6,1,0,0,1,0,0,0,1,1,6,1,30,6,-1,-1,-1,-1,6,2,E01019617,0
Unvalidated,2024302400687,2024,302400687,2,9,0,17,1,6,0,0,0,0,0,0,1,1,6,1,39,7,-1,-1,-1,-1,3,1,E01029568,0
Unvalidated,2024302400687,2024,302400687,3,9,0,17,1,6,0,0,0,0,0,0,4,1,6,1,18,4,-1,-1,-1,-1,5,3,E01019613,0
Unvalidated,2024302400687,2024,302400687,4,9,0,18,1,5,0,0,0,0,0,0,1,1,1,1,-1,-1,-1,-1,-1,-1,7,1,E01019716,0
Unvalidated,2024302400688,2024,302400688,1,90,0,9,4,8,9,0,1,0,0,0,1,1,6,3,-1,-1,-1,-1,-1,-1,5,1,E01019456,0
Unvalidated,2024302400688,2024,302400688,2,9,0,18,6,4,0,0,0,0,0,0,3,1,2,2,41,7,-1,-1,-1,-1,9,1,E01028120,0
Unvalidated,2024302400689,2024,302400689,1,9,0,18,7,3,0,0,0,0,1,0,3,1,2,1,42,7,-1,-1,-1,-1,-1,-1,-1,0
Unvalidated,2024302400689,2024,302400689,2,9,0,18,3,7,0,0,0,0,0,0,3,1,2,1,21,5,-1,-1,-1,-1,10,1,E01029757,0
Unvalidated,2024302400691,2024,302400691,1,9,0,18,6,2,0,1,0,0,7,11,1,1,6,1,15,3,-1,-1,-1,-1,9,1,E01019683,0
Unvalidated,2024302400691,2024,302400691,2,9,0,18,2,6,0,2,0,0,0,0,2,1,6,2,66,10,-1,-1,-1,-1,8,1,E01033412,0
Unvalidated,2024302400691,2024,302400691,3,9,0,2,0,0,9,1,0,0,0,0,4,1,6,3,-1,-1,-1,-1,-1,-1,-1,-1,-1,0
Unvalidated,2024302400691,2024,302400691,4,9,0,2,0,0,9,1,0,0,0,0,3,1,6,1,26,6,-1,-1,-1,-1,9,1,E01019684,0
Unvalidated,2024302400691,2024,302400691,5,9,0,2,0,0,0,1,0,0,0,0,4,1,6,3,-1,-1,-1,-1,-1,-1,-1,-1,-1,0
Unvalidated,2024302400692,2024,302400692,1,9,0,18,7,3,0,0,1,0,1,0,0,1,2,1,35,6,-1,-1,-1,-1,7,3,E01019612,0
Unvalidated,2024302400693,2024,302400693,1,9,0,18,8,4,0,0,0,0,0,0,4,1,6,3,-1,-1,-1,-1,-1,-1,5,1,E01019456,0
Unvalidated,2024302400693,2024,302400693,2,9,0,18,8,4,0,0,0,0,0,0,3,1,2,2,36,7,-1,-1,-1,-1,8,3,E01019834,0
Unvalidated,2024302400695,2024,302400695,1,9,0,9,6,4,0,8,0,0,0,0,4,1,6,2,40,7,-1,-1,-1,-1,1,1,E01013479,0
Unvalidated,2024302400695,2024,302400695,2,9,0,9,6,4,0,8,0,0,0,0,4,1,3,2,34,6,-1,-1,-1,-1,3,1,E01013455,0
Unvalidated,2024302400696,2024,302400696,1,9,0,9,3,5,0,8,0,0,0,0,3,1,6,1,35,6,-1,-1,-1,-1,4,1,E01013494,0
Unvalidated,2024302400696,2024,302400696,2,9,0,18,5,1,0,8,0,0,0,0,1,1,6,3,34,6,-1,-1,-1,-1,7,1,E01013562,0
Unvalidated,2024302400698,2024,302400698,1,9,0,16,4,7,0,0,0,0,1,0,1,1,6,2,57,9,-1,-1,-1,-1,4,2,E01028260,0
Unvalidated,2024302400698,2024,302400698,2,9,0,17,7,4,0,0,0,0,1,0,1,1,2,1,41,7,-1,-1,-1,-1,1,1,E01013590,0
Unvalidated,2024302400699,2024,302400699,1,9,0,18,3,7,0,1,0,0,0,0,1,1,6,1,47,8,-1,-1,-1,-1,2,1,E01013565,0
Unvalidated,2024302400701,2024,302400701,1,9,0,9,2,8,0,1,0,0,0,0,3,1,6,2,73,10,-1,-1,-1,-1,4,1,E01032613,0
Unvalidated,2024302400701,2024,302400701,2,5,0,17,7,4,0,2,0,0,0,0,1,1,1,1,48,8,-1,-1,-1,-1,1,1,E01019444,0
Unvalidated,2024302400702,2024,302400702,1,9,0,9,6,4,0,8,0,0,0,0,4,2,6,2,37,7,-1,-1,-1,-1,8,1,E01028131,0
Unvalidated,2024302400702,2024,302400702,2,9,0,4,2,6,0,8,0,0,0,0,1,1,2,1,31,6,-1,-1,-1,-1,7,3,E01019448,0
Unvalidated,2024302400702,2024,302400702,3,9,0,3,2,6,0,8,0,0,0,0,0,1,6,3,-1,-1,-1,-1,-1,-1,5,1,E01019456,0
Unvalidated,2024302400704,2024,302400704,1,3,0,18,1,5,0,8,0,0,0,0,1,1,6,1,52,8,-1,-1,-1,-1,3,1,E01019661,0
Unvalidated,2024302400704,2024,302400704,2,9,0,9,1,7,0,1,0,0,0,0,2,1,6,2,28,6,-1,-1,-1,-1,7,1,E01019697,0
Unvalidated,2024302400705,2024,302400705,1,19,0,18,5,1,0,1,0,0,0,0,1,1,6,1,44,7,-1,-1,-1,-1,4,1,E01013555,0
Unvalidated,2024302400705,2024,302400705,2,1,0,7,3,5,0,2,0,0,0,0,1,1,6,1,58,9,-1,-1,-1,-1,10,1,E01013563,0
Unvalidated,2024302400707,2024,302400707,1,9,0,16,5,8,0,0,0,0,1,10,1,1,6,1,28,6,-1,-1,-1,-1,7,1,E01029825,0
Unvalidated,2024302400707,2024,302400707,2,9,0,17,8,5,0,0,0,0,7,10,1,1,6,2,40,7,-1,-1,-1,-1,10,1,E01028137,0
Unvalidated,2024302400708,2024,302400708,1,3,0,14,4,8,0,1,0,0,0,0,3,1,6,1,17,4,-1,-1,-1,-1,2,1,E01028113,0
Unvalidated,2024302400708,2024,302400708,2,20,0,18,8,4,0,2,0,0,0,0,1,1,6,3,-1,-1,-1,-1,-1,-1,5,1,E01019456,0
Unvalidated,2024302400709,2024,302400709,1,9,0,16,3,6,0,0,0,0,1,11,3,1,6,2,88,11,-1,-1,-1,-1,-1,-1,-1,0
Unvalidated,2024302400709,2024,302400709,2,21,5,5,3,6,0,0,0,0,0,0,4,1,1,1,48,8,-1,-1,-1,-1,3,1,E01012369,0
Unvalidated,2024302400710,2024,302400710,1,9,0,9,8,7,0,2,5,0,0,0,4,1,1,1,24,5,-1,-1,-1,-1,1,1,E01033405,0
Unvalidated,2024302400710,2024,302400710,2,9,0,3,7,4,0,2,0,0,0,0,0,1,6,3,-1,-1,-1,-1,-1,-1,5,1,E01019456,0
Unvalidated,2024302400711,2024,302400711,1,9,0,10,5,3,0,1,0,0,0,0,2,1,1,2,51,8,-1,-1,-1,-1,5,1,E01019861,0
Unvalidated,2024302400711,2024,302400711,2,9,0,16,5,1,0,1,0,0,0,0,1,1,2,1,62,9,-1,-1,-1,-1,6,3,E01025940,0
Unvalidated,2024302400713,2024,302400713,1,9,0,7,8,4,0,8,0,0,0,0,3,1,6,1,84,11,-1,-1,-1,-1,6,3,E01018271,0
Unvalidated,2024302400713,2024,302400713,2,11,0,4,8,4,0,8,0,0,1,0,4,1,6,1,44,7,-1,-1,-1,-1,5,2,E01019719,0
Unvalidated,2024302400714,2024,302400714,1,5,0,17,6,2,0,0,1,0,1,4,1,1,6,1,32,6,-1,-1,-1,-1,1,1,E01019444,0
Unvalidated,2024302400715,2024,302400715,1,9,0,14,7,3,0,8,5,0,0,0,4,1,2,2,55,8,-1,-1,-1,-1,6,1,E01027962,0
Unvalidated,2024302400715,2024,302400715,2,9,0,9,7,5,0,8,0,0,0,0,3,1,6,2,46,8,-1,-1,-1,-1,3,1,E01019400,0
Unvalidated,2024302400716,2024,302400716,1,9,0,11,4,8,0,1,0,0,5,6,4,1,6,1,73,10,-1,-1,-1,-1,9,1,E01013596,0
Unvalidated,2024302400716,2024,302400716,2,9,0,18,4,8,0,1,0,0,0,0,3,1,6,1,39,7,-1,-1,-1,-1,8,1,E01013469,0
Unvalidated,2024302400717,2024,302400717,1,9,0,4,4,8,0,0,0,0,0,0,4,1,6,2,18,4,-1,-1,-1,-1,5,2,E01019598,0
Unvalidated,2024302400718,2024,302400718,1,9,0,9,6,5,0,8,0,0,0,0,3,1,6,2,73,10,-1,-1,-1,-1,-1,-1,-1,0
Unvalidated,2024302400718,2024,302400718,2,9,0,18,5,1,0,1,0,0,0,0,1,1,6,2,66,10,-1,-1,-1,-1,-1,-1,-1,0
Unvalidated,2024302400719,2024,302400719,1,5,0,18,1,5,0,0,0,0,7,0,2,1,6,1,44,7,-1,-1,-1,-1,5,1,E01019534,0
Unvalidated,2024302400719,2024,302400719,2,9,0,18,5,1,0,0,0,0,0,0,3,1,6,1,58,9,-1,-1,-1,-1,8,3,E01019616,0
Unvalidated,2024302400720,2024,302400720,1,3,0,18,2,6,0,1,0,0,0,0,2,1,6,1,27,6,-1,-1,-1,-1,9,2,E01019478,0
Unvalidated,2024302400720,2024,302400720,2,9,0,4,2,6,0,1,0,0,0,0,2,1,1,3,-1,-1,-1,-1,-1,-1,5,1,E01019456,0
Unvalidated,2024302400721,2024,302400721,1,9,0,18,6,2,0,1,0,0,0,0,1,1,6,1,27,6,-1,-1,-1,-1,3,1,E01013513,0
Unvalidated,2024302400721,2024,302400721,2,9,0,10,6,5,1,1,0,0,0,0,2,1,6,1,65,9,-1,-1,-1,-1,2,1,E01013581,0
Unvalidated,2024302400721,2024,302400721,3,9,0,18,2,6,0,1,0,0,0,0,3,1,6,2,30,6,-1,-1,-1,-1,7,1,E01013488,0
Unvalidated,2024302400722,2024,302400722,1,19,0,16,5,1,0,1,0,0,0,0,1,1,6,1,39,7,-1,-1,-1,-1,2,1,E01019453,0
Unvalidated,2024302400722,2024,302400722,2,19,0,18,1,5,0,1,0,0,1,1,1,1,6,1,27,6,-1,-1,-1,-1,-1,-1,-1,0
Unvalidated,2024302400724,2024,302400724,1,9,0,18,6,2,0,0,0,0,0,0,1,1,6,1,63,9,-1,-1,-1,-1,2,1,E01020784,0
Unvalidated,2024302400724,2024,302400724,2,21,1,18,6,2,0,0,0,0,0,0,1,1,1,1,42,7,-1,-1,-1,-1,9,2,E01026396,0
Unvalidated,2024302400725,2024,302400725,1,9,0,13,6,2,0,0,1,0,1,7,1,1,6,1,74,10,-1,-1,-1,-1,8,3,E01027621,0
Unvalidated,2024302400726,2024,302400726,1,9,0,18,4,8,0,8,0,9,0,0,1,1,6,1,19,4,-1,-1,-1,-1,4,1,E01014271,0
Unvalidated,2024302400727,2024,302400727,1,9,0,9,3,1,0,2,5,0,1,0,1,1,6,1,18,4,-1,-1,-1,-1,3,1,E01019775,0
Unvalidated,2024302400727,2024,302400727,2,9,0,18,5,1,0,8,0,0,0,0,3,1,6,1,21,5,-1,-1,-1,-1,1,1,E01019561,0
Unvalidated,2024302400728,2024,302400728,1,9,0,4,5,1,0,0,0,0,0,0,2,1,6,2,27,6,-1,-1,-1,-1,9,1,E01022429,0
Unvalidated,2024302400728,2024,302400728,2,9,0,4,5,1,0,0,0,0,0,0,2,1,6,2,22,5,-1,-1,-1,-1,7,3,E01013294,0
Unvalidated,2024302400728,2024,302400728,3,9,0,4,5,1,0,0,0,0,0,0,2,1,6,2,34,6,-1,-1,-1,-1,-1,-1,-1,0
Unvalidated,2024302400728,2024,302400728,4,9,0,18,5,1,0,0,0,0,0,0,1,1,6,2,32,6,-1,-1,-1,-1,7,1,E01008049,0
Unvalidated,2024302400729,2024,302400729,1,21,1,18,4,8,0,2,0,0,0,0,1,1,1,1,69,10,-1,-1,-1,-1,2,1,E01029429,0
Unvalidated,2024302400729,2024,302400729,2,9,0,18,4,8,0,2,0,0,0,0,2,1,2,2,25,5,-1,-1,-1,-1,7,3,E01019477,0
Unvalidated,2024302400729,2024,302400729,3,9,0,18,4,8,0,2,0,0,0,0,2,1,6,1,41,7,-1,-1,-1,-1,4,3,E01027981,0
Unvalidated,2024302400730,2024,302400730,1,9,0,18,4,8,0,0,0,0,0,0,3,1,6,1,21,5,-1,-1,-1,-1,2,1,E01013569,0
Unvalidated,2024302400731,2024,302400731,1,9,0,18,2,6,0,8,0,0,0,0,4,1,6,1,24,5,-1,-1,-1,-1,4,1,E01027996,0
Unvalidated,2024302400731,2024,302400731,2,9,0,5,5,6,0,8,0,0,1,0,3,1,6,2,33,6,-1,-1,-1,-1,2,1,E01019453,0
Unvalidated,2024302400732,2024,302400732,1,9,0,9,4,2,0,8,0,0,0,0,3,1,6,2,30,6,-1,-1,-1,-1,-1,-1,-1,0
Unvalidated,2024302400732,2024,302400732,2,4,0,13,4,8,0,8,0,0,0,0,1,1,6,2,20,4,-1,-1,-1,-1,4,1,E01019690,0
Unvalidated,2024302400733,2024,302400733,1,9,0,9,1,8,0,8,0,0,0,0,4,1,6,2,20,4,-1,-1,-1,-1,8,2,E01019840,0
Unvalidated,2024302400733,2024,302400733,2,9,0,18,5,1,0,1,0,0,0,0,1,1,6,1,34,6,-1,-1,-1,-1,1,1,E01013486,0
Unvalidated,2024302400734,2024,302400734,1,9,0,18,3,7,0,2,0,0,0,0,4,1,6,2,48,8,-1,-1,-1,-1,3,1,E01019666,0
Unvalidated,2024302400734,2024,302400734,2,19,0,2,0,0,0,8,0,0,0,0,0,1,6,3,-1,-1,-1,-1,-1,-1,-1,-1,-1,0
Unvalidated,2024302400735,2024,302400735,1,9,0,7,8,2,0,8,0,0,0,0,1,1,6,1,81,11,-1,-1,-1,-1,8,1,E01019449,0
Unvalidated,2024302400735,2024,302400735,2,1,0,18,5,2,0,8,0,0,0,0,4,1,6,1,45,7,-1,-1,-1,-1,6,1,E01019408,0
Unvalidated,2024302400737,2024,302400737,1,9,0,4,6,2,0,0,0,0,0,0,1,1,2,2,32,6,-1,-1,-1,-1,9,3,E01019850,0
Unvalidated,2024302400737,2024,302400737,2,19,0,3,6,2,0,0,0,0,0,0,2,1,2,1,39,7,-1,-1,-1,-1,6,1,E01029428,0
Unvalidated,2024302400737,2024,302400737,3,9,0,3,6,2,0,0,0,0,0,0,2,1,3,2,42,7,-1,-1,-1,-1,1,1,E01013573,0
Unvalidated,2024302400738,2024,302400738,1,19,0,7,4,6,0,8,0,0,0,0,4,1,1,1,41,7,-1,-1,-1,-1,1,1,E01033269,0
Unvalidated,2024302400738,2024,302400738,2,1,0,18,4,8,0,6,0,0,0,0,1,1,6,1,4,1,-1,-1,-1,-1,2,2,E01019498,0