status,collision_index,collision_year,collision_reference,vehicle_reference,vehicle_type,towing_and_articulation,vehicle_manoeuvre,vehicle_direction_from,vehicle_direction_to,vehicle_location_restricted_lane,junction_location,skidding_and_overturning,hit_object_in_carriageway,vehicle_leaving_carriageway,hit_object_off_carriageway,first_point_of_impact,vehicle_left_hand_drive,journey_purpose_of_driver,sex_of_driver,age_of_driver,age_band_of_driver,engine_capacity_cc,propulsion_code,age_of_vehicle,generic_make_model,driver_imd_decile,driver_home_area_type,lsoa_of_driver,escooter_flag
Unvalidated,2024302400739,2024,302400739,1,9,0,4,7,3,0,0,0,0,0,0,1,1,6,1,66,10,-1,-1,-1,-1,6,2,E01019815,0
Unvalidated,2024302400739,2024,302400739,2,9,0,4,7,3,0,0,0,0,0,0,1,1,6,1,26,6,-1,-1,-1,-1,8,1,E01020379,0
Unvalidated,2024302400739,2024,302400739,3,9,0,4,7,3,0,0,0,0,0,0,2,1,6,2,54,8,-1,-1,-1,-1,2,2,E01019498,0
Unvalidated,2024302400740,2024,302400740,1,9,0,5,2,4,0,6,0,0,0,0,1,1,6,1,-1,-1,-1,-1,-1,-1,10,1,E01028136,0
Unvalidated,2024302400740,2024,302400740,2,9,0,18,6,2,0,8,2,0,7,0,4,1,6,1,69,10,-1,-1,-1,-1,7,1,E01019548,0
Unvalidated,2024302400741,2024,302400741,1,9,0,7,1,4,0,8,0,0,0,0,1,1,6,1,39,7,-1,-1,-1,-1,2,1,E01013522,0
Unvalidated,2024302400741,2024,302400741,2,9,0,18,7,4,0,8,0,0,0,0,4,1,6,1,48,8,-1,-1,-1,-1,6,1,E01013894,0
Unvalidated,2024302400742,2024,302400742,1,9,0,18,3,7,0,2,0,0,0,0,4,1,6,1,39,7,-1,-1,-1,-1,-1,-1,-1,0
Unvalidated,2024302400743,2024,302400743,1,9,0,18,8,4,0,0,0,0,1,4,1,1,6,2,43,7,-1,-1,-1,-1,-1,2,-1,0
Unvalidated,2024302400744,2024,302400744,1,21,0,11,7,3,0,0,0,0,0,0,1,1,1,1,36,7,-1,-1,-1,-1,1,1,E01026126,0
Unvalidated,2024302400744,2024,302400744,2,9,0,18,7,3,0,0,5,0,0,0,2,1,6,1,43,7,-1,-1,-1,-1,6,1,E01013528,0
Unvalidated,2024302400745,2024,302400745,1,5,0,16,6,1,0,1,0,0,0,0,1,1,6,1,75,10,-1,-1,-1,-1,4,3,E01019822,0
Unvalidated,2024302400745,2024,302400745,2,9,0,10,6,4,0,1,0,0,0,0,2,1,6,1,37,7,-1,-1,-1,-1,7,3,E01019769,0
Unvalidated,2024302400746,2024,302400746,1,9,0,18,3,7,0,2,0,0,0,0,4,1,6,2,36,7,-1,-1,-1,-1,4,1,E01019574,0
Unvalidated,2024302400748,2024,302400748,1,9,0,17,4,1,0,8,0,0,0,0,3,1,2,1,31,6,-1,-1,-1,-1,3,3,E01025950,0
Unvalidated,2024302400748,2024,302400748,2,90,0,18,3,6,0,8,0,0,0,0,1,1,6,1,26,6,-1,-1,-1,-1,5,1,E01019883,0
Unvalidated,2024302400749,2024,302400749,1,9,0,18,1,5,0,2,0,0,0,0,1,1,3,2,40,7,-1,-1,-1,-1,4,1,E01013534,0
Unvalidated,2024302400750,2024,302400750,1,9,0,5,1,8,0,8,0,0,0,0,3,1,6,2,36,7,-1,-1,-1,-1,-1,-1,-1,0
Unvalidated,2024302400750,2024,302400750,2,9,0,16,8,3,0,1,0,0,0,0,1,1,6,1,30,6,-1,-1,-1,-1,5,2,E01019525,0
Unvalidated,2024302400754,2024,302400754,1,9,0,18,6,2,0,0,0,0,1,7,4,1,2,1,34,6,-1,-1,-1,-1,4,1,E01013555,0
Unvalidated,2024302400755,2024,302400755,1,9,0,9,8,6,0,0,0,0,0,0,1,1,6,1,17,4,-1,-1,-1,-1,9,1,E01019447,0
Unvalidated,2024302400755,2024,302400755,2,9,0,18,8,2,0,0,0,0,0,0,4,1,6,2,22,5,-1,-1,-1,-1,1,1,E01013584,0
Unvalidated,2024302400756,2024,302400756,1,9,0,9,4,2,0,8,0,0,0,0,1,1,6,1,61,9,-1,-1,-1,-1,9,2,E01019446,0
Unvalidated,2024302400756,2024,302400756,2,9,0,2,0,0,0,2,0,0,0,0,1,1,6,3,-1,-1,-1,-1,-1,-1,-1,-1,-1,0
Unvalidated,2024302400756,2024,302400756,3,1,0,18,8,4,0,8,0,0,0,0,1,1,6,1,36,7,-1,-1,-1,-1,2,1,E01019471,0
Unvalidated,2024302400757,2024,302400757,1,9,0,9,8,4,0,0,0,0,0,0,4,1,6,1,37,7,-1,-1,-1,-1,7,1,E01027995,0
Unvalidated,2024302400757,2024,302400757,2,5,0,18,4,8,0,0,0,0,0,0,1,1,6,1,31,6,-1,-1,-1,-1,4,1,E01019693,0
Unvalidated,2024302400759,2024,302400759,1,5,0,18,6,2,0,8,0,0,0,0,1,1,6,1,32,6,-1,-1,-1,-1,-1,-1,-1,0
Unvalidated,2024302400759,2024,302400759,2,9,0,9,6,3,0,8,0,0,0,0,3,1,6,1,56,9,-1,-1,-1,-1,9,1,E01019762,0
Unvalidated,2024302400760,2024,302400760,1,9,0,17,6,4,0,0,0,0,1,0,1,1,6,2,20,4,-1,-1,-1,-1,2,1,E01019563,0
Unvalidated,2024302400762,2024,302400762,1,9,0,18,1,5,0,8,0,0,0,0,1,1,6,2,-1,-1,-1,-1,-1,-1,10,1,E01019653,0
Unvalidated,2024302400762,2024,302400762,2,9,0,9,3,1,0,8,0,0,0,0,0,1,3,2,46,8,-1,-1,-1,-1,10,1,E01019708,0
Unvalidated,2024302400762,2024,302400762,3,9,0,3,5,1,0,1,0,0,0,0,0,1,6,3,-1,-1,-1,-1,-1,-1,5,1,E01019456,0
Unvalidated,2024302400768,2024,302400768,1,9,0,9,2,8,0,8,0,0,0,0,1,1,6,1,17,4,-1,-1,-1,-1,8,1,E01019535,0
Unvalidated,2024302400768,2024,302400768,2,9,0,18,6,2,0,8,0,0,1,11,1,1,6,1,33,6,-1,-1,-1,-1,6,1,E01019732,0
Unvalidated,2024302400770,2024,302400770,1,9,0,7,5,7,0,6,0,0,0,0,1,1,6,3,-1,-1,-1,-1,-1,-1,5,1,E01019456,0
Unvalidated,2024302400772,2024,302400772,1,9,0,1,8,6,0,5,0,0,0,0,3,1,2,2,22,5,-1,-1,-1,-1,4,2,E01019813,0
Unvalidated,2024302400772,2024,302400772,2,9,0,13,4,8,0,8,0,0,0,0,4,1,6,1,37,7,-1,-1,-1,-1,4,2,E01019813,0
Unvalidated,2024302400772,2024,302400772,3,19,0,2,0,0,0,2,0,0,0,0,3,1,6,3,-1,-1,-1,-1,-1,-1,-1,-1,-1,0
Unvalidated,2024302400774,2024,302400774,1,19,0,18,7,3,0,0,0,0,0,0,3,1,6,1,45,7,-1,-1,-1,-1,10,2,E01026395,0
Unvalidated,2024302400774,2024,302400774,2,9,0,18,3,7,0,0,0,0,0,0,3,1,6,1,43,7,-1,-1,-1,-1,5,2,E01019633,0
Unvalidated,2024302400774,2024,302400774,3,5,0,18,3,7,0,0,0,0,0,0,4,1,6,1,61,9,-1,-1,-1,-1,4,1,E01028252,0
Unvalidated,2024302400775,2024,302400775,1,9,0,10,5,3,0,8,0,0,0,0,2,1,6,1,26,6,-1,-1,-1,-1,1,1,E01029427,0
Unvalidated,2024302400775,2024,302400775,2,5,0,13,5,2,0,1,0,0,0,0,1,1,6,1,30,6,-1,-1,-1,-1,5,1,E01006008,0
Unvalidated,2024302400775,2024,302400775,3,5,0,13,5,1,0,1,0,0,0,0,4,1,6,1,52,8,-1,-1,-1,-1,7,3,W01000162,0
Unvalidated,2024302400776,2024,302400776,1,9,0,17,4,8,0,0,0,0,0,0,1,1,6,1,64,9,-1,-1,-1,-1,5,3,E01019620,0
Unvalidated,2024302400776,2024,302400776,2,9,0,16,8,4,0,0,0,0,0,0,1,1,6,1,62,9,-1,-1,-1,-1,3,1,E01019511,0
Unvalidated,2024302400777,2024,302400777,1,9,0,18,1,5,0,0,2,0,7,2,3,1,6,1,36,7,-1,-1,-1,-1,2,1,E01013585,0
Unvalidated,2024302400778,2024,302400778,1,9,0,9,7,5,0,8,0,0,0,0,1,1,6,1,22,5,-1,-1,-1,-1,7,1,E01028107,0
Unvalidated,2024302400778,2024,302400778,2,5,0,18,6,1,0,8,1,0,0,0,1,1,6,1,20,4,-1,-1,-1,-1,4,1,E01019690,0
Unvalidated,2024302400778,2024,302400778,3,9,0,10,1,7,0,8,0,0,0,0,1,1,6,3,-1,-1,-1,-1,-1,-1,5,1,E01019456,0
Unvalidated,2024302400779,2024,302400779,1,9,0,18,4,8,0,0,0,4,7,3,1,1,6,1,38,7,-1,-1,-1,-1,2,1,E01019699,0
Unvalidated,2024302400779,2024,302400779,2,9,0,2,0,0,9,0,0,0,0,0,1,1,6,3,-1,-1,-1,-1,-1,-1,-1,-1,-1,0
Unvalidated,2024302400780,2024,302400780,1,9,0,9,4,2,0,6,1,0,0,0,3,1,6,1,22,5,-1,-1,-1,-1,9,1,E01013540,0
Unvalidated,2024302400780,2024,302400780,2,9,0,18,6,2,0,1,0,0,0,0,1,1,6,1,21,5,-1,-1,-1,-1,6,3,E01019866,0
Unvalidated,2024302400782,2024,302400782,1,19,0,18,4,2,0,8,0,0,0,0,1,1,6,3,-1,-1,-1,-1,-1,-1,5,1,E01019456,0
Unvalidated,2024302400782,2024,302400782,2,1,0,18,4,1,0,8,0,0,0,0,3,1,6,1,19,4,-1,-1,-1,-1,2,1,E01013538,0
Unvalidated,2024302400784,2024,302400784,1,9,0,17,6,2,0,0,0,0,0,0,3,1,6,2,39,7,-1,-1,-1,-1,6,2,E01019482,0
Unvalidated,2024302400784,2024,302400784,2,9,0,16,2,6,0,0,0,0,0,0,3,1,6,2,22,5,-1,-1,-1,-1,6,3,E01019482,0
Unvalidated,2024302400785,2024,302400785,1,19,0,18,2,6,0,2,0,0,0,0,1,1,6,1,49,8,-1,-1,-1,-1,4,1,E01019431,0
Unvalidated,2024302400785,2024,302400785,2,9,0,18,6,2,0,1,0,0,0,0,1,1,6,1,45,7,-1,-1,-1,-1,6,1,E01019434,0
Unvalidated,2024302400786,2024,302400786,1,9,0,18,8,4,0,0,0,0,7,4,1,1,6,1,36,7,-1,-1,-1,-1,7,2,E01019601,0
Unvalidated,2024302400787,2024,302400787,1,3,0,5,8,4,0,0,0,0,0,0,3,1,6,1,27,6,-1,-1,-1,-1,3,2,E01028030,0
Unvalidated,2024302400787,2024,302400787,2,9,0,18,8,4,0,0,0,0,0,0,4,1,6,1,31,6,-1,-1,-1,-1,3,3,E01019818,0
Unvalidated,2024302400788,2024,302400788,1,9,0,18,6,2,0,8,0,0,0,0,1,1,6,1,44,7,-1,-1,-1,-1,4,3,E01019822,0
Unvalidated,2024302400788,2024,302400788,2,9,0,18,8,4,0,8,0,0,0,0,3,1,6,2,42,7,-1,-1,-1,-1,6,2,E01019617,0
Unvalidated,2024302400789,2024,302400789,1,19,0,4,7,3,0,0,0,0,0,0,2,1,6,1,25,5,-1,-1,-1,-1,10,1,E01025744,0
Unvalidated,2024302400789,2024,302400789,2,9,0,18,7,3,0,0,0,0,0,0,1,1,6,1,51,8,-1,-1,-1,-1,4,2,E01028366,0
Unvalidated,2024302400789,2024,302400789,3,9,0,4,7,3,0,0,0,0,0,0,2,1,1,1,48,8,-1,-1,-1,-1,3,1,E01025718,0
Unvalidated,2024302400789,2024,302400789,4,9,0,4,7,3,0,0,0,0,0,0,2,1,6,1,40,7,-1,-1,-1,-1,9,1,E01019835,0
Unvalidated,2024302400789,2024,302400789,5,9,0,18,7,3,0,0,0,0,0,0,1,1,6,1,52,8,-1,-1,-1,-1,9,3,E01028421,0
Unvalidated,2024302400789,2024,302400789,6,9,0,18,7,3,0,0,1,0,0,0,1,1,6,1,33,6,-1,-1,-1,-1,5,1,E01013519,0
Unvalidated,2024302400790,2024,302400790,1,9,0,9,6,4,0,8,0,0,0,0,1,1,6,2,84,11,-1,-1,-1,-1,9,3,E01019772,0
Unvalidated,2024302400790,2024,302400790,2,9,0,17,4,8,0,8,0,0,0,0,4,1,6,2,34,6,-1,-1,-1,-1,3,1,E01019775,0
Unvalidated,2024302400791,2024,302400791,1,9,0,5,1,5,0,4,0,0,0,0,3,1,2,1,59,9,-1,-1,-1,-1,6,1,E01029091,0
Unvalidated,2024302400791,2024,302400791,2,9,0,17,8,5,0,8,5,0,0,0,4,1,6,2,23,5,-1,-1,-1,-1,9,1,E01029457,0
Unvalidated,2024302400791,2024,302400791,3,9,0,17,8,5,0,8,0,0,0,0,4,1,6,1,35,6,-1,-1,-1,-1,10,2,E01019848,0
Unvalidated,2024302400792,2024,302400792,1,9,0,7,1,4,0,6,0,0,0,0,3,1,2,1,59,9,-1,-1,-1,-1,3,1,E01019484,0
Unvalidated,2024302400792,2024,302400792,2,9,0,18,8,4,0,2,0,0,0,0,1,1,2,1,63,9,-1,-1,-1,-1,1,1,E01007916,0
Unvalidated,2024302400793,2024,302400793,1,97,0,18,2,6,9,0,0,0,1,0,1,1,6,3,-1,-1,-1,-1,-1,-1,5,1,E01019456,0
Unvalidated,2024302400794,2024,302400794,1,11,0,18,7,3,0,8,0,0,0,0,4,1,6,3,-1,-1,-1,-1,-1,-1,5,1,E01019456,0
Unvalidated,2024302400794,2024,302400794,2,4,0,18,7,3,0,8,0,0,0,0,3,1,6,3,26,6,-1,-1,-1,-1,2,1,E01019565,0
Unvalidated,2024302400795,2024,302400795,1,9,0,5,8,4,0,0,0,0,0,0,4,1,1,1,52,8,-1,-1,-1,-1,5,1,E01013595,0
Unvalidated,2024302400797,2024,302400797,1,8,0,9,1,7,0,8,0,0,0,0,1,1,1,1,44,7,-1,-1,-1,-1,4,1,E01019554,0
Unvalidated,2024302400797,2024,302400797,2,9,0,18,3,7,0,8,0,7,0,0,0,1,6,2,77,11,-1,-1,-1,-1,3,1,E01019531,0
Unvalidated,2024302400798,2024,302400798,1,9,0,9,5,3,0,8,0,0,0,0,1,1,6,1,55,8,-1,-1,-1,-1,5,1,E01013518,0
Unvalidated,2024302400798,2024,302400798,2,9,0,7,1,3,0,8,0,0,0,0,1,1,6,1,19,4,-1,-1,-1,-1,2,1,E01013499,0
Unvalidated,2024302400799,2024,302400799,1,9,0,10,7,5,0,8,0,0,0,0,3,1,6,2,51,8,-1,-1,-1,-1,3,3,E01019818,0
Unvalidated,2024302400799,2024,302400799,2,9,0,18,5,1,0,1,5,0,0,0,4,1,6,2,74,10,-1,-1,-1,-1,8,3,E01019618,0
Unvalidated,2024302400800,2024,302400800,1,9,0,18,3,7,9,0,0,0,0,0,1,1,6,1,79,11,-1,-1,-1,-1,4,1,E01013525,0
Unvalidated,2024302400801,2024,302400801,1,9,0,18,6,2,0,0,0,0,1,10,1,1,6,1,19,4,-1,-1,-1,-1,1,1,E01013586,0
Unvalidated,2024302400801,2024,302400801,2,9,0,18,2,6,0,0,0,0,0,0,1,1,6,1,57,9,-1,-1,-1,-1,1,1,E01013484,0
Unvalidated,2024302400802,2024,302400802,1,9,0,16,7,2,0,0,5,0,0,0,4,1,6,2,30,6,-1,-1,-1,-1,7,1,E01019528,0
Unvalidated,2024302400802,2024,302400802,2,9,0,2,0,0,0,0,0,0,0,0,3,1,6,3,-1,-1,-1,-1,-1,-1,-1,-1,-1,0
Unvalidated,2024302400804,2024,302400804,1,9,0,4,6,2,0,8,0,0,0,0,2,1,6,2,46,8,-1,-1,-1,-1,-1,-1,-1,0
Unvalidated,2024302400804,2024,302400804,2,9,0,18,6,2,0,8,0,0,0,0,1,1,6,3,-1,-1,-1,-1,-1,-1,5,1,E01019456,0
Unvalidated,2024302400805,2024,302400805,1,90,0,18,7,3,9,8,0,0,0,0,1,1,6,2,15,3,-1,-1,-1,-1,1,1,E01013583,0
Unvalidated,2024302400805,2024,302400805,2,9,0,5,8,3,0,8,0,0,0,0,2,1,6,2,39,7,-1,-1,-1,-1,1,1,E01013590,0
Unvalidated,2024302400806,2024,302400806,1,9,0,16,1,4,0,0,1,0,0,0,1,1,6,1,18,4,-1,-1,-1,-1,4,1,E01013459,0
Unvalidated,2024302400806,2024,302400806,2,9,0,18,4,1,0,0,0,0,1,9,1,1,6,2,40,7,-1,-1,-1,-1,9,1,E01013599,0
Unvalidated,2024302400807,2024,302400807,1,19,0,18,1,5,0,0,0,0,0,0,3,1,6,3,-1,-1,-1,-1,-1,-1,5,1,E01019456,0
Unvalidated,2024302400807,2024,302400807,2,9,0,18,5,1,0,0,0,0,0,0,3,1,6,2,55,8,-1,-1,-1,-1,5,3,E01019620,0
Unvalidated,2024302400808,2024,302400808,1,9,0,17,8,6,0,2,0,0,0,0,1,1,6,1,80,11,-1,-1,-1,-1,7,1,E01028124,0
Unvalidated,2024302400808,2024,302400808,2,9,0,17,8,6,0,2,0,0,0,0,2,1,6,1,68,10,-1,-1,-1,-1,5,1,E01009447,0
Unvalidated,2024302400811,2024,302400811,1,9,0,5,2,5,0,4,0,0,0,0,2,1,6,2,64,9,-1,-1,-1,-1,7,2,E01019429,0
Unvalidated,2024302400811,2024,302400811,2,9,0,5,2,5,0,1,0,0,0,0,1,1,6,2,25,5,-1,-1,-1,-1,8,3,E01019616,0
Unvalidated,2024302400812,2024,302400812,1,9,0,17,2,4,0,8,0,0,0,0,4,1,6,3,-1,-1,-1,-1,-1,-1,5,1,E01019456,0
Unvalidated,2024302400813,2024,302400813,1,19,0,14,4,8,0,1,0,0,0,0,4,1,6,3,-1,-1,-1,-1,-1,-1,5,1,E01019456,0
Unvalidated,2024302400813,2024,302400813,2,19,0,2,0,0,0,1,0,0,0,0,3,1,1,1,35,6,-1,-1,-1,-1,7,1,E01019457,0
Unvalidated,2024302400814,2024,302400814,1,9,0,4,5,1,0,1,0,0,0,0,1,1,6,2,-1,-1,-1,-1,-1,-1,-1,-1,-1,0
Unvalidated,2024302400814,2024,302400814,2,5,0,3,5,1,0,1,0,0,0,0,2,1,6,1,58,9,-1,-1,-1,-1,-1,-1,-1,0
Unvalidated,2024302400815,2024,302400815,1,9,0,18,1,5,0,8,0,0,0,0,1,1,6,1,-1,-1,-1,-1,-1,-1,5,3,E01019741,0
Unvalidated,2024302400815,2024,302400815,2,9,0,7,7,1,0,8,0,0,0,0,1,1,2,1,23,5,-1,-1,-1,-1,-1,-1,-1,0
Unvalidated,2024302400816,2024,302400816,1,20,0,17,6,3,0,8,0,0,0,0,3,1,6,3,-1,-1,-1,-1,-1,-1,5,1,E01019456,0
Unvalidated,2024302400816,2024,302400816,2,19,0,17,6,3,0,8,0,0,0,0,4,1,3,1,57,9,-1,-1,-1,-1,1,1,E01013481,0
Unvalidated,2024302400818,2024,302400818,1,9,0,18,6,1,0,8,0,0,0,0,1,1,6,1,52,8,-1,-1,-1,-1,3,1,E01013453,0
Unvalidated,2024302400818,2024,302400818,2,9,0,18,8,4,0,8,0,0,0,0,3,1,6,2,18,4,-1,-1,-1,-1,1,1,E01013651,0
Unvalidated,2024302400819,2024,302400819,1,9,0,9,3,8,0,5,0,0,0,0,3,2,6,2,64,9,-1,-1,-1,-1,8,3,E01025924,0
Unvalidated,2024302400819,2024,302400819,2,5,0,13,3,7,0,6,0,0,0,0,1,1,6,1,36,7,-1,-1,-1,-1,3,1,E01009701,0
Unvalidated,2024302400820,2024,302400820,1,9,0,5,7,5,0,8,0,0,0,0,1,1,6,2,65,9,-1,-1,-1,-1,9,2,E01029465,0
Unvalidated,2024302400820,2024,302400820,2,1,0,5,7,5,0,8,0,0,0,0,2,1,6,1,64,9,-1,-1,-1,-1,9,2,E01019845,0
Unvalidated,2024302400821,2024,302400821,1,9,0,9,6,4,0,8,0,0,0,0,1,1,6,2,46,8,-1,-1,-1,-1,6,3,E01025963,0
Unvalidated,2024302400821,2024,302400821,2,1,0,18,4,1,0,8,0,0,0,0,2,1,6,2,13,3,-1,-1,-1,-1,-1,-1,-1,0
Unvalidated,2024302400822,2024,302400822,1,19,0,7,1,3,0,6,0,0,0,0,1,1,1,3,-1,-1,-1,-1,-1,-1,5,1,E01019456,0
Unvalidated,2024302400822,2024,302400822,2,9,0,18,7,3,0,8,0,0,0,0,4,1,6,2,25,5,-1,-1,-1,-1,9,3,E01019599,0
Unvalidated,2024302400823,2024,302400823,1,9,0,13,2,5,0,3,0,0,0,0,1,1,6,3,-1,-1,-1,-1,-1,-1,5,1,E01019456,0
Unvalidated,2024302400823,2024,302400823,2,9,0,4,2,5,0,3,0,0,0,0,2,1,1,2,34,6,-1,-1,-1,-1,2,1,E01019646,0
Unvalidated,2024302400824,2024,302400824,1,19,0,18,7,3,0,0,0,0,0,0,0,1,6,3,-1,-1,-1,-1,-1,-1,-1,-1,-1,0
Unvalidated,2024302400825,2024,302400825,1,9,0,16,5,8,0,2,0,0,0,0,3,1,6,2,60,9,-1,-1,-1,-1,4,1,E01029552,0
Unvalidated,2024302400825,2024,302400825,2,19,0,16,5,8,0,2,0,0,0,0,4,1,6,3,-1,-1,-1,-1,-1,-1,5,1,E01019456,0
Unvalidated,2024302400826,2024,302400826,1,9,0,12,3,7,0,8,1,0,4,6,1,1,6,2,35,6,-1,-1,-1,-1,2,1,E01029447,0
Unvalidated,2024302400826,2024,302400826,2,21,0,18,3,7,0,8,0,0,0,0,1,1,1,1,48,8,-1,-1,-1,-1,3,1,E01019667,0
Unvalidated,2024302400826,2024,302400826,3,9,0,18,3,7,0,8,0,0,1,0,1,1,6,1,60,9,-1,-1,-1,-1,5,1,E01005876,0
Unvalidated,2024302400829,2024,302400829,1,9,0,18,4,8,0,2,0,0,0,0,1,1,6,1,19,4,-1,-1,-1,-1,9,1,E01013599,0
Unvalidated,2024302400829,2024,302400829,2,9,0,3,4,8,0,2,0,0,0,0,2,1,1,2,23,5,-1,-1,-1,-1,4,1,E01019690,0
Unvalidated,2024302400830,2024,302400830,1,9,0,3,2,6,0,0,0,0,0,0,2,1,6,1,33,6,-1,-1,-1,-1,10,1,E01028396,0
Unvalidated,2024302400830,2024,302400830,2,9,0,4,2,6,0,0,0,0,0,0,1,1,6,3,-1,-1,-1,-1,-1,-1,5,1,E01019456,0
Unvalidated,2024302400832,2024,302400832,1,9,0,4,4,8,0,0,0,0,0,0,2,1,6,1,35,6,-1,-1,-1,-1,9,1,E01019762,0
Unvalidated,2024302400832,2024,302400832,2,9,0,18,4,8,0,0,0,0,0,0,1,1,6,2,37,7,-1,-1,-1,-1,6,1,E01019774,0
Unvalidated,2024302400833,2024,302400833,1,9,0,12,4,8,0,8,0,0,0,0,3,1,6,1,32,6,-1,-1,-1,-1,3,1,E01019515,0
Unvalidated,2024302400833,2024,302400833,2,9,0,16,2,6,0,8,0,0,0,0,4,1,6,1,27,6,-1,-1,-1,-1,1,1,E01009564,0
Unvalidated,2024302400835,2024,302400835,1,19,0,4,2,6,0,0,0,0,0,0,2,1,1,1,31,6,-1,-1,-1,-1,3,1,E01007591,0
Unvalidated,2024302400835,2024,302400835,2,9,0,18,2,6,0,0,0,0,0,0,1,1,2,2,30,6,-1,-1,-1,-1,4,1,E01008142,0
Unvalidated,2024302400836,2024,302400836,1,9,0,1,7,3,0,8,0,0,0,0,2,1,2,1,30,6,-1,-1,-1,-1,4,2,E01019491,0
Unvalidated,2024302400837,2024,302400837,1,9,0,18,3,7,0,8,0,0,0,0,1,1,6,1,26,6,-1,-1,-1,-1,9,1,E01019590,0
Unvalidated,2024302400837,2024,302400837,2,9,0,9,7,5,0,8,0,0,0,0,1,1,6,2,49,8,-1,-1,-1,-1,2,1,E01019799,0
Unvalidated,2024302400839,2024,302400839,1,9,0,16,4,6,0,0,0,0,0,0,3,1,1,1,37,7,-1,-1,-1,-1,4,1,E01014128,0
Unvalidated,2024302400839,2024,302400839,2,9,0,17,6,4,0,0,0,0,1,0,3,1,1,1,34,6,-1,-1,-1,-1,7,1,E01019628,0
Unvalidated,2024302400840,2024,302400840,1,9,0,18,1,5,0,6,0,0,1,11,3,1,6,1,26,6,-1,-1,-1,-1,1,1,E01013485,0
Unvalidated,2024302400840,2024,302400840,2,9,0,18,7,3,0,8,1,0,0,0,1,1,6,2,31,6,-1,-1,-1,-1,6,1,E01013476,0
Unvalidated,2024302400841,2024,302400841,1,9,0,18,2,6,0,3,1,0,1,2,3,1,6,1,26,6,-1,-1,-1,-1,2,1,E01019699,0
Unvalidated,2024302400843,2024,302400843,1,9,0,9,6,5,0,8,0,0,0,0,4,1,1,2,57,9,-1,-1,-1,-1,4,1,E01019750,0
Unvalidated,2024302400843,2024,302400843,2,19,3,18,2,6,0,8,0,0,0,0,1,1,6,1,57,9,-1,-1,-1,-1,10,1,E01019587,0
Unvalidated,2024302400845,2024,302400845,1,9,0,18,2,6,0,0,0,0,0,0,2,1,6,3,-1,-1,-1,-1,-1,-1,-1,-1,-1,0
Unvalidated,2024302400845,2024,302400845,2,9,0,2,0,0,0,0,0,0,0,0,1,1,6,2,34,6,-1,-1,-1,-1,5,1,E01010256,0
Unvalidated,2024302400847,2024,302400847,1,9,0,1,5,1,0,2,0,0,0,0,1,1,6,1,30,6,-1,-1,-1,-1,6,1,E01019475,0
Unvalidated,2024302400847,2024,302400847,2,9,0,2,0,0,0,2,0,0,0,0,1,1,6,1,35,6,-1,-1,-1,-1,10,1,E01019473,0
Unvalidated,2024302400848,2024,302400848,1,9,0,18,3,7,0,8,0,0,0,0,1,1,6,2,19,4,-1,-1,-1,-1,8,3,E01019755,0
Unvalidated,2024302400849,2024,302400849,1,9,0,4,2,6,0,0,0,0,0,0,2,1,6,1,36,7,-1,-1,-1,-1,3,2,E01028258,0
Unvalidated,2024302400849,2024,302400849,2,9,0,18,2,6,0,0,0,0,0,0,1,1,6,1,22,5,-1,-1,-1,-1,2,1,E01028271,0
Unvalidated,2024302400849,2024,302400849,3,1,0,5,2,6,0,0,0,0,0,0,0,1,6,3,-1,-1,-1,-1,-1,-1,5,1,E01019456,0
Unvalidated,2024302400850,2024,302400850,1,90,0,12,1,5,0,0,0,0,0,0,2,1,6,3,-1,-1,-1,-1,-1,-1,5,1,E01019456,0
Unvalidated,2024302400850,2024,302400850,2,9,0,18,1,5,0,0,0,0,5,6,2,1,6,1,47,8,-1,-1,-1,-1,10,1,E01025914,0
Unvalidated,2024302400851,2024,302400851,1,9,0,18,6,2,0,2,0,0,0,0,1,1,6,2,27,6,-1,-1,-1,-1,-1,-1,-1,0
Unvalidated,2024302400851,2024,302400851,2,19,0,18,2,6,0,1,1,0,0,0,1,1,1,1,34,6,-1,-1,-1,-1,-1,-1,-1,0
Unvalidated,2024302400851,2024,302400851,3,9,0,4,6,2,0,2,0,0,0,0,0,1,6,3,-1,-1,-1,-1,-1,-1,5,1,E01019456,0
Unvalidated,2024302400857,2024,302400857,1,90,0,18,4,8,9,0,0,0,0,0,1,1,6,1,17,4,-1,-1,-1,-1,2,1,E01013521,0
Unvalidated,2024302400857,2024,302400857,2,9,0,5,2,6,9,0,0,0,0,0,1,1,6,1,42,7,-1,-1,-1,-1,5,1,E01013518,0
Unvalidated,2024302400858,2024,302400858,1,9,0,9,7,5,0,8,0,0,7,11,1,1,6,2,81,11,-1,-1,-1,-1,6,1,E01019821,0
Unvalidated,2024302400858,2024,302400858,2,9,0,18,1,5,0,8,0,0,0,0,3,1,6,1,63,9,-1,-1,-1,-1,4,3,E01019822,0
Unvalidated,2024302400859,2024,302400859,1,9,0,2,0,0,0,0,0,0,0,0,4,1,1,1,43,7,-1,-1,-1,-1,9,1,E01019624,0
Unvalidated,2024302400860,2024,302400860,1,8,0,5,8,4,0,0,0,0,0,0,4,1,6,3,-1,-1,-1,-1,-1,-1,5,1,E01019456,0