status,collision_index,collision_year,collision_reference,vehicle_reference,vehicle_type,towing_and_articulation,vehicle_manoeuvre,vehicle_direction_from,vehicle_direction_to,vehicle_location_restricted_lane,junction_location,skidding_and_overturning,hit_object_in_carriageway,vehicle_leaving_carriageway,hit_object_off_carriageway,first_point_of_impact,vehicle_left_hand_drive,journey_purpose_of_driver,sex_of_driver,age_of_driver,age_band_of_driver,engine_capacity_cc,propulsion_code,age_of_vehicle,generic_make_model,driver_imd_decile,driver_home_area_type,lsoa_of_driver,escooter_flag
Unvalidated,2024302400861,2024,302400861,1,9,0,8,8,2,0,0,0,0,7,11,1,1,6,2,67,10,-1,-1,-1,-1,4,2,E01019492,0
Unvalidated,2024302400861,2024,302400861,2,9,0,4,6,2,0,0,0,0,0,0,0,1,6,1,34,6,-1,-1,-1,-1,5,2,E01019525,0
Unvalidated,2024302400862,2024,302400862,1,9,0,17,4,8,0,4,0,0,0,0,3,1,6,1,53,8,-1,-1,-1,-1,6,1,E01019651,0
Unvalidated,2024302400862,2024,302400862,2,90,0,17,4,8,0,8,0,0,0,0,4,1,6,1,29,6,-1,-1,-1,-1,-1,-1,-1,0
Unvalidated,2024302400863,2024,302400863,1,9,0,18,6,2,0,0,0,0,1,0,1,1,2,2,23,5,-1,-1,-1,-1,6,1,E01013491,0
Unvalidated,2024302400865,2024,302400865,1,9,0,18,1,5,0,8,0,0,0,0,1,1,1,2,26,6,-1,-1,-1,-1,10,1,E01019473,0
Unvalidated,2024302400865,2024,302400865,2,9,0,17,3,1,0,1,0,0,0,0,3,1,6,2,38,7,-1,-1,-1,-1,1,1,E01019488,0
Unvalidated,2024302400866,2024,302400866,1,9,0,18,5,1,0,2,0,0,0,0,3,1,2,2,49,8,-1,-1,-1,-1,4,1,E01019773,0
Unvalidated,2024302400867,2024,302400867,1,9,0,18,1,5,0,1,0,0,0,0,1,1,2,2,76,11,-1,-1,-1,-1,9,1,E01019762,0
Unvalidated,2024302400867,2024,302400867,2,9,0,9,3,1,0,6,0,0,0,0,3,1,3,1,30,6,-1,-1,-1,-1,6,3,E01019617,0
Unvalidated,2024302400868,2024,302400868,1,9,0,18,5,1,0,8,0,0,0,0,1,1,6,1,22,5,-1,-1,-1,-1,8,3,E01019414,0
Unvalidated,2024302400868,2024,302400868,2,1,0,18,3,7,0,8,0,0,0,0,4,1,1,1,20,4,-1,-1,-1,-1,1,1,E01013480,0
Unvalidated,2024302400869,2024,302400869,1,9,0,9,3,1,0,8,0,0,0,0,3,1,6,3,-1,-1,-1,-1,-1,-1,-1,-1,-1,0
Unvalidated,2024302400869,2024,302400869,2,1,0,18,2,6,0,8,0,0,0,0,1,1,6,1,31,6,-1,-1,-1,-1,1,1,E01013568,0
Unvalidated,2024302400870,2024,302400870,1,9,0,9,4,2,0,6,0,0,0,0,1,1,1,3,-1,-1,-1,-1,-1,-1,-1,-1,-1,0
Unvalidated,2024302400870,2024,302400870,2,9,0,18,2,6,0,8,0,0,7,11,1,1,2,3,-1,-1,-1,-1,-1,-1,-1,-1,-1,0
Unvalidated,2024302400873,2024,302400873,1,9,0,18,1,5,0,1,0,0,0,0,1,1,6,3,-1,-1,-1,-1,-1,-1,-1,-1,-1,0
Unvalidated,2024302400873,2024,302400873,2,9,0,10,1,7,0,1,0,0,0,0,2,1,6,2,34,6,-1,-1,-1,-1,6,1,E01019873,0
Unvalidated,2024302400874,2024,302400874,1,9,0,7,7,5,0,3,0,0,0,0,1,1,6,1,84,11,-1,-1,-1,-1,4,1,E01019800,0
Unvalidated,2024302400875,2024,302400875,1,9,0,18,5,1,0,0,0,0,1,4,1,1,6,1,26,6,-1,-1,-1,-1,9,1,E01025915,0
Unvalidated,2024302400876,2024,302400876,1,9,0,16,2,6,0,0,0,0,7,2,1,1,6,2,24,5,-1,-1,-1,-1,1,1,E01013479,0
Unvalidated,2024302400877,2024,302400877,1,9,0,2,0,0,0,0,0,0,0,0,2,1,6,3,39,7,-1,-1,-1,-1,-1,-1,-1,0
Unvalidated,2024302400877,2024,302400877,2,19,0,14,6,2,0,0,0,0,0,0,1,1,1,1,37,7,-1,-1,-1,-1,2,1,E01019699,0
Unvalidated,2024302400878,2024,302400878,1,9,0,13,5,1,0,8,0,0,0,0,4,1,6,3,-1,-1,-1,-1,-1,-1,5,1,E01019456,0
Unvalidated,2024302400878,2024,302400878,2,9,0,9,5,2,0,8,0,0,0,0,3,1,6,2,65,9,-1,-1,-1,-1,7,1,E01019443,0
Unvalidated,2024302400879,2024,302400879,1,3,0,18,2,6,0,2,1,0,0,0,1,1,6,1,24,5,-1,-1,-1,-1,4,1,E01008019,0
Unvalidated,2024302400879,2024,302400879,2,9,0,18,2,6,0,2,0,0,0,0,0,1,6,1,30,6,-1,-1,-1,-1,9,2,E01019790,0
Unvalidated,2024302400880,2024,302400880,1,9,0,18,8,4,0,0,1,0,1,11,1,1,6,1,21,5,-1,-1,-1,-1,3,1,E01019709,0
Unvalidated,2024302400881,2024,302400881,1,19,0,18,1,5,0,0,0,0,0,0,4,1,6,1,70,10,-1,-1,-1,-1,6,1,E01028108,0
Unvalidated,2024302400882,2024,302400882,1,9,0,14,8,4,0,0,0,0,0,0,1,1,6,2,32,6,-1,-1,-1,-1,7,1,E01019700,0
Unvalidated,2024302400882,2024,302400882,2,9,0,2,0,0,0,0,0,0,0,0,1,1,6,3,-1,-1,-1,-1,-1,-1,-1,-1,-1,0
Unvalidated,2024302400882,2024,302400882,3,9,0,2,0,0,0,0,0,0,0,0,1,1,6,3,-1,-1,-1,-1,-1,-1,-1,-1,-1,0
Unvalidated,2024302400883,2024,302400883,1,9,0,16,5,7,0,1,1,0,7,11,1,1,6,2,20,4,-1,-1,-1,-1,6,3,E01019629,0
Unvalidated,2024302400884,2024,302400884,1,9,0,14,1,5,0,1,0,0,0,0,4,1,6,2,36,7,-1,-1,-1,-1,2,1,E01019567,0
Unvalidated,2024302400884,2024,302400884,2,11,0,2,0,0,0,1,0,0,0,0,0,1,1,1,46,8,-1,-1,-1,-1,3,1,E01019531,0
Unvalidated,2024302400885,2024,302400885,1,9,0,3,1,5,0,8,0,0,0,0,1,1,6,1,72,10,-1,-1,-1,-1,9,3,E01019478,0
Unvalidated,2024302400885,2024,302400885,2,9,0,3,1,5,0,8,0,0,0,0,2,1,6,2,69,10,-1,-1,-1,-1,7,3,E01019477,0
Unvalidated,2024302400885,2024,302400885,3,9,0,3,1,5,0,8,0,0,0,0,2,1,6,2,36,7,-1,-1,-1,-1,7,3,E01019477,0
Unvalidated,2024302400886,2024,302400886,1,9,0,4,8,4,0,0,1,0,0,0,1,1,6,1,41,7,-1,-1,-1,-1,9,1,E01025916,0
Unvalidated,2024302400886,2024,302400886,2,9,0,4,4,8,0,0,2,0,7,0,1,1,3,2,39,7,-1,-1,-1,-1,8,2,E01019854,0
Unvalidated,2024302400887,2024,302400887,1,9,0,18,5,1,0,2,0,0,0,0,1,1,6,2,38,7,-1,-1,-1,-1,8,1,E01019874,0
Unvalidated,2024302400887,2024,302400887,2,9,0,18,1,5,0,1,0,0,0,0,1,1,6,2,45,7,-1,-1,-1,-1,1,1,E01013496,0
Unvalidated,2024302400887,2024,302400887,3,17,0,18,5,1,0,2,0,0,0,0,0,1,6,3,-1,-1,-1,-1,-1,-1,5,1,E01019456,0
Unvalidated,2024302400888,2024,302400888,1,21,0,18,1,5,0,8,1,0,0,0,3,1,1,1,34,6,-1,-1,-1,-1,4,1,E01007842,0
Unvalidated,2024302400888,2024,302400888,2,9,0,18,7,3,0,8,0,0,0,0,1,1,3,2,38,7,-1,-1,-1,-1,2,1,E01013497,0
Unvalidated,2024302400889,2024,302400889,1,9,0,15,8,4,0,0,0,0,0,0,1,1,3,2,42,7,-1,-1,-1,-1,1,1,E01019808,0
Unvalidated,2024302400889,2024,302400889,2,11,0,2,0,0,0,0,0,0,0,0,0,1,1,3,-1,-1,-1,-1,-1,-1,5,1,E01019456,0
Unvalidated,2024302400890,2024,302400890,1,9,0,4,6,2,0,8,0,0,0,0,3,1,6,1,71,10,-1,-1,-1,-1,1,1,E01027966,0
Unvalidated,2024302400891,2024,302400891,1,20,0,7,5,3,0,8,0,0,0,0,4,1,1,1,57,9,-1,-1,-1,-1,1,1,E01013496,0
Unvalidated,2024302400892,2024,302400892,1,9,0,9,3,1,0,8,0,0,0,0,3,1,6,2,32,6,-1,-1,-1,-1,2,1,E01019668,0
Unvalidated,2024302400892,2024,302400892,2,3,0,18,1,5,0,8,0,0,0,0,1,1,6,1,22,5,-1,-1,-1,-1,1,1,E01019664,0
Unvalidated,2024302400893,2024,302400893,1,9,0,7,7,1,0,6,0,0,0,0,3,1,6,1,66,10,-1,-1,-1,-1,3,1,E01013454,0
Unvalidated,2024302400893,2024,302400893,2,90,0,18,5,1,0,8,0,0,0,0,1,1,2,1,25,5,-1,-1,-1,-1,5,1,E01013587,0
Unvalidated,2024302400894,2024,302400894,1,8,0,18,8,4,0,0,0,4,0,0,4,1,1,1,70,10,-1,-1,-1,-1,4,1,E01033404,0
Unvalidated,2024302400894,2024,302400894,2,9,0,2,0,0,0,0,0,0,0,0,3,1,6,3,-1,-1,-1,-1,-1,-1,-1,-1,-1,0
Unvalidated,2024302400894,2024,302400894,3,9,0,2,0,0,0,0,0,0,0,0,3,1,6,3,-1,-1,-1,-1,-1,-1,-1,-1,-1,0
Unvalidated,2024302400895,2024,302400895,1,2,0,4,8,4,0,2,0,0,1,10,4,1,6,2,48,8,-1,-1,-1,-1,4,1,E01013503,0
Unvalidated,2024302400897,2024,302400897,1,5,0,18,5,1,0,0,1,4,1,0,1,1,6,1,31,6,-1,-1,-1,-1,4,1,E01019844,0
Unvalidated,2024302400897,2024,302400897,2,9,0,2,0,0,0,0,0,0,0,0,2,1,6,3,-1,-1,-1,-1,-1,-1,-1,-1,-1,0
Unvalidated,2024302400898,2024,302400898,1,9,0,18,8,4,0,8,0,0,3,11,1,1,6,2,-1,-1,-1,-1,-1,-1,7,1,E01019513,0
Unvalidated,2024302400900,2024,302400900,1,9,0,9,4,2,0,2,0,0,0,0,1,1,6,3,-1,-1,-1,-1,-1,-1,-1,-1,-1,0
Unvalidated,2024302400901,2024,302400901,1,19,0,9,2,8,0,8,0,0,0,0,3,1,2,1,35,6,-1,-1,-1,-1,4,1,E01019574,0
Unvalidated,2024302400901,2024,302400901,2,5,0,13,2,6,0,1,0,0,0,0,4,1,6,1,29,6,-1,-1,-1,-1,3,1,E01019569,0
Unvalidated,2024302400902,2024,302400902,1,8,0,18,4,8,0,1,0,0,0,0,1,1,1,1,45,7,-1,-1,-1,-1,1,1,E01013484,0
Unvalidated,2024302400903,2024,302400903,1,9,0,7,5,7,0,8,0,0,0,0,3,1,6,1,28,6,-1,-1,-1,-1,4,3,E01019822,0
Unvalidated,2024302400903,2024,302400903,2,3,0,18,3,7,0,8,0,0,0,0,1,1,6,3,-1,-1,-1,-1,-1,-1,5,1,E01019456,0
Unvalidated,2024302400904,2024,302400904,1,5,0,13,3,7,0,0,0,0,0,0,3,1,6,2,56,9,-1,-1,-1,-1,8,1,E01018465,0
Unvalidated,2024302400904,2024,302400904,2,5,0,18,7,3,0,0,0,0,7,11,3,1,6,1,53,8,-1,-1,-1,-1,6,1,E01007387,0
Unvalidated,2024302400905,2024,302400905,1,9,0,18,2,6,0,0,2,0,1,0,1,1,6,1,22,5,-1,-1,-1,-1,2,1,E01029447,0
Unvalidated,2024302400906,2024,302400906,1,9,0,18,8,4,0,8,0,0,0,0,1,1,6,1,38,7,-1,-1,-1,-1,1,1,E01013536,0
Unvalidated,2024302400906,2024,302400906,2,9,0,10,8,4,0,8,0,0,0,0,2,1,6,2,44,7,-1,-1,-1,-1,1,1,E01013584,0
Unvalidated,2024302400907,2024,302400907,1,9,0,5,3,7,0,8,1,0,7,0,4,1,6,1,39,7,-1,-1,-1,-1,8,1,E01019874,0
Unvalidated,2024302400907,2024,302400907,2,9,0,5,5,1,0,8,1,0,1,0,3,1,1,1,41,7,-1,-1,-1,-1,7,1,E01013488,0
Unvalidated,2024302400908,2024,302400908,1,9,0,13,3,7,0,0,0,0,0,0,0,1,6,3,-1,-1,-1,-1,-1,-1,5,1,E01019456,0
Unvalidated,2024302400908,2024,302400908,2,9,0,18,3,7,0,0,0,0,0,0,0,1,6,2,46,8,-1,-1,-1,-1,1,1,E01028173,0
Unvalidated,2024302400909,2024,302400909,1,9,0,18,7,3,0,0,0,0,0,0,1,1,6,1,78,11,-1,-1,-1,-1,7,3,E01029467,0
Unvalidated,2024302400910,2024,302400910,1,5,0,16,3,6,0,0,0,0,7,0,1,1,6,1,55,8,-1,-1,-1,-1,7,1,E01019548,0
Unvalidated,2024302400910,2024,302400910,2,9,0,17,6,3,0,0,0,0,0,0,4,1,6,1,58,9,-1,-1,-1,-1,7,1,E01007754,0
Unvalidated,2024302400911,2024,302400911,1,4,0,18,8,4,0,1,0,0,0,0,1,1,6,1,55,8,-1,-1,-1,-1,1,1,E01019650,0
Unvalidated,2024302400911,2024,302400911,2,9,0,5,1,8,0,1,0,0,0,0,1,1,6,2,28,6,-1,-1,-1,-1,7,1,E01019681,0
Unvalidated,2024302400912,2024,302400912,1,9,0,7,6,8,0,6,0,0,2,10,1,1,6,2,72,10,-1,-1,-1,-1,2,1,E01013522,0
Unvalidated,2024302400912,2024,302400912,2,9,0,18,4,8,0,8,0,0,2,10,4,1,6,2,50,8,-1,-1,-1,-1,2,1,E01013597,0
Unvalidated,2024302400915,2024,302400915,1,9,0,5,8,4,0,0,0,0,0,0,3,1,6,1,58,9,-1,-1,-1,-1,7,1,E01013529,0
Unvalidated,2024302400915,2024,302400915,2,19,0,18,2,6,0,0,0,0,0,0,0,1,1,1,54,8,-1,-1,-1,-1,1,1,E01013473,0
Unvalidated,2024302400916,2024,302400916,1,17,0,16,5,8,0,0,0,0,0,0,1,1,6,3,-1,-1,-1,-1,-1,-1,-1,-1,-1,0
Unvalidated,2024302400916,2024,302400916,2,1,0,17,8,5,0,0,0,0,0,0,1,1,6,1,16,4,-1,-1,-1,-1,8,3,E01019735,0
Unvalidated,2024302400917,2024,302400917,1,9,0,4,6,2,0,8,0,0,0,0,1,1,6,1,19,4,-1,-1,-1,-1,9,1,E01019641,0
Unvalidated,2024302400917,2024,302400917,2,9,0,18,6,2,0,8,0,0,0,0,4,1,2,1,45,7,-1,-1,-1,-1,3,1,E01019759,0
Unvalidated,2024302400918,2024,302400918,1,9,0,13,2,4,0,8,0,0,0,0,4,1,6,1,35,6,-1,-1,-1,-1,2,1,E01013522,0
Unvalidated,2024302400918,2024,302400918,2,1,0,16,2,5,0,8,0,0,0,0,3,1,2,1,45,7,-1,-1,-1,-1,-1,-1,-1,0
Unvalidated,2024302400919,2024,302400919,1,19,0,18,5,8,0,2,0,0,0,0,4,1,1,1,44,7,-1,-1,-1,-1,3,1,E01019666,0
Unvalidated,2024302400919,2024,302400919,2,22,0,5,6,2,0,2,0,0,0,0,1,1,6,2,53,8,-1,-1,-1,-1,5,1,E01019723,0
Unvalidated,2024302400920,2024,302400920,1,9,0,16,3,5,0,0,0,0,0,0,1,1,6,2,83,11,-1,-1,-1,-1,4,1,E01019824,0
Unvalidated,2024302400920,2024,302400920,2,9,0,17,5,3,0,0,0,0,0,0,1,1,6,1,63,9,-1,-1,-1,-1,7,3,E01019812,0
Unvalidated,2024302400921,2024,302400921,1,9,0,14,6,2,0,1,0,0,0,0,1,1,6,1,44,7,-1,-1,-1,-1,10,2,E01019833,0
Unvalidated,2024302400921,2024,302400921,2,9,0,10,6,8,0,8,0,0,0,0,1,1,6,1,17,4,-1,-1,-1,-1,7,3,E01019832,0
Unvalidated,2024302400922,2024,302400922,1,9,0,5,1,5,0,4,0,0,0,0,1,1,6,2,56,9,-1,-1,-1,-1,6,1,E01019475,0
Unvalidated,2024302400922,2024,302400922,2,1,0,18,7,3,0,8,0,0,0,0,4,1,6,1,26,6,-1,-1,-1,-1,5,1,E01019470,0
Unvalidated,2024302400923,2024,302400923,1,3,0,16,4,6,0,0,1,0,1,0,1,1,6,1,18,4,-1,-1,-1,-1,8,1,E01007831,0
Unvalidated,2024302400925,2024,302400925,1,11,0,17,2,6,0,1,0,0,0,0,0,1,1,1,30,6,-1,-1,-1,-1,2,1,E01013538,0
Unvalidated,2024302400927,2024,302400927,1,9,0,18,6,2,0,8,0,0,0,0,1,1,1,1,32,6,-1,-1,-1,-1,3,2,E01019792,0
Unvalidated,2024302400927,2024,302400927,2,9,0,5,5,1,0,8,0,0,7,4,1,1,1,1,57,9,-1,-1,-1,-1,5,1,E01019780,0
Unvalidated,2024302400928,2024,302400928,1,9,0,18,6,2,0,2,0,0,0,0,4,1,6,2,43,7,-1,-1,-1,-1,8,2,E01019596,0
Unvalidated,2024302400928,2024,302400928,2,9,0,2,0,0,0,2,0,0,0,0,0,1,6,3,-1,-1,-1,-1,-1,-1,-1,-1,-1,0
Unvalidated,2024302400928,2024,302400928,3,9,0,2,0,0,0,2,0,0,0,0,0,1,6,3,-1,-1,-1,-1,-1,-1,-1,-1,-1,0
Unvalidated,2024302400929,2024,302400929,1,9,0,5,1,5,0,4,0,0,0,0,1,1,6,2,55,8,-1,-1,-1,-1,9,1,E01019591,0
Unvalidated,2024302400929,2024,302400929,2,9,0,3,1,5,0,4,0,0,0,0,2,1,6,1,56,9,-1,-1,-1,-1,1,1,E01008084,0
Unvalidated,2024302400931,2024,302400931,1,9,0,4,5,7,0,5,0,0,1,0,2,1,6,2,62,9,-1,-1,-1,-1,5,2,E01019744,0
Unvalidated,2024302400931,2024,302400931,2,9,0,4,5,7,0,5,0,0,1,0,1,2,6,1,37,7,-1,-1,-1,-1,5,2,E01019719,0
Unvalidated,2024302400932,2024,302400932,1,9,0,17,8,6,0,0,0,0,0,0,1,1,6,2,67,10,-1,-1,-1,-1,7,3,E01019753,0
Unvalidated,2024302400932,2024,302400932,2,1,0,16,6,8,0,0,1,0,0,0,1,1,6,1,21,5,-1,-1,-1,-1,1,1,E01006019,0
Unvalidated,2024302400934,2024,302400934,1,9,0,18,6,2,0,0,0,0,0,0,1,1,6,1,18,4,-1,-1,-1,-1,8,1,E01028093,0
Unvalidated,2024302400934,2024,302400934,2,9,0,18,2,6,0,0,0,0,0,0,1,1,2,1,51,8,-1,-1,-1,-1,10,1,E01007929,0
Unvalidated,2024302400935,2024,302400935,1,9,0,17,1,5,0,0,0,4,0,0,1,1,6,2,73,10,-1,-1,-1,-1,7,3,E01019603,0
Unvalidated,2024302400935,2024,302400935,2,9,0,2,0,0,0,0,0,0,0,0,1,1,6,3,-1,-1,-1,-1,-1,-1,-1,-1,-1,0
Unvalidated,2024302400935,2024,302400935,3,19,0,2,0,0,0,0,0,0,0,0,1,1,6,3,-1,-1,-1,-1,-1,-1,-1,-1,-1,0
Unvalidated,2024302400939,2024,302400939,1,9,0,18,5,1,0,0,0,4,0,0,1,1,6,2,54,8,-1,-1,-1,-1,9,1,E01013596,0
Unvalidated,2024302400939,2024,302400939,2,19,0,2,0,0,0,0,0,0,0,0,2,1,6,3,-1,-1,-1,-1,-1,-1,-1,-1,-1,0
Unvalidated,2024302400939,2024,302400939,3,19,0,2,0,0,0,0,0,0,0,0,3,1,6,3,-1,-1,-1,-1,-1,-1,-1,-1,-1,0
Unvalidated,2024302400940,2024,302400940,1,9,0,5,1,5,0,0,0,0,0,0,3,2,6,1,36,7,-1,-1,-1,-1,8,1,E01019609,0
Unvalidated,2024302400946,2024,302400946,1,9,0,9,6,4,0,1,0,0,0,0,2,1,6,2,32,6,-1,-1,-1,-1,3,1,E01013510,0
Unvalidated,2024302400946,2024,302400946,2,9,0,4,4,8,0,1,0,0,0,0,1,1,6,2,19,4,-1,-1,-1,-1,4,1,E01013460,0
Unvalidated,2024302400946,2024,302400946,3,9,0,4,6,2,0,1,0,0,0,0,1,1,6,2,33,6,-1,-1,-1,-1,1,1,E01013591,0
Unvalidated,2024302400947,2024,302400947,1,9,0,17,1,7,0,0,0,0,0,0,1,1,6,1,51,8,-1,-1,-1,-1,8,1,E01019454,0
Unvalidated,2024302400947,2024,302400947,2,9,0,16,7,1,0,0,0,0,0,0,1,1,6,1,18,4,-1,-1,-1,-1,7,3,E01019477,0
Unvalidated,2024302400947,2024,302400947,3,9,0,17,1,7,0,0,0,0,0,0,1,1,6,1,23,5,-1,-1,-1,-1,10,1,E01019413,0
Unvalidated,2024302400956,2024,302400956,1,8,0,16,8,4,0,5,0,0,0,0,1,1,1,1,25,5,-1,-1,-1,-1,4,1,E01013459,0
Unvalidated,2024302400956,2024,302400956,2,9,0,18,4,8,0,1,0,0,0,0,1,1,6,1,55,8,-1,-1,-1,-1,8,2,E01019840,0
Unvalidated,2024302400961,2024,302400961,1,9,0,18,3,7,0,0,0,0,0,0,2,1,2,1,74,10,-1,-1,-1,-1,10,1,E01028084,0
Unvalidated,2024302400961,2024,302400961,2,9,0,18,3,7,0,0,0,0,0,0,2,1,2,2,38,7,-1,-1,-1,-1,6,1,E01028080,0
Unvalidated,2024302400961,2024,302400961,3,9,0,18,3,7,0,0,0,0,0,0,1,1,6,2,37,7,-1,-1,-1,-1,2,1,E01013499,0
Unvalidated,2024302400962,2024,302400962,1,9,0,4,3,7,0,0,0,0,0,0,1,1,1,1,17,4,-1,-1,-1,-1,8,1,E01027959,0
Unvalidated,2024302400962,2024,302400962,2,9,0,4,3,7,0,0,0,0,0,0,2,1,6,2,29,6,-1,-1,-1,-1,9,1,E01019696,0
Unvalidated,2024302400962,2024,302400962,3,9,0,4,3,7,0,0,0,0,0,0,2,1,6,1,63,9,-1,-1,-1,-1,1,1,E01013487,0
Unvalidated,2024302400964,2024,302400964,1,9,0,9,4,2,0,2,0,0,0,0,1,1,2,2,34,6,-1,-1,-1,-1,1,1,E01013486,0
Unvalidated,2024302400964,2024,302400964,2,1,0,18,2,6,0,1,0,0,0,0,1,1,6,1,8,2,-1,-1,-1,-1,1,1,E01013486,0
Unvalidated,2024302400966,2024,302400966,1,21,0,18,3,6,0,4,0,0,0,0,1,1,1,1,49,8,-1,-1,-1,-1,-1,-1,-1,0
Unvalidated,2024302400966,2024,302400966,2,5,0,18,1,5,0,3,0,0,0,0,4,1,6,1,62,9,-1,-1,-1,-1,10,2,E01033533,0
Unvalidated,2024302400967,2024,302400967,1,9,0,17,6,1,0,0,0,0,0,0,1,1,6,1,38,7,-1,-1,-1,-1,3,1,E01019730,0
Unvalidated,2024302400967,2024,302400967,2,9,0,16,1,6,0,0,0,0,0,0,3,1,6,2,30,6,-1,-1,-1,-1,5,3,E01030151,0
Unvalidated,2024302400967,2024,302400967,3,9,0,18,1,6,0,0,0,0,0,0,1,1,6,1,48,8,-1,-1,-1,-1,-1,-1,-1,0
Unvalidated,2024302400968,2024,302400968,1,9,0,18,2,4,0,4,0,0,0,0,3,1,6,2,82,11,-1,-1,-1,-1,8,1,E01013593,0
Unvalidated,2024302400968,2024,302400968,2,9,0,17,1,4,0,8,0,0,0,0,4,1,6,1,48,8,-1,-1,-1,-1,8,1,E01019685,0
Unvalidated,2024302400974,2024,302400974,1,9,0,5,5,1,0,0,0,0,0,0,1,1,6,2,44,7,-1,-1,-1,-1,8,1,E01019859,0
Unvalidated,2024302400975,2024,302400975,1,9,0,9,2,4,0,2,0,0,0,0,3,2,6,1,48,8,-1,-1,-1,-1,1,1,E01013487,0
Unvalidated,2024302400979,2024,302400979,1,9,0,18,4,8,0,8,0,0,3,1,1,1,3,1,90,11,-1,-1,-1,-1,9,1,E01019825,0
Unvalidated,2024302400979,2024,302400979,2,9,0,18,6,2,0,8,0,0,1,1,3,1,3,1,55,8,-1,-1,-1,-1,3,1,E01028232,0
Unvalidated,2024302400980,2024,302400980,1,19,0,18,8,4,0,0,0,0,0,0,1,1,1,1,53,8,-1,-1,-1,-1,8,1,E01011188,0
Unvalidated,2024302400980,2024,302400980,2,9,0,3,8,4,0,0,0,0,0,0,4,1,6,1,37,7,-1,-1,-1,-1,6,1,E01019651,0
Unvalidated,2024302400980,2024,302400980,3,9,0,3,8,4,0,0,0,0,0,0,2,1,2,1,28,6,-1,-1,-1,-1,4,1,E01019503,0
Unvalidated,2024302400980,2024,302400980,4,19,0,3,8,4,0,0,0,0,0,0,2,1,1,1,35,6,-1,-1,-1,-1,3,1,E01019508,0
Unvalidated,2024302400984,2024,302400984,1,9,0,7,1,6,0,1,0,0,0,0,1,1,6,1,34,6,-1,-1,-1,-1,1,1,E01013487,0
Unvalidated,2024302400984,2024,302400984,2,9,0,18,8,4,0,1,0,0,0,0,1,1,6,2,57,9,-1,-1,-1,-1,4,1,E01013515,0
Unvalidated,2024302400985,2024,302400985,1,9,0,18,6,2,0,0,0,0,7,9,1,1,6,1,58,9,-1,-1,-1,-1,8,2,E01019747,0
Unvalidated,2024302400986,2024,302400986,1,5,0,3,8,2,0,1,0,0,0,0,2,1,6,1,59,9,-1,-1,-1,-1,1,1,E01026173,0
Unvalidated,2024302400986,2024,302400986,2,9,0,18,8,2,0,4,0,0,0,0,2,1,6,1,40,7,-1,-1,-1,-1,8,1,E01028204,0
Unvalidated,2024302400995,2024,302400995,1,9,0,5,3,7,0,2,0,0,7,10,1,1,6,2,73,10,-1,-1,-1,-1,10,1,E01007957,0
Unvalidated,2024302400996,2024,302400996,1,8,0,18,1,5,0,2,0,0,0,0,1,1,6,3,-1,-1,-1,-1,-1,-1,5,1,E01019456,0
Unvalidated,2024302400996,2024,302400996,2,90,0,7,2,5,0,2,1,0,0,0,3,1,6,1,16,4,-1,-1,-1,-1,1,1,E01013591,0
Unvalidated,2024302401001,2024,302401001,1,19,0,16,2,6,0,0,0,0,0,0,1,1,1,1,35,6,-1,-1,-1,-1,6,3,E01025963,0
Unvalidated,2024302401001,2024,302401001,2,9,0,4,2,6,0,0,0,0,0,0,2,1,3,2,36,7,-1,-1,-1,-1,-1,-1,-1,0
Unvalidated,2024302401001,2024,302401001,3,9,0,4,2,6,0,0,0,0,0,0,2,1,6,1,-1,-1,-1,-1,-1,-1,-1,-1,-1,0
Unvalidated,2024302401002,2024,302401002,1,9,0,3,8,4,0,8,0,0,0,0,2,1,6,1,36,7,-1,-1,-1,-1,-1,-1,-1,0
Unvalidated,2024302401002,2024,302401002,2,9,0,4,8,4,0,8,0,0,0,0,1,1,6,1,50,8,-1,-1,-1,-1,5,2,E01019598,0
Unvalidated,2024302401003,2024,302401003,1,3,0,18,3,6,0,0,1,0,0,0,3,1,6,1,31,6,-1,-1,-1,-1,1,1,E01009020,0
Unvalidated,2024302401004,2024,302401004,1,9,0,6,5,5,0,8,0,0,0,0,3,1,6,2,52,8,-1,-1,-1,-1,8,1,E01019707,0
Unvalidated,2024302401004,2024,302401004,2,3,0,14,5,1,0,8,0,0,0,0,1,1,6,1,16,4,-1,-1,-1,-1,10,1,E01019708,0
Unvalidated,2024302401005,2024,302401005,1,5,0,18,6,2,0,0,0,0,0,0,1,1,1,1,40,7,-1,-1,-1,-1,1,1,E01005124,0
Unvalidated,2024302401005,2024,302401005,2,9,0,2,0,0,0,0,0,0,0,0,2,1,6,3,-1,-1,-1,-1,-1,-1,-1,-1,-1,0
Unvalidated,2024302401006,2024,302401006,1,9,0,18,1,5,0,0,2,0,0,0,1,1,6,1,21,5,-1,-1,-1,-1,4,3,E01019742,0
Unvalidated,2024302401009,2024,302401009,1,9,0,16,1,4,0,0,0,0,0,0,1,1,6,2,35,6,-1,-1,-1,-1,8,1,E01019875,0
Unvalidated,2024302401010,2024,302401010,1,9,0,5,8,4,0,4,0,0,0,0,1,1,6,2,27,6,-1,-1,-1,-1,-1,-1,-1,0
Unvalidated,2024302401010,2024,302401010,2,1,0,17,5,1,0,3,0,0,0,0,1,1,6,1,41,7,-1,-1,-1,-1,9,1,E01019835,0