status,collision_index,collision_year,collision_reference,vehicle_reference,vehicle_type,towing_and_articulation,vehicle_manoeuvre,vehicle_direction_from,vehicle_direction_to,vehicle_location_restricted_lane,junction_location,skidding_and_overturning,hit_object_in_carriageway,vehicle_leaving_carriageway,hit_object_off_carriageway,first_point_of_impact,vehicle_left_hand_drive,journey_purpose_of_driver,sex_of_driver,age_of_driver,age_band_of_driver,engine_capacity_cc,propulsion_code,age_of_vehicle,generic_make_model,driver_imd_decile,driver_home_area_type,lsoa_of_driver,escooter_flag
Unvalidated,2024302401011,2024,302401011,1,9,0,17,6,3,0,0,5,0,0,0,1,1,6,1,24,5,-1,-1,-1,-1,3,1,E01019739,0
Unvalidated,2024302401012,2024,302401012,1,9,0,18,6,2,0,8,0,0,0,0,3,1,6,2,43,7,-1,-1,-1,-1,8,3,E01019423,0
Unvalidated,2024302401012,2024,302401012,2,9,0,5,4,8,0,8,0,0,0,0,4,1,6,2,61,9,-1,-1,-1,-1,-1,-1,-1,0
Unvalidated,2024302401013,2024,302401013,1,9,0,9,1,8,0,6,0,0,0,0,3,1,6,2,43,7,-1,-1,-1,-1,6,1,E01008078,0
Unvalidated,2024302401013,2024,302401013,2,97,0,18,8,4,0,1,0,0,0,0,1,1,6,1,27,6,-1,-1,-1,-1,2,1,E01033279,0
Unvalidated,2024302401014,2024,302401014,1,9,0,5,2,6,0,1,0,0,0,0,1,1,6,2,17,4,-1,-1,-1,-1,6,2,E01019882,0
Unvalidated,2024302401014,2024,302401014,2,9,0,3,2,6,0,1,0,0,0,0,2,1,6,2,38,7,-1,-1,-1,-1,8,1,E01019707,0
Unvalidated,2024302401203,2024,302401203,1,19,0,18,6,2,0,0,0,0,0,0,1,1,1,2,63,9,-1,-1,-1,-1,6,3,E01019405,0
Unvalidated,2024311393888,2024,311393888,1,3,0,4,6,2,0,0,1,0,0,0,0,1,1,1,35,6,-1,-1,-1,-1,2,1,E01013961,0
Unvalidated,2024311393980,2024,311393980,1,9,0,18,1,5,0,0,0,0,0,0,1,1,5,1,71,10,-1,-1,-1,-1,3,3,E01026046,0
Unvalidated,2024311394054,2024,311394054,1,9,0,4,6,2,0,0,0,0,0,0,2,1,2,1,58,9,-1,-1,-1,-1,9,1,E01028222,0
Unvalidated,2024311394054,2024,311394054,2,9,0,4,6,2,0,0,0,0,0,0,1,1,2,1,22,5,-1,-1,-1,-1,4,1,E01027963,0
Unvalidated,2024311394099,2024,311394099,1,9,0,18,3,7,0,0,0,0,0,0,1,1,6,1,43,7,-1,-1,-1,-1,4,1,E01019679,0
Unvalidated,2024311394099,2024,311394099,2,9,0,18,3,7,0,0,0,0,0,0,1,1,2,1,56,9,-1,-1,-1,-1,3,1,E01026353,0
Unvalidated,2024311394343,2024,311394343,1,9,0,9,5,4,0,0,0,0,0,0,2,1,2,2,27,6,-1,-1,-1,-1,4,1,E01013555,0
Unvalidated,2024311394343,2024,311394343,2,19,0,9,5,4,0,0,0,0,0,0,1,1,6,3,-1,-1,-1,-1,-1,-1,-1,-1,-1,0
Unvalidated,2024311394344,2024,311394344,1,9,0,18,1,5,0,0,0,0,0,0,2,1,6,2,24,5,-1,-1,-1,-1,-1,-1,-1,0
Unvalidated,2024311394344,2024,311394344,2,9,0,18,1,3,0,0,0,0,0,0,1,1,6,1,-1,-1,-1,-1,-1,-1,3,3,E01019506,0
Unvalidated,2024311394545,2024,311394545,1,9,0,18,5,1,0,0,1,0,7,0,2,1,5,1,20,4,-1,-1,-1,-1,7,3,E01028005,0
Unvalidated,2024311394545,2024,311394545,2,9,0,18,1,5,0,0,0,0,0,0,1,1,5,2,56,9,-1,-1,-1,-1,-1,-1,-1,0
Unvalidated,2024311394885,2024,311394885,1,9,0,9,2,7,0,6,0,0,0,0,3,1,6,1,65,9,-1,-1,-1,-1,1,1,E01013882,0
Unvalidated,2024311394885,2024,311394885,2,4,0,13,7,3,0,8,0,0,0,0,1,1,6,1,22,5,-1,-1,-1,-1,1,1,E01013850,0
Unvalidated,2024311394906,2024,311394906,1,9,0,9,6,2,0,0,0,0,0,0,1,1,5,2,22,5,-1,-1,-1,-1,5,1,E01028171,0
Unvalidated,2024311394906,2024,311394906,2,97,0,18,2,6,0,0,0,0,0,0,1,1,6,1,47,8,-1,-1,-1,-1,4,1,E01028164,0
Unvalidated,2024311394921,2024,311394921,1,9,0,4,7,3,0,0,0,0,0,0,2,1,6,1,39,7,-1,-1,-1,-1,8,2,E01028327,0
Unvalidated,2024311394921,2024,311394921,2,9,0,4,7,3,0,0,0,0,0,0,1,1,6,1,28,6,-1,-1,-1,-1,5,1,E01027946,0
Unvalidated,2024311394934,2024,311394934,1,9,0,18,1,4,0,0,0,0,0,0,1,1,5,2,46,8,-1,-1,-1,-1,6,3,E01028037,0
Unvalidated,2024311395097,2024,311395097,1,9,0,7,6,2,0,1,0,0,0,0,4,1,6,3,30,6,-1,-1,-1,-1,-1,-1,-1,0
Unvalidated,2024311395163,2024,311395163,1,9,0,18,3,5,0,0,0,0,0,0,0,1,6,1,19,4,-1,-1,-1,-1,-1,-1,-1,0
Unvalidated,2024311395163,2024,311395163,2,3,0,18,3,5,0,0,0,0,1,0,3,1,5,1,56,9,-1,-1,-1,-1,2,1,E01028233,0
Unvalidated,2024311395165,2024,311395165,1,9,0,5,7,3,9,0,0,0,0,0,1,1,6,1,-1,-1,-1,-1,-1,-1,-1,-1,-1,0
Unvalidated,2024311395165,2024,311395165,2,1,0,18,2,6,9,0,0,0,0,0,3,1,5,2,3,1,-1,-1,-1,-1,2,2,E01028299,0
Unvalidated,2024311395195,2024,311395195,1,8,0,18,8,5,0,2,0,0,0,0,3,1,1,1,33,6,-1,-1,-1,-1,1,1,E01027930,0
Unvalidated,2024311395195,2024,311395195,2,1,0,18,8,5,0,2,0,0,0,0,4,1,5,1,15,3,-1,-1,-1,-1,-1,-1,-1,0
Unvalidated,2024311395316,2024,311395316,1,9,0,18,1,5,0,0,0,0,1,0,1,1,6,1,17,4,-1,-1,-1,-1,-1,-1,-1,0
Unvalidated,2024311395316,2024,311395316,2,9,0,18,5,1,0,0,0,0,0,0,1,1,1,1,-1,-1,-1,-1,-1,-1,-1,-1,-1,0
Unvalidated,2024311395316,2024,311395316,3,9,0,18,1,5,0,0,0,0,1,0,3,1,1,1,-1,-1,-1,-1,-1,-1,-1,-1,-1,0
Unvalidated,2024311395316,2024,311395316,4,9,0,13,1,5,0,0,0,0,0,0,4,1,1,1,-1,-1,-1,-1,-1,-1,-1,-1,-1,0
Unvalidated,2024311395316,2024,311395316,5,9,0,13,1,5,0,0,0,0,1,0,1,1,1,1,-1,-1,-1,-1,-1,-1,-1,-1,-1,0
Unvalidated,2024311395316,2024,311395316,6,9,0,15,1,5,0,0,0,0,1,0,1,1,1,1,-1,-1,-1,-1,-1,-1,-1,-1,-1,0
Unvalidated,2024311395407,2024,311395407,1,98,0,5,1,5,0,0,0,0,0,0,1,1,1,1,39,7,-1,-1,-1,-1,5,1,E01019440,0
Unvalidated,2024311395427,2024,311395427,1,11,0,5,7,3,0,0,0,0,0,0,0,1,1,2,22,5,-1,-1,-1,-1,9,1,E01013901,0
Unvalidated,2024311395482,2024,311395482,1,9,0,7,5,1,0,7,1,0,1,0,1,1,2,1,25,5,-1,-1,-1,-1,1,1,E01032558,0
Unvalidated,2024311395482,2024,311395482,2,9,0,5,5,1,0,6,5,0,1,0,4,2,6,2,40,7,-1,-1,-1,-1,8,3,E01028350,0
Unvalidated,2024311395500,2024,311395500,1,9,0,18,6,2,0,8,0,0,0,0,1,1,6,1,32,6,-1,-1,-1,-1,4,1,E01028228,0
Unvalidated,2024311395500,2024,311395500,2,9,0,9,2,8,0,8,0,0,0,0,4,1,6,2,54,8,-1,-1,-1,-1,10,1,E01013465,0
Unvalidated,2024311395726,2024,311395726,1,9,0,12,2,5,0,0,0,0,0,0,1,1,1,1,56,9,-1,-1,-1,-1,1,1,E01028263,0
Unvalidated,2024311395726,2024,311395726,2,9,0,18,1,1,0,0,0,0,0,0,1,1,6,1,29,6,-1,-1,-1,-1,3,1,E01013969,0
Unvalidated,2024311395726,2024,311395726,3,9,0,18,1,1,0,0,0,0,0,0,1,1,6,1,27,6,-1,-1,-1,-1,-1,-1,-1,0
Unvalidated,2024311395838,2024,311395838,1,9,0,18,3,7,0,1,0,0,0,0,1,1,6,2,46,8,-1,-1,-1,-1,1,1,E01013879,0
Unvalidated,2024311396543,2024,311396543,1,9,0,18,1,5,0,8,0,0,0,0,1,1,2,1,43,7,-1,-1,-1,-1,2,1,E01013924,0
Unvalidated,2024311396543,2024,311396543,2,19,0,18,1,5,0,8,0,0,0,0,2,1,1,1,56,9,-1,-1,-1,-1,3,1,E01013915,0
Unvalidated,2024311396619,2024,311396619,1,9,0,18,6,2,0,0,0,0,0,0,1,1,6,3,30,6,-1,-1,-1,-1,-1,-1,-1,0
Unvalidated,2024311396619,2024,311396619,2,1,0,18,6,2,0,0,0,0,0,0,2,1,6,1,15,3,-1,-1,-1,-1,-1,-1,-1,0
Unvalidated,2024311396630,2024,311396630,1,9,0,9,2,6,0,1,0,0,0,0,1,1,6,2,41,7,-1,-1,-1,-1,10,1,E01028218,0
Unvalidated,2024311396630,2024,311396630,2,97,0,13,6,2,0,8,0,0,0,0,1,1,6,1,21,5,-1,-1,-1,-1,8,1,E01019707,0
Unvalidated,2024311396702,2024,311396702,1,9,0,2,4,8,0,2,0,0,0,0,1,1,6,2,35,6,-1,-1,-1,-1,2,1,E01013904,0
Unvalidated,2024311396702,2024,311396702,2,9,0,2,8,4,0,8,1,0,0,0,1,1,6,2,33,6,-1,-1,-1,-1,2,1,E01013907,0
Unvalidated,2024311396783,2024,311396783,1,90,0,4,1,5,0,0,0,0,0,0,1,1,2,1,58,9,-1,-1,-1,-1,3,1,E01013969,1
Unvalidated,2024311396859,2024,311396859,1,9,0,18,5,1,0,0,0,0,0,0,1,1,6,2,31,6,-1,-1,-1,-1,8,1,E01026258,0
Unvalidated,2024311396859,2024,311396859,2,8,0,18,1,5,0,0,0,0,0,0,1,1,1,1,58,9,-1,-1,-1,-1,6,3,E01013250,0
Unvalidated,2024311396938,2024,311396938,1,9,0,10,1,2,0,8,0,0,0,0,1,1,2,2,54,8,-1,-1,-1,-1,8,1,E01028047,0
Unvalidated,2024311396938,2024,311396938,2,3,0,18,4,2,0,8,0,0,0,0,1,1,5,1,62,9,-1,-1,-1,-1,3,2,E01028027,0
Unvalidated,2024311396940,2024,311396940,1,9,0,9,2,7,0,5,0,0,0,0,1,1,5,2,55,8,-1,-1,-1,-1,5,1,E01028314,0
Unvalidated,2024311396952,2024,311396952,1,9,0,18,8,5,0,8,0,4,0,0,1,1,5,1,64,9,-1,-1,-1,-1,5,1,E01028012,0
Unvalidated,2024311396952,2024,311396952,2,9,0,3,8,5,0,8,0,4,0,0,2,1,5,1,32,6,-1,-1,-1,-1,5,1,E01028022,0
Unvalidated,2024311396952,2024,311396952,3,19,0,3,8,5,0,1,0,0,0,0,2,1,1,1,55,8,-1,-1,-1,-1,3,3,E01028040,0
Unvalidated,2024311397054,2024,311397054,1,97,0,18,2,6,9,2,0,0,0,0,1,1,6,3,-1,-1,-1,-1,-1,-1,-1,-1,-1,0
Unvalidated,2024311397105,2024,311397105,1,9,0,3,3,3,0,0,0,0,0,0,1,1,6,1,40,7,-1,-1,-1,-1,2,1,E01013856,0
Unvalidated,2024311397105,2024,311397105,2,9,0,3,3,7,0,0,0,0,0,0,2,1,6,2,24,5,-1,-1,-1,-1,3,1,E01028127,0
Unvalidated,2024311397105,2024,311397105,3,9,0,3,7,6,0,0,0,0,0,0,2,1,6,3,-1,-1,-1,-1,-1,-1,-1,-1,-1,0
Unvalidated,2024311397209,2024,311397209,1,3,0,18,2,6,0,1,1,0,0,0,4,1,6,1,20,4,-1,-1,-1,-1,1,1,E01028173,0
Unvalidated,2024311397209,2024,311397209,2,9,0,5,4,1,0,1,0,0,0,0,1,1,6,2,50,8,-1,-1,-1,-1,1,1,E01013849,0
Unvalidated,2024311397227,2024,311397227,1,9,0,1,5,1,0,0,0,0,0,0,2,1,3,2,32,6,-1,-1,-1,-1,4,1,E01028335,0
Unvalidated,2024311397325,2024,311397325,1,9,0,18,3,7,0,1,0,0,0,0,1,1,6,3,35,6,-1,-1,-1,-1,-1,-1,-1,0
Unvalidated,2024311397325,2024,311397325,2,1,0,4,7,3,0,1,0,0,0,0,1,1,2,1,26,6,-1,-1,-1,-1,-1,-1,-1,0
Unvalidated,2024311397355,2024,311397355,1,9,0,18,1,6,0,1,0,0,0,0,0,1,6,1,49,8,-1,-1,-1,-1,-1,-1,-1,0
Unvalidated,2024311397355,2024,311397355,2,11,0,18,1,6,0,1,0,0,0,0,0,1,1,1,55,8,-1,-1,-1,-1,2,1,E01013897,0
Unvalidated,2024311397357,2024,311397357,1,9,0,5,6,4,0,0,0,0,0,0,3,1,5,2,31,6,-1,-1,-1,-1,3,1,E01013830,0
Unvalidated,2024311397357,2024,311397357,2,9,0,18,4,8,0,0,0,0,0,0,1,1,5,1,64,9,-1,-1,-1,-1,1,1,E01013885,0
Unvalidated,2024311397503,2024,311397503,1,8,0,18,7,3,0,2,0,0,0,0,4,1,6,1,49,8,-1,-1,-1,-1,1,1,E01013958,0
Unvalidated,2024311397724,2024,311397724,1,9,0,4,1,5,0,0,0,0,0,0,0,1,5,2,57,9,-1,-1,-1,-1,10,2,E01028403,0
Unvalidated,2024311397921,2024,311397921,1,9,0,4,1,5,0,0,0,0,0,0,2,1,6,1,34,6,-1,-1,-1,-1,5,1,E01026232,0
Unvalidated,2024311397921,2024,311397921,2,9,0,4,1,5,0,0,0,0,0,0,1,1,6,1,30,6,-1,-1,-1,-1,9,2,E01025886,0
Unvalidated,2024311397939,2024,311397939,1,9,0,18,2,6,0,4,0,0,0,0,1,1,6,1,38,7,-1,-1,-1,-1,1,1,E01013879,0
Unvalidated,2024311397939,2024,311397939,2,9,0,9,4,2,0,4,1,0,0,0,3,1,6,2,28,6,-1,-1,-1,-1,5,1,E01027945,0
Unvalidated,2024311397976,2024,311397976,1,1,0,9,8,7,0,3,0,0,0,0,4,1,2,2,42,7,-1,-1,-1,-1,7,1,E01028417,0
Unvalidated,2024311397976,2024,311397976,2,9,0,7,4,7,0,4,0,0,0,0,1,1,6,3,30,6,-1,-1,-1,-1,-1,-1,-1,0
Unvalidated,2024311397991,2024,311397991,1,9,0,18,1,5,0,2,0,10,7,2,1,1,5,1,50,8,-1,-1,-1,-1,1,1,E01013893,0
Unvalidated,2024311397995,2024,311397995,1,8,0,18,4,1,0,2,0,0,0,0,1,1,6,1,40,7,-1,-1,-1,-1,1,1,E01013860,0
Unvalidated,2024311397995,2024,311397995,2,90,0,18,3,7,0,2,1,0,0,0,4,1,6,1,21,5,-1,-1,-1,-1,9,1,E01028117,0
Unvalidated,2024311398002,2024,311398002,1,9,0,15,1,4,0,0,0,0,0,0,3,1,6,1,59,9,-1,-1,-1,-1,8,1,E01028118,0
Unvalidated,2024311398002,2024,311398002,2,4,0,14,4,1,0,0,5,0,0,0,3,1,6,1,69,10,-1,-1,-1,-1,7,1,E01028116,0
Unvalidated,2024311398015,2024,311398015,1,9,0,18,3,7,0,0,0,0,0,0,1,1,6,2,-1,-1,-1,-1,-1,-1,-1,-1,-1,0
Unvalidated,2024311398133,2024,311398133,1,9,0,18,3,5,0,6,0,0,0,0,1,1,2,2,21,5,-1,-1,-1,-1,2,1,E01027958,0
Unvalidated,2024311398133,2024,311398133,2,9,0,9,5,2,0,8,0,0,0,0,1,1,6,1,32,6,-1,-1,-1,-1,5,3,E01019432,0
Unvalidated,2024311398135,2024,311398135,1,9,0,18,5,1,0,0,0,0,0,0,1,1,6,2,52,8,-1,-1,-1,-1,10,2,E01025944,0
Unvalidated,2024311398140,2024,311398140,1,9,0,18,5,1,0,0,0,0,0,0,1,1,6,3,20,4,-1,-1,-1,-1,-1,-1,-1,0
Unvalidated,2024311398252,2024,311398252,1,9,0,18,6,2,0,0,0,0,1,9,1,1,6,1,86,11,-1,-1,-1,-1,7,3,E01028005,0
Unvalidated,2024311398304,2024,311398304,1,9,0,18,2,8,0,1,0,0,0,0,1,1,6,1,58,9,-1,-1,-1,-1,10,2,E01028345,0
Unvalidated,2024311398364,2024,311398364,1,11,0,5,4,8,2,0,0,0,0,0,0,1,1,1,63,9,-1,-1,-1,-1,1,1,E01019452,0
Unvalidated,2024311398419,2024,311398419,1,9,0,9,5,3,0,5,0,0,0,0,1,1,6,1,74,10,-1,-1,-1,-1,3,1,E01027954,0
Unvalidated,2024311398419,2024,311398419,2,9,0,18,1,5,0,8,1,4,0,0,1,1,1,1,44,7,-1,-1,-1,-1,-1,-1,-1,0
Unvalidated,2024311398511,2024,311398511,1,9,0,9,1,5,0,0,0,0,0,0,3,1,1,1,30,6,-1,-1,-1,-1,1,1,E01013813,0
Unvalidated,2024311398511,2024,311398511,2,5,0,15,1,1,0,0,1,0,0,0,1,1,2,1,20,4,-1,-1,-1,-1,7,1,E01019681,0
Unvalidated,2024311398537,2024,311398537,1,9,0,18,1,5,0,0,5,7,1,0,1,1,6,1,47,8,-1,-1,-1,-1,7,1,E01028392,0
Unvalidated,2024311398589,2024,311398589,1,9,0,18,1,5,0,2,0,0,0,0,1,1,1,1,38,7,-1,-1,-1,-1,4,1,E01028228,0
Unvalidated,2024311398589,2024,311398589,2,9,0,9,5,1,0,1,0,0,0,0,1,1,2,1,40,7,-1,-1,-1,-1,8,1,E01028104,0
Unvalidated,2024311398645,2024,311398645,1,9,0,18,1,5,0,1,0,11,0,0,4,1,5,2,69,10,-1,-1,-1,-1,7,2,E01028378,0
Unvalidated,2024311398749,2024,311398749,1,9,0,12,1,2,0,0,0,0,0,0,2,1,5,2,33,6,-1,-1,-1,-1,-1,-1,-1,0
Unvalidated,2024311398749,2024,311398749,2,9,0,12,1,2,0,0,0,0,0,0,1,1,5,2,30,6,-1,-1,-1,-1,7,1,E01013892,0
Unvalidated,2024311398808,2024,311398808,1,9,0,2,3,8,0,0,0,0,0,0,3,1,2,2,57,9,-1,-1,-1,-1,3,2,E01028259,0
Unvalidated,2024311398808,2024,311398808,2,9,0,18,3,7,0,0,0,0,0,0,3,1,6,2,68,10,-1,-1,-1,-1,2,1,E01028281,0
Unvalidated,2024311399095,2024,311399095,1,9,0,5,3,7,0,0,0,0,0,0,1,2,1,1,48,8,-1,-1,-1,-1,3,3,E01028033,0
Unvalidated,2024311399134,2024,311399134,1,8,0,13,4,8,0,8,0,0,0,0,4,1,1,1,40,7,-1,-1,-1,-1,1,1,E01033399,0
Unvalidated,2024311399134,2024,311399134,2,1,5,9,4,2,0,5,0,0,0,0,4,1,5,1,41,7,-1,-1,-1,-1,4,1,E01019679,0
Unvalidated,2024311399183,2024,311399183,1,9,0,1,8,4,9,5,0,0,0,0,2,1,5,1,45,7,-1,-1,-1,-1,1,1,E01033411,0
Unvalidated,2024311399212,2024,311399212,1,9,0,11,7,1,0,0,0,0,0,0,0,1,5,1,22,5,-1,-1,-1,-1,6,1,E01028183,0
Unvalidated,2024311399212,2024,311399212,2,9,0,12,7,4,0,0,0,0,8,0,2,1,5,1,48,8,-1,-1,-1,-1,1,1,E01013841,0
Unvalidated,2024311399212,2024,311399212,3,9,0,13,7,7,0,0,1,0,0,0,1,1,5,1,36,7,-1,-1,-1,-1,7,1,E01028116,0
Unvalidated,2024311399409,2024,311399409,1,9,0,16,7,4,0,0,0,4,0,0,4,1,5,1,54,8,-1,-1,-1,-1,3,3,E01028056,0
Unvalidated,2024311399409,2024,311399409,2,90,0,2,3,3,0,0,0,0,0,0,3,1,1,1,40,7,-1,-1,-1,-1,6,1,E01028050,0
Unvalidated,2024311399443,2024,311399443,1,8,0,3,7,3,0,1,0,0,0,0,3,1,1,1,66,10,-1,-1,-1,-1,1,1,E01013823,0
Unvalidated,2024311399443,2024,311399443,2,9,0,11,7,3,0,1,0,0,0,0,4,1,6,2,-1,-1,-1,-1,-1,-1,-1,-1,-1,0
Unvalidated,2024311399610,2024,311399610,1,9,0,18,5,1,0,0,0,0,0,0,1,1,1,1,34,6,-1,-1,-1,-1,2,1,E01019507,0
Unvalidated,2024311399610,2024,311399610,2,9,0,3,5,1,0,0,0,0,0,0,2,1,6,3,-1,-1,-1,-1,-1,-1,-1,-1,-1,0
Unvalidated,2024311399625,2024,311399625,1,9,0,18,3,7,0,0,0,0,0,0,1,1,2,1,43,7,-1,-1,-1,-1,5,1,E01013931,0
Unvalidated,2024311399625,2024,311399625,2,9,0,10,7,3,0,0,0,0,0,0,1,1,5,2,44,7,-1,-1,-1,-1,3,1,E01033397,0
Unvalidated,2024311399673,2024,311399673,1,19,0,18,1,5,0,0,0,0,0,0,1,1,2,1,36,7,-1,-1,-1,-1,5,1,E01019642,0
Unvalidated,2024311399721,2024,311399721,1,9,0,18,3,8,0,1,0,0,0,0,1,1,5,1,25,5,-1,-1,-1,-1,-1,-1,-1,0
Unvalidated,2024311399721,2024,311399721,2,3,0,18,4,8,0,1,1,0,0,0,4,1,5,1,43,7,-1,-1,-1,-1,-1,-1,-1,0
Unvalidated,2024311399846,2024,311399846,1,3,0,7,4,1,0,1,1,0,0,0,0,1,5,1,63,9,-1,-1,-1,-1,2,1,E01028147,0
Unvalidated,2024311399855,2024,311399855,1,9,0,18,3,8,0,8,0,7,1,11,1,1,6,1,42,7,-1,-1,-1,-1,7,1,E01028203,0
Unvalidated,2024311399954,2024,311399954,1,9,0,7,3,7,0,2,0,0,0,0,1,1,6,1,30,6,-1,-1,-1,-1,-1,-1,-1,0
Unvalidated,2024311399954,2024,311399954,2,1,0,18,3,7,0,8,0,0,0,0,2,1,6,1,42,7,-1,-1,-1,-1,2,1,E01013858,0
Unvalidated,2024311400061,2024,311400061,1,9,0,18,2,6,0,1,0,10,0,0,2,1,6,3,-1,-1,-1,-1,-1,-1,-1,-1,-1,0
Unvalidated,2024311400061,2024,311400061,2,9,0,10,2,6,0,1,0,10,7,0,2,1,6,1,57,9,-1,-1,-1,-1,1,1,E01013885,0
Unvalidated,2024311400183,2024,311400183,1,9,0,18,8,4,0,0,0,0,1,0,1,1,1,1,18,4,-1,-1,-1,-1,10,2,E01026204,0
Unvalidated,2024311400184,2024,311400184,1,9,0,18,3,8,0,1,1,0,0,0,1,1,6,2,57,9,-1,-1,-1,-1,8,1,E01007520,0
Unvalidated,2024311400184,2024,311400184,2,98,0,18,1,5,0,1,0,0,0,0,1,1,1,1,53,8,-1,-1,-1,-1,-1,-1,-1,0
Unvalidated,2024311400229,2024,311400229,1,9,0,9,7,5,0,4,0,0,0,0,1,1,2,1,60,9,-1,-1,-1,-1,8,1,E01028204,0
Unvalidated,2024311400229,2024,311400229,2,1,0,18,1,5,0,8,0,0,0,0,2,1,6,1,45,7,-1,-1,-1,-1,9,1,E01028386,0
Unvalidated,2024311400317,2024,311400317,1,-1,0,18,6,6,0,1,0,0,0,0,0,1,6,3,-1,-1,-1,-1,-1,-1,-1,-1,-1,0
Unvalidated,2024311400317,2024,311400317,2,3,0,18,8,8,0,1,2,0,0,0,0,1,2,1,19,4,-1,-1,-1,-1,8,1,E01028168,0
Unvalidated,2024311400336,2024,311400336,1,-1,0,18,1,5,0,0,0,0,0,0,1,1,6,3,21,5,-1,-1,-1,-1,-1,-1,-1,0
Unvalidated,2024311400336,2024,311400336,2,3,0,4,1,5,0,0,0,0,0,0,2,1,5,1,24,5,-1,-1,-1,-1,5,1,E01033395,0
Unvalidated,2024311400338,2024,311400338,1,9,0,18,5,1,0,1,0,0,0,0,1,1,6,1,49,8,-1,-1,-1,-1,-1,-1,-1,0
Unvalidated,2024311400338,2024,311400338,2,9,0,8,5,3,0,1,0,0,0,0,2,1,5,1,20,4,-1,-1,-1,-1,-1,-1,-1,0
Unvalidated,2024311400367,2024,311400367,1,9,0,4,8,4,0,3,0,0,0,0,1,1,6,1,22,5,-1,-1,-1,-1,8,1,E01028235,0
Unvalidated,2024311400367,2024,311400367,2,9,0,3,8,4,0,3,0,0,0,0,2,1,1,1,38,7,-1,-1,-1,-1,-1,-1,-1,0
Unvalidated,2024311400488,2024,311400488,1,9,0,7,5,1,0,3,5,0,1,0,1,1,5,2,18,4,-1,-1,-1,-1,5,3,E01028039,0
Unvalidated,2024311400949,2024,311400949,1,9,0,18,7,3,0,0,0,0,0,0,2,1,6,1,52,8,-1,-1,-1,-1,6,1,E01013887,0
Unvalidated,2024311400949,2024,311400949,2,9,0,18,7,3,0,0,0,0,0,0,1,1,6,1,80,11,-1,-1,-1,-1,5,1,E01019439,0
Unvalidated,2024311401080,2024,311401080,1,9,0,5,1,7,0,0,0,0,0,0,1,1,1,1,48,8,-1,-1,-1,-1,4,1,E01027985,0
Unvalidated,2024311401080,2024,311401080,2,22,0,18,4,7,0,0,0,0,0,0,3,1,6,2,58,9,-1,-1,-1,-1,1,1,E01027956,0
Unvalidated,2024311401229,2024,311401229,1,9,0,7,1,3,0,5,0,0,0,0,1,1,6,1,53,8,-1,-1,-1,-1,8,1,E01017488,0
Unvalidated,2024311401299,2024,311401299,1,9,0,18,2,6,0,0,0,0,0,0,1,1,6,1,31,6,-1,-1,-1,-1,10,1,E01028373,0
Unvalidated,2024311401299,2024,311401299,2,9,0,4,2,6,0,0,0,0,0,0,2,1,6,2,38,7,-1,-1,-1,-1,4,3,E01032479,0
Unvalidated,2024311401299,2024,311401299,3,9,0,4,2,6,0,0,0,0,0,0,2,1,6,1,-1,-1,-1,-1,-1,-1,-1,-1,-1,0
Unvalidated,2024311401361,2024,311401361,1,9,0,18,1,5,0,1,2,0,0,0,1,1,5,2,20,4,-1,-1,-1,-1,8,1,E01030662,0
Unvalidated,2024311401385,2024,311401385,1,5,0,14,7,3,0,1,5,0,0,0,1,1,5,1,29,6,-1,-1,-1,-1,6,1,E01028016,0
Unvalidated,2024311401385,2024,311401385,2,9,0,9,1,7,0,6,0,0,0,0,1,1,5,1,57,9,-1,-1,-1,-1,5,1,E01019512,0
Unvalidated,2024311401413,2024,311401413,1,9,0,18,4,8,0,1,0,0,0,0,1,1,6,2,30,6,-1,-1,-1,-1,4,1,E01028164,0
Unvalidated,2024311401413,2024,311401413,2,9,0,18,6,2,0,6,0,0,3,0,3,1,6,1,31,6,-1,-1,-1,-1,6,1,E01028333,0
Unvalidated,2024311401496,2024,311401496,1,9,0,3,1,5,0,7,0,0,0,0,2,1,2,1,20,4,-1,-1,-1,-1,6,1,E01007598,0
Unvalidated,2024311401496,2024,311401496,2,19,0,18,1,5,0,7,1,0,0,0,1,1,1,1,52,8,-1,-1,-1,-1,9,3,E01013251,0
Unvalidated,2024311401572,2024,311401572,1,9,0,18,4,8,0,1,0,0,0,0,1,1,2,2,55,8,-1,-1,-1,-1,4,1,E01028291,0
Unvalidated,2024311401660,2024,311401660,1,9,0,9,4,5,0,4,0,0,0,0,3,1,5,1,38,7,-1,-1,-1,-1,2,1,E01013834,0
Unvalidated,2024311401660,2024,311401660,2,1,0,18,8,5,0,4,0,0,0,0,1,1,6,1,54,8,-1,-1,-1,-1,1,1,E01013962,0
Unvalidated,2024311401689,2024,311401689,1,90,0,18,8,4,0,8,0,0,0,0,1,1,5,1,50,8,-1,-1,-1,-1,4,1,E01013889,0
Unvalidated,2024311401689,2024,311401689,2,22,0,18,3,3,0,6,0,0,0,0,3,1,5,2,60,9,-1,-1,-1,-1,2,1,E01013886,0
Unvalidated,2024311401950,2024,311401950,1,9,0,18,3,7,0,0,0,0,0,0,3,1,6,2,33,6,-1,-1,-1,-1,6,1,E01013978,0
Unvalidated,2024311401950,2024,311401950,2,1,0,18,1,5,0,0,0,0,0,0,1,1,3,2,14,3,-1,-1,-1,-1,1,1,E01013846,0