status,collision_index,collision_year,collision_reference,vehicle_reference,vehicle_type,towing_and_articulation,vehicle_manoeuvre,vehicle_direction_from,vehicle_direction_to,vehicle_location_restricted_lane,junction_location,skidding_and_overturning,hit_object_in_carriageway,vehicle_leaving_carriageway,hit_object_off_carriageway,first_point_of_impact,vehicle_left_hand_drive,journey_purpose_of_driver,sex_of_driver,age_of_driver,age_band_of_driver,engine_capacity_cc,propulsion_code,age_of_vehicle,generic_make_model,driver_imd_decile,driver_home_area_type,lsoa_of_driver,escooter_flag
Unvalidated,2024311402067,2024,311402067,1,11,0,7,4,6,0,6,0,0,0,0,1,1,1,3,38,7,-1,-1,-1,-1,-1,-1,-1,0
Unvalidated,2024311402067,2024,311402067,2,1,0,18,2,6,0,8,0,0,0,0,1,1,2,2,44,7,-1,-1,-1,-1,9,1,E01028355,0
Unvalidated,2024311402180,2024,311402180,1,9,0,7,1,2,0,3,0,0,0,0,2,1,5,1,62,9,-1,-1,-1,-1,5,2,E01028362,0
Unvalidated,2024311402180,2024,311402180,2,9,0,7,1,2,0,3,0,0,0,0,1,1,5,2,66,10,-1,-1,-1,-1,6,2,E01028413,0
Unvalidated,2024311402182,2024,311402182,1,9,0,18,3,7,0,0,5,0,2,4,1,1,6,2,67,10,-1,-1,-1,-1,10,2,E01028347,0
Unvalidated,2024311402206,2024,311402206,1,9,0,18,3,1,0,0,0,0,0,0,3,1,1,1,37,7,-1,-1,-1,-1,1,1,E01009127,0
Unvalidated,2024311402206,2024,311402206,2,9,0,18,5,6,0,0,0,0,0,0,1,1,1,2,31,6,-1,-1,-1,-1,-1,1,-1,0
Unvalidated,2024311402226,2024,311402226,1,9,0,18,5,1,0,0,0,0,0,0,1,1,1,1,44,7,-1,-1,-1,-1,-1,-1,-1,0
Unvalidated,2024311402226,2024,311402226,2,9,0,18,5,1,0,0,0,0,0,0,2,1,1,1,42,7,-1,-1,-1,-1,1,2,E01007378,0
Unvalidated,2024311402516,2024,311402516,1,9,0,3,1,5,0,0,0,0,0,0,1,1,6,1,30,6,-1,-1,-1,-1,6,1,E01013837,0
Unvalidated,2024311402516,2024,311402516,2,9,0,3,1,5,0,0,0,0,0,0,0,1,6,2,24,5,-1,-1,-1,-1,1,1,E01013818,0
Unvalidated,2024311402521,2024,311402521,1,9,0,4,3,7,0,2,0,0,0,0,1,1,3,1,39,7,-1,-1,-1,-1,2,1,E01013814,0
Unvalidated,2024311402579,2024,311402579,1,8,0,9,3,8,0,0,0,0,0,0,1,1,6,3,-1,-1,-1,-1,-1,-1,-1,-1,-1,0
Unvalidated,2024311402638,2024,311402638,1,9,0,18,1,5,0,1,0,0,0,0,1,1,6,2,73,10,-1,-1,-1,-1,4,1,E01028185,0
Unvalidated,2024311402638,2024,311402638,2,9,0,18,5,1,0,2,0,0,0,0,0,1,6,3,-1,-1,-1,-1,-1,-1,-1,-1,-1,0
Unvalidated,2024311402665,2024,311402665,1,9,0,5,3,1,0,0,0,0,0,0,3,1,6,2,43,7,-1,-1,-1,-1,2,1,E01013854,0
Unvalidated,2024311402665,2024,311402665,2,19,0,9,3,1,0,0,0,0,0,0,4,1,6,3,-1,-1,-1,-1,-1,-1,-1,-1,-1,0
Unvalidated,2024311402702,2024,311402702,1,9,0,7,7,3,0,1,0,0,0,0,1,1,6,1,35,6,-1,-1,-1,-1,-1,-1,-1,0
Unvalidated,2024311402702,2024,311402702,2,8,0,18,7,3,0,1,0,0,0,0,2,1,6,1,56,9,-1,-1,-1,-1,-1,-1,-1,0
Unvalidated,2024311402728,2024,311402728,1,9,0,18,3,7,0,0,1,0,1,9,1,1,6,1,25,5,-1,-1,-1,-1,5,1,E01027941,0
Unvalidated,2024311402998,2024,311402998,1,9,0,18,6,4,0,1,0,0,0,0,1,1,5,1,23,5,-1,-1,-1,-1,5,3,E01028189,0
Unvalidated,2024311402998,2024,311402998,2,9,0,10,6,7,0,1,1,0,0,0,3,1,2,2,38,7,-1,-1,-1,-1,6,1,E01013887,0
Unvalidated,2024311403028,2024,311403028,1,11,0,4,1,5,0,0,0,0,0,0,0,1,1,1,43,7,-1,-1,-1,-1,3,2,E01028153,0
Unvalidated,2024311403078,2024,311403078,1,11,0,18,7,3,0,0,0,0,0,0,1,1,1,1,61,9,-1,-1,-1,-1,-1,-1,-1,0
Unvalidated,2024311403207,2024,311403207,1,9,0,13,1,5,0,1,5,7,7,1,4,1,6,1,20,4,-1,-1,-1,-1,1,1,E01013865,0
Unvalidated,2024311403280,2024,311403280,1,9,0,18,7,3,0,4,0,0,0,0,1,1,6,1,40,7,-1,-1,-1,-1,5,1,E01028049,0
Unvalidated,2024311403280,2024,311403280,2,9,0,4,7,3,0,4,0,0,0,0,2,1,1,2,28,6,-1,-1,-1,-1,9,1,E01028054,0
Unvalidated,2024311403299,2024,311403299,1,9,0,5,7,3,0,6,0,0,0,0,2,1,6,1,56,9,-1,-1,-1,-1,10,1,E01028363,0
Unvalidated,2024311403299,2024,311403299,2,9,0,4,7,3,0,6,0,0,0,0,1,1,6,1,39,7,-1,-1,-1,-1,9,1,E01028386,0
Unvalidated,2024311403366,2024,311403366,1,5,0,13,1,5,0,0,5,0,0,0,1,1,5,1,38,7,-1,-1,-1,-1,-1,-1,-1,0
Unvalidated,2024311403368,2024,311403368,1,9,0,18,3,7,0,2,0,0,0,0,1,1,5,1,78,11,-1,-1,-1,-1,1,1,E01013865,0
Unvalidated,2024311403400,2024,311403400,1,9,0,18,4,4,0,6,0,10,0,0,4,1,5,2,23,5,-1,-1,-1,-1,2,1,E01013908,0
Unvalidated,2024311403403,2024,311403403,1,9,0,7,5,1,0,2,1,0,0,0,1,1,5,1,46,8,-1,-1,-1,-1,10,2,E01028328,0
Unvalidated,2024311403517,2024,311403517,1,9,0,9,1,5,0,1,0,0,0,0,1,1,6,2,54,8,-1,-1,-1,-1,10,1,E01028137,0
Unvalidated,2024311403517,2024,311403517,2,9,0,18,5,1,0,1,0,0,0,0,4,1,6,1,44,7,-1,-1,-1,-1,9,1,E01019678,0
Unvalidated,2024311403526,2024,311403526,1,9,0,18,8,5,0,1,0,0,1,0,1,1,6,1,25,5,-1,-1,-1,-1,1,1,E01028066,0
Unvalidated,2024311403589,2024,311403589,1,9,0,18,1,5,0,1,1,0,3,0,1,1,6,1,20,4,-1,-1,-1,-1,1,1,E01007790,0
Unvalidated,2024311403598,2024,311403598,1,9,0,9,1,7,0,8,0,0,0,0,1,1,5,1,22,5,-1,-1,-1,-1,4,2,E01028028,0
Unvalidated,2024311403598,2024,311403598,2,3,0,18,7,3,0,8,1,0,0,0,1,1,6,1,14,3,-1,-1,-1,-1,4,2,E01028028,0
Unvalidated,2024311403662,2024,311403662,1,19,0,3,7,3,0,0,0,0,0,0,2,1,1,1,23,5,-1,-1,-1,-1,2,1,E01019672,0
Unvalidated,2024311403662,2024,311403662,2,9,0,3,7,3,0,0,0,0,0,0,2,1,2,1,34,6,-1,-1,-1,-1,7,2,E01019429,0
Unvalidated,2024311403662,2024,311403662,3,9,0,18,7,3,0,0,0,0,0,0,1,1,6,3,30,6,-1,-1,-1,-1,-1,-1,-1,0
Unvalidated,2024311403664,2024,311403664,1,9,0,-1,-1,-1,0,0,0,0,0,0,-1,1,6,1,38,7,-1,-1,-1,-1,1,1,E01013584,0
Unvalidated,2024311403664,2024,311403664,2,9,0,-1,-1,-1,0,0,0,0,0,0,-1,1,6,2,24,5,-1,-1,-1,-1,10,1,E01028128,0
Unvalidated,2024311403866,2024,311403866,1,9,0,9,8,6,0,5,0,0,0,0,1,1,6,1,30,6,-1,-1,-1,-1,-1,-1,-1,0
Unvalidated,2024311403866,2024,311403866,2,9,0,9,8,6,0,5,0,0,0,0,1,1,5,1,65,9,-1,-1,-1,-1,-1,-1,-1,0
Unvalidated,2024311403884,2024,311403884,1,9,0,3,1,5,0,0,0,0,0,0,2,1,6,1,34,6,-1,-1,-1,-1,-1,-1,-1,0
Unvalidated,2024311403884,2024,311403884,2,9,0,18,1,5,0,0,0,0,0,0,1,1,6,2,32,6,-1,-1,-1,-1,4,1,E01013974,0
Unvalidated,2024311403935,2024,311403935,1,4,0,18,3,7,0,1,0,0,0,0,4,1,6,1,59,9,-1,-1,-1,-1,7,1,E01028125,0
Unvalidated,2024311403935,2024,311403935,2,9,0,9,7,3,0,1,0,0,0,0,4,1,1,1,48,8,-1,-1,-1,-1,1,1,E01013885,0
Unvalidated,2024311404070,2024,311404070,1,9,0,5,6,4,0,6,0,0,0,0,3,1,2,2,45,7,-1,-1,-1,-1,6,1,E01028146,0
Unvalidated,2024311404070,2024,311404070,2,10,0,11,5,8,0,1,0,0,0,0,1,1,1,2,53,8,-1,-1,-1,-1,4,1,E01027928,0
Unvalidated,2024311404074,2024,311404074,1,9,0,18,3,7,0,4,0,0,0,0,1,1,6,1,22,5,-1,-1,-1,-1,-1,-1,-1,0
Unvalidated,2024311404074,2024,311404074,2,9,0,3,3,1,0,8,0,0,0,0,2,1,3,1,64,9,-1,-1,-1,-1,9,2,E01028151,0
Unvalidated,2024311404553,2024,311404553,1,9,0,12,5,8,0,1,0,0,0,0,3,1,1,1,21,5,-1,-1,-1,-1,-1,-1,-1,0
Unvalidated,2024311404553,2024,311404553,2,2,0,18,4,4,0,1,0,0,0,0,4,1,1,1,34,6,-1,-1,-1,-1,-1,-1,-1,0
Unvalidated,2024311404561,2024,311404561,1,9,0,9,3,7,0,1,0,0,0,0,1,1,5,1,38,7,-1,-1,-1,-1,10,2,E01028361,0
Unvalidated,2024311404561,2024,311404561,2,9,0,18,5,1,0,1,0,0,0,0,3,1,2,1,42,7,-1,-1,-1,-1,7,1,E01028293,0
Unvalidated,2024311404561,2024,311404561,3,9,0,9,8,4,0,1,0,0,0,0,3,1,5,2,45,7,-1,-1,-1,-1,10,1,E01028377,0
Unvalidated,2024311404590,2024,311404590,1,9,0,18,7,3,0,2,0,0,0,0,3,1,2,1,23,5,-1,-1,-1,-1,9,2,E01028394,0
Unvalidated,2024311404590,2024,311404590,2,90,0,10,1,7,0,6,0,0,0,0,3,1,5,1,64,9,-1,-1,-1,-1,2,1,E01028067,0
Unvalidated,2024311404782,2024,311404782,1,9,0,18,3,4,0,0,0,0,0,0,1,1,1,2,27,6,-1,-1,-1,-1,3,1,E01028229,0
Unvalidated,2024311404806,2024,311404806,1,9,0,18,4,8,0,1,0,0,0,0,3,1,5,1,40,7,-1,-1,-1,-1,8,2,E01028367,0
Unvalidated,2024311404806,2024,311404806,2,9,0,18,8,4,0,2,0,0,0,0,1,1,6,1,-1,-1,-1,-1,-1,-1,-1,-1,-1,0
Unvalidated,2024311404934,2024,311404934,1,3,0,18,8,4,0,6,1,0,0,0,1,1,6,1,31,6,-1,-1,-1,-1,-1,-1,-1,0
Unvalidated,2024311404934,2024,311404934,2,9,0,5,2,7,0,6,0,0,0,0,3,1,5,1,46,8,-1,-1,-1,-1,8,1,E01028194,0
Unvalidated,2024311404934,2024,311404934,3,3,0,15,8,4,0,2,0,0,0,0,0,1,6,1,31,6,-1,-1,-1,-1,-1,-1,-1,0
Unvalidated,2024311404946,2024,311404946,1,9,0,18,3,7,0,6,0,0,0,0,1,1,6,3,16,4,-1,-1,-1,-1,-1,-1,-1,0
Unvalidated,2024311404950,2024,311404950,1,9,0,18,4,8,0,2,0,0,0,0,1,1,5,1,20,4,-1,-1,-1,-1,6,1,E01027970,0
Unvalidated,2024311404994,2024,311404994,1,9,0,18,1,3,0,0,1,0,0,0,3,1,6,1,24,5,-1,-1,-1,-1,2,1,E01013202,0
Unvalidated,2024311404994,2024,311404994,2,9,0,18,1,4,0,0,2,0,1,9,4,1,6,1,35,6,-1,-1,-1,-1,8,1,E01028353,0
Unvalidated,2024311405044,2024,311405044,1,19,0,5,5,1,0,1,0,0,0,0,1,1,1,1,42,7,-1,-1,-1,-1,-1,-1,-1,0
Unvalidated,2024311405044,2024,311405044,2,9,0,2,0,0,0,1,0,0,0,0,1,1,6,2,39,7,-1,-1,-1,-1,-1,-1,-1,0
Unvalidated,2024311405044,2024,311405044,3,9,0,7,0,0,0,1,0,0,0,0,1,1,6,2,19,4,-1,-1,-1,-1,-1,-1,-1,0
Unvalidated,2024311405104,2024,311405104,1,9,0,9,1,4,0,1,0,0,0,0,1,1,6,1,77,11,-1,-1,-1,-1,2,2,E01028300,0
Unvalidated,2024311405135,2024,311405135,1,8,0,18,1,5,0,1,0,0,0,0,1,1,1,1,35,6,-1,-1,-1,-1,1,1,E01028276,0
Unvalidated,2024311405135,2024,311405135,2,9,0,10,1,7,0,1,0,0,0,0,2,1,6,2,49,8,-1,-1,-1,-1,10,2,E01028330,0
Unvalidated,2024311405364,2024,311405364,1,9,0,7,6,2,0,1,0,0,0,0,3,1,6,2,81,11,-1,-1,-1,-1,6,1,E01028273,0
Unvalidated,2024311405364,2024,311405364,2,9,0,18,2,6,0,1,0,0,0,0,1,1,6,2,35,6,-1,-1,-1,-1,3,1,E01028282,0
Unvalidated,2024311405576,2024,311405576,1,9,0,15,7,3,0,8,0,0,0,0,4,1,3,2,47,8,-1,-1,-1,-1,10,2,E01025944,0
Unvalidated,2024311405576,2024,311405576,2,1,0,9,7,3,0,8,5,0,0,0,3,1,5,2,53,8,-1,-1,-1,-1,7,2,E01025946,0
Unvalidated,2024311405588,2024,311405588,1,9,0,18,2,6,0,0,0,11,0,0,1,1,6,1,30,6,-1,-1,-1,-1,8,1,E01028246,0
Unvalidated,2024311405757,2024,311405757,1,9,0,18,2,6,0,0,0,0,0,0,2,1,1,1,35,6,-1,-1,-1,-1,7,1,E01028392,0
Unvalidated,2024311405757,2024,311405757,2,19,0,18,2,6,0,0,0,0,0,0,1,1,2,1,66,10,-1,-1,-1,-1,2,1,E01008886,0
Unvalidated,2024311405813,2024,311405813,1,9,0,18,4,2,0,4,0,0,0,0,0,1,6,2,19,4,-1,-1,-1,-1,2,1,E01029409,0
Unvalidated,2024311405813,2024,311405813,2,5,0,18,4,2,0,4,0,0,0,0,0,1,6,1,28,6,-1,-1,-1,-1,7,3,E01027473,0
Unvalidated,2024311405894,2024,311405894,1,9,0,18,3,7,0,6,0,0,0,0,1,1,6,1,28,6,-1,-1,-1,-1,7,3,E01028402,0
Unvalidated,2024311405894,2024,311405894,2,1,0,18,7,3,0,1,1,0,0,0,1,1,6,1,43,7,-1,-1,-1,-1,5,1,E01013938,0
Unvalidated,2024311405915,2024,311405915,1,9,0,9,4,2,0,6,0,0,3,4,1,1,5,2,82,11,-1,-1,-1,-1,4,1,E01019689,0
Unvalidated,2024311405953,2024,311405953,1,1,0,18,5,1,9,0,0,0,0,0,1,1,6,1,-1,-1,-1,-1,-1,-1,-1,-1,-1,0
Unvalidated,2024311405985,2024,311405985,1,9,0,18,5,1,0,1,0,0,0,0,1,1,5,2,54,8,-1,-1,-1,-1,2,1,E01013897,0
Unvalidated,2024311405995,2024,311405995,1,9,0,18,5,3,0,0,0,0,0,0,4,1,1,2,64,9,-1,-1,-1,-1,8,3,E01028058,0
Unvalidated,2024311406008,2024,311406008,1,19,0,5,4,8,0,1,0,0,0,0,0,1,5,1,41,7,-1,-1,-1,-1,9,1,E01027936,0
Unvalidated,2024311406008,2024,311406008,2,22,0,5,3,7,9,8,5,0,0,0,1,1,5,1,40,7,-1,-1,-1,-1,-1,-1,-1,0
Unvalidated,2024311406084,2024,311406084,1,9,0,5,6,3,0,2,0,0,0,0,1,1,6,3,-1,-1,-1,-1,-1,-1,-1,-1,-1,0
Unvalidated,2024311406084,2024,311406084,2,1,0,18,4,7,0,2,5,0,0,0,4,1,2,1,66,10,-1,-1,-1,-1,1,1,E01013881,0
Unvalidated,2024311406092,2024,311406092,1,8,0,18,8,6,0,1,0,0,0,0,4,1,1,1,-1,-1,-1,-1,-1,-1,-1,-1,-1,0
Unvalidated,2024311406099,2024,311406099,1,9,0,9,7,3,0,6,0,0,0,0,1,1,6,2,39,7,-1,-1,-1,-1,-1,-1,-1,0
Unvalidated,2024311406099,2024,311406099,2,1,0,18,5,1,0,8,1,0,0,0,4,1,2,1,34,6,-1,-1,-1,-1,1,2,E01028301,0
Unvalidated,2024311406174,2024,311406174,1,9,0,18,2,6,0,0,0,0,0,0,1,1,6,2,-1,-1,-1,-1,-1,-1,-1,-1,-1,0
Unvalidated,2024311406174,2024,311406174,2,8,0,3,2,6,0,0,0,0,0,0,2,1,1,1,41,7,-1,-1,-1,-1,1,1,E01013573,0
Unvalidated,2024311406196,2024,311406196,1,9,0,18,5,1,0,0,0,0,0,0,3,1,2,2,29,6,-1,-1,-1,-1,8,1,E01025692,0
Unvalidated,2024311406212,2024,311406212,1,97,0,18,7,3,9,0,0,7,0,0,1,1,6,1,19,4,-1,-1,-1,-1,-1,-1,-1,0
Unvalidated,2024311406279,2024,311406279,1,9,0,3,3,7,0,1,0,0,0,0,1,1,6,1,44,7,-1,-1,-1,-1,10,3,E01028330,0
Unvalidated,2024311406279,2024,311406279,2,5,0,3,3,7,0,1,0,0,0,0,0,1,6,1,29,6,-1,-1,-1,-1,8,1,E01028195,0
Unvalidated,2024311406291,2024,311406291,1,1,0,18,4,8,9,8,0,0,0,0,1,1,1,1,-1,-1,-1,-1,-1,-1,-1,-1,-1,0
Unvalidated,2024311406429,2024,311406429,1,9,0,18,4,8,9,0,1,10,1,0,0,1,6,2,21,5,-1,-1,-1,-1,2,2,E01019498,0
Unvalidated,2024311406490,2024,311406490,1,9,0,7,5,8,0,6,0,0,0,0,1,1,5,1,65,9,-1,-1,-1,-1,5,1,E01013595,0
Unvalidated,2024311406490,2024,311406490,2,9,0,7,8,2,0,1,0,0,0,0,1,1,5,2,30,6,-1,-1,-1,-1,8,1,E01025743,0
Unvalidated,2024311406546,2024,311406546,1,9,0,18,5,1,0,4,0,0,0,0,1,1,6,3,-1,-1,-1,-1,-1,-1,-1,-1,-1,0
Unvalidated,2024311406548,2024,311406548,1,9,0,7,4,7,0,2,0,0,0,0,3,1,6,1,47,8,-1,-1,-1,-1,6,1,E01028048,0
Unvalidated,2024311406548,2024,311406548,2,1,0,18,1,5,0,2,0,0,0,0,1,1,6,1,12,3,-1,-1,-1,-1,8,1,E01028052,0
Unvalidated,2024311406566,2024,311406566,1,11,0,4,7,3,0,0,0,0,0,0,0,1,1,1,48,8,-1,-1,-1,-1,2,1,E01019469,0
Unvalidated,2024311406570,2024,311406570,1,9,0,2,0,0,0,1,0,10,0,0,4,1,6,1,52,8,-1,-1,-1,-1,1,1,E01013948,0
Unvalidated,2024311406594,2024,311406594,1,9,0,5,4,8,0,6,0,0,0,0,1,1,6,1,26,6,-1,-1,-1,-1,4,1,E01023337,0
Unvalidated,2024311406594,2024,311406594,2,1,0,18,6,3,0,4,0,0,0,0,1,1,6,1,20,4,-1,-1,-1,-1,-1,-1,-1,0
Unvalidated,2024311406611,2024,311406611,1,9,0,9,8,4,0,2,0,0,0,0,1,1,5,2,43,7,-1,-1,-1,-1,6,1,E01028076,0
Unvalidated,2024311406611,2024,311406611,2,9,0,10,7,2,0,2,0,0,0,0,3,1,5,1,60,9,-1,-1,-1,-1,4,1,E01028077,0
Unvalidated,2024311406620,2024,311406620,1,9,0,18,1,5,0,0,5,0,0,0,0,1,6,1,18,4,-1,-1,-1,-1,-1,1,-1,0
Unvalidated,2024311406706,2024,311406706,1,9,0,18,3,7,0,0,5,0,1,0,0,1,1,2,33,6,-1,-1,-1,-1,4,1,E01028305,0
Unvalidated,2024311406873,2024,311406873,1,9,0,5,1,7,9,0,0,0,0,0,1,2,5,1,39,7,-1,-1,-1,-1,8,1,E01028138,0
Unvalidated,2024311406873,2024,311406873,2,5,0,14,3,7,0,0,1,0,0,0,2,1,5,1,65,9,-1,-1,-1,-1,5,1,E01013938,0
Unvalidated,2024311406883,2024,311406883,1,9,0,1,7,3,0,2,0,0,0,0,2,1,5,1,58,9,-1,-1,-1,-1,6,3,E01028034,0
Unvalidated,2024311406895,2024,311406895,1,19,0,5,3,7,0,3,0,0,0,0,1,1,5,1,54,8,-1,-1,-1,-1,1,1,E01010415,0
Unvalidated,2024311406895,2024,311406895,2,2,0,18,1,5,0,3,1,0,0,0,3,1,5,1,20,4,-1,-1,-1,-1,-1,-1,-1,0
Unvalidated,2024311406911,2024,311406911,1,9,0,-1,-1,-1,0,0,0,0,0,0,4,1,6,2,80,11,-1,-1,-1,-1,-1,-1,-1,0
Unvalidated,2024311406911,2024,311406911,2,1,0,18,5,1,9,0,5,0,0,0,2,1,6,1,18,4,-1,-1,-1,-1,-1,-1,-1,0
Unvalidated,2024311406923,2024,311406923,1,90,0,18,4,8,9,1,0,0,0,0,1,1,6,1,14,3,-1,-1,-1,-1,-1,-1,-1,0
Unvalidated,2024311406959,2024,311406959,1,3,0,9,5,2,0,8,0,0,0,0,1,1,5,1,30,6,-1,-1,-1,-1,4,1,E01019690,0
Unvalidated,2024311406959,2024,311406959,2,1,0,18,1,5,0,8,2,0,0,0,1,1,1,1,49,8,-1,-1,-1,-1,-1,-1,-1,0
Unvalidated,2024311406967,2024,311406967,1,9,0,2,2,6,0,1,0,0,0,0,1,1,1,1,39,7,-1,-1,-1,-1,8,1,E01028118,0
Unvalidated,2024311406968,2024,311406968,1,9,0,18,7,3,0,0,0,0,0,0,1,1,5,1,67,10,-1,-1,-1,-1,7,1,E01028250,0
Unvalidated,2024311407190,2024,311407190,1,9,0,7,4,5,0,5,0,0,0,0,4,1,6,2,62,9,-1,-1,-1,-1,-1,-1,-1,0
Unvalidated,2024311407202,2024,311407202,1,19,0,5,2,6,0,0,0,0,0,0,4,1,6,2,55,8,-1,-1,-1,-1,4,1,E01013937,0
Unvalidated,2024311407247,2024,311407247,1,9,0,9,7,4,0,8,0,0,0,0,4,1,5,2,32,6,-1,-1,-1,-1,3,3,E01028040,0
Unvalidated,2024311407247,2024,311407247,2,19,0,18,3,7,0,1,0,0,0,0,1,1,1,1,51,8,-1,-1,-1,-1,-1,-1,-1,0
Unvalidated,2024311407269,2024,311407269,1,9,0,18,1,5,0,0,0,0,0,0,2,1,5,1,84,11,-1,-1,-1,-1,1,1,E01013959,0
Unvalidated,2024311407269,2024,311407269,2,9,0,18,1,5,0,0,0,0,0,0,1,1,6,1,26,6,-1,-1,-1,-1,-1,-1,-1,0
Unvalidated,2024311407277,2024,311407277,1,11,0,18,6,2,0,0,0,0,0,0,0,1,1,1,41,7,-1,-1,-1,-1,1,1,E01013920,0
Unvalidated,2024311407293,2024,311407293,1,9,0,5,2,6,0,0,0,0,1,0,1,1,6,1,33,6,-1,-1,-1,-1,-1,-1,-1,0
Unvalidated,2024311407301,2024,311407301,1,19,0,13,7,3,0,1,0,0,0,0,1,1,5,1,25,5,-1,-1,-1,-1,7,1,E01028021,0
Unvalidated,2024311407301,2024,311407301,2,1,0,9,7,3,0,5,0,0,0,0,3,1,5,1,57,9,-1,-1,-1,-1,2,1,E01026382,0
Unvalidated,2024311407470,2024,311407470,1,5,0,7,4,6,0,2,1,0,0,0,4,1,2,1,41,7,-1,-1,-1,-1,5,3,E01028336,0
Unvalidated,2024311407619,2024,311407619,1,9,0,18,3,7,0,0,0,0,0,0,1,1,6,1,37,7,-1,-1,-1,-1,6,1,E01028188,0
Unvalidated,2024311407619,2024,311407619,2,8,0,18,3,7,0,0,0,0,0,0,1,1,1,1,53,8,-1,-1,-1,-1,4,1,E01013459,0
Unvalidated,2024311407628,2024,311407628,1,11,0,4,5,1,0,1,0,0,0,0,1,1,1,2,59,9,-1,-1,-1,-1,4,1,E01013903,0
Unvalidated,2024311407628,2024,311407628,2,3,0,3,5,1,0,1,0,0,0,0,2,1,6,1,-1,-1,-1,-1,-1,-1,10,1,E01028363,0
Unvalidated,2024311407692,2024,311407692,1,90,0,18,5,5,0,8,0,0,0,0,3,1,6,1,19,4,-1,-1,-1,-1,2,1,E01013965,0
Unvalidated,2024311407692,2024,311407692,2,9,0,18,6,3,0,8,0,0,0,0,1,1,6,2,-1,-1,-1,-1,-1,-1,-1,-1,-1,0
Unvalidated,2024311407721,2024,311407721,1,9,0,18,5,1,0,1,0,0,0,0,3,1,5,2,22,5,-1,-1,-1,-1,6,1,E01028205,0
Unvalidated,2024311407724,2024,311407724,1,9,0,18,5,1,0,0,2,0,7,11,1,1,6,1,22,5,-1,-1,-1,-1,6,2,E01028034,0
Unvalidated,2024311407728,2024,311407728,1,9,0,18,4,5,0,0,0,0,0,0,1,1,6,2,50,8,-1,-1,-1,-1,1,1,E01013861,0
Unvalidated,2024311407728,2024,311407728,2,19,0,1,2,3,0,0,0,0,0,0,2,1,1,1,33,6,-1,-1,-1,-1,7,2,E01028378,0
Unvalidated,2024311407732,2024,311407732,1,9,0,5,7,1,0,2,0,0,0,0,1,1,6,2,-1,-1,-1,-1,-1,-1,-1,-1,-1,0
Unvalidated,2024311407773,2024,311407773,1,9,0,4,1,5,0,2,0,0,0,0,2,1,5,1,35,6,-1,-1,-1,-1,1,2,E01028301,0
Unvalidated,2024311407773,2024,311407773,2,9,0,18,5,1,0,1,0,0,0,0,1,1,5,2,25,5,-1,-1,-1,-1,7,2,E01028298,0
Unvalidated,2024311407778,2024,311407778,1,9,0,9,2,8,0,5,0,0,0,0,1,1,1,1,22,5,-1,-1,-1,-1,3,1,E01028127,0
Unvalidated,2024311407909,2024,311407909,1,9,-1,18,7,1,0,6,1,0,1,11,4,1,5,2,40,7,-1,-1,-1,-1,5,2,E01019525,0
Unvalidated,2024311407909,2024,311407909,2,9,-1,8,7,1,0,1,1,0,0,0,2,1,2,2,64,9,-1,-1,-1,-1,4,3,E01028041,0
Unvalidated,2024311407909,2024,311407909,3,9,-1,10,7,1,0,1,1,0,0,0,-1,1,6,1,40,7,-1,-1,-1,-1,3,2,E01028257,0
Unvalidated,2024311408105,2024,311408105,1,9,0,9,1,7,0,6,0,0,0,0,1,1,6,1,76,11,-1,-1,-1,-1,5,1,E01027953,0
Unvalidated,2024311408105,2024,311408105,2,9,0,9,3,1,0,8,0,0,0,0,3,1,6,2,26,6,-1,-1,-1,-1,3,1,E01027977,0
Unvalidated,2024311408178,2024,311408178,1,9,0,18,7,2,0,0,2,0,7,4,0,1,2,2,22,5,-1,-1,-1,-1,5,1,E01013551,0
Unvalidated,2024311408332,2024,311408332,1,9,0,5,5,2,0,6,0,0,0,0,1,1,1,2,41,7,-1,-1,-1,-1,2,1,E01028267,0
Unvalidated,2024311408332,2024,311408332,2,1,0,18,7,2,0,8,0,0,0,0,1,1,1,1,16,4,-1,-1,-1,-1,6,1,E01027948,0
Unvalidated,2024311408409,2024,311408409,1,9,0,18,7,3,0,1,0,0,0,0,1,1,6,1,19,4,-1,-1,-1,-1,4,1,E01027933,0
Unvalidated,2024311408414,2024,311408414,1,9,0,4,6,2,0,0,0,0,7,0,1,1,6,1,55,8,-1,-1,-1,-1,-1,-1,-1,0
Unvalidated,2024311408414,2024,311408414,2,9,0,13,6,2,0,0,0,0,0,0,2,1,6,2,30,6,-1,-1,-1,-1,1,1,E01013884,0
Unvalidated,2024311408416,2024,311408416,1,9,0,3,4,4,0,8,0,0,0,0,1,1,1,1,46,8,-1,-1,-1,-1,5,1,E01013914,0
Unvalidated,2024311408416,2024,311408416,2,9,0,4,7,4,0,8,0,0,0,0,1,1,6,1,67,10,-1,-1,-1,-1,8,1,E01025743,0
Unvalidated,2024311408429,2024,311408429,1,9,0,4,5,2,0,4,0,0,0,0,1,1,6,1,71,10,-1,-1,-1,-1,6,2,E01028034,0
Unvalidated,2024311408429,2024,311408429,2,9,0,10,5,3,0,4,0,0,0,0,2,1,6,2,34,6,-1,-1,-1,-1,3,1,E01028014,0
Unvalidated,2024311408522,2024,311408522,1,9,0,18,3,7,0,0,1,0,7,3,1,1,5,1,29,6,-1,-1,-1,-1,7,2,E01028370,0