status,collision_index,collision_year,collision_reference,vehicle_reference,vehicle_type,towing_and_articulation,vehicle_manoeuvre,vehicle_direction_from,vehicle_direction_to,vehicle_location_restricted_lane,junction_location,skidding_and_overturning,hit_object_in_carriageway,vehicle_leaving_carriageway,hit_object_off_carriageway,first_point_of_impact,vehicle_left_hand_drive,journey_purpose_of_driver,sex_of_driver,age_of_driver,age_band_of_driver,engine_capacity_cc,propulsion_code,age_of_vehicle,generic_make_model,driver_imd_decile,driver_home_area_type,lsoa_of_driver,escooter_flag
Unvalidated,2024311408538,2024,311408538,1,9,0,3,6,2,0,0,0,0,0,0,1,1,6,2,64,9,-1,-1,-1,-1,9,1,E01013901,0
Unvalidated,2024311408538,2024,311408538,2,22,0,18,6,2,0,0,0,0,0,0,2,1,6,1,75,10,-1,-1,-1,-1,2,1,E01013899,0
Unvalidated,2024311408542,2024,311408542,1,11,0,18,1,5,0,0,0,0,0,0,0,1,1,2,41,7,-1,-1,-1,-1,-1,-1,-1,0
Unvalidated,2024311408581,2024,311408581,1,9,0,9,5,3,0,5,0,0,0,0,1,1,6,1,34,6,-1,-1,-1,-1,3,1,E01014665,0
Unvalidated,2024311408581,2024,311408581,2,9,0,18,1,5,0,8,1,0,0,0,3,1,6,2,22,5,-1,-1,-1,-1,2,1,E01028271,0
Unvalidated,2024311408595,2024,311408595,1,9,0,4,3,7,0,0,0,0,0,0,1,1,6,1,20,4,-1,-1,-1,-1,-1,-1,-1,0
Unvalidated,2024311408595,2024,311408595,2,9,0,4,3,7,0,0,0,0,0,0,2,1,6,1,28,6,-1,-1,-1,-1,9,2,E01019703,0
Unvalidated,2024311408628,2024,311408628,1,9,0,4,7,2,0,0,0,0,0,0,2,1,6,2,39,7,-1,-1,-1,-1,8,1,E01028094,0
Unvalidated,2024311408628,2024,311408628,2,9,0,4,7,2,0,0,0,0,0,0,1,1,6,1,29,6,-1,-1,-1,-1,2,1,E01013947,0
Unvalidated,2024311408637,2024,311408637,1,9,0,18,3,7,0,0,0,4,0,0,4,1,6,1,48,8,-1,-1,-1,-1,1,1,E01013841,0
Unvalidated,2024311408637,2024,311408637,2,9,0,2,5,1,0,0,0,0,0,0,3,1,6,3,-1,-1,-1,-1,-1,-1,-1,-1,-1,0
Unvalidated,2024311408675,2024,311408675,1,9,0,9,5,1,1,1,0,0,0,0,2,1,5,1,30,6,-1,-1,-1,-1,3,1,E01013971,0
Unvalidated,2024311408675,2024,311408675,2,9,0,18,1,5,0,1,0,0,0,0,1,1,5,1,17,4,-1,-1,-1,-1,9,1,E01028386,0
Unvalidated,2024311408737,2024,311408737,1,9,0,9,4,8,0,0,0,0,0,0,1,1,5,2,32,6,-1,-1,-1,-1,-1,-1,-1,0
Unvalidated,2024311408737,2024,311408737,2,9,0,18,4,4,0,0,0,0,0,0,4,1,5,2,23,5,-1,-1,-1,-1,6,1,E01028146,0
Unvalidated,2024311409014,2024,311409014,1,9,0,18,6,3,0,0,0,0,0,0,1,1,1,2,58,9,-1,-1,-1,-1,5,1,E01028242,0
Unvalidated,2024311409014,2024,311409014,2,19,0,18,3,6,0,0,1,0,0,0,1,1,1,1,29,6,-1,-1,-1,-1,3,2,E01028339,0
Unvalidated,2024311409024,2024,311409024,1,9,0,18,5,3,0,1,1,0,0,0,1,1,6,2,49,8,-1,-1,-1,-1,-1,-1,-1,0
Unvalidated,2024311409024,2024,311409024,2,9,0,3,5,2,0,6,0,0,0,0,2,1,6,1,56,9,-1,-1,-1,-1,7,1,E01028015,0
Unvalidated,2024311409094,2024,311409094,1,9,0,13,5,1,0,1,0,0,0,0,4,1,6,3,50,8,-1,-1,-1,-1,-1,-1,-1,0
Unvalidated,2024311409094,2024,311409094,2,1,0,5,1,5,0,1,0,0,0,0,1,1,6,1,16,4,-1,-1,-1,-1,-1,-1,-1,0
Unvalidated,2024311409193,2024,311409193,1,9,0,18,3,7,0,0,0,0,2,0,1,1,6,1,20,4,-1,-1,-1,-1,10,1,E01033390,0
Unvalidated,2024311409277,2024,311409277,1,20,0,15,2,6,9,0,0,0,0,0,1,1,1,1,34,6,-1,-1,-1,-1,-1,-1,-1,0
Unvalidated,2024311409378,2024,311409378,1,9,0,9,7,5,9,5,0,0,0,0,4,1,6,1,76,11,-1,-1,-1,-1,7,1,E01028262,0
Unvalidated,2024311409523,2024,311409523,1,9,0,18,5,1,0,0,0,0,1,0,1,1,1,1,30,6,-1,-1,-1,-1,3,1,E01029408,0
Unvalidated,2024311409523,2024,311409523,2,9,0,18,5,1,0,0,1,0,0,0,1,1,6,1,31,6,-1,-1,-1,-1,3,1,E01020991,0
Unvalidated,2024311409541,2024,311409541,1,9,0,1,3,7,0,0,0,4,0,0,2,1,6,1,78,11,-1,-1,-1,-1,1,1,E01013821,0
Unvalidated,2024311409541,2024,311409541,2,9,0,2,0,0,0,0,0,0,0,0,1,1,6,3,-1,-1,-1,-1,-1,-1,-1,-1,-1,0
Unvalidated,2024311409586,2024,311409586,1,19,0,10,8,2,0,1,0,0,0,0,1,1,5,1,54,8,-1,-1,-1,-1,1,1,E01013839,0
Unvalidated,2024311409586,2024,311409586,2,9,0,18,4,4,0,1,0,0,0,0,1,1,5,1,17,4,-1,-1,-1,-1,9,1,E01013979,0
Unvalidated,2024311409608,2024,311409608,1,9,0,18,2,6,0,1,0,0,0,0,1,1,6,1,19,4,-1,-1,-1,-1,-1,-1,-1,0
Unvalidated,2024311409608,2024,311409608,2,9,0,5,2,6,0,2,0,0,0,0,3,1,1,1,44,7,-1,-1,-1,-1,-1,-1,-1,0
Unvalidated,2024311409648,2024,311409648,1,9,0,18,5,1,0,1,0,0,0,0,1,1,6,2,34,6,-1,-1,-1,-1,-1,-1,-1,0
Unvalidated,2024311409648,2024,311409648,2,9,0,9,5,4,0,6,0,0,0,0,3,1,6,2,22,5,-1,-1,-1,-1,-1,-1,-1,0
Unvalidated,2024311409723,2024,311409723,1,9,0,18,1,1,0,0,0,0,0,0,1,1,6,3,50,8,-1,-1,-1,-1,-1,-1,-1,0
Unvalidated,2024311409723,2024,311409723,2,1,0,18,8,4,0,0,0,0,0,0,1,1,6,1,55,8,-1,-1,-1,-1,1,1,E01033411,0
Unvalidated,2024311409789,2024,311409789,1,19,0,18,6,2,0,0,0,0,1,0,4,1,1,3,61,9,-1,-1,-1,-1,-1,-1,-1,0
Unvalidated,2024311409855,2024,311409855,1,9,0,18,3,7,0,2,0,0,0,0,1,1,6,3,-1,-1,-1,-1,-1,-1,-1,-1,-1,0
Unvalidated,2024311409871,2024,311409871,1,17,0,18,1,5,0,0,0,0,0,0,4,1,2,1,34,6,-1,-1,-1,-1,8,3,E01028035,0
Unvalidated,2024311409871,2024,311409871,2,9,0,18,5,1,0,0,0,0,7,0,4,1,2,1,30,6,-1,-1,-1,-1,-1,-1,-1,0
Unvalidated,2024311409985,2024,311409985,1,8,0,9,5,1,0,8,0,0,0,0,1,1,6,1,37,7,-1,-1,-1,-1,-1,-1,-1,0
Unvalidated,2024311410028,2024,311410028,1,9,0,18,2,6,0,1,0,0,0,0,1,1,6,1,41,7,-1,-1,-1,-1,1,1,E01013821,0
Unvalidated,2024311410028,2024,311410028,2,9,0,18,8,4,0,1,0,0,0,0,4,1,6,2,32,6,-1,-1,-1,-1,7,1,E01028262,0
Unvalidated,2024311410059,2024,311410059,1,20,0,1,6,3,0,8,0,0,0,0,2,1,1,1,41,7,-1,-1,-1,-1,5,1,E01013840,0
Unvalidated,2024311410084,2024,311410084,1,90,0,18,2,6,0,1,0,0,0,0,1,1,6,1,19,4,-1,-1,-1,-1,4,1,E01013941,0
Unvalidated,2024311410084,2024,311410084,2,9,0,9,6,4,0,1,0,0,0,0,3,1,2,1,61,9,-1,-1,-1,-1,1,1,E01013959,0
Unvalidated,2024311410353,2024,311410353,1,19,0,18,5,1,0,1,0,0,0,0,1,1,1,1,41,7,-1,-1,-1,-1,5,2,E01031037,0
Unvalidated,2024311410353,2024,311410353,2,9,0,4,5,1,0,1,0,0,0,0,2,1,6,1,-1,-1,-1,-1,-1,-1,2,1,E01031010,0
Unvalidated,2024311410420,2024,311410420,1,9,0,9,5,2,0,5,0,0,0,0,2,1,6,1,48,8,-1,-1,-1,-1,1,1,E01013839,0
Unvalidated,2024311410420,2024,311410420,2,1,0,18,1,5,0,8,2,11,1,0,1,1,2,1,29,6,-1,-1,-1,-1,1,1,E01013921,0
Unvalidated,2024311410506,2024,311410506,1,19,0,5,1,6,0,2,0,0,0,0,1,1,2,1,45,7,-1,-1,-1,-1,2,1,E01028231,0
Unvalidated,2024311410506,2024,311410506,2,9,0,5,8,6,0,2,0,0,0,0,2,1,2,2,29,6,-1,-1,-1,-1,2,1,E01013845,0
Unvalidated,2024311410506,2024,311410506,3,19,0,5,8,6,0,2,0,0,0,0,2,1,2,1,50,8,-1,-1,-1,-1,3,2,E01028340,0
Unvalidated,2024311410720,2024,311410720,1,98,0,4,2,6,0,0,0,0,0,0,1,1,1,1,38,7,-1,-1,-1,-1,1,1,E01007913,0
Unvalidated,2024311410720,2024,311410720,2,9,0,4,2,6,0,0,0,0,0,0,2,1,6,1,30,6,-1,-1,-1,-1,1,1,E01033411,0
Unvalidated,2024311410783,2024,311410783,1,9,0,18,6,2,0,4,0,0,0,0,1,1,6,2,33,6,-1,-1,-1,-1,-1,-1,-1,0
Unvalidated,2024311410783,2024,311410783,2,9,0,18,4,8,0,3,1,10,0,0,4,1,6,2,20,4,-1,-1,-1,-1,-1,-1,-1,0
Unvalidated,2024311410855,2024,311410855,1,9,0,5,3,7,0,0,0,7,0,0,1,2,6,1,29,6,-1,-1,-1,-1,2,1,E01019403,0
Unvalidated,2024311410872,2024,311410872,1,19,0,18,2,4,0,8,0,0,0,0,1,1,6,1,40,7,-1,-1,-1,-1,8,2,E01026200,0
Unvalidated,2024311410933,2024,311410933,1,9,0,18,6,2,0,1,0,0,1,0,4,1,2,1,20,4,-1,-1,-1,-1,1,1,E01013940,0
Unvalidated,2024311410948,2024,311410948,1,11,0,18,8,4,2,0,0,0,0,0,0,1,1,1,27,6,-1,-1,-1,-1,1,1,E01013920,0
Unvalidated,2024311410948,2024,311410948,2,9,0,7,8,2,0,0,0,0,0,0,0,1,6,3,-1,-1,-1,-1,-1,-1,-1,-1,-1,0
Unvalidated,2024311410955,2024,311410955,1,11,0,18,1,4,0,3,0,0,0,0,0,1,1,2,59,9,-1,-1,-1,-1,4,1,E01027996,0
Unvalidated,2024311410955,2024,311410955,2,9,0,11,8,4,0,3,0,0,0,0,0,1,6,2,39,7,-1,-1,-1,-1,2,1,E01013858,0
Unvalidated,2024311410995,2024,311410995,1,9,0,4,1,5,0,1,0,0,0,0,1,1,6,1,58,9,-1,-1,-1,-1,1,1,E01013825,0
Unvalidated,2024311410995,2024,311410995,2,9,0,10,1,5,0,1,0,0,0,0,0,1,6,2,40,7,-1,-1,-1,-1,-1,-1,-1,0
Unvalidated,2024311411020,2024,311411020,1,9,0,18,5,2,0,0,0,11,0,0,1,1,6,2,76,11,-1,-1,-1,-1,8,2,E01028032,0
Unvalidated,2024311411020,2024,311411020,2,22,0,18,5,2,0,0,5,0,0,0,2,1,6,2,60,9,-1,-1,-1,-1,-1,-1,-1,0
Unvalidated,2024311411206,2024,311411206,1,9,0,18,6,2,0,0,2,0,7,0,1,1,2,2,20,4,-1,-1,-1,-1,10,2,E01028389,0
Unvalidated,2024311411303,2024,311411303,1,9,0,5,5,1,0,8,0,0,0,0,1,1,6,1,55,8,-1,-1,-1,-1,3,1,E01013944,0
Unvalidated,2024311411341,2024,311411341,1,9,0,9,2,8,0,1,0,0,0,0,4,1,6,2,77,11,-1,-1,-1,-1,8,2,E01028358,0
Unvalidated,2024311411341,2024,311411341,2,1,0,18,6,2,0,1,0,0,0,0,1,1,5,1,65,9,-1,-1,-1,-1,10,2,E01028415,0
Unvalidated,2024311411386,2024,311411386,1,9,0,18,8,4,0,0,1,4,1,0,1,1,6,1,26,6,-1,-1,-1,-1,1,1,E01013940,0
Unvalidated,2024311411386,2024,311411386,2,9,0,2,0,0,0,0,0,0,1,0,1,1,6,3,-1,-1,-1,-1,-1,-1,-1,-1,-1,0
Unvalidated,2024311411386,2024,311411386,3,9,0,2,0,0,0,0,0,0,0,0,1,1,6,3,-1,-1,-1,-1,-1,-1,-1,-1,-1,0
Unvalidated,2024311411427,2024,311411427,1,9,0,9,1,6,0,2,0,0,0,0,1,1,6,1,47,8,-1,-1,-1,-1,-1,-1,-1,0
Unvalidated,2024311411427,2024,311411427,2,1,0,9,2,6,0,6,0,0,0,0,1,1,6,1,12,3,-1,-1,-1,-1,-1,-1,-1,0
Unvalidated,2024311411577,2024,311411577,1,3,0,18,1,1,0,0,0,0,0,0,1,1,6,1,31,6,-1,-1,-1,-1,2,1,E01019441,0
Unvalidated,2024311411577,2024,311411577,2,9,0,7,1,8,0,0,0,0,1,0,3,1,6,1,63,9,-1,-1,-1,-1,8,1,E01032622,0
Unvalidated,2024311411644,2024,311411644,1,4,0,18,5,1,0,2,1,0,0,0,3,1,6,1,52,8,-1,-1,-1,-1,8,3,E01027973,0
Unvalidated,2024311411721,2024,311411721,1,9,0,5,3,7,9,0,0,0,0,0,1,1,5,1,21,5,-1,-1,-1,-1,4,1,E01028045,0
Unvalidated,2024311411721,2024,311411721,2,1,0,18,1,5,0,0,0,0,0,0,1,1,6,1,34,6,-1,-1,-1,-1,-1,-1,-1,0
Unvalidated,2024311411726,2024,311411726,1,9,0,5,2,6,0,0,0,0,0,0,1,1,5,1,35,6,-1,-1,-1,-1,-1,-1,-1,0
Unvalidated,2024311411726,2024,311411726,2,1,0,5,1,5,0,0,0,0,0,0,1,1,6,1,37,7,-1,-1,-1,-1,-1,-1,-1,0
Unvalidated,2024311411728,2024,311411728,1,9,0,18,6,2,0,0,0,0,0,0,1,1,6,1,35,6,-1,-1,-1,-1,4,1,E01013936,0
Unvalidated,2024311411728,2024,311411728,2,9,0,18,6,2,0,0,0,0,0,0,2,1,6,2,25,5,-1,-1,-1,-1,-1,-1,-1,0
Unvalidated,2024311411785,2024,311411785,1,8,0,6,5,1,0,8,0,0,0,0,1,1,5,1,47,8,-1,-1,-1,-1,-1,-1,-1,0
Unvalidated,2024311411785,2024,311411785,2,9,0,9,7,5,0,8,0,0,0,0,1,1,2,1,50,8,-1,-1,-1,-1,-1,-1,-1,0
Unvalidated,2024311411806,2024,311411806,1,9,0,18,6,2,0,0,0,0,0,0,1,1,6,2,63,9,-1,-1,-1,-1,4,1,E01028045,0
Unvalidated,2024311411806,2024,311411806,2,1,0,18,2,6,0,0,0,0,0,0,1,1,6,1,35,6,-1,-1,-1,-1,1,1,E01028055,0
Unvalidated,2024311411855,2024,311411855,1,9,0,18,5,1,0,0,0,0,0,0,-1,1,6,2,25,5,-1,-1,-1,-1,3,1,E01013874,0
Unvalidated,2024311411855,2024,311411855,2,19,0,5,5,1,0,0,0,0,0,0,1,1,1,1,25,5,-1,-1,-1,-1,-1,-1,-1,0
Unvalidated,2024311411915,2024,311411915,1,9,0,-1,-1,-1,0,0,0,0,0,0,2,1,6,3,-1,-1,-1,-1,-1,-1,-1,-1,-1,0
Unvalidated,2024311412003,2024,311412003,1,9,0,18,8,4,0,1,0,0,0,0,4,1,6,1,-1,-1,-1,-1,-1,-1,-1,-1,-1,0
Unvalidated,2024311412025,2024,311412025,1,9,0,18,1,5,0,0,0,0,7,0,1,1,2,1,54,8,-1,-1,-1,-1,-1,-1,-1,0
Unvalidated,2024311412025,2024,311412025,2,9,0,18,5,1,0,0,0,0,0,0,1,1,2,1,54,8,-1,-1,-1,-1,-1,-1,-1,0
Unvalidated,2024311412096,2024,311412096,1,9,0,9,7,4,0,5,0,0,0,0,4,1,5,1,32,6,-1,-1,-1,-1,1,1,E01027930,0
Unvalidated,2024311412114,2024,311412114,1,9,0,18,1,5,0,0,1,0,1,10,3,1,6,2,47,8,-1,-1,-1,-1,10,3,E01028409,0
Unvalidated,2024311412131,2024,311412131,1,1,0,18,1,5,0,8,0,0,0,0,1,1,6,1,65,9,-1,-1,-1,-1,7,1,E01028417,0
Unvalidated,2024311412131,2024,311412131,2,11,0,9,3,1,0,6,0,0,0,0,4,1,1,2,-1,-1,-1,-1,-1,-1,-1,-1,-1,0
Unvalidated,2024311412139,2024,311412139,1,3,0,4,5,1,0,1,2,0,0,0,4,1,2,1,29,6,-1,-1,-1,-1,3,2,E01028297,0
Unvalidated,2024311412142,2024,311412142,1,9,0,18,7,3,0,1,0,0,0,0,1,1,6,2,58,9,-1,-1,-1,-1,2,1,E01013916,0
Unvalidated,2024311412245,2024,311412245,1,9,0,18,8,5,0,0,0,0,0,0,1,1,5,1,23,5,-1,-1,-1,-1,1,1,E01027965,0
Unvalidated,2024311412245,2024,311412245,2,1,0,18,6,8,0,0,0,0,0,0,1,1,5,1,10,2,-1,-1,-1,-1,1,1,E01027968,0
Unvalidated,2024311412248,2024,311412248,1,9,0,18,1,5,0,0,0,4,0,0,1,1,5,2,66,10,-1,-1,-1,-1,9,1,E01027934,0
Unvalidated,2024311412248,2024,311412248,2,9,0,2,1,5,0,0,0,0,0,0,2,1,6,1,19,4,-1,-1,-1,-1,-1,-1,-1,0
Unvalidated,2024311412307,2024,311412307,1,11,0,18,8,4,0,8,0,0,0,0,1,1,1,1,-1,-1,-1,-1,-1,-1,-1,-1,-1,0
Unvalidated,2024311412307,2024,311412307,2,9,0,9,4,2,0,5,0,0,0,0,4,1,2,2,31,6,-1,-1,-1,-1,2,1,E01028234,0
Unvalidated,2024311412326,2024,311412326,1,9,0,1,-1,-1,0,0,0,0,0,0,2,1,6,1,34,6,-1,-1,-1,-1,2,1,E01013842,0
Unvalidated,2024311412326,2024,311412326,2,9,0,2,0,0,0,0,0,0,0,0,2,1,5,1,42,7,-1,-1,-1,-1,1,1,E01009270,0
Unvalidated,2024311412326,2024,311412326,3,9,0,2,0,0,0,0,0,0,0,0,3,1,6,1,51,8,-1,-1,-1,-1,3,1,E01013930,0
Unvalidated,2024311412366,2024,311412366,1,9,0,18,1,5,0,1,0,0,1,1,4,1,5,2,69,10,-1,-1,-1,-1,8,1,E01028047,0
Unvalidated,2024311412366,2024,311412366,2,98,1,18,1,5,0,1,0,0,0,0,1,1,1,1,47,8,-1,-1,-1,-1,-1,-1,-1,0
Unvalidated,2024311412392,2024,311412392,1,11,0,18,2,6,0,0,0,0,0,0,0,1,1,1,61,9,-1,-1,-1,-1,8,1,E01028206,0
Unvalidated,2024311412476,2024,311412476,1,9,0,3,6,6,0,0,0,0,0,0,2,1,2,2,56,9,-1,-1,-1,-1,9,2,E01026203,0
Unvalidated,2024311412476,2024,311412476,2,19,0,18,6,8,0,0,1,0,0,0,1,1,1,1,32,6,-1,-1,-1,-1,7,3,E01026199,0
Unvalidated,2024311412570,2024,311412570,1,9,0,9,3,7,0,1,0,0,0,0,4,1,6,2,21,5,-1,-1,-1,-1,-1,-1,-1,0
Unvalidated,2024311412570,2024,311412570,2,1,0,18,7,3,0,1,0,0,0,0,1,1,2,1,58,9,-1,-1,-1,-1,3,1,E01013816,0
Unvalidated,2024311412595,2024,311412595,1,9,0,18,1,5,0,0,2,0,1,9,1,1,5,1,35,6,-1,-1,-1,-1,-1,-1,-1,0
Unvalidated,2024311412700,2024,311412700,1,9,0,18,2,6,0,0,0,0,0,0,1,1,6,1,24,5,-1,-1,-1,-1,-1,-1,-1,0
Unvalidated,2024311412737,2024,311412737,1,8,0,5,5,1,0,0,0,0,0,0,0,1,1,1,36,7,-1,-1,-1,-1,2,1,E01028245,0
Unvalidated,2024311412794,2024,311412794,1,9,0,18,5,1,0,8,0,0,0,0,4,1,6,1,-1,-1,-1,-1,-1,-1,-1,-1,-1,0
Unvalidated,2024311412794,2024,311412794,2,9,0,18,5,1,0,8,0,0,0,0,3,1,6,1,35,6,-1,-1,-1,-1,-1,-1,-1,0
Unvalidated,2024311412794,2024,311412794,3,9,0,18,5,1,0,8,0,0,0,0,0,1,6,1,-1,-1,-1,-1,-1,-1,-1,-1,-1,0
Unvalidated,2024311412920,2024,311412920,1,9,0,9,7,3,0,1,0,0,0,0,1,1,5,2,86,11,-1,-1,-1,-1,7,2,E01007664,0
Unvalidated,2024311412920,2024,311412920,2,9,0,18,3,7,0,1,0,0,0,0,1,1,5,1,18,4,-1,-1,-1,-1,5,1,E01028049,0
Unvalidated,2024311412961,2024,311412961,1,9,0,18,3,7,0,2,0,0,0,0,4,1,6,1,62,9,-1,-1,-1,-1,3,1,E01026323,0
Unvalidated,2024311412968,2024,311412968,1,9,0,18,7,3,0,0,0,0,0,0,4,1,2,1,74,10,-1,-1,-1,-1,9,2,E01028360,0
Unvalidated,2024311412999,2024,311412999,1,9,0,18,8,4,0,0,0,0,0,0,1,1,6,2,80,11,-1,-1,-1,-1,10,1,E01028137,0
Unvalidated,2024311412999,2024,311412999,2,9,0,18,8,4,0,0,0,0,0,0,2,1,6,1,38,7,-1,-1,-1,-1,4,1,E01028133,0
Unvalidated,2024311412999,2024,311412999,3,11,0,18,8,4,0,0,0,0,0,0,2,1,1,1,47,8,-1,-1,-1,-1,2,1,E01013856,0
Unvalidated,2024311413055,2024,311413055,1,8,0,12,1,3,0,1,0,0,7,0,1,1,6,1,46,8,-1,-1,-1,-1,3,1,E01033402,0
Unvalidated,2024311413055,2024,311413055,2,9,0,5,1,5,0,1,0,0,7,2,2,1,6,1,20,4,-1,-1,-1,-1,4,1,E01033408,0
Unvalidated,2024311413153,2024,311413153,1,9,0,7,6,2,0,0,0,0,0,0,1,1,6,1,68,10,-1,-1,-1,-1,3,2,E01028297,0
Unvalidated,2024311413164,2024,311413164,1,9,0,5,5,1,0,6,0,0,0,0,1,1,6,1,-1,-1,-1,-1,-1,-1,3,1,E01028306,0
Unvalidated,2024311413164,2024,311413164,2,1,0,10,6,2,0,2,0,0,0,0,9,1,6,1,65,9,-1,-1,-1,-1,10,1,E01028292,0
Unvalidated,2024311413217,2024,311413217,1,9,0,5,2,6,0,8,0,0,0,0,1,1,6,1,-1,-1,-1,-1,-1,-1,-1,-1,-1,0
Unvalidated,2024311413272,2024,311413272,1,9,0,9,6,4,0,8,0,0,0,0,1,1,6,2,40,7,-1,-1,-1,-1,-1,-1,-1,0
Unvalidated,2024311413272,2024,311413272,2,1,0,3,6,2,4,1,0,0,0,0,4,1,3,1,14,3,-1,-1,-1,-1,-1,-1,-1,0
Unvalidated,2024311413315,2024,311413315,1,9,0,18,8,4,0,1,0,0,0,0,3,1,6,1,25,5,-1,-1,-1,-1,2,1,E01013957,0
Unvalidated,2024311413315,2024,311413315,2,9,0,18,8,5,0,1,0,0,0,0,4,1,6,3,30,6,-1,-1,-1,-1,-1,-1,-1,0
Unvalidated,2024311413405,2024,311413405,1,9,0,7,7,5,0,5,0,0,0,0,1,1,5,1,43,7,-1,-1,-1,-1,1,1,E01013867,0
Unvalidated,2024311413549,2024,311413549,1,1,0,4,5,1,0,0,5,0,0,0,2,1,6,1,25,5,-1,-1,-1,-1,-1,-1,-1,0
Unvalidated,2024311413549,2024,311413549,2,9,0,4,5,1,0,0,0,0,0,0,1,1,6,1,42,7,-1,-1,-1,-1,-1,-1,-1,0
Unvalidated,2024311413607,2024,311413607,1,9,0,18,8,2,0,8,0,0,0,0,1,1,6,2,35,6,-1,-1,-1,-1,4,1,E01028228,0
Unvalidated,2024311413717,2024,311413717,1,9,0,18,5,1,0,2,0,0,0,0,3,2,5,1,51,8,-1,-1,-1,-1,1,1,E01013859,0
Unvalidated,2024311413717,2024,311413717,2,1,0,18,3,7,0,2,0,0,0,0,1,1,5,1,34,6,-1,-1,-1,-1,-1,-1,-1,0
Unvalidated,2024311413730,2024,311413730,1,9,0,1,1,4,0,1,0,0,0,0,2,1,5,2,56,9,-1,-1,-1,-1,10,1,E01028084,0
Unvalidated,2024311413817,2024,311413817,1,5,0,18,5,1,0,0,0,0,0,0,1,1,6,1,46,8,-1,-1,-1,-1,6,1,E01027997,0
Unvalidated,2024311413823,2024,311413823,1,9,0,18,8,4,0,0,1,0,1,9,1,1,2,2,39,7,-1,-1,-1,-1,2,1,E01033400,0
Unvalidated,2024311413845,2024,311413845,1,1,0,18,8,4,0,1,5,0,0,0,2,1,6,1,72,10,-1,-1,-1,-1,2,1,E01013814,0
Unvalidated,2024311413845,2024,311413845,2,9,0,18,8,4,0,1,0,0,0,0,1,1,6,1,40,7,-1,-1,-1,-1,1,1,E01013958,0
Unvalidated,2024311413857,2024,311413857,1,11,0,9,6,4,0,0,0,0,0,0,1,1,1,1,54,8,-1,-1,-1,-1,-1,-1,-1,0
Unvalidated,2024311413857,2024,311413857,2,9,0,7,4,6,0,0,0,0,0,0,1,1,2,2,38,7,-1,-1,-1,-1,-1,-1,-1,0
Unvalidated,2024311413925,2024,311413925,1,9,0,18,8,4,0,1,0,0,0,0,1,1,6,1,34,6,-1,-1,-1,-1,2,1,E01013843,0
Unvalidated,2024311413925,2024,311413925,2,1,0,18,8,2,0,1,0,0,0,0,2,1,6,1,56,9,-1,-1,-1,-1,5,1,E01013890,0
Unvalidated,2024311413934,2024,311413934,1,9,0,18,2,6,0,0,0,0,7,0,1,1,2,2,21,5,-1,-1,-1,-1,3,2,E01028025,0
Unvalidated,2024311413966,2024,311413966,1,9,0,18,7,3,0,0,0,0,0,0,1,1,1,2,57,9,-1,-1,-1,-1,4,1,E01013964,0
Unvalidated,2024311413966,2024,311413966,2,9,0,3,7,3,0,0,0,0,0,0,2,1,2,1,42,7,-1,-1,-1,-1,1,1,E01013844,0
Unvalidated,2024311414190,2024,311414190,1,9,0,9,7,5,0,4,0,0,0,0,1,1,5,1,33,6,-1,-1,-1,-1,-1,-1,-1,0
Unvalidated,2024311414190,2024,311414190,2,9,0,18,7,3,0,3,0,0,7,0,4,1,5,1,41,7,-1,-1,-1,-1,4,1,E01013974,0
Unvalidated,2024311414193,2024,311414193,1,9,0,9,6,3,0,0,0,0,0,0,1,1,6,1,33,6,-1,-1,-1,-1,-1,-1,-1,0
Unvalidated,2024311414193,2024,311414193,2,1,0,18,8,4,0,0,0,0,0,0,1,1,6,1,27,6,-1,-1,-1,-1,2,1,E01013945,0
Unvalidated,2024311414287,2024,311414287,1,9,0,9,1,7,0,2,0,0,0,0,1,1,6,2,53,8,-1,-1,-1,-1,3,1,E01028062,0
Unvalidated,2024311414293,2024,311414293,1,9,0,18,8,4,0,0,0,0,0,0,4,1,2,1,40,7,-1,-1,-1,-1,4,1,E01013941,0
Unvalidated,2024311414452,2024,311414452,1,9,0,5,5,1,0,6,0,0,0,0,1,1,6,2,34,6,-1,-1,-1,-1,2,1,E01028304,0
Unvalidated,2024311414452,2024,311414452,2,9,0,18,3,7,0,8,0,0,0,0,4,1,5,1,40,7,-1,-1,-1,-1,4,1,E01028305,0
Unvalidated,2024311414482,2024,311414482,1,9,0,18,7,3,0,0,0,0,0,0,1,1,2,1,40,7,-1,-1,-1,-1,5,1,E01013831,0
Unvalidated,2024311414482,2024,311414482,2,9,0,18,7,3,0,0,0,0,0,0,2,1,2,2,25,5,-1,-1,-1,-1,10,1,E01028356,0
Unvalidated,2024311414491,2024,311414491,1,9,0,18,4,8,0,2,0,0,0,0,1,1,6,1,30,6,-1,-1,-1,-1,-1,-1,-1,0
Unvalidated,2024311414491,2024,311414491,2,1,0,18,4,8,0,2,0,0,0,0,1,1,5,1,21,5,-1,-1,-1,-1,1,1,E01027956,0
Unvalidated,2024311414791,2024,311414791,1,4,0,9,8,4,0,3,5,0,0,0,3,1,1,1,31,6,-1,-1,-1,-1,3,1,E01013969,0
Unvalidated,2024311414791,2024,311414791,2,9,0,18,4,8,0,1,0,0,0,0,0,1,6,3,-1,-1,-1,-1,-1,-1,-1,-1,-1,0
Unvalidated,2024311414793,2024,311414793,1,9,0,18,8,4,0,1,0,0,0,0,1,1,6,1,27,6,-1,-1,-1,-1,-1,1,-1,0
Unvalidated,2024311414793,2024,311414793,2,9,0,18,8,4,0,1,0,0,0,0,2,1,6,2,40,7,-1,-1,-1,-1,5,3,E01028341,0