status,collision_index,collision_year,collision_reference,vehicle_reference,vehicle_type,towing_and_articulation,vehicle_manoeuvre,vehicle_direction_from,vehicle_direction_to,vehicle_location_restricted_lane,junction_location,skidding_and_overturning,hit_object_in_carriageway,vehicle_leaving_carriageway,hit_object_off_carriageway,first_point_of_impact,vehicle_left_hand_drive,journey_purpose_of_driver,sex_of_driver,age_of_driver,age_band_of_driver,engine_capacity_cc,propulsion_code,age_of_vehicle,generic_make_model,driver_imd_decile,driver_home_area_type,lsoa_of_driver,escooter_flag
Unvalidated,2024311414931,2024,311414931,1,9,0,4,3,5,0,1,0,0,0,0,1,1,2,2,52,8,-1,-1,-1,-1,2,1,E01028284,0
Unvalidated,2024311414931,2024,311414931,2,90,0,5,4,1,0,1,0,0,0,0,1,1,4,2,13,3,-1,-1,-1,-1,2,1,E01028275,0
Unvalidated,2024311414986,2024,311414986,1,11,0,18,8,4,0,8,0,0,0,0,3,1,1,1,40,7,-1,-1,-1,-1,-1,-1,-1,0
Unvalidated,2024311414986,2024,311414986,2,98,0,7,8,3,0,8,0,0,0,0,4,1,1,1,40,7,-1,-1,-1,-1,-1,-1,-1,0
Unvalidated,2024311415072,2024,311415072,1,9,0,18,8,4,0,1,0,0,0,0,1,1,2,1,20,4,-1,-1,-1,-1,1,1,E01027965,0
Unvalidated,2024311415072,2024,311415072,2,9,0,18,8,4,0,1,0,0,0,0,2,1,6,1,25,5,-1,-1,-1,-1,-1,-1,-1,0
Unvalidated,2024311415143,2024,311415143,1,9,0,18,1,2,0,0,0,0,0,0,2,1,1,2,32,6,-1,-1,-1,-1,7,2,E01028298,0
Unvalidated,2024311415143,2024,311415143,2,3,0,18,5,4,0,0,0,0,0,0,1,1,2,1,28,6,-1,-1,-1,-1,8,1,E01033389,0
Unvalidated,2024311415156,2024,311415156,1,9,0,18,2,7,0,1,0,0,0,0,1,1,2,1,68,10,-1,-1,-1,-1,9,1,E01028120,0
Unvalidated,2024311415156,2024,311415156,2,9,0,7,4,6,0,6,0,0,0,0,3,1,5,2,85,11,-1,-1,-1,-1,7,1,E01028175,0
Unvalidated,2024311415235,2024,311415235,1,9,0,18,6,2,0,0,0,0,0,0,1,1,5,2,44,7,-1,-1,-1,-1,6,1,E01028333,0
Unvalidated,2024311415323,2024,311415323,1,98,0,18,5,8,0,8,0,0,0,0,1,1,1,1,53,8,-1,-1,-1,-1,9,1,E01028399,0
Unvalidated,2024311415338,2024,311415338,1,9,0,18,3,7,0,0,0,0,7,0,1,1,1,2,38,7,-1,-1,-1,-1,8,3,E01028035,0
Unvalidated,2024311415406,2024,311415406,1,9,0,18,3,7,0,0,0,0,0,0,1,1,5,2,40,7,-1,-1,-1,-1,1,1,E01027930,0
Unvalidated,2024311415406,2024,311415406,2,9,0,4,3,7,0,0,0,0,0,0,2,1,5,1,81,11,-1,-1,-1,-1,8,1,E01028182,0
Unvalidated,2024311415525,2024,311415525,1,9,0,18,8,4,0,1,0,0,0,0,4,1,6,1,20,4,-1,-1,-1,-1,4,1,E01028167,0
Unvalidated,2024311415547,2024,311415547,1,9,4,18,8,4,0,0,0,0,0,0,3,1,1,1,50,8,-1,-1,-1,-1,-1,-1,-1,0
Unvalidated,2024311415574,2024,311415574,1,11,0,5,3,7,2,0,0,0,0,0,1,1,1,3,-1,-1,-1,-1,-1,-1,-1,-1,-1,0
Unvalidated,2024311415574,2024,311415574,2,20,0,5,7,3,0,0,0,0,0,0,2,1,6,3,-1,-1,-1,-1,-1,-1,-1,-1,-1,0
Unvalidated,2024311415622,2024,311415622,1,9,0,18,5,4,0,8,2,0,1,4,1,1,2,1,40,7,-1,-1,-1,-1,6,1,E01013894,0
Unvalidated,2024311415690,2024,311415690,1,9,0,18,1,5,0,0,0,0,0,0,4,1,6,1,67,10,-1,-1,-1,-1,4,2,E01028038,0
Unvalidated,2024311415732,2024,311415732,1,9,0,18,3,7,0,0,0,0,0,0,4,1,6,2,31,6,-1,-1,-1,-1,-1,-1,-1,0
Unvalidated,2024311415754,2024,311415754,1,9,0,18,2,6,0,6,0,0,0,0,1,1,6,2,62,9,-1,-1,-1,-1,5,1,E01028012,0
Unvalidated,2024311415754,2024,311415754,2,19,0,18,8,4,0,8,0,0,0,0,4,1,1,1,44,7,-1,-1,-1,-1,3,1,E01028014,0
Unvalidated,2024311415806,2024,311415806,1,20,0,18,3,7,0,0,0,0,0,0,1,1,1,1,34,6,-1,-1,-1,-1,3,2,E01028027,0
Unvalidated,2024311415806,2024,311415806,2,19,0,4,3,7,0,0,0,0,0,0,2,1,1,1,32,6,-1,-1,-1,-1,2,1,E01028067,0
Unvalidated,2024311415886,2024,311415886,1,9,0,10,2,6,0,0,0,0,0,0,2,1,2,1,33,6,-1,-1,-1,-1,1,1,E01028268,0
Unvalidated,2024311415886,2024,311415886,2,19,0,18,2,6,0,0,0,0,0,0,1,1,5,2,36,7,-1,-1,-1,-1,6,1,E01028106,0
Unvalidated,2024311415900,2024,311415900,1,9,0,18,6,2,0,0,0,0,7,0,1,1,1,1,69,10,-1,-1,-1,-1,10,2,E01028345,0
Unvalidated,2024311415908,2024,311415908,1,9,0,1,8,8,0,0,0,0,0,0,1,1,5,2,86,11,-1,-1,-1,-1,7,1,E01028270,0
Unvalidated,2024311415966,2024,311415966,1,9,0,18,5,1,0,0,1,0,0,0,1,1,5,1,38,7,-1,-1,-1,-1,9,1,E01028222,0
Unvalidated,2024311415966,2024,311415966,2,9,0,18,5,1,0,0,0,0,0,0,2,1,5,1,19,4,-1,-1,-1,-1,4,1,E01027928,0
Unvalidated,2024311415966,2024,311415966,3,9,0,18,5,1,0,0,0,0,0,0,2,1,1,1,47,8,-1,-1,-1,-1,6,1,E01027926,0
Unvalidated,2024311415977,2024,311415977,1,9,0,18,3,7,0,0,1,12,0,0,1,1,2,1,53,8,-1,-1,-1,-1,4,1,E01028252,0
Unvalidated,2024311415986,2024,311415986,1,98,0,18,1,1,0,0,0,4,1,3,4,1,1,1,60,9,-1,-1,-1,-1,-1,-1,-1,0
Unvalidated,2024311415986,2024,311415986,2,19,0,2,1,1,0,0,0,0,1,0,1,1,6,1,58,9,-1,-1,-1,-1,8,3,E01027999,0
Unvalidated,2024311416014,2024,311416014,1,9,0,18,3,7,0,0,5,4,0,0,2,1,5,2,50,8,-1,-1,-1,-1,4,1,E01028211,0
Unvalidated,2024311416014,2024,311416014,2,8,0,2,0,0,0,0,0,0,0,0,2,1,6,1,52,8,-1,-1,-1,-1,1,1,E01013959,0
Unvalidated,2024311416049,2024,311416049,1,3,0,18,4,8,0,1,5,0,8,0,1,1,2,1,38,7,-1,-1,-1,-1,2,1,E01013945,0
Unvalidated,2024311416049,2024,311416049,2,9,0,9,4,2,0,1,0,0,0,0,3,1,6,1,44,7,-1,-1,-1,-1,3,1,E01013944,0
Unvalidated,2024311416054,2024,311416054,1,9,0,18,4,8,0,1,0,0,0,0,1,1,6,2,30,6,-1,-1,-1,-1,5,1,E01028171,0
Unvalidated,2024311416105,2024,311416105,1,9,0,18,1,5,0,4,0,0,0,0,1,1,6,1,-1,-1,-1,-1,-1,-1,1,1,E01013962,0
Unvalidated,2024311416105,2024,311416105,2,9,0,18,6,2,0,8,0,0,0,0,4,1,6,1,-1,-1,-1,-1,-1,-1,7,2,E01028298,0
Unvalidated,2024311416197,2024,311416197,1,9,0,3,7,3,0,0,0,0,0,0,2,1,5,2,34,6,-1,-1,-1,-1,1,1,E01032597,0
Unvalidated,2024311416197,2024,311416197,2,19,0,3,7,3,0,0,0,4,0,0,2,1,5,1,36,7,-1,-1,-1,-1,-1,-1,-1,0
Unvalidated,2024311416197,2024,311416197,3,9,0,4,7,3,0,0,0,4,0,0,1,1,5,2,22,5,-1,-1,-1,-1,2,1,E01019572,0
Unvalidated,2024311416211,2024,311416211,1,11,0,4,1,6,0,0,0,0,0,0,0,1,1,3,-1,-1,-1,-1,-1,-1,-1,-1,-1,0
Unvalidated,2024311416226,2024,311416226,1,23,0,9,1,3,0,6,0,0,0,0,1,1,5,1,24,5,-1,-1,-1,-1,2,2,E01019523,0
Unvalidated,2024311416226,2024,311416226,2,19,0,9,3,4,0,6,0,0,0,0,3,1,1,1,28,6,-1,-1,-1,-1,3,3,E01028259,0
Unvalidated,2024311416268,2024,311416268,1,19,0,8,7,1,0,4,0,0,0,0,1,1,6,1,20,4,-1,-1,-1,-1,3,1,E01026025,0
Unvalidated,2024311416268,2024,311416268,2,9,0,18,5,1,0,3,0,0,0,0,4,1,6,2,47,8,-1,-1,-1,-1,9,1,E01028010,0
Unvalidated,2024311416360,2024,311416360,1,9,0,16,7,3,0,0,2,0,0,0,4,1,5,1,19,4,-1,-1,-1,-1,10,3,E01028403,0
Unvalidated,2024311416378,2024,311416378,1,9,0,18,1,5,6,0,1,0,1,10,1,1,6,1,28,6,-1,-1,-1,-1,8,2,E01007610,0
Unvalidated,2024311416552,2024,311416552,1,9,0,18,1,5,0,0,0,0,0,0,1,1,6,2,65,9,-1,-1,-1,-1,1,2,E01028301,0
Unvalidated,2024311416552,2024,311416552,2,9,0,5,2,5,0,0,0,0,1,0,3,1,6,2,24,5,-1,-1,-1,-1,4,1,E01028291,0
Unvalidated,2024311416593,2024,311416593,1,9,0,18,5,1,0,8,1,10,7,1,3,1,5,1,27,6,-1,-1,-1,-1,2,1,E01027958,0
Unvalidated,2024311416709,2024,311416709,1,9,0,9,8,4,0,6,0,0,0,0,1,1,1,2,55,8,-1,-1,-1,-1,2,1,E01019453,0
Unvalidated,2024311416779,2024,311416779,1,97,0,18,5,1,0,1,0,0,0,0,2,1,5,1,23,5,-1,-1,-1,-1,-1,-1,-1,0
Unvalidated,2024311416779,2024,311416779,2,97,0,18,5,1,0,1,0,0,0,0,2,1,5,3,-1,-1,-1,-1,-1,-1,-1,-1,-1,0
Unvalidated,2024311416780,2024,311416780,1,1,0,18,2,6,1,0,0,0,0,0,4,1,3,1,11,3,-1,-1,-1,-1,1,1,E01013841,0
Unvalidated,2024311416780,2024,311416780,2,18,1,18,3,7,1,0,0,0,0,0,1,1,1,1,56,9,-1,-1,-1,-1,6,1,E01028109,0
Unvalidated,2024311416859,2024,311416859,1,9,0,18,7,3,0,8,0,0,0,0,1,1,1,1,35,6,-1,-1,-1,-1,4,2,E01019522,0
Unvalidated,2024311416859,2024,311416859,2,9,0,18,6,1,0,8,0,0,1,0,4,1,6,2,58,9,-1,-1,-1,-1,10,2,E01025676,0
Unvalidated,2024311416957,2024,311416957,1,9,0,18,1,5,0,1,0,0,0,0,1,1,5,1,72,10,-1,-1,-1,-1,4,1,E01013889,0
Unvalidated,2024311417053,2024,311417053,1,9,0,5,1,5,0,1,0,0,0,0,4,1,6,2,43,7,-1,-1,-1,-1,-1,-1,-1,0
Unvalidated,2024311417053,2024,311417053,2,11,0,5,5,1,0,1,0,0,0,0,4,1,1,1,29,6,-1,-1,-1,-1,-1,-1,-1,0
Unvalidated,2024311417158,2024,311417158,1,19,0,18,8,4,0,1,0,0,0,0,1,1,1,1,34,6,-1,-1,-1,-1,4,1,E01028133,0
Unvalidated,2024311417158,2024,311417158,2,19,0,10,8,6,0,1,0,0,0,0,2,1,1,2,29,6,-1,-1,-1,-1,3,2,E01028338,0
Unvalidated,2024311417211,2024,311417211,1,9,0,9,5,4,0,6,0,0,0,0,1,1,2,1,74,10,-1,-1,-1,-1,9,2,E01028346,0
Unvalidated,2024311417211,2024,311417211,2,9,0,18,8,4,0,1,0,0,0,0,1,1,2,2,23,5,-1,-1,-1,-1,3,2,E01028297,0
Unvalidated,2024311417220,2024,311417220,1,9,0,5,1,5,0,0,0,0,1,0,4,1,5,2,36,7,-1,-1,-1,-1,4,1,E01013936,0
Unvalidated,2024311417220,2024,311417220,2,5,0,18,1,5,0,0,1,0,0,0,1,1,5,1,34,6,-1,-1,-1,-1,1,1,E01013940,0
Unvalidated,2024311417291,2024,311417291,1,3,0,5,1,5,0,8,0,0,0,0,1,1,6,1,21,5,-1,-1,-1,-1,5,1,E01028189,0
Unvalidated,2024311417291,2024,311417291,2,9,0,4,1,5,0,8,0,0,0,0,0,1,6,1,30,6,-1,-1,-1,-1,-1,-1,-1,0
Unvalidated,2024311417347,2024,311417347,1,5,0,4,7,3,0,0,1,0,0,0,1,1,6,1,60,9,-1,-1,-1,-1,5,1,E01027975,0
Unvalidated,2024311417434,2024,311417434,1,18,1,5,1,5,1,0,0,0,0,0,1,1,1,1,42,7,-1,-1,-1,-1,3,1,E01027931,0
Unvalidated,2024311417674,2024,311417674,1,9,0,18,8,4,0,0,0,0,0,0,1,1,6,1,40,7,-1,-1,-1,-1,-1,-1,-1,0
Unvalidated,2024311417674,2024,311417674,2,9,0,4,8,4,0,0,0,0,0,0,2,1,6,2,43,7,-1,-1,-1,-1,6,1,E01010200,0
Unvalidated,2024311417682,2024,311417682,1,21,1,1,6,2,6,0,0,0,0,0,2,2,1,1,31,6,-1,-1,-1,-1,-1,-1,-1,0
Unvalidated,2024311417682,2024,311417682,2,9,5,2,2,6,0,0,0,0,0,0,1,1,6,1,58,9,-1,-1,-1,-1,3,1,E01024497,0
Unvalidated,2024311417781,2024,311417781,1,1,0,5,5,1,0,2,0,0,0,0,2,1,2,1,20,4,-1,-1,-1,-1,1,1,E01013880,0
Unvalidated,2024311417781,2024,311417781,2,9,0,18,1,5,0,2,0,0,0,0,1,1,6,1,39,7,-1,-1,-1,-1,-1,-1,-1,0
Unvalidated,2024311417784,2024,311417784,1,9,0,18,1,5,0,0,0,0,0,0,4,2,6,1,35,6,-1,-1,-1,-1,2,1,E01013906,0
Unvalidated,2024311417784,2024,311417784,2,90,0,9,1,5,0,0,0,0,0,0,3,1,2,1,51,8,-1,-1,-1,-1,2,1,E01013900,0
Unvalidated,2024311417798,2024,311417798,1,9,0,18,5,5,0,0,0,0,0,0,1,1,3,2,47,8,-1,-1,-1,-1,1,1,E01013823,0
Unvalidated,2024311417798,2024,311417798,2,1,0,18,3,7,0,0,0,0,0,0,3,1,3,1,9,2,-1,-1,-1,-1,1,1,E01013823,0
Unvalidated,2024311417880,2024,311417880,1,9,0,18,1,5,0,0,1,0,1,0,1,1,5,1,38,7,-1,-1,-1,-1,-1,-1,-1,0
Unvalidated,2024311418000,2024,311418000,1,9,0,5,2,6,0,0,0,0,0,0,2,1,2,2,68,10,-1,-1,-1,-1,-1,-1,-1,0
Unvalidated,2024311418000,2024,311418000,2,5,0,18,2,6,0,0,0,0,0,0,1,1,2,1,39,7,-1,-1,-1,-1,-1,-1,-1,0
Unvalidated,2024311418072,2024,311418072,1,9,0,15,2,6,0,1,0,0,0,0,3,1,2,1,46,8,-1,-1,-1,-1,8,1,E01028118,0
Unvalidated,2024311418072,2024,311418072,2,5,0,9,2,6,0,1,1,0,0,0,2,1,6,1,39,7,-1,-1,-1,-1,1,1,E01027930,0
Unvalidated,2024311418221,2024,311418221,1,9,0,2,7,3,0,2,0,0,0,0,2,1,6,2,40,7,-1,-1,-1,-1,-1,-1,-1,0
Unvalidated,2024311418265,2024,311418265,1,9,0,9,3,7,0,1,0,0,0,0,3,1,6,1,19,4,-1,-1,-1,-1,-1,-1,-1,0
Unvalidated,2024311418265,2024,311418265,2,9,0,18,7,3,0,8,0,0,0,0,4,1,6,1,47,8,-1,-1,-1,-1,-1,-1,-1,0
Unvalidated,2024311418265,2024,311418265,3,9,0,18,7,3,0,8,0,0,0,0,1,1,6,1,43,7,-1,-1,-1,-1,-1,-1,-1,0
Unvalidated,2024311418268,2024,311418268,1,9,0,18,5,1,0,1,0,0,0,0,3,1,5,2,49,8,-1,-1,-1,-1,-1,-1,-1,0
Unvalidated,2024311418268,2024,311418268,2,9,0,9,2,8,0,1,0,0,0,0,1,1,6,1,67,10,-1,-1,-1,-1,8,1,E01007685,0
Unvalidated,2024311418348,2024,311418348,1,9,0,4,8,2,0,1,0,0,0,0,1,1,1,2,25,5,-1,-1,-1,-1,-1,-1,-1,0
Unvalidated,2024311418348,2024,311418348,2,9,0,9,3,4,0,8,0,0,0,0,1,1,6,3,-1,-1,-1,-1,-1,-1,-1,-1,-1,0
Unvalidated,2024311418416,2024,311418416,1,11,0,5,3,7,2,8,0,0,0,0,0,1,1,1,47,8,-1,-1,-1,-1,1,1,E01013920,0
Unvalidated,2024311418434,2024,311418434,1,21,0,12,2,3,0,0,0,0,0,0,1,1,1,1,-1,-1,-1,-1,-1,-1,8,3,E01029616,0
Unvalidated,2024311418434,2024,311418434,2,9,0,18,1,3,0,0,0,0,0,0,4,1,2,2,22,5,-1,-1,-1,-1,10,1,E01028404,0
Unvalidated,2024311418489,2024,311418489,1,8,0,5,3,7,0,0,0,0,0,0,2,1,1,1,40,7,-1,-1,-1,-1,2,1,E01028267,0
Unvalidated,2024311418609,2024,311418609,1,8,0,4,5,1,0,2,0,0,0,0,-1,1,1,1,-1,-1,-1,-1,-1,-1,-1,-1,-1,0
Unvalidated,2024311418675,2024,311418675,1,11,0,18,4,8,0,0,0,0,0,0,1,1,1,1,52,8,-1,-1,-1,-1,4,2,E01028380,0
Unvalidated,2024311418732,2024,311418732,1,9,0,10,1,3,0,1,0,0,0,0,1,1,5,2,35,6,-1,-1,-1,-1,-1,-1,-1,0
Unvalidated,2024311418732,2024,311418732,2,3,0,18,5,3,0,1,0,0,0,0,1,1,5,1,36,7,-1,-1,-1,-1,2,1,E01013908,0
Unvalidated,2024311418751,2024,311418751,1,11,0,18,1,5,0,0,0,0,0,0,0,1,1,1,74,10,-1,-1,-1,-1,-1,-1,-1,0
Unvalidated,2024311418755,2024,311418755,1,9,0,18,4,8,0,2,0,0,0,0,2,1,2,1,61,9,-1,-1,-1,-1,-1,-1,-1,0
Unvalidated,2024311418755,2024,311418755,2,9,0,18,4,8,0,2,0,0,0,0,1,1,6,1,-1,-1,-1,-1,-1,-1,-1,-1,-1,0
Unvalidated,2024311418761,2024,311418761,1,11,0,4,4,8,0,0,0,0,0,0,0,1,1,2,61,9,-1,-1,-1,-1,-1,-1,-1,0
Unvalidated,2024311418771,2024,311418771,1,19,0,14,3,7,0,0,0,0,0,0,1,2,5,1,35,6,-1,-1,-1,-1,9,3,E01028352,0
Unvalidated,2024311418797,2024,311418797,1,9,0,18,2,6,0,1,1,0,0,0,1,1,2,1,31,6,-1,-1,-1,-1,1,1,E01013820,0
Unvalidated,2024311418797,2024,311418797,2,9,0,9,4,2,0,7,0,0,0,0,3,1,6,1,67,10,-1,-1,-1,-1,1,1,E01013868,0
Unvalidated,2024311418797,2024,311418797,3,9,0,18,6,2,0,2,0,0,0,0,3,1,2,2,57,9,-1,-1,-1,-1,5,1,E01013831,0
Unvalidated,2024311418831,2024,311418831,1,9,0,6,3,3,0,1,0,0,0,0,3,1,6,1,42,7,-1,-1,-1,-1,2,1,E01013918,0
Unvalidated,2024311418831,2024,311418831,2,1,0,18,3,7,0,1,0,0,0,0,1,1,5,1,18,4,-1,-1,-1,-1,-1,-1,-1,0
Unvalidated,2024311418848,2024,311418848,1,9,0,4,4,8,0,3,0,0,0,0,2,1,5,1,27,6,-1,-1,-1,-1,1,1,E01013844,0
Unvalidated,2024311418848,2024,311418848,2,9,0,18,4,8,0,4,0,0,0,0,1,1,5,1,47,8,-1,-1,-1,-1,2,1,E01013832,0
Unvalidated,2024311418951,2024,311418951,1,90,0,18,-1,-1,9,0,0,0,0,0,1,1,6,1,42,7,-1,-1,-1,-1,1,1,E01013826,0
Unvalidated,2024311419071,2024,311419071,1,9,0,18,1,5,0,1,0,0,0,0,1,1,5,2,30,6,-1,-1,-1,-1,9,1,E01019857,0
Unvalidated,2024311419071,2024,311419071,2,98,0,5,7,5,0,8,0,0,0,0,4,1,1,1,21,5,-1,-1,-1,-1,2,1,E01013872,0
Unvalidated,2024311419103,2024,311419103,1,9,0,18,8,4,0,1,0,0,0,0,1,1,6,2,54,8,-1,-1,-1,-1,-1,-1,-1,0
Unvalidated,2024311419103,2024,311419103,2,9,0,9,4,1,0,1,0,0,0,0,1,1,5,1,32,6,-1,-1,-1,-1,-1,-1,-1,0
Unvalidated,2024311419151,2024,311419151,1,1,0,18,6,2,9,0,0,0,0,0,3,1,6,1,13,3,-1,-1,-1,-1,6,1,E01028273,0
Unvalidated,2024311419151,2024,311419151,2,9,0,18,6,2,0,0,0,0,0,0,4,1,6,2,67,10,-1,-1,-1,-1,1,1,E01028261,0
Unvalidated,2024311419544,2024,311419544,1,9,0,18,3,7,0,0,1,0,0,0,1,1,5,1,20,4,-1,-1,-1,-1,1,1,E01028066,0
Unvalidated,2024311419615,2024,311419615,1,5,0,3,4,8,0,1,0,0,0,0,1,1,1,1,78,11,-1,-1,-1,-1,8,2,E01026223,0
Unvalidated,2024311419615,2024,311419615,2,9,0,9,7,4,0,8,0,0,0,0,3,1,6,1,35,6,-1,-1,-1,-1,10,2,E01028328,0
Unvalidated,2024311419956,2024,311419956,1,9,0,9,5,3,0,6,0,0,0,0,4,1,5,1,41,7,-1,-1,-1,-1,1,1,E01013839,0
Unvalidated,2024311419956,2024,311419956,2,8,0,18,7,3,0,1,0,0,0,0,1,1,1,1,51,8,-1,-1,-1,-1,-1,-1,-1,0
Unvalidated,2024311420013,2024,311420013,1,9,0,18,7,3,0,0,0,0,0,0,1,1,6,1,34,6,-1,-1,-1,-1,6,1,E01028076,0
Unvalidated,2024311420013,2024,311420013,2,8,0,3,7,3,0,0,0,0,0,0,2,1,1,1,46,8,-1,-1,-1,-1,1,1,E01013849,0
Unvalidated,2024311420026,2024,311420026,1,9,0,3,5,1,0,0,0,11,0,0,1,1,6,1,51,8,-1,-1,-1,-1,-1,-1,-1,0
Unvalidated,2024311420026,2024,311420026,2,9,0,3,5,1,0,0,0,0,0,0,2,1,6,1,29,6,-1,-1,-1,-1,-1,-1,-1,0
Unvalidated,2024311420026,2024,311420026,3,19,0,14,5,1,0,0,0,11,0,0,1,1,6,1,21,5,-1,-1,-1,-1,-1,-1,-1,0
Unvalidated,2024311420042,2024,311420042,1,9,0,18,7,3,0,0,2,11,7,0,1,1,5,2,37,7,-1,-1,-1,-1,2,1,E01013852,0
Unvalidated,2024311420043,2024,311420043,1,9,0,12,5,1,0,4,0,0,0,0,3,1,6,1,50,8,-1,-1,-1,-1,-1,-1,-1,0
Unvalidated,2024311420043,2024,311420043,2,9,0,18,5,1,0,3,0,0,0,0,4,1,6,2,42,7,-1,-1,-1,-1,-1,-1,-1,0
Unvalidated,2024311420230,2024,311420230,1,9,0,4,3,7,0,0,0,0,0,0,1,1,6,1,21,5,-1,-1,-1,-1,-1,-1,-1,0
Unvalidated,2024311420230,2024,311420230,2,9,0,4,7,3,0,0,0,0,0,0,1,1,6,2,48,8,-1,-1,-1,-1,-1,-1,-1,0
Unvalidated,2024311420230,2024,311420230,3,9,0,4,7,3,0,0,0,0,0,0,1,1,6,2,44,7,-1,-1,-1,-1,-1,-1,-1,0
Unvalidated,2024311420230,2024,311420230,4,9,0,4,7,3,0,0,0,0,0,0,1,1,6,1,26,6,-1,-1,-1,-1,-1,-1,-1,0
Unvalidated,2024311420230,2024,311420230,5,9,0,4,7,3,0,0,0,0,0,0,2,1,6,2,55,8,-1,-1,-1,-1,-1,-1,-1,0
Unvalidated,2024311420230,2024,311420230,6,9,0,4,7,3,0,0,0,0,0,0,0,1,6,1,45,7,-1,-1,-1,-1,-1,-1,-1,0
Unvalidated,2024311420298,2024,311420298,1,9,0,18,7,3,0,0,2,0,8,4,1,1,6,1,52,8,-1,-1,-1,-1,1,1,E01027965,0
Unvalidated,2024311420402,2024,311420402,1,98,0,18,2,6,0,0,0,0,0,0,0,1,6,3,-1,-1,-1,-1,-1,-1,-1,-1,-1,0
Unvalidated,2024311420402,2024,311420402,2,1,0,18,2,6,0,0,5,0,1,10,3,1,2,1,37,7,-1,-1,-1,-1,6,1,E01028100,0
Unvalidated,2024311420449,2024,311420449,1,9,0,18,3,7,0,0,0,0,0,0,2,1,1,1,30,6,-1,-1,-1,-1,2,1,E01013845,0
Unvalidated,2024311420449,2024,311420449,2,19,0,18,3,7,0,0,0,0,0,0,1,1,2,3,-1,-1,-1,-1,-1,-1,-1,-1,-1,0
Unvalidated,2024311420622,2024,311420622,1,98,0,18,6,2,0,1,0,0,0,0,1,1,1,1,54,8,-1,-1,-1,-1,8,1,E01028375,0
Unvalidated,2024311420622,2024,311420622,2,9,0,3,6,2,0,1,0,0,0,0,2,1,2,1,35,6,-1,-1,-1,-1,-1,-1,-1,0
Unvalidated,2024311420647,2024,311420647,1,90,0,18,-1,-1,-1,0,0,0,0,0,0,1,6,1,35,6,-1,-1,-1,-1,3,1,E01028212,0
Unvalidated,2024311420676,2024,311420676,1,9,0,9,7,5,0,5,0,0,0,0,1,1,6,1,30,6,-1,-1,-1,-1,-1,-1,-1,0
Unvalidated,2024311420694,2024,311420694,1,9,0,18,2,6,0,0,0,0,0,0,1,1,6,1,36,7,-1,-1,-1,-1,3,2,E01028224,0
Unvalidated,2024311420694,2024,311420694,2,9,0,10,2,6,0,0,0,0,0,0,2,1,6,2,33,6,-1,-1,-1,-1,7,1,E01028240,0
Unvalidated,2024311420777,2024,311420777,1,9,0,18,6,2,0,1,0,0,0,0,1,1,6,1,34,6,-1,-1,-1,-1,4,2,E01028260,0
Unvalidated,2024311420777,2024,311420777,2,9,0,10,6,4,0,1,0,0,0,0,2,1,6,2,37,7,-1,-1,-1,-1,3,2,E01028257,0
Unvalidated,2024311420911,2024,311420911,1,11,0,18,6,2,0,8,0,0,0,0,1,1,1,1,39,7,-1,-1,-1,-1,1,1,E01028268,0
Unvalidated,2024311421019,2024,311421019,1,9,0,18,3,7,0,0,0,0,0,0,1,1,6,2,30,6,-1,-1,-1,-1,4,1,E01028249,0
Unvalidated,2024311421065,2024,311421065,1,9,0,18,7,3,0,1,0,0,0,0,1,1,2,1,32,6,-1,-1,-1,-1,7,1,E01028293,0
Unvalidated,2024311421093,2024,311421093,1,19,0,2,7,4,9,2,0,0,0,0,2,1,1,1,32,6,-1,-1,-1,-1,2,1,E01013852,0
Unvalidated,2024311421093,2024,311421093,2,9,0,9,7,4,0,2,0,0,0,0,1,1,3,2,52,8,-1,-1,-1,-1,2,1,E01013853,0
Unvalidated,2024311421135,2024,311421135,1,9,0,5,2,4,0,6,0,0,0,0,1,1,1,2,56,9,-1,-1,-1,-1,6,1,E01027971,0
Unvalidated,2024311421194,2024,311421194,1,9,0,18,6,2,0,0,0,0,0,0,4,1,5,1,20,4,-1,-1,-1,-1,4,1,E01023534,0
Unvalidated,2024311421194,2024,311421194,2,9,0,18,6,2,0,0,0,0,0,0,3,1,6,1,32,6,-1,-1,-1,-1,10,1,E01028139,0
Unvalidated,2024311421265,2024,311421265,1,9,0,18,7,3,9,0,0,0,7,10,1,1,6,1,38,7,-1,-1,-1,-1,5,1,E01028092,0
Unvalidated,2024311421467,2024,311421467,1,9,0,18,1,4,0,0,0,0,0,0,1,1,2,2,48,8,-1,-1,-1,-1,3,2,E01028340,0
Unvalidated,2024311421467,2024,311421467,2,9,0,5,1,4,0,0,0,0,0,0,2,1,2,1,37,7,-1,-1,-1,-1,3,2,E01028339,0
Unvalidated,2024311421477,2024,311421477,1,9,0,4,2,6,9,0,0,0,0,0,1,1,6,1,-1,-1,-1,-1,-1,-1,-1,-1,-1,0
Unvalidated,2024311421477,2024,311421477,2,9,0,2,0,0,0,0,0,0,0,0,2,1,6,1,52,8,-1,-1,-1,-1,3,1,E01013934,0
Unvalidated,2024311421572,2024,311421572,203,9,0,18,5,1,9,0,0,0,7,10,1,1,6,1,49,8,-1,-1,-1,-1,8,1,E01028047,0
Unvalidated,2024311421677,2024,311421677,1,9,0,18,6,6,0,0,0,0,0,0,2,1,6,2,38,7,-1,-1,-1,-1,-1,-1,-1,0