status,collision_index,collision_year,collision_reference,vehicle_reference,vehicle_type,towing_and_articulation,vehicle_manoeuvre,vehicle_direction_from,vehicle_direction_to,vehicle_location_restricted_lane,junction_location,skidding_and_overturning,hit_object_in_carriageway,vehicle_leaving_carriageway,hit_object_off_carriageway,first_point_of_impact,vehicle_left_hand_drive,journey_purpose_of_driver,sex_of_driver,age_of_driver,age_band_of_driver,engine_capacity_cc,propulsion_code,age_of_vehicle,generic_make_model,driver_imd_decile,driver_home_area_type,lsoa_of_driver,escooter_flag
Unvalidated,2024311421677,2024,311421677,2,8,0,18,6,6,0,0,0,0,0,0,1,1,2,1,44,7,-1,-1,-1,-1,2,1,E01013905,0
Unvalidated,2024311421677,2024,311421677,3,9,0,18,1,8,0,0,0,0,0,0,1,1,5,2,21,5,-1,-1,-1,-1,2,1,E01027980,0
Unvalidated,2024311421698,2024,311421698,1,9,0,9,1,5,0,4,0,0,0,0,0,1,6,3,-1,-1,-1,-1,-1,-1,-1,-1,-1,0
Unvalidated,2024311421698,2024,311421698,2,5,0,9,1,5,0,3,2,0,0,0,0,1,6,1,26,6,-1,-1,-1,-1,4,1,E01028272,0
Unvalidated,2024311421758,2024,311421758,1,1,0,18,3,7,0,6,0,0,0,0,4,1,5,1,18,4,-1,-1,-1,-1,-1,-1,-1,0
Unvalidated,2024311421758,2024,311421758,2,9,0,18,1,3,0,1,0,0,0,0,1,1,5,1,34,6,-1,-1,-1,-1,6,1,E01028075,0
Unvalidated,2024311422018,2024,311422018,1,9,0,18,4,8,0,8,0,0,0,0,3,1,6,1,32,6,-1,-1,-1,-1,-1,-1,-1,0
Unvalidated,2024311422018,2024,311422018,2,1,0,18,2,6,0,1,5,0,0,0,1,1,2,1,27,6,-1,-1,-1,-1,-1,-1,-1,0
Unvalidated,2024311422058,2024,311422058,1,9,0,18,2,6,0,4,0,0,0,0,1,1,3,2,33,6,-1,-1,-1,-1,-1,-1,-1,0
Unvalidated,2024311422058,2024,311422058,2,21,0,5,6,2,0,3,0,0,0,0,2,1,1,1,44,7,-1,-1,-1,-1,-1,-1,-1,0
Unvalidated,2024311422210,2024,311422210,1,9,0,5,7,3,0,0,0,0,0,0,3,1,6,2,57,9,-1,-1,-1,-1,6,2,E01028326,0
Unvalidated,2024311422210,2024,311422210,2,1,0,18,3,7,0,0,0,0,0,0,1,1,5,1,57,9,-1,-1,-1,-1,2,1,E01028304,0
Unvalidated,2024311422220,2024,311422220,1,9,0,18,8,4,0,1,0,0,0,0,1,1,2,2,33,6,-1,-1,-1,-1,-1,-1,-1,0
Unvalidated,2024311422492,2024,311422492,1,9,0,18,5,1,0,1,0,4,0,0,1,1,5,1,74,10,-1,-1,-1,-1,5,1,E01027998,0
Unvalidated,2024311422511,2024,311422511,1,9,0,9,5,2,0,2,0,0,7,0,2,1,5,1,46,8,-1,-1,-1,-1,3,1,E01026323,0
Unvalidated,2024311422511,2024,311422511,2,9,0,18,7,3,0,1,0,0,1,0,1,1,6,1,58,9,-1,-1,-1,-1,8,3,E01027999,0
Unvalidated,2024311422581,2024,311422581,1,9,0,7,3,6,0,8,0,0,0,0,3,1,5,1,17,4,-1,-1,-1,-1,7,1,E01027984,0
Unvalidated,2024311422581,2024,311422581,2,9,0,18,2,7,0,8,0,0,0,0,1,1,6,2,23,5,-1,-1,-1,-1,6,1,E01028273,0
Unvalidated,2024311422627,2024,311422627,1,4,0,3,4,7,0,1,0,0,0,0,2,1,1,1,49,8,-1,-1,-1,-1,-1,-1,-1,0
Unvalidated,2024311422627,2024,311422627,2,9,0,18,4,7,0,4,0,0,0,0,1,2,1,2,24,5,-1,-1,-1,-1,-1,-1,-1,0
Unvalidated,2024311422645,2024,311422645,1,9,0,9,8,5,0,3,0,0,0,0,3,1,6,1,77,11,-1,-1,-1,-1,10,2,E01028359,0
Unvalidated,2024311422809,2024,311422809,1,9,0,4,3,7,0,0,0,0,0,0,0,1,1,1,46,8,-1,-1,-1,-1,1,1,E01013962,0
Unvalidated,2024311422933,2024,311422933,1,9,0,18,6,2,0,0,0,0,1,0,2,1,1,1,36,7,-1,-1,-1,-1,7,3,E01027647,0
Unvalidated,2024311422933,2024,311422933,2,9,0,18,2,6,0,0,0,0,0,0,1,1,6,3,-1,-1,-1,-1,-1,-1,-1,-1,-1,0
Unvalidated,2024311423013,2024,311423013,1,9,0,18,3,3,0,0,0,0,3,0,1,1,5,2,67,10,-1,-1,-1,-1,8,2,E01028358,0
Unvalidated,2024311423013,2024,311423013,2,9,0,18,1,1,0,0,1,7,4,0,2,1,2,1,46,8,-1,-1,-1,-1,2,1,E01013907,0
Unvalidated,2024311423032,2024,311423032,1,9,0,7,3,8,0,1,0,0,1,0,4,1,1,2,45,7,-1,-1,-1,-1,9,1,E01028241,0
Unvalidated,2024311423032,2024,311423032,2,9,0,10,6,3,0,6,0,0,1,0,1,1,6,2,17,4,-1,-1,-1,-1,5,1,E01028242,0
Unvalidated,2024311423053,2024,311423053,1,9,0,1,6,2,0,1,0,0,0,0,2,1,6,3,-1,-1,-1,-1,-1,-1,-1,-1,-1,0
Unvalidated,2024311423124,2024,311423124,1,1,0,18,6,2,0,1,1,0,0,0,1,1,6,1,-1,-1,-1,-1,-1,-1,-1,-1,-1,0
Unvalidated,2024311423289,2024,311423289,1,90,0,18,-1,-1,0,8,0,0,0,0,-1,1,5,1,33,6,-1,-1,-1,-1,-1,-1,-1,0
Unvalidated,2024311423289,2024,311423289,2,9,0,-1,-1,-1,0,6,0,0,0,0,-1,1,6,1,-1,-1,-1,-1,-1,-1,-1,-1,-1,0
Unvalidated,2024311423380,2024,311423380,1,9,0,18,8,4,1,6,0,0,0,0,3,1,6,1,30,6,-1,-1,-1,-1,3,1,E01004760,0
Unvalidated,2024311423380,2024,311423380,2,18,1,18,6,2,1,1,0,0,0,0,1,1,1,2,26,6,-1,-1,-1,-1,-1,-1,-1,0
Unvalidated,2024311423488,2024,311423488,1,11,0,18,4,8,0,0,0,0,0,0,0,1,1,1,53,8,-1,-1,-1,-1,1,1,E01019452,0
Unvalidated,2024311423659,2024,311423659,1,1,0,18,2,6,0,1,0,0,0,0,1,1,2,1,55,8,-1,-1,-1,-1,-1,-1,-1,0
Unvalidated,2024311423659,2024,311423659,2,9,0,9,7,6,0,6,0,0,0,0,1,1,6,2,40,7,-1,-1,-1,-1,-1,-1,-1,0
Unvalidated,2024311423682,2024,311423682,1,21,5,18,3,7,0,0,0,0,0,0,1,1,1,3,-1,-1,-1,-1,-1,-1,-1,-1,-1,0
Unvalidated,2024311423683,2024,311423683,1,9,0,18,4,8,0,0,0,0,0,0,2,1,6,2,32,6,-1,-1,-1,-1,-1,-1,-1,0
Unvalidated,2024311423683,2024,311423683,2,3,0,18,4,8,0,0,0,0,0,0,1,1,6,1,43,7,-1,-1,-1,-1,-1,-1,-1,0
Unvalidated,2024311423685,2024,311423685,1,9,0,18,4,8,0,1,0,0,0,0,1,1,6,3,-1,-1,-1,-1,-1,-1,-1,-1,-1,0
Unvalidated,2024311423685,2024,311423685,2,90,0,18,1,5,0,1,0,0,0,0,-1,1,6,1,15,3,-1,-1,-1,-1,10,1,E01028218,0
Unvalidated,2024311423781,2024,311423781,1,9,0,18,3,7,0,0,0,0,0,0,1,1,5,1,28,6,-1,-1,-1,-1,4,1,E01027996,0
Unvalidated,2024311423781,2024,311423781,2,23,0,18,5,1,0,0,0,0,0,0,1,1,5,1,19,4,-1,-1,-1,-1,6,1,E01027948,0
Unvalidated,2024311423952,2024,311423952,1,9,0,18,1,5,0,2,0,0,0,0,2,1,5,2,32,6,-1,-1,-1,-1,-1,-1,-1,0
Unvalidated,2024311423952,2024,311423952,2,9,0,9,3,1,0,1,0,0,0,0,1,1,5,2,24,5,-1,-1,-1,-1,-1,-1,-1,0
Unvalidated,2024311424028,2024,311424028,1,18,0,18,1,5,1,1,0,0,0,0,1,1,1,1,61,9,-1,-1,-1,-1,1,1,E01013833,0
Unvalidated,2024311424270,2024,311424270,1,11,0,4,6,2,0,1,0,0,0,0,4,1,1,1,57,9,-1,-1,-1,-1,1,1,E01013920,0
Unvalidated,2024311424286,2024,311424286,1,9,0,18,2,6,0,2,1,0,2,0,1,1,5,1,21,5,-1,-1,-1,-1,3,1,E01013863,0
Unvalidated,2024311424388,2024,311424388,1,9,0,9,6,4,0,8,0,0,0,0,4,1,2,1,50,8,-1,-1,-1,-1,1,1,E01013862,0
Unvalidated,2024311424388,2024,311424388,2,90,0,18,8,4,0,8,0,0,0,0,1,1,2,1,42,7,-1,-1,-1,-1,1,1,E01013866,0
Unvalidated,2024311424655,2024,311424655,1,21,1,10,1,5,0,1,0,0,0,0,1,1,5,1,47,8,-1,-1,-1,-1,2,1,E01007593,0
Unvalidated,2024311424713,2024,311424713,1,9,0,7,5,7,0,2,0,0,0,0,4,1,5,2,18,4,-1,-1,-1,-1,1,1,E01013817,0
Unvalidated,2024311424751,2024,311424751,1,9,0,18,1,7,0,1,1,7,7,1,1,1,6,1,34,6,-1,-1,-1,-1,3,1,E01027964,0
Unvalidated,2024311424854,2024,311424854,1,3,0,18,6,2,0,8,0,0,0,0,1,1,6,1,21,5,-1,-1,-1,-1,5,2,E01028362,0
Unvalidated,2024311424854,2024,311424854,2,9,0,9,4,6,0,1,0,0,0,0,1,1,5,2,29,6,-1,-1,-1,-1,-1,-1,-1,0
Unvalidated,2024311424861,2024,311424861,1,9,0,9,4,2,0,8,0,0,0,0,2,1,6,2,36,7,-1,-1,-1,-1,4,1,E01028165,0
Unvalidated,2024311424895,2024,311424895,1,19,0,18,6,2,0,8,0,0,0,0,3,1,5,1,38,7,-1,-1,-1,-1,1,1,E01013954,0
Unvalidated,2024311424895,2024,311424895,2,19,0,9,4,2,0,6,0,0,0,0,1,1,1,1,41,7,-1,-1,-1,-1,3,1,E01013873,0
Unvalidated,2024311424918,2024,311424918,1,9,0,9,5,4,0,8,0,0,0,0,3,1,6,2,18,4,-1,-1,-1,-1,7,1,E01028085,0
Unvalidated,2024311424918,2024,311424918,2,9,0,18,1,1,0,1,0,0,0,0,1,1,6,1,51,8,-1,-1,-1,-1,9,1,E01028095,0
Unvalidated,2024311424972,2024,311424972,1,90,0,18,3,5,9,0,0,0,0,0,1,1,6,1,-1,-1,-1,-1,-1,-1,-1,-1,-1,0
Unvalidated,2024311425022,2024,311425022,1,9,0,4,7,3,0,0,0,7,1,0,1,1,6,2,51,8,-1,-1,-1,-1,2,1,E01027952,0
Unvalidated,2024311425047,2024,311425047,1,9,0,18,2,6,0,8,0,0,0,0,3,1,6,1,40,7,-1,-1,-1,-1,8,1,E01027959,0
Unvalidated,2024311425047,2024,311425047,2,9,0,18,8,4,0,8,0,0,0,0,1,1,6,2,19,4,-1,-1,-1,-1,8,1,E01028190,0
Unvalidated,2024311425168,2024,311425168,1,9,0,18,1,5,0,0,0,0,0,0,4,1,6,2,58,9,-1,-1,-1,-1,-1,-1,-1,0
Unvalidated,2024311425177,2024,311425177,1,9,0,3,3,5,9,0,0,0,0,0,1,1,5,3,34,6,-1,-1,-1,-1,3,1,E01028062,0
Unvalidated,2024311425227,2024,311425227,1,9,0,9,8,5,0,6,0,0,0,0,1,1,6,1,32,6,-1,-1,-1,-1,3,1,E01013932,0
Unvalidated,2024311425227,2024,311425227,2,9,0,9,5,2,0,1,0,0,0,0,4,1,5,1,38,7,-1,-1,-1,-1,-1,-1,-1,0
Unvalidated,2024311425243,2024,311425243,1,9,0,1,2,6,0,1,0,0,0,0,1,1,6,3,95,11,-1,-1,-1,-1,10,2,E01028414,0
Unvalidated,2024311425243,2024,311425243,2,9,0,2,2,7,0,1,0,0,0,0,2,1,6,2,68,10,-1,-1,-1,-1,4,1,E01013903,0
Unvalidated,2024311425273,2024,311425273,1,11,0,14,5,1,0,0,0,0,0,0,0,1,1,1,21,5,-1,-1,-1,-1,1,1,E01013920,0
Unvalidated,2024311425273,2024,311425273,2,9,0,18,1,5,0,0,0,0,0,0,0,1,6,3,35,6,-1,-1,-1,-1,-1,-1,-1,0
Unvalidated,2024311425536,2024,311425536,1,11,0,4,3,7,0,0,0,0,0,0,0,1,1,1,33,6,-1,-1,-1,-1,-1,-1,-1,0
Unvalidated,2024311425597,2024,311425597,1,9,0,18,6,2,0,1,0,0,0,0,1,1,2,1,52,8,-1,-1,-1,-1,1,1,E01013480,0
Unvalidated,2024311425597,2024,311425597,2,9,0,18,3,8,0,2,0,0,0,0,4,1,5,1,38,7,-1,-1,-1,-1,1,1,E01013959,0
Unvalidated,2024311425603,2024,311425603,1,98,0,18,1,5,0,0,0,0,0,0,1,1,1,1,33,6,-1,-1,-1,-1,6,1,E01013476,0
Unvalidated,2024311425609,2024,311425609,1,9,0,18,1,5,0,4,1,0,3,0,1,1,6,1,36,7,-1,-1,-1,-1,7,1,E01012064,0
Unvalidated,2024311425792,2024,311425792,1,11,0,5,1,4,0,0,0,0,0,0,1,1,1,1,61,9,-1,-1,-1,-1,-1,-1,-1,0
Unvalidated,2024311425843,2024,311425843,1,9,0,4,4,8,0,0,0,0,0,0,2,1,6,1,30,6,-1,-1,-1,-1,-1,-1,-1,0
Unvalidated,2024311425843,2024,311425843,2,98,0,18,4,8,0,0,0,0,0,0,1,1,1,1,30,6,-1,-1,-1,-1,1,1,E01027930,0
Unvalidated,2024311425922,2024,311425922,1,3,0,18,5,1,0,1,0,0,0,0,1,1,3,1,17,4,-1,-1,-1,-1,-1,-1,-1,0
Unvalidated,2024311425949,2024,311425949,1,9,0,4,3,7,0,0,0,0,0,0,2,1,2,2,58,9,-1,-1,-1,-1,-1,-1,-1,0
Unvalidated,2024311425949,2024,311425949,2,3,0,18,3,7,0,0,5,0,0,0,1,1,2,1,18,4,-1,-1,-1,-1,-1,-1,-1,0
Unvalidated,2024311425951,2024,311425951,1,11,0,2,1,4,2,1,0,0,0,0,0,1,1,2,40,7,-1,-1,-1,-1,1,1,E01013920,0
Unvalidated,2024311425952,2024,311425952,1,1,0,3,7,3,0,1,0,0,0,0,2,1,6,1,31,6,-1,-1,-1,-1,-1,-1,-1,0
Unvalidated,2024311425952,2024,311425952,2,8,0,18,7,3,0,1,0,0,0,0,4,1,1,1,45,7,-1,-1,-1,-1,-1,-1,-1,0
Unvalidated,2024311425966,2024,311425966,1,9,0,18,2,6,0,0,1,4,1,0,1,1,5,1,81,11,-1,-1,-1,-1,2,1,E01013870,0
Unvalidated,2024311425966,2024,311425966,2,9,0,2,4,2,0,0,0,0,1,2,4,1,6,3,-1,-1,-1,-1,-1,-1,-1,-1,-1,0
Unvalidated,2024311425991,2024,311425991,1,9,0,18,6,2,0,0,0,0,0,0,1,1,5,1,78,11,-1,-1,-1,-1,9,3,E01028213,0
Unvalidated,2024311425991,2024,311425991,2,9,0,7,4,7,0,0,0,0,0,0,1,1,6,1,20,4,-1,-1,-1,-1,9,3,E01028332,0
Unvalidated,2024311425991,2024,311425991,3,9,0,18,3,7,0,0,0,0,0,0,1,1,2,1,58,9,-1,-1,-1,-1,9,3,E01028213,0
Unvalidated,2024311426052,2024,311426052,1,9,0,12,7,3,0,4,0,0,0,0,1,2,6,1,23,5,-1,-1,-1,-1,-1,-1,-1,0
Unvalidated,2024311426052,2024,311426052,2,9,0,4,7,3,0,4,0,0,0,0,2,2,6,2,33,6,-1,-1,-1,-1,-1,-1,-1,0
Unvalidated,2024311426059,2024,311426059,1,9,0,5,3,7,0,6,0,0,0,0,1,2,6,2,39,7,-1,-1,-1,-1,1,1,E01013861,0
Unvalidated,2024311426059,2024,311426059,2,9,0,18,5,2,0,8,0,0,0,0,1,2,6,1,22,5,-1,-1,-1,-1,2,1,E01013835,0
Unvalidated,2024311426108,2024,311426108,1,9,0,18,4,8,0,8,0,0,0,0,1,1,6,1,-1,-1,-1,-1,-1,-1,-1,-1,-1,0
Unvalidated,2024311426113,2024,311426113,1,9,0,18,6,2,0,0,5,0,1,4,1,1,6,2,58,9,-1,-1,-1,-1,5,1,E01027945,0
Unvalidated,2024311426135,2024,311426135,1,9,0,18,1,5,0,8,0,0,0,0,3,1,6,1,17,4,-1,-1,-1,-1,2,1,E01013957,0
Unvalidated,2024311426135,2024,311426135,2,9,0,18,7,3,0,8,0,0,0,0,1,1,6,1,49,8,-1,-1,-1,-1,4,1,E01027960,0
Unvalidated,2024311426191,2024,311426191,1,3,0,18,5,1,0,1,0,0,0,0,3,1,2,1,26,6,-1,-1,-1,-1,3,1,E01033401,0
Unvalidated,2024311426191,2024,311426191,2,9,0,2,5,1,0,1,0,0,0,0,4,1,6,2,36,7,-1,-1,-1,-1,1,1,E01013942,0
Unvalidated,2024311426192,2024,311426192,1,9,0,12,5,1,0,1,0,0,0,0,2,1,6,2,37,7,-1,-1,-1,-1,10,1,E01026359,0
Unvalidated,2024311426192,2024,311426192,2,9,0,18,5,1,0,1,0,0,0,0,1,1,6,2,21,5,-1,-1,-1,-1,5,1,E01013931,0
Unvalidated,2024311426197,2024,311426197,1,9,0,9,1,6,0,5,0,0,0,0,4,1,5,2,30,6,-1,-1,-1,-1,-1,-1,-1,0
Unvalidated,2024311426197,2024,311426197,2,1,0,18,8,4,0,8,1,0,0,0,1,1,6,1,31,6,-1,-1,-1,-1,6,1,E01013928,0
Unvalidated,2024311426276,2024,311426276,1,9,0,18,7,3,0,0,0,4,0,0,4,1,6,2,32,6,-1,-1,-1,-1,-1,1,-1,0
Unvalidated,2024311426276,2024,311426276,2,9,0,2,0,0,0,0,0,0,0,0,3,1,5,2,44,7,-1,-1,-1,-1,3,1,E01013929,0
Unvalidated,2024311426276,2024,311426276,3,9,0,2,0,0,0,0,0,0,0,0,2,1,5,2,51,8,-1,-1,-1,-1,7,1,E01028293,0
Unvalidated,2024311426276,2024,311426276,4,9,0,2,0,0,0,0,0,0,0,0,2,1,5,2,42,7,-1,-1,-1,-1,7,1,E01028125,0
Unvalidated,2024311426318,2024,311426318,1,9,0,18,5,1,0,0,0,4,0,0,3,1,1,2,47,8,-1,-1,-1,-1,-1,-1,-1,0
Unvalidated,2024311426318,2024,311426318,2,9,0,2,0,0,0,0,0,0,0,0,4,1,6,3,-1,-1,-1,-1,-1,-1,-1,-1,-1,0
Unvalidated,2024311426318,2024,311426318,3,9,0,2,0,0,0,0,0,0,0,0,4,1,6,3,-1,-1,-1,-1,-1,-1,-1,-1,-1,0
Unvalidated,2024311426318,2024,311426318,4,9,0,2,0,0,0,0,0,0,0,0,4,1,6,3,-1,-1,-1,-1,-1,-1,-1,-1,-1,0
Unvalidated,2024311426341,2024,311426341,1,9,0,18,2,2,0,1,0,0,0,0,1,1,6,1,52,8,-1,-1,-1,-1,8,1,E01028246,0
Unvalidated,2024311426341,2024,311426341,2,9,0,18,6,6,0,1,0,0,0,0,3,1,6,1,19,4,-1,-1,-1,-1,6,2,E01028283,0
Unvalidated,2024311426362,2024,311426362,1,9,0,1,1,4,0,2,0,0,0,0,2,1,5,1,30,6,-1,-1,-1,-1,1,1,E01013820,0
Unvalidated,2024311426362,2024,311426362,2,9,0,18,1,4,0,1,0,0,0,0,1,1,6,1,40,7,-1,-1,-1,-1,1,1,E01013823,0
Unvalidated,2024311426375,2024,311426375,1,19,0,18,-1,-1,0,0,0,0,0,0,1,1,6,1,-1,-1,-1,-1,-1,-1,-1,-1,-1,0
Unvalidated,2024311426476,2024,311426476,1,9,0,1,7,2,0,0,0,0,0,0,2,1,6,3,-1,-1,-1,-1,-1,-1,-1,-1,-1,0
Unvalidated,2024311426476,2024,311426476,2,9,0,18,6,2,0,0,0,0,0,0,3,1,6,1,62,9,-1,-1,-1,-1,2,1,E01013886,0
Unvalidated,2024311426477,2024,311426477,1,9,0,13,2,6,0,0,0,0,0,0,4,1,6,1,22,5,-1,-1,-1,-1,10,1,E01028218,0
Unvalidated,2024311426477,2024,311426477,2,9,0,18,2,6,0,0,0,0,0,0,1,1,6,1,35,6,-1,-1,-1,-1,1,1,E01013864,0
Unvalidated,2024311426575,2024,311426575,1,9,0,4,3,7,0,0,0,4,0,0,1,1,6,3,-1,-1,-1,-1,-1,-1,-1,-1,-1,0
Unvalidated,2024311426575,2024,311426575,2,9,0,2,0,0,0,0,0,0,0,0,3,1,5,2,47,8,-1,-1,-1,-1,4,1,E01028239,0
Unvalidated,2024311426652,2024,311426652,1,19,0,18,8,4,0,1,0,0,0,0,4,1,6,1,41,7,-1,-1,-1,-1,4,2,E01028343,0
Unvalidated,2024311426652,2024,311426652,2,9,0,12,8,4,0,1,0,0,0,0,3,1,6,2,20,4,-1,-1,-1,-1,3,2,E01028297,0
Unvalidated,2024311426767,2024,311426767,1,9,0,7,3,6,0,1,0,0,0,0,3,1,6,1,24,5,-1,-1,-1,-1,1,1,E01013820,0
Unvalidated,2024311426767,2024,311426767,2,9,0,18,2,6,0,8,0,0,0,0,1,1,6,2,71,10,-1,-1,-1,-1,3,1,E01028166,0
Unvalidated,2024311426788,2024,311426788,1,9,0,9,6,2,0,8,0,10,0,0,1,1,5,1,26,6,-1,-1,-1,-1,6,1,E01028100,0
Unvalidated,2024311426788,2024,311426788,2,9,0,18,2,6,0,2,0,0,0,0,1,1,5,1,55,8,-1,-1,-1,-1,6,1,E01013894,0
Unvalidated,2024311426839,2024,311426839,1,5,0,18,1,5,0,0,5,10,5,6,3,1,5,1,29,6,-1,-1,-1,-1,8,1,E01028131,0
Unvalidated,2024311426886,2024,311426886,1,9,0,18,5,1,0,0,0,0,0,0,2,1,5,1,21,5,-1,-1,-1,-1,-1,-1,-1,0
Unvalidated,2024311426886,2024,311426886,2,9,0,18,5,1,0,0,0,0,0,0,1,1,5,2,20,4,-1,-1,-1,-1,-1,-1,-1,0
Unvalidated,2024311426886,2024,311426886,3,9,0,18,5,1,0,0,0,0,0,0,1,1,5,1,58,9,-1,-1,-1,-1,-1,-1,-1,0
Unvalidated,2024311426886,2024,311426886,4,9,0,18,5,1,0,0,0,0,0,0,1,1,5,2,29,6,-1,-1,-1,-1,-1,-1,-1,0
Unvalidated,2024311426910,2024,311426910,1,11,0,18,1,5,0,0,0,0,0,0,0,1,1,2,40,7,-1,-1,-1,-1,-1,-1,-1,0
Unvalidated,2024311426950,2024,311426950,1,9,0,18,3,7,0,8,0,0,0,0,1,1,6,1,40,7,-1,-1,-1,-1,8,1,E01028138,0
Unvalidated,2024311426950,2024,311426950,2,9,0,9,5,3,0,6,0,0,0,0,3,1,6,1,59,9,-1,-1,-1,-1,4,1,E01028130,0
Unvalidated,2024311426953,2024,311426953,1,9,0,18,1,5,6,0,1,0,1,6,4,1,2,1,33,6,-1,-1,-1,-1,6,1,E01027970,0
Unvalidated,2024311427084,2024,311427084,1,9,0,18,7,7,0,0,0,0,0,0,1,1,6,1,33,6,-1,-1,-1,-1,1,1,E01011780,0
Unvalidated,2024311427084,2024,311427084,2,9,0,9,7,7,0,0,0,0,1,0,2,1,1,2,42,7,-1,-1,-1,-1,6,1,E01028048,0
Unvalidated,2024311427253,2024,311427253,1,9,0,7,1,7,0,0,0,0,0,0,2,1,5,2,61,9,-1,-1,-1,-1,8,3,E01017411,0
Unvalidated,2024311427253,2024,311427253,2,3,0,18,7,7,0,0,0,0,0,0,1,1,2,1,42,7,-1,-1,-1,-1,1,1,E01013818,0
Unvalidated,2024311427276,2024,311427276,1,9,-1,4,4,8,0,0,0,0,0,0,2,1,5,2,43,7,-1,-1,-1,-1,8,1,E01021578,0
Unvalidated,2024311427276,2024,311427276,2,9,0,4,4,8,0,0,0,0,0,0,1,1,6,2,32,6,-1,-1,-1,-1,-1,-1,-1,0
Unvalidated,2024311427302,2024,311427302,1,9,0,3,4,8,0,0,0,0,0,0,2,1,2,2,29,6,-1,-1,-1,-1,4,1,E01028210,0
Unvalidated,2024311427302,2024,311427302,2,9,0,3,4,8,0,0,0,0,0,0,2,1,6,1,40,7,-1,-1,-1,-1,7,1,E01032520,0
Unvalidated,2024311427302,2024,311427302,3,9,0,18,4,8,0,0,0,0,0,0,1,1,6,1,82,11,-1,-1,-1,-1,10,1,E01028384,0
Unvalidated,2024311427306,2024,311427306,1,9,0,4,5,2,5,0,0,0,0,0,1,1,6,1,47,8,-1,-1,-1,-1,2,1,E01013918,0
Unvalidated,2024311427359,2024,311427359,1,9,0,18,7,3,0,1,0,0,0,0,1,1,2,1,34,6,-1,-1,-1,-1,8,1,E01027938,0
Unvalidated,2024311427359,2024,311427359,2,9,0,18,5,1,0,1,0,0,0,0,1,1,1,1,39,7,-1,-1,-1,-1,5,3,E01025887,0
Unvalidated,2024311427626,2024,311427626,1,9,0,18,1,2,0,0,1,0,1,4,3,1,6,1,18,4,-1,-1,-1,-1,-1,-1,-1,0
Unvalidated,2024311427668,2024,311427668,1,4,0,12,1,4,0,0,0,0,0,0,4,1,6,1,33,6,-1,-1,-1,-1,2,1,E01013910,0
Unvalidated,2024311427668,2024,311427668,2,9,0,18,8,4,0,0,0,0,0,0,3,1,6,1,46,8,-1,-1,-1,-1,10,1,E01028364,0
Unvalidated,2024311427699,2024,311427699,1,9,0,8,3,5,0,1,0,0,0,0,4,1,2,2,59,9,-1,-1,-1,-1,1,1,E01013813,0
Unvalidated,2024311427699,2024,311427699,2,2,0,18,3,7,9,1,0,0,0,0,1,1,5,1,16,4,-1,-1,-1,-1,-1,-1,-1,0
Unvalidated,2024311427769,2024,311427769,1,9,0,18,6,2,0,0,0,0,0,0,1,1,6,3,-1,-1,-1,-1,-1,-1,-1,-1,-1,0
Unvalidated,2024311427769,2024,311427769,2,9,0,18,6,2,0,0,0,0,0,0,2,1,6,2,-1,-1,-1,-1,-1,-1,3,3,E01028259,0
Unvalidated,2024311427906,2024,311427906,1,9,0,18,3,7,0,0,0,0,0,0,1,1,6,1,45,7,-1,-1,-1,-1,5,1,E01028022,0
Unvalidated,2024311427906,2024,311427906,2,9,0,18,7,3,0,0,0,0,0,0,1,1,1,1,30,6,-1,-1,-1,-1,4,1,E01028045,0
Unvalidated,2024311427920,2024,311427920,1,9,0,-1,-1,-1,0,0,0,0,0,0,-1,1,6,2,34,6,-1,-1,-1,-1,2,1,E01013917,0
Unvalidated,2024311427935,2024,311427935,1,9,0,9,2,6,0,8,0,0,0,0,4,1,5,1,86,11,-1,-1,-1,-1,7,1,E01028018,0
Unvalidated,2024311427935,2024,311427935,2,5,0,18,6,2,0,1,1,0,0,0,1,1,5,1,63,9,-1,-1,-1,-1,8,2,E01028350,0
Unvalidated,2024311427937,2024,311427937,1,-1,0,18,-1,-1,0,0,0,0,0,0,-1,1,6,1,-1,-1,-1,-1,-1,-1,-1,-1,-1,0
Unvalidated,2024311427937,2024,311427937,2,90,0,18,-1,-1,0,0,0,0,0,0,-1,1,5,2,14,3,-1,-1,-1,-1,4,1,E01028164,0
Unvalidated,2024311427939,2024,311427939,1,9,0,18,1,5,0,1,0,0,0,0,1,1,6,2,25,5,-1,-1,-1,-1,7,3,E01028402,0
Unvalidated,2024311428076,2024,311428076,1,9,0,4,5,1,0,0,0,0,0,0,1,1,2,1,31,6,-1,-1,-1,-1,2,1,E01013688,0
Unvalidated,2024311428124,2024,311428124,1,9,0,18,5,1,0,0,1,0,1,0,1,1,6,2,27,6,-1,-1,-1,-1,4,1,E01028305,0
Unvalidated,2024311428163,2024,311428163,1,9,0,18,2,3,0,0,0,0,0,0,4,1,6,1,59,9,-1,-1,-1,-1,-1,-1,-1,0
Unvalidated,2024311428163,2024,311428163,2,9,0,18,1,2,0,0,0,0,0,0,1,1,6,2,35,6,-1,-1,-1,-1,-1,-1,-1,0
Unvalidated,2024311428268,2024,311428268,1,9,0,4,3,7,0,0,0,0,0,0,1,1,6,1,26,6,-1,-1,-1,-1,5,1,E01027975,0
Unvalidated,2024311428375,2024,311428375,1,9,0,9,7,5,0,5,0,0,0,0,1,1,6,2,37,7,-1,-1,-1,-1,-1,-1,-1,0
Unvalidated,2024311428375,2024,311428375,2,1,0,18,3,7,0,1,0,0,0,0,4,1,5,2,34,6,-1,-1,-1,-1,-1,-1,-1,0
Unvalidated,2024311428419,2024,311428419,1,9,0,18,1,1,0,1,0,0,0,0,1,2,5,1,85,11,-1,-1,-1,-1,-1,-1,-1,0