status,collision_index,collision_year,collision_reference,vehicle_reference,vehicle_type,towing_and_articulation,vehicle_manoeuvre,vehicle_direction_from,vehicle_direction_to,vehicle_location_restricted_lane,junction_location,skidding_and_overturning,hit_object_in_carriageway,vehicle_leaving_carriageway,hit_object_off_carriageway,first_point_of_impact,vehicle_left_hand_drive,journey_purpose_of_driver,sex_of_driver,age_of_driver,age_band_of_driver,engine_capacity_cc,propulsion_code,age_of_vehicle,generic_make_model,driver_imd_decile,driver_home_area_type,lsoa_of_driver,escooter_flag
Unvalidated,2024311428432,2024,311428432,1,9,0,18,1,4,0,6,0,0,0,0,1,1,5,2,56,9,-1,-1,-1,-1,6,1,E01028333,0
Unvalidated,2024311428432,2024,311428432,2,9,0,5,3,1,0,6,0,0,0,0,3,1,5,2,21,5,-1,-1,-1,-1,9,3,E01033393,0
Unvalidated,2024311428448,2024,311428448,1,11,0,18,4,2,0,0,0,0,0,0,0,1,1,1,58,9,-1,-1,-1,-1,1,1,E01013954,0
Unvalidated,2024311428467,2024,311428467,1,19,0,9,5,1,0,0,1,0,0,0,1,1,6,1,30,6,-1,-1,-1,-1,1,1,E01007979,0
Unvalidated,2024311428467,2024,311428467,2,9,0,10,5,1,0,0,0,0,0,0,2,2,6,1,55,8,-1,-1,-1,-1,4,1,E01028278,0
Unvalidated,2024311428478,2024,311428478,1,9,0,4,5,1,0,1,0,0,0,0,2,1,6,1,27,6,-1,-1,-1,-1,8,1,E01028094,0
Unvalidated,2024311428478,2024,311428478,2,8,0,18,5,1,0,1,0,0,0,0,1,1,1,1,65,9,-1,-1,-1,-1,6,1,E01028374,0
Unvalidated,2024311428478,2024,311428478,3,9,0,18,5,1,0,1,0,0,0,0,1,1,6,2,35,6,-1,-1,-1,-1,10,1,E01028091,0
Unvalidated,2024311428532,2024,311428532,1,9,0,18,4,4,0,0,0,0,0,0,1,1,5,1,58,9,-1,-1,-1,-1,-1,-1,-1,0
Unvalidated,2024311428532,2024,311428532,2,9,0,18,8,8,0,0,0,0,0,0,1,1,2,1,20,4,-1,-1,-1,-1,-1,-1,-1,0
Unvalidated,2024311428640,2024,311428640,1,5,0,13,7,3,0,1,0,0,0,0,1,1,6,1,24,5,-1,-1,-1,-1,3,1,E01028019,0
Unvalidated,2024311428640,2024,311428640,2,9,0,9,7,5,0,2,0,0,0,0,3,1,6,1,23,5,-1,-1,-1,-1,7,2,E01028004,0
Unvalidated,2024311428669,2024,311428669,1,9,0,18,5,1,0,0,5,10,1,4,4,1,5,1,27,6,-1,-1,-1,-1,2,1,E01019510,0
Unvalidated,2024311428669,2024,311428669,2,9,-1,18,1,5,0,0,0,0,0,0,0,1,6,3,-1,-1,-1,-1,-1,-1,-1,-1,-1,0
Unvalidated,2024311428725,2024,311428725,1,9,0,18,4,8,0,1,0,0,0,0,3,1,2,2,36,7,-1,-1,-1,-1,5,1,E01028078,0
Unvalidated,2024311428725,2024,311428725,2,9,0,5,3,5,0,1,0,0,0,0,1,1,5,2,36,7,-1,-1,-1,-1,-1,-1,-1,0
Unvalidated,2024311428771,2024,311428771,1,9,0,8,5,1,0,1,0,0,0,0,2,1,6,2,40,7,-1,-1,-1,-1,-1,-1,-1,0
Unvalidated,2024311428771,2024,311428771,2,9,0,18,5,1,0,1,0,0,0,0,1,1,6,2,37,7,-1,-1,-1,-1,-1,-1,-1,0
Unvalidated,2024311428865,2024,311428865,1,9,5,18,1,3,0,5,0,0,0,0,1,2,1,2,19,4,-1,-1,-1,-1,-1,-1,-1,0
Unvalidated,2024311428865,2024,311428865,2,9,0,18,3,7,0,5,0,0,0,0,1,2,6,1,22,5,-1,-1,-1,-1,-1,-1,-1,0
Unvalidated,2024311428865,2024,311428865,4,9,0,2,0,0,0,5,0,0,0,0,1,2,6,1,52,8,-1,-1,-1,-1,-1,-1,-1,0
Unvalidated,2024311428899,2024,311428899,1,9,0,3,2,6,0,0,0,0,0,0,1,1,3,2,32,6,-1,-1,-1,-1,4,2,E01028366,0
Unvalidated,2024311428899,2024,311428899,2,9,0,3,1,6,0,0,0,0,0,0,2,1,6,1,74,10,-1,-1,-1,-1,10,2,E01028389,0
Unvalidated,2024311428899,2024,311428899,3,9,0,3,1,6,0,0,0,0,0,0,2,1,6,1,-1,-1,-1,-1,-1,-1,4,1,E01013937,0
Unvalidated,2024311428921,2024,311428921,1,5,0,5,1,1,0,0,0,4,0,0,1,1,6,1,61,9,-1,-1,-1,-1,8,1,E01028194,0
Unvalidated,2024311428921,2024,311428921,2,9,0,3,1,1,0,0,0,0,0,0,2,1,6,1,18,4,-1,-1,-1,-1,6,1,E01028205,0
Unvalidated,2024311429173,2024,311429173,1,9,0,5,3,7,0,4,0,0,0,0,3,1,6,2,33,6,-1,-1,-1,-1,8,1,E01028195,0
Unvalidated,2024311429173,2024,311429173,2,21,1,-1,-1,-1,0,8,0,0,0,0,1,1,6,1,-1,-1,-1,-1,-1,-1,-1,-1,-1,0
Unvalidated,2024311429291,2024,311429291,1,9,0,18,5,1,9,0,0,0,1,0,1,1,5,1,20,4,-1,-1,-1,-1,3,1,E01028187,0
Unvalidated,2024311429291,2024,311429291,2,9,0,5,7,1,0,0,0,0,0,0,3,1,5,2,52,8,-1,-1,-1,-1,10,2,E01028368,0
Unvalidated,2024311429334,2024,311429334,1,9,0,4,3,8,0,0,0,0,0,0,2,1,5,2,42,7,-1,-1,-1,-1,8,1,E01027938,0
Unvalidated,2024311429334,2024,311429334,2,9,0,4,3,8,0,0,0,0,0,0,2,1,5,2,20,4,-1,-1,-1,-1,-1,-1,-1,0
Unvalidated,2024311429334,2024,311429334,3,9,0,4,3,8,0,0,0,0,0,0,1,1,2,1,46,8,-1,-1,-1,-1,4,1,E01027996,0
Unvalidated,2024311429336,2024,311429336,1,9,0,6,7,7,0,0,0,0,0,0,2,1,5,2,38,7,-1,-1,-1,-1,9,1,E01028386,0
Unvalidated,2024311429543,2024,311429543,1,9,0,18,1,5,0,1,0,0,0,0,1,1,6,1,40,7,-1,-1,-1,-1,-1,-1,-1,0
Unvalidated,2024311429545,2024,311429545,1,9,0,18,3,7,0,0,0,0,0,0,1,1,6,1,33,6,-1,-1,-1,-1,-1,-1,-1,0
Unvalidated,2024311429545,2024,311429545,2,1,0,18,7,3,0,0,0,0,0,0,1,1,6,1,41,7,-1,-1,-1,-1,-1,-1,-1,0
Unvalidated,2024311429566,2024,311429566,1,9,0,4,8,4,0,1,0,0,0,0,1,1,6,1,32,6,-1,-1,-1,-1,1,1,E01013876,0
Unvalidated,2024311429566,2024,311429566,2,9,0,4,7,4,0,1,0,0,0,0,0,1,6,1,21,5,-1,-1,-1,-1,1,1,E01028173,0
Unvalidated,2024311429725,2024,311429725,1,9,0,4,7,3,0,0,0,0,0,0,4,1,6,2,33,6,-1,-1,-1,-1,5,1,E01033395,0
Unvalidated,2024311429725,2024,311429725,2,9,0,2,7,7,0,0,0,0,0,0,1,1,6,1,35,6,-1,-1,-1,-1,10,1,E01028097,0
Unvalidated,2024311429729,2024,311429729,1,9,0,18,3,7,0,0,1,7,1,1,1,1,5,2,46,8,-1,-1,-1,-1,1,1,E01013879,0
Unvalidated,2024311429766,2024,311429766,1,9,0,18,7,3,0,1,5,0,0,0,3,2,6,1,30,6,-1,-1,-1,-1,3,2,E01028338,0
Unvalidated,2024311429766,2024,311429766,2,9,0,18,3,7,0,1,0,0,0,0,1,2,6,2,35,6,-1,-1,-1,-1,3,2,E01028257,0
Unvalidated,2024311429779,2024,311429779,1,9,0,2,2,2,0,0,0,0,0,0,2,1,5,1,37,7,-1,-1,-1,-1,9,1,E01013172,0
Unvalidated,2024311429779,2024,311429779,2,9,0,15,2,5,0,0,0,4,0,0,1,1,2,1,63,9,-1,-1,-1,-1,7,3,E01028411,0
Unvalidated,2024311429781,2024,311429781,1,9,0,18,1,5,0,1,0,0,0,0,4,1,5,1,44,7,-1,-1,-1,-1,9,1,E01028196,0
Unvalidated,2024311429781,2024,311429781,2,8,0,9,2,8,0,2,0,0,0,0,3,1,5,1,56,9,-1,-1,-1,-1,2,1,E01013947,0
Unvalidated,2024311429797,2024,311429797,1,9,0,18,3,7,0,0,5,4,0,0,4,1,6,1,33,6,-1,-1,-1,-1,6,1,E01013837,0
Unvalidated,2024311429797,2024,311429797,2,9,0,2,0,0,6,0,0,4,0,0,3,1,6,3,-1,-1,-1,-1,-1,-1,-1,-1,-1,0
Unvalidated,2024311429797,2024,311429797,3,9,0,2,0,0,6,0,0,4,0,0,2,1,6,3,-1,-1,-1,-1,-1,-1,-1,-1,-1,0
Unvalidated,2024311430042,2024,311430042,1,19,0,12,2,6,0,0,0,0,0,0,1,1,6,3,-1,-1,-1,-1,-1,-1,-1,-1,-1,0
Unvalidated,2024311430042,2024,311430042,2,9,0,14,2,6,0,0,0,0,0,0,-1,1,6,2,67,10,-1,-1,-1,-1,-1,-1,-1,0
Unvalidated,2024311430059,2024,311430059,1,9,0,15,1,5,0,0,0,0,7,0,1,1,1,1,41,7,-1,-1,-1,-1,5,2,E01028341,0
Unvalidated,2024311430059,2024,311430059,2,9,0,18,5,1,0,0,1,0,0,0,1,1,1,2,35,6,-1,-1,-1,-1,9,1,E01013979,0
Unvalidated,2024311430094,2024,311430094,1,9,0,7,8,2,0,5,0,0,0,0,4,1,6,3,-1,-1,-1,-1,-1,-1,-1,-1,-1,0
Unvalidated,2024311430094,2024,311430094,2,1,0,18,8,4,4,8,0,0,0,0,1,1,5,2,58,9,-1,-1,-1,-1,-1,-1,-1,0
Unvalidated,2024311430103,2024,311430103,1,5,0,9,2,7,0,8,2,0,0,0,3,1,5,1,36,7,-1,-1,-1,-1,-1,-1,-1,0
Unvalidated,2024311430146,2024,311430146,1,9,0,5,7,3,0,4,0,0,0,0,1,1,6,1,43,7,-1,-1,-1,-1,8,1,E01019449,0
Unvalidated,2024311430146,2024,311430146,2,9,0,4,7,3,0,4,0,0,0,0,2,1,6,1,66,10,-1,-1,-1,-1,5,1,E01028122,0
Unvalidated,2024311430150,2024,311430150,1,9,0,18,4,8,0,8,0,0,0,0,1,1,5,2,29,6,-1,-1,-1,-1,-1,-1,-1,0
Unvalidated,2024311430158,2024,311430158,1,9,0,18,8,4,0,0,0,0,0,0,1,1,6,1,54,8,-1,-1,-1,-1,-1,-1,-1,0
Unvalidated,2024311430158,2024,311430158,2,19,0,4,8,4,0,0,0,0,0,0,2,1,6,1,50,8,-1,-1,-1,-1,-1,-1,-1,0
Unvalidated,2024311430158,2024,311430158,3,9,0,4,8,4,0,0,0,0,0,0,2,1,6,2,74,10,-1,-1,-1,-1,-1,-1,-1,0
Unvalidated,2024311430214,2024,311430214,1,11,0,18,3,7,0,8,0,0,0,0,1,1,1,1,74,10,-1,-1,-1,-1,3,1,E01027954,0
Unvalidated,2024311430214,2024,311430214,2,98,0,9,7,3,0,8,0,0,0,0,1,1,1,1,33,6,-1,-1,-1,-1,3,1,E01028212,0
Unvalidated,2024311430344,2024,311430344,1,9,0,14,1,2,0,0,0,0,0,0,0,1,6,2,45,7,-1,-1,-1,-1,2,1,E01028279,0
Unvalidated,2024311430500,2024,311430500,1,9,0,5,5,1,0,0,0,0,0,0,3,1,2,1,43,7,-1,-1,-1,-1,1,1,E01013849,0
Unvalidated,2024311430566,2024,311430566,1,9,0,5,7,3,0,1,0,0,0,0,4,1,6,2,43,7,-1,-1,-1,-1,7,1,E01028013,0
Unvalidated,2024311430599,2024,311430599,1,9,0,18,5,1,9,0,0,0,0,0,-1,1,6,3,-1,-1,-1,-1,-1,-1,-1,-1,-1,0
Unvalidated,2024311430599,2024,311430599,2,1,0,18,5,1,9,0,0,0,0,0,-1,1,6,1,21,5,-1,-1,-1,-1,-1,-1,-1,0
Unvalidated,2024311430625,2024,311430625,1,98,0,18,3,7,0,6,0,0,0,0,1,1,1,1,55,8,-1,-1,-1,-1,6,3,E01020119,0
Unvalidated,2024311430625,2024,311430625,2,21,0,18,5,1,0,1,0,0,0,0,1,1,1,1,54,8,-1,-1,-1,-1,-1,-1,-1,0
Unvalidated,2024311430631,2024,311430631,1,90,0,18,6,2,0,0,5,0,0,0,0,1,6,1,42,7,-1,-1,-1,-1,1,1,E01013820,0
Unvalidated,2024311430911,2024,311430911,1,9,0,18,3,7,0,1,2,10,0,0,3,1,5,2,52,8,-1,-1,-1,-1,6,1,E01026153,0
Unvalidated,2024311430952,2024,311430952,1,11,0,3,8,4,2,0,0,0,0,0,0,1,1,1,28,6,-1,-1,-1,-1,4,1,E01028165,0
Unvalidated,2024311431027,2024,311431027,1,9,0,7,8,6,0,0,0,0,0,0,1,1,5,1,60,9,-1,-1,-1,-1,-1,-1,-1,0
Unvalidated,2024311431027,2024,311431027,2,1,0,18,8,4,0,0,0,0,0,0,1,1,6,1,13,3,-1,-1,-1,-1,-1,-1,-1,0
Unvalidated,2024311431087,2024,311431087,1,9,0,18,1,2,0,0,0,0,0,0,1,1,6,1,-1,-1,-1,-1,-1,-1,-1,-1,-1,0
Unvalidated,2024311431230,2024,311431230,1,3,0,3,3,5,0,1,0,0,0,0,4,1,6,1,61,9,-1,-1,-1,-1,-1,-1,-1,0
Unvalidated,2024311431230,2024,311431230,2,9,0,5,3,5,0,1,0,0,0,0,3,1,6,3,30,6,-1,-1,-1,-1,-1,-1,-1,0
Unvalidated,2024311431231,2024,311431231,1,9,0,7,1,5,6,2,0,0,0,0,1,1,5,1,87,11,-1,-1,-1,-1,3,1,E01016714,0
Unvalidated,2024311431231,2024,311431231,2,9,0,18,1,5,0,1,0,0,0,0,1,1,6,2,25,5,-1,-1,-1,-1,-1,-1,-1,0
Unvalidated,2024311431257,2024,311431257,1,1,0,12,5,1,0,0,0,0,0,0,0,1,1,3,-1,-1,-1,-1,-1,-1,-1,-1,-1,0
Unvalidated,2024311431257,2024,311431257,2,11,0,12,5,1,0,0,0,0,0,0,0,1,1,1,35,6,-1,-1,-1,-1,2,1,E01028186,0
Unvalidated,2024311431262,2024,311431262,1,9,0,18,5,1,0,0,0,0,0,0,1,1,6,1,30,6,-1,-1,-1,-1,-1,-1,-1,0
Unvalidated,2024311431270,2024,311431270,1,5,0,18,7,3,0,0,2,0,0,0,0,1,5,1,55,8,-1,-1,-1,-1,3,1,E01027964,0
Unvalidated,2024311431273,2024,311431273,1,9,0,1,6,6,0,0,0,4,0,0,4,1,5,1,39,7,-1,-1,-1,-1,1,1,E01013940,0
Unvalidated,2024311431273,2024,311431273,2,9,0,2,0,0,0,0,0,0,0,0,1,1,6,3,-1,-1,-1,-1,-1,-1,-1,-1,-1,0
Unvalidated,2024311431273,2024,311431273,3,9,0,2,0,0,0,0,0,0,0,0,2,1,6,3,-1,-1,-1,-1,-1,-1,-1,-1,-1,0
Unvalidated,2024311431280,2024,311431280,1,9,0,18,3,7,0,1,0,0,0,0,1,1,5,2,33,6,-1,-1,-1,-1,-1,-1,-1,0
Unvalidated,2024311431280,2024,311431280,2,3,0,5,2,1,0,1,0,0,0,0,4,1,1,1,34,6,-1,-1,-1,-1,1,1,E01013948,0
Unvalidated,2024311431320,2024,311431320,1,9,0,18,6,1,0,0,0,10,0,0,4,1,5,2,18,4,-1,-1,-1,-1,7,1,E01028203,0
Unvalidated,2024311431320,2024,311431320,2,9,0,18,3,6,0,0,0,0,0,0,3,1,5,2,58,9,-1,-1,-1,-1,2,1,E01028186,0
Unvalidated,2024311431387,2024,311431387,1,9,0,-1,7,-1,0,6,0,0,0,0,-1,1,6,2,38,7,-1,-1,-1,-1,-1,-1,-1,0
Unvalidated,2024311431387,2024,311431387,2,9,0,18,-1,-1,0,8,0,0,0,0,-1,1,6,1,-1,-1,-1,-1,-1,-1,4,2,E01029010,0
Unvalidated,2024311431422,2024,311431422,1,11,0,18,1,5,0,4,0,0,0,0,0,1,1,1,29,6,-1,-1,-1,-1,5,1,E01019456,0
Unvalidated,2024311431453,2024,311431453,1,9,0,18,0,0,0,0,0,0,0,0,0,1,6,3,47,8,-1,-1,-1,-1,-1,-1,-1,0
Unvalidated,2024311431453,2024,311431453,2,17,0,18,1,5,0,0,0,0,0,0,3,1,1,3,-1,-1,-1,-1,-1,-1,-1,-1,-1,0
Unvalidated,2024311431453,2024,311431453,3,9,0,2,5,1,0,0,0,0,0,0,3,1,6,1,71,10,-1,-1,-1,-1,8,3,E01028351,0
Unvalidated,2024311431469,2024,311431469,1,9,0,18,1,5,0,0,0,7,0,0,4,1,5,2,41,7,-1,-1,-1,-1,1,1,E01013885,0
Unvalidated,2024311431500,2024,311431500,1,9,0,5,7,3,0,1,0,0,0,0,3,1,2,1,48,8,-1,-1,-1,-1,5,1,E01013938,0
Unvalidated,2024311431500,2024,311431500,2,1,0,5,5,1,0,1,0,0,0,0,1,1,6,1,53,8,-1,-1,-1,-1,7,1,E01013977,0
Unvalidated,2024311431538,2024,311431538,1,9,0,18,7,3,0,0,0,0,0,0,3,1,6,1,20,4,-1,-1,-1,-1,1,1,E01028065,0
Unvalidated,2024311431538,2024,311431538,2,9,0,18,5,1,0,0,0,0,0,0,1,1,5,1,86,11,-1,-1,-1,-1,9,2,E01007752,0
Unvalidated,2024311431541,2024,311431541,1,9,0,18,3,7,0,0,0,0,0,0,1,1,5,1,41,7,-1,-1,-1,-1,9,1,E01013982,0
Unvalidated,2024311431609,2024,311431609,1,9,0,18,2,5,0,0,0,0,7,4,1,1,6,1,31,6,-1,-1,-1,-1,7,1,E01028417,0
Unvalidated,2024311431646,2024,311431646,1,9,0,7,7,3,0,5,0,0,0,0,4,1,6,1,31,6,-1,-1,-1,-1,-1,-1,-1,0
Unvalidated,2024311431646,2024,311431646,2,1,0,18,7,3,4,1,0,0,0,0,3,1,5,1,33,6,-1,-1,-1,-1,-1,-1,-1,0
Unvalidated,2024311431666,2024,311431666,1,1,0,18,3,7,0,0,0,0,0,0,1,1,6,3,-1,-1,-1,-1,-1,-1,-1,-1,-1,0
Unvalidated,2024311431760,2024,311431760,1,9,0,5,7,5,0,6,0,0,0,0,3,1,1,2,54,8,-1,-1,-1,-1,5,1,E01013938,0
Unvalidated,2024311431760,2024,311431760,2,9,0,18,5,1,0,8,0,0,0,0,1,1,5,1,55,8,-1,-1,-1,-1,3,3,E01019052,0
Unvalidated,2024311431820,2024,311431820,1,9,0,5,8,5,0,1,0,0,0,0,1,1,6,2,66,10,-1,-1,-1,-1,5,2,E01028342,0
Unvalidated,2024311431825,2024,311431825,1,9,0,18,8,4,0,0,0,0,0,0,4,1,6,3,-1,-1,-1,-1,-1,-1,-1,-1,-1,0
Unvalidated,2024311432076,2024,311432076,1,9,0,9,7,4,0,6,0,0,0,0,1,1,6,1,71,10,-1,-1,-1,-1,3,1,E01033401,0
Unvalidated,2024311432235,2024,311432235,1,9,0,9,1,5,0,8,0,0,0,0,1,1,6,2,31,6,-1,-1,-1,-1,-1,-1,-1,0
Unvalidated,2024311432365,2024,311432365,1,9,0,1,1,5,0,1,0,0,0,0,2,2,1,1,43,7,-1,-1,-1,-1,5,3,E01028189,0
Unvalidated,2024311432365,2024,311432365,2,9,0,3,1,5,0,1,0,0,0,0,1,1,5,2,51,8,-1,-1,-1,-1,1,1,E01027939,0
Unvalidated,2024311432365,2024,311432365,3,9,0,3,1,5,0,1,0,0,0,0,1,1,5,1,61,9,-1,-1,-1,-1,9,1,E01013979,0
Unvalidated,2024311432376,2024,311432376,1,9,0,4,3,3,0,0,0,0,0,0,2,1,2,1,40,7,-1,-1,-1,-1,4,1,E01013939,0
Unvalidated,2024311432376,2024,311432376,2,9,0,18,7,3,0,0,1,0,0,0,1,1,5,2,20,4,-1,-1,-1,-1,4,1,E01025962,0
Unvalidated,2024311432463,2024,311432463,1,9,-1,3,6,2,0,4,0,0,0,0,2,1,6,2,41,7,-1,-1,-1,-1,8,2,E01028327,0
Unvalidated,2024311432463,2024,311432463,2,11,-1,18,2,6,0,3,0,0,0,0,3,1,1,3,-1,-1,-1,-1,-1,-1,-1,-1,-1,0
Unvalidated,2024311432819,2024,311432819,1,9,0,18,3,7,0,0,0,0,1,0,1,1,6,1,30,6,-1,-1,-1,-1,4,1,E01026377,0
Unvalidated,2024311432819,2024,311432819,2,9,0,18,4,8,0,0,0,0,0,0,1,1,6,1,63,9,-1,-1,-1,-1,1,2,E01028001,0
Unvalidated,2024311432826,2024,311432826,1,9,0,18,1,5,0,0,5,7,0,0,1,1,6,1,64,9,-1,-1,-1,-1,-1,-1,-1,0
Unvalidated,2024311432911,2024,311432911,1,19,0,5,3,7,0,0,0,0,0,0,1,1,6,1,45,7,-1,-1,-1,-1,-1,-1,-1,0
Unvalidated,2024311432915,2024,311432915,1,9,0,7,5,8,0,0,0,0,0,0,1,1,2,2,29,6,-1,-1,-1,-1,3,1,E01033402,0
Unvalidated,2024311433041,2024,311433041,1,9,0,9,6,2,0,1,0,0,0,0,1,1,6,1,84,11,-1,-1,-1,-1,2,1,E01013852,0
Unvalidated,2024311433041,2024,311433041,2,23,0,13,6,8,0,1,2,0,0,0,1,1,6,1,32,6,-1,-1,-1,-1,5,1,E01028161,0
Unvalidated,2024311433126,2024,311433126,1,9,0,1,7,3,6,0,0,0,0,0,2,1,6,1,89,11,-1,-1,-1,-1,8,3,E01028303,0
Unvalidated,2024311433126,2024,311433126,2,9,-1,2,7,3,6,0,0,0,0,0,1,1,6,2,67,10,-1,-1,-1,-1,4,2,E01028038,0
Unvalidated,2024311433129,2024,311433129,1,9,0,18,7,3,0,1,0,0,0,0,1,1,6,2,54,8,-1,-1,-1,-1,9,1,E01028059,0
Unvalidated,2024311433129,2024,311433129,2,9,0,4,7,3,0,1,0,0,0,0,2,1,6,1,35,6,-1,-1,-1,-1,7,3,E01028004,0
Unvalidated,2024311433185,2024,311433185,1,19,0,18,6,2,0,8,0,0,0,0,1,1,2,1,67,10,-1,-1,-1,-1,1,1,E01013879,0
Unvalidated,2024311433185,2024,311433185,2,98,0,18,6,2,0,8,0,0,0,0,2,1,2,1,50,8,-1,-1,-1,-1,-1,-1,-1,0
Unvalidated,2024311433185,2024,311433185,3,9,0,11,5,2,0,8,0,0,0,0,0,1,6,3,50,8,-1,-1,-1,-1,-1,-1,-1,0
Unvalidated,2024311433185,2024,311433185,4,9,0,11,5,2,0,8,0,0,0,0,0,1,6,3,50,8,-1,-1,-1,-1,-1,-1,-1,0
Unvalidated,2024311433239,2024,311433239,1,9,0,6,1,5,0,0,0,0,0,0,2,1,6,1,42,7,-1,-1,-1,-1,1,1,E01013810,0
Unvalidated,2024311433239,2024,311433239,2,1,0,18,1,5,0,0,0,0,0,0,1,1,6,1,44,7,-1,-1,-1,-1,-1,-1,-1,0
Unvalidated,2024311433244,2024,311433244,1,9,0,18,5,1,0,0,0,0,0,0,1,1,6,3,30,6,-1,-1,-1,-1,-1,-1,-1,0
Unvalidated,2024311433244,2024,311433244,2,9,0,3,4,8,0,0,0,0,0,0,2,1,2,1,51,8,-1,-1,-1,-1,3,1,E01013944,0
Unvalidated,2024311433252,2024,311433252,1,2,0,18,5,1,0,1,0,0,0,0,1,1,6,1,16,4,-1,-1,-1,-1,3,1,E01028127,0
Unvalidated,2024311433252,2024,311433252,2,9,0,9,3,5,0,6,0,0,0,0,3,1,2,2,31,6,-1,-1,-1,-1,2,1,E01033400,0
Unvalidated,2024311433262,2024,311433262,1,9,0,18,8,4,0,2,0,0,0,0,4,1,6,3,-1,-1,-1,-1,-1,-1,-1,-1,-1,0
Unvalidated,2024311433262,2024,311433262,2,1,0,18,-1,-1,0,1,0,0,0,0,1,1,6,1,18,4,-1,-1,-1,-1,-1,-1,-1,0
Unvalidated,2024311433266,2024,311433266,2,3,0,3,5,1,0,2,0,0,0,0,0,1,5,1,62,9,-1,-1,-1,-1,1,1,E01013948,0
Unvalidated,2024311433303,2024,311433303,1,9,0,18,1,5,0,1,1,7,0,0,1,1,2,1,37,7,-1,-1,-1,-1,4,1,E01027935,0
Unvalidated,2024311433305,2024,311433305,1,9,0,18,1,5,0,8,1,0,1,0,3,1,5,1,81,11,-1,-1,-1,-1,3,2,E01028027,0
Unvalidated,2024311433305,2024,311433305,2,9,0,9,3,5,0,8,0,0,1,0,4,1,2,1,20,4,-1,-1,-1,-1,3,2,E01028030,0
Unvalidated,2024311433327,2024,311433327,1,1,0,18,3,7,9,5,0,10,3,0,0,1,1,1,30,6,-1,-1,-1,-1,-1,-1,-1,0
Unvalidated,2024311433546,2024,311433546,1,9,0,8,4,6,0,1,0,0,0,0,3,1,6,1,43,7,-1,-1,-1,-1,-1,-1,-1,0
Unvalidated,2024311433546,2024,311433546,2,90,0,18,6,2,0,1,0,0,0,0,1,1,6,1,50,8,-1,-1,-1,-1,-1,-1,-1,0
Unvalidated,2024311433591,2024,311433591,2,9,0,9,0,3,0,1,0,0,0,0,1,1,6,2,51,8,-1,-1,-1,-1,5,1,E01001556,0
Unvalidated,2024311433591,2024,311433591,3,3,0,18,1,5,0,1,0,0,0,0,1,1,6,1,42,7,-1,-1,-1,-1,3,1,E01013830,0
Unvalidated,2024311433597,2024,311433597,1,19,0,18,3,7,0,1,0,0,0,0,1,1,5,1,60,9,-1,-1,-1,-1,6,1,E01028100,0
Unvalidated,2024311433597,2024,311433597,2,1,0,18,7,3,0,1,0,0,0,0,1,1,3,1,12,3,-1,-1,-1,-1,-1,-1,-1,0
Unvalidated,2024311433599,2024,311433599,1,9,0,7,4,6,0,8,0,0,0,0,3,1,6,1,17,4,-1,-1,-1,-1,2,1,E01027942,0
Unvalidated,2024311433599,2024,311433599,2,1,0,4,1,5,0,8,1,0,0,0,1,1,3,1,15,3,-1,-1,-1,-1,1,1,E01013879,0
Unvalidated,2024311433785,2024,311433785,1,11,0,18,6,2,0,0,0,0,0,0,0,1,1,1,65,9,-1,-1,-1,-1,9,3,E01028376,0
Unvalidated,2024311433847,2024,311433847,1,2,0,4,1,2,0,0,0,0,0,0,1,1,6,1,19,4,-1,-1,-1,-1,2,1,E01027958,0
Unvalidated,2024311433847,2024,311433847,2,9,0,18,2,2,0,0,0,0,0,0,1,1,6,1,49,8,-1,-1,-1,-1,6,1,E01027989,0
Unvalidated,2024311433890,2024,311433890,1,11,0,5,6,2,0,0,0,0,0,0,0,1,1,1,-1,-1,-1,-1,-1,-1,1,1,E01013920,0
Unvalidated,2024311433974,2024,311433974,1,9,0,9,7,1,0,5,0,0,3,0,1,1,5,1,19,4,-1,-1,-1,-1,2,1,E01013858,0
Unvalidated,2024311434051,2024,311434051,1,9,0,18,6,2,0,0,0,0,0,0,2,1,6,2,21,5,-1,-1,-1,-1,7,1,E01013892,0
Unvalidated,2024311434051,2024,311434051,2,1,0,18,6,2,0,0,0,0,0,0,1,1,5,1,34,6,-1,-1,-1,-1,2,1,E01027937,0
Unvalidated,2024311434053,2024,311434053,1,9,0,4,2,6,0,0,0,0,0,0,1,1,6,1,70,10,-1,-1,-1,-1,6,1,E01027970,0
Unvalidated,2024311434053,2024,311434053,2,9,0,4,2,6,0,0,0,0,0,0,2,1,1,2,45,7,-1,-1,-1,-1,-1,-1,-1,0
Unvalidated,2024311434205,2024,311434205,1,9,0,4,1,5,0,0,0,0,0,0,1,1,1,1,22,5,-1,-1,-1,-1,2,1,E01013891,0
Unvalidated,2024311434205,2024,311434205,2,9,0,4,1,5,0,0,0,0,0,0,2,1,1,1,51,8,-1,-1,-1,-1,9,1,E01028241,0
Unvalidated,2024311434252,2024,311434252,1,11,0,4,6,1,0,1,0,0,0,0,0,1,1,3,40,7,-1,-1,-1,-1,-1,-1,-1,0
Unvalidated,2024311434398,2024,311434398,1,9,0,1,4,7,0,0,0,0,0,0,2,1,6,1,27,6,-1,-1,-1,-1,1,1,E01033411,0
Unvalidated,2024311434406,2024,311434406,1,9,0,9,4,8,0,8,0,0,0,0,3,1,6,1,24,5,-1,-1,-1,-1,-1,-1,-1,0
Unvalidated,2024311434406,2024,311434406,2,1,0,18,4,4,0,1,0,0,0,0,1,1,6,1,16,4,-1,-1,-1,-1,4,1,E01027935,0