status,collision_index,collision_year,collision_reference,vehicle_reference,vehicle_type,towing_and_articulation,vehicle_manoeuvre,vehicle_direction_from,vehicle_direction_to,vehicle_location_restricted_lane,junction_location,skidding_and_overturning,hit_object_in_carriageway,vehicle_leaving_carriageway,hit_object_off_carriageway,first_point_of_impact,vehicle_left_hand_drive,journey_purpose_of_driver,sex_of_driver,age_of_driver,age_band_of_driver,engine_capacity_cc,propulsion_code,age_of_vehicle,generic_make_model,driver_imd_decile,driver_home_area_type,lsoa_of_driver,escooter_flag
Unvalidated,2024311434487,2024,311434487,1,9,0,9,7,6,1,2,0,0,0,0,3,1,1,1,40,7,-1,-1,-1,-1,2,1,E01013917,0
Unvalidated,2024311434546,2024,311434546,1,9,0,18,1,5,0,0,1,0,7,4,4,1,6,1,18,4,-1,-1,-1,-1,3,2,E01028340,0
Unvalidated,2024311434601,2024,311434601,1,19,0,2,0,0,0,0,5,0,1,0,2,1,6,3,-1,-1,-1,-1,-1,-1,-1,-1,-1,0
Unvalidated,2024311434601,2024,311434601,2,21,1,18,8,4,0,0,1,4,1,0,1,1,1,1,25,5,-1,-1,-1,-1,1,1,E01028066,0
Unvalidated,2024311434606,2024,311434606,1,9,0,14,8,4,0,0,0,0,0,0,1,1,1,2,35,6,-1,-1,-1,-1,2,1,E01027952,0
Unvalidated,2024311434606,2024,311434606,2,11,0,14,4,8,0,0,0,0,0,0,1,1,1,1,33,6,-1,-1,-1,-1,-1,-1,-1,0
Unvalidated,2024311434632,2024,311434632,1,9,0,18,4,1,0,0,0,0,0,0,1,1,2,2,22,5,-1,-1,-1,-1,7,1,E01033410,0
Unvalidated,2024311434632,2024,311434632,2,9,0,12,4,2,0,0,0,0,0,0,2,1,2,2,29,6,-1,-1,-1,-1,10,1,E01028377,0
Unvalidated,2024311434881,2024,311434881,1,9,0,13,6,2,0,1,1,0,0,0,1,1,5,1,42,7,-1,-1,-1,-1,2,1,E01028269,0
Unvalidated,2024311434881,2024,311434881,2,9,0,9,6,4,0,1,0,0,0,0,3,1,1,2,33,6,-1,-1,-1,-1,5,1,E01019512,0
Unvalidated,2024311434915,2024,311434915,1,9,0,18,1,5,0,0,5,0,2,0,4,1,2,2,80,11,-1,-1,-1,-1,-1,-1,-1,0
Unvalidated,2024311434946,2024,311434946,1,4,0,13,7,6,0,8,2,0,0,0,0,1,6,1,33,6,-1,-1,-1,-1,3,1,E01028166,0
Unvalidated,2024311434963,2024,311434963,1,9,0,18,3,1,9,0,0,10,1,0,1,1,6,1,16,4,-1,-1,-1,-1,10,1,E01028377,0
Unvalidated,2024311435017,2024,311435017,1,9,0,18,2,5,0,0,0,0,0,0,1,1,6,1,29,6,-1,-1,-1,-1,2,1,E01028008,0
Unvalidated,2024311435104,2024,311435104,1,8,0,18,1,5,0,0,0,0,0,0,-1,1,1,1,-1,-1,-1,-1,-1,-1,-1,-1,-1,0
Unvalidated,2024311435104,2024,311435104,2,1,0,18,1,5,0,0,0,0,0,0,3,1,6,1,26,6,-1,-1,-1,-1,4,1,E01019690,0
Unvalidated,2024311435228,2024,311435228,1,9,0,6,6,2,0,2,0,0,0,0,3,1,3,2,43,7,-1,-1,-1,-1,9,1,E01028095,0
Unvalidated,2024311435228,2024,311435228,2,4,0,13,6,2,0,1,0,0,0,0,4,1,6,1,62,9,-1,-1,-1,-1,9,1,E01028099,0
Unvalidated,2024311435353,2024,311435353,1,9,0,1,3,7,0,0,0,0,0,0,2,1,2,3,41,7,-1,-1,-1,-1,5,2,E01028003,0
Unvalidated,2024311435388,2024,311435388,1,9,0,9,4,1,0,2,0,0,0,0,4,1,5,2,23,5,-1,-1,-1,-1,5,3,E01028189,0
Unvalidated,2024311435388,2024,311435388,2,9,0,18,2,5,0,2,0,0,0,0,1,1,5,2,50,8,-1,-1,-1,-1,-1,-1,-1,0
Unvalidated,2024311435389,2024,311435389,1,9,0,18,5,1,0,2,0,0,0,0,1,1,6,1,52,8,-1,-1,-1,-1,-1,-1,-1,0
Unvalidated,2024311435407,2024,311435407,1,9,0,2,0,0,0,0,0,0,1,0,2,1,6,3,-1,-1,-1,-1,-1,-1,-1,-1,-1,0
Unvalidated,2024311435407,2024,311435407,2,9,0,18,5,1,0,0,0,4,0,0,1,1,2,1,44,7,-1,-1,-1,-1,10,1,E01033390,0
Unvalidated,2024311435429,2024,311435429,1,8,0,5,6,2,0,0,0,7,0,0,1,1,1,1,40,7,-1,-1,-1,-1,4,1,E01033404,0
Unvalidated,2024311435456,2024,311435456,1,9,0,5,8,4,0,8,0,0,0,0,1,1,6,1,57,9,-1,-1,-1,-1,1,1,E01013860,0
Unvalidated,2024311435523,2024,311435523,1,9,0,3,4,2,6,0,0,0,0,0,0,1,3,2,44,7,-1,-1,-1,-1,2,1,E01028230,0
Unvalidated,2024311435659,2024,311435659,1,8,0,9,1,5,0,2,0,0,0,0,1,1,1,1,40,7,-1,-1,-1,-1,2,1,E01013891,0
Unvalidated,2024311435659,2024,311435659,2,9,0,18,3,7,0,1,0,0,0,0,1,1,1,2,70,10,-1,-1,-1,-1,3,1,E01028127,0
Unvalidated,2024311435709,2024,311435709,1,9,0,3,3,7,0,0,0,0,0,0,2,1,6,2,34,6,-1,-1,-1,-1,2,1,E01028313,0
Unvalidated,2024311435709,2024,311435709,2,9,0,18,3,7,0,0,0,0,0,0,1,1,2,1,20,4,-1,-1,-1,-1,5,1,E01028314,0
Unvalidated,2024311435776,2024,311435776,1,9,0,18,7,7,0,1,0,0,0,0,1,1,5,1,55,8,-1,-1,-1,-1,3,1,E01013944,0
Unvalidated,2024311435776,2024,311435776,2,9,0,4,0,0,0,1,0,0,0,0,4,1,6,1,59,9,-1,-1,-1,-1,3,1,E01013930,0
Unvalidated,2024311435776,2024,311435776,3,90,0,18,3,7,0,1,0,0,0,0,1,1,5,1,28,6,-1,-1,-1,-1,1,1,E01013883,0
Unvalidated,2024311435886,2024,311435886,1,9,0,4,6,1,0,1,0,0,0,0,1,1,6,1,-1,-1,-1,-1,-1,-1,-1,-1,-1,0
Unvalidated,2024311435886,2024,311435886,2,9,0,3,6,1,0,4,0,0,0,0,2,1,5,2,23,5,-1,-1,-1,-1,-1,-1,-1,0
Unvalidated,2024311435926,2024,311435926,1,9,0,5,6,2,0,0,0,0,0,0,1,1,1,2,30,6,-1,-1,-1,-1,-1,-1,-1,0
Unvalidated,2024311435984,2024,311435984,1,90,0,18,5,1,0,8,0,0,0,0,1,1,6,1,20,4,-1,-1,-1,-1,-1,-1,-1,0
Unvalidated,2024311436140,2024,311436140,1,9,0,9,7,4,0,8,0,0,0,0,4,1,6,1,20,4,-1,-1,-1,-1,6,1,E01028109,0
Unvalidated,2024311436140,2024,311436140,2,1,0,18,2,7,0,1,2,0,0,0,1,1,5,1,59,9,-1,-1,-1,-1,8,1,E01027993,0
Unvalidated,2024311436178,2024,311436178,1,9,0,18,7,3,0,5,0,0,0,0,1,1,5,2,76,11,-1,-1,-1,-1,3,1,E01017501,0
Unvalidated,2024311436178,2024,311436178,2,9,0,5,7,3,0,5,0,0,0,0,3,1,5,2,41,7,-1,-1,-1,-1,4,1,E01013937,0
Unvalidated,2024311436178,2024,311436178,3,9,0,2,0,0,0,5,0,0,0,0,2,1,5,1,61,9,-1,-1,-1,-1,-1,-1,-1,0
Unvalidated,2024311436189,2024,311436189,1,19,0,-1,8,4,-1,0,0,0,7,11,1,1,-1,1,65,9,-1,-1,-1,-1,5,2,E01028362,0
Unvalidated,2024311436290,2024,311436290,1,8,0,18,2,6,0,0,0,0,0,0,1,1,1,1,38,7,-1,-1,-1,-1,1,1,E01013868,0
Unvalidated,2024311436290,2024,311436290,2,19,0,9,2,6,0,0,0,0,0,0,4,1,1,1,45,7,-1,-1,-1,-1,-1,-1,-1,0
Unvalidated,2024311436290,2024,311436290,3,9,0,18,6,2,0,0,0,0,0,0,1,1,6,1,36,7,-1,-1,-1,-1,-1,-1,-1,0
Unvalidated,2024311436306,2024,311436306,1,9,0,18,5,3,0,8,2,0,8,2,1,1,6,1,21,5,-1,-1,-1,-1,6,1,E01013837,0
Unvalidated,2024311436350,2024,311436350,1,9,0,18,1,2,0,0,2,0,0,0,1,1,5,1,-1,-1,-1,-1,-1,-1,9,1,E01026320,0
Unvalidated,2024311436355,2024,311436355,1,9,0,3,8,4,0,0,0,0,0,0,2,1,1,2,56,9,-1,-1,-1,-1,2,1,E01017165,0
Unvalidated,2024311436355,2024,311436355,2,21,0,3,8,4,0,0,0,0,0,0,1,1,1,1,59,9,-1,-1,-1,-1,8,1,E01026141,0
Unvalidated,2024311436360,2024,311436360,1,9,0,18,2,1,0,0,0,0,0,0,1,1,2,1,33,6,-1,-1,-1,-1,5,1,E01028286,0
Unvalidated,2024311436360,2024,311436360,2,9,0,18,1,2,0,0,0,0,0,0,1,1,5,1,43,7,-1,-1,-1,-1,-1,-1,-1,0
Unvalidated,2024311436360,2024,311436360,3,3,0,18,2,1,0,0,1,0,1,0,1,1,5,1,39,7,-1,-1,-1,-1,3,1,E01028310,0
Unvalidated,2024311436376,2024,311436376,1,5,0,18,3,1,0,8,0,0,0,0,1,1,5,1,59,9,-1,-1,-1,-1,6,1,E01028146,0
Unvalidated,2024311436376,2024,311436376,2,9,0,9,4,8,0,5,0,0,0,0,2,1,5,2,-1,-1,-1,-1,-1,-1,3,1,E01007781,0
Unvalidated,2024311436455,2024,311436455,1,8,0,12,5,1,0,0,0,0,4,2,1,1,2,1,55,8,-1,-1,-1,-1,1,1,E01013867,0
Unvalidated,2024311436729,2024,311436729,1,19,0,18,3,7,0,3,0,0,0,0,1,2,6,1,47,8,-1,-1,-1,-1,4,1,E01028272,0
Unvalidated,2024311436729,2024,311436729,2,9,0,18,3,7,0,2,0,0,0,0,2,2,6,2,67,10,-1,-1,-1,-1,4,1,E01028103,0
Unvalidated,2024311436753,2024,311436753,1,9,0,3,7,1,0,0,0,0,0,0,1,1,6,1,-1,-1,-1,-1,-1,-1,-1,-1,-1,0
Unvalidated,2024311436759,2024,311436759,1,9,0,9,6,4,0,1,0,0,0,0,1,1,6,1,28,6,-1,-1,-1,-1,3,1,E01013816,0
Unvalidated,2024311436759,2024,311436759,2,9,0,18,4,8,0,1,0,0,0,0,4,1,6,2,41,7,-1,-1,-1,-1,7,1,E01028107,0
Unvalidated,2024311436759,2024,311436759,3,11,0,18,8,4,0,2,0,0,0,0,2,1,1,1,48,8,-1,-1,-1,-1,8,1,E01027993,0
Unvalidated,2024311437114,2024,311437114,1,5,0,18,1,5,0,8,1,0,1,0,1,1,5,1,41,7,-1,-1,-1,-1,6,3,E01028152,0
Unvalidated,2024311437163,2024,311437163,1,9,0,18,1,1,0,1,1,0,7,10,1,1,6,1,76,11,-1,-1,-1,-1,-1,-1,-1,0
Unvalidated,2024311437163,2024,311437163,2,9,0,9,1,2,0,1,1,0,0,0,3,1,2,1,23,5,-1,-1,-1,-1,8,3,E01007599,0
Unvalidated,2024311437167,2024,311437167,1,5,0,13,3,7,0,1,0,0,0,0,1,1,5,1,39,7,-1,-1,-1,-1,9,1,E01013980,0
Unvalidated,2024311437167,2024,311437167,2,9,0,9,7,3,0,5,0,0,0,0,4,2,5,2,51,8,-1,-1,-1,-1,9,2,E01026360,0
Unvalidated,2024311437225,2024,311437225,1,9,0,18,1,5,0,1,0,0,0,0,3,1,6,2,49,8,-1,-1,-1,-1,-1,-1,-1,0
Unvalidated,2024311437225,2024,311437225,2,9,0,-1,-1,-1,0,1,-1,-1,-1,0,-1,1,6,1,21,5,-1,-1,-1,-1,5,1,E01028078,0
Unvalidated,2024311437413,2024,311437413,1,5,0,18,3,8,0,0,0,0,1,0,1,1,6,1,45,7,-1,-1,-1,-1,-1,-1,-1,0
Unvalidated,2024311437413,2024,311437413,2,19,0,11,4,8,0,0,0,0,0,0,4,1,1,1,38,7,-1,-1,-1,-1,-1,-1,-1,0
Unvalidated,2024311437513,2024,311437513,1,90,0,18,1,5,0,0,0,4,1,0,4,1,5,2,46,8,-1,-1,-1,-1,1,1,E01013841,0
Unvalidated,2024311437513,2024,311437513,2,9,0,2,5,5,0,0,0,0,0,0,2,1,6,1,38,7,-1,-1,-1,-1,1,1,E01013883,0
Unvalidated,2024311437560,2024,311437560,1,11,0,4,5,1,0,0,0,0,0,0,0,1,1,1,28,6,-1,-1,-1,-1,1,1,E01027968,0
Unvalidated,2024311437600,2024,311437600,1,11,0,18,5,1,2,0,0,0,0,0,0,1,1,2,58,9,-1,-1,-1,-1,8,1,E01019659,0
Unvalidated,2024311437600,2024,311437600,2,9,0,18,5,1,0,0,0,0,0,0,0,1,6,1,20,4,-1,-1,-1,-1,9,1,E01013981,0
Unvalidated,2024311437734,2024,311437734,1,9,0,18,7,1,0,8,0,0,0,0,0,1,6,3,-1,-1,-1,-1,-1,-1,-1,-1,-1,0
Unvalidated,2024311437734,2024,311437734,2,11,0,-1,-1,-1,-1,-1,-1,-1,-1,0,-1,1,1,1,45,7,-1,-1,-1,-1,-1,-1,-1,0
Unvalidated,2024311437786,2024,311437786,1,9,0,2,5,2,0,0,0,0,0,0,2,1,6,2,38,7,-1,-1,-1,-1,1,1,E01013879,0
Unvalidated,2024311437786,2024,311437786,2,9,0,18,5,1,0,0,0,0,0,0,1,1,2,1,58,9,-1,-1,-1,-1,2,1,E01028147,0
Unvalidated,2024311437801,2024,311437801,1,9,0,18,1,5,0,0,0,0,0,0,4,1,5,2,56,9,-1,-1,-1,-1,8,1,E01028182,0
Unvalidated,2024311437826,2024,311437826,1,11,0,5,5,1,0,0,0,0,0,0,0,1,1,1,55,8,-1,-1,-1,-1,-1,-1,-1,0
Unvalidated,2024311437832,2024,311437832,1,11,0,3,5,1,0,0,0,0,0,0,1,1,1,2,59,9,-1,-1,-1,-1,-1,-1,-1,0
Unvalidated,2024311437832,2024,311437832,2,9,0,3,5,1,0,0,0,0,0,0,2,1,3,1,18,4,-1,-1,-1,-1,-1,-1,-1,0
Unvalidated,2024311437866,2024,311437866,1,11,0,5,4,8,0,1,0,0,0,0,0,1,1,1,29,6,-1,-1,-1,-1,8,1,E01028246,0
Unvalidated,2024311437868,2024,311437868,1,9,0,18,1,5,0,0,1,0,0,0,0,1,6,1,20,4,-1,-1,-1,-1,-1,-1,-1,0
Unvalidated,2024311437895,2024,311437895,1,11,0,4,-1,-1,0,0,0,0,0,0,0,1,1,1,42,7,-1,-1,-1,-1,2,1,E01033400,0
Unvalidated,2024311438024,2024,311438024,1,9,0,6,4,2,0,0,0,0,0,0,3,1,2,2,37,7,-1,-1,-1,-1,10,3,E01019712,0
Unvalidated,2024311438024,2024,311438024,2,5,0,13,4,8,0,0,0,0,0,0,4,1,5,1,61,9,-1,-1,-1,-1,8,1,E01032991,0
Unvalidated,2024311438111,2024,311438111,1,9,0,18,2,6,0,1,0,4,0,0,1,1,5,2,28,6,-1,-1,-1,-1,3,3,E01028040,0
Unvalidated,2024311438111,2024,311438111,2,9,0,2,0,0,0,1,1,0,1,0,2,1,6,3,-1,-1,-1,-1,-1,-1,-1,-1,-1,0
Unvalidated,2024311438111,2024,311438111,3,9,0,4,0,0,0,2,0,0,0,0,2,1,6,3,-1,-1,-1,-1,-1,-1,-1,-1,-1,0
Unvalidated,2024311438166,2024,311438166,1,9,0,18,1,5,0,1,0,0,0,0,1,1,6,1,-1,-1,-1,-1,-1,-1,-1,-1,-1,0
Unvalidated,2024311438203,2024,311438203,1,9,0,4,3,7,0,0,0,0,0,0,2,1,6,1,62,9,-1,-1,-1,-1,9,3,E01028200,0
Unvalidated,2024311438203,2024,311438203,2,9,0,4,3,7,0,0,0,0,0,0,1,1,6,1,59,9,-1,-1,-1,-1,1,1,E01027930,0
Unvalidated,2024311438443,2024,311438443,1,9,0,15,5,1,0,0,1,7,0,0,4,1,5,2,81,11,-1,-1,-1,-1,10,2,E01028415,0
Unvalidated,2024311438443,2024,311438443,2,21,0,18,5,1,0,0,0,0,0,0,3,1,1,1,37,7,-1,-1,-1,-1,9,1,W01000286,0
Unvalidated,2024311438734,2024,311438734,1,9,0,9,2,6,0,2,0,0,0,0,4,1,6,1,-1,-1,-1,-1,-1,-1,-1,-1,-1,0
Unvalidated,2024311438734,2024,311438734,2,1,0,18,6,2,9,1,0,0,0,0,1,1,1,1,28,6,-1,-1,-1,-1,-1,-1,-1,0
Unvalidated,2024311438757,2024,311438757,1,9,0,18,3,7,0,1,0,0,0,0,1,1,5,1,19,4,-1,-1,-1,-1,9,1,E01028264,0
Unvalidated,2024311438757,2024,311438757,2,9,0,10,3,7,0,1,0,0,0,0,2,1,5,2,45,7,-1,-1,-1,-1,6,1,E01028236,0
Unvalidated,2024311438798,2024,311438798,1,9,0,18,7,3,0,8,0,0,1,11,1,1,1,1,45,7,-1,-1,-1,-1,-1,-1,-1,0
Unvalidated,2024311438937,2024,311438937,1,1,0,18,2,5,0,8,0,0,0,0,1,1,6,1,73,10,-1,-1,-1,-1,8,3,E01027999,0
Unvalidated,2024311438937,2024,311438937,2,9,0,5,1,5,0,4,0,0,0,0,1,1,2,2,43,7,-1,-1,-1,-1,-1,-1,-1,0
Unvalidated,2024311438963,2024,311438963,1,9,0,18,5,1,0,0,0,0,0,0,1,2,6,2,36,7,-1,-1,-1,-1,-1,-1,-1,0
Unvalidated,2024311438963,2024,311438963,2,9,3,2,5,5,0,0,0,0,0,0,2,1,6,1,32,6,-1,-1,-1,-1,-1,-1,-1,0
Unvalidated,2024311438966,2024,311438966,1,9,0,9,7,4,0,8,0,0,0,0,4,2,6,2,20,4,-1,-1,-1,-1,9,1,E01018171,0
Unvalidated,2024311438966,2024,311438966,2,9,0,18,2,6,0,8,0,0,0,0,1,2,6,1,31,6,-1,-1,-1,-1,1,1,E01013821,0
Unvalidated,2024311438991,2024,311438991,2,9,0,3,2,6,0,0,0,0,0,0,2,1,1,2,37,7,-1,-1,-1,-1,2,1,E01027942,0
Unvalidated,2024311438991,2024,311438991,3,19,0,4,2,6,0,0,0,0,0,0,1,1,1,1,30,6,-1,-1,-1,-1,-1,-1,-1,0
Unvalidated,2024311439007,2024,311439007,1,9,0,9,4,3,0,2,0,0,0,0,0,1,6,1,30,6,-1,-1,-1,-1,-1,-1,-1,0
Unvalidated,2024311439007,2024,311439007,2,1,0,18,3,7,4,1,0,0,0,0,0,1,6,1,22,5,-1,-1,-1,-1,-1,-1,-1,0
Unvalidated,2024311439011,2024,311439011,1,9,0,18,5,8,0,0,0,0,0,0,1,1,6,1,-1,-1,-1,-1,-1,-1,-1,-1,-1,0
Unvalidated,2024311439161,2024,311439161,1,9,0,18,1,5,0,0,0,0,0,0,4,1,6,2,27,6,-1,-1,-1,-1,-1,-1,-1,0
Unvalidated,2024311439161,2024,311439161,2,1,0,12,1,5,0,0,0,0,0,0,2,1,6,1,56,9,-1,-1,-1,-1,-1,-1,-1,0
Unvalidated,2024311439201,2024,311439201,1,9,4,18,5,7,0,0,0,0,0,0,3,1,6,3,31,6,-1,-1,-1,-1,-1,-1,-1,0
Unvalidated,2024311439201,2024,311439201,2,1,0,18,3,1,0,0,0,0,0,0,4,1,6,1,33,6,-1,-1,-1,-1,1,1,E01028320,0
Unvalidated,2024311439292,2024,311439292,1,8,0,18,1,3,0,0,0,0,1,0,1,1,1,1,44,7,-1,-1,-1,-1,-1,-1,-1,0
Unvalidated,2024311439304,2024,311439304,1,3,0,2,8,4,0,0,5,0,0,0,1,1,6,1,36,7,-1,-1,-1,-1,2,1,E01013919,0
Unvalidated,2024311439304,2024,311439304,2,9,0,1,4,8,0,0,0,0,0,0,2,1,6,1,48,8,-1,-1,-1,-1,1,1,E01033405,0
Unvalidated,2024311439379,2024,311439379,1,9,0,18,5,1,0,0,0,0,0,0,2,1,6,3,18,4,-1,-1,-1,-1,-1,-1,-1,0
Unvalidated,2024311439379,2024,311439379,2,16,0,18,4,8,0,0,0,0,0,0,2,1,6,2,36,7,-1,-1,-1,-1,-1,-1,-1,0
Unvalidated,2024311439407,2024,311439407,1,9,0,9,7,5,0,1,0,0,0,0,1,1,6,2,50,8,-1,-1,-1,-1,7,2,E01028154,0
Unvalidated,2024311439407,2024,311439407,2,19,0,10,7,5,0,1,0,0,0,0,1,1,5,1,49,8,-1,-1,-1,-1,3,2,E01028297,0
Unvalidated,2024311439407,2024,311439407,3,9,0,18,3,7,0,1,1,0,0,0,1,1,5,1,34,6,-1,-1,-1,-1,6,3,E01028295,0
Unvalidated,2024311439407,2024,311439407,4,9,0,2,3,7,6,2,0,0,0,0,2,1,6,3,-1,-1,-1,-1,-1,-1,-1,-1,-1,0
Unvalidated,2024311439427,2024,311439427,1,23,0,18,1,5,0,0,1,9,0,0,1,1,5,1,18,4,-1,-1,-1,-1,-1,-1,-1,0
Unvalidated,2024311439446,2024,311439446,1,19,0,4,6,2,9,1,0,0,0,0,1,2,1,1,65,9,-1,-1,-1,-1,2,1,E01028279,0
Unvalidated,2024311439446,2024,311439446,2,9,0,2,2,4,0,1,0,0,0,0,1,1,5,2,53,8,-1,-1,-1,-1,3,2,E01028339,0
Unvalidated,2024311439451,2024,311439451,1,9,0,7,4,6,0,5,0,0,0,0,1,1,6,1,27,6,-1,-1,-1,-1,-1,-1,-1,0
Unvalidated,2024311439451,2024,311439451,2,1,0,18,8,4,0,2,0,0,0,0,4,1,6,1,17,4,-1,-1,-1,-1,-1,-1,-1,0
Unvalidated,2024311439606,2024,311439606,1,1,0,18,5,1,0,0,0,0,0,0,2,1,5,1,74,10,-1,-1,-1,-1,10,1,E01028407,0
Unvalidated,2024311439606,2024,311439606,2,1,0,18,5,1,0,0,0,0,0,0,1,1,5,1,39,7,-1,-1,-1,-1,-1,-1,-1,0
Unvalidated,2024311439730,2024,311439730,1,9,0,4,3,7,0,0,0,0,0,0,2,1,6,2,44,7,-1,-1,-1,-1,4,1,E01027950,0
Unvalidated,2024311439730,2024,311439730,2,9,0,4,2,2,0,0,0,0,0,0,1,1,6,1,-1,-1,-1,-1,-1,-1,-1,-1,-1,0
Unvalidated,2024311439736,2024,311439736,1,9,0,18,5,1,0,0,0,0,0,0,0,1,5,1,76,11,-1,-1,-1,-1,-1,-1,-1,0
Unvalidated,2024311439743,2024,311439743,1,9,0,4,1,5,0,0,0,0,0,0,1,1,5,1,83,11,-1,-1,-1,-1,-1,-1,-1,0
Unvalidated,2024311439743,2024,311439743,2,1,0,18,8,4,0,0,0,0,0,0,4,1,6,1,45,7,-1,-1,-1,-1,-1,-1,-1,0
Unvalidated,2024311440039,2024,311440039,1,9,0,7,1,3,0,6,0,0,0,0,4,1,5,1,36,7,-1,-1,-1,-1,2,3,E01019549,0
Unvalidated,2024311440039,2024,311440039,2,1,0,18,3,7,9,1,1,0,0,0,3,1,5,1,14,3,-1,-1,-1,-1,8,1,E01028052,0
Unvalidated,2024311440064,2024,311440064,1,19,0,18,6,6,0,0,0,0,0,0,2,1,6,2,70,10,-1,-1,-1,-1,-1,-1,-1,0
Unvalidated,2024311440064,2024,311440064,2,1,0,18,2,6,0,0,0,0,0,0,1,1,6,1,62,9,-1,-1,-1,-1,-1,-1,-1,0
Unvalidated,2024311440099,2024,311440099,1,9,0,7,3,6,9,0,1,10,7,0,1,1,6,1,32,6,-1,-1,-1,-1,7,1,E01028157,0
Unvalidated,2024311440151,2024,311440151,1,9,0,18,3,7,0,1,0,0,0,0,1,1,6,3,-1,-1,-1,-1,-1,-1,-1,-1,-1,0
Unvalidated,2024311440253,2024,311440253,1,9,0,5,7,3,0,0,0,0,0,0,1,1,6,2,25,5,-1,-1,-1,-1,4,2,E01028343,0
Unvalidated,2024311440381,2024,311440381,1,9,0,12,1,5,0,0,0,0,0,0,2,1,6,2,28,6,-1,-1,-1,-1,-1,-1,-1,0
Unvalidated,2024311440381,2024,311440381,2,21,1,18,1,5,0,0,0,0,0,0,1,1,1,1,62,9,-1,-1,-1,-1,-1,-1,-1,0
Unvalidated,2024311440381,2024,311440381,3,21,1,18,1,5,0,0,0,0,0,0,1,1,1,1,57,9,-1,-1,-1,-1,-1,-1,-1,0
Unvalidated,2024311440421,2024,311440421,1,1,0,18,5,1,0,0,0,0,0,0,2,1,5,1,12,3,-1,-1,-1,-1,-1,-1,-1,0
Unvalidated,2024311440421,2024,311440421,2,9,0,9,5,3,0,0,0,0,0,0,1,1,5,2,38,7,-1,-1,-1,-1,7,2,E01028298,0
Unvalidated,2024311440426,2024,311440426,1,9,0,7,3,5,0,1,5,0,0,0,1,1,5,2,48,8,-1,-1,-1,-1,1,1,E01013833,0
Unvalidated,2024311440426,2024,311440426,2,9,0,18,1,5,0,2,0,0,0,0,4,1,6,2,35,6,-1,-1,-1,-1,1,1,E01013824,0
Unvalidated,2024311440445,2024,311440445,1,9,0,5,3,1,0,8,0,0,0,0,2,1,1,1,36,7,-1,-1,-1,-1,6,3,E01028037,0
Unvalidated,2024311440445,2024,311440445,2,1,0,18,5,1,0,8,0,0,0,0,4,1,2,1,50,8,-1,-1,-1,-1,9,1,E01028009,0
Unvalidated,2024311440471,2024,311440471,1,9,0,9,5,2,0,1,0,0,7,0,3,1,5,2,18,4,-1,-1,-1,-1,-1,2,-1,0
Unvalidated,2024311440471,2024,311440471,2,5,0,13,5,1,0,1,2,0,0,0,1,1,5,1,33,6,-1,-1,-1,-1,10,1,E01007674,0
Unvalidated,2024311440681,2024,311440681,1,98,0,18,8,5,0,1,0,0,0,0,4,1,6,1,43,7,-1,-1,-1,-1,1,1,E01013833,0
Unvalidated,2024311440681,2024,311440681,2,9,0,18,2,7,0,2,0,0,0,0,3,1,5,2,31,6,-1,-1,-1,-1,5,1,E01013831,0
Unvalidated,2024311440709,2024,311440709,1,9,0,18,8,4,0,2,0,0,0,0,1,1,6,3,-1,-1,-1,-1,-1,-1,-1,-1,-1,0
Unvalidated,2024311440709,2024,311440709,2,9,0,18,8,4,0,2,0,0,0,0,2,1,5,1,39,7,-1,-1,-1,-1,8,1,E01007685,0
Unvalidated,2024311440872,2024,311440872,1,9,0,4,8,4,9,2,0,0,0,0,1,1,3,2,57,9,-1,-1,-1,-1,4,1,E01028174,0
Unvalidated,2024311441111,2024,311441111,1,9,0,18,6,1,0,0,0,0,0,0,1,1,6,1,62,9,-1,-1,-1,-1,4,3,E01026105,0
Unvalidated,2024311441111,2024,311441111,2,98,0,18,1,6,0,0,0,0,2,0,1,1,1,2,65,9,-1,-1,-1,-1,6,3,E01026332,0
Unvalidated,2024311441111,2024,311441111,3,9,0,18,6,1,0,0,0,0,0,0,1,1,6,2,24,5,-1,-1,-1,-1,8,1,E01028184,0
Unvalidated,2024311441212,2024,311441212,1,9,0,18,1,5,0,1,0,0,0,0,1,1,6,3,-1,-1,-1,-1,-1,-1,-1,-1,-1,0
Unvalidated,2024311441212,2024,311441212,2,1,0,5,3,7,0,1,0,0,0,0,3,1,6,2,41,7,-1,-1,-1,-1,10,2,E01028414,0
Unvalidated,2024311441245,2024,311441245,1,9,0,6,8,1,0,1,0,0,0,0,3,1,6,2,63,9,-1,-1,-1,-1,3,1,E01028166,0
Unvalidated,2024311441245,2024,311441245,2,90,0,14,2,8,0,1,0,0,0,0,1,1,2,2,50,8,-1,-1,-1,-1,1,1,E01013962,0
Unvalidated,2024311441294,2024,311441294,1,9,0,18,4,8,0,0,0,0,1,9,1,1,6,1,30,6,-1,-1,-1,-1,-1,-1,-1,0
Unvalidated,2024311441294,2024,311441294,2,9,0,18,4,8,0,0,0,0,0,0,4,1,6,1,64,9,-1,-1,-1,-1,-1,-1,-1,0
Unvalidated,2024311441311,2024,311441311,1,9,0,4,7,3,0,1,0,0,1,0,2,1,5,1,39,7,-1,-1,-1,-1,10,2,E01028412,0
Unvalidated,2024311441311,2024,311441311,2,97,0,18,7,4,0,1,0,0,0,0,1,1,5,1,32,6,-1,-1,-1,-1,4,2,E01028366,0
Unvalidated,2024311441478,2024,311441478,1,9,0,3,5,1,0,1,0,0,0,0,4,1,6,2,40,7,-1,-1,-1,-1,-1,-1,-1,0