status,collision_index,collision_year,collision_reference,vehicle_reference,vehicle_type,towing_and_articulation,vehicle_manoeuvre,vehicle_direction_from,vehicle_direction_to,vehicle_location_restricted_lane,junction_location,skidding_and_overturning,hit_object_in_carriageway,vehicle_leaving_carriageway,hit_object_off_carriageway,first_point_of_impact,vehicle_left_hand_drive,journey_purpose_of_driver,sex_of_driver,age_of_driver,age_band_of_driver,engine_capacity_cc,propulsion_code,age_of_vehicle,generic_make_model,driver_imd_decile,driver_home_area_type,lsoa_of_driver,escooter_flag
Unvalidated,2024311441478,2024,311441478,2,19,0,1,8,2,6,6,0,0,0,0,2,1,6,1,48,8,-1,-1,-1,-1,2,1,E01028186,0
Unvalidated,2024311441501,2024,311441501,1,5,0,18,7,3,0,8,5,0,0,0,1,1,6,1,67,10,-1,-1,-1,-1,1,1,E01013861,0
Unvalidated,2024311441501,2024,311441501,2,3,0,18,3,7,0,8,2,0,0,0,1,1,6,1,24,5,-1,-1,-1,-1,1,1,E01013820,0
Unvalidated,2024311441561,2024,311441561,1,9,0,7,3,7,0,0,0,0,0,0,4,1,5,1,27,6,-1,-1,-1,-1,3,1,E01013929,0
Unvalidated,2024311441561,2024,311441561,2,1,0,18,3,7,0,0,0,0,1,0,1,1,5,1,22,5,-1,-1,-1,-1,1,1,E01013866,0
Unvalidated,2024311441601,2024,311441601,1,9,0,18,7,3,0,1,0,0,0,0,4,1,6,1,28,6,-1,-1,-1,-1,-1,-1,-1,0
Unvalidated,2024311441601,2024,311441601,2,1,0,18,1,6,0,1,0,0,0,0,1,1,1,1,33,6,-1,-1,-1,-1,-1,-1,-1,0
Unvalidated,2024311441602,2024,311441602,1,9,0,18,1,5,0,0,1,7,0,0,3,1,6,1,37,7,-1,-1,-1,-1,10,1,E01028139,0
Unvalidated,2024311441605,2024,311441605,1,9,-1,18,1,5,0,0,0,0,0,0,-1,1,6,3,-1,-1,-1,-1,-1,-1,-1,-1,-1,0
Unvalidated,2024311441613,2024,311441613,1,97,0,8,3,7,0,1,0,0,0,0,2,1,6,1,61,9,-1,-1,-1,-1,-1,-1,-1,0
Unvalidated,2024311441613,2024,311441613,2,9,0,8,3,7,0,1,0,0,0,0,1,1,6,1,36,7,-1,-1,-1,-1,-1,-1,-1,0
Unvalidated,2024311441654,2024,311441654,1,9,0,18,8,4,0,0,0,7,0,0,1,1,5,1,72,10,-1,-1,-1,-1,5,2,E01033413,0
Unvalidated,2024311441676,2024,311441676,1,9,0,3,5,6,0,3,0,0,1,0,1,1,6,2,41,7,-1,-1,-1,-1,3,1,E01008222,0
Unvalidated,2024311441676,2024,311441676,2,19,0,8,5,3,0,3,0,0,1,0,1,1,6,1,18,4,-1,-1,-1,-1,2,1,E01028311,0
Unvalidated,2024311441735,2024,311441735,1,9,0,18,-1,-1,0,0,0,0,0,0,1,1,6,3,-1,-1,-1,-1,-1,-1,-1,-1,-1,0
Unvalidated,2024311441740,2024,311441740,1,9,0,9,5,3,0,6,0,0,0,0,1,1,6,1,46,8,-1,-1,-1,-1,6,1,E01019669,0
Unvalidated,2024311441740,2024,311441740,2,1,0,18,1,5,0,6,0,0,0,0,1,1,6,1,25,5,-1,-1,-1,-1,-1,-1,-1,0
Unvalidated,2024311441749,2024,311441749,1,9,0,2,0,0,0,0,0,0,0,0,1,1,6,2,71,10,-1,-1,-1,-1,5,1,E01013913,0
Unvalidated,2024311441749,2024,311441749,2,-1,0,18,3,7,9,0,0,0,0,0,1,1,6,2,14,3,-1,-1,-1,-1,-1,-1,-1,0
Unvalidated,2024311441781,2024,311441781,1,9,0,18,7,3,0,8,0,0,0,0,1,1,5,1,56,9,-1,-1,-1,-1,1,1,E01013820,0
Unvalidated,2024311441781,2024,311441781,2,9,0,18,7,3,0,8,0,0,0,0,2,1,5,1,25,5,-1,-1,-1,-1,1,1,E01013865,0
Unvalidated,2024311441781,2024,311441781,3,9,0,18,7,3,0,8,0,0,0,0,2,1,5,1,31,6,-1,-1,-1,-1,8,3,E01019616,0
Unvalidated,2024311441786,2024,311441786,1,11,0,18,2,5,0,0,0,0,0,0,0,1,1,1,52,8,-1,-1,-1,-1,1,1,E01013920,0
Unvalidated,2024311441855,2024,311441855,1,9,0,18,6,2,0,0,0,0,0,0,2,2,6,1,26,6,-1,-1,-1,-1,1,1,E01028247,0
Unvalidated,2024311441855,2024,311441855,2,1,0,18,8,4,0,0,0,0,0,0,1,1,5,1,54,8,-1,-1,-1,-1,-1,-1,-1,0
Unvalidated,2024311441876,2024,311441876,1,9,0,18,1,5,0,0,0,0,0,0,1,1,6,2,33,6,-1,-1,-1,-1,5,1,E01019512,0
Unvalidated,2024311441876,2024,311441876,2,9,0,2,0,0,0,0,0,4,0,0,2,1,6,1,45,7,-1,-1,-1,-1,4,2,E01028343,0
Unvalidated,2024311441914,2024,311441914,1,9,0,7,3,5,0,1,0,0,0,0,4,1,6,1,21,5,-1,-1,-1,-1,8,3,E01024723,0
Unvalidated,2024311441914,2024,311441914,2,1,0,18,3,7,0,1,0,0,0,0,1,1,1,1,18,4,-1,-1,-1,-1,-1,-1,-1,0
Unvalidated,2024311442262,2024,311442262,1,1,0,18,1,5,0,8,0,0,0,0,1,1,5,2,22,5,-1,-1,-1,-1,-1,-1,-1,0
Unvalidated,2024311442262,2024,311442262,2,9,0,2,0,0,0,8,0,0,0,0,2,1,2,2,22,5,-1,-1,-1,-1,-1,-1,-1,0
Unvalidated,2024311442275,2024,311442275,1,9,0,3,7,3,0,1,0,0,0,0,3,1,6,2,66,10,-1,-1,-1,-1,5,2,E01028002,0
Unvalidated,2024311442317,2024,311442317,1,9,0,18,4,8,0,0,2,0,1,0,3,1,5,1,18,4,-1,-1,-1,-1,3,1,E01013873,0
Unvalidated,2024311442351,2024,311442351,1,9,0,7,1,5,0,1,0,0,0,0,1,1,6,1,61,9,-1,-1,-1,-1,3,1,E01013932,0
Unvalidated,2024311442537,2024,311442537,1,9,0,5,8,4,0,8,0,0,0,0,3,1,5,2,39,7,-1,-1,-1,-1,7,1,E01028277,0
Unvalidated,2024311442537,2024,311442537,2,1,0,18,5,1,0,8,0,0,0,0,1,1,2,1,35,6,-1,-1,-1,-1,2,1,E01028269,0
Unvalidated,2024311442557,2024,311442557,1,9,0,3,2,6,0,1,0,0,0,0,2,1,5,1,27,6,-1,-1,-1,-1,6,1,E01028162,0
Unvalidated,2024311442557,2024,311442557,2,9,0,18,2,6,0,1,0,0,0,0,1,1,6,3,-1,-1,-1,-1,-1,-1,-1,-1,-1,0
Unvalidated,2024311442755,2024,311442755,1,19,0,5,6,2,0,1,1,4,0,0,1,1,1,1,20,4,-1,-1,-1,-1,7,1,E01025807,0
Unvalidated,2024311442755,2024,311442755,2,21,0,18,4,1,0,1,1,4,0,0,3,1,1,1,31,6,-1,-1,-1,-1,5,1,E01019470,0
Unvalidated,2024311442770,2024,311442770,1,9,0,7,1,2,9,0,5,0,1,11,1,1,5,2,76,11,-1,-1,-1,-1,4,1,E01012428,0
Unvalidated,2024311443006,2024,311443006,1,9,0,6,7,3,0,8,0,0,0,0,4,1,6,2,70,10,-1,-1,-1,-1,5,1,E01013913,0
Unvalidated,2024311443006,2024,311443006,2,9,0,18,3,7,0,1,0,4,0,0,1,1,6,1,48,8,-1,-1,-1,-1,1,1,E01013820,0
Unvalidated,2024311443040,2024,311443040,1,9,0,18,2,6,0,0,0,0,0,0,1,1,3,2,45,7,-1,-1,-1,-1,1,1,E01013884,0
Unvalidated,2024311443157,2024,311443157,1,9,0,18,7,3,0,8,0,0,0,0,1,1,6,3,-1,-1,-1,-1,-1,-1,-1,-1,-1,0
Unvalidated,2024311443157,2024,311443157,2,9,0,2,7,3,0,8,0,0,0,0,2,1,2,2,44,7,-1,-1,-1,-1,1,1,E01028173,0
Unvalidated,2024311443251,2024,311443251,1,11,0,18,5,1,0,0,0,0,0,0,0,1,1,1,52,8,-1,-1,-1,-1,-1,-1,-1,0
Unvalidated,2024311443257,2024,311443257,1,9,0,18,4,8,0,0,1,0,0,0,-1,1,6,1,19,4,-1,-1,-1,-1,-1,-1,-1,0
Unvalidated,2024311443257,2024,311443257,2,9,0,18,4,8,0,0,0,0,0,0,-1,1,6,1,19,4,-1,-1,-1,-1,2,1,E01013835,0
Unvalidated,2024311443300,2024,311443300,1,11,0,18,6,2,2,1,0,0,0,0,0,1,1,1,56,9,-1,-1,-1,-1,2,1,E01019647,0
Unvalidated,2024311443300,2024,311443300,2,9,0,7,6,1,0,1,0,0,0,0,0,1,6,3,-1,-1,-1,-1,-1,-1,-1,-1,-1,0
Unvalidated,2024311443405,2024,311443405,1,3,0,15,5,1,0,0,0,0,0,0,1,1,1,1,34,6,-1,-1,-1,-1,2,1,E01013933,0
Unvalidated,2024311443405,2024,311443405,2,19,0,6,5,5,0,0,0,0,0,0,3,1,1,1,59,9,-1,-1,-1,-1,6,1,E01006864,0
Unvalidated,2024311443428,2024,311443428,1,9,0,6,3,3,0,0,0,0,0,0,4,1,5,2,66,10,-1,-1,-1,-1,7,1,E01028202,0
Unvalidated,2024311443428,2024,311443428,2,1,0,18,3,7,0,0,0,0,0,0,1,1,5,1,19,4,-1,-1,-1,-1,-1,-1,-1,0
Unvalidated,2024311443672,2024,311443672,1,19,0,18,7,3,0,1,0,0,0,0,1,1,6,3,-1,-1,-1,-1,-1,-1,-1,-1,-1,0
Unvalidated,2024311443672,2024,311443672,2,9,0,18,7,2,0,4,0,0,0,0,2,1,6,2,32,6,-1,-1,-1,-1,5,1,E01028314,0
Unvalidated,2024311443713,2024,311443713,1,9,0,18,3,7,0,1,0,0,0,0,1,1,6,2,23,5,-1,-1,-1,-1,6,1,E01028080,0
Unvalidated,2024311443742,2024,311443742,1,9,0,9,1,7,0,0,0,0,0,0,1,1,6,2,31,6,-1,-1,-1,-1,2,1,E01013888,0
Unvalidated,2024311443742,2024,311443742,2,9,0,18,7,4,0,0,0,0,0,0,1,1,6,2,21,5,-1,-1,-1,-1,7,2,E01028154,0
Unvalidated,2024311443771,2024,311443771,1,1,0,18,4,1,0,1,0,0,0,0,2,1,5,1,53,8,-1,-1,-1,-1,2,1,E01013569,0
Unvalidated,2024311443771,2024,311443771,2,9,5,13,4,1,0,1,0,0,0,0,4,1,6,3,-1,-1,-1,-1,-1,-1,-1,-1,-1,0
Unvalidated,2024311443832,2024,311443832,1,9,0,18,1,5,0,8,0,0,7,0,1,1,6,2,41,7,-1,-1,-1,-1,-1,-1,-1,0
Unvalidated,2024311443832,2024,311443832,2,21,0,18,5,1,0,8,1,0,8,11,1,1,1,1,56,9,-1,-1,-1,-1,-1,-1,-1,0
Unvalidated,2024311443898,2024,311443898,1,11,0,2,0,0,0,0,0,0,0,0,0,1,1,1,41,7,-1,-1,-1,-1,1,1,E01027939,0
Unvalidated,2024311444065,2024,311444065,1,9,0,18,4,8,0,0,0,7,8,0,1,1,6,2,26,6,-1,-1,-1,-1,10,1,E01013042,0
Unvalidated,2024311444176,2024,311444176,1,9,0,1,3,7,0,0,0,0,0,0,3,1,6,1,35,6,-1,-1,-1,-1,5,1,E01028022,0
Unvalidated,2024311444265,2024,311444265,1,9,0,2,0,0,0,0,0,0,0,0,1,1,6,3,-1,-1,-1,-1,-1,-1,-1,-1,-1,0
Unvalidated,2024311444265,2024,311444265,2,9,0,18,3,7,0,0,1,4,0,0,1,1,6,2,64,9,-1,-1,-1,-1,3,1,E01028282,0
Unvalidated,2024311444266,2024,311444266,1,11,0,18,7,3,0,0,0,0,0,0,0,1,1,1,30,6,-1,-1,-1,-1,1,1,E01013920,0
Unvalidated,2024311444266,2024,311444266,2,1,0,18,7,3,0,0,5,0,1,0,0,1,6,1,56,9,-1,-1,-1,-1,1,1,E01013818,0
Unvalidated,2024311444288,2024,311444288,1,9,0,4,7,7,0,0,0,0,0,0,0,1,5,1,18,4,-1,-1,-1,-1,-1,-1,-1,0
Unvalidated,2024311444313,2024,311444313,1,9,0,18,4,8,0,0,0,7,0,0,3,2,2,1,30,6,-1,-1,-1,-1,-1,-1,-1,0
Unvalidated,2024311444313,2024,311444313,2,21,1,15,4,8,0,0,0,7,0,0,4,2,1,1,47,8,-1,-1,-1,-1,-1,-1,-1,0
Unvalidated,2024311444338,2024,311444338,1,9,0,18,1,4,0,1,0,4,1,1,1,1,6,1,25,5,-1,-1,-1,-1,-1,-1,-1,0
Unvalidated,2024311444338,2024,311444338,2,9,0,2,0,0,0,1,0,0,0,0,1,1,6,3,-1,-1,-1,-1,-1,-1,-1,-1,-1,0
Unvalidated,2024311444347,2024,311444347,1,9,0,18,1,2,0,8,1,0,0,0,1,1,6,1,26,6,-1,-1,-1,-1,4,2,E01028343,0
Unvalidated,2024311444347,2024,311444347,2,9,0,5,1,2,0,6,1,0,0,0,1,1,2,1,52,8,-1,-1,-1,-1,9,1,E01013985,0
Unvalidated,2024311444352,2024,311444352,1,9,0,18,3,5,0,0,1,0,0,0,1,1,1,1,32,6,-1,-1,-1,-1,5,1,E01013931,0
Unvalidated,2024311444352,2024,311444352,2,9,0,18,6,2,0,0,0,0,0,0,1,1,6,2,32,6,-1,-1,-1,-1,8,1,E01027940,0
Unvalidated,2024311444468,2024,311444468,1,9,0,18,6,2,0,0,0,0,0,0,1,1,6,1,37,7,-1,-1,-1,-1,1,1,E01013812,0
Unvalidated,2024311444468,2024,311444468,2,11,0,18,6,2,0,0,0,0,0,0,2,1,1,1,40,7,-1,-1,-1,-1,-1,-1,-1,0
Unvalidated,2024311444591,2024,311444591,1,3,0,18,3,3,0,0,0,0,0,0,3,1,6,1,59,9,-1,-1,-1,-1,2,1,E01028230,0
Unvalidated,2024311444591,2024,311444591,2,9,0,18,3,3,0,0,0,0,0,0,4,2,2,2,57,9,-1,-1,-1,-1,2,1,E01028271,0
Unvalidated,2024311444698,2024,311444698,1,9,0,9,3,1,0,8,0,0,0,0,3,1,2,2,25,5,-1,-1,-1,-1,10,1,E01025678,0
Unvalidated,2024311444698,2024,311444698,2,1,0,18,1,5,0,1,0,8,0,0,1,1,2,1,32,6,-1,-1,-1,-1,7,1,E01028405,0
Unvalidated,2024311444733,2024,311444733,1,9,0,9,1,3,0,8,0,0,0,0,3,2,6,2,24,5,-1,-1,-1,-1,-1,-1,-1,0
Unvalidated,2024311444733,2024,311444733,2,3,0,18,3,7,0,1,0,0,0,0,1,1,6,1,17,4,-1,-1,-1,-1,8,2,E01028367,0
Unvalidated,2024311444812,2024,311444812,1,9,0,14,2,6,0,1,1,10,1,2,1,1,6,1,17,4,-1,-1,-1,-1,4,1,E01028098,0
Unvalidated,2024311444812,2024,311444812,2,9,0,10,4,2,0,1,0,0,0,0,3,1,6,1,35,6,-1,-1,-1,-1,6,1,E01028074,0
Unvalidated,2024311444953,2024,311444953,1,90,0,18,3,7,9,0,0,0,0,0,1,1,6,1,12,3,-1,-1,-1,-1,-1,-1,-1,0
Unvalidated,2024311445189,2024,311445189,1,19,0,18,5,2,0,8,0,10,1,1,1,1,2,1,82,11,-1,-1,-1,-1,4,2,E01028302,0
Unvalidated,2024311445242,2024,311445242,1,9,0,18,1,5,0,8,0,0,0,0,1,1,6,1,62,9,-1,-1,-1,-1,3,1,E01013929,0
Unvalidated,2024311445242,2024,311445242,2,90,0,11,3,7,0,8,0,0,0,0,3,1,6,1,14,3,-1,-1,-1,-1,1,1,E01013877,0
Unvalidated,2024311445331,2024,311445331,1,9,0,18,2,6,0,0,1,7,5,0,1,1,6,1,39,7,-1,-1,-1,-1,6,1,E01013928,0
Unvalidated,2024311445410,2024,311445410,1,20,0,18,7,3,9,0,0,4,0,0,1,1,1,1,21,5,-1,-1,-1,-1,8,1,E01032308,0
Unvalidated,2024311445426,2024,311445426,1,19,0,5,3,7,0,8,0,0,0,0,3,1,6,1,49,8,-1,-1,-1,-1,3,1,E01011868,0
Unvalidated,2024311445426,2024,311445426,2,1,0,5,3,7,0,8,0,0,0,0,4,1,6,2,53,8,-1,-1,-1,-1,1,1,E01028068,0
Unvalidated,2024311445485,2024,311445485,1,9,0,4,3,7,0,0,0,0,0,0,1,1,6,2,52,8,-1,-1,-1,-1,-1,-1,-1,0
Unvalidated,2024311445485,2024,311445485,2,9,0,2,3,7,0,0,0,0,0,0,2,1,6,2,54,8,-1,-1,-1,-1,-1,-1,-1,0
Unvalidated,2024311445485,2024,311445485,3,9,0,2,3,7,0,0,0,0,0,0,4,1,6,1,47,8,-1,-1,-1,-1,6,1,E01028372,0
Unvalidated,2024311445552,2024,311445552,1,19,0,18,1,7,0,0,0,0,0,0,2,1,6,1,-1,-1,-1,-1,-1,-1,-1,-1,-1,0
Unvalidated,2024311445552,2024,311445552,2,9,0,3,1,5,0,0,0,0,0,0,2,1,6,2,53,8,-1,-1,-1,-1,6,2,E01028326,0
Unvalidated,2024311445656,2024,311445656,1,90,-1,18,7,3,0,1,0,0,0,0,3,1,6,1,-1,-1,-1,-1,-1,-1,-1,-1,-1,0
Unvalidated,2024311445656,2024,311445656,2,1,-1,18,7,3,0,1,0,0,0,0,4,1,5,1,12,3,-1,-1,-1,-1,8,1,E01028047,0
Unvalidated,2024311445774,2024,311445774,1,9,0,10,8,4,0,1,0,0,0,0,1,1,5,2,55,8,-1,-1,-1,-1,8,1,E01033389,0
Unvalidated,2024311445774,2024,311445774,2,9,0,13,1,5,0,8,0,0,0,0,1,1,6,3,-1,-1,-1,-1,-1,-1,-1,-1,-1,0
Unvalidated,2024311446062,2024,311446062,1,9,0,18,7,3,0,8,0,0,1,0,3,1,6,1,19,4,-1,-1,-1,-1,6,1,E01028307,0
Unvalidated,2024311446062,2024,311446062,2,9,0,18,7,3,0,8,0,11,8,0,4,1,6,1,25,5,-1,-1,-1,-1,7,1,E01028287,0
Unvalidated,2024311446100,2024,311446100,1,9,0,9,4,3,0,0,0,0,0,0,1,1,6,1,17,4,-1,-1,-1,-1,10,2,E01025885,0
Unvalidated,2024311446100,2024,311446100,2,9,0,3,3,3,0,0,0,0,0,0,1,1,5,1,75,10,-1,-1,-1,-1,9,2,E01020457,0
Unvalidated,2024311446131,2024,311446131,1,9,0,9,5,1,0,1,2,0,0,0,1,1,6,1,79,11,-1,-1,-1,-1,8,2,E01028303,0
Unvalidated,2024311446316,2024,311446316,1,9,0,10,6,4,0,6,0,0,0,0,1,1,6,2,24,5,-1,-1,-1,-1,-1,-1,-1,0
Unvalidated,2024311446316,2024,311446316,2,9,0,4,8,4,0,1,0,0,0,0,3,1,6,1,28,6,-1,-1,-1,-1,1,1,E01013839,0
Unvalidated,2024311446333,2024,311446333,1,9,-1,18,5,1,0,1,0,0,0,0,1,1,6,3,-1,-1,-1,-1,-1,-1,-1,-1,-1,0
Unvalidated,2024311446333,2024,311446333,2,9,0,18,5,1,0,1,0,0,0,0,2,1,6,2,42,7,-1,-1,-1,-1,-1,-1,-1,0
Unvalidated,2024311446441,2024,311446441,1,9,0,18,7,3,0,1,0,0,0,0,3,1,5,2,68,10,-1,-1,-1,-1,9,1,E01028179,0
Unvalidated,2024311446493,2024,311446493,1,-1,0,1,1,6,9,0,0,0,0,0,2,1,6,3,-1,-1,-1,-1,-1,-1,-1,-1,-1,0
Unvalidated,2024311446493,2024,311446493,2,1,0,18,4,6,9,0,0,0,7,0,3,1,3,1,11,3,-1,-1,-1,-1,-1,-1,-1,0
Unvalidated,2024311446493,2024,311446493,3,1,0,18,4,6,0,0,0,0,0,0,3,1,3,1,11,3,-1,-1,-1,-1,-1,-1,-1,0
Unvalidated,2024311446712,2024,311446712,1,2,0,18,7,3,0,4,0,0,0,0,1,1,5,1,17,4,-1,-1,-1,-1,6,1,E01027979,0
Unvalidated,2024311446712,2024,311446712,2,9,0,9,7,5,0,3,0,0,0,0,4,1,6,1,45,7,-1,-1,-1,-1,1,1,E01013879,0
Unvalidated,2024311447048,2024,311447048,1,9,0,18,1,5,0,0,0,0,0,0,1,2,2,1,19,4,-1,-1,-1,-1,3,1,E01033392,0
Unvalidated,2024311447048,2024,311447048,2,9,0,18,5,1,0,0,0,0,0,0,1,1,2,1,37,7,-1,-1,-1,-1,-1,-1,-1,0
Unvalidated,2024311447184,2024,311447184,1,9,0,18,1,5,0,2,0,0,0,0,1,1,6,2,85,11,-1,-1,-1,-1,9,3,E01028408,0
Unvalidated,2024311447184,2024,311447184,2,3,0,18,5,1,0,1,0,0,0,0,1,1,1,1,22,5,-1,-1,-1,-1,10,1,E01019653,0
Unvalidated,2024311447194,2024,311447194,1,9,0,9,1,7,0,7,0,0,0,0,3,1,1,2,29,6,-1,-1,-1,-1,6,3,E01028037,0
Unvalidated,2024311447194,2024,311447194,2,9,0,18,7,3,0,1,0,0,0,0,4,1,1,1,60,9,-1,-1,-1,-1,9,3,E01033393,0
Unvalidated,2024311447225,2024,311447225,1,90,0,18,4,8,9,0,0,0,0,0,1,1,5,1,40,7,-1,-1,-1,-1,-1,-1,-1,0
Unvalidated,2024311447276,2024,311447276,1,9,0,18,2,6,0,1,0,0,0,0,2,1,6,1,37,7,-1,-1,-1,-1,-1,-1,-1,0
Unvalidated,2024311447276,2024,311447276,2,9,0,18,2,6,0,1,0,0,0,0,1,1,6,1,22,5,-1,-1,-1,-1,-1,-1,-1,0
Unvalidated,2024311447325,2024,311447325,1,9,0,5,1,5,0,1,0,0,0,0,4,1,1,1,58,9,-1,-1,-1,-1,10,1,E01028097,0
Unvalidated,2024311447325,2024,311447325,2,4,0,5,1,5,0,1,0,0,0,0,3,1,2,1,17,4,-1,-1,-1,-1,4,1,E01028211,0
Unvalidated,2024311447637,2024,311447637,1,9,0,5,5,1,0,8,0,0,0,0,3,1,3,2,17,4,-1,-1,-1,-1,-1,-1,-1,0
Unvalidated,2024311447637,2024,311447637,2,21,1,5,3,7,0,8,0,0,0,0,1,2,1,1,30,6,-1,-1,-1,-1,-1,-1,-1,0
Unvalidated,2024311447705,2024,311447705,1,9,0,5,1,5,0,1,0,0,0,0,1,1,6,1,22,5,-1,-1,-1,-1,9,1,E01028179,0
Unvalidated,2024311447705,2024,311447705,2,9,0,18,3,7,0,1,0,0,0,0,1,1,6,1,62,9,-1,-1,-1,-1,-1,-1,-1,0
Unvalidated,2024311447709,2024,311447709,1,9,-1,18,1,5,0,0,0,0,0,0,4,1,6,3,-1,-1,-1,-1,-1,-1,-1,-1,-1,0
Unvalidated,2024311447799,2024,311447799,1,8,0,3,1,5,0,1,0,0,0,0,3,1,1,1,51,8,-1,-1,-1,-1,-1,-1,-1,0
Unvalidated,2024311447799,2024,311447799,2,9,0,13,1,5,0,1,0,0,0,0,3,1,6,3,18,4,-1,-1,-1,-1,-1,-1,-1,0
Unvalidated,2024311447840,2024,311447840,1,9,0,18,3,7,0,1,0,0,3,0,3,1,5,1,62,9,-1,-1,-1,-1,4,1,E01015936,0
Unvalidated,2024311447840,2024,311447840,2,5,0,18,2,6,0,1,0,0,0,0,1,1,5,1,34,6,-1,-1,-1,-1,1,1,E01013862,0
Unvalidated,2024311447846,2024,311447846,1,11,0,18,4,1,2,0,0,0,0,0,0,1,1,1,62,9,-1,-1,-1,-1,5,1,E01027947,0
Unvalidated,2024311447846,2024,311447846,2,9,-1,18,6,7,0,0,0,0,0,0,0,1,1,1,-1,-1,-1,-1,-1,-1,-1,-1,-1,0
Unvalidated,2024311447989,2024,311447989,1,9,0,18,3,7,0,0,0,0,0,0,4,1,6,1,82,11,-1,-1,-1,-1,10,2,E01028328,0
Unvalidated,2024311447989,2024,311447989,2,9,0,2,0,0,0,0,0,0,0,0,4,1,5,1,34,6,-1,-1,-1,-1,2,2,E01028299,0
Unvalidated,2024311447991,2024,311447991,1,21,4,18,6,2,0,0,0,0,0,0,1,1,1,1,27,6,-1,-1,-1,-1,-1,-1,-1,0
Unvalidated,2024311447991,2024,311447991,2,21,4,18,4,8,0,0,0,0,0,0,2,1,1,1,51,8,-1,-1,-1,-1,-1,-1,-1,0
Unvalidated,2024311448000,2024,311448000,1,19,0,6,5,5,9,3,0,0,0,0,4,1,5,1,59,9,-1,-1,-1,-1,-1,-1,-1,0
Unvalidated,2024311448340,2024,311448340,1,9,0,18,6,2,0,0,0,0,7,4,3,1,2,1,62,9,-1,-1,-1,-1,6,1,E01019545,0
Unvalidated,2024311448482,2024,311448482,1,98,0,5,8,4,0,2,0,0,0,0,4,1,6,1,-1,-1,-1,-1,-1,-1,-1,-1,-1,0
Unvalidated,2024311448568,2024,311448568,1,19,0,18,2,6,0,1,1,0,1,1,1,1,5,1,59,9,-1,-1,-1,-1,5,1,E01027946,0
Unvalidated,2024311448568,2024,311448568,2,8,0,5,1,4,0,2,1,0,0,0,3,1,1,1,46,8,-1,-1,-1,-1,1,1,E01013958,0
Unvalidated,2024311448685,2024,311448685,1,9,0,18,1,5,0,0,0,0,7,0,1,1,5,1,73,10,-1,-1,-1,-1,5,1,E01027998,0
Unvalidated,2024311448777,2024,311448777,1,3,0,18,2,6,0,0,1,0,1,0,4,1,6,2,42,7,-1,-1,-1,-1,7,3,E01028007,0
Unvalidated,2024311448841,2024,311448841,1,1,0,5,6,6,0,0,0,0,0,0,4,1,2,1,40,7,-1,-1,-1,-1,-1,-1,-1,0
Unvalidated,2024311448841,2024,311448841,2,9,0,3,4,8,9,0,0,0,0,0,4,1,6,3,20,4,-1,-1,-1,-1,-1,-1,-1,0
Unvalidated,2024311448847,2024,311448847,1,9,0,18,2,6,0,0,0,0,0,0,3,1,1,1,31,6,-1,-1,-1,-1,2,1,E01028271,0
Unvalidated,2024311448847,2024,311448847,2,-1,0,6,6,5,0,0,0,0,0,0,1,1,6,3,-1,-1,-1,-1,-1,-1,-1,-1,-1,0
Unvalidated,2024311448935,2024,311448935,1,9,0,18,6,2,0,0,0,0,0,0,4,1,6,3,-1,-1,-1,-1,-1,-1,-1,-1,-1,0
Unvalidated,2024311448967,2024,311448967,1,9,0,18,3,6,0,2,0,0,0,0,3,1,6,1,23,5,-1,-1,-1,-1,8,1,E01002294,0
Unvalidated,2024311448967,2024,311448967,2,9,0,9,8,6,0,6,0,0,0,0,0,1,6,1,24,5,-1,-1,-1,-1,-1,-1,-1,0
Unvalidated,2024311448999,2024,311448999,1,8,0,1,5,1,0,1,0,0,0,0,2,1,1,1,35,6,-1,-1,-1,-1,6,1,E01013837,0
Unvalidated,2024311449004,2024,311449004,1,9,0,1,4,8,0,0,0,0,0,0,2,1,6,1,-1,-1,-1,-1,-1,-1,-1,-1,-1,0
Unvalidated,2024311449096,2024,311449096,1,9,0,15,4,8,0,1,1,0,0,0,1,1,6,2,27,6,-1,-1,-1,-1,6,1,E01013838,0
Unvalidated,2024311449096,2024,311449096,2,9,0,9,4,2,0,5,1,0,0,0,4,1,6,1,45,7,-1,-1,-1,-1,2,1,E01013972,0
Unvalidated,2024311449098,2024,311449098,1,3,0,15,4,8,0,2,1,0,0,0,1,1,6,1,41,7,-1,-1,-1,-1,7,1,E01019457,0
Unvalidated,2024311449098,2024,311449098,2,9,0,5,6,2,0,2,0,0,0,0,4,1,3,2,35,6,-1,-1,-1,-1,5,1,E01027941,0
Unvalidated,2024311449157,2024,311449157,1,9,0,9,5,3,0,8,0,0,0,0,4,1,5,2,24,5,-1,-1,-1,-1,-1,-1,-1,0
Unvalidated,2024311449157,2024,311449157,2,9,0,18,1,5,0,8,0,0,0,0,1,1,5,1,31,6,-1,-1,-1,-1,-1,-1,-1,0
Unvalidated,2024311449164,2024,311449164,1,9,0,18,1,3,0,0,1,0,1,4,4,1,5,1,29,6,-1,-1,-1,-1,6,1,E01028074,0
Unvalidated,2024311449323,2024,311449323,1,90,0,18,3,7,9,1,0,0,-1,0,-1,1,6,1,-1,-1,-1,-1,-1,-1,-1,-1,-1,0
Unvalidated,2024311449466,2024,311449466,1,1,0,10,8,6,9,0,1,0,0,0,1,1,6,1,16,4,-1,-1,-1,-1,-1,-1,-1,0
Unvalidated,2024311449587,2024,311449587,1,9,0,18,3,7,0,1,0,0,0,0,1,1,5,1,70,10,-1,-1,-1,-1,-1,-1,-1,0
Unvalidated,2024311449587,2024,311449587,2,90,0,18,1,5,0,1,0,0,0,0,3,1,6,2,14,3,-1,-1,-1,-1,-1,-1,-1,0