status,collision_index,collision_year,collision_reference,vehicle_reference,vehicle_type,towing_and_articulation,vehicle_manoeuvre,vehicle_direction_from,vehicle_direction_to,vehicle_location_restricted_lane,junction_location,skidding_and_overturning,hit_object_in_carriageway,vehicle_leaving_carriageway,hit_object_off_carriageway,first_point_of_impact,vehicle_left_hand_drive,journey_purpose_of_driver,sex_of_driver,age_of_driver,age_band_of_driver,engine_capacity_cc,propulsion_code,age_of_vehicle,generic_make_model,driver_imd_decile,driver_home_area_type,lsoa_of_driver,escooter_flag
Unvalidated,2024311449605,2024,311449605,1,3,0,18,7,3,0,2,0,0,0,0,4,1,5,1,18,4,-1,-1,-1,-1,3,1,E01025718,0
Unvalidated,2024311449648,2024,311449648,1,19,0,2,3,7,0,0,0,4,0,0,2,1,6,1,44,7,-1,-1,-1,-1,-1,-1,-1,0
Unvalidated,2024311449648,2024,311449648,2,9,0,2,3,7,0,0,0,4,0,0,2,1,6,3,-1,-1,-1,-1,-1,-1,-1,-1,-1,0
Unvalidated,2024311449657,2024,311449657,1,1,0,18,2,6,0,1,1,0,0,0,1,1,6,1,50,8,-1,-1,-1,-1,5,1,E01013542,0
Unvalidated,2024311449657,2024,311449657,2,9,0,8,2,3,0,1,0,0,0,0,1,1,6,1,21,5,-1,-1,-1,-1,-1,-1,-1,0
Unvalidated,2024311449658,2024,311449658,1,1,0,5,3,7,0,4,0,0,0,0,1,1,6,1,20,4,-1,-1,-1,-1,-1,-1,-1,0
Unvalidated,2024311449658,2024,311449658,2,9,0,18,2,5,0,4,0,0,0,0,1,1,6,3,-1,-1,-1,-1,-1,-1,-1,-1,-1,0
Unvalidated,2024311449915,2024,311449915,1,9,0,3,4,2,0,1,0,0,0,0,4,1,5,1,55,8,-1,-1,-1,-1,-1,-1,-1,0
Unvalidated,2024311450029,2024,311450029,1,9,0,18,4,8,0,2,0,0,0,0,2,1,5,1,65,9,-1,-1,-1,-1,2,1,E01028110,0
Unvalidated,2024311450029,2024,311450029,2,9,0,18,2,8,0,2,0,0,0,0,1,1,5,2,20,4,-1,-1,-1,-1,7,1,E01028124,0
Unvalidated,2024311450166,2024,311450166,1,11,0,18,8,4,0,0,0,0,0,0,0,1,1,2,40,7,-1,-1,-1,-1,2,1,E01013835,0
Unvalidated,2024311450416,2024,311450416,1,9,-1,18,4,8,0,0,0,0,0,0,0,1,6,3,-1,-1,-1,-1,-1,-1,-1,-1,-1,0
Unvalidated,2024311450416,2024,311450416,2,11,0,18,4,8,0,0,0,0,0,0,0,1,1,1,61,9,-1,-1,-1,-1,-1,-1,-1,0
Unvalidated,2024311450491,2024,311450491,1,98,0,18,3,7,0,0,0,0,0,0,1,1,1,1,50,8,-1,-1,-1,-1,-1,-1,-1,0
Unvalidated,2024311450491,2024,311450491,2,9,0,18,7,3,0,0,0,0,7,0,1,1,5,1,31,6,-1,-1,-1,-1,8,2,E01028367,0
Unvalidated,2024311450518,2024,311450518,1,11,0,4,5,1,0,0,0,0,0,0,1,1,1,1,62,9,-1,-1,-1,-1,-1,-1,-1,0
Unvalidated,2024311450540,2024,311450540,1,90,0,18,3,7,0,8,0,0,0,0,1,1,5,1,31,6,-1,-1,-1,-1,-1,-1,-1,0
Unvalidated,2024311450540,2024,311450540,2,9,0,18,1,5,0,2,0,0,0,0,1,1,5,2,20,4,-1,-1,-1,-1,5,2,E01028003,0
Unvalidated,2024311450543,2024,311450543,1,9,0,18,5,1,0,2,0,0,0,0,3,1,5,2,35,6,-1,-1,-1,-1,4,1,E01028239,0
Unvalidated,2024311450543,2024,311450543,2,9,0,18,1,5,0,1,1,0,0,0,4,1,5,1,37,7,-1,-1,-1,-1,-1,-1,-1,0
Unvalidated,2024311450568,2024,311450568,1,9,0,18,2,6,0,2,0,0,0,0,1,1,6,3,-1,-1,-1,-1,-1,-1,-1,-1,-1,0
Unvalidated,2024311450568,2024,311450568,2,1,0,18,4,8,0,2,0,0,0,0,4,1,6,1,14,3,-1,-1,-1,-1,-1,-1,-1,0
Unvalidated,2024311450613,2024,311450613,1,90,0,18,6,2,0,1,0,0,0,0,0,1,6,1,41,7,-1,-1,-1,-1,-1,-1,-1,0
Unvalidated,2024311450613,2024,311450613,2,9,0,9,2,1,0,5,0,0,0,0,0,1,5,2,19,4,-1,-1,-1,-1,5,1,E01013914,0
Unvalidated,2024311450644,2024,311450644,1,9,0,18,5,5,0,0,0,0,7,2,1,1,6,2,33,6,-1,-1,-1,-1,3,1,E01027955,0
Unvalidated,2024311450644,2024,311450644,2,9,0,13,5,5,0,0,0,0,0,0,3,1,6,1,48,8,-1,-1,-1,-1,-1,-1,-1,0
Unvalidated,2024311450651,2024,311450651,1,9,0,18,5,1,0,0,0,4,0,0,1,1,5,2,20,4,-1,-1,-1,-1,10,3,E01033175,0
Unvalidated,2024311450651,2024,311450651,2,9,0,18,1,5,0,0,0,0,0,0,2,1,5,1,39,7,-1,-1,-1,-1,6,1,E01032556,0
Unvalidated,2024311450660,2024,311450660,1,97,0,18,1,5,0,2,2,10,0,0,4,1,5,1,71,10,-1,-1,-1,-1,7,1,E01027961,0
Unvalidated,2024311450681,2024,311450681,1,9,3,18,7,3,0,0,0,0,0,0,4,1,5,2,47,8,-1,-1,-1,-1,6,1,E01007452,0
Unvalidated,2024311450681,2024,311450681,2,1,0,18,7,3,0,0,1,0,0,0,3,1,6,1,-1,-1,-1,-1,-1,-1,9,1,E01028009,0
Unvalidated,2024311450853,2024,311450853,1,9,0,18,7,3,0,2,0,0,0,0,4,1,5,2,66,10,-1,-1,-1,-1,8,2,E01028150,0
Unvalidated,2024311450861,2024,311450861,1,9,0,18,4,8,0,0,0,0,7,0,1,1,6,1,30,6,-1,-1,-1,-1,3,2,E01028297,0
Unvalidated,2024311450913,2024,311450913,1,9,0,18,2,5,0,0,5,0,0,0,1,1,5,2,72,10,-1,-1,-1,-1,8,1,E01012189,0
Unvalidated,2024311450913,2024,311450913,2,9,0,18,5,1,0,0,0,0,0,0,1,1,5,1,35,6,-1,-1,-1,-1,9,1,E01019328,0
Unvalidated,2024311451354,2024,311451354,1,9,0,13,5,1,0,1,0,10,0,0,1,2,5,1,26,6,-1,-1,-1,-1,3,1,E01013944,0
Unvalidated,2024311451550,2024,311451550,1,19,0,2,0,0,0,0,0,0,0,0,4,1,6,3,-1,-1,-1,-1,-1,-1,6,1,E01007908,0
Unvalidated,2024311451550,2024,311451550,2,1,0,18,6,2,9,0,0,0,0,0,1,1,6,2,18,4,-1,-1,-1,-1,-1,-1,-1,0
Unvalidated,2024311451579,2024,311451579,1,9,0,18,7,3,0,0,0,10,1,0,3,1,1,1,36,7,-1,-1,-1,-1,7,3,E01027647,0
Unvalidated,2024311451579,2024,311451579,2,9,0,18,3,7,0,0,0,0,0,0,1,1,6,2,75,10,-1,-1,-1,-1,8,2,E01028150,0
Unvalidated,2024311451671,2024,311451671,1,9,0,18,7,3,0,8,0,0,0,0,2,1,5,2,23,5,-1,-1,-1,-1,3,2,E01028254,0
Unvalidated,2024311451671,2024,311451671,2,9,0,18,4,2,0,8,0,0,0,0,2,1,5,2,70,10,-1,-1,-1,-1,9,1,E01028219,0
Unvalidated,2024311451721,2024,311451721,1,4,0,18,5,1,0,1,0,0,0,0,1,1,2,1,21,5,-1,-1,-1,-1,-1,-1,-1,0
Unvalidated,2024311451721,2024,311451721,2,9,0,9,7,5,0,1,0,0,0,0,4,1,1,1,22,5,-1,-1,-1,-1,-1,-1,-1,0
Unvalidated,2024311451754,2024,311451754,1,5,0,18,2,7,0,0,1,0,1,0,0,1,5,1,54,8,-1,-1,-1,-1,9,1,E01028214,0
Unvalidated,2024311451754,2024,311451754,2,9,0,18,7,1,0,0,0,0,0,0,0,1,5,1,56,9,-1,-1,-1,-1,10,3,E01028148,0
Unvalidated,2024311451853,2024,311451853,1,9,0,18,1,5,0,4,0,0,0,0,1,1,6,2,-1,-1,-1,-1,-1,-1,-1,-1,-1,0
Unvalidated,2024311451853,2024,311451853,2,9,0,3,1,2,0,1,0,0,0,0,2,1,6,2,54,8,-1,-1,-1,-1,6,3,E01025912,0
Unvalidated,2024311451906,2024,311451906,1,8,0,12,1,5,0,1,0,0,0,0,1,1,1,1,59,9,-1,-1,-1,-1,2,1,E01013919,0
Unvalidated,2024311451906,2024,311451906,2,1,0,5,3,1,0,6,0,0,0,0,1,1,2,1,21,5,-1,-1,-1,-1,1,1,E01013954,0
Unvalidated,2024311452122,2024,311452122,1,9,0,18,5,1,0,0,0,0,0,0,1,1,6,1,55,8,-1,-1,-1,-1,-1,-1,-1,0
Unvalidated,2024311452122,2024,311452122,2,9,0,3,5,1,0,0,0,0,0,0,2,1,6,1,30,6,-1,-1,-1,-1,-1,-1,-1,0
Unvalidated,2024311452142,2024,311452142,1,9,0,3,1,5,0,1,0,0,0,0,1,1,6,2,40,7,-1,-1,-1,-1,-1,-1,-1,0
Unvalidated,2024311452142,2024,311452142,2,9,0,3,1,5,0,1,0,0,0,0,2,1,6,2,40,7,-1,-1,-1,-1,-1,-1,-1,0
Unvalidated,2024311452177,2024,311452177,1,2,0,18,3,7,0,0,0,4,0,0,1,1,2,1,18,4,-1,-1,-1,-1,-1,-1,-1,0
Unvalidated,2024311452177,2024,311452177,2,19,0,3,3,7,0,0,0,0,0,0,2,1,1,1,39,7,-1,-1,-1,-1,2,1,E01013832,0
Unvalidated,2024311452211,2024,311452211,1,9,0,9,1,8,0,1,0,0,0,0,1,1,5,1,37,7,-1,-1,-1,-1,-1,-1,-1,0
Unvalidated,2024311452211,2024,311452211,2,9,0,18,5,1,0,1,0,0,0,0,1,1,6,2,19,4,-1,-1,-1,-1,-1,-1,-1,0
Unvalidated,2024311452264,2024,311452264,1,9,0,4,5,1,0,0,0,0,0,0,2,1,6,2,49,8,-1,-1,-1,-1,2,1,E01007783,0
Unvalidated,2024311452264,2024,311452264,2,9,0,5,5,1,0,0,0,4,0,0,1,1,6,1,-1,-1,-1,-1,-1,-1,-1,-1,-1,0
Unvalidated,2024311452276,2024,311452276,1,9,0,9,5,3,0,3,0,0,0,0,4,1,6,2,21,5,-1,-1,-1,-1,1,1,E01013860,0
Unvalidated,2024311452276,2024,311452276,2,9,0,18,1,5,0,4,0,0,0,0,1,1,6,1,31,6,-1,-1,-1,-1,2,1,E01013829,0
Unvalidated,2024311452379,2024,311452379,1,9,0,18,1,5,0,0,0,0,0,0,1,1,6,3,-1,-1,-1,-1,-1,-1,-1,-1,-1,0
Unvalidated,2024311452379,2024,311452379,2,9,0,3,1,5,0,0,0,0,0,0,2,1,6,2,51,8,-1,-1,-1,-1,4,1,E01025962,0
Unvalidated,2024311452447,2024,311452447,1,9,0,18,3,7,0,0,0,0,0,0,1,1,6,1,20,4,-1,-1,-1,-1,-1,-1,-1,0
Unvalidated,2024311452529,2024,311452529,1,9,0,18,1,5,0,0,0,0,0,0,4,1,6,1,63,9,-1,-1,-1,-1,-1,-1,-1,0
Unvalidated,2024311452542,2024,311452542,1,9,0,18,1,7,0,1,0,0,0,0,0,1,6,3,-1,-1,-1,-1,-1,-1,-1,-1,-1,0
Unvalidated,2024311452542,2024,311452542,2,11,0,18,5,1,0,1,0,0,0,0,0,1,1,1,72,10,-1,-1,-1,-1,1,1,E01013920,0
Unvalidated,2024311452752,2024,311452752,1,9,0,18,7,3,0,0,0,0,7,4,1,1,3,1,34,6,-1,-1,-1,-1,-1,-1,-1,0
Unvalidated,2024311452783,2024,311452783,1,9,0,5,0,2,0,0,1,0,0,0,3,1,6,1,39,7,-1,-1,-1,-1,9,1,E01028376,0
Unvalidated,2024311452783,2024,311452783,2,9,0,18,2,6,0,0,1,0,0,0,4,1,6,1,59,9,-1,-1,-1,-1,-1,-1,-1,0
Unvalidated,2024311452784,2024,311452784,1,1,0,18,7,3,9,1,0,0,0,0,1,1,6,1,20,4,-1,-1,-1,-1,2,1,E01028267,0
Unvalidated,2024311452784,2024,311452784,2,9,0,10,5,3,0,1,0,0,0,0,4,1,5,2,59,9,-1,-1,-1,-1,3,1,E01028229,0
Unvalidated,2024311452913,2024,311452913,1,9,0,18,7,3,0,0,0,0,0,0,1,1,6,1,76,11,-1,-1,-1,-1,5,1,E01028078,0
Unvalidated,2024311452913,2024,311452913,2,9,0,18,3,7,0,0,0,0,0,0,1,1,6,1,54,8,-1,-1,-1,-1,10,1,E01028087,0
Unvalidated,2024311453011,2024,311453011,1,90,0,18,7,3,0,6,0,0,3,0,4,1,6,3,16,4,-1,-1,-1,-1,-1,-1,-1,0
Unvalidated,2024311453015,2024,311453015,1,9,0,8,7,2,0,0,0,0,0,0,1,1,5,1,69,10,-1,-1,-1,-1,10,2,E01026206,0
Unvalidated,2024311453015,2024,311453015,2,98,0,10,5,3,0,0,0,0,0,0,1,1,1,1,64,9,-1,-1,-1,-1,7,1,E01007778,0
Unvalidated,2024311453023,2024,311453023,1,1,0,7,5,8,0,7,0,6,0,0,1,1,2,1,45,7,-1,-1,-1,-1,-1,-1,-1,0
Unvalidated,2024311453023,2024,311453023,2,9,0,18,4,8,0,8,0,0,0,0,1,1,6,3,35,6,-1,-1,-1,-1,-1,-1,-1,0
Unvalidated,2024311453074,2024,311453074,1,1,0,18,7,3,0,0,1,4,0,0,1,1,6,1,10,2,-1,-1,-1,-1,-1,-1,-1,0
Unvalidated,2024311453074,2024,311453074,2,9,0,2,0,0,0,0,0,0,0,0,2,1,6,3,-1,-1,-1,-1,-1,-1,-1,-1,-1,0
Unvalidated,2024311453124,2024,311453124,1,3,0,18,4,8,0,0,0,4,0,0,3,1,6,1,19,4,-1,-1,-1,-1,2,1,E01027986,0
Unvalidated,2024311453124,2024,311453124,2,9,0,2,0,0,0,0,0,0,0,0,3,1,6,3,-1,-1,-1,-1,-1,-1,-1,-1,-1,0
Unvalidated,2024311453125,2024,311453125,1,9,0,18,7,3,0,0,0,0,0,0,1,1,5,1,39,7,-1,-1,-1,-1,6,1,E01007974,0
Unvalidated,2024311453125,2024,311453125,2,9,0,3,1,5,0,0,0,0,0,0,1,1,6,1,45,7,-1,-1,-1,-1,-1,-1,-1,0
Unvalidated,2024311453125,2024,311453125,3,9,0,18,7,3,0,0,0,0,0,0,2,1,6,1,77,11,-1,-1,-1,-1,-1,-1,-1,0
Unvalidated,2024311453125,2024,311453125,4,9,0,18,7,3,0,0,0,0,0,0,2,1,6,1,54,8,-1,-1,-1,-1,-1,-1,-1,0
Unvalidated,2024311453155,2024,311453155,1,5,0,18,5,1,9,4,1,0,7,0,3,1,2,1,42,7,-1,-1,-1,-1,-1,-1,-1,0
Unvalidated,2024311453188,2024,311453188,1,9,0,18,2,6,0,0,0,0,0,0,2,1,6,1,54,8,-1,-1,-1,-1,7,3,E01026080,0
Unvalidated,2024311453188,2024,311453188,2,9,0,18,2,6,0,0,0,0,0,0,1,1,6,1,46,8,-1,-1,-1,-1,7,1,E01001915,0
Unvalidated,2024311453229,2024,311453229,1,1,0,4,2,6,0,1,5,0,0,0,4,1,6,1,31,6,-1,-1,-1,-1,6,1,E01028100,0
Unvalidated,2024311453229,2024,311453229,2,9,0,18,2,6,0,1,0,0,0,0,1,1,6,3,30,6,-1,-1,-1,-1,-1,-1,-1,0
Unvalidated,2024311453303,2024,311453303,1,11,0,18,7,3,0,0,0,0,0,0,3,1,1,1,46,8,-1,-1,-1,-1,6,1,E01019434,0
Unvalidated,2024311453303,2024,311453303,2,9,0,5,7,3,0,0,0,0,0,0,1,1,6,2,67,10,-1,-1,-1,-1,8,1,E01028119,0
Unvalidated,2024311453313,2024,311453313,1,9,0,4,8,3,0,0,0,0,0,0,0,1,6,2,43,7,-1,-1,-1,-1,5,1,E01027953,0
Unvalidated,2024311453313,2024,311453313,2,9,0,18,8,3,0,0,0,0,0,0,1,1,6,2,-1,-1,-1,-1,-1,-1,4,1,E01031895,0
Unvalidated,2024311453313,2024,311453313,3,9,0,18,7,3,0,0,0,0,0,0,2,1,6,3,-1,-1,-1,-1,-1,-1,-1,-1,-1,0
Unvalidated,2024311453313,2024,311453313,4,9,0,18,8,3,0,0,0,0,0,0,1,1,6,2,28,6,-1,-1,-1,-1,8,1,E01028093,0
Unvalidated,2024311453361,2024,311453361,1,9,0,18,3,1,0,0,0,0,0,0,4,1,5,1,44,7,-1,-1,-1,-1,3,1,E01028306,0
Unvalidated,2024311453380,2024,311453380,1,-1,-1,18,1,5,0,8,0,0,0,0,-1,1,6,3,-1,-1,-1,-1,-1,-1,-1,-1,-1,0
Unvalidated,2024311453398,2024,311453398,1,9,0,9,2,7,9,6,0,0,0,0,1,1,2,2,31,6,-1,-1,-1,-1,8,1,E01028182,0
Unvalidated,2024311453398,2024,311453398,2,1,0,18,4,8,9,8,0,0,0,0,3,1,6,1,29,6,-1,-1,-1,-1,4,1,E01033408,0
Unvalidated,2024311453401,2024,311453401,1,90,0,18,1,5,0,1,0,0,0,0,1,1,5,1,16,4,-1,-1,-1,-1,3,1,E01027927,0
Unvalidated,2024311453401,2024,311453401,2,9,0,7,5,7,0,8,0,0,0,0,3,1,5,1,75,10,-1,-1,-1,-1,6,1,E01027948,0
Unvalidated,2024311453527,2024,311453527,1,9,0,2,5,1,0,6,0,0,0,0,1,1,5,2,84,11,-1,-1,-1,-1,5,1,E01028012,0
Unvalidated,2024311453527,2024,311453527,2,9,0,18,5,1,0,3,0,0,0,0,1,1,6,2,62,9,-1,-1,-1,-1,3,1,E01028014,0
Unvalidated,2024311453561,2024,311453561,1,1,0,18,1,5,0,0,0,0,0,0,1,1,6,1,61,9,-1,-1,-1,-1,-1,-1,-1,0
Unvalidated,2024311453561,2024,311453561,2,1,0,18,1,5,0,0,0,0,0,0,1,1,6,1,54,8,-1,-1,-1,-1,-1,-1,-1,0
Unvalidated,2024311453651,2024,311453651,1,8,0,18,6,1,0,1,0,11,0,0,1,1,5,1,37,7,-1,-1,-1,-1,2,1,E01015599,0
Unvalidated,2024311453651,2024,311453651,2,9,0,18,4,8,0,1,0,0,0,0,2,1,6,1,28,6,-1,-1,-1,-1,7,2,E01025926,0
Unvalidated,2024311453724,2024,311453724,1,9,0,4,7,3,0,0,0,0,0,0,2,1,5,1,68,10,-1,-1,-1,-1,3,1,E01028282,0
Unvalidated,2024311453724,2024,311453724,2,9,0,18,7,3,0,0,0,0,0,0,1,1,6,3,60,9,-1,-1,-1,-1,-1,-1,-1,0
Unvalidated,2024311453740,2024,311453740,1,9,0,4,4,8,0,2,0,0,0,0,1,1,6,2,41,7,-1,-1,-1,-1,6,1,E01028146,0
Unvalidated,2024311453740,2024,311453740,2,9,0,1,4,4,0,2,0,0,0,0,2,1,6,1,37,7,-1,-1,-1,-1,-1,-1,-1,0
Unvalidated,2024311453855,2024,311453855,1,11,0,18,1,2,2,0,0,0,0,0,0,1,1,2,40,7,-1,-1,-1,-1,1,1,E01013820,0
Unvalidated,2024311453908,2024,311453908,1,5,0,18,2,4,0,0,0,0,0,0,4,1,6,1,38,7,-1,-1,-1,-1,10,1,E01028084,0
Unvalidated,2024311453908,2024,311453908,2,4,0,5,4,2,0,0,0,0,0,0,1,1,6,1,21,5,-1,-1,-1,-1,10,1,E01028084,0
Unvalidated,2024311454040,2024,311454040,1,9,0,18,2,4,0,1,0,0,0,0,1,1,2,2,47,8,-1,-1,-1,-1,2,1,E01013916,0
Unvalidated,2024311454046,2024,311454046,1,9,0,7,7,3,0,0,0,0,0,0,3,1,6,1,33,6,-1,-1,-1,-1,1,1,E01019509,0
Unvalidated,2024311454046,2024,311454046,2,9,0,18,4,8,0,0,5,0,0,0,1,1,5,1,73,10,-1,-1,-1,-1,3,2,E01028297,0
Unvalidated,2024311454046,2024,311454046,3,9,0,18,4,8,0,0,0,0,0,0,1,1,6,1,27,6,-1,-1,-1,-1,3,1,E01027977,0
Unvalidated,2024311454048,2024,311454048,1,9,0,13,4,8,0,3,0,0,0,0,3,1,6,3,40,7,-1,-1,-1,-1,-1,-1,-1,0
Unvalidated,2024311454048,2024,311454048,2,1,0,9,4,8,0,3,0,0,0,0,4,1,6,1,64,9,-1,-1,-1,-1,-1,-1,-1,0
Unvalidated,2024311454110,2024,311454110,1,9,0,4,7,3,0,0,0,0,0,0,3,1,1,2,56,9,-1,-1,-1,-1,3,1,E01028187,0
Unvalidated,2024311454110,2024,311454110,2,3,0,4,7,3,0,0,0,0,0,0,3,1,5,1,25,5,-1,-1,-1,-1,-1,-1,-1,0
Unvalidated,2024311454110,2024,311454110,3,3,0,4,7,3,0,0,0,0,0,0,4,1,5,1,53,8,-1,-1,-1,-1,9,1,E01013979,0
Unvalidated,2024311454111,2024,311454111,1,1,0,18,5,1,0,4,0,9,1,0,1,1,6,1,29,6,-1,-1,-1,-1,-1,-1,-1,0
Unvalidated,2024311454210,2024,311454210,1,1,0,18,1,5,0,1,2,10,7,0,1,1,5,1,14,3,-1,-1,-1,-1,-1,-1,-1,0
Unvalidated,2024311454210,2024,311454210,2,9,0,9,3,1,0,2,0,0,0,0,4,1,5,1,44,7,-1,-1,-1,-1,-1,-1,-1,0
Unvalidated,2024311454251,2024,311454251,1,19,0,7,8,2,0,6,0,0,0,0,0,1,6,1,22,5,-1,-1,-1,-1,1,1,E01013859,0
Unvalidated,2024311454264,2024,311454264,1,20,0,18,2,6,0,0,0,0,0,0,1,1,1,1,70,10,-1,-1,-1,-1,3,1,E01019657,0
Unvalidated,2024311454264,2024,311454264,2,9,0,18,2,6,0,0,0,0,7,0,4,1,6,2,53,8,-1,-1,-1,-1,8,1,E01028235,0
Unvalidated,2024311454264,2024,311454264,3,8,0,18,6,2,0,0,0,0,0,0,2,1,1,1,33,6,-1,-1,-1,-1,2,1,E01013853,0
Unvalidated,2024311454264,2024,311454264,4,97,0,18,6,2,0,0,0,0,0,0,1,1,6,1,37,7,-1,-1,-1,-1,-1,1,-1,0
Unvalidated,2024311454264,2024,311454264,5,19,0,18,6,2,0,0,0,0,0,0,1,1,6,1,60,9,-1,-1,-1,-1,2,1,E01028269,0
Unvalidated,2024311454264,2024,311454264,6,21,1,18,6,2,0,0,0,0,0,0,2,1,1,1,39,7,-1,-1,-1,-1,-1,-1,-1,0
Unvalidated,2024311454300,2024,311454300,1,9,0,18,2,6,0,0,0,0,0,0,1,1,1,2,52,8,-1,-1,-1,-1,1,1,E01013867,0
Unvalidated,2024311454338,2024,311454338,1,1,0,5,2,4,0,0,0,0,0,0,3,1,6,1,24,5,-1,-1,-1,-1,-1,-1,-1,0
Unvalidated,2024311454338,2024,311454338,2,9,0,5,2,4,0,0,0,0,0,0,1,1,6,3,25,5,-1,-1,-1,-1,-1,-1,-1,0
Unvalidated,2024311454481,2024,311454481,1,3,0,18,8,4,0,0,2,7,0,0,4,1,6,1,42,7,-1,-1,-1,-1,6,1,E01027926,0
Unvalidated,2024311454571,2024,311454571,1,9,0,18,1,5,0,0,5,7,0,0,3,1,5,2,24,5,-1,-1,-1,-1,1,1,E01013881,0
Unvalidated,2024311454578,2024,311454578,1,9,0,18,6,2,0,0,0,0,7,0,1,1,5,2,40,7,-1,-1,-1,-1,-1,-1,-1,0
Unvalidated,2024311454602,2024,311454602,1,97,0,18,3,3,0,0,0,0,0,0,1,1,6,3,20,4,-1,-1,-1,-1,-1,-1,-1,0
Unvalidated,2024311454602,2024,311454602,2,9,0,4,3,3,0,0,0,0,0,0,2,1,6,2,24,5,-1,-1,-1,-1,5,1,E01013931,0
Unvalidated,2024311454671,2024,311454671,1,9,0,18,1,5,0,2,1,0,0,0,1,1,6,1,-1,-1,-1,-1,-1,-1,-1,-1,-1,0
Unvalidated,2024311454671,2024,311454671,2,9,0,18,1,5,0,2,0,0,0,0,2,1,6,2,45,7,-1,-1,-1,-1,5,1,E01013913,0
Unvalidated,2024311454692,2024,311454692,1,19,0,18,1,1,0,0,0,0,0,0,1,1,6,1,34,6,-1,-1,-1,-1,-1,-1,-1,0
Unvalidated,2024311454692,2024,311454692,2,19,0,18,1,1,0,0,0,0,0,0,2,1,1,2,34,6,-1,-1,-1,-1,-1,-1,-1,0
Unvalidated,2024311454692,2024,311454692,3,19,0,18,1,1,0,0,0,0,0,0,2,1,1,2,46,8,-1,-1,-1,-1,-1,-1,-1,0
Unvalidated,2024311454735,2024,311454735,1,9,0,7,2,6,0,1,0,0,0,0,3,1,6,3,44,7,-1,-1,-1,-1,-1,-1,-1,0
Unvalidated,2024311454809,2024,311454809,1,11,0,7,6,1,0,2,0,0,0,0,0,1,1,1,42,7,-1,-1,-1,-1,1,1,E01013920,0
Unvalidated,2024311454845,2024,311454845,1,9,0,18,8,8,0,0,0,0,0,0,0,1,6,3,16,4,-1,-1,-1,-1,-1,-1,-1,0
Unvalidated,2024311454864,2024,311454864,1,9,0,18,1,5,0,8,0,0,0,0,4,1,2,1,40,7,-1,-1,-1,-1,-1,-1,-1,0
Unvalidated,2024311454864,2024,311454864,2,9,0,18,7,3,0,1,0,0,0,0,1,1,2,2,71,10,-1,-1,-1,-1,4,1,E01028294,0
Unvalidated,2024311454960,2024,311454960,1,9,0,18,2,6,0,3,5,0,4,0,1,1,6,1,20,4,-1,-1,-1,-1,9,1,E01028197,0
Unvalidated,2024311454967,2024,311454967,1,9,0,1,2,6,0,2,0,0,0,0,2,1,1,1,48,8,-1,-1,-1,-1,-1,-1,-1,0
Unvalidated,2024311454972,2024,311454972,1,9,0,18,3,7,0,0,1,11,0,0,1,1,6,1,51,8,-1,-1,-1,-1,1,2,E01007809,0
Unvalidated,2024311454996,2024,311454996,1,97,0,18,7,7,0,0,2,0,0,0,1,1,5,1,15,3,-1,-1,-1,-1,1,1,E01013868,0
Unvalidated,2024311455000,2024,311455000,1,9,0,4,5,1,0,0,0,0,0,0,4,1,6,2,80,11,-1,-1,-1,-1,7,1,E01028202,0
Unvalidated,2024311455000,2024,311455000,2,1,-1,-1,-1,-1,-1,0,-1,-1,-1,0,-1,1,6,2,40,7,-1,-1,-1,-1,-1,-1,-1,0
Unvalidated,2024311455027,2024,311455027,1,5,0,18,6,2,0,0,2,0,0,0,4,1,5,1,41,7,-1,-1,-1,-1,1,1,E01027951,0
Unvalidated,2024311455287,2024,311455287,1,9,0,1,4,6,0,1,0,0,0,0,2,1,6,1,48,8,-1,-1,-1,-1,3,1,E01013944,0
Unvalidated,2024311455460,2024,311455460,1,9,0,7,5,1,0,0,0,0,0,0,2,1,6,1,78,11,-1,-1,-1,-1,10,2,E01028198,0
Unvalidated,2024311455460,2024,311455460,2,9,0,18,3,7,0,0,2,0,7,0,1,1,2,1,25,5,-1,-1,-1,-1,10,2,E01028201,0
Unvalidated,2024311455460,2024,311455460,3,9,0,18,7,3,0,0,0,0,0,0,1,1,6,1,57,9,-1,-1,-1,-1,4,1,E01027982,0
Unvalidated,2024311455506,2024,311455506,1,9,0,18,3,7,0,0,0,0,7,0,1,1,6,1,34,6,-1,-1,-1,-1,4,1,E01028305,0
Unvalidated,2024311455525,2024,311455525,1,9,0,18,1,5,0,0,1,7,0,0,1,1,6,2,40,7,-1,-1,-1,-1,5,1,E01010585,0
Unvalidated,2024311455543,2024,311455543,1,1,0,18,7,3,0,0,0,0,0,0,1,1,6,1,14,3,-1,-1,-1,-1,6,3,E01028349,0
Unvalidated,2024311455543,2024,311455543,2,9,-1,7,7,3,0,0,0,0,0,0,4,1,3,1,42,7,-1,-1,-1,-1,4,1,E01028291,0
Unvalidated,2024311455559,2024,311455559,1,9,0,18,2,3,0,2,0,0,0,0,1,1,2,1,38,7,-1,-1,-1,-1,2,2,E01028223,0
Unvalidated,2024311455595,2024,311455595,1,2,0,5,5,3,0,6,0,0,0,0,1,1,6,1,16,4,-1,-1,-1,-1,-1,-1,-1,0
Unvalidated,2024311455595,2024,311455595,2,9,0,5,3,7,0,6,0,0,0,0,1,1,6,2,25,5,-1,-1,-1,-1,-1,-1,-1,0
Unvalidated,2024311455624,2024,311455624,1,9,0,18,5,1,0,0,0,0,0,0,1,1,6,1,48,8,-1,-1,-1,-1,1,1,E01013958,0