status,collision_index,collision_year,collision_reference,vehicle_reference,vehicle_type,towing_and_articulation,vehicle_manoeuvre,vehicle_direction_from,vehicle_direction_to,vehicle_location_restricted_lane,junction_location,skidding_and_overturning,hit_object_in_carriageway,vehicle_leaving_carriageway,hit_object_off_carriageway,first_point_of_impact,vehicle_left_hand_drive,journey_purpose_of_driver,sex_of_driver,age_of_driver,age_band_of_driver,engine_capacity_cc,propulsion_code,age_of_vehicle,generic_make_model,driver_imd_decile,driver_home_area_type,lsoa_of_driver,escooter_flag
Unvalidated,2024311455625,2024,311455625,1,5,0,18,1,5,0,2,0,0,0,0,1,1,6,1,30,6,-1,-1,-1,-1,-1,-1,-1,0
Unvalidated,2024311455625,2024,311455625,2,9,0,2,5,1,0,1,0,0,0,0,1,1,6,3,-1,-1,-1,-1,-1,-1,-1,-1,-1,0
Unvalidated,2024311455814,2024,311455814,1,9,0,18,3,7,0,1,0,0,0,0,1,1,5,2,62,9,-1,-1,-1,-1,-1,-1,-1,0
Unvalidated,2024311455814,2024,311455814,2,9,0,5,5,1,0,6,0,0,0,0,3,1,5,1,82,11,-1,-1,-1,-1,-1,-1,-1,0
Unvalidated,2024311455819,2024,311455819,1,9,0,18,5,2,0,0,0,0,1,0,1,1,6,1,36,7,-1,-1,-1,-1,2,1,E01013829,0
Unvalidated,2024311455819,2024,311455819,2,9,0,18,2,5,0,0,0,0,0,0,1,1,6,1,18,4,-1,-1,-1,-1,-1,-1,-1,0
Unvalidated,2024311455837,2024,311455837,1,9,0,5,1,5,0,4,0,0,0,0,1,1,6,2,31,6,-1,-1,-1,-1,10,3,E01028412,0
Unvalidated,2024311455837,2024,311455837,2,9,0,18,3,5,0,3,0,0,0,0,1,1,6,1,48,8,-1,-1,-1,-1,1,1,E01013920,0
Unvalidated,2024311455847,2024,311455847,1,90,0,18,4,8,0,1,2,0,0,0,0,1,5,1,48,8,-1,-1,-1,-1,-1,-1,-1,1
Unvalidated,2024311455860,2024,311455860,1,9,0,18,1,5,0,0,0,7,5,0,1,1,5,2,74,10,-1,-1,-1,-1,8,1,E01007678,0
Unvalidated,2024311455941,2024,311455941,1,3,0,18,1,5,0,0,1,0,8,0,1,1,6,1,35,6,-1,-1,-1,-1,3,2,E01028339,0
Unvalidated,2024311455941,2024,311455941,2,9,0,18,5,1,0,0,0,0,0,0,1,1,6,1,36,7,-1,-1,-1,-1,3,2,E01028338,0
Unvalidated,2024311456051,2024,311456051,1,9,0,18,3,3,0,0,0,0,0,0,1,1,2,1,59,9,-1,-1,-1,-1,9,1,E01028241,0
Unvalidated,2024311456051,2024,311456051,2,11,0,18,7,3,0,0,0,0,0,0,1,1,1,1,44,7,-1,-1,-1,-1,4,1,-1,0
Unvalidated,2024311456192,2024,311456192,1,11,0,18,4,8,0,2,1,0,0,0,2,1,1,1,40,7,-1,-1,-1,-1,10,2,E01026189,0
Unvalidated,2024311456192,2024,311456192,2,11,0,18,4,7,0,2,0,0,0,0,1,1,1,1,19,4,-1,-1,-1,-1,5,3,E01026414,0
Unvalidated,2024311456270,2024,311456270,1,9,0,18,6,4,0,0,1,10,3,11,4,1,5,1,31,6,-1,-1,-1,-1,1,1,E01026129,0
Unvalidated,2024311456307,2024,311456307,1,9,0,5,5,1,9,0,0,0,0,0,1,1,6,1,35,6,-1,-1,-1,-1,-1,-1,-1,0
Unvalidated,2024311456307,2024,311456307,2,1,0,18,6,2,5,0,0,0,0,0,1,1,6,1,32,6,-1,-1,-1,-1,6,1,E01032172,0
Unvalidated,2024311456394,2024,311456394,1,9,0,18,8,4,0,0,0,11,0,0,1,1,6,2,33,6,-1,-1,-1,-1,-1,-1,-1,0
Unvalidated,2024311456594,2024,311456594,1,1,0,18,8,4,0,0,0,4,0,0,1,1,6,1,78,11,-1,-1,-1,-1,4,2,E01028038,0
Unvalidated,2024311456594,2024,311456594,2,9,0,2,0,0,0,0,0,0,0,0,2,1,6,3,-1,-1,-1,-1,-1,-1,-1,-1,-1,0
Unvalidated,2024311456597,2024,311456597,1,9,0,18,1,5,0,0,0,0,0,0,1,1,6,3,30,6,-1,-1,-1,-1,-1,-1,-1,0
Unvalidated,2024311456597,2024,311456597,2,1,0,18,3,7,0,0,0,0,0,0,1,1,6,1,13,3,-1,-1,-1,-1,1,1,E01013846,0
Unvalidated,2024311456615,2024,311456615,1,9,0,3,6,2,0,0,0,0,0,0,2,1,2,2,42,7,-1,-1,-1,-1,3,1,E01013915,0
Unvalidated,2024311456615,2024,311456615,2,9,0,18,4,2,0,0,0,0,0,0,1,1,6,3,-1,-1,-1,-1,-1,-1,-1,-1,-1,0
Unvalidated,2024311456647,2024,311456647,1,9,0,18,5,1,0,0,0,0,0,0,1,1,6,3,9,2,-1,-1,-1,-1,-1,-1,-1,0
Unvalidated,2024311456647,2024,311456647,2,1,0,5,1,2,0,0,0,0,0,0,1,1,6,1,9,2,-1,-1,-1,-1,-1,-1,-1,0
Unvalidated,2024311456688,2024,311456688,1,9,0,18,1,2,0,0,0,0,0,0,2,1,6,1,24,5,-1,-1,-1,-1,3,1,E01028166,0
Unvalidated,2024311456688,2024,311456688,2,9,0,18,4,2,0,0,0,0,0,0,1,1,6,1,-1,-1,-1,-1,-1,-1,-1,-1,-1,0
Unvalidated,2024311456986,2024,311456986,1,98,0,7,6,4,4,1,0,0,0,0,4,1,6,1,41,7,-1,-1,-1,-1,2,1,E01013854,0
Unvalidated,2024311456986,2024,311456986,2,1,0,18,2,2,4,1,0,0,1,0,3,1,6,1,60,9,-1,-1,-1,-1,7,1,E01028202,0
Unvalidated,2024311456990,2024,311456990,1,9,0,3,6,2,0,0,0,0,0,0,2,1,6,1,66,10,-1,-1,-1,-1,5,1,E01013938,0
Unvalidated,2024311456990,2024,311456990,2,19,0,18,6,2,0,0,0,0,0,0,1,1,1,1,30,6,-1,-1,-1,-1,8,1,E01032053,0
Unvalidated,2024311457023,2024,311457023,1,9,0,4,5,1,0,0,0,0,0,0,2,1,1,1,29,6,-1,-1,-1,-1,3,1,E01013930,0
Unvalidated,2024311457023,2024,311457023,2,9,0,18,5,1,0,0,0,0,0,0,1,1,6,2,65,9,-1,-1,-1,-1,8,1,E01028168,0
Unvalidated,2024311457361,2024,311457361,1,9,0,18,3,7,0,0,1,0,1,0,1,1,5,1,20,4,-1,-1,-1,-1,8,1,E01028047,0
Unvalidated,2024311457385,2024,311457385,1,9,0,18,6,2,0,8,0,0,0,0,4,1,5,2,28,6,-1,-1,-1,-1,3,1,E01028310,0
Unvalidated,2024311457385,2024,311457385,2,9,0,5,8,4,0,1,0,0,0,0,1,1,6,3,-1,-1,-1,-1,-1,-1,-1,-1,-1,0
Unvalidated,2024311457598,2024,311457598,1,9,0,5,1,2,0,0,0,0,0,0,1,1,1,1,34,6,-1,-1,-1,-1,10,1,E01033103,0
Unvalidated,2024311457598,2024,311457598,2,9,0,5,2,1,0,0,0,0,0,0,1,1,6,3,21,5,-1,-1,-1,-1,-1,-1,-1,0
Unvalidated,2024311457624,2024,311457624,1,9,0,18,2,6,0,2,0,0,0,0,1,1,2,1,37,7,-1,-1,-1,-1,8,1,E01028172,0
Unvalidated,2024311457793,2024,311457793,1,9,0,18,3,2,0,5,0,11,0,0,1,1,6,1,46,8,-1,-1,-1,-1,1,1,E01028318,0
Unvalidated,2024311457798,2024,311457798,1,9,0,18,5,1,0,1,0,0,0,0,1,1,5,2,49,8,-1,-1,-1,-1,2,1,E01013842,0
Unvalidated,2024311457798,2024,311457798,2,5,0,18,1,5,0,1,5,0,0,0,1,1,5,1,26,6,-1,-1,-1,-1,10,1,E01028364,0
Unvalidated,2024311457857,2024,311457857,1,9,0,18,7,3,9,1,0,0,0,0,4,1,5,1,41,7,-1,-1,-1,-1,1,1,E01013921,0
Unvalidated,2024311457857,2024,311457857,2,1,0,18,5,1,9,1,5,0,0,0,4,1,1,1,21,5,-1,-1,-1,-1,-1,-1,-1,0
Unvalidated,2024311457927,2024,311457927,1,9,0,1,5,1,9,2,0,0,0,0,2,1,6,2,62,9,-1,-1,-1,-1,-1,-1,-1,0
Unvalidated,2024311457927,2024,311457927,2,1,0,18,3,7,9,1,0,0,0,0,1,1,6,1,41,7,-1,-1,-1,-1,2,1,E01013957,0
Unvalidated,2024311458002,2024,311458002,1,9,0,5,8,8,0,0,0,0,0,0,1,1,5,1,54,8,-1,-1,-1,-1,-1,-1,-1,0
Unvalidated,2024311458002,2024,311458002,2,9,0,5,8,8,0,0,0,0,0,0,1,1,1,1,39,7,-1,-1,-1,-1,-1,-1,-1,0
Unvalidated,2024311458054,2024,311458054,1,9,0,18,3,7,0,6,0,0,0,0,1,1,1,1,48,8,-1,-1,-1,-1,-1,-1,-1,0
Unvalidated,2024311458054,2024,311458054,2,98,0,7,1,7,0,6,0,0,0,0,3,1,1,1,23,5,-1,-1,-1,-1,-1,-1,-1,0
Unvalidated,2024311458172,2024,311458172,1,9,0,14,6,2,6,0,1,0,7,0,1,1,6,2,32,6,-1,-1,-1,-1,3,3,E01028259,0
Unvalidated,2024311458456,2024,311458456,1,1,0,18,5,1,5,0,0,0,0,0,0,1,6,1,18,4,-1,-1,-1,-1,1,1,E01018875,0
Unvalidated,2024311458548,2024,311458548,1,19,0,18,3,7,0,0,0,0,0,0,1,1,5,1,63,9,-1,-1,-1,-1,3,2,E01028254,0
Unvalidated,2024311458548,2024,311458548,2,9,0,18,7,3,0,0,0,0,0,0,1,1,5,1,57,9,-1,-1,-1,-1,5,1,E01013840,0
Unvalidated,2024311458558,2024,311458558,1,9,0,18,7,3,6,0,0,0,1,0,1,1,6,2,23,5,-1,-1,-1,-1,3,2,E01028258,0
Unvalidated,2024311458558,2024,311458558,2,19,0,18,3,7,6,0,5,0,3,0,1,1,2,1,38,7,-1,-1,-1,-1,1,1,E01013481,0
Unvalidated,2024311458567,2024,311458567,1,19,0,1,7,7,0,0,0,0,0,0,2,1,1,1,30,6,-1,-1,-1,-1,-1,-1,-1,0
Unvalidated,2024311458567,2024,311458567,2,1,0,18,5,1,0,0,0,0,0,0,3,1,6,1,9,2,-1,-1,-1,-1,-1,-1,-1,0
Unvalidated,2024311458587,2024,311458587,1,9,0,18,1,5,0,0,1,0,7,4,1,1,1,1,30,6,-1,-1,-1,-1,4,1,E01028211,0
Unvalidated,2024311458622,2024,311458622,1,9,0,18,5,1,0,1,0,0,0,0,1,1,5,1,25,5,-1,-1,-1,-1,9,1,E01013979,0
Unvalidated,2024311458622,2024,311458622,2,9,0,2,0,0,0,1,0,0,0,0,2,1,6,3,-1,-1,-1,-1,-1,-1,-1,-1,-1,0
Unvalidated,2024311458622,2024,311458622,3,9,0,2,0,0,0,2,0,0,0,0,2,1,6,3,-1,-1,-1,-1,-1,-1,-1,-1,-1,0
Unvalidated,2024311458722,2024,311458722,1,11,0,18,2,6,0,1,0,0,0,0,0,1,1,3,-1,-1,-1,-1,-1,-1,-1,-1,-1,0
Unvalidated,2024311458806,2024,311458806,1,9,0,5,7,3,0,0,0,0,0,0,1,1,6,1,34,6,-1,-1,-1,-1,3,1,E01013830,0
Unvalidated,2024311458806,2024,311458806,2,-1,0,5,3,7,0,0,0,0,0,0,1,1,6,1,16,4,-1,-1,-1,-1,-1,-1,-1,0
Unvalidated,2024311458878,2024,311458878,1,9,0,18,7,3,0,8,0,0,0,0,3,1,5,2,40,7,-1,-1,-1,-1,7,1,E01019513,0
Unvalidated,2024311458878,2024,311458878,2,9,0,9,3,1,0,8,0,0,0,0,1,1,2,1,61,9,-1,-1,-1,-1,10,2,E01028199,0
Unvalidated,2024311458878,2024,311458878,3,9,0,9,3,1,0,8,0,0,0,0,1,1,2,1,26,6,-1,-1,-1,-1,1,1,E01028261,0
Unvalidated,2024311458973,2024,311458973,1,5,0,9,8,4,0,0,1,0,1,9,4,1,5,1,52,8,-1,-1,-1,-1,9,1,E01026293,0
Unvalidated,2024311458977,2024,311458977,1,9,0,16,5,1,0,8,0,0,0,0,1,1,5,1,47,8,-1,-1,-1,-1,3,2,E01028297,0
Unvalidated,2024311458977,2024,311458977,2,9,0,17,1,5,0,8,0,0,0,0,3,1,5,1,76,11,-1,-1,-1,-1,3,2,E01028297,0
Unvalidated,2024311458997,2024,311458997,1,90,0,18,3,7,0,0,0,0,0,0,1,1,6,1,25,5,-1,-1,-1,-1,-1,-1,-1,1
Unvalidated,2024311458997,2024,311458997,2,9,0,4,5,1,0,0,0,0,0,0,1,1,6,2,58,9,-1,-1,-1,-1,1,1,E01013864,0
Unvalidated,2024311459008,2024,311459008,1,19,0,5,7,3,0,0,0,0,0,0,3,1,6,1,40,7,-1,-1,-1,-1,2,1,E01028101,0
Unvalidated,2024311459008,2024,311459008,2,9,0,18,7,3,0,0,0,10,8,1,1,1,5,1,36,7,-1,-1,-1,-1,1,1,E01013811,0
Unvalidated,2024311459054,2024,311459054,1,9,0,18,3,7,0,1,0,0,0,0,3,1,6,1,48,8,-1,-1,-1,-1,3,2,E01028339,0
Unvalidated,2024311459054,2024,311459054,2,9,0,3,7,3,0,1,0,0,0,0,3,1,6,1,18,4,-1,-1,-1,-1,6,3,E01028295,0
Unvalidated,2024311459103,2024,311459103,1,9,0,18,5,1,0,1,0,0,0,0,1,1,5,2,21,5,-1,-1,-1,-1,2,3,E01028311,0
Unvalidated,2024311459103,2024,311459103,2,9,0,18,5,1,0,4,0,0,0,0,2,1,5,2,31,6,-1,-1,-1,-1,4,1,E01028335,0
Unvalidated,2024311459188,2024,311459188,1,9,0,18,1,5,0,0,0,4,0,0,4,1,6,2,18,4,-1,-1,-1,-1,4,1,E01027996,0
Unvalidated,2024311459188,2024,311459188,2,9,0,2,0,0,0,0,0,0,0,0,1,1,6,2,41,7,-1,-1,-1,-1,-1,-1,-1,0
Unvalidated,2024311459236,2024,311459236,1,9,0,18,1,5,0,1,0,0,0,0,1,1,2,2,54,8,-1,-1,-1,-1,4,3,E01028260,0
Unvalidated,2024311459236,2024,311459236,2,1,0,9,1,5,0,8,0,0,0,0,2,1,2,1,14,3,-1,-1,-1,-1,-1,-1,-1,0
Unvalidated,2024311459523,2024,311459523,1,9,0,4,5,1,0,0,1,0,1,0,1,1,5,1,65,9,-1,-1,-1,-1,10,2,E01026413,0
Unvalidated,2024311459523,2024,311459523,2,21,1,18,5,1,0,0,3,0,1,0,3,1,1,1,47,8,-1,-1,-1,-1,10,3,E01028415,0
Unvalidated,2024311459523,2024,311459523,3,9,0,18,6,1,0,0,0,0,0,0,4,1,5,2,36,7,-1,-1,-1,-1,9,3,E01026119,0
Unvalidated,2024311459541,2024,311459541,1,11,0,4,2,6,0,1,0,0,0,0,0,1,1,1,43,7,-1,-1,-1,-1,6,1,E01028080,0
Unvalidated,2024311459570,2024,311459570,1,5,0,18,1,5,0,0,2,0,7,9,1,1,6,1,60,9,-1,-1,-1,-1,-1,-1,-1,0
Unvalidated,2024311459570,2024,311459570,2,8,0,18,6,1,0,0,0,0,0,0,1,1,1,1,69,10,-1,-1,-1,-1,-1,-1,-1,0
Unvalidated,2024311459648,2024,311459648,1,19,0,18,5,1,0,0,0,0,0,0,0,1,6,3,-1,-1,-1,-1,-1,-1,-1,-1,-1,0
Unvalidated,2024311459648,2024,311459648,2,11,0,18,5,1,0,0,0,0,0,0,0,1,1,1,42,7,-1,-1,-1,-1,8,1,E01033412,0
Unvalidated,2024311459910,2024,311459910,1,9,0,18,2,6,0,3,0,0,0,0,1,1,5,1,62,9,-1,-1,-1,-1,-1,-1,-1,0
Unvalidated,2024311459910,2024,311459910,2,1,0,18,2,6,0,3,0,0,0,0,2,1,5,1,66,10,-1,-1,-1,-1,-1,-1,-1,0
Unvalidated,2024311460070,2024,311460070,1,9,0,18,5,1,0,0,0,0,0,0,3,1,6,3,-1,-1,-1,-1,-1,-1,-1,-1,-1,0
Unvalidated,2024311460078,2024,311460078,1,1,0,18,3,7,0,0,0,0,0,0,1,1,6,1,15,3,-1,-1,-1,-1,-1,-1,-1,0
Unvalidated,2024311460135,2024,311460135,1,9,0,9,1,6,0,6,0,0,0,0,1,1,5,1,59,9,-1,-1,-1,-1,5,1,E01028134,0
Unvalidated,2024311460159,2024,311460159,1,9,0,18,4,4,0,1,0,0,0,0,1,1,2,1,34,6,-1,-1,-1,-1,8,2,E01028367,0
Unvalidated,2024311460159,2024,311460159,2,8,0,10,4,4,0,1,0,0,0,0,2,1,1,1,40,7,-1,-1,-1,-1,-1,-1,-1,0
Unvalidated,2024311460162,2024,311460162,1,9,0,18,8,1,0,3,0,0,0,0,1,1,6,1,23,5,-1,-1,-1,-1,1,1,E01013865,0
Unvalidated,2024311460162,2024,311460162,2,1,0,18,5,5,0,2,0,0,0,0,3,1,1,1,25,5,-1,-1,-1,-1,2,1,E01013945,0
Unvalidated,2024311460163,2024,311460163,1,9,0,4,3,3,0,1,0,0,0,0,2,1,6,1,40,7,-1,-1,-1,-1,5,2,E01028362,0
Unvalidated,2024311460163,2024,311460163,2,9,0,4,4,4,0,1,0,0,0,0,2,1,6,1,65,9,-1,-1,-1,-1,-1,-1,-1,0
Unvalidated,2024311460163,2024,311460163,3,9,0,5,4,4,0,1,0,0,0,0,1,1,6,2,22,5,-1,-1,-1,-1,10,1,E01028400,0
Unvalidated,2024311460180,2024,311460180,1,19,0,18,2,6,0,0,0,0,0,0,2,1,6,1,35,6,-1,-1,-1,-1,-1,-1,-1,0
Unvalidated,2024311460180,2024,311460180,2,9,0,18,2,6,0,0,0,0,0,0,1,1,6,1,44,7,-1,-1,-1,-1,-1,-1,-1,0
Unvalidated,2024311460314,2024,311460314,1,11,0,18,-1,-1,0,-1,0,0,0,0,0,1,1,1,56,9,-1,-1,-1,-1,2,1,E01028267,0
Unvalidated,2024311460346,2024,311460346,1,9,0,14,5,1,0,0,0,0,0,0,3,1,2,1,53,8,-1,-1,-1,-1,5,1,E01027947,0
Unvalidated,2024311460346,2024,311460346,2,1,0,13,5,1,0,0,0,0,0,0,3,1,2,1,48,8,-1,-1,-1,-1,4,1,E01027957,0
Unvalidated,2024311460425,2024,311460425,1,9,0,18,3,1,0,6,0,0,0,0,3,1,6,3,-1,-1,-1,-1,-1,-1,-1,-1,-1,0
Unvalidated,2024311460425,2024,311460425,2,1,0,18,1,5,0,1,0,0,0,0,1,1,6,3,31,6,-1,-1,-1,-1,2,1,E01028311,0
Unvalidated,2024311460437,2024,311460437,1,2,0,5,2,1,0,1,0,0,0,0,1,1,6,1,65,9,-1,-1,-1,-1,8,1,E01028118,0
Unvalidated,2024311460439,2024,311460439,1,98,1,4,3,7,0,0,0,0,0,0,1,1,1,1,40,7,-1,-1,-1,-1,1,1,E01033764,0
Unvalidated,2024311460439,2024,311460439,2,9,0,4,3,7,0,0,0,0,0,0,2,1,5,2,30,6,-1,-1,-1,-1,7,3,E01020509,0
Unvalidated,2024311460446,2024,311460446,1,11,0,5,1,2,0,0,0,0,1,0,0,1,1,1,50,8,-1,-1,-1,-1,9,2,E01025945,0
Unvalidated,2024311460466,2024,311460466,1,9,0,18,8,5,0,1,0,0,0,0,1,1,1,2,54,8,-1,-1,-1,-1,7,1,E01028086,0
Unvalidated,2024311460466,2024,311460466,2,1,0,18,2,6,0,8,0,0,0,0,1,1,6,1,41,7,-1,-1,-1,-1,4,1,E01028098,0
Unvalidated,2024311460587,2024,311460587,1,9,0,18,5,1,0,0,0,0,1,0,1,1,6,2,73,10,-1,-1,-1,-1,-1,-1,-1,0
Unvalidated,2024311460602,2024,311460602,1,9,0,11,5,1,0,0,1,0,4,4,1,1,5,1,39,7,-1,-1,-1,-1,4,1,E01008513,0
Unvalidated,2024311460627,2024,311460627,1,9,0,18,5,3,0,5,0,0,0,0,2,1,6,1,43,7,-1,-1,-1,-1,1,1,E01028263,0
Unvalidated,2024311460631,2024,311460631,1,9,0,18,7,3,0,2,0,0,0,0,1,1,2,1,64,9,-1,-1,-1,-1,1,1,E01013824,0
Unvalidated,2024311460631,2024,311460631,2,1,0,18,3,4,0,2,0,0,0,0,3,1,5,1,7,2,-1,-1,-1,-1,1,1,E01013824,0
Unvalidated,2024311460647,2024,311460647,1,9,0,9,3,4,0,8,0,0,7,0,4,1,1,1,41,7,-1,-1,-1,-1,5,2,E01028342,0
Unvalidated,2024311460647,2024,311460647,2,9,0,18,7,3,0,1,0,0,0,0,1,1,5,1,22,5,-1,-1,-1,-1,7,2,E01028298,0
Unvalidated,2024311460741,2024,311460741,1,9,0,13,3,7,0,0,5,0,0,0,1,1,6,1,26,6,-1,-1,-1,-1,10,1,E01028218,0
Unvalidated,2024311460741,2024,311460741,2,9,0,9,3,3,0,0,0,0,0,0,2,1,6,2,39,7,-1,-1,-1,-1,-1,-1,-1,0
Unvalidated,2024311460763,2024,311460763,1,90,0,18,-1,-1,0,0,0,0,0,0,1,1,6,3,-1,-1,-1,-1,-1,-1,-1,-1,-1,0
Unvalidated,2024311460771,2024,311460771,1,9,0,5,8,4,0,0,0,0,0,0,1,1,6,2,21,5,-1,-1,-1,-1,9,1,E01006088,0
Unvalidated,2024311460791,2024,311460791,1,9,0,18,5,1,0,0,5,0,1,0,1,1,5,1,55,8,-1,-1,-1,-1,1,2,E01028301,0
Unvalidated,2024311460855,2024,311460855,1,11,0,18,4,2,0,3,0,0,0,0,0,1,1,1,73,10,-1,-1,-1,-1,-1,-1,-1,0
Unvalidated,2024311460946,2024,311460946,1,1,0,18,2,6,0,1,0,0,0,0,1,1,6,1,27,6,-1,-1,-1,-1,3,1,E01028212,0
Unvalidated,2024311461292,2024,311461292,1,19,0,18,2,7,0,4,0,0,1,0,4,1,6,1,44,7,-1,-1,-1,-1,-1,-1,-1,0
Unvalidated,2024311461292,2024,311461292,2,9,0,18,2,7,0,4,0,0,0,0,3,1,2,2,43,7,-1,-1,-1,-1,2,1,E01027976,0
Unvalidated,2024311461324,2024,311461324,1,9,0,18,7,3,0,8,0,7,0,0,1,1,6,1,74,10,-1,-1,-1,-1,5,1,E01027945,0
Unvalidated,2024311461324,2024,311461324,2,19,0,18,3,7,0,1,1,0,1,0,2,1,5,1,36,7,-1,-1,-1,-1,10,1,E01010180,0
Unvalidated,2024311461416,2024,311461416,1,90,0,18,2,3,0,8,1,0,0,0,3,1,5,1,30,6,-1,-1,-1,-1,3,1,E01033398,0
Unvalidated,2024311461416,2024,311461416,2,9,0,2,0,0,0,8,0,0,0,0,3,1,6,3,-1,-1,-1,-1,-1,-1,-1,-1,-1,0
Unvalidated,2024311461443,2024,311461443,1,1,0,18,8,4,9,6,2,0,0,0,0,1,6,2,60,9,-1,-1,-1,-1,10,3,E01028415,0
Unvalidated,2024311461443,2024,311461443,2,9,0,18,5,1,0,3,0,0,0,0,0,1,6,3,-1,-1,-1,-1,-1,-1,-1,-1,-1,0
Unvalidated,2024311461453,2024,311461453,1,9,0,18,5,1,6,0,0,0,7,0,1,1,5,1,20,4,-1,-1,-1,-1,-1,-1,-1,0
Unvalidated,2024311461453,2024,311461453,2,21,1,2,0,0,6,0,0,0,0,0,3,1,6,3,-1,-1,-1,-1,-1,-1,-1,-1,-1,0
Unvalidated,2024311461498,2024,311461498,1,9,0,18,1,5,0,0,2,0,8,0,1,1,5,1,17,4,-1,-1,-1,-1,2,1,E01028271,0
Unvalidated,2024311461565,2024,311461565,1,9,0,6,7,3,0,0,0,0,0,0,3,1,6,1,79,11,-1,-1,-1,-1,5,1,E01007583,0
Unvalidated,2024311461565,2024,311461565,2,9,0,18,7,3,0,0,0,0,0,0,4,1,6,1,28,6,-1,-1,-1,-1,2,1,E01028067,0
Unvalidated,2024311461663,2024,311461663,1,90,0,18,3,7,0,0,0,0,0,0,1,1,6,1,19,4,-1,-1,-1,-1,-1,-1,-1,1
Unvalidated,2024311461663,2024,311461663,2,1,0,18,7,3,0,0,0,0,0,0,1,1,6,1,43,7,-1,-1,-1,-1,-1,-1,-1,0
Unvalidated,2024311461663,2024,311461663,3,8,0,7,1,7,0,0,0,0,0,0,4,1,1,1,43,7,-1,-1,-1,-1,-1,-1,-1,0
Unvalidated,2024311461673,2024,311461673,1,5,0,18,1,5,0,1,0,0,0,0,1,1,6,1,51,8,-1,-1,-1,-1,-1,-1,-1,0
Unvalidated,2024311461673,2024,311461673,2,9,0,9,1,7,0,5,0,0,0,0,3,1,5,1,51,8,-1,-1,-1,-1,4,1,E01028045,0
Unvalidated,2024311461684,2024,311461684,1,9,0,9,2,8,0,1,0,0,0,0,1,1,2,2,18,4,-1,-1,-1,-1,9,2,E01025945,0
Unvalidated,2024311461684,2024,311461684,2,9,0,18,6,2,0,1,0,0,0,0,4,1,1,1,22,5,-1,-1,-1,-1,9,3,E01028408,0
Unvalidated,2024311461700,2024,311461700,1,9,0,10,3,1,0,6,0,0,0,0,3,1,6,1,26,6,-1,-1,-1,-1,4,1,E01027957,0
Unvalidated,2024311461700,2024,311461700,2,2,0,18,1,5,0,8,0,0,0,0,1,1,6,1,25,5,-1,-1,-1,-1,4,1,E01027996,0
Unvalidated,2024311461701,2024,311461701,1,9,0,18,3,7,0,0,0,0,0,0,1,1,5,1,44,7,-1,-1,-1,-1,1,1,E01013570,0
Unvalidated,2024311461807,2024,311461807,1,9,0,9,8,4,0,8,0,0,0,0,1,1,2,2,44,7,-1,-1,-1,-1,8,1,E01032622,0
Unvalidated,2024311461817,2024,311461817,1,9,0,18,3,7,0,0,2,0,7,0,4,1,1,1,71,10,-1,-1,-1,-1,-1,-1,-1,0
Unvalidated,2024311461817,2024,311461817,2,9,0,18,7,3,0,0,0,0,0,0,1,1,1,1,52,8,-1,-1,-1,-1,6,3,E01028349,0
Unvalidated,2024311461823,2024,311461823,161,4,0,7,2,7,0,0,0,0,0,0,3,1,5,1,67,10,-1,-1,-1,-1,-1,-1,-1,0
Unvalidated,2024311461823,2024,311461823,162,9,0,18,1,5,0,0,0,0,0,0,3,1,5,2,32,6,-1,-1,-1,-1,-1,-1,-1,0
Unvalidated,2024311461830,2024,311461830,1,9,-1,18,3,7,0,1,0,0,0,0,0,1,6,3,-1,-1,-1,-1,-1,-1,-1,-1,-1,0
Unvalidated,2024311461830,2024,311461830,2,11,0,18,3,7,0,1,0,0,0,0,0,1,1,1,57,9,-1,-1,-1,-1,1,1,E01013920,0
Unvalidated,2024311461838,2024,311461838,1,5,0,18,7,3,0,0,0,0,1,0,4,1,5,1,54,8,-1,-1,-1,-1,6,1,E01007526,0
Unvalidated,2024311461883,2024,311461883,1,9,0,18,3,7,0,0,0,0,1,0,1,1,6,1,62,9,-1,-1,-1,-1,3,1,E01007773,0
Unvalidated,2024311461890,2024,311461890,1,9,0,5,1,5,5,6,0,0,0,0,1,1,5,3,53,8,-1,-1,-1,-1,-1,-1,-1,0
Unvalidated,2024311461968,2024,311461968,1,9,0,18,5,1,0,1,0,0,0,0,1,1,5,2,55,8,-1,-1,-1,-1,7,3,E01026333,0
Unvalidated,2024311461968,2024,311461968,2,9,0,9,1,7,0,7,0,0,0,0,4,1,5,2,47,8,-1,-1,-1,-1,7,1,E01028392,0
Unvalidated,2024311461988,2024,311461988,1,9,0,12,4,8,0,0,0,0,0,0,3,1,6,3,-1,-1,-1,-1,-1,-1,-1,-1,-1,0
Unvalidated,2024311461988,2024,311461988,2,9,0,18,4,8,0,0,0,0,0,0,4,1,6,1,23,5,-1,-1,-1,-1,3,1,E01026323,0
Unvalidated,2024311461988,2024,311461988,3,21,1,18,4,8,0,0,0,0,0,0,3,1,1,1,44,7,-1,-1,-1,-1,4,1,E01013320,0
Unvalidated,2024311461988,2024,311461988,4,9,0,18,4,8,0,0,0,0,0,0,0,1,6,2,75,10,-1,-1,-1,-1,10,3,E01027903,0
Unvalidated,2024311462028,2024,311462028,1,9,0,18,5,1,0,4,0,0,0,0,4,1,6,3,-1,-1,-1,-1,-1,-1,-1,-1,-1,0
Unvalidated,2024311462149,2024,311462149,1,9,0,18,4,8,0,0,1,0,1,0,0,1,6,1,43,7,-1,-1,-1,-1,4,2,E01028302,0