status,collision_index,collision_year,collision_reference,vehicle_reference,vehicle_type,towing_and_articulation,vehicle_manoeuvre,vehicle_direction_from,vehicle_direction_to,vehicle_location_restricted_lane,junction_location,skidding_and_overturning,hit_object_in_carriageway,vehicle_leaving_carriageway,hit_object_off_carriageway,first_point_of_impact,vehicle_left_hand_drive,journey_purpose_of_driver,sex_of_driver,age_of_driver,age_band_of_driver,engine_capacity_cc,propulsion_code,age_of_vehicle,generic_make_model,driver_imd_decile,driver_home_area_type,lsoa_of_driver,escooter_flag
Unvalidated,2024311462392,2024,311462392,1,9,0,9,2,7,0,0,0,0,0,0,1,1,6,2,37,7,-1,-1,-1,-1,1,1,E01013825,0
Unvalidated,2024311462392,2024,311462392,2,90,0,18,7,4,0,0,0,0,0,0,1,1,6,1,43,7,-1,-1,-1,-1,-1,-1,-1,0
Unvalidated,2024311462520,2024,311462520,1,9,0,4,5,1,0,0,0,0,0,0,1,1,6,2,29,6,-1,-1,-1,-1,4,1,E01028130,0
Unvalidated,2024311462520,2024,311462520,2,97,0,4,1,5,0,0,0,0,0,0,1,1,6,1,44,7,-1,-1,-1,-1,6,1,E01028108,0
Unvalidated,2024311462677,2024,311462677,1,9,0,1,6,7,0,0,0,0,0,0,2,1,5,1,36,7,-1,-1,-1,-1,7,1,E01013975,0
Unvalidated,2024311463565,2024,311463565,1,9,0,18,6,3,0,4,0,0,0,0,1,1,6,1,35,6,-1,-1,-1,-1,-1,-1,-1,0
Unvalidated,2024311463565,2024,311463565,2,9,0,13,6,3,0,4,0,0,0,0,3,1,6,3,-1,-1,-1,-1,-1,-1,-1,-1,-1,0
Unvalidated,2024311463848,2024,311463848,1,9,0,18,3,7,0,4,0,0,0,0,1,1,5,2,43,7,-1,-1,-1,-1,8,1,E01028058,0
Unvalidated,2024311463848,2024,311463848,2,9,0,8,3,7,0,4,0,0,0,0,2,1,5,2,49,8,-1,-1,-1,-1,7,3,E01028004,0
Unvalidated,2024311463962,2024,311463962,1,1,0,18,2,4,0,1,5,11,0,0,-1,1,5,2,73,10,-1,-1,-1,-1,5,1,E01028022,0
Unvalidated,2024311463974,2024,311463974,1,9,0,18,4,8,0,0,0,0,0,0,1,1,5,1,19,4,-1,-1,-1,-1,-1,-1,-1,0
Unvalidated,2024311463974,2024,311463974,2,9,0,18,4,8,0,0,0,0,0,0,2,1,5,2,36,7,-1,-1,-1,-1,-1,-1,-1,0
Unvalidated,2024311464193,2024,311464193,1,1,0,18,7,3,9,2,0,0,0,0,1,1,6,1,-1,-1,-1,-1,-1,-1,-1,-1,-1,0
Unvalidated,2024311464567,2024,311464567,1,-1,0,18,3,7,0,0,0,0,0,0,4,2,6,3,-1,-1,-1,-1,-1,-1,-1,-1,-1,0
Unvalidated,2024311465170,2024,311465170,1,9,0,18,1,5,0,5,0,0,0,0,1,1,6,3,20,4,-1,-1,-1,-1,-1,-1,-1,0
Unvalidated,2024311465189,2024,311465189,1,9,0,8,3,7,0,1,0,0,0,0,4,1,5,1,44,7,-1,-1,-1,-1,2,1,E01013911,0
Unvalidated,2024311465198,2024,311465198,1,9,0,18,3,7,0,0,0,0,0,0,4,1,6,1,32,6,-1,-1,-1,-1,4,1,E01025899,0
Unvalidated,2024311465198,2024,311465198,2,9,0,13,3,7,0,0,0,0,0,0,3,1,6,1,31,6,-1,-1,-1,-1,10,3,E01025891,0
Unvalidated,2024311465356,2024,311465356,1,9,0,18,4,8,0,0,0,0,0,0,1,1,1,1,37,7,-1,-1,-1,-1,3,1,E01028192,0
Unvalidated,2024311465356,2024,311465356,2,98,1,-1,-1,-1,-1,0,-1,-1,-1,0,-1,1,6,3,-1,-1,-1,-1,-1,-1,-1,-1,-1,0
Unvalidated,2024311466653,2024,311466653,1,9,0,18,8,4,0,0,0,0,0,0,2,1,5,1,49,8,-1,-1,-1,-1,8,1,E01028182,0
Unvalidated,2024311466653,2024,311466653,2,1,0,18,8,4,0,0,0,0,0,0,1,1,2,1,53,8,-1,-1,-1,-1,6,3,E01028331,0
Unvalidated,2024311466692,2024,311466692,1,-1,0,1,-1,-1,0,8,0,0,-1,0,-1,1,6,3,-1,-1,-1,-1,-1,-1,-1,-1,-1,0
Unvalidated,2024311466692,2024,311466692,2,22,0,-1,-1,-1,9,2,0,0,0,0,-1,1,6,1,47,8,-1,-1,-1,-1,-1,-1,-1,0
Unvalidated,2024311469460,2024,311469460,1,9,0,18,7,3,0,0,2,0,0,0,1,1,5,2,18,4,-1,-1,-1,-1,5,2,E01007608,0
Unvalidated,2024311471041,2024,311471041,1,9,0,9,4,8,0,4,0,0,0,0,1,2,6,1,68,10,-1,-1,-1,-1,2,1,E01028269,0
Unvalidated,2024311471476,2024,311471476,1,1,0,18,1,5,0,1,0,0,0,0,0,1,1,1,30,6,-1,-1,-1,-1,-1,-1,-1,0
Unvalidated,2024311472216,2024,311472216,1,98,1,5,5,1,0,0,0,0,0,0,2,1,1,1,32,6,-1,-1,-1,-1,-1,-1,-1,0
Unvalidated,2024311472216,2024,311472216,2,9,0,18,5,1,0,0,0,0,0,0,1,1,2,1,61,9,-1,-1,-1,-1,-1,-1,-1,0
Unvalidated,2024311475229,2024,311475229,1,9,0,18,2,6,0,6,0,0,0,0,4,1,5,2,39,7,-1,-1,-1,-1,3,1,E01013929,0
Unvalidated,2024311475229,2024,311475229,2,97,0,18,8,4,0,2,2,0,0,0,1,1,5,1,21,5,-1,-1,-1,-1,1,1,E01013826,0
Unvalidated,2024311475292,2024,311475292,1,1,0,18,3,7,9,0,2,0,0,0,1,1,5,1,72,10,-1,-1,-1,-1,2,1,E01013814,0
Unvalidated,2024311475292,2024,311475292,2,9,0,18,3,7,9,0,0,0,0,0,3,1,6,1,23,5,-1,-1,-1,-1,10,1,E01028385,0
Unvalidated,2024311476581,2024,311476581,1,11,0,2,0,0,0,0,0,0,0,0,0,1,1,1,-1,-1,-1,-1,-1,-1,7,1,E01028170,0
Unvalidated,2024311476639,2024,311476639,1,9,0,4,8,6,0,8,0,0,0,0,1,1,6,1,50,8,-1,-1,-1,-1,6,2,E01028322,0
Unvalidated,2024311477049,2024,311477049,1,97,0,18,6,3,0,2,5,0,1,0,4,1,6,1,28,6,-1,-1,-1,-1,4,1,E01028252,0
Unvalidated,2024311477093,2024,311477093,1,9,0,18,7,3,0,0,2,10,1,0,1,1,5,1,29,6,-1,-1,-1,-1,3,2,E01028338,0
Unvalidated,2024311478169,2024,311478169,1,9,0,9,5,3,0,6,0,0,0,0,1,1,6,1,46,8,-1,-1,-1,-1,-1,-1,-1,0
Unvalidated,2024311478169,2024,311478169,2,1,0,18,3,7,0,8,0,0,0,0,4,1,6,1,23,5,-1,-1,-1,-1,2,1,E01013904,0
Unvalidated,2024311480199,2024,311480199,1,9,0,18,6,2,0,0,0,0,0,0,1,1,6,3,40,7,-1,-1,-1,-1,-1,-1,-1,0
Unvalidated,2024311480199,2024,311480199,2,9,0,18,6,2,0,0,0,0,0,0,2,1,6,2,19,4,-1,-1,-1,-1,5,1,E01032522,0
Unvalidated,2024311488318,2024,311488318,1,9,0,18,3,7,0,1,0,11,0,0,1,1,6,1,28,6,-1,-1,-1,-1,-1,-1,-1,0
Unvalidated,2024311488318,2024,311488318,2,9,0,18,3,7,0,1,0,0,0,0,0,1,1,1,-1,-1,-1,-1,-1,-1,-1,-1,-1,0
Unvalidated,2024311488318,2024,311488318,3,9,0,2,0,0,0,1,0,0,7,0,1,1,1,1,40,7,-1,-1,-1,-1,-1,-1,-1,0
Unvalidated,2024311498449,2024,311498449,1,9,0,18,5,1,0,0,0,0,0,0,1,1,6,1,23,5,-1,-1,-1,-1,-1,-1,-1,0
Unvalidated,2024311498449,2024,311498449,2,9,0,18,1,5,0,0,0,0,0,0,1,1,1,1,21,5,-1,-1,-1,-1,-1,-1,-1,0
Unvalidated,2024311499047,2024,311499047,1,9,0,18,5,1,0,1,0,0,0,0,1,1,6,1,30,6,-1,-1,-1,-1,-1,-1,-1,0
Unvalidated,2024311499047,2024,311499047,2,1,0,18,5,1,0,1,0,0,0,0,2,1,3,1,16,4,-1,-1,-1,-1,-1,-1,-1,0
Unvalidated,2024332400001,2024,332400001,1,9,0,-1,2,8,-1,6,0,0,0,0,3,1,-1,1,45,7,-1,-1,-1,-1,8,2,E01025942,0
Unvalidated,2024332400001,2024,332400001,2,9,0,-1,8,4,-1,8,0,0,0,0,1,1,-1,2,28,6,-1,-1,-1,-1,7,3,E01026978,0
Unvalidated,2024332400002,2024,332400002,1,9,0,-1,6,2,-1,0,1,0,1,4,1,1,-1,1,33,6,-1,-1,-1,-1,5,3,E01025887,0
Unvalidated,2024332400003,2024,332400003,1,9,0,-1,5,1,-1,6,0,0,0,0,1,1,-1,1,23,5,-1,-1,-1,-1,4,1,E01013758,0
Unvalidated,2024332400003,2024,332400003,2,9,0,-1,7,3,-1,8,0,0,0,0,3,1,-1,1,28,6,-1,-1,-1,-1,4,1,E01013749,0
Unvalidated,2024332400004,2024,332400004,1,9,0,-1,6,2,-1,1,0,0,0,0,1,1,-1,1,55,8,-1,-1,-1,-1,2,1,E01013776,0
Unvalidated,2024332400005,2024,332400005,1,9,0,-1,1,5,-1,8,0,0,0,0,3,1,-1,1,57,9,-1,-1,-1,-1,10,1,E01025835,0
Unvalidated,2024332400006,2024,332400006,1,9,0,-1,3,7,-1,0,0,0,0,0,1,1,-1,3,-1,-1,-1,-1,-1,-1,-1,-1,-1,0
Unvalidated,2024332400007,2024,332400007,1,9,0,-1,1,5,-1,0,0,0,0,0,1,1,-1,3,-1,-1,-1,-1,-1,-1,-1,-1,-1,0
Unvalidated,2024332400007,2024,332400007,2,9,0,-1,0,0,-1,0,0,0,0,0,2,1,-1,1,19,4,-1,-1,-1,-1,6,1,E01032603,0
Unvalidated,2024332400008,2024,332400008,1,8,0,-1,1,5,-1,0,0,0,0,0,0,1,-1,1,25,5,-1,-1,-1,-1,1,1,E01013600,0
Unvalidated,2024332400009,2024,332400009,1,9,0,-1,7,5,-1,5,0,0,0,0,1,1,-1,2,20,4,-1,-1,-1,-1,7,2,E01025926,0
Unvalidated,2024332400010,2024,332400010,1,19,0,-1,3,7,-1,0,0,0,0,0,1,1,-1,1,41,7,-1,-1,-1,-1,1,1,E01013920,0
Unvalidated,2024332400010,2024,332400010,2,9,0,-1,0,0,-1,0,0,0,0,0,3,1,-1,3,-1,-1,-1,-1,-1,-1,-1,-1,-1,0
Unvalidated,2024332400010,2024,332400010,3,9,0,-1,0,0,-1,0,0,0,0,0,3,1,-1,3,-1,-1,-1,-1,-1,-1,-1,-1,-1,0
Unvalidated,2024332400010,2024,332400010,4,9,0,-1,0,0,-1,0,0,0,0,0,2,1,-1,3,-1,-1,-1,-1,-1,-1,-1,-1,-1,0
Unvalidated,2024332400011,2024,332400011,1,5,0,-1,3,7,-1,1,0,0,0,0,1,1,-1,1,21,5,-1,-1,-1,-1,10,1,E01025968,0
Unvalidated,2024332400011,2024,332400011,2,9,0,-1,5,3,-1,2,0,0,0,0,2,1,-1,1,62,9,-1,-1,-1,-1,1,1,E01025725,0
Unvalidated,2024332400012,2024,332400012,1,9,0,-1,4,8,-1,0,0,0,0,0,1,1,-1,2,52,8,-1,-1,-1,-1,7,1,E01025658,0
Unvalidated,2024332400012,2024,332400012,2,1,0,-1,4,8,-1,0,0,0,0,0,3,1,-1,1,33,6,-1,-1,-1,-1,4,1,E01025930,0
Unvalidated,2024332400013,2024,332400013,1,9,0,-1,5,1,-1,0,0,0,0,0,1,1,-1,1,-1,-1,-1,-1,-1,-1,-1,-1,-1,0
Unvalidated,2024332400013,2024,332400013,2,9,0,-1,1,5,-1,0,0,0,0,0,1,1,-1,1,47,8,-1,-1,-1,-1,1,1,E01013726,0
Unvalidated,2024332400013,2024,332400013,3,9,0,-1,0,0,-1,0,0,0,0,0,3,1,-1,1,19,4,-1,-1,-1,-1,3,1,E01025997,0
Unvalidated,2024332400014,2024,332400014,1,9,0,-1,6,2,-1,2,0,0,0,0,1,1,-1,1,27,6,-1,-1,-1,-1,6,1,E01025762,0
Unvalidated,2024332400015,2024,332400015,1,9,0,-1,7,3,-1,0,5,0,1,1,1,1,-1,1,27,6,-1,-1,-1,-1,10,1,E01025803,0
Unvalidated,2024332400016,2024,332400016,1,9,0,-1,3,7,-1,2,0,0,0,0,2,1,-1,1,33,6,-1,-1,-1,-1,7,1,E01026978,0
Unvalidated,2024332400016,2024,332400016,2,9,0,-1,3,7,-1,2,0,0,0,0,1,1,-1,1,-1,-1,-1,-1,-1,-1,8,1,E01032963,0
Unvalidated,2024332400017,2024,332400017,1,9,0,-1,3,7,-1,8,0,0,0,0,1,1,-1,1,28,6,-1,-1,-1,-1,8,1,E01025681,0
Unvalidated,2024332400017,2024,332400017,2,9,0,-1,5,1,-1,6,0,0,0,0,1,1,-1,1,-1,-1,-1,-1,-1,-1,-1,-1,-1,0
Unvalidated,2024332400018,2024,332400018,1,9,0,-1,5,1,-1,6,0,0,0,0,4,1,-1,1,28,6,-1,-1,-1,-1,2,1,E01013772,0
Unvalidated,2024332400018,2024,332400018,2,9,0,-1,7,3,-1,8,0,0,0,0,1,1,-1,2,52,8,-1,-1,-1,-1,3,1,E01013763,0
Unvalidated,2024332400019,2024,332400019,1,9,0,-1,4,8,-1,2,0,0,0,0,1,1,-1,1,-1,-1,-1,-1,-1,-1,-1,-1,-1,0
Unvalidated,2024332400021,2024,332400021,1,9,0,-1,0,0,-1,0,0,0,0,0,2,1,-1,2,53,8,-1,-1,-1,-1,4,1,E01025766,0
Unvalidated,2024332400021,2024,332400021,2,9,0,-1,6,2,-1,0,0,0,0,0,1,1,-1,3,-1,-1,-1,-1,-1,-1,-1,-1,-1,0
Unvalidated,2024332400022,2024,332400022,1,9,0,-1,5,1,-1,0,0,0,0,0,1,1,-1,1,32,6,-1,-1,-1,-1,1,1,E01013634,0
Unvalidated,2024332400023,2024,332400023,1,9,0,-1,0,0,-1,0,1,0,2,7,1,1,-1,3,44,7,-1,-1,-1,-1,6,1,E01025655,0
Unvalidated,2024332400023,2024,332400023,2,9,0,-1,1,5,-1,0,0,0,0,0,2,1,-1,2,28,6,-1,-1,-1,-1,8,1,E01028119,0
Unvalidated,2024332400023,2024,332400023,3,9,0,-1,1,5,-1,0,0,0,0,0,2,1,-1,1,23,5,-1,-1,-1,-1,1,1,E01008348,0
Unvalidated,2024332400023,2024,332400023,4,9,0,-1,1,5,-1,0,0,0,0,0,1,1,-1,1,23,5,-1,-1,-1,-1,1,1,E01008348,0
Unvalidated,2024332400023,2024,332400023,5,9,0,-1,1,5,-1,0,0,0,0,0,2,1,-1,2,66,10,-1,-1,-1,-1,8,3,E01026977,0
Unvalidated,2024332400023,2024,332400023,6,9,0,-1,1,5,-1,0,0,0,0,0,1,1,-1,1,25,5,-1,-1,-1,-1,7,1,E01009550,0
Unvalidated,2024332400023,2024,332400023,7,9,0,-1,1,5,-1,0,0,0,0,0,1,1,-1,1,21,5,-1,-1,-1,-1,5,1,E01027158,0
Unvalidated,2024332400024,2024,332400024,1,9,0,-1,8,4,-1,0,0,0,0,0,1,1,-1,1,32,6,-1,-1,-1,-1,4,1,E01027315,0
Unvalidated,2024332400024,2024,332400024,2,9,0,-1,8,4,-1,0,0,0,0,0,2,1,-1,2,38,7,-1,-1,-1,-1,4,1,E01031067,0
Unvalidated,2024332400025,2024,332400025,1,9,0,-1,8,4,-1,0,0,0,0,0,1,1,-1,1,20,4,-1,-1,-1,-1,5,1,E01015380,0
Unvalidated,2024332400025,2024,332400025,2,9,0,-1,4,8,-1,0,0,0,0,0,1,1,-1,2,52,8,-1,-1,-1,-1,7,1,E01025658,0
Unvalidated,2024332400026,2024,332400026,1,1,0,-1,1,5,-1,8,0,0,0,0,3,1,-1,1,40,7,-1,-1,-1,-1,2,1,E01013683,0
Unvalidated,2024332400026,2024,332400026,2,9,0,-1,1,5,-1,8,0,0,0,0,1,1,-1,1,-1,-1,-1,-1,-1,-1,-1,-1,-1,0
Unvalidated,2024332400027,2024,332400027,1,9,0,-1,6,2,-1,0,2,0,2,9,1,1,-1,1,18,4,-1,-1,-1,-1,10,2,E01028390,0
Unvalidated,2024332400028,2024,332400028,1,9,0,-1,1,5,-1,0,0,0,0,0,1,1,-1,2,35,6,-1,-1,-1,-1,-1,-1,-1,0
Unvalidated,2024332400028,2024,332400028,2,1,0,-1,3,7,-1,0,0,0,0,0,1,1,-1,1,16,4,-1,-1,-1,-1,7,1,E01025652,0
Unvalidated,2024332400029,2024,332400029,1,9,0,-1,0,0,-1,0,0,0,0,0,2,1,-1,1,41,7,-1,-1,-1,-1,3,1,E01014156,0
Unvalidated,2024332400029,2024,332400029,2,1,0,-1,3,7,-1,0,0,0,0,0,1,1,-1,1,60,9,-1,-1,-1,-1,9,3,E01025777,0
Unvalidated,2024332400030,2024,332400030,1,19,0,-1,5,3,-1,5,0,0,0,0,1,1,-1,3,-1,-1,-1,-1,-1,-1,-1,-1,-1,0
Unvalidated,2024332400030,2024,332400030,2,1,0,-1,1,5,-1,8,0,0,0,0,1,1,-1,2,33,6,-1,-1,-1,-1,5,1,E01025865,0
Unvalidated,2024332400031,2024,332400031,1,5,0,-1,3,1,-1,6,0,0,0,0,1,1,-1,2,38,7,-1,-1,-1,-1,7,1,E01025854,0
Unvalidated,2024332400033,2024,332400033,1,9,0,-1,5,1,-1,0,0,0,0,0,1,1,-1,2,24,5,-1,-1,-1,-1,8,2,E01025663,0
Unvalidated,2024332400034,2024,332400034,1,9,0,-1,1,5,-1,0,0,0,0,0,4,1,-1,2,26,6,-1,-1,-1,-1,9,2,E01025661,0
Unvalidated,2024332400034,2024,332400034,2,1,0,-1,1,5,-1,0,0,0,0,0,3,1,-1,1,71,10,-1,-1,-1,-1,8,2,E01025663,0
Unvalidated,2024332400035,2024,332400035,1,9,0,-1,6,2,-1,0,0,0,0,0,3,1,-1,1,42,7,-1,-1,-1,-1,3,1,E01029602,0
Unvalidated,2024332400035,2024,332400035,2,9,0,-1,2,6,-1,0,0,0,0,0,3,1,-1,1,81,11,-1,-1,-1,-1,10,1,E01025708,0
Unvalidated,2024332400036,2024,332400036,1,2,0,-1,8,4,-1,6,1,0,0,0,4,1,-1,1,17,4,-1,-1,-1,-1,4,1,E01025727,0
Unvalidated,2024332400036,2024,332400036,2,9,0,-1,2,6,-1,8,0,0,0,0,1,1,-1,1,33,6,-1,-1,-1,-1,1,1,E01013653,0
Unvalidated,2024332400038,2024,332400038,1,9,0,-1,1,5,-1,8,0,0,3,0,4,1,-1,1,55,8,-1,-1,-1,-1,4,3,E01026256,0
Unvalidated,2024332400038,2024,332400038,2,9,0,-1,3,7,-1,8,0,0,1,1,1,1,-1,1,55,8,-1,-1,-1,-1,10,2,E01028148,0
Unvalidated,2024332400039,2024,332400039,1,9,0,-1,3,7,-1,8,1,0,0,0,1,1,-1,2,49,8,-1,-1,-1,-1,9,3,E01025955,0
Unvalidated,2024332400039,2024,332400039,2,9,0,-1,1,5,-1,8,5,7,0,0,4,1,-1,1,50,8,-1,-1,-1,-1,9,1,E01025921,0
Unvalidated,2024332400040,2024,332400040,1,9,0,-1,3,5,-1,5,0,0,0,0,1,1,-1,1,-1,-1,-1,-1,-1,-1,-1,-1,-1,0
Unvalidated,2024332400041,2024,332400041,1,9,0,-1,7,5,-1,1,0,0,0,0,3,1,-1,2,43,7,-1,-1,-1,-1,9,1,E01025917,0
Unvalidated,2024332400042,2024,332400042,1,9,0,-1,3,7,-1,8,1,0,0,0,4,1,-1,1,57,9,-1,-1,-1,-1,7,1,E01025702,0
Unvalidated,2024332400042,2024,332400042,2,19,0,-1,5,7,-1,6,0,0,0,0,4,1,-1,1,-1,-1,-1,-1,-1,-1,-1,-1,-1,0
Unvalidated,2024332400043,2024,332400043,1,9,0,-1,2,7,-1,0,0,0,1,4,1,1,-1,1,69,10,-1,-1,-1,-1,10,1,E01025680,0
Unvalidated,2024332400044,2024,332400044,1,9,0,-1,1,5,-1,8,0,0,1,11,1,1,-1,1,25,5,-1,-1,-1,-1,5,1,E01013770,0
Unvalidated,2024332400044,2024,332400044,2,9,0,-1,3,1,-1,6,0,0,0,0,3,1,-1,1,28,6,-1,-1,-1,-1,6,1,E01013672,0
Unvalidated,2024332400045,2024,332400045,1,9,0,-1,8,5,-1,5,0,0,0,0,1,1,-1,2,38,7,-1,-1,-1,-1,2,1,E01013624,0
Unvalidated,2024332400046,2024,332400046,1,9,0,-1,3,7,-1,1,1,0,0,0,1,1,-1,2,41,7,-1,-1,-1,-1,1,1,E01013725,0
Unvalidated,2024332400047,2024,332400047,1,9,0,-1,2,6,-1,1,0,0,0,0,1,1,-1,2,55,8,-1,-1,-1,-1,9,2,E01025619,0
Unvalidated,2024332400048,2024,332400048,1,9,0,-1,8,4,-1,6,0,0,0,0,4,1,-1,1,38,7,-1,-1,-1,-1,2,1,E01015641,0
Unvalidated,2024332400048,2024,332400048,2,9,0,-1,2,5,-1,8,0,0,0,0,3,1,-1,1,41,7,-1,-1,-1,-1,6,1,E01026260,0
Unvalidated,2024332400049,2024,332400049,1,9,0,-1,7,3,-1,2,0,7,7,10,1,1,-1,1,43,7,-1,-1,-1,-1,-1,1,-1,0
Unvalidated,2024332400049,2024,332400049,2,9,0,-1,7,5,-1,5,0,0,7,0,0,1,-1,3,-1,-1,-1,-1,-1,-1,-1,-1,-1,0
Unvalidated,2024332400049,2024,332400049,3,9,0,-1,0,0,-1,1,0,0,0,0,1,1,-1,3,-1,-1,-1,-1,-1,-1,-1,-1,-1,0
Unvalidated,2024332400050,2024,332400050,1,9,0,-1,8,4,-1,1,0,0,0,0,1,1,-1,1,19,4,-1,-1,-1,-1,3,1,E01013775,0
Unvalidated,2024332400050,2024,332400050,2,9,0,-1,2,8,-1,2,0,0,0,0,1,1,-1,1,28,6,-1,-1,-1,-1,2,1,E01013774,0
Unvalidated,2024332400051,2024,332400051,1,98,0,-1,2,6,-1,0,0,0,0,0,2,1,-1,1,57,9,-1,-1,-1,-1,7,1,W01001584,0
Unvalidated,2024332400051,2024,332400051,2,98,0,-1,2,6,-1,0,0,0,4,6,4,1,-1,1,38,7,-1,-1,-1,-1,9,1,E01031113,0
Unvalidated,2024332400052,2024,332400052,1,8,0,-1,7,5,-1,5,0,0,0,0,2,1,-1,1,43,7,-1,-1,-1,-1,1,1,E01013691,0
Unvalidated,2024332400052,2024,332400052,2,9,0,-1,7,5,-1,5,0,0,0,0,3,1,-1,3,-1,-1,-1,-1,-1,-1,-1,-1,-1,0
Unvalidated,2024332400053,2024,332400053,1,9,0,-1,5,3,-1,6,0,0,0,0,1,1,-1,2,50,8,-1,-1,-1,-1,5,1,E01025897,0
Unvalidated,2024332400053,2024,332400053,2,9,0,-1,1,3,-1,6,0,0,0,0,2,1,-1,2,33,6,-1,-1,-1,-1,6,1,E01025898,0
Unvalidated,2024332400054,2024,332400054,1,9,0,-1,6,2,-1,2,0,0,0,0,1,1,-1,1,19,4,-1,-1,-1,-1,4,1,E01032862,0
Unvalidated,2024332400055,2024,332400055,1,11,0,-1,5,1,-1,1,0,0,0,0,1,1,-1,1,55,8,-1,-1,-1,-1,7,1,E01025684,0
Unvalidated,2024332400057,2024,332400057,1,9,0,-1,5,1,-1,0,0,0,0,0,1,1,-1,3,-1,-1,-1,-1,-1,-1,-1,-1,-1,0
Unvalidated,2024332400058,2024,332400058,1,9,0,-1,3,1,-1,5,0,0,2,11,1,1,-1,2,24,5,-1,-1,-1,-1,7,2,E01025618,0
Unvalidated,2024332400058,2024,332400058,2,9,0,-1,1,3,-1,1,0,0,1,11,3,1,-1,2,74,10,-1,-1,-1,-1,9,2,E01027002,0
Unvalidated,2024332400059,2024,332400059,1,9,0,-1,2,6,-1,4,0,0,0,0,2,1,-1,1,42,7,-1,-1,-1,-1,3,1,E01025997,0
Unvalidated,2024332400059,2024,332400059,2,9,0,-1,2,6,-1,4,0,0,0,0,1,1,-1,3,-1,-1,-1,-1,-1,-1,-1,-1,-1,0
Unvalidated,2024332400059,2024,332400059,3,9,0,-1,1,5,-1,8,0,0,0,0,0,1,-1,1,-1,-1,-1,-1,-1,-1,5,1,E01025858,0
Unvalidated,2024332400060,2024,332400060,1,9,0,-1,1,5,-1,0,0,0,7,11,1,1,-1,1,47,8,-1,-1,-1,-1,8,2,E01025645,0
Unvalidated,2024332400060,2024,332400060,2,19,0,-1,5,1,-1,0,0,0,1,0,1,1,-1,1,31,6,-1,-1,-1,-1,9,1,E01025805,0
Unvalidated,2024332400061,2024,332400061,1,2,0,-1,1,5,-1,6,0,0,0,0,1,1,-1,1,11,3,-1,-1,-1,-1,2,1,E01013639,0
Unvalidated,2024332400061,2024,332400061,2,9,0,-1,3,7,-1,8,0,0,0,0,1,1,-1,3,-1,-1,-1,-1,-1,-1,-1,-1,-1,0
Unvalidated,2024332400062,2024,332400062,1,9,0,-1,1,5,-1,1,0,0,0,0,1,1,-1,1,68,10,-1,-1,-1,-1,2,1,E01013690,0
Unvalidated,2024332400062,2024,332400062,2,22,0,-1,7,3,-1,1,0,0,0,0,1,1,-1,2,90,11,-1,-1,-1,-1,2,1,E01013688,0
Unvalidated,2024332400063,2024,332400063,1,11,0,-1,5,3,-1,5,0,0,0,0,1,1,-1,1,48,8,-1,-1,-1,-1,1,1,E01013640,0
Unvalidated,2024332400064,2024,332400064,1,9,0,-1,3,7,-1,6,0,0,3,4,3,1,-1,1,40,7,-1,-1,-1,-1,7,1,E01025952,0
Unvalidated,2024332400064,2024,332400064,2,9,0,-1,1,5,-1,8,0,0,0,0,1,1,-1,1,24,5,-1,-1,-1,-1,9,1,E01025917,0
Unvalidated,2024332400065,2024,332400065,1,9,0,-1,7,4,-1,0,2,0,1,4,1,1,-1,1,48,8,-1,-1,-1,-1,6,1,E01025740,0
Unvalidated,2024332400066,2024,332400066,1,19,0,-1,3,7,-1,1,0,0,0,0,2,1,-1,2,25,5,-1,-1,-1,-1,8,3,E01025771,0
Unvalidated,2024332400066,2024,332400066,2,9,0,-1,3,7,-1,1,1,0,0,0,1,1,-1,2,39,7,-1,-1,-1,-1,9,3,E01025736,0
Unvalidated,2024332400067,2024,332400067,1,9,0,-1,1,5,-1,0,0,0,0,0,1,1,-1,3,-1,-1,-1,-1,-1,-1,-1,-1,-1,0
Unvalidated,2024332400068,2024,332400068,1,8,0,-1,3,1,-1,6,0,0,0,0,3,1,-1,1,61,9,-1,-1,-1,-1,1,1,E01013755,0
Unvalidated,2024332400068,2024,332400068,2,9,0,-1,1,5,-1,1,0,0,0,0,1,1,-1,1,52,8,-1,-1,-1,-1,3,1,E01013778,0
Unvalidated,2024332400069,2024,332400069,1,9,0,-1,1,5,-1,6,0,0,0,0,3,1,-1,1,47,8,-1,-1,-1,-1,9,1,E01025951,0
Unvalidated,2024332400069,2024,332400069,2,9,0,-1,8,4,-1,8,5,0,7,3,1,1,-1,1,63,9,-1,-1,-1,-1,10,2,E01033533,0
Unvalidated,2024332400070,2024,332400070,1,9,0,-1,5,1,-1,2,0,0,0,0,4,1,-1,2,55,8,-1,-1,-1,-1,8,2,E01025685,0
Unvalidated,2024332400071,2024,332400071,1,11,0,-1,8,2,-1,5,0,0,7,1,1,1,-1,2,51,8,-1,-1,-1,-1,4,1,E01031060,0
Unvalidated,2024332400072,2024,332400072,1,8,0,-1,7,3,-1,6,0,0,0,0,1,1,-1,1,32,6,-1,-1,-1,-1,1,1,E01013726,0
Unvalidated,2024332400072,2024,332400072,2,9,0,-1,5,1,-1,8,0,0,0,0,1,1,-1,2,25,5,-1,-1,-1,-1,10,2,E01025872,0
Unvalidated,2024332400073,2024,332400073,1,9,0,-1,2,5,-1,1,5,10,1,9,1,1,-1,1,48,8,-1,-1,-1,-1,-1,-1,-1,0
Unvalidated,2024332400074,2024,332400074,1,9,0,-1,8,4,-1,0,0,0,0,0,2,1,-1,1,55,8,-1,-1,-1,-1,4,1,E01013662,0
Unvalidated,2024332400074,2024,332400074,2,9,0,-1,8,4,-1,0,0,0,0,0,1,1,-1,1,-1,-1,-1,-1,-1,-1,-1,-1,-1,0
Unvalidated,2024332400075,2024,332400075,1,9,0,-1,9,9,-1,5,0,0,0,0,3,1,-1,1,-1,-1,-1,-1,-1,-1,-1,-1,-1,0