status,collision_index,collision_year,collision_reference,vehicle_reference,vehicle_type,towing_and_articulation,vehicle_manoeuvre,vehicle_direction_from,vehicle_direction_to,vehicle_location_restricted_lane,junction_location,skidding_and_overturning,hit_object_in_carriageway,vehicle_leaving_carriageway,hit_object_off_carriageway,first_point_of_impact,vehicle_left_hand_drive,journey_purpose_of_driver,sex_of_driver,age_of_driver,age_band_of_driver,engine_capacity_cc,propulsion_code,age_of_vehicle,generic_make_model,driver_imd_decile,driver_home_area_type,lsoa_of_driver,escooter_flag
Unvalidated,2024332400076,2024,332400076,1,9,0,-1,9,9,-1,0,0,0,0,0,2,1,-1,3,-1,-1,-1,-1,-1,-1,-1,-1,-1,0
Unvalidated,2024332400077,2024,332400077,1,1,0,-1,5,1,-1,4,0,0,0,0,3,1,-1,1,48,8,-1,-1,-1,-1,10,1,E01025615,0
Unvalidated,2024332400077,2024,332400077,2,9,0,-1,5,7,-1,4,0,0,0,0,1,1,-1,2,-1,-1,-1,-1,-1,-1,-1,-1,-1,0
Unvalidated,2024332400078,2024,332400078,1,9,0,-1,3,5,-1,6,0,0,0,0,1,1,-1,2,46,8,-1,-1,-1,-1,10,1,E01025648,0
Unvalidated,2024332400078,2024,332400078,2,9,0,-1,1,5,-1,2,0,0,0,0,4,1,-1,2,85,11,-1,-1,-1,-1,6,1,E01025646,0
Unvalidated,2024332400079,2024,332400079,1,3,0,-1,5,1,-1,1,0,0,1,0,3,1,-1,1,23,5,-1,-1,-1,-1,9,1,E01025901,0
Unvalidated,2024332400079,2024,332400079,2,9,0,-1,5,7,-1,5,0,0,0,0,4,1,-1,1,40,7,-1,-1,-1,-1,4,1,E01025907,0
Unvalidated,2024332400080,2024,332400080,1,9,0,-1,2,6,-1,0,0,0,0,0,1,1,-1,1,26,6,-1,-1,-1,-1,3,1,E01013656,0
Unvalidated,2024332400081,2024,332400081,1,9,0,-1,8,4,-1,8,0,0,0,0,1,1,-1,1,18,4,-1,-1,-1,-1,7,2,E01013791,0
Unvalidated,2024332400081,2024,332400081,2,-1,0,-1,6,2,-1,6,0,0,0,0,1,1,-1,1,15,3,-1,-1,-1,-1,6,1,E01025863,1
Unvalidated,2024332400084,2024,332400084,1,9,0,-1,3,5,-1,5,0,0,1,11,4,1,-1,1,61,9,-1,-1,-1,-1,2,1,E01013716,0
Unvalidated,2024332400084,2024,332400084,2,19,0,-1,0,0,-1,2,0,0,0,0,4,1,-1,3,-1,-1,-1,-1,-1,-1,-1,-1,-1,0
Unvalidated,2024332400084,2024,332400084,3,9,0,-1,0,0,-1,2,0,0,0,0,2,1,-1,3,-1,-1,-1,-1,-1,-1,-1,-1,-1,0
Unvalidated,2024332400085,2024,332400085,1,9,0,-1,5,3,-1,5,0,0,0,0,1,1,-1,1,53,8,-1,-1,-1,-1,8,1,E01025743,0
Unvalidated,2024332400085,2024,332400085,2,3,0,-1,5,1,-1,8,0,0,0,0,1,1,-1,1,49,8,-1,-1,-1,-1,2,1,E01013687,0
Unvalidated,2024332400086,2024,332400086,1,9,0,-1,1,5,-1,0,0,0,0,0,1,1,-1,1,60,9,-1,-1,-1,-1,7,3,E01013787,0
Unvalidated,2024332400086,2024,332400086,2,9,0,-1,5,1,-1,0,0,0,0,0,1,1,-1,1,54,8,-1,-1,-1,-1,10,2,E01013803,0
Unvalidated,2024332400087,2024,332400087,1,9,0,-1,2,6,-1,8,0,0,0,0,3,1,-1,1,31,6,-1,-1,-1,-1,3,1,E01013763,0
Unvalidated,2024332400087,2024,332400087,2,9,0,-1,9,9,-1,8,0,0,0,0,1,1,-1,3,-1,-1,-1,-1,-1,-1,-1,-1,-1,0
Unvalidated,2024332400088,2024,332400088,1,9,0,-1,7,3,-1,0,0,0,0,0,1,1,-1,1,63,9,-1,-1,-1,-1,9,1,E01013703,0
Unvalidated,2024332400088,2024,332400088,2,19,0,-1,7,3,-1,0,0,0,0,0,1,1,-1,1,32,6,-1,-1,-1,-1,7,2,E01027095,0
Unvalidated,2024332400090,2024,332400090,1,9,0,-1,3,7,-1,0,0,0,1,11,1,1,-1,2,81,11,-1,-1,-1,-1,10,2,E01013803,0
Unvalidated,2024332400091,2024,332400091,1,9,0,-1,1,5,-1,4,0,10,3,9,1,1,-1,1,27,6,-1,-1,-1,-1,5,1,E01013729,0
Unvalidated,2024332400093,2024,332400093,1,9,0,-1,6,2,-1,1,5,0,0,0,1,1,-1,1,90,11,-1,-1,-1,-1,10,2,E01013803,0
Unvalidated,2024332400093,2024,332400093,2,9,0,-1,6,4,-1,1,0,0,0,0,2,1,-1,2,49,8,-1,-1,-1,-1,6,3,E01013789,0
Unvalidated,2024332400094,2024,332400094,1,9,0,-1,5,1,-1,0,0,0,0,0,2,1,-1,3,-1,-1,-1,-1,-1,-1,-1,-1,-1,0
Unvalidated,2024332400094,2024,332400094,2,5,0,-1,5,1,-1,0,0,0,0,0,1,1,-1,1,68,10,-1,-1,-1,-1,10,1,E01025726,0
Unvalidated,2024332400094,2024,332400094,3,9,0,-1,5,1,-1,0,0,0,0,0,1,1,-1,1,52,8,-1,-1,-1,-1,4,3,E01025789,0
Unvalidated,2024332400095,2024,332400095,1,9,0,-1,1,4,-1,0,1,0,1,10,1,1,-1,1,20,4,-1,-1,-1,-1,10,1,E01025893,0
Unvalidated,2024332400096,2024,332400096,1,9,0,-1,4,8,-1,0,0,0,1,0,4,1,-1,1,66,10,-1,-1,-1,-1,6,3,E01013789,0
Unvalidated,2024332400097,2024,332400097,1,9,0,-1,8,4,-1,0,1,0,0,0,3,1,-1,2,27,6,-1,-1,-1,-1,8,2,E01025793,0
Unvalidated,2024332400097,2024,332400097,2,9,0,-1,4,8,-1,0,1,0,0,0,3,1,-1,2,29,6,-1,-1,-1,-1,7,1,E01025621,0
Unvalidated,2024332400098,2024,332400098,1,9,0,-1,9,9,-1,6,0,0,0,0,1,1,-1,3,-1,-1,-1,-1,-1,-1,-1,-1,-1,0
Unvalidated,2024332400099,2024,332400099,1,21,0,-1,8,4,-1,0,2,0,0,0,2,1,-1,1,37,7,-1,-1,-1,-1,9,1,E01025961,0
Unvalidated,2024332400099,2024,332400099,2,21,0,-1,8,4,-1,0,1,0,0,0,1,1,-1,1,33,6,-1,-1,-1,-1,-1,-1,-1,0
Unvalidated,2024332400099,2024,332400099,3,21,0,-1,8,4,-1,0,1,0,4,6,1,1,-1,1,57,9,-1,-1,-1,-1,7,1,E01025967,0
Unvalidated,2024332400100,2024,332400100,1,11,0,-1,5,1,-1,0,0,0,0,0,0,1,-1,1,36,7,-1,-1,-1,-1,-1,-1,-1,0
Unvalidated,2024332400101,2024,332400101,1,21,0,-1,7,3,-1,0,5,0,2,3,4,1,-1,1,55,8,-1,-1,-1,-1,10,1,E01025624,0
Unvalidated,2024332400101,2024,332400101,2,9,0,-1,3,7,-1,0,0,0,1,0,3,1,-1,1,25,5,-1,-1,-1,-1,9,1,E01025901,0
Unvalidated,2024332400102,2024,332400102,1,9,0,-1,6,2,-1,0,0,0,0,0,2,1,-1,2,35,6,-1,-1,-1,-1,4,1,E01013663,0
Unvalidated,2024332400102,2024,332400102,2,9,0,-1,6,2,-1,0,0,0,0,0,1,1,-1,1,-1,-1,-1,-1,-1,-1,-1,-1,-1,0
Unvalidated,2024332400103,2024,332400103,1,1,0,-1,1,5,-1,0,1,0,0,0,1,1,-1,1,26,6,-1,-1,-1,-1,2,1,E01013678,0
Unvalidated,2024332400103,2024,332400103,2,9,0,-1,5,1,-1,0,0,0,0,0,1,1,-1,2,-1,-1,-1,-1,-1,-1,-1,-1,-1,0
Unvalidated,2024332400104,2024,332400104,1,9,0,-1,2,4,-1,4,0,0,0,0,2,1,-1,1,57,9,-1,-1,-1,-1,-1,-1,-1,0
Unvalidated,2024332400104,2024,332400104,2,9,0,-1,8,4,-1,8,0,0,0,0,1,1,-1,1,35,6,-1,-1,-1,-1,5,1,E01013735,0
Unvalidated,2024332400105,2024,332400105,1,9,0,-1,2,8,-1,5,0,0,0,0,1,1,-1,2,63,9,-1,-1,-1,-1,7,1,E01025627,0
Unvalidated,2024332400106,2024,332400106,1,3,0,-1,8,4,-1,0,0,0,0,0,1,1,-1,1,18,4,-1,-1,-1,-1,5,2,E01025927,0
Unvalidated,2024332400106,2024,332400106,2,1,0,-1,6,2,-1,0,0,0,0,0,1,1,-1,2,15,3,-1,-1,-1,-1,3,1,E01025718,0
Unvalidated,2024332400107,2024,332400107,1,9,0,-1,6,4,-1,4,0,0,0,0,3,1,-1,2,29,6,-1,-1,-1,-1,4,1,E01013617,0
Unvalidated,2024332400107,2024,332400107,2,9,0,-1,4,8,-1,4,0,0,0,0,1,1,-1,2,38,7,-1,-1,-1,-1,4,1,E01013618,0
Unvalidated,2024332400108,2024,332400108,1,9,0,-1,4,4,-1,0,0,0,0,0,1,1,-1,1,-1,-1,-1,-1,-1,-1,-1,-1,-1,0
Unvalidated,2024332400109,2024,332400109,1,11,0,-1,1,5,-1,0,0,0,0,0,3,1,-1,1,59,9,-1,-1,-1,-1,2,1,E01013772,0
Unvalidated,2024332400110,2024,332400110,1,9,0,-1,5,1,-1,8,0,0,0,0,1,1,-1,1,26,6,-1,-1,-1,-1,8,3,E01029749,0
Unvalidated,2024332400110,2024,332400110,2,1,0,-1,7,3,-1,6,0,0,0,0,1,1,-1,1,13,3,-1,-1,-1,-1,2,1,E01013774,0
Unvalidated,2024332400111,2024,332400111,1,9,0,-1,5,1,-1,0,0,0,0,0,1,1,-1,2,30,6,-1,-1,-1,-1,9,3,E01025661,0
Unvalidated,2024332400112,2024,332400112,1,9,0,-1,1,4,-1,8,0,0,0,0,1,1,-1,2,38,7,-1,-1,-1,-1,2,1,E01019842,0
Unvalidated,2024332400112,2024,332400112,2,9,0,-1,4,1,-1,8,0,0,0,0,1,1,-1,1,77,11,-1,-1,-1,-1,-1,-1,-1,0
Unvalidated,2024332400113,2024,332400113,1,1,0,-1,2,4,-1,4,1,0,0,0,1,1,-1,1,67,10,-1,-1,-1,-1,10,1,E01025803,0
Unvalidated,2024332400114,2024,332400114,1,9,0,-1,3,8,-1,6,0,0,0,0,4,1,-1,1,83,11,-1,-1,-1,-1,7,2,E01025674,0
Unvalidated,2024332400114,2024,332400114,2,1,0,-1,5,8,-1,8,0,0,0,0,1,1,-1,1,71,10,-1,-1,-1,-1,6,1,E01025756,0
Unvalidated,2024332400115,2024,332400115,1,19,0,-1,1,7,-1,5,0,0,0,0,4,1,-1,1,41,7,-1,-1,-1,-1,6,1,E01025824,0
Unvalidated,2024332400115,2024,332400115,2,4,0,-1,1,5,-1,8,0,0,0,0,3,1,-1,1,53,8,-1,-1,-1,-1,7,1,E01025864,0
Unvalidated,2024332400116,2024,332400116,1,9,0,-1,7,3,-1,0,0,0,1,0,1,1,-1,1,56,9,-1,-1,-1,-1,10,2,E01025870,0
Unvalidated,2024332400117,2024,332400117,1,9,0,-1,1,1,-1,8,0,0,1,0,3,1,-1,3,-1,-1,-1,-1,-1,-1,-1,-1,-1,0
Unvalidated,2024332400117,2024,332400117,2,9,0,-1,5,1,-1,8,0,0,0,0,0,1,-1,1,18,4,-1,-1,-1,-1,1,1,E01013601,0
Unvalidated,2024332400118,2024,332400118,1,1,0,-1,1,5,-1,0,1,0,0,0,1,1,-1,1,16,4,-1,-1,-1,-1,3,1,E01013698,0
Unvalidated,2024332400118,2024,332400118,2,19,0,-1,0,0,-1,0,0,0,0,0,2,1,-1,2,61,9,-1,-1,-1,-1,2,1,E01013772,0
Unvalidated,2024332400119,2024,332400119,1,9,0,-1,2,6,-1,4,0,0,0,0,1,1,-1,2,24,5,-1,-1,-1,-1,5,1,E01025723,0
Unvalidated,2024332400119,2024,332400119,2,1,0,-1,8,4,-1,8,0,0,0,0,2,1,-1,1,48,8,-1,-1,-1,-1,6,1,E01025747,0
Unvalidated,2024332400120,2024,332400120,1,19,0,-1,2,6,-1,8,0,0,1,0,1,1,-1,1,20,4,-1,-1,-1,-1,9,1,E01025737,0
Unvalidated,2024332400120,2024,332400120,2,9,0,-1,6,5,-1,5,0,0,0,0,1,1,-1,1,75,10,-1,-1,-1,-1,8,1,E01025681,0
Unvalidated,2024332400121,2024,332400121,1,9,0,-1,3,8,-1,0,2,0,1,4,1,1,-1,2,30,6,-1,-1,-1,-1,5,1,E01025897,0
Unvalidated,2024332400122,2024,332400122,1,3,0,-1,7,3,-1,1,0,0,0,0,1,1,-1,1,34,6,-1,-1,-1,-1,1,1,E01013621,0
Unvalidated,2024332400122,2024,332400122,2,9,0,-1,0,0,-1,1,0,0,0,0,2,1,-1,2,-1,-1,-1,-1,-1,-1,-1,-1,-1,0
Unvalidated,2024332400123,2024,332400123,1,9,0,-1,5,1,-1,2,0,0,0,0,1,1,-1,1,42,7,-1,-1,-1,-1,10,1,E01025904,0
Unvalidated,2024332400124,2024,332400124,1,3,0,-1,1,5,-1,1,1,0,0,0,2,1,-1,1,39,7,-1,-1,-1,-1,7,1,E01019700,0
Unvalidated,2024332400124,2024,332400124,2,9,0,-1,1,5,-1,1,0,0,0,0,1,1,-1,3,-1,-1,-1,-1,-1,-1,-1,-1,-1,0
Unvalidated,2024332400125,2024,332400125,1,19,0,-1,7,3,-1,0,0,0,0,0,1,1,-1,1,44,7,-1,-1,-1,-1,7,1,E01025658,0
Unvalidated,2024332400126,2024,332400126,1,9,0,-1,6,3,-1,0,0,0,0,0,1,1,-1,1,19,4,-1,-1,-1,-1,6,1,E01025747,0
Unvalidated,2024332400126,2024,332400126,2,21,0,-1,0,0,-1,0,0,0,0,0,2,1,-1,1,36,7,-1,-1,-1,-1,4,1,E01007390,0
Unvalidated,2024332400127,2024,332400127,1,9,0,-1,3,7,-1,1,0,0,0,0,2,1,-1,2,62,9,-1,-1,-1,-1,4,1,E01025900,0
Unvalidated,2024332400127,2024,332400127,2,9,0,-1,3,7,-1,1,0,0,0,0,1,1,-1,3,-1,-1,-1,-1,-1,-1,-1,-1,-1,0
Unvalidated,2024332400128,2024,332400128,1,19,0,-1,5,1,-1,0,0,0,0,0,0,1,-1,3,-1,-1,-1,-1,-1,-1,-1,-1,-1,0
Unvalidated,2024332400128,2024,332400128,2,5,0,-1,5,1,-1,0,1,0,0,0,3,1,-1,1,65,9,-1,-1,-1,-1,1,1,E01013653,0
Unvalidated,2024332400129,2024,332400129,1,9,0,-1,5,1,-1,0,0,0,0,0,2,1,-1,1,54,8,-1,-1,-1,-1,9,1,E01019447,0
Unvalidated,2024332400129,2024,332400129,2,9,0,-1,5,1,-1,0,0,0,0,0,1,1,-1,1,-1,-1,-1,-1,-1,-1,-1,-1,-1,0
Unvalidated,2024332400130,2024,332400130,1,9,0,-1,8,2,-1,0,0,0,0,0,1,1,-1,1,50,8,-1,-1,-1,-1,8,1,E01025812,0
Unvalidated,2024332400130,2024,332400130,2,9,0,-1,2,8,-1,0,0,0,0,0,1,1,-1,2,82,11,-1,-1,-1,-1,10,2,E01013798,0
Unvalidated,2024332400131,2024,332400131,1,1,0,-1,1,5,-1,8,0,0,0,0,4,1,-1,1,53,8,-1,-1,-1,-1,4,1,E01025988,0
Unvalidated,2024332400131,2024,332400131,2,9,0,-1,3,1,-1,6,0,0,0,0,1,1,-1,1,-1,-1,-1,-1,-1,-1,-1,-1,-1,0
Unvalidated,2024332400132,2024,332400132,1,9,0,-1,1,5,-1,2,0,0,0,0,2,1,-1,2,35,6,-1,-1,-1,-1,2,1,E01013772,0
Unvalidated,2024332400132,2024,332400132,2,19,0,-1,1,5,-1,2,0,0,0,0,1,1,-1,2,24,5,-1,-1,-1,-1,-1,-1,-1,0
Unvalidated,2024332400133,2024,332400133,1,9,0,-1,3,7,-1,1,0,0,0,0,1,1,-1,2,78,11,-1,-1,-1,-1,5,1,E01013735,0
Unvalidated,2024332400133,2024,332400133,2,9,0,-1,3,7,-1,1,0,0,0,0,2,1,-1,2,45,7,-1,-1,-1,-1,-1,-1,-1,0
Unvalidated,2024332400134,2024,332400134,1,9,0,-1,1,3,-1,5,0,0,1,0,1,1,-1,1,44,7,-1,-1,-1,-1,4,1,E01013749,0
Unvalidated,2024332400135,2024,332400135,1,9,0,-1,9,9,-1,1,0,0,0,0,1,1,-1,3,-1,-1,-1,-1,-1,-1,-1,-1,-1,0
Unvalidated,2024332400136,2024,332400136,1,8,0,-1,6,2,-1,0,0,0,0,0,1,1,-1,1,-1,-1,-1,-1,-1,-1,-1,-1,-1,0
Unvalidated,2024332400137,2024,332400137,1,9,0,-1,3,1,-1,1,0,0,0,0,2,1,-1,2,42,7,-1,-1,-1,-1,5,1,E01025936,0
Unvalidated,2024332400137,2024,332400137,2,9,0,-1,3,7,-1,1,0,0,0,0,1,1,-1,3,-1,-1,-1,-1,-1,-1,-1,-1,-1,0
Unvalidated,2024332400138,2024,332400138,1,9,0,-1,1,5,-1,0,0,0,0,0,1,1,-1,2,35,6,-1,-1,-1,-1,2,1,E01013716,0
Unvalidated,2024332400139,2024,332400139,1,19,0,-1,7,3,-1,4,0,0,0,0,1,1,-1,1,29,6,-1,-1,-1,-1,6,1,E01013757,0
Unvalidated,2024332400139,2024,332400139,2,1,0,-1,5,1,-1,8,0,0,0,0,2,1,-1,1,59,9,-1,-1,-1,-1,9,1,E01025660,0
Unvalidated,2024332400140,2024,332400140,1,9,0,-1,3,7,-1,6,0,0,0,0,4,1,-1,1,19,4,-1,-1,-1,-1,6,1,E01000267,0
Unvalidated,2024332400140,2024,332400140,2,9,0,-1,5,1,-1,8,0,0,0,0,1,1,-1,2,46,8,-1,-1,-1,-1,4,1,E01013711,0
Unvalidated,2024332400140,2024,332400140,3,9,0,-1,7,1,-1,1,0,0,0,0,3,1,-1,1,57,9,-1,-1,-1,-1,8,1,E01013650,0
Unvalidated,2024332400141,2024,332400141,1,9,0,-1,2,8,-1,6,0,0,0,0,4,1,-1,1,52,8,-1,-1,-1,-1,3,1,E01013626,0
Unvalidated,2024332400141,2024,332400141,2,9,0,-1,4,8,-1,1,0,0,0,0,1,1,-1,1,20,4,-1,-1,-1,-1,6,1,E01013672,0
Unvalidated,2024332400143,2024,332400143,1,9,0,-1,2,6,-1,1,0,0,0,0,1,1,-1,1,56,9,-1,-1,-1,-1,2,1,E01013667,0
Unvalidated,2024332400144,2024,332400144,1,19,0,-1,3,7,-1,8,0,0,0,0,4,1,-1,1,32,6,-1,-1,-1,-1,4,2,E01025749,0
Unvalidated,2024332400144,2024,332400144,2,9,0,-1,5,1,-1,6,0,0,0,0,1,1,-1,1,64,9,-1,-1,-1,-1,6,1,E01011586,0
Unvalidated,2024332400145,2024,332400145,1,9,0,-1,6,2,-1,1,0,0,0,0,4,1,-1,2,58,9,-1,-1,-1,-1,9,2,E01025619,0
Unvalidated,2024332400146,2024,332400146,1,9,0,-1,6,4,-1,6,0,0,0,0,2,1,-1,1,85,11,-1,-1,-1,-1,8,2,E01013807,0
Unvalidated,2024332400146,2024,332400146,2,9,0,-1,1,4,-1,8,0,0,1,1,1,1,-1,1,19,4,-1,-1,-1,-1,7,2,E01028378,0
Unvalidated,2024332400147,2024,332400147,1,9,0,-1,3,7,-1,6,1,0,3,11,1,1,-1,1,49,8,-1,-1,-1,-1,4,1,E01025727,0
Unvalidated,2024332400147,2024,332400147,2,9,0,-1,5,1,-1,8,1,0,1,11,1,1,-1,2,35,6,-1,-1,-1,-1,3,1,E01025715,0
Unvalidated,2024332400148,2024,332400148,1,9,0,-1,7,3,-1,6,1,0,0,0,1,1,-1,1,53,8,-1,-1,-1,-1,1,1,E01025932,0
Unvalidated,2024332400148,2024,332400148,2,9,0,-1,5,1,-1,8,0,0,7,11,1,1,-1,2,61,9,-1,-1,-1,-1,6,3,E01025939,0
Unvalidated,2024332400149,2024,332400149,1,9,0,-1,8,4,-1,0,0,0,0,0,2,1,-1,1,56,9,-1,-1,-1,-1,4,1,E01000316,0
Unvalidated,2024332400149,2024,332400149,2,9,0,-1,8,4,-1,0,0,0,0,0,1,1,-1,1,-1,-1,-1,-1,-1,-1,-1,-1,-1,0
Unvalidated,2024332400150,2024,332400150,1,9,0,-1,8,4,-1,2,0,0,0,0,1,1,-1,2,33,6,-1,-1,-1,-1,10,2,E01025772,0
Unvalidated,2024332400150,2024,332400150,2,9,0,-1,8,4,-1,2,0,0,0,0,2,1,-1,1,39,7,-1,-1,-1,-1,10,1,E01025648,0
Unvalidated,2024332400151,2024,332400151,1,9,0,-1,0,0,-1,2,0,0,0,0,1,1,-1,1,32,6,-1,-1,-1,-1,7,1,E01013686,0
Unvalidated,2024332400151,2024,332400151,2,23,0,-1,3,7,-1,2,1,0,7,0,1,1,-1,1,29,6,-1,-1,-1,-1,9,3,E01025687,0
Unvalidated,2024332400152,2024,332400152,1,19,0,-1,5,5,-1,8,0,0,0,0,4,1,-1,1,48,8,-1,-1,-1,-1,6,1,E01025977,0
Unvalidated,2024332400152,2024,332400152,2,4,0,-1,1,5,-1,8,0,0,0,0,1,1,-1,1,21,5,-1,-1,-1,-1,6,1,E01013642,0
Unvalidated,2024332400153,2024,332400153,1,9,0,-1,2,6,-1,2,0,0,0,0,2,1,-1,2,30,6,-1,-1,-1,-1,5,1,E01025629,0
Unvalidated,2024332400153,2024,332400153,2,9,0,-1,2,6,-1,2,5,0,0,0,1,1,-1,2,48,8,-1,-1,-1,-1,1,1,E01013755,0
Unvalidated,2024332400154,2024,332400154,1,9,0,-1,3,7,-1,2,0,0,0,0,1,1,-1,3,-1,-1,-1,-1,-1,-1,-1,-1,-1,0
Unvalidated,2024332400155,2024,332400155,1,9,0,-1,3,7,-1,0,0,0,7,2,1,1,-1,2,36,7,-1,-1,-1,-1,3,1,E01013717,0
Unvalidated,2024332400155,2024,332400155,2,9,0,-1,6,3,-1,0,0,0,7,10,1,1,-1,1,21,5,-1,-1,-1,-1,5,1,E01013671,0
Unvalidated,2024332400156,2024,332400156,1,9,0,-1,7,3,-1,0,0,0,1,3,1,1,-1,2,44,7,-1,-1,-1,-1,1,1,E01013746,0
Unvalidated,2024332400157,2024,332400157,1,1,0,-1,3,7,-1,0,1,0,0,0,1,1,-1,1,44,7,-1,-1,-1,-1,1,1,E01013722,0
Unvalidated,2024332400157,2024,332400157,2,9,0,-1,3,7,-1,0,0,0,0,0,1,1,-1,3,-1,-1,-1,-1,-1,-1,-1,-1,-1,0
Unvalidated,2024332400158,2024,332400158,1,2,0,-1,9,9,-1,6,0,0,0,0,3,1,-1,1,16,4,-1,-1,-1,-1,10,2,E01025676,0
Unvalidated,2024332400158,2024,332400158,2,98,0,-1,9,9,-1,1,0,0,0,0,1,1,-1,3,-1,-1,-1,-1,-1,-1,-1,-1,-1,0
Unvalidated,2024332400159,2024,332400159,1,9,0,-1,3,7,-1,1,0,0,0,0,2,1,-1,2,22,5,-1,-1,-1,-1,8,3,E01025938,0
Unvalidated,2024332400159,2024,332400159,2,9,0,-1,3,7,-1,1,0,0,0,0,1,1,-1,1,-1,-1,-1,-1,-1,-1,-1,-1,-1,0
Unvalidated,2024332400160,2024,332400160,1,9,0,-1,8,3,-1,0,1,0,1,0,1,1,-1,2,41,7,-1,-1,-1,-1,9,1,E01013559,0
Unvalidated,2024332400160,2024,332400160,2,9,0,-1,3,7,-1,0,1,0,0,0,1,1,-1,2,55,8,-1,-1,-1,-1,7,3,E01025888,0
Unvalidated,2024332400161,2024,332400161,1,9,0,-1,1,5,-1,1,0,0,0,0,1,1,-1,1,58,9,-1,-1,-1,-1,6,1,E01025995,0
Unvalidated,2024332400161,2024,332400161,2,9,0,-1,1,5,-1,1,0,0,0,0,2,1,-1,1,34,6,-1,-1,-1,-1,4,1,E01013782,0
Unvalidated,2024332400162,2024,332400162,1,9,0,-1,5,1,-1,1,0,0,0,0,2,1,-1,1,21,5,-1,-1,-1,-1,8,1,E01025622,0
Unvalidated,2024332400162,2024,332400162,2,9,0,-1,5,1,-1,1,0,0,0,0,1,1,-1,3,-1,-1,-1,-1,-1,-1,-1,-1,-1,0
Unvalidated,2024332400163,2024,332400163,1,9,0,-1,6,2,-1,0,0,0,0,0,2,1,-1,1,50,8,-1,-1,-1,-1,8,1,E01007858,0
Unvalidated,2024332400163,2024,332400163,2,21,0,-1,6,2,-1,0,0,0,0,0,1,1,-1,1,31,6,-1,-1,-1,-1,1,1,E01009413,0
Unvalidated,2024332400164,2024,332400164,1,9,0,-1,2,6,-1,0,0,0,0,0,1,1,-1,3,-1,-1,-1,-1,-1,-1,-1,-1,-1,0
Unvalidated,2024332400165,2024,332400165,1,19,0,-1,1,5,-1,0,5,0,0,0,1,1,-1,1,36,7,-1,-1,-1,-1,3,1,E01025992,0
Unvalidated,2024332400165,2024,332400165,2,9,0,-1,1,5,-1,0,0,0,0,0,2,1,-1,1,31,6,-1,-1,-1,-1,6,1,E01025735,0
Unvalidated,2024332400165,2024,332400165,3,9,0,-1,1,5,-1,0,0,0,0,0,2,1,-1,1,53,8,-1,-1,-1,-1,8,1,E01025681,0
Unvalidated,2024332400166,2024,332400166,1,9,0,-1,1,5,-1,0,0,0,0,0,1,1,-1,1,33,6,-1,-1,-1,-1,6,1,E01013710,0
Unvalidated,2024332400167,2024,332400167,1,9,0,-1,3,7,-1,8,0,0,0,0,4,1,-1,1,36,7,-1,-1,-1,-1,2,1,E01013682,0
Unvalidated,2024332400167,2024,332400167,2,9,0,-1,5,1,-1,6,0,0,0,0,1,1,-1,3,-1,-1,-1,-1,-1,-1,-1,-1,-1,0
Unvalidated,2024332400168,2024,332400168,1,9,0,-1,1,7,-1,5,0,0,0,0,1,1,-1,1,26,6,-1,-1,-1,-1,6,3,E01025956,0
Unvalidated,2024332400168,2024,332400168,2,4,0,-1,4,1,-1,8,0,0,0,0,1,1,-1,1,31,6,-1,-1,-1,-1,5,1,E01025936,0
Unvalidated,2024332400169,2024,332400169,1,9,0,-1,7,1,-1,3,0,0,0,0,1,1,-1,1,28,6,-1,-1,-1,-1,4,1,E01013734,0
Unvalidated,2024332400169,2024,332400169,2,3,0,-1,5,1,-1,3,0,0,0,0,3,1,-1,1,30,6,-1,-1,-1,-1,5,1,E01013606,0
Unvalidated,2024332400170,2024,332400170,1,9,0,-1,6,2,-1,0,1,0,0,0,1,1,-1,2,17,4,-1,-1,-1,-1,8,1,E01025981,0
Unvalidated,2024332400170,2024,332400170,2,9,0,-1,0,0,-1,0,0,0,0,0,3,1,-1,3,-1,-1,-1,-1,-1,-1,-1,-1,-1,0
Unvalidated,2024332400170,2024,332400170,3,9,0,-1,0,0,-1,0,0,0,0,0,4,1,-1,3,-1,-1,-1,-1,-1,-1,-1,-1,-1,0
Unvalidated,2024332400171,2024,332400171,1,9,0,-1,8,2,-1,3,0,0,0,0,1,1,-1,1,54,8,-1,-1,-1,-1,7,1,E01013685,0
Unvalidated,2024332400172,2024,332400172,1,9,0,-1,2,6,-1,0,0,0,0,0,4,1,-1,1,39,7,-1,-1,-1,-1,1,1,E01013726,0
Unvalidated,2024332400172,2024,332400172,2,9,0,-1,2,6,-1,0,0,0,0,0,3,1,-1,3,-1,-1,-1,-1,-1,-1,-1,-1,-1,0
Unvalidated,2024332400173,2024,332400173,1,1,0,-1,4,8,-1,6,0,0,0,0,1,1,-1,1,30,6,-1,-1,-1,-1,8,1,E01013643,0
Unvalidated,2024332400173,2024,332400173,2,9,0,-1,2,6,-1,8,0,0,0,0,1,1,-1,2,36,7,-1,-1,-1,-1,7,1,E01025757,0
Unvalidated,2024332400174,2024,332400174,1,9,0,-1,3,7,-1,0,0,0,0,0,4,1,-1,1,-1,-1,-1,-1,-1,-1,-1,-1,-1,0
Unvalidated,2024332400174,2024,332400174,2,9,0,-1,0,0,-1,0,0,0,0,0,2,1,-1,3,-1,-1,-1,-1,-1,-1,-1,-1,-1,0
Unvalidated,2024332400175,2024,332400175,1,9,0,-1,7,5,-1,5,0,0,0,0,3,1,-1,1,67,10,-1,-1,-1,-1,5,1,E01025723,0
Unvalidated,2024332400176,2024,332400176,1,9,0,-1,7,3,-1,1,0,0,0,0,2,1,-1,1,38,7,-1,-1,-1,-1,3,1,E01031059,0
Unvalidated,2024332400176,2024,332400176,2,9,0,-1,7,3,-1,1,0,0,0,0,1,1,-1,1,33,6,-1,-1,-1,-1,10,1,E01025835,0