status,collision_index,collision_year,collision_reference,vehicle_reference,vehicle_type,towing_and_articulation,vehicle_manoeuvre,vehicle_direction_from,vehicle_direction_to,vehicle_location_restricted_lane,junction_location,skidding_and_overturning,hit_object_in_carriageway,vehicle_leaving_carriageway,hit_object_off_carriageway,first_point_of_impact,vehicle_left_hand_drive,journey_purpose_of_driver,sex_of_driver,age_of_driver,age_band_of_driver,engine_capacity_cc,propulsion_code,age_of_vehicle,generic_make_model,driver_imd_decile,driver_home_area_type,lsoa_of_driver,escooter_flag
Unvalidated,2024332400177,2024,332400177,1,5,0,-1,4,1,-1,0,0,0,0,0,4,1,-1,1,23,5,-1,-1,-1,-1,2,1,E01013688,0
Unvalidated,2024332400178,2024,332400178,1,9,0,-1,6,3,-1,6,0,0,0,0,1,1,-1,2,18,4,-1,-1,-1,-1,10,1,E01025744,0
Unvalidated,2024332400178,2024,332400178,2,9,0,-1,3,8,-1,8,0,0,0,0,1,1,-1,2,58,9,-1,-1,-1,-1,8,1,E01025739,0
Unvalidated,2024332400179,2024,332400179,1,19,0,-1,8,4,-1,0,0,0,0,0,2,1,-1,1,36,7,-1,-1,-1,-1,6,1,E01013709,0
Unvalidated,2024332400179,2024,332400179,2,3,0,-1,8,4,-1,0,0,0,1,0,1,1,-1,1,17,4,-1,-1,-1,-1,1,1,E01013691,0
Unvalidated,2024332400180,2024,332400180,1,9,0,-1,2,8,-1,6,0,0,0,0,1,1,-1,2,32,6,-1,-1,-1,-1,9,1,E01025833,0
Unvalidated,2024332400180,2024,332400180,2,9,0,-1,8,4,-1,1,0,0,1,11,1,1,-1,2,61,9,-1,-1,-1,-1,4,1,E01029838,0
Unvalidated,2024332400181,2024,332400181,1,9,0,-1,2,6,-1,0,0,0,1,11,1,1,-1,2,82,11,-1,-1,-1,-1,8,3,E01025760,0
Unvalidated,2024332400182,2024,332400182,1,9,0,-1,2,7,-1,0,0,0,1,4,4,1,-1,2,19,4,-1,-1,-1,-1,5,1,E01001201,0
Unvalidated,2024332400183,2024,332400183,1,9,0,-1,2,6,-1,6,1,0,3,1,2,1,-1,1,25,5,-1,-1,-1,-1,6,3,E01028498,0
Unvalidated,2024332400183,2024,332400183,2,9,0,-1,4,8,-1,8,1,0,0,0,1,1,-1,1,38,7,-1,-1,-1,-1,10,1,E01025729,0
Unvalidated,2024332400183,2024,332400183,3,9,0,-1,6,8,-1,1,0,0,0,0,1,1,-1,1,59,9,-1,-1,-1,-1,9,1,E01025737,0
Unvalidated,2024332400184,2024,332400184,1,9,0,-1,5,1,-1,0,1,10,1,4,3,1,-1,1,36,7,-1,-1,-1,-1,8,1,E01025739,0
Unvalidated,2024332400185,2024,332400185,1,9,0,-1,5,1,-1,0,0,0,0,0,3,1,-1,1,38,7,-1,-1,-1,-1,9,1,E01025974,0
Unvalidated,2024332400185,2024,332400185,2,9,0,-1,5,1,-1,0,0,0,0,0,4,1,-1,3,-1,-1,-1,-1,-1,-1,-1,-1,-1,0
Unvalidated,2024332400186,2024,332400186,1,9,0,-1,5,1,-1,0,0,0,0,0,1,1,-1,2,39,7,-1,-1,-1,-1,1,1,E01013728,0
Unvalidated,2024332400186,2024,332400186,2,9,0,-1,5,1,-1,0,0,0,0,0,2,1,-1,2,54,8,-1,-1,-1,-1,5,1,E01013680,0
Unvalidated,2024332400188,2024,332400188,1,1,0,-1,8,4,-1,0,0,0,0,0,3,1,-1,1,50,8,-1,-1,-1,-1,6,3,E01025910,0
Unvalidated,2024332400188,2024,332400188,2,19,0,-1,8,4,-1,0,0,0,0,0,4,1,-1,1,-1,-1,-1,-1,-1,-1,-1,-1,-1,0
Unvalidated,2024332400189,2024,332400189,1,9,0,-1,9,9,-1,0,0,0,0,0,1,1,-1,2,-1,-1,-1,-1,-1,-1,-1,-1,-1,0
Unvalidated,2024332400190,2024,332400190,1,-1,0,-1,7,3,-1,0,0,0,0,0,1,1,-1,1,16,4,-1,-1,-1,-1,6,1,E01025863,1
Unvalidated,2024332400190,2024,332400190,2,9,0,-1,3,7,-1,0,0,0,0,0,1,1,-1,1,-1,-1,-1,-1,-1,-1,-1,-1,-1,0
Unvalidated,2024332400190,2024,332400190,3,9,0,-1,0,0,-1,0,0,0,0,0,4,1,-1,3,-1,-1,-1,-1,-1,-1,-1,-1,-1,0
Unvalidated,2024332400191,2024,332400191,1,9,0,-1,5,3,-1,6,0,0,0,0,1,1,-1,1,64,9,-1,-1,-1,-1,2,1,E01013655,0
Unvalidated,2024332400192,2024,332400192,1,9,0,-1,5,1,-1,0,0,0,0,0,3,1,-1,2,50,8,-1,-1,-1,-1,8,1,E01031337,0
Unvalidated,2024332400192,2024,332400192,2,98,0,-1,5,1,-1,0,0,0,0,0,1,1,-1,1,-1,-1,-1,-1,-1,-1,8,2,E01024434,0
Unvalidated,2024332400193,2024,332400193,1,9,0,-1,3,7,-1,6,0,0,0,0,1,1,-1,1,21,5,-1,-1,-1,-1,2,1,E01025700,0
Unvalidated,2024332400193,2024,332400193,2,1,0,-1,1,5,-1,8,0,0,0,0,1,1,-1,1,66,10,-1,-1,-1,-1,6,1,E01025762,0
Unvalidated,2024332400194,2024,332400194,1,9,0,-1,5,1,-1,2,0,0,0,0,4,1,-1,2,43,7,-1,-1,-1,-1,2,1,E01025705,0
Unvalidated,2024332400195,2024,332400195,1,9,0,-1,8,4,-1,0,0,0,0,0,1,1,-1,1,67,10,-1,-1,-1,-1,8,1,E01025990,0
Unvalidated,2024332400196,2024,332400196,1,9,0,-1,6,2,-1,0,0,0,0,0,3,1,-1,2,51,8,-1,-1,-1,-1,8,2,E01025685,0
Unvalidated,2024332400196,2024,332400196,2,9,0,-1,2,6,-1,0,1,0,0,0,3,1,-1,1,-1,-1,-1,-1,-1,-1,2,1,E01013678,0
Unvalidated,2024332400197,2024,332400197,1,9,0,-1,5,1,-1,0,0,0,0,0,1,1,-1,2,-1,-1,-1,-1,-1,-1,-1,-1,-1,0
Unvalidated,2024332400198,2024,332400198,1,19,0,-1,7,3,-1,0,0,0,0,0,1,1,-1,1,19,4,-1,-1,-1,-1,3,1,E01013786,0
Unvalidated,2024332400199,2024,332400199,1,9,0,-1,5,1,-1,0,0,0,0,0,1,1,-1,1,26,6,-1,-1,-1,-1,7,1,E01025627,0
Unvalidated,2024332400200,2024,332400200,1,9,0,-1,5,1,-1,8,0,0,0,0,2,1,-1,1,33,6,-1,-1,-1,-1,9,1,E01025639,0
Unvalidated,2024332400200,2024,332400200,2,9,0,-1,1,7,-1,5,0,0,0,0,1,1,-1,2,40,7,-1,-1,-1,-1,7,1,E01025937,0
Unvalidated,2024332400200,2024,332400200,3,9,0,-1,5,1,-1,8,0,0,0,0,1,1,-1,2,50,8,-1,-1,-1,-1,10,2,E01025616,0
Unvalidated,2024332400201,2024,332400201,1,3,0,-1,5,2,-1,0,0,0,1,2,1,1,-1,1,17,4,-1,-1,-1,-1,7,3,E01025952,0
Unvalidated,2024332400202,2024,332400202,1,9,0,-1,4,8,-1,6,0,0,0,0,4,1,-1,2,76,11,-1,-1,-1,-1,8,3,E01025730,0
Unvalidated,2024332400203,2024,332400203,1,9,0,-1,3,7,-1,4,0,0,0,0,1,1,-1,1,55,8,-1,-1,-1,-1,1,1,E01013638,0
Unvalidated,2024332400203,2024,332400203,2,19,0,-1,1,5,-1,8,0,0,0,0,4,1,-1,1,49,8,-1,-1,-1,-1,1,1,E01013620,0
Unvalidated,2024332400204,2024,332400204,1,9,0,-1,7,3,-1,8,0,0,0,0,1,1,-1,2,34,6,-1,-1,-1,-1,8,1,E01013643,0
Unvalidated,2024332400204,2024,332400204,2,1,0,-1,1,5,-1,8,0,0,0,0,1,1,-1,2,12,3,-1,-1,-1,-1,7,1,E01013783,0
Unvalidated,2024332400205,2024,332400205,1,9,0,-1,5,3,-1,1,0,0,0,0,2,1,-1,1,55,8,-1,-1,-1,-1,7,3,E01013794,0
Unvalidated,2024332400205,2024,332400205,2,5,0,-1,5,1,-1,1,0,0,0,0,1,1,-1,1,-1,-1,-1,-1,-1,-1,-1,-1,-1,0
Unvalidated,2024332400206,2024,332400206,1,8,0,-1,0,0,-1,0,0,0,0,0,1,1,-1,1,46,8,-1,-1,-1,-1,10,2,E01019848,0
Unvalidated,2024332400206,2024,332400206,2,9,0,-1,9,9,-1,0,0,0,0,0,1,1,-1,1,-1,-1,-1,-1,-1,-1,-1,-1,-1,0
Unvalidated,2024332400207,2024,332400207,1,9,0,-1,4,8,-1,6,0,0,0,0,1,1,-1,2,54,8,-1,-1,-1,-1,3,1,E01026235,0
Unvalidated,2024332400207,2024,332400207,2,9,0,-1,6,2,-1,8,0,0,1,0,1,1,-1,2,52,8,-1,-1,-1,-1,9,2,E01028419,0
Unvalidated,2024332400208,2024,332400208,1,9,0,-1,4,8,-1,4,0,0,0,0,1,1,-1,2,34,6,-1,-1,-1,-1,10,1,E01025649,0
Unvalidated,2024332400208,2024,332400208,2,9,0,-1,4,8,-1,4,0,0,0,0,2,1,-1,3,-1,-1,-1,-1,-1,-1,-1,-1,-1,0
Unvalidated,2024332400209,2024,332400209,1,3,0,-1,6,3,-1,8,0,0,0,0,3,1,-1,2,59,9,-1,-1,-1,-1,8,2,E01025748,0
Unvalidated,2024332400210,2024,332400210,1,19,0,-1,2,3,-1,6,2,0,2,11,1,1,-1,1,28,6,-1,-1,-1,-1,8,1,E01025640,0
Unvalidated,2024332400211,2024,332400211,1,1,0,-1,2,6,-1,8,0,0,1,4,1,1,-1,1,16,4,-1,-1,-1,-1,2,1,E01013683,0
Unvalidated,2024332400211,2024,332400211,2,19,0,-1,6,3,-1,5,0,0,1,0,2,1,-1,1,39,7,-1,-1,-1,-1,2,1,E01013742,0
Unvalidated,2024332400212,2024,332400212,1,9,0,-1,8,6,-1,6,0,0,0,0,1,1,-1,1,37,7,-1,-1,-1,-1,1,1,E01013730,0
Unvalidated,2024332400212,2024,332400212,2,9,0,-1,6,2,-1,8,5,0,1,11,4,1,-1,1,34,6,-1,-1,-1,-1,3,1,E01013777,0
Unvalidated,2024332400213,2024,332400213,1,9,0,-1,1,5,-1,0,0,0,0,0,1,1,-1,1,49,8,-1,-1,-1,-1,1,1,E01013726,0
Unvalidated,2024332400214,2024,332400214,1,9,0,-1,6,3,-1,0,0,0,0,0,1,1,-1,1,35,6,-1,-1,-1,-1,8,3,E01025770,0
Unvalidated,2024332400214,2024,332400214,2,9,0,-1,3,6,-1,0,0,0,0,0,1,1,-1,2,67,10,-1,-1,-1,-1,8,3,E01025770,0
Unvalidated,2024332400215,2024,332400215,1,5,0,-1,3,7,-1,0,1,0,5,6,1,1,-1,1,22,5,-1,-1,-1,-1,7,3,E01027090,0
Unvalidated,2024332400216,2024,332400216,1,9,0,-1,3,7,-1,6,0,0,0,0,4,1,-1,1,20,4,-1,-1,-1,-1,3,1,E01013731,0
Unvalidated,2024332400216,2024,332400216,2,9,0,-1,5,1,-1,8,0,0,0,0,1,1,-1,2,18,4,-1,-1,-1,-1,8,1,E01025622,0
Unvalidated,2024332400217,2024,332400217,1,5,0,-1,6,4,-1,6,1,7,0,0,1,1,-1,1,19,4,-1,-1,-1,-1,6,1,E01025657,0
Unvalidated,2024332400218,2024,332400218,1,9,0,-1,2,7,-1,0,0,0,0,0,1,1,-1,2,40,7,-1,-1,-1,-1,7,1,E01002683,0
Unvalidated,2024332400218,2024,332400218,2,9,0,-1,7,3,-1,0,0,0,1,4,1,1,-1,1,54,8,-1,-1,-1,-1,7,3,E01031160,0
Unvalidated,2024332400219,2024,332400219,1,9,0,-1,5,1,-1,0,0,0,4,6,1,1,-1,1,52,8,-1,-1,-1,-1,-1,1,-1,0
Unvalidated,2024332400220,2024,332400220,1,9,0,-1,8,6,-1,2,0,0,1,4,1,1,-1,1,47,8,-1,-1,-1,-1,1,1,E01013634,0
Unvalidated,2024332400220,2024,332400220,2,9,0,-1,6,2,-1,1,0,0,0,0,1,1,-1,3,-1,-1,-1,-1,-1,-1,-1,-1,-1,0
Unvalidated,2024332400221,2024,332400221,1,9,0,-1,3,7,-1,3,0,0,1,2,1,1,-1,2,19,4,-1,-1,-1,-1,10,3,E01025761,0
Unvalidated,2024332400222,2024,332400222,1,19,0,-1,7,5,-1,4,0,0,0,0,1,1,-1,1,55,8,-1,-1,-1,-1,2,1,E01013678,0
Unvalidated,2024332400222,2024,332400222,2,1,0,-1,5,1,-1,8,0,0,0,0,4,1,-1,1,16,4,-1,-1,-1,-1,6,1,E01026003,0
Unvalidated,2024332400223,2024,332400223,1,9,0,-1,2,6,-1,3,0,0,0,0,3,1,-1,1,41,7,-1,-1,-1,-1,8,1,E01025861,0
Unvalidated,2024332400223,2024,332400223,2,9,0,-1,2,6,-1,3,0,0,0,0,1,1,-1,2,32,6,-1,-1,-1,-1,3,1,E01025997,0
Unvalidated,2024332400224,2024,332400224,1,9,0,-1,1,1,-1,0,0,0,0,0,1,1,-1,2,27,6,-1,-1,-1,-1,10,1,E01025982,0
Unvalidated,2024332400224,2024,332400224,2,9,0,-1,5,1,-1,0,0,0,0,0,1,1,-1,1,59,9,-1,-1,-1,-1,10,1,E01025970,0
Unvalidated,2024332400225,2024,332400225,1,9,0,-1,4,8,-1,1,0,0,0,0,1,1,-1,2,72,10,-1,-1,-1,-1,10,3,E01025783,0
Unvalidated,2024332400226,2024,332400226,1,9,0,-1,1,5,-1,0,1,0,1,9,1,1,-1,2,25,5,-1,-1,-1,-1,3,1,E01031059,0
Unvalidated,2024332400227,2024,332400227,1,9,0,-1,1,5,-1,8,0,0,0,0,3,1,-1,2,38,7,-1,-1,-1,-1,5,1,E01013766,0
Unvalidated,2024332400227,2024,332400227,2,19,0,-1,5,3,-1,5,0,0,0,0,1,1,-1,3,-1,-1,-1,-1,-1,-1,-1,-1,-1,0
Unvalidated,2024332400228,2024,332400228,1,9,0,-1,3,7,-1,0,0,0,0,0,1,1,-1,1,38,7,-1,-1,-1,-1,-1,-1,-1,0
Unvalidated,2024332400228,2024,332400228,2,9,0,-1,7,3,-1,0,0,0,0,0,2,1,-1,1,31,6,-1,-1,-1,-1,5,1,E01025842,0
Unvalidated,2024332400229,2024,332400229,1,9,0,-1,5,1,-1,8,0,0,0,0,4,1,-1,1,25,5,-1,-1,-1,-1,4,1,E01025899,0
Unvalidated,2024332400229,2024,332400229,2,9,0,-1,7,3,-1,6,0,0,0,0,1,1,-1,3,-1,-1,-1,-1,-1,-1,-1,-1,-1,0
Unvalidated,2024332400230,2024,332400230,1,9,0,-1,5,1,-1,6,0,0,0,0,4,1,-1,2,43,7,-1,-1,-1,-1,7,2,E01025674,0
Unvalidated,2024332400230,2024,332400230,2,-1,0,-1,7,3,-1,8,0,0,0,0,1,1,-1,2,-1,-1,-1,-1,-1,-1,-1,-1,-1,1
Unvalidated,2024332400231,2024,332400231,1,9,0,-1,5,1,-1,0,0,0,0,0,1,1,-1,2,36,7,-1,-1,-1,-1,9,1,E01025973,0
Unvalidated,2024332400231,2024,332400231,2,9,0,-1,1,5,-1,0,0,0,0,0,1,1,-1,1,24,5,-1,-1,-1,-1,3,1,E01032868,0
Unvalidated,2024332400232,2024,332400232,1,3,0,-1,2,6,-1,1,0,0,1,10,4,1,-1,1,23,5,-1,-1,-1,-1,2,1,E01013776,0
Unvalidated,2024332400232,2024,332400232,2,9,0,-1,2,6,-1,1,0,0,0,0,0,1,-1,3,-1,-1,-1,-1,-1,-1,-1,-1,-1,0
Unvalidated,2024332400233,2024,332400233,1,9,0,-1,2,6,-1,4,0,0,0,0,2,1,-1,1,38,7,-1,-1,-1,-1,2,1,E01032867,0
Unvalidated,2024332400233,2024,332400233,2,9,0,-1,2,6,-1,4,0,0,0,0,1,1,-1,3,-1,-1,-1,-1,-1,-1,-1,-1,-1,0
Unvalidated,2024332400234,2024,332400234,1,9,0,-1,5,1,-1,0,0,0,1,0,4,1,-1,3,-1,-1,-1,-1,-1,-1,-1,-1,-1,0
Unvalidated,2024332400235,2024,332400235,1,9,0,-1,5,1,-1,0,0,0,0,0,1,1,-1,1,60,9,-1,-1,-1,-1,9,2,E01007802,0
Unvalidated,2024332400235,2024,332400235,2,9,0,-1,5,1,-1,0,0,0,0,0,4,1,-1,1,40,7,-1,-1,-1,-1,6,1,E01027948,0
Unvalidated,2024332400236,2024,332400236,1,19,0,-1,5,1,-1,8,0,0,0,0,1,1,-1,1,20,4,-1,-1,-1,-1,-1,-1,-1,0
Unvalidated,2024332400236,2024,332400236,2,9,0,-1,7,5,-1,6,0,0,1,0,1,1,-1,1,25,5,-1,-1,-1,-1,-1,-1,-1,0
Unvalidated,2024332400237,2024,332400237,1,9,0,-1,7,5,-1,6,0,0,0,0,1,1,-1,1,34,6,-1,-1,-1,-1,3,1,E01013717,0
Unvalidated,2024332400237,2024,332400237,2,1,0,-1,5,1,-1,8,0,0,0,0,1,1,-1,1,58,9,-1,-1,-1,-1,3,1,E01013732,0
Unvalidated,2024332400238,2024,332400238,1,9,0,-1,5,3,-1,6,0,0,0,0,3,1,-1,2,43,7,-1,-1,-1,-1,1,1,E01013754,0
Unvalidated,2024332400238,2024,332400238,2,9,0,-1,7,3,-1,8,0,0,0,0,1,1,-1,3,-1,-1,-1,-1,-1,-1,-1,-1,-1,0
Unvalidated,2024332400239,2024,332400239,1,9,0,-1,7,3,-1,8,0,0,1,0,1,1,-1,2,45,7,-1,-1,-1,-1,2,1,E01013631,0
Unvalidated,2024332400239,2024,332400239,2,9,0,-1,1,5,-1,8,0,0,1,0,3,1,-1,1,66,10,-1,-1,-1,-1,10,2,E01025785,0
Unvalidated,2024332400240,2024,332400240,1,9,0,-1,1,5,-1,1,0,0,0,0,1,1,-1,1,31,6,-1,-1,-1,-1,10,1,E01025847,0
Unvalidated,2024332400240,2024,332400240,2,9,0,-1,1,5,-1,1,0,0,0,0,3,1,-1,1,39,7,-1,-1,-1,-1,10,1,E01025836,0
Unvalidated,2024332400241,2024,332400241,1,10,0,-1,1,5,-1,3,5,0,1,1,1,1,-1,1,28,6,-1,-1,-1,-1,2,1,E01009656,0
Unvalidated,2024332400242,2024,332400242,1,9,0,-1,5,1,-1,0,0,0,0,0,1,1,-1,1,46,8,-1,-1,-1,-1,7,2,E01013808,0
Unvalidated,2024332400242,2024,332400242,2,9,0,-1,5,1,-1,0,0,0,0,0,2,1,-1,2,-1,-1,-1,-1,-1,-1,6,3,E01013789,0
Unvalidated,2024332400243,2024,332400243,1,9,0,-1,6,2,-1,0,5,10,1,0,1,1,-1,1,38,7,-1,-1,-1,-1,9,3,E01028408,0
Unvalidated,2024332400244,2024,332400244,1,9,0,-1,3,7,-1,6,0,0,0,0,1,1,-1,2,54,8,-1,-1,-1,-1,6,1,E01025759,0
Unvalidated,2024332400244,2024,332400244,2,1,0,-1,1,5,-1,8,0,0,0,0,1,1,-1,1,25,5,-1,-1,-1,-1,3,1,E01013744,0
Unvalidated,2024332400245,2024,332400245,1,9,0,-1,5,1,-1,0,0,0,0,0,2,1,-1,2,49,8,-1,-1,-1,-1,8,1,E01025908,0
Unvalidated,2024332400245,2024,332400245,2,9,0,-1,5,1,-1,0,0,0,0,0,1,1,-1,1,68,10,-1,-1,-1,-1,10,1,E01025896,0
Unvalidated,2024332400246,2024,332400246,1,9,0,-1,5,1,-1,1,0,0,0,0,1,1,-1,2,40,7,-1,-1,-1,-1,4,1,E01013616,0
Unvalidated,2024332400246,2024,332400246,2,3,0,-1,5,1,-1,1,0,0,0,0,2,1,-1,1,48,8,-1,-1,-1,-1,2,1,E01013625,0
Unvalidated,2024332400247,2024,332400247,1,5,0,-1,5,1,-1,2,0,0,1,2,1,1,-1,1,39,7,-1,-1,-1,-1,10,1,E01025695,0
Unvalidated,2024332400248,2024,332400248,1,9,0,-1,5,1,-1,8,0,0,0,0,1,1,-1,1,20,4,-1,-1,-1,-1,3,1,E01013775,0
Unvalidated,2024332400248,2024,332400248,2,9,0,-1,5,5,-1,8,0,0,0,0,1,1,-1,1,30,6,-1,-1,-1,-1,1,1,E01013726,0
Unvalidated,2024332400249,2024,332400249,1,9,0,-1,4,8,-1,0,0,0,1,0,1,1,-1,1,48,8,-1,-1,-1,-1,9,2,E01025838,0
Unvalidated,2024332400249,2024,332400249,2,21,4,-1,8,4,-1,0,3,0,0,0,1,1,-1,1,61,9,-1,-1,-1,-1,1,1,E01010064,0
Unvalidated,2024332400250,2024,332400250,1,21,0,-1,4,1,-1,0,0,0,0,0,4,1,-1,1,49,8,-1,-1,-1,-1,1,1,E01013652,0
Unvalidated,2024332400250,2024,332400250,2,1,0,-1,4,2,-1,0,0,0,0,0,3,1,-1,1,70,10,-1,-1,-1,-1,-1,-1,-1,0
Unvalidated,2024332400251,2024,332400251,1,9,0,-1,9,9,-1,0,0,0,0,0,1,1,-1,3,-1,-1,-1,-1,-1,-1,-1,-1,-1,0
Unvalidated,2024332400252,2024,332400252,1,9,0,-1,1,5,-1,0,0,0,0,0,1,1,-1,1,29,6,-1,-1,-1,-1,8,3,E01025873,0
Unvalidated,2024332400252,2024,332400252,2,9,0,-1,5,1,-1,0,0,0,0,0,1,1,-1,1,57,9,-1,-1,-1,-1,8,1,E01025640,0
Unvalidated,2024332400253,2024,332400253,1,9,0,-1,6,2,-1,0,0,0,1,2,2,1,-1,1,23,5,-1,-1,-1,-1,8,1,E01025830,0
Unvalidated,2024332400253,2024,332400253,2,19,0,-1,6,2,-1,0,0,0,0,0,1,1,-1,1,46,8,-1,-1,-1,-1,6,1,E01025824,0
Unvalidated,2024332400254,2024,332400254,1,9,0,-1,7,3,-1,1,0,0,0,0,4,1,-1,2,27,6,-1,-1,-1,-1,4,1,E01025742,0
Unvalidated,2024332400254,2024,332400254,2,9,0,-1,7,3,-1,1,0,0,0,0,1,1,-1,3,-1,-1,-1,-1,-1,-1,-1,-1,-1,0
Unvalidated,2024332400255,2024,332400255,1,9,0,-1,5,1,-1,6,0,0,1,0,2,1,-1,1,-1,-1,-1,-1,-1,-1,-1,-1,-1,0
Unvalidated,2024332400256,2024,332400256,1,9,0,-1,5,3,-1,6,0,0,0,0,1,1,-1,1,62,9,-1,-1,-1,-1,2,1,E01013682,0
Unvalidated,2024332400256,2024,332400256,2,1,0,-1,7,3,-1,8,0,0,0,0,1,1,-1,2,35,6,-1,-1,-1,-1,2,1,E01013683,0
Unvalidated,2024332400258,2024,332400258,1,9,0,-1,5,1,-1,1,0,0,0,0,2,1,-1,2,31,6,-1,-1,-1,-1,7,1,E01025985,0
Unvalidated,2024332400258,2024,332400258,2,9,0,-1,5,1,-1,1,0,0,0,0,1,1,-1,1,-1,-1,-1,-1,-1,-1,-1,-1,-1,0
Unvalidated,2024332400259,2024,332400259,1,9,0,-1,8,4,-1,8,0,0,0,0,1,1,-1,1,75,10,-1,-1,-1,-1,9,2,E01025661,0
Unvalidated,2024332400259,2024,332400259,2,9,0,-1,4,2,-1,6,0,0,0,0,1,1,-1,3,-1,-1,-1,-1,-1,-1,-1,-1,-1,0
Unvalidated,2024332400260,2024,332400260,1,9,0,-1,2,6,-1,0,0,0,7,0,1,1,-1,1,18,4,-1,-1,-1,-1,10,1,E01025904,0
Unvalidated,2024332400260,2024,332400260,2,9,0,-1,6,2,-1,0,0,0,0,0,1,1,-1,1,64,9,-1,-1,-1,-1,5,2,E01025884,0
Unvalidated,2024332400261,2024,332400261,1,1,0,-1,3,7,-1,8,0,0,0,0,4,1,-1,2,57,9,-1,-1,-1,-1,3,1,E01025989,0
Unvalidated,2024332400261,2024,332400261,2,9,0,-1,5,1,-1,6,0,0,0,0,1,1,-1,1,-1,-1,-1,-1,-1,-1,-1,-1,-1,0
Unvalidated,2024332400262,2024,332400262,1,9,0,-1,1,5,-1,0,0,0,0,0,4,1,-1,1,40,7,-1,-1,-1,-1,4,1,E01013607,0
Unvalidated,2024332400262,2024,332400262,2,9,0,-1,9,9,-1,0,0,0,0,0,1,1,-1,3,-1,-1,-1,-1,-1,-1,-1,-1,-1,0
Unvalidated,2024332400263,2024,332400263,1,9,0,-1,4,8,-1,8,0,0,0,0,1,1,-1,2,33,6,-1,-1,-1,-1,7,3,E01025808,0
Unvalidated,2024332400263,2024,332400263,2,9,0,-1,2,6,-1,6,0,0,1,0,4,1,-1,1,35,6,-1,-1,-1,-1,4,1,E01029820,0
Unvalidated,2024332400264,2024,332400264,1,9,0,-1,3,7,-1,0,0,0,0,0,1,1,-1,1,29,6,-1,-1,-1,-1,2,1,E01013716,0
Unvalidated,2024332400265,2024,332400265,1,9,0,-1,3,7,-1,0,1,10,7,4,1,1,-1,1,22,5,-1,-1,-1,-1,10,1,E01025847,0
Unvalidated,2024332400266,2024,332400266,1,5,0,-1,8,4,-1,1,0,0,1,1,1,1,-1,1,46,8,-1,-1,-1,-1,5,2,E01025927,0
Unvalidated,2024332400267,2024,332400267,1,9,0,-1,2,8,-1,5,0,0,0,0,1,1,-1,2,22,5,-1,-1,-1,-1,7,1,E01025684,0
Unvalidated,2024332400267,2024,332400267,2,9,0,-1,6,2,-1,8,0,0,0,0,1,1,-1,1,59,9,-1,-1,-1,-1,7,1,E01025635,0
Unvalidated,2024332400268,2024,332400268,1,9,0,-1,2,5,-1,2,0,0,0,0,1,1,-1,1,40,7,-1,-1,-1,-1,3,1,E01025703,0
Unvalidated,2024332400268,2024,332400268,2,98,0,-1,5,1,-1,1,0,0,0,0,1,1,-1,1,37,7,-1,-1,-1,-1,2,1,E01010529,0
Unvalidated,2024332400269,2024,332400269,1,9,0,-1,6,2,-1,6,0,0,0,0,1,1,-1,2,67,10,-1,-1,-1,-1,9,1,E01009902,0
Unvalidated,2024332400269,2024,332400269,2,9,0,-1,8,4,-1,8,0,0,1,0,1,1,-1,1,21,5,-1,-1,-1,-1,8,1,E01025743,0
Unvalidated,2024332400269,2024,332400269,3,19,0,-1,8,4,-1,8,0,0,1,0,1,1,-1,1,64,9,-1,-1,-1,-1,10,2,E01025734,0
Unvalidated,2024332400270,2024,332400270,1,9,0,-1,1,7,-1,5,0,0,0,0,1,1,-1,3,-1,-1,-1,-1,-1,-1,-1,-1,-1,0
Unvalidated,2024332400271,2024,332400271,1,9,0,-1,1,5,-1,1,0,0,0,0,2,1,-1,1,44,7,-1,-1,-1,-1,9,1,E01025630,0
Unvalidated,2024332400271,2024,332400271,2,9,0,-1,1,5,-1,0,0,0,0,0,1,1,-1,1,-1,-1,-1,-1,-1,-1,-1,-1,-1,0
Unvalidated,2024332400272,2024,332400272,1,9,0,-1,7,3,-1,0,5,0,0,0,1,1,-1,1,29,6,-1,-1,-1,-1,3,1,E01013697,0
Unvalidated,2024332400272,2024,332400272,2,8,0,-1,0,0,-1,0,0,0,0,0,3,1,-1,3,-1,-1,-1,-1,-1,-1,-1,-1,-1,0
Unvalidated,2024332400272,2024,332400272,3,9,0,-1,0,0,-1,0,0,0,0,0,2,1,-1,3,-1,-1,-1,-1,-1,-1,-1,-1,-1,0
Unvalidated,2024332400273,2024,332400273,1,9,0,-1,4,8,-1,0,0,0,0,0,4,1,-1,1,22,5,-1,-1,-1,-1,-1,-1,-1,0
Unvalidated,2024332400274,2024,332400274,1,9,0,-1,8,4,-1,0,1,0,1,0,1,1,-1,1,28,6,-1,-1,-1,-1,4,1,E01031096,0
Unvalidated,2024332400274,2024,332400274,2,21,0,-1,0,0,-1,0,0,0,0,0,2,1,-1,1,39,7,-1,-1,-1,-1,-1,-1,-1,0
Unvalidated,2024332400275,2024,332400275,1,9,0,-1,5,1,-1,3,0,0,0,0,4,1,-1,1,22,5,-1,-1,-1,-1,9,2,E01025733,0
Unvalidated,2024332400275,2024,332400275,2,9,0,-1,6,2,-1,4,0,0,0,0,3,1,-1,1,-1,-1,-1,-1,-1,-1,-1,-1,-1,0
Unvalidated,2024332400276,2024,332400276,1,9,0,-1,5,1,-1,8,0,0,0,0,3,1,-1,1,33,6,-1,-1,-1,-1,3,1,E01013786,0
Unvalidated,2024332400276,2024,332400276,2,9,0,-1,1,7,-1,5,0,0,0,0,1,1,-1,1,-1,-1,-1,-1,-1,-1,-1,-1,-1,0
Unvalidated,2024332400277,2024,332400277,1,9,0,-1,9,9,-1,0,0,0,0,0,3,1,-1,2,-1,-1,-1,-1,-1,-1,-1,-1,-1,0