status,collision_index,collision_year,collision_reference,vehicle_reference,vehicle_type,towing_and_articulation,vehicle_manoeuvre,vehicle_direction_from,vehicle_direction_to,vehicle_location_restricted_lane,junction_location,skidding_and_overturning,hit_object_in_carriageway,vehicle_leaving_carriageway,hit_object_off_carriageway,first_point_of_impact,vehicle_left_hand_drive,journey_purpose_of_driver,sex_of_driver,age_of_driver,age_band_of_driver,engine_capacity_cc,propulsion_code,age_of_vehicle,generic_make_model,driver_imd_decile,driver_home_area_type,lsoa_of_driver,escooter_flag
Unvalidated,2024332400278,2024,332400278,1,9,0,-1,5,1,-1,8,0,0,0,0,1,1,-1,1,65,9,-1,-1,-1,-1,8,1,E01025637,0
Unvalidated,2024332400278,2024,332400278,2,19,0,-1,5,3,-1,8,0,0,0,0,2,1,-1,1,58,9,-1,-1,-1,-1,5,1,E01025823,0
Unvalidated,2024332400279,2024,332400279,1,9,0,-1,4,2,-1,6,0,0,0,0,3,1,-1,1,27,6,-1,-1,-1,-1,2,1,E01029409,0
Unvalidated,2024332400279,2024,332400279,2,5,0,-1,2,6,-1,8,0,0,0,0,1,1,-1,1,22,5,-1,-1,-1,-1,6,1,E01025746,0
Unvalidated,2024332400280,2024,332400280,1,19,0,-1,1,6,-1,8,1,0,1,11,1,1,-1,1,30,6,-1,-1,-1,-1,7,3,E01025909,0
Unvalidated,2024332400281,2024,332400281,1,9,0,-1,5,1,-1,0,0,0,0,0,1,1,-1,1,64,9,-1,-1,-1,-1,10,1,E01025714,0
Unvalidated,2024332400281,2024,332400281,2,1,0,-1,3,7,-1,0,0,0,0,0,1,1,-1,1,10,2,-1,-1,-1,-1,10,1,E01025709,0
Unvalidated,2024332400282,2024,332400282,1,9,0,-1,7,3,-1,8,0,0,0,0,1,1,-1,1,21,5,-1,-1,-1,-1,2,1,E01019842,0
Unvalidated,2024332400282,2024,332400282,2,9,0,-1,1,5,-1,6,0,7,3,1,3,1,-1,1,60,9,-1,-1,-1,-1,8,2,E01025942,0
Unvalidated,2024332400283,2024,332400283,1,9,0,-1,3,1,-1,6,0,0,0,0,1,1,-1,1,68,10,-1,-1,-1,-1,4,1,E01013705,0
Unvalidated,2024332400283,2024,332400283,2,9,0,-1,1,5,-1,8,0,0,0,0,1,1,-1,2,41,7,-1,-1,-1,-1,-1,1,-1,0
Unvalidated,2024332400283,2024,332400283,3,9,0,-1,0,0,-1,2,0,0,0,0,2,1,-1,3,-1,-1,-1,-1,-1,-1,-1,-1,-1,0
Unvalidated,2024332400284,2024,332400284,1,9,0,-1,5,1,-1,4,0,0,1,0,1,1,-1,2,43,7,-1,-1,-1,-1,7,1,E01025621,0
Unvalidated,2024332400284,2024,332400284,2,9,0,-1,7,3,-1,8,0,0,0,0,1,1,-1,2,38,7,-1,-1,-1,-1,7,2,E01025874,0
Unvalidated,2024332400285,2024,332400285,1,9,0,-1,3,7,-1,1,0,0,0,0,1,1,-1,3,-1,-1,-1,-1,-1,-1,-1,-1,-1,0
Unvalidated,2024332400286,2024,332400286,1,9,0,-1,1,3,-1,6,0,0,7,0,3,1,-1,1,96,11,-1,-1,-1,-1,10,1,E01025902,0
Unvalidated,2024332400286,2024,332400286,2,9,0,-1,7,3,-1,8,0,0,0,0,1,1,-1,2,67,10,-1,-1,-1,-1,5,1,E01028092,0
Unvalidated,2024332400287,2024,332400287,1,9,0,-1,4,8,-1,8,5,0,7,0,4,1,-1,1,59,9,-1,-1,-1,-1,6,3,E01025912,0
Unvalidated,2024332400287,2024,332400287,2,9,0,-1,6,2,-1,6,1,10,1,0,1,1,-1,1,55,8,-1,-1,-1,-1,-1,-1,-1,0
Unvalidated,2024332400288,2024,332400288,1,9,0,-1,6,2,-1,0,5,7,1,7,1,1,-1,1,43,7,-1,-1,-1,-1,7,1,E01025967,0
Unvalidated,2024332400289,2024,332400289,1,9,0,-1,3,7,-1,0,0,0,0,0,2,1,-1,2,27,6,-1,-1,-1,-1,8,2,E01025748,0
Unvalidated,2024332400289,2024,332400289,2,19,0,-1,3,7,-1,0,0,0,0,0,1,1,-1,1,-1,-1,-1,-1,-1,-1,-1,-1,-1,0
Unvalidated,2024332400290,2024,332400290,1,9,0,-1,1,5,-1,3,0,0,0,0,2,1,-1,1,26,6,-1,-1,-1,-1,4,1,E01013734,0
Unvalidated,2024332400290,2024,332400290,2,9,0,-1,1,5,-1,3,0,10,0,0,1,1,-1,3,-1,-1,-1,-1,-1,-1,-1,-1,-1,0
Unvalidated,2024332400291,2024,332400291,1,9,0,-1,6,2,-1,0,0,0,0,0,2,1,-1,1,27,6,-1,-1,-1,-1,-1,-1,-1,0
Unvalidated,2024332400291,2024,332400291,2,9,0,-1,6,2,-1,0,0,0,0,0,1,1,-1,1,18,4,-1,-1,-1,-1,5,1,E01013738,0
Unvalidated,2024332400291,2024,332400291,3,9,0,-1,6,2,-1,0,0,0,0,0,1,1,-1,2,54,8,-1,-1,-1,-1,3,1,E01013732,0
Unvalidated,2024332400291,2024,332400291,4,9,0,-1,6,2,-1,0,0,0,0,0,1,1,-1,2,60,9,-1,-1,-1,-1,7,1,E01025765,0
Unvalidated,2024332400292,2024,332400292,1,9,0,-1,3,7,-1,8,0,0,0,0,2,1,-1,2,26,6,-1,-1,-1,-1,-1,-1,-1,0
Unvalidated,2024332400292,2024,332400292,2,1,0,-1,5,1,-1,8,0,0,0,0,1,1,-1,1,24,5,-1,-1,-1,-1,4,1,E01013607,0
Unvalidated,2024332400293,2024,332400293,1,9,0,-1,2,7,-1,5,0,0,1,1,1,1,-1,2,53,8,-1,-1,-1,-1,3,1,E01026317,0
Unvalidated,2024332400293,2024,332400293,2,9,0,-1,6,2,-1,8,0,0,0,0,1,1,-1,1,42,7,-1,-1,-1,-1,10,1,E01025906,0
Unvalidated,2024332400294,2024,332400294,1,9,0,-1,7,1,-1,5,0,0,0,0,2,1,-1,1,-1,-1,-1,-1,-1,-1,-1,-1,-1,0
Unvalidated,2024332400295,2024,332400295,1,11,0,-1,7,3,-1,0,0,0,0,0,4,1,-1,3,-1,-1,-1,-1,-1,-1,-1,-1,-1,0
Unvalidated,2024332400296,2024,332400296,1,9,0,-1,5,3,-1,2,0,0,0,0,1,1,-1,3,-1,-1,-1,-1,-1,-1,-1,-1,-1,0
Unvalidated,2024332400297,2024,332400297,1,9,0,-1,5,1,-1,5,1,0,7,4,3,1,-1,2,35,6,-1,-1,-1,-1,6,1,E01025746,0
Unvalidated,2024332400297,2024,332400297,2,9,0,-1,5,1,-1,5,0,0,0,0,4,1,-1,1,43,7,-1,-1,-1,-1,9,3,E01025687,0
Unvalidated,2024332400298,2024,332400298,1,9,0,-1,6,5,-1,2,0,0,0,0,1,1,-1,2,43,7,-1,-1,-1,-1,7,2,E01025941,0
Unvalidated,2024332400299,2024,332400299,1,19,0,-1,5,1,-1,0,0,0,0,0,1,1,-1,1,-1,-1,-1,-1,-1,-1,-1,-1,-1,0
Unvalidated,2024332400300,2024,332400300,1,9,0,-1,7,3,-1,1,5,0,0,0,1,1,-1,1,90,11,-1,-1,-1,-1,7,1,E01025826,0
Unvalidated,2024332400300,2024,332400300,2,9,0,-1,7,3,-1,1,0,0,0,0,2,1,-1,1,19,4,-1,-1,-1,-1,9,1,E01031120,0
Unvalidated,2024332400301,2024,332400301,1,4,0,-1,1,5,-1,8,0,0,0,0,1,1,-1,1,39,7,-1,-1,-1,-1,5,1,E01025999,0
Unvalidated,2024332400301,2024,332400301,2,9,0,-1,7,3,-1,8,0,0,0,0,4,1,-1,1,28,6,-1,-1,-1,-1,3,1,E01013752,0
Unvalidated,2024332400302,2024,332400302,1,9,0,-1,7,3,-1,6,0,0,0,0,3,1,-1,2,82,11,-1,-1,-1,-1,9,3,E01025738,0
Unvalidated,2024332400302,2024,332400302,2,3,0,-1,5,1,-1,8,0,0,0,0,1,1,-1,1,17,4,-1,-1,-1,-1,6,3,E01025939,0
Unvalidated,2024332400303,2024,332400303,1,9,0,-1,7,3,-1,0,0,0,1,10,1,1,-1,2,77,11,-1,-1,-1,-1,5,1,E01025842,0
Unvalidated,2024332400303,2024,332400303,2,9,0,-1,0,0,-1,0,0,0,0,0,2,1,-1,2,46,8,-1,-1,-1,-1,7,1,E01031091,0
Unvalidated,2024332400304,2024,332400304,1,5,0,-1,1,5,-1,8,1,0,7,0,1,1,-1,1,34,6,-1,-1,-1,-1,2,1,E01013610,0
Unvalidated,2024332400304,2024,332400304,2,19,0,-1,1,7,-1,5,0,0,0,0,3,1,-1,1,52,8,-1,-1,-1,-1,-1,-1,-1,0
Unvalidated,2024332400305,2024,332400305,1,9,0,-1,4,2,-1,1,0,0,0,0,2,1,-1,2,26,6,-1,-1,-1,-1,10,2,E01025773,0
Unvalidated,2024332400305,2024,332400305,2,19,0,-1,4,8,-1,1,0,0,0,0,2,1,-1,1,61,9,-1,-1,-1,-1,10,2,E01025665,0
Unvalidated,2024332400305,2024,332400305,3,9,0,-1,4,8,-1,1,0,0,0,0,1,1,-1,2,43,7,-1,-1,-1,-1,7,1,E01025659,0
Unvalidated,2024332400306,2024,332400306,1,9,0,-1,1,5,-1,0,0,0,0,0,1,1,-1,2,48,8,-1,-1,-1,-1,10,2,E01013803,0
Unvalidated,2024332400307,2024,332400307,1,8,0,-1,5,1,-1,1,0,0,0,0,2,1,-1,1,-1,-1,-1,-1,-1,-1,-1,-1,-1,0
Unvalidated,2024332400307,2024,332400307,2,9,0,-1,5,1,-1,1,0,0,0,0,1,1,-1,1,-1,-1,-1,-1,-1,-1,-1,-1,-1,0
Unvalidated,2024332400308,2024,332400308,1,9,0,-1,1,7,-1,1,0,0,0,0,2,1,-1,2,43,7,-1,-1,-1,-1,10,1,E01025649,0
Unvalidated,2024332400308,2024,332400308,2,9,0,-1,1,5,-1,1,0,0,0,0,1,1,-1,1,-1,-1,-1,-1,-1,-1,-1,-1,-1,0
Unvalidated,2024332400309,2024,332400309,1,9,0,-1,4,8,-1,0,0,0,0,0,2,1,-1,2,23,5,-1,-1,-1,-1,8,2,E01025786,0
Unvalidated,2024332400309,2024,332400309,2,9,0,-1,4,8,-1,0,0,0,0,0,1,1,-1,2,-1,-1,-1,-1,-1,-1,-1,-1,-1,0
Unvalidated,2024332400310,2024,332400310,1,19,0,-1,3,7,-1,3,0,0,0,0,3,1,-1,1,61,9,-1,-1,-1,-1,7,1,E01025659,0
Unvalidated,2024332400310,2024,332400310,2,1,0,-1,4,8,-1,8,0,0,0,0,4,1,-1,2,40,7,-1,-1,-1,-1,10,1,E01025970,0
Unvalidated,2024332400311,2024,332400311,1,9,0,-1,8,4,-1,8,0,0,0,0,3,1,-1,1,43,7,-1,-1,-1,-1,8,1,E01025908,0
Unvalidated,2024332400311,2024,332400311,2,9,0,-1,6,2,-1,6,0,0,0,0,1,1,-1,1,-1,-1,-1,-1,-1,-1,-1,-1,-1,0
Unvalidated,2024332400312,2024,332400312,1,9,0,-1,5,3,-1,3,0,0,0,0,2,1,-1,1,48,8,-1,-1,-1,-1,6,2,E01025677,0
Unvalidated,2024332400312,2024,332400312,2,9,0,-1,5,1,-1,4,0,0,0,0,1,1,-1,1,17,4,-1,-1,-1,-1,9,2,E01025876,0
Unvalidated,2024332400313,2024,332400313,1,9,0,-1,5,1,-1,0,0,0,0,0,4,1,-1,2,39,7,-1,-1,-1,-1,2,1,E01013688,0
Unvalidated,2024332400314,2024,332400314,1,3,0,-1,1,5,-1,8,0,0,0,0,1,1,-1,1,40,7,-1,-1,-1,-1,8,1,E01013712,0
Unvalidated,2024332400314,2024,332400314,2,1,0,-1,1,7,-1,5,0,0,0,0,1,1,-1,1,15,3,-1,-1,-1,-1,4,1,E01013705,0
Unvalidated,2024332400315,2024,332400315,1,9,0,-1,1,5,-1,8,0,0,1,10,2,1,-1,2,34,6,-1,-1,-1,-1,6,1,E01025683,0
Unvalidated,2024332400315,2024,332400315,2,9,0,-1,1,5,-1,8,0,0,0,0,1,1,-1,1,26,6,-1,-1,-1,-1,8,1,E01013643,0
Unvalidated,2024332400316,2024,332400316,1,19,0,-1,1,5,-1,2,0,0,7,5,3,1,-1,1,54,8,-1,-1,-1,-1,9,1,E01025758,0
Unvalidated,2024332400317,2024,332400317,1,1,0,-1,9,9,-1,0,0,0,0,0,1,1,-1,3,-1,-1,-1,-1,-1,-1,-1,-1,-1,0
Unvalidated,2024332400318,2024,332400318,1,9,0,-1,4,8,-1,4,0,0,7,4,1,1,-1,1,47,8,-1,-1,-1,-1,3,1,E01025697,0
Unvalidated,2024332400319,2024,332400319,1,9,0,-1,4,6,-1,6,0,0,0,0,1,1,-1,2,51,8,-1,-1,-1,-1,1,1,E01025725,0
Unvalidated,2024332400319,2024,332400319,2,9,0,-1,2,6,-1,8,0,0,0,0,1,1,-1,2,87,11,-1,-1,-1,-1,10,3,E01025944,0
Unvalidated,2024332400320,2024,332400320,1,9,0,-1,1,7,-1,2,0,0,1,10,1,1,-1,1,68,10,-1,-1,-1,-1,6,1,E01025978,0
Unvalidated,2024332400321,2024,332400321,1,9,0,-1,3,1,-1,6,0,0,0,0,3,1,-1,1,43,7,-1,-1,-1,-1,-1,-1,-1,0
Unvalidated,2024332400321,2024,332400321,2,5,0,-1,1,5,-1,8,1,0,0,0,1,1,-1,1,61,9,-1,-1,-1,-1,6,1,E01031051,0
Unvalidated,2024332400322,2024,332400322,1,9,0,-1,2,6,-1,8,0,0,0,0,1,1,-1,1,75,10,-1,-1,-1,-1,7,2,E01025874,0
Unvalidated,2024332400322,2024,332400322,2,9,0,-1,4,6,-1,6,0,0,0,0,1,1,-1,1,54,8,-1,-1,-1,-1,1,1,E01013677,0
Unvalidated,2024332400322,2024,332400322,3,19,0,-1,6,4,-1,8,0,0,0,0,1,1,-1,1,24,5,-1,-1,-1,-1,10,1,E01025632,0
Unvalidated,2024332400323,2024,332400323,1,9,0,-1,1,5,-1,0,0,0,0,0,2,1,-1,2,48,8,-1,-1,-1,-1,7,3,E01013787,0
Unvalidated,2024332400323,2024,332400323,2,5,0,-1,1,5,-1,0,0,0,0,0,1,1,-1,1,34,6,-1,-1,-1,-1,-1,-1,-1,0
Unvalidated,2024332400324,2024,332400324,1,4,0,-1,3,7,-1,3,0,0,0,0,1,1,-1,3,-1,-1,-1,-1,-1,-1,-1,-1,-1,0
Unvalidated,2024332400324,2024,332400324,2,1,0,-1,1,5,-1,2,0,0,0,0,1,1,-1,1,12,3,-1,-1,-1,-1,2,1,E01013768,0
Unvalidated,2024332400325,2024,332400325,1,9,0,-1,4,8,-1,1,0,0,0,0,2,1,-1,1,66,10,-1,-1,-1,-1,8,1,E01013712,0
Unvalidated,2024332400325,2024,332400325,2,9,0,-1,4,8,-1,1,0,0,0,0,2,1,-1,2,40,7,-1,-1,-1,-1,3,2,E01025943,0
Unvalidated,2024332400325,2024,332400325,3,9,0,-1,4,8,-1,1,1,0,0,0,1,1,-1,2,54,8,-1,-1,-1,-1,6,1,E01013759,0
Unvalidated,2024332400326,2024,332400326,1,9,0,-1,5,2,-1,2,0,0,0,0,1,1,-1,1,24,5,-1,-1,-1,-1,9,1,E01019850,0
Unvalidated,2024332400326,2024,332400326,2,9,0,-1,2,5,-1,1,0,0,0,0,1,1,-1,1,59,9,-1,-1,-1,-1,5,1,E01019861,0
Unvalidated,2024332400327,2024,332400327,1,9,0,-1,1,5,-1,6,0,0,0,0,1,1,-1,1,64,9,-1,-1,-1,-1,6,3,E01026331,0
Unvalidated,2024332400327,2024,332400327,2,5,0,-1,3,7,-1,8,0,0,0,0,1,1,-1,1,61,9,-1,-1,-1,-1,10,2,E01028359,0
Unvalidated,2024332400327,2024,332400327,3,9,0,-1,5,7,-1,1,0,0,0,0,3,1,-1,1,20,4,-1,-1,-1,-1,6,3,E01025912,0
Unvalidated,2024332400328,2024,332400328,1,9,0,-1,1,1,-1,8,0,0,1,11,1,1,-1,3,-1,-1,-1,-1,-1,-1,-1,-1,-1,0
Unvalidated,2024332400329,2024,332400329,1,9,0,-1,6,6,-1,0,0,0,0,0,1,1,-1,1,37,7,-1,-1,-1,-1,3,1,E01025894,0
Unvalidated,2024332400329,2024,332400329,2,19,0,-1,2,6,-1,0,0,0,0,0,1,1,-1,2,27,6,-1,-1,-1,-1,10,1,E01025896,0
Unvalidated,2024332400330,2024,332400330,1,9,0,-1,1,5,-1,8,0,0,0,0,1,1,-1,1,30,6,-1,-1,-1,-1,8,2,E01025942,0
Unvalidated,2024332400330,2024,332400330,2,90,0,-1,3,7,-1,6,0,0,0,0,3,1,-1,2,21,5,-1,-1,-1,-1,10,1,E01029678,0
Unvalidated,2024332400331,2024,332400331,1,9,0,-1,6,2,-1,1,0,0,0,0,2,1,-1,2,24,5,-1,-1,-1,-1,10,1,E01025714,0
Unvalidated,2024332400331,2024,332400331,2,9,0,-1,6,2,-1,1,0,0,0,0,1,1,-1,1,-1,-1,-1,-1,-1,-1,-1,-1,-1,0
Unvalidated,2024332400333,2024,332400333,1,9,0,-1,1,5,-1,1,0,0,0,0,1,1,-1,1,-1,-1,-1,-1,-1,-1,-1,-1,-1,0
Unvalidated,2024332400334,2024,332400334,1,9,0,-1,6,2,-1,0,0,4,0,0,4,1,-1,3,-1,-1,-1,-1,-1,-1,-1,-1,-1,0
Unvalidated,2024332400335,2024,332400335,1,1,0,-1,5,1,-1,8,0,0,0,0,1,1,-1,2,39,7,-1,-1,-1,-1,8,1,E01025612,0
Unvalidated,2024332400335,2024,332400335,2,9,0,-1,7,1,-1,4,0,0,0,0,1,1,-1,3,-1,-1,-1,-1,-1,-1,-1,-1,-1,0
Unvalidated,2024332400336,2024,332400336,1,9,0,-1,3,1,-1,5,0,0,0,0,1,1,-1,1,24,5,-1,-1,-1,-1,1,1,E01025482,0
Unvalidated,2024332400336,2024,332400336,2,5,0,-1,7,3,-1,8,0,0,0,0,1,1,-1,1,24,5,-1,-1,-1,-1,5,1,E01025865,0
Unvalidated,2024332400337,2024,332400337,1,9,0,-1,5,3,-1,6,0,0,0,0,2,1,-1,2,48,8,-1,-1,-1,-1,8,3,E01025924,0
Unvalidated,2024332400337,2024,332400337,2,1,0,-1,7,3,-1,8,0,0,0,0,1,1,-1,1,14,3,-1,-1,-1,-1,9,2,E01025945,0
Unvalidated,2024332400338,2024,332400338,1,9,0,-1,2,6,-1,1,0,0,0,0,2,1,-1,1,27,6,-1,-1,-1,-1,7,1,E01009613,0
Unvalidated,2024332400338,2024,332400338,2,9,0,-1,2,6,-1,1,0,0,0,0,1,1,-1,3,-1,-1,-1,-1,-1,-1,-1,-1,-1,0
Unvalidated,2024332400339,2024,332400339,1,9,0,-1,1,5,-1,8,0,0,0,0,1,1,-1,1,25,5,-1,-1,-1,-1,8,1,E01025972,0
Unvalidated,2024332400339,2024,332400339,2,9,0,-1,5,1,-1,4,0,0,0,0,0,1,-1,1,31,6,-1,-1,-1,-1,-1,-1,-1,0
Unvalidated,2024332400339,2024,332400339,3,9,0,-1,7,3,-1,4,0,0,0,0,1,1,-1,2,58,9,-1,-1,-1,-1,6,3,E01007787,0
Unvalidated,2024332400339,2024,332400339,4,9,0,-1,0,0,-1,1,0,0,0,0,1,1,-1,3,-1,-1,-1,-1,-1,-1,-1,-1,-1,0
Unvalidated,2024332400340,2024,332400340,1,9,0,-1,6,2,-1,1,0,0,0,0,2,1,-1,1,19,4,-1,-1,-1,-1,2,1,E01013694,0
Unvalidated,2024332400340,2024,332400340,2,11,0,-1,6,2,-1,1,0,0,0,0,1,1,-1,1,45,7,-1,-1,-1,-1,3,1,E01025997,0
Unvalidated,2024332400341,2024,332400341,1,9,0,-1,7,4,-1,5,0,0,0,0,1,1,-1,1,18,4,-1,-1,-1,-1,4,1,E01025957,0
Unvalidated,2024332400341,2024,332400341,2,1,0,-1,3,7,-1,8,1,0,0,0,1,1,-1,1,31,6,-1,-1,-1,-1,5,1,E01025936,0
Unvalidated,2024332400342,2024,332400342,1,5,0,-1,2,5,-1,0,0,0,0,0,1,1,-1,1,28,6,-1,-1,-1,-1,9,1,E01025998,0
Unvalidated,2024332400342,2024,332400342,2,9,0,-1,5,1,-1,0,0,0,0,0,1,1,-1,2,33,6,-1,-1,-1,-1,9,1,E01025731,0
Unvalidated,2024332400343,2024,332400343,1,9,0,-1,1,5,-1,0,0,0,0,0,4,1,-1,1,49,8,-1,-1,-1,-1,7,3,E01032892,0
Unvalidated,2024332400343,2024,332400343,2,16,0,-1,1,5,-1,0,0,0,0,0,3,1,-1,2,40,7,-1,-1,-1,-1,9,3,E01025777,0
Unvalidated,2024332400344,2024,332400344,1,9,0,-1,3,1,-1,5,0,0,0,0,1,1,-1,2,45,7,-1,-1,-1,-1,7,1,E01025647,0
Unvalidated,2024332400344,2024,332400344,2,9,0,-1,7,3,-1,8,0,0,0,0,4,1,-1,1,26,6,-1,-1,-1,-1,5,1,E01013612,0
Unvalidated,2024332400345,2024,332400345,1,19,0,-1,7,3,-1,1,0,0,0,0,1,1,-1,3,-1,-1,-1,-1,-1,-1,-1,-1,-1,0
Unvalidated,2024332400345,2024,332400345,2,9,0,-1,7,3,-1,1,0,0,2,1,2,1,-1,1,22,5,-1,-1,-1,-1,-1,-1,-1,0
Unvalidated,2024332400346,2024,332400346,1,5,0,-1,2,6,-1,0,0,0,0,0,1,1,-1,1,58,9,-1,-1,-1,-1,7,3,E01025911,0
Unvalidated,2024332400346,2024,332400346,2,9,0,-1,1,5,-1,0,0,0,0,0,4,1,-1,1,20,4,-1,-1,-1,-1,7,1,E01025752,0
Unvalidated,2024332400347,2024,332400347,1,9,0,-1,1,5,-1,0,0,0,0,0,3,1,-1,1,53,8,-1,-1,-1,-1,2,1,E01013658,0
Unvalidated,2024332400348,2024,332400348,1,9,0,-1,8,4,-1,0,1,0,1,2,1,1,-1,1,30,6,-1,-1,-1,-1,8,3,E01025679,0
Unvalidated,2024332400348,2024,332400348,2,9,0,-1,8,4,-1,0,1,10,5,4,2,1,-1,1,34,6,-1,-1,-1,-1,7,1,E01013686,0
Unvalidated,2024332400349,2024,332400349,1,1,0,-1,2,8,-1,5,0,0,0,0,3,1,-1,1,16,4,-1,-1,-1,-1,10,1,E01028722,0
Unvalidated,2024332400349,2024,332400349,2,9,0,-1,2,6,-1,8,0,0,0,0,1,1,-1,3,-1,-1,-1,-1,-1,-1,-1,-1,-1,0
Unvalidated,2024332400351,2024,332400351,1,9,0,-1,1,5,-1,6,0,0,0,0,1,1,-1,1,-1,-1,-1,-1,-1,-1,-1,-1,-1,0
Unvalidated,2024332400351,2024,332400351,2,3,0,-1,7,3,-1,8,0,0,0,0,4,1,-1,1,35,6,-1,-1,-1,-1,4,1,E01013747,0
Unvalidated,2024332400352,2024,332400352,1,19,0,-1,5,1,-1,0,0,0,0,0,1,1,-1,1,-1,-1,-1,-1,-1,-1,-1,-1,-1,0
Unvalidated,2024332400352,2024,332400352,2,9,0,-1,5,1,-1,0,0,0,0,0,4,1,-1,1,-1,-1,-1,-1,-1,-1,-1,-1,-1,0
Unvalidated,2024332400353,2024,332400353,1,9,0,-1,9,9,-1,1,0,0,0,0,1,1,-1,1,-1,-1,-1,-1,-1,-1,-1,-1,-1,0
Unvalidated,2024332400354,2024,332400354,1,21,0,-1,7,3,-1,1,0,0,0,0,1,1,-1,1,57,9,-1,-1,-1,-1,2,1,E01013772,0
Unvalidated,2024332400354,2024,332400354,2,21,0,-1,7,3,-1,1,0,0,0,0,2,1,-1,1,33,6,-1,-1,-1,-1,4,1,E01013782,0
Unvalidated,2024332400354,2024,332400354,3,9,0,-1,7,3,-1,1,0,0,0,0,2,1,-1,1,75,10,-1,-1,-1,-1,9,1,E01029419,0
Unvalidated,2024332400356,2024,332400356,1,9,0,-1,6,2,-1,0,0,0,7,0,1,1,-1,1,23,5,-1,-1,-1,-1,3,1,E01013786,0
Unvalidated,2024332400356,2024,332400356,2,9,0,-1,2,6,-1,0,0,0,0,0,1,1,-1,2,32,6,-1,-1,-1,-1,10,1,E01025860,0
Unvalidated,2024332400357,2024,332400357,1,9,0,-1,3,7,-1,6,0,0,0,0,2,1,-1,2,42,7,-1,-1,-1,-1,7,1,E01025684,0
Unvalidated,2024332400358,2024,332400358,1,9,0,-1,3,1,-1,6,0,0,7,0,1,1,-1,1,18,4,-1,-1,-1,-1,9,2,E01025778,0
Unvalidated,2024332400358,2024,332400358,2,9,0,-1,1,5,-1,8,0,0,0,0,1,1,-1,1,68,10,-1,-1,-1,-1,9,2,E01025776,0
Unvalidated,2024332400359,2024,332400359,1,1,0,-1,1,5,-1,0,0,0,0,0,1,1,-1,1,38,7,-1,-1,-1,-1,5,1,E01025763,0
Unvalidated,2024332400359,2024,332400359,2,8,0,-1,1,1,-1,0,0,0,0,0,3,1,-1,1,-1,-1,-1,-1,-1,-1,-1,-1,-1,0
Unvalidated,2024332400360,2024,332400360,1,-1,0,-1,7,3,-1,0,0,0,0,0,1,1,-1,1,-1,-1,-1,-1,-1,-1,-1,-1,-1,1
Unvalidated,2024332400361,2024,332400361,1,9,0,-1,8,4,-1,1,0,0,0,0,1,1,-1,1,70,10,-1,-1,-1,-1,-1,-1,-1,0
Unvalidated,2024332400361,2024,332400361,2,4,0,-1,4,8,-1,2,0,0,0,0,1,1,-1,1,-1,-1,-1,-1,-1,-1,-1,-1,-1,0
Unvalidated,2024332400362,2024,332400362,1,9,0,-1,5,3,-1,1,0,0,0,0,2,1,-1,2,44,7,-1,-1,-1,-1,8,2,E01025775,0
Unvalidated,2024332400362,2024,332400362,2,98,0,-1,0,0,-1,1,0,0,0,0,1,1,-1,1,-1,-1,-1,-1,-1,-1,-1,-1,-1,0
Unvalidated,2024332400363,2024,332400363,1,9,0,-1,4,8,-1,0,0,0,0,0,3,1,-1,2,28,6,-1,-1,-1,-1,3,1,E01013715,0
Unvalidated,2024332400363,2024,332400363,2,9,0,-1,0,0,-1,0,0,0,0,0,3,1,-1,3,-1,-1,-1,-1,-1,-1,-1,-1,-1,0
Unvalidated,2024332400364,2024,332400364,1,9,0,-1,6,2,-1,8,0,0,0,0,1,1,-1,1,22,5,-1,-1,-1,-1,2,1,E01013716,0
Unvalidated,2024332400365,2024,332400365,1,9,0,-1,1,5,-1,1,0,0,0,0,1,1,-1,1,26,6,-1,-1,-1,-1,7,1,E01002226,0
Unvalidated,2024332400365,2024,332400365,2,8,0,-1,0,0,-1,1,0,0,0,0,2,1,-1,1,47,8,-1,-1,-1,-1,9,1,E01025998,0
Unvalidated,2024332400366,2024,332400366,1,9,0,-1,4,8,-1,0,1,0,7,4,1,1,-1,2,41,7,-1,-1,-1,-1,5,1,E01025763,0
Unvalidated,2024332400367,2024,332400367,1,9,0,-1,1,5,-1,6,0,0,7,9,1,1,-1,1,62,9,-1,-1,-1,-1,4,1,E01019851,0
Unvalidated,2024332400367,2024,332400367,2,10,0,-1,7,3,-1,8,0,0,7,9,4,1,-1,1,45,7,-1,-1,-1,-1,10,1,E01010173,0
Unvalidated,2024332400368,2024,332400368,1,9,0,-1,1,5,-1,8,0,0,0,0,1,1,-1,2,80,11,-1,-1,-1,-1,10,2,E01025872,0
Unvalidated,2024332400368,2024,332400368,2,9,0,-1,3,7,-1,6,0,0,1,0,1,1,-1,1,76,11,-1,-1,-1,-1,5,1,E01031114,0
Unvalidated,2024332400369,2024,332400369,1,9,0,-1,6,4,-1,6,0,0,0,0,1,1,-1,1,24,5,-1,-1,-1,-1,5,1,E01013606,0
Unvalidated,2024332400369,2024,332400369,2,9,0,-1,8,4,-1,8,0,0,0,0,3,1,-1,1,30,6,-1,-1,-1,-1,2,1,E01013683,0
Unvalidated,2024332400369,2024,332400369,3,9,0,-1,6,4,-1,6,0,0,0,0,1,1,-1,1,42,7,-1,-1,-1,-1,3,1,E01009620,0
Unvalidated,2024332400370,2024,332400370,1,9,0,-1,7,3,-1,3,0,0,0,0,4,1,-1,1,35,6,-1,-1,-1,-1,1,1,E01013673,0
Unvalidated,2024332400371,2024,332400371,1,9,0,-1,7,3,-1,0,0,0,0,0,1,1,-1,1,-1,-1,-1,-1,-1,-1,-1,-1,-1,0
Unvalidated,2024332400371,2024,332400371,2,9,0,-1,7,3,-1,0,0,0,0,0,2,1,-1,1,31,6,-1,-1,-1,-1,2,1,E01013742,0