status,collision_index,collision_year,collision_reference,vehicle_reference,vehicle_type,towing_and_articulation,vehicle_manoeuvre,vehicle_direction_from,vehicle_direction_to,vehicle_location_restricted_lane,junction_location,skidding_and_overturning,hit_object_in_carriageway,vehicle_leaving_carriageway,hit_object_off_carriageway,first_point_of_impact,vehicle_left_hand_drive,journey_purpose_of_driver,sex_of_driver,age_of_driver,age_band_of_driver,engine_capacity_cc,propulsion_code,age_of_vehicle,generic_make_model,driver_imd_decile,driver_home_area_type,lsoa_of_driver,escooter_flag
Unvalidated,2024332400371,2024,332400371,3,9,0,-1,3,7,-1,0,0,0,0,0,1,1,-1,1,46,8,-1,-1,-1,-1,5,1,E01013738,0
Unvalidated,2024332400372,2024,332400372,1,9,0,-1,4,8,-1,8,0,0,0,0,1,1,-1,2,43,7,-1,-1,-1,-1,6,1,E01013759,0
Unvalidated,2024332400372,2024,332400372,2,9,0,-1,2,6,-1,6,0,0,7,1,1,1,-1,1,48,8,-1,-1,-1,-1,7,1,E01013669,0
Unvalidated,2024332400373,2024,332400373,1,9,0,-1,2,6,-1,1,0,0,0,0,2,1,-1,1,34,6,-1,-1,-1,-1,2,1,E01013716,0
Unvalidated,2024332400373,2024,332400373,2,9,0,-1,2,6,-1,1,0,0,0,0,1,1,-1,1,-1,-1,-1,-1,-1,-1,-1,-1,-1,0
Unvalidated,2024332400374,2024,332400374,1,1,0,-1,4,8,-1,8,0,0,0,0,2,1,-1,1,53,8,-1,-1,-1,-1,7,3,E01025623,0
Unvalidated,2024332400374,2024,332400374,2,9,0,-1,6,2,-1,4,0,0,0,0,1,1,-1,2,64,9,-1,-1,-1,-1,4,1,E01013734,0
Unvalidated,2024332400375,2024,332400375,1,9,0,-1,7,3,-1,8,0,0,0,0,1,1,-1,2,26,6,-1,-1,-1,-1,9,3,E01025816,0
Unvalidated,2024332400375,2024,332400375,2,9,0,-1,1,5,-1,6,0,0,1,9,3,1,-1,2,54,8,-1,-1,-1,-1,5,3,E01025875,0
Unvalidated,2024332400376,2024,332400376,1,9,0,-1,2,6,-1,6,0,0,0,0,1,1,-1,2,44,7,-1,-1,-1,-1,5,1,E01013736,0
Unvalidated,2024332400376,2024,332400376,2,1,0,-1,4,8,-1,8,0,0,0,0,1,1,-1,1,31,6,-1,-1,-1,-1,3,1,E01013717,0
Unvalidated,2024332400378,2024,332400378,1,8,0,-1,5,7,-1,4,0,0,0,0,1,1,-1,1,47,8,-1,-1,-1,-1,4,1,E01013758,0
Unvalidated,2024332400378,2024,332400378,2,1,0,-1,7,3,-1,8,0,0,0,0,1,1,-1,1,19,4,-1,-1,-1,-1,3,1,E01032868,0
Unvalidated,2024332400379,2024,332400379,1,9,0,-1,9,9,-1,0,0,0,0,0,1,1,-1,2,-1,-1,-1,-1,-1,-1,-1,-1,-1,0
Unvalidated,2024332400380,2024,332400380,1,1,0,-1,3,7,-1,0,0,0,0,0,2,1,-1,1,44,7,-1,-1,-1,-1,7,1,E01025702,0
Unvalidated,2024332400380,2024,332400380,2,9,0,-1,3,7,-1,0,0,0,0,0,1,1,-1,1,-1,-1,-1,-1,-1,-1,-1,-1,-1,0
Unvalidated,2024332400381,2024,332400381,1,9,0,-1,6,2,-1,0,0,0,0,0,1,1,-1,2,24,5,-1,-1,-1,-1,7,1,E01011506,0
Unvalidated,2024332400381,2024,332400381,2,21,0,-1,2,6,-1,0,0,0,0,0,1,1,-1,1,49,8,-1,-1,-1,-1,6,1,E01013785,0
Unvalidated,2024332400382,2024,332400382,1,9,0,-1,7,3,-1,0,5,0,6,1,2,1,-1,1,25,5,-1,-1,-1,-1,7,1,E01033102,0
Unvalidated,2024332400382,2024,332400382,2,9,0,-1,7,3,-1,0,0,0,0,0,1,1,-1,1,59,9,-1,-1,-1,-1,10,1,E01025678,0
Unvalidated,2024332400382,2024,332400382,3,9,0,-1,7,3,-1,0,0,0,0,0,3,1,-1,3,-1,-1,-1,-1,-1,-1,-1,-1,-1,0
Unvalidated,2024332400382,2024,332400382,4,9,0,-1,3,7,-1,0,0,0,0,0,1,1,-1,1,36,7,-1,-1,-1,-1,4,1,E01032862,0
Unvalidated,2024332400383,2024,332400383,1,3,0,-1,2,5,-1,8,1,10,0,0,4,1,-1,1,38,7,-1,-1,-1,-1,2,1,E01013681,0
Unvalidated,2024332400384,2024,332400384,1,9,0,-1,5,1,-1,8,0,0,0,0,1,1,-1,1,20,4,-1,-1,-1,-1,5,1,E01013668,0
Unvalidated,2024332400384,2024,332400384,2,9,0,-1,7,3,-1,6,0,0,0,0,2,1,-1,1,28,6,-1,-1,-1,-1,4,1,E01013696,0
Unvalidated,2024332400385,2024,332400385,1,9,0,-1,5,3,-1,5,0,0,0,0,4,1,-1,1,48,8,-1,-1,-1,-1,1,1,E01013748,0
Unvalidated,2024332400385,2024,332400385,2,9,0,-1,9,9,-1,8,0,0,0,0,2,1,-1,3,-1,-1,-1,-1,-1,-1,-1,-1,-1,0
Unvalidated,2024332400386,2024,332400386,1,21,0,-1,7,3,-1,0,0,0,7,4,1,1,-1,1,55,8,-1,-1,-1,-1,5,1,E01025625,0
Unvalidated,2024332400387,2024,332400387,1,3,0,-1,2,6,-1,0,0,0,0,0,3,1,-1,2,50,8,-1,-1,-1,-1,7,1,E01025755,0
Unvalidated,2024332400387,2024,332400387,2,9,0,-1,2,6,-1,0,0,0,0,0,1,1,-1,3,-1,-1,-1,-1,-1,-1,-1,-1,-1,0
Unvalidated,2024332400388,2024,332400388,1,9,0,-1,8,4,-1,0,0,0,7,0,1,1,-1,1,34,6,-1,-1,-1,-1,10,1,E01025648,0
Unvalidated,2024332400388,2024,332400388,2,9,0,-1,0,0,-1,0,0,0,1,10,1,1,-1,3,-1,-1,-1,-1,-1,-1,-1,-1,-1,0
Unvalidated,2024332400388,2024,332400388,3,19,0,-1,0,0,-1,0,0,0,1,0,1,1,-1,3,-1,-1,-1,-1,-1,-1,-1,-1,-1,0
Unvalidated,2024332400389,2024,332400389,1,5,0,-1,2,6,-1,0,0,0,8,0,3,1,-1,1,35,6,-1,-1,-1,-1,9,1,E01025737,0
Unvalidated,2024332400389,2024,332400389,2,9,0,-1,2,6,-1,0,0,0,0,0,0,1,-1,1,39,7,-1,-1,-1,-1,8,1,E01025743,0
Unvalidated,2024332400391,2024,332400391,1,9,0,-1,1,7,-1,5,0,0,0,0,4,1,-1,1,64,9,-1,-1,-1,-1,7,1,E01025954,0
Unvalidated,2024332400391,2024,332400391,2,5,0,-1,5,1,-1,8,0,0,1,0,1,1,-1,1,37,7,-1,-1,-1,-1,6,1,E01025840,0
Unvalidated,2024332400391,2024,332400391,3,9,0,-1,1,5,-1,2,0,0,0,0,1,1,-1,1,49,8,-1,-1,-1,-1,8,3,E01025871,0
Unvalidated,2024332400392,2024,332400392,1,9,0,-1,7,5,-1,5,0,10,1,10,1,1,-1,1,69,10,-1,-1,-1,-1,9,1,E01025901,0
Unvalidated,2024332400393,2024,332400393,1,9,0,-1,0,0,-1,8,0,0,0,0,1,1,-1,2,25,5,-1,-1,-1,-1,9,1,E01025975,0
Unvalidated,2024332400393,2024,332400393,2,90,0,-1,2,6,-1,8,0,0,0,0,3,1,-1,1,34,6,-1,-1,-1,-1,1,1,E01013651,1
Unvalidated,2024332400394,2024,332400394,1,9,0,-1,5,8,-1,0,5,0,2,0,1,1,-1,1,21,5,-1,-1,-1,-1,3,1,E01025844,0
Unvalidated,2024332400395,2024,332400395,1,9,0,-1,5,1,-1,0,5,6,1,0,1,1,-1,1,-1,-1,-1,-1,-1,-1,-1,-1,-1,0
Unvalidated,2024332400396,2024,332400396,1,21,0,-1,7,3,-1,0,0,0,0,0,1,1,-1,1,32,6,-1,-1,-1,-1,3,1,E01013698,0
Unvalidated,2024332400396,2024,332400396,2,21,0,-1,7,3,-1,0,0,0,0,0,2,1,-1,1,50,8,-1,-1,-1,-1,3,1,E01031012,0
Unvalidated,2024332400397,2024,332400397,1,9,0,-1,5,1,-1,1,0,0,7,2,1,1,-1,1,36,7,-1,-1,-1,-1,2,1,E01013768,0
Unvalidated,2024332400397,2024,332400397,2,19,0,-1,0,0,-1,1,0,0,0,0,4,1,-1,3,-1,-1,-1,-1,-1,-1,-1,-1,-1,0
Unvalidated,2024332400398,2024,332400398,1,1,0,-1,9,9,-1,0,0,0,0,0,0,1,-1,1,12,3,-1,-1,-1,-1,6,1,E01026003,0
Unvalidated,2024332400398,2024,332400398,2,9,0,-1,9,9,-1,0,0,0,0,0,1,1,-1,3,-1,-1,-1,-1,-1,-1,-1,-1,-1,0
Unvalidated,2024332400399,2024,332400399,1,9,0,-1,5,1,-1,1,0,0,0,0,2,1,-1,2,34,6,-1,-1,-1,-1,10,2,E01025774,0
Unvalidated,2024332400399,2024,332400399,2,9,0,-1,5,1,-1,1,0,0,0,0,2,1,-1,1,33,6,-1,-1,-1,-1,6,1,E01025657,0
Unvalidated,2024332400399,2024,332400399,3,9,0,-1,5,1,-1,1,0,0,0,0,1,1,-1,2,56,9,-1,-1,-1,-1,9,3,E01025777,0
Unvalidated,2024332400400,2024,332400400,1,9,0,-1,7,3,-1,6,1,0,7,0,1,1,-1,1,31,6,-1,-1,-1,-1,3,1,E01025703,0
Unvalidated,2024332400400,2024,332400400,2,9,0,-1,5,1,-1,8,1,0,1,4,1,1,-1,2,44,7,-1,-1,-1,-1,10,1,E01025708,0
Unvalidated,2024332400401,2024,332400401,1,9,0,-1,5,1,-1,1,0,0,0,0,1,1,-1,2,20,4,-1,-1,-1,-1,5,1,E01025999,0
Unvalidated,2024332400401,2024,332400401,2,2,0,-1,5,1,-1,1,0,0,0,0,2,1,-1,1,35,6,-1,-1,-1,-1,1,1,E01013673,0
Unvalidated,2024332400402,2024,332400402,1,9,0,-1,6,2,-1,0,1,10,8,1,1,1,-1,1,20,4,-1,-1,-1,-1,1,1,E01013652,0
Unvalidated,2024332400403,2024,332400403,1,5,0,-1,2,6,-1,8,0,0,0,0,1,1,-1,1,22,5,-1,-1,-1,-1,9,1,E01025731,0
Unvalidated,2024332400403,2024,332400403,2,9,0,-1,6,4,-1,5,0,0,0,0,1,1,-1,1,-1,-1,-1,-1,-1,-1,-1,-1,-1,0
Unvalidated,2024332400404,2024,332400404,1,1,0,-1,7,3,-1,8,0,0,0,0,4,1,-1,1,20,4,-1,-1,-1,-1,5,1,E01025723,0
Unvalidated,2024332400404,2024,332400404,2,9,0,-1,1,5,-1,6,0,0,0,0,1,1,-1,2,-1,-1,-1,-1,-1,-1,-1,-1,-1,0
Unvalidated,2024332400405,2024,332400405,1,9,0,-1,3,7,-1,8,0,0,7,0,1,1,-1,2,30,6,-1,-1,-1,-1,6,3,E01025940,0
Unvalidated,2024332400405,2024,332400405,2,9,0,-1,5,1,-1,6,0,0,3,0,3,1,-1,2,26,6,-1,-1,-1,-1,6,1,E01025840,0
Unvalidated,2024332400406,2024,332400406,1,9,0,-1,4,8,-1,0,0,0,0,0,1,1,-1,2,69,10,-1,-1,-1,-1,5,1,E01013738,0
Unvalidated,2024332400407,2024,332400407,1,1,0,-1,9,9,-1,8,0,0,0,0,3,1,-1,1,22,5,-1,-1,-1,-1,7,1,E01025658,0
Unvalidated,2024332400407,2024,332400407,2,19,0,-1,3,1,-1,6,0,0,0,0,1,1,-1,1,-1,-1,-1,-1,-1,-1,-1,-1,-1,0
Unvalidated,2024332400408,2024,332400408,1,3,0,-1,1,5,-1,8,0,0,1,0,1,1,-1,1,20,4,-1,-1,-1,-1,4,1,E01025953,0
Unvalidated,2024332400408,2024,332400408,2,9,0,-1,1,3,-1,5,0,0,0,0,4,1,-1,1,25,5,-1,-1,-1,-1,9,1,E01025951,0
Unvalidated,2024332400409,2024,332400409,1,5,0,-1,5,1,-1,0,0,0,0,0,1,1,-1,1,29,6,-1,-1,-1,-1,1,1,E01013632,0
Unvalidated,2024332400409,2024,332400409,2,9,0,-1,5,1,-1,0,0,0,0,0,0,1,-1,1,46,8,-1,-1,-1,-1,5,3,E01025875,0
Unvalidated,2024332400409,2024,332400409,3,98,1,-1,1,5,-1,0,0,0,0,0,3,1,-1,3,-1,-1,-1,-1,-1,-1,-1,-1,-1,0
Unvalidated,2024332400410,2024,332400410,1,23,0,-1,7,3,-1,2,0,0,0,0,1,1,-1,1,15,3,-1,-1,-1,-1,1,1,E01013640,0
Unvalidated,2024332400410,2024,332400410,2,9,0,-1,1,3,-1,2,0,0,0,0,2,1,-1,2,22,5,-1,-1,-1,-1,1,1,E01013603,0
Unvalidated,2024332400411,2024,332400411,1,9,0,-1,6,2,-1,0,0,0,0,0,1,1,-1,2,-1,-1,-1,-1,-1,-1,3,1,E01013697,0
Unvalidated,2024332400411,2024,332400411,2,9,0,-1,6,2,-1,0,0,0,0,0,2,1,-1,2,50,8,-1,-1,-1,-1,2,1,E01013694,0
Unvalidated,2024332400411,2024,332400411,3,9,0,-1,6,2,-1,0,0,0,0,0,2,1,-1,1,51,8,-1,-1,-1,-1,3,1,E01013697,0
Unvalidated,2024332400412,2024,332400412,1,19,0,-1,5,1,-1,1,0,0,0,0,1,1,-1,1,46,8,-1,-1,-1,-1,5,3,E01025818,0
Unvalidated,2024332400412,2024,332400412,2,9,0,-1,5,1,-1,1,0,0,0,0,2,1,-1,1,51,8,-1,-1,-1,-1,10,1,E01031143,0
Unvalidated,2024332400413,2024,332400413,1,9,0,-1,2,8,-1,8,0,0,0,0,3,1,-1,2,63,9,-1,-1,-1,-1,1,1,E01025725,0
Unvalidated,2024332400413,2024,332400413,2,9,0,-1,2,6,-1,3,2,0,0,0,4,1,-1,2,32,6,-1,-1,-1,-1,6,1,E01025863,0
Unvalidated,2024332400414,2024,332400414,1,5,0,-1,5,2,-1,0,0,0,1,0,4,1,-1,1,39,7,-1,-1,-1,-1,4,1,E01025907,0
Unvalidated,2024332400415,2024,332400415,1,9,0,-1,1,5,-1,8,0,0,1,2,1,1,-1,2,32,6,-1,-1,-1,-1,7,1,E01025864,0
Unvalidated,2024332400416,2024,332400416,1,9,0,-1,4,8,-1,0,0,0,0,0,2,1,-1,1,54,8,-1,-1,-1,-1,8,3,E01025730,0
Unvalidated,2024332400416,2024,332400416,2,9,0,-1,4,8,-1,0,0,0,0,0,1,1,-1,1,80,11,-1,-1,-1,-1,5,1,E01013770,0
Unvalidated,2024332400417,2024,332400417,1,9,0,-1,6,2,-1,6,0,0,0,0,3,1,-1,1,29,6,-1,-1,-1,-1,3,1,E01013641,0
Unvalidated,2024332400417,2024,332400417,2,9,0,-1,4,8,-1,8,0,0,0,0,1,1,-1,1,40,7,-1,-1,-1,-1,9,1,E01025630,0
Unvalidated,2024332400418,2024,332400418,1,9,0,-1,3,7,-1,1,0,0,0,0,4,1,-1,2,29,6,-1,-1,-1,-1,7,1,E01025654,0
Unvalidated,2024332400418,2024,332400418,2,1,0,-1,3,7,-1,1,0,0,0,0,3,1,-1,1,31,6,-1,-1,-1,-1,2,1,E01013694,0
Unvalidated,2024332400419,2024,332400419,1,9,0,-1,3,7,-1,0,0,0,0,0,1,1,-1,2,27,6,-1,-1,-1,-1,2,1,E01029827,0
Unvalidated,2024332400419,2024,332400419,2,1,0,-1,3,7,-1,0,0,0,1,0,2,1,-1,1,54,8,-1,-1,-1,-1,9,3,E01029479,0
Unvalidated,2024332400420,2024,332400420,1,9,3,-1,5,1,-1,0,0,0,0,0,3,1,-1,1,72,10,-1,-1,-1,-1,1,1,E01015639,0
Unvalidated,2024332400421,2024,332400421,1,9,0,-1,1,6,-1,2,0,0,7,9,1,1,-1,1,64,9,-1,-1,-1,-1,7,3,E01025911,0
Unvalidated,2024332400422,2024,332400422,1,9,0,-1,6,2,-1,0,0,0,0,0,2,1,-1,1,55,8,-1,-1,-1,-1,1,1,E01005486,0
Unvalidated,2024332400422,2024,332400422,2,9,0,-1,6,2,-1,0,0,0,0,0,1,1,-1,1,21,5,-1,-1,-1,-1,8,3,E01013788,0
Unvalidated,2024332400423,2024,332400423,1,1,0,-1,6,2,-1,1,0,0,0,0,3,1,-1,1,41,7,-1,-1,-1,-1,5,1,E01025716,0
Unvalidated,2024332400423,2024,332400423,2,9,0,-1,4,8,-1,1,0,0,0,0,1,1,-1,3,-1,-1,-1,-1,-1,-1,-1,-1,-1,0
Unvalidated,2024332400424,2024,332400424,1,9,0,-1,2,6,-1,0,0,0,0,0,2,1,-1,1,42,7,-1,-1,-1,-1,-1,-1,-1,0
Unvalidated,2024332400425,2024,332400425,1,9,0,-1,0,0,-1,0,0,0,1,11,1,1,-1,1,83,11,-1,-1,-1,-1,6,1,E01025824,0
Unvalidated,2024332400426,2024,332400426,1,5,0,-1,5,1,-1,0,0,0,1,0,4,1,-1,1,-1,-1,-1,-1,-1,-1,8,2,E01025732,0
Unvalidated,2024332400427,2024,332400427,1,8,0,-1,1,7,-1,1,0,0,0,0,2,1,-1,1,54,8,-1,-1,-1,-1,4,1,E01025957,0
Unvalidated,2024332400427,2024,332400427,2,98,0,-1,1,5,-1,1,0,0,0,0,3,1,-1,1,-1,-1,-1,-1,-1,-1,4,1,E01011678,0
Unvalidated,2024332400428,2024,332400428,1,9,0,-1,6,2,-1,0,0,0,0,0,1,1,-1,2,40,7,-1,-1,-1,-1,7,1,E01025627,0
Unvalidated,2024332400428,2024,332400428,2,9,0,-1,6,2,-1,0,0,0,0,0,2,1,-1,2,-1,-1,-1,-1,-1,-1,-1,-1,-1,0
Unvalidated,2024332400431,2024,332400431,1,9,0,-1,6,2,-1,0,0,0,0,0,3,1,-1,1,38,7,-1,-1,-1,-1,3,1,E01013779,0
Unvalidated,2024332400431,2024,332400431,2,98,0,-1,2,6,-1,0,0,0,0,0,3,1,-1,3,-1,-1,-1,-1,-1,-1,-1,-1,-1,0
Unvalidated,2024332400432,2024,332400432,1,9,0,-1,8,4,-1,8,0,0,0,0,1,1,-1,1,36,7,-1,-1,-1,-1,8,2,E01031241,0
Unvalidated,2024332400432,2024,332400432,2,9,0,-1,8,4,-1,8,0,0,0,0,1,1,-1,2,39,7,-1,-1,-1,-1,4,1,E01025988,0
Unvalidated,2024332400433,2024,332400433,1,1,0,-1,5,1,-1,2,0,0,0,0,3,1,-1,1,50,8,-1,-1,-1,-1,7,1,E01025684,0
Unvalidated,2024332400433,2024,332400433,2,9,0,-1,5,1,-1,2,0,0,0,0,4,1,-1,3,-1,-1,-1,-1,-1,-1,-1,-1,-1,0
Unvalidated,2024332400434,2024,332400434,1,9,0,-1,1,5,-1,8,0,0,0,0,4,1,-1,1,73,10,-1,-1,-1,-1,6,1,E01013710,0
Unvalidated,2024332400434,2024,332400434,2,9,0,-1,0,0,-1,8,0,0,0,0,1,1,-1,1,-1,-1,-1,-1,-1,-1,-1,-1,-1,0
Unvalidated,2024332400434,2024,332400434,3,9,0,-1,3,5,-1,1,0,0,0,0,1,1,-1,1,21,5,-1,-1,-1,-1,9,2,E01025619,0
Unvalidated,2024332400436,2024,332400436,1,21,0,-1,5,1,-1,0,0,0,0,0,1,1,-1,1,55,8,-1,-1,-1,-1,2,1,E01011974,0
Unvalidated,2024332400436,2024,332400436,2,9,0,-1,5,1,-1,0,1,0,4,6,3,1,-1,2,22,5,-1,-1,-1,-1,1,2,E01026112,0
Unvalidated,2024332400437,2024,332400437,1,9,0,-1,0,0,-1,0,0,0,0,0,1,1,-1,1,26,6,-1,-1,-1,-1,3,1,E01013744,0
Unvalidated,2024332400438,2024,332400438,1,9,0,-1,2,6,-1,4,0,0,0,0,1,1,-1,1,33,6,-1,-1,-1,-1,7,1,E01013783,0
Unvalidated,2024332400438,2024,332400438,2,9,0,-1,8,4,-1,8,0,0,0,0,1,1,-1,3,-1,-1,-1,-1,-1,-1,-1,-1,-1,0
Unvalidated,2024332400439,2024,332400439,1,9,0,-1,1,5,-1,0,0,0,0,0,2,1,-1,1,34,6,-1,-1,-1,-1,8,1,E01031815,0
Unvalidated,2024332400439,2024,332400439,2,98,0,-1,1,5,-1,0,0,0,0,0,1,1,-1,3,-1,-1,-1,-1,-1,-1,-1,-1,-1,0
Unvalidated,2024332400440,2024,332400440,1,9,0,-1,8,3,-1,0,1,0,0,0,1,1,-1,2,25,5,-1,-1,-1,-1,5,1,E01025897,0
Unvalidated,2024332400440,2024,332400440,2,19,0,-1,3,8,-1,0,0,0,1,7,1,1,-1,1,30,6,-1,-1,-1,-1,4,1,E01019844,0
Unvalidated,2024332400441,2024,332400441,1,9,0,-1,5,1,-1,0,1,0,1,10,2,1,-1,1,45,7,-1,-1,-1,-1,4,1,E01013458,0
Unvalidated,2024332400441,2024,332400441,2,9,0,-1,5,1,-1,0,1,0,5,6,1,1,-1,1,24,5,-1,-1,-1,-1,7,1,E01013669,0
Unvalidated,2024332400442,2024,332400442,1,9,0,-1,1,5,-1,1,0,0,0,0,4,1,-1,2,55,8,-1,-1,-1,-1,3,1,E01013773,0
Unvalidated,2024332400442,2024,332400442,2,9,0,-1,1,5,-1,1,0,0,0,0,1,1,-1,3,-1,-1,-1,-1,-1,-1,-1,-1,-1,0
Unvalidated,2024332400443,2024,332400443,1,9,0,-1,5,3,-1,1,0,0,0,0,1,1,-1,2,28,6,-1,-1,-1,-1,7,1,E01013686,0
Unvalidated,2024332400443,2024,332400443,2,9,0,-1,9,9,-1,8,0,0,0,0,1,1,-1,2,-1,-1,-1,-1,-1,-1,-1,-1,-1,0
Unvalidated,2024332400444,2024,332400444,1,9,0,-1,8,4,-1,1,0,0,0,0,2,1,-1,2,38,7,-1,-1,-1,-1,8,1,E01013712,0
Unvalidated,2024332400444,2024,332400444,2,9,0,-1,8,4,-1,1,0,0,0,0,1,1,-1,3,-1,-1,-1,-1,-1,-1,-1,-1,-1,0
Unvalidated,2024332400445,2024,332400445,1,9,0,-1,8,4,-1,8,0,0,0,0,3,1,-1,1,29,6,-1,-1,-1,-1,4,1,E01013758,0
Unvalidated,2024332400445,2024,332400445,2,9,0,-1,6,4,-1,6,0,0,0,0,4,1,-1,1,68,10,-1,-1,-1,-1,3,1,E01013752,0
Unvalidated,2024332400446,2024,332400446,1,9,0,-1,1,7,-1,6,0,0,0,0,1,1,-1,1,67,10,-1,-1,-1,-1,6,1,E01013785,0
Unvalidated,2024332400446,2024,332400446,2,4,0,-1,7,3,-1,8,0,0,0,0,1,1,-1,1,31,6,-1,-1,-1,-1,1,1,E01013684,0
Unvalidated,2024332400447,2024,332400447,1,9,0,-1,8,4,-1,0,0,0,0,0,4,1,-1,3,-1,-1,-1,-1,-1,-1,-1,-1,-1,0
Unvalidated,2024332400447,2024,332400447,2,1,0,-1,8,4,-1,0,0,0,0,0,3,1,-1,1,41,7,-1,-1,-1,-1,2,1,E01013654,0
Unvalidated,2024332400448,2024,332400448,1,9,0,-1,3,7,-1,2,0,0,0,0,1,1,-1,2,29,6,-1,-1,-1,-1,6,1,E01025863,0
Unvalidated,2024332400448,2024,332400448,2,1,0,-1,5,1,-1,2,0,0,0,0,1,1,-1,1,63,9,-1,-1,-1,-1,3,1,E01031074,0
Unvalidated,2024332400449,2024,332400449,1,9,0,-1,7,3,-1,8,0,0,0,0,1,1,-1,1,37,7,-1,-1,-1,-1,3,1,E01013697,0
Unvalidated,2024332400449,2024,332400449,2,9,0,-1,3,1,-1,6,0,0,0,0,1,1,-1,2,20,4,-1,-1,-1,-1,1,1,E01013664,0
Unvalidated,2024332400450,2024,332400450,1,5,0,-1,7,4,-1,0,1,0,1,10,1,1,-1,1,44,7,-1,-1,-1,-1,7,1,E01025967,0
Unvalidated,2024332400451,2024,332400451,1,9,0,-1,6,2,-1,0,0,0,5,6,3,1,-1,1,-1,-1,-1,-1,-1,-1,-1,-1,-1,0
Unvalidated,2024332400451,2024,332400451,2,9,0,-1,6,2,-1,0,0,0,0,0,2,1,-1,1,30,6,-1,-1,-1,-1,-1,-1,-1,0
Unvalidated,2024332400451,2024,332400451,3,9,0,-1,6,2,-1,0,0,0,0,0,2,1,-1,1,23,5,-1,-1,-1,-1,8,1,E01012360,0
Unvalidated,2024332400452,2024,332400452,1,19,0,-1,8,4,-1,8,0,0,0,0,1,1,-1,3,-1,-1,-1,-1,-1,-1,-1,-1,-1,0
Unvalidated,2024332400452,2024,332400452,2,19,0,-1,8,2,-1,5,5,0,0,2,2,1,-1,1,44,7,-1,-1,-1,-1,4,1,E01025766,0
Unvalidated,2024332400453,2024,332400453,1,8,0,-1,3,7,-1,1,0,0,0,0,1,1,-1,1,58,9,-1,-1,-1,-1,-1,-1,-1,0
Unvalidated,2024332400454,2024,332400454,1,23,0,-1,3,7,-1,0,0,0,0,0,1,1,-1,1,16,4,-1,-1,-1,-1,7,1,E01025855,0
Unvalidated,2024332400455,2024,332400455,1,9,0,-1,2,6,-1,0,0,0,0,0,4,1,-1,1,36,7,-1,-1,-1,-1,7,1,E01025702,0
Unvalidated,2024332400456,2024,332400456,1,9,0,-1,2,6,-1,0,0,0,0,0,2,1,-1,1,32,6,-1,-1,-1,-1,1,3,E01031015,0
Unvalidated,2024332400456,2024,332400456,2,9,0,-1,2,6,-1,0,0,0,0,0,1,1,-1,2,34,6,-1,-1,-1,-1,6,2,E01025677,0
Unvalidated,2024332400457,2024,332400457,1,9,0,-1,0,0,-1,0,0,0,0,0,4,1,-1,1,55,8,-1,-1,-1,-1,10,1,E01025615,0
Unvalidated,2024332400457,2024,332400457,2,-1,0,-1,1,1,-1,0,0,0,0,0,1,1,-1,1,24,5,-1,-1,-1,-1,1,1,E01013692,1
Unvalidated,2024332400458,2024,332400458,1,9,0,-1,6,2,-1,1,0,0,0,0,2,1,-1,1,49,8,-1,-1,-1,-1,10,2,E01025774,0
Unvalidated,2024332400458,2024,332400458,2,9,0,-1,6,2,-1,1,0,0,0,0,1,1,-1,1,20,4,-1,-1,-1,-1,8,1,E01025643,0
Unvalidated,2024332400459,2024,332400459,1,19,0,-1,3,7,-1,1,0,0,0,0,3,1,-1,1,59,9,-1,-1,-1,-1,7,1,E01026005,0
Unvalidated,2024332400460,2024,332400460,1,9,0,-1,6,2,-1,8,0,0,0,0,1,1,-1,1,-1,-1,-1,-1,-1,-1,5,1,E01025858,0
Unvalidated,2024332400460,2024,332400460,2,9,0,-1,4,8,-1,8,0,0,0,0,1,1,-1,1,18,4,-1,-1,-1,-1,8,1,E01025640,0
Unvalidated,2024332400461,2024,332400461,1,9,0,-1,7,3,-1,2,0,0,0,0,1,1,-1,1,31,6,-1,-1,-1,-1,8,1,E01025631,0
Unvalidated,2024332400461,2024,332400461,2,1,0,-1,1,5,-1,6,0,0,0,0,1,1,-1,1,21,5,-1,-1,-1,-1,5,1,E01013729,0
Unvalidated,2024332400462,2024,332400462,1,1,0,-1,1,5,-1,8,0,0,0,0,1,1,-1,1,15,3,-1,-1,-1,-1,4,2,E01025749,0
Unvalidated,2024332400462,2024,332400462,2,9,0,-1,5,7,-1,5,0,0,0,0,3,1,-1,2,-1,-1,-1,-1,-1,-1,-1,-1,-1,0
Unvalidated,2024332400463,2024,332400463,1,9,0,-1,9,9,-1,2,0,0,0,0,1,1,-1,3,-1,-1,-1,-1,-1,-1,-1,-1,-1,0
Unvalidated,2024332400464,2024,332400464,1,9,0,-1,5,1,-1,8,0,0,0,0,1,1,-1,1,31,6,-1,-1,-1,-1,6,1,E01013672,0
Unvalidated,2024332400464,2024,332400464,2,9,0,-1,8,5,-1,6,0,0,0,0,1,1,-1,2,45,7,-1,-1,-1,-1,9,3,E01025876,0
Unvalidated,2024332400465,2024,332400465,1,1,0,-1,2,6,-1,8,0,0,0,0,1,1,-1,1,56,9,-1,-1,-1,-1,3,1,E01013613,0
Unvalidated,2024332400465,2024,332400465,2,9,0,-1,9,9,-1,8,0,0,0,0,9,1,-1,3,-1,-1,-1,-1,-1,-1,-1,-1,-1,0
Unvalidated,2024332400466,2024,332400466,1,3,0,-1,6,2,-1,8,1,0,0,0,4,1,-1,1,27,6,-1,-1,-1,-1,6,1,E01025690,0
Unvalidated,2024332400466,2024,332400466,2,9,0,-1,8,2,-1,6,0,0,0,0,1,1,-1,1,-1,-1,-1,-1,-1,-1,-1,-1,-1,0
Unvalidated,2024332400467,2024,332400467,1,11,0,-1,1,5,-1,0,0,0,0,0,1,1,-1,1,59,9,-1,-1,-1,-1,7,1,E01025757,0