status,collision_index,collision_year,collision_reference,vehicle_reference,vehicle_type,towing_and_articulation,vehicle_manoeuvre,vehicle_direction_from,vehicle_direction_to,vehicle_location_restricted_lane,junction_location,skidding_and_overturning,hit_object_in_carriageway,vehicle_leaving_carriageway,hit_object_off_carriageway,first_point_of_impact,vehicle_left_hand_drive,journey_purpose_of_driver,sex_of_driver,age_of_driver,age_band_of_driver,engine_capacity_cc,propulsion_code,age_of_vehicle,generic_make_model,driver_imd_decile,driver_home_area_type,lsoa_of_driver,escooter_flag
Unvalidated,2024332400468,2024,332400468,1,9,0,-1,7,3,-1,0,0,0,0,0,4,1,-1,1,38,7,-1,-1,-1,-1,10,2,E01025814,0
Unvalidated,2024332400469,2024,332400469,1,9,0,-1,7,3,-1,0,0,0,0,0,1,1,-1,1,30,6,-1,-1,-1,-1,3,1,E01025844,0
Unvalidated,2024332400470,2024,332400470,1,9,0,-1,7,3,-1,8,0,0,0,0,3,1,-1,1,23,5,-1,-1,-1,-1,2,1,E01013658,0
Unvalidated,2024332400470,2024,332400470,2,9,0,-1,3,1,-1,5,0,0,0,0,3,1,-1,3,-1,-1,-1,-1,-1,-1,-1,-1,-1,0
Unvalidated,2024332400471,2024,332400471,1,9,0,-1,5,7,-1,5,0,0,1,11,1,1,-1,2,84,11,-1,-1,-1,-1,3,1,E01013665,0
Unvalidated,2024332400472,2024,332400472,1,9,0,-1,2,4,-1,1,0,0,0,0,1,1,-1,2,64,9,-1,-1,-1,-1,5,2,E01025662,0
Unvalidated,2024332400473,2024,332400473,1,21,0,-1,6,4,-1,6,0,0,7,0,3,2,-1,1,46,8,-1,-1,-1,-1,-1,-1,-1,0
Unvalidated,2024332400473,2024,332400473,2,9,0,-1,4,1,-1,8,0,0,0,0,1,1,-1,2,79,11,-1,-1,-1,-1,7,2,E01025874,0
Unvalidated,2024332400474,2024,332400474,1,11,0,-1,6,2,-1,0,0,0,0,0,0,1,-1,1,49,8,-1,-1,-1,-1,5,1,E01028132,0
Unvalidated,2024332400475,2024,332400475,1,9,0,-1,2,6,-1,1,0,0,0,0,1,1,-1,2,37,7,-1,-1,-1,-1,10,1,E01025713,0
Unvalidated,2024332400475,2024,332400475,2,9,0,-1,2,6,-1,1,0,0,0,0,2,1,-1,1,-1,-1,-1,-1,-1,-1,-1,-1,-1,0
Unvalidated,2024332400476,2024,332400476,1,9,0,-1,9,9,-1,0,0,0,0,0,0,1,-1,2,32,6,-1,-1,-1,-1,8,1,E01025626,0
Unvalidated,2024332400476,2024,332400476,2,9,0,-1,9,9,-1,0,0,0,0,0,1,1,-1,1,-1,-1,-1,-1,-1,-1,-1,-1,-1,0
Unvalidated,2024332400477,2024,332400477,1,9,0,-1,2,6,-1,1,5,0,0,0,1,1,-1,1,25,5,-1,-1,-1,-1,5,1,E01025823,0
Unvalidated,2024332400477,2024,332400477,2,9,0,-1,0,0,-1,2,1,0,7,11,1,1,-1,3,-1,-1,-1,-1,-1,-1,-1,-1,-1,0
Unvalidated,2024332400477,2024,332400477,3,9,0,-1,0,0,-1,2,0,0,0,0,4,1,-1,3,-1,-1,-1,-1,-1,-1,-1,-1,-1,0
Unvalidated,2024332400478,2024,332400478,1,5,0,-1,2,7,-1,0,1,0,0,0,2,1,-1,1,30,6,-1,-1,-1,-1,6,1,E01025646,0
Unvalidated,2024332400478,2024,332400478,2,5,0,-1,2,7,-1,0,1,0,0,0,1,1,-1,1,29,6,-1,-1,-1,-1,7,1,E01025825,0
Unvalidated,2024332400479,2024,332400479,1,9,0,-1,8,5,-1,0,0,0,1,1,1,1,-1,1,25,5,-1,-1,-1,-1,5,2,E01018214,0
Unvalidated,2024332400480,2024,332400480,1,9,0,-1,3,5,-1,0,0,0,7,1,1,1,-1,2,20,4,-1,-1,-1,-1,10,1,E01025651,0
Unvalidated,2024332400482,2024,332400482,1,8,0,-1,8,4,-1,2,0,0,0,0,1,1,-1,1,-1,-1,-1,-1,-1,-1,-1,-1,-1,0
Unvalidated,2024332400482,2024,332400482,2,1,0,-1,8,4,-1,2,0,0,0,0,2,1,-1,1,58,9,-1,-1,-1,-1,1,1,E01032602,0
Unvalidated,2024332400483,2024,332400483,1,9,0,-1,4,8,-1,0,0,0,0,0,4,1,-1,2,81,11,-1,-1,-1,-1,9,1,E01025998,0
Unvalidated,2024332400484,2024,332400484,1,20,0,-1,7,1,-1,6,0,0,0,0,4,1,-1,1,43,7,-1,-1,-1,-1,7,3,E01025888,0
Unvalidated,2024332400484,2024,332400484,2,1,0,-1,1,5,-1,8,0,0,0,0,1,1,-1,1,55,8,-1,-1,-1,-1,10,1,E01025678,0
Unvalidated,2024332400485,2024,332400485,1,9,0,-1,6,2,-1,8,0,0,0,0,2,1,-1,1,24,5,-1,-1,-1,-1,6,1,E01013709,0
Unvalidated,2024332400485,2024,332400485,2,9,0,-1,4,2,-1,6,0,0,0,0,3,1,-1,3,-1,-1,-1,-1,-1,-1,-1,-1,-1,0
Unvalidated,2024332400486,2024,332400486,1,1,0,-1,5,1,-1,0,0,0,0,0,1,1,-1,2,29,6,-1,-1,-1,-1,2,1,E01013739,0
Unvalidated,2024332400486,2024,332400486,2,9,0,-1,5,1,-1,0,0,0,0,0,4,1,-1,2,-1,-1,-1,-1,-1,-1,-1,-1,-1,0
Unvalidated,2024332400487,2024,332400487,1,19,0,-1,3,5,-1,5,0,0,0,0,0,1,-1,1,-1,-1,-1,-1,-1,-1,-1,-1,-1,0
Unvalidated,2024332400488,2024,332400488,1,9,0,-1,7,5,-1,6,0,0,0,0,3,1,-1,1,44,7,-1,-1,-1,-1,3,1,E01013532,0
Unvalidated,2024332400488,2024,332400488,2,3,0,-1,5,1,-1,8,0,0,0,0,1,1,-1,1,-1,-1,-1,-1,-1,-1,1,1,E01025699,0
Unvalidated,2024332400489,2024,332400489,1,3,0,-1,7,5,-1,5,0,0,0,0,1,1,-1,1,20,4,-1,-1,-1,-1,7,1,E01025954,0
Unvalidated,2024332400490,2024,332400490,1,9,0,-1,2,6,-1,2,5,0,6,11,1,1,-1,1,-1,-1,-1,-1,-1,-1,7,1,E01025627,0
Unvalidated,2024332400490,2024,332400490,2,9,0,-1,2,6,-1,6,0,0,4,2,3,1,-1,2,39,7,-1,-1,-1,-1,4,1,E01013635,0
Unvalidated,2024332400491,2024,332400491,1,1,0,-1,8,4,-1,0,0,0,0,0,4,1,-1,1,50,8,-1,-1,-1,-1,3,1,E01025987,0
Unvalidated,2024332400491,2024,332400491,2,9,0,-1,0,0,-1,0,0,0,0,0,3,1,-1,3,-1,-1,-1,-1,-1,-1,-1,-1,-1,0
Unvalidated,2024332400491,2024,332400491,3,9,0,-1,8,4,-1,0,0,0,0,0,4,1,-1,3,-1,-1,-1,-1,-1,-1,-1,-1,-1,0
Unvalidated,2024332400492,2024,332400492,1,5,0,-1,4,8,-1,1,0,0,0,0,4,1,-1,1,37,7,-1,-1,-1,-1,3,1,E01025997,0
Unvalidated,2024332400492,2024,332400492,2,9,0,-1,8,8,-1,1,0,0,0,0,0,1,-1,3,-1,-1,-1,-1,-1,-1,-1,-1,-1,0
Unvalidated,2024332400493,2024,332400493,1,9,0,-1,6,2,-1,0,0,0,0,0,2,1,-1,2,26,6,-1,-1,-1,-1,2,1,E01026154,0
Unvalidated,2024332400493,2024,332400493,2,9,0,-1,6,2,-1,0,0,0,0,0,1,1,-1,1,-1,-1,-1,-1,-1,-1,-1,-1,-1,0
Unvalidated,2024332400494,2024,332400494,1,9,0,-1,3,7,-1,8,0,0,0,0,4,1,-1,1,39,7,-1,-1,-1,-1,8,1,E01026289,0
Unvalidated,2024332400494,2024,332400494,2,1,0,-1,5,7,-1,6,0,0,0,0,1,1,-1,1,18,4,-1,-1,-1,-1,1,1,E01013640,0
Unvalidated,2024332400495,2024,332400495,1,9,0,-1,6,3,-1,0,0,0,1,4,1,1,-1,1,19,4,-1,-1,-1,-1,8,1,E01024946,0
Unvalidated,2024332400496,2024,332400496,1,19,0,-1,5,1,-1,0,0,0,0,0,0,1,-1,1,58,9,-1,-1,-1,-1,-1,-1,-1,0
Unvalidated,2024332400497,2024,332400497,1,9,0,-1,1,4,-1,1,0,0,0,0,1,1,-1,1,24,5,-1,-1,-1,-1,2,1,E01013657,0
Unvalidated,2024332400498,2024,332400498,1,9,0,-1,1,5,-1,1,0,0,0,0,2,1,-1,2,59,9,-1,-1,-1,-1,1,1,E01013725,0
Unvalidated,2024332400498,2024,332400498,2,19,0,-1,1,5,-1,1,0,0,0,0,1,1,-1,1,38,7,-1,-1,-1,-1,1,1,E01013722,0
Unvalidated,2024332400499,2024,332400499,1,1,0,-1,1,3,-1,0,0,0,0,0,1,1,-1,1,29,6,-1,-1,-1,-1,4,1,E01013756,0
Unvalidated,2024332400500,2024,332400500,1,9,0,-1,8,4,-1,0,2,0,8,9,1,1,-1,1,-1,-1,-1,-1,-1,-1,-1,-1,-1,0
Unvalidated,2024332400501,2024,332400501,1,9,0,-1,5,1,-1,0,0,0,0,0,1,1,-1,1,34,6,-1,-1,-1,-1,3,1,E01013656,0
Unvalidated,2024332400502,2024,332400502,1,9,0,-1,1,5,-1,1,0,0,0,0,1,1,-1,1,49,8,-1,-1,-1,-1,2,1,E01013610,0
Unvalidated,2024332400502,2024,332400502,2,19,0,-1,0,0,-1,1,0,0,0,0,2,1,-1,3,-1,-1,-1,-1,-1,-1,-1,-1,-1,0
Unvalidated,2024332400503,2024,332400503,1,8,0,-1,1,5,-1,0,0,0,0,0,2,1,-1,1,54,8,-1,-1,-1,-1,2,1,E01013690,0
Unvalidated,2024332400503,2024,332400503,2,9,0,-1,1,5,-1,0,0,0,0,0,1,1,-1,3,-1,-1,-1,-1,-1,-1,-1,-1,-1,0
Unvalidated,2024332400504,2024,332400504,1,9,0,-1,7,1,-1,3,0,0,0,0,4,1,-1,2,45,7,-1,-1,-1,-1,1,1,E01013640,0
Unvalidated,2024332400504,2024,332400504,2,9,0,-1,1,3,-1,3,0,0,0,0,3,1,-1,1,-1,-1,-1,-1,-1,-1,-1,-1,-1,0
Unvalidated,2024332400505,2024,332400505,1,19,0,-1,8,4,-1,0,1,0,7,0,4,1,-1,1,34,6,-1,-1,-1,-1,2,1,E01032867,0
Unvalidated,2024332400505,2024,332400505,2,9,0,-1,4,8,-1,0,0,0,0,0,1,1,-1,1,50,8,-1,-1,-1,-1,8,2,E01019868,0
Unvalidated,2024332400507,2024,332400507,1,1,0,-1,1,7,-1,8,0,0,0,0,4,1,-1,1,65,9,-1,-1,-1,-1,10,1,E01025714,0
Unvalidated,2024332400507,2024,332400507,2,9,0,-1,3,7,-1,4,0,0,0,0,3,1,-1,1,-1,-1,-1,-1,-1,-1,-1,-1,-1,0
Unvalidated,2024332400509,2024,332400509,1,8,0,-1,8,4,-1,0,0,0,0,0,1,1,-1,1,47,8,-1,-1,-1,-1,3,1,E01025715,0
Unvalidated,2024332400509,2024,332400509,2,90,0,-1,4,8,-1,0,0,0,0,0,1,1,-1,1,38,7,-1,-1,-1,-1,8,3,E01025679,0
Unvalidated,2024332400510,2024,332400510,1,9,0,-1,3,7,-1,8,0,0,0,0,1,1,-1,2,64,9,-1,-1,-1,-1,7,1,E01013669,0
Unvalidated,2024332400510,2024,332400510,2,9,0,-1,5,1,-1,8,0,0,0,0,1,1,-1,2,43,7,-1,-1,-1,-1,4,1,E01013747,0
Unvalidated,2024332400511,2024,332400511,1,9,0,-1,2,6,-1,0,0,0,0,0,2,1,-1,2,59,9,-1,-1,-1,-1,-1,-1,-1,0
Unvalidated,2024332400511,2024,332400511,2,9,0,-1,2,6,-1,0,0,0,0,0,1,1,-1,1,19,4,-1,-1,-1,-1,2,1,E01013667,0
Unvalidated,2024332400512,2024,332400512,1,9,0,-1,7,5,-1,6,0,0,0,0,1,1,-1,1,29,6,-1,-1,-1,-1,1,1,E01005065,0
Unvalidated,2024332400512,2024,332400512,2,1,0,-1,5,1,-1,8,0,0,0,0,1,1,-1,1,19,4,-1,-1,-1,-1,3,1,E01013778,0
Unvalidated,2024332400513,2024,332400513,1,8,0,-1,5,1,-1,6,0,0,7,4,1,1,-1,1,35,6,-1,-1,-1,-1,7,1,E01025658,0
Unvalidated,2024332400513,2024,332400513,2,9,0,-1,3,7,-1,8,0,0,7,9,3,1,-1,2,51,8,-1,-1,-1,-1,3,1,E01013718,0
Unvalidated,2024332400514,2024,332400514,1,9,0,-1,5,1,-1,0,0,0,0,0,1,1,-1,2,-1,-1,-1,-1,-1,-1,-1,-1,-1,0
Unvalidated,2024332400515,2024,332400515,1,9,0,-1,5,1,-1,4,0,0,2,2,1,1,-1,1,81,11,-1,-1,-1,-1,5,3,E01019428,0
Unvalidated,2024332400515,2024,332400515,2,9,0,-1,1,7,-1,3,0,0,0,0,2,1,-1,1,39,7,-1,-1,-1,-1,8,3,E01025924,0
Unvalidated,2024332400515,2024,332400515,3,98,0,-1,5,1,-1,3,0,0,3,0,2,1,-1,1,35,6,-1,-1,-1,-1,4,1,E01019844,0
Unvalidated,2024332400516,2024,332400516,1,9,0,-1,4,8,-1,0,0,0,0,0,1,1,-1,1,32,6,-1,-1,-1,-1,3,1,E01025717,0
Unvalidated,2024332400517,2024,332400517,1,9,0,-1,2,6,-1,0,0,0,0,0,1,1,-1,2,42,7,-1,-1,-1,-1,7,3,E01027033,0
Unvalidated,2024332400517,2024,332400517,2,9,0,-1,5,2,-1,0,0,0,0,0,1,1,-1,1,75,10,-1,-1,-1,-1,5,3,E01026249,0
Unvalidated,2024332400518,2024,332400518,1,9,0,-1,1,1,-1,8,0,0,0,0,1,1,-1,3,-1,-1,-1,-1,-1,-1,-1,-1,-1,0
Unvalidated,2024332400518,2024,332400518,2,1,0,-1,5,1,-1,8,0,0,0,0,2,1,-1,1,18,4,-1,-1,-1,-1,1,1,E01013601,0
Unvalidated,2024332400519,2024,332400519,1,9,0,-1,3,8,-1,0,5,10,7,9,4,1,-1,3,-1,-1,-1,-1,-1,-1,-1,-1,-1,0
Unvalidated,2024332400520,2024,332400520,1,9,0,-1,3,7,-1,0,0,0,0,0,1,1,-1,2,32,6,-1,-1,-1,-1,2,1,E01004251,0
Unvalidated,2024332400520,2024,332400520,2,9,0,-1,3,7,-1,0,0,0,0,0,2,1,-1,2,65,9,-1,-1,-1,-1,10,1,E01025794,0
Unvalidated,2024332400521,2024,332400521,1,9,0,-1,1,7,-1,5,0,0,7,0,3,1,-1,2,67,10,-1,-1,-1,-1,8,1,E01025668,0
Unvalidated,2024332400521,2024,332400521,2,5,0,-1,1,5,-1,8,0,0,0,0,1,1,-1,2,41,7,-1,-1,-1,-1,2,1,E01013774,0
Unvalidated,2024332400523,2024,332400523,1,5,0,-1,4,8,-1,0,1,0,0,0,3,1,-1,1,43,7,-1,-1,-1,-1,5,2,E01025662,0
Unvalidated,2024332400523,2024,332400523,2,9,0,-1,8,4,-1,0,0,0,0,0,3,1,-1,1,32,6,-1,-1,-1,-1,5,2,E01017486,0
Unvalidated,2024332400524,2024,332400524,1,9,0,-1,3,7,-1,0,0,0,0,0,1,1,-1,1,52,8,-1,-1,-1,-1,6,1,E01013642,0
Unvalidated,2024332400525,2024,332400525,1,9,0,-1,4,3,-1,5,0,0,0,0,1,1,-1,2,32,6,-1,-1,-1,-1,4,1,E01013662,0
Unvalidated,2024332400526,2024,332400526,1,9,0,-1,4,3,-1,6,0,0,0,0,3,1,-1,1,17,4,-1,-1,-1,-1,8,1,E01025958,0
Unvalidated,2024332400526,2024,332400526,2,9,0,-1,3,7,-1,8,0,0,0,0,1,1,-1,2,49,8,-1,-1,-1,-1,3,2,E01025943,0
Unvalidated,2024332400527,2024,332400527,1,9,0,-1,7,3,-1,0,0,0,0,0,1,1,-1,1,70,10,-1,-1,-1,-1,5,1,E01013606,0
Unvalidated,2024332400528,2024,332400528,1,9,0,-1,6,4,-1,5,0,0,0,0,1,1,-1,2,51,8,-1,-1,-1,-1,3,1,E01025703,0
Unvalidated,2024332400528,2024,332400528,2,4,0,-1,6,2,-1,8,0,0,7,0,4,1,-1,1,20,4,-1,-1,-1,-1,4,2,E01025749,0
Unvalidated,2024332400529,2024,332400529,1,9,0,-1,3,5,-1,1,0,0,0,0,2,1,-1,2,42,7,-1,-1,-1,-1,10,1,E01025614,0
Unvalidated,2024332400529,2024,332400529,2,9,0,-1,3,7,-1,1,0,0,0,0,1,1,-1,1,-1,-1,-1,-1,-1,-1,-1,-1,-1,0
Unvalidated,2024332400530,2024,332400530,1,5,0,-1,6,1,-1,0,1,0,1,0,3,1,-1,1,60,9,-1,-1,-1,-1,7,1,E01025895,0
Unvalidated,2024332400531,2024,332400531,1,9,0,-1,4,6,-1,6,5,0,1,1,1,1,-1,1,28,6,-1,-1,-1,-1,9,3,E01025913,0
Unvalidated,2024332400532,2024,332400532,1,9,0,-1,7,3,-1,1,0,0,7,11,1,1,-1,1,34,6,-1,-1,-1,-1,8,1,E01025853,0
Unvalidated,2024332400533,2024,332400533,1,1,0,-1,8,4,-1,8,1,0,0,0,1,1,-1,1,24,5,-1,-1,-1,-1,1,1,E01013748,0
Unvalidated,2024332400533,2024,332400533,2,9,0,-1,4,2,-1,5,0,0,0,0,1,1,-1,1,-1,-1,-1,-1,-1,-1,-1,-1,-1,0
Unvalidated,2024332400534,2024,332400534,1,9,0,-1,5,1,-1,8,0,0,0,0,2,1,-1,2,59,9,-1,-1,-1,-1,8,3,E01025664,0
Unvalidated,2024332400534,2024,332400534,2,9,0,-1,5,1,-1,8,0,0,0,0,1,1,-1,1,33,6,-1,-1,-1,-1,2,1,E01029426,0
Unvalidated,2024332400534,2024,332400534,3,9,0,-1,3,7,-1,8,0,0,0,0,0,1,-1,1,39,7,-1,-1,-1,-1,-1,-1,-1,0
Unvalidated,2024332400535,2024,332400535,1,1,0,-1,5,1,-1,8,0,0,0,0,1,1,-1,1,50,8,-1,-1,-1,-1,3,1,E01013613,0
Unvalidated,2024332400535,2024,332400535,2,9,0,-1,9,9,-1,6,0,0,0,0,1,1,-1,3,-1,-1,-1,-1,-1,-1,-1,-1,-1,0
Unvalidated,2024332400536,2024,332400536,1,9,0,-1,6,2,-1,6,0,0,0,0,1,1,-1,2,54,8,-1,-1,-1,-1,1,1,E01013634,0
Unvalidated,2024332400536,2024,332400536,2,3,0,-1,4,8,-1,8,0,0,0,0,1,1,-1,1,18,4,-1,-1,-1,-1,1,1,E01013640,0
Unvalidated,2024332400537,2024,332400537,1,9,0,-1,4,8,-1,0,0,0,0,0,1,1,-1,1,36,7,-1,-1,-1,-1,8,1,E01032598,0
Unvalidated,2024332400537,2024,332400537,2,-1,0,-1,4,8,-1,0,0,0,0,0,1,1,-1,2,26,6,-1,-1,-1,-1,2,1,E01013625,1
Unvalidated,2024332400538,2024,332400538,1,9,0,-1,5,1,-1,8,0,0,0,0,3,1,-1,2,33,6,-1,-1,-1,-1,2,1,E01013690,0
Unvalidated,2024332400538,2024,332400538,2,2,0,-1,5,7,-1,5,0,0,1,0,1,1,-1,1,16,4,-1,-1,-1,-1,5,1,E01025625,0
Unvalidated,2024332400539,2024,332400539,1,9,0,-1,6,2,-1,8,0,0,0,0,3,1,-1,2,42,7,-1,-1,-1,-1,8,2,E01025775,0
Unvalidated,2024332400539,2024,332400539,2,9,0,-1,6,8,-1,5,0,0,0,0,4,1,-1,1,-1,-1,-1,-1,-1,-1,-1,-1,-1,0
Unvalidated,2024332400540,2024,332400540,1,9,0,-1,7,3,-1,0,0,0,8,11,3,1,-1,1,37,7,-1,-1,-1,-1,4,1,E01025957,0
Unvalidated,2024332400541,2024,332400541,1,9,0,-1,7,3,-1,8,0,0,0,0,4,1,-1,2,46,8,-1,-1,-1,-1,10,1,E01025648,0
Unvalidated,2024332400541,2024,332400541,2,9,0,-1,1,5,-1,4,0,0,0,0,1,1,-1,1,61,9,-1,-1,-1,-1,2,1,E01013631,0
Unvalidated,2024332400542,2024,332400542,1,9,0,-1,3,8,-1,5,0,0,0,0,1,1,-1,2,63,9,-1,-1,-1,-1,9,2,E01025675,0
Unvalidated,2024332400542,2024,332400542,2,9,0,-1,8,4,-1,6,0,0,0,0,4,1,-1,1,25,5,-1,-1,-1,-1,7,2,E01028387,0
Unvalidated,2024332400543,2024,332400543,1,9,0,-1,1,5,-1,0,0,0,7,0,1,1,-1,3,-1,-1,-1,-1,-1,-1,-1,-1,-1,0
Unvalidated,2024332400544,2024,332400544,1,9,0,-1,1,3,-1,0,1,0,1,4,2,1,-1,2,57,9,-1,-1,-1,-1,9,2,E01025675,0
Unvalidated,2024332400545,2024,332400545,1,9,0,-1,1,5,-1,1,0,0,0,0,0,1,-1,1,39,7,-1,-1,-1,-1,3,1,E01013763,0
Unvalidated,2024332400546,2024,332400546,1,9,0,-1,6,2,-1,0,0,0,0,0,3,1,-1,1,61,9,-1,-1,-1,-1,2,1,E01013933,0
Unvalidated,2024332400547,2024,332400547,1,19,0,-1,7,3,-1,2,0,0,0,0,1,1,-1,1,35,6,-1,-1,-1,-1,-1,-1,-1,0
Unvalidated,2024332400547,2024,332400547,2,9,0,-1,0,0,-1,2,0,0,0,0,1,1,-1,3,-1,-1,-1,-1,-1,-1,-1,-1,-1,0
Unvalidated,2024332400547,2024,332400547,3,9,0,-1,0,0,-1,2,0,0,1,0,1,1,-1,3,-1,-1,-1,-1,-1,-1,-1,-1,-1,0
Unvalidated,2024332400547,2024,332400547,4,9,0,-1,0,0,-1,2,0,0,0,0,1,1,-1,3,-1,-1,-1,-1,-1,-1,-1,-1,-1,0
Unvalidated,2024332400548,2024,332400548,1,9,0,-1,1,5,-1,8,0,0,0,0,1,1,-1,2,46,8,-1,-1,-1,-1,7,1,E01013780,0
Unvalidated,2024332400548,2024,332400548,2,9,0,-1,7,3,-1,6,0,0,0,0,4,1,-1,2,58,9,-1,-1,-1,-1,4,1,E01025666,0
Unvalidated,2024332400549,2024,332400549,1,9,0,-1,1,6,-1,6,0,0,3,0,1,1,-1,1,17,4,-1,-1,-1,-1,4,2,E01028366,0
Unvalidated,2024332400549,2024,332400549,2,9,0,-1,2,6,-1,8,0,0,8,1,1,1,-1,1,48,8,-1,-1,-1,-1,6,3,E01025912,0
Unvalidated,2024332400550,2024,332400550,1,19,0,-1,4,2,-1,5,0,0,0,0,4,1,-1,1,34,6,-1,-1,-1,-1,4,1,E01025957,0
Unvalidated,2024332400550,2024,332400550,2,2,0,-1,8,4,-1,8,0,0,0,0,1,1,-1,1,16,4,-1,-1,-1,-1,7,3,E01025941,0
Unvalidated,2024332400551,2024,332400551,1,9,0,-1,3,7,-1,8,0,0,0,0,1,1,-1,1,47,8,-1,-1,-1,-1,2,1,E01013768,0
Unvalidated,2024332400551,2024,332400551,2,9,0,-1,1,5,-1,8,0,0,0,0,4,1,-1,1,33,6,-1,-1,-1,-1,2,1,E01013631,0
Unvalidated,2024332400552,2024,332400552,1,9,0,-1,2,6,-1,6,0,0,0,0,1,1,-1,2,42,7,-1,-1,-1,-1,9,3,E01032885,0
Unvalidated,2024332400552,2024,332400552,2,9,0,-1,4,8,-1,8,0,0,1,2,1,1,-1,2,64,9,-1,-1,-1,-1,4,1,E01025742,0
Unvalidated,2024332400553,2024,332400553,1,9,0,-1,2,6,-1,1,0,0,0,0,2,1,-1,2,37,7,-1,-1,-1,-1,10,1,E01026359,0
Unvalidated,2024332400553,2024,332400553,2,9,0,-1,2,6,-1,1,0,0,0,0,1,1,-1,3,-1,-1,-1,-1,-1,-1,-1,-1,-1,0
Unvalidated,2024332400553,2024,332400553,3,9,0,-1,2,6,-1,1,0,0,0,0,2,1,-1,3,-1,-1,-1,-1,-1,-1,-1,-1,-1,0
Unvalidated,2024332400554,2024,332400554,1,9,0,-1,1,5,-1,6,1,0,1,9,3,1,-1,1,85,11,-1,-1,-1,-1,6,1,E01025746,0
Unvalidated,2024332400554,2024,332400554,2,9,0,-1,7,3,-1,8,1,0,0,0,1,1,-1,1,28,6,-1,-1,-1,-1,6,3,E01025963,0
Unvalidated,2024332400555,2024,332400555,1,9,0,-1,1,5,-1,0,1,0,8,0,1,1,-1,2,52,8,-1,-1,-1,-1,5,1,E01025823,0
Unvalidated,2024332400555,2024,332400555,2,9,0,-1,0,0,-1,0,0,0,1,11,1,1,-1,3,-1,-1,-1,-1,-1,-1,-1,-1,-1,0
Unvalidated,2024332400555,2024,332400555,3,9,0,-1,0,0,-1,0,0,0,0,0,2,1,-1,3,-1,-1,-1,-1,-1,-1,-1,-1,-1,0
Unvalidated,2024332400556,2024,332400556,1,9,0,-1,2,4,-1,6,0,0,0,0,1,1,-1,2,56,9,-1,-1,-1,-1,4,1,E01025988,0
Unvalidated,2024332400557,2024,332400557,1,9,0,-1,4,8,-1,3,0,0,1,0,1,1,-1,1,-1,-1,-1,-1,-1,-1,-1,-1,-1,0
Unvalidated,2024332400558,2024,332400558,1,9,0,-1,3,1,-1,1,0,0,0,0,1,1,-1,1,-1,-1,-1,-1,-1,-1,-1,-1,-1,0
Unvalidated,2024332400560,2024,332400560,1,9,0,-1,7,3,-1,0,0,0,0,0,2,1,-1,1,-1,-1,-1,-1,-1,-1,-1,-1,-1,0
Unvalidated,2024332400561,2024,332400561,1,9,0,-1,6,2,-1,0,0,0,1,0,1,1,-1,2,41,7,-1,-1,-1,-1,4,1,E01025907,0
Unvalidated,2024332400561,2024,332400561,2,21,0,-1,2,6,-1,0,0,0,0,0,1,2,-1,1,61,9,-1,-1,-1,-1,3,1,E01025718,0
Unvalidated,2024332400562,2024,332400562,1,9,0,-1,6,4,-1,5,0,0,0,0,1,1,-1,3,-1,-1,-1,-1,-1,-1,-1,-1,-1,0
Unvalidated,2024332400562,2024,332400562,2,1,0,-1,2,6,-1,8,0,0,0,0,1,1,-1,1,27,6,-1,-1,-1,-1,2,1,E01013625,0
Unvalidated,2024332400564,2024,332400564,1,21,0,-1,3,7,-1,0,0,0,0,0,3,1,-1,1,55,8,-1,-1,-1,-1,3,1,E01013717,0
Unvalidated,2024332400564,2024,332400564,2,4,0,-1,3,3,-1,0,0,0,0,0,1,1,-1,1,26,6,-1,-1,-1,-1,4,1,E01025931,0
Unvalidated,2024332400565,2024,332400565,1,4,0,-1,5,1,-1,0,0,0,0,0,1,1,-1,1,26,6,-1,-1,-1,-1,10,1,E01025651,0
Unvalidated,2024332400565,2024,332400565,2,19,0,-1,1,1,-1,0,0,0,0,0,1,1,-1,1,-1,-1,-1,-1,-1,-1,-1,-1,-1,0
Unvalidated,2024332400566,2024,332400566,1,1,0,-1,4,8,-1,8,1,0,0,0,1,1,-1,1,29,6,-1,-1,-1,-1,-1,-1,-1,0
Unvalidated,2024332400566,2024,332400566,2,17,5,-1,4,2,-1,5,0,0,0,0,3,1,-1,1,20,4,-1,-1,-1,-1,8,3,E01025771,0
Unvalidated,2024332400567,2024,332400567,1,9,0,-1,1,5,-1,0,0,0,0,0,1,1,-1,2,36,7,-1,-1,-1,-1,8,1,E01025960,0
Unvalidated,2024332400567,2024,332400567,2,9,0,-1,1,5,-1,0,0,0,0,0,4,1,-1,1,-1,-1,-1,-1,-1,-1,-1,-1,-1,0
Unvalidated,2024332400568,2024,332400568,1,9,0,-1,3,1,-1,5,0,0,0,0,2,1,-1,1,35,6,-1,-1,-1,-1,8,1,E01032598,0
Unvalidated,2024332400568,2024,332400568,2,19,0,-1,9,9,-1,8,0,0,0,0,2,1,-1,1,-1,-1,-1,-1,-1,-1,-1,-1,-1,0
Unvalidated,2024332400569,2024,332400569,1,4,0,-1,2,6,-1,0,0,0,0,0,1,1,-1,1,26,6,-1,-1,-1,-1,10,1,E01025651,0
Unvalidated,2024332400569,2024,332400569,2,99,0,-1,6,6,-1,0,0,0,0,0,4,1,-1,3,-1,-1,-1,-1,-1,-1,-1,-1,-1,0
Unvalidated,2024332400570,2024,332400570,1,8,0,-1,1,5,-1,8,0,0,0,0,1,1,-1,1,42,7,-1,-1,-1,-1,1,1,E01013748,0
Unvalidated,2024332400570,2024,332400570,2,9,0,-1,5,3,-1,5,0,0,0,0,4,1,-1,1,26,6,-1,-1,-1,-1,8,1,E01013702,0
Unvalidated,2024332400571,2024,332400571,1,5,0,-1,1,5,-1,1,0,0,0,0,1,1,-1,1,54,8,-1,-1,-1,-1,-1,-1,-1,0
Unvalidated,2024332400572,2024,332400572,1,9,0,-1,7,3,-1,6,0,0,7,11,1,1,-1,1,55,8,-1,-1,-1,-1,5,1,E01002119,0