status,collision_index,collision_year,collision_reference,vehicle_reference,vehicle_type,towing_and_articulation,vehicle_manoeuvre,vehicle_direction_from,vehicle_direction_to,vehicle_location_restricted_lane,junction_location,skidding_and_overturning,hit_object_in_carriageway,vehicle_leaving_carriageway,hit_object_off_carriageway,first_point_of_impact,vehicle_left_hand_drive,journey_purpose_of_driver,sex_of_driver,age_of_driver,age_band_of_driver,engine_capacity_cc,propulsion_code,age_of_vehicle,generic_make_model,driver_imd_decile,driver_home_area_type,lsoa_of_driver,escooter_flag
Unvalidated,2024332400573,2024,332400573,1,9,0,-1,1,5,-1,4,5,0,1,4,1,1,-1,1,42,7,-1,-1,-1,-1,7,1,E01025652,0
Unvalidated,2024332400574,2024,332400574,1,3,0,-1,4,8,-1,0,1,0,0,0,1,1,-1,1,27,6,-1,-1,-1,-1,3,1,E01019877,0
Unvalidated,2024332400574,2024,332400574,2,19,0,-1,0,0,-1,0,0,0,0,0,4,1,-1,1,23,5,-1,-1,-1,-1,3,3,E01025950,0
Unvalidated,2024332400575,2024,332400575,1,9,0,-1,4,8,-1,0,0,0,0,0,1,1,-1,2,45,7,-1,-1,-1,-1,7,1,E01033386,0
Unvalidated,2024332400575,2024,332400575,2,9,0,-1,4,8,-1,0,0,0,1,0,2,1,-1,2,34,6,-1,-1,-1,-1,9,1,E01025719,0
Unvalidated,2024332400576,2024,332400576,1,9,0,-1,0,0,-1,6,5,0,1,0,1,1,-1,1,27,6,-1,-1,-1,-1,2,1,E01013961,0
Unvalidated,2024332400576,2024,332400576,2,9,0,-1,3,7,-1,8,0,0,1,0,3,1,-1,2,53,8,-1,-1,-1,-1,8,1,E01025993,0
Unvalidated,2024332400578,2024,332400578,1,9,0,-1,3,7,-1,0,0,0,0,0,3,1,-1,1,62,9,-1,-1,-1,-1,4,3,E01025789,0
Unvalidated,2024332400578,2024,332400578,2,9,0,-1,7,3,-1,0,0,0,0,0,3,1,-1,1,-1,-1,-1,-1,-1,-1,-1,-1,-1,0
Unvalidated,2024332400579,2024,332400579,1,11,0,-1,2,6,-1,8,0,0,0,0,1,1,-1,1,25,5,-1,-1,-1,-1,6,1,E01025655,0
Unvalidated,2024332400579,2024,332400579,2,9,0,-1,2,6,-1,6,0,0,0,0,3,1,-1,2,46,8,-1,-1,-1,-1,7,1,E01025752,0
Unvalidated,2024332400580,2024,332400580,1,19,0,-1,4,8,-1,6,0,0,0,0,4,1,-1,2,55,8,-1,-1,-1,-1,9,1,E01025951,0
Unvalidated,2024332400580,2024,332400580,2,9,0,-1,6,3,-1,8,0,0,0,0,1,1,-1,1,-1,-1,-1,-1,-1,-1,-1,-1,-1,0
Unvalidated,2024332400581,2024,332400581,1,9,0,-1,1,5,-1,0,0,0,0,0,1,1,-1,2,40,7,-1,-1,-1,-1,10,1,E01025860,0
Unvalidated,2024332400583,2024,332400583,1,9,0,-1,6,2,-1,8,0,0,0,0,1,1,-1,1,29,6,-1,-1,-1,-1,-1,-1,-1,0
Unvalidated,2024332400583,2024,332400583,2,9,0,-1,2,8,-1,5,0,0,0,0,4,1,-1,1,29,6,-1,-1,-1,-1,6,1,E01013785,0
Unvalidated,2024332400583,2024,332400583,3,19,0,-1,8,2,-1,1,0,0,0,0,3,1,-1,1,51,8,-1,-1,-1,-1,9,2,E01025733,0
Unvalidated,2024332400584,2024,332400584,1,20,0,-1,2,4,-1,5,0,0,0,0,4,1,-1,1,51,8,-1,-1,-1,-1,7,1,E01019513,0
Unvalidated,2024332400584,2024,332400584,2,9,0,-1,2,6,-1,8,0,0,0,0,1,1,-1,2,24,5,-1,-1,-1,-1,4,1,E01032862,0
Unvalidated,2024332400585,2024,332400585,1,9,0,-1,6,2,-1,0,0,0,0,0,1,1,-1,1,46,8,-1,-1,-1,-1,7,1,E01010636,0
Unvalidated,2024332400585,2024,332400585,2,9,0,-1,6,2,-1,0,0,0,0,0,2,1,-1,2,-1,-1,-1,-1,-1,-1,-1,-1,-1,0
Unvalidated,2024332400586,2024,332400586,1,9,0,-1,3,7,-1,8,0,0,0,0,1,1,-1,1,45,7,-1,-1,-1,-1,7,3,E01013615,0
Unvalidated,2024332400586,2024,332400586,2,9,0,-1,7,5,-1,6,0,0,0,0,1,1,-1,2,74,10,-1,-1,-1,-1,7,3,E01025848,0
Unvalidated,2024332400587,2024,332400587,1,1,0,-1,7,3,-1,0,0,0,0,0,3,1,-1,1,24,5,-1,-1,-1,-1,2,1,E01013654,0
Unvalidated,2024332400587,2024,332400587,2,9,0,-1,7,3,-1,0,0,0,0,0,1,1,-1,3,-1,-1,-1,-1,-1,-1,-1,-1,-1,0
Unvalidated,2024332400588,2024,332400588,1,9,0,-1,3,8,-1,6,0,0,0,0,1,1,-1,2,39,7,-1,-1,-1,-1,-1,1,-1,0
Unvalidated,2024332400588,2024,332400588,2,9,0,-1,8,4,-1,8,0,0,1,0,1,1,-1,2,24,5,-1,-1,-1,-1,7,3,E01025911,0
Unvalidated,2024332400589,2024,332400589,1,9,0,-1,5,1,-1,0,0,0,0,0,3,1,-1,2,47,8,-1,-1,-1,-1,1,1,E01013726,0
Unvalidated,2024332400589,2024,332400589,2,9,0,-1,5,1,-1,0,0,0,0,0,1,1,-1,1,36,7,-1,-1,-1,-1,1,1,E01013480,0
Unvalidated,2024332400590,2024,332400590,1,9,0,-1,8,6,-1,5,0,0,0,0,1,1,-1,1,22,5,-1,-1,-1,-1,6,3,E01013801,0
Unvalidated,2024332400590,2024,332400590,2,9,0,-1,4,1,-1,8,0,0,0,0,1,1,-1,2,34,6,-1,-1,-1,-1,10,2,E01025734,0
Unvalidated,2024332400591,2024,332400591,1,9,0,-1,5,1,-1,0,0,0,0,0,1,1,-1,1,49,8,-1,-1,-1,-1,1,1,E01033269,0
Unvalidated,2024332400591,2024,332400591,2,9,0,-1,5,1,-1,0,0,0,0,0,2,1,-1,2,38,7,-1,-1,-1,-1,10,1,E01025624,0
Unvalidated,2024332400592,2024,332400592,1,9,0,-1,8,6,-1,5,0,0,0,0,4,1,-1,1,50,8,-1,-1,-1,-1,1,1,E01013677,0
Unvalidated,2024332400592,2024,332400592,2,1,0,-1,4,8,-1,8,0,0,0,0,1,1,-1,1,19,4,-1,-1,-1,-1,4,1,E01013756,0
Unvalidated,2024332400593,2024,332400593,1,9,0,-1,1,5,-1,0,5,0,7,0,4,1,-1,1,26,6,-1,-1,-1,-1,4,1,E01025689,0
Unvalidated,2024332400593,2024,332400593,2,9,0,-1,1,5,-1,0,0,0,0,0,0,1,-1,1,33,6,-1,-1,-1,-1,-1,-1,-1,0
Unvalidated,2024332400593,2024,332400593,3,9,0,-1,1,5,-1,0,0,0,0,0,0,1,-1,1,44,7,-1,-1,-1,-1,-1,-1,-1,0
Unvalidated,2024332400593,2024,332400593,4,19,0,-1,1,5,-1,0,0,0,0,0,3,1,-1,1,55,8,-1,-1,-1,-1,10,1,E01026004,0
Unvalidated,2024332400594,2024,332400594,1,8,0,-1,5,1,-1,2,0,0,0,0,3,1,-1,1,63,9,-1,-1,-1,-1,1,1,E01013621,0
Unvalidated,2024332400594,2024,332400594,2,9,0,-1,1,5,-1,1,0,0,0,0,1,1,-1,1,37,7,-1,-1,-1,-1,2,1,E01013646,0
Unvalidated,2024332400595,2024,332400595,1,9,0,-1,5,1,-1,0,0,0,4,1,1,1,-1,2,40,7,-1,-1,-1,-1,7,1,E01025682,0
Unvalidated,2024332400596,2024,332400596,1,4,0,-1,8,4,-1,4,1,0,3,1,1,1,-1,1,37,7,-1,-1,-1,-1,2,1,E01013688,0
Unvalidated,2024332400597,2024,332400597,1,9,0,-1,5,3,-1,5,0,0,7,1,3,1,-1,1,69,10,-1,-1,-1,-1,8,3,E01025873,0
Unvalidated,2024332400597,2024,332400597,2,9,0,-1,5,1,-1,8,0,0,0,0,1,1,-1,1,19,4,-1,-1,-1,-1,5,3,E01026403,0
Unvalidated,2024332400598,2024,332400598,1,9,0,-1,8,4,-1,0,0,10,7,11,1,1,-1,1,22,5,-1,-1,-1,-1,8,3,E01025748,0
Unvalidated,2024332400599,2024,332400599,1,9,0,-1,1,3,-1,0,0,0,0,0,1,1,-1,1,35,6,-1,-1,-1,-1,8,1,E01025981,0
Unvalidated,2024332400599,2024,332400599,2,9,0,-1,3,1,-1,0,0,0,0,0,1,1,-1,1,51,8,-1,-1,-1,-1,1,1,E01032597,0
Unvalidated,2024332400600,2024,332400600,1,9,0,-1,1,5,-1,0,0,0,0,0,2,1,-1,1,62,9,-1,-1,-1,-1,3,1,E01013779,0
Unvalidated,2024332400601,2024,332400601,1,5,0,-1,1,5,-1,8,0,0,0,0,1,1,-1,1,-1,-1,-1,-1,-1,-1,-1,-1,-1,0
Unvalidated,2024332400601,2024,332400601,2,9,0,-1,3,1,-1,6,0,0,0,0,0,1,-1,1,68,10,-1,-1,-1,-1,7,1,E01025684,0
Unvalidated,2024332400601,2024,332400601,3,9,0,-1,1,5,-1,8,0,0,0,0,1,1,-1,1,63,9,-1,-1,-1,-1,5,1,E01027192,0
Unvalidated,2024332400602,2024,332400602,1,9,0,-1,1,7,-1,8,0,0,0,0,2,1,-1,2,54,8,-1,-1,-1,-1,6,1,E01025720,0
Unvalidated,2024332400602,2024,332400602,2,9,0,-1,1,5,-1,8,0,0,0,0,1,1,-1,2,29,6,-1,-1,-1,-1,7,2,E01025751,0
Unvalidated,2024332400602,2024,332400602,3,9,0,-1,5,1,-1,8,0,0,0,0,1,1,-1,2,37,7,-1,-1,-1,-1,8,1,E01025692,0
Unvalidated,2024332400603,2024,332400603,1,4,0,-1,4,8,-1,0,0,0,0,0,1,1,-1,1,20,4,-1,-1,-1,-1,4,1,E01025962,0
Unvalidated,2024332400603,2024,332400603,2,9,0,-1,0,0,-1,0,0,0,0,0,1,1,-1,3,-1,-1,-1,-1,-1,-1,-1,-1,-1,0
Unvalidated,2024332400604,2024,332400604,1,9,0,-1,3,7,-1,3,0,10,1,0,1,1,-1,2,40,7,-1,-1,-1,-1,5,2,E01025875,0
Unvalidated,2024332400605,2024,332400605,1,1,0,-1,7,3,-1,0,0,0,0,0,1,1,-1,1,37,7,-1,-1,-1,-1,3,1,E01013751,0
Unvalidated,2024332400606,2024,332400606,1,1,0,-1,3,7,-1,0,0,0,0,0,2,1,-1,1,59,9,-1,-1,-1,-1,7,3,E01013615,0
Unvalidated,2024332400606,2024,332400606,2,9,0,-1,3,7,-1,0,0,0,0,0,1,1,-1,1,-1,-1,-1,-1,-1,-1,-1,-1,-1,0
Unvalidated,2024332400608,2024,332400608,1,9,0,-1,1,3,-1,5,0,0,0,0,2,1,-1,2,62,9,-1,-1,-1,-1,4,2,E01018948,0
Unvalidated,2024332400608,2024,332400608,2,9,0,-1,1,5,-1,8,0,0,0,0,1,1,-1,1,21,5,-1,-1,-1,-1,6,1,E01025986,0
Unvalidated,2024332400610,2024,332400610,1,1,0,-1,4,8,-1,8,1,0,1,0,1,1,-1,1,24,5,-1,-1,-1,-1,8,1,E01013643,0
Unvalidated,2024332400610,2024,332400610,2,9,0,-1,4,6,-1,5,0,0,0,0,4,1,-1,2,-1,-1,-1,-1,-1,-1,-1,-1,-1,0
Unvalidated,2024332400611,2024,332400611,1,9,0,-1,5,1,-1,8,0,0,0,0,4,1,-1,2,27,6,-1,-1,-1,-1,7,2,E01025926,0
Unvalidated,2024332400611,2024,332400611,2,9,0,-1,7,3,-1,6,0,0,0,0,1,1,-1,1,-1,-1,-1,-1,-1,-1,-1,-1,-1,0
Unvalidated,2024332400614,2024,332400614,1,9,0,-1,1,8,-1,6,0,0,0,0,3,1,-1,1,50,8,-1,-1,-1,-1,5,1,E01013767,0
Unvalidated,2024332400614,2024,332400614,2,9,0,-1,8,4,-1,8,0,0,0,0,1,1,-1,1,52,8,-1,-1,-1,-1,10,1,E01025797,0
Unvalidated,2024332400615,2024,332400615,1,9,0,-1,2,6,-1,1,0,0,0,0,1,1,-1,1,-1,-1,-1,-1,-1,-1,-1,-1,-1,0
Unvalidated,2024332400616,2024,332400616,1,9,0,-1,1,7,-1,5,0,0,0,0,1,1,-1,1,39,7,-1,-1,-1,-1,9,1,E01025974,0
Unvalidated,2024332400616,2024,332400616,2,1,0,-1,5,1,-1,8,0,0,0,0,3,1,-1,1,18,4,-1,-1,-1,-1,7,1,E01013780,0
Unvalidated,2024332400617,2024,332400617,1,9,0,-1,1,5,-1,8,0,0,0,0,1,1,-1,3,-1,-1,-1,-1,-1,-1,-1,-1,-1,0
Unvalidated,2024332400617,2024,332400617,2,9,0,-1,7,3,-1,8,0,0,0,0,1,1,-1,1,50,8,-1,-1,-1,-1,8,1,E01025640,0
Unvalidated,2024332400667,2024,332400667,1,9,0,-1,7,3,-1,0,0,0,1,0,1,1,-1,1,48,8,-1,-1,-1,-1,5,2,E01028362,0
Unvalidated,2024332400667,2024,332400667,2,9,0,-1,3,7,-1,0,0,0,7,0,1,1,-1,1,53,8,-1,-1,-1,-1,2,1,E01028147,0
Unvalidated,2024332400707,2024,332400707,1,4,0,-1,8,4,-1,0,0,0,0,0,1,1,-1,1,18,4,-1,-1,-1,-1,2,1,E01013624,0
Unvalidated,2024332400707,2024,332400707,2,9,0,-1,0,0,-1,0,0,0,0,0,1,1,-1,3,-1,-1,-1,-1,-1,-1,-1,-1,-1,0
Unvalidated,2024340NN0012,2024,340NN0012,1,9,0,-1,7,3,-1,0,0,0,2,3,4,1,-1,1,35,6,-1,-1,-1,-1,4,1,E01027352,0
Unvalidated,2024340NN0022,2024,340NN0022,1,8,0,-1,3,7,-1,1,0,0,0,0,1,1,-1,3,-1,-1,-1,-1,-1,-1,-1,-1,-1,0
Unvalidated,2024340NN0022,2024,340NN0022,2,90,0,-1,3,1,-1,5,0,0,0,0,3,1,-1,1,24,5,-1,-1,-1,-1,6,2,E01027323,0
Unvalidated,2024340NN0032,2024,340NN0032,1,9,0,-1,4,8,-1,0,0,0,0,7,1,1,-1,2,41,7,-1,-1,-1,-1,1,1,E01027318,0
Unvalidated,2024340NN0042,2024,340NN0042,1,90,0,-1,6,2,-1,0,0,0,0,0,1,1,-1,3,-1,-1,-1,-1,-1,-1,-1,-1,-1,0
Unvalidated,2024340NN0042,2024,340NN0042,2,9,0,-1,6,2,-1,0,0,0,0,0,2,1,-1,2,34,6,-1,-1,-1,-1,4,1,E01026962,0
Unvalidated,2024340NN0052,2024,340NN0052,1,9,0,-1,1,5,-1,0,0,0,0,0,1,1,-1,1,65,9,-1,-1,-1,-1,8,2,E01027103,0
Unvalidated,2024340NN0052,2024,340NN0052,2,9,0,-1,1,5,-1,0,0,0,0,0,2,1,-1,2,20,4,-1,-1,-1,-1,1,1,E01027127,0
Unvalidated,2024340NN0052,2024,340NN0052,3,9,0,-1,1,5,-1,0,0,0,0,0,2,1,-1,2,20,4,-1,-1,-1,-1,5,1,E01026973,0
Unvalidated,2024340NN0062,2024,340NN0062,1,-1,0,-1,2,5,-1,1,0,0,0,0,1,1,-1,2,26,6,-1,-1,-1,-1,3,1,E01027065,1
Unvalidated,2024340NN0062,2024,340NN0062,2,9,0,-1,5,2,-1,1,0,0,0,0,1,1,-1,1,40,7,-1,-1,-1,-1,-1,3,-1,0
Unvalidated,2024340NN0072,2024,340NN0072,1,9,0,-1,8,4,-1,6,0,0,0,0,1,1,-1,1,32,6,-1,-1,-1,-1,5,1,E01027073,0
Unvalidated,2024340NN0072,2024,340NN0072,2,9,0,-1,6,2,-1,8,0,0,0,0,4,1,-1,2,26,6,-1,-1,-1,-1,8,1,E01027070,0
Unvalidated,2024340NN0082,2024,340NN0082,1,19,0,-1,1,5,-1,8,0,0,0,0,4,1,-1,1,63,9,-1,-1,-1,-1,1,1,E01027127,0
Unvalidated,2024340NN0082,2024,340NN0082,2,3,0,-1,3,7,-1,8,0,0,0,0,1,1,-1,1,27,6,-1,-1,-1,-1,1,1,E01027131,0
Unvalidated,2024340NN0092,2024,340NN0092,1,9,0,-1,1,5,-1,4,0,0,0,0,1,1,-1,2,46,8,-1,-1,-1,-1,4,1,E01027315,0
Unvalidated,2024340NN0092,2024,340NN0092,2,3,0,-1,7,5,-1,8,0,0,0,0,1,1,-1,1,41,7,-1,-1,-1,-1,7,2,E01027354,0
Unvalidated,2024340NN0102,2024,340NN0102,1,9,0,-1,4,8,-1,4,0,0,0,0,3,1,-1,2,30,6,-1,-1,-1,-1,8,3,E01026977,0
Unvalidated,2024340NN0102,2024,340NN0102,2,4,0,-1,8,6,-1,8,0,0,0,0,4,1,-1,1,22,5,-1,-1,-1,-1,8,1,E01032966,0
Unvalidated,2024340NN0112,2024,340NN0112,1,99,0,-1,3,7,-1,1,0,0,0,0,1,1,-1,3,-1,-1,-1,-1,-1,-1,-1,-1,-1,0
Unvalidated,2024340NN0122,2024,340NN0122,1,9,0,-1,4,8,-1,1,0,0,0,0,1,1,-1,2,38,7,-1,-1,-1,-1,3,2,E01027038,0
Unvalidated,2024340NN0122,2024,340NN0122,2,9,0,-1,4,8,-1,1,0,0,0,0,2,1,-1,2,38,7,-1,-1,-1,-1,7,1,E01026978,0
Unvalidated,2024340NN0132,2024,340NN0132,1,9,0,-1,6,2,-1,2,0,0,0,0,1,1,-1,1,83,11,-1,-1,-1,-1,7,1,E01031140,0
Unvalidated,2024340NN0132,2024,340NN0132,2,9,0,-1,2,6,-1,1,0,0,1,10,1,1,-1,2,29,6,-1,-1,-1,-1,2,1,E01009254,0
Unvalidated,2024340NN0132,2024,340NN0132,3,9,0,-1,2,6,-1,1,0,0,0,0,0,1,-1,2,55,8,-1,-1,-1,-1,5,1,E01026306,0
Unvalidated,2024340NN0142,2024,340NN0142,1,9,0,-1,2,6,-1,6,0,0,0,0,1,1,-1,1,68,10,-1,-1,-1,-1,9,2,E01027108,0
Unvalidated,2024340NN0142,2024,340NN0142,2,11,0,-1,8,4,-1,8,0,0,0,0,4,1,-1,1,46,8,-1,-1,-1,-1,8,3,E01026977,0
Unvalidated,2024340NN0152,2024,340NN0152,1,9,0,-1,2,6,-1,1,0,0,0,0,4,1,-1,2,51,8,-1,-1,-1,-1,8,3,E01027074,0
Unvalidated,2024340NN0152,2024,340NN0152,2,9,0,-1,2,8,-1,1,0,0,0,0,3,1,-1,1,-1,-1,-1,-1,-1,-1,6,1,E01017503,0
Unvalidated,2024340NN0162,2024,340NN0162,1,98,0,-1,8,4,-1,1,0,0,1,4,1,1,-1,1,65,9,-1,-1,-1,-1,6,2,E01027039,0
Unvalidated,2024340NN0172,2024,340NN0172,1,9,0,-1,2,6,-1,3,0,0,0,0,1,1,-1,2,-1,-1,-1,-1,-1,-1,-1,-1,-1,0
Unvalidated,2024340NN0182,2024,340NN0182,1,9,0,-1,7,3,-1,6,0,0,0,0,1,1,-1,2,41,7,-1,-1,-1,-1,9,1,E01012374,0
Unvalidated,2024340NN0182,2024,340NN0182,2,9,0,-1,5,1,-1,8,0,0,7,11,4,1,-1,2,42,7,-1,-1,-1,-1,5,1,E01027114,0
Unvalidated,2024340NN0192,2024,340NN0192,1,-1,0,-1,1,6,-1,1,0,0,0,0,1,1,-1,1,16,4,-1,-1,-1,-1,10,1,E01027068,1
Unvalidated,2024340NN0192,2024,340NN0192,2,9,0,-1,1,5,-1,1,0,0,0,0,4,1,-1,2,37,7,-1,-1,-1,-1,3,1,E01027065,0
Unvalidated,2024340NN0202,2024,340NN0202,1,9,0,-1,7,3,-1,4,0,0,0,0,1,1,-1,3,-1,-1,-1,-1,-1,-1,-1,-1,-1,0
Unvalidated,2024340NN0202,2024,340NN0202,2,1,0,-1,6,3,-1,8,0,0,0,0,4,1,-1,1,24,5,-1,-1,-1,-1,5,1,E01026956,0
Unvalidated,2024340NN0212,2024,340NN0212,1,9,0,-1,7,5,-1,6,0,0,0,0,3,1,-1,1,35,6,-1,-1,-1,-1,8,1,E01027101,0
Unvalidated,2024340NN0212,2024,340NN0212,2,3,0,-1,5,1,-1,1,0,0,0,0,1,1,-1,2,28,6,-1,-1,-1,-1,5,2,E01027328,0
Unvalidated,2024340NN0222,2024,340NN0222,1,9,0,-1,1,5,-1,0,0,4,0,0,1,1,-1,1,73,10,-1,-1,-1,-1,8,2,E01027348,0
Unvalidated,2024340NN0222,2024,340NN0222,2,9,0,-1,0,0,-1,0,0,4,0,0,2,1,-1,3,-1,-1,-1,-1,-1,-1,-1,-1,-1,0
Unvalidated,2024340NN0222,2024,340NN0222,3,9,0,-1,0,0,-1,0,0,0,0,0,2,1,-1,3,-1,-1,-1,-1,-1,-1,-1,-1,-1,0
Unvalidated,2024340NN0232,2024,340NN0232,1,9,0,-1,4,8,-1,6,0,0,3,0,1,1,-1,1,32,6,-1,-1,-1,-1,2,1,E01027331,0
Unvalidated,2024340NN0232,2024,340NN0232,2,9,0,-1,2,6,-1,8,1,0,0,0,4,1,-1,1,62,9,-1,-1,-1,-1,8,1,E01027332,0
Unvalidated,2024340NN0242,2024,340NN0242,1,9,0,-1,6,2,-1,0,0,0,0,0,4,1,-1,2,35,6,-1,-1,-1,-1,3,1,E01027058,0
Unvalidated,2024340NN0252,2024,340NN0252,1,9,0,-1,6,2,-1,8,0,0,0,0,3,1,-1,3,-1,-1,-1,-1,-1,-1,-1,-1,-1,0
Unvalidated,2024340NN0252,2024,340NN0252,2,9,0,-1,6,2,-1,3,0,0,0,0,4,1,-1,1,41,7,-1,-1,-1,-1,7,1,E01026978,0
Unvalidated,2024340NN0262,2024,340NN0262,1,9,0,-1,7,3,-1,6,0,0,0,0,1,1,-1,2,34,6,-1,-1,-1,-1,2,1,E01027072,0
Unvalidated,2024340NN0262,2024,340NN0262,2,1,0,-1,2,6,-1,1,0,0,0,0,1,1,-1,2,53,8,-1,-1,-1,-1,8,1,E01027070,0
Unvalidated,2024340NN0272,2024,340NN0272,1,9,0,-1,1,4,-1,1,0,0,0,0,1,1,-1,1,51,8,-1,-1,-1,-1,2,1,E01027330,0
Unvalidated,2024340NN0272,2024,340NN0272,2,9,0,-1,6,4,-1,6,0,0,7,0,1,1,-1,1,55,8,-1,-1,-1,-1,1,1,E01027318,0
Unvalidated,2024340NN0282,2024,340NN0282,1,9,0,-1,3,7,-1,3,0,0,0,0,4,1,-1,1,-1,-1,-1,-1,-1,-1,-1,-1,-1,0
Unvalidated,2024340NN0282,2024,340NN0282,2,9,0,-1,3,7,-1,3,0,0,0,0,3,1,-1,2,33,6,-1,-1,-1,-1,9,1,E01032965,0
Unvalidated,2024340NN0292,2024,340NN0292,1,9,0,-1,2,6,-1,6,0,0,0,0,1,1,-1,1,18,4,-1,-1,-1,-1,2,1,E01027349,0
Unvalidated,2024340NN0292,2024,340NN0292,2,19,0,-1,8,4,-1,8,0,0,1,11,4,1,-1,1,49,8,-1,-1,-1,-1,-1,-1,-1,0
Unvalidated,2024340NN0302,2024,340NN0302,1,9,0,-1,6,2,-1,5,0,0,0,0,1,1,-1,1,47,8,-1,-1,-1,-1,7,3,E01027338,0
Unvalidated,2024340NN0302,2024,340NN0302,2,3,0,-1,2,6,-1,8,5,0,0,0,1,1,-1,1,17,4,-1,-1,-1,-1,1,1,E01027310,0
Unvalidated,2024340NN0302,2024,340NN0302,3,9,0,-1,6,2,-1,1,0,0,0,0,3,1,-1,1,29,6,-1,-1,-1,-1,9,1,E01027084,0
Unvalidated,2024340NN0312,2024,340NN0312,1,9,0,-1,1,5,-1,3,0,0,0,0,4,1,-1,1,41,7,-1,-1,-1,-1,6,2,E01027051,0
Unvalidated,2024340NN0312,2024,340NN0312,2,1,0,-1,7,3,-1,8,5,0,0,0,3,1,-1,1,45,7,-1,-1,-1,-1,5,1,E01027062,0
Unvalidated,2024340NN0322,2024,340NN0322,1,9,0,-1,7,3,-1,6,0,0,0,0,3,1,-1,2,-1,-1,-1,-1,-1,-1,-1,-1,-1,0
Unvalidated,2024340NN0322,2024,340NN0322,2,9,0,-1,5,1,-1,8,0,0,0,0,1,1,-1,1,-1,-1,-1,-1,-1,-1,-1,-1,-1,0
Unvalidated,2024340NN0332,2024,340NN0332,1,9,0,-1,5,1,-1,0,0,0,0,0,1,1,-1,1,26,6,-1,-1,-1,-1,2,1,E01027351,0
Unvalidated,2024340NN0332,2024,340NN0332,2,9,0,-1,5,1,-1,0,0,0,0,0,2,1,-1,1,30,6,-1,-1,-1,-1,7,1,E01027343,0
Unvalidated,2024340NN0332,2024,340NN0332,3,9,0,-1,5,1,-1,0,0,0,0,0,2,1,-1,1,42,7,-1,-1,-1,-1,4,1,E01027320,0
Unvalidated,2024340NN0332,2024,340NN0332,4,9,0,-1,5,1,-1,0,0,0,0,0,2,1,-1,1,27,6,-1,-1,-1,-1,9,1,E01027080,0
Unvalidated,2024340NN0332,2024,340NN0332,5,9,0,-1,5,1,-1,0,0,0,0,0,1,1,-1,1,22,5,-1,-1,-1,-1,4,2,E01027336,0
Unvalidated,2024340NN0342,2024,340NN0342,1,9,0,-1,6,2,-1,0,1,0,7,9,1,1,-1,2,19,4,-1,-1,-1,-1,10,2,E01027001,0
Unvalidated,2024340NN0352,2024,340NN0352,1,9,0,-1,7,3,-1,0,5,10,1,4,1,1,-1,1,25,5,-1,-1,-1,-1,3,1,E01027340,0
Unvalidated,2024340NN0362,2024,340NN0362,1,9,0,-1,3,7,-1,2,0,0,0,0,1,1,-1,1,30,6,-1,-1,-1,-1,5,1,E01026970,0
Unvalidated,2024340NN0362,2024,340NN0362,2,90,0,-1,1,5,-1,6,0,0,0,0,4,1,-1,1,40,7,-1,-1,-1,-1,1,1,E01026968,1
Unvalidated,2024340NN0372,2024,340NN0372,1,9,0,-1,5,1,-1,2,0,0,0,0,1,1,-1,2,39,7,-1,-1,-1,-1,3,1,E01027112,0
Unvalidated,2024340NN0372,2024,340NN0372,2,9,0,-1,0,0,-1,2,0,0,0,0,2,1,-1,2,79,11,-1,-1,-1,-1,9,1,E01027080,0
Unvalidated,2024340NN0382,2024,340NN0382,1,9,0,-1,4,1,-1,5,0,0,0,0,1,2,-1,2,18,4,-1,-1,-1,-1,1,1,E01027110,0
Unvalidated,2024340NN0382,2024,340NN0382,2,9,0,-1,8,4,-1,8,0,7,2,1,1,1,-1,1,36,7,-1,-1,-1,-1,4,1,E01027061,0
Unvalidated,2024340NN0392,2024,340NN0392,1,1,0,-1,3,7,-1,0,0,0,0,0,1,1,-1,2,60,9,-1,-1,-1,-1,1,1,E01026968,0
Unvalidated,2024340NN0392,2024,340NN0392,2,9,0,-1,5,1,-1,0,0,0,0,0,3,1,-1,1,-1,-1,-1,-1,-1,-1,8,1,E01027162,0
Unvalidated,2024340NN0402,2024,340NN0402,1,9,0,-1,8,4,-1,2,0,0,7,0,3,1,-1,2,45,7,-1,-1,-1,-1,9,1,E01025805,0
Unvalidated,2024340NN0402,2024,340NN0402,2,9,0,-1,4,8,-1,1,0,0,0,0,1,1,-1,2,52,8,-1,-1,-1,-1,7,2,E01027095,0
Unvalidated,2024340NN0412,2024,340NN0412,1,9,0,-1,7,3,-1,0,0,0,0,0,1,1,-1,2,25,5,-1,-1,-1,-1,7,1,E01032967,0
Unvalidated,2024340NN0412,2024,340NN0412,2,9,0,-1,7,3,-1,0,0,0,0,0,2,1,-1,2,45,7,-1,-1,-1,-1,10,1,E01025794,0
Unvalidated,2024340NN0422,2024,340NN0422,1,9,0,-1,7,3,-1,6,0,0,0,0,1,1,-1,2,74,10,-1,-1,-1,-1,7,1,E01027102,0
Unvalidated,2024340NN0422,2024,340NN0422,2,9,0,-1,5,1,-1,1,1,0,7,9,1,1,-1,1,25,5,-1,-1,-1,-1,8,3,E01032972,0
Unvalidated,2024340NN0432,2024,340NN0432,1,9,0,-1,1,3,-1,6,0,0,0,0,1,1,-1,2,20,4,-1,-1,-1,-1,7,3,E01027129,0
Unvalidated,2024340NN0432,2024,340NN0432,2,9,0,-1,3,7,-1,1,0,0,0,0,1,1,-1,1,33,6,-1,-1,-1,-1,2,1,E01026957,0
Unvalidated,2024340NN0442,2024,340NN0442,1,9,0,-1,6,4,-1,6,0,0,0,0,1,1,-1,2,79,11,-1,-1,-1,-1,5,1,E01026970,0
Unvalidated,2024340NN0442,2024,340NN0442,2,9,0,-1,4,8,-1,8,0,0,0,0,1,1,-1,1,38,7,-1,-1,-1,-1,8,1,E01027096,0
Unvalidated,2024340NN0452,2024,340NN0452,1,9,0,-1,2,8,-1,5,0,0,0,0,1,1,-1,1,-1,-1,-1,-1,-1,-1,-1,-1,-1,0
Unvalidated,2024340NN0452,2024,340NN0452,2,19,0,-1,6,2,-1,8,0,0,0,0,1,1,-1,1,34,6,-1,-1,-1,-1,5,1,E01027130,0
Unvalidated,2024340NN0462,2024,340NN0462,1,9,0,-1,4,8,-1,1,0,0,0,0,1,1,-1,2,-1,-1,-1,-1,-1,-1,-1,-1,-1,0
Unvalidated,2024340NN0462,2024,340NN0462,2,9,0,-1,4,8,-1,4,0,0,0,0,2,1,-1,2,54,8,-1,-1,-1,-1,4,1,E01026972,0