status,collision_index,collision_year,collision_reference,vehicle_reference,vehicle_type,towing_and_articulation,vehicle_manoeuvre,vehicle_direction_from,vehicle_direction_to,vehicle_location_restricted_lane,junction_location,skidding_and_overturning,hit_object_in_carriageway,vehicle_leaving_carriageway,hit_object_off_carriageway,first_point_of_impact,vehicle_left_hand_drive,journey_purpose_of_driver,sex_of_driver,age_of_driver,age_band_of_driver,engine_capacity_cc,propulsion_code,age_of_vehicle,generic_make_model,driver_imd_decile,driver_home_area_type,lsoa_of_driver,escooter_flag
Unvalidated,2024340NN0472,2024,340NN0472,1,9,0,-1,7,3,-1,1,0,0,0,0,1,1,-1,1,58,9,-1,-1,-1,-1,5,1,E01027073,0
Unvalidated,2024340NN0472,2024,340NN0472,2,9,0,-1,7,3,-1,1,0,0,0,0,2,1,-1,1,40,7,-1,-1,-1,-1,4,1,E01027316,0
Unvalidated,2024340NN0482,2024,340NN0482,1,9,0,-1,5,1,-1,0,0,0,0,0,1,1,-1,2,82,11,-1,-1,-1,-1,9,3,E01027308,0
Unvalidated,2024340NN0492,2024,340NN0492,1,9,0,-1,7,5,-1,5,0,0,0,0,1,1,-1,2,-1,-1,-1,-1,-1,-1,-1,-1,-1,0
Unvalidated,2024340NN0492,2024,340NN0492,2,1,0,-1,3,7,-1,8,5,0,0,0,3,1,-1,1,54,8,-1,-1,-1,-1,2,1,E01027314,0
Unvalidated,2024340NN0502,2024,340NN0502,1,4,0,-1,4,8,-1,0,0,0,0,0,1,1,-1,1,17,4,-1,-1,-1,-1,5,1,E01026973,0
Unvalidated,2024340NN0502,2024,340NN0502,2,9,0,-1,7,4,-1,0,0,0,0,0,1,1,-1,1,65,9,-1,-1,-1,-1,6,2,E01027107,0
Unvalidated,2024340NN0512,2024,340NN0512,1,8,0,-1,2,6,-1,0,0,0,0,0,2,1,-1,1,39,7,-1,-1,-1,-1,1,1,E01032978,0
Unvalidated,2024340NN0512,2024,340NN0512,2,9,0,-1,2,6,-1,0,0,0,0,0,2,1,-1,1,41,7,-1,-1,-1,-1,2,1,E01026957,0
Unvalidated,2024340NN0512,2024,340NN0512,3,19,0,-1,2,6,-1,0,0,0,0,0,1,1,-1,1,42,7,-1,-1,-1,-1,7,1,E01026978,0
Unvalidated,2024340NN0522,2024,340NN0522,1,9,0,-1,4,8,-1,1,0,0,0,0,1,1,-1,3,-1,-1,-1,-1,-1,-1,-1,-1,-1,0
Unvalidated,2024340NN0522,2024,340NN0522,2,9,0,-1,2,6,-1,8,1,0,0,0,4,1,-1,2,24,5,-1,-1,-1,-1,8,1,E01015805,0
Unvalidated,2024340NN0532,2024,340NN0532,1,9,0,-1,2,8,-1,5,0,0,0,0,1,1,-1,2,58,9,-1,-1,-1,-1,3,1,E01027082,0
Unvalidated,2024340NN0542,2024,340NN0542,1,9,0,-1,6,2,-1,1,0,0,0,0,1,1,-1,1,37,7,-1,-1,-1,-1,9,2,E01027052,0
Unvalidated,2024340NN0542,2024,340NN0542,2,9,0,-1,6,2,-1,1,0,0,0,0,2,1,-1,1,22,5,-1,-1,-1,-1,2,1,E01027072,0
Unvalidated,2024340NN0552,2024,340NN0552,1,9,0,-1,2,6,-1,1,0,0,0,0,1,1,-1,1,-1,-1,-1,-1,-1,-1,-1,-1,-1,0
Unvalidated,2024340NN0552,2024,340NN0552,2,9,0,-1,2,6,-1,1,0,0,0,0,2,1,-1,2,39,7,-1,-1,-1,-1,1,1,E01027318,0
Unvalidated,2024340NN0562,2024,340NN0562,1,9,0,-1,8,4,-1,4,0,0,0,0,1,1,-1,1,-1,-1,-1,-1,-1,-1,6,2,E01027326,0
Unvalidated,2024340NN0562,2024,340NN0562,2,9,0,-1,6,2,-1,3,0,0,1,11,4,1,-1,2,19,4,-1,-1,-1,-1,6,2,E01027045,0
Unvalidated,2024340NN0572,2024,340NN0572,1,9,0,-1,4,8,-1,3,0,0,0,0,1,1,-1,2,56,9,-1,-1,-1,-1,9,1,E01027071,0
Unvalidated,2024340NN0572,2024,340NN0572,2,9,0,-1,6,2,-1,8,0,0,0,0,3,1,-1,2,27,6,-1,-1,-1,-1,-1,-1,-1,0
Unvalidated,2024340NN0582,2024,340NN0582,1,9,0,-1,1,5,-1,4,5,7,3,10,1,1,-1,2,22,5,-1,-1,-1,-1,2,1,E01026951,0
Unvalidated,2024340NN0592,2024,340NN0592,1,9,0,-1,6,2,-1,6,0,0,0,0,1,1,-1,2,47,8,-1,-1,-1,-1,5,1,E01027062,0
Unvalidated,2024340NN0592,2024,340NN0592,2,9,0,-1,2,6,-1,8,0,0,0,0,4,1,-1,2,41,7,-1,-1,-1,-1,4,1,E01027069,0
Unvalidated,2024340NN0602,2024,340NN0602,1,9,0,-1,6,2,-1,0,0,4,0,0,1,1,-1,1,28,6,-1,-1,-1,-1,-1,-1,-1,0
Unvalidated,2024340NN0602,2024,340NN0602,2,19,0,-1,0,0,-1,0,0,0,0,0,2,1,-1,3,-1,-1,-1,-1,-1,-1,-1,-1,-1,0
Unvalidated,2024340NN0612,2024,340NN0612,1,9,0,-1,5,1,-1,4,1,0,1,1,3,1,-1,2,18,4,-1,-1,-1,-1,9,1,E01027067,0
Unvalidated,2024340NN0612,2024,340NN0612,2,9,0,-1,3,7,-1,8,0,0,0,0,1,1,-1,1,32,6,-1,-1,-1,-1,3,1,E01027058,0
Unvalidated,2024340NN0622,2024,340NN0622,1,9,0,-1,3,7,-1,6,0,0,1,0,1,1,-1,2,24,5,-1,-1,-1,-1,-1,-1,-1,0
Unvalidated,2024340NN0622,2024,340NN0622,2,9,0,-1,1,5,-1,8,0,0,7,0,4,1,-1,1,61,9,-1,-1,-1,-1,9,3,E01027353,0
Unvalidated,2024340NN0632,2024,340NN0632,1,3,0,-1,1,5,-1,1,0,0,0,0,1,1,-1,1,28,6,-1,-1,-1,-1,3,1,E01027082,0
Unvalidated,2024340NN0632,2024,340NN0632,2,9,0,-1,7,3,-1,8,0,0,0,0,1,1,-1,2,23,5,-1,-1,-1,-1,8,1,E01027101,0
Unvalidated,2024340NN0642,2024,340NN0642,1,1,0,-1,7,3,-1,6,0,0,0,0,1,1,-1,1,16,4,-1,-1,-1,-1,-1,-1,-1,0
Unvalidated,2024340NN0642,2024,340NN0642,2,9,0,-1,6,1,-1,5,0,0,0,0,4,1,-1,2,-1,-1,-1,-1,-1,-1,5,1,E01026971,0
Unvalidated,2024340NN0652,2024,340NN0652,1,9,0,-1,2,6,-1,2,0,0,0,0,1,1,-1,3,-1,-1,-1,-1,-1,-1,-1,-1,-1,0
Unvalidated,2024340NN0652,2024,340NN0652,2,9,0,-1,6,6,-1,2,0,0,0,0,3,1,-1,2,37,7,-1,-1,-1,-1,2,1,E01026949,0
Unvalidated,2024340NN0662,2024,340NN0662,1,9,0,-1,7,3,-1,0,0,0,0,0,1,1,-1,1,26,6,-1,-1,-1,-1,2,1,E01033031,0
Unvalidated,2024340NN0662,2024,340NN0662,2,9,0,-1,7,3,-1,0,0,0,0,0,2,1,-1,1,55,8,-1,-1,-1,-1,6,1,E01015675,0
Unvalidated,2024340NN0672,2024,340NN0672,1,9,0,-1,2,6,-1,2,0,0,0,11,1,1,-1,1,18,4,-1,-1,-1,-1,5,1,E01027114,0
Unvalidated,2024340NN0682,2024,340NN0682,1,-1,0,-1,5,1,-1,1,0,0,0,10,1,1,-1,1,13,3,-1,-1,-1,-1,6,1,E01027311,1
Unvalidated,2024340NN0692,2024,340NN0692,1,9,0,-1,4,8,-1,1,0,0,0,0,1,1,-1,1,38,7,-1,-1,-1,-1,4,2,E01027126,0
Unvalidated,2024340NN0692,2024,340NN0692,2,11,0,-1,8,4,-1,2,0,0,0,0,1,1,-1,1,32,6,-1,-1,-1,-1,2,1,E01027128,0
Unvalidated,2024340NN0702,2024,340NN0702,1,9,0,-1,8,4,-1,1,0,0,0,0,1,1,-1,1,20,4,-1,-1,-1,-1,2,1,E01027072,0
Unvalidated,2024340NN0702,2024,340NN0702,2,-1,0,-1,1,5,-1,6,0,0,0,0,4,1,-1,1,15,3,-1,-1,-1,-1,3,1,E01027060,1
Unvalidated,2024340NN0712,2024,340NN0712,1,9,0,-1,8,4,-1,0,5,0,0,7,3,1,-1,1,25,5,-1,-1,-1,-1,8,1,E01027329,0
Unvalidated,2024340NN0712,2024,340NN0712,2,9,0,-1,4,8,-1,0,0,0,0,0,1,1,-1,1,33,6,-1,-1,-1,-1,1,1,E01027249,0
Unvalidated,2024340NN0722,2024,340NN0722,1,9,0,-1,4,8,-1,6,0,0,0,0,1,1,-1,2,20,4,-1,-1,-1,-1,-1,-1,-1,0
Unvalidated,2024340NN0722,2024,340NN0722,2,3,0,-1,6,2,-1,8,5,0,0,0,1,1,-1,1,54,8,-1,-1,-1,-1,4,2,E01027320,0
Unvalidated,2024340NN0732,2024,340NN0732,1,9,0,-1,1,5,-1,0,0,4,0,0,4,1,-1,1,85,11,-1,-1,-1,-1,5,1,E01027091,0
Unvalidated,2024340NN0732,2024,340NN0732,2,9,0,-1,0,0,-1,0,0,0,0,0,4,1,-1,1,37,7,-1,-1,-1,-1,10,2,E01027046,0
Unvalidated,2024340NN0742,2024,340NN0742,1,9,0,-1,3,7,-1,0,0,0,0,0,1,1,-1,2,75,10,-1,-1,-1,-1,10,1,E01027086,0
Unvalidated,2024340NN0742,2024,340NN0742,2,1,0,-1,3,7,-1,0,0,0,0,0,2,1,-1,1,51,8,-1,-1,-1,-1,6,1,E01027092,0
Unvalidated,2024340NN0752,2024,340NN0752,1,9,0,-1,5,1,-1,1,0,0,0,0,1,1,-1,1,-1,-1,-1,-1,-1,-1,-1,-1,-1,0
Unvalidated,2024340NN0762,2024,340NN0762,1,9,0,-1,5,1,-1,0,0,0,7,0,4,1,-1,1,34,6,-1,-1,-1,-1,7,1,E01032967,0
Unvalidated,2024340NN0762,2024,340NN0762,2,9,0,-1,5,1,-1,0,0,0,7,0,3,1,-1,1,45,7,-1,-1,-1,-1,3,1,E01009118,0
Unvalidated,2024340NN0772,2024,340NN0772,1,9,0,-1,5,1,-1,0,0,0,0,0,1,1,-1,2,23,5,-1,-1,-1,-1,5,1,E01027062,0
Unvalidated,2024340NN0772,2024,340NN0772,2,9,0,-1,5,1,-1,0,0,0,0,0,2,1,-1,1,62,9,-1,-1,-1,-1,7,3,E01027129,0
Unvalidated,2024340NN0772,2024,340NN0772,3,9,0,-1,5,1,-1,0,0,0,0,0,2,1,-1,2,23,5,-1,-1,-1,-1,6,2,E01027039,0
Unvalidated,2024340NN0772,2024,340NN0772,4,9,0,-1,5,1,-1,0,0,0,0,0,0,1,-1,2,33,6,-1,-1,-1,-1,-1,3,-1,0
Unvalidated,2024340NN0782,2024,340NN0782,1,9,0,-1,2,6,-1,0,1,0,1,11,1,1,-1,1,25,5,-1,-1,-1,-1,4,2,E01027327,0
Unvalidated,2024340NN0792,2024,340NN0792,1,9,0,-1,6,2,-1,1,0,0,1,0,1,1,-1,1,38,7,-1,-1,-1,-1,9,2,E01027325,0
Unvalidated,2024340NN0792,2024,340NN0792,2,21,0,-1,1,5,-1,6,0,0,0,0,1,1,-1,1,53,8,-1,-1,-1,-1,10,1,E01027203,0
Unvalidated,2024340NN0792,2024,340NN0792,3,21,0,-1,6,2,-1,1,0,0,0,0,0,1,-1,3,-1,-1,-1,-1,-1,-1,-1,-1,-1,0
Unvalidated,2024340NN0802,2024,340NN0802,1,9,0,-1,6,2,-1,0,2,0,1,9,1,1,-1,1,17,4,-1,-1,-1,-1,1,1,E01027083,0
Unvalidated,2024340NN0812,2024,340NN0812,1,9,0,-1,6,2,-1,1,0,0,0,0,1,1,-1,1,34,6,-1,-1,-1,-1,7,1,E01026974,0
Unvalidated,2024340NN0812,2024,340NN0812,2,9,0,-1,6,4,-1,5,0,0,7,0,2,1,-1,1,46,8,-1,-1,-1,-1,8,2,E01027103,0
Unvalidated,2024340NN0822,2024,340NN0822,1,9,0,-1,2,6,-1,0,0,0,0,0,1,1,-1,1,69,10,-1,-1,-1,-1,6,2,E01027119,0
Unvalidated,2024340NN0832,2024,340NN0832,1,9,0,-1,5,3,-1,4,0,0,0,0,1,1,-1,1,17,4,-1,-1,-1,-1,8,2,E01027040,0
Unvalidated,2024340NN0832,2024,340NN0832,2,9,0,-1,3,7,-1,4,0,0,0,0,1,1,-1,2,28,6,-1,-1,-1,-1,10,1,E01033508,0
Unvalidated,2024340NN0842,2024,340NN0842,1,19,4,-1,6,2,-1,0,0,0,0,0,2,1,-1,1,-1,-1,-1,-1,-1,-1,-1,-1,-1,0
Unvalidated,2024340NN0842,2024,340NN0842,2,9,0,-1,6,2,-1,0,0,0,0,0,4,1,-1,1,64,9,-1,-1,-1,-1,3,1,E01026967,0
Unvalidated,2024340NN0852,2024,340NN0852,1,9,0,-1,2,6,-1,0,1,0,7,3,1,1,-1,1,39,7,-1,-1,-1,-1,7,1,E01026978,0
Unvalidated,2024340NN0862,2024,340NN0862,1,98,0,-1,5,1,-1,0,0,0,0,0,4,1,-1,1,-1,-1,-1,-1,-1,-1,-1,-1,-1,0
Unvalidated,2024340NN0862,2024,340NN0862,2,9,0,-1,5,1,-1,0,0,0,0,0,3,1,-1,2,34,6,-1,-1,-1,-1,7,1,E01026978,0
Unvalidated,2024340NN0872,2024,340NN0872,1,9,0,-1,3,7,-1,8,0,0,7,11,2,1,-1,1,91,11,-1,-1,-1,-1,6,1,E01027079,0
Unvalidated,2024340NN0882,2024,340NN0882,1,19,0,-1,4,8,-1,2,0,0,0,0,3,1,-1,1,-1,-1,-1,-1,-1,-1,-1,-1,-1,0
Unvalidated,2024340NN0892,2024,340NN0892,1,19,0,-1,2,6,-1,1,5,0,1,1,1,1,-1,1,49,8,-1,-1,-1,-1,7,1,E01026974,0
Unvalidated,2024340NN0892,2024,340NN0892,2,9,0,-1,2,6,-1,1,0,0,0,0,2,1,-1,2,31,6,-1,-1,-1,-1,5,1,E01026956,0
Unvalidated,2024340NN0902,2024,340NN0902,1,9,0,-1,8,4,-1,6,0,0,0,0,1,1,-1,2,39,7,-1,-1,-1,-1,9,1,E01032965,0
Unvalidated,2024340NN0902,2024,340NN0902,2,9,0,-1,2,6,-1,8,0,0,7,1,3,1,-1,1,70,10,-1,-1,-1,-1,-1,-1,-1,0
Unvalidated,2024340NN0902,2024,340NN0902,3,19,0,-1,0,0,-1,8,0,0,0,0,1,1,-1,3,-1,-1,-1,-1,-1,-1,-1,-1,-1,0
Unvalidated,2024340NN0912,2024,340NN0912,1,9,0,-1,7,3,-1,1,0,10,1,4,1,1,-1,1,69,10,-1,-1,-1,-1,2,1,E01026975,0
Unvalidated,2024340NN0922,2024,340NN0922,1,9,0,-1,7,3,-1,2,0,4,0,0,1,1,-1,2,77,11,-1,-1,-1,-1,3,3,E01027038,0
Unvalidated,2024340NN0922,2024,340NN0922,2,9,0,-1,0,0,-1,2,0,0,0,0,1,1,-1,3,-1,-1,-1,-1,-1,-1,-1,-1,-1,0
Unvalidated,2024340NN0932,2024,340NN0932,1,9,0,-1,5,3,-1,5,0,0,0,0,2,1,-1,2,28,6,-1,-1,-1,-1,8,3,E01032974,0
Unvalidated,2024340NN0932,2024,340NN0932,2,5,0,-1,1,5,-1,1,0,0,7,0,4,1,-1,1,31,6,-1,-1,-1,-1,1,1,E01027110,0
Unvalidated,2024340NN0942,2024,340NN0942,1,9,0,-1,5,1,-1,2,0,0,0,0,0,1,-1,1,-1,-1,-1,-1,-1,-1,-1,-1,-1,0
Unvalidated,2024340NN0942,2024,340NN0942,2,9,0,-1,5,1,-1,2,0,0,0,0,3,1,-1,2,60,9,-1,-1,-1,-1,3,1,E01027104,0
Unvalidated,2024340NN0952,2024,340NN0952,1,9,0,-1,1,7,-1,5,0,0,0,0,3,1,-1,1,-1,-1,-1,-1,-1,-1,-1,-1,-1,0
Unvalidated,2024340NN0952,2024,340NN0952,2,9,0,-1,1,5,-1,8,0,0,0,0,4,1,-1,2,72,10,-1,-1,-1,-1,6,3,E01027045,0
Unvalidated,2024340NN0962,2024,340NN0962,1,19,0,-1,3,7,-1,1,0,0,0,0,1,1,-1,1,27,6,-1,-1,-1,-1,2,1,E01015662,0
Unvalidated,2024340NN0962,2024,340NN0962,2,9,0,-1,3,7,-1,1,0,0,0,0,2,1,-1,1,60,9,-1,-1,-1,-1,6,3,E01018126,0
Unvalidated,2024340NN0972,2024,340NN0972,1,9,0,-1,3,7,-1,0,0,0,0,0,1,1,-1,1,40,7,-1,-1,-1,-1,2,1,E01027105,0
Unvalidated,2024340NN0972,2024,340NN0972,2,9,0,-1,3,7,-1,0,0,0,0,6,2,1,-1,2,18,4,-1,-1,-1,-1,6,2,E01032970,0
Unvalidated,2024340NN0982,2024,340NN0982,1,9,0,-1,1,5,-1,0,0,0,0,0,1,1,-1,1,18,4,-1,-1,-1,-1,8,2,E01011707,0
Unvalidated,2024340NN0982,2024,340NN0982,2,9,0,-1,1,5,-1,0,0,0,0,0,1,1,-1,2,41,7,-1,-1,-1,-1,9,1,E01026357,0
Unvalidated,2024340NN0982,2024,340NN0982,3,9,0,-1,1,5,-1,0,0,0,0,0,2,1,-1,1,50,8,-1,-1,-1,-1,7,1,E01026978,0
Unvalidated,2024340NN0982,2024,340NN0982,4,9,0,-1,1,5,-1,0,0,0,0,0,2,1,-1,2,58,9,-1,-1,-1,-1,5,3,E01013790,0
Unvalidated,2024340NN0992,2024,340NN0992,1,9,0,-1,5,1,-1,2,0,0,0,0,1,1,-1,1,-1,-1,-1,-1,-1,-1,-1,-1,-1,0
Unvalidated,2024340NN0992,2024,340NN0992,2,19,0,-1,5,1,-1,2,0,0,0,0,2,1,-1,1,31,6,-1,-1,-1,-1,1,1,E01010238,0
Unvalidated,2024340NN0992,2024,340NN0992,3,9,0,-1,1,5,-1,2,0,0,0,0,0,1,-1,1,-1,-1,-1,-1,-1,-1,8,1,E01027162,0
Unvalidated,2024340NN1002,2024,340NN1002,1,9,0,-1,5,1,-1,4,0,0,0,0,1,1,-1,2,58,9,-1,-1,-1,-1,9,2,E01027052,0
Unvalidated,2024340NN1002,2024,340NN1002,2,9,0,-1,3,7,-1,3,5,0,0,0,4,1,-1,1,50,8,-1,-1,-1,-1,-1,-1,-1,0
Unvalidated,2024340NN1012,2024,340NN1012,1,9,0,-1,6,2,-1,0,5,10,0,10,4,1,-1,1,42,7,-1,-1,-1,-1,8,1,E01027064,0
Unvalidated,2024340NN1022,2024,340NN1022,1,9,0,-1,5,1,-1,0,0,0,0,0,1,1,-1,1,62,9,-1,-1,-1,-1,-1,-1,-1,0
Unvalidated,2024340NN1022,2024,340NN1022,2,1,0,-1,3,7,-1,0,5,0,0,0,4,1,-1,1,57,9,-1,-1,-1,-1,2,1,E01027105,0
Unvalidated,2024340NN1032,2024,340NN1032,1,9,0,-1,3,7,-1,0,0,0,0,0,1,1,-1,1,33,6,-1,-1,-1,-1,6,2,E01027323,0
Unvalidated,2024340NN1032,2024,340NN1032,2,9,0,-1,3,7,-1,0,0,0,0,0,3,1,-1,1,29,6,-1,-1,-1,-1,1,1,E01027249,0
Unvalidated,2024340NN1042,2024,340NN1042,1,-1,0,-1,1,5,-1,0,5,0,0,0,1,1,-1,2,-1,-1,-1,-1,-1,-1,-1,-1,-1,1
Unvalidated,2024340NN1052,2024,340NN1052,1,19,0,-1,8,4,-1,0,0,0,1,0,1,1,-1,1,29,6,-1,-1,-1,-1,4,1,E01027315,0
Unvalidated,2024340NN1052,2024,340NN1052,2,9,0,-1,8,4,-1,0,0,0,0,0,2,1,-1,2,37,7,-1,-1,-1,-1,2,1,E01027349,0
Unvalidated,2024340NN1062,2024,340NN1062,1,9,0,-1,5,1,-1,0,0,0,1,4,4,1,-1,1,28,6,-1,-1,-1,-1,6,1,E01009681,0
Unvalidated,2024340NN1062,2024,340NN1062,2,21,0,-1,5,1,-1,0,0,0,0,0,3,1,-1,1,56,9,-1,-1,-1,-1,2,1,E01026949,0
Unvalidated,2024340NN1072,2024,340NN1072,1,19,0,-1,3,7,-1,6,0,0,3,11,3,1,-1,1,32,6,-1,-1,-1,-1,1,1,E01026950,0
Unvalidated,2024340NN1072,2024,340NN1072,2,9,0,-1,1,5,-1,1,0,0,2,11,1,1,-1,1,38,7,-1,-1,-1,-1,10,2,E01025928,0
Unvalidated,2024340NN1082,2024,340NN1082,1,9,0,-1,4,1,-1,6,0,0,0,0,1,1,-1,2,35,6,-1,-1,-1,-1,7,1,E01027102,0
Unvalidated,2024340NN1082,2024,340NN1082,2,9,0,-1,1,6,-1,1,0,0,0,0,4,1,-1,1,46,8,-1,-1,-1,-1,7,1,E01027343,0
Unvalidated,2024340NN1092,2024,340NN1092,1,19,0,-1,1,5,-1,0,0,0,0,0,1,1,-1,1,48,8,-1,-1,-1,-1,-1,-1,-1,0
Unvalidated,2024340NN1092,2024,340NN1092,2,9,0,-1,1,5,-1,0,0,0,1,0,2,1,-1,1,46,8,-1,-1,-1,-1,10,1,E01027116,0
Unvalidated,2024340NN1102,2024,340NN1102,1,9,0,-1,4,8,-1,0,0,4,0,0,1,1,-1,2,39,7,-1,-1,-1,-1,2,1,E01026958,0
Unvalidated,2024340NN1102,2024,340NN1102,2,19,0,-1,0,0,-1,0,0,0,0,0,1,1,-1,3,-1,-1,-1,-1,-1,-1,-1,-1,-1,0
Unvalidated,2024340NN1102,2024,340NN1102,3,9,0,-1,0,0,-1,0,0,0,0,0,3,1,-1,3,-1,-1,-1,-1,-1,-1,-1,-1,-1,0
Unvalidated,2024340NN1112,2024,340NN1112,1,9,0,-1,4,7,-1,3,0,0,0,0,1,1,-1,1,54,8,-1,-1,-1,-1,8,1,E01027101,0
Unvalidated,2024340NN1122,2024,340NN1122,1,9,0,-1,6,2,-1,0,0,0,0,0,1,1,-1,2,46,8,-1,-1,-1,-1,7,1,E01026978,0
Unvalidated,2024340NN1122,2024,340NN1122,2,21,0,-1,6,2,-1,0,0,0,0,0,2,1,-1,1,27,6,-1,-1,-1,-1,5,3,E01033176,0
Unvalidated,2024340NN1132,2024,340NN1132,1,9,0,-1,2,6,-1,0,0,0,1,11,1,1,-1,1,71,10,-1,-1,-1,-1,5,1,E01027062,0
Unvalidated,2024340NN1142,2024,340NN1142,1,9,0,-1,5,1,-1,4,0,9,1,0,1,1,-1,1,19,4,-1,-1,-1,-1,7,3,E01027090,0
Unvalidated,2024340NN1152,2024,340NN1152,1,9,0,-1,1,5,-1,0,5,0,1,0,1,1,-1,2,36,7,-1,-1,-1,-1,9,1,E01027117,0
Unvalidated,2024340NN1162,2024,340NN1162,1,9,0,-1,4,8,-1,7,1,0,0,0,1,1,-1,1,18,4,-1,-1,-1,-1,3,2,E01027124,0
Unvalidated,2024340NN1162,2024,340NN1162,2,3,0,-1,4,8,-1,2,0,0,0,0,2,1,-1,1,56,9,-1,-1,-1,-1,1,1,E01030258,0
Unvalidated,2024340NN1172,2024,340NN1172,1,9,0,-1,5,1,-1,4,0,0,0,0,1,1,-1,1,23,5,-1,-1,-1,-1,1,1,E01027131,0
Unvalidated,2024340NN1172,2024,340NN1172,2,3,0,-1,3,7,-1,3,0,0,0,0,1,1,-1,1,25,5,-1,-1,-1,-1,1,1,E01027110,0
Unvalidated,2024340NN1182,2024,340NN1182,1,9,0,-1,6,2,-1,4,0,0,0,0,3,1,-1,1,26,6,-1,-1,-1,-1,9,1,E01027066,0
Unvalidated,2024340NN1182,2024,340NN1182,2,3,0,-1,4,8,-1,4,0,0,0,0,1,1,-1,1,19,4,-1,-1,-1,-1,3,2,E01027041,0
Unvalidated,2024340NN1192,2024,340NN1192,1,9,0,-1,7,6,-1,6,0,0,3,9,4,1,-1,2,34,6,-1,-1,-1,-1,8,3,E01027103,0
Unvalidated,2024340NN1192,2024,340NN1192,2,9,0,-1,6,2,-1,1,0,0,0,0,1,1,-1,2,44,7,-1,-1,-1,-1,9,1,E01027122,0
Unvalidated,2024340NN1202,2024,340NN1202,1,9,0,-1,1,6,-1,8,0,0,0,0,3,1,-1,1,29,6,-1,-1,-1,-1,8,3,E01026977,0
Unvalidated,2024340NN1202,2024,340NN1202,2,9,0,-1,1,4,-1,3,2,0,0,0,1,1,-1,1,19,4,-1,-1,-1,-1,4,1,E01016809,0
Unvalidated,2024340NN1212,2024,340NN1212,1,9,0,-1,8,4,-1,0,0,0,0,0,1,1,-1,3,-1,-1,-1,-1,-1,-1,-1,-1,-1,0
Unvalidated,2024340NN1212,2024,340NN1212,2,9,0,-1,8,4,-1,0,0,0,0,0,2,1,-1,1,46,8,-1,-1,-1,-1,-1,-1,-1,0
Unvalidated,2024340NN1222,2024,340NN1222,1,5,0,-1,2,6,-1,0,0,0,7,4,4,1,-1,1,60,9,-1,-1,-1,-1,2,1,E01027155,0
Unvalidated,2024340NN1232,2024,340NN1232,1,-1,0,-1,1,5,-1,2,0,0,0,0,1,1,-1,3,-1,-1,-1,-1,-1,-1,-1,-1,-1,1
Unvalidated,2024340NN1242,2024,340NN1242,1,19,0,-1,3,1,-1,6,0,0,0,0,1,1,-1,1,-1,-1,-1,-1,-1,-1,-1,-1,-1,0
Unvalidated,2024340NN1242,2024,340NN1242,2,1,0,-1,6,2,-1,8,0,0,0,0,3,1,-1,1,46,8,-1,-1,-1,-1,-1,-1,-1,0
Unvalidated,2024340NN1252,2024,340NN1252,1,9,0,-1,6,4,-1,4,0,0,0,0,0,1,-1,3,-1,-1,-1,-1,-1,-1,-1,-1,-1,0
Unvalidated,2024340NN1252,2024,340NN1252,2,3,0,-1,6,2,-1,3,2,0,0,0,3,1,-1,1,48,8,-1,-1,-1,-1,8,2,E01027074,0
Unvalidated,2024340NN1262,2024,340NN1262,1,9,0,-1,4,2,-1,6,0,10,0,0,3,1,-1,2,-1,-1,-1,-1,-1,-1,-1,-1,-1,0
Unvalidated,2024340NN1272,2024,340NN1272,1,8,0,-1,4,8,-1,1,0,0,0,0,1,1,-1,1,32,6,-1,-1,-1,-1,-1,-1,-1,0
Unvalidated,2024340NN1272,2024,340NN1272,2,9,0,-1,4,8,-1,1,0,0,0,0,2,1,-1,2,23,5,-1,-1,-1,-1,9,2,E01027042,0
Unvalidated,2024340NN1282,2024,340NN1282,1,8,0,-1,3,7,-1,0,0,0,0,0,1,1,-1,1,50,8,-1,-1,-1,-1,2,1,E01026954,0
Unvalidated,2024340NN1292,2024,340NN1292,1,97,0,-1,5,1,-1,1,0,0,0,0,0,1,-1,1,26,6,-1,-1,-1,-1,-1,-1,-1,0
Unvalidated,2024340NN1302,2024,340NN1302,1,9,0,-1,5,1,-1,0,0,0,0,0,1,1,-1,1,23,5,-1,-1,-1,-1,6,3,E01017503,0
Unvalidated,2024340NN1302,2024,340NN1302,2,9,0,-1,5,1,-1,0,0,0,0,0,2,1,-1,1,32,6,-1,-1,-1,-1,9,1,E01027347,0
Unvalidated,2024340NN1312,2024,340NN1312,1,9,0,-1,4,8,-1,6,0,0,0,0,1,1,-1,1,28,6,-1,-1,-1,-1,2,1,E01027128,0
Unvalidated,2024340NN1312,2024,340NN1312,2,9,0,-1,2,6,-1,1,0,0,0,0,4,1,-1,1,44,7,-1,-1,-1,-1,3,1,E01027245,0
Unvalidated,2024340NN1322,2024,340NN1322,1,3,0,-1,5,8,-1,5,2,0,1,0,4,1,-1,1,17,4,-1,-1,-1,-1,7,1,E01027102,0
Unvalidated,2024340NN1332,2024,340NN1332,1,9,0,-1,6,2,-1,0,1,0,1,0,1,1,-1,2,32,6,-1,-1,-1,-1,10,1,E01026307,0
Unvalidated,2024340NN1332,2024,340NN1332,2,9,0,-1,6,2,-1,0,0,11,5,10,2,1,-1,2,58,9,-1,-1,-1,-1,7,1,E01027321,0
Unvalidated,2024340NN1342,2024,340NN1342,1,9,0,-1,1,5,-1,4,0,0,3,1,1,1,-1,1,35,6,-1,-1,-1,-1,2,1,E01033499,0
Unvalidated,2024340NN1352,2024,340NN1352,1,9,0,-1,3,7,-1,5,0,0,0,0,1,1,-1,2,28,6,-1,-1,-1,-1,2,1,E01027128,0
Unvalidated,2024340NN1352,2024,340NN1352,2,9,0,-1,7,3,-1,8,0,0,0,0,1,1,-1,2,23,5,-1,-1,-1,-1,5,1,E01027091,0
Unvalidated,2024340NN1362,2024,340NN1362,1,9,0,-1,1,7,-1,6,0,0,0,0,0,1,-1,2,24,5,-1,-1,-1,-1,-1,-1,-1,0
Unvalidated,2024340NN1362,2024,340NN1362,2,9,0,-1,6,2,-1,1,0,10,0,0,1,1,-1,1,20,4,-1,-1,-1,-1,6,2,E01027326,0
Unvalidated,2024340NN1372,2024,340NN1372,1,5,0,-1,7,3,-1,7,1,0,0,0,1,1,-1,1,68,10,-1,-1,-1,-1,5,1,E01027062,0
Unvalidated,2024340NN1372,2024,340NN1372,2,9,0,-1,7,3,-1,7,0,0,0,0,2,1,-1,1,46,8,-1,-1,-1,-1,3,1,E01027065,0
Unvalidated,2024340NN1382,2024,340NN1382,1,9,0,-1,7,3,-1,2,0,0,0,0,4,1,-1,2,18,4,-1,-1,-1,-1,6,3,E01027057,0
Unvalidated,2024340NN1382,2024,340NN1382,2,9,0,-1,7,3,-1,2,0,0,0,0,2,1,-1,1,61,9,-1,-1,-1,-1,-1,-1,-1,0
Unvalidated,2024340NN1382,2024,340NN1382,3,9,0,-1,7,3,-1,2,0,0,0,0,2,1,-1,1,48,8,-1,-1,-1,-1,9,1,E01015684,0
Unvalidated,2024340NN1392,2024,340NN1392,1,9,0,-1,5,1,-1,4,0,0,3,0,1,1,-1,1,25,5,-1,-1,-1,-1,4,2,E01027126,0