status,collision_index,collision_year,collision_reference,vehicle_reference,vehicle_type,towing_and_articulation,vehicle_manoeuvre,vehicle_direction_from,vehicle_direction_to,vehicle_location_restricted_lane,junction_location,skidding_and_overturning,hit_object_in_carriageway,vehicle_leaving_carriageway,hit_object_off_carriageway,first_point_of_impact,vehicle_left_hand_drive,journey_purpose_of_driver,sex_of_driver,age_of_driver,age_band_of_driver,engine_capacity_cc,propulsion_code,age_of_vehicle,generic_make_model,driver_imd_decile,driver_home_area_type,lsoa_of_driver,escooter_flag
Unvalidated,2024340NN1402,2024,340NN1402,1,9,0,-1,3,7,-1,2,0,0,0,0,1,1,-1,1,21,5,-1,-1,-1,-1,8,1,E01027087,0
Unvalidated,2024340NN1402,2024,340NN1402,2,9,0,-1,0,0,-1,2,0,0,2,0,4,1,-1,3,-1,-1,-1,-1,-1,-1,-1,-1,-1,0
Unvalidated,2024340NN1412,2024,340NN1412,1,9,0,-1,1,3,-1,4,0,0,0,0,3,1,-1,2,37,7,-1,-1,-1,-1,8,3,E01026977,0
Unvalidated,2024340NN1412,2024,340NN1412,2,1,0,-1,7,3,-1,3,0,0,0,0,4,1,-1,2,58,9,-1,-1,-1,-1,3,1,E01026976,0
Unvalidated,2024340NN1422,2024,340NN1422,1,5,0,-1,6,4,-1,6,0,0,0,0,1,1,-1,1,82,11,-1,-1,-1,-1,9,2,E01027052,0
Unvalidated,2024340NN1422,2024,340NN1422,2,8,0,-1,4,8,-1,1,0,0,0,0,1,1,-1,1,49,8,-1,-1,-1,-1,8,1,E01027089,0
Unvalidated,2024340NN1432,2024,340NN1432,1,9,0,-1,6,4,-1,6,0,0,0,0,3,1,-1,2,29,6,-1,-1,-1,-1,1,1,E01026968,0
Unvalidated,2024340NN1432,2024,340NN1432,2,9,0,-1,4,8,-1,1,5,0,0,0,1,1,-1,2,56,9,-1,-1,-1,-1,3,1,E01026963,0
Unvalidated,2024340NN1442,2024,340NN1442,1,9,0,-1,6,2,-1,0,0,0,0,0,1,1,-1,1,45,7,-1,-1,-1,-1,3,1,E01015666,0
Unvalidated,2024340NN1442,2024,340NN1442,2,9,0,-1,6,2,-1,0,0,0,0,0,2,1,-1,1,31,6,-1,-1,-1,-1,5,1,E01027158,0
Unvalidated,2024340NN1442,2024,340NN1442,3,9,0,-1,6,2,-1,0,0,0,0,0,2,1,-1,1,52,8,-1,-1,-1,-1,6,2,E01027326,0
Unvalidated,2024340NN1452,2024,340NN1452,1,19,0,-1,1,5,-1,0,1,0,0,0,1,1,-1,1,37,7,-1,-1,-1,-1,1,1,E01027131,0
Unvalidated,2024340NN1452,2024,340NN1452,2,19,0,-1,1,5,-1,0,0,0,0,0,2,1,-1,1,33,6,-1,-1,-1,-1,2,1,E01027128,0
Unvalidated,2024340NN1462,2024,340NN1462,1,19,0,-1,2,6,-1,0,0,11,2,9,1,1,-1,1,32,6,-1,-1,-1,-1,10,1,E01018177,0
Unvalidated,2024340NN1472,2024,340NN1472,1,19,0,-1,1,7,-1,6,0,0,0,0,3,1,-1,2,36,7,-1,-1,-1,-1,3,1,E01027319,0
Unvalidated,2024340NN1472,2024,340NN1472,2,9,0,-1,7,3,-1,1,1,0,0,0,1,1,-1,1,33,6,-1,-1,-1,-1,5,1,E01027350,0
Unvalidated,2024340NN1482,2024,340NN1482,1,9,0,-1,3,7,-1,0,0,0,0,0,1,1,-1,1,39,7,-1,-1,-1,-1,4,3,E01033178,0
Unvalidated,2024340NN1482,2024,340NN1482,2,19,0,-1,7,3,-1,0,0,0,0,0,3,1,-1,1,33,6,-1,-1,-1,-1,9,3,E01025798,0
Unvalidated,2024340NN1482,2024,340NN1482,3,9,0,-1,7,3,-1,0,0,0,0,0,1,1,-1,1,42,7,-1,-1,-1,-1,4,3,E01033174,0
Unvalidated,2024340NN1492,2024,340NN1492,1,21,0,-1,1,5,-1,3,5,0,0,0,3,1,-1,2,44,7,-1,-1,-1,-1,9,1,E01027201,0
Unvalidated,2024340NN1492,2024,340NN1492,2,9,0,-1,5,1,-1,1,0,0,0,0,3,1,-1,1,29,6,-1,-1,-1,-1,7,3,E01026014,0
Unvalidated,2024340NN1502,2024,340NN1502,1,9,0,-1,5,1,-1,4,0,0,0,0,1,1,-1,1,33,6,-1,-1,-1,-1,4,1,E01030161,0
Unvalidated,2024340NN1502,2024,340NN1502,2,9,0,-1,3,7,-1,3,0,0,4,1,4,1,-1,2,56,9,-1,-1,-1,-1,7,1,E01026978,0
Unvalidated,2024340NN1502,2024,340NN1502,3,9,0,-1,7,3,-1,1,0,0,0,0,3,1,-1,1,37,7,-1,-1,-1,-1,8,3,E01027044,0
Unvalidated,2024340NN1512,2024,340NN1512,1,5,0,-1,1,5,-1,0,0,0,0,0,1,1,-1,1,28,6,-1,-1,-1,-1,1,1,E01027310,0
Unvalidated,2024340NN1512,2024,340NN1512,2,9,0,-1,1,5,-1,0,0,0,0,0,2,1,-1,1,24,5,-1,-1,-1,-1,9,1,E01027071,0
Unvalidated,2024340NN1522,2024,340NN1522,1,9,0,-1,7,3,-1,6,0,0,0,0,1,1,-1,2,45,7,-1,-1,-1,-1,9,1,E01027347,0
Unvalidated,2024340NN1522,2024,340NN1522,2,5,0,-1,1,5,-1,1,5,0,0,0,0,1,-1,1,23,5,-1,-1,-1,-1,7,2,E01027354,0
Unvalidated,2024340NN1532,2024,340NN1532,1,4,0,-1,5,1,-1,1,0,0,0,0,1,1,-1,1,21,5,-1,-1,-1,-1,8,2,E01032972,0
Unvalidated,2024340NN1532,2024,340NN1532,2,9,0,-1,5,1,-1,1,0,0,0,0,2,1,-1,1,30,6,-1,-1,-1,-1,4,2,E01027327,0
Unvalidated,2024340NN1542,2024,340NN1542,1,17,0,-1,6,8,-1,0,0,0,0,0,1,1,-1,1,44,7,-1,-1,-1,-1,3,1,E01027060,0
Unvalidated,2024340NN1542,2024,340NN1542,2,3,0,-1,8,4,-1,0,0,0,7,9,1,1,-1,1,24,5,-1,-1,-1,-1,3,2,E01027124,0
Unvalidated,2024340NN1552,2024,340NN1552,1,19,0,-1,8,4,-1,1,0,0,0,0,1,1,-1,1,30,6,-1,-1,-1,-1,2,1,E01032538,0
Unvalidated,2024340NN1552,2024,340NN1552,2,9,0,-1,8,4,-1,4,0,0,0,0,2,1,-1,1,27,6,-1,-1,-1,-1,9,1,E01027084,0
Unvalidated,2024340NN1562,2024,340NN1562,1,21,0,-1,1,5,-1,1,0,0,0,0,1,1,-1,1,58,9,-1,-1,-1,-1,6,1,E01019669,0
Unvalidated,2024340NN1562,2024,340NN1562,2,21,0,-1,5,1,-1,1,0,0,0,0,1,1,-1,1,54,8,-1,-1,-1,-1,-1,-1,-1,0
Unvalidated,2024340NN1572,2024,340NN1572,1,9,0,-1,1,5,-1,0,0,0,0,0,1,1,-1,2,51,8,-1,-1,-1,-1,3,2,E01027041,0
Unvalidated,2024340NN1582,2024,340NN1582,1,9,0,-1,5,2,-1,5,5,0,0,0,4,1,-1,2,40,7,-1,-1,-1,-1,7,3,E01027338,0
Unvalidated,2024340NN1582,2024,340NN1582,2,9,0,-1,8,4,-1,1,0,0,0,0,1,1,-1,1,66,10,-1,-1,-1,-1,9,1,E01027346,0
Unvalidated,2024340NN1592,2024,340NN1592,1,9,0,-1,3,1,-1,6,1,0,0,0,3,1,-1,1,85,11,-1,-1,-1,-1,5,1,E01027062,0
Unvalidated,2024340NN1592,2024,340NN1592,2,9,0,-1,2,6,-1,1,1,0,0,0,1,1,-1,2,63,9,-1,-1,-1,-1,5,2,E01027328,0
Unvalidated,2024340NN1602,2024,340NN1602,1,3,0,-1,1,5,-1,1,0,0,0,0,1,1,-1,1,24,5,-1,-1,-1,-1,3,1,E01027058,0
Unvalidated,2024340NN1602,2024,340NN1602,2,9,0,-1,1,5,-1,1,0,0,0,0,2,1,-1,1,35,6,-1,-1,-1,-1,4,1,E01027320,0
Unvalidated,2024340NN1612,2024,340NN1612,1,9,0,-1,0,0,-1,8,0,0,0,0,4,1,-1,3,-1,-1,-1,-1,-1,-1,-1,-1,-1,0
Unvalidated,2024340NN1612,2024,340NN1612,2,9,0,-1,0,0,-1,8,0,10,2,0,3,1,-1,1,63,9,-1,-1,-1,-1,-1,-1,-1,0
Unvalidated,2024340NN1622,2024,340NN1622,1,9,0,-1,1,5,-1,4,0,0,0,0,3,1,-1,3,-1,-1,-1,-1,-1,-1,-1,-1,-1,0
Unvalidated,2024340NN1622,2024,340NN1622,2,-1,0,-1,6,2,-1,8,0,0,0,0,1,1,-1,2,25,5,-1,-1,-1,-1,4,1,E01027316,1
Unvalidated,2024340NN1632,2024,340NN1632,1,9,0,-1,8,4,-1,0,0,0,0,0,4,1,-1,3,-1,-1,-1,-1,-1,-1,-1,-1,-1,0
Unvalidated,2024340NN1642,2024,340NN1642,1,5,0,-1,5,8,-1,0,0,10,4,0,1,1,-1,1,33,6,-1,-1,-1,-1,7,1,E01026974,0
Unvalidated,2024340NN1652,2024,340NN1652,1,9,0,-1,3,7,-1,0,0,0,0,0,1,1,-1,2,47,8,-1,-1,-1,-1,2,1,E01026949,0
Unvalidated,2024340NN1662,2024,340NN1662,1,5,0,-1,3,7,-1,1,1,0,0,0,1,1,-1,1,39,7,-1,-1,-1,-1,5,1,E01026973,0
Unvalidated,2024340NN1662,2024,340NN1662,2,10,0,-1,7,5,-1,5,0,0,0,0,4,1,-1,1,48,8,-1,-1,-1,-1,-1,-1,-1,0
Unvalidated,2024340NN1672,2024,340NN1672,1,9,0,-1,6,2,-1,2,0,0,0,0,2,1,-1,2,61,9,-1,-1,-1,-1,3,1,E01015757,0
Unvalidated,2024340NN1682,2024,340NN1682,1,9,0,-1,1,7,-1,5,0,0,0,0,4,1,-1,1,52,8,-1,-1,-1,-1,8,1,E01032963,0
Unvalidated,2024340NN1682,2024,340NN1682,2,9,0,-1,5,1,-1,1,0,0,0,0,1,1,-1,2,39,7,-1,-1,-1,-1,6,3,E01027043,0
Unvalidated,2024340NN1692,2024,340NN1692,1,9,0,-1,7,3,-1,0,0,0,0,0,1,1,-1,2,59,9,-1,-1,-1,-1,6,3,E01027032,0
Unvalidated,2024340NN1702,2024,340NN1702,1,9,0,-1,5,1,-1,0,0,0,1,0,1,1,-1,1,68,10,-1,-1,-1,-1,4,1,E01026952,0
Unvalidated,2024340NN1702,2024,340NN1702,2,9,0,-1,1,5,-1,0,0,0,0,0,1,1,-1,2,60,9,-1,-1,-1,-1,2,1,E01026966,0
Unvalidated,2024340NN1712,2024,340NN1712,1,8,0,-1,1,5,-1,1,0,0,1,9,1,1,-1,1,30,6,-1,-1,-1,-1,2,1,E01027137,0
Unvalidated,2024340NN1712,2024,340NN1712,2,9,0,-1,1,5,-1,1,0,0,0,0,2,1,-1,2,53,8,-1,-1,-1,-1,7,1,E01016722,0
Unvalidated,2024340NN1712,2024,340NN1712,3,19,0,-1,1,5,-1,1,0,0,0,0,3,1,-1,1,51,8,-1,-1,-1,-1,8,1,E01027217,0
Unvalidated,2024340NN1722,2024,340NN1722,1,9,0,-1,7,3,-1,5,0,0,0,0,1,1,-1,2,46,8,-1,-1,-1,-1,2,1,E01026961,0
Unvalidated,2024340NN1732,2024,340NN1732,1,9,0,-1,3,3,-1,0,0,0,0,0,3,1,-1,1,35,6,-1,-1,-1,-1,2,1,E01015594,0
Unvalidated,2024340NN1732,2024,340NN1732,2,9,0,-1,3,7,-1,0,0,0,0,0,4,1,-1,1,50,8,-1,-1,-1,-1,8,1,E01027329,0
Unvalidated,2024340NN1742,2024,340NN1742,1,9,0,-1,7,3,-1,2,0,0,0,0,1,1,-1,2,20,4,-1,-1,-1,-1,9,1,E01027084,0
Unvalidated,2024340NN1752,2024,340NN1752,1,11,0,-1,1,5,-1,1,0,0,0,0,4,1,-1,1,32,6,-1,-1,-1,-1,3,2,E01027124,0
Unvalidated,2024340NN1752,2024,340NN1752,2,98,0,-1,1,5,-1,5,0,0,0,0,2,1,-1,1,39,7,-1,-1,-1,-1,3,1,E01027058,0
Unvalidated,2024340NN1762,2024,340NN1762,1,9,0,-1,1,3,-1,3,0,0,0,0,1,1,-1,3,-1,-1,-1,-1,-1,-1,-1,-1,-1,0
Unvalidated,2024340NN1762,2024,340NN1762,2,9,0,-1,1,3,-1,3,0,0,0,0,4,1,-1,1,57,9,-1,-1,-1,-1,5,1,E01027130,0
Unvalidated,2024340NN1772,2024,340NN1772,1,9,0,-1,6,2,-1,3,0,0,0,0,1,1,-1,1,77,11,-1,-1,-1,-1,9,1,E01026357,0
Unvalidated,2024340NN1772,2024,340NN1772,2,9,0,-1,2,6,-1,1,0,0,0,0,3,1,-1,2,30,6,-1,-1,-1,-1,7,3,E01027050,0
Unvalidated,2024340NN1772,2024,340NN1772,3,9,0,-1,2,6,-1,1,0,0,0,0,1,1,-1,1,32,6,-1,-1,-1,-1,10,1,E01026294,0
Unvalidated,2024340NN1782,2024,340NN1782,1,4,0,-1,1,5,-1,2,1,0,0,0,2,1,-1,1,15,3,-1,-1,-1,-1,2,1,E01026949,0
Unvalidated,2024340NN1782,2024,340NN1782,2,9,0,-1,1,5,-1,2,0,0,0,0,1,1,-1,2,35,6,-1,-1,-1,-1,3,1,E01026969,0
Unvalidated,2024340NN1792,2024,340NN1792,1,9,0,-1,6,2,-1,1,0,7,0,0,1,1,-1,1,58,9,-1,-1,-1,-1,7,2,E01027076,0
Unvalidated,2024340NN1802,2024,340NN1802,1,9,0,-1,5,1,-1,1,0,0,0,0,1,1,-1,1,77,11,-1,-1,-1,-1,2,1,E01027229,0
Unvalidated,2024340NN1802,2024,340NN1802,2,9,0,-1,5,1,-1,8,0,0,0,0,2,1,-1,2,68,10,-1,-1,-1,-1,6,3,E01027043,0
Unvalidated,2024340NN1812,2024,340NN1812,1,19,0,-1,5,1,-1,2,0,0,0,0,1,1,-1,1,59,9,-1,-1,-1,-1,6,3,E01026239,0
Unvalidated,2024340NN1812,2024,340NN1812,2,9,0,-1,1,5,-1,2,0,0,0,0,1,1,-1,2,62,9,-1,-1,-1,-1,7,3,E01027031,0
Unvalidated,2024340NN1822,2024,340NN1822,1,2,0,-1,1,5,-1,0,5,0,0,0,3,1,-1,1,67,10,-1,-1,-1,-1,6,2,E01027039,0
Unvalidated,2024340NN1832,2024,340NN1832,1,9,0,-1,2,7,-1,4,0,0,0,0,1,1,-1,1,22,5,-1,-1,-1,-1,5,1,E01026973,0
Unvalidated,2024340NN1832,2024,340NN1832,2,5,0,-1,5,1,-1,8,1,0,7,0,4,1,-1,1,54,8,-1,-1,-1,-1,2,1,E01027105,0
Unvalidated,2024340NN1842,2024,340NN1842,1,19,0,-1,3,7,-1,0,0,4,0,0,1,1,-1,1,43,7,-1,-1,-1,-1,10,2,E01027046,0
Unvalidated,2024340NN1842,2024,340NN1842,2,9,0,-1,0,0,-1,0,0,0,0,0,2,1,-1,2,43,7,-1,-1,-1,-1,7,1,E01026978,0
Unvalidated,2024340NN1852,2024,340NN1852,1,9,0,-1,5,1,-1,0,5,0,0,0,1,1,-1,1,45,7,-1,-1,-1,-1,3,1,E01027319,0
Unvalidated,2024340NN1852,2024,340NN1852,2,9,0,-1,5,1,-1,0,0,0,0,0,2,1,-1,2,66,10,-1,-1,-1,-1,1,1,E01015661,0
Unvalidated,2024340NN1862,2024,340NN1862,1,9,0,-1,1,7,-1,3,0,0,0,2,3,1,-1,1,26,6,-1,-1,-1,-1,8,1,E01032963,0
Unvalidated,2024340NN1872,2024,340NN1872,1,9,0,-1,2,6,-1,2,0,0,0,0,1,1,-1,1,20,4,-1,-1,-1,-1,2,1,E01015612,0
Unvalidated,2024340NN1872,2024,340NN1872,2,9,0,-1,6,2,-1,1,0,0,0,0,1,1,-1,1,26,6,-1,-1,-1,-1,4,1,E01015622,0
Unvalidated,2024340NN1882,2024,340NN1882,1,9,0,-1,5,1,-1,0,1,0,0,0,1,1,-1,1,23,5,-1,-1,-1,-1,4,1,E01027069,0
Unvalidated,2024340NN1882,2024,340NN1882,2,9,0,-1,1,5,-1,0,1,0,7,9,1,1,-1,1,87,11,-1,-1,-1,-1,5,1,E01027062,0
Unvalidated,2024340NN1892,2024,340NN1892,1,9,0,-1,3,7,-1,0,0,0,0,0,1,1,-1,1,46,8,-1,-1,-1,-1,1,1,E01006607,0
Unvalidated,2024340NN1892,2024,340NN1892,2,9,0,-1,3,7,-1,0,0,0,0,0,2,1,-1,1,32,6,-1,-1,-1,-1,3,1,E01025706,0
Unvalidated,2024340NN1902,2024,340NN1902,1,9,0,-1,1,5,-1,6,0,0,0,0,3,1,-1,2,44,7,-1,-1,-1,-1,1,1,E01027334,0
Unvalidated,2024340NN1902,2024,340NN1902,2,9,0,-1,1,5,-1,2,0,0,0,0,4,1,-1,2,27,6,-1,-1,-1,-1,2,1,E01027341,0
Unvalidated,2024340NN1912,2024,340NN1912,1,9,0,-1,3,7,-1,0,0,0,0,0,1,1,-1,2,-1,-1,-1,-1,-1,-1,-1,-1,-1,0
Unvalidated,2024340NN1912,2024,340NN1912,2,9,0,-1,3,7,-1,0,0,0,0,0,2,1,-1,2,51,8,-1,-1,-1,-1,8,1,E01016780,0
Unvalidated,2024340NN1922,2024,340NN1922,1,19,0,-1,5,1,-1,1,0,0,0,0,1,1,-1,1,25,5,-1,-1,-1,-1,4,1,E01027313,0
Unvalidated,2024340NN1922,2024,340NN1922,2,9,0,-1,5,1,-1,1,0,0,0,0,2,1,-1,2,63,9,-1,-1,-1,-1,9,3,E01017672,0
Unvalidated,2024340NN1932,2024,340NN1932,1,9,0,-1,5,1,-1,8,0,0,0,0,3,1,-1,2,39,7,-1,-1,-1,-1,2,1,E01027341,0
Unvalidated,2024340NN1932,2024,340NN1932,2,1,0,-1,1,5,-1,8,0,0,0,0,3,1,-1,2,47,8,-1,-1,-1,-1,4,1,E01027315,0
Unvalidated,2024340NN1942,2024,340NN1942,1,9,0,-1,3,7,-1,1,0,0,0,0,1,1,-1,3,-1,-1,-1,-1,-1,-1,-1,-1,-1,0
Unvalidated,2024340NN1952,2024,340NN1952,1,-1,0,-1,5,7,-1,3,0,0,0,0,2,1,-1,2,22,5,-1,-1,-1,-1,-1,-1,-1,1
Unvalidated,2024340NN1952,2024,340NN1952,2,9,0,-1,5,7,-1,3,0,0,0,0,4,1,-1,1,68,10,-1,-1,-1,-1,5,1,E01026981,0
Unvalidated,2024340NN1962,2024,340NN1962,1,5,0,-1,1,5,-1,0,2,0,0,0,3,1,-1,1,34,6,-1,-1,-1,-1,3,1,E01027058,0
Unvalidated,2024340NN1972,2024,340NN1972,1,19,0,-1,3,7,-1,6,2,0,3,0,1,1,-1,1,36,7,-1,-1,-1,-1,1,1,E01027200,0
Unvalidated,2024340NN1972,2024,340NN1972,2,19,0,-1,1,5,-1,8,5,0,7,9,4,1,-1,1,33,6,-1,-1,-1,-1,6,3,E01027032,0
Unvalidated,2024340NN1982,2024,340NN1982,1,9,0,-1,7,5,-1,6,0,0,0,0,1,1,-1,1,71,10,-1,-1,-1,-1,9,1,E01027201,0
Unvalidated,2024340NN1982,2024,340NN1982,2,9,0,-1,5,1,-1,1,0,0,0,0,1,1,-1,2,35,6,-1,-1,-1,-1,-1,-1,-1,0
Unvalidated,2024340NN1992,2024,340NN1992,1,3,0,-1,7,5,-1,1,0,0,0,0,1,1,-1,1,23,5,-1,-1,-1,-1,9,2,E01027053,0
Unvalidated,2024340NN1992,2024,340NN1992,2,9,0,-1,7,5,-1,1,0,0,0,0,2,1,-1,2,72,10,-1,-1,-1,-1,6,2,E01027039,0
Unvalidated,2024340NN2002,2024,340NN2002,1,19,0,-1,1,5,-1,0,0,0,0,0,1,1,-1,1,59,9,-1,-1,-1,-1,6,1,E01026272,0
Unvalidated,2024340NN2002,2024,340NN2002,2,17,0,-1,1,5,-1,0,0,0,0,0,2,1,-1,1,34,6,-1,-1,-1,-1,9,2,E01027016,0
Unvalidated,2024340NN2012,2024,340NN2012,1,4,0,-1,1,5,-1,0,2,0,0,6,3,1,-1,1,18,4,-1,-1,-1,-1,3,3,E01027035,0
Unvalidated,2024340NN2022,2024,340NN2022,1,9,0,-1,5,1,-1,1,5,4,0,0,1,1,-1,1,33,6,-1,-1,-1,-1,6,3,E01017540,0
Unvalidated,2024340NN2022,2024,340NN2022,2,19,0,-1,0,0,-1,2,0,0,0,0,1,1,-1,1,-1,-1,-1,-1,-1,-1,-1,-1,-1,0
Unvalidated,2024340NN2032,2024,340NN2032,1,9,0,-1,3,7,-1,8,0,0,1,0,1,1,-1,1,49,8,-1,-1,-1,-1,7,1,E01027309,0
Unvalidated,2024340NN2042,2024,340NN2042,1,9,0,-1,3,1,-1,4,0,0,0,0,3,1,-1,2,40,7,-1,-1,-1,-1,3,1,E01027104,0
Unvalidated,2024340NN2042,2024,340NN2042,2,9,0,-1,5,1,-1,3,0,0,0,0,1,1,-1,1,25,5,-1,-1,-1,-1,-1,-1,-1,0
Unvalidated,2024340NN2052,2024,340NN2052,1,97,0,-1,6,2,-1,8,0,0,0,0,1,1,-1,1,19,4,-1,-1,-1,-1,3,2,E01027041,0
Unvalidated,2024340NN2052,2024,340NN2052,2,9,0,-1,4,1,-1,6,0,0,0,0,3,1,-1,1,26,6,-1,-1,-1,-1,9,2,E01027042,0
Unvalidated,2024340NN2062,2024,340NN2062,1,9,0,-1,3,7,-1,0,1,7,5,6,1,1,-1,1,36,7,-1,-1,-1,-1,5,1,E01027113,0
Unvalidated,2024340NN2062,2024,340NN2062,2,9,0,-1,3,7,-1,0,0,0,0,0,3,1,-1,2,39,7,-1,-1,-1,-1,5,1,E01031141,0
Unvalidated,2024340NN2072,2024,340NN2072,1,9,0,-1,7,3,-1,1,0,0,0,0,1,1,-1,2,45,7,-1,-1,-1,-1,-1,-1,-1,0
Unvalidated,2024340NN2082,2024,340NN2082,1,9,0,-1,7,3,-1,1,1,0,0,0,1,1,-1,3,-1,-1,-1,-1,-1,-1,-1,-1,-1,0
Unvalidated,2024340NN2082,2024,340NN2082,2,9,0,-1,7,3,-1,8,0,0,0,0,2,1,-1,1,39,7,-1,-1,-1,-1,4,2,E01027327,0
Unvalidated,2024340NN2102,2024,340NN2102,1,98,0,-1,5,1,-1,0,0,0,0,0,1,1,-1,2,-1,-1,-1,-1,-1,-1,-1,-1,-1,0
Unvalidated,2024340NN2322,2024,340NN2322,1,9,0,-1,7,3,-1,8,0,0,0,0,1,1,-1,1,25,5,-1,-1,-1,-1,-1,-1,-1,0
Unvalidated,2024340NN2322,2024,340NN2322,2,9,0,-1,5,1,-1,8,0,0,0,0,1,1,-1,1,47,8,-1,-1,-1,-1,10,1,E01027121,0
Unvalidated,2024340NN2672,2024,340NN2672,1,9,0,-1,3,7,-1,1,0,0,0,0,3,1,-1,1,60,9,-1,-1,-1,-1,3,1,E01026984,0
Unvalidated,2024340NN9012,2024,340NN9012,1,9,0,-1,5,1,-1,1,0,0,0,0,1,1,-1,1,34,6,-1,-1,-1,-1,2,1,E01027233,0
Unvalidated,2024340NN9012,2024,340NN9012,2,9,0,-1,5,1,-1,1,0,0,0,0,2,1,-1,1,30,6,-1,-1,-1,-1,-1,-1,-1,0
Unvalidated,2024340NN9012,2024,340NN9012,3,10,0,-1,1,5,-1,1,1,0,2,0,1,1,-1,1,35,6,-1,-1,-1,-1,4,1,E01001185,0
Unvalidated,2024340NN9022,2024,340NN9022,1,9,0,-1,8,4,-1,1,1,0,1,11,1,1,-1,1,19,4,-1,-1,-1,-1,5,2,E01032971,0
Unvalidated,2024340NN9032,2024,340NN9032,1,9,0,-1,5,1,-1,0,0,0,7,0,1,1,-1,1,43,7,-1,-1,-1,-1,1,1,E01015597,0
Unvalidated,2024340NN9032,2024,340NN9032,2,21,0,-1,1,5,-1,0,0,0,0,0,1,1,-1,1,40,7,-1,-1,-1,-1,9,1,E01017389,0
Unvalidated,2024340NN9042,2024,340NN9042,1,9,0,-1,3,1,-1,5,0,0,0,0,1,1,-1,2,20,4,-1,-1,-1,-1,2,1,E01027331,0
Unvalidated,2024340NN9042,2024,340NN9042,2,3,0,-1,7,3,-1,8,0,0,0,0,1,1,-1,1,30,6,-1,-1,-1,-1,2,1,E01027314,0
Unvalidated,2024340WN0012,2024,340WN0012,1,9,0,-1,1,5,-1,4,0,0,0,0,1,1,-1,1,47,8,-1,-1,-1,-1,2,1,E01027330,0
Unvalidated,2024340WN0012,2024,340WN0012,2,9,0,-1,7,3,-1,4,0,0,0,0,1,1,-1,1,56,9,-1,-1,-1,-1,2,1,E01027241,0
Unvalidated,2024340WN0022,2024,340WN0022,1,9,0,-1,1,5,-1,0,0,0,0,6,1,1,-1,2,28,6,-1,-1,-1,-1,3,1,E01010085,0
Unvalidated,2024340WN0032,2024,340WN0032,1,1,0,-1,8,8,-1,0,0,0,0,0,1,1,-1,1,18,4,-1,-1,-1,-1,1,1,E01027140,0
Unvalidated,2024340WN0032,2024,340WN0032,2,9,0,-1,4,8,-1,0,0,0,0,0,1,1,-1,1,28,6,-1,-1,-1,-1,9,1,E01027144,0
Unvalidated,2024340WN0032,2024,340WN0032,3,9,0,-1,4,8,-1,0,0,0,0,0,3,1,-1,2,53,8,-1,-1,-1,-1,3,1,E01027152,0
Unvalidated,2024340WN0032,2024,340WN0032,4,9,0,-1,4,8,-1,0,0,0,0,0,0,1,-1,1,39,7,-1,-1,-1,-1,1,1,E01027242,0
Unvalidated,2024340WN0042,2024,340WN0042,1,9,0,-1,6,2,-1,0,1,0,7,0,1,1,-1,2,51,8,-1,-1,-1,-1,7,2,E01027279,0
Unvalidated,2024340WN0052,2024,340WN0052,1,9,0,-1,8,4,-1,1,0,0,0,0,1,1,-1,1,26,6,-1,-1,-1,-1,2,1,E01026992,0
Unvalidated,2024340WN0052,2024,340WN0052,2,5,0,-1,8,4,-1,1,0,0,0,0,2,1,-1,1,31,6,-1,-1,-1,-1,10,2,E01027006,0
Unvalidated,2024340WN0052,2024,340WN0052,3,19,0,-1,8,4,-1,1,0,0,0,0,0,1,-1,1,54,8,-1,-1,-1,-1,10,2,E01027006,0
Unvalidated,2024340WN0052,2024,340WN0052,4,9,0,-1,0,0,-1,1,0,0,0,0,0,1,-1,2,-1,-1,-1,-1,-1,-1,-1,-1,-1,0
Unvalidated,2024340WN0062,2024,340WN0062,1,9,0,-1,2,6,-1,0,1,0,0,0,1,1,-1,2,20,4,-1,-1,-1,-1,9,1,E01027254,0
Unvalidated,2024340WN0062,2024,340WN0062,2,9,0,-1,6,2,-1,0,0,0,0,0,1,1,-1,1,41,7,-1,-1,-1,-1,10,1,E01027266,0
Unvalidated,2024340WN0072,2024,340WN0072,1,21,0,-1,8,4,-1,0,0,0,0,0,1,1,-1,1,50,8,-1,-1,-1,-1,-1,-1,-1,0
Unvalidated,2024340WN0072,2024,340WN0072,2,9,0,-1,8,4,-1,0,0,0,0,0,1,1,-1,1,41,7,-1,-1,-1,-1,4,1,E01001666,0
Unvalidated,2024340WN0082,2024,340WN0082,1,9,0,-1,3,7,-1,0,0,0,0,0,1,1,-1,1,19,4,-1,-1,-1,-1,7,1,E01023961,0
Unvalidated,2024340WN0092,2024,340WN0092,1,9,0,-1,3,7,-1,1,0,0,0,0,1,1,-1,2,-1,-1,-1,-1,-1,-1,-1,-1,-1,0
Unvalidated,2024340WN0092,2024,340WN0092,2,9,0,-1,3,7,-1,4,0,0,0,0,2,1,-1,2,24,5,-1,-1,-1,-1,10,2,E01027298,0
Unvalidated,2024340WN0102,2024,340WN0102,1,-1,0,-1,3,7,-1,1,0,0,0,0,1,1,-1,1,-1,-1,-1,-1,-1,-1,-1,-1,-1,1
Unvalidated,2024340WN0112,2024,340WN0112,1,21,0,-1,7,3,-1,0,0,0,2,4,1,1,-1,1,63,9,-1,-1,-1,-1,9,2,E01027053,0
Unvalidated,2024340WN0122,2024,340WN0122,1,-1,0,-1,1,6,-1,8,0,0,0,0,4,1,-1,1,25,5,-1,-1,-1,-1,-1,-1,-1,1
Unvalidated,2024340WN0122,2024,340WN0122,2,9,0,-1,1,6,-1,8,0,0,0,0,3,1,-1,1,50,8,-1,-1,-1,-1,-1,-1,-1,0
Unvalidated,2024340WN0132,2024,340WN0132,1,11,0,-1,6,2,-1,0,0,0,0,0,1,1,-1,1,53,8,-1,-1,-1,-1,8,3,E01027074,0
Unvalidated,2024340WN0132,2024,340WN0132,2,19,0,-1,6,2,-1,0,0,0,0,0,2,1,-1,1,35,6,-1,-1,-1,-1,9,2,E01013806,0
Unvalidated,2024340WN0132,2024,340WN0132,3,9,0,-1,6,2,-1,0,0,0,0,0,2,1,-1,1,67,10,-1,-1,-1,-1,7,1,E01026978,0
Unvalidated,2024340WN0132,2024,340WN0132,4,9,0,-1,6,2,-1,0,0,0,0,0,2,1,-1,1,40,7,-1,-1,-1,-1,3,1,E01027245,0
Unvalidated,2024340WN0142,2024,340WN0142,1,9,0,-1,1,5,-1,0,1,0,1,4,1,1,-1,2,33,6,-1,-1,-1,-1,1,1,E01013679,0
Unvalidated,2024340WN0152,2024,340WN0152,1,9,0,-1,4,8,-1,0,1,0,0,0,1,1,-1,2,37,7,-1,-1,-1,-1,10,2,E01027300,0
Unvalidated,2024340WN0152,2024,340WN0152,2,9,0,-1,8,4,-1,0,0,0,1,0,1,1,-1,1,58,9,-1,-1,-1,-1,2,1,E01008037,0
Unvalidated,2024340WN0162,2024,340WN0162,1,19,0,-1,5,1,-1,6,0,0,3,0,1,1,-1,1,69,10,-1,-1,-1,-1,6,3,E01027306,0