status,collision_index,collision_year,collision_reference,vehicle_reference,vehicle_type,towing_and_articulation,vehicle_manoeuvre,vehicle_direction_from,vehicle_direction_to,vehicle_location_restricted_lane,junction_location,skidding_and_overturning,hit_object_in_carriageway,vehicle_leaving_carriageway,hit_object_off_carriageway,first_point_of_impact,vehicle_left_hand_drive,journey_purpose_of_driver,sex_of_driver,age_of_driver,age_band_of_driver,engine_capacity_cc,propulsion_code,age_of_vehicle,generic_make_model,driver_imd_decile,driver_home_area_type,lsoa_of_driver,escooter_flag
Unvalidated,2024340WN0162,2024,340WN0162,2,9,0,-1,7,3,-1,8,0,0,1,7,1,1,-1,1,71,10,-1,-1,-1,-1,9,1,E01016793,0
Unvalidated,2024340WN0172,2024,340WN0172,1,9,0,-1,8,4,-1,2,0,0,1,4,1,1,-1,1,76,11,-1,-1,-1,-1,4,1,E01027171,0
Unvalidated,2024340WN0182,2024,340WN0182,1,19,0,-1,8,4,-1,6,0,0,0,0,3,1,-1,1,65,9,-1,-1,-1,-1,4,1,E01009927,0
Unvalidated,2024340WN0182,2024,340WN0182,2,9,0,-1,2,6,-1,8,0,0,0,0,1,1,-1,1,70,10,-1,-1,-1,-1,7,3,E01027277,0
Unvalidated,2024340WN0192,2024,340WN0192,1,9,0,-1,1,5,-1,0,1,0,7,4,1,1,-1,1,18,4,-1,-1,-1,-1,8,1,E01027193,0
Unvalidated,2024340WN0202,2024,340WN0202,1,9,0,-1,4,8,-1,0,1,0,0,6,1,1,-1,1,24,5,-1,-1,-1,-1,9,1,E01027992,0
Unvalidated,2024340WN0202,2024,340WN0202,2,19,0,-1,4,8,-1,0,1,0,0,7,2,1,-1,1,45,7,-1,-1,-1,-1,1,1,E01009197,0
Unvalidated,2024340WN0202,2024,340WN0202,3,9,0,-1,4,8,-1,0,1,1,0,7,1,1,-1,1,18,4,-1,-1,-1,-1,4,1,E01001406,0
Unvalidated,2024340WN0212,2024,340WN0212,1,9,0,-1,2,6,-1,2,0,0,0,4,1,1,-1,2,58,9,-1,-1,-1,-1,5,1,E01027232,0
Unvalidated,2024340WN0222,2024,340WN0222,1,9,0,-1,3,8,-1,8,0,0,0,0,1,1,-1,1,40,7,-1,-1,-1,-1,6,1,E01027169,0
Unvalidated,2024340WN0222,2024,340WN0222,2,9,0,-1,5,1,-1,4,0,0,0,0,1,1,-1,2,53,8,-1,-1,-1,-1,5,1,E01027136,0
Unvalidated,2024340WN0232,2024,340WN0232,1,9,0,-1,8,4,-1,1,0,0,0,0,1,1,-1,1,47,8,-1,-1,-1,-1,10,2,E01027298,0
Unvalidated,2024340WN0232,2024,340WN0232,2,3,0,-1,8,4,-1,8,2,0,0,0,2,1,-1,1,19,4,-1,-1,-1,-1,4,1,E01027132,0
Unvalidated,2024340WN0242,2024,340WN0242,1,9,0,-1,4,8,-1,0,1,0,1,4,1,1,-1,1,24,5,-1,-1,-1,-1,3,1,E01013510,0
Unvalidated,2024340WN0252,2024,340WN0252,1,19,0,-1,8,4,-1,0,0,0,0,0,1,1,-1,1,21,5,-1,-1,-1,-1,10,1,E01028364,0
Unvalidated,2024340WN0252,2024,340WN0252,2,9,0,-1,8,4,-1,0,0,0,0,0,2,1,-1,2,19,4,-1,-1,-1,-1,9,1,E01013168,0
Unvalidated,2024340WN0262,2024,340WN0262,1,9,0,-1,3,7,-1,2,5,0,1,11,1,1,-1,2,37,7,-1,-1,-1,-1,10,1,E01027272,0
Unvalidated,2024340WN0272,2024,340WN0272,1,9,0,-1,7,3,-1,6,0,0,0,0,4,1,-1,2,25,5,-1,-1,-1,-1,6,2,E01027025,0
Unvalidated,2024340WN0272,2024,340WN0272,2,9,0,-1,1,5,-1,1,0,0,0,0,1,1,-1,1,51,8,-1,-1,-1,-1,9,3,E01027016,0
Unvalidated,2024340WN0282,2024,340WN0282,1,8,0,-1,6,2,-1,1,1,10,0,0,1,1,-1,1,47,8,-1,-1,-1,-1,-1,-1,-1,0
Unvalidated,2024340WN0282,2024,340WN0282,2,9,0,-1,6,2,-1,8,0,0,8,0,2,1,-1,2,42,7,-1,-1,-1,-1,5,1,E01027232,0
Unvalidated,2024340WN0292,2024,340WN0292,1,9,0,-1,6,2,-1,0,0,0,1,0,1,1,-1,2,22,5,-1,-1,-1,-1,8,1,E01032376,0
Unvalidated,2024340WN0292,2024,340WN0292,2,9,0,-1,6,2,-1,0,0,0,0,0,2,1,-1,3,-1,-1,-1,-1,-1,-1,-1,-1,-1,0
Unvalidated,2024340WN0302,2024,340WN0302,1,21,0,-1,2,6,-1,0,0,0,0,0,1,1,-1,1,56,9,-1,-1,-1,-1,7,1,E01021212,0
Unvalidated,2024340WN0302,2024,340WN0302,2,9,0,-1,2,6,-1,0,0,0,0,0,2,1,-1,2,44,7,-1,-1,-1,-1,7,1,E01026351,0
Unvalidated,2024340WN0312,2024,340WN0312,1,9,0,-1,8,4,-1,0,0,0,0,0,1,1,-1,1,44,7,-1,-1,-1,-1,-1,-1,-1,0
Unvalidated,2024340WN0312,2024,340WN0312,2,9,0,-1,8,4,-1,0,0,0,0,0,2,1,-1,1,34,6,-1,-1,-1,-1,-1,-1,-1,0
Unvalidated,2024340WN0322,2024,340WN0322,1,9,0,-1,8,4,-1,0,0,0,0,0,1,1,-1,2,55,8,-1,-1,-1,-1,-1,-1,-1,0
Unvalidated,2024340WN0322,2024,340WN0322,2,9,0,-1,8,4,-1,0,0,0,0,0,2,1,-1,1,28,6,-1,-1,-1,-1,3,1,E01027188,0
Unvalidated,2024340WN0322,2024,340WN0322,3,9,0,-1,8,4,-1,0,0,0,0,0,2,1,-1,2,32,6,-1,-1,-1,-1,9,1,E01027166,0
Unvalidated,2024340WN0332,2024,340WN0332,1,9,0,-1,1,3,-1,3,0,0,0,0,3,1,-1,1,48,8,-1,-1,-1,-1,9,1,E01027264,0
Unvalidated,2024340WN0332,2024,340WN0332,2,9,0,-1,3,7,-1,1,0,0,0,0,3,1,-1,1,17,4,-1,-1,-1,-1,8,3,E01028483,0
Unvalidated,2024340WN0332,2024,340WN0332,3,9,0,-1,3,7,-1,1,0,0,0,0,3,1,-1,1,47,8,-1,-1,-1,-1,8,2,E01027288,0
Unvalidated,2024340WN0342,2024,340WN0342,1,9,0,-1,5,5,-1,2,0,0,0,0,3,1,-1,3,-1,-1,-1,-1,-1,-1,-1,-1,-1,0
Unvalidated,2024340WN0342,2024,340WN0342,2,4,0,-1,5,1,-1,2,1,0,0,0,4,1,-1,1,28,6,-1,-1,-1,-1,3,1,E01027154,0
Unvalidated,2024340WN0352,2024,340WN0352,1,9,0,-1,6,2,-1,6,0,0,0,0,1,1,-1,2,27,6,-1,-1,-1,-1,-1,-1,-1,0
Unvalidated,2024340WN0352,2024,340WN0352,2,1,0,-1,4,8,-1,8,0,0,0,0,1,1,-1,1,19,4,-1,-1,-1,-1,8,1,E01027174,0
Unvalidated,2024340WN0362,2024,340WN0362,1,9,0,-1,5,2,-1,0,0,0,0,0,1,1,-1,1,37,7,-1,-1,-1,-1,4,1,E01027061,0
Unvalidated,2024340WN0362,2024,340WN0362,2,9,0,-1,5,2,-1,0,0,0,0,0,2,1,-1,1,42,7,-1,-1,-1,-1,8,1,E01019685,0
Unvalidated,2024340WN0372,2024,340WN0372,1,1,0,-1,6,2,-1,8,0,0,0,0,3,1,-1,1,19,4,-1,-1,-1,-1,2,1,E01027226,0
Unvalidated,2024340WN0372,2024,340WN0372,2,9,0,-1,6,8,-1,5,0,0,0,0,4,1,-1,2,37,7,-1,-1,-1,-1,5,1,E01027158,0
Unvalidated,2024340WN0382,2024,340WN0382,1,9,0,-1,4,8,-1,8,0,0,0,0,1,1,-1,2,77,11,-1,-1,-1,-1,7,1,E01027219,0
Unvalidated,2024340WN0392,2024,340WN0392,1,9,0,-1,3,7,-1,1,0,10,7,11,1,1,-1,1,22,5,-1,-1,-1,-1,10,2,E01027298,0
Unvalidated,2024340WN0402,2024,340WN0402,1,9,0,-1,2,6,-1,1,1,10,1,2,4,1,-1,1,86,11,-1,-1,-1,-1,2,1,E01026992,0
Unvalidated,2024340WN0412,2024,340WN0412,1,98,0,-1,0,0,-1,0,0,0,0,0,3,1,-1,1,47,8,-1,-1,-1,-1,-1,-1,-1,0
Unvalidated,2024340WN0412,2024,340WN0412,2,9,0,-1,0,0,-1,0,0,0,0,0,4,1,-1,2,24,5,-1,-1,-1,-1,7,1,E01016827,0
Unvalidated,2024340WN0422,2024,340WN0422,1,9,0,-1,2,6,-1,6,0,0,0,0,4,1,-1,1,50,8,-1,-1,-1,-1,9,1,E01027164,0
Unvalidated,2024340WN0422,2024,340WN0422,2,9,0,-1,2,6,-1,6,0,0,0,0,3,1,-1,1,65,9,-1,-1,-1,-1,10,2,E01027295,0
Unvalidated,2024340WN0432,2024,340WN0432,1,9,0,-1,5,1,-1,0,1,0,0,0,1,1,-1,1,22,5,-1,-1,-1,-1,3,1,E01017906,0
Unvalidated,2024340WN0432,2024,340WN0432,2,9,0,-1,5,1,-1,0,1,0,5,6,2,1,-1,1,69,10,-1,-1,-1,-1,3,1,E01018534,0
Unvalidated,2024340WN0442,2024,340WN0442,1,9,0,-1,8,4,-1,0,0,0,0,0,1,1,-1,1,-1,-1,-1,-1,-1,-1,-1,-1,-1,0
Unvalidated,2024340WN0442,2024,340WN0442,2,9,0,-1,8,4,-1,0,0,0,0,0,2,1,-1,1,31,6,-1,-1,-1,-1,1,1,E01009540,0
Unvalidated,2024340WN0452,2024,340WN0452,1,9,0,-1,8,4,-1,1,0,0,0,0,1,1,-1,1,29,6,-1,-1,-1,-1,-1,-1,-1,0
Unvalidated,2024340WN0452,2024,340WN0452,2,9,0,-1,8,4,-1,1,0,0,0,0,2,1,-1,2,44,7,-1,-1,-1,-1,4,1,E01027132,0
Unvalidated,2024340WN0462,2024,340WN0462,1,9,0,-1,5,8,-1,5,0,10,7,1,3,1,-1,1,70,10,-1,-1,-1,-1,9,3,E01032985,0
Unvalidated,2024340WN0472,2024,340WN0472,1,-1,0,-1,6,2,-1,6,0,0,0,0,1,1,-1,1,32,6,-1,-1,-1,-1,-1,-1,-1,1
Unvalidated,2024340WN0472,2024,340WN0472,2,9,0,-1,4,6,-1,6,0,0,0,0,1,1,-1,2,33,6,-1,-1,-1,-1,7,1,E01027216,0
Unvalidated,2024340WN0482,2024,340WN0482,1,19,0,-1,4,8,-1,0,0,0,0,0,4,1,-1,3,-1,-1,-1,-1,-1,-1,-1,-1,-1,0
Unvalidated,2024340WN0482,2024,340WN0482,2,9,0,-1,4,8,-1,0,0,0,2,0,3,1,-1,1,55,8,-1,-1,-1,-1,9,1,E01021479,0
Unvalidated,2024340WN0492,2024,340WN0492,1,9,0,-1,6,2,-1,1,0,0,0,0,1,1,-1,1,30,6,-1,-1,-1,-1,7,3,E01027305,0
Unvalidated,2024340WN0492,2024,340WN0492,2,9,0,-1,6,2,-1,1,0,0,0,0,2,1,-1,1,42,7,-1,-1,-1,-1,-1,2,-1,0
Unvalidated,2024340WN0492,2024,340WN0492,3,19,0,-1,6,2,-1,1,0,0,0,0,2,1,-1,1,26,6,-1,-1,-1,-1,6,2,E01027029,0
Unvalidated,2024340WN0502,2024,340WN0502,1,19,0,-1,6,2,-1,0,0,0,0,0,4,1,-1,1,27,6,-1,-1,-1,-1,2,1,E01027137,0
Unvalidated,2024340WN0512,2024,340WN0512,1,9,0,-1,6,4,-1,6,0,0,0,0,3,1,-1,2,40,7,-1,-1,-1,-1,5,1,E01027139,0
Unvalidated,2024340WN0512,2024,340WN0512,2,9,0,-1,4,2,-1,6,0,0,0,0,1,1,-1,2,63,9,-1,-1,-1,-1,2,1,E01027151,0
Unvalidated,2024340WN0522,2024,340WN0522,1,9,0,-1,4,1,-1,5,0,0,0,0,1,1,-1,1,57,9,-1,-1,-1,-1,5,1,E01016838,0
Unvalidated,2024340WN0522,2024,340WN0522,2,9,0,-1,8,4,-1,1,0,0,0,0,3,1,-1,1,29,6,-1,-1,-1,-1,2,1,E01027229,0
Unvalidated,2024340WN0532,2024,340WN0532,1,9,0,-1,6,2,-1,6,0,0,0,0,1,1,-1,3,-1,-1,-1,-1,-1,-1,-1,-1,-1,0
Unvalidated,2024340WN0532,2024,340WN0532,2,9,0,-1,8,4,-1,8,1,0,1,0,3,1,-1,2,65,9,-1,-1,-1,-1,2,1,E01027170,0
Unvalidated,2024340WN0542,2024,340WN0542,1,9,0,-1,1,5,-1,1,0,0,0,0,1,1,-1,1,82,11,-1,-1,-1,-1,7,3,E01027011,0
Unvalidated,2024340WN0542,2024,340WN0542,2,9,0,-1,1,5,-1,5,0,0,0,0,2,1,-1,1,58,9,-1,-1,-1,-1,7,3,E01027011,0
Unvalidated,2024340WN0552,2024,340WN0552,1,19,0,-1,1,5,-1,1,0,0,0,0,1,1,-1,1,-1,-1,-1,-1,-1,-1,-1,-1,-1,0
Unvalidated,2024340WN0562,2024,340WN0562,1,9,0,-1,1,5,-1,0,0,0,0,0,1,1,-1,3,-1,-1,-1,-1,-1,-1,-1,-1,-1,0
Unvalidated,2024340WN0562,2024,340WN0562,2,9,0,-1,1,5,-1,0,0,0,8,6,2,1,-1,2,48,8,-1,-1,-1,-1,10,1,E01013539,0
Unvalidated,2024340WN0572,2024,340WN0572,1,-1,0,-1,5,1,-1,5,0,0,0,0,1,1,-1,2,-1,-1,-1,-1,-1,-1,2,1,E01027227,1
Unvalidated,2024340WN0582,2024,340WN0582,1,9,0,-1,0,0,-1,3,0,0,0,0,4,1,-1,1,32,6,-1,-1,-1,-1,7,1,E01028432,0
Unvalidated,2024340WN0582,2024,340WN0582,2,19,0,-1,0,0,-1,8,0,0,0,0,3,1,-1,1,-1,-1,-1,-1,-1,-1,-1,-1,-1,0
Unvalidated,2024340WN0592,2024,340WN0592,1,9,0,-1,4,8,-1,1,0,0,0,0,1,1,-1,3,-1,-1,-1,-1,-1,-1,-1,-1,-1,0
Unvalidated,2024340WN0592,2024,340WN0592,2,9,0,-1,4,2,-1,5,0,0,0,0,3,1,-1,2,31,6,-1,-1,-1,-1,1,1,E01027168,0
Unvalidated,2024340WN0602,2024,340WN0602,1,19,0,-1,1,5,-1,1,0,0,0,0,1,1,-1,3,-1,-1,-1,-1,-1,-1,-1,-1,-1,0
Unvalidated,2024340WN0602,2024,340WN0602,2,9,0,-1,1,5,-1,1,0,0,0,0,2,1,-1,1,54,8,-1,-1,-1,-1,9,1,E01027256,0
Unvalidated,2024340WN0612,2024,340WN0612,1,9,0,-1,1,5,-1,1,0,0,0,0,4,1,-1,1,-1,-1,-1,-1,-1,-1,-1,-1,-1,0
Unvalidated,2024340WN0622,2024,340WN0622,1,9,0,-1,5,1,-1,2,0,0,0,0,1,1,-1,2,-1,-1,-1,-1,-1,-1,-1,-1,-1,0
Unvalidated,2024340WN0632,2024,340WN0632,1,21,0,-1,6,1,-1,4,1,10,3,0,1,1,-1,1,60,9,-1,-1,-1,-1,9,1,E01023170,0
Unvalidated,2024340WN0642,2024,340WN0642,1,9,0,-1,1,5,-1,6,0,0,0,0,1,1,-1,2,87,11,-1,-1,-1,-1,7,1,E01027259,0
Unvalidated,2024340WN0642,2024,340WN0642,2,21,0,-1,1,5,-1,2,0,0,0,0,2,1,-1,1,38,7,-1,-1,-1,-1,1,1,E01026960,0
Unvalidated,2024340WN0652,2024,340WN0652,1,9,0,-1,3,7,-1,4,0,10,1,0,4,1,-1,1,19,4,-1,-1,-1,-1,6,1,E01026991,0
Unvalidated,2024340WN0662,2024,340WN0662,1,9,0,-1,3,7,-1,4,0,0,7,11,3,1,-1,2,23,5,-1,-1,-1,-1,5,1,E01027179,0
Unvalidated,2024340WN0662,2024,340WN0662,2,9,0,-1,1,5,-1,4,0,0,0,0,1,1,-1,2,35,6,-1,-1,-1,-1,5,1,E01027179,0
Unvalidated,2024340WN0672,2024,340WN0672,1,9,0,-1,0,0,-1,0,0,0,0,0,4,1,-1,3,-1,-1,-1,-1,-1,-1,-1,-1,-1,0
Unvalidated,2024340WN0672,2024,340WN0672,2,9,0,-1,0,0,-1,0,0,0,0,0,0,1,-1,1,19,4,-1,-1,-1,-1,4,1,E01032976,0
Unvalidated,2024340WN0682,2024,340WN0682,1,9,0,-1,4,8,-1,1,0,0,0,0,1,1,-1,1,-1,-1,-1,-1,-1,-1,-1,-1,-1,0
Unvalidated,2024340WN0682,2024,340WN0682,2,9,0,-1,4,8,-1,1,0,0,0,0,2,1,-1,1,69,10,-1,-1,-1,-1,9,1,E01027260,0
Unvalidated,2024340WN0692,2024,340WN0692,1,19,0,-1,1,5,-1,0,0,0,2,11,1,1,-1,1,42,7,-1,-1,-1,-1,7,3,E01027338,0
Unvalidated,2024340WN0692,2024,340WN0692,2,9,0,-1,5,1,-1,0,1,0,0,0,1,1,-1,1,52,8,-1,-1,-1,-1,9,3,E01027018,0
Unvalidated,2024340WN0702,2024,340WN0702,1,9,0,-1,1,5,-1,0,0,0,2,4,4,1,-1,2,19,4,-1,-1,-1,-1,10,2,E01027027,0
Unvalidated,2024340WN0712,2024,340WN0712,1,9,0,-1,4,8,-1,4,0,0,1,0,3,1,-1,1,18,4,-1,-1,-1,-1,2,1,E01027137,0
Unvalidated,2024340WN0712,2024,340WN0712,2,9,0,-1,2,6,-1,8,0,0,0,0,4,1,-1,2,39,7,-1,-1,-1,-1,2,1,E01027246,0
Unvalidated,2024340WN0722,2024,340WN0722,1,9,0,-1,1,5,-1,0,0,0,0,0,4,1,-1,1,22,5,-1,-1,-1,-1,1,1,E01027231,0
Unvalidated,2024340WN0732,2024,340WN0732,1,9,0,-1,2,6,-1,1,0,0,0,0,1,1,-1,1,81,11,-1,-1,-1,-1,9,3,E01027002,0
Unvalidated,2024340WN0732,2024,340WN0732,2,1,0,-1,2,6,-1,1,0,0,1,0,2,1,-1,1,50,8,-1,-1,-1,-1,9,1,E01027018,0
Unvalidated,2024340WN0742,2024,340WN0742,1,9,0,-1,4,8,-1,0,0,0,0,0,1,1,-1,1,41,7,-1,-1,-1,-1,-1,-1,-1,0
Unvalidated,2024340WN0742,2024,340WN0742,2,9,0,-1,8,4,-1,0,0,0,0,0,1,1,-1,1,35,6,-1,-1,-1,-1,6,1,E01027234,0
Unvalidated,2024340WN0752,2024,340WN0752,1,9,0,-1,7,3,-1,8,0,0,0,0,1,1,-1,1,29,6,-1,-1,-1,-1,7,1,E01027216,0
Unvalidated,2024340WN0752,2024,340WN0752,2,9,0,-1,7,3,-1,8,0,0,1,0,2,1,-1,1,24,5,-1,-1,-1,-1,4,1,E01027252,0
Unvalidated,2024340WN0762,2024,340WN0762,1,9,0,-1,1,5,-1,1,0,4,0,0,1,1,-1,3,-1,-1,-1,-1,-1,-1,-1,-1,-1,0
Unvalidated,2024340WN0762,2024,340WN0762,2,9,0,-1,0,0,-1,2,0,0,0,0,1,1,-1,3,-1,-1,-1,-1,-1,-1,-1,-1,-1,0
Unvalidated,2024340WN0772,2024,340WN0772,1,19,0,-1,8,4,-1,0,0,0,0,0,1,1,-1,3,-1,-1,-1,-1,-1,-1,-1,-1,-1,0
Unvalidated,2024340WN0772,2024,340WN0772,2,9,0,-1,8,4,-1,0,0,0,0,0,2,1,-1,1,36,7,-1,-1,-1,-1,6,1,E01027213,0
Unvalidated,2024340WN0782,2024,340WN0782,1,9,0,-1,3,4,-1,6,1,0,2,4,2,1,-1,2,50,8,-1,-1,-1,-1,6,2,E01027029,0
Unvalidated,2024340WN0782,2024,340WN0782,2,20,0,-1,7,4,-1,1,0,0,0,0,1,1,-1,1,49,8,-1,-1,-1,-1,7,1,E01028427,0
Unvalidated,2024340WN0792,2024,340WN0792,1,9,0,-1,5,1,-1,4,0,0,0,0,1,1,-1,1,30,6,-1,-1,-1,-1,2,1,E01027226,0
Unvalidated,2024340WN0792,2024,340WN0792,2,3,0,-1,3,7,-1,3,0,0,0,0,2,1,-1,1,17,4,-1,-1,-1,-1,-1,-1,-1,0
Unvalidated,2024340WN0802,2024,340WN0802,1,9,0,-1,6,8,-1,1,0,0,0,0,3,1,-1,2,42,7,-1,-1,-1,-1,1,1,E01027153,0
Unvalidated,2024340WN0812,2024,340WN0812,1,1,0,-1,6,2,-1,6,0,0,0,0,1,1,-1,1,24,5,-1,-1,-1,-1,1,1,E01027249,0
Unvalidated,2024340WN0812,2024,340WN0812,2,9,0,-1,4,8,-1,1,0,0,0,0,4,1,-1,1,42,7,-1,-1,-1,-1,1,1,E01027153,0
Unvalidated,2024340WN0822,2024,340WN0822,1,3,0,-1,8,4,-1,1,0,0,0,0,1,1,-1,1,16,4,-1,-1,-1,-1,7,1,E01027143,0
Unvalidated,2024340WN0822,2024,340WN0822,2,9,0,-1,8,6,-1,5,0,0,0,0,3,1,-1,1,34,6,-1,-1,-1,-1,2,1,E01027230,0
Unvalidated,2024340WN0832,2024,340WN0832,1,9,0,-1,8,4,-1,0,0,0,8,11,1,1,-1,1,34,6,-1,-1,-1,-1,10,3,E01027287,0
Unvalidated,2024340WN0842,2024,340WN0842,1,9,0,-1,8,5,-1,5,0,0,0,0,1,1,-1,1,50,8,-1,-1,-1,-1,3,1,E01025806,0
Unvalidated,2024340WN0842,2024,340WN0842,2,9,0,-1,4,8,-1,1,0,0,0,0,1,1,-1,1,31,6,-1,-1,-1,-1,8,3,E01027285,0
Unvalidated,2024340WN0852,2024,340WN0852,1,9,0,-1,8,4,-1,0,0,0,0,0,1,1,-1,1,71,10,-1,-1,-1,-1,7,3,E01027004,0
Unvalidated,2024340WN0852,2024,340WN0852,2,9,0,-1,0,0,-1,0,0,0,0,0,1,1,-1,1,-1,-1,-1,-1,-1,-1,-1,-1,-1,0
Unvalidated,2024340WN0862,2024,340WN0862,1,3,0,-1,8,4,-1,0,0,0,0,0,1,1,-1,1,17,4,-1,-1,-1,-1,9,2,E01027307,0
Unvalidated,2024340WN0862,2024,340WN0862,2,9,0,-1,8,4,-1,0,0,0,0,0,2,1,-1,2,19,4,-1,-1,-1,-1,3,1,E01016746,0
Unvalidated,2024340WN0872,2024,340WN0872,1,9,0,-1,6,2,-1,0,0,0,1,0,1,1,-1,1,38,7,-1,-1,-1,-1,3,1,E01027319,0
Unvalidated,2024340WN0872,2024,340WN0872,2,9,0,-1,6,2,-1,0,0,0,7,0,2,1,-1,2,51,8,-1,-1,-1,-1,9,1,E01032792,0
Unvalidated,2024340WN0872,2024,340WN0872,3,9,0,-1,6,2,-1,0,0,0,0,0,4,1,-1,1,27,6,-1,-1,-1,-1,10,2,E01018285,0
Unvalidated,2024340WN0882,2024,340WN0882,1,21,0,-1,4,8,-1,0,5,0,7,0,4,1,-1,1,60,9,-1,-1,-1,-1,9,1,E01027222,0
Unvalidated,2024340WN0892,2024,340WN0892,1,-1,0,-1,1,5,-1,1,0,0,0,0,1,1,-1,1,-1,-1,-1,-1,-1,-1,-1,-1,-1,1
Unvalidated,2024340WN0902,2024,340WN0902,1,9,0,-1,8,4,-1,4,0,0,1,0,1,1,-1,2,52,8,-1,-1,-1,-1,8,3,E01027074,0
Unvalidated,2024340WN0902,2024,340WN0902,2,9,0,-1,8,4,-1,4,0,0,0,0,4,1,-1,1,67,10,-1,-1,-1,-1,9,1,E01027253,0
Unvalidated,2024340WN0912,2024,340WN0912,1,9,0,-1,6,2,-1,1,0,0,0,0,1,1,-1,2,40,7,-1,-1,-1,-1,6,2,E01027029,0
Unvalidated,2024340WN0912,2024,340WN0912,2,9,0,-1,6,2,-1,1,0,0,0,0,2,1,-1,1,43,7,-1,-1,-1,-1,8,1,E01027209,0
Unvalidated,2024340WN0912,2024,340WN0912,3,9,0,-1,6,2,-1,1,0,0,0,0,2,1,-1,2,48,8,-1,-1,-1,-1,4,1,E01027012,0
Unvalidated,2024340WN0922,2024,340WN0922,1,9,0,-1,5,1,-1,6,0,0,3,10,1,1,-1,2,51,8,-1,-1,-1,-1,1,1,E01027242,0
Unvalidated,2024340WN0932,2024,340WN0932,1,9,0,-1,5,2,-1,6,0,0,0,0,2,1,-1,2,51,8,-1,-1,-1,-1,9,1,-1,0
Unvalidated,2024340WN0932,2024,340WN0932,2,9,0,-1,2,6,-1,1,0,0,0,0,1,1,-1,2,36,7,-1,-1,-1,-1,2,1,E01027230,0
Unvalidated,2024340WN0932,2024,340WN0932,3,11,0,-1,2,6,-1,1,0,0,0,0,1,1,-1,1,50,8,-1,-1,-1,-1,5,1,E01017913,0
Unvalidated,2024340WN0942,2024,340WN0942,1,9,0,-1,5,1,-1,0,0,0,0,0,1,1,-1,1,40,7,-1,-1,-1,-1,3,1,E01027224,0
Unvalidated,2024340WN0952,2024,340WN0952,1,9,0,-1,4,8,-1,0,0,0,0,0,1,1,-1,1,81,11,-1,-1,-1,-1,8,3,E01027024,0
Unvalidated,2024340WN0952,2024,340WN0952,2,19,0,-1,4,8,-1,0,0,0,0,0,2,1,-1,1,32,6,-1,-1,-1,-1,1,1,E01009297,0
Unvalidated,2024340WN0962,2024,340WN0962,1,9,0,-1,7,5,-1,6,0,0,0,0,4,1,-1,1,24,5,-1,-1,-1,-1,8,3,E01027285,0
Unvalidated,2024340WN0962,2024,340WN0962,2,4,0,-1,1,5,-1,1,0,0,0,0,1,1,-1,1,19,4,-1,-1,-1,-1,-1,2,-1,0
Unvalidated,2024340WN0972,2024,340WN0972,1,9,0,-1,5,3,-1,5,0,0,0,0,1,1,-1,1,17,4,-1,-1,-1,-1,5,1,E01026981,0
Unvalidated,2024340WN0972,2024,340WN0972,2,9,0,-1,1,5,-1,8,0,0,0,0,3,1,-1,2,50,8,-1,-1,-1,-1,7,3,E01027338,0
Unvalidated,2024340WN0982,2024,340WN0982,1,98,0,-1,8,4,-1,1,0,0,0,0,4,1,-1,3,-1,-1,-1,-1,-1,-1,-1,-1,-1,0
Unvalidated,2024340WN0982,2024,340WN0982,2,9,0,-1,8,4,-1,1,0,0,0,0,3,1,-1,2,42,7,-1,-1,-1,-1,2,1,E01027151,0
Unvalidated,2024340WN0992,2024,340WN0992,1,19,0,-1,5,1,-1,4,0,0,0,0,3,1,-1,1,60,9,-1,-1,-1,-1,9,1,E01027254,0
Unvalidated,2024340WN0992,2024,340WN0992,2,3,0,-1,3,1,-1,8,0,0,0,0,4,1,-1,2,46,8,-1,-1,-1,-1,2,1,E01027156,0
Unvalidated,2024340WN1002,2024,340WN1002,1,2,0,-1,6,2,-1,2,1,0,0,0,1,1,-1,1,20,4,-1,-1,-1,-1,7,1,E01027221,0
Unvalidated,2024340WN1012,2024,340WN1012,1,9,0,-1,1,5,-1,0,0,0,1,10,1,1,-1,1,18,4,-1,-1,-1,-1,5,1,E01027133,0
Unvalidated,2024340WN1022,2024,340WN1022,1,9,0,-1,5,1,-1,0,1,0,1,10,1,1,-1,2,19,4,-1,-1,-1,-1,9,1,E01027163,0
Unvalidated,2024340WN1022,2024,340WN1022,2,9,0,-1,1,5,-1,0,1,0,7,10,1,1,-1,1,38,7,-1,-1,-1,-1,7,2,E01027279,0
Unvalidated,2024340WN1032,2024,340WN1032,1,9,0,-1,2,6,-1,0,0,0,0,0,1,1,-1,1,45,7,-1,-1,-1,-1,5,1,E01027176,0
Unvalidated,2024340WN1032,2024,340WN1032,2,9,0,-1,2,6,-1,0,0,0,0,0,2,1,-1,3,-1,-1,-1,-1,-1,-1,-1,-1,-1,0
Unvalidated,2024340WN1032,2024,340WN1032,3,9,0,-1,2,6,-1,0,0,0,0,0,2,1,-1,1,23,5,-1,-1,-1,-1,10,1,E01027258,0
Unvalidated,2024340WN1042,2024,340WN1042,1,9,0,-1,4,8,-1,0,5,0,1,4,1,1,-1,1,57,9,-1,-1,-1,-1,8,1,E01027267,0
Unvalidated,2024340WN1052,2024,340WN1052,1,9,0,-1,3,7,-1,1,0,0,0,0,1,1,-1,3,-1,-1,-1,-1,-1,-1,-1,-1,-1,0
Unvalidated,2024340WN1062,2024,340WN1062,1,19,0,-1,2,6,-1,8,5,7,0,1,4,1,-1,1,52,8,-1,-1,-1,-1,9,1,E01027148,0
Unvalidated,2024340WN1062,2024,340WN1062,2,9,0,-1,4,8,-1,0,0,0,0,0,1,1,-1,2,42,7,-1,-1,-1,-1,3,1,E01027240,0
Unvalidated,2024340WN1072,2024,340WN1072,1,21,0,-1,6,1,-1,8,0,0,0,1,1,1,-1,1,50,8,-1,-1,-1,-1,-1,-1,-1,0
Unvalidated,2024340WN1072,2024,340WN1072,2,9,0,-1,6,2,-1,3,0,0,0,1,4,1,-1,1,45,7,-1,-1,-1,-1,-1,-1,-1,0
Unvalidated,2024340WN1082,2024,340WN1082,1,9,0,-1,2,6,-1,2,0,0,0,0,1,1,-1,1,46,8,-1,-1,-1,-1,10,3,E01027015,0
Unvalidated,2024340WN1092,2024,340WN1092,1,19,0,-1,6,2,-1,0,0,0,0,0,0,1,-1,3,-1,-1,-1,-1,-1,-1,-1,-1,-1,0
Unvalidated,2024340WN1092,2024,340WN1092,2,98,0,-1,6,2,-1,0,0,0,0,0,2,1,-1,1,58,9,-1,-1,-1,-1,1,1,E01018748,0
Unvalidated,2024340WN1092,2024,340WN1092,3,98,0,-1,6,2,-1,0,0,0,0,0,1,1,-1,1,53,8,-1,-1,-1,-1,5,1,E01018179,0
Unvalidated,2024340WN1102,2024,340WN1102,1,9,0,-1,6,2,-1,6,0,0,0,0,1,1,-1,2,61,9,-1,-1,-1,-1,5,1,E01009703,0
Unvalidated,2024340WN1102,2024,340WN1102,2,9,0,-1,5,1,-1,8,0,0,0,0,4,1,-1,2,46,8,-1,-1,-1,-1,5,1,E01031141,0