status,collision_index,collision_year,collision_reference,vehicle_reference,vehicle_type,towing_and_articulation,vehicle_manoeuvre,vehicle_direction_from,vehicle_direction_to,vehicle_location_restricted_lane,junction_location,skidding_and_overturning,hit_object_in_carriageway,vehicle_leaving_carriageway,hit_object_off_carriageway,first_point_of_impact,vehicle_left_hand_drive,journey_purpose_of_driver,sex_of_driver,age_of_driver,age_band_of_driver,engine_capacity_cc,propulsion_code,age_of_vehicle,generic_make_model,driver_imd_decile,driver_home_area_type,lsoa_of_driver,escooter_flag
Unvalidated,2024340WN1112,2024,340WN1112,1,19,0,-1,3,7,-1,8,0,0,0,0,4,1,-1,1,30,6,-1,-1,-1,-1,7,1,E01027135,0
Unvalidated,2024340WN1112,2024,340WN1112,2,1,0,-1,5,1,-1,1,0,0,0,0,1,1,-1,1,45,7,-1,-1,-1,-1,3,1,E01027188,0
Unvalidated,2024340WN1122,2024,340WN1122,1,3,0,-1,6,2,-1,0,1,0,0,0,3,1,-1,1,42,7,-1,-1,-1,-1,7,1,E01017646,0
Unvalidated,2024340WN1122,2024,340WN1122,2,9,0,-1,6,2,-1,0,0,0,0,0,4,1,-1,1,51,8,-1,-1,-1,-1,8,1,E01015472,0
Unvalidated,2024340WN1132,2024,340WN1132,1,1,0,-1,3,7,-1,1,0,0,0,0,1,1,-1,1,18,4,-1,-1,-1,-1,3,1,E01027154,0
Unvalidated,2024340WN1132,2024,340WN1132,2,9,0,-1,1,5,-1,6,5,0,0,0,4,1,-1,2,30,6,-1,-1,-1,-1,6,1,E01027234,0
Unvalidated,2024340WN1142,2024,340WN1142,1,98,0,-1,1,5,-1,0,0,0,0,0,4,1,-1,1,44,7,-1,-1,-1,-1,9,1,E01027020,0
Unvalidated,2024340WN1142,2024,340WN1142,2,9,0,-1,1,5,-1,0,0,0,0,0,3,1,-1,1,23,5,-1,-1,-1,-1,1,1,E01027140,0
Unvalidated,2024340WN1152,2024,340WN1152,1,8,0,-1,1,5,-1,0,0,4,0,0,1,1,-1,1,49,8,-1,-1,-1,-1,2,1,E01026992,0
Unvalidated,2024340WN1152,2024,340WN1152,2,9,0,-1,5,1,-1,0,1,0,7,0,1,1,-1,1,40,7,-1,-1,-1,-1,1,1,E01027013,0
Unvalidated,2024340WN1152,2024,340WN1152,3,20,0,-1,0,0,-1,0,0,0,0,0,2,1,-1,3,-1,-1,-1,-1,-1,-1,-1,-1,-1,0
Unvalidated,2024340WN1162,2024,340WN1162,1,9,0,-1,3,7,-1,0,0,10,2,0,1,1,-1,2,72,10,-1,-1,-1,-1,10,1,E01027205,0
Unvalidated,2024340WN1162,2024,340WN1162,2,9,0,-1,3,7,-1,0,0,0,0,0,2,1,-1,1,52,8,-1,-1,-1,-1,9,1,E01027201,0
Unvalidated,2024340WN1172,2024,340WN1172,1,1,0,-1,7,3,-1,6,0,0,0,0,1,1,-1,1,17,4,-1,-1,-1,-1,2,1,E01027156,0
Unvalidated,2024340WN1172,2024,340WN1172,2,19,0,-1,5,1,-1,1,0,0,0,0,1,1,-1,1,28,6,-1,-1,-1,-1,-1,-1,-1,0
Unvalidated,2024340WN1182,2024,340WN1182,1,19,0,-1,5,3,-1,6,0,0,0,0,4,1,-1,2,29,6,-1,-1,-1,-1,4,1,E01032980,0
Unvalidated,2024340WN1182,2024,340WN1182,2,9,0,-1,7,3,-1,1,0,0,0,0,3,1,-1,1,-1,-1,-1,-1,-1,-1,-1,-1,-1,0
Unvalidated,2024340WN1192,2024,340WN1192,1,9,0,-1,6,2,-1,6,0,0,0,0,1,1,-1,1,42,7,-1,-1,-1,-1,8,1,E01026990,0
Unvalidated,2024340WN1192,2024,340WN1192,2,9,0,-1,8,4,-1,8,0,0,0,0,1,1,-1,1,65,9,-1,-1,-1,-1,7,2,E01027011,0
Unvalidated,2024340WN1202,2024,340WN1202,1,9,0,-1,5,1,-1,6,0,0,0,0,1,1,-1,2,-1,-1,-1,-1,-1,-1,-1,-1,-1,0
Unvalidated,2024340WN1202,2024,340WN1202,2,9,0,-1,7,3,-1,8,0,0,0,0,1,1,-1,1,28,6,-1,-1,-1,-1,3,1,E01027112,0
Unvalidated,2024340WN1212,2024,340WN1212,1,9,0,-1,8,4,-1,1,0,0,0,0,1,1,-1,3,-1,-1,-1,-1,-1,-1,-1,-1,-1,0
Unvalidated,2024340WN1222,2024,340WN1222,1,9,0,-1,6,2,-1,1,0,0,0,0,1,1,-1,1,-1,-1,-1,-1,-1,-1,-1,-1,-1,0
Unvalidated,2024340WN1222,2024,340WN1222,2,8,0,-1,6,2,-1,1,0,0,0,0,2,1,-1,1,26,6,-1,-1,-1,-1,1,1,E01027239,0
Unvalidated,2024340WN1232,2024,340WN1232,1,9,0,-1,8,5,-1,6,0,0,0,0,1,1,-1,3,-1,-1,-1,-1,-1,-1,-1,-1,-1,0
Unvalidated,2024340WN1232,2024,340WN1232,2,9,0,-1,7,3,-1,8,0,0,0,0,4,1,-1,1,62,9,-1,-1,-1,-1,1,1,E01027195,0
Unvalidated,2024340WN1242,2024,340WN1242,1,9,0,-1,1,5,-1,0,1,0,0,0,4,1,-1,3,-1,-1,-1,-1,-1,-1,-1,-1,-1,0
Unvalidated,2024340WN1242,2024,340WN1242,2,9,0,-1,1,5,-1,0,0,0,0,0,3,1,-1,1,28,6,-1,-1,-1,-1,5,1,E01003022,0
Unvalidated,2024340WN1252,2024,340WN1252,1,9,0,-1,1,5,-1,0,0,0,1,0,3,1,-1,1,-1,-1,-1,-1,-1,-1,-1,-1,-1,0
Unvalidated,2024340WN1252,2024,340WN1252,2,9,0,-1,5,1,-1,0,0,0,1,0,3,1,-1,1,37,7,-1,-1,-1,-1,8,1,E01026990,0
Unvalidated,2024340WN1262,2024,340WN1262,1,9,0,-1,8,4,-1,0,0,0,0,0,1,1,-1,1,19,4,-1,-1,-1,-1,4,1,E01027007,0
Unvalidated,2024340WN1262,2024,340WN1262,2,9,0,-1,4,8,-1,0,0,0,0,0,1,1,-1,1,57,9,-1,-1,-1,-1,10,2,E01027287,0
Unvalidated,2024340WN1262,2024,340WN1262,3,9,0,-1,8,4,-1,0,0,0,0,0,0,1,-1,1,26,6,-1,-1,-1,-1,7,3,E01027004,0
Unvalidated,2024340WN1272,2024,340WN1272,1,9,0,-1,5,3,-1,4,0,10,3,1,1,1,-1,2,19,4,-1,-1,-1,-1,9,1,E01027166,0
Unvalidated,2024340WN1282,2024,340WN1282,1,9,0,-1,6,2,-1,0,0,0,0,0,4,1,-1,2,20,4,-1,-1,-1,-1,-1,-1,-1,0
Unvalidated,2024340WN1292,2024,340WN1292,1,9,0,-1,2,6,-1,0,0,0,0,0,3,1,-1,1,22,5,-1,-1,-1,-1,8,2,E01027282,0
Unvalidated,2024340WN1302,2024,340WN1302,1,19,0,-1,6,2,-1,0,0,0,0,0,2,1,-1,1,-1,-1,-1,-1,-1,-1,-1,-1,-1,0
Unvalidated,2024340WN1302,2024,340WN1302,2,9,0,-1,0,0,-1,0,0,0,0,0,1,1,-1,2,45,7,-1,-1,-1,-1,2,1,E01027155,0
Unvalidated,2024340WN1312,2024,340WN1312,1,9,0,-1,5,1,-1,1,0,0,0,0,1,1,-1,1,42,7,-1,-1,-1,-1,8,1,E01027101,0
Unvalidated,2024340WN1312,2024,340WN1312,2,9,0,-1,5,1,-1,1,0,0,0,0,2,1,-1,1,34,6,-1,-1,-1,-1,3,2,E01027124,0
Unvalidated,2024340WN1322,2024,340WN1322,1,9,0,-1,2,6,-1,4,0,0,7,1,1,1,-1,1,77,11,-1,-1,-1,-1,7,1,E01027219,0
Unvalidated,2024340WN1322,2024,340WN1322,2,9,0,-1,7,3,-1,8,0,0,0,0,4,1,-1,1,44,7,-1,-1,-1,-1,3,1,E01027245,0
Unvalidated,2024340WN1332,2024,340WN1332,1,9,0,-1,3,1,-1,6,1,0,3,9,3,1,-1,2,29,6,-1,-1,-1,-1,-1,-1,-1,0
Unvalidated,2024340WN1332,2024,340WN1332,2,9,0,-1,8,4,-1,1,1,0,0,0,1,1,-1,1,63,9,-1,-1,-1,-1,5,2,E01027017,0
Unvalidated,2024340WN1342,2024,340WN1342,1,9,0,-1,4,8,-1,2,0,0,0,0,4,1,-1,1,-1,-1,-1,-1,-1,-1,-1,-1,-1,0
Unvalidated,2024340WN1342,2024,340WN1342,2,9,0,-1,4,8,-1,2,0,10,0,0,3,1,-1,1,25,5,-1,-1,-1,-1,2,1,E01027151,0
Unvalidated,2024340WN1352,2024,340WN1352,1,9,0,-1,6,2,-1,6,0,0,0,0,1,1,-1,2,70,10,-1,-1,-1,-1,6,1,E01027213,0
Unvalidated,2024340WN1352,2024,340WN1352,2,97,0,-1,4,8,-1,8,5,0,0,0,4,1,-1,2,25,5,-1,-1,-1,-1,9,2,E01027016,0
Unvalidated,2024340WN1362,2024,340WN1362,1,9,0,-1,8,4,-1,1,0,0,0,0,1,1,-1,1,36,7,-1,-1,-1,-1,10,3,E01032983,0
Unvalidated,2024340WN1372,2024,340WN1372,1,9,0,-1,5,1,-1,1,0,0,1,10,1,1,-1,1,29,6,-1,-1,-1,-1,4,1,E01027012,0
Unvalidated,2024340WN1372,2024,340WN1372,2,9,0,-1,5,1,-1,1,0,0,0,0,2,1,-1,2,30,6,-1,-1,-1,-1,6,1,E01026991,0
Unvalidated,2024340WN1382,2024,340WN1382,1,9,0,-1,2,6,-1,4,0,0,0,0,1,1,-1,1,-1,-1,-1,-1,-1,-1,-1,-1,-1,0
Unvalidated,2024340WN1382,2024,340WN1382,2,1,0,-1,8,4,-1,3,0,0,0,0,4,1,-1,1,27,6,-1,-1,-1,-1,2,1,E01027214,0
Unvalidated,2024340WN1392,2024,340WN1392,1,8,0,-1,3,7,-1,6,0,0,0,0,2,1,-1,1,65,9,-1,-1,-1,-1,3,1,E01027154,0
Unvalidated,2024340WN1392,2024,340WN1392,2,9,0,-1,3,7,-1,8,0,0,0,0,1,1,-1,2,40,7,-1,-1,-1,-1,2,1,E01027228,0
Unvalidated,2024340WN1402,2024,340WN1402,1,9,0,-1,7,3,-1,6,0,0,0,0,1,1,-1,1,25,5,-1,-1,-1,-1,9,1,E01027014,0
Unvalidated,2024340WN1402,2024,340WN1402,2,9,0,-1,5,1,-1,8,0,0,7,0,1,1,-1,1,49,8,-1,-1,-1,-1,6,3,E01027030,0
Unvalidated,2024340WN1412,2024,340WN1412,1,9,0,-1,6,2,-1,8,0,0,7,0,1,1,-1,1,55,8,-1,-1,-1,-1,8,1,E01027141,0
Unvalidated,2024340WN1412,2024,340WN1412,2,9,0,-1,8,6,-1,6,0,0,0,0,1,1,-1,2,70,10,-1,-1,-1,-1,7,1,E01027182,0
Unvalidated,2024340WN1422,2024,340WN1422,1,9,0,-1,5,1,-1,3,0,0,0,0,3,1,-1,1,-1,-1,-1,-1,-1,-1,-1,-1,-1,0
Unvalidated,2024340WN1422,2024,340WN1422,2,9,0,-1,5,1,-1,3,0,0,0,0,1,1,-1,2,58,9,-1,-1,-1,-1,2,1,E01027214,0
Unvalidated,2024340WN1432,2024,340WN1432,1,9,0,-1,1,5,-1,2,0,0,0,0,1,1,-1,3,-1,-1,-1,-1,-1,-1,-1,-1,-1,0
Unvalidated,2024340WN1442,2024,340WN1442,1,9,0,-1,2,6,-1,1,0,0,0,0,4,1,-1,2,76,11,-1,-1,-1,-1,10,1,E01022987,0
Unvalidated,2024340WN1452,2024,340WN1452,1,19,0,-1,1,5,-1,8,0,0,0,0,4,1,-1,1,41,7,-1,-1,-1,-1,5,3,E01026715,0
Unvalidated,2024340WN1452,2024,340WN1452,2,3,0,-1,1,5,-1,1,2,0,1,0,1,1,-1,1,22,5,-1,-1,-1,-1,-1,1,-1,0
Unvalidated,2024340WN1462,2024,340WN1462,1,9,0,-1,5,2,-1,6,0,0,0,0,1,1,-1,2,79,11,-1,-1,-1,-1,2,1,E01027228,0
Unvalidated,2024340WN1462,2024,340WN1462,2,9,0,-1,2,6,-1,1,0,0,0,0,4,1,-1,1,43,7,-1,-1,-1,-1,9,1,E01027018,0
Unvalidated,2024340WN1472,2024,340WN1472,1,19,0,-1,6,2,-1,0,0,0,0,0,1,1,-1,1,38,7,-1,-1,-1,-1,7,1,E01027146,0
Unvalidated,2024340WN1482,2024,340WN1482,1,9,0,-1,6,2,-1,1,0,0,1,4,1,1,-1,2,36,7,-1,-1,-1,-1,6,2,E01027029,0
Unvalidated,2024340WN1492,2024,340WN1492,1,9,0,-1,5,1,-1,5,0,0,0,0,4,1,-1,3,-1,-1,-1,-1,-1,-1,-1,-1,-1,0
Unvalidated,2024340WN1492,2024,340WN1492,2,9,0,-1,1,5,-1,8,0,0,0,0,1,1,-1,2,22,5,-1,-1,-1,-1,1,1,E01027231,0
Unvalidated,2024340WN1502,2024,340WN1502,1,3,0,-1,5,1,-1,4,0,0,0,0,3,1,-1,1,27,6,-1,-1,-1,-1,1,1,E01008905,0
Unvalidated,2024340WN1502,2024,340WN1502,2,21,0,-1,5,1,-1,4,0,0,0,0,4,1,-1,1,54,8,-1,-1,-1,-1,-1,-1,-1,0
Unvalidated,2024340WN1512,2024,340WN1512,1,21,0,-1,2,8,-1,6,0,0,0,0,0,1,-1,1,47,8,-1,-1,-1,-1,8,1,E01026347,0
Unvalidated,2024340WN1512,2024,340WN1512,2,1,0,-1,6,2,-1,1,0,0,2,0,4,1,-1,1,58,9,-1,-1,-1,-1,6,3,E01027119,0
Unvalidated,2024340WN1522,2024,340WN1522,1,9,0,-1,6,2,-1,1,0,0,1,0,1,1,-1,1,36,7,-1,-1,-1,-1,7,1,E01027219,0
Unvalidated,2024340WN1522,2024,340WN1522,2,9,0,-1,6,2,-1,1,0,0,0,0,2,1,-1,2,75,10,-1,-1,-1,-1,8,1,E01027141,0
Unvalidated,2024340WN1532,2024,340WN1532,1,9,0,-1,6,4,-1,6,0,0,0,0,1,1,-1,1,51,8,-1,-1,-1,-1,3,1,E01027154,0
Unvalidated,2024340WN1532,2024,340WN1532,2,5,0,-1,2,4,-1,6,0,0,0,0,3,1,-1,1,38,7,-1,-1,-1,-1,-1,1,-1,0
Unvalidated,2024340WN1542,2024,340WN1542,1,1,0,-1,3,7,-1,6,0,0,0,0,1,1,-1,1,62,9,-1,-1,-1,-1,8,3,E01027024,0
Unvalidated,2024340WN1542,2024,340WN1542,2,9,0,-1,5,1,-1,4,0,0,0,0,1,1,-1,1,44,7,-1,-1,-1,-1,3,1,E01027240,0
Unvalidated,2024340WN1552,2024,340WN1552,1,20,0,-1,2,6,-1,1,0,0,0,0,1,1,-1,1,27,6,-1,-1,-1,-1,2,1,E01027351,0
Unvalidated,2024340WN1552,2024,340WN1552,2,9,0,-1,6,2,-1,2,0,0,0,0,1,1,-1,2,56,9,-1,-1,-1,-1,4,1,E01027007,0
Unvalidated,2024340WN1552,2024,340WN1552,3,20,0,-1,6,2,-1,2,0,0,0,0,1,1,-1,1,55,8,-1,-1,-1,-1,2,1,E01027214,0
Unvalidated,2024340WN1562,2024,340WN1562,1,21,0,-1,8,5,-1,5,0,0,3,0,1,1,-1,1,29,6,-1,-1,-1,-1,9,2,E01027108,0
Unvalidated,2024340WN1562,2024,340WN1562,2,9,0,-1,4,8,-1,1,0,0,0,0,3,1,-1,2,45,7,-1,-1,-1,-1,9,2,E01027325,0
Unvalidated,2024340WN1572,2024,340WN1572,1,8,0,-1,3,8,-1,6,0,0,0,0,1,1,-1,1,48,8,-1,-1,-1,-1,1,1,E01027239,0
Unvalidated,2024340WN1572,2024,340WN1572,2,9,0,-1,6,2,-1,8,0,0,0,0,3,1,-1,2,56,9,-1,-1,-1,-1,9,1,E01027218,0
Unvalidated,2024340WN1582,2024,340WN1582,1,9,0,-1,2,6,-1,0,5,4,0,0,4,1,-1,2,21,5,-1,-1,-1,-1,9,1,E01021527,0
Unvalidated,2024340WN1582,2024,340WN1582,2,9,0,-1,0,0,-1,0,0,0,0,0,3,1,-1,2,55,8,-1,-1,-1,-1,5,1,E01027232,0
Unvalidated,2024340WN1592,2024,340WN1592,1,19,0,-1,4,2,-1,5,0,0,0,0,4,1,-1,1,21,5,-1,-1,-1,-1,7,1,E01027216,0
Unvalidated,2024340WN1592,2024,340WN1592,2,1,0,-1,8,4,-1,1,0,0,0,0,1,1,-1,1,58,9,-1,-1,-1,-1,3,1,E01027152,0
Unvalidated,2024340WN1602,2024,340WN1602,1,9,0,-1,5,3,-1,5,0,0,0,0,4,1,-1,2,29,6,-1,-1,-1,-1,2,1,E01027151,0
Unvalidated,2024340WN1602,2024,340WN1602,2,3,0,-1,1,5,-1,1,0,0,0,0,1,1,-1,1,37,7,-1,-1,-1,-1,-1,-1,-1,0
Unvalidated,2024340WN1612,2024,340WN1612,1,9,0,-1,7,3,-1,0,0,0,0,0,4,1,-1,1,30,6,-1,-1,-1,-1,7,1,E01027182,0
Unvalidated,2024340WN1622,2024,340WN1622,1,9,0,-1,4,8,-1,0,0,4,0,0,3,1,-1,1,28,6,-1,-1,-1,-1,9,1,E01027264,0
Unvalidated,2024340WN1622,2024,340WN1622,2,9,0,-1,0,0,-1,0,0,0,0,0,3,1,-1,3,-1,-1,-1,-1,-1,-1,-1,-1,-1,0
Unvalidated,2024340WN1632,2024,340WN1632,1,9,0,-1,6,2,-1,1,0,0,0,0,1,1,-1,3,-1,-1,-1,-1,-1,-1,-1,-1,-1,0
Unvalidated,2024340WN1632,2024,340WN1632,2,1,0,-1,6,2,-1,1,0,0,0,0,2,1,-1,1,28,6,-1,-1,-1,-1,2,1,E01027155,0
Unvalidated,2024340WN1642,2024,340WN1642,1,9,0,-1,4,2,-1,5,0,0,0,0,3,1,-1,1,59,9,-1,-1,-1,-1,3,1,E01027185,0
Unvalidated,2024340WN1652,2024,340WN1652,1,9,0,-1,3,1,-1,6,0,0,0,0,4,1,-1,1,29,6,-1,-1,-1,-1,1,1,E01027153,0
Unvalidated,2024340WN1652,2024,340WN1652,2,9,0,-1,5,1,-1,8,0,0,0,0,3,1,-1,2,27,6,-1,-1,-1,-1,1,1,E01027198,0
Unvalidated,2024340WN1662,2024,340WN1662,1,9,0,-1,5,3,-1,5,0,0,0,6,1,1,-1,1,61,9,-1,-1,-1,-1,6,2,E01027323,0
Unvalidated,2024340WN1662,2024,340WN1662,2,19,0,-1,1,5,-1,8,0,0,0,0,3,1,-1,1,31,6,-1,-1,-1,-1,1,1,E01027200,0
Unvalidated,2024340WN1672,2024,340WN1672,1,9,0,-1,3,7,-1,0,5,0,1,0,1,1,-1,1,20,4,-1,-1,-1,-1,8,3,E01027026,0
Unvalidated,2024340WN1682,2024,340WN1682,1,4,0,-1,1,5,-1,4,1,0,0,0,1,1,-1,2,16,4,-1,-1,-1,-1,7,1,E01027210,0
Unvalidated,2024340WN1682,2024,340WN1682,2,4,0,-1,5,3,-1,3,0,0,0,0,4,1,-1,1,-1,-1,-1,-1,-1,-1,7,1,E01027210,0
Unvalidated,2024340WN1692,2024,340WN1692,1,9,0,-1,5,3,-1,5,0,0,0,0,4,1,-1,2,45,7,-1,-1,-1,-1,-1,-1,-1,0
Unvalidated,2024340WN1692,2024,340WN1692,2,9,0,-1,1,5,-1,1,0,0,0,0,1,1,-1,2,34,6,-1,-1,-1,-1,5,1,E01027138,0
Unvalidated,2024340WN1702,2024,340WN1702,1,9,0,-1,3,8,-1,6,0,0,0,0,1,1,-1,1,39,7,-1,-1,-1,-1,9,2,E01027284,0
Unvalidated,2024340WN1702,2024,340WN1702,2,9,0,-1,8,4,-1,1,0,7,4,1,1,1,-1,1,27,6,-1,-1,-1,-1,4,1,E01016724,0
Unvalidated,2024340WN1712,2024,340WN1712,1,9,0,-1,6,2,-1,1,0,0,1,9,1,1,-1,1,62,9,-1,-1,-1,-1,10,1,E01027205,0
Unvalidated,2024340WN1712,2024,340WN1712,2,9,0,-1,4,8,-1,1,0,0,0,0,1,1,-1,1,39,7,-1,-1,-1,-1,7,1,E01033431,0
Unvalidated,2024340WN1722,2024,340WN1722,1,8,0,-1,3,7,-1,4,1,0,0,0,1,1,-1,1,42,7,-1,-1,-1,-1,-1,-1,-1,0
Unvalidated,2024340WN1722,2024,340WN1722,2,9,0,-1,1,5,-1,8,0,0,0,0,4,1,-1,1,69,10,-1,-1,-1,-1,2,1,E01027155,0
Unvalidated,2024340WN1732,2024,340WN1732,1,9,0,-1,8,6,-1,6,0,0,0,0,1,1,-1,2,27,6,-1,-1,-1,-1,1,1,E01032979,0
Unvalidated,2024340WN1732,2024,340WN1732,2,9,0,-1,8,6,-1,6,0,0,0,0,2,1,-1,2,43,7,-1,-1,-1,-1,5,1,E01024601,0
Unvalidated,2024340WN1742,2024,340WN1742,1,9,0,-1,1,5,-1,1,0,0,1,0,1,1,-1,1,30,6,-1,-1,-1,-1,2,1,E01015703,0
Unvalidated,2024340WN1742,2024,340WN1742,2,9,0,-1,1,5,-1,1,0,0,0,0,2,1,-1,1,57,9,-1,-1,-1,-1,-1,-1,-1,0
Unvalidated,2024340WN1752,2024,340WN1752,1,9,0,-1,7,3,-1,0,0,0,0,0,1,1,-1,3,-1,-1,-1,-1,-1,-1,-1,-1,-1,0
Unvalidated,2024340WN1752,2024,340WN1752,2,19,0,-1,7,3,-1,0,1,0,1,4,2,1,-1,1,32,6,-1,-1,-1,-1,6,1,E01033043,0
Unvalidated,2024340WN1762,2024,340WN1762,1,9,0,-1,1,5,-1,1,0,0,0,0,1,1,-1,3,-1,-1,-1,-1,-1,-1,-1,-1,-1,0
Unvalidated,2024340WN1762,2024,340WN1762,2,9,0,-1,1,5,-1,1,0,0,0,0,3,1,-1,3,-1,-1,-1,-1,-1,-1,-1,-1,-1,0
Unvalidated,2024340WN1772,2024,340WN1772,1,9,0,-1,3,7,-1,4,0,0,0,0,1,1,-1,1,59,9,-1,-1,-1,-1,-1,-1,-1,0
Unvalidated,2024340WN1772,2024,340WN1772,2,1,0,-1,1,6,-1,8,0,0,0,0,4,1,-1,1,68,10,-1,-1,-1,-1,7,2,E01027011,0
Unvalidated,2024340WN1782,2024,340WN1782,1,9,0,-1,1,5,-1,1,1,0,1,11,1,1,-1,1,63,9,-1,-1,-1,-1,6,3,E01027030,0
Unvalidated,2024340WN1792,2024,340WN1792,1,9,0,-1,3,7,-1,0,0,0,0,0,1,1,-1,2,-1,-1,-1,-1,-1,-1,1,1,E01027195,0
Unvalidated,2024340WN1802,2024,340WN1802,1,9,0,-1,3,7,-1,0,0,0,7,4,1,1,-1,2,52,8,-1,-1,-1,-1,6,3,E01027306,0
Unvalidated,2024340WN1812,2024,340WN1812,1,11,0,-1,3,7,-1,1,0,0,0,0,4,1,-1,1,-1,-1,-1,-1,-1,-1,-1,-1,-1,0
Unvalidated,2024340WN1822,2024,340WN1822,1,98,0,-1,5,1,-1,0,0,0,0,0,4,1,-1,1,47,8,-1,-1,-1,-1,-1,-1,-1,0
Unvalidated,2024340WN1822,2024,340WN1822,2,9,0,-1,5,1,-1,0,0,0,0,0,3,1,-1,2,75,10,-1,-1,-1,-1,3,1,E01015306,0
Unvalidated,2024340WN1832,2024,340WN1832,1,9,0,-1,7,4,-1,5,0,0,0,0,4,1,-1,2,35,6,-1,-1,-1,-1,9,1,E01027250,0
Unvalidated,2024340WN1832,2024,340WN1832,2,9,0,-1,3,7,-1,1,0,0,0,0,1,1,-1,1,34,6,-1,-1,-1,-1,9,1,E01027163,0
Unvalidated,2024340WN1842,2024,340WN1842,1,9,0,-1,7,3,-1,4,0,0,0,0,3,1,-1,1,43,7,-1,-1,-1,-1,4,1,E01027247,0
Unvalidated,2024340WN1842,2024,340WN1842,2,5,0,-1,5,1,-1,8,5,0,0,0,1,1,-1,1,37,7,-1,-1,-1,-1,3,1,E01027245,0
Unvalidated,2024340WN1852,2024,340WN1852,1,9,0,-1,8,2,-1,4,0,0,0,0,1,1,-1,2,23,5,-1,-1,-1,-1,4,1,E01032980,0
Unvalidated,2024340WN1852,2024,340WN1852,2,9,0,-1,7,2,-1,3,0,0,1,0,2,1,-1,1,63,9,-1,-1,-1,-1,5,1,E01027192,0
Unvalidated,2024340WN1862,2024,340WN1862,1,9,0,-1,3,7,-1,4,0,0,0,0,1,1,-1,2,69,10,-1,-1,-1,-1,9,3,E01027307,0
Unvalidated,2024340WN1862,2024,340WN1862,2,9,0,-1,1,5,-1,3,1,0,1,0,4,1,-1,2,54,8,-1,-1,-1,-1,8,1,E01027162,0
Unvalidated,2024340WN1872,2024,340WN1872,1,9,0,-1,5,1,-1,0,0,0,8,0,1,1,-1,1,-1,-1,-1,-1,-1,-1,-1,-1,-1,0
Unvalidated,2024340WN1882,2024,340WN1882,1,9,0,-1,5,3,-1,5,0,0,0,0,4,1,-1,1,21,5,-1,-1,-1,-1,9,1,E01027254,0
Unvalidated,2024340WN1882,2024,340WN1882,2,9,0,-1,1,5,-1,1,0,11,0,0,1,1,-1,1,20,4,-1,-1,-1,-1,3,1,E01027081,0
Unvalidated,2024340WN1892,2024,340WN1892,1,2,0,-1,4,2,-1,6,0,0,0,0,1,1,-1,1,19,4,-1,-1,-1,-1,7,1,E01027172,0
Unvalidated,2024340WN1892,2024,340WN1892,2,9,0,-1,2,6,-1,1,0,0,0,0,1,1,-1,1,45,7,-1,-1,-1,-1,3,1,E01027175,0
Unvalidated,2024340WN1902,2024,340WN1902,1,9,0,-1,5,1,-1,6,0,0,0,0,1,1,-1,2,51,8,-1,-1,-1,-1,9,1,E01003901,0
Unvalidated,2024340WN1902,2024,340WN1902,2,9,0,-1,3,7,-1,8,1,0,7,1,4,1,-1,2,53,8,-1,-1,-1,-1,7,3,E01031198,0
Unvalidated,2024340WN1912,2024,340WN1912,1,9,0,-1,2,6,-1,3,1,4,0,7,3,1,-1,1,22,5,-1,-1,-1,-1,3,1,E01027191,0
Unvalidated,2024340WN1912,2024,340WN1912,2,9,0,-1,0,0,-1,2,0,10,0,0,4,1,-1,3,-1,-1,-1,-1,-1,-1,-1,-1,-1,0
Unvalidated,2024340WN1912,2024,340WN1912,3,19,0,-1,0,0,-1,2,0,0,0,0,1,1,-1,3,-1,-1,-1,-1,-1,-1,-1,-1,-1,0
Unvalidated,2024340WN1912,2024,340WN1912,4,9,0,-1,0,0,-1,2,0,0,0,0,2,1,-1,3,-1,-1,-1,-1,-1,-1,-1,-1,-1,0
Unvalidated,2024340WN1922,2024,340WN1922,1,19,4,-1,4,8,-1,1,0,0,0,0,1,1,-1,1,28,6,-1,-1,-1,-1,6,1,E01027236,0
Unvalidated,2024340WN1922,2024,340WN1922,2,9,0,-1,4,8,-1,1,0,0,0,0,2,1,-1,1,32,6,-1,-1,-1,-1,10,3,E01027276,0
Unvalidated,2024340WN1922,2024,340WN1922,3,9,0,-1,4,8,-1,1,0,0,0,0,2,1,-1,1,57,9,-1,-1,-1,-1,4,1,E01016717,0
Unvalidated,2024340WN1932,2024,340WN1932,1,4,0,-1,6,2,-1,0,0,0,0,0,1,1,-1,1,23,5,-1,-1,-1,-1,5,1,E01026973,0
Unvalidated,2024340WN1932,2024,340WN1932,2,21,0,-1,6,2,-1,0,0,0,0,0,2,1,-1,1,57,9,-1,-1,-1,-1,6,2,E01027029,0
Unvalidated,2024340WN1942,2024,340WN1942,1,21,0,-1,7,3,-1,0,1,0,0,0,1,1,-1,1,57,9,-1,-1,-1,-1,9,2,E01029882,0
Unvalidated,2024340WN1942,2024,340WN1942,2,21,0,-1,7,3,-1,0,1,0,0,0,2,1,-1,1,52,8,-1,-1,-1,-1,8,1,E01023541,0
Unvalidated,2024340WN1942,2024,340WN1942,3,21,0,-1,7,3,-1,0,0,0,0,0,2,1,-1,1,39,7,-1,-1,-1,-1,4,1,E01029549,0
Unvalidated,2024340WN1952,2024,340WN1952,1,-1,0,-1,3,7,-1,0,0,0,0,0,1,1,-1,1,-1,-1,-1,-1,-1,-1,-1,-1,-1,1
Unvalidated,2024340WN1962,2024,340WN1962,1,19,0,-1,1,1,-1,0,0,0,0,0,3,1,-1,1,28,6,-1,-1,-1,-1,10,1,E01012567,0
Unvalidated,2024340WN1962,2024,340WN1962,2,5,0,-1,1,5,-1,0,5,0,0,0,1,1,-1,1,55,8,-1,-1,-1,-1,8,3,E01027074,0
Unvalidated,2024340WN1972,2024,340WN1972,1,9,0,-1,1,5,-1,1,0,0,0,0,1,1,-1,1,47,8,-1,-1,-1,-1,8,1,E01026990,0
Unvalidated,2024340WN1972,2024,340WN1972,2,9,0,-1,1,5,-1,1,0,0,0,0,2,1,-1,1,46,8,-1,-1,-1,-1,7,3,E01015474,0
Unvalidated,2024340WN1982,2024,340WN1982,1,9,0,-1,7,5,-1,6,0,0,0,0,1,1,-1,2,18,4,-1,-1,-1,-1,2,1,E01027156,0
Unvalidated,2024340WN1982,2024,340WN1982,2,9,0,-1,5,1,-1,1,0,0,0,0,1,1,-1,1,74,10,-1,-1,-1,-1,1,1,E01032978,0
Unvalidated,2024340WN1992,2024,340WN1992,1,3,0,-1,5,2,-1,3,0,0,0,0,4,1,-1,1,48,8,-1,-1,-1,-1,1,1,E01032978,0
Unvalidated,2024340WN1992,2024,340WN1992,2,9,0,-1,1,2,-1,3,0,0,0,0,3,1,-1,2,38,7,-1,-1,-1,-1,9,1,E01027212,0
Unvalidated,2024340WN2002,2024,340WN2002,1,9,0,-1,3,7,-1,6,0,0,0,0,4,1,-1,1,32,6,-1,-1,-1,-1,2,1,E01027223,0
Unvalidated,2024340WN2002,2024,340WN2002,2,9,0,-1,1,5,-1,1,1,0,1,1,1,1,-1,1,24,5,-1,-1,-1,-1,5,1,E01027133,0