status,collision_index,collision_year,collision_reference,vehicle_reference,vehicle_type,towing_and_articulation,vehicle_manoeuvre,vehicle_direction_from,vehicle_direction_to,vehicle_location_restricted_lane,junction_location,skidding_and_overturning,hit_object_in_carriageway,vehicle_leaving_carriageway,hit_object_off_carriageway,first_point_of_impact,vehicle_left_hand_drive,journey_purpose_of_driver,sex_of_driver,age_of_driver,age_band_of_driver,engine_capacity_cc,propulsion_code,age_of_vehicle,generic_make_model,driver_imd_decile,driver_home_area_type,lsoa_of_driver,escooter_flag
Unvalidated,2024340WN2012,2024,340WN2012,1,9,0,-1,1,5,-1,8,0,0,0,0,1,1,-1,1,-1,-1,-1,-1,-1,-1,-1,-1,-1,0
Unvalidated,2024340WN2012,2024,340WN2012,2,9,0,-1,1,5,-1,8,0,0,0,0,2,1,-1,1,28,6,-1,-1,-1,-1,-1,-1,-1,0
Unvalidated,2024340WN2022,2024,340WN2022,1,19,0,-1,2,8,-1,6,0,0,0,0,3,1,-1,1,66,10,-1,-1,-1,-1,3,3,E01027038,0
Unvalidated,2024340WN2022,2024,340WN2022,2,19,0,-1,8,4,-1,1,0,0,7,0,1,1,-1,1,63,9,-1,-1,-1,-1,7,2,E01025620,0
Unvalidated,2024340WN2032,2024,340WN2032,1,9,0,-1,4,8,-1,6,0,0,0,0,3,1,-1,1,17,4,-1,-1,-1,-1,5,2,E01027017,0
Unvalidated,2024340WN2032,2024,340WN2032,2,5,0,-1,3,7,-1,1,0,0,0,0,1,1,-1,1,63,9,-1,-1,-1,-1,9,2,E01027325,0
Unvalidated,2024340WN2042,2024,340WN2042,1,9,0,-1,6,3,-1,6,5,0,4,0,1,1,-1,2,34,6,-1,-1,-1,-1,1,1,E01027168,0
Unvalidated,2024340WN2042,2024,340WN2042,2,9,0,-1,2,6,-1,1,0,0,0,0,1,1,-1,1,51,8,-1,-1,-1,-1,5,1,E01027145,0
Unvalidated,2024340WN2052,2024,340WN2052,1,9,0,-1,3,1,-1,6,0,0,0,0,1,1,-1,3,-1,-1,-1,-1,-1,-1,-1,-1,-1,0
Unvalidated,2024340WN2062,2024,340WN2062,1,9,0,-1,7,3,-1,1,1,0,1,9,1,1,-1,1,20,4,-1,-1,-1,-1,7,2,E01026999,0
Unvalidated,2024340WN2072,2024,340WN2072,1,9,0,-1,3,7,-1,8,0,0,0,0,1,1,-1,2,49,8,-1,-1,-1,-1,4,1,E01027315,0
Unvalidated,2024340WN2072,2024,340WN2072,2,9,0,-1,5,1,-1,8,0,0,0,0,3,1,-1,1,26,6,-1,-1,-1,-1,6,1,E01027234,0
Unvalidated,2024340WN2082,2024,340WN2082,1,9,0,-1,3,7,-1,0,1,0,0,0,1,1,-1,1,33,6,-1,-1,-1,-1,3,1,E01016846,0
Unvalidated,2024340WN2082,2024,340WN2082,2,19,0,-1,7,3,-1,0,0,0,0,0,3,1,-1,1,27,6,-1,-1,-1,-1,5,2,E01032971,0
Unvalidated,2024340WN2092,2024,340WN2092,1,9,0,-1,1,5,-1,6,0,0,0,0,1,1,-1,3,-1,-1,-1,-1,-1,-1,-1,-1,-1,0
Unvalidated,2024340WN2102,2024,340WN2102,1,9,0,-1,5,1,-1,6,0,0,0,0,1,1,-1,1,40,7,-1,-1,-1,-1,3,1,E01027173,0
Unvalidated,2024340WN2102,2024,340WN2102,2,9,0,-1,7,3,-1,8,0,0,1,1,3,1,-1,1,25,5,-1,-1,-1,-1,5,1,E01027192,0
Unvalidated,2024340WN2112,2024,340WN2112,1,90,0,-1,3,7,-1,0,0,0,0,0,3,1,-1,1,37,7,-1,-1,-1,-1,9,1,E01017649,0
Unvalidated,2024340WN2112,2024,340WN2112,2,9,0,-1,7,5,-1,0,0,0,0,0,1,1,-1,2,23,5,-1,-1,-1,-1,10,1,E01028457,0
Unvalidated,2024340WN2122,2024,340WN2122,1,9,0,-1,5,2,-1,0,0,0,0,11,1,1,-1,2,37,7,-1,-1,-1,-1,2,1,E01027226,0
Unvalidated,2024340WN2132,2024,340WN2132,1,9,0,-1,2,6,-1,4,0,0,0,0,1,1,-1,2,60,9,-1,-1,-1,-1,4,1,E01027247,0
Unvalidated,2024340WN2132,2024,340WN2132,2,-1,0,-1,8,6,-1,3,0,0,0,0,4,1,-1,1,30,6,-1,-1,-1,-1,3,1,E01027154,1
Unvalidated,2024340WN2142,2024,340WN2142,1,9,0,-1,5,1,-1,1,0,0,0,0,1,1,-1,1,29,6,-1,-1,-1,-1,1,1,E01027013,0
Unvalidated,2024340WN2142,2024,340WN2142,2,9,0,-1,5,1,-1,1,0,0,0,0,2,1,-1,1,51,8,-1,-1,-1,-1,4,1,E01027012,0
Unvalidated,2024340WN2152,2024,340WN2152,1,9,0,-1,5,8,-1,5,1,0,1,4,1,1,-1,2,29,6,-1,-1,-1,-1,7,1,E01026987,0
Unvalidated,2024340WN2162,2024,340WN2162,1,19,0,-1,5,1,-1,0,0,0,0,0,3,1,-1,1,24,5,-1,-1,-1,-1,5,1,E01016787,0
Unvalidated,2024340WN2162,2024,340WN2162,2,9,0,-1,1,5,-1,0,0,0,0,0,3,1,-1,1,61,9,-1,-1,-1,-1,9,3,E01027275,0
Unvalidated,2024340WN2172,2024,340WN2172,1,9,0,-1,3,7,-1,0,0,0,0,0,4,1,-1,1,32,6,-1,-1,-1,-1,-1,-1,-1,0
Unvalidated,2024340WN2172,2024,340WN2172,2,9,0,-1,3,7,-1,0,0,0,0,0,1,1,-1,1,26,6,-1,-1,-1,-1,1,1,E01013640,0
Unvalidated,2024340WN2182,2024,340WN2182,1,9,0,-1,5,1,-1,6,0,0,1,0,1,1,-1,2,-1,-1,-1,-1,-1,-1,-1,-1,-1,0
Unvalidated,2024340WN2182,2024,340WN2182,2,1,0,-1,2,6,-1,1,0,0,0,0,4,1,-1,1,22,5,-1,-1,-1,-1,-1,-1,-1,0
Unvalidated,2024340WN2192,2024,340WN2192,1,9,0,-1,7,3,-1,1,0,0,0,0,1,1,-1,1,-1,-1,-1,-1,-1,-1,-1,-1,-1,0
Unvalidated,2024340WN2192,2024,340WN2192,2,9,0,-1,7,3,-1,1,0,0,0,0,2,1,-1,2,42,7,-1,-1,-1,-1,8,3,E01027273,0
Unvalidated,2024340WN2202,2024,340WN2202,1,-1,0,-1,3,7,-1,0,0,0,0,0,1,1,-1,2,20,4,-1,-1,-1,-1,-1,-1,-1,1
Unvalidated,2024340WN2212,2024,340WN2212,1,3,0,-1,1,5,-1,-1,0,4,0,0,1,1,-1,2,17,4,-1,-1,-1,-1,8,3,E01027273,0
Unvalidated,2024340WN2212,2024,340WN2212,2,9,0,-1,0,0,-1,0,0,0,0,0,2,1,-1,3,-1,-1,-1,-1,-1,-1,-1,-1,-1,0
Unvalidated,2024340WN2222,2024,340WN2222,1,9,0,-1,4,8,-1,6,0,0,0,1,1,1,-1,3,-1,-1,-1,-1,-1,-1,-1,-1,-1,0
Unvalidated,2024340WN2222,2024,340WN2222,2,9,0,-1,6,2,-1,6,0,0,0,0,3,1,-1,2,21,5,-1,-1,-1,-1,1,1,E01027198,0
Unvalidated,2024340WN2232,2024,340WN2232,1,9,0,-1,1,5,-1,6,0,0,0,0,1,1,-1,3,-1,-1,-1,-1,-1,-1,-1,-1,-1,0
Unvalidated,2024340WN2232,2024,340WN2232,2,1,0,-1,3,7,-1,8,0,0,0,0,3,1,-1,1,55,8,-1,-1,-1,-1,2,1,E01027156,0
Unvalidated,2024340WN2242,2024,340WN2242,1,9,0,-1,0,0,-1,1,0,0,0,0,3,1,-1,1,-1,-1,-1,-1,-1,-1,-1,-1,-1,0
Unvalidated,2024340WN2242,2024,340WN2242,2,1,0,-1,1,5,-1,1,0,8,0,0,1,1,-1,1,36,7,-1,-1,-1,-1,2,1,E01027227,0
Unvalidated,2024340WN2252,2024,340WN2252,1,9,0,-1,2,6,-1,1,0,0,0,0,4,1,-1,2,25,5,-1,-1,-1,-1,5,1,E01027138,0
Unvalidated,2024340WN2262,2024,340WN2262,1,-1,0,-1,2,6,-1,1,0,0,0,0,1,1,-1,2,-1,-1,-1,-1,-1,-1,-1,-1,-1,1
Unvalidated,2024340WN2272,2024,340WN2272,1,19,0,-1,8,4,-1,1,0,0,0,0,1,1,-1,1,60,9,-1,-1,-1,-1,9,1,E01009704,0
Unvalidated,2024340WN2272,2024,340WN2272,2,5,0,-1,8,3,-1,5,0,0,0,0,3,1,-1,1,69,10,-1,-1,-1,-1,5,1,E01027232,0
Unvalidated,2024340WN2282,2024,340WN2282,1,9,0,-1,1,5,-1,0,0,0,7,3,1,1,-1,1,46,8,-1,-1,-1,-1,9,3,E01027274,0
Unvalidated,2024340WN2292,2024,340WN2292,1,2,0,-1,5,2,-1,1,5,0,0,0,3,1,-1,1,56,9,-1,-1,-1,-1,6,1,E01026986,0
Unvalidated,2024340WN2302,2024,340WN2302,1,19,0,-1,8,4,-1,6,0,0,0,0,1,1,-1,1,40,7,-1,-1,-1,-1,4,1,E01009035,0
Unvalidated,2024340WN2302,2024,340WN2302,2,9,0,-1,6,2,-1,1,0,0,0,0,4,1,-1,2,58,9,-1,-1,-1,-1,9,1,E01027144,0
Unvalidated,2024340WN2312,2024,340WN2312,1,9,0,-1,5,1,-1,0,1,0,0,6,1,1,-1,1,90,11,-1,-1,-1,-1,7,3,E01027305,0
Unvalidated,2024340WN2312,2024,340WN2312,2,9,0,-1,5,1,-1,0,0,0,2,7,2,1,-1,2,53,8,-1,-1,-1,-1,6,1,E01015402,0
Unvalidated,2024340WN2322,2024,340WN2322,1,19,0,-1,5,3,-1,5,0,0,1,0,4,1,-1,1,45,7,-1,-1,-1,-1,4,2,E01026067,0
Unvalidated,2024340WN2322,2024,340WN2322,2,9,0,-1,1,5,-1,1,0,0,0,0,4,1,-1,1,39,7,-1,-1,-1,-1,7,3,E01019935,0
Unvalidated,2024340WN2332,2024,340WN2332,1,9,0,-1,6,2,-1,6,0,0,1,0,3,1,-1,2,26,6,-1,-1,-1,-1,1,1,E01027153,0
Unvalidated,2024340WN2332,2024,340WN2332,2,19,0,-1,4,8,-1,1,0,0,0,0,1,1,-1,1,58,9,-1,-1,-1,-1,7,3,E01018057,0
Unvalidated,2024340WN2342,2024,340WN2342,1,9,0,-1,5,3,-1,5,0,0,0,0,1,1,-1,1,36,7,-1,-1,-1,-1,7,1,E01027186,0
Unvalidated,2024340WN2342,2024,340WN2342,2,9,0,-1,1,5,-1,1,0,0,0,0,1,1,-1,2,56,9,-1,-1,-1,-1,8,2,E01027000,0
Unvalidated,2024340WN2352,2024,340WN2352,1,9,0,-1,3,1,-1,6,0,0,0,0,1,1,-1,2,41,7,-1,-1,-1,-1,9,3,E01027284,0
Unvalidated,2024340WN2352,2024,340WN2352,2,5,0,-1,1,5,-1,8,0,0,1,0,4,1,-1,1,62,9,-1,-1,-1,-1,5,1,E01027130,0
Unvalidated,2024340WN2362,2024,340WN2362,1,9,0,-1,1,6,-1,6,0,11,1,0,3,1,-1,1,43,7,-1,-1,-1,-1,7,1,E01033509,0
Unvalidated,2024340WN2362,2024,340WN2362,2,9,0,-1,6,2,-1,1,0,11,1,0,1,1,-1,1,25,5,-1,-1,-1,-1,2,1,E01027230,0
Unvalidated,2024340WN2372,2024,340WN2372,1,9,0,-1,5,3,-1,1,0,0,0,0,4,1,-1,2,31,6,-1,-1,-1,-1,7,1,E01033509,0
Unvalidated,2024340WN2372,2024,340WN2372,2,9,0,-1,5,3,-1,5,0,0,7,1,3,1,-1,1,63,9,-1,-1,-1,-1,1,1,E01027140,0
Unvalidated,2024340WN2382,2024,340WN2382,1,98,0,-1,5,1,-1,1,0,0,0,0,1,1,-1,1,39,7,-1,-1,-1,-1,8,3,E01016760,0
Unvalidated,2024340WN2382,2024,340WN2382,2,9,0,-1,5,1,-1,5,0,0,0,0,2,1,-1,2,49,8,-1,-1,-1,-1,1,1,E01016743,0
Unvalidated,2024340WN2392,2024,340WN2392,1,9,0,-1,7,3,-1,0,0,0,0,0,1,1,-1,3,-1,-1,-1,-1,-1,-1,-1,-1,-1,0
Unvalidated,2024340WN2402,2024,340WN2402,1,5,0,-1,7,3,-1,0,5,0,0,0,1,1,-1,1,60,9,-1,-1,-1,-1,8,1,E01027064,0
Unvalidated,2024340WN2402,2024,340WN2402,2,9,0,-1,7,3,-1,0,0,0,0,0,2,1,-1,2,32,6,-1,-1,-1,-1,6,1,E01027079,0
Unvalidated,2024340WN2412,2024,340WN2412,1,8,0,-1,7,3,-1,2,0,0,0,0,1,1,-1,1,57,9,-1,-1,-1,-1,8,1,E01027174,0
Unvalidated,2024340WN2412,2024,340WN2412,2,19,0,-1,7,3,-1,2,0,0,0,0,2,1,-1,1,41,7,-1,-1,-1,-1,2,1,E01027227,0
Unvalidated,2024340WN2422,2024,340WN2422,1,8,0,-1,1,5,-1,5,0,0,0,0,1,1,-1,1,54,8,-1,-1,-1,-1,2,1,E01027241,0
Unvalidated,2024340WN2422,2024,340WN2422,2,5,0,-1,5,1,-1,1,0,0,0,0,3,1,-1,1,19,4,-1,-1,-1,-1,3,1,E01027154,0
Unvalidated,2024340WN2432,2024,340WN2432,1,9,0,-1,6,2,-1,6,0,0,1,0,3,1,-1,2,71,10,-1,-1,-1,-1,9,2,E01027284,0
Unvalidated,2024340WN2432,2024,340WN2432,2,9,0,-1,4,8,-1,1,0,0,1,0,1,1,-1,1,40,7,-1,-1,-1,-1,4,1,E01027061,0
Unvalidated,2024340WN2442,2024,340WN2442,1,9,0,-1,4,8,-1,2,0,0,0,0,1,1,-1,1,32,6,-1,-1,-1,-1,1,1,E01026950,0
Unvalidated,2024340WN2442,2024,340WN2442,2,8,0,-1,4,8,-1,2,0,0,0,0,2,1,-1,1,39,7,-1,-1,-1,-1,10,1,E01025984,0
Unvalidated,2024340WN2452,2024,340WN2452,1,-1,0,-1,2,6,-1,1,0,0,0,0,1,1,-1,1,41,7,-1,-1,-1,-1,2,1,E01027228,1
Unvalidated,2024340WN2462,2024,340WN2462,1,5,0,-1,8,3,-1,1,0,0,0,0,1,1,-1,1,41,7,-1,-1,-1,-1,9,2,E01031222,0
Unvalidated,2024340WN2462,2024,340WN2462,2,19,0,-1,8,3,-1,1,0,0,0,0,2,1,-1,1,38,7,-1,-1,-1,-1,6,1,E01026986,0
Unvalidated,2024340WN2462,2024,340WN2462,3,9,0,-1,8,6,-1,5,0,0,0,0,0,1,-1,1,29,6,-1,-1,-1,-1,9,1,E01027014,0
Unvalidated,2024340WN2472,2024,340WN2472,1,9,0,-1,2,6,-1,4,0,0,0,0,3,1,-1,1,20,4,-1,-1,-1,-1,3,1,E01027175,0
Unvalidated,2024340WN2472,2024,340WN2472,2,3,0,-1,6,4,-1,3,5,0,0,0,1,1,-1,1,18,4,-1,-1,-1,-1,1,1,E01027177,0
Unvalidated,2024340WN2482,2024,340WN2482,1,9,0,-1,3,7,-1,3,0,0,0,0,1,1,-1,1,26,6,-1,-1,-1,-1,9,1,E01027260,0
Unvalidated,2024340WN2492,2024,340WN2492,1,9,0,-1,5,1,-1,6,0,0,0,0,3,1,-1,2,82,11,-1,-1,-1,-1,8,3,E01027261,0
Unvalidated,2024340WN2492,2024,340WN2492,2,9,0,-1,3,7,-1,1,0,0,0,0,1,1,-1,1,54,8,-1,-1,-1,-1,5,1,E01028430,0
Unvalidated,2024340WN2502,2024,340WN2502,1,9,0,-1,8,4,-1,0,1,0,0,0,1,1,-1,2,29,6,-1,-1,-1,-1,6,1,E01000110,0
Unvalidated,2024340WN2502,2024,340WN2502,2,21,0,-1,8,4,-1,0,0,0,0,0,2,1,-1,1,56,9,-1,-1,-1,-1,9,2,E01027286,0
Unvalidated,2024340WN2512,2024,340WN2512,1,8,0,-1,1,5,-1,1,0,0,0,0,4,1,-1,3,-1,-1,-1,-1,-1,-1,-1,-1,-1,0
Unvalidated,2024340WN2512,2024,340WN2512,2,1,0,-1,1,5,-1,1,0,0,0,0,3,1,-1,2,75,10,-1,-1,-1,-1,8,1,E01027193,0
Unvalidated,2024340WN2522,2024,340WN2522,1,9,0,-1,7,3,-1,6,0,0,0,0,3,1,-1,2,52,8,-1,-1,-1,-1,9,2,E01027263,0
Unvalidated,2024340WN2522,2024,340WN2522,2,9,0,-1,5,1,-1,1,0,0,0,0,1,1,-1,1,37,7,-1,-1,-1,-1,1,1,E01027199,0
Unvalidated,2024340WN2532,2024,340WN2532,1,9,0,-1,3,7,-1,6,0,0,0,0,4,1,-1,1,22,5,-1,-1,-1,-1,10,2,E01027015,0
Unvalidated,2024340WN2532,2024,340WN2532,2,1,0,-1,5,1,-1,8,0,0,0,0,1,1,-1,1,59,9,-1,-1,-1,-1,8,3,E01025771,0
Unvalidated,2024340WN2542,2024,340WN2542,1,4,0,-1,6,2,-1,6,0,0,0,0,1,1,-1,1,38,7,-1,-1,-1,-1,3,1,E01027009,0
Unvalidated,2024340WN2542,2024,340WN2542,2,9,0,-1,5,1,-1,1,0,0,0,0,4,1,-1,1,39,7,-1,-1,-1,-1,8,1,E01026990,0
Unvalidated,2024340WN2552,2024,340WN2552,1,9,0,-1,2,1,-1,0,5,0,2,10,1,1,-1,1,37,7,-1,-1,-1,-1,8,1,E01027217,0
Unvalidated,2024340WN2562,2024,340WN2562,1,9,0,-1,5,1,-1,6,0,0,0,0,3,1,-1,1,29,6,-1,-1,-1,-1,1,1,E01027242,0
Unvalidated,2024340WN2562,2024,340WN2562,2,9,0,-1,3,7,-1,1,0,0,0,0,1,1,-1,2,53,8,-1,-1,-1,-1,3,1,E01027238,0
Unvalidated,2024340WN2572,2024,340WN2572,1,5,0,-1,3,7,-1,4,0,0,3,0,1,1,-1,1,52,8,-1,-1,-1,-1,9,2,E01028485,0
Unvalidated,2024340WN2582,2024,340WN2582,1,9,0,-1,3,7,-1,0,0,0,0,0,4,1,-1,1,17,4,-1,-1,-1,-1,9,3,E01026998,0
Unvalidated,2024340WN2592,2024,340WN2592,1,9,0,-1,3,7,-1,0,0,0,0,0,4,1,-1,3,-1,-1,-1,-1,-1,-1,-1,-1,-1,0
Unvalidated,2024340WN2592,2024,340WN2592,2,1,0,-1,3,7,-1,0,5,0,0,0,3,1,-1,1,41,7,-1,-1,-1,-1,2,1,E01027137,0
Unvalidated,2024340WN2602,2024,340WN2602,1,9,0,-1,4,7,-1,3,0,0,1,11,1,1,-1,2,80,11,-1,-1,-1,-1,7,3,E01032960,0
Unvalidated,2024340WN2612,2024,340WN2612,1,9,0,-1,4,2,-1,5,0,0,0,0,1,1,-1,2,32,6,-1,-1,-1,-1,2,1,E01027151,0
Unvalidated,2024340WN2612,2024,340WN2612,2,9,0,-1,8,4,-1,8,0,0,0,0,1,1,-1,2,30,6,-1,-1,-1,-1,3,1,E01027238,0
Unvalidated,2024340WN2622,2024,340WN2622,1,9,0,-1,8,4,-1,1,0,0,0,0,1,1,-1,1,49,8,-1,-1,-1,-1,8,3,E01027285,0
Unvalidated,2024340WN2622,2024,340WN2622,2,9,0,-1,8,6,-1,5,0,0,0,0,2,1,-1,1,81,11,-1,-1,-1,-1,3,1,E01027154,0
Unvalidated,2024340WN2622,2024,340WN2622,3,9,0,-1,8,4,-1,1,0,0,0,0,1,1,-1,2,23,5,-1,-1,-1,-1,2,1,E01027229,0
Unvalidated,2024340WN2632,2024,340WN2632,1,9,0,-1,1,7,-1,4,0,0,0,0,3,1,-1,1,18,4,-1,-1,-1,-1,9,3,E01027353,0
Unvalidated,2024340WN2632,2024,340WN2632,2,1,0,-1,7,3,-1,8,0,0,0,0,4,1,-1,1,38,7,-1,-1,-1,-1,1,1,E01027195,0
Unvalidated,2024340WN2642,2024,340WN2642,1,9,0,-1,7,3,-1,0,0,10,1,11,4,1,-1,2,55,8,-1,-1,-1,-1,1,1,E01027249,0
Unvalidated,2024340WN2652,2024,340WN2652,1,9,0,-1,5,1,-1,6,0,0,0,0,2,1,-1,1,42,7,-1,-1,-1,-1,7,1,E01023579,0
Unvalidated,2024340WN2652,2024,340WN2652,2,9,0,-1,7,3,-1,1,0,0,0,0,1,1,-1,1,52,8,-1,-1,-1,-1,8,1,E01027211,0
Unvalidated,2024340WN2662,2024,340WN2662,1,9,0,-1,7,3,-1,4,0,0,0,0,1,1,-1,1,28,6,-1,-1,-1,-1,1,1,E01032979,0
Unvalidated,2024340WN2662,2024,340WN2662,2,-1,0,-1,5,1,-1,3,0,0,0,0,4,1,-1,1,20,4,-1,-1,-1,-1,2,1,E01027223,1
Unvalidated,2024340WN2672,2024,340WN2672,1,9,0,-1,8,6,-1,5,0,0,0,0,1,1,-1,2,83,11,-1,-1,-1,-1,3,1,E01027225,0
Unvalidated,2024340WN2672,2024,340WN2672,2,9,0,-1,4,8,-1,8,0,0,0,0,3,1,-1,1,28,6,-1,-1,-1,-1,5,1,E01027237,0
Unvalidated,2024340WN2682,2024,340WN2682,1,9,0,-1,1,5,-1,0,0,0,0,0,1,1,-1,1,57,9,-1,-1,-1,-1,9,1,E01026997,0
Unvalidated,2024340WN2682,2024,340WN2682,2,9,0,-1,5,1,-1,0,0,0,0,0,1,1,-1,2,56,9,-1,-1,-1,-1,-1,-1,-1,0
Unvalidated,2024340WN2692,2024,340WN2692,1,9,0,-1,5,1,-1,0,0,10,0,0,1,1,-1,2,28,6,-1,-1,-1,-1,-1,-1,-1,0
Unvalidated,2024340WN2702,2024,340WN2702,1,9,0,-1,4,8,-1,0,0,7,0,6,3,1,-1,2,24,5,-1,-1,-1,-1,9,3,E01027016,0
Unvalidated,2024340WN2712,2024,340WN2712,1,9,0,-1,5,1,-1,0,0,0,0,0,1,1,-1,1,29,6,-1,-1,-1,-1,2,1,E01027155,0
Unvalidated,2024340WN2712,2024,340WN2712,2,9,0,-1,5,1,-1,0,0,0,0,0,2,1,-1,2,49,8,-1,-1,-1,-1,5,1,E01027114,0
Unvalidated,2024340WN2712,2024,340WN2712,3,9,0,-1,5,1,-1,0,0,0,0,0,1,1,-1,2,53,8,-1,-1,-1,-1,7,3,E01016264,0
Unvalidated,2024340WN2712,2024,340WN2712,4,9,0,-1,5,1,-1,0,0,0,0,0,2,1,-1,1,56,9,-1,-1,-1,-1,8,1,E01001072,0
Unvalidated,2024340WN2722,2024,340WN2722,1,19,0,-1,4,8,-1,4,0,0,0,0,1,1,-1,1,52,8,-1,-1,-1,-1,7,1,E01027019,0
Unvalidated,2024340WN2722,2024,340WN2722,2,9,0,-1,4,8,-1,4,0,0,0,0,2,1,-1,1,29,6,-1,-1,-1,-1,-1,1,-1,0
Unvalidated,2024340WN2732,2024,340WN2732,1,4,0,-1,5,1,-1,1,1,0,0,0,4,1,-1,1,20,4,-1,-1,-1,-1,7,3,E01027023,0
Unvalidated,2024340WN2732,2024,340WN2732,2,90,0,-1,0,0,-1,2,0,0,0,0,2,1,-1,1,38,7,-1,-1,-1,-1,10,2,E01027324,0
Unvalidated,2024340WN2742,2024,340WN2742,1,9,0,-1,3,1,-1,6,0,0,0,0,2,1,-1,1,82,11,-1,-1,-1,-1,10,2,E01027287,0
Unvalidated,2024340WN2742,2024,340WN2742,2,9,0,-1,1,5,-1,1,0,0,0,0,1,1,-1,1,34,6,-1,-1,-1,-1,-1,-1,-1,0
Unvalidated,2024340WN2752,2024,340WN2752,1,9,0,-1,7,2,-1,6,0,0,0,0,1,1,-1,1,82,11,-1,-1,-1,-1,8,1,E01027267,0
Unvalidated,2024340WN2752,2024,340WN2752,2,1,0,-1,6,2,-1,2,0,0,0,0,2,1,-1,1,86,11,-1,-1,-1,-1,9,1,E01027265,0
Unvalidated,2024340WN2762,2024,340WN2762,1,90,0,-1,3,7,-1,0,0,0,0,0,1,1,-1,1,5,1,-1,-1,-1,-1,5,1,E01032981,0
Unvalidated,2024340WN2762,2024,340WN2762,2,9,0,-1,0,0,-1,0,0,0,0,0,2,1,-1,3,-1,-1,-1,-1,-1,-1,-1,-1,-1,0
Unvalidated,2024340WN2772,2024,340WN2772,1,9,0,-1,2,6,-1,1,0,0,0,0,4,1,-1,1,74,10,-1,-1,-1,-1,8,1,E01027070,0
Unvalidated,2024340WN2772,2024,340WN2772,2,9,0,-1,0,0,-1,2,0,0,0,0,4,1,-1,1,55,8,-1,-1,-1,-1,3,1,E01027184,0
Unvalidated,2024340WN2772,2024,340WN2772,3,9,0,-1,0,0,-1,2,0,0,0,0,2,1,-1,3,-1,-1,-1,-1,-1,-1,-1,-1,-1,0
Unvalidated,2024340WN2772,2024,340WN2772,4,19,0,-1,0,0,-1,2,0,0,0,0,1,1,-1,3,-1,-1,-1,-1,-1,-1,-1,-1,-1,0
Unvalidated,2024340WN2782,2024,340WN2782,1,9,0,-1,5,1,-1,1,0,0,0,0,1,1,-1,1,39,7,-1,-1,-1,-1,3,1,E01027238,0
Unvalidated,2024340WN2782,2024,340WN2782,2,9,0,-1,5,1,-1,1,0,0,0,0,2,1,-1,1,23,5,-1,-1,-1,-1,9,3,E01026997,0
Unvalidated,2024340WN2782,2024,340WN2782,3,9,0,-1,1,5,-1,1,0,0,1,0,1,1,-1,1,37,7,-1,-1,-1,-1,7,3,E01028708,0
Unvalidated,2024340WN2792,2024,340WN2792,1,9,0,-1,5,1,-1,1,0,0,0,0,1,1,-1,1,67,10,-1,-1,-1,-1,2,1,W01000151,0
Unvalidated,2024340WN2792,2024,340WN2792,2,9,0,-1,5,1,-1,1,0,0,0,0,2,1,-1,1,40,7,-1,-1,-1,-1,8,1,E01027160,0
Unvalidated,2024340WN2802,2024,340WN2802,1,9,0,-1,5,1,-1,1,0,0,0,0,1,1,-1,2,63,9,-1,-1,-1,-1,7,3,E01027202,0
Unvalidated,2024340WN2802,2024,340WN2802,2,9,0,-1,3,7,-1,1,0,0,0,0,1,1,-1,1,19,4,-1,-1,-1,-1,10,1,E01027203,0
Unvalidated,2024340WN2812,2024,340WN2812,1,9,0,-1,5,2,-1,8,0,0,0,0,3,1,-1,2,-1,-1,-1,-1,-1,-1,-1,-1,-1,0
Unvalidated,2024340WN2812,2024,340WN2812,2,9,0,-1,5,2,-1,8,0,0,0,0,4,1,-1,1,44,7,-1,-1,-1,-1,6,1,E01032977,0
Unvalidated,2024340WN2822,2024,340WN2822,1,1,0,-1,1,5,-1,0,0,0,0,0,1,1,-1,1,-1,-1,-1,-1,-1,-1,-1,-1,-1,0
Unvalidated,2024340WN2832,2024,340WN2832,1,9,0,-1,3,2,-1,6,0,0,0,0,0,1,-1,1,18,4,-1,-1,-1,-1,-1,-1,-1,0
Unvalidated,2024340WN2832,2024,340WN2832,2,9,0,-1,6,2,-1,1,0,0,7,11,1,1,-1,1,18,4,-1,-1,-1,-1,-1,-1,-1,0
Unvalidated,2024340WN2842,2024,340WN2842,1,9,0,-1,4,8,-1,1,0,0,0,0,1,1,-1,2,50,8,-1,-1,-1,-1,-1,-1,-1,0
Unvalidated,2024340WN2842,2024,340WN2842,2,9,0,-1,4,8,-1,1,0,0,0,0,2,1,-1,1,37,7,-1,-1,-1,-1,6,1,E01017795,0
Unvalidated,2024340WN2852,2024,340WN2852,1,21,0,-1,3,2,-1,8,0,0,0,0,4,1,-1,3,-1,-1,-1,-1,-1,-1,-1,-1,-1,0
Unvalidated,2024340WN2852,2024,340WN2852,2,9,0,-1,3,2,-1,8,0,0,0,0,3,1,-1,1,38,7,-1,-1,-1,-1,-1,-1,-1,0
Unvalidated,2024340WN2862,2024,340WN2862,1,9,0,-1,6,2,-1,1,0,0,0,0,1,1,-1,1,-1,-1,-1,-1,-1,-1,-1,-1,-1,0
Unvalidated,2024340WN2862,2024,340WN2862,2,9,0,-1,6,2,-1,1,0,0,0,0,2,1,-1,1,29,6,-1,-1,-1,-1,6,1,E01032977,0
Unvalidated,2024340WN2872,2024,340WN2872,1,9,0,-1,5,1,-1,0,0,0,0,0,4,1,-1,1,45,7,-1,-1,-1,-1,9,3,E01027353,0
Unvalidated,2024340WN2872,2024,340WN2872,2,1,0,-1,5,1,-1,0,0,0,0,0,3,1,-1,1,49,8,-1,-1,-1,-1,10,2,E01027001,0
Unvalidated,2024340WN2882,2024,340WN2882,1,9,0,-1,5,1,-1,4,0,0,0,0,1,1,-1,2,-1,-1,-1,-1,-1,-1,-1,-1,-1,0
Unvalidated,2024340WN2882,2024,340WN2882,2,9,0,-1,1,7,-1,3,0,0,0,0,4,1,-1,2,50,8,-1,-1,-1,-1,7,2,E01026999,0
Unvalidated,2024340WN2892,2024,340WN2892,1,9,0,-1,4,8,-1,-1,0,0,0,0,3,1,-1,2,39,7,-1,-1,-1,-1,7,1,E01027216,0
Unvalidated,2024340WN2902,2024,340WN2902,1,9,0,-1,1,5,-1,1,0,0,0,0,1,1,-1,1,47,8,-1,-1,-1,-1,2,1,E01027155,0
Unvalidated,2024340WN2902,2024,340WN2902,2,9,0,-1,1,5,-1,1,0,0,0,0,2,1,-1,2,58,9,-1,-1,-1,-1,2,1,E01027155,0
Unvalidated,2024340WN2912,2024,340WN2912,1,9,0,-1,1,5,-1,1,0,0,0,0,1,1,-1,2,73,10,-1,-1,-1,-1,8,1,E01027183,0
Unvalidated,2024340WN2912,2024,340WN2912,2,9,0,-1,1,5,-1,1,0,0,0,0,2,1,-1,1,-1,-1,-1,-1,-1,-1,-1,-1,-1,0
Unvalidated,2024340WN2912,2024,340WN2912,3,9,0,-1,1,5,-1,1,0,0,0,0,2,1,-1,2,-1,-1,-1,-1,-1,-1,-1,-1,-1,0
Unvalidated,2024340WN2922,2024,340WN2922,1,9,0,-1,1,5,-1,6,0,0,0,0,2,1,-1,2,32,6,-1,-1,-1,-1,1,1,E01011143,0