status,collision_index,collision_year,collision_reference,vehicle_reference,vehicle_type,towing_and_articulation,vehicle_manoeuvre,vehicle_direction_from,vehicle_direction_to,vehicle_location_restricted_lane,junction_location,skidding_and_overturning,hit_object_in_carriageway,vehicle_leaving_carriageway,hit_object_off_carriageway,first_point_of_impact,vehicle_left_hand_drive,journey_purpose_of_driver,sex_of_driver,age_of_driver,age_band_of_driver,engine_capacity_cc,propulsion_code,age_of_vehicle,generic_make_model,driver_imd_decile,driver_home_area_type,lsoa_of_driver,escooter_flag
Unvalidated,2024340WN2922,2024,340WN2922,2,9,0,-1,1,5,-1,1,0,0,0,0,1,1,-1,2,20,4,-1,-1,-1,-1,10,1,E01028460,0
Unvalidated,2024340WN2932,2024,340WN2932,1,9,0,-1,3,7,-1,1,0,0,0,0,1,1,-1,1,34,6,-1,-1,-1,-1,-1,-1,-1,0
Unvalidated,2024340WN2932,2024,340WN2932,2,1,0,-1,3,7,-1,1,5,10,0,0,2,1,-1,1,36,7,-1,-1,-1,-1,2,1,E01027227,0
Unvalidated,2024340WN2942,2024,340WN2942,1,9,0,-1,1,5,-1,0,0,0,7,0,1,1,-1,3,-1,-1,-1,-1,-1,-1,-1,-1,-1,0
Unvalidated,2024340WN2942,2024,340WN2942,2,9,0,-1,5,1,-1,0,0,0,0,0,1,1,-1,1,41,7,-1,-1,-1,-1,2,1,E01031119,0
Unvalidated,2024340WN2952,2024,340WN2952,1,9,0,-1,1,5,-1,1,0,0,0,0,1,1,-1,1,-1,-1,-1,-1,-1,-1,-1,-1,-1,0
Unvalidated,2024340WN2952,2024,340WN2952,2,1,0,-1,5,1,-1,1,0,0,0,0,1,1,-1,1,42,7,-1,-1,-1,-1,4,1,E01027187,0
Unvalidated,2024340WN2962,2024,340WN2962,1,9,0,-1,4,8,-1,2,5,4,7,0,1,1,-1,1,89,11,-1,-1,-1,-1,7,2,E01027279,0
Unvalidated,2024340WN2962,2024,340WN2962,2,19,0,-1,0,0,-1,2,0,0,0,0,2,1,-1,3,-1,-1,-1,-1,-1,-1,-1,-1,-1,0
Unvalidated,2024340WN2972,2024,340WN2972,1,9,0,-1,1,5,-1,1,0,0,0,0,1,1,-1,1,60,9,-1,-1,-1,-1,8,3,E01027273,0
Unvalidated,2024340WN2982,2024,340WN2982,1,9,0,-1,7,3,-1,0,0,0,0,0,1,1,-1,1,21,5,-1,-1,-1,-1,8,2,E01027294,0
Unvalidated,2024340WN2982,2024,340WN2982,2,9,0,-1,7,3,-1,0,0,0,0,0,2,1,-1,2,39,7,-1,-1,-1,-1,9,1,E01027167,0
Unvalidated,2024340WN2992,2024,340WN2992,1,9,0,-1,6,2,-1,2,0,0,0,1,1,1,-1,1,36,7,-1,-1,-1,-1,4,1,E01026952,0
Unvalidated,2024340WN2992,2024,340WN2992,2,9,0,-1,6,2,-1,1,0,0,0,0,2,1,-1,2,53,8,-1,-1,-1,-1,9,1,E01027218,0
Unvalidated,2024340WN3002,2024,340WN3002,1,9,0,-1,2,6,-1,1,0,0,0,0,3,1,-1,1,-1,-1,-1,-1,-1,-1,-1,-1,-1,0
Unvalidated,2024340WN3002,2024,340WN3002,2,1,0,-1,2,6,-1,1,2,0,0,0,4,1,-1,1,37,7,-1,-1,-1,-1,3,1,E01027191,0
Unvalidated,2024340WN3012,2024,340WN3012,1,5,0,-1,3,7,-1,0,2,0,7,2,1,1,-1,1,23,5,-1,-1,-1,-1,7,1,E01033509,0
Unvalidated,2024340WN3022,2024,340WN3022,1,9,0,-1,3,7,-1,6,0,0,0,0,1,1,-1,1,37,7,-1,-1,-1,-1,1,1,E01027199,0
Unvalidated,2024340WN3022,2024,340WN3022,2,19,0,-1,5,1,-1,8,0,0,0,0,3,1,-1,1,52,8,-1,-1,-1,-1,3,1,E01027184,0
Unvalidated,2024340WN3032,2024,340WN3032,1,9,0,-1,8,4,-1,1,0,0,0,0,2,1,-1,1,17,4,-1,-1,-1,-1,-1,-1,-1,0
Unvalidated,2024340WN3042,2024,340WN3042,1,9,0,-1,5,1,-1,2,0,0,0,0,1,1,-1,2,48,8,-1,-1,-1,-1,3,1,E01027173,0
Unvalidated,2024340WN3052,2024,340WN3052,1,9,0,-1,5,1,-1,0,0,0,0,0,1,1,-1,1,31,6,-1,-1,-1,-1,1,1,E01016843,0
Unvalidated,2024340WN3052,2024,340WN3052,2,9,0,-1,5,1,-1,0,0,0,0,0,2,1,-1,1,51,8,-1,-1,-1,-1,2,1,E01007244,0
Unvalidated,2024340WN3062,2024,340WN3062,1,9,0,-1,5,1,-1,0,0,0,0,0,3,1,-1,3,-1,-1,-1,-1,-1,-1,-1,-1,-1,0
Unvalidated,2024340WN3062,2024,340WN3062,2,9,0,-1,1,5,-1,0,0,0,0,0,3,1,-1,1,56,9,-1,-1,-1,-1,9,1,E01025798,0
Unvalidated,2024340WN3072,2024,340WN3072,1,9,0,-1,5,1,-1,5,0,0,0,0,4,1,-1,3,-1,-1,-1,-1,-1,-1,-1,-1,-1,0
Unvalidated,2024340WN3072,2024,340WN3072,2,1,0,-1,1,5,-1,1,0,0,0,0,1,1,-1,1,29,6,-1,-1,-1,-1,7,1,E01027135,0
Unvalidated,2024340WN3082,2024,340WN3082,1,19,0,-1,7,3,-1,1,0,0,0,0,1,1,-1,1,-1,-1,-1,-1,-1,-1,-1,-1,-1,0
Unvalidated,2024340WN3082,2024,340WN3082,2,9,0,-1,7,3,-1,1,0,0,0,0,2,1,-1,1,32,6,-1,-1,-1,-1,8,1,E01032975,0
Unvalidated,2024340WN3092,2024,340WN3092,1,9,0,-1,7,3,-1,0,5,0,0,0,1,1,-1,1,45,7,-1,-1,-1,-1,8,2,E01027000,0
Unvalidated,2024340WN3092,2024,340WN3092,2,9,0,-1,3,7,-1,0,0,0,0,0,1,1,-1,1,33,6,-1,-1,-1,-1,3,1,E01027245,0
Unvalidated,2024340WN3102,2024,340WN3102,1,19,0,-1,5,1,-1,1,5,0,0,0,1,1,-1,3,-1,-1,-1,-1,-1,-1,-1,-1,-1,0
Unvalidated,2024340WN3102,2024,340WN3102,2,19,0,-1,0,0,-1,2,0,0,0,0,2,1,-1,3,-1,-1,-1,-1,-1,-1,-1,-1,-1,0
Unvalidated,2024340WN3102,2024,340WN3102,3,9,0,-1,0,0,-1,2,0,0,0,0,1,1,-1,1,49,8,-1,-1,-1,-1,7,3,E01027011,0
Unvalidated,2024340WN3102,2024,340WN3102,4,9,0,-1,1,5,-1,2,0,0,0,0,1,1,-1,2,33,6,-1,-1,-1,-1,4,1,E01027189,0
Unvalidated,2024340WN3112,2024,340WN3112,1,9,0,-1,7,3,-1,5,0,0,0,0,1,1,-1,2,41,7,-1,-1,-1,-1,7,1,E01027182,0
Unvalidated,2024340WN3112,2024,340WN3112,2,9,0,-1,3,7,-1,1,0,0,0,0,1,1,-1,1,70,10,-1,-1,-1,-1,2,1,E01027178,0
Unvalidated,2024340WN3122,2024,340WN3122,1,9,0,-1,3,6,-1,4,0,0,0,0,3,1,-1,1,86,11,-1,-1,-1,-1,10,2,E01027283,0
Unvalidated,2024340WN3122,2024,340WN3122,2,1,0,-1,1,5,-1,8,0,0,0,0,1,1,-1,1,68,10,-1,-1,-1,-1,9,1,E01027167,0
Unvalidated,2024340WN3132,2024,340WN3132,1,9,0,-1,5,1,-1,8,0,7,1,1,1,1,-1,1,68,10,-1,-1,-1,-1,7,1,E01027219,0
Unvalidated,2024340WN3142,2024,340WN3142,1,9,0,-1,5,1,-1,1,0,0,0,0,1,1,-1,1,63,9,-1,-1,-1,-1,7,1,E01026987,0
Unvalidated,2024340WN3142,2024,340WN3142,2,9,0,-1,5,1,-1,1,0,0,0,0,2,1,-1,2,68,10,-1,-1,-1,-1,7,3,E01027011,0
Unvalidated,2024340WN3152,2024,340WN3152,1,5,0,-1,1,5,-1,3,1,0,0,0,2,1,-1,1,41,7,-1,-1,-1,-1,5,1,E01027134,0
Unvalidated,2024340WN3152,2024,340WN3152,2,9,0,-1,1,5,-1,3,0,0,0,0,4,1,-1,1,75,10,-1,-1,-1,-1,8,3,E01027290,0
Unvalidated,2024340WN3162,2024,340WN3162,1,9,0,-1,5,1,-1,4,0,0,0,0,1,1,-1,1,43,7,-1,-1,-1,-1,9,3,E01025816,0
Unvalidated,2024340WN3162,2024,340WN3162,2,90,0,-1,5,1,-1,4,0,0,0,0,2,1,-1,2,50,8,-1,-1,-1,-1,8,3,E01027285,0
Unvalidated,2024340WN3172,2024,340WN3172,1,9,0,-1,5,1,-1,6,0,0,0,0,3,1,-1,1,75,10,-1,-1,-1,-1,-1,-1,-1,0
Unvalidated,2024340WN3172,2024,340WN3172,2,5,0,-1,3,7,-1,1,0,0,0,0,1,1,-1,1,43,7,-1,-1,-1,-1,3,1,E01027197,0
Unvalidated,2024340WN3182,2024,340WN3182,1,9,0,-1,7,3,-1,1,0,0,7,2,1,1,-1,2,87,11,-1,-1,-1,-1,8,3,E01027296,0
Unvalidated,2024340WN3192,2024,340WN3192,1,10,0,-1,5,1,-1,0,0,0,0,0,1,1,-1,1,32,6,-1,-1,-1,-1,6,1,E01029869,0
Unvalidated,2024340WN3192,2024,340WN3192,2,98,0,-1,5,1,-1,0,0,0,0,0,2,1,-1,1,59,9,-1,-1,-1,-1,6,1,E01002260,0
Unvalidated,2024340WN3202,2024,340WN3202,1,9,0,-1,7,3,-1,0,0,4,0,0,1,1,-1,2,55,8,-1,-1,-1,-1,7,1,E01027135,0
Unvalidated,2024340WN3202,2024,340WN3202,2,19,0,-1,0,0,-1,0,0,4,0,0,1,1,-1,3,-1,-1,-1,-1,-1,-1,-1,-1,-1,0
Unvalidated,2024340WN3202,2024,340WN3202,3,19,0,-1,0,0,-1,0,0,0,0,0,1,1,-1,3,-1,-1,-1,-1,-1,-1,-1,-1,-1,0
Unvalidated,2024340WN3212,2024,340WN3212,1,20,0,-1,3,7,-1,1,0,0,0,0,1,1,-1,1,-1,-1,-1,-1,-1,-1,-1,-1,-1,0
Unvalidated,2024340WN3212,2024,340WN3212,2,9,0,-1,5,1,-1,6,0,0,0,0,3,1,-1,1,24,5,-1,-1,-1,-1,8,1,E01027160,0
Unvalidated,2024340WN3222,2024,340WN3222,1,9,0,-1,1,5,-1,6,0,0,0,0,1,1,-1,1,39,7,-1,-1,-1,-1,7,1,E01016740,0
Unvalidated,2024340WN3222,2024,340WN3222,2,9,0,-1,6,2,-1,8,0,0,0,0,4,1,-1,3,-1,-1,-1,-1,-1,-1,-1,-1,-1,0
Unvalidated,2024340WN3232,2024,340WN3232,1,8,0,-1,1,5,-1,2,0,0,0,0,2,1,-1,1,-1,-1,-1,-1,-1,-1,-1,-1,-1,0
Unvalidated,2024340WN3242,2024,340WN3242,1,9,0,-1,5,1,-1,4,0,0,1,4,1,1,-1,2,88,11,-1,-1,-1,-1,2,1,E01027246,0
Unvalidated,2024340WN3242,2024,340WN3242,2,9,0,-1,1,5,-1,3,0,0,0,0,4,1,-1,1,45,7,-1,-1,-1,-1,5,1,E01027232,0
Unvalidated,2024340WN3252,2024,340WN3252,1,9,0,-1,3,7,-1,2,5,0,7,9,3,1,-1,2,19,4,-1,-1,-1,-1,8,3,E01027296,0
Unvalidated,2024340WN3262,2024,340WN3262,1,9,0,-1,5,3,-1,1,0,0,0,0,1,1,-1,3,-1,-1,-1,-1,-1,-1,-1,-1,-1,0
Unvalidated,2024340WN3262,2024,340WN3262,2,20,0,-1,5,3,-1,5,0,0,7,0,3,1,-1,1,59,9,-1,-1,-1,-1,9,3,E01027353,0
Unvalidated,2024340WN3272,2024,340WN3272,1,97,0,-1,1,5,-1,0,0,0,0,0,1,1,-1,1,14,3,-1,-1,-1,-1,9,1,E01027268,0
Unvalidated,2024340WN3272,2024,340WN3272,2,9,0,-1,0,0,-1,0,0,0,0,0,2,1,-1,3,-1,-1,-1,-1,-1,-1,-1,-1,-1,0
Unvalidated,2024340WN3282,2024,340WN3282,1,9,0,-1,6,2,-1,0,0,0,0,0,3,1,-1,1,18,4,-1,-1,-1,-1,7,2,E01027354,0
Unvalidated,2024340WN3292,2024,340WN3292,1,19,0,-1,5,1,-1,1,0,0,0,0,1,1,-1,1,-1,-1,-1,-1,-1,-1,-1,-1,-1,0
Unvalidated,2024340WN3292,2024,340WN3292,2,9,0,-1,5,1,-1,5,0,0,0,0,2,1,-1,2,68,10,-1,-1,-1,-1,9,2,E01027303,0
Unvalidated,2024340WN3302,2024,340WN3302,1,9,0,-1,5,1,-1,1,0,0,0,0,1,1,-1,1,18,4,-1,-1,-1,-1,8,1,E01027181,0
Unvalidated,2024340WN3302,2024,340WN3302,2,9,0,-1,5,1,-1,1,0,0,0,0,2,1,-1,1,18,4,-1,-1,-1,-1,3,1,E01027196,0
Unvalidated,2024340WN3312,2024,340WN3312,1,21,0,-1,1,5,-1,6,0,0,0,0,1,1,-1,1,36,7,-1,-1,-1,-1,6,1,E01031144,0
Unvalidated,2024340WN3312,2024,340WN3312,2,9,0,-1,1,5,-1,8,1,0,0,0,3,1,-1,1,43,7,-1,-1,-1,-1,3,1,E01027154,0
Unvalidated,2024340WN3322,2024,340WN3322,1,9,0,-1,5,1,-1,0,0,4,1,0,1,1,-1,1,33,6,-1,-1,-1,-1,5,1,E01011096,0
Unvalidated,2024340WN3322,2024,340WN3322,2,9,0,-1,5,1,-1,0,0,0,0,0,1,1,-1,1,34,6,-1,-1,-1,-1,4,1,E01025931,0
Unvalidated,2024340WN3332,2024,340WN3332,1,9,0,-1,7,1,-1,6,0,0,0,0,3,1,-1,1,19,4,-1,-1,-1,-1,10,2,E01027291,0
Unvalidated,2024340WN3332,2024,340WN3332,2,9,0,-1,5,1,-1,1,0,0,1,9,3,1,-1,1,45,7,-1,-1,-1,-1,8,2,E01027028,0
Unvalidated,2024340WN3342,2024,340WN3342,1,4,0,-1,7,3,-1,5,0,0,0,0,4,1,-1,1,87,11,-1,-1,-1,-1,6,1,E01031178,0
Unvalidated,2024340WN3342,2024,340WN3342,2,9,0,-1,1,3,-1,1,0,0,0,0,3,1,-1,1,29,6,-1,-1,-1,-1,4,1,E01027012,0
Unvalidated,2024340WN3352,2024,340WN3352,1,1,0,-1,1,5,-1,0,0,0,1,0,2,1,-1,1,81,11,-1,-1,-1,-1,10,3,E01027283,0
Unvalidated,2024340WN3352,2024,340WN3352,2,9,0,-1,3,7,-1,0,0,0,0,0,1,1,-1,1,58,9,-1,-1,-1,-1,4,1,E01031980,0
Unvalidated,2024340WN3362,2024,340WN3362,1,9,0,-1,3,7,-1,0,1,0,7,11,1,1,-1,1,22,5,-1,-1,-1,-1,8,3,E01017465,0
Unvalidated,2024340WN3372,2024,340WN3372,1,9,0,-1,1,5,-1,1,0,0,0,0,1,1,-1,1,52,8,-1,-1,-1,-1,9,1,E01027201,0
Unvalidated,2024340WN3372,2024,340WN3372,2,9,0,-1,7,3,-1,8,0,0,7,11,4,1,-1,2,57,9,-1,-1,-1,-1,1,1,E01027153,0
Unvalidated,2024340WN3382,2024,340WN3382,1,9,0,-1,1,5,-1,6,0,0,0,0,1,1,-1,3,-1,-1,-1,-1,-1,-1,-1,-1,-1,0
Unvalidated,2024340WN3382,2024,340WN3382,2,9,0,-1,7,3,-1,8,0,0,0,0,4,1,-1,1,39,7,-1,-1,-1,-1,3,1,E01027184,0
Unvalidated,2024340WN3392,2024,340WN3392,1,9,0,-1,7,3,-1,0,0,0,0,0,1,1,-1,1,45,7,-1,-1,-1,-1,2,1,E01027243,0
Unvalidated,2024340WN3402,2024,340WN3402,1,19,0,-1,3,3,-1,0,0,0,0,0,1,1,-1,1,66,10,-1,-1,-1,-1,5,1,E01023592,0
Unvalidated,2024340WN3402,2024,340WN3402,2,9,0,-1,3,7,-1,0,0,0,0,0,2,1,-1,1,40,7,-1,-1,-1,-1,6,1,E01016753,0
Unvalidated,2024340WN3402,2024,340WN3402,3,9,0,-1,3,7,-1,0,0,0,0,0,1,1,-1,1,79,11,-1,-1,-1,-1,5,1,E01027158,0
Unvalidated,2024340WN3412,2024,340WN3412,1,9,0,-1,5,1,-1,6,0,0,2,0,1,1,-1,1,48,8,-1,-1,-1,-1,-1,-1,-1,0
Unvalidated,2024340WN3412,2024,340WN3412,2,9,0,-1,3,7,-1,1,0,0,3,0,4,1,-1,1,80,11,-1,-1,-1,-1,9,1,E01027212,0
Unvalidated,2024340WN3422,2024,340WN3422,1,9,0,-1,5,1,-1,0,0,0,7,4,1,1,-1,2,52,8,-1,-1,-1,-1,10,2,E01027027,0
Unvalidated,2024340WN3432,2024,340WN3432,1,9,0,-1,3,1,-1,5,0,0,0,0,1,1,-1,2,33,6,-1,-1,-1,-1,2,1,E01027241,0
Unvalidated,2024340WN3432,2024,340WN3432,2,1,0,-1,7,3,-1,8,0,0,0,0,1,1,-1,1,55,8,-1,-1,-1,-1,3,1,E01027154,0
Unvalidated,2024340WN3442,2024,340WN3442,1,21,0,-1,5,7,-1,7,5,0,0,0,3,1,-1,1,54,8,-1,-1,-1,-1,8,3,E01033213,0
Unvalidated,2024340WN3452,2024,340WN3452,1,19,0,-1,3,7,-1,0,0,0,0,0,1,1,-1,1,39,7,-1,-1,-1,-1,1,1,E01009353,0
Unvalidated,2024340WN3452,2024,340WN3452,2,9,0,-1,3,7,-1,0,0,0,0,0,2,1,-1,1,53,8,-1,-1,-1,-1,3,1,E01026843,0
Unvalidated,2024340WN3452,2024,340WN3452,3,9,0,-1,3,7,-1,0,0,0,0,0,3,1,-1,1,38,7,-1,-1,-1,-1,2,1,E01027351,0
Unvalidated,2024340WN3462,2024,340WN3462,1,9,0,-1,1,7,-1,8,0,0,0,0,3,1,-1,2,57,9,-1,-1,-1,-1,1,1,E01027199,0
Unvalidated,2024340WN3472,2024,340WN3472,1,99,0,-1,0,0,-1,0,0,0,0,0,0,1,-1,3,-1,-1,-1,-1,-1,-1,-1,-1,-1,0
Unvalidated,2024340WN3472,2024,340WN3472,2,99,0,-1,0,0,-1,0,0,0,0,0,0,1,-1,3,-1,-1,-1,-1,-1,-1,-1,-1,-1,0
Unvalidated,2024340WN3482,2024,340WN3482,1,9,0,-1,3,1,-1,8,0,0,0,0,3,1,-1,1,62,9,-1,-1,-1,-1,-1,-1,-1,0
Unvalidated,2024340WN3482,2024,340WN3482,2,9,0,-1,3,7,-1,3,0,0,0,0,4,1,-1,2,30,6,-1,-1,-1,-1,-1,-1,-1,0
Unvalidated,2024340WN3492,2024,340WN3492,1,9,0,-1,2,5,-1,0,0,0,7,1,3,1,-1,1,77,11,-1,-1,-1,-1,8,3,E01027290,0
Unvalidated,2024340WN3492,2024,340WN3492,2,9,0,-1,2,5,-1,0,0,0,0,0,4,1,-1,2,52,8,-1,-1,-1,-1,10,1,E01027266,0
Unvalidated,2024340WN3502,2024,340WN3502,1,9,0,-1,3,7,-1,1,0,0,0,0,1,1,-1,1,32,6,-1,-1,-1,-1,3,1,E01016714,0
Unvalidated,2024340WN3502,2024,340WN3502,2,9,0,-1,3,7,-1,8,0,0,0,0,2,1,-1,2,36,7,-1,-1,-1,-1,1,1,E01016744,0
Unvalidated,2024340WN3512,2024,340WN3512,1,9,0,-1,7,3,-1,8,0,0,0,0,3,1,-1,2,-1,-1,-1,-1,-1,-1,-1,-1,-1,0
Unvalidated,2024340WN3512,2024,340WN3512,2,9,0,-1,7,3,-1,8,0,0,0,0,4,1,-1,1,41,7,-1,-1,-1,-1,1,1,E01027199,0
Unvalidated,2024340WN3522,2024,340WN3522,1,3,0,-1,1,5,-1,1,0,0,0,0,1,1,-1,1,33,6,-1,-1,-1,-1,2,1,E01027230,0
Unvalidated,2024340WN3522,2024,340WN3522,2,9,0,-1,1,5,-1,5,0,0,0,0,4,1,-1,1,57,9,-1,-1,-1,-1,1,1,E01027195,0
Unvalidated,2024340WN3532,2024,340WN3532,1,9,0,-1,1,5,-1,3,0,0,0,0,0,1,-1,3,-1,-1,-1,-1,-1,-1,-1,-1,-1,0
Unvalidated,2024340WN3532,2024,340WN3532,2,9,0,-1,1,5,-1,3,1,0,8,6,3,1,-1,1,38,7,-1,-1,-1,-1,3,1,E01027082,0
Unvalidated,2024340WN3542,2024,340WN3542,1,9,0,-1,3,1,-1,5,0,0,1,1,4,1,-1,1,64,9,-1,-1,-1,-1,9,2,E01027286,0
Unvalidated,2024340WN3542,2024,340WN3542,2,9,0,-1,7,3,-1,1,0,0,1,0,1,1,-1,2,30,6,-1,-1,-1,-1,9,1,E01027014,0
Unvalidated,2024340WN3552,2024,340WN3552,1,9,0,-1,7,3,-1,6,0,0,0,0,4,1,-1,1,30,6,-1,-1,-1,-1,6,1,E01017578,0
Unvalidated,2024340WN3552,2024,340WN3552,2,9,0,-1,1,5,-1,8,0,0,1,0,1,1,-1,2,47,8,-1,-1,-1,-1,7,3,E01027004,0
Unvalidated,2024340WN3562,2024,340WN3562,1,9,0,-1,3,7,-1,1,0,0,0,0,3,1,-1,1,60,9,-1,-1,-1,-1,3,1,E01026984,0
Unvalidated,2024340WN3572,2024,340WN3572,1,9,0,-1,1,5,-1,0,0,0,0,0,1,1,-1,3,-1,-1,-1,-1,-1,-1,-1,-1,-1,0
Unvalidated,2024340WN3582,2024,340WN3582,1,9,0,-1,1,5,-1,1,0,0,0,0,1,1,-1,2,-1,-1,-1,-1,-1,-1,-1,-1,-1,0
Unvalidated,2024340WN3582,2024,340WN3582,2,9,0,-1,1,5,-1,1,0,0,0,0,2,1,-1,2,33,6,-1,-1,-1,-1,6,1,E01032977,0
Unvalidated,2024340WN3592,2024,340WN3592,1,9,0,-1,3,7,-1,8,0,0,0,0,4,1,-1,1,72,10,-1,-1,-1,-1,8,1,E01028206,0
Unvalidated,2024340WN3592,2024,340WN3592,2,5,0,-1,3,7,-1,8,0,0,1,0,3,1,-1,1,19,4,-1,-1,-1,-1,-1,-1,-1,0
Unvalidated,2024340WN3602,2024,340WN3602,1,9,0,-1,4,8,-1,4,0,0,0,0,2,1,-1,1,71,10,-1,-1,-1,-1,3,1,E01027175,0
Unvalidated,2024340WN3602,2024,340WN3602,2,9,0,-1,4,8,-1,4,0,0,0,0,1,1,-1,2,41,7,-1,-1,-1,-1,2,1,E01027137,0
Unvalidated,2024340WN3612,2024,340WN3612,1,9,0,-1,3,7,-1,0,0,0,1,0,0,1,-1,1,42,7,-1,-1,-1,-1,3,1,E01027312,0
Unvalidated,2024340WN3622,2024,340WN3622,1,9,0,-1,2,6,-1,0,5,0,0,0,4,1,-1,1,63,9,-1,-1,-1,-1,-1,-1,-1,0
Unvalidated,2024340WN3622,2024,340WN3622,2,9,0,-1,2,6,-1,0,0,0,0,0,1,1,-1,1,27,6,-1,-1,-1,-1,2,1,E01027349,0
Unvalidated,2024340WN3622,2024,340WN3622,3,9,0,-1,2,6,-1,0,0,0,0,0,3,1,-1,1,58,9,-1,-1,-1,-1,10,1,E01028596,0
Unvalidated,2024340WN3632,2024,340WN3632,1,98,0,-1,3,7,-1,0,0,0,0,0,1,1,-1,1,-1,-1,-1,-1,-1,-1,-1,-1,-1,0
Unvalidated,2024340WN3632,2024,340WN3632,2,90,0,-1,0,0,-1,0,0,0,0,0,2,1,-1,3,-1,-1,-1,-1,-1,-1,-1,-1,-1,0
Unvalidated,2024340WN3812,2024,340WN3812,1,9,0,-1,3,7,-1,0,0,0,0,0,1,1,-1,2,-1,-1,-1,-1,-1,-1,-1,-1,-1,0
Unvalidated,2024340WN3812,2024,340WN3812,2,9,0,-1,3,7,-1,0,0,0,0,0,2,1,-1,2,20,4,-1,-1,-1,-1,3,1,E01027173,0
Unvalidated,2024340WN9012,2024,340WN9012,1,5,0,-1,4,8,-1,0,0,0,1,9,1,1,-1,1,27,6,-1,-1,-1,-1,7,3,E01027277,0
Unvalidated,2024340WN9012,2024,340WN9012,2,19,0,-1,4,8,-1,0,0,0,0,0,0,1,-1,1,56,9,-1,-1,-1,-1,6,3,E01027030,0
Unvalidated,2024340WN9012,2024,340WN9012,3,9,0,-1,4,8,-1,0,0,0,0,0,0,1,-1,2,22,5,-1,-1,-1,-1,7,3,E01027277,0
Unvalidated,2024340WN9022,2024,340WN9022,1,21,0,-1,1,5,-1,8,0,0,0,0,1,1,-1,1,31,6,-1,-1,-1,-1,4,1,E01031115,0
Unvalidated,2024340WN9032,2024,340WN9032,1,11,0,-1,1,5,-1,0,0,0,0,0,3,1,-1,1,54,8,-1,-1,-1,-1,5,1,E01027176,0
Unvalidated,2024340WN9042,2024,340WN9042,1,9,0,-1,7,1,-1,6,0,0,0,0,3,1,-1,2,65,9,-1,-1,-1,-1,10,2,E01027298,0
Unvalidated,2024340WN9042,2024,340WN9042,2,9,0,-1,5,1,-1,8,0,0,4,4,1,1,-1,1,26,6,-1,-1,-1,-1,5,2,E01027302,0
Unvalidated,2024340WN9052,2024,340WN9052,1,5,0,-1,3,7,-1,0,0,0,7,0,1,1,-1,2,19,4,-1,-1,-1,-1,8,2,E01027282,0
Unvalidated,2024340WN9052,2024,340WN9052,2,9,0,-1,7,3,-1,0,0,0,0,0,1,1,-1,1,50,8,-1,-1,-1,-1,5,1,E01027133,0
Unvalidated,2024340WN9062,2024,340WN9062,1,9,0,-1,6,2,-1,0,0,0,0,0,0,1,-1,1,38,7,-1,-1,-1,-1,8,1,E01013005,0
Unvalidated,2024340WN9062,2024,340WN9062,2,98,0,-1,6,2,-1,0,0,0,0,0,0,1,-1,1,40,7,-1,-1,-1,-1,7,1,E01032661,0
Unvalidated,2024340WN9062,2024,340WN9062,3,9,0,-1,6,2,-1,0,0,0,0,0,0,1,-1,1,18,4,-1,-1,-1,-1,7,1,E01027146,0
Unvalidated,2024340WN9072,2024,340WN9072,1,9,0,-1,1,5,-1,1,0,0,0,0,1,1,-1,1,19,4,-1,-1,-1,-1,10,2,E01025773,0
Unvalidated,2024340WN9082,2024,340WN9082,1,21,0,-1,4,8,-1,0,1,0,0,0,1,1,-1,1,41,7,-1,-1,-1,-1,9,1,E01026263,0
Unvalidated,2024340WN9092,2024,340WN9092,1,9,0,-1,7,3,-1,2,0,0,0,0,1,1,-1,2,34,6,-1,-1,-1,-1,8,2,E01027282,0
Unvalidated,2024340WN9092,2024,340WN9092,2,1,0,-1,1,5,-1,2,0,0,0,0,1,1,-1,1,26,6,-1,-1,-1,-1,6,1,E01027236,0
Unvalidated,2024340WN9102,2024,340WN9102,1,9,0,-1,5,1,-1,0,0,0,7,0,1,1,-1,1,62,9,-1,-1,-1,-1,4,1,E01027007,0
Unvalidated,2024340WN9102,2024,340WN9102,2,21,0,-1,1,5,-1,0,0,0,0,0,1,1,-1,1,58,9,-1,-1,-1,-1,1,1,E01013640,0
Unvalidated,2024351394803,2024,351394803,1,9,0,-1,-1,-1,0,1,-1,-1,-1,0,-1,1,6,3,-1,-1,-1,-1,-1,-1,-1,-1,-1,0
Unvalidated,2024351394803,2024,351394803,2,9,0,12,-1,-1,0,1,0,10,0,0,4,1,2,2,29,6,-1,-1,-1,-1,3,1,E01018180,0
Unvalidated,2024351394803,2024,351394803,3,-1,0,-1,-1,-1,-1,-1,-1,-1,-1,0,-1,1,6,3,-1,-1,-1,-1,-1,-1,-1,-1,-1,0
Unvalidated,2024351395072,2024,351395072,1,8,0,18,1,5,0,2,0,0,0,0,1,1,6,3,-1,-1,-1,-1,-1,-1,-1,-1,-1,0
Unvalidated,2024351395100,2024,351395100,1,-1,0,-1,-1,-1,0,4,0,0,0,0,-1,1,6,3,-1,-1,-1,-1,-1,-1,-1,-1,-1,0
Unvalidated,2024351395100,2024,351395100,2,3,0,18,3,7,0,3,0,0,0,0,-1,1,2,1,33,6,-1,-1,-1,-1,4,3,E01033174,0
Unvalidated,2024351395845,2024,351395845,1,9,0,18,1,5,0,8,0,0,0,0,1,1,6,1,46,8,-1,-1,-1,-1,3,1,E01015677,0
Unvalidated,2024351395845,2024,351395845,2,1,0,9,3,7,0,8,0,0,0,0,3,1,6,1,18,4,-1,-1,-1,-1,1,1,E01015663,0
Unvalidated,2024351395900,2024,351395900,1,9,0,9,3,1,0,6,0,0,0,0,3,1,6,1,64,9,-1,-1,-1,-1,1,1,E01015603,0
Unvalidated,2024351395900,2024,351395900,2,1,0,18,5,1,0,8,0,0,0,0,1,1,4,1,16,4,-1,-1,-1,-1,9,1,E01033173,0
Unvalidated,2024351395914,2024,351395914,1,9,0,18,-1,-1,0,0,1,0,0,0,1,1,6,1,21,5,-1,-1,-1,-1,1,1,E01015593,0
Unvalidated,2024351395914,2024,351395914,2,9,0,5,-1,-1,0,0,0,0,0,0,1,1,5,2,34,6,-1,-1,-1,-1,1,1,E01015600,0
Unvalidated,2024351396028,2024,351396028,1,21,-1,-1,-1,-1,-1,0,-1,-1,-1,0,-1,1,1,1,56,9,-1,-1,-1,-1,5,1,-1,0
Unvalidated,2024351396028,2024,351396028,2,9,-1,-1,-1,-1,-1,0,-1,-1,-1,0,-1,1,6,1,33,6,-1,-1,-1,-1,4,1,E01009087,0
Unvalidated,2024351396062,2024,351396062,1,9,0,-1,-1,-1,-1,-1,-1,-1,-1,0,3,1,6,1,87,11,-1,-1,-1,-1,10,2,E01018263,0
Unvalidated,2024351396062,2024,351396062,2,9,0,9,8,5,0,8,0,0,0,0,4,1,5,2,30,6,-1,-1,-1,-1,4,2,E01018044,0
Unvalidated,2024351396344,2024,351396344,1,9,-1,-1,-1,-1,-1,-1,-1,-1,-1,0,-1,1,6,3,-1,-1,-1,-1,-1,-1,-1,-1,-1,0