status,collision_index,collision_year,collision_reference,vehicle_reference,vehicle_type,towing_and_articulation,vehicle_manoeuvre,vehicle_direction_from,vehicle_direction_to,vehicle_location_restricted_lane,junction_location,skidding_and_overturning,hit_object_in_carriageway,vehicle_leaving_carriageway,hit_object_off_carriageway,first_point_of_impact,vehicle_left_hand_drive,journey_purpose_of_driver,sex_of_driver,age_of_driver,age_band_of_driver,engine_capacity_cc,propulsion_code,age_of_vehicle,generic_make_model,driver_imd_decile,driver_home_area_type,lsoa_of_driver,escooter_flag
Unvalidated,2024351396344,2024,351396344,2,9,-1,-1,-1,-1,-1,-1,-1,-1,-1,0,-1,1,3,2,64,9,-1,-1,-1,-1,4,1,E01017953,0
Unvalidated,2024351396407,2024,351396407,1,9,0,16,4,7,0,0,1,0,1,3,1,1,5,1,18,4,-1,-1,-1,-1,6,2,E01018052,0
Unvalidated,2024351396799,2024,351396799,1,19,0,5,1,6,0,8,0,0,0,0,1,1,1,1,56,9,-1,-1,-1,-1,1,1,E01016843,0
Unvalidated,2024351396799,2024,351396799,2,21,1,18,6,2,0,1,0,0,0,0,1,1,1,1,53,8,-1,-1,-1,-1,7,1,E01000437,0
Unvalidated,2024351397094,2024,351397094,1,9,0,18,-1,-1,0,0,1,0,7,0,-1,1,6,3,-1,-1,-1,-1,-1,-1,-1,-1,-1,0
Unvalidated,2024351397094,2024,351397094,2,9,0,4,-1,-1,0,0,0,0,0,0,3,1,2,2,30,6,-1,-1,-1,-1,4,3,E01018024,0
Unvalidated,2024351397101,2024,351397101,1,9,0,4,-1,-1,0,8,0,0,0,0,1,1,6,2,23,5,-1,-1,-1,-1,5,1,E01017974,0
Unvalidated,2024351397101,2024,351397101,2,1,0,5,-1,-1,0,8,0,0,0,0,-1,1,2,1,33,6,-1,-1,-1,-1,4,1,E01017947,0
Unvalidated,2024351397222,2024,351397222,1,1,0,3,3,7,4,1,0,0,0,0,2,1,6,1,42,7,-1,-1,-1,-1,4,1,E01017953,0
Unvalidated,2024351397222,2024,351397222,2,19,4,18,3,5,4,2,0,0,0,0,1,1,6,3,-1,-1,-1,-1,-1,-1,-1,-1,-1,0
Unvalidated,2024351397235,2024,351397235,1,9,0,18,8,4,0,0,0,0,0,0,1,1,3,1,46,8,-1,-1,-1,-1,8,1,E01015690,0
Unvalidated,2024351397235,2024,351397235,2,1,0,14,4,8,0,0,0,0,0,0,1,1,4,1,12,3,-1,-1,-1,-1,2,1,E01018144,0
Unvalidated,2024351397500,2024,351397500,1,9,0,-1,-1,-1,0,1,0,0,0,0,-1,1,6,3,-1,-1,-1,-1,-1,-1,-1,-1,-1,0
Unvalidated,2024351397500,2024,351397500,2,1,0,-1,-1,-1,0,1,0,0,0,0,-1,1,5,1,33,6,-1,-1,-1,-1,7,1,E01018082,0
Unvalidated,2024351397517,2024,351397517,1,9,0,18,3,7,0,0,0,0,0,0,2,1,2,2,52,8,-1,-1,-1,-1,3,1,E01023650,0
Unvalidated,2024351397517,2024,351397517,2,21,1,18,-1,-1,0,0,0,0,0,0,1,1,6,3,-1,-1,-1,-1,-1,-1,-1,-1,-1,0
Unvalidated,2024351397535,2024,351397535,1,9,0,18,1,5,0,0,0,0,0,0,1,1,3,2,44,7,-1,-1,-1,-1,9,1,E01018171,0
Unvalidated,2024351398371,2024,351398371,1,9,0,9,1,7,0,5,0,0,0,0,4,1,6,2,47,8,-1,-1,-1,-1,8,1,E01017956,0
Unvalidated,2024351398371,2024,351398371,2,1,0,4,5,1,0,8,0,0,0,0,1,1,3,1,43,7,-1,-1,-1,-1,8,1,E01017989,0
Unvalidated,2024351398439,2024,351398439,1,90,0,7,3,8,0,0,0,0,0,0,1,1,6,1,19,4,-1,-1,-1,-1,7,1,E01032795,1
Unvalidated,2024351398439,2024,351398439,2,9,0,18,8,3,0,0,0,0,0,0,1,1,6,2,23,5,-1,-1,-1,-1,6,2,E01033453,0
Unvalidated,2024351398503,2024,351398503,1,9,0,4,-1,-1,-1,0,0,0,0,0,-1,1,6,1,54,8,-1,-1,-1,-1,2,1,E01017946,0
Unvalidated,2024351398798,2024,351398798,1,9,-1,-1,-1,-1,-1,0,-1,-1,-1,0,-1,1,6,1,45,7,-1,-1,-1,-1,7,3,E01018247,0
Unvalidated,2024351398798,2024,351398798,2,1,-1,-1,-1,-1,-1,0,-1,-1,-1,0,-1,1,1,1,40,7,-1,-1,-1,-1,7,1,E01031349,0
Unvalidated,2024351398817,2024,351398817,1,9,0,5,5,1,0,0,0,0,0,0,1,1,6,2,51,8,-1,-1,-1,-1,2,1,E01022056,0
Unvalidated,2024351398817,2024,351398817,2,9,0,18,5,1,0,0,0,0,0,0,1,1,6,2,24,5,-1,-1,-1,-1,10,3,E01033114,0
Unvalidated,2024351398836,2024,351398836,1,9,0,18,7,3,0,2,1,11,1,11,1,1,6,1,17,4,-1,-1,-1,-1,4,3,E01026661,0
Unvalidated,2024351398850,2024,351398850,1,9,0,2,0,0,0,1,0,0,0,0,2,1,6,2,28,6,-1,-1,-1,-1,8,3,E01018268,0
Unvalidated,2024351398850,2024,351398850,2,9,0,18,6,2,0,1,0,0,0,0,1,1,1,1,21,5,-1,-1,-1,-1,2,1,E01022006,0
Unvalidated,2024351398870,2024,351398870,1,9,0,-1,-1,-1,0,4,0,-1,-1,0,-1,1,5,1,32,6,-1,-1,-1,-1,9,1,E01017968,0
Unvalidated,2024351398870,2024,351398870,2,90,0,-1,-1,-1,0,4,0,-1,-1,0,-1,1,5,1,24,5,-1,-1,-1,-1,5,1,E01017960,0
Unvalidated,2024351398889,2024,351398889,1,9,0,18,2,6,0,8,0,7,0,0,2,1,6,1,29,6,-1,-1,-1,-1,5,2,E01018233,0
Unvalidated,2024351398889,2024,351398889,2,9,0,9,8,4,0,6,0,0,0,0,1,1,6,1,45,7,-1,-1,-1,-1,3,1,E01017977,0
Unvalidated,2024351398935,2024,351398935,1,9,0,18,5,1,0,1,0,0,0,0,1,1,6,1,50,8,-1,-1,-1,-1,4,2,E01018046,0
Unvalidated,2024351398966,2024,351398966,1,9,0,13,8,4,0,0,0,0,0,0,3,1,2,1,33,6,-1,-1,-1,-1,6,1,E01018139,0
Unvalidated,2024351398966,2024,351398966,2,9,0,18,4,8,0,0,1,0,1,4,3,1,2,2,46,8,-1,-1,-1,-1,9,1,E01018027,0
Unvalidated,2024351399004,2024,351399004,1,97,0,18,1,7,0,0,1,0,1,11,1,1,6,1,17,4,-1,-1,-1,-1,10,2,E01018232,0
Unvalidated,2024351399033,2024,351399033,1,9,0,18,4,8,0,0,2,0,7,9,1,1,2,2,33,6,-1,-1,-1,-1,2,3,E01018068,0
Unvalidated,2024351399070,2024,351399070,1,9,0,9,8,4,0,5,0,0,0,0,1,1,6,1,32,6,-1,-1,-1,-1,10,1,E01017959,0
Unvalidated,2024351399070,2024,351399070,2,9,0,17,3,8,0,6,0,0,0,0,1,1,6,1,42,7,-1,-1,-1,-1,9,3,E01018231,0
Unvalidated,2024351399084,2024,351399084,1,3,0,18,1,5,0,1,0,0,0,0,1,1,2,1,34,6,-1,-1,-1,-1,10,3,E01018266,0
Unvalidated,2024351399084,2024,351399084,2,9,0,9,1,5,0,1,0,0,0,0,3,1,5,2,54,8,-1,-1,-1,-1,6,2,E01018304,0
Unvalidated,2024351399280,2024,351399280,1,9,0,18,5,1,0,1,0,9,0,0,1,1,6,3,-1,-1,-1,-1,-1,-1,-1,-1,-1,0
Unvalidated,2024351399280,2024,351399280,2,9,0,18,5,1,0,1,0,9,0,0,0,1,6,1,-1,-1,-1,-1,-1,-1,-1,-1,-1,0
Unvalidated,2024351399280,2024,351399280,3,9,0,18,1,5,0,1,0,9,0,0,1,1,6,1,44,7,-1,-1,-1,-1,8,1,E01015682,0
Unvalidated,2024351399328,2024,351399328,1,19,0,15,5,1,0,0,0,0,0,0,4,1,6,1,36,7,-1,-1,-1,-1,10,1,E01018177,0
Unvalidated,2024351399328,2024,351399328,2,1,0,18,5,1,0,0,5,0,0,0,3,1,2,1,45,7,-1,-1,-1,-1,10,2,E01018232,0
Unvalidated,2024351399332,2024,351399332,1,9,0,13,7,3,0,0,0,0,0,0,1,1,2,1,57,9,-1,-1,-1,-1,5,2,E01018102,0
Unvalidated,2024351399332,2024,351399332,2,5,0,18,3,7,0,0,5,0,0,0,1,1,2,1,25,5,-1,-1,-1,-1,6,3,E01018156,0
Unvalidated,2024351399332,2024,351399332,3,98,0,18,7,3,0,0,0,0,0,0,3,1,1,1,33,6,-1,-1,-1,-1,9,3,E01018199,0
Unvalidated,2024351399457,2024,351399457,1,9,0,5,7,3,0,0,0,7,0,0,2,1,5,1,42,7,-1,-1,-1,-1,3,1,E01015615,0
Unvalidated,2024351399457,2024,351399457,2,9,0,13,7,3,0,0,0,0,0,0,1,1,2,1,25,5,-1,-1,-1,-1,1,1,E01015609,0
Unvalidated,2024351399803,2024,351399803,1,9,0,18,-1,-1,0,1,0,0,0,0,1,1,3,2,-1,-1,-1,-1,-1,-1,-1,-1,-1,0
Unvalidated,2024351399803,2024,351399803,2,9,0,4,-1,-1,0,1,0,0,0,0,2,1,5,1,38,7,-1,-1,-1,-1,1,1,E01015602,0
Unvalidated,2024351399854,2024,351399854,1,9,0,5,4,8,0,6,0,0,0,0,0,1,6,1,76,11,-1,-1,-1,-1,8,2,E01030122,0
Unvalidated,2024351399854,2024,351399854,2,1,0,18,2,6,0,8,0,0,0,0,0,1,2,1,29,6,-1,-1,-1,-1,10,2,E01018014,0
Unvalidated,2024351400279,2024,351400279,1,9,0,18,-1,-1,0,8,0,0,0,0,1,1,6,2,35,6,-1,-1,-1,-1,-1,-1,-1,0
Unvalidated,2024351400279,2024,351400279,2,9,0,17,-1,-1,0,8,0,0,0,0,3,1,2,2,58,9,-1,-1,-1,-1,3,3,E01018090,0
Unvalidated,2024351400290,2024,351400290,1,19,-1,7,2,3,0,5,0,0,0,0,4,1,6,1,32,6,-1,-1,-1,-1,-1,-1,-1,0
Unvalidated,2024351400290,2024,351400290,2,1,-1,18,2,6,0,1,5,10,0,0,3,1,2,1,37,7,-1,-1,-1,-1,6,1,E01017973,0
Unvalidated,2024351400381,2024,351400381,1,9,0,18,7,3,0,0,1,0,1,0,1,1,6,1,43,7,-1,-1,-1,-1,9,2,E01018124,0
Unvalidated,2024351400383,2024,351400383,1,9,0,16,8,4,0,0,0,0,0,0,1,1,6,3,-1,-1,-1,-1,-1,-1,-1,-1,-1,0
Unvalidated,2024351400383,2024,351400383,2,9,0,18,4,8,0,0,0,0,1,0,1,1,5,1,38,7,-1,-1,-1,-1,5,2,E01018041,0
Unvalidated,2024351400391,2024,351400391,1,9,0,18,3,7,9,0,0,10,7,0,1,1,5,1,47,8,-1,-1,-1,-1,3,1,E01018072,0
Unvalidated,2024351400392,2024,351400392,1,3,0,14,8,4,0,0,5,0,0,0,1,1,1,1,26,6,-1,-1,-1,-1,6,1,E01017962,0
Unvalidated,2024351400392,2024,351400392,2,9,0,3,8,4,0,0,0,0,0,0,2,1,2,1,26,6,-1,-1,-1,-1,3,1,E01029954,0
Unvalidated,2024351400392,2024,351400392,3,9,0,5,4,8,0,0,0,4,0,0,4,1,2,2,42,7,-1,-1,-1,-1,6,1,E01033121,0
Unvalidated,2024351400392,2024,351400392,4,9,0,2,0,0,0,0,0,0,0,0,3,1,6,3,-1,-1,-1,-1,-1,-1,-1,-1,-1,0
Unvalidated,2024351401208,2024,351401208,1,98,0,18,3,7,0,0,0,0,0,0,1,1,6,1,36,7,-1,-1,-1,-1,-1,-1,-1,0
Unvalidated,2024351401208,2024,351401208,2,9,-1,4,3,7,0,0,0,0,0,0,2,1,1,2,31,6,-1,-1,-1,-1,8,1,E01026289,0
Unvalidated,2024351401237,2024,351401237,1,9,0,18,-1,-1,-1,0,0,0,0,0,1,1,6,1,55,8,-1,-1,-1,-1,7,3,E01033177,0
Unvalidated,2024351401237,2024,351401237,2,1,0,18,-1,-1,0,0,0,0,0,0,3,1,2,1,61,9,-1,-1,-1,-1,3,1,E01015665,0
Unvalidated,2024351401581,2024,351401581,1,2,0,18,5,1,0,0,2,0,1,0,3,1,6,1,21,5,-1,-1,-1,-1,10,1,E01018274,0
Unvalidated,2024351401587,2024,351401587,1,20,0,5,3,7,0,0,0,0,0,0,3,1,2,1,-1,-1,-1,-1,-1,-1,-1,-1,-1,0
Unvalidated,2024351401587,2024,351401587,2,9,-1,3,7,3,0,0,0,0,0,0,3,1,5,1,47,8,-1,-1,-1,-1,2,1,E01015657,0
Unvalidated,2024351401587,2024,351401587,3,20,0,1,1,5,0,0,0,0,0,0,2,1,2,1,-1,-1,-1,-1,-1,-1,-1,-1,-1,0
Unvalidated,2024351401655,2024,351401655,1,9,0,16,3,7,0,0,0,0,7,0,1,1,5,1,18,4,-1,-1,-1,-1,3,1,E01015752,0
Unvalidated,2024351401686,2024,351401686,1,9,0,18,7,3,0,0,0,0,1,0,1,1,6,1,54,8,-1,-1,-1,-1,-1,-1,-1,0
Unvalidated,2024351401686,2024,351401686,2,19,0,18,3,7,0,0,1,0,1,0,1,1,1,1,31,6,-1,-1,-1,-1,7,3,E01024380,0
Unvalidated,2024351401706,2024,351401706,1,9,0,18,2,6,0,0,1,4,7,0,1,1,2,2,59,9,-1,-1,-1,-1,2,3,E01018068,0
Unvalidated,2024351401706,2024,351401706,2,9,0,2,0,0,0,0,0,0,0,0,2,1,2,3,-1,-1,-1,-1,-1,-1,-1,-1,-1,0
Unvalidated,2024351401739,2024,351401739,1,9,0,18,-1,-1,0,0,0,0,0,0,3,1,6,2,-1,-1,-1,-1,-1,-1,5,1,E01018138,0
Unvalidated,2024351401739,2024,351401739,2,9,0,10,-1,-1,6,0,0,0,0,0,3,1,6,2,35,6,-1,-1,-1,-1,-1,2,-1,0
Unvalidated,2024351401748,2024,351401748,1,9,0,18,1,5,0,2,0,0,1,7,4,1,6,2,43,7,-1,-1,-1,-1,7,1,E01018064,0
Unvalidated,2024351401966,2024,351401966,1,9,0,18,1,5,6,0,0,0,1,0,1,1,6,1,74,10,-1,-1,-1,-1,7,3,E01026257,0
Unvalidated,2024351401974,2024,351401974,1,9,0,18,5,1,0,6,0,0,0,0,3,1,2,1,47,8,-1,-1,-1,-1,8,3,E01018270,0
Unvalidated,2024351401974,2024,351401974,2,9,0,18,7,3,0,8,0,0,0,0,1,1,2,2,18,4,-1,-1,-1,-1,10,2,E01018267,0
Unvalidated,2024351402048,2024,351402048,1,19,0,18,1,5,0,1,0,0,4,6,1,1,1,1,30,6,-1,-1,-1,-1,3,1,E01018094,0
Unvalidated,2024351402048,2024,351402048,2,19,0,7,2,5,0,6,0,0,0,0,3,1,6,1,60,9,-1,-1,-1,-1,5,1,E01018069,0
Unvalidated,2024351402087,2024,351402087,1,9,0,13,1,5,0,0,1,0,1,0,1,1,2,1,21,5,-1,-1,-1,-1,3,2,E01015619,0
Unvalidated,2024351402087,2024,351402087,2,9,0,18,1,5,0,0,0,0,0,0,1,1,2,2,41,7,-1,-1,-1,-1,2,1,E01015657,0
Unvalidated,2024351402142,2024,351402142,1,9,0,18,1,5,0,0,0,0,0,0,1,1,6,3,-1,-1,-1,-1,-1,-1,-1,-1,-1,0
Unvalidated,2024351402177,2024,351402177,1,9,0,5,3,7,0,4,0,0,0,0,3,1,6,1,24,5,-1,-1,-1,-1,8,1,E01018000,0
Unvalidated,2024351402177,2024,351402177,2,1,0,18,1,5,0,8,0,0,0,0,1,1,1,1,55,8,-1,-1,-1,-1,4,1,E01017947,0
Unvalidated,2024351402480,2024,351402480,1,11,0,17,3,1,0,0,0,0,0,0,1,1,1,1,65,9,-1,-1,-1,-1,8,3,E01018223,0
Unvalidated,2024351402480,2024,351402480,2,9,0,10,1,5,0,0,0,0,0,0,4,1,5,1,71,10,-1,-1,-1,-1,6,2,E01026341,0
Unvalidated,2024351402546,2024,351402546,1,9,0,99,-1,-1,0,8,9,99,0,0,9,1,6,3,-1,-1,-1,-1,-1,-1,-1,-1,-1,0
Unvalidated,2024351402546,2024,351402546,2,1,0,18,-1,-1,0,8,0,0,0,0,9,1,2,1,58,9,-1,-1,-1,-1,10,1,E01018295,0
Unvalidated,2024351402798,2024,351402798,1,90,0,-1,-1,-1,-1,0,-1,-1,-1,0,0,1,6,3,-1,-1,-1,-1,-1,-1,-1,-1,-1,0
Unvalidated,2024351402798,2024,351402798,2,90,0,-1,-1,-1,-1,0,-1,-1,-1,0,0,1,6,3,-1,-1,-1,-1,-1,-1,-1,-1,-1,0
Unvalidated,2024351402798,2024,351402798,3,9,0,18,-1,-1,0,0,0,10,1,1,4,1,6,1,46,8,-1,-1,-1,-1,3,1,E01015677,0
Unvalidated,2024351402958,2024,351402958,1,9,0,18,8,4,0,0,0,0,7,0,1,1,6,1,25,5,-1,-1,-1,-1,7,3,E01018026,0
Unvalidated,2024351402958,2024,351402958,2,9,0,18,4,8,0,0,0,0,0,0,1,1,6,1,29,6,-1,-1,-1,-1,-1,-1,-1,0
Unvalidated,2024351402963,2024,351402963,1,9,0,18,4,5,0,0,1,0,0,0,1,1,6,1,33,6,-1,-1,-1,-1,-1,1,-1,0
Unvalidated,2024351402994,2024,351402994,1,98,0,3,7,3,0,1,1,0,0,0,1,1,1,1,44,7,-1,-1,-1,-1,2,1,E01009516,0
Unvalidated,2024351402994,2024,351402994,2,98,0,3,7,3,0,1,0,0,0,0,2,1,1,1,36,7,-1,-1,-1,-1,10,2,E01027077,0
Unvalidated,2024351403014,2024,351403014,1,9,0,5,6,1,0,4,0,0,0,0,3,1,6,1,21,5,-1,-1,-1,-1,4,1,E01015676,0
Unvalidated,2024351403014,2024,351403014,2,1,0,3,3,8,0,8,0,0,0,0,4,1,5,2,39,7,-1,-1,-1,-1,4,1,E01015614,0
Unvalidated,2024351403673,2024,351403673,1,9,0,-1,-1,-1,0,-1,0,0,0,0,-1,1,6,3,-1,-1,-1,-1,-1,-1,-1,-1,-1,0
Unvalidated,2024351403673,2024,351403673,2,1,0,-1,-1,-1,0,-1,0,0,0,0,-1,1,2,1,34,6,-1,-1,-1,-1,6,1,E01017962,0
Unvalidated,2024351403778,2024,351403778,1,9,0,9,5,3,0,0,0,0,0,0,2,1,5,2,45,7,-1,-1,-1,-1,6,2,E01018053,0
Unvalidated,2024351403778,2024,351403778,2,19,0,18,5,1,0,0,0,0,0,0,1,1,2,1,44,7,-1,-1,-1,-1,9,1,E01018032,0
Unvalidated,2024351403778,2024,351403778,3,9,0,18,1,5,0,0,0,0,0,0,3,1,5,2,34,6,-1,-1,-1,-1,6,3,E01018053,0
Unvalidated,2024351403801,2024,351403801,1,1,0,18,1,5,0,8,5,0,0,0,3,1,1,1,55,8,-1,-1,-1,-1,3,1,E01017978,0
Unvalidated,2024351403801,2024,351403801,2,9,0,7,-1,-1,0,8,0,0,0,0,1,1,6,3,-1,-1,-1,-1,-1,-1,-1,-1,-1,0
Unvalidated,2024351403805,2024,351403805,1,9,-1,4,-1,-1,0,8,0,0,-1,0,1,1,6,3,-1,-1,-1,-1,-1,-1,-1,-1,-1,0
Unvalidated,2024351403805,2024,351403805,2,1,-1,3,-1,-1,0,8,0,0,-1,0,1,1,2,2,46,8,-1,-1,-1,-1,4,1,E01015614,0
Unvalidated,2024351403831,2024,351403831,1,9,0,12,4,8,0,0,1,0,2,1,3,1,2,1,36,7,-1,-1,-1,-1,3,1,E01015674,0
Unvalidated,2024351403835,2024,351403835,1,9,0,18,7,3,0,1,0,0,1,4,1,1,1,2,40,7,-1,-1,-1,-1,4,1,E01018146,0
Unvalidated,2024351403835,2024,351403835,2,98,1,17,5,1,0,1,0,0,0,0,1,1,1,1,52,8,-1,-1,-1,-1,5,1,E01021429,0
Unvalidated,2024351403923,2024,351403923,1,9,-1,18,4,8,0,8,0,0,0,0,-1,1,6,1,-1,-1,-1,-1,-1,-1,-1,-1,-1,0
Unvalidated,2024351403923,2024,351403923,2,9,0,18,7,2,0,8,0,0,0,0,1,1,6,2,40,7,-1,-1,-1,-1,4,3,E01033178,0
Unvalidated,2024351403952,2024,351403952,1,3,0,4,7,3,0,0,0,0,0,0,2,1,2,1,29,6,-1,-1,-1,-1,8,3,E01018286,0
Unvalidated,2024351403952,2024,351403952,2,19,0,4,7,3,0,0,0,0,0,0,1,1,6,1,38,7,-1,-1,-1,-1,6,1,E01029951,0
Unvalidated,2024351403954,2024,351403954,1,9,0,1,1,5,0,0,0,0,0,0,2,1,2,1,30,6,-1,-1,-1,-1,8,3,E01033181,0
Unvalidated,2024351404318,2024,351404318,1,9,0,5,-1,-1,0,1,0,0,0,0,4,1,2,1,28,6,-1,-1,-1,-1,7,1,E01018002,0
Unvalidated,2024351404318,2024,351404318,2,1,0,18,-1,-1,5,6,0,0,0,0,4,1,6,2,11,3,-1,-1,-1,-1,7,1,E01018002,0
Unvalidated,2024351404327,2024,351404327,1,9,0,18,5,7,0,0,0,0,0,0,1,1,5,1,78,11,-1,-1,-1,-1,9,1,E01018171,0
Unvalidated,2024351404327,2024,351404327,2,1,0,18,1,5,0,0,0,0,0,0,3,1,4,2,14,3,-1,-1,-1,-1,7,1,E01018168,0
Unvalidated,2024351404432,2024,351404432,1,9,0,7,3,5,0,4,0,0,0,0,1,1,5,1,58,9,-1,-1,-1,-1,10,1,E01017985,0
Unvalidated,2024351404432,2024,351404432,2,90,0,18,1,5,0,8,0,0,0,0,4,1,5,1,25,5,-1,-1,-1,-1,10,2,E01018256,0
Unvalidated,2024351404772,2024,351404772,1,9,0,18,5,1,0,0,0,0,1,0,1,1,5,1,62,9,-1,-1,-1,-1,6,2,E01018036,0
Unvalidated,2024351404862,2024,351404862,1,9,0,5,7,3,0,1,0,0,0,0,1,1,6,1,-1,-1,-1,-1,-1,-1,10,2,E01018260,0
Unvalidated,2024351404862,2024,351404862,2,9,0,5,7,3,0,1,0,0,0,0,0,1,5,1,53,8,-1,-1,-1,-1,7,1,E01016820,0
Unvalidated,2024351404867,2024,351404867,1,9,-1,-1,-1,-1,-1,0,-1,-1,-1,0,2,1,5,2,27,6,-1,-1,-1,-1,-1,1,-1,0
Unvalidated,2024351404867,2024,351404867,2,9,-1,-1,-1,-1,-1,0,-1,-1,-1,0,2,1,5,1,43,7,-1,-1,-1,-1,9,3,E01018205,0
Unvalidated,2024351405098,2024,351405098,1,21,0,-1,-1,-1,-1,0,-1,-1,-1,0,-1,1,6,1,-1,-1,-1,-1,-1,-1,-1,-1,-1,0
Unvalidated,2024351405098,2024,351405098,2,19,-1,-1,-1,-1,-1,0,-1,-1,-1,0,-1,1,1,1,45,7,-1,-1,-1,-1,4,2,E01018044,0
Unvalidated,2024351405138,2024,351405138,1,9,0,13,7,3,0,8,0,0,0,0,1,1,1,1,51,8,-1,-1,-1,-1,7,1,E01018168,0
Unvalidated,2024351405138,2024,351405138,2,19,0,18,7,3,0,8,0,0,0,0,1,1,1,1,29,6,-1,-1,-1,-1,1,1,E01015602,0
Unvalidated,2024351405138,2024,351405138,3,9,0,18,7,3,0,8,0,0,0,0,0,1,6,2,23,5,-1,-1,-1,-1,3,1,E01018145,0
Unvalidated,2024351405139,2024,351405139,1,9,0,5,5,1,0,4,0,0,0,0,1,1,6,1,53,8,-1,-1,-1,-1,5,1,E01018009,0
Unvalidated,2024351405139,2024,351405139,2,1,0,18,5,1,0,8,5,0,0,0,1,1,2,1,32,6,-1,-1,-1,-1,3,1,E01017978,0
Unvalidated,2024351405162,2024,351405162,1,97,0,17,6,2,0,8,1,0,1,0,4,1,5,2,17,4,-1,-1,-1,-1,10,1,E01018007,0
Unvalidated,2024351405174,2024,351405174,1,9,0,18,1,5,0,0,0,0,0,0,1,1,6,1,48,8,-1,-1,-1,-1,2,1,E01015632,0
Unvalidated,2024351405174,2024,351405174,2,9,0,18,5,1,0,0,0,0,0,0,1,1,6,1,43,7,-1,-1,-1,-1,2,1,E01015634,0
Unvalidated,2024351405174,2024,351405174,3,11,0,18,5,1,0,0,0,0,0,0,1,1,1,1,55,8,-1,-1,-1,-1,2,1,E01033182,0
Unvalidated,2024351405194,2024,351405194,1,9,0,9,7,3,0,1,0,0,0,0,1,1,6,1,65,9,-1,-1,-1,-1,5,1,-1,0
Unvalidated,2024351405194,2024,351405194,2,9,0,18,3,7,0,1,0,0,0,0,1,1,6,1,27,6,-1,-1,-1,-1,9,1,E01018172,0
Unvalidated,2024351405215,2024,351405215,1,9,0,18,1,5,0,0,0,0,0,0,1,1,2,2,43,7,-1,-1,-1,-1,3,1,E01015640,0
Unvalidated,2024351405215,2024,351405215,2,1,0,9,5,3,0,0,0,0,0,0,4,1,1,1,35,6,-1,-1,-1,-1,9,1,E01026304,0
Unvalidated,2024351405253,2024,351405253,1,9,0,18,1,5,0,0,0,0,0,0,1,1,6,1,39,7,-1,-1,-1,-1,1,1,E01015604,0
Unvalidated,2024351405466,2024,351405466,1,9,0,18,2,6,0,4,0,9,0,0,1,1,6,1,23,5,-1,-1,-1,-1,5,2,E01018212,0
Unvalidated,2024351405551,2024,351405551,1,9,0,18,1,5,0,0,0,0,0,0,1,1,6,3,-1,-1,-1,-1,-1,-1,-1,-1,-1,0
Unvalidated,2024351405551,2024,351405551,2,9,0,4,1,5,0,0,0,0,0,0,2,1,5,1,22,5,-1,-1,-1,-1,2,1,E01015654,0
Unvalidated,2024351405565,2024,351405565,1,98,1,7,7,3,0,0,0,0,0,0,1,1,1,1,39,7,-1,-1,-1,-1,-1,-1,-1,0
Unvalidated,2024351405565,2024,351405565,2,9,0,7,7,3,0,0,0,0,0,0,4,1,2,2,38,7,-1,-1,-1,-1,10,3,E01018266,0
Unvalidated,2024351405584,2024,351405584,1,9,0,12,3,7,0,0,0,0,0,0,1,1,2,1,60,9,-1,-1,-1,-1,7,1,E01017994,0
Unvalidated,2024351405584,2024,351405584,2,9,0,12,3,7,0,0,0,0,0,0,2,1,6,1,64,9,-1,-1,-1,-1,9,1,E01017998,0
Unvalidated,2024351405584,2024,351405584,3,9,0,12,3,7,0,0,0,0,0,0,2,1,2,2,42,7,-1,-1,-1,-1,10,1,E01017995,0
Unvalidated,2024351405599,2024,351405599,1,-1,-1,-1,-1,-1,-1,0,-1,-1,-1,0,-1,1,6,3,-1,-1,-1,-1,-1,-1,-1,-1,-1,0
Unvalidated,2024351405599,2024,351405599,2,8,-1,-1,-1,-1,-1,0,-1,-1,-1,0,-1,1,1,1,32,6,-1,-1,-1,-1,2,1,E01015601,0
Unvalidated,2024351406288,2024,351406288,1,9,0,18,3,7,0,0,0,0,1,0,4,1,6,1,44,7,-1,-1,-1,-1,5,1,E01030105,0
Unvalidated,2024351406344,2024,351406344,1,9,0,9,6,4,0,8,0,0,0,0,3,1,2,2,64,9,-1,-1,-1,-1,-1,-1,-1,0
Unvalidated,2024351406344,2024,351406344,2,5,0,18,4,8,0,8,0,0,0,0,1,1,6,1,30,6,-1,-1,-1,-1,4,2,E01018046,0
Unvalidated,2024351406427,2024,351406427,1,9,-1,-1,-1,-1,-1,-1,-1,-1,-1,0,-1,1,6,1,-1,-1,-1,-1,-1,-1,-1,-1,-1,0
Unvalidated,2024351406427,2024,351406427,2,9,-1,-1,-1,-1,-1,-1,-1,-1,-1,0,-1,1,6,2,37,7,-1,-1,-1,-1,2,1,E01015634,0
Unvalidated,2024351406671,2024,351406671,1,21,1,5,5,1,0,8,0,0,0,0,3,2,1,1,49,8,-1,-1,-1,-1,-1,-1,-1,0
Unvalidated,2024351406671,2024,351406671,2,9,0,18,3,7,0,1,0,0,0,0,1,1,6,2,58,9,-1,-1,-1,-1,4,2,E01027126,0
Unvalidated,2024351406688,2024,351406688,1,9,0,18,1,5,0,0,0,0,1,0,1,1,1,2,43,7,-1,-1,-1,-1,7,2,E01033451,0
Unvalidated,2024351406698,2024,351406698,1,9,0,18,7,3,0,0,1,0,0,0,1,1,2,1,61,9,-1,-1,-1,-1,7,3,E01018220,0
Unvalidated,2024351406698,2024,351406698,2,9,0,18,3,7,0,0,1,0,0,0,3,1,2,1,38,7,-1,-1,-1,-1,2,1,E01015749,0