status,collision_index,collision_year,collision_reference,vehicle_reference,vehicle_type,towing_and_articulation,vehicle_manoeuvre,vehicle_direction_from,vehicle_direction_to,vehicle_location_restricted_lane,junction_location,skidding_and_overturning,hit_object_in_carriageway,vehicle_leaving_carriageway,hit_object_off_carriageway,first_point_of_impact,vehicle_left_hand_drive,journey_purpose_of_driver,sex_of_driver,age_of_driver,age_band_of_driver,engine_capacity_cc,propulsion_code,age_of_vehicle,generic_make_model,driver_imd_decile,driver_home_area_type,lsoa_of_driver,escooter_flag
Unvalidated,2024351406698,2024,351406698,3,9,0,18,3,7,0,0,1,0,7,0,1,1,2,1,37,7,-1,-1,-1,-1,5,3,E01018135,0
Unvalidated,2024351406701,2024,351406701,1,97,0,13,3,7,0,0,1,10,7,0,3,1,6,1,57,9,-1,-1,-1,-1,9,1,E01033310,0
Unvalidated,2024351406720,2024,351406720,1,9,0,9,2,8,0,8,0,0,0,0,4,1,2,2,18,4,-1,-1,-1,-1,6,1,E01015653,0
Unvalidated,2024351406720,2024,351406720,2,97,0,18,6,2,0,1,0,0,0,0,1,1,1,1,28,6,-1,-1,-1,-1,-1,1,-1,0
Unvalidated,2024351406726,2024,351406726,1,3,0,18,-1,-1,-1,0,0,0,-1,0,-1,1,6,3,-1,-1,-1,-1,-1,-1,-1,-1,-1,0
Unvalidated,2024351406749,2024,351406749,1,1,0,9,1,5,0,0,2,0,0,0,3,1,6,2,19,4,-1,-1,-1,-1,4,1,E01008997,0
Unvalidated,2024351406749,2024,351406749,2,9,0,18,1,5,0,0,0,0,0,0,4,1,6,1,51,8,-1,-1,-1,-1,10,1,E01018248,0
Unvalidated,2024351406753,2024,351406753,1,9,-1,-1,-1,-1,0,0,-1,-1,-1,0,-1,1,6,1,25,5,-1,-1,-1,-1,4,1,E01012803,0
Unvalidated,2024351406753,2024,351406753,2,9,-1,-1,-1,-1,0,0,-1,-1,-1,0,-1,1,2,1,28,6,-1,-1,-1,-1,10,2,E01018118,0
Unvalidated,2024351406769,2024,351406769,1,9,0,18,7,3,0,0,0,4,1,0,1,1,5,2,23,5,-1,-1,-1,-1,8,2,E01018194,0
Unvalidated,2024351406769,2024,351406769,2,9,0,2,0,0,0,0,0,0,1,0,2,1,6,3,-1,-1,-1,-1,-1,-1,-1,-1,-1,0
Unvalidated,2024351406777,2024,351406777,1,10,0,3,5,1,0,0,0,0,0,0,3,1,3,1,66,10,-1,-1,-1,-1,10,3,E01018252,0
Unvalidated,2024351406777,2024,351406777,2,9,0,18,1,5,0,0,0,0,0,0,3,1,6,1,28,6,-1,-1,-1,-1,10,2,E01018259,0
Unvalidated,2024351406896,2024,351406896,1,9,0,18,2,6,0,0,1,0,0,0,3,1,6,1,38,7,-1,-1,-1,-1,10,2,E01017429,0
Unvalidated,2024351406896,2024,351406896,2,19,0,18,6,2,0,0,0,0,0,0,3,1,1,2,61,9,-1,-1,-1,-1,8,1,E01017383,0
Unvalidated,2024351406902,2024,351406902,1,9,0,1,3,7,0,2,0,0,0,0,1,1,6,1,74,10,-1,-1,-1,-1,5,1,E01022078,0
Unvalidated,2024351406902,2024,351406902,2,9,0,18,7,3,0,2,0,0,0,0,1,1,2,1,25,5,-1,-1,-1,-1,9,1,E01017993,0
Unvalidated,2024351407099,2024,351407099,1,9,0,18,1,2,0,1,0,0,0,0,1,1,6,2,-1,-1,-1,-1,-1,-1,10,2,E01018193,0
Unvalidated,2024351407099,2024,351407099,2,9,0,8,1,2,0,1,0,0,0,0,2,1,2,2,45,7,-1,-1,-1,-1,6,1,E01015691,0
Unvalidated,2024351407468,2024,351407468,1,9,0,-1,-1,-1,-1,-1,-1,-1,-1,0,-1,1,6,1,43,7,-1,-1,-1,-1,5,1,E01018163,0
Unvalidated,2024351407507,2024,351407507,1,9,0,18,1,5,0,0,2,0,7,9,1,1,1,1,20,4,-1,-1,-1,-1,7,3,E01018026,0
Unvalidated,2024351407528,2024,351407528,1,9,0,18,1,5,0,1,0,0,0,0,1,1,5,2,37,7,-1,-1,-1,-1,-1,1,-1,0
Unvalidated,2024351407528,2024,351407528,2,9,0,18,7,3,0,1,0,0,0,0,4,1,1,2,39,7,-1,-1,-1,-1,4,1,E01017953,0
Unvalidated,2024351407559,2024,351407559,1,9,0,7,-1,-1,0,8,0,0,0,0,1,1,6,3,-1,-1,-1,-1,-1,-1,-1,-1,-1,0
Unvalidated,2024351407595,2024,351407595,1,9,0,18,4,8,0,0,1,0,1,0,1,1,5,1,55,8,-1,-1,-1,-1,8,1,E01018203,0
Unvalidated,2024351407899,2024,351407899,1,9,0,-1,-1,-1,0,8,0,0,0,0,1,1,6,1,44,7,-1,-1,-1,-1,3,1,E01017978,0
Unvalidated,2024351407899,2024,351407899,2,1,0,-1,-1,-1,0,8,0,0,0,0,2,1,2,2,24,5,-1,-1,-1,-1,7,1,E01017965,0
Unvalidated,2024351407999,2024,351407999,1,9,0,5,5,1,9,0,0,0,0,0,1,1,6,2,-1,-1,-1,-1,-1,-1,-1,-1,-1,0
Unvalidated,2024351407999,2024,351407999,2,1,0,18,3,7,4,0,0,0,0,0,4,1,2,2,40,7,-1,-1,-1,-1,9,1,E01018162,0
Unvalidated,2024351408776,2024,351408776,1,9,0,9,-1,-1,0,5,0,0,0,0,-1,1,6,2,33,6,-1,-1,-1,-1,10,2,E01018266,0
Unvalidated,2024351408776,2024,351408776,2,1,0,18,-1,-1,0,8,0,0,0,0,-1,1,6,1,15,3,-1,-1,-1,-1,7,3,E01023598,0
Unvalidated,2024351408859,2024,351408859,1,9,0,5,3,7,9,6,0,0,0,0,-1,1,5,1,64,9,-1,-1,-1,-1,-1,-1,-1,0
Unvalidated,2024351408859,2024,351408859,2,1,0,18,1,5,4,1,0,0,0,0,4,1,2,1,44,7,-1,-1,-1,-1,10,3,E01018116,0
Unvalidated,2024351408936,2024,351408936,1,9,-1,-1,-1,-1,-1,0,-1,-1,-1,0,-1,1,6,3,-1,-1,-1,-1,-1,-1,-1,-1,-1,0
Unvalidated,2024351408936,2024,351408936,2,9,-1,-1,-1,-1,-1,0,-1,-1,-1,0,-1,1,6,2,33,6,-1,-1,-1,-1,3,1,E01015674,0
Unvalidated,2024351409219,2024,351409219,1,9,0,-1,-1,-1,-1,0,0,0,0,0,1,1,6,2,71,10,-1,-1,-1,-1,4,1,E01026660,0
Unvalidated,2024351409226,2024,351409226,1,9,0,18,2,6,0,1,0,0,0,0,1,1,6,1,84,11,-1,-1,-1,-1,9,3,E01018034,0
Unvalidated,2024351409237,2024,351409237,1,9,0,18,6,6,0,0,0,0,0,0,1,1,5,2,21,5,-1,-1,-1,-1,6,1,E01015678,0
Unvalidated,2024351409248,2024,351409248,1,98,1,14,-1,-1,-1,0,0,8,0,0,3,1,6,1,-1,-1,-1,-1,-1,-1,-1,-1,-1,0
Unvalidated,2024351409248,2024,351409248,2,19,0,2,-1,-1,-1,0,0,0,0,0,4,1,1,1,63,9,-1,-1,-1,-1,1,1,E01015616,0
Unvalidated,2024351409284,2024,351409284,1,9,0,18,5,1,0,1,0,0,0,0,1,1,6,1,18,4,-1,-1,-1,-1,9,3,E01018278,0
Unvalidated,2024351409284,2024,351409284,2,9,0,3,5,1,0,1,0,0,0,0,2,1,1,1,58,9,-1,-1,-1,-1,9,1,E01018181,0
Unvalidated,2024351409293,2024,351409293,1,9,0,18,1,5,0,0,1,0,0,0,1,1,5,1,45,7,-1,-1,-1,-1,8,1,E01002495,0
Unvalidated,2024351409293,2024,351409293,2,9,0,18,5,1,0,0,0,0,1,10,1,1,5,1,72,10,-1,-1,-1,-1,10,2,E01018122,0
Unvalidated,2024351409301,2024,351409301,1,9,0,5,7,5,0,1,0,0,0,0,3,1,5,1,49,8,-1,-1,-1,-1,8,1,E01018242,0
Unvalidated,2024351409301,2024,351409301,2,1,0,18,5,1,0,8,0,0,0,0,1,1,6,2,40,7,-1,-1,-1,-1,10,2,E01018256,0
Unvalidated,2024351409310,2024,351409310,1,3,0,18,5,1,7,1,0,0,0,0,1,1,6,1,18,4,-1,-1,-1,-1,8,2,E01018257,0
Unvalidated,2024351409310,2024,351409310,2,8,0,2,0,0,0,1,0,0,0,0,3,1,6,3,-1,-1,-1,-1,-1,-1,-1,-1,-1,0
Unvalidated,2024351409332,2024,351409332,1,9,0,5,5,1,0,4,0,0,0,0,1,1,2,1,43,7,-1,-1,-1,-1,9,2,E01018299,0
Unvalidated,2024351409332,2024,351409332,2,1,0,18,3,7,0,3,0,0,0,0,1,1,2,2,20,4,-1,-1,-1,-1,4,1,E01017947,0
Unvalidated,2024351409334,2024,351409334,1,9,0,13,6,2,0,8,0,0,0,0,4,2,6,1,48,8,-1,-1,-1,-1,6,1,E01017961,0
Unvalidated,2024351409334,2024,351409334,2,1,0,18,6,2,0,8,5,0,0,0,4,1,6,1,36,7,-1,-1,-1,-1,6,1,E01017973,0
Unvalidated,2024351409339,2024,351409339,1,9,0,-1,-1,-1,0,8,0,0,0,0,-1,1,6,1,25,5,-1,-1,-1,-1,-1,-1,-1,0
Unvalidated,2024351409339,2024,351409339,2,1,0,18,-1,-1,0,1,5,0,0,0,-1,1,6,1,21,5,-1,-1,-1,-1,8,1,E01017987,0
Unvalidated,2024351409398,2024,351409398,1,5,0,18,6,2,0,8,0,0,0,0,1,1,5,1,67,10,-1,-1,-1,-1,6,1,E01018142,0
Unvalidated,2024351409398,2024,351409398,2,9,0,18,6,4,0,8,0,0,0,0,3,1,5,2,33,6,-1,-1,-1,-1,8,2,E01018117,0
Unvalidated,2024351409856,2024,351409856,1,9,0,18,-1,-1,0,1,0,0,0,0,1,1,6,1,-1,-1,-1,-1,-1,-1,-1,-1,-1,0
Unvalidated,2024351409856,2024,351409856,2,9,0,3,-1,-1,0,1,0,0,0,0,2,1,5,2,47,8,-1,-1,-1,-1,2,1,E01015605,0
Unvalidated,2024351410079,2024,351410079,1,9,-1,-1,-1,-1,-1,0,-1,-1,-1,0,1,1,6,1,39,7,-1,-1,-1,-1,6,2,E01026446,0
Unvalidated,2024351410079,2024,351410079,2,9,-1,-1,-1,-1,-1,0,-1,-1,-1,0,2,1,5,2,40,7,-1,-1,-1,-1,3,2,E01031006,0
Unvalidated,2024351410097,2024,351410097,1,9,-1,-1,-1,-1,-1,-1,-1,-1,-1,0,-1,1,6,3,-1,-1,-1,-1,-1,-1,-1,-1,-1,0
Unvalidated,2024351410097,2024,351410097,2,8,-1,-1,-1,-1,-1,-1,-1,-1,-1,0,-1,1,1,1,37,7,-1,-1,-1,-1,6,1,E01015671,0
Unvalidated,2024351410122,2024,351410122,1,21,1,18,5,1,0,0,0,0,0,0,-1,1,1,3,-1,-1,-1,-1,-1,-1,-1,-1,-1,0
Unvalidated,2024351410122,2024,351410122,2,9,0,13,5,1,0,0,1,0,5,6,4,1,5,2,27,6,-1,-1,-1,-1,3,1,E01013775,0
Unvalidated,2024351410363,2024,351410363,1,9,0,18,8,4,0,4,0,0,0,0,3,1,1,1,70,10,-1,-1,-1,-1,9,2,E01018209,0
Unvalidated,2024351410363,2024,351410363,2,1,0,17,6,2,0,8,5,0,0,0,1,1,2,1,21,5,-1,-1,-1,-1,9,1,E01018181,0
Unvalidated,2024351410510,2024,351410510,1,9,0,18,2,8,0,2,0,0,1,0,1,1,6,1,28,6,-1,-1,-1,-1,9,3,E01018034,0
Unvalidated,2024351410542,2024,351410542,1,9,0,9,6,2,0,1,0,0,0,0,1,1,6,1,44,7,-1,-1,-1,-1,5,1,E01023661,0
Unvalidated,2024351410542,2024,351410542,2,9,0,9,8,4,0,6,0,0,0,0,3,1,6,2,79,11,-1,-1,-1,-1,10,1,E01023659,0
Unvalidated,2024351410549,2024,351410549,1,98,0,18,5,1,0,0,1,0,1,0,1,1,6,1,45,7,-1,-1,-1,-1,-1,-1,-1,0
Unvalidated,2024351410549,2024,351410549,2,9,-1,-1,-1,-1,-1,0,-1,-1,-1,0,-1,1,6,3,-1,-1,-1,-1,-1,-1,-1,-1,-1,0
Unvalidated,2024351410561,2024,351410561,1,9,0,18,5,1,0,0,0,0,0,0,1,1,6,1,18,4,-1,-1,-1,-1,6,1,E01015644,0
Unvalidated,2024351410561,2024,351410561,2,90,0,2,0,0,0,0,0,0,0,0,2,1,6,1,21,5,-1,-1,-1,-1,1,1,E01012854,0
Unvalidated,2024351410575,2024,351410575,1,9,0,18,1,6,0,0,2,0,1,0,4,1,5,1,38,7,-1,-1,-1,-1,4,1,E01018077,0
Unvalidated,2024351410575,2024,351410575,2,-1,-1,18,6,1,0,0,0,0,0,0,0,1,6,3,-1,-1,-1,-1,-1,-1,-1,-1,-1,0
Unvalidated,2024351410613,2024,351410613,1,9,0,4,4,8,0,0,0,0,0,0,1,1,6,1,85,11,-1,-1,-1,-1,3,1,E01018094,0
Unvalidated,2024351410613,2024,351410613,2,9,0,4,4,8,0,0,0,0,0,0,2,1,6,1,63,9,-1,-1,-1,-1,4,1,E01018096,0
Unvalidated,2024351411429,2024,351411429,1,9,0,18,1,6,0,1,0,0,0,0,4,1,6,3,-1,-1,-1,-1,-1,-1,-1,-1,-1,0
Unvalidated,2024351411429,2024,351411429,2,9,0,8,1,4,0,1,0,0,0,0,2,1,5,2,35,6,-1,-1,-1,-1,2,1,E01015605,0
Unvalidated,2024351411434,2024,351411434,1,9,-1,-1,-1,-1,-1,0,-1,-1,-1,0,-1,1,6,3,-1,-1,-1,-1,-1,-1,-1,-1,-1,0
Unvalidated,2024351411434,2024,351411434,2,1,-1,-1,-1,-1,-1,0,-1,-1,-1,0,-1,1,2,1,20,4,-1,-1,-1,-1,8,1,E01026269,0
Unvalidated,2024351411463,2024,351411463,1,1,-1,18,3,7,9,0,0,0,0,0,1,1,6,1,-1,-1,-1,-1,-1,-1,-1,-1,-1,0
Unvalidated,2024351411473,2024,351411473,1,9,0,18,-1,-1,0,4,0,0,0,0,1,1,6,1,23,5,-1,-1,-1,-1,8,1,E01026035,0
Unvalidated,2024351411473,2024,351411473,2,9,0,3,-1,-1,0,3,0,0,0,0,4,1,5,2,49,8,-1,-1,-1,-1,2,1,E01015656,0
Unvalidated,2024351411477,2024,351411477,1,19,0,-1,-1,-1,0,-1,0,4,0,0,4,1,6,3,-1,-1,-1,-1,-1,-1,-1,-1,-1,0
Unvalidated,2024351411477,2024,351411477,2,9,0,2,-1,-1,-1,1,0,0,1,4,4,1,6,1,18,4,-1,-1,-1,-1,2,1,E01018143,0
Unvalidated,2024351411555,2024,351411555,1,9,0,1,-1,-1,0,0,0,0,0,0,2,1,6,2,45,7,-1,-1,-1,-1,2,1,E01015605,0
Unvalidated,2024351411555,2024,351411555,2,9,0,8,-1,-1,0,0,-1,0,0,0,1,1,5,2,-1,-1,-1,-1,-1,-1,1,1,E01015611,0
Unvalidated,2024351411884,2024,351411884,1,9,0,9,7,3,0,1,0,0,0,0,1,1,1,2,26,6,-1,-1,-1,-1,6,3,E01018056,0
Unvalidated,2024351411884,2024,351411884,2,1,0,18,1,5,0,1,0,0,0,0,1,1,6,1,24,5,-1,-1,-1,-1,10,1,E01033425,0
Unvalidated,2024351411894,2024,351411894,1,-1,0,18,-1,-1,0,0,0,0,0,0,1,1,6,3,-1,-1,-1,-1,-1,-1,-1,-1,-1,0
Unvalidated,2024351411894,2024,351411894,2,98,0,3,-1,-1,0,0,0,0,0,0,2,1,1,1,64,9,-1,-1,-1,-1,4,1,E01005436,0
Unvalidated,2024351411933,2024,351411933,1,9,0,9,7,1,0,4,0,0,0,0,4,1,5,2,41,7,-1,-1,-1,-1,5,3,E01026284,0
Unvalidated,2024351411933,2024,351411933,2,9,0,9,7,1,0,4,0,0,0,0,4,1,2,1,43,7,-1,-1,-1,-1,8,3,E01026977,0
Unvalidated,2024351411941,2024,351411941,1,5,0,18,3,7,0,0,0,11,0,0,3,1,6,1,42,7,-1,-1,-1,-1,4,3,E01015630,0
Unvalidated,2024351411951,2024,351411951,1,9,0,18,3,7,0,1,0,0,0,0,1,1,6,1,68,10,-1,-1,-1,-1,2,1,E01015633,0
Unvalidated,2024351411951,2024,351411951,2,90,-1,-1,-1,-1,-1,2,0,0,0,0,-1,1,6,1,-1,-1,-1,-1,-1,-1,-1,-1,-1,1
Unvalidated,2024351411975,2024,351411975,1,9,0,9,1,5,0,2,0,0,0,0,3,1,5,1,38,7,-1,-1,-1,-1,5,1,E01023843,0
Unvalidated,2024351411975,2024,351411975,2,1,0,18,1,5,0,1,2,0,0,0,1,1,5,2,25,5,-1,-1,-1,-1,7,1,E01032797,0
Unvalidated,2024351411993,2024,351411993,1,9,0,9,8,6,4,0,0,0,0,0,3,1,2,1,40,7,-1,-1,-1,-1,9,2,E01018124,0
Unvalidated,2024351411993,2024,351411993,2,1,0,15,4,8,4,0,5,0,0,0,1,1,6,2,71,10,-1,-1,-1,-1,10,1,E01018293,0
Unvalidated,2024351412031,2024,351412031,1,9,0,18,7,3,0,0,0,0,0,0,1,1,6,1,49,8,-1,-1,-1,-1,4,3,E01026661,0
Unvalidated,2024351412301,2024,351412301,1,98,4,5,3,6,8,0,0,0,0,0,3,1,1,1,63,9,-1,-1,-1,-1,2,1,E01007464,0
Unvalidated,2024351412301,2024,351412301,2,98,0,18,2,6,0,0,0,0,0,0,1,1,1,1,45,7,-1,-1,-1,-1,-1,-1,-1,0
Unvalidated,2024351412335,2024,351412335,1,9,0,9,1,7,0,8,0,0,0,0,1,1,6,3,-1,-1,-1,-1,-1,-1,-1,-1,-1,0
Unvalidated,2024351412335,2024,351412335,2,1,0,18,1,5,4,8,0,0,0,0,3,1,2,1,39,7,-1,-1,-1,-1,10,1,E01017955,0
Unvalidated,2024351412362,2024,351412362,1,98,-1,-1,-1,-1,-1,-1,-1,-1,-1,0,-1,1,6,3,-1,-1,-1,-1,-1,-1,-1,-1,-1,0
Unvalidated,2024351412362,2024,351412362,2,1,-1,-1,-1,-1,-1,-1,-1,-1,-1,0,-1,1,2,2,29,6,-1,-1,-1,-1,5,1,E01017945,0
Unvalidated,2024351412369,2024,351412369,1,9,0,18,3,7,0,0,0,0,0,0,1,1,5,2,75,10,-1,-1,-1,-1,7,1,E01018082,0
Unvalidated,2024351412369,2024,351412369,2,9,0,2,0,0,0,0,0,0,0,0,1,1,5,1,27,6,-1,-1,-1,-1,4,1,E01018086,0
Unvalidated,2024351412398,2024,351412398,1,98,-1,-1,-1,-1,-1,-1,-1,-1,-1,0,-1,1,6,1,57,9,-1,-1,-1,-1,8,3,E01018297,0
Unvalidated,2024351412398,2024,351412398,2,1,-1,-1,-1,-1,-1,-1,-1,-1,-1,0,-1,1,6,1,25,5,-1,-1,-1,-1,8,1,E01018003,0
Unvalidated,2024351412426,2024,351412426,1,9,-1,-1,-1,-1,-1,0,-1,-1,-1,0,-1,1,6,1,28,6,-1,-1,-1,-1,5,2,E01018214,0
Unvalidated,2024351413120,2024,351413120,1,9,0,18,-1,-1,0,4,0,0,0,0,-1,1,6,3,-1,-1,-1,-1,-1,-1,-1,-1,-1,0
Unvalidated,2024351413120,2024,351413120,2,9,0,10,-1,-1,0,3,0,0,0,0,2,1,2,2,36,7,-1,-1,-1,-1,6,3,E01015636,0
Unvalidated,2024351413159,2024,351413159,1,9,0,-1,-1,-1,-1,5,-1,-1,-1,0,-1,1,6,3,-1,-1,-1,-1,-1,-1,-1,-1,-1,0
Unvalidated,2024351413178,2024,351413178,1,9,0,5,7,3,0,1,0,0,0,0,1,1,5,2,29,6,-1,-1,-1,-1,9,1,E01018148,0
Unvalidated,2024351413178,2024,351413178,2,1,0,7,1,5,0,6,0,0,0,0,1,1,3,1,11,3,-1,-1,-1,-1,6,2,E01018131,0
Unvalidated,2024351413184,2024,351413184,1,9,0,4,-1,-1,0,1,0,0,0,0,1,1,6,1,66,10,-1,-1,-1,-1,10,3,E01033114,0
Unvalidated,2024351413184,2024,351413184,2,1,0,9,-1,-1,0,3,0,0,0,0,4,1,2,1,35,6,-1,-1,-1,-1,8,1,E01018003,0
Unvalidated,2024351413190,2024,351413190,1,9,0,18,5,2,0,2,0,0,1,0,1,1,5,2,26,6,-1,-1,-1,-1,6,3,E01018246,0
Unvalidated,2024351413190,2024,351413190,2,9,0,13,5,2,0,2,0,0,0,0,0,1,6,3,-1,-1,-1,-1,-1,-1,-1,-1,-1,0
Unvalidated,2024351413204,2024,351413204,1,90,0,5,0,0,9,0,0,0,0,0,0,1,5,1,37,7,-1,-1,-1,-1,3,1,E01015643,1
Unvalidated,2024351413230,2024,351413230,1,8,0,9,6,4,0,6,0,0,0,0,1,1,1,1,53,8,-1,-1,-1,-1,10,3,E01018266,0
Unvalidated,2024351413230,2024,351413230,2,1,0,9,6,4,0,6,0,0,0,0,2,1,2,2,35,6,-1,-1,-1,-1,8,1,E01017966,0
Unvalidated,2024351413257,2024,351413257,1,90,0,18,4,8,0,0,0,0,0,0,1,1,1,2,38,7,-1,-1,-1,-1,3,1,E01018081,0
Unvalidated,2024351413257,2024,351413257,2,9,0,4,4,8,0,0,0,0,0,0,2,1,6,2,40,7,-1,-1,-1,-1,2,1,E01015599,0
Unvalidated,2024351413338,2024,351413338,1,9,0,18,6,1,0,8,0,0,0,0,1,1,6,1,18,4,-1,-1,-1,-1,3,1,E01015665,0
Unvalidated,2024351413338,2024,351413338,2,9,0,9,4,1,0,8,0,0,1,0,4,1,5,1,25,5,-1,-1,-1,-1,3,1,E01015652,0
Unvalidated,2024351413351,2024,351413351,1,9,0,18,3,7,0,0,1,0,1,0,1,1,6,1,32,6,-1,-1,-1,-1,10,2,E01018191,0
Unvalidated,2024351414066,2024,351414066,1,19,0,7,7,1,0,8,0,0,0,0,1,1,1,1,62,9,-1,-1,-1,-1,9,1,E01018010,0
Unvalidated,2024351414066,2024,351414066,2,1,0,18,5,1,4,8,5,0,0,0,4,1,1,1,60,9,-1,-1,-1,-1,10,1,E01017995,0
Unvalidated,2024351414070,2024,351414070,1,9,-1,-1,6,1,-1,-1,1,0,0,0,-1,1,6,3,-1,-1,-1,-1,-1,-1,-1,-1,-1,0
Unvalidated,2024351414070,2024,351414070,2,9,-1,-1,-1,-1,-1,-1,-1,-1,-1,0,1,1,6,2,34,6,-1,-1,-1,-1,2,1,E01015680,0
Unvalidated,2024351414095,2024,351414095,1,8,0,18,5,8,0,0,0,0,0,0,-1,1,1,3,-1,-1,-1,-1,-1,-1,-1,-1,-1,0
Unvalidated,2024351414168,2024,351414168,1,9,0,-1,-1,-1,-1,0,-1,-1,-1,0,-1,1,6,3,-1,-1,-1,-1,-1,-1,-1,-1,-1,0
Unvalidated,2024351414168,2024,351414168,2,1,0,18,4,8,0,0,0,0,0,0,1,1,6,1,15,3,-1,-1,-1,-1,2,1,E01033111,0
Unvalidated,2024351414201,2024,351414201,1,9,0,13,8,4,0,1,5,0,1,9,1,1,6,2,24,5,-1,-1,-1,-1,6,2,E01018110,0
Unvalidated,2024351414201,2024,351414201,2,98,0,9,8,6,0,5,0,0,0,0,3,1,6,1,62,9,-1,-1,-1,-1,10,2,E01018216,0
Unvalidated,2024351414207,2024,351414207,1,9,0,9,5,2,0,6,0,0,0,0,4,1,6,1,60,9,-1,-1,-1,-1,-1,-1,-1,0
Unvalidated,2024351414207,2024,351414207,2,9,0,18,6,2,0,1,1,0,7,9,1,1,2,2,30,6,-1,-1,-1,-1,9,2,E01018159,0
Unvalidated,2024351414471,2024,351414471,1,9,0,3,5,1,0,7,0,0,0,0,2,1,2,1,54,8,-1,-1,-1,-1,9,1,E01026274,0
Unvalidated,2024351414471,2024,351414471,2,9,0,3,5,1,0,7,0,0,0,0,1,1,2,1,17,4,-1,-1,-1,-1,10,3,E01026364,0
Unvalidated,2024351414510,2024,351414510,1,9,0,18,5,1,0,0,0,0,0,0,2,1,2,1,23,5,-1,-1,-1,-1,5,2,E01018158,0
Unvalidated,2024351414510,2024,351414510,2,9,0,18,5,1,0,0,0,0,0,0,1,1,2,1,27,6,-1,-1,-1,-1,-1,-1,-1,0
Unvalidated,2024351414510,2024,351414510,3,9,0,18,5,1,0,0,0,0,0,0,2,1,2,2,57,9,-1,-1,-1,-1,9,2,E01018159,0
Unvalidated,2024351414524,2024,351414524,1,9,0,18,2,6,0,0,0,0,0,0,0,1,6,3,-1,-1,-1,-1,-1,-1,-1,-1,-1,0
Unvalidated,2024351414524,2024,351414524,2,21,1,18,6,2,0,0,5,0,7,0,1,1,1,1,42,7,-1,-1,-1,-1,9,1,E01026274,0
Unvalidated,2024351414530,2024,351414530,1,9,0,9,2,6,0,1,0,0,0,0,1,1,5,1,19,4,-1,-1,-1,-1,4,1,E01026706,0
Unvalidated,2024351414530,2024,351414530,2,9,0,18,6,2,0,1,0,0,0,0,1,1,5,1,18,4,-1,-1,-1,-1,2,3,E01026716,0
Unvalidated,2024351414554,2024,351414554,1,9,0,18,-1,-1,0,0,0,0,0,0,3,1,6,3,-1,-1,-1,-1,-1,-1,-1,-1,-1,0
Unvalidated,2024351414587,2024,351414587,1,9,0,-1,-1,-1,-1,0,-1,-1,-1,0,-1,1,6,3,-1,-1,-1,-1,-1,-1,-1,-1,-1,0
Unvalidated,2024351414587,2024,351414587,2,1,0,18,1,1,0,0,0,0,0,0,0,1,6,2,50,8,-1,-1,-1,-1,8,2,E01018236,0
Unvalidated,2024351414877,2024,351414877,1,9,0,7,-1,-1,4,5,0,0,0,0,4,1,6,3,-1,-1,-1,-1,-1,-1,-1,-1,-1,0
Unvalidated,2024351414877,2024,351414877,2,1,0,18,-1,-1,4,1,0,0,0,0,1,1,2,2,25,5,-1,-1,-1,-1,6,1,E01017999,0
Unvalidated,2024351415294,2024,351415294,1,23,0,18,1,5,5,0,0,0,1,9,1,1,6,1,-1,-1,-1,-1,-1,-1,-1,-1,-1,0
Unvalidated,2024351415294,2024,351415294,2,1,0,18,5,1,5,0,0,0,0,0,1,1,5,1,54,8,-1,-1,-1,-1,8,2,E01018236,0
Unvalidated,2024351415317,2024,351415317,1,9,0,3,7,3,0,1,0,0,0,0,1,1,6,2,27,6,-1,-1,-1,-1,8,2,E01018280,0
Unvalidated,2024351415317,2024,351415317,2,9,0,10,7,3,0,1,0,0,0,0,2,1,6,2,46,8,-1,-1,-1,-1,6,2,E01018281,0
Unvalidated,2024351415388,2024,351415388,1,9,0,-1,-1,-1,-1,-1,-1,-1,-1,0,-1,1,6,1,-1,-1,-1,-1,-1,-1,2,2,E01026680,0
Unvalidated,2024351415388,2024,351415388,2,9,0,-1,-1,-1,-1,-1,-1,-1,-1,0,-1,1,5,1,53,8,-1,-1,-1,-1,3,1,E01003723,0
Unvalidated,2024351415392,2024,351415392,1,9,0,18,2,6,0,0,0,0,0,0,1,1,6,1,17,4,-1,-1,-1,-1,-1,-1,-1,0
Unvalidated,2024351415392,2024,351415392,2,9,0,18,2,6,0,0,0,0,0,0,1,1,6,1,17,4,-1,-1,-1,-1,5,3,E01018051,0
Unvalidated,2024351415408,2024,351415408,1,9,0,18,1,5,0,0,0,0,0,0,1,1,6,1,37,7,-1,-1,-1,-1,7,3,E01023663,0
Unvalidated,2024351415408,2024,351415408,2,9,0,4,1,5,0,0,0,0,0,0,2,1,6,1,24,5,-1,-1,-1,-1,5,3,E01026726,0
Unvalidated,2024351415418,2024,351415418,1,9,0,18,3,6,0,5,0,0,0,0,1,1,6,1,47,8,-1,-1,-1,-1,2,1,E01015633,0
Unvalidated,2024351415418,2024,351415418,2,9,0,18,3,6,0,5,0,0,0,0,2,1,6,2,36,7,-1,-1,-1,-1,1,1,E01015611,0
Unvalidated,2024351415418,2024,351415418,3,9,0,18,3,6,0,5,0,0,0,0,2,1,6,1,44,7,-1,-1,-1,-1,2,1,E01015633,0
Unvalidated,2024351415418,2024,351415418,4,9,0,18,3,6,0,5,0,0,0,0,2,1,6,1,36,7,-1,-1,-1,-1,6,1,E01015671,0
Unvalidated,2024351415438,2024,351415438,1,9,0,4,4,8,0,0,0,0,3,0,1,1,6,2,67,10,-1,-1,-1,-1,7,2,E01018192,0