status,collision_index,collision_year,collision_reference,vehicle_reference,vehicle_type,towing_and_articulation,vehicle_manoeuvre,vehicle_direction_from,vehicle_direction_to,vehicle_location_restricted_lane,junction_location,skidding_and_overturning,hit_object_in_carriageway,vehicle_leaving_carriageway,hit_object_off_carriageway,first_point_of_impact,vehicle_left_hand_drive,journey_purpose_of_driver,sex_of_driver,age_of_driver,age_band_of_driver,engine_capacity_cc,propulsion_code,age_of_vehicle,generic_make_model,driver_imd_decile,driver_home_area_type,lsoa_of_driver,escooter_flag
Unvalidated,2024351415446,2024,351415446,1,9,0,18,-1,-1,0,7,0,0,0,0,1,1,6,1,46,8,-1,-1,-1,-1,8,2,E01018228,0
Unvalidated,2024351415446,2024,351415446,2,1,0,18,-1,-1,0,2,0,0,0,0,3,1,2,1,44,7,-1,-1,-1,-1,10,3,E01018260,0
Unvalidated,2024351415469,2024,351415469,1,9,0,18,5,1,0,0,0,0,0,0,1,1,2,1,28,6,-1,-1,-1,-1,9,1,E01030280,0
Unvalidated,2024351415469,2024,351415469,2,9,0,12,5,1,0,0,0,0,0,0,2,1,6,3,41,7,-1,-1,-1,-1,5,1,E01029955,0
Unvalidated,2024351415469,2024,351415469,3,9,0,4,5,1,0,0,0,0,0,0,2,1,2,1,38,7,-1,-1,-1,-1,4,1,E01033589,0
Unvalidated,2024351415469,2024,351415469,4,9,0,4,5,1,0,0,0,0,0,0,2,1,2,1,54,8,-1,-1,-1,-1,6,2,E01033452,0
Unvalidated,2024351415723,2024,351415723,1,9,0,1,5,3,0,0,0,10,7,4,3,1,5,2,82,11,-1,-1,-1,-1,9,1,E01015646,0
Unvalidated,2024351415743,2024,351415743,1,9,0,18,6,3,0,7,0,0,0,0,1,1,6,2,31,6,-1,-1,-1,-1,10,2,E01018216,0
Unvalidated,2024351415743,2024,351415743,2,9,0,18,6,3,0,7,0,0,0,0,2,1,6,1,44,7,-1,-1,-1,-1,6,1,E01015671,0
Unvalidated,2024351415743,2024,351415743,3,9,0,18,6,7,0,7,0,0,0,0,3,1,6,2,29,6,-1,-1,-1,-1,5,3,E01018059,0
Unvalidated,2024351416645,2024,351416645,1,9,0,-1,-1,-1,-1,-1,-1,-1,-1,0,-1,1,6,3,-1,-1,-1,-1,-1,-1,-1,-1,-1,0
Unvalidated,2024351416645,2024,351416645,2,1,0,-1,-1,-1,0,-1,0,0,0,0,-1,1,6,1,-1,-1,-1,-1,-1,-1,-1,-1,-1,0
Unvalidated,2024351416699,2024,351416699,1,9,0,18,-1,-1,0,1,0,0,0,0,1,1,6,2,18,4,-1,-1,-1,-1,6,3,E01032523,0
Unvalidated,2024351416699,2024,351416699,2,9,0,4,-1,-1,0,1,0,0,0,0,2,1,3,1,21,5,-1,-1,-1,-1,9,1,E01018032,0
Unvalidated,2024351416699,2024,351416699,3,9,0,3,-1,-1,0,1,0,0,0,0,2,1,6,2,-1,-1,-1,-1,-1,-1,9,2,E01018299,0
Unvalidated,2024351416846,2024,351416846,1,9,-1,-1,-1,-1,-1,-1,-1,-1,-1,0,-1,1,6,1,47,8,-1,-1,-1,-1,2,1,E01015634,0
Unvalidated,2024351417130,2024,351417130,1,9,0,18,4,1,0,0,2,0,1,7,1,1,5,1,18,4,-1,-1,-1,-1,7,3,E01018057,0
Unvalidated,2024351417134,2024,351417134,1,9,0,18,-1,-1,0,0,0,0,0,0,1,1,6,1,71,10,-1,-1,-1,-1,7,1,E01033720,0
Unvalidated,2024351417134,2024,351417134,2,9,0,4,-1,-1,0,0,0,0,0,0,2,1,5,1,44,7,-1,-1,-1,-1,10,1,E01024337,0
Unvalidated,2024351417194,2024,351417194,1,9,0,18,8,4,0,0,0,0,0,0,1,1,6,1,72,10,-1,-1,-1,-1,5,1,E01015591,0
Unvalidated,2024351417194,2024,351417194,2,9,0,4,8,4,0,0,0,0,0,0,2,1,6,1,65,9,-1,-1,-1,-1,9,2,E01018037,0
Unvalidated,2024351417229,2024,351417229,1,9,0,10,7,5,0,8,0,0,0,0,4,1,6,1,25,5,-1,-1,-1,-1,9,2,E01022094,0
Unvalidated,2024351417229,2024,351417229,2,19,0,18,3,7,0,8,0,0,0,0,1,1,1,1,40,7,-1,-1,-1,-1,8,1,E01011573,0
Unvalidated,2024351417240,2024,351417240,1,9,0,18,8,4,0,0,0,0,0,0,1,1,6,1,23,5,-1,-1,-1,-1,7,1,E01026351,0
Unvalidated,2024351417248,2024,351417248,1,9,0,18,1,7,0,1,0,0,0,0,1,1,5,2,38,7,-1,-1,-1,-1,1,1,E01015639,0
Unvalidated,2024351417248,2024,351417248,2,9,0,18,7,3,0,8,0,0,0,0,3,1,1,1,60,9,-1,-1,-1,-1,10,2,E01032886,0
Unvalidated,2024351417308,2024,351417308,1,9,0,4,5,1,0,2,0,0,0,0,2,1,6,1,62,9,-1,-1,-1,-1,10,2,E01018283,0
Unvalidated,2024351417308,2024,351417308,2,9,0,18,5,1,0,2,0,0,0,0,1,1,6,1,32,6,-1,-1,-1,-1,8,1,E01017989,0
Unvalidated,2024351417311,2024,351417311,1,9,0,4,1,3,0,2,0,0,0,0,2,1,6,3,-1,-1,-1,-1,-1,-1,-1,-1,-1,0
Unvalidated,2024351417311,2024,351417311,2,19,0,4,1,3,0,2,0,0,0,0,4,1,6,1,-1,-1,-1,-1,-1,-1,9,2,E01018221,0
Unvalidated,2024351417311,2024,351417311,3,9,0,4,1,3,0,1,0,0,0,0,0,1,5,3,-1,-1,-1,-1,-1,-1,-1,-1,-1,0
Unvalidated,2024351417311,2024,351417311,4,9,0,4,1,3,0,1,0,0,0,0,0,1,5,3,-1,-1,-1,-1,-1,-1,-1,-1,-1,0
Unvalidated,2024351417335,2024,351417335,1,9,0,18,1,5,0,0,2,0,3,10,3,1,6,1,48,8,-1,-1,-1,-1,3,3,E01018092,0
Unvalidated,2024351417335,2024,351417335,2,9,0,18,5,1,0,0,0,0,0,0,3,1,6,2,35,6,-1,-1,-1,-1,4,1,E01018096,0
Unvalidated,2024351417962,2024,351417962,1,1,0,-1,-1,-1,-1,0,-1,-1,-1,0,-1,1,6,1,20,4,-1,-1,-1,-1,-1,-1,-1,0
Unvalidated,2024351417968,2024,351417968,1,9,0,-1,-1,-1,-1,0,-1,-1,-1,0,-1,1,6,3,-1,-1,-1,-1,-1,-1,-1,-1,-1,0
Unvalidated,2024351417975,2024,351417975,1,21,0,18,7,7,0,0,0,0,0,0,1,1,1,1,49,8,-1,-1,-1,-1,4,1,E01015614,0
Unvalidated,2024351417975,2024,351417975,2,1,0,18,7,7,0,0,2,0,1,0,2,1,5,2,63,9,-1,-1,-1,-1,10,1,E01018141,0
Unvalidated,2024351417994,2024,351417994,1,9,0,18,7,7,0,0,0,0,0,0,1,1,5,1,32,6,-1,-1,-1,-1,8,3,E01033119,0
Unvalidated,2024351417994,2024,351417994,2,90,0,18,1,1,4,0,0,0,0,0,3,1,5,1,15,3,-1,-1,-1,-1,8,3,E01033117,0
Unvalidated,2024351418055,2024,351418055,1,9,0,9,4,8,0,1,0,0,0,0,1,1,5,2,42,7,-1,-1,-1,-1,10,2,E01018014,0
Unvalidated,2024351418055,2024,351418055,2,9,0,18,8,4,0,1,0,0,0,0,1,1,5,1,64,9,-1,-1,-1,-1,7,1,E01017963,0
Unvalidated,2024351418055,2024,351418055,3,19,0,10,2,6,0,1,0,0,0,0,1,1,5,1,76,11,-1,-1,-1,-1,6,2,E01018056,0
Unvalidated,2024351418060,2024,351418060,1,19,0,18,4,8,0,0,0,0,0,0,1,1,1,1,63,9,-1,-1,-1,-1,4,2,E01018044,0
Unvalidated,2024351418060,2024,351418060,2,17,0,18,8,4,0,0,5,0,1,9,2,1,1,1,38,7,-1,-1,-1,-1,6,3,E01018020,0
Unvalidated,2024351418325,2024,351418325,1,9,-1,5,3,7,0,0,0,0,0,0,1,1,6,3,-1,-1,-1,-1,-1,-1,-1,-1,-1,0
Unvalidated,2024351418408,2024,351418408,1,4,0,18,4,7,0,0,2,0,7,0,4,1,6,1,22,5,-1,-1,-1,-1,2,1,E01000525,0
Unvalidated,2024351419217,2024,351419217,1,9,-1,1,-1,-1,0,1,0,0,0,0,-1,1,6,3,-1,-1,-1,-1,-1,-1,-1,-1,-1,0
Unvalidated,2024351419217,2024,351419217,2,19,-1,2,0,0,0,2,1,0,0,0,2,1,2,1,52,8,-1,-1,-1,-1,2,1,E01015660,0
Unvalidated,2024351419222,2024,351419222,1,9,0,18,7,3,0,8,0,0,0,0,1,1,2,1,58,9,-1,-1,-1,-1,4,1,E01015667,0
Unvalidated,2024351419345,2024,351419345,1,9,0,18,-1,-1,-1,0,0,0,0,0,-1,1,6,1,83,11,-1,-1,-1,-1,3,1,E01017975,0
Unvalidated,2024351419345,2024,351419345,2,3,0,3,-1,-1,-1,0,0,0,0,0,-1,1,2,1,55,8,-1,-1,-1,-1,9,2,E01018299,0
Unvalidated,2024351419394,2024,351419394,1,9,-1,-1,-1,-1,-1,-1,-1,-1,-1,0,-1,1,6,3,-1,-1,-1,-1,-1,-1,-1,-1,-1,0
Unvalidated,2024351419394,2024,351419394,2,3,-1,-1,-1,-1,-1,-1,-1,-1,-1,0,-1,1,6,1,54,8,-1,-1,-1,-1,4,1,E01015614,0
Unvalidated,2024351419658,2024,351419658,1,9,0,-1,-1,-1,-1,0,-1,-1,-1,0,-1,1,6,2,38,7,-1,-1,-1,-1,7,2,E01033451,0
Unvalidated,2024351419658,2024,351419658,2,4,-1,-1,-1,-1,0,0,1,0,0,0,-1,1,6,2,25,5,-1,-1,-1,-1,10,2,E01018265,0
Unvalidated,2024351419728,2024,351419728,1,9,-1,-1,-1,-1,-1,0,-1,-1,-1,0,-1,1,6,2,46,8,-1,-1,-1,-1,7,1,E01018140,0
Unvalidated,2024351420104,2024,351420104,1,9,0,4,5,1,0,0,0,0,0,0,1,1,5,2,25,5,-1,-1,-1,-1,2,1,E01015599,0
Unvalidated,2024351420104,2024,351420104,2,9,0,4,5,1,0,0,0,0,0,0,2,1,5,1,38,7,-1,-1,-1,-1,5,1,E01015688,0
Unvalidated,2024351420111,2024,351420111,1,9,0,18,2,6,0,0,0,0,0,0,1,1,2,2,61,9,-1,-1,-1,-1,10,2,E01018235,0
Unvalidated,2024351420111,2024,351420111,2,9,0,4,2,6,0,0,0,0,1,0,2,1,2,2,26,6,-1,-1,-1,-1,8,2,E01018206,0
Unvalidated,2024351420111,2024,351420111,3,9,0,4,2,6,0,0,0,0,1,0,2,1,2,1,25,5,-1,-1,-1,-1,9,2,E01018124,0
Unvalidated,2024351420116,2024,351420116,1,9,-1,-1,-1,-1,-1,-1,-1,-1,-1,0,-1,1,6,3,-1,-1,-1,-1,-1,-1,-1,-1,-1,0
Unvalidated,2024351420116,2024,351420116,2,9,-1,-1,-1,-1,-1,-1,-1,-1,-1,0,-1,1,5,1,34,6,-1,-1,-1,-1,-1,-1,-1,0
Unvalidated,2024351420117,2024,351420117,1,9,-1,-1,-1,-1,-1,0,-1,-1,-1,0,-1,1,6,2,24,5,-1,-1,-1,-1,6,1,E01018030,0
Unvalidated,2024351420117,2024,351420117,2,9,-1,-1,-1,-1,-1,0,-1,-1,-1,0,-1,1,6,2,35,6,-1,-1,-1,-1,9,2,E01018123,0
Unvalidated,2024351420156,2024,351420156,1,9,0,13,4,8,0,1,0,0,0,0,1,1,6,2,55,8,-1,-1,-1,-1,4,1,E01030115,0
Unvalidated,2024351420156,2024,351420156,2,9,0,18,8,4,0,1,0,0,1,0,1,1,1,1,87,11,-1,-1,-1,-1,7,3,E01018218,0
Unvalidated,2024351420156,2024,351420156,3,10,0,18,4,8,0,1,5,0,7,0,3,1,6,1,73,10,-1,-1,-1,-1,9,1,E01030107,0
Unvalidated,2024351420175,2024,351420175,1,9,0,14,3,7,0,0,0,0,0,0,1,1,6,1,-1,-1,-1,-1,-1,-1,6,2,E01015617,0
Unvalidated,2024351420175,2024,351420175,2,9,0,2,0,0,0,0,0,0,0,0,2,1,6,3,-1,-1,-1,-1,-1,-1,-1,-1,-1,0
Unvalidated,2024351420229,2024,351420229,1,9,0,6,7,5,0,1,0,0,0,0,3,1,1,1,42,7,-1,-1,-1,-1,1,1,E01015663,0
Unvalidated,2024351420241,2024,351420241,1,9,0,2,0,0,0,1,0,0,0,0,3,1,6,3,-1,-1,-1,-1,-1,-1,-1,-1,-1,0
Unvalidated,2024351420241,2024,351420241,2,9,0,18,7,3,0,1,0,0,0,0,1,1,6,3,-1,-1,-1,-1,-1,-1,-1,-1,-1,0
Unvalidated,2024351420272,2024,351420272,1,98,0,4,6,2,0,0,0,0,0,0,2,1,1,1,40,7,-1,-1,-1,-1,6,1,E01015671,0
Unvalidated,2024351420272,2024,351420272,2,98,0,4,6,2,0,0,0,0,0,0,2,1,1,1,25,5,-1,-1,-1,-1,3,3,E01026684,0
Unvalidated,2024351420272,2024,351420272,3,9,0,18,6,2,0,0,0,0,1,4,1,1,5,2,33,6,-1,-1,-1,-1,2,1,E01018075,0
Unvalidated,2024351420346,2024,351420346,1,9,0,4,7,3,0,0,1,0,0,0,1,1,2,1,53,8,-1,-1,-1,-1,2,1,E01015657,0
Unvalidated,2024351420346,2024,351420346,2,9,0,4,7,3,0,0,0,0,0,0,2,1,2,1,56,9,-1,-1,-1,-1,2,1,E01015634,0
Unvalidated,2024351420626,2024,351420626,1,9,0,18,1,5,9,5,0,0,3,10,4,1,6,1,79,11,-1,-1,-1,-1,10,2,E01018262,0
Unvalidated,2024351420641,2024,351420641,1,9,0,3,6,2,0,1,0,0,0,0,2,1,6,2,40,7,-1,-1,-1,-1,-1,-1,-1,0
Unvalidated,2024351420641,2024,351420641,2,1,0,15,6,2,0,1,5,0,0,0,1,1,2,1,34,6,-1,-1,-1,-1,1,1,E01015639,0
Unvalidated,2024351420649,2024,351420649,1,9,-1,-1,-1,-1,-1,-1,-1,-1,-1,0,-1,1,6,3,-1,-1,-1,-1,-1,-1,-1,-1,-1,0
Unvalidated,2024351420649,2024,351420649,2,90,-1,-1,-1,-1,-1,-1,-1,-1,-1,0,-1,1,1,2,29,6,-1,-1,-1,-1,4,1,E01021843,0
Unvalidated,2024351420920,2024,351420920,1,9,0,13,1,5,0,0,0,99,0,0,4,1,6,3,-1,-1,-1,-1,-1,-1,-1,-1,-1,0
Unvalidated,2024351420920,2024,351420920,2,9,0,4,1,5,0,0,0,0,0,0,3,1,5,1,34,6,-1,-1,-1,-1,6,2,E01018131,0
Unvalidated,2024351420942,2024,351420942,1,9,0,18,4,1,0,3,0,0,3,0,3,1,6,1,63,9,-1,-1,-1,-1,6,1,E01017961,0
Unvalidated,2024351420942,2024,351420942,2,1,0,11,5,8,0,3,0,0,0,0,4,1,6,1,48,8,-1,-1,-1,-1,6,1,E01017962,0
Unvalidated,2024351420947,2024,351420947,1,11,0,18,5,1,0,1,0,0,0,0,1,1,1,1,-1,-1,-1,-1,-1,-1,-1,-1,-1,0
Unvalidated,2024351420947,2024,351420947,2,1,0,7,3,7,0,1,0,0,0,0,3,1,3,1,12,3,-1,-1,-1,-1,10,1,E01018292,0
Unvalidated,2024351420977,2024,351420977,1,9,0,18,4,8,0,0,5,0,2,0,1,1,6,1,18,4,-1,-1,-1,-1,1,1,E01015607,0
Unvalidated,2024351420977,2024,351420977,2,9,0,18,4,8,0,0,1,0,0,0,2,1,6,1,33,6,-1,-1,-1,-1,1,1,E01015603,0
Unvalidated,2024351420977,2024,351420977,3,9,0,18,4,8,0,0,1,0,0,0,3,1,6,1,31,6,-1,-1,-1,-1,1,1,E01015603,0
Unvalidated,2024351420993,2024,351420993,1,9,0,12,1,5,0,0,1,0,4,6,1,1,3,2,18,4,-1,-1,-1,-1,-1,3,-1,0
Unvalidated,2024351420993,2024,351420993,2,10,0,18,1,5,0,0,1,0,7,9,2,1,3,2,61,9,-1,-1,-1,-1,9,1,E01026301,0
Unvalidated,2024351421002,2024,351421002,1,11,0,15,5,1,0,0,0,0,0,0,4,1,1,1,36,7,-1,-1,-1,-1,1,1,E01026619,0
Unvalidated,2024351421002,2024,351421002,2,1,0,18,5,1,0,0,0,0,0,0,3,1,4,1,15,3,-1,-1,-1,-1,9,2,E01018054,0
Unvalidated,2024351421003,2024,351421003,1,9,0,4,6,2,0,1,0,0,0,0,4,1,2,2,30,6,-1,-1,-1,-1,3,1,E01018109,0
Unvalidated,2024351421003,2024,351421003,2,9,0,18,2,6,0,3,0,0,0,0,1,1,1,1,40,7,-1,-1,-1,-1,5,3,E01026727,0
Unvalidated,2024351421015,2024,351421015,1,9,0,18,1,5,0,0,0,0,0,0,1,1,6,1,44,7,-1,-1,-1,-1,4,1,E01015606,0
Unvalidated,2024351421015,2024,351421015,2,9,0,18,1,5,0,0,0,0,0,0,2,1,6,1,25,5,-1,-1,-1,-1,9,1,E01015909,0
Unvalidated,2024351421054,2024,351421054,1,9,0,9,7,5,0,2,0,0,0,0,3,1,6,2,51,8,-1,-1,-1,-1,4,1,E01030109,0
Unvalidated,2024351421054,2024,351421054,2,3,0,18,5,1,0,1,0,0,0,0,1,1,6,1,20,4,-1,-1,-1,-1,4,2,E01018046,0
Unvalidated,2024351421056,2024,351421056,1,9,0,5,3,7,0,1,0,0,0,0,1,1,6,1,22,5,-1,-1,-1,-1,10,1,E01015399,0
Unvalidated,2024351421056,2024,351421056,2,1,0,3,1,5,0,4,0,0,0,0,2,1,6,2,30,6,-1,-1,-1,-1,8,1,E01017989,0
Unvalidated,2024351421827,2024,351421827,1,9,0,18,5,1,0,0,0,0,0,0,4,1,5,1,74,10,-1,-1,-1,-1,10,1,E01026300,0
Unvalidated,2024351421870,2024,351421870,1,11,0,5,3,7,0,0,0,0,0,0,4,1,1,1,28,6,-1,-1,-1,-1,2,1,E01015673,0
Unvalidated,2024351421912,2024,351421912,1,9,0,18,1,7,0,2,0,0,0,0,1,1,5,1,45,7,-1,-1,-1,-1,2,1,E01015656,0
Unvalidated,2024351421912,2024,351421912,2,9,0,4,1,7,0,2,0,0,0,0,2,1,5,1,63,9,-1,-1,-1,-1,6,1,E01015671,0
Unvalidated,2024351421916,2024,351421916,1,9,0,18,4,8,0,1,1,0,0,0,0,1,6,1,50,8,-1,-1,-1,-1,10,2,E01018234,0
Unvalidated,2024351421916,2024,351421916,2,90,0,12,3,2,0,1,0,0,0,0,0,1,5,1,26,6,-1,-1,-1,-1,6,1,E01032612,1
Unvalidated,2024351421947,2024,351421947,1,98,0,10,3,1,0,5,0,0,0,0,1,1,2,1,48,8,-1,-1,-1,-1,5,2,E01018214,0
Unvalidated,2024351422008,2024,351422008,1,9,-1,-1,-1,-1,-1,0,0,0,-1,0,-1,1,6,1,-1,-1,-1,-1,-1,-1,-1,-1,-1,0
Unvalidated,2024351422008,2024,351422008,2,9,-1,-1,-1,-1,-1,0,-1,-1,-1,0,1,1,2,1,60,9,-1,-1,-1,-1,8,1,E01026337,0
Unvalidated,2024351422028,2024,351422028,1,9,0,18,8,3,0,8,0,0,0,0,4,1,6,2,29,6,-1,-1,-1,-1,-1,-1,-1,0
Unvalidated,2024351422028,2024,351422028,2,9,0,18,8,5,0,8,0,0,0,0,4,1,6,2,-1,-1,-1,-1,-1,-1,7,2,E01030153,0
Unvalidated,2024351422325,2024,351422325,1,9,0,5,-1,-1,0,1,0,0,0,0,1,1,6,3,-1,-1,-1,-1,-1,-1,-1,-1,-1,0
Unvalidated,2024351422642,2024,351422642,1,8,0,18,6,1,0,4,0,0,0,0,1,1,6,1,64,9,-1,-1,-1,-1,6,1,E01017962,0
Unvalidated,2024351422642,2024,351422642,2,1,0,18,5,1,0,8,5,0,0,0,4,1,2,1,35,6,-1,-1,-1,-1,5,1,E01017954,0
Unvalidated,2024351422703,2024,351422703,1,9,0,18,1,5,0,0,0,0,0,0,1,1,5,1,48,8,-1,-1,-1,-1,-1,-1,-1,0
Unvalidated,2024351422703,2024,351422703,2,9,0,18,5,1,0,0,0,0,0,0,1,1,2,1,44,7,-1,-1,-1,-1,8,3,E01029957,0
Unvalidated,2024351422720,2024,351422720,1,9,0,1,-1,-1,0,0,0,0,0,0,2,1,6,1,-1,-1,-1,-1,-1,-1,-1,-1,-1,0
Unvalidated,2024351422733,2024,351422733,1,9,-1,-1,-1,-1,-1,0,-1,-1,-1,0,-1,1,6,3,-1,-1,-1,-1,-1,-1,-1,-1,-1,0
Unvalidated,2024351422733,2024,351422733,2,9,0,4,6,7,0,0,0,0,0,0,3,2,6,2,34,6,-1,-1,-1,-1,9,1,E01015684,0
Unvalidated,2024351422734,2024,351422734,1,98,0,18,6,2,0,0,0,0,0,0,1,1,1,1,23,5,-1,-1,-1,-1,6,1,E01015671,0
Unvalidated,2024351422734,2024,351422734,2,9,0,4,6,2,0,0,0,0,0,0,2,1,6,2,75,10,-1,-1,-1,-1,5,2,E01018212,0
Unvalidated,2024351422734,2024,351422734,3,98,0,13,6,2,0,0,0,0,0,0,0,1,1,1,44,7,-1,-1,-1,-1,-1,-1,-1,0
Unvalidated,2024351422776,2024,351422776,1,97,0,18,2,6,0,8,5,0,0,0,1,1,1,1,41,7,-1,-1,-1,-1,5,1,E01017997,0
Unvalidated,2024351422776,2024,351422776,2,90,0,10,6,4,0,8,0,0,0,0,1,1,6,2,20,4,-1,-1,-1,-1,9,1,E01017998,0
Unvalidated,2024351422777,2024,351422777,1,9,0,1,7,3,9,0,0,0,0,0,2,1,5,2,31,6,-1,-1,-1,-1,4,1,E01017947,0
Unvalidated,2024351422784,2024,351422784,1,19,0,18,1,5,0,0,0,0,0,0,1,1,1,1,21,5,-1,-1,-1,-1,3,1,E01018094,0
Unvalidated,2024351422784,2024,351422784,2,21,1,18,1,5,0,0,0,0,0,0,2,1,1,1,35,6,-1,-1,-1,-1,4,3,E01018060,0
Unvalidated,2024351422791,2024,351422791,1,9,0,18,7,3,0,0,0,0,0,0,1,1,6,1,-1,-1,-1,-1,-1,-1,-1,-1,-1,0
Unvalidated,2024351422800,2024,351422800,1,19,-1,-1,-1,-1,-1,0,-1,-1,-1,0,-1,1,6,1,-1,-1,-1,-1,-1,-1,7,1,E01018002,0
Unvalidated,2024351422800,2024,351422800,2,90,-1,-1,-1,-1,-1,0,-1,-1,-1,0,-1,1,2,1,46,8,-1,-1,-1,-1,6,1,E01017999,1
Unvalidated,2024351422821,2024,351422821,1,19,0,18,5,1,0,0,0,0,0,0,1,2,6,1,33,6,-1,-1,-1,-1,4,2,E01026638,0
Unvalidated,2024351422821,2024,351422821,2,9,0,4,1,5,0,0,1,0,0,0,2,1,6,2,74,10,-1,-1,-1,-1,5,1,E01026816,0
Unvalidated,2024351422821,2024,351422821,3,9,0,4,5,1,0,0,0,0,0,0,2,1,6,1,57,9,-1,-1,-1,-1,8,1,E01026434,0
Unvalidated,2024351422835,2024,351422835,1,9,0,18,3,7,0,0,0,0,0,0,1,1,2,1,58,9,-1,-1,-1,-1,5,3,E01030151,0
Unvalidated,2024351422835,2024,351422835,2,9,0,4,7,3,0,0,0,0,0,0,1,1,2,1,42,7,-1,-1,-1,-1,8,3,E01033119,0
Unvalidated,2024351422838,2024,351422838,1,1,0,18,7,3,0,0,0,0,0,0,1,1,5,1,71,10,-1,-1,-1,-1,6,3,E01018156,0
Unvalidated,2024351422838,2024,351422838,2,19,0,4,7,3,0,0,0,0,0,0,2,1,5,3,-1,-1,-1,-1,-1,-1,-1,-1,-1,0
Unvalidated,2024351422867,2024,351422867,1,9,0,18,4,8,0,0,1,0,7,4,1,1,6,1,23,5,-1,-1,-1,-1,9,1,E01018008,0
Unvalidated,2024351423040,2024,351423040,1,9,0,3,1,3,0,0,1,0,0,0,1,1,5,2,38,7,-1,-1,-1,-1,4,2,E01026250,0
Unvalidated,2024351423040,2024,351423040,2,9,0,3,1,3,0,0,0,0,0,0,2,1,5,2,53,8,-1,-1,-1,-1,7,1,E01015686,0
Unvalidated,2024351423134,2024,351423134,1,9,0,15,6,2,0,0,0,0,0,0,1,1,6,1,35,6,-1,-1,-1,-1,-1,-1,-1,0
Unvalidated,2024351423134,2024,351423134,2,1,0,18,7,3,0,0,0,0,0,0,4,1,3,2,16,4,-1,-1,-1,-1,7,1,E01015659,0
Unvalidated,2024351423135,2024,351423135,1,19,0,18,3,7,0,0,0,0,0,0,1,1,6,1,36,7,-1,-1,-1,-1,1,1,E01015603,0
Unvalidated,2024351423135,2024,351423135,2,9,0,18,3,7,0,0,0,0,0,0,1,1,6,1,26,6,-1,-1,-1,-1,2,1,E01015656,0
Unvalidated,2024351423155,2024,351423155,1,9,0,18,3,7,0,0,0,4,1,6,1,1,2,1,42,7,-1,-1,-1,-1,10,1,E01026358,0
Unvalidated,2024351423155,2024,351423155,2,98,0,2,0,0,0,0,0,0,0,0,1,1,1,1,32,6,-1,-1,-1,-1,1,1,E01014247,0
Unvalidated,2024351423155,2024,351423155,3,9,0,2,0,0,0,0,0,0,0,0,0,1,6,3,-1,-1,-1,-1,-1,-1,-1,-1,-1,0
Unvalidated,2024351423441,2024,351423441,1,9,0,18,7,1,0,1,0,0,0,0,3,1,6,1,39,7,-1,-1,-1,-1,5,1,E01004442,0
Unvalidated,2024351423441,2024,351423441,2,9,0,18,3,7,0,1,0,0,0,0,1,1,6,2,51,8,-1,-1,-1,-1,3,1,E01027060,0
Unvalidated,2024351423595,2024,351423595,1,9,-1,-1,-1,-1,-1,-1,-1,-1,-1,0,-1,1,6,3,-1,-1,-1,-1,-1,-1,-1,-1,-1,0
Unvalidated,2024351423595,2024,351423595,2,1,0,-1,-1,-1,-1,-1,-1,-1,-1,0,-1,1,3,1,14,3,-1,-1,-1,-1,3,1,E01017952,0
Unvalidated,2024351423618,2024,351423618,1,9,0,7,1,7,0,5,0,0,3,0,4,1,6,1,-1,-1,-1,-1,-1,-1,6,2,E01021430,0
Unvalidated,2024351423618,2024,351423618,2,1,0,18,5,1,4,8,0,0,3,0,3,1,2,1,25,5,-1,-1,-1,-1,10,2,E01018234,0
Unvalidated,2024351424353,2024,351424353,1,9,0,18,8,1,0,0,0,0,0,0,1,1,6,2,62,9,-1,-1,-1,-1,8,1,E01017956,0
Unvalidated,2024351424378,2024,351424378,1,9,-1,-1,-1,-1,-1,0,-1,-1,-1,0,-1,1,6,1,45,7,-1,-1,-1,-1,2,1,E01015608,0
Unvalidated,2024351424378,2024,351424378,2,9,-1,4,-1,-1,0,0,0,-1,-1,0,2,1,2,1,38,7,-1,-1,-1,-1,1,1,E01015664,0
Unvalidated,2024351424378,2024,351424378,3,9,-1,-1,-1,-1,-1,0,-1,-1,-1,0,-1,1,6,1,31,6,-1,-1,-1,-1,4,1,E01015623,0
Unvalidated,2024351424400,2024,351424400,1,9,0,-1,-1,-1,-1,-1,-1,-1,-1,0,1,1,6,1,64,9,-1,-1,-1,-1,8,2,E01018276,0
Unvalidated,2024351424400,2024,351424400,2,1,0,-1,-1,-1,-1,-1,-1,-1,-1,0,3,1,5,1,23,5,-1,-1,-1,-1,9,1,E01017958,0
Unvalidated,2024351424460,2024,351424460,1,9,0,18,5,3,0,1,0,0,0,0,1,1,6,1,59,9,-1,-1,-1,-1,3,1,E01015692,0
Unvalidated,2024351424460,2024,351424460,2,9,0,9,3,5,0,1,0,0,0,0,3,1,6,1,22,5,-1,-1,-1,-1,3,1,E01015665,0
Unvalidated,2024351424470,2024,351424470,1,9,0,3,6,2,0,1,0,0,3,0,2,1,6,1,25,5,-1,-1,-1,-1,9,2,E01018221,0
Unvalidated,2024351424470,2024,351424470,2,9,0,18,6,2,0,1,0,0,0,0,1,1,2,1,23,5,-1,-1,-1,-1,6,1,E01017951,0
Unvalidated,2024351424479,2024,351424479,1,9,0,5,-1,-1,-1,0,0,-1,-1,0,-1,1,6,2,36,7,-1,-1,-1,-1,-1,-1,-1,0
Unvalidated,2024351424506,2024,351424506,1,9,0,5,3,7,0,4,0,0,0,0,1,1,6,1,49,8,-1,-1,-1,-1,8,1,E01018166,0