status,collision_index,collision_year,collision_reference,vehicle_reference,vehicle_type,towing_and_articulation,vehicle_manoeuvre,vehicle_direction_from,vehicle_direction_to,vehicle_location_restricted_lane,junction_location,skidding_and_overturning,hit_object_in_carriageway,vehicle_leaving_carriageway,hit_object_off_carriageway,first_point_of_impact,vehicle_left_hand_drive,journey_purpose_of_driver,sex_of_driver,age_of_driver,age_band_of_driver,engine_capacity_cc,propulsion_code,age_of_vehicle,generic_make_model,driver_imd_decile,driver_home_area_type,lsoa_of_driver,escooter_flag
Unvalidated,2024351424506,2024,351424506,2,1,0,18,1,5,0,8,0,0,0,0,1,1,6,1,62,9,-1,-1,-1,-1,10,3,E01018266,0
Unvalidated,2024351424536,2024,351424536,1,9,0,18,7,1,0,1,0,0,0,0,1,1,5,2,28,6,-1,-1,-1,-1,10,1,E01026812,0
Unvalidated,2024351424536,2024,351424536,2,9,0,4,7,1,0,1,0,0,0,0,2,1,5,1,44,7,-1,-1,-1,-1,7,3,E01018057,0
Unvalidated,2024351424555,2024,351424555,1,9,-1,18,-1,-1,0,0,0,0,0,0,-1,1,6,3,-1,-1,-1,-1,-1,-1,-1,-1,-1,0
Unvalidated,2024351424555,2024,351424555,2,9,0,-1,-1,-1,-1,0,-1,-1,-1,0,3,1,5,1,17,4,-1,-1,-1,-1,10,2,E01018198,0
Unvalidated,2024351424556,2024,351424556,1,9,0,18,5,3,0,2,2,0,1,3,4,1,6,1,17,4,-1,-1,-1,-1,9,3,E01018199,0
Unvalidated,2024351424572,2024,351424572,1,9,0,18,2,6,0,1,0,0,0,0,1,1,6,2,-1,-1,-1,-1,-1,-1,1,1,E01018103,0
Unvalidated,2024351424572,2024,351424572,2,9,0,4,2,6,0,1,0,0,0,0,2,1,6,2,59,9,-1,-1,-1,-1,2,3,E01018068,0
Unvalidated,2024351424573,2024,351424573,1,9,0,4,7,3,0,4,0,0,0,0,2,1,6,1,40,7,-1,-1,-1,-1,2,1,E01018075,0
Unvalidated,2024351424573,2024,351424573,2,9,0,18,7,3,0,4,0,0,0,0,1,1,6,2,38,7,-1,-1,-1,-1,8,1,E01018099,0
Unvalidated,2024351424586,2024,351424586,1,9,0,18,5,1,0,0,1,11,1,10,1,1,1,1,21,5,-1,-1,-1,-1,7,1,E01018168,0
Unvalidated,2024351424860,2024,351424860,1,9,0,9,3,5,0,0,0,11,1,1,1,1,5,1,45,7,-1,-1,-1,-1,3,1,E01015652,0
Unvalidated,2024351424914,2024,351424914,1,9,0,18,7,3,0,0,0,0,0,0,1,1,6,1,78,11,-1,-1,-1,-1,2,1,E01015612,0
Unvalidated,2024351424920,2024,351424920,1,9,0,-1,-1,-1,-1,-1,-1,-1,-1,0,-1,1,6,1,-1,-1,-1,-1,-1,-1,10,3,E01033114,0
Unvalidated,2024351424920,2024,351424920,2,1,-1,-1,-1,-1,-1,-1,-1,-1,-1,0,-1,1,6,1,50,8,-1,-1,-1,-1,8,1,E01017966,0
Unvalidated,2024351424935,2024,351424935,1,9,-1,-1,-1,-1,-1,-1,-1,-1,-1,0,-1,1,6,2,54,8,-1,-1,-1,-1,5,2,E01018213,0
Unvalidated,2024351424935,2024,351424935,2,2,-1,-1,-1,-1,-1,-1,-1,-1,-1,0,-1,1,6,1,33,6,-1,-1,-1,-1,1,1,E01015593,0
Unvalidated,2024351425336,2024,351425336,1,11,-1,3,-1,-1,0,0,0,0,0,0,4,1,1,1,37,7,-1,-1,-1,-1,6,3,E01027043,0
Unvalidated,2024351425661,2024,351425661,1,19,0,4,7,3,0,1,0,0,0,0,4,1,6,3,62,9,-1,-1,-1,-1,2,1,E01003689,0
Unvalidated,2024351425661,2024,351425661,2,9,0,2,0,0,0,1,0,0,0,0,2,1,5,2,57,9,-1,-1,-1,-1,4,2,E01018046,0
Unvalidated,2024351425845,2024,351425845,1,9,0,1,0,0,9,0,0,11,0,0,2,1,6,1,74,10,-1,-1,-1,-1,6,3,E01018156,0
Unvalidated,2024351425942,2024,351425942,1,9,0,18,7,3,0,0,1,0,0,0,1,1,2,1,39,7,-1,-1,-1,-1,5,3,E01029946,0
Unvalidated,2024351425942,2024,351425942,2,9,0,18,7,3,0,0,0,0,0,0,1,1,1,1,72,10,-1,-1,-1,-1,4,1,E01022241,0
Unvalidated,2024351425942,2024,351425942,3,9,0,18,7,3,0,0,0,0,0,0,2,1,1,2,59,9,-1,-1,-1,-1,6,3,E01030218,0
Unvalidated,2024351427053,2024,351427053,1,9,0,18,5,3,-1,1,0,0,0,0,4,1,6,3,-1,-1,-1,-1,-1,-1,-1,-1,-1,0
Unvalidated,2024351427053,2024,351427053,2,90,0,18,7,3,0,8,0,0,0,0,1,1,5,1,14,3,-1,-1,-1,-1,3,1,E01018145,1
Unvalidated,2024351427077,2024,351427077,1,19,-1,-1,-1,-1,-1,-1,-1,-1,-1,0,-1,1,6,1,-1,-1,-1,-1,-1,-1,5,2,E01018102,0
Unvalidated,2024351427077,2024,351427077,2,9,-1,-1,-1,-1,-1,-1,-1,-1,-1,0,-1,1,3,2,25,5,-1,-1,-1,-1,7,1,E01018085,0
Unvalidated,2024351427438,2024,351427438,1,19,0,18,3,7,0,2,0,0,0,0,1,1,6,3,-1,-1,-1,-1,-1,-1,-1,-1,-1,0
Unvalidated,2024351427507,2024,351427507,1,9,0,18,3,7,0,4,0,0,0,0,1,1,6,1,-1,-1,-1,-1,-1,-1,-1,-1,-1,0
Unvalidated,2024351427507,2024,351427507,2,9,0,3,3,7,0,8,0,0,0,0,2,1,5,2,33,6,-1,-1,-1,-1,9,3,E01018202,0
Unvalidated,2024351427577,2024,351427577,1,9,0,9,3,1,0,1,0,0,0,0,3,1,6,1,43,7,-1,-1,-1,-1,10,2,E01018014,0
Unvalidated,2024351427577,2024,351427577,2,97,0,13,3,7,0,1,0,0,7,0,1,1,6,1,38,7,-1,-1,-1,-1,7,3,E01018065,0
Unvalidated,2024351427589,2024,351427589,1,19,0,18,4,8,0,0,5,0,1,0,1,1,2,1,33,6,-1,-1,-1,-1,3,3,E01028033,0
Unvalidated,2024351427600,2024,351427600,1,9,0,5,3,5,0,2,0,0,0,0,3,1,6,2,68,10,-1,-1,-1,-1,6,2,E01018045,0
Unvalidated,2024351427600,2024,351427600,2,2,0,18,1,5,0,8,0,0,0,0,1,1,6,1,28,6,-1,-1,-1,-1,7,2,E01018065,0
Unvalidated,2024351427780,2024,351427780,1,98,0,10,5,3,0,1,0,0,1,0,4,1,6,2,28,6,-1,-1,-1,-1,8,2,E01018206,0
Unvalidated,2024351427780,2024,351427780,2,9,0,18,1,5,0,1,0,0,0,0,1,1,6,1,23,5,-1,-1,-1,-1,4,1,E01018146,0
Unvalidated,2024351427801,2024,351427801,1,9,0,18,1,3,0,0,0,0,0,0,1,1,6,1,30,6,-1,-1,-1,-1,3,1,E01015692,0
Unvalidated,2024351427849,2024,351427849,1,5,0,18,8,1,0,1,5,10,1,11,1,1,5,2,40,7,-1,-1,-1,-1,3,1,E01015666,0
Unvalidated,2024351427882,2024,351427882,1,9,0,18,6,2,0,0,0,0,0,0,1,1,6,1,48,8,-1,-1,-1,-1,6,3,E01018304,0
Unvalidated,2024351427882,2024,351427882,2,9,0,18,2,6,0,0,0,0,0,0,1,1,6,1,23,5,-1,-1,-1,-1,8,3,E01033116,0
Unvalidated,2024351427919,2024,351427919,1,9,0,9,6,2,0,2,0,0,0,0,1,1,3,2,35,6,-1,-1,-1,-1,3,2,E01026696,0
Unvalidated,2024351427919,2024,351427919,2,1,0,18,6,2,0,8,0,0,0,0,4,1,6,1,17,4,-1,-1,-1,-1,3,1,E01018093,0
Unvalidated,2024351427965,2024,351427965,1,9,-1,-1,-1,-1,-1,0,-1,-1,-1,0,-1,1,6,2,-1,-1,-1,-1,-1,-1,2,1,E01015632,0
Unvalidated,2024351427965,2024,351427965,2,9,-1,-1,-1,-1,-1,0,-1,-1,-1,0,-1,1,6,1,42,7,-1,-1,-1,-1,5,3,E01033176,0
Unvalidated,2024351427985,2024,351427985,1,9,-1,-1,-1,-1,-1,-1,-1,-1,-1,0,-1,1,6,1,-1,-1,-1,-1,-1,-1,-1,-1,-1,0
Unvalidated,2024351427985,2024,351427985,2,1,-1,-1,-1,-1,-1,-1,-1,-1,-1,0,-1,1,2,1,57,9,-1,-1,-1,-1,10,2,E01018232,0
Unvalidated,2024351427987,2024,351427987,1,97,0,13,1,5,0,0,0,0,0,0,4,1,6,1,77,11,-1,-1,-1,-1,7,1,E01017437,0
Unvalidated,2024351427987,2024,351427987,2,1,0,18,1,5,0,0,0,0,0,0,3,1,6,1,75,10,-1,-1,-1,-1,6,1,E01020255,0
Unvalidated,2024351428005,2024,351428005,1,9,0,18,8,4,0,2,0,0,0,0,1,1,6,2,21,5,-1,-1,-1,-1,6,2,E01018110,0
Unvalidated,2024351428005,2024,351428005,2,9,0,18,8,4,0,1,0,0,0,0,2,1,6,2,56,9,-1,-1,-1,-1,6,2,E01018208,0
Unvalidated,2024351428006,2024,351428006,1,9,0,5,5,4,0,6,0,0,0,0,-1,1,5,1,46,8,-1,-1,-1,-1,3,1,E01015613,0
Unvalidated,2024351428006,2024,351428006,2,9,0,18,4,1,0,1,0,0,0,0,4,1,5,2,26,6,-1,-1,-1,-1,5,2,E01018213,0
Unvalidated,2024351428175,2024,351428175,1,9,0,18,6,1,0,0,1,7,0,0,1,1,6,1,43,7,-1,-1,-1,-1,9,1,E01033173,0
Unvalidated,2024351428175,2024,351428175,2,9,0,18,1,6,0,0,1,0,1,0,1,1,6,1,32,6,-1,-1,-1,-1,4,1,E01018096,0
Unvalidated,2024351428175,2024,351428175,3,9,0,2,0,0,9,0,0,0,0,0,1,1,6,3,-1,-1,-1,-1,-1,-1,-1,-1,-1,0
Unvalidated,2024351428188,2024,351428188,1,90,0,13,2,6,0,1,0,0,0,0,3,1,6,1,16,4,-1,-1,-1,-1,2,1,E01017946,0
Unvalidated,2024351428188,2024,351428188,2,9,0,9,2,2,0,1,0,0,0,0,3,1,5,1,53,8,-1,-1,-1,-1,7,2,E01018065,0
Unvalidated,2024351428196,2024,351428196,1,9,0,18,5,7,0,5,0,0,0,0,-1,1,6,2,-1,-1,-1,-1,-1,-1,-1,-1,-1,0
Unvalidated,2024351428196,2024,351428196,2,8,0,2,0,0,0,2,0,0,0,0,-1,1,1,3,-1,-1,-1,-1,-1,-1,-1,-1,-1,0
Unvalidated,2024351428227,2024,351428227,1,19,0,4,2,6,0,0,0,0,1,4,1,1,5,1,28,6,-1,-1,-1,-1,6,2,E01018076,0
Unvalidated,2024351428227,2024,351428227,2,9,0,4,2,6,0,0,0,0,0,0,2,1,5,1,27,6,-1,-1,-1,-1,9,1,E01018178,0
Unvalidated,2024351428227,2024,351428227,3,9,0,4,2,6,0,0,0,0,0,0,2,1,5,1,27,6,-1,-1,-1,-1,6,1,E01029925,0
Unvalidated,2024351428241,2024,351428241,1,9,0,9,4,2,0,1,0,0,0,0,3,1,6,3,-1,-1,-1,-1,-1,-1,-1,-1,-1,0
Unvalidated,2024351428241,2024,351428241,2,5,0,13,4,1,0,1,5,0,0,0,4,1,2,1,30,6,-1,-1,-1,-1,6,3,E01018053,0
Unvalidated,2024351428247,2024,351428247,1,9,-1,-1,-1,-1,-1,0,-1,-1,-1,0,-1,1,6,2,26,6,-1,-1,-1,-1,4,1,E01015655,0
Unvalidated,2024351428333,2024,351428333,1,9,0,9,7,4,0,8,0,0,0,0,-1,1,6,1,33,6,-1,-1,-1,-1,3,1,E01015652,0
Unvalidated,2024351428354,2024,351428354,1,9,0,18,4,8,0,0,0,4,0,0,1,1,6,2,54,8,-1,-1,-1,-1,4,1,E01024528,0
Unvalidated,2024351428354,2024,351428354,2,9,0,2,0,0,0,0,0,0,0,0,2,1,6,1,37,7,-1,-1,-1,-1,6,1,E01018151,0
Unvalidated,2024351429046,2024,351429046,1,8,0,15,4,8,0,1,0,0,0,0,1,1,6,1,38,7,-1,-1,-1,-1,4,1,E01017953,0
Unvalidated,2024351429046,2024,351429046,2,90,0,11,4,8,0,1,5,0,0,0,4,1,5,2,48,8,-1,-1,-1,-1,7,1,E01017980,0
Unvalidated,2024351429073,2024,351429073,1,9,-1,-1,-1,-1,-1,0,-1,-1,-1,0,-1,1,6,2,65,9,-1,-1,-1,-1,10,2,E01018265,0
Unvalidated,2024351429140,2024,351429140,1,9,0,18,1,5,0,0,1,11,0,0,1,1,2,1,54,8,-1,-1,-1,-1,7,3,E01018065,0
Unvalidated,2024351429167,2024,351429167,1,9,0,-1,1,4,-1,2,0,0,7,10,1,1,-1,1,81,11,-1,-1,-1,-1,9,3,E01026334,0
Unvalidated,2024351429168,2024,351429168,1,9,0,18,5,3,0,1,0,0,0,0,3,1,6,1,91,11,-1,-1,-1,-1,8,1,E01018099,0
Unvalidated,2024351429168,2024,351429168,2,9,0,18,3,7,0,1,0,0,0,0,1,1,2,1,36,7,-1,-1,-1,-1,5,1,E01015651,0
Unvalidated,2024351429233,2024,351429233,1,9,0,18,1,5,0,0,0,0,0,0,4,1,6,2,75,10,-1,-1,-1,-1,6,2,E01018110,0
Unvalidated,2024351429233,2024,351429233,2,98,0,18,5,1,0,0,0,0,0,0,1,1,6,1,31,6,-1,-1,-1,-1,7,3,E01018022,0
Unvalidated,2024351429521,2024,351429521,1,9,0,18,3,4,0,0,0,0,7,0,1,1,6,1,28,6,-1,-1,-1,-1,8,2,E01017376,0
Unvalidated,2024351429521,2024,351429521,2,9,0,18,7,4,0,0,0,0,0,0,0,1,1,1,-1,-1,-1,-1,-1,-1,6,1,E01018151,0
Unvalidated,2024351429521,2024,351429521,3,9,0,18,7,4,0,0,0,0,0,0,0,1,1,1,-1,-1,-1,-1,-1,-1,6,1,E01018151,0
Unvalidated,2024351429541,2024,351429541,1,19,0,18,3,7,0,0,0,0,0,0,1,1,1,1,35,6,-1,-1,-1,-1,2,1,E01017539,0
Unvalidated,2024351429541,2024,351429541,2,9,0,4,3,7,0,0,0,0,0,0,2,1,5,2,45,7,-1,-1,-1,-1,6,1,E01028477,0
Unvalidated,2024351429541,2024,351429541,3,9,0,4,3,7,0,0,0,0,0,0,2,1,5,1,58,9,-1,-1,-1,-1,9,2,E01017551,0
Unvalidated,2024351429548,2024,351429548,1,21,1,18,3,7,0,0,5,0,1,11,1,1,1,1,56,9,-1,-1,-1,-1,4,3,E01015630,0
Unvalidated,2024351429573,2024,351429573,1,9,0,1,5,1,0,0,0,0,1,11,4,1,5,2,62,9,-1,-1,-1,-1,9,2,E01018013,0
Unvalidated,2024351429877,2024,351429877,1,9,0,18,2,6,0,0,0,0,1,3,1,1,6,1,32,6,-1,-1,-1,-1,6,1,E01017961,0
Unvalidated,2024351429897,2024,351429897,1,9,0,18,5,1,0,0,1,0,8,0,1,1,6,1,-1,-1,-1,-1,-1,-1,-1,-1,-1,0
Unvalidated,2024351429897,2024,351429897,2,9,0,18,5,1,0,0,0,0,0,0,2,1,1,1,40,7,-1,-1,-1,-1,7,1,E01017344,0
Unvalidated,2024351429897,2024,351429897,3,9,0,18,5,1,0,0,0,0,0,0,0,1,6,1,70,10,-1,-1,-1,-1,6,2,E01026242,0
Unvalidated,2024351429960,2024,351429960,1,9,0,18,6,2,0,0,0,0,0,0,4,1,6,1,-1,-1,-1,-1,-1,-1,9,3,E01018241,0
Unvalidated,2024351429960,2024,351429960,2,1,0,18,6,2,0,0,0,0,0,0,3,1,6,1,47,8,-1,-1,-1,-1,10,1,E01023659,0
Unvalidated,2024351429965,2024,351429965,1,9,-1,-1,-1,-1,-1,0,-1,-1,-1,0,-1,1,6,1,38,7,-1,-1,-1,-1,8,2,E01018117,0
Unvalidated,2024351429965,2024,351429965,2,5,-1,-1,-1,-1,-1,0,-1,-1,-1,0,-1,1,5,1,56,9,-1,-1,-1,-1,4,1,E01023794,0
Unvalidated,2024351430006,2024,351430006,1,1,0,18,7,3,0,1,5,4,0,0,1,1,6,1,17,4,-1,-1,-1,-1,10,1,E01033425,0
Unvalidated,2024351430006,2024,351430006,2,9,0,4,7,3,0,1,0,0,0,0,4,1,1,1,66,10,-1,-1,-1,-1,6,2,E01018052,0
Unvalidated,2024351430013,2024,351430013,1,9,0,9,6,4,0,0,0,0,0,0,1,1,6,1,30,6,-1,-1,-1,-1,5,1,E01017945,0
Unvalidated,2024351430013,2024,351430013,2,1,-1,18,4,8,0,0,0,0,0,0,1,1,5,1,29,6,-1,-1,-1,-1,7,2,E01018279,0
Unvalidated,2024351430070,2024,351430070,1,9,0,18,1,5,0,0,0,0,0,0,2,1,5,1,42,7,-1,-1,-1,-1,2,1,E01015610,0
Unvalidated,2024351430070,2024,351430070,2,9,0,18,1,5,0,0,0,0,0,0,1,1,6,3,-1,-1,-1,-1,-1,-1,-1,-1,-1,0
Unvalidated,2024351430101,2024,351430101,1,19,0,3,-1,-1,0,1,0,0,0,0,1,1,6,3,-1,-1,-1,-1,-1,-1,-1,-1,-1,0
Unvalidated,2024351430101,2024,351430101,2,9,0,18,-1,-1,0,1,0,0,0,0,2,1,6,1,74,10,-1,-1,-1,-1,6,1,E01015679,0
Unvalidated,2024351430109,2024,351430109,1,9,0,7,-1,-1,4,5,0,0,0,0,4,1,6,3,-1,-1,-1,-1,-1,-1,-1,-1,-1,0
Unvalidated,2024351430109,2024,351430109,2,1,0,18,-1,-1,4,1,0,0,0,0,1,1,6,2,43,7,-1,-1,-1,-1,9,1,E01018250,0
Unvalidated,2024351430342,2024,351430342,1,2,0,18,1,5,0,0,0,0,0,0,2,1,6,2,31,6,-1,-1,-1,-1,7,2,E01030098,0
Unvalidated,2024351430342,2024,351430342,2,9,0,18,1,5,0,0,0,0,0,0,0,1,6,1,62,9,-1,-1,-1,-1,6,1,E01026797,0
Unvalidated,2024351430342,2024,351430342,3,9,0,18,1,5,0,0,0,0,0,0,2,1,6,1,23,5,-1,-1,-1,-1,5,3,E01026525,0
Unvalidated,2024351430358,2024,351430358,1,9,0,9,6,4,0,8,0,0,0,0,1,1,6,1,19,4,-1,-1,-1,-1,7,3,E01018011,0
Unvalidated,2024351430358,2024,351430358,2,19,0,18,4,8,0,8,0,0,0,0,4,1,2,1,29,6,-1,-1,-1,-1,6,1,E01003647,0
Unvalidated,2024351430432,2024,351430432,1,1,0,18,-1,-1,0,2,0,0,0,0,4,1,2,1,24,5,-1,-1,-1,-1,5,1,E01018163,0
Unvalidated,2024351430432,2024,351430432,2,9,0,8,-1,-1,0,1,0,0,0,0,1,1,2,2,57,9,-1,-1,-1,-1,6,1,E01018169,0
Unvalidated,2024351430445,2024,351430445,1,-1,-1,-1,-1,-1,-1,0,-1,-1,-1,0,-1,1,6,1,-1,-1,-1,-1,-1,-1,-1,-1,-1,0
Unvalidated,2024351430716,2024,351430716,1,9,0,18,1,5,0,1,0,7,0,0,1,1,2,2,21,5,-1,-1,-1,-1,9,1,E01017988,0
Unvalidated,2024351430745,2024,351430745,1,9,0,7,8,2,0,8,0,0,0,0,4,1,6,1,63,9,-1,-1,-1,-1,7,3,E01018115,0
Unvalidated,2024351430745,2024,351430745,2,1,0,18,8,4,0,8,0,0,0,0,2,1,6,1,33,6,-1,-1,-1,-1,6,1,E01033120,0
Unvalidated,2024351430816,2024,351430816,1,1,0,18,1,5,0,0,0,0,0,0,2,1,6,2,48,8,-1,-1,-1,-1,8,2,E01018238,0
Unvalidated,2024351430816,2024,351430816,2,-1,0,-1,-1,-1,-1,0,-1,-1,-1,0,-1,1,6,3,-1,-1,-1,-1,-1,-1,-1,-1,-1,0
Unvalidated,2024351430820,2024,351430820,1,9,0,5,-1,-1,0,0,0,0,9,0,1,1,6,3,-1,-1,-1,-1,-1,-1,-1,-1,-1,0
Unvalidated,2024351430820,2024,351430820,2,90,0,5,-1,-1,9,0,0,0,9,0,2,1,5,2,48,8,-1,-1,-1,-1,1,1,E01015639,1
Unvalidated,2024351430862,2024,351430862,1,19,0,18,4,2,0,1,0,0,0,0,3,1,5,1,32,6,-1,-1,-1,-1,10,2,E01018130,0
Unvalidated,2024351430862,2024,351430862,2,9,0,18,2,6,0,1,0,0,0,0,1,1,2,2,41,7,-1,-1,-1,-1,8,3,E01033119,0
Unvalidated,2024351431724,2024,351431724,1,9,0,13,1,5,0,0,1,0,1,0,1,1,6,1,53,8,-1,-1,-1,-1,6,2,E01018106,0
Unvalidated,2024351431726,2024,351431726,1,9,0,11,6,2,0,0,0,0,0,0,1,1,6,1,21,5,-1,-1,-1,-1,3,1,E01015674,0
Unvalidated,2024351431726,2024,351431726,2,9,0,3,6,2,0,0,0,0,0,0,2,1,6,2,51,8,-1,-1,-1,-1,6,2,E01015617,0
Unvalidated,2024351431726,2024,351431726,3,9,0,3,6,2,0,0,0,0,0,0,2,1,6,1,46,8,-1,-1,-1,-1,6,1,E01026040,0
Unvalidated,2024351431758,2024,351431758,1,9,0,9,1,7,0,1,0,0,0,0,3,1,1,1,42,7,-1,-1,-1,-1,1,1,E01015600,0
Unvalidated,2024351431758,2024,351431758,2,97,0,13,1,5,0,1,0,0,0,0,1,1,2,1,38,7,-1,-1,-1,-1,2,1,E01015656,0
Unvalidated,2024351431773,2024,351431773,1,20,0,9,-1,-1,0,0,0,0,0,0,3,1,6,1,-1,-1,-1,-1,-1,-1,-1,-1,-1,0
Unvalidated,2024351431773,2024,351431773,2,1,0,3,-1,-1,0,0,0,0,0,0,3,1,6,1,25,5,-1,-1,-1,-1,5,1,E01017997,0
Unvalidated,2024351431776,2024,351431776,1,9,9,4,2,6,0,0,9,99,0,0,1,1,6,3,-1,-1,-1,-1,-1,-1,-1,-1,-1,0
Unvalidated,2024351431776,2024,351431776,2,9,0,4,2,6,0,0,0,0,0,0,2,1,1,1,50,8,-1,-1,-1,-1,5,1,E01021388,0
Unvalidated,2024351431822,2024,351431822,1,90,-1,-1,-1,-1,-1,0,-1,-1,-1,0,-1,1,6,1,-1,-1,-1,-1,-1,-1,-1,-1,-1,0
Unvalidated,2024351432138,2024,351432138,1,9,0,18,3,7,0,8,0,0,0,0,1,1,2,1,37,7,-1,-1,-1,-1,3,1,E01017978,0
Unvalidated,2024351432138,2024,351432138,2,9,0,4,3,7,0,8,0,0,0,0,2,1,6,2,44,7,-1,-1,-1,-1,9,1,E01018008,0
Unvalidated,2024351432138,2024,351432138,3,9,0,4,3,7,0,8,0,0,0,0,2,1,6,2,39,7,-1,-1,-1,-1,6,2,E01018052,0
Unvalidated,2024351432197,2024,351432197,1,97,0,14,7,3,0,1,1,0,0,0,4,1,6,1,24,5,-1,-1,-1,-1,1,1,E01015663,0
Unvalidated,2024351432197,2024,351432197,2,90,0,4,7,3,0,1,0,0,0,0,0,1,1,2,57,9,-1,-1,-1,-1,-1,-1,-1,0
Unvalidated,2024351432197,2024,351432197,3,8,-1,-1,-1,-1,-1,6,-1,-1,-1,0,-1,1,6,3,-1,-1,-1,-1,-1,-1,-1,-1,-1,0
Unvalidated,2024351432222,2024,351432222,1,9,4,4,5,1,0,0,0,0,0,0,1,1,1,1,49,8,-1,-1,-1,-1,6,3,E01026332,0
Unvalidated,2024351432222,2024,351432222,2,9,0,4,5,1,0,0,0,0,0,0,2,1,6,1,46,8,-1,-1,-1,-1,9,1,E01026301,0
Unvalidated,2024351432222,2024,351432222,3,9,0,4,5,1,0,0,0,0,0,0,2,1,2,1,44,7,-1,-1,-1,-1,3,1,E01026325,0
Unvalidated,2024351432222,2024,351432222,4,9,0,4,5,1,0,0,0,0,0,0,2,1,6,1,50,8,-1,-1,-1,-1,7,1,E01007989,0
Unvalidated,2024351432222,2024,351432222,5,19,0,4,5,1,0,0,0,0,0,0,2,1,1,1,26,6,-1,-1,-1,-1,9,2,E01027917,0
Unvalidated,2024351432222,2024,351432222,6,9,0,4,5,1,0,0,0,0,0,0,2,1,6,1,55,8,-1,-1,-1,-1,7,3,E01030083,0
Unvalidated,2024351432222,2024,351432222,7,9,0,4,5,1,0,0,0,0,0,0,2,1,6,1,71,10,-1,-1,-1,-1,7,1,E01021173,0
Unvalidated,2024351432236,2024,351432236,1,9,0,18,3,7,0,0,0,0,0,0,1,1,1,1,24,5,-1,-1,-1,-1,10,1,E01018019,0
Unvalidated,2024351432236,2024,351432236,2,9,0,18,3,7,0,0,0,0,0,0,2,1,2,1,27,6,-1,-1,-1,-1,10,1,E01018175,0
Unvalidated,2024351432500,2024,351432500,1,9,-1,-1,-1,-1,-1,-1,-1,-1,-1,0,-1,1,6,1,37,7,-1,-1,-1,-1,3,1,E01015652,0
Unvalidated,2024351432500,2024,351432500,2,9,-1,-1,-1,-1,-1,-1,-1,-1,-1,0,-1,1,6,1,39,7,-1,-1,-1,-1,4,3,E01026280,0
Unvalidated,2024351432535,2024,351432535,1,97,0,18,5,8,0,0,1,0,7,0,3,1,6,1,30,6,-1,-1,-1,-1,5,3,E01018157,0
Unvalidated,2024351432578,2024,351432578,1,9,0,99,6,2,0,0,9,99,0,0,1,1,6,3,-1,-1,-1,-1,-1,-1,-1,-1,-1,0
Unvalidated,2024351432578,2024,351432578,2,19,0,4,6,2,0,0,0,0,0,0,2,1,2,2,32,6,-1,-1,-1,-1,1,1,E01026666,0
Unvalidated,2024351432609,2024,351432609,1,9,0,18,5,1,0,1,0,0,0,0,1,1,6,2,24,5,-1,-1,-1,-1,6,1,E01023874,0
Unvalidated,2024351432609,2024,351432609,2,9,0,3,5,1,0,1,0,0,0,0,2,1,6,2,57,9,-1,-1,-1,-1,7,1,E01017963,0
Unvalidated,2024351432667,2024,351432667,1,3,0,18,5,1,0,0,0,0,1,4,4,1,6,1,24,5,-1,-1,-1,-1,6,2,E01018052,0
Unvalidated,2024351432690,2024,351432690,1,9,0,14,1,5,0,0,0,4,0,0,1,1,5,2,84,11,-1,-1,-1,-1,10,1,E01018295,0
Unvalidated,2024351432690,2024,351432690,2,9,0,2,0,0,0,0,0,0,0,0,4,1,6,3,-1,-1,-1,-1,-1,-1,-1,-1,-1,0
Unvalidated,2024351433043,2024,351433043,1,9,0,18,1,5,0,1,0,0,0,0,1,1,6,2,30,6,-1,-1,-1,-1,8,1,E01023656,0
Unvalidated,2024351433043,2024,351433043,2,9,0,9,1,5,0,1,0,0,0,0,2,1,6,2,37,7,-1,-1,-1,-1,5,1,E01023592,0
Unvalidated,2024351433108,2024,351433108,1,-1,0,18,7,3,0,1,0,0,0,0,1,1,6,3,-1,-1,-1,-1,-1,-1,-1,-1,-1,0
Unvalidated,2024351433127,2024,351433127,1,9,0,-1,-1,-1,-1,0,-1,-1,-1,0,-1,1,6,2,-1,-1,-1,-1,-1,-1,-1,-1,-1,0
Unvalidated,2024351433127,2024,351433127,2,1,0,-1,-1,-1,-1,0,-1,-1,-1,0,-1,1,2,2,57,9,-1,-1,-1,-1,8,1,E01018003,0
Unvalidated,2024351433373,2024,351433373,1,9,-1,-1,-1,-1,-1,0,-1,-1,-1,0,-1,1,6,3,-1,-1,-1,-1,-1,-1,-1,-1,-1,0
Unvalidated,2024351433400,2024,351433400,1,9,0,9,3,1,0,5,0,0,0,0,1,1,6,1,31,6,-1,-1,-1,-1,9,1,E01018027,0
Unvalidated,2024351433400,2024,351433400,2,9,0,18,1,5,0,1,0,0,0,0,4,1,6,1,53,8,-1,-1,-1,-1,7,2,E01018210,0
Unvalidated,2024351433401,2024,351433401,1,9,0,18,8,4,0,4,1,11,7,2,1,1,6,1,77,11,-1,-1,-1,-1,2,1,E01013906,0
Unvalidated,2024351433420,2024,351433420,1,9,0,13,7,3,0,0,0,0,0,0,3,1,2,1,52,8,-1,-1,-1,-1,9,1,E01015635,0
Unvalidated,2024351433420,2024,351433420,2,9,0,18,3,7,0,0,0,0,0,0,3,1,6,2,50,8,-1,-1,-1,-1,2,1,E01015680,0
Unvalidated,2024351433446,2024,351433446,1,19,0,18,1,5,0,0,0,0,7,0,3,1,1,1,53,8,-1,-1,-1,-1,9,1,E01018173,0