status,collision_index,collision_year,collision_reference,vehicle_reference,vehicle_type,towing_and_articulation,vehicle_manoeuvre,vehicle_direction_from,vehicle_direction_to,vehicle_location_restricted_lane,junction_location,skidding_and_overturning,hit_object_in_carriageway,vehicle_leaving_carriageway,hit_object_off_carriageway,first_point_of_impact,vehicle_left_hand_drive,journey_purpose_of_driver,sex_of_driver,age_of_driver,age_band_of_driver,engine_capacity_cc,propulsion_code,age_of_vehicle,generic_make_model,driver_imd_decile,driver_home_area_type,lsoa_of_driver,escooter_flag
Unvalidated,2024351433446,2024,351433446,2,9,0,18,1,5,0,0,0,0,0,0,3,1,6,1,62,9,-1,-1,-1,-1,7,3,E01018115,0
Unvalidated,2024351433470,2024,351433470,1,9,0,7,1,2,0,1,0,0,0,0,1,1,6,1,37,7,-1,-1,-1,-1,6,3,E01017540,0
Unvalidated,2024351434420,2024,351434420,1,9,0,18,3,7,0,0,0,0,0,0,1,1,6,1,25,5,-1,-1,-1,-1,7,3,E01018300,0
Unvalidated,2024351434420,2024,351434420,2,9,0,10,3,7,0,0,0,0,0,0,2,1,2,1,35,6,-1,-1,-1,-1,8,3,E01018297,0
Unvalidated,2024351434523,2024,351434523,1,9,0,13,1,1,0,0,1,0,0,0,1,1,6,1,79,11,-1,-1,-1,-1,10,1,E01017777,0
Unvalidated,2024351434523,2024,351434523,2,9,0,18,5,5,0,0,1,0,0,0,1,1,6,1,56,9,-1,-1,-1,-1,1,1,E01015604,0
Unvalidated,2024351434523,2024,351434523,3,9,0,18,1,1,0,0,1,0,0,0,3,1,6,1,66,10,-1,-1,-1,-1,5,1,E01006625,0
Unvalidated,2024351434621,2024,351434621,1,9,0,18,3,3,0,0,0,0,0,0,4,1,6,2,38,7,-1,-1,-1,-1,5,3,E01033176,0
Unvalidated,2024351434621,2024,351434621,2,1,0,18,7,7,9,0,5,0,0,0,1,1,6,1,80,11,-1,-1,-1,-1,2,1,E01015641,0
Unvalidated,2024351434650,2024,351434650,1,9,-1,-1,-1,-1,-1,-1,-1,-1,-1,0,-1,1,6,3,-1,-1,-1,-1,-1,-1,-1,-1,-1,0
Unvalidated,2024351434650,2024,351434650,2,90,-1,-1,-1,-1,-1,-1,-1,-1,-1,0,-1,1,6,1,30,6,-1,-1,-1,-1,10,2,E01018256,0
Unvalidated,2024351434799,2024,351434799,1,90,-1,18,2,6,0,6,0,0,0,0,1,1,6,1,13,3,-1,-1,-1,-1,3,2,E01015619,1
Unvalidated,2024351434799,2024,351434799,2,19,0,18,8,3,0,7,0,0,0,0,-1,1,1,1,37,7,-1,-1,-1,-1,6,3,E01015620,0
Unvalidated,2024351435010,2024,351435010,1,9,-1,18,3,7,0,1,0,0,0,0,1,1,6,3,-1,-1,-1,-1,-1,-1,-1,-1,-1,0
Unvalidated,2024351435010,2024,351435010,2,9,-1,3,3,7,0,1,0,0,0,0,2,1,5,1,33,6,-1,-1,-1,-1,8,1,E01018174,0
Unvalidated,2024351435078,2024,351435078,1,17,0,18,5,1,0,0,0,0,0,0,1,1,1,1,19,4,-1,-1,-1,-1,6,1,E01018088,0
Unvalidated,2024351435078,2024,351435078,2,9,0,10,5,1,0,0,0,0,0,0,2,1,5,2,22,5,-1,-1,-1,-1,4,3,E01018044,0
Unvalidated,2024351435108,2024,351435108,1,9,0,18,6,2,0,0,0,0,0,0,1,1,5,2,40,7,-1,-1,-1,-1,7,1,E01015686,0
Unvalidated,2024351435108,2024,351435108,2,9,0,2,0,0,0,0,0,0,1,0,2,1,6,2,50,8,-1,-1,-1,-1,4,3,E01033178,0
Unvalidated,2024351435109,2024,351435109,1,9,0,5,5,1,0,4,0,0,0,0,1,1,6,2,69,10,-1,-1,-1,-1,8,1,E01017992,0
Unvalidated,2024351435109,2024,351435109,2,1,0,5,3,7,0,5,0,0,0,0,0,1,6,3,-1,-1,-1,-1,-1,-1,-1,-1,-1,0
Unvalidated,2024351435182,2024,351435182,1,9,0,17,8,4,0,0,1,0,1,4,1,1,5,1,25,5,-1,-1,-1,-1,1,1,E01015603,0
Unvalidated,2024351435182,2024,351435182,2,9,0,18,8,4,0,0,0,0,0,0,2,1,6,3,-1,-1,-1,-1,-1,-1,-1,-1,-1,0
Unvalidated,2024351435264,2024,351435264,1,21,4,4,5,1,6,1,2,0,0,0,3,1,2,1,37,7,-1,-1,-1,-1,10,2,E01018134,0
Unvalidated,2024351435264,2024,351435264,2,98,-1,12,5,1,0,1,3,0,0,0,-1,1,6,3,-1,-1,-1,-1,-1,-1,-1,-1,-1,0
Unvalidated,2024351435491,2024,351435491,1,4,0,3,1,5,0,0,0,0,0,0,1,1,6,1,26,6,-1,-1,-1,-1,2,1,E01018063,0
Unvalidated,2024351435491,2024,351435491,2,9,0,4,1,5,0,0,0,0,0,0,2,1,6,1,20,4,-1,-1,-1,-1,4,1,E01018086,0
Unvalidated,2024351435511,2024,351435511,1,9,0,5,5,1,0,4,0,0,0,0,1,1,6,1,58,9,-1,-1,-1,-1,6,2,E01029930,0
Unvalidated,2024351435511,2024,351435511,2,9,0,5,7,3,0,4,0,0,0,0,3,1,6,1,81,11,-1,-1,-1,-1,7,1,E01018165,0
Unvalidated,2024351435586,2024,351435586,1,9,0,18,7,3,0,2,0,4,0,0,1,1,1,1,40,7,-1,-1,-1,-1,8,2,E01033181,0
Unvalidated,2024351435586,2024,351435586,2,19,0,2,0,0,0,2,0,0,0,0,2,1,6,2,47,8,-1,-1,-1,-1,-1,-1,-1,0
Unvalidated,2024351435633,2024,351435633,1,9,0,18,3,7,0,1,0,0,0,0,1,1,2,1,18,4,-1,-1,-1,-1,6,2,E01018076,0
Unvalidated,2024351435633,2024,351435633,2,9,0,18,6,2,0,1,1,7,0,0,1,1,6,1,62,9,-1,-1,-1,-1,4,1,E01003793,0
Unvalidated,2024351435643,2024,351435643,1,9,0,9,6,4,0,8,0,0,0,0,4,1,2,2,18,4,-1,-1,-1,-1,10,2,E01018266,0
Unvalidated,2024351435643,2024,351435643,2,1,0,18,2,6,0,8,0,0,0,0,1,1,6,1,46,8,-1,-1,-1,-1,9,2,E01018307,0
Unvalidated,2024351435863,2024,351435863,1,9,0,18,3,7,0,0,0,0,0,0,1,1,5,2,86,11,-1,-1,-1,-1,10,2,E01018265,0
Unvalidated,2024351435863,2024,351435863,2,9,0,18,7,3,0,0,0,0,1,0,1,1,5,1,48,8,-1,-1,-1,-1,5,3,E01030151,0
Unvalidated,2024351435894,2024,351435894,1,98,0,9,2,6,0,1,0,0,0,0,1,1,5,1,66,10,-1,-1,-1,-1,4,3,E01018044,0
Unvalidated,2024351435894,2024,351435894,2,98,0,18,8,4,0,1,0,0,0,0,3,1,5,1,71,10,-1,-1,-1,-1,4,1,E01026466,0
Unvalidated,2024351435919,2024,351435919,1,4,0,18,7,3,0,0,0,0,7,0,4,1,6,1,17,4,-1,-1,-1,-1,6,1,E01018150,0
Unvalidated,2024351435939,2024,351435939,1,9,-1,14,5,1,0,0,0,0,0,0,4,1,6,3,-1,-1,-1,-1,-1,-1,-1,-1,-1,0
Unvalidated,2024351436030,2024,351436030,1,9,0,4,1,5,0,0,0,0,0,0,1,1,5,2,49,8,-1,-1,-1,-1,10,1,E01017460,0
Unvalidated,2024351436030,2024,351436030,2,9,0,4,1,5,0,0,0,0,0,0,2,1,5,2,39,7,-1,-1,-1,-1,10,2,E01018284,0
Unvalidated,2024351436030,2024,351436030,3,9,0,4,1,5,0,0,0,0,0,0,1,1,5,1,32,6,-1,-1,-1,-1,9,1,E01030795,0
Unvalidated,2024351436053,2024,351436053,1,9,0,9,1,7,0,6,0,0,0,0,4,1,6,1,18,4,-1,-1,-1,-1,10,1,E01018007,0
Unvalidated,2024351436053,2024,351436053,2,1,0,7,5,7,0,6,0,0,0,0,1,1,6,1,48,8,-1,-1,-1,-1,5,1,E01017954,0
Unvalidated,2024351436079,2024,351436079,1,9,0,13,5,1,0,1,0,0,0,0,4,1,6,2,61,9,-1,-1,-1,-1,10,3,E01018204,0
Unvalidated,2024351436079,2024,351436079,2,9,4,9,5,3,0,5,0,0,0,0,3,1,1,1,22,5,-1,-1,-1,-1,9,3,E01018278,0
Unvalidated,2024351436086,2024,351436086,1,9,0,18,5,1,0,4,0,0,0,0,3,1,1,1,38,7,-1,-1,-1,-1,8,1,E01018166,0
Unvalidated,2024351436086,2024,351436086,2,9,0,9,4,1,0,8,0,0,0,0,4,1,2,2,22,5,-1,-1,-1,-1,10,2,E01018134,0
Unvalidated,2024351436098,2024,351436098,1,9,0,18,7,3,0,0,0,4,0,0,1,1,5,2,55,8,-1,-1,-1,-1,3,1,E01025987,0
Unvalidated,2024351436098,2024,351436098,2,9,0,4,0,0,0,0,0,0,4,6,2,1,5,2,32,6,-1,-1,-1,-1,5,1,E01002302,0
Unvalidated,2024351436877,2024,351436877,1,9,-1,18,2,6,0,0,0,0,0,0,1,1,6,3,-1,-1,-1,-1,-1,-1,-1,-1,-1,0
Unvalidated,2024351436877,2024,351436877,2,9,0,3,2,6,0,0,0,0,0,0,2,1,5,2,32,6,-1,-1,-1,-1,6,1,E01015671,0
Unvalidated,2024351436885,2024,351436885,1,19,0,18,3,7,0,1,0,0,0,0,3,1,6,1,38,7,-1,-1,-1,-1,2,1,E01018144,0
Unvalidated,2024351436885,2024,351436885,2,9,0,9,7,5,0,8,0,0,0,0,1,1,5,2,18,4,-1,-1,-1,-1,7,1,E01024137,0
Unvalidated,2024351436937,2024,351436937,1,9,0,8,1,3,6,1,0,0,0,0,0,1,1,1,36,7,-1,-1,-1,-1,8,1,E01030237,0
Unvalidated,2024351436937,2024,351436937,2,1,0,4,3,7,6,1,0,0,0,0,1,1,2,1,38,7,-1,-1,-1,-1,8,1,E01018000,0
Unvalidated,2024351436950,2024,351436950,1,19,0,4,7,3,0,0,0,0,0,0,1,1,1,1,42,7,-1,-1,-1,-1,8,1,E01025668,0
Unvalidated,2024351436950,2024,351436950,2,19,0,4,7,3,0,0,0,0,0,0,2,1,1,1,63,9,-1,-1,-1,-1,8,1,E01027089,0
Unvalidated,2024351437036,2024,351437036,1,19,0,18,1,5,0,0,0,0,0,0,1,1,1,1,28,6,-1,-1,-1,-1,10,3,E01021570,0
Unvalidated,2024351437036,2024,351437036,2,17,0,18,1,5,0,0,0,0,0,0,2,1,1,1,62,9,-1,-1,-1,-1,9,3,E01018054,0
Unvalidated,2024351437270,2024,351437270,1,9,0,18,-1,-1,0,8,0,0,0,0,9,1,6,1,-1,-1,-1,-1,-1,-1,-1,-1,-1,0
Unvalidated,2024351437270,2024,351437270,2,1,0,17,-1,-1,5,8,0,0,0,0,1,1,5,2,44,7,-1,-1,-1,-1,3,1,E01017952,0
Unvalidated,2024351437741,2024,351437741,1,9,-1,-1,-1,-1,-1,0,-1,-1,-1,0,-1,1,6,2,51,8,-1,-1,-1,-1,7,3,E01018011,0
Unvalidated,2024351437741,2024,351437741,2,9,-1,-1,-1,-1,-1,0,-1,-1,-1,0,-1,1,5,2,38,7,-1,-1,-1,-1,7,1,E01030117,0
Unvalidated,2024351437768,2024,351437768,1,9,0,18,4,8,0,1,0,0,3,0,4,1,6,2,68,10,-1,-1,-1,-1,10,1,E01023826,0
Unvalidated,2024351437768,2024,351437768,2,9,0,18,7,3,0,1,0,0,0,0,1,1,6,2,55,8,-1,-1,-1,-1,4,1,E01029950,0
Unvalidated,2024351437775,2024,351437775,1,98,-1,-1,-1,-1,-1,0,-1,-1,-1,0,-1,1,6,3,-1,-1,-1,-1,-1,-1,-1,-1,-1,0
Unvalidated,2024351437775,2024,351437775,2,1,-1,-1,-1,-1,-1,0,-1,-1,-1,0,-1,1,5,1,24,5,-1,-1,-1,-1,8,1,E01017989,0
Unvalidated,2024351437871,2024,351437871,1,98,0,4,1,5,0,0,1,0,0,0,1,2,6,1,19,4,-1,-1,-1,-1,-1,-1,-1,0
Unvalidated,2024351437871,2024,351437871,2,9,0,4,1,5,0,0,0,0,0,0,2,1,6,1,57,9,-1,-1,-1,-1,9,2,E01018278,0
Unvalidated,2024351437871,2024,351437871,3,9,0,4,1,5,0,0,0,0,0,0,2,1,6,2,56,9,-1,-1,-1,-1,7,3,E01018255,0
Unvalidated,2024351438152,2024,351438152,1,9,-1,-1,-1,-1,-1,8,-1,-1,-1,0,-1,1,6,3,-1,-1,-1,-1,-1,-1,-1,-1,-1,0
Unvalidated,2024351438152,2024,351438152,2,3,0,18,5,1,0,8,0,0,0,0,1,1,6,2,24,5,-1,-1,-1,-1,4,3,E01026659,0
Unvalidated,2024351438152,2024,351438152,3,9,0,18,7,1,0,8,0,0,0,0,3,1,6,1,33,6,-1,-1,-1,-1,5,1,E01018067,0
Unvalidated,2024351438217,2024,351438217,1,9,0,5,3,7,0,6,0,0,0,0,1,1,5,1,53,8,-1,-1,-1,-1,7,1,E01018002,0
Unvalidated,2024351438260,2024,351438260,1,9,-1,10,3,5,0,6,0,0,0,0,1,1,6,3,-1,-1,-1,-1,-1,-1,-1,-1,-1,0
Unvalidated,2024351438260,2024,351438260,2,1,0,18,1,5,0,1,0,0,0,0,4,1,5,2,41,7,-1,-1,-1,-1,5,1,E01018080,0
Unvalidated,2024351438321,2024,351438321,1,5,0,18,4,8,0,0,0,0,0,0,0,1,6,1,56,9,-1,-1,-1,-1,6,3,E01018053,0
Unvalidated,2024351438378,2024,351438378,1,9,0,4,3,6,0,0,0,0,0,0,1,1,6,1,77,11,-1,-1,-1,-1,10,1,E01027086,0
Unvalidated,2024351438378,2024,351438378,2,9,0,3,3,6,0,0,0,0,0,0,2,1,2,1,18,4,-1,-1,-1,-1,2,1,E01015608,0
Unvalidated,2024351438378,2024,351438378,3,9,0,3,3,6,0,0,0,0,0,0,2,1,6,1,58,9,-1,-1,-1,-1,5,3,E01026712,0
Unvalidated,2024351438597,2024,351438597,1,97,0,18,3,7,0,8,0,0,0,0,3,1,6,1,44,7,-1,-1,-1,-1,6,1,E01017973,0
Unvalidated,2024351438597,2024,351438597,2,90,-1,-1,-1,-1,-1,1,-1,-1,-1,0,-1,1,6,3,-1,-1,-1,-1,-1,-1,-1,-1,-1,0
Unvalidated,2024351438659,2024,351438659,1,9,0,17,5,1,0,2,2,0,7,9,1,1,6,1,61,9,-1,-1,-1,-1,3,1,E01018087,0
Unvalidated,2024351438662,2024,351438662,1,9,0,-1,-1,-1,-1,0,-1,-1,-1,0,4,1,6,3,-1,-1,-1,-1,-1,-1,-1,-1,-1,0
Unvalidated,2024351438662,2024,351438662,2,1,0,-1,-1,-1,0,0,2,0,0,0,1,1,2,2,43,7,-1,-1,-1,-1,4,1,E01017953,0
Unvalidated,2024351438705,2024,351438705,1,9,-1,18,4,1,0,1,0,0,0,0,1,1,6,3,-1,-1,-1,-1,-1,-1,-1,-1,-1,0
Unvalidated,2024351438705,2024,351438705,2,8,-1,10,4,1,0,1,0,0,0,0,2,1,1,1,32,6,-1,-1,-1,-1,-1,-1,-1,0
Unvalidated,2024351438787,2024,351438787,1,9,-1,-1,-1,-1,-1,-1,-1,-1,-1,0,-1,1,6,3,-1,-1,-1,-1,-1,-1,-1,-1,-1,0
Unvalidated,2024351438787,2024,351438787,2,9,-1,-1,-1,-1,-1,-1,-1,-1,-1,0,-1,1,6,2,66,10,-1,-1,-1,-1,6,2,E01018036,0
Unvalidated,2024351438801,2024,351438801,1,9,0,3,7,3,0,0,0,0,0,0,2,1,6,1,37,7,-1,-1,-1,-1,3,1,E01015624,0
Unvalidated,2024351438801,2024,351438801,2,98,0,18,7,3,0,0,0,0,0,0,1,1,6,1,45,7,-1,-1,-1,-1,6,1,E01008233,0
Unvalidated,2024351438938,2024,351438938,1,19,4,15,7,3,0,0,0,0,0,0,4,1,1,1,73,10,-1,-1,-1,-1,5,1,E01018138,0
Unvalidated,2024351438938,2024,351438938,2,1,0,5,7,3,0,0,0,0,0,0,0,1,5,1,65,9,-1,-1,-1,-1,6,1,E01018142,0
Unvalidated,2024351439750,2024,351439750,1,21,1,12,3,7,0,0,1,4,1,6,1,1,1,1,35,6,-1,-1,-1,-1,4,1,E01008947,0
Unvalidated,2024351439750,2024,351439750,2,21,1,4,3,7,0,0,0,0,0,0,2,1,1,1,25,5,-1,-1,-1,-1,-1,-1,-1,0
Unvalidated,2024351439769,2024,351439769,1,9,-1,-1,-1,-1,-1,0,-1,-1,-1,0,-1,1,6,1,63,9,-1,-1,-1,-1,7,1,E01030117,0
Unvalidated,2024351439769,2024,351439769,2,9,-1,-1,-1,-1,-1,0,-1,-1,-1,0,-1,1,5,2,50,8,-1,-1,-1,-1,8,1,E01032794,0
Unvalidated,2024351439769,2024,351439769,3,9,-1,-1,-1,-1,-1,0,-1,-1,-1,0,-1,1,6,1,57,9,-1,-1,-1,-1,4,1,E01030115,0
Unvalidated,2024351439774,2024,351439774,1,9,0,18,3,7,0,4,0,0,0,0,1,1,5,1,28,6,-1,-1,-1,-1,8,3,E01018021,0
Unvalidated,2024351439774,2024,351439774,2,9,0,9,1,7,0,3,0,0,0,0,2,1,5,1,36,7,-1,-1,-1,-1,-1,1,-1,0
Unvalidated,2024351439868,2024,351439868,1,9,-1,-1,-1,-1,-1,-1,-1,-1,-1,0,-1,1,6,3,-1,-1,-1,-1,-1,-1,-1,-1,-1,0
Unvalidated,2024351439868,2024,351439868,2,1,-1,-1,-1,-1,-1,-1,-1,-1,-1,0,-1,1,3,1,18,4,-1,-1,-1,-1,4,1,E01018147,0
Unvalidated,2024351439869,2024,351439869,1,17,0,18,6,2,0,1,0,0,0,0,1,1,1,1,-1,-1,-1,-1,-1,-1,-1,-1,-1,0
Unvalidated,2024351439869,2024,351439869,2,9,-1,3,6,2,0,1,0,0,0,0,2,1,6,1,41,7,-1,-1,-1,-1,10,3,E01033114,0
Unvalidated,2024351440122,2024,351440122,1,9,0,3,-1,-1,0,0,0,0,0,0,4,1,6,2,44,7,-1,-1,-1,-1,4,3,E01018095,0
Unvalidated,2024351440122,2024,351440122,2,1,0,18,-1,-1,0,0,5,0,0,0,3,1,5,1,47,8,-1,-1,-1,-1,3,3,E01018092,0
Unvalidated,2024351440351,2024,351440351,1,19,0,-1,-1,-1,-1,0,-1,-1,-1,0,-1,1,6,1,58,9,-1,-1,-1,-1,5,3,E01026283,0
Unvalidated,2024351440351,2024,351440351,2,9,0,18,-1,-1,0,0,0,0,0,0,3,1,5,1,52,8,-1,-1,-1,-1,4,3,E01018095,0
Unvalidated,2024351440596,2024,351440596,1,9,-1,-1,-1,-1,-1,0,-1,-1,-1,0,-1,1,6,2,72,10,-1,-1,-1,-1,7,3,E01018011,0
Unvalidated,2024351440596,2024,351440596,2,1,-1,-1,-1,-1,-1,0,-1,-1,-1,0,-1,1,5,1,18,4,-1,-1,-1,-1,8,3,E01018224,0
Unvalidated,2024351440604,2024,351440604,1,9,0,18,1,5,0,0,0,0,7,4,1,1,6,2,79,11,-1,-1,-1,-1,3,1,E01018072,0
Unvalidated,2024351440604,2024,351440604,2,9,0,9,1,5,0,0,0,0,0,0,1,1,6,2,33,6,-1,-1,-1,-1,5,3,E01018157,0
Unvalidated,2024351440724,2024,351440724,1,9,0,18,1,5,0,0,0,0,0,0,1,1,1,1,53,8,-1,-1,-1,-1,2,1,E01015610,0
Unvalidated,2024351440724,2024,351440724,2,9,0,18,5,1,0,0,0,0,0,0,1,1,2,1,33,6,-1,-1,-1,-1,9,2,E01018201,0
Unvalidated,2024351440724,2024,351440724,3,19,0,18,1,5,0,0,0,0,0,0,1,1,1,1,57,9,-1,-1,-1,-1,2,1,E01015660,0
Unvalidated,2024351440758,2024,351440758,1,90,0,18,1,5,0,0,0,0,0,0,1,1,5,1,21,5,-1,-1,-1,-1,5,1,E01018273,0
Unvalidated,2024351440758,2024,351440758,2,1,0,18,1,3,0,0,0,0,0,0,4,1,5,1,7,2,-1,-1,-1,-1,9,1,E01032792,0
Unvalidated,2024351440787,2024,351440787,1,9,-1,9,7,5,0,6,0,0,0,0,1,1,6,3,-1,-1,-1,-1,-1,-1,-1,-1,-1,0
Unvalidated,2024351440792,2024,351440792,1,19,0,18,1,6,0,1,0,0,7,11,1,1,6,1,42,7,-1,-1,-1,-1,6,1,E01017616,0
Unvalidated,2024351440792,2024,351440792,2,9,0,18,1,5,0,1,0,0,0,0,2,1,6,2,26,6,-1,-1,-1,-1,-1,2,-1,0
Unvalidated,2024351440792,2024,351440792,3,9,0,18,5,1,0,1,0,0,0,0,1,1,6,2,54,8,-1,-1,-1,-1,4,2,E01018044,0
Unvalidated,2024351440818,2024,351440818,1,9,0,3,2,4,0,1,0,0,0,0,2,1,2,1,48,8,-1,-1,-1,-1,5,3,E01026241,0
Unvalidated,2024351440818,2024,351440818,2,9,0,18,2,4,0,1,0,0,0,0,1,1,2,1,27,6,-1,-1,-1,-1,9,1,E01015681,0
Unvalidated,2024351440837,2024,351440837,1,9,0,18,5,1,0,1,0,0,0,0,1,1,6,3,-1,-1,-1,-1,-1,-1,-1,-1,-1,0
Unvalidated,2024351441042,2024,351441042,1,9,0,7,2,5,0,6,0,0,0,0,1,1,6,1,32,6,-1,-1,-1,-1,10,2,E01018301,0
Unvalidated,2024351441042,2024,351441042,2,9,0,18,8,5,0,8,0,0,0,0,4,1,6,2,28,6,-1,-1,-1,-1,6,1,E01017999,0
Unvalidated,2024351441129,2024,351441129,1,9,0,18,3,7,0,0,0,0,0,0,3,1,6,1,81,11,-1,-1,-1,-1,7,3,E01018011,0
Unvalidated,2024351441129,2024,351441129,2,8,0,18,7,3,0,0,0,0,0,0,3,1,6,1,50,8,-1,-1,-1,-1,10,2,E01018260,0
Unvalidated,2024351441141,2024,351441141,1,9,0,5,3,7,0,0,0,0,0,0,3,1,6,2,43,7,-1,-1,-1,-1,-1,3,-1,0
Unvalidated,2024351441141,2024,351441141,2,9,0,18,3,7,0,0,0,0,0,0,1,1,6,1,77,11,-1,-1,-1,-1,9,3,E01018153,0
Unvalidated,2024351441152,2024,351441152,1,9,0,18,5,1,0,0,0,0,0,0,4,1,6,1,75,10,-1,-1,-1,-1,5,2,E01018158,0
Unvalidated,2024351441152,2024,351441152,2,9,0,18,5,1,0,0,0,0,1,0,4,1,6,1,48,8,-1,-1,-1,-1,5,3,E01018157,0
Unvalidated,2024351441203,2024,351441203,1,9,0,18,6,2,0,3,0,0,0,0,4,1,1,1,30,6,-1,-1,-1,-1,6,2,E01018264,0
Unvalidated,2024351441203,2024,351441203,2,98,0,12,5,2,0,3,0,0,0,0,1,2,1,1,21,5,-1,-1,-1,-1,-1,-1,-1,0
Unvalidated,2024351442039,2024,351442039,1,9,0,-1,-1,-1,-1,-1,-1,-1,-1,0,1,1,6,1,35,6,-1,-1,-1,-1,3,1,E01018072,0
Unvalidated,2024351442039,2024,351442039,2,9,0,5,-1,-1,0,1,1,-1,-1,0,3,1,6,1,47,8,-1,-1,-1,-1,2,1,E01018075,0
Unvalidated,2024351442232,2024,351442232,1,9,0,18,1,4,0,6,0,0,0,0,1,1,3,2,50,8,-1,-1,-1,-1,10,2,E01018301,0
Unvalidated,2024351442232,2024,351442232,2,1,0,18,-1,-1,0,8,0,0,0,0,4,1,2,1,33,6,-1,-1,-1,-1,7,3,E01018300,0
Unvalidated,2024351442496,2024,351442496,1,19,0,3,7,3,0,0,0,0,0,0,1,1,1,1,63,9,-1,-1,-1,-1,6,2,E01018045,0
Unvalidated,2024351442496,2024,351442496,2,20,0,4,7,3,0,0,0,0,0,0,2,1,1,1,72,10,-1,-1,-1,-1,7,1,E01023682,0
Unvalidated,2024351442508,2024,351442508,1,9,-1,18,5,1,0,0,0,0,0,0,1,1,2,1,23,5,-1,-1,-1,-1,5,1,E01015700,0
Unvalidated,2024351442508,2024,351442508,2,9,-1,3,5,1,0,0,1,0,0,0,2,1,2,2,29,6,-1,-1,-1,-1,4,1,E01017505,0
Unvalidated,2024351442553,2024,351442553,1,9,-1,-1,-1,-1,-1,0,-1,-1,-1,0,-1,1,6,1,-1,-1,-1,-1,-1,-1,-1,-1,-1,0
Unvalidated,2024351442553,2024,351442553,2,9,-1,-1,-1,-1,-1,0,-1,-1,-1,0,2,1,5,2,32,6,-1,-1,-1,-1,3,1,E01015615,0
Unvalidated,2024351442559,2024,351442559,1,9,-1,-1,-1,-1,-1,-1,-1,-1,-1,0,-1,1,6,2,26,6,-1,-1,-1,-1,6,3,E01027045,0
Unvalidated,2024351442559,2024,351442559,2,1,-1,-1,-1,-1,-1,-1,-1,-1,-1,0,-1,1,6,1,-1,-1,-1,-1,-1,-1,3,1,E01015640,0
Unvalidated,2024351442582,2024,351442582,1,9,-1,-1,-1,-1,-1,0,-1,-1,-1,0,-1,1,5,2,36,7,-1,-1,-1,-1,5,1,E01029953,0
Unvalidated,2024351442749,2024,351442749,1,9,0,18,5,4,0,4,0,0,0,0,1,1,6,1,86,11,-1,-1,-1,-1,10,2,E01018122,0
Unvalidated,2024351442761,2024,351442761,1,9,0,6,1,1,0,0,0,0,0,0,3,1,6,1,90,11,-1,-1,-1,-1,8,2,E01018236,0
Unvalidated,2024351442761,2024,351442761,2,97,0,13,1,5,0,0,0,0,0,0,1,1,6,1,31,6,-1,-1,-1,-1,6,1,E01017961,0
Unvalidated,2024351442765,2024,351442765,1,9,0,18,4,8,0,8,0,0,0,0,1,1,6,1,50,8,-1,-1,-1,-1,5,2,E01018041,0
Unvalidated,2024351442765,2024,351442765,2,9,0,7,8,4,0,1,0,0,0,0,1,1,6,2,37,7,-1,-1,-1,-1,8,3,E01018297,0
Unvalidated,2024351443031,2024,351443031,1,98,1,16,3,7,0,8,0,99,0,0,3,1,6,1,31,6,-1,-1,-1,-1,5,2,E01026648,0
Unvalidated,2024351443031,2024,351443031,2,8,0,4,5,1,0,8,0,9,0,0,4,1,1,1,44,7,-1,-1,-1,-1,5,1,E01017997,0
Unvalidated,2024351443051,2024,351443051,1,9,0,18,5,1,0,0,0,0,0,0,3,1,6,1,21,5,-1,-1,-1,-1,8,3,E01026200,0
Unvalidated,2024351443051,2024,351443051,2,9,0,18,1,5,0,0,0,0,1,0,4,1,6,1,46,8,-1,-1,-1,-1,-1,3,-1,0
Unvalidated,2024351443051,2024,351443051,3,9,0,18,1,5,0,0,0,0,1,0,3,1,6,2,52,8,-1,-1,-1,-1,4,3,E01015618,0
Unvalidated,2024351443064,2024,351443064,1,98,0,4,1,5,0,0,0,0,0,0,1,1,1,1,52,8,-1,-1,-1,-1,8,1,E01018174,0
Unvalidated,2024351443098,2024,351443098,1,9,0,18,-1,-1,0,1,0,0,0,0,1,1,6,3,-1,-1,-1,-1,-1,-1,-1,-1,-1,0
Unvalidated,2024351443098,2024,351443098,2,9,0,8,-1,-1,0,1,0,0,0,0,2,1,2,2,27,6,-1,-1,-1,-1,5,3,E01018035,0
Unvalidated,2024351443117,2024,351443117,1,9,-1,-1,-1,-1,-1,0,-1,-1,-1,0,-1,1,5,2,20,4,-1,-1,-1,-1,8,2,E01018280,0
Unvalidated,2024351443117,2024,351443117,2,9,0,-1,-1,-1,-1,0,-1,-1,-1,0,-1,1,5,1,32,6,-1,-1,-1,-1,-1,2,-1,0
Unvalidated,2024351443117,2024,351443117,3,9,0,-1,-1,-1,-1,0,-1,-1,-1,0,-1,1,6,3,-1,-1,-1,-1,-1,-1,-1,-1,-1,0
Unvalidated,2024351443246,2024,351443246,1,9,-1,-1,-1,-1,-1,-1,-1,-1,-1,0,-1,1,6,1,-1,-1,-1,-1,-1,-1,-1,-1,-1,0
Unvalidated,2024351443246,2024,351443246,2,1,-1,-1,-1,-1,-1,-1,-1,-1,-1,0,-1,1,5,2,34,6,-1,-1,-1,-1,5,1,E01017949,0
Unvalidated,2024351443518,2024,351443518,1,9,-1,-1,-1,-1,-1,0,-1,-1,-1,0,-1,1,6,2,-1,-1,-1,-1,-1,-1,6,3,E01033179,0
Unvalidated,2024351443518,2024,351443518,2,97,-1,-1,-1,-1,-1,0,-1,-1,-1,0,-1,1,1,1,47,8,-1,-1,-1,-1,6,1,E01015671,0