status,collision_index,collision_year,collision_reference,vehicle_reference,vehicle_type,towing_and_articulation,vehicle_manoeuvre,vehicle_direction_from,vehicle_direction_to,vehicle_location_restricted_lane,junction_location,skidding_and_overturning,hit_object_in_carriageway,vehicle_leaving_carriageway,hit_object_off_carriageway,first_point_of_impact,vehicle_left_hand_drive,journey_purpose_of_driver,sex_of_driver,age_of_driver,age_band_of_driver,engine_capacity_cc,propulsion_code,age_of_vehicle,generic_make_model,driver_imd_decile,driver_home_area_type,lsoa_of_driver,escooter_flag
Unvalidated,2024351443571,2024,351443571,1,8,0,99,-1,-1,0,9,0,99,0,0,0,1,6,3,-1,-1,-1,-1,-1,-1,-1,-1,-1,0
Unvalidated,2024351443571,2024,351443571,2,1,0,99,-1,-1,0,9,0,99,0,0,0,1,2,1,49,8,-1,-1,-1,-1,8,1,E01017987,0
Unvalidated,2024351443588,2024,351443588,1,9,0,5,-1,-1,0,1,0,0,0,0,1,1,6,1,33,6,-1,-1,-1,-1,10,1,E01004114,0
Unvalidated,2024351443588,2024,351443588,2,1,0,18,-1,-1,0,-1,2,0,0,0,4,1,6,2,30,6,-1,-1,-1,-1,5,1,E01017945,0
Unvalidated,2024351443605,2024,351443605,1,5,0,18,6,2,0,0,2,0,7,0,2,1,2,1,42,7,-1,-1,-1,-1,5,1,E01029955,0
Unvalidated,2024351443620,2024,351443620,1,9,0,5,6,4,0,1,0,0,0,0,1,1,5,1,79,11,-1,-1,-1,-1,6,3,E01018271,0
Unvalidated,2024351443620,2024,351443620,2,9,0,18,2,6,0,1,0,0,0,0,1,1,5,1,22,5,-1,-1,-1,-1,10,2,E01018267,0
Unvalidated,2024351443627,2024,351443627,1,1,0,5,-1,-1,0,0,0,0,0,0,1,1,6,1,24,5,-1,-1,-1,-1,8,1,E01017984,0
Unvalidated,2024351443627,2024,351443627,2,9,0,13,-1,-1,0,0,0,0,0,0,3,1,2,1,61,9,-1,-1,-1,-1,8,3,E01018225,0
Unvalidated,2024351443673,2024,351443673,1,9,0,9,3,7,0,8,0,0,0,0,1,1,6,2,51,8,-1,-1,-1,-1,7,3,E01018300,0
Unvalidated,2024351443673,2024,351443673,2,9,0,18,3,7,0,1,1,0,0,0,4,1,6,1,65,9,-1,-1,-1,-1,5,1,E01017972,0
Unvalidated,2024351443677,2024,351443677,1,9,-1,-1,-1,-1,-1,0,-1,-1,-1,0,-1,1,6,3,-1,-1,-1,-1,-1,-1,-1,-1,-1,0
Unvalidated,2024351443936,2024,351443936,1,97,0,18,7,3,0,0,0,0,0,0,1,1,5,1,17,4,-1,-1,-1,-1,6,1,E01017973,0
Unvalidated,2024351443936,2024,351443936,2,23,0,12,7,3,0,0,0,0,0,0,2,1,5,1,17,4,-1,-1,-1,-1,10,3,E01018267,0
Unvalidated,2024351443938,2024,351443938,1,98,0,18,5,1,0,0,0,0,0,0,1,1,1,1,29,6,-1,-1,-1,-1,5,1,E01027145,0
Unvalidated,2024351443938,2024,351443938,2,9,0,4,5,1,0,0,0,0,0,0,2,1,2,2,20,4,-1,-1,-1,-1,5,1,E01017974,0
Unvalidated,2024351443938,2024,351443938,3,98,0,4,5,1,0,0,0,0,0,0,2,1,1,1,51,8,-1,-1,-1,-1,7,3,E01018300,0
Unvalidated,2024351443938,2024,351443938,4,98,1,4,5,1,0,0,0,0,0,0,0,1,1,1,30,6,-1,-1,-1,-1,6,2,E01018042,0
Unvalidated,2024351443938,2024,351443938,5,9,0,4,5,3,0,0,0,0,0,0,0,1,6,2,19,4,-1,-1,-1,-1,9,3,E01018054,0
Unvalidated,2024351443940,2024,351443940,1,9,0,18,5,3,0,3,0,0,0,0,4,1,1,1,35,6,-1,-1,-1,-1,10,2,E01026364,0
Unvalidated,2024351443940,2024,351443940,2,9,0,5,2,5,0,3,0,0,0,0,1,1,6,1,59,9,-1,-1,-1,-1,7,1,E01018058,0
Unvalidated,2024351443956,2024,351443956,1,9,0,9,1,7,0,8,0,0,0,0,3,1,5,2,68,10,-1,-1,-1,-1,10,2,E01018234,0
Unvalidated,2024351443956,2024,351443956,2,9,0,18,7,3,0,1,0,0,7,1,1,1,5,1,37,7,-1,-1,-1,-1,10,2,E01018301,0
Unvalidated,2024351443983,2024,351443983,1,9,0,5,5,3,0,4,0,0,0,0,3,1,6,1,20,4,-1,-1,-1,-1,3,1,E01015640,0
Unvalidated,2024351443983,2024,351443983,2,9,0,18,3,7,0,8,0,0,0,0,1,1,6,2,83,11,-1,-1,-1,-1,7,1,E01015686,0
Unvalidated,2024351444025,2024,351444025,1,9,-1,-1,-1,-1,-1,0,-1,-1,-1,0,-1,1,6,3,-1,-1,-1,-1,-1,-1,-1,-1,-1,0
Unvalidated,2024351444025,2024,351444025,2,98,-1,-1,-1,-1,-1,0,-1,-1,-1,0,2,1,6,1,63,9,-1,-1,-1,-1,10,2,E01026537,0
Unvalidated,2024351444063,2024,351444063,1,9,0,5,2,6,0,6,0,0,0,0,3,1,6,1,78,11,-1,-1,-1,-1,7,3,W01000005,0
Unvalidated,2024351444063,2024,351444063,2,9,0,18,8,4,0,8,0,0,0,0,1,1,6,2,20,4,-1,-1,-1,-1,6,1,E01030143,0
Unvalidated,2024351444068,2024,351444068,1,9,0,18,2,4,0,1,0,0,0,0,1,1,6,1,22,5,-1,-1,-1,-1,6,1,E01026349,0
Unvalidated,2024351444068,2024,351444068,2,9,0,18,3,6,0,3,0,0,0,0,1,1,1,1,-1,-1,-1,-1,-1,-1,6,1,E01018151,0
Unvalidated,2024351444068,2024,351444068,3,9,0,18,3,1,0,3,0,0,0,0,1,1,1,1,35,6,-1,-1,-1,-1,6,1,E01018151,0
Unvalidated,2024351444068,2024,351444068,4,9,0,18,3,8,0,3,0,0,0,0,1,1,1,1,32,6,-1,-1,-1,-1,6,1,E01018151,0
Unvalidated,2024351444068,2024,351444068,5,9,0,18,3,8,0,3,0,0,0,0,1,1,1,1,37,7,-1,-1,-1,-1,6,1,E01018151,0
Unvalidated,2024351444985,2024,351444985,1,3,0,18,7,1,0,2,1,7,1,0,4,1,6,2,21,5,-1,-1,-1,-1,4,2,E01018044,0
Unvalidated,2024351445042,2024,351445042,1,9,0,18,7,2,0,1,0,0,0,0,1,1,1,1,32,6,-1,-1,-1,-1,3,3,E01018090,0
Unvalidated,2024351445042,2024,351445042,2,19,0,9,8,6,0,1,0,0,0,0,3,1,1,1,59,9,-1,-1,-1,-1,4,1,E01018077,0
Unvalidated,2024351445049,2024,351445049,1,9,0,18,1,3,0,3,0,0,0,0,2,1,6,2,32,6,-1,-1,-1,-1,2,1,E01015657,0
Unvalidated,2024351445049,2024,351445049,2,9,0,18,1,3,0,3,0,0,0,0,1,1,6,1,42,7,-1,-1,-1,-1,3,1,E01018081,0
Unvalidated,2024351445121,2024,351445121,1,9,0,9,5,2,0,0,0,0,0,0,1,1,6,2,66,10,-1,-1,-1,-1,6,3,E01018053,0
Unvalidated,2024351445121,2024,351445121,2,9,0,9,4,2,0,0,0,0,0,0,3,1,6,2,26,6,-1,-1,-1,-1,9,2,E01018038,0
Unvalidated,2024351445155,2024,351445155,1,11,0,18,7,3,0,2,0,0,0,0,1,1,1,1,19,4,-1,-1,-1,-1,8,2,E01018223,0
Unvalidated,2024351445155,2024,351445155,2,19,0,3,7,3,0,2,0,0,0,0,2,1,1,1,69,10,-1,-1,-1,-1,8,3,E01018223,0
Unvalidated,2024351445192,2024,351445192,1,9,0,5,4,8,0,1,0,0,0,0,1,1,6,1,32,6,-1,-1,-1,-1,4,1,E01015676,0
Unvalidated,2024351445192,2024,351445192,2,9,0,5,4,8,0,1,0,0,0,0,2,1,3,2,34,6,-1,-1,-1,-1,5,3,E01033180,0
Unvalidated,2024351445390,2024,351445390,1,9,-1,-1,-1,-1,-1,0,-1,-1,-1,0,-1,1,6,1,-1,-1,-1,-1,-1,-1,-1,-1,-1,0
Unvalidated,2024351445390,2024,351445390,2,1,-1,-1,-1,-1,-1,0,-1,-1,-1,0,-1,1,2,1,21,5,-1,-1,-1,-1,8,1,E01017984,0
Unvalidated,2024351445407,2024,351445407,1,9,-1,-1,-1,-1,-1,-1,-1,-1,-1,0,-1,1,6,1,-1,-1,-1,-1,-1,-1,-1,-1,-1,0
Unvalidated,2024351445407,2024,351445407,2,90,-1,-1,-1,-1,-1,-1,-1,-1,-1,0,-1,1,5,1,18,4,-1,-1,-1,-1,2,1,E01015654,0
Unvalidated,2024351445446,2024,351445446,1,9,0,7,5,7,0,6,0,0,0,0,1,1,3,2,51,8,-1,-1,-1,-1,1,1,E01015642,0
Unvalidated,2024351445448,2024,351445448,1,8,-1,-1,-1,-1,-1,0,-1,-1,-1,0,-1,1,1,1,30,6,-1,-1,-1,-1,8,1,E01017983,0
Unvalidated,2024351445448,2024,351445448,2,1,-1,-1,-1,-1,-1,0,-1,-1,-1,0,-1,1,6,2,21,5,-1,-1,-1,-1,7,1,E01028818,0
Unvalidated,2024351445534,2024,351445534,1,9,0,18,7,3,0,0,0,0,1,9,1,1,6,1,-1,-1,-1,-1,-1,-1,-1,-1,-1,0
Unvalidated,2024351445534,2024,351445534,2,9,0,18,7,3,0,0,0,0,1,9,2,1,6,1,64,9,-1,-1,-1,-1,7,3,E01013787,0
Unvalidated,2024351445584,2024,351445584,1,9,0,10,7,3,0,1,0,0,0,0,2,1,6,1,41,7,-1,-1,-1,-1,10,2,E01018245,0
Unvalidated,2024351445584,2024,351445584,2,9,0,18,3,7,0,1,0,0,0,0,1,1,6,1,18,4,-1,-1,-1,-1,10,1,E01023454,0
Unvalidated,2024351445605,2024,351445605,1,9,0,16,5,1,0,0,0,0,7,0,1,1,6,3,37,7,-1,-1,-1,-1,5,3,E01018049,0
Unvalidated,2024351445605,2024,351445605,2,9,0,17,1,5,0,0,0,0,1,0,1,1,6,1,69,10,-1,-1,-1,-1,9,1,E01030560,0
Unvalidated,2024351445855,2024,351445855,1,9,0,18,4,3,0,3,0,0,0,0,3,1,6,1,31,6,-1,-1,-1,-1,6,1,E01026272,0
Unvalidated,2024351445855,2024,351445855,2,9,0,18,4,7,0,3,0,0,0,0,1,1,1,2,36,7,-1,-1,-1,-1,9,1,E01015689,0
Unvalidated,2024351446151,2024,351446151,1,9,0,18,5,1,0,7,0,0,0,0,1,1,6,1,29,6,-1,-1,-1,-1,7,1,E01018168,0
Unvalidated,2024351446151,2024,351446151,2,19,0,18,3,7,0,1,0,0,8,9,1,1,1,1,36,7,-1,-1,-1,-1,9,1,E01018181,0
Unvalidated,2024351446305,2024,351446305,1,9,0,18,7,3,0,0,0,0,0,0,1,1,6,2,79,11,-1,-1,-1,-1,4,1,E01018184,0
Unvalidated,2024351447093,2024,351447093,1,98,1,18,1,3,0,3,0,0,0,0,1,2,1,1,44,7,-1,-1,-1,-1,-1,-1,-1,0
Unvalidated,2024351447093,2024,351447093,2,9,0,18,1,3,0,3,0,0,0,0,2,1,5,2,59,9,-1,-1,-1,-1,4,1,E01015614,0
Unvalidated,2024351447161,2024,351447161,1,9,-1,-1,-1,-1,-1,0,-1,-1,-1,0,-1,1,6,2,-1,-1,-1,-1,-1,-1,-1,-1,-1,0
Unvalidated,2024351447161,2024,351447161,2,1,-1,-1,-1,-1,-1,0,-1,-1,-1,0,3,1,5,1,23,5,-1,-1,-1,-1,7,3,E01026897,0
Unvalidated,2024351447223,2024,351447223,1,9,0,18,7,1,0,0,0,0,2,0,1,1,1,1,27,6,-1,-1,-1,-1,10,2,E01018306,0
Unvalidated,2024351447605,2024,351447605,1,9,0,18,3,7,0,8,0,0,7,9,1,1,6,1,51,8,-1,-1,-1,-1,-1,-1,-1,0
Unvalidated,2024351447605,2024,351447605,2,9,0,18,5,1,0,1,0,0,1,9,1,1,6,1,55,8,-1,-1,-1,-1,10,3,E01018204,0
Unvalidated,2024351447669,2024,351447669,1,9,0,18,8,3,0,8,0,7,0,0,1,1,5,1,33,6,-1,-1,-1,-1,9,1,E01026519,0
Unvalidated,2024351447669,2024,351447669,2,9,0,9,2,8,0,6,0,0,0,0,2,1,5,2,34,6,-1,-1,-1,-1,-1,-1,-1,0
Unvalidated,2024351447676,2024,351447676,1,9,0,9,7,5,0,8,0,0,0,0,1,1,1,1,38,7,-1,-1,-1,-1,10,2,E01018222,0
Unvalidated,2024351447676,2024,351447676,2,1,0,3,0,8,0,1,0,0,0,0,1,1,1,1,42,7,-1,-1,-1,-1,3,1,E01017978,0
Unvalidated,2024351447726,2024,351447726,1,9,0,7,1,7,0,5,0,0,1,1,1,1,6,3,49,8,-1,-1,-1,-1,10,3,E01033114,0
Unvalidated,2024351448805,2024,351448805,1,3,0,18,7,3,0,0,0,4,0,0,4,1,5,1,19,4,-1,-1,-1,-1,6,1,E01017962,0
Unvalidated,2024351448805,2024,351448805,2,9,0,2,0,0,0,0,0,0,0,0,3,1,6,3,-1,-1,-1,-1,-1,-1,-1,-1,-1,0
Unvalidated,2024351448805,2024,351448805,3,9,0,2,0,0,0,0,0,0,0,0,2,1,6,3,-1,-1,-1,-1,-1,-1,-1,-1,-1,0
Unvalidated,2024351448870,2024,351448870,1,1,-1,-1,-1,-1,-1,0,-1,-1,-1,0,-1,1,6,3,-1,-1,-1,-1,-1,-1,-1,-1,-1,0
Unvalidated,2024351448870,2024,351448870,2,1,-1,-1,-1,-1,-1,0,-1,-1,-1,0,-1,1,2,2,55,8,-1,-1,-1,-1,8,2,E01018257,0
Unvalidated,2024351448949,2024,351448949,1,9,-1,-1,-1,-1,-1,-1,-1,-1,-1,0,4,1,6,1,31,6,-1,-1,-1,-1,-1,1,-1,0
Unvalidated,2024351448949,2024,351448949,2,9,-1,-1,-1,-1,-1,-1,-1,-1,-1,0,1,1,6,2,46,8,-1,-1,-1,-1,5,3,E01026285,0
Unvalidated,2024351448949,2024,351448949,3,98,-1,-1,-1,-1,-1,-1,-1,-1,-1,0,1,1,1,1,59,9,-1,-1,-1,-1,9,3,E01027048,0
Unvalidated,2024351448986,2024,351448986,1,19,0,3,4,8,0,1,0,0,0,0,1,1,1,1,-1,-1,-1,-1,-1,-1,-1,-1,-1,0
Unvalidated,2024351448986,2024,351448986,2,9,0,3,4,8,0,1,0,0,0,0,2,1,2,2,43,7,-1,-1,-1,-1,5,1,E01017991,0
Unvalidated,2024351449009,2024,351449009,1,98,1,9,3,7,0,0,0,0,0,0,3,2,1,1,45,7,-1,-1,-1,-1,-1,-1,-1,0
Unvalidated,2024351449009,2024,351449009,2,9,0,18,3,7,0,0,1,0,1,11,4,1,5,2,73,10,-1,-1,-1,-1,10,2,E01018222,0
Unvalidated,2024351449271,2024,351449271,1,9,0,18,8,5,0,0,0,0,0,0,4,1,6,1,31,6,-1,-1,-1,-1,5,2,E01018047,0
Unvalidated,2024351449271,2024,351449271,2,9,0,2,0,0,0,0,0,0,0,0,3,1,6,3,-1,-1,-1,-1,-1,-1,-1,-1,-1,0
Unvalidated,2024351449271,2024,351449271,3,9,0,2,0,0,0,0,0,0,0,0,3,1,6,2,54,8,-1,-1,-1,-1,6,2,E01018052,0
Unvalidated,2024351449285,2024,351449285,1,4,0,18,5,1,0,1,0,10,1,0,1,1,6,1,20,4,-1,-1,-1,-1,6,2,E01018042,0
Unvalidated,2024351449484,2024,351449484,1,9,-1,-1,-1,-1,-1,0,-1,-1,-1,0,-1,1,6,1,-1,-1,-1,-1,-1,-1,2,1,E01015612,0
Unvalidated,2024351449484,2024,351449484,2,1,-1,-1,-1,-1,-1,0,-1,-1,-1,0,3,1,2,1,36,7,-1,-1,-1,-1,2,1,E01015608,0
Unvalidated,2024351449845,2024,351449845,1,20,0,4,3,7,0,8,0,0,0,0,1,1,1,1,49,8,-1,-1,-1,-1,7,3,E01018065,0
Unvalidated,2024351449845,2024,351449845,2,9,0,18,5,3,0,8,0,0,1,0,3,1,6,2,29,6,-1,-1,-1,-1,-1,1,-1,0
Unvalidated,2024351449961,2024,351449961,1,9,-1,-1,-1,-1,-1,0,-1,-1,-1,0,-1,1,5,2,23,5,-1,-1,-1,-1,9,1,E01018032,0
Unvalidated,2024351449961,2024,351449961,2,9,-1,-1,-1,-1,-1,0,-1,-1,-1,0,-1,1,6,1,-1,-1,-1,-1,-1,-1,10,3,E01033114,0
Unvalidated,2024351449988,2024,351449988,1,9,0,7,8,2,0,0,0,0,0,0,1,1,6,2,54,8,-1,-1,-1,-1,8,1,E01017956,0
Unvalidated,2024351449988,2024,351449988,2,3,0,18,4,8,4,0,0,0,0,0,1,1,6,1,28,6,-1,-1,-1,-1,6,1,E01018005,0
Unvalidated,2024351450145,2024,351450145,1,9,-1,-1,-1,-1,-1,0,-1,-1,-1,0,-1,1,6,1,25,5,-1,-1,-1,-1,1,1,E01012195,0
Unvalidated,2024351450145,2024,351450145,2,9,-1,-1,-1,-1,-1,0,-1,-1,-1,0,-1,1,6,2,25,5,-1,-1,-1,-1,9,1,E01021383,0
Unvalidated,2024351450174,2024,351450174,1,9,0,9,5,3,0,6,0,0,0,0,3,1,6,1,57,9,-1,-1,-1,-1,6,1,E01018151,0
Unvalidated,2024351450174,2024,351450174,2,9,0,18,3,7,0,8,0,0,0,0,1,1,5,1,54,8,-1,-1,-1,-1,2,1,E01018144,0
Unvalidated,2024351450216,2024,351450216,1,9,-1,-1,-1,-1,-1,-1,-1,-1,-1,0,-1,1,6,1,41,7,-1,-1,-1,-1,9,1,E01018173,0
Unvalidated,2024351450216,2024,351450216,2,9,-1,-1,-1,-1,-1,-1,-1,-1,-1,0,-1,1,1,1,72,10,-1,-1,-1,-1,10,2,E01018245,0
Unvalidated,2024351450260,2024,351450260,1,9,0,18,6,7,0,1,0,0,0,0,1,1,6,1,86,11,-1,-1,-1,-1,10,3,E01018040,0
Unvalidated,2024351450260,2024,351450260,2,9,0,2,0,0,0,1,0,0,0,0,3,1,6,2,74,10,-1,-1,-1,-1,-1,-1,-1,0
Unvalidated,2024351451151,2024,351451151,1,9,-1,5,3,7,0,4,0,0,0,0,1,1,6,2,59,9,-1,-1,-1,-1,7,1,E01000384,0
Unvalidated,2024351451151,2024,351451151,2,1,0,18,1,5,0,1,0,0,0,0,4,1,2,2,53,8,-1,-1,-1,-1,9,1,E01017968,0
Unvalidated,2024351451172,2024,351451172,1,9,0,18,5,1,0,1,0,0,0,0,1,1,6,2,25,5,-1,-1,-1,-1,6,1,E01015653,0
Unvalidated,2024351451172,2024,351451172,2,90,0,18,1,5,0,1,0,0,0,0,1,1,6,1,15,3,-1,-1,-1,-1,2,1,E01015633,0
Unvalidated,2024351451217,2024,351451217,1,98,-1,-1,-1,-1,-1,-1,-1,-1,-1,0,-1,1,6,1,-1,-1,-1,-1,-1,-1,-1,-1,-1,0
Unvalidated,2024351451235,2024,351451235,1,9,0,18,5,1,0,0,1,0,7,0,2,1,1,2,25,5,-1,-1,-1,-1,6,3,E01018126,0
Unvalidated,2024351451537,2024,351451537,1,98,0,1,3,7,0,0,0,0,0,0,2,1,1,1,38,7,-1,-1,-1,-1,3,1,E01016721,0
Unvalidated,2024351451542,2024,351451542,1,9,0,7,8,3,0,8,0,0,0,0,-1,1,6,2,25,5,-1,-1,-1,-1,-1,-1,-1,0
Unvalidated,2024351451542,2024,351451542,2,1,0,18,1,4,4,8,5,0,0,0,1,1,5,1,35,6,-1,-1,-1,-1,5,1,E01017945,0
Unvalidated,2024351451621,2024,351451621,1,9,0,9,8,4,0,1,0,0,7,0,1,1,5,1,47,8,-1,-1,-1,-1,8,3,E01033119,0
Unvalidated,2024351451621,2024,351451621,2,90,0,18,4,8,0,8,0,0,0,0,2,1,6,1,15,3,-1,-1,-1,-1,8,3,E01033115,0
Unvalidated,2024351451925,2024,351451925,1,98,0,9,2,7,0,8,0,0,0,0,1,1,2,1,45,7,-1,-1,-1,-1,6,1,E01017973,0
Unvalidated,2024351451925,2024,351451925,2,1,0,18,6,2,0,1,0,0,0,0,4,1,3,2,26,6,-1,-1,-1,-1,8,1,E01017956,0
Unvalidated,2024351451977,2024,351451977,1,9,0,18,5,1,0,0,0,0,0,0,1,1,5,2,28,6,-1,-1,-1,-1,10,2,E01018256,0
Unvalidated,2024351451977,2024,351451977,2,9,0,18,5,1,0,0,0,0,0,0,2,1,5,2,66,10,-1,-1,-1,-1,8,2,E01021150,0
Unvalidated,2024351451987,2024,351451987,1,9,0,9,8,2,0,0,0,0,0,0,1,1,1,2,24,5,-1,-1,-1,-1,9,1,E01018161,0
Unvalidated,2024351451987,2024,351451987,2,9,0,17,2,8,0,0,0,0,0,0,1,1,2,2,45,7,-1,-1,-1,-1,8,2,E01018276,0
Unvalidated,2024351452008,2024,351452008,1,97,0,13,8,4,0,1,0,0,0,0,1,1,6,1,42,7,-1,-1,-1,-1,9,1,E01018181,0
Unvalidated,2024351452008,2024,351452008,2,9,0,9,8,4,0,8,0,0,0,0,2,1,2,1,31,6,-1,-1,-1,-1,9,2,E01018154,0
Unvalidated,2024351452016,2024,351452016,1,5,0,13,6,2,0,1,0,0,0,0,1,1,6,1,27,6,-1,-1,-1,-1,8,1,E01017983,0
Unvalidated,2024351452016,2024,351452016,2,9,0,9,6,4,0,8,0,0,0,0,3,1,6,1,51,8,-1,-1,-1,-1,8,3,E01018225,0
Unvalidated,2024351452041,2024,351452041,1,98,0,10,6,3,0,1,0,0,0,0,1,1,2,1,49,8,-1,-1,-1,-1,8,2,E01030121,0
Unvalidated,2024351452041,2024,351452041,2,9,0,18,2,6,0,1,0,0,0,0,1,1,5,2,64,9,-1,-1,-1,-1,6,2,E01018052,0
Unvalidated,2024351452080,2024,351452080,1,9,0,12,3,6,0,0,0,0,1,3,3,1,5,2,59,9,-1,-1,-1,-1,5,2,E01018213,0
Unvalidated,2024351452080,2024,351452080,2,9,0,18,3,6,0,0,0,0,1,0,4,1,5,2,69,10,-1,-1,-1,-1,5,1,E01015688,0
Unvalidated,2024351452082,2024,351452082,1,9,0,18,5,1,0,0,0,0,1,0,4,1,5,1,60,9,-1,-1,-1,-1,3,3,E01018097,0
Unvalidated,2024351452082,2024,351452082,2,98,0,2,0,0,0,0,0,0,0,0,4,1,6,3,-1,-1,-1,-1,-1,-1,-1,-1,-1,0
Unvalidated,2024351452098,2024,351452098,1,9,0,5,8,4,0,0,0,0,0,0,4,1,6,1,25,5,-1,-1,-1,-1,7,2,E01026257,0
Unvalidated,2024351452116,2024,351452116,1,5,0,13,5,2,0,0,0,0,0,0,3,1,6,1,46,8,-1,-1,-1,-1,2,1,E01017490,0
Unvalidated,2024351452116,2024,351452116,2,9,0,18,8,4,0,0,0,0,0,0,3,1,6,2,41,7,-1,-1,-1,-1,10,1,E01026356,0
Unvalidated,2024351452364,2024,351452364,1,9,0,18,1,5,0,1,0,0,0,0,1,1,1,1,28,6,-1,-1,-1,-1,8,1,E01023656,0
Unvalidated,2024351452364,2024,351452364,2,9,0,9,7,5,0,6,0,0,0,0,4,1,5,2,46,8,-1,-1,-1,-1,10,1,E01018176,0
Unvalidated,2024351452435,2024,351452435,1,9,0,5,7,3,0,6,0,0,0,0,3,1,6,1,80,11,-1,-1,-1,-1,9,3,E01018296,0
Unvalidated,2024351452435,2024,351452435,2,9,0,18,5,1,0,1,0,0,0,0,1,1,6,2,32,6,-1,-1,-1,-1,9,1,E01030107,0
Unvalidated,2024351452465,2024,351452465,1,9,0,5,1,7,0,1,0,0,0,0,1,1,1,1,30,6,-1,-1,-1,-1,-1,-1,-1,0
Unvalidated,2024351452465,2024,351452465,2,1,0,18,7,3,0,1,0,0,0,0,1,1,6,2,33,6,-1,-1,-1,-1,3,1,E01017971,0
Unvalidated,2024351452470,2024,351452470,1,9,-1,-1,-1,-1,-1,-1,-1,-1,-1,0,-1,1,6,1,-1,-1,-1,-1,-1,-1,-1,-1,-1,0
Unvalidated,2024351452470,2024,351452470,2,9,-1,-1,-1,-1,-1,-1,-1,-1,-1,0,1,1,5,2,42,7,-1,-1,-1,-1,4,1,E01002001,0
Unvalidated,2024351452515,2024,351452515,1,9,0,4,5,1,0,0,0,0,0,0,1,1,6,2,55,8,-1,-1,-1,-1,3,1,E01017515,0
Unvalidated,2024351452515,2024,351452515,2,9,0,4,5,1,0,0,0,0,0,0,1,1,6,1,29,6,-1,-1,-1,-1,9,1,E01018172,0
Unvalidated,2024351452539,2024,351452539,1,9,0,18,8,4,0,0,0,0,0,0,1,1,5,1,33,6,-1,-1,-1,-1,-1,-1,-1,0
Unvalidated,2024351452539,2024,351452539,2,9,0,18,8,4,0,0,0,0,0,0,1,1,5,2,60,9,-1,-1,-1,-1,-1,-1,-1,0
Unvalidated,2024351452552,2024,351452552,1,9,0,18,7,3,6,0,0,4,0,0,1,1,5,1,29,6,-1,-1,-1,-1,2,1,E01018078,0
Unvalidated,2024351452552,2024,351452552,2,21,1,2,0,0,6,0,0,0,0,0,2,1,6,1,32,6,-1,-1,-1,-1,4,2,E01026743,0
Unvalidated,2024351452566,2024,351452566,1,9,0,9,5,8,0,6,0,0,0,0,4,1,2,1,29,6,-1,-1,-1,-1,9,3,E01018254,0
Unvalidated,2024351452566,2024,351452566,2,5,0,18,2,6,0,8,0,0,0,0,4,1,2,1,30,6,-1,-1,-1,-1,7,2,E01018269,0
Unvalidated,2024351452608,2024,351452608,1,9,0,2,0,0,6,0,0,0,0,0,3,1,6,3,-1,-1,-1,-1,-1,-1,-1,-1,-1,0
Unvalidated,2024351452608,2024,351452608,2,1,0,14,4,8,4,0,5,4,7,0,3,1,2,2,53,8,-1,-1,-1,-1,10,2,E01018234,0
Unvalidated,2024351452789,2024,351452789,1,9,0,18,3,6,0,0,0,0,7,0,4,1,6,1,19,4,-1,-1,-1,-1,3,1,E01015624,0
Unvalidated,2024351452791,2024,351452791,1,9,0,18,6,2,0,0,0,0,1,4,1,1,5,2,59,9,-1,-1,-1,-1,8,3,E01018223,0
Unvalidated,2024351452804,2024,351452804,1,9,-1,-1,-1,-1,-1,0,-1,-1,-1,0,-1,1,6,2,-1,-1,-1,-1,-1,-1,-1,-1,-1,0
Unvalidated,2024351452804,2024,351452804,2,97,0,18,6,3,0,0,2,0,0,0,2,1,6,1,36,7,-1,-1,-1,-1,8,2,E01018132,0
Unvalidated,2024351452904,2024,351452904,1,9,0,18,4,8,0,1,0,0,0,0,1,1,6,1,44,7,-1,-1,-1,-1,8,1,E01032996,0
Unvalidated,2024351452904,2024,351452904,2,98,0,3,4,8,0,1,0,0,0,0,2,1,2,1,71,10,-1,-1,-1,-1,1,1,E01015658,0
Unvalidated,2024351452914,2024,351452914,1,9,0,12,1,5,0,0,0,0,0,0,2,1,2,2,55,8,-1,-1,-1,-1,7,2,E01018192,0
Unvalidated,2024351452914,2024,351452914,2,9,0,14,1,5,0,0,0,0,0,0,2,1,2,1,20,4,-1,-1,-1,-1,7,1,E01015686,0
Unvalidated,2024351452924,2024,351452924,1,3,0,3,8,4,0,1,0,0,7,0,1,1,6,1,30,6,-1,-1,-1,-1,8,1,E01018286,0
Unvalidated,2024351452924,2024,351452924,2,9,0,9,8,4,0,5,0,0,7,0,3,1,6,2,25,5,-1,-1,-1,-1,2,1,E01017946,0
Unvalidated,2024351452961,2024,351452961,1,9,0,16,8,5,0,0,0,0,0,0,1,1,5,2,30,6,-1,-1,-1,-1,10,2,E01018305,0
Unvalidated,2024351452961,2024,351452961,2,9,0,17,5,8,0,0,0,0,0,0,1,1,1,1,28,6,-1,-1,-1,-1,6,1,E01017962,0
Unvalidated,2024351453867,2024,351453867,1,4,0,18,5,1,0,0,0,0,0,0,1,1,2,1,24,5,-1,-1,-1,-1,9,3,E01022099,0
Unvalidated,2024351453867,2024,351453867,2,9,0,9,7,5,0,0,0,0,0,0,1,1,2,2,44,7,-1,-1,-1,-1,8,3,E01018289,0
Unvalidated,2024351453877,2024,351453877,1,9,0,18,1,5,0,0,0,0,0,0,1,1,6,1,-1,-1,-1,-1,-1,-1,5,1,E01030141,0