status,collision_index,collision_year,collision_reference,vehicle_reference,vehicle_type,towing_and_articulation,vehicle_manoeuvre,vehicle_direction_from,vehicle_direction_to,vehicle_location_restricted_lane,junction_location,skidding_and_overturning,hit_object_in_carriageway,vehicle_leaving_carriageway,hit_object_off_carriageway,first_point_of_impact,vehicle_left_hand_drive,journey_purpose_of_driver,sex_of_driver,age_of_driver,age_band_of_driver,engine_capacity_cc,propulsion_code,age_of_vehicle,generic_make_model,driver_imd_decile,driver_home_area_type,lsoa_of_driver,escooter_flag
Unvalidated,2024351453877,2024,351453877,2,9,0,3,1,5,0,0,0,0,0,0,2,1,2,2,45,7,-1,-1,-1,-1,8,3,E01033119,0
Unvalidated,2024351453887,2024,351453887,1,9,-1,-1,-1,-1,-1,-1,-1,-1,-1,0,-1,1,5,1,58,9,-1,-1,-1,-1,5,1,E01030106,0
Unvalidated,2024351453887,2024,351453887,2,1,-1,-1,-1,-1,-1,-1,-1,-1,-1,0,4,1,6,2,30,6,-1,-1,-1,-1,6,2,E01018264,0
Unvalidated,2024351453907,2024,351453907,1,19,0,9,3,1,0,1,0,0,0,0,1,1,1,1,26,6,-1,-1,-1,-1,4,1,E01026982,0
Unvalidated,2024351453907,2024,351453907,2,9,0,18,1,6,0,2,0,0,0,0,1,1,5,2,79,11,-1,-1,-1,-1,2,1,E01015608,0
Unvalidated,2024351454382,2024,351454382,1,9,0,-1,-1,-1,-1,-1,-1,-1,-1,0,1,1,6,2,43,7,-1,-1,-1,-1,3,1,E01017977,0
Unvalidated,2024351454382,2024,351454382,2,1,0,-1,-1,-1,-1,-1,-1,-1,-1,0,1,1,5,1,34,6,-1,-1,-1,-1,3,1,E01017975,0
Unvalidated,2024351454707,2024,351454707,1,19,0,18,1,5,0,0,0,0,1,0,1,1,6,1,45,7,-1,-1,-1,-1,10,1,E01026307,0
Unvalidated,2024351454717,2024,351454717,1,8,-1,10,-1,-1,0,6,0,0,0,0,-1,1,1,1,30,6,-1,-1,-1,-1,4,1,E01015622,0
Unvalidated,2024351454717,2024,351454717,2,1,0,18,-1,-1,0,8,5,-1,-1,0,4,1,2,2,25,5,-1,-1,-1,-1,4,1,E01026345,0
Unvalidated,2024351454731,2024,351454731,1,9,0,4,7,3,0,4,0,0,0,0,1,1,6,2,28,6,-1,-1,-1,-1,1,1,E01015600,0
Unvalidated,2024351454731,2024,351454731,2,1,-1,9,3,1,0,8,0,0,0,0,2,1,5,1,25,5,-1,-1,-1,-1,2,1,E01015654,0
Unvalidated,2024351454739,2024,351454739,1,19,0,7,1,3,5,5,0,0,1,0,4,1,1,1,30,6,-1,-1,-1,-1,4,3,E01018060,0
Unvalidated,2024351454739,2024,351454739,2,1,0,18,1,5,5,1,0,0,0,0,1,1,2,1,19,4,-1,-1,-1,-1,-1,-1,-1,0
Unvalidated,2024351454849,2024,351454849,1,1,0,18,1,3,0,1,5,11,0,0,1,1,5,1,56,9,-1,-1,-1,-1,10,1,E01018176,0
Unvalidated,2024351455208,2024,351455208,1,8,-1,-1,-1,-1,-1,0,-1,-1,-1,0,-1,1,6,1,51,8,-1,-1,-1,-1,1,1,E01015604,0
Unvalidated,2024351455208,2024,351455208,2,9,-1,-1,-1,-1,-1,0,-1,-1,-1,0,-1,1,1,2,40,7,-1,-1,-1,-1,6,2,E01015620,0
Unvalidated,2024351455208,2024,351455208,3,19,-1,-1,-1,-1,-1,0,-1,-1,-1,0,-1,1,6,1,-1,-1,-1,-1,-1,-1,-1,-1,-1,0
Unvalidated,2024351455234,2024,351455234,1,9,0,5,5,1,0,8,1,0,0,0,3,1,5,2,18,4,-1,-1,-1,-1,8,1,E01018129,0
Unvalidated,2024351455234,2024,351455234,2,9,0,17,3,7,0,1,0,0,0,0,1,1,5,1,54,8,-1,-1,-1,-1,6,1,E01018170,0
Unvalidated,2024351455248,2024,351455248,1,21,1,11,3,7,0,0,0,0,0,0,3,1,1,1,42,7,-1,-1,-1,-1,7,2,E01025618,0
Unvalidated,2024351455248,2024,351455248,2,9,0,18,3,7,0,0,-1,0,0,0,4,1,5,1,36,7,-1,-1,-1,-1,7,3,E01027782,0
Unvalidated,2024351455298,2024,351455298,1,9,0,18,5,1,0,8,0,4,3,10,1,1,1,2,52,8,-1,-1,-1,-1,6,1,E01018190,0
Unvalidated,2024351455298,2024,351455298,2,9,0,2,0,0,9,2,0,0,0,0,4,1,1,1,46,8,-1,-1,-1,-1,7,2,E01017416,0
Unvalidated,2024351455298,2024,351455298,3,9,0,2,0,0,9,2,0,0,0,0,3,1,1,2,42,7,-1,-1,-1,-1,10,2,E01018118,0
Unvalidated,2024351455556,2024,351455556,1,-1,-1,-1,-1,-1,-1,-1,-1,-1,-1,0,-1,1,6,3,-1,-1,-1,-1,-1,-1,-1,-1,-1,0
Unvalidated,2024351455556,2024,351455556,2,97,-1,-1,-1,-1,-1,-1,-1,-1,-1,0,4,1,2,1,47,8,-1,-1,-1,-1,6,3,E01018207,0
Unvalidated,2024351455682,2024,351455682,1,9,0,2,0,0,0,0,0,0,0,0,3,1,6,1,30,6,-1,-1,-1,-1,10,1,E01022075,0
Unvalidated,2024351455682,2024,351455682,2,1,0,18,2,6,0,0,0,0,0,0,4,1,2,2,30,6,-1,-1,-1,-1,5,1,E01018009,0
Unvalidated,2024351455688,2024,351455688,1,1,0,-1,-1,-1,-1,0,-1,-1,-1,0,-1,1,6,1,-1,-1,-1,-1,-1,-1,-1,-1,-1,0
Unvalidated,2024351455688,2024,351455688,2,9,0,-1,-1,-1,-1,0,-1,-1,-1,0,-1,1,5,2,32,6,-1,-1,-1,-1,8,1,E01018000,0
Unvalidated,2024351455711,2024,351455711,1,19,0,9,5,3,0,2,0,0,0,0,3,1,1,1,34,6,-1,-1,-1,-1,3,1,E01018087,0
Unvalidated,2024351455711,2024,351455711,2,9,0,18,1,5,0,1,0,0,0,0,3,1,6,1,41,7,-1,-1,-1,-1,2,1,E01033182,0
Unvalidated,2024351455756,2024,351455756,1,9,-1,4,-1,-1,9,0,-1,-1,-1,0,-1,1,6,3,-1,-1,-1,-1,-1,-1,-1,-1,-1,0
Unvalidated,2024351455788,2024,351455788,1,9,0,18,1,4,9,0,0,0,1,11,1,1,6,2,32,6,-1,-1,-1,-1,3,1,E01015668,0
Unvalidated,2024351455788,2024,351455788,2,9,0,2,0,0,5,0,0,0,0,0,3,1,6,3,-1,-1,-1,-1,-1,-1,-1,-1,-1,0
Unvalidated,2024351456582,2024,351456582,1,3,0,18,1,4,0,0,0,0,0,0,1,1,6,1,18,4,-1,-1,-1,-1,10,1,E01018292,0
Unvalidated,2024351456635,2024,351456635,1,9,0,1,-1,-1,-1,0,0,0,0,0,2,1,6,3,-1,-1,-1,-1,-1,-1,-1,-1,-1,0
Unvalidated,2024351456675,2024,351456675,1,98,0,99,-1,-1,0,0,0,12,0,0,4,1,6,3,-1,-1,-1,-1,-1,-1,-1,-1,-1,0
Unvalidated,2024351456676,2024,351456676,1,19,0,1,-1,-1,0,0,0,0,0,0,2,1,6,1,46,8,-1,-1,-1,-1,3,1,E01030114,0
Unvalidated,2024351456676,2024,351456676,2,9,0,2,-1,-1,0,0,0,0,0,0,2,1,2,2,40,7,-1,-1,-1,-1,6,2,E01018052,0
Unvalidated,2024351456702,2024,351456702,1,9,0,18,2,6,0,6,0,0,0,0,3,1,5,2,29,6,-1,-1,-1,-1,8,1,E01015650,0
Unvalidated,2024351456775,2024,351456775,1,9,0,9,5,3,0,8,0,0,3,0,1,1,6,2,37,7,-1,-1,-1,-1,4,1,E01018146,0
Unvalidated,2024351456775,2024,351456775,2,9,0,18,3,7,0,8,0,0,0,0,1,1,6,1,18,4,-1,-1,-1,-1,6,1,E01018142,0
Unvalidated,2024351457033,2024,351457033,1,9,5,18,5,7,0,0,0,0,0,0,1,1,5,1,42,7,-1,-1,-1,-1,-1,-1,-1,0
Unvalidated,2024351457033,2024,351457033,2,9,0,18,8,5,0,0,0,0,0,0,1,1,6,1,20,4,-1,-1,-1,-1,4,3,E01015630,0
Unvalidated,2024351457033,2024,351457033,3,98,5,18,5,7,0,0,0,0,0,0,0,1,1,1,46,8,-1,-1,-1,-1,8,1,E01027332,0
Unvalidated,2024351457061,2024,351457061,1,9,0,18,6,2,0,1,0,0,0,0,1,1,5,2,60,9,-1,-1,-1,-1,10,2,E01018198,0
Unvalidated,2024351457061,2024,351457061,2,19,0,9,8,6,0,6,0,0,0,0,3,1,6,1,44,7,-1,-1,-1,-1,6,1,E01018139,0
Unvalidated,2024351457064,2024,351457064,1,9,0,5,6,2,0,0,0,0,0,0,2,1,2,1,24,5,-1,-1,-1,-1,6,2,E01018076,0
Unvalidated,2024351457064,2024,351457064,2,9,0,5,6,2,0,0,0,0,0,0,1,1,2,2,54,8,-1,-1,-1,-1,6,1,E01015675,0
Unvalidated,2024351457074,2024,351457074,1,9,0,18,7,3,0,0,0,0,1,8,1,1,5,1,35,6,-1,-1,-1,-1,-1,-1,-1,0
Unvalidated,2024351457106,2024,351457106,1,1,0,18,-1,-1,0,4,0,0,0,0,1,1,6,1,9,2,-1,-1,-1,-1,5,1,E01015591,0
Unvalidated,2024351457106,2024,351457106,2,9,0,18,-1,-1,0,3,0,0,0,0,1,1,5,1,47,8,-1,-1,-1,-1,5,1,E01015591,0
Unvalidated,2024351457119,2024,351457119,1,9,0,18,1,5,0,0,2,11,7,0,1,1,6,1,21,5,-1,-1,-1,-1,6,1,E01013757,0
Unvalidated,2024351457131,2024,351457131,1,9,0,18,1,7,0,6,0,0,0,0,2,1,6,1,65,9,-1,-1,-1,-1,8,1,E01027160,0
Unvalidated,2024351457131,2024,351457131,2,9,0,18,7,3,0,1,0,0,0,0,1,1,6,2,26,6,-1,-1,-1,-1,8,2,E01018117,0
Unvalidated,2024351457150,2024,351457150,1,9,0,8,7,1,0,0,0,0,0,0,1,1,6,2,39,7,-1,-1,-1,-1,6,1,E01018186,0
Unvalidated,2024351457227,2024,351457227,1,9,0,18,3,7,0,1,0,0,0,0,4,1,2,1,40,7,-1,-1,-1,-1,8,1,E01018003,0
Unvalidated,2024351457227,2024,351457227,2,1,0,18,3,7,0,1,5,0,0,0,2,1,6,1,34,6,-1,-1,-1,-1,4,1,E01017947,0
Unvalidated,2024351457238,2024,351457238,1,3,0,4,6,2,0,1,0,0,0,0,1,1,6,1,58,9,-1,-1,-1,-1,5,3,E01026712,0
Unvalidated,2024351457238,2024,351457238,2,9,0,4,6,2,0,1,0,0,0,0,2,1,6,1,60,9,-1,-1,-1,-1,10,1,E01014937,0
Unvalidated,2024351457532,2024,351457532,1,90,0,18,6,2,0,1,0,0,0,0,1,1,1,2,22,5,-1,-1,-1,-1,7,2,E01018065,0
Unvalidated,2024351457532,2024,351457532,2,9,0,9,6,5,0,1,0,0,0,0,3,1,6,1,25,5,-1,-1,-1,-1,6,1,E01032525,0
Unvalidated,2024351457571,2024,351457571,1,98,0,4,3,7,0,1,0,0,0,0,2,1,6,1,41,7,-1,-1,-1,-1,8,3,E01018152,0
Unvalidated,2024351457571,2024,351457571,2,5,0,4,3,7,0,1,0,0,0,0,1,1,5,1,21,5,-1,-1,-1,-1,6,3,E01027032,0
Unvalidated,2024351457638,2024,351457638,1,9,0,18,1,5,0,3,0,0,0,0,3,1,6,1,55,8,-1,-1,-1,-1,4,3,E01026259,0
Unvalidated,2024351457638,2024,351457638,2,9,0,18,1,5,0,3,0,0,0,0,4,1,6,2,39,7,-1,-1,-1,-1,1,1,E01026687,0
Unvalidated,2024351457865,2024,351457865,1,21,0,4,8,4,0,0,1,0,7,0,1,1,1,1,26,6,-1,-1,-1,-1,4,1,E01017475,0
Unvalidated,2024351457865,2024,351457865,2,3,0,4,8,4,0,0,0,0,7,0,2,1,3,1,17,4,-1,-1,-1,-1,6,1,E01018169,0
Unvalidated,2024351457912,2024,351457912,1,9,-1,-1,-1,-1,-1,0,-1,-1,-1,0,-1,1,6,1,22,5,-1,-1,-1,-1,10,2,E01018239,0
Unvalidated,2024351458267,2024,351458267,1,90,0,18,6,5,0,1,0,0,0,0,1,1,6,1,28,6,-1,-1,-1,-1,-1,-1,-1,0
Unvalidated,2024351458267,2024,351458267,2,9,0,18,5,3,0,1,0,0,0,0,1,1,6,2,47,8,-1,-1,-1,-1,3,1,E01015674,0
Unvalidated,2024351458306,2024,351458306,1,9,0,18,1,5,0,1,0,0,1,0,1,1,5,1,65,9,-1,-1,-1,-1,5,1,E01018084,0
Unvalidated,2024351458306,2024,351458306,2,9,0,18,1,5,0,1,0,0,0,0,0,1,6,3,-1,-1,-1,-1,-1,-1,-1,-1,-1,0
Unvalidated,2024351458310,2024,351458310,1,9,0,17,-1,-1,0,0,0,0,0,0,1,1,6,1,-1,-1,-1,-1,-1,-1,6,3,E01018020,0
Unvalidated,2024351458310,2024,351458310,2,5,0,16,-1,-1,0,0,0,0,0,0,1,1,1,1,55,8,-1,-1,-1,-1,6,3,E01018020,0
Unvalidated,2024351458316,2024,351458316,1,9,0,4,8,4,0,0,0,0,0,0,1,1,1,1,73,10,-1,-1,-1,-1,-1,-1,-1,0
Unvalidated,2024351458316,2024,351458316,2,9,0,3,8,4,0,0,0,0,0,0,2,1,6,2,36,7,-1,-1,-1,-1,4,2,E01018046,0
Unvalidated,2024351458316,2024,351458316,3,9,0,3,8,4,0,0,0,0,0,0,2,1,6,1,66,10,-1,-1,-1,-1,7,3,E01017416,0
Unvalidated,2024351458316,2024,351458316,4,9,0,3,8,4,0,0,0,0,0,0,2,1,6,1,31,6,-1,-1,-1,-1,5,1,E01018079,0
Unvalidated,2024351458321,2024,351458321,1,9,0,4,1,5,0,0,0,0,0,0,1,1,5,2,37,7,-1,-1,-1,-1,3,1,E01017975,0
Unvalidated,2024351458321,2024,351458321,2,19,0,4,1,5,0,0,0,0,0,0,2,1,1,1,63,9,-1,-1,-1,-1,8,1,E01015645,0
Unvalidated,2024351458321,2024,351458321,3,9,0,4,1,5,0,0,0,0,0,0,2,1,5,2,20,4,-1,-1,-1,-1,6,1,E01017943,0
Unvalidated,2024351458341,2024,351458341,1,5,0,18,3,7,0,8,0,0,1,0,1,1,6,2,22,5,-1,-1,-1,-1,-1,2,-1,0
Unvalidated,2024351458341,2024,351458341,2,19,0,9,3,1,0,8,0,0,0,0,2,1,1,1,23,5,-1,-1,-1,-1,1,1,E01015607,0
Unvalidated,2024351458378,2024,351458378,1,19,0,18,1,5,0,0,0,0,7,9,1,1,1,1,30,6,-1,-1,-1,-1,5,3,E01033113,0
Unvalidated,2024351458378,2024,351458378,2,9,0,18,5,1,0,0,0,0,1,9,1,1,5,1,46,8,-1,-1,-1,-1,10,2,E01018306,0
Unvalidated,2024351458400,2024,351458400,1,9,0,18,5,1,0,0,0,0,1,0,1,1,2,2,64,9,-1,-1,-1,-1,10,1,E01018019,0
Unvalidated,2024351458400,2024,351458400,2,19,0,18,1,5,0,0,0,0,1,0,1,1,2,1,51,8,-1,-1,-1,-1,7,3,E01018011,0
Unvalidated,2024351458400,2024,351458400,3,9,0,18,5,1,0,0,0,0,1,0,1,1,2,1,32,6,-1,-1,-1,-1,10,1,E01018274,0
Unvalidated,2024351459331,2024,351459331,1,9,0,18,-1,-1,0,2,0,0,0,0,1,1,6,1,-1,-1,-1,-1,-1,-1,4,3,E01018086,0
Unvalidated,2024351459331,2024,351459331,2,9,0,18,-1,-1,0,2,0,0,0,0,2,1,5,2,47,8,-1,-1,-1,-1,1,1,E01018103,0
Unvalidated,2024351459413,2024,351459413,1,9,-1,-1,-1,-1,-1,-1,-1,-1,-1,0,-1,1,6,1,-1,-1,-1,-1,-1,-1,2,1,E01017946,0
Unvalidated,2024351459413,2024,351459413,2,1,-1,-1,-1,-1,-1,-1,-1,-1,-1,0,-1,1,6,1,69,10,-1,-1,-1,-1,6,1,E01018170,0
Unvalidated,2024351459671,2024,351459671,1,9,0,18,1,5,0,0,2,0,7,0,1,1,2,1,22,5,-1,-1,-1,-1,7,3,E01026257,0
Unvalidated,2024351459847,2024,351459847,1,20,0,18,7,3,0,0,0,0,0,0,1,1,6,1,-1,-1,-1,-1,-1,-1,-1,-1,-1,0
Unvalidated,2024351459847,2024,351459847,2,9,0,4,7,3,0,0,0,0,0,0,2,1,1,2,47,8,-1,-1,-1,-1,7,1,E01018002,0
Unvalidated,2024351459867,2024,351459867,1,4,0,18,1,5,0,0,0,0,1,0,1,1,6,1,17,4,-1,-1,-1,-1,4,2,E01018046,0
Unvalidated,2024351459867,2024,351459867,2,9,0,18,1,5,0,0,0,0,0,0,2,1,6,2,71,10,-1,-1,-1,-1,6,2,E01018045,0
Unvalidated,2024351459877,2024,351459877,1,8,0,5,3,7,0,0,0,0,0,0,3,1,1,2,30,6,-1,-1,-1,-1,-1,-1,-1,0
Unvalidated,2024351459877,2024,351459877,2,9,0,18,1,5,0,0,0,0,0,0,4,1,1,1,72,10,-1,-1,-1,-1,1,1,E01015607,0
Unvalidated,2024351459914,2024,351459914,1,19,0,4,6,2,0,1,0,0,0,0,1,1,6,1,71,10,-1,-1,-1,-1,2,1,E01001754,0
Unvalidated,2024351459914,2024,351459914,2,9,0,3,6,2,0,1,0,0,0,0,2,1,6,2,35,6,-1,-1,-1,-1,8,1,E01022081,0
Unvalidated,2024351459939,2024,351459939,1,9,0,5,2,6,0,2,0,0,0,0,1,1,2,1,59,9,-1,-1,-1,-1,-1,-1,-1,0
Unvalidated,2024351459939,2024,351459939,2,1,0,5,8,4,0,2,0,0,0,0,4,1,5,1,12,3,-1,-1,-1,-1,6,3,E01018061,0
Unvalidated,2024351459995,2024,351459995,1,9,0,-1,-1,-1,-1,0,-1,-1,-1,0,-1,1,6,3,-1,-1,-1,-1,-1,-1,-1,-1,-1,0
Unvalidated,2024351460001,2024,351460001,1,9,0,5,4,8,0,6,0,0,0,0,3,1,6,1,19,4,-1,-1,-1,-1,1,1,E01015602,0
Unvalidated,2024351460001,2024,351460001,2,9,0,18,1,5,0,8,0,4,0,0,4,1,5,1,22,5,-1,-1,-1,-1,2,1,E01015599,0
Unvalidated,2024351460001,2024,351460001,3,9,0,2,0,0,0,1,1,0,1,10,3,1,6,1,36,7,-1,-1,-1,-1,1,1,E01015611,0
Unvalidated,2024351460010,2024,351460010,1,1,0,18,4,8,0,1,5,0,1,0,3,1,6,1,-1,-1,-1,-1,-1,-1,9,1,E01017958,0
Unvalidated,2024351460010,2024,351460010,2,8,0,5,2,6,0,8,0,0,0,0,-1,1,1,3,-1,-1,-1,-1,-1,-1,-1,-1,-1,0
Unvalidated,2024351460062,2024,351460062,1,2,0,18,2,6,0,1,5,0,7,3,1,1,6,1,47,8,-1,-1,-1,-1,3,2,E01018160,0
Unvalidated,2024351460248,2024,351460248,1,9,0,12,6,1,0,7,1,0,0,0,1,1,6,2,64,9,-1,-1,-1,-1,8,3,E01026895,0
Unvalidated,2024351460248,2024,351460248,2,98,1,18,5,1,0,8,0,0,0,0,0,1,1,1,41,7,-1,-1,-1,-1,5,3,E01026493,0
Unvalidated,2024351460248,2024,351460248,3,19,0,18,5,2,0,8,0,0,0,0,1,1,1,1,34,6,-1,-1,-1,-1,4,1,E01032524,0
Unvalidated,2024351460261,2024,351460261,1,9,-1,-1,-1,-1,-1,0,-1,-1,-1,0,-1,1,6,1,-1,-1,-1,-1,-1,-1,1,1,E01033207,0
Unvalidated,2024351460276,2024,351460276,1,9,-1,-1,-1,-1,-1,-1,-1,-1,-1,0,1,1,2,2,41,7,-1,-1,-1,-1,10,2,E01018118,0
Unvalidated,2024351460276,2024,351460276,2,1,-1,-1,-1,-1,-1,-1,-1,-1,-1,0,2,1,5,1,19,4,-1,-1,-1,-1,9,3,E01018205,0
Unvalidated,2024351460283,2024,351460283,1,9,0,18,4,8,0,4,0,0,0,0,1,1,6,2,21,5,-1,-1,-1,-1,4,1,E01015614,0
Unvalidated,2024351460283,2024,351460283,2,9,0,18,4,8,0,4,0,0,0,0,1,1,6,1,24,5,-1,-1,-1,-1,2,1,E01015612,0
Unvalidated,2024351460283,2024,351460283,3,1,0,18,3,7,0,4,0,0,0,0,2,1,6,1,44,7,-1,-1,-1,-1,1,1,E01015603,0
Unvalidated,2024351460289,2024,351460289,1,9,0,9,5,3,0,6,0,0,0,0,1,1,2,1,61,9,-1,-1,-1,-1,3,1,E01027060,0
Unvalidated,2024351460289,2024,351460289,2,9,0,18,3,7,0,8,0,0,0,0,3,1,2,1,51,8,-1,-1,-1,-1,5,1,E01010213,0
Unvalidated,2024351460354,2024,351460354,1,9,0,11,4,8,0,0,0,0,0,0,2,1,2,1,33,6,-1,-1,-1,-1,8,2,E01018268,0
Unvalidated,2024351460354,2024,351460354,2,9,0,18,4,8,0,0,0,0,0,0,1,1,2,2,18,4,-1,-1,-1,-1,8,3,E01018289,0
Unvalidated,2024351460354,2024,351460354,3,20,1,18,4,8,0,0,0,0,0,0,1,1,1,1,49,8,-1,-1,-1,-1,6,3,E01028024,0
Unvalidated,2024351460354,2024,351460354,4,9,0,18,4,8,0,0,0,0,0,0,2,1,2,2,41,7,-1,-1,-1,-1,10,3,E01018303,0
Unvalidated,2024351460370,2024,351460370,1,9,0,18,6,2,0,8,0,0,0,0,1,1,2,1,25,5,-1,-1,-1,-1,2,1,E01026037,0
Unvalidated,2024351460370,2024,351460370,2,9,0,18,8,6,0,8,0,0,0,0,4,1,5,1,20,4,-1,-1,-1,-1,8,3,E01015631,0
Unvalidated,2024351460754,2024,351460754,1,22,-1,-1,-1,-1,-1,-1,-1,-1,-1,0,-1,1,6,2,-1,-1,-1,-1,-1,-1,-1,-1,-1,0
Unvalidated,2024351460772,2024,351460772,1,9,0,18,-1,-1,0,0,0,0,0,0,1,1,6,3,-1,-1,-1,-1,-1,-1,-1,-1,-1,0
Unvalidated,2024351460772,2024,351460772,2,8,0,18,-1,-1,0,0,1,4,7,10,1,1,5,1,23,5,-1,-1,-1,-1,1,1,E01015602,0
Unvalidated,2024351460772,2024,351460772,3,-1,0,2,-1,-1,0,0,0,0,0,0,0,1,6,3,-1,-1,-1,-1,-1,-1,-1,-1,-1,0
Unvalidated,2024351460884,2024,351460884,1,19,0,2,0,0,0,0,0,0,0,0,0,1,6,1,45,7,-1,-1,-1,-1,6,1,E01015721,0
Unvalidated,2024351460884,2024,351460884,2,1,0,18,5,1,0,0,0,0,0,0,1,1,6,1,61,9,-1,-1,-1,-1,7,1,E01029583,0
Unvalidated,2024351460938,2024,351460938,1,9,0,7,5,7,0,6,0,0,0,0,1,1,6,2,30,6,-1,-1,-1,-1,-1,3,-1,0
Unvalidated,2024351460938,2024,351460938,2,1,0,18,3,7,0,8,5,0,0,0,4,1,2,2,53,8,-1,-1,-1,-1,4,1,E01015623,0
Unvalidated,2024351461074,2024,351461074,1,5,0,18,3,7,0,0,5,7,0,0,1,1,5,1,61,9,-1,-1,-1,-1,9,2,E01018278,0
Unvalidated,2024351461170,2024,351461170,1,9,0,18,3,7,0,0,1,0,7,9,1,1,6,1,70,10,-1,-1,-1,-1,3,1,E01018087,0
Unvalidated,2024351462137,2024,351462137,1,9,0,9,2,8,0,6,0,0,0,0,3,1,6,1,80,11,-1,-1,-1,-1,6,1,E01018142,0
Unvalidated,2024351462137,2024,351462137,2,3,0,4,8,4,0,1,0,0,0,0,4,1,6,1,37,7,-1,-1,-1,-1,8,3,E01018206,0
Unvalidated,2024351462245,2024,351462245,1,9,-1,-1,-1,-1,-1,0,-1,-1,-1,0,3,1,6,1,-1,-1,-1,-1,-1,-1,-1,-1,-1,0
Unvalidated,2024351462245,2024,351462245,2,98,-1,-1,-1,-1,-1,0,-1,-1,-1,0,4,1,6,1,42,7,-1,-1,-1,-1,3,1,E01015613,0
Unvalidated,2024351462279,2024,351462279,1,9,0,18,3,1,0,8,0,0,0,0,4,1,6,1,43,7,-1,-1,-1,-1,-1,2,-1,0
Unvalidated,2024351462279,2024,351462279,2,3,0,18,3,1,0,8,5,0,0,0,1,1,5,1,19,4,-1,-1,-1,-1,9,3,E01018211,0
Unvalidated,2024351462519,2024,351462519,1,3,0,13,4,8,0,1,0,0,0,0,1,1,6,1,21,5,-1,-1,-1,-1,3,1,E01017978,0
Unvalidated,2024351462519,2024,351462519,2,9,0,9,4,2,0,1,0,0,0,0,3,1,5,1,39,7,-1,-1,-1,-1,5,3,E01018017,0
Unvalidated,2024351462528,2024,351462528,1,9,0,18,7,2,0,2,0,0,0,0,0,1,5,2,33,6,-1,-1,-1,-1,5,2,E01018213,0
Unvalidated,2024351462643,2024,351462643,1,9,-1,-1,-1,-1,-1,0,-1,-1,-1,0,-1,1,6,2,30,6,-1,-1,-1,-1,10,1,E01017957,0
Unvalidated,2024351462643,2024,351462643,2,1,-1,-1,-1,-1,-1,0,-1,-1,-1,0,-1,1,2,1,48,8,-1,-1,-1,-1,6,3,E01033120,0
Unvalidated,2024351462656,2024,351462656,1,98,0,14,3,7,0,0,0,4,0,0,1,1,2,1,44,7,-1,-1,-1,-1,3,1,E01015652,0
Unvalidated,2024351462656,2024,351462656,2,98,1,2,0,0,0,0,0,0,0,0,2,1,1,2,42,7,-1,-1,-1,-1,2,1,E01009661,0
Unvalidated,2024351462695,2024,351462695,1,8,0,1,-1,-1,0,0,0,0,0,0,2,1,1,2,-1,-1,-1,-1,-1,-1,-1,-1,-1,0
Unvalidated,2024351462975,2024,351462975,1,9,0,-1,-1,-1,-1,0,-1,-1,-1,0,-1,1,6,3,-1,-1,-1,-1,-1,-1,-1,-1,-1,0
Unvalidated,2024351462975,2024,351462975,2,9,0,-1,-1,-1,-1,0,-1,-1,-1,0,1,1,5,1,50,8,-1,-1,-1,-1,4,2,E01018062,0
Unvalidated,2024351463068,2024,351463068,1,9,-1,-1,-1,-1,-1,-1,-1,-1,-1,0,-1,1,6,2,18,4,-1,-1,-1,-1,10,2,E01018283,0
Unvalidated,2024351463068,2024,351463068,2,1,-1,-1,-1,-1,-1,-1,-1,-1,-1,0,-1,1,6,2,60,9,-1,-1,-1,-1,10,3,E01018292,0
Unvalidated,2024351463103,2024,351463103,1,9,-1,-1,-1,-1,-1,0,-1,-1,-1,0,1,1,6,1,-1,-1,-1,-1,-1,-1,-1,-1,-1,0
Unvalidated,2024351463103,2024,351463103,2,9,0,4,1,5,0,0,0,0,0,0,2,1,6,2,54,8,-1,-1,-1,-1,8,1,E01033144,0
Unvalidated,2024351463264,2024,351463264,1,9,0,9,3,1,0,1,0,0,0,0,4,1,6,2,53,8,-1,-1,-1,-1,7,1,E01017969,0
Unvalidated,2024351463264,2024,351463264,2,1,0,18,7,3,0,1,0,0,0,0,1,1,6,1,43,7,-1,-1,-1,-1,7,1,E01017969,0
Unvalidated,2024351463344,2024,351463344,1,21,1,7,5,7,0,5,0,0,0,0,4,1,1,1,53,8,-1,-1,-1,-1,5,1,E01018069,0
Unvalidated,2024351463344,2024,351463344,2,90,0,15,5,1,4,1,0,0,0,0,1,1,6,2,26,6,-1,-1,-1,-1,6,1,E01017967,0
Unvalidated,2024351463459,2024,351463459,1,90,-1,-1,-1,-1,-1,0,-1,-1,-1,0,1,1,1,1,57,9,-1,-1,-1,-1,6,1,E01029956,0
Unvalidated,2024351463459,2024,351463459,2,1,-1,-1,-1,-1,-1,0,-1,-1,-1,0,-1,1,2,2,21,5,-1,-1,-1,-1,7,3,E01018300,0
Unvalidated,2024351463508,2024,351463508,1,9,0,18,5,2,0,0,1,0,7,0,3,1,6,2,44,7,-1,-1,-1,-1,-1,-1,-1,0
Unvalidated,2024351463508,2024,351463508,2,9,0,18,2,5,0,0,0,0,0,0,3,1,6,2,-1,-1,-1,-1,-1,-1,3,1,E01015677,0
Unvalidated,2024351463552,2024,351463552,1,9,0,9,4,2,0,2,0,0,0,0,3,1,1,2,31,6,-1,-1,-1,-1,1,1,E01018107,0
Unvalidated,2024351463552,2024,351463552,2,9,0,18,3,7,0,1,0,0,0,0,1,1,6,3,-1,-1,-1,-1,-1,-1,-1,-1,-1,0