status,collision_index,collision_year,collision_reference,vehicle_reference,vehicle_type,towing_and_articulation,vehicle_manoeuvre,vehicle_direction_from,vehicle_direction_to,vehicle_location_restricted_lane,junction_location,skidding_and_overturning,hit_object_in_carriageway,vehicle_leaving_carriageway,hit_object_off_carriageway,first_point_of_impact,vehicle_left_hand_drive,journey_purpose_of_driver,sex_of_driver,age_of_driver,age_band_of_driver,engine_capacity_cc,propulsion_code,age_of_vehicle,generic_make_model,driver_imd_decile,driver_home_area_type,lsoa_of_driver,escooter_flag
Unvalidated,2024351463558,2024,351463558,1,9,0,4,4,8,0,1,0,0,0,0,1,1,1,1,39,7,-1,-1,-1,-1,2,1,E01018143,0
Unvalidated,2024351463558,2024,351463558,2,9,0,4,8,7,0,1,0,0,0,0,1,1,6,1,64,9,-1,-1,-1,-1,4,1,E01018146,0
Unvalidated,2024351463774,2024,351463774,1,9,0,18,1,5,0,0,0,0,7,0,1,1,6,1,21,5,-1,-1,-1,-1,10,2,E01018134,0
Unvalidated,2024351463814,2024,351463814,1,19,0,18,8,3,0,0,0,0,0,0,1,1,6,1,71,10,-1,-1,-1,-1,6,1,E01026922,0
Unvalidated,2024351463814,2024,351463814,2,9,0,18,8,3,0,0,0,0,0,0,2,1,6,1,39,7,-1,-1,-1,-1,4,1,E01018096,0
Unvalidated,2024351463822,2024,351463822,1,9,0,5,8,3,0,3,0,0,0,0,3,1,6,1,44,7,-1,-1,-1,-1,4,1,E01015676,0
Unvalidated,2024351463822,2024,351463822,2,9,0,18,8,3,0,1,0,0,0,0,4,1,6,1,56,9,-1,-1,-1,-1,1,1,E01015611,0
Unvalidated,2024351463864,2024,351463864,1,9,0,18,1,5,0,0,0,0,0,0,1,1,6,1,71,10,-1,-1,-1,-1,10,1,E01026303,0
Unvalidated,2024351463864,2024,351463864,2,9,0,6,1,5,0,0,0,0,0,0,4,1,6,1,19,4,-1,-1,-1,-1,9,2,E01015635,0
Unvalidated,2024351463877,2024,351463877,1,9,0,4,7,3,0,0,0,0,0,0,1,1,6,1,53,8,-1,-1,-1,-1,4,1,E01015614,0
Unvalidated,2024351463877,2024,351463877,2,9,0,4,7,3,0,0,0,0,0,0,2,1,6,1,50,8,-1,-1,-1,-1,5,1,E01026306,0
Unvalidated,2024351463879,2024,351463879,1,9,0,9,1,5,0,0,0,0,0,0,4,1,1,1,35,6,-1,-1,-1,-1,3,1,E01026270,0
Unvalidated,2024351463879,2024,351463879,2,8,0,18,5,1,0,0,0,0,0,0,3,1,1,2,49,8,-1,-1,-1,-1,9,1,E01018161,0
Unvalidated,2024351464704,2024,351464704,1,9,0,18,1,5,0,0,5,0,0,0,1,1,6,1,33,6,-1,-1,-1,-1,1,1,E01015609,0
Unvalidated,2024351464704,2024,351464704,2,9,0,18,5,1,0,0,0,0,1,0,4,1,6,1,20,4,-1,-1,-1,-1,2,1,E01015612,0
Unvalidated,2024351464712,2024,351464712,1,9,0,18,1,5,0,0,0,0,0,0,1,1,1,1,33,6,-1,-1,-1,-1,8,3,E01015631,0
Unvalidated,2024351464712,2024,351464712,2,19,0,4,1,5,0,0,0,0,0,0,2,1,6,3,-1,-1,-1,-1,-1,-1,-1,-1,-1,0
Unvalidated,2024351464787,2024,351464787,1,9,0,9,8,6,0,6,0,0,0,0,3,1,5,2,56,9,-1,-1,-1,-1,10,2,E01027077,0
Unvalidated,2024351464787,2024,351464787,2,5,0,18,6,2,0,7,0,0,0,0,1,1,5,1,32,6,-1,-1,-1,-1,9,1,E01020026,0
Unvalidated,2024351464824,2024,351464824,1,9,0,18,8,4,0,8,1,0,0,0,4,1,5,1,85,11,-1,-1,-1,-1,6,1,E01018170,0
Unvalidated,2024351464824,2024,351464824,2,9,0,18,2,6,0,8,1,0,0,0,1,1,5,2,33,6,-1,-1,-1,-1,10,2,E01018198,0
Unvalidated,2024351464824,2024,351464824,3,9,0,10,4,2,0,1,1,0,0,0,1,1,5,2,61,9,-1,-1,-1,-1,6,3,E01018156,0
Unvalidated,2024351464882,2024,351464882,1,9,0,18,5,1,0,0,0,11,1,6,3,1,1,2,42,7,-1,-1,-1,-1,5,3,E01033176,0
Unvalidated,2024351464882,2024,351464882,2,9,0,18,5,1,0,0,0,0,0,0,4,2,5,2,45,7,-1,-1,-1,-1,6,3,E01033179,0
Unvalidated,2024351465140,2024,351465140,1,19,0,18,3,7,0,4,0,0,0,0,1,1,6,1,32,6,-1,-1,-1,-1,3,1,E01018087,0
Unvalidated,2024351465140,2024,351465140,2,9,0,9,5,3,0,4,0,0,0,0,3,1,6,2,63,9,-1,-1,-1,-1,8,3,E01015629,0
Unvalidated,2024351465219,2024,351465219,1,9,0,10,7,5,0,6,0,0,0,0,1,1,2,1,34,6,-1,-1,-1,-1,6,1,E01002618,0
Unvalidated,2024351465219,2024,351465219,2,9,0,18,5,1,0,1,0,0,0,0,4,1,5,2,54,8,-1,-1,-1,-1,8,2,E01023466,0
Unvalidated,2024351465324,2024,351465324,1,9,0,18,-1,-1,0,1,0,0,0,0,1,1,6,3,-1,-1,-1,-1,-1,-1,-1,-1,-1,0
Unvalidated,2024351465345,2024,351465345,1,9,0,18,4,8,0,6,0,11,1,0,1,1,6,2,55,8,-1,-1,-1,-1,9,3,E01018205,0
Unvalidated,2024351465345,2024,351465345,2,1,0,18,8,4,9,5,0,11,0,0,1,1,6,1,13,3,-1,-1,-1,-1,-1,-1,-1,0
Unvalidated,2024351465639,2024,351465639,1,9,0,18,5,-1,0,0,0,-1,0,0,4,1,6,2,39,7,-1,-1,-1,-1,-1,-1,-1,0
Unvalidated,2024351465644,2024,351465644,1,9,0,5,5,1,0,0,0,0,1,11,1,1,6,2,75,10,-1,-1,-1,-1,5,2,E01018102,0
Unvalidated,2024351465644,2024,351465644,2,9,0,2,0,0,0,0,0,0,0,0,1,1,6,3,-1,-1,-1,-1,-1,-1,-1,-1,-1,0
Unvalidated,2024351465661,2024,351465661,1,9,0,18,8,4,0,0,0,0,0,0,1,1,5,2,18,4,-1,-1,-1,-1,9,3,E01018231,0
Unvalidated,2024351465661,2024,351465661,2,9,0,18,8,4,0,0,0,0,0,0,2,1,5,1,20,4,-1,-1,-1,-1,7,3,E01030054,0
Unvalidated,2024351465710,2024,351465710,1,9,0,18,7,3,0,1,0,0,1,10,3,1,6,2,78,11,-1,-1,-1,-1,10,1,E01023657,0
Unvalidated,2024351465710,2024,351465710,2,21,0,18,1,2,1,1,0,0,1,0,1,1,1,1,25,5,-1,-1,-1,-1,7,2,E01018269,0
Unvalidated,2024351465752,2024,351465752,1,9,0,18,8,4,0,0,1,11,1,0,1,1,3,1,26,6,-1,-1,-1,-1,2,1,E01015673,0
Unvalidated,2024351465752,2024,351465752,2,9,0,2,0,0,0,0,0,0,0,0,1,1,6,3,-1,-1,-1,-1,-1,-1,-1,-1,-1,0
Unvalidated,2024351466235,2024,351466235,1,97,0,18,2,6,0,0,0,0,1,3,3,1,5,1,58,9,-1,-1,-1,-1,9,3,E01025809,0
Unvalidated,2024351466235,2024,351466235,2,9,0,18,6,2,0,0,0,0,1,1,3,1,5,1,52,8,-1,-1,-1,-1,7,3,E01018192,0
Unvalidated,2024351466354,2024,351466354,1,21,1,1,5,1,6,0,0,0,0,0,2,1,1,1,56,9,-1,-1,-1,-1,-1,-1,-1,0
Unvalidated,2024351466354,2024,351466354,2,9,0,18,1,5,6,0,0,0,0,0,1,1,6,2,30,6,-1,-1,-1,-1,6,1,E01018190,0
Unvalidated,2024351467965,2024,351467965,1,19,0,3,3,7,0,0,0,0,0,0,1,1,1,1,23,5,-1,-1,-1,-1,6,1,E01003752,0
Unvalidated,2024351467965,2024,351467965,2,98,1,3,3,7,0,0,0,0,0,0,2,1,1,1,28,6,-1,-1,-1,-1,-1,-1,-1,0
Unvalidated,2024351468209,2024,351468209,1,9,0,9,2,8,0,8,0,0,0,0,1,1,3,2,42,7,-1,-1,-1,-1,2,1,E01015608,0
Unvalidated,2024351468394,2024,351468394,1,9,0,9,4,4,0,1,0,0,0,0,3,1,3,1,44,7,-1,-1,-1,-1,8,3,E01018289,0
Unvalidated,2024351468394,2024,351468394,2,19,0,18,4,8,0,1,0,0,0,0,4,1,1,1,60,9,-1,-1,-1,-1,7,2,E01018279,0
Unvalidated,2024351468632,2024,351468632,1,98,0,18,1,5,0,0,0,11,0,0,1,1,1,1,74,10,-1,-1,-1,-1,10,1,E01018175,0
Unvalidated,2024351468632,2024,351468632,2,1,0,18,2,7,4,0,0,0,0,0,4,1,6,2,20,4,-1,-1,-1,-1,5,3,E01018135,0
Unvalidated,2024351468712,2024,351468712,1,9,0,4,5,1,6,2,0,0,0,0,2,1,1,1,32,6,-1,-1,-1,-1,-1,-1,-1,0
Unvalidated,2024351468712,2024,351468712,2,98,0,18,5,1,6,2,2,0,0,0,1,2,1,1,60,9,-1,-1,-1,-1,-1,-1,-1,0
Unvalidated,2024351469121,2024,351469121,1,9,0,9,5,1,0,5,0,0,7,9,3,1,6,2,19,4,-1,-1,-1,-1,7,3,E01018023,0
Unvalidated,2024351469121,2024,351469121,2,9,0,13,5,1,0,8,0,0,7,0,1,1,6,1,60,9,-1,-1,-1,-1,6,2,E01033453,0
Unvalidated,2024351469293,2024,351469293,1,9,0,9,1,5,0,7,0,0,0,0,2,1,2,2,32,6,-1,-1,-1,-1,6,3,E01021406,0
Unvalidated,2024351469293,2024,351469293,2,9,0,14,1,5,0,7,0,0,0,0,4,1,6,2,26,6,-1,-1,-1,-1,9,3,E01017422,0
Unvalidated,2024351469598,2024,351469598,1,9,0,18,3,7,0,8,0,0,0,0,1,1,6,2,45,7,-1,-1,-1,-1,4,2,E01015618,0
Unvalidated,2024351469598,2024,351469598,2,9,0,9,7,5,0,8,0,0,0,0,1,1,6,1,19,4,-1,-1,-1,-1,5,1,E01017430,0
Unvalidated,2024351469604,2024,351469604,1,9,0,5,1,5,0,6,0,0,1,0,4,1,1,1,39,7,-1,-1,-1,-1,2,1,E01015595,0
Unvalidated,2024351469604,2024,351469604,2,9,0,18,7,3,0,8,0,0,1,0,1,1,6,1,60,9,-1,-1,-1,-1,8,2,E01018217,0
Unvalidated,2024351469700,2024,351469700,1,9,0,18,4,6,0,1,0,0,3,0,1,1,6,1,34,6,-1,-1,-1,-1,4,1,E01017028,0
Unvalidated,2024351469700,2024,351469700,2,9,0,18,3,7,0,1,0,0,0,0,1,1,5,1,58,9,-1,-1,-1,-1,9,3,E01018211,0
Unvalidated,2024351469725,2024,351469725,1,9,0,18,5,1,0,8,0,0,0,0,1,1,6,1,47,8,-1,-1,-1,-1,5,1,E01015591,0
Unvalidated,2024351469725,2024,351469725,2,1,0,18,5,1,0,1,0,0,0,0,1,1,6,1,9,2,-1,-1,-1,-1,-1,-1,-1,0
Unvalidated,2024351471096,2024,351471096,1,9,0,4,1,8,0,1,0,0,0,0,3,1,5,1,91,11,-1,-1,-1,-1,10,1,E01022075,0
Unvalidated,2024351471096,2024,351471096,2,9,0,3,8,1,0,7,0,0,0,0,4,1,5,1,81,11,-1,-1,-1,-1,6,2,E01018264,0
Unvalidated,2024351471124,2024,351471124,1,9,0,18,2,6,0,0,5,0,1,0,1,1,6,1,40,7,-1,-1,-1,-1,8,2,E01018039,0
Unvalidated,2024351471124,2024,351471124,2,9,0,2,2,6,0,0,0,0,7,0,4,1,6,3,-1,-1,-1,-1,-1,-1,-1,-1,-1,0
Unvalidated,2024351471164,2024,351471164,1,98,0,4,4,8,0,0,0,0,0,0,1,1,6,1,29,6,-1,-1,-1,-1,8,1,E01016001,0
Unvalidated,2024351471164,2024,351471164,2,9,0,3,4,8,0,0,0,0,0,0,1,1,6,2,49,8,-1,-1,-1,-1,5,1,E01018163,0
Unvalidated,2024351471164,2024,351471164,3,9,0,3,4,8,0,0,0,0,0,0,2,1,6,2,37,7,-1,-1,-1,-1,9,3,E01018209,0
Unvalidated,2024351471464,2024,351471464,1,9,0,9,3,1,0,1,0,0,0,0,4,1,5,1,48,8,-1,-1,-1,-1,7,3,E01018247,0
Unvalidated,2024351471464,2024,351471464,2,97,0,18,3,7,0,1,2,0,0,0,1,1,5,1,25,5,-1,-1,-1,-1,7,1,E01017431,0
Unvalidated,2024351471520,2024,351471520,1,8,0,5,5,1,0,0,0,0,0,0,1,1,1,1,26,6,-1,-1,-1,-1,1,1,E01015604,0
Unvalidated,2024351471520,2024,351471520,2,1,0,18,5,1,0,0,0,0,0,0,3,1,6,1,19,4,-1,-1,-1,-1,2,1,E01015605,0
Unvalidated,2024351471549,2024,351471549,1,9,0,5,3,7,0,0,0,0,0,0,1,1,5,1,31,6,-1,-1,-1,-1,1,1,E01015604,0
Unvalidated,2024351471549,2024,351471549,2,1,0,18,1,5,0,0,0,0,0,0,1,1,5,2,17,4,-1,-1,-1,-1,3,1,E01015643,0
Unvalidated,2024351471578,2024,351471578,1,9,0,18,3,7,0,0,0,0,1,9,3,1,2,1,35,6,-1,-1,-1,-1,4,1,E01018184,0
Unvalidated,2024351472313,2024,351472313,1,9,0,15,7,5,0,6,0,0,0,0,2,1,5,1,86,11,-1,-1,-1,-1,10,2,E01018245,0
Unvalidated,2024351472313,2024,351472313,2,9,0,5,1,5,0,1,0,0,0,0,0,1,2,1,32,6,-1,-1,-1,-1,1,1,E01015611,0
Unvalidated,2024351473235,2024,351473235,1,98,0,5,1,5,0,0,5,0,1,0,0,1,6,1,63,9,-1,-1,-1,-1,5,2,E01018158,0
Unvalidated,2024351473670,2024,351473670,1,5,0,18,1,5,0,0,2,0,7,0,1,1,5,1,66,10,-1,-1,-1,-1,4,3,E01027832,0
Unvalidated,2024351473670,2024,351473670,2,9,0,18,1,5,0,0,0,0,0,0,2,1,6,1,22,5,-1,-1,-1,-1,9,3,E01022060,0
Unvalidated,2024351473681,2024,351473681,1,9,0,18,2,6,0,0,0,0,0,0,1,1,5,2,49,8,-1,-1,-1,-1,8,2,E01033181,0
Unvalidated,2024351473681,2024,351473681,2,19,0,18,2,6,0,0,0,0,0,0,2,1,1,1,55,8,-1,-1,-1,-1,5,3,E01033176,0
Unvalidated,2024351473681,2024,351473681,3,98,0,18,2,6,0,0,0,0,0,0,0,1,1,1,-1,-1,-1,-1,-1,-1,-1,-1,-1,0
Unvalidated,2024351473725,2024,351473725,1,17,0,18,1,5,0,0,0,0,7,0,3,1,6,1,61,9,-1,-1,-1,-1,5,3,E01018157,0
Unvalidated,2024351473725,2024,351473725,2,98,1,18,1,5,0,0,0,0,0,0,3,1,6,1,56,9,-1,-1,-1,-1,10,1,E01013215,0
Unvalidated,2024351473725,2024,351473725,3,9,0,18,1,5,0,0,0,0,0,0,1,1,6,1,38,7,-1,-1,-1,-1,5,2,E01018212,0
Unvalidated,2024351473739,2024,351473739,1,9,0,18,3,7,0,1,0,0,7,2,3,1,5,1,34,6,-1,-1,-1,-1,7,3,E01018023,0
Unvalidated,2024351473739,2024,351473739,2,9,0,18,5,1,0,8,0,0,0,0,1,1,5,1,53,8,-1,-1,-1,-1,9,2,E01018012,0
Unvalidated,2024351473745,2024,351473745,1,9,0,18,6,2,0,1,0,0,0,0,1,1,1,1,59,9,-1,-1,-1,-1,3,1,E01018073,0
Unvalidated,2024351473771,2024,351473771,1,9,0,5,4,8,0,5,0,0,0,0,3,1,1,1,46,8,-1,-1,-1,-1,7,1,E01017963,0
Unvalidated,2024351473771,2024,351473771,2,1,0,11,4,8,0,3,0,0,0,0,4,1,6,2,53,8,-1,-1,-1,-1,6,1,E01017961,0
Unvalidated,2024351473892,2024,351473892,1,9,0,3,5,1,0,8,0,0,0,0,1,1,1,2,17,4,-1,-1,-1,-1,8,3,E01018290,0
Unvalidated,2024351473892,2024,351473892,2,9,0,18,1,6,0,8,0,0,0,0,4,1,1,1,69,10,-1,-1,-1,-1,3,1,E01017971,0
Unvalidated,2024351475115,2024,351475115,1,21,4,18,6,2,0,0,0,0,0,0,2,2,1,1,38,7,-1,-1,-1,-1,2,1,E01015592,0
Unvalidated,2024351475115,2024,351475115,2,19,0,3,6,2,0,0,0,0,0,0,1,1,1,1,53,8,-1,-1,-1,-1,9,1,E01027120,0
Unvalidated,2024351476038,2024,351476038,1,9,0,4,3,7,0,0,0,0,0,0,2,1,6,2,41,7,-1,-1,-1,-1,8,1,E01032998,0
Unvalidated,2024351476038,2024,351476038,2,9,0,4,3,7,0,0,0,0,0,0,1,1,6,2,70,10,-1,-1,-1,-1,-1,-1,-1,0
Unvalidated,2024351476144,2024,351476144,1,9,0,18,1,5,0,0,0,0,0,0,1,1,6,1,43,7,-1,-1,-1,-1,7,1,E01018002,0
Unvalidated,2024351476144,2024,351476144,2,9,0,18,1,5,0,0,0,0,0,0,2,1,6,1,42,7,-1,-1,-1,-1,8,1,E01018003,0
Unvalidated,2024351477657,2024,351477657,1,8,0,5,1,7,0,6,0,0,0,0,3,1,1,1,51,8,-1,-1,-1,-1,5,1,E01017997,0
Unvalidated,2024351477657,2024,351477657,2,1,0,2,7,3,0,1,5,0,0,0,3,1,2,1,29,6,-1,-1,-1,-1,8,1,E01017956,0
Unvalidated,2024351477682,2024,351477682,1,9,0,4,5,3,0,5,0,0,3,10,1,1,5,2,63,9,-1,-1,-1,-1,7,1,E01018025,0
Unvalidated,2024351479520,2024,351479520,1,9,0,5,7,3,9,6,0,0,0,0,1,1,6,1,48,8,-1,-1,-1,-1,10,2,E01018252,0
Unvalidated,2024351479520,2024,351479520,2,90,0,18,2,6,9,1,0,0,0,0,1,1,5,1,5,1,-1,-1,-1,-1,10,3,E01018252,0
Unvalidated,2024351479603,2024,351479603,1,9,0,18,4,8,0,0,0,0,0,0,2,1,2,2,19,4,-1,-1,-1,-1,10,2,E01018232,0
Unvalidated,2024351479603,2024,351479603,2,98,1,18,4,8,0,0,0,0,0,0,1,1,1,1,60,9,-1,-1,-1,-1,4,3,E01026256,0
Unvalidated,2024351479687,2024,351479687,1,9,0,5,8,4,0,6,0,0,0,0,1,1,6,2,36,7,-1,-1,-1,-1,2,1,E01002545,0
Unvalidated,2024351479687,2024,351479687,2,90,0,5,2,6,0,1,0,0,0,0,1,1,6,2,48,8,-1,-1,-1,-1,1,1,E01015639,0
Unvalidated,2024351481758,2024,351481758,1,20,1,9,5,1,0,1,0,0,0,0,3,2,1,1,56,9,-1,-1,-1,-1,-1,-1,-1,0
Unvalidated,2024351481758,2024,351481758,2,9,0,18,1,5,0,1,0,0,0,0,1,1,6,2,22,5,-1,-1,-1,-1,9,3,E01018113,0
Unvalidated,2024351482113,2024,351482113,1,9,0,5,5,1,5,0,0,0,0,0,1,1,6,2,43,7,-1,-1,-1,-1,9,2,E01018299,0
Unvalidated,2024351482113,2024,351482113,2,1,0,18,3,7,5,0,0,0,0,0,1,1,6,1,22,5,-1,-1,-1,-1,7,1,E01032797,0
Unvalidated,2024351484497,2024,351484497,1,9,0,18,1,5,0,0,0,0,0,0,1,1,5,2,39,7,-1,-1,-1,-1,3,1,E01015668,0
Unvalidated,2024351484497,2024,351484497,2,9,0,18,5,1,0,0,0,0,0,0,1,1,5,2,46,8,-1,-1,-1,-1,9,1,E01015646,0
Unvalidated,2024351486735,2024,351486735,1,9,0,18,1,5,0,0,0,0,3,0,1,1,6,1,19,4,-1,-1,-1,-1,10,1,E01026359,0
Unvalidated,2024351486748,2024,351486748,1,9,0,18,1,5,0,0,0,0,7,0,1,1,6,2,21,5,-1,-1,-1,-1,3,1,E01029954,0
Unvalidated,2024351486748,2024,351486748,2,9,0,18,5,1,0,0,0,0,0,0,3,1,6,2,53,8,-1,-1,-1,-1,8,1,E01017956,0
Unvalidated,2024351489103,2024,351489103,1,19,0,18,7,3,0,0,0,0,7,5,1,1,5,1,17,4,-1,-1,-1,-1,4,1,E01031030,0
Unvalidated,2024351503794,2024,351503794,1,9,0,18,7,1,0,4,1,0,0,0,3,1,6,3,-1,-1,-1,-1,-1,-1,-1,-1,-1,0
Unvalidated,2024351503794,2024,351503794,2,9,0,18,5,1,0,8,0,0,4,0,4,1,5,2,39,7,-1,-1,-1,-1,6,3,E01026282,0
Unvalidated,2024351506968,2024,351506968,1,9,0,7,8,2,0,5,0,0,0,0,0,1,6,2,58,9,-1,-1,-1,-1,10,1,E01018248,0
Unvalidated,2024351506968,2024,351506968,2,1,0,18,8,4,4,8,0,0,0,0,0,1,6,2,29,6,-1,-1,-1,-1,4,1,-1,0
Unvalidated,2024361393612,2024,361393612,1,9,0,18,4,8,0,0,5,12,1,4,1,1,6,1,25,5,-1,-1,-1,-1,10,2,E01026915,0
Unvalidated,2024361393714,2024,361393714,1,9,0,9,1,3,0,1,0,0,0,0,1,1,2,2,60,9,-1,-1,-1,-1,4,1,E01026806,0
Unvalidated,2024361393720,2024,361393720,1,9,0,10,4,2,0,6,0,0,1,0,1,1,6,1,69,10,-1,-1,-1,-1,9,1,E01002242,0
Unvalidated,2024361393894,2024,361393894,1,9,-1,-1,-1,-1,-1,0,-1,-1,-1,0,-1,1,6,1,-1,-1,-1,-1,-1,-1,-1,-1,-1,0
Unvalidated,2024361394407,2024,361394407,1,9,0,4,1,5,0,1,0,0,0,0,0,1,6,2,78,11,-1,-1,-1,-1,6,2,E01026764,0
Unvalidated,2024361394407,2024,361394407,2,9,0,3,1,5,0,1,0,0,0,0,2,1,6,1,40,7,-1,-1,-1,-1,4,1,E01004416,0
Unvalidated,2024361394467,2024,361394467,1,9,0,9,6,3,0,8,0,0,0,0,1,1,6,1,44,7,-1,-1,-1,-1,7,1,E01026754,0
Unvalidated,2024361394605,2024,361394605,1,9,0,18,-1,-1,0,8,0,0,0,0,1,1,6,1,-1,-1,-1,-1,-1,-1,9,1,E01026671,0
Unvalidated,2024361394605,2024,361394605,2,1,0,-1,-1,-1,0,8,0,0,0,0,2,1,6,1,33,6,-1,-1,-1,-1,4,3,E01026713,0
Unvalidated,2024361394693,2024,361394693,1,3,0,18,6,2,0,8,0,0,0,0,3,1,6,1,18,4,-1,-1,-1,-1,2,1,E01026829,0
Unvalidated,2024361394693,2024,361394693,2,9,0,9,2,8,0,8,0,0,0,0,4,1,6,1,53,8,-1,-1,-1,-1,9,1,E01031589,0
Unvalidated,2024361394873,2024,361394873,1,9,0,18,6,3,0,1,0,0,7,0,3,1,2,1,30,6,-1,-1,-1,-1,4,3,E01026739,0
Unvalidated,2024361394873,2024,361394873,2,9,0,18,4,1,0,1,0,0,0,0,1,1,5,1,65,9,-1,-1,-1,-1,6,2,E01026764,0
Unvalidated,2024361394878,2024,361394878,1,9,0,18,5,1,0,0,0,0,0,0,1,1,5,1,41,7,-1,-1,-1,-1,7,3,E01026941,0
Unvalidated,2024361394897,2024,361394897,1,3,0,5,3,7,0,0,0,0,0,0,1,1,6,1,26,6,-1,-1,-1,-1,4,1,E01026706,0
Unvalidated,2024361394897,2024,361394897,2,9,0,8,3,7,0,0,0,0,0,0,2,1,6,2,43,7,-1,-1,-1,-1,3,1,E01026685,0
Unvalidated,2024361395248,2024,361395248,1,3,0,15,5,8,0,8,0,0,7,0,1,1,2,1,18,4,-1,-1,-1,-1,8,2,E01026912,0
Unvalidated,2024361395248,2024,361395248,2,9,0,9,5,2,0,5,0,0,0,0,3,1,6,2,52,8,-1,-1,-1,-1,6,3,E01026899,0
Unvalidated,2024361395252,2024,361395252,1,-1,0,18,-1,-1,0,3,0,0,0,0,4,1,6,3,-1,-1,-1,-1,-1,-1,-1,-1,-1,0
Unvalidated,2024361395331,2024,361395331,1,9,0,-1,-1,-1,0,4,0,0,0,0,1,1,6,1,37,7,-1,-1,-1,-1,1,1,E01026793,0
Unvalidated,2024361395331,2024,361395331,2,1,4,18,-1,-1,0,8,5,0,0,0,4,1,5,1,59,9,-1,-1,-1,-1,2,1,E01033436,0
Unvalidated,2024361395343,2024,361395343,1,9,0,18,5,1,0,0,0,12,0,0,1,1,5,1,58,9,-1,-1,-1,-1,2,3,E01026680,0
Unvalidated,2024361395397,2024,361395397,1,9,0,18,7,3,0,0,1,0,7,0,1,1,6,2,18,4,-1,-1,-1,-1,5,3,E01026491,0
Unvalidated,2024361396226,2024,361396226,1,19,0,18,6,2,0,0,1,0,0,0,1,1,2,1,41,7,-1,-1,-1,-1,8,2,E01026490,0
Unvalidated,2024361396226,2024,361396226,2,9,0,18,1,5,0,0,0,0,1,0,1,1,6,1,46,8,-1,-1,-1,-1,-1,-1,-1,0
Unvalidated,2024361396226,2024,361396226,3,9,0,18,1,6,0,0,0,0,7,0,1,1,6,1,24,5,-1,-1,-1,-1,7,1,E01000574,0
Unvalidated,2024361396479,2024,361396479,1,5,0,18,7,3,0,0,0,0,0,0,0,1,5,1,56,9,-1,-1,-1,-1,4,1,E01026426,0
Unvalidated,2024361396479,2024,361396479,2,9,0,18,7,3,0,0,0,0,0,0,0,1,6,3,-1,-1,-1,-1,-1,-1,-1,-1,-1,0
Unvalidated,2024361396585,2024,361396585,1,97,0,18,6,2,0,0,1,10,0,0,1,1,5,1,46,8,-1,-1,-1,-1,3,2,E01026488,0
Unvalidated,2024361396689,2024,361396689,1,3,0,18,8,5,0,0,1,0,0,0,4,1,2,1,23,5,-1,-1,-1,-1,5,1,E01026541,0
Unvalidated,2024361397004,2024,361397004,1,1,0,9,7,6,0,5,0,0,0,0,4,1,5,1,16,4,-1,-1,-1,-1,4,3,E01026739,0
Unvalidated,2024361397004,2024,361397004,2,19,0,13,7,3,0,2,0,0,0,0,4,1,1,2,63,9,-1,-1,-1,-1,-1,-1,-1,0
Unvalidated,2024361397045,2024,361397045,1,9,0,9,2,1,0,0,0,0,0,0,1,1,5,2,63,9,-1,-1,-1,-1,9,1,E01026871,0
Unvalidated,2024361397119,2024,361397119,1,9,0,18,3,7,0,0,0,4,0,0,1,2,6,1,41,7,-1,-1,-1,-1,3,1,E01026592,0
Unvalidated,2024361397119,2024,361397119,2,9,0,2,0,0,0,0,0,0,0,0,3,2,2,2,60,9,-1,-1,-1,-1,4,2,E01026776,0
Unvalidated,2024361397249,2024,361397249,1,9,0,5,3,5,0,2,0,0,0,0,1,1,6,1,66,10,-1,-1,-1,-1,6,1,E01026520,0
Unvalidated,2024361397249,2024,361397249,2,23,0,18,1,5,0,2,2,0,0,0,1,1,2,2,56,9,-1,-1,-1,-1,9,1,E01026544,0
Unvalidated,2024361397268,2024,361397268,1,9,0,18,1,5,0,2,1,0,0,0,4,1,1,2,51,8,-1,-1,-1,-1,1,1,E01026620,0
Unvalidated,2024361397268,2024,361397268,2,9,0,18,5,1,0,2,1,0,0,0,3,1,6,2,62,9,-1,-1,-1,-1,9,3,E01026448,0
Unvalidated,2024361397278,2024,361397278,1,9,0,18,1,5,0,0,0,0,0,0,4,1,5,2,50,8,-1,-1,-1,-1,4,3,E01026665,0
Unvalidated,2024361397278,2024,361397278,2,9,0,18,1,5,0,0,0,0,0,0,3,1,5,1,18,4,-1,-1,-1,-1,5,2,E01026724,0
Unvalidated,2024361397346,2024,361397346,1,9,0,9,7,5,0,0,0,0,0,0,3,1,2,2,51,8,-1,-1,-1,-1,4,3,E01026728,0
Unvalidated,2024361397348,2024,361397348,1,3,0,4,2,5,9,0,1,0,0,0,4,1,6,1,24,5,-1,-1,-1,-1,4,1,E01026846,0
Unvalidated,2024361397395,2024,361397395,1,9,0,18,4,7,0,0,2,0,7,0,1,1,6,1,24,5,-1,-1,-1,-1,4,1,E01026429,0
Unvalidated,2024361397449,2024,361397449,1,19,-1,-1,7,3,-1,0,-1,-1,-1,0,-1,1,6,3,-1,-1,-1,-1,-1,-1,-1,-1,-1,0
Unvalidated,2024361397449,2024,361397449,2,1,-1,-1,7,3,-1,0,-1,-1,-1,0,-1,1,1,1,49,8,-1,-1,-1,-1,4,2,E01026909,0