status,collision_index,collision_year,collision_reference,vehicle_reference,vehicle_type,towing_and_articulation,vehicle_manoeuvre,vehicle_direction_from,vehicle_direction_to,vehicle_location_restricted_lane,junction_location,skidding_and_overturning,hit_object_in_carriageway,vehicle_leaving_carriageway,hit_object_off_carriageway,first_point_of_impact,vehicle_left_hand_drive,journey_purpose_of_driver,sex_of_driver,age_of_driver,age_band_of_driver,engine_capacity_cc,propulsion_code,age_of_vehicle,generic_make_model,driver_imd_decile,driver_home_area_type,lsoa_of_driver,escooter_flag
Unvalidated,2024361397453,2024,361397453,1,21,4,9,5,4,0,0,0,0,0,0,3,1,1,2,22,5,-1,-1,-1,-1,8,2,E01033185,0
Unvalidated,2024361397453,2024,361397453,2,21,4,7,5,1,0,0,0,0,0,0,3,1,1,1,63,9,-1,-1,-1,-1,6,3,E01026452,0
Unvalidated,2024361397522,2024,361397522,1,9,0,18,7,3,0,1,0,0,0,0,3,1,2,1,50,8,-1,-1,-1,-1,9,3,E01018209,0
Unvalidated,2024361397560,2024,361397560,1,9,0,3,2,4,0,0,0,0,0,0,3,1,6,2,34,6,-1,-1,-1,-1,2,1,E01026477,0
Unvalidated,2024361397560,2024,361397560,2,9,0,14,5,3,0,0,0,0,0,0,3,1,5,1,22,5,-1,-1,-1,-1,8,1,E01026470,0
Unvalidated,2024361397722,2024,361397722,1,21,1,18,7,3,0,0,0,11,0,0,4,1,6,1,63,9,-1,-1,-1,-1,9,2,E01027052,0
Unvalidated,2024361397722,2024,361397722,2,9,0,18,7,3,0,0,0,11,0,0,1,1,6,2,66,10,-1,-1,-1,-1,4,3,E01026444,0
Unvalidated,2024361397746,2024,361397746,1,9,0,18,3,6,0,6,0,0,0,0,1,1,2,1,19,4,-1,-1,-1,-1,4,3,E01026762,0
Unvalidated,2024361397746,2024,361397746,2,9,4,18,5,1,0,1,0,0,1,0,3,1,2,1,35,6,-1,-1,-1,-1,8,2,E01026772,0
Unvalidated,2024361397824,2024,361397824,1,9,-1,-1,-1,-1,-1,0,-1,-1,-1,0,-1,1,6,2,40,7,-1,-1,-1,-1,1,1,E01026687,0
Unvalidated,2024361397828,2024,361397828,1,2,0,15,2,6,0,1,0,0,0,0,1,1,6,1,18,4,-1,-1,-1,-1,10,1,E01026521,0
Unvalidated,2024361397828,2024,361397828,2,9,0,9,2,6,0,1,0,0,0,0,3,1,2,1,39,7,-1,-1,-1,-1,8,3,E01033538,0
Unvalidated,2024361397841,2024,361397841,1,9,0,-1,-1,-1,0,0,0,0,0,0,-1,1,6,3,-1,-1,-1,-1,-1,-1,-1,-1,-1,0
Unvalidated,2024361397841,2024,361397841,2,1,0,18,-1,-1,0,0,0,0,7,0,-1,1,5,2,47,8,-1,-1,-1,-1,1,1,E01026626,0
Unvalidated,2024361398101,2024,361398101,1,9,0,18,5,1,0,8,0,0,0,0,4,1,6,1,39,7,-1,-1,-1,-1,1,1,E01026800,0
Unvalidated,2024361398101,2024,361398101,2,9,0,18,7,3,0,8,0,0,0,0,1,1,6,1,-1,-1,-1,-1,-1,-1,6,1,E01026797,0
Unvalidated,2024361398208,2024,361398208,1,9,0,18,7,3,0,0,0,0,0,0,1,1,5,1,69,10,-1,-1,-1,-1,-1,-1,-1,0
Unvalidated,2024361398208,2024,361398208,2,9,0,18,3,7,0,0,0,0,0,0,1,1,5,1,73,10,-1,-1,-1,-1,-1,-1,-1,0
Unvalidated,2024361398545,2024,361398545,1,9,0,18,3,7,0,0,0,0,0,0,1,1,6,1,48,8,-1,-1,-1,-1,4,3,E01026695,0
Unvalidated,2024361398545,2024,361398545,2,9,0,18,7,3,0,0,0,0,0,0,1,1,2,2,17,4,-1,-1,-1,-1,4,3,E01026728,0
Unvalidated,2024361398549,2024,361398549,1,9,0,18,8,4,0,0,0,0,0,0,1,1,2,1,30,6,-1,-1,-1,-1,7,1,E01026564,0
Unvalidated,2024361398549,2024,361398549,2,9,0,18,5,8,0,0,0,0,0,0,1,1,6,2,34,6,-1,-1,-1,-1,4,1,E01026864,0
Unvalidated,2024361398574,2024,361398574,1,9,0,18,1,5,0,8,0,0,1,0,3,1,5,2,71,10,-1,-1,-1,-1,10,1,E01009815,0
Unvalidated,2024361398574,2024,361398574,2,19,0,18,8,4,0,8,0,0,0,0,1,1,5,1,42,7,-1,-1,-1,-1,6,2,E01026701,0
Unvalidated,2024361398650,2024,361398650,1,9,-1,7,7,2,0,1,0,0,0,0,-1,1,6,1,-1,-1,-1,-1,-1,-1,-1,-1,-1,0
Unvalidated,2024361398650,2024,361398650,2,1,0,18,7,3,0,1,0,0,0,0,3,1,5,1,20,4,-1,-1,-1,-1,1,1,E01026824,0
Unvalidated,2024361398906,2024,361398906,1,9,0,18,1,5,0,2,0,0,0,0,1,1,1,2,61,9,-1,-1,-1,-1,9,1,E01026671,0
Unvalidated,2024361398906,2024,361398906,2,9,0,18,5,1,0,2,0,0,0,0,1,1,6,1,44,7,-1,-1,-1,-1,1,1,E01026704,0
Unvalidated,2024361399142,2024,361399142,1,9,-1,-1,5,8,-1,8,-1,-1,-1,0,-1,1,6,1,49,8,-1,-1,-1,-1,3,1,E01026465,0
Unvalidated,2024361399142,2024,361399142,2,1,0,18,5,1,0,1,0,0,0,0,3,1,2,2,11,3,-1,-1,-1,-1,-1,-1,-1,0
Unvalidated,2024361399152,2024,361399152,1,9,0,5,7,3,0,3,1,0,0,0,4,1,5,2,22,5,-1,-1,-1,-1,9,1,E01026519,0
Unvalidated,2024361399172,2024,361399172,1,9,0,4,7,4,0,1,0,0,0,0,1,1,2,1,58,9,-1,-1,-1,-1,6,3,E01026722,0
Unvalidated,2024361399172,2024,361399172,2,1,0,18,1,5,0,2,0,0,0,0,3,1,6,1,16,4,-1,-1,-1,-1,6,2,E01026722,0
Unvalidated,2024361399200,2024,361399200,1,9,0,18,3,1,0,1,1,0,0,0,3,1,2,2,53,8,-1,-1,-1,-1,8,1,E01021436,0
Unvalidated,2024361399200,2024,361399200,2,9,0,18,2,6,0,1,1,0,0,0,1,1,5,2,19,4,-1,-1,-1,-1,2,3,E01033040,0
Unvalidated,2024361399276,2024,361399276,1,9,0,5,5,1,0,4,0,0,0,0,4,1,5,1,57,9,-1,-1,-1,-1,5,3,E01033435,0
Unvalidated,2024361399276,2024,361399276,2,1,0,5,4,4,0,3,0,0,0,0,2,1,6,1,49,8,-1,-1,-1,-1,8,1,E01026561,0
Unvalidated,2024361399283,2024,361399283,1,9,0,18,1,5,0,1,1,0,0,0,4,1,2,1,27,6,-1,-1,-1,-1,6,3,E01026436,0
Unvalidated,2024361399283,2024,361399283,2,9,0,18,3,7,0,1,1,0,0,0,1,1,5,2,55,8,-1,-1,-1,-1,5,3,E01026501,0
Unvalidated,2024361399395,2024,361399395,1,9,0,6,5,1,0,0,0,0,0,0,4,1,6,1,54,8,-1,-1,-1,-1,-1,-1,-1,0
Unvalidated,2024361399395,2024,361399395,2,9,0,18,6,6,0,0,0,0,0,0,1,1,6,1,24,5,-1,-1,-1,-1,8,1,E01026470,0
Unvalidated,2024361399556,2024,361399556,1,9,0,18,1,5,0,0,0,0,0,0,1,1,1,1,23,5,-1,-1,-1,-1,6,3,E01026904,0
Unvalidated,2024361399556,2024,361399556,2,9,0,18,1,5,0,0,0,0,0,0,2,1,6,2,70,10,-1,-1,-1,-1,7,3,E01026533,0
Unvalidated,2024361399632,2024,361399632,1,9,0,18,2,6,0,0,0,0,0,0,1,1,2,1,39,7,-1,-1,-1,-1,7,1,E01026837,0
Unvalidated,2024361399632,2024,361399632,2,9,0,18,2,6,0,0,0,0,0,0,2,1,2,2,53,8,-1,-1,-1,-1,5,3,E01026485,0
Unvalidated,2024361399632,2024,361399632,3,9,0,18,2,6,0,0,0,0,0,0,2,1,2,2,55,8,-1,-1,-1,-1,8,3,E01026881,0
Unvalidated,2024361399661,2024,361399661,1,9,0,18,7,3,0,0,1,0,0,0,1,1,2,2,31,6,-1,-1,-1,-1,10,2,E01026507,0
Unvalidated,2024361399661,2024,361399661,2,9,0,18,7,3,0,0,0,0,0,0,2,1,5,1,89,11,-1,-1,-1,-1,9,2,E01026513,0
Unvalidated,2024361399661,2024,361399661,3,9,0,18,7,3,0,0,0,0,0,0,1,1,2,1,21,5,-1,-1,-1,-1,4,1,E01026586,0
Unvalidated,2024361399661,2024,361399661,4,9,0,18,7,3,0,0,0,0,0,0,1,1,2,2,20,4,-1,-1,-1,-1,9,2,E01026509,0
Unvalidated,2024361399696,2024,361399696,1,9,0,5,7,3,9,0,5,0,7,10,1,1,5,1,18,4,-1,-1,-1,-1,6,2,E01026616,0
Unvalidated,2024361399808,2024,361399808,1,19,0,4,4,8,0,0,0,0,0,0,1,1,1,1,49,8,-1,-1,-1,-1,3,2,E01026888,0
Unvalidated,2024361399808,2024,361399808,2,9,0,4,4,8,0,0,0,0,0,0,2,1,2,2,52,8,-1,-1,-1,-1,3,3,E01021594,0
Unvalidated,2024361399920,2024,361399920,1,5,0,18,1,4,0,0,0,0,7,9,1,1,2,1,61,9,-1,-1,-1,-1,4,3,E01026728,0
Unvalidated,2024361400318,2024,361400318,1,17,0,-1,-1,-1,-1,0,-1,-1,-1,0,-1,1,1,1,-1,-1,-1,-1,-1,-1,4,2,E01026665,0
Unvalidated,2024361400422,2024,361400422,1,9,0,18,1,5,0,1,5,0,1,0,1,1,6,1,72,10,-1,-1,-1,-1,9,2,E01018299,0
Unvalidated,2024361400422,2024,361400422,2,9,0,10,1,8,0,5,0,0,0,0,1,1,6,1,37,7,-1,-1,-1,-1,5,3,E01026727,0
Unvalidated,2024361400422,2024,361400422,3,9,0,18,5,1,0,1,0,0,0,0,1,1,6,2,60,9,-1,-1,-1,-1,5,3,E01026715,0
Unvalidated,2024361400422,2024,361400422,4,9,0,4,7,7,0,6,0,0,0,0,1,1,6,2,73,10,-1,-1,-1,-1,4,3,E01026679,0
Unvalidated,2024361400428,2024,361400428,1,9,0,18,7,3,0,1,0,0,0,0,1,1,6,1,38,7,-1,-1,-1,-1,8,1,E01026714,0
Unvalidated,2024361400428,2024,361400428,2,19,0,4,3,7,0,1,0,0,0,0,1,1,1,1,35,6,-1,-1,-1,-1,1,1,E01026687,0
Unvalidated,2024361400428,2024,361400428,3,19,0,4,3,7,0,1,0,0,0,0,1,1,1,1,67,10,-1,-1,-1,-1,7,1,E01026669,0
Unvalidated,2024361400428,2024,361400428,4,9,0,3,7,3,0,1,0,0,0,0,2,1,5,2,39,7,-1,-1,-1,-1,9,3,E01026644,0
Unvalidated,2024361400469,2024,361400469,1,9,0,5,7,3,0,0,0,0,0,0,1,1,6,1,72,10,-1,-1,-1,-1,10,2,E01026926,0
Unvalidated,2024361400469,2024,361400469,2,9,0,5,7,3,0,0,0,0,0,0,2,1,6,2,53,8,-1,-1,-1,-1,8,1,E01026470,0
Unvalidated,2024361400481,2024,361400481,1,5,0,8,7,1,0,1,0,0,0,0,2,1,6,1,49,8,-1,-1,-1,-1,6,3,E01026896,0
Unvalidated,2024361400481,2024,361400481,2,9,0,3,7,1,0,1,0,0,0,0,1,1,6,2,46,8,-1,-1,-1,-1,4,2,E01026749,0
Unvalidated,2024361400513,2024,361400513,1,9,0,9,1,7,0,6,0,0,0,0,1,1,1,1,70,10,-1,-1,-1,-1,9,1,E01012996,0
Unvalidated,2024361400513,2024,361400513,2,9,0,18,7,3,0,1,0,0,0,0,4,1,6,2,33,6,-1,-1,-1,-1,5,3,E01026481,0
Unvalidated,2024361400525,2024,361400525,1,9,0,18,7,3,9,0,0,0,1,0,1,1,6,1,31,6,-1,-1,-1,-1,4,3,E01026695,0
Unvalidated,2024361400597,2024,361400597,1,9,0,3,-1,-1,0,0,1,0,0,0,3,1,6,3,-1,-1,-1,-1,-1,-1,-1,-1,-1,0
Unvalidated,2024361400597,2024,361400597,2,9,0,13,-1,-1,0,0,0,0,0,0,4,1,5,1,57,9,-1,-1,-1,-1,1,1,E01026808,0
Unvalidated,2024361400612,2024,361400612,1,9,0,-1,-1,-1,-1,0,0,0,0,0,2,1,6,1,83,11,-1,-1,-1,-1,4,1,E01026667,0
Unvalidated,2024361400612,2024,361400612,2,9,0,-1,-1,-1,-1,0,0,0,0,0,1,1,5,2,31,6,-1,-1,-1,-1,6,3,E01026722,0
Unvalidated,2024361400617,2024,361400617,1,9,0,11,-1,-1,0,3,0,0,0,0,4,1,6,1,-1,-1,-1,-1,-1,-1,1,1,E01033112,0
Unvalidated,2024361400617,2024,361400617,2,9,0,18,-1,-1,0,3,0,0,0,0,3,1,1,1,54,8,-1,-1,-1,-1,3,3,E01026696,0
Unvalidated,2024361400663,2024,361400663,1,9,0,18,2,6,0,0,0,0,0,0,1,1,6,1,32,6,-1,-1,-1,-1,4,1,E01026884,0
Unvalidated,2024361400663,2024,361400663,2,9,0,18,6,2,0,0,0,0,0,0,1,1,6,1,39,7,-1,-1,-1,-1,7,3,E01026897,0
Unvalidated,2024361400669,2024,361400669,1,90,0,18,1,3,0,1,0,0,0,0,0,1,3,1,49,8,-1,-1,-1,-1,5,3,E01026873,1
Unvalidated,2024361400870,2024,361400870,1,9,-1,-1,-1,-1,-1,0,-1,-1,-1,0,-1,1,6,3,-1,-1,-1,-1,-1,-1,-1,-1,-1,0
Unvalidated,2024361400870,2024,361400870,2,1,-1,-1,-1,-1,-1,0,-1,-1,-1,0,1,1,6,1,-1,-1,-1,-1,-1,-1,-1,-1,-1,0
Unvalidated,2024361401363,2024,361401363,1,9,0,5,5,1,0,1,0,0,0,0,1,1,1,1,56,9,-1,-1,-1,-1,9,1,E01026933,0
Unvalidated,2024361401642,2024,361401642,1,9,0,7,4,3,0,1,0,0,0,0,1,1,5,1,21,5,-1,-1,-1,-1,5,3,E01026783,0
Unvalidated,2024361401642,2024,361401642,2,9,0,8,3,3,0,1,0,0,0,0,1,1,5,1,63,9,-1,-1,-1,-1,9,3,-1,0
Unvalidated,2024361401700,2024,361401700,1,19,0,12,3,3,0,0,0,0,0,0,2,1,1,1,43,7,-1,-1,-1,-1,7,1,E01026565,0
Unvalidated,2024361401700,2024,361401700,2,9,0,15,5,3,9,0,0,0,0,0,2,1,1,1,21,5,-1,-1,-1,-1,8,2,E01026450,0
Unvalidated,2024361401870,2024,361401870,1,9,0,18,6,1,0,0,1,11,0,0,1,1,5,2,17,4,-1,-1,-1,-1,6,3,E01026436,0
Unvalidated,2024361401993,2024,361401993,1,19,0,18,2,4,0,8,0,0,7,4,1,1,6,1,19,4,-1,-1,-1,-1,7,3,E01026928,0
Unvalidated,2024361402050,2024,361402050,1,9,0,2,0,0,0,2,0,0,0,0,3,1,6,2,33,6,-1,-1,-1,-1,1,1,E01026800,0
Unvalidated,2024361402050,2024,361402050,2,1,0,15,3,7,0,2,0,4,0,0,1,1,2,2,52,8,-1,-1,-1,-1,1,1,E01026800,0
Unvalidated,2024361402108,2024,361402108,1,9,0,18,6,2,0,0,0,0,0,0,1,1,5,2,74,10,-1,-1,-1,-1,8,2,E01026508,0
Unvalidated,2024361402108,2024,361402108,2,9,0,18,6,2,0,0,0,0,0,0,1,1,5,1,37,7,-1,-1,-1,-1,2,1,E01030248,0
Unvalidated,2024361402130,2024,361402130,1,9,0,18,2,6,0,0,0,0,1,4,1,1,5,1,72,10,-1,-1,-1,-1,10,2,E01026907,0
Unvalidated,2024361402326,2024,361402326,1,9,0,9,1,7,0,1,0,0,0,0,3,1,5,1,27,6,-1,-1,-1,-1,2,1,E01030264,0
Unvalidated,2024361402326,2024,361402326,2,3,0,18,6,1,0,1,0,0,0,0,3,1,1,1,40,7,-1,-1,-1,-1,1,1,E01026625,0
Unvalidated,2024361402420,2024,361402420,1,9,0,18,2,5,0,0,1,0,0,0,3,2,5,1,77,11,-1,-1,-1,-1,6,1,E01023952,0
Unvalidated,2024361402420,2024,361402420,2,8,0,18,5,2,0,0,1,0,0,0,3,1,1,1,58,9,-1,-1,-1,-1,-1,-1,-1,0
Unvalidated,2024361402420,2024,361402420,3,98,1,18,5,2,0,0,0,0,0,0,0,2,1,1,50,8,-1,-1,-1,-1,4,3,E01030133,0
Unvalidated,2024361402498,2024,361402498,1,9,0,18,5,1,9,0,0,0,0,0,1,1,6,3,-1,-1,-1,-1,-1,-1,-1,-1,-1,0
Unvalidated,2024361402756,2024,361402756,1,9,0,18,7,3,0,0,1,11,7,11,1,1,1,1,23,5,-1,-1,-1,-1,7,2,E01026502,0
Unvalidated,2024361402797,2024,361402797,1,9,0,9,5,3,0,8,0,0,0,0,3,1,2,2,61,9,-1,-1,-1,-1,6,3,E01026512,0
Unvalidated,2024361402797,2024,361402797,2,5,0,18,3,7,0,7,0,0,0,0,1,1,2,1,24,5,-1,-1,-1,-1,6,3,E01026498,0
Unvalidated,2024361402802,2024,361402802,1,19,0,18,7,3,0,1,0,0,0,0,1,1,1,1,44,7,-1,-1,-1,-1,7,1,E01026673,0
Unvalidated,2024361402802,2024,361402802,2,19,0,18,5,1,0,1,0,0,0,0,4,1,1,1,56,9,-1,-1,-1,-1,4,3,E01026445,0
Unvalidated,2024361402853,2024,361402853,1,9,0,2,3,5,0,1,0,0,0,0,2,1,1,2,23,5,-1,-1,-1,-1,4,3,E01026780,0
Unvalidated,2024361402853,2024,361402853,2,98,0,18,1,5,0,4,0,4,0,0,1,1,1,1,-1,-1,-1,-1,-1,-1,5,3,E01026730,0
Unvalidated,2024361403101,2024,361403101,1,9,0,9,4,1,0,1,0,0,0,0,1,1,6,1,44,7,-1,-1,-1,-1,-1,-1,-1,0
Unvalidated,2024361403101,2024,361403101,2,9,0,18,1,5,0,1,0,0,0,0,4,1,6,2,35,6,-1,-1,-1,-1,8,2,E01026450,0
Unvalidated,2024361403122,2024,361403122,1,9,0,12,7,5,0,3,0,0,0,0,3,1,6,1,40,7,-1,-1,-1,-1,6,3,E01026545,0
Unvalidated,2024361403122,2024,361403122,2,9,0,18,7,3,0,3,0,0,0,0,4,1,1,2,26,6,-1,-1,-1,-1,4,1,E01026589,0
Unvalidated,2024361403184,2024,361403184,1,9,0,6,4,1,0,6,0,0,0,0,4,1,5,2,55,8,-1,-1,-1,-1,4,2,E01026743,0
Unvalidated,2024361403184,2024,361403184,2,9,0,18,5,1,0,1,0,0,0,0,1,1,5,2,66,10,-1,-1,-1,-1,-1,3,-1,0
Unvalidated,2024361403386,2024,361403386,1,9,0,18,5,1,0,0,5,0,7,0,1,1,2,2,33,6,-1,-1,-1,-1,7,3,E01026928,0
Unvalidated,2024361403472,2024,361403472,1,5,0,10,6,3,0,1,0,0,0,0,0,1,5,1,62,9,-1,-1,-1,-1,9,2,E01026906,0
Unvalidated,2024361403574,2024,361403574,1,9,0,18,1,5,0,0,5,0,1,0,1,1,5,1,27,6,-1,-1,-1,-1,5,3,E01026493,0
Unvalidated,2024361403585,2024,361403585,1,9,0,18,3,7,0,0,0,0,1,1,1,1,5,2,76,11,-1,-1,-1,-1,7,1,E01026432,0
Unvalidated,2024361403677,2024,361403677,1,9,0,18,1,5,0,0,1,0,1,0,1,1,5,1,62,9,-1,-1,-1,-1,6,2,E01026424,0
Unvalidated,2024361403677,2024,361403677,2,98,1,18,5,1,0,0,0,0,1,0,1,1,1,1,39,7,-1,-1,-1,-1,1,1,E01015658,0
Unvalidated,2024361403702,2024,361403702,1,9,0,18,7,3,0,0,0,0,0,0,1,1,6,1,40,7,-1,-1,-1,-1,6,1,E01026520,0
Unvalidated,2024361403702,2024,361403702,2,9,0,4,7,3,0,0,0,0,0,0,2,1,6,2,36,7,-1,-1,-1,-1,1,1,E01026869,0
Unvalidated,2024361403766,2024,361403766,1,1,-1,18,5,1,0,1,0,0,0,0,-1,1,6,3,-1,-1,-1,-1,-1,-1,-1,-1,-1,0
Unvalidated,2024361403837,2024,361403837,1,19,0,18,1,5,0,0,0,0,0,0,1,1,1,1,57,9,-1,-1,-1,-1,2,1,E01026834,0
Unvalidated,2024361403984,2024,361403984,1,97,0,18,2,6,0,0,1,0,0,0,1,1,3,1,16,4,-1,-1,-1,-1,9,1,E01026570,0
Unvalidated,2024361403984,2024,361403984,2,9,0,5,8,2,0,0,0,0,0,0,3,1,3,2,28,6,-1,-1,-1,-1,8,1,E01026563,0
Unvalidated,2024361404029,2024,361404029,1,19,0,11,7,4,0,3,0,0,1,2,4,1,2,1,29,6,-1,-1,-1,-1,7,1,E01027616,0
Unvalidated,2024361404029,2024,361404029,2,9,0,11,1,5,0,3,0,0,0,0,2,1,5,2,18,4,-1,-1,-1,-1,7,2,E01026723,0
Unvalidated,2024361404094,2024,361404094,1,9,0,5,1,5,0,8,0,0,0,0,3,1,5,2,23,5,-1,-1,-1,-1,1,1,E01026634,0
Unvalidated,2024361404094,2024,361404094,2,9,0,18,7,3,0,8,0,11,0,0,1,1,5,2,18,4,-1,-1,-1,-1,6,2,E01026615,0
Unvalidated,2024361404123,2024,361404123,1,9,0,4,6,2,0,1,0,0,0,0,1,1,6,1,84,11,-1,-1,-1,-1,5,3,E01026727,0
Unvalidated,2024361404123,2024,361404123,2,9,0,4,6,2,0,1,0,0,0,0,2,1,6,2,66,10,-1,-1,-1,-1,6,2,E01026686,0
Unvalidated,2024361404243,2024,361404243,1,9,0,18,5,1,0,0,0,0,0,0,1,1,6,1,55,8,-1,-1,-1,-1,9,1,E01026582,0
Unvalidated,2024361404243,2024,361404243,2,9,0,18,5,1,0,0,0,0,0,0,2,1,5,1,65,9,-1,-1,-1,-1,6,3,E01026613,0
Unvalidated,2024361404367,2024,361404367,1,9,0,18,3,8,0,4,0,0,0,0,1,1,1,2,26,6,-1,-1,-1,-1,2,1,E01026802,0
Unvalidated,2024361404367,2024,361404367,2,1,0,18,1,5,0,4,0,0,0,0,1,1,6,1,54,8,-1,-1,-1,-1,6,1,E01026555,0
Unvalidated,2024361404413,2024,361404413,1,9,0,18,6,2,0,0,2,0,7,10,4,1,3,2,20,4,-1,-1,-1,-1,7,3,E01026462,0
Unvalidated,2024361404415,2024,361404415,1,9,0,13,4,8,0,1,0,0,0,0,1,1,2,1,25,5,-1,-1,-1,-1,-1,-1,-1,0
Unvalidated,2024361404415,2024,361404415,2,9,0,18,8,4,0,1,1,0,1,0,1,1,5,1,78,11,-1,-1,-1,-1,6,2,E01026919,0
Unvalidated,2024361404415,2024,361404415,3,21,1,18,4,8,0,2,0,0,0,0,3,1,1,1,60,9,-1,-1,-1,-1,4,3,E01030295,0
Unvalidated,2024361404443,2024,361404443,1,9,-1,18,5,1,0,0,0,0,0,0,1,1,6,3,-1,-1,-1,-1,-1,-1,-1,-1,-1,0
Unvalidated,2024361404528,2024,361404528,1,9,0,18,6,3,0,1,0,0,0,0,1,1,6,1,38,7,-1,-1,-1,-1,6,3,E01026535,0
Unvalidated,2024361404528,2024,361404528,2,9,0,10,6,3,0,1,0,0,0,0,2,1,6,2,18,4,-1,-1,-1,-1,4,3,E01026780,0
Unvalidated,2024361404580,2024,361404580,1,9,0,18,6,3,0,1,1,0,8,4,1,1,5,1,18,4,-1,-1,-1,-1,5,3,E01026423,0
Unvalidated,2024361404622,2024,361404622,1,9,0,18,1,5,0,6,0,0,3,0,4,1,6,1,30,6,-1,-1,-1,-1,1,1,E01026819,0
Unvalidated,2024361404622,2024,361404622,2,9,0,18,3,7,0,1,0,0,0,0,1,1,6,1,30,6,-1,-1,-1,-1,7,3,E01026903,0
Unvalidated,2024361404846,2024,361404846,1,9,-1,-1,-1,-1,-1,0,-1,-1,-1,0,-1,1,6,1,-1,-1,-1,-1,-1,-1,-1,-1,-1,0
Unvalidated,2024361404846,2024,361404846,2,1,-1,-1,-1,-1,-1,0,-1,-1,-1,0,-1,1,6,2,-1,-1,-1,-1,-1,-1,-1,-1,-1,0
Unvalidated,2024361404913,2024,361404913,1,9,0,18,7,3,0,0,1,0,1,0,1,1,6,1,23,5,-1,-1,-1,-1,6,3,E01026899,0
Unvalidated,2024361404913,2024,361404913,2,9,0,2,0,0,0,0,1,0,1,0,2,1,6,1,58,9,-1,-1,-1,-1,6,1,E01026612,0
Unvalidated,2024361404960,2024,361404960,1,9,0,18,1,5,0,1,0,0,0,0,1,1,5,1,70,10,-1,-1,-1,-1,8,3,E01026886,0
Unvalidated,2024361404960,2024,361404960,2,9,0,18,5,1,0,1,0,0,0,0,1,1,6,1,45,7,-1,-1,-1,-1,9,2,E01026938,0
Unvalidated,2024361404999,2024,361404999,1,9,0,1,4,8,0,0,0,0,0,0,2,1,5,1,25,5,-1,-1,-1,-1,6,3,E01026580,0
Unvalidated,2024361405014,2024,361405014,1,9,0,18,7,3,0,8,0,0,0,0,4,1,6,1,38,7,-1,-1,-1,-1,7,1,E01026672,0
Unvalidated,2024361405014,2024,361405014,2,9,0,5,1,3,0,8,0,0,0,0,1,1,6,1,28,6,-1,-1,-1,-1,6,2,E01026707,0
Unvalidated,2024361405021,2024,361405021,1,9,0,7,1,3,0,6,1,0,0,0,3,1,6,1,23,5,-1,-1,-1,-1,4,1,E01026864,0
Unvalidated,2024361405021,2024,361405021,2,9,0,18,7,3,0,1,1,0,7,0,1,1,6,2,29,6,-1,-1,-1,-1,6,3,E01026479,0
Unvalidated,2024361405244,2024,361405244,1,9,0,13,5,1,0,0,1,0,0,0,1,1,6,1,56,9,-1,-1,-1,-1,6,3,E01026515,0
Unvalidated,2024361405244,2024,361405244,2,90,4,5,5,1,0,0,0,0,0,0,3,1,1,1,57,9,-1,-1,-1,-1,6,3,E01026514,0
Unvalidated,2024361405256,2024,361405256,1,9,0,18,3,5,0,8,0,0,0,0,3,1,2,1,52,8,-1,-1,-1,-1,4,1,E01026846,0
Unvalidated,2024361405256,2024,361405256,2,9,0,4,2,3,0,8,0,0,0,0,1,1,1,1,34,6,-1,-1,-1,-1,6,1,E01026797,0
Unvalidated,2024361405319,2024,361405319,1,3,0,5,3,7,0,2,0,0,0,0,0,1,2,1,20,4,-1,-1,-1,-1,9,1,E01026933,0
Unvalidated,2024361405352,2024,361405352,1,9,0,8,8,4,0,1,0,0,0,0,3,1,6,2,36,7,-1,-1,-1,-1,1,1,E01030247,0
Unvalidated,2024361405668,2024,361405668,1,1,0,18,1,2,0,0,0,0,0,0,0,1,2,2,36,7,-1,-1,-1,-1,8,1,E01026840,0
Unvalidated,2024361405758,2024,361405758,1,9,0,9,8,7,0,2,0,0,0,0,1,1,5,1,51,8,-1,-1,-1,-1,3,1,E01026861,0
Unvalidated,2024361405758,2024,361405758,2,1,0,18,8,4,0,8,0,0,0,0,4,1,6,2,52,8,-1,-1,-1,-1,1,1,E01026868,0
Unvalidated,2024361405760,2024,361405760,1,9,0,18,8,5,0,6,0,0,0,0,3,1,2,1,39,7,-1,-1,-1,-1,8,3,E01026895,0
Unvalidated,2024361405760,2024,361405760,2,9,0,18,7,3,0,8,0,0,0,0,3,1,5,1,29,6,-1,-1,-1,-1,2,3,E01033040,0
Unvalidated,2024361405780,2024,361405780,1,9,0,7,3,5,0,7,0,0,0,0,1,2,6,1,41,7,-1,-1,-1,-1,4,1,E01026640,0
Unvalidated,2024361405861,2024,361405861,1,19,0,5,1,5,0,1,0,0,0,0,3,1,5,1,29,6,-1,-1,-1,-1,6,3,E01026436,0
Unvalidated,2024361405861,2024,361405861,2,9,0,18,7,3,0,1,0,0,0,0,1,1,5,2,51,8,-1,-1,-1,-1,7,1,E01026427,0
Unvalidated,2024361405969,2024,361405969,1,9,0,18,5,1,0,0,0,0,0,0,4,1,6,2,82,11,-1,-1,-1,-1,6,3,E01026781,0
Unvalidated,2024361406037,2024,361406037,1,9,0,18,1,7,0,8,0,0,0,0,1,1,6,1,34,6,-1,-1,-1,-1,1,1,E01026626,0