status,collision_index,collision_year,collision_reference,vehicle_reference,vehicle_type,towing_and_articulation,vehicle_manoeuvre,vehicle_direction_from,vehicle_direction_to,vehicle_location_restricted_lane,junction_location,skidding_and_overturning,hit_object_in_carriageway,vehicle_leaving_carriageway,hit_object_off_carriageway,first_point_of_impact,vehicle_left_hand_drive,journey_purpose_of_driver,sex_of_driver,age_of_driver,age_band_of_driver,engine_capacity_cc,propulsion_code,age_of_vehicle,generic_make_model,driver_imd_decile,driver_home_area_type,lsoa_of_driver,escooter_flag
Unvalidated,2024361406249,2024,361406249,1,21,1,18,7,3,0,0,2,0,1,1,4,1,1,1,61,9,-1,-1,-1,-1,3,2,E01026447,0
Unvalidated,2024361406434,2024,361406434,1,9,0,18,5,1,0,1,0,0,0,0,1,1,6,1,77,11,-1,-1,-1,-1,9,2,E01026500,0
Unvalidated,2024361406499,2024,361406499,1,4,0,18,3,7,5,0,0,0,7,4,1,1,6,1,45,7,-1,-1,-1,-1,7,3,E01018057,0
Unvalidated,2024361406502,2024,361406502,1,9,0,18,3,7,0,0,0,0,0,0,1,1,5,1,39,7,-1,-1,-1,-1,1,1,E01026662,0
Unvalidated,2024361406796,2024,361406796,1,-1,-1,18,2,6,0,8,0,0,0,0,1,1,6,3,-1,-1,-1,-1,-1,-1,-1,-1,-1,0
Unvalidated,2024361406796,2024,361406796,2,1,0,18,4,8,0,8,0,0,0,0,3,1,5,1,24,5,-1,-1,-1,-1,8,1,E01026531,0
Unvalidated,2024361406879,2024,361406879,1,9,0,18,5,1,0,0,1,0,0,0,1,1,2,1,52,8,-1,-1,-1,-1,7,3,E01026539,0
Unvalidated,2024361406963,2024,361406963,1,9,0,18,7,3,0,0,0,0,0,0,2,1,2,1,40,7,-1,-1,-1,-1,-1,1,-1,0
Unvalidated,2024361406963,2024,361406963,2,9,0,18,7,3,0,0,1,0,7,0,2,1,5,1,48,8,-1,-1,-1,-1,4,1,E01026429,0
Unvalidated,2024361407052,2024,361407052,1,19,0,9,5,3,0,2,0,0,0,0,4,1,1,1,39,7,-1,-1,-1,-1,3,1,E01033439,0
Unvalidated,2024361407052,2024,361407052,2,19,0,18,8,4,0,1,0,0,0,0,1,1,2,1,38,7,-1,-1,-1,-1,9,1,E01026560,0
Unvalidated,2024361407215,2024,361407215,1,5,0,18,6,2,0,8,1,0,0,0,4,1,5,1,24,5,-1,-1,-1,-1,7,2,E01026536,0
Unvalidated,2024361407215,2024,361407215,2,9,0,10,7,5,0,6,0,0,0,0,1,1,5,2,50,8,-1,-1,-1,-1,7,1,E01026835,0
Unvalidated,2024361407215,2024,361407215,3,9,0,18,2,5,0,8,0,0,0,0,1,1,5,2,20,4,-1,-1,-1,-1,5,3,E01026442,0
Unvalidated,2024361407361,2024,361407361,1,9,0,18,2,6,0,0,0,0,0,0,3,1,6,1,75,10,-1,-1,-1,-1,4,3,E01026780,0
Unvalidated,2024361407361,2024,361407361,2,9,0,18,7,3,0,0,0,0,0,0,3,1,6,1,36,7,-1,-1,-1,-1,4,3,E01026787,0
Unvalidated,2024361407417,2024,361407417,1,9,0,9,2,4,0,1,0,0,0,0,1,1,5,1,77,11,-1,-1,-1,-1,5,3,E01026523,0
Unvalidated,2024361407417,2024,361407417,2,9,0,18,8,4,9,1,0,0,7,0,1,1,6,1,43,7,-1,-1,-1,-1,5,3,E01026523,0
Unvalidated,2024361407463,2024,361407463,1,9,0,18,3,7,0,0,0,0,0,0,1,1,5,1,81,11,-1,-1,-1,-1,9,1,E01026576,0
Unvalidated,2024361407463,2024,361407463,2,9,0,18,3,7,0,0,0,0,0,0,1,1,6,2,51,8,-1,-1,-1,-1,1,1,E01026809,0
Unvalidated,2024361407465,2024,361407465,1,9,0,9,4,2,0,8,0,0,0,0,1,1,2,1,57,9,-1,-1,-1,-1,5,1,E01026970,0
Unvalidated,2024361407465,2024,361407465,2,9,0,18,2,6,0,8,0,0,7,0,4,1,2,1,61,9,-1,-1,-1,-1,6,3,E01026545,0
Unvalidated,2024361407501,2024,361407501,1,9,0,18,6,4,0,8,0,0,0,0,1,1,6,2,22,5,-1,-1,-1,-1,6,2,E01033036,0
Unvalidated,2024361407501,2024,361407501,2,9,0,9,8,6,0,8,0,0,0,0,3,1,6,2,32,6,-1,-1,-1,-1,6,2,E01033036,0
Unvalidated,2024361407747,2024,361407747,1,3,0,10,4,8,0,1,0,0,0,0,2,1,6,2,38,7,-1,-1,-1,-1,9,2,E01026908,0
Unvalidated,2024361407747,2024,361407747,2,9,0,10,4,6,0,1,0,0,0,0,1,1,6,2,43,7,-1,-1,-1,-1,9,1,E01026933,0
Unvalidated,2024361407764,2024,361407764,1,19,0,4,7,3,0,0,0,0,0,0,1,1,6,3,30,6,-1,-1,-1,-1,-1,-1,-1,0
Unvalidated,2024361407764,2024,361407764,2,9,0,4,7,3,0,0,0,0,0,0,2,1,6,1,45,7,-1,-1,-1,-1,6,3,E01026424,0
Unvalidated,2024361407840,2024,361407840,1,9,0,18,4,1,0,0,1,10,2,0,2,1,5,1,23,5,-1,-1,-1,-1,5,3,E01026481,0
Unvalidated,2024361407912,2024,361407912,1,9,0,2,0,0,9,1,0,0,0,0,0,1,6,1,37,7,-1,-1,-1,-1,5,2,E01026745,0
Unvalidated,2024361407912,2024,361407912,2,9,0,9,1,7,0,6,0,0,0,0,1,1,6,2,73,10,-1,-1,-1,-1,6,3,E01026436,0
Unvalidated,2024361407912,2024,361407912,3,9,0,18,7,4,0,1,0,0,0,0,1,1,6,1,44,7,-1,-1,-1,-1,4,3,E01026522,0
Unvalidated,2024361407912,2024,361407912,4,9,0,9,4,8,0,1,0,0,0,0,1,1,6,2,43,7,-1,-1,-1,-1,6,3,E01026436,0
Unvalidated,2024361408065,2024,361408065,1,9,0,18,-1,-1,0,0,0,0,0,0,-1,1,6,3,-1,-1,-1,-1,-1,-1,-1,-1,-1,0
Unvalidated,2024361408065,2024,361408065,2,1,0,18,-1,-1,0,0,0,0,0,0,-1,1,6,1,16,4,-1,-1,-1,-1,5,3,E01026491,0
Unvalidated,2024361408108,2024,361408108,1,1,0,18,5,1,0,0,0,0,0,0,3,1,6,1,88,11,-1,-1,-1,-1,7,3,E01030054,0
Unvalidated,2024361408158,2024,361408158,1,9,0,18,7,3,0,0,5,0,2,11,1,1,3,1,56,9,-1,-1,-1,-1,4,3,E01026763,0
Unvalidated,2024361408169,2024,361408169,1,21,1,18,8,4,0,0,5,0,1,0,0,1,1,1,66,10,-1,-1,-1,-1,4,3,E01026679,0
Unvalidated,2024361408173,2024,361408173,1,19,0,18,2,6,0,1,0,0,1,0,1,1,1,1,60,9,-1,-1,-1,-1,6,3,E01029944,0
Unvalidated,2024361408173,2024,361408173,2,9,0,18,4,8,0,1,0,0,1,0,1,1,6,1,57,9,-1,-1,-1,-1,5,3,E01026491,0
Unvalidated,2024361408208,2024,361408208,1,9,0,16,7,3,0,0,2,0,1,0,4,1,5,2,17,4,-1,-1,-1,-1,4,2,E01018062,0
Unvalidated,2024361408243,2024,361408243,1,9,0,18,7,3,0,8,1,4,0,0,1,1,6,1,28,6,-1,-1,-1,-1,-1,-1,-1,0
Unvalidated,2024361408243,2024,361408243,2,19,0,2,8,3,6,2,0,4,0,0,2,1,6,3,-1,-1,-1,-1,-1,-1,-1,-1,-1,0
Unvalidated,2024361408243,2024,361408243,3,19,0,2,3,2,6,1,0,4,0,0,2,1,6,3,-1,-1,-1,-1,-1,-1,-1,-1,-1,0
Unvalidated,2024361408323,2024,361408323,1,9,0,18,3,5,0,0,0,0,1,4,1,1,5,2,38,7,-1,-1,-1,-1,9,3,E01026448,0
Unvalidated,2024361408478,2024,361408478,1,11,0,2,0,0,0,5,0,0,0,0,4,1,1,1,28,6,-1,-1,-1,-1,7,1,E01026917,0
Unvalidated,2024361408528,2024,361408528,1,9,0,18,6,2,0,0,0,0,0,0,1,1,5,1,19,4,-1,-1,-1,-1,-1,-1,-1,0
Unvalidated,2024361408528,2024,361408528,2,9,0,18,1,4,0,0,0,0,0,0,1,1,6,2,41,7,-1,-1,-1,-1,-1,1,-1,0
Unvalidated,2024361408696,2024,361408696,1,9,0,18,3,5,0,0,0,0,0,0,3,1,6,2,53,8,-1,-1,-1,-1,3,1,E01026639,0
Unvalidated,2024361408696,2024,361408696,2,9,0,18,7,6,0,0,0,0,0,0,4,1,6,3,-1,-1,-1,-1,-1,-1,-1,-1,-1,0
Unvalidated,2024361408704,2024,361408704,1,9,0,18,4,8,9,0,1,0,1,0,0,1,5,1,28,6,-1,-1,-1,-1,-1,-1,-1,0
Unvalidated,2024361408855,2024,361408855,1,19,0,18,5,3,0,8,0,0,0,0,0,1,5,1,51,8,-1,-1,-1,-1,5,1,E01026831,0
Unvalidated,2024361408901,2024,361408901,1,9,0,18,8,4,0,2,0,0,1,0,4,1,5,1,29,6,-1,-1,-1,-1,3,1,E01018109,0
Unvalidated,2024361408901,2024,361408901,2,9,-1,18,4,8,0,2,0,0,0,0,-1,1,6,3,-1,-1,-1,-1,-1,-1,-1,-1,-1,0
Unvalidated,2024361408912,2024,361408912,1,19,0,18,7,4,0,0,0,4,0,0,1,1,2,1,35,6,-1,-1,-1,-1,-1,-1,-1,0
Unvalidated,2024361408912,2024,361408912,2,19,0,4,5,5,0,0,0,0,0,0,2,1,6,3,-1,-1,-1,-1,-1,-1,-1,-1,-1,0
Unvalidated,2024361408968,2024,361408968,1,9,0,7,2,5,0,5,1,0,1,0,1,1,2,1,20,4,-1,-1,-1,-1,6,3,E01026524,0
Unvalidated,2024361408968,2024,361408968,2,9,0,18,6,1,0,7,0,0,0,0,3,1,6,1,39,7,-1,-1,-1,-1,10,2,E01026915,0
Unvalidated,2024361408978,2024,361408978,1,9,0,18,3,7,0,0,0,0,7,0,1,1,5,1,36,7,-1,-1,-1,-1,4,3,E01026280,0
Unvalidated,2024361409002,2024,361409002,1,9,0,18,7,3,0,4,0,0,0,0,3,1,5,1,67,10,-1,-1,-1,-1,4,1,E01026884,0
Unvalidated,2024361409002,2024,361409002,2,9,0,18,5,1,0,8,0,0,0,0,1,1,5,2,31,6,-1,-1,-1,-1,10,2,E01026915,0
Unvalidated,2024361409028,2024,361409028,1,9,0,18,7,3,0,0,0,0,1,0,3,1,1,1,25,5,-1,-1,-1,-1,10,2,E01026915,0
Unvalidated,2024361409028,2024,361409028,2,9,0,18,4,7,0,0,0,0,0,0,4,1,1,1,18,4,-1,-1,-1,-1,7,3,E01026484,0
Unvalidated,2024361409067,2024,361409067,1,9,0,18,1,5,0,1,0,0,0,0,4,1,6,2,26,6,-1,-1,-1,-1,1,1,E01030291,0
Unvalidated,2024361409067,2024,361409067,2,1,0,18,1,5,0,1,0,0,0,0,2,1,5,1,19,4,-1,-1,-1,-1,4,3,E01026609,0
Unvalidated,2024361409443,2024,361409443,1,11,0,2,7,3,0,0,0,4,0,0,4,1,6,3,-1,-1,-1,-1,-1,-1,-1,-1,-1,0
Unvalidated,2024361409493,2024,361409493,1,9,0,18,3,7,0,0,0,0,0,0,1,1,5,1,67,10,-1,-1,-1,-1,9,1,E01030148,0
Unvalidated,2024361409493,2024,361409493,2,9,0,18,3,7,0,0,0,0,0,0,2,1,5,2,24,5,-1,-1,-1,-1,2,1,E01008884,0
Unvalidated,2024361409508,2024,361409508,1,9,0,5,1,7,0,6,0,0,0,0,3,1,6,2,17,4,-1,-1,-1,-1,6,1,E01026664,0
Unvalidated,2024361409508,2024,361409508,2,3,0,14,7,3,0,1,5,0,0,0,1,1,2,1,18,4,-1,-1,-1,-1,6,2,E01026456,0
Unvalidated,2024361409540,2024,361409540,1,9,0,5,7,2,0,4,0,0,0,0,1,1,1,1,29,6,-1,-1,-1,-1,5,3,E01033435,0
Unvalidated,2024361409540,2024,361409540,2,1,0,7,5,1,0,3,0,0,0,0,3,1,1,1,52,8,-1,-1,-1,-1,9,1,E01026933,0
Unvalidated,2024361409591,2024,361409591,1,20,0,4,7,3,0,0,0,0,0,0,1,1,1,1,36,7,-1,-1,-1,-1,2,1,E01026633,0
Unvalidated,2024361409591,2024,361409591,2,9,0,3,7,3,0,0,0,0,0,0,2,1,6,1,44,7,-1,-1,-1,-1,9,2,E01026513,0
Unvalidated,2024361409591,2024,361409591,3,9,0,3,7,3,0,0,0,0,0,0,2,1,6,1,34,6,-1,-1,-1,-1,10,2,E01026507,0
Unvalidated,2024361409599,2024,361409599,1,9,0,9,1,1,0,8,0,0,0,0,4,1,5,1,41,7,-1,-1,-1,-1,6,1,E01026664,0
Unvalidated,2024361409599,2024,361409599,2,9,0,5,4,3,0,8,0,0,0,0,3,1,5,2,21,5,-1,-1,-1,-1,5,2,E01018047,0
Unvalidated,2024361409710,2024,361409710,1,21,1,9,6,3,0,8,0,0,0,0,1,2,1,1,37,7,-1,-1,-1,-1,-1,-1,-1,0
Unvalidated,2024361409710,2024,361409710,2,9,0,18,6,2,0,8,0,0,0,0,4,1,6,2,21,5,-1,-1,-1,-1,7,3,E01026484,0
Unvalidated,2024361409865,2024,361409865,1,9,0,18,5,1,0,0,0,0,0,0,1,1,6,3,-1,-1,-1,-1,-1,-1,-1,-1,-1,0
Unvalidated,2024361409906,2024,361409906,1,9,0,-1,-1,-1,-1,-1,-1,-1,-1,0,-1,1,6,2,71,10,-1,-1,-1,-1,7,3,E01026897,0
Unvalidated,2024361409906,2024,361409906,2,1,-1,-1,-1,-1,-1,-1,-1,-1,-1,0,-1,1,6,1,59,9,-1,-1,-1,-1,8,3,E01026937,0
Unvalidated,2024361410077,2024,361410077,1,9,0,5,7,2,0,0,0,0,0,0,1,1,1,1,60,9,-1,-1,-1,-1,10,2,E01026915,0
Unvalidated,2024361410077,2024,361410077,2,1,0,18,1,3,0,0,0,0,0,0,1,1,6,1,62,9,-1,-1,-1,-1,10,3,E01026915,0
Unvalidated,2024361410091,2024,361410091,1,19,0,18,7,3,0,0,0,0,0,0,1,1,1,1,32,6,-1,-1,-1,-1,7,2,E01026257,0
Unvalidated,2024361410091,2024,361410091,2,20,0,5,3,7,0,0,0,0,0,0,1,1,1,1,26,6,-1,-1,-1,-1,-1,2,-1,0
Unvalidated,2024361410308,2024,361410308,1,9,0,9,1,5,0,2,0,0,0,0,1,1,1,1,56,9,-1,-1,-1,-1,5,1,E01026870,0
Unvalidated,2024361410308,2024,361410308,2,97,0,18,6,2,0,1,0,0,0,0,1,1,1,1,28,6,-1,-1,-1,-1,-1,2,-1,0
Unvalidated,2024361410500,2024,361410500,1,2,0,4,7,4,0,1,0,0,0,0,1,1,6,2,21,5,-1,-1,-1,-1,4,3,E01026694,0
Unvalidated,2024361410500,2024,361410500,2,9,0,4,7,3,0,1,0,0,0,0,2,1,6,2,27,6,-1,-1,-1,-1,2,3,E01026711,0
Unvalidated,2024361410610,2024,361410610,1,9,0,5,2,6,0,8,0,0,0,0,1,1,6,2,94,11,-1,-1,-1,-1,9,1,E01026933,0
Unvalidated,2024361410610,2024,361410610,2,9,0,5,6,2,0,8,0,0,0,0,1,1,6,2,35,6,-1,-1,-1,-1,9,2,E01026938,0
Unvalidated,2024361410669,2024,361410669,1,9,0,18,5,2,0,0,0,0,1,9,1,1,2,2,24,5,-1,-1,-1,-1,6,3,E01026877,0
Unvalidated,2024361410918,2024,361410918,1,9,0,1,-1,-1,0,0,0,0,0,0,4,1,5,1,42,7,-1,-1,-1,-1,6,2,E01030052,0
Unvalidated,2024361410927,2024,361410927,1,19,0,18,-1,-1,0,2,0,0,0,0,4,1,6,3,-1,-1,-1,-1,-1,-1,-1,-1,-1,0
Unvalidated,2024361410928,2024,361410928,1,9,0,1,-1,-1,0,0,0,0,0,0,0,1,6,2,58,9,-1,-1,-1,-1,3,2,E01026888,0
Unvalidated,2024361410928,2024,361410928,2,3,0,18,-1,-1,0,0,1,0,1,0,3,1,5,1,17,4,-1,-1,-1,-1,3,1,E01026631,0
Unvalidated,2024361410950,2024,361410950,1,3,0,18,5,1,0,0,1,0,0,0,1,1,6,1,18,4,-1,-1,-1,-1,4,2,E01026763,0
Unvalidated,2024361410950,2024,361410950,2,9,0,18,1,5,0,0,0,0,0,0,0,1,6,2,68,10,-1,-1,-1,-1,3,3,E01026782,0
Unvalidated,2024361410970,2024,361410970,1,9,0,18,5,4,0,1,1,0,3,0,1,1,6,1,68,10,-1,-1,-1,-1,3,3,E01026684,0
Unvalidated,2024361411120,2024,361411120,1,9,0,18,1,5,0,0,0,4,0,0,1,1,6,1,30,6,-1,-1,-1,-1,9,3,E01026901,0
Unvalidated,2024361411120,2024,361411120,2,9,0,2,0,0,0,0,0,0,0,0,3,1,6,3,-1,-1,-1,-1,-1,-1,-1,-1,-1,0
Unvalidated,2024361411305,2024,361411305,1,9,0,18,4,8,0,1,0,0,0,0,1,1,6,3,-1,-1,-1,-1,-1,-1,-1,-1,-1,0
Unvalidated,2024361411305,2024,361411305,2,3,0,9,7,5,0,1,0,0,0,0,1,1,1,1,27,6,-1,-1,-1,-1,1,1,E01026869,0
Unvalidated,2024361411367,2024,361411367,1,9,0,18,2,6,0,0,1,10,0,0,1,1,5,1,29,6,-1,-1,-1,-1,-1,-1,-1,0
Unvalidated,2024361411367,2024,361411367,2,9,0,3,6,2,0,0,0,0,0,0,1,1,5,1,28,6,-1,-1,-1,-1,-1,-1,-1,0
Unvalidated,2024361411367,2024,361411367,3,9,0,3,6,2,0,0,0,0,0,0,1,1,5,1,44,7,-1,-1,-1,-1,7,1,E01023605,0
Unvalidated,2024361411383,2024,361411383,1,9,0,18,7,3,0,0,0,0,0,0,1,1,5,1,24,5,-1,-1,-1,-1,6,3,E01026437,0
Unvalidated,2024361411383,2024,361411383,2,9,0,4,2,6,0,0,0,0,0,0,1,1,5,2,49,8,-1,-1,-1,-1,8,3,E01025771,0
Unvalidated,2024361411410,2024,361411410,1,9,0,18,6,2,0,0,0,0,0,0,1,1,1,2,26,6,-1,-1,-1,-1,8,3,E01033538,0
Unvalidated,2024361411410,2024,361411410,2,9,0,18,6,2,0,0,0,0,0,0,2,1,1,1,28,6,-1,-1,-1,-1,4,1,E01026426,0
Unvalidated,2024361411410,2024,361411410,3,9,0,18,6,2,0,0,0,0,0,0,1,1,1,2,62,9,-1,-1,-1,-1,6,3,E01026919,0
Unvalidated,2024361411410,2024,361411410,4,9,0,18,6,2,0,0,0,0,0,0,1,1,2,1,40,7,-1,-1,-1,-1,6,3,E01026919,0
Unvalidated,2024361411431,2024,361411431,1,9,0,9,4,1,0,8,0,0,0,0,3,1,2,1,37,7,-1,-1,-1,-1,2,1,E01026829,0
Unvalidated,2024361411660,2024,361411660,1,9,0,18,2,6,0,8,0,0,0,0,4,1,5,1,55,8,-1,-1,-1,-1,7,1,E01026835,0
Unvalidated,2024361411729,2024,361411729,1,9,0,18,8,5,0,0,0,0,1,0,1,1,6,1,44,7,-1,-1,-1,-1,7,1,E01033126,0
Unvalidated,2024361411914,2024,361411914,1,9,0,9,3,1,0,1,0,0,0,0,1,1,2,1,57,9,-1,-1,-1,-1,5,3,E01026726,0
Unvalidated,2024361411914,2024,361411914,2,5,0,18,7,3,0,1,1,0,0,0,3,1,6,1,28,6,-1,-1,-1,-1,9,1,E01026671,0
Unvalidated,2024361411968,2024,361411968,1,9,0,4,7,1,0,0,0,0,0,0,1,1,1,1,27,6,-1,-1,-1,-1,6,2,E01026505,0
Unvalidated,2024361411968,2024,361411968,2,9,0,4,7,1,0,0,0,0,0,0,2,1,1,2,28,6,-1,-1,-1,-1,2,1,E01030227,0
Unvalidated,2024361412013,2024,361412013,1,9,0,18,1,5,5,1,1,0,0,0,4,1,6,3,50,8,-1,-1,-1,-1,-1,-1,-1,0
Unvalidated,2024361412013,2024,361412013,2,1,0,18,3,7,9,2,0,0,0,0,1,1,2,2,65,9,-1,-1,-1,-1,1,1,E01026687,0
Unvalidated,2024361412018,2024,361412018,1,9,-1,18,-1,-1,0,-1,0,0,0,0,-1,1,6,1,35,6,-1,-1,-1,-1,2,3,E01026614,0
Unvalidated,2024361412018,2024,361412018,2,90,-1,-1,-1,-1,-1,-1,-1,-1,-1,0,-1,1,6,3,-1,-1,-1,-1,-1,-1,-1,-1,-1,0
Unvalidated,2024361412037,2024,361412037,1,20,0,2,0,0,9,0,0,0,0,0,2,1,6,1,58,9,-1,-1,-1,-1,5,1,E01026668,0
Unvalidated,2024361412065,2024,361412065,1,9,0,18,1,5,0,1,0,0,0,0,1,1,5,2,68,10,-1,-1,-1,-1,9,1,E01026582,0
Unvalidated,2024361412065,2024,361412065,2,97,0,18,5,1,0,1,0,0,0,0,1,1,2,2,52,8,-1,-1,-1,-1,9,2,E01026552,0
Unvalidated,2024361412431,2024,361412431,1,97,0,18,-1,-1,0,0,0,0,0,0,-1,1,5,1,16,4,-1,-1,-1,-1,10,2,E01026507,0
Unvalidated,2024361412431,2024,361412431,2,9,0,-1,-1,-1,0,0,0,0,0,0,2,1,5,2,28,6,-1,-1,-1,-1,9,2,E01026509,0
Unvalidated,2024361412439,2024,361412439,1,9,0,18,0,0,0,0,0,0,0,0,1,1,2,1,32,6,-1,-1,-1,-1,6,2,E01026771,0
Unvalidated,2024361412439,2024,361412439,2,9,0,18,5,1,0,0,0,0,0,0,1,1,2,2,63,9,-1,-1,-1,-1,4,3,E01026522,0
Unvalidated,2024361412466,2024,361412466,1,9,0,4,1,5,0,0,0,0,0,0,1,1,5,1,67,10,-1,-1,-1,-1,5,3,E01026649,0
Unvalidated,2024361412466,2024,361412466,2,98,1,4,1,5,0,0,0,0,0,0,2,1,1,1,50,8,-1,-1,-1,-1,5,3,E01017615,0
Unvalidated,2024361412542,2024,361412542,1,9,0,18,1,5,0,1,0,0,0,0,1,1,6,1,18,4,-1,-1,-1,-1,8,3,E01018238,0
Unvalidated,2024361412542,2024,361412542,2,21,0,8,1,6,0,1,0,0,0,0,2,1,1,1,55,8,-1,-1,-1,-1,6,2,E01018016,0
Unvalidated,2024361412735,2024,361412735,1,9,-1,-1,3,7,-1,0,-1,-1,-1,0,-1,1,6,3,-1,-1,-1,-1,-1,-1,-1,-1,-1,0
Unvalidated,2024361412775,2024,361412775,1,9,0,4,7,5,0,1,1,0,7,1,3,1,5,2,32,6,-1,-1,-1,-1,3,1,E01026753,0
Unvalidated,2024361413248,2024,361413248,1,9,0,5,7,3,0,0,0,0,0,0,1,1,2,2,53,8,-1,-1,-1,-1,10,1,E01026521,0
Unvalidated,2024361413346,2024,361413346,1,19,0,18,3,7,0,2,0,0,7,0,1,1,1,1,28,6,-1,-1,-1,-1,7,3,E01026533,0
Unvalidated,2024361413346,2024,361413346,2,9,0,18,3,7,0,2,1,0,1,0,3,1,6,2,22,5,-1,-1,-1,-1,7,1,E01030288,0
Unvalidated,2024361413346,2024,361413346,3,9,0,18,3,7,0,2,0,0,0,0,1,1,6,2,41,7,-1,-1,-1,-1,-1,-1,-1,0
Unvalidated,2024361413370,2024,361413370,1,9,0,1,3,8,0,0,0,0,0,0,2,1,6,1,19,4,-1,-1,-1,-1,3,3,E01026455,0
Unvalidated,2024361413370,2024,361413370,2,9,0,5,1,6,0,0,0,0,0,0,4,1,6,1,69,10,-1,-1,-1,-1,6,2,E01026446,0
Unvalidated,2024361413416,2024,361413416,1,9,0,18,1,1,0,0,1,0,0,0,2,1,1,2,24,5,-1,-1,-1,-1,8,1,E01026470,0
Unvalidated,2024361413416,2024,361413416,2,3,0,4,1,1,0,0,1,4,0,0,1,1,2,1,30,6,-1,-1,-1,-1,2,1,E01026477,0
Unvalidated,2024361413691,2024,361413691,1,19,0,18,5,8,0,0,0,0,7,0,1,1,2,1,58,9,-1,-1,-1,-1,4,3,E01026729,0
Unvalidated,2024361413691,2024,361413691,2,9,0,18,8,4,0,0,0,0,2,0,3,1,5,1,61,9,-1,-1,-1,-1,5,3,E01026501,0
Unvalidated,2024361413703,2024,361413703,1,90,0,4,1,5,0,1,0,0,0,0,1,1,1,1,28,6,-1,-1,-1,-1,4,1,E01026807,0
Unvalidated,2024361413703,2024,361413703,2,2,0,3,1,5,0,1,0,0,0,0,3,1,6,1,21,5,-1,-1,-1,-1,5,1,E01026870,0
Unvalidated,2024361413840,2024,361413840,1,9,0,9,7,5,0,8,0,0,0,0,3,1,6,2,55,8,-1,-1,-1,-1,6,3,E01026516,0
Unvalidated,2024361413840,2024,361413840,2,9,0,18,5,1,0,1,0,0,0,0,1,1,6,2,36,7,-1,-1,-1,-1,5,1,E01026760,0
Unvalidated,2024361413971,2024,361413971,1,9,0,18,7,3,0,3,0,0,0,0,1,1,5,1,47,8,-1,-1,-1,-1,1,1,E01026833,0
Unvalidated,2024361414043,2024,361414043,1,9,0,5,3,1,0,8,0,0,1,11,3,1,6,1,18,4,-1,-1,-1,-1,9,1,E01030196,0
Unvalidated,2024361414043,2024,361414043,2,9,0,18,1,5,0,8,0,0,0,0,1,1,5,1,71,10,-1,-1,-1,-1,-1,-1,-1,0
Unvalidated,2024361414060,2024,361414060,1,9,0,18,2,6,0,0,0,0,0,0,1,1,1,1,45,7,-1,-1,-1,-1,8,2,E01026439,0
Unvalidated,2024361414060,2024,361414060,2,9,0,10,2,6,0,0,0,0,0,0,2,1,5,2,47,8,-1,-1,-1,-1,5,3,E01026464,0
Unvalidated,2024361414222,2024,361414222,1,9,0,18,6,2,0,8,0,0,0,0,1,1,5,2,62,9,-1,-1,-1,-1,4,1,E01026925,0
Unvalidated,2024361414222,2024,361414222,2,9,0,9,8,2,0,8,0,0,0,0,1,1,1,1,35,6,-1,-1,-1,-1,6,1,E01026797,0
Unvalidated,2024361414223,2024,361414223,1,9,0,1,5,1,9,0,0,0,0,0,-1,1,6,2,52,8,-1,-1,-1,-1,4,1,E01026925,0
Unvalidated,2024361414223,2024,361414223,2,9,0,2,0,0,0,0,0,0,0,0,3,1,6,3,-1,-1,-1,-1,-1,-1,-1,-1,-1,0
Unvalidated,2024361414262,2024,361414262,1,9,0,9,1,3,0,0,0,0,3,0,3,1,5,2,55,8,-1,-1,-1,-1,6,3,E01026494,0
Unvalidated,2024361414262,2024,361414262,2,9,0,18,3,7,0,0,0,0,0,0,1,1,5,1,47,8,-1,-1,-1,-1,6,1,E01026475,0
Unvalidated,2024361414310,2024,361414310,1,9,0,18,1,5,0,0,1,0,1,9,3,1,6,1,38,7,-1,-1,-1,-1,4,3,E01026679,0
Unvalidated,2024361414496,2024,361414496,1,8,0,18,1,5,0,8,0,0,0,0,3,1,1,1,34,6,-1,-1,-1,-1,1,1,E01026626,0
Unvalidated,2024361414496,2024,361414496,2,9,0,9,6,3,0,8,0,0,0,0,3,1,5,2,62,9,-1,-1,-1,-1,3,1,E01026592,0
Unvalidated,2024361414540,2024,361414540,1,3,0,18,7,1,0,1,0,0,0,0,0,1,5,1,34,6,-1,-1,-1,-1,1,1,E01026793,0
Unvalidated,2024361414540,2024,361414540,2,19,0,1,7,3,0,1,0,0,0,0,3,1,1,1,64,9,-1,-1,-1,-1,3,1,E01026853,0
Unvalidated,2024361414657,2024,361414657,1,98,0,4,7,3,0,0,0,0,0,0,1,1,5,1,58,9,-1,-1,-1,-1,1,1,E01018108,0
Unvalidated,2024361414657,2024,361414657,2,9,0,4,7,3,0,0,0,0,0,0,2,1,5,2,42,7,-1,-1,-1,-1,4,3,E01026713,0
Unvalidated,2024361414671,2024,361414671,1,9,0,9,6,3,0,1,0,0,0,0,1,1,2,2,44,7,-1,-1,-1,-1,5,2,E01026423,0
Unvalidated,2024361414671,2024,361414671,2,9,0,18,1,5,0,1,5,0,0,0,1,1,6,2,30,6,-1,-1,-1,-1,5,2,E01026423,0
Unvalidated,2024361414908,2024,361414908,1,9,0,18,4,8,0,1,0,0,1,0,1,1,6,1,55,8,-1,-1,-1,-1,7,3,E01026462,0