status,collision_index,collision_year,collision_reference,vehicle_reference,vehicle_type,towing_and_articulation,vehicle_manoeuvre,vehicle_direction_from,vehicle_direction_to,vehicle_location_restricted_lane,junction_location,skidding_and_overturning,hit_object_in_carriageway,vehicle_leaving_carriageway,hit_object_off_carriageway,first_point_of_impact,vehicle_left_hand_drive,journey_purpose_of_driver,sex_of_driver,age_of_driver,age_band_of_driver,engine_capacity_cc,propulsion_code,age_of_vehicle,generic_make_model,driver_imd_decile,driver_home_area_type,lsoa_of_driver,escooter_flag
Unvalidated,2024361414908,2024,361414908,2,17,4,18,6,2,0,1,0,0,0,0,4,2,1,1,22,5,-1,-1,-1,-1,4,2,E01026739,0
Unvalidated,2024361415036,2024,361415036,1,9,0,5,5,3,5,6,0,0,1,0,1,1,5,1,87,11,-1,-1,-1,-1,6,2,E01026456,0
Unvalidated,2024361415036,2024,361415036,2,9,0,18,3,7,0,1,0,0,7,11,1,1,6,1,59,9,-1,-1,-1,-1,5,3,E01026442,0
Unvalidated,2024361415219,2024,361415219,1,9,0,5,1,2,5,0,0,0,0,0,1,1,6,1,35,6,-1,-1,-1,-1,1,1,E01026625,0
Unvalidated,2024361415316,2024,361415316,1,19,0,18,-1,-1,0,0,0,0,0,0,3,1,6,1,30,6,-1,-1,-1,-1,4,3,E01026057,0
Unvalidated,2024361415316,2024,361415316,2,9,0,14,-1,-1,0,0,0,0,0,0,1,1,5,1,34,6,-1,-1,-1,-1,-1,1,-1,0
Unvalidated,2024361415355,2024,361415355,1,3,0,18,2,6,0,1,2,0,0,0,1,1,5,1,24,5,-1,-1,-1,-1,3,2,E01026775,0
Unvalidated,2024361415355,2024,361415355,2,21,0,10,2,7,0,1,0,0,0,0,2,1,1,1,57,9,-1,-1,-1,-1,4,1,E01026759,0
Unvalidated,2024361415368,2024,361415368,1,9,-1,-1,-1,-1,-1,0,-1,-1,-1,0,-1,1,6,1,29,6,-1,-1,-1,-1,4,1,E01001478,0
Unvalidated,2024361415368,2024,361415368,2,9,-1,-1,-1,-1,-1,0,-1,-1,-1,0,-1,1,2,2,36,7,-1,-1,-1,-1,8,3,E01026517,0
Unvalidated,2024361415399,2024,361415399,1,9,0,7,-1,-1,0,1,0,0,0,0,1,1,6,2,-1,-1,-1,-1,-1,-1,-1,-1,-1,0
Unvalidated,2024361415399,2024,361415399,2,9,0,10,-1,-1,0,1,0,0,0,0,1,1,5,2,21,5,-1,-1,-1,-1,3,1,E01026823,0
Unvalidated,2024361415599,2024,361415599,1,9,0,9,8,5,0,8,0,0,0,0,4,1,5,1,28,6,-1,-1,-1,-1,3,1,E01026853,0
Unvalidated,2024361415599,2024,361415599,2,3,0,18,4,8,0,1,0,0,0,0,1,1,2,2,19,4,-1,-1,-1,-1,9,2,E01026448,0
Unvalidated,2024361415653,2024,361415653,1,9,0,18,3,3,0,1,0,0,0,0,1,1,5,2,72,10,-1,-1,-1,-1,7,1,E01026673,0
Unvalidated,2024361415653,2024,361415653,2,9,0,7,5,5,0,6,0,0,0,0,4,1,5,2,48,8,-1,-1,-1,-1,4,1,E01026705,0
Unvalidated,2024361415792,2024,361415792,1,9,-1,-1,-1,-1,-1,0,-1,-1,-1,0,-1,1,6,1,-1,-1,-1,-1,-1,-1,-1,-1,-1,0
Unvalidated,2024361415796,2024,361415796,1,9,0,18,5,1,0,0,0,0,1,10,1,1,5,1,31,6,-1,-1,-1,-1,7,1,E01026757,0
Unvalidated,2024361415836,2024,361415836,1,9,0,18,3,7,0,0,2,0,0,0,4,1,1,2,18,4,-1,-1,-1,-1,10,1,E01026567,0
Unvalidated,2024361415862,2024,361415862,1,1,0,-1,-1,-1,-1,-1,-1,-1,-1,0,-1,1,6,1,15,3,-1,-1,-1,-1,5,1,E01026591,0
Unvalidated,2024361415862,2024,361415862,2,9,-1,-1,-1,-1,-1,-1,-1,-1,-1,0,-1,1,2,2,48,8,-1,-1,-1,-1,2,1,E01026600,0
Unvalidated,2024361415984,2024,361415984,1,9,0,5,7,2,0,0,0,0,0,0,1,1,6,1,48,8,-1,-1,-1,-1,1,1,E01026808,0
Unvalidated,2024361415985,2024,361415985,1,9,0,18,1,5,0,0,2,0,1,0,1,1,5,2,17,4,-1,-1,-1,-1,6,2,E01026451,0
Unvalidated,2024361416173,2024,361416173,1,9,0,18,5,1,0,0,5,0,0,0,1,1,5,1,36,7,-1,-1,-1,-1,5,3,E01026523,0
Unvalidated,2024361416331,2024,361416331,1,9,0,18,1,5,0,1,0,0,0,0,1,1,5,1,18,4,-1,-1,-1,-1,6,1,E01026569,0
Unvalidated,2024361416331,2024,361416331,2,9,0,18,1,5,0,1,0,0,0,0,0,1,5,1,57,9,-1,-1,-1,-1,9,1,E01026554,0
Unvalidated,2024361416354,2024,361416354,1,9,0,18,2,6,0,1,0,0,0,0,1,1,6,2,39,7,-1,-1,-1,-1,5,1,E01026585,0
Unvalidated,2024361416354,2024,361416354,2,3,0,18,6,2,0,2,5,0,1,0,1,1,6,1,36,7,-1,-1,-1,-1,1,1,E01026598,0
Unvalidated,2024361416555,2024,361416555,1,3,0,18,5,1,0,0,2,4,7,0,1,1,5,1,17,4,-1,-1,-1,-1,7,3,E01026897,0
Unvalidated,2024361416555,2024,361416555,2,3,0,18,5,1,0,0,0,0,0,0,0,1,5,1,17,4,-1,-1,-1,-1,4,1,E01026884,0
Unvalidated,2024361416555,2024,361416555,3,9,0,2,0,0,0,0,1,0,0,0,1,1,6,3,-1,-1,-1,-1,-1,-1,-1,-1,-1,0
Unvalidated,2024361416557,2024,361416557,1,9,-1,-1,1,5,-1,0,-1,-1,-1,0,-1,1,6,3,-1,-1,-1,-1,-1,-1,-1,-1,-1,0
Unvalidated,2024361416557,2024,361416557,2,3,0,18,1,5,0,0,5,0,0,0,3,1,5,1,19,4,-1,-1,-1,-1,6,3,E01030039,0
Unvalidated,2024361416656,2024,361416656,1,9,0,9,1,6,0,8,0,0,0,0,1,1,5,1,79,11,-1,-1,-1,-1,7,3,E01026462,0
Unvalidated,2024361416720,2024,361416720,1,9,0,4,4,7,0,1,0,0,0,0,1,1,6,1,62,9,-1,-1,-1,-1,5,3,E01026643,0
Unvalidated,2024361416720,2024,361416720,2,1,0,18,2,7,0,1,5,0,0,0,4,1,2,2,42,7,-1,-1,-1,-1,1,1,E01026662,0
Unvalidated,2024361416811,2024,361416811,1,9,0,18,5,1,0,0,0,0,0,0,1,1,5,1,29,6,-1,-1,-1,-1,8,1,E01026434,0
Unvalidated,2024361416811,2024,361416811,2,19,0,18,1,5,0,0,0,0,0,0,1,1,1,1,44,7,-1,-1,-1,-1,6,1,E01026758,0
Unvalidated,2024361416811,2024,361416811,3,19,0,18,1,5,0,0,0,0,0,0,1,1,1,1,60,9,-1,-1,-1,-1,6,3,E01026534,0
Unvalidated,2024361416900,2024,361416900,1,9,0,-1,-1,-1,-1,0,-1,-1,-1,0,-1,1,6,3,-1,-1,-1,-1,-1,-1,-1,-1,-1,0
Unvalidated,2024361416900,2024,361416900,2,9,-1,2,0,0,-1,0,-1,-1,-1,0,-1,1,6,3,31,6,-1,-1,-1,-1,-1,-1,-1,0
Unvalidated,2024361416977,2024,361416977,1,19,-1,-1,-1,-1,-1,0,-1,-1,-1,0,-1,1,6,3,-1,-1,-1,-1,-1,-1,-1,-1,-1,0
Unvalidated,2024361416977,2024,361416977,2,1,-1,-1,-1,-1,-1,0,-1,-1,-1,0,-1,1,6,1,22,5,-1,-1,-1,-1,4,1,E01026794,0
Unvalidated,2024361416988,2024,361416988,1,9,0,7,1,3,0,6,0,0,0,0,1,1,5,2,68,10,-1,-1,-1,-1,4,3,E01026731,0
Unvalidated,2024361416988,2024,361416988,2,9,0,9,3,8,0,1,0,0,0,0,1,1,2,2,56,9,-1,-1,-1,-1,5,3,E01026766,0
Unvalidated,2024361417155,2024,361417155,1,9,0,18,4,8,0,1,0,0,0,0,1,1,6,3,-1,-1,-1,-1,-1,-1,-1,-1,-1,0
Unvalidated,2024361417155,2024,361417155,2,9,0,10,4,8,0,1,0,0,0,0,2,1,2,1,18,4,-1,-1,-1,-1,7,1,E01033540,0
Unvalidated,2024361417228,2024,361417228,1,9,0,18,-1,-1,0,4,0,0,0,0,3,1,6,2,76,11,-1,-1,-1,-1,10,1,E01026813,0
Unvalidated,2024361417228,2024,361417228,2,9,0,7,4,7,0,3,1,0,0,0,4,1,5,1,17,4,-1,-1,-1,-1,8,2,E01026450,0
Unvalidated,2024361417257,2024,361417257,1,9,0,9,3,7,0,1,0,0,0,0,3,1,5,2,86,11,-1,-1,-1,-1,7,3,E01026461,0
Unvalidated,2024361417257,2024,361417257,2,9,0,18,1,5,0,1,0,0,0,0,1,1,5,2,37,7,-1,-1,-1,-1,4,3,E01026522,0
Unvalidated,2024361417380,2024,361417380,1,8,0,4,4,8,0,0,0,0,0,0,4,1,5,1,66,10,-1,-1,-1,-1,3,1,E01026632,0
Unvalidated,2024361417387,2024,361417387,1,9,0,-1,3,1,-1,-1,0,-1,-1,0,1,1,5,1,22,5,-1,-1,-1,-1,6,2,E01026457,0
Unvalidated,2024361417387,2024,361417387,2,1,-1,-1,-1,-1,-1,-1,-1,-1,-1,0,-1,1,6,1,38,7,-1,-1,-1,-1,4,1,E01026466,0
Unvalidated,2024361417395,2024,361417395,1,9,0,18,5,4,0,0,0,0,0,0,1,1,5,1,90,11,-1,-1,-1,-1,9,1,E01026933,0
Unvalidated,2024361417395,2024,361417395,2,9,0,18,1,5,0,0,0,0,0,0,1,1,2,1,24,5,-1,-1,-1,-1,4,1,E01026864,0
Unvalidated,2024361417519,2024,361417519,1,9,0,18,7,3,0,8,0,0,0,0,1,1,6,2,31,6,-1,-1,-1,-1,5,2,E01030281,0
Unvalidated,2024361417519,2024,361417519,2,9,0,18,7,4,0,8,0,0,0,0,3,1,2,1,27,6,-1,-1,-1,-1,6,2,E01026629,0
Unvalidated,2024361417620,2024,361417620,1,9,0,18,7,3,0,1,0,0,0,0,1,1,6,1,69,10,-1,-1,-1,-1,6,3,E01026451,0
Unvalidated,2024361417620,2024,361417620,2,9,0,18,7,3,0,1,0,0,0,0,2,1,6,1,28,6,-1,-1,-1,-1,7,1,E01026672,0
Unvalidated,2024361417678,2024,361417678,1,9,0,4,7,3,0,0,0,0,0,0,1,1,6,1,47,8,-1,-1,-1,-1,3,1,E01026601,0
Unvalidated,2024361417678,2024,361417678,2,9,0,18,7,3,0,0,0,0,0,0,2,1,5,1,18,4,-1,-1,-1,-1,5,3,E01026674,0
Unvalidated,2024361417678,2024,361417678,3,9,0,4,7,3,0,0,0,0,0,0,2,1,5,1,30,6,-1,-1,-1,-1,5,3,E01026715,0
Unvalidated,2024361417678,2024,361417678,4,98,0,18,7,3,0,0,0,0,0,0,2,1,1,1,27,6,-1,-1,-1,-1,7,2,E01026588,0
Unvalidated,2024361417698,2024,361417698,1,11,0,18,4,1,0,1,0,0,0,0,1,1,1,2,61,9,-1,-1,-1,-1,3,3,E01026495,0
Unvalidated,2024361417718,2024,361417718,1,98,1,18,1,5,0,0,0,0,0,0,1,1,1,1,31,6,-1,-1,-1,-1,1,1,E01026819,0
Unvalidated,2024361417738,2024,361417738,1,97,0,13,-1,-1,0,0,0,0,0,0,4,1,2,1,18,4,-1,-1,-1,-1,7,1,E01026528,0
Unvalidated,2024361417738,2024,361417738,2,9,0,9,-1,-1,0,0,0,0,0,0,3,1,5,1,27,6,-1,-1,-1,-1,10,1,E01026812,0
Unvalidated,2024361417886,2024,361417886,1,9,0,18,1,6,0,0,0,0,0,0,1,1,6,1,29,6,-1,-1,-1,-1,4,2,E01026736,0
Unvalidated,2024361417886,2024,361417886,2,9,0,3,1,5,0,0,0,0,0,0,2,1,5,2,40,7,-1,-1,-1,-1,5,3,E01026718,0
Unvalidated,2024361417892,2024,361417892,1,9,0,18,4,8,0,0,0,0,1,4,1,1,5,1,78,11,-1,-1,-1,-1,7,2,E01026489,0
Unvalidated,2024361417892,2024,361417892,2,19,0,13,4,8,0,0,0,0,0,0,1,1,1,2,38,7,-1,-1,-1,-1,2,1,E01033436,0
Unvalidated,2024361418022,2024,361418022,1,98,1,9,6,4,0,6,0,0,0,0,3,1,1,1,56,9,-1,-1,-1,-1,5,2,E01026892,0
Unvalidated,2024361418022,2024,361418022,2,9,0,9,6,4,0,8,0,0,0,0,4,1,6,2,62,9,-1,-1,-1,-1,6,3,E01026947,0
Unvalidated,2024361418199,2024,361418199,1,9,0,5,1,5,0,3,0,0,0,0,1,1,5,1,29,6,-1,-1,-1,-1,1,1,E01026635,0
Unvalidated,2024361418199,2024,361418199,2,9,0,9,5,3,0,8,0,0,0,0,1,1,5,2,30,6,-1,-1,-1,-1,-1,-1,-1,0
Unvalidated,2024361418202,2024,361418202,1,9,0,5,5,2,0,1,1,0,0,0,3,1,5,2,39,7,-1,-1,-1,-1,3,2,E01026488,0
Unvalidated,2024361418202,2024,361418202,2,97,0,9,3,7,0,2,1,0,0,0,3,1,2,1,29,6,-1,-1,-1,-1,5,3,E01026481,0
Unvalidated,2024361418237,2024,361418237,1,9,0,18,5,4,0,4,1,9,3,1,1,1,5,2,76,11,-1,-1,-1,-1,10,1,E01026812,0
Unvalidated,2024361418242,2024,361418242,1,9,0,7,4,6,0,4,0,0,0,0,4,1,6,2,22,5,-1,-1,-1,-1,5,1,E01021492,0
Unvalidated,2024361418242,2024,361418242,2,1,0,14,4,6,0,4,0,0,0,0,3,1,6,1,47,8,-1,-1,-1,-1,8,1,E01026881,0
Unvalidated,2024361418324,2024,361418324,1,9,0,18,1,5,0,0,0,0,0,0,1,1,5,1,28,6,-1,-1,-1,-1,4,3,E01026628,0
Unvalidated,2024361418324,2024,361418324,2,9,0,4,1,5,0,0,0,0,0,0,2,1,6,2,39,7,-1,-1,-1,-1,-1,-1,-1,0
Unvalidated,2024361418324,2024,361418324,3,9,0,4,1,5,0,0,0,0,0,0,2,1,3,1,36,7,-1,-1,-1,-1,2,2,E01026607,0
Unvalidated,2024361418504,2024,361418504,1,1,0,18,3,7,9,0,5,0,0,0,3,1,6,2,42,7,-1,-1,-1,-1,4,1,E01026925,0
Unvalidated,2024361418504,2024,361418504,2,9,0,5,5,1,9,0,0,0,0,0,1,1,3,2,36,7,-1,-1,-1,-1,1,1,E01026869,0
Unvalidated,2024361418582,2024,361418582,1,3,0,15,7,3,0,0,0,0,6,0,1,1,1,1,31,6,-1,-1,-1,-1,2,1,E01026791,0
Unvalidated,2024361418583,2024,361418583,1,9,0,15,7,3,0,0,0,0,0,0,4,1,5,1,73,10,-1,-1,-1,-1,4,3,E01026741,0
Unvalidated,2024361418583,2024,361418583,2,1,0,18,3,7,0,0,0,0,0,0,1,1,1,1,32,6,-1,-1,-1,-1,2,1,E01026844,0
Unvalidated,2024361418585,2024,361418585,1,9,0,18,2,7,0,0,5,0,1,11,1,1,6,1,23,5,-1,-1,-1,-1,6,1,E01026430,0
Unvalidated,2024361418588,2024,361418588,1,9,0,9,8,5,0,0,0,0,7,4,1,1,6,2,32,6,-1,-1,-1,-1,8,2,E01026772,0
Unvalidated,2024361418658,2024,361418658,1,5,0,13,5,1,0,0,1,4,0,0,1,1,6,1,22,5,-1,-1,-1,-1,5,3,E01026879,0
Unvalidated,2024361418658,2024,361418658,2,9,0,4,5,5,0,0,0,0,0,0,3,1,6,2,51,8,-1,-1,-1,-1,6,3,E01026899,0
Unvalidated,2024361418658,2024,361418658,3,9,0,2,5,1,0,0,0,0,0,0,2,1,6,3,-1,-1,-1,-1,-1,-1,-1,-1,-1,0
Unvalidated,2024361418665,2024,361418665,1,17,4,18,5,1,0,0,0,0,1,0,1,1,1,1,24,5,-1,-1,-1,-1,5,3,E01026491,0
Unvalidated,2024361418665,2024,361418665,2,9,0,18,8,4,0,0,0,0,7,0,1,1,1,1,53,8,-1,-1,-1,-1,4,2,E01026458,0
Unvalidated,2024361418749,2024,361418749,1,97,0,16,5,2,0,1,1,0,1,0,4,1,5,2,42,7,-1,-1,-1,-1,10,3,E01033319,0
Unvalidated,2024361418796,2024,361418796,1,19,0,18,6,1,0,8,0,0,1,0,1,1,6,1,55,8,-1,-1,-1,-1,9,1,E01002417,0
Unvalidated,2024361418796,2024,361418796,2,9,0,10,6,5,0,5,0,0,1,0,4,1,6,2,62,9,-1,-1,-1,-1,5,3,E01026727,0
Unvalidated,2024361418820,2024,361418820,1,9,0,18,5,1,0,2,0,0,0,0,1,1,5,1,32,6,-1,-1,-1,-1,4,3,E01026483,0
Unvalidated,2024361418820,2024,361418820,2,9,0,18,5,1,0,2,0,0,0,0,2,1,5,2,30,6,-1,-1,-1,-1,6,1,E01026431,0
Unvalidated,2024361418841,2024,361418841,1,90,0,18,8,4,0,1,0,0,0,0,4,1,5,2,33,6,-1,-1,-1,-1,4,1,E01026426,0
Unvalidated,2024361418895,2024,361418895,1,9,0,9,3,7,0,0,5,10,0,0,4,1,5,2,18,4,-1,-1,-1,-1,7,3,E01030082,0
Unvalidated,2024361419019,2024,361419019,1,97,0,18,7,3,0,0,2,0,0,0,1,1,6,1,62,9,-1,-1,-1,-1,5,2,E01026770,0
Unvalidated,2024361419044,2024,361419044,1,19,-1,-1,-1,-1,-1,-1,-1,-1,-1,0,-1,1,6,3,-1,-1,-1,-1,-1,-1,-1,-1,-1,0
Unvalidated,2024361419044,2024,361419044,2,1,-1,-1,-1,-1,-1,-1,-1,-1,-1,0,-1,1,6,2,28,6,-1,-1,-1,-1,7,1,E01026856,0
Unvalidated,2024361419077,2024,361419077,1,9,0,9,7,5,0,2,0,0,3,0,1,1,2,1,68,10,-1,-1,-1,-1,3,2,E01026488,0
Unvalidated,2024361419098,2024,361419098,1,9,0,18,5,1,0,0,1,0,1,0,4,1,1,1,20,4,-1,-1,-1,-1,3,1,E01015652,0
Unvalidated,2024361419694,2024,361419694,1,9,0,9,7,5,0,8,0,0,0,0,3,1,1,1,38,7,-1,-1,-1,-1,3,1,E01026823,0
Unvalidated,2024361419694,2024,361419694,2,1,0,18,3,1,0,8,2,0,0,0,1,1,6,1,39,7,-1,-1,-1,-1,9,1,E01026571,0
Unvalidated,2024361419698,2024,361419698,1,9,0,17,0,0,0,0,1,0,0,0,4,1,6,1,17,4,-1,-1,-1,-1,6,3,E01030053,0
Unvalidated,2024361419698,2024,361419698,2,9,0,16,0,0,0,0,0,0,1,0,4,1,6,2,60,9,-1,-1,-1,-1,6,3,E01026872,0
Unvalidated,2024361419752,2024,361419752,1,9,0,18,7,3,0,4,0,0,0,0,1,1,5,1,54,8,-1,-1,-1,-1,5,3,E01026443,0
Unvalidated,2024361419752,2024,361419752,2,9,0,18,5,1,0,8,0,0,7,0,4,1,5,2,29,6,-1,-1,-1,-1,7,3,E01026462,0
Unvalidated,2024361419754,2024,361419754,1,8,0,18,7,4,0,4,0,0,3,0,1,1,1,1,54,8,-1,-1,-1,-1,6,3,E01033541,0
Unvalidated,2024361419754,2024,361419754,2,1,0,18,6,1,0,4,2,0,0,0,1,1,6,1,57,9,-1,-1,-1,-1,5,3,E01026935,0
Unvalidated,2024361419823,2024,361419823,1,9,0,18,3,7,0,0,0,12,1,4,1,1,2,1,37,7,-1,-1,-1,-1,3,3,E01026740,0
Unvalidated,2024361420249,2024,361420249,1,11,0,18,5,7,0,0,1,0,0,0,3,1,1,1,46,8,-1,-1,-1,-1,1,1,E01026597,0
Unvalidated,2024361420249,2024,361420249,2,9,0,18,1,4,0,0,0,0,0,0,3,1,2,1,39,7,-1,-1,-1,-1,5,3,E01026767,0
Unvalidated,2024361420363,2024,361420363,1,19,0,18,1,5,0,0,0,0,0,0,3,1,1,1,25,5,-1,-1,-1,-1,2,1,E01026828,0
Unvalidated,2024361420492,2024,361420492,1,9,0,9,4,7,0,3,0,0,0,0,3,1,6,2,21,5,-1,-1,-1,-1,3,1,E01018073,0
Unvalidated,2024361420492,2024,361420492,2,9,0,18,7,3,0,1,0,0,0,0,4,1,6,2,28,6,-1,-1,-1,-1,3,1,E01018066,0
Unvalidated,2024361420510,2024,361420510,1,9,0,-1,-1,-1,-1,0,-1,-1,-1,0,-1,1,5,1,40,7,-1,-1,-1,-1,7,1,E01026917,0
Unvalidated,2024361420510,2024,361420510,2,9,0,-1,-1,-1,-1,0,-1,-1,-1,0,-1,1,5,1,18,4,-1,-1,-1,-1,4,1,E01026759,0
Unvalidated,2024361420712,2024,361420712,1,9,0,13,7,3,0,0,1,0,7,0,4,1,1,1,28,6,-1,-1,-1,-1,-1,-1,-1,0
Unvalidated,2024361420712,2024,361420712,2,9,0,9,7,5,0,0,0,0,7,0,3,1,6,1,62,9,-1,-1,-1,-1,5,2,E01026649,0
Unvalidated,2024361420866,2024,361420866,1,2,0,18,3,7,0,0,0,0,0,0,3,1,6,3,-1,-1,-1,-1,-1,-1,-1,-1,-1,0
Unvalidated,2024361420907,2024,361420907,1,11,0,18,5,1,0,8,0,0,0,0,3,1,1,1,37,7,-1,-1,-1,-1,-1,-1,-1,0
Unvalidated,2024361421034,2024,361421034,1,9,0,18,2,6,0,6,0,0,7,9,4,1,6,1,17,4,-1,-1,-1,-1,7,1,E01018085,0
Unvalidated,2024361421034,2024,361421034,2,9,0,18,8,4,0,8,0,0,0,0,1,1,6,2,42,7,-1,-1,-1,-1,2,1,E01018063,0
Unvalidated,2024361421171,2024,361421171,1,9,0,9,3,7,0,0,0,0,7,0,4,1,6,1,41,7,-1,-1,-1,-1,3,2,E01033038,0
Unvalidated,2024361421171,2024,361421171,2,9,0,18,7,3,0,0,0,0,7,0,1,1,6,1,44,7,-1,-1,-1,-1,9,2,E01021661,0
Unvalidated,2024361421229,2024,361421229,1,9,0,18,3,7,0,0,0,0,7,4,1,1,5,1,40,7,-1,-1,-1,-1,-1,-1,-1,0
Unvalidated,2024361421262,2024,361421262,1,9,0,9,8,5,0,8,0,0,0,0,3,1,6,2,61,9,-1,-1,-1,-1,8,1,E01026921,0
Unvalidated,2024361421262,2024,361421262,2,9,0,8,8,1,0,2,0,0,0,0,2,1,6,2,40,7,-1,-1,-1,-1,8,1,E01026921,0
Unvalidated,2024361421285,2024,361421285,1,97,0,18,7,3,0,0,1,0,0,0,1,1,6,1,37,7,-1,-1,-1,-1,6,3,E01018076,0
Unvalidated,2024361421446,2024,361421446,1,9,0,4,5,5,0,1,0,0,0,0,1,1,5,1,34,6,-1,-1,-1,-1,5,3,E01026738,0
Unvalidated,2024361421446,2024,361421446,2,9,0,4,5,4,0,1,0,0,0,0,2,1,6,2,54,8,-1,-1,-1,-1,7,1,E01026757,0
Unvalidated,2024361421446,2024,361421446,3,9,0,3,1,3,0,1,0,0,0,0,2,1,6,1,21,5,-1,-1,-1,-1,9,2,E01026552,0
Unvalidated,2024361421505,2024,361421505,1,9,0,18,5,1,0,0,1,0,1,0,1,1,5,1,23,5,-1,-1,-1,-1,7,2,E01026910,0
Unvalidated,2024361421746,2024,361421746,1,9,0,18,3,7,0,1,1,10,1,10,4,1,5,1,40,7,-1,-1,-1,-1,8,1,E01026881,0
Unvalidated,2024361422051,2024,361422051,1,9,0,18,7,3,0,1,0,7,0,0,1,1,2,1,46,8,-1,-1,-1,-1,4,3,E01026651,0
Unvalidated,2024361422170,2024,361422170,1,9,-1,-1,-1,-1,-1,-1,-1,-1,-1,0,-1,1,6,3,-1,-1,-1,-1,-1,-1,-1,-1,-1,0
Unvalidated,2024361422171,2024,361422171,1,9,0,9,4,2,0,6,0,0,0,0,3,1,6,1,89,11,-1,-1,-1,-1,7,2,E01026773,0
Unvalidated,2024361422171,2024,361422171,2,5,0,18,2,6,0,8,0,0,0,0,1,1,6,1,35,6,-1,-1,-1,-1,4,3,E01026762,0
Unvalidated,2024361422319,2024,361422319,1,9,0,18,4,1,0,0,5,0,0,0,4,1,5,1,22,5,-1,-1,-1,-1,4,2,E01026736,0
Unvalidated,2024361422340,2024,361422340,1,9,0,18,2,6,0,0,0,0,0,0,0,1,5,2,74,10,-1,-1,-1,-1,5,3,E01026726,0
Unvalidated,2024361422434,2024,361422434,1,9,0,18,3,7,0,0,2,4,0,0,3,1,6,1,55,8,-1,-1,-1,-1,5,3,E01026523,0
Unvalidated,2024361422434,2024,361422434,2,9,0,2,0,0,0,0,0,0,0,0,3,1,6,3,-1,-1,-1,-1,-1,-1,-1,-1,-1,0
Unvalidated,2024361422434,2024,361422434,3,9,0,2,0,0,0,0,0,0,0,0,3,1,6,3,-1,-1,-1,-1,-1,-1,-1,-1,-1,0
Unvalidated,2024361422494,2024,361422494,1,5,0,18,7,4,0,0,0,0,1,0,1,1,5,1,37,7,-1,-1,-1,-1,3,2,E01026455,0
Unvalidated,2024361422667,2024,361422667,1,2,0,18,7,3,0,0,1,0,0,0,1,1,5,1,17,4,-1,-1,-1,-1,7,2,E01026502,0
Unvalidated,2024361422667,2024,361422667,2,9,0,10,7,3,0,0,0,0,0,0,2,1,5,2,38,7,-1,-1,-1,-1,7,2,E01026773,0
Unvalidated,2024361422874,2024,361422874,1,9,0,2,0,0,0,0,0,0,0,0,3,1,5,1,35,6,-1,-1,-1,-1,1,1,E01026626,0
Unvalidated,2024361422874,2024,361422874,2,1,0,18,5,1,0,0,0,8,0,0,4,1,6,1,45,7,-1,-1,-1,-1,1,1,E01026625,0
Unvalidated,2024361422909,2024,361422909,1,9,0,18,3,6,0,4,0,0,0,0,4,1,2,2,48,8,-1,-1,-1,-1,6,1,E01026431,0
Unvalidated,2024361423026,2024,361423026,1,9,0,9,7,3,0,4,0,0,0,0,3,1,5,1,27,6,-1,-1,-1,-1,3,1,E01015959,0
Unvalidated,2024361423026,2024,361423026,2,1,0,18,4,8,0,3,0,0,0,0,3,1,5,1,21,5,-1,-1,-1,-1,2,1,E01026865,0
Unvalidated,2024361423044,2024,361423044,1,9,0,18,6,3,0,0,1,0,1,0,1,1,2,1,35,6,-1,-1,-1,-1,6,2,E01026547,0
Unvalidated,2024361423106,2024,361423106,1,9,0,18,5,1,0,0,0,0,0,0,3,1,6,1,38,7,-1,-1,-1,-1,8,3,E01033538,0
Unvalidated,2024361423106,2024,361423106,2,9,0,18,1,5,0,0,0,0,1,0,3,1,6,1,67,10,-1,-1,-1,-1,1,1,E01033131,0
Unvalidated,2024361423184,2024,361423184,1,9,0,18,4,7,0,1,0,0,1,0,1,1,1,2,27,6,-1,-1,-1,-1,10,3,E01026926,0
Unvalidated,2024361423184,2024,361423184,2,9,0,9,4,1,0,5,1,0,1,0,2,1,6,2,31,6,-1,-1,-1,-1,8,3,E01026929,0
Unvalidated,2024361423245,2024,361423245,1,9,0,18,7,3,0,1,0,0,0,0,1,1,2,2,38,7,-1,-1,-1,-1,1,1,E01026624,0
Unvalidated,2024361423271,2024,361423271,1,9,0,18,1,5,0,1,0,0,7,11,1,1,5,1,26,6,-1,-1,-1,-1,1,1,E01018103,0
Unvalidated,2024361423271,2024,361423271,2,9,0,5,3,5,0,1,0,0,0,0,1,1,5,2,21,5,-1,-1,-1,-1,2,3,E01026716,0
Unvalidated,2024361423326,2024,361423326,1,11,0,18,1,5,0,1,0,0,0,0,1,1,1,1,28,6,-1,-1,-1,-1,8,1,E01026470,0
Unvalidated,2024361423351,2024,361423351,1,9,0,18,7,3,0,0,0,0,0,0,1,1,6,1,19,4,-1,-1,-1,-1,9,1,E01026560,0
Unvalidated,2024361423351,2024,361423351,2,3,0,4,7,3,0,0,5,0,0,0,2,1,1,1,32,6,-1,-1,-1,-1,3,1,E01033439,0
Unvalidated,2024361423357,2024,361423357,1,9,0,7,7,1,0,3,0,0,0,0,1,1,6,3,-1,-1,-1,-1,-1,-1,-1,-1,-1,0
Unvalidated,2024361423365,2024,361423365,1,9,0,18,6,2,0,0,5,0,1,0,1,1,6,1,23,5,-1,-1,-1,-1,3,2,E01026488,0