status,collision_index,collision_year,collision_reference,vehicle_reference,vehicle_type,towing_and_articulation,vehicle_manoeuvre,vehicle_direction_from,vehicle_direction_to,vehicle_location_restricted_lane,junction_location,skidding_and_overturning,hit_object_in_carriageway,vehicle_leaving_carriageway,hit_object_off_carriageway,first_point_of_impact,vehicle_left_hand_drive,journey_purpose_of_driver,sex_of_driver,age_of_driver,age_band_of_driver,engine_capacity_cc,propulsion_code,age_of_vehicle,generic_make_model,driver_imd_decile,driver_home_area_type,lsoa_of_driver,escooter_flag
Unvalidated,2024361423365,2024,361423365,2,9,0,18,6,2,0,0,0,11,0,0,1,1,5,1,73,10,-1,-1,-1,-1,7,2,E01026489,0
Unvalidated,2024361423411,2024,361423411,1,9,0,18,6,3,0,8,0,0,0,0,-1,1,6,1,68,10,-1,-1,-1,-1,4,3,E01026651,0
Unvalidated,2024361423411,2024,361423411,2,3,0,4,1,5,0,8,0,0,0,0,1,1,6,1,22,5,-1,-1,-1,-1,5,3,E01026727,0
Unvalidated,2024361423517,2024,361423517,1,19,0,10,1,7,0,8,0,0,0,0,3,1,2,1,44,7,-1,-1,-1,-1,5,3,E01026724,0
Unvalidated,2024361423517,2024,361423517,2,9,0,18,7,3,0,2,0,0,0,0,1,1,2,2,46,8,-1,-1,-1,-1,7,2,E01026588,0
Unvalidated,2024361423833,2024,361423833,1,98,0,9,7,5,0,0,0,0,0,0,3,1,5,1,28,6,-1,-1,-1,-1,6,1,E01026797,0
Unvalidated,2024361423833,2024,361423833,2,9,0,18,5,1,0,0,0,0,0,0,1,1,6,2,56,9,-1,-1,-1,-1,6,3,E01026535,0
Unvalidated,2024361423937,2024,361423937,1,9,0,18,1,5,0,1,0,0,0,0,1,1,6,1,95,11,-1,-1,-1,-1,5,3,E01026751,0
Unvalidated,2024361423959,2024,361423959,1,9,0,5,7,3,0,2,0,0,0,0,1,1,5,3,25,5,-1,-1,-1,-1,-1,-1,-1,0
Unvalidated,2024361423959,2024,361423959,2,1,4,5,5,8,9,1,0,0,0,0,2,1,5,1,32,6,-1,-1,-1,-1,1,1,E01026625,0
Unvalidated,2024361424004,2024,361424004,1,9,0,18,1,5,0,2,1,0,1,0,4,1,6,1,41,7,-1,-1,-1,-1,8,3,E01033538,0
Unvalidated,2024361424004,2024,361424004,2,9,0,18,5,1,0,1,0,0,0,0,1,1,6,1,74,10,-1,-1,-1,-1,7,2,E01026536,0
Unvalidated,2024361424163,2024,361424163,1,9,0,9,7,5,0,8,0,0,0,0,4,1,3,1,18,4,-1,-1,-1,-1,4,2,E01033037,0
Unvalidated,2024361424163,2024,361424163,2,4,0,18,1,5,0,8,0,0,0,0,1,1,5,1,21,5,-1,-1,-1,-1,4,1,E01026667,0
Unvalidated,2024361424189,2024,361424189,1,9,0,5,5,1,0,1,0,0,0,0,1,1,5,1,46,8,-1,-1,-1,-1,10,1,E01013113,0
Unvalidated,2024361424189,2024,361424189,2,9,0,3,5,1,0,8,0,0,0,0,2,1,5,1,48,8,-1,-1,-1,-1,1,1,E01026635,0
Unvalidated,2024361424486,2024,361424486,1,9,0,18,4,8,0,2,0,0,0,0,1,1,1,1,36,7,-1,-1,-1,-1,9,3,E01026509,0
Unvalidated,2024361424486,2024,361424486,2,1,0,2,0,0,0,1,0,0,0,0,1,1,6,1,44,7,-1,-1,-1,-1,-1,-1,-1,0
Unvalidated,2024361424528,2024,361424528,1,9,0,18,5,4,0,0,5,0,1,0,1,1,6,1,52,8,-1,-1,-1,-1,1,1,E01026073,0
Unvalidated,2024361424528,2024,361424528,2,9,0,18,5,4,0,0,1,0,7,6,1,1,6,1,75,10,-1,-1,-1,-1,4,1,E01030263,0
Unvalidated,2024361424687,2024,361424687,1,5,0,18,1,5,0,0,1,11,3,0,1,1,5,1,57,9,-1,-1,-1,-1,5,3,E01026643,0
Unvalidated,2024361424690,2024,361424690,1,9,0,18,5,1,0,0,0,0,0,0,1,1,5,1,26,6,-1,-1,-1,-1,6,2,E01030052,0
Unvalidated,2024361424690,2024,361424690,2,21,1,18,1,5,0,0,0,0,0,0,2,1,1,1,24,5,-1,-1,-1,-1,4,3,E01026609,0
Unvalidated,2024361424808,2024,361424808,1,3,0,18,6,2,0,0,1,0,0,0,1,1,1,1,21,5,-1,-1,-1,-1,9,2,E01026548,0
Unvalidated,2024361424808,2024,361424808,2,9,0,18,6,2,0,0,0,0,0,0,-1,1,6,3,-1,-1,-1,-1,-1,-1,-1,-1,-1,0
Unvalidated,2024361425080,2024,361425080,1,9,0,1,2,4,0,0,0,0,0,0,2,1,6,2,50,8,-1,-1,-1,-1,4,3,E01026483,0
Unvalidated,2024361425210,2024,361425210,1,19,0,18,2,6,0,1,0,0,0,0,1,1,1,1,55,8,-1,-1,-1,-1,3,3,E01026717,0
Unvalidated,2024361425210,2024,361425210,2,9,0,4,2,6,0,1,0,0,0,0,2,1,6,2,49,8,-1,-1,-1,-1,6,3,E01033036,0
Unvalidated,2024361425665,2024,361425665,1,19,0,18,8,4,0,0,5,4,0,0,1,1,2,1,32,6,-1,-1,-1,-1,-1,-1,-1,0
Unvalidated,2024361425665,2024,361425665,2,19,0,2,0,0,0,0,0,0,0,0,2,1,1,1,62,9,-1,-1,-1,-1,6,2,E01026722,0
Unvalidated,2024361425686,2024,361425686,1,9,0,4,5,1,0,1,1,0,0,0,1,1,2,1,39,7,-1,-1,-1,-1,6,2,E01026516,0
Unvalidated,2024361425686,2024,361425686,2,9,0,4,5,1,0,1,0,0,0,0,2,1,2,1,26,6,-1,-1,-1,-1,1,1,E01026809,0
Unvalidated,2024361425686,2024,361425686,3,9,0,10,5,2,0,1,0,0,0,0,2,1,2,1,63,9,-1,-1,-1,-1,4,3,E01026790,0
Unvalidated,2024361425707,2024,361425707,1,9,0,9,2,6,0,2,0,0,0,0,1,1,5,1,78,11,-1,-1,-1,-1,6,1,E01026569,0
Unvalidated,2024361425707,2024,361425707,2,9,0,2,0,0,0,1,0,0,1,4,1,1,5,2,30,6,-1,-1,-1,-1,1,1,E01033131,0
Unvalidated,2024361425729,2024,361425729,1,9,0,18,3,7,0,1,0,0,0,0,1,1,5,2,28,6,-1,-1,-1,-1,6,3,E01026675,0
Unvalidated,2024361425729,2024,361425729,2,9,0,9,5,3,0,8,0,0,0,0,3,1,5,1,59,9,-1,-1,-1,-1,9,1,E01026692,0
Unvalidated,2024361425819,2024,361425819,1,9,0,18,8,4,0,1,0,0,0,0,1,1,5,1,34,6,-1,-1,-1,-1,2,1,E01026633,0
Unvalidated,2024361425819,2024,361425819,2,1,0,5,2,6,9,6,0,0,0,0,3,1,6,1,11,3,-1,-1,-1,-1,2,1,E01026865,0
Unvalidated,2024361426348,2024,361426348,1,9,0,18,7,4,0,6,0,0,0,0,1,1,5,1,33,6,-1,-1,-1,-1,4,3,E01026180,0
Unvalidated,2024361426348,2024,361426348,2,9,0,18,1,5,0,8,2,0,1,1,4,1,5,2,37,7,-1,-1,-1,-1,3,3,E01026719,0
Unvalidated,2024361426424,2024,361426424,1,9,0,5,5,1,0,8,5,0,7,1,4,1,5,1,59,9,-1,-1,-1,-1,6,1,E01026842,0
Unvalidated,2024361426424,2024,361426424,2,19,0,18,7,3,0,8,1,0,0,0,1,1,1,1,33,6,-1,-1,-1,-1,4,3,E01026898,0
Unvalidated,2024361426537,2024,361426537,1,9,0,18,7,3,0,0,5,0,2,0,4,1,5,1,27,6,-1,-1,-1,-1,3,2,E01026488,0
Unvalidated,2024361426741,2024,361426741,1,9,0,18,7,3,0,0,0,0,0,0,1,1,5,1,51,8,-1,-1,-1,-1,6,3,-1,0
Unvalidated,2024361426741,2024,361426741,2,9,0,18,3,7,0,0,0,0,0,0,3,1,5,1,76,11,-1,-1,-1,-1,7,1,E01026924,0
Unvalidated,2024361426741,2024,361426741,3,9,0,18,3,7,0,0,0,0,0,0,3,1,6,1,30,6,-1,-1,-1,-1,2,1,E01015938,0
Unvalidated,2024361426741,2024,361426741,4,9,0,18,3,7,0,0,0,0,0,0,1,1,5,1,41,7,-1,-1,-1,-1,5,2,E01026892,0
Unvalidated,2024361426764,2024,361426764,1,4,0,5,7,3,9,1,5,0,1,0,0,1,5,1,24,5,-1,-1,-1,-1,1,1,E01026467,0
Unvalidated,2024361426795,2024,361426795,1,9,0,18,3,7,0,0,0,0,0,0,1,1,6,1,20,4,-1,-1,-1,-1,5,3,E01030066,0
Unvalidated,2024361426915,2024,361426915,1,9,0,18,2,6,6,0,0,0,0,0,1,1,6,1,34,6,-1,-1,-1,-1,-1,-1,-1,0
Unvalidated,2024361426915,2024,361426915,2,21,1,2,2,6,6,0,0,0,0,0,2,1,1,1,35,6,-1,-1,-1,-1,-1,-1,-1,0
Unvalidated,2024361426980,2024,361426980,1,5,0,13,5,1,0,0,0,0,1,0,1,1,6,1,52,8,-1,-1,-1,-1,4,1,E01026925,0
Unvalidated,2024361426980,2024,361426980,2,9,0,18,1,5,0,0,0,0,1,0,1,1,5,1,49,8,-1,-1,-1,-1,7,2,E01033057,0
Unvalidated,2024361426980,2024,361426980,3,9,0,18,5,1,0,0,0,0,0,0,1,1,5,2,36,7,-1,-1,-1,-1,6,3,E01026549,0
Unvalidated,2024361427059,2024,361427059,1,9,0,18,3,7,0,0,0,0,0,0,3,1,6,2,74,10,-1,-1,-1,-1,6,3,E01026899,0
Unvalidated,2024361427059,2024,361427059,2,9,0,4,3,7,0,0,0,0,0,0,2,1,6,1,52,8,-1,-1,-1,-1,-1,-1,-1,0
Unvalidated,2024361427059,2024,361427059,3,9,0,18,3,7,0,0,0,0,0,0,1,1,6,1,83,11,-1,-1,-1,-1,8,1,E01026881,0
Unvalidated,2024361427059,2024,361427059,4,9,0,4,3,7,0,0,0,0,0,0,2,1,6,1,76,11,-1,-1,-1,-1,7,1,E01010356,0
Unvalidated,2024361427304,2024,361427304,1,1,0,9,3,1,0,1,0,0,0,0,3,1,5,1,61,9,-1,-1,-1,-1,10,1,E01026813,0
Unvalidated,2024361427304,2024,361427304,2,9,0,18,1,6,0,8,1,0,0,0,1,1,5,1,21,5,-1,-1,-1,-1,6,3,E01026494,0
Unvalidated,2024361427432,2024,361427432,1,9,0,9,3,7,0,8,0,0,0,0,1,1,6,1,80,11,-1,-1,-1,-1,8,2,E01026653,0
Unvalidated,2024361427500,2024,361427500,1,3,0,4,4,8,0,0,1,0,0,0,0,1,1,2,27,6,-1,-1,-1,-1,5,3,E01026442,0
Unvalidated,2024361427574,2024,361427574,1,9,0,18,4,8,0,1,0,0,0,0,1,1,1,1,54,8,-1,-1,-1,-1,3,1,E01026753,0
Unvalidated,2024361427574,2024,361427574,2,19,0,4,4,8,0,1,0,0,0,0,2,1,1,1,61,9,-1,-1,-1,-1,4,3,E01026628,0
Unvalidated,2024361427923,2024,361427923,1,9,0,18,5,1,0,0,0,0,0,0,2,1,6,2,70,10,-1,-1,-1,-1,2,1,E01015612,0
Unvalidated,2024361427923,2024,361427923,2,9,0,18,5,1,0,0,0,0,0,0,1,1,5,2,32,6,-1,-1,-1,-1,8,1,E01026937,0
Unvalidated,2024361428063,2024,361428063,1,9,0,18,3,7,0,1,0,0,0,0,1,1,6,1,58,9,-1,-1,-1,-1,4,3,E01026694,0
Unvalidated,2024361428063,2024,361428063,2,9,0,4,3,7,0,1,0,0,0,0,2,1,5,1,32,6,-1,-1,-1,-1,1,1,E01006019,0
Unvalidated,2024361428063,2024,361428063,3,9,0,4,3,7,0,1,0,0,0,0,2,1,6,1,24,5,-1,-1,-1,-1,7,2,E01026723,0
Unvalidated,2024361428094,2024,361428094,1,9,0,18,1,5,0,0,0,0,0,0,4,1,2,1,54,8,-1,-1,-1,-1,6,3,E01026872,0
Unvalidated,2024361428094,2024,361428094,2,4,0,18,1,5,0,0,1,0,0,0,3,1,2,1,23,5,-1,-1,-1,-1,7,3,E01026897,0
Unvalidated,2024361428209,2024,361428209,1,19,0,18,4,8,0,4,0,0,0,0,-1,1,6,1,60,9,-1,-1,-1,-1,1,1,E01026824,0
Unvalidated,2024361428209,2024,361428209,2,3,0,5,2,6,0,4,0,0,0,0,4,1,2,1,26,6,-1,-1,-1,-1,3,3,E01026784,0
Unvalidated,2024361428218,2024,361428218,1,-1,-1,18,1,5,0,0,0,0,0,0,1,1,6,3,-1,-1,-1,-1,-1,-1,-1,-1,-1,0
Unvalidated,2024361428218,2024,361428218,2,1,-1,-1,-1,-1,-1,0,-1,-1,-1,0,-1,1,3,1,9,2,-1,-1,-1,-1,-1,-1,-1,0
Unvalidated,2024361428234,2024,361428234,1,9,0,18,2,5,0,0,0,0,0,0,1,1,6,3,-1,-1,-1,-1,-1,-1,-1,-1,-1,0
Unvalidated,2024361428512,2024,361428512,1,9,0,9,7,5,0,8,0,0,0,0,3,1,5,1,19,4,-1,-1,-1,-1,6,3,E01026514,0
Unvalidated,2024361428512,2024,361428512,2,1,0,18,5,2,0,1,0,0,0,0,1,1,6,1,42,7,-1,-1,-1,-1,9,1,E01024823,0
Unvalidated,2024361428610,2024,361428610,1,9,0,13,8,4,0,0,0,0,0,0,3,1,5,1,57,9,-1,-1,-1,-1,6,2,E01026486,0
Unvalidated,2024361428610,2024,361428610,2,9,0,13,7,4,0,0,5,0,7,0,4,1,5,1,60,9,-1,-1,-1,-1,5,2,E01026487,0
Unvalidated,2024361428681,2024,361428681,1,9,0,9,4,8,0,5,0,0,0,0,4,1,5,2,22,5,-1,-1,-1,-1,8,1,E01026581,0
Unvalidated,2024361428681,2024,361428681,2,97,0,18,6,2,0,1,0,0,0,0,1,1,5,1,58,9,-1,-1,-1,-1,7,3,E01026880,0
Unvalidated,2024361428721,2024,361428721,1,9,0,18,5,1,0,0,0,0,0,0,3,1,5,1,27,6,-1,-1,-1,-1,-1,2,-1,0
Unvalidated,2024361428721,2024,361428721,2,3,0,18,2,7,0,0,0,0,0,0,4,1,5,1,61,9,-1,-1,-1,-1,1,1,E01015602,0
Unvalidated,2024361428731,2024,361428731,1,9,0,18,1,1,0,0,2,0,0,0,1,1,6,1,74,10,-1,-1,-1,-1,4,1,E01026759,0
Unvalidated,2024361428776,2024,361428776,1,9,0,7,7,3,0,1,1,0,7,4,1,1,5,2,17,4,-1,-1,-1,-1,-1,2,-1,0
Unvalidated,2024361428796,2024,361428796,1,97,0,18,3,7,0,0,5,0,0,0,1,1,2,1,20,4,-1,-1,-1,-1,5,3,E01026940,0
Unvalidated,2024361428809,2024,361428809,1,19,0,18,5,1,0,0,0,0,1,0,1,1,5,1,37,7,-1,-1,-1,-1,2,1,E01026698,0
Unvalidated,2024361428920,2024,361428920,1,9,0,4,7,3,0,0,0,0,0,0,1,1,5,2,27,6,-1,-1,-1,-1,1,1,E01026809,0
Unvalidated,2024361428920,2024,361428920,2,9,0,4,7,3,0,0,0,0,0,0,2,1,5,1,61,9,-1,-1,-1,-1,3,1,E01026817,0
Unvalidated,2024361428920,2024,361428920,3,9,0,13,3,7,0,0,0,0,0,0,0,1,5,1,49,8,-1,-1,-1,-1,-1,-1,-1,0
Unvalidated,2024361429040,2024,361429040,1,9,0,18,4,8,0,0,0,0,7,4,1,1,5,1,72,10,-1,-1,-1,-1,4,3,E01026729,0
Unvalidated,2024361429235,2024,361429235,1,9,0,1,4,2,0,0,0,0,0,0,2,1,6,2,28,6,-1,-1,-1,-1,8,1,E01026561,0
Unvalidated,2024361429235,2024,361429235,2,4,0,18,4,8,0,0,0,0,0,0,1,1,6,1,20,4,-1,-1,-1,-1,4,2,E01026750,0
Unvalidated,2024361429262,2024,361429262,1,9,0,18,1,5,0,0,0,0,0,0,1,1,5,2,34,6,-1,-1,-1,-1,6,3,E01026424,0
Unvalidated,2024361429262,2024,361429262,2,9,0,4,1,5,0,0,0,0,0,0,2,1,2,2,23,5,-1,-1,-1,-1,-1,-1,-1,0
Unvalidated,2024361429376,2024,361429376,1,19,0,18,6,2,0,0,0,0,0,0,3,1,6,3,18,4,-1,-1,-1,-1,-1,-1,-1,0
Unvalidated,2024361429550,2024,361429550,1,9,0,18,5,1,0,0,0,0,0,0,1,1,5,2,62,9,-1,-1,-1,-1,8,2,E01026508,0
Unvalidated,2024361429550,2024,361429550,2,9,0,18,5,1,0,0,0,0,0,0,1,1,1,1,32,6,-1,-1,-1,-1,1,1,E01026662,0
Unvalidated,2024361429550,2024,361429550,3,9,0,18,5,1,0,0,0,0,0,0,2,1,6,1,24,5,-1,-1,-1,-1,7,2,E01026676,0
Unvalidated,2024361429623,2024,361429623,1,9,0,18,7,3,0,0,0,0,1,0,1,1,6,2,22,5,-1,-1,-1,-1,5,2,E01029928,0
Unvalidated,2024361429851,2024,361429851,1,9,0,18,1,2,0,0,0,0,0,0,1,1,2,2,25,5,-1,-1,-1,-1,-1,-1,-1,0
Unvalidated,2024361429851,2024,361429851,2,19,0,18,6,2,0,0,0,0,0,0,1,1,1,1,53,8,-1,-1,-1,-1,2,1,E01027983,0
Unvalidated,2024361429947,2024,361429947,1,97,0,9,4,8,0,8,0,0,0,0,1,1,6,2,20,4,-1,-1,-1,-1,1,1,E01026641,0
Unvalidated,2024361429947,2024,361429947,2,9,0,18,1,5,0,1,0,0,0,0,1,1,6,1,25,5,-1,-1,-1,-1,6,3,E01026629,0
Unvalidated,2024361430212,2024,361430212,1,9,-1,5,1,7,9,0,0,0,0,0,1,1,6,3,40,7,-1,-1,-1,-1,-1,-1,-1,0
Unvalidated,2024361430212,2024,361430212,2,1,0,18,3,7,0,0,0,0,0,0,1,1,6,1,6,2,-1,-1,-1,-1,3,2,E01026455,0
Unvalidated,2024361430438,2024,361430438,1,19,0,13,2,5,0,0,0,0,0,0,0,1,6,3,-1,-1,-1,-1,-1,-1,-1,-1,-1,0
Unvalidated,2024361430438,2024,361430438,2,5,0,18,2,5,0,0,2,0,0,0,0,1,2,1,37,7,-1,-1,-1,-1,3,3,E01026740,0
Unvalidated,2024361430462,2024,361430462,1,21,0,18,1,5,0,0,0,0,0,0,3,1,1,1,53,8,-1,-1,-1,-1,5,1,E01030030,0
Unvalidated,2024361430462,2024,361430462,2,19,0,18,5,1,0,0,0,0,0,0,3,1,1,1,54,8,-1,-1,-1,-1,4,3,E01030295,0
Unvalidated,2024361430549,2024,361430549,1,9,0,-1,-1,-1,0,0,0,0,0,0,-1,1,6,1,22,5,-1,-1,-1,-1,4,1,E01026426,0
Unvalidated,2024361430549,2024,361430549,2,3,0,-1,-1,-1,0,0,0,0,0,0,-1,1,5,1,18,4,-1,-1,-1,-1,6,2,E01030232,0
Unvalidated,2024361430672,2024,361430672,1,5,0,13,5,1,0,1,0,0,0,0,3,1,2,1,20,4,-1,-1,-1,-1,4,3,E01026628,0
Unvalidated,2024361430672,2024,361430672,2,9,0,9,5,1,0,1,0,0,0,0,3,1,6,2,37,7,-1,-1,-1,-1,3,1,E01026596,0
Unvalidated,2024361430804,2024,361430804,1,9,0,18,-1,-1,0,4,0,0,-1,0,-1,1,6,1,-1,-1,-1,-1,-1,-1,-1,-1,-1,0
Unvalidated,2024361430804,2024,361430804,2,9,0,18,1,5,0,8,0,0,0,0,4,1,6,2,60,9,-1,-1,-1,-1,9,1,E01026836,0
Unvalidated,2024361430821,2024,361430821,1,9,0,4,3,7,0,0,0,0,0,0,1,1,5,2,59,9,-1,-1,-1,-1,5,3,E01026501,0
Unvalidated,2024361430833,2024,361430833,1,9,0,18,3,7,0,0,0,0,0,0,1,1,6,1,80,11,-1,-1,-1,-1,4,3,E01026729,0
Unvalidated,2024361430833,2024,361430833,2,9,0,2,0,0,0,0,0,0,0,0,2,1,6,1,59,9,-1,-1,-1,-1,10,1,E01002387,0
Unvalidated,2024361430876,2024,361430876,1,1,-1,-1,-1,-1,-1,-1,-1,-1,-1,0,-1,1,2,1,-1,-1,-1,-1,-1,-1,-1,-1,-1,0
Unvalidated,2024361430876,2024,361430876,2,9,-1,-1,-1,-1,-1,-1,-1,-1,-1,0,-1,1,2,2,36,7,-1,-1,-1,-1,7,2,E01026939,0
Unvalidated,2024361430965,2024,361430965,1,9,0,9,6,2,0,1,0,0,0,0,1,1,5,1,29,6,-1,-1,-1,-1,-1,-1,-1,0
Unvalidated,2024361430965,2024,361430965,2,5,0,13,6,2,0,1,0,0,0,0,1,1,5,1,27,6,-1,-1,-1,-1,-1,-1,-1,0
Unvalidated,2024361431160,2024,361431160,1,9,0,9,5,6,0,6,0,0,0,0,3,1,5,1,52,8,-1,-1,-1,-1,4,3,E01026713,0
Unvalidated,2024361431160,2024,361431160,2,97,0,18,3,3,0,1,5,0,0,0,2,1,5,1,58,9,-1,-1,-1,-1,5,2,E01026647,0
Unvalidated,2024361431361,2024,361431361,1,9,0,9,3,5,0,5,0,0,0,0,3,1,6,1,61,9,-1,-1,-1,-1,1,1,E01026626,0
Unvalidated,2024361431361,2024,361431361,2,3,0,9,5,1,0,5,0,0,0,0,3,1,1,2,20,4,-1,-1,-1,-1,-1,-1,-1,0
Unvalidated,2024361431592,2024,361431592,1,9,0,9,1,8,0,0,0,0,0,0,3,1,5,1,25,5,-1,-1,-1,-1,2,1,E01026829,0
Unvalidated,2024361431592,2024,361431592,2,4,0,18,7,3,0,0,2,0,7,0,1,1,5,1,19,4,-1,-1,-1,-1,3,2,E01026775,0
Unvalidated,2024361431674,2024,361431674,1,3,0,18,4,8,0,1,5,0,0,0,1,1,5,1,17,4,-1,-1,-1,-1,8,1,E01026860,0
Unvalidated,2024361431674,2024,361431674,2,9,0,9,4,2,0,1,0,0,0,0,3,1,5,1,57,9,-1,-1,-1,-1,10,1,E01026882,0
Unvalidated,2024361431882,2024,361431882,1,4,0,4,5,1,0,0,1,0,0,0,4,1,6,1,33,6,-1,-1,-1,-1,1,1,E01026619,0
Unvalidated,2024361431886,2024,361431886,1,9,0,5,2,5,0,4,0,0,0,0,1,1,1,1,51,8,-1,-1,-1,-1,10,1,E01026882,0
Unvalidated,2024361431886,2024,361431886,2,1,0,18,8,5,0,3,0,0,0,0,1,1,1,1,42,7,-1,-1,-1,-1,9,2,E01026938,0
Unvalidated,2024361431906,2024,361431906,1,9,0,18,5,1,0,0,1,0,0,0,1,1,5,2,23,5,-1,-1,-1,-1,3,3,E01026495,0
Unvalidated,2024361432062,2024,361432062,1,11,0,9,2,7,0,8,0,0,0,0,-1,1,1,1,55,8,-1,-1,-1,-1,2,3,E01026680,0
Unvalidated,2024361432102,2024,361432102,1,9,0,18,2,6,0,1,0,0,0,0,1,1,6,2,24,5,-1,-1,-1,-1,7,1,E01026710,0
Unvalidated,2024361432102,2024,361432102,2,9,0,4,2,6,0,1,0,0,0,0,2,1,6,2,44,7,-1,-1,-1,-1,9,1,E01026671,0
Unvalidated,2024361432284,2024,361432284,1,9,0,18,5,5,0,0,0,4,0,0,1,1,6,1,35,6,-1,-1,-1,-1,2,1,E01026425,0
Unvalidated,2024361432284,2024,361432284,2,9,0,2,1,5,0,0,0,0,0,0,2,1,6,2,59,9,-1,-1,-1,-1,10,2,E01026927,0
Unvalidated,2024361432284,2024,361432284,3,9,0,2,0,0,0,0,0,0,0,0,2,1,6,1,75,10,-1,-1,-1,-1,2,1,E01026425,0
Unvalidated,2024361432284,2024,361432284,4,9,0,2,0,0,0,0,0,0,0,0,1,1,6,2,55,8,-1,-1,-1,-1,2,1,E01026425,0
Unvalidated,2024361432284,2024,361432284,5,9,0,2,0,0,0,0,0,0,0,0,1,1,6,1,32,6,-1,-1,-1,-1,2,1,E01026425,0
Unvalidated,2024361432529,2024,361432529,1,9,0,18,1,5,0,1,0,0,0,0,1,1,6,2,45,7,-1,-1,-1,-1,6,1,E01026520,0
Unvalidated,2024361432529,2024,361432529,2,9,0,3,1,5,0,1,0,0,0,0,2,1,1,1,39,7,-1,-1,-1,-1,3,1,E01033438,0
Unvalidated,2024361432679,2024,361432679,1,97,0,18,6,2,0,1,0,0,0,0,1,1,1,1,68,10,-1,-1,-1,-1,1,1,E01026827,0
Unvalidated,2024361432679,2024,361432679,2,1,0,18,4,8,0,8,0,0,0,0,4,1,3,2,16,4,-1,-1,-1,-1,5,1,E01030241,0
Unvalidated,2024361432702,2024,361432702,1,9,0,18,5,1,0,0,0,0,0,0,1,1,6,1,54,8,-1,-1,-1,-1,3,1,E01000082,0
Unvalidated,2024361432702,2024,361432702,2,9,0,3,5,1,0,0,0,0,0,0,2,1,6,2,47,8,-1,-1,-1,-1,8,1,E01030242,0
Unvalidated,2024361432707,2024,361432707,1,5,0,18,5,1,0,1,0,0,0,0,1,1,5,1,74,10,-1,-1,-1,-1,6,2,E01026486,0
Unvalidated,2024361432707,2024,361432707,2,9,0,9,5,3,0,5,0,0,0,0,3,1,5,1,19,4,-1,-1,-1,-1,3,2,E01026455,0
Unvalidated,2024361432761,2024,361432761,1,9,0,9,7,3,0,0,0,0,0,0,3,1,6,2,67,10,-1,-1,-1,-1,5,3,E01026944,0
Unvalidated,2024361432761,2024,361432761,2,3,0,18,7,3,0,0,0,0,0,0,2,1,1,1,32,6,-1,-1,-1,-1,3,1,E01033439,0
Unvalidated,2024361432813,2024,361432813,1,9,0,18,5,1,0,0,2,0,2,0,4,1,1,1,35,6,-1,-1,-1,-1,4,2,E01026677,0
Unvalidated,2024361432956,2024,361432956,1,9,0,18,5,1,0,1,0,0,0,0,1,1,6,1,83,11,-1,-1,-1,-1,5,3,E01026789,0
Unvalidated,2024361432956,2024,361432956,2,9,0,3,5,1,0,1,0,0,0,0,2,1,6,2,55,8,-1,-1,-1,-1,4,3,E01026762,0
Unvalidated,2024361433006,2024,361433006,1,9,0,18,7,3,0,0,0,0,7,0,1,1,2,1,29,6,-1,-1,-1,-1,4,3,E01026695,0
Unvalidated,2024361433006,2024,361433006,2,9,0,18,3,7,0,0,0,0,1,0,1,1,5,1,51,8,-1,-1,-1,-1,10,1,E01026562,0
Unvalidated,2024361433026,2024,361433026,1,19,0,10,4,6,0,1,0,0,0,0,1,1,6,1,53,8,-1,-1,-1,-1,2,1,E01030023,0
Unvalidated,2024361433026,2024,361433026,2,9,0,18,2,6,0,1,0,0,0,0,4,1,6,1,53,8,-1,-1,-1,-1,8,1,E01026434,0
Unvalidated,2024361433326,2024,361433326,1,9,0,5,7,3,0,0,0,0,0,0,4,1,5,2,42,7,-1,-1,-1,-1,1,1,E01026595,0
Unvalidated,2024361433326,2024,361433326,2,97,0,18,3,7,0,0,0,0,0,0,1,1,6,1,26,6,-1,-1,-1,-1,4,1,E01026586,0
Unvalidated,2024361433326,2024,361433326,3,19,0,2,0,0,0,0,0,0,0,0,0,1,5,1,49,8,-1,-1,-1,-1,4,3,E01026638,0
Unvalidated,2024361433328,2024,361433328,1,9,0,5,7,1,0,0,0,0,0,0,1,1,2,2,40,7,-1,-1,-1,-1,4,1,E01026468,0
Unvalidated,2024361433328,2024,361433328,2,19,0,3,2,3,0,0,0,0,0,0,1,1,2,2,39,7,-1,-1,-1,-1,1,1,E01026467,0
Unvalidated,2024361433328,2024,361433328,3,9,0,4,3,4,0,0,0,0,0,0,1,1,2,1,49,8,-1,-1,-1,-1,8,1,E01026470,0
Unvalidated,2024361433368,2024,361433368,1,20,0,7,3,7,9,1,0,0,1,0,4,2,1,1,50,8,-1,-1,-1,-1,2,1,E01026821,0
Unvalidated,2024361433368,2024,361433368,2,1,0,18,3,7,9,1,0,0,0,0,3,1,6,2,10,2,-1,-1,-1,-1,2,3,E01033040,0
Unvalidated,2024361433573,2024,361433573,1,4,0,18,7,3,0,0,1,0,0,0,3,1,5,1,66,10,-1,-1,-1,-1,-1,-1,-1,0
Unvalidated,2024361433617,2024,361433617,1,9,0,5,3,1,9,1,0,0,0,0,4,1,1,1,34,6,-1,-1,-1,-1,1,1,E01026624,0