status,collision_index,collision_year,collision_reference,vehicle_reference,vehicle_type,towing_and_articulation,vehicle_manoeuvre,vehicle_direction_from,vehicle_direction_to,vehicle_location_restricted_lane,junction_location,skidding_and_overturning,hit_object_in_carriageway,vehicle_leaving_carriageway,hit_object_off_carriageway,first_point_of_impact,vehicle_left_hand_drive,journey_purpose_of_driver,sex_of_driver,age_of_driver,age_band_of_driver,engine_capacity_cc,propulsion_code,age_of_vehicle,generic_make_model,driver_imd_decile,driver_home_area_type,lsoa_of_driver,escooter_flag
Unvalidated,2024361433617,2024,361433617,2,1,0,18,7,3,0,1,2,0,0,0,1,1,6,2,61,9,-1,-1,-1,-1,-1,-1,-1,0
Unvalidated,2024361433617,2024,361433617,3,1,0,18,7,3,0,1,2,0,0,0,1,1,6,2,45,7,-1,-1,-1,-1,4,1,E01026602,0
Unvalidated,2024361433663,2024,361433663,1,9,0,18,1,5,0,0,0,0,0,0,1,1,6,1,42,7,-1,-1,-1,-1,7,1,E01029947,0
Unvalidated,2024361433663,2024,361433663,2,9,0,4,1,5,0,0,0,0,0,0,2,1,6,1,66,10,-1,-1,-1,-1,3,1,E01015668,0
Unvalidated,2024361433663,2024,361433663,3,9,0,4,1,5,0,0,0,0,0,0,2,1,6,1,55,8,-1,-1,-1,-1,2,1,E01026478,0
Unvalidated,2024361433663,2024,361433663,4,9,0,4,1,5,0,0,0,0,0,0,2,1,6,1,58,9,-1,-1,-1,-1,8,1,E01026470,0
Unvalidated,2024361433802,2024,361433802,1,9,0,18,5,2,0,1,2,0,1,4,1,1,5,1,23,5,-1,-1,-1,-1,4,3,E01026651,0
Unvalidated,2024361433967,2024,361433967,1,1,0,18,4,7,0,1,2,0,0,0,1,1,6,1,42,7,-1,-1,-1,-1,-1,-1,-1,0
Unvalidated,2024361433967,2024,361433967,2,9,0,2,0,0,0,1,0,0,0,0,2,1,6,1,34,6,-1,-1,-1,-1,1,1,E01026848,0
Unvalidated,2024361434259,2024,361434259,1,98,1,9,6,4,0,1,0,0,0,0,4,1,6,1,26,6,-1,-1,-1,-1,-1,2,-1,0
Unvalidated,2024361434363,2024,361434363,1,9,0,18,7,3,0,0,0,0,0,0,1,1,6,1,85,11,-1,-1,-1,-1,4,3,E01026732,0
Unvalidated,2024361434363,2024,361434363,2,9,0,18,3,8,0,0,0,0,0,0,1,1,6,2,41,7,-1,-1,-1,-1,7,3,E01026461,0
Unvalidated,2024361434388,2024,361434388,1,21,0,11,1,5,0,8,0,0,0,0,1,1,1,1,36,7,-1,-1,-1,-1,6,3,E01018061,0
Unvalidated,2024361434388,2024,361434388,2,9,0,18,1,5,0,8,0,0,0,0,3,1,5,1,75,10,-1,-1,-1,-1,5,1,E01026541,0
Unvalidated,2024361434426,2024,361434426,1,9,0,18,3,7,0,3,0,0,0,0,4,1,2,1,36,7,-1,-1,-1,-1,8,1,E01026918,0
Unvalidated,2024361434426,2024,361434426,2,9,0,9,3,7,0,3,0,0,0,0,3,1,5,2,55,8,-1,-1,-1,-1,8,1,E01026849,0
Unvalidated,2024361434470,2024,361434470,1,9,0,9,7,4,0,8,0,0,0,0,1,1,5,1,73,10,-1,-1,-1,-1,1,1,E01026625,0
Unvalidated,2024361434470,2024,361434470,2,3,0,18,3,7,0,8,2,0,0,0,3,1,6,1,19,4,-1,-1,-1,-1,8,1,E01026584,0
Unvalidated,2024361434693,2024,361434693,1,1,0,18,-1,-1,0,1,0,0,0,0,-1,1,6,1,-1,-1,-1,-1,-1,-1,-1,-1,-1,0
Unvalidated,2024361434693,2024,361434693,2,90,0,18,-1,-1,0,1,0,0,0,0,3,1,6,2,32,6,-1,-1,-1,-1,6,1,E01010211,0
Unvalidated,2024361434727,2024,361434727,1,9,0,18,5,1,0,1,0,0,0,0,1,1,5,1,46,8,-1,-1,-1,-1,5,3,E01026751,0
Unvalidated,2024361434727,2024,361434727,2,9,0,4,5,1,0,1,0,0,0,0,2,1,5,2,49,8,-1,-1,-1,-1,5,3,E01026738,0
Unvalidated,2024361434727,2024,361434727,3,9,0,4,5,1,0,1,0,0,0,0,4,1,5,2,22,5,-1,-1,-1,-1,-1,-1,-1,0
Unvalidated,2024361434837,2024,361434837,1,9,-1,18,1,5,0,1,0,0,0,0,1,1,6,3,-1,-1,-1,-1,-1,-1,-1,-1,-1,0
Unvalidated,2024361434837,2024,361434837,2,9,0,18,7,3,0,8,0,0,0,0,4,1,5,1,73,10,-1,-1,-1,-1,9,2,E01026742,0
Unvalidated,2024361435009,2024,361435009,1,9,0,18,1,5,0,8,0,0,1,4,1,1,6,1,29,6,-1,-1,-1,-1,5,3,E01026487,0
Unvalidated,2024361435074,2024,361435074,1,9,0,-1,-1,-1,-1,0,-1,-1,-1,0,-1,1,6,3,-1,-1,-1,-1,-1,-1,-1,-1,-1,0
Unvalidated,2024361435074,2024,361435074,2,1,0,18,5,1,0,0,0,0,0,0,3,1,2,1,50,8,-1,-1,-1,-1,4,1,E01026640,0
Unvalidated,2024361435238,2024,361435238,1,1,0,18,3,7,0,0,0,0,0,0,1,1,1,1,44,7,-1,-1,-1,-1,8,1,E01026714,0
Unvalidated,2024361435238,2024,361435238,2,9,0,18,1,5,0,0,0,0,0,0,1,1,6,1,35,6,-1,-1,-1,-1,1,1,E01026662,0
Unvalidated,2024361435263,2024,361435263,1,9,0,18,7,3,0,2,0,0,0,0,3,1,1,2,63,9,-1,-1,-1,-1,7,3,E01026462,0
Unvalidated,2024361435263,2024,361435263,2,9,0,18,5,1,0,2,0,0,0,0,1,1,5,2,73,10,-1,-1,-1,-1,7,3,E01026462,0
Unvalidated,2024361435408,2024,361435408,1,-1,0,18,7,3,0,0,0,0,0,0,1,1,6,1,25,5,-1,-1,-1,-1,9,3,E01026644,0
Unvalidated,2024361435408,2024,361435408,2,1,0,18,7,3,0,0,0,0,0,0,2,1,6,2,35,6,-1,-1,-1,-1,5,3,E01026674,0
Unvalidated,2024361435678,2024,361435678,1,21,0,4,7,3,0,1,0,0,0,0,1,2,1,1,-1,-1,-1,-1,-1,-1,-1,-1,-1,0
Unvalidated,2024361435678,2024,361435678,2,90,0,4,7,3,0,1,0,0,0,0,2,1,1,2,30,6,-1,-1,-1,-1,9,2,E01026550,0
Unvalidated,2024361435872,2024,361435872,1,9,0,18,3,7,0,0,0,0,7,0,1,1,5,1,54,8,-1,-1,-1,-1,3,1,E01026670,0
Unvalidated,2024361435872,2024,361435872,2,19,0,18,7,3,0,0,0,0,1,0,1,1,5,1,31,6,-1,-1,-1,-1,7,1,E01026669,0
Unvalidated,2024361436268,2024,361436268,1,1,-1,18,1,5,4,1,0,0,0,0,1,1,6,1,30,6,-1,-1,-1,-1,2,1,E01026698,0
Unvalidated,2024361436268,2024,361436268,2,9,0,9,5,1,0,1,0,0,0,0,4,1,6,2,53,8,-1,-1,-1,-1,1,1,E01026704,0
Unvalidated,2024361436387,2024,361436387,1,9,0,5,8,4,0,0,0,0,0,0,1,1,6,1,76,11,-1,-1,-1,-1,5,1,E01029955,0
Unvalidated,2024361436470,2024,361436470,1,1,0,18,3,7,0,1,0,0,0,0,1,1,6,1,37,7,-1,-1,-1,-1,10,1,E01026852,0
Unvalidated,2024361436470,2024,361436470,2,19,0,18,1,5,0,1,0,0,0,0,4,1,1,1,34,6,-1,-1,-1,-1,6,1,E01026549,0
Unvalidated,2024361436561,2024,361436561,1,9,0,18,1,5,0,0,5,11,1,0,1,2,5,1,17,4,-1,-1,-1,-1,6,3,E01026436,0
Unvalidated,2024361436582,2024,361436582,1,9,0,5,3,7,0,0,0,0,0,0,1,1,5,1,18,4,-1,-1,-1,-1,9,2,E01026901,0
Unvalidated,2024361436582,2024,361436582,2,9,0,4,3,7,0,0,0,0,0,0,2,1,5,1,42,7,-1,-1,-1,-1,-1,-1,-1,0
Unvalidated,2024361436665,2024,361436665,1,9,0,7,6,4,0,5,0,0,0,0,4,1,6,2,19,4,-1,-1,-1,-1,10,3,E01026926,0
Unvalidated,2024361436804,2024,361436804,1,20,4,-1,-1,-1,-1,-1,-1,-1,-1,0,-1,1,6,1,46,8,-1,-1,-1,-1,6,3,E01030135,0
Unvalidated,2024361436804,2024,361436804,2,9,0,18,-1,-1,0,1,0,0,0,0,3,1,3,2,28,6,-1,-1,-1,-1,3,1,E01026465,0
Unvalidated,2024361436887,2024,361436887,1,9,0,18,3,7,0,4,0,0,0,0,1,1,5,1,34,6,-1,-1,-1,-1,9,1,E01026519,0
Unvalidated,2024361436887,2024,361436887,2,2,0,18,1,5,0,4,0,0,0,0,1,1,5,2,24,5,-1,-1,-1,-1,10,2,E01026537,0
Unvalidated,2024361436931,2024,361436931,1,9,0,18,3,1,0,2,0,0,0,0,1,1,6,1,44,7,-1,-1,-1,-1,6,3,E01026580,0
Unvalidated,2024361436972,2024,361436972,1,9,0,18,7,3,0,0,0,0,1,0,1,1,5,1,87,11,-1,-1,-1,-1,4,1,E01033430,0
Unvalidated,2024361437087,2024,361437087,1,9,0,18,3,7,0,1,0,0,0,0,1,1,6,2,74,10,-1,-1,-1,-1,7,3,E01026910,0
Unvalidated,2024361437087,2024,361437087,2,9,0,10,3,7,0,1,0,0,0,0,2,1,6,1,74,10,-1,-1,-1,-1,6,3,E01026737,0
Unvalidated,2024361437087,2024,361437087,3,9,0,4,3,7,0,1,0,0,0,0,0,1,6,1,59,9,-1,-1,-1,-1,6,2,E01026771,0
Unvalidated,2024361437098,2024,361437098,1,9,0,5,3,1,0,0,0,0,0,0,1,1,6,2,45,7,-1,-1,-1,-1,6,1,E01026863,0
Unvalidated,2024361437098,2024,361437098,2,5,0,3,3,1,0,0,0,0,0,0,2,1,6,1,65,9,-1,-1,-1,-1,-1,-1,-1,0
Unvalidated,2024361437230,2024,361437230,1,9,0,9,7,4,0,6,0,0,0,0,3,1,6,2,48,8,-1,-1,-1,-1,2,1,E01026820,0
Unvalidated,2024361437230,2024,361437230,2,19,0,18,6,2,0,1,0,0,0,0,4,1,2,1,-1,-1,-1,-1,-1,-1,1,1,E01026819,0
Unvalidated,2024361437323,2024,361437323,1,9,0,18,-1,-1,0,0,0,0,0,0,-1,1,6,3,-1,-1,-1,-1,-1,-1,-1,-1,-1,0
Unvalidated,2024361437323,2024,361437323,2,1,0,18,5,1,0,0,0,0,0,0,3,1,2,2,43,7,-1,-1,-1,-1,1,1,E01026624,0
Unvalidated,2024361437338,2024,361437338,1,9,0,9,3,1,0,6,0,0,0,0,4,1,5,1,68,10,-1,-1,-1,-1,4,3,E01026659,0
Unvalidated,2024361437338,2024,361437338,2,9,0,18,5,1,0,8,0,0,0,0,1,1,5,1,22,5,-1,-1,-1,-1,6,2,E01026686,0
Unvalidated,2024361437403,2024,361437403,1,9,0,18,4,8,0,2,0,0,0,0,4,1,2,1,48,8,-1,-1,-1,-1,5,1,E01026831,0
Unvalidated,2024361437438,2024,361437438,1,9,0,10,5,3,0,1,0,0,0,0,1,1,5,1,63,9,-1,-1,-1,-1,5,3,E01026783,0
Unvalidated,2024361437438,2024,361437438,2,9,0,18,3,6,0,1,0,0,3,10,1,1,5,2,53,8,-1,-1,-1,-1,5,3,E01026783,0
Unvalidated,2024361437490,2024,361437490,1,9,0,18,-1,-1,0,0,0,0,0,0,1,1,1,2,46,8,-1,-1,-1,-1,4,2,E01026749,0
Unvalidated,2024361437490,2024,361437490,2,1,0,18,-1,-1,0,0,0,0,0,0,1,1,5,1,16,4,-1,-1,-1,-1,3,3,E01026782,0
Unvalidated,2024361437523,2024,361437523,1,9,0,8,5,7,0,1,0,0,0,0,1,1,6,1,42,7,-1,-1,-1,-1,4,1,E01026468,0
Unvalidated,2024361437523,2024,361437523,2,9,0,8,5,7,0,1,0,0,0,0,2,1,6,1,72,10,-1,-1,-1,-1,6,2,E01029930,0
Unvalidated,2024361437525,2024,361437525,1,9,0,9,1,5,0,0,1,0,0,0,4,1,2,1,29,6,-1,-1,-1,-1,2,1,E01021314,0
Unvalidated,2024361437525,2024,361437525,2,9,0,18,5,1,0,0,1,0,0,0,3,1,2,1,29,6,-1,-1,-1,-1,8,3,E01026886,0
Unvalidated,2024361437526,2024,361437526,1,9,0,18,5,1,0,0,0,0,0,0,1,1,3,1,39,7,-1,-1,-1,-1,5,1,E01026862,0
Unvalidated,2024361437526,2024,361437526,2,19,0,3,5,1,0,0,0,0,0,0,2,1,6,2,42,7,-1,-1,-1,-1,8,3,E01026881,0
Unvalidated,2024361437528,2024,361437528,1,21,0,18,3,6,0,0,0,0,0,0,1,1,1,1,30,6,-1,-1,-1,-1,4,1,E01009868,0
Unvalidated,2024361437632,2024,361437632,1,9,0,18,3,7,0,0,1,10,2,0,1,1,5,1,17,4,-1,-1,-1,-1,3,3,E01026455,0
Unvalidated,2024361437730,2024,361437730,1,9,0,18,5,1,0,0,0,4,0,0,1,1,6,1,80,11,-1,-1,-1,-1,4,3,E01026729,0
Unvalidated,2024361437730,2024,361437730,2,9,0,2,0,0,0,0,0,0,0,0,4,1,6,3,-1,-1,-1,-1,-1,-1,-1,-1,-1,0
Unvalidated,2024361437736,2024,361437736,1,9,0,4,7,3,0,1,0,0,0,0,1,1,3,1,37,7,-1,-1,-1,-1,-1,-1,-1,0
Unvalidated,2024361437736,2024,361437736,2,9,0,4,7,3,0,1,0,0,0,0,0,1,2,2,48,8,-1,-1,-1,-1,6,1,E01026529,0
Unvalidated,2024361437798,2024,361437798,1,9,0,18,3,7,0,1,5,0,7,2,1,1,6,1,29,6,-1,-1,-1,-1,7,1,E01026528,0
Unvalidated,2024361437990,2024,361437990,1,3,0,13,7,3,0,1,0,0,4,0,1,1,5,1,29,6,-1,-1,-1,-1,3,2,E01026447,0
Unvalidated,2024361437990,2024,361437990,2,9,-1,18,7,3,0,1,0,0,0,0,-1,1,6,3,-1,-1,-1,-1,-1,-1,-1,-1,-1,0
Unvalidated,2024361437990,2024,361437990,3,9,0,7,1,3,0,2,0,0,0,0,3,1,5,2,46,8,-1,-1,-1,-1,6,2,E01026449,0
Unvalidated,2024361438043,2024,361438043,1,9,0,18,4,8,0,0,0,0,7,4,1,1,6,1,17,4,-1,-1,-1,-1,1,1,E01026635,0
Unvalidated,2024361438165,2024,361438165,1,90,0,18,4,8,0,0,0,0,0,0,1,1,1,1,30,6,-1,-1,-1,-1,4,3,E01026898,0
Unvalidated,2024361438165,2024,361438165,2,9,0,18,4,8,0,0,0,0,0,0,2,1,6,1,40,7,-1,-1,-1,-1,3,1,E01026823,0
Unvalidated,2024361438165,2024,361438165,3,9,0,18,8,3,0,0,0,0,0,0,3,1,1,2,35,6,-1,-1,-1,-1,3,1,E01030257,0
Unvalidated,2024361438186,2024,361438186,1,9,0,18,8,4,0,1,0,0,0,0,1,1,1,1,67,10,-1,-1,-1,-1,9,1,E01026933,0
Unvalidated,2024361438253,2024,361438253,1,9,0,18,6,2,0,0,0,0,0,0,1,1,6,1,84,11,-1,-1,-1,-1,6,2,E01026748,0
Unvalidated,2024361438253,2024,361438253,2,1,0,18,6,2,0,0,0,0,0,0,2,1,6,1,71,10,-1,-1,-1,-1,9,2,E01026742,0
Unvalidated,2024361438396,2024,361438396,1,20,1,7,3,7,0,0,0,0,0,0,1,1,1,1,52,8,-1,-1,-1,-1,4,3,E01026739,0
Unvalidated,2024361438396,2024,361438396,2,9,0,18,3,7,0,0,0,0,0,0,3,1,6,2,40,7,-1,-1,-1,-1,3,1,E01015613,0
Unvalidated,2024361438410,2024,361438410,1,19,0,9,7,4,0,8,0,0,0,0,3,1,1,1,27,6,-1,-1,-1,-1,4,2,E01026606,0
Unvalidated,2024361438410,2024,361438410,2,5,0,18,7,3,0,8,0,0,3,0,4,1,6,1,29,6,-1,-1,-1,-1,4,2,E01026638,0
Unvalidated,2024361438514,2024,361438514,1,9,0,13,1,1,0,0,0,0,0,0,4,1,2,1,21,5,-1,-1,-1,-1,6,2,E01026771,0
Unvalidated,2024361438514,2024,361438514,2,9,0,18,1,1,0,0,0,0,0,0,0,1,2,1,20,4,-1,-1,-1,-1,5,3,E01026766,0
Unvalidated,2024361438514,2024,361438514,3,9,0,18,1,1,0,0,0,0,0,0,1,1,5,2,17,4,-1,-1,-1,-1,7,1,E01026754,0
Unvalidated,2024361438840,2024,361438840,1,9,0,8,7,1,0,1,0,0,0,0,3,1,6,1,33,6,-1,-1,-1,-1,9,2,E01018159,0
Unvalidated,2024361438840,2024,361438840,2,3,0,18,5,1,0,1,0,0,0,0,1,1,6,1,29,6,-1,-1,-1,-1,1,1,E01026622,0
Unvalidated,2024361438895,2024,361438895,1,9,0,4,1,5,0,1,0,0,0,0,1,1,5,1,23,5,-1,-1,-1,-1,7,3,E01026928,0
Unvalidated,2024361438895,2024,361438895,2,1,0,5,7,3,0,1,0,0,0,0,1,1,6,2,42,7,-1,-1,-1,-1,1,1,E01026793,0
Unvalidated,2024361438895,2024,361438895,3,9,0,2,0,0,0,1,0,0,0,0,1,1,5,2,60,9,-1,-1,-1,-1,8,1,E01026918,0
Unvalidated,2024361438918,2024,361438918,1,9,0,7,5,4,0,0,0,0,0,0,2,1,5,1,22,5,-1,-1,-1,-1,3,1,E01026631,0
Unvalidated,2024361438918,2024,361438918,2,4,0,18,4,1,0,0,0,0,0,0,1,1,5,1,25,5,-1,-1,-1,-1,3,1,E01026631,0
Unvalidated,2024361439050,2024,361439050,1,9,0,13,5,1,0,1,0,0,0,0,-1,1,6,1,-1,-1,-1,-1,-1,-1,-1,-1,-1,0
Unvalidated,2024361439050,2024,361439050,2,4,0,18,5,1,0,1,0,0,7,0,1,1,5,1,21,5,-1,-1,-1,-1,8,1,E01026839,0
Unvalidated,2024361439064,2024,361439064,1,9,-1,-1,-1,-1,0,2,0,0,0,0,2,1,6,3,-1,-1,-1,-1,-1,-1,-1,-1,-1,0
Unvalidated,2024361439064,2024,361439064,2,9,0,2,0,0,0,2,0,0,0,0,2,1,6,3,-1,-1,-1,-1,-1,-1,-1,-1,-1,0
Unvalidated,2024361439078,2024,361439078,1,9,0,9,2,6,0,0,0,0,0,0,4,1,6,1,-1,-1,-1,-1,-1,-1,4,1,E01026610,0
Unvalidated,2024361439078,2024,361439078,2,9,0,18,6,2,0,0,0,0,0,0,1,1,5,2,61,9,-1,-1,-1,-1,1,1,E01026620,0
Unvalidated,2024361439136,2024,361439136,1,9,0,8,1,5,0,6,0,0,0,0,1,1,6,1,57,9,-1,-1,-1,-1,9,1,E01026587,0
Unvalidated,2024361439136,2024,361439136,2,4,0,8,1,3,0,6,0,0,0,0,2,1,5,1,64,9,-1,-1,-1,-1,7,2,E01026773,0
Unvalidated,2024361439138,2024,361439138,1,9,0,18,1,5,0,2,5,0,2,4,4,1,5,1,24,5,-1,-1,-1,-1,3,3,E01026717,0
Unvalidated,2024361439168,2024,361439168,1,1,0,18,7,7,0,0,0,7,0,0,0,1,1,1,25,5,-1,-1,-1,-1,8,1,E01026840,0
Unvalidated,2024361439168,2024,361439168,2,9,0,18,3,7,0,0,0,0,0,0,0,1,6,1,17,4,-1,-1,-1,-1,5,3,E01026496,0
Unvalidated,2024361439277,2024,361439277,1,9,0,9,8,5,0,6,0,0,0,0,3,1,6,1,17,4,-1,-1,-1,-1,8,1,E01026434,0
Unvalidated,2024361439277,2024,361439277,2,9,0,18,6,2,0,1,0,0,0,0,1,1,2,1,48,8,-1,-1,-1,-1,8,3,E01033538,0
Unvalidated,2024361439300,2024,361439300,1,9,0,18,1,5,0,1,0,0,0,0,1,1,6,1,31,6,-1,-1,-1,-1,1,1,E01018107,0
Unvalidated,2024361439330,2024,361439330,1,19,0,18,1,5,0,1,0,0,0,0,1,1,5,1,61,9,-1,-1,-1,-1,9,1,E01026554,0
Unvalidated,2024361439330,2024,361439330,2,9,0,18,5,1,0,1,0,0,0,0,2,1,5,2,42,7,-1,-1,-1,-1,6,3,E01026505,0
Unvalidated,2024361439330,2024,361439330,3,9,0,18,5,1,0,1,0,0,0,0,1,1,5,1,29,6,-1,-1,-1,-1,7,1,E01029981,0
Unvalidated,2024361439330,2024,361439330,4,9,0,3,1,5,0,1,0,0,0,0,2,1,6,2,44,7,-1,-1,-1,-1,10,1,E01026815,0
Unvalidated,2024361439330,2024,361439330,5,9,4,3,1,5,0,1,0,0,0,0,2,1,5,1,70,10,-1,-1,-1,-1,6,3,E01030097,0
Unvalidated,2024361439330,2024,361439330,6,9,0,18,1,5,0,1,0,0,0,0,0,1,6,2,40,7,-1,-1,-1,-1,7,3,E01029870,0
Unvalidated,2024361439460,2024,361439460,1,9,0,18,3,7,0,8,0,0,0,0,1,1,5,1,22,5,-1,-1,-1,-1,10,1,E01016534,0
Unvalidated,2024361439460,2024,361439460,2,90,0,18,7,3,0,1,0,0,0,0,1,1,5,1,56,9,-1,-1,-1,-1,9,1,E01017415,0
Unvalidated,2024361439465,2024,361439465,1,9,0,18,4,8,0,0,0,7,0,0,1,1,2,1,21,5,-1,-1,-1,-1,6,2,E01026748,0
Unvalidated,2024361439650,2024,361439650,1,9,0,5,6,2,0,4,0,0,0,0,1,1,6,2,46,8,-1,-1,-1,-1,4,3,E01026776,0
Unvalidated,2024361439650,2024,361439650,2,4,0,18,4,5,0,8,5,0,0,0,1,1,6,1,32,6,-1,-1,-1,-1,3,3,E01026740,0
Unvalidated,2024361439723,2024,361439723,1,9,0,18,3,7,0,0,0,4,0,0,1,1,2,2,51,8,-1,-1,-1,-1,6,3,E01026642,0
Unvalidated,2024361439723,2024,361439723,2,9,0,2,0,0,0,0,0,0,0,0,1,1,6,2,37,7,-1,-1,-1,-1,9,3,E01026644,0
Unvalidated,2024361439758,2024,361439758,1,9,0,18,2,6,0,0,0,0,0,0,-1,1,6,3,16,4,-1,-1,-1,-1,-1,-1,-1,0
Unvalidated,2024361439763,2024,361439763,1,9,0,18,7,3,0,8,0,0,0,0,1,1,6,1,86,11,-1,-1,-1,-1,5,3,E01026878,0
Unvalidated,2024361439763,2024,361439763,2,9,0,18,1,5,0,8,0,0,0,0,3,1,1,1,44,7,-1,-1,-1,-1,3,1,E01026853,0
Unvalidated,2024361439788,2024,361439788,1,19,0,18,2,7,0,0,0,4,0,0,1,1,6,1,60,9,-1,-1,-1,-1,4,1,E01026466,0
Unvalidated,2024361439788,2024,361439788,2,20,0,3,2,7,0,0,0,0,0,0,2,1,1,1,63,9,-1,-1,-1,-1,8,2,E01026439,0
Unvalidated,2024361440021,2024,361440021,1,3,0,18,6,2,0,0,1,10,1,0,4,1,2,1,21,5,-1,-1,-1,-1,1,1,E01026827,0
Unvalidated,2024361440042,2024,361440042,1,9,0,9,7,7,0,1,0,0,0,0,1,2,6,1,60,9,-1,-1,-1,-1,3,2,E01026455,0
Unvalidated,2024361440042,2024,361440042,2,5,0,18,5,7,0,1,0,0,0,0,1,1,6,1,60,9,-1,-1,-1,-1,5,2,E01026647,0
Unvalidated,2024361440065,2024,361440065,1,9,0,5,7,8,0,1,2,0,8,0,1,1,5,2,33,6,-1,-1,-1,-1,1,1,E01030291,0
Unvalidated,2024361440172,2024,361440172,1,9,0,5,3,1,0,6,0,0,0,0,1,1,5,1,60,9,-1,-1,-1,-1,6,3,E01026642,0
Unvalidated,2024361440172,2024,361440172,2,5,0,18,1,5,0,8,0,0,0,0,4,1,5,1,32,6,-1,-1,-1,-1,6,2,E01018042,0
Unvalidated,2024361440192,2024,361440192,1,3,0,18,7,3,0,2,5,0,1,11,1,1,2,1,18,4,-1,-1,-1,-1,4,1,E01026859,0
Unvalidated,2024361440367,2024,361440367,1,9,0,4,-1,-1,-1,-1,0,0,0,0,1,1,6,2,-1,-1,-1,-1,-1,-1,-1,-1,-1,0
Unvalidated,2024361440367,2024,361440367,2,9,0,4,-1,-1,-1,-1,0,0,0,0,2,1,6,2,64,9,-1,-1,-1,-1,6,2,E01026701,0
Unvalidated,2024361440398,2024,361440398,1,9,0,18,5,1,0,0,0,0,7,0,1,1,2,2,53,8,-1,-1,-1,-1,4,3,E01026741,0
Unvalidated,2024361440402,2024,361440402,1,1,0,-1,-1,-1,0,1,0,0,0,0,3,1,6,2,-1,-1,-1,-1,-1,-1,9,2,E01026908,0
Unvalidated,2024361440402,2024,361440402,2,9,0,18,-1,-1,0,1,0,0,0,0,1,1,1,2,64,9,-1,-1,-1,-1,10,3,E01026926,0
Unvalidated,2024361440464,2024,361440464,1,97,0,14,6,2,0,1,0,0,0,0,1,1,2,1,32,6,-1,-1,-1,-1,3,1,E01033439,0
Unvalidated,2024361440464,2024,361440464,2,9,0,9,6,2,0,1,0,0,0,0,3,1,2,2,40,7,-1,-1,-1,-1,10,1,E01026572,0
Unvalidated,2024361440478,2024,361440478,1,5,0,18,2,3,0,8,1,0,2,11,1,1,5,1,30,6,-1,-1,-1,-1,6,3,E01026479,0
Unvalidated,2024361440520,2024,361440520,1,9,0,18,7,3,0,0,2,0,1,0,1,1,6,1,28,6,-1,-1,-1,-1,8,3,E01026895,0
Unvalidated,2024361440587,2024,361440587,1,9,0,11,1,5,0,1,0,0,0,0,1,1,5,2,69,10,-1,-1,-1,-1,4,1,E01026640,0
Unvalidated,2024361440587,2024,361440587,2,9,0,3,1,5,0,1,0,0,0,0,2,1,3,2,34,6,-1,-1,-1,-1,1,1,E01026622,0
Unvalidated,2024361440664,2024,361440664,1,9,0,2,-1,-1,0,0,0,0,0,0,1,1,6,1,29,6,-1,-1,-1,-1,3,3,E01026782,0
Unvalidated,2024361440814,2024,361440814,1,9,0,1,8,4,9,0,0,0,0,0,2,2,5,2,78,11,-1,-1,-1,-1,4,3,E01026679,0
Unvalidated,2024361440865,2024,361440865,1,9,0,13,5,1,0,0,0,0,1,4,1,1,5,1,21,5,-1,-1,-1,-1,4,2,E01026776,0
Unvalidated,2024361440865,2024,361440865,2,19,0,4,5,1,0,0,0,0,0,0,2,1,5,1,37,7,-1,-1,-1,-1,2,1,E01026829,0
Unvalidated,2024361440909,2024,361440909,1,19,0,5,6,3,0,7,0,0,0,0,3,1,5,1,60,9,-1,-1,-1,-1,5,2,E01026879,0
Unvalidated,2024361440909,2024,361440909,2,1,0,18,4,7,0,1,0,0,0,0,1,1,6,1,17,4,-1,-1,-1,-1,-1,-1,-1,0
Unvalidated,2024361440913,2024,361440913,1,9,0,18,4,2,0,0,0,0,0,0,1,1,2,2,33,6,-1,-1,-1,-1,8,3,E01026929,0
Unvalidated,2024361440913,2024,361440913,2,9,0,3,4,2,0,0,0,0,0,0,2,1,2,2,55,8,-1,-1,-1,-1,8,1,E01026881,0
Unvalidated,2024361440913,2024,361440913,3,9,0,3,4,2,0,0,0,0,0,0,2,1,1,1,37,7,-1,-1,-1,-1,4,3,E01026787,0
Unvalidated,2024361441041,2024,361441041,1,9,0,18,-1,-1,0,4,0,0,0,0,1,1,6,1,56,9,-1,-1,-1,-1,2,1,E01026834,0
Unvalidated,2024361441041,2024,361441041,2,9,0,3,-1,-1,0,4,0,0,0,0,2,1,5,1,22,5,-1,-1,-1,-1,1,2,E01021990,0
Unvalidated,2024361441061,2024,361441061,1,21,0,5,-1,-1,0,0,0,0,0,0,2,1,6,1,46,8,-1,-1,-1,-1,9,1,E01030280,0
Unvalidated,2024361441061,2024,361441061,2,3,0,18,-1,-1,0,0,2,0,0,0,1,1,6,1,-1,-1,-1,-1,-1,-1,-1,-1,-1,0
Unvalidated,2024361441080,2024,361441080,1,9,0,18,3,7,0,0,0,0,0,0,3,1,1,2,44,7,-1,-1,-1,-1,5,2,E01026605,0
Unvalidated,2024361441100,2024,361441100,1,9,0,18,-1,-1,0,1,0,0,0,0,1,1,6,1,-1,-1,-1,-1,-1,-1,-1,-1,-1,0
Unvalidated,2024361441100,2024,361441100,2,9,0,4,-1,-1,0,1,0,0,0,0,2,1,5,2,50,8,-1,-1,-1,-1,7,3,E01026885,0