status,collision_index,collision_year,collision_reference,vehicle_reference,vehicle_type,towing_and_articulation,vehicle_manoeuvre,vehicle_direction_from,vehicle_direction_to,vehicle_location_restricted_lane,junction_location,skidding_and_overturning,hit_object_in_carriageway,vehicle_leaving_carriageway,hit_object_off_carriageway,first_point_of_impact,vehicle_left_hand_drive,journey_purpose_of_driver,sex_of_driver,age_of_driver,age_band_of_driver,engine_capacity_cc,propulsion_code,age_of_vehicle,generic_make_model,driver_imd_decile,driver_home_area_type,lsoa_of_driver,escooter_flag
Unvalidated,2024361441285,2024,361441285,1,9,0,18,6,3,0,0,0,0,8,0,3,1,5,2,59,9,-1,-1,-1,-1,3,1,E01030114,0
Unvalidated,2024361441285,2024,361441285,2,9,0,18,5,3,0,0,5,11,0,0,1,1,5,2,42,7,-1,-1,-1,-1,-1,-1,-1,0
Unvalidated,2024361441321,2024,361441321,1,9,0,9,8,6,0,1,0,0,0,0,3,1,5,1,42,7,-1,-1,-1,-1,1,1,E01026868,0
Unvalidated,2024361441321,2024,361441321,2,5,0,18,6,2,0,1,1,0,0,0,1,1,6,1,49,8,-1,-1,-1,-1,3,1,E01026861,0
Unvalidated,2024361441327,2024,361441327,1,9,0,9,2,4,0,1,0,0,0,0,1,1,5,1,68,10,-1,-1,-1,-1,6,1,E01026569,0
Unvalidated,2024361441327,2024,361441327,2,2,0,18,2,6,0,1,0,0,0,0,1,1,2,1,16,4,-1,-1,-1,-1,6,3,E01026545,0
Unvalidated,2024361441357,2024,361441357,1,9,0,18,5,1,0,1,0,4,0,0,1,1,2,1,46,8,-1,-1,-1,-1,3,1,E01026670,0
Unvalidated,2024361441357,2024,361441357,2,9,0,2,0,0,0,2,0,0,0,0,3,1,6,3,-1,-1,-1,-1,-1,-1,-1,-1,-1,0
Unvalidated,2024361441358,2024,361441358,1,90,0,18,8,4,4,0,5,7,0,0,1,1,5,2,41,7,-1,-1,-1,-1,8,2,E01026508,1
Unvalidated,2024361441636,2024,361441636,1,9,0,9,4,4,0,8,0,0,0,0,4,1,5,1,85,11,-1,-1,-1,-1,5,1,E01021491,0
Unvalidated,2024361441636,2024,361441636,2,8,0,18,7,2,0,1,0,0,1,0,3,2,5,2,52,8,-1,-1,-1,-1,5,3,E01026443,0
Unvalidated,2024361442023,2024,361442023,1,9,0,18,6,2,0,0,0,0,0,0,1,1,6,1,30,6,-1,-1,-1,-1,7,1,E01018082,0
Unvalidated,2024361442023,2024,361442023,2,9,0,18,2,6,0,0,0,0,1,0,1,1,6,1,46,8,-1,-1,-1,-1,3,2,E01033038,0
Unvalidated,2024361442365,2024,361442365,1,3,-1,2,0,0,-1,0,-1,-1,-1,0,-1,1,6,1,17,4,-1,-1,-1,-1,2,1,E01026633,0
Unvalidated,2024361442365,2024,361442365,2,9,-1,2,0,0,-1,0,-1,-1,-1,0,-1,1,6,2,20,4,-1,-1,-1,-1,1,1,E01026620,0
Unvalidated,2024361442528,2024,361442528,1,90,0,4,3,3,0,1,5,0,0,0,0,2,2,2,34,6,-1,-1,-1,-1,4,1,E01026804,1
Unvalidated,2024361442603,2024,361442603,1,3,0,18,3,3,0,1,0,0,0,0,1,1,2,1,17,4,-1,-1,-1,-1,7,1,E01026565,0
Unvalidated,2024361442603,2024,361442603,2,9,0,9,3,4,0,1,0,0,0,0,3,1,6,1,71,10,-1,-1,-1,-1,7,1,E01026924,0
Unvalidated,2024361442775,2024,361442775,1,3,0,18,3,8,0,0,0,0,0,0,1,1,6,1,36,7,-1,-1,-1,-1,-1,-1,-1,0
Unvalidated,2024361442775,2024,361442775,2,9,0,18,4,8,0,0,0,0,0,0,2,1,6,2,21,5,-1,-1,-1,-1,7,1,E01026924,0
Unvalidated,2024361442788,2024,361442788,1,9,0,18,1,7,0,0,0,0,7,0,1,1,5,1,76,11,-1,-1,-1,-1,7,3,E01024302,0
Unvalidated,2024361442813,2024,361442813,1,9,0,18,8,5,0,2,0,0,1,0,1,1,5,1,18,4,-1,-1,-1,-1,-1,-1,-1,0
Unvalidated,2024361442884,2024,361442884,1,9,0,5,3,3,0,3,0,0,0,0,4,1,5,1,19,4,-1,-1,-1,-1,2,1,E01026477,0
Unvalidated,2024361442884,2024,361442884,2,9,0,2,0,0,0,4,0,0,0,0,3,1,5,2,51,8,-1,-1,-1,-1,4,1,E01026602,0
Unvalidated,2024361442914,2024,361442914,1,9,0,18,6,3,0,0,0,0,0,0,1,1,6,1,20,4,-1,-1,-1,-1,2,1,E01016458,0
Unvalidated,2024361442914,2024,361442914,2,9,0,18,2,6,0,0,0,0,0,0,1,1,2,1,71,10,-1,-1,-1,-1,6,3,E01026877,0
Unvalidated,2024361442914,2024,361442914,3,9,0,18,6,2,0,0,0,0,0,0,1,1,5,1,43,7,-1,-1,-1,-1,9,3,E01026509,0
Unvalidated,2024361442946,2024,361442946,1,9,0,18,1,1,0,8,0,0,0,0,1,1,5,1,40,7,-1,-1,-1,-1,5,3,E01026738,0
Unvalidated,2024361442946,2024,361442946,2,9,0,9,5,3,0,8,0,0,0,0,1,1,5,2,18,4,-1,-1,-1,-1,1,1,E01026793,0
Unvalidated,2024361442956,2024,361442956,1,21,0,4,0,0,0,1,0,0,0,0,1,2,1,1,55,8,-1,-1,-1,-1,8,1,E01026531,0
Unvalidated,2024361442956,2024,361442956,2,19,0,2,0,0,0,1,0,0,0,0,4,1,6,3,-1,-1,-1,-1,-1,-1,-1,-1,-1,0
Unvalidated,2024361442956,2024,361442956,3,9,0,4,0,0,0,1,0,0,0,0,3,1,6,3,-1,-1,-1,-1,-1,-1,-1,-1,-1,0
Unvalidated,2024361443237,2024,361443237,1,9,0,18,5,1,0,1,0,0,0,0,1,1,2,1,25,5,-1,-1,-1,-1,4,3,E01026636,0
Unvalidated,2024361443274,2024,361443274,1,3,0,18,6,3,0,0,0,0,7,0,1,1,2,1,32,6,-1,-1,-1,-1,1,1,E01026635,0
Unvalidated,2024361443329,2024,361443329,1,19,-1,18,-1,-1,0,0,0,0,0,0,4,1,6,3,-1,-1,-1,-1,-1,-1,-1,-1,-1,0
Unvalidated,2024361443335,2024,361443335,1,9,0,3,-1,-1,0,1,0,0,0,0,3,1,6,1,-1,-1,-1,-1,-1,-1,9,1,E01026557,0
Unvalidated,2024361443335,2024,361443335,2,1,0,14,-1,-1,0,1,0,0,0,0,4,1,2,2,55,8,-1,-1,-1,-1,4,1,E01026884,0
Unvalidated,2024361443398,2024,361443398,1,98,0,13,7,7,0,1,0,0,0,0,2,1,6,1,56,9,-1,-1,-1,-1,4,3,E01026656,0
Unvalidated,2024361443398,2024,361443398,2,3,0,18,4,8,0,1,0,0,0,0,1,1,6,1,18,4,-1,-1,-1,-1,4,2,E01026749,0
Unvalidated,2024361443473,2024,361443473,1,9,0,9,7,7,0,0,0,0,0,0,1,1,5,1,32,6,-1,-1,-1,-1,2,3,E01033040,0
Unvalidated,2024361443473,2024,361443473,2,9,0,18,7,3,0,0,2,0,0,0,1,1,2,1,61,9,-1,-1,-1,-1,6,3,E01026451,0
Unvalidated,2024361443489,2024,361443489,1,9,0,5,7,5,0,0,1,0,0,0,4,1,6,2,22,5,-1,-1,-1,-1,1,1,E01026868,0
Unvalidated,2024361443489,2024,361443489,2,9,0,18,7,3,0,0,2,0,0,0,1,1,6,2,33,6,-1,-1,-1,-1,7,3,E01026421,0
Unvalidated,2024361443530,2024,361443530,1,9,0,5,3,7,0,0,0,0,0,0,2,1,5,1,31,6,-1,-1,-1,-1,4,1,E01026468,0
Unvalidated,2024361443530,2024,361443530,2,9,0,5,3,7,0,0,0,0,0,0,4,1,5,2,76,11,-1,-1,-1,-1,8,2,E01026490,0
Unvalidated,2024361443536,2024,361443536,1,9,0,4,1,5,0,0,0,0,0,0,1,1,5,1,79,11,-1,-1,-1,-1,7,3,E01026941,0
Unvalidated,2024361443603,2024,361443603,1,4,0,18,6,2,0,3,1,0,0,0,1,1,5,1,19,4,-1,-1,-1,-1,6,2,E01026451,0
Unvalidated,2024361443603,2024,361443603,2,9,0,9,6,4,0,8,0,0,0,0,3,1,5,1,32,6,-1,-1,-1,-1,3,1,E01026853,0
Unvalidated,2024361443692,2024,361443692,1,9,0,7,2,8,0,0,0,0,0,0,4,1,6,1,55,8,-1,-1,-1,-1,5,1,E01026585,0
Unvalidated,2024361443692,2024,361443692,2,1,0,18,2,8,5,0,0,0,0,0,1,1,6,1,50,8,-1,-1,-1,-1,5,1,E01026585,0
Unvalidated,2024361443722,2024,361443722,1,21,-1,4,-1,-1,0,1,0,0,0,0,-1,1,6,1,27,6,-1,-1,-1,-1,1,1,E01010053,0
Unvalidated,2024361443722,2024,361443722,2,19,0,3,-1,-1,0,1,0,0,0,0,2,1,1,1,63,9,-1,-1,-1,-1,1,1,E01026827,0
Unvalidated,2024361443763,2024,361443763,1,2,0,4,1,5,0,0,1,0,0,0,3,1,6,1,16,4,-1,-1,-1,-1,5,1,E01018067,0
Unvalidated,2024361443763,2024,361443763,2,9,0,4,1,5,0,0,0,0,0,0,2,1,6,2,55,8,-1,-1,-1,-1,5,1,E01018067,0
Unvalidated,2024361443764,2024,361443764,1,9,0,9,4,1,0,8,0,0,0,0,1,1,3,2,33,6,-1,-1,-1,-1,7,1,E01026801,0
Unvalidated,2024361443764,2024,361443764,2,1,0,18,1,5,0,1,5,0,0,0,4,1,6,1,21,5,-1,-1,-1,-1,9,1,E01026544,0
Unvalidated,2024361443769,2024,361443769,1,1,0,-1,-1,-1,-1,0,-1,-1,-1,0,2,1,6,1,53,8,-1,-1,-1,-1,3,3,E01026455,0
Unvalidated,2024361443769,2024,361443769,2,19,0,-1,-1,-1,-1,0,-1,-1,-1,0,2,1,6,1,30,6,-1,-1,-1,-1,2,1,E01026828,0
Unvalidated,2024361443795,2024,361443795,1,9,0,18,5,1,0,3,0,0,0,0,2,2,5,2,30,6,-1,-1,-1,-1,5,2,E01026487,0
Unvalidated,2024361443795,2024,361443795,2,1,0,18,5,1,9,1,5,0,0,0,1,1,6,1,40,7,-1,-1,-1,-1,2,3,E01033040,0
Unvalidated,2024361443933,2024,361443933,1,9,0,18,1,5,0,0,5,0,2,0,1,1,6,2,35,6,-1,-1,-1,-1,5,3,E01026643,0
Unvalidated,2024361443933,2024,361443933,2,9,0,10,1,5,0,0,0,0,1,0,0,1,6,2,70,10,-1,-1,-1,-1,6,3,E01026642,0
Unvalidated,2024361444006,2024,361444006,1,9,0,18,7,3,0,0,0,0,0,0,1,1,5,3,-1,-1,-1,-1,-1,-1,-1,-1,-1,0
Unvalidated,2024361444006,2024,361444006,2,9,0,18,3,7,0,0,0,0,0,0,1,1,5,1,47,8,-1,-1,-1,-1,1,1,E01026599,0
Unvalidated,2024361444141,2024,361444141,1,9,0,12,7,7,0,0,2,0,1,0,4,1,5,2,22,5,-1,-1,-1,-1,10,1,E01026574,0
Unvalidated,2024361444146,2024,361444146,1,9,0,4,-1,-1,0,1,0,0,0,0,1,1,6,2,-1,-1,-1,-1,-1,-1,5,3,E01026774,0
Unvalidated,2024361444146,2024,361444146,2,9,0,4,-1,-1,0,1,0,0,0,0,2,1,1,2,33,6,-1,-1,-1,-1,6,1,E01026761,0
Unvalidated,2024361444290,2024,361444290,1,9,0,18,2,6,0,5,1,12,1,0,1,1,5,2,25,5,-1,-1,-1,-1,-1,-1,-1,0
Unvalidated,2024361444314,2024,361444314,1,3,0,14,5,2,0,1,0,0,0,0,1,1,2,1,24,5,-1,-1,-1,-1,1,1,E01026798,0
Unvalidated,2024361444314,2024,361444314,2,9,0,9,5,1,0,1,0,0,0,0,3,1,3,1,32,6,-1,-1,-1,-1,7,3,E01026504,0
Unvalidated,2024361444335,2024,361444335,1,9,0,6,1,6,0,0,0,0,0,0,1,1,6,2,71,10,-1,-1,-1,-1,3,2,E01033038,0
Unvalidated,2024361444335,2024,361444335,2,19,0,18,6,1,0,0,0,0,7,0,1,1,6,1,82,11,-1,-1,-1,-1,9,1,E01019694,0
Unvalidated,2024361444356,2024,361444356,1,9,0,9,7,3,0,1,0,0,0,0,3,1,3,2,18,4,-1,-1,-1,-1,6,3,E01026545,0
Unvalidated,2024361444356,2024,361444356,2,9,0,18,7,3,0,1,0,0,0,0,1,1,6,1,26,6,-1,-1,-1,-1,7,3,E01026880,0
Unvalidated,2024361444375,2024,361444375,1,9,0,18,8,4,0,0,0,0,1,0,4,1,2,1,36,7,-1,-1,-1,-1,6,3,E01026436,0
Unvalidated,2024361444375,2024,361444375,2,9,0,18,4,8,0,0,0,0,0,0,4,1,2,2,36,7,-1,-1,-1,-1,7,1,E01026810,0
Unvalidated,2024361444401,2024,361444401,1,9,0,7,5,1,0,1,0,0,0,0,4,1,6,2,47,8,-1,-1,-1,-1,-1,-1,-1,0
Unvalidated,2024361444401,2024,361444401,2,3,0,7,5,3,0,1,0,0,0,0,1,1,6,1,20,4,-1,-1,-1,-1,2,1,E01026600,0
Unvalidated,2024361444645,2024,361444645,1,9,0,9,1,8,0,6,0,0,0,0,3,1,5,2,28,6,-1,-1,-1,-1,2,1,E01026600,0
Unvalidated,2024361444645,2024,361444645,2,9,0,18,8,3,0,1,0,0,0,0,1,1,5,1,65,9,-1,-1,-1,-1,5,3,E01026744,0
Unvalidated,2024361444727,2024,361444727,1,1,0,18,1,5,0,1,0,0,0,0,1,1,5,1,46,8,-1,-1,-1,-1,4,3,E01026609,0
Unvalidated,2024361444727,2024,361444727,2,9,0,18,7,3,0,1,0,0,0,0,4,1,1,2,30,6,-1,-1,-1,-1,9,2,E01026497,0
Unvalidated,2024361444739,2024,361444739,1,3,0,14,6,6,0,8,0,0,0,0,3,1,5,1,22,5,-1,-1,-1,-1,5,1,E01026816,0
Unvalidated,2024361444739,2024,361444739,2,9,0,9,6,1,0,8,0,0,0,0,4,1,1,1,29,6,-1,-1,-1,-1,4,1,E01026846,0
Unvalidated,2024361444770,2024,361444770,1,9,3,18,7,3,0,1,0,0,7,0,1,1,5,1,74,10,-1,-1,-1,-1,7,1,E01026158,0
Unvalidated,2024361444851,2024,361444851,1,9,0,15,4,8,0,0,0,0,0,0,4,1,6,3,-1,-1,-1,-1,-1,-1,-1,-1,-1,0
Unvalidated,2024361444851,2024,361444851,2,1,0,18,4,8,0,0,0,0,0,0,3,1,2,2,61,9,-1,-1,-1,-1,1,1,E01026867,0
Unvalidated,2024361444886,2024,361444886,1,1,0,18,5,1,0,0,1,0,0,0,1,1,6,1,21,5,-1,-1,-1,-1,1,1,E01018107,0
Unvalidated,2024361444977,2024,361444977,1,9,-1,-1,-1,-1,-1,0,-1,-1,-1,0,-1,1,5,2,55,8,-1,-1,-1,-1,4,2,E01026458,0
Unvalidated,2024361444977,2024,361444977,2,22,-1,-1,-1,-1,-1,0,-1,-1,-1,0,-1,1,5,1,83,11,-1,-1,-1,-1,3,2,E01026455,0
Unvalidated,2024361445014,2024,361445014,1,9,-1,-1,-1,-1,-1,0,-1,-1,-1,0,-1,1,6,1,36,7,-1,-1,-1,-1,9,2,E01026908,0
Unvalidated,2024361445014,2024,361445014,2,9,-1,-1,-1,-1,-1,0,-1,-1,-1,0,-1,1,3,2,35,6,-1,-1,-1,-1,8,2,E01026913,0
Unvalidated,2024361445137,2024,361445137,1,9,5,18,1,5,0,0,5,0,1,0,1,1,5,1,61,9,-1,-1,-1,-1,5,3,E01026464,0
Unvalidated,2024361445137,2024,361445137,2,9,0,18,1,5,0,0,0,0,0,0,2,1,5,2,47,8,-1,-1,-1,-1,6,3,E01029876,0
Unvalidated,2024361445237,2024,361445237,1,9,0,-1,7,3,-1,0,-1,-1,-1,0,-1,1,6,3,-1,-1,-1,-1,-1,-1,-1,-1,-1,0
Unvalidated,2024361445243,2024,361445243,1,9,0,18,1,5,0,1,0,0,0,0,1,1,5,2,68,10,-1,-1,-1,-1,1,1,E01026848,0
Unvalidated,2024361445246,2024,361445246,1,9,0,5,1,4,0,1,0,0,0,0,1,1,6,1,78,11,-1,-1,-1,-1,7,3,E01026484,0
Unvalidated,2024361445246,2024,361445246,2,9,0,18,8,3,0,1,1,0,0,0,4,1,3,1,18,4,-1,-1,-1,-1,5,1,E01026433,0
Unvalidated,2024361445325,2024,361445325,1,9,0,18,4,8,0,0,0,0,0,0,3,1,6,3,-1,-1,-1,-1,-1,-1,-1,-1,-1,0
Unvalidated,2024361445365,2024,361445365,1,9,0,18,3,7,0,0,0,0,0,0,1,1,1,2,21,5,-1,-1,-1,-1,2,1,E01026796,0
Unvalidated,2024361445365,2024,361445365,2,9,0,4,4,7,0,0,0,0,0,0,2,1,2,2,46,8,-1,-1,-1,-1,4,1,E01021648,0
Unvalidated,2024361445520,2024,361445520,1,9,0,9,7,3,0,1,0,0,0,0,1,1,6,1,41,7,-1,-1,-1,-1,1,1,E01026626,0
Unvalidated,2024361445520,2024,361445520,2,1,0,18,1,5,9,1,0,0,0,0,1,1,5,2,18,4,-1,-1,-1,-1,1,1,E01026603,0
Unvalidated,2024361445607,2024,361445607,1,3,0,18,2,4,0,0,0,0,0,0,3,1,5,1,23,5,-1,-1,-1,-1,9,2,E01026513,0
Unvalidated,2024361445610,2024,361445610,1,9,0,1,1,5,0,1,0,0,0,0,2,1,2,2,58,9,-1,-1,-1,-1,1,1,E01026833,0
Unvalidated,2024361445610,2024,361445610,2,23,0,3,5,1,0,1,0,0,0,0,1,1,6,2,35,6,-1,-1,-1,-1,8,1,E01026558,0
Unvalidated,2024361445664,2024,361445664,1,9,0,18,5,1,0,0,0,0,0,0,-1,1,5,1,20,4,-1,-1,-1,-1,6,3,E01026515,0
Unvalidated,2024361445668,2024,361445668,1,9,0,18,3,5,0,2,0,0,0,0,1,1,1,2,41,7,-1,-1,-1,-1,2,1,E01026820,0
Unvalidated,2024361445668,2024,361445668,2,9,0,18,1,3,0,1,0,0,0,0,1,1,6,2,49,8,-1,-1,-1,-1,9,3,E01026942,0
Unvalidated,2024361445725,2024,361445725,1,9,0,9,7,5,0,6,0,0,0,0,1,1,5,1,64,9,-1,-1,-1,-1,7,2,E01026939,0
Unvalidated,2024361445725,2024,361445725,2,9,0,18,5,2,0,1,0,0,0,0,1,1,5,2,35,6,-1,-1,-1,-1,7,3,E01026939,0
Unvalidated,2024361445766,2024,361445766,1,9,0,18,1,5,0,0,0,11,0,0,1,1,2,1,56,9,-1,-1,-1,-1,5,3,E01026726,0
Unvalidated,2024361445766,2024,361445766,2,1,0,18,3,7,0,0,0,0,0,0,3,1,6,1,15,3,-1,-1,-1,-1,1,1,E01026704,0
Unvalidated,2024361445882,2024,361445882,1,1,0,18,3,2,0,8,0,0,0,0,3,1,1,1,31,6,-1,-1,-1,-1,8,1,E01026839,0
Unvalidated,2024361445882,2024,361445882,2,9,0,9,5,3,0,8,0,0,0,0,3,1,6,2,-1,-1,-1,-1,-1,-1,8,1,E01026577,0
Unvalidated,2024361445889,2024,361445889,1,19,0,4,5,2,0,0,1,0,0,0,1,1,2,1,56,9,-1,-1,-1,-1,4,2,E01030251,0
Unvalidated,2024361445889,2024,361445889,2,20,0,4,6,1,0,0,0,0,0,0,2,1,1,1,47,8,-1,-1,-1,-1,5,2,E01033454,0
Unvalidated,2024361446105,2024,361446105,1,9,0,9,6,4,0,1,0,0,0,0,1,1,2,1,47,8,-1,-1,-1,-1,8,3,E01033538,0
Unvalidated,2024361446105,2024,361446105,2,19,0,18,4,8,0,1,0,0,0,0,4,1,1,1,37,7,-1,-1,-1,-1,7,1,E01026757,0
Unvalidated,2024361446134,2024,361446134,1,9,0,18,8,4,0,0,1,0,0,0,1,1,2,1,41,7,-1,-1,-1,-1,3,1,E01026639,0
Unvalidated,2024361446134,2024,361446134,2,9,0,18,4,1,0,0,0,0,0,0,1,1,6,2,28,6,-1,-1,-1,-1,5,3,E01026538,0
Unvalidated,2024361446169,2024,361446169,1,9,0,5,4,2,0,2,0,0,0,0,3,1,5,1,76,11,-1,-1,-1,-1,7,1,E01026471,0
Unvalidated,2024361446169,2024,361446169,2,97,0,18,2,6,0,2,0,0,0,0,1,1,5,1,50,8,-1,-1,-1,-1,-1,-1,-1,0
Unvalidated,2024361446327,2024,361446327,1,9,0,5,2,8,0,0,0,0,7,0,3,1,5,2,27,6,-1,-1,-1,-1,6,2,E01026424,0
Unvalidated,2024361446327,2024,361446327,2,9,4,18,8,4,0,0,0,0,7,0,1,1,6,1,56,9,-1,-1,-1,-1,4,3,E01026651,0
Unvalidated,2024361447295,2024,361447295,1,9,0,14,1,5,0,1,0,0,0,0,4,1,5,2,72,10,-1,-1,-1,-1,8,2,E01026480,0
Unvalidated,2024361447295,2024,361447295,2,11,0,2,1,5,0,1,0,0,0,0,0,1,3,2,70,10,-1,-1,-1,-1,4,2,E01026743,0
Unvalidated,2024361447530,2024,361447530,1,1,0,-1,-1,-1,-1,2,0,-1,-1,0,2,1,5,1,28,6,-1,-1,-1,-1,8,1,E01026855,0
Unvalidated,2024361447530,2024,361447530,2,9,0,2,0,0,0,2,0,4,0,0,-1,1,5,2,-1,-1,-1,-1,-1,-1,6,3,E01026514,0
Unvalidated,2024361447733,2024,361447733,1,9,0,18,7,3,0,1,0,0,0,0,4,1,2,1,57,9,-1,-1,-1,-1,4,3,E01026444,0
Unvalidated,2024361447733,2024,361447733,2,20,0,18,7,4,0,1,0,0,0,0,1,1,1,1,31,6,-1,-1,-1,-1,6,2,E01026456,0
Unvalidated,2024361447782,2024,361447782,1,19,0,14,4,8,0,0,0,0,0,0,4,1,2,1,55,8,-1,-1,-1,-1,4,1,E01026841,0
Unvalidated,2024361447782,2024,361447782,2,9,0,2,5,6,0,0,0,0,0,0,0,1,6,1,45,7,-1,-1,-1,-1,5,1,E01026845,0
Unvalidated,2024361447784,2024,361447784,1,9,0,18,8,4,0,0,0,4,0,0,1,1,6,1,33,6,-1,-1,-1,-1,7,1,E01026471,0
Unvalidated,2024361447784,2024,361447784,2,9,0,3,8,4,0,0,0,0,0,0,2,1,6,1,55,8,-1,-1,-1,-1,9,3,E01018137,0
Unvalidated,2024361447784,2024,361447784,3,9,4,4,8,4,0,0,0,0,1,0,1,1,6,1,19,4,-1,-1,-1,-1,3,3,E01026684,0
Unvalidated,2024361447784,2024,361447784,4,9,0,4,8,4,0,0,0,0,0,0,1,1,6,1,37,7,-1,-1,-1,-1,5,3,E01026727,0
Unvalidated,2024361447806,2024,361447806,1,9,0,5,7,3,0,4,0,0,0,0,1,1,6,2,19,4,-1,-1,-1,-1,4,1,E01026466,0
Unvalidated,2024361447806,2024,361447806,2,9,0,5,7,3,0,4,0,0,0,0,2,1,5,2,67,10,-1,-1,-1,-1,8,1,E01026473,0
Unvalidated,2024361447811,2024,361447811,1,1,0,18,8,4,0,8,5,0,0,0,1,1,2,1,53,8,-1,-1,-1,-1,5,3,E01026785,0
Unvalidated,2024361447811,2024,361447811,2,1,0,18,5,2,0,8,5,0,0,0,4,1,6,1,14,3,-1,-1,-1,-1,5,3,E01026774,0
Unvalidated,2024361447834,2024,361447834,1,10,0,-1,-1,-1,-1,-1,-1,-1,-1,0,0,1,1,2,59,9,-1,-1,-1,-1,3,1,E01018094,0
Unvalidated,2024361447834,2024,361447834,2,1,0,18,1,3,0,1,0,0,0,0,0,1,2,2,48,8,-1,-1,-1,-1,1,1,E01026687,0
Unvalidated,2024361447937,2024,361447937,1,9,0,7,3,1,0,1,0,0,0,0,1,1,6,1,36,7,-1,-1,-1,-1,3,1,E01026756,0
Unvalidated,2024361447937,2024,361447937,2,9,0,8,1,5,0,1,0,0,0,0,3,1,5,1,19,4,-1,-1,-1,-1,7,3,E01026885,0
Unvalidated,2024361448050,2024,361448050,1,9,0,7,6,1,0,3,0,0,0,0,3,1,6,1,36,7,-1,-1,-1,-1,4,3,E01026628,0
Unvalidated,2024361448050,2024,361448050,2,9,0,18,1,4,0,1,0,0,0,0,3,1,6,1,29,6,-1,-1,-1,-1,6,2,E01026615,0
Unvalidated,2024361448266,2024,361448266,1,9,0,18,7,3,0,0,0,0,0,0,1,1,6,3,25,5,-1,-1,-1,-1,-1,-1,-1,0
Unvalidated,2024361448345,2024,361448345,1,9,0,18,7,7,0,0,2,0,0,0,3,1,5,1,63,9,-1,-1,-1,-1,8,1,E01021352,0
Unvalidated,2024361448364,2024,361448364,1,9,0,-1,-1,-1,-1,-1,-1,-1,-1,0,-1,1,6,2,35,6,-1,-1,-1,-1,4,1,E01026864,0
Unvalidated,2024361448364,2024,361448364,2,9,-1,-1,-1,-1,-1,-1,-1,-1,-1,0,2,1,3,2,41,7,-1,-1,-1,-1,9,1,E01026916,0
Unvalidated,2024361448410,2024,361448410,1,9,0,5,3,4,0,6,0,0,0,0,1,1,6,2,42,7,-1,-1,-1,-1,5,1,E01026591,0
Unvalidated,2024361448410,2024,361448410,2,9,0,18,4,1,0,1,0,0,1,0,1,1,6,2,33,6,-1,-1,-1,-1,1,1,E01026604,0
Unvalidated,2024361448552,2024,361448552,1,9,0,18,5,1,0,0,1,0,7,0,3,1,5,1,21,5,-1,-1,-1,-1,4,3,E01026762,0
Unvalidated,2024361448602,2024,361448602,1,9,0,18,7,3,0,0,0,0,0,0,4,1,5,2,33,6,-1,-1,-1,-1,7,1,E01026528,0
Unvalidated,2024361448602,2024,361448602,2,1,0,18,7,3,0,0,0,0,0,0,3,1,5,1,73,10,-1,-1,-1,-1,8,1,E01026714,0
Unvalidated,2024361448640,2024,361448640,1,9,0,2,0,0,0,8,0,0,0,0,1,1,5,1,87,11,-1,-1,-1,-1,5,3,E01026783,0
Unvalidated,2024361448640,2024,361448640,2,4,0,18,3,7,0,1,0,0,0,0,1,1,5,1,53,8,-1,-1,-1,-1,4,2,E01026499,0
Unvalidated,2024361448665,2024,361448665,1,90,0,9,6,4,0,0,0,0,0,0,1,1,5,1,53,8,-1,-1,-1,-1,6,3,E01026420,0
Unvalidated,2024361448665,2024,361448665,2,5,0,18,2,6,0,0,0,0,0,0,1,1,5,1,26,6,-1,-1,-1,-1,4,1,E01026705,0
Unvalidated,2024361448830,2024,361448830,1,9,0,18,8,4,0,8,0,0,0,0,1,1,5,1,74,10,-1,-1,-1,-1,5,3,E01026485,0
Unvalidated,2024361448830,2024,361448830,2,9,0,9,4,2,0,8,0,0,0,0,1,1,2,1,18,4,-1,-1,-1,-1,4,1,E01026850,0
Unvalidated,2024361448848,2024,361448848,1,9,0,18,6,2,0,0,0,0,0,0,1,1,2,2,25,5,-1,-1,-1,-1,9,2,E01026422,0
Unvalidated,2024361448848,2024,361448848,2,9,0,3,6,2,0,0,0,0,0,0,2,1,2,1,38,7,-1,-1,-1,-1,-1,-1,-1,0
Unvalidated,2024361448848,2024,361448848,3,9,0,3,6,2,0,0,0,0,0,0,2,1,2,2,22,5,-1,-1,-1,-1,7,3,E01029060,0
Unvalidated,2024361448994,2024,361448994,1,9,0,18,3,7,0,2,0,4,0,0,1,1,6,3,-1,-1,-1,-1,-1,-1,-1,-1,-1,0
Unvalidated,2024361448994,2024,361448994,2,98,0,2,0,0,0,2,0,0,0,0,1,1,6,3,-1,-1,-1,-1,-1,-1,-1,-1,-1,0
Unvalidated,2024361449058,2024,361449058,1,9,0,18,4,2,0,0,0,0,1,0,1,2,5,2,79,11,-1,-1,-1,-1,6,2,E01029930,0
Unvalidated,2024361449058,2024,361449058,2,9,0,18,4,2,0,0,0,0,0,0,2,2,5,2,82,11,-1,-1,-1,-1,7,3,E01026897,0
Unvalidated,2024361449113,2024,361449113,1,9,0,18,7,3,0,8,0,0,0,0,3,1,6,1,32,6,-1,-1,-1,-1,-1,-1,-1,0
Unvalidated,2024361449113,2024,361449113,2,9,0,9,5,3,0,8,0,0,0,0,1,1,6,1,27,6,-1,-1,-1,-1,2,3,E01033040,0