status,collision_index,collision_year,collision_reference,vehicle_reference,vehicle_type,towing_and_articulation,vehicle_manoeuvre,vehicle_direction_from,vehicle_direction_to,vehicle_location_restricted_lane,junction_location,skidding_and_overturning,hit_object_in_carriageway,vehicle_leaving_carriageway,hit_object_off_carriageway,first_point_of_impact,vehicle_left_hand_drive,journey_purpose_of_driver,sex_of_driver,age_of_driver,age_band_of_driver,engine_capacity_cc,propulsion_code,age_of_vehicle,generic_make_model,driver_imd_decile,driver_home_area_type,lsoa_of_driver,escooter_flag
Unvalidated,2024361449113,2024,361449113,3,9,0,18,3,7,0,1,0,0,0,0,3,1,6,1,46,8,-1,-1,-1,-1,2,3,E01033040,0
Unvalidated,2024361449262,2024,361449262,1,11,0,18,1,5,0,1,0,0,0,0,3,1,1,3,-1,-1,-1,-1,-1,-1,-1,-1,-1,0
Unvalidated,2024361449360,2024,361449360,1,8,0,18,5,1,0,2,0,0,0,0,3,1,1,1,74,10,-1,-1,-1,-1,2,3,E01026614,0
Unvalidated,2024361449376,2024,361449376,1,9,0,5,5,1,0,8,0,0,0,0,4,1,6,2,61,9,-1,-1,-1,-1,4,3,E01026694,0
Unvalidated,2024361449376,2024,361449376,2,9,0,18,7,3,0,1,0,0,0,0,3,1,6,1,75,10,-1,-1,-1,-1,10,2,E01026393,0
Unvalidated,2024361449376,2024,361449376,3,9,0,3,1,5,0,1,0,0,0,0,1,1,5,1,62,9,-1,-1,-1,-1,5,1,E01026668,0
Unvalidated,2024361449440,2024,361449440,1,9,0,18,3,7,0,0,0,0,0,0,1,1,6,2,18,4,-1,-1,-1,-1,4,3,E01026732,0
Unvalidated,2024361449470,2024,361449470,1,9,0,18,7,3,0,0,0,0,0,0,1,1,6,1,18,4,-1,-1,-1,-1,1,1,E01026687,0
Unvalidated,2024361449470,2024,361449470,2,9,0,4,6,3,0,0,0,0,0,0,2,1,6,2,28,6,-1,-1,-1,-1,6,3,E01026675,0
Unvalidated,2024361449479,2024,361449479,1,9,0,18,7,3,0,3,0,0,0,0,4,1,6,2,41,7,-1,-1,-1,-1,4,1,E01026807,0
Unvalidated,2024361449479,2024,361449479,2,9,0,12,7,3,0,3,0,0,0,0,3,1,6,1,23,5,-1,-1,-1,-1,2,1,E01026865,0
Unvalidated,2024361449617,2024,361449617,1,9,0,18,1,7,0,1,1,0,0,0,1,1,5,1,18,4,-1,-1,-1,-1,3,2,E01026683,0
Unvalidated,2024361449617,2024,361449617,2,9,0,4,7,1,0,1,0,0,0,0,1,1,5,1,69,10,-1,-1,-1,-1,5,3,E01026726,0
Unvalidated,2024361449691,2024,361449691,1,3,0,18,4,8,0,0,2,12,0,0,1,1,5,1,78,11,-1,-1,-1,-1,4,3,E01026695,0
Unvalidated,2024361449740,2024,361449740,1,9,0,18,3,8,0,0,0,0,1,0,1,1,5,1,39,7,-1,-1,-1,-1,6,1,E01030275,0
Unvalidated,2024361449772,2024,361449772,1,9,0,18,2,6,0,0,1,0,1,0,4,1,6,1,49,8,-1,-1,-1,-1,5,3,E01026727,0
Unvalidated,2024361449866,2024,361449866,1,9,0,18,8,4,0,4,0,0,0,0,3,1,1,1,61,9,-1,-1,-1,-1,9,1,E01026576,0
Unvalidated,2024361449866,2024,361449866,2,3,0,18,5,1,0,8,0,0,0,0,2,1,2,1,20,4,-1,-1,-1,-1,8,1,E01026530,0
Unvalidated,2024361449867,2024,361449867,1,3,0,4,3,7,0,1,0,0,0,0,3,1,6,1,24,5,-1,-1,-1,-1,6,3,E01026514,0
Unvalidated,2024361449924,2024,361449924,1,3,0,18,7,3,0,0,1,0,0,0,0,1,6,1,41,7,-1,-1,-1,-1,-1,-1,-1,0
Unvalidated,2024361449960,2024,361449960,1,9,-1,4,-1,-1,0,1,0,0,0,0,1,1,6,2,-1,-1,-1,-1,-1,-1,-1,-1,-1,0
Unvalidated,2024361449960,2024,361449960,2,9,0,3,-1,-1,0,1,0,0,0,0,2,1,5,1,46,8,-1,-1,-1,-1,6,3,E01026872,0
Unvalidated,2024361450095,2024,361450095,1,9,0,18,5,7,0,0,0,0,1,0,3,1,5,1,18,4,-1,-1,-1,-1,-1,1,-1,0
Unvalidated,2024361450245,2024,361450245,1,3,0,18,6,2,0,0,0,0,0,0,4,1,6,1,31,6,-1,-1,-1,-1,2,2,E01026607,0
Unvalidated,2024361450299,2024,361450299,1,97,0,18,3,7,0,0,0,0,0,0,1,1,6,1,18,4,-1,-1,-1,-1,4,3,E01026780,0
Unvalidated,2024361450299,2024,361450299,2,9,0,10,3,7,0,0,0,0,0,0,3,1,1,2,49,8,-1,-1,-1,-1,10,1,E01026303,0
Unvalidated,2024361450305,2024,361450305,1,19,0,18,2,7,0,8,0,0,0,0,4,1,2,1,41,7,-1,-1,-1,-1,3,1,E01026621,0
Unvalidated,2024361450311,2024,361450311,1,9,0,18,3,7,0,0,0,4,0,0,1,1,5,1,67,10,-1,-1,-1,-1,5,1,E01026870,0
Unvalidated,2024361450311,2024,361450311,2,21,4,2,3,7,0,0,0,4,0,0,2,1,1,1,42,7,-1,-1,-1,-1,8,2,E01018276,0
Unvalidated,2024361450418,2024,361450418,1,9,0,5,6,2,0,0,0,0,0,0,1,1,5,1,82,11,-1,-1,-1,-1,6,1,E01026761,0
Unvalidated,2024361450504,2024,361450504,1,19,0,6,8,4,0,0,0,0,0,0,3,1,1,1,37,7,-1,-1,-1,-1,9,1,E01009816,0
Unvalidated,2024361450504,2024,361450504,2,1,0,18,4,8,0,0,0,0,0,0,1,1,6,1,26,6,-1,-1,-1,-1,3,1,E01026861,0
Unvalidated,2024361450550,2024,361450550,1,19,0,18,1,5,0,0,0,0,0,0,1,1,6,3,-1,-1,-1,-1,-1,-1,-1,-1,-1,0
Unvalidated,2024361450628,2024,361450628,1,9,0,18,7,3,0,0,0,0,0,0,1,1,6,1,18,4,-1,-1,-1,-1,1,1,E01026687,0
Unvalidated,2024361450628,2024,361450628,2,9,0,18,7,3,0,0,0,0,0,0,2,1,6,2,28,6,-1,-1,-1,-1,6,3,E01026675,0
Unvalidated,2024361450811,2024,361450811,1,19,0,-1,-1,-1,-1,-1,-1,-1,-1,0,3,1,5,1,45,7,-1,-1,-1,-1,4,3,E01026733,0
Unvalidated,2024361450811,2024,361450811,2,1,-1,-1,-1,-1,-1,-1,-1,-1,-1,0,3,1,5,1,43,7,-1,-1,-1,-1,8,1,E01026849,0
Unvalidated,2024361450847,2024,361450847,1,9,0,18,6,3,0,1,2,10,1,0,1,1,5,1,26,6,-1,-1,-1,-1,5,2,E01026902,0
Unvalidated,2024361450871,2024,361450871,1,4,0,18,8,4,0,1,0,0,0,0,1,1,5,1,17,4,-1,-1,-1,-1,6,1,E01026529,0
Unvalidated,2024361450871,2024,361450871,2,9,0,10,5,8,0,1,0,0,0,0,1,1,5,1,81,11,-1,-1,-1,-1,6,1,E01026529,0
Unvalidated,2024361450921,2024,361450921,1,9,0,3,3,8,0,2,0,0,0,0,1,1,6,1,71,10,-1,-1,-1,-1,10,1,E01026945,0
Unvalidated,2024361450928,2024,361450928,1,5,0,18,8,5,0,0,0,0,1,0,1,1,5,1,21,5,-1,-1,-1,-1,-1,-1,-1,0
Unvalidated,2024361450981,2024,361450981,1,9,0,18,7,3,0,0,0,0,0,0,4,1,5,1,55,8,-1,-1,-1,-1,9,1,E01032999,0
Unvalidated,2024361450988,2024,361450988,1,9,0,18,5,1,0,0,0,0,0,0,1,1,5,1,17,4,-1,-1,-1,-1,4,3,E01026638,0
Unvalidated,2024361450988,2024,361450988,2,9,0,2,0,0,0,0,0,0,0,0,2,1,5,1,24,5,-1,-1,-1,-1,5,3,E01026766,0
Unvalidated,2024361450994,2024,361450994,1,9,-1,5,4,8,0,1,0,0,0,0,-1,1,6,2,57,9,-1,-1,-1,-1,-1,-1,-1,0
Unvalidated,2024361451020,2024,361451020,1,9,0,7,6,1,0,1,0,0,0,0,4,1,5,2,35,6,-1,-1,-1,-1,-1,-1,-1,0
Unvalidated,2024361451020,2024,361451020,2,11,0,18,7,3,2,1,0,0,0,0,1,1,2,1,29,6,-1,-1,-1,-1,2,1,E01026791,0
Unvalidated,2024361451059,2024,361451059,1,9,0,18,1,5,0,1,0,0,0,0,1,1,2,1,21,5,-1,-1,-1,-1,5,1,E01026433,0
Unvalidated,2024361451059,2024,361451059,2,9,0,18,8,4,0,1,2,0,7,0,4,1,2,1,53,8,-1,-1,-1,-1,8,2,E01026450,0
Unvalidated,2024361451076,2024,361451076,1,9,0,9,5,3,0,8,0,0,0,0,1,1,6,2,58,9,-1,-1,-1,-1,1,1,E01026634,0
Unvalidated,2024361451076,2024,361451076,2,9,0,18,1,5,0,8,0,0,0,0,3,1,2,1,40,7,-1,-1,-1,-1,3,1,E01026621,0
Unvalidated,2024361451082,2024,361451082,1,9,0,18,4,6,0,0,0,0,0,0,4,1,6,1,29,6,-1,-1,-1,-1,9,2,E01026513,0
Unvalidated,2024361451131,2024,361451131,1,9,0,7,5,8,0,6,0,0,0,0,2,1,5,1,72,10,-1,-1,-1,-1,4,1,E01022016,0
Unvalidated,2024361451131,2024,361451131,2,20,0,18,4,8,0,1,0,0,0,0,1,1,1,1,65,9,-1,-1,-1,-1,8,1,E01026473,0
Unvalidated,2024361451170,2024,361451170,1,9,0,18,6,2,0,8,0,0,0,0,1,1,6,2,41,7,-1,-1,-1,-1,6,2,E01026449,0
Unvalidated,2024361451170,2024,361451170,2,9,0,18,8,4,0,8,0,0,0,0,3,1,5,1,58,9,-1,-1,-1,-1,10,1,E01026811,0
Unvalidated,2024361451436,2024,361451436,1,9,0,18,4,8,0,0,0,0,0,0,1,1,5,2,20,4,-1,-1,-1,-1,4,1,E01030225,0
Unvalidated,2024361451436,2024,361451436,2,9,0,4,4,8,0,0,0,0,0,0,1,1,5,1,20,4,-1,-1,-1,-1,4,1,E01030225,0
Unvalidated,2024361451436,2024,361451436,3,97,0,18,4,8,0,0,0,0,0,0,2,1,5,1,65,9,-1,-1,-1,-1,5,3,E01030259,0
Unvalidated,2024361451583,2024,361451583,1,1,0,18,1,5,0,1,0,0,0,0,1,1,6,1,31,6,-1,-1,-1,-1,8,1,E01026470,0
Unvalidated,2024361451583,2024,361451583,2,9,0,18,7,3,0,2,0,0,0,0,4,1,6,1,20,4,-1,-1,-1,-1,4,1,E01026468,0
Unvalidated,2024361451719,2024,361451719,1,9,0,5,5,7,0,8,0,0,1,0,1,1,2,1,50,8,-1,-1,-1,-1,4,1,E01026804,0
Unvalidated,2024361451719,2024,361451719,2,9,0,18,7,3,0,1,0,0,7,0,1,1,2,1,57,9,-1,-1,-1,-1,5,1,E01026591,0
Unvalidated,2024361451817,2024,361451817,1,19,0,4,3,7,0,0,0,0,0,0,1,1,1,1,21,5,-1,-1,-1,-1,1,1,E01026687,0
Unvalidated,2024361451817,2024,361451817,2,8,0,4,3,7,0,0,0,0,0,0,2,1,1,1,33,6,-1,-1,-1,-1,6,1,E01026664,0
Unvalidated,2024361451864,2024,361451864,1,9,0,10,3,7,0,1,0,0,0,0,3,1,6,1,50,8,-1,-1,-1,-1,6,2,E01026486,0
Unvalidated,2024361451864,2024,361451864,2,9,0,18,3,7,0,1,0,0,0,0,4,1,6,1,18,4,-1,-1,-1,-1,9,2,E01026422,0
Unvalidated,2024361451908,2024,361451908,1,9,0,18,1,5,0,0,0,0,1,0,1,1,6,1,57,9,-1,-1,-1,-1,7,2,E01026536,0
Unvalidated,2024361451964,2024,361451964,1,9,0,18,3,7,0,1,0,0,0,0,1,1,6,1,84,11,-1,-1,-1,-1,3,2,E01026775,0
Unvalidated,2024361451964,2024,361451964,2,9,0,10,3,7,0,1,0,0,0,0,2,1,6,1,60,9,-1,-1,-1,-1,6,3,E01026781,0
Unvalidated,2024361452001,2024,361452001,1,97,0,4,7,3,0,0,1,0,0,0,1,1,5,2,53,8,-1,-1,-1,-1,6,3,E01026419,0
Unvalidated,2024361452001,2024,361452001,2,97,0,4,7,3,0,0,0,0,0,0,2,1,5,1,57,9,-1,-1,-1,-1,6,3,E01026419,0
Unvalidated,2024361452105,2024,361452105,1,9,0,18,3,7,0,0,2,0,1,0,1,1,5,1,25,5,-1,-1,-1,-1,6,3,E01030134,0
Unvalidated,2024361452145,2024,361452145,1,9,0,18,5,1,0,0,2,0,1,0,4,1,6,1,36,7,-1,-1,-1,-1,5,3,E01026435,0
Unvalidated,2024361452174,2024,361452174,1,9,0,9,3,2,0,6,0,0,0,0,3,1,6,1,85,11,-1,-1,-1,-1,8,1,E01026921,0
Unvalidated,2024361452174,2024,361452174,2,9,0,18,2,6,0,2,0,0,0,0,1,1,6,2,20,4,-1,-1,-1,-1,4,2,E01026909,0
Unvalidated,2024361452355,2024,361452355,1,5,0,13,3,6,0,8,5,0,0,0,3,1,6,1,72,10,-1,-1,-1,-1,6,3,E01026549,0
Unvalidated,2024361452355,2024,361452355,2,9,0,18,3,6,0,8,0,0,0,0,4,1,6,1,46,8,-1,-1,-1,-1,9,2,E01026422,0
Unvalidated,2024361452390,2024,361452390,1,9,0,18,7,3,0,1,0,0,1,0,3,1,5,1,18,4,-1,-1,-1,-1,4,3,E01026790,0
Unvalidated,2024361452390,2024,361452390,2,9,0,4,7,3,0,1,0,0,0,0,2,1,5,1,58,9,-1,-1,-1,-1,6,3,E01021099,0
Unvalidated,2024361452619,2024,361452619,1,9,0,18,4,1,0,3,0,0,0,0,3,1,5,1,76,11,-1,-1,-1,-1,3,1,E01026753,0
Unvalidated,2024361452619,2024,361452619,2,97,0,18,5,1,0,3,5,0,0,0,4,1,5,1,60,9,-1,-1,-1,-1,6,1,E01026761,0
Unvalidated,2024361452646,2024,361452646,1,9,0,18,6,1,0,0,2,7,3,0,3,1,2,1,29,6,-1,-1,-1,-1,1,1,E01026595,0
Unvalidated,2024361452646,2024,361452646,2,9,0,4,6,3,0,0,0,0,0,0,4,1,5,1,77,11,-1,-1,-1,-1,2,1,E01026633,0
Unvalidated,2024361452656,2024,361452656,1,19,0,18,4,8,0,0,0,0,0,0,1,1,6,1,50,8,-1,-1,-1,-1,5,1,E01018069,0
Unvalidated,2024361452656,2024,361452656,2,9,0,18,4,8,0,0,0,0,0,0,2,1,6,1,61,9,-1,-1,-1,-1,5,3,E01026712,0
Unvalidated,2024361452656,2024,361452656,3,19,0,18,3,8,0,0,0,0,0,0,2,1,5,1,65,9,-1,-1,-1,-1,7,3,E01018128,0
Unvalidated,2024361452719,2024,361452719,1,9,-1,-1,6,2,-1,-1,-1,-1,-1,0,-1,1,6,3,-1,-1,-1,-1,-1,-1,-1,-1,-1,0
Unvalidated,2024361452778,2024,361452778,1,9,0,8,5,1,0,3,0,0,0,0,1,1,5,2,42,7,-1,-1,-1,-1,4,2,E01026279,0
Unvalidated,2024361452778,2024,361452778,2,9,0,8,5,1,0,3,0,0,0,0,2,1,1,1,63,9,-1,-1,-1,-1,8,2,E01025791,0
Unvalidated,2024361452882,2024,361452882,1,9,0,9,7,3,0,8,0,0,0,0,3,1,5,2,65,9,-1,-1,-1,-1,1,1,E01026467,0
Unvalidated,2024361452882,2024,361452882,2,21,0,18,8,4,0,8,0,0,0,0,1,1,1,1,52,8,-1,-1,-1,-1,8,2,E01026480,0
Unvalidated,2024361452883,2024,361452883,1,9,0,4,5,1,0,0,1,0,0,0,1,1,6,1,17,4,-1,-1,-1,-1,4,3,E01026679,0
Unvalidated,2024361452883,2024,361452883,2,9,0,4,5,1,0,0,0,0,0,0,2,1,6,1,67,10,-1,-1,-1,-1,7,3,E01018247,0
Unvalidated,2024361452922,2024,361452922,1,9,0,5,3,7,0,8,0,0,0,0,1,1,5,2,36,7,-1,-1,-1,-1,5,1,E01026591,0
Unvalidated,2024361452922,2024,361452922,2,9,0,18,1,5,0,8,0,0,0,0,4,1,5,1,25,5,-1,-1,-1,-1,7,1,E01027186,0
Unvalidated,2024361453044,2024,361453044,1,4,0,7,5,7,0,1,5,0,0,0,1,1,5,2,61,9,-1,-1,-1,-1,7,1,E01026673,0
Unvalidated,2024361453044,2024,361453044,2,9,0,4,7,3,0,1,0,0,0,0,1,1,1,2,44,7,-1,-1,-1,-1,2,1,E01026700,0
Unvalidated,2024361453209,2024,361453209,1,9,0,5,8,4,0,8,0,0,0,0,0,1,2,2,55,8,-1,-1,-1,-1,4,3,E01026763,0
Unvalidated,2024361453209,2024,361453209,2,5,0,18,6,2,0,1,2,0,0,0,4,1,6,1,65,9,-1,-1,-1,-1,4,2,E01026909,0
Unvalidated,2024361453370,2024,361453370,1,9,0,5,3,7,0,2,0,0,0,0,1,1,6,1,45,7,-1,-1,-1,-1,6,1,E01026430,0
Unvalidated,2024361453370,2024,361453370,2,3,0,5,3,5,0,2,0,0,0,0,2,1,5,1,20,4,-1,-1,-1,-1,2,3,E01033040,0
Unvalidated,2024361453428,2024,361453428,1,9,0,18,4,8,0,0,2,12,7,0,1,1,5,1,20,4,-1,-1,-1,-1,4,2,E01026638,0
Unvalidated,2024361453430,2024,361453430,1,9,0,18,4,8,0,0,0,0,0,0,1,1,6,3,25,5,-1,-1,-1,-1,-1,-1,-1,0
Unvalidated,2024361453441,2024,361453441,1,19,0,5,5,1,0,6,0,0,0,0,1,1,5,1,61,9,-1,-1,-1,-1,7,3,E01026539,0
Unvalidated,2024361453441,2024,361453441,2,4,0,7,3,7,0,1,0,0,0,0,1,1,1,1,64,9,-1,-1,-1,-1,7,3,E01026539,0
Unvalidated,2024361453467,2024,361453467,1,5,0,18,4,8,0,0,0,0,0,0,0,1,6,1,50,8,-1,-1,-1,-1,4,3,E01026483,0
Unvalidated,2024361453702,2024,361453702,1,9,0,9,1,4,0,8,0,0,0,0,-1,1,6,2,33,6,-1,-1,-1,-1,4,1,E01026586,0
Unvalidated,2024361453702,2024,361453702,2,9,0,18,7,3,0,8,0,0,0,0,3,1,2,1,72,10,-1,-1,-1,-1,8,3,E01026886,0
Unvalidated,2024361453875,2024,361453875,1,9,0,18,5,1,0,0,0,0,0,0,1,1,5,1,42,7,-1,-1,-1,-1,3,1,E01026596,0
Unvalidated,2024361453875,2024,361453875,2,9,0,18,5,1,0,0,0,0,0,0,1,1,3,1,19,4,-1,-1,-1,-1,6,1,E01026590,0
Unvalidated,2024361453875,2024,361453875,3,9,0,18,5,1,0,0,0,0,0,0,2,1,5,1,20,4,-1,-1,-1,-1,6,3,E01026748,0
Unvalidated,2024361453875,2024,361453875,4,9,0,3,5,1,0,0,0,0,0,0,2,1,5,1,29,6,-1,-1,-1,-1,5,3,E01026940,0
Unvalidated,2024361453932,2024,361453932,1,9,0,18,1,5,0,0,0,0,0,0,1,1,6,1,23,5,-1,-1,-1,-1,7,1,E01015659,0
Unvalidated,2024361453932,2024,361453932,2,9,0,18,5,1,0,0,0,0,0,0,1,1,5,1,40,7,-1,-1,-1,-1,2,3,E01026711,0
Unvalidated,2024361454151,2024,361454151,1,5,0,18,7,3,0,0,0,0,0,0,0,1,5,1,33,6,-1,-1,-1,-1,9,2,E01026938,0
Unvalidated,2024361454198,2024,361454198,1,9,0,18,5,6,0,1,0,0,0,0,1,1,2,1,50,8,-1,-1,-1,-1,4,1,E01026429,0
Unvalidated,2024361454198,2024,361454198,2,1,0,18,4,8,0,8,0,0,0,0,4,1,5,1,75,10,-1,-1,-1,-1,7,2,E01026939,0
Unvalidated,2024361454238,2024,361454238,1,3,0,5,8,4,0,8,0,0,0,0,3,1,1,1,17,4,-1,-1,-1,-1,4,3,E01026445,0
Unvalidated,2024361454238,2024,361454238,2,9,0,18,4,8,0,8,0,0,0,0,1,1,2,2,29,6,-1,-1,-1,-1,-1,-1,-1,0
Unvalidated,2024361454318,2024,361454318,1,9,0,18,2,6,0,2,0,0,0,0,1,1,6,3,-1,-1,-1,-1,-1,-1,-1,-1,-1,0
Unvalidated,2024361454318,2024,361454318,2,1,0,18,2,6,0,2,0,0,0,0,2,1,5,1,14,3,-1,-1,-1,-1,1,1,E01026624,0
Unvalidated,2024361454409,2024,361454409,1,98,1,7,1,3,0,1,5,0,1,0,1,1,1,1,42,7,-1,-1,-1,-1,4,3,E01026728,0
Unvalidated,2024361454415,2024,361454415,1,9,0,18,5,1,0,8,0,0,0,0,3,1,2,1,54,8,-1,-1,-1,-1,5,3,E01026766,0
Unvalidated,2024361454415,2024,361454415,2,4,0,18,5,1,0,8,0,0,0,0,4,1,2,1,33,6,-1,-1,-1,-1,6,1,E01026452,0
Unvalidated,2024361454440,2024,361454440,1,9,0,7,7,6,0,0,0,0,0,0,1,1,5,2,24,5,-1,-1,-1,-1,6,3,E01026494,0
Unvalidated,2024361454440,2024,361454440,2,9,0,4,7,7,0,0,0,0,0,0,1,1,5,1,64,9,-1,-1,-1,-1,5,3,E01029928,0
Unvalidated,2024361454667,2024,361454667,1,9,0,18,3,7,0,0,0,0,0,0,3,1,6,3,-1,-1,-1,-1,-1,-1,-1,-1,-1,0
Unvalidated,2024361454667,2024,361454667,2,9,0,18,7,3,0,0,0,0,0,0,3,1,6,2,62,9,-1,-1,-1,-1,2,3,E01026614,0
Unvalidated,2024361454673,2024,361454673,1,19,0,18,5,1,0,0,0,4,0,0,1,1,1,1,43,7,-1,-1,-1,-1,7,1,E01026556,0
Unvalidated,2024361454673,2024,361454673,2,9,0,3,0,0,0,0,0,0,0,0,2,1,5,1,27,6,-1,-1,-1,-1,8,3,E01026921,0
Unvalidated,2024361454673,2024,361454673,3,9,0,4,5,1,0,0,0,0,0,0,2,1,6,1,23,5,-1,-1,-1,-1,5,1,E01016226,0
Unvalidated,2024361454867,2024,361454867,1,9,0,5,7,5,0,6,0,0,0,0,4,1,5,2,64,9,-1,-1,-1,-1,6,1,E01026430,0
Unvalidated,2024361454954,2024,361454954,1,9,0,4,7,3,0,1,0,0,0,0,1,1,6,1,-1,-1,-1,-1,-1,-1,1,1,E01026827,0
Unvalidated,2024361454954,2024,361454954,2,9,0,4,7,4,0,1,0,0,0,0,2,1,6,1,54,8,-1,-1,-1,-1,4,2,E01030231,0
Unvalidated,2024361455106,2024,361455106,1,9,0,5,4,8,1,2,0,0,0,0,0,1,5,2,36,7,-1,-1,-1,-1,9,2,E01026548,0
Unvalidated,2024361455113,2024,361455113,1,9,0,9,1,5,0,8,0,0,0,0,1,1,6,1,33,6,-1,-1,-1,-1,8,2,E01026912,0
Unvalidated,2024361455113,2024,361455113,2,9,0,18,7,3,0,8,2,0,0,0,1,1,6,2,63,9,-1,-1,-1,-1,6,3,E01026899,0
Unvalidated,2024361455114,2024,361455114,1,9,0,18,5,1,0,1,0,0,0,0,1,1,5,1,31,6,-1,-1,-1,-1,8,1,E01030237,0
Unvalidated,2024361455114,2024,361455114,2,9,0,4,5,1,0,1,0,0,0,0,2,1,5,1,64,9,-1,-1,-1,-1,4,3,E01026522,0
Unvalidated,2024361455137,2024,361455137,1,9,0,18,3,7,0,6,0,0,0,0,3,1,6,1,39,7,-1,-1,-1,-1,-1,-1,-1,0
Unvalidated,2024361455137,2024,361455137,2,9,0,18,1,5,0,8,0,0,0,0,1,1,5,1,36,7,-1,-1,-1,-1,2,1,E01026600,0
Unvalidated,2024361455148,2024,361455148,1,9,0,18,8,4,0,0,0,0,1,0,1,1,5,2,20,4,-1,-1,-1,-1,1,1,E01026868,0
Unvalidated,2024361455148,2024,361455148,2,9,0,18,8,4,0,0,0,0,0,0,0,1,1,1,33,6,-1,-1,-1,-1,-1,-1,-1,0
Unvalidated,2024361455155,2024,361455155,1,5,0,18,5,1,0,1,0,0,0,0,3,1,6,1,24,5,-1,-1,-1,-1,5,1,E01026866,0
Unvalidated,2024361455155,2024,361455155,2,19,0,10,5,3,0,1,0,0,0,0,3,1,1,1,38,7,-1,-1,-1,-1,5,3,E01026777,0
Unvalidated,2024361455223,2024,361455223,1,17,0,18,-1,-1,0,4,0,0,0,0,0,1,6,3,-1,-1,-1,-1,-1,-1,-1,-1,-1,0
Unvalidated,2024361455223,2024,361455223,2,3,0,18,-1,-1,0,4,1,0,0,0,0,1,6,2,43,7,-1,-1,-1,-1,4,3,E01026898,0
Unvalidated,2024361455291,2024,361455291,1,5,0,18,7,3,0,0,0,0,7,0,3,1,5,1,60,9,-1,-1,-1,-1,4,1,E01028185,0
Unvalidated,2024361455512,2024,361455512,1,9,0,7,7,1,0,3,0,0,1,0,1,1,6,1,20,4,-1,-1,-1,-1,4,2,E01026891,0
Unvalidated,2024361455913,2024,361455913,1,9,0,4,5,1,0,0,0,0,0,0,1,1,6,1,44,7,-1,-1,-1,-1,3,2,E01026779,0
Unvalidated,2024361455913,2024,361455913,2,9,0,4,5,1,0,0,0,0,0,0,2,1,6,2,31,6,-1,-1,-1,-1,7,3,E01026533,0
Unvalidated,2024361455985,2024,361455985,1,19,0,18,6,2,0,0,0,0,0,0,3,1,1,1,19,4,-1,-1,-1,-1,4,3,E01026444,0
Unvalidated,2024361455985,2024,361455985,2,19,0,18,2,6,0,0,5,0,0,0,3,1,1,2,56,9,-1,-1,-1,-1,5,2,E01026730,0
Unvalidated,2024361456005,2024,361456005,1,9,0,18,6,1,0,1,0,0,0,0,1,1,6,1,35,6,-1,-1,-1,-1,1,1,E01026634,0
Unvalidated,2024361456005,2024,361456005,2,1,0,18,7,3,0,1,0,0,0,0,1,1,6,1,17,4,-1,-1,-1,-1,2,1,E01026834,0
Unvalidated,2024361456047,2024,361456047,1,19,0,18,4,8,0,1,0,0,0,0,1,1,6,1,76,11,-1,-1,-1,-1,6,3,E01026420,0
Unvalidated,2024361456047,2024,361456047,2,9,0,3,4,8,0,1,0,0,0,0,3,1,5,1,25,5,-1,-1,-1,-1,5,2,E01026423,0
Unvalidated,2024361456047,2024,361456047,3,9,0,3,4,7,0,1,0,0,0,0,3,1,6,2,63,9,-1,-1,-1,-1,5,3,E01026491,0
Unvalidated,2024361456047,2024,361456047,4,9,0,18,7,4,0,1,0,0,0,0,3,1,6,2,64,9,-1,-1,-1,-1,8,2,E01030089,0
Unvalidated,2024361456047,2024,361456047,5,9,0,18,4,8,0,1,0,0,0,0,2,1,6,2,54,8,-1,-1,-1,-1,5,3,E01026442,0
Unvalidated,2024361456047,2024,361456047,6,9,0,18,4,8,0,1,0,0,0,0,2,1,6,2,53,8,-1,-1,-1,-1,6,2,E01026516,0
Unvalidated,2024361456047,2024,361456047,7,9,0,18,4,8,0,1,0,0,0,0,2,1,6,1,58,9,-1,-1,-1,-1,10,3,E01018267,0
Unvalidated,2024361456065,2024,361456065,1,9,0,9,3,1,0,6,0,0,0,0,1,1,6,1,67,10,-1,-1,-1,-1,2,1,E01033440,0
Unvalidated,2024361456065,2024,361456065,2,3,0,18,1,5,0,1,0,0,0,0,1,1,6,1,22,5,-1,-1,-1,-1,2,1,E01026822,0
Unvalidated,2024361456080,2024,361456080,1,9,0,18,4,1,0,0,0,0,0,0,1,1,5,1,25,5,-1,-1,-1,-1,2,1,E01030274,0
Unvalidated,2024361456080,2024,361456080,2,9,0,18,6,1,0,0,0,0,5,0,2,1,5,2,38,7,-1,-1,-1,-1,5,3,E01030259,0
Unvalidated,2024361456372,2024,361456372,1,9,0,18,5,1,0,0,0,0,0,0,1,1,5,2,76,11,-1,-1,-1,-1,7,2,E01026502,0
Unvalidated,2024361456372,2024,361456372,2,9,0,18,1,5,0,0,0,0,0,0,1,1,2,1,54,8,-1,-1,-1,-1,7,1,E01026427,0
Unvalidated,2024361456410,2024,361456410,1,9,0,18,2,6,0,0,0,0,1,0,4,1,5,1,33,6,-1,-1,-1,-1,7,1,E01026427,0
Unvalidated,2024361456453,2024,361456453,1,9,-1,-1,-1,-1,-1,-1,-1,-1,-1,0,-1,1,6,3,-1,-1,-1,-1,-1,-1,-1,-1,-1,0