status,collision_index,collision_year,collision_reference,vehicle_reference,vehicle_type,towing_and_articulation,vehicle_manoeuvre,vehicle_direction_from,vehicle_direction_to,vehicle_location_restricted_lane,junction_location,skidding_and_overturning,hit_object_in_carriageway,vehicle_leaving_carriageway,hit_object_off_carriageway,first_point_of_impact,vehicle_left_hand_drive,journey_purpose_of_driver,sex_of_driver,age_of_driver,age_band_of_driver,engine_capacity_cc,propulsion_code,age_of_vehicle,generic_make_model,driver_imd_decile,driver_home_area_type,lsoa_of_driver,escooter_flag
Unvalidated,2024361456453,2024,361456453,2,9,-1,-1,-1,-1,-1,-1,-1,-1,-1,0,-1,1,6,3,-1,-1,-1,-1,-1,-1,-1,-1,-1,0
Unvalidated,2024361456533,2024,361456533,1,9,0,18,2,6,0,0,1,0,0,0,4,1,6,1,22,5,-1,-1,-1,-1,6,2,E01026451,0
Unvalidated,2024361456533,2024,361456533,2,9,0,18,6,2,0,0,0,0,0,0,1,1,6,1,36,7,-1,-1,-1,-1,8,2,E01026480,0
Unvalidated,2024361456613,2024,361456613,1,5,0,18,1,7,0,0,2,0,0,0,1,1,5,1,54,8,-1,-1,-1,-1,3,3,E01018097,0
Unvalidated,2024361456613,2024,361456613,2,98,1,18,7,1,0,0,0,0,0,0,1,1,1,1,38,7,-1,-1,-1,-1,5,3,E01026726,0
Unvalidated,2024361456630,2024,361456630,1,9,0,18,1,5,0,2,0,0,0,0,-1,1,6,3,-1,-1,-1,-1,-1,-1,-1,-1,-1,0
Unvalidated,2024361456630,2024,361456630,2,1,0,5,1,5,0,2,0,0,0,0,-1,1,1,1,37,7,-1,-1,-1,-1,4,1,E01026610,0
Unvalidated,2024361456803,2024,361456803,1,9,0,18,1,4,0,4,0,0,0,0,4,1,2,2,53,8,-1,-1,-1,-1,5,3,E01026724,0
Unvalidated,2024361456803,2024,361456803,2,9,0,18,1,4,0,3,0,0,0,0,3,1,6,2,77,11,-1,-1,-1,-1,2,3,E01026711,0
Unvalidated,2024361457137,2024,361457137,1,9,0,9,8,5,0,8,0,0,0,0,3,1,1,1,32,6,-1,-1,-1,-1,9,2,E01026503,0
Unvalidated,2024361457137,2024,361457137,2,21,1,18,5,2,0,8,0,0,0,0,1,1,1,1,56,9,-1,-1,-1,-1,9,3,E01026936,0
Unvalidated,2024361457192,2024,361457192,1,21,1,5,7,3,0,1,0,0,0,0,1,1,2,1,51,8,-1,-1,-1,-1,4,1,E01027678,0
Unvalidated,2024361457192,2024,361457192,2,9,0,8,3,7,0,1,0,0,0,0,2,1,2,1,24,5,-1,-1,-1,-1,4,2,E01026279,0
Unvalidated,2024361457312,2024,361457312,1,9,0,7,2,7,0,6,0,0,0,0,2,1,5,2,25,5,-1,-1,-1,-1,8,2,E01026490,0
Unvalidated,2024361457312,2024,361457312,2,9,0,18,1,5,0,8,0,0,0,0,1,1,6,2,56,9,-1,-1,-1,-1,5,3,E01026491,0
Unvalidated,2024361457353,2024,361457353,1,5,0,18,1,5,0,1,0,0,1,0,1,1,5,1,55,8,-1,-1,-1,-1,3,3,E01026719,0
Unvalidated,2024361457395,2024,361457395,1,9,0,9,4,3,0,8,0,0,0,0,4,1,5,2,19,4,-1,-1,-1,-1,3,2,E01026696,0
Unvalidated,2024361457395,2024,361457395,2,9,0,18,3,4,0,8,0,0,0,0,1,1,5,2,44,7,-1,-1,-1,-1,4,3,E01026661,0
Unvalidated,2024361457418,2024,361457418,1,9,0,18,2,6,0,4,5,9,0,0,1,1,6,1,43,7,-1,-1,-1,-1,8,1,E01026921,0
Unvalidated,2024361458009,2024,361458009,1,3,0,5,6,8,0,1,0,0,0,0,3,1,6,1,17,4,-1,-1,-1,-1,4,3,E01026638,0
Unvalidated,2024361458009,2024,361458009,2,9,0,5,4,8,0,1,0,0,0,0,2,1,6,2,62,9,-1,-1,-1,-1,4,2,E01026606,0
Unvalidated,2024361458038,2024,361458038,1,9,0,18,8,4,0,0,5,4,0,0,1,1,5,1,64,9,-1,-1,-1,-1,4,3,E01026713,0
Unvalidated,2024361458038,2024,361458038,2,9,0,2,0,0,0,0,0,0,0,0,1,1,6,3,-1,-1,-1,-1,-1,-1,-1,-1,-1,0
Unvalidated,2024361458038,2024,361458038,3,9,0,4,0,0,0,0,0,0,0,0,1,1,6,3,-1,-1,-1,-1,-1,-1,-1,-1,-1,0
Unvalidated,2024361458146,2024,361458146,1,9,0,1,8,4,9,0,0,0,1,0,1,1,6,2,47,8,-1,-1,-1,-1,7,1,E01026917,0
Unvalidated,2024361458146,2024,361458146,2,9,0,2,0,0,9,0,0,0,0,0,2,1,6,3,-1,-1,-1,-1,-1,-1,-1,-1,-1,0
Unvalidated,2024361458301,2024,361458301,1,9,0,18,1,5,0,2,0,0,0,0,1,1,6,1,28,6,-1,-1,-1,-1,4,3,E01026733,0
Unvalidated,2024361458301,2024,361458301,2,9,0,2,0,0,0,2,0,7,0,0,2,1,6,2,41,7,-1,-1,-1,-1,4,1,E01026864,0
Unvalidated,2024361458604,2024,361458604,1,9,0,18,8,4,0,0,0,0,1,0,1,1,6,1,65,9,-1,-1,-1,-1,10,1,E01026812,0
Unvalidated,2024361458604,2024,361458604,2,9,0,18,4,7,0,0,0,0,0,0,1,1,2,2,27,6,-1,-1,-1,-1,4,3,E01026787,0
Unvalidated,2024361458606,2024,361458606,1,9,0,18,1,5,0,1,0,0,0,0,4,1,6,2,28,6,-1,-1,-1,-1,8,1,E01026454,0
Unvalidated,2024361458606,2024,361458606,2,11,0,9,3,1,0,6,0,0,0,0,1,1,1,1,19,4,-1,-1,-1,-1,6,3,E01033036,0
Unvalidated,2024361458607,2024,361458607,1,9,0,18,4,7,0,0,0,0,0,0,0,1,5,2,43,7,-1,-1,-1,-1,5,3,E01026538,0
Unvalidated,2024361458607,2024,361458607,2,1,0,18,4,7,4,0,0,0,0,0,1,1,1,1,41,7,-1,-1,-1,-1,8,3,E01026913,0
Unvalidated,2024361458690,2024,361458690,1,9,0,18,3,7,0,2,0,4,7,0,1,1,1,1,61,9,-1,-1,-1,-1,1,1,E01012809,0
Unvalidated,2024361458690,2024,361458690,2,9,0,2,3,7,0,2,0,0,0,0,2,1,6,3,-1,-1,-1,-1,-1,-1,-1,-1,-1,0
Unvalidated,2024361458696,2024,361458696,1,1,0,14,6,2,0,1,0,0,0,0,1,1,5,1,21,5,-1,-1,-1,-1,5,2,-1,0
Unvalidated,2024361458696,2024,361458696,2,9,0,9,6,3,0,1,0,0,0,0,3,1,2,2,63,9,-1,-1,-1,-1,7,3,E01026914,0
Unvalidated,2024361458827,2024,361458827,1,9,0,18,3,7,0,8,5,9,0,0,4,1,6,1,81,11,-1,-1,-1,-1,4,3,E01026444,0
Unvalidated,2024361458925,2024,361458925,1,9,0,9,5,5,0,5,0,0,0,0,1,1,5,2,89,11,-1,-1,-1,-1,7,2,E01026910,0
Unvalidated,2024361459250,2024,361459250,1,9,0,18,8,4,0,0,0,0,1,0,1,1,5,1,20,4,-1,-1,-1,-1,4,3,E01026659,0
Unvalidated,2024361459250,2024,361459250,2,19,0,18,4,8,0,0,5,0,1,0,1,1,1,1,60,9,-1,-1,-1,-1,4,1,E01026466,0
Unvalidated,2024361459313,2024,361459313,1,9,0,18,7,3,0,8,0,0,0,0,4,1,6,1,38,7,-1,-1,-1,-1,4,1,E01026846,0
Unvalidated,2024361459313,2024,361459313,2,1,0,18,1,5,0,8,0,0,0,0,3,1,2,2,48,8,-1,-1,-1,-1,9,1,E01026544,0
Unvalidated,2024361459402,2024,361459402,1,9,0,18,1,3,0,2,0,0,0,0,1,1,6,2,80,11,-1,-1,-1,-1,10,1,E01026811,0
Unvalidated,2024361459402,2024,361459402,2,9,0,18,3,7,0,2,0,0,0,0,1,1,6,2,64,9,-1,-1,-1,-1,7,3,E01026941,0
Unvalidated,2024361459402,2024,361459402,3,9,0,2,0,0,0,2,0,0,0,0,1,1,6,1,31,6,-1,-1,-1,-1,1,1,E01026824,0
Unvalidated,2024361459402,2024,361459402,4,9,0,2,0,0,0,2,0,0,0,0,4,1,6,1,77,11,-1,-1,-1,-1,10,1,E01026811,0
Unvalidated,2024361459619,2024,361459619,1,9,0,5,3,4,0,6,0,0,0,0,4,1,6,2,30,6,-1,-1,-1,-1,1,1,E01026869,0
Unvalidated,2024361459619,2024,361459619,2,9,0,18,7,3,0,7,0,0,0,0,1,1,6,2,34,6,-1,-1,-1,-1,5,1,E01026845,0
Unvalidated,2024361459958,2024,361459958,1,9,0,18,7,3,0,0,0,0,0,0,1,1,5,2,56,9,-1,-1,-1,-1,8,1,E01026561,0
Unvalidated,2024361459958,2024,361459958,2,9,0,4,7,3,0,0,0,0,0,0,2,1,6,1,45,7,-1,-1,-1,-1,6,3,E01026545,0
Unvalidated,2024361460039,2024,361460039,1,9,-1,-1,8,6,-1,-1,-1,-1,-1,0,-1,1,6,1,28,6,-1,-1,-1,-1,7,3,E01029899,0
Unvalidated,2024361460039,2024,361460039,2,5,-1,-1,3,6,-1,-1,-1,-1,-1,0,-1,1,5,1,64,9,-1,-1,-1,-1,9,1,E01026671,0
Unvalidated,2024361460041,2024,361460041,1,9,0,18,1,5,0,8,1,0,0,0,4,1,5,1,83,11,-1,-1,-1,-1,10,1,E01026815,0
Unvalidated,2024361460041,2024,361460041,2,9,0,18,2,6,0,1,1,0,1,0,1,1,2,2,57,9,-1,-1,-1,-1,6,3,E01026876,0
Unvalidated,2024361460118,2024,361460118,1,9,0,3,7,4,0,1,0,0,0,0,2,1,5,2,20,4,-1,-1,-1,-1,10,2,E01026915,0
Unvalidated,2024361460118,2024,361460118,2,5,0,3,7,3,0,1,1,0,0,0,1,1,5,1,56,9,-1,-1,-1,-1,6,2,E01026446,0
Unvalidated,2024361460118,2024,361460118,3,9,0,3,7,3,0,1,0,0,0,0,0,1,5,2,23,5,-1,-1,-1,-1,-1,-1,-1,0
Unvalidated,2024361460157,2024,361460157,1,9,0,9,5,2,0,1,1,4,0,0,1,1,6,1,28,6,-1,-1,-1,-1,5,1,E01026594,0
Unvalidated,2024361460157,2024,361460157,2,9,0,18,1,5,0,5,0,0,0,0,3,1,5,1,43,7,-1,-1,-1,-1,1,1,E01026641,0
Unvalidated,2024361460157,2024,361460157,3,9,0,2,5,1,0,1,0,0,0,0,3,1,6,1,48,8,-1,-1,-1,-1,5,1,E01026594,0
Unvalidated,2024361460302,2024,361460302,1,3,0,18,8,4,0,1,2,0,7,0,1,1,6,1,20,4,-1,-1,-1,-1,5,3,E01026435,0
Unvalidated,2024361460302,2024,361460302,2,9,3,10,8,6,0,8,0,0,0,0,3,1,5,1,61,9,-1,-1,-1,-1,10,2,E01021570,0
Unvalidated,2024361460311,2024,361460311,1,3,0,7,2,7,0,1,1,0,7,0,1,1,2,1,19,4,-1,-1,-1,-1,5,1,E01026693,0
Unvalidated,2024361460350,2024,361460350,1,9,0,18,7,3,0,0,0,0,0,0,1,1,6,2,37,7,-1,-1,-1,-1,4,3,E01026780,0
Unvalidated,2024361460350,2024,361460350,2,9,0,18,3,7,0,0,0,0,1,10,1,1,6,2,36,7,-1,-1,-1,-1,4,3,E01026729,0
Unvalidated,2024361460412,2024,361460412,1,9,0,18,1,5,0,0,0,0,0,0,2,1,5,1,86,11,-1,-1,-1,-1,10,1,E01026567,0
Unvalidated,2024361460412,2024,361460412,2,98,1,18,1,5,0,0,1,0,0,0,1,1,1,1,29,6,-1,-1,-1,-1,8,3,E01033538,0
Unvalidated,2024361460467,2024,361460467,1,5,0,14,6,2,0,1,0,0,0,0,4,1,1,1,43,7,-1,-1,-1,-1,-1,-1,-1,0
Unvalidated,2024361460467,2024,361460467,2,20,0,3,6,6,0,1,0,0,0,0,3,1,1,1,60,9,-1,-1,-1,-1,-1,-1,-1,0
Unvalidated,2024361460554,2024,361460554,1,5,0,18,7,7,0,4,0,0,0,0,1,1,2,1,22,5,-1,-1,-1,-1,6,1,E01026922,0
Unvalidated,2024361460554,2024,361460554,2,9,0,5,6,3,0,4,0,0,0,0,3,1,5,2,66,10,-1,-1,-1,-1,6,1,E01026922,0
Unvalidated,2024361460625,2024,361460625,1,9,0,9,2,6,0,1,1,0,0,0,4,1,5,2,19,4,-1,-1,-1,-1,5,2,E01026745,0
Unvalidated,2024361460625,2024,361460625,2,9,0,18,8,6,0,2,0,0,1,0,1,1,5,2,77,11,-1,-1,-1,-1,7,1,E01025985,0
Unvalidated,2024361460643,2024,361460643,1,9,0,18,3,7,0,0,0,0,1,0,1,1,5,1,82,11,-1,-1,-1,-1,6,3,E01026441,0
Unvalidated,2024361460721,2024,361460721,1,19,0,-1,-1,-1,-1,0,-1,-1,-1,0,-1,1,6,1,70,10,-1,-1,-1,-1,7,3,W01000070,0
Unvalidated,2024361460760,2024,361460760,1,9,0,1,5,1,0,0,0,0,0,0,4,1,5,1,54,8,-1,-1,-1,-1,9,3,E01026509,0
Unvalidated,2024361460760,2024,361460760,2,1,0,18,3,7,0,0,0,0,0,0,1,1,5,1,24,5,-1,-1,-1,-1,2,1,E01010528,0
Unvalidated,2024361460982,2024,361460982,1,97,0,18,8,4,0,0,1,0,0,0,0,1,5,1,26,6,-1,-1,-1,-1,3,1,E01026631,0
Unvalidated,2024361461046,2024,361461046,1,5,0,15,8,4,0,0,2,0,7,0,1,1,5,1,56,9,-1,-1,-1,-1,-1,-1,-1,0
Unvalidated,2024361461046,2024,361461046,2,8,0,9,8,4,0,0,1,0,7,0,3,1,1,1,74,10,-1,-1,-1,-1,-1,-1,-1,0
Unvalidated,2024361461127,2024,361461127,1,19,0,18,3,7,0,0,0,0,0,0,1,1,1,1,34,6,-1,-1,-1,-1,10,2,E01018256,0
Unvalidated,2024361461127,2024,361461127,2,9,0,18,7,3,0,0,0,0,0,0,1,1,5,1,68,10,-1,-1,-1,-1,4,2,E01026909,0
Unvalidated,2024361461127,2024,361461127,3,9,0,18,7,3,0,0,0,0,0,0,1,1,5,2,30,6,-1,-1,-1,-1,4,1,E01026884,0
Unvalidated,2024361461174,2024,361461174,1,3,0,5,6,2,0,8,0,0,0,0,4,1,5,1,18,4,-1,-1,-1,-1,4,2,E01026736,0
Unvalidated,2024361461174,2024,361461174,2,9,0,18,8,4,0,8,0,0,0,0,1,1,5,2,76,11,-1,-1,-1,-1,7,1,E01026754,0
Unvalidated,2024361461181,2024,361461181,1,9,0,18,6,2,0,0,0,0,0,0,1,1,2,1,67,10,-1,-1,-1,-1,5,1,E01026433,0
Unvalidated,2024361461181,2024,361461181,2,21,0,18,2,6,0,0,0,0,7,10,1,1,2,1,52,8,-1,-1,-1,-1,6,3,E01033042,0
Unvalidated,2024361461252,2024,361461252,1,9,0,12,7,5,0,0,0,0,0,0,3,1,5,1,72,10,-1,-1,-1,-1,1,1,E01026704,0
Unvalidated,2024361461252,2024,361461252,2,9,0,18,7,4,0,0,0,0,0,0,4,1,5,1,90,11,-1,-1,-1,-1,4,3,E01026713,0
Unvalidated,2024361461739,2024,361461739,1,9,0,9,7,3,0,1,0,0,0,0,1,1,1,2,70,10,-1,-1,-1,-1,3,1,E01026601,0
Unvalidated,2024361461739,2024,361461739,2,3,0,18,3,7,0,1,5,0,0,0,1,1,6,1,26,6,-1,-1,-1,-1,4,1,E01026429,0
Unvalidated,2024361461880,2024,361461880,1,9,0,9,1,8,0,1,0,0,0,0,1,1,5,1,66,10,-1,-1,-1,-1,5,3,E01026496,0
Unvalidated,2024361461880,2024,361461880,2,9,0,18,7,3,0,1,0,0,0,0,1,1,5,2,30,6,-1,-1,-1,-1,5,2,E01026487,0
Unvalidated,2024361462669,2024,361462669,1,9,0,18,1,5,0,8,0,0,0,0,1,1,6,1,74,10,-1,-1,-1,-1,6,1,E01026842,0
Unvalidated,2024361462669,2024,361462669,2,98,0,18,3,7,0,8,0,0,0,0,4,1,1,1,38,7,-1,-1,-1,-1,5,2,E01018214,0
Unvalidated,2024361462899,2024,361462899,1,19,-1,5,-1,-1,0,1,0,0,0,0,1,1,1,2,49,8,-1,-1,-1,-1,5,1,E01026541,0
Unvalidated,2024361462899,2024,361462899,2,1,0,18,-1,-1,9,1,0,0,0,0,1,1,6,1,-1,-1,-1,-1,-1,-1,9,1,E01026544,0
Unvalidated,2024361462903,2024,361462903,1,9,0,2,0,0,6,0,0,0,0,0,3,1,6,1,60,9,-1,-1,-1,-1,7,3,E01026608,0
Unvalidated,2024361462903,2024,361462903,2,1,0,18,-1,-1,-1,0,0,0,0,0,-1,1,5,1,14,3,-1,-1,-1,-1,4,1,E01026859,0
Unvalidated,2024361463065,2024,361463065,1,3,0,13,5,1,0,1,0,0,0,0,1,1,5,1,20,4,-1,-1,-1,-1,4,3,E01026609,0
Unvalidated,2024361463065,2024,361463065,2,9,0,9,5,1,0,1,0,0,0,0,3,1,5,2,57,9,-1,-1,-1,-1,6,3,E01026534,0
Unvalidated,2024361463349,2024,361463349,1,9,0,18,7,3,0,0,0,0,1,4,1,1,5,1,27,6,-1,-1,-1,-1,5,1,E01009712,0
Unvalidated,2024361463415,2024,361463415,1,9,0,18,3,7,0,0,0,0,0,0,1,1,6,2,33,6,-1,-1,-1,-1,8,3,E01033538,0
Unvalidated,2024361463415,2024,361463415,2,9,0,4,3,7,0,0,0,0,0,0,2,1,6,2,55,8,-1,-1,-1,-1,4,1,E01026794,0
Unvalidated,2024361463532,2024,361463532,1,9,0,1,6,2,0,0,0,0,0,0,2,1,5,1,76,11,-1,-1,-1,-1,5,3,E01026767,0
Unvalidated,2024361463578,2024,361463578,1,9,0,18,2,6,0,0,0,0,0,0,1,1,5,2,57,9,-1,-1,-1,-1,6,2,E01026449,0
Unvalidated,2024361463578,2024,361463578,2,9,0,18,2,8,0,0,0,0,0,0,2,1,5,2,39,7,-1,-1,-1,-1,9,1,E01026933,0
Unvalidated,2024361463578,2024,361463578,3,9,0,18,2,8,0,0,0,0,0,0,1,1,5,2,28,6,-1,-1,-1,-1,9,1,E01026933,0
Unvalidated,2024361463709,2024,361463709,1,9,0,18,5,1,0,0,0,0,0,0,1,1,6,1,43,7,-1,-1,-1,-1,4,3,E01026729,0
Unvalidated,2024361463709,2024,361463709,2,4,0,18,5,1,0,0,0,0,0,0,2,1,2,1,55,8,-1,-1,-1,-1,-1,-1,-1,0
Unvalidated,2024361463836,2024,361463836,1,9,0,18,-1,-1,0,1,0,0,0,0,4,1,5,2,80,11,-1,-1,-1,-1,6,2,E01026449,0
Unvalidated,2024361463844,2024,361463844,1,9,0,18,1,5,0,8,0,0,0,0,1,1,6,1,38,7,-1,-1,-1,-1,5,3,E01026783,0
Unvalidated,2024361463869,2024,361463869,1,9,-1,18,-1,-1,0,1,0,0,0,0,1,1,6,1,-1,-1,-1,-1,-1,-1,-1,-1,-1,0
Unvalidated,2024361463869,2024,361463869,2,9,0,3,-1,-1,0,1,0,0,0,0,2,1,2,1,39,7,-1,-1,-1,-1,8,1,E01026558,0
Unvalidated,2024361463901,2024,361463901,1,8,0,4,-1,-1,0,0,0,0,0,0,1,1,6,1,-1,-1,-1,-1,-1,-1,6,2,E01026778,0
Unvalidated,2024361463901,2024,361463901,2,9,0,3,-1,-1,0,0,0,0,0,0,2,1,5,2,62,9,-1,-1,-1,-1,7,3,E01026484,0
Unvalidated,2024361465008,2024,361465008,1,9,0,7,7,2,0,0,0,0,0,0,4,1,6,2,51,8,-1,-1,-1,-1,7,3,W01000057,0
Unvalidated,2024361465008,2024,361465008,2,90,0,18,7,3,0,0,0,0,0,0,1,1,5,2,18,4,-1,-1,-1,-1,9,1,E01026933,1
Unvalidated,2024361465400,2024,361465400,1,9,0,18,1,3,0,0,0,10,1,0,3,1,5,1,73,10,-1,-1,-1,-1,10,1,E01026543,0
Unvalidated,2024361465485,2024,361465485,1,9,0,18,2,6,0,0,0,0,0,0,1,1,6,1,33,6,-1,-1,-1,-1,8,2,E01026480,0
Unvalidated,2024361465485,2024,361465485,2,9,0,4,2,6,0,0,0,0,0,0,2,1,1,1,40,7,-1,-1,-1,-1,3,3,E01026495,0
Unvalidated,2024361465657,2024,361465657,1,11,0,4,6,2,2,0,0,0,0,0,4,1,1,1,45,7,-1,-1,-1,-1,4,1,E01026841,0
Unvalidated,2024361466257,2024,361466257,1,9,0,18,5,8,0,0,0,0,1,2,1,1,2,1,20,4,-1,-1,-1,-1,5,1,E01026583,0
Unvalidated,2024361466392,2024,361466392,1,9,0,4,0,0,0,2,0,0,0,0,4,1,6,1,75,10,-1,-1,-1,-1,4,3,E01026874,0
Unvalidated,2024361466392,2024,361466392,2,9,0,18,7,3,0,2,0,0,0,0,1,2,5,2,51,8,-1,-1,-1,-1,5,3,E01026878,0
Unvalidated,2024361467784,2024,361467784,1,9,0,4,4,8,0,0,0,4,0,0,1,1,5,2,64,9,-1,-1,-1,-1,4,2,E01026736,0
Unvalidated,2024361467784,2024,361467784,2,9,0,2,0,0,0,0,0,4,0,0,2,1,5,2,17,4,-1,-1,-1,-1,4,2,E01026736,0
Unvalidated,2024361467784,2024,361467784,3,19,0,4,0,0,0,0,0,0,0,0,1,1,1,1,26,6,-1,-1,-1,-1,5,3,E01026894,0
Unvalidated,2024361467852,2024,361467852,1,9,0,18,1,7,0,0,0,10,0,0,4,1,5,1,23,5,-1,-1,-1,-1,2,1,E01000076,0
Unvalidated,2024361467876,2024,361467876,1,9,0,18,5,1,0,8,5,0,0,0,1,1,6,1,62,9,-1,-1,-1,-1,3,2,E01026488,0
Unvalidated,2024361467876,2024,361467876,2,9,0,5,7,2,0,8,0,0,0,0,1,1,6,2,37,7,-1,-1,-1,-1,7,2,E01026489,0
Unvalidated,2024361468295,2024,361468295,1,9,0,18,7,3,0,0,1,0,1,9,3,1,1,2,43,7,-1,-1,-1,-1,8,1,E01026561,0
Unvalidated,2024361468295,2024,361468295,2,9,0,18,7,3,0,0,1,0,0,0,4,1,2,2,36,7,-1,-1,-1,-1,3,1,E01026632,0
Unvalidated,2024361468667,2024,361468667,1,9,0,18,1,2,0,8,0,0,0,0,1,1,5,2,22,5,-1,-1,-1,-1,5,1,E01026845,0
Unvalidated,2024361468667,2024,361468667,2,9,0,18,3,4,0,2,0,0,0,0,4,1,5,2,59,9,-1,-1,-1,-1,2,1,E01030079,0
Unvalidated,2024361469104,2024,361469104,1,9,0,18,7,3,0,1,0,0,0,0,1,1,5,1,24,5,-1,-1,-1,-1,5,3,E01026523,0
Unvalidated,2024361469104,2024,361469104,2,9,0,18,6,1,0,1,0,0,0,0,1,1,5,2,36,7,-1,-1,-1,-1,7,2,E01026502,0
Unvalidated,2024361469261,2024,361469261,1,9,0,18,6,2,0,2,0,0,0,0,3,1,6,3,30,6,-1,-1,-1,-1,-1,-1,-1,0
Unvalidated,2024361469261,2024,361469261,2,1,0,18,6,2,0,2,0,0,0,0,3,1,5,1,17,4,-1,-1,-1,-1,1,1,E01026624,0
Unvalidated,2024361469357,2024,361469357,1,9,0,18,5,1,0,4,1,0,3,0,4,1,6,1,80,11,-1,-1,-1,-1,4,1,E01026841,0
Unvalidated,2024361469357,2024,361469357,2,9,0,4,5,1,0,1,0,0,0,0,2,1,6,2,62,9,-1,-1,-1,-1,6,3,E01029881,0
Unvalidated,2024361469392,2024,361469392,1,9,0,9,5,1,0,8,0,0,0,0,3,1,5,2,69,10,-1,-1,-1,-1,3,1,E01026843,0
Unvalidated,2024361469392,2024,361469392,2,9,0,18,5,1,0,1,0,0,0,0,4,1,1,1,52,8,-1,-1,-1,-1,6,3,E01026479,0
Unvalidated,2024361469620,2024,361469620,1,3,0,18,3,7,0,2,2,0,0,0,1,1,2,1,37,7,-1,-1,-1,-1,1,1,E01026868,0
Unvalidated,2024361469731,2024,361469731,1,1,0,18,7,3,0,2,0,0,0,0,1,1,5,1,9,2,-1,-1,-1,-1,2,1,E01026820,0
Unvalidated,2024361469731,2024,361469731,2,11,0,18,5,1,0,2,0,0,0,0,4,1,1,1,55,8,-1,-1,-1,-1,10,1,E01026543,0
Unvalidated,2024361469793,2024,361469793,1,9,0,9,7,5,0,1,0,0,0,0,3,1,2,1,60,9,-1,-1,-1,-1,4,1,E01026618,0
Unvalidated,2024361469793,2024,361469793,2,9,0,18,2,7,0,1,1,0,0,0,3,1,5,1,43,7,-1,-1,-1,-1,9,1,E01026582,0
Unvalidated,2024361469822,2024,361469822,1,9,0,9,5,3,0,8,0,0,0,0,1,1,6,1,50,8,-1,-1,-1,-1,7,2,E01026932,0
Unvalidated,2024361469822,2024,361469822,2,9,0,18,7,3,0,8,0,0,0,0,3,1,6,1,43,7,-1,-1,-1,-1,3,1,E01026465,0
Unvalidated,2024361472375,2024,361472375,1,5,0,4,5,1,0,0,1,7,0,0,1,1,3,1,20,4,-1,-1,-1,-1,5,2,E01026768,0
Unvalidated,2024361473673,2024,361473673,1,9,0,9,5,3,0,1,5,0,7,1,3,1,5,1,30,6,-1,-1,-1,-1,1,1,E01026827,0
Unvalidated,2024361473673,2024,361473673,2,9,0,18,1,5,0,1,0,0,3,0,1,1,5,1,19,4,-1,-1,-1,-1,1,1,E01026867,0
Unvalidated,2024361474163,2024,361474163,1,9,0,18,1,5,0,8,0,0,0,0,4,1,1,1,63,9,-1,-1,-1,-1,9,3,E01026448,0
Unvalidated,2024361474163,2024,361474163,2,9,0,18,3,7,0,8,0,0,0,0,1,1,5,2,30,6,-1,-1,-1,-1,6,1,E01026922,0
Unvalidated,2024361474295,2024,361474295,1,9,0,18,1,6,0,2,0,0,4,0,3,1,2,2,23,5,-1,-1,-1,-1,4,1,E01026586,0
Unvalidated,2024361474295,2024,361474295,2,11,0,18,8,3,0,2,0,0,0,0,4,1,1,1,52,8,-1,-1,-1,-1,1,1,E01026598,0
Unvalidated,2024361475072,2024,361475072,1,9,0,9,6,4,0,8,0,0,0,0,4,1,6,1,40,7,-1,-1,-1,-1,1,1,E01026467,0
Unvalidated,2024361475072,2024,361475072,2,19,0,2,8,8,0,8,0,0,0,0,3,1,6,1,43,7,-1,-1,-1,-1,1,1,E01026467,0
Unvalidated,2024361476592,2024,361476592,1,3,0,18,5,7,0,4,1,0,0,0,1,1,5,1,21,5,-1,-1,-1,-1,4,3,E01026628,0
Unvalidated,2024361476592,2024,361476592,2,9,0,10,5,1,0,3,0,0,0,0,2,1,5,2,18,4,-1,-1,-1,-1,4,1,E01026884,0
Unvalidated,2024361476844,2024,361476844,1,97,0,18,1,5,0,0,0,0,0,0,1,1,5,1,28,6,-1,-1,-1,-1,2,2,E01026607,0
Unvalidated,2024361476844,2024,361476844,2,9,0,2,0,0,0,0,0,0,0,0,3,1,5,1,69,10,-1,-1,-1,-1,2,1,E01026796,0
Unvalidated,2024361477622,2024,361477622,1,9,0,15,8,4,9,0,0,0,0,0,4,1,5,2,36,7,-1,-1,-1,-1,1,1,E01026635,0
Unvalidated,2024361477629,2024,361477629,1,3,0,13,1,5,0,1,2,0,7,0,4,1,1,1,30,6,-1,-1,-1,-1,1,1,E01026798,0
Unvalidated,2024361477629,2024,361477629,2,11,0,9,1,7,0,1,0,0,0,0,0,1,1,1,54,8,-1,-1,-1,-1,1,1,E01026798,0
Unvalidated,2024361482546,2024,361482546,1,9,0,18,2,6,0,8,0,0,1,0,1,1,5,2,57,9,-1,-1,-1,-1,5,2,E01022014,0
Unvalidated,2024361490574,2024,361490574,1,5,0,18,3,7,0,0,1,0,0,0,4,1,5,1,56,9,-1,-1,-1,-1,5,2,E01033039,0
Unvalidated,2024361492800,2024,361492800,1,9,0,1,5,1,0,2,0,0,0,0,2,1,6,1,65,9,-1,-1,-1,-1,5,3,E01026935,0
Unvalidated,2024361498062,2024,361498062,1,2,0,18,3,7,0,0,1,0,0,0,4,1,5,1,16,4,-1,-1,-1,-1,4,1,E01026759,0