status,collision_index,collision_year,collision_reference,vehicle_reference,vehicle_type,towing_and_articulation,vehicle_manoeuvre,vehicle_direction_from,vehicle_direction_to,vehicle_location_restricted_lane,junction_location,skidding_and_overturning,hit_object_in_carriageway,vehicle_leaving_carriageway,hit_object_off_carriageway,first_point_of_impact,vehicle_left_hand_drive,journey_purpose_of_driver,sex_of_driver,age_of_driver,age_band_of_driver,engine_capacity_cc,propulsion_code,age_of_vehicle,generic_make_model,driver_imd_decile,driver_home_area_type,lsoa_of_driver,escooter_flag
Unvalidated,2024371393646,2024,371393646,1,9,0,18,6,2,0,0,0,0,1,0,0,1,2,1,18,4,-1,-1,-1,-1,8,2,E01033445,0
Unvalidated,2024371393666,2024,371393666,1,9,0,18,3,8,0,2,0,0,2,0,1,1,5,1,77,11,-1,-1,-1,-1,5,3,E01032526,0
Unvalidated,2024371393683,2024,371393683,1,9,0,18,6,2,0,0,0,0,7,4,1,1,2,1,37,7,-1,-1,-1,-1,4,2,E01029927,0
Unvalidated,2024371393813,2024,371393813,1,9,0,18,3,7,0,0,0,0,0,0,1,1,6,2,51,8,-1,-1,-1,-1,10,2,E01030172,0
Unvalidated,2024371393813,2024,371393813,2,9,0,18,7,3,0,0,0,0,0,0,2,1,1,2,40,7,-1,-1,-1,-1,10,2,E01030172,0
Unvalidated,2024371394294,2024,371394294,1,9,0,9,2,5,0,0,0,0,0,0,1,1,5,1,76,11,-1,-1,-1,-1,9,2,E01029893,0
Unvalidated,2024371394294,2024,371394294,2,9,0,18,7,4,0,0,0,0,0,0,1,1,6,2,56,9,-1,-1,-1,-1,7,3,E01021655,0
Unvalidated,2024371395276,2024,371395276,1,9,0,4,5,1,0,1,0,0,0,0,3,1,5,1,36,7,-1,-1,-1,-1,5,1,E01029961,0
Unvalidated,2024371395338,2024,371395338,1,9,0,18,8,4,0,0,0,0,0,0,1,1,6,2,29,6,-1,-1,-1,-1,4,1,E01030225,0
Unvalidated,2024371395338,2024,371395338,2,9,0,4,8,4,0,0,0,0,0,0,2,1,2,2,25,5,-1,-1,-1,-1,10,1,E01030292,0
Unvalidated,2024371395354,2024,371395354,1,19,0,-1,-1,-1,-1,0,-1,-1,-1,0,1,1,6,3,-1,-1,-1,-1,-1,-1,-1,-1,-1,0
Unvalidated,2024371395354,2024,371395354,2,9,0,4,-1,-1,0,0,0,0,0,0,2,1,5,2,70,10,-1,-1,-1,-1,6,3,E01030063,0
Unvalidated,2024371395358,2024,371395358,1,9,0,4,-1,-1,0,0,0,0,0,0,2,1,6,2,23,5,-1,-1,-1,-1,7,1,E01018243,0
Unvalidated,2024371395358,2024,371395358,2,9,0,4,-1,-1,1,0,0,0,0,0,2,1,2,1,61,9,-1,-1,-1,-1,8,3,E01030065,0
Unvalidated,2024371395664,2024,371395664,1,9,0,9,8,6,0,8,0,0,0,0,1,1,6,1,50,8,-1,-1,-1,-1,4,1,E01030028,0
Unvalidated,2024371395664,2024,371395664,2,3,0,18,4,8,0,8,0,0,0,0,1,1,6,1,28,6,-1,-1,-1,-1,1,1,E01033129,0
Unvalidated,2024371396515,2024,371396515,1,9,0,18,1,5,0,0,0,0,1,4,1,1,6,1,50,8,-1,-1,-1,-1,5,2,E01018049,0
Unvalidated,2024371396593,2024,371396593,1,5,0,18,3,7,0,1,1,0,0,0,4,1,2,1,67,10,-1,-1,-1,-1,4,1,E01030022,0
Unvalidated,2024371396953,2024,371396953,1,9,0,18,6,2,0,0,2,0,0,0,1,1,5,1,80,11,-1,-1,-1,-1,-1,-1,-1,0
Unvalidated,2024371397006,2024,371397006,1,9,0,18,4,7,0,0,2,0,7,0,3,1,5,1,18,4,-1,-1,-1,-1,9,3,E01018034,0
Unvalidated,2024371397027,2024,371397027,1,19,0,18,5,1,0,0,0,4,0,0,1,1,6,1,46,8,-1,-1,-1,-1,8,3,E01030042,0
Unvalidated,2024371397027,2024,371397027,2,9,4,2,0,0,0,0,0,0,0,0,3,1,6,3,-1,-1,-1,-1,-1,-1,-1,-1,-1,0
Unvalidated,2024371397290,2024,371397290,1,9,0,18,6,8,0,6,0,0,0,0,1,1,6,1,86,11,-1,-1,-1,-1,9,1,E01030107,0
Unvalidated,2024371397290,2024,371397290,2,9,0,18,4,8,0,8,0,0,0,0,4,1,2,2,48,8,-1,-1,-1,-1,4,1,E01030109,0
Unvalidated,2024371397398,2024,371397398,1,9,0,18,5,1,0,0,1,0,1,0,1,1,5,1,18,4,-1,-1,-1,-1,4,2,E01029927,0
Unvalidated,2024371397580,2024,371397580,1,9,0,9,5,3,0,0,0,0,0,0,4,1,2,1,28,6,-1,-1,-1,-1,5,1,E01030165,0
Unvalidated,2024371397580,2024,371397580,2,9,0,4,7,3,0,0,0,0,0,0,3,1,2,2,30,6,-1,-1,-1,-1,8,1,E01029909,0
Unvalidated,2024371397580,2024,371397580,3,9,0,18,3,7,0,0,0,0,0,0,1,1,6,1,61,9,-1,-1,-1,-1,3,1,E01029962,0
Unvalidated,2024371397694,2024,371397694,1,9,0,2,1,5,6,0,0,0,0,0,4,1,5,1,78,11,-1,-1,-1,-1,5,3,E01030229,0
Unvalidated,2024371397818,2024,371397818,1,9,0,18,7,4,0,0,0,0,0,0,1,1,6,1,49,8,-1,-1,-1,-1,4,1,E01033123,0
Unvalidated,2024371397857,2024,371397857,1,9,-1,-1,-1,-1,-1,0,-1,-1,-1,0,-1,1,6,3,-1,-1,-1,-1,-1,-1,-1,-1,-1,0
Unvalidated,2024371397857,2024,371397857,2,9,-1,-1,-1,-1,-1,0,-1,-1,-1,0,-1,1,5,2,23,5,-1,-1,-1,-1,-1,-1,-1,0
Unvalidated,2024371397865,2024,371397865,1,97,0,18,-1,-1,0,1,0,0,0,0,1,1,6,3,-1,-1,-1,-1,-1,-1,-1,-1,-1,0
Unvalidated,2024371397865,2024,371397865,2,9,0,3,-1,-1,0,1,0,0,0,0,2,1,2,1,63,9,-1,-1,-1,-1,1,1,E01030256,0
Unvalidated,2024371397876,2024,371397876,1,-1,0,-1,-1,-1,-1,0,-1,-1,-1,0,-1,1,6,2,35,6,-1,-1,-1,-1,2,1,E01029988,0
Unvalidated,2024371397881,2024,371397881,1,9,0,14,-1,-1,0,2,0,0,0,0,1,1,6,2,47,8,-1,-1,-1,-1,7,1,E01030155,0
Unvalidated,2024371397881,2024,371397881,2,9,0,10,7,5,0,1,0,0,0,0,3,1,5,1,40,7,-1,-1,-1,-1,6,2,E01030220,0
Unvalidated,2024371397929,2024,371397929,1,9,0,7,1,5,0,1,0,0,0,0,1,1,5,2,76,11,-1,-1,-1,-1,3,1,E01030010,0
Unvalidated,2024371398646,2024,371398646,1,9,0,18,7,3,0,0,0,0,0,0,1,1,6,1,38,7,-1,-1,-1,-1,3,1,E01030255,0
Unvalidated,2024371398646,2024,371398646,2,9,0,18,3,7,0,0,0,0,0,0,1,1,2,2,50,8,-1,-1,-1,-1,8,3,E01030293,0
Unvalidated,2024371398663,2024,371398663,1,8,0,4,-1,-1,-1,0,-1,-1,-1,0,-1,1,1,1,53,8,-1,-1,-1,-1,2,1,E01030029,0
Unvalidated,2024371398685,2024,371398685,1,9,0,5,2,2,0,0,0,0,0,0,1,1,3,2,38,7,-1,-1,-1,-1,2,1,E01029987,0
Unvalidated,2024371398685,2024,371398685,2,9,0,18,2,2,0,0,0,0,0,0,2,1,2,2,23,5,-1,-1,-1,-1,4,1,E01029970,0
Unvalidated,2024371398730,2024,371398730,1,9,0,17,2,7,0,0,1,0,1,3,1,1,2,1,44,7,-1,-1,-1,-1,5,3,E01030174,0
Unvalidated,2024371398891,2024,371398891,1,9,0,18,3,7,0,0,1,0,0,0,1,1,1,2,22,5,-1,-1,-1,-1,6,3,E01030120,0
Unvalidated,2024371398891,2024,371398891,2,9,0,18,7,3,0,0,0,0,1,0,1,1,1,2,27,6,-1,-1,-1,-1,5,1,E01030106,0
Unvalidated,2024371398928,2024,371398928,1,9,0,9,1,5,0,6,0,0,0,0,3,1,5,1,34,6,-1,-1,-1,-1,6,1,E01029956,0
Unvalidated,2024371399676,2024,371399676,1,9,0,10,7,3,0,6,0,0,0,0,3,1,6,2,83,11,-1,-1,-1,-1,6,2,E01030209,0
Unvalidated,2024371399676,2024,371399676,2,9,0,18,5,1,0,1,1,0,0,0,1,1,2,2,27,6,-1,-1,-1,-1,5,3,E01030222,0
Unvalidated,2024371399682,2024,371399682,1,9,0,18,0,0,0,0,2,0,7,9,1,1,5,1,35,6,-1,-1,-1,-1,1,1,E01033130,0
Unvalidated,2024371399794,2024,371399794,1,9,0,18,6,2,0,0,2,0,7,0,3,1,1,1,21,5,-1,-1,-1,-1,4,3,E01030208,0
Unvalidated,2024371399856,2024,371399856,1,9,0,3,1,5,0,1,1,0,0,0,4,1,1,1,23,5,-1,-1,-1,-1,5,3,E01030285,0
Unvalidated,2024371399856,2024,371399856,2,9,0,18,5,1,0,1,0,0,0,0,1,1,2,2,49,8,-1,-1,-1,-1,7,3,E01030186,0
Unvalidated,2024371399856,2024,371399856,3,19,0,10,1,5,0,1,0,0,0,0,1,1,1,1,51,8,-1,-1,-1,-1,2,1,E01030265,0
Unvalidated,2024371400156,2024,371400156,1,9,0,13,7,3,0,0,1,0,0,0,4,1,2,1,50,8,-1,-1,-1,-1,9,1,E01030196,0
Unvalidated,2024371400156,2024,371400156,2,9,0,18,7,3,0,0,0,0,0,0,3,1,5,2,61,9,-1,-1,-1,-1,8,1,E01030167,0
Unvalidated,2024371400156,2024,371400156,3,9,0,18,7,6,0,0,0,0,0,0,2,1,2,1,31,6,-1,-1,-1,-1,4,1,E01030161,0
Unvalidated,2024371400156,2024,371400156,4,9,0,18,7,6,0,0,0,0,0,0,1,1,2,1,24,5,-1,-1,-1,-1,8,2,E01030152,0
Unvalidated,2024371400156,2024,371400156,5,9,0,18,7,5,0,0,1,0,0,0,1,1,2,2,18,4,-1,-1,-1,-1,9,1,E01029967,0
Unvalidated,2024371400156,2024,371400156,6,21,1,18,7,4,0,0,0,0,0,0,3,1,1,1,34,6,-1,-1,-1,-1,3,1,E01030025,0
Unvalidated,2024371400577,2024,371400577,1,9,0,18,4,-1,0,8,0,0,0,0,1,1,6,1,-1,-1,-1,-1,-1,-1,-1,-1,-1,0
Unvalidated,2024371400577,2024,371400577,2,9,0,3,4,8,0,8,0,0,0,0,2,1,5,2,52,8,-1,-1,-1,-1,8,2,E01030047,0
Unvalidated,2024371400695,2024,371400695,1,9,0,18,-1,-1,0,3,0,0,0,0,3,1,6,1,30,6,-1,-1,-1,-1,-1,-1,-1,0
Unvalidated,2024371400695,2024,371400695,2,3,0,18,-1,-1,0,3,0,0,7,0,4,1,2,1,23,5,-1,-1,-1,-1,7,3,E01030051,0
Unvalidated,2024371400701,2024,371400701,1,9,0,5,-1,-1,0,4,0,0,0,0,1,1,2,1,65,9,-1,-1,-1,-1,8,2,E01030089,0
Unvalidated,2024371400701,2024,371400701,2,1,0,18,-1,-1,0,3,0,0,0,0,-1,1,6,2,-1,-1,-1,-1,-1,-1,-1,-1,-1,0
Unvalidated,2024371400722,2024,371400722,1,9,0,18,3,7,0,0,0,0,0,0,1,1,6,3,-1,-1,-1,-1,-1,-1,-1,-1,-1,0
Unvalidated,2024371400722,2024,371400722,2,9,0,8,3,4,0,0,0,0,0,0,2,1,5,2,19,4,-1,-1,-1,-1,5,3,E01030138,0
Unvalidated,2024371400727,2024,371400727,1,9,0,1,-1,-1,0,0,0,0,0,0,3,1,6,3,-1,-1,-1,-1,-1,-1,-1,-1,-1,0
Unvalidated,2024371400727,2024,371400727,2,3,0,18,-1,-1,0,0,0,0,0,0,1,1,1,1,48,8,-1,-1,-1,-1,1,1,E01029980,0
Unvalidated,2024371400736,2024,371400736,1,9,0,18,-1,-1,0,4,0,0,0,0,1,1,6,2,-1,-1,-1,-1,-1,-1,10,1,E01030011,0
Unvalidated,2024371400736,2024,371400736,2,1,0,7,-1,-1,0,3,0,0,0,0,4,1,2,2,28,6,-1,-1,-1,-1,9,1,E01030196,0
Unvalidated,2024371400805,2024,371400805,1,98,0,18,1,5,0,0,2,0,2,0,1,1,6,1,35,6,-1,-1,-1,-1,5,3,E01030219,0
Unvalidated,2024371401177,2024,371401177,1,97,0,18,4,8,0,1,1,10,0,0,1,1,5,1,17,4,-1,-1,-1,-1,2,1,E01030168,0
Unvalidated,2024371401294,2024,371401294,1,9,0,9,2,8,0,0,0,0,0,0,3,1,2,2,19,4,-1,-1,-1,-1,4,2,E01029892,0
Unvalidated,2024371401294,2024,371401294,2,20,0,18,1,5,0,0,0,0,0,0,1,1,2,1,46,8,-1,-1,-1,-1,1,1,E01030021,0
Unvalidated,2024371401835,2024,371401835,1,21,0,18,6,2,0,2,1,0,1,1,1,1,1,1,61,9,-1,-1,-1,-1,7,3,E01029911,0
Unvalidated,2024371402166,2024,371402166,1,9,0,18,7,6,0,0,0,0,0,0,1,1,5,1,27,6,-1,-1,-1,-1,10,1,E01030128,0
Unvalidated,2024371402166,2024,371402166,2,9,0,18,7,7,0,0,0,0,0,0,2,1,5,1,30,6,-1,-1,-1,-1,-1,-1,-1,0
Unvalidated,2024371402680,2024,371402680,1,9,-1,-1,-1,-1,-1,0,-1,-1,-1,0,-1,1,6,1,22,5,-1,-1,-1,-1,2,1,E01029984,0
Unvalidated,2024371402680,2024,371402680,2,90,-1,-1,-1,-1,-1,0,-1,-1,-1,0,-1,1,6,1,32,6,-1,-1,-1,-1,2,1,E01029987,0
Unvalidated,2024371402783,2024,371402783,1,9,-1,-1,-1,-1,-1,-1,-1,-1,-1,0,-1,1,5,2,37,7,-1,-1,-1,-1,5,2,E01022014,0
Unvalidated,2024371402783,2024,371402783,2,9,-1,-1,-1,-1,-1,-1,-1,-1,-1,0,-1,1,6,2,-1,-1,-1,-1,-1,-1,-1,-1,-1,0
Unvalidated,2024371402812,2024,371402812,1,19,-1,18,1,5,0,2,0,0,0,0,4,1,6,3,-1,-1,-1,-1,-1,-1,-1,-1,-1,0
Unvalidated,2024371403115,2024,371403115,1,9,0,18,3,7,0,0,2,0,1,0,4,1,6,1,20,4,-1,-1,-1,-1,6,3,E01030053,0
Unvalidated,2024371403161,2024,371403161,1,97,0,4,-1,-1,0,1,0,0,0,0,1,1,6,2,38,7,-1,-1,-1,-1,1,1,E01030035,0
Unvalidated,2024371403161,2024,371403161,2,9,0,4,-1,-1,0,1,0,0,0,0,2,1,5,2,30,6,-1,-1,-1,-1,6,2,E01030081,0
Unvalidated,2024371403173,2024,371403173,1,9,0,18,7,1,0,1,0,0,0,0,1,1,2,1,19,4,-1,-1,-1,-1,6,2,E01021980,0
Unvalidated,2024371403173,2024,371403173,2,9,0,4,7,1,0,1,0,0,0,0,2,1,6,2,34,6,-1,-1,-1,-1,2,1,E01030032,0
Unvalidated,2024371403365,2024,371403365,1,9,0,18,7,3,0,0,0,0,0,0,1,1,2,1,55,8,-1,-1,-1,-1,5,1,E01030226,0
Unvalidated,2024371403365,2024,371403365,2,9,0,18,3,7,0,0,0,0,1,0,1,1,6,2,48,8,-1,-1,-1,-1,1,1,E01030261,0
Unvalidated,2024371403717,2024,371403717,1,9,0,18,7,3,0,0,0,0,0,0,1,1,5,1,42,7,-1,-1,-1,-1,7,3,E01029911,0
Unvalidated,2024371403717,2024,371403717,2,9,0,3,1,1,0,0,0,0,0,0,2,1,5,2,57,9,-1,-1,-1,-1,7,3,E01030049,0
Unvalidated,2024371403760,2024,371403760,1,-1,-1,-1,-1,-1,-1,-1,-1,-1,-1,0,-1,1,6,3,-1,-1,-1,-1,-1,-1,-1,-1,-1,0
Unvalidated,2024371403760,2024,371403760,2,3,-1,-1,-1,-1,-1,-1,-1,-1,-1,0,-1,1,5,1,17,4,-1,-1,-1,-1,-1,-1,-1,0
Unvalidated,2024371403850,2024,371403850,1,98,-1,-1,-1,-1,-1,0,-1,-1,-1,0,-1,1,6,3,-1,-1,-1,-1,-1,-1,-1,-1,-1,0
Unvalidated,2024371403850,2024,371403850,2,22,0,18,1,5,9,0,1,0,0,0,1,1,6,1,-1,-1,-1,-1,-1,-1,8,1,E01030237,0
Unvalidated,2024371403915,2024,371403915,1,9,0,18,2,2,9,0,0,0,7,10,1,1,6,1,80,11,-1,-1,-1,-1,5,1,E01030272,0
Unvalidated,2024371404050,2024,371404050,1,97,0,13,7,4,0,1,0,0,0,0,2,1,6,1,21,5,-1,-1,-1,-1,3,3,E01026717,0
Unvalidated,2024371404050,2024,371404050,2,19,0,9,2,5,0,1,0,0,1,0,4,1,2,1,40,7,-1,-1,-1,-1,6,2,E01029930,0
Unvalidated,2024371404155,2024,371404155,1,9,0,18,1,6,0,0,0,0,0,0,4,1,6,1,74,10,-1,-1,-1,-1,4,1,E01030236,0
Unvalidated,2024371404178,2024,371404178,1,9,0,18,8,2,0,0,0,0,0,0,0,1,5,1,52,8,-1,-1,-1,-1,7,3,E01029898,0
Unvalidated,2024371404178,2024,371404178,2,9,0,18,2,8,0,0,0,0,0,0,1,1,5,2,34,6,-1,-1,-1,-1,6,2,E01029880,0
Unvalidated,2024371404282,2024,371404282,1,9,0,18,5,1,0,0,0,0,0,0,2,1,1,2,44,7,-1,-1,-1,-1,8,1,E01030294,0
Unvalidated,2024371404355,2024,371404355,1,9,0,18,3,7,0,1,0,0,0,0,3,1,2,1,57,9,-1,-1,-1,-1,8,1,E01033044,0
Unvalidated,2024371404355,2024,371404355,2,9,0,18,7,3,0,1,0,0,0,0,1,1,1,1,37,7,-1,-1,-1,-1,10,2,E01030050,0
Unvalidated,2024371404376,2024,371404376,1,98,0,5,5,1,9,0,0,0,0,0,-1,1,1,1,62,9,-1,-1,-1,-1,7,3,E01030069,0
Unvalidated,2024371404466,2024,371404466,1,97,0,9,7,4,0,1,0,0,0,0,1,1,2,1,18,4,-1,-1,-1,-1,2,1,E01033122,0
Unvalidated,2024371404466,2024,371404466,2,9,0,18,3,7,0,1,0,0,0,0,3,1,2,1,57,9,-1,-1,-1,-1,4,1,E01033123,0
Unvalidated,2024371404665,2024,371404665,1,9,0,-1,-1,-1,-1,-1,-1,-1,-1,0,-1,1,6,3,-1,-1,-1,-1,-1,-1,-1,-1,-1,0
Unvalidated,2024371404665,2024,371404665,2,1,0,18,2,6,0,2,0,4,0,0,-1,1,5,1,17,4,-1,-1,-1,-1,4,1,E01029970,0
Unvalidated,2024371404856,2024,371404856,1,9,0,18,3,7,0,2,0,0,0,0,1,1,6,1,24,5,-1,-1,-1,-1,-1,-1,-1,0
Unvalidated,2024371404856,2024,371404856,2,9,0,18,7,3,0,1,0,0,0,0,1,1,1,1,60,9,-1,-1,-1,-1,2,1,E01030248,0
Unvalidated,2024371405056,2024,371405056,1,9,0,18,6,2,0,0,1,0,8,0,3,1,6,1,44,7,-1,-1,-1,-1,9,1,E01030148,0
Unvalidated,2024371405268,2024,371405268,1,9,-1,-1,-1,-1,-1,0,-1,-1,-1,0,-1,1,6,3,-1,-1,-1,-1,-1,-1,-1,-1,-1,0
Unvalidated,2024371405268,2024,371405268,2,9,-1,-1,-1,-1,-1,0,-1,-1,-1,0,-1,1,5,2,37,7,-1,-1,-1,-1,7,3,E01029899,0
Unvalidated,2024371405287,2024,371405287,1,9,0,9,7,8,0,8,0,0,0,0,1,1,5,1,79,11,-1,-1,-1,-1,1,1,E01030021,0
Unvalidated,2024371405287,2024,371405287,2,9,0,7,3,6,0,8,0,0,0,0,3,1,5,2,51,8,-1,-1,-1,-1,2,1,E01029987,0
Unvalidated,2024371405294,2024,371405294,1,9,0,18,2,2,0,8,0,0,0,0,1,1,1,2,66,10,-1,-1,-1,-1,2,1,E01029984,0
Unvalidated,2024371405294,2024,371405294,2,9,0,9,2,8,0,5,0,0,0,0,1,1,1,2,33,6,-1,-1,-1,-1,4,1,E01026884,0
Unvalidated,2024371405446,2024,371405446,1,98,1,18,7,3,0,0,0,0,0,0,1,1,1,1,35,6,-1,-1,-1,-1,8,2,E01030047,0
Unvalidated,2024371405446,2024,371405446,2,98,1,18,7,3,0,0,0,0,0,0,2,1,1,1,51,8,-1,-1,-1,-1,4,1,E01022012,0
Unvalidated,2024371405446,2024,371405446,3,9,0,18,7,3,0,0,0,0,0,0,1,1,1,2,45,7,-1,-1,-1,-1,1,1,E01033130,0
Unvalidated,2024371405510,2024,371405510,1,9,0,9,7,4,0,2,0,0,0,0,1,1,2,1,36,7,-1,-1,-1,-1,10,1,E01030206,0
Unvalidated,2024371405510,2024,371405510,2,9,0,18,2,7,0,8,0,0,0,0,1,1,6,1,30,6,-1,-1,-1,-1,8,1,E01030004,0
Unvalidated,2024371405675,2024,371405675,1,9,0,5,4,8,0,7,0,0,0,0,1,1,6,1,34,6,-1,-1,-1,-1,2,1,E01002493,0
Unvalidated,2024371405675,2024,371405675,2,9,0,3,4,8,0,2,0,0,0,0,2,1,1,1,20,4,-1,-1,-1,-1,5,1,E01021647,0
Unvalidated,2024371405744,2024,371405744,1,9,0,18,3,7,0,0,5,0,7,0,1,1,5,2,24,5,-1,-1,-1,-1,1,1,E01021968,0
Unvalidated,2024371405784,2024,371405784,1,9,0,18,1,5,0,0,0,0,1,4,3,1,6,1,18,4,-1,-1,-1,-1,7,3,E01030096,0
Unvalidated,2024371405836,2024,371405836,1,9,0,18,-1,-1,0,1,0,0,0,0,1,1,5,2,43,7,-1,-1,-1,-1,4,1,E01030022,0
Unvalidated,2024371405836,2024,371405836,2,8,0,3,-1,-1,0,1,0,0,0,0,2,1,1,1,54,8,-1,-1,-1,-1,3,1,E01029962,0
Unvalidated,2024371406191,2024,371406191,1,9,0,18,3,3,0,4,0,0,0,0,3,1,5,2,54,8,-1,-1,-1,-1,2,1,E01029971,0
Unvalidated,2024371406191,2024,371406191,2,9,0,9,7,5,0,3,0,0,0,0,4,1,5,2,25,5,-1,-1,-1,-1,6,1,E01030005,0
Unvalidated,2024371406198,2024,371406198,1,9,0,13,4,8,0,1,0,0,7,0,1,1,6,1,44,7,-1,-1,-1,-1,8,2,E01033445,0
Unvalidated,2024371406198,2024,371406198,2,9,0,18,4,8,0,1,0,0,0,0,3,1,6,1,38,7,-1,-1,-1,-1,6,3,E01030154,0
Unvalidated,2024371406292,2024,371406292,1,9,0,10,2,4,0,2,0,0,0,0,3,1,6,1,39,7,-1,-1,-1,-1,2,1,E01030289,0
Unvalidated,2024371406292,2024,371406292,2,97,0,18,2,6,0,1,1,0,0,0,1,1,1,1,30,6,-1,-1,-1,-1,1,1,E01030250,0
Unvalidated,2024371406334,2024,371406334,1,9,0,9,4,3,0,1,1,0,0,0,1,1,6,2,33,6,-1,-1,-1,-1,5,1,E01030226,0
Unvalidated,2024371406341,2024,371406341,1,9,0,9,6,2,0,1,0,0,0,0,1,1,6,1,40,7,-1,-1,-1,-1,4,1,E01001463,0
Unvalidated,2024371406341,2024,371406341,2,3,0,18,2,6,0,1,0,0,0,0,1,1,6,1,60,9,-1,-1,-1,-1,6,1,E01030002,0
Unvalidated,2024371406379,2024,371406379,1,9,0,18,4,8,0,0,5,0,0,0,1,1,5,1,27,6,-1,-1,-1,-1,5,2,E01030188,0
Unvalidated,2024371406765,2024,371406765,1,9,0,18,2,8,0,8,0,0,0,0,3,1,6,1,51,8,-1,-1,-1,-1,5,2,E01029884,0
Unvalidated,2024371406765,2024,371406765,2,1,0,18,8,4,0,8,0,0,0,0,2,1,2,2,48,8,-1,-1,-1,-1,6,1,E01029915,0
Unvalidated,2024371406844,2024,371406844,1,9,0,7,3,7,0,5,0,0,0,0,4,1,5,2,26,6,-1,-1,-1,-1,3,1,E01026601,0
Unvalidated,2024371406844,2024,371406844,2,1,0,18,5,1,5,8,0,0,0,0,4,1,6,1,53,8,-1,-1,-1,-1,1,1,E01030258,0
Unvalidated,2024371406904,2024,371406904,1,9,0,18,5,1,0,0,0,0,0,0,1,1,2,2,29,6,-1,-1,-1,-1,2,1,E01029996,0
Unvalidated,2024371407080,2024,371407080,1,9,0,9,3,1,0,5,0,0,0,0,1,1,6,2,34,6,-1,-1,-1,-1,6,3,E01030221,0
Unvalidated,2024371407080,2024,371407080,2,9,0,8,1,3,0,1,0,0,0,0,4,1,2,2,23,5,-1,-1,-1,-1,5,2,E01030210,0
Unvalidated,2024371407091,2024,371407091,1,9,0,18,8,3,0,0,0,0,0,0,1,1,6,1,17,4,-1,-1,-1,-1,5,1,E01030027,0
Unvalidated,2024371407091,2024,371407091,2,9,0,3,2,4,0,0,0,0,0,0,2,1,6,2,28,6,-1,-1,-1,-1,8,1,E01029890,0
Unvalidated,2024371407127,2024,371407127,1,-1,-1,18,2,6,9,0,0,0,0,0,-1,1,6,3,-1,-1,-1,-1,-1,-1,-1,-1,-1,0
Unvalidated,2024371407204,2024,371407204,1,9,0,18,5,1,0,0,0,4,0,0,1,1,2,1,59,9,-1,-1,-1,-1,5,3,E01026894,0
Unvalidated,2024371407204,2024,371407204,2,9,0,2,5,1,0,0,0,0,0,0,2,1,2,2,18,4,-1,-1,-1,-1,4,3,E01026695,0
Unvalidated,2024371407261,2024,371407261,1,97,0,18,7,3,0,0,0,0,0,0,1,1,5,1,17,4,-1,-1,-1,-1,6,3,E01030037,0
Unvalidated,2024371407261,2024,371407261,2,11,0,18,3,7,0,0,0,0,0,0,0,1,1,1,63,9,-1,-1,-1,-1,2,1,E01030029,0
Unvalidated,2024371407443,2024,371407443,1,11,0,18,2,6,0,0,0,0,0,0,1,1,1,1,37,7,-1,-1,-1,-1,1,1,E01030021,0
Unvalidated,2024371407794,2024,371407794,1,9,0,18,6,2,0,0,1,0,0,0,1,1,5,2,25,5,-1,-1,-1,-1,5,2,E01026902,0
Unvalidated,2024371407794,2024,371407794,2,9,0,18,4,6,0,0,0,0,0,0,1,1,5,1,68,10,-1,-1,-1,-1,4,1,E01004124,0
Unvalidated,2024371408557,2024,371408557,1,9,0,9,3,1,0,8,0,0,0,0,3,1,6,1,45,7,-1,-1,-1,-1,9,1,E01029967,0
Unvalidated,2024371408557,2024,371408557,2,9,0,18,1,5,0,1,0,0,0,0,1,1,6,2,40,7,-1,-1,-1,-1,-1,-1,-1,0
Unvalidated,2024371408644,2024,371408644,1,9,0,18,7,3,0,1,0,0,0,0,1,1,6,1,37,7,-1,-1,-1,-1,5,1,E01030105,0
Unvalidated,2024371408644,2024,371408644,2,9,0,10,7,3,0,1,0,0,0,0,2,1,6,1,53,8,-1,-1,-1,-1,8,2,E01030122,0
Unvalidated,2024371408644,2024,371408644,3,9,0,3,7,3,0,1,0,0,0,0,2,1,6,2,46,8,-1,-1,-1,-1,5,1,E01030106,0
Unvalidated,2024371408876,2024,371408876,1,9,0,18,7,3,0,0,0,0,0,0,1,1,1,2,35,6,-1,-1,-1,-1,2,1,E01029988,0
Unvalidated,2024371408876,2024,371408876,2,9,0,4,7,3,0,0,0,0,0,0,2,1,5,1,47,8,-1,-1,-1,-1,4,2,E01029892,0
Unvalidated,2024371408955,2024,371408955,1,-1,-1,18,3,7,0,2,0,0,0,0,-1,1,6,3,-1,-1,-1,-1,-1,-1,-1,-1,-1,0
Unvalidated,2024371408962,2024,371408962,1,21,1,18,8,4,0,0,1,0,0,0,1,1,1,1,62,9,-1,-1,-1,-1,7,1,E01017437,0
Unvalidated,2024371408962,2024,371408962,2,9,0,18,8,4,0,0,1,0,0,0,4,1,5,2,44,7,-1,-1,-1,-1,6,3,E01021917,0
Unvalidated,2024371409001,2024,371409001,1,9,0,18,1,5,0,0,0,0,0,0,1,1,6,2,22,5,-1,-1,-1,-1,2,1,E01030289,0
Unvalidated,2024371409001,2024,371409001,2,9,0,18,5,1,0,0,0,0,0,0,1,1,6,2,26,6,-1,-1,-1,-1,1,1,E01026620,0