status,collision_index,collision_year,collision_reference,vehicle_reference,vehicle_type,towing_and_articulation,vehicle_manoeuvre,vehicle_direction_from,vehicle_direction_to,vehicle_location_restricted_lane,junction_location,skidding_and_overturning,hit_object_in_carriageway,vehicle_leaving_carriageway,hit_object_off_carriageway,first_point_of_impact,vehicle_left_hand_drive,journey_purpose_of_driver,sex_of_driver,age_of_driver,age_band_of_driver,engine_capacity_cc,propulsion_code,age_of_vehicle,generic_make_model,driver_imd_decile,driver_home_area_type,lsoa_of_driver,escooter_flag
Unvalidated,2024371409076,2024,371409076,1,9,-1,5,-1,1,0,2,0,0,0,0,-1,1,6,1,68,10,-1,-1,-1,-1,5,1,E01030215,0
Unvalidated,2024371409076,2024,371409076,2,1,-1,18,-1,-1,0,3,0,0,0,0,-1,1,6,1,29,6,-1,-1,-1,-1,4,1,E01030169,0
Unvalidated,2024371409441,2024,371409441,1,9,0,18,7,3,0,0,0,0,0,0,1,1,6,1,30,6,-1,-1,-1,-1,2,1,E01030023,0
Unvalidated,2024371409441,2024,371409441,2,9,0,4,7,3,0,0,0,0,0,0,2,1,1,1,38,7,-1,-1,-1,-1,2,1,E01029996,0
Unvalidated,2024371409469,2024,371409469,1,9,0,5,1,5,0,4,0,0,0,0,1,1,5,2,37,7,-1,-1,-1,-1,9,1,E01032611,0
Unvalidated,2024371409521,2024,371409521,1,9,0,18,1,5,0,1,0,0,0,0,1,1,6,1,26,6,-1,-1,-1,-1,1,1,E01030018,0
Unvalidated,2024371409562,2024,371409562,1,9,0,9,3,1,0,6,0,0,0,0,3,1,2,1,48,8,-1,-1,-1,-1,5,1,E01029958,0
Unvalidated,2024371409562,2024,371409562,2,1,0,9,1,7,0,8,5,0,0,0,2,1,6,1,18,4,-1,-1,-1,-1,2,1,E01030024,0
Unvalidated,2024371409878,2024,371409878,1,9,0,9,2,7,0,8,0,0,0,0,1,1,2,2,57,9,-1,-1,-1,-1,5,3,E01033446,0
Unvalidated,2024371409878,2024,371409878,2,9,0,18,7,3,0,8,0,0,0,0,1,1,2,2,39,7,-1,-1,-1,-1,9,3,E01030193,0
Unvalidated,2024371410474,2024,371410474,1,9,0,9,3,4,6,0,0,0,1,9,4,1,5,2,40,7,-1,-1,-1,-1,5,3,E01032526,0
Unvalidated,2024371410474,2024,371410474,2,21,1,18,1,5,0,0,0,0,0,0,4,1,1,1,53,8,-1,-1,-1,-1,4,1,E01031008,0
Unvalidated,2024371410685,2024,371410685,1,98,1,18,3,7,0,0,0,0,0,0,3,1,1,1,38,7,-1,-1,-1,-1,1,1,E01030279,0
Unvalidated,2024371410685,2024,371410685,2,9,0,18,1,7,0,0,1,0,7,6,3,1,6,2,24,5,-1,-1,-1,-1,9,1,E01029939,0
Unvalidated,2024371410716,2024,371410716,1,9,0,9,7,3,0,1,0,0,0,0,1,1,6,2,74,10,-1,-1,-1,-1,7,1,E01029974,0
Unvalidated,2024371410716,2024,371410716,2,9,0,9,7,3,0,1,0,0,0,0,1,1,6,2,45,7,-1,-1,-1,-1,7,1,E01029974,0
Unvalidated,2024371410716,2024,371410716,3,9,0,2,0,0,0,1,0,0,0,0,0,1,6,3,-1,-1,-1,-1,-1,-1,-1,-1,-1,0
Unvalidated,2024371410735,2024,371410735,1,9,0,5,7,2,0,2,0,0,0,0,3,1,5,2,21,5,-1,-1,-1,-1,5,1,E01030290,0
Unvalidated,2024371410735,2024,371410735,2,1,0,18,4,8,0,1,1,0,0,0,0,1,5,1,49,8,-1,-1,-1,-1,6,1,E01030275,0
Unvalidated,2024371410799,2024,371410799,1,9,0,18,7,3,0,0,0,0,0,0,4,1,5,2,18,4,-1,-1,-1,-1,4,2,E01024771,0
Unvalidated,2024371410907,2024,371410907,1,9,0,18,5,1,0,1,0,0,0,0,4,1,6,1,53,8,-1,-1,-1,-1,4,2,E01030244,0
Unvalidated,2024371410907,2024,371410907,2,9,0,18,5,1,0,1,0,0,0,0,0,1,6,3,-1,-1,-1,-1,-1,-1,-1,-1,-1,0
Unvalidated,2024371410907,2024,371410907,3,9,0,4,5,1,0,1,0,0,0,0,3,1,5,2,56,9,-1,-1,-1,-1,4,3,E01030295,0
Unvalidated,2024371410914,2024,371410914,1,21,0,18,7,3,0,0,0,0,0,0,0,1,6,1,-1,-1,-1,-1,-1,-1,-1,-1,-1,0
Unvalidated,2024371410914,2024,371410914,2,9,0,18,7,3,0,0,1,0,7,0,1,1,2,1,33,6,-1,-1,-1,-1,5,3,E01026523,0
Unvalidated,2024371410922,2024,371410922,1,98,0,7,7,1,0,8,0,0,0,0,2,1,6,3,-1,-1,-1,-1,-1,-1,-1,-1,-1,0
Unvalidated,2024371410922,2024,371410922,2,9,0,10,7,5,0,1,1,0,0,0,2,1,5,2,45,7,-1,-1,-1,-1,6,1,E01033317,0
Unvalidated,2024371411168,2024,371411168,1,9,0,14,-1,-1,0,2,0,0,0,0,3,1,6,2,70,10,-1,-1,-1,-1,5,3,E01030219,0
Unvalidated,2024371411168,2024,371411168,2,9,0,2,0,0,0,-1,0,0,0,0,3,1,5,2,38,7,-1,-1,-1,-1,8,3,E01030152,0
Unvalidated,2024371411169,2024,371411169,1,19,0,5,-1,-1,0,4,0,0,0,0,1,1,6,1,30,6,-1,-1,-1,-1,6,2,E01030081,0
Unvalidated,2024371411169,2024,371411169,2,9,0,18,-1,-1,0,3,0,0,0,0,4,1,5,2,58,9,-1,-1,-1,-1,7,3,E01030038,0
Unvalidated,2024371411234,2024,371411234,1,9,0,5,2,6,0,0,0,0,0,0,3,1,1,1,71,10,-1,-1,-1,-1,5,3,E01033446,0
Unvalidated,2024371411234,2024,371411234,2,5,0,18,8,4,0,0,0,0,0,0,1,1,6,1,38,7,-1,-1,-1,-1,7,3,E01030082,0
Unvalidated,2024371411380,2024,371411380,1,9,0,9,7,4,0,1,0,0,0,0,4,1,5,1,75,10,-1,-1,-1,-1,6,1,E01030003,0
Unvalidated,2024371411380,2024,371411380,2,9,0,18,1,3,0,1,0,0,0,0,1,1,5,1,20,4,-1,-1,-1,-1,8,1,E01029909,0
Unvalidated,2024371411452,2024,371411452,1,9,0,18,5,1,0,2,0,0,0,0,0,1,6,2,27,6,-1,-1,-1,-1,6,3,E01022096,0
Unvalidated,2024371411459,2024,371411459,1,98,0,18,3,7,0,1,0,0,3,0,1,1,1,1,22,5,-1,-1,-1,-1,-1,-1,-1,0
Unvalidated,2024371411459,2024,371411459,2,9,0,18,1,7,0,1,0,0,0,0,3,1,5,1,50,8,-1,-1,-1,-1,2,1,E01030023,0
Unvalidated,2024371411483,2024,371411483,1,9,0,18,5,1,0,0,0,0,0,0,3,1,2,2,32,6,-1,-1,-1,-1,6,3,E01029881,0
Unvalidated,2024371411483,2024,371411483,2,9,0,18,1,5,0,0,0,0,0,0,3,1,1,1,26,6,-1,-1,-1,-1,6,3,E01029907,0
Unvalidated,2024371411564,2024,371411564,1,9,0,18,7,2,0,0,1,0,1,0,4,1,2,2,19,4,-1,-1,-1,-1,6,1,E01029891,0
Unvalidated,2024371411590,2024,371411590,1,9,0,1,7,3,0,0,0,0,0,0,2,1,5,2,39,7,-1,-1,-1,-1,6,1,E01032525,0
Unvalidated,2024371411590,2024,371411590,2,9,0,2,0,0,0,0,0,0,0,0,4,1,5,2,31,6,-1,-1,-1,-1,6,1,E01032525,0
Unvalidated,2024371411630,2024,371411630,1,9,0,18,5,7,0,0,0,0,0,0,1,1,5,1,35,6,-1,-1,-1,-1,1,1,E01030256,0
Unvalidated,2024371412111,2024,371412111,1,9,0,7,1,4,0,6,0,0,0,0,1,1,5,1,22,5,-1,-1,-1,-1,4,1,E01029978,0
Unvalidated,2024371412111,2024,371412111,2,1,0,18,7,4,0,2,0,0,0,0,4,1,2,1,57,9,-1,-1,-1,-1,4,1,E01033128,0
Unvalidated,2024371412350,2024,371412350,1,9,0,5,5,1,0,0,0,0,0,0,3,1,5,2,58,9,-1,-1,-1,-1,5,3,E01030058,0
Unvalidated,2024371412350,2024,371412350,2,98,1,18,7,3,0,0,0,0,0,0,3,1,1,1,51,8,-1,-1,-1,-1,6,3,E01026494,0
Unvalidated,2024371412386,2024,371412386,1,9,0,5,8,4,0,4,0,0,0,0,1,1,5,1,34,6,-1,-1,-1,-1,2,1,E01030032,0
Unvalidated,2024371412386,2024,371412386,2,9,0,18,5,2,0,8,0,0,0,0,4,1,5,2,31,6,-1,-1,-1,-1,6,1,E01030003,0
Unvalidated,2024371412493,2024,371412493,1,9,0,18,7,3,0,0,1,0,0,0,1,1,5,1,35,6,-1,-1,-1,-1,-1,-1,-1,0
Unvalidated,2024371412493,2024,371412493,2,19,0,18,3,7,0,0,0,0,0,0,3,1,6,1,47,8,-1,-1,-1,-1,8,2,E01030145,0
Unvalidated,2024371412527,2024,371412527,1,9,0,18,4,8,0,1,0,0,0,0,3,1,2,1,64,9,-1,-1,-1,-1,8,1,E01021690,0
Unvalidated,2024371412527,2024,371412527,2,9,0,18,6,2,0,1,0,0,0,0,1,1,2,2,45,7,-1,-1,-1,-1,8,2,E01018129,0
Unvalidated,2024371412527,2024,371412527,3,9,0,18,2,6,0,1,0,0,0,0,1,1,5,1,28,6,-1,-1,-1,-1,6,1,E01032523,0
Unvalidated,2024371412527,2024,371412527,4,98,0,18,6,2,0,1,0,0,0,0,2,1,1,1,55,8,-1,-1,-1,-1,7,2,E01029896,0
Unvalidated,2024371412533,2024,371412533,1,3,0,18,5,1,0,0,0,0,0,0,1,1,6,1,17,4,-1,-1,-1,-1,4,1,E01030276,0
Unvalidated,2024371412533,2024,371412533,2,9,0,1,7,4,0,0,0,0,0,0,4,1,1,1,65,9,-1,-1,-1,-1,5,2,E01030252,0
Unvalidated,2024371412754,2024,371412754,1,9,0,9,6,4,0,2,0,0,0,0,3,1,2,2,57,9,-1,-1,-1,-1,6,3,E01030040,0
Unvalidated,2024371412754,2024,371412754,2,98,0,18,4,8,0,8,0,0,0,0,1,1,1,1,25,5,-1,-1,-1,-1,2,1,E01033125,0
Unvalidated,2024371412808,2024,371412808,1,9,0,18,8,4,0,0,0,0,0,0,1,1,6,1,19,4,-1,-1,-1,-1,2,1,E01004365,0
Unvalidated,2024371412808,2024,371412808,2,9,0,18,8,4,0,0,0,0,0,0,1,1,1,1,52,8,-1,-1,-1,-1,5,1,E01030093,0
Unvalidated,2024371412808,2024,371412808,3,9,0,4,8,4,0,0,0,0,0,0,3,1,6,1,19,4,-1,-1,-1,-1,7,1,E01030117,0
Unvalidated,2024371412976,2024,371412976,1,9,0,18,7,3,0,0,1,0,7,3,1,1,5,1,83,11,-1,-1,-1,-1,9,1,E01030107,0
Unvalidated,2024371413371,2024,371413371,1,9,-1,-1,-1,-1,-1,0,-1,-1,-1,0,-1,1,6,1,39,7,-1,-1,-1,-1,2,1,E01030032,0
Unvalidated,2024371413371,2024,371413371,2,5,-1,-1,-1,-1,-1,0,-1,-1,-1,0,-1,1,2,1,37,7,-1,-1,-1,-1,9,3,E01030193,0
Unvalidated,2024371413645,2024,371413645,1,9,0,18,7,4,0,0,2,0,2,0,1,1,5,1,63,9,-1,-1,-1,-1,-1,-1,-1,0
Unvalidated,2024371413705,2024,371413705,1,9,0,18,1,5,0,0,2,0,1,0,4,1,6,2,33,6,-1,-1,-1,-1,1,1,E01030261,0
Unvalidated,2024371413776,2024,371413776,1,9,0,18,3,7,0,4,0,0,0,0,1,1,5,2,18,4,-1,-1,-1,-1,4,1,E01030113,0
Unvalidated,2024371413776,2024,371413776,2,9,0,9,7,5,0,3,0,0,0,0,4,1,5,1,22,5,-1,-1,-1,-1,5,1,E01030105,0
Unvalidated,2024371413808,2024,371413808,1,9,0,18,3,7,9,0,1,0,0,0,1,1,1,1,19,4,-1,-1,-1,-1,6,2,E01030044,0
Unvalidated,2024371413953,2024,371413953,1,9,0,18,1,1,0,1,0,10,8,0,1,1,6,1,57,9,-1,-1,-1,-1,6,3,E01030090,0
Unvalidated,2024371413953,2024,371413953,2,9,0,18,5,5,0,2,0,0,0,0,4,1,6,2,42,7,-1,-1,-1,-1,-1,-1,-1,0
Unvalidated,2024371414143,2024,371414143,1,9,0,18,1,5,0,0,0,0,0,0,1,1,6,2,61,9,-1,-1,-1,-1,5,3,E01030222,0
Unvalidated,2024371414143,2024,371414143,2,9,0,18,5,1,0,0,0,0,0,0,3,1,6,1,73,10,-1,-1,-1,-1,-1,-1,-1,0
Unvalidated,2024371414167,2024,371414167,1,9,0,18,7,3,0,0,0,0,1,4,1,1,2,1,21,5,-1,-1,-1,-1,7,3,E01030082,0
Unvalidated,2024371414180,2024,371414180,1,9,0,9,4,8,0,1,0,0,0,0,1,1,2,2,31,6,-1,-1,-1,-1,-1,-1,-1,0
Unvalidated,2024371414180,2024,371414180,2,19,0,4,5,1,0,1,0,0,0,0,1,1,2,1,30,6,-1,-1,-1,-1,-1,-1,-1,0
Unvalidated,2024371414218,2024,371414218,1,9,0,18,5,1,0,1,0,0,0,0,1,1,5,2,18,4,-1,-1,-1,-1,2,1,E01030023,0
Unvalidated,2024371414218,2024,371414218,2,9,0,18,7,3,0,1,0,0,0,0,1,1,5,2,85,11,-1,-1,-1,-1,9,2,E01030175,0
Unvalidated,2024371414271,2024,371414271,1,9,0,18,3,7,0,0,0,0,0,0,1,1,6,1,60,9,-1,-1,-1,-1,-1,-1,-1,0
Unvalidated,2024371414311,2024,371414311,1,9,0,18,5,1,0,0,0,0,0,0,1,1,6,2,24,5,-1,-1,-1,-1,8,3,E01030046,0
Unvalidated,2024371414311,2024,371414311,2,9,0,18,1,5,0,0,0,0,0,0,3,1,2,1,45,7,-1,-1,-1,-1,9,2,E01029893,0
Unvalidated,2024371414331,2024,371414331,1,9,0,9,6,3,0,1,0,0,0,0,1,1,2,2,19,4,-1,-1,-1,-1,5,2,E01029928,0
Unvalidated,2024371414331,2024,371414331,2,19,0,18,8,4,0,1,0,0,0,0,1,1,2,1,24,5,-1,-1,-1,-1,3,1,E01029916,0
Unvalidated,2024371414456,2024,371414456,1,9,0,9,5,3,0,8,0,0,0,0,3,1,5,1,69,10,-1,-1,-1,-1,6,1,E01029983,0
Unvalidated,2024371414456,2024,371414456,2,97,0,18,1,5,0,8,0,0,0,0,3,1,5,1,20,4,-1,-1,-1,-1,4,1,E01033127,0
Unvalidated,2024371414486,2024,371414486,1,9,0,18,5,1,0,1,0,0,1,0,1,1,5,1,81,11,-1,-1,-1,-1,6,2,E01030282,0
Unvalidated,2024371414486,2024,371414486,2,98,1,9,1,5,0,6,0,0,0,0,3,1,1,1,48,8,-1,-1,-1,-1,8,3,E01026886,0
Unvalidated,2024371414695,2024,371414695,1,9,0,18,8,4,0,0,0,0,0,0,3,1,2,2,50,8,-1,-1,-1,-1,10,3,E01033319,0
Unvalidated,2024371414695,2024,371414695,2,9,0,18,4,8,0,0,0,0,0,0,3,1,2,2,59,9,-1,-1,-1,-1,8,3,E01030046,0
Unvalidated,2024371414723,2024,371414723,1,-1,-1,18,5,7,0,4,0,0,0,0,1,1,6,3,-1,-1,-1,-1,-1,-1,-1,-1,-1,0
Unvalidated,2024371414723,2024,371414723,2,1,0,18,3,7,0,8,0,0,0,0,4,1,6,1,57,9,-1,-1,-1,-1,5,1,E01030267,0
Unvalidated,2024371414820,2024,371414820,1,9,0,7,5,8,0,8,0,0,0,0,4,1,6,1,34,6,-1,-1,-1,-1,5,3,E01026440,0
Unvalidated,2024371415084,2024,371415084,1,9,0,18,5,3,0,0,2,0,0,0,1,1,5,1,17,4,-1,-1,-1,-1,2,1,E01029886,0
Unvalidated,2024371415270,2024,371415270,1,9,0,13,4,2,0,0,0,0,0,0,1,1,1,1,28,6,-1,-1,-1,-1,6,1,E01033049,0
Unvalidated,2024371415270,2024,371415270,2,5,0,4,2,4,0,0,0,0,0,0,4,1,6,1,55,8,-1,-1,-1,-1,4,1,E01029940,0
Unvalidated,2024371415314,2024,371415314,1,9,0,4,4,8,0,1,0,0,0,0,1,1,6,2,36,7,-1,-1,-1,-1,6,1,E01030275,0
Unvalidated,2024371415314,2024,371415314,2,9,0,4,4,8,0,1,0,0,0,0,2,1,6,2,37,7,-1,-1,-1,-1,1,1,E01030256,0
Unvalidated,2024371415848,2024,371415848,1,9,0,18,3,7,0,0,0,0,1,4,1,1,6,1,64,9,-1,-1,-1,-1,3,3,E01018090,0
Unvalidated,2024371415881,2024,371415881,1,97,0,18,2,6,0,1,1,0,0,0,1,1,6,1,-1,-1,-1,-1,-1,-1,-1,-1,-1,0
Unvalidated,2024371415881,2024,371415881,2,9,0,9,3,2,0,2,0,0,0,0,3,1,6,2,51,8,-1,-1,-1,-1,8,2,E01030121,0
Unvalidated,2024371416058,2024,371416058,1,9,0,18,1,3,0,0,1,10,7,11,3,1,6,3,40,7,-1,-1,-1,-1,-1,-1,-1,0
Unvalidated,2024371416058,2024,371416058,2,9,0,18,5,1,0,0,0,0,0,0,3,1,5,1,68,10,-1,-1,-1,-1,7,1,E01030019,0
Unvalidated,2024371416312,2024,371416312,1,9,0,16,7,3,0,0,0,11,1,10,1,1,2,1,20,4,-1,-1,-1,-1,6,2,E01018281,0
Unvalidated,2024371416312,2024,371416312,2,19,0,17,3,5,0,0,0,0,0,0,1,1,2,1,50,8,-1,-1,-1,-1,4,1,E01030108,0
Unvalidated,2024371416770,2024,371416770,1,9,0,18,7,3,0,0,0,0,0,0,0,1,6,3,16,4,-1,-1,-1,-1,-1,-1,-1,0
Unvalidated,2024371416770,2024,371416770,2,9,0,18,3,7,0,0,1,0,1,0,1,1,1,2,62,9,-1,-1,-1,-1,2,1,E01030131,0
Unvalidated,2024371416950,2024,371416950,1,9,0,18,4,6,0,0,0,0,4,0,4,1,6,1,51,8,-1,-1,-1,-1,8,1,E01014669,0
Unvalidated,2024371416950,2024,371416950,2,21,1,18,6,5,0,0,0,0,0,0,2,1,1,1,31,6,-1,-1,-1,-1,6,1,E01002293,0
Unvalidated,2024371417074,2024,371417074,1,9,0,18,5,1,0,1,0,0,0,0,3,1,5,1,35,6,-1,-1,-1,-1,2,1,E01030024,0
Unvalidated,2024371417074,2024,371417074,2,9,0,5,5,1,0,1,0,0,0,0,3,1,5,2,50,8,-1,-1,-1,-1,3,1,E01029998,0
Unvalidated,2024371417096,2024,371417096,1,5,0,18,7,4,0,1,0,0,0,0,1,1,6,1,30,6,-1,-1,-1,-1,9,1,E01030214,0
Unvalidated,2024371417096,2024,371417096,2,9,0,9,6,4,0,6,0,0,0,0,1,1,6,1,40,7,-1,-1,-1,-1,8,1,E01029997,0
Unvalidated,2024371417116,2024,371417116,1,9,0,7,5,7,0,8,0,0,0,0,4,1,3,1,30,6,-1,-1,-1,-1,6,2,E01030245,0
Unvalidated,2024371417189,2024,371417189,1,21,0,3,1,4,0,8,0,0,0,0,1,1,6,1,69,10,-1,-1,-1,-1,8,2,E01018268,0
Unvalidated,2024371417189,2024,371417189,2,9,0,3,1,4,0,8,0,0,0,0,2,1,5,2,45,7,-1,-1,-1,-1,7,1,E01021344,0
Unvalidated,2024371417279,2024,371417279,1,9,0,9,3,7,0,5,1,0,7,0,4,1,5,1,74,10,-1,-1,-1,-1,7,3,E01029911,0
Unvalidated,2024371417487,2024,371417487,1,9,0,11,3,7,0,0,0,0,0,0,1,1,2,1,27,6,-1,-1,-1,-1,3,1,E01030163,0
Unvalidated,2024371417487,2024,371417487,2,9,0,18,3,7,0,0,0,0,0,0,2,1,2,1,54,8,-1,-1,-1,-1,2,1,E01029969,0
Unvalidated,2024371417653,2024,371417653,1,9,0,18,3,7,0,0,0,0,0,0,3,1,6,2,35,6,-1,-1,-1,-1,-1,-1,-1,0
Unvalidated,2024371417653,2024,371417653,2,9,0,18,7,3,0,0,0,0,0,0,3,1,6,2,18,4,-1,-1,-1,-1,5,3,E01030066,0
Unvalidated,2024371417808,2024,371417808,1,9,0,9,1,4,0,0,0,0,0,0,1,1,6,3,30,6,-1,-1,-1,-1,-1,-1,-1,0
Unvalidated,2024371417808,2024,371417808,2,3,0,18,5,1,0,0,1,0,0,0,1,1,5,1,17,4,-1,-1,-1,-1,1,1,E01030035,0
Unvalidated,2024371417810,2024,371417810,1,9,0,7,5,1,0,8,0,0,0,0,4,1,5,2,45,7,-1,-1,-1,-1,4,3,E01026752,0
Unvalidated,2024371417810,2024,371417810,2,1,0,18,5,2,0,8,0,0,0,0,3,1,6,1,69,10,-1,-1,-1,-1,4,3,E01030295,0
Unvalidated,2024371417933,2024,371417933,1,9,0,9,7,4,0,8,0,0,0,0,3,1,1,1,39,7,-1,-1,-1,-1,2,1,E01030023,0
Unvalidated,2024371417933,2024,371417933,2,1,0,18,3,7,0,8,0,0,0,0,3,1,6,2,50,8,-1,-1,-1,-1,9,1,E01030196,0
Unvalidated,2024371418032,2024,371418032,1,9,0,4,5,1,0,2,0,0,0,0,3,1,6,2,44,7,-1,-1,-1,-1,9,2,E01022013,0
Unvalidated,2024371418032,2024,371418032,2,9,0,4,5,1,0,2,0,0,0,0,4,1,6,1,29,6,-1,-1,-1,-1,3,1,E01029985,0
Unvalidated,2024371418108,2024,371418108,1,9,0,18,8,4,0,0,0,0,0,0,4,1,5,1,88,11,-1,-1,-1,-1,8,2,E01030152,0
Unvalidated,2024371418108,2024,371418108,2,9,0,2,0,0,0,0,0,0,0,0,1,1,6,3,-1,-1,-1,-1,-1,-1,-1,-1,-1,0
Unvalidated,2024371418402,2024,371418402,1,9,0,18,3,7,0,0,0,0,0,0,1,1,5,1,74,10,-1,-1,-1,-1,2,1,E01030289,0
Unvalidated,2024371418402,2024,371418402,2,9,0,3,3,7,0,0,0,0,0,0,2,1,5,1,65,9,-1,-1,-1,-1,3,1,E01030255,0
Unvalidated,2024371418402,2024,371418402,3,9,0,3,3,7,0,0,0,0,0,0,2,1,2,2,54,8,-1,-1,-1,-1,5,3,E01030281,0
Unvalidated,2024371418575,2024,371418575,1,9,0,18,1,5,0,0,1,10,0,0,1,1,5,2,17,4,-1,-1,-1,-1,3,1,E01030077,0
Unvalidated,2024371419038,2024,371419038,1,11,0,5,3,7,0,0,0,0,0,0,1,1,1,1,59,9,-1,-1,-1,-1,6,3,E01033448,0
Unvalidated,2024371419038,2024,371419038,2,1,-1,-1,-1,-1,-1,0,-1,-1,-1,0,-1,1,3,1,11,3,-1,-1,-1,-1,7,1,E01029965,0
Unvalidated,2024371419125,2024,371419125,1,9,-1,-1,-1,-1,-1,0,-1,-1,-1,0,-1,1,6,1,41,7,-1,-1,-1,-1,10,2,E01018262,0
Unvalidated,2024371419219,2024,371419219,1,1,0,18,2,5,0,0,0,0,0,0,4,1,4,1,12,3,-1,-1,-1,-1,9,1,E01029999,0
Unvalidated,2024371419219,2024,371419219,2,9,0,18,5,7,0,0,0,0,0,0,1,1,3,2,43,7,-1,-1,-1,-1,2,1,E01029984,0
Unvalidated,2024371419452,2024,371419452,1,9,0,18,5,1,0,0,0,0,0,0,1,1,5,1,65,9,-1,-1,-1,-1,5,3,E01026943,0
Unvalidated,2024371419484,2024,371419484,1,9,0,15,-1,-1,0,1,0,0,0,0,4,1,6,3,-1,-1,-1,-1,-1,-1,-1,-1,-1,0
Unvalidated,2024371419484,2024,371419484,2,1,0,18,-1,-1,0,1,0,0,0,0,1,1,2,1,31,6,-1,-1,-1,-1,6,1,E01030005,0
Unvalidated,2024371419686,2024,371419686,1,9,0,18,7,3,0,1,0,0,0,0,1,1,5,1,44,7,-1,-1,-1,-1,5,3,E01018051,0
Unvalidated,2024371419686,2024,371419686,2,9,0,7,7,3,0,5,0,0,0,0,2,1,5,1,54,8,-1,-1,-1,-1,9,1,E01029939,0
Unvalidated,2024371419775,2024,371419775,1,9,-1,18,1,5,0,1,0,0,0,0,1,1,6,3,-1,-1,-1,-1,-1,-1,-1,-1,-1,0
Unvalidated,2024371419775,2024,371419775,2,1,0,3,3,7,9,1,0,0,0,0,3,1,3,1,11,3,-1,-1,-1,-1,5,1,E01030267,0
Unvalidated,2024371419846,2024,371419846,1,97,0,18,3,7,0,1,1,0,0,0,4,1,2,2,32,6,-1,-1,-1,-1,3,1,E01029985,0
Unvalidated,2024371419846,2024,371419846,2,9,0,10,5,1,0,1,0,0,0,0,0,1,5,1,61,9,-1,-1,-1,-1,8,2,E01030042,0
Unvalidated,2024371419877,2024,371419877,1,9,0,7,3,7,0,5,0,0,0,0,1,1,5,1,31,6,-1,-1,-1,-1,4,1,E01030110,0
Unvalidated,2024371419877,2024,371419877,2,9,0,18,5,3,0,1,0,0,0,0,3,1,5,2,27,6,-1,-1,-1,-1,6,3,E01029880,0
Unvalidated,2024371419927,2024,371419927,1,8,0,18,2,6,0,1,1,0,1,0,1,1,1,2,44,7,-1,-1,-1,-1,7,3,E01030217,0
Unvalidated,2024371419927,2024,371419927,2,9,0,3,2,6,0,8,0,0,0,0,2,1,5,1,65,9,-1,-1,-1,-1,7,3,E01033449,0
Unvalidated,2024371419927,2024,371419927,3,9,0,10,2,8,0,8,0,0,0,0,2,1,5,2,68,10,-1,-1,-1,-1,9,3,E01030193,0
Unvalidated,2024371419959,2024,371419959,1,3,0,4,3,7,0,0,0,0,0,0,1,1,6,1,41,7,-1,-1,-1,-1,5,1,E01029961,0
Unvalidated,2024371420062,2024,371420062,1,11,0,4,8,3,0,1,0,0,0,0,4,1,1,1,56,9,-1,-1,-1,-1,3,1,E01030026,0
Unvalidated,2024371420096,2024,371420096,1,19,-1,18,5,1,0,0,1,0,0,0,1,1,6,1,-1,-1,-1,-1,-1,-1,-1,-1,-1,0
Unvalidated,2024371420096,2024,371420096,2,9,0,4,5,1,0,0,0,0,0,0,2,1,2,2,31,6,-1,-1,-1,-1,6,1,E01029983,0
Unvalidated,2024371420472,2024,371420472,1,9,0,5,7,5,0,0,5,4,0,0,2,1,5,1,79,11,-1,-1,-1,-1,7,3,E01026934,0
Unvalidated,2024371420472,2024,371420472,2,9,0,2,0,0,0,0,0,0,1,0,2,1,6,3,-1,-1,-1,-1,-1,-1,-1,-1,-1,0
Unvalidated,2024371420560,2024,371420560,1,9,0,18,5,3,0,1,0,0,0,0,1,1,2,2,19,4,-1,-1,-1,-1,6,3,E01030041,0
Unvalidated,2024371420560,2024,371420560,2,8,0,18,3,5,0,1,0,0,0,0,1,1,1,1,44,7,-1,-1,-1,-1,1,1,E01033131,0
Unvalidated,2024371420650,2024,371420650,1,98,1,18,7,3,0,0,5,4,0,0,1,1,1,1,56,9,-1,-1,-1,-1,10,1,E01030078,0
Unvalidated,2024371420650,2024,371420650,2,98,0,2,7,3,0,0,0,0,0,0,2,1,1,1,58,9,-1,-1,-1,-1,6,2,E01030220,0
Unvalidated,2024371420875,2024,371420875,1,9,0,18,7,3,0,8,0,0,0,0,1,1,2,1,55,8,-1,-1,-1,-1,5,1,E01030105,0
Unvalidated,2024371420875,2024,371420875,2,9,0,9,8,6,0,8,0,0,0,0,3,1,5,2,30,6,-1,-1,-1,-1,4,1,E01030110,0
Unvalidated,2024371420923,2024,371420923,1,98,0,18,1,5,0,1,1,0,0,0,1,1,5,1,21,5,-1,-1,-1,-1,4,1,E01033123,0
Unvalidated,2024371420923,2024,371420923,2,9,0,18,1,5,0,1,0,0,0,0,2,1,5,1,40,7,-1,-1,-1,-1,10,2,E01026537,0
Unvalidated,2024371420923,2024,371420923,3,9,0,18,1,5,0,1,0,0,0,0,2,1,6,2,34,6,-1,-1,-1,-1,7,3,E01026462,0
Unvalidated,2024371421016,2024,371421016,1,9,0,18,2,6,0,0,0,0,0,0,1,1,6,2,58,9,-1,-1,-1,-1,7,1,E01030159,0
Unvalidated,2024371421117,2024,371421117,1,9,0,5,1,5,0,2,0,0,0,0,3,1,6,2,36,7,-1,-1,-1,-1,6,3,E01030097,0