status,collision_index,collision_year,collision_reference,vehicle_reference,vehicle_type,towing_and_articulation,vehicle_manoeuvre,vehicle_direction_from,vehicle_direction_to,vehicle_location_restricted_lane,junction_location,skidding_and_overturning,hit_object_in_carriageway,vehicle_leaving_carriageway,hit_object_off_carriageway,first_point_of_impact,vehicle_left_hand_drive,journey_purpose_of_driver,sex_of_driver,age_of_driver,age_band_of_driver,engine_capacity_cc,propulsion_code,age_of_vehicle,generic_make_model,driver_imd_decile,driver_home_area_type,lsoa_of_driver,escooter_flag
Unvalidated,2024371421117,2024,371421117,2,97,0,18,7,3,0,1,1,0,0,0,1,1,6,1,48,8,-1,-1,-1,-1,6,3,E01030040,0
Unvalidated,2024371421528,2024,371421528,1,9,0,18,1,5,0,8,0,0,0,0,1,1,2,1,41,7,-1,-1,-1,-1,2,1,E01000057,0
Unvalidated,2024371421528,2024,371421528,2,3,0,9,4,1,0,8,0,0,0,0,3,1,5,1,22,5,-1,-1,-1,-1,7,3,E01030186,0
Unvalidated,2024371421563,2024,371421563,1,19,0,18,7,3,0,8,0,0,0,0,3,1,2,2,48,8,-1,-1,-1,-1,5,3,E01030219,0
Unvalidated,2024371421563,2024,371421563,2,19,0,18,5,1,0,8,0,0,7,0,1,1,1,1,39,7,-1,-1,-1,-1,1,1,E01026597,0
Unvalidated,2024371421604,2024,371421604,1,9,0,7,6,7,9,6,0,0,0,0,3,1,5,2,40,7,-1,-1,-1,-1,2,1,E01030227,0
Unvalidated,2024371421604,2024,371421604,2,9,0,9,4,8,0,2,0,0,0,0,4,1,5,1,64,9,-1,-1,-1,-1,2,1,E01030227,0
Unvalidated,2024371422120,2024,371422120,1,9,0,18,2,6,0,1,0,0,0,0,3,1,5,1,19,4,-1,-1,-1,-1,7,1,E01030239,0
Unvalidated,2024371422120,2024,371422120,2,9,0,2,0,0,0,1,0,0,0,0,2,1,6,3,-1,-1,-1,-1,-1,-1,-1,-1,-1,0
Unvalidated,2024371422120,2024,371422120,3,9,0,2,0,0,0,1,0,0,0,0,3,1,6,3,-1,-1,-1,-1,-1,-1,-1,-1,-1,0
Unvalidated,2024371422252,2024,371422252,1,98,0,1,3,5,0,0,0,11,0,0,2,1,1,1,64,9,-1,-1,-1,-1,-1,-1,-1,0
Unvalidated,2024371422367,2024,371422367,1,9,0,18,8,4,0,0,0,0,1,4,1,1,5,1,23,5,-1,-1,-1,-1,8,3,E01033443,0
Unvalidated,2024371422646,2024,371422646,1,9,0,5,1,5,0,1,0,0,0,0,3,1,5,1,32,6,-1,-1,-1,-1,6,1,E01030005,0
Unvalidated,2024371422646,2024,371422646,2,1,0,18,7,3,0,1,0,0,0,0,4,1,6,1,49,8,-1,-1,-1,-1,7,1,E01029966,0
Unvalidated,2024371422779,2024,371422779,1,5,0,18,7,3,0,0,1,0,0,0,4,1,1,1,20,4,-1,-1,-1,-1,6,3,E01030057,0
Unvalidated,2024371422807,2024,371422807,1,9,0,5,5,1,0,8,0,0,0,0,1,1,2,2,19,4,-1,-1,-1,-1,7,1,E01030207,0
Unvalidated,2024371422807,2024,371422807,2,9,0,18,3,7,0,8,0,0,0,0,1,1,5,2,36,7,-1,-1,-1,-1,2,1,E01033125,0
Unvalidated,2024371422807,2024,371422807,3,9,0,18,7,3,0,1,0,0,0,0,1,1,2,2,27,6,-1,-1,-1,-1,10,1,E01030180,0
Unvalidated,2024371422830,2024,371422830,1,9,0,11,7,3,6,0,0,0,0,0,1,1,6,1,28,6,-1,-1,-1,-1,7,1,E01000300,0
Unvalidated,2024371422830,2024,371422830,2,9,0,2,0,0,6,0,0,0,0,0,2,1,6,2,57,9,-1,-1,-1,-1,5,2,E01026649,0
Unvalidated,2024371423045,2024,371423045,1,9,0,4,5,3,0,1,0,7,0,0,1,1,1,1,30,6,-1,-1,-1,-1,8,1,E01030000,0
Unvalidated,2024371423097,2024,371423097,1,9,0,18,8,5,0,0,0,0,0,0,3,1,5,1,38,7,-1,-1,-1,-1,6,1,E01033043,0
Unvalidated,2024371423097,2024,371423097,2,9,0,18,5,8,0,0,0,0,0,0,4,1,5,2,76,11,-1,-1,-1,-1,7,2,E01029885,0
Unvalidated,2024371423444,2024,371423444,1,9,0,5,2,6,0,4,0,0,0,0,3,1,2,2,45,7,-1,-1,-1,-1,7,2,E01030051,0
Unvalidated,2024371423444,2024,371423444,2,1,0,18,1,5,0,8,0,0,0,0,4,1,6,1,42,7,-1,-1,-1,-1,6,1,E01030130,0
Unvalidated,2024371423461,2024,371423461,1,9,0,18,5,1,0,0,1,0,1,11,1,1,2,2,46,8,-1,-1,-1,-1,1,1,E01030018,0
Unvalidated,2024371423694,2024,371423694,1,1,0,18,3,7,4,1,0,0,0,0,4,1,6,1,17,4,-1,-1,-1,-1,2,1,E01029996,0
Unvalidated,2024371423694,2024,371423694,2,9,0,10,5,3,0,1,0,0,0,0,4,1,1,1,56,9,-1,-1,-1,-1,8,3,E01033443,0
Unvalidated,2024371423829,2024,371423829,1,9,0,18,7,3,0,0,0,0,0,0,1,1,5,2,78,11,-1,-1,-1,-1,5,2,E01030146,0
Unvalidated,2024371423829,2024,371423829,2,19,0,18,7,3,0,0,0,0,0,0,2,1,2,1,31,6,-1,-1,-1,-1,6,3,E01030068,0
Unvalidated,2024371423983,2024,371423983,1,9,0,9,5,2,0,8,0,0,0,0,3,1,5,1,34,6,-1,-1,-1,-1,2,1,E01030032,0
Unvalidated,2024371423983,2024,371423983,2,3,0,18,1,5,0,1,0,0,0,0,1,1,5,1,18,4,-1,-1,-1,-1,8,3,E01030043,0
Unvalidated,2024371423989,2024,371423989,1,9,0,10,5,1,0,1,0,0,-1,0,1,1,6,2,59,9,-1,-1,-1,-1,7,1,E01030117,0
Unvalidated,2024371424641,2024,371424641,1,9,-1,-1,-1,-1,0,0,0,0,0,0,1,1,6,1,29,6,-1,-1,-1,-1,7,1,E01029995,0
Unvalidated,2024371424641,2024,371424641,2,9,0,3,-1,-1,0,0,0,0,0,0,2,1,2,2,45,7,-1,-1,-1,-1,6,1,E01029983,0
Unvalidated,2024371425104,2024,371425104,1,9,0,9,5,3,0,1,0,0,0,0,3,1,5,1,40,7,-1,-1,-1,-1,2,1,E01029996,0
Unvalidated,2024371425104,2024,371425104,2,4,0,18,5,5,0,1,0,0,7,0,1,1,5,1,18,4,-1,-1,-1,-1,1,1,E01029982,0
Unvalidated,2024371425422,2024,371425422,1,9,0,18,7,3,0,8,0,0,0,0,1,1,5,1,73,10,-1,-1,-1,-1,7,3,E01030095,0
Unvalidated,2024371425422,2024,371425422,2,3,0,18,8,5,0,8,2,0,1,0,3,1,1,2,44,7,-1,-1,-1,-1,5,3,E01030094,0
Unvalidated,2024371425465,2024,371425465,1,20,1,18,8,4,0,1,1,0,0,0,1,1,1,1,53,8,-1,-1,-1,-1,1,1,E01030279,0
Unvalidated,2024371425465,2024,371425465,2,9,0,5,2,8,0,1,0,0,0,0,3,1,6,1,78,11,-1,-1,-1,-1,3,1,E01029888,0
Unvalidated,2024371425495,2024,371425495,1,9,0,18,7,3,0,0,0,0,7,0,3,1,6,1,76,11,-1,-1,-1,-1,6,3,E01030198,0
Unvalidated,2024371425562,2024,371425562,1,9,0,14,3,3,0,2,0,0,0,0,1,1,5,2,75,10,-1,-1,-1,-1,5,3,E01029874,0
Unvalidated,2024371425562,2024,371425562,2,9,0,18,7,7,0,1,0,0,0,0,1,1,5,1,68,10,-1,-1,-1,-1,7,1,E01030020,0
Unvalidated,2024371425604,2024,371425604,1,9,0,9,7,5,0,6,0,0,0,0,1,1,5,1,30,6,-1,-1,-1,-1,2,1,E01029969,0
Unvalidated,2024371425604,2024,371425604,2,9,0,18,5,1,0,1,0,0,0,0,1,1,2,1,27,6,-1,-1,-1,-1,5,3,E01026487,0
Unvalidated,2024371425664,2024,371425664,1,9,0,18,7,3,0,0,0,0,7,0,3,1,6,2,82,11,-1,-1,-1,-1,5,3,E01030219,0
Unvalidated,2024371425664,2024,371425664,2,9,0,18,3,7,0,0,0,0,1,0,3,1,6,1,78,11,-1,-1,-1,-1,6,2,E01030245,0
Unvalidated,2024371425723,2024,371425723,1,9,0,18,4,8,0,0,0,0,0,0,4,1,6,2,50,8,-1,-1,-1,-1,10,1,E01030206,0
Unvalidated,2024371425723,2024,371425723,2,5,0,18,7,3,0,0,0,0,0,0,1,1,2,1,53,8,-1,-1,-1,-1,6,1,E01030003,0
Unvalidated,2024371426647,2024,371426647,1,9,0,9,3,5,0,6,0,0,0,0,1,1,6,1,18,4,-1,-1,-1,-1,9,2,E01030175,0
Unvalidated,2024371426647,2024,371426647,2,9,0,18,5,1,0,8,0,0,0,0,1,1,5,2,45,7,-1,-1,-1,-1,6,3,E01030218,0
Unvalidated,2024371427045,2024,371427045,1,97,0,18,5,1,0,1,0,0,0,0,1,1,6,1,60,9,-1,-1,-1,-1,5,3,E01030260,0
Unvalidated,2024371427045,2024,371427045,2,9,3,10,5,3,0,1,0,0,0,0,3,1,6,1,32,6,-1,-1,-1,-1,8,1,E01029977,0
Unvalidated,2024371427049,2024,371427049,1,9,0,18,7,3,0,1,0,0,0,0,1,1,6,1,43,7,-1,-1,-1,-1,-1,-1,-1,0
Unvalidated,2024371427080,2024,371427080,1,9,0,18,6,2,0,0,2,0,1,0,1,1,6,2,38,7,-1,-1,-1,-1,8,3,E01033538,0
Unvalidated,2024371427155,2024,371427155,1,9,0,18,5,1,0,2,0,0,0,0,3,1,6,1,48,8,-1,-1,-1,-1,5,1,E01029955,0
Unvalidated,2024371427155,2024,371427155,2,9,0,18,3,7,0,2,0,0,0,0,4,1,6,2,21,5,-1,-1,-1,-1,7,3,E01018057,0
Unvalidated,2024371427248,2024,371427248,1,4,0,14,3,3,0,0,0,0,7,0,3,1,1,1,41,7,-1,-1,-1,-1,5,1,E01029953,0
Unvalidated,2024371427248,2024,371427248,2,8,0,2,0,0,0,0,0,0,7,0,3,1,1,1,53,8,-1,-1,-1,-1,6,1,E01015653,0
Unvalidated,2024371427330,2024,371427330,1,98,-1,-1,1,5,-1,0,-1,-1,-1,0,-1,1,6,1,20,4,-1,-1,-1,-1,6,3,E01030037,0
Unvalidated,2024371427330,2024,371427330,2,1,0,18,3,7,5,0,0,0,0,0,0,1,5,2,59,9,-1,-1,-1,-1,2,1,E01030079,0
Unvalidated,2024371427416,2024,371427416,1,9,0,18,7,3,0,2,0,0,0,0,0,1,1,1,36,7,-1,-1,-1,-1,2,1,E01029988,0
Unvalidated,2024371427416,2024,371427416,2,1,0,18,5,1,0,1,2,0,0,0,2,1,2,2,43,7,-1,-1,-1,-1,2,1,E01030036,0
Unvalidated,2024371427463,2024,371427463,1,9,0,18,1,5,0,1,0,0,0,0,1,1,6,1,32,6,-1,-1,-1,-1,1,1,E01030249,0
Unvalidated,2024371427463,2024,371427463,2,9,0,4,1,5,0,1,0,0,0,0,2,1,6,1,65,9,-1,-1,-1,-1,7,3,E01030200,0
Unvalidated,2024371427534,2024,371427534,1,9,0,18,1,5,0,1,0,0,0,0,1,1,5,1,24,5,-1,-1,-1,-1,9,1,E01029999,0
Unvalidated,2024371427534,2024,371427534,2,9,0,4,1,5,0,1,0,0,0,0,2,1,6,2,33,6,-1,-1,-1,-1,9,1,E01030033,0
Unvalidated,2024371427535,2024,371427535,1,9,0,18,5,1,0,0,0,0,0,0,4,1,6,3,-1,-1,-1,-1,-1,-1,-1,-1,-1,0
Unvalidated,2024371427579,2024,371427579,1,9,0,18,3,3,0,0,0,0,0,0,1,1,5,1,59,9,-1,-1,-1,-1,5,2,E01030210,0
Unvalidated,2024371427579,2024,371427579,2,9,0,9,7,7,0,0,0,0,0,0,1,1,5,1,39,7,-1,-1,-1,-1,4,1,E01030115,0
Unvalidated,2024371427848,2024,371427848,1,9,0,18,7,3,0,0,0,0,0,0,1,1,5,2,25,5,-1,-1,-1,-1,3,1,E01030114,0
Unvalidated,2024371427848,2024,371427848,2,9,0,2,0,0,0,0,0,4,0,0,1,1,6,2,33,6,-1,-1,-1,-1,3,1,E01030114,0
Unvalidated,2024371428069,2024,371428069,1,9,0,18,1,5,0,0,1,0,0,0,1,1,6,1,19,4,-1,-1,-1,-1,7,3,E01029875,0
Unvalidated,2024371428069,2024,371428069,2,19,0,18,6,2,0,0,0,0,0,0,1,1,6,1,54,8,-1,-1,-1,-1,7,3,E01029875,0
Unvalidated,2024371428517,2024,371428517,1,5,0,18,3,7,0,1,0,0,0,0,1,1,6,1,34,6,-1,-1,-1,-1,2,1,E01030032,0
Unvalidated,2024371428517,2024,371428517,2,9,0,9,5,3,0,2,0,0,0,0,3,1,5,2,45,7,-1,-1,-1,-1,5,1,E01029976,0
Unvalidated,2024371428677,2024,371428677,1,9,0,18,1,1,0,0,0,0,0,0,2,1,5,2,29,6,-1,-1,-1,-1,8,3,E01030101,0
Unvalidated,2024371428677,2024,371428677,2,9,0,18,1,1,0,0,1,0,0,0,1,1,6,3,-1,-1,-1,-1,-1,-1,-1,-1,-1,0
Unvalidated,2024371429475,2024,371429475,1,9,0,5,3,7,0,0,0,0,0,0,3,1,6,2,43,7,-1,-1,-1,-1,7,1,E01030009,0
Unvalidated,2024371429475,2024,371429475,2,98,0,18,3,7,0,0,0,0,0,0,1,1,1,1,43,7,-1,-1,-1,-1,9,1,E01030033,0
Unvalidated,2024371429517,2024,371429517,1,3,0,4,3,7,0,0,1,0,0,0,0,1,5,1,30,6,-1,-1,-1,-1,1,1,E01030291,0
Unvalidated,2024371429535,2024,371429535,1,98,0,18,8,4,0,2,0,0,0,0,4,1,6,3,-1,-1,-1,-1,-1,-1,-1,-1,-1,0
Unvalidated,2024371429689,2024,371429689,1,9,0,18,5,1,0,0,0,0,0,0,1,1,2,2,34,6,-1,-1,-1,-1,10,2,E01030172,0
Unvalidated,2024371429689,2024,371429689,2,9,0,4,5,1,0,0,0,0,0,0,2,1,5,1,59,9,-1,-1,-1,-1,-1,-1,-1,0
Unvalidated,2024371429789,2024,371429789,1,9,0,7,2,4,0,4,0,0,0,0,3,1,6,1,30,6,-1,-1,-1,-1,3,1,E01030114,0
Unvalidated,2024371429789,2024,371429789,2,9,0,18,8,4,0,4,0,0,0,0,1,1,2,1,25,5,-1,-1,-1,-1,1,3,E01007511,0
Unvalidated,2024371430349,2024,371430349,1,21,1,11,7,3,0,0,0,0,0,0,1,1,1,1,73,10,-1,-1,-1,-1,7,3,E01029873,0
Unvalidated,2024371430349,2024,371430349,2,9,0,18,7,3,0,0,5,0,0,0,3,1,6,2,35,6,-1,-1,-1,-1,7,2,E01030243,0
Unvalidated,2024371430830,2024,371430830,1,9,-1,-1,-1,-1,-1,-1,-1,-1,-1,0,-1,1,6,1,62,9,-1,-1,-1,-1,9,1,E01030216,0
Unvalidated,2024371430830,2024,371430830,2,1,-1,-1,-1,-1,-1,-1,-1,-1,-1,0,-1,1,5,1,45,7,-1,-1,-1,-1,10,1,E01030179,0
Unvalidated,2024371430948,2024,371430948,1,9,0,18,2,6,0,0,0,0,0,0,1,1,6,2,47,8,-1,-1,-1,-1,3,1,E01000052,0
Unvalidated,2024371430948,2024,371430948,2,9,0,18,6,2,0,0,0,0,7,0,1,1,6,1,57,9,-1,-1,-1,-1,10,2,E01030085,0
Unvalidated,2024371431492,2024,371431492,1,9,5,18,7,3,0,0,0,0,0,0,0,1,5,1,45,7,-1,-1,-1,-1,10,3,E01030104,0
Unvalidated,2024371431492,2024,371431492,2,90,5,18,7,3,0,0,0,0,1,0,1,1,5,1,58,9,-1,-1,-1,-1,-1,-1,-1,1
Unvalidated,2024371431554,2024,371431554,1,9,0,18,0,0,0,0,0,4,0,0,4,1,6,2,39,7,-1,-1,-1,-1,-1,-1,-1,0
Unvalidated,2024371431554,2024,371431554,2,9,0,2,0,0,0,0,0,4,0,0,3,1,6,3,-1,-1,-1,-1,-1,-1,-1,-1,-1,0
Unvalidated,2024371431554,2024,371431554,3,9,0,2,0,0,0,0,0,4,0,0,3,1,6,3,-1,-1,-1,-1,-1,-1,-1,-1,-1,0
Unvalidated,2024371431554,2024,371431554,4,9,0,2,0,0,0,0,0,4,0,0,2,1,6,3,-1,-1,-1,-1,-1,-1,-1,-1,-1,0
Unvalidated,2024371431605,2024,371431605,1,21,1,18,4,8,0,0,0,0,0,0,1,1,1,1,45,7,-1,-1,-1,-1,2,1,E01030170,0
Unvalidated,2024371431791,2024,371431791,1,9,0,18,5,7,0,0,0,0,0,0,3,1,5,1,21,5,-1,-1,-1,-1,7,2,E01029885,0
Unvalidated,2024371431791,2024,371431791,2,9,0,18,1,5,0,0,0,0,0,0,3,1,5,1,50,8,-1,-1,-1,-1,5,2,E01029884,0
Unvalidated,2024371432067,2024,371432067,1,9,0,18,6,2,0,0,1,0,8,0,1,1,5,1,18,4,-1,-1,-1,-1,8,2,E01033429,0
Unvalidated,2024371432071,2024,371432071,1,9,0,10,8,6,0,1,0,0,0,0,1,1,5,1,59,9,-1,-1,-1,-1,8,3,E01030043,0
Unvalidated,2024371432071,2024,371432071,2,9,0,18,2,3,0,1,0,0,0,0,4,1,5,2,24,5,-1,-1,-1,-1,9,1,E01030183,0
Unvalidated,2024371432221,2024,371432221,1,19,0,5,6,2,0,0,0,0,0,0,1,1,2,1,42,7,-1,-1,-1,-1,5,3,E01030222,0
Unvalidated,2024371432221,2024,371432221,2,9,0,18,4,8,0,0,0,0,1,11,4,1,6,1,67,10,-1,-1,-1,-1,7,1,E01030235,0
Unvalidated,2024371432287,2024,371432287,1,3,0,18,2,6,0,0,0,0,0,0,3,1,5,1,19,4,-1,-1,-1,-1,10,1,E01030233,0
Unvalidated,2024371432287,2024,371432287,2,9,0,18,2,6,0,0,1,0,0,0,1,1,5,2,29,6,-1,-1,-1,-1,7,1,E01030228,0
Unvalidated,2024371432514,2024,371432514,1,9,0,18,-1,-1,0,8,0,0,0,0,4,1,3,2,63,9,-1,-1,-1,-1,4,1,E01032524,0
Unvalidated,2024371432592,2024,371432592,1,9,0,18,1,7,0,2,0,0,0,0,0,1,6,2,71,10,-1,-1,-1,-1,10,1,E01030166,0
Unvalidated,2024371432636,2024,371432636,1,3,0,18,3,7,0,1,0,0,0,0,1,1,5,1,21,5,-1,-1,-1,-1,2,1,E01030032,0
Unvalidated,2024371432636,2024,371432636,2,9,0,18,3,7,0,1,0,0,0,0,2,1,5,1,28,6,-1,-1,-1,-1,5,1,E01030030,0
Unvalidated,2024371432721,2024,371432721,1,9,0,18,3,7,0,8,0,0,1,1,1,1,5,1,67,10,-1,-1,-1,-1,1,1,E01022026,0
Unvalidated,2024371432827,2024,371432827,1,9,0,4,3,7,0,0,0,0,0,0,1,1,2,1,56,9,-1,-1,-1,-1,5,1,E01030016,0
Unvalidated,2024371432827,2024,371432827,2,9,0,4,3,7,0,0,0,0,0,0,2,1,5,1,33,6,-1,-1,-1,-1,-1,-1,-1,0
Unvalidated,2024371432951,2024,371432951,1,9,0,5,7,3,0,8,0,0,0,0,1,1,5,1,49,8,-1,-1,-1,-1,9,1,E01030191,0
Unvalidated,2024371432951,2024,371432951,2,9,0,18,5,2,0,8,0,0,0,0,2,1,5,1,18,4,-1,-1,-1,-1,3,1,E01029998,0
Unvalidated,2024371433618,2024,371433618,1,9,0,18,3,7,0,1,0,0,0,0,1,1,6,1,58,9,-1,-1,-1,-1,9,2,E01007612,0
Unvalidated,2024371433618,2024,371433618,2,9,0,9,5,2,0,1,0,0,0,0,3,1,6,2,55,8,-1,-1,-1,-1,6,1,E01029951,0
Unvalidated,2024371433755,2024,371433755,1,9,0,18,2,6,0,0,0,0,0,0,1,1,6,1,69,10,-1,-1,-1,-1,6,3,E01030063,0
Unvalidated,2024371433755,2024,371433755,2,9,0,18,2,6,0,0,0,0,0,0,2,1,5,1,70,10,-1,-1,-1,-1,5,3,E01030058,0
Unvalidated,2024371434298,2024,371434298,1,9,0,18,5,1,0,0,2,0,1,7,4,1,5,1,59,9,-1,-1,-1,-1,1,1,E01029980,0
Unvalidated,2024371434457,2024,371434457,1,9,0,-1,6,5,0,8,0,0,0,0,-1,1,6,3,-1,-1,-1,-1,-1,-1,-1,-1,-1,0
Unvalidated,2024371434459,2024,371434459,1,9,0,5,5,3,0,8,0,0,0,0,3,1,5,2,86,11,-1,-1,-1,-1,6,3,E01026494,0
Unvalidated,2024371434459,2024,371434459,2,19,0,18,3,7,0,8,0,0,0,0,1,1,5,1,46,8,-1,-1,-1,-1,1,1,E01030291,0
Unvalidated,2024371434627,2024,371434627,1,2,0,18,4,7,0,1,0,0,0,0,1,1,3,1,16,4,-1,-1,-1,-1,4,2,E01030251,0
Unvalidated,2024371434627,2024,371434627,2,9,0,10,4,7,0,1,0,0,0,0,2,1,1,2,35,6,-1,-1,-1,-1,10,2,E01026537,0
Unvalidated,2024371434659,2024,371434659,1,21,1,18,5,1,0,4,5,0,3,4,1,1,1,1,59,9,-1,-1,-1,-1,8,1,E01015965,0
Unvalidated,2024371434783,2024,371434783,1,2,0,18,1,5,4,8,0,0,0,0,3,1,2,1,16,4,-1,-1,-1,-1,7,3,E01029871,0
Unvalidated,2024371434783,2024,371434783,2,9,0,7,1,3,0,8,0,0,0,0,4,1,2,1,43,7,-1,-1,-1,-1,10,1,E01030206,0
Unvalidated,2024371434878,2024,371434878,1,9,0,18,4,8,0,1,0,0,0,0,3,1,6,2,22,5,-1,-1,-1,-1,6,3,E01029876,0
Unvalidated,2024371434888,2024,371434888,1,9,0,18,3,3,0,0,0,0,1,0,1,1,3,2,34,6,-1,-1,-1,-1,7,3,E01030200,0
Unvalidated,2024371434899,2024,371434899,1,9,0,4,1,5,0,0,0,0,0,0,1,1,6,1,62,9,-1,-1,-1,-1,4,1,E01030113,0
Unvalidated,2024371434991,2024,371434991,1,9,0,18,3,7,0,0,0,0,0,0,1,1,6,2,33,6,-1,-1,-1,-1,3,1,E01001819,0
Unvalidated,2024371434991,2024,371434991,2,9,0,18,7,3,0,0,0,0,0,0,1,1,6,1,23,5,-1,-1,-1,-1,5,3,E01029941,0
Unvalidated,2024371435054,2024,371435054,1,19,0,2,0,0,0,0,0,0,0,0,3,1,6,1,33,6,-1,-1,-1,-1,3,1,E01029962,0
Unvalidated,2024371435054,2024,371435054,2,23,0,18,-1,-1,0,0,0,8,0,0,1,1,6,1,18,4,-1,-1,-1,-1,2,1,E01030024,0
Unvalidated,2024371435107,2024,371435107,1,3,0,18,8,4,0,0,1,0,1,0,1,1,6,1,17,4,-1,-1,-1,-1,4,2,E01029892,0
Unvalidated,2024371435512,2024,371435512,1,9,0,18,2,6,0,8,0,0,0,0,1,2,6,2,62,9,-1,-1,-1,-1,6,2,E01026900,0
Unvalidated,2024371435512,2024,371435512,2,3,0,5,2,5,0,8,0,0,0,0,2,1,6,1,22,5,-1,-1,-1,-1,5,2,E01026902,0
Unvalidated,2024371435525,2024,371435525,1,9,0,18,1,5,0,1,0,0,0,0,1,1,6,1,78,11,-1,-1,-1,-1,7,1,E01030184,0
Unvalidated,2024371435541,2024,371435541,1,9,0,9,5,3,0,8,1,4,0,0,4,1,5,2,28,6,-1,-1,-1,-1,3,1,E01000922,0
Unvalidated,2024371435541,2024,371435541,2,5,0,18,1,5,0,1,0,0,0,0,1,1,5,1,62,9,-1,-1,-1,-1,5,3,E01030219,0
Unvalidated,2024371435587,2024,371435587,1,9,0,18,3,7,0,0,2,0,1,3,1,1,6,1,20,4,-1,-1,-1,-1,7,3,E01030082,0
Unvalidated,2024371435860,2024,371435860,1,9,0,18,3,7,0,8,0,0,0,0,1,1,6,1,75,10,-1,-1,-1,-1,7,3,E01029875,0
Unvalidated,2024371435913,2024,371435913,1,9,0,18,7,3,0,0,0,0,0,0,1,1,1,1,27,6,-1,-1,-1,-1,-1,-1,-1,0
Unvalidated,2024371435913,2024,371435913,2,19,0,5,1,7,0,0,0,0,0,0,1,1,1,1,51,8,-1,-1,-1,-1,4,1,E01029949,0
Unvalidated,2024371436034,2024,371436034,1,5,0,18,8,5,0,0,0,0,1,0,1,1,6,1,34,6,-1,-1,-1,-1,7,3,E01026421,0
Unvalidated,2024371436127,2024,371436127,1,9,0,18,1,3,0,0,0,0,0,0,1,1,5,1,91,11,-1,-1,-1,-1,8,3,E01029883,0
Unvalidated,2024371436127,2024,371436127,2,21,1,2,1,3,0,0,0,0,0,0,2,1,1,1,48,8,-1,-1,-1,-1,5,1,E01024562,0
Unvalidated,2024371436272,2024,371436272,1,9,0,18,5,1,0,1,0,0,0,0,4,1,6,1,30,6,-1,-1,-1,-1,-1,-1,-1,0
Unvalidated,2024371436272,2024,371436272,2,19,0,18,1,5,0,1,0,0,0,0,1,1,5,1,35,6,-1,-1,-1,-1,6,2,E01018016,0
Unvalidated,2024371436302,2024,371436302,1,20,0,18,1,5,0,3,0,0,0,0,3,1,6,1,58,9,-1,-1,-1,-1,5,2,E01026751,0
Unvalidated,2024371436302,2024,371436302,2,9,0,18,1,5,0,3,0,0,0,0,4,1,6,2,58,9,-1,-1,-1,-1,3,1,E01026632,0
Unvalidated,2024371436314,2024,371436314,1,1,0,18,1,5,0,0,0,0,0,0,1,1,6,1,30,6,-1,-1,-1,-1,-1,-1,-1,0
Unvalidated,2024371436314,2024,371436314,2,9,0,2,0,0,0,0,0,0,0,0,2,1,6,2,71,10,-1,-1,-1,-1,10,1,E01029963,0
Unvalidated,2024371436391,2024,371436391,1,9,0,18,4,8,0,1,0,0,0,0,1,1,6,1,46,8,-1,-1,-1,-1,4,1,E01030113,0
Unvalidated,2024371436391,2024,371436391,2,9,0,3,4,8,0,4,0,0,0,0,2,1,6,1,51,8,-1,-1,-1,-1,4,1,E01030108,0
Unvalidated,2024371436928,2024,371436928,1,9,0,18,1,5,0,0,0,0,7,2,1,1,6,2,37,7,-1,-1,-1,-1,2,1,E01029938,0
Unvalidated,2024371436966,2024,371436966,1,9,0,13,5,1,0,0,0,0,1,9,1,1,6,1,41,7,-1,-1,-1,-1,2,1,E01026818,0
Unvalidated,2024371436966,2024,371436966,2,9,0,10,5,1,0,0,0,0,1,9,2,1,6,1,22,5,-1,-1,-1,-1,7,3,E01030055,0
Unvalidated,2024371436988,2024,371436988,1,3,0,18,1,5,0,0,0,0,0,0,1,1,6,1,17,4,-1,-1,-1,-1,1,1,E01033131,0
Unvalidated,2024371436988,2024,371436988,2,9,0,18,1,5,0,0,0,0,0,0,1,1,6,2,45,7,-1,-1,-1,-1,7,1,E01029965,0
Unvalidated,2024371437186,2024,371437186,1,9,0,9,7,3,0,8,0,0,0,0,4,1,6,1,49,8,-1,-1,-1,-1,9,1,E01029967,0
Unvalidated,2024371437186,2024,371437186,2,1,0,15,1,5,0,8,0,0,0,0,1,1,6,1,26,6,-1,-1,-1,-1,4,1,E01033123,0
Unvalidated,2024371437186,2024,371437186,3,9,0,2,1,5,0,8,0,0,0,0,0,1,6,1,53,8,-1,-1,-1,-1,7,1,E01030184,0
Unvalidated,2024371437293,2024,371437293,1,9,0,3,6,2,0,1,0,0,0,0,1,1,6,2,53,8,-1,-1,-1,-1,6,2,E01033452,0
Unvalidated,2024371437293,2024,371437293,2,9,0,18,2,6,0,1,0,0,0,0,4,1,6,2,53,8,-1,-1,-1,-1,5,3,E01029941,0
Unvalidated,2024371437352,2024,371437352,1,19,0,18,3,7,0,0,0,0,0,0,1,1,1,1,35,6,-1,-1,-1,-1,10,1,E01030078,0
Unvalidated,2024371437352,2024,371437352,2,9,0,18,3,7,0,0,0,0,0,0,2,1,6,2,37,7,-1,-1,-1,-1,5,1,E01030073,0
Unvalidated,2024371437361,2024,371437361,1,9,0,-1,-1,-1,-1,0,-1,-1,-1,0,-1,1,6,1,-1,-1,-1,-1,-1,-1,9,1,E01030008,0