status,collision_index,collision_year,collision_reference,vehicle_reference,vehicle_type,towing_and_articulation,vehicle_manoeuvre,vehicle_direction_from,vehicle_direction_to,vehicle_location_restricted_lane,junction_location,skidding_and_overturning,hit_object_in_carriageway,vehicle_leaving_carriageway,hit_object_off_carriageway,first_point_of_impact,vehicle_left_hand_drive,journey_purpose_of_driver,sex_of_driver,age_of_driver,age_band_of_driver,engine_capacity_cc,propulsion_code,age_of_vehicle,generic_make_model,driver_imd_decile,driver_home_area_type,lsoa_of_driver,escooter_flag
Unvalidated,2024371437361,2024,371437361,2,1,0,-1,-1,-1,-1,0,-1,-1,-1,0,-1,1,6,1,40,7,-1,-1,-1,-1,9,1,E01033447,0
Unvalidated,2024371437458,2024,371437458,1,19,0,18,3,5,0,2,0,0,0,0,1,1,1,1,40,7,-1,-1,-1,-1,1,1,E01013622,0
Unvalidated,2024371437458,2024,371437458,2,9,0,18,5,1,0,2,0,0,0,0,1,1,6,2,53,8,-1,-1,-1,-1,6,3,E01029881,0
Unvalidated,2024371437685,2024,371437685,1,-1,-1,-1,-1,-1,-1,0,-1,-1,-1,0,-1,1,6,3,-1,-1,-1,-1,-1,-1,-1,-1,-1,0
Unvalidated,2024371437685,2024,371437685,2,9,0,18,7,3,0,0,0,0,0,0,3,1,5,2,82,11,-1,-1,-1,-1,8,2,E01030101,0
Unvalidated,2024371437782,2024,371437782,1,3,0,18,4,8,0,0,2,0,0,0,1,1,6,2,27,6,-1,-1,-1,-1,7,1,E01030103,0
Unvalidated,2024371437796,2024,371437796,1,19,0,18,5,1,0,1,0,0,0,0,1,1,6,1,54,8,-1,-1,-1,-1,7,1,E01030239,0
Unvalidated,2024371437796,2024,371437796,2,9,0,18,5,1,0,1,0,0,0,0,2,1,6,2,35,6,-1,-1,-1,-1,2,1,E01030289,0
Unvalidated,2024371437796,2024,371437796,3,9,0,18,5,1,0,1,0,0,0,0,2,1,3,2,44,7,-1,-1,-1,-1,2,1,E01030289,0
Unvalidated,2024371437836,2024,371437836,1,9,0,18,7,3,0,8,0,0,0,0,2,1,2,1,67,10,-1,-1,-1,-1,1,1,E01022001,0
Unvalidated,2024371437836,2024,371437836,2,9,0,18,6,2,0,8,0,0,0,0,1,1,6,1,18,4,-1,-1,-1,-1,7,3,E01030200,0
Unvalidated,2024371437935,2024,371437935,1,3,0,14,8,4,0,1,1,0,0,0,3,1,2,1,19,4,-1,-1,-1,-1,8,1,E01030015,0
Unvalidated,2024371437935,2024,371437935,2,9,0,5,2,6,0,2,0,0,0,0,1,1,2,2,30,6,-1,-1,-1,-1,7,1,E01030103,0
Unvalidated,2024371437953,2024,371437953,1,9,0,18,3,7,0,0,0,0,7,3,1,1,6,1,91,11,-1,-1,-1,-1,6,3,E01029881,0
Unvalidated,2024371437968,2024,371437968,1,9,0,18,8,4,0,6,0,0,1,4,4,1,5,2,37,7,-1,-1,-1,-1,10,3,E01030070,0
Unvalidated,2024371437968,2024,371437968,2,9,0,18,2,5,0,1,0,0,1,0,1,1,5,2,53,8,-1,-1,-1,-1,7,3,E01030083,0
Unvalidated,2024371438105,2024,371438105,1,9,0,18,5,2,0,0,0,0,7,0,1,1,6,1,21,5,-1,-1,-1,-1,5,1,E01030106,0
Unvalidated,2024371438157,2024,371438157,1,4,0,18,3,6,0,2,0,0,0,0,1,1,5,1,27,6,-1,-1,-1,-1,6,3,E01029902,0
Unvalidated,2024371438163,2024,371438163,1,9,0,7,5,1,0,1,0,0,1,2,1,1,6,1,19,4,-1,-1,-1,-1,6,1,E01030005,0
Unvalidated,2024371438220,2024,371438220,1,9,0,6,5,1,0,8,0,0,0,0,1,1,1,2,41,7,-1,-1,-1,-1,7,1,E01029530,0
Unvalidated,2024371438220,2024,371438220,2,9,0,18,4,6,0,1,0,0,0,0,4,1,5,1,52,8,-1,-1,-1,-1,2,1,E01021977,0
Unvalidated,2024371438391,2024,371438391,1,9,0,5,2,5,0,4,0,0,0,0,1,1,6,2,84,11,-1,-1,-1,-1,5,3,E01030146,0
Unvalidated,2024371438391,2024,371438391,2,9,0,18,8,5,0,3,0,0,0,0,1,1,6,2,82,11,-1,-1,-1,-1,8,1,E01030144,0
Unvalidated,2024371438592,2024,371438592,1,19,0,18,3,7,0,0,0,0,0,0,1,1,1,1,50,8,-1,-1,-1,-1,1,1,E01009579,0
Unvalidated,2024371438592,2024,371438592,2,98,0,3,3,7,0,0,0,0,0,0,2,1,1,1,37,7,-1,-1,-1,-1,6,1,E01026469,0
Unvalidated,2024371438721,2024,371438721,1,9,0,5,6,1,0,4,0,0,3,11,1,1,5,1,86,11,-1,-1,-1,-1,7,1,E01030228,0
Unvalidated,2024371438721,2024,371438721,2,9,0,18,4,8,0,4,0,0,0,0,4,1,3,1,54,8,-1,-1,-1,-1,8,3,E01030293,0
Unvalidated,2024371438721,2024,371438721,3,9,0,5,8,4,0,4,0,0,0,0,3,1,5,2,24,5,-1,-1,-1,-1,4,1,E01030225,0
Unvalidated,2024371438796,2024,371438796,1,98,0,9,3,1,0,8,0,0,0,0,3,1,1,1,20,4,-1,-1,-1,-1,5,3,E01022009,0
Unvalidated,2024371438818,2024,371438818,1,9,0,9,7,3,0,0,0,0,0,0,0,1,6,1,40,7,-1,-1,-1,-1,7,2,E01029873,0
Unvalidated,2024371438818,2024,371438818,2,9,0,18,3,7,0,0,0,0,0,0,0,1,6,2,31,6,-1,-1,-1,-1,4,1,E01022011,0
Unvalidated,2024371439285,2024,371439285,1,9,0,18,5,1,0,1,0,0,0,0,1,1,6,2,78,11,-1,-1,-1,-1,7,3,E01030096,0
Unvalidated,2024371439285,2024,371439285,2,9,0,18,7,3,0,8,0,0,0,0,3,1,2,2,44,7,-1,-1,-1,-1,10,2,E01030050,0
Unvalidated,2024371439288,2024,371439288,1,9,0,-1,-1,-1,0,0,0,0,0,0,1,1,6,1,18,4,-1,-1,-1,-1,9,1,E01033316,0
Unvalidated,2024371439288,2024,371439288,2,1,0,-1,-1,-1,0,0,0,0,0,0,3,1,5,2,13,3,-1,-1,-1,-1,6,1,E01030080,0
Unvalidated,2024371439294,2024,371439294,1,9,0,18,5,1,0,0,0,0,0,0,1,1,6,2,25,5,-1,-1,-1,-1,8,1,E01029878,0
Unvalidated,2024371439294,2024,371439294,2,9,0,3,5,1,0,0,0,0,0,0,2,1,5,1,21,5,-1,-1,-1,-1,7,1,E01030207,0
Unvalidated,2024371439295,2024,371439295,1,9,0,18,-1,-1,0,0,0,0,0,0,4,1,5,2,42,7,-1,-1,-1,-1,6,2,E01030220,0
Unvalidated,2024371439581,2024,371439581,1,9,0,9,8,6,0,2,0,0,0,0,1,1,5,1,87,11,-1,-1,-1,-1,5,3,E01030066,0
Unvalidated,2024371439581,2024,371439581,2,9,0,18,7,3,0,1,0,0,0,0,4,2,5,1,17,4,-1,-1,-1,-1,4,1,E01003492,0
Unvalidated,2024371439756,2024,371439756,1,9,0,4,7,4,0,0,0,0,0,0,2,1,2,1,39,7,-1,-1,-1,-1,4,1,E01030022,0
Unvalidated,2024371439756,2024,371439756,2,9,0,4,7,4,0,0,0,0,0,0,2,1,2,2,34,6,-1,-1,-1,-1,5,1,E01029960,0
Unvalidated,2024371439756,2024,371439756,3,9,0,4,8,4,0,0,0,0,0,0,2,1,2,2,33,6,-1,-1,-1,-1,-1,-1,-1,0
Unvalidated,2024371439756,2024,371439756,4,19,0,4,7,3,0,0,0,0,0,0,1,1,1,1,66,10,-1,-1,-1,-1,6,3,E01030057,0
Unvalidated,2024371439917,2024,371439917,1,9,0,5,7,3,0,6,0,0,0,0,1,1,2,2,56,9,-1,-1,-1,-1,4,1,E01030270,0
Unvalidated,2024371439917,2024,371439917,2,90,0,18,1,5,9,1,0,0,0,0,3,1,6,1,37,7,-1,-1,-1,-1,5,1,E01030266,0
Unvalidated,2024371440088,2024,371440088,1,4,0,18,5,7,0,0,0,0,7,0,1,1,6,2,21,5,-1,-1,-1,-1,6,3,E01029881,0
Unvalidated,2024371440093,2024,371440093,1,9,0,18,1,5,0,0,2,0,1,4,4,1,6,2,34,6,-1,-1,-1,-1,6,2,E01029944,0
Unvalidated,2024371440254,2024,371440254,1,9,0,18,7,3,0,0,0,0,0,0,3,1,6,1,42,7,-1,-1,-1,-1,5,3,E01030066,0
Unvalidated,2024371440254,2024,371440254,2,9,0,18,3,7,0,0,0,0,0,0,1,1,5,1,34,6,-1,-1,-1,-1,6,3,E01030068,0
Unvalidated,2024371440357,2024,371440357,1,5,0,13,3,7,0,0,0,0,0,0,1,1,6,1,59,9,-1,-1,-1,-1,5,2,E01030188,0
Unvalidated,2024371440357,2024,371440357,2,9,0,9,3,7,0,0,5,0,0,0,3,1,2,1,26,6,-1,-1,-1,-1,5,2,E01030187,0
Unvalidated,2024371440425,2024,371440425,1,9,0,18,8,4,0,0,0,0,0,0,2,1,6,1,27,6,-1,-1,-1,-1,-1,-1,-1,0
Unvalidated,2024371440425,2024,371440425,2,9,0,18,8,4,0,0,0,0,0,0,1,1,6,1,25,5,-1,-1,-1,-1,-1,-1,-1,0
Unvalidated,2024371440565,2024,371440565,1,9,0,5,-1,-1,0,6,0,0,0,0,1,1,6,1,-1,-1,-1,-1,-1,-1,4,1,E01030022,0
Unvalidated,2024371440565,2024,371440565,2,9,0,18,-1,-1,0,1,0,0,0,0,3,1,2,1,19,4,-1,-1,-1,-1,4,1,E01030022,0
Unvalidated,2024371440686,2024,371440686,1,19,-1,1,-1,-1,0,0,0,0,0,0,2,1,6,1,54,8,-1,-1,-1,-1,10,1,E01023380,0
Unvalidated,2024371440686,2024,371440686,2,-1,-1,-1,-1,-1,-1,0,-1,-1,-1,0,-1,1,6,3,-1,-1,-1,-1,-1,-1,-1,-1,-1,0
Unvalidated,2024371440775,2024,371440775,1,9,0,4,7,3,0,0,0,0,0,0,4,1,5,1,41,7,-1,-1,-1,-1,6,1,E01030002,0
Unvalidated,2024371440775,2024,371440775,2,11,0,18,7,3,0,0,0,0,0,0,1,1,1,1,24,5,-1,-1,-1,-1,5,2,E01030061,0
Unvalidated,2024371440790,2024,371440790,1,3,0,5,3,1,0,1,0,0,0,0,3,1,6,2,44,7,-1,-1,-1,-1,5,3,E01033446,0
Unvalidated,2024371440790,2024,371440790,2,9,0,18,1,5,0,1,0,0,0,0,1,1,6,1,65,9,-1,-1,-1,-1,10,1,E01024441,0
Unvalidated,2024371440801,2024,371440801,1,9,0,18,5,8,0,0,5,0,0,0,1,1,6,1,17,4,-1,-1,-1,-1,2,1,E01026477,0
Unvalidated,2024371440859,2024,371440859,1,9,0,18,3,4,0,0,0,0,0,0,1,1,1,2,30,6,-1,-1,-1,-1,6,1,E01030143,0
Unvalidated,2024371440859,2024,371440859,2,1,0,18,2,5,0,0,0,0,0,0,1,1,5,1,29,6,-1,-1,-1,-1,6,1,E01033049,0
Unvalidated,2024371441007,2024,371441007,1,9,0,4,-1,-1,0,1,0,0,0,0,1,1,6,1,-1,-1,-1,-1,-1,-1,-1,-1,-1,0
Unvalidated,2024371441007,2024,371441007,2,3,0,8,-1,-1,0,1,0,0,0,0,2,1,2,1,17,4,-1,-1,-1,-1,6,3,E01030212,0
Unvalidated,2024371441011,2024,371441011,1,9,0,11,3,7,0,0,2,0,0,0,4,1,6,1,54,8,-1,-1,-1,-1,5,3,E01030138,0
Unvalidated,2024371441012,2024,371441012,1,19,0,5,7,3,0,6,0,0,0,0,1,1,1,1,54,8,-1,-1,-1,-1,6,2,E01032407,0
Unvalidated,2024371441012,2024,371441012,2,2,0,5,5,7,0,6,0,0,0,0,3,1,2,2,40,7,-1,-1,-1,-1,1,1,E01030035,0
Unvalidated,2024371441015,2024,371441015,1,19,0,18,3,7,0,0,0,0,0,0,-1,1,5,1,53,8,-1,-1,-1,-1,7,1,E01030207,0
Unvalidated,2024371441021,2024,371441021,1,1,0,18,-1,-1,0,0,0,0,0,0,3,1,6,1,-1,-1,-1,-1,-1,-1,-1,-1,-1,0
Unvalidated,2024371441021,2024,371441021,2,9,0,18,-1,-1,0,0,0,0,0,0,1,1,2,1,52,8,-1,-1,-1,-1,7,1,E01029991,0
Unvalidated,2024371441030,2024,371441030,1,-1,0,18,-1,-1,0,0,0,0,0,0,1,1,6,3,-1,-1,-1,-1,-1,-1,-1,-1,-1,0
Unvalidated,2024371441030,2024,371441030,2,19,-1,3,-1,-1,0,0,0,0,0,0,2,1,2,1,48,8,-1,-1,-1,-1,6,1,E01033317,0
Unvalidated,2024371441067,2024,371441067,1,9,0,9,1,7,0,8,0,0,0,0,2,1,5,2,30,6,-1,-1,-1,-1,10,1,E01030205,0
Unvalidated,2024371441067,2024,371441067,2,4,0,18,7,3,0,1,0,0,0,0,1,1,6,1,47,8,-1,-1,-1,-1,5,2,E01030210,0
Unvalidated,2024371441090,2024,371441090,1,97,0,18,-1,-1,0,4,5,10,3,0,1,1,6,1,-1,-1,-1,-1,-1,-1,-1,-1,-1,0
Unvalidated,2024371441107,2024,371441107,1,9,0,1,4,3,0,1,0,0,0,0,2,1,5,1,34,6,-1,-1,-1,-1,7,2,E01033451,0
Unvalidated,2024371441107,2024,371441107,2,5,0,3,4,3,0,1,0,0,0,0,1,1,5,1,64,9,-1,-1,-1,-1,5,2,E01033454,0
Unvalidated,2024371441151,2024,371441151,1,9,0,9,8,4,0,1,0,0,0,0,1,1,6,2,88,11,-1,-1,-1,-1,4,3,E01030295,0
Unvalidated,2024371441151,2024,371441151,2,97,0,18,6,2,0,1,0,0,0,0,1,1,6,1,53,8,-1,-1,-1,-1,7,3,E01026504,0
Unvalidated,2024371441546,2024,371441546,1,9,0,5,1,5,0,0,0,0,0,0,1,1,6,3,-1,-1,-1,-1,-1,-1,-1,-1,-1,0
Unvalidated,2024371441546,2024,371441546,2,1,0,18,1,5,0,0,0,0,0,0,1,1,6,1,50,8,-1,-1,-1,-1,6,1,E01030091,0
Unvalidated,2024371441827,2024,371441827,1,1,0,7,7,1,0,0,0,0,0,0,1,1,5,2,63,9,-1,-1,-1,-1,7,3,E01029911,0
Unvalidated,2024371441827,2024,371441827,2,9,0,9,1,7,0,0,0,0,0,0,4,1,5,1,51,8,-1,-1,-1,-1,10,2,E01029894,0
Unvalidated,2024371442004,2024,371442004,1,97,0,13,8,4,0,1,0,0,0,0,1,1,5,1,62,9,-1,-1,-1,-1,6,3,E01022053,0
Unvalidated,2024371442004,2024,371442004,2,9,0,18,4,8,0,2,0,0,0,0,1,1,5,1,57,9,-1,-1,-1,-1,7,2,E01030153,0
Unvalidated,2024371442099,2024,371442099,1,9,0,18,2,6,0,0,0,0,0,0,1,1,5,1,51,8,-1,-1,-1,-1,5,3,E01030285,0
Unvalidated,2024371442099,2024,371442099,2,17,0,18,6,2,0,0,0,0,0,0,1,1,1,1,30,6,-1,-1,-1,-1,5,3,E01030285,0
Unvalidated,2024371442100,2024,371442100,2,9,0,18,4,8,0,1,0,0,0,0,4,1,5,1,22,5,-1,-1,-1,-1,6,2,E01029944,0
Unvalidated,2024371442140,2024,371442140,1,9,0,18,1,5,0,0,0,0,0,0,1,1,2,1,22,5,-1,-1,-1,-1,5,3,E01026718,0
Unvalidated,2024371442140,2024,371442140,2,9,0,18,5,1,0,0,0,0,7,0,1,1,5,2,41,7,-1,-1,-1,-1,5,1,E01021773,0
Unvalidated,2024371442316,2024,371442316,1,2,0,9,0,0,6,8,0,0,0,0,4,1,5,1,18,4,-1,-1,-1,-1,7,1,E01029995,0
Unvalidated,2024371442316,2024,371442316,2,90,0,2,0,0,9,1,0,11,0,0,1,1,5,1,51,8,-1,-1,-1,-1,-1,-1,-1,0
Unvalidated,2024371442322,2024,371442322,1,9,0,9,8,2,0,8,0,0,0,0,3,1,6,2,46,8,-1,-1,-1,-1,7,1,E01029974,0
Unvalidated,2024371442322,2024,371442322,2,3,0,18,8,4,0,1,0,0,0,0,1,1,6,1,34,6,-1,-1,-1,-1,5,2,E01030061,0
Unvalidated,2024371442425,2024,371442425,1,97,0,18,3,7,0,0,5,0,0,0,3,1,6,1,33,6,-1,-1,-1,-1,10,1,E01033050,0
Unvalidated,2024371442425,2024,371442425,2,9,0,18,7,3,0,0,0,0,0,0,3,1,6,1,56,9,-1,-1,-1,-1,7,2,E01030098,0
Unvalidated,2024371442511,2024,371442511,1,97,0,7,1,3,0,2,1,0,0,0,1,1,5,1,31,6,-1,-1,-1,-1,5,1,E01030241,0
Unvalidated,2024371442511,2024,371442511,2,9,0,2,0,0,0,2,0,0,0,0,2,1,6,3,-1,-1,-1,-1,-1,-1,-1,-1,-1,0
Unvalidated,2024371442531,2024,371442531,1,9,0,18,2,8,0,3,0,0,0,0,1,1,6,3,-1,-1,-1,-1,-1,-1,-1,-1,-1,0
Unvalidated,2024371442531,2024,371442531,2,97,0,18,2,8,0,3,0,0,0,0,1,1,6,1,53,8,-1,-1,-1,-1,4,3,E01030208,0
Unvalidated,2024371442732,2024,371442732,1,1,0,18,3,7,0,1,0,0,0,0,1,1,6,1,55,8,-1,-1,-1,-1,7,2,E01029885,0
Unvalidated,2024371442732,2024,371442732,2,19,0,10,3,7,0,1,0,0,0,0,2,1,6,1,66,10,-1,-1,-1,-1,7,3,E01029885,0
Unvalidated,2024371442764,2024,371442764,1,9,0,18,7,3,0,0,0,4,0,0,1,1,6,2,32,6,-1,-1,-1,-1,8,1,E01029890,0
Unvalidated,2024371442764,2024,371442764,2,9,0,2,0,0,6,0,0,4,0,0,2,1,6,2,-1,-1,-1,-1,-1,-1,-1,-1,-1,0
Unvalidated,2024371442764,2024,371442764,3,9,0,2,0,0,6,0,0,0,0,0,2,1,6,1,-1,-1,-1,-1,-1,-1,-1,-1,-1,0
Unvalidated,2024371442800,2024,371442800,1,9,0,10,1,5,0,1,0,0,0,0,1,2,6,2,31,6,-1,-1,-1,-1,7,2,E01033451,0
Unvalidated,2024371442800,2024,371442800,2,9,0,10,1,7,0,1,0,0,0,0,2,1,6,2,42,7,-1,-1,-1,-1,6,2,E01033453,0
Unvalidated,2024371443050,2024,371443050,1,9,0,18,7,3,0,0,0,0,0,0,1,1,6,3,-1,-1,-1,-1,-1,-1,-1,-1,-1,0
Unvalidated,2024371443092,2024,371443092,1,11,0,7,6,2,0,1,0,0,0,0,4,1,1,1,33,6,-1,-1,-1,-1,4,1,E01016013,0
Unvalidated,2024371443198,2024,371443198,1,9,0,18,2,7,0,0,0,0,0,0,1,1,6,1,22,5,-1,-1,-1,-1,6,3,E01030120,0
Unvalidated,2024371443317,2024,371443317,1,1,0,18,-1,-1,0,4,0,0,0,0,1,1,6,1,-1,-1,-1,-1,-1,-1,-1,-1,-1,0
Unvalidated,2024371443317,2024,371443317,2,9,0,4,-1,-1,0,4,0,0,0,0,2,1,5,2,34,6,-1,-1,-1,-1,3,1,E01030014,0
Unvalidated,2024371443526,2024,371443526,1,9,0,18,5,1,0,0,0,0,0,0,1,1,6,2,71,10,-1,-1,-1,-1,3,1,E01029912,0
Unvalidated,2024371443526,2024,371443526,2,9,0,18,5,1,0,0,0,0,0,0,2,1,6,3,-1,-1,-1,-1,-1,-1,-1,-1,-1,0
Unvalidated,2024371443527,2024,371443527,1,19,0,18,1,5,0,0,0,0,0,0,0,1,6,3,-1,-1,-1,-1,-1,-1,-1,-1,-1,0
Unvalidated,2024371443527,2024,371443527,2,16,0,18,1,5,0,0,0,0,0,0,0,1,6,2,65,9,-1,-1,-1,-1,5,3,E01030285,0
Unvalidated,2024371443581,2024,371443581,1,19,0,9,7,5,0,8,0,0,0,0,3,1,1,1,47,8,-1,-1,-1,-1,7,1,E01029964,0
Unvalidated,2024371443581,2024,371443581,2,5,0,18,5,1,0,8,0,0,0,0,1,1,5,1,42,7,-1,-1,-1,-1,2,1,E01030023,0
Unvalidated,2024371443582,2024,371443582,1,9,0,18,1,5,0,0,0,0,0,0,1,1,2,1,42,7,-1,-1,-1,-1,4,1,E01030028,0
Unvalidated,2024371443582,2024,371443582,2,9,0,2,0,0,0,0,0,0,0,0,3,1,6,1,54,8,-1,-1,-1,-1,8,1,E01022005,0
Unvalidated,2024371443582,2024,371443582,3,9,0,2,0,0,0,0,0,0,0,0,1,1,6,1,56,9,-1,-1,-1,-1,4,1,E01030022,0
Unvalidated,2024371443582,2024,371443582,4,9,0,2,0,0,0,0,0,0,0,0,1,1,6,1,55,8,-1,-1,-1,-1,4,1,E01030022,0
Unvalidated,2024371443596,2024,371443596,1,9,0,18,3,7,0,4,0,0,0,0,1,1,5,1,83,11,-1,-1,-1,-1,6,3,E01026899,0
Unvalidated,2024371443596,2024,371443596,2,9,0,15,5,3,0,4,0,0,0,0,4,1,5,2,31,6,-1,-1,-1,-1,8,3,E01030293,0
Unvalidated,2024371443631,2024,371443631,1,9,0,1,3,7,0,0,0,0,0,0,2,1,5,2,63,9,-1,-1,-1,-1,9,1,E01033450,0
Unvalidated,2024371443647,2024,371443647,1,9,0,18,5,1,0,1,0,0,0,0,1,1,6,2,37,7,-1,-1,-1,-1,7,1,E01033720,0
Unvalidated,2024371443647,2024,371443647,2,9,0,18,5,1,0,1,0,0,0,0,2,1,2,2,54,8,-1,-1,-1,-1,7,1,E01030020,0
Unvalidated,2024371444180,2024,371444180,1,98,0,18,5,1,0,8,0,0,0,0,4,1,1,1,50,8,-1,-1,-1,-1,5,1,E01003681,0
Unvalidated,2024371444332,2024,371444332,1,9,0,9,3,7,0,1,0,0,0,0,1,1,2,2,20,4,-1,-1,-1,-1,9,2,E01030062,0
Unvalidated,2024371444332,2024,371444332,2,1,0,18,7,3,0,1,0,0,0,0,1,1,6,1,61,9,-1,-1,-1,-1,10,2,E01030050,0
Unvalidated,2024371444403,2024,371444403,1,9,0,18,4,8,0,0,0,0,0,0,0,1,6,2,33,6,-1,-1,-1,-1,7,1,E01029965,0
Unvalidated,2024371444403,2024,371444403,2,1,0,18,4,8,0,0,0,0,0,0,0,1,5,1,24,5,-1,-1,-1,-1,7,1,E01029995,0
Unvalidated,2024371444437,2024,371444437,1,9,-1,-1,-1,-1,-1,0,-1,-1,-1,0,-1,1,6,3,-1,-1,-1,-1,-1,-1,-1,-1,-1,0
Unvalidated,2024371444437,2024,371444437,2,2,-1,-1,-1,-1,-1,0,-1,-1,-1,0,0,1,6,1,16,4,-1,-1,-1,-1,9,1,E01030190,0
Unvalidated,2024371444669,2024,371444669,1,9,0,18,4,8,0,0,0,0,0,0,1,1,6,1,20,4,-1,-1,-1,-1,3,1,E01030114,0
Unvalidated,2024371444679,2024,371444679,1,9,0,4,7,3,0,0,0,0,0,0,1,1,6,1,18,4,-1,-1,-1,-1,9,2,E01018012,0
Unvalidated,2024371444867,2024,371444867,1,1,0,18,1,5,0,0,0,0,0,0,1,1,6,1,14,3,-1,-1,-1,-1,2,1,E01030023,0
Unvalidated,2024371444867,2024,371444867,2,9,0,2,0,0,0,0,0,0,0,0,1,1,6,3,-1,-1,-1,-1,-1,-1,-1,-1,-1,0
Unvalidated,2024371445066,2024,371445066,1,9,0,18,7,3,0,0,1,0,0,0,1,1,2,2,38,7,-1,-1,-1,-1,7,2,E01033449,0
Unvalidated,2024371445207,2024,371445207,1,5,0,18,3,7,0,0,2,0,7,4,1,1,5,1,39,7,-1,-1,-1,-1,7,3,E01030069,0
Unvalidated,2024371445412,2024,371445412,1,5,0,18,7,3,0,0,0,0,0,0,1,1,5,1,63,9,-1,-1,-1,-1,7,3,E01021655,0
Unvalidated,2024371445412,2024,371445412,2,5,0,18,7,3,0,0,0,0,0,0,2,1,5,1,49,8,-1,-1,-1,-1,10,2,E01021739,0
Unvalidated,2024371445606,2024,371445606,1,9,0,18,7,3,0,0,0,0,0,0,3,1,6,1,65,9,-1,-1,-1,-1,7,3,E01029873,0
Unvalidated,2024371445606,2024,371445606,2,9,0,18,3,7,0,0,0,0,0,0,1,1,6,1,26,6,-1,-1,-1,-1,5,3,E01026409,0
Unvalidated,2024371445669,2024,371445669,1,9,0,9,2,3,0,1,0,0,0,0,4,1,2,1,24,5,-1,-1,-1,-1,4,3,E01030295,0
Unvalidated,2024371445669,2024,371445669,2,9,0,18,6,2,0,1,0,0,0,0,1,1,5,1,83,11,-1,-1,-1,-1,6,2,E01029227,0
Unvalidated,2024371445681,2024,371445681,1,9,0,18,2,6,0,2,0,0,0,0,1,1,5,1,71,10,-1,-1,-1,-1,8,1,E01030144,0
Unvalidated,2024371445681,2024,371445681,2,9,0,18,6,2,0,2,1,10,0,0,1,1,5,2,52,8,-1,-1,-1,-1,8,2,E01030145,0
Unvalidated,2024371445681,2024,371445681,3,21,1,18,2,6,0,2,0,0,0,0,1,1,1,1,42,7,-1,-1,-1,-1,5,1,E01015019,0
Unvalidated,2024371445681,2024,371445681,4,9,0,18,6,2,0,2,0,0,1,0,1,1,5,2,63,9,-1,-1,-1,-1,6,3,E01026494,0
Unvalidated,2024371445968,2024,371445968,1,9,0,18,8,3,0,0,0,0,0,0,3,1,5,1,33,6,-1,-1,-1,-1,8,2,E01026889,0
Unvalidated,2024371445968,2024,371445968,2,9,0,18,3,8,0,0,0,0,0,0,3,1,5,1,37,7,-1,-1,-1,-1,6,3,E01030059,0
Unvalidated,2024371446035,2024,371446035,1,3,0,18,3,1,0,0,0,0,0,0,4,1,1,1,26,6,-1,-1,-1,-1,4,1,E01030022,0
Unvalidated,2024371446035,2024,371446035,2,9,0,18,5,1,0,0,0,0,0,0,3,1,6,1,19,4,-1,-1,-1,-1,8,1,E01030004,0
Unvalidated,2024371446339,2024,371446339,1,19,-1,1,-1,-1,0,1,0,0,0,0,2,1,6,1,42,7,-1,-1,-1,-1,5,3,E01030066,0
Unvalidated,2024371446339,2024,371446339,2,2,0,4,-1,-1,0,1,0,0,0,0,1,1,5,1,16,4,-1,-1,-1,-1,6,3,E01026494,0
Unvalidated,2024371446366,2024,371446366,1,9,0,18,-1,-1,0,1,0,0,0,0,1,1,6,1,62,9,-1,-1,-1,-1,4,1,E01021698,0
Unvalidated,2024371446366,2024,371446366,2,1,0,18,-1,-1,0,1,0,0,0,0,4,1,2,1,20,4,-1,-1,-1,-1,6,3,E01030134,0
Unvalidated,2024371446376,2024,371446376,1,9,0,5,5,1,0,1,0,0,0,0,3,1,5,1,22,5,-1,-1,-1,-1,6,3,E01032525,0
Unvalidated,2024371446376,2024,371446376,2,9,0,18,3,7,0,1,0,0,0,0,1,1,1,2,77,11,-1,-1,-1,-1,9,1,E01030124,0
Unvalidated,2024371447020,2024,371447020,1,9,0,4,-1,-1,0,4,0,0,0,0,1,1,6,1,-1,-1,-1,-1,-1,-1,-1,-1,-1,0
Unvalidated,2024371447020,2024,371447020,2,9,0,4,-1,-1,0,4,0,0,0,0,2,1,5,2,58,9,-1,-1,-1,-1,8,1,E01030293,0
Unvalidated,2024371447029,2024,371447029,1,9,0,18,7,3,0,0,1,0,0,0,3,1,5,2,53,8,-1,-1,-1,-1,1,1,E01021968,0
Unvalidated,2024371447040,2024,371447040,1,98,0,4,-1,-1,0,4,0,0,0,0,1,1,6,1,-1,-1,-1,-1,-1,-1,-1,-1,-1,0
Unvalidated,2024371447040,2024,371447040,2,9,0,3,-1,-1,0,4,0,0,0,0,2,1,2,2,28,6,-1,-1,-1,-1,6,3,E01030041,0
Unvalidated,2024371447218,2024,371447218,1,9,0,9,1,5,0,8,0,0,3,9,1,1,2,1,29,6,-1,-1,-1,-1,10,1,E01000280,0
Unvalidated,2024371447286,2024,371447286,1,9,0,18,7,3,0,1,0,0,0,0,1,1,6,2,66,10,-1,-1,-1,-1,4,1,E01030225,0
Unvalidated,2024371447286,2024,371447286,2,9,0,18,5,1,0,1,0,0,0,0,1,1,6,1,56,9,-1,-1,-1,-1,5,3,E01026894,0