status,collision_index,collision_year,collision_reference,vehicle_reference,vehicle_type,towing_and_articulation,vehicle_manoeuvre,vehicle_direction_from,vehicle_direction_to,vehicle_location_restricted_lane,junction_location,skidding_and_overturning,hit_object_in_carriageway,vehicle_leaving_carriageway,hit_object_off_carriageway,first_point_of_impact,vehicle_left_hand_drive,journey_purpose_of_driver,sex_of_driver,age_of_driver,age_band_of_driver,engine_capacity_cc,propulsion_code,age_of_vehicle,generic_make_model,driver_imd_decile,driver_home_area_type,lsoa_of_driver,escooter_flag
Unvalidated,2024371447566,2024,371447566,1,9,0,5,8,2,0,0,0,0,0,0,4,1,5,1,80,11,-1,-1,-1,-1,5,1,E01030073,0
Unvalidated,2024371447566,2024,371447566,2,9,0,18,8,4,0,0,0,0,0,0,1,1,5,1,23,5,-1,-1,-1,-1,7,2,E01029885,0
Unvalidated,2024371447570,2024,371447570,1,9,0,18,6,2,0,1,0,0,0,0,4,1,6,2,53,8,-1,-1,-1,-1,7,2,E01033451,0
Unvalidated,2024371447570,2024,371447570,2,9,0,18,4,8,0,1,0,0,0,0,1,1,6,1,60,9,-1,-1,-1,-1,5,3,E01030094,0
Unvalidated,2024371447582,2024,371447582,1,9,0,18,1,3,0,0,0,0,0,0,1,1,1,1,37,7,-1,-1,-1,-1,5,2,E01033454,0
Unvalidated,2024371447582,2024,371447582,2,17,0,18,1,3,0,0,0,0,5,0,2,1,1,1,33,6,-1,-1,-1,-1,8,2,E01033429,0
Unvalidated,2024371447606,2024,371447606,1,9,0,18,5,1,0,0,0,0,0,0,4,1,6,1,78,11,-1,-1,-1,-1,2,1,E01029988,0
Unvalidated,2024371447629,2024,371447629,1,9,0,18,2,6,0,4,0,0,0,0,1,1,5,1,92,11,-1,-1,-1,-1,9,1,E01029967,0
Unvalidated,2024371447629,2024,371447629,2,9,0,18,8,3,0,3,0,0,0,0,4,1,5,2,59,9,-1,-1,-1,-1,6,1,E01029983,0
Unvalidated,2024371447642,2024,371447642,1,9,0,18,3,7,0,8,0,0,0,0,1,1,6,1,27,6,-1,-1,-1,-1,2,1,E01029969,0
Unvalidated,2024371447642,2024,371447642,2,9,0,9,3,1,0,8,0,0,0,0,2,1,2,2,42,7,-1,-1,-1,-1,6,1,E01030003,0
Unvalidated,2024371447788,2024,371447788,1,19,0,10,5,3,0,1,0,0,0,0,4,1,6,3,-1,-1,-1,-1,-1,-1,-1,-1,-1,0
Unvalidated,2024371447788,2024,371447788,2,1,0,18,1,5,5,1,0,0,0,0,1,1,6,1,12,3,-1,-1,-1,-1,6,1,E01030003,0
Unvalidated,2024371447880,2024,371447880,1,9,0,18,7,7,0,0,0,0,0,0,1,1,6,1,30,6,-1,-1,-1,-1,7,1,E01029964,0
Unvalidated,2024371447880,2024,371447880,2,9,0,4,7,7,0,0,0,0,0,0,2,1,6,1,48,8,-1,-1,-1,-1,5,1,E01029976,0
Unvalidated,2024371447880,2024,371447880,3,9,0,4,7,6,0,0,0,0,0,0,2,1,6,1,39,7,-1,-1,-1,-1,7,1,E01030184,0
Unvalidated,2024371448331,2024,371448331,1,9,-1,-1,-1,-1,-1,0,-1,-1,-1,0,-1,1,6,3,-1,-1,-1,-1,-1,-1,-1,-1,-1,0
Unvalidated,2024371448339,2024,371448339,1,1,0,18,8,4,0,1,2,0,0,0,1,1,6,1,36,7,-1,-1,-1,-1,9,3,E01030190,0
Unvalidated,2024371448339,2024,371448339,2,9,0,7,6,8,0,8,0,0,0,0,4,1,2,2,30,6,-1,-1,-1,-1,9,3,E01030190,0
Unvalidated,2024371448533,2024,371448533,1,9,0,18,3,7,0,0,0,0,0,0,1,1,6,1,31,6,-1,-1,-1,-1,6,3,E01029907,0
Unvalidated,2024371448731,2024,371448731,1,9,0,18,2,5,0,0,0,0,7,3,1,1,5,1,25,5,-1,-1,-1,-1,8,2,E01030145,0
Unvalidated,2024371448902,2024,371448902,1,9,0,18,3,7,0,0,0,0,1,0,1,1,6,2,39,7,-1,-1,-1,-1,6,2,E01030209,0
Unvalidated,2024371449385,2024,371449385,1,21,1,18,7,3,0,1,0,0,0,0,1,1,1,1,61,9,-1,-1,-1,-1,3,1,E01027188,0
Unvalidated,2024371449385,2024,371449385,2,21,0,18,7,3,0,1,0,0,0,0,2,1,1,1,58,9,-1,-1,-1,-1,1,1,E01009585,0
Unvalidated,2024371449523,2024,371449523,1,9,0,18,1,4,0,0,0,0,1,0,4,1,6,3,-1,-1,-1,-1,-1,-1,-1,-1,-1,0
Unvalidated,2024371449731,2024,371449731,1,9,0,15,3,7,0,0,0,0,0,0,0,1,6,3,-1,-1,-1,-1,-1,-1,-1,-1,-1,0
Unvalidated,2024371449731,2024,371449731,2,1,0,18,3,7,0,0,0,0,0,0,0,1,5,1,61,9,-1,-1,-1,-1,7,3,E01030083,0
Unvalidated,2024371449771,2024,371449771,1,9,0,6,1,5,0,1,0,0,0,0,3,1,6,1,70,10,-1,-1,-1,-1,6,2,E01030044,0
Unvalidated,2024371449771,2024,371449771,2,3,0,18,5,1,0,1,0,0,0,0,3,1,6,1,41,7,-1,-1,-1,-1,5,1,E01030030,0
Unvalidated,2024371449834,2024,371449834,1,9,0,4,1,5,0,0,0,0,0,0,2,1,6,2,56,9,-1,-1,-1,-1,3,1,E01030139,0
Unvalidated,2024371449834,2024,371449834,2,9,0,18,1,5,0,0,0,0,0,0,1,1,1,1,64,9,-1,-1,-1,-1,3,1,E01029968,0
Unvalidated,2024371449834,2024,371449834,3,9,0,18,1,5,0,0,0,0,0,0,1,1,6,2,25,5,-1,-1,-1,-1,6,1,E01030091,0
Unvalidated,2024371449834,2024,371449834,4,9,0,18,1,5,0,0,0,0,0,0,1,1,6,1,29,6,-1,-1,-1,-1,3,1,E01033046,0
Unvalidated,2024371449968,2024,371449968,1,9,0,18,-1,-1,0,0,0,0,0,0,3,1,6,1,84,11,-1,-1,-1,-1,6,3,E01030053,0
Unvalidated,2024371450204,2024,371450204,1,9,0,9,2,8,0,0,0,0,0,0,3,1,6,1,71,10,-1,-1,-1,-1,6,3,E01029876,0
Unvalidated,2024371450204,2024,371450204,2,4,0,13,8,4,0,0,5,0,0,0,1,1,6,1,25,5,-1,-1,-1,-1,2,1,E01029996,0
Unvalidated,2024371450346,2024,371450346,1,1,0,5,3,7,0,2,1,0,0,0,3,1,6,2,18,4,-1,-1,-1,-1,6,3,E01030212,0
Unvalidated,2024371450346,2024,371450346,2,9,0,18,1,5,0,2,0,0,0,0,1,1,1,1,57,9,-1,-1,-1,-1,5,3,E01030199,0
Unvalidated,2024371450366,2024,371450366,1,9,0,18,0,0,0,2,0,0,7,3,1,1,6,1,77,11,-1,-1,-1,-1,7,3,E01029901,0
Unvalidated,2024371450522,2024,371450522,1,19,0,18,3,7,0,0,0,0,0,0,2,1,6,1,53,8,-1,-1,-1,-1,5,1,E01030001,0
Unvalidated,2024371450522,2024,371450522,2,1,0,18,1,5,0,0,0,0,0,0,1,1,2,1,22,5,-1,-1,-1,-1,5,1,E01030001,0
Unvalidated,2024371450793,2024,371450793,1,9,0,11,7,3,9,1,0,0,1,0,1,1,6,2,27,6,-1,-1,-1,-1,-1,-1,-1,0
Unvalidated,2024371451092,2024,371451092,1,9,0,18,4,8,0,1,0,0,0,0,1,1,6,1,81,11,-1,-1,-1,-1,8,2,E01030121,0
Unvalidated,2024371451092,2024,371451092,2,9,0,10,7,3,0,1,0,0,0,0,2,1,6,1,38,7,-1,-1,-1,-1,8,3,E01030086,0
Unvalidated,2024371451092,2024,371451092,3,9,0,18,8,4,0,1,0,0,0,0,3,1,5,2,30,6,-1,-1,-1,-1,6,3,E01033541,0
Unvalidated,2024371451224,2024,371451224,1,9,0,18,7,3,0,8,0,0,0,0,1,1,6,1,25,5,-1,-1,-1,-1,6,3,E01018196,0
Unvalidated,2024371451224,2024,371451224,2,9,0,18,2,6,0,8,0,0,0,0,1,1,6,1,45,7,-1,-1,-1,-1,7,3,E01029945,0
Unvalidated,2024371451299,2024,371451299,1,98,0,18,1,5,0,8,0,0,0,0,1,1,5,1,27,6,-1,-1,-1,-1,6,3,E01021406,0
Unvalidated,2024371451299,2024,371451299,2,9,0,18,7,3,0,8,0,0,0,0,3,1,5,2,19,4,-1,-1,-1,-1,3,1,E01029916,0
Unvalidated,2024371451735,2024,371451735,1,9,0,5,2,2,0,0,0,0,0,0,2,1,6,2,53,8,-1,-1,-1,-1,5,2,E01029874,0
Unvalidated,2024371451735,2024,371451735,2,9,0,5,2,2,0,0,0,0,0,0,2,1,6,2,37,7,-1,-1,-1,-1,2,1,E01033122,0
Unvalidated,2024371451749,2024,371451749,1,5,0,18,5,1,0,0,0,11,5,6,1,1,6,1,-1,-1,-1,-1,-1,-1,-1,-1,-1,0
Unvalidated,2024371451749,2024,371451749,2,19,0,18,5,1,0,0,0,0,0,0,2,1,1,1,51,8,-1,-1,-1,-1,6,3,E01030081,0
Unvalidated,2024371451770,2024,371451770,1,2,0,9,3,1,0,0,0,0,0,0,1,1,5,1,17,4,-1,-1,-1,-1,6,3,E01021398,0
Unvalidated,2024371451770,2024,371451770,2,9,0,5,1,1,0,0,0,0,0,0,1,1,5,1,30,6,-1,-1,-1,-1,4,2,E01029892,0
Unvalidated,2024371451836,2024,371451836,1,9,0,-1,-1,-1,0,8,0,0,0,0,-1,1,6,1,43,7,-1,-1,-1,-1,4,1,E01033048,0
Unvalidated,2024371451836,2024,371451836,2,1,0,18,-1,-1,0,8,0,0,0,0,-1,1,6,2,56,9,-1,-1,-1,-1,9,1,E01030127,0
Unvalidated,2024371452173,2024,371452173,1,5,0,4,7,4,0,0,2,0,0,0,1,1,6,1,31,6,-1,-1,-1,-1,5,1,E01030106,0
Unvalidated,2024371452173,2024,371452173,2,19,0,9,6,3,0,0,0,0,0,0,0,1,6,1,44,7,-1,-1,-1,-1,-1,-1,-1,0
Unvalidated,2024371452275,2024,371452275,1,9,0,18,5,1,0,0,0,0,0,0,1,1,2,1,24,5,-1,-1,-1,-1,6,2,E01033453,0
Unvalidated,2024371452372,2024,371452372,1,5,-1,-1,-1,-1,-1,0,1,-1,-1,0,-1,1,6,1,50,8,-1,-1,-1,-1,5,2,E01029928,0
Unvalidated,2024371452439,2024,371452439,1,9,0,13,3,5,0,0,0,0,0,0,4,1,1,1,23,5,-1,-1,-1,-1,1,1,E01029994,0
Unvalidated,2024371452439,2024,371452439,2,9,0,18,3,6,0,0,0,0,0,0,4,1,2,1,21,5,-1,-1,-1,-1,7,1,E01033126,0
Unvalidated,2024371452454,2024,371452454,1,9,0,18,3,7,0,1,0,0,0,0,1,1,6,1,75,10,-1,-1,-1,-1,6,1,E01030240,0
Unvalidated,2024371452454,2024,371452454,2,9,0,8,3,5,0,1,0,0,0,0,2,1,5,2,48,8,-1,-1,-1,-1,2,1,E01030254,0
Unvalidated,2024371452937,2024,371452937,1,9,0,18,3,7,0,8,0,0,0,0,1,1,5,2,46,8,-1,-1,-1,-1,2,1,E01029988,0
Unvalidated,2024371452937,2024,371452937,2,9,0,9,7,5,0,8,0,0,0,0,2,1,5,2,42,7,-1,-1,-1,-1,4,1,E01030161,0
Unvalidated,2024371452937,2024,371452937,3,9,0,18,3,7,0,8,0,0,0,0,2,1,2,2,35,6,-1,-1,-1,-1,2,1,E01030168,0
Unvalidated,2024371452989,2024,371452989,1,9,0,18,5,1,0,0,1,0,1,0,4,1,5,1,26,6,-1,-1,-1,-1,4,2,E01029927,0
Unvalidated,2024371453057,2024,371453057,1,9,0,15,5,1,0,8,0,4,0,0,4,1,6,1,79,11,-1,-1,-1,-1,7,3,E01029911,0
Unvalidated,2024371453057,2024,371453057,2,9,0,2,0,0,0,1,0,0,0,0,4,1,6,2,46,8,-1,-1,-1,-1,6,3,E01029902,0
Unvalidated,2024371453426,2024,371453426,1,9,0,18,7,3,9,8,0,0,1,0,4,1,6,1,55,8,-1,-1,-1,-1,9,1,E01030142,0
Unvalidated,2024371453426,2024,371453426,2,9,0,2,7,3,0,8,0,0,1,0,4,1,6,3,-1,-1,-1,-1,-1,-1,-1,-1,-1,0
Unvalidated,2024371453643,2024,371453643,1,19,0,18,2,6,0,0,0,10,1,0,1,1,6,1,47,8,-1,-1,-1,-1,2,1,E01030248,0
Unvalidated,2024371453751,2024,371453751,1,9,0,18,3,7,0,8,0,0,0,0,1,1,5,1,31,6,-1,-1,-1,-1,6,1,E01029915,0
Unvalidated,2024371453751,2024,371453751,2,9,0,2,0,0,6,8,0,0,0,0,3,1,5,1,66,10,-1,-1,-1,-1,8,3,E01030197,0
Unvalidated,2024371453751,2024,371453751,3,9,0,5,1,3,0,8,0,0,0,0,3,1,5,2,70,10,-1,-1,-1,-1,9,1,E01033450,0
Unvalidated,2024371453872,2024,371453872,1,9,0,18,1,5,0,0,0,0,1,0,1,1,5,2,60,9,-1,-1,-1,-1,8,1,E01003660,0
Unvalidated,2024371453872,2024,371453872,2,21,0,18,5,1,0,0,0,0,0,0,3,1,1,1,61,9,-1,-1,-1,-1,7,3,E01030083,0
Unvalidated,2024371453872,2024,371453872,3,9,0,18,5,1,0,0,0,0,1,0,1,1,5,1,67,10,-1,-1,-1,-1,5,1,E01024383,0
Unvalidated,2024371453914,2024,371453914,1,9,0,-1,-1,-1,0,-1,0,0,0,0,1,1,6,2,53,8,-1,-1,-1,-1,2,1,E01030036,0
Unvalidated,2024371453959,2024,371453959,1,9,0,18,4,8,0,1,0,0,0,0,1,1,5,1,88,11,-1,-1,-1,-1,6,1,E01030112,0
Unvalidated,2024371453959,2024,371453959,2,19,0,2,7,8,0,1,0,0,0,0,2,1,1,1,58,9,-1,-1,-1,-1,4,2,E01030244,0
Unvalidated,2024371454173,2024,371454173,1,9,0,18,4,8,0,0,0,0,0,0,1,1,2,1,33,6,-1,-1,-1,-1,3,1,E01033046,0
Unvalidated,2024371454173,2024,371454173,2,9,0,18,4,8,0,0,0,0,0,0,2,1,1,1,54,8,-1,-1,-1,-1,5,3,E01030138,0
Unvalidated,2024371454173,2024,371454173,3,9,0,18,4,8,0,0,0,0,0,0,2,1,2,2,50,8,-1,-1,-1,-1,7,2,E01029923,0
Unvalidated,2024371454227,2024,371454227,1,9,0,18,3,7,0,0,0,0,0,0,1,1,6,1,80,11,-1,-1,-1,-1,5,3,E01030229,0
Unvalidated,2024371454227,2024,371454227,2,9,0,18,7,3,0,0,0,0,0,0,3,1,6,1,38,7,-1,-1,-1,-1,2,1,E01026633,0
Unvalidated,2024371454227,2024,371454227,3,9,0,18,7,3,0,0,0,0,0,0,3,1,6,2,53,8,-1,-1,-1,-1,7,1,E01028427,0
Unvalidated,2024371454277,2024,371454277,1,9,0,9,1,3,0,2,0,0,0,0,3,1,5,1,25,5,-1,-1,-1,-1,7,3,E01029911,0
Unvalidated,2024371454277,2024,371454277,2,9,0,9,1,3,0,2,0,0,0,0,1,1,5,2,28,6,-1,-1,-1,-1,7,3,E01029911,0
Unvalidated,2024371454358,2024,371454358,1,9,0,18,1,7,0,0,0,0,0,0,1,1,6,1,76,11,-1,-1,-1,-1,6,3,E01030150,0
Unvalidated,2024371454358,2024,371454358,2,9,0,18,7,3,0,0,0,0,0,0,3,1,2,1,36,7,-1,-1,-1,-1,2,1,E01029889,0
Unvalidated,2024371454359,2024,371454359,1,9,0,18,7,3,0,2,0,0,0,0,1,1,2,2,19,4,-1,-1,-1,-1,9,2,E01029893,0
Unvalidated,2024371454359,2024,371454359,2,9,0,4,7,3,0,1,0,0,0,0,2,1,2,2,43,7,-1,-1,-1,-1,5,2,E01029884,0
Unvalidated,2024371454359,2024,371454359,3,9,0,18,3,7,0,2,0,0,0,0,0,1,1,2,25,5,-1,-1,-1,-1,-1,-1,-1,0
Unvalidated,2024371454494,2024,371454494,1,19,0,2,4,7,0,0,0,0,0,0,3,1,1,1,46,8,-1,-1,-1,-1,10,2,E01029903,0
Unvalidated,2024371454494,2024,371454494,2,9,0,18,4,8,0,0,0,8,0,0,4,1,5,2,26,6,-1,-1,-1,-1,5,1,E01030215,0
Unvalidated,2024371454704,2024,371454704,1,9,0,5,2,8,0,1,0,0,0,0,1,1,5,2,53,8,-1,-1,-1,-1,6,2,E01033453,0
Unvalidated,2024371454704,2024,371454704,2,9,0,18,8,4,0,1,0,0,0,0,4,1,5,1,81,11,-1,-1,-1,-1,6,3,E01033453,0
Unvalidated,2024371454790,2024,371454790,1,9,0,9,1,3,0,8,0,0,0,0,1,1,6,2,55,8,-1,-1,-1,-1,6,3,E01030212,0
Unvalidated,2024371454790,2024,371454790,2,9,0,18,1,5,0,8,0,0,0,0,1,1,6,2,24,5,-1,-1,-1,-1,6,2,E01030209,0
Unvalidated,2024371455066,2024,371455066,1,9,0,18,6,3,0,0,0,0,0,0,4,1,1,1,44,7,-1,-1,-1,-1,3,1,E01029962,0
Unvalidated,2024371455066,2024,371455066,2,1,0,18,6,3,9,0,0,0,0,0,3,1,6,1,18,4,-1,-1,-1,-1,1,1,E01029980,0
Unvalidated,2024371455147,2024,371455147,1,9,0,-1,-1,-1,-1,0,-1,-1,-1,0,-1,1,6,2,43,7,-1,-1,-1,-1,7,1,E01030207,0
Unvalidated,2024371455147,2024,371455147,2,1,0,-1,-1,-1,-1,0,-1,-1,-1,0,1,1,6,1,55,8,-1,-1,-1,-1,10,1,E01030204,0
Unvalidated,2024371455255,2024,371455255,1,9,0,18,7,4,0,1,0,0,0,0,3,1,5,2,63,9,-1,-1,-1,-1,4,1,E01030028,0
Unvalidated,2024371455255,2024,371455255,2,9,0,2,0,0,0,2,0,0,0,0,3,1,1,1,57,9,-1,-1,-1,-1,9,1,E01029999,0
Unvalidated,2024371455278,2024,371455278,1,1,0,18,5,1,0,8,0,0,0,0,1,1,5,1,73,10,-1,-1,-1,-1,1,1,E01030247,0
Unvalidated,2024371455278,2024,371455278,2,11,0,18,-1,-1,0,-1,0,0,0,0,0,1,1,3,-1,-1,-1,-1,-1,-1,-1,-1,-1,0
Unvalidated,2024371455331,2024,371455331,1,9,0,18,-1,-1,0,1,0,0,0,0,1,1,5,1,82,11,-1,-1,-1,-1,7,3,E01021882,0
Unvalidated,2024371455331,2024,371455331,2,9,0,18,-1,-1,0,1,0,0,0,0,1,1,5,2,-1,-1,-1,-1,-1,-1,4,3,E01030208,0
Unvalidated,2024371455351,2024,371455351,1,8,0,18,-1,-1,0,1,0,0,0,0,1,1,6,1,-1,-1,-1,-1,-1,-1,-1,-1,-1,0
Unvalidated,2024371455498,2024,371455498,1,9,0,18,3,7,0,0,0,0,0,0,0,1,5,1,18,4,-1,-1,-1,-1,4,1,E01030113,0
Unvalidated,2024371455524,2024,371455524,1,9,0,5,5,1,0,4,0,0,0,0,1,1,6,1,40,7,-1,-1,-1,-1,8,3,E01029957,0
Unvalidated,2024371455524,2024,371455524,2,9,0,3,5,1,0,4,0,0,0,0,2,1,5,1,34,6,-1,-1,-1,-1,4,1,E01029949,0
Unvalidated,2024371455697,2024,371455697,1,9,0,18,1,5,0,0,5,4,0,0,1,1,6,1,89,11,-1,-1,-1,-1,7,1,E01030228,0
Unvalidated,2024371455697,2024,371455697,2,9,0,2,0,0,0,0,0,0,0,0,3,1,6,3,-1,-1,-1,-1,-1,-1,-1,-1,-1,0
Unvalidated,2024371455697,2024,371455697,3,19,0,2,0,0,0,0,0,0,0,0,1,1,6,3,-1,-1,-1,-1,-1,-1,-1,-1,-1,0
Unvalidated,2024371455780,2024,371455780,1,19,0,18,-1,-1,0,1,0,0,0,0,3,1,6,1,-1,-1,-1,-1,-1,-1,-1,-1,-1,0
Unvalidated,2024371455780,2024,371455780,2,19,0,3,-1,-1,0,1,0,0,0,0,3,1,2,1,21,5,-1,-1,-1,-1,5,3,E01026943,0
Unvalidated,2024371455782,2024,371455782,1,9,0,1,-1,-1,0,0,0,0,0,0,2,1,6,1,42,7,-1,-1,-1,-1,5,1,E01030105,0
Unvalidated,2024371455782,2024,371455782,2,9,0,2,-1,-1,0,0,0,0,0,0,2,1,5,1,55,8,-1,-1,-1,-1,9,3,E01022099,0
Unvalidated,2024371455843,2024,371455843,1,9,0,5,3,1,0,1,0,0,0,0,3,1,6,2,70,10,-1,-1,-1,-1,6,3,E01030053,0
Unvalidated,2024371455843,2024,371455843,2,3,0,18,1,5,0,1,0,0,0,0,1,1,6,1,28,6,-1,-1,-1,-1,6,3,E01030053,0
Unvalidated,2024371456651,2024,371456651,1,9,0,18,4,2,0,0,2,0,1,1,1,1,6,1,27,6,-1,-1,-1,-1,9,2,E01029893,0
Unvalidated,2024371457155,2024,371457155,1,9,0,18,2,5,0,2,0,0,0,0,1,1,5,2,48,8,-1,-1,-1,-1,10,1,E01004599,0
Unvalidated,2024371457155,2024,371457155,2,1,0,18,4,2,0,1,2,0,0,0,1,1,6,1,41,7,-1,-1,-1,-1,4,3,E01030295,0
Unvalidated,2024371457478,2024,371457478,1,9,0,18,3,7,0,0,0,0,0,0,3,1,2,1,44,7,-1,-1,-1,-1,5,1,E01030106,0
Unvalidated,2024371457588,2024,371457588,1,19,0,-1,-1,-1,0,1,0,0,0,0,0,1,6,1,46,8,-1,-1,-1,-1,9,1,E01030183,0
Unvalidated,2024371457588,2024,371457588,2,1,0,18,-1,-1,0,1,0,0,0,0,0,1,6,2,49,8,-1,-1,-1,-1,7,1,E01029991,0
Unvalidated,2024371457913,2024,371457913,1,9,0,18,6,2,0,0,0,0,0,0,3,2,6,1,56,9,-1,-1,-1,-1,6,1,E01030137,0
Unvalidated,2024371457913,2024,371457913,2,9,0,18,2,6,0,0,0,0,0,0,3,2,6,1,28,6,-1,-1,-1,-1,6,1,E01030143,0
Unvalidated,2024371458046,2024,371458046,1,98,0,4,4,8,0,4,0,0,0,0,1,1,6,1,49,8,-1,-1,-1,-1,5,1,E01029976,0
Unvalidated,2024371458046,2024,371458046,2,9,0,18,4,8,0,4,0,0,0,0,2,1,1,2,24,5,-1,-1,-1,-1,6,1,E01000231,0
Unvalidated,2024371458366,2024,371458366,1,9,0,18,2,5,0,4,0,0,0,0,1,1,5,2,59,9,-1,-1,-1,-1,7,2,E01029937,0
Unvalidated,2024371458366,2024,371458366,2,1,0,18,8,4,0,8,5,0,0,0,4,1,5,2,58,9,-1,-1,-1,-1,8,3,E01029957,0
Unvalidated,2024371458483,2024,371458483,1,9,0,18,1,5,0,2,0,0,0,0,4,1,6,1,80,11,-1,-1,-1,-1,9,1,E01030149,0
Unvalidated,2024371458483,2024,371458483,2,9,0,2,0,0,0,1,0,0,0,0,3,1,6,1,31,6,-1,-1,-1,-1,6,1,E01030091,0
Unvalidated,2024371458524,2024,371458524,1,9,0,18,7,3,0,0,1,0,7,11,1,1,5,2,40,7,-1,-1,-1,-1,8,2,E01030122,0
Unvalidated,2024371458524,2024,371458524,2,19,0,18,3,7,0,0,0,0,0,0,3,1,1,1,20,4,-1,-1,-1,-1,5,1,E01030106,0
Unvalidated,2024371458731,2024,371458731,1,9,0,9,1,5,0,1,0,0,0,0,3,1,6,1,63,9,-1,-1,-1,-1,3,1,E01030025,0
Unvalidated,2024371458731,2024,371458731,2,9,0,7,5,1,0,1,0,0,0,0,1,1,6,1,37,7,-1,-1,-1,-1,3,1,E01030025,0
Unvalidated,2024371459258,2024,371459258,1,5,0,18,2,6,0,0,0,0,0,0,1,1,6,1,25,5,-1,-1,-1,-1,6,3,E01033448,0
Unvalidated,2024371459486,2024,371459486,1,1,0,5,6,2,0,2,0,0,0,0,4,1,3,1,13,3,-1,-1,-1,-1,10,1,E01030179,0
Unvalidated,2024371459486,2024,371459486,2,90,0,18,5,1,0,2,0,0,0,0,4,1,1,1,48,8,-1,-1,-1,-1,7,3,E01030186,0
Unvalidated,2024371459689,2024,371459689,1,9,0,18,5,1,0,2,0,4,0,0,1,1,6,3,-1,-1,-1,-1,-1,-1,-1,-1,-1,0
Unvalidated,2024371459689,2024,371459689,2,9,0,2,0,0,0,2,0,0,0,0,4,1,6,3,-1,-1,-1,-1,-1,-1,-1,-1,-1,0
Unvalidated,2024371459689,2024,371459689,3,9,0,2,0,0,0,2,0,0,0,0,2,1,6,3,-1,-1,-1,-1,-1,-1,-1,-1,-1,0
Unvalidated,2024371459870,2024,371459870,1,9,0,18,3,1,9,1,0,0,1,0,1,1,6,2,77,11,-1,-1,-1,-1,7,3,E01029911,0
Unvalidated,2024371459870,2024,371459870,2,9,0,2,1,1,0,8,0,0,0,0,1,1,6,3,-1,-1,-1,-1,-1,-1,-1,-1,-1,0
Unvalidated,2024371459931,2024,371459931,1,9,0,18,7,3,0,0,0,0,0,0,4,1,3,1,38,7,-1,-1,-1,-1,5,1,E01030241,0
Unvalidated,2024371460331,2024,371460331,1,19,0,18,5,1,0,0,0,0,0,0,1,1,1,1,19,4,-1,-1,-1,-1,5,1,E01021493,0
Unvalidated,2024371460331,2024,371460331,2,19,0,18,1,5,0,0,0,0,0,0,1,1,1,1,47,8,-1,-1,-1,-1,8,3,E01033538,0
Unvalidated,2024371460352,2024,371460352,1,9,0,18,6,2,0,0,5,0,1,0,4,1,5,1,80,11,-1,-1,-1,-1,5,3,E01030286,0
Unvalidated,2024371460449,2024,371460449,1,9,0,5,8,6,0,1,0,0,0,0,1,1,5,2,17,4,-1,-1,-1,-1,9,1,E01033316,0
Unvalidated,2024371460449,2024,371460449,2,3,0,18,6,2,0,1,2,0,0,0,1,1,5,2,18,4,-1,-1,-1,-1,3,1,E01033051,0
Unvalidated,2024371460472,2024,371460472,1,9,-1,18,6,2,0,1,0,0,0,0,1,1,6,3,-1,-1,-1,-1,-1,-1,-1,-1,-1,0
Unvalidated,2024371460472,2024,371460472,2,1,0,18,2,6,0,1,0,0,0,0,1,1,5,1,13,3,-1,-1,-1,-1,2,1,E01021638,0
Unvalidated,2024371460523,2024,371460523,1,9,0,5,4,1,0,1,0,0,0,0,1,1,6,1,24,5,-1,-1,-1,-1,6,3,E01021406,0
Unvalidated,2024371460523,2024,371460523,2,9,0,3,4,1,0,1,0,0,0,0,2,1,6,2,34,6,-1,-1,-1,-1,9,2,E01029893,0
Unvalidated,2024371460773,2024,371460773,1,9,0,18,3,1,0,0,0,0,1,4,1,1,2,2,17,4,-1,-1,-1,-1,7,2,E01029873,0
Unvalidated,2024371460801,2024,371460801,1,9,0,18,7,3,0,0,1,0,7,4,1,1,5,1,22,5,-1,-1,-1,-1,5,1,E01030016,0
Unvalidated,2024371460826,2024,371460826,1,9,-1,-1,-1,-1,-1,0,-1,-1,-1,0,-1,1,6,2,40,7,-1,-1,-1,-1,-1,-1,-1,0
Unvalidated,2024371460826,2024,371460826,2,1,-1,-1,-1,-1,-1,0,-1,-1,1,0,-1,1,6,2,30,6,-1,-1,-1,-1,7,3,E01030200,0
Unvalidated,2024371460826,2024,371460826,3,9,-1,-1,-1,-1,-1,0,-1,-1,-1,0,-1,1,6,2,-1,-1,-1,-1,-1,-1,-1,-1,-1,0
Unvalidated,2024371460857,2024,371460857,1,9,0,18,5,1,0,2,0,0,1,0,1,1,6,1,58,9,-1,-1,-1,-1,6,1,E01029915,0
Unvalidated,2024371460857,2024,371460857,2,-1,0,-1,-1,-1,-1,2,0,0,0,0,-1,1,6,3,-1,-1,-1,-1,-1,-1,-1,-1,-1,0
Unvalidated,2024371460995,2024,371460995,1,9,0,5,7,2,0,1,0,0,0,0,3,2,5,2,75,10,-1,-1,-1,-1,8,2,E01030122,0
Unvalidated,2024371460995,2024,371460995,2,9,0,2,0,0,0,1,0,0,0,0,1,2,1,1,41,7,-1,-1,-1,-1,4,1,E01030115,0
Unvalidated,2024371461312,2024,371461312,1,9,0,18,6,2,0,0,0,0,0,0,1,1,5,1,75,10,-1,-1,-1,-1,6,3,E01030212,0
Unvalidated,2024371461312,2024,371461312,2,97,0,18,6,2,0,0,0,0,0,0,3,1,5,1,44,7,-1,-1,-1,-1,9,2,E01021736,0