status,collision_index,collision_year,collision_reference,vehicle_reference,vehicle_type,towing_and_articulation,vehicle_manoeuvre,vehicle_direction_from,vehicle_direction_to,vehicle_location_restricted_lane,junction_location,skidding_and_overturning,hit_object_in_carriageway,vehicle_leaving_carriageway,hit_object_off_carriageway,first_point_of_impact,vehicle_left_hand_drive,journey_purpose_of_driver,sex_of_driver,age_of_driver,age_band_of_driver,engine_capacity_cc,propulsion_code,age_of_vehicle,generic_make_model,driver_imd_decile,driver_home_area_type,lsoa_of_driver,escooter_flag
Unvalidated,2024371461346,2024,371461346,1,9,0,18,1,5,0,0,0,0,0,0,3,1,2,1,29,6,-1,-1,-1,-1,-1,-1,-1,0
Unvalidated,2024371461346,2024,371461346,2,19,0,18,5,2,0,0,0,0,0,0,3,1,2,1,36,7,-1,-1,-1,-1,8,1,E01029890,0
Unvalidated,2024371462037,2024,371462037,1,9,0,18,5,1,0,0,0,0,6,9,1,1,2,1,62,9,-1,-1,-1,-1,4,3,E01026656,0
Unvalidated,2024371462037,2024,371462037,2,9,0,9,5,1,0,0,0,0,0,0,2,1,1,1,43,7,-1,-1,-1,-1,5,3,E01029941,0
Unvalidated,2024371462048,2024,371462048,1,5,0,18,5,1,0,1,2,0,0,0,1,1,6,1,37,7,-1,-1,-1,-1,1,1,E01029982,0
Unvalidated,2024371462048,2024,371462048,2,19,0,18,5,1,0,1,0,0,0,0,2,1,1,1,29,6,-1,-1,-1,-1,5,1,E01033719,0
Unvalidated,2024371462063,2024,371462063,1,9,0,18,7,3,0,0,0,0,0,0,1,1,5,2,22,5,-1,-1,-1,-1,5,3,E01033446,0
Unvalidated,2024371462063,2024,371462063,2,9,0,18,7,3,0,0,0,0,0,0,1,1,5,2,55,8,-1,-1,-1,-1,2,1,E01021322,0
Unvalidated,2024371462171,2024,371462171,1,98,0,18,1,5,0,0,0,0,0,0,1,1,1,1,43,7,-1,-1,-1,-1,9,2,E01018013,0
Unvalidated,2024371462171,2024,371462171,2,1,0,18,1,5,0,0,0,0,0,0,2,1,1,1,52,8,-1,-1,-1,-1,9,2,E01018013,0
Unvalidated,2024371462572,2024,371462572,1,9,0,9,4,2,0,8,0,0,0,0,1,1,6,2,36,7,-1,-1,-1,-1,4,1,E01030270,0
Unvalidated,2024371462572,2024,371462572,2,97,0,18,2,6,0,1,0,0,0,0,1,1,6,1,67,10,-1,-1,-1,-1,1,1,E01030247,0
Unvalidated,2024371462772,2024,371462772,1,19,-1,-1,6,3,-1,-1,0,0,0,0,4,1,6,1,20,4,-1,-1,-1,-1,10,1,E01029908,0
Unvalidated,2024371463102,2024,371463102,1,3,0,13,4,8,0,0,0,0,0,0,1,1,6,2,19,4,-1,-1,-1,-1,5,3,E01033435,0
Unvalidated,2024371463102,2024,371463102,2,9,0,9,5,1,0,0,0,0,0,0,3,1,6,2,33,6,-1,-1,-1,-1,1,1,E01026793,0
Unvalidated,2024371463441,2024,371463441,1,3,0,18,5,1,0,0,0,0,0,0,0,1,5,1,30,6,-1,-1,-1,-1,2,1,E01030227,0
Unvalidated,2024371463561,2024,371463561,1,9,0,9,5,2,0,8,0,0,0,0,1,1,6,1,74,10,-1,-1,-1,-1,4,3,E01030201,0
Unvalidated,2024371463561,2024,371463561,2,97,0,18,2,6,0,8,0,0,0,0,1,1,6,1,17,4,-1,-1,-1,-1,4,3,E01030201,0
Unvalidated,2024371463575,2024,371463575,1,9,0,18,3,7,0,8,0,0,0,0,1,1,5,1,22,5,-1,-1,-1,-1,6,1,E01030006,0
Unvalidated,2024371463575,2024,371463575,2,9,0,9,1,7,0,8,0,0,0,0,4,1,5,1,19,4,-1,-1,-1,-1,6,3,E01029902,0
Unvalidated,2024371463766,2024,371463766,1,9,0,4,-1,-1,0,0,0,0,0,0,1,1,6,2,-1,-1,-1,-1,-1,-1,-1,-1,-1,0
Unvalidated,2024371463766,2024,371463766,2,9,0,3,-1,-1,0,0,0,0,0,0,2,1,5,2,55,8,-1,-1,-1,-1,9,3,E01029905,0
Unvalidated,2024371463804,2024,371463804,1,9,0,18,-1,-1,0,0,0,0,0,0,4,1,6,1,32,6,-1,-1,-1,-1,8,1,E01029890,0
Unvalidated,2024371463815,2024,371463815,1,9,0,18,-1,-1,0,1,1,0,2,0,4,1,5,1,25,5,-1,-1,-1,-1,5,3,E01030199,0
Unvalidated,2024371463945,2024,371463945,1,9,0,18,2,6,0,0,0,0,1,0,1,1,5,2,19,4,-1,-1,-1,-1,8,1,E01029887,0
Unvalidated,2024371464141,2024,371464141,1,9,-1,-1,-1,-1,-1,0,-1,-1,-1,0,-1,1,6,1,-1,-1,-1,-1,-1,-1,-1,-1,-1,0
Unvalidated,2024371464143,2024,371464143,1,9,0,18,8,4,0,1,0,0,0,0,1,1,2,2,22,5,-1,-1,-1,-1,6,3,E01030037,0
Unvalidated,2024371464143,2024,371464143,2,9,0,18,2,6,0,1,0,0,0,0,1,1,2,2,58,9,-1,-1,-1,-1,6,3,E01030056,0
Unvalidated,2024371465159,2024,371465159,1,9,0,18,5,1,0,0,0,0,1,0,1,1,5,2,58,9,-1,-1,-1,-1,5,1,E01021994,0
Unvalidated,2024371465253,2024,371465253,1,97,0,18,7,3,0,0,0,0,0,0,0,1,6,1,43,7,-1,-1,-1,-1,7,3,E01030082,0
Unvalidated,2024371465256,2024,371465256,1,9,0,11,7,3,0,0,0,0,0,0,1,1,5,1,29,6,-1,-1,-1,-1,7,1,E01033500,0
Unvalidated,2024371465256,2024,371465256,2,9,0,18,7,3,0,0,0,0,0,0,2,1,5,2,52,8,-1,-1,-1,-1,5,3,E01018051,0
Unvalidated,2024371466052,2024,371466052,1,9,0,1,7,3,0,0,0,0,0,0,2,1,1,2,63,9,-1,-1,-1,-1,7,3,E01029875,0
Unvalidated,2024371466052,2024,371466052,2,9,0,18,5,1,0,0,0,0,0,0,4,1,1,1,35,6,-1,-1,-1,-1,3,1,E01029914,0
Unvalidated,2024371466281,2024,371466281,1,9,0,18,7,3,0,8,0,0,0,0,1,1,5,2,85,11,-1,-1,-1,-1,4,3,E01026898,0
Unvalidated,2024371466281,2024,371466281,2,21,0,18,5,1,0,1,0,0,0,0,1,1,1,1,60,9,-1,-1,-1,-1,7,3,E01026533,0
Unvalidated,2024371466424,2024,371466424,1,9,0,18,5,1,0,0,0,0,7,0,1,1,2,1,19,4,-1,-1,-1,-1,7,2,E01030153,0
Unvalidated,2024371466424,2024,371466424,2,9,0,18,5,1,0,0,0,0,7,0,3,1,5,1,81,11,-1,-1,-1,-1,6,2,E01030209,0
Unvalidated,2024371466465,2024,371466465,1,98,0,18,4,8,0,0,0,12,0,0,1,1,1,1,62,9,-1,-1,-1,-1,7,3,E01030038,0
Unvalidated,2024371466497,2024,371466497,1,9,0,7,3,1,0,2,0,0,0,0,4,1,5,1,18,4,-1,-1,-1,-1,6,3,E01033453,0
Unvalidated,2024371466497,2024,371466497,2,9,0,18,1,5,0,1,0,0,0,0,3,1,5,1,25,5,-1,-1,-1,-1,6,1,E01026469,0
Unvalidated,2024371466527,2024,371466527,1,98,0,9,5,3,0,5,0,0,7,11,1,1,6,1,-1,-1,-1,-1,-1,-1,-1,-1,-1,0
Unvalidated,2024371466527,2024,371466527,2,9,0,18,1,5,0,1,0,0,0,0,1,1,2,1,-1,-1,-1,-1,-1,-1,6,3,E01029876,0
Unvalidated,2024371466709,2024,371466709,1,9,0,7,4,8,0,0,0,0,0,0,3,1,1,2,48,8,-1,-1,-1,-1,10,1,E01030195,0
Unvalidated,2024371466709,2024,371466709,2,9,0,18,3,7,0,0,0,0,0,0,4,1,2,2,33,6,-1,-1,-1,-1,7,1,E01030155,0
Unvalidated,2024371466734,2024,371466734,1,9,0,5,4,8,0,0,0,0,0,0,3,1,5,2,50,8,-1,-1,-1,-1,5,1,E01029960,0
Unvalidated,2024371466734,2024,371466734,2,1,0,18,4,8,0,0,0,0,0,0,1,1,5,1,13,3,-1,-1,-1,-1,2,1,E01029971,0
Unvalidated,2024371466973,2024,371466973,1,9,0,1,4,1,0,0,0,0,0,0,2,1,5,2,51,8,-1,-1,-1,-1,3,1,E01029962,0
Unvalidated,2024371466973,2024,371466973,2,9,0,18,7,3,0,0,0,0,0,0,4,1,2,1,49,8,-1,-1,-1,-1,3,1,E01029962,0
Unvalidated,2024371467759,2024,371467759,1,97,0,12,5,1,0,0,0,11,1,9,4,1,5,1,49,8,-1,-1,-1,-1,1,1,E01030018,0
Unvalidated,2024371467878,2024,371467878,1,9,0,18,7,3,0,0,0,0,0,0,4,1,5,2,75,10,-1,-1,-1,-1,4,1,E01030022,0
Unvalidated,2024371467878,2024,371467878,2,9,0,4,7,3,0,0,0,0,0,0,2,1,5,1,45,7,-1,-1,-1,-1,7,1,E01030007,0
Unvalidated,2024371467878,2024,371467878,3,9,0,18,7,3,0,0,0,0,0,0,0,1,1,1,47,8,-1,-1,-1,-1,2,1,E01030031,0
Unvalidated,2024371467937,2024,371467937,1,1,0,18,1,5,0,0,0,0,0,0,0,1,5,1,48,8,-1,-1,-1,-1,3,1,E01021649,0
Unvalidated,2024371467937,2024,371467937,2,9,4,18,5,1,0,0,0,0,0,0,0,1,2,1,58,9,-1,-1,-1,-1,6,1,E01030005,0
Unvalidated,2024371468158,2024,371468158,1,9,0,18,5,1,0,0,0,0,0,0,4,1,5,1,41,7,-1,-1,-1,-1,2,1,E01030248,0
Unvalidated,2024371468158,2024,371468158,2,1,0,5,7,3,0,0,0,0,0,0,1,1,5,1,12,3,-1,-1,-1,-1,2,1,E01030265,0
Unvalidated,2024371468174,2024,371468174,1,9,0,18,7,3,0,4,0,0,0,0,0,1,5,2,39,7,-1,-1,-1,-1,2,1,E01030289,0
Unvalidated,2024371468174,2024,371468174,2,97,0,18,5,3,0,4,0,0,0,0,0,1,5,2,52,8,-1,-1,-1,-1,3,1,E01030287,0
Unvalidated,2024371468194,2024,371468194,1,9,0,18,8,4,0,0,0,10,3,0,1,1,6,1,46,8,-1,-1,-1,-1,6,1,E01030002,0
Unvalidated,2024371468254,2024,371468254,1,97,0,18,1,5,9,1,0,0,0,0,0,1,6,1,20,4,-1,-1,-1,-1,-1,-1,-1,0
Unvalidated,2024371468398,2024,371468398,1,19,0,18,1,5,0,1,1,0,0,0,3,1,5,1,41,7,-1,-1,-1,-1,1,1,E01030279,0
Unvalidated,2024371468398,2024,371468398,2,9,0,10,1,7,0,1,0,0,0,0,4,1,5,2,59,9,-1,-1,-1,-1,5,1,E01030266,0
Unvalidated,2024371468398,2024,371468398,3,9,0,18,5,1,0,1,0,0,0,0,3,1,5,1,64,9,-1,-1,-1,-1,9,1,E01030268,0
Unvalidated,2024371468717,2024,371468717,1,9,0,5,7,3,0,1,0,0,0,0,1,1,2,1,19,4,-1,-1,-1,-1,10,1,E01030179,0
Unvalidated,2024371468717,2024,371468717,2,9,0,3,7,3,0,1,0,0,0,0,2,1,2,1,58,9,-1,-1,-1,-1,10,1,E01030181,0
Unvalidated,2024371468868,2024,371468868,1,9,0,18,3,7,0,0,0,0,0,0,1,1,5,1,31,6,-1,-1,-1,-1,8,1,E01030000,0
Unvalidated,2024371468868,2024,371468868,2,9,0,18,7,3,0,0,0,0,0,0,1,1,5,2,33,6,-1,-1,-1,-1,10,1,E01030179,0
Unvalidated,2024371468896,2024,371468896,1,9,0,18,5,1,0,0,0,0,0,0,1,1,5,1,73,10,-1,-1,-1,-1,6,3,E01030198,0
Unvalidated,2024371468896,2024,371468896,2,9,0,4,5,1,0,0,0,0,0,0,2,1,5,1,38,7,-1,-1,-1,-1,6,1,E01029983,0
Unvalidated,2024371469160,2024,371469160,1,9,0,18,4,8,0,0,0,4,0,0,3,1,5,2,21,5,-1,-1,-1,-1,2,1,E01030036,0
Unvalidated,2024371469160,2024,371469160,2,9,0,2,0,0,0,0,0,0,0,0,3,1,5,2,38,7,-1,-1,-1,-1,-1,-1,-1,0
Unvalidated,2024371469160,2024,371469160,3,9,0,2,0,0,0,0,0,0,0,0,1,1,5,1,27,6,-1,-1,-1,-1,2,1,E01030036,0
Unvalidated,2024371469196,2024,371469196,1,9,0,18,2,4,0,2,0,0,3,0,1,1,6,1,29,6,-1,-1,-1,-1,10,2,E01029904,0
Unvalidated,2024371469318,2024,371469318,1,9,0,18,3,7,0,0,0,0,0,0,1,1,2,2,34,6,-1,-1,-1,-1,8,2,E01030121,0
Unvalidated,2024371469318,2024,371469318,2,1,0,18,2,4,0,0,0,0,0,0,3,1,5,1,10,2,-1,-1,-1,-1,10,2,E01030085,0
Unvalidated,2024371469349,2024,371469349,1,9,0,9,2,6,0,8,0,0,0,0,1,1,5,1,70,10,-1,-1,-1,-1,6,1,E01032523,0
Unvalidated,2024371469349,2024,371469349,2,9,0,18,3,7,0,8,0,0,0,0,1,1,1,2,37,7,-1,-1,-1,-1,9,1,E01030191,0
Unvalidated,2024371469352,2024,371469352,1,9,0,18,8,2,0,0,0,0,0,0,1,1,6,1,52,8,-1,-1,-1,-1,4,2,E01029929,0
Unvalidated,2024371469352,2024,371469352,2,9,0,18,4,2,0,0,0,0,0,0,1,1,6,2,72,10,-1,-1,-1,-1,6,1,E01030130,0
Unvalidated,2024371469642,2024,371469642,1,9,0,18,2,6,0,0,0,0,0,0,3,1,5,2,26,6,-1,-1,-1,-1,2,1,E01030036,0
Unvalidated,2024371469642,2024,371469642,2,9,0,18,1,7,0,0,0,0,0,0,4,1,5,1,28,6,-1,-1,-1,-1,5,1,E01030215,0
Unvalidated,2024371469684,2024,371469684,1,9,0,1,1,6,0,0,0,0,0,0,1,1,5,1,21,5,-1,-1,-1,-1,3,1,E01030257,0
Unvalidated,2024371469684,2024,371469684,2,9,0,1,1,4,9,0,0,0,0,0,4,1,5,1,54,8,-1,-1,-1,-1,3,1,E01030257,0
Unvalidated,2024371471014,2024,371471014,1,9,0,9,6,2,0,1,0,0,0,0,2,1,2,2,57,9,-1,-1,-1,-1,1,1,E01033130,0
Unvalidated,2024371471014,2024,371471014,2,9,0,18,2,6,0,1,0,0,0,0,1,1,2,2,21,5,-1,-1,-1,-1,4,1,E01033128,0
Unvalidated,2024371472113,2024,371472113,1,1,0,18,7,3,0,2,0,0,0,0,0,1,6,1,43,7,-1,-1,-1,-1,1,1,E01030258,0
Unvalidated,2024371472113,2024,371472113,2,9,0,18,7,3,0,1,0,0,0,0,0,1,6,1,35,6,-1,-1,-1,-1,2,1,E01030264,0
Unvalidated,2024371472374,2024,371472374,1,9,0,18,2,6,0,1,0,0,0,0,1,1,6,1,19,4,-1,-1,-1,-1,7,3,E01030200,0
Unvalidated,2024371472374,2024,371472374,2,9,0,18,6,1,0,1,0,0,0,0,1,1,6,2,19,4,-1,-1,-1,-1,6,3,E01030059,0
Unvalidated,2024371472389,2024,371472389,1,9,0,13,5,1,0,0,0,0,0,0,3,1,5,1,75,10,-1,-1,-1,-1,10,1,E01030195,0
Unvalidated,2024371472389,2024,371472389,2,9,0,13,5,1,0,0,2,0,0,0,1,1,5,1,54,8,-1,-1,-1,-1,7,2,E01030243,0
Unvalidated,2024371472485,2024,371472485,1,21,1,18,7,4,0,0,0,0,0,0,3,1,1,1,58,9,-1,-1,-1,-1,3,1,E01018083,0
Unvalidated,2024371472485,2024,371472485,2,9,0,18,7,4,0,0,0,0,0,0,4,1,5,1,68,10,-1,-1,-1,-1,10,1,E01017373,0
Unvalidated,2024371472485,2024,371472485,3,21,1,2,1,8,0,0,0,0,0,0,2,1,1,2,43,7,-1,-1,-1,-1,7,3,E01026421,0
Unvalidated,2024371473758,2024,371473758,1,9,0,18,1,5,0,8,0,0,0,0,1,1,6,1,21,5,-1,-1,-1,-1,2,1,E01030254,0
Unvalidated,2024371473758,2024,371473758,2,9,0,18,7,3,0,8,5,0,7,0,4,1,6,1,30,6,-1,-1,-1,-1,8,1,E01033044,0
Unvalidated,2024371475056,2024,371475056,1,9,0,9,7,4,0,8,0,0,0,0,4,1,5,1,56,9,-1,-1,-1,-1,7,3,E01030051,0
Unvalidated,2024371475056,2024,371475056,2,9,0,18,4,7,0,8,0,0,0,0,1,1,1,2,39,7,-1,-1,-1,-1,8,3,E01033116,0
Unvalidated,2024371475123,2024,371475123,1,9,0,18,5,1,0,0,0,0,0,0,1,1,5,2,81,11,-1,-1,-1,-1,6,1,E01004748,0
Unvalidated,2024371475123,2024,371475123,2,9,0,18,1,5,0,0,0,0,0,0,1,1,5,1,70,10,-1,-1,-1,-1,6,3,E01030218,0
Unvalidated,2024371475180,2024,371475180,1,9,0,18,1,5,0,8,0,0,7,0,1,1,5,1,41,7,-1,-1,-1,-1,7,3,E01030083,0
Unvalidated,2024371487124,2024,371487124,1,9,0,18,8,4,0,0,0,0,0,0,1,1,5,2,66,10,-1,-1,-1,-1,8,3,E01030048,0
Unvalidated,2024371487426,2024,371487426,1,98,0,18,7,3,0,0,0,0,0,0,1,1,6,1,48,8,-1,-1,-1,-1,2,1,E01029938,0
Unvalidated,2024371487426,2024,371487426,2,21,1,18,7,3,0,0,0,0,0,0,2,1,1,1,68,10,-1,-1,-1,-1,8,1,E01016763,0
Unvalidated,2024371487426,2024,371487426,3,9,0,18,7,3,0,0,0,0,0,0,3,1,1,1,34,6,-1,-1,-1,-1,6,2,E01018042,0
Unvalidated,2024371487426,2024,371487426,4,9,0,18,7,3,0,0,0,0,0,0,3,1,6,1,-1,-1,-1,-1,-1,-1,-1,-1,-1,0
Unvalidated,2024371497570,2024,371497570,1,9,0,18,7,3,0,0,0,4,0,0,1,1,6,1,42,7,-1,-1,-1,-1,5,3,E01029941,0
Unvalidated,2024371497570,2024,371497570,2,9,0,2,0,0,0,0,0,4,0,0,1,1,6,3,-1,-1,-1,-1,-1,-1,-1,-1,-1,0
Unvalidated,2024371497570,2024,371497570,3,9,0,2,0,0,0,0,0,0,0,0,2,1,6,3,-1,-1,-1,-1,-1,-1,-1,-1,-1,0
Unvalidated,2024371497990,2024,371497990,1,90,0,18,1,5,9,0,1,0,0,0,1,1,6,1,4,1,-1,-1,-1,-1,2,1,E01029971,0
Unvalidated,2024371497990,2024,371497990,2,9,0,18,7,3,0,0,0,0,0,0,4,1,2,1,21,5,-1,-1,-1,-1,4,1,E01029970,0
Unvalidated,2024371503821,2024,371503821,1,9,0,18,1,7,0,0,0,0,0,0,1,1,5,1,31,6,-1,-1,-1,-1,1,1,E01030249,0
Unvalidated,2024401395092,2024,401395092,1,19,0,9,-1,-1,-1,3,0,9,0,0,1,1,6,3,-1,-1,-1,-1,-1,-1,-1,-1,-1,0
Unvalidated,2024401395803,2024,401395803,1,9,0,5,4,8,0,0,0,0,0,0,1,1,6,1,-1,-1,-1,-1,-1,-1,-1,-1,-1,0
Unvalidated,2024401395803,2024,401395803,2,9,0,3,4,8,0,0,0,0,0,0,2,1,5,2,31,6,-1,-1,-1,-1,10,2,E01017393,0
Unvalidated,2024401395837,2024,401395837,1,9,0,7,-1,-1,0,1,0,0,0,0,1,1,2,1,29,6,-1,-1,-1,-1,8,1,E01017488,0
Unvalidated,2024401395837,2024,401395837,2,90,0,18,-1,-1,0,8,0,0,0,0,3,1,6,1,-1,-1,-1,-1,-1,-1,-1,-1,-1,0
Unvalidated,2024401395865,2024,401395865,1,9,0,9,7,3,0,4,0,0,3,0,1,1,6,1,81,11,-1,-1,-1,-1,10,1,E01031296,0
Unvalidated,2024401395865,2024,401395865,2,9,0,9,3,1,0,3,0,0,0,0,1,1,6,1,28,6,-1,-1,-1,-1,8,1,E01017529,0
Unvalidated,2024401395988,2024,401395988,1,97,0,7,5,7,0,1,0,0,0,0,1,1,6,3,-1,-1,-1,-1,-1,-1,-1,-1,-1,0
Unvalidated,2024401395988,2024,401395988,2,90,0,18,5,7,0,1,0,0,0,0,3,1,6,1,17,4,-1,-1,-1,-1,1,1,E01015732,1
Unvalidated,2024401396207,2024,401396207,1,19,0,18,-1,-1,-1,8,0,0,0,0,-1,1,6,3,-1,-1,-1,-1,-1,-1,-1,-1,-1,0
Unvalidated,2024401396207,2024,401396207,2,9,0,18,-1,-1,-1,8,0,0,0,0,-1,1,6,1,-1,-1,-1,-1,-1,-1,5,1,E01015763,0
Unvalidated,2024401396207,2024,401396207,3,9,-1,18,-1,-1,-1,8,0,0,0,0,-1,1,6,2,49,8,-1,-1,-1,-1,8,1,E01015805,0
Unvalidated,2024401396322,2024,401396322,1,9,-1,13,-1,-1,0,0,0,0,0,0,3,1,6,3,-1,-1,-1,-1,-1,-1,-1,-1,-1,0
Unvalidated,2024401396347,2024,401396347,1,9,0,18,3,7,0,0,0,0,0,0,1,1,5,1,-1,-1,-1,-1,-1,-1,-1,-1,-1,0
Unvalidated,2024401396347,2024,401396347,2,9,0,18,3,7,0,0,0,0,0,0,2,1,6,2,41,7,-1,-1,-1,-1,6,1,E01017623,0
Unvalidated,2024401396385,2024,401396385,1,9,0,18,2,6,0,0,1,0,0,0,1,1,5,3,-1,-1,-1,-1,-1,-1,-1,-1,-1,0
Unvalidated,2024401396385,2024,401396385,2,9,0,18,6,2,0,0,0,0,0,0,1,1,5,2,55,8,-1,-1,-1,-1,6,1,E01017578,0
Unvalidated,2024401396385,2024,401396385,3,9,0,18,2,6,0,0,0,0,0,0,3,1,5,1,67,10,-1,-1,-1,-1,1,1,E01015789,0
Unvalidated,2024401396385,2024,401396385,4,9,0,18,2,6,0,0,0,0,0,0,0,1,1,1,-1,-1,-1,-1,-1,-1,-1,-1,-1,0
Unvalidated,2024401396466,2024,401396466,1,9,0,18,8,4,0,0,1,0,1,9,1,1,2,2,25,5,-1,-1,-1,-1,4,1,E01016725,0
Unvalidated,2024401396664,2024,401396664,1,9,-1,-1,-1,-1,-1,-1,-1,-1,-1,0,-1,1,6,3,-1,-1,-1,-1,-1,-1,-1,-1,-1,0
Unvalidated,2024401396805,2024,401396805,1,8,0,18,-1,-1,0,0,0,0,0,0,1,1,1,1,50,8,-1,-1,-1,-1,2,1,E01017531,0
Unvalidated,2024401396831,2024,401396831,1,9,0,9,2,6,0,2,0,0,0,0,1,1,2,2,39,7,-1,-1,-1,-1,5,1,E01015763,0
Unvalidated,2024401396871,2024,401396871,1,9,0,11,-1,-1,0,1,0,0,0,0,4,1,6,3,-1,-1,-1,-1,-1,-1,-1,-1,-1,0
Unvalidated,2024401396871,2024,401396871,2,1,0,14,-1,-1,4,1,0,0,0,0,3,1,2,1,43,7,-1,-1,-1,-1,10,1,E01017610,0
Unvalidated,2024401397079,2024,401397079,1,9,0,5,3,7,0,4,0,0,0,0,1,1,5,1,77,11,-1,-1,-1,-1,9,1,E01015708,0
Unvalidated,2024401397079,2024,401397079,2,1,0,18,3,7,0,8,0,0,0,0,2,1,2,1,23,5,-1,-1,-1,-1,3,1,E01017400,0
Unvalidated,2024401397086,2024,401397086,1,9,0,18,5,1,0,0,0,0,0,0,1,1,6,3,-1,-1,-1,-1,-1,-1,-1,-1,-1,0
Unvalidated,2024401397132,2024,401397132,1,9,0,7,4,6,0,4,0,0,0,0,1,1,6,2,42,7,-1,-1,-1,-1,3,1,E01015783,0
Unvalidated,2024401397132,2024,401397132,2,1,0,18,1,6,0,3,0,0,0,0,4,1,2,2,45,7,-1,-1,-1,-1,5,1,E01015746,0
Unvalidated,2024401397143,2024,401397143,1,9,0,4,1,5,0,1,0,0,0,0,2,1,6,1,51,8,-1,-1,-1,-1,2,1,E01015760,0
Unvalidated,2024401397143,2024,401397143,2,9,0,18,1,5,0,1,0,0,0,0,1,1,6,1,73,10,-1,-1,-1,-1,2,1,E01001557,0
Unvalidated,2024401397233,2024,401397233,1,9,0,18,1,5,0,0,0,0,0,0,1,1,6,2,-1,-1,-1,-1,-1,-1,-1,-1,-1,0
Unvalidated,2024401397233,2024,401397233,2,90,0,18,3,7,0,0,0,0,0,0,3,1,1,1,14,3,-1,-1,-1,-1,5,1,E01017597,0
Unvalidated,2024401397683,2024,401397683,1,9,0,18,6,2,0,8,0,0,0,0,3,1,6,2,39,7,-1,-1,-1,-1,4,1,E01015711,0
Unvalidated,2024401397683,2024,401397683,2,9,0,5,4,8,0,8,0,0,0,0,1,1,6,1,45,7,-1,-1,-1,-1,1,1,E01015772,0
Unvalidated,2024401398425,2024,401398425,1,9,0,18,3,7,0,8,0,0,0,0,1,1,6,3,-1,-1,-1,-1,-1,-1,-1,-1,-1,0
Unvalidated,2024401398425,2024,401398425,2,9,0,18,5,1,0,8,0,0,0,0,4,1,2,2,57,9,-1,-1,-1,-1,2,1,E01015781,0
Unvalidated,2024401398467,2024,401398467,1,9,0,18,-1,-1,0,1,0,0,0,0,1,1,6,1,57,9,-1,-1,-1,-1,9,2,E01017445,0
Unvalidated,2024401398467,2024,401398467,2,9,0,4,-1,-1,0,1,0,0,0,0,2,1,3,2,44,7,-1,-1,-1,-1,9,2,E01017445,0
Unvalidated,2024401398471,2024,401398471,1,9,0,18,2,6,0,6,0,0,1,0,1,1,6,2,-1,-1,-1,-1,-1,-1,-1,-1,-1,0
Unvalidated,2024401398471,2024,401398471,2,1,0,5,4,8,0,8,2,0,0,0,1,1,2,1,31,6,-1,-1,-1,-1,9,1,E01017614,0
Unvalidated,2024401398755,2024,401398755,1,9,0,1,-1,-1,0,0,0,0,0,0,2,1,6,2,53,8,-1,-1,-1,-1,6,1,E01015721,0
Unvalidated,2024401398755,2024,401398755,2,3,0,18,-1,-1,0,0,0,0,0,0,1,1,6,1,28,6,-1,-1,-1,-1,1,1,E01015729,0
Unvalidated,2024401398884,2024,401398884,1,-1,-1,-1,-1,-1,-1,0,-1,-1,-1,0,-1,1,6,3,-1,-1,-1,-1,-1,-1,-1,-1,-1,0
Unvalidated,2024401398884,2024,401398884,2,9,-1,-1,-1,-1,-1,0,-1,-1,-1,0,-1,1,5,1,36,7,-1,-1,-1,-1,3,1,E01015701,0
Unvalidated,2024401399354,2024,401399354,1,9,0,18,1,5,0,0,0,0,0,0,1,1,6,1,72,10,-1,-1,-1,-1,7,3,E01017416,0
Unvalidated,2024401399417,2024,401399417,1,9,0,18,7,3,0,0,0,0,7,1,3,1,5,1,50,8,-1,-1,-1,-1,7,1,E01023636,0
Unvalidated,2024401399424,2024,401399424,1,9,0,9,3,7,0,0,0,0,0,0,1,1,1,1,35,6,-1,-1,-1,-1,1,1,E01015795,0
Unvalidated,2024401399424,2024,401399424,2,9,0,18,7,3,0,0,0,0,0,0,1,1,1,1,42,7,-1,-1,-1,-1,3,1,E01015724,0
Unvalidated,2024401399439,2024,401399439,1,9,0,18,-1,-1,0,0,0,0,0,0,1,1,6,2,79,11,-1,-1,-1,-1,7,2,E01017420,0
Unvalidated,2024401399884,2024,401399884,1,9,-1,-1,-1,-1,-1,-1,-1,-1,-1,0,-1,1,6,3,-1,-1,-1,-1,-1,-1,-1,-1,-1,0
Unvalidated,2024401399909,2024,401399909,1,9,0,18,1,5,0,0,0,11,0,0,1,1,5,1,22,5,-1,-1,-1,-1,4,1,E01016837,0
Unvalidated,2024401399909,2024,401399909,2,9,0,18,1,5,0,0,0,0,0,0,4,1,5,1,34,6,-1,-1,-1,-1,8,1,E01015799,0
Unvalidated,2024401400002,2024,401400002,1,9,0,18,5,1,0,0,0,0,0,0,1,1,5,1,41,7,-1,-1,-1,-1,3,1,E01017514,0
Unvalidated,2024401400002,2024,401400002,2,1,0,5,7,3,9,0,5,0,0,0,3,1,6,1,42,7,-1,-1,-1,-1,2,1,E01017474,0
Unvalidated,2024401400013,2024,401400013,1,9,0,18,5,2,0,0,1,10,1,4,4,1,5,1,36,7,-1,-1,-1,-1,5,1,E01027350,0
Unvalidated,2024401400040,2024,401400040,1,9,0,18,1,5,0,0,0,0,0,0,3,1,5,1,32,6,-1,-1,-1,-1,2,1,E01001395,0