status,collision_index,collision_year,collision_reference,vehicle_reference,vehicle_type,towing_and_articulation,vehicle_manoeuvre,vehicle_direction_from,vehicle_direction_to,vehicle_location_restricted_lane,junction_location,skidding_and_overturning,hit_object_in_carriageway,vehicle_leaving_carriageway,hit_object_off_carriageway,first_point_of_impact,vehicle_left_hand_drive,journey_purpose_of_driver,sex_of_driver,age_of_driver,age_band_of_driver,engine_capacity_cc,propulsion_code,age_of_vehicle,generic_make_model,driver_imd_decile,driver_home_area_type,lsoa_of_driver,escooter_flag
Unvalidated,2024401400040,2024,401400040,2,9,0,18,5,1,0,0,0,0,0,0,1,1,5,1,-1,-1,-1,-1,-1,-1,-1,-1,-1,0
Unvalidated,2024401400040,2024,401400040,3,9,0,18,5,1,0,0,0,0,0,0,1,1,5,1,-1,-1,-1,-1,-1,-1,-1,-1,-1,0
Unvalidated,2024401400055,2024,401400055,1,9,0,18,5,1,0,8,0,0,0,0,0,1,6,3,-1,-1,-1,-1,-1,-1,-1,-1,-1,0
Unvalidated,2024401400055,2024,401400055,2,16,0,18,5,1,0,8,0,0,0,0,0,1,6,2,58,9,-1,-1,-1,-1,5,3,E01017412,0
Unvalidated,2024401400227,2024,401400227,1,97,0,4,3,7,0,4,0,0,0,0,4,1,1,1,31,6,-1,-1,-1,-1,6,2,E01017481,0
Unvalidated,2024401400257,2024,401400257,1,21,-1,13,1,5,0,0,0,0,0,0,4,1,1,1,-1,-1,-1,-1,-1,-1,-1,-1,-1,0
Unvalidated,2024401400257,2024,401400257,2,9,-1,18,1,5,0,0,0,0,0,0,3,1,5,1,21,5,-1,-1,-1,-1,3,1,E01015765,0
Unvalidated,2024401400261,2024,401400261,1,9,0,18,7,3,0,1,0,0,0,0,1,1,6,3,-1,-1,-1,-1,-1,-1,-1,-1,-1,0
Unvalidated,2024401400268,2024,401400268,1,98,-1,-1,-1,-1,-1,3,-1,-1,-1,0,-1,1,6,1,-1,-1,-1,-1,-1,-1,-1,-1,-1,0
Unvalidated,2024401400268,2024,401400268,2,9,-1,-1,-1,-1,-1,3,-1,-1,-1,0,3,1,6,2,36,7,-1,-1,-1,-1,6,1,E01015775,0
Unvalidated,2024401400296,2024,401400296,1,9,0,5,-1,-1,0,0,0,0,0,0,1,1,6,3,-1,-1,-1,-1,-1,-1,-1,-1,-1,0
Unvalidated,2024401400296,2024,401400296,2,9,0,5,-1,-1,0,0,0,0,0,0,2,1,5,2,-1,-1,-1,-1,-1,-1,9,1,E01017415,0
Unvalidated,2024401400297,2024,401400297,1,9,0,5,7,3,0,3,0,0,0,0,1,1,5,2,56,9,-1,-1,-1,-1,2,1,E01017492,0
Unvalidated,2024401400297,2024,401400297,2,90,0,18,1,5,0,8,5,0,0,0,3,1,5,1,44,7,-1,-1,-1,-1,4,1,E01017535,1
Unvalidated,2024401400306,2024,401400306,1,9,0,4,2,6,0,0,1,0,0,0,4,1,2,2,29,6,-1,-1,-1,-1,8,3,E01017541,0
Unvalidated,2024401400306,2024,401400306,2,9,0,3,2,6,0,0,0,0,0,0,3,1,2,2,37,7,-1,-1,-1,-1,5,3,E01017486,0
Unvalidated,2024401400306,2024,401400306,3,9,0,4,2,6,0,0,0,0,0,0,4,1,2,1,55,8,-1,-1,-1,-1,7,3,E01017478,0
Unvalidated,2024401400360,2024,401400360,1,9,0,9,7,1,0,4,0,0,0,0,1,1,6,1,21,5,-1,-1,-1,-1,4,1,E01017499,0
Unvalidated,2024401400360,2024,401400360,2,9,0,8,7,3,0,4,0,0,0,0,2,1,6,1,30,6,-1,-1,-1,-1,8,1,E01017498,0
Unvalidated,2024401401301,2024,401401301,1,19,0,18,4,8,0,8,0,0,9,0,1,1,2,1,28,6,-1,-1,-1,-1,7,3,E01017577,0
Unvalidated,2024401401301,2024,401401301,2,98,9,3,4,8,0,8,0,0,9,0,2,1,6,1,64,9,-1,-1,-1,-1,9,3,E01023964,0
Unvalidated,2024401401630,2024,401401630,1,9,0,4,1,5,0,0,0,0,0,0,1,1,6,2,28,6,-1,-1,-1,-1,9,1,E01021681,0
Unvalidated,2024401401630,2024,401401630,2,9,0,4,1,5,0,0,0,0,0,0,2,1,1,2,41,7,-1,-1,-1,-1,2,1,E01017509,0
Unvalidated,2024401401637,2024,401401637,1,9,0,99,1,5,0,0,0,0,0,0,1,1,6,1,-1,-1,-1,-1,-1,-1,-1,-1,-1,0
Unvalidated,2024401401652,2024,401401652,1,19,0,18,8,6,0,1,0,0,0,0,1,1,1,1,35,6,-1,-1,-1,-1,2,1,E01015735,0
Unvalidated,2024401401675,2024,401401675,1,5,0,9,2,1,0,8,1,0,0,0,0,1,5,1,45,7,-1,-1,-1,-1,7,3,E01017548,0
Unvalidated,2024401401694,2024,401401694,1,9,0,18,5,1,0,0,0,0,7,0,1,1,6,1,21,5,-1,-1,-1,-1,8,1,E01016757,0
Unvalidated,2024401401694,2024,401401694,2,9,0,18,1,5,0,0,0,0,0,0,1,1,6,2,37,7,-1,-1,-1,-1,6,1,E01003707,0
Unvalidated,2024401401730,2024,401401730,1,9,0,17,6,1,0,0,0,0,1,2,1,1,5,1,78,11,-1,-1,-1,-1,4,1,E01015796,0
Unvalidated,2024401401732,2024,401401732,1,9,0,18,5,1,0,3,1,0,0,0,1,1,5,1,20,4,-1,-1,-1,-1,2,1,E01015741,0
Unvalidated,2024401401732,2024,401401732,2,9,0,4,5,1,0,3,0,0,0,0,1,1,1,1,53,8,-1,-1,-1,-1,2,1,E01015741,0
Unvalidated,2024401401732,2024,401401732,3,9,0,4,5,1,0,3,0,0,0,0,4,1,6,1,23,5,-1,-1,-1,-1,4,1,E01015755,0
Unvalidated,2024401401732,2024,401401732,4,9,0,18,5,1,0,3,0,0,0,0,0,1,1,1,34,6,-1,-1,-1,-1,3,1,E01017514,0
Unvalidated,2024401401759,2024,401401759,1,19,0,18,6,2,0,0,1,0,1,4,1,1,6,2,40,7,-1,-1,-1,-1,7,2,E01017564,0
Unvalidated,2024401402005,2024,401402005,1,9,0,18,5,1,0,3,0,0,0,0,1,1,6,1,23,5,-1,-1,-1,-1,7,1,E01015695,0
Unvalidated,2024401402005,2024,401402005,2,9,0,18,5,1,0,3,0,0,0,0,2,1,6,2,44,7,-1,-1,-1,-1,5,1,E01015746,0
Unvalidated,2024401402082,2024,401402082,1,90,3,18,3,7,0,1,0,0,0,0,-1,1,6,3,-1,-1,-1,-1,-1,-1,-1,-1,-1,0
Unvalidated,2024401402082,2024,401402082,2,9,0,2,3,7,0,1,0,0,0,0,2,1,5,1,62,9,-1,-1,-1,-1,2,1,E01015733,0
Unvalidated,2024401402101,2024,401402101,1,9,0,9,-1,-1,0,0,0,0,0,0,1,1,6,1,-1,-1,-1,-1,-1,-1,-1,-1,-1,0
Unvalidated,2024401402512,2024,401402512,1,9,0,18,6,2,0,0,2,0,7,9,3,1,6,1,39,7,-1,-1,-1,-1,10,1,E01016781,0
Unvalidated,2024401402565,2024,401402565,1,9,0,7,1,5,0,1,0,0,0,0,1,1,6,3,50,8,-1,-1,-1,-1,1,1,E01015732,0
Unvalidated,2024401402565,2024,401402565,2,1,0,18,5,1,0,1,0,0,0,0,4,1,6,1,19,4,-1,-1,-1,-1,1,1,E01015732,0
Unvalidated,2024401402601,2024,401402601,1,9,0,18,7,3,0,0,0,0,0,0,3,1,6,1,60,9,-1,-1,-1,-1,5,1,E01015790,0
Unvalidated,2024401402601,2024,401402601,2,9,0,18,3,7,0,0,0,0,0,0,3,1,6,1,66,10,-1,-1,-1,-1,10,1,E01017402,0
Unvalidated,2024401402611,2024,401402611,1,9,0,18,5,1,0,0,0,0,7,0,1,1,6,1,47,8,-1,-1,-1,-1,1,1,E01017523,0
Unvalidated,2024401402611,2024,401402611,2,97,0,18,1,5,0,0,0,0,1,0,1,1,6,1,22,5,-1,-1,-1,-1,9,2,E01017549,0
Unvalidated,2024401402794,2024,401402794,1,9,0,9,1,5,0,0,0,0,0,0,1,1,6,2,31,6,-1,-1,-1,-1,-1,3,-1,0
Unvalidated,2024401402794,2024,401402794,2,9,0,7,3,1,0,0,0,0,0,0,0,1,6,1,53,8,-1,-1,-1,-1,10,1,E01017532,0
Unvalidated,2024401402886,2024,401402886,1,19,0,18,7,3,0,0,0,0,0,0,0,1,6,1,-1,-1,-1,-1,-1,-1,-1,-1,-1,0
Unvalidated,2024401402886,2024,401402886,2,3,0,4,3,7,0,0,0,0,0,0,4,1,5,1,19,4,-1,-1,-1,-1,8,2,E01017480,0
Unvalidated,2024401402886,2024,401402886,3,3,0,4,3,7,0,0,1,0,0,0,1,1,5,1,18,4,-1,-1,-1,-1,-1,-1,-1,0
Unvalidated,2024401403731,2024,401403731,1,9,0,18,1,5,0,0,0,0,1,9,1,1,2,2,30,6,-1,-1,-1,-1,2,1,E01017537,0
Unvalidated,2024401403734,2024,401403734,1,9,0,18,7,3,0,0,0,0,0,0,1,1,6,2,20,4,-1,-1,-1,-1,10,2,E01017528,0
Unvalidated,2024401403734,2024,401403734,2,9,0,18,7,3,0,0,0,0,0,0,2,1,6,1,33,6,-1,-1,-1,-1,-1,1,-1,0
Unvalidated,2024401403810,2024,401403810,1,9,0,18,7,3,0,1,0,0,0,0,1,1,6,3,-1,-1,-1,-1,-1,-1,-1,-1,-1,0
Unvalidated,2024401403810,2024,401403810,2,9,0,3,7,3,0,1,0,0,0,0,2,1,2,1,57,9,-1,-1,-1,-1,9,3,E01017398,0
Unvalidated,2024401403844,2024,401403844,1,-1,0,5,3,7,0,0,0,0,0,0,1,1,3,2,39,7,-1,-1,-1,-1,2,1,E01015807,0
Unvalidated,2024401403903,2024,401403903,1,21,0,18,-1,-1,0,0,0,0,0,0,3,2,6,3,-1,-1,-1,-1,-1,-1,-1,-1,-1,0
Unvalidated,2024401403903,2024,401403903,2,9,0,18,-1,-1,0,0,1,0,8,7,3,1,2,1,51,8,-1,-1,-1,-1,9,1,E01018178,0
Unvalidated,2024401404316,2024,401404316,1,9,0,3,7,3,0,0,0,0,0,0,1,1,6,1,63,9,-1,-1,-1,-1,3,1,E01015715,0
Unvalidated,2024401404335,2024,401404335,1,9,0,4,3,7,0,0,0,0,0,0,1,1,6,1,58,9,-1,-1,-1,-1,8,1,E01015799,0
Unvalidated,2024401404335,2024,401404335,2,9,0,4,3,7,0,0,0,0,0,0,2,1,5,1,24,5,-1,-1,-1,-1,1,1,E01015736,0
Unvalidated,2024401404359,2024,401404359,1,8,-1,18,-1,-1,0,0,0,0,0,0,4,1,1,1,-1,-1,-1,-1,-1,-1,-1,-1,-1,0
Unvalidated,2024401404393,2024,401404393,1,9,0,18,3,7,0,0,0,0,0,0,1,1,6,1,18,4,-1,-1,-1,-1,2,1,E01015754,0
Unvalidated,2024401404393,2024,401404393,2,9,0,18,7,3,0,0,0,0,0,0,1,1,6,1,52,8,-1,-1,-1,-1,8,1,E01004074,0
Unvalidated,2024401404393,2024,401404393,3,9,0,18,7,3,0,0,0,0,0,0,1,1,6,2,43,7,-1,-1,-1,-1,4,1,E01015734,0
Unvalidated,2024401404393,2024,401404393,4,9,0,18,7,3,0,0,0,0,0,0,1,1,6,2,30,6,-1,-1,-1,-1,1,1,E01015736,0
Unvalidated,2024401404440,2024,401404440,1,9,0,18,5,1,0,1,0,0,0,0,2,1,6,1,50,8,-1,-1,-1,-1,7,1,E01033023,0
Unvalidated,2024401404440,2024,401404440,2,9,0,18,5,1,0,1,0,0,0,0,1,1,6,2,31,6,-1,-1,-1,-1,8,1,E01015707,0
Unvalidated,2024401404440,2024,401404440,3,9,0,18,5,1,0,1,0,0,0,0,1,1,6,1,31,6,-1,-1,-1,-1,5,1,E01015739,0
Unvalidated,2024401404468,2024,401404468,1,20,0,18,2,4,0,0,1,0,0,0,1,1,2,1,40,7,-1,-1,-1,-1,9,1,E01017372,0
Unvalidated,2024401404468,2024,401404468,2,20,0,18,4,2,0,0,1,0,0,0,1,1,2,1,31,6,-1,-1,-1,-1,4,1,E01027132,0
Unvalidated,2024401404798,2024,401404798,1,9,0,18,1,5,0,4,0,4,0,0,1,1,6,1,31,6,-1,-1,-1,-1,2,1,E01015705,0
Unvalidated,2024401404798,2024,401404798,2,9,0,18,3,7,0,4,0,0,0,0,1,1,6,1,24,5,-1,-1,-1,-1,4,1,E01015784,0
Unvalidated,2024401404843,2024,401404843,1,9,0,3,5,1,0,3,0,0,0,0,0,1,5,1,68,10,-1,-1,-1,-1,9,2,E01017558,0
Unvalidated,2024401404843,2024,401404843,2,9,0,16,5,1,0,3,0,0,0,0,2,1,5,1,46,8,-1,-1,-1,-1,5,3,E01017486,0
Unvalidated,2024401404845,2024,401404845,1,9,0,18,1,5,0,0,0,0,0,0,1,1,6,1,55,8,-1,-1,-1,-1,3,1,E01017123,0
Unvalidated,2024401404845,2024,401404845,2,9,0,18,1,5,0,0,0,0,0,0,2,1,5,1,45,7,-1,-1,-1,-1,10,1,E01017611,0
Unvalidated,2024401404855,2024,401404855,1,9,0,9,8,4,0,6,0,0,0,0,1,1,6,1,-1,-1,-1,-1,-1,-1,7,1,E01015800,0
Unvalidated,2024401404855,2024,401404855,2,1,0,18,6,3,0,1,0,0,0,0,4,1,5,1,52,8,-1,-1,-1,-1,10,1,E01017407,0
Unvalidated,2024401405094,2024,401405094,1,9,0,9,3,1,0,8,0,0,0,0,1,1,2,1,29,6,-1,-1,-1,-1,2,1,E01017594,0
Unvalidated,2024401405094,2024,401405094,2,5,0,5,5,1,0,6,0,0,0,0,0,1,2,1,37,7,-1,-1,-1,-1,8,3,E01017669,0
Unvalidated,2024401405159,2024,401405159,1,9,0,18,5,1,0,1,0,0,0,0,1,1,6,1,-1,-1,-1,-1,-1,-1,-1,-1,-1,0
Unvalidated,2024401405159,2024,401405159,2,9,0,3,5,1,0,1,0,0,0,0,2,1,2,2,20,4,-1,-1,-1,-1,4,1,E01015734,0
Unvalidated,2024401405177,2024,401405177,1,9,0,5,5,1,0,8,0,0,0,0,3,1,1,1,34,6,-1,-1,-1,-1,4,1,E01023349,0
Unvalidated,2024401405177,2024,401405177,2,9,0,18,3,7,0,8,0,0,0,0,1,1,5,1,73,10,-1,-1,-1,-1,4,1,E01015734,0
Unvalidated,2024401405254,2024,401405254,1,9,0,18,8,4,0,0,0,0,0,0,1,1,1,1,37,7,-1,-1,-1,-1,6,3,E01017540,0
Unvalidated,2024401405254,2024,401405254,2,1,0,16,5,8,0,0,1,0,0,0,1,1,5,1,63,9,-1,-1,-1,-1,5,3,E01018157,0
Unvalidated,2024401405458,2024,401405458,1,9,0,9,3,1,0,6,0,0,0,0,1,1,1,2,26,6,-1,-1,-1,-1,2,1,E01017472,0
Unvalidated,2024401405458,2024,401405458,2,5,0,18,1,5,0,8,0,0,0,0,4,1,1,1,40,7,-1,-1,-1,-1,3,1,E01017522,0
Unvalidated,2024401405478,2024,401405478,1,9,-1,-1,-1,-1,-1,-1,-1,-1,-1,0,-1,1,6,2,27,6,-1,-1,-1,-1,4,1,E01017599,0
Unvalidated,2024401405478,2024,401405478,2,1,-1,-1,-1,-1,-1,-1,-1,-1,-1,0,-1,1,3,1,13,3,-1,-1,-1,-1,4,1,E01017599,0
Unvalidated,2024401405484,2024,401405484,1,9,0,18,7,3,0,0,0,0,0,0,1,1,6,1,35,6,-1,-1,-1,-1,10,1,E01017606,0
Unvalidated,2024401405484,2024,401405484,2,20,0,4,7,3,0,0,5,0,0,0,2,1,6,1,39,7,-1,-1,-1,-1,2,1,E01018467,0
Unvalidated,2024401405484,2024,401405484,3,9,0,4,7,3,0,0,0,0,1,0,2,1,6,2,50,8,-1,-1,-1,-1,8,3,E01017461,0
Unvalidated,2024401405484,2024,401405484,4,9,0,4,7,3,0,0,0,0,0,0,2,1,6,1,43,7,-1,-1,-1,-1,1,1,E01016811,0
Unvalidated,2024401406340,2024,401406340,1,9,0,13,1,5,0,4,0,0,0,0,4,1,6,3,-1,-1,-1,-1,-1,-1,-1,-1,-1,0
Unvalidated,2024401406340,2024,401406340,2,9,0,5,1,5,0,4,0,0,0,0,3,1,5,2,28,6,-1,-1,-1,-1,4,1,E01027142,0
Unvalidated,2024401406356,2024,401406356,1,9,0,18,-1,-1,0,0,0,0,0,0,1,1,5,3,-1,-1,-1,-1,-1,-1,-1,-1,-1,0
Unvalidated,2024401406359,2024,401406359,1,9,0,10,1,7,0,1,1,0,0,0,3,1,6,1,54,8,-1,-1,-1,-1,7,1,E01017457,0
Unvalidated,2024401406359,2024,401406359,2,9,0,5,7,1,0,6,1,0,0,0,1,1,6,2,28,6,-1,-1,-1,-1,4,1,E01015750,0
Unvalidated,2024401406359,2024,401406359,3,9,0,18,5,1,0,1,1,0,0,0,4,1,6,1,75,10,-1,-1,-1,-1,10,1,E01017371,0
Unvalidated,2024401406385,2024,401406385,1,19,0,4,7,3,0,8,0,0,0,0,1,1,5,1,19,4,-1,-1,-1,-1,9,1,E01017387,0
Unvalidated,2024401406385,2024,401406385,2,9,0,4,7,3,0,8,0,0,0,0,2,1,6,2,25,5,-1,-1,-1,-1,7,1,E01033431,0
Unvalidated,2024401406428,2024,401406428,1,9,0,1,3,7,0,1,0,0,0,0,2,1,5,1,35,6,-1,-1,-1,-1,2,1,E01015760,0
Unvalidated,2024401406512,2024,401406512,1,19,0,18,4,8,0,0,0,0,0,0,1,1,1,1,19,4,-1,-1,-1,-1,5,1,E01023631,0
Unvalidated,2024401406512,2024,401406512,2,9,0,18,4,8,0,0,0,0,0,0,2,1,2,2,26,6,-1,-1,-1,-1,9,1,E01017439,0
Unvalidated,2024401406708,2024,401406708,1,19,0,4,5,1,0,0,0,0,0,0,1,1,1,1,39,7,-1,-1,-1,-1,4,1,E01015798,0
Unvalidated,2024401406708,2024,401406708,2,19,0,3,5,1,0,0,0,0,0,0,2,1,1,1,39,7,-1,-1,-1,-1,5,1,E01023342,0
Unvalidated,2024401406731,2024,401406731,1,5,0,18,8,4,0,0,0,0,0,0,1,1,6,1,27,6,-1,-1,-1,-1,3,1,E01015785,0
Unvalidated,2024401406731,2024,401406731,2,9,0,18,4,8,0,0,0,0,0,0,1,1,6,1,52,8,-1,-1,-1,-1,5,3,E01017586,0
Unvalidated,2024401406740,2024,401406740,1,9,0,5,1,5,0,0,0,0,0,0,1,1,5,2,76,11,-1,-1,-1,-1,3,3,E01017562,0
Unvalidated,2024401406740,2024,401406740,2,9,0,2,0,0,0,0,0,0,0,0,2,1,6,1,45,7,-1,-1,-1,-1,2,1,E01015754,0
Unvalidated,2024401406740,2024,401406740,3,9,0,2,0,0,0,0,0,0,0,0,3,1,6,3,-1,-1,-1,-1,-1,-1,-1,-1,-1,0
Unvalidated,2024401406740,2024,401406740,4,9,0,2,0,0,0,0,0,0,0,0,4,1,6,3,-1,-1,-1,-1,-1,-1,-1,-1,-1,0
Unvalidated,2024401406743,2024,401406743,1,9,0,18,5,1,0,1,0,1,1,0,1,1,1,2,17,4,-1,-1,-1,-1,9,2,E01017445,0
Unvalidated,2024401406743,2024,401406743,2,9,0,18,5,1,0,1,0,1,0,0,0,1,6,1,74,10,-1,-1,-1,-1,8,2,E01017411,0
Unvalidated,2024401406826,2024,401406826,1,9,0,18,2,6,0,8,0,0,0,0,3,1,6,1,52,8,-1,-1,-1,-1,2,1,E01015716,0
Unvalidated,2024401406826,2024,401406826,2,9,0,5,8,4,0,8,0,0,0,0,1,1,6,2,45,7,-1,-1,-1,-1,2,1,E01015749,0
Unvalidated,2024401406839,2024,401406839,1,9,0,18,-1,-1,0,4,0,0,0,0,-1,1,6,1,46,8,-1,-1,-1,-1,2,1,E01017490,0
Unvalidated,2024401406839,2024,401406839,2,9,0,3,-1,-1,0,4,0,0,0,0,2,1,5,2,43,7,-1,-1,-1,-1,9,2,E01033188,0
Unvalidated,2024401407108,2024,401407108,1,9,0,-1,-1,-1,0,4,0,0,0,0,-1,1,6,3,-1,-1,-1,-1,-1,-1,-1,-1,-1,0
Unvalidated,2024401407108,2024,401407108,2,9,0,4,-1,-1,0,4,0,0,0,0,2,1,6,2,23,5,-1,-1,-1,-1,7,1,E01017437,0
Unvalidated,2024401407271,2024,401407271,1,9,0,9,1,7,0,8,0,0,0,0,4,1,2,1,63,9,-1,-1,-1,-1,3,1,E01031064,0
Unvalidated,2024401407271,2024,401407271,2,5,0,18,5,1,0,8,5,0,0,0,1,1,6,1,24,5,-1,-1,-1,-1,9,1,E01017372,0
Unvalidated,2024401407484,2024,401407484,1,9,0,18,5,1,6,0,0,0,1,4,1,1,2,2,19,4,-1,-1,-1,-1,6,3,E01017540,0
Unvalidated,2024401407543,2024,401407543,1,9,0,-1,-1,-1,0,3,0,0,0,0,-1,1,1,1,46,8,-1,-1,-1,-1,4,1,E01017476,0
Unvalidated,2024401407543,2024,401407543,2,9,0,-1,-1,-1,0,3,0,0,0,0,-1,1,2,2,38,7,-1,-1,-1,-1,6,3,E01016803,0
Unvalidated,2024401407562,2024,401407562,1,11,0,18,7,3,2,0,0,0,0,0,1,1,1,1,51,8,-1,-1,-1,-1,3,1,E01015751,0
Unvalidated,2024401407571,2024,401407571,1,9,0,18,-1,-1,0,8,0,0,0,0,1,1,6,2,-1,-1,-1,-1,-1,-1,-1,-1,-1,0
Unvalidated,2024401407987,2024,401407987,1,9,0,17,5,1,0,0,2,0,0,0,1,1,5,1,50,8,-1,-1,-1,-1,10,2,E01017408,0
Unvalidated,2024401408140,2024,401408140,1,9,0,5,2,5,0,2,0,0,8,4,3,1,6,2,73,10,-1,-1,-1,-1,7,3,E01017464,0
Unvalidated,2024401408746,2024,401408746,1,9,-1,-1,-1,-1,-1,-1,-1,-1,-1,0,3,1,6,1,32,6,-1,-1,-1,-1,4,1,E01015742,0
Unvalidated,2024401408746,2024,401408746,2,9,-1,-1,-1,-1,-1,-1,-1,-1,-1,0,4,1,5,1,33,6,-1,-1,-1,-1,5,1,E01015768,0
Unvalidated,2024401408769,2024,401408769,1,20,0,5,8,6,0,6,0,0,0,0,0,1,6,1,-1,-1,-1,-1,-1,-1,-1,-1,-1,0
Unvalidated,2024401408769,2024,401408769,2,9,0,18,6,2,0,1,1,0,7,4,1,1,3,2,48,8,-1,-1,-1,-1,7,2,E01017416,0
Unvalidated,2024401408811,2024,401408811,1,9,0,18,-1,-1,0,0,0,0,0,0,3,1,6,1,68,10,-1,-1,-1,-1,4,1,E01015810,0
Unvalidated,2024401408811,2024,401408811,2,9,0,18,-1,-1,0,0,0,0,0,0,3,1,5,1,35,6,-1,-1,-1,-1,10,1,E01023718,0
Unvalidated,2024401408852,2024,401408852,1,9,0,18,2,1,9,0,0,10,1,4,1,1,6,2,36,7,-1,-1,-1,-1,4,1,E01015810,0
Unvalidated,2024401408907,2024,401408907,1,9,0,18,4,8,0,0,0,0,0,0,1,1,6,1,42,7,-1,-1,-1,-1,-1,-1,-1,0
Unvalidated,2024401408907,2024,401408907,2,9,0,4,4,8,0,0,0,0,0,0,2,1,6,1,26,6,-1,-1,-1,-1,7,1,E01023850,0
Unvalidated,2024401408907,2024,401408907,3,9,0,4,-1,-1,0,0,0,0,0,0,-1,1,6,2,55,8,-1,-1,-1,-1,2,1,E01003932,0
Unvalidated,2024401409011,2024,401409011,1,9,0,18,1,5,0,1,0,0,0,0,1,1,6,1,-1,-1,-1,-1,-1,-1,-1,-1,-1,0
Unvalidated,2024401409011,2024,401409011,2,9,0,3,1,7,0,1,0,0,0,0,2,1,5,1,18,4,-1,-1,-1,-1,7,1,E01017434,0
Unvalidated,2024401409220,2024,401409220,1,9,0,18,5,1,0,1,0,0,0,0,1,1,6,3,-1,-1,-1,-1,-1,-1,-1,-1,-1,0
Unvalidated,2024401409220,2024,401409220,2,9,0,3,5,1,0,1,0,0,0,0,2,1,5,1,40,7,-1,-1,-1,-1,2,1,E01017474,0
Unvalidated,2024401409251,2024,401409251,1,9,0,9,4,5,0,6,0,0,0,0,1,1,6,2,33,6,-1,-1,-1,-1,2,1,E01015774,0
Unvalidated,2024401409251,2024,401409251,2,9,0,18,4,7,0,1,0,0,0,0,1,1,6,2,40,7,-1,-1,-1,-1,9,1,E01017614,0
Unvalidated,2024401409256,2024,401409256,1,9,0,18,5,1,0,0,0,0,0,0,1,1,5,2,35,6,-1,-1,-1,-1,5,1,E01027179,0
Unvalidated,2024401409256,2024,401409256,2,9,0,3,5,1,0,0,0,0,0,0,2,1,5,1,25,5,-1,-1,-1,-1,2,1,E01015754,0
Unvalidated,2024401409426,2024,401409426,1,9,0,18,8,4,0,0,1,0,0,0,1,1,6,2,72,10,-1,-1,-1,-1,9,2,E01017450,0
Unvalidated,2024401409426,2024,401409426,2,9,0,18,4,8,0,0,1,0,0,0,1,1,6,1,26,6,-1,-1,-1,-1,5,3,E01017615,0
Unvalidated,2024401409470,2024,401409470,1,1,0,-1,-1,-1,-1,0,-1,-1,-1,0,-1,1,6,1,-1,-1,-1,-1,-1,-1,-1,-1,-1,0
Unvalidated,2024401409828,2024,401409828,1,9,0,9,1,7,0,8,0,0,0,0,-1,1,6,1,35,6,-1,-1,-1,-1,-1,-1,-1,0
Unvalidated,2024401410099,2024,401410099,1,9,0,18,-1,-1,0,3,0,0,0,0,4,1,1,1,56,9,-1,-1,-1,-1,6,3,E01026549,0
Unvalidated,2024401410099,2024,401410099,2,9,0,12,-1,-1,0,3,0,0,0,0,3,1,2,1,39,7,-1,-1,-1,-1,2,1,E01018144,0
Unvalidated,2024401410190,2024,401410190,1,9,0,5,4,8,0,0,0,0,1,0,1,1,6,1,45,7,-1,-1,-1,-1,9,3,E01017398,0
Unvalidated,2024401410258,2024,401410258,1,1,0,18,8,4,9,1,0,0,0,0,1,1,6,1,44,7,-1,-1,-1,-1,8,1,E01017461,0
Unvalidated,2024401410258,2024,401410258,2,9,0,18,2,6,0,5,0,0,0,0,3,1,6,1,40,7,-1,-1,-1,-1,6,2,E01017481,0
Unvalidated,2024401411424,2024,401411424,1,9,-1,-1,-1,-1,-1,0,-1,-1,-1,0,3,1,6,1,-1,-1,-1,-1,-1,-1,-1,-1,-1,0
Unvalidated,2024401411424,2024,401411424,2,9,-1,-1,-1,-1,-1,0,-1,-1,-1,0,3,1,5,2,20,4,-1,-1,-1,-1,10,1,E01023803,0
Unvalidated,2024401411472,2024,401411472,1,19,0,9,5,7,0,2,0,0,0,0,1,1,1,1,59,9,-1,-1,-1,-1,7,1,E01023351,0
Unvalidated,2024401411472,2024,401411472,2,9,0,9,1,3,0,1,0,0,0,0,3,1,5,1,60,9,-1,-1,-1,-1,4,1,E01015750,0
Unvalidated,2024401411544,2024,401411544,1,9,0,18,6,2,0,8,0,0,3,0,1,1,6,1,53,8,-1,-1,-1,-1,5,1,E01015748,0
Unvalidated,2024401411547,2024,401411547,1,9,0,18,4,8,0,0,5,2,0,0,1,1,2,2,28,6,-1,-1,-1,-1,6,1,E01023413,0
Unvalidated,2024401411588,2024,401411588,1,9,0,18,7,3,0,0,0,0,7,0,1,1,6,2,45,7,-1,-1,-1,-1,10,2,E01017560,0
Unvalidated,2024401411603,2024,401411603,1,9,0,5,-1,-1,0,4,0,0,0,0,1,1,6,1,-1,-1,-1,-1,-1,-1,3,1,E01017500,0
Unvalidated,2024401411603,2024,401411603,2,1,0,18,-1,-1,0,3,0,0,0,0,4,1,2,1,50,8,-1,-1,-1,-1,8,1,E01017468,0
Unvalidated,2024401411624,2024,401411624,1,9,0,5,1,5,0,0,0,4,0,0,1,1,5,1,68,10,-1,-1,-1,-1,9,1,E01017614,0
Unvalidated,2024401411624,2024,401411624,2,9,0,2,0,0,0,0,0,0,0,0,0,1,6,3,-1,-1,-1,-1,-1,-1,-1,-1,-1,0
Unvalidated,2024401411931,2024,401411931,1,3,0,14,7,2,0,0,0,0,0,0,4,1,5,2,18,4,-1,-1,-1,-1,10,1,E01023587,0
Unvalidated,2024401411931,2024,401411931,2,9,0,6,7,2,0,0,0,0,0,0,3,1,5,1,54,8,-1,-1,-1,-1,3,1,E01015738,0