status,collision_index,collision_year,collision_reference,vehicle_reference,vehicle_type,towing_and_articulation,vehicle_manoeuvre,vehicle_direction_from,vehicle_direction_to,vehicle_location_restricted_lane,junction_location,skidding_and_overturning,hit_object_in_carriageway,vehicle_leaving_carriageway,hit_object_off_carriageway,first_point_of_impact,vehicle_left_hand_drive,journey_purpose_of_driver,sex_of_driver,age_of_driver,age_band_of_driver,engine_capacity_cc,propulsion_code,age_of_vehicle,generic_make_model,driver_imd_decile,driver_home_area_type,lsoa_of_driver,escooter_flag
Unvalidated,2024401411949,2024,401411949,1,9,0,18,3,7,0,1,0,0,0,0,1,1,6,1,33,6,-1,-1,-1,-1,3,1,E01009876,0
Unvalidated,2024401412002,2024,401412002,1,9,0,5,7,1,0,0,0,0,0,0,1,1,6,1,58,9,-1,-1,-1,-1,5,1,E01001525,0
Unvalidated,2024401412002,2024,401412002,2,1,0,5,7,1,0,0,0,0,0,0,3,1,6,1,23,5,-1,-1,-1,-1,2,1,E01017601,0
Unvalidated,2024401412070,2024,401412070,1,9,0,4,-1,-1,0,0,0,0,0,0,1,1,6,1,31,6,-1,-1,-1,-1,2,1,E01009058,0
Unvalidated,2024401412070,2024,401412070,2,9,0,4,-1,-1,0,0,0,0,0,0,2,1,6,1,23,5,-1,-1,-1,-1,3,1,E01001267,0
Unvalidated,2024401412070,2024,401412070,3,9,0,4,-1,-1,0,0,0,0,0,0,2,1,6,1,34,6,-1,-1,-1,-1,6,3,W01001930,0
Unvalidated,2024401412253,2024,401412253,1,9,0,18,8,5,0,0,0,4,0,0,1,1,2,2,24,5,-1,-1,-1,-1,9,2,E01033188,0
Unvalidated,2024401412253,2024,401412253,2,19,0,2,0,0,0,0,0,0,0,0,1,1,6,1,67,10,-1,-1,-1,-1,7,3,E01023663,0
Unvalidated,2024401412253,2024,401412253,3,19,0,2,0,0,0,0,0,0,0,0,1,1,6,1,65,9,-1,-1,-1,-1,7,3,E01023508,0
Unvalidated,2024401412342,2024,401412342,1,9,0,18,7,3,0,0,0,11,7,11,1,1,6,3,-1,-1,-1,-1,-1,-1,-1,-1,-1,0
Unvalidated,2024401412342,2024,401412342,2,9,0,18,7,3,0,0,0,0,0,0,1,1,6,2,21,5,-1,-1,-1,-1,7,1,E01015764,0
Unvalidated,2024401412342,2024,401412342,3,9,0,18,7,3,0,0,0,0,0,0,1,1,6,1,-1,-1,-1,-1,-1,-1,7,1,E01015694,0
Unvalidated,2024401412342,2024,401412342,4,9,0,18,7,3,0,0,0,0,0,0,0,1,1,2,29,6,-1,-1,-1,-1,-1,-1,-1,0
Unvalidated,2024401412352,2024,401412352,1,9,0,18,1,5,0,3,0,10,0,0,4,1,6,2,29,6,-1,-1,-1,-1,4,1,E01002307,0
Unvalidated,2024401412371,2024,401412371,1,9,0,9,4,2,0,8,0,0,0,0,1,1,2,2,57,9,-1,-1,-1,-1,9,2,E01017394,0
Unvalidated,2024401412371,2024,401412371,2,1,0,18,8,4,0,8,0,0,0,0,3,1,5,1,45,7,-1,-1,-1,-1,7,1,E01016722,0
Unvalidated,2024401412445,2024,401412445,1,1,0,18,3,3,0,0,0,0,0,0,0,1,6,1,28,6,-1,-1,-1,-1,7,1,E01017511,0
Unvalidated,2024401412745,2024,401412745,1,9,0,7,7,3,0,1,0,0,0,0,1,1,6,2,18,4,-1,-1,-1,-1,9,3,E01017414,0
Unvalidated,2024401412745,2024,401412745,2,9,0,14,5,1,0,1,0,0,0,0,1,1,6,1,18,4,-1,-1,-1,-1,9,2,E01017414,0
Unvalidated,2024401412962,2024,401412962,1,9,-1,-1,-1,-1,-1,-1,-1,-1,-1,0,-1,1,6,1,87,11,-1,-1,-1,-1,8,1,E01015696,0
Unvalidated,2024401413155,2024,401413155,1,19,0,5,1,7,0,6,0,0,0,0,1,1,1,1,65,9,-1,-1,-1,-1,5,3,E01017543,0
Unvalidated,2024401413156,2024,401413156,1,19,0,3,7,1,0,0,0,0,0,0,2,1,5,1,31,6,-1,-1,-1,-1,4,1,E01017469,0
Unvalidated,2024401413156,2024,401413156,2,9,0,4,7,1,0,0,0,0,0,0,1,1,6,1,63,9,-1,-1,-1,-1,7,1,E01017457,0
Unvalidated,2024401413206,2024,401413206,1,9,0,18,2,6,0,0,0,4,0,0,1,1,1,1,51,8,-1,-1,-1,-1,7,1,E01023658,0
Unvalidated,2024401413206,2024,401413206,2,9,0,2,0,0,0,0,0,0,0,0,2,1,6,3,-1,-1,-1,-1,-1,-1,-1,-1,-1,0
Unvalidated,2024401413264,2024,401413264,1,9,0,18,8,4,0,6,0,0,0,0,1,1,6,2,29,6,-1,-1,-1,-1,9,3,E01023493,0
Unvalidated,2024401413264,2024,401413264,2,9,0,18,6,2,0,8,2,0,2,0,3,1,6,2,63,9,-1,-1,-1,-1,5,3,E01017615,0
Unvalidated,2024401414128,2024,401414128,1,9,0,18,-1,-1,0,4,0,0,0,0,1,1,6,1,79,11,-1,-1,-1,-1,3,1,E01017501,0
Unvalidated,2024401414128,2024,401414128,2,1,0,18,-1,-1,0,3,0,0,0,0,4,1,2,1,34,6,-1,-1,-1,-1,5,1,E01017497,0
Unvalidated,2024401414175,2024,401414175,1,9,0,18,-1,-1,0,4,0,0,0,0,1,1,6,1,28,6,-1,-1,-1,-1,4,1,E01017570,0
Unvalidated,2024401414175,2024,401414175,2,9,0,9,-1,-1,0,8,0,0,0,0,4,1,6,1,48,8,-1,-1,-1,-1,3,1,E01015713,0
Unvalidated,2024401414422,2024,401414422,1,9,0,18,4,8,0,0,0,0,0,0,1,1,6,1,-1,-1,-1,-1,-1,-1,-1,-1,-1,0
Unvalidated,2024401414422,2024,401414422,2,9,0,18,4,8,0,0,0,0,0,0,2,1,2,2,46,8,-1,-1,-1,-1,10,3,E01017452,0
Unvalidated,2024401414430,2024,401414430,1,11,0,18,4,8,2,0,0,0,0,0,1,1,1,1,55,8,-1,-1,-1,-1,9,1,E01017655,0
Unvalidated,2024401414441,2024,401414441,1,9,0,9,5,3,0,3,0,0,2,4,1,1,5,1,32,6,-1,-1,-1,-1,2,1,E01015741,0
Unvalidated,2024401414441,2024,401414441,2,9,0,4,3,5,0,4,0,0,0,0,2,1,5,1,33,6,-1,-1,-1,-1,3,1,E01001349,0
Unvalidated,2024401414480,2024,401414480,1,9,0,18,2,6,0,0,0,0,0,0,1,1,5,2,47,8,-1,-1,-1,-1,5,2,E01017486,0
Unvalidated,2024401414480,2024,401414480,2,9,0,18,6,2,0,0,0,0,0,0,1,1,6,1,17,4,-1,-1,-1,-1,10,1,E01033508,0
Unvalidated,2024401414501,2024,401414501,1,9,0,18,1,5,0,0,0,0,0,0,1,1,1,1,24,5,-1,-1,-1,-1,3,1,E01017536,0
Unvalidated,2024401414501,2024,401414501,2,19,0,1,3,7,0,0,0,0,0,0,2,1,1,1,31,6,-1,-1,-1,-1,4,1,E01027313,0
Unvalidated,2024401414531,2024,401414531,1,9,0,3,5,1,0,0,0,0,0,0,0,1,6,2,36,7,-1,-1,-1,-1,4,1,E01000478,0
Unvalidated,2024401414581,2024,401414581,1,9,0,5,3,1,0,4,0,0,0,0,3,1,5,1,39,7,-1,-1,-1,-1,4,1,E01015776,0
Unvalidated,2024401414581,2024,401414581,2,9,0,9,1,5,0,3,0,0,0,0,1,1,5,1,21,5,-1,-1,-1,-1,2,1,E01015727,0
Unvalidated,2024401414588,2024,401414588,1,90,0,12,4,8,0,0,0,0,0,0,1,1,6,3,-1,-1,-1,-1,-1,-1,-1,-1,-1,0
Unvalidated,2024401414588,2024,401414588,2,9,0,18,4,8,0,0,0,0,0,0,2,1,6,1,37,7,-1,-1,-1,-1,5,2,E01016566,0
Unvalidated,2024401414603,2024,401414603,1,19,0,4,1,5,0,0,0,0,0,0,1,1,1,1,47,8,-1,-1,-1,-1,7,3,E01017420,0
Unvalidated,2024401414603,2024,401414603,2,1,0,5,1,5,0,0,0,0,0,0,1,1,6,1,73,10,-1,-1,-1,-1,6,1,E01032964,0
Unvalidated,2024401414639,2024,401414639,1,9,0,18,8,2,0,6,0,11,0,0,1,1,6,3,-1,-1,-1,-1,-1,-1,-1,-1,-1,0
Unvalidated,2024401414650,2024,401414650,1,9,0,2,0,0,0,1,0,0,0,0,2,1,6,2,34,6,-1,-1,-1,-1,4,1,E01015711,0
Unvalidated,2024401414650,2024,401414650,2,9,0,18,3,7,0,1,0,0,0,0,1,1,6,1,33,6,-1,-1,-1,-1,5,1,E01015714,0
Unvalidated,2024401415076,2024,401415076,1,9,0,18,1,5,0,1,0,0,0,0,1,1,5,1,54,8,-1,-1,-1,-1,3,1,E01015783,0
Unvalidated,2024401415076,2024,401415076,2,9,0,5,3,7,0,6,0,0,0,0,1,1,5,1,17,4,-1,-1,-1,-1,2,1,E01015749,0
Unvalidated,2024401415118,2024,401415118,1,9,0,18,7,3,0,1,0,0,0,0,1,1,6,1,21,5,-1,-1,-1,-1,-1,-1,-1,0
Unvalidated,2024401415118,2024,401415118,2,9,0,3,7,3,0,8,0,0,0,0,2,1,5,2,46,8,-1,-1,-1,-1,2,1,E01017492,0
Unvalidated,2024401415301,2024,401415301,1,9,0,18,5,1,0,0,0,0,0,0,3,1,2,2,68,10,-1,-1,-1,-1,10,2,E01017429,0
Unvalidated,2024401415301,2024,401415301,2,4,0,13,5,1,0,0,0,0,0,0,4,1,6,1,27,6,-1,-1,-1,-1,5,1,E01017440,0
Unvalidated,2024401415308,2024,401415308,1,9,0,18,5,1,0,0,5,11,8,2,1,1,6,1,34,6,-1,-1,-1,-1,2,1,E01017472,0
Unvalidated,2024401415352,2024,401415352,1,97,0,18,1,5,0,1,0,0,0,0,1,1,6,1,20,4,-1,-1,-1,-1,9,3,E01017421,0
Unvalidated,2024401415352,2024,401415352,2,9,0,18,1,5,0,1,0,0,0,0,2,1,6,1,39,7,-1,-1,-1,-1,10,1,E01017374,0
Unvalidated,2024401415400,2024,401415400,1,9,0,9,7,5,0,3,0,0,0,0,4,1,5,1,70,10,-1,-1,-1,-1,3,1,E01017514,0
Unvalidated,2024401415400,2024,401415400,2,9,0,18,3,7,0,4,0,0,0,0,1,1,5,2,29,6,-1,-1,-1,-1,7,1,E01017510,0
Unvalidated,2024401415477,2024,401415477,1,9,0,5,8,5,0,8,0,0,0,0,1,1,6,1,65,9,-1,-1,-1,-1,8,1,E01028623,0
Unvalidated,2024401415477,2024,401415477,2,9,0,5,1,5,0,8,0,0,0,0,3,1,2,2,47,8,-1,-1,-1,-1,5,1,E01017388,0
Unvalidated,2024401415493,2024,401415493,1,9,0,18,2,5,0,0,2,0,7,0,1,1,5,1,24,5,-1,-1,-1,-1,4,1,E01000478,0
Unvalidated,2024401415680,2024,401415680,1,9,0,18,3,7,0,0,5,0,0,0,4,1,5,2,86,11,-1,-1,-1,-1,9,1,E01016773,0
Unvalidated,2024401415680,2024,401415680,2,9,0,2,0,0,0,0,0,0,0,0,3,1,6,3,-1,-1,-1,-1,-1,-1,-1,-1,-1,0
Unvalidated,2024401415680,2024,401415680,3,9,0,2,0,0,0,0,0,0,0,0,3,1,6,3,-1,-1,-1,-1,-1,-1,-1,-1,-1,0
Unvalidated,2024401415688,2024,401415688,1,9,0,18,5,1,0,0,0,0,0,0,1,1,6,2,61,9,-1,-1,-1,-1,8,1,E01019714,0
Unvalidated,2024401415688,2024,401415688,2,9,0,18,5,1,0,0,0,0,0,0,2,1,6,2,52,8,-1,-1,-1,-1,10,2,E01033189,0
Unvalidated,2024401415688,2024,401415688,3,9,0,18,5,1,0,0,0,0,0,0,2,1,6,1,58,9,-1,-1,-1,-1,10,2,E01017677,0
Unvalidated,2024401415688,2024,401415688,4,9,0,11,5,1,0,0,0,0,0,0,2,1,6,1,56,9,-1,-1,-1,-1,10,1,E01016816,0
Unvalidated,2024401415712,2024,401415712,1,9,0,18,8,4,0,1,0,0,0,0,1,1,6,1,-1,-1,-1,-1,-1,-1,1,1,E01015789,0
Unvalidated,2024401415712,2024,401415712,2,9,0,18,6,2,0,8,0,0,0,0,4,1,3,2,30,6,-1,-1,-1,-1,6,1,E01015721,0
Unvalidated,2024401415737,2024,401415737,1,98,0,18,6,2,0,8,0,0,0,0,0,1,1,1,31,6,-1,-1,-1,-1,6,1,E01015766,0
Unvalidated,2024401416680,2024,401416680,1,9,-1,18,-1,-1,-1,8,0,0,0,0,-1,1,6,1,-1,-1,-1,-1,-1,-1,-1,-1,-1,0
Unvalidated,2024401416680,2024,401416680,2,9,-1,-1,-1,-1,-1,8,-1,-1,-1,0,-1,1,5,1,25,5,-1,-1,-1,-1,3,1,E01001547,0
Unvalidated,2024401416701,2024,401416701,1,9,0,18,1,6,0,0,1,0,0,0,1,1,6,3,-1,-1,-1,-1,-1,-1,-1,-1,-1,0
Unvalidated,2024401416701,2024,401416701,2,8,0,5,5,1,9,0,0,0,0,0,4,1,1,1,39,7,-1,-1,-1,-1,2,1,E01015787,0
Unvalidated,2024401416713,2024,401416713,1,9,0,18,2,7,0,1,0,0,0,0,1,1,3,2,47,8,-1,-1,-1,-1,9,1,E01015747,0
Unvalidated,2024401416713,2024,401416713,2,9,0,3,2,7,0,1,0,0,0,0,2,1,2,2,37,7,-1,-1,-1,-1,1,1,E01015773,0
Unvalidated,2024401416724,2024,401416724,1,9,0,3,5,1,0,0,0,0,0,0,2,1,6,1,-1,-1,-1,-1,-1,-1,5,1,E01018179,0
Unvalidated,2024401416724,2024,401416724,2,9,0,3,1,5,0,0,0,0,0,0,1,1,5,2,30,6,-1,-1,-1,-1,-1,-1,-1,0
Unvalidated,2024401417111,2024,401417111,1,9,0,9,3,1,0,1,0,0,0,0,4,1,5,2,28,6,-1,-1,-1,-1,5,3,E01017615,0
Unvalidated,2024401417111,2024,401417111,2,1,0,18,7,3,0,1,0,0,0,0,1,1,1,1,55,8,-1,-1,-1,-1,5,3,E01017615,0
Unvalidated,2024401417150,2024,401417150,1,9,0,9,1,5,0,8,0,0,0,0,1,1,1,1,25,5,-1,-1,-1,-1,4,1,E01015750,0
Unvalidated,2024401417150,2024,401417150,2,9,0,9,5,1,0,8,0,0,0,0,3,1,6,2,62,9,-1,-1,-1,-1,4,1,E01015711,0
Unvalidated,2024401417250,2024,401417250,1,9,0,7,1,7,0,8,0,0,0,0,4,1,5,2,34,6,-1,-1,-1,-1,3,1,E01017580,0
Unvalidated,2024401417510,2024,401417510,1,9,0,18,1,5,0,0,0,4,0,0,1,1,6,1,58,9,-1,-1,-1,-1,4,1,E01015784,0
Unvalidated,2024401417510,2024,401417510,2,9,0,2,0,0,0,0,0,0,0,0,2,1,6,3,-1,-1,-1,-1,-1,-1,-1,-1,-1,0
Unvalidated,2024401417535,2024,401417535,1,9,-1,-1,-1,-1,-1,0,-1,-1,-1,0,-1,1,6,2,39,7,-1,-1,-1,-1,-1,-1,-1,0
Unvalidated,2024401417535,2024,401417535,2,9,-1,-1,-1,-1,-1,0,-1,-1,-1,0,-1,1,6,2,26,6,-1,-1,-1,-1,5,1,E01015714,0
Unvalidated,2024401418076,2024,401418076,1,9,0,18,2,6,0,0,0,0,0,0,3,1,6,2,59,9,-1,-1,-1,-1,7,1,E01017516,0
Unvalidated,2024401418076,2024,401418076,2,9,0,18,6,2,0,0,0,0,0,0,3,1,6,1,18,4,-1,-1,-1,-1,3,1,E01017522,0
Unvalidated,2024401418091,2024,401418091,1,9,0,4,8,7,0,1,0,0,0,0,1,1,2,2,-1,-1,-1,-1,-1,-1,8,3,E01017461,0
Unvalidated,2024401418097,2024,401418097,1,9,0,18,1,5,0,1,0,11,0,0,1,1,6,2,22,5,-1,-1,-1,-1,3,1,E01017568,0
Unvalidated,2024401418097,2024,401418097,2,90,0,18,3,7,0,1,0,0,0,0,4,1,6,1,17,4,-1,-1,-1,-1,5,1,E01017597,1
Unvalidated,2024401418381,2024,401418381,1,9,0,-1,-1,-1,-1,-1,-1,-1,-1,0,-1,1,6,3,-1,-1,-1,-1,-1,-1,-1,-1,-1,0
Unvalidated,2024401418381,2024,401418381,2,9,0,-1,-1,-1,0,8,0,0,3,0,2,1,5,1,41,7,-1,-1,-1,-1,3,1,E01017538,0
Unvalidated,2024401418427,2024,401418427,1,9,-1,-1,-1,-1,-1,-1,-1,-1,-1,0,4,1,6,3,-1,-1,-1,-1,-1,-1,-1,-1,-1,0
Unvalidated,2024401418427,2024,401418427,2,9,-1,-1,-1,-1,-1,-1,-1,-1,-1,0,3,1,5,2,18,4,-1,-1,-1,-1,5,1,E01015753,0
Unvalidated,2024401419267,2024,401419267,1,9,0,18,7,7,0,0,0,0,0,0,1,1,1,2,36,7,-1,-1,-1,-1,4,1,E01027059,0
Unvalidated,2024401419267,2024,401419267,2,1,0,18,7,7,0,0,2,0,0,0,2,1,5,1,73,10,-1,-1,-1,-1,7,1,E01017510,0
Unvalidated,2024401419297,2024,401419297,1,9,0,-1,-1,-1,-1,-1,0,-1,-1,0,-1,1,6,2,-1,-1,-1,-1,-1,-1,10,1,E01021787,0
Unvalidated,2024401419297,2024,401419297,2,9,-1,-1,-1,-1,-1,-1,-1,-1,-1,0,-1,1,5,1,56,9,-1,-1,-1,-1,2,1,E01015787,0
Unvalidated,2024401419375,2024,401419375,1,9,-1,7,7,5,0,3,0,0,0,0,1,1,6,1,42,7,-1,-1,-1,-1,1,1,E01002095,0
Unvalidated,2024401419375,2024,401419375,2,9,0,5,1,7,0,8,0,0,0,0,3,1,5,1,35,6,-1,-1,-1,-1,2,1,E01015754,0
Unvalidated,2024401419420,2024,401419420,1,9,0,2,7,3,0,0,0,0,0,0,2,1,6,1,25,5,-1,-1,-1,-1,6,1,E01016745,0
Unvalidated,2024401419420,2024,401419420,2,9,0,18,7,3,0,0,0,0,0,0,1,1,1,1,40,7,-1,-1,-1,-1,1,1,E01016810,0
Unvalidated,2024401419427,2024,401419427,1,98,0,5,6,2,0,0,0,0,0,0,4,1,6,1,39,7,-1,-1,-1,-1,10,2,E01017560,0
Unvalidated,2024401419427,2024,401419427,2,90,0,18,6,2,0,0,0,0,0,0,1,1,1,1,32,6,-1,-1,-1,-1,2,1,E01015698,0
Unvalidated,2024401419445,2024,401419445,1,9,0,18,4,8,0,0,0,4,0,0,1,1,6,1,-1,-1,-1,-1,-1,-1,-1,-1,-1,0
Unvalidated,2024401419445,2024,401419445,2,8,0,2,0,0,0,0,0,0,0,0,2,1,1,1,31,6,-1,-1,-1,-1,7,3,E01017548,0
Unvalidated,2024401419682,2024,401419682,1,9,0,18,5,1,0,0,0,0,0,0,2,1,6,1,29,6,-1,-1,-1,-1,3,1,E01027977,0
Unvalidated,2024401419682,2024,401419682,2,9,0,18,5,1,0,0,0,0,0,0,2,1,6,1,31,6,-1,-1,-1,-1,3,1,E01002393,0
Unvalidated,2024401419682,2024,401419682,3,9,0,18,6,1,0,0,0,0,0,0,1,2,6,1,23,5,-1,-1,-1,-1,-1,-1,-1,0
Unvalidated,2024401419682,2024,401419682,4,98,1,18,5,1,0,0,0,0,0,0,1,1,6,2,31,6,-1,-1,-1,-1,2,1,E01009630,0
Unvalidated,2024401419735,2024,401419735,1,9,0,1,5,1,0,0,0,0,0,0,2,1,2,1,19,4,-1,-1,-1,-1,10,1,E01023770,0
Unvalidated,2024401419757,2024,401419757,1,11,-1,-1,-1,-1,-1,0,-1,-1,-1,0,-1,1,6,3,-1,-1,-1,-1,-1,-1,-1,-1,-1,0
Unvalidated,2024401419757,2024,401419757,2,90,-1,-1,-1,-1,-1,0,-1,-1,-1,0,-1,1,6,1,38,7,-1,-1,-1,-1,2,1,E01017594,1
Unvalidated,2024401420140,2024,401420140,1,9,0,18,7,3,0,0,2,11,1,1,1,1,1,1,-1,-1,-1,-1,-1,-1,9,1,E01017389,0
Unvalidated,2024401420140,2024,401420140,2,9,0,18,3,7,0,0,0,0,1,0,3,1,1,1,47,8,-1,-1,-1,-1,-1,1,-1,0
Unvalidated,2024401420148,2024,401420148,1,9,0,18,7,3,0,3,0,0,0,0,1,1,6,1,31,6,-1,-1,-1,-1,2,1,E01015787,0
Unvalidated,2024401420148,2024,401420148,2,9,0,18,1,3,0,4,0,0,0,0,4,1,1,1,50,8,-1,-1,-1,-1,4,1,E01015750,0
Unvalidated,2024401420242,2024,401420242,1,9,0,18,8,4,0,1,0,0,0,0,1,1,2,1,47,8,-1,-1,-1,-1,3,1,E01017522,0
Unvalidated,2024401420561,2024,401420561,1,11,0,9,1,7,0,8,0,0,0,0,3,1,1,1,62,9,-1,-1,-1,-1,7,1,E01016719,0
Unvalidated,2024401420569,2024,401420569,1,9,0,18,7,3,0,3,0,0,0,0,1,1,6,2,83,11,-1,-1,-1,-1,-1,-1,-1,0
Unvalidated,2024401420569,2024,401420569,2,9,0,18,3,1,0,4,0,0,0,0,4,1,6,1,73,10,-1,-1,-1,-1,9,1,E01017372,0
Unvalidated,2024401420584,2024,401420584,1,11,0,18,3,7,4,0,0,11,0,0,1,1,1,3,-1,-1,-1,-1,-1,-1,-1,-1,-1,0
Unvalidated,2024401420584,2024,401420584,2,1,0,18,7,3,4,0,0,0,0,0,2,1,2,1,60,9,-1,-1,-1,-1,4,1,E01017567,0
Unvalidated,2024401420596,2024,401420596,1,9,0,5,1,3,0,4,0,0,0,0,4,1,5,2,35,6,-1,-1,-1,-1,7,1,E01015709,0
Unvalidated,2024401420596,2024,401420596,2,9,0,5,1,3,0,3,0,0,0,0,2,1,5,2,33,6,-1,-1,-1,-1,7,1,E01015803,0
Unvalidated,2024401421087,2024,401421087,1,9,0,18,5,1,0,1,0,0,0,0,4,1,2,1,47,8,-1,-1,-1,-1,4,1,E01015782,0
Unvalidated,2024401421087,2024,401421087,2,9,0,5,7,1,0,1,0,0,3,0,1,1,2,2,35,6,-1,-1,-1,-1,3,1,E01015713,0
Unvalidated,2024401421812,2024,401421812,1,98,0,4,5,1,0,1,0,0,0,0,1,1,6,1,-1,-1,-1,-1,-1,-1,-1,-1,-1,0
Unvalidated,2024401421812,2024,401421812,2,9,0,4,5,1,0,1,0,0,0,0,2,1,6,1,36,7,-1,-1,-1,-1,7,1,E01017516,0
Unvalidated,2024401421854,2024,401421854,1,9,-1,-1,-1,-1,-1,-1,-1,-1,-1,0,-1,1,6,1,-1,-1,-1,-1,-1,-1,-1,-1,-1,0
Unvalidated,2024401421854,2024,401421854,2,9,-1,-1,-1,-1,-1,-1,-1,-1,-1,0,-1,1,5,2,62,9,-1,-1,-1,-1,5,1,E01017388,0
Unvalidated,2024401421994,2024,401421994,1,9,0,16,6,2,0,7,1,0,1,0,1,1,5,1,46,8,-1,-1,-1,-1,2,1,E01017490,0
Unvalidated,2024401422042,2024,401422042,1,9,0,7,4,2,0,8,0,0,0,0,1,1,6,1,30,6,-1,-1,-1,-1,5,1,E01023867,0
Unvalidated,2024401422308,2024,401422308,1,9,0,7,5,1,0,1,0,0,0,0,3,1,6,1,38,7,-1,-1,-1,-1,9,2,E01017447,0
Unvalidated,2024401422308,2024,401422308,2,9,0,18,3,7,0,8,0,0,0,0,1,1,6,2,30,6,-1,-1,-1,-1,3,1,E01016834,0
Unvalidated,2024401422321,2024,401422321,1,9,0,4,1,6,9,1,0,0,3,0,1,1,1,1,27,6,-1,-1,-1,-1,-1,-1,-1,0
Unvalidated,2024401422385,2024,401422385,1,98,0,-1,-1,-1,-1,0,-1,-1,-1,0,-1,1,6,3,-1,-1,-1,-1,-1,-1,-1,-1,-1,0
Unvalidated,2024401422385,2024,401422385,2,9,0,-1,-1,-1,-1,0,-1,-1,-1,0,-1,1,5,2,44,7,-1,-1,-1,-1,3,1,E01017580,0
Unvalidated,2024401422455,2024,401422455,1,9,0,18,5,1,0,1,0,0,0,0,1,1,5,3,-1,-1,-1,-1,-1,-1,-1,-1,-1,0
Unvalidated,2024401422455,2024,401422455,2,9,0,-1,-1,-1,-1,-1,-1,-1,-1,0,4,1,5,1,53,8,-1,-1,-1,-1,3,1,E01017500,0
Unvalidated,2024401422675,2024,401422675,1,9,0,9,1,3,0,5,0,0,0,0,3,1,6,2,25,5,-1,-1,-1,-1,3,1,E01017518,0
Unvalidated,2024401422676,2024,401422676,1,9,0,5,0,6,0,0,0,0,7,0,1,1,5,1,70,10,-1,-1,-1,-1,9,3,E01017417,0
Unvalidated,2024401422676,2024,401422676,2,9,0,18,2,6,0,0,0,0,7,9,1,1,1,1,56,9,-1,-1,-1,-1,2,1,E01017472,0
Unvalidated,2024401422728,2024,401422728,1,9,0,18,5,1,0,1,0,11,0,0,1,1,6,2,38,7,-1,-1,-1,-1,8,1,E01015799,0
Unvalidated,2024401422740,2024,401422740,1,19,0,4,1,4,0,1,0,0,0,0,1,1,6,1,-1,-1,-1,-1,-1,-1,-1,-1,-1,0
Unvalidated,2024401422740,2024,401422740,2,9,0,3,1,4,0,1,0,0,0,0,2,1,5,2,19,4,-1,-1,-1,-1,7,1,E01015719,0
Unvalidated,2024401422812,2024,401422812,1,9,-1,-1,-1,-1,-1,0,-1,-1,-1,0,-1,1,6,1,-1,-1,-1,-1,-1,-1,-1,-1,-1,0
Unvalidated,2024401422812,2024,401422812,2,9,-1,-1,-1,-1,-1,0,-1,-1,-1,0,-1,1,2,2,45,7,-1,-1,-1,-1,10,1,E01017534,0
Unvalidated,2024401422824,2024,401422824,1,9,0,6,7,3,0,0,0,0,0,0,3,1,1,1,39,7,-1,-1,-1,-1,3,1,E01015761,0
Unvalidated,2024401422824,2024,401422824,2,4,0,13,7,7,0,0,0,0,0,0,1,1,2,1,20,4,-1,-1,-1,-1,2,1,E01017618,0
Unvalidated,2024401422843,2024,401422843,1,9,-1,-1,-1,-1,-1,8,-1,-1,-1,0,-1,1,6,3,-1,-1,-1,-1,-1,-1,4,1,E01015784,0
Unvalidated,2024401422843,2024,401422843,2,97,0,18,5,1,0,8,0,0,0,0,1,1,6,1,33,6,-1,-1,-1,-1,5,1,E01015746,0
Unvalidated,2024401422843,2024,401422843,3,9,0,10,1,5,0,8,0,0,0,0,1,1,6,1,63,9,-1,-1,-1,-1,7,1,E01015694,0
Unvalidated,2024401422845,2024,401422845,1,9,0,18,6,2,0,4,0,0,0,0,1,1,6,2,34,6,-1,-1,-1,-1,2,1,E01015794,0
Unvalidated,2024401422845,2024,401422845,2,9,0,18,4,1,0,8,0,0,0,0,4,1,6,1,46,8,-1,-1,-1,-1,8,1,E01015693,0
Unvalidated,2024401423107,2024,401423107,1,9,0,3,1,5,0,1,0,0,0,0,1,1,6,1,43,7,-1,-1,-1,-1,7,3,E01017548,0
Unvalidated,2024401423107,2024,401423107,2,9,0,3,1,5,0,1,0,0,0,0,2,1,6,2,41,7,-1,-1,-1,-1,1,1,E01017477,0
Unvalidated,2024401423110,2024,401423110,1,9,0,18,7,2,0,6,0,0,0,0,4,1,6,1,-1,-1,-1,-1,-1,-1,-1,-1,-1,0
Unvalidated,2024401423110,2024,401423110,2,9,0,2,0,0,6,1,0,0,0,0,4,1,3,1,34,6,-1,-1,-1,-1,4,1,E01015804,0
Unvalidated,2024401423143,2024,401423143,1,9,0,18,4,8,0,1,0,4,0,0,1,1,2,1,50,8,-1,-1,-1,-1,7,1,E01017593,0
Unvalidated,2024401423143,2024,401423143,2,20,0,2,0,0,6,1,0,0,1,7,2,1,6,3,-1,-1,-1,-1,-1,-1,-1,-1,-1,0
Unvalidated,2024401423202,2024,401423202,1,9,0,4,4,8,0,0,1,4,0,0,1,1,6,1,41,7,-1,-1,-1,-1,3,1,E01017580,0
Unvalidated,2024401423202,2024,401423202,2,9,0,6,8,8,0,0,0,0,0,0,1,1,6,1,24,5,-1,-1,-1,-1,7,1,E01016739,0
Unvalidated,2024401423240,2024,401423240,1,9,0,18,1,5,0,8,0,0,0,0,1,1,1,1,23,5,-1,-1,-1,-1,4,1,E01015804,0
Unvalidated,2024401423440,2024,401423440,1,5,0,11,7,3,0,0,1,0,1,0,1,1,2,1,21,5,-1,-1,-1,-1,7,1,E01017511,0