status,collision_index,collision_year,collision_reference,vehicle_reference,vehicle_type,towing_and_articulation,vehicle_manoeuvre,vehicle_direction_from,vehicle_direction_to,vehicle_location_restricted_lane,junction_location,skidding_and_overturning,hit_object_in_carriageway,vehicle_leaving_carriageway,hit_object_off_carriageway,first_point_of_impact,vehicle_left_hand_drive,journey_purpose_of_driver,sex_of_driver,age_of_driver,age_band_of_driver,engine_capacity_cc,propulsion_code,age_of_vehicle,generic_make_model,driver_imd_decile,driver_home_area_type,lsoa_of_driver,escooter_flag
Unvalidated,2024401423440,2024,401423440,2,9,0,18,7,3,0,0,0,0,0,0,2,1,2,3,55,8,-1,-1,-1,-1,2,1,E01016819,0
Unvalidated,2024401423460,2024,401423460,1,9,-1,-1,-1,-1,-1,-1,-1,-1,-1,0,-1,1,6,1,-1,-1,-1,-1,-1,-1,-1,-1,-1,0
Unvalidated,2024401423460,2024,401423460,2,8,-1,-1,-1,-1,-1,-1,-1,-1,-1,0,-1,1,1,1,34,6,-1,-1,-1,-1,2,1,E01027314,0
Unvalidated,2024401423486,2024,401423486,1,9,0,-1,-1,-1,-1,0,-1,-1,-1,0,-1,1,6,3,-1,-1,-1,-1,-1,-1,-1,-1,-1,0
Unvalidated,2024401423538,2024,401423538,1,9,-1,-1,-1,-1,-1,0,-1,-1,-1,0,-1,1,6,2,49,8,-1,-1,-1,-1,-1,3,-1,0
Unvalidated,2024401423538,2024,401423538,2,1,-1,-1,-1,-1,-1,0,-1,-1,-1,0,-1,1,6,1,13,3,-1,-1,-1,-1,9,1,E01033191,0
Unvalidated,2024401423550,2024,401423550,1,9,0,3,5,1,0,0,0,0,0,0,3,1,2,2,48,8,-1,-1,-1,-1,8,2,E01017427,0
Unvalidated,2024401423550,2024,401423550,2,9,0,15,5,1,0,0,0,0,0,0,4,1,2,2,42,7,-1,-1,-1,-1,8,3,E01017670,0
Unvalidated,2024401424527,2024,401424527,1,9,0,18,5,1,0,0,0,0,0,0,4,1,3,2,26,6,-1,-1,-1,-1,10,1,E01017373,0
Unvalidated,2024401424818,2024,401424818,1,9,0,10,1,7,0,0,0,0,0,0,4,1,6,2,35,6,-1,-1,-1,-1,9,1,E01017585,0
Unvalidated,2024401424818,2024,401424818,2,9,0,5,7,3,0,0,0,0,4,0,2,1,1,1,52,8,-1,-1,-1,-1,1,1,E01015771,0
Unvalidated,2024401424832,2024,401424832,1,8,0,3,5,1,0,1,0,0,0,0,2,1,6,1,44,7,-1,-1,-1,-1,5,1,E01015762,0
Unvalidated,2024401424832,2024,401424832,2,9,0,18,5,1,0,1,0,0,0,0,1,1,6,1,28,6,-1,-1,-1,-1,4,1,E01022102,0
Unvalidated,2024401424839,2024,401424839,1,98,-1,-1,-1,-1,-1,-1,-1,-1,-1,0,-1,1,6,1,76,11,-1,-1,-1,-1,8,1,E01017488,0
Unvalidated,2024401424839,2024,401424839,2,9,-1,-1,-1,-1,-1,-1,-1,-1,-1,0,-1,1,5,2,21,5,-1,-1,-1,-1,7,3,E01017464,0
Unvalidated,2024401425058,2024,401425058,1,9,0,15,2,6,0,0,0,4,0,0,1,1,6,2,42,7,-1,-1,-1,-1,1,1,E01015732,0
Unvalidated,2024401425058,2024,401425058,2,8,0,2,0,0,0,0,0,0,0,0,2,1,1,1,45,7,-1,-1,-1,-1,2,1,E01015735,0
Unvalidated,2024401425259,2024,401425259,1,9,0,5,8,4,0,1,0,0,0,0,3,1,6,1,41,7,-1,-1,-1,-1,3,1,E01015761,0
Unvalidated,2024401425259,2024,401425259,2,9,0,18,6,2,0,1,1,0,0,0,1,1,6,2,26,6,-1,-1,-1,-1,3,1,E01015757,0
Unvalidated,2024401425265,2024,401425265,1,9,-1,-1,-1,-1,-1,-1,-1,-1,-1,0,-1,1,6,1,-1,-1,-1,-1,-1,-1,8,3,E01017465,0
Unvalidated,2024401425265,2024,401425265,2,9,-1,-1,-1,-1,-1,-1,-1,-1,-1,0,-1,1,5,2,53,8,-1,-1,-1,-1,2,1,E01017433,0
Unvalidated,2024401425275,2024,401425275,1,9,0,18,8,5,0,8,1,0,0,0,1,1,5,1,26,6,-1,-1,-1,-1,1,1,E01017466,0
Unvalidated,2024401425365,2024,401425365,1,9,0,18,5,7,0,1,0,0,7,0,1,1,6,3,-1,-1,-1,-1,-1,-1,-1,-1,-1,0
Unvalidated,2024401425365,2024,401425365,2,9,0,18,1,4,0,2,0,0,1,0,1,1,6,1,-1,-1,-1,-1,-1,-1,-1,-1,-1,0
Unvalidated,2024401425726,2024,401425726,1,9,0,18,7,3,0,0,0,4,0,0,3,1,5,2,20,4,-1,-1,-1,-1,7,1,E01017608,0
Unvalidated,2024401425726,2024,401425726,2,9,0,18,3,7,0,0,0,0,0,0,3,1,5,1,67,10,-1,-1,-1,-1,9,2,E01017445,0
Unvalidated,2024401425749,2024,401425749,1,9,0,-1,-1,-1,-1,-1,-1,-1,-1,0,-1,1,6,2,35,6,-1,-1,-1,-1,-1,-1,-1,0
Unvalidated,2024401425749,2024,401425749,2,1,0,5,6,2,0,1,0,0,0,0,1,1,3,2,9,2,-1,-1,-1,-1,7,2,E01017446,0
Unvalidated,2024401425800,2024,401425800,1,9,0,18,7,3,0,0,0,0,0,0,1,1,6,1,63,9,-1,-1,-1,-1,7,1,E01017584,0
Unvalidated,2024401425800,2024,401425800,2,9,0,18,3,7,0,0,0,0,0,0,1,1,6,2,33,6,-1,-1,-1,-1,4,1,E01017599,0
Unvalidated,2024401425800,2024,401425800,3,9,0,18,7,3,0,0,0,10,0,0,1,1,6,2,36,7,-1,-1,-1,-1,5,1,E01015714,0
Unvalidated,2024401425827,2024,401425827,1,9,0,18,8,4,0,1,0,0,0,0,1,1,6,2,45,7,-1,-1,-1,-1,6,2,E01017481,0
Unvalidated,2024401425827,2024,401425827,2,90,0,7,6,8,0,1,0,0,0,0,1,1,6,1,16,4,-1,-1,-1,-1,3,1,E01017522,0
Unvalidated,2024401427129,2024,401427129,1,9,-1,18,5,1,0,0,0,0,0,0,4,1,6,3,-1,-1,-1,-1,-1,-1,-1,-1,-1,0
Unvalidated,2024401427135,2024,401427135,1,90,-1,-1,-1,-1,9,-1,0,0,0,0,-1,1,6,3,-1,-1,-1,-1,-1,-1,-1,-1,-1,0
Unvalidated,2024401427221,2024,401427221,1,9,0,18,3,7,0,4,0,0,0,0,1,1,6,3,-1,-1,-1,-1,-1,-1,-1,-1,-1,0
Unvalidated,2024401427221,2024,401427221,2,9,0,18,1,5,0,3,1,0,7,0,4,1,5,2,28,6,-1,-1,-1,-1,10,1,E01017460,0
Unvalidated,2024401427373,2024,401427373,1,9,-1,-1,-1,-1,-1,-1,-1,-1,-1,0,-1,1,6,3,-1,-1,-1,-1,-1,-1,-1,-1,-1,0
Unvalidated,2024401427373,2024,401427373,2,1,-1,-1,-1,-1,-1,-1,-1,-1,-1,0,-1,1,6,1,32,6,-1,-1,-1,-1,1,1,E01017523,0
Unvalidated,2024401427462,2024,401427462,1,90,0,-1,-1,-1,-1,-1,-1,-1,-1,0,-1,1,6,3,-1,-1,-1,-1,-1,-1,-1,-1,-1,0
Unvalidated,2024401427462,2024,401427462,2,9,0,9,5,7,0,3,1,0,0,0,3,1,5,1,31,6,-1,-1,-1,-1,10,2,E01025773,0
Unvalidated,2024401427466,2024,401427466,1,98,0,18,7,3,0,1,0,0,0,0,1,1,1,1,37,7,-1,-1,-1,-1,5,3,E01018135,0
Unvalidated,2024401427466,2024,401427466,2,9,0,10,7,5,0,1,1,0,0,0,2,1,1,1,44,7,-1,-1,-1,-1,1,1,E01015736,0
Unvalidated,2024401427466,2024,401427466,3,11,0,18,3,7,0,2,0,0,0,0,3,1,1,1,64,9,-1,-1,-1,-1,5,1,E01017430,0
Unvalidated,2024401427547,2024,401427547,1,9,0,11,8,4,0,1,0,4,1,1,1,1,6,3,-1,-1,-1,-1,-1,-1,-1,-1,-1,0
Unvalidated,2024401427547,2024,401427547,2,9,0,18,8,4,0,1,0,0,0,0,4,1,1,1,29,6,-1,-1,-1,-1,-1,-1,-1,0
Unvalidated,2024401427547,2024,401427547,3,9,0,3,0,0,0,1,0,0,0,0,4,1,6,1,55,8,-1,-1,-1,-1,5,1,E01015739,0
Unvalidated,2024401427547,2024,401427547,4,9,0,2,0,0,9,1,0,0,0,0,3,1,6,2,-1,-1,-1,-1,-1,-1,2,1,E01015741,0
Unvalidated,2024401427547,2024,401427547,5,9,0,18,8,4,0,1,0,0,0,0,1,1,6,2,45,7,-1,-1,-1,-1,5,1,E01015700,0
Unvalidated,2024401427547,2024,401427547,6,9,0,18,6,2,0,1,0,0,0,0,4,1,6,1,39,7,-1,-1,-1,-1,2,1,E01015741,0
Unvalidated,2024401427556,2024,401427556,1,21,1,11,4,8,0,0,0,0,0,0,4,2,1,1,43,7,-1,-1,-1,-1,-1,-1,-1,0
Unvalidated,2024401427556,2024,401427556,2,9,0,18,4,8,0,0,0,0,0,0,3,1,6,2,41,7,-1,-1,-1,-1,10,2,E01027324,0
Unvalidated,2024401427597,2024,401427597,1,9,0,5,4,8,0,0,0,0,0,0,1,1,6,1,51,8,-1,-1,-1,-1,1,1,E01013590,0
Unvalidated,2024401427597,2024,401427597,2,9,0,3,4,8,0,0,0,0,0,0,2,1,6,1,40,7,-1,-1,-1,-1,3,1,E01017568,0
Unvalidated,2024401427597,2024,401427597,3,9,0,3,4,8,0,0,0,0,0,0,2,1,6,2,47,8,-1,-1,-1,-1,9,2,E01017450,0
Unvalidated,2024401427621,2024,401427621,1,90,0,1,5,3,9,0,0,0,0,0,2,1,6,3,-1,-1,-1,-1,-1,-1,-1,-1,-1,0
Unvalidated,2024401427857,2024,401427857,1,90,0,18,2,6,0,0,0,0,0,0,0,1,6,1,44,7,-1,-1,-1,-1,2,1,E01015743,0
Unvalidated,2024401427857,2024,401427857,2,9,0,4,6,2,0,0,0,0,0,0,1,1,1,1,28,6,-1,-1,-1,-1,6,1,E01015766,0
Unvalidated,2024401427857,2024,401427857,3,9,0,4,6,2,0,0,0,0,0,0,2,1,1,1,37,7,-1,-1,-1,-1,2,1,E01015720,0
Unvalidated,2024401427961,2024,401427961,1,9,0,13,1,5,0,1,2,0,0,0,2,1,6,1,18,4,-1,-1,-1,-1,8,2,E01017444,0
Unvalidated,2024401427961,2024,401427961,2,9,0,18,1,5,0,1,0,0,0,0,3,1,6,1,52,8,-1,-1,-1,-1,5,1,E01017390,0
Unvalidated,2024401428205,2024,401428205,1,90,0,15,3,7,0,1,0,0,0,0,3,1,6,1,16,4,-1,-1,-1,-1,5,1,E01017430,0
Unvalidated,2024401428205,2024,401428205,2,9,0,9,-1,-1,0,5,1,0,0,0,3,1,2,2,46,8,-1,-1,-1,-1,7,3,E01017420,0
Unvalidated,2024401428217,2024,401428217,1,9,0,18,1,5,0,0,0,0,0,0,1,1,6,1,18,4,-1,-1,-1,-1,7,2,E01017416,0
Unvalidated,2024401428217,2024,401428217,2,9,0,4,1,5,0,0,0,0,0,0,2,1,5,1,26,6,-1,-1,-1,-1,7,1,E01017516,0
Unvalidated,2024401428231,2024,401428231,1,9,0,5,3,7,0,5,0,0,0,0,1,1,2,2,60,9,-1,-1,-1,-1,1,1,E01015772,0
Unvalidated,2024401428231,2024,401428231,2,9,0,1,4,3,0,6,0,0,0,0,2,1,6,1,27,6,-1,-1,-1,-1,9,1,E01015747,0
Unvalidated,2024401428251,2024,401428251,1,3,0,18,4,8,0,0,0,0,0,0,1,1,6,1,30,6,-1,-1,-1,-1,7,1,E01033431,0
Unvalidated,2024401428251,2024,401428251,2,9,0,3,4,8,0,0,0,0,0,0,2,1,5,2,34,6,-1,-1,-1,-1,3,1,E01017518,0
Unvalidated,2024401428282,2024,401428282,1,9,0,13,2,6,0,4,0,0,0,0,3,1,6,1,20,4,-1,-1,-1,-1,6,1,E01016732,0
Unvalidated,2024401428282,2024,401428282,2,9,0,4,2,6,0,4,0,0,0,0,4,1,5,2,36,7,-1,-1,-1,-1,7,1,E01017516,0
Unvalidated,2024401429063,2024,401429063,1,9,0,3,-1,-1,0,4,0,11,0,0,1,1,6,2,69,10,-1,-1,-1,-1,5,1,E01017440,0
Unvalidated,2024401429063,2024,401429063,2,9,0,3,-1,-1,0,4,0,0,0,0,2,1,2,2,56,9,-1,-1,-1,-1,6,3,E01027032,0
Unvalidated,2024401429272,2024,401429272,1,9,0,18,4,8,0,0,1,0,0,0,2,1,1,1,48,8,-1,-1,-1,-1,3,1,E01015744,0
Unvalidated,2024401429272,2024,401429272,2,9,0,18,4,8,0,0,0,0,0,0,1,1,6,2,57,9,-1,-1,-1,-1,7,3,E01016734,0
Unvalidated,2024401429272,2024,401429272,3,9,0,18,1,5,0,0,1,0,0,0,1,1,6,1,29,6,-1,-1,-1,-1,2,1,E01000065,0
Unvalidated,2024401429272,2024,401429272,4,9,0,18,8,4,0,0,5,0,0,0,1,1,6,2,45,7,-1,-1,-1,-1,7,1,E01033023,0
Unvalidated,2024401429587,2024,401429587,1,9,0,18,1,5,0,1,0,0,0,0,1,1,1,1,40,7,-1,-1,-1,-1,2,1,E01015725,0
Unvalidated,2024401429598,2024,401429598,1,9,0,15,5,1,0,1,0,0,0,0,4,1,5,2,18,4,-1,-1,-1,-1,5,2,E01017378,0
Unvalidated,2024401429761,2024,401429761,1,1,0,18,5,1,0,0,0,0,0,0,1,1,6,1,64,9,-1,-1,-1,-1,-1,-1,-1,0
Unvalidated,2024401429863,2024,401429863,1,21,-1,12,5,1,0,0,0,0,0,0,3,1,1,3,-1,-1,-1,-1,-1,-1,-1,-1,-1,0
Unvalidated,2024401429863,2024,401429863,2,9,-1,13,5,1,0,0,1,0,7,6,4,1,2,1,64,9,-1,-1,-1,-1,9,1,E01002116,0
Unvalidated,2024401429900,2024,401429900,1,9,0,9,7,5,0,6,0,0,0,0,3,1,6,1,61,9,-1,-1,-1,-1,2,1,E01015794,0
Unvalidated,2024401429900,2024,401429900,2,2,0,18,5,1,0,8,0,0,0,0,1,1,6,1,21,5,-1,-1,-1,-1,6,1,E01023386,0
Unvalidated,2024401429930,2024,401429930,1,9,0,15,3,7,0,0,0,0,0,0,4,1,2,1,49,8,-1,-1,-1,-1,9,2,E01017445,0
Unvalidated,2024401429930,2024,401429930,2,1,0,18,3,7,0,0,0,0,0,0,3,1,6,1,46,8,-1,-1,-1,-1,9,2,E01017414,0
Unvalidated,2024401430124,2024,401430124,1,9,0,9,6,4,0,8,0,0,0,0,1,1,6,1,-1,-1,-1,-1,-1,-1,-1,-1,-1,0
Unvalidated,2024401430396,2024,401430396,1,19,0,4,2,6,0,1,1,0,0,0,1,1,1,1,40,7,-1,-1,-1,-1,1,1,E01025584,0
Unvalidated,2024401430396,2024,401430396,2,19,0,4,2,6,0,1,1,0,0,0,2,1,6,1,56,9,-1,-1,-1,-1,4,1,E01017493,0
Unvalidated,2024401430396,2024,401430396,3,9,0,4,2,6,0,1,1,0,0,0,2,1,6,1,76,11,-1,-1,-1,-1,8,1,E01017458,0
Unvalidated,2024401430459,2024,401430459,1,9,-1,-1,-1,-1,-1,0,-1,-1,-1,0,-1,1,6,3,-1,-1,-1,-1,-1,-1,-1,-1,-1,0
Unvalidated,2024401430459,2024,401430459,2,1,-1,14,7,3,0,0,0,0,0,0,-1,1,6,2,11,3,-1,-1,-1,-1,4,3,E01017542,0
Unvalidated,2024401430469,2024,401430469,1,9,0,9,8,4,0,6,0,0,0,0,1,1,2,1,47,8,-1,-1,-1,-1,3,1,E01015752,0
Unvalidated,2024401430469,2024,401430469,2,1,0,18,7,3,0,1,0,0,0,0,3,1,6,1,40,7,-1,-1,-1,-1,2,1,E01015726,0
Unvalidated,2024401430472,2024,401430472,1,9,0,18,8,4,0,1,0,0,0,0,1,1,6,1,36,7,-1,-1,-1,-1,4,1,E01017475,0
Unvalidated,2024401430472,2024,401430472,2,9,0,9,8,6,0,1,0,0,0,0,2,1,6,1,61,9,-1,-1,-1,-1,3,1,E01017518,0
Unvalidated,2024401430863,2024,401430863,1,9,0,18,6,2,0,0,0,0,0,0,3,1,6,1,40,7,-1,-1,-1,-1,6,1,E01015766,0
Unvalidated,2024401430863,2024,401430863,2,9,0,18,6,2,0,0,0,0,0,0,3,1,6,1,20,4,-1,-1,-1,-1,6,2,E01017481,0
Unvalidated,2024401431707,2024,401431707,1,9,-1,-1,-1,-1,-1,-1,-1,-1,-1,0,-1,1,5,2,34,6,-1,-1,-1,-1,6,1,E01023539,0
Unvalidated,2024401431707,2024,401431707,2,1,-1,-1,-1,-1,-1,-1,-1,-1,-1,0,-1,1,5,1,66,10,-1,-1,-1,-1,10,1,E01023749,0
Unvalidated,2024401431777,2024,401431777,1,9,0,9,1,5,6,0,0,0,0,0,3,1,6,1,24,5,-1,-1,-1,-1,8,3,E01017670,0
Unvalidated,2024401431777,2024,401431777,2,5,0,13,1,5,6,0,5,0,7,0,4,1,6,1,69,10,-1,-1,-1,-1,3,1,E01015801,0
Unvalidated,2024401431819,2024,401431819,1,9,-1,-1,-1,-1,-1,0,-1,-1,-1,0,-1,1,6,2,-1,-1,-1,-1,-1,-1,-1,-1,-1,0
Unvalidated,2024401431819,2024,401431819,2,8,-1,-1,-1,-1,-1,0,-1,-1,-1,0,1,1,2,1,28,6,-1,-1,-1,-1,2,1,E01015781,0
Unvalidated,2024401432131,2024,401432131,1,9,0,1,-1,-1,-1,0,0,0,0,0,2,1,6,3,-1,-1,-1,-1,-1,-1,-1,-1,-1,0
Unvalidated,2024401432131,2024,401432131,2,3,0,1,-1,-1,-1,0,0,0,0,0,1,1,5,1,31,6,-1,-1,-1,-1,4,1,E01017473,0
Unvalidated,2024401432181,2024,401432181,1,9,-1,-1,-1,-1,-1,0,-1,-1,-1,0,-1,1,6,3,-1,-1,-1,-1,-1,-1,-1,-1,-1,0
Unvalidated,2024401432181,2024,401432181,2,9,0,18,1,5,0,0,0,0,0,0,1,1,6,1,64,9,-1,-1,-1,-1,4,1,E01017520,0
Unvalidated,2024401432183,2024,401432183,1,97,0,18,2,6,0,3,0,0,0,0,2,1,6,1,19,4,-1,-1,-1,-1,6,1,E01015775,0
Unvalidated,2024401432183,2024,401432183,2,9,0,9,2,6,0,3,0,0,0,0,2,1,2,2,21,5,-1,-1,-1,-1,4,1,E01017579,0
Unvalidated,2024401432229,2024,401432229,1,9,0,3,3,7,0,1,0,0,0,0,1,1,6,1,29,6,-1,-1,-1,-1,4,1,E01015755,0
Unvalidated,2024401432229,2024,401432229,2,9,0,2,0,0,0,2,0,0,0,0,2,1,5,1,67,10,-1,-1,-1,-1,5,1,E01015748,0
Unvalidated,2024401432253,2024,401432253,1,9,0,4,2,6,0,0,0,0,0,0,1,1,5,1,27,6,-1,-1,-1,-1,-1,-1,-1,0
Unvalidated,2024401432253,2024,401432253,2,9,0,-1,2,6,-1,0,-1,-1,-1,0,2,1,6,3,-1,-1,-1,-1,-1,-1,-1,-1,-1,0
Unvalidated,2024401432266,2024,401432266,1,9,0,18,7,3,0,0,0,0,0,0,1,1,6,1,18,4,-1,-1,-1,-1,2,1,E01015704,0
Unvalidated,2024401432266,2024,401432266,2,9,0,2,0,0,0,0,0,0,0,0,2,1,1,1,37,7,-1,-1,-1,-1,4,1,E01015782,0
Unvalidated,2024401432290,2024,401432290,1,9,0,7,6,8,0,2,0,7,0,0,1,1,6,1,29,6,-1,-1,-1,-1,2,1,E01015726,0
Unvalidated,2024401432290,2024,401432290,2,9,0,3,8,4,0,1,0,0,0,0,3,1,2,1,35,6,-1,-1,-1,-1,5,1,E01015714,0
Unvalidated,2024401432464,2024,401432464,1,2,0,18,1,7,0,0,0,0,0,0,4,1,6,1,16,4,-1,-1,-1,-1,4,1,E01015786,0
Unvalidated,2024401432464,2024,401432464,2,9,0,9,1,5,0,0,0,0,0,0,4,1,6,1,48,8,-1,-1,-1,-1,3,1,E01015701,0
Unvalidated,2024401432507,2024,401432507,1,9,0,4,6,2,0,0,1,4,0,0,1,1,6,1,85,11,-1,-1,-1,-1,9,1,E01017585,0
Unvalidated,2024401432507,2024,401432507,2,9,0,2,0,0,0,0,0,0,0,0,1,1,6,2,26,6,-1,-1,-1,-1,10,1,E01017373,0
Unvalidated,2024401432509,2024,401432509,1,9,0,18,5,1,0,0,1,0,7,0,1,1,6,1,35,6,-1,-1,-1,-1,2,1,E01015737,0
Unvalidated,2024401432509,2024,401432509,2,9,0,18,1,5,0,0,0,0,1,0,1,1,1,1,65,9,-1,-1,-1,-1,4,1,E01027059,0
Unvalidated,2024401432621,2024,401432621,1,9,0,18,6,1,0,0,0,0,0,0,1,2,6,2,28,6,-1,-1,-1,-1,2,1,E01015781,0
Unvalidated,2024401432663,2024,401432663,1,9,0,18,7,3,0,0,0,0,0,0,1,1,1,1,26,6,-1,-1,-1,-1,1,1,E01016743,0
Unvalidated,2024401432663,2024,401432663,2,9,0,9,1,3,0,0,0,0,1,0,3,1,2,1,26,6,-1,-1,-1,-1,7,1,E01017575,0
Unvalidated,2024401432669,2024,401432669,1,9,0,-1,-1,-1,0,4,2,0,0,0,1,1,6,3,-1,-1,-1,-1,-1,-1,-1,-1,-1,0
Unvalidated,2024401432669,2024,401432669,2,1,0,-1,-1,-1,-1,-1,-1,-1,-1,0,2,1,2,1,28,6,-1,-1,-1,-1,5,1,E01017557,0
Unvalidated,2024401432922,2024,401432922,1,9,0,-1,-1,-1,-1,-1,-1,-1,-1,0,-1,1,6,1,68,10,-1,-1,-1,-1,7,3,E01017548,0
Unvalidated,2024401432922,2024,401432922,2,1,-1,-1,-1,-1,-1,-1,-1,-1,-1,0,-1,1,5,2,50,8,-1,-1,-1,-1,8,1,E01017467,0
Unvalidated,2024401432959,2024,401432959,1,9,0,5,-1,-1,0,0,0,0,0,0,3,1,1,2,32,6,-1,-1,-1,-1,3,1,E01017580,0
Unvalidated,2024401432959,2024,401432959,2,9,0,5,-1,-1,0,0,0,0,0,0,4,1,6,1,71,10,-1,-1,-1,-1,6,1,E01017578,0
Unvalidated,2024401432972,2024,401432972,1,9,0,18,2,6,0,0,0,0,0,0,1,1,6,2,43,7,-1,-1,-1,-1,4,1,E01015792,0
Unvalidated,2024401432972,2024,401432972,2,9,0,2,0,0,0,0,0,0,0,0,4,1,6,3,-1,-1,-1,-1,-1,-1,-1,-1,-1,0
Unvalidated,2024401432972,2024,401432972,3,9,0,2,0,0,0,0,0,0,0,0,2,1,6,3,-1,-1,-1,-1,-1,-1,-1,-1,-1,0
Unvalidated,2024401433071,2024,401433071,1,21,1,4,5,1,0,0,0,0,0,0,1,1,1,1,23,5,-1,-1,-1,-1,2,1,E01002506,0
Unvalidated,2024401433071,2024,401433071,2,21,1,3,5,1,0,0,0,0,0,0,2,1,1,1,55,8,-1,-1,-1,-1,7,1,E01016728,0
Unvalidated,2024401433345,2024,401433345,1,9,0,18,8,4,0,0,0,0,0,0,1,1,6,1,37,7,-1,-1,-1,-1,2,1,E01015779,0
Unvalidated,2024401433361,2024,401433361,1,9,-1,-1,-1,-1,-1,1,-1,-1,-1,0,-1,1,6,1,-1,-1,-1,-1,-1,-1,-1,-1,-1,0
Unvalidated,2024401433372,2024,401433372,1,9,0,18,8,4,0,1,0,0,0,0,1,1,1,1,54,8,-1,-1,-1,-1,3,1,E01017400,0
Unvalidated,2024401433372,2024,401433372,2,9,0,9,2,8,0,1,0,0,0,0,1,1,1,1,52,8,-1,-1,-1,-1,7,1,E01016728,0
Unvalidated,2024401433391,2024,401433391,1,8,0,18,5,1,0,0,0,0,0,0,1,1,6,1,40,7,-1,-1,-1,-1,6,1,E01015766,0
Unvalidated,2024401433428,2024,401433428,1,97,0,18,7,3,0,0,0,0,0,0,1,1,6,1,36,7,-1,-1,-1,-1,4,1,E01027320,0
Unvalidated,2024401433428,2024,401433428,2,9,0,18,7,3,0,0,0,0,0,0,1,1,6,1,35,6,-1,-1,-1,-1,3,1,E01017538,0
Unvalidated,2024401433428,2024,401433428,3,9,0,5,7,3,0,0,0,0,0,0,0,1,6,3,49,8,-1,-1,-1,-1,4,1,E01017476,0
Unvalidated,2024401433429,2024,401433429,1,9,0,18,3,7,0,0,0,0,0,0,1,1,6,1,31,6,-1,-1,-1,-1,3,1,E01017501,0
Unvalidated,2024401433429,2024,401433429,2,9,0,18,7,3,0,0,0,0,2,0,1,1,6,2,40,7,-1,-1,-1,-1,10,3,E01018116,0
Unvalidated,2024401433486,2024,401433486,1,9,0,-1,-1,-1,-1,0,-1,-1,-1,0,-1,1,6,2,-1,-1,-1,-1,-1,-1,-1,-1,-1,0
Unvalidated,2024401433531,2024,401433531,1,9,0,3,6,2,0,0,0,0,0,0,2,1,6,1,50,8,-1,-1,-1,-1,8,1,E01017455,0
Unvalidated,2024401433531,2024,401433531,2,9,0,3,6,2,0,0,0,0,0,0,2,1,6,2,45,7,-1,-1,-1,-1,9,1,E01017454,0
Unvalidated,2024401433531,2024,401433531,3,9,0,3,6,2,0,0,0,7,2,0,2,1,6,2,30,6,-1,-1,-1,-1,2,1,E01017492,0
Unvalidated,2024401433531,2024,401433531,4,9,0,18,6,2,0,0,0,0,0,0,1,1,6,1,24,5,-1,-1,-1,-1,4,1,E01017493,0
Unvalidated,2024401433645,2024,401433645,1,2,0,18,1,1,0,0,5,0,0,0,1,1,5,1,10,2,-1,-1,-1,-1,9,2,E01017428,0
Unvalidated,2024401434234,2024,401434234,1,9,0,18,5,1,0,0,0,0,0,0,3,1,6,1,29,6,-1,-1,-1,-1,5,1,E01015740,0
Unvalidated,2024401434234,2024,401434234,2,9,0,18,1,5,0,0,0,0,0,0,2,1,6,2,49,8,-1,-1,-1,-1,10,1,E01023372,0
Unvalidated,2024401434234,2024,401434234,3,9,0,18,5,1,0,0,0,0,0,0,2,1,6,2,35,6,-1,-1,-1,-1,7,3,E01017548,0
Unvalidated,2024401434234,2024,401434234,4,19,0,18,5,1,0,0,0,0,0,0,1,1,6,1,28,6,-1,-1,-1,-1,5,1,E01018183,0
Unvalidated,2024401434238,2024,401434238,1,9,0,1,3,7,0,6,0,0,0,0,2,1,6,3,-1,-1,-1,-1,-1,-1,-1,-1,-1,0
Unvalidated,2024401434238,2024,401434238,2,9,0,4,3,7,0,6,0,0,0,0,3,1,5,2,33,6,-1,-1,-1,-1,1,1,E01015732,0
Unvalidated,2024401434334,2024,401434334,1,9,0,9,7,1,0,8,0,0,0,0,1,1,6,1,59,9,-1,-1,-1,-1,2,1,E01017618,0
Unvalidated,2024401434334,2024,401434334,2,23,0,18,5,1,0,1,5,0,0,0,1,1,6,1,19,4,-1,-1,-1,-1,-1,-1,-1,0
Unvalidated,2024401434360,2024,401434360,1,9,0,5,1,5,0,2,0,0,0,0,1,1,5,1,84,11,-1,-1,-1,-1,9,1,E01017415,0
Unvalidated,2024401434360,2024,401434360,2,9,0,18,7,3,0,2,0,0,0,0,4,1,5,1,27,6,-1,-1,-1,-1,7,1,E01017382,0
Unvalidated,2024401434452,2024,401434452,1,9,0,18,2,6,0,0,1,0,1,4,1,1,6,1,48,8,-1,-1,-1,-1,4,1,E01025099,0
Unvalidated,2024401434613,2024,401434613,1,9,0,18,2,5,9,1,0,0,2,0,1,1,6,1,33,6,-1,-1,-1,-1,3,1,E01017522,0
Unvalidated,2024401434613,2024,401434613,2,9,0,2,0,0,0,2,0,0,0,0,2,1,6,3,-1,-1,-1,-1,-1,-1,-1,-1,-1,0
Unvalidated,2024401434613,2024,401434613,3,9,0,2,0,0,0,2,0,0,0,0,1,1,6,3,-1,-1,-1,-1,-1,-1,-1,-1,-1,0
Unvalidated,2024401434613,2024,401434613,4,9,0,2,0,0,0,2,0,0,0,0,3,1,6,3,-1,-1,-1,-1,-1,-1,-1,-1,-1,0
Unvalidated,2024401434685,2024,401434685,1,11,-1,-1,-1,-1,-1,0,0,0,0,0,-1,1,1,1,-1,-1,-1,-1,-1,-1,-1,-1,-1,0