status,collision_index,collision_year,collision_reference,vehicle_reference,vehicle_type,towing_and_articulation,vehicle_manoeuvre,vehicle_direction_from,vehicle_direction_to,vehicle_location_restricted_lane,junction_location,skidding_and_overturning,hit_object_in_carriageway,vehicle_leaving_carriageway,hit_object_off_carriageway,first_point_of_impact,vehicle_left_hand_drive,journey_purpose_of_driver,sex_of_driver,age_of_driver,age_band_of_driver,engine_capacity_cc,propulsion_code,age_of_vehicle,generic_make_model,driver_imd_decile,driver_home_area_type,lsoa_of_driver,escooter_flag
Unvalidated,2024401434715,2024,401434715,1,21,0,4,7,3,0,0,0,0,0,0,1,1,1,1,54,8,-1,-1,-1,-1,7,2,E01027279,0
Unvalidated,2024401434715,2024,401434715,2,3,0,4,7,3,0,0,0,0,0,0,2,1,6,1,50,8,-1,-1,-1,-1,7,1,E01017510,0
Unvalidated,2024401434755,2024,401434755,1,9,-1,-1,-1,-1,-1,-1,-1,-1,-1,0,-1,1,6,1,45,7,-1,-1,-1,-1,-1,-1,-1,0
Unvalidated,2024401434755,2024,401434755,2,1,-1,-1,-1,-1,-1,-1,-1,-1,-1,0,-1,1,6,2,25,5,-1,-1,-1,-1,10,2,E01017429,0
Unvalidated,2024401434994,2024,401434994,1,3,0,18,8,2,0,1,0,0,0,0,4,1,6,1,32,6,-1,-1,-1,-1,-1,-1,-1,0
Unvalidated,2024401434994,2024,401434994,2,9,0,18,8,2,0,1,0,0,0,0,0,1,1,1,47,8,-1,-1,-1,-1,-1,-1,-1,0
Unvalidated,2024401435002,2024,401435002,1,9,0,18,6,2,0,0,0,0,0,0,1,1,6,1,35,6,-1,-1,-1,-1,4,2,E01002440,0
Unvalidated,2024401435007,2024,401435007,1,20,0,18,4,8,0,0,0,0,0,0,1,1,6,1,60,9,-1,-1,-1,-1,-1,-1,-1,0
Unvalidated,2024401435007,2024,401435007,2,20,0,4,4,8,0,0,0,0,0,0,2,1,2,1,40,7,-1,-1,-1,-1,9,1,E01016833,0
Unvalidated,2024401435083,2024,401435083,1,9,0,1,0,7,9,0,0,0,0,0,3,2,5,1,35,6,-1,-1,-1,-1,2,1,E01015737,0
Unvalidated,2024401435083,2024,401435083,2,90,0,5,1,5,9,0,0,0,0,0,1,1,6,1,14,3,-1,-1,-1,-1,2,1,E01015737,0
Unvalidated,2024401435121,2024,401435121,1,3,0,13,5,1,0,1,0,0,0,0,1,1,6,1,19,4,-1,-1,-1,-1,10,2,E01017459,0
Unvalidated,2024401435121,2024,401435121,2,8,0,10,5,3,0,1,0,0,0,0,3,1,6,2,27,6,-1,-1,-1,-1,8,1,E01017488,0
Unvalidated,2024401435145,2024,401435145,1,9,0,18,8,4,0,1,2,0,3,9,1,1,6,1,18,4,-1,-1,-1,-1,9,3,E01023748,0
Unvalidated,2024401435145,2024,401435145,2,9,0,18,2,6,0,1,2,0,3,9,3,1,6,2,30,6,-1,-1,-1,-1,5,3,E01017615,0
Unvalidated,2024401435241,2024,401435241,1,9,0,-1,-1,-1,-1,-1,-1,-1,-1,0,-1,1,6,1,41,7,-1,-1,-1,-1,4,1,E01017506,0
Unvalidated,2024401435241,2024,401435241,2,1,-1,-1,-1,-1,-1,-1,-1,-1,-1,0,-1,1,2,1,24,5,-1,-1,-1,-1,1,1,E01017477,0
Unvalidated,2024401435243,2024,401435243,1,17,5,18,1,5,0,0,5,0,1,0,1,1,1,1,50,8,-1,-1,-1,-1,7,3,E01017423,0
Unvalidated,2024401435292,2024,401435292,1,19,-1,1,1,5,0,0,0,0,0,0,4,1,1,1,-1,-1,-1,-1,-1,-1,-1,-1,-1,0
Unvalidated,2024401435292,2024,401435292,2,9,0,-1,-1,-1,-1,0,-1,-1,-1,0,-1,1,6,3,-1,-1,-1,-1,-1,-1,-1,-1,-1,0
Unvalidated,2024401435497,2024,401435497,1,9,0,4,4,8,0,0,0,0,0,0,0,1,6,3,-1,-1,-1,-1,-1,-1,-1,-1,-1,0
Unvalidated,2024401435497,2024,401435497,2,9,0,4,4,8,0,0,0,0,0,0,0,1,2,2,25,5,-1,-1,-1,-1,7,3,E01017423,0
Unvalidated,2024401435515,2024,401435515,1,9,0,18,4,8,0,1,0,0,1,0,1,1,6,1,39,7,-1,-1,-1,-1,10,2,E01016736,0
Unvalidated,2024401435515,2024,401435515,2,9,0,9,7,4,0,1,0,0,1,9,1,1,6,1,26,6,-1,-1,-1,-1,9,1,E01023740,0
Unvalidated,2024401435564,2024,401435564,1,9,0,5,7,3,0,8,0,0,0,0,4,1,6,1,24,5,-1,-1,-1,-1,10,1,E01023610,0
Unvalidated,2024401435564,2024,401435564,2,9,0,18,1,5,0,1,0,0,0,0,1,1,6,1,22,5,-1,-1,-1,-1,2,1,E01001448,0
Unvalidated,2024401435579,2024,401435579,1,9,0,18,1,5,0,8,0,0,0,0,1,1,5,1,26,6,-1,-1,-1,-1,3,1,E01015801,0
Unvalidated,2024401435579,2024,401435579,2,8,0,18,5,1,0,8,0,0,0,0,4,1,1,1,48,8,-1,-1,-1,-1,5,1,E01015767,0
Unvalidated,2024401435583,2024,401435583,1,9,0,18,8,4,0,0,5,0,0,0,2,1,6,1,19,4,-1,-1,-1,-1,9,1,E01016828,0
Unvalidated,2024401435588,2024,401435588,1,9,0,9,7,1,0,5,0,0,0,0,4,1,6,2,19,4,-1,-1,-1,-1,8,3,E01017411,0
Unvalidated,2024401435588,2024,401435588,2,9,0,18,7,3,0,1,0,0,0,0,4,1,6,1,38,7,-1,-1,-1,-1,6,1,E01017508,0
Unvalidated,2024401435592,2024,401435592,1,9,-1,-1,-1,-1,-1,0,-1,-1,-1,0,-1,1,6,3,-1,-1,-1,-1,-1,-1,-1,-1,-1,0
Unvalidated,2024401435592,2024,401435592,2,9,-1,-1,-1,-1,-1,0,-1,-1,-1,0,-1,1,3,2,47,8,-1,-1,-1,-1,2,1,E01015774,0
Unvalidated,2024401435635,2024,401435635,1,9,0,5,5,1,0,0,0,0,0,0,1,1,6,2,41,7,-1,-1,-1,-1,2,1,E01017492,0
Unvalidated,2024401435635,2024,401435635,2,1,0,18,3,7,0,0,5,0,0,0,1,1,6,1,14,3,-1,-1,-1,-1,4,1,E01017493,0
Unvalidated,2024401435898,2024,401435898,1,19,-1,-1,-1,-1,-1,0,-1,-1,-1,0,0,2,6,3,-1,-1,-1,-1,-1,-1,-1,-1,-1,0
Unvalidated,2024401435898,2024,401435898,2,9,0,-1,-1,-1,-1,0,-1,-1,-1,0,3,1,2,2,31,6,-1,-1,-1,-1,10,1,E01023368,0
Unvalidated,2024401435952,2024,401435952,1,9,0,18,3,7,0,1,0,0,0,0,4,1,6,1,23,5,-1,-1,-1,-1,3,1,E01015713,0
Unvalidated,2024401435952,2024,401435952,2,9,0,18,3,7,0,1,0,0,0,0,1,1,6,2,57,9,-1,-1,-1,-1,6,1,E01015766,0
Unvalidated,2024401435985,2024,401435985,1,9,0,17,8,5,0,0,0,10,1,0,4,1,6,1,21,5,-1,-1,-1,-1,2,1,E01017539,0
Unvalidated,2024401436871,2024,401436871,1,90,0,18,3,7,0,0,0,0,0,0,1,1,5,1,46,8,-1,-1,-1,-1,4,1,E01017499,0
Unvalidated,2024401436978,2024,401436978,1,9,0,4,7,3,0,0,0,0,0,0,2,1,3,2,37,7,-1,-1,-1,-1,-1,-1,-1,0
Unvalidated,2024401436978,2024,401436978,2,9,0,18,7,3,0,0,0,0,0,0,1,1,6,2,21,5,-1,-1,-1,-1,5,1,E01015768,0
Unvalidated,2024401437081,2024,401437081,1,9,0,18,4,8,0,0,0,0,0,0,1,1,6,1,48,8,-1,-1,-1,-1,10,2,E01017563,0
Unvalidated,2024401437081,2024,401437081,2,19,0,4,4,8,0,0,0,0,0,0,2,1,2,1,41,7,-1,-1,-1,-1,9,1,E01015681,0
Unvalidated,2024401437281,2024,401437281,1,9,0,18,7,1,0,0,1,0,0,0,3,1,6,1,30,6,-1,-1,-1,-1,8,3,E01017410,0
Unvalidated,2024401437281,2024,401437281,2,9,0,18,5,7,0,0,1,0,0,0,1,1,3,2,46,8,-1,-1,-1,-1,5,3,E01017486,0
Unvalidated,2024401437842,2024,401437842,1,90,0,11,4,8,0,4,0,0,0,0,4,1,6,1,43,7,-1,-1,-1,-1,6,1,E01021855,0
Unvalidated,2024401437842,2024,401437842,2,3,0,3,4,8,0,4,5,0,0,0,3,1,5,1,48,8,-1,-1,-1,-1,4,2,E01017487,0
Unvalidated,2024401438192,2024,401438192,1,9,0,18,5,1,0,1,0,11,0,0,1,1,6,1,19,4,-1,-1,-1,-1,4,1,E01015734,0
Unvalidated,2024401438192,2024,401438192,2,9,0,5,7,1,0,1,0,0,0,0,3,1,6,1,37,7,-1,-1,-1,-1,8,1,E01015693,0
Unvalidated,2024401438192,2024,401438192,3,9,0,18,5,1,0,1,0,0,0,0,4,1,6,1,-1,-1,-1,-1,-1,-1,1,1,E01015699,0
Unvalidated,2024401438246,2024,401438246,1,9,0,18,8,4,-1,0,0,0,0,0,1,1,6,2,39,7,-1,-1,-1,-1,9,1,E01017585,0
Unvalidated,2024401438246,2024,401438246,2,19,0,3,8,4,0,0,0,0,0,0,2,1,2,1,55,8,-1,-1,-1,-1,4,1,E01017579,0
Unvalidated,2024401438338,2024,401438338,1,9,0,18,2,6,0,1,0,0,0,0,1,1,6,1,59,9,-1,-1,-1,-1,2,1,E01027155,0
Unvalidated,2024401438338,2024,401438338,2,9,0,18,6,2,0,1,0,0,0,0,1,1,6,2,27,6,-1,-1,-1,-1,9,3,E01017463,0
Unvalidated,2024401438354,2024,401438354,1,19,0,3,1,5,0,0,0,0,0,0,1,1,6,1,45,7,-1,-1,-1,-1,3,1,E01013553,0
Unvalidated,2024401438354,2024,401438354,2,9,0,3,5,1,0,0,0,0,0,0,2,1,1,1,42,7,-1,-1,-1,-1,1,1,E01009539,0
Unvalidated,2024401438404,2024,401438404,1,9,0,9,3,1,0,5,0,0,0,0,3,1,6,2,62,9,-1,-1,-1,-1,9,2,E01017463,0
Unvalidated,2024401438404,2024,401438404,2,5,0,7,1,3,0,6,1,0,0,0,4,1,2,1,32,6,-1,-1,-1,-1,2,1,E01017519,0
Unvalidated,2024401438638,2024,401438638,1,19,-1,18,1,5,0,8,0,0,0,0,4,1,6,1,49,8,-1,-1,-1,-1,2,1,E01015737,0
Unvalidated,2024401438638,2024,401438638,2,9,-1,18,2,5,0,8,0,0,0,0,3,1,5,1,34,6,-1,-1,-1,-1,7,3,E01023598,0
Unvalidated,2024401438676,2024,401438676,1,3,-1,18,3,1,0,4,2,0,0,0,-1,1,6,1,33,6,-1,-1,-1,-1,7,1,E01017510,0
Unvalidated,2024401438676,2024,401438676,2,9,-1,4,5,1,0,4,0,0,0,0,4,1,5,1,36,7,-1,-1,-1,-1,8,1,E01017488,0
Unvalidated,2024401438696,2024,401438696,1,9,0,4,8,4,0,0,1,0,0,0,1,1,2,1,36,7,-1,-1,-1,-1,9,1,E01015747,0
Unvalidated,2024401438702,2024,401438702,1,9,-1,-1,-1,-1,-1,0,-1,-1,-1,0,-1,1,6,3,38,7,-1,-1,-1,-1,6,1,E01017508,0
Unvalidated,2024401438702,2024,401438702,2,9,-1,-1,-1,-1,-1,0,-1,-1,-1,0,-1,1,2,2,29,6,-1,-1,-1,-1,4,1,E01017476,0
Unvalidated,2024401439810,2024,401439810,1,9,0,-1,8,6,-1,-1,-1,-1,-1,0,3,1,6,2,46,8,-1,-1,-1,-1,7,3,E01017577,0
Unvalidated,2024401439810,2024,401439810,2,9,-1,-1,6,1,-1,-1,-1,-1,-1,0,-1,1,6,2,60,9,-1,-1,-1,-1,5,3,E01017588,0
Unvalidated,2024401439812,2024,401439812,1,9,0,9,3,5,0,6,1,10,8,10,1,1,6,1,19,4,-1,-1,-1,-1,2,1,E01017472,0
Unvalidated,2024401439812,2024,401439812,2,9,0,18,1,5,0,8,1,4,0,0,1,1,6,3,-1,-1,-1,-1,-1,-1,-1,-1,-1,0
Unvalidated,2024401439812,2024,401439812,3,9,0,2,0,0,0,2,0,4,0,0,2,1,6,3,-1,-1,-1,-1,-1,-1,-1,-1,-1,0
Unvalidated,2024401439812,2024,401439812,4,9,0,2,0,0,0,2,0,4,0,0,2,1,6,3,-1,-1,-1,-1,-1,-1,-1,-1,-1,0
Unvalidated,2024401439812,2024,401439812,5,9,0,2,0,0,0,2,0,4,0,0,2,1,6,3,-1,-1,-1,-1,-1,-1,-1,-1,-1,0
Unvalidated,2024401439838,2024,401439838,1,9,0,4,4,3,0,0,0,0,0,0,1,1,2,1,20,4,-1,-1,-1,-1,7,3,E01017577,0
Unvalidated,2024401439838,2024,401439838,2,90,0,4,3,8,0,0,0,0,0,0,2,1,2,1,32,6,-1,-1,-1,-1,-1,-1,-1,0
Unvalidated,2024401439926,2024,401439926,1,98,1,18,1,5,0,2,0,0,0,0,1,2,1,1,35,6,-1,-1,-1,-1,-1,-1,-1,0
Unvalidated,2024401439926,2024,401439926,2,9,0,4,1,5,0,2,0,0,0,0,2,1,1,1,48,8,-1,-1,-1,-1,-1,-1,-1,0
Unvalidated,2024401439964,2024,401439964,1,9,-1,-1,-1,-1,-1,-1,-1,-1,-1,0,-1,1,6,3,-1,-1,-1,-1,-1,-1,-1,-1,-1,0
Unvalidated,2024401439964,2024,401439964,2,9,-1,-1,-1,-1,-1,-1,-1,-1,-1,0,2,1,5,2,55,8,-1,-1,-1,-1,3,1,E01015788,0
Unvalidated,2024401440275,2024,401440275,1,98,0,18,5,1,0,0,0,0,0,0,2,1,1,1,53,8,-1,-1,-1,-1,3,1,E01015738,0
Unvalidated,2024401440275,2024,401440275,2,9,0,18,5,1,0,0,0,0,0,0,1,1,6,2,26,6,-1,-1,-1,-1,2,1,E01015787,0
Unvalidated,2024401440669,2024,401440669,1,9,0,5,3,7,0,0,0,0,0,0,4,1,5,2,18,4,-1,-1,-1,-1,5,3,E01017543,0
Unvalidated,2024401440677,2024,401440677,1,9,0,5,1,3,0,4,0,0,0,0,1,1,6,2,48,8,-1,-1,-1,-1,4,1,E01017482,0
Unvalidated,2024401440677,2024,401440677,2,9,0,11,7,3,0,3,0,11,7,1,4,1,1,2,39,7,-1,-1,-1,-1,2,1,E01015702,0
Unvalidated,2024401440685,2024,401440685,1,19,0,18,8,4,0,0,0,0,0,0,3,1,6,1,38,7,-1,-1,-1,-1,10,1,E01017373,0
Unvalidated,2024401440685,2024,401440685,2,9,0,18,4,8,0,0,0,0,0,0,3,1,6,2,37,7,-1,-1,-1,-1,4,1,E01004419,0
Unvalidated,2024401440685,2024,401440685,3,9,0,18,8,4,0,0,0,0,1,11,1,1,6,1,40,7,-1,-1,-1,-1,3,1,E01017536,0
Unvalidated,2024401440685,2024,401440685,4,9,0,18,8,4,0,0,0,0,0,0,1,1,6,2,29,6,-1,-1,-1,-1,4,1,E01017506,0
Unvalidated,2024401440695,2024,401440695,1,97,0,18,5,1,0,0,0,10,1,0,4,1,5,1,18,4,-1,-1,-1,-1,2,1,E01015698,0
Unvalidated,2024401440714,2024,401440714,1,98,1,18,1,5,0,8,5,0,0,0,4,1,1,1,50,8,-1,-1,-1,-1,1,1,E01017523,0
Unvalidated,2024401440729,2024,401440729,1,9,0,3,3,7,0,1,0,0,0,0,2,1,6,1,31,6,-1,-1,-1,-1,7,1,E01015800,0
Unvalidated,2024401440729,2024,401440729,2,9,0,18,3,7,0,1,0,0,0,0,1,1,6,2,36,7,-1,-1,-1,-1,9,1,E01023619,0
Unvalidated,2024401440848,2024,401440848,1,19,0,-1,-1,-1,-1,0,-1,-1,-1,0,-1,1,6,1,37,7,-1,-1,-1,-1,4,1,E01023401,0
Unvalidated,2024401440848,2024,401440848,2,19,0,-1,-1,-1,-1,0,-1,-1,-1,0,4,1,1,1,65,9,-1,-1,-1,-1,10,1,E01023587,0
Unvalidated,2024401441019,2024,401441019,1,9,0,18,5,1,0,0,0,0,0,0,1,1,1,1,38,7,-1,-1,-1,-1,9,1,E01017432,0
Unvalidated,2024401441019,2024,401441019,2,9,0,3,5,1,0,0,0,0,0,0,2,1,1,1,63,9,-1,-1,-1,-1,10,3,E01017419,0
Unvalidated,2024401441033,2024,401441033,1,8,0,6,7,7,0,2,0,0,0,0,1,1,6,1,43,7,-1,-1,-1,-1,2,1,E01017539,0
Unvalidated,2024401441063,2024,401441063,1,9,-1,18,1,5,0,0,0,0,0,0,4,1,5,1,89,11,-1,-1,-1,-1,10,1,E01017626,0
Unvalidated,2024401441103,2024,401441103,1,9,0,7,7,1,0,1,0,0,3,2,1,1,6,1,35,6,-1,-1,-1,-1,9,1,E01015747,0
Unvalidated,2024401441115,2024,401441115,1,9,0,18,4,8,0,1,0,0,0,0,2,1,6,3,-1,-1,-1,-1,-1,-1,-1,-1,-1,0
Unvalidated,2024401441115,2024,401441115,2,1,0,4,4,8,0,1,0,0,0,0,4,1,2,2,63,9,-1,-1,-1,-1,6,3,E01017616,0
Unvalidated,2024401441131,2024,401441131,1,3,0,18,2,6,0,4,0,9,0,0,1,1,6,1,41,7,-1,-1,-1,-1,9,3,E01017422,0
Unvalidated,2024401441132,2024,401441132,1,9,0,18,3,7,0,1,0,0,0,0,1,1,6,1,69,10,-1,-1,-1,-1,3,1,E01017619,0
Unvalidated,2024401441132,2024,401441132,2,9,0,18,7,3,0,1,0,0,0,0,1,1,6,2,43,7,-1,-1,-1,-1,2,1,E01017618,0
Unvalidated,2024401441145,2024,401441145,1,9,0,18,1,5,0,1,0,0,0,0,0,1,6,1,74,10,-1,-1,-1,-1,6,1,E01017435,0
Unvalidated,2024401441145,2024,401441145,2,9,0,18,1,5,0,1,0,0,0,0,2,1,6,2,24,5,-1,-1,-1,-1,4,1,E01017535,0
Unvalidated,2024401441145,2024,401441145,3,9,0,18,1,5,0,1,0,0,0,0,1,1,6,1,34,6,-1,-1,-1,-1,8,2,E01017410,0
Unvalidated,2024401441220,2024,401441220,1,9,0,18,1,5,0,0,0,0,0,0,1,1,6,1,-1,-1,-1,-1,-1,-1,10,2,E01017621,0
Unvalidated,2024401441220,2024,401441220,2,9,0,4,1,5,0,0,0,0,0,0,2,1,2,2,37,7,-1,-1,-1,-1,-1,3,-1,0
Unvalidated,2024401442152,2024,401442152,1,9,-1,-1,-1,-1,-1,0,-1,-1,-1,0,3,1,6,2,78,11,-1,-1,-1,-1,2,1,E01015725,0
Unvalidated,2024401442152,2024,401442152,2,9,-1,-1,-1,-1,-1,0,-1,-1,-1,0,-1,1,6,3,-1,-1,-1,-1,-1,-1,-1,-1,-1,0
Unvalidated,2024401442546,2024,401442546,1,9,0,12,3,5,0,3,0,0,1,0,3,1,6,1,59,9,-1,-1,-1,-1,9,1,E01017372,0
Unvalidated,2024401442546,2024,401442546,2,9,0,18,3,5,0,3,0,0,1,0,4,1,2,1,44,7,-1,-1,-1,-1,6,1,E01015718,0
Unvalidated,2024401442631,2024,401442631,1,9,0,15,7,3,0,0,0,0,0,0,4,1,6,1,40,7,-1,-1,-1,-1,8,1,E01015696,0
Unvalidated,2024401442632,2024,401442632,1,9,0,16,5,5,0,3,0,0,0,0,1,1,6,2,-1,-1,-1,-1,-1,-1,-1,-1,-1,0
Unvalidated,2024401442632,2024,401442632,2,9,0,4,3,5,0,3,0,0,0,0,2,1,6,1,25,5,-1,-1,-1,-1,6,1,E01017550,0
Unvalidated,2024401442668,2024,401442668,1,9,0,18,1,5,0,8,0,0,0,0,1,1,1,2,50,8,-1,-1,-1,-1,2,1,E01015702,0
Unvalidated,2024401442668,2024,401442668,2,1,0,18,7,3,9,8,0,0,0,0,3,1,6,1,12,3,-1,-1,-1,-1,2,1,E01017602,0
Unvalidated,2024401442684,2024,401442684,1,9,0,9,1,7,0,4,0,0,0,0,1,1,6,2,29,6,-1,-1,-1,-1,3,1,E01015744,0
Unvalidated,2024401442688,2024,401442688,1,2,0,18,5,1,0,4,1,10,0,0,4,1,2,1,17,4,-1,-1,-1,-1,7,1,E01017437,0
Unvalidated,2024401442798,2024,401442798,1,9,0,3,8,4,0,0,0,0,0,0,2,1,6,1,56,9,-1,-1,-1,-1,-1,-1,-1,0
Unvalidated,2024401442798,2024,401442798,2,9,0,18,7,3,0,0,0,0,0,0,1,1,6,1,24,5,-1,-1,-1,-1,2,1,E01015680,0
Unvalidated,2024401443068,2024,401443068,1,9,0,12,6,2,0,0,0,0,5,6,3,1,2,1,70,10,-1,-1,-1,-1,7,3,E01017547,0
Unvalidated,2024401443106,2024,401443106,1,90,0,18,5,1,0,0,5,0,0,0,4,1,1,1,59,9,-1,-1,-1,-1,9,1,E01017415,0
Unvalidated,2024401443173,2024,401443173,1,19,-1,1,-1,-1,-1,0,-1,11,0,0,2,1,6,1,-1,-1,-1,-1,-1,-1,9,1,E01023912,0
Unvalidated,2024401443173,2024,401443173,2,9,-1,2,-1,-1,-1,0,0,0,0,0,1,1,1,2,40,7,-1,-1,-1,-1,-1,-1,-1,0
Unvalidated,2024401443244,2024,401443244,1,4,0,4,1,6,0,3,0,0,0,0,2,1,6,1,-1,-1,-1,-1,-1,-1,-1,-1,-1,0
Unvalidated,2024401443244,2024,401443244,2,1,0,18,2,6,0,3,0,0,0,0,1,1,2,1,27,6,-1,-1,-1,-1,3,1,E01033497,0
Unvalidated,2024401443493,2024,401443493,1,9,0,10,4,5,0,1,0,0,0,0,3,1,6,1,49,8,-1,-1,-1,-1,10,2,E01017563,0
Unvalidated,2024401443493,2024,401443493,2,9,0,9,-1,-1,0,1,-1,-1,-1,0,-1,1,6,3,-1,-1,-1,-1,-1,-1,-1,-1,-1,0
Unvalidated,2024401443493,2024,401443493,3,9,-1,18,-1,-1,0,1,0,0,0,0,-1,1,6,3,-1,-1,-1,-1,-1,-1,-1,-1,-1,0
Unvalidated,2024401443534,2024,401443534,1,9,0,99,8,4,0,8,0,0,0,0,9,1,6,3,-1,-1,-1,-1,-1,-1,-1,-1,-1,0
Unvalidated,2024401443534,2024,401443534,2,9,0,18,2,6,0,3,0,0,0,0,2,1,6,2,46,8,-1,-1,-1,-1,8,1,E01015706,0
Unvalidated,2024401443638,2024,401443638,1,9,0,18,8,4,0,0,0,0,0,0,1,1,5,2,74,10,-1,-1,-1,-1,9,1,E01015806,0
Unvalidated,2024401443690,2024,401443690,1,9,0,18,1,8,0,4,0,0,0,0,1,1,1,1,43,7,-1,-1,-1,-1,3,1,E01017536,0
Unvalidated,2024401443690,2024,401443690,2,9,0,18,4,6,0,4,0,0,0,0,4,1,5,2,28,6,-1,-1,-1,-1,3,1,E01017522,0
Unvalidated,2024401443939,2024,401443939,1,9,0,7,4,7,0,1,0,0,0,0,1,1,6,2,52,8,-1,-1,-1,-1,7,1,E01017516,0
Unvalidated,2024401443939,2024,401443939,2,97,0,8,4,7,0,4,0,0,0,0,2,1,2,2,23,5,-1,-1,-1,-1,4,1,E01017581,0
Unvalidated,2024401443966,2024,401443966,1,9,0,5,2,5,0,4,0,0,0,0,3,1,5,2,73,10,-1,-1,-1,-1,4,1,E01017579,0
Unvalidated,2024401443966,2024,401443966,2,1,0,6,1,5,0,3,0,0,0,0,1,1,6,1,56,9,-1,-1,-1,-1,4,1,E01017599,0
Unvalidated,2024401443988,2024,401443988,1,9,0,1,3,7,0,0,0,0,0,0,2,1,6,2,-1,-1,-1,-1,-1,-1,-1,-1,-1,0
Unvalidated,2024401444016,2024,401444016,1,9,0,5,1,5,0,2,0,0,8,0,3,1,6,1,31,6,-1,-1,-1,-1,8,1,E01027209,0
Unvalidated,2024401444016,2024,401444016,2,9,0,18,3,7,0,2,0,0,0,0,1,1,6,2,33,6,-1,-1,-1,-1,9,1,E01017556,0
Unvalidated,2024401444053,2024,401444053,1,19,-1,-1,-1,-1,-1,-1,-1,-1,-1,0,-1,1,6,1,46,8,-1,-1,-1,-1,7,1,E01015803,0
Unvalidated,2024401444053,2024,401444053,2,90,-1,-1,-1,-1,-1,-1,-1,-1,-1,0,-1,1,6,1,12,3,-1,-1,-1,-1,4,1,E01015804,0
Unvalidated,2024401444064,2024,401444064,1,9,0,18,5,5,0,1,0,0,0,0,1,1,1,1,28,6,-1,-1,-1,-1,1,1,E01017466,0
Unvalidated,2024401444092,2024,401444092,1,9,-1,-1,-1,-1,-1,0,-1,-1,-1,0,-1,1,6,1,43,7,-1,-1,-1,-1,1,1,E01017466,0
Unvalidated,2024401444092,2024,401444092,2,9,-1,-1,-1,-1,-1,0,-1,-1,-1,0,2,1,3,2,38,7,-1,-1,-1,-1,3,1,E01017522,0
Unvalidated,2024401444100,2024,401444100,1,9,0,18,1,5,9,1,1,10,7,11,3,1,5,1,41,7,-1,-1,-1,-1,4,1,E01015711,0
Unvalidated,2024401444946,2024,401444946,1,9,0,1,7,3,0,0,0,0,0,0,2,1,6,2,-1,-1,-1,-1,-1,-1,-1,-1,-1,0
Unvalidated,2024401444946,2024,401444946,2,9,0,18,1,5,0,0,0,0,0,0,4,1,6,2,58,9,-1,-1,-1,-1,2,1,E01015781,0
Unvalidated,2024401445519,2024,401445519,1,9,0,18,5,1,0,8,0,0,0,0,1,1,5,1,23,5,-1,-1,-1,-1,7,3,E01017571,0
Unvalidated,2024401445519,2024,401445519,2,9,0,9,3,1,0,6,0,0,1,1,2,1,1,1,32,6,-1,-1,-1,-1,4,1,E01015784,0
Unvalidated,2024401445519,2024,401445519,3,9,0,18,5,1,0,8,0,0,0,0,0,1,1,1,49,8,-1,-1,-1,-1,9,1,E01015811,0
Unvalidated,2024401445521,2024,401445521,1,9,0,11,8,4,0,0,5,0,0,0,1,1,6,3,-1,-1,-1,-1,-1,-1,-1,-1,-1,0
Unvalidated,2024401445521,2024,401445521,2,9,0,18,8,4,0,0,0,0,0,0,2,1,6,2,44,7,-1,-1,-1,-1,5,2,E01017418,0
Unvalidated,2024401445884,2024,401445884,1,9,0,18,4,8,0,1,0,0,0,0,4,1,6,1,20,4,-1,-1,-1,-1,6,3,E01023624,0
Unvalidated,2024401445884,2024,401445884,2,9,0,18,7,3,0,2,0,0,0,0,1,1,6,1,18,4,-1,-1,-1,-1,6,1,E01023942,0
Unvalidated,2024401445925,2024,401445925,1,9,0,5,3,7,0,0,0,0,0,0,0,1,6,1,44,7,-1,-1,-1,-1,9,1,E01017582,0
Unvalidated,2024401446142,2024,401446142,1,9,0,18,4,8,0,0,0,0,0,0,1,1,5,2,19,4,-1,-1,-1,-1,2,1,E01015733,0
Unvalidated,2024401446142,2024,401446142,2,9,0,2,0,0,0,0,0,0,0,0,3,1,6,3,-1,-1,-1,-1,-1,-1,-1,-1,-1,0
Unvalidated,2024401446142,2024,401446142,3,98,0,2,0,0,0,0,0,0,0,0,2,1,6,3,-1,-1,-1,-1,-1,-1,-1,-1,-1,0
Unvalidated,2024401446345,2024,401446345,1,9,0,18,8,5,0,0,1,4,0,0,1,1,6,1,22,5,-1,-1,-1,-1,7,1,E01015695,0
Unvalidated,2024401446345,2024,401446345,2,9,0,2,0,0,0,0,0,4,0,0,2,1,6,3,-1,-1,-1,-1,-1,-1,-1,-1,-1,0
Unvalidated,2024401446345,2024,401446345,3,9,0,2,0,0,9,0,0,0,0,0,1,1,6,3,-1,-1,-1,-1,-1,-1,-1,-1,-1,0
Unvalidated,2024401446345,2024,401446345,4,9,0,2,0,0,0,0,0,0,0,0,1,1,6,3,-1,-1,-1,-1,-1,-1,-1,-1,-1,0
Unvalidated,2024401447128,2024,401447128,1,9,0,18,2,6,0,0,0,0,0,0,3,1,6,3,-1,-1,-1,-1,-1,-1,-1,-1,-1,0
Unvalidated,2024401447128,2024,401447128,2,9,-1,18,2,6,0,0,0,0,0,0,4,1,2,2,26,6,-1,-1,-1,-1,2,1,E01015807,0
Unvalidated,2024401447198,2024,401447198,1,9,0,18,2,6,0,1,0,10,0,0,1,1,6,1,39,7,-1,-1,-1,-1,3,1,E01015783,0
Unvalidated,2024401447198,2024,401447198,2,9,0,2,0,0,0,1,0,0,0,0,4,1,5,1,-1,-1,-1,-1,-1,-1,-1,-1,-1,0