status,collision_index,collision_year,collision_reference,vehicle_reference,vehicle_type,towing_and_articulation,vehicle_manoeuvre,vehicle_direction_from,vehicle_direction_to,vehicle_location_restricted_lane,junction_location,skidding_and_overturning,hit_object_in_carriageway,vehicle_leaving_carriageway,hit_object_off_carriageway,first_point_of_impact,vehicle_left_hand_drive,journey_purpose_of_driver,sex_of_driver,age_of_driver,age_band_of_driver,engine_capacity_cc,propulsion_code,age_of_vehicle,generic_make_model,driver_imd_decile,driver_home_area_type,lsoa_of_driver,escooter_flag
Unvalidated,2024401447198,2024,401447198,3,9,0,2,0,0,0,1,0,0,0,0,2,1,5,1,58,9,-1,-1,-1,-1,-1,-1,-1,0
Unvalidated,2024401447210,2024,401447210,1,9,-1,-1,-1,-1,-1,-1,-1,-1,-1,0,-1,1,5,2,34,6,-1,-1,-1,-1,10,1,E01017438,0
Unvalidated,2024401447210,2024,401447210,2,9,0,-1,-1,-1,-1,-1,-1,-1,-1,0,-1,1,5,2,35,6,-1,-1,-1,-1,6,1,E01017391,0
Unvalidated,2024401447563,2024,401447563,1,20,0,11,1,7,0,3,0,0,0,0,1,1,6,1,66,10,-1,-1,-1,-1,4,3,E01017542,0
Unvalidated,2024401447563,2024,401447563,2,5,0,5,1,7,0,3,0,0,0,0,3,1,6,1,46,8,-1,-1,-1,-1,8,2,E01028510,0
Unvalidated,2024401447565,2024,401447565,1,9,0,18,5,1,0,1,0,0,0,0,3,1,5,2,77,11,-1,-1,-1,-1,3,1,E01017400,0
Unvalidated,2024401447565,2024,401447565,2,90,0,18,5,1,0,1,0,0,0,0,-1,1,6,1,-1,-1,-1,-1,-1,-1,-1,-1,-1,0
Unvalidated,2024401447569,2024,401447569,1,9,0,18,5,1,0,0,0,4,0,0,1,1,6,2,30,6,-1,-1,-1,-1,10,1,E01017606,0
Unvalidated,2024401447569,2024,401447569,2,21,1,4,0,0,0,0,0,0,0,0,2,1,1,1,33,6,-1,-1,-1,-1,1,1,E01003060,0
Unvalidated,2024401447639,2024,401447639,1,9,0,7,2,6,0,8,0,10,0,0,1,1,5,2,84,11,-1,-1,-1,-1,3,1,E01017596,0
Unvalidated,2024401447652,2024,401447652,1,9,0,5,5,1,0,1,0,0,0,0,1,1,2,1,32,6,-1,-1,-1,-1,10,1,E01017392,0
Unvalidated,2024401447652,2024,401447652,2,9,0,18,1,5,0,1,0,0,0,0,4,1,2,1,30,6,-1,-1,-1,-1,9,1,E01015710,0
Unvalidated,2024401447652,2024,401447652,3,9,0,18,1,5,0,1,0,0,0,0,1,1,1,1,45,7,-1,-1,-1,-1,5,1,E01017440,0
Unvalidated,2024401448910,2024,401448910,1,9,0,18,5,1,0,0,0,0,0,0,1,1,6,2,38,7,-1,-1,-1,-1,9,2,E01017445,0
Unvalidated,2024401448910,2024,401448910,2,9,0,18,1,5,0,0,0,0,0,0,1,1,5,1,66,10,-1,-1,-1,-1,6,1,E01018190,0
Unvalidated,2024401448957,2024,401448957,1,9,-1,-1,-1,-1,-1,0,-1,-1,-1,0,-1,1,6,1,26,6,-1,-1,-1,-1,3,1,E01027238,0
Unvalidated,2024401448957,2024,401448957,2,9,-1,-1,-1,-1,-1,0,-1,-1,-1,0,2,1,5,2,48,8,-1,-1,-1,-1,8,1,E01005770,0
Unvalidated,2024401449232,2024,401449232,1,9,0,16,3,1,0,0,0,0,0,0,3,1,2,1,31,6,-1,-1,-1,-1,7,1,E01017584,0
Unvalidated,2024401449232,2024,401449232,2,9,0,17,1,3,0,0,0,0,0,0,3,1,1,2,54,8,-1,-1,-1,-1,6,1,E01015775,0
Unvalidated,2024401449334,2024,401449334,1,9,0,5,7,3,0,0,0,0,0,0,1,1,2,1,19,4,-1,-1,-1,-1,9,1,E01017585,0
Unvalidated,2024401449334,2024,401449334,2,9,0,18,6,1,0,0,0,0,7,11,4,1,2,1,50,8,-1,-1,-1,-1,7,1,E01023832,0
Unvalidated,2024401449336,2024,401449336,1,9,0,9,3,1,0,6,0,0,0,0,1,1,6,1,53,8,-1,-1,-1,-1,10,1,E01017371,0
Unvalidated,2024401449336,2024,401449336,2,9,0,18,5,1,0,1,0,0,0,0,1,1,3,1,22,5,-1,-1,-1,-1,10,1,E01017406,0
Unvalidated,2024401449336,2024,401449336,3,9,0,18,1,5,0,1,0,0,0,0,3,1,6,2,52,8,-1,-1,-1,-1,-1,-1,-1,0
Unvalidated,2024401449340,2024,401449340,1,9,0,18,1,5,0,0,0,0,0,0,-1,1,5,1,60,9,-1,-1,-1,-1,3,1,E01027065,0
Unvalidated,2024401449344,2024,401449344,1,9,0,2,0,0,0,0,0,0,0,0,2,1,6,1,33,6,-1,-1,-1,-1,2,1,E01015702,0
Unvalidated,2024401449344,2024,401449344,2,9,0,18,5,7,0,0,0,0,0,0,1,1,1,2,46,8,-1,-1,-1,-1,2,1,E01015794,0
Unvalidated,2024401449352,2024,401449352,1,9,0,18,1,7,0,0,0,0,0,0,3,1,5,1,52,8,-1,-1,-1,-1,1,1,E01015789,0
Unvalidated,2024401449352,2024,401449352,2,9,0,18,1,3,0,0,0,0,0,0,1,1,5,2,42,7,-1,-1,-1,-1,7,3,E01017548,0
Unvalidated,2024401449356,2024,401449356,1,9,0,18,3,7,0,1,0,0,1,0,1,1,6,2,55,8,-1,-1,-1,-1,8,1,E01017455,0
Unvalidated,2024401449356,2024,401449356,2,9,0,9,4,3,0,8,0,0,0,0,1,1,1,2,38,7,-1,-1,-1,-1,4,1,E01017506,0
Unvalidated,2024401449373,2024,401449373,1,9,0,3,4,1,0,1,0,0,0,0,1,1,2,1,48,8,-1,-1,-1,-1,6,1,E01017508,0
Unvalidated,2024401449373,2024,401449373,2,9,0,3,4,1,0,1,0,0,0,0,2,1,5,1,34,6,-1,-1,-1,-1,10,1,E01017460,0
Unvalidated,2024401449390,2024,401449390,1,9,0,18,7,3,0,0,0,11,7,4,1,1,2,1,51,8,-1,-1,-1,-1,9,1,E01017576,0
Unvalidated,2024401449423,2024,401449423,1,9,-1,-1,-1,-1,-1,0,-1,-1,-1,0,-1,1,1,2,37,7,-1,-1,-1,-1,8,1,E01017583,0
Unvalidated,2024401449437,2024,401449437,1,9,0,18,-1,-1,0,1,0,0,0,0,4,1,5,2,-1,-1,-1,-1,-1,-1,-1,-1,-1,0
Unvalidated,2024401449437,2024,401449437,2,1,0,18,-1,-1,0,1,0,0,0,0,3,1,6,2,41,7,-1,-1,-1,-1,3,1,E01015715,0
Unvalidated,2024401449439,2024,401449439,1,9,0,1,5,1,0,0,0,0,0,0,2,1,6,1,42,7,-1,-1,-1,-1,8,1,E01017461,0
Unvalidated,2024401449444,2024,401449444,1,9,0,8,3,1,0,0,0,0,0,0,2,1,5,2,62,9,-1,-1,-1,-1,10,1,E01017862,0
Unvalidated,2024401449444,2024,401449444,2,20,0,4,7,1,0,0,0,0,0,0,1,1,1,1,40,7,-1,-1,-1,-1,4,1,E01017475,0
Unvalidated,2024401449527,2024,401449527,1,9,0,9,7,3,0,6,0,0,0,0,3,1,2,2,35,6,-1,-1,-1,-1,5,3,E01017486,0
Unvalidated,2024401449527,2024,401449527,2,9,0,18,5,1,0,1,0,0,0,0,1,1,2,1,26,6,-1,-1,-1,-1,-1,-1,-1,0
Unvalidated,2024401449549,2024,401449549,1,9,0,18,7,3,0,0,0,0,0,0,1,1,6,1,82,11,-1,-1,-1,-1,5,3,E01017412,0
Unvalidated,2024401449549,2024,401449549,2,9,0,18,7,3,0,0,0,0,0,0,1,1,6,2,73,10,-1,-1,-1,-1,8,3,E01017410,0
Unvalidated,2024401449549,2024,401449549,3,9,0,18,4,7,0,0,0,0,0,0,1,1,6,1,76,11,-1,-1,-1,-1,9,2,E01017421,0
Unvalidated,2024401449702,2024,401449702,1,9,0,9,1,7,0,5,0,0,0,0,3,1,6,1,-1,-1,-1,-1,-1,-1,-1,-1,-1,0
Unvalidated,2024401449702,2024,401449702,2,1,0,13,1,5,0,1,0,0,0,0,2,1,5,1,19,4,-1,-1,-1,-1,10,2,E01018245,0
Unvalidated,2024401449735,2024,401449735,1,9,0,9,2,8,0,8,0,0,0,0,1,1,5,2,87,11,-1,-1,-1,-1,10,1,E01017456,0
Unvalidated,2024401449735,2024,401449735,2,9,0,18,5,2,0,8,0,0,0,0,2,1,1,2,41,7,-1,-1,-1,-1,5,1,E01017617,0
Unvalidated,2024401449735,2024,401449735,3,9,0,18,5,2,0,8,0,0,0,0,2,1,1,2,24,5,-1,-1,-1,-1,5,3,E01017486,0
Unvalidated,2024401449780,2024,401449780,1,9,0,18,8,4,0,0,0,4,0,0,1,1,6,2,-1,-1,-1,-1,-1,-1,5,1,E01015739,0
Unvalidated,2024401449780,2024,401449780,2,9,0,2,0,0,0,0,0,0,0,0,2,1,6,1,35,6,-1,-1,-1,-1,2,1,E01015705,0
Unvalidated,2024401449784,2024,401449784,1,9,-1,-1,-1,-1,-1,-1,-1,-1,-1,0,1,1,6,1,-1,-1,-1,-1,-1,-1,-1,-1,-1,0
Unvalidated,2024401449784,2024,401449784,2,9,-1,-1,-1,-1,-1,-1,-1,-1,-1,0,-1,1,2,2,28,6,-1,-1,-1,-1,9,1,E01015747,0
Unvalidated,2024401449839,2024,401449839,1,9,0,18,3,8,0,8,0,0,0,0,3,1,5,2,67,10,-1,-1,-1,-1,5,1,E01027073,0
Unvalidated,2024401449839,2024,401449839,2,5,0,18,1,7,0,8,0,0,0,0,4,1,5,1,71,10,-1,-1,-1,-1,10,1,E01016826,0
Unvalidated,2024401449933,2024,401449933,1,97,0,18,6,2,0,0,0,12,0,0,1,1,6,1,61,9,-1,-1,-1,-1,10,2,E01027295,0
Unvalidated,2024401449948,2024,401449948,1,9,0,18,4,8,0,0,0,4,0,0,4,1,6,2,75,10,-1,-1,-1,-1,1,1,E01015771,0
Unvalidated,2024401450116,2024,401450116,1,9,0,99,-1,-1,0,3,0,0,0,0,1,1,6,1,18,4,-1,-1,-1,-1,9,3,E01017417,0
Unvalidated,2024401450116,2024,401450116,2,19,0,4,-1,-1,0,3,1,0,0,0,2,1,6,1,26,6,-1,-1,-1,-1,3,1,E01017536,0
Unvalidated,2024401450116,2024,401450116,3,90,0,18,-1,-1,0,3,9,0,0,0,0,1,6,3,-1,-1,-1,-1,-1,-1,-1,-1,-1,1
Unvalidated,2024401450211,2024,401450211,1,97,0,18,2,6,0,8,0,0,0,0,4,1,6,1,28,6,-1,-1,-1,-1,3,1,E01017605,0
Unvalidated,2024401450211,2024,401450211,2,9,0,18,2,6,0,8,0,0,0,0,0,1,1,1,24,5,-1,-1,-1,-1,-1,-1,-1,0
Unvalidated,2024401450318,2024,401450318,1,9,0,18,3,7,0,0,1,0,7,0,1,1,6,1,24,5,-1,-1,-1,-1,4,1,E01015798,0
Unvalidated,2024401450319,2024,401450319,1,98,0,4,1,5,0,0,0,0,0,0,1,1,1,1,42,7,-1,-1,-1,-1,3,1,E01011260,0
Unvalidated,2024401450319,2024,401450319,2,9,0,4,1,5,0,0,0,0,0,0,2,1,5,2,73,10,-1,-1,-1,-1,3,1,E01011903,0
Unvalidated,2024401450319,2024,401450319,3,9,0,4,1,5,0,0,0,0,0,0,2,1,6,1,-1,-1,-1,-1,-1,-1,3,1,E01026969,0
Unvalidated,2024401450341,2024,401450341,1,9,0,6,7,3,0,0,0,0,0,0,4,1,3,1,57,9,-1,-1,-1,-1,3,1,E01015701,0
Unvalidated,2024401450341,2024,401450341,2,5,0,13,3,7,0,0,0,0,0,0,1,1,5,1,26,6,-1,-1,-1,-1,2,1,E01015779,0
Unvalidated,2024401451104,2024,401451104,1,9,0,18,1,5,0,0,0,10,0,0,1,1,6,1,19,4,-1,-1,-1,-1,7,3,E01017423,0
Unvalidated,2024401451104,2024,401451104,2,9,0,2,0,0,0,0,0,0,0,0,2,1,6,3,-1,-1,-1,-1,-1,-1,-1,-1,-1,0
Unvalidated,2024401451104,2024,401451104,3,9,0,2,0,0,0,0,0,0,0,0,2,1,6,3,-1,-1,-1,-1,-1,-1,-1,-1,-1,0
Unvalidated,2024401451156,2024,401451156,1,23,0,18,4,8,0,0,5,0,0,0,1,1,6,1,32,6,-1,-1,-1,-1,1,1,E01015789,0
Unvalidated,2024401451156,2024,401451156,2,9,0,-1,-1,-1,-1,0,-1,-1,-1,0,-1,1,6,1,-1,-1,-1,-1,-1,-1,-1,-1,-1,0
Unvalidated,2024401451262,2024,401451262,1,9,0,5,5,1,0,6,0,0,0,0,1,1,1,1,56,9,-1,-1,-1,-1,8,2,E01017427,0
Unvalidated,2024401451262,2024,401451262,2,9,0,18,3,7,0,1,0,0,0,0,1,1,6,1,44,7,-1,-1,-1,-1,8,2,E01017427,0
Unvalidated,2024401451294,2024,401451294,1,98,0,18,7,3,0,8,0,0,0,0,1,1,6,3,-1,-1,-1,-1,-1,-1,-1,-1,-1,0
Unvalidated,2024401451294,2024,401451294,2,9,0,18,3,7,0,8,0,0,0,0,1,1,5,1,42,7,-1,-1,-1,-1,9,2,E01017551,0
Unvalidated,2024401451431,2024,401451431,1,9,0,18,7,3,0,0,0,0,0,0,1,1,6,2,22,5,-1,-1,-1,-1,9,1,E01017603,0
Unvalidated,2024401451431,2024,401451431,2,9,0,18,7,3,0,0,0,0,0,0,2,1,6,1,71,10,-1,-1,-1,-1,7,1,E01019419,0
Unvalidated,2024401451530,2024,401451530,1,1,0,18,6,2,0,8,0,0,0,0,1,1,6,1,44,7,-1,-1,-1,-1,2,1,E01015794,0
Unvalidated,2024401451530,2024,401451530,2,9,0,5,6,3,0,1,0,0,0,0,1,1,6,1,79,11,-1,-1,-1,-1,4,1,E01015755,0
Unvalidated,2024401451576,2024,401451576,1,9,0,18,1,5,0,0,0,0,0,0,1,1,6,1,25,5,-1,-1,-1,-1,9,2,E01033190,0
Unvalidated,2024401451576,2024,401451576,2,9,0,18,1,5,0,0,0,0,0,0,2,1,5,2,45,7,-1,-1,-1,-1,10,1,E01017375,0
Unvalidated,2024401451935,2024,401451935,1,9,0,18,7,3,0,8,0,0,0,0,3,1,5,1,23,5,-1,-1,-1,-1,5,1,E01015700,0
Unvalidated,2024401451935,2024,401451935,2,1,0,18,1,5,0,8,0,0,0,0,1,1,6,1,30,6,-1,-1,-1,-1,2,1,E01015698,0
Unvalidated,2024401451982,2024,401451982,1,9,-1,-1,-1,-1,-1,0,-1,-1,-1,0,-1,1,6,1,25,5,-1,-1,-1,-1,8,1,E01033245,0
Unvalidated,2024401451982,2024,401451982,2,9,-1,-1,-1,-1,-1,0,-1,-1,-1,0,-1,1,1,1,34,6,-1,-1,-1,-1,5,1,E01015753,0
Unvalidated,2024401452010,2024,401452010,1,19,1,3,1,7,0,0,0,0,0,0,1,1,1,1,31,6,-1,-1,-1,-1,4,1,E01003721,0
Unvalidated,2024401452010,2024,401452010,2,9,0,3,1,7,0,0,0,0,7,10,2,1,6,2,36,7,-1,-1,-1,-1,2,1,E01015727,0
Unvalidated,2024401452069,2024,401452069,1,9,0,18,2,6,0,2,0,0,0,0,3,1,5,2,66,10,-1,-1,-1,-1,3,1,E01015752,0
Unvalidated,2024401452069,2024,401452069,2,1,0,18,1,5,0,6,0,0,0,0,-1,1,3,2,8,2,-1,-1,-1,-1,2,1,E01015749,0
Unvalidated,2024401452386,2024,401452386,1,9,0,7,5,3,0,1,0,0,0,0,3,1,6,2,58,9,-1,-1,-1,-1,10,2,E01017408,0
Unvalidated,2024401452386,2024,401452386,2,3,0,13,5,1,0,1,0,0,0,0,1,1,6,1,18,4,-1,-1,-1,-1,8,2,E01017480,0
Unvalidated,2024401452481,2024,401452481,1,9,-1,-1,-1,-1,-1,-1,-1,-1,-1,0,-1,1,6,2,44,7,-1,-1,-1,-1,9,3,E01017398,0
Unvalidated,2024401452481,2024,401452481,2,9,-1,-1,-1,-1,-1,-1,-1,-1,-1,0,-1,1,5,2,36,7,-1,-1,-1,-1,10,2,E01017560,0
Unvalidated,2024401452554,2024,401452554,1,9,-1,-1,-1,-1,-1,0,-1,-1,-1,0,-1,1,6,2,39,7,-1,-1,-1,-1,4,1,E01017506,0
Unvalidated,2024401452554,2024,401452554,2,9,-1,-1,-1,-1,-1,0,-1,-1,-1,0,-1,1,6,2,36,7,-1,-1,-1,-1,4,1,E01017506,0
Unvalidated,2024401452793,2024,401452793,1,20,0,4,7,3,0,0,0,0,0,0,2,1,1,1,41,7,-1,-1,-1,-1,9,1,E01017403,0
Unvalidated,2024401452793,2024,401452793,2,9,0,18,7,3,0,0,1,0,0,0,1,1,6,1,20,4,-1,-1,-1,-1,-1,-1,-1,0
Unvalidated,2024401452877,2024,401452877,1,9,0,18,1,5,0,4,0,0,0,0,1,1,6,1,23,5,-1,-1,-1,-1,6,2,E01027039,0
Unvalidated,2024401452877,2024,401452877,2,9,0,3,1,5,0,4,0,0,0,0,2,1,6,1,28,6,-1,-1,-1,-1,9,1,E01027037,0
Unvalidated,2024401452877,2024,401452877,3,9,0,3,1,5,0,4,0,0,0,0,1,1,6,3,-1,-1,-1,-1,-1,-1,-1,-1,-1,0
Unvalidated,2024401452981,2024,401452981,1,9,0,18,6,2,0,0,2,0,0,0,1,1,6,2,67,10,-1,-1,-1,-1,3,1,E01028552,0
Unvalidated,2024401452981,2024,401452981,2,9,0,18,2,5,0,0,0,0,0,0,1,1,6,1,31,6,-1,-1,-1,-1,6,2,E01017622,0
Unvalidated,2024401453786,2024,401453786,1,9,0,18,6,2,0,1,0,0,0,0,1,1,6,1,20,4,-1,-1,-1,-1,4,1,E01015810,0
Unvalidated,2024401453786,2024,401453786,2,9,0,18,6,2,0,1,0,0,0,0,1,1,6,1,51,8,-1,-1,-1,-1,3,1,E01015788,0
Unvalidated,2024401453786,2024,401453786,3,9,0,2,0,0,0,1,0,0,0,0,1,2,6,3,-1,-1,-1,-1,-1,-1,-1,-1,-1,0
Unvalidated,2024401453802,2024,401453802,1,9,-1,-1,-1,-1,-1,0,-1,-1,-1,0,-1,1,6,1,-1,-1,-1,-1,-1,-1,-1,-1,-1,0
Unvalidated,2024401453814,2024,401453814,1,9,0,6,3,7,0,1,0,0,0,0,1,1,5,1,22,5,-1,-1,-1,-1,4,1,E01015782,0
Unvalidated,2024401453814,2024,401453814,2,9,0,13,3,7,0,1,0,0,0,0,4,1,5,1,72,10,-1,-1,-1,-1,2,1,E01015807,0
Unvalidated,2024401453890,2024,401453890,1,9,0,17,1,5,0,0,0,0,8,9,3,1,5,1,52,8,-1,-1,-1,-1,6,3,E01017616,0
Unvalidated,2024401453950,2024,401453950,1,9,0,5,7,3,0,0,0,0,7,10,1,1,5,2,79,11,-1,-1,-1,-1,10,1,E01017375,0
Unvalidated,2024401454241,2024,401454241,1,9,0,13,7,3,0,0,0,0,0,0,4,1,6,3,-1,-1,-1,-1,-1,-1,-1,-1,-1,0
Unvalidated,2024401454241,2024,401454241,2,1,0,18,7,3,0,0,0,0,0,0,3,1,6,1,15,3,-1,-1,-1,-1,3,1,E01015765,0
Unvalidated,2024401454242,2024,401454242,1,1,0,18,8,3,0,0,0,0,0,0,3,1,5,1,36,7,-1,-1,-1,-1,3,1,E01015765,0
Unvalidated,2024401454242,2024,401454242,2,9,0,18,8,3,0,0,0,0,0,0,4,1,6,1,69,10,-1,-1,-1,-1,3,1,E01017619,0
Unvalidated,2024401454278,2024,401454278,1,9,0,13,4,8,0,1,0,0,0,0,-1,1,6,1,-1,-1,-1,-1,-1,-1,-1,-1,-1,0
Unvalidated,2024401454278,2024,401454278,2,9,0,4,8,4,0,1,0,0,0,0,3,1,5,2,36,7,-1,-1,-1,-1,7,3,E01017577,0
Unvalidated,2024401454279,2024,401454279,1,9,0,18,6,2,0,0,0,0,0,0,1,1,5,2,30,6,-1,-1,-1,-1,8,1,E01017461,0
Unvalidated,2024401454279,2024,401454279,2,9,0,3,6,2,0,0,0,0,0,0,2,1,2,1,24,5,-1,-1,-1,-1,1,1,E01017466,0
Unvalidated,2024401454324,2024,401454324,1,9,0,5,3,1,0,2,0,0,0,0,1,1,2,2,48,8,-1,-1,-1,-1,6,1,E01017616,0
Unvalidated,2024401454324,2024,401454324,2,90,0,5,7,3,0,2,0,0,0,0,1,1,1,1,42,7,-1,-1,-1,-1,10,1,E01017399,0
Unvalidated,2024401454329,2024,401454329,1,9,0,5,1,3,0,8,0,0,0,0,1,1,6,1,80,11,-1,-1,-1,-1,10,1,E01017483,0
Unvalidated,2024401454329,2024,401454329,2,9,0,18,7,3,0,8,0,0,0,0,4,1,3,2,57,9,-1,-1,-1,-1,4,1,E01017520,0
Unvalidated,2024401454349,2024,401454349,1,9,-1,-1,-1,-1,-1,0,-1,-1,-1,0,-1,1,6,1,21,5,-1,-1,-1,-1,3,1,E01015744,0
Unvalidated,2024401454349,2024,401454349,2,9,-1,-1,-1,-1,-1,0,-1,-1,-1,0,-1,1,6,2,49,8,-1,-1,-1,-1,3,1,E01015731,0
Unvalidated,2024401454377,2024,401454377,1,9,0,18,7,3,0,1,0,0,0,0,1,1,6,2,26,6,-1,-1,-1,-1,1,1,E01015795,0
Unvalidated,2024401454377,2024,401454377,2,9,0,18,7,3,0,1,0,0,0,0,1,1,6,1,34,6,-1,-1,-1,-1,4,1,E01013617,0
Unvalidated,2024401454769,2024,401454769,1,9,0,18,8,4,0,0,0,0,0,0,0,1,6,1,17,4,-1,-1,-1,-1,9,1,E01017556,0
Unvalidated,2024401454769,2024,401454769,2,11,0,18,4,8,0,0,0,10,1,0,4,1,1,2,52,8,-1,-1,-1,-1,3,1,E01017609,0
Unvalidated,2024401454789,2024,401454789,1,8,0,-1,-1,-1,-1,-1,-1,-1,-1,0,-1,1,6,1,-1,-1,-1,-1,-1,-1,-1,-1,-1,0
Unvalidated,2024401454789,2024,401454789,2,1,0,-1,-1,-1,-1,-1,-1,-1,-1,0,3,1,2,1,45,7,-1,-1,-1,-1,3,1,E01015744,0
Unvalidated,2024401454912,2024,401454912,1,9,0,18,4,8,0,0,0,0,0,0,4,1,6,1,51,8,-1,-1,-1,-1,2,1,E01015703,0
Unvalidated,2024401454912,2024,401454912,2,1,0,18,6,2,0,0,0,0,0,0,0,1,6,1,18,4,-1,-1,-1,-1,4,1,E01015734,0
Unvalidated,2024401455187,2024,401455187,1,9,0,18,-1,-1,0,0,0,0,0,0,4,1,6,2,19,4,-1,-1,-1,-1,5,1,E01015700,0
Unvalidated,2024401455187,2024,401455187,2,19,-1,2,0,0,0,0,0,0,0,0,3,1,1,1,52,8,-1,-1,-1,-1,4,1,E01017600,0
Unvalidated,2024401455250,2024,401455250,1,9,0,16,6,2,0,0,0,0,0,0,1,1,2,1,31,6,-1,-1,-1,-1,7,1,E01017485,0
Unvalidated,2024401455250,2024,401455250,2,9,0,18,2,6,0,0,0,0,0,0,1,1,5,2,53,8,-1,-1,-1,-1,10,2,E01017553,0
Unvalidated,2024401455288,2024,401455288,1,9,0,18,2,6,0,0,0,4,0,0,3,1,2,1,46,8,-1,-1,-1,-1,3,1,E01017484,0
Unvalidated,2024401455288,2024,401455288,2,9,0,2,0,0,0,0,0,0,0,0,4,1,6,3,-1,-1,-1,-1,-1,-1,-1,-1,-1,0
Unvalidated,2024401455611,2024,401455611,1,9,0,4,1,5,0,0,0,0,0,0,1,1,6,1,29,6,-1,-1,-1,-1,5,1,E01015700,0
Unvalidated,2024401455611,2024,401455611,2,9,0,4,1,5,0,0,0,0,0,0,2,1,6,1,24,5,-1,-1,-1,-1,2,1,E01015601,0
Unvalidated,2024401455611,2024,401455611,3,9,0,4,1,5,0,0,0,0,0,0,2,1,6,2,39,7,-1,-1,-1,-1,1,1,E01015771,0
Unvalidated,2024401455671,2024,401455671,1,9,0,18,2,6,0,2,5,0,0,0,1,1,6,1,27,6,-1,-1,-1,-1,3,1,E01000577,0
Unvalidated,2024401455671,2024,401455671,2,9,0,2,0,0,0,1,0,0,0,0,2,1,6,3,-1,-1,-1,-1,-1,-1,-1,-1,-1,0
Unvalidated,2024401455671,2024,401455671,3,9,0,2,0,0,0,1,0,0,0,0,2,1,6,3,-1,-1,-1,-1,-1,-1,-1,-1,-1,0
Unvalidated,2024401455671,2024,401455671,4,9,0,2,0,0,0,1,0,0,0,0,3,1,6,3,-1,-1,-1,-1,-1,-1,-1,-1,-1,0
Unvalidated,2024401455671,2024,401455671,5,9,0,2,0,0,0,1,0,0,0,0,2,1,6,3,-1,-1,-1,-1,-1,-1,-1,-1,-1,0
Unvalidated,2024401455671,2024,401455671,6,9,-1,-1,-1,-1,-1,1,-1,-1,-1,0,-1,1,6,3,-1,-1,-1,-1,-1,-1,-1,-1,-1,0
Unvalidated,2024401455713,2024,401455713,1,9,0,8,8,3,0,1,0,0,0,0,1,1,6,1,21,5,-1,-1,-1,-1,3,1,E01015761,0
Unvalidated,2024401455713,2024,401455713,2,9,0,18,1,5,0,1,0,0,0,0,4,1,6,2,55,8,-1,-1,-1,-1,-1,1,-1,0
Unvalidated,2024401456565,2024,401456565,1,9,-1,-1,-1,-1,-1,3,-1,-1,-1,0,-1,1,6,3,-1,-1,-1,-1,-1,-1,-1,-1,-1,0
Unvalidated,2024401456565,2024,401456565,2,97,0,9,4,6,0,3,2,0,0,0,3,1,6,1,20,4,-1,-1,-1,-1,3,1,E01015785,0
Unvalidated,2024401456579,2024,401456579,1,11,0,5,3,7,0,6,0,0,0,0,1,1,1,1,62,9,-1,-1,-1,-1,10,2,E01023432,0
Unvalidated,2024401456579,2024,401456579,2,9,0,18,5,1,0,6,0,0,1,0,3,1,1,1,29,6,-1,-1,-1,-1,3,1,E01017514,0
Unvalidated,2024401456645,2024,401456645,1,98,-1,-1,-1,-1,-1,0,-1,-1,-1,0,-1,1,6,1,32,6,-1,-1,-1,-1,-1,-1,-1,0
Unvalidated,2024401456645,2024,401456645,2,9,-1,-1,-1,-1,-1,0,-1,-1,-1,0,4,1,5,2,20,4,-1,-1,-1,-1,5,1,E01015767,0
Unvalidated,2024401456669,2024,401456669,1,90,-1,-1,-1,-1,-1,0,-1,-1,-1,0,-1,1,6,3,-1,-1,-1,-1,-1,-1,-1,-1,-1,0
Unvalidated,2024401456801,2024,401456801,1,9,0,1,7,8,0,0,0,0,0,0,2,1,6,3,-1,-1,-1,-1,-1,-1,-1,-1,-1,0
Unvalidated,2024401456801,2024,401456801,2,9,0,3,2,7,0,0,0,0,0,0,1,1,5,2,56,9,-1,-1,-1,-1,5,1,E01015763,0
Unvalidated,2024401457035,2024,401457035,1,19,0,7,4,6,0,6,0,0,0,0,4,1,6,1,34,6,-1,-1,-1,-1,3,1,E01000432,0
Unvalidated,2024401457035,2024,401457035,2,9,0,18,6,2,0,1,1,0,1,0,3,1,6,3,-1,-1,-1,-1,-1,-1,-1,-1,-1,0
Unvalidated,2024401457056,2024,401457056,1,9,0,18,2,6,0,8,0,0,0,0,1,1,2,1,32,6,-1,-1,-1,-1,6,2,E01017550,0
Unvalidated,2024401457067,2024,401457067,1,9,0,6,7,3,0,0,0,0,0,0,1,1,6,1,26,6,-1,-1,-1,-1,10,1,E01017611,0
Unvalidated,2024401457067,2024,401457067,2,97,0,18,3,7,0,0,0,0,0,0,1,1,6,1,44,7,-1,-1,-1,-1,-1,-1,-1,0
Unvalidated,2024401457095,2024,401457095,1,9,0,9,5,3,0,1,0,0,0,0,1,1,2,1,64,9,-1,-1,-1,-1,4,3,E01017542,0
Unvalidated,2024401457095,2024,401457095,2,9,0,18,1,5,0,1,0,0,0,0,1,1,2,2,42,7,-1,-1,-1,-1,9,2,E01017495,0
Unvalidated,2024401457125,2024,401457125,1,9,0,3,1,5,0,4,0,0,0,0,1,1,6,1,69,10,-1,-1,-1,-1,2,1,E01017618,0
Unvalidated,2024401457125,2024,401457125,2,9,0,-1,-1,-1,-1,8,-1,-1,-1,0,1,1,6,3,-1,-1,-1,-1,-1,-1,-1,-1,-1,0
Unvalidated,2024401457132,2024,401457132,1,9,0,3,7,4,0,0,0,0,0,0,4,1,5,2,17,4,-1,-1,-1,-1,2,1,E01028450,0