status,collision_index,collision_year,collision_reference,vehicle_reference,vehicle_type,towing_and_articulation,vehicle_manoeuvre,vehicle_direction_from,vehicle_direction_to,vehicle_location_restricted_lane,junction_location,skidding_and_overturning,hit_object_in_carriageway,vehicle_leaving_carriageway,hit_object_off_carriageway,first_point_of_impact,vehicle_left_hand_drive,journey_purpose_of_driver,sex_of_driver,age_of_driver,age_band_of_driver,engine_capacity_cc,propulsion_code,age_of_vehicle,generic_make_model,driver_imd_decile,driver_home_area_type,lsoa_of_driver,escooter_flag
Unvalidated,2024401457132,2024,401457132,2,9,0,1,4,7,0,0,-1,4,-1,0,1,1,6,1,-1,-1,-1,-1,-1,-1,-1,-1,-1,0
Unvalidated,2024401457133,2024,401457133,1,9,0,18,3,7,0,1,0,0,4,4,1,1,6,1,40,7,-1,-1,-1,-1,-1,-1,-1,0
Unvalidated,2024401457146,2024,401457146,1,9,0,4,6,2,0,1,0,0,0,0,4,1,5,1,37,7,-1,-1,-1,-1,4,1,E01001420,0
Unvalidated,2024401457146,2024,401457146,2,1,0,18,8,6,0,1,0,0,0,0,1,1,5,1,43,7,-1,-1,-1,-1,2,1,E01015794,0
Unvalidated,2024401457246,2024,401457246,1,9,0,4,6,2,0,0,0,0,0,0,1,1,2,1,22,5,-1,-1,-1,-1,8,1,E01017529,0
Unvalidated,2024401457246,2024,401457246,2,9,0,4,6,2,0,0,0,0,0,0,2,1,2,2,45,7,-1,-1,-1,-1,6,1,E01017508,0
Unvalidated,2024401457246,2024,401457246,3,9,0,4,6,2,0,0,0,0,0,0,2,1,2,1,36,7,-1,-1,-1,-1,9,1,E01018171,0
Unvalidated,2024401457423,2024,401457423,1,9,0,-1,-1,-1,-1,-1,-1,-1,-1,0,-1,1,5,2,44,7,-1,-1,-1,-1,3,1,E01015758,0
Unvalidated,2024401457423,2024,401457423,2,9,-1,-1,-1,-1,-1,-1,-1,-1,-1,0,-1,1,1,1,34,6,-1,-1,-1,-1,5,1,E01015700,0
Unvalidated,2024401457523,2024,401457523,1,21,1,11,1,5,0,0,0,0,0,0,4,1,1,1,40,7,-1,-1,-1,-1,1,1,E01013590,0
Unvalidated,2024401457523,2024,401457523,2,9,0,18,1,5,0,0,1,0,0,0,3,1,2,1,31,6,-1,-1,-1,-1,3,1,E01002408,0
Unvalidated,2024401457554,2024,401457554,1,1,0,18,8,4,0,0,0,0,0,0,3,1,6,1,27,6,-1,-1,-1,-1,5,1,E01017384,0
Unvalidated,2024401457554,2024,401457554,2,9,0,18,-1,-1,0,0,0,0,0,0,3,1,6,3,-1,-1,-1,-1,-1,-1,-1,-1,-1,0
Unvalidated,2024401457574,2024,401457574,1,9,0,18,5,1,0,1,0,0,0,0,1,1,5,1,24,5,-1,-1,-1,-1,6,1,E01017550,0
Unvalidated,2024401457574,2024,401457574,2,9,0,18,1,5,0,1,0,0,0,0,1,1,5,2,36,7,-1,-1,-1,-1,5,3,E01017486,0
Unvalidated,2024401457613,2024,401457613,1,3,0,17,3,1,0,8,0,0,0,0,4,1,6,1,18,4,-1,-1,-1,-1,7,3,E01017571,0
Unvalidated,2024401457613,2024,401457613,2,9,0,18,7,3,0,4,0,0,0,0,1,1,6,1,22,5,-1,-1,-1,-1,4,1,E01023857,0
Unvalidated,2024401457625,2024,401457625,1,9,0,18,3,7,0,0,0,0,0,0,1,1,6,1,25,5,-1,-1,-1,-1,3,1,E01015769,0
Unvalidated,2024401457625,2024,401457625,2,90,0,5,1,5,0,0,0,0,0,0,1,1,6,1,14,3,-1,-1,-1,-1,-1,-1,-1,0
Unvalidated,2024401458303,2024,401458303,1,9,-1,18,3,7,0,0,0,0,0,0,-1,1,6,3,-1,-1,-1,-1,-1,-1,-1,-1,-1,0
Unvalidated,2024401458395,2024,401458395,1,8,0,1,2,6,0,0,5,4,0,0,1,1,5,1,20,4,-1,-1,-1,-1,2,1,E01015704,0
Unvalidated,2024401458395,2024,401458395,2,9,0,2,0,0,0,0,0,0,0,0,2,1,6,3,-1,-1,-1,-1,-1,-1,-1,-1,-1,0
Unvalidated,2024401458395,2024,401458395,3,9,0,2,0,0,0,0,0,0,0,0,2,1,6,3,-1,-1,-1,-1,-1,-1,-1,-1,-1,0
Unvalidated,2024401458395,2024,401458395,4,9,0,2,0,0,0,0,0,0,0,0,2,1,6,3,-1,-1,-1,-1,-1,-1,-1,-1,-1,0
Unvalidated,2024401458395,2024,401458395,5,9,0,18,6,2,0,0,0,0,0,0,2,1,5,1,26,6,-1,-1,-1,-1,4,1,E01015786,0
Unvalidated,2024401458405,2024,401458405,1,9,0,18,5,1,0,4,0,0,0,0,1,1,5,1,47,8,-1,-1,-1,-1,7,1,E01015803,0
Unvalidated,2024401458405,2024,401458405,2,5,0,9,3,5,0,3,0,0,0,0,1,1,5,1,40,7,-1,-1,-1,-1,7,1,E01015719,0
Unvalidated,2024401458436,2024,401458436,1,9,0,9,4,2,0,8,0,0,0,0,1,1,3,2,28,6,-1,-1,-1,-1,6,1,E01017508,0
Unvalidated,2024401458436,2024,401458436,2,9,0,18,2,6,0,8,0,0,0,0,1,1,6,1,44,7,-1,-1,-1,-1,6,1,E01017507,0
Unvalidated,2024401459233,2024,401459233,1,9,-1,-1,-1,-1,-1,-1,-1,-1,-1,0,-1,1,6,2,-1,-1,-1,-1,-1,-1,9,1,E01017389,0
Unvalidated,2024401459233,2024,401459233,2,1,-1,-1,-1,-1,-1,-1,-1,-1,-1,0,-1,1,6,1,68,10,-1,-1,-1,-1,7,1,E01017382,0
Unvalidated,2024401459316,2024,401459316,1,9,0,12,7,5,0,0,0,0,0,0,3,1,6,2,44,7,-1,-1,-1,-1,5,3,E01018135,0
Unvalidated,2024401459316,2024,401459316,2,19,0,18,7,5,0,0,0,0,0,0,4,1,2,1,47,8,-1,-1,-1,-1,7,1,E01017516,0
Unvalidated,2024401459323,2024,401459323,1,9,0,9,1,7,0,8,0,0,0,0,1,1,5,1,53,8,-1,-1,-1,-1,7,1,E01015709,0
Unvalidated,2024401459323,2024,401459323,2,9,0,5,5,1,0,8,0,0,0,0,1,1,6,1,47,8,-1,-1,-1,-1,4,1,E01015782,0
Unvalidated,2024401459332,2024,401459332,1,9,0,18,5,1,0,0,0,0,0,0,1,1,6,2,33,6,-1,-1,-1,-1,5,1,E01023755,0
Unvalidated,2024401459332,2024,401459332,2,98,1,3,5,1,0,0,0,0,0,0,2,1,1,1,54,8,-1,-1,-1,-1,9,2,E01027042,0
Unvalidated,2024401459893,2024,401459893,1,97,0,18,1,5,0,0,0,0,0,0,1,1,6,1,19,4,-1,-1,-1,-1,6,2,E01017554,0
Unvalidated,2024401459941,2024,401459941,1,9,0,18,2,6,0,1,0,0,0,0,1,1,5,1,48,8,-1,-1,-1,-1,1,1,E01015736,0
Unvalidated,2024401459941,2024,401459941,2,9,0,18,6,2,0,2,0,0,0,0,1,1,5,2,26,6,-1,-1,-1,-1,5,1,E01015762,0
Unvalidated,2024401460363,2024,401460363,1,9,0,18,3,7,0,0,1,0,1,0,1,1,6,1,22,5,-1,-1,-1,-1,4,1,E01015784,0
Unvalidated,2024401460363,2024,401460363,2,98,0,18,7,3,0,0,0,0,0,0,3,1,2,1,30,6,-1,-1,-1,-1,9,3,E01017734,0
Unvalidated,2024401460385,2024,401460385,1,9,0,9,3,1,0,3,0,0,0,0,1,1,5,1,40,7,-1,-1,-1,-1,5,1,E01015762,0
Unvalidated,2024401460385,2024,401460385,2,9,0,10,3,1,0,5,0,0,0,0,1,1,5,1,56,9,-1,-1,-1,-1,4,1,E01015722,0
Unvalidated,2024401460421,2024,401460421,1,9,0,5,7,3,0,1,0,0,0,0,3,1,2,1,39,7,-1,-1,-1,-1,10,1,E01017373,0
Unvalidated,2024401460428,2024,401460428,1,9,0,9,1,7,0,0,0,0,0,0,1,1,6,3,-1,-1,-1,-1,-1,-1,-1,-1,-1,0
Unvalidated,2024401460428,2024,401460428,2,9,0,4,7,3,0,0,0,0,0,0,2,1,5,2,53,8,-1,-1,-1,-1,7,3,E01017464,0
Unvalidated,2024401460477,2024,401460477,1,9,0,18,3,7,0,0,0,7,1,0,1,1,5,1,52,8,-1,-1,-1,-1,2,1,E01015733,0
Unvalidated,2024401460761,2024,401460761,1,9,0,2,8,4,0,0,0,0,0,0,2,1,2,2,32,6,-1,-1,-1,-1,2,1,E01017490,0
Unvalidated,2024401460761,2024,401460761,2,1,0,18,8,4,0,0,0,0,0,0,1,1,6,1,54,8,-1,-1,-1,-1,2,1,E01017537,0
Unvalidated,2024401460816,2024,401460816,1,9,-1,-1,-1,-1,-1,0,-1,-1,-1,0,-1,1,6,1,29,6,-1,-1,-1,-1,2,1,E01017539,0
Unvalidated,2024401460816,2024,401460816,2,9,0,3,5,1,0,0,0,0,0,0,3,1,2,1,60,9,-1,-1,-1,-1,1,1,E01017466,0
Unvalidated,2024401460818,2024,401460818,1,9,-1,-1,-1,-1,-1,0,-1,-1,-1,0,-1,1,6,3,-1,-1,-1,-1,-1,-1,-1,-1,-1,0
Unvalidated,2024401460818,2024,401460818,2,9,-1,-1,-1,-1,-1,0,-1,-1,-1,0,2,1,6,1,28,6,-1,-1,-1,-1,9,1,E01017454,0
Unvalidated,2024401460832,2024,401460832,1,8,0,9,5,3,0,1,0,0,0,0,1,1,1,1,43,7,-1,-1,-1,-1,2,1,E01015704,0
Unvalidated,2024401460920,2024,401460920,1,9,0,5,6,2,0,0,0,0,0,0,1,1,6,1,56,9,-1,-1,-1,-1,2,1,E01017594,0
Unvalidated,2024401460920,2024,401460920,2,9,0,4,6,2,0,0,0,0,0,0,2,1,1,1,25,5,-1,-1,-1,-1,-1,-1,-1,0
Unvalidated,2024401461226,2024,401461226,1,9,-1,-1,-1,-1,-1,0,-1,-1,-1,0,-1,1,6,1,38,7,-1,-1,-1,-1,9,1,E01023726,0
Unvalidated,2024401461226,2024,401461226,2,9,0,2,0,0,0,0,0,0,0,0,3,1,6,1,22,5,-1,-1,-1,-1,2,1,E01015703,0
Unvalidated,2024401461226,2024,401461226,3,9,0,2,0,0,0,0,0,0,0,0,2,1,6,3,-1,-1,-1,-1,-1,-1,-1,-1,-1,0
Unvalidated,2024401461226,2024,401461226,4,9,0,2,0,0,0,0,0,0,0,0,2,1,6,3,-1,-1,-1,-1,-1,-1,-1,-1,-1,0
Unvalidated,2024401462085,2024,401462085,1,9,0,7,7,1,0,0,0,0,0,0,4,1,6,1,41,7,-1,-1,-1,-1,9,1,E01033193,0
Unvalidated,2024401462085,2024,401462085,2,1,0,18,7,3,0,0,0,0,0,0,3,1,6,1,52,8,-1,-1,-1,-1,10,1,E01017604,0
Unvalidated,2024401462313,2024,401462313,1,9,0,18,8,4,0,1,0,0,0,0,1,1,6,1,54,8,-1,-1,-1,-1,4,1,E01027061,0
Unvalidated,2024401462313,2024,401462313,2,9,0,9,6,4,0,6,0,0,0,0,4,1,6,2,32,6,-1,-1,-1,-1,3,1,E01015765,0
Unvalidated,2024401462573,2024,401462573,1,1,0,18,3,7,0,0,0,0,0,0,1,1,6,1,11,3,-1,-1,-1,-1,-1,-1,-1,0
Unvalidated,2024401462573,2024,401462573,2,9,0,18,5,1,0,0,0,0,0,0,1,1,5,2,48,8,-1,-1,-1,-1,9,1,E01017387,0
Unvalidated,2024401462676,2024,401462676,1,9,0,4,6,2,0,1,0,0,0,0,1,1,6,1,-1,-1,-1,-1,-1,-1,6,1,E01015778,0
Unvalidated,2024401462696,2024,401462696,1,3,0,18,5,1,0,0,2,0,7,0,3,1,2,1,20,4,-1,-1,-1,-1,7,1,E01017510,0
Unvalidated,2024401462696,2024,401462696,2,9,0,18,1,5,0,0,0,0,0,0,1,1,6,2,44,7,-1,-1,-1,-1,10,1,E01017373,0
Unvalidated,2024401462703,2024,401462703,1,9,0,18,4,8,0,1,0,0,0,0,1,1,6,2,25,5,-1,-1,-1,-1,2,1,E01015725,0
Unvalidated,2024401462703,2024,401462703,2,9,0,7,5,8,0,6,0,0,0,0,2,1,6,1,37,7,-1,-1,-1,-1,8,1,E01015707,0
Unvalidated,2024401462718,2024,401462718,1,9,0,18,3,7,0,8,0,0,0,0,1,1,1,2,32,6,-1,-1,-1,-1,2,1,E01015794,0
Unvalidated,2024401462718,2024,401462718,2,9,0,5,5,1,0,6,0,0,0,0,1,1,6,1,20,4,-1,-1,-1,-1,3,1,E01015730,0
Unvalidated,2024401462735,2024,401462735,1,9,0,18,5,2,0,6,0,0,0,0,1,1,6,1,19,4,-1,-1,-1,-1,3,1,E01015724,0
Unvalidated,2024401462735,2024,401462735,2,9,0,18,4,8,0,8,0,0,7,0,4,1,1,1,37,7,-1,-1,-1,-1,5,1,E01015762,0
Unvalidated,2024401462735,2024,401462735,3,3,0,18,8,4,0,8,0,0,0,0,1,1,1,1,39,7,-1,-1,-1,-1,1,1,E01015795,0
Unvalidated,2024401463031,2024,401463031,1,9,0,18,1,5,0,1,0,0,0,0,1,1,6,1,25,5,-1,-1,-1,-1,1,1,E01015795,0
Unvalidated,2024401463031,2024,401463031,2,9,0,3,1,5,0,1,0,0,0,0,2,1,6,1,20,4,-1,-1,-1,-1,7,1,E01015695,0
Unvalidated,2024401463031,2024,401463031,3,9,0,4,1,5,0,1,0,0,0,0,2,1,6,1,39,7,-1,-1,-1,-1,5,1,E01015768,0
Unvalidated,2024401463063,2024,401463063,1,9,0,9,6,2,0,2,0,0,0,0,1,1,6,1,38,7,-1,-1,-1,-1,6,3,E01017616,0
Unvalidated,2024401463114,2024,401463114,1,9,0,3,6,1,0,1,0,0,0,0,2,1,2,1,47,8,-1,-1,-1,-1,3,1,E01015728,0
Unvalidated,2024401463114,2024,401463114,2,9,0,3,6,1,0,1,0,0,0,0,1,1,2,2,39,7,-1,-1,-1,-1,3,1,E01017568,0
Unvalidated,2024401463126,2024,401463126,1,9,0,9,5,1,0,8,0,0,0,0,1,1,1,2,41,7,-1,-1,-1,-1,8,3,E01017735,0
Unvalidated,2024401463126,2024,401463126,2,3,0,9,1,7,0,8,0,0,0,0,1,1,5,1,19,4,-1,-1,-1,-1,3,1,E01016720,0
Unvalidated,2024401463375,2024,401463375,1,9,0,18,3,7,0,0,0,4,0,0,1,1,6,1,50,8,-1,-1,-1,-1,2,1,E01015720,0
Unvalidated,2024401463375,2024,401463375,2,9,0,2,0,0,0,0,0,0,0,0,1,1,6,1,23,5,-1,-1,-1,-1,4,1,E01015755,0
Unvalidated,2024401463526,2024,401463526,1,9,0,15,1,2,0,0,1,0,7,4,1,1,6,1,15,3,-1,-1,-1,-1,3,1,E01017400,0
Unvalidated,2024401463809,2024,401463809,1,9,0,9,7,5,0,6,0,0,0,0,1,1,6,1,63,9,-1,-1,-1,-1,2,1,E01015802,0
Unvalidated,2024401463809,2024,401463809,2,9,0,18,5,1,0,1,0,0,7,0,1,1,6,1,53,8,-1,-1,-1,-1,5,1,E01018187,0
Unvalidated,2024401463882,2024,401463882,1,11,0,5,8,4,0,0,0,0,0,0,4,1,6,1,62,9,-1,-1,-1,-1,3,1,E01015788,0
Unvalidated,2024401464743,2024,401464743,1,9,0,7,7,5,0,8,0,0,8,1,1,1,5,1,20,4,-1,-1,-1,-1,3,1,E01015701,0
Unvalidated,2024401464743,2024,401464743,2,9,0,3,5,1,0,1,0,0,0,0,3,1,5,1,45,7,-1,-1,-1,-1,7,1,E01023618,0
Unvalidated,2024401464743,2024,401464743,3,9,0,3,5,1,0,1,0,0,0,0,1,1,5,1,50,8,-1,-1,-1,-1,2,1,E01015781,0
Unvalidated,2024401464867,2024,401464867,1,9,0,18,1,2,0,2,0,0,0,0,1,1,6,2,19,4,-1,-1,-1,-1,10,1,E01017392,0
Unvalidated,2024401464867,2024,401464867,2,9,0,18,1,5,0,1,0,0,0,0,1,1,6,2,56,9,-1,-1,-1,-1,7,1,E01017434,0
Unvalidated,2024401464923,2024,401464923,1,9,0,16,2,5,0,0,1,0,7,9,1,1,6,1,36,7,-1,-1,-1,-1,5,1,E01017388,0
Unvalidated,2024401464923,2024,401464923,2,9,0,17,5,2,0,0,0,0,0,0,1,1,5,1,71,10,-1,-1,-1,-1,10,2,E01017560,0
Unvalidated,2024401464924,2024,401464924,1,9,0,9,5,1,0,1,2,0,0,0,1,1,6,1,20,4,-1,-1,-1,-1,9,2,E01017417,0
Unvalidated,2024401464924,2024,401464924,2,9,0,18,1,5,0,1,1,0,0,0,1,1,6,2,43,7,-1,-1,-1,-1,9,1,E01017372,0
Unvalidated,2024401465235,2024,401465235,1,19,0,11,7,1,0,3,0,0,0,0,4,1,2,1,64,9,-1,-1,-1,-1,3,1,E01017518,0
Unvalidated,2024401465235,2024,401465235,2,5,0,5,1,2,0,3,0,0,0,0,1,1,2,1,73,10,-1,-1,-1,-1,8,3,E01017465,0
Unvalidated,2024401465270,2024,401465270,1,21,1,12,1,5,0,0,0,0,0,0,3,2,1,1,33,6,-1,-1,-1,-1,-1,-1,-1,0
Unvalidated,2024401465270,2024,401465270,2,9,0,18,1,5,0,0,1,0,5,6,4,1,6,2,38,7,-1,-1,-1,-1,7,3,E01028995,0
Unvalidated,2024401465278,2024,401465278,1,9,0,9,1,7,0,0,0,4,0,0,1,1,5,2,41,7,-1,-1,-1,-1,3,1,E01017619,0
Unvalidated,2024401465278,2024,401465278,2,98,0,2,0,0,0,0,0,0,0,0,2,1,5,1,34,6,-1,-1,-1,-1,7,1,E01016827,0
Unvalidated,2024401465366,2024,401465366,1,3,0,9,5,1,0,0,0,0,1,2,1,1,6,1,18,4,-1,-1,-1,-1,9,2,E01017450,0
Unvalidated,2024401465386,2024,401465386,1,9,0,18,6,2,0,0,0,0,7,4,1,1,6,1,40,7,-1,-1,-1,-1,4,1,E01017473,0
Unvalidated,2024401465386,2024,401465386,2,9,0,4,2,6,0,0,0,0,0,0,1,1,2,1,60,9,-1,-1,-1,-1,4,1,E01017475,0
Unvalidated,2024401465424,2024,401465424,1,3,0,18,3,7,0,0,1,0,1,0,1,1,6,1,25,5,-1,-1,-1,-1,10,1,E01017404,0
Unvalidated,2024401465709,2024,401465709,1,9,0,3,5,5,0,0,0,0,0,0,4,1,6,2,60,9,-1,-1,-1,-1,5,1,E01017430,0
Unvalidated,2024401465709,2024,401465709,2,9,0,2,7,1,0,0,0,0,0,0,4,1,6,2,66,10,-1,-1,-1,-1,7,3,E01017423,0
Unvalidated,2024401466220,2024,401466220,1,9,0,18,3,7,0,0,5,0,7,9,0,1,5,1,17,4,-1,-1,-1,-1,10,2,E01017459,0
Unvalidated,2024401466229,2024,401466229,1,9,0,18,7,3,0,2,0,0,0,0,3,1,5,1,75,10,-1,-1,-1,-1,7,3,E01017478,0
Unvalidated,2024401466229,2024,401466229,2,9,0,18,3,7,0,1,0,4,0,0,3,1,2,1,47,8,-1,-1,-1,-1,-1,-1,-1,0
Unvalidated,2024401466229,2024,401466229,3,17,0,1,0,0,0,2,0,0,0,0,3,1,6,1,57,9,-1,-1,-1,-1,-1,-1,-1,0
Unvalidated,2024401466229,2024,401466229,4,9,0,18,3,7,0,1,0,0,0,0,1,1,6,1,25,5,-1,-1,-1,-1,10,2,E01017553,0
Unvalidated,2024401466267,2024,401466267,1,9,0,18,2,5,0,8,0,0,0,0,3,1,6,2,39,7,-1,-1,-1,-1,8,1,E01023907,0
Unvalidated,2024401466267,2024,401466267,2,9,0,5,8,4,0,6,0,0,0,0,1,1,6,1,-1,-1,-1,-1,-1,-1,-1,-1,-1,0
Unvalidated,2024401466453,2024,401466453,1,9,0,18,5,1,0,1,0,0,0,0,2,1,5,2,75,10,-1,-1,-1,-1,10,1,E01017460,0
Unvalidated,2024401466453,2024,401466453,2,1,0,18,5,1,0,1,0,0,0,0,1,1,6,1,48,8,-1,-1,-1,-1,7,3,E01017451,0
Unvalidated,2024401466461,2024,401466461,1,98,-1,11,6,2,0,0,0,0,0,0,0,1,1,3,-1,-1,-1,-1,-1,-1,-1,-1,-1,0
Unvalidated,2024401466461,2024,401466461,2,4,0,15,6,2,0,0,0,0,1,10,1,1,6,1,19,4,-1,-1,-1,-1,1,1,E01015773,0
Unvalidated,2024401466763,2024,401466763,1,9,0,3,4,7,0,4,0,0,0,0,1,1,5,1,20,4,-1,-1,-1,-1,4,1,E01017482,0
Unvalidated,2024401466763,2024,401466763,2,9,0,4,4,7,0,4,0,0,0,0,2,1,5,2,40,7,-1,-1,-1,-1,2,1,E01017472,0
Unvalidated,2024401466767,2024,401466767,1,9,0,18,5,1,0,0,0,0,0,0,1,1,6,1,59,9,-1,-1,-1,-1,10,1,E01023607,0
Unvalidated,2024401466767,2024,401466767,2,19,0,4,5,1,0,0,0,0,0,0,2,1,6,1,62,9,-1,-1,-1,-1,7,1,E01018185,0
Unvalidated,2024401467903,2024,401467903,1,1,0,18,1,5,0,2,0,0,0,0,1,1,6,1,16,4,-1,-1,-1,-1,3,1,E01015730,0
Unvalidated,2024401467903,2024,401467903,2,9,0,18,7,3,0,8,0,0,0,0,3,1,6,1,82,11,-1,-1,-1,-1,2,1,E01015781,0
Unvalidated,2024401468238,2024,401468238,1,97,0,18,3,7,0,0,1,0,4,2,1,1,5,1,15,3,-1,-1,-1,-1,4,1,E01015712,0
Unvalidated,2024401468693,2024,401468693,1,9,0,18,5,1,0,1,0,0,0,0,1,1,6,1,-1,-1,-1,-1,-1,-1,-1,-1,-1,0
Unvalidated,2024401468693,2024,401468693,2,9,0,18,3,5,0,8,1,0,3,9,1,1,6,1,24,5,-1,-1,-1,-1,10,1,E01023412,0
Unvalidated,2024401469214,2024,401469214,1,9,0,18,5,1,0,0,0,0,0,0,1,1,6,2,-1,-1,-1,-1,-1,-1,9,1,E01015708,0
Unvalidated,2024401469233,2024,401469233,1,5,0,4,5,1,0,0,1,0,0,0,1,1,5,1,61,9,-1,-1,-1,-1,3,1,E01023637,0
Unvalidated,2024401469233,2024,401469233,2,5,0,4,5,1,0,0,0,0,0,0,2,1,5,1,55,8,-1,-1,-1,-1,7,1,E01023636,0
Unvalidated,2024401471519,2024,401471519,1,4,0,14,4,8,0,1,0,0,0,0,4,1,6,1,23,5,-1,-1,-1,-1,2,1,E01015791,0
Unvalidated,2024401471519,2024,401471519,2,9,0,9,4,2,0,1,0,0,0,0,3,1,6,3,-1,-1,-1,-1,-1,-1,-1,-1,-1,0
Unvalidated,2024401471971,2024,401471971,1,9,0,7,3,5,0,8,0,0,0,0,1,1,6,2,58,9,-1,-1,-1,-1,4,1,E01017506,0
Unvalidated,2024401471971,2024,401471971,2,1,0,18,7,3,0,1,0,0,0,0,1,1,6,1,17,4,-1,-1,-1,-1,9,2,E01017495,0
Unvalidated,2024401474657,2024,401474657,1,9,0,18,6,7,0,0,2,0,0,0,1,1,6,1,67,10,-1,-1,-1,-1,3,1,E01017522,0
Unvalidated,2024401474657,2024,401474657,2,19,0,18,2,2,0,0,0,0,0,0,1,1,6,1,51,8,-1,-1,-1,-1,9,1,E01017470,0
Unvalidated,2024401474657,2024,401474657,3,9,0,18,6,6,0,0,0,0,0,0,1,1,6,1,40,7,-1,-1,-1,-1,10,2,E01027280,0
Unvalidated,2024401474657,2024,401474657,4,9,0,18,2,4,0,0,1,0,0,0,1,1,6,2,35,6,-1,-1,-1,-1,2,1,E01017539,0
Unvalidated,2024401476371,2024,401476371,1,9,0,7,8,2,0,6,0,0,0,0,1,1,5,1,-1,-1,-1,-1,-1,-1,-1,-1,-1,0
Unvalidated,2024401477171,2024,401477171,1,21,1,18,2,5,0,3,0,0,0,0,1,1,1,1,-1,-1,-1,-1,-1,-1,-1,-1,-1,0
Unvalidated,2024401477171,2024,401477171,2,9,0,18,2,5,0,3,0,10,1,2,2,1,5,1,68,10,-1,-1,-1,-1,4,1,E01015786,0
Unvalidated,2024401477190,2024,401477190,1,8,0,4,1,5,0,2,0,0,1,7,4,1,1,1,64,9,-1,-1,-1,-1,2,1,E01001051,0
Unvalidated,2024401477193,2024,401477193,1,9,0,5,3,7,0,6,0,0,0,0,1,1,6,1,46,8,-1,-1,-1,-1,4,1,E01017512,0
Unvalidated,2024401477193,2024,401477193,2,1,0,18,5,1,0,8,0,0,0,0,1,1,6,1,29,6,-1,-1,-1,-1,2,1,E01017474,0
Unvalidated,2024401477242,2024,401477242,1,20,0,18,8,4,0,0,0,0,0,0,1,1,2,1,62,9,-1,-1,-1,-1,2,1,E01017433,0
Unvalidated,2024401477242,2024,401477242,2,9,0,18,4,8,0,0,0,0,0,0,1,1,5,1,73,10,-1,-1,-1,-1,7,3,E01017547,0
Unvalidated,2024401477278,2024,401477278,1,19,0,18,5,1,0,1,0,0,0,0,1,1,1,1,40,7,-1,-1,-1,-1,1,1,E01015616,0
Unvalidated,2024401477278,2024,401477278,2,9,0,18,5,1,0,1,0,0,0,0,2,1,1,1,39,7,-1,-1,-1,-1,9,2,E01033190,0
Unvalidated,2024401477669,2024,401477669,1,9,0,18,4,8,0,0,0,0,0,0,4,1,6,2,42,7,-1,-1,-1,-1,2,1,E01017490,0
Unvalidated,2024401477669,2024,401477669,2,1,0,18,6,2,0,0,0,0,0,0,1,1,6,1,7,2,-1,-1,-1,-1,4,1,E01017493,0
Unvalidated,2024401484876,2024,401484876,1,9,0,18,3,7,0,2,5,4,0,0,1,1,6,2,61,9,-1,-1,-1,-1,10,1,E01017402,0
Unvalidated,2024401484876,2024,401484876,2,9,0,2,0,0,0,2,0,0,0,0,4,1,6,3,-1,-1,-1,-1,-1,-1,-1,-1,-1,0
Unvalidated,2024401484876,2024,401484876,3,9,0,2,0,0,0,2,0,0,0,0,3,1,6,3,-1,-1,-1,-1,-1,-1,-1,-1,-1,0
Unvalidated,2024401489511,2024,401489511,1,9,0,18,5,1,9,0,0,0,0,0,1,1,5,1,54,8,-1,-1,-1,-1,5,3,E01017486,0
Unvalidated,2024401498714,2024,401498714,1,9,0,5,0,4,0,0,0,4,0,0,1,1,6,3,-1,-1,-1,-1,-1,-1,-1,-1,-1,0
Unvalidated,2024401498958,2024,401498958,1,9,0,5,5,2,0,1,0,0,0,0,1,1,3,1,47,8,-1,-1,-1,-1,3,1,E01017522,0
Unvalidated,2024401498958,2024,401498958,2,9,0,3,5,1,0,1,0,0,0,0,2,1,6,1,52,8,-1,-1,-1,-1,2,1,E01017539,0
Unvalidated,2024411394644,2024,411394644,1,8,0,6,-1,-1,0,0,0,0,0,0,1,1,6,1,56,9,-1,-1,-1,-1,9,2,E01033190,0
Unvalidated,2024411394644,2024,411394644,2,9,0,5,-1,-1,0,0,0,0,0,0,3,1,6,2,64,9,-1,-1,-1,-1,7,1,E01023594,0
Unvalidated,2024411394714,2024,411394714,1,9,0,3,1,5,0,0,0,0,0,0,3,1,6,1,43,7,-1,-1,-1,-1,9,3,E01026998,0
Unvalidated,2024411394714,2024,411394714,2,5,0,18,1,5,0,0,0,0,0,0,1,1,2,1,47,8,-1,-1,-1,-1,6,1,E01000513,0
Unvalidated,2024411395112,2024,411395112,1,9,0,4,-1,-1,0,0,0,0,0,0,1,1,6,3,-1,-1,-1,-1,-1,-1,-1,-1,-1,0
Unvalidated,2024411395112,2024,411395112,2,19,0,4,-1,-1,0,0,0,0,0,0,2,1,2,1,37,7,-1,-1,-1,-1,6,2,E01023564,0
Unvalidated,2024411395879,2024,411395879,1,9,0,18,5,1,0,0,1,0,0,0,1,1,5,1,28,6,-1,-1,-1,-1,8,1,E01002109,0
Unvalidated,2024411395879,2024,411395879,2,9,0,18,5,1,0,0,0,0,0,0,2,1,5,1,36,7,-1,-1,-1,-1,2,1,E01008575,0
Unvalidated,2024411395879,2024,411395879,3,9,0,18,5,1,0,0,0,0,0,0,3,1,5,1,40,7,-1,-1,-1,-1,4,1,E01001683,0
Unvalidated,2024411395916,2024,411395916,1,9,0,18,-1,-1,0,0,0,0,0,0,1,1,6,3,-1,-1,-1,-1,-1,-1,-1,-1,-1,0