status,collision_index,collision_year,collision_reference,vehicle_reference,vehicle_type,towing_and_articulation,vehicle_manoeuvre,vehicle_direction_from,vehicle_direction_to,vehicle_location_restricted_lane,junction_location,skidding_and_overturning,hit_object_in_carriageway,vehicle_leaving_carriageway,hit_object_off_carriageway,first_point_of_impact,vehicle_left_hand_drive,journey_purpose_of_driver,sex_of_driver,age_of_driver,age_band_of_driver,engine_capacity_cc,propulsion_code,age_of_vehicle,generic_make_model,driver_imd_decile,driver_home_area_type,lsoa_of_driver,escooter_flag
Unvalidated,2024411395996,2024,411395996,1,9,0,15,-1,-1,0,4,0,0,0,0,1,1,6,3,-1,-1,-1,-1,-1,-1,-1,-1,-1,0
Unvalidated,2024411395996,2024,411395996,2,9,0,4,-1,-1,0,4,0,0,0,0,2,1,5,2,19,4,-1,-1,-1,-1,10,1,E01023412,0
Unvalidated,2024411396054,2024,411396054,1,9,0,9,1,7,0,8,0,0,0,0,3,1,6,1,19,4,-1,-1,-1,-1,3,1,E01023650,0
Unvalidated,2024411396054,2024,411396054,2,3,0,18,7,3,0,8,5,0,0,0,1,1,6,1,41,7,-1,-1,-1,-1,8,1,E01033027,0
Unvalidated,2024411396217,2024,411396217,1,9,0,3,-1,-1,0,0,0,0,0,0,1,1,2,2,63,9,-1,-1,-1,-1,10,1,E01023803,0
Unvalidated,2024411396217,2024,411396217,2,9,0,3,-1,-1,0,0,0,0,0,0,2,1,5,2,43,7,-1,-1,-1,-1,7,1,E01023832,0
Unvalidated,2024411396248,2024,411396248,1,9,0,7,5,7,0,0,0,0,0,0,1,1,6,3,-1,-1,-1,-1,-1,-1,-1,-1,-1,0
Unvalidated,2024411396248,2024,411396248,2,9,0,18,3,7,0,0,0,0,0,0,4,1,5,1,26,6,-1,-1,-1,-1,9,3,E01017693,0
Unvalidated,2024411396263,2024,411396263,1,9,0,18,-1,-1,0,0,0,0,0,0,1,1,5,3,-1,-1,-1,-1,-1,-1,-1,-1,-1,0
Unvalidated,2024411396263,2024,411396263,2,1,0,18,-1,-1,0,0,0,0,0,0,1,1,2,1,31,6,-1,-1,-1,-1,6,1,E01023855,0
Unvalidated,2024411396296,2024,411396296,1,9,-1,-1,-1,-1,-1,0,-1,-1,-1,0,-1,1,6,1,40,7,-1,-1,-1,-1,7,1,E01023366,0
Unvalidated,2024411396296,2024,411396296,2,3,-1,-1,-1,-1,-1,0,-1,-1,-1,0,-1,1,6,2,23,5,-1,-1,-1,-1,4,1,E01023403,0
Unvalidated,2024411396447,2024,411396447,1,9,0,4,7,1,0,4,0,0,0,0,1,1,6,2,-1,-1,-1,-1,-1,-1,2,1,E01023758,0
Unvalidated,2024411396447,2024,411396447,2,9,0,3,7,1,0,4,0,0,0,0,2,1,2,2,23,5,-1,-1,-1,-1,10,1,E01023767,0
Unvalidated,2024411396615,2024,411396615,1,9,-1,-1,-1,-1,-1,0,-1,-1,-1,0,-1,1,6,1,59,9,-1,-1,-1,-1,5,1,E01023542,0
Unvalidated,2024411396656,2024,411396656,1,9,0,18,-1,-1,0,4,0,0,0,0,1,1,6,2,-1,-1,-1,-1,-1,-1,-1,-1,-1,0
Unvalidated,2024411396656,2024,411396656,2,9,0,9,-1,-1,0,8,0,0,0,0,4,1,3,1,32,6,-1,-1,-1,-1,5,1,E01023772,0
Unvalidated,2024411396673,2024,411396673,1,9,0,3,3,7,0,0,0,0,0,0,1,1,6,2,42,7,-1,-1,-1,-1,4,1,E01023296,0
Unvalidated,2024411396673,2024,411396673,2,9,0,1,3,7,0,0,0,0,0,0,2,1,6,1,34,6,-1,-1,-1,-1,4,1,E01023296,0
Unvalidated,2024411396729,2024,411396729,1,9,0,18,7,3,0,0,0,0,0,0,1,1,5,1,56,9,-1,-1,-1,-1,10,1,E01023449,0
Unvalidated,2024411396729,2024,411396729,2,9,0,4,4,8,0,0,0,0,0,0,1,1,5,1,48,8,-1,-1,-1,-1,8,2,E01022068,0
Unvalidated,2024411396740,2024,411396740,1,9,-1,-1,-1,-1,-1,-1,-1,-1,-1,0,-1,1,3,2,35,6,-1,-1,-1,-1,10,1,E01023878,0
Unvalidated,2024411396740,2024,411396740,2,9,-1,-1,-1,-1,-1,-1,-1,-1,-1,0,2,1,6,1,29,6,-1,-1,-1,-1,10,1,E01023825,0
Unvalidated,2024411396798,2024,411396798,1,9,0,9,-1,-1,0,1,0,0,0,0,3,1,6,1,21,5,-1,-1,-1,-1,1,1,E01026626,0
Unvalidated,2024411396798,2024,411396798,2,3,0,13,-1,-1,0,1,0,0,0,0,1,1,6,1,17,4,-1,-1,-1,-1,5,1,E01023331,0
Unvalidated,2024411397255,2024,411397255,1,9,0,-1,-1,-1,-1,-1,0,0,-1,0,1,1,5,1,76,11,-1,-1,-1,-1,7,1,E01023935,0
Unvalidated,2024411397255,2024,411397255,2,9,0,-1,-1,-1,-1,-1,0,0,-1,0,1,1,5,1,34,6,-1,-1,-1,-1,6,1,E01023633,0
Unvalidated,2024411397284,2024,411397284,1,98,-1,-1,-1,-1,-1,-1,-1,-1,-1,0,4,1,6,3,-1,-1,-1,-1,-1,-1,-1,-1,-1,0
Unvalidated,2024411397284,2024,411397284,2,9,0,5,7,2,0,1,0,0,0,0,3,1,5,1,18,4,-1,-1,-1,-1,6,1,E01033308,0
Unvalidated,2024411397536,2024,411397536,1,9,0,18,6,2,0,0,0,0,0,0,1,1,6,3,-1,-1,-1,-1,-1,-1,-1,-1,-1,0
Unvalidated,2024411397536,2024,411397536,2,9,0,3,6,2,0,0,0,0,0,0,2,1,5,1,51,8,-1,-1,-1,-1,7,1,E01023579,0
Unvalidated,2024411398339,2024,411398339,1,9,0,18,1,5,0,0,1,0,1,0,3,1,5,1,19,4,-1,-1,-1,-1,10,1,E01023768,0
Unvalidated,2024411398356,2024,411398356,1,9,0,5,-1,-1,0,8,0,0,0,0,1,1,6,2,56,9,-1,-1,-1,-1,5,1,E01023304,0
Unvalidated,2024411398356,2024,411398356,2,97,0,18,-1,-1,0,8,0,0,0,0,1,1,6,1,20,4,-1,-1,-1,-1,2,1,E01001433,0
Unvalidated,2024411398441,2024,411398441,1,19,-1,1,8,4,0,0,0,0,0,0,2,1,6,1,41,7,-1,-1,-1,-1,4,1,E01023794,0
Unvalidated,2024411398441,2024,411398441,2,5,0,4,8,4,0,0,0,0,0,0,1,1,5,1,31,6,-1,-1,-1,-1,7,3,E01017423,0
Unvalidated,2024411398554,2024,411398554,1,9,-1,-1,-1,-1,-1,0,-1,-1,-1,0,-1,1,6,1,36,7,-1,-1,-1,-1,4,1,E01027996,0
Unvalidated,2024411398554,2024,411398554,2,9,-1,-1,-1,-1,-1,0,-1,-1,-1,0,-1,1,5,2,40,7,-1,-1,-1,-1,1,1,E01015736,0
Unvalidated,2024411398909,2024,411398909,1,9,0,13,2,6,0,0,0,0,0,0,1,1,1,2,25,5,-1,-1,-1,-1,7,1,E01023335,0
Unvalidated,2024411398909,2024,411398909,2,9,0,18,6,2,0,0,0,0,0,0,1,1,5,1,19,4,-1,-1,-1,-1,9,3,E01022060,0
Unvalidated,2024411398950,2024,411398950,1,9,0,7,3,7,0,3,5,0,1,2,1,1,6,1,-1,-1,-1,-1,-1,-1,-1,-1,-1,0
Unvalidated,2024411399078,2024,411399078,1,9,0,18,5,1,0,0,2,11,1,10,1,1,5,2,50,8,-1,-1,-1,-1,10,1,E01023489,0
Unvalidated,2024411399325,2024,411399325,1,9,0,5,3,7,0,2,0,0,0,0,4,1,5,2,51,8,-1,-1,-1,-1,10,1,E01023425,0
Unvalidated,2024411399442,2024,411399442,1,9,0,18,1,5,0,0,0,0,0,0,0,1,6,1,40,7,-1,-1,-1,-1,3,1,E01015783,0
Unvalidated,2024411399442,2024,411399442,2,9,0,18,1,5,0,0,0,0,0,0,3,1,5,1,48,8,-1,-1,-1,-1,5,1,E01000620,0
Unvalidated,2024411399442,2024,411399442,3,9,0,18,1,5,0,0,0,0,0,0,2,1,5,2,38,7,-1,-1,-1,-1,7,1,E01025757,0
Unvalidated,2024411399544,2024,411399544,1,9,0,18,4,1,0,1,0,0,0,0,4,1,6,3,-1,-1,-1,-1,-1,-1,-1,-1,-1,0
Unvalidated,2024411399544,2024,411399544,2,9,0,11,4,6,0,1,5,0,7,4,3,1,3,1,36,7,-1,-1,-1,-1,8,3,E01023491,0
Unvalidated,2024411399577,2024,411399577,1,9,0,2,5,8,0,0,0,0,0,0,1,1,1,1,64,9,-1,-1,-1,-1,4,1,E01004447,0
Unvalidated,2024411399577,2024,411399577,2,20,1,18,0,0,6,0,0,0,1,0,2,1,6,1,-1,-1,-1,-1,-1,-1,5,1,E01023930,0
Unvalidated,2024411399579,2024,411399579,1,9,0,18,3,7,0,0,0,0,0,0,1,1,2,1,54,8,-1,-1,-1,-1,7,1,E01023514,0
Unvalidated,2024411399579,2024,411399579,2,9,0,18,7,3,0,0,0,0,0,0,1,1,2,1,60,9,-1,-1,-1,-1,6,3,E01023155,0
Unvalidated,2024411399831,2024,411399831,1,9,0,18,3,7,0,0,0,0,0,0,1,1,6,2,72,10,-1,-1,-1,-1,4,1,E01021808,0
Unvalidated,2024411399831,2024,411399831,2,9,0,18,7,3,0,0,0,0,0,0,1,1,6,1,51,8,-1,-1,-1,-1,9,1,E01023917,0
Unvalidated,2024411399887,2024,411399887,1,19,0,18,5,8,0,0,2,0,4,0,1,1,6,1,-1,-1,-1,-1,-1,-1,4,3,E01023925,0
Unvalidated,2024411399914,2024,411399914,1,9,0,18,5,1,0,8,0,0,0,0,3,1,6,2,68,10,-1,-1,-1,-1,10,2,E01033189,0
Unvalidated,2024411399925,2024,411399925,1,9,0,5,5,1,0,8,0,0,0,0,3,1,6,2,54,8,-1,-1,-1,-1,7,2,E01017652,0
Unvalidated,2024411399925,2024,411399925,2,9,0,18,3,7,0,8,0,0,0,0,1,1,6,2,25,5,-1,-1,-1,-1,3,1,E01017568,0
Unvalidated,2024411399932,2024,411399932,1,9,-1,-1,-1,-1,-1,0,-1,-1,-1,0,-1,1,6,3,-1,-1,-1,-1,-1,-1,-1,-1,-1,0
Unvalidated,2024411399999,2024,411399999,1,9,0,18,4,8,0,0,0,0,0,0,3,1,5,2,51,8,-1,-1,-1,-1,4,1,E01023669,0
Unvalidated,2024411399999,2024,411399999,2,1,0,18,8,4,0,0,0,0,0,0,1,1,2,2,34,6,-1,-1,-1,-1,2,1,E01004004,0
Unvalidated,2024411400232,2024,411400232,1,9,0,18,3,1,0,1,0,0,0,0,1,1,6,3,-1,-1,-1,-1,-1,-1,-1,-1,-1,0
Unvalidated,2024411400321,2024,411400321,1,9,0,18,5,1,0,0,0,0,0,0,3,1,6,1,37,7,-1,-1,-1,-1,10,1,E01023703,0
Unvalidated,2024411400321,2024,411400321,2,9,0,18,5,1,0,0,0,0,0,0,4,1,6,1,46,8,-1,-1,-1,-1,5,1,E01017617,0
Unvalidated,2024411401218,2024,411401218,1,4,0,18,2,6,0,0,0,0,0,0,1,1,6,1,22,5,-1,-1,-1,-1,2,1,E01001980,0
Unvalidated,2024411401218,2024,411401218,2,9,0,18,6,2,0,0,0,0,0,0,1,1,6,2,47,8,-1,-1,-1,-1,5,1,E01023904,0
Unvalidated,2024411401246,2024,411401246,1,9,0,18,5,1,0,4,0,0,0,0,1,1,6,1,-1,-1,-1,-1,-1,-1,-1,-1,-1,0
Unvalidated,2024411401246,2024,411401246,2,19,0,9,1,7,0,8,0,0,0,0,4,1,5,1,23,5,-1,-1,-1,-1,7,1,E01023328,0
Unvalidated,2024411401277,2024,411401277,1,19,0,5,4,8,0,1,0,0,0,0,3,1,6,1,48,8,-1,-1,-1,-1,6,2,E01023723,0
Unvalidated,2024411401293,2024,411401293,1,9,0,18,5,2,0,0,0,0,5,0,3,1,6,1,27,6,-1,-1,-1,-1,5,1,E01001271,0
Unvalidated,2024411401561,2024,411401561,1,5,0,7,5,1,0,0,0,0,0,0,4,1,2,2,63,9,-1,-1,-1,-1,7,1,E01023961,0
Unvalidated,2024411401612,2024,411401612,1,9,0,18,1,5,0,0,0,0,0,0,0,1,1,1,33,6,-1,-1,-1,-1,-1,-1,-1,0
Unvalidated,2024411401612,2024,411401612,2,9,0,18,1,5,0,0,0,0,0,0,1,1,6,1,23,5,-1,-1,-1,-1,7,1,E01023351,0
Unvalidated,2024411401612,2024,411401612,3,9,0,18,1,5,0,0,0,0,0,0,1,1,6,2,63,9,-1,-1,-1,-1,4,2,E01002440,0
Unvalidated,2024411401612,2024,411401612,4,9,0,2,0,0,0,0,0,0,0,0,1,1,6,3,-1,-1,-1,-1,-1,-1,-1,-1,-1,0
Unvalidated,2024411401612,2024,411401612,5,9,0,2,0,0,0,0,0,0,0,0,2,1,6,3,-1,-1,-1,-1,-1,-1,-1,-1,-1,0
Unvalidated,2024411401951,2024,411401951,1,9,0,10,-1,-1,99,6,0,0,-1,0,1,1,6,2,37,7,-1,-1,-1,-1,8,1,E01023571,0
Unvalidated,2024411401951,2024,411401951,2,4,0,18,-1,-1,99,8,0,0,-1,0,4,1,5,1,53,8,-1,-1,-1,-1,8,1,E01023297,0
Unvalidated,2024411401984,2024,411401984,1,9,0,18,5,1,0,0,2,0,1,4,2,1,2,1,47,8,-1,-1,-1,-1,6,1,E01033463,0
Unvalidated,2024411402027,2024,411402027,1,9,0,2,0,0,0,0,0,0,0,0,3,1,6,2,36,7,-1,-1,-1,-1,-1,1,-1,0
Unvalidated,2024411402027,2024,411402027,2,9,0,14,3,7,0,0,0,0,0,0,1,1,6,1,42,7,-1,-1,-1,-1,10,2,E01023523,0
Unvalidated,2024411402030,2024,411402030,1,9,0,1,1,5,0,0,0,0,0,0,2,1,6,2,54,8,-1,-1,-1,-1,2,1,E01023641,0
Unvalidated,2024411402093,2024,411402093,1,19,0,18,6,2,0,1,0,0,0,0,1,1,1,1,22,5,-1,-1,-1,-1,10,1,E01023502,0
Unvalidated,2024411402093,2024,411402093,2,9,0,7,8,4,0,1,0,0,0,0,3,1,6,2,53,8,-1,-1,-1,-1,9,1,E01023644,0
Unvalidated,2024411402589,2024,411402589,1,9,0,18,-1,-1,0,0,0,0,0,0,1,1,6,2,32,6,-1,-1,-1,-1,6,1,E01023570,0
Unvalidated,2024411402766,2024,411402766,1,9,-1,-1,-1,-1,-1,-1,-1,-1,-1,0,-1,1,6,2,39,7,-1,-1,-1,-1,-1,-1,-1,0
Unvalidated,2024411402766,2024,411402766,2,3,-1,-1,-1,-1,-1,-1,-1,-1,-1,0,-1,1,2,1,24,5,-1,-1,-1,-1,3,1,E01003596,0
Unvalidated,2024411402848,2024,411402848,1,9,0,5,3,7,0,4,0,0,0,0,1,1,6,2,71,10,-1,-1,-1,-1,6,1,E01023633,0
Unvalidated,2024411402848,2024,411402848,2,9,0,5,1,5,0,4,0,0,0,0,4,1,6,1,57,9,-1,-1,-1,-1,7,1,E01017437,0
Unvalidated,2024411402929,2024,411402929,1,9,-1,-1,-1,-1,-1,0,-1,-1,-1,0,-1,1,6,3,-1,-1,-1,-1,-1,-1,-1,-1,-1,0
Unvalidated,2024411402929,2024,411402929,2,3,-1,-1,-1,-1,-1,0,-1,-1,-1,0,-1,1,1,1,40,7,-1,-1,-1,-1,5,1,E01023400,0
Unvalidated,2024411402938,2024,411402938,1,3,0,14,7,3,0,0,0,0,0,0,1,1,6,1,21,5,-1,-1,-1,-1,4,1,E01000608,0
Unvalidated,2024411402938,2024,411402938,2,9,0,3,7,3,0,0,0,0,0,0,3,1,6,2,57,9,-1,-1,-1,-1,3,1,E01023866,0
Unvalidated,2024411402977,2024,411402977,1,8,-1,-1,-1,-1,-1,0,-1,-1,-1,0,-1,1,6,1,41,7,-1,-1,-1,-1,4,1,E01023906,0
Unvalidated,2024411402977,2024,411402977,2,1,-1,-1,-1,-1,-1,0,-1,-1,-1,0,-1,1,2,2,57,9,-1,-1,-1,-1,6,1,E01023868,0
Unvalidated,2024411402978,2024,411402978,1,9,0,18,5,1,0,0,2,10,0,0,4,1,6,1,19,4,-1,-1,-1,-1,4,1,E01021837,0
Unvalidated,2024411402993,2024,411402993,1,9,0,18,3,7,0,1,0,0,0,0,1,1,6,3,-1,-1,-1,-1,-1,-1,-1,-1,-1,0
Unvalidated,2024411402993,2024,411402993,2,9,0,3,3,7,0,1,0,0,0,0,2,1,5,2,46,8,-1,-1,-1,-1,4,1,E01023555,0
Unvalidated,2024411403885,2024,411403885,1,9,0,5,-1,-1,0,0,0,0,0,0,1,1,6,1,25,5,-1,-1,-1,-1,5,1,E01023864,0
Unvalidated,2024411403885,2024,411403885,2,9,0,4,-1,-1,0,0,0,0,0,0,3,1,5,2,22,5,-1,-1,-1,-1,7,1,E01023892,0
Unvalidated,2024411403890,2024,411403890,1,9,0,18,1,4,0,4,0,0,0,0,1,1,6,3,-1,-1,-1,-1,-1,-1,-1,-1,-1,0
Unvalidated,2024411403890,2024,411403890,2,9,0,18,1,4,0,4,0,0,0,0,2,1,5,1,33,6,-1,-1,-1,-1,4,1,E01023797,0
Unvalidated,2024411403949,2024,411403949,1,9,0,11,3,7,0,8,1,0,0,0,1,1,6,1,-1,-1,-1,-1,-1,-1,-1,-1,-1,0
Unvalidated,2024411403949,2024,411403949,2,9,0,18,3,7,0,4,0,0,0,0,3,1,5,2,58,9,-1,-1,-1,-1,-1,-1,-1,0
Unvalidated,2024411403961,2024,411403961,1,9,-1,-1,-1,-1,-1,0,-1,-1,-1,0,-1,1,6,2,36,7,-1,-1,-1,-1,10,1,E01023820,0
Unvalidated,2024411403975,2024,411403975,1,19,0,4,1,5,0,0,0,0,0,0,2,1,1,1,75,10,-1,-1,-1,-1,8,3,E01017426,0
Unvalidated,2024411403975,2024,411403975,2,9,0,18,1,5,0,0,1,0,0,0,1,1,2,2,63,9,-1,-1,-1,-1,7,3,E01023663,0
Unvalidated,2024411403975,2024,411403975,3,9,0,18,1,5,0,0,1,0,0,0,1,1,2,2,33,6,-1,-1,-1,-1,9,2,E01033190,0
Unvalidated,2024411404226,2024,411404226,1,9,0,18,6,2,0,0,0,0,0,0,1,1,6,1,88,11,-1,-1,-1,-1,9,1,E01015797,0
Unvalidated,2024411404226,2024,411404226,2,9,0,2,0,0,0,0,0,0,0,0,1,1,1,3,-1,-1,-1,-1,-1,-1,-1,-1,-1,0
Unvalidated,2024411404254,2024,411404254,1,9,0,3,1,5,0,0,0,0,0,0,1,1,5,2,51,8,-1,-1,-1,-1,6,3,E01018271,0
Unvalidated,2024411404254,2024,411404254,2,9,0,3,1,5,0,0,0,0,0,0,2,1,5,2,39,7,-1,-1,-1,-1,3,1,E01023343,0
Unvalidated,2024411404254,2024,411404254,3,9,0,18,1,5,0,0,0,0,0,0,2,1,5,2,44,7,-1,-1,-1,-1,7,2,E01018269,0
Unvalidated,2024411404267,2024,411404267,1,9,0,18,7,3,0,8,0,0,0,0,1,1,5,1,31,6,-1,-1,-1,-1,-1,-1,-1,0
Unvalidated,2024411404267,2024,411404267,2,9,0,18,7,3,0,8,0,0,0,0,2,1,1,1,28,6,-1,-1,-1,-1,-1,-1,-1,0
Unvalidated,2024411404283,2024,411404283,1,9,0,18,5,1,0,0,0,0,0,0,1,1,6,2,-1,-1,-1,-1,-1,-1,10,1,E01025714,0
Unvalidated,2024411404283,2024,411404283,2,9,0,18,5,1,0,0,0,0,0,0,2,1,6,1,52,8,-1,-1,-1,-1,5,1,E01016594,0
Unvalidated,2024411404294,2024,411404294,1,98,0,2,0,0,0,1,0,0,0,0,1,1,6,3,-1,-1,-1,-1,-1,-1,-1,-1,-1,0
Unvalidated,2024411404294,2024,411404294,2,8,0,17,7,3,0,1,1,0,0,0,3,1,1,1,54,8,-1,-1,-1,-1,7,1,E01023382,0
Unvalidated,2024411404310,2024,411404310,1,1,0,18,1,5,9,0,0,0,0,0,1,1,1,1,29,6,-1,-1,-1,-1,5,1,E01023869,0
Unvalidated,2024411404310,2024,411404310,2,9,0,18,7,3,0,0,0,0,0,0,1,1,1,1,27,6,-1,-1,-1,-1,-1,-1,-1,0
Unvalidated,2024411404325,2024,411404325,1,9,0,18,4,8,0,4,0,9,0,0,3,1,5,1,44,7,-1,-1,-1,-1,8,1,E01033028,0
Unvalidated,2024411404325,2024,411404325,2,9,0,18,3,7,0,3,0,0,0,0,1,1,1,1,66,10,-1,-1,-1,-1,5,1,E01023529,0
Unvalidated,2024411404399,2024,411404399,1,9,0,16,6,1,0,0,1,0,2,0,2,1,6,1,17,4,-1,-1,-1,-1,6,1,E01023932,0
Unvalidated,2024411404399,2024,411404399,2,9,0,18,2,6,0,0,0,0,0,0,1,1,1,1,29,6,-1,-1,-1,-1,8,1,E01023916,0
Unvalidated,2024411404680,2024,411404680,1,9,0,5,8,4,0,0,0,0,1,11,4,1,2,1,36,7,-1,-1,-1,-1,6,1,E01023518,0
Unvalidated,2024411404680,2024,411404680,2,22,0,5,7,3,0,0,0,0,0,0,4,1,6,2,36,7,-1,-1,-1,-1,7,1,E01023517,0
Unvalidated,2024411404700,2024,411404700,1,9,0,5,7,5,0,7,0,0,1,0,1,1,5,1,41,7,-1,-1,-1,-1,10,2,E01017632,0
Unvalidated,2024411404700,2024,411404700,2,9,0,18,5,1,0,8,0,0,0,0,1,1,5,2,37,7,-1,-1,-1,-1,6,1,E01023874,0
Unvalidated,2024411404728,2024,411404728,1,9,0,18,-1,-1,0,0,1,0,0,0,1,1,6,1,-1,-1,-1,-1,-1,-1,-1,-1,-1,0
Unvalidated,2024411404728,2024,411404728,2,98,0,3,-1,-1,0,0,0,0,0,0,2,1,2,1,36,7,-1,-1,-1,-1,4,1,E01023955,0
Unvalidated,2024411404741,2024,411404741,1,9,0,5,1,3,0,1,0,0,0,0,0,1,5,1,71,10,-1,-1,-1,-1,7,3,E01023623,0
Unvalidated,2024411404760,2024,411404760,1,9,0,9,3,1,0,8,0,0,0,0,1,1,5,1,25,5,-1,-1,-1,-1,10,1,E01023734,0
Unvalidated,2024411404788,2024,411404788,1,9,0,-1,-1,-1,0,-1,0,0,0,0,-1,1,6,2,22,5,-1,-1,-1,-1,9,1,E01023361,0
Unvalidated,2024411404788,2024,411404788,2,9,0,-1,-1,-1,0,-1,0,0,0,0,-1,1,5,2,26,6,-1,-1,-1,-1,5,1,E01030725,0
Unvalidated,2024411404803,2024,411404803,1,9,-1,18,3,7,0,1,0,0,0,0,1,1,6,1,54,8,-1,-1,-1,-1,9,1,E01015811,0
Unvalidated,2024411404876,2024,411404876,1,9,0,18,4,8,0,0,0,0,0,0,3,1,6,2,41,7,-1,-1,-1,-1,5,1,E01023905,0
Unvalidated,2024411404876,2024,411404876,2,19,0,18,4,8,0,0,0,0,0,0,1,1,1,2,51,8,-1,-1,-1,-1,6,1,E01017435,0
Unvalidated,2024411405083,2024,411405083,1,9,0,5,7,1,0,1,0,0,0,0,4,1,5,2,50,8,-1,-1,-1,-1,10,1,E01023696,0
Unvalidated,2024411405083,2024,411405083,2,3,0,18,5,1,0,1,0,0,0,0,1,1,2,1,29,6,-1,-1,-1,-1,7,1,E01023832,0
Unvalidated,2024411405129,2024,411405129,1,9,0,13,8,4,0,0,0,0,0,0,4,1,6,2,33,6,-1,-1,-1,-1,8,1,E01023708,0
Unvalidated,2024411405129,2024,411405129,2,1,0,18,8,4,0,0,0,0,1,0,3,1,5,1,45,7,-1,-1,-1,-1,8,1,E01002019,0
Unvalidated,2024411405176,2024,411405176,1,9,-1,-1,-1,-1,-1,0,-1,-1,-1,0,-1,1,6,1,58,9,-1,-1,-1,-1,7,1,E01002111,0
Unvalidated,2024411405176,2024,411405176,2,9,-1,-1,-1,-1,-1,0,-1,-1,-1,0,-1,1,2,2,26,6,-1,-1,-1,-1,4,1,E01021818,0
Unvalidated,2024411405206,2024,411405206,1,98,0,18,3,7,0,0,0,0,0,0,2,1,6,3,-1,-1,-1,-1,-1,-1,-1,-1,-1,0
Unvalidated,2024411405206,2024,411405206,2,9,0,18,3,7,0,0,0,0,0,0,1,1,2,1,56,9,-1,-1,-1,-1,7,3,E01023663,0
Unvalidated,2024411405216,2024,411405216,1,4,0,18,5,1,0,0,0,0,0,0,1,1,6,1,40,7,-1,-1,-1,-1,-1,1,-1,0
Unvalidated,2024411405216,2024,411405216,2,9,0,18,5,1,0,0,0,0,0,0,2,1,6,1,56,9,-1,-1,-1,-1,9,1,E01025712,0
Unvalidated,2024411405221,2024,411405221,1,9,0,4,1,5,0,0,0,0,0,0,0,1,1,1,39,7,-1,-1,-1,-1,-1,-1,-1,0
Unvalidated,2024411405221,2024,411405221,2,9,0,4,1,5,0,0,0,0,0,0,2,1,5,1,44,7,-1,-1,-1,-1,7,1,E01018185,0
Unvalidated,2024411405221,2024,411405221,3,9,0,4,1,5,0,0,0,0,0,0,2,1,5,2,26,6,-1,-1,-1,-1,2,1,E01017539,0
Unvalidated,2024411405221,2024,411405221,4,9,0,18,1,5,0,0,0,0,0,0,1,1,5,2,42,7,-1,-1,-1,-1,10,2,E01033189,0
Unvalidated,2024411405449,2024,411405449,1,9,0,5,3,6,0,4,0,11,0,0,1,1,2,2,28,6,-1,-1,-1,-1,9,1,E01023753,0
Unvalidated,2024411405507,2024,411405507,1,19,0,18,1,5,0,0,0,0,5,6,2,1,1,1,35,6,-1,-1,-1,-1,-1,-1,-1,0
Unvalidated,2024411405507,2024,411405507,2,9,0,18,1,5,0,0,0,0,0,0,1,1,1,1,54,8,-1,-1,-1,-1,6,1,E01023317,0
Unvalidated,2024411405529,2024,411405529,1,98,0,4,1,5,0,4,0,0,7,0,1,1,6,1,43,7,-1,-1,-1,-1,5,1,E01023769,0
Unvalidated,2024411406277,2024,411406277,1,19,0,18,4,8,0,0,5,0,1,0,1,1,1,1,39,7,-1,-1,-1,-1,7,1,E01023963,0
Unvalidated,2024411406310,2024,411406310,1,9,0,5,7,3,0,0,0,0,0,0,3,1,6,2,45,7,-1,-1,-1,-1,-1,-1,-1,0
Unvalidated,2024411406310,2024,411406310,2,1,0,14,7,7,0,0,5,0,0,0,1,1,5,1,43,7,-1,-1,-1,-1,9,1,E01023833,0
Unvalidated,2024411406417,2024,411406417,1,90,-1,-1,-1,-1,-1,0,-1,-1,-1,0,-1,1,6,1,-1,-1,-1,-1,-1,-1,-1,-1,-1,1
Unvalidated,2024411406430,2024,411406430,1,9,0,4,2,6,0,0,0,0,1,0,2,1,6,1,76,11,-1,-1,-1,-1,9,3,E01018231,0
Unvalidated,2024411406430,2024,411406430,2,9,0,12,2,6,0,0,0,0,0,0,1,1,6,1,30,6,-1,-1,-1,-1,8,2,E01018129,0
Unvalidated,2024411406453,2024,411406453,1,9,0,3,5,1,0,0,0,0,0,0,3,1,6,2,18,4,-1,-1,-1,-1,5,1,E01023400,0
Unvalidated,2024411406453,2024,411406453,2,9,-1,-1,-1,-1,-1,0,-1,-1,-1,0,-1,1,6,3,-1,-1,-1,-1,-1,-1,-1,-1,-1,0
Unvalidated,2024411406453,2024,411406453,3,9,0,18,5,1,0,0,0,0,0,0,1,1,6,2,70,10,-1,-1,-1,-1,5,1,E01023400,0
Unvalidated,2024411406467,2024,411406467,1,19,0,18,5,1,0,0,0,0,0,0,1,1,1,1,26,6,-1,-1,-1,-1,10,1,E01017626,0
Unvalidated,2024411406467,2024,411406467,2,9,4,9,5,1,0,0,0,0,0,0,2,1,1,1,57,9,-1,-1,-1,-1,7,1,E01023590,0
Unvalidated,2024411406481,2024,411406481,1,98,1,12,7,3,0,0,0,0,0,0,4,2,1,1,45,7,-1,-1,-1,-1,-1,-1,-1,0
Unvalidated,2024411406481,2024,411406481,2,9,0,18,7,3,0,0,0,0,0,0,3,1,5,1,20,4,-1,-1,-1,-1,4,1,E01021894,0
Unvalidated,2024411406526,2024,411406526,1,19,0,7,8,4,0,4,0,0,0,0,1,1,6,1,26,6,-1,-1,-1,-1,4,1,E01023534,0
Unvalidated,2024411406526,2024,411406526,2,9,0,3,8,4,0,4,0,0,0,0,2,1,5,1,58,9,-1,-1,-1,-1,9,2,E01033609,0