status,collision_index,collision_year,collision_reference,vehicle_reference,vehicle_type,towing_and_articulation,vehicle_manoeuvre,vehicle_direction_from,vehicle_direction_to,vehicle_location_restricted_lane,junction_location,skidding_and_overturning,hit_object_in_carriageway,vehicle_leaving_carriageway,hit_object_off_carriageway,first_point_of_impact,vehicle_left_hand_drive,journey_purpose_of_driver,sex_of_driver,age_of_driver,age_band_of_driver,engine_capacity_cc,propulsion_code,age_of_vehicle,generic_make_model,driver_imd_decile,driver_home_area_type,lsoa_of_driver,escooter_flag
Unvalidated,2024411406723,2024,411406723,1,9,0,18,5,1,0,0,0,0,0,0,1,1,6,1,53,8,-1,-1,-1,-1,6,3,E01023722,0
Unvalidated,2024411406723,2024,411406723,2,9,0,18,1,5,0,0,0,0,0,0,1,1,6,1,17,4,-1,-1,-1,-1,10,1,E01023744,0
Unvalidated,2024411406772,2024,411406772,1,9,0,5,5,6,0,3,0,0,0,0,1,1,6,2,44,7,-1,-1,-1,-1,10,1,E01023515,0
Unvalidated,2024411406772,2024,411406772,2,9,0,3,5,6,0,3,0,0,0,0,2,1,6,2,37,7,-1,-1,-1,-1,5,1,E01023575,0
Unvalidated,2024411406792,2024,411406792,1,98,-1,-1,-1,-1,-1,1,-1,-1,-1,0,-1,1,6,3,-1,-1,-1,-1,-1,-1,-1,-1,-1,0
Unvalidated,2024411407133,2024,411407133,1,9,0,4,4,8,0,1,0,0,0,0,1,1,6,1,57,9,-1,-1,-1,-1,2,1,E01004341,0
Unvalidated,2024411407133,2024,411407133,2,9,0,4,4,2,0,1,0,0,0,0,2,1,6,2,38,7,-1,-1,-1,-1,9,3,E01023463,0
Unvalidated,2024411407136,2024,411407136,1,9,0,18,5,1,0,1,0,7,0,0,1,1,6,1,28,6,-1,-1,-1,-1,10,1,E01023441,0
Unvalidated,2024411407139,2024,411407139,1,9,-1,-1,-1,-1,-1,0,-1,-1,-1,0,-1,1,6,2,64,9,-1,-1,-1,-1,4,1,E01023387,0
Unvalidated,2024411407139,2024,411407139,2,97,-1,-1,-1,-1,-1,0,-1,-1,-1,0,-1,1,1,1,25,5,-1,-1,-1,-1,7,1,E01002474,0
Unvalidated,2024411407452,2024,411407452,1,1,0,-1,-1,-1,0,0,0,0,0,0,3,1,5,1,-1,-1,-1,-1,-1,-1,4,1,E01023797,0
Unvalidated,2024411407452,2024,411407452,2,9,0,5,-1,-1,0,0,0,0,0,0,3,1,5,2,67,10,-1,-1,-1,-1,4,1,E01023797,0
Unvalidated,2024411407482,2024,411407482,1,9,0,17,-1,-1,0,0,0,0,0,0,4,1,6,3,-1,-1,-1,-1,-1,-1,-1,-1,-1,0
Unvalidated,2024411407508,2024,411407508,1,9,0,18,1,5,0,1,0,0,0,0,1,1,5,2,52,8,-1,-1,-1,-1,7,1,E01000228,0
Unvalidated,2024411407512,2024,411407512,1,9,0,18,5,1,0,0,1,0,2,11,1,2,5,1,24,5,-1,-1,-1,-1,3,1,E01000125,0
Unvalidated,2024411407512,2024,411407512,2,9,0,18,5,1,0,0,0,0,0,0,1,1,5,1,60,9,-1,-1,-1,-1,7,1,E01021985,0
Unvalidated,2024411407514,2024,411407514,1,9,-1,18,4,8,0,0,0,0,0,0,3,1,6,3,-1,-1,-1,-1,-1,-1,-1,-1,-1,0
Unvalidated,2024411407514,2024,411407514,2,9,0,18,8,4,0,0,0,0,0,0,3,1,5,1,50,8,-1,-1,-1,-1,6,1,E01023836,0
Unvalidated,2024411407529,2024,411407529,1,9,0,4,8,3,0,0,0,0,0,0,1,1,6,2,31,6,-1,-1,-1,-1,8,1,E01023879,0
Unvalidated,2024411407564,2024,411407564,1,9,0,4,8,4,0,0,0,0,0,0,1,1,1,1,36,7,-1,-1,-1,-1,10,1,E01023803,0
Unvalidated,2024411407564,2024,411407564,2,9,0,4,8,4,0,0,0,0,4,0,2,1,1,1,49,8,-1,-1,-1,-1,9,1,E01030326,0
Unvalidated,2024411407569,2024,411407569,1,9,0,4,1,5,0,0,0,0,4,0,2,1,1,2,38,7,-1,-1,-1,-1,4,1,E01000155,0
Unvalidated,2024411407569,2024,411407569,2,19,0,4,1,5,0,0,0,0,0,0,1,1,1,1,38,7,-1,-1,-1,-1,4,1,E01016715,0
Unvalidated,2024411407580,2024,411407580,1,9,0,1,8,4,0,2,0,4,8,0,2,1,6,2,70,10,-1,-1,-1,-1,8,1,E01023486,0
Unvalidated,2024411407580,2024,411407580,2,9,0,2,0,0,0,2,0,0,0,0,3,1,6,3,-1,-1,-1,-1,-1,-1,-1,-1,-1,0
Unvalidated,2024411407580,2024,411407580,3,98,0,2,0,0,0,2,0,0,0,0,1,1,6,3,-1,-1,-1,-1,-1,-1,-1,-1,-1,0
Unvalidated,2024411407608,2024,411407608,1,9,0,5,8,4,9,0,0,0,7,0,1,1,6,2,80,11,-1,-1,-1,-1,4,1,E01023870,0
Unvalidated,2024411407609,2024,411407609,1,9,0,18,5,1,0,5,0,0,0,0,3,1,5,2,30,6,-1,-1,-1,-1,2,1,E01004284,0
Unvalidated,2024411407609,2024,411407609,2,19,0,18,5,1,0,7,0,0,0,0,4,1,1,1,54,8,-1,-1,-1,-1,7,1,E01029995,0
Unvalidated,2024411407645,2024,411407645,1,9,0,5,8,6,0,6,0,0,0,0,1,1,6,2,71,10,-1,-1,-1,-1,3,1,E01021861,0
Unvalidated,2024411407645,2024,411407645,2,9,0,18,6,2,0,1,0,0,0,0,1,1,6,1,54,8,-1,-1,-1,-1,7,1,E01023450,0
Unvalidated,2024411407678,2024,411407678,1,9,-1,-1,-1,-1,-1,-1,-1,-1,-1,0,-1,1,6,3,-1,-1,-1,-1,-1,-1,-1,-1,-1,0
Unvalidated,2024411407680,2024,411407680,1,9,0,4,5,1,0,0,0,0,0,0,1,1,6,3,-1,-1,-1,-1,-1,-1,-1,-1,-1,0
Unvalidated,2024411407680,2024,411407680,2,19,0,4,5,1,0,0,0,0,0,0,2,1,6,1,38,7,-1,-1,-1,-1,-1,-1,-1,0
Unvalidated,2024411407680,2024,411407680,3,9,0,4,5,1,0,0,0,0,0,0,2,1,2,2,48,8,-1,-1,-1,-1,9,1,E01015999,0
Unvalidated,2024411407680,2024,411407680,4,9,0,4,5,1,0,0,0,0,0,0,2,1,6,1,49,8,-1,-1,-1,-1,9,1,E01023094,0
Unvalidated,2024411407889,2024,411407889,1,9,0,5,7,3,99,8,0,0,0,0,1,1,6,1,53,8,-1,-1,-1,-1,10,1,E01023821,0
Unvalidated,2024411407889,2024,411407889,2,1,0,17,7,3,99,8,5,0,0,0,2,1,2,1,41,7,-1,-1,-1,-1,8,1,E01023893,0
Unvalidated,2024411407934,2024,411407934,1,9,0,18,4,8,0,8,0,0,0,0,4,1,2,2,23,5,-1,-1,-1,-1,9,3,E01023910,0
Unvalidated,2024411407934,2024,411407934,2,9,0,5,2,8,0,8,0,0,0,0,1,1,2,2,27,6,-1,-1,-1,-1,4,1,E01023955,0
Unvalidated,2024411407937,2024,411407937,1,9,0,9,2,6,0,6,0,0,0,0,1,1,1,2,51,8,-1,-1,-1,-1,9,1,E01023439,0
Unvalidated,2024411407937,2024,411407937,2,3,0,18,8,4,0,8,0,0,0,0,4,1,1,1,24,5,-1,-1,-1,-1,8,1,E01023763,0
Unvalidated,2024411407959,2024,411407959,1,98,-1,-1,-1,-1,-1,0,-1,-1,-1,0,-1,1,6,3,-1,-1,-1,-1,-1,-1,-1,-1,-1,0
Unvalidated,2024411407959,2024,411407959,2,9,-1,-1,-1,-1,-1,0,-1,-1,-1,0,-1,1,6,2,48,8,-1,-1,-1,-1,6,1,E01023941,0
Unvalidated,2024411407959,2024,411407959,3,9,-1,-1,-1,-1,-1,0,-1,-1,-1,0,-1,1,6,1,68,10,-1,-1,-1,-1,6,1,E01023720,0
Unvalidated,2024411407981,2024,411407981,1,9,0,4,4,5,0,1,0,0,0,0,1,1,6,3,-1,-1,-1,-1,-1,-1,-1,-1,-1,0
Unvalidated,2024411408808,2024,411408808,1,9,0,5,1,6,0,1,0,0,0,0,1,1,6,2,48,8,-1,-1,-1,-1,4,1,E01023301,0
Unvalidated,2024411408808,2024,411408808,2,9,0,3,1,6,0,1,0,0,0,0,2,1,5,2,23,5,-1,-1,-1,-1,3,1,E01023343,0
Unvalidated,2024411408836,2024,411408836,1,98,0,-1,-1,-1,-1,-1,-1,-1,-1,0,-1,1,6,3,-1,-1,-1,-1,-1,-1,-1,-1,-1,0
Unvalidated,2024411408836,2024,411408836,2,9,0,18,-1,-1,0,3,1,0,0,0,4,1,2,1,20,4,-1,-1,-1,-1,7,1,E01023382,0
Unvalidated,2024411408857,2024,411408857,1,9,0,18,1,5,0,0,0,0,0,0,1,1,6,1,32,6,-1,-1,-1,-1,2,1,E01015704,0
Unvalidated,2024411408857,2024,411408857,2,9,0,4,1,5,0,0,0,0,0,0,2,1,5,1,68,10,-1,-1,-1,-1,10,1,E01030839,0
Unvalidated,2024411408882,2024,411408882,1,9,0,99,4,8,0,0,0,0,0,0,2,1,6,2,53,8,-1,-1,-1,-1,4,1,E01023859,0
Unvalidated,2024411408896,2024,411408896,1,21,1,4,1,5,0,0,0,0,0,0,1,1,1,1,49,8,-1,-1,-1,-1,6,2,E01016753,0
Unvalidated,2024411408896,2024,411408896,2,9,0,4,1,5,0,0,0,0,0,0,2,1,5,2,43,7,-1,-1,-1,-1,9,1,E01023731,0
Unvalidated,2024411408911,2024,411408911,1,9,0,15,4,8,0,0,0,0,1,0,3,1,5,1,66,10,-1,-1,-1,-1,3,1,E01023891,0
Unvalidated,2024411408911,2024,411408911,2,9,0,18,8,4,0,0,0,0,1,0,1,1,2,2,42,7,-1,-1,-1,-1,7,1,E01015803,0
Unvalidated,2024411408911,2024,411408911,3,9,0,18,4,8,0,0,0,0,1,0,3,1,2,1,54,8,-1,-1,-1,-1,9,1,E01002108,0
Unvalidated,2024411408911,2024,411408911,4,9,0,18,2,4,0,0,0,0,0,0,1,1,2,2,43,7,-1,-1,-1,-1,6,1,E01023394,0
Unvalidated,2024411408911,2024,411408911,5,9,0,18,8,4,0,0,0,0,0,0,3,1,2,2,44,7,-1,-1,-1,-1,9,3,E01017778,0
Unvalidated,2024411408913,2024,411408913,1,9,0,2,8,4,0,0,0,0,0,0,2,1,6,3,-1,-1,-1,-1,-1,-1,-1,-1,-1,0
Unvalidated,2024411408991,2024,411408991,1,9,0,18,1,5,0,0,1,0,0,0,4,1,2,2,21,5,-1,-1,-1,-1,8,1,E01023890,0
Unvalidated,2024411408991,2024,411408991,2,9,0,2,0,0,0,0,0,0,0,0,2,1,6,1,47,8,-1,-1,-1,-1,9,1,E01023706,0
Unvalidated,2024411408995,2024,411408995,1,9,-1,-1,-1,-1,-1,-1,-1,-1,-1,0,-1,1,6,2,27,6,-1,-1,-1,-1,4,1,E01023538,0
Unvalidated,2024411408995,2024,411408995,2,9,-1,-1,-1,-1,-1,-1,-1,-1,-1,0,-1,1,5,1,45,7,-1,-1,-1,-1,1,1,E01023536,0
Unvalidated,2024411409007,2024,411409007,1,98,-1,-1,-1,-1,-1,0,-1,-1,-1,0,-1,1,6,3,-1,-1,-1,-1,-1,-1,-1,-1,-1,0
Unvalidated,2024411409007,2024,411409007,2,9,-1,-1,-1,-1,-1,0,-1,-1,-1,0,-1,1,5,1,64,9,-1,-1,-1,-1,5,1,E01023904,0
Unvalidated,2024411409097,2024,411409097,1,9,0,18,1,5,0,0,0,0,0,0,1,1,5,1,44,7,-1,-1,-1,-1,10,1,E01023453,0
Unvalidated,2024411409097,2024,411409097,2,9,0,18,5,1,0,0,0,0,0,0,3,1,2,1,53,8,-1,-1,-1,-1,9,1,E01027080,0
Unvalidated,2024411409097,2024,411409097,3,9,0,18,5,1,0,0,0,0,1,0,1,1,2,1,46,8,-1,-1,-1,-1,-1,-1,-1,0
Unvalidated,2024411409228,2024,411409228,1,9,0,9,7,5,0,5,0,0,0,0,1,1,6,2,-1,-1,-1,-1,-1,-1,-1,-1,-1,0
Unvalidated,2024411409228,2024,411409228,2,3,0,13,7,3,0,1,5,0,0,0,4,1,2,1,29,6,-1,-1,-1,-1,5,1,E01023864,0
Unvalidated,2024411409230,2024,411409230,1,9,-1,-1,-1,-1,-1,0,-1,-1,-1,0,1,1,6,2,-1,-1,-1,-1,-1,-1,9,1,E01023676,0
Unvalidated,2024411409230,2024,411409230,2,9,-1,-1,-1,-1,-1,0,-1,-1,-1,0,3,1,1,2,44,7,-1,-1,-1,-1,7,1,E01021857,0
Unvalidated,2024411409271,2024,411409271,1,9,0,12,5,1,0,7,0,0,0,0,1,1,1,1,29,6,-1,-1,-1,-1,6,3,E01021099,0
Unvalidated,2024411409271,2024,411409271,2,9,0,4,1,5,0,7,0,0,0,0,2,1,6,2,27,6,-1,-1,-1,-1,7,1,E01023347,0
Unvalidated,2024411409271,2024,411409271,3,19,0,18,1,5,0,1,0,0,0,0,4,1,1,1,31,6,-1,-1,-1,-1,-1,1,-1,0
Unvalidated,2024411409338,2024,411409338,1,9,0,18,7,3,0,0,0,0,0,0,1,1,6,1,28,6,-1,-1,-1,-1,1,1,E01003245,0
Unvalidated,2024411409338,2024,411409338,2,9,0,18,3,7,0,0,0,0,0,0,1,1,6,1,39,7,-1,-1,-1,-1,7,1,E01023398,0
Unvalidated,2024411409338,2024,411409338,3,9,0,18,7,3,0,0,0,0,0,0,0,1,6,3,-1,-1,-1,-1,-1,-1,-1,-1,-1,0
Unvalidated,2024411409704,2024,411409704,1,9,0,9,1,7,0,0,0,0,0,0,3,1,1,1,50,8,-1,-1,-1,-1,7,1,E01001537,0
Unvalidated,2024411409704,2024,411409704,2,4,0,18,1,5,0,0,0,0,0,0,1,1,2,1,57,9,-1,-1,-1,-1,9,1,E01023706,0
Unvalidated,2024411409708,2024,411409708,1,9,0,18,1,5,0,0,2,0,7,0,1,1,5,1,25,5,-1,-1,-1,-1,7,3,E01017564,0
Unvalidated,2024411409708,2024,411409708,2,9,0,18,5,1,0,0,0,0,0,0,3,1,2,2,36,7,-1,-1,-1,-1,5,1,E01023631,0
Unvalidated,2024411409708,2024,411409708,3,9,0,2,0,0,0,0,0,0,0,0,4,1,6,3,-1,-1,-1,-1,-1,-1,-1,-1,-1,0
Unvalidated,2024411409730,2024,411409730,1,9,0,13,6,1,0,0,1,0,1,0,1,1,5,1,36,7,-1,-1,-1,-1,9,1,E01023619,0
Unvalidated,2024411409730,2024,411409730,2,9,0,18,1,6,0,0,1,0,7,0,1,1,5,2,20,4,-1,-1,-1,-1,5,1,E01017390,0
Unvalidated,2024411409736,2024,411409736,1,9,0,12,8,4,0,0,1,0,0,0,4,1,2,1,33,6,-1,-1,-1,-1,5,1,E01023755,0
Unvalidated,2024411409736,2024,411409736,2,98,0,11,8,4,0,0,0,0,0,0,1,1,1,1,59,9,-1,-1,-1,-1,7,2,E01016297,0
Unvalidated,2024411409741,2024,411409741,1,9,0,3,5,1,0,0,0,0,0,0,1,1,6,1,60,9,-1,-1,-1,-1,4,1,E01015750,0
Unvalidated,2024411409741,2024,411409741,2,9,0,3,5,1,0,0,0,0,0,0,2,1,6,1,67,10,-1,-1,-1,-1,9,1,E01016788,0
Unvalidated,2024411409741,2024,411409741,3,9,0,3,5,1,0,0,0,0,0,0,2,1,6,1,52,8,-1,-1,-1,-1,5,1,-1,0
Unvalidated,2024411409763,2024,411409763,1,9,0,18,8,4,0,0,0,0,0,0,1,1,6,1,38,7,-1,-1,-1,-1,2,1,E01015741,0
Unvalidated,2024411409763,2024,411409763,2,9,0,18,4,8,0,0,0,0,1,0,1,1,6,2,44,7,-1,-1,-1,-1,7,1,E01023594,0
Unvalidated,2024411409884,2024,411409884,1,9,-1,-1,-1,-1,-1,0,-1,-1,-1,0,-1,1,6,3,-1,-1,-1,-1,-1,-1,-1,-1,-1,0
Unvalidated,2024411409884,2024,411409884,2,9,-1,-1,-1,-1,-1,0,-1,-1,-1,0,2,1,6,1,53,8,-1,-1,-1,-1,9,1,E01023419,0
Unvalidated,2024411410129,2024,411410129,1,9,0,16,3,5,0,3,0,0,0,0,1,1,6,1,64,9,-1,-1,-1,-1,10,1,E01023368,0
Unvalidated,2024411410129,2024,411410129,2,3,0,16,3,5,0,3,0,0,0,0,1,1,6,1,18,4,-1,-1,-1,-1,3,1,E01023437,0
Unvalidated,2024411410154,2024,411410154,1,9,0,9,7,5,0,8,0,0,0,0,4,1,2,2,63,9,-1,-1,-1,-1,9,1,E01023309,0
Unvalidated,2024411410606,2024,411410606,1,9,0,3,2,7,0,1,0,0,0,0,2,1,6,1,53,8,-1,-1,-1,-1,5,1,E01023937,0
Unvalidated,2024411410606,2024,411410606,2,9,0,2,2,7,0,1,0,0,0,0,3,1,6,1,51,8,-1,-1,-1,-1,6,1,E01021597,0
Unvalidated,2024411410606,2024,411410606,3,9,0,5,2,7,0,1,0,0,0,0,1,1,1,1,55,8,-1,-1,-1,-1,10,1,E01023379,0
Unvalidated,2024411411444,2024,411411444,1,9,0,18,2,6,0,4,0,0,0,0,4,1,6,3,-1,-1,-1,-1,-1,-1,-1,-1,-1,0
Unvalidated,2024411411444,2024,411411444,2,1,0,7,2,6,0,3,2,0,0,0,3,1,5,1,36,7,-1,-1,-1,-1,5,1,E01023331,0
Unvalidated,2024411411520,2024,411411520,1,-1,0,18,-1,-1,0,0,0,0,0,0,1,1,6,1,45,7,-1,-1,-1,-1,7,1,E01023892,0
Unvalidated,2024411411520,2024,411411520,2,8,0,4,-1,-1,0,0,0,0,0,0,2,1,5,1,51,8,-1,-1,-1,-1,3,1,E01015765,0
Unvalidated,2024411411521,2024,411411521,1,9,0,18,1,5,0,1,0,0,0,0,1,1,3,1,-1,-1,-1,-1,-1,-1,-1,-1,-1,0
Unvalidated,2024411411521,2024,411411521,2,20,0,4,1,3,0,1,0,0,0,0,2,1,1,1,40,7,-1,-1,-1,-1,3,1,E01015666,0
Unvalidated,2024411411546,2024,411411546,1,9,0,18,7,3,0,0,0,0,0,0,2,1,6,1,23,5,-1,-1,-1,-1,10,1,E01021614,0
Unvalidated,2024411411546,2024,411411546,2,9,-1,-1,-1,-1,-1,0,-1,-1,-1,0,-1,1,6,1,25,5,-1,-1,-1,-1,6,1,E01023922,0
Unvalidated,2024411411562,2024,411411562,1,9,0,9,5,1,0,1,0,0,4,0,3,1,6,1,35,6,-1,-1,-1,-1,7,3,E01018247,0
Unvalidated,2024411411562,2024,411411562,2,9,0,9,1,3,0,1,0,0,0,0,3,1,6,1,39,7,-1,-1,-1,-1,5,1,E01023924,0
Unvalidated,2024411411643,2024,411411643,1,9,0,7,5,8,0,2,0,0,0,0,1,1,6,2,32,6,-1,-1,-1,-1,5,1,E01023864,0
Unvalidated,2024411411643,2024,411411643,2,9,0,18,8,4,0,1,0,0,0,0,1,1,6,1,32,6,-1,-1,-1,-1,4,1,E01023899,0
Unvalidated,2024411411664,2024,411411664,1,97,0,5,3,1,0,4,0,0,0,0,-1,1,6,1,-1,-1,-1,-1,-1,-1,5,1,E01023936,0
Unvalidated,2024411411664,2024,411411664,2,9,-1,18,-1,-1,0,8,0,0,0,0,-1,1,6,2,27,6,-1,-1,-1,-1,8,1,E01023938,0
Unvalidated,2024411411826,2024,411411826,1,19,0,18,1,5,0,0,0,0,0,0,1,1,1,1,49,8,-1,-1,-1,-1,5,1,E01023411,0
Unvalidated,2024411411875,2024,411411875,1,9,0,9,1,7,0,6,0,0,0,0,1,1,2,1,47,8,-1,-1,-1,-1,6,1,E01023868,0
Unvalidated,2024411411875,2024,411411875,2,9,0,9,1,7,0,6,0,0,0,0,1,1,6,3,46,8,-1,-1,-1,-1,10,1,E01023550,0
Unvalidated,2024411411899,2024,411411899,1,9,0,18,3,7,0,1,0,0,0,0,3,1,6,1,66,10,-1,-1,-1,-1,10,3,E01023908,0
Unvalidated,2024411411899,2024,411411899,2,9,0,18,7,3,0,1,0,0,0,0,3,1,6,1,46,8,-1,-1,-1,-1,6,1,E01015766,0
Unvalidated,2024411411899,2024,411411899,3,9,0,18,7,3,0,1,0,0,0,0,1,1,6,2,49,8,-1,-1,-1,-1,5,1,E01023342,0
Unvalidated,2024411411907,2024,411411907,1,19,-1,7,3,5,0,4,0,0,0,0,1,1,6,1,28,6,-1,-1,-1,-1,1,1,E01002099,0
Unvalidated,2024411411907,2024,411411907,2,9,-1,5,3,5,0,4,0,0,0,0,2,1,2,1,34,6,-1,-1,-1,-1,10,1,E01002158,0
Unvalidated,2024411411912,2024,411411912,1,9,-1,-1,-1,-1,-1,0,-1,-1,-1,0,-1,1,6,1,58,9,-1,-1,-1,-1,9,1,E01023612,0
Unvalidated,2024411411912,2024,411411912,2,9,-1,-1,-1,-1,-1,0,-1,-1,-1,0,-1,1,3,2,34,6,-1,-1,-1,-1,5,1,E01023635,0
Unvalidated,2024411411955,2024,411411955,1,9,0,18,2,6,0,0,0,0,0,0,1,1,2,1,47,8,-1,-1,-1,-1,3,1,E01023487,0
Unvalidated,2024411411955,2024,411411955,2,21,1,5,2,6,0,0,0,0,0,0,2,1,2,1,51,8,-1,-1,-1,-1,9,1,E01033310,0
Unvalidated,2024411411976,2024,411411976,1,3,0,13,5,7,0,1,0,0,0,0,1,1,6,1,25,5,-1,-1,-1,-1,6,1,E01023751,0
Unvalidated,2024411411976,2024,411411976,2,9,0,9,5,7,0,5,0,0,0,0,3,1,6,2,65,9,-1,-1,-1,-1,5,1,E01023611,0
Unvalidated,2024411411989,2024,411411989,1,9,0,18,4,8,0,0,0,0,0,0,1,1,2,2,31,6,-1,-1,-1,-1,10,1,E01023735,0
Unvalidated,2024411411989,2024,411411989,2,90,0,18,4,8,0,0,0,0,0,0,2,1,6,3,-1,-1,-1,-1,-1,-1,-1,-1,-1,0
Unvalidated,2024411411989,2024,411411989,3,90,0,18,4,8,0,0,0,0,0,0,1,1,6,3,-1,-1,-1,-1,-1,-1,-1,-1,-1,0
Unvalidated,2024411412259,2024,411412259,1,9,0,9,8,2,0,1,0,0,0,0,1,1,6,1,84,11,-1,-1,-1,-1,9,1,E01023500,0
Unvalidated,2024411412259,2024,411412259,2,1,0,9,2,8,0,1,0,0,0,0,1,1,6,1,21,5,-1,-1,-1,-1,9,1,E01023438,0
Unvalidated,2024411412278,2024,411412278,1,9,0,18,8,4,0,0,0,0,0,0,2,1,6,2,31,6,-1,-1,-1,-1,7,1,E01002474,0
Unvalidated,2024411412278,2024,411412278,2,9,-1,-1,-1,-1,-1,0,-1,-1,-1,0,-1,1,6,3,-1,-1,-1,-1,-1,-1,-1,-1,-1,0
Unvalidated,2024411412287,2024,411412287,1,10,0,9,7,6,0,3,0,0,0,0,0,1,1,2,-1,-1,-1,-1,-1,-1,10,1,E01023482,0
Unvalidated,2024411412296,2024,411412296,1,9,0,18,1,5,0,8,0,10,0,0,4,1,5,1,17,4,-1,-1,-1,-1,10,1,E01023482,0
Unvalidated,2024411412296,2024,411412296,2,9,0,18,3,7,0,4,0,0,0,0,1,1,6,2,49,8,-1,-1,-1,-1,10,1,E01023483,0
Unvalidated,2024411412308,2024,411412308,1,9,-1,-1,-1,-1,-1,-1,-1,-1,-1,0,-1,1,6,3,-1,-1,-1,-1,-1,-1,-1,-1,-1,0
Unvalidated,2024411412308,2024,411412308,2,9,-1,-1,-1,-1,-1,-1,-1,-1,-1,0,-1,1,6,1,54,8,-1,-1,-1,-1,10,1,E01023889,0
Unvalidated,2024411412328,2024,411412328,1,9,0,18,5,1,0,0,1,11,1,9,1,1,5,1,27,6,-1,-1,-1,-1,-1,-1,-1,0
Unvalidated,2024411412330,2024,411412330,1,9,0,18,5,1,0,0,0,0,0,0,1,1,5,2,58,9,-1,-1,-1,-1,7,1,E01023472,0
Unvalidated,2024411412340,2024,411412340,1,1,0,18,4,8,9,1,0,0,0,0,1,1,5,1,14,3,-1,-1,-1,-1,4,1,E01023488,0
Unvalidated,2024411412340,2024,411412340,2,9,0,18,1,5,9,6,0,0,0,0,4,1,1,1,36,7,-1,-1,-1,-1,9,1,E01023477,0
Unvalidated,2024411412364,2024,411412364,1,3,0,11,1,4,0,0,0,0,0,0,3,1,6,1,18,4,-1,-1,-1,-1,9,2,E01023507,0
Unvalidated,2024411412364,2024,411412364,2,9,0,18,1,5,0,0,0,0,0,0,1,1,6,1,65,9,-1,-1,-1,-1,8,2,E01023480,0
Unvalidated,2024411412364,2024,411412364,3,9,0,18,1,5,0,0,0,0,0,0,2,1,6,1,73,10,-1,-1,-1,-1,9,1,E01023477,0
Unvalidated,2024411412374,2024,411412374,1,8,0,18,1,5,0,0,0,0,0,0,3,1,1,1,46,8,-1,-1,-1,-1,5,1,E01015700,0
Unvalidated,2024411412374,2024,411412374,2,9,0,18,6,2,0,0,0,0,0,0,1,1,5,2,23,5,-1,-1,-1,-1,7,1,E01015764,0
Unvalidated,2024411412376,2024,411412376,1,9,0,7,3,7,6,0,0,11,0,0,4,1,6,1,67,10,-1,-1,-1,-1,7,3,E01023598,0
Unvalidated,2024411412378,2024,411412378,1,9,-1,7,3,7,0,3,0,0,0,0,1,1,6,3,-1,-1,-1,-1,-1,-1,-1,-1,-1,0
Unvalidated,2024411412454,2024,411412454,1,9,-1,-1,-1,-1,-1,0,-1,-1,-1,0,-1,1,6,3,-1,-1,-1,-1,-1,-1,-1,-1,-1,0
Unvalidated,2024411412483,2024,411412483,1,9,0,18,5,1,0,1,0,0,0,0,1,1,6,1,68,10,-1,-1,-1,-1,5,2,E01031242,0
Unvalidated,2024411412483,2024,411412483,2,9,0,18,5,1,0,1,0,0,0,0,2,1,6,2,51,8,-1,-1,-1,-1,7,1,E01023556,0
Unvalidated,2024411412483,2024,411412483,3,9,0,18,5,1,0,1,0,0,0,0,2,1,6,1,39,7,-1,-1,-1,-1,10,1,E01023559,0
Unvalidated,2024411412491,2024,411412491,1,9,0,18,7,3,0,0,0,0,0,0,1,1,1,2,22,5,-1,-1,-1,-1,6,1,E01023940,0
Unvalidated,2024411412491,2024,411412491,2,9,0,7,7,1,0,0,0,0,0,0,2,1,2,1,54,8,-1,-1,-1,-1,3,1,E01001488,0
Unvalidated,2024411412541,2024,411412541,1,9,0,18,7,3,0,2,0,0,0,0,2,1,6,2,56,9,-1,-1,-1,-1,8,1,E01023571,0
Unvalidated,2024411412541,2024,411412541,2,9,0,18,7,3,0,2,0,0,0,0,1,1,6,1,18,4,-1,-1,-1,-1,3,1,E01023343,0
Unvalidated,2024411412541,2024,411412541,3,19,0,3,7,3,0,2,0,0,0,0,2,1,6,3,-1,-1,-1,-1,-1,-1,-1,-1,-1,0
Unvalidated,2024411412738,2024,411412738,1,9,0,18,7,3,0,0,0,0,0,0,1,1,6,1,75,10,-1,-1,-1,-1,6,3,E01023431,0
Unvalidated,2024411412744,2024,411412744,1,9,0,18,2,5,0,0,0,11,0,0,1,1,3,1,35,6,-1,-1,-1,-1,6,1,E01023399,0
Unvalidated,2024411412744,2024,411412744,2,9,0,18,5,2,0,0,0,0,1,0,1,1,3,2,46,8,-1,-1,-1,-1,9,1,E01023407,0
Unvalidated,2024411412774,2024,411412774,1,3,0,14,5,1,0,1,0,0,0,0,1,1,6,1,25,5,-1,-1,-1,-1,10,1,E01023898,0
Unvalidated,2024411412774,2024,411412774,2,9,0,9,3,1,0,6,0,0,0,0,3,1,6,1,25,5,-1,-1,-1,-1,10,1,E01020401,0
Unvalidated,2024411412782,2024,411412782,1,9,0,18,4,8,0,8,0,0,0,0,1,1,6,1,32,6,-1,-1,-1,-1,2,1,E01015737,0
Unvalidated,2024411412782,2024,411412782,2,9,0,9,6,2,0,6,0,0,0,0,3,1,6,1,34,6,-1,-1,-1,-1,5,1,E01033141,0
Unvalidated,2024411413138,2024,411413138,1,9,0,13,-1,-1,0,0,0,99,0,0,1,1,6,3,-1,-1,-1,-1,-1,-1,-1,-1,-1,0