status,collision_index,collision_year,collision_reference,vehicle_reference,vehicle_type,towing_and_articulation,vehicle_manoeuvre,vehicle_direction_from,vehicle_direction_to,vehicle_location_restricted_lane,junction_location,skidding_and_overturning,hit_object_in_carriageway,vehicle_leaving_carriageway,hit_object_off_carriageway,first_point_of_impact,vehicle_left_hand_drive,journey_purpose_of_driver,sex_of_driver,age_of_driver,age_band_of_driver,engine_capacity_cc,propulsion_code,age_of_vehicle,generic_make_model,driver_imd_decile,driver_home_area_type,lsoa_of_driver,escooter_flag
Unvalidated,2024411413138,2024,411413138,2,9,0,18,-1,-1,0,0,0,99,0,0,2,1,5,2,26,6,-1,-1,-1,-1,9,1,E01023448,0
Unvalidated,2024411414069,2024,411414069,1,9,-1,-1,-1,-1,-1,0,-1,-1,-1,0,-1,1,6,2,-1,-1,-1,-1,-1,-1,-1,-1,-1,0
Unvalidated,2024411414074,2024,411414074,1,11,0,5,7,3,0,0,0,0,0,0,4,1,1,1,46,8,-1,-1,-1,-1,2,1,E01000603,0
Unvalidated,2024411414093,2024,411414093,1,9,0,18,1,5,0,1,0,0,0,0,3,1,6,2,51,8,-1,-1,-1,-1,10,1,E01023966,0
Unvalidated,2024411414122,2024,411414122,1,9,0,4,2,6,0,2,0,0,0,0,2,1,6,1,78,11,-1,-1,-1,-1,6,1,E01033458,0
Unvalidated,2024411414122,2024,411414122,2,9,0,18,2,6,0,2,0,0,0,0,1,1,5,1,90,11,-1,-1,-1,-1,4,1,E01023488,0
Unvalidated,2024411414133,2024,411414133,1,9,0,18,1,5,0,0,0,0,0,0,1,1,6,3,-1,-1,-1,-1,-1,-1,-1,-1,-1,0
Unvalidated,2024411414133,2024,411414133,2,9,0,4,1,5,0,0,0,0,0,0,2,1,5,1,51,8,-1,-1,-1,-1,8,1,E01002478,0
Unvalidated,2024411414160,2024,411414160,1,9,0,3,5,1,0,0,0,0,0,0,1,1,6,1,32,6,-1,-1,-1,-1,-1,-1,-1,0
Unvalidated,2024411414160,2024,411414160,2,9,0,18,5,1,0,0,0,0,1,4,4,1,1,1,28,6,-1,-1,-1,-1,8,1,E01033026,0
Unvalidated,2024411414425,2024,411414425,1,9,-1,1,-1,-1,-1,9,0,-1,9,0,4,1,6,2,60,9,-1,-1,-1,-1,-1,-1,-1,0
Unvalidated,2024411414457,2024,411414457,1,9,-1,-1,-1,-1,-1,0,-1,-1,-1,0,-1,1,6,1,57,9,-1,-1,-1,-1,4,1,E01023785,0
Unvalidated,2024411414462,2024,411414462,1,9,0,1,-1,-1,0,-1,0,0,0,0,2,1,6,2,-1,-1,-1,-1,-1,-1,9,1,E01023713,0
Unvalidated,2024411414462,2024,411414462,2,3,0,3,-1,-1,0,-1,0,0,0,0,1,1,2,1,28,6,-1,-1,-1,-1,10,1,E01023664,0
Unvalidated,2024411414497,2024,411414497,1,9,-1,18,3,7,0,0,0,0,0,0,1,1,6,1,27,6,-1,-1,-1,-1,1,1,E01013722,0
Unvalidated,2024411414497,2024,411414497,2,9,0,18,3,7,0,0,0,0,0,0,2,1,6,1,44,7,-1,-1,-1,-1,7,1,E01000292,0
Unvalidated,2024411414506,2024,411414506,1,1,0,18,8,4,0,3,0,0,0,0,0,1,6,1,62,9,-1,-1,-1,-1,10,1,E01023558,0
Unvalidated,2024411414506,2024,411414506,2,9,0,18,2,6,0,4,0,0,0,0,1,1,3,1,34,6,-1,-1,-1,-1,3,1,E01023865,0
Unvalidated,2024411414513,2024,411414513,1,9,0,18,1,5,0,1,0,10,3,0,1,1,5,1,27,6,-1,-1,-1,-1,6,1,E01023970,0
Unvalidated,2024411414513,2024,411414513,2,9,0,10,3,1,0,6,0,0,4,0,3,1,2,1,29,6,-1,-1,-1,-1,7,1,E01023605,0
Unvalidated,2024411414563,2024,411414563,1,9,-1,-1,-1,-1,-1,-1,-1,-1,-1,0,-1,1,6,3,-1,-1,-1,-1,-1,-1,-1,-1,-1,0
Unvalidated,2024411414563,2024,411414563,2,9,-1,-1,-1,-1,-1,-1,-1,-1,-1,0,-1,1,6,2,36,7,-1,-1,-1,-1,7,1,E01023777,0
Unvalidated,2024411414577,2024,411414577,1,1,0,18,1,5,0,0,0,0,0,0,0,1,6,1,51,8,-1,-1,-1,-1,9,1,E01023713,0
Unvalidated,2024411414577,2024,411414577,2,9,0,15,1,5,0,0,1,0,0,0,4,1,6,2,29,6,-1,-1,-1,-1,2,1,E01015794,0
Unvalidated,2024411414579,2024,411414579,1,9,0,18,8,4,0,0,0,0,0,0,1,1,2,2,54,8,-1,-1,-1,-1,4,1,E01023955,0
Unvalidated,2024411414656,2024,411414656,1,5,0,18,3,7,0,0,0,0,0,0,3,1,6,1,50,8,-1,-1,-1,-1,7,1,E01023963,0
Unvalidated,2024411414906,2024,411414906,1,9,0,18,1,5,0,2,0,0,0,0,1,1,2,1,43,7,-1,-1,-1,-1,7,1,E01023329,0
Unvalidated,2024411415045,2024,411415045,1,9,0,18,1,5,0,0,0,0,0,0,1,1,6,2,23,5,-1,-1,-1,-1,6,1,E01023754,0
Unvalidated,2024411415045,2024,411415045,2,1,0,18,7,3,0,0,5,0,0,0,1,1,6,1,44,7,-1,-1,-1,-1,3,1,E01023793,0
Unvalidated,2024411415306,2024,411415306,1,1,-1,5,8,4,0,2,0,0,0,0,2,1,5,1,46,8,-1,-1,-1,-1,10,1,E01023568,0
Unvalidated,2024411415306,2024,411415306,2,-1,-1,5,8,4,0,2,0,0,0,0,1,1,6,3,-1,-1,-1,-1,-1,-1,-1,-1,-1,0
Unvalidated,2024411415311,2024,411415311,1,9,-1,14,1,5,0,1,0,0,0,0,0,1,6,3,-1,-1,-1,-1,-1,-1,-1,-1,-1,0
Unvalidated,2024411415311,2024,411415311,2,5,0,18,5,1,0,2,2,0,0,0,4,1,2,1,53,8,-1,-1,-1,-1,6,1,E01023927,0
Unvalidated,2024411415339,2024,411415339,1,11,0,2,0,0,0,1,0,0,0,0,2,1,1,1,61,9,-1,-1,-1,-1,4,1,E01017599,0
Unvalidated,2024411415339,2024,411415339,2,9,0,18,2,8,0,1,0,0,0,0,1,1,6,1,53,8,-1,-1,-1,-1,10,1,E01023603,0
Unvalidated,2024411415395,2024,411415395,1,9,0,18,5,1,0,0,0,0,0,0,4,1,6,1,90,11,-1,-1,-1,-1,-1,-1,-1,0
Unvalidated,2024411415395,2024,411415395,2,1,0,18,5,1,0,0,0,0,1,0,1,1,5,1,50,8,-1,-1,-1,-1,-1,-1,-1,0
Unvalidated,2024411415458,2024,411415458,1,9,0,18,4,8,0,1,0,0,0,0,1,1,5,2,37,7,-1,-1,-1,-1,2,1,E01015794,0
Unvalidated,2024411415458,2024,411415458,2,9,0,9,5,3,0,6,0,0,0,0,3,1,6,1,61,9,-1,-1,-1,-1,10,1,E01023693,0
Unvalidated,2024411415725,2024,411415725,1,9,0,18,8,4,0,0,0,0,0,0,1,1,2,2,65,9,-1,-1,-1,-1,5,1,E01023791,0
Unvalidated,2024411415725,2024,411415725,2,9,0,18,8,4,0,0,0,0,0,0,2,1,2,1,50,8,-1,-1,-1,-1,8,3,E01023627,0
Unvalidated,2024411415823,2024,411415823,1,9,0,18,4,8,0,0,0,0,0,0,4,1,1,1,30,6,-1,-1,-1,-1,7,3,E01023598,0
Unvalidated,2024411415858,2024,411415858,1,9,0,-1,1,6,0,0,-1,-1,-1,0,-1,1,6,3,-1,-1,-1,-1,-1,-1,-1,-1,-1,0
Unvalidated,2024411416673,2024,411416673,1,9,-1,-1,-1,-1,-1,0,-1,-1,-1,0,-1,1,6,2,59,9,-1,-1,-1,-1,7,3,E01023508,0
Unvalidated,2024411416673,2024,411416673,2,9,-1,-1,-1,-1,-1,0,-1,-1,-1,0,-1,1,5,1,61,9,-1,-1,-1,-1,5,1,E01023769,0
Unvalidated,2024411416765,2024,411416765,1,97,-1,-1,-1,-1,-1,0,-1,-1,-1,0,1,1,6,3,-1,-1,-1,-1,-1,-1,-1,-1,-1,0
Unvalidated,2024411416765,2024,411416765,2,9,-1,-1,-1,-1,-1,0,-1,-1,-1,0,3,1,5,2,47,8,-1,-1,-1,-1,7,1,E01023540,0
Unvalidated,2024411416785,2024,411416785,1,9,0,18,3,7,0,0,0,0,0,0,1,1,6,3,-1,-1,-1,-1,-1,-1,-1,-1,-1,0
Unvalidated,2024411416848,2024,411416848,1,9,0,7,3,5,0,6,0,0,0,0,-1,1,6,2,65,9,-1,-1,-1,-1,3,1,E01023300,0
Unvalidated,2024411416848,2024,411416848,2,3,0,18,1,5,0,8,0,0,0,0,3,1,1,2,20,4,-1,-1,-1,-1,6,1,E01001408,0
Unvalidated,2024411416885,2024,411416885,1,9,-1,-1,-1,-1,-1,0,-1,-1,-1,0,-1,1,6,1,-1,-1,-1,-1,-1,-1,-1,-1,-1,0
Unvalidated,2024411417067,2024,411417067,1,9,0,9,6,4,0,3,0,0,0,0,1,1,6,2,55,8,-1,-1,-1,-1,10,3,E01023908,0
Unvalidated,2024411417076,2024,411417076,1,9,0,18,-1,-1,0,4,0,0,0,0,1,1,6,1,34,6,-1,-1,-1,-1,1,1,E01001430,0
Unvalidated,2024411417076,2024,411417076,2,1,0,18,-1,-1,0,8,2,0,0,0,4,1,6,1,15,3,-1,-1,-1,-1,7,1,E01023344,0
Unvalidated,2024411417113,2024,411417113,1,-1,-1,-1,-1,-1,-1,0,-1,-1,-1,0,-1,1,6,3,-1,-1,-1,-1,-1,-1,-1,-1,-1,0
Unvalidated,2024411417113,2024,411417113,2,9,-1,-1,-1,-1,-1,0,-1,-1,-1,0,-1,1,6,1,44,7,-1,-1,-1,-1,8,1,E01023879,0
Unvalidated,2024411417166,2024,411417166,1,9,0,4,5,1,0,0,0,0,0,0,1,1,6,2,36,7,-1,-1,-1,-1,9,3,E01017422,0
Unvalidated,2024411417166,2024,411417166,2,9,0,4,5,1,0,0,0,0,0,0,1,1,6,2,23,5,-1,-1,-1,-1,10,2,E01023524,0
Unvalidated,2024411417166,2024,411417166,3,9,0,4,5,1,0,0,0,0,0,0,2,1,6,1,34,6,-1,-1,-1,-1,4,1,E01000171,0
Unvalidated,2024411417197,2024,411417197,1,9,0,18,2,6,0,0,0,0,4,0,1,1,6,1,43,7,-1,-1,-1,-1,9,1,E01001422,0
Unvalidated,2024411417222,2024,411417222,1,19,0,18,2,6,0,0,0,0,0,0,1,1,6,1,36,7,-1,-1,-1,-1,7,1,E01023798,0
Unvalidated,2024411417222,2024,411417222,2,9,0,18,2,6,0,0,0,0,0,0,2,1,6,2,40,7,-1,-1,-1,-1,9,1,E01002471,0
Unvalidated,2024411418109,2024,411418109,1,9,0,18,7,3,0,1,0,0,7,4,3,1,6,2,63,9,-1,-1,-1,-1,10,1,E01023700,0
Unvalidated,2024411418109,2024,411418109,2,9,0,18,5,1,0,1,0,0,0,0,1,1,6,1,37,7,-1,-1,-1,-1,2,1,E01015735,0
Unvalidated,2024411418366,2024,411418366,1,9,-1,9,4,6,0,6,0,0,0,0,1,1,3,1,56,9,-1,-1,-1,-1,7,1,E01023391,0
Unvalidated,2024411418415,2024,411418415,1,9,0,18,8,4,0,0,0,0,7,10,4,1,2,2,56,9,-1,-1,-1,-1,8,3,E01023485,0
Unvalidated,2024411418415,2024,411418415,2,9,0,18,4,8,0,0,1,0,1,10,1,1,6,1,23,5,-1,-1,-1,-1,5,1,E01023331,0
Unvalidated,2024411418464,2024,411418464,1,9,0,18,2,6,0,1,1,0,0,0,1,1,6,2,-1,-1,-1,-1,-1,-1,2,1,E01021846,0
Unvalidated,2024411418464,2024,411418464,2,9,0,18,6,2,0,2,0,0,0,0,3,1,5,1,25,5,-1,-1,-1,-1,4,1,E01023957,0
Unvalidated,2024411418485,2024,411418485,1,9,0,18,7,3,0,2,1,0,7,9,1,1,6,1,38,7,-1,-1,-1,-1,6,1,E01023927,0
Unvalidated,2024411419155,2024,411419155,1,9,0,11,7,3,0,0,0,0,0,0,0,1,6,1,29,6,-1,-1,-1,-1,2,1,E01023404,0
Unvalidated,2024411419155,2024,411419155,2,5,0,18,7,3,0,0,0,0,0,0,0,1,2,1,23,5,-1,-1,-1,-1,7,1,E01023435,0
Unvalidated,2024411419240,2024,411419240,1,9,-1,-1,-1,-1,-1,0,-1,-1,-1,0,-1,1,6,3,-1,-1,-1,-1,-1,-1,-1,-1,-1,0
Unvalidated,2024411419240,2024,411419240,2,9,-1,-1,-1,-1,-1,0,-1,-1,-1,0,-1,1,6,1,43,7,-1,-1,-1,-1,7,1,E01023398,0
Unvalidated,2024411419293,2024,411419293,1,98,0,5,-1,-1,0,6,0,0,0,0,3,1,6,2,45,7,-1,-1,-1,-1,7,2,E01017548,0
Unvalidated,2024411419293,2024,411419293,2,9,0,18,-1,-1,0,8,0,0,0,0,1,1,5,2,34,6,-1,-1,-1,-1,3,1,E01023954,0
Unvalidated,2024411419418,2024,411419418,1,8,0,9,6,4,0,1,0,0,0,0,1,1,1,1,42,7,-1,-1,-1,-1,2,1,E01000526,0
Unvalidated,2024411419418,2024,411419418,2,5,0,18,2,6,0,1,0,0,0,0,3,1,6,1,56,9,-1,-1,-1,-1,5,1,E01002533,0
Unvalidated,2024411419683,2024,411419683,1,9,-1,-1,-1,-1,-1,-1,-1,-1,-1,0,-1,1,6,3,-1,-1,-1,-1,-1,-1,-1,-1,-1,0
Unvalidated,2024411419712,2024,411419712,1,9,0,18,1,5,0,0,1,0,7,6,1,1,2,2,29,6,-1,-1,-1,-1,2,1,E01015737,0
Unvalidated,2024411419729,2024,411419729,1,98,0,9,-1,-1,0,6,0,0,0,0,-1,1,6,1,38,7,-1,-1,-1,-1,3,1,E01023865,0
Unvalidated,2024411419729,2024,411419729,2,9,-1,5,-1,-1,0,1,0,0,0,0,1,1,5,1,52,8,-1,-1,-1,-1,4,1,E01023899,0
Unvalidated,2024411419766,2024,411419766,1,9,0,18,2,5,0,1,0,0,0,0,4,1,6,2,81,11,-1,-1,-1,-1,10,1,E01023878,0
Unvalidated,2024411419796,2024,411419796,1,97,0,18,5,1,0,0,0,0,0,0,1,1,6,1,35,6,-1,-1,-1,-1,8,1,E01000210,0
Unvalidated,2024411419796,2024,411419796,2,9,0,3,5,1,0,0,0,0,0,0,2,1,6,1,24,5,-1,-1,-1,-1,3,1,E01023573,0
Unvalidated,2024411419830,2024,411419830,1,9,0,18,2,6,0,6,1,0,0,0,3,1,6,2,35,6,-1,-1,-1,-1,10,1,E01023817,0
Unvalidated,2024411419830,2024,411419830,2,9,0,18,3,7,0,1,1,0,3,0,1,1,6,1,31,6,-1,-1,-1,-1,10,1,E01017631,0
Unvalidated,2024411419847,2024,411419847,1,9,0,1,5,5,0,1,0,0,0,0,2,1,6,1,59,9,-1,-1,-1,-1,8,1,E01001452,0
Unvalidated,2024411419847,2024,411419847,2,19,0,-1,-1,-1,-1,-1,-1,-1,-1,0,-1,1,1,1,35,6,-1,-1,-1,-1,6,1,E01018190,0
Unvalidated,2024411419855,2024,411419855,1,19,0,1,1,5,0,8,0,0,0,0,0,1,6,1,46,8,-1,-1,-1,-1,2,1,E01027246,0
Unvalidated,2024411419855,2024,411419855,2,1,0,3,3,7,4,8,0,0,0,0,1,1,1,1,54,8,-1,-1,-1,-1,10,1,E01023721,0
Unvalidated,2024411420070,2024,411420070,1,9,0,5,1,3,0,0,0,0,0,0,0,1,6,2,51,8,-1,-1,-1,-1,6,1,E01023399,0
Unvalidated,2024411420070,2024,411420070,2,2,0,18,7,3,0,0,0,0,0,0,0,1,6,1,26,6,-1,-1,-1,-1,6,1,E01002128,0
Unvalidated,2024411420120,2024,411420120,1,19,4,18,1,5,0,8,0,0,0,0,1,1,1,1,43,7,-1,-1,-1,-1,9,2,E01023509,0
Unvalidated,2024411420120,2024,411420120,2,9,0,4,1,5,0,2,0,0,0,0,2,1,6,2,37,7,-1,-1,-1,-1,7,3,E01023508,0
Unvalidated,2024411420158,2024,411420158,1,1,0,18,7,3,9,0,0,0,0,0,1,1,5,1,16,4,-1,-1,-1,-1,-1,-1,-1,0
Unvalidated,2024411420186,2024,411420186,1,9,0,18,1,5,0,4,0,0,0,0,1,1,5,1,35,6,-1,-1,-1,-1,5,1,E01023905,0
Unvalidated,2024411420186,2024,411420186,2,19,0,9,1,7,0,3,0,0,0,0,4,1,1,1,42,7,-1,-1,-1,-1,7,1,E01018064,0
Unvalidated,2024411420543,2024,411420543,1,9,0,10,7,3,0,0,0,0,0,0,2,1,1,2,19,4,-1,-1,-1,-1,9,1,E01015797,0
Unvalidated,2024411420543,2024,411420543,2,9,0,18,7,3,0,0,0,0,0,0,1,1,6,3,-1,-1,-1,-1,-1,-1,-1,-1,-1,0
Unvalidated,2024411420643,2024,411420643,1,9,0,18,5,2,0,0,0,0,0,0,1,1,1,1,29,6,-1,-1,-1,-1,2,1,E01015754,0
Unvalidated,2024411420643,2024,411420643,2,9,0,18,2,5,0,0,0,0,0,0,1,1,6,1,34,6,-1,-1,-1,-1,6,3,E01023624,0
Unvalidated,2024411420653,2024,411420653,1,19,0,18,3,7,0,0,0,0,0,0,1,1,6,1,32,6,-1,-1,-1,-1,-1,-1,-1,0
Unvalidated,2024411420653,2024,411420653,2,9,0,18,3,7,0,0,0,0,0,0,2,1,6,1,67,10,-1,-1,-1,-1,6,1,E01021562,0
Unvalidated,2024411420664,2024,411420664,1,9,-1,-1,-1,-1,-1,-1,-1,-1,-1,0,-1,1,6,2,61,9,-1,-1,-1,-1,9,3,E01022060,0
Unvalidated,2024411420959,2024,411420959,1,9,0,5,2,6,0,0,0,0,0,0,1,1,5,1,93,11,-1,-1,-1,-1,7,1,E01023776,0
Unvalidated,2024411420959,2024,411420959,2,9,0,2,0,0,0,0,0,0,0,0,1,1,6,1,50,8,-1,-1,-1,-1,2,1,E01025581,0
Unvalidated,2024411421005,2024,411421005,1,9,0,18,3,8,0,0,0,0,0,0,3,1,6,1,68,10,-1,-1,-1,-1,10,1,E01023453,0
Unvalidated,2024411421005,2024,411421005,2,5,0,18,8,3,0,0,0,0,0,0,1,1,6,2,55,8,-1,-1,-1,-1,5,1,E01017440,0
Unvalidated,2024411421009,2024,411421009,1,19,0,16,6,2,0,0,0,0,0,0,4,1,6,1,-1,-1,-1,-1,-1,-1,-1,-1,-1,0
Unvalidated,2024411421009,2024,411421009,2,1,0,17,6,2,0,0,0,0,0,0,4,1,6,1,63,9,-1,-1,-1,-1,9,3,E01023493,0
Unvalidated,2024411421102,2024,411421102,1,9,0,18,2,6,0,1,0,0,0,0,1,1,2,1,34,6,-1,-1,-1,-1,7,1,E01023798,0
Unvalidated,2024411421102,2024,411421102,2,9,0,18,7,3,0,2,0,0,0,0,1,1,2,1,32,6,-1,-1,-1,-1,5,1,E01015748,0
Unvalidated,2024411421871,2024,411421871,1,20,0,18,6,2,9,8,0,0,0,0,1,1,6,1,25,5,-1,-1,-1,-1,7,1,E01023913,0
Unvalidated,2024411421872,2024,411421872,1,9,-1,-1,-1,-1,-1,0,-1,-1,-1,0,1,1,5,1,80,11,-1,-1,-1,-1,9,2,E01023525,0
Unvalidated,2024411421872,2024,411421872,2,9,-1,-1,-1,-1,-1,0,0,-1,-1,0,2,1,1,2,35,6,-1,-1,-1,-1,5,1,E01023535,0
Unvalidated,2024411422024,2024,411422024,1,9,-1,-1,-1,-1,-1,-1,-1,-1,-1,0,-1,1,6,1,38,7,-1,-1,-1,-1,4,1,E01023669,0
Unvalidated,2024411422024,2024,411422024,2,9,-1,-1,-1,-1,-1,-1,-1,-1,-1,0,-1,1,5,1,51,8,-1,-1,-1,-1,10,1,E01023668,0
Unvalidated,2024411422338,2024,411422338,1,9,-1,-1,-1,-1,-1,-1,0,0,0,0,-1,1,6,1,32,6,-1,-1,-1,-1,5,1,E01023529,0
Unvalidated,2024411422338,2024,411422338,2,1,-1,-1,-1,-1,-1,-1,0,0,0,0,-1,1,6,1,65,9,-1,-1,-1,-1,5,1,E01023529,0
Unvalidated,2024411422358,2024,411422358,1,9,0,18,2,3,0,0,0,0,0,0,2,1,6,1,38,7,-1,-1,-1,-1,9,3,E01026908,0
Unvalidated,2024411422358,2024,411422358,2,9,0,18,2,8,0,0,1,0,0,0,1,1,6,1,46,8,-1,-1,-1,-1,10,1,E01023502,0
Unvalidated,2024411422459,2024,411422459,1,9,0,9,5,3,0,3,0,0,0,0,1,1,6,2,41,7,-1,-1,-1,-1,3,1,E01000176,0
Unvalidated,2024411422629,2024,411422629,1,9,-1,-1,2,6,-1,-1,-1,-1,-1,0,-1,1,6,1,26,6,-1,-1,-1,-1,10,1,E01023673,0
Unvalidated,2024411422629,2024,411422629,2,98,-1,-1,0,0,-1,-1,-1,-1,-1,0,-1,1,1,1,32,6,-1,-1,-1,-1,-1,-1,-1,0
Unvalidated,2024411422702,2024,411422702,1,9,0,12,1,5,99,2,0,0,9,0,3,1,6,2,44,7,-1,-1,-1,-1,4,1,E01023957,0
Unvalidated,2024411422702,2024,411422702,2,3,0,18,1,5,99,2,0,0,9,0,9,1,1,1,20,4,-1,-1,-1,-1,5,1,E01023864,0
Unvalidated,2024411422718,2024,411422718,1,9,0,9,5,7,0,5,0,0,0,0,3,1,5,1,30,6,-1,-1,-1,-1,8,1,E01033026,0
Unvalidated,2024411422718,2024,411422718,2,9,0,18,7,3,0,1,0,0,0,0,1,1,5,1,90,11,-1,-1,-1,-1,10,1,E01023655,0
Unvalidated,2024411423054,2024,411423054,1,9,-1,-1,-1,-1,-1,0,-1,-1,-1,0,-1,1,6,3,-1,-1,-1,-1,-1,-1,-1,-1,-1,0
Unvalidated,2024411423066,2024,411423066,1,9,0,3,1,5,0,1,0,0,0,0,1,1,6,1,51,8,-1,-1,-1,-1,7,2,E01023544,0
Unvalidated,2024411423066,2024,411423066,2,9,0,3,1,5,0,1,0,0,0,0,2,1,5,2,44,7,-1,-1,-1,-1,7,1,E01000258,0
Unvalidated,2024411423069,2024,411423069,1,9,0,1,5,1,6,0,0,0,0,0,2,1,6,1,42,7,-1,-1,-1,-1,9,1,E01023291,0
Unvalidated,2024411423080,2024,411423080,1,9,0,18,4,8,0,1,0,0,0,0,3,1,5,2,32,6,-1,-1,-1,-1,4,1,E01023403,0
Unvalidated,2024411423090,2024,411423090,1,9,0,9,3,5,0,1,0,0,0,0,4,1,6,2,26,6,-1,-1,-1,-1,2,1,E01023338,0
Unvalidated,2024411423090,2024,411423090,2,9,0,15,3,7,0,8,0,0,0,0,3,1,6,1,34,6,-1,-1,-1,-1,5,1,E01021814,0
Unvalidated,2024411423094,2024,411423094,1,9,0,18,1,6,0,5,0,0,0,0,4,2,6,2,77,11,-1,-1,-1,-1,5,1,E01015753,0
Unvalidated,2024411423094,2024,411423094,2,1,0,18,6,3,0,3,0,0,0,0,3,1,6,2,38,7,-1,-1,-1,-1,7,1,E01023594,0
Unvalidated,2024411423108,2024,411423108,1,9,0,13,3,7,9,8,1,0,8,11,4,1,6,1,28,6,-1,-1,-1,-1,5,1,E01023611,0
Unvalidated,2024411423108,2024,411423108,2,9,0,9,3,1,0,6,0,0,0,0,3,1,2,2,19,4,-1,-1,-1,-1,7,1,E01023590,0
Unvalidated,2024411423482,2024,411423482,1,9,0,18,1,5,0,4,0,0,0,0,0,1,1,1,40,7,-1,-1,-1,-1,-1,-1,-1,0
Unvalidated,2024411423482,2024,411423482,2,9,0,4,1,3,0,8,0,0,0,0,2,1,5,2,52,8,-1,-1,-1,-1,8,2,E01017427,0
Unvalidated,2024411423482,2024,411423482,3,98,0,5,1,3,0,8,0,0,0,0,1,1,1,1,60,9,-1,-1,-1,-1,10,1,E01023966,0
Unvalidated,2024411423525,2024,411423525,1,9,0,18,7,3,0,1,0,0,0,0,1,1,5,1,20,4,-1,-1,-1,-1,7,1,W01001316,0
Unvalidated,2024411423525,2024,411423525,2,9,0,18,2,3,0,1,0,0,0,0,2,1,1,2,43,7,-1,-1,-1,-1,-1,-1,-1,0
Unvalidated,2024411423525,2024,411423525,3,9,0,18,7,3,0,1,0,0,0,0,2,1,5,1,45,7,-1,-1,-1,-1,9,2,E01023747,0
Unvalidated,2024411423542,2024,411423542,1,9,0,4,8,4,0,2,0,4,0,0,1,1,5,2,60,9,-1,-1,-1,-1,10,1,E01023826,0
Unvalidated,2024411423542,2024,411423542,2,9,0,2,0,0,0,2,0,0,0,0,1,1,6,3,-1,-1,-1,-1,-1,-1,-1,-1,-1,0
Unvalidated,2024411423542,2024,411423542,3,9,0,2,0,0,0,2,0,0,0,0,1,1,6,3,-1,-1,-1,-1,-1,-1,-1,-1,-1,0
Unvalidated,2024411423542,2024,411423542,4,9,0,2,0,0,0,2,0,0,0,0,1,1,6,3,-1,-1,-1,-1,-1,-1,-1,-1,-1,0
Unvalidated,2024411423542,2024,411423542,5,9,0,2,0,0,0,2,0,0,0,0,1,1,6,3,-1,-1,-1,-1,-1,-1,-1,-1,-1,0
Unvalidated,2024411423542,2024,411423542,6,9,0,2,0,0,0,2,0,0,0,0,1,1,6,3,-1,-1,-1,-1,-1,-1,-1,-1,-1,0
Unvalidated,2024411423553,2024,411423553,1,9,0,9,5,2,0,5,0,0,0,0,1,1,6,2,88,11,-1,-1,-1,-1,7,1,E01023682,0
Unvalidated,2024411423553,2024,411423553,2,4,0,18,8,4,9,1,0,0,1,2,1,1,6,1,18,4,-1,-1,-1,-1,4,1,E01023738,0
Unvalidated,2024411424412,2024,411424412,1,9,0,3,8,6,0,1,0,0,0,0,1,1,6,1,81,11,-1,-1,-1,-1,9,3,E01023352,0
Unvalidated,2024411424412,2024,411424412,2,1,0,3,8,6,0,1,0,0,0,0,2,1,5,1,30,6,-1,-1,-1,-1,9,1,E01023361,0
Unvalidated,2024411424415,2024,411424415,1,9,-1,18,-1,-1,0,6,0,10,1,0,1,1,6,2,49,8,-1,-1,-1,-1,10,1,E01023608,0
Unvalidated,2024411424415,2024,411424415,2,9,-1,18,-1,-1,0,1,0,0,0,0,3,1,5,2,66,10,-1,-1,-1,-1,7,3,E01023663,0
Unvalidated,2024411424452,2024,411424452,1,9,0,18,4,1,0,0,1,0,0,0,3,1,6,1,78,11,-1,-1,-1,-1,6,3,E01023622,0
Unvalidated,2024411424452,2024,411424452,2,9,0,18,1,5,0,0,1,0,0,0,3,1,6,1,18,4,-1,-1,-1,-1,10,1,E01023608,0
Unvalidated,2024411424504,2024,411424504,1,19,0,18,-1,-1,0,0,0,0,0,0,1,1,1,1,32,6,-1,-1,-1,-1,4,1,E01030746,0
Unvalidated,2024411424504,2024,411424504,2,9,0,3,-1,-1,0,0,0,0,0,0,2,1,1,2,39,7,-1,-1,-1,-1,10,3,E01031680,0
Unvalidated,2024411424525,2024,411424525,1,9,0,-1,-1,-1,-1,0,-1,-1,-1,0,-1,1,6,2,37,7,-1,-1,-1,-1,7,2,E01018269,0
Unvalidated,2024411424525,2024,411424525,2,9,0,-1,-1,-1,-1,0,-1,-1,-1,0,-1,1,6,3,-1,-1,-1,-1,-1,-1,-1,-1,-1,0
Unvalidated,2024411424571,2024,411424571,1,9,0,1,-1,-1,0,0,0,0,0,0,3,1,5,2,54,8,-1,-1,-1,-1,6,1,E01023606,0
Unvalidated,2024411424571,2024,411424571,2,9,0,2,0,0,0,0,0,0,0,0,3,1,5,2,53,8,-1,-1,-1,-1,10,1,E01023607,0
Unvalidated,2024411424595,2024,411424595,1,9,-1,-1,-1,-1,-1,-1,-1,-1,-1,0,-1,1,6,2,-1,-1,-1,-1,-1,-1,-1,-1,-1,0
Unvalidated,2024411424824,2024,411424824,1,22,-1,-1,-1,-1,-1,0,-1,-1,-1,0,-1,1,6,3,-1,-1,-1,-1,-1,-1,-1,-1,-1,0
Unvalidated,2024411425006,2024,411425006,1,9,0,9,7,5,0,0,0,0,0,0,3,1,6,2,37,7,-1,-1,-1,-1,4,1,E01023781,0
Unvalidated,2024411425006,2024,411425006,2,9,0,18,5,1,0,0,1,0,0,0,4,1,1,1,33,6,-1,-1,-1,-1,5,1,E01023788,0