status,collision_index,collision_year,collision_reference,vehicle_reference,vehicle_type,towing_and_articulation,vehicle_manoeuvre,vehicle_direction_from,vehicle_direction_to,vehicle_location_restricted_lane,junction_location,skidding_and_overturning,hit_object_in_carriageway,vehicle_leaving_carriageway,hit_object_off_carriageway,first_point_of_impact,vehicle_left_hand_drive,journey_purpose_of_driver,sex_of_driver,age_of_driver,age_band_of_driver,engine_capacity_cc,propulsion_code,age_of_vehicle,generic_make_model,driver_imd_decile,driver_home_area_type,lsoa_of_driver,escooter_flag
Unvalidated,2024411425030,2024,411425030,1,9,-1,18,-1,-1,0,0,0,4,0,0,1,1,6,2,-1,-1,-1,-1,-1,-1,5,1,E01023631,0
Unvalidated,2024411425030,2024,411425030,2,9,-1,3,-1,-1,0,0,0,0,0,0,2,1,6,1,23,5,-1,-1,-1,-1,5,1,E01023593,0
Unvalidated,2024411425235,2024,411425235,1,90,0,18,8,5,0,3,0,0,1,10,1,1,6,3,-1,-1,-1,-1,-1,-1,-1,-1,-1,0
Unvalidated,2024411425235,2024,411425235,2,9,0,18,8,5,0,3,0,0,0,0,4,1,6,2,45,7,-1,-1,-1,-1,8,1,E01023312,0
Unvalidated,2024411425285,2024,411425285,1,19,0,18,5,1,0,0,1,0,0,0,1,1,1,1,46,8,-1,-1,-1,-1,3,1,E01030588,0
Unvalidated,2024411425285,2024,411425285,2,9,0,18,5,1,0,0,0,0,1,2,2,1,1,2,34,6,-1,-1,-1,-1,6,1,E01023789,0
Unvalidated,2024411425285,2024,411425285,3,9,0,18,5,1,0,0,0,0,1,2,2,1,5,2,38,7,-1,-1,-1,-1,9,3,E01018254,0
Unvalidated,2024411425285,2024,411425285,4,9,0,18,5,1,0,0,0,0,0,0,2,1,6,2,53,8,-1,-1,-1,-1,9,1,E01023731,0
Unvalidated,2024411425290,2024,411425290,1,8,0,11,5,1,0,0,0,0,0,0,1,1,6,1,43,7,-1,-1,-1,-1,2,1,E01010837,0
Unvalidated,2024411425290,2024,411425290,2,9,0,3,5,1,0,0,0,0,0,0,2,1,2,2,37,7,-1,-1,-1,-1,10,1,E01023889,0
Unvalidated,2024411425290,2024,411425290,3,9,0,3,5,1,0,0,0,0,0,0,2,1,2,2,26,6,-1,-1,-1,-1,7,1,E01023901,0
Unvalidated,2024411425311,2024,411425311,1,98,-1,-1,-1,-1,-1,0,-1,-1,-1,0,-1,1,6,3,-1,-1,-1,-1,-1,-1,-1,-1,-1,0
Unvalidated,2024411425330,2024,411425330,1,9,0,18,1,5,0,0,0,0,0,0,1,1,6,3,-1,-1,-1,-1,-1,-1,-1,-1,-1,0
Unvalidated,2024411425330,2024,411425330,2,9,0,2,0,0,0,0,0,0,0,0,3,1,6,3,-1,-1,-1,-1,-1,-1,-1,-1,-1,0
Unvalidated,2024411425366,2024,411425366,1,9,0,3,5,1,0,1,0,0,0,0,2,1,5,1,21,5,-1,-1,-1,-1,2,1,E01001551,0
Unvalidated,2024411425366,2024,411425366,2,5,0,4,5,1,0,1,0,0,0,0,1,1,5,1,48,8,-1,-1,-1,-1,7,1,E01023944,0
Unvalidated,2024411425372,2024,411425372,1,9,0,5,7,4,0,7,0,0,0,0,1,1,1,2,23,5,-1,-1,-1,-1,10,1,E01023889,0
Unvalidated,2024411425372,2024,411425372,2,9,0,18,4,8,0,1,0,0,0,0,1,1,3,2,36,7,-1,-1,-1,-1,6,1,E01023943,0
Unvalidated,2024411425381,2024,411425381,1,1,0,18,1,5,0,3,0,0,0,0,1,1,3,1,14,3,-1,-1,-1,-1,5,1,E01023342,0
Unvalidated,2024411425381,2024,411425381,2,9,0,9,3,1,0,3,0,0,0,0,3,1,6,2,32,6,-1,-1,-1,-1,7,1,E01023335,0
Unvalidated,2024411425389,2024,411425389,1,9,0,18,7,3,0,0,0,0,0,0,1,1,5,2,45,7,-1,-1,-1,-1,9,1,E01023831,0
Unvalidated,2024411425389,2024,411425389,2,9,0,4,7,3,0,0,0,0,0,0,2,1,1,1,32,6,-1,-1,-1,-1,7,3,E01017424,0
Unvalidated,2024411425391,2024,411425391,1,9,0,18,6,2,0,8,5,0,3,0,3,1,2,2,24,5,-1,-1,-1,-1,4,1,E01023774,0
Unvalidated,2024411425391,2024,411425391,2,9,0,18,8,2,0,8,0,0,0,0,1,1,6,2,59,9,-1,-1,-1,-1,9,1,E01033310,0
Unvalidated,2024411425669,2024,411425669,1,9,0,4,2,6,0,0,0,0,0,0,1,1,6,2,70,10,-1,-1,-1,-1,10,1,E01020380,0
Unvalidated,2024411425669,2024,411425669,2,9,0,4,2,6,0,0,0,0,0,0,2,1,6,1,34,6,-1,-1,-1,-1,7,1,E01017925,0
Unvalidated,2024411425673,2024,411425673,1,9,-1,-1,-1,-1,-1,-1,-1,-1,-1,0,-1,1,6,3,-1,-1,-1,-1,-1,-1,-1,-1,-1,0
Unvalidated,2024411425673,2024,411425673,2,3,-1,-1,-1,-1,-1,-1,-1,-1,-1,0,-1,1,2,1,19,4,-1,-1,-1,-1,6,1,E01023900,0
Unvalidated,2024411425685,2024,411425685,1,9,0,9,-1,-1,0,1,0,0,0,0,1,1,6,1,60,9,-1,-1,-1,-1,10,1,E01023422,0
Unvalidated,2024411425685,2024,411425685,2,9,-1,99,-1,-1,0,1,0,0,0,0,1,1,6,2,30,6,-1,-1,-1,-1,10,1,E01023371,0
Unvalidated,2024411425783,2024,411425783,1,9,0,18,8,4,0,0,0,0,0,0,1,1,2,1,25,5,-1,-1,-1,-1,8,2,E01028614,0
Unvalidated,2024411425783,2024,411425783,2,9,0,4,8,4,0,0,0,0,0,0,2,1,2,1,56,9,-1,-1,-1,-1,4,1,E01023357,0
Unvalidated,2024411425790,2024,411425790,1,9,0,18,7,3,0,3,1,0,0,0,4,1,6,1,29,6,-1,-1,-1,-1,8,1,E01023315,0
Unvalidated,2024411425790,2024,411425790,2,19,0,18,8,4,0,4,0,0,0,0,1,1,6,1,-1,-1,-1,-1,-1,-1,-1,-1,-1,0
Unvalidated,2024411425823,2024,411425823,1,8,0,1,5,2,0,0,0,0,0,0,4,1,1,1,33,6,-1,-1,-1,-1,2,1,E01003576,0
Unvalidated,2024411425823,2024,411425823,2,9,0,18,5,1,0,0,0,0,0,0,1,1,5,1,23,5,-1,-1,-1,-1,9,1,E01023316,0
Unvalidated,2024411425823,2024,411425823,3,9,0,2,0,0,0,0,0,0,0,0,3,1,6,3,-1,-1,-1,-1,-1,-1,-1,-1,-1,0
Unvalidated,2024411427090,2024,411427090,1,9,0,5,2,6,0,0,0,4,7,0,1,1,6,1,21,5,-1,-1,-1,-1,9,1,E01023385,0
Unvalidated,2024411427090,2024,411427090,2,9,0,2,0,0,0,0,0,0,0,0,2,1,6,3,-1,-1,-1,-1,-1,-1,-1,-1,-1,0
Unvalidated,2024411427160,2024,411427160,1,9,-1,18,5,1,0,0,0,0,0,0,3,1,6,3,-1,-1,-1,-1,-1,-1,-1,-1,-1,0
Unvalidated,2024411427165,2024,411427165,1,9,0,18,1,5,0,0,0,0,0,0,1,1,6,1,-1,-1,-1,-1,-1,-1,-1,-1,-1,0
Unvalidated,2024411427165,2024,411427165,2,9,0,18,1,5,0,0,0,0,0,0,4,1,5,2,31,6,-1,-1,-1,-1,6,1,E01030674,0
Unvalidated,2024411427168,2024,411427168,1,19,0,18,8,1,0,4,0,0,0,0,3,1,6,1,52,8,-1,-1,-1,-1,8,3,E01023480,0
Unvalidated,2024411427168,2024,411427168,2,1,0,18,7,7,0,4,0,0,0,0,1,1,6,2,58,9,-1,-1,-1,-1,10,1,E01023483,0
Unvalidated,2024411427191,2024,411427191,1,9,0,4,5,1,0,1,0,0,0,0,1,1,6,1,45,7,-1,-1,-1,-1,-1,-1,-1,0
Unvalidated,2024411427191,2024,411427191,2,9,0,3,5,1,0,1,0,0,0,0,4,1,6,2,36,7,-1,-1,-1,-1,8,3,E01017376,0
Unvalidated,2024411427206,2024,411427206,1,9,-1,-1,-1,-1,-1,0,-1,-1,-1,0,-1,1,6,1,30,6,-1,-1,-1,-1,4,1,E01023336,0
Unvalidated,2024411427206,2024,411427206,2,9,-1,-1,-1,-1,-1,0,-1,-1,-1,0,-1,1,6,1,40,7,-1,-1,-1,-1,4,1,E01023302,0
Unvalidated,2024411427249,2024,411427249,1,19,-1,18,8,4,0,0,1,0,0,0,1,1,6,3,-1,-1,-1,-1,-1,-1,-1,-1,-1,0
Unvalidated,2024411427249,2024,411427249,2,9,0,18,8,4,0,0,1,0,1,6,2,1,2,1,43,7,-1,-1,-1,-1,10,1,E01017566,0
Unvalidated,2024411427423,2024,411427423,1,9,0,18,1,5,0,1,0,0,0,0,1,1,2,1,26,6,-1,-1,-1,-1,1,1,E01015789,0
Unvalidated,2024411427423,2024,411427423,2,1,0,18,7,3,0,1,0,0,0,0,3,1,6,1,17,4,-1,-1,-1,-1,7,1,E01023605,0
Unvalidated,2024411427439,2024,411427439,1,9,0,4,4,8,0,0,0,0,0,0,4,1,6,1,-1,-1,-1,-1,-1,-1,4,1,E01023925,0
Unvalidated,2024411427480,2024,411427480,1,9,0,18,1,5,0,0,0,0,0,0,4,1,6,1,60,9,-1,-1,-1,-1,9,1,E01023448,0
Unvalidated,2024411427493,2024,411427493,1,9,0,18,1,5,0,0,0,0,0,0,2,1,6,2,22,5,-1,-1,-1,-1,5,1,E01001473,0
Unvalidated,2024411427493,2024,411427493,2,9,0,18,1,5,0,0,0,0,0,0,1,1,6,2,18,4,-1,-1,-1,-1,10,1,E01023568,0
Unvalidated,2024411427498,2024,411427498,1,9,0,1,5,1,0,0,0,0,0,0,2,1,6,2,25,5,-1,-1,-1,-1,3,1,E01023343,0
Unvalidated,2024411427498,2024,411427498,2,9,0,18,3,7,0,0,0,0,0,0,4,1,6,1,56,9,-1,-1,-1,-1,6,3,E01022095,0
Unvalidated,2024411427520,2024,411427520,1,9,-1,-1,-1,-1,-1,1,-1,-1,-1,0,-1,1,6,2,29,6,-1,-1,-1,-1,7,1,E01023902,0
Unvalidated,2024411427520,2024,411427520,2,9,-1,-1,-1,-1,-1,1,-1,-1,-1,0,-1,1,6,3,-1,-1,-1,-1,-1,-1,-1,-1,-1,0
Unvalidated,2024411427520,2024,411427520,3,9,-1,-1,-1,-1,-1,-1,-1,-1,-1,0,-1,1,6,3,-1,-1,-1,-1,-1,-1,-1,-1,-1,0
Unvalidated,2024411427521,2024,411427521,1,9,0,6,8,8,0,0,0,0,0,0,2,1,6,2,33,6,-1,-1,-1,-1,-1,1,-1,0
Unvalidated,2024411427521,2024,411427521,2,98,0,18,8,4,0,0,0,0,0,0,1,1,6,1,27,6,-1,-1,-1,-1,7,1,E01023594,0
Unvalidated,2024411427521,2024,411427521,3,9,0,18,4,8,0,0,0,0,0,0,1,1,6,1,31,6,-1,-1,-1,-1,6,1,E01023786,0
Unvalidated,2024411427524,2024,411427524,1,9,0,12,5,1,0,0,0,0,0,0,3,1,6,3,-1,-1,-1,-1,-1,-1,-1,-1,-1,0
Unvalidated,2024411427524,2024,411427524,2,19,0,18,5,1,0,0,0,0,0,0,4,1,1,1,32,6,-1,-1,-1,-1,3,1,E01000287,0
Unvalidated,2024411427524,2024,411427524,3,9,0,18,5,1,0,0,0,0,0,0,1,1,6,3,-1,-1,-1,-1,-1,-1,-1,-1,-1,0
Unvalidated,2024411427558,2024,411427558,1,9,0,3,-1,-1,0,1,0,0,0,0,1,1,6,1,69,10,-1,-1,-1,-1,8,2,E01023629,0
Unvalidated,2024411427558,2024,411427558,2,9,0,3,-1,-1,0,1,0,0,0,0,2,1,2,1,27,6,-1,-1,-1,-1,4,1,E01023785,0
Unvalidated,2024411427628,2024,411427628,1,19,0,18,2,6,0,0,0,0,0,0,1,1,1,1,35,6,-1,-1,-1,-1,8,1,E01002499,0
Unvalidated,2024411427628,2024,411427628,2,9,0,4,2,6,0,0,0,0,0,0,2,1,5,2,73,10,-1,-1,-1,-1,9,2,E01028682,0
Unvalidated,2024411427777,2024,411427777,1,3,0,18,6,2,0,0,5,0,0,0,2,1,2,1,20,4,-1,-1,-1,-1,7,1,E01023863,0
Unvalidated,2024411427777,2024,411427777,2,9,0,-1,-1,-1,-1,0,-1,-1,-1,0,-1,1,6,3,-1,-1,-1,-1,-1,-1,-1,-1,-1,0
Unvalidated,2024411427808,2024,411427808,1,9,0,4,3,7,0,0,0,0,0,0,2,1,6,1,21,5,-1,-1,-1,-1,-1,-1,-1,0
Unvalidated,2024411427808,2024,411427808,2,9,-1,-1,-1,-1,-1,0,-1,-1,-1,0,-1,1,6,3,-1,-1,-1,-1,-1,-1,-1,-1,-1,0
Unvalidated,2024411427867,2024,411427867,1,9,0,9,5,3,0,1,0,0,0,0,4,1,6,1,60,9,-1,-1,-1,-1,10,1,E01023691,0
Unvalidated,2024411427867,2024,411427867,2,9,0,18,3,7,0,1,0,0,0,0,1,1,6,2,53,8,-1,-1,-1,-1,10,1,E01023694,0
Unvalidated,2024411427869,2024,411427869,1,19,1,18,8,4,0,1,0,0,0,0,1,1,1,1,53,8,-1,-1,-1,-1,3,1,E01000578,0
Unvalidated,2024411427869,2024,411427869,2,9,0,3,8,4,0,1,0,0,0,0,2,1,5,2,35,6,-1,-1,-1,-1,6,1,E01023929,0
Unvalidated,2024411427888,2024,411427888,1,9,0,9,7,5,0,0,0,0,0,0,1,1,2,2,21,5,-1,-1,-1,-1,6,1,E01023922,0
Unvalidated,2024411427888,2024,411427888,2,1,0,9,5,3,0,0,0,0,0,0,1,1,6,2,35,6,-1,-1,-1,-1,5,1,E01023936,0
Unvalidated,2024411427936,2024,411427936,1,9,0,18,1,5,0,0,2,0,1,0,1,1,5,1,55,8,-1,-1,-1,-1,-1,-1,-1,0
Unvalidated,2024411427943,2024,411427943,1,3,0,13,5,1,0,1,2,0,0,0,1,1,5,1,31,6,-1,-1,-1,-1,-1,-1,-1,0
Unvalidated,2024411427943,2024,411427943,2,9,0,9,5,3,0,1,0,0,0,0,1,1,5,2,64,9,-1,-1,-1,-1,10,1,E01002149,0
Unvalidated,2024411427949,2024,411427949,1,9,0,18,1,5,0,0,1,0,0,0,4,1,6,2,23,5,-1,-1,-1,-1,5,1,E01023293,0
Unvalidated,2024411427949,2024,411427949,2,9,0,-1,-1,-1,-1,0,-1,-1,-1,0,-1,1,6,3,-1,-1,-1,-1,-1,-1,-1,-1,-1,0
Unvalidated,2024411427972,2024,411427972,1,9,0,18,5,1,0,1,1,0,0,0,1,1,6,1,39,7,-1,-1,-1,-1,10,1,E01023654,0
Unvalidated,2024411427972,2024,411427972,2,9,0,18,5,1,0,1,1,0,0,0,2,1,6,2,43,7,-1,-1,-1,-1,4,1,E01001404,0
Unvalidated,2024411427972,2024,411427972,3,9,0,10,5,1,0,1,0,0,0,0,2,1,6,2,39,7,-1,-1,-1,-1,3,1,E01023310,0
Unvalidated,2024411427978,2024,411427978,1,9,0,-1,-1,-1,0,0,0,0,0,0,1,1,6,1,-1,-1,-1,-1,-1,-1,-1,-1,-1,0
Unvalidated,2024411427978,2024,411427978,2,9,0,3,-1,-1,0,0,0,0,0,0,2,1,5,1,40,7,-1,-1,-1,-1,8,1,E01002150,0
Unvalidated,2024411427984,2024,411427984,1,9,0,18,1,5,0,0,0,4,0,0,1,1,6,1,78,11,-1,-1,-1,-1,10,1,E01023617,0
Unvalidated,2024411427984,2024,411427984,2,9,0,2,0,0,0,0,0,0,0,0,2,1,6,2,74,10,-1,-1,-1,-1,6,1,E01023645,0
Unvalidated,2024411428004,2024,411428004,1,9,0,2,4,8,0,0,0,0,0,0,4,1,6,2,28,6,-1,-1,-1,-1,6,3,E01021769,0
Unvalidated,2024411428024,2024,411428024,1,9,0,18,8,4,0,0,0,0,1,0,1,1,6,1,56,9,-1,-1,-1,-1,2,1,E01023750,0
Unvalidated,2024411428190,2024,411428190,1,19,0,1,8,4,0,0,0,0,0,0,2,1,1,2,57,9,-1,-1,-1,-1,6,1,E01023945,0
Unvalidated,2024411428201,2024,411428201,1,9,0,3,-1,-1,0,4,0,0,0,0,1,1,6,2,56,9,-1,-1,-1,-1,7,1,E01023328,0
Unvalidated,2024411428201,2024,411428201,2,9,0,4,-1,-1,0,4,0,0,0,0,2,1,5,1,44,7,-1,-1,-1,-1,3,3,E01023496,0
Unvalidated,2024411428214,2024,411428214,1,97,0,18,1,5,0,4,1,0,0,0,0,1,2,1,28,6,-1,-1,-1,-1,6,1,E01033457,0
Unvalidated,2024411428272,2024,411428272,1,9,0,3,1,5,0,8,0,0,0,0,2,1,6,2,34,6,-1,-1,-1,-1,5,1,E01023293,0
Unvalidated,2024411428272,2024,411428272,2,9,0,3,1,5,0,8,0,0,0,0,1,1,6,2,60,9,-1,-1,-1,-1,2,1,E01000023,0
Unvalidated,2024411428272,2024,411428272,3,9,0,18,1,5,0,8,0,0,0,0,1,1,6,1,32,6,-1,-1,-1,-1,2,1,E01004403,0
Unvalidated,2024411428280,2024,411428280,1,9,0,18,2,6,0,3,0,0,0,0,4,1,5,1,32,6,-1,-1,-1,-1,8,1,E01033026,0
Unvalidated,2024411428280,2024,411428280,2,9,0,5,4,7,0,2,1,0,0,0,3,1,5,2,44,7,-1,-1,-1,-1,4,1,E01023957,0
Unvalidated,2024411428345,2024,411428345,1,9,0,18,5,1,0,0,0,0,0,0,2,1,6,1,38,7,-1,-1,-1,-1,7,3,E01023598,0
Unvalidated,2024411428345,2024,411428345,2,9,0,18,1,5,0,0,0,0,0,0,1,1,6,1,27,6,-1,-1,-1,-1,7,3,E01023598,0
Unvalidated,2024411428377,2024,411428377,1,9,0,2,0,0,0,0,0,0,0,0,0,1,6,3,-1,-1,-1,-1,-1,-1,-1,-1,-1,0
Unvalidated,2024411428377,2024,411428377,2,9,0,18,1,1,0,0,0,0,0,0,3,1,6,1,87,11,-1,-1,-1,-1,9,1,E01023467,0
Unvalidated,2024411428486,2024,411428486,1,5,0,18,5,1,0,0,0,0,1,0,1,1,6,1,23,5,-1,-1,-1,-1,9,1,E01023946,0
Unvalidated,2024411429131,2024,411429131,1,9,0,18,4,8,0,0,1,0,0,0,1,1,6,1,19,4,-1,-1,-1,-1,7,1,E01023679,0
Unvalidated,2024411429131,2024,411429131,2,9,0,18,8,4,0,0,0,0,0,0,1,1,6,2,37,7,-1,-1,-1,-1,9,1,E01023674,0
Unvalidated,2024411429152,2024,411429152,1,9,0,9,6,2,0,6,0,0,0,0,4,1,6,2,74,10,-1,-1,-1,-1,10,1,E01023734,0
Unvalidated,2024411429152,2024,411429152,2,9,0,18,8,4,0,8,0,0,0,0,1,1,2,1,-1,-1,-1,-1,-1,-1,3,1,E01021858,0
Unvalidated,2024411429186,2024,411429186,1,9,0,9,5,2,0,4,0,0,0,0,1,1,1,1,36,7,-1,-1,-1,-1,4,1,E01015712,0
Unvalidated,2024411429186,2024,411429186,2,1,0,18,3,7,0,3,0,0,0,0,3,1,6,2,57,9,-1,-1,-1,-1,7,1,E01023682,0
Unvalidated,2024411429284,2024,411429284,1,9,0,9,4,6,0,4,0,0,0,0,3,1,2,1,32,6,-1,-1,-1,-1,10,1,E01023451,0
Unvalidated,2024411429284,2024,411429284,2,9,0,18,6,2,0,4,0,0,3,0,1,1,6,3,-1,-1,-1,-1,-1,-1,-1,-1,-1,0
Unvalidated,2024411429549,2024,411429549,1,98,-1,-1,-1,-1,-1,0,-1,-1,-1,0,-1,1,6,1,-1,-1,-1,-1,-1,-1,-1,-1,-1,0
Unvalidated,2024411429549,2024,411429549,2,1,0,-1,-1,-1,-1,0,-1,-1,-1,0,-1,1,6,1,11,3,-1,-1,-1,-1,4,1,E01023828,0
Unvalidated,2024411429605,2024,411429605,1,9,0,5,7,3,0,8,0,0,0,0,1,1,6,1,41,7,-1,-1,-1,-1,-1,1,-1,0
Unvalidated,2024411429605,2024,411429605,2,9,0,5,1,6,0,8,0,0,0,0,1,1,6,2,42,7,-1,-1,-1,-1,9,3,E01023507,0
Unvalidated,2024411429622,2024,411429622,1,9,0,18,5,1,0,0,0,0,0,0,1,1,6,1,28,6,-1,-1,-1,-1,-1,-1,-1,0
Unvalidated,2024411429622,2024,411429622,2,9,0,18,5,1,0,0,0,0,0,0,3,1,6,1,18,4,-1,-1,-1,-1,5,1,E01017659,0
Unvalidated,2024411429622,2024,411429622,3,9,0,18,5,1,0,0,0,0,0,0,4,1,6,1,42,7,-1,-1,-1,-1,7,1,E01002142,0
Unvalidated,2024411429666,2024,411429666,1,9,0,18,5,1,0,2,2,0,7,0,3,1,2,1,23,5,-1,-1,-1,-1,2,1,E01009642,0
Unvalidated,2024411429675,2024,411429675,1,20,0,18,7,3,0,1,1,0,0,0,1,1,6,1,54,8,-1,-1,-1,-1,4,1,E01023828,0
Unvalidated,2024411429675,2024,411429675,2,9,0,5,1,5,0,6,0,0,0,0,3,1,6,2,41,7,-1,-1,-1,-1,5,1,E01023827,0
Unvalidated,2024411429677,2024,411429677,1,97,0,4,7,3,0,4,0,0,0,0,2,1,6,1,64,9,-1,-1,-1,-1,4,1,E01023336,0
Unvalidated,2024411429677,2024,411429677,2,9,0,4,7,3,0,4,0,0,0,0,1,1,6,1,24,5,-1,-1,-1,-1,8,3,E01023481,0
Unvalidated,2024411429693,2024,411429693,1,9,0,18,3,7,0,0,1,0,2,0,1,1,6,1,18,4,-1,-1,-1,-1,7,1,E01001472,0
Unvalidated,2024411429693,2024,411429693,2,9,0,18,3,7,0,0,0,0,0,0,1,1,6,1,18,4,-1,-1,-1,-1,8,1,E01023571,0
Unvalidated,2024411429697,2024,411429697,1,9,0,18,1,5,0,1,0,0,0,0,4,1,6,1,48,8,-1,-1,-1,-1,4,1,E01001435,0
Unvalidated,2024411429697,2024,411429697,2,9,0,5,3,7,0,1,0,0,0,0,3,1,6,2,62,9,-1,-1,-1,-1,10,1,E01023449,0
Unvalidated,2024411429899,2024,411429899,1,9,0,9,1,7,0,6,0,0,0,0,1,1,2,2,36,7,-1,-1,-1,-1,1,1,E01023844,0
Unvalidated,2024411429899,2024,411429899,2,3,0,18,7,3,0,1,0,0,0,0,1,1,6,1,24,5,-1,-1,-1,-1,6,1,E01002162,0
Unvalidated,2024411429944,2024,411429944,1,9,-1,-1,-1,-1,-1,-1,-1,-1,-1,0,-1,1,6,2,77,11,-1,-1,-1,-1,8,1,E01033028,0
Unvalidated,2024411429944,2024,411429944,2,1,-1,-1,-1,-1,-1,-1,-1,-1,-1,0,-1,1,5,1,50,8,-1,-1,-1,-1,10,2,E01023725,0
Unvalidated,2024411430077,2024,411430077,1,1,0,18,5,1,5,2,1,0,0,0,1,1,6,2,18,4,-1,-1,-1,-1,10,1,E01023664,0
Unvalidated,2024411430077,2024,411430077,2,9,0,18,3,7,0,2,0,0,0,0,4,1,1,1,30,6,-1,-1,-1,-1,9,2,E01023626,0
Unvalidated,2024411430107,2024,411430107,1,9,0,9,4,8,0,1,0,0,0,0,3,1,5,2,76,11,-1,-1,-1,-1,10,1,E01023362,0
Unvalidated,2024411430107,2024,411430107,2,1,0,18,8,4,0,1,0,0,0,0,2,1,5,1,33,6,-1,-1,-1,-1,7,1,E01023398,0
Unvalidated,2024411430304,2024,411430304,1,9,0,18,6,5,9,1,1,0,1,0,1,1,5,2,35,6,-1,-1,-1,-1,10,1,E01023667,0
Unvalidated,2024411430304,2024,411430304,2,9,0,18,5,1,0,1,0,0,0,0,3,1,5,2,68,10,-1,-1,-1,-1,7,1,E01002187,0
Unvalidated,2024411430424,2024,411430424,1,9,0,4,-1,-1,0,0,0,0,0,0,2,1,6,3,-1,-1,-1,-1,-1,-1,-1,-1,-1,0
Unvalidated,2024411430424,2024,411430424,2,1,0,-1,-1,-1,-1,0,5,0,0,0,4,1,5,1,14,3,-1,-1,-1,-1,6,3,E01023494,0
Unvalidated,2024411430695,2024,411430695,1,9,0,18,5,1,0,0,0,0,0,0,1,1,5,2,71,10,-1,-1,-1,-1,8,1,E01032963,0
Unvalidated,2024411430695,2024,411430695,2,9,0,18,8,4,0,0,0,0,0,0,1,1,5,2,43,7,-1,-1,-1,-1,6,2,E01023564,0
Unvalidated,2024411430812,2024,411430812,1,9,0,18,3,7,0,4,0,0,0,0,3,1,6,2,43,7,-1,-1,-1,-1,7,1,E01023944,0
Unvalidated,2024411430812,2024,411430812,2,9,0,9,7,5,0,4,0,0,0,0,4,1,3,2,23,5,-1,-1,-1,-1,10,1,E01023664,0
Unvalidated,2024411430817,2024,411430817,1,9,0,18,5,1,0,0,0,0,0,0,1,1,6,1,18,4,-1,-1,-1,-1,10,1,E01023966,0
Unvalidated,2024411430817,2024,411430817,2,9,0,18,1,5,0,0,0,0,7,0,1,1,6,3,26,6,-1,-1,-1,-1,4,1,E01021848,0
Unvalidated,2024411430818,2024,411430818,1,9,0,18,2,6,0,1,0,0,0,0,3,1,5,2,80,11,-1,-1,-1,-1,10,2,E01023523,0
Unvalidated,2024411430819,2024,411430819,1,3,0,18,-1,-1,0,8,0,0,0,0,1,1,6,1,43,7,-1,-1,-1,-1,3,1,E01001434,0
Unvalidated,2024411430819,2024,411430819,2,9,0,5,-1,-1,0,4,0,0,0,0,3,1,6,2,57,9,-1,-1,-1,-1,10,1,E01023745,0
Unvalidated,2024411430857,2024,411430857,1,9,0,10,1,5,9,0,0,0,0,0,1,1,6,2,76,11,-1,-1,-1,-1,10,1,E01017762,0
Unvalidated,2024411430892,2024,411430892,1,9,0,1,1,5,0,1,0,0,0,0,2,1,1,1,38,7,-1,-1,-1,-1,4,1,E01015782,0
Unvalidated,2024411431697,2024,411431697,1,9,0,7,3,1,0,0,0,0,0,0,1,1,1,1,39,7,-1,-1,-1,-1,6,1,E01023903,0
Unvalidated,2024411431723,2024,411431723,1,9,0,4,-1,-1,0,0,0,0,0,0,-1,1,6,2,21,5,-1,-1,-1,-1,6,1,E01023759,0
Unvalidated,2024411431723,2024,411431723,2,9,0,4,-1,-1,0,0,0,0,0,0,2,1,5,2,46,8,-1,-1,-1,-1,6,3,E01023494,0
Unvalidated,2024411431767,2024,411431767,1,1,0,18,3,7,0,8,0,0,0,0,1,1,5,1,46,8,-1,-1,-1,-1,5,1,E01023324,0
Unvalidated,2024411431767,2024,411431767,2,9,0,5,5,1,0,4,0,0,0,0,1,1,6,2,61,9,-1,-1,-1,-1,4,1,E01023296,0
Unvalidated,2024411431887,2024,411431887,1,9,0,18,4,1,0,2,0,4,0,0,1,1,5,1,47,8,-1,-1,-1,-1,7,1,E01023391,0
Unvalidated,2024411431887,2024,411431887,2,9,0,2,0,0,0,2,0,0,0,0,2,1,6,3,-1,-1,-1,-1,-1,-1,-1,-1,-1,0
Unvalidated,2024411432070,2024,411432070,1,19,0,9,1,6,0,6,0,0,0,0,1,1,6,1,38,7,-1,-1,-1,-1,6,1,E01023606,0
Unvalidated,2024411432070,2024,411432070,2,11,0,18,3,7,0,8,0,0,0,0,3,1,6,1,64,9,-1,-1,-1,-1,4,1,E01023756,0
Unvalidated,2024411432082,2024,411432082,1,9,0,18,5,1,0,0,0,0,0,0,1,1,6,2,61,9,-1,-1,-1,-1,5,1,E01000494,0
Unvalidated,2024411432082,2024,411432082,2,9,0,3,5,1,0,0,0,0,0,0,2,1,1,1,40,7,-1,-1,-1,-1,3,1,E01001089,0
Unvalidated,2024411432099,2024,411432099,1,9,-1,-1,-1,-1,0,0,-1,-1,-1,0,2,1,6,3,-1,-1,-1,-1,-1,-1,-1,-1,-1,0
Unvalidated,2024411432099,2024,411432099,2,9,-1,-1,-1,-1,0,0,-1,-1,-1,0,2,1,6,3,-1,-1,-1,-1,-1,-1,-1,-1,-1,0
Unvalidated,2024411432099,2024,411432099,3,9,-1,-1,-1,-1,0,0,-1,-1,-1,0,1,1,5,1,48,8,-1,-1,-1,-1,9,1,E01030964,0
Unvalidated,2024411432130,2024,411432130,1,9,0,18,1,5,0,6,0,0,0,0,1,1,6,1,57,9,-1,-1,-1,-1,6,1,E01023848,0