status,collision_index,collision_year,collision_reference,vehicle_reference,vehicle_type,towing_and_articulation,vehicle_manoeuvre,vehicle_direction_from,vehicle_direction_to,vehicle_location_restricted_lane,junction_location,skidding_and_overturning,hit_object_in_carriageway,vehicle_leaving_carriageway,hit_object_off_carriageway,first_point_of_impact,vehicle_left_hand_drive,journey_purpose_of_driver,sex_of_driver,age_of_driver,age_band_of_driver,engine_capacity_cc,propulsion_code,age_of_vehicle,generic_make_model,driver_imd_decile,driver_home_area_type,lsoa_of_driver,escooter_flag
Unvalidated,2024411432130,2024,411432130,2,9,0,18,6,2,0,1,0,0,0,0,1,1,6,2,57,9,-1,-1,-1,-1,3,1,E01023866,0
Unvalidated,2024411432279,2024,411432279,1,9,0,5,5,3,9,0,0,0,0,0,1,1,6,2,45,7,-1,-1,-1,-1,10,1,E01023701,0
Unvalidated,2024411432313,2024,411432313,1,9,0,18,7,3,0,1,5,0,1,4,1,1,6,1,40,7,-1,-1,-1,-1,9,1,E01023950,0
Unvalidated,2024411432513,2024,411432513,1,9,-1,-1,-1,-1,-1,0,-1,-1,-1,0,-1,1,6,1,24,5,-1,-1,-1,-1,6,1,E01023855,0
Unvalidated,2024411432513,2024,411432513,2,9,-1,-1,-1,-1,-1,0,-1,-1,-1,0,1,1,5,1,27,6,-1,-1,-1,-1,-1,-1,-1,0
Unvalidated,2024411432545,2024,411432545,1,9,0,11,1,5,0,1,0,0,0,0,4,1,6,1,18,4,-1,-1,-1,-1,-1,-1,-1,0
Unvalidated,2024411432545,2024,411432545,2,9,0,5,1,5,0,1,0,0,0,0,3,1,5,1,51,8,-1,-1,-1,-1,8,1,E01021793,0
Unvalidated,2024411432550,2024,411432550,1,90,0,18,1,5,0,0,0,0,0,0,0,1,6,1,70,10,-1,-1,-1,-1,9,1,E01023950,0
Unvalidated,2024411432558,2024,411432558,1,9,0,18,8,4,0,1,0,0,0,0,1,1,6,1,56,9,-1,-1,-1,-1,4,1,E01023957,0
Unvalidated,2024411432558,2024,411432558,2,9,0,3,8,4,0,1,0,0,0,0,2,1,5,1,30,6,-1,-1,-1,-1,6,1,E01023927,0
Unvalidated,2024411432580,2024,411432580,1,11,0,18,4,8,0,0,0,0,0,0,4,1,1,1,24,5,-1,-1,-1,-1,4,1,E01002231,0
Unvalidated,2024411432602,2024,411432602,1,9,0,18,5,1,0,0,0,0,0,0,3,1,6,1,67,10,-1,-1,-1,-1,8,1,E01021801,0
Unvalidated,2024411432602,2024,411432602,2,98,1,18,1,5,0,0,0,0,0,0,2,1,6,3,-1,-1,-1,-1,-1,-1,-1,-1,-1,0
Unvalidated,2024411432614,2024,411432614,1,9,0,-1,6,2,0,2,-1,-1,0,0,1,1,6,3,-1,-1,-1,-1,-1,-1,-1,-1,-1,0
Unvalidated,2024411432688,2024,411432688,1,9,0,1,3,8,0,0,0,0,0,0,2,1,1,1,91,11,-1,-1,-1,-1,10,1,E01002430,0
Unvalidated,2024411432688,2024,411432688,2,9,0,2,0,0,0,0,0,0,0,0,1,1,5,1,67,10,-1,-1,-1,-1,9,1,E01002512,0
Unvalidated,2024411432966,2024,411432966,1,98,1,18,1,5,0,0,0,0,0,0,1,2,1,1,41,7,-1,-1,-1,-1,-1,-1,-1,0
Unvalidated,2024411432966,2024,411432966,2,98,1,18,1,5,0,0,0,0,0,0,2,2,1,1,40,7,-1,-1,-1,-1,-1,-1,-1,0
Unvalidated,2024411432966,2024,411432966,3,98,1,18,1,5,0,0,0,0,0,0,2,2,1,1,40,7,-1,-1,-1,-1,-1,-1,-1,0
Unvalidated,2024411432981,2024,411432981,1,9,0,4,5,1,0,0,0,0,0,0,2,1,5,1,25,5,-1,-1,-1,-1,2,1,E01001439,0
Unvalidated,2024411432981,2024,411432981,2,9,0,18,5,8,0,0,0,0,0,0,1,1,6,3,-1,-1,-1,-1,-1,-1,-1,-1,-1,0
Unvalidated,2024411432982,2024,411432982,1,9,0,5,5,1,0,1,0,0,0,0,1,1,6,1,39,7,-1,-1,-1,-1,3,1,E01023573,0
Unvalidated,2024411432982,2024,411432982,2,3,0,18,3,7,0,1,0,0,0,0,4,1,2,1,27,6,-1,-1,-1,-1,7,1,E01001411,0
Unvalidated,2024411433007,2024,411433007,1,9,0,18,6,2,0,4,0,0,0,0,1,1,5,1,42,7,-1,-1,-1,-1,7,1,E01023719,0
Unvalidated,2024411433007,2024,411433007,2,9,0,18,4,7,0,8,0,0,0,0,4,1,5,2,50,8,-1,-1,-1,-1,10,1,E01023213,0
Unvalidated,2024411433019,2024,411433019,1,9,0,5,8,4,0,2,0,0,0,0,1,1,6,2,57,9,-1,-1,-1,-1,5,1,E01023384,0
Unvalidated,2024411433019,2024,411433019,2,9,0,18,8,4,0,2,0,0,0,0,1,1,6,1,76,11,-1,-1,-1,-1,5,1,E01023384,0
Unvalidated,2024411433019,2024,411433019,3,9,0,2,0,0,9,2,0,0,0,0,2,1,6,3,-1,-1,-1,-1,-1,-1,-1,-1,-1,0
Unvalidated,2024411433081,2024,411433081,1,9,0,-1,-1,-1,-1,-1,-1,-1,-1,0,-1,1,6,1,-1,-1,-1,-1,-1,-1,-1,-1,-1,0
Unvalidated,2024411433081,2024,411433081,2,9,0,-1,-1,-1,0,-1,0,0,0,0,4,1,6,1,76,11,-1,-1,-1,-1,2,1,E01015632,0
Unvalidated,2024411433113,2024,411433113,1,8,0,9,5,3,0,0,0,0,0,0,3,1,1,1,52,8,-1,-1,-1,-1,9,1,E01017775,0
Unvalidated,2024411433113,2024,411433113,2,9,0,18,3,8,0,0,0,0,0,0,1,1,5,1,29,6,-1,-1,-1,-1,9,1,E01023375,0
Unvalidated,2024411433122,2024,411433122,1,9,0,18,7,3,0,8,0,0,0,0,1,1,6,2,42,7,-1,-1,-1,-1,8,1,E01023486,0
Unvalidated,2024411433122,2024,411433122,2,9,0,5,4,8,0,6,0,0,0,0,1,1,6,1,51,8,-1,-1,-1,-1,7,1,E01023961,0
Unvalidated,2024411433161,2024,411433161,1,9,0,13,6,2,0,8,0,10,0,0,1,1,5,1,43,7,-1,-1,-1,-1,6,1,E01023545,0
Unvalidated,2024411433161,2024,411433161,2,19,0,11,6,2,0,8,0,0,0,0,4,1,6,1,61,9,-1,-1,-1,-1,1,1,E01011148,0
Unvalidated,2024411433348,2024,411433348,1,9,0,9,5,3,0,3,0,0,0,0,1,1,6,1,31,6,-1,-1,-1,-1,6,1,E01023306,0
Unvalidated,2024411433348,2024,411433348,2,3,0,5,1,5,0,4,0,0,0,0,3,1,6,1,46,8,-1,-1,-1,-1,2,1,E01001442,0
Unvalidated,2024411433475,2024,411433475,1,98,0,18,1,5,0,0,0,0,0,0,4,1,6,2,20,4,-1,-1,-1,-1,4,1,E01021833,0
Unvalidated,2024411433475,2024,411433475,2,9,0,18,1,5,0,0,0,0,0,0,2,1,6,2,49,8,-1,-1,-1,-1,5,1,E01023936,0
Unvalidated,2024411433521,2024,411433521,1,98,1,13,5,1,0,0,0,0,0,0,3,2,1,1,41,7,-1,-1,-1,-1,-1,-1,-1,0
Unvalidated,2024411433521,2024,411433521,2,9,0,18,5,1,0,0,0,0,4,0,4,1,6,1,40,7,-1,-1,-1,-1,3,1,E01002043,0
Unvalidated,2024411433528,2024,411433528,1,9,0,5,7,1,0,6,0,0,0,0,1,1,6,2,43,7,-1,-1,-1,-1,6,1,E01023322,0
Unvalidated,2024411433544,2024,411433544,1,9,0,18,1,5,0,0,0,0,1,1,1,1,1,1,72,10,-1,-1,-1,-1,4,1,E01018146,0
Unvalidated,2024411434299,2024,411434299,1,9,0,18,1,5,0,1,0,0,0,0,3,1,6,2,45,7,-1,-1,-1,-1,10,1,E01023959,0
Unvalidated,2024411434310,2024,411434310,1,9,0,9,-1,-1,-1,6,1,-1,-1,0,3,1,6,2,41,7,-1,-1,-1,-1,9,1,E01023833,0
Unvalidated,2024411434310,2024,411434310,2,9,0,18,-1,-1,0,8,1,-1,-1,0,1,1,2,1,32,6,-1,-1,-1,-1,7,1,E01017437,0
Unvalidated,2024411434322,2024,411434322,1,9,0,10,1,8,0,1,0,0,0,0,1,1,6,2,17,4,-1,-1,-1,-1,5,1,E01023331,0
Unvalidated,2024411434322,2024,411434322,2,9,0,9,1,5,0,1,0,0,0,0,4,1,6,1,29,6,-1,-1,-1,-1,9,1,E01023299,0
Unvalidated,2024411434344,2024,411434344,1,9,-1,-1,-1,-1,-1,-1,-1,-1,-1,0,-1,1,6,1,23,5,-1,-1,-1,-1,2,1,E01000876,0
Unvalidated,2024411434344,2024,411434344,2,9,-1,-1,-1,-1,-1,-1,-1,-1,-1,0,-1,1,6,1,51,8,-1,-1,-1,-1,5,1,E01023705,0
Unvalidated,2024411434390,2024,411434390,1,9,0,9,6,4,0,1,0,0,0,0,1,1,6,2,38,7,-1,-1,-1,-1,7,1,E01023398,0
Unvalidated,2024411434390,2024,411434390,2,9,0,18,2,8,0,1,0,0,0,0,1,1,6,1,81,11,-1,-1,-1,-1,9,1,E01023831,0
Unvalidated,2024411434411,2024,411434411,1,5,0,4,8,4,0,1,1,0,0,0,3,1,6,1,26,6,-1,-1,-1,-1,5,1,E01023324,0
Unvalidated,2024411434411,2024,411434411,2,9,0,5,3,7,0,2,0,0,0,0,3,1,6,2,55,8,-1,-1,-1,-1,2,1,E01023339,0
Unvalidated,2024411434649,2024,411434649,1,9,0,9,8,5,0,1,0,0,0,0,3,1,6,1,-1,-1,-1,-1,-1,-1,10,1,E01023813,0
Unvalidated,2024411434665,2024,411434665,1,11,0,18,7,3,0,1,0,11,1,1,1,1,6,1,65,9,-1,-1,-1,-1,3,1,E01023348,0
Unvalidated,2024411434665,2024,411434665,2,9,0,18,3,7,0,1,0,0,0,0,1,1,6,2,40,7,-1,-1,-1,-1,9,1,E01023674,0
Unvalidated,2024411434665,2024,411434665,3,9,0,18,3,7,0,1,0,0,0,0,3,1,6,2,37,7,-1,-1,-1,-1,6,1,E01023934,0
Unvalidated,2024411434665,2024,411434665,4,9,0,18,3,7,0,1,0,0,0,0,1,1,6,1,45,7,-1,-1,-1,-1,10,1,E01023668,0
Unvalidated,2024411434665,2024,411434665,5,9,0,18,3,7,0,1,0,0,1,11,1,1,6,2,45,7,-1,-1,-1,-1,10,1,E01023675,0
Unvalidated,2024411434674,2024,411434674,1,9,0,18,2,6,0,1,0,0,0,0,1,1,6,1,60,9,-1,-1,-1,-1,9,1,E01023706,0
Unvalidated,2024411434674,2024,411434674,2,9,0,9,7,4,0,8,0,0,0,0,1,1,2,1,23,5,-1,-1,-1,-1,8,1,E01000120,0
Unvalidated,2024411434721,2024,411434721,1,9,0,18,3,7,0,0,0,0,0,0,1,1,6,1,53,8,-1,-1,-1,-1,3,1,E01015724,0
Unvalidated,2024411434721,2024,411434721,2,4,0,9,7,3,0,0,0,0,0,0,1,1,6,1,56,9,-1,-1,-1,-1,3,1,E01023637,0
Unvalidated,2024411434734,2024,411434734,1,9,0,18,1,5,0,1,0,0,0,0,4,1,6,2,43,7,-1,-1,-1,-1,3,1,E01023876,0
Unvalidated,2024411434776,2024,411434776,1,9,0,18,7,3,0,0,1,0,1,0,1,1,6,2,27,6,-1,-1,-1,-1,7,1,E01028818,0
Unvalidated,2024411435062,2024,411435062,1,9,0,5,5,8,0,1,0,0,0,0,1,1,5,1,64,9,-1,-1,-1,-1,9,1,E01028222,0
Unvalidated,2024411435062,2024,411435062,2,9,-1,1,5,1,0,1,0,0,0,0,2,1,6,3,-1,-1,-1,-1,-1,-1,-1,-1,-1,0
Unvalidated,2024411435079,2024,411435079,1,9,-1,-1,3,1,-1,-1,-1,-1,-1,0,-1,1,6,1,20,4,-1,-1,-1,-1,3,1,E01001492,0
Unvalidated,2024411435079,2024,411435079,2,1,-1,-1,5,1,-1,-1,-1,-1,-1,0,-1,1,6,1,63,9,-1,-1,-1,-1,5,1,E01023937,0
Unvalidated,2024411435081,2024,411435081,1,9,0,9,1,5,0,1,0,0,0,0,3,1,6,2,40,7,-1,-1,-1,-1,9,3,E01023430,0
Unvalidated,2024411435081,2024,411435081,2,97,0,9,1,5,0,1,0,0,0,0,1,1,6,1,58,9,-1,-1,-1,-1,9,1,E01015747,0
Unvalidated,2024411435095,2024,411435095,1,9,0,4,6,2,0,0,0,0,0,0,1,1,5,1,55,8,-1,-1,-1,-1,9,1,E01022536,0
Unvalidated,2024411435095,2024,411435095,2,9,0,4,6,2,0,0,0,0,0,0,2,1,5,1,38,7,-1,-1,-1,-1,2,1,E01015879,0
Unvalidated,2024411435138,2024,411435138,1,3,0,18,7,3,0,0,0,0,0,0,1,1,2,1,20,4,-1,-1,-1,-1,6,1,E01023633,0
Unvalidated,2024411435138,2024,411435138,2,98,0,2,0,0,0,0,0,0,0,0,2,1,6,3,-1,-1,-1,-1,-1,-1,-1,-1,-1,0
Unvalidated,2024411435153,2024,411435153,1,9,0,5,7,3,0,1,0,0,0,0,3,1,6,1,60,9,-1,-1,-1,-1,6,1,E01002117,0
Unvalidated,2024411435153,2024,411435153,2,3,-1,18,7,3,0,1,0,0,0,0,4,1,2,1,28,6,-1,-1,-1,-1,10,1,E01023664,0
Unvalidated,2024411435154,2024,411435154,1,9,0,4,0,0,0,0,0,0,0,0,0,1,2,1,32,6,-1,-1,-1,-1,8,1,E01017383,0
Unvalidated,2024411435154,2024,411435154,2,9,0,4,0,0,0,0,0,0,0,0,3,1,2,2,33,6,-1,-1,-1,-1,7,1,E01023799,0
Unvalidated,2024411435154,2024,411435154,3,9,0,4,3,7,0,0,0,0,0,0,1,1,2,2,47,8,-1,-1,-1,-1,5,1,E01023611,0
Unvalidated,2024411435185,2024,411435185,1,90,0,18,2,6,9,0,0,0,0,0,-1,1,6,1,-1,-1,-1,-1,-1,-1,-1,-1,-1,0
Unvalidated,2024411435214,2024,411435214,2,9,0,-1,-1,-1,-1,0,-1,-1,-1,0,-1,1,5,2,76,11,-1,-1,-1,-1,10,1,E01023483,0
Unvalidated,2024411435214,2024,411435214,3,9,0,-1,-1,-1,-1,0,-1,-1,-1,0,-1,1,6,3,-1,-1,-1,-1,-1,-1,-1,-1,-1,0
Unvalidated,2024411435235,2024,411435235,1,9,0,3,2,4,0,1,0,0,0,0,1,1,6,2,35,6,-1,-1,-1,-1,6,1,E01023341,0
Unvalidated,2024411435235,2024,411435235,2,1,0,3,2,6,0,1,0,0,0,0,2,1,5,1,14,3,-1,-1,-1,-1,6,1,E01021794,0
Unvalidated,2024411435554,2024,411435554,1,9,0,7,3,5,0,0,0,0,0,0,4,1,2,2,32,6,-1,-1,-1,-1,10,1,E01023887,0
Unvalidated,2024411435554,2024,411435554,2,9,0,18,3,7,0,0,0,0,0,0,3,1,5,2,25,5,-1,-1,-1,-1,9,1,E01023385,0
Unvalidated,2024411435614,2024,411435614,1,9,0,18,4,8,0,1,0,0,0,0,3,1,6,1,23,5,-1,-1,-1,-1,5,1,E01023869,0
Unvalidated,2024411435941,2024,411435941,1,9,0,18,8,2,0,5,0,0,0,0,1,1,5,1,39,7,-1,-1,-1,-1,2,1,E01000121,0
Unvalidated,2024411435994,2024,411435994,1,9,-1,-1,-1,-1,-1,-1,-1,-1,-1,0,-1,1,6,3,-1,-1,-1,-1,-1,-1,-1,-1,-1,0
Unvalidated,2024411435994,2024,411435994,2,1,-1,-1,-1,-1,-1,-1,-1,-1,-1,0,-1,1,5,2,38,7,-1,-1,-1,-1,10,2,E01023526,0
Unvalidated,2024411436052,2024,411436052,1,9,-1,-1,-1,-1,-1,0,-1,-1,-1,0,-1,1,5,2,36,7,-1,-1,-1,-1,6,3,E01023807,0
Unvalidated,2024411436052,2024,411436052,2,3,0,-1,-1,-1,-1,0,-1,-1,-1,0,-1,1,2,2,40,7,-1,-1,-1,-1,6,3,E01023807,0
Unvalidated,2024411436889,2024,411436889,1,9,0,1,1,5,0,1,0,0,0,0,3,1,6,3,-1,-1,-1,-1,-1,-1,-1,-1,-1,0
Unvalidated,2024411436942,2024,411436942,1,9,0,-1,-1,-1,-1,0,-1,-1,-1,0,-1,1,3,2,54,8,-1,-1,-1,-1,6,1,E01023570,0
Unvalidated,2024411436951,2024,411436951,1,9,0,6,8,4,0,1,0,0,0,0,1,1,6,1,50,8,-1,-1,-1,-1,10,2,E01023581,0
Unvalidated,2024411436951,2024,411436951,2,4,0,18,4,4,0,2,0,0,1,0,3,1,6,1,63,9,-1,-1,-1,-1,8,2,E01017855,0
Unvalidated,2024411436975,2024,411436975,1,9,0,7,5,7,0,6,0,0,0,0,3,1,6,2,37,7,-1,-1,-1,-1,8,1,E01023709,0
Unvalidated,2024411436975,2024,411436975,2,19,0,18,7,3,0,1,0,0,0,0,4,1,2,1,44,7,-1,-1,-1,-1,8,1,E01023666,0
Unvalidated,2024411436979,2024,411436979,1,9,0,18,5,1,0,0,0,0,0,0,1,1,6,2,34,6,-1,-1,-1,-1,8,1,E01023672,0
Unvalidated,2024411437009,2024,411437009,1,9,0,9,7,5,0,5,0,0,0,0,4,1,2,1,55,8,-1,-1,-1,-1,8,1,E01023884,0
Unvalidated,2024411437009,2024,411437009,2,1,0,18,3,7,9,8,0,0,0,0,1,1,4,1,14,3,-1,-1,-1,-1,7,1,E01023809,0
Unvalidated,2024411437109,2024,411437109,1,1,0,18,4,8,0,6,0,0,0,0,1,1,6,1,-1,-1,-1,-1,-1,-1,-1,-1,-1,0
Unvalidated,2024411437109,2024,411437109,2,9,0,3,2,6,0,1,0,0,0,0,4,1,1,1,69,10,-1,-1,-1,-1,10,1,E01023968,0
Unvalidated,2024411437264,2024,411437264,1,9,0,3,3,7,0,4,0,0,0,0,2,1,6,1,19,4,-1,-1,-1,-1,4,1,E01001518,0
Unvalidated,2024411437264,2024,411437264,2,19,0,5,3,7,0,4,0,0,0,0,1,1,1,1,31,6,-1,-1,-1,-1,4,1,E01017599,0
Unvalidated,2024411437272,2024,411437272,1,19,0,3,1,5,0,1,0,0,0,0,1,1,6,3,-1,-1,-1,-1,-1,-1,-1,-1,-1,0
Unvalidated,2024411437272,2024,411437272,2,9,0,3,1,5,0,1,0,0,0,0,2,1,5,1,21,5,-1,-1,-1,-1,5,3,E01023584,0
Unvalidated,2024411437387,2024,411437387,1,9,0,12,1,5,0,0,0,7,0,0,1,1,6,1,26,6,-1,-1,-1,-1,10,1,E01023965,0
Unvalidated,2024411437387,2024,411437387,2,9,0,18,1,5,0,0,0,7,0,0,1,1,6,2,76,11,-1,-1,-1,-1,5,1,E01023924,0
Unvalidated,2024411437388,2024,411437388,1,9,0,10,-1,-1,-1,6,0,0,0,0,1,1,6,3,-1,-1,-1,-1,-1,-1,-1,-1,-1,0
Unvalidated,2024411437503,2024,411437503,1,9,0,18,4,8,0,0,0,0,0,0,1,1,1,2,40,7,-1,-1,-1,-1,7,1,E01023871,0
Unvalidated,2024411437503,2024,411437503,2,9,0,4,4,8,0,0,0,0,0,0,2,1,6,2,54,8,-1,-1,-1,-1,1,1,E01000308,0
Unvalidated,2024411437503,2024,411437503,3,9,0,3,4,8,0,0,0,0,0,0,2,1,6,1,41,7,-1,-1,-1,-1,3,1,E01000510,0
Unvalidated,2024411437774,2024,411437774,1,9,-1,5,3,7,0,6,0,0,0,0,3,1,6,1,-1,-1,-1,-1,-1,-1,-1,-1,-1,0
Unvalidated,2024411437774,2024,411437774,2,1,0,18,7,3,0,2,0,0,0,0,4,1,5,1,22,5,-1,-1,-1,-1,2,1,E01023338,0
Unvalidated,2024411438137,2024,411438137,1,9,-1,-1,-1,-1,-1,0,-1,-1,-1,0,-1,1,6,2,-1,-1,-1,-1,-1,-1,4,1,E01016496,0
Unvalidated,2024411438137,2024,411438137,2,9,-1,-1,-1,-1,-1,0,-1,-1,-1,0,2,1,5,1,46,8,-1,-1,-1,-1,5,1,E01023829,0
Unvalidated,2024411438197,2024,411438197,1,9,0,4,6,1,0,0,0,0,0,0,1,1,6,1,35,6,-1,-1,-1,-1,4,1,E01023652,0
Unvalidated,2024411438197,2024,411438197,2,9,0,18,5,2,0,0,0,0,0,0,2,1,6,2,26,6,-1,-1,-1,-1,-1,-1,-1,0
Unvalidated,2024411438197,2024,411438197,3,9,0,18,5,1,0,0,0,0,0,0,2,1,6,1,27,6,-1,-1,-1,-1,9,1,E01023674,0
Unvalidated,2024411438206,2024,411438206,1,21,2,18,1,5,0,0,0,0,1,1,1,1,1,1,57,9,-1,-1,-1,-1,7,1,E01010078,0
Unvalidated,2024411438236,2024,411438236,1,9,0,18,7,3,0,4,0,0,0,0,1,1,6,1,23,5,-1,-1,-1,-1,3,1,E01000226,0
Unvalidated,2024411438236,2024,411438236,2,9,0,4,5,1,0,3,0,0,0,0,3,1,6,1,34,6,-1,-1,-1,-1,4,1,E01002519,0
Unvalidated,2024411438258,2024,411438258,1,9,0,14,5,1,0,2,5,0,0,0,1,1,5,1,77,11,-1,-1,-1,-1,6,1,E01023320,0
Unvalidated,2024411438258,2024,411438258,2,9,0,2,0,0,0,2,0,0,0,0,2,1,6,3,-1,-1,-1,-1,-1,-1,-1,-1,-1,0
Unvalidated,2024411438295,2024,411438295,1,9,0,18,6,2,0,1,0,0,0,0,1,1,6,1,70,10,-1,-1,-1,-1,7,1,E01023776,0
Unvalidated,2024411438295,2024,411438295,2,9,0,3,6,2,0,1,0,0,0,0,2,1,6,2,30,6,-1,-1,-1,-1,-1,1,-1,0
Unvalidated,2024411438295,2024,411438295,3,9,0,18,2,6,0,2,1,0,0,0,1,1,6,1,45,7,-1,-1,-1,-1,4,1,E01021849,0
Unvalidated,2024411438595,2024,411438595,1,4,0,5,1,5,0,1,0,0,0,0,3,1,2,1,44,7,-1,-1,-1,-1,6,1,E01017386,0
Unvalidated,2024411438595,2024,411438595,2,9,0,9,7,3,0,1,0,0,0,0,2,1,6,3,-1,-1,-1,-1,-1,-1,-1,-1,-1,0
Unvalidated,2024411438601,2024,411438601,1,9,0,18,6,2,0,0,0,0,0,0,1,1,5,2,66,10,-1,-1,-1,-1,10,3,E01023355,0
Unvalidated,2024411438752,2024,411438752,1,19,0,4,5,1,0,0,0,0,0,0,1,1,6,1,40,7,-1,-1,-1,-1,2,1,E01015759,0
Unvalidated,2024411438752,2024,411438752,2,9,0,3,5,1,0,0,0,0,0,0,2,1,6,2,31,6,-1,-1,-1,-1,5,1,E01000589,0
Unvalidated,2024411438752,2024,411438752,3,19,0,3,5,1,0,0,0,0,0,0,2,1,6,1,44,7,-1,-1,-1,-1,6,2,E01023582,0
Unvalidated,2024411438752,2024,411438752,4,9,0,3,5,1,0,0,0,0,0,0,2,1,6,1,37,7,-1,-1,-1,-1,5,1,E01023869,0
Unvalidated,2024411438774,2024,411438774,1,9,0,4,5,1,0,0,5,0,0,0,1,1,1,1,65,9,-1,-1,-1,-1,2,1,E01015726,0
Unvalidated,2024411438774,2024,411438774,2,9,0,4,5,1,0,0,0,0,0,0,2,1,1,2,45,7,-1,-1,-1,-1,7,1,E01027143,0
Unvalidated,2024411438774,2024,411438774,3,19,0,4,5,1,0,0,0,0,0,0,4,1,1,1,48,8,-1,-1,-1,-1,10,1,E01017405,0
Unvalidated,2024411438784,2024,411438784,1,9,0,18,5,1,0,0,0,0,0,0,1,1,6,1,29,6,-1,-1,-1,-1,5,1,E01015762,0
Unvalidated,2024411439725,2024,411439725,1,9,0,8,3,5,0,1,1,0,0,0,1,1,6,1,21,5,-1,-1,-1,-1,7,1,E01000317,0
Unvalidated,2024411439725,2024,411439725,2,9,0,4,5,3,0,1,1,0,0,0,2,1,2,1,30,6,-1,-1,-1,-1,4,1,E01015711,0
Unvalidated,2024411439781,2024,411439781,1,9,0,5,6,3,0,2,0,0,0,0,1,1,5,1,45,7,-1,-1,-1,-1,6,1,E01023941,0
Unvalidated,2024411439781,2024,411439781,2,4,0,18,4,8,0,8,0,0,0,0,1,1,5,1,19,4,-1,-1,-1,-1,4,3,E01023925,0
Unvalidated,2024411439797,2024,411439797,1,9,0,18,-1,-1,0,4,0,0,0,0,1,1,6,3,-1,-1,-1,-1,-1,-1,-1,-1,-1,0
Unvalidated,2024411439797,2024,411439797,2,9,0,4,-1,-1,0,4,0,0,0,0,2,1,2,1,21,5,-1,-1,-1,-1,4,1,E01023738,0
Unvalidated,2024411439802,2024,411439802,1,98,-1,-1,-1,-1,-1,0,-1,-1,-1,0,-1,1,6,1,47,8,-1,-1,-1,-1,5,1,E01023542,0
Unvalidated,2024411439802,2024,411439802,2,97,-1,-1,-1,-1,-1,0,-1,-1,-1,0,-1,1,1,1,29,6,-1,-1,-1,-1,4,1,E01002231,0
Unvalidated,2024411439857,2024,411439857,1,9,0,11,7,3,0,0,0,0,0,0,1,1,6,1,29,6,-1,-1,-1,-1,6,1,E01003644,0
Unvalidated,2024411439857,2024,411439857,2,98,1,18,7,3,0,0,0,0,0,0,2,1,1,1,45,7,-1,-1,-1,-1,8,1,E01015991,0
Unvalidated,2024411439897,2024,411439897,1,9,-1,-1,-1,-1,-1,-1,-1,-1,-1,0,-1,1,6,2,-1,-1,-1,-1,-1,-1,-1,-1,-1,0
Unvalidated,2024411439897,2024,411439897,2,1,-1,18,-1,-1,0,-1,-1,-1,-1,0,-1,1,3,1,64,9,-1,-1,-1,-1,7,3,E01023356,0
Unvalidated,2024411439955,2024,411439955,1,9,0,18,1,5,0,0,0,0,0,0,1,1,6,2,20,4,-1,-1,-1,-1,7,1,E01023776,0
Unvalidated,2024411439955,2024,411439955,2,9,0,18,1,5,0,0,0,0,0,0,2,1,6,2,32,6,-1,-1,-1,-1,8,1,E01023916,0
Unvalidated,2024411440191,2024,411440191,1,9,-1,-1,-1,-1,-1,0,-1,-1,-1,0,-1,1,6,3,-1,-1,-1,-1,-1,-1,-1,-1,-1,0
Unvalidated,2024411440223,2024,411440223,1,9,0,-1,-1,-1,-1,0,-1,-1,-1,0,-1,1,6,3,-1,-1,-1,-1,-1,-1,-1,-1,-1,0
Unvalidated,2024411440226,2024,411440226,1,9,0,18,1,5,0,0,0,0,0,0,1,1,6,1,37,7,-1,-1,-1,-1,-1,-1,-1,0
Unvalidated,2024411440226,2024,411440226,2,9,0,4,1,5,0,0,0,0,0,0,2,1,6,1,40,7,-1,-1,-1,-1,3,1,E01001508,0
Unvalidated,2024411440295,2024,411440295,1,1,0,14,6,2,0,0,0,4,0,0,1,1,1,1,25,5,-1,-1,-1,-1,7,1,E01023651,0
Unvalidated,2024411440295,2024,411440295,2,9,0,2,0,0,0,0,0,0,0,0,2,1,6,3,-1,-1,-1,-1,-1,-1,-1,-1,-1,0
Unvalidated,2024411440302,2024,411440302,1,9,0,-1,-1,-1,-1,0,-1,-1,-1,0,4,1,5,2,44,7,-1,-1,-1,-1,10,1,E01023744,0
Unvalidated,2024411440302,2024,411440302,2,1,0,4,1,5,0,0,2,0,1,0,3,1,6,1,52,8,-1,-1,-1,-1,10,1,E01023715,0
Unvalidated,2024411440395,2024,411440395,1,21,1,18,8,5,0,8,0,0,0,0,4,1,1,1,-1,-1,-1,-1,-1,-1,-1,-1,-1,0
Unvalidated,2024411440395,2024,411440395,2,9,0,5,1,5,0,4,0,0,0,0,3,1,5,2,33,6,-1,-1,-1,-1,10,1,E01028487,0
Unvalidated,2024411440578,2024,411440578,1,9,0,18,5,1,0,0,2,11,1,11,4,1,6,1,20,4,-1,-1,-1,-1,8,1,E01021793,0
Unvalidated,2024411440623,2024,411440623,1,9,0,18,8,4,0,3,0,0,0,0,2,1,6,1,44,7,-1,-1,-1,-1,4,1,E01000316,0
Unvalidated,2024411440623,2024,411440623,2,9,0,18,8,4,0,3,0,0,0,0,1,1,6,2,53,8,-1,-1,-1,-1,9,1,E01023834,0
Unvalidated,2024411440634,2024,411440634,1,9,0,18,7,3,0,1,0,0,0,0,1,1,6,2,57,9,-1,-1,-1,-1,8,1,E01023470,0
Unvalidated,2024411440634,2024,411440634,2,1,0,18,2,4,0,1,0,0,0,0,1,1,6,1,46,8,-1,-1,-1,-1,10,1,E01023483,0