status,collision_index,collision_year,collision_reference,vehicle_reference,vehicle_type,towing_and_articulation,vehicle_manoeuvre,vehicle_direction_from,vehicle_direction_to,vehicle_location_restricted_lane,junction_location,skidding_and_overturning,hit_object_in_carriageway,vehicle_leaving_carriageway,hit_object_off_carriageway,first_point_of_impact,vehicle_left_hand_drive,journey_purpose_of_driver,sex_of_driver,age_of_driver,age_band_of_driver,engine_capacity_cc,propulsion_code,age_of_vehicle,generic_make_model,driver_imd_decile,driver_home_area_type,lsoa_of_driver,escooter_flag
Unvalidated,2024411440637,2024,411440637,1,9,0,18,1,7,0,0,0,0,1,0,1,1,6,1,89,11,-1,-1,-1,-1,4,1,E01021863,0
Unvalidated,2024411440638,2024,411440638,1,90,0,18,7,3,0,0,0,0,0,0,1,1,5,1,47,8,-1,-1,-1,-1,3,1,E01023343,0
Unvalidated,2024411440638,2024,411440638,2,19,0,13,7,3,0,0,0,0,0,0,2,1,6,3,-1,-1,-1,-1,-1,-1,-1,-1,-1,0
Unvalidated,2024411440647,2024,411440647,1,20,0,18,5,1,0,0,0,0,0,0,1,1,2,1,57,9,-1,-1,-1,-1,7,1,E01032073,0
Unvalidated,2024411440647,2024,411440647,2,9,0,4,5,1,0,0,0,0,0,0,2,1,2,2,20,4,-1,-1,-1,-1,2,1,E01001464,0
Unvalidated,2024411440647,2024,411440647,3,9,0,18,5,1,0,0,0,0,0,0,1,1,5,1,32,6,-1,-1,-1,-1,5,1,E01032734,0
Unvalidated,2024411440647,2024,411440647,4,9,0,18,5,1,0,0,0,0,0,0,1,1,2,1,24,5,-1,-1,-1,-1,10,1,E01023563,0
Unvalidated,2024411440648,2024,411440648,1,9,0,-1,-1,-1,-1,-1,-1,-1,-1,0,4,1,6,3,-1,-1,-1,-1,-1,-1,-1,-1,-1,0
Unvalidated,2024411440648,2024,411440648,2,1,0,-1,5,1,0,-1,0,0,-1,0,1,1,2,2,43,7,-1,-1,-1,-1,4,1,E01023828,0
Unvalidated,2024411440656,2024,411440656,1,9,0,18,3,7,0,0,0,0,0,0,1,1,6,1,29,6,-1,-1,-1,-1,3,1,E01003625,0
Unvalidated,2024411440656,2024,411440656,2,9,0,18,3,7,0,0,0,0,0,0,1,1,6,1,35,6,-1,-1,-1,-1,3,1,E01023348,0
Unvalidated,2024411440656,2024,411440656,3,9,0,18,3,7,0,0,0,0,0,0,2,1,6,2,44,7,-1,-1,-1,-1,9,1,E01017454,0
Unvalidated,2024411440656,2024,411440656,4,9,0,18,3,7,0,0,0,0,0,0,0,1,6,1,32,6,-1,-1,-1,-1,2,1,E01003622,0
Unvalidated,2024411440705,2024,411440705,1,9,-1,-1,-1,-1,-1,0,-1,-1,-1,0,-1,1,5,2,-1,-1,-1,-1,-1,-1,7,1,E01023913,0
Unvalidated,2024411440705,2024,411440705,2,9,-1,-1,-1,-1,-1,0,-1,-1,-1,0,-1,1,2,2,35,6,-1,-1,-1,-1,7,2,E01032399,0
Unvalidated,2024411440728,2024,411440728,1,9,0,18,1,5,0,0,0,0,1,4,4,1,6,1,53,8,-1,-1,-1,-1,3,1,E01015730,0
Unvalidated,2024411440728,2024,411440728,2,9,0,18,1,5,0,0,0,0,0,0,3,1,6,1,43,7,-1,-1,-1,-1,4,1,E01017521,0
Unvalidated,2024411440803,2024,411440803,1,97,0,14,5,1,0,0,5,4,0,0,1,1,1,1,40,7,-1,-1,-1,-1,4,1,E01023336,0
Unvalidated,2024411440803,2024,411440803,2,98,0,2,0,0,0,0,0,0,0,0,3,1,1,1,50,8,-1,-1,-1,-1,8,1,E01023729,0
Unvalidated,2024411440816,2024,411440816,1,9,0,8,3,1,0,4,0,0,0,0,0,1,6,2,62,9,-1,-1,-1,-1,7,3,E01023663,0
Unvalidated,2024411440816,2024,411440816,2,22,0,18,1,3,9,3,5,0,0,0,1,1,6,1,88,11,-1,-1,-1,-1,5,1,E01023643,0
Unvalidated,2024411441024,2024,411441024,1,9,-1,18,4,8,0,0,0,0,0,0,1,1,6,1,52,8,-1,-1,-1,-1,1,1,E01023844,0
Unvalidated,2024411441024,2024,411441024,2,19,-1,3,4,8,0,0,1,0,0,0,2,1,1,1,45,7,-1,-1,-1,-1,7,1,E01023398,0
Unvalidated,2024411441036,2024,411441036,1,9,0,5,6,2,0,6,0,0,0,0,3,1,6,2,36,7,-1,-1,-1,-1,4,1,E01015782,0
Unvalidated,2024411441036,2024,411441036,2,9,0,18,4,8,0,8,0,0,0,0,1,1,2,1,52,8,-1,-1,-1,-1,5,1,E01023611,0
Unvalidated,2024411441069,2024,411441069,1,9,0,18,8,4,0,8,0,0,0,0,3,1,2,2,37,7,-1,-1,-1,-1,8,1,E01023298,0
Unvalidated,2024411441069,2024,411441069,2,20,0,5,6,4,0,6,0,0,0,0,1,1,2,1,31,6,-1,-1,-1,-1,6,1,E01000304,0
Unvalidated,2024411441070,2024,411441070,1,9,0,13,1,5,0,1,0,0,0,0,1,1,6,1,23,5,-1,-1,-1,-1,-1,-1,-1,0
Unvalidated,2024411441070,2024,411441070,2,9,0,18,1,5,0,1,0,0,0,0,3,1,6,2,40,7,-1,-1,-1,-1,3,1,E01023640,0
Unvalidated,2024411441089,2024,411441089,1,9,0,18,1,5,0,0,0,0,0,0,1,1,5,1,66,10,-1,-1,-1,-1,9,3,E01023597,0
Unvalidated,2024411441089,2024,411441089,2,9,0,18,5,1,0,0,0,0,0,0,1,1,5,2,19,4,-1,-1,-1,-1,10,3,E01018288,0
Unvalidated,2024411441201,2024,411441201,1,9,0,13,5,1,0,0,0,0,0,0,4,1,2,2,40,7,-1,-1,-1,-1,7,1,E01017705,0
Unvalidated,2024411441201,2024,411441201,2,1,0,18,5,1,0,0,0,0,0,0,3,1,1,1,60,9,-1,-1,-1,-1,6,1,E01023369,0
Unvalidated,2024411441205,2024,411441205,1,97,0,18,5,1,0,1,0,0,0,0,1,1,6,1,30,6,-1,-1,-1,-1,7,1,E01023347,0
Unvalidated,2024411441205,2024,411441205,2,9,0,18,3,7,0,8,0,0,0,0,1,1,6,2,54,8,-1,-1,-1,-1,10,1,E01023372,0
Unvalidated,2024411441213,2024,411441213,1,9,0,18,4,8,0,0,0,0,0,0,1,1,6,1,44,7,-1,-1,-1,-1,5,3,E01016577,0
Unvalidated,2024411441213,2024,411441213,2,3,0,5,8,4,0,0,0,0,0,0,1,1,6,1,36,7,-1,-1,-1,-1,6,1,E01023903,0
Unvalidated,2024411442045,2024,411442045,1,9,0,4,5,3,0,0,0,0,0,0,1,1,6,2,36,7,-1,-1,-1,-1,4,1,E01023393,0
Unvalidated,2024411442192,2024,411442192,1,9,0,11,1,5,0,0,0,0,0,0,2,1,6,2,19,4,-1,-1,-1,-1,5,1,E01023332,0
Unvalidated,2024411442192,2024,411442192,2,97,0,18,1,5,0,0,5,0,0,0,1,1,6,1,51,8,-1,-1,-1,-1,4,1,E01001444,0
Unvalidated,2024411442192,2024,411442192,3,9,0,18,1,5,0,0,0,0,0,0,0,1,6,3,-1,-1,-1,-1,-1,-1,-1,-1,-1,0
Unvalidated,2024411442216,2024,411442216,1,9,0,5,4,8,0,6,0,0,0,0,1,1,6,1,41,7,-1,-1,-1,-1,7,1,E01023809,0
Unvalidated,2024411442216,2024,411442216,2,1,0,18,2,6,0,8,0,0,0,0,4,1,2,3,37,7,-1,-1,-1,-1,5,1,E01023806,0
Unvalidated,2024411442245,2024,411442245,1,9,0,5,1,5,0,8,0,0,0,0,4,1,6,1,38,7,-1,-1,-1,-1,7,1,E01023856,0
Unvalidated,2024411442245,2024,411442245,2,90,0,5,3,6,0,8,0,0,0,0,1,1,1,2,29,6,-1,-1,-1,-1,7,1,E01023435,0
Unvalidated,2024411442592,2024,411442592,1,9,0,5,5,1,0,6,0,0,0,0,1,1,6,1,36,7,-1,-1,-1,-1,10,1,E01023471,0
Unvalidated,2024411442592,2024,411442592,2,8,0,18,3,7,0,8,0,0,0,0,4,1,1,1,36,7,-1,-1,-1,-1,7,1,E01002144,0
Unvalidated,2024411442621,2024,411442621,1,9,0,5,3,7,0,6,0,0,0,0,1,1,6,2,67,10,-1,-1,-1,-1,4,1,E01023757,0
Unvalidated,2024411442621,2024,411442621,2,3,0,18,5,1,0,1,0,0,0,0,1,1,5,1,43,7,-1,-1,-1,-1,6,1,E01023633,0
Unvalidated,2024411442653,2024,411442653,1,9,-1,-1,-1,-1,-1,0,-1,-1,-1,0,-1,1,6,2,46,8,-1,-1,-1,-1,5,1,E01023939,0
Unvalidated,2024411442656,2024,411442656,1,9,0,18,1,5,0,1,0,0,0,0,1,1,6,1,22,5,-1,-1,-1,-1,4,1,E01023756,0
Unvalidated,2024411442656,2024,411442656,2,3,0,5,7,3,0,1,1,0,0,0,1,1,2,1,38,7,-1,-1,-1,-1,7,1,E01023760,0
Unvalidated,2024411442687,2024,411442687,1,9,0,3,7,3,0,2,0,0,0,0,2,1,6,2,18,4,-1,-1,-1,-1,6,1,E01000232,0
Unvalidated,2024411442687,2024,411442687,2,9,0,3,7,3,0,2,0,0,0,0,1,1,1,1,54,8,-1,-1,-1,-1,7,1,E01023556,0
Unvalidated,2024411442698,2024,411442698,2,1,4,-1,-1,-1,-1,-1,-1,-1,-1,0,1,1,3,2,36,7,-1,-1,-1,-1,4,1,E01023861,0
Unvalidated,2024411442698,2024,411442698,3,9,-1,-1,-1,-1,-1,-1,-1,-1,-1,0,-1,1,6,2,45,7,-1,-1,-1,-1,7,1,E01023856,0
Unvalidated,2024411442763,2024,411442763,1,98,1,11,8,4,0,3,0,0,0,0,1,1,1,1,60,9,-1,-1,-1,-1,3,1,E01017020,0
Unvalidated,2024411442763,2024,411442763,2,9,0,18,8,4,0,3,0,0,0,0,3,1,2,2,56,9,-1,-1,-1,-1,9,1,E01023917,0
Unvalidated,2024411443095,2024,411443095,1,9,-1,7,-1,-1,0,5,0,0,0,0,4,1,6,2,39,7,-1,-1,-1,-1,4,1,E01015734,0
Unvalidated,2024411443095,2024,411443095,2,1,-1,18,-1,-1,0,8,5,0,0,0,1,1,2,1,48,8,-1,-1,-1,-1,10,1,E01023458,0
Unvalidated,2024411443113,2024,411443113,1,9,-1,1,1,5,0,1,0,0,0,0,2,1,6,1,36,7,-1,-1,-1,-1,9,3,E01016735,0
Unvalidated,2024411443113,2024,411443113,2,3,-1,3,1,5,0,1,0,0,0,0,1,1,1,1,30,6,-1,-1,-1,-1,7,1,E01023901,0
Unvalidated,2024411443124,2024,411443124,1,9,0,5,1,5,9,4,0,0,3,2,1,1,6,2,80,11,-1,-1,-1,-1,10,1,E01023379,0
Unvalidated,2024411443179,2024,411443179,1,9,0,7,4,2,0,1,0,0,0,0,1,1,1,1,55,8,-1,-1,-1,-1,9,1,E01009804,0
Unvalidated,2024411443179,2024,411443179,2,9,0,9,6,8,0,1,0,0,0,0,1,1,5,2,53,8,-1,-1,-1,-1,10,3,E01017703,0
Unvalidated,2024411443260,2024,411443260,1,9,0,18,2,1,0,0,0,0,0,0,1,1,6,1,21,5,-1,-1,-1,-1,5,1,E01021773,0
Unvalidated,2024411443488,2024,411443488,1,9,0,18,2,7,0,4,0,0,0,0,1,1,6,3,-1,-1,-1,-1,-1,-1,-1,-1,-1,0
Unvalidated,2024411443488,2024,411443488,2,1,0,5,3,7,0,4,1,0,0,0,2,1,5,1,17,4,-1,-1,-1,-1,7,1,E01023923,0
Unvalidated,2024411443572,2024,411443572,1,9,0,3,8,4,0,1,0,0,0,0,2,1,6,2,51,8,-1,-1,-1,-1,6,3,E01030135,0
Unvalidated,2024411443572,2024,411443572,2,20,0,4,8,4,0,1,0,0,0,0,2,1,1,1,27,6,-1,-1,-1,-1,7,1,E01021856,0
Unvalidated,2024411443572,2024,411443572,3,9,0,18,8,4,0,1,0,0,0,0,1,1,6,1,38,7,-1,-1,-1,-1,-1,-1,-1,0
Unvalidated,2024411443585,2024,411443585,1,9,0,18,2,6,0,2,1,0,0,0,1,1,2,2,21,5,-1,-1,-1,-1,10,1,E01023768,0
Unvalidated,2024411443585,2024,411443585,2,19,0,5,4,8,0,8,0,0,0,0,4,1,1,1,47,8,-1,-1,-1,-1,1,1,E01015773,0
Unvalidated,2024411443586,2024,411443586,1,9,0,4,5,1,0,4,0,0,0,0,2,1,6,2,47,8,-1,-1,-1,-1,9,1,E01023448,0
Unvalidated,2024411443586,2024,411443586,2,9,0,4,5,1,0,4,0,0,0,0,1,1,6,1,30,6,-1,-1,-1,-1,4,1,E01021863,0
Unvalidated,2024411443606,2024,411443606,1,9,-1,-1,-1,-1,-1,-1,-1,-1,-1,0,-1,1,6,1,64,9,-1,-1,-1,-1,5,1,E01021865,0
Unvalidated,2024411443606,2024,411443606,2,8,-1,-1,-1,-1,-1,-1,-1,-1,-1,0,-1,1,3,1,53,8,-1,-1,-1,-1,4,1,E01021818,0
Unvalidated,2024411443618,2024,411443618,1,19,0,4,3,7,0,0,0,0,0,0,1,1,6,1,75,10,-1,-1,-1,-1,4,1,E01023296,0
Unvalidated,2024411443618,2024,411443618,2,1,0,4,7,3,0,0,0,0,0,0,1,1,6,1,13,3,-1,-1,-1,-1,3,1,E01023294,0
Unvalidated,2024411443657,2024,411443657,1,9,0,18,-1,-1,0,0,0,0,0,0,1,1,5,1,18,4,-1,-1,-1,-1,9,2,E01017414,0
Unvalidated,2024411443657,2024,411443657,2,9,0,-1,-1,-1,-1,0,-1,-1,-1,0,2,1,2,2,58,9,-1,-1,-1,-1,4,3,E01017552,0
Unvalidated,2024411443661,2024,411443661,1,9,0,5,5,1,0,0,0,0,0,0,1,1,5,1,40,7,-1,-1,-1,-1,8,1,E01021795,0
Unvalidated,2024411443661,2024,411443661,2,9,0,4,5,1,0,0,0,0,0,0,2,1,2,2,46,8,-1,-1,-1,-1,3,1,E01021862,0
Unvalidated,2024411443665,2024,411443665,1,9,0,18,6,2,0,4,0,0,0,0,1,1,6,1,39,7,-1,-1,-1,-1,9,1,E01028425,0
Unvalidated,2024411443665,2024,411443665,2,1,0,18,3,7,0,8,5,0,0,0,4,1,6,1,34,6,-1,-1,-1,-1,6,1,E01023305,0
Unvalidated,2024411443676,2024,411443676,1,97,0,15,8,4,0,0,5,0,0,0,1,1,6,1,21,5,-1,-1,-1,-1,8,1,E01033029,0
Unvalidated,2024411443676,2024,411443676,2,9,0,18,4,8,0,0,0,0,0,0,3,1,6,1,64,9,-1,-1,-1,-1,8,1,E01033029,0
Unvalidated,2024411443679,2024,411443679,1,9,0,2,1,5,0,2,0,0,0,0,2,1,6,3,-1,-1,-1,-1,-1,-1,-1,-1,-1,0
Unvalidated,2024411443679,2024,411443679,2,9,0,1,1,5,0,2,0,0,0,0,2,1,6,1,66,10,-1,-1,-1,-1,6,1,E01023317,0
Unvalidated,2024411443686,2024,411443686,1,9,0,18,2,6,0,0,0,0,1,4,2,1,1,1,40,7,-1,-1,-1,-1,2,1,E01000289,0
Unvalidated,2024411443686,2024,411443686,2,19,0,18,6,2,0,0,0,0,0,0,3,1,6,1,62,9,-1,-1,-1,-1,5,1,E01023765,0
Unvalidated,2024411443997,2024,411443997,1,3,0,18,7,5,0,4,0,0,0,0,1,1,6,1,21,5,-1,-1,-1,-1,3,2,E01017562,0
Unvalidated,2024411443997,2024,411443997,2,9,0,18,1,4,0,5,0,0,0,0,3,1,2,2,31,6,-1,-1,-1,-1,10,1,E01017442,0
Unvalidated,2024411444011,2024,411444011,1,9,9,99,1,5,0,0,0,0,0,0,1,1,6,1,-1,-1,-1,-1,-1,-1,-1,-1,-1,0
Unvalidated,2024411444011,2024,411444011,2,3,0,18,7,3,0,0,0,0,0,0,9,1,5,1,36,7,-1,-1,-1,-1,4,1,E01023403,0
Unvalidated,2024411444047,2024,411444047,1,9,0,15,1,5,0,1,0,0,0,0,1,1,6,2,27,6,-1,-1,-1,-1,10,1,E01017442,0
Unvalidated,2024411444047,2024,411444047,2,9,0,18,5,1,0,1,0,0,0,0,1,1,3,2,35,6,-1,-1,-1,-1,10,3,E01017413,0
Unvalidated,2024411444050,2024,411444050,1,9,0,5,5,8,0,1,0,0,0,0,2,1,2,1,29,6,-1,-1,-1,-1,7,1,E01023850,0
Unvalidated,2024411444050,2024,411444050,2,11,0,18,5,8,0,1,0,0,0,0,1,1,6,1,43,7,-1,-1,-1,-1,5,1,E01004475,0
Unvalidated,2024411444109,2024,411444109,1,9,0,18,5,1,0,1,0,0,0,0,1,1,6,3,-1,-1,-1,-1,-1,-1,-1,-1,-1,0
Unvalidated,2024411444988,2024,411444988,1,9,0,10,3,8,0,1,0,0,0,0,1,1,6,2,39,7,-1,-1,-1,-1,6,1,E01023320,0
Unvalidated,2024411444988,2024,411444988,2,9,0,18,1,5,0,1,0,0,0,0,3,1,1,1,80,11,-1,-1,-1,-1,9,2,E01033609,0
Unvalidated,2024411445033,2024,411445033,1,9,0,18,8,4,0,1,0,0,0,0,1,1,6,1,79,11,-1,-1,-1,-1,7,1,E01000292,0
Unvalidated,2024411445033,2024,411445033,2,9,0,18,4,8,0,1,0,0,0,0,1,1,6,1,57,9,-1,-1,-1,-1,9,1,E01023553,0
Unvalidated,2024411445033,2024,411445033,3,98,-1,-1,-1,-1,-1,1,-1,-1,-1,0,-1,1,6,1,75,10,-1,-1,-1,-1,10,1,E01023550,0
Unvalidated,2024411445035,2024,411445035,1,9,-1,-1,-1,-1,-1,0,-1,-1,-1,0,-1,1,6,3,-1,-1,-1,-1,-1,-1,-1,-1,-1,0
Unvalidated,2024411445055,2024,411445055,1,19,0,5,7,5,0,8,0,0,0,0,1,1,1,1,32,6,-1,-1,-1,-1,7,2,E01023527,0
Unvalidated,2024411445055,2024,411445055,2,1,0,10,5,1,0,8,0,0,0,0,1,1,6,1,32,6,-1,-1,-1,-1,3,1,E01001759,0
Unvalidated,2024411445068,2024,411445068,1,9,0,1,3,1,0,0,0,0,0,0,1,1,6,1,56,9,-1,-1,-1,-1,7,1,E01023513,0
Unvalidated,2024411445083,2024,411445083,1,9,0,4,5,1,0,0,0,0,1,0,1,1,6,2,30,6,-1,-1,-1,-1,6,1,E01023409,0
Unvalidated,2024411445083,2024,411445083,2,98,0,4,5,1,0,0,0,0,0,0,2,1,6,1,24,5,-1,-1,-1,-1,6,1,E01027079,0
Unvalidated,2024411445093,2024,411445093,1,9,0,5,7,3,0,0,0,0,0,0,3,1,6,1,27,6,-1,-1,-1,-1,7,1,E01023863,0
Unvalidated,2024411445093,2024,411445093,2,19,0,18,7,3,0,0,0,0,0,0,4,1,1,2,37,7,-1,-1,-1,-1,10,1,E01023381,0
Unvalidated,2024411445132,2024,411445132,1,9,0,18,2,6,0,0,0,11,0,0,1,1,6,2,77,11,-1,-1,-1,-1,7,1,E01023649,0
Unvalidated,2024411445366,2024,411445366,1,9,0,11,5,1,0,0,0,0,0,0,1,1,1,2,45,7,-1,-1,-1,-1,4,1,E01016378,0
Unvalidated,2024411445366,2024,411445366,2,9,0,18,1,5,0,0,0,0,0,0,3,1,1,1,68,10,-1,-1,-1,-1,8,3,E01017720,0
Unvalidated,2024411445377,2024,411445377,1,5,0,18,5,1,0,0,0,0,0,0,1,1,6,1,43,7,-1,-1,-1,-1,8,1,E01023678,0
Unvalidated,2024411445411,2024,411445411,1,9,0,18,6,2,0,1,0,0,0,0,1,1,6,2,56,9,-1,-1,-1,-1,4,1,E01023859,0
Unvalidated,2024411445411,2024,411445411,2,9,0,5,6,2,0,1,0,0,0,0,2,1,5,2,59,9,-1,-1,-1,-1,5,1,E01023862,0
Unvalidated,2024411445466,2024,411445466,1,9,0,18,5,1,0,4,0,0,0,0,1,1,1,1,47,8,-1,-1,-1,-1,7,1,E01023871,0
Unvalidated,2024411445466,2024,411445466,2,1,0,18,2,6,0,4,0,0,0,0,1,1,5,1,59,9,-1,-1,-1,-1,10,1,E01023826,0
Unvalidated,2024411445493,2024,411445493,1,9,0,18,6,2,0,2,5,11,1,2,1,1,6,1,57,9,-1,-1,-1,-1,9,1,E01001422,0
Unvalidated,2024411445501,2024,411445501,1,9,-1,6,5,5,0,5,0,0,0,0,3,1,6,2,-1,-1,-1,-1,-1,-1,10,1,E01023730,0
Unvalidated,2024411445501,2024,411445501,2,1,0,18,5,1,0,1,0,0,0,0,1,1,2,2,28,6,-1,-1,-1,-1,10,1,E01023744,0
Unvalidated,2024411445518,2024,411445518,1,9,0,4,2,6,0,0,0,0,3,0,1,1,6,1,80,11,-1,-1,-1,-1,9,1,E01023713,0
Unvalidated,2024411445556,2024,411445556,1,9,0,18,1,5,0,0,0,0,0,0,1,1,2,2,20,4,-1,-1,-1,-1,7,1,E01023963,0
Unvalidated,2024411445556,2024,411445556,2,9,0,4,5,1,0,0,0,0,0,0,1,1,6,1,54,8,-1,-1,-1,-1,9,3,E01023509,0
Unvalidated,2024411445626,2024,411445626,1,9,0,9,6,5,0,5,1,0,0,0,3,1,2,2,50,8,-1,-1,-1,-1,7,1,E01023569,0
Unvalidated,2024411445626,2024,411445626,2,9,0,18,2,7,0,1,1,0,0,0,1,1,2,1,62,9,-1,-1,-1,-1,6,1,E01023855,0
Unvalidated,2024411445626,2024,411445626,3,9,0,9,5,2,0,1,0,0,0,0,1,1,2,2,49,8,-1,-1,-1,-1,3,1,E01003539,0
Unvalidated,2024411445691,2024,411445691,1,5,0,16,6,2,0,0,0,0,0,0,1,1,6,1,26,6,-1,-1,-1,-1,6,1,E01023942,0
Unvalidated,2024411445691,2024,411445691,2,9,0,17,2,6,0,0,0,0,0,0,1,1,5,1,37,7,-1,-1,-1,-1,10,1,E01023734,0
Unvalidated,2024411445691,2024,411445691,3,9,0,18,6,2,0,0,0,0,0,0,0,1,1,1,32,6,-1,-1,-1,-1,2,1,E01023758,0
Unvalidated,2024411445946,2024,411445946,1,9,0,18,1,5,0,0,0,10,0,0,3,1,6,2,17,4,-1,-1,-1,-1,5,1,E01023705,0
Unvalidated,2024411445946,2024,411445946,2,9,0,18,5,1,0,0,0,0,0,0,3,1,1,1,-1,-1,-1,-1,-1,-1,-1,-1,-1,0
Unvalidated,2024411445958,2024,411445958,1,9,0,13,5,1,0,1,0,0,0,0,1,1,1,2,18,4,-1,-1,-1,-1,4,1,E01023870,0
Unvalidated,2024411445958,2024,411445958,2,1,0,9,5,3,0,1,0,0,0,0,2,1,6,1,65,9,-1,-1,-1,-1,10,1,E01023420,0
Unvalidated,2024411446041,2024,411446041,1,9,0,4,8,4,0,0,0,0,0,0,2,1,6,2,57,9,-1,-1,-1,-1,7,1,E01023682,0
Unvalidated,2024411446041,2024,411446041,2,9,0,18,8,4,0,0,0,0,0,0,1,1,6,2,62,9,-1,-1,-1,-1,1,1,E01015736,0
Unvalidated,2024411446061,2024,411446061,1,9,-1,-1,-1,-1,-1,0,-1,-1,-1,0,-1,1,6,3,-1,-1,-1,-1,-1,-1,-1,-1,-1,0
Unvalidated,2024411446061,2024,411446061,2,9,-1,-1,-1,-1,-1,0,-1,-1,-1,0,-1,1,3,1,68,10,-1,-1,-1,-1,4,1,E01023488,0
Unvalidated,2024411446082,2024,411446082,1,8,0,18,1,5,0,1,0,0,0,0,1,1,1,1,40,7,-1,-1,-1,-1,7,1,E01015695,0
Unvalidated,2024411446256,2024,411446256,1,4,0,18,8,5,0,8,5,0,0,0,1,1,6,1,41,7,-1,-1,-1,-1,10,1,E01017664,0
Unvalidated,2024411446256,2024,411446256,2,9,0,9,3,8,0,8,0,0,0,0,3,1,2,2,23,5,-1,-1,-1,-1,9,1,E01017582,0
Unvalidated,2024411446331,2024,411446331,1,9,0,13,2,6,0,0,0,0,0,0,3,1,6,2,63,9,-1,-1,-1,-1,9,3,E01023493,0
Unvalidated,2024411446331,2024,411446331,2,5,0,18,2,6,0,0,5,0,1,0,4,1,6,1,50,8,-1,-1,-1,-1,5,1,E01023956,0
Unvalidated,2024411447062,2024,411447062,1,9,0,5,5,1,0,0,0,0,0,0,1,1,6,1,-1,-1,-1,-1,-1,-1,-1,-1,-1,0
Unvalidated,2024411447062,2024,411447062,2,9,0,18,3,7,0,0,0,0,0,0,3,1,5,1,38,7,-1,-1,-1,-1,-1,-1,-1,0
Unvalidated,2024411447107,2024,411447107,1,9,0,3,1,5,0,1,9,99,0,0,1,1,6,2,56,9,-1,-1,-1,-1,2,1,E01003196,0
Unvalidated,2024411447107,2024,411447107,2,9,0,3,1,5,0,1,9,99,0,0,2,1,6,2,24,5,-1,-1,-1,-1,5,1,E01023827,0
Unvalidated,2024411447125,2024,411447125,1,9,0,5,1,5,0,8,0,0,3,0,1,1,6,1,60,9,-1,-1,-1,-1,4,1,E01023357,0
Unvalidated,2024411447147,2024,411447147,1,19,0,18,6,2,0,0,1,0,0,0,1,1,1,1,64,9,-1,-1,-1,-1,-1,-1,-1,0
Unvalidated,2024411447174,2024,411447174,1,9,0,9,2,3,0,1,0,0,1,0,1,1,5,2,67,10,-1,-1,-1,-1,10,1,E01023379,0
Unvalidated,2024411447174,2024,411447174,2,9,0,18,4,8,0,1,1,0,0,0,1,1,5,1,79,11,-1,-1,-1,-1,3,3,E01017562,0
Unvalidated,2024411447195,2024,411447195,1,9,0,18,2,6,0,1,0,0,0,0,1,1,6,2,69,10,-1,-1,-1,-1,10,1,E01023667,0
Unvalidated,2024411447195,2024,411447195,2,9,0,9,4,8,0,1,0,0,0,0,1,1,6,2,17,4,-1,-1,-1,-1,7,1,E01023682,0
Unvalidated,2024411447214,2024,411447214,1,9,0,11,4,8,0,0,1,0,2,0,4,1,6,1,38,7,-1,-1,-1,-1,3,1,E01031444,0
Unvalidated,2024411447214,2024,411447214,2,9,0,18,4,8,0,0,0,0,1,0,3,1,5,1,56,9,-1,-1,-1,-1,10,1,E01023730,0
Unvalidated,2024411447231,2024,411447231,1,9,0,18,4,8,0,0,1,0,0,0,4,1,6,1,42,7,-1,-1,-1,-1,2,1,E01008884,0
Unvalidated,2024411447235,2024,411447235,1,9,0,17,8,4,0,4,1,0,0,0,1,1,6,2,70,10,-1,-1,-1,-1,5,1,E01023331,0
Unvalidated,2024411447235,2024,411447235,2,9,0,17,8,4,0,3,1,0,0,0,2,1,3,1,52,8,-1,-1,-1,-1,8,1,E01023470,0
Unvalidated,2024411447249,2024,411447249,1,9,0,7,7,3,0,8,0,0,0,0,1,1,2,2,26,6,-1,-1,-1,-1,7,1,E01023398,0
Unvalidated,2024411447274,2024,411447274,1,9,0,11,3,7,0,0,0,0,0,0,2,1,6,1,42,7,-1,-1,-1,-1,6,1,E01002475,0
Unvalidated,2024411447274,2024,411447274,2,9,0,18,3,7,0,0,0,0,0,0,1,1,6,1,54,8,-1,-1,-1,-1,8,1,E01023704,0
Unvalidated,2024411447274,2024,411447274,3,9,0,18,3,7,0,0,0,0,0,0,3,1,6,2,65,9,-1,-1,-1,-1,4,1,E01023859,0
Unvalidated,2024411447274,2024,411447274,4,9,0,18,3,7,0,0,0,0,0,0,3,1,6,1,38,7,-1,-1,-1,-1,5,1,E01023867,0
Unvalidated,2024411447314,2024,411447314,1,9,0,18,6,1,0,6,0,0,0,0,1,1,6,1,58,9,-1,-1,-1,-1,10,1,E01023290,0
Unvalidated,2024411447314,2024,411447314,2,1,0,18,5,1,0,2,0,0,0,0,2,1,6,1,55,8,-1,-1,-1,-1,2,1,E01000901,0
Unvalidated,2024411447682,2024,411447682,1,9,0,18,2,6,0,0,0,0,0,0,1,1,2,1,66,10,-1,-1,-1,-1,7,1,E01023519,0
Unvalidated,2024411448806,2024,411448806,1,9,0,7,5,2,0,3,0,0,0,0,1,1,6,1,34,6,-1,-1,-1,-1,2,1,E01004679,0
Unvalidated,2024411448813,2024,411448813,1,9,-1,-1,-1,-1,-1,-1,-1,-1,-1,0,-1,1,6,3,-1,-1,-1,-1,-1,-1,-1,-1,-1,0