status,collision_index,collision_year,collision_reference,vehicle_reference,vehicle_type,towing_and_articulation,vehicle_manoeuvre,vehicle_direction_from,vehicle_direction_to,vehicle_location_restricted_lane,junction_location,skidding_and_overturning,hit_object_in_carriageway,vehicle_leaving_carriageway,hit_object_off_carriageway,first_point_of_impact,vehicle_left_hand_drive,journey_purpose_of_driver,sex_of_driver,age_of_driver,age_band_of_driver,engine_capacity_cc,propulsion_code,age_of_vehicle,generic_make_model,driver_imd_decile,driver_home_area_type,lsoa_of_driver,escooter_flag
Unvalidated,2024411448813,2024,411448813,2,9,-1,18,2,-1,0,4,0,0,0,0,2,1,5,1,46,8,-1,-1,-1,-1,4,1,E01023547,0
Unvalidated,2024411448856,2024,411448856,1,9,0,1,1,5,0,0,0,0,0,0,1,1,6,2,46,8,-1,-1,-1,-1,7,1,E01000118,0
Unvalidated,2024411448856,2024,411448856,2,9,-1,3,1,5,0,0,0,0,0,0,3,1,5,1,36,7,-1,-1,-1,-1,7,1,E01023871,0
Unvalidated,2024411448881,2024,411448881,1,9,0,9,7,2,0,3,0,11,0,0,1,1,1,2,38,7,-1,-1,-1,-1,10,1,E01023614,0
Unvalidated,2024411448881,2024,411448881,2,4,0,18,7,2,0,3,0,11,0,0,2,1,1,1,29,6,-1,-1,-1,-1,10,1,E01023607,0
Unvalidated,2024411448913,2024,411448913,1,9,0,18,1,5,0,0,0,0,7,0,1,1,5,1,57,9,-1,-1,-1,-1,9,1,E01023439,0
Unvalidated,2024411448924,2024,411448924,1,9,0,18,5,1,0,0,5,0,0,0,3,1,6,1,29,6,-1,-1,-1,-1,2,1,E01015754,0
Unvalidated,2024411448924,2024,411448924,2,9,0,18,5,1,0,0,0,0,0,0,4,1,6,1,34,6,-1,-1,-1,-1,6,1,E01023921,0
Unvalidated,2024411448925,2024,411448925,1,9,0,9,7,5,0,8,0,0,0,0,3,1,5,2,48,8,-1,-1,-1,-1,6,1,E01023601,0
Unvalidated,2024411448925,2024,411448925,2,9,0,18,7,3,0,1,0,0,0,0,4,1,1,1,31,6,-1,-1,-1,-1,5,1,E01023755,0
Unvalidated,2024411448997,2024,411448997,1,9,0,4,5,1,0,0,0,0,7,4,1,1,6,1,72,10,-1,-1,-1,-1,8,1,E01023709,0
Unvalidated,2024411449001,2024,411449001,1,9,0,7,6,2,0,4,0,0,0,0,3,1,5,2,82,11,-1,-1,-1,-1,6,1,E01023915,0
Unvalidated,2024411449001,2024,411449001,2,1,0,18,4,8,0,4,0,0,0,0,1,1,5,1,29,6,-1,-1,-1,-1,9,1,E01023953,0
Unvalidated,2024411449233,2024,411449233,1,9,0,13,7,8,0,0,0,0,0,0,4,1,2,1,56,9,-1,-1,-1,-1,5,1,E01023772,0
Unvalidated,2024411449233,2024,411449233,2,21,0,11,7,8,0,0,0,0,0,0,3,1,1,1,55,8,-1,-1,-1,-1,5,1,E01019439,0
Unvalidated,2024411449302,2024,411449302,1,9,0,18,6,2,0,0,0,0,9,0,4,1,6,1,-1,-1,-1,-1,-1,-1,6,1,E01023752,0
Unvalidated,2024411449347,2024,411449347,1,9,0,4,6,1,0,0,0,0,0,0,1,1,6,1,25,5,-1,-1,-1,-1,6,1,E01023900,0
Unvalidated,2024411449456,2024,411449456,1,9,-1,9,2,8,0,6,1,0,0,0,-1,1,6,3,-1,-1,-1,-1,-1,-1,-1,-1,-1,0
Unvalidated,2024411449456,2024,411449456,2,9,0,18,8,4,0,8,1,0,0,0,4,1,5,2,44,7,-1,-1,-1,-1,6,1,E01023386,0
Unvalidated,2024411449514,2024,411449514,1,9,0,18,2,6,0,1,0,0,0,0,3,1,5,2,55,8,-1,-1,-1,-1,7,1,E01023771,0
Unvalidated,2024411449514,2024,411449514,2,1,0,18,8,4,9,1,5,0,0,0,1,1,5,1,11,3,-1,-1,-1,-1,6,1,E01023759,0
Unvalidated,2024411449831,2024,411449831,1,98,-1,-1,-1,-1,-1,-1,-1,-1,-1,0,-1,1,6,1,30,6,-1,-1,-1,-1,4,1,E01023781,0
Unvalidated,2024411449831,2024,411449831,2,9,-1,-1,-1,-1,-1,-1,-1,-1,-1,0,-1,1,6,2,50,8,-1,-1,-1,-1,3,1,E01023326,0
Unvalidated,2024411449837,2024,411449837,1,9,0,18,3,7,0,0,0,0,0,0,3,1,5,2,19,4,-1,-1,-1,-1,9,1,E01023406,0
Unvalidated,2024411449837,2024,411449837,2,9,0,18,7,3,0,0,0,0,0,0,3,1,2,1,26,6,-1,-1,-1,-1,2,1,E01015741,0
Unvalidated,2024411449925,2024,411449925,1,9,0,18,5,1,0,0,0,0,0,0,4,1,5,2,58,9,-1,-1,-1,-1,7,1,E01023590,0
Unvalidated,2024411449925,2024,411449925,2,19,0,13,5,1,0,0,1,0,1,4,3,1,2,1,62,9,-1,-1,-1,-1,9,2,E01023747,0
Unvalidated,2024411449991,2024,411449991,1,9,0,4,4,8,0,0,1,0,0,0,1,1,2,2,26,6,-1,-1,-1,-1,7,1,E01000288,0
Unvalidated,2024411449991,2024,411449991,2,19,0,4,4,8,0,0,0,0,0,0,2,1,2,1,33,6,-1,-1,-1,-1,7,1,E01002165,0
Unvalidated,2024411449991,2024,411449991,3,19,0,4,4,8,0,0,1,0,0,0,2,1,2,1,32,6,-1,-1,-1,-1,8,1,E01021341,0
Unvalidated,2024411449991,2024,411449991,4,19,0,4,4,8,0,0,1,0,0,0,1,1,2,1,32,6,-1,-1,-1,-1,8,1,E01002922,0
Unvalidated,2024411450179,2024,411450179,1,1,0,18,2,5,0,1,0,0,0,0,0,1,6,2,30,6,-1,-1,-1,-1,10,1,E01023702,0
Unvalidated,2024411450179,2024,411450179,2,9,-1,9,5,2,0,1,0,0,0,0,0,1,6,3,-1,-1,-1,-1,-1,-1,-1,-1,-1,0
Unvalidated,2024411450205,2024,411450205,1,9,0,9,6,5,0,1,0,0,0,0,1,1,6,2,46,8,-1,-1,-1,-1,10,1,E01023725,0
Unvalidated,2024411450205,2024,411450205,2,1,0,18,2,6,0,8,1,0,0,0,1,1,5,1,30,6,-1,-1,-1,-1,9,1,E01023665,0
Unvalidated,2024411450251,2024,411450251,1,11,-1,18,7,1,0,4,0,0,0,0,1,1,6,1,-1,-1,-1,-1,-1,-1,-1,-1,-1,0
Unvalidated,2024411450251,2024,411450251,2,9,-1,3,7,1,0,4,0,0,0,0,2,1,2,2,19,4,-1,-1,-1,-1,4,1,E01023106,0
Unvalidated,2024411450258,2024,411450258,1,9,0,18,2,6,0,1,0,0,0,0,1,1,1,2,56,9,-1,-1,-1,-1,7,3,E01023598,0
Unvalidated,2024411450258,2024,411450258,2,9,0,8,6,4,0,1,0,0,0,0,1,1,2,1,42,7,-1,-1,-1,-1,7,1,E01023658,0
Unvalidated,2024411450261,2024,411450261,1,9,0,18,3,5,0,0,0,0,0,0,1,1,1,1,36,7,-1,-1,-1,-1,2,1,E01018144,0
Unvalidated,2024411450261,2024,411450261,2,9,0,3,3,5,0,0,0,0,0,0,2,1,1,1,40,7,-1,-1,-1,-1,7,1,E01023662,0
Unvalidated,2024411450272,2024,411450272,1,9,0,4,3,7,0,0,0,0,0,0,1,1,1,1,35,6,-1,-1,-1,-1,3,1,E01001501,0
Unvalidated,2024411450272,2024,411450272,2,98,0,4,3,7,0,0,0,0,0,0,2,1,1,1,39,7,-1,-1,-1,-1,1,1,E01017477,0
Unvalidated,2024411450310,2024,411450310,1,9,-1,-1,-1,-1,-1,-1,-1,-1,-1,0,-1,1,6,3,-1,-1,-1,-1,-1,-1,-1,-1,-1,0
Unvalidated,2024411450310,2024,411450310,2,9,-1,-1,-1,-1,-1,-1,-1,-1,-1,0,-1,1,6,1,53,8,-1,-1,-1,-1,7,1,E01033023,0
Unvalidated,2024411450310,2024,411450310,3,9,-1,-1,-1,-1,-1,-1,-1,-1,-1,0,-1,1,6,1,53,8,-1,-1,-1,-1,10,1,E01023364,0
Unvalidated,2024411450326,2024,411450326,1,9,0,5,6,2,0,8,0,0,0,0,1,1,3,2,49,8,-1,-1,-1,-1,3,1,E01023573,0
Unvalidated,2024411450326,2024,411450326,2,9,0,5,8,2,0,8,0,0,0,0,3,1,5,1,81,11,-1,-1,-1,-1,8,3,E01023625,0
Unvalidated,2024411450354,2024,411450354,1,19,0,4,2,6,0,0,1,0,0,0,1,1,1,1,38,7,-1,-1,-1,-1,2,1,E01001529,0
Unvalidated,2024411450354,2024,411450354,2,9,0,4,2,6,0,0,0,0,0,0,2,1,2,2,53,8,-1,-1,-1,-1,5,1,E01023542,0
Unvalidated,2024411450354,2024,411450354,3,9,0,4,2,6,0,0,0,0,0,0,1,1,2,2,56,9,-1,-1,-1,-1,5,3,E01023584,0
Unvalidated,2024411450354,2024,411450354,4,9,0,2,0,0,0,0,0,0,0,0,1,1,6,2,51,8,-1,-1,-1,-1,5,3,E01023584,0
Unvalidated,2024411451138,2024,411451138,1,9,-1,18,2,6,0,4,0,0,0,0,1,1,6,1,22,5,-1,-1,-1,-1,5,1,E01023936,0
Unvalidated,2024411451138,2024,411451138,2,1,0,18,8,4,0,8,0,0,0,0,2,1,2,1,28,6,-1,-1,-1,-1,6,1,E01033308,0
Unvalidated,2024411451292,2024,411451292,1,9,0,18,3,4,0,1,0,0,0,0,1,1,6,2,22,5,-1,-1,-1,-1,9,1,E01023802,0
Unvalidated,2024411451292,2024,411451292,2,9,0,9,1,2,0,1,0,0,0,0,1,1,6,2,33,6,-1,-1,-1,-1,-1,-1,-1,0
Unvalidated,2024411451457,2024,411451457,1,9,0,4,7,3,9,0,0,0,7,0,2,1,5,2,42,7,-1,-1,-1,-1,3,1,E01023891,0
Unvalidated,2024411451492,2024,411451492,1,9,-1,-1,-1,-1,-1,-1,-1,-1,-1,0,-1,1,6,1,-1,-1,-1,-1,-1,-1,1,1,E01002099,0
Unvalidated,2024411451492,2024,411451492,2,9,-1,-1,-1,-1,-1,-1,-1,-1,-1,0,-1,1,5,2,47,8,-1,-1,-1,-1,-1,-1,-1,0
Unvalidated,2024411451493,2024,411451493,1,9,0,3,6,2,0,8,0,0,0,0,4,1,6,1,18,4,-1,-1,-1,-1,4,1,E01023652,0
Unvalidated,2024411451493,2024,411451493,2,9,0,18,4,2,0,8,0,0,0,0,3,1,6,1,26,6,-1,-1,-1,-1,5,1,E01023643,0
Unvalidated,2024411451496,2024,411451496,1,9,0,5,6,2,0,0,0,0,0,0,3,1,5,2,31,6,-1,-1,-1,-1,7,1,E01033314,0
Unvalidated,2024411451496,2024,411451496,2,9,0,1,8,4,0,0,0,0,0,0,2,1,5,1,35,6,-1,-1,-1,-1,9,1,E01023680,0
Unvalidated,2024411451498,2024,411451498,1,9,-1,-1,-1,-1,-1,0,-1,-1,-1,0,-1,1,6,3,-1,-1,-1,-1,-1,-1,-1,-1,-1,0
Unvalidated,2024411451520,2024,411451520,1,9,0,18,1,5,0,8,0,0,0,0,1,1,6,1,66,10,-1,-1,-1,-1,7,3,E01017571,0
Unvalidated,2024411451520,2024,411451520,2,9,0,18,3,7,0,8,0,0,0,0,1,1,6,1,49,8,-1,-1,-1,-1,5,1,E01023418,0
Unvalidated,2024411451532,2024,411451532,1,9,0,7,3,5,0,0,0,10,0,0,4,1,5,1,59,9,-1,-1,-1,-1,1,1,E01025045,0
Unvalidated,2024411451589,2024,411451589,1,9,0,5,5,1,0,0,0,0,0,0,1,1,6,1,26,6,-1,-1,-1,-1,4,1,E01017473,0
Unvalidated,2024411451589,2024,411451589,2,9,0,5,1,5,0,0,0,0,0,0,1,1,3,2,48,8,-1,-1,-1,-1,7,3,E01023508,0
Unvalidated,2024411451602,2024,411451602,1,11,0,7,1,2,0,1,0,0,0,0,4,1,1,3,26,6,-1,-1,-1,-1,2,1,E01033151,0
Unvalidated,2024411451602,2024,411451602,2,1,0,7,3,4,0,1,0,0,0,0,1,1,6,1,45,7,-1,-1,-1,-1,7,1,E01023832,0
Unvalidated,2024411451871,2024,411451871,1,9,0,18,5,6,9,0,0,0,0,0,1,1,6,2,66,10,-1,-1,-1,-1,4,1,E01023756,0
Unvalidated,2024411451877,2024,411451877,1,9,0,18,3,7,0,2,0,0,0,0,1,1,1,1,21,5,-1,-1,-1,-1,4,1,E01015784,0
Unvalidated,2024411451877,2024,411451877,2,9,0,18,5,1,0,8,0,0,0,0,3,1,1,1,28,6,-1,-1,-1,-1,1,1,E01023844,0
Unvalidated,2024411451957,2024,411451957,1,9,-1,-1,-1,-1,-1,-1,-1,-1,-1,0,1,1,6,1,74,10,-1,-1,-1,-1,5,1,E01023924,0
Unvalidated,2024411451957,2024,411451957,2,1,-1,-1,-1,-1,-1,-1,-1,-1,-1,0,-1,1,5,1,59,9,-1,-1,-1,-1,5,1,E01023727,0
Unvalidated,2024411451969,2024,411451969,1,9,0,5,-1,-1,0,6,0,0,0,0,1,1,6,3,-1,-1,-1,-1,-1,-1,-1,-1,-1,0
Unvalidated,2024411451969,2024,411451969,2,9,0,18,-1,-1,0,8,0,0,0,0,3,1,6,2,48,8,-1,-1,-1,-1,4,1,E01023781,0
Unvalidated,2024411451999,2024,411451999,1,9,0,2,0,0,0,2,0,0,0,0,1,1,5,1,25,5,-1,-1,-1,-1,6,1,E01023414,0
Unvalidated,2024411451999,2024,411451999,2,9,0,18,2,6,0,2,0,0,0,0,1,1,6,1,-1,-1,-1,-1,-1,-1,-1,-1,-1,0
Unvalidated,2024411452340,2024,411452340,1,9,0,18,1,5,0,0,2,11,8,4,1,1,5,1,19,4,-1,-1,-1,-1,5,1,E01023788,0
Unvalidated,2024411452370,2024,411452370,1,9,0,18,7,3,0,0,2,2,0,0,1,1,6,1,30,6,-1,-1,-1,-1,2,1,E01001437,0
Unvalidated,2024411452370,2024,411452370,2,9,0,18,7,3,0,0,0,2,0,0,4,1,6,2,50,8,-1,-1,-1,-1,5,1,E01003742,0
Unvalidated,2024411452384,2024,411452384,1,9,-1,-1,-1,-1,-1,-1,-1,-1,-1,0,3,1,6,1,34,6,-1,-1,-1,-1,-1,-1,-1,0
Unvalidated,2024411452384,2024,411452384,2,1,-1,-1,-1,-1,-1,-1,-1,-1,-1,0,-1,1,2,1,51,8,-1,-1,-1,-1,10,1,E01023654,0
Unvalidated,2024411452401,2024,411452401,1,9,-1,-1,-1,-1,-1,-1,-1,-1,-1,0,-1,1,6,3,-1,-1,-1,-1,-1,-1,-1,-1,-1,0
Unvalidated,2024411452401,2024,411452401,2,1,0,-1,-1,-1,-1,8,-1,-1,-1,0,-1,1,6,1,51,8,-1,-1,-1,-1,7,1,E01023935,0
Unvalidated,2024411452425,2024,411452425,1,9,0,-1,-1,-1,-1,-1,-1,-1,-1,0,1,1,6,3,-1,-1,-1,-1,-1,-1,-1,-1,-1,0
Unvalidated,2024411452425,2024,411452425,2,3,0,-1,-1,-1,-1,-1,-1,-1,-1,0,4,1,2,1,28,6,-1,-1,-1,-1,7,1,E01033023,0
Unvalidated,2024411452428,2024,411452428,1,9,0,4,7,3,0,0,0,0,0,0,1,1,2,1,41,7,-1,-1,-1,-1,10,2,E01023464,0
Unvalidated,2024411452428,2024,411452428,2,9,0,18,3,7,0,0,0,0,0,0,1,1,2,1,22,5,-1,-1,-1,-1,4,1,E01023488,0
Unvalidated,2024411452456,2024,411452456,1,9,0,9,7,5,0,8,0,0,0,0,1,1,6,2,42,7,-1,-1,-1,-1,5,1,E01023325,0
Unvalidated,2024411452456,2024,411452456,2,9,0,9,3,1,0,8,0,0,0,0,3,1,6,1,83,11,-1,-1,-1,-1,4,1,E01023296,0
Unvalidated,2024411452463,2024,411452463,1,9,0,9,7,5,0,6,0,0,0,0,1,1,5,2,40,7,-1,-1,-1,-1,6,1,E01023789,0
Unvalidated,2024411452545,2024,411452545,1,9,0,1,1,5,0,0,0,4,0,0,2,1,1,1,69,10,-1,-1,-1,-1,9,1,E01023953,0
Unvalidated,2024411452545,2024,411452545,2,9,0,2,0,0,9,0,0,0,0,0,1,1,6,3,-1,-1,-1,-1,-1,-1,-1,-1,-1,0
Unvalidated,2024411452803,2024,411452803,1,98,1,11,7,3,0,0,0,0,0,0,4,1,1,1,50,8,-1,-1,-1,-1,6,1,E01009676,0
Unvalidated,2024411452803,2024,411452803,2,9,0,18,7,3,0,0,1,0,1,7,3,1,6,2,57,9,-1,-1,-1,-1,4,1,E01021051,0
Unvalidated,2024411452803,2024,411452803,3,9,0,18,7,3,0,0,0,0,0,0,4,1,5,1,28,6,-1,-1,-1,-1,-1,-1,-1,0
Unvalidated,2024411452831,2024,411452831,1,9,0,18,5,1,0,3,0,0,0,0,1,1,6,2,43,7,-1,-1,-1,-1,5,1,E01023914,0
Unvalidated,2024411452831,2024,411452831,2,9,0,18,8,4,0,4,0,0,0,0,3,1,6,2,60,9,-1,-1,-1,-1,4,1,E01023951,0
Unvalidated,2024411452831,2024,411452831,3,9,0,4,8,4,0,4,0,0,0,0,1,1,6,2,48,8,-1,-1,-1,-1,9,1,E01023946,0
Unvalidated,2024411452833,2024,411452833,1,9,0,18,7,3,0,1,0,0,0,0,1,1,6,2,35,6,-1,-1,-1,-1,-1,1,-1,0
Unvalidated,2024411452833,2024,411452833,2,1,0,18,5,1,0,2,0,0,0,0,3,1,6,2,24,5,-1,-1,-1,-1,5,1,E01023806,0
Unvalidated,2024411452861,2024,411452861,1,19,0,9,8,6,0,8,0,0,0,0,4,1,6,2,42,7,-1,-1,-1,-1,10,1,E01023610,0
Unvalidated,2024411452861,2024,411452861,2,3,0,18,4,8,0,8,0,0,0,0,1,1,1,1,36,7,-1,-1,-1,-1,5,1,E01023867,0
Unvalidated,2024411452862,2024,411452862,1,9,0,5,8,4,0,0,0,0,0,0,1,1,6,1,30,6,-1,-1,-1,-1,2,1,E01002032,0
Unvalidated,2024411452862,2024,411452862,2,9,0,3,8,4,0,0,0,0,0,0,2,1,5,2,42,7,-1,-1,-1,-1,7,1,E01023334,0
Unvalidated,2024411452908,2024,411452908,1,9,0,-1,-1,-1,-1,-1,-1,-1,-1,0,-1,1,6,2,-1,-1,-1,-1,-1,-1,-1,-1,-1,0
Unvalidated,2024411452908,2024,411452908,2,9,0,-1,-1,-1,-1,-1,-1,-1,-1,0,2,1,5,2,31,6,-1,-1,-1,-1,4,1,E01023330,0
Unvalidated,2024411453781,2024,411453781,1,98,-1,-1,-1,-1,-1,-1,-1,-1,-1,0,-1,1,6,1,-1,-1,-1,-1,-1,-1,-1,-1,-1,0
Unvalidated,2024411453781,2024,411453781,2,9,-1,-1,-1,-1,-1,-1,-1,-1,-1,0,-1,1,5,2,32,6,-1,-1,-1,-1,4,1,E01023857,0
Unvalidated,2024411453813,2024,411453813,1,9,0,18,7,3,0,1,0,0,0,0,1,1,6,1,44,7,-1,-1,-1,-1,7,1,E01023771,0
Unvalidated,2024411453813,2024,411453813,2,9,0,5,5,1,0,8,0,0,0,0,3,1,6,1,82,11,-1,-1,-1,-1,8,1,E01023298,0
Unvalidated,2024411453850,2024,411453850,1,9,0,18,5,1,0,0,0,4,0,0,1,1,6,2,86,11,-1,-1,-1,-1,10,2,E01023948,0
Unvalidated,2024411453850,2024,411453850,2,9,0,2,0,0,0,0,0,0,0,0,1,1,6,3,-1,-1,-1,-1,-1,-1,-1,-1,-1,0
Unvalidated,2024411453857,2024,411453857,1,9,0,18,5,1,0,0,0,0,1,0,1,1,6,1,40,7,-1,-1,-1,-1,8,1,E01023541,0
Unvalidated,2024411453880,2024,411453880,1,9,-1,18,3,1,0,6,0,0,0,0,1,1,6,3,-1,-1,-1,-1,-1,-1,-1,-1,-1,0
Unvalidated,2024411453880,2024,411453880,2,9,-1,3,3,1,0,6,0,0,0,0,2,1,5,1,78,11,-1,-1,-1,-1,5,1,E01023862,0
Unvalidated,2024411453891,2024,411453891,1,19,0,18,7,3,0,0,0,0,0,0,1,1,1,1,65,9,-1,-1,-1,-1,4,2,E01021799,0
Unvalidated,2024411453891,2024,411453891,2,19,1,18,7,3,0,0,0,0,0,0,2,1,1,1,50,8,-1,-1,-1,-1,1,1,E01004449,0
Unvalidated,2024411453905,2024,411453905,1,9,0,14,5,1,0,1,0,0,0,0,-1,1,6,2,80,11,-1,-1,-1,-1,5,1,E01023332,0
Unvalidated,2024411453905,2024,411453905,2,9,0,3,5,1,0,1,0,0,0,0,2,1,5,2,29,6,-1,-1,-1,-1,4,1,E01004417,0
Unvalidated,2024411453928,2024,411453928,1,9,0,18,3,7,0,1,0,0,0,0,1,1,6,2,89,11,-1,-1,-1,-1,4,1,E01023401,0
Unvalidated,2024411453928,2024,411453928,2,9,0,10,7,3,0,1,0,0,0,0,1,1,6,1,23,5,-1,-1,-1,-1,9,3,E01017678,0
Unvalidated,2024411453928,2024,411453928,3,9,0,9,5,3,0,2,0,0,0,0,0,1,5,2,46,8,-1,-1,-1,-1,-1,-1,-1,0
Unvalidated,2024411453947,2024,411453947,1,9,-1,18,7,3,9,1,0,0,0,0,1,1,6,2,-1,-1,-1,-1,-1,-1,-1,-1,-1,0
Unvalidated,2024411454237,2024,411454237,1,9,-1,-1,-1,-1,-1,-1,-1,-1,-1,0,1,1,6,2,-1,-1,-1,-1,-1,-1,-1,-1,-1,0
Unvalidated,2024411454237,2024,411454237,2,9,-1,-1,-1,-1,-1,-1,-1,-1,-1,0,2,1,5,1,67,10,-1,-1,-1,-1,7,1,E01023618,0
Unvalidated,2024411454266,2024,411454266,1,9,-1,-1,-1,-1,-1,-1,-1,-1,-1,0,-1,1,6,2,-1,-1,-1,-1,-1,-1,-1,-1,-1,0
Unvalidated,2024411454266,2024,411454266,2,9,-1,-1,-1,-1,-1,-1,-1,-1,-1,0,-1,1,3,1,52,8,-1,-1,-1,-1,10,1,E01023691,0
Unvalidated,2024411454386,2024,411454386,1,21,1,11,6,2,0,0,0,0,0,0,4,1,6,1,24,5,-1,-1,-1,-1,8,3,W01000444,0
Unvalidated,2024411454386,2024,411454386,2,9,0,18,6,2,0,0,0,0,1,0,1,1,6,1,73,10,-1,-1,-1,-1,8,1,E01023478,0
Unvalidated,2024411454403,2024,411454403,1,9,0,18,7,3,0,8,0,0,0,0,1,1,2,2,39,7,-1,-1,-1,-1,10,1,E01023768,0
Unvalidated,2024411454403,2024,411454403,2,9,0,11,5,1,0,3,5,0,4,0,1,1,2,1,32,6,-1,-1,-1,-1,7,1,E01023798,0
Unvalidated,2024411454762,2024,411454762,1,9,0,9,5,1,0,1,0,0,0,0,4,1,6,2,65,9,-1,-1,-1,-1,7,1,E01023658,0
Unvalidated,2024411454762,2024,411454762,2,97,0,7,3,7,0,1,0,0,0,0,1,1,6,1,28,6,-1,-1,-1,-1,7,3,E01023663,0
Unvalidated,2024411454798,2024,411454798,1,9,0,-1,-1,-1,-1,0,-1,-1,-1,0,2,1,6,1,94,11,-1,-1,-1,-1,5,1,E01000277,0
Unvalidated,2024411454798,2024,411454798,2,9,-1,-1,-1,-1,-1,0,-1,-1,-1,0,-1,1,6,1,26,6,-1,-1,-1,-1,6,1,E01001393,0
Unvalidated,2024411454798,2024,411454798,3,9,-1,-1,-1,-1,-1,0,-1,-1,-1,0,-1,1,6,3,-1,-1,-1,-1,-1,-1,-1,-1,-1,0
Unvalidated,2024411454852,2024,411454852,1,9,0,18,6,2,0,0,0,0,0,0,1,1,6,2,-1,-1,-1,-1,-1,-1,-1,-1,-1,0
Unvalidated,2024411454852,2024,411454852,2,9,0,4,6,2,0,0,0,0,0,0,2,1,5,1,43,7,-1,-1,-1,-1,5,1,E01023936,0
Unvalidated,2024411454859,2024,411454859,1,9,0,17,6,2,0,0,1,0,1,4,1,1,5,2,27,6,-1,-1,-1,-1,10,1,E01023670,0
Unvalidated,2024411454859,2024,411454859,2,9,0,16,2,6,0,0,0,0,0,0,1,1,2,1,29,6,-1,-1,-1,-1,8,1,E01017583,0
Unvalidated,2024411454942,2024,411454942,1,9,0,18,7,3,9,0,0,0,7,11,1,1,2,1,29,6,-1,-1,-1,-1,9,1,E01023318,0
Unvalidated,2024411455189,2024,411455189,1,9,-1,18,-1,-1,0,0,0,0,0,0,-1,1,6,3,-1,-1,-1,-1,-1,-1,-1,-1,-1,0
Unvalidated,2024411455189,2024,411455189,2,9,-1,18,-1,-1,0,0,0,0,1,0,-1,1,5,2,24,5,-1,-1,-1,-1,2,1,E01015726,0
Unvalidated,2024411455201,2024,411455201,1,9,-1,18,-1,-1,0,4,1,0,0,0,1,1,6,3,-1,-1,-1,-1,-1,-1,-1,-1,-1,0
Unvalidated,2024411455201,2024,411455201,2,9,-1,3,2,-1,0,4,1,0,0,0,2,1,2,1,42,7,-1,-1,-1,-1,7,1,E01000256,0
Unvalidated,2024411455207,2024,411455207,1,9,0,18,6,2,0,1,0,0,0,0,1,1,6,2,66,10,-1,-1,-1,-1,9,2,E01017558,0
Unvalidated,2024411455207,2024,411455207,2,9,0,9,2,8,0,1,0,0,0,0,1,1,6,1,-1,-1,-1,-1,-1,-1,-1,-1,-1,0
Unvalidated,2024411455209,2024,411455209,1,9,-1,18,5,1,0,2,0,0,0,0,4,1,2,2,30,6,-1,-1,-1,-1,3,1,E01023437,0
Unvalidated,2024411455209,2024,411455209,2,1,-1,2,5,1,0,1,0,0,0,0,3,1,5,1,22,5,-1,-1,-1,-1,6,1,E01023388,0
Unvalidated,2024411455211,2024,411455211,1,9,0,18,1,5,0,0,0,0,0,0,1,1,6,1,42,7,-1,-1,-1,-1,7,1,E01033023,0
Unvalidated,2024411455211,2024,411455211,2,9,0,4,1,5,0,0,0,0,0,0,2,1,6,1,68,10,-1,-1,-1,-1,4,1,E01023357,0
Unvalidated,2024411455211,2024,411455211,3,9,0,18,5,1,0,0,0,0,0,0,0,1,1,1,-1,-1,-1,-1,-1,-1,-1,-1,-1,0
Unvalidated,2024411455244,2024,411455244,1,3,0,9,3,7,0,8,0,0,0,0,2,1,2,1,20,4,-1,-1,-1,-1,6,1,E01002974,0
Unvalidated,2024411455244,2024,411455244,2,19,0,9,3,1,0,8,0,0,0,0,1,1,1,2,25,5,-1,-1,-1,-1,3,1,E01015765,0
Unvalidated,2024411455253,2024,411455253,1,9,-1,18,7,3,0,8,0,0,0,0,3,1,6,3,-1,-1,-1,-1,-1,-1,-1,-1,-1,0
Unvalidated,2024411455253,2024,411455253,2,5,-1,12,7,3,0,8,0,0,0,0,4,1,2,1,45,7,-1,-1,-1,-1,5,1,E01016841,0
Unvalidated,2024411455263,2024,411455263,1,9,0,5,7,3,0,8,0,0,0,0,1,1,1,1,21,5,-1,-1,-1,-1,10,2,E01023432,0
Unvalidated,2024411455263,2024,411455263,2,9,0,18,1,5,0,8,0,0,3,0,4,1,2,2,55,8,-1,-1,-1,-1,5,1,E01015714,0
Unvalidated,2024411455274,2024,411455274,1,3,0,18,4,8,0,0,1,0,0,0,1,1,6,1,32,6,-1,-1,-1,-1,5,1,E01023788,0
Unvalidated,2024411455274,2024,411455274,2,9,0,11,4,8,0,0,0,0,0,0,-1,1,6,1,40,7,-1,-1,-1,-1,5,1,E01023780,0
Unvalidated,2024411455325,2024,411455325,1,9,0,18,3,7,0,0,0,0,0,0,1,1,6,3,-1,-1,-1,-1,-1,-1,-1,-1,-1,0
Unvalidated,2024411455325,2024,411455325,2,9,0,3,3,7,0,0,0,0,0,0,2,1,2,1,33,6,-1,-1,-1,-1,7,2,E01023801,0
Unvalidated,2024411455356,2024,411455356,1,9,0,5,1,5,0,0,0,0,0,0,1,1,6,1,17,4,-1,-1,-1,-1,10,1,E01002194,0
Unvalidated,2024411455365,2024,411455365,1,9,0,18,8,4,0,0,0,0,0,0,4,1,6,1,43,7,-1,-1,-1,-1,7,1,E01023856,0
Unvalidated,2024411455376,2024,411455376,1,1,0,18,6,2,0,4,0,0,0,0,1,1,6,1,73,10,-1,-1,-1,-1,5,1,E01023930,0
Unvalidated,2024411455376,2024,411455376,2,9,0,5,8,4,0,4,0,0,0,0,3,1,6,2,54,8,-1,-1,-1,-1,7,1,E01033314,0