status,collision_index,collision_year,collision_reference,vehicle_reference,vehicle_type,towing_and_articulation,vehicle_manoeuvre,vehicle_direction_from,vehicle_direction_to,vehicle_location_restricted_lane,junction_location,skidding_and_overturning,hit_object_in_carriageway,vehicle_leaving_carriageway,hit_object_off_carriageway,first_point_of_impact,vehicle_left_hand_drive,journey_purpose_of_driver,sex_of_driver,age_of_driver,age_band_of_driver,engine_capacity_cc,propulsion_code,age_of_vehicle,generic_make_model,driver_imd_decile,driver_home_area_type,lsoa_of_driver,escooter_flag
Unvalidated,2024411455578,2024,411455578,1,90,-1,-1,-1,-1,-1,0,-1,-1,-1,0,-1,1,6,3,-1,-1,-1,-1,-1,-1,-1,-1,-1,0
Unvalidated,2024411455578,2024,411455578,2,1,-1,-1,-1,-1,-1,0,-1,-1,-1,0,-1,1,6,1,84,11,-1,-1,-1,-1,6,1,E01033311,0
Unvalidated,2024411455629,2024,411455629,1,9,0,18,1,6,0,2,0,0,0,0,1,1,2,1,37,7,-1,-1,-1,-1,7,1,E01023345,0
Unvalidated,2024411455629,2024,411455629,2,9,0,18,5,1,0,1,0,0,0,0,1,1,2,2,62,9,-1,-1,-1,-1,7,1,E01023345,0
Unvalidated,2024411455634,2024,411455634,1,9,0,18,8,4,0,8,0,0,0,0,1,1,6,1,86,11,-1,-1,-1,-1,7,1,E01023602,0
Unvalidated,2024411455634,2024,411455634,2,9,0,9,4,2,0,8,0,0,0,0,1,1,6,2,26,6,-1,-1,-1,-1,-1,-1,-1,0
Unvalidated,2024411455675,2024,411455675,1,19,-1,-1,-1,-1,-1,0,-1,-1,-1,0,-1,1,6,3,-1,-1,-1,-1,-1,-1,-1,-1,-1,0
Unvalidated,2024411455675,2024,411455675,2,9,-1,-1,-1,-1,-1,0,-1,-1,-1,0,-1,1,6,2,38,7,-1,-1,-1,-1,10,1,E01023767,0
Unvalidated,2024411455676,2024,411455676,1,9,0,3,3,7,0,0,0,0,0,0,2,1,6,2,23,5,-1,-1,-1,-1,10,1,E01002155,0
Unvalidated,2024411455676,2024,411455676,2,9,0,3,3,7,0,0,0,0,0,0,2,1,6,2,51,8,-1,-1,-1,-1,10,1,E01002155,0
Unvalidated,2024411455676,2024,411455676,3,9,0,18,3,7,0,0,0,0,0,0,1,1,6,1,25,5,-1,-1,-1,-1,9,1,E01002110,0
Unvalidated,2024411455683,2024,411455683,1,19,0,18,2,6,0,0,0,0,0,0,1,1,6,1,39,7,-1,-1,-1,-1,7,1,E01007973,0
Unvalidated,2024411455683,2024,411455683,2,20,4,18,7,3,0,0,0,0,0,0,3,1,1,1,51,8,-1,-1,-1,-1,7,3,E01030466,0
Unvalidated,2024411455698,2024,411455698,1,9,-1,-1,-1,-1,-1,-1,-1,-1,-1,0,-1,1,6,3,-1,-1,-1,-1,-1,-1,-1,-1,-1,0
Unvalidated,2024411455712,2024,411455712,1,9,0,13,5,1,0,0,0,0,0,0,1,1,6,2,56,9,-1,-1,-1,-1,2,1,E01017707,0
Unvalidated,2024411455712,2024,411455712,2,9,0,18,5,1,0,0,0,0,0,0,2,1,6,2,23,5,-1,-1,-1,-1,9,1,E01017722,0
Unvalidated,2024411455808,2024,411455808,1,9,0,18,5,1,0,2,1,0,2,0,3,1,6,1,51,8,-1,-1,-1,-1,1,1,W01000237,0
Unvalidated,2024411455808,2024,411455808,2,9,0,18,1,4,0,1,1,0,0,0,3,1,6,3,-1,-1,-1,-1,-1,-1,-1,-1,-1,0
Unvalidated,2024411456576,2024,411456576,1,9,-1,5,-1,-1,0,1,0,0,1,0,1,1,6,3,-1,-1,-1,-1,-1,-1,-1,-1,-1,0
Unvalidated,2024411456576,2024,411456576,2,9,-1,18,-1,-1,0,1,2,11,0,0,-1,1,5,1,28,6,-1,-1,-1,-1,7,1,E01023513,0
Unvalidated,2024411456627,2024,411456627,1,9,0,12,-1,-1,0,3,0,0,0,0,3,1,6,1,27,6,-1,-1,-1,-1,3,3,E01021806,0
Unvalidated,2024411456627,2024,411456627,2,9,0,18,-1,-1,0,3,0,0,0,0,4,1,2,1,46,8,-1,-1,-1,-1,8,2,E01023481,0
Unvalidated,2024411456640,2024,411456640,1,9,0,9,8,4,0,2,5,7,0,0,1,1,1,2,51,8,-1,-1,-1,-1,10,1,E01023567,0
Unvalidated,2024411456670,2024,411456670,1,9,-1,-1,-1,-1,-1,0,-1,-1,-1,0,1,1,6,2,35,6,-1,-1,-1,-1,10,1,E01023825,0
Unvalidated,2024411456670,2024,411456670,2,9,-1,-1,-1,-1,-1,0,-1,-1,-1,0,2,1,2,1,66,10,-1,-1,-1,-1,4,1,E01023555,0
Unvalidated,2024411456678,2024,411456678,1,9,-1,-1,-1,-1,-1,0,-1,-1,-1,0,-1,1,5,2,82,11,-1,-1,-1,-1,9,1,E01023580,0
Unvalidated,2024411456678,2024,411456678,2,97,-1,-1,-1,-1,-1,0,-1,-1,-1,0,1,1,2,1,51,8,-1,-1,-1,-1,5,1,E01001973,0
Unvalidated,2024411456787,2024,411456787,1,9,0,18,8,4,0,0,0,0,0,0,1,1,6,2,57,9,-1,-1,-1,-1,6,2,E01023723,0
Unvalidated,2024411456787,2024,411456787,2,9,0,4,8,4,0,0,0,0,0,0,2,1,5,2,26,6,-1,-1,-1,-1,-1,-1,-1,0
Unvalidated,2024411457093,2024,411457093,1,9,0,10,1,5,0,8,0,0,0,0,1,1,6,2,33,6,-1,-1,-1,-1,10,1,E01023607,0
Unvalidated,2024411457093,2024,411457093,2,9,0,18,5,1,0,8,0,0,0,0,1,1,6,2,61,9,-1,-1,-1,-1,10,1,E01023697,0
Unvalidated,2024411457136,2024,411457136,1,98,0,18,4,8,0,1,1,0,0,0,1,1,1,1,51,8,-1,-1,-1,-1,4,1,E01023357,0
Unvalidated,2024411457136,2024,411457136,2,9,0,7,4,6,0,5,0,0,1,0,2,1,6,2,69,10,-1,-1,-1,-1,3,1,E01023346,0
Unvalidated,2024411457450,2024,411457450,1,9,0,18,2,3,0,8,0,0,0,0,1,1,1,1,45,7,-1,-1,-1,-1,7,1,E01023594,0
Unvalidated,2024411457450,2024,411457450,2,9,0,9,6,7,0,8,0,0,0,0,1,1,2,1,25,5,-1,-1,-1,-1,9,1,E01023969,0
Unvalidated,2024411457461,2024,411457461,1,9,0,18,3,7,0,0,0,0,2,4,4,1,6,1,18,4,-1,-1,-1,-1,9,1,E01023316,0
Unvalidated,2024411457461,2024,411457461,2,21,0,18,7,3,0,0,0,0,0,0,1,1,1,1,45,7,-1,-1,-1,-1,8,1,E01023470,0
Unvalidated,2024411457463,2024,411457463,1,90,0,18,7,3,0,0,5,0,0,0,3,1,1,2,50,8,-1,-1,-1,-1,10,1,E01023604,0
Unvalidated,2024411457489,2024,411457489,1,9,-1,-1,-1,-1,-1,-1,-1,-1,-1,0,-1,1,6,3,-1,-1,-1,-1,-1,-1,-1,-1,-1,0
Unvalidated,2024411457489,2024,411457489,2,9,-1,4,-1,-1,0,3,0,0,0,0,2,1,5,1,24,5,-1,-1,-1,-1,7,1,E01023771,0
Unvalidated,2024411457511,2024,411457511,1,9,-1,-1,-1,-1,-1,0,-1,-1,-1,0,-1,1,6,2,87,11,-1,-1,-1,-1,2,1,E01023860,0
Unvalidated,2024411457511,2024,411457511,2,1,-1,-1,-1,-1,-1,0,-1,-1,-1,0,-1,1,6,1,19,4,-1,-1,-1,-1,4,1,E01023859,0
Unvalidated,2024411457539,2024,411457539,1,9,0,-1,-1,-1,-1,-1,-1,-1,-1,0,-1,1,5,1,-1,-1,-1,-1,-1,-1,-1,-1,-1,0
Unvalidated,2024411457539,2024,411457539,2,9,0,3,3,5,0,4,0,0,0,0,2,1,5,1,31,6,-1,-1,-1,-1,6,1,E01023306,0
Unvalidated,2024411457612,2024,411457612,1,9,0,18,5,1,0,0,0,0,0,0,0,1,6,2,50,8,-1,-1,-1,-1,7,2,E01016344,0
Unvalidated,2024411457612,2024,411457612,2,9,0,18,5,1,0,0,0,0,0,0,2,1,6,2,29,6,-1,-1,-1,-1,6,1,E01023317,0
Unvalidated,2024411457612,2024,411457612,3,9,0,13,5,1,0,0,0,0,0,0,1,1,6,2,27,6,-1,-1,-1,-1,3,1,E01023294,0
Unvalidated,2024411457651,2024,411457651,1,9,0,11,5,1,0,0,0,0,0,0,4,1,6,2,31,6,-1,-1,-1,-1,2,1,E01010929,0
Unvalidated,2024411457651,2024,411457651,2,9,0,18,5,1,0,0,0,0,0,0,3,1,2,1,53,8,-1,-1,-1,-1,2,1,E01000951,0
Unvalidated,2024411457915,2024,411457915,1,9,-1,-1,-1,-1,-1,0,-1,-1,-1,0,-1,1,6,1,74,10,-1,-1,-1,-1,5,1,E01023806,0
Unvalidated,2024411457915,2024,411457915,2,9,-1,-1,-1,-1,-1,0,-1,-1,-1,0,3,1,5,1,52,8,-1,-1,-1,-1,5,1,E01023827,0
Unvalidated,2024411457932,2024,411457932,1,9,0,-1,5,1,0,4,0,0,0,0,1,1,6,1,75,10,-1,-1,-1,-1,10,1,E01023483,0
Unvalidated,2024411457932,2024,411457932,2,9,0,3,5,1,0,4,0,0,0,0,2,1,6,2,40,7,-1,-1,-1,-1,6,1,E01023305,0
Unvalidated,2024411458235,2024,411458235,1,9,0,5,7,1,0,4,0,0,0,0,4,1,5,1,55,8,-1,-1,-1,-1,2,1,E01001551,0
Unvalidated,2024411458235,2024,411458235,2,5,0,5,7,3,0,4,0,0,0,0,3,1,5,1,27,6,-1,-1,-1,-1,7,1,E01000296,0
Unvalidated,2024411458289,2024,411458289,1,9,0,15,6,2,0,0,0,0,0,0,2,1,5,2,57,9,-1,-1,-1,-1,6,1,E01023943,0
Unvalidated,2024411458289,2024,411458289,2,9,0,18,6,8,0,0,0,0,0,0,1,1,5,1,91,11,-1,-1,-1,-1,10,1,E01023968,0
Unvalidated,2024411458289,2024,411458289,3,90,0,2,0,0,0,0,0,0,0,0,0,1,1,1,37,7,-1,-1,-1,-1,9,1,E01023753,0
Unvalidated,2024411458291,2024,411458291,1,9,-1,-1,-1,-1,-1,-1,-1,-1,-1,0,-1,1,6,1,-1,-1,-1,-1,-1,-1,-1,-1,-1,0
Unvalidated,2024411458291,2024,411458291,2,9,-1,-1,-1,-1,-1,-1,-1,-1,-1,0,2,1,6,1,54,8,-1,-1,-1,-1,6,1,E01023413,0
Unvalidated,2024411459254,2024,411459254,1,9,-1,-1,-1,-1,-1,-1,-1,-1,-1,0,-1,1,6,1,-1,-1,-1,-1,-1,-1,-1,-1,-1,0
Unvalidated,2024411459254,2024,411459254,2,9,-1,3,5,1,0,1,-1,-1,0,0,2,1,6,1,29,6,-1,-1,-1,-1,7,1,E01023328,0
Unvalidated,2024411459366,2024,411459366,1,98,0,18,-1,-1,0,1,0,0,0,0,1,1,6,1,-1,-1,-1,-1,-1,-1,-1,-1,-1,0
Unvalidated,2024411459366,2024,411459366,2,9,0,-1,-1,-1,-1,-1,-1,-1,-1,0,2,1,5,1,76,11,-1,-1,-1,-1,7,3,E01023462,0
Unvalidated,2024411459429,2024,411459429,1,9,0,-1,-1,-1,-1,-1,-1,-1,-1,0,-1,1,6,3,-1,-1,-1,-1,-1,-1,-1,-1,-1,0
Unvalidated,2024411459429,2024,411459429,2,3,0,-1,-1,-1,-1,-1,1,-1,-1,0,4,1,1,1,21,5,-1,-1,-1,-1,1,1,E01023844,0
Unvalidated,2024411459481,2024,411459481,1,9,0,4,4,8,0,1,0,0,0,0,-1,1,6,2,-1,-1,-1,-1,-1,-1,-1,-1,-1,0
Unvalidated,2024411459481,2024,411459481,2,4,-1,3,4,8,0,4,0,0,0,0,4,1,2,1,32,6,-1,-1,-1,-1,3,1,E01023958,0
Unvalidated,2024411459655,2024,411459655,1,9,0,5,4,8,0,8,0,0,0,0,1,1,1,2,47,8,-1,-1,-1,-1,3,1,E01023865,0
Unvalidated,2024411459655,2024,411459655,2,9,0,5,4,8,0,8,0,0,0,0,2,1,1,2,55,8,-1,-1,-1,-1,5,1,E01023864,0
Unvalidated,2024411459668,2024,411459668,1,19,0,18,3,7,0,0,0,12,0,0,1,1,1,1,30,6,-1,-1,-1,-1,9,1,E01023309,0
Unvalidated,2024411459678,2024,411459678,1,9,-1,18,5,1,0,4,0,0,0,0,1,1,6,3,-1,-1,-1,-1,-1,-1,-1,-1,-1,0
Unvalidated,2024411459678,2024,411459678,2,9,-1,3,5,1,0,4,0,0,0,0,2,1,1,2,51,8,-1,-1,-1,-1,10,1,E01023694,0
Unvalidated,2024411459685,2024,411459685,1,9,-1,-1,-1,-1,0,0,0,0,0,0,-1,1,3,2,47,8,-1,-1,-1,-1,10,3,E01022062,0
Unvalidated,2024411459685,2024,411459685,2,9,-1,18,-1,-1,0,0,0,0,0,0,-1,1,2,2,33,6,-1,-1,-1,-1,8,1,E01021621,0
Unvalidated,2024411459698,2024,411459698,1,9,0,18,3,7,0,0,0,0,0,0,1,1,1,2,40,7,-1,-1,-1,-1,7,3,E01023947,0
Unvalidated,2024411459698,2024,411459698,2,3,0,15,3,7,0,0,0,0,0,0,2,1,6,1,33,6,-1,-1,-1,-1,5,1,E01023342,0
Unvalidated,2024411459698,2024,411459698,3,9,0,18,3,7,0,0,0,0,0,0,1,1,6,1,40,7,-1,-1,-1,-1,4,2,E01029892,0
Unvalidated,2024411459784,2024,411459784,1,9,0,18,4,8,0,0,0,0,0,0,1,1,6,1,28,6,-1,-1,-1,-1,2,1,E01000184,0
Unvalidated,2024411459784,2024,411459784,2,9,0,18,8,4,0,0,0,0,0,0,1,1,6,1,64,9,-1,-1,-1,-1,10,1,E01023701,0
Unvalidated,2024411459784,2024,411459784,3,9,0,18,8,4,0,0,0,0,0,0,1,1,6,1,33,6,-1,-1,-1,-1,-1,1,-1,0
Unvalidated,2024411459943,2024,411459943,1,9,0,18,7,3,0,0,0,0,0,0,1,1,6,1,-1,-1,-1,-1,-1,-1,5,1,E01023293,0
Unvalidated,2024411459943,2024,411459943,2,9,0,4,7,3,0,0,0,0,0,0,2,1,5,1,19,4,-1,-1,-1,-1,4,1,E01022102,0
Unvalidated,2024411460313,2024,411460313,1,19,-1,7,1,3,0,0,0,0,0,0,1,1,6,3,-1,-1,-1,-1,-1,-1,-1,-1,-1,0
Unvalidated,2024411460313,2024,411460313,2,9,-1,18,7,3,0,0,1,4,0,0,4,1,5,2,79,11,-1,-1,-1,-1,10,1,E01023489,0
Unvalidated,2024411460335,2024,411460335,1,9,-1,-1,-1,-1,-1,-1,-1,-1,-1,0,-1,1,2,1,38,7,-1,-1,-1,-1,5,1,E01023827,0
Unvalidated,2024411460364,2024,411460364,1,19,-1,-1,-1,-1,-1,-1,-1,-1,-1,0,-1,1,6,1,53,8,-1,-1,-1,-1,9,1,E01023477,0
Unvalidated,2024411460386,2024,411460386,1,9,0,12,5,1,0,0,0,0,0,0,1,1,6,2,33,6,-1,-1,-1,-1,10,1,E01023451,0
Unvalidated,2024411460386,2024,411460386,2,19,0,18,5,1,0,0,0,0,0,0,2,1,1,1,62,9,-1,-1,-1,-1,8,2,E01021801,0
Unvalidated,2024411460386,2024,411460386,3,9,0,13,5,1,0,0,0,0,0,0,0,1,6,1,31,6,-1,-1,-1,-1,5,1,E01023331,0
Unvalidated,2024411460401,2024,411460401,1,9,0,18,5,1,0,0,0,0,0,0,1,1,6,2,20,4,-1,-1,-1,-1,6,1,E01033311,0
Unvalidated,2024411460401,2024,411460401,2,9,0,18,1,5,0,0,0,0,0,0,1,1,6,1,30,6,-1,-1,-1,-1,7,1,E01023531,0
Unvalidated,2024411460452,2024,411460452,1,9,-1,18,5,1,0,0,0,0,0,0,1,1,6,1,77,11,-1,-1,-1,-1,6,1,E01023759,0
Unvalidated,2024411460452,2024,411460452,2,19,-1,4,5,1,0,0,0,0,0,0,2,1,2,1,35,6,-1,-1,-1,-1,7,1,E01026471,0
Unvalidated,2024411460468,2024,411460468,1,9,0,7,5,7,0,5,0,0,0,0,2,1,2,2,41,7,-1,-1,-1,-1,3,1,E01023323,0
Unvalidated,2024411460468,2024,411460468,2,9,0,18,5,1,0,1,0,0,0,0,1,1,3,2,35,6,-1,-1,-1,-1,6,1,E01023317,0
Unvalidated,2024411460485,2024,411460485,1,1,0,18,6,3,0,1,0,0,0,0,4,1,6,2,7,2,-1,-1,-1,-1,9,1,E01023479,0
Unvalidated,2024411460485,2024,411460485,2,19,0,5,1,4,0,5,0,0,0,0,1,1,1,1,53,8,-1,-1,-1,-1,5,1,E01023956,0
Unvalidated,2024411460743,2024,411460743,1,9,0,4,8,4,0,0,0,0,0,0,1,1,5,2,42,7,-1,-1,-1,-1,6,1,E01023386,0
Unvalidated,2024411460743,2024,411460743,2,22,0,5,2,6,0,0,0,0,0,0,3,1,6,1,79,11,-1,-1,-1,-1,3,1,E01023348,0
Unvalidated,2024411460768,2024,411460768,1,9,0,18,7,3,0,0,0,0,0,0,1,1,6,1,62,9,-1,-1,-1,-1,9,3,E01023854,0
Unvalidated,2024411460768,2024,411460768,2,9,0,18,3,7,0,0,5,0,0,0,1,1,6,2,32,6,-1,-1,-1,-1,7,1,E01023351,0
Unvalidated,2024411460777,2024,411460777,1,9,0,5,8,4,0,5,0,0,0,0,1,1,6,1,58,9,-1,-1,-1,-1,5,1,E01023765,0
Unvalidated,2024411460777,2024,411460777,2,9,0,5,8,4,0,5,0,0,0,0,2,1,6,1,64,9,-1,-1,-1,-1,8,1,E01023627,0
Unvalidated,2024411460794,2024,411460794,1,9,0,13,5,1,0,0,2,0,0,0,1,1,5,1,21,5,-1,-1,-1,-1,6,1,E01023754,0
Unvalidated,2024411460794,2024,411460794,2,21,0,18,5,1,0,0,0,0,0,0,2,1,1,1,45,7,-1,-1,-1,-1,5,1,E01023924,0
Unvalidated,2024411460823,2024,411460823,1,9,0,9,-1,-1,0,1,0,0,0,0,1,1,6,1,38,7,-1,-1,-1,-1,10,1,E01023657,0
Unvalidated,2024411460823,2024,411460823,2,1,0,18,-1,-1,0,1,0,0,0,0,1,1,5,1,31,6,-1,-1,-1,-1,5,1,E01001998,0
Unvalidated,2024411460838,2024,411460838,1,10,-1,-1,-1,-1,-1,6,-1,-1,-1,0,-1,1,6,2,48,8,-1,-1,-1,-1,3,1,E01001409,0
Unvalidated,2024411460838,2024,411460838,2,9,0,18,7,3,0,1,1,0,0,0,1,1,2,1,35,6,-1,-1,-1,-1,-1,1,-1,0
Unvalidated,2024411460838,2024,411460838,3,9,0,10,1,7,0,2,0,0,0,0,3,1,2,2,19,4,-1,-1,-1,-1,8,2,E01023466,0
Unvalidated,2024411460838,2024,411460838,4,10,0,8,1,3,0,2,0,0,0,0,3,1,1,1,49,8,-1,-1,-1,-1,3,1,E01001547,0
Unvalidated,2024411460840,2024,411460840,1,9,0,1,7,3,0,1,0,0,0,0,2,1,6,2,43,7,-1,-1,-1,-1,9,1,E01023619,0
Unvalidated,2024411460907,2024,411460907,1,9,0,7,5,2,9,2,0,0,1,11,1,1,2,1,47,8,-1,-1,-1,-1,4,1,E01023899,0
Unvalidated,2024411461172,2024,411461172,1,97,0,18,8,4,0,0,0,0,0,0,1,1,5,1,19,4,-1,-1,-1,-1,5,1,E01023827,0
Unvalidated,2024411461172,2024,411461172,2,9,0,18,8,4,0,0,0,0,0,0,2,1,5,1,19,4,-1,-1,-1,-1,3,1,E01023793,0
Unvalidated,2024411461172,2024,411461172,3,97,0,18,8,4,0,0,1,0,0,0,4,1,5,2,19,4,-1,-1,-1,-1,10,1,E01029908,0
Unvalidated,2024411461175,2024,411461175,1,9,0,4,6,2,0,0,0,0,0,0,1,1,6,1,23,5,-1,-1,-1,-1,7,1,E01000145,0
Unvalidated,2024411461175,2024,411461175,2,19,0,4,6,2,0,0,0,0,0,0,2,1,6,1,28,6,-1,-1,-1,-1,5,1,E01023542,0
Unvalidated,2024411461186,2024,411461186,1,19,-1,-1,-1,-1,-1,0,-1,-1,-1,0,-1,1,6,3,-1,-1,-1,-1,-1,-1,-1,-1,-1,0
Unvalidated,2024411461186,2024,411461186,2,9,-1,18,-1,-1,0,0,0,-1,-1,0,1,1,2,2,45,7,-1,-1,-1,-1,7,3,E01023623,0
Unvalidated,2024411462058,2024,411462058,1,9,0,18,6,2,0,1,0,0,0,0,1,1,1,2,28,6,-1,-1,-1,-1,5,1,E01023772,0
Unvalidated,2024411462058,2024,411462058,2,1,0,5,4,8,0,5,0,0,0,0,4,1,5,2,15,3,-1,-1,-1,-1,7,1,E01023799,0
Unvalidated,2024411462072,2024,411462072,1,19,0,18,5,1,0,0,1,11,2,2,1,1,6,1,42,7,-1,-1,-1,-1,6,1,E01023671,0
Unvalidated,2024411462072,2024,411462072,2,9,0,4,1,5,0,0,0,0,0,0,0,1,1,2,23,5,-1,-1,-1,-1,-1,-1,-1,0
Unvalidated,2024411462080,2024,411462080,1,9,-1,-1,-1,-1,-1,0,-1,-1,-1,0,-1,1,6,1,55,8,-1,-1,-1,-1,8,1,E01023383,0
Unvalidated,2024411462080,2024,411462080,2,9,-1,-1,-1,-1,-1,0,-1,-1,-1,0,2,1,3,2,37,7,-1,-1,-1,-1,5,1,E01023384,0
Unvalidated,2024411462182,2024,411462182,1,9,0,3,2,6,0,0,0,0,0,0,2,1,6,2,53,8,-1,-1,-1,-1,9,3,E01023509,0
Unvalidated,2024411462182,2024,411462182,2,9,0,18,2,6,0,0,0,0,0,0,1,1,2,2,32,6,-1,-1,-1,-1,4,1,E01023794,0
Unvalidated,2024411462202,2024,411462202,1,9,0,18,2,2,9,0,0,0,0,0,1,1,6,1,34,6,-1,-1,-1,-1,3,1,E01023650,0
Unvalidated,2024411462202,2024,411462202,2,22,0,18,7,3,9,0,0,0,0,0,1,1,6,2,67,10,-1,-1,-1,-1,4,1,E01023652,0
Unvalidated,2024411462205,2024,411462205,1,9,0,18,4,8,0,6,0,0,0,0,1,1,6,2,36,7,-1,-1,-1,-1,4,1,E01023775,0
Unvalidated,2024411462205,2024,411462205,2,19,5,18,3,7,0,1,1,0,5,0,3,1,1,1,28,6,-1,-1,-1,-1,8,2,E01023466,0
Unvalidated,2024411462290,2024,411462290,1,9,0,9,1,7,0,0,0,0,0,0,1,1,5,2,46,8,-1,-1,-1,-1,8,1,E01023571,0
Unvalidated,2024411462290,2024,411462290,2,1,0,18,7,3,0,0,0,0,0,0,1,1,6,1,80,11,-1,-1,-1,-1,6,1,E01001566,0
Unvalidated,2024411462300,2024,411462300,1,97,0,18,5,1,0,1,0,12,0,0,2,1,6,1,19,4,-1,-1,-1,-1,10,1,E01002191,0
Unvalidated,2024411462300,2024,411462300,2,98,0,18,5,1,0,1,0,12,0,0,1,1,6,3,-1,-1,-1,-1,-1,-1,-1,-1,-1,0
Unvalidated,2024411462552,2024,411462552,1,9,0,18,1,5,0,3,0,0,0,0,4,1,6,1,53,8,-1,-1,-1,-1,3,1,E01003534,0
Unvalidated,2024411462552,2024,411462552,2,97,0,18,1,5,0,3,0,0,0,0,1,1,6,1,22,5,-1,-1,-1,-1,5,1,E01000146,0
Unvalidated,2024411462581,2024,411462581,1,9,0,18,5,1,0,2,0,0,0,0,1,1,6,2,32,6,-1,-1,-1,-1,6,1,E01023752,0
Unvalidated,2024411462581,2024,411462581,2,9,0,18,1,5,0,1,0,0,0,0,1,1,6,1,40,7,-1,-1,-1,-1,2,1,E01023758,0
Unvalidated,2024411462586,2024,411462586,1,9,0,10,1,3,0,1,0,0,0,0,2,1,2,1,53,8,-1,-1,-1,-1,7,1,E01023798,0
Unvalidated,2024411462586,2024,411462586,2,9,0,18,5,1,0,1,0,0,0,0,1,1,2,2,58,9,-1,-1,-1,-1,6,1,E01023952,0
Unvalidated,2024411462607,2024,411462607,1,9,0,-1,-1,-1,-1,0,-1,-1,-1,0,1,1,6,1,-1,-1,-1,-1,-1,-1,-1,-1,-1,0
Unvalidated,2024411462607,2024,411462607,2,9,0,-1,-1,-1,-1,0,-1,-1,-1,0,2,1,5,2,45,7,-1,-1,-1,-1,10,1,E01023565,0
Unvalidated,2024411462660,2024,411462660,1,9,0,3,4,2,0,0,0,0,0,0,3,1,5,2,34,6,-1,-1,-1,-1,10,2,E01017560,0
Unvalidated,2024411462660,2024,411462660,2,9,0,5,2,4,0,0,0,0,1,0,1,1,5,2,40,7,-1,-1,-1,-1,7,2,E01017420,0
Unvalidated,2024411462716,2024,411462716,1,9,0,18,1,5,0,0,1,0,0,0,3,1,6,1,36,7,-1,-1,-1,-1,1,1,E01015736,0
Unvalidated,2024411462716,2024,411462716,2,98,1,18,1,5,0,0,0,0,0,0,2,1,1,1,42,7,-1,-1,-1,-1,7,1,W01001943,0
Unvalidated,2024411462716,2024,411462716,3,9,0,18,1,5,0,0,0,0,0,0,0,1,6,3,-1,-1,-1,-1,-1,-1,-1,-1,-1,0
Unvalidated,2024411462939,2024,411462939,1,9,0,2,5,1,0,0,0,0,0,0,0,1,2,1,26,6,-1,-1,-1,-1,10,1,E01023654,0
Unvalidated,2024411462939,2024,411462939,2,3,0,18,5,1,0,0,5,4,0,0,2,1,2,2,28,6,-1,-1,-1,-1,9,3,E01023597,0
Unvalidated,2024411462969,2024,411462969,1,97,0,13,1,5,0,8,1,0,0,0,1,1,6,1,-1,-1,-1,-1,-1,-1,-1,-1,-1,0
Unvalidated,2024411462969,2024,411462969,2,9,0,9,3,1,0,6,0,0,0,0,3,1,6,2,26,6,-1,-1,-1,-1,7,1,E01021867,0
Unvalidated,2024411462984,2024,411462984,1,20,0,18,5,1,0,1,0,0,1,10,1,1,6,1,33,6,-1,-1,-1,-1,5,1,E01023643,0
Unvalidated,2024411463025,2024,411463025,1,9,-1,-1,-1,-1,-1,-1,-1,-1,-1,0,-1,1,6,1,28,6,-1,-1,-1,-1,8,1,E01023893,0
Unvalidated,2024411463025,2024,411463025,2,3,-1,-1,-1,-1,-1,-1,-1,-1,-1,0,-1,1,2,1,-1,-1,-1,-1,-1,-1,4,1,E01000633,0
Unvalidated,2024411463108,2024,411463108,1,90,0,18,1,5,1,1,0,0,0,0,1,1,6,1,12,3,-1,-1,-1,-1,9,1,E01023319,0
Unvalidated,2024411463108,2024,411463108,2,9,-1,-1,-1,-1,-1,1,-1,-1,-1,0,-1,1,6,3,-1,-1,-1,-1,-1,-1,-1,-1,-1,0
Unvalidated,2024411463137,2024,411463137,1,9,-1,-1,-1,-1,-1,-1,-1,-1,-1,0,-1,1,6,2,45,7,-1,-1,-1,-1,7,1,E01023561,0
Unvalidated,2024411463137,2024,411463137,2,3,0,-1,-1,-1,-1,-1,-1,-1,-1,0,-1,1,1,1,30,6,-1,-1,-1,-1,4,1,E01000611,0
Unvalidated,2024411463242,2024,411463242,1,4,0,13,6,2,0,0,2,0,1,0,3,1,6,1,28,6,-1,-1,-1,-1,5,1,E01015746,0
Unvalidated,2024411463242,2024,411463242,2,19,0,18,2,6,0,0,0,0,0,0,3,1,6,1,67,10,-1,-1,-1,-1,9,1,E01017582,0
Unvalidated,2024411463242,2024,411463242,3,19,0,18,6,2,0,0,0,0,0,0,0,1,6,1,30,6,-1,-1,-1,-1,-1,-1,-1,0
Unvalidated,2024411463337,2024,411463337,1,9,0,18,8,4,0,1,0,0,0,0,1,1,6,1,59,9,-1,-1,-1,-1,8,3,E01023625,0
Unvalidated,2024411463337,2024,411463337,2,9,0,18,4,8,0,2,0,0,0,0,1,1,6,1,25,5,-1,-1,-1,-1,3,1,E01015701,0
Unvalidated,2024411463412,2024,411463412,1,19,0,99,1,5,0,0,2,0,0,0,4,1,6,1,-1,-1,-1,-1,-1,-1,-1,-1,-1,0
Unvalidated,2024411463412,2024,411463412,2,1,0,16,1,5,0,0,0,0,0,0,2,1,2,2,57,9,-1,-1,-1,-1,4,1,E01023957,0
Unvalidated,2024411463432,2024,411463432,1,9,0,4,8,4,0,0,0,0,0,0,2,1,6,1,61,9,-1,-1,-1,-1,10,1,E01017749,0