status,collision_index,collision_year,collision_reference,vehicle_reference,vehicle_type,towing_and_articulation,vehicle_manoeuvre,vehicle_direction_from,vehicle_direction_to,vehicle_location_restricted_lane,junction_location,skidding_and_overturning,hit_object_in_carriageway,vehicle_leaving_carriageway,hit_object_off_carriageway,first_point_of_impact,vehicle_left_hand_drive,journey_purpose_of_driver,sex_of_driver,age_of_driver,age_band_of_driver,engine_capacity_cc,propulsion_code,age_of_vehicle,generic_make_model,driver_imd_decile,driver_home_area_type,lsoa_of_driver,escooter_flag
Unvalidated,2024411463432,2024,411463432,2,9,0,4,8,4,0,0,0,0,0,0,2,1,6,1,27,6,-1,-1,-1,-1,2,1,E01000876,0
Unvalidated,2024411463432,2024,411463432,3,9,0,4,8,4,0,0,0,0,0,0,1,1,6,1,45,7,-1,-1,-1,-1,-1,-1,-1,0
Unvalidated,2024411463437,2024,411463437,1,8,0,5,3,7,0,0,0,0,0,0,1,1,1,1,70,10,-1,-1,-1,-1,8,1,E01023656,0
Unvalidated,2024411463490,2024,411463490,1,9,0,18,3,7,0,5,1,0,1,0,4,1,5,1,35,6,-1,-1,-1,-1,-1,3,-1,0
Unvalidated,2024411463490,2024,411463490,2,9,0,18,6,2,0,1,1,0,0,0,1,1,1,1,42,7,-1,-1,-1,-1,2,1,E01000189,0
Unvalidated,2024411463551,2024,411463551,1,9,0,3,5,8,0,2,0,0,0,0,2,1,5,1,22,5,-1,-1,-1,-1,8,1,E01023808,0
Unvalidated,2024411463551,2024,411463551,2,98,0,18,5,8,0,2,0,0,0,0,1,1,5,1,58,9,-1,-1,-1,-1,6,1,E01023413,0
Unvalidated,2024411463776,2024,411463776,1,9,0,-1,-1,-1,0,1,0,0,0,0,-1,1,6,3,-1,-1,-1,-1,-1,-1,-1,-1,-1,0
Unvalidated,2024411463776,2024,411463776,2,9,0,10,1,7,0,1,0,0,0,0,2,1,5,2,84,11,-1,-1,-1,-1,10,1,E01023459,0
Unvalidated,2024411463776,2024,411463776,3,9,0,18,5,1,0,8,0,0,1,0,3,1,2,2,63,9,-1,-1,-1,-1,4,1,E01021868,0
Unvalidated,2024411463787,2024,411463787,1,9,0,18,5,1,0,1,0,0,0,0,4,1,6,2,74,10,-1,-1,-1,-1,7,1,E01001537,0
Unvalidated,2024411463787,2024,411463787,2,9,0,18,7,3,0,6,0,0,0,0,1,1,6,2,20,4,-1,-1,-1,-1,10,1,E01023313,0
Unvalidated,2024411463886,2024,411463886,1,9,0,4,3,5,0,8,0,0,0,0,1,1,1,2,27,6,-1,-1,-1,-1,10,1,E01023851,0
Unvalidated,2024411463886,2024,411463886,2,9,0,1,3,5,0,8,0,0,7,0,2,1,5,1,29,6,-1,-1,-1,-1,4,1,E01000235,0
Unvalidated,2024411463886,2024,411463886,3,9,0,2,0,0,0,1,0,0,0,0,2,1,6,1,47,8,-1,-1,-1,-1,5,1,E01023806,0
Unvalidated,2024411463886,2024,411463886,4,9,0,2,0,0,0,1,0,0,0,0,1,1,6,1,30,6,-1,-1,-1,-1,-1,-1,-1,0
Unvalidated,2024411463890,2024,411463890,1,9,0,18,7,3,0,0,1,2,0,0,1,1,6,1,69,10,-1,-1,-1,-1,6,1,E01006900,0
Unvalidated,2024411463890,2024,411463890,2,9,0,18,7,3,0,0,5,0,5,0,4,1,6,1,34,6,-1,-1,-1,-1,2,1,E01004226,0
Unvalidated,2024411463919,2024,411463919,1,1,0,5,1,5,0,6,0,0,0,0,1,1,1,1,56,9,-1,-1,-1,-1,7,1,E01023334,0
Unvalidated,2024411463919,2024,411463919,2,9,0,7,1,3,0,5,0,0,0,0,4,1,2,1,35,6,-1,-1,-1,-1,7,1,E01023329,0
Unvalidated,2024411464733,2024,411464733,1,9,0,11,3,7,0,0,0,0,0,0,2,1,6,2,23,5,-1,-1,-1,-1,3,1,E01023348,0
Unvalidated,2024411464733,2024,411464733,2,9,0,18,3,7,0,0,0,0,0,0,2,1,6,2,38,7,-1,-1,-1,-1,6,1,E01023941,0
Unvalidated,2024411464866,2024,411464866,1,9,0,18,5,1,0,0,0,0,0,0,1,1,1,1,36,7,-1,-1,-1,-1,3,1,E01018109,0
Unvalidated,2024411464866,2024,411464866,2,9,0,18,5,1,0,0,0,0,0,0,2,1,1,2,56,9,-1,-1,-1,-1,6,1,E01017173,0
Unvalidated,2024411464870,2024,411464870,1,9,0,9,3,1,0,6,0,0,0,0,1,1,6,1,19,4,-1,-1,-1,-1,9,2,E01017449,0
Unvalidated,2024411464870,2024,411464870,2,9,0,18,1,5,0,1,0,0,0,0,1,1,6,2,65,9,-1,-1,-1,-1,9,1,E01012998,0
Unvalidated,2024411464874,2024,411464874,1,9,0,18,7,3,0,1,5,11,0,0,1,1,5,2,55,8,-1,-1,-1,-1,4,1,E01023652,0
Unvalidated,2024411464874,2024,411464874,2,9,0,2,0,0,0,1,0,0,0,0,2,1,6,1,60,9,-1,-1,-1,-1,7,1,E01023649,0
Unvalidated,2024411464874,2024,411464874,3,9,0,2,0,0,0,1,0,0,0,0,2,1,6,2,21,5,-1,-1,-1,-1,7,1,E01023649,0
Unvalidated,2024411464903,2024,411464903,1,5,0,13,1,5,0,3,0,0,7,2,1,1,6,1,20,4,-1,-1,-1,-1,-1,-1,-1,0
Unvalidated,2024411464903,2024,411464903,2,9,0,18,1,5,0,3,0,0,0,0,0,1,1,1,-1,-1,-1,-1,-1,-1,-1,-1,-1,0
Unvalidated,2024411464903,2024,411464903,3,9,0,4,1,5,0,3,0,0,0,0,3,1,6,1,43,7,-1,-1,-1,-1,10,1,E01023408,0
Unvalidated,2024411464926,2024,411464926,1,97,0,18,7,2,0,8,0,0,0,0,1,1,6,1,56,9,-1,-1,-1,-1,8,1,E01021510,0
Unvalidated,2024411464926,2024,411464926,2,9,0,9,5,2,0,8,0,0,0,0,4,1,6,2,41,7,-1,-1,-1,-1,1,1,E01023844,0
Unvalidated,2024411465166,2024,411465166,1,98,1,18,1,5,0,0,0,0,0,0,-1,1,5,1,44,7,-1,-1,-1,-1,-1,-1,-1,0
Unvalidated,2024411465166,2024,411465166,2,9,0,18,1,3,0,0,0,0,0,0,4,1,2,1,23,5,-1,-1,-1,-1,8,1,E01015799,0
Unvalidated,2024411465177,2024,411465177,1,9,0,4,3,8,0,1,0,0,0,0,1,1,1,2,37,7,-1,-1,-1,-1,6,1,E01023932,0
Unvalidated,2024411465177,2024,411465177,2,9,0,1,5,1,0,1,0,0,0,0,2,1,2,2,32,6,-1,-1,-1,-1,5,1,E01023937,0
Unvalidated,2024411465187,2024,411465187,1,9,0,5,1,3,0,6,0,0,0,0,1,1,2,1,41,7,-1,-1,-1,-1,6,1,E01033308,0
Unvalidated,2024411465187,2024,411465187,2,9,0,18,7,3,0,8,0,0,1,4,4,1,3,2,37,7,-1,-1,-1,-1,7,3,E01023947,0
Unvalidated,2024411465250,2024,411465250,1,19,0,4,2,6,0,1,0,0,0,0,2,1,1,2,46,8,-1,-1,-1,-1,7,1,E01002161,0
Unvalidated,2024411465250,2024,411465250,2,5,0,4,2,6,0,1,0,0,0,0,1,1,6,3,-1,-1,-1,-1,-1,-1,7,1,E01023572,0
Unvalidated,2024411465276,2024,411465276,1,3,0,16,5,1,0,0,0,0,7,10,1,1,1,1,27,6,-1,-1,-1,-1,8,1,E01001400,0
Unvalidated,2024411465276,2024,411465276,2,9,0,17,1,5,0,0,0,0,0,0,1,1,5,1,39,7,-1,-1,-1,-1,9,1,E01001521,0
Unvalidated,2024411466374,2024,411466374,1,9,0,18,8,4,0,0,0,0,0,0,1,1,6,1,25,5,-1,-1,-1,-1,7,1,E01023328,0
Unvalidated,2024411466374,2024,411466374,2,9,0,18,4,8,0,0,0,0,0,0,1,1,6,2,35,6,-1,-1,-1,-1,8,3,E01023481,0
Unvalidated,2024411466387,2024,411466387,1,9,0,5,7,3,0,0,0,0,0,0,0,1,1,2,39,7,-1,-1,-1,-1,5,1,E01023788,0
Unvalidated,2024411466393,2024,411466393,1,8,0,5,0,6,0,0,0,0,0,0,0,1,1,1,50,8,-1,-1,-1,-1,4,1,E01015784,0
Unvalidated,2024411466397,2024,411466397,1,9,0,4,6,2,0,0,0,0,0,0,1,1,5,1,52,8,-1,-1,-1,-1,5,1,E01013700,0
Unvalidated,2024411466397,2024,411466397,2,9,0,3,6,2,0,0,0,0,0,0,2,1,5,2,31,6,-1,-1,-1,-1,1,1,E01001410,0
Unvalidated,2024411466397,2024,411466397,3,9,0,3,6,2,0,0,0,0,0,0,2,1,5,2,64,9,-1,-1,-1,-1,7,1,E01000256,0
Unvalidated,2024411466490,2024,411466490,1,9,0,4,1,5,0,0,0,0,0,0,1,1,1,2,50,8,-1,-1,-1,-1,9,1,E01017389,0
Unvalidated,2024411466490,2024,411466490,2,9,0,3,1,5,0,0,0,0,0,0,2,1,1,2,33,6,-1,-1,-1,-1,5,1,E01023638,0
Unvalidated,2024411466490,2024,411466490,3,9,0,3,1,5,0,0,0,0,0,0,2,1,1,2,28,6,-1,-1,-1,-1,6,1,E01017435,0
Unvalidated,2024411466722,2024,411466722,1,9,0,7,5,7,0,2,0,0,0,0,1,1,6,2,20,4,-1,-1,-1,-1,3,1,E01023397,0
Unvalidated,2024411466722,2024,411466722,2,9,0,18,3,7,0,1,0,0,0,0,1,1,6,2,54,8,-1,-1,-1,-1,10,1,E01023381,0
Unvalidated,2024411466743,2024,411466743,1,9,0,5,1,5,0,4,0,0,0,0,1,1,2,1,19,4,-1,-1,-1,-1,8,2,E01021801,0
Unvalidated,2024411466743,2024,411466743,2,97,0,5,1,5,0,4,0,0,0,0,2,1,2,2,58,9,-1,-1,-1,-1,10,3,E01018240,0
Unvalidated,2024411466756,2024,411466756,1,9,0,18,1,5,0,1,0,0,0,0,4,1,6,2,77,11,-1,-1,-1,-1,5,1,E01023593,0
Unvalidated,2024411466756,2024,411466756,2,1,0,18,3,7,0,1,0,0,0,0,1,1,5,1,14,3,-1,-1,-1,-1,5,1,E01023593,0
Unvalidated,2024411466784,2024,411466784,1,3,0,18,5,1,0,8,0,11,0,0,1,1,5,1,23,5,-1,-1,-1,-1,10,1,E01023379,0
Unvalidated,2024411466981,2024,411466981,1,5,0,4,3,6,0,3,0,0,0,0,1,1,6,1,47,8,-1,-1,-1,-1,5,1,E01023939,0
Unvalidated,2024411466981,2024,411466981,2,9,0,3,6,1,0,4,0,0,0,0,3,1,6,2,53,8,-1,-1,-1,-1,10,1,E01023744,0
Unvalidated,2024411467812,2024,411467812,1,9,-1,-1,-1,-1,-1,0,-1,-1,-1,0,-1,1,5,1,64,9,-1,-1,-1,-1,5,1,E01023705,0
Unvalidated,2024411467830,2024,411467830,1,9,-1,-1,-1,-1,-1,0,-1,-1,-1,0,-1,1,6,3,-1,-1,-1,-1,-1,-1,-1,-1,-1,0
Unvalidated,2024411467927,2024,411467927,1,9,0,18,6,2,0,0,0,0,0,0,1,1,6,2,35,6,-1,-1,-1,-1,6,1,E01023518,0
Unvalidated,2024411467927,2024,411467927,2,1,0,18,6,2,0,0,0,0,1,0,1,1,6,1,11,3,-1,-1,-1,-1,7,1,E01023519,0
Unvalidated,2024411468329,2024,411468329,1,19,0,18,5,1,0,0,0,0,0,0,1,1,2,1,22,5,-1,-1,-1,-1,-1,-1,-1,0
Unvalidated,2024411468329,2024,411468329,2,1,0,18,1,5,0,0,1,0,1,0,1,1,5,1,62,9,-1,-1,-1,-1,-1,-1,-1,0
Unvalidated,2024411468601,2024,411468601,1,9,0,7,4,1,0,1,0,0,7,0,4,1,6,1,28,6,-1,-1,-1,-1,1,1,E01015795,0
Unvalidated,2024411468601,2024,411468601,2,9,1,7,5,6,0,1,0,0,0,0,1,1,1,1,26,6,-1,-1,-1,-1,3,1,E01017663,0
Unvalidated,2024411468710,2024,411468710,1,9,0,1,8,4,0,0,0,11,0,0,2,1,5,1,88,11,-1,-1,-1,-1,6,1,E01023369,0
Unvalidated,2024411468885,2024,411468885,1,9,0,5,5,1,0,0,0,0,0,0,1,1,6,1,19,4,-1,-1,-1,-1,7,1,E01023960,0
Unvalidated,2024411468885,2024,411468885,2,9,0,5,5,1,0,0,0,0,0,0,2,1,6,2,41,7,-1,-1,-1,-1,8,1,E01033026,0
Unvalidated,2024411469143,2024,411469143,1,5,0,5,5,1,0,4,1,0,0,0,2,1,6,1,48,8,-1,-1,-1,-1,4,1,E01021818,0
Unvalidated,2024411469143,2024,411469143,2,9,0,5,5,1,0,4,0,0,0,0,1,1,6,2,35,6,-1,-1,-1,-1,6,1,E01023317,0
Unvalidated,2024411469216,2024,411469216,1,9,0,18,2,6,0,1,0,0,0,0,1,1,6,2,44,7,-1,-1,-1,-1,6,3,E01023494,0
Unvalidated,2024411469216,2024,411469216,2,9,0,5,4,8,0,2,0,0,0,0,3,1,6,1,58,9,-1,-1,-1,-1,7,3,E01023508,0
Unvalidated,2024411469275,2024,411469275,1,9,-1,-1,-1,-1,-1,-1,-1,-1,-1,0,1,1,2,2,50,8,-1,-1,-1,-1,9,2,E01033609,0
Unvalidated,2024411469327,2024,411469327,1,9,0,18,1,5,0,1,0,4,0,0,1,1,5,1,79,11,-1,-1,-1,-1,10,1,E01023822,0
Unvalidated,2024411469327,2024,411469327,2,98,0,2,0,0,0,1,0,0,0,0,2,1,6,3,-1,-1,-1,-1,-1,-1,-1,-1,-1,0
Unvalidated,2024411470615,2024,411470615,1,9,0,18,3,8,0,0,0,0,1,10,1,1,5,1,21,5,-1,-1,-1,-1,4,1,E01023899,0
Unvalidated,2024411470635,2024,411470635,1,9,0,3,7,3,0,1,0,0,0,0,2,1,6,1,43,7,-1,-1,-1,-1,2,1,E01021686,0
Unvalidated,2024411470635,2024,411470635,2,19,0,5,5,1,0,1,0,10,0,0,1,1,6,1,53,8,-1,-1,-1,-1,-1,-1,-1,0
Unvalidated,2024411470635,2024,411470635,3,9,0,3,5,1,0,2,1,0,0,0,2,1,6,1,19,4,-1,-1,-1,-1,10,1,E01023885,0
Unvalidated,2024411470635,2024,411470635,4,9,0,5,5,1,0,2,1,0,0,0,2,1,6,2,50,8,-1,-1,-1,-1,5,1,E01002143,0
Unvalidated,2024411470635,2024,411470635,5,9,0,18,7,1,0,1,0,0,0,0,1,1,6,2,56,9,-1,-1,-1,-1,5,1,E01023829,0
Unvalidated,2024411470635,2024,411470635,6,9,0,18,5,1,0,1,0,0,0,0,1,1,6,2,57,9,-1,-1,-1,-1,10,1,E01023562,0
Unvalidated,2024411470662,2024,411470662,1,9,0,18,1,5,0,6,0,0,0,0,0,1,2,1,34,6,-1,-1,-1,-1,4,1,E01000503,0
Unvalidated,2024411470662,2024,411470662,2,1,0,18,7,3,9,1,2,0,0,0,0,1,2,1,58,9,-1,-1,-1,-1,10,1,E01023878,0
Unvalidated,2024411470746,2024,411470746,1,9,0,18,8,4,0,0,0,0,0,0,1,1,2,1,27,6,-1,-1,-1,-1,5,1,E01004343,0
Unvalidated,2024411470746,2024,411470746,2,9,0,4,8,4,0,0,0,0,0,0,2,1,2,1,48,8,-1,-1,-1,-1,10,1,E01023822,0
Unvalidated,2024411471090,2024,411471090,1,9,0,2,7,4,0,1,0,0,0,0,1,1,6,2,41,7,-1,-1,-1,-1,10,2,E01023498,0
Unvalidated,2024411471100,2024,411471100,1,5,0,18,1,5,0,4,0,0,0,0,1,1,6,2,62,9,-1,-1,-1,-1,7,3,E01023506,0
Unvalidated,2024411471100,2024,411471100,2,9,0,9,5,2,0,3,0,0,0,0,4,1,6,1,53,8,-1,-1,-1,-1,6,1,E01023632,0
Unvalidated,2024411471110,2024,411471110,1,9,0,3,3,7,0,4,0,0,0,0,2,1,6,1,44,7,-1,-1,-1,-1,7,1,E01023923,0
Unvalidated,2024411471110,2024,411471110,2,9,0,3,3,7,0,2,0,0,0,0,1,1,6,2,45,7,-1,-1,-1,-1,3,1,E01023920,0
Unvalidated,2024411471110,2024,411471110,3,9,0,5,3,7,0,8,0,0,0,0,1,1,6,2,35,6,-1,-1,-1,-1,5,1,E01023765,0
Unvalidated,2024411471129,2024,411471129,1,9,0,18,3,8,0,1,1,0,0,0,1,1,5,1,62,9,-1,-1,-1,-1,4,1,E01023756,0
Unvalidated,2024411471129,2024,411471129,2,98,0,9,8,5,0,1,1,0,0,0,3,1,1,2,33,6,-1,-1,-1,-1,6,1,E01023786,0
Unvalidated,2024411471169,2024,411471169,1,3,0,12,3,5,0,0,0,0,0,0,4,1,6,1,32,6,-1,-1,-1,-1,7,1,E01023902,0
Unvalidated,2024411471169,2024,411471169,2,9,0,16,1,5,0,0,0,0,0,0,3,1,6,1,73,10,-1,-1,-1,-1,10,1,E01023851,0
Unvalidated,2024411471255,2024,411471255,1,9,0,18,3,7,0,8,5,10,0,0,1,1,6,2,83,11,-1,-1,-1,-1,8,1,E01033029,0
Unvalidated,2024411471570,2024,411471570,1,3,0,18,1,5,0,2,5,0,0,0,1,1,5,1,23,5,-1,-1,-1,-1,6,1,E01023388,0
Unvalidated,2024411471570,2024,411471570,2,9,-1,18,1,5,0,2,0,0,0,0,-1,1,6,3,-1,-1,-1,-1,-1,-1,-1,-1,-1,0
Unvalidated,2024411471570,2024,411471570,3,9,-1,18,1,5,0,2,0,0,0,0,-1,1,6,3,-1,-1,-1,-1,-1,-1,-1,-1,-1,0
Unvalidated,2024411471937,2024,411471937,1,9,0,9,5,1,0,1,0,0,0,0,1,1,6,2,-1,-1,-1,-1,-1,-1,-1,-1,-1,0
Unvalidated,2024411471937,2024,411471937,2,9,0,18,1,7,0,1,0,0,0,0,1,1,5,1,24,5,-1,-1,-1,-1,6,1,E01023848,0
Unvalidated,2024411472326,2024,411472326,1,9,0,3,5,1,0,0,0,0,0,0,2,1,6,1,43,7,-1,-1,-1,-1,6,3,E01023583,0
Unvalidated,2024411472326,2024,411472326,2,9,0,4,5,1,0,0,0,0,0,0,1,1,5,2,19,4,-1,-1,-1,-1,6,2,E01023582,0
Unvalidated,2024411472398,2024,411472398,1,9,0,18,4,8,0,1,0,0,0,0,1,1,5,2,46,8,-1,-1,-1,-1,-1,-1,-1,0
Unvalidated,2024411472398,2024,411472398,2,9,0,10,7,3,0,5,0,0,0,0,2,1,2,1,34,6,-1,-1,-1,-1,8,1,E01033028,0
Unvalidated,2024411472413,2024,411472413,1,9,0,9,3,1,0,0,0,0,0,0,1,1,6,1,88,11,-1,-1,-1,-1,9,2,E01023525,0
Unvalidated,2024411472413,2024,411472413,2,9,0,2,0,0,9,0,0,0,0,0,2,1,6,3,-1,-1,-1,-1,-1,-1,-1,-1,-1,0
Unvalidated,2024411472414,2024,411472414,1,9,0,5,4,8,0,2,0,0,0,0,1,1,6,1,81,11,-1,-1,-1,-1,9,1,E01000191,0
Unvalidated,2024411472423,2024,411472423,1,9,0,9,5,3,0,8,0,0,0,0,4,1,2,2,40,7,-1,-1,-1,-1,5,1,E01023933,0
Unvalidated,2024411472423,2024,411472423,2,11,0,7,1,3,0,1,0,0,0,0,1,1,1,1,56,9,-1,-1,-1,-1,6,1,E01023927,0
Unvalidated,2024411473258,2024,411473258,1,9,0,18,2,5,0,1,0,4,0,0,1,1,6,2,24,5,-1,-1,-1,-1,7,1,E01023569,0
Unvalidated,2024411473258,2024,411473258,2,9,0,2,0,0,0,1,0,0,0,0,4,1,6,3,-1,-1,-1,-1,-1,-1,-1,-1,-1,0
Unvalidated,2024411473278,2024,411473278,1,9,0,7,2,4,0,5,0,0,0,0,1,1,6,1,20,4,-1,-1,-1,-1,3,1,E01023310,0
Unvalidated,2024411473278,2024,411473278,2,9,0,5,4,8,0,6,0,0,0,0,4,1,6,1,75,10,-1,-1,-1,-1,10,2,E01023523,0
Unvalidated,2024411473298,2024,411473298,1,9,0,18,3,7,0,0,0,0,0,0,1,1,2,2,20,4,-1,-1,-1,-1,6,1,E01023940,0
Unvalidated,2024411473298,2024,411473298,2,9,0,3,3,7,0,0,0,0,0,0,2,1,2,1,31,6,-1,-1,-1,-1,8,1,E01023478,0
Unvalidated,2024411473339,2024,411473339,1,98,0,18,5,2,0,0,0,11,2,2,1,1,6,1,42,7,-1,-1,-1,-1,6,1,E01023671,0
Unvalidated,2024411473339,2024,411473339,2,9,0,4,5,2,0,0,0,0,0,0,0,1,1,2,23,5,-1,-1,-1,-1,-1,-1,-1,0
Unvalidated,2024411473350,2024,411473350,1,9,0,1,8,4,9,0,0,0,7,0,2,1,5,1,89,11,-1,-1,-1,-1,10,1,E01023715,0
Unvalidated,2024411473350,2024,411473350,2,9,0,2,0,0,9,0,0,0,0,0,1,1,6,3,-1,-1,-1,-1,-1,-1,-1,-1,-1,0
Unvalidated,2024411473413,2024,411473413,1,9,0,5,5,1,0,0,0,0,0,0,1,1,6,1,45,7,-1,-1,-1,-1,7,2,E01020538,0
Unvalidated,2024411473413,2024,411473413,2,5,0,5,5,1,0,0,0,0,0,0,2,1,2,1,55,8,-1,-1,-1,-1,6,1,E01023918,0
Unvalidated,2024411473690,2024,411473690,1,19,0,18,1,5,0,0,0,0,0,0,1,1,1,1,35,6,-1,-1,-1,-1,8,1,E01023315,0
Unvalidated,2024411473690,2024,411473690,2,9,0,18,5,1,0,0,0,0,0,0,1,1,5,2,38,7,-1,-1,-1,-1,8,2,E01023315,0
Unvalidated,2024411474258,2024,411474258,1,1,0,18,1,5,0,1,0,0,0,0,1,1,6,1,20,4,-1,-1,-1,-1,4,1,E01023401,0
Unvalidated,2024411474258,2024,411474258,2,9,0,7,5,7,0,1,0,0,0,0,0,1,6,2,30,6,-1,-1,-1,-1,4,1,E01023403,0
Unvalidated,2024411474377,2024,411474377,1,5,0,14,1,5,0,3,1,10,0,0,3,1,6,1,30,6,-1,-1,-1,-1,4,2,E01002442,0
Unvalidated,2024411474377,2024,411474377,2,9,0,11,8,3,0,3,0,0,0,0,1,1,6,2,44,7,-1,-1,-1,-1,10,1,E01023841,0
Unvalidated,2024411475025,2024,411475025,1,9,0,18,5,1,0,0,0,0,0,0,1,1,6,2,22,5,-1,-1,-1,-1,9,2,E01023525,0
Unvalidated,2024411475025,2024,411475025,2,11,0,18,1,5,0,0,0,0,0,0,3,1,1,1,62,9,-1,-1,-1,-1,8,1,E01000116,0
Unvalidated,2024411475037,2024,411475037,1,98,1,18,6,5,0,0,0,0,0,0,1,1,1,1,29,6,-1,-1,-1,-1,8,3,E01018152,0
Unvalidated,2024411475037,2024,411475037,2,9,0,9,4,2,0,0,0,0,0,0,2,1,3,2,57,9,-1,-1,-1,-1,-1,-1,-1,0
Unvalidated,2024411475096,2024,411475096,1,9,0,18,8,4,0,0,0,0,0,0,1,1,6,1,34,6,-1,-1,-1,-1,4,1,E01023547,0
Unvalidated,2024411475096,2024,411475096,2,9,0,3,8,4,0,0,0,0,0,0,2,1,6,1,64,9,-1,-1,-1,-1,5,1,E01023560,0
Unvalidated,2024411475096,2024,411475096,3,9,0,3,8,4,0,0,0,0,0,0,2,1,6,3,-1,-1,-1,-1,-1,-1,-1,-1,-1,0
Unvalidated,2024411475186,2024,411475186,1,9,0,18,8,4,0,8,1,0,0,0,4,1,2,1,58,9,-1,-1,-1,-1,10,1,E01024441,0
Unvalidated,2024411475186,2024,411475186,2,9,0,7,2,4,0,8,0,0,0,0,1,1,6,1,55,8,-1,-1,-1,-1,4,1,E01021833,0
Unvalidated,2024411476090,2024,411476090,1,9,0,9,5,3,0,6,0,0,0,0,4,1,6,1,58,9,-1,-1,-1,-1,2,1,E01023758,0
Unvalidated,2024411476090,2024,411476090,2,5,0,18,3,7,0,1,0,0,0,0,1,1,6,1,39,7,-1,-1,-1,-1,4,1,E01015776,0
Unvalidated,2024411476152,2024,411476152,1,9,0,18,8,4,0,1,0,0,0,0,1,1,6,1,38,7,-1,-1,-1,-1,3,1,E01023613,0
Unvalidated,2024411476152,2024,411476152,2,1,0,18,6,2,0,8,0,0,0,0,4,1,6,1,9,2,-1,-1,-1,-1,3,1,E01023613,0
Unvalidated,2024411476161,2024,411476161,1,9,0,4,8,4,0,2,0,0,0,0,2,1,6,2,61,9,-1,-1,-1,-1,10,1,E01023380,0
Unvalidated,2024411476161,2024,411476161,2,9,0,4,8,4,0,2,0,0,0,0,1,1,2,2,20,4,-1,-1,-1,-1,3,1,E01015713,0
Unvalidated,2024411476799,2024,411476799,1,9,0,4,1,5,0,1,0,0,0,0,4,1,6,1,28,6,-1,-1,-1,-1,1,1,E01006769,0
Unvalidated,2024411476799,2024,411476799,2,1,0,18,3,7,0,1,0,0,0,0,1,1,6,1,9,2,-1,-1,-1,-1,-1,-1,-1,0
Unvalidated,2024411477380,2024,411477380,1,98,0,5,3,6,9,4,5,11,1,10,1,1,6,1,46,8,-1,-1,-1,-1,2,1,E01000730,0
Unvalidated,2024411478756,2024,411478756,1,9,0,18,1,5,0,3,0,0,0,0,1,1,5,2,78,11,-1,-1,-1,-1,10,2,E01023724,0
Unvalidated,2024411478756,2024,411478756,2,1,0,18,3,7,0,1,0,0,0,0,3,1,6,1,14,3,-1,-1,-1,-1,10,2,E01023724,0
Unvalidated,2024411478836,2024,411478836,1,9,0,14,8,4,0,1,1,0,0,0,1,1,6,1,21,5,-1,-1,-1,-1,6,1,E01023943,0
Unvalidated,2024411478836,2024,411478836,2,9,0,9,4,2,0,1,0,0,0,0,3,1,6,1,39,7,-1,-1,-1,-1,6,1,E01033311,0
Unvalidated,2024411479077,2024,411479077,1,9,0,18,3,7,0,1,1,0,7,4,1,1,5,1,20,4,-1,-1,-1,-1,2,1,E01002664,0
Unvalidated,2024411479598,2024,411479598,1,9,0,18,2,5,0,2,2,10,0,0,1,1,6,1,24,5,-1,-1,-1,-1,8,1,E01023576,0
Unvalidated,2024411486596,2024,411486596,1,9,0,1,8,4,0,0,0,0,0,0,2,1,5,2,23,5,-1,-1,-1,-1,5,1,E01023575,0
Unvalidated,2024411486596,2024,411486596,2,19,0,1,4,8,0,0,0,0,0,0,2,1,1,1,27,6,-1,-1,-1,-1,3,1,E01003579,0
Unvalidated,2024411486828,2024,411486828,1,3,0,18,4,8,0,1,0,0,0,0,1,1,6,1,28,6,-1,-1,-1,-1,4,1,E01017567,0
Unvalidated,2024411486828,2024,411486828,2,9,0,5,6,4,0,6,0,0,0,0,3,1,5,2,20,4,-1,-1,-1,-1,9,1,E01023713,0
Unvalidated,2024411487074,2024,411487074,1,9,0,4,4,7,0,0,0,0,0,0,3,1,5,1,88,11,-1,-1,-1,-1,10,1,E01023451,0
Unvalidated,2024411487242,2024,411487242,1,9,0,7,5,1,0,5,0,0,0,0,1,1,6,2,-1,-1,-1,-1,-1,-1,10,1,E01023657,0
Unvalidated,2024411487931,2024,411487931,1,9,0,18,7,3,0,2,0,0,0,0,1,1,3,2,24,5,-1,-1,-1,-1,6,1,E01023836,0
Unvalidated,2024411487931,2024,411487931,2,9,0,3,7,3,0,2,0,0,0,0,2,1,6,2,44,7,-1,-1,-1,-1,3,1,E01023876,0
Unvalidated,2024411488911,2024,411488911,1,90,0,-1,-1,-1,-1,0,-1,-1,-1,0,-1,1,6,2,35,6,-1,-1,-1,-1,6,1,E01023874,0
Unvalidated,2024411488911,2024,411488911,2,9,0,-1,-1,-1,-1,0,-1,-1,-1,0,-1,1,6,1,-1,-1,-1,-1,-1,-1,-1,-1,-1,0
Unvalidated,2024411489858,2024,411489858,1,9,0,4,6,2,0,6,0,0,0,0,3,1,2,2,34,6,-1,-1,-1,-1,4,1,E01023401,0
Unvalidated,2024411489858,2024,411489858,2,9,0,18,5,1,0,1,0,0,0,0,1,1,5,1,88,11,-1,-1,-1,-1,10,1,E01023803,0
Unvalidated,2024411490018,2024,411490018,1,9,0,3,4,8,0,0,0,0,0,0,2,1,5,1,68,10,-1,-1,-1,-1,5,1,E01023864,0