status,collision_index,collision_year,collision_reference,vehicle_reference,vehicle_type,towing_and_articulation,vehicle_manoeuvre,vehicle_direction_from,vehicle_direction_to,vehicle_location_restricted_lane,junction_location,skidding_and_overturning,hit_object_in_carriageway,vehicle_leaving_carriageway,hit_object_off_carriageway,first_point_of_impact,vehicle_left_hand_drive,journey_purpose_of_driver,sex_of_driver,age_of_driver,age_band_of_driver,engine_capacity_cc,propulsion_code,age_of_vehicle,generic_make_model,driver_imd_decile,driver_home_area_type,lsoa_of_driver,escooter_flag
Unvalidated,2024411490018,2024,411490018,2,9,0,3,4,8,0,0,0,0,0,0,1,1,6,1,38,7,-1,-1,-1,-1,5,1,E01023631,0
Unvalidated,2024411490018,2024,411490018,3,9,0,3,4,8,0,0,0,0,0,0,2,1,6,2,50,8,-1,-1,-1,-1,10,1,E01032895,0
Unvalidated,2024411490953,2024,411490953,1,9,0,18,2,6,0,1,0,0,0,0,4,1,6,1,27,6,-1,-1,-1,-1,7,1,E01023923,0
Unvalidated,2024411490953,2024,411490953,2,9,0,2,0,0,0,1,0,0,0,0,4,1,6,1,65,9,-1,-1,-1,-1,7,1,E01023923,0
Unvalidated,2024411491021,2024,411491021,1,9,0,7,2,4,0,0,1,10,0,0,1,1,5,1,18,4,-1,-1,-1,-1,10,3,E01017657,0
Unvalidated,2024411491021,2024,411491021,2,9,0,4,4,8,0,0,0,0,0,0,3,2,5,1,76,11,-1,-1,-1,-1,-1,-1,-1,0
Unvalidated,2024411492345,2024,411492345,1,9,0,18,1,1,0,1,0,0,0,0,0,1,5,1,60,9,-1,-1,-1,-1,4,1,E01023778,0
Unvalidated,2024411492345,2024,411492345,2,9,0,18,1,1,0,1,5,11,1,2,3,1,5,1,19,4,-1,-1,-1,-1,10,1,E01023608,0
Unvalidated,2024411492481,2024,411492481,1,1,0,2,0,0,0,2,0,11,0,0,3,1,5,1,77,11,-1,-1,-1,-1,10,1,E01023744,0
Unvalidated,2024411492481,2024,411492481,2,98,-1,-1,-1,-1,-1,2,-1,-1,-1,0,-1,1,6,3,-1,-1,-1,-1,-1,-1,-1,-1,-1,0
Unvalidated,2024411492510,2024,411492510,1,9,0,16,8,4,0,0,0,0,0,0,1,1,6,2,33,6,-1,-1,-1,-1,3,1,E01023650,0
Unvalidated,2024411492835,2024,411492835,1,8,0,5,3,7,0,6,0,0,0,0,1,1,1,1,43,7,-1,-1,-1,-1,8,1,E01023660,0
Unvalidated,2024411492835,2024,411492835,2,1,0,18,1,5,0,8,0,0,0,0,1,1,6,1,35,6,-1,-1,-1,-1,8,1,E01023660,0
Unvalidated,2024411492848,2024,411492848,1,9,0,4,4,8,0,0,0,0,0,0,1,1,6,1,68,10,-1,-1,-1,-1,10,3,E01017657,0
Unvalidated,2024411492990,2024,411492990,1,9,0,3,5,1,0,0,0,0,0,0,1,1,6,2,28,6,-1,-1,-1,-1,3,1,E01023323,0
Unvalidated,2024411492990,2024,411492990,2,9,0,3,5,1,0,0,0,0,0,0,2,1,6,2,24,5,-1,-1,-1,-1,6,1,E01023518,0
Unvalidated,2024411493415,2024,411493415,1,9,0,9,7,5,0,8,0,0,0,0,4,1,3,2,39,7,-1,-1,-1,-1,10,1,E01023813,0
Unvalidated,2024411493415,2024,411493415,2,9,0,5,1,5,0,6,0,0,0,0,1,1,3,2,42,7,-1,-1,-1,-1,7,1,E01023897,0
Unvalidated,2024411495307,2024,411495307,1,19,0,4,3,3,0,0,0,0,0,0,1,1,1,1,41,7,-1,-1,-1,-1,3,1,E01015730,0
Unvalidated,2024411495307,2024,411495307,2,9,0,4,3,3,0,0,0,0,0,0,2,1,5,1,45,7,-1,-1,-1,-1,8,3,E01023195,0
Unvalidated,2024411495307,2024,411495307,3,9,0,4,3,3,0,0,0,0,0,0,2,1,5,2,63,9,-1,-1,-1,-1,10,1,E01023615,0
Unvalidated,2024411495585,2024,411495585,1,8,0,9,1,7,0,1,0,0,0,0,3,1,1,1,52,8,-1,-1,-1,-1,6,1,E01003416,0
Unvalidated,2024411495585,2024,411495585,2,9,0,18,5,1,0,1,0,0,0,0,1,1,6,2,30,6,-1,-1,-1,-1,7,1,E01023605,0
Unvalidated,2024411495678,2024,411495678,1,9,0,7,6,8,0,8,0,0,0,0,3,1,6,2,40,7,-1,-1,-1,-1,4,1,E01023681,0
Unvalidated,2024411495678,2024,411495678,2,3,0,7,6,8,0,8,1,0,0,0,4,1,6,1,18,4,-1,-1,-1,-1,5,1,E01023930,0
Unvalidated,2024411495859,2024,411495859,1,9,0,9,1,7,0,8,0,0,0,0,1,1,6,2,21,5,-1,-1,-1,-1,10,1,E01017392,0
Unvalidated,2024411495859,2024,411495859,2,1,0,18,7,3,0,8,0,0,0,0,4,1,6,1,58,9,-1,-1,-1,-1,10,1,E01023591,0
Unvalidated,2024411496240,2024,411496240,1,5,0,18,1,5,0,1,2,0,0,0,1,1,5,1,29,6,-1,-1,-1,-1,9,3,E01017414,0
Unvalidated,2024411496240,2024,411496240,2,9,-1,-1,7,3,-1,1,-1,-1,-1,0,-1,1,6,3,-1,-1,-1,-1,-1,-1,-1,-1,-1,0
Unvalidated,2024411497828,2024,411497828,1,9,0,18,4,1,0,1,0,0,0,0,4,1,5,1,87,11,-1,-1,-1,-1,9,1,E01001417,0
Unvalidated,2024411497828,2024,411497828,2,9,0,18,5,1,0,8,0,0,1,10,1,1,5,1,70,10,-1,-1,-1,-1,4,1,E01020915,0
Unvalidated,2024411498526,2024,411498526,1,9,0,5,1,5,0,1,0,0,0,0,1,1,6,3,-1,-1,-1,-1,-1,-1,-1,-1,-1,0
Unvalidated,2024411498684,2024,411498684,1,97,0,4,4,8,0,0,2,0,0,0,0,1,6,2,64,9,-1,-1,-1,-1,7,1,E01023366,0
Unvalidated,2024411498684,2024,411498684,2,9,0,4,4,8,0,0,0,0,0,0,0,1,6,1,49,8,-1,-1,-1,-1,6,1,E01023413,0
Unvalidated,2024411504854,2024,411504854,1,9,0,18,7,3,0,0,0,0,0,0,1,1,1,2,27,6,-1,-1,-1,-1,7,1,E01003475,0
Unvalidated,2024411504854,2024,411504854,2,98,0,4,7,3,0,0,0,0,0,0,2,1,1,1,55,8,-1,-1,-1,-1,5,2,E01021762,0
Unvalidated,2024411504854,2024,411504854,3,9,0,4,7,3,0,0,0,0,0,0,2,1,6,1,33,6,-1,-1,-1,-1,9,1,W01001115,0
Unvalidated,2024421393680,2024,421393680,1,9,0,18,5,1,0,0,0,0,0,0,2,1,6,1,34,6,-1,-1,-1,-1,-1,-1,-1,0
Unvalidated,2024421393680,2024,421393680,2,9,0,18,5,1,0,0,0,0,0,0,1,1,1,1,41,7,-1,-1,-1,-1,10,1,E01016343,0
Unvalidated,2024421393680,2024,421393680,3,9,0,18,5,2,0,0,0,0,0,0,1,1,1,1,52,8,-1,-1,-1,-1,2,1,E01003069,0
Unvalidated,2024421393680,2024,421393680,4,9,0,18,5,1,0,0,0,0,0,0,1,1,1,1,33,6,-1,-1,-1,-1,3,1,E01003635,0
Unvalidated,2024421393732,2024,421393732,1,98,0,18,7,3,0,0,0,0,0,0,1,1,5,1,43,7,-1,-1,-1,-1,7,1,E01021613,0
Unvalidated,2024421393910,2024,421393910,1,9,0,18,3,7,0,2,0,0,0,0,3,2,1,1,24,5,-1,-1,-1,-1,2,1,E01021278,0
Unvalidated,2024421393910,2024,421393910,2,90,0,5,1,6,0,2,0,0,0,0,1,2,1,1,35,6,-1,-1,-1,-1,1,1,E01021323,0
Unvalidated,2024421394061,2024,421394061,1,3,0,14,1,5,0,1,0,0,0,0,1,1,1,1,42,7,-1,-1,-1,-1,8,1,E01021750,0
Unvalidated,2024421394061,2024,421394061,2,9,0,9,5,2,0,8,0,0,0,0,1,1,5,2,47,8,-1,-1,-1,-1,6,3,E01021761,0
Unvalidated,2024421394082,2024,421394082,1,4,0,18,1,5,0,1,0,0,1,0,1,1,5,1,19,4,-1,-1,-1,-1,7,1,E01021684,0
Unvalidated,2024421394082,2024,421394082,2,9,0,13,5,1,0,1,0,0,0,0,3,1,6,1,33,6,-1,-1,-1,-1,4,1,E01021674,0
Unvalidated,2024421394227,2024,421394227,1,9,0,4,5,1,0,1,0,0,0,0,1,1,5,1,26,6,-1,-1,-1,-1,7,1,E01021857,0
Unvalidated,2024421394227,2024,421394227,2,9,0,4,5,1,0,4,0,0,0,0,2,1,5,2,48,8,-1,-1,-1,-1,-1,-1,-1,0
Unvalidated,2024421394435,2024,421394435,1,9,0,9,7,3,0,0,2,0,7,9,3,1,6,1,73,10,-1,-1,-1,-1,5,3,E01021901,0
Unvalidated,2024421394461,2024,421394461,1,9,0,18,8,7,0,0,1,0,0,0,1,1,5,2,50,8,-1,-1,-1,-1,5,2,E01022009,0
Unvalidated,2024421394461,2024,421394461,2,9,0,18,7,7,0,0,0,0,0,0,1,1,1,1,40,7,-1,-1,-1,-1,5,1,E01029960,0
Unvalidated,2024421394876,2024,421394876,1,9,0,5,3,7,0,2,0,0,0,0,1,1,5,2,54,8,-1,-1,-1,-1,5,1,E01021492,0
Unvalidated,2024421394944,2024,421394944,1,9,0,18,3,7,0,0,2,0,1,4,2,1,6,1,29,6,-1,-1,-1,-1,2,1,E01015938,0
Unvalidated,2024421395357,2024,421395357,1,9,0,9,7,4,0,8,0,0,0,0,3,1,5,1,30,6,-1,-1,-1,-1,9,1,E01033614,0
Unvalidated,2024421395357,2024,421395357,2,3,0,18,4,1,0,1,2,0,0,0,1,1,5,1,31,6,-1,-1,-1,-1,2,1,E01015954,0
Unvalidated,2024421395393,2024,421395393,1,9,0,9,4,2,0,8,0,0,0,0,1,1,1,1,55,8,-1,-1,-1,-1,6,1,E01021258,0
Unvalidated,2024421395393,2024,421395393,2,1,0,18,7,3,0,8,0,0,0,0,1,1,1,1,39,7,-1,-1,-1,-1,10,1,E01021250,0
Unvalidated,2024421395489,2024,421395489,1,9,0,18,3,8,0,0,1,0,0,0,1,1,5,1,29,6,-1,-1,-1,-1,-1,-1,-1,0
Unvalidated,2024421395531,2024,421395531,1,9,0,18,3,7,0,8,5,0,3,0,1,1,6,2,41,7,-1,-1,-1,-1,10,3,E01002254,0
Unvalidated,2024421395585,2024,421395585,1,9,0,18,7,3,0,0,0,0,0,0,1,1,6,1,35,6,-1,-1,-1,-1,1,1,E01003048,0
Unvalidated,2024421395585,2024,421395585,2,9,0,18,3,7,0,0,5,0,1,0,1,1,6,2,41,7,-1,-1,-1,-1,7,1,E01002372,0
Unvalidated,2024421395790,2024,421395790,1,9,0,13,5,1,0,0,0,0,0,0,4,1,5,1,25,5,-1,-1,-1,-1,6,1,E01033723,0
Unvalidated,2024421395790,2024,421395790,2,1,0,9,5,1,0,0,5,0,0,0,3,1,2,1,51,8,-1,-1,-1,-1,6,1,E01021705,0
Unvalidated,2024421396002,2024,421396002,1,9,0,9,1,7,0,6,0,0,0,0,1,1,5,1,59,9,-1,-1,-1,-1,2,1,E01015820,0
Unvalidated,2024421396002,2024,421396002,2,9,0,18,7,3,0,8,0,0,0,0,4,1,5,2,68,10,-1,-1,-1,-1,6,1,E01015866,0
Unvalidated,2024421396128,2024,421396128,1,23,0,9,2,7,0,8,0,0,0,0,2,1,5,1,15,3,-1,-1,-1,-1,6,2,E01021723,0
Unvalidated,2024421396128,2024,421396128,3,9,0,18,6,2,0,8,0,0,0,0,2,1,2,2,19,4,-1,-1,-1,-1,10,2,E01021643,0
Unvalidated,2024421396134,2024,421396134,1,9,0,18,1,5,0,0,0,0,0,0,1,1,5,2,31,6,-1,-1,-1,-1,1,1,E01022026,0
Unvalidated,2024421396134,2024,421396134,2,9,0,18,1,5,0,0,0,0,0,0,2,1,5,2,40,7,-1,-1,-1,-1,5,1,E01030030,0
Unvalidated,2024421396182,2024,421396182,1,9,0,10,1,5,0,0,0,0,0,0,1,1,6,1,-1,-1,-1,-1,-1,-1,-1,-1,-1,0
Unvalidated,2024421396182,2024,421396182,2,3,0,18,1,5,0,0,0,0,0,0,3,1,6,1,49,8,-1,-1,-1,-1,1,1,E01002040,0
Unvalidated,2024421396284,2024,421396284,1,9,0,18,6,2,0,1,0,0,0,0,1,1,1,1,35,6,-1,-1,-1,-1,4,1,E01021283,0
Unvalidated,2024421396284,2024,421396284,2,9,0,18,6,2,0,1,0,0,0,0,2,1,1,2,47,8,-1,-1,-1,-1,8,1,E01021544,0
Unvalidated,2024421396396,2024,421396396,1,1,0,18,5,1,0,0,0,0,0,0,3,1,6,1,20,4,-1,-1,-1,-1,1,1,E01021304,0
Unvalidated,2024421396396,2024,421396396,2,9,0,18,3,7,0,0,0,0,0,0,4,1,3,1,39,7,-1,-1,-1,-1,6,1,E01033137,0
Unvalidated,2024421396464,2024,421396464,1,9,0,18,5,1,0,1,0,0,0,0,1,1,5,2,53,8,-1,-1,-1,-1,3,1,E01015819,0
Unvalidated,2024421396464,2024,421396464,2,9,0,18,3,7,0,1,2,0,0,0,4,1,5,2,70,10,-1,-1,-1,-1,9,1,E01021948,0
Unvalidated,2024421396494,2024,421396494,1,9,0,18,1,5,0,2,0,0,1,0,1,1,5,2,24,5,-1,-1,-1,-1,9,1,E01021555,0
Unvalidated,2024421396494,2024,421396494,2,9,0,18,5,1,0,1,0,0,0,0,1,1,5,2,21,5,-1,-1,-1,-1,7,3,E01021571,0
Unvalidated,2024421396505,2024,421396505,1,9,0,18,3,7,0,0,0,0,0,0,1,1,2,2,88,11,-1,-1,-1,-1,5,1,E01015832,0
Unvalidated,2024421396512,2024,421396512,1,9,0,18,4,8,0,0,0,0,0,0,1,1,6,1,76,11,-1,-1,-1,-1,2,1,E01023338,0
Unvalidated,2024421396512,2024,421396512,2,9,0,4,7,8,0,0,0,0,0,0,1,1,2,1,41,7,-1,-1,-1,-1,-1,-1,-1,0
Unvalidated,2024421396527,2024,421396527,1,9,0,18,5,1,0,0,0,0,0,0,1,1,6,1,67,10,-1,-1,-1,-1,7,1,E01031014,0
Unvalidated,2024421396527,2024,421396527,2,9,0,18,4,1,0,0,0,0,0,0,2,1,6,2,33,6,-1,-1,-1,-1,10,2,E01021645,0
Unvalidated,2024421396546,2024,421396546,1,9,0,3,3,7,0,1,0,0,0,0,2,1,6,2,57,9,-1,-1,-1,-1,7,1,E01021830,0
Unvalidated,2024421396546,2024,421396546,2,19,0,3,3,7,0,1,0,0,0,0,2,1,5,1,31,6,-1,-1,-1,-1,5,3,E01021741,0
Unvalidated,2024421396546,2024,421396546,3,9,0,18,3,7,0,1,0,0,0,0,1,1,5,1,48,8,-1,-1,-1,-1,3,1,E01021847,0
Unvalidated,2024421396548,2024,421396548,1,-1,0,18,1,5,0,0,0,0,0,0,1,1,6,3,17,4,-1,-1,-1,-1,-1,-1,-1,0
Unvalidated,2024421396555,2024,421396555,1,9,0,4,5,5,0,0,0,0,0,0,1,1,1,1,30,6,-1,-1,-1,-1,8,1,E01021544,0
Unvalidated,2024421396555,2024,421396555,2,9,0,4,5,5,0,0,0,0,0,0,2,1,6,2,38,7,-1,-1,-1,-1,2,1,E01003624,0
Unvalidated,2024421396555,2024,421396555,3,9,0,4,5,5,0,0,0,0,0,0,2,1,6,2,21,5,-1,-1,-1,-1,-1,-1,-1,0
Unvalidated,2024421396562,2024,421396562,1,9,0,18,5,1,0,0,1,0,7,0,1,1,5,2,23,5,-1,-1,-1,-1,7,2,E01021803,0
Unvalidated,2024421396703,2024,421396703,1,9,0,18,1,1,0,0,2,0,0,0,3,1,2,1,22,5,-1,-1,-1,-1,4,1,E01021785,0
Unvalidated,2024421396773,2024,421396773,1,9,0,18,8,4,0,0,0,0,0,0,3,1,5,1,38,7,-1,-1,-1,-1,3,1,E01021291,0
Unvalidated,2024421396955,2024,421396955,1,9,0,18,3,7,0,1,0,0,0,0,1,2,2,1,31,6,-1,-1,-1,-1,-1,-1,-1,0
Unvalidated,2024421396970,2024,421396970,1,9,0,18,7,3,0,0,0,0,1,0,2,1,6,1,22,5,-1,-1,-1,-1,3,1,E01002313,0
Unvalidated,2024421397008,2024,421397008,1,3,0,18,7,3,0,0,1,0,0,0,0,1,6,1,22,5,-1,-1,-1,-1,9,1,E01033613,0
Unvalidated,2024421397035,2024,421397035,1,5,0,4,1,5,0,1,1,0,0,0,3,1,2,1,49,8,-1,-1,-1,-1,7,1,E01033720,0
Unvalidated,2024421397337,2024,421397337,1,9,0,5,8,5,0,8,0,0,0,0,3,1,6,1,57,9,-1,-1,-1,-1,4,1,E01022024,0
Unvalidated,2024421397337,2024,421397337,2,2,0,18,7,3,0,1,0,0,0,0,1,1,6,1,18,4,-1,-1,-1,-1,4,1,E01022050,0
Unvalidated,2024421397340,2024,421397340,1,20,0,18,1,3,0,0,0,0,1,0,1,1,2,1,26,6,-1,-1,-1,-1,2,1,E01021286,0
Unvalidated,2024421397340,2024,421397340,2,9,0,18,3,1,0,0,0,0,0,0,1,1,5,2,81,11,-1,-1,-1,-1,6,1,E01021448,0
Unvalidated,2024421397396,2024,421397396,1,11,0,18,3,4,0,8,0,0,0,0,1,1,1,1,62,9,-1,-1,-1,-1,3,1,E01015973,0
Unvalidated,2024421397396,2024,421397396,2,9,0,18,3,3,0,6,0,0,0,0,1,1,2,1,58,9,-1,-1,-1,-1,9,1,E01021479,0
Unvalidated,2024421397762,2024,421397762,1,3,0,13,1,5,0,0,5,0,7,0,1,1,6,1,19,4,-1,-1,-1,-1,10,1,E01033721,0
Unvalidated,2024421397762,2024,421397762,2,9,0,9,1,5,0,0,0,0,0,0,3,1,6,1,22,5,-1,-1,-1,-1,-1,-1,-1,0
Unvalidated,2024421397869,2024,421397869,1,3,0,7,3,4,0,6,0,0,0,0,4,1,6,1,25,5,-1,-1,-1,-1,7,1,E01028562,0
Unvalidated,2024421397869,2024,421397869,2,1,0,18,1,5,0,2,0,0,0,0,1,1,5,1,59,9,-1,-1,-1,-1,5,1,E01004383,0
Unvalidated,2024421397952,2024,421397952,1,9,0,18,5,1,0,2,0,0,0,0,1,1,5,1,42,7,-1,-1,-1,-1,6,1,E01021258,0
Unvalidated,2024421397952,2024,421397952,2,3,0,18,5,1,0,2,0,0,0,0,1,1,5,1,53,8,-1,-1,-1,-1,8,1,E01021281,0
Unvalidated,2024421397970,2024,421397970,1,9,0,18,1,4,0,0,0,4,0,0,4,1,6,1,23,5,-1,-1,-1,-1,9,2,E01022063,0
Unvalidated,2024421397970,2024,421397970,2,9,0,2,0,0,0,0,0,4,1,0,2,1,6,3,-1,-1,-1,-1,-1,-1,-1,-1,-1,0
Unvalidated,2024421397970,2024,421397970,3,9,0,2,0,0,0,0,0,0,0,0,2,1,6,3,-1,-1,-1,-1,-1,-1,-1,-1,-1,0
Unvalidated,2024421398010,2024,421398010,1,9,0,18,2,6,0,0,0,0,0,0,1,1,6,2,77,11,-1,-1,-1,-1,9,3,E01022013,0
Unvalidated,2024421398010,2024,421398010,2,9,0,18,6,2,0,0,0,0,0,0,3,1,5,1,32,6,-1,-1,-1,-1,7,3,E01021971,0
Unvalidated,2024421398027,2024,421398027,1,9,0,9,7,3,0,1,0,0,0,0,4,1,5,2,60,9,-1,-1,-1,-1,-1,-1,-1,0
Unvalidated,2024421398063,2024,421398063,1,9,0,18,4,2,0,0,0,0,7,0,1,1,5,2,20,4,-1,-1,-1,-1,9,2,E01029872,0
Unvalidated,2024421398063,2024,421398063,2,9,0,18,8,2,0,0,0,0,0,0,1,1,5,2,58,9,-1,-1,-1,-1,2,1,E01021998,0
Unvalidated,2024421398114,2024,421398114,1,9,0,18,1,3,0,0,2,4,1,0,1,1,6,1,37,7,-1,-1,-1,-1,5,1,E01021241,0
Unvalidated,2024421398114,2024,421398114,2,9,0,2,0,0,0,0,0,0,0,0,3,1,6,3,-1,-1,-1,-1,-1,-1,-1,-1,-1,0
Unvalidated,2024421398125,2024,421398125,1,9,0,4,1,5,0,8,0,0,0,0,1,1,6,2,59,9,-1,-1,-1,-1,5,1,E01033141,0
Unvalidated,2024421398125,2024,421398125,2,9,0,4,8,5,0,8,0,0,0,0,2,1,6,1,19,4,-1,-1,-1,-1,7,3,E01021407,0
Unvalidated,2024421398125,2024,421398125,3,9,0,3,3,1,0,1,0,0,0,0,0,1,1,1,30,6,-1,-1,-1,-1,8,1,E01021544,0
Unvalidated,2024421398257,2024,421398257,1,9,0,18,7,3,0,0,0,0,0,0,1,1,6,1,24,5,-1,-1,-1,-1,6,2,E01021879,0
Unvalidated,2024421398257,2024,421398257,2,9,0,2,0,0,0,0,0,0,0,0,2,1,6,3,-1,-1,-1,-1,-1,-1,-1,-1,-1,0
Unvalidated,2024421398270,2024,421398270,1,19,0,7,2,5,0,0,1,0,7,9,1,1,6,1,62,9,-1,-1,-1,-1,9,3,E01022060,0
Unvalidated,2024421398273,2024,421398273,1,9,0,18,1,5,0,0,0,0,0,0,4,1,5,1,37,7,-1,-1,-1,-1,2,1,E01015900,0
Unvalidated,2024421398295,2024,421398295,1,9,0,18,5,2,0,0,1,0,2,3,4,1,5,2,19,4,-1,-1,-1,-1,8,2,E01021347,0
Unvalidated,2024421398433,2024,421398433,1,9,0,18,1,5,0,0,0,0,0,0,1,1,6,1,39,7,-1,-1,-1,-1,5,3,E01021694,0
Unvalidated,2024421398433,2024,421398433,2,9,0,18,5,1,0,0,0,0,0,0,1,1,6,2,31,6,-1,-1,-1,-1,5,3,E01021644,0
Unvalidated,2024421398512,2024,421398512,1,9,0,9,1,7,0,1,0,0,0,0,1,1,6,2,25,5,-1,-1,-1,-1,8,1,E01021482,0
Unvalidated,2024421398512,2024,421398512,2,9,0,18,3,7,0,1,0,0,0,0,4,1,2,2,27,6,-1,-1,-1,-1,1,1,E01021500,0
Unvalidated,2024421398595,2024,421398595,1,9,0,18,4,8,0,0,0,0,1,0,1,1,6,1,41,7,-1,-1,-1,-1,1,1,E01021968,0
Unvalidated,2024421398595,2024,421398595,2,9,0,18,4,8,0,0,0,0,0,0,2,1,6,1,67,10,-1,-1,-1,-1,4,1,E01021984,0
Unvalidated,2024421398649,2024,421398649,1,9,0,9,1,6,0,8,0,0,0,0,4,1,5,2,36,7,-1,-1,-1,-1,8,1,E01021389,0
Unvalidated,2024421398686,2024,421398686,1,3,0,16,1,5,0,0,1,0,0,0,4,1,1,1,20,4,-1,-1,-1,-1,2,1,E01000045,0
Unvalidated,2024421398686,2024,421398686,2,19,0,18,5,1,0,0,0,0,0,0,1,1,1,1,30,6,-1,-1,-1,-1,5,1,E01005520,0
Unvalidated,2024421398733,2024,421398733,1,9,0,18,3,7,0,0,0,0,0,0,3,1,6,1,42,7,-1,-1,-1,-1,6,1,E01021629,0
Unvalidated,2024421398733,2024,421398733,2,90,0,18,7,3,0,0,0,0,0,0,3,1,2,2,30,6,-1,-1,-1,-1,7,1,E01021628,1
Unvalidated,2024421398797,2024,421398797,1,9,0,18,3,7,0,0,0,0,0,0,1,1,6,3,-1,-1,-1,-1,-1,-1,-1,-1,-1,0
Unvalidated,2024421398797,2024,421398797,2,9,0,9,3,1,0,0,0,0,0,0,3,1,3,2,53,8,-1,-1,-1,-1,7,1,E01021676,0
Unvalidated,2024421398908,2024,421398908,1,9,0,18,6,2,0,0,0,0,0,0,1,1,6,1,30,6,-1,-1,-1,-1,6,1,E01021714,0
Unvalidated,2024421398908,2024,421398908,2,9,0,3,2,6,0,0,0,0,0,0,2,1,3,2,18,4,-1,-1,-1,-1,7,3,E01021910,0
Unvalidated,2024421398956,2024,421398956,1,9,0,18,1,5,0,0,0,0,0,0,1,1,6,1,-1,-1,-1,-1,-1,-1,-1,-1,-1,0
Unvalidated,2024421399007,2024,421399007,1,9,0,14,8,4,0,0,0,1,0,0,1,1,6,3,-1,-1,-1,-1,-1,-1,-1,-1,-1,0
Unvalidated,2024421399043,2024,421399043,1,9,0,18,1,5,0,1,0,0,0,0,1,1,6,2,-1,-1,-1,-1,-1,-1,-1,-1,-1,0
Unvalidated,2024421399043,2024,421399043,2,9,0,4,1,5,0,1,0,10,1,0,2,1,2,1,35,6,-1,-1,-1,-1,5,2,E01021732,0
Unvalidated,2024421399135,2024,421399135,1,4,0,18,7,3,0,0,1,4,0,0,0,1,5,1,27,6,-1,-1,-1,-1,-1,-1,-1,0
Unvalidated,2024421399135,2024,421399135,2,19,0,2,0,0,0,0,0,0,0,0,4,1,6,1,35,6,-1,-1,-1,-1,-1,-1,-1,0
Unvalidated,2024421399137,2024,421399137,1,98,0,9,3,8,0,1,0,0,0,0,1,1,1,1,61,9,-1,-1,-1,-1,3,1,E01015902,0
Unvalidated,2024421399137,2024,421399137,2,9,0,9,1,3,0,5,0,0,0,0,3,1,5,1,65,9,-1,-1,-1,-1,2,1,E01015898,0
Unvalidated,2024421399186,2024,421399186,1,9,0,9,1,6,0,1,0,0,0,0,1,1,5,1,18,4,-1,-1,-1,-1,7,2,E01021900,0
Unvalidated,2024421399186,2024,421399186,2,9,0,18,5,1,0,8,0,0,0,0,1,1,2,2,31,6,-1,-1,-1,-1,7,2,E01033057,0
Unvalidated,2024421399247,2024,421399247,1,9,0,18,7,1,0,0,0,0,0,0,4,1,6,2,86,11,-1,-1,-1,-1,6,3,E01021917,0
Unvalidated,2024421399484,2024,421399484,1,9,0,18,5,1,0,0,5,0,1,0,1,1,6,1,36,7,-1,-1,-1,-1,1,1,E01022027,0
Unvalidated,2024421399490,2024,421399490,1,9,0,18,1,4,0,1,0,0,0,0,1,1,6,1,33,6,-1,-1,-1,-1,5,1,E01003703,0
Unvalidated,2024421399490,2024,421399490,2,9,0,18,5,1,0,1,0,0,7,0,1,1,6,2,33,6,-1,-1,-1,-1,8,1,E01023298,0
Unvalidated,2024421399602,2024,421399602,1,9,0,18,5,1,0,0,1,0,7,0,1,1,5,1,52,8,-1,-1,-1,-1,8,1,E01021750,0
Unvalidated,2024421399626,2024,421399626,1,9,0,4,1,5,0,0,0,0,0,0,1,1,6,1,35,6,-1,-1,-1,-1,1,1,E01004757,0
Unvalidated,2024421399626,2024,421399626,2,9,0,4,1,5,0,0,0,0,0,0,2,1,5,1,55,8,-1,-1,-1,-1,1,1,E01027239,0
Unvalidated,2024421399643,2024,421399643,1,9,0,3,2,7,0,2,0,0,0,0,1,1,2,2,63,9,-1,-1,-1,-1,6,3,E01021535,0
Unvalidated,2024421399724,2024,421399724,1,9,0,18,1,5,0,1,0,0,0,0,1,1,6,3,18,4,-1,-1,-1,-1,-1,-1,-1,0
Unvalidated,2024421399796,2024,421399796,1,9,0,18,8,4,0,0,0,0,0,0,1,1,5,2,47,8,-1,-1,-1,-1,6,3,E01021539,0
Unvalidated,2024421399815,2024,421399815,1,9,0,7,5,1,0,0,0,0,0,0,1,1,6,2,55,8,-1,-1,-1,-1,4,1,E01022033,0
Unvalidated,2024421399815,2024,421399815,2,9,0,4,1,5,0,0,0,0,0,0,1,1,6,2,27,6,-1,-1,-1,-1,6,1,E01022010,0
Unvalidated,2024421400102,2024,421400102,1,9,0,18,8,5,0,0,0,0,7,4,1,1,6,1,36,7,-1,-1,-1,-1,4,1,E01003722,0
Unvalidated,2024421400113,2024,421400113,1,9,0,18,6,3,0,0,0,0,0,0,1,1,6,1,43,7,-1,-1,-1,-1,9,1,E01021692,0
Unvalidated,2024421400113,2024,421400113,2,9,0,18,6,3,0,0,0,0,0,0,2,1,6,1,62,9,-1,-1,-1,-1,7,3,E01021910,0
Unvalidated,2024421400113,2024,421400113,3,9,0,18,6,3,0,0,0,0,0,0,2,1,6,2,59,9,-1,-1,-1,-1,7,3,E01021882,0
Unvalidated,2024421400133,2024,421400133,1,9,0,9,3,5,0,1,1,0,0,0,3,1,5,1,36,7,-1,-1,-1,-1,6,3,E01021535,0
Unvalidated,2024421400133,2024,421400133,2,9,0,18,5,1,0,1,0,0,0,0,1,1,5,2,44,7,-1,-1,-1,-1,5,3,E01021414,0