status,collision_index,collision_year,collision_reference,vehicle_reference,vehicle_type,towing_and_articulation,vehicle_manoeuvre,vehicle_direction_from,vehicle_direction_to,vehicle_location_restricted_lane,junction_location,skidding_and_overturning,hit_object_in_carriageway,vehicle_leaving_carriageway,hit_object_off_carriageway,first_point_of_impact,vehicle_left_hand_drive,journey_purpose_of_driver,sex_of_driver,age_of_driver,age_band_of_driver,engine_capacity_cc,propulsion_code,age_of_vehicle,generic_make_model,driver_imd_decile,driver_home_area_type,lsoa_of_driver,escooter_flag
Unvalidated,2024421400194,2024,421400194,1,9,0,18,2,4,0,2,0,0,0,0,1,1,6,2,27,6,-1,-1,-1,-1,6,1,E01022010,0
Unvalidated,2024421400194,2024,421400194,2,9,0,18,5,1,0,1,0,0,0,0,1,1,6,2,55,8,-1,-1,-1,-1,4,1,E01022033,0
Unvalidated,2024421400219,2024,421400219,1,8,0,18,4,8,0,0,0,0,0,0,1,1,1,1,69,10,-1,-1,-1,-1,6,3,E01022090,0
Unvalidated,2024421400219,2024,421400219,2,9,0,3,4,8,0,0,0,0,0,0,2,1,2,1,46,8,-1,-1,-1,-1,6,3,E01022096,0
Unvalidated,2024421400250,2024,421400250,1,19,0,1,7,3,0,0,0,0,0,0,2,1,1,1,50,8,-1,-1,-1,-1,5,3,E01021414,0
Unvalidated,2024421400289,2024,421400289,1,9,0,18,1,5,0,0,0,4,0,0,1,1,6,1,80,11,-1,-1,-1,-1,5,1,E01015992,0
Unvalidated,2024421400289,2024,421400289,2,9,0,2,0,0,0,0,0,0,0,0,2,1,6,3,-1,-1,-1,-1,-1,-1,-1,-1,-1,0
Unvalidated,2024421400327,2024,421400327,1,9,0,4,6,6,0,3,0,0,0,0,1,1,1,2,26,6,-1,-1,-1,-1,5,1,E01021241,0
Unvalidated,2024421400466,2024,421400466,1,9,0,2,7,1,6,0,0,7,1,0,1,2,5,2,49,8,-1,-1,-1,-1,8,1,E01021750,0
Unvalidated,2024421400466,2024,421400466,2,9,0,2,2,2,6,0,0,0,0,0,2,2,6,3,-1,-1,-1,-1,-1,-1,-1,-1,-1,0
Unvalidated,2024421400487,2024,421400487,1,9,0,18,6,2,0,0,0,0,0,0,1,1,6,1,42,7,-1,-1,-1,-1,5,1,E01021329,0
Unvalidated,2024421400487,2024,421400487,2,9,0,18,6,2,0,0,0,0,0,0,2,1,6,2,56,9,-1,-1,-1,-1,2,3,E01022046,0
Unvalidated,2024421400487,2024,421400487,3,9,0,18,6,2,0,0,0,0,0,0,2,1,2,1,49,8,-1,-1,-1,-1,7,1,E01021646,0
Unvalidated,2024421400515,2024,421400515,1,3,0,18,5,1,0,0,0,0,0,0,1,1,5,1,24,5,-1,-1,-1,-1,6,3,E01021796,0
Unvalidated,2024421400515,2024,421400515,2,9,0,18,1,5,0,0,0,0,0,0,1,1,2,1,51,8,-1,-1,-1,-1,9,2,E01022069,0
Unvalidated,2024421400750,2024,421400750,1,9,0,18,8,4,0,4,0,0,0,0,1,1,5,2,53,8,-1,-1,-1,-1,9,1,E01021577,0
Unvalidated,2024421400799,2024,421400799,1,9,0,18,5,2,0,0,0,0,0,0,1,1,5,2,84,11,-1,-1,-1,-1,5,1,E01021393,0
Unvalidated,2024421400799,2024,421400799,2,9,0,18,2,5,0,0,0,0,0,0,1,1,5,2,50,8,-1,-1,-1,-1,5,1,E01021388,0
Unvalidated,2024421400925,2024,421400925,1,3,0,18,2,5,0,0,1,0,7,0,3,1,1,1,25,5,-1,-1,-1,-1,7,1,E01023335,0
Unvalidated,2024421400925,2024,421400925,2,19,0,18,5,2,0,0,0,0,0,0,1,1,1,1,69,10,-1,-1,-1,-1,3,1,E01021811,0
Unvalidated,2024421400940,2024,421400940,1,9,0,18,1,5,0,0,0,0,0,0,1,1,2,1,25,5,-1,-1,-1,-1,-1,-1,-1,0
Unvalidated,2024421400940,2024,421400940,2,19,0,18,5,1,0,0,0,0,0,0,1,1,2,1,60,9,-1,-1,-1,-1,-1,-1,-1,0
Unvalidated,2024421400992,2024,421400992,1,9,0,18,1,5,0,0,0,0,0,0,1,1,6,1,47,8,-1,-1,-1,-1,5,1,E01031794,0
Unvalidated,2024421400992,2024,421400992,2,9,0,18,1,5,0,0,5,0,0,0,3,1,6,2,54,8,-1,-1,-1,-1,1,1,E01026809,0
Unvalidated,2024421400992,2024,421400992,3,21,1,18,1,5,0,0,0,0,0,0,1,1,1,1,51,8,-1,-1,-1,-1,6,2,E01021430,0
Unvalidated,2024421400992,2024,421400992,4,9,0,18,1,5,0,0,0,0,0,0,2,1,6,1,34,6,-1,-1,-1,-1,8,1,E01026532,0
Unvalidated,2024421400997,2024,421400997,1,9,0,5,1,1,0,1,0,0,0,0,1,1,6,3,16,4,-1,-1,-1,-1,-1,-1,-1,0
Unvalidated,2024421400997,2024,421400997,2,9,0,18,7,3,0,1,0,0,0,0,3,1,6,1,60,9,-1,-1,-1,-1,6,1,E01021509,0
Unvalidated,2024421401166,2024,421401166,1,1,0,18,1,5,0,0,0,0,0,0,3,1,6,1,-1,-1,-1,-1,-1,-1,-1,-1,-1,0
Unvalidated,2024421401166,2024,421401166,2,9,0,9,3,5,0,0,0,0,0,0,1,1,6,1,65,9,-1,-1,-1,-1,6,1,E01021597,0
Unvalidated,2024421401170,2024,421401170,1,19,0,18,8,3,0,0,0,0,0,0,1,1,6,1,54,8,-1,-1,-1,-1,5,3,E01018157,0
Unvalidated,2024421401191,2024,421401191,1,9,0,18,7,3,0,0,2,0,0,0,1,1,1,1,39,7,-1,-1,-1,-1,6,3,E01026239,0
Unvalidated,2024421401191,2024,421401191,2,19,0,18,7,3,0,0,0,0,0,0,2,1,1,1,30,6,-1,-1,-1,-1,8,3,E01033181,0
Unvalidated,2024421401191,2024,421401191,3,9,0,18,7,3,0,0,0,0,0,0,1,1,5,1,41,7,-1,-1,-1,-1,8,1,E01029476,0
Unvalidated,2024421401192,2024,421401192,1,9,0,-1,-1,-1,-1,0,-1,-1,-1,0,-1,1,6,3,-1,-1,-1,-1,-1,-1,-1,-1,-1,0
Unvalidated,2024421401192,2024,421401192,2,1,0,18,-1,-1,0,0,0,0,0,0,2,1,6,1,27,6,-1,-1,-1,-1,8,3,E01018238,0
Unvalidated,2024421401194,2024,421401194,1,21,1,5,7,3,0,4,0,0,0,0,3,1,1,1,58,9,-1,-1,-1,-1,6,1,E01022010,0
Unvalidated,2024421401194,2024,421401194,2,1,0,18,5,1,0,3,0,0,0,0,4,1,6,1,69,10,-1,-1,-1,-1,9,1,E01021721,0
Unvalidated,2024421401210,2024,421401210,1,9,0,-1,-1,-1,-1,0,-1,-1,-1,0,-1,1,6,3,-1,-1,-1,-1,-1,-1,-1,-1,-1,0
Unvalidated,2024421401210,2024,421401210,2,9,0,18,-1,-1,0,0,0,0,0,0,2,1,6,2,63,9,-1,-1,-1,-1,7,1,E01015876,0
Unvalidated,2024421401226,2024,421401226,1,19,0,18,-1,-1,-1,0,-1,-1,-1,0,1,1,6,3,-1,-1,-1,-1,-1,-1,-1,-1,-1,0
Unvalidated,2024421401226,2024,421401226,2,19,0,18,-1,-1,0,0,0,0,0,0,2,1,6,1,55,8,-1,-1,-1,-1,10,1,E01023502,0
Unvalidated,2024421401242,2024,421401242,1,9,0,18,-1,-1,0,1,0,0,0,0,-1,1,6,3,-1,-1,-1,-1,-1,-1,-1,-1,-1,0
Unvalidated,2024421401242,2024,421401242,2,9,0,3,-1,-1,0,1,0,0,0,0,2,1,6,1,54,8,-1,-1,-1,-1,1,1,E01015880,0
Unvalidated,2024421401262,2024,421401262,1,9,0,9,2,6,0,1,0,0,0,0,4,1,6,2,47,8,-1,-1,-1,-1,4,1,E01003758,0
Unvalidated,2024421401262,2024,421401262,2,9,0,18,6,2,0,1,0,0,0,0,3,1,2,2,53,8,-1,-1,-1,-1,10,1,E01015911,0
Unvalidated,2024421401275,2024,421401275,1,90,0,18,3,7,0,0,1,0,1,4,1,1,1,1,20,4,-1,-1,-1,-1,3,1,W01000654,0
Unvalidated,2024421401369,2024,421401369,1,9,0,18,3,7,0,0,0,0,7,9,1,1,6,1,75,10,-1,-1,-1,-1,7,2,E01021878,0
Unvalidated,2024421401369,2024,421401369,2,9,0,18,3,7,0,0,0,0,1,0,3,1,6,1,64,9,-1,-1,-1,-1,7,2,E01021904,0
Unvalidated,2024421401468,2024,421401468,1,19,0,18,5,1,0,0,0,0,0,0,1,1,6,1,-1,-1,-1,-1,-1,-1,-1,-1,-1,0
Unvalidated,2024421401468,2024,421401468,2,9,0,18,5,1,0,0,0,0,0,0,1,1,6,2,54,8,-1,-1,-1,-1,8,1,E01021690,0
Unvalidated,2024421401473,2024,421401473,1,9,0,9,7,5,0,1,0,0,0,0,4,1,6,3,-1,-1,-1,-1,-1,-1,-1,-1,-1,0
Unvalidated,2024421401473,2024,421401473,2,3,0,10,5,3,0,1,0,0,0,0,1,1,6,1,40,7,-1,-1,-1,-1,7,1,E01021791,0
Unvalidated,2024421401478,2024,421401478,1,9,0,18,5,1,0,0,0,0,0,0,1,1,6,2,35,6,-1,-1,-1,-1,7,1,E01026837,0
Unvalidated,2024421401478,2024,421401478,2,9,0,3,5,1,0,0,0,0,0,0,2,1,6,3,-1,-1,-1,-1,-1,-1,-1,-1,-1,0
Unvalidated,2024421401478,2024,421401478,3,9,0,3,5,1,0,0,0,0,0,0,2,1,6,3,-1,-1,-1,-1,-1,-1,-1,-1,-1,0
Unvalidated,2024421401527,2024,421401527,1,9,0,18,1,5,0,0,0,0,0,0,3,1,6,3,-1,-1,-1,-1,-1,-1,-1,-1,-1,0
Unvalidated,2024421401527,2024,421401527,2,9,0,3,5,1,0,0,0,0,0,0,3,1,6,2,21,5,-1,-1,-1,-1,10,1,E01021939,0
Unvalidated,2024421401538,2024,421401538,1,9,0,9,2,8,0,6,0,0,0,0,1,1,6,3,-1,-1,-1,-1,-1,-1,-1,-1,-1,0
Unvalidated,2024421401538,2024,421401538,2,9,0,18,8,4,0,1,0,0,0,0,4,1,5,2,41,7,-1,-1,-1,-1,1,1,E01021323,0
Unvalidated,2024421401552,2024,421401552,1,9,0,18,3,7,0,1,0,0,0,0,3,1,6,3,-1,-1,-1,-1,-1,-1,-1,-1,-1,0
Unvalidated,2024421401603,2024,421401603,1,9,0,18,7,3,0,4,0,0,0,0,1,1,6,1,-1,-1,-1,-1,-1,-1,-1,-1,-1,0
Unvalidated,2024421401603,2024,421401603,2,9,0,18,7,3,0,4,0,0,0,0,2,1,6,2,33,6,-1,-1,-1,-1,4,1,E01016013,0
Unvalidated,2024421401781,2024,421401781,1,9,0,18,1,5,0,0,0,0,0,0,1,1,6,2,46,8,-1,-1,-1,-1,9,1,E01021825,0
Unvalidated,2024421401781,2024,421401781,2,90,0,3,3,7,0,0,5,0,0,0,1,1,2,1,24,5,-1,-1,-1,-1,4,1,E01021849,1
Unvalidated,2024421401837,2024,421401837,1,9,0,18,8,7,0,2,0,0,0,0,1,1,3,2,37,7,-1,-1,-1,-1,10,3,E01021570,0
Unvalidated,2024421401837,2024,421401837,2,9,0,18,5,1,0,1,0,0,0,0,1,1,6,1,44,7,-1,-1,-1,-1,6,1,E01021542,0
Unvalidated,2024421401852,2024,421401852,1,9,0,5,3,1,0,7,0,0,0,0,3,1,6,2,64,9,-1,-1,-1,-1,6,1,E01021807,0
Unvalidated,2024421401852,2024,421401852,2,9,0,18,1,5,0,1,0,0,0,0,4,1,2,1,58,9,-1,-1,-1,-1,2,1,E01033587,0
Unvalidated,2024421401891,2024,421401891,1,9,0,18,3,7,0,0,0,0,0,0,1,1,6,3,-1,-1,-1,-1,-1,-1,-1,-1,-1,0
Unvalidated,2024421401891,2024,421401891,2,9,0,3,3,7,0,0,0,0,0,0,2,1,6,2,29,6,-1,-1,-1,-1,9,1,E01015995,0
Unvalidated,2024421401899,2024,421401899,1,98,0,18,1,5,0,0,0,0,0,0,4,1,6,1,-1,-1,-1,-1,-1,-1,-1,-1,-1,0
Unvalidated,2024421401979,2024,421401979,1,9,0,18,5,1,0,0,0,0,0,0,1,1,5,2,59,9,-1,-1,-1,-1,3,1,E01021554,0
Unvalidated,2024421401979,2024,421401979,2,9,0,4,5,1,0,0,0,0,0,0,2,1,5,2,64,9,-1,-1,-1,-1,2,1,E01021286,0
Unvalidated,2024421401979,2024,421401979,3,19,0,4,5,1,0,0,0,0,0,0,2,1,1,1,34,6,-1,-1,-1,-1,10,3,E01021559,0
Unvalidated,2024421402015,2024,421402015,1,9,0,18,4,8,0,1,0,10,7,0,3,1,2,2,36,7,-1,-1,-1,-1,8,1,E01033144,0
Unvalidated,2024421402075,2024,421402075,1,9,0,18,5,1,0,0,5,7,0,0,1,1,5,1,23,5,-1,-1,-1,-1,5,1,E01021422,0
Unvalidated,2024421402213,2024,421402213,1,97,0,18,1,5,0,8,0,0,0,0,1,1,6,1,44,7,-1,-1,-1,-1,3,1,E01015819,0
Unvalidated,2024421402213,2024,421402213,2,9,0,18,1,5,0,6,0,0,0,0,2,1,5,2,28,6,-1,-1,-1,-1,4,1,E01015905,0
Unvalidated,2024421402216,2024,421402216,1,90,0,7,2,6,0,0,5,0,0,0,1,1,5,1,29,6,-1,-1,-1,-1,6,1,E01021884,0
Unvalidated,2024421402216,2024,421402216,2,9,0,18,5,1,0,0,0,0,0,0,4,1,6,1,73,10,-1,-1,-1,-1,6,3,E01021875,0
Unvalidated,2024421402217,2024,421402217,1,9,0,18,1,5,0,6,0,0,0,0,1,1,6,2,41,7,-1,-1,-1,-1,3,1,E01015819,0
Unvalidated,2024421402217,2024,421402217,2,2,0,18,7,3,0,2,0,0,0,0,4,1,3,2,16,4,-1,-1,-1,-1,6,1,E01015826,0
Unvalidated,2024421402255,2024,421402255,1,9,0,18,5,1,0,0,0,0,0,0,1,1,5,2,21,5,-1,-1,-1,-1,6,1,E01021419,0
Unvalidated,2024421402255,2024,421402255,2,9,0,3,5,1,0,0,0,0,0,0,2,1,5,2,51,8,-1,-1,-1,-1,-1,3,-1,0
Unvalidated,2024421402269,2024,421402269,1,9,0,18,6,2,0,0,0,0,1,4,1,1,5,2,27,6,-1,-1,-1,-1,5,1,E01023325,0
Unvalidated,2024421402323,2024,421402323,1,9,0,18,3,5,0,0,0,0,0,0,1,1,5,1,35,6,-1,-1,-1,-1,8,1,E01000343,0
Unvalidated,2024421402323,2024,421402323,2,9,0,18,5,3,0,0,0,0,0,0,1,1,5,1,61,9,-1,-1,-1,-1,6,3,E01021404,0
Unvalidated,2024421402356,2024,421402356,1,9,0,1,1,5,0,1,0,0,0,0,2,1,6,1,81,11,-1,-1,-1,-1,6,1,E01015943,0
Unvalidated,2024421402360,2024,421402360,1,9,0,18,2,6,0,1,0,9,7,11,1,1,2,1,69,10,-1,-1,-1,-1,4,1,E01015906,0
Unvalidated,2024421402421,2024,421402421,1,9,0,12,2,5,0,0,0,0,0,0,3,1,6,3,-1,-1,-1,-1,-1,-1,-1,-1,-1,0
Unvalidated,2024421402421,2024,421402421,2,9,0,18,2,5,0,0,0,0,0,0,4,1,2,1,42,7,-1,-1,-1,-1,9,1,E01003648,0
Unvalidated,2024421402502,2024,421402502,1,9,0,8,3,5,0,1,0,0,0,0,1,1,6,1,32,6,-1,-1,-1,-1,9,1,E01021280,0
Unvalidated,2024421402502,2024,421402502,2,1,0,18,3,7,0,2,5,0,0,0,3,1,2,1,48,8,-1,-1,-1,-1,8,1,E01021281,0
Unvalidated,2024421402530,2024,421402530,1,9,0,1,7,2,9,0,0,0,0,0,2,1,5,2,84,11,-1,-1,-1,-1,10,3,E01021569,0
Unvalidated,2024421402643,2024,421402643,1,9,0,2,8,5,0,1,0,0,0,0,1,1,5,1,63,9,-1,-1,-1,-1,8,2,E01016028,0
Unvalidated,2024421402643,2024,421402643,2,9,0,18,3,1,0,1,0,0,0,0,3,1,6,2,46,8,-1,-1,-1,-1,3,1,E01015987,0
Unvalidated,2024421402682,2024,421402682,1,9,0,18,5,5,0,0,0,0,0,0,1,1,2,1,18,4,-1,-1,-1,-1,6,1,E01021807,0
Unvalidated,2024421402694,2024,421402694,1,9,0,18,2,6,0,0,0,0,4,0,1,1,2,2,35,6,-1,-1,-1,-1,6,1,E01021730,0
Unvalidated,2024421402694,2024,421402694,2,9,0,3,2,6,0,0,0,0,1,0,2,1,6,2,47,8,-1,-1,-1,-1,10,2,E01021409,0
Unvalidated,2024421402694,2024,421402694,3,9,0,4,2,6,0,0,0,0,0,0,2,1,2,1,55,8,-1,-1,-1,-1,3,3,E01021974,0
Unvalidated,2024421402694,2024,421402694,4,9,0,3,2,6,0,0,0,0,0,0,2,1,2,2,36,7,-1,-1,-1,-1,5,1,E01021417,0
Unvalidated,2024421402695,2024,421402695,1,9,0,18,2,6,0,0,1,0,0,0,1,1,5,2,45,7,-1,-1,-1,-1,8,1,E01021544,0
Unvalidated,2024421402695,2024,421402695,2,9,0,4,2,6,0,0,1,0,0,0,2,1,5,2,54,8,-1,-1,-1,-1,8,1,E01021544,0
Unvalidated,2024421402695,2024,421402695,3,9,0,4,2,6,0,0,0,0,1,0,2,1,6,2,30,6,-1,-1,-1,-1,9,1,E01021579,0
Unvalidated,2024421402695,2024,421402695,4,9,0,4,2,6,0,0,0,0,0,0,2,1,6,2,60,9,-1,-1,-1,-1,9,1,E01021586,0
Unvalidated,2024421402695,2024,421402695,5,9,0,4,2,6,0,0,0,0,0,0,2,1,6,2,50,8,-1,-1,-1,-1,7,3,E01033143,0
Unvalidated,2024421402695,2024,421402695,6,9,0,4,2,6,0,0,0,0,0,0,2,1,6,1,32,6,-1,-1,-1,-1,6,2,E01021536,0
Unvalidated,2024421402699,2024,421402699,1,9,0,18,2,6,0,7,0,0,0,0,1,1,6,1,-1,-1,-1,-1,-1,-1,-1,-1,-1,0
Unvalidated,2024421402699,2024,421402699,2,9,0,18,2,6,0,7,0,0,7,0,2,1,1,2,29,6,-1,-1,-1,-1,4,1,E01021295,0
Unvalidated,2024421402699,2024,421402699,3,9,0,18,2,6,0,7,0,0,0,0,2,1,6,2,57,9,-1,-1,-1,-1,8,2,E01021444,0
Unvalidated,2024421402705,2024,421402705,1,9,0,18,6,2,0,0,0,0,0,0,1,1,2,2,26,6,-1,-1,-1,-1,8,3,E01022059,0
Unvalidated,2024421402705,2024,421402705,2,9,0,3,6,2,0,0,0,0,0,0,2,1,5,2,37,7,-1,-1,-1,-1,7,1,E01021857,0
Unvalidated,2024421402705,2024,421402705,3,9,0,3,6,2,0,0,0,0,0,0,0,1,5,1,28,6,-1,-1,-1,-1,2,2,E01026607,0
Unvalidated,2024421402706,2024,421402706,1,9,0,7,1,3,0,8,0,0,0,0,1,1,6,1,58,9,-1,-1,-1,-1,2,1,E01021370,0
Unvalidated,2024421402706,2024,421402706,2,1,0,18,7,3,0,1,0,0,0,0,4,1,5,1,75,10,-1,-1,-1,-1,8,1,E01021352,0
Unvalidated,2024421402708,2024,421402708,1,9,0,10,1,3,9,0,0,0,0,0,1,1,2,1,60,9,-1,-1,-1,-1,8,1,E01021521,0
Unvalidated,2024421402724,2024,421402724,1,9,0,6,5,1,0,0,0,0,0,0,4,1,5,1,22,5,-1,-1,-1,-1,4,1,E01002050,0
Unvalidated,2024421402724,2024,421402724,2,3,0,18,1,5,0,0,0,0,0,0,1,1,5,1,28,6,-1,-1,-1,-1,-1,-1,-1,0
Unvalidated,2024421402727,2024,421402727,1,9,0,18,7,3,0,7,0,0,7,0,4,1,5,2,27,6,-1,-1,-1,-1,10,1,E01030180,0
Unvalidated,2024421402727,2024,421402727,2,19,0,7,4,1,0,6,0,0,0,0,4,1,2,1,57,9,-1,-1,-1,-1,7,3,E01021408,0
Unvalidated,2024421402786,2024,421402786,1,9,0,18,1,1,0,0,0,0,0,0,1,1,1,1,30,6,-1,-1,-1,-1,8,1,E01015960,0
Unvalidated,2024421402927,2024,421402927,1,22,0,5,8,5,0,0,0,0,0,0,3,1,5,2,79,11,-1,-1,-1,-1,4,1,E01021853,0
Unvalidated,2024421402927,2024,421402927,2,9,0,18,7,3,0,0,0,0,0,0,1,1,5,1,30,6,-1,-1,-1,-1,3,1,E01021850,0
Unvalidated,2024421403015,2024,421403015,1,9,0,4,2,6,0,0,0,0,1,4,1,1,6,1,77,11,-1,-1,-1,-1,10,1,E01021438,0
Unvalidated,2024421403071,2024,421403071,1,5,0,15,3,7,0,0,0,0,0,0,1,1,2,1,36,7,-1,-1,-1,-1,1,1,E01016007,0
Unvalidated,2024421403071,2024,421403071,2,9,0,8,3,7,0,0,0,0,0,0,4,1,5,2,23,5,-1,-1,-1,-1,3,1,E01015988,0
Unvalidated,2024421403079,2024,421403079,1,9,0,18,7,4,0,0,0,0,1,0,1,1,6,1,30,6,-1,-1,-1,-1,6,1,E01021334,0
Unvalidated,2024421403081,2024,421403081,1,90,0,9,5,7,4,0,0,0,0,0,3,1,2,2,21,5,-1,-1,-1,-1,8,1,E01021513,0
Unvalidated,2024421403081,2024,421403081,2,9,0,5,1,5,0,0,0,0,0,0,1,1,5,1,28,6,-1,-1,-1,-1,6,3,E01021875,0
Unvalidated,2024421403189,2024,421403189,1,9,0,18,1,5,0,1,0,0,0,0,1,1,5,2,73,10,-1,-1,-1,-1,5,2,E01021770,0
Unvalidated,2024421403189,2024,421403189,2,9,0,4,1,5,0,1,0,0,0,0,2,1,5,2,26,6,-1,-1,-1,-1,4,1,E01021815,0
Unvalidated,2024421403189,2024,421403189,3,9,0,4,1,5,0,1,0,0,0,0,2,1,5,2,57,9,-1,-1,-1,-1,10,1,E01021751,0
Unvalidated,2024421403200,2024,421403200,1,9,0,18,4,8,0,0,1,0,7,0,1,1,5,1,32,6,-1,-1,-1,-1,8,3,E01022092,0
Unvalidated,2024421403200,2024,421403200,2,9,0,18,4,8,0,0,1,0,0,0,1,1,5,1,38,7,-1,-1,-1,-1,2,1,E01021322,0
Unvalidated,2024421403229,2024,421403229,1,9,0,4,5,1,0,0,0,0,0,0,1,1,6,2,38,7,-1,-1,-1,-1,3,1,E01015973,0
Unvalidated,2024421403229,2024,421403229,2,9,0,4,5,1,0,0,0,0,0,0,2,1,6,1,28,6,-1,-1,-1,-1,4,2,E01015923,0
Unvalidated,2024421403263,2024,421403263,1,5,0,18,6,2,0,0,0,7,0,0,1,1,5,1,69,10,-1,-1,-1,-1,-1,-1,-1,0
Unvalidated,2024421403407,2024,421403407,1,9,0,18,8,4,0,0,0,0,7,0,1,1,6,2,27,6,-1,-1,-1,-1,7,2,E01021900,0
Unvalidated,2024421403578,2024,421403578,1,9,0,18,8,4,0,0,1,7,0,0,1,1,5,1,31,6,-1,-1,-1,-1,4,1,E01021670,0
Unvalidated,2024421403583,2024,421403583,1,19,0,5,1,5,0,5,0,0,0,0,1,1,6,1,34,6,-1,-1,-1,-1,10,1,E01021246,0
Unvalidated,2024421403583,2024,421403583,2,5,0,5,1,5,0,1,0,0,0,0,2,1,6,1,57,9,-1,-1,-1,-1,9,1,E01033614,0
Unvalidated,2024421403632,2024,421403632,1,9,0,18,7,5,0,2,0,0,0,0,1,1,6,1,30,6,-1,-1,-1,-1,5,1,E01021890,0
Unvalidated,2024421403632,2024,421403632,2,19,0,18,7,3,0,2,0,0,0,0,2,1,2,1,37,7,-1,-1,-1,-1,5,1,E01021420,0
Unvalidated,2024421403647,2024,421403647,1,9,0,18,1,5,0,0,0,0,0,0,1,1,6,1,25,5,-1,-1,-1,-1,-1,-1,-1,0
Unvalidated,2024421403647,2024,421403647,2,9,0,8,3,5,0,0,0,0,0,0,2,1,5,1,50,8,-1,-1,-1,-1,9,3,E01022060,0
Unvalidated,2024421403648,2024,421403648,1,9,0,5,5,3,0,8,0,0,0,0,1,1,5,1,51,8,-1,-1,-1,-1,5,1,E01016015,0
Unvalidated,2024421403648,2024,421403648,2,1,0,18,3,7,0,8,0,0,0,0,4,1,2,1,37,7,-1,-1,-1,-1,6,1,E01015961,0
Unvalidated,2024421403668,2024,421403668,1,9,0,18,3,7,0,4,0,0,0,0,1,1,6,1,78,11,-1,-1,-1,-1,5,1,E01021357,0
Unvalidated,2024421403668,2024,421403668,2,9,0,8,3,5,0,1,0,0,0,0,2,1,5,2,38,7,-1,-1,-1,-1,6,1,E01033458,0
Unvalidated,2024421403765,2024,421403765,1,9,0,4,5,1,0,0,0,0,0,0,2,1,6,3,-1,-1,-1,-1,-1,-1,-1,-1,-1,0
Unvalidated,2024421403765,2024,421403765,2,9,0,4,5,1,0,0,0,0,0,0,2,1,6,2,81,11,-1,-1,-1,-1,7,2,E01021797,0
Unvalidated,2024421403799,2024,421403799,1,9,0,9,5,3,0,3,0,0,0,0,1,1,6,3,-1,-1,-1,-1,-1,-1,-1,-1,-1,0
Unvalidated,2024421403799,2024,421403799,2,1,0,18,7,3,0,4,0,0,0,0,4,1,6,1,36,7,-1,-1,-1,-1,2,1,E01021268,0
Unvalidated,2024421403819,2024,421403819,1,19,0,18,5,1,0,0,0,0,0,0,1,1,6,3,-1,-1,-1,-1,-1,-1,-1,-1,-1,0
Unvalidated,2024421403966,2024,421403966,1,3,0,9,5,1,0,0,2,0,0,0,3,1,6,1,28,6,-1,-1,-1,-1,8,1,E01021347,0
Unvalidated,2024421403998,2024,421403998,1,9,0,18,3,6,0,0,0,0,0,0,1,1,6,1,81,11,-1,-1,-1,-1,8,1,E01021719,0
Unvalidated,2024421404049,2024,421404049,1,9,0,18,5,1,0,0,0,0,0,0,1,1,6,1,20,4,-1,-1,-1,-1,9,1,E01021555,0
Unvalidated,2024421404049,2024,421404049,2,9,0,18,5,1,0,0,0,0,1,0,1,1,6,1,36,7,-1,-1,-1,-1,-1,1,-1,0
Unvalidated,2024421404049,2024,421404049,3,9,0,18,5,1,0,0,0,0,0,0,3,1,6,1,56,9,-1,-1,-1,-1,6,3,E01021406,0
Unvalidated,2024421404049,2024,421404049,4,9,0,18,5,1,0,0,0,0,0,0,1,1,6,2,23,5,-1,-1,-1,-1,2,1,E01021270,0
Unvalidated,2024421404063,2024,421404063,1,98,0,4,4,8,0,8,1,0,0,0,1,1,1,1,62,9,-1,-1,-1,-1,1,1,E01021323,0
Unvalidated,2024421404063,2024,421404063,2,19,0,4,4,8,0,8,0,0,0,0,2,1,1,1,43,7,-1,-1,-1,-1,1,1,E01003761,0
Unvalidated,2024421404063,2024,421404063,3,98,0,4,4,8,0,8,0,0,0,0,2,1,1,1,37,7,-1,-1,-1,-1,6,3,E01021595,0
Unvalidated,2024421404122,2024,421404122,1,9,0,9,2,4,0,6,0,0,0,0,4,1,6,1,-1,-1,-1,-1,-1,-1,-1,-1,-1,0
Unvalidated,2024421404122,2024,421404122,2,9,0,8,2,4,0,1,0,0,0,0,3,1,6,2,20,4,-1,-1,-1,-1,9,2,E01021757,0
Unvalidated,2024421404127,2024,421404127,1,9,0,1,1,5,0,0,0,0,0,0,2,1,6,3,-1,-1,-1,-1,-1,-1,-1,-1,-1,0
Unvalidated,2024421404127,2024,421404127,2,1,0,18,7,3,0,0,0,0,0,0,4,1,6,1,58,9,-1,-1,-1,-1,5,3,E01021602,0
Unvalidated,2024421404141,2024,421404141,1,9,0,18,5,1,0,3,0,0,0,0,4,1,6,3,-1,-1,-1,-1,-1,-1,-1,-1,-1,0
Unvalidated,2024421404141,2024,421404141,2,9,0,18,5,1,0,3,0,0,0,0,3,1,6,1,26,6,-1,-1,-1,-1,6,1,E01015961,0
Unvalidated,2024421404238,2024,421404238,1,5,0,7,1,6,0,3,1,0,0,0,4,1,2,1,49,8,-1,-1,-1,-1,4,1,E01001756,0
Unvalidated,2024421404271,2024,421404271,1,9,0,18,5,3,0,1,0,0,0,0,1,1,6,1,27,6,-1,-1,-1,-1,8,3,E01022077,0