status,collision_index,collision_year,collision_reference,vehicle_reference,vehicle_type,towing_and_articulation,vehicle_manoeuvre,vehicle_direction_from,vehicle_direction_to,vehicle_location_restricted_lane,junction_location,skidding_and_overturning,hit_object_in_carriageway,vehicle_leaving_carriageway,hit_object_off_carriageway,first_point_of_impact,vehicle_left_hand_drive,journey_purpose_of_driver,sex_of_driver,age_of_driver,age_band_of_driver,engine_capacity_cc,propulsion_code,age_of_vehicle,generic_make_model,driver_imd_decile,driver_home_area_type,lsoa_of_driver,escooter_flag
Unvalidated,2024421404271,2024,421404271,2,9,0,7,5,7,0,6,0,0,0,0,2,1,2,2,46,8,-1,-1,-1,-1,9,1,E01022082,0
Unvalidated,2024421404306,2024,421404306,1,11,0,18,3,7,0,0,0,0,0,0,0,1,1,3,-1,-1,-1,-1,-1,-1,-1,-1,-1,0
Unvalidated,2024421404311,2024,421404311,1,9,0,18,3,7,0,0,0,0,0,0,4,1,6,1,62,9,-1,-1,-1,-1,-1,1,-1,0
Unvalidated,2024421404370,2024,421404370,1,9,0,3,7,3,0,0,0,0,0,0,1,1,6,1,67,10,-1,-1,-1,-1,9,1,E01021526,0
Unvalidated,2024421404370,2024,421404370,2,9,0,3,7,3,0,0,0,0,0,0,2,1,5,1,19,4,-1,-1,-1,-1,10,1,E01015910,0
Unvalidated,2024421404422,2024,421404422,1,9,0,5,3,7,0,0,0,0,0,0,4,1,6,2,54,8,-1,-1,-1,-1,8,2,E01021734,0
Unvalidated,2024421404422,2024,421404422,2,9,0,5,3,7,0,0,0,0,0,0,3,1,2,2,22,5,-1,-1,-1,-1,8,2,E01021731,0
Unvalidated,2024421404638,2024,421404638,1,9,0,7,5,7,0,0,0,0,0,0,1,1,6,1,31,6,-1,-1,-1,-1,4,2,E01021802,0
Unvalidated,2024421404682,2024,421404682,1,9,0,17,5,1,0,0,1,0,7,0,4,1,2,1,27,6,-1,-1,-1,-1,5,1,E01021387,0
Unvalidated,2024421404685,2024,421404685,1,9,0,18,5,3,0,0,0,0,0,0,4,1,6,3,93,11,-1,-1,-1,-1,10,1,E01015830,0
Unvalidated,2024421404685,2024,421404685,2,9,0,2,0,0,0,0,0,0,0,0,2,1,6,3,-1,-1,-1,-1,-1,-1,-1,-1,-1,0
Unvalidated,2024421404780,2024,421404780,1,9,0,5,6,6,0,5,0,0,0,0,1,1,2,1,37,7,-1,-1,-1,-1,5,1,E01021432,0
Unvalidated,2024421404780,2024,421404780,2,9,0,18,1,4,0,1,0,0,0,0,4,1,6,1,79,11,-1,-1,-1,-1,8,2,E01021763,0
Unvalidated,2024421404780,2024,421404780,3,9,0,18,4,8,0,1,0,0,0,0,1,1,2,1,65,9,-1,-1,-1,-1,3,1,E01000062,0
Unvalidated,2024421404793,2024,421404793,1,9,0,1,3,7,0,0,0,0,0,0,2,1,5,1,17,4,-1,-1,-1,-1,3,1,E01022007,0
Unvalidated,2024421404840,2024,421404840,1,9,0,18,3,7,0,0,0,0,0,0,1,1,6,1,77,11,-1,-1,-1,-1,6,3,E01021380,0
Unvalidated,2024421404964,2024,421404964,1,9,0,18,7,3,0,0,1,0,1,0,1,1,5,1,42,7,-1,-1,-1,-1,7,3,E01033057,0
Unvalidated,2024421404968,2024,421404968,1,9,0,18,7,5,0,0,0,0,0,0,1,1,5,1,40,7,-1,-1,-1,-1,4,1,E01021296,0
Unvalidated,2024421405003,2024,421405003,1,19,0,18,7,3,0,0,0,0,0,0,1,1,6,1,23,5,-1,-1,-1,-1,2,1,E01015896,0
Unvalidated,2024421405003,2024,421405003,2,19,0,18,7,3,0,0,0,0,0,0,2,1,6,1,34,6,-1,-1,-1,-1,4,1,E01022024,0
Unvalidated,2024421405003,2024,421405003,3,9,0,18,7,3,0,0,0,0,0,0,2,1,6,2,21,5,-1,-1,-1,-1,1,1,E01015916,0
Unvalidated,2024421405020,2024,421405020,1,9,0,18,1,5,0,0,1,0,7,0,1,1,5,1,18,4,-1,-1,-1,-1,6,1,E01021807,0
Unvalidated,2024421405043,2024,421405043,1,9,0,11,7,3,0,0,0,0,0,0,1,1,5,1,51,8,-1,-1,-1,-1,5,1,E01003713,0
Unvalidated,2024421405043,2024,421405043,2,9,0,18,7,3,0,0,5,10,1,0,2,1,5,2,58,9,-1,-1,-1,-1,6,1,E01015821,0
Unvalidated,2024421405060,2024,421405060,1,9,0,18,1,5,0,8,0,0,0,0,1,1,2,1,48,8,-1,-1,-1,-1,5,1,E01021664,0
Unvalidated,2024421405060,2024,421405060,2,9,0,18,3,7,0,8,0,0,0,0,1,1,6,1,60,9,-1,-1,-1,-1,6,1,E01021714,0
Unvalidated,2024421405060,2024,421405060,3,9,0,2,5,5,0,6,0,0,0,0,4,1,6,3,-1,-1,-1,-1,-1,-1,-1,-1,-1,0
Unvalidated,2024421405060,2024,421405060,4,9,0,2,1,5,0,6,0,0,0,0,2,1,6,3,-1,-1,-1,-1,-1,-1,-1,-1,-1,0
Unvalidated,2024421405066,2024,421405066,1,9,0,18,1,5,0,0,0,0,0,0,4,1,1,1,37,7,-1,-1,-1,-1,-1,-1,-1,0
Unvalidated,2024421405066,2024,421405066,2,9,0,18,5,1,0,0,0,0,0,0,4,1,2,2,26,6,-1,-1,-1,-1,-1,-1,-1,0
Unvalidated,2024421405154,2024,421405154,1,1,0,18,7,3,0,0,0,0,0,0,3,1,5,2,69,10,-1,-1,-1,-1,6,2,E01021401,0
Unvalidated,2024421405233,2024,421405233,1,19,0,1,-1,-1,0,0,0,0,0,0,-1,1,6,1,-1,-1,-1,-1,-1,-1,8,2,E01022092,0
Unvalidated,2024421405273,2024,421405273,1,9,0,12,3,7,0,0,0,0,0,0,3,1,6,2,65,9,-1,-1,-1,-1,4,1,E01021809,0
Unvalidated,2024421405273,2024,421405273,2,21,1,18,3,7,0,0,0,0,0,0,4,1,1,1,47,8,-1,-1,-1,-1,-1,-1,-1,0
Unvalidated,2024421405318,2024,421405318,1,9,0,18,8,4,0,0,0,0,0,0,1,1,6,2,38,7,-1,-1,-1,-1,10,1,E01024468,0
Unvalidated,2024421405318,2024,421405318,2,9,0,18,8,4,0,0,0,0,0,0,2,1,6,1,38,7,-1,-1,-1,-1,9,1,E01021346,0
Unvalidated,2024421405402,2024,421405402,1,90,0,18,7,3,0,0,0,0,0,0,1,1,6,3,-1,-1,-1,-1,-1,-1,-1,-1,-1,0
Unvalidated,2024421405404,2024,421405404,1,9,0,18,3,7,0,0,0,0,0,0,1,1,6,2,82,11,-1,-1,-1,-1,9,1,E01022082,0
Unvalidated,2024421405404,2024,421405404,2,5,0,3,3,7,0,0,0,0,0,0,2,1,6,1,56,9,-1,-1,-1,-1,9,1,E01021893,0
Unvalidated,2024421405406,2024,421405406,1,9,0,9,2,8,0,1,0,0,0,0,1,1,6,2,31,6,-1,-1,-1,-1,3,1,E01021858,0
Unvalidated,2024421405526,2024,421405526,1,9,0,18,1,3,0,0,0,0,0,0,1,1,6,1,-1,-1,-1,-1,-1,-1,-1,-1,-1,0
Unvalidated,2024421405543,2024,421405543,1,9,0,9,7,5,0,8,0,0,0,0,1,1,2,1,57,9,-1,-1,-1,-1,4,1,E01021956,0
Unvalidated,2024421405543,2024,421405543,2,1,0,18,3,7,0,2,0,0,0,0,1,1,6,1,42,7,-1,-1,-1,-1,2,1,E01021864,0
Unvalidated,2024421405556,2024,421405556,1,9,0,18,2,6,0,0,0,0,0,0,1,1,6,2,19,4,-1,-1,-1,-1,6,2,E01021733,0
Unvalidated,2024421405556,2024,421405556,2,9,0,18,6,2,0,0,0,0,0,0,1,1,5,1,78,11,-1,-1,-1,-1,5,2,E01021732,0
Unvalidated,2024421405629,2024,421405629,1,9,0,5,7,3,0,0,0,0,0,0,4,1,5,1,80,11,-1,-1,-1,-1,8,1,E01021528,0
Unvalidated,2024421405663,2024,421405663,1,9,0,18,7,3,0,0,0,0,0,0,1,1,2,1,26,6,-1,-1,-1,-1,6,3,E01029902,0
Unvalidated,2024421405663,2024,421405663,2,9,0,3,7,3,0,0,0,0,0,0,2,1,6,2,54,8,-1,-1,-1,-1,5,3,E01022051,0
Unvalidated,2024421405814,2024,421405814,1,9,0,18,5,1,0,0,0,0,1,0,1,1,6,1,36,7,-1,-1,-1,-1,2,1,E01002281,0
Unvalidated,2024421405814,2024,421405814,2,9,0,18,1,5,0,0,0,0,0,0,1,1,5,1,53,8,-1,-1,-1,-1,8,2,E01021441,0
Unvalidated,2024421405916,2024,421405916,1,9,0,18,3,1,0,0,0,0,0,0,3,1,6,1,63,9,-1,-1,-1,-1,2,1,E01015954,0
Unvalidated,2024421405931,2024,421405931,1,9,0,18,5,1,0,1,5,0,7,0,1,1,6,2,52,8,-1,-1,-1,-1,-1,-1,-1,0
Unvalidated,2024421405934,2024,421405934,1,19,0,18,1,5,0,0,5,11,7,0,1,1,1,1,29,6,-1,-1,-1,-1,4,1,E01021868,0
Unvalidated,2024421405934,2024,421405934,2,5,0,18,5,1,0,0,0,0,0,0,2,1,5,1,51,8,-1,-1,-1,-1,7,1,E01021620,0
Unvalidated,2024421405934,2024,421405934,3,5,0,18,5,1,0,0,2,0,0,0,1,1,5,1,44,7,-1,-1,-1,-1,10,1,E01021345,0
Unvalidated,2024421405944,2024,421405944,1,9,0,7,3,7,0,1,0,0,0,0,1,1,6,2,83,11,-1,-1,-1,-1,9,1,E01015984,0
Unvalidated,2024421405949,2024,421405949,1,9,0,4,5,5,9,0,0,0,7,0,1,1,6,2,83,11,-1,-1,-1,-1,2,1,E01021314,0
Unvalidated,2024421405949,2024,421405949,2,9,0,2,0,0,9,0,0,0,0,0,2,1,6,3,-1,-1,-1,-1,-1,-1,-1,-1,-1,0
Unvalidated,2024421405949,2024,421405949,3,9,0,2,0,0,9,0,0,0,0,0,1,1,6,3,-1,-1,-1,-1,-1,-1,-1,-1,-1,0
Unvalidated,2024421405963,2024,421405963,1,9,0,18,6,2,0,0,5,10,1,7,1,1,1,1,34,6,-1,-1,-1,-1,6,1,E01021356,0
Unvalidated,2024421405970,2024,421405970,1,9,0,18,6,2,0,1,0,0,0,0,1,1,5,1,76,11,-1,-1,-1,-1,4,3,E01022011,0
Unvalidated,2024421405980,2024,421405980,1,9,0,18,3,7,0,0,0,0,0,0,1,1,5,1,77,11,-1,-1,-1,-1,3,3,E01021594,0
Unvalidated,2024421405980,2024,421405980,2,9,0,3,3,7,0,0,0,0,0,0,1,1,5,1,35,6,-1,-1,-1,-1,8,1,E01021566,0
Unvalidated,2024421405980,2024,421405980,3,9,0,3,3,7,0,0,0,0,0,0,2,1,5,1,33,6,-1,-1,-1,-1,7,1,E01021613,0
Unvalidated,2024421406007,2024,421406007,1,8,0,18,5,3,0,2,0,0,0,0,1,1,1,1,68,10,-1,-1,-1,-1,4,1,E01015870,0
Unvalidated,2024421406019,2024,421406019,1,9,0,13,6,2,0,0,1,0,0,0,1,1,2,1,31,6,-1,-1,-1,-1,8,1,E01015913,0
Unvalidated,2024421406019,2024,421406019,2,98,1,18,2,6,0,0,0,0,0,0,3,1,1,1,28,6,-1,-1,-1,-1,4,3,E01021915,0
Unvalidated,2024421406086,2024,421406086,1,9,0,11,5,7,0,1,0,0,0,0,1,1,5,1,39,7,-1,-1,-1,-1,2,1,E01021327,0
Unvalidated,2024421406086,2024,421406086,2,3,0,5,5,7,0,1,0,0,0,0,2,1,1,1,32,6,-1,-1,-1,-1,2,1,E01003636,0
Unvalidated,2024421406166,2024,421406166,1,9,0,18,7,3,0,0,0,0,7,4,1,1,6,1,17,4,-1,-1,-1,-1,2,1,E01029886,0
Unvalidated,2024421406176,2024,421406176,1,9,0,18,7,3,0,0,0,0,0,0,4,1,5,1,75,10,-1,-1,-1,-1,6,1,E01033145,0
Unvalidated,2024421406201,2024,421406201,1,9,0,18,3,7,0,8,0,0,0,0,1,1,5,1,37,7,-1,-1,-1,-1,1,3,E01022045,0
Unvalidated,2024421406205,2024,421406205,1,9,0,18,1,5,0,0,0,0,0,0,1,1,6,1,50,8,-1,-1,-1,-1,1,1,E01015642,0
Unvalidated,2024421406205,2024,421406205,2,9,0,18,1,5,0,0,0,0,0,0,2,1,6,2,62,9,-1,-1,-1,-1,7,3,E01032394,0
Unvalidated,2024421406205,2024,421406205,3,9,0,18,1,5,0,0,0,0,0,0,2,1,6,1,40,7,-1,-1,-1,-1,7,1,E01011998,0
Unvalidated,2024421406237,2024,421406237,1,9,0,18,8,4,0,0,2,0,1,0,4,1,5,1,58,9,-1,-1,-1,-1,3,1,E01021862,0
Unvalidated,2024421406261,2024,421406261,1,9,0,4,1,5,0,0,0,0,0,0,1,1,6,2,-1,-1,-1,-1,-1,-1,-1,-1,-1,0
Unvalidated,2024421406261,2024,421406261,2,9,0,3,1,5,0,0,0,0,0,0,2,1,6,1,64,9,-1,-1,-1,-1,5,2,E01021732,0
Unvalidated,2024421406370,2024,421406370,1,9,0,1,3,8,0,0,0,0,0,0,4,1,2,2,61,9,-1,-1,-1,-1,3,1,E01022038,0
Unvalidated,2024421406370,2024,421406370,2,3,0,18,1,5,0,0,0,0,0,0,1,1,6,2,56,9,-1,-1,-1,-1,2,1,E01021969,0
Unvalidated,2024421406378,2024,421406378,1,9,0,18,1,5,0,0,0,0,0,0,4,1,6,1,-1,-1,-1,-1,-1,-1,-1,-1,-1,0
Unvalidated,2024421406398,2024,421406398,1,98,1,-1,-1,-1,-1,0,-1,-1,-1,0,-1,1,1,3,-1,-1,-1,-1,-1,-1,-1,-1,-1,0
Unvalidated,2024421406398,2024,421406398,2,9,0,18,5,1,0,0,0,0,1,0,4,1,6,2,37,7,-1,-1,-1,-1,4,1,E01000066,0
Unvalidated,2024421406414,2024,421406414,1,9,0,18,-1,-1,0,0,0,0,0,0,3,1,6,1,-1,-1,-1,-1,-1,-1,-1,-1,-1,0
Unvalidated,2024421406414,2024,421406414,2,9,0,7,-1,-1,0,0,0,0,0,0,4,1,6,2,29,6,-1,-1,-1,-1,7,1,E01021722,0
Unvalidated,2024421406420,2024,421406420,1,9,0,18,7,3,0,0,0,0,0,0,1,1,6,3,-1,-1,-1,-1,-1,-1,-1,-1,-1,0
Unvalidated,2024421406420,2024,421406420,2,9,0,4,7,3,0,0,0,0,0,0,2,1,6,1,45,7,-1,-1,-1,-1,3,3,E01021594,0
Unvalidated,2024421406447,2024,421406447,1,9,0,18,3,7,0,0,0,0,0,0,4,1,6,2,61,9,-1,-1,-1,-1,8,1,E01015913,0
Unvalidated,2024421406447,2024,421406447,2,1,0,-1,-1,-1,-1,0,-1,-1,-1,0,-1,1,6,1,52,8,-1,-1,-1,-1,7,1,E01015817,0
Unvalidated,2024421406618,2024,421406618,1,-1,0,18,1,5,0,1,0,0,0,0,4,1,6,3,-1,-1,-1,-1,-1,-1,-1,-1,-1,0
Unvalidated,2024421406631,2024,421406631,1,19,4,18,5,1,0,1,0,0,0,0,1,1,6,1,-1,-1,-1,-1,-1,-1,2,1,E01015899,0
Unvalidated,2024421406631,2024,421406631,2,9,0,2,5,1,0,2,0,0,0,0,2,1,6,1,42,7,-1,-1,-1,-1,4,1,E01015907,0
Unvalidated,2024421406660,2024,421406660,1,9,0,18,5,1,0,1,0,0,0,0,1,1,6,2,-1,-1,-1,-1,-1,-1,4,1,E01015996,0
Unvalidated,2024421406660,2024,421406660,2,9,0,8,5,7,0,1,0,0,0,0,2,1,6,2,31,6,-1,-1,-1,-1,1,1,E01021288,0
Unvalidated,2024421406679,2024,421406679,1,9,0,2,0,0,0,0,0,0,0,0,2,1,6,3,-1,-1,-1,-1,-1,-1,-1,-1,-1,0
Unvalidated,2024421406813,2024,421406813,1,9,0,9,2,7,0,6,0,0,0,0,1,1,6,2,59,9,-1,-1,-1,-1,7,3,E01029875,0
Unvalidated,2024421406813,2024,421406813,2,1,0,18,4,7,0,1,0,0,1,0,2,1,5,2,48,8,-1,-1,-1,-1,9,1,E01021682,0
Unvalidated,2024421406817,2024,421406817,1,9,0,18,1,5,0,1,0,0,0,0,3,1,5,1,57,9,-1,-1,-1,-1,5,2,E01021443,0
Unvalidated,2024421406819,2024,421406819,1,9,0,18,7,2,0,8,0,0,0,0,0,1,6,1,85,11,-1,-1,-1,-1,2,1,E01021816,0
Unvalidated,2024421406819,2024,421406819,2,3,0,18,6,2,0,8,0,0,1,0,4,1,6,1,30,6,-1,-1,-1,-1,5,1,E01001091,0
Unvalidated,2024421406858,2024,421406858,1,98,0,18,2,6,0,2,0,0,0,0,1,1,6,1,20,4,-1,-1,-1,-1,6,3,E01021404,0
Unvalidated,2024421406858,2024,421406858,2,9,0,3,2,6,0,2,0,0,0,0,2,1,3,2,42,7,-1,-1,-1,-1,9,2,E01021458,0
Unvalidated,2024421406872,2024,421406872,1,9,0,18,3,7,0,0,0,0,0,0,1,1,2,1,33,6,-1,-1,-1,-1,4,1,E01015903,0
Unvalidated,2024421406957,2024,421406957,1,9,0,18,8,4,0,0,0,0,0,0,1,1,5,2,58,9,-1,-1,-1,-1,2,2,E01021989,0
Unvalidated,2024421406957,2024,421406957,2,9,0,18,8,4,0,0,0,0,0,0,1,1,5,1,48,8,-1,-1,-1,-1,-1,-1,-1,0
Unvalidated,2024421406957,2024,421406957,3,9,0,18,8,4,0,0,0,0,0,0,3,1,5,2,38,7,-1,-1,-1,-1,-1,-1,-1,0
Unvalidated,2024421406961,2024,421406961,1,9,0,18,8,5,0,8,1,0,3,9,1,1,3,2,28,6,-1,-1,-1,-1,1,1,E01022031,0
Unvalidated,2024421406961,2024,421406961,2,9,0,18,7,3,0,8,0,0,7,0,1,1,6,1,17,4,-1,-1,-1,-1,6,2,E01021980,0
Unvalidated,2024421406970,2024,421406970,1,9,0,15,3,7,0,8,0,0,0,0,1,1,6,1,19,4,-1,-1,-1,-1,5,1,E01021489,0
Unvalidated,2024421406986,2024,421406986,1,1,0,7,2,4,0,5,1,0,0,0,4,1,5,1,54,8,-1,-1,-1,-1,10,1,E01021580,0
Unvalidated,2024421407011,2024,421407011,1,9,0,18,3,7,0,8,0,0,0,0,1,1,6,2,26,6,-1,-1,-1,-1,10,1,E01021250,0
Unvalidated,2024421407039,2024,421407039,1,9,0,18,7,3,0,2,0,0,0,0,1,1,6,2,38,7,-1,-1,-1,-1,8,1,E01021931,0
Unvalidated,2024421407046,2024,421407046,1,9,0,18,3,7,0,0,0,0,0,0,4,1,6,2,56,9,-1,-1,-1,-1,6,1,E01002360,0
Unvalidated,2024421407051,2024,421407051,1,9,0,18,2,6,0,0,0,0,0,0,1,1,6,3,-1,-1,-1,-1,-1,-1,-1,-1,-1,0
Unvalidated,2024421407051,2024,421407051,2,9,0,18,2,6,0,0,0,0,0,0,2,1,5,2,19,4,-1,-1,-1,-1,5,1,W01001837,0
Unvalidated,2024421407096,2024,421407096,1,9,0,18,2,6,0,2,0,0,0,0,4,1,6,1,60,9,-1,-1,-1,-1,-1,-1,-1,0
Unvalidated,2024421407112,2024,421407112,1,19,0,18,3,7,0,1,0,0,0,0,4,1,1,1,-1,-1,-1,-1,-1,-1,-1,-1,-1,0
Unvalidated,2024421407112,2024,421407112,2,9,0,18,7,3,0,1,0,0,0,0,1,1,5,1,27,6,-1,-1,-1,-1,5,1,E01021664,0
Unvalidated,2024421407131,2024,421407131,1,9,0,18,8,4,0,0,0,0,0,0,1,1,6,1,30,6,-1,-1,-1,-1,-1,-1,-1,0
Unvalidated,2024421407131,2024,421407131,2,9,0,18,8,4,0,0,0,0,0,0,2,1,6,2,39,7,-1,-1,-1,-1,7,1,E01000993,0
Unvalidated,2024421407146,2024,421407146,1,9,0,18,1,5,0,0,0,0,0,0,1,1,6,1,45,7,-1,-1,-1,-1,-1,-1,-1,0
Unvalidated,2024421407161,2024,421407161,1,9,0,18,6,2,0,0,1,0,0,0,1,1,6,1,66,10,-1,-1,-1,-1,3,1,E01017978,0
Unvalidated,2024421407161,2024,421407161,2,9,0,4,6,2,0,0,0,0,0,0,2,1,6,2,65,9,-1,-1,-1,-1,5,2,E01021922,0
Unvalidated,2024421407161,2024,421407161,3,9,0,4,6,2,0,0,0,0,0,0,2,1,5,2,31,6,-1,-1,-1,-1,7,1,E01021505,0
Unvalidated,2024421407189,2024,421407189,1,9,0,11,3,7,0,0,0,0,0,0,4,1,5,1,53,8,-1,-1,-1,-1,9,3,E01021397,0
Unvalidated,2024421407189,2024,421407189,2,5,0,13,3,7,0,0,2,0,0,0,3,1,5,1,47,8,-1,-1,-1,-1,7,1,E01021952,0
Unvalidated,2024421407189,2024,421407189,3,9,0,18,4,7,0,0,0,0,0,0,2,1,5,1,54,8,-1,-1,-1,-1,5,1,E01015814,0
Unvalidated,2024421407240,2024,421407240,1,9,0,18,6,1,0,0,0,0,0,0,4,1,5,2,55,8,-1,-1,-1,-1,2,1,E01001980,0
Unvalidated,2024421407240,2024,421407240,2,9,0,18,6,1,0,0,1,7,0,0,4,1,5,1,74,10,-1,-1,-1,-1,7,1,E01003709,0
Unvalidated,2024421407240,2024,421407240,3,9,0,18,6,1,0,0,0,0,0,0,0,1,1,1,41,7,-1,-1,-1,-1,-1,-1,-1,0
Unvalidated,2024421407250,2024,421407250,1,5,0,18,1,5,0,0,2,0,1,0,1,1,2,1,53,8,-1,-1,-1,-1,8,2,E01021734,0
Unvalidated,2024421407250,2024,421407250,2,19,0,11,1,5,0,0,0,0,0,0,4,1,2,1,25,5,-1,-1,-1,-1,9,1,E01021555,0
Unvalidated,2024421407339,2024,421407339,1,9,0,18,6,2,0,0,0,0,0,0,1,1,1,1,23,5,-1,-1,-1,-1,7,1,E01021966,0
Unvalidated,2024421407366,2024,421407366,1,9,0,18,1,5,0,1,0,0,0,0,1,1,2,1,19,4,-1,-1,-1,-1,9,1,E01015995,0
Unvalidated,2024421407366,2024,421407366,2,8,0,2,1,5,0,1,0,0,0,0,3,1,1,2,59,9,-1,-1,-1,-1,2,1,E01021322,0
Unvalidated,2024421407397,2024,421407397,1,9,0,18,8,4,0,0,0,0,0,0,1,1,6,1,57,9,-1,-1,-1,-1,1,1,E01022042,0
Unvalidated,2024421407397,2024,421407397,2,1,0,18,8,4,0,0,0,0,0,0,2,1,6,1,15,3,-1,-1,-1,-1,3,2,E01022047,0
Unvalidated,2024421407441,2024,421407441,1,9,0,18,-1,-1,0,0,0,0,0,0,0,1,6,3,-1,-1,-1,-1,-1,-1,-1,-1,-1,0
Unvalidated,2024421407441,2024,421407441,2,9,0,18,-1,-1,0,0,0,0,0,0,0,1,6,1,51,8,-1,-1,-1,-1,3,3,E01001412,0
Unvalidated,2024421407585,2024,421407585,1,9,0,18,-1,-1,0,0,-1,-1,0,0,1,1,6,3,-1,-1,-1,-1,-1,-1,-1,-1,-1,0
Unvalidated,2024421407585,2024,421407585,2,9,-1,18,-1,-1,0,0,-1,0,0,0,2,1,6,1,-1,-1,-1,-1,-1,-1,9,2,E01021757,0
Unvalidated,2024421407659,2024,421407659,1,9,-1,5,-1,-1,0,0,0,0,0,0,1,1,6,3,-1,-1,-1,-1,-1,-1,-1,-1,-1,0
Unvalidated,2024421407659,2024,421407659,2,1,-1,18,-1,-1,0,0,0,0,0,0,2,1,6,1,14,3,-1,-1,-1,-1,3,1,E01021427,0
Unvalidated,2024421407737,2024,421407737,1,19,0,18,6,1,0,0,0,0,1,0,1,1,2,1,35,6,-1,-1,-1,-1,3,1,E01021955,0
Unvalidated,2024421407757,2024,421407757,1,9,0,11,6,3,0,0,0,0,0,0,0,1,6,3,-1,-1,-1,-1,-1,-1,-1,-1,-1,0
Unvalidated,2024421407757,2024,421407757,2,19,0,18,6,3,0,0,1,0,1,0,1,1,5,1,30,6,-1,-1,-1,-1,2,1,E01016153,0
Unvalidated,2024421407757,2024,421407757,3,19,0,18,6,2,0,0,0,0,1,2,3,1,5,1,49,8,-1,-1,-1,-1,7,3,E01033143,0
Unvalidated,2024421407783,2024,421407783,1,9,0,4,3,7,0,1,0,0,0,0,1,1,5,1,21,5,-1,-1,-1,-1,3,1,E01015891,0
Unvalidated,2024421407790,2024,421407790,1,9,0,18,3,7,0,0,0,0,0,0,1,1,6,1,15,3,-1,-1,-1,-1,1,1,E01016007,0
Unvalidated,2024421407799,2024,421407799,1,9,0,18,2,6,0,0,1,0,1,0,1,1,5,1,52,8,-1,-1,-1,-1,7,3,E01021882,0
Unvalidated,2024421407799,2024,421407799,2,9,0,18,6,2,0,0,0,0,0,0,1,1,5,1,46,8,-1,-1,-1,-1,7,3,E01021882,0
Unvalidated,2024421407832,2024,421407832,1,9,0,18,8,4,0,0,0,7,0,0,1,1,5,2,33,6,-1,-1,-1,-1,2,1,E01001477,0
Unvalidated,2024421407832,2024,421407832,2,21,1,18,8,4,0,0,0,0,0,0,3,1,1,1,39,7,-1,-1,-1,-1,9,1,E01025633,0
Unvalidated,2024421407843,2024,421407843,1,9,0,18,3,1,0,0,5,0,0,0,1,2,2,1,18,4,-1,-1,-1,-1,9,1,E01021925,0
Unvalidated,2024421407843,2024,421407843,2,19,0,18,1,3,0,0,0,0,0,0,1,2,1,1,28,6,-1,-1,-1,-1,8,3,E01021916,0
Unvalidated,2024421407848,2024,421407848,1,1,0,18,3,7,0,0,0,0,0,0,0,1,6,1,30,6,-1,-1,-1,-1,10,1,E01021351,0
Unvalidated,2024421407941,2024,421407941,1,9,0,2,0,0,0,6,0,0,0,0,3,1,6,2,41,7,-1,-1,-1,-1,5,2,E01022014,0
Unvalidated,2024421407941,2024,421407941,2,19,0,18,1,1,0,1,0,0,0,0,1,1,3,2,39,7,-1,-1,-1,-1,-1,-1,-1,0
Unvalidated,2024421407983,2024,421407983,1,9,0,18,7,3,6,0,1,10,1,10,4,1,2,2,35,6,-1,-1,-1,-1,6,1,E01021472,0
Unvalidated,2024421407983,2024,421407983,2,8,0,2,0,0,6,0,0,0,1,10,2,1,1,1,60,9,-1,-1,-1,-1,4,1,E01002307,0
Unvalidated,2024421408021,2024,421408021,1,1,0,18,8,4,5,1,0,0,0,0,1,1,6,1,16,4,-1,-1,-1,-1,4,1,E01021425,0
Unvalidated,2024421408021,2024,421408021,2,9,0,7,7,8,0,8,0,0,0,0,1,1,1,2,36,7,-1,-1,-1,-1,6,1,E01021372,0
Unvalidated,2024421408080,2024,421408080,1,9,0,18,7,3,0,0,1,10,1,0,1,1,1,1,18,4,-1,-1,-1,-1,6,2,E01021723,0
Unvalidated,2024421408080,2024,421408080,2,9,0,3,3,7,0,0,0,0,0,0,4,1,1,2,19,4,-1,-1,-1,-1,10,2,E01021403,0
Unvalidated,2024421408174,2024,421408174,1,9,0,18,4,8,0,0,0,0,0,0,1,1,6,1,43,7,-1,-1,-1,-1,9,1,E01023444,0
Unvalidated,2024421408174,2024,421408174,2,90,0,18,3,8,0,0,0,0,0,0,4,1,5,1,14,3,-1,-1,-1,-1,7,1,E01021857,0
Unvalidated,2024421408189,2024,421408189,1,19,0,18,1,5,0,0,0,0,0,0,1,1,6,1,45,7,-1,-1,-1,-1,-1,-1,-1,0
Unvalidated,2024421408189,2024,421408189,2,9,0,10,1,5,0,0,0,0,0,0,2,1,2,2,26,6,-1,-1,-1,-1,-1,-1,-1,0
Unvalidated,2024421408209,2024,421408209,1,19,0,18,2,6,0,0,0,0,0,0,1,1,1,1,21,5,-1,-1,-1,-1,1,1,E01022025,0
Unvalidated,2024421408209,2024,421408209,2,19,0,18,2,6,0,0,0,0,0,0,2,1,1,1,50,8,-1,-1,-1,-1,5,1,E01021298,0
Unvalidated,2024421408216,2024,421408216,1,9,0,5,6,2,9,2,0,0,3,0,4,1,1,2,22,5,-1,-1,-1,-1,7,1,E01021336,0
Unvalidated,2024421408216,2024,421408216,2,9,4,18,8,4,0,2,0,0,0,0,1,1,5,1,20,4,-1,-1,-1,-1,5,1,E01021518,0