status,collision_index,collision_year,collision_reference,vehicle_reference,vehicle_type,towing_and_articulation,vehicle_manoeuvre,vehicle_direction_from,vehicle_direction_to,vehicle_location_restricted_lane,junction_location,skidding_and_overturning,hit_object_in_carriageway,vehicle_leaving_carriageway,hit_object_off_carriageway,first_point_of_impact,vehicle_left_hand_drive,journey_purpose_of_driver,sex_of_driver,age_of_driver,age_band_of_driver,engine_capacity_cc,propulsion_code,age_of_vehicle,generic_make_model,driver_imd_decile,driver_home_area_type,lsoa_of_driver,escooter_flag
Unvalidated,2024421408219,2024,421408219,1,9,-1,-1,-1,-1,-1,0,-1,-1,-1,0,-1,1,6,2,-1,-1,-1,-1,-1,-1,-1,-1,-1,0
Unvalidated,2024421408219,2024,421408219,2,19,0,18,3,7,9,0,0,0,1,7,4,1,1,1,53,8,-1,-1,-1,-1,4,1,E01021841,0
Unvalidated,2024421408288,2024,421408288,1,9,0,7,5,7,0,0,0,7,0,0,1,1,1,1,28,6,-1,-1,-1,-1,2,1,E01015840,0
Unvalidated,2024421408353,2024,421408353,1,9,0,18,1,5,0,0,0,0,0,0,1,1,6,1,33,6,-1,-1,-1,-1,5,1,E01015859,0
Unvalidated,2024421408353,2024,421408353,2,9,0,2,0,0,0,0,0,0,0,0,1,1,6,3,-1,-1,-1,-1,-1,-1,-1,-1,-1,0
Unvalidated,2024421408402,2024,421408402,1,9,0,18,4,8,0,1,0,0,0,0,1,1,6,1,78,11,-1,-1,-1,-1,10,2,E01021379,0
Unvalidated,2024421408402,2024,421408402,2,9,0,3,6,2,0,1,0,0,0,0,2,1,5,2,48,8,-1,-1,-1,-1,9,2,E01021727,0
Unvalidated,2024421408407,2024,421408407,1,19,0,5,2,8,0,4,0,0,0,0,1,1,2,1,36,7,-1,-1,-1,-1,5,1,E01021493,0
Unvalidated,2024421408407,2024,421408407,2,9,0,18,8,4,0,8,0,0,0,0,4,1,5,2,32,6,-1,-1,-1,-1,5,1,E01021484,0
Unvalidated,2024421408467,2024,421408467,1,9,0,18,8,5,0,4,0,9,0,0,1,1,5,1,32,6,-1,-1,-1,-1,6,1,E01002380,0
Unvalidated,2024421408467,2024,421408467,2,9,0,18,5,5,0,4,0,0,0,0,3,1,5,1,17,4,-1,-1,-1,-1,8,3,E01022068,0
Unvalidated,2024421408496,2024,421408496,1,9,0,18,1,1,0,1,1,7,7,0,4,1,6,1,26,6,-1,-1,-1,-1,-1,-1,-1,0
Unvalidated,2024421408496,2024,421408496,2,8,0,18,1,1,0,1,1,0,0,0,1,1,1,1,31,6,-1,-1,-1,-1,4,1,E01015903,0
Unvalidated,2024421408584,2024,421408584,1,9,0,18,5,2,0,0,0,0,0,0,1,1,5,1,48,8,-1,-1,-1,-1,7,1,E01015983,0
Unvalidated,2024421408584,2024,421408584,2,9,0,18,1,5,0,0,1,0,1,0,1,1,5,1,34,6,-1,-1,-1,-1,2,1,E01016009,0
Unvalidated,2024421408592,2024,421408592,1,21,1,18,5,1,0,0,0,0,0,0,1,1,1,1,36,7,-1,-1,-1,-1,6,1,E01021021,0
Unvalidated,2024421408656,2024,421408656,1,9,0,2,0,0,0,0,0,0,0,0,2,1,6,3,-1,-1,-1,-1,-1,-1,-1,-1,-1,0
Unvalidated,2024421408656,2024,421408656,2,9,0,18,2,6,0,0,0,4,0,0,1,1,5,2,38,7,-1,-1,-1,-1,4,1,E01021774,0
Unvalidated,2024421408669,2024,421408669,1,9,0,11,7,3,0,0,0,0,1,0,1,1,6,2,49,8,-1,-1,-1,-1,9,1,E01015889,0
Unvalidated,2024421408699,2024,421408699,1,9,0,18,3,7,0,0,5,4,0,0,1,1,6,1,50,8,-1,-1,-1,-1,5,2,E01022009,0
Unvalidated,2024421408699,2024,421408699,2,9,0,18,7,3,0,0,0,7,1,2,1,1,2,1,35,6,-1,-1,-1,-1,2,1,E01021686,0
Unvalidated,2024421408699,2024,421408699,3,9,0,2,0,0,0,0,0,0,0,0,2,1,6,3,-1,-1,-1,-1,-1,-1,-1,-1,-1,0
Unvalidated,2024421408720,2024,421408720,1,9,0,18,7,3,0,1,1,0,8,0,1,1,6,1,40,7,-1,-1,-1,-1,8,1,E01021514,0
Unvalidated,2024421408720,2024,421408720,2,9,0,5,1,5,0,6,1,0,1,10,3,1,6,1,25,5,-1,-1,-1,-1,9,1,E01021280,0
Unvalidated,2024421408781,2024,421408781,1,9,0,4,3,7,0,4,0,0,0,0,1,1,6,3,-1,-1,-1,-1,-1,-1,-1,-1,-1,0
Unvalidated,2024421408781,2024,421408781,2,3,0,18,3,7,0,4,0,0,0,0,2,1,6,1,36,7,-1,-1,-1,-1,2,1,E01001448,0
Unvalidated,2024421408804,2024,421408804,1,9,0,18,5,1,0,0,0,0,0,0,1,1,6,2,41,7,-1,-1,-1,-1,9,1,E01021240,0
Unvalidated,2024421408822,2024,421408822,1,9,0,18,5,1,0,0,0,0,0,0,-1,1,6,3,-1,-1,-1,-1,-1,-1,-1,-1,-1,0
Unvalidated,2024421408824,2024,421408824,1,9,0,18,-1,-1,0,0,0,0,0,0,1,1,6,3,-1,-1,-1,-1,-1,-1,-1,-1,-1,0
Unvalidated,2024421408824,2024,421408824,2,9,0,3,-1,-1,0,0,0,0,0,0,2,1,6,2,43,7,-1,-1,-1,-1,7,1,E01015964,0
Unvalidated,2024421408874,2024,421408874,1,9,0,18,7,3,0,0,0,0,0,0,1,1,6,3,-1,-1,-1,-1,-1,-1,-1,-1,-1,0
Unvalidated,2024421408902,2024,421408902,1,9,0,8,4,7,0,4,0,0,0,0,4,1,6,2,62,9,-1,-1,-1,-1,6,3,E01029880,0
Unvalidated,2024421408902,2024,421408902,2,9,0,8,4,7,0,4,0,0,0,0,3,1,6,1,19,4,-1,-1,-1,-1,6,1,E01033723,0
Unvalidated,2024421408973,2024,421408973,1,9,0,18,3,7,0,0,0,0,0,0,4,1,6,3,-1,-1,-1,-1,-1,-1,-1,-1,-1,0
Unvalidated,2024421408973,2024,421408973,2,19,0,4,7,3,0,0,0,0,0,0,2,1,6,2,33,6,-1,-1,-1,-1,3,1,E01021669,0
Unvalidated,2024421408976,2024,421408976,1,9,0,18,7,3,0,1,0,0,0,0,4,1,2,1,55,8,-1,-1,-1,-1,4,1,E01021894,0
Unvalidated,2024421409109,2024,421409109,1,9,0,14,5,1,0,0,0,0,7,0,3,1,5,1,18,4,-1,-1,-1,-1,1,1,E01002037,0
Unvalidated,2024421409109,2024,421409109,2,9,0,18,5,1,0,0,0,0,0,0,0,1,5,1,52,8,-1,-1,-1,-1,5,1,E01023304,0
Unvalidated,2024421409110,2024,421409110,1,21,1,18,6,2,0,0,0,0,0,0,3,2,1,1,57,9,-1,-1,-1,-1,-1,-1,-1,0
Unvalidated,2024421409110,2024,421409110,2,9,0,18,6,2,0,0,1,0,0,0,4,1,5,2,25,5,-1,-1,-1,-1,5,3,E01026284,0
Unvalidated,2024421409118,2024,421409118,1,19,0,9,3,5,0,5,0,0,0,0,3,1,5,1,28,6,-1,-1,-1,-1,8,1,E01021926,0
Unvalidated,2024421409118,2024,421409118,2,5,0,13,3,3,0,1,0,0,0,0,4,1,6,1,30,6,-1,-1,-1,-1,10,1,E01021939,0
Unvalidated,2024421409250,2024,421409250,1,9,0,9,1,5,0,6,0,0,0,0,3,1,6,1,43,7,-1,-1,-1,-1,3,1,E01015935,0
Unvalidated,2024421409250,2024,421409250,2,3,0,18,8,4,0,8,5,0,0,0,1,1,2,1,28,6,-1,-1,-1,-1,6,1,E01002266,0
Unvalidated,2024421409287,2024,421409287,1,9,0,18,3,7,0,1,0,0,0,0,1,1,1,3,-1,-1,-1,-1,-1,-1,-1,-1,-1,0
Unvalidated,2024421409287,2024,421409287,2,3,0,18,1,5,0,2,0,0,0,0,3,1,6,1,27,6,-1,-1,-1,-1,2,1,E01015851,0
Unvalidated,2024421409316,2024,421409316,1,9,0,8,3,7,0,4,0,0,0,0,3,1,6,2,-1,-1,-1,-1,-1,-1,9,1,E01015858,0
Unvalidated,2024421409316,2024,421409316,2,9,0,18,3,7,0,3,0,0,0,0,1,1,5,1,50,8,-1,-1,-1,-1,7,1,E01015849,0
Unvalidated,2024421409364,2024,421409364,1,1,0,18,1,5,0,6,0,0,0,0,1,1,3,1,17,4,-1,-1,-1,-1,6,1,E01021714,0
Unvalidated,2024421409364,2024,421409364,2,11,0,7,3,5,0,6,0,0,0,0,1,1,1,1,61,9,-1,-1,-1,-1,9,2,E01021661,0
Unvalidated,2024421409395,2024,421409395,1,98,0,7,2,4,0,6,0,0,0,0,3,1,6,1,61,9,-1,-1,-1,-1,2,1,E01002045,0
Unvalidated,2024421409395,2024,421409395,2,97,0,4,3,7,0,2,0,0,0,0,3,1,5,1,34,6,-1,-1,-1,-1,10,2,E01021403,0
Unvalidated,2024421409486,2024,421409486,1,9,0,18,8,8,0,1,0,0,0,0,1,1,5,2,26,6,-1,-1,-1,-1,7,1,E01015837,0
Unvalidated,2024421409486,2024,421409486,2,19,0,4,8,8,0,1,0,0,0,0,2,1,6,1,32,6,-1,-1,-1,-1,5,1,E01010431,0
Unvalidated,2024421409526,2024,421409526,1,19,0,18,7,3,0,4,0,0,0,0,1,1,6,1,-1,-1,-1,-1,-1,-1,-1,-1,-1,0
Unvalidated,2024421409555,2024,421409555,1,9,0,14,2,6,0,2,0,0,0,0,1,1,5,1,37,7,-1,-1,-1,-1,-1,-1,-1,0
Unvalidated,2024421409555,2024,421409555,2,19,0,4,2,6,0,2,0,0,0,0,0,1,1,1,60,9,-1,-1,-1,-1,8,3,E01021396,0
Unvalidated,2024421409566,2024,421409566,1,9,0,18,8,4,0,0,0,0,1,4,1,1,6,1,53,8,-1,-1,-1,-1,1,1,E01021305,0
Unvalidated,2024421409624,2024,421409624,1,9,0,2,0,0,0,0,0,0,0,0,1,1,5,1,34,6,-1,-1,-1,-1,8,3,E01021750,0
Unvalidated,2024421409624,2024,421409624,2,19,0,1,3,7,0,0,0,0,0,0,2,1,6,3,-1,-1,-1,-1,-1,-1,-1,-1,-1,0
Unvalidated,2024421409646,2024,421409646,1,21,0,11,7,3,0,0,0,0,0,0,3,2,1,1,29,6,-1,-1,-1,-1,-1,-1,-1,0
Unvalidated,2024421409646,2024,421409646,2,9,0,18,7,3,0,0,1,0,0,0,4,1,5,2,45,7,-1,-1,-1,-1,1,1,E01024661,0
Unvalidated,2024421409662,2024,421409662,1,9,0,-1,-1,-1,-1,0,-1,-1,-1,0,-1,1,6,3,-1,-1,-1,-1,-1,-1,-1,-1,-1,0
Unvalidated,2024421409662,2024,421409662,2,9,0,2,0,0,0,0,0,0,0,0,2,1,6,3,-1,-1,-1,-1,-1,-1,-1,-1,-1,0
Unvalidated,2024421409817,2024,421409817,1,9,0,18,5,2,0,0,1,0,1,0,3,1,1,2,27,6,-1,-1,-1,-1,4,1,E01022041,0
Unvalidated,2024421409817,2024,421409817,2,21,0,18,2,5,0,0,0,0,0,0,3,1,1,1,38,7,-1,-1,-1,-1,6,1,E01002336,0
Unvalidated,2024421409839,2024,421409839,1,9,0,18,8,4,0,0,2,0,1,4,1,1,5,1,55,8,-1,-1,-1,-1,-1,2,-1,0
Unvalidated,2024421409862,2024,421409862,1,10,0,18,-1,-1,0,0,0,0,0,0,4,1,6,1,-1,-1,-1,-1,-1,-1,-1,-1,-1,0
Unvalidated,2024421409957,2024,421409957,1,9,0,12,3,7,0,0,0,0,0,0,0,1,6,3,24,5,-1,-1,-1,-1,-1,-1,-1,0
Unvalidated,2024421409957,2024,421409957,2,9,0,18,3,7,0,0,2,0,1,0,1,1,5,1,56,9,-1,-1,-1,-1,5,1,E01015904,0
Unvalidated,2024421409979,2024,421409979,1,19,0,7,6,1,0,3,0,0,1,0,4,1,6,1,45,7,-1,-1,-1,-1,7,2,E01021983,0
Unvalidated,2024421409979,2024,421409979,2,9,0,18,6,4,0,4,0,0,7,0,4,1,6,2,33,6,-1,-1,-1,-1,6,1,E01021419,0
Unvalidated,2024421410162,2024,421410162,1,9,0,9,6,3,0,8,0,0,0,0,3,1,6,2,45,7,-1,-1,-1,-1,6,2,E01031514,0
Unvalidated,2024421410162,2024,421410162,2,22,0,9,1,7,0,8,5,0,0,0,3,1,6,1,85,11,-1,-1,-1,-1,6,1,E01022010,0
Unvalidated,2024421410207,2024,421410207,1,9,0,18,-1,-1,0,0,0,0,0,0,-1,1,6,3,-1,-1,-1,-1,-1,-1,-1,-1,-1,0
Unvalidated,2024421410207,2024,421410207,2,9,0,18,-1,-1,0,0,0,0,0,0,3,1,6,2,18,4,-1,-1,-1,-1,4,1,E01021817,0
Unvalidated,2024421410235,2024,421410235,1,9,0,18,1,5,0,2,0,0,0,0,1,1,5,1,60,9,-1,-1,-1,-1,7,2,E01021900,0
Unvalidated,2024421410335,2024,421410335,1,9,0,5,1,5,9,0,0,0,0,0,0,1,6,1,30,6,-1,-1,-1,-1,7,2,E01021408,0
Unvalidated,2024421410335,2024,421410335,2,1,0,18,8,3,9,0,0,0,0,0,0,1,5,2,7,2,-1,-1,-1,-1,9,3,E01021654,0
Unvalidated,2024421410457,2024,421410457,1,19,0,5,3,5,0,4,0,0,0,0,3,1,6,1,55,8,-1,-1,-1,-1,4,1,E01021808,0
Unvalidated,2024421410457,2024,421410457,2,9,0,18,1,5,0,8,1,0,0,0,1,1,2,2,56,9,-1,-1,-1,-1,5,1,E01021388,0
Unvalidated,2024421410462,2024,421410462,1,9,0,18,1,5,0,7,0,0,0,0,3,1,6,2,-1,-1,-1,-1,-1,-1,-1,-1,-1,0
Unvalidated,2024421410462,2024,421410462,2,19,0,18,3,7,0,7,0,0,0,0,2,1,6,1,-1,-1,-1,-1,-1,-1,-1,-1,-1,0
Unvalidated,2024421410462,2024,421410462,3,9,0,18,3,7,0,7,0,0,0,0,1,1,6,1,39,7,-1,-1,-1,-1,5,1,E01021494,0
Unvalidated,2024421410738,2024,421410738,1,1,0,18,7,4,4,0,0,10,1,0,1,1,1,1,53,8,-1,-1,-1,-1,1,1,E01015895,0
Unvalidated,2024421410801,2024,421410801,1,90,0,1,5,3,0,1,0,0,0,0,2,1,6,3,-1,-1,-1,-1,-1,-1,-1,-1,-1,0
Unvalidated,2024421410825,2024,421410825,1,9,0,1,7,2,0,6,0,0,0,0,2,1,5,1,60,9,-1,-1,-1,-1,2,1,E01022039,0
Unvalidated,2024421410825,2024,421410825,2,9,0,18,1,5,0,2,0,0,0,0,3,1,6,2,91,11,-1,-1,-1,-1,2,1,E01022039,0
Unvalidated,2024421410836,2024,421410836,1,9,0,9,3,1,0,1,0,0,0,0,0,1,5,2,17,4,-1,-1,-1,-1,10,1,E01021611,0
Unvalidated,2024421410836,2024,421410836,2,9,0,18,7,3,0,1,0,0,0,0,1,1,5,1,25,5,-1,-1,-1,-1,6,3,E01021875,0
Unvalidated,2024421410837,2024,421410837,1,9,0,18,2,5,0,1,0,0,0,0,1,1,6,2,36,7,-1,-1,-1,-1,5,2,E01021753,0
Unvalidated,2024421410837,2024,421410837,2,3,0,13,5,1,0,1,0,0,0,0,1,1,6,1,18,4,-1,-1,-1,-1,6,1,E01023314,0
Unvalidated,2024421410847,2024,421410847,1,3,0,18,5,1,0,0,1,0,0,0,3,1,6,1,37,7,-1,-1,-1,-1,7,3,E01021978,0
Unvalidated,2024421410856,2024,421410856,1,19,0,18,7,3,0,1,0,0,0,0,4,1,5,1,27,6,-1,-1,-1,-1,7,2,E01021967,0
Unvalidated,2024421410857,2024,421410857,1,9,0,18,5,1,0,0,0,0,0,0,1,1,5,2,57,9,-1,-1,-1,-1,3,1,E01021889,0
Unvalidated,2024421410857,2024,421410857,2,9,0,18,5,2,0,0,0,0,0,0,2,1,5,1,21,5,-1,-1,-1,-1,7,2,E01021910,0
Unvalidated,2024421410885,2024,421410885,1,9,0,15,5,1,0,4,0,0,0,0,4,1,6,3,-1,-1,-1,-1,-1,-1,-1,-1,-1,0
Unvalidated,2024421410890,2024,421410890,1,8,0,18,8,3,0,0,1,0,7,0,1,1,5,1,63,9,-1,-1,-1,-1,5,2,E01021880,0
Unvalidated,2024421410890,2024,421410890,2,9,0,18,3,8,0,0,1,0,1,0,1,1,5,1,47,8,-1,-1,-1,-1,6,3,E01021875,0
Unvalidated,2024421410979,2024,421410979,1,9,0,18,2,6,0,1,2,0,1,4,1,1,6,1,31,6,-1,-1,-1,-1,-1,1,-1,0
Unvalidated,2024421411004,2024,421411004,1,9,0,18,6,4,0,4,0,0,0,0,1,1,5,1,29,6,-1,-1,-1,-1,7,1,E01021679,0
Unvalidated,2024421411004,2024,421411004,2,1,0,9,4,2,0,8,0,0,0,0,2,1,5,1,52,8,-1,-1,-1,-1,9,3,E01021682,0
Unvalidated,2024421411014,2024,421411014,1,9,0,18,6,2,0,0,0,0,0,0,1,1,5,2,44,7,-1,-1,-1,-1,7,3,E01029875,0
Unvalidated,2024421411014,2024,421411014,2,9,0,18,1,5,0,0,0,0,0,0,1,1,2,1,26,6,-1,-1,-1,-1,4,1,E01021698,0
Unvalidated,2024421411092,2024,421411092,1,9,0,18,4,8,0,0,0,0,1,0,1,1,5,1,36,7,-1,-1,-1,-1,6,1,E01021464,0
Unvalidated,2024421411096,2024,421411096,1,9,0,18,5,1,0,0,0,0,0,0,1,1,5,1,38,7,-1,-1,-1,-1,9,3,E01021682,0
Unvalidated,2024421411114,2024,421411114,1,9,0,18,6,2,0,2,2,0,1,0,4,1,6,1,23,5,-1,-1,-1,-1,3,1,E01024352,0
Unvalidated,2024421411118,2024,421411118,1,8,0,7,1,4,0,5,0,0,0,0,1,1,2,1,42,7,-1,-1,-1,-1,2,1,E01004389,0
Unvalidated,2024421411151,2024,421411151,1,19,0,18,5,1,0,0,0,0,0,0,3,1,1,1,49,8,-1,-1,-1,-1,9,1,E01001098,0
Unvalidated,2024421411264,2024,421411264,1,9,0,18,2,6,0,0,0,0,0,0,1,1,5,1,55,8,-1,-1,-1,-1,5,3,E01026718,0
Unvalidated,2024421411264,2024,421411264,2,9,0,18,1,6,0,0,0,0,0,0,2,1,5,2,26,6,-1,-1,-1,-1,9,1,E01033503,0
Unvalidated,2024421411349,2024,421411349,1,9,0,18,1,5,0,0,1,0,0,0,1,1,6,2,18,4,-1,-1,-1,-1,9,3,E01022072,0
Unvalidated,2024421411349,2024,421411349,2,9,0,18,5,1,0,0,1,0,0,0,1,1,6,1,19,4,-1,-1,-1,-1,8,3,E01022071,0
Unvalidated,2024421411720,2024,421411720,1,19,0,9,1,5,0,8,0,0,0,0,3,1,6,1,34,6,-1,-1,-1,-1,4,1,E01026792,0
Unvalidated,2024421411720,2024,421411720,2,19,0,18,1,5,0,8,0,0,0,0,1,1,6,1,30,6,-1,-1,-1,-1,7,1,E01015837,0
Unvalidated,2024421411724,2024,421411724,1,9,0,18,1,5,0,1,0,0,0,0,1,1,5,1,24,5,-1,-1,-1,-1,8,2,E01021347,0
Unvalidated,2024421411724,2024,421411724,2,9,0,9,3,1,0,6,0,0,0,0,3,1,5,1,65,9,-1,-1,-1,-1,8,1,E01021424,0
Unvalidated,2024421411734,2024,421411734,1,9,0,18,1,5,0,8,0,0,0,0,1,1,6,1,19,4,-1,-1,-1,-1,-1,-1,-1,0
Unvalidated,2024421411734,2024,421411734,2,9,0,3,1,5,0,8,0,0,0,0,2,1,6,2,55,8,-1,-1,-1,-1,6,1,E01021794,0
Unvalidated,2024421411734,2024,421411734,3,9,0,3,1,5,0,8,0,0,0,0,2,1,6,1,59,9,-1,-1,-1,-1,7,1,E01021867,0
Unvalidated,2024421411805,2024,421411805,1,9,0,18,3,5,0,1,0,0,0,0,1,1,6,1,-1,-1,-1,-1,-1,-1,-1,-1,-1,0
Unvalidated,2024421411805,2024,421411805,2,9,0,8,3,5,0,1,0,0,0,0,2,1,1,2,27,6,-1,-1,-1,-1,8,1,E01021766,0
Unvalidated,2024421411828,2024,421411828,1,9,0,18,1,5,0,1,0,0,0,0,1,1,6,3,-1,-1,-1,-1,-1,-1,-1,-1,-1,0
Unvalidated,2024421411828,2024,421411828,2,9,0,4,1,5,0,4,0,0,0,0,2,1,6,2,23,5,-1,-1,-1,-1,7,3,E01021407,0
Unvalidated,2024421411830,2024,421411830,1,1,0,18,3,7,0,1,0,0,0,0,4,1,6,1,16,4,-1,-1,-1,-1,-1,-1,-1,0
Unvalidated,2024421411830,2024,421411830,2,9,0,10,1,3,0,1,0,0,0,0,4,1,6,2,66,10,-1,-1,-1,-1,6,2,E01021980,0
Unvalidated,2024421411839,2024,421411839,1,9,0,4,1,5,0,4,0,0,0,0,1,1,2,1,56,9,-1,-1,-1,-1,2,1,E01021327,0
Unvalidated,2024421411839,2024,421411839,2,9,0,8,1,5,0,4,0,0,0,0,2,1,2,1,55,8,-1,-1,-1,-1,10,1,E01021366,0
Unvalidated,2024421411873,2024,421411873,1,9,0,18,1,5,0,1,0,0,0,0,1,1,6,1,84,11,-1,-1,-1,-1,8,1,E01021520,0
Unvalidated,2024421411917,2024,421411917,1,9,-1,18,4,8,0,0,0,0,0,0,1,1,6,1,-1,-1,-1,-1,-1,-1,-1,-1,-1,0
Unvalidated,2024421411917,2024,421411917,2,9,0,18,4,8,0,0,0,0,0,0,2,1,6,1,41,7,-1,-1,-1,-1,4,1,E01015957,0
Unvalidated,2024421411978,2024,421411978,1,9,0,18,1,5,0,0,0,0,0,0,1,1,2,1,21,5,-1,-1,-1,-1,5,1,E01030030,0
Unvalidated,2024421411978,2024,421411978,2,9,0,4,1,5,0,0,0,0,0,0,2,1,5,2,53,8,-1,-1,-1,-1,6,3,E01021656,0
Unvalidated,2024421411985,2024,421411985,1,9,0,18,6,1,0,4,0,0,3,10,1,1,2,1,37,7,-1,-1,-1,-1,10,1,E01021673,0
Unvalidated,2024421411985,2024,421411985,2,9,0,18,3,1,0,3,5,0,0,0,4,1,2,2,26,6,-1,-1,-1,-1,9,1,E01021681,0
Unvalidated,2024421411985,2024,421411985,3,9,0,5,6,8,0,4,0,0,0,0,3,1,2,1,33,6,-1,-1,-1,-1,7,2,E01021378,0
Unvalidated,2024421412130,2024,421412130,1,9,0,18,4,8,0,1,0,0,0,0,4,1,5,2,29,6,-1,-1,-1,-1,2,1,E01022039,0
Unvalidated,2024421412159,2024,421412159,1,9,0,18,5,1,0,0,0,0,0,0,4,1,5,1,42,7,-1,-1,-1,-1,2,1,E01021316,0
Unvalidated,2024421412186,2024,421412186,1,5,0,13,7,3,0,8,0,0,0,0,1,1,2,1,62,9,-1,-1,-1,-1,5,2,E01022021,0
Unvalidated,2024421412186,2024,421412186,2,9,0,18,7,3,0,8,0,0,0,0,2,1,6,2,25,5,-1,-1,-1,-1,-1,1,-1,0
Unvalidated,2024421412186,2024,421412186,3,9,0,18,3,6,0,8,0,0,0,0,1,1,5,1,54,8,-1,-1,-1,-1,4,1,E01022028,0
Unvalidated,2024421412187,2024,421412187,1,9,0,18,5,1,0,0,0,0,0,0,1,1,5,2,28,6,-1,-1,-1,-1,8,1,E01016138,0
Unvalidated,2024421412187,2024,421412187,2,4,0,18,5,1,0,0,5,11,1,6,2,1,6,1,46,8,-1,-1,-1,-1,9,1,E01021335,0
Unvalidated,2024421412232,2024,421412232,1,9,0,18,1,5,0,0,0,0,0,0,3,1,5,2,24,5,-1,-1,-1,-1,2,1,E01021278,0
Unvalidated,2024421412357,2024,421412357,1,19,0,18,5,1,0,8,0,0,0,0,3,1,6,1,-1,-1,-1,-1,-1,-1,-1,-1,-1,0
Unvalidated,2024421412513,2024,421412513,1,9,0,9,6,4,0,2,0,0,0,0,1,1,5,1,60,9,-1,-1,-1,-1,2,1,E01021686,0
Unvalidated,2024421412513,2024,421412513,2,9,0,18,4,4,0,2,0,0,7,0,4,1,5,2,31,6,-1,-1,-1,-1,3,1,E01021687,0
Unvalidated,2024421412513,2024,421412513,3,11,0,5,4,7,0,1,0,0,0,0,3,1,1,1,51,8,-1,-1,-1,-1,6,1,E01021702,0
Unvalidated,2024421412524,2024,421412524,1,9,0,18,2,6,0,1,1,0,0,0,1,1,5,2,42,7,-1,-1,-1,-1,7,1,E01021722,0
Unvalidated,2024421412524,2024,421412524,2,9,0,18,2,6,0,1,0,0,0,0,2,1,5,2,32,6,-1,-1,-1,-1,5,3,E01021694,0
Unvalidated,2024421412579,2024,421412579,1,3,0,18,2,6,0,0,1,12,1,0,1,1,6,1,26,6,-1,-1,-1,-1,-1,-1,-1,0
Unvalidated,2024421412596,2024,421412596,1,9,0,4,5,6,0,4,0,0,0,0,3,1,6,3,50,8,-1,-1,-1,-1,-1,-1,-1,0
Unvalidated,2024421412603,2024,421412603,1,3,0,13,7,3,0,8,0,0,0,0,3,1,2,1,22,5,-1,-1,-1,-1,8,2,E01021677,0
Unvalidated,2024421412603,2024,421412603,2,9,0,10,7,5,0,1,0,0,0,0,3,1,2,1,58,9,-1,-1,-1,-1,7,1,E01021895,0
Unvalidated,2024421412681,2024,421412681,1,9,0,18,8,4,0,1,0,4,0,0,1,2,6,2,23,5,-1,-1,-1,-1,4,1,E01004417,0
Unvalidated,2024421412681,2024,421412681,2,9,0,2,5,1,0,2,0,4,0,0,1,2,6,3,-1,-1,-1,-1,-1,-1,-1,-1,-1,0
Unvalidated,2024421412750,2024,421412750,1,9,0,5,1,5,0,8,0,0,0,0,1,1,5,2,57,9,-1,-1,-1,-1,10,1,E01015911,0
Unvalidated,2024421412750,2024,421412750,2,9,0,9,5,3,0,8,0,0,0,0,1,1,5,2,63,9,-1,-1,-1,-1,3,1,E01015825,0
Unvalidated,2024421412863,2024,421412863,1,9,0,18,1,5,0,0,0,0,0,0,1,1,6,2,32,6,-1,-1,-1,-1,3,1,E01021631,0
Unvalidated,2024421412863,2024,421412863,2,9,0,18,1,5,0,0,0,0,0,0,2,1,6,1,18,4,-1,-1,-1,-1,9,1,E01021335,0
Unvalidated,2024421412865,2024,421412865,1,9,0,15,3,7,0,0,2,0,7,0,1,1,5,1,35,6,-1,-1,-1,-1,8,2,E01027620,0
Unvalidated,2024421412924,2024,421412924,1,9,0,18,-1,-1,0,0,0,0,0,0,1,1,6,3,-1,-1,-1,-1,-1,-1,-1,-1,-1,0
Unvalidated,2024421412924,2024,421412924,2,9,0,4,-1,-1,0,0,0,0,0,0,2,1,2,2,31,6,-1,-1,-1,-1,2,1,E01021286,0
Unvalidated,2024421413006,2024,421413006,1,9,0,18,6,2,0,4,0,12,0,0,4,1,5,2,81,11,-1,-1,-1,-1,10,3,E01021643,0
Unvalidated,2024421413007,2024,421413007,1,19,0,5,7,4,0,0,0,0,0,0,1,1,6,1,36,7,-1,-1,-1,-1,-1,-1,-1,0
Unvalidated,2024421413136,2024,421413136,1,9,0,18,2,6,0,0,0,0,0,0,1,1,6,1,33,6,-1,-1,-1,-1,-1,-1,-1,0
Unvalidated,2024421413136,2024,421413136,2,19,0,18,6,2,0,0,0,0,1,0,1,1,6,1,36,7,-1,-1,-1,-1,6,1,E01030112,0
Unvalidated,2024421413463,2024,421413463,1,9,0,18,2,6,0,8,0,0,1,0,1,1,6,3,25,5,-1,-1,-1,-1,2,1,E01032565,0
Unvalidated,2024421413616,2024,421413616,1,9,0,18,1,4,0,1,0,0,0,0,1,1,5,2,26,6,-1,-1,-1,-1,-1,3,-1,0
Unvalidated,2024421413631,2024,421413631,1,9,0,18,1,5,0,8,0,0,0,0,1,1,6,1,55,8,-1,-1,-1,-1,8,1,E01021717,0
Unvalidated,2024421413631,2024,421413631,2,2,0,5,3,7,0,8,5,0,0,0,3,1,6,1,16,4,-1,-1,-1,-1,7,3,E01021971,0
Unvalidated,2024421413642,2024,421413642,1,9,0,5,8,4,0,8,0,0,0,0,1,1,5,2,32,6,-1,-1,-1,-1,3,1,E01021269,0
Unvalidated,2024421413642,2024,421413642,2,9,0,9,3,7,0,8,0,0,0,0,3,1,1,2,25,5,-1,-1,-1,-1,1,1,E01015895,0