status,collision_index,collision_year,collision_reference,vehicle_reference,vehicle_type,towing_and_articulation,vehicle_manoeuvre,vehicle_direction_from,vehicle_direction_to,vehicle_location_restricted_lane,junction_location,skidding_and_overturning,hit_object_in_carriageway,vehicle_leaving_carriageway,hit_object_off_carriageway,first_point_of_impact,vehicle_left_hand_drive,journey_purpose_of_driver,sex_of_driver,age_of_driver,age_band_of_driver,engine_capacity_cc,propulsion_code,age_of_vehicle,generic_make_model,driver_imd_decile,driver_home_area_type,lsoa_of_driver,escooter_flag
Unvalidated,2024421413667,2024,421413667,1,9,0,18,3,7,0,2,2,10,0,0,4,1,6,1,58,9,-1,-1,-1,-1,6,1,E01015821,0
Unvalidated,2024421413667,2024,421413667,2,19,0,15,3,7,0,2,0,0,0,0,0,1,1,1,21,5,-1,-1,-1,-1,3,1,E01021889,0
Unvalidated,2024421413668,2024,421413668,1,9,0,18,8,3,0,6,0,0,7,0,1,1,5,1,83,11,-1,-1,-1,-1,10,1,E01021248,0
Unvalidated,2024421413668,2024,421413668,2,9,0,18,7,3,0,1,0,0,0,0,4,1,5,2,31,6,-1,-1,-1,-1,9,2,E01015980,0
Unvalidated,2024421413920,2024,421413920,1,9,0,4,3,7,0,0,0,4,0,0,1,1,5,1,34,6,-1,-1,-1,-1,3,1,E01021870,0
Unvalidated,2024421413920,2024,421413920,2,9,0,4,3,7,0,0,0,0,0,0,2,1,6,1,56,9,-1,-1,-1,-1,4,1,E01021839,0
Unvalidated,2024421413920,2024,421413920,3,9,0,2,3,7,0,0,0,1,0,0,2,1,6,1,32,6,-1,-1,-1,-1,7,1,E01021857,0
Unvalidated,2024421413920,2024,421413920,4,9,0,2,3,7,0,0,0,0,0,0,2,1,6,1,32,6,-1,-1,-1,-1,7,1,E01021857,0
Unvalidated,2024421413961,2024,421413961,1,9,0,7,1,3,0,8,0,0,0,0,1,1,6,1,36,7,-1,-1,-1,-1,4,1,E01023857,0
Unvalidated,2024421413961,2024,421413961,2,9,0,18,7,3,0,8,0,0,1,0,1,1,6,1,57,9,-1,-1,-1,-1,-1,-1,-1,0
Unvalidated,2024421413979,2024,421413979,1,9,0,7,4,7,0,1,0,0,0,0,1,1,6,2,69,10,-1,-1,-1,-1,5,2,E01022014,0
Unvalidated,2024421413979,2024,421413979,2,9,0,18,6,2,0,1,0,0,0,0,1,1,6,2,47,8,-1,-1,-1,-1,4,1,E01021642,0
Unvalidated,2024421413984,2024,421413984,1,21,1,18,5,1,0,0,5,0,1,7,1,1,1,1,24,5,-1,-1,-1,-1,7,1,E01026267,0
Unvalidated,2024421414085,2024,421414085,1,21,0,18,7,3,0,0,0,0,0,0,1,1,1,1,37,7,-1,-1,-1,-1,2,1,E01021507,0
Unvalidated,2024421414086,2024,421414086,1,9,0,18,3,7,0,1,0,0,0,0,1,1,5,2,25,5,-1,-1,-1,-1,-1,-1,-1,0
Unvalidated,2024421414319,2024,421414319,1,9,0,18,1,5,0,0,0,0,7,0,4,2,5,2,25,5,-1,-1,-1,-1,5,3,E01021550,0
Unvalidated,2024421414319,2024,421414319,2,9,0,18,5,1,0,0,0,0,1,0,1,1,6,1,61,9,-1,-1,-1,-1,-1,-1,-1,0
Unvalidated,2024421414319,2024,421414319,3,9,0,15,1,5,0,0,0,0,0,0,0,1,6,1,-1,-1,-1,-1,-1,-1,-1,-1,-1,0
Unvalidated,2024421414365,2024,421414365,1,9,0,18,5,1,0,8,0,0,0,0,4,1,5,2,17,4,-1,-1,-1,-1,4,1,E01022024,0
Unvalidated,2024421414365,2024,421414365,2,9,0,18,7,3,0,8,0,0,0,0,1,1,5,1,19,4,-1,-1,-1,-1,9,2,E01021973,0
Unvalidated,2024421414390,2024,421414390,1,9,0,18,1,5,0,1,0,0,0,0,1,1,6,2,81,11,-1,-1,-1,-1,5,3,E01021800,0
Unvalidated,2024421414390,2024,421414390,2,1,0,18,3,7,0,1,5,0,0,0,3,1,6,1,28,6,-1,-1,-1,-1,2,1,E01004394,0
Unvalidated,2024421414392,2024,421414392,1,9,0,18,1,3,0,1,0,0,0,0,1,1,6,1,25,5,-1,-1,-1,-1,5,1,E01029960,0
Unvalidated,2024421414392,2024,421414392,2,9,0,3,1,3,0,1,0,0,0,0,2,1,6,1,46,8,-1,-1,-1,-1,5,1,E01021422,0
Unvalidated,2024421414397,2024,421414397,1,90,0,18,5,1,9,0,0,0,0,0,1,1,6,3,-1,-1,-1,-1,-1,-1,-1,-1,-1,1
Unvalidated,2024421414406,2024,421414406,1,9,0,18,5,1,0,1,0,0,0,0,1,1,6,1,68,10,-1,-1,-1,-1,4,3,E01022011,0
Unvalidated,2024421414406,2024,421414406,2,9,0,3,5,7,0,1,0,0,0,0,2,1,5,2,40,7,-1,-1,-1,-1,4,1,E01022011,0
Unvalidated,2024421414409,2024,421414409,1,9,0,18,3,7,0,0,0,0,0,0,1,1,6,1,17,4,-1,-1,-1,-1,7,1,E01021914,0
Unvalidated,2024421414409,2024,421414409,2,9,0,18,3,7,0,0,0,0,0,0,2,1,6,2,17,4,-1,-1,-1,-1,9,1,E01015857,0
Unvalidated,2024421414423,2024,421414423,1,9,0,18,2,6,0,1,0,0,0,0,1,1,6,1,-1,-1,-1,-1,-1,-1,-1,-1,-1,0
Unvalidated,2024421414423,2024,421414423,2,9,0,4,2,6,0,1,0,0,0,0,2,1,5,1,30,6,-1,-1,-1,-1,9,2,E01021458,0
Unvalidated,2024421414478,2024,421414478,1,9,0,4,6,2,0,1,0,0,0,0,1,1,6,3,-1,-1,-1,-1,-1,-1,-1,-1,-1,0
Unvalidated,2024421414478,2024,421414478,2,9,0,4,6,2,0,1,0,0,0,0,2,1,6,1,37,7,-1,-1,-1,-1,3,1,E01021842,0
Unvalidated,2024421414505,2024,421414505,1,9,0,18,4,8,0,2,0,0,0,0,1,1,6,1,45,7,-1,-1,-1,-1,9,1,E01022082,0
Unvalidated,2024421414526,2024,421414526,1,9,0,9,4,3,0,0,0,0,0,0,1,1,6,2,46,8,-1,-1,-1,-1,7,3,E01021470,0
Unvalidated,2024421414526,2024,421414526,2,9,0,18,1,4,0,0,0,0,0,0,1,1,5,1,19,4,-1,-1,-1,-1,8,2,E01021441,0
Unvalidated,2024421414544,2024,421414544,1,9,0,18,5,1,0,0,0,0,0,0,1,1,6,3,-1,-1,-1,-1,-1,-1,-1,-1,-1,0
Unvalidated,2024421414544,2024,421414544,2,9,0,18,1,5,0,0,0,0,0,0,1,1,6,2,28,6,-1,-1,-1,-1,-1,-1,-1,0
Unvalidated,2024421414561,2024,421414561,1,9,0,18,-1,-1,0,0,0,0,0,0,4,1,6,2,25,5,-1,-1,-1,-1,1,1,E01021500,0
Unvalidated,2024421414561,2024,421414561,2,1,0,18,-1,-1,0,0,0,0,0,0,4,1,6,1,12,3,-1,-1,-1,-1,2,1,E01021486,0
Unvalidated,2024421414582,2024,421414582,1,22,0,18,1,5,9,1,0,0,0,0,1,1,6,1,73,10,-1,-1,-1,-1,8,1,E01021371,0
Unvalidated,2024421414619,2024,421414619,1,9,0,18,3,7,0,0,0,0,0,0,0,1,6,3,-1,-1,-1,-1,-1,-1,-1,-1,-1,0
Unvalidated,2024421414619,2024,421414619,2,9,0,18,3,7,0,0,0,0,0,0,0,1,5,1,60,9,-1,-1,-1,-1,4,1,E01015994,0
Unvalidated,2024421414647,2024,421414647,1,9,0,1,3,7,0,2,0,0,0,0,2,1,6,2,-1,-1,-1,-1,-1,-1,-1,-1,-1,0
Unvalidated,2024421414647,2024,421414647,2,9,0,18,7,3,0,2,0,0,0,0,1,1,5,2,48,8,-1,-1,-1,-1,8,2,E01021760,0
Unvalidated,2024421414672,2024,421414672,1,9,0,18,3,7,0,1,0,0,0,0,1,1,6,2,-1,-1,-1,-1,-1,-1,-1,-1,-1,0
Unvalidated,2024421414672,2024,421414672,2,97,0,3,3,7,0,4,0,0,0,0,2,1,6,1,23,5,-1,-1,-1,-1,3,1,E01021245,0
Unvalidated,2024421414718,2024,421414718,1,11,0,14,1,5,0,0,0,0,0,0,3,1,1,1,78,11,-1,-1,-1,-1,3,1,E01000082,0
Unvalidated,2024421414718,2024,421414718,2,98,0,2,1,5,0,0,0,0,0,0,3,1,1,1,-1,-1,-1,-1,-1,-1,-1,-1,-1,0
Unvalidated,2024421414821,2024,421414821,1,9,0,18,1,4,0,0,0,0,7,0,1,1,6,1,18,4,-1,-1,-1,-1,9,2,E01021661,0
Unvalidated,2024421414822,2024,421414822,1,9,0,9,7,3,0,0,0,0,0,0,3,1,6,1,41,7,-1,-1,-1,-1,2,1,E01015851,0
Unvalidated,2024421414822,2024,421414822,2,5,0,18,3,7,0,0,0,0,0,0,3,1,6,1,62,9,-1,-1,-1,-1,9,1,E01015838,0
Unvalidated,2024421414851,2024,421414851,1,9,0,18,3,7,0,0,0,0,0,0,1,1,6,3,-1,-1,-1,-1,-1,-1,-1,-1,-1,0
Unvalidated,2024421414851,2024,421414851,2,9,0,3,7,2,0,0,0,0,0,0,2,1,6,2,36,7,-1,-1,-1,-1,7,2,E01021457,0
Unvalidated,2024421414851,2024,421414851,3,9,0,3,6,2,0,0,0,0,0,0,2,1,6,3,-1,-1,-1,-1,-1,-1,-1,-1,-1,0
Unvalidated,2024421414853,2024,421414853,1,9,0,18,7,3,0,0,0,0,0,0,1,1,6,2,76,11,-1,-1,-1,-1,6,1,E01021930,0
Unvalidated,2024421414855,2024,421414855,1,9,0,18,3,7,0,1,0,0,0,0,4,1,6,3,-1,-1,-1,-1,-1,-1,-1,-1,-1,0
Unvalidated,2024421414861,2024,421414861,1,9,0,7,1,3,0,5,0,0,0,0,1,1,6,1,72,10,-1,-1,-1,-1,10,1,E01021480,0
Unvalidated,2024421414861,2024,421414861,2,9,0,3,3,7,0,6,0,0,0,0,3,1,5,2,33,6,-1,-1,-1,-1,10,1,E01021480,0
Unvalidated,2024421414989,2024,421414989,1,9,0,18,-1,-1,0,0,0,0,0,0,4,1,6,3,-1,-1,-1,-1,-1,-1,-1,-1,-1,0
Unvalidated,2024421414989,2024,421414989,2,9,0,2,-1,-1,0,0,0,0,0,0,4,1,6,3,-1,-1,-1,-1,-1,-1,-1,-1,-1,0
Unvalidated,2024421415090,2024,421415090,1,9,0,9,7,4,0,1,0,0,0,0,1,1,5,2,23,5,-1,-1,-1,-1,2,1,E01015820,0
Unvalidated,2024421415090,2024,421415090,2,1,0,18,4,8,0,1,0,0,0,0,1,1,5,1,16,4,-1,-1,-1,-1,7,1,E01015817,0
Unvalidated,2024421415128,2024,421415128,1,9,0,5,-1,-1,0,0,-1,-1,-1,0,1,1,6,3,-1,-1,-1,-1,-1,-1,-1,-1,-1,0
Unvalidated,2024421415192,2024,421415192,1,9,0,18,6,2,0,0,0,4,0,0,1,1,5,1,44,7,-1,-1,-1,-1,7,2,E01021797,0
Unvalidated,2024421415192,2024,421415192,2,98,0,2,0,0,0,0,0,0,0,0,2,1,6,3,-1,-1,-1,-1,-1,-1,-1,-1,-1,0
Unvalidated,2024421415246,2024,421415246,1,9,0,18,7,3,9,0,0,0,7,0,1,1,6,3,-1,-1,-1,-1,-1,-1,-1,-1,-1,0
Unvalidated,2024421415262,2024,421415262,1,9,0,9,2,8,0,2,0,0,0,0,1,1,1,1,30,6,-1,-1,-1,-1,-1,-1,-1,0
Unvalidated,2024421415262,2024,421415262,2,9,0,18,4,8,0,1,0,0,0,0,3,1,5,2,36,7,-1,-1,-1,-1,6,2,E01021980,0
Unvalidated,2024421415268,2024,421415268,1,19,0,12,6,3,0,3,0,0,0,0,4,1,6,1,40,7,-1,-1,-1,-1,4,2,E01021360,0
Unvalidated,2024421415268,2024,421415268,2,9,0,7,6,2,0,1,0,0,0,0,3,1,2,2,39,7,-1,-1,-1,-1,4,1,E01021674,0
Unvalidated,2024421415282,2024,421415282,1,9,-1,7,1,3,0,1,0,0,0,0,1,1,6,1,36,7,-1,-1,-1,-1,1,1,E01017250,0
Unvalidated,2024421415282,2024,421415282,2,9,-1,3,3,7,0,1,0,0,0,0,1,1,2,1,30,6,-1,-1,-1,-1,3,1,E01021713,0
Unvalidated,2024421415284,2024,421415284,1,8,0,5,4,8,0,1,0,0,0,0,1,1,1,1,37,7,-1,-1,-1,-1,-1,-1,-1,0
Unvalidated,2024421415285,2024,421415285,1,9,0,18,3,7,0,4,5,9,1,0,1,1,6,1,80,11,-1,-1,-1,-1,6,3,E01021380,0
Unvalidated,2024421415350,2024,421415350,1,9,0,9,1,5,0,2,0,0,0,0,4,1,6,1,18,4,-1,-1,-1,-1,9,2,E01021973,0
Unvalidated,2024421415350,2024,421415350,2,9,0,18,1,5,0,2,0,0,0,0,1,1,6,2,44,7,-1,-1,-1,-1,-1,-1,-1,0
Unvalidated,2024421415571,2024,421415571,1,3,0,18,8,4,0,2,0,0,0,0,1,1,6,1,23,5,-1,-1,-1,-1,5,1,E01021417,0
Unvalidated,2024421415595,2024,421415595,1,9,0,18,3,7,0,0,1,10,7,0,4,1,6,1,19,4,-1,-1,-1,-1,7,1,E01015876,0
Unvalidated,2024421415595,2024,421415595,2,9,0,2,0,0,9,0,0,0,0,0,2,1,6,3,-1,-1,-1,-1,-1,-1,-1,-1,-1,0
Unvalidated,2024421415595,2024,421415595,3,9,0,2,0,0,9,0,0,0,0,0,4,1,6,3,-1,-1,-1,-1,-1,-1,-1,-1,-1,0
Unvalidated,2024421415597,2024,421415597,1,9,0,9,1,5,0,6,0,0,0,0,1,1,6,2,57,9,-1,-1,-1,-1,5,1,E01021720,0
Unvalidated,2024421415597,2024,421415597,2,9,0,18,5,3,0,8,0,0,0,0,1,1,2,2,33,6,-1,-1,-1,-1,2,1,E01021638,0
Unvalidated,2024421415869,2024,421415869,1,9,0,9,8,6,0,0,0,0,0,0,1,1,5,1,74,10,-1,-1,-1,-1,4,1,E01021640,0
Unvalidated,2024421415869,2024,421415869,2,9,0,18,4,8,0,0,0,0,0,0,3,1,5,2,55,8,-1,-1,-1,-1,8,2,E01021734,0
Unvalidated,2024421415950,2024,421415950,1,9,0,18,1,5,0,8,0,0,0,0,1,1,6,1,26,6,-1,-1,-1,-1,1,1,E01015875,0
Unvalidated,2024421415950,2024,421415950,2,9,0,5,1,2,0,8,0,7,0,0,4,1,6,1,34,6,-1,-1,-1,-1,1,1,E01015895,0
Unvalidated,2024421415960,2024,421415960,1,3,0,18,7,3,0,0,0,0,0,0,1,1,5,1,18,4,-1,-1,-1,-1,-1,-1,-1,0
Unvalidated,2024421415960,2024,421415960,2,9,0,18,7,3,0,0,0,0,0,0,2,1,6,1,46,8,-1,-1,-1,-1,9,1,E01021682,0
Unvalidated,2024421416050,2024,421416050,1,9,0,18,3,7,0,1,0,0,0,0,1,1,5,1,17,4,-1,-1,-1,-1,7,1,E01015849,0
Unvalidated,2024421416159,2024,421416159,1,9,0,18,4,8,0,0,0,0,0,0,1,1,2,1,65,9,-1,-1,-1,-1,10,1,E01021585,0
Unvalidated,2024421416159,2024,421416159,2,9,0,4,4,8,0,0,0,0,0,0,2,1,5,2,50,8,-1,-1,-1,-1,9,1,E01021238,0
Unvalidated,2024421416186,2024,421416186,1,9,0,18,2,6,0,0,0,0,0,0,1,1,5,1,19,4,-1,-1,-1,-1,5,2,E01029874,0
Unvalidated,2024421416186,2024,421416186,2,9,0,18,2,6,0,0,0,0,0,0,2,1,5,1,33,6,-1,-1,-1,-1,3,1,E01022055,0
Unvalidated,2024421416219,2024,421416219,1,19,0,9,4,1,0,6,0,0,0,0,3,1,5,2,32,6,-1,-1,-1,-1,1,1,E01016010,0
Unvalidated,2024421416219,2024,421416219,2,9,0,18,1,5,0,8,0,0,1,11,1,1,5,1,41,7,-1,-1,-1,-1,1,1,E01016007,0
Unvalidated,2024421416307,2024,421416307,1,9,0,18,3,7,0,0,0,0,0,0,1,1,5,1,74,10,-1,-1,-1,-1,4,2,E01015923,0
Unvalidated,2024421416310,2024,421416310,1,9,0,5,1,3,0,0,0,0,0,0,1,1,5,2,21,5,-1,-1,-1,-1,7,3,E01021902,0
Unvalidated,2024421416310,2024,421416310,2,9,0,18,7,3,0,0,0,0,1,4,4,1,5,1,33,6,-1,-1,-1,-1,3,1,E01021889,0
Unvalidated,2024421416337,2024,421416337,1,9,0,18,3,7,0,0,0,0,0,0,1,1,5,3,15,3,-1,-1,-1,-1,3,1,E01003534,0
Unvalidated,2024421416337,2024,421416337,2,9,0,18,3,7,0,0,0,0,0,0,0,1,5,3,34,6,-1,-1,-1,-1,-1,-1,-1,0
Unvalidated,2024421416337,2024,421416337,3,9,0,18,3,7,0,0,0,0,0,0,4,1,5,1,47,8,-1,-1,-1,-1,2,1,E01000101,0
Unvalidated,2024421416337,2024,421416337,4,9,0,18,3,7,0,0,0,0,0,0,3,1,5,1,40,7,-1,-1,-1,-1,10,1,E01002389,0
Unvalidated,2024421416472,2024,421416472,1,9,0,5,5,7,0,4,0,0,0,0,1,1,5,2,40,7,-1,-1,-1,-1,5,2,E01015926,0
Unvalidated,2024421416472,2024,421416472,2,9,0,18,4,7,0,3,0,0,0,0,4,1,5,1,42,7,-1,-1,-1,-1,9,1,E01002263,0
Unvalidated,2024421416512,2024,421416512,1,9,0,11,1,5,0,0,0,0,0,0,1,1,2,1,20,4,-1,-1,-1,-1,9,1,E01015998,0
Unvalidated,2024421416512,2024,421416512,2,9,0,18,1,5,0,0,0,0,0,0,2,1,5,1,45,7,-1,-1,-1,-1,2,1,E01016068,0
Unvalidated,2024421416541,2024,421416541,1,4,0,18,-1,-1,0,0,2,0,0,0,1,1,5,1,45,7,-1,-1,-1,-1,2,1,E01021686,0
Unvalidated,2024421416635,2024,421416635,1,9,0,18,1,1,0,0,2,0,0,0,4,1,2,2,36,7,-1,-1,-1,-1,9,1,E01022080,0
Unvalidated,2024421416636,2024,421416636,1,9,0,18,5,1,0,0,0,0,1,4,1,1,6,2,26,6,-1,-1,-1,-1,5,3,E01021414,0
Unvalidated,2024421416663,2024,421416663,1,21,0,12,7,3,0,0,0,0,0,0,1,2,1,1,42,7,-1,-1,-1,-1,-1,-1,-1,0
Unvalidated,2024421416663,2024,421416663,2,9,0,18,7,3,0,0,0,0,0,0,2,1,5,2,46,8,-1,-1,-1,-1,6,1,E01023929,0
Unvalidated,2024421416664,2024,421416664,1,9,0,18,-1,-1,0,0,0,0,0,0,1,1,6,3,-1,-1,-1,-1,-1,-1,-1,-1,-1,0
Unvalidated,2024421416758,2024,421416758,1,9,0,18,3,7,0,0,0,0,0,0,1,1,2,1,54,8,-1,-1,-1,-1,9,1,E01021481,0
Unvalidated,2024421416758,2024,421416758,2,9,0,18,3,7,0,0,0,0,0,0,2,1,6,1,46,8,-1,-1,-1,-1,10,1,E01021243,0
Unvalidated,2024421416758,2024,421416758,3,9,0,18,3,7,0,0,0,0,0,0,2,1,6,2,47,8,-1,-1,-1,-1,2,1,E01021286,0
Unvalidated,2024421416758,2024,421416758,4,9,0,18,3,7,0,0,0,0,0,0,2,1,6,1,55,8,-1,-1,-1,-1,5,2,E01021921,0
Unvalidated,2024421416789,2024,421416789,1,9,0,18,3,7,0,0,0,0,0,0,1,1,6,2,76,11,-1,-1,-1,-1,6,1,E01021930,0
Unvalidated,2024421416805,2024,421416805,1,5,0,18,2,6,0,0,1,0,1,0,3,1,2,1,27,6,-1,-1,-1,-1,4,1,E01021833,0
Unvalidated,2024421416960,2024,421416960,1,9,0,18,5,1,0,1,0,0,0,0,1,1,5,1,46,8,-1,-1,-1,-1,-1,-1,-1,0
Unvalidated,2024421416960,2024,421416960,2,9,0,3,5,1,0,1,0,0,0,0,1,1,5,1,54,8,-1,-1,-1,-1,-1,-1,-1,0
Unvalidated,2024421416960,2024,421416960,3,9,0,10,5,1,0,1,0,0,0,0,2,1,5,1,68,10,-1,-1,-1,-1,-1,-1,-1,0
Unvalidated,2024421416986,2024,421416986,1,9,0,9,3,1,0,0,0,0,0,0,1,1,6,1,56,9,-1,-1,-1,-1,4,1,E01021283,0
Unvalidated,2024421416986,2024,421416986,2,9,0,3,3,7,0,0,0,0,0,0,1,1,2,2,42,7,-1,-1,-1,-1,3,1,E01021276,0
Unvalidated,2024421417017,2024,421417017,1,8,0,18,2,2,0,1,0,0,0,0,1,1,5,1,28,6,-1,-1,-1,-1,9,1,E01021825,0
Unvalidated,2024421417017,2024,421417017,2,9,0,9,4,6,0,1,0,0,0,0,1,1,5,1,44,7,-1,-1,-1,-1,7,1,E01026924,0
Unvalidated,2024421417037,2024,421417037,1,98,4,18,3,7,0,0,0,0,0,0,4,2,1,1,56,9,-1,-1,-1,-1,-1,-1,-1,0
Unvalidated,2024421417037,2024,421417037,2,9,0,18,3,7,0,0,0,0,0,0,3,1,5,1,50,8,-1,-1,-1,-1,3,1,E01021862,0
Unvalidated,2024421417105,2024,421417105,1,22,0,18,3,7,0,6,0,0,0,0,1,1,6,2,81,11,-1,-1,-1,-1,5,1,E01021518,0
Unvalidated,2024421417107,2024,421417107,1,9,0,6,1,6,0,1,0,0,0,0,4,1,6,1,67,10,-1,-1,-1,-1,3,1,E01021291,0
Unvalidated,2024421417126,2024,421417126,1,9,0,18,7,3,0,1,0,0,0,0,1,1,6,1,26,6,-1,-1,-1,-1,8,1,E01002287,0
Unvalidated,2024421417126,2024,421417126,2,9,0,10,7,5,0,1,0,0,0,0,2,1,6,2,33,6,-1,-1,-1,-1,10,1,E01021548,0
Unvalidated,2024421417140,2024,421417140,1,19,0,18,7,3,0,0,0,0,0,0,4,1,6,3,-1,-1,-1,-1,-1,-1,-1,-1,-1,0
Unvalidated,2024421417146,2024,421417146,1,9,0,9,1,7,0,8,0,0,0,0,1,1,2,1,21,5,-1,-1,-1,-1,8,1,E01021257,0
Unvalidated,2024421417146,2024,421417146,2,9,0,18,3,7,0,1,0,4,0,0,3,1,2,2,43,7,-1,-1,-1,-1,6,1,E01021930,0
Unvalidated,2024421417146,2024,421417146,3,9,0,2,7,7,0,2,1,0,0,0,2,1,6,3,-1,-1,-1,-1,-1,-1,-1,-1,-1,0
Unvalidated,2024421417176,2024,421417176,1,9,0,18,2,5,0,0,2,10,7,0,4,1,5,1,60,9,-1,-1,-1,-1,5,3,E01021901,0
Unvalidated,2024421417177,2024,421417177,1,9,0,18,3,7,0,2,0,0,0,0,1,1,6,1,45,7,-1,-1,-1,-1,-1,-1,-1,0
Unvalidated,2024421417177,2024,421417177,2,9,0,3,3,1,0,1,0,0,0,0,2,1,5,2,51,8,-1,-1,-1,-1,8,2,E01021731,0
Unvalidated,2024421417180,2024,421417180,1,9,-1,6,-1,-1,0,0,0,0,0,0,-1,1,6,3,-1,-1,-1,-1,-1,-1,-1,-1,-1,0
Unvalidated,2024421417180,2024,421417180,2,3,0,18,-1,-1,0,0,0,0,0,0,3,1,6,1,29,6,-1,-1,-1,-1,6,2,E01015950,0
Unvalidated,2024421417215,2024,421417215,1,9,0,1,7,3,0,0,0,0,0,0,2,1,6,1,23,5,-1,-1,-1,-1,1,1,E01015841,0
Unvalidated,2024421417215,2024,421417215,2,9,0,2,0,0,0,0,0,0,0,0,2,1,6,3,-1,-1,-1,-1,-1,-1,-1,-1,-1,0
Unvalidated,2024421417260,2024,421417260,1,8,0,-1,-1,-1,-1,0,-1,-1,-1,0,-1,1,6,3,-1,-1,-1,-1,-1,-1,-1,-1,-1,0
Unvalidated,2024421417260,2024,421417260,2,9,0,-1,-1,-1,-1,0,-1,-1,-1,0,-1,1,6,3,-1,-1,-1,-1,-1,-1,-1,-1,-1,0
Unvalidated,2024421417260,2024,421417260,3,9,0,-1,-1,-1,-1,0,-1,-1,-1,0,-1,1,6,3,-1,-1,-1,-1,-1,-1,-1,-1,-1,0
Unvalidated,2024421417272,2024,421417272,1,9,0,18,3,7,0,0,1,7,5,6,3,1,6,2,-1,-1,-1,-1,-1,-1,3,1,E01000092,0
Unvalidated,2024421417272,2024,421417272,2,98,1,18,3,7,0,0,0,0,0,0,4,1,1,1,61,9,-1,-1,-1,-1,-1,-1,-1,0
Unvalidated,2024421417298,2024,421417298,1,9,0,18,2,6,0,1,0,0,0,0,1,1,6,2,36,7,-1,-1,-1,-1,8,2,E01021537,0
Unvalidated,2024421417298,2024,421417298,2,9,0,3,2,6,0,1,0,0,0,0,2,1,2,2,26,6,-1,-1,-1,-1,10,1,E01021548,0
Unvalidated,2024421417298,2024,421417298,3,9,0,18,3,6,0,4,0,0,0,0,0,1,6,3,-1,-1,-1,-1,-1,-1,-1,-1,-1,0
Unvalidated,2024421417482,2024,421417482,1,9,0,18,8,4,0,0,0,0,0,0,1,1,6,2,27,6,-1,-1,-1,-1,3,1,E01011040,0
Unvalidated,2024421417482,2024,421417482,2,19,0,4,8,4,0,0,0,0,0,0,2,1,1,1,21,5,-1,-1,-1,-1,2,1,E01016136,0
Unvalidated,2024421417497,2024,421417497,1,9,0,18,7,3,0,3,0,0,0,0,1,1,6,1,30,6,-1,-1,-1,-1,-1,-1,-1,0
Unvalidated,2024421417497,2024,421417497,2,3,0,5,5,1,0,3,0,0,0,0,4,1,6,1,29,6,-1,-1,-1,-1,5,1,E01015993,0
Unvalidated,2024421417518,2024,421417518,1,9,0,18,1,5,0,1,0,0,0,0,1,1,6,3,-1,-1,-1,-1,-1,-1,-1,-1,-1,0
Unvalidated,2024421417518,2024,421417518,2,9,0,9,5,2,0,8,0,0,0,0,4,1,5,1,64,9,-1,-1,-1,-1,4,1,E01021777,0
Unvalidated,2024421417599,2024,421417599,1,19,0,5,5,1,0,0,0,0,0,0,1,1,1,1,59,9,-1,-1,-1,-1,10,1,E01021958,0
Unvalidated,2024421417602,2024,421417602,1,19,2,3,3,1,0,3,0,0,0,0,-1,1,6,1,17,4,-1,-1,-1,-1,3,1,E01015884,0
Unvalidated,2024421417602,2024,421417602,2,9,0,3,3,1,0,3,0,0,0,0,1,1,6,2,27,6,-1,-1,-1,-1,6,1,E01021258,0
Unvalidated,2024421417619,2024,421417619,1,9,0,18,3,7,0,0,0,0,0,0,1,1,6,2,19,4,-1,-1,-1,-1,1,1,E01030021,0
Unvalidated,2024421417619,2024,421417619,2,9,0,3,3,7,0,0,0,0,0,0,2,1,6,2,53,8,-1,-1,-1,-1,7,3,E01029871,0
Unvalidated,2024421417627,2024,421417627,1,9,0,9,5,3,0,0,0,0,0,0,4,1,5,2,29,6,-1,-1,-1,-1,4,1,E01022041,0
Unvalidated,2024421417627,2024,421417627,2,1,0,15,1,5,9,0,0,0,1,0,0,1,2,2,48,8,-1,-1,-1,-1,3,1,E01022044,0
Unvalidated,2024421417646,2024,421417646,1,9,0,18,-1,-1,0,3,0,0,0,0,-1,1,6,3,-1,-1,-1,-1,-1,-1,-1,-1,-1,0
Unvalidated,2024421417646,2024,421417646,2,9,0,18,-1,-1,0,3,0,0,0,0,3,1,5,2,22,5,-1,-1,-1,-1,6,3,E01021380,0
Unvalidated,2024421417680,2024,421417680,1,9,0,18,6,2,0,0,0,0,0,0,3,1,5,2,76,11,-1,-1,-1,-1,7,3,E01021913,0
Unvalidated,2024421417680,2024,421417680,2,19,0,18,2,6,0,0,0,0,0,0,3,1,1,2,35,6,-1,-1,-1,-1,5,1,E01021890,0
Unvalidated,2024421417695,2024,421417695,1,9,0,8,7,4,0,2,0,0,0,0,4,1,5,2,22,5,-1,-1,-1,-1,7,1,E01021952,0
Unvalidated,2024421417695,2024,421417695,2,3,0,18,5,3,0,2,5,0,1,0,1,1,6,1,40,7,-1,-1,-1,-1,6,1,E01015915,0
Unvalidated,2024421417716,2024,421417716,1,9,0,18,3,7,0,0,0,0,1,2,4,1,5,1,61,9,-1,-1,-1,-1,8,1,E01015974,0
Unvalidated,2024421417735,2024,421417735,1,9,0,18,1,5,0,0,1,0,0,0,3,1,6,1,28,6,-1,-1,-1,-1,8,1,E01023704,0
Unvalidated,2024421417735,2024,421417735,2,9,0,18,5,1,0,0,0,0,0,0,1,1,1,2,38,7,-1,-1,-1,-1,-1,-1,-1,0