status,collision_index,collision_year,collision_reference,vehicle_reference,vehicle_type,towing_and_articulation,vehicle_manoeuvre,vehicle_direction_from,vehicle_direction_to,vehicle_location_restricted_lane,junction_location,skidding_and_overturning,hit_object_in_carriageway,vehicle_leaving_carriageway,hit_object_off_carriageway,first_point_of_impact,vehicle_left_hand_drive,journey_purpose_of_driver,sex_of_driver,age_of_driver,age_band_of_driver,engine_capacity_cc,propulsion_code,age_of_vehicle,generic_make_model,driver_imd_decile,driver_home_area_type,lsoa_of_driver,escooter_flag
Unvalidated,2024421417793,2024,421417793,1,9,0,9,1,7,0,2,0,0,0,0,1,1,6,1,40,7,-1,-1,-1,-1,2,1,E01033491,0
Unvalidated,2024421417860,2024,421417860,1,9,0,5,1,5,0,0,0,4,0,0,3,1,5,2,22,5,-1,-1,-1,-1,6,1,E01021355,0
Unvalidated,2024421417860,2024,421417860,2,9,0,18,5,1,0,0,0,0,0,0,3,1,2,2,35,6,-1,-1,-1,-1,2,1,E01021354,0
Unvalidated,2024421417860,2024,421417860,3,9,0,2,0,0,0,0,0,4,0,0,3,1,6,3,-1,-1,-1,-1,-1,-1,-1,-1,-1,0
Unvalidated,2024421417860,2024,421417860,4,9,0,2,0,0,0,0,0,0,0,0,2,1,6,3,-1,-1,-1,-1,-1,-1,-1,-1,-1,0
Unvalidated,2024421417863,2024,421417863,1,9,0,13,7,3,0,0,0,0,0,0,3,1,1,2,33,6,-1,-1,-1,-1,8,1,E01021544,0
Unvalidated,2024421417863,2024,421417863,2,90,0,18,5,1,9,0,0,0,0,0,1,1,6,1,17,4,-1,-1,-1,-1,8,1,E01033612,1
Unvalidated,2024421417919,2024,421417919,1,9,0,18,2,6,0,0,0,0,0,0,1,1,6,3,-1,-1,-1,-1,-1,-1,-1,-1,-1,0
Unvalidated,2024421417919,2024,421417919,2,9,0,3,2,6,0,0,0,0,0,0,2,1,5,1,30,6,-1,-1,-1,-1,9,2,E01021458,0
Unvalidated,2024421417983,2024,421417983,1,1,0,18,5,1,0,0,0,0,0,0,1,1,5,1,65,9,-1,-1,-1,-1,4,1,E01002016,0
Unvalidated,2024421417997,2024,421417997,1,9,0,9,5,4,0,0,0,0,0,0,4,1,3,1,44,7,-1,-1,-1,-1,2,1,E01015929,0
Unvalidated,2024421417997,2024,421417997,2,9,0,18,5,4,0,0,0,0,0,0,4,1,1,1,27,6,-1,-1,-1,-1,2,1,E01001761,0
Unvalidated,2024421418126,2024,421418126,1,3,0,13,5,1,0,1,2,0,7,0,1,1,6,1,17,4,-1,-1,-1,-1,3,1,E01021273,0
Unvalidated,2024421418126,2024,421418126,2,9,0,9,5,3,0,1,0,0,0,0,3,1,6,1,66,10,-1,-1,-1,-1,7,1,E01021344,0
Unvalidated,2024421418126,2024,421418126,3,19,0,2,2,2,0,1,0,0,0,0,3,1,6,3,-1,-1,-1,-1,-1,-1,-1,-1,-1,0
Unvalidated,2024421418132,2024,421418132,1,9,0,18,1,5,0,0,0,0,0,0,4,1,2,1,42,7,-1,-1,-1,-1,-1,-1,-1,0
Unvalidated,2024421418132,2024,421418132,2,1,0,5,3,7,0,0,0,0,0,0,3,1,6,1,13,3,-1,-1,-1,-1,-1,-1,-1,0
Unvalidated,2024421418272,2024,421418272,1,1,0,18,7,3,9,1,0,0,0,0,1,1,6,3,-1,-1,-1,-1,-1,-1,-1,-1,-1,0
Unvalidated,2024421418272,2024,421418272,2,9,0,5,7,8,0,1,0,0,0,0,1,1,6,1,39,7,-1,-1,-1,-1,2,1,E01015828,0
Unvalidated,2024421418547,2024,421418547,1,9,0,3,1,5,0,1,0,0,0,0,0,1,1,1,26,6,-1,-1,-1,-1,2,1,E01021998,0
Unvalidated,2024421418561,2024,421418561,1,9,0,5,5,1,0,8,0,0,0,0,1,1,3,2,45,7,-1,-1,-1,-1,4,1,E01015870,0
Unvalidated,2024421418561,2024,421418561,2,1,0,18,7,3,0,1,0,0,0,0,3,1,6,1,47,8,-1,-1,-1,-1,1,1,E01015852,0
Unvalidated,2024421418587,2024,421418587,1,9,0,18,7,3,0,0,0,0,0,0,1,1,5,2,82,11,-1,-1,-1,-1,8,3,E01022057,0
Unvalidated,2024421418587,2024,421418587,2,9,0,18,3,7,0,0,0,0,0,0,1,1,5,1,48,8,-1,-1,-1,-1,7,3,E01022097,0
Unvalidated,2024421418587,2024,421418587,3,9,0,18,7,3,0,0,0,0,0,0,1,1,5,2,48,8,-1,-1,-1,-1,7,3,E01022097,0
Unvalidated,2024421418724,2024,421418724,1,8,0,18,5,1,0,0,5,0,0,0,1,1,1,1,72,10,-1,-1,-1,-1,6,1,E01002365,0
Unvalidated,2024421418859,2024,421418859,1,3,0,18,5,1,0,6,0,0,0,0,1,1,1,1,21,5,-1,-1,-1,-1,10,1,E01021519,0
Unvalidated,2024421418859,2024,421418859,2,9,0,18,3,7,0,8,0,0,0,0,4,1,6,1,85,11,-1,-1,-1,-1,2,1,E01021278,0
Unvalidated,2024421418864,2024,421418864,1,9,0,18,3,7,0,0,0,0,0,0,0,1,6,3,-1,-1,-1,-1,-1,-1,-1,-1,-1,0
Unvalidated,2024421418864,2024,421418864,2,9,0,18,3,7,0,0,1,0,0,0,1,1,5,2,30,6,-1,-1,-1,-1,8,1,E01021783,0
Unvalidated,2024421418946,2024,421418946,1,9,0,18,3,7,0,0,0,0,1,0,1,1,2,1,22,5,-1,-1,-1,-1,7,3,E01033057,0
Unvalidated,2024421418946,2024,421418946,2,9,0,18,7,3,0,0,0,0,1,0,1,1,5,1,48,8,-1,-1,-1,-1,9,2,E01021873,0
Unvalidated,2024421418950,2024,421418950,1,1,0,18,8,5,0,2,0,0,1,2,4,1,6,1,16,4,-1,-1,-1,-1,5,1,E01021522,0
Unvalidated,2024421419042,2024,421419042,1,9,0,18,1,5,0,0,0,0,0,0,1,1,5,2,75,10,-1,-1,-1,-1,5,1,E01015827,0
Unvalidated,2024421419069,2024,421419069,1,9,0,18,5,1,0,0,1,0,0,0,1,1,6,1,44,7,-1,-1,-1,-1,-1,-1,-1,0
Unvalidated,2024421419069,2024,421419069,2,9,0,18,5,1,0,0,0,0,0,0,2,1,5,1,26,6,-1,-1,-1,-1,-1,-1,-1,0
Unvalidated,2024421419069,2024,421419069,3,9,0,18,1,5,0,0,0,0,0,0,1,1,6,1,37,7,-1,-1,-1,-1,-1,-1,-1,0
Unvalidated,2024421419086,2024,421419086,1,19,0,9,1,7,0,1,0,0,0,0,3,1,1,1,23,5,-1,-1,-1,-1,8,1,E01021891,0
Unvalidated,2024421419086,2024,421419086,2,19,0,18,7,3,0,8,0,0,0,0,1,1,5,1,75,10,-1,-1,-1,-1,1,1,E01015917,0
Unvalidated,2024421419107,2024,421419107,1,19,0,18,1,5,0,0,0,0,0,0,1,1,2,1,26,6,-1,-1,-1,-1,10,1,E01023443,0
Unvalidated,2024421419107,2024,421419107,2,9,0,4,1,5,0,0,0,0,0,0,2,1,2,2,56,9,-1,-1,-1,-1,6,1,E01001160,0
Unvalidated,2024421419107,2024,421419107,3,9,0,4,1,5,0,0,0,0,0,0,2,1,2,1,40,7,-1,-1,-1,-1,3,1,E01003720,0
Unvalidated,2024421419107,2024,421419107,4,9,0,4,1,5,0,0,0,0,0,0,2,1,2,1,58,9,-1,-1,-1,-1,4,1,E01001090,0
Unvalidated,2024421419107,2024,421419107,5,9,0,18,1,5,0,0,0,0,0,0,1,1,2,2,24,5,-1,-1,-1,-1,4,2,E01026279,0
Unvalidated,2024421419131,2024,421419131,1,9,0,9,3,1,0,1,0,0,0,0,1,1,5,1,50,8,-1,-1,-1,-1,4,1,E01015873,0
Unvalidated,2024421419131,2024,421419131,2,4,0,18,7,3,0,1,1,0,0,0,1,1,5,1,43,7,-1,-1,-1,-1,5,3,E01021644,0
Unvalidated,2024421419235,2024,421419235,1,9,0,-1,-1,-1,-1,0,-1,-1,-1,0,-1,1,6,3,-1,-1,-1,-1,-1,-1,-1,-1,-1,0
Unvalidated,2024421419235,2024,421419235,2,9,0,4,7,3,0,0,0,0,0,0,1,1,6,3,-1,-1,-1,-1,-1,-1,-1,-1,-1,0
Unvalidated,2024421419235,2024,421419235,3,9,0,3,7,3,0,0,0,0,0,0,2,1,6,2,63,9,-1,-1,-1,-1,10,3,E01022070,0
Unvalidated,2024421419264,2024,421419264,1,20,0,4,3,7,0,4,0,0,0,0,1,1,6,3,-1,-1,-1,-1,-1,-1,-1,-1,-1,0
Unvalidated,2024421419264,2024,421419264,2,9,0,8,3,7,0,4,0,0,0,0,2,1,6,2,63,9,-1,-1,-1,-1,9,1,E01021285,0
Unvalidated,2024421419283,2024,421419283,1,9,0,18,1,4,0,0,0,0,0,0,1,1,2,1,46,8,-1,-1,-1,-1,1,1,E01022032,0
Unvalidated,2024421419283,2024,421419283,2,9,0,18,4,8,0,0,5,0,1,0,1,1,2,1,34,6,-1,-1,-1,-1,9,1,E01021615,0
Unvalidated,2024421419290,2024,421419290,1,9,-1,-1,-1,-1,-1,-1,-1,-1,-1,0,1,1,6,3,-1,-1,-1,-1,-1,-1,-1,-1,-1,0
Unvalidated,2024421419294,2024,421419294,1,9,0,5,-1,-1,0,4,0,0,0,0,1,1,6,2,43,7,-1,-1,-1,-1,6,1,E01021807,0
Unvalidated,2024421419294,2024,421419294,2,1,0,18,-1,-1,0,8,0,0,0,0,4,1,2,1,31,6,-1,-1,-1,-1,5,1,E01021810,0
Unvalidated,2024421419560,2024,421419560,1,9,0,9,5,3,0,6,0,0,0,0,1,1,5,2,68,10,-1,-1,-1,-1,9,1,E01023442,0
Unvalidated,2024421419560,2024,421419560,2,9,0,5,8,8,0,2,0,0,0,0,1,1,5,2,44,7,-1,-1,-1,-1,9,1,E01021826,0
Unvalidated,2024421419672,2024,421419672,1,90,0,18,7,3,0,6,5,0,0,0,1,1,1,1,17,4,-1,-1,-1,-1,4,1,E01021277,0
Unvalidated,2024421419672,2024,421419672,2,9,0,7,5,7,0,6,0,0,0,0,4,1,5,2,74,10,-1,-1,-1,-1,4,3,E01021260,0
Unvalidated,2024421419700,2024,421419700,1,9,0,9,5,3,0,4,0,0,0,0,1,1,6,1,64,9,-1,-1,-1,-1,10,1,E01022075,0
Unvalidated,2024421419700,2024,421419700,2,9,0,18,3,7,0,3,0,0,0,0,1,1,5,2,30,6,-1,-1,-1,-1,8,3,E01022071,0
Unvalidated,2024421419722,2024,421419722,1,9,0,18,6,2,0,2,0,0,0,0,1,1,6,1,60,9,-1,-1,-1,-1,-1,-1,-1,0
Unvalidated,2024421419722,2024,421419722,2,9,0,18,6,2,0,1,0,0,0,0,4,1,5,2,33,6,-1,-1,-1,-1,6,1,E01021373,0
Unvalidated,2024421419749,2024,421419749,1,4,0,4,7,3,0,0,1,0,0,0,0,1,6,1,62,9,-1,-1,-1,-1,-1,-1,-1,0
Unvalidated,2024421419781,2024,421419781,1,9,0,18,3,7,0,1,0,0,0,0,1,1,6,3,-1,-1,-1,-1,-1,-1,-1,-1,-1,0
Unvalidated,2024421419781,2024,421419781,2,9,0,3,3,5,0,1,0,0,0,0,2,1,1,1,50,8,-1,-1,-1,-1,2,1,E01015896,0
Unvalidated,2024421419802,2024,421419802,1,9,0,18,7,3,0,0,0,0,0,0,1,1,5,2,56,9,-1,-1,-1,-1,10,1,E01033721,0
Unvalidated,2024421419802,2024,421419802,2,9,0,18,3,7,0,0,0,0,0,0,1,1,5,2,23,5,-1,-1,-1,-1,2,1,E01021370,0
Unvalidated,2024421419811,2024,421419811,1,9,0,18,6,2,0,0,0,0,0,0,1,1,6,2,41,7,-1,-1,-1,-1,8,2,E01021760,0
Unvalidated,2024421419811,2024,421419811,2,9,0,3,5,2,0,0,0,0,0,0,1,1,5,2,57,9,-1,-1,-1,-1,6,1,E01004379,0
Unvalidated,2024421419811,2024,421419811,3,9,-1,10,5,2,0,0,0,0,0,0,-1,1,6,3,-1,-1,-1,-1,-1,-1,-1,-1,-1,0
Unvalidated,2024421419814,2024,421419814,1,9,0,18,3,7,0,1,1,0,0,0,1,1,6,1,81,11,-1,-1,-1,-1,3,1,E01021975,0
Unvalidated,2024421419814,2024,421419814,2,9,0,10,3,7,0,5,0,0,0,0,2,1,6,2,65,9,-1,-1,-1,-1,2,1,E01022039,0
Unvalidated,2024421419821,2024,421419821,1,9,-1,12,7,3,0,0,0,0,0,0,4,1,6,3,-1,-1,-1,-1,-1,-1,-1,-1,-1,0
Unvalidated,2024421419821,2024,421419821,2,19,0,12,7,3,0,0,0,0,0,0,3,1,1,2,44,7,-1,-1,-1,-1,9,2,E01021899,0
Unvalidated,2024421419984,2024,421419984,1,9,0,18,8,4,0,0,0,0,0,0,1,1,6,2,45,7,-1,-1,-1,-1,8,3,E01021382,0
Unvalidated,2024421419984,2024,421419984,2,9,0,18,2,8,0,0,0,0,0,0,1,1,1,1,61,9,-1,-1,-1,-1,10,3,E01021409,0
Unvalidated,2024421420028,2024,421420028,1,9,0,18,1,5,0,0,1,11,7,0,3,1,5,1,24,5,-1,-1,-1,-1,10,1,E01021246,0
Unvalidated,2024421420150,2024,421420150,1,9,0,9,8,7,0,0,0,0,0,0,1,1,6,1,80,11,-1,-1,-1,-1,-1,-1,-1,0
Unvalidated,2024421420150,2024,421420150,2,9,0,18,7,5,0,0,0,0,0,0,1,1,2,2,46,8,-1,-1,-1,-1,-1,-1,-1,0
Unvalidated,2024421420191,2024,421420191,1,9,0,18,1,7,0,8,0,0,1,2,3,1,5,1,64,9,-1,-1,-1,-1,4,1,E01021822,0
Unvalidated,2024421420191,2024,421420191,2,9,0,18,1,7,0,8,0,0,0,0,4,1,5,1,56,9,-1,-1,-1,-1,6,1,E01003285,0
Unvalidated,2024421420194,2024,421420194,1,98,0,18,2,7,0,0,0,0,0,0,4,1,5,1,45,7,-1,-1,-1,-1,-1,-1,-1,0
Unvalidated,2024421420194,2024,421420194,2,9,0,4,3,7,0,0,0,0,0,0,3,1,6,2,34,6,-1,-1,-1,-1,4,1,E01021818,0
Unvalidated,2024421420264,2024,421420264,1,9,0,18,3,7,0,0,0,0,0,0,1,1,5,1,29,6,-1,-1,-1,-1,-1,-1,-1,0
Unvalidated,2024421420264,2024,421420264,2,19,0,18,7,2,0,0,0,0,0,0,3,1,2,1,28,6,-1,-1,-1,-1,-1,-1,-1,0
Unvalidated,2024421420264,2024,421420264,3,9,0,18,7,2,0,0,0,0,0,0,3,1,5,2,48,8,-1,-1,-1,-1,9,1,E01021675,0
Unvalidated,2024421420264,2024,421420264,4,9,0,18,7,2,0,0,0,0,0,0,3,1,5,2,54,8,-1,-1,-1,-1,3,1,E01004411,0
Unvalidated,2024421420478,2024,421420478,1,9,0,18,8,4,0,0,0,0,0,0,1,1,1,1,54,8,-1,-1,-1,-1,4,1,E01015952,0
Unvalidated,2024421420720,2024,421420720,1,11,0,18,6,3,0,0,0,0,0,0,1,1,1,1,50,8,-1,-1,-1,-1,7,1,E01015837,0
Unvalidated,2024421420726,2024,421420726,1,9,0,18,7,7,0,0,0,0,7,0,1,1,6,1,36,7,-1,-1,-1,-1,4,1,E01002342,0
Unvalidated,2024421420782,2024,421420782,1,9,0,18,5,1,0,0,0,0,0,0,1,1,5,2,40,7,-1,-1,-1,-1,2,1,E01015929,0
Unvalidated,2024421420782,2024,421420782,2,9,0,18,5,1,0,0,0,0,0,0,2,1,5,2,77,11,-1,-1,-1,-1,-1,-1,-1,0
Unvalidated,2024421420856,2024,421420856,1,9,0,18,6,2,0,0,0,0,0,0,1,1,2,1,44,7,-1,-1,-1,-1,10,1,E01021447,0
Unvalidated,2024421420856,2024,421420856,2,9,0,18,6,2,0,0,0,0,0,0,2,1,5,2,43,7,-1,-1,-1,-1,-1,-1,-1,0
Unvalidated,2024421420871,2024,421420871,1,9,0,9,0,1,0,6,0,0,0,0,1,1,5,2,38,7,-1,-1,-1,-1,6,1,E01021553,0
Unvalidated,2024421420871,2024,421420871,2,9,0,18,1,1,0,8,0,0,0,0,3,1,2,1,41,7,-1,-1,-1,-1,7,1,E01021552,0
Unvalidated,2024421420973,2024,421420973,1,9,0,18,7,3,0,0,2,4,0,0,1,1,6,1,59,9,-1,-1,-1,-1,10,1,E01015910,0
Unvalidated,2024421420973,2024,421420973,2,9,0,2,0,0,0,0,0,0,1,0,2,1,2,1,24,5,-1,-1,-1,-1,8,1,E01021528,0
Unvalidated,2024421421066,2024,421421066,1,3,0,18,3,7,0,1,0,0,0,0,1,1,1,1,25,5,-1,-1,-1,-1,8,2,E01021801,0
Unvalidated,2024421421066,2024,421421066,2,9,0,10,3,1,0,1,0,0,0,0,2,1,5,2,48,8,-1,-1,-1,-1,4,1,E01021844,0
Unvalidated,2024421421085,2024,421421085,1,9,0,18,4,2,0,2,0,0,0,0,3,1,6,1,26,6,-1,-1,-1,-1,2,1,E01015934,0
Unvalidated,2024421421098,2024,421421098,1,9,0,9,1,7,0,8,0,0,0,0,1,1,5,1,26,6,-1,-1,-1,-1,4,1,E01022022,0
Unvalidated,2024421421098,2024,421421098,2,9,0,18,5,1,0,8,0,0,0,0,1,1,5,2,38,7,-1,-1,-1,-1,9,2,E01021736,0
Unvalidated,2024421421098,2024,421421098,3,11,0,9,7,5,0,1,0,0,0,0,1,1,1,1,53,8,-1,-1,-1,-1,2,1,E01022006,0
Unvalidated,2024421421098,2024,421421098,4,9,0,10,1,7,0,8,0,0,0,0,3,1,5,1,55,8,-1,-1,-1,-1,1,1,E01021968,0
Unvalidated,2024421421155,2024,421421155,1,9,0,9,5,3,0,0,0,0,0,0,3,1,2,2,36,7,-1,-1,-1,-1,7,1,E01021582,0
Unvalidated,2024421421155,2024,421421155,2,9,0,18,3,7,0,0,0,0,0,0,1,1,2,1,57,9,-1,-1,-1,-1,9,3,E01021568,0
Unvalidated,2024421421156,2024,421421156,1,19,0,18,7,3,0,8,0,0,0,0,1,1,1,1,24,5,-1,-1,-1,-1,1,1,E01015895,0
Unvalidated,2024421421156,2024,421421156,2,9,0,7,7,1,0,8,0,0,1,4,2,1,5,2,47,8,-1,-1,-1,-1,9,1,E01021937,0
Unvalidated,2024421421228,2024,421421228,1,9,0,12,6,2,0,0,0,0,0,0,3,1,5,1,43,7,-1,-1,-1,-1,2,1,E01021354,0
Unvalidated,2024421421303,2024,421421303,1,9,0,18,7,4,0,0,0,0,0,0,4,1,2,1,32,6,-1,-1,-1,-1,10,1,E01021941,0
Unvalidated,2024421421393,2024,421421393,1,9,0,18,8,4,0,0,1,0,7,0,1,1,5,1,75,10,-1,-1,-1,-1,8,3,E01021885,0
Unvalidated,2024421421393,2024,421421393,2,9,0,18,4,8,0,0,1,0,7,0,1,1,5,2,60,9,-1,-1,-1,-1,5,3,E01021909,0
Unvalidated,2024421421409,2024,421421409,1,9,0,18,4,6,0,0,0,0,0,0,1,1,5,2,80,11,-1,-1,-1,-1,6,3,E01021796,0
Unvalidated,2024421421409,2024,421421409,2,9,0,18,6,4,0,0,0,0,0,0,3,1,5,1,37,7,-1,-1,-1,-1,2,1,E01021771,0
Unvalidated,2024421421484,2024,421421484,1,5,0,13,4,8,0,0,2,0,0,0,4,1,5,1,53,8,-1,-1,-1,-1,2,1,E01000040,0
Unvalidated,2024421421484,2024,421421484,2,9,0,18,8,4,0,0,0,0,0,0,1,1,5,1,52,8,-1,-1,-1,-1,4,1,E01021775,0
Unvalidated,2024421421484,2024,421421484,3,9,0,18,4,8,0,0,0,0,0,0,3,1,5,1,62,9,-1,-1,-1,-1,10,1,E01023452,0
Unvalidated,2024421421518,2024,421421518,1,3,0,18,3,7,0,0,0,0,0,0,1,1,5,1,24,5,-1,-1,-1,-1,4,1,E01021841,0
Unvalidated,2024421421548,2024,421421548,1,9,0,18,7,3,0,0,0,12,0,0,1,1,6,1,40,7,-1,-1,-1,-1,7,2,E01021904,0
Unvalidated,2024421421662,2024,421421662,1,9,0,18,3,7,0,1,0,0,1,0,1,1,2,1,23,5,-1,-1,-1,-1,8,1,E01015892,0
Unvalidated,2024421421689,2024,421421689,1,9,0,18,3,7,0,0,0,0,0,0,1,1,5,1,26,6,-1,-1,-1,-1,9,1,E01021526,0
Unvalidated,2024421421692,2024,421421692,1,9,-1,5,6,2,0,6,0,0,0,0,1,1,6,3,30,6,-1,-1,-1,-1,-1,-1,-1,0
Unvalidated,2024421421692,2024,421421692,2,97,0,18,3,7,0,1,5,0,0,0,4,1,5,1,65,9,-1,-1,-1,-1,6,1,E01021308,0
Unvalidated,2024421421742,2024,421421742,1,9,0,18,1,5,0,8,0,0,0,0,1,1,5,1,31,6,-1,-1,-1,-1,-1,-1,-1,0
Unvalidated,2024421421742,2024,421421742,2,9,0,18,3,7,0,8,0,0,0,0,1,1,5,2,69,10,-1,-1,-1,-1,9,3,E01022099,0
Unvalidated,2024421421744,2024,421421744,1,9,0,18,2,6,0,0,1,0,1,0,1,1,5,1,19,4,-1,-1,-1,-1,5,3,E01024366,0
Unvalidated,2024421421779,2024,421421779,1,9,0,18,3,7,0,0,5,0,0,0,1,1,5,1,33,6,-1,-1,-1,-1,5,1,E01023358,0
Unvalidated,2024421421822,2024,421421822,1,19,0,9,2,8,0,2,0,0,0,0,3,1,1,1,53,8,-1,-1,-1,-1,8,2,E01021604,0
Unvalidated,2024421421822,2024,421421822,2,4,0,18,8,4,0,1,1,0,7,0,1,1,2,1,30,6,-1,-1,-1,-1,9,3,E01021568,0
Unvalidated,2024421421879,2024,421421879,1,1,0,18,-1,-1,0,0,1,0,0,0,1,1,6,1,14,3,-1,-1,-1,-1,8,1,E01021719,0
Unvalidated,2024421421879,2024,421421879,2,9,0,2,0,0,0,0,0,0,0,0,1,1,6,3,-1,-1,-1,-1,-1,-1,-1,-1,-1,0
Unvalidated,2024421421911,2024,421421911,1,9,0,13,7,3,0,0,0,0,0,0,3,1,2,2,49,8,-1,-1,-1,-1,9,1,E01021240,0
Unvalidated,2024421421911,2024,421421911,2,9,0,18,7,3,0,0,0,0,0,0,0,1,6,3,-1,-1,-1,-1,-1,-1,-1,-1,-1,0
Unvalidated,2024421421911,2024,421421911,3,9,0,18,3,6,0,0,0,0,7,10,1,1,2,1,34,6,-1,-1,-1,-1,8,1,E01033142,0
Unvalidated,2024421421911,2024,421421911,4,9,0,18,7,3,0,0,0,0,0,0,1,1,5,2,48,8,-1,-1,-1,-1,2,1,E01021278,0
Unvalidated,2024421421927,2024,421421927,1,9,0,18,1,5,0,1,0,0,0,0,4,1,2,2,38,7,-1,-1,-1,-1,7,1,E01015966,0
Unvalidated,2024421421962,2024,421421962,1,9,0,4,1,5,0,1,0,0,0,0,1,1,6,3,-1,-1,-1,-1,-1,-1,-1,-1,-1,0
Unvalidated,2024421421962,2024,421421962,2,3,0,3,1,5,0,1,0,0,0,0,2,1,6,2,46,8,-1,-1,-1,-1,3,1,E01016005,0
Unvalidated,2024421421966,2024,421421966,1,-1,0,5,-1,-1,0,3,0,0,0,0,1,1,6,3,-1,-1,-1,-1,-1,-1,-1,-1,-1,0
Unvalidated,2024421421966,2024,421421966,2,19,0,3,-1,-1,0,3,0,0,0,0,2,1,1,1,51,8,-1,-1,-1,-1,7,2,E01021457,0
Unvalidated,2024421421981,2024,421421981,1,9,-1,-1,-1,-1,-1,0,-1,-1,-1,0,-1,1,6,3,-1,-1,-1,-1,-1,-1,-1,-1,-1,0
Unvalidated,2024421421990,2024,421421990,1,9,0,4,1,5,0,0,0,0,0,0,1,1,6,3,-1,-1,-1,-1,-1,-1,-1,-1,-1,0
Unvalidated,2024421421990,2024,421421990,2,9,0,3,1,5,0,0,0,0,0,0,-1,1,6,1,65,9,-1,-1,-1,-1,3,3,E01022019,0
Unvalidated,2024421421991,2024,421421991,1,9,0,5,1,5,0,5,0,0,0,0,1,1,6,2,42,7,-1,-1,-1,-1,5,1,E01033139,0
Unvalidated,2024421422010,2024,421422010,1,9,0,-1,-1,-1,-1,0,-1,-1,-1,0,-1,1,6,3,-1,-1,-1,-1,-1,-1,-1,-1,-1,0
Unvalidated,2024421422010,2024,421422010,2,9,0,-1,-1,-1,-1,0,-1,-1,-1,0,-1,1,6,2,59,9,-1,-1,-1,-1,8,1,E01021607,0
Unvalidated,2024421422016,2024,421422016,1,9,0,18,-1,-1,0,0,0,0,0,0,1,1,6,3,-1,-1,-1,-1,-1,-1,-1,-1,-1,0
Unvalidated,2024421422016,2024,421422016,2,2,0,3,-1,-1,0,0,0,0,0,0,4,1,6,1,28,6,-1,-1,-1,-1,2,1,E01021699,0
Unvalidated,2024421422066,2024,421422066,1,9,0,7,3,5,0,6,0,0,7,0,3,1,6,1,17,4,-1,-1,-1,-1,-1,-1,-1,0
Unvalidated,2024421422066,2024,421422066,2,9,0,18,1,5,0,1,1,0,7,0,4,1,5,2,90,11,-1,-1,-1,-1,-1,-1,-1,0
Unvalidated,2024421422070,2024,421422070,1,90,0,18,6,2,9,0,0,11,0,0,1,1,2,1,30,6,-1,-1,-1,-1,1,1,E01016007,1
Unvalidated,2024421422089,2024,421422089,1,9,0,18,1,5,0,8,0,0,0,0,1,1,6,2,49,8,-1,-1,-1,-1,-1,-1,-1,0
Unvalidated,2024421422089,2024,421422089,2,9,0,18,5,1,0,1,0,0,0,0,1,1,2,1,19,4,-1,-1,-1,-1,6,1,E01021355,0
Unvalidated,2024421422105,2024,421422105,1,9,0,3,1,1,0,0,0,0,0,0,2,1,1,2,34,6,-1,-1,-1,-1,9,1,E01021285,0
Unvalidated,2024421422105,2024,421422105,2,9,0,5,1,1,0,0,0,0,0,0,1,1,1,1,37,7,-1,-1,-1,-1,-1,-1,-1,0
Unvalidated,2024421422105,2024,421422105,3,9,0,4,1,1,0,0,0,0,0,0,2,1,1,2,39,7,-1,-1,-1,-1,5,1,E01015989,0
Unvalidated,2024421422213,2024,421422213,1,98,1,5,6,4,0,0,0,0,0,0,0,1,6,3,-1,-1,-1,-1,-1,-1,-1,-1,-1,0
Unvalidated,2024421422213,2024,421422213,2,9,0,18,6,2,0,0,1,0,0,0,1,1,5,2,89,11,-1,-1,-1,-1,7,1,E01021628,0
Unvalidated,2024421422213,2024,421422213,3,9,0,18,4,8,0,0,1,0,1,0,2,2,5,1,68,10,-1,-1,-1,-1,-1,-1,-1,0
Unvalidated,2024421422233,2024,421422233,1,9,0,18,3,7,0,0,0,0,0,0,1,1,6,1,18,4,-1,-1,-1,-1,7,1,E01021344,0
Unvalidated,2024421422233,2024,421422233,2,9,0,18,3,7,0,0,0,0,0,0,0,1,5,1,34,6,-1,-1,-1,-1,-1,-1,-1,0
Unvalidated,2024421422259,2024,421422259,1,9,0,18,7,3,0,1,0,0,0,0,1,1,6,3,-1,-1,-1,-1,-1,-1,-1,-1,-1,0
Unvalidated,2024421422259,2024,421422259,2,9,0,18,7,3,0,4,0,0,0,0,2,1,6,1,43,7,-1,-1,-1,-1,9,1,E01021280,0
Unvalidated,2024421422261,2024,421422261,1,9,0,18,7,3,0,1,0,0,0,0,1,1,6,1,-1,-1,-1,-1,-1,-1,-1,-1,-1,0
Unvalidated,2024421422268,2024,421422268,1,9,0,5,6,2,0,0,0,0,0,0,4,1,5,2,66,10,-1,-1,-1,-1,9,3,E01021654,0
Unvalidated,2024421422268,2024,421422268,2,1,0,5,6,2,0,0,0,0,0,0,3,1,6,2,55,8,-1,-1,-1,-1,9,1,E01021692,0
Unvalidated,2024421422273,2024,421422273,1,9,0,18,1,5,0,1,0,0,0,0,2,1,6,2,21,5,-1,-1,-1,-1,4,1,E01022036,0
Unvalidated,2024421422273,2024,421422273,2,9,0,18,1,5,0,1,0,0,0,0,1,1,6,2,31,6,-1,-1,-1,-1,6,2,E01021980,0
Unvalidated,2024421422291,2024,421422291,1,9,0,18,6,2,0,2,0,0,0,0,1,1,6,2,54,8,-1,-1,-1,-1,3,1,E01015843,0
Unvalidated,2024421422291,2024,421422291,2,9,0,18,6,2,0,2,0,0,0,0,2,1,5,2,27,6,-1,-1,-1,-1,1,1,E01015852,0