status,collision_index,collision_year,collision_reference,vehicle_reference,vehicle_type,towing_and_articulation,vehicle_manoeuvre,vehicle_direction_from,vehicle_direction_to,vehicle_location_restricted_lane,junction_location,skidding_and_overturning,hit_object_in_carriageway,vehicle_leaving_carriageway,hit_object_off_carriageway,first_point_of_impact,vehicle_left_hand_drive,journey_purpose_of_driver,sex_of_driver,age_of_driver,age_band_of_driver,engine_capacity_cc,propulsion_code,age_of_vehicle,generic_make_model,driver_imd_decile,driver_home_area_type,lsoa_of_driver,escooter_flag
Unvalidated,2024421422330,2024,421422330,1,9,0,18,2,4,0,1,0,0,0,0,1,1,6,1,30,6,-1,-1,-1,-1,5,1,E01021387,0
Unvalidated,2024421422330,2024,421422330,2,9,0,3,2,4,0,1,0,0,0,0,2,1,5,2,43,7,-1,-1,-1,-1,8,3,E01021382,0
Unvalidated,2024421422344,2024,421422344,1,21,1,18,4,8,0,0,0,0,0,0,3,2,1,1,-1,-1,-1,-1,-1,-1,-1,-1,-1,0
Unvalidated,2024421422344,2024,421422344,2,9,0,11,4,8,0,0,0,0,0,0,4,1,2,1,37,7,-1,-1,-1,-1,6,1,E01033064,0
Unvalidated,2024421422354,2024,421422354,1,9,0,-1,-1,-1,-1,0,-1,-1,-1,0,-1,1,6,3,-1,-1,-1,-1,-1,-1,-1,-1,-1,0
Unvalidated,2024421422363,2024,421422363,1,9,0,18,7,3,0,0,0,0,0,0,1,1,6,3,-1,-1,-1,-1,-1,-1,-1,-1,-1,0
Unvalidated,2024421422363,2024,421422363,2,9,0,4,7,3,0,0,0,0,0,0,2,1,6,1,41,7,-1,-1,-1,-1,2,1,E01021270,0
Unvalidated,2024421422376,2024,421422376,1,9,0,15,1,5,0,0,0,0,0,0,3,1,6,3,-1,-1,-1,-1,-1,-1,-1,-1,-1,0
Unvalidated,2024421422376,2024,421422376,2,1,-1,18,1,5,0,0,0,0,0,0,3,1,6,1,74,10,-1,-1,-1,-1,10,3,E01022070,0
Unvalidated,2024421422383,2024,421422383,1,9,-1,-1,-1,-1,-1,0,-1,-1,-1,0,-1,1,6,3,-1,-1,-1,-1,-1,-1,-1,-1,-1,0
Unvalidated,2024421422383,2024,421422383,2,9,0,4,-1,-1,0,0,0,0,0,0,2,1,6,2,51,8,-1,-1,-1,-1,3,1,E01021320,0
Unvalidated,2024421422396,2024,421422396,1,9,0,18,7,3,0,0,0,0,7,0,1,1,6,2,74,10,-1,-1,-1,-1,10,2,E01021459,0
Unvalidated,2024421422403,2024,421422403,1,9,0,18,1,3,0,0,0,0,0,0,4,1,5,2,37,7,-1,-1,-1,-1,7,2,E01021900,0
Unvalidated,2024421422403,2024,421422403,2,9,0,2,0,0,0,0,0,0,0,0,3,1,6,3,-1,-1,-1,-1,-1,-1,-1,-1,-1,0
Unvalidated,2024421422411,2024,421422411,1,9,0,18,7,3,0,4,0,0,0,0,1,1,6,3,-1,-1,-1,-1,-1,-1,-1,-1,-1,0
Unvalidated,2024421422411,2024,421422411,2,9,0,4,7,3,0,7,0,0,0,0,2,1,6,1,39,7,-1,-1,-1,-1,3,1,E01023573,0
Unvalidated,2024421422423,2024,421422423,1,1,0,12,5,1,0,0,0,0,2,0,2,1,6,1,-1,-1,-1,-1,-1,-1,-1,-1,-1,0
Unvalidated,2024421422423,2024,421422423,2,9,0,3,5,1,0,0,0,0,0,0,2,1,5,1,52,8,-1,-1,-1,-1,9,1,E01021682,0
Unvalidated,2024421422428,2024,421422428,1,9,0,5,5,1,0,6,0,0,0,0,1,1,6,3,-1,-1,-1,-1,-1,-1,-1,-1,-1,0
Unvalidated,2024421422462,2024,421422462,1,9,0,7,7,1,0,8,0,0,0,0,4,1,6,1,-1,-1,-1,-1,-1,-1,3,1,E01015869,0
Unvalidated,2024421422462,2024,421422462,2,1,0,18,7,3,0,8,0,0,0,0,1,1,6,1,26,6,-1,-1,-1,-1,2,1,E01015900,0
Unvalidated,2024421422526,2024,421422526,1,9,0,9,1,8,0,6,0,0,0,0,1,1,5,1,36,7,-1,-1,-1,-1,3,1,E01003656,0
Unvalidated,2024421422526,2024,421422526,2,9,0,18,4,8,0,1,0,0,0,0,3,1,5,1,49,8,-1,-1,-1,-1,1,1,E01003761,0
Unvalidated,2024421422534,2024,421422534,1,19,0,18,4,8,0,0,0,0,0,0,1,1,1,1,21,5,-1,-1,-1,-1,2,1,E01030023,0
Unvalidated,2024421422534,2024,421422534,2,9,0,18,2,4,0,0,0,0,0,0,1,1,5,2,50,8,-1,-1,-1,-1,6,3,E01021380,0
Unvalidated,2024421422556,2024,421422556,1,9,0,5,1,7,0,8,0,0,0,0,1,1,5,1,33,6,-1,-1,-1,-1,10,1,E01021558,0
Unvalidated,2024421422556,2024,421422556,2,1,0,18,7,3,0,8,0,0,0,0,4,1,5,1,62,9,-1,-1,-1,-1,-1,-1,-1,0
Unvalidated,2024421422560,2024,421422560,1,9,0,18,1,5,0,0,0,0,0,0,1,1,6,3,-1,-1,-1,-1,-1,-1,-1,-1,-1,0
Unvalidated,2024421422560,2024,421422560,2,9,0,18,1,5,0,0,0,0,0,0,2,1,5,1,24,5,-1,-1,-1,-1,9,2,E01028394,0
Unvalidated,2024421422586,2024,421422586,1,9,0,5,6,1,0,0,0,0,0,0,0,1,6,1,40,7,-1,-1,-1,-1,-1,-1,-1,0
Unvalidated,2024421422617,2024,421422617,1,19,0,-1,-1,-1,-1,0,-1,-1,-1,0,-1,1,6,3,-1,-1,-1,-1,-1,-1,-1,-1,-1,0
Unvalidated,2024421422617,2024,421422617,2,9,0,-1,-1,-1,-1,0,-1,-1,-1,0,-1,1,6,2,34,6,-1,-1,-1,-1,2,1,E01015900,0
Unvalidated,2024421422655,2024,421422655,1,9,0,9,7,3,0,8,0,0,0,0,1,1,2,1,43,7,-1,-1,-1,-1,8,1,E01033461,0
Unvalidated,2024421422655,2024,421422655,2,9,0,18,3,7,0,8,0,0,0,0,1,1,2,2,58,9,-1,-1,-1,-1,8,3,E01021634,0
Unvalidated,2024421422724,2024,421422724,1,9,0,18,2,6,0,0,1,0,0,0,1,1,6,1,26,6,-1,-1,-1,-1,3,1,E01002104,0
Unvalidated,2024421422724,2024,421422724,2,98,1,4,2,6,0,0,0,0,0,0,2,1,1,1,54,8,-1,-1,-1,-1,10,1,E01006079,0
Unvalidated,2024421422748,2024,421422748,1,9,0,17,5,1,0,0,0,0,0,0,3,1,6,3,-1,-1,-1,-1,-1,-1,-1,-1,-1,0
Unvalidated,2024421422782,2024,421422782,1,9,-1,-1,-1,-1,-1,0,-1,-1,-1,0,-1,1,6,1,61,9,-1,-1,-1,-1,4,1,E01021496,0
Unvalidated,2024421422798,2024,421422798,1,1,0,5,7,3,0,8,2,0,0,0,1,1,3,1,11,3,-1,-1,-1,-1,9,1,E01021682,0
Unvalidated,2024421422798,2024,421422798,2,9,0,18,1,5,0,8,0,0,0,0,1,1,3,1,43,7,-1,-1,-1,-1,7,3,E01029911,0
Unvalidated,2024421422925,2024,421422925,1,9,0,18,4,8,0,0,0,0,0,0,1,1,3,2,49,8,-1,-1,-1,-1,5,1,E01021338,0
Unvalidated,2024421423186,2024,421423186,1,9,0,9,1,7,0,8,0,0,0,0,1,1,2,2,48,8,-1,-1,-1,-1,9,1,E01021481,0
Unvalidated,2024421423186,2024,421423186,2,9,0,18,7,3,0,8,0,0,0,0,4,1,6,1,56,9,-1,-1,-1,-1,1,1,E01021271,0
Unvalidated,2024421423246,2024,421423246,1,9,0,9,4,6,0,1,0,0,0,0,2,1,6,1,21,5,-1,-1,-1,-1,6,1,E01015816,0
Unvalidated,2024421423246,2024,421423246,2,9,0,18,2,4,0,1,0,0,0,0,1,1,1,1,50,8,-1,-1,-1,-1,7,1,E01021952,0
Unvalidated,2024421423256,2024,421423256,1,21,1,18,5,1,0,0,1,0,7,4,1,1,1,1,43,7,-1,-1,-1,-1,2,1,E01021686,0
Unvalidated,2024421423292,2024,421423292,1,97,0,5,5,1,0,1,0,0,0,0,2,1,6,1,61,9,-1,-1,-1,-1,2,1,E01021292,0
Unvalidated,2024421423292,2024,421423292,2,9,0,3,5,1,0,1,0,0,0,0,2,1,6,1,27,6,-1,-1,-1,-1,7,2,E01015979,0
Unvalidated,2024421423306,2024,421423306,1,9,0,13,8,5,0,0,0,0,0,0,1,1,2,1,31,6,-1,-1,-1,-1,8,1,E01015913,0
Unvalidated,2024421423348,2024,421423348,1,5,0,18,6,2,0,8,5,0,0,0,1,1,6,1,24,5,-1,-1,-1,-1,3,1,E01015856,0
Unvalidated,2024421423348,2024,421423348,2,9,0,10,6,2,0,8,0,0,0,0,2,1,6,2,29,6,-1,-1,-1,-1,2,1,E01015820,0
Unvalidated,2024421423358,2024,421423358,1,9,0,5,8,4,0,0,0,0,0,0,1,1,2,1,32,6,-1,-1,-1,-1,7,1,E01015966,0
Unvalidated,2024421423358,2024,421423358,2,5,0,3,8,4,0,0,5,0,0,0,2,1,2,1,44,7,-1,-1,-1,-1,2,1,E01015976,0
Unvalidated,2024421423651,2024,421423651,1,9,0,18,3,7,0,3,0,0,0,0,4,1,6,3,-1,-1,-1,-1,-1,-1,-1,-1,-1,0
Unvalidated,2024421423651,2024,421423651,2,9,0,18,3,7,0,3,0,0,0,0,3,1,6,2,44,7,-1,-1,-1,-1,6,3,E01015978,0
Unvalidated,2024421423658,2024,421423658,1,9,0,4,3,7,0,0,0,0,0,0,1,1,6,3,-1,-1,-1,-1,-1,-1,-1,-1,-1,0
Unvalidated,2024421423658,2024,421423658,2,1,0,5,1,5,0,0,0,0,0,0,4,1,6,1,26,6,-1,-1,-1,-1,2,1,E01015896,0
Unvalidated,2024421423660,2024,421423660,1,9,0,18,3,7,0,0,0,0,0,0,1,1,5,1,20,4,-1,-1,-1,-1,2,1,E01004392,0
Unvalidated,2024421423660,2024,421423660,2,21,0,18,3,7,0,0,0,0,0,0,2,1,1,2,31,6,-1,-1,-1,-1,8,3,E01018297,0
Unvalidated,2024421423669,2024,421423669,1,1,0,14,4,8,0,1,0,0,0,0,1,1,6,3,-1,-1,-1,-1,-1,-1,-1,-1,-1,0
Unvalidated,2024421423669,2024,421423669,2,9,0,3,4,8,0,1,0,0,0,0,3,1,6,1,68,10,-1,-1,-1,-1,8,1,E01021513,0
Unvalidated,2024421423673,2024,421423673,1,9,0,18,-1,-1,0,3,0,0,0,0,1,1,6,3,-1,-1,-1,-1,-1,-1,-1,-1,-1,0
Unvalidated,2024421423673,2024,421423673,2,9,0,18,-1,-1,0,3,0,0,0,0,2,1,6,2,41,7,-1,-1,-1,-1,4,2,E01015923,0
Unvalidated,2024421423679,2024,421423679,1,9,0,7,4,7,0,2,0,0,0,0,1,1,5,1,86,11,-1,-1,-1,-1,7,3,E01021695,0
Unvalidated,2024421423679,2024,421423679,2,1,0,18,7,2,0,4,0,0,0,0,1,1,5,1,49,8,-1,-1,-1,-1,6,2,E01021678,0
Unvalidated,2024421423704,2024,421423704,1,9,0,10,5,3,0,8,0,0,0,0,1,1,1,1,21,5,-1,-1,-1,-1,4,1,E01001511,0
Unvalidated,2024421423704,2024,421423704,2,9,0,18,7,3,0,1,0,0,0,0,3,1,5,2,44,7,-1,-1,-1,-1,3,1,E01015935,0
Unvalidated,2024421423719,2024,421423719,1,9,0,5,7,4,0,6,0,0,0,0,1,1,5,2,44,7,-1,-1,-1,-1,10,3,E01021469,0
Unvalidated,2024421423719,2024,421423719,2,3,0,18,4,8,0,1,0,0,0,0,1,1,6,1,36,7,-1,-1,-1,-1,-1,-1,-1,0
Unvalidated,2024421423778,2024,421423778,1,4,0,18,3,7,0,0,0,0,0,0,1,1,5,1,21,5,-1,-1,-1,-1,4,1,E01021822,0
Unvalidated,2024421423778,2024,421423778,2,9,0,2,0,0,6,0,0,0,0,0,2,1,6,3,-1,-1,-1,-1,-1,-1,-1,-1,-1,0
Unvalidated,2024421423853,2024,421423853,1,3,0,18,7,3,0,1,0,0,0,0,0,1,6,1,27,6,-1,-1,-1,-1,3,1,E01021888,0
Unvalidated,2024421424002,2024,421424002,1,9,0,5,8,4,0,0,0,0,0,0,1,1,5,1,29,6,-1,-1,-1,-1,5,1,E01021422,0
Unvalidated,2024421424002,2024,421424002,2,9,0,4,4,8,0,0,0,0,1,0,3,1,5,2,34,6,-1,-1,-1,-1,10,1,E01032763,0
Unvalidated,2024421424012,2024,421424012,1,9,0,18,7,1,0,0,0,0,0,0,1,1,5,2,19,4,-1,-1,-1,-1,7,3,E01021571,0
Unvalidated,2024421424012,2024,421424012,2,9,0,18,5,1,0,0,0,0,0,0,2,1,5,2,77,11,-1,-1,-1,-1,9,1,E01022496,0
Unvalidated,2024421424016,2024,421424016,1,1,0,18,1,5,0,0,0,0,0,0,1,1,5,1,30,6,-1,-1,-1,-1,3,1,E01015962,0
Unvalidated,2024421424016,2024,421424016,2,19,0,3,1,5,0,0,0,0,0,0,2,1,5,1,53,8,-1,-1,-1,-1,7,1,E01015955,0
Unvalidated,2024421424174,2024,421424174,1,9,0,9,6,4,0,0,0,0,0,0,3,1,5,1,30,6,-1,-1,-1,-1,9,1,E01021564,0
Unvalidated,2024421424174,2024,421424174,2,5,0,18,4,8,0,0,5,0,0,0,1,1,5,1,35,6,-1,-1,-1,-1,8,1,E01021332,0
Unvalidated,2024421424177,2024,421424177,1,9,0,18,4,8,0,0,0,0,0,0,1,1,1,1,57,9,-1,-1,-1,-1,5,2,E01021922,0
Unvalidated,2024421424177,2024,421424177,2,9,0,2,4,8,0,0,0,0,7,10,2,1,5,1,42,7,-1,-1,-1,-1,8,3,E01021924,0
Unvalidated,2024421424177,2024,421424177,3,9,0,18,4,8,0,0,0,0,0,0,3,1,5,1,54,8,-1,-1,-1,-1,1,1,E01015880,0
Unvalidated,2024421424215,2024,421424215,1,3,0,18,7,3,0,0,0,0,0,0,1,1,5,1,25,5,-1,-1,-1,-1,1,1,E01015842,0
Unvalidated,2024421424215,2024,421424215,2,9,0,4,7,3,0,0,0,0,0,0,2,1,5,1,19,4,-1,-1,-1,-1,4,1,E01000155,0
Unvalidated,2024421424215,2024,421424215,3,9,0,11,5,1,0,0,0,0,0,0,0,1,6,3,-1,-1,-1,-1,-1,-1,-1,-1,-1,0
Unvalidated,2024421424215,2024,421424215,4,97,0,18,8,4,0,0,0,0,0,0,0,1,6,3,-1,-1,-1,-1,-1,-1,-1,-1,-1,0
Unvalidated,2024421424222,2024,421424222,1,1,0,5,6,2,0,0,0,0,0,0,1,1,5,1,37,7,-1,-1,-1,-1,9,1,E01021364,0
Unvalidated,2024421424222,2024,421424222,2,9,0,5,6,3,0,0,0,0,0,0,2,1,1,2,37,7,-1,-1,-1,-1,2,1,E01000016,0
Unvalidated,2024421424255,2024,421424255,1,9,0,18,1,5,0,1,0,0,0,0,3,1,5,1,86,11,-1,-1,-1,-1,3,1,E01015882,0
Unvalidated,2024421424271,2024,421424271,1,9,0,9,2,6,0,1,0,0,0,0,4,1,5,1,41,7,-1,-1,-1,-1,10,3,E01033114,0
Unvalidated,2024421424271,2024,421424271,2,9,0,18,5,2,0,1,0,0,0,0,1,1,5,2,26,6,-1,-1,-1,-1,3,1,E01021300,0
Unvalidated,2024421424538,2024,421424538,1,9,0,3,7,7,0,0,0,0,0,0,0,2,6,1,49,8,-1,-1,-1,-1,-1,-1,-1,0
Unvalidated,2024421424644,2024,421424644,1,2,0,18,7,3,0,0,0,0,0,0,1,1,6,1,21,5,-1,-1,-1,-1,1,1,E01022001,0
Unvalidated,2024421424644,2024,421424644,2,19,4,18,7,3,0,0,0,0,0,0,2,1,6,3,17,4,-1,-1,-1,-1,-1,-1,-1,0
Unvalidated,2024421424774,2024,421424774,1,8,0,1,2,6,0,1,0,0,0,0,2,2,1,1,64,9,-1,-1,-1,-1,3,1,E01021437,0
Unvalidated,2024421424780,2024,421424780,1,9,0,18,1,5,0,0,0,0,0,0,4,1,6,1,40,7,-1,-1,-1,-1,-1,-1,-1,0
Unvalidated,2024421424797,2024,421424797,1,9,0,18,7,3,0,4,0,0,0,0,1,1,6,1,55,8,-1,-1,-1,-1,-1,-1,-1,0
Unvalidated,2024421424797,2024,421424797,2,9,0,18,7,3,0,4,0,0,0,0,2,1,6,2,33,6,-1,-1,-1,-1,9,1,E01015941,0
Unvalidated,2024421424892,2024,421424892,1,9,0,18,5,1,0,0,0,0,0,0,1,1,6,1,33,6,-1,-1,-1,-1,6,3,E01021796,0
Unvalidated,2024421424892,2024,421424892,2,9,0,3,5,1,0,0,0,0,0,0,2,1,6,2,18,4,-1,-1,-1,-1,5,3,E01021551,0
Unvalidated,2024421424933,2024,421424933,1,9,0,18,7,3,0,0,0,0,0,0,2,1,6,2,45,7,-1,-1,-1,-1,3,1,E01021831,0
Unvalidated,2024421424933,2024,421424933,2,1,0,18,7,3,0,0,0,0,0,0,1,1,3,2,12,3,-1,-1,-1,-1,4,1,E01021819,0
Unvalidated,2024421425126,2024,421425126,1,9,0,18,7,3,0,1,1,0,0,0,1,1,5,2,47,8,-1,-1,-1,-1,10,3,E01021379,0
Unvalidated,2024421425126,2024,421425126,2,9,0,9,7,5,0,5,1,0,7,0,2,1,1,1,25,5,-1,-1,-1,-1,6,3,E01021380,0
Unvalidated,2024421425137,2024,421425137,1,9,0,9,8,6,0,8,1,0,3,10,1,1,6,1,31,6,-1,-1,-1,-1,4,1,E01021508,0
Unvalidated,2024421425137,2024,421425137,2,9,0,18,2,6,0,8,0,0,0,0,3,1,2,1,54,8,-1,-1,-1,-1,9,1,E01015999,0
Unvalidated,2024421425194,2024,421425194,1,9,0,18,3,7,0,0,0,0,7,0,1,1,6,1,23,5,-1,-1,-1,-1,5,1,E01021491,0
Unvalidated,2024421425194,2024,421425194,2,9,0,18,7,3,0,0,0,0,0,0,1,1,6,1,34,6,-1,-1,-1,-1,4,1,E01021508,0
Unvalidated,2024421425215,2024,421425215,1,9,0,9,6,2,0,1,0,0,0,0,1,1,6,3,-1,-1,-1,-1,-1,-1,-1,-1,-1,0
Unvalidated,2024421425215,2024,421425215,2,1,0,9,8,4,0,1,0,0,0,0,3,1,6,1,24,5,-1,-1,-1,-1,7,3,E01021538,0
Unvalidated,2024421425224,2024,421425224,1,21,1,18,1,5,0,0,0,0,0,0,3,1,6,3,-1,-1,-1,-1,-1,-1,-1,-1,-1,0
Unvalidated,2024421425224,2024,421425224,2,9,0,18,1,5,0,0,0,0,0,0,4,1,6,1,65,9,-1,-1,-1,-1,7,3,E01021381,0
Unvalidated,2024421425380,2024,421425380,1,9,0,4,3,7,0,1,0,0,0,0,1,1,6,2,32,6,-1,-1,-1,-1,7,2,E01033057,0
Unvalidated,2024421425380,2024,421425380,2,9,0,10,3,1,0,1,0,0,0,0,2,1,6,2,66,10,-1,-1,-1,-1,7,3,E01033057,0
Unvalidated,2024421425380,2024,421425380,3,9,0,4,3,7,0,1,0,1,0,0,2,1,6,1,53,8,-1,-1,-1,-1,-1,2,-1,0
Unvalidated,2024421425387,2024,421425387,1,9,0,9,1,5,0,1,0,0,0,0,1,1,6,1,17,4,-1,-1,-1,-1,10,3,E01021469,0
Unvalidated,2024421425387,2024,421425387,2,9,0,18,3,7,0,1,0,0,0,0,3,1,6,2,64,9,-1,-1,-1,-1,2,1,E01021286,0
Unvalidated,2024421425551,2024,421425551,1,9,0,5,8,4,0,1,0,0,0,0,3,2,6,1,74,10,-1,-1,-1,-1,1,2,E01022045,0
Unvalidated,2024421425560,2024,421425560,1,9,0,18,5,1,0,0,0,0,0,0,1,1,5,2,80,11,-1,-1,-1,-1,6,3,E01021656,0
Unvalidated,2024421425560,2024,421425560,2,9,0,7,5,7,0,0,0,0,0,0,4,1,5,1,26,6,-1,-1,-1,-1,6,3,E01021656,0
Unvalidated,2024421425616,2024,421425616,1,9,0,18,5,1,0,0,0,0,0,0,1,1,5,1,23,5,-1,-1,-1,-1,7,3,E01021412,0
Unvalidated,2024421425616,2024,421425616,2,9,0,18,1,5,0,0,0,0,7,9,1,1,5,1,66,10,-1,-1,-1,-1,4,2,E01021802,0
Unvalidated,2024421425623,2024,421425623,1,90,-1,-1,-1,-1,-1,0,-1,-1,-1,0,-1,1,6,3,-1,-1,-1,-1,-1,-1,-1,-1,-1,0
Unvalidated,2024421425666,2024,421425666,1,9,0,18,-1,-1,0,0,0,0,0,0,1,1,6,3,-1,-1,-1,-1,-1,-1,-1,-1,-1,0
Unvalidated,2024421425666,2024,421425666,2,9,0,18,-1,-1,0,0,1,0,0,0,4,1,5,2,34,6,-1,-1,-1,-1,2,1,E01021771,0
Unvalidated,2024421425699,2024,421425699,1,8,0,4,1,5,0,0,0,0,0,0,1,1,1,1,59,9,-1,-1,-1,-1,3,1,E01001394,0
Unvalidated,2024421425771,2024,421425771,1,9,0,18,7,3,0,0,1,7,6,0,1,1,1,2,43,7,-1,-1,-1,-1,4,1,E01021266,0
Unvalidated,2024421425874,2024,421425874,1,9,0,18,1,5,0,0,0,0,0,0,1,1,2,1,35,6,-1,-1,-1,-1,2,1,E01004404,0
Unvalidated,2024421425874,2024,421425874,2,9,0,18,5,1,0,0,0,0,0,0,1,1,5,1,71,10,-1,-1,-1,-1,8,1,E01021824,0
Unvalidated,2024421425874,2024,421425874,3,9,0,18,1,5,0,0,0,0,0,0,1,1,6,1,79,11,-1,-1,-1,-1,4,2,E01021799,0
Unvalidated,2024421425905,2024,421425905,1,9,0,5,5,2,0,2,0,0,0,0,2,1,5,2,52,8,-1,-1,-1,-1,7,2,E01021657,0
Unvalidated,2024421425915,2024,421425915,1,9,0,4,6,1,0,8,0,0,0,0,3,1,2,2,19,4,-1,-1,-1,-1,5,1,E01002371,0
Unvalidated,2024421425915,2024,421425915,2,9,0,18,4,8,0,1,0,0,0,0,1,1,2,1,32,6,-1,-1,-1,-1,8,1,E01021510,0
Unvalidated,2024421425989,2024,421425989,1,9,0,18,5,1,0,0,1,0,1,0,1,1,6,1,49,8,-1,-1,-1,-1,-1,-1,-1,0
Unvalidated,2024421425989,2024,421425989,2,9,0,2,0,0,9,0,0,4,0,0,3,1,6,3,-1,-1,-1,-1,-1,-1,-1,-1,-1,0
Unvalidated,2024421425989,2024,421425989,3,9,0,2,0,0,9,0,0,4,0,0,2,1,6,3,-1,-1,-1,-1,-1,-1,-1,-1,-1,0
Unvalidated,2024421425989,2024,421425989,4,9,0,2,0,0,9,0,0,4,0,0,2,1,6,3,-1,-1,-1,-1,-1,-1,-1,-1,-1,0
Unvalidated,2024421425989,2024,421425989,5,9,0,18,1,5,0,0,0,0,0,0,3,1,5,2,47,8,-1,-1,-1,-1,4,1,E01002267,0
Unvalidated,2024421426109,2024,421426109,1,9,0,18,3,7,0,0,0,0,0,0,0,1,6,1,28,6,-1,-1,-1,-1,9,1,E01021825,0
Unvalidated,2024421426188,2024,421426188,1,9,0,5,3,7,0,2,0,0,0,0,3,1,5,1,37,7,-1,-1,-1,-1,8,1,E01002285,0
Unvalidated,2024421426188,2024,421426188,2,3,0,18,3,7,0,1,1,0,0,0,4,1,5,1,25,5,-1,-1,-1,-1,3,1,E01015884,0
Unvalidated,2024421426285,2024,421426285,1,90,0,18,7,3,0,8,0,0,0,0,1,1,6,1,38,7,-1,-1,-1,-1,3,1,E01015877,1
Unvalidated,2024421426285,2024,421426285,2,9,0,18,1,5,0,1,0,0,0,0,3,1,6,2,17,4,-1,-1,-1,-1,7,1,E01015920,0
Unvalidated,2024421426297,2024,421426297,1,9,0,18,6,2,0,0,0,0,7,0,1,1,5,1,35,6,-1,-1,-1,-1,-1,-1,-1,0
Unvalidated,2024421426417,2024,421426417,1,5,0,18,8,4,0,2,0,0,0,0,3,1,5,1,63,9,-1,-1,-1,-1,10,1,E01015885,0
Unvalidated,2024421426417,2024,421426417,2,8,0,4,6,4,0,2,0,0,0,0,2,1,5,1,24,5,-1,-1,-1,-1,7,1,E01021966,0
Unvalidated,2024421426542,2024,421426542,1,9,0,18,6,2,0,0,0,0,0,0,1,1,6,2,41,7,-1,-1,-1,-1,9,2,E01022063,0
Unvalidated,2024421426542,2024,421426542,2,9,0,18,2,6,0,0,0,0,0,0,1,1,5,2,18,4,-1,-1,-1,-1,9,2,E01022063,0
Unvalidated,2024421426542,2024,421426542,3,9,0,18,2,6,0,0,0,0,0,0,1,1,6,1,63,9,-1,-1,-1,-1,10,3,E01022062,0
Unvalidated,2024421426592,2024,421426592,1,9,0,18,3,7,0,0,0,0,0,0,1,1,5,1,29,6,-1,-1,-1,-1,10,1,E01021351,0
Unvalidated,2024421426594,2024,421426594,1,9,0,18,7,3,9,0,0,10,2,11,1,1,5,2,30,6,-1,-1,-1,-1,2,1,E01015840,0
Unvalidated,2024421426602,2024,421426602,1,9,0,5,5,1,0,8,0,0,0,0,1,1,1,1,37,7,-1,-1,-1,-1,6,2,E01021758,0
Unvalidated,2024421426602,2024,421426602,2,9,0,18,7,3,0,8,0,0,0,0,3,1,5,2,45,7,-1,-1,-1,-1,4,1,E01003654,0
Unvalidated,2024421426625,2024,421426625,1,9,0,4,7,3,0,0,0,0,0,0,3,1,5,1,29,6,-1,-1,-1,-1,3,1,E01021291,0
Unvalidated,2024421426625,2024,421426625,2,19,0,1,5,1,0,0,0,0,0,0,2,1,5,1,22,5,-1,-1,-1,-1,4,1,E01021283,0
Unvalidated,2024421426635,2024,421426635,1,5,0,17,2,6,0,0,1,10,2,0,4,1,5,1,47,8,-1,-1,-1,-1,6,1,E01021353,0
Unvalidated,2024421426654,2024,421426654,1,11,0,18,7,3,0,1,0,0,0,0,1,1,1,1,46,8,-1,-1,-1,-1,1,1,E01015841,0
Unvalidated,2024421426654,2024,421426654,2,8,0,3,7,3,0,1,0,0,0,0,2,1,1,1,63,9,-1,-1,-1,-1,8,1,E01015836,0
Unvalidated,2024421426654,2024,421426654,3,9,0,3,7,3,0,1,0,0,0,0,2,1,6,2,47,8,-1,-1,-1,-1,4,1,E01021508,0
Unvalidated,2024421426687,2024,421426687,1,5,0,18,1,5,0,2,2,0,6,0,3,1,6,1,37,7,-1,-1,-1,-1,4,1,E01021820,0
Unvalidated,2024421426687,2024,421426687,2,19,0,18,1,5,0,2,0,0,0,0,3,1,5,1,58,9,-1,-1,-1,-1,5,3,E01021770,0
Unvalidated,2024421426846,2024,421426846,1,9,0,9,3,5,0,0,0,0,0,0,1,1,5,2,79,11,-1,-1,-1,-1,10,1,E01021251,0
Unvalidated,2024421426867,2024,421426867,1,9,0,18,4,1,0,8,0,0,0,0,1,1,6,1,53,8,-1,-1,-1,-1,6,3,E01021663,0
Unvalidated,2024421426867,2024,421426867,2,9,0,9,7,3,0,8,0,0,0,0,1,1,2,1,36,7,-1,-1,-1,-1,5,1,E01021680,0
Unvalidated,2024421426887,2024,421426887,1,5,0,11,7,3,0,0,0,7,1,0,1,1,5,1,54,8,-1,-1,-1,-1,6,1,E01003386,0
Unvalidated,2024421426890,2024,421426890,1,9,0,18,1,5,0,0,0,0,0,0,1,1,6,1,61,9,-1,-1,-1,-1,7,1,E01026014,0
Unvalidated,2024421426890,2024,421426890,2,9,0,4,1,5,0,0,0,0,0,0,2,1,6,1,46,8,-1,-1,-1,-1,6,1,E01004216,0
Unvalidated,2024421426890,2024,421426890,3,9,0,4,1,5,0,0,0,0,0,0,2,1,6,1,38,7,-1,-1,-1,-1,10,2,E01018306,0
Unvalidated,2024421426890,2024,421426890,4,9,0,4,1,5,0,0,0,0,0,0,2,1,6,1,36,7,-1,-1,-1,-1,6,1,E01024360,0
Unvalidated,2024421426890,2024,421426890,5,9,0,4,1,5,0,0,0,0,0,0,2,1,6,1,79,11,-1,-1,-1,-1,8,1,E01023890,0
Unvalidated,2024421426979,2024,421426979,1,9,0,18,1,5,0,0,2,0,1,9,1,1,5,1,19,4,-1,-1,-1,-1,9,1,E01015858,0