status,collision_index,collision_year,collision_reference,vehicle_reference,vehicle_type,towing_and_articulation,vehicle_manoeuvre,vehicle_direction_from,vehicle_direction_to,vehicle_location_restricted_lane,junction_location,skidding_and_overturning,hit_object_in_carriageway,vehicle_leaving_carriageway,hit_object_off_carriageway,first_point_of_impact,vehicle_left_hand_drive,journey_purpose_of_driver,sex_of_driver,age_of_driver,age_band_of_driver,engine_capacity_cc,propulsion_code,age_of_vehicle,generic_make_model,driver_imd_decile,driver_home_area_type,lsoa_of_driver,escooter_flag
Unvalidated,2024421427046,2024,421427046,1,9,0,18,-1,-1,0,1,0,0,0,0,1,1,6,2,58,9,-1,-1,-1,-1,8,1,E01002273,0
Unvalidated,2024421427046,2024,421427046,2,9,0,18,-1,-1,0,1,0,0,0,0,1,1,6,2,50,8,-1,-1,-1,-1,7,3,E01015977,0
Unvalidated,2024421427052,2024,421427052,1,9,0,-1,-1,-1,-1,0,-1,-1,-1,0,-1,1,6,3,-1,-1,-1,-1,-1,-1,-1,-1,-1,0
Unvalidated,2024421427052,2024,421427052,2,9,0,-1,-1,-1,-1,0,-1,-1,-1,0,-1,1,1,1,39,7,-1,-1,-1,-1,9,1,E01023448,0
Unvalidated,2024421427066,2024,421427066,1,9,-1,-1,-1,-1,-1,0,-1,-1,-1,0,-1,1,6,3,-1,-1,-1,-1,-1,-1,-1,-1,-1,0
Unvalidated,2024421427066,2024,421427066,2,1,-1,-1,-1,-1,-1,0,-1,-1,-1,0,-1,1,5,1,58,9,-1,-1,-1,-1,6,1,E01015864,0
Unvalidated,2024421427076,2024,421427076,1,5,0,-1,-1,-1,-1,0,-1,-1,-1,0,-1,1,6,3,-1,-1,-1,-1,-1,-1,-1,-1,-1,0
Unvalidated,2024421427076,2024,421427076,2,9,0,18,-1,-1,0,0,0,0,0,0,-1,1,6,2,23,5,-1,-1,-1,-1,10,2,E01021459,0
Unvalidated,2024421427082,2024,421427082,1,9,0,-1,-1,-1,-1,-1,-1,-1,-1,0,-1,1,6,3,-1,-1,-1,-1,-1,-1,-1,-1,-1,0
Unvalidated,2024421427082,2024,421427082,2,3,0,-1,-1,-1,-1,-1,-1,-1,-1,0,-1,1,6,1,19,4,-1,-1,-1,-1,3,1,E01015868,0
Unvalidated,2024421427091,2024,421427091,1,9,0,18,-1,-1,0,3,0,0,0,0,-1,1,6,3,-1,-1,-1,-1,-1,-1,-1,-1,-1,0
Unvalidated,2024421427091,2024,421427091,2,3,0,18,-1,-1,0,4,0,0,0,0,-1,1,6,1,44,7,-1,-1,-1,-1,6,3,E01021380,0
Unvalidated,2024421427181,2024,421427181,1,9,0,18,6,1,0,0,2,0,0,0,1,1,5,1,19,4,-1,-1,-1,-1,7,1,E01000427,0
Unvalidated,2024421427209,2024,421427209,1,19,0,18,7,3,0,0,0,0,0,0,1,1,1,1,49,8,-1,-1,-1,-1,3,1,E01015843,0
Unvalidated,2024421427209,2024,421427209,2,9,0,18,3,7,0,0,0,0,0,0,1,1,6,2,29,6,-1,-1,-1,-1,4,3,E01021915,0
Unvalidated,2024421427239,2024,421427239,1,9,0,18,3,7,0,2,0,0,0,0,1,1,6,1,-1,-1,-1,-1,-1,-1,-1,-1,-1,0
Unvalidated,2024421427239,2024,421427239,2,9,0,2,0,0,0,1,0,0,0,0,3,1,6,3,-1,-1,-1,-1,-1,-1,-1,-1,-1,0
Unvalidated,2024421427260,2024,421427260,1,2,0,18,8,5,6,3,0,0,1,0,4,1,5,1,17,4,-1,-1,-1,-1,1,1,E01022025,0
Unvalidated,2024421427301,2024,421427301,1,21,1,10,7,1,0,6,0,0,0,0,3,1,1,1,50,8,-1,-1,-1,-1,6,3,E01026872,0
Unvalidated,2024421427301,2024,421427301,2,9,0,18,1,5,0,1,1,0,0,0,1,1,6,1,27,6,-1,-1,-1,-1,8,2,E01021533,0
Unvalidated,2024421427323,2024,421427323,1,9,0,5,3,1,9,0,0,0,1,0,1,2,5,2,26,6,-1,-1,-1,-1,-1,-1,-1,0
Unvalidated,2024421427380,2024,421427380,1,9,0,9,1,5,0,1,0,0,0,0,3,1,6,3,-1,-1,-1,-1,-1,-1,-1,-1,-1,0
Unvalidated,2024421427380,2024,421427380,2,3,-1,18,7,3,0,1,0,0,0,0,4,1,6,1,51,8,-1,-1,-1,-1,4,1,E01016013,0
Unvalidated,2024421427666,2024,421427666,1,9,0,5,5,1,0,8,0,0,0,0,1,1,1,1,39,7,-1,-1,-1,-1,3,1,E01015963,0
Unvalidated,2024421427678,2024,421427678,1,9,0,11,7,4,0,0,0,0,0,0,4,1,6,1,-1,-1,-1,-1,-1,-1,6,1,E01000981,0
Unvalidated,2024421427678,2024,421427678,2,3,0,18,7,4,0,0,5,0,1,0,3,1,2,1,19,4,-1,-1,-1,-1,1,1,E01015886,0
Unvalidated,2024421427738,2024,421427738,1,9,0,7,1,4,0,2,0,0,0,0,1,1,6,2,18,4,-1,-1,-1,-1,5,1,E01023295,0
Unvalidated,2024421427738,2024,421427738,2,9,0,18,3,7,0,1,0,0,0,0,1,1,6,2,52,8,-1,-1,-1,-1,5,3,E01021741,0
Unvalidated,2024421427750,2024,421427750,1,3,-1,4,5,1,0,0,0,0,0,0,1,1,6,3,-1,-1,-1,-1,-1,-1,-1,-1,-1,0
Unvalidated,2024421427750,2024,421427750,2,3,0,4,5,1,0,0,0,0,0,0,2,1,6,1,33,6,-1,-1,-1,-1,7,1,E01021791,0
Unvalidated,2024421427887,2024,421427887,1,9,0,5,6,1,0,1,0,0,0,0,4,1,5,1,80,11,-1,-1,-1,-1,10,1,E01021584,0
Unvalidated,2024421428034,2024,421428034,1,9,0,9,6,3,0,5,0,0,0,0,3,1,5,1,82,11,-1,-1,-1,-1,4,1,E01021529,0
Unvalidated,2024421428034,2024,421428034,2,5,0,18,1,5,0,8,0,0,0,0,3,1,5,1,53,8,-1,-1,-1,-1,-1,-1,-1,0
Unvalidated,2024421428040,2024,421428040,1,9,0,18,7,3,0,0,0,0,0,0,1,1,5,1,86,11,-1,-1,-1,-1,6,1,E01023762,0
Unvalidated,2024421428040,2024,421428040,2,9,0,2,8,4,0,0,0,0,0,0,2,1,5,2,70,10,-1,-1,-1,-1,9,1,E01023477,0
Unvalidated,2024421428040,2024,421428040,3,9,0,3,8,4,0,0,0,0,0,0,2,1,5,2,33,6,-1,-1,-1,-1,3,1,E01021358,0
Unvalidated,2024421428040,2024,421428040,4,9,0,3,7,4,0,0,0,0,0,0,1,1,5,2,51,8,-1,-1,-1,-1,7,3,E01022088,0
Unvalidated,2024421428132,2024,421428132,1,9,0,18,3,7,0,0,0,0,0,0,1,1,6,2,43,7,-1,-1,-1,-1,7,3,E01021902,0
Unvalidated,2024421428132,2024,421428132,2,9,0,10,3,1,0,0,0,0,0,0,2,1,1,1,60,9,-1,-1,-1,-1,9,2,E01021873,0
Unvalidated,2024421428157,2024,421428157,1,9,0,18,3,7,0,1,0,0,0,0,1,1,6,1,-1,-1,-1,-1,-1,-1,-1,-1,-1,0
Unvalidated,2024421428157,2024,421428157,2,9,0,4,3,7,0,1,0,0,0,0,2,1,6,1,39,7,-1,-1,-1,-1,-1,-1,-1,0
Unvalidated,2024421428192,2024,421428192,1,98,0,13,2,6,0,1,0,0,0,0,1,1,6,3,-1,-1,-1,-1,-1,-1,-1,-1,-1,0
Unvalidated,2024421428192,2024,421428192,2,1,0,9,2,8,0,1,2,0,0,0,2,1,1,1,41,7,-1,-1,-1,-1,-1,-1,-1,0
Unvalidated,2024421428274,2024,421428274,1,9,0,7,8,2,0,0,0,0,0,0,1,1,6,2,45,7,-1,-1,-1,-1,6,1,E01021689,0
Unvalidated,2024421428274,2024,421428274,2,9,0,18,4,1,0,0,0,0,0,0,4,1,6,1,71,10,-1,-1,-1,-1,6,1,E01021355,0
Unvalidated,2024421428445,2024,421428445,1,9,0,18,2,6,0,0,0,0,0,0,1,1,6,1,23,5,-1,-1,-1,-1,4,3,E01016143,0
Unvalidated,2024421428445,2024,421428445,2,9,0,4,2,6,0,0,0,0,0,0,2,1,6,1,22,5,-1,-1,-1,-1,6,3,E01015943,0
Unvalidated,2024421428494,2024,421428494,1,9,0,18,2,6,0,0,0,0,0,0,1,1,5,1,26,6,-1,-1,-1,-1,-1,1,-1,0
Unvalidated,2024421428494,2024,421428494,2,9,0,9,6,4,0,0,0,0,0,0,4,1,6,2,35,6,-1,-1,-1,-1,10,3,E01022062,0
Unvalidated,2024421428494,2024,421428494,3,9,0,18,6,2,0,0,0,0,0,0,1,1,6,2,34,6,-1,-1,-1,-1,10,2,E01022085,0
Unvalidated,2024421428545,2024,421428545,1,9,0,13,6,2,0,1,1,7,1,0,1,1,5,1,30,6,-1,-1,-1,-1,8,1,E01021544,0
Unvalidated,2024421428545,2024,421428545,2,11,0,18,2,6,0,1,0,0,0,0,3,1,1,1,31,6,-1,-1,-1,-1,2,1,E01023339,0
Unvalidated,2024421428632,2024,421428632,1,9,0,5,1,5,0,4,0,0,0,0,3,1,2,1,65,9,-1,-1,-1,-1,9,1,E01021390,0
Unvalidated,2024421428632,2024,421428632,2,3,0,18,7,3,0,4,0,0,0,0,1,1,2,1,44,7,-1,-1,-1,-1,10,1,E01021366,0
Unvalidated,2024421428724,2024,421428724,1,5,0,7,4,6,0,8,1,0,0,0,3,1,5,2,51,8,-1,-1,-1,-1,6,1,E01015816,0
Unvalidated,2024421428798,2024,421428798,1,5,0,18,6,2,0,0,2,0,0,0,1,1,6,1,36,7,-1,-1,-1,-1,5,2,E01030187,0
Unvalidated,2024421428798,2024,421428798,2,9,0,18,6,2,0,0,0,0,0,0,2,1,5,1,57,9,-1,-1,-1,-1,2,1,E01033122,0
Unvalidated,2024421428798,2024,421428798,3,9,0,18,6,2,0,0,0,0,0,0,0,1,5,1,32,6,-1,-1,-1,-1,8,1,E01021544,0
Unvalidated,2024421428836,2024,421428836,1,9,0,18,1,5,0,3,0,0,0,0,1,1,6,2,26,6,-1,-1,-1,-1,2,1,E01003599,0
Unvalidated,2024421428836,2024,421428836,2,90,0,18,3,7,0,1,0,0,0,0,3,1,6,1,31,6,-1,-1,-1,-1,3,1,E01016005,0
Unvalidated,2024421428876,2024,421428876,1,9,0,9,7,4,0,0,0,0,0,0,1,1,5,2,43,7,-1,-1,-1,-1,8,1,E01021607,0
Unvalidated,2024421428876,2024,421428876,2,9,0,18,2,6,0,0,0,0,0,0,1,1,5,2,56,9,-1,-1,-1,-1,6,3,E01021907,0
Unvalidated,2024421428938,2024,421428938,1,9,0,18,2,4,0,1,0,0,0,0,1,1,6,2,27,6,-1,-1,-1,-1,2,1,E01000098,0
Unvalidated,2024421428938,2024,421428938,2,9,0,10,2,8,0,1,0,0,0,0,2,1,6,1,34,6,-1,-1,-1,-1,2,1,E01021816,0
Unvalidated,2024421428938,2024,421428938,3,9,0,18,5,1,0,1,0,0,0,0,1,1,6,1,30,6,-1,-1,-1,-1,9,1,E01021745,0
Unvalidated,2024421429023,2024,421429023,1,9,0,18,4,8,0,2,0,0,0,0,3,1,6,2,57,9,-1,-1,-1,-1,8,1,E01021510,0
Unvalidated,2024421429023,2024,421429023,2,1,0,18,2,6,0,1,0,0,0,0,3,1,6,1,24,5,-1,-1,-1,-1,7,1,E01015849,0
Unvalidated,2024421429025,2024,421429025,1,9,0,1,1,5,0,0,0,0,0,0,2,1,6,3,-1,-1,-1,-1,-1,-1,-1,-1,-1,0
Unvalidated,2024421429025,2024,421429025,2,9,0,4,1,5,0,0,0,0,0,0,1,1,6,1,41,7,-1,-1,-1,-1,8,2,E01021604,0
Unvalidated,2024421429026,2024,421429026,1,9,0,18,2,6,0,0,0,0,0,0,-1,1,6,3,-1,-1,-1,-1,-1,-1,-1,-1,-1,0
Unvalidated,2024421429359,2024,421429359,1,9,0,5,7,5,0,1,0,0,0,0,1,1,6,2,83,11,-1,-1,-1,-1,4,1,E01021274,0
Unvalidated,2024421429359,2024,421429359,2,5,0,5,2,6,0,2,1,0,0,0,1,1,6,1,65,9,-1,-1,-1,-1,3,3,E01021312,0
Unvalidated,2024421429540,2024,421429540,1,9,0,18,-1,-1,0,0,0,0,0,0,0,1,6,3,-1,-1,-1,-1,-1,-1,-1,-1,-1,0
Unvalidated,2024421429540,2024,421429540,2,3,0,7,-1,-1,0,0,1,0,0,0,3,1,6,1,19,4,-1,-1,-1,-1,9,1,E01021951,0
Unvalidated,2024421429619,2024,421429619,1,9,0,18,4,7,0,0,0,0,1,6,1,1,5,2,69,10,-1,-1,-1,-1,4,1,E01021004,0
Unvalidated,2024421429711,2024,421429711,1,9,0,9,3,2,0,6,0,0,0,0,3,1,2,2,50,8,-1,-1,-1,-1,6,1,E01021263,0
Unvalidated,2024421429711,2024,421429711,2,9,0,18,1,2,0,1,0,0,0,0,1,1,5,2,80,11,-1,-1,-1,-1,4,1,E01021293,0
Unvalidated,2024421429731,2024,421429731,1,9,0,4,8,5,0,0,1,0,0,0,1,1,5,2,21,5,-1,-1,-1,-1,8,3,E01022058,0
Unvalidated,2024421429731,2024,421429731,2,9,0,4,8,5,0,0,1,0,0,0,2,1,5,1,38,7,-1,-1,-1,-1,7,1,E01021385,0
Unvalidated,2024421429731,2024,421429731,3,9,0,4,8,5,0,0,0,0,0,0,2,1,5,2,64,9,-1,-1,-1,-1,4,1,E01021374,0
Unvalidated,2024421429749,2024,421429749,1,9,0,18,1,5,0,0,0,0,0,0,1,1,5,2,57,9,-1,-1,-1,-1,1,1,E01002280,0
Unvalidated,2024421429749,2024,421429749,2,9,0,3,1,5,0,0,0,0,0,0,2,1,6,2,54,8,-1,-1,-1,-1,10,1,E01015912,0
Unvalidated,2024421429784,2024,421429784,1,9,0,18,6,2,0,0,1,0,0,0,1,1,6,1,23,5,-1,-1,-1,-1,8,1,E01021599,0
Unvalidated,2024421429784,2024,421429784,2,9,0,18,2,6,0,0,1,0,0,0,1,1,5,2,51,8,-1,-1,-1,-1,7,3,E01021978,0
Unvalidated,2024421429831,2024,421429831,1,9,0,4,8,4,0,6,0,0,0,0,1,1,6,1,41,7,-1,-1,-1,-1,2,1,E01021596,0
Unvalidated,2024421429831,2024,421429831,2,9,0,4,6,2,0,1,0,0,0,0,4,1,5,2,26,6,-1,-1,-1,-1,8,1,E01021574,0
Unvalidated,2024421429832,2024,421429832,1,9,0,18,7,3,0,0,0,0,0,0,3,1,6,3,-1,-1,-1,-1,-1,-1,-1,-1,-1,0
Unvalidated,2024421429833,2024,421429833,1,19,0,5,3,7,0,8,0,0,0,0,1,1,1,1,77,11,-1,-1,-1,-1,1,1,E01015841,0
Unvalidated,2024421429833,2024,421429833,2,9,0,18,6,2,0,1,0,0,0,0,3,1,5,1,64,9,-1,-1,-1,-1,2,1,E01015861,0
Unvalidated,2024421429834,2024,421429834,1,19,0,18,7,3,0,0,0,0,0,0,1,1,6,1,50,8,-1,-1,-1,-1,6,3,E01021907,0
Unvalidated,2024421429834,2024,421429834,2,9,0,18,5,1,0,0,0,0,0,0,4,1,6,2,35,6,-1,-1,-1,-1,6,3,E01021907,0
Unvalidated,2024421429845,2024,421429845,1,9,0,18,8,6,0,1,0,0,0,0,1,1,1,1,25,5,-1,-1,-1,-1,9,1,E01021746,0
Unvalidated,2024421429861,2024,421429861,1,9,0,7,8,2,0,2,0,0,0,0,2,1,6,2,19,4,-1,-1,-1,-1,7,1,E01003673,0
Unvalidated,2024421429861,2024,421429861,2,1,0,18,6,2,0,2,5,0,0,0,1,1,6,1,52,8,-1,-1,-1,-1,9,1,E01021748,0
Unvalidated,2024421429948,2024,421429948,1,9,0,18,5,1,0,0,0,0,0,0,1,1,6,2,-1,-1,-1,-1,-1,-1,4,1,E01022050,0
Unvalidated,2024421429948,2024,421429948,2,22,0,-1,7,3,0,0,0,0,0,0,3,1,5,1,51,8,-1,-1,-1,-1,2,1,E01022043,0
Unvalidated,2024421430000,2024,421430000,1,9,0,6,6,4,0,0,0,0,0,0,1,1,5,1,80,11,-1,-1,-1,-1,5,1,E01022008,0
Unvalidated,2024421430000,2024,421430000,2,9,0,18,4,8,0,0,0,0,0,0,4,1,1,1,55,8,-1,-1,-1,-1,8,1,E01029887,0
Unvalidated,2024421430092,2024,421430092,1,9,0,18,3,7,0,0,0,4,0,0,4,1,5,2,73,10,-1,-1,-1,-1,9,1,E01021346,0
Unvalidated,2024421430092,2024,421430092,2,9,0,2,0,0,0,0,0,4,0,0,3,1,6,3,-1,-1,-1,-1,-1,-1,-1,-1,-1,0
Unvalidated,2024421430092,2024,421430092,3,9,0,2,0,0,0,0,0,0,0,0,4,1,6,3,-1,-1,-1,-1,-1,-1,-1,-1,-1,0
Unvalidated,2024421430201,2024,421430201,1,9,0,12,3,7,0,0,0,0,0,0,2,1,6,1,35,6,-1,-1,-1,-1,2,1,E01015851,0
Unvalidated,2024421430201,2024,421430201,2,5,0,18,3,7,0,0,1,0,7,0,1,1,6,1,21,5,-1,-1,-1,-1,2,1,E01021485,0
Unvalidated,2024421430203,2024,421430203,1,9,0,18,4,3,0,0,2,0,7,0,4,1,5,1,18,4,-1,-1,-1,-1,8,1,E01024403,0
Unvalidated,2024421430258,2024,421430258,1,9,0,18,1,5,0,0,0,0,0,0,1,1,6,2,42,7,-1,-1,-1,-1,10,1,E01021590,0
Unvalidated,2024421430258,2024,421430258,2,11,0,18,5,1,0,0,0,0,0,0,1,1,1,1,31,6,-1,-1,-1,-1,4,1,E01021425,0
Unvalidated,2024421430260,2024,421430260,1,19,0,18,8,3,0,4,0,0,0,0,1,1,6,3,30,6,-1,-1,-1,-1,-1,-1,-1,0
Unvalidated,2024421430260,2024,421430260,2,3,0,9,6,3,0,3,0,0,0,0,4,1,5,2,18,4,-1,-1,-1,-1,8,2,E01021405,0
Unvalidated,2024421430277,2024,421430277,1,9,0,-1,-1,-1,-1,0,-1,-1,-1,0,-1,1,6,3,-1,-1,-1,-1,-1,-1,-1,-1,-1,0
Unvalidated,2024421430277,2024,421430277,2,9,0,18,4,8,0,0,0,0,0,0,0,1,6,3,-1,-1,-1,-1,-1,-1,-1,-1,-1,0
Unvalidated,2024421430277,2024,421430277,3,9,0,18,4,8,0,0,1,0,0,0,1,1,6,1,30,6,-1,-1,-1,-1,5,3,E01021909,0
Unvalidated,2024421430280,2024,421430280,1,9,0,18,1,5,0,0,0,0,0,0,4,1,6,3,-1,-1,-1,-1,-1,-1,-1,-1,-1,0
Unvalidated,2024421430280,2024,421430280,2,1,-1,18,1,5,0,0,0,0,0,0,3,1,6,2,46,8,-1,-1,-1,-1,10,2,E01022070,0
Unvalidated,2024421430284,2024,421430284,1,97,0,18,-1,-1,0,0,1,0,0,0,3,1,6,1,-1,-1,-1,-1,-1,-1,-1,-1,-1,0
Unvalidated,2024421430284,2024,421430284,2,9,0,18,-1,-1,0,0,0,0,0,0,4,1,5,2,32,6,-1,-1,-1,-1,8,3,E01021924,0
Unvalidated,2024421430585,2024,421430585,1,9,0,4,5,1,0,0,0,0,0,0,1,1,6,1,20,4,-1,-1,-1,-1,7,1,E01021650,0
Unvalidated,2024421430585,2024,421430585,2,19,0,4,5,1,0,0,0,0,0,0,2,1,1,1,30,6,-1,-1,-1,-1,3,1,E01021339,0
Unvalidated,2024421430585,2024,421430585,3,19,0,4,5,1,0,0,0,0,0,0,2,1,1,1,42,7,-1,-1,-1,-1,1,1,E01030021,0
Unvalidated,2024421430598,2024,421430598,1,9,0,18,7,3,0,0,0,0,1,0,1,1,5,2,52,8,-1,-1,-1,-1,-1,-1,-1,0
Unvalidated,2024421430598,2024,421430598,2,21,0,18,4,8,0,0,0,0,0,0,1,1,5,2,54,8,-1,-1,-1,-1,5,3,E01021414,0
Unvalidated,2024421430836,2024,421430836,1,9,0,9,7,4,0,0,0,0,0,0,1,1,1,1,48,8,-1,-1,-1,-1,9,1,E01021675,0
Unvalidated,2024421430836,2024,421430836,2,9,0,18,3,7,0,0,0,0,0,0,1,1,5,2,43,7,-1,-1,-1,-1,9,3,E01029905,0
Unvalidated,2024421430887,2024,421430887,1,9,0,9,5,3,0,6,0,0,0,0,1,1,6,1,89,11,-1,-1,-1,-1,7,1,E01015837,0
Unvalidated,2024421430887,2024,421430887,2,9,0,18,7,3,0,1,0,0,1,11,4,1,6,1,84,11,-1,-1,-1,-1,10,1,E01021918,0
Unvalidated,2024421430940,2024,421430940,1,9,0,18,6,2,0,0,2,0,0,0,1,1,6,2,31,6,-1,-1,-1,-1,2,1,E01004242,0
Unvalidated,2024421430994,2024,421430994,1,9,0,4,7,3,0,1,0,0,0,0,4,1,5,1,37,7,-1,-1,-1,-1,2,1,E01033122,0
Unvalidated,2024421430994,2024,421430994,2,3,0,4,7,2,0,1,0,0,0,0,3,1,5,1,51,8,-1,-1,-1,-1,7,3,E01021660,0
Unvalidated,2024421430997,2024,421430997,1,19,0,18,1,3,0,0,0,0,1,0,1,1,1,1,51,8,-1,-1,-1,-1,5,1,E01021297,0
Unvalidated,2024421430997,2024,421430997,2,9,0,18,1,3,0,0,0,0,1,0,1,1,6,2,40,7,-1,-1,-1,-1,8,1,E01021621,0
Unvalidated,2024421431005,2024,421431005,1,97,0,18,6,2,5,0,0,0,0,0,1,1,5,1,20,4,-1,-1,-1,-1,3,1,E01021850,0
Unvalidated,2024421431025,2024,421431025,1,98,0,18,5,1,0,1,0,0,0,0,1,1,6,1,34,6,-1,-1,-1,-1,4,1,E01022012,0
Unvalidated,2024421431025,2024,421431025,2,98,0,4,1,5,0,1,0,0,0,0,1,1,6,1,29,6,-1,-1,-1,-1,1,1,E01022032,0
Unvalidated,2024421431043,2024,421431043,1,4,0,18,6,2,0,0,0,0,7,0,1,1,5,1,22,5,-1,-1,-1,-1,8,1,E01021621,0
Unvalidated,2024421431057,2024,421431057,1,9,0,18,1,4,9,0,5,0,3,1,1,1,5,2,27,6,-1,-1,-1,-1,3,2,E01015922,0
Unvalidated,2024421431060,2024,421431060,1,9,0,18,5,1,9,0,2,7,7,0,1,1,6,1,18,4,-1,-1,-1,-1,-1,-1,-1,0
Unvalidated,2024421431069,2024,421431069,1,3,0,18,3,6,0,8,5,0,0,0,1,1,6,1,28,6,-1,-1,-1,-1,8,1,E01003744,0
Unvalidated,2024421431069,2024,421431069,2,19,0,9,6,4,0,8,0,0,0,0,4,1,6,1,46,8,-1,-1,-1,-1,5,1,E01021814,0
Unvalidated,2024421431224,2024,421431224,1,9,0,18,8,5,0,0,0,0,0,0,1,1,5,2,55,8,-1,-1,-1,-1,4,1,E01021508,0
Unvalidated,2024421431297,2024,421431297,1,9,0,18,1,5,0,0,0,0,0,0,3,1,6,2,31,6,-1,-1,-1,-1,2,1,E01021846,0
Unvalidated,2024421431318,2024,421431318,1,5,0,18,1,5,0,0,0,0,7,0,1,1,5,1,65,9,-1,-1,-1,-1,6,3,E01021907,0
Unvalidated,2024421431318,2024,421431318,2,9,0,18,1,5,0,0,0,0,0,0,0,1,5,2,61,9,-1,-1,-1,-1,5,3,E01021901,0
Unvalidated,2024421431448,2024,421431448,1,9,0,9,3,1,0,1,0,0,0,0,1,1,6,1,18,4,-1,-1,-1,-1,10,1,E01021249,0
Unvalidated,2024421431448,2024,421431448,2,9,0,18,1,5,0,1,0,0,0,0,4,1,1,1,54,8,-1,-1,-1,-1,7,1,E01021914,0
Unvalidated,2024421431463,2024,421431463,1,5,0,18,7,3,0,8,0,0,0,0,1,1,5,1,49,8,-1,-1,-1,-1,4,1,E01004396,0
Unvalidated,2024421431463,2024,421431463,2,9,0,18,7,3,0,8,0,0,0,0,1,1,5,1,48,8,-1,-1,-1,-1,5,1,E01033139,0
Unvalidated,2024421431463,2024,421431463,3,9,0,18,7,3,0,8,0,0,0,0,2,1,5,1,40,7,-1,-1,-1,-1,8,2,E01021533,0
Unvalidated,2024421431512,2024,421431512,1,9,0,18,1,5,0,0,0,0,0,0,1,1,6,1,60,9,-1,-1,-1,-1,-1,-1,-1,0
Unvalidated,2024421431561,2024,421431561,1,9,0,18,4,8,0,4,0,0,0,0,3,1,5,1,58,9,-1,-1,-1,-1,1,1,E01021665,0
Unvalidated,2024421431561,2024,421431561,2,1,0,18,2,6,0,8,5,0,0,0,1,1,1,1,29,6,-1,-1,-1,-1,1,1,E01021696,0
Unvalidated,2024421431620,2024,421431620,1,9,0,4,7,3,0,0,0,0,0,0,1,1,6,3,-1,-1,-1,-1,-1,-1,-1,-1,-1,0
Unvalidated,2024421431620,2024,421431620,2,19,0,4,7,3,0,0,0,0,0,0,2,1,1,1,25,5,-1,-1,-1,-1,3,1,E01015988,0
Unvalidated,2024421431620,2024,421431620,3,9,0,4,7,3,0,0,0,0,0,0,2,1,6,2,25,5,-1,-1,-1,-1,8,1,E01033611,0
Unvalidated,2024421431630,2024,421431630,1,9,0,18,1,5,0,1,0,0,0,0,1,1,6,3,-1,-1,-1,-1,-1,-1,-1,-1,-1,0
Unvalidated,2024421431630,2024,421431630,2,9,0,4,1,5,0,1,0,0,0,0,2,1,6,2,44,7,-1,-1,-1,-1,8,1,E01021795,0
Unvalidated,2024421431645,2024,421431645,1,9,0,4,7,3,0,4,0,0,0,0,1,1,6,3,-1,-1,-1,-1,-1,-1,-1,-1,-1,0
Unvalidated,2024421431645,2024,421431645,2,9,0,4,7,3,0,4,0,0,0,0,2,1,6,2,58,9,-1,-1,-1,-1,3,1,E01016005,0
Unvalidated,2024421431658,2024,421431658,1,97,0,4,5,1,0,1,0,0,0,0,1,1,6,3,-1,-1,-1,-1,-1,-1,-1,-1,-1,0
Unvalidated,2024421431658,2024,421431658,2,9,0,10,1,5,0,1,0,0,0,0,2,1,6,2,65,9,-1,-1,-1,-1,8,1,E01021349,0
Unvalidated,2024421431703,2024,421431703,1,9,0,18,5,8,0,4,5,0,7,0,3,1,6,1,18,4,-1,-1,-1,-1,4,2,E01015948,0
Unvalidated,2024421431703,2024,421431703,2,9,0,18,5,7,0,4,0,0,0,0,0,1,1,1,46,8,-1,-1,-1,-1,-1,-1,-1,0
Unvalidated,2024421431703,2024,421431703,3,3,0,3,4,7,0,1,5,0,7,0,4,1,6,2,19,4,-1,-1,-1,-1,9,1,E01016147,0
Unvalidated,2024421431728,2024,421431728,1,9,0,18,3,1,0,0,0,0,0,0,3,1,6,1,-1,-1,-1,-1,-1,-1,4,1,E01021820,0
Unvalidated,2024421431728,2024,421431728,2,11,0,14,1,3,0,0,0,0,0,0,3,1,1,2,54,8,-1,-1,-1,-1,-1,1,-1,0
Unvalidated,2024421431824,2024,421431824,1,1,0,9,3,8,0,8,0,0,0,0,1,1,6,1,43,7,-1,-1,-1,-1,4,1,E01021688,0
Unvalidated,2024421431824,2024,421431824,2,9,0,18,4,8,0,8,0,0,0,0,4,1,5,2,26,6,-1,-1,-1,-1,7,1,E01021684,0
Unvalidated,2024421431876,2024,421431876,1,9,0,18,2,6,0,6,0,0,0,0,1,1,5,2,34,6,-1,-1,-1,-1,2,1,E01022043,0
Unvalidated,2024421431876,2024,421431876,2,9,0,2,0,0,0,8,0,0,0,0,1,1,5,1,40,7,-1,-1,-1,-1,2,1,E01021977,0
Unvalidated,2024421431881,2024,421431881,1,21,1,11,4,8,0,0,0,0,0,0,4,1,1,1,61,9,-1,-1,-1,-1,8,1,E01023660,0
Unvalidated,2024421431881,2024,421431881,2,9,0,18,4,8,0,0,1,0,0,0,3,1,5,2,20,4,-1,-1,-1,-1,1,1,E01003245,0
Unvalidated,2024421431919,2024,421431919,1,98,1,11,3,7,0,0,0,0,0,0,1,1,6,3,-1,-1,-1,-1,-1,-1,-1,-1,-1,0
Unvalidated,2024421431919,2024,421431919,2,9,0,18,3,7,0,0,0,0,0,0,2,1,2,2,25,5,-1,-1,-1,-1,2,1,E01021685,0
Unvalidated,2024421431944,2024,421431944,1,90,0,17,1,7,9,8,5,10,0,0,0,1,5,1,14,3,-1,-1,-1,-1,2,1,E01021969,1