status,collision_index,collision_year,collision_reference,vehicle_reference,vehicle_type,towing_and_articulation,vehicle_manoeuvre,vehicle_direction_from,vehicle_direction_to,vehicle_location_restricted_lane,junction_location,skidding_and_overturning,hit_object_in_carriageway,vehicle_leaving_carriageway,hit_object_off_carriageway,first_point_of_impact,vehicle_left_hand_drive,journey_purpose_of_driver,sex_of_driver,age_of_driver,age_band_of_driver,engine_capacity_cc,propulsion_code,age_of_vehicle,generic_make_model,driver_imd_decile,driver_home_area_type,lsoa_of_driver,escooter_flag
Unvalidated,2024421432022,2024,421432022,1,9,0,1,6,5,0,0,0,0,0,0,3,2,5,1,42,7,-1,-1,-1,-1,4,1,E01015953,0
Unvalidated,2024421432036,2024,421432036,1,9,0,18,1,5,0,0,0,0,0,0,1,1,6,2,-1,-1,-1,-1,-1,-1,-1,-1,-1,0
Unvalidated,2024421432036,2024,421432036,2,9,0,18,1,5,0,0,0,0,0,0,3,1,6,2,61,9,-1,-1,-1,-1,10,1,E01021242,0
Unvalidated,2024421432047,2024,421432047,1,3,0,18,1,5,0,0,0,0,0,0,1,1,6,1,-1,-1,-1,-1,-1,-1,-1,-1,-1,0
Unvalidated,2024421432054,2024,421432054,1,9,0,7,8,2,0,1,0,0,0,0,1,1,6,1,-1,-1,-1,-1,-1,-1,-1,-1,-1,0
Unvalidated,2024421432054,2024,421432054,2,9,0,18,6,2,0,1,0,0,0,0,1,1,6,2,34,6,-1,-1,-1,-1,2,1,E01015840,0
Unvalidated,2024421432135,2024,421432135,1,9,0,18,5,8,0,8,0,0,0,0,1,1,5,1,82,11,-1,-1,-1,-1,9,2,E01022013,0
Unvalidated,2024421432170,2024,421432170,1,9,0,5,6,1,0,4,0,0,0,0,1,1,6,1,46,8,-1,-1,-1,-1,-1,1,-1,0
Unvalidated,2024421432170,2024,421432170,2,1,0,18,4,1,0,3,0,0,0,0,4,1,5,1,55,8,-1,-1,-1,-1,10,1,E01021935,0
Unvalidated,2024421432219,2024,421432219,1,9,0,9,1,7,0,2,0,0,0,0,3,1,6,1,75,10,-1,-1,-1,-1,8,2,E01021801,0
Unvalidated,2024421432219,2024,421432219,2,9,0,18,7,3,0,1,0,0,0,0,1,1,6,1,64,9,-1,-1,-1,-1,7,1,E01021813,0
Unvalidated,2024421432238,2024,421432238,1,9,0,18,7,3,0,0,0,0,0,0,1,1,5,2,48,8,-1,-1,-1,-1,7,1,E01021505,0
Unvalidated,2024421432393,2024,421432393,1,9,0,9,1,7,0,8,0,0,0,0,1,1,5,1,37,7,-1,-1,-1,-1,3,1,E01021588,0
Unvalidated,2024421432393,2024,421432393,2,1,0,18,7,3,0,8,5,0,0,0,4,1,6,1,59,9,-1,-1,-1,-1,9,1,E01021560,0
Unvalidated,2024421432431,2024,421432431,1,9,0,18,6,2,0,0,2,0,0,0,1,1,6,1,20,4,-1,-1,-1,-1,5,3,E01021414,0
Unvalidated,2024421432466,2024,421432466,1,9,0,18,2,6,0,0,0,0,0,0,1,1,5,2,46,8,-1,-1,-1,-1,6,3,E01021907,0
Unvalidated,2024421432466,2024,421432466,2,9,0,4,2,6,0,0,0,0,0,0,2,1,5,2,29,6,-1,-1,-1,-1,10,1,E01021614,0
Unvalidated,2024421432487,2024,421432487,1,9,0,9,7,5,0,8,0,0,0,0,1,1,6,1,23,5,-1,-1,-1,-1,7,1,E01021856,0
Unvalidated,2024421432487,2024,421432487,2,1,0,18,5,1,0,8,0,0,0,0,4,1,2,1,69,10,-1,-1,-1,-1,2,1,E01003712,0
Unvalidated,2024421432497,2024,421432497,1,9,0,18,5,1,0,0,1,0,0,0,1,1,6,1,-1,-1,-1,-1,-1,-1,-1,-1,-1,0
Unvalidated,2024421432497,2024,421432497,2,9,0,18,1,5,0,0,0,0,0,0,1,1,5,1,34,6,-1,-1,-1,-1,7,2,E01021657,0
Unvalidated,2024421432524,2024,421432524,1,9,0,18,5,1,0,0,1,7,7,6,3,1,2,1,20,4,-1,-1,-1,-1,9,2,E01023653,0
Unvalidated,2024421432527,2024,421432527,1,3,0,4,4,8,0,0,0,4,0,0,1,1,6,1,22,5,-1,-1,-1,-1,3,2,E01021726,0
Unvalidated,2024421432527,2024,421432527,2,9,0,3,4,8,0,0,0,0,0,0,2,1,6,1,52,8,-1,-1,-1,-1,10,2,E01021402,0
Unvalidated,2024421432537,2024,421432537,1,9,0,13,8,3,0,3,0,7,0,0,2,1,5,1,70,10,-1,-1,-1,-1,4,1,E01021508,0
Unvalidated,2024421432537,2024,421432537,2,20,0,18,1,6,0,3,0,7,0,0,1,1,1,1,55,8,-1,-1,-1,-1,6,3,E01026452,0
Unvalidated,2024421432555,2024,421432555,1,4,0,13,2,6,0,1,0,0,0,0,4,1,2,1,36,7,-1,-1,-1,-1,-1,-1,-1,0
Unvalidated,2024421432555,2024,421432555,2,9,0,9,2,7,0,1,0,0,0,0,3,1,5,1,42,7,-1,-1,-1,-1,8,2,E01022083,0
Unvalidated,2024421432634,2024,421432634,1,9,0,18,7,3,0,0,2,10,2,11,1,1,6,1,71,10,-1,-1,-1,-1,6,3,E01021875,0
Unvalidated,2024421432646,2024,421432646,1,97,0,18,7,3,0,0,0,0,0,0,3,1,6,1,61,9,-1,-1,-1,-1,7,1,E01021556,0
Unvalidated,2024421432762,2024,421432762,1,9,0,9,7,5,0,5,0,0,7,0,4,1,5,2,57,9,-1,-1,-1,-1,6,1,E01021542,0
Unvalidated,2024421432762,2024,421432762,2,8,0,18,3,7,0,1,0,0,0,0,1,1,1,1,56,9,-1,-1,-1,-1,4,1,E01021894,0
Unvalidated,2024421432781,2024,421432781,1,3,0,18,7,3,0,2,0,0,0,0,3,1,5,1,22,5,-1,-1,-1,-1,6,1,E01022010,0
Unvalidated,2024421432781,2024,421432781,2,19,0,18,3,7,0,2,0,0,0,0,3,1,5,1,49,8,-1,-1,-1,-1,3,3,E01022047,0
Unvalidated,2024421432786,2024,421432786,1,9,0,18,7,3,0,0,0,0,0,0,1,1,5,1,32,6,-1,-1,-1,-1,2,1,E01021316,0
Unvalidated,2024421432786,2024,421432786,2,9,0,18,7,3,0,0,0,0,0,0,2,1,5,2,45,7,-1,-1,-1,-1,5,2,E01021753,0
Unvalidated,2024421432898,2024,421432898,1,9,0,18,2,6,0,0,0,0,0,0,1,1,2,1,20,4,-1,-1,-1,-1,5,1,E01021487,0
Unvalidated,2024421432898,2024,421432898,2,9,0,18,2,6,0,0,0,0,0,0,2,1,1,2,27,6,-1,-1,-1,-1,6,1,E01015866,0
Unvalidated,2024421433053,2024,421433053,1,9,0,18,7,3,0,4,0,0,0,0,1,1,5,2,38,7,-1,-1,-1,-1,-1,-1,-1,0
Unvalidated,2024421433053,2024,421433053,2,1,0,18,5,1,0,3,0,0,0,0,4,1,6,1,38,7,-1,-1,-1,-1,3,1,E01021823,0
Unvalidated,2024421433192,2024,421433192,1,9,0,18,7,4,0,1,0,0,0,0,1,1,5,2,76,11,-1,-1,-1,-1,10,2,E01021633,0
Unvalidated,2024421433192,2024,421433192,2,9,0,9,4,1,0,8,0,0,0,0,1,1,5,2,42,7,-1,-1,-1,-1,8,2,E01021405,0
Unvalidated,2024421433214,2024,421433214,1,9,0,18,4,7,0,0,0,0,0,0,1,1,2,1,24,5,-1,-1,-1,-1,10,1,E01021929,0
Unvalidated,2024421433214,2024,421433214,2,9,0,4,4,7,0,0,0,0,0,0,2,1,6,2,38,7,-1,-1,-1,-1,7,1,E01021505,0
Unvalidated,2024421433260,2024,421433260,1,9,0,13,5,1,0,0,0,0,1,0,1,1,6,1,25,5,-1,-1,-1,-1,7,3,E01022088,0
Unvalidated,2024421433260,2024,421433260,2,9,0,18,5,1,0,0,0,0,1,0,1,1,6,1,86,11,-1,-1,-1,-1,6,3,E01022096,0
Unvalidated,2024421433260,2024,421433260,3,9,0,18,5,1,0,0,0,0,0,0,0,1,6,2,49,8,-1,-1,-1,-1,4,2,E01021802,0
Unvalidated,2024421433260,2024,421433260,4,9,0,18,1,5,0,0,0,0,0,0,0,1,6,2,28,6,-1,-1,-1,-1,6,3,E01021769,0
Unvalidated,2024421433260,2024,421433260,5,9,0,13,1,5,0,0,0,0,0,0,0,1,6,1,43,7,-1,-1,-1,-1,8,3,E01022058,0
Unvalidated,2024421433402,2024,421433402,1,9,0,5,8,4,0,0,1,0,0,0,1,1,6,1,24,5,-1,-1,-1,-1,7,1,E01021515,0
Unvalidated,2024421433402,2024,421433402,2,90,0,5,8,4,0,0,0,0,0,0,1,1,6,1,44,7,-1,-1,-1,-1,2,1,E01015899,0
Unvalidated,2024421433402,2024,421433402,3,90,0,5,8,4,0,0,0,0,0,0,2,1,1,1,58,9,-1,-1,-1,-1,9,1,E01021933,0
Unvalidated,2024421433402,2024,421433402,4,90,0,5,8,4,0,0,0,0,0,0,4,1,1,1,36,7,-1,-1,-1,-1,4,1,E01015835,0
Unvalidated,2024421433465,2024,421433465,1,9,0,1,1,5,0,0,2,0,0,0,2,1,6,2,93,11,-1,-1,-1,-1,7,3,E01021412,0
Unvalidated,2024421433465,2024,421433465,2,9,0,18,1,5,0,0,0,0,0,0,4,1,6,2,63,9,-1,-1,-1,-1,5,3,E01021414,0
Unvalidated,2024421433497,2024,421433497,1,9,0,18,3,7,0,0,0,0,0,0,3,1,5,2,81,11,-1,-1,-1,-1,3,1,E01021326,0
Unvalidated,2024421433497,2024,421433497,2,9,0,2,0,0,0,0,0,0,0,0,2,1,6,3,-1,-1,-1,-1,-1,-1,-1,-1,-1,0
Unvalidated,2024421433543,2024,421433543,1,21,0,18,6,2,0,0,0,0,0,0,1,1,1,1,53,8,-1,-1,-1,-1,8,1,E01021717,0
Unvalidated,2024421433543,2024,421433543,2,21,1,4,6,2,0,0,0,0,0,0,3,1,1,2,37,7,-1,-1,-1,-1,4,1,E01016003,0
Unvalidated,2024421433543,2024,421433543,3,9,0,18,6,2,0,0,0,0,0,0,2,1,6,1,-1,-1,-1,-1,-1,-1,5,1,E01023201,0
Unvalidated,2024421433543,2024,421433543,4,9,0,18,6,2,0,0,0,0,0,0,1,1,6,2,27,6,-1,-1,-1,-1,1,1,E01021290,0
Unvalidated,2024421433543,2024,421433543,5,9,0,18,6,2,0,0,0,0,0,0,3,1,6,1,76,11,-1,-1,-1,-1,2,3,E01022046,0
Unvalidated,2024421433543,2024,421433543,6,9,0,18,6,2,0,0,0,0,0,0,4,1,1,1,-1,-1,-1,-1,-1,-1,-1,-1,-1,0
Unvalidated,2024421433667,2024,421433667,1,9,0,18,8,4,0,0,1,0,7,0,3,1,5,1,48,8,-1,-1,-1,-1,4,3,E01022018,0
Unvalidated,2024421433667,2024,421433667,2,9,0,18,8,4,0,0,0,0,0,0,0,1,5,1,44,7,-1,-1,-1,-1,8,1,E01021544,0
Unvalidated,2024421433676,2024,421433676,1,3,0,12,7,3,0,0,2,0,0,0,0,1,6,1,25,5,-1,-1,-1,-1,3,1,E01021490,0
Unvalidated,2024421433676,2024,421433676,2,98,1,18,7,3,0,0,0,0,0,0,0,1,1,1,59,9,-1,-1,-1,-1,4,1,E01021310,0
Unvalidated,2024421433732,2024,421433732,1,8,0,6,7,7,0,0,0,0,0,0,3,1,1,1,52,8,-1,-1,-1,-1,3,1,E01003588,0
Unvalidated,2024421433732,2024,421433732,2,4,0,13,7,3,0,0,5,0,0,0,4,1,2,1,29,6,-1,-1,-1,-1,7,3,E01033052,0
Unvalidated,2024421433894,2024,421433894,1,9,0,9,6,3,0,6,0,0,7,0,1,1,5,2,31,6,-1,-1,-1,-1,4,1,E01021296,0
Unvalidated,2024421433907,2024,421433907,1,9,0,18,5,1,0,0,2,0,0,0,3,1,6,2,35,6,-1,-1,-1,-1,5,1,E01000467,0
Unvalidated,2024421433907,2024,421433907,2,19,0,18,5,1,0,0,1,0,0,0,1,1,5,1,45,7,-1,-1,-1,-1,8,1,E01033275,0
Unvalidated,2024421433923,2024,421433923,1,9,0,5,1,6,0,2,0,0,7,0,3,1,6,2,71,10,-1,-1,-1,-1,7,3,E01021540,0
Unvalidated,2024421433923,2024,421433923,2,9,0,18,5,1,0,1,0,0,1,0,1,1,6,2,58,9,-1,-1,-1,-1,10,1,E01021600,0
Unvalidated,2024421433961,2024,421433961,1,9,0,18,3,6,0,0,5,0,7,0,1,1,6,1,61,9,-1,-1,-1,-1,8,2,E01021795,0
Unvalidated,2024421434165,2024,421434165,1,9,0,18,5,1,6,4,0,0,0,0,1,1,6,1,42,7,-1,-1,-1,-1,4,1,E01001497,0
Unvalidated,2024421434165,2024,421434165,2,4,0,18,3,7,0,3,0,0,0,0,2,1,1,1,26,6,-1,-1,-1,-1,4,1,E01023302,0
Unvalidated,2024421434207,2024,421434207,1,9,0,18,3,7,0,0,0,0,0,0,1,1,6,1,-1,-1,-1,-1,-1,-1,-1,-1,-1,0
Unvalidated,2024421434207,2024,421434207,2,9,0,18,3,7,0,0,0,0,0,0,2,1,6,2,40,7,-1,-1,-1,-1,3,1,E01021840,0
Unvalidated,2024421434209,2024,421434209,1,9,0,18,3,7,0,0,0,0,0,0,1,1,5,1,47,8,-1,-1,-1,-1,1,1,E01021323,0
Unvalidated,2024421434209,2024,421434209,2,1,0,18,5,1,0,0,0,0,0,0,1,1,6,1,14,3,-1,-1,-1,-1,1,1,E01021325,0
Unvalidated,2024421434444,2024,421434444,1,9,0,9,7,4,0,0,0,0,0,0,1,1,2,2,56,9,-1,-1,-1,-1,-1,-1,-1,0
Unvalidated,2024421434458,2024,421434458,1,9,0,18,2,6,0,0,0,0,0,0,0,1,6,3,16,4,-1,-1,-1,-1,-1,-1,-1,0
Unvalidated,2024421434458,2024,421434458,2,9,0,3,6,2,0,0,0,4,0,0,1,1,6,1,79,11,-1,-1,-1,-1,8,1,E01021332,0
Unvalidated,2024421434458,2024,421434458,3,98,0,2,0,0,0,0,0,0,0,0,1,1,6,3,-1,-1,-1,-1,-1,-1,-1,-1,-1,0
Unvalidated,2024421434598,2024,421434598,1,9,0,18,8,2,0,0,0,0,7,0,1,1,5,1,19,4,-1,-1,-1,-1,10,2,E01021643,0
Unvalidated,2024421434598,2024,421434598,2,9,0,18,4,6,0,0,0,0,0,0,1,1,5,1,29,6,-1,-1,-1,-1,2,1,E01016009,0
Unvalidated,2024421434598,2024,421434598,3,9,0,18,8,2,0,0,0,0,1,0,1,1,5,1,27,6,-1,-1,-1,-1,8,2,E01021725,0
Unvalidated,2024421434598,2024,421434598,4,9,0,2,8,2,0,0,0,0,0,0,2,1,5,1,33,6,-1,-1,-1,-1,5,3,E01021909,0
Unvalidated,2024421434598,2024,421434598,5,9,0,18,8,2,0,0,0,0,0,0,1,1,5,1,21,5,-1,-1,-1,-1,7,3,E01021910,0
Unvalidated,2024421434600,2024,421434600,1,9,0,9,5,3,0,3,0,0,0,0,1,1,6,1,60,9,-1,-1,-1,-1,6,2,E01033056,0
Unvalidated,2024421434600,2024,421434600,2,9,0,18,1,5,0,1,0,0,0,0,4,1,6,2,25,5,-1,-1,-1,-1,8,3,E01022092,0
Unvalidated,2024421434806,2024,421434806,1,19,0,1,8,4,0,0,0,0,0,0,2,1,1,1,50,8,-1,-1,-1,-1,4,1,E01001420,0
Unvalidated,2024421434943,2024,421434943,1,9,0,5,3,7,0,4,0,0,0,0,1,1,5,1,66,10,-1,-1,-1,-1,4,1,E01021283,0
Unvalidated,2024421434943,2024,421434943,2,3,0,9,7,3,0,3,0,0,0,0,4,1,2,1,62,9,-1,-1,-1,-1,6,1,E01021541,0
Unvalidated,2024421434973,2024,421434973,1,9,0,1,1,5,0,1,0,0,0,0,2,1,6,1,32,6,-1,-1,-1,-1,1,1,E01015842,0
Unvalidated,2024421434973,2024,421434973,2,1,0,14,3,7,0,1,0,0,0,0,3,1,6,1,57,9,-1,-1,-1,-1,5,1,E01015832,0
Unvalidated,2024421434976,2024,421434976,1,9,0,18,6,3,0,1,0,0,0,0,4,1,6,2,-1,-1,-1,-1,-1,-1,7,1,E01021511,0
Unvalidated,2024421434976,2024,421434976,2,9,0,10,6,3,0,1,0,0,0,0,3,1,6,2,38,7,-1,-1,-1,-1,7,1,E01021476,0
Unvalidated,2024421434988,2024,421434988,1,9,0,4,1,3,0,1,0,0,0,0,1,1,6,3,-1,-1,-1,-1,-1,-1,-1,-1,-1,0
Unvalidated,2024421434988,2024,421434988,2,9,0,3,1,3,0,1,0,0,0,0,2,1,3,2,35,6,-1,-1,-1,-1,7,3,E01021344,0
Unvalidated,2024421435038,2024,421435038,1,9,0,18,8,4,0,0,0,0,0,0,1,1,6,1,20,4,-1,-1,-1,-1,10,2,E01021738,0
Unvalidated,2024421435038,2024,421435038,2,9,0,18,8,4,0,0,0,0,0,0,2,1,5,1,19,4,-1,-1,-1,-1,-1,-1,-1,0
Unvalidated,2024421435076,2024,421435076,1,9,0,18,1,5,0,0,0,0,0,0,1,1,6,1,-1,-1,-1,-1,-1,-1,-1,-1,-1,0
Unvalidated,2024421435076,2024,421435076,2,9,0,8,3,5,0,0,0,0,0,0,2,1,6,2,56,9,-1,-1,-1,-1,10,2,E01021379,0
Unvalidated,2024421435087,2024,421435087,1,9,0,9,5,3,0,0,0,0,0,0,1,1,6,1,53,8,-1,-1,-1,-1,5,1,E01021683,0
Unvalidated,2024421435087,2024,421435087,2,1,0,18,3,7,0,0,0,0,0,0,4,1,2,1,27,6,-1,-1,-1,-1,2,1,E01021685,0
Unvalidated,2024421435118,2024,421435118,1,9,0,18,3,7,0,0,1,7,0,0,4,1,2,2,30,6,-1,-1,-1,-1,1,1,E01033130,0
Unvalidated,2024421435118,2024,421435118,2,9,0,18,3,7,0,0,0,0,0,0,3,1,6,1,65,9,-1,-1,-1,-1,5,1,E01022008,0
Unvalidated,2024421435132,2024,421435132,1,9,0,7,7,1,0,6,0,0,0,0,1,1,6,3,-1,-1,-1,-1,-1,-1,-1,-1,-1,0
Unvalidated,2024421435132,2024,421435132,2,9,0,8,1,3,0,2,0,0,0,0,1,1,5,1,22,5,-1,-1,-1,-1,5,1,E01015992,0
Unvalidated,2024421435189,2024,421435189,1,98,0,18,3,8,0,0,0,0,0,0,0,1,6,3,-1,-1,-1,-1,-1,-1,-1,-1,-1,0
Unvalidated,2024421435189,2024,421435189,2,9,0,18,4,7,0,0,0,0,0,0,1,1,5,1,62,9,-1,-1,-1,-1,10,1,E01023423,0
Unvalidated,2024421435346,2024,421435346,1,9,0,18,7,3,0,0,0,0,0,0,1,1,5,1,43,7,-1,-1,-1,-1,5,1,E01021417,0
Unvalidated,2024421435542,2024,421435542,1,9,0,18,2,6,0,8,0,0,1,0,1,1,2,2,64,9,-1,-1,-1,-1,8,3,E01021400,0
Unvalidated,2024421435542,2024,421435542,2,19,0,18,4,8,0,8,2,0,7,0,4,1,2,1,36,7,-1,-1,-1,-1,8,1,E01021885,0
Unvalidated,2024421435657,2024,421435657,1,19,0,18,3,7,0,0,0,0,0,0,1,1,1,1,36,7,-1,-1,-1,-1,-1,-1,-1,0
Unvalidated,2024421435657,2024,421435657,2,9,0,18,3,7,0,0,0,0,0,0,2,1,5,1,29,6,-1,-1,-1,-1,-1,-1,-1,0
Unvalidated,2024421435657,2024,421435657,3,9,0,18,3,7,0,0,0,0,0,0,2,1,6,1,60,9,-1,-1,-1,-1,-1,-1,-1,0
Unvalidated,2024421435672,2024,421435672,1,5,0,18,3,6,0,0,2,11,1,6,1,1,6,1,21,5,-1,-1,-1,-1,7,1,E01033720,0
Unvalidated,2024421435730,2024,421435730,1,9,0,5,3,3,0,0,0,0,1,0,1,1,6,2,86,11,-1,-1,-1,-1,10,1,E01021237,0
Unvalidated,2024421435730,2024,421435730,2,9,0,5,3,3,0,0,0,0,0,0,2,1,2,2,45,7,-1,-1,-1,-1,4,1,E01003757,0
Unvalidated,2024421435734,2024,421435734,1,90,0,18,8,6,0,8,0,0,0,0,4,1,6,1,21,5,-1,-1,-1,-1,10,1,E01021545,0
Unvalidated,2024421435734,2024,421435734,2,9,0,18,1,5,0,8,0,0,0,0,1,1,5,1,33,6,-1,-1,-1,-1,1,1,E01018524,0
Unvalidated,2024421435777,2024,421435777,1,9,0,18,7,3,0,0,0,0,0,0,1,1,5,1,52,8,-1,-1,-1,-1,4,1,E01021374,0
Unvalidated,2024421435777,2024,421435777,2,19,0,18,3,7,0,0,0,0,0,0,1,1,1,1,40,7,-1,-1,-1,-1,6,1,E01021356,0
Unvalidated,2024421435792,2024,421435792,1,9,0,5,5,3,0,6,0,0,0,0,1,1,2,2,59,9,-1,-1,-1,-1,8,1,E01021599,0
Unvalidated,2024421435792,2024,421435792,2,1,0,18,7,3,0,1,0,0,0,0,1,1,6,1,49,8,-1,-1,-1,-1,4,1,E01021598,0
Unvalidated,2024421435935,2024,421435935,1,97,0,18,1,5,0,1,0,0,0,0,1,1,6,2,58,9,-1,-1,-1,-1,9,1,E01021532,0
Unvalidated,2024421435935,2024,421435935,2,9,0,9,1,5,0,1,0,0,0,0,3,1,6,2,24,5,-1,-1,-1,-1,6,1,E01021509,0
Unvalidated,2024421435948,2024,421435948,1,3,0,11,5,1,0,0,1,0,0,0,1,1,5,1,64,9,-1,-1,-1,-1,1,1,E01015886,0
Unvalidated,2024421435948,2024,421435948,2,9,0,18,5,1,0,0,0,0,0,0,2,1,5,2,21,5,-1,-1,-1,-1,2,1,E01021322,0
Unvalidated,2024421436003,2024,421436003,1,21,0,7,5,1,0,0,5,0,0,0,3,1,1,1,57,9,-1,-1,-1,-1,9,1,E01022076,0
Unvalidated,2024421436025,2024,421436025,1,9,0,18,6,8,9,6,0,0,0,0,1,1,6,1,33,6,-1,-1,-1,-1,9,1,E01022983,0
Unvalidated,2024421436025,2024,421436025,2,1,0,18,8,3,9,8,1,0,0,0,1,1,6,1,21,5,-1,-1,-1,-1,3,1,E01033722,0
Unvalidated,2024421436047,2024,421436047,1,19,0,18,7,3,0,0,0,0,0,0,1,1,1,1,30,6,-1,-1,-1,-1,5,1,E01001086,0
Unvalidated,2024421436047,2024,421436047,2,9,0,18,3,7,0,0,0,0,0,0,1,1,5,1,47,8,-1,-1,-1,-1,6,1,E01021562,0
Unvalidated,2024421436087,2024,421436087,1,9,0,18,3,1,0,1,1,0,0,0,1,1,6,1,25,5,-1,-1,-1,-1,3,1,E01021276,0
Unvalidated,2024421436139,2024,421436139,1,9,0,1,2,1,0,8,0,0,0,0,3,1,5,2,84,11,-1,-1,-1,-1,10,1,E01023503,0
Unvalidated,2024421436139,2024,421436139,2,9,0,2,0,0,0,2,0,0,0,0,4,1,6,3,-1,-1,-1,-1,-1,-1,-1,-1,-1,0
Unvalidated,2024421436143,2024,421436143,1,9,0,9,5,3,0,6,0,0,0,0,1,1,5,1,79,11,-1,-1,-1,-1,8,1,E01021690,0
Unvalidated,2024421436143,2024,421436143,2,3,0,14,3,7,0,1,0,0,0,0,1,1,2,1,17,4,-1,-1,-1,-1,2,1,E01021270,0
Unvalidated,2024421436194,2024,421436194,1,9,0,18,6,2,0,0,0,0,0,0,1,1,2,1,65,9,-1,-1,-1,-1,9,1,E01026519,0
Unvalidated,2024421436194,2024,421436194,2,9,0,18,6,2,0,0,0,0,0,0,2,1,5,2,79,11,-1,-1,-1,-1,5,3,E01021443,0
Unvalidated,2024421436227,2024,421436227,1,9,0,9,7,3,0,0,0,0,7,0,4,1,5,1,34,6,-1,-1,-1,-1,2,2,E01021989,0
Unvalidated,2024421436227,2024,421436227,2,5,0,18,3,7,0,0,1,0,0,0,1,1,5,1,28,6,-1,-1,-1,-1,2,3,E01022046,0
Unvalidated,2024421436390,2024,421436390,1,9,0,18,3,1,0,8,0,0,0,0,1,1,6,1,41,7,-1,-1,-1,-1,6,1,E01023921,0
Unvalidated,2024421436390,2024,421436390,2,9,0,9,7,5,0,8,0,0,0,0,3,1,5,1,53,8,-1,-1,-1,-1,3,1,E01021852,0
Unvalidated,2024421436399,2024,421436399,1,9,0,5,3,7,0,0,0,0,1,1,1,1,5,1,67,10,-1,-1,-1,-1,7,1,E01021722,0
Unvalidated,2024421436429,2024,421436429,1,9,0,18,5,1,0,0,1,0,7,0,1,1,5,1,22,5,-1,-1,-1,-1,3,1,E01002243,0
Unvalidated,2024421436429,2024,421436429,2,9,0,18,5,1,0,0,0,0,7,0,2,1,5,1,32,6,-1,-1,-1,-1,1,1,E01008333,0
Unvalidated,2024421436429,2024,421436429,3,9,0,18,5,1,0,0,0,0,0,0,3,1,5,2,66,10,-1,-1,-1,-1,5,3,E01026703,0
Unvalidated,2024421436429,2024,421436429,4,9,0,18,5,1,0,0,0,0,0,0,1,1,5,2,45,7,-1,-1,-1,-1,5,1,E01002740,0
Unvalidated,2024421436429,2024,421436429,5,9,0,18,5,1,0,0,0,0,7,0,1,1,5,1,33,6,-1,-1,-1,-1,5,1,E01017945,0
Unvalidated,2024421436429,2024,421436429,6,9,0,18,5,1,0,0,0,0,0,0,1,1,5,1,31,6,-1,-1,-1,-1,4,1,E01002168,0
Unvalidated,2024421436437,2024,421436437,1,9,0,2,7,3,0,8,0,0,0,0,1,1,5,1,35,6,-1,-1,-1,-1,8,1,E01021936,0
Unvalidated,2024421436437,2024,421436437,2,9,0,2,0,0,0,8,0,0,0,0,0,1,6,3,-1,-1,-1,-1,-1,-1,-1,-1,-1,0
Unvalidated,2024421436491,2024,421436491,1,9,0,18,7,2,0,0,1,0,7,4,1,1,5,1,26,6,-1,-1,-1,-1,5,2,E01021399,0
Unvalidated,2024421436506,2024,421436506,1,9,0,13,4,8,0,0,1,0,0,0,2,1,6,3,-1,-1,-1,-1,-1,-1,-1,-1,-1,0
Unvalidated,2024421436506,2024,421436506,2,9,0,18,4,8,0,0,1,0,0,0,1,1,5,2,38,7,-1,-1,-1,-1,10,2,E01022070,0
Unvalidated,2024421436506,2024,421436506,3,9,0,18,4,8,0,0,1,0,0,0,2,1,5,1,30,6,-1,-1,-1,-1,2,1,E01001115,0
Unvalidated,2024421436534,2024,421436534,1,9,0,18,5,7,0,0,0,0,0,0,1,1,1,1,26,6,-1,-1,-1,-1,5,1,E01033719,0
Unvalidated,2024421436534,2024,421436534,2,1,0,18,1,5,0,0,0,0,0,0,4,1,2,1,26,6,-1,-1,-1,-1,5,1,E01021664,0
Unvalidated,2024421436540,2024,421436540,1,9,0,18,5,1,0,1,0,0,0,0,1,1,5,1,21,5,-1,-1,-1,-1,9,1,E01021692,0
Unvalidated,2024421436596,2024,421436596,1,9,0,18,1,5,0,0,0,0,1,0,1,1,5,1,42,7,-1,-1,-1,-1,-1,-1,-1,0
Unvalidated,2024421436613,2024,421436613,1,9,0,18,6,2,0,0,2,0,1,0,1,1,5,2,33,6,-1,-1,-1,-1,7,1,E01021552,0
Unvalidated,2024421436686,2024,421436686,1,9,0,5,7,3,0,0,0,0,0,0,1,1,5,2,25,5,-1,-1,-1,-1,2,1,E01022023,0
Unvalidated,2024421436686,2024,421436686,2,1,0,5,7,7,0,0,0,0,0,0,2,1,5,1,27,6,-1,-1,-1,-1,5,1,E01021683,0
Unvalidated,2024421436746,2024,421436746,1,9,0,18,3,7,0,0,2,0,7,0,1,1,2,2,17,4,-1,-1,-1,-1,6,3,E01021733,0
Unvalidated,2024421436835,2024,421436835,1,9,0,18,2,6,0,0,0,0,0,0,1,1,2,2,40,7,-1,-1,-1,-1,5,1,E01021865,0
Unvalidated,2024421436882,2024,421436882,1,9,0,18,5,1,0,1,0,0,0,0,1,1,6,2,-1,-1,-1,-1,-1,-1,-1,-1,-1,0
Unvalidated,2024421436882,2024,421436882,2,9,0,10,5,3,0,1,0,0,0,0,2,1,6,1,25,5,-1,-1,-1,-1,10,1,E01023516,0
Unvalidated,2024421436993,2024,421436993,1,9,0,9,1,5,0,1,0,0,0,0,1,1,6,1,72,10,-1,-1,-1,-1,7,3,E01029901,0