status,collision_index,collision_year,collision_reference,vehicle_reference,vehicle_type,towing_and_articulation,vehicle_manoeuvre,vehicle_direction_from,vehicle_direction_to,vehicle_location_restricted_lane,junction_location,skidding_and_overturning,hit_object_in_carriageway,vehicle_leaving_carriageway,hit_object_off_carriageway,first_point_of_impact,vehicle_left_hand_drive,journey_purpose_of_driver,sex_of_driver,age_of_driver,age_band_of_driver,engine_capacity_cc,propulsion_code,age_of_vehicle,generic_make_model,driver_imd_decile,driver_home_area_type,lsoa_of_driver,escooter_flag
Unvalidated,2024421436993,2024,421436993,2,9,0,18,3,7,0,1,0,0,0,0,4,1,6,1,40,7,-1,-1,-1,-1,7,2,E01029885,0
Unvalidated,2024421437117,2024,421437117,1,9,0,18,3,7,0,0,0,0,0,0,2,1,5,1,52,8,-1,-1,-1,-1,6,1,E01021434,0
Unvalidated,2024421437117,2024,421437117,2,5,0,18,3,7,0,0,0,0,0,0,1,1,1,1,59,9,-1,-1,-1,-1,-1,-1,-1,0
Unvalidated,2024421437180,2024,421437180,1,9,0,10,1,7,0,6,0,0,0,0,1,1,5,2,49,8,-1,-1,-1,-1,9,1,E01021346,0
Unvalidated,2024421437180,2024,421437180,2,9,0,18,7,3,0,1,0,0,0,0,1,1,5,1,74,10,-1,-1,-1,-1,9,1,E01021335,0
Unvalidated,2024421437197,2024,421437197,1,9,0,18,2,5,0,0,0,0,0,0,1,1,5,3,18,4,-1,-1,-1,-1,-1,-1,-1,0
Unvalidated,2024421437229,2024,421437229,1,19,0,1,7,3,0,0,0,0,0,0,2,1,6,1,37,7,-1,-1,-1,-1,5,1,E01021426,0
Unvalidated,2024421437241,2024,421437241,1,8,0,18,6,2,0,0,0,0,0,0,1,1,1,1,-1,-1,-1,-1,-1,-1,-1,-1,-1,0
Unvalidated,2024421437358,2024,421437358,1,9,0,18,2,6,0,0,0,0,0,0,1,1,5,1,80,11,-1,-1,-1,-1,10,3,E01022062,0
Unvalidated,2024421437358,2024,421437358,2,9,0,4,2,6,0,0,0,0,0,0,2,1,5,2,28,6,-1,-1,-1,-1,10,2,E01022085,0
Unvalidated,2024421437358,2024,421437358,3,19,0,18,6,2,0,0,0,0,0,0,3,1,1,1,56,9,-1,-1,-1,-1,7,1,E01021867,0
Unvalidated,2024421437358,2024,421437358,4,9,0,18,6,2,0,0,0,0,0,0,1,1,5,2,54,8,-1,-1,-1,-1,10,1,E01023441,0
Unvalidated,2024421437389,2024,421437389,1,9,0,4,7,3,0,0,0,0,0,0,1,1,5,2,43,7,-1,-1,-1,-1,9,3,E01021568,0
Unvalidated,2024421437389,2024,421437389,2,9,0,3,7,3,0,0,0,0,0,0,2,1,6,2,63,9,-1,-1,-1,-1,8,2,E01021537,0
Unvalidated,2024421437469,2024,421437469,1,9,0,4,7,1,0,4,0,0,0,0,2,1,6,1,84,11,-1,-1,-1,-1,5,1,E01021865,0
Unvalidated,2024421437469,2024,421437469,2,10,0,4,7,1,0,4,0,0,0,0,1,1,1,2,34,6,-1,-1,-1,-1,6,1,E01025704,0
Unvalidated,2024421437644,2024,421437644,1,17,0,9,1,6,2,1,0,0,0,0,4,1,1,1,61,9,-1,-1,-1,-1,4,1,E01000588,0
Unvalidated,2024421437644,2024,421437644,2,9,0,18,5,1,0,8,0,0,0,0,1,1,5,1,62,9,-1,-1,-1,-1,6,1,E01021356,0
Unvalidated,2024421437674,2024,421437674,1,3,0,3,3,7,0,1,0,0,0,0,3,1,6,1,-1,-1,-1,-1,-1,-1,1,1,E01001634,0
Unvalidated,2024421437674,2024,421437674,2,9,0,3,3,1,0,4,0,0,0,0,1,1,6,1,44,7,-1,-1,-1,-1,6,3,E01021769,0
Unvalidated,2024421437679,2024,421437679,1,9,0,18,7,3,0,1,0,0,0,0,1,1,6,1,75,10,-1,-1,-1,-1,8,1,E01021891,0
Unvalidated,2024421437679,2024,421437679,2,9,0,10,7,5,0,1,0,0,0,0,2,1,5,2,60,9,-1,-1,-1,-1,5,3,E01021550,0
Unvalidated,2024421437691,2024,421437691,1,9,0,6,1,3,0,0,0,0,0,0,1,1,6,2,45,7,-1,-1,-1,-1,6,2,E01021761,0
Unvalidated,2024421437691,2024,421437691,2,5,0,5,1,5,0,0,2,0,0,0,1,1,6,1,36,7,-1,-1,-1,-1,-1,-1,-1,0
Unvalidated,2024421437693,2024,421437693,1,9,0,18,5,1,0,1,0,0,0,0,1,1,6,2,29,6,-1,-1,-1,-1,9,2,E01021740,0
Unvalidated,2024421437693,2024,421437693,2,1,0,12,5,1,0,1,0,0,0,0,3,1,5,1,11,3,-1,-1,-1,-1,8,1,E01021995,0
Unvalidated,2024421437765,2024,421437765,1,9,0,18,5,1,0,0,0,0,0,0,3,1,6,1,-1,-1,-1,-1,-1,-1,-1,-1,-1,0
Unvalidated,2024421437765,2024,421437765,2,9,0,15,5,1,0,0,0,0,0,0,4,1,6,1,49,8,-1,-1,-1,-1,7,2,E01022067,0
Unvalidated,2024421437772,2024,421437772,1,9,0,13,2,6,0,0,0,0,0,0,3,1,6,3,-1,-1,-1,-1,-1,-1,-1,-1,-1,0
Unvalidated,2024421437772,2024,421437772,2,9,0,18,2,6,0,0,0,0,0,0,3,1,5,1,44,7,-1,-1,-1,-1,4,1,E01021817,0
Unvalidated,2024421437784,2024,421437784,1,9,0,18,5,1,0,1,0,0,0,0,1,1,6,1,42,7,-1,-1,-1,-1,-1,2,-1,0
Unvalidated,2024421437784,2024,421437784,2,9,0,10,5,3,0,1,0,0,0,0,2,1,2,1,57,9,-1,-1,-1,-1,6,3,E01021656,0
Unvalidated,2024421437814,2024,421437814,1,9,0,18,7,3,0,0,0,0,0,0,1,1,6,2,86,11,-1,-1,-1,-1,-1,-1,-1,0
Unvalidated,2024421437814,2024,421437814,2,21,0,18,3,7,0,0,0,0,0,0,1,1,1,1,33,6,-1,-1,-1,-1,3,1,E01015973,0
Unvalidated,2024421437823,2024,421437823,1,9,0,18,1,5,0,0,0,0,0,0,1,1,6,3,-1,-1,-1,-1,-1,-1,-1,-1,-1,0
Unvalidated,2024421437823,2024,421437823,2,8,0,3,1,5,0,0,0,0,0,0,2,1,1,1,51,8,-1,-1,-1,-1,10,2,E01022085,0
Unvalidated,2024421437834,2024,421437834,1,19,0,18,3,7,0,1,0,11,0,0,1,2,3,1,34,6,-1,-1,-1,-1,5,1,E01015814,0
Unvalidated,2024421437850,2024,421437850,1,9,0,18,2,6,0,1,0,0,0,0,4,1,6,1,-1,-1,-1,-1,-1,-1,-1,-1,-1,0
Unvalidated,2024421437850,2024,421437850,2,3,0,18,4,8,0,1,0,0,0,0,1,1,5,1,18,4,-1,-1,-1,-1,7,1,E01021330,0
Unvalidated,2024421437874,2024,421437874,1,9,0,18,6,2,0,0,0,0,8,4,1,1,2,1,53,8,-1,-1,-1,-1,6,3,E01021678,0
Unvalidated,2024421437874,2024,421437874,2,19,0,18,2,6,0,0,0,0,0,0,1,1,2,1,64,9,-1,-1,-1,-1,2,1,E01029886,0
Unvalidated,2024421437886,2024,421437886,1,98,0,7,3,5,0,5,0,0,0,0,1,1,1,1,57,9,-1,-1,-1,-1,2,1,E01029889,0
Unvalidated,2024421437886,2024,421437886,2,17,0,8,5,1,0,1,0,0,0,0,3,1,1,1,38,7,-1,-1,-1,-1,6,3,E01021769,0
Unvalidated,2024421437963,2024,421437963,1,9,0,13,1,5,0,1,0,0,7,11,1,2,1,1,34,6,-1,-1,-1,-1,8,3,E01021537,0
Unvalidated,2024421437963,2024,421437963,2,9,0,9,1,7,0,8,0,0,0,0,1,2,6,1,30,6,-1,-1,-1,-1,6,1,E01015816,0
Unvalidated,2024421437963,2024,421437963,3,19,0,18,1,5,0,1,0,0,0,0,0,2,1,1,55,8,-1,-1,-1,-1,-1,-1,-1,0
Unvalidated,2024421438029,2024,421438029,1,90,0,18,5,8,0,1,0,0,0,0,4,1,6,2,19,4,-1,-1,-1,-1,1,1,E01015917,1
Unvalidated,2024421438029,2024,421438029,2,9,0,18,6,3,0,1,0,0,0,0,1,1,2,1,59,9,-1,-1,-1,-1,9,1,E01021961,0
Unvalidated,2024421438133,2024,421438133,1,19,0,11,5,6,0,0,0,0,0,0,1,1,1,1,51,8,-1,-1,-1,-1,7,1,E01002998,0
Unvalidated,2024421438133,2024,421438133,2,1,0,18,2,6,0,0,0,0,0,0,3,1,2,2,40,7,-1,-1,-1,-1,4,1,E01021849,0
Unvalidated,2024421438189,2024,421438189,1,9,0,18,2,6,0,4,0,0,0,0,1,1,6,3,-1,-1,-1,-1,-1,-1,-1,-1,-1,0
Unvalidated,2024421438189,2024,421438189,2,9,0,4,2,6,0,4,0,0,0,0,2,1,5,1,19,4,-1,-1,-1,-1,5,2,E01021443,0
Unvalidated,2024421438208,2024,421438208,1,9,0,18,3,7,0,6,0,0,0,0,3,1,6,2,35,6,-1,-1,-1,-1,9,1,E01021782,0
Unvalidated,2024421438208,2024,421438208,2,3,0,18,1,5,0,1,0,0,0,0,1,1,5,1,31,6,-1,-1,-1,-1,1,1,E01003048,0
Unvalidated,2024421438255,2024,421438255,1,9,0,9,2,4,0,6,0,0,0,0,1,1,6,1,80,11,-1,-1,-1,-1,5,1,E01021492,0
Unvalidated,2024421438255,2024,421438255,2,9,0,18,4,8,0,1,0,0,0,0,3,1,6,1,45,7,-1,-1,-1,-1,5,1,E01021522,0
Unvalidated,2024421438309,2024,421438309,1,9,0,18,-1,-1,0,0,0,0,0,0,1,1,6,3,-1,-1,-1,-1,-1,-1,-1,-1,-1,0
Unvalidated,2024421438309,2024,421438309,2,3,0,4,-1,-1,0,0,1,0,0,0,2,1,6,1,29,6,-1,-1,-1,-1,5,1,E01021778,0
Unvalidated,2024421438320,2024,421438320,1,9,0,6,3,7,0,0,5,0,0,0,1,1,6,1,34,6,-1,-1,-1,-1,1,1,E01015852,0
Unvalidated,2024421438320,2024,421438320,2,9,0,18,7,3,0,0,0,0,0,0,1,1,6,1,26,6,-1,-1,-1,-1,-1,-1,-1,0
Unvalidated,2024421438419,2024,421438419,1,9,0,18,8,4,0,0,0,0,0,0,1,1,5,1,73,10,-1,-1,-1,-1,10,2,E01021739,0
Unvalidated,2024421438419,2024,421438419,2,9,0,3,8,4,0,0,0,0,0,0,2,1,5,1,76,11,-1,-1,-1,-1,7,2,E01021967,0
Unvalidated,2024421438419,2024,421438419,3,9,0,3,1,5,0,0,0,0,0,0,2,1,5,2,72,10,-1,-1,-1,-1,8,2,E01021737,0
Unvalidated,2024421438419,2024,421438419,4,9,0,3,8,4,0,0,0,0,0,0,2,1,5,2,49,8,-1,-1,-1,-1,7,2,E01021981,0
Unvalidated,2024421438419,2024,421438419,5,9,0,3,8,4,0,0,0,0,0,0,2,1,6,2,29,6,-1,-1,-1,-1,7,2,E01021967,0
Unvalidated,2024421438470,2024,421438470,1,9,0,18,7,3,0,0,0,0,0,0,1,1,6,2,40,7,-1,-1,-1,-1,5,1,E01021357,0
Unvalidated,2024421438470,2024,421438470,2,11,0,2,7,3,0,0,0,0,0,0,3,1,1,1,64,9,-1,-1,-1,-1,4,2,E01021636,0
Unvalidated,2024421438484,2024,421438484,1,9,0,4,5,8,0,8,1,8,0,0,1,1,6,1,22,5,-1,-1,-1,-1,6,1,E01015866,0
Unvalidated,2024421438484,2024,421438484,2,9,0,4,7,5,0,8,0,0,0,0,3,1,6,2,22,5,-1,-1,-1,-1,6,1,E01015816,0
Unvalidated,2024421438525,2024,421438525,1,9,0,18,1,5,0,0,1,0,8,0,4,1,6,1,37,7,-1,-1,-1,-1,-1,-1,-1,0
Unvalidated,2024421438689,2024,421438689,1,9,0,18,7,3,0,1,0,0,0,0,1,1,6,2,30,6,-1,-1,-1,-1,6,1,E01021525,0
Unvalidated,2024421438843,2024,421438843,1,9,0,18,2,6,0,0,0,0,0,0,1,1,6,2,29,6,-1,-1,-1,-1,2,1,E01002356,0
Unvalidated,2024421438843,2024,421438843,2,9,0,18,2,6,0,0,0,0,0,0,2,1,6,1,31,6,-1,-1,-1,-1,2,1,E01021592,0
Unvalidated,2024421438843,2024,421438843,3,9,0,18,2,6,0,0,0,0,0,0,2,1,5,1,42,7,-1,-1,-1,-1,7,1,E01030171,0
Unvalidated,2024421438847,2024,421438847,1,9,0,18,7,3,0,0,0,0,0,0,1,1,5,1,74,10,-1,-1,-1,-1,8,1,E01021708,0
Unvalidated,2024421438847,2024,421438847,2,9,0,3,7,3,0,0,0,0,0,0,2,1,5,2,56,9,-1,-1,-1,-1,1,1,E01021696,0
Unvalidated,2024421438889,2024,421438889,1,9,0,9,5,1,8,1,0,0,0,0,1,1,5,1,21,5,-1,-1,-1,-1,5,1,E01029960,0
Unvalidated,2024421438889,2024,421438889,2,4,0,18,5,1,0,1,0,0,0,0,1,1,1,1,26,6,-1,-1,-1,-1,2,1,E01021711,0
Unvalidated,2024421438901,2024,421438901,1,9,0,17,2,6,0,0,0,0,7,9,1,1,6,2,19,4,-1,-1,-1,-1,3,1,E01021847,0
Unvalidated,2024421438901,2024,421438901,2,9,0,16,6,2,0,0,0,0,0,0,1,1,6,1,59,9,-1,-1,-1,-1,9,1,E01021386,0
Unvalidated,2024421438916,2024,421438916,1,9,0,18,5,1,0,0,0,0,0,0,1,1,6,2,45,7,-1,-1,-1,-1,3,1,E01021291,0
Unvalidated,2024421438916,2024,421438916,2,5,0,3,5,1,0,0,0,0,0,0,1,1,2,1,38,7,-1,-1,-1,-1,-1,-1,-1,0
Unvalidated,2024421439023,2024,421439023,1,98,0,18,1,4,0,0,0,0,0,0,1,1,1,1,66,10,-1,-1,-1,-1,2,1,E01021315,0
Unvalidated,2024421439023,2024,421439023,2,9,0,18,4,1,0,0,0,0,0,0,1,1,1,1,24,5,-1,-1,-1,-1,7,1,E01021765,0
Unvalidated,2024421439093,2024,421439093,1,9,0,7,1,8,0,0,0,0,0,0,3,1,6,1,36,7,-1,-1,-1,-1,7,1,E01021857,0
Unvalidated,2024421439093,2024,421439093,2,9,0,18,2,8,0,0,0,0,0,0,4,1,6,2,21,5,-1,-1,-1,-1,8,2,E01022091,0
Unvalidated,2024421439103,2024,421439103,1,9,0,18,3,7,0,0,0,0,0,0,1,1,5,2,75,10,-1,-1,-1,-1,-1,-1,-1,0
Unvalidated,2024421439103,2024,421439103,2,9,0,18,3,7,0,0,0,0,0,0,2,1,5,1,30,6,-1,-1,-1,-1,8,3,E01033443,0
Unvalidated,2024421439224,2024,421439224,1,9,0,4,7,3,0,8,0,0,3,11,1,1,6,1,19,4,-1,-1,-1,-1,8,1,E01021299,0
Unvalidated,2024421439254,2024,421439254,1,9,0,5,4,8,0,1,0,0,0,0,1,1,6,1,20,4,-1,-1,-1,-1,5,1,E01033141,0
Unvalidated,2024421439286,2024,421439286,1,9,0,3,1,5,0,0,0,0,0,0,3,1,5,1,53,8,-1,-1,-1,-1,-1,-1,-1,0
Unvalidated,2024421439286,2024,421439286,2,9,0,3,1,5,0,0,5,0,0,0,4,1,5,1,71,10,-1,-1,-1,-1,-1,-1,-1,0
Unvalidated,2024421439339,2024,421439339,1,9,0,5,8,4,0,0,0,0,0,0,1,1,5,1,28,6,-1,-1,-1,-1,3,1,E01015986,0
Unvalidated,2024421439339,2024,421439339,2,1,0,18,2,5,0,0,0,0,0,0,3,1,5,1,62,9,-1,-1,-1,-1,3,1,E01016014,0
Unvalidated,2024421439342,2024,421439342,1,19,0,18,3,7,0,1,0,0,0,0,1,1,6,3,-1,-1,-1,-1,-1,-1,-1,-1,-1,0
Unvalidated,2024421439342,2024,421439342,2,9,0,10,3,7,0,1,0,0,0,0,2,1,5,2,59,9,-1,-1,-1,-1,6,3,E01021380,0
Unvalidated,2024421439343,2024,421439343,1,9,0,18,2,6,0,1,0,0,0,0,1,1,1,1,32,6,-1,-1,-1,-1,-1,-1,-1,0
Unvalidated,2024421439500,2024,421439500,1,19,0,18,1,4,0,8,0,0,6,1,1,1,2,1,41,7,-1,-1,-1,-1,5,1,E01021866,0
Unvalidated,2024421439500,2024,421439500,2,9,0,4,2,7,0,8,0,0,0,0,1,1,6,1,20,4,-1,-1,-1,-1,3,1,E01021852,0
Unvalidated,2024421439584,2024,421439584,1,9,0,18,1,5,0,2,0,0,0,0,1,1,5,2,43,7,-1,-1,-1,-1,8,3,E01022059,0
Unvalidated,2024421439584,2024,421439584,2,9,0,18,4,8,0,1,0,0,0,0,3,1,5,1,83,11,-1,-1,-1,-1,7,3,E01022088,0
Unvalidated,2024421439690,2024,421439690,1,9,0,18,6,2,0,0,0,0,0,0,1,1,6,1,30,6,-1,-1,-1,-1,4,1,E01000477,0
Unvalidated,2024421439690,2024,421439690,2,9,0,18,6,6,0,0,0,0,0,0,2,1,5,1,21,5,-1,-1,-1,-1,2,1,E01021872,0
Unvalidated,2024421439801,2024,421439801,1,9,0,18,5,1,0,1,0,0,0,0,1,1,6,3,-1,-1,-1,-1,-1,-1,-1,-1,-1,0
Unvalidated,2024421439801,2024,421439801,2,9,0,10,5,1,0,5,0,0,0,0,2,1,5,2,38,7,-1,-1,-1,-1,9,2,E01021397,0
Unvalidated,2024421439813,2024,421439813,1,9,0,4,5,1,0,1,0,0,0,0,1,1,6,1,74,10,-1,-1,-1,-1,10,1,E01015890,0
Unvalidated,2024421439813,2024,421439813,2,9,0,4,5,1,0,1,0,0,0,0,2,1,6,1,48,8,-1,-1,-1,-1,-1,-1,-1,0
Unvalidated,2024421439870,2024,421439870,1,9,0,18,3,7,0,0,0,0,0,0,1,1,6,3,-1,-1,-1,-1,-1,-1,-1,-1,-1,0
Unvalidated,2024421439914,2024,421439914,1,9,0,9,7,3,0,6,0,0,0,0,4,1,6,2,64,9,-1,-1,-1,-1,4,1,E01021956,0
Unvalidated,2024421439914,2024,421439914,2,5,0,18,7,3,0,1,5,10,1,0,3,1,5,1,23,5,-1,-1,-1,-1,5,1,E01021954,0
Unvalidated,2024421439984,2024,421439984,1,9,0,9,5,2,0,8,5,0,0,0,3,1,5,1,78,11,-1,-1,-1,-1,5,1,E01021720,0
Unvalidated,2024421439984,2024,421439984,2,9,0,18,3,7,0,1,0,0,0,0,1,1,5,2,82,11,-1,-1,-1,-1,8,1,E01021719,0
Unvalidated,2024421440058,2024,421440058,1,9,0,18,6,2,0,0,0,0,1,0,1,1,5,2,31,6,-1,-1,-1,-1,1,1,E01021703,0
Unvalidated,2024421440101,2024,421440101,1,9,0,4,1,5,4,0,0,0,0,0,2,1,6,2,60,9,-1,-1,-1,-1,6,3,E01021769,0
Unvalidated,2024421440101,2024,421440101,2,1,0,18,1,5,4,0,0,0,0,0,1,1,6,1,28,6,-1,-1,-1,-1,4,1,E01033140,0
Unvalidated,2024421440103,2024,421440103,1,9,0,18,6,2,0,4,0,0,0,0,1,1,5,2,84,11,-1,-1,-1,-1,4,1,E01021707,0
Unvalidated,2024421440103,2024,421440103,2,1,0,18,5,1,0,3,5,0,0,0,4,1,1,1,43,7,-1,-1,-1,-1,5,1,E01033719,0
Unvalidated,2024421440107,2024,421440107,1,19,0,11,1,5,0,1,0,0,0,0,4,1,6,1,-1,-1,-1,-1,-1,-1,-1,-1,-1,0
Unvalidated,2024421440107,2024,421440107,2,9,0,18,3,7,0,1,0,0,0,0,3,1,6,2,36,7,-1,-1,-1,-1,5,1,E01021810,0
Unvalidated,2024421440129,2024,421440129,1,9,0,18,5,1,0,6,0,0,0,0,1,1,6,1,43,7,-1,-1,-1,-1,4,1,E01015958,0
Unvalidated,2024421440129,2024,421440129,2,3,0,18,3,7,0,1,0,0,0,0,4,1,2,1,25,5,-1,-1,-1,-1,2,1,E01015929,0
Unvalidated,2024421440147,2024,421440147,1,19,0,9,7,5,0,1,0,0,0,0,3,1,1,1,30,6,-1,-1,-1,-1,-1,-1,-1,0
Unvalidated,2024421440147,2024,421440147,2,5,0,18,5,8,0,1,0,0,0,0,1,1,1,1,58,9,-1,-1,-1,-1,5,2,E01021399,0
Unvalidated,2024421440159,2024,421440159,1,2,0,18,5,1,0,0,0,11,0,0,1,1,6,2,18,4,-1,-1,-1,-1,1,1,E01022032,0
Unvalidated,2024421440159,2024,421440159,2,19,0,4,5,1,0,0,0,0,0,0,2,1,2,1,32,6,-1,-1,-1,-1,3,1,E01022038,0
Unvalidated,2024421440217,2024,421440217,1,98,1,18,2,5,0,0,0,0,0,0,1,2,6,3,-1,-1,-1,-1,-1,-1,-1,-1,-1,0
Unvalidated,2024421440217,2024,421440217,2,9,0,18,2,5,0,0,0,0,0,0,2,1,5,1,24,5,-1,-1,-1,-1,6,1,E01015961,0
Unvalidated,2024421440228,2024,421440228,1,9,0,1,3,7,5,1,0,0,0,0,2,1,6,1,40,7,-1,-1,-1,-1,6,3,E01021769,0
Unvalidated,2024421440316,2024,421440316,1,19,0,9,1,7,0,2,0,0,0,0,1,1,6,1,64,9,-1,-1,-1,-1,4,1,E01021984,0
Unvalidated,2024421440316,2024,421440316,2,9,0,18,7,3,0,1,0,0,0,0,4,1,5,2,22,5,-1,-1,-1,-1,1,1,E01022032,0
Unvalidated,2024421440330,2024,421440330,1,9,0,14,5,1,0,0,0,11,0,0,4,1,3,2,30,6,-1,-1,-1,-1,6,1,E01021372,0
Unvalidated,2024421440345,2024,421440345,1,9,0,18,4,1,0,0,0,0,0,0,1,1,6,1,-1,-1,-1,-1,-1,-1,-1,-1,-1,0
Unvalidated,2024421440345,2024,421440345,2,19,0,4,1,4,0,0,0,0,0,0,1,1,1,1,36,7,-1,-1,-1,-1,2,1,E01021872,0
Unvalidated,2024421440360,2024,421440360,1,3,0,18,3,7,0,1,2,0,0,0,3,1,6,1,19,4,-1,-1,-1,-1,6,1,E01021772,0
Unvalidated,2024421440360,2024,421440360,2,19,0,18,7,3,0,1,0,0,0,0,1,1,1,1,32,6,-1,-1,-1,-1,5,1,E01023331,0
Unvalidated,2024421440388,2024,421440388,1,19,0,18,1,5,0,0,0,0,0,0,1,1,6,1,31,6,-1,-1,-1,-1,6,3,E01017733,0
Unvalidated,2024421440388,2024,421440388,2,9,0,18,1,5,0,0,0,0,0,0,2,1,1,2,33,6,-1,-1,-1,-1,7,3,E01033052,0
Unvalidated,2024421440388,2024,421440388,3,9,0,18,1,5,0,0,0,0,0,0,2,1,6,1,33,6,-1,-1,-1,-1,4,1,E01004617,0
Unvalidated,2024421440403,2024,421440403,1,1,0,18,5,1,5,1,0,0,0,0,1,1,6,1,-1,-1,-1,-1,-1,-1,-1,-1,-1,0
Unvalidated,2024421440403,2024,421440403,2,1,0,18,1,5,0,3,1,0,0,0,1,1,2,1,32,6,-1,-1,-1,-1,5,1,E01021680,0
Unvalidated,2024421440406,2024,421440406,1,9,0,18,5,1,0,8,0,0,0,0,1,1,5,1,28,6,-1,-1,-1,-1,1,1,E01021288,0
Unvalidated,2024421440406,2024,421440406,2,98,0,9,2,7,0,8,0,0,0,0,4,1,6,1,30,6,-1,-1,-1,-1,10,2,E01021409,0
Unvalidated,2024421440410,2024,421440410,1,9,0,18,7,3,0,4,0,0,0,0,1,1,6,2,65,9,-1,-1,-1,-1,1,1,E01001549,0
Unvalidated,2024421440410,2024,421440410,2,97,0,9,1,7,0,3,5,0,0,0,4,1,5,1,47,8,-1,-1,-1,-1,4,1,E01021833,0
Unvalidated,2024421440455,2024,421440455,1,9,0,18,5,1,0,0,0,4,0,0,1,1,5,2,73,10,-1,-1,-1,-1,9,1,E01015850,0
Unvalidated,2024421440455,2024,421440455,2,19,0,2,0,0,0,0,0,4,0,0,1,1,6,3,-1,-1,-1,-1,-1,-1,-1,-1,-1,0
Unvalidated,2024421440455,2024,421440455,3,9,0,2,0,0,0,0,0,4,0,0,1,1,6,3,-1,-1,-1,-1,-1,-1,-1,-1,-1,0
Unvalidated,2024421440477,2024,421440477,1,3,0,15,3,7,0,1,1,0,0,0,1,1,1,1,33,6,-1,-1,-1,-1,9,1,E01015845,0
Unvalidated,2024421440477,2024,421440477,2,9,0,10,3,1,0,1,0,0,0,0,4,1,6,1,41,7,-1,-1,-1,-1,10,1,E01021480,0
Unvalidated,2024421440527,2024,421440527,1,9,0,18,1,5,0,0,1,0,1,4,4,1,5,1,25,5,-1,-1,-1,-1,5,3,E01024701,0
Unvalidated,2024421440544,2024,421440544,1,9,0,18,-1,-1,0,1,0,0,0,0,3,1,6,3,-1,-1,-1,-1,-1,-1,-1,-1,-1,0
Unvalidated,2024421440544,2024,421440544,2,1,0,7,-1,-1,0,1,0,0,0,0,1,1,1,1,28,6,-1,-1,-1,-1,2,1,E01021851,0
Unvalidated,2024421440554,2024,421440554,1,9,0,8,5,6,0,4,0,0,0,0,3,1,6,2,24,5,-1,-1,-1,-1,9,1,E01021710,0
Unvalidated,2024421440554,2024,421440554,2,1,0,18,3,6,0,3,0,0,0,0,4,1,2,1,52,8,-1,-1,-1,-1,10,1,E01033721,0
Unvalidated,2024421440561,2024,421440561,1,9,0,18,5,1,0,1,0,0,0,0,1,1,6,3,-1,-1,-1,-1,-1,-1,-1,-1,-1,0
Unvalidated,2024421440561,2024,421440561,2,9,0,3,5,1,0,1,0,0,0,0,2,1,5,1,20,4,-1,-1,-1,-1,5,1,E01021814,0
Unvalidated,2024421440590,2024,421440590,1,9,0,1,7,5,0,0,0,0,0,0,2,1,1,2,43,7,-1,-1,-1,-1,9,3,E01022099,0
Unvalidated,2024421440603,2024,421440603,1,9,-1,18,7,3,0,0,0,0,0,0,4,1,6,3,-1,-1,-1,-1,-1,-1,-1,-1,-1,0
Unvalidated,2024421440764,2024,421440764,1,9,0,18,3,7,0,0,0,0,0,0,1,1,6,3,-1,-1,-1,-1,-1,-1,-1,-1,-1,0
Unvalidated,2024421440764,2024,421440764,2,9,0,3,3,7,0,0,0,0,0,0,2,1,5,1,43,7,-1,-1,-1,-1,8,2,E01021801,0
Unvalidated,2024421440833,2024,421440833,1,9,0,15,6,2,0,1,0,0,0,0,1,1,6,2,70,10,-1,-1,-1,-1,7,3,E01021407,0
Unvalidated,2024421440833,2024,421440833,2,19,0,9,6,4,0,8,0,0,0,0,3,1,1,1,42,7,-1,-1,-1,-1,8,1,E01033142,0
Unvalidated,2024421440928,2024,421440928,1,9,0,7,3,5,0,8,0,0,0,0,1,1,6,1,86,11,-1,-1,-1,-1,10,1,E01021693,0
Unvalidated,2024421440928,2024,421440928,2,10,0,18,5,7,0,6,0,0,0,0,3,1,3,1,50,8,-1,-1,-1,-1,6,2,E01021733,0
Unvalidated,2024421440951,2024,421440951,1,9,0,18,5,5,0,1,0,0,0,0,1,1,5,1,28,6,-1,-1,-1,-1,8,2,E01021737,0
Unvalidated,2024421440951,2024,421440951,2,9,0,10,1,3,0,1,0,0,0,0,2,1,5,2,56,9,-1,-1,-1,-1,7,1,E01023771,0
Unvalidated,2024421440955,2024,421440955,1,9,0,18,4,8,0,0,0,0,0,0,1,1,5,1,52,8,-1,-1,-1,-1,2,1,E01021286,0
Unvalidated,2024421441263,2024,421441263,1,9,0,18,3,7,0,1,0,0,0,0,1,1,6,2,29,6,-1,-1,-1,-1,-1,-1,-1,0
Unvalidated,2024421441263,2024,421441263,2,9,0,9,5,3,0,8,0,0,0,0,3,1,6,1,70,10,-1,-1,-1,-1,1,1,E01021970,0
Unvalidated,2024421441264,2024,421441264,1,9,0,5,5,1,0,2,0,0,0,0,3,2,6,2,29,6,-1,-1,-1,-1,-1,-1,-1,0
Unvalidated,2024421441264,2024,421441264,2,9,0,4,7,3,0,1,0,0,0,0,1,2,6,1,70,10,-1,-1,-1,-1,1,1,E01021970,0
Unvalidated,2024421441315,2024,421441315,1,1,0,-1,-1,-1,-1,0,-1,-1,-1,0,-1,1,6,1,20,4,-1,-1,-1,-1,3,1,E01021955,0
Unvalidated,2024421441342,2024,421441342,1,9,0,5,1,5,0,1,1,0,7,0,1,1,6,3,-1,-1,-1,-1,-1,-1,-1,-1,-1,0