status,collision_index,collision_year,collision_reference,vehicle_reference,vehicle_type,towing_and_articulation,vehicle_manoeuvre,vehicle_direction_from,vehicle_direction_to,vehicle_location_restricted_lane,junction_location,skidding_and_overturning,hit_object_in_carriageway,vehicle_leaving_carriageway,hit_object_off_carriageway,first_point_of_impact,vehicle_left_hand_drive,journey_purpose_of_driver,sex_of_driver,age_of_driver,age_band_of_driver,engine_capacity_cc,propulsion_code,age_of_vehicle,generic_make_model,driver_imd_decile,driver_home_area_type,lsoa_of_driver,escooter_flag
Unvalidated,2024421441342,2024,421441342,2,9,0,9,0,0,0,1,1,0,0,0,1,1,6,1,36,7,-1,-1,-1,-1,9,2,E01021727,0
Unvalidated,2024421441368,2024,421441368,1,9,0,18,7,3,0,7,0,0,0,0,1,1,2,1,35,6,-1,-1,-1,-1,3,1,E01021307,0
Unvalidated,2024421441368,2024,421441368,2,9,0,18,6,2,0,8,0,0,0,0,4,1,2,1,18,4,-1,-1,-1,-1,6,1,E01021308,0
Unvalidated,2024421441375,2024,421441375,1,5,0,18,6,2,0,0,0,0,0,0,1,1,5,1,60,9,-1,-1,-1,-1,7,1,E01021531,0
Unvalidated,2024421441375,2024,421441375,2,19,0,18,6,2,0,0,0,0,0,0,2,1,1,1,55,8,-1,-1,-1,-1,4,1,E01021501,0
Unvalidated,2024421441384,2024,421441384,1,9,0,18,3,7,0,0,0,0,0,0,0,1,6,3,80,11,-1,-1,-1,-1,-1,-1,-1,0
Unvalidated,2024421441572,2024,421441572,1,3,0,15,3,8,0,0,2,0,0,0,1,1,5,1,20,4,-1,-1,-1,-1,3,3,E01021639,0
Unvalidated,2024421441572,2024,421441572,2,9,0,15,8,3,0,0,0,0,0,0,1,1,5,2,31,6,-1,-1,-1,-1,-1,-1,-1,0
Unvalidated,2024421441572,2024,421441572,3,9,0,2,8,8,0,0,0,0,0,0,2,1,6,3,-1,-1,-1,-1,-1,-1,-1,-1,-1,0
Unvalidated,2024421441587,2024,421441587,1,9,0,10,7,5,0,1,0,0,0,0,3,1,5,2,22,5,-1,-1,-1,-1,4,1,E01021812,0
Unvalidated,2024421441587,2024,421441587,2,9,0,18,5,2,0,8,0,0,0,0,1,1,6,1,35,6,-1,-1,-1,-1,-1,-1,-1,0
Unvalidated,2024421441606,2024,421441606,1,9,0,18,7,5,0,8,0,0,0,0,3,1,5,1,34,6,-1,-1,-1,-1,4,1,E01016003,0
Unvalidated,2024421441606,2024,421441606,2,3,0,18,5,1,0,8,0,0,0,0,1,1,5,1,24,5,-1,-1,-1,-1,9,1,E01021828,0
Unvalidated,2024421441644,2024,421441644,1,9,0,5,2,1,0,0,0,0,0,0,1,1,1,1,55,8,-1,-1,-1,-1,4,1,E01002315,0
Unvalidated,2024421441644,2024,421441644,2,9,0,5,2,1,0,0,0,0,0,0,2,1,2,2,61,9,-1,-1,-1,-1,9,1,E01015999,0
Unvalidated,2024421441645,2024,421441645,1,9,0,12,2,6,0,0,0,0,0,0,3,1,5,1,34,6,-1,-1,-1,-1,9,1,E01021547,0
Unvalidated,2024421441645,2024,421441645,2,9,0,14,2,6,0,0,0,0,0,0,1,1,1,1,18,4,-1,-1,-1,-1,3,1,E01021565,0
Unvalidated,2024421441655,2024,421441655,1,5,0,13,7,3,0,1,2,0,0,0,1,1,5,1,28,6,-1,-1,-1,-1,3,1,E01021359,0
Unvalidated,2024421441655,2024,421441655,2,9,0,9,7,6,0,1,0,0,0,0,2,1,5,1,29,6,-1,-1,-1,-1,6,1,E01030218,0
Unvalidated,2024421441715,2024,421441715,1,90,0,18,4,1,0,1,0,0,0,0,0,1,5,1,44,7,-1,-1,-1,-1,9,1,E01021710,1
Unvalidated,2024421441770,2024,421441770,1,9,0,18,3,7,0,8,1,0,4,0,4,1,5,1,80,11,-1,-1,-1,-1,8,2,E01021725,0
Unvalidated,2024421441770,2024,421441770,2,9,0,18,3,7,0,8,1,7,4,0,3,1,5,2,58,9,-1,-1,-1,-1,8,1,E01021610,0
Unvalidated,2024421441770,2024,421441770,3,19,0,15,7,3,0,1,0,0,0,0,1,1,6,1,27,6,-1,-1,-1,-1,3,3,E01021594,0
Unvalidated,2024421441806,2024,421441806,1,9,0,18,7,3,0,8,1,0,7,9,1,1,6,2,38,7,-1,-1,-1,-1,1,1,E01004247,0
Unvalidated,2024421441862,2024,421441862,1,9,0,9,4,6,0,8,0,0,0,0,4,1,5,1,61,9,-1,-1,-1,-1,8,1,E01023321,0
Unvalidated,2024421441862,2024,421441862,2,9,0,18,4,8,0,8,0,0,0,0,1,1,5,1,34,6,-1,-1,-1,-1,6,1,E01023305,0
Unvalidated,2024421441948,2024,421441948,1,9,0,9,6,3,0,4,0,0,0,0,1,1,6,2,29,6,-1,-1,-1,-1,5,1,E01021866,0
Unvalidated,2024421441948,2024,421441948,2,9,0,18,3,1,0,4,0,0,0,0,4,1,6,1,40,7,-1,-1,-1,-1,10,1,E01023454,0
Unvalidated,2024421441993,2024,421441993,1,9,0,18,4,8,0,0,0,4,0,0,3,1,6,1,21,5,-1,-1,-1,-1,5,1,E01021420,0
Unvalidated,2024421441993,2024,421441993,2,9,0,2,0,0,0,0,0,0,0,0,4,1,6,3,-1,-1,-1,-1,-1,-1,-1,-1,-1,0
Unvalidated,2024421441994,2024,421441994,1,9,0,18,5,1,0,0,0,0,0,0,3,1,6,1,18,4,-1,-1,-1,-1,2,1,E01021685,0
Unvalidated,2024421441994,2024,421441994,2,9,0,13,5,1,0,0,0,0,0,0,4,1,6,1,36,7,-1,-1,-1,-1,7,2,E01021657,0
Unvalidated,2024421442010,2024,421442010,1,3,0,13,6,2,0,0,0,0,0,0,1,1,2,1,18,4,-1,-1,-1,-1,5,3,E01021800,0
Unvalidated,2024421442010,2024,421442010,2,19,0,18,6,2,0,0,0,0,0,0,2,1,1,1,46,8,-1,-1,-1,-1,6,1,E01021372,0
Unvalidated,2024421442076,2024,421442076,1,9,0,9,4,1,0,8,0,0,0,0,4,1,2,1,29,6,-1,-1,-1,-1,10,1,E01021958,0
Unvalidated,2024421442076,2024,421442076,2,9,0,18,7,3,0,1,0,0,0,0,4,1,2,1,50,8,-1,-1,-1,-1,6,1,E01021855,0
Unvalidated,2024421442310,2024,421442310,1,19,0,18,2,6,0,0,0,0,0,0,1,1,1,1,-1,-1,-1,-1,-1,-1,-1,-1,-1,0
Unvalidated,2024421442310,2024,421442310,2,1,0,18,4,6,0,0,0,0,0,0,3,1,6,1,47,8,-1,-1,-1,-1,9,1,E01021951,0
Unvalidated,2024421442377,2024,421442377,1,9,0,6,3,7,0,5,0,0,0,0,1,1,5,1,76,11,-1,-1,-1,-1,7,1,E01021887,0
Unvalidated,2024421442377,2024,421442377,2,5,0,18,3,7,0,8,2,0,7,0,1,1,5,1,19,4,-1,-1,-1,-1,8,1,E01021566,0
Unvalidated,2024421442379,2024,421442379,1,9,0,6,2,2,0,6,0,0,0,0,1,1,6,1,36,7,-1,-1,-1,-1,3,1,E01021888,0
Unvalidated,2024421442379,2024,421442379,2,9,0,18,2,6,0,1,0,0,0,0,4,1,6,1,61,9,-1,-1,-1,-1,8,1,E01021891,0
Unvalidated,2024421442475,2024,421442475,1,9,0,18,1,5,0,0,0,0,0,0,1,1,5,1,41,7,-1,-1,-1,-1,-1,1,-1,0
Unvalidated,2024421442483,2024,421442483,1,9,0,3,1,5,0,8,0,0,0,0,1,1,6,3,-1,-1,-1,-1,-1,-1,-1,-1,-1,0
Unvalidated,2024421442483,2024,421442483,2,9,0,3,1,5,0,2,0,0,0,0,2,1,5,2,64,9,-1,-1,-1,-1,8,1,E01021528,0
Unvalidated,2024421442609,2024,421442609,1,9,0,18,7,-1,0,3,0,0,0,0,1,1,6,3,-1,-1,-1,-1,-1,-1,-1,-1,-1,0
Unvalidated,2024421442609,2024,421442609,2,3,0,3,7,-1,0,3,0,0,0,0,2,1,2,1,29,6,-1,-1,-1,-1,3,1,E01021245,0
Unvalidated,2024421442636,2024,421442636,1,9,0,7,1,3,0,1,0,0,0,0,1,1,6,1,-1,-1,-1,-1,-1,-1,-1,-1,-1,0
Unvalidated,2024421442636,2024,421442636,2,9,0,18,1,3,0,1,0,0,0,0,3,1,6,1,39,7,-1,-1,-1,-1,10,1,E01021431,0
Unvalidated,2024421442743,2024,421442743,1,9,0,18,6,2,0,0,5,7,0,0,1,1,6,1,22,5,-1,-1,-1,-1,-1,-1,-1,0
Unvalidated,2024421442754,2024,421442754,1,9,0,13,3,7,0,0,0,0,0,0,1,1,6,2,50,8,-1,-1,-1,-1,9,1,E01021386,0
Unvalidated,2024421442754,2024,421442754,2,98,1,18,7,3,0,0,0,0,0,0,3,1,1,1,53,8,-1,-1,-1,-1,8,1,E01029917,0
Unvalidated,2024421442754,2024,421442754,3,9,0,4,3,7,0,0,0,0,0,0,3,1,6,2,58,9,-1,-1,-1,-1,7,3,E01021538,0
Unvalidated,2024421442849,2024,421442849,1,9,0,18,4,8,0,0,1,0,1,0,3,1,5,2,17,4,-1,-1,-1,-1,5,1,E01021241,0
Unvalidated,2024421442849,2024,421442849,2,19,0,18,8,4,0,0,0,0,0,0,1,1,1,1,67,10,-1,-1,-1,-1,2,1,E01015938,0
Unvalidated,2024421442855,2024,421442855,1,9,0,18,1,5,0,1,0,0,0,0,1,1,6,2,37,7,-1,-1,-1,-1,10,1,E01021545,0
Unvalidated,2024421442855,2024,421442855,2,3,0,3,1,5,0,1,0,0,0,0,2,1,2,1,24,5,-1,-1,-1,-1,10,1,E01021616,0
Unvalidated,2024421442864,2024,421442864,1,19,0,5,3,7,0,6,0,0,0,0,1,1,1,1,-1,-1,-1,-1,-1,-1,-1,-1,-1,0
Unvalidated,2024421442864,2024,421442864,2,9,0,18,5,1,0,1,0,0,0,0,3,1,2,1,43,7,-1,-1,-1,-1,3,1,E01021842,0
Unvalidated,2024421442875,2024,421442875,1,9,0,4,3,7,0,0,1,0,0,0,3,1,5,1,71,10,-1,-1,-1,-1,6,1,E01021419,0
Unvalidated,2024421442875,2024,421442875,2,9,0,18,3,7,0,0,0,0,0,0,3,1,2,2,59,9,-1,-1,-1,-1,7,3,E01021882,0
Unvalidated,2024421442875,2024,421442875,3,9,0,18,7,3,0,0,0,0,0,0,3,1,2,2,31,6,-1,-1,-1,-1,5,2,E01021572,0
Unvalidated,2024421442981,2024,421442981,1,5,0,18,7,3,0,0,2,0,5,0,3,1,2,1,32,6,-1,-1,-1,-1,5,2,E01021572,0
Unvalidated,2024421442995,2024,421442995,1,9,0,18,-1,-1,0,1,0,0,0,0,1,1,6,2,-1,-1,-1,-1,-1,-1,-1,-1,-1,0
Unvalidated,2024421442995,2024,421442995,2,9,0,3,-1,-1,0,1,0,0,0,0,2,1,5,2,21,5,-1,-1,-1,-1,9,1,E01015893,0
Unvalidated,2024421443280,2024,421443280,1,9,0,18,1,5,0,6,0,0,3,0,1,1,2,2,46,8,-1,-1,-1,-1,6,3,E01022053,0
Unvalidated,2024421443280,2024,421443280,2,9,0,18,3,7,0,8,0,0,7,0,1,1,2,1,18,4,-1,-1,-1,-1,6,2,E01021980,0
Unvalidated,2024421443342,2024,421443342,1,9,0,9,1,7,0,6,0,0,0,0,1,1,2,1,55,8,-1,-1,-1,-1,4,1,E01033576,0
Unvalidated,2024421443342,2024,421443342,2,3,0,18,7,3,0,1,5,0,0,0,1,1,3,1,18,4,-1,-1,-1,-1,2,1,E01021316,0
Unvalidated,2024421443361,2024,421443361,1,3,0,13,8,4,0,0,0,0,0,0,1,1,5,1,20,4,-1,-1,-1,-1,3,1,E01015884,0
Unvalidated,2024421443361,2024,421443361,2,9,0,18,2,4,0,0,0,0,0,0,3,1,5,1,29,6,-1,-1,-1,-1,3,1,E01015882,0
Unvalidated,2024421443487,2024,421443487,1,98,0,5,7,3,0,8,0,0,0,0,4,1,6,3,-1,-1,-1,-1,-1,-1,-1,-1,-1,0
Unvalidated,2024421443487,2024,421443487,2,1,0,18,7,3,0,8,0,0,0,0,4,1,6,1,60,9,-1,-1,-1,-1,10,1,E01021447,0
Unvalidated,2024421443573,2024,421443573,1,9,0,18,3,7,0,0,0,0,0,0,3,2,6,3,-1,-1,-1,-1,-1,-1,-1,-1,-1,0
Unvalidated,2024421443573,2024,421443573,2,9,0,18,3,7,0,0,0,0,0,0,4,1,5,1,33,6,-1,-1,-1,-1,1,1,E01015841,0
Unvalidated,2024421443598,2024,421443598,1,3,0,7,7,1,0,6,2,0,1,4,3,1,6,1,18,4,-1,-1,-1,-1,6,1,E01033723,0
Unvalidated,2024421443598,2024,421443598,2,9,0,18,5,1,0,1,0,0,0,0,1,1,6,1,69,10,-1,-1,-1,-1,10,1,E01021673,0
Unvalidated,2024421443664,2024,421443664,1,9,-1,18,-1,-1,0,0,0,0,0,0,1,1,6,3,-1,-1,-1,-1,-1,-1,-1,-1,-1,0
Unvalidated,2024421443664,2024,421443664,2,9,0,3,-1,-1,0,0,0,0,0,0,1,1,2,2,40,7,-1,-1,-1,-1,4,1,E01021809,0
Unvalidated,2024421443784,2024,421443784,1,3,0,18,7,4,0,0,0,0,1,0,4,1,2,1,35,6,-1,-1,-1,-1,4,1,E01021342,0
Unvalidated,2024421443836,2024,421443836,1,9,0,18,3,7,0,0,0,0,0,0,4,1,6,1,24,5,-1,-1,-1,-1,5,1,E01021518,0
Unvalidated,2024421443836,2024,421443836,2,9,0,18,3,7,0,0,0,0,0,0,4,1,6,1,30,6,-1,-1,-1,-1,6,1,E01021343,0
Unvalidated,2024421443836,2024,421443836,3,9,0,18,3,7,0,0,1,7,1,7,3,1,6,1,19,4,-1,-1,-1,-1,6,1,E01021308,0
Unvalidated,2024421443836,2024,421443836,4,9,0,18,3,7,0,0,1,0,1,0,3,1,6,2,28,6,-1,-1,-1,-1,9,1,E01021259,0
Unvalidated,2024421443855,2024,421443855,1,9,0,18,2,6,0,0,0,0,0,0,1,1,5,1,17,4,-1,-1,-1,-1,9,1,E01021586,0
Unvalidated,2024421443855,2024,421443855,2,9,0,2,2,6,0,0,0,0,0,0,2,1,1,1,32,6,-1,-1,-1,-1,5,1,E01033141,0
Unvalidated,2024421443880,2024,421443880,1,19,0,18,1,5,0,0,0,0,0,0,1,1,6,1,-1,-1,-1,-1,-1,-1,-1,-1,-1,0
Unvalidated,2024421443880,2024,421443880,2,9,0,3,1,5,0,0,0,0,0,0,2,1,6,2,50,8,-1,-1,-1,-1,7,3,E01033052,0
Unvalidated,2024421443992,2024,421443992,1,9,0,18,1,5,0,1,0,0,0,0,1,1,6,1,-1,-1,-1,-1,-1,-1,-1,-1,-1,0
Unvalidated,2024421443992,2024,421443992,2,9,0,3,1,5,0,1,0,0,0,0,2,1,6,2,38,7,-1,-1,-1,-1,4,2,E01015948,0
Unvalidated,2024421444054,2024,421444054,1,9,0,18,5,8,0,0,0,0,7,0,1,1,6,2,34,6,-1,-1,-1,-1,3,1,E01021418,0
Unvalidated,2024421444054,2024,421444054,2,9,0,2,2,2,6,0,0,0,0,0,2,1,6,3,-1,-1,-1,-1,-1,-1,-1,-1,-1,0
Unvalidated,2024421444054,2024,421444054,3,9,0,2,2,1,6,0,0,0,0,0,3,1,6,3,-1,-1,-1,-1,-1,-1,-1,-1,-1,0
Unvalidated,2024421444086,2024,421444086,1,9,0,9,3,1,0,1,0,0,0,0,3,1,5,2,58,9,-1,-1,-1,-1,2,1,E01021596,0
Unvalidated,2024421444086,2024,421444086,2,3,0,14,3,7,0,1,0,0,0,0,1,1,5,1,39,7,-1,-1,-1,-1,5,3,E01021550,0
Unvalidated,2024421444165,2024,421444165,1,9,0,18,4,8,0,0,1,0,2,10,1,1,1,1,45,7,-1,-1,-1,-1,4,1,E01021342,0
Unvalidated,2024421444168,2024,421444168,1,9,0,18,3,5,0,0,0,0,0,0,1,1,3,1,17,4,-1,-1,-1,-1,9,1,E01021456,0
Unvalidated,2024421444168,2024,421444168,2,9,0,18,5,3,0,0,0,0,0,0,1,1,5,2,91,11,-1,-1,-1,-1,10,1,E01021450,0
Unvalidated,2024421444328,2024,421444328,1,9,0,18,1,5,0,0,1,4,7,0,1,1,2,1,17,4,-1,-1,-1,-1,-1,-1,-1,0
Unvalidated,2024421444328,2024,421444328,2,9,0,2,1,5,0,0,0,0,0,0,2,1,6,3,-1,-1,-1,-1,-1,-1,-1,-1,-1,0
Unvalidated,2024421444346,2024,421444346,1,1,0,18,5,1,0,0,5,0,0,0,3,1,5,1,15,3,-1,-1,-1,-1,1,1,E01015842,0
Unvalidated,2024421444346,2024,421444346,2,2,0,18,3,6,0,0,0,0,0,0,4,1,6,1,17,4,-1,-1,-1,-1,6,3,E01021917,0
Unvalidated,2024421444496,2024,421444496,1,5,0,18,2,6,0,1,2,0,0,0,1,1,5,1,30,6,-1,-1,-1,-1,5,1,E01003724,0
Unvalidated,2024421444588,2024,421444588,1,9,0,18,5,1,0,0,0,0,0,0,4,1,5,1,33,6,-1,-1,-1,-1,8,1,E01021544,0
Unvalidated,2024421444593,2024,421444593,1,19,0,18,7,3,0,1,0,0,0,0,1,1,6,1,45,7,-1,-1,-1,-1,5,1,E01033459,0
Unvalidated,2024421444593,2024,421444593,2,4,0,18,1,5,0,8,1,0,0,0,2,1,6,1,60,9,-1,-1,-1,-1,8,2,E01021347,0
Unvalidated,2024421444609,2024,421444609,1,9,0,18,8,4,0,8,0,0,0,0,1,1,1,1,23,5,-1,-1,-1,-1,2,1,E01021872,0
Unvalidated,2024421444609,2024,421444609,2,1,0,18,3,7,0,8,0,0,0,0,3,1,5,1,13,3,-1,-1,-1,-1,3,1,E01021847,0
Unvalidated,2024421444660,2024,421444660,1,3,0,5,5,1,0,1,1,0,0,0,3,1,5,1,18,4,-1,-1,-1,-1,3,1,E01021565,0
Unvalidated,2024421444677,2024,421444677,1,9,0,18,7,3,0,0,0,6,0,0,1,1,6,2,42,7,-1,-1,-1,-1,9,3,E01021912,0
Unvalidated,2024421444707,2024,421444707,1,9,0,18,3,7,0,0,0,0,8,0,3,1,6,1,27,6,-1,-1,-1,-1,2,1,E01004394,0
Unvalidated,2024421444745,2024,421444745,1,5,0,13,5,1,0,0,0,0,7,0,3,1,5,1,29,6,-1,-1,-1,-1,6,3,E01021348,0
Unvalidated,2024421444745,2024,421444745,2,9,0,18,1,5,0,0,0,0,0,0,3,1,5,1,36,7,-1,-1,-1,-1,8,2,E01022092,0
Unvalidated,2024421444745,2024,421444745,3,9,0,18,5,1,0,0,0,0,0,0,3,1,6,2,45,7,-1,-1,-1,-1,8,2,E01022093,0
Unvalidated,2024421444782,2024,421444782,1,9,0,18,8,4,0,8,0,0,0,0,1,1,5,2,34,6,-1,-1,-1,-1,9,1,E01021746,0
Unvalidated,2024421444901,2024,421444901,1,9,0,18,3,3,0,0,0,0,0,0,1,1,6,1,36,7,-1,-1,-1,-1,10,1,E01021625,0
Unvalidated,2024421444901,2024,421444901,2,9,0,18,3,7,0,0,0,0,0,0,2,1,6,1,42,7,-1,-1,-1,-1,4,1,E01021598,0
Unvalidated,2024421444959,2024,421444959,1,4,0,18,1,5,0,0,0,11,7,0,1,1,6,1,26,6,-1,-1,-1,-1,-1,-1,-1,0
Unvalidated,2024421444959,2024,421444959,2,4,0,18,1,5,0,0,0,0,1,0,0,1,6,1,18,4,-1,-1,-1,-1,-1,-1,-1,0
Unvalidated,2024421444998,2024,421444998,1,19,0,18,8,5,0,1,0,11,0,0,4,1,3,2,42,7,-1,-1,-1,-1,-1,-1,-1,0
Unvalidated,2024421445008,2024,421445008,1,9,0,18,5,1,0,1,0,0,0,0,1,1,6,2,36,7,-1,-1,-1,-1,2,1,E01015954,0
Unvalidated,2024421445008,2024,421445008,2,1,0,18,7,3,0,1,0,0,0,0,1,1,6,1,22,5,-1,-1,-1,-1,6,1,E01015968,0
Unvalidated,2024421445023,2024,421445023,1,3,0,14,1,5,0,1,0,0,0,0,1,1,1,1,18,4,-1,-1,-1,-1,3,1,E01021955,0
Unvalidated,2024421445023,2024,421445023,2,9,0,9,7,3,0,2,0,0,0,0,1,1,1,1,38,7,-1,-1,-1,-1,6,1,E01021930,0
Unvalidated,2024421445078,2024,421445078,1,9,0,18,4,1,0,0,2,0,0,0,1,1,5,1,65,9,-1,-1,-1,-1,5,3,E01021644,0
Unvalidated,2024421445078,2024,421445078,2,21,1,18,1,4,0,0,0,0,0,0,3,1,1,1,56,9,-1,-1,-1,-1,5,3,E01029941,0
Unvalidated,2024421445206,2024,421445206,1,9,0,18,5,2,0,0,0,0,1,0,1,1,6,2,61,9,-1,-1,-1,-1,-1,-1,-1,0
Unvalidated,2024421445209,2024,421445209,1,9,0,1,8,1,0,1,0,0,0,0,2,1,5,2,92,11,-1,-1,-1,-1,9,1,E01021825,0
Unvalidated,2024421445209,2024,421445209,2,9,0,2,0,0,0,2,0,0,0,0,2,1,6,3,-1,-1,-1,-1,-1,-1,-1,-1,-1,0
Unvalidated,2024421445332,2024,421445332,1,9,0,18,1,6,0,0,1,0,2,0,1,1,6,1,33,6,-1,-1,-1,-1,8,1,E01021690,0
Unvalidated,2024421445416,2024,421445416,1,9,0,4,6,2,0,1,0,0,0,0,1,1,5,2,28,6,-1,-1,-1,-1,3,1,E01021888,0
Unvalidated,2024421445416,2024,421445416,2,9,0,3,6,2,0,1,0,0,0,0,2,1,5,2,19,4,-1,-1,-1,-1,10,1,E01021384,0
Unvalidated,2024421445428,2024,421445428,1,9,0,1,5,1,0,0,0,0,0,0,0,1,6,1,47,8,-1,-1,-1,-1,5,1,E01021647,0
Unvalidated,2024421445428,2024,421445428,2,9,0,18,7,3,0,0,0,0,0,0,2,1,6,1,45,7,-1,-1,-1,-1,-1,-1,-1,0
Unvalidated,2024421445428,2024,421445428,3,97,0,18,7,3,0,0,1,0,0,0,1,1,6,1,-1,-1,-1,-1,-1,-1,-1,-1,-1,0
Unvalidated,2024421445514,2024,421445514,1,19,0,18,1,1,0,1,0,0,0,0,4,1,2,2,31,6,-1,-1,-1,-1,7,1,E01021952,0
Unvalidated,2024421445514,2024,421445514,2,9,0,2,0,0,0,1,0,0,0,0,3,1,6,3,-1,-1,-1,-1,-1,-1,-1,-1,-1,0
Unvalidated,2024421445593,2024,421445593,1,21,1,12,3,7,0,0,0,0,0,0,3,2,1,1,50,8,-1,-1,-1,-1,-1,-1,-1,0
Unvalidated,2024421445593,2024,421445593,2,9,0,18,3,7,0,0,0,0,0,0,3,1,6,1,68,10,-1,-1,-1,-1,6,1,E01021334,0
Unvalidated,2024421445624,2024,421445624,1,9,0,3,-1,-1,0,1,0,0,0,0,1,1,6,1,28,6,-1,-1,-1,-1,6,1,E01021702,0
Unvalidated,2024421445736,2024,421445736,1,9,0,18,3,7,0,0,2,0,1,0,1,1,6,1,43,7,-1,-1,-1,-1,4,1,E01015933,0
Unvalidated,2024421445736,2024,421445736,2,9,0,18,3,7,0,0,0,0,0,0,3,1,6,1,29,6,-1,-1,-1,-1,2,1,E01021314,0
Unvalidated,2024421445758,2024,421445758,1,9,0,18,7,8,0,0,0,0,1,3,1,1,5,2,24,5,-1,-1,-1,-1,1,1,E01000551,0
Unvalidated,2024421445767,2024,421445767,1,9,0,18,6,2,0,0,0,0,0,0,1,1,5,1,20,4,-1,-1,-1,-1,4,1,E01021808,0
Unvalidated,2024421445767,2024,421445767,2,9,0,18,3,7,0,0,0,0,0,0,1,1,5,1,48,8,-1,-1,-1,-1,5,1,E01021810,0
Unvalidated,2024421445769,2024,421445769,1,9,0,18,3,7,0,0,1,0,2,4,1,1,2,2,48,8,-1,-1,-1,-1,6,1,E01021597,0
Unvalidated,2024421445824,2024,421445824,1,97,0,18,2,6,0,0,0,0,0,0,-1,1,6,3,-1,-1,-1,-1,-1,-1,-1,-1,-1,0
Unvalidated,2024421445824,2024,421445824,2,9,0,18,2,6,0,0,0,0,0,0,3,1,6,2,46,8,-1,-1,-1,-1,8,1,E01033461,0
Unvalidated,2024421445861,2024,421445861,1,9,0,5,5,1,9,1,0,0,0,0,1,1,5,1,60,9,-1,-1,-1,-1,10,1,E01021284,0
Unvalidated,2024421445861,2024,421445861,2,1,0,18,3,7,9,1,0,0,0,0,1,1,5,1,9,2,-1,-1,-1,-1,10,1,E01021284,0
Unvalidated,2024421445962,2024,421445962,1,19,0,3,7,3,0,0,0,0,0,0,4,1,6,3,-1,-1,-1,-1,-1,-1,-1,-1,-1,0
Unvalidated,2024421445962,2024,421445962,2,19,0,3,7,3,0,0,0,0,0,0,3,1,6,1,30,6,-1,-1,-1,-1,8,1,E01021718,0
Unvalidated,2024421446069,2024,421446069,1,9,0,1,3,1,0,8,0,0,0,0,2,1,5,1,63,9,-1,-1,-1,-1,-1,-1,-1,0
Unvalidated,2024421446069,2024,421446069,2,22,0,18,7,3,5,1,0,0,0,0,3,1,1,2,84,11,-1,-1,-1,-1,-1,-1,-1,0
Unvalidated,2024421446201,2024,421446201,1,9,0,7,6,8,0,2,0,0,0,0,1,1,6,1,27,6,-1,-1,-1,-1,6,2,E01021979,0
Unvalidated,2024421446201,2024,421446201,2,9,0,18,8,4,0,1,0,0,1,1,3,1,6,2,47,8,-1,-1,-1,-1,4,1,E01021642,0
Unvalidated,2024421446385,2024,421446385,1,9,0,9,1,7,0,1,0,0,0,0,1,1,5,2,38,7,-1,-1,-1,-1,7,1,E01015955,0
Unvalidated,2024421446413,2024,421446413,1,9,0,18,7,3,0,1,0,0,0,0,1,1,1,1,41,7,-1,-1,-1,-1,-1,-1,-1,0
Unvalidated,2024421446413,2024,421446413,2,9,0,18,3,7,9,1,0,0,0,0,1,1,6,1,17,4,-1,-1,-1,-1,-1,-1,-1,0
Unvalidated,2024421446556,2024,421446556,1,9,0,18,1,5,0,2,0,0,0,0,4,1,6,1,58,9,-1,-1,-1,-1,1,1,E01021576,0
Unvalidated,2024421446645,2024,421446645,1,9,0,12,8,4,0,0,0,0,0,0,1,1,6,1,28,6,-1,-1,-1,-1,3,1,E01001774,0
Unvalidated,2024421446645,2024,421446645,2,9,0,18,7,3,0,0,0,0,0,0,2,1,6,1,43,7,-1,-1,-1,-1,3,1,E01016014,0
Unvalidated,2024421446979,2024,421446979,1,9,0,18,4,8,0,0,0,0,0,0,1,1,6,2,-1,-1,-1,-1,-1,-1,-1,-1,-1,0
Unvalidated,2024421446979,2024,421446979,2,9,0,4,4,8,0,0,0,0,0,0,2,1,5,2,40,7,-1,-1,-1,-1,7,2,E01022067,0
Unvalidated,2024421447011,2024,421447011,1,19,0,18,5,1,0,1,0,0,0,0,1,1,6,1,-1,-1,-1,-1,-1,-1,-1,-1,-1,0
Unvalidated,2024421447011,2024,421447011,2,9,0,3,5,1,0,1,0,0,0,0,1,1,1,1,53,8,-1,-1,-1,-1,5,1,E01015904,0
Unvalidated,2024421447063,2024,421447063,1,9,0,1,1,5,0,0,0,0,0,0,2,1,6,1,37,7,-1,-1,-1,-1,4,2,E01015947,0
Unvalidated,2024421447090,2024,421447090,1,19,0,9,8,5,0,1,0,0,0,0,4,1,1,1,-1,-1,-1,-1,-1,-1,-1,-1,-1,0
Unvalidated,2024421447090,2024,421447090,2,1,0,18,4,8,0,1,5,0,0,0,1,1,5,1,15,3,-1,-1,-1,-1,5,1,E01015832,0
Unvalidated,2024421447116,2024,421447116,1,9,0,18,6,2,0,0,0,0,0,0,1,1,6,1,-1,-1,-1,-1,-1,-1,-1,-1,-1,0
Unvalidated,2024421447116,2024,421447116,2,9,0,3,6,2,0,0,0,0,0,0,2,1,5,2,35,6,-1,-1,-1,-1,2,1,E01021268,0
Unvalidated,2024421447131,2024,421447131,1,9,0,18,6,2,0,0,0,0,0,0,1,1,6,3,-1,-1,-1,-1,-1,-1,-1,-1,-1,0
Unvalidated,2024421447131,2024,421447131,2,9,0,4,6,2,0,0,0,0,0,0,2,1,2,1,37,7,-1,-1,-1,-1,4,1,E01021841,0