status,collision_index,collision_year,collision_reference,vehicle_reference,vehicle_type,towing_and_articulation,vehicle_manoeuvre,vehicle_direction_from,vehicle_direction_to,vehicle_location_restricted_lane,junction_location,skidding_and_overturning,hit_object_in_carriageway,vehicle_leaving_carriageway,hit_object_off_carriageway,first_point_of_impact,vehicle_left_hand_drive,journey_purpose_of_driver,sex_of_driver,age_of_driver,age_band_of_driver,engine_capacity_cc,propulsion_code,age_of_vehicle,generic_make_model,driver_imd_decile,driver_home_area_type,lsoa_of_driver,escooter_flag
Unvalidated,2024421447160,2024,421447160,1,8,0,18,2,6,0,0,0,0,0,0,1,1,1,1,-1,-1,-1,-1,-1,-1,-1,-1,-1,0
Unvalidated,2024421447168,2024,421447168,1,9,0,18,7,3,0,1,0,0,0,0,1,1,6,2,35,6,-1,-1,-1,-1,9,1,E01021280,0
Unvalidated,2024421447168,2024,421447168,2,1,0,18,5,1,0,2,0,0,0,0,4,1,5,1,42,7,-1,-1,-1,-1,8,1,E01021513,0
Unvalidated,2024421447204,2024,421447204,1,9,0,18,-1,-1,0,2,0,0,0,0,2,1,6,3,-1,-1,-1,-1,-1,-1,-1,-1,-1,0
Unvalidated,2024421447204,2024,421447204,2,9,0,18,-1,-1,0,2,0,0,0,0,1,1,5,1,34,6,-1,-1,-1,-1,8,1,E01021566,0
Unvalidated,2024421447307,2024,421447307,1,9,0,18,6,2,0,8,0,0,0,0,4,1,6,1,34,6,-1,-1,-1,-1,5,1,E01022008,0
Unvalidated,2024421447307,2024,421447307,2,9,0,18,5,8,0,8,1,0,0,0,2,1,6,1,40,7,-1,-1,-1,-1,-1,-1,-1,0
Unvalidated,2024421447416,2024,421447416,1,9,0,18,6,1,0,0,0,0,0,0,1,1,6,2,-1,-1,-1,-1,-1,-1,8,1,E01021583,0
Unvalidated,2024421447532,2024,421447532,1,9,0,18,6,2,0,0,5,0,7,0,1,1,6,2,22,5,-1,-1,-1,-1,10,1,E01021941,0
Unvalidated,2024421447603,2024,421447603,1,5,0,13,2,6,0,0,0,0,0,0,1,1,5,1,58,9,-1,-1,-1,-1,8,1,E01021433,0
Unvalidated,2024421447603,2024,421447603,2,21,0,18,2,6,0,0,0,0,0,0,3,1,1,1,45,7,-1,-1,-1,-1,-1,-1,-1,0
Unvalidated,2024421447603,2024,421447603,3,9,0,18,2,6,0,0,0,0,0,0,4,1,5,1,40,7,-1,-1,-1,-1,1,1,E01016007,0
Unvalidated,2024421447654,2024,421447654,1,9,0,3,0,0,0,0,0,0,0,0,4,2,6,2,57,9,-1,-1,-1,-1,-1,-1,-1,0
Unvalidated,2024421447654,2024,421447654,2,3,0,13,7,3,0,0,1,4,0,0,3,1,6,1,17,4,-1,-1,-1,-1,3,1,E01021955,0
Unvalidated,2024421447667,2024,421447667,1,3,0,14,3,7,0,6,0,4,0,0,1,1,6,1,27,6,-1,-1,-1,-1,9,1,E01015857,0
Unvalidated,2024421447667,2024,421447667,2,9,0,3,3,7,0,6,0,0,0,0,1,1,2,1,43,7,-1,-1,-1,-1,4,1,E01015888,0
Unvalidated,2024421447812,2024,421447812,1,9,0,18,7,2,0,0,0,0,0,0,4,1,6,3,-1,-1,-1,-1,-1,-1,-1,-1,-1,0
Unvalidated,2024421447812,2024,421447812,2,5,0,18,7,2,0,0,0,0,0,0,3,1,6,1,60,9,-1,-1,-1,-1,-1,-1,-1,0
Unvalidated,2024421447814,2024,421447814,1,9,0,18,5,1,0,1,1,0,0,0,1,1,2,2,54,8,-1,-1,-1,-1,7,3,E01021571,0
Unvalidated,2024421447814,2024,421447814,2,9,0,18,6,2,0,8,0,0,0,0,1,1,5,1,25,5,-1,-1,-1,-1,7,1,E01021582,0
Unvalidated,2024421447818,2024,421447818,1,19,0,9,4,2,0,1,0,0,0,0,1,1,1,1,44,7,-1,-1,-1,-1,2,1,E01021322,0
Unvalidated,2024421447835,2024,421447835,1,9,0,18,3,7,0,0,0,0,0,0,1,1,5,1,32,6,-1,-1,-1,-1,2,1,E01022006,0
Unvalidated,2024421447835,2024,421447835,2,9,0,18,3,6,0,0,0,0,0,0,2,1,5,1,47,8,-1,-1,-1,-1,6,1,E01001415,0
Unvalidated,2024421447848,2024,421447848,1,9,0,6,8,4,0,0,0,0,0,0,3,1,5,1,58,9,-1,-1,-1,-1,8,1,E01021389,0
Unvalidated,2024421447848,2024,421447848,2,3,0,18,8,4,0,0,0,0,0,0,1,1,2,1,20,4,-1,-1,-1,-1,9,3,E01021883,0
Unvalidated,2024421447857,2024,421447857,1,9,0,18,2,6,0,1,0,0,0,0,1,1,2,1,37,7,-1,-1,-1,-1,6,1,E01000332,0
Unvalidated,2024421447857,2024,421447857,2,9,0,9,6,4,0,1,0,0,0,0,1,1,5,1,23,5,-1,-1,-1,-1,8,2,E01021763,0
Unvalidated,2024421447857,2024,421447857,3,9,0,3,4,6,0,1,0,0,0,0,3,1,5,1,37,7,-1,-1,-1,-1,3,1,E01021871,0
Unvalidated,2024421447870,2024,421447870,1,9,0,18,5,1,9,0,0,0,0,0,1,1,6,2,90,11,-1,-1,-1,-1,7,3,E01021902,0
Unvalidated,2024421447883,2024,421447883,1,90,0,-1,-1,-1,0,0,0,0,0,0,0,1,6,2,27,6,-1,-1,-1,-1,-1,-1,-1,1
Unvalidated,2024421447916,2024,421447916,1,9,0,5,1,6,0,6,0,0,0,0,1,1,5,2,66,10,-1,-1,-1,-1,-1,-1,-1,0
Unvalidated,2024421447916,2024,421447916,2,2,0,18,6,3,0,1,0,0,0,0,1,1,5,1,46,8,-1,-1,-1,-1,7,3,E01021538,0
Unvalidated,2024421448161,2024,421448161,1,5,0,7,3,7,0,3,0,0,0,0,1,1,5,1,45,7,-1,-1,-1,-1,5,1,E01001499,0
Unvalidated,2024421448161,2024,421448161,2,9,0,18,3,2,0,8,0,0,0,0,3,1,5,1,32,6,-1,-1,-1,-1,2,1,E01000064,0
Unvalidated,2024421448309,2024,421448309,1,9,0,18,8,4,0,0,2,0,1,0,3,1,5,1,34,6,-1,-1,-1,-1,6,1,E01029956,0
Unvalidated,2024421448415,2024,421448415,1,9,0,18,3,5,0,1,0,0,0,0,0,1,6,3,-1,-1,-1,-1,-1,-1,-1,-1,-1,0
Unvalidated,2024421448415,2024,421448415,2,9,0,18,5,3,0,2,0,0,0,0,1,1,6,1,30,6,-1,-1,-1,-1,5,1,E01004451,0
Unvalidated,2024421448415,2024,421448415,3,9,0,18,3,5,0,1,0,0,0,0,1,1,5,1,25,5,-1,-1,-1,-1,3,1,E01001449,0
Unvalidated,2024421448467,2024,421448467,1,9,0,18,7,3,5,2,0,0,7,0,1,1,6,1,58,9,-1,-1,-1,-1,8,3,E01021533,0
Unvalidated,2024421448474,2024,421448474,1,11,0,18,6,2,0,2,0,0,0,0,4,1,1,1,72,10,-1,-1,-1,-1,4,1,E01003220,0
Unvalidated,2024421448488,2024,421448488,1,9,0,9,7,5,0,8,0,0,0,0,3,1,5,1,51,8,-1,-1,-1,-1,-1,-1,-1,0
Unvalidated,2024421448488,2024,421448488,2,9,0,18,7,3,0,3,0,0,0,0,4,1,5,2,50,8,-1,-1,-1,-1,-1,-1,-1,0
Unvalidated,2024421448534,2024,421448534,1,9,0,4,7,3,0,0,0,0,0,0,1,1,5,2,27,6,-1,-1,-1,-1,7,1,E01021531,0
Unvalidated,2024421448570,2024,421448570,1,9,0,18,7,3,0,0,0,0,0,0,1,1,6,1,32,6,-1,-1,-1,-1,4,1,E01021529,0
Unvalidated,2024421448570,2024,421448570,2,9,0,18,6,3,0,0,0,0,0,0,2,1,6,1,19,4,-1,-1,-1,-1,5,1,E01015951,0
Unvalidated,2024421448616,2024,421448616,1,9,0,18,3,5,0,8,0,0,0,0,1,1,5,1,90,11,-1,-1,-1,-1,6,2,E01029880,0
Unvalidated,2024421448616,2024,421448616,2,9,0,18,5,3,0,8,0,0,0,0,1,1,5,2,18,4,-1,-1,-1,-1,7,3,E01021407,0
Unvalidated,2024421448710,2024,421448710,1,9,0,18,8,4,0,0,5,0,0,0,1,1,6,2,60,9,-1,-1,-1,-1,8,2,E01018219,0
Unvalidated,2024421448710,2024,421448710,2,9,0,2,0,0,0,0,0,0,0,0,4,1,6,3,-1,-1,-1,-1,-1,-1,-1,-1,-1,0
Unvalidated,2024421448710,2024,421448710,3,9,0,2,0,0,0,0,0,0,0,0,1,1,6,3,-1,-1,-1,-1,-1,-1,-1,-1,-1,0
Unvalidated,2024421448732,2024,421448732,1,9,0,18,1,5,0,0,0,0,0,0,3,1,5,1,26,6,-1,-1,-1,-1,7,3,E01022097,0
Unvalidated,2024421448732,2024,421448732,2,9,0,18,5,2,0,0,0,0,0,0,3,1,5,1,75,10,-1,-1,-1,-1,4,1,E01030113,0
Unvalidated,2024421448745,2024,421448745,1,11,0,18,5,2,0,4,2,9,3,0,3,1,1,1,66,10,-1,-1,-1,-1,-1,-1,-1,0
Unvalidated,2024421448803,2024,421448803,1,9,0,15,1,5,0,0,0,0,0,0,3,1,1,1,34,6,-1,-1,-1,-1,3,1,E01029968,0
Unvalidated,2024421448803,2024,421448803,2,9,0,18,5,1,0,0,0,0,0,0,3,1,5,2,72,10,-1,-1,-1,-1,5,1,E01021992,0
Unvalidated,2024421448864,2024,421448864,1,4,0,13,4,8,0,0,0,0,0,0,1,1,6,1,38,7,-1,-1,-1,-1,9,1,E01021619,0
Unvalidated,2024421448864,2024,421448864,2,9,0,9,4,1,0,0,0,0,0,0,3,1,5,2,26,6,-1,-1,-1,-1,4,1,E01015872,0
Unvalidated,2024421448880,2024,421448880,1,9,0,5,3,8,0,8,0,0,0,0,4,1,2,2,31,6,-1,-1,-1,-1,3,1,E01021565,0
Unvalidated,2024421448880,2024,421448880,2,19,0,18,7,3,0,8,0,0,0,0,1,1,1,1,44,7,-1,-1,-1,-1,6,1,E01021343,0
Unvalidated,2024421448886,2024,421448886,1,9,0,5,1,5,0,8,0,0,0,0,3,1,6,2,55,8,-1,-1,-1,-1,6,1,E01021502,0
Unvalidated,2024421448886,2024,421448886,2,1,0,18,3,7,0,1,0,0,0,0,1,1,6,2,59,9,-1,-1,-1,-1,5,1,E01021489,0
Unvalidated,2024421448938,2024,421448938,1,1,0,18,7,5,0,0,0,0,0,0,1,1,5,1,14,3,-1,-1,-1,-1,10,1,E01021935,0
Unvalidated,2024421448938,2024,421448938,2,9,0,18,7,3,0,0,0,0,0,0,1,1,5,1,57,9,-1,-1,-1,-1,10,2,E01030870,0
Unvalidated,2024421448954,2024,421448954,1,9,0,5,8,5,0,6,0,0,0,0,1,1,6,1,55,8,-1,-1,-1,-1,7,3,E01021993,0
Unvalidated,2024421448954,2024,421448954,2,19,0,18,7,6,0,1,0,0,0,0,1,1,6,1,37,7,-1,-1,-1,-1,7,2,E01021993,0
Unvalidated,2024421448978,2024,421448978,1,9,0,1,1,5,0,0,0,0,0,0,2,1,5,2,67,10,-1,-1,-1,-1,8,1,E01015836,0
Unvalidated,2024421448978,2024,421448978,2,1,0,18,7,3,0,0,0,0,0,0,4,1,5,1,74,10,-1,-1,-1,-1,8,1,E01015836,0
Unvalidated,2024421449076,2024,421449076,1,9,0,18,3,7,0,0,0,0,0,0,1,1,6,3,-1,-1,-1,-1,-1,-1,-1,-1,-1,0
Unvalidated,2024421449076,2024,421449076,2,1,0,18,4,8,0,0,0,0,0,0,1,1,5,1,35,6,-1,-1,-1,-1,-1,-1,-1,0
Unvalidated,2024421449183,2024,421449183,1,9,0,5,6,8,0,0,1,0,0,0,1,1,6,1,34,6,-1,-1,-1,-1,5,1,E01003741,0
Unvalidated,2024421449183,2024,421449183,2,9,0,2,3,7,0,0,1,0,0,0,2,1,1,2,25,5,-1,-1,-1,-1,-1,-1,-1,0
Unvalidated,2024421449194,2024,421449194,1,8,0,18,4,8,0,0,0,0,0,0,1,1,1,3,-1,-1,-1,-1,-1,-1,-1,-1,-1,0
Unvalidated,2024421449194,2024,421449194,2,9,0,4,4,8,0,0,0,0,0,0,2,1,1,1,37,7,-1,-1,-1,-1,3,1,E01030114,0
Unvalidated,2024421449210,2024,421449210,1,9,0,1,5,1,0,0,0,0,0,0,2,1,6,3,-1,-1,-1,-1,-1,-1,-1,-1,-1,0
Unvalidated,2024421449254,2024,421449254,1,11,0,5,7,3,0,0,0,0,0,0,4,1,1,1,42,7,-1,-1,-1,-1,4,1,E01015871,0
Unvalidated,2024421449620,2024,421449620,1,9,0,18,3,7,0,2,0,0,0,0,1,1,5,1,31,6,-1,-1,-1,-1,6,1,E01021666,0
Unvalidated,2024421449620,2024,421449620,2,9,0,18,7,3,0,2,0,0,0,0,2,1,5,2,39,7,-1,-1,-1,-1,6,1,E01023855,0
Unvalidated,2024421449632,2024,421449632,1,5,0,18,1,5,0,1,5,0,0,0,1,1,5,1,72,10,-1,-1,-1,-1,8,1,E01021478,0
Unvalidated,2024421449632,2024,421449632,2,9,0,3,1,5,0,1,0,0,0,0,2,1,5,1,48,8,-1,-1,-1,-1,6,3,E01022095,0
Unvalidated,2024421449727,2024,421449727,1,9,0,5,7,3,0,1,0,0,0,0,1,1,6,3,-1,-1,-1,-1,-1,-1,-1,-1,-1,0
Unvalidated,2024421449727,2024,421449727,2,9,0,3,1,5,0,1,0,0,0,0,2,1,5,2,45,7,-1,-1,-1,-1,4,1,E01015872,0
Unvalidated,2024421449800,2024,421449800,1,9,0,10,7,5,0,0,0,0,0,0,4,1,6,2,-1,-1,-1,-1,-1,-1,-1,-1,-1,0
Unvalidated,2024421449800,2024,421449800,2,3,0,10,7,5,0,0,1,0,0,0,3,1,5,1,24,5,-1,-1,-1,-1,8,1,E01021717,0
Unvalidated,2024421449857,2024,421449857,1,3,0,18,5,5,0,4,0,0,0,0,1,1,6,1,21,5,-1,-1,-1,-1,-1,-1,-1,0
Unvalidated,2024421449857,2024,421449857,2,9,0,8,5,5,0,3,0,0,0,0,2,1,6,2,47,8,-1,-1,-1,-1,1,1,E01021271,0
Unvalidated,2024421449861,2024,421449861,1,9,0,18,7,3,0,0,2,0,1,0,3,1,6,2,37,7,-1,-1,-1,-1,4,1,E01021374,0
Unvalidated,2024421449875,2024,421449875,1,9,0,9,5,6,0,0,0,0,1,4,1,1,6,2,30,6,-1,-1,-1,-1,-1,-1,-1,0
Unvalidated,2024421449903,2024,421449903,1,9,0,18,8,7,0,6,0,0,3,0,3,1,1,1,55,8,-1,-1,-1,-1,2,3,E01022046,0
Unvalidated,2024421449903,2024,421449903,2,3,0,18,7,3,0,1,2,0,0,0,1,1,5,1,17,4,-1,-1,-1,-1,7,2,E01021981,0
Unvalidated,2024421449957,2024,421449957,1,9,0,9,3,1,0,1,0,0,0,0,4,1,6,1,79,11,-1,-1,-1,-1,-1,-1,-1,0
Unvalidated,2024421449957,2024,421449957,2,9,0,4,3,1,0,5,0,0,0,0,4,1,2,1,61,9,-1,-1,-1,-1,-1,-1,-1,0
Unvalidated,2024421450032,2024,421450032,1,9,0,18,5,1,0,8,0,0,0,0,1,1,6,2,31,6,-1,-1,-1,-1,-1,3,-1,0
Unvalidated,2024421450032,2024,421450032,2,1,0,18,7,3,0,8,0,0,0,0,1,1,5,1,43,7,-1,-1,-1,-1,5,1,E01001803,0
Unvalidated,2024421450036,2024,421450036,1,9,0,18,3,6,0,4,0,0,0,0,3,1,5,1,83,11,-1,-1,-1,-1,10,1,E01021252,0
Unvalidated,2024421450036,2024,421450036,2,9,0,18,1,5,0,8,0,0,0,0,1,1,5,2,53,8,-1,-1,-1,-1,4,1,E01015874,0
Unvalidated,2024421450073,2024,421450073,1,9,0,9,3,8,0,0,0,0,0,0,3,1,5,1,44,7,-1,-1,-1,-1,8,1,E01021891,0
Unvalidated,2024421450073,2024,421450073,2,3,0,18,8,4,0,0,2,0,0,0,1,1,5,1,22,5,-1,-1,-1,-1,9,2,E01021899,0
Unvalidated,2024421450092,2024,421450092,1,9,0,18,1,5,0,0,5,7,0,0,1,1,5,1,59,9,-1,-1,-1,-1,1,2,E01021988,0
Unvalidated,2024421450092,2024,421450092,2,19,0,2,1,5,0,0,0,4,1,0,2,1,6,3,-1,-1,-1,-1,-1,-1,-1,-1,-1,0
Unvalidated,2024421450092,2024,421450092,3,19,0,2,0,0,0,0,0,0,1,0,2,1,6,3,-1,-1,-1,-1,-1,-1,-1,-1,-1,0
Unvalidated,2024421450092,2024,421450092,4,9,0,2,0,0,0,0,0,0,0,0,4,1,6,3,-1,-1,-1,-1,-1,-1,-1,-1,-1,0
Unvalidated,2024421450266,2024,421450266,1,9,0,18,3,7,0,1,0,0,0,0,1,1,5,2,32,6,-1,-1,-1,-1,9,1,E01021893,0
Unvalidated,2024421450372,2024,421450372,1,3,0,18,2,6,0,2,1,0,0,0,1,1,6,1,22,5,-1,-1,-1,-1,6,1,E01021356,0
Unvalidated,2024421450372,2024,421450372,2,17,4,18,6,2,0,1,0,0,0,0,1,1,1,1,62,9,-1,-1,-1,-1,8,3,E01021411,0
Unvalidated,2024421450551,2024,421450551,1,1,0,5,5,1,0,6,0,0,0,0,3,1,5,1,12,3,-1,-1,-1,-1,8,1,E01021599,0
Unvalidated,2024421450551,2024,421450551,2,9,0,18,3,7,0,1,0,0,0,0,1,1,2,1,22,5,-1,-1,-1,-1,6,3,E01021769,0
Unvalidated,2024421450569,2024,421450569,1,9,0,1,3,7,0,0,0,0,0,0,3,1,1,1,27,6,-1,-1,-1,-1,8,2,E01023466,0
Unvalidated,2024421450569,2024,421450569,2,1,0,18,1,5,0,0,0,0,0,0,1,1,6,1,34,6,-1,-1,-1,-1,6,3,E01021404,0
Unvalidated,2024421450629,2024,421450629,1,2,0,18,5,1,0,8,0,0,0,0,1,1,5,1,24,5,-1,-1,-1,-1,9,3,E01021756,0
Unvalidated,2024421450629,2024,421450629,2,9,0,9,1,6,0,8,0,0,0,0,1,1,5,1,31,6,-1,-1,-1,-1,-1,-1,-1,0
Unvalidated,2024421450663,2024,421450663,1,9,0,18,1,5,0,0,0,0,0,0,1,1,6,1,20,4,-1,-1,-1,-1,-1,-1,-1,0
Unvalidated,2024421450663,2024,421450663,2,9,0,5,1,5,0,0,0,0,0,0,2,1,6,2,53,8,-1,-1,-1,-1,4,1,E01015936,0
Unvalidated,2024421450697,2024,421450697,1,9,0,8,4,8,0,4,0,0,0,0,2,1,5,2,53,8,-1,-1,-1,-1,10,1,E01023690,0
Unvalidated,2024421450697,2024,421450697,2,9,0,5,4,8,0,4,0,0,0,0,1,1,6,3,50,8,-1,-1,-1,-1,-1,-1,-1,0
Unvalidated,2024421450734,2024,421450734,1,9,0,18,5,1,0,0,0,0,0,0,1,1,1,1,27,6,-1,-1,-1,-1,9,1,E01021586,0
Unvalidated,2024421450734,2024,421450734,2,9,0,4,5,1,0,0,0,0,0,0,1,1,5,1,59,9,-1,-1,-1,-1,2,1,E01021279,0
Unvalidated,2024421450734,2024,421450734,3,9,0,2,0,0,0,0,0,0,0,0,1,1,6,3,-1,-1,-1,-1,-1,-1,-1,-1,-1,0
Unvalidated,2024421450775,2024,421450775,1,9,0,18,7,3,0,5,0,0,7,0,1,2,5,1,17,4,-1,-1,-1,-1,7,1,E01015876,0
Unvalidated,2024421450776,2024,421450776,1,9,0,18,1,4,0,1,0,4,7,0,1,1,6,1,64,9,-1,-1,-1,-1,4,1,E01022022,0
Unvalidated,2024421450776,2024,421450776,2,9,0,2,1,1,0,1,0,0,1,0,3,1,6,3,-1,-1,-1,-1,-1,-1,-1,-1,-1,0
Unvalidated,2024421450875,2024,421450875,1,9,0,11,7,3,0,1,0,0,0,0,4,1,5,1,57,9,-1,-1,-1,-1,4,1,E01021707,0
Unvalidated,2024421450875,2024,421450875,2,9,0,5,1,3,0,2,0,0,0,0,3,1,5,1,52,8,-1,-1,-1,-1,7,3,E01029899,0
Unvalidated,2024421450971,2024,421450971,1,9,0,18,7,3,0,8,0,10,8,0,4,1,5,1,59,9,-1,-1,-1,-1,7,3,E01021882,0
Unvalidated,2024421450971,2024,421450971,2,9,0,18,2,6,0,8,0,0,0,0,4,1,5,1,32,6,-1,-1,-1,-1,6,1,E01021886,0
Unvalidated,2024421450998,2024,421450998,1,9,0,9,1,7,0,8,0,0,0,0,1,1,5,2,55,8,-1,-1,-1,-1,5,1,E01021298,0
Unvalidated,2024421450998,2024,421450998,2,3,0,18,7,3,0,8,0,0,0,0,1,1,5,1,20,4,-1,-1,-1,-1,7,1,E01021294,0
Unvalidated,2024421451203,2024,421451203,1,9,0,18,5,8,0,0,0,10,0,0,1,1,5,2,79,11,-1,-1,-1,-1,3,1,E01021871,0
Unvalidated,2024421451325,2024,421451325,1,1,0,18,2,6,0,1,0,0,0,0,1,1,5,1,19,4,-1,-1,-1,-1,7,1,E01021928,0
Unvalidated,2024421451325,2024,421451325,2,9,0,4,2,6,0,1,0,0,0,0,2,1,5,2,45,7,-1,-1,-1,-1,9,1,E01021933,0
Unvalidated,2024421451348,2024,421451348,1,3,0,13,5,1,0,0,0,0,0,0,1,1,5,2,19,4,-1,-1,-1,-1,6,1,E01002373,0
Unvalidated,2024421451348,2024,421451348,2,19,0,13,4,8,0,0,0,0,0,0,2,1,2,1,46,8,-1,-1,-1,-1,-1,1,-1,0
Unvalidated,2024421451447,2024,421451447,1,9,0,18,6,2,0,0,0,0,1,0,1,1,2,2,48,8,-1,-1,-1,-1,9,1,E01033614,0
Unvalidated,2024421451447,2024,421451447,2,9,0,4,6,2,0,0,0,0,0,0,2,1,2,1,50,8,-1,-1,-1,-1,5,1,E01024281,0
Unvalidated,2024421451447,2024,421451447,3,19,0,4,6,2,0,0,0,0,0,0,2,1,1,1,52,8,-1,-1,-1,-1,9,1,E01016081,0
Unvalidated,2024421451523,2024,421451523,1,9,0,18,-1,-1,0,0,0,0,0,0,-1,1,6,2,39,7,-1,-1,-1,-1,5,1,E01014063,0
Unvalidated,2024421451523,2024,421451523,2,9,-1,18,-1,-1,0,0,0,0,0,0,-1,1,6,1,-1,-1,-1,-1,-1,-1,9,2,E01021397,0
Unvalidated,2024421451632,2024,421451632,1,9,0,18,6,8,0,1,0,4,0,0,1,1,5,1,53,8,-1,-1,-1,-1,8,1,E01021371,0
Unvalidated,2024421451632,2024,421451632,2,9,0,2,5,6,0,8,0,0,3,0,3,1,6,3,-1,-1,-1,-1,-1,-1,-1,-1,-1,0
Unvalidated,2024421451632,2024,421451632,3,19,0,2,1,3,0,8,0,0,0,0,2,1,6,3,-1,-1,-1,-1,-1,-1,-1,-1,-1,0
Unvalidated,2024421451641,2024,421451641,1,9,0,18,1,5,0,0,0,0,0,0,1,2,6,1,80,11,-1,-1,-1,-1,7,3,E01021662,0
Unvalidated,2024421451804,2024,421451804,1,9,5,18,1,5,0,0,0,0,1,0,3,1,6,2,30,6,-1,-1,-1,-1,7,2,E01033057,0
Unvalidated,2024421451804,2024,421451804,2,19,0,18,6,1,0,0,0,0,0,0,3,1,2,1,34,6,-1,-1,-1,-1,5,2,E01021880,0
Unvalidated,2024421451815,2024,421451815,1,20,-1,12,3,7,0,0,0,0,0,0,3,1,6,3,-1,-1,-1,-1,-1,-1,-1,-1,-1,0
Unvalidated,2024421451815,2024,421451815,2,9,0,18,3,1,0,0,1,0,0,0,4,1,2,1,28,6,-1,-1,-1,-1,7,1,E01023445,0
Unvalidated,2024421451819,2024,421451819,1,9,0,5,1,5,0,2,0,0,7,0,1,1,2,1,51,8,-1,-1,-1,-1,8,1,E01003660,0
Unvalidated,2024421451843,2024,421451843,1,98,0,18,3,7,0,1,0,0,0,0,1,1,6,1,-1,-1,-1,-1,-1,-1,-1,-1,-1,0
Unvalidated,2024421451843,2024,421451843,2,9,0,9,7,5,0,8,0,0,0,0,4,1,6,1,29,6,-1,-1,-1,-1,6,1,E01021331,0
Unvalidated,2024421451886,2024,421451886,1,9,0,18,6,2,0,0,0,0,0,0,3,1,6,1,35,6,-1,-1,-1,-1,-1,-1,-1,0
Unvalidated,2024421451950,2024,421451950,1,9,0,18,2,6,0,1,0,0,0,0,2,1,6,1,72,10,-1,-1,-1,-1,9,1,E01021825,0
Unvalidated,2024421451950,2024,421451950,2,5,0,18,2,6,0,1,0,0,0,0,3,1,6,1,55,8,-1,-1,-1,-1,-1,-1,-1,0
Unvalidated,2024421451950,2024,421451950,3,9,0,18,5,1,0,1,0,0,0,0,0,1,1,1,-1,-1,-1,-1,-1,-1,8,1,E01021544,0
Unvalidated,2024421452002,2024,421452002,1,9,0,5,1,5,0,1,0,0,0,0,4,1,6,2,65,9,-1,-1,-1,-1,10,1,E01015910,0
Unvalidated,2024421452002,2024,421452002,2,1,-1,18,7,3,0,1,1,0,0,0,1,1,6,1,61,9,-1,-1,-1,-1,3,1,E01015819,0
Unvalidated,2024421452147,2024,421452147,1,9,0,7,5,7,0,0,0,0,0,0,4,1,5,1,39,7,-1,-1,-1,-1,5,1,E01015827,0
Unvalidated,2024421452147,2024,421452147,2,2,0,18,7,3,0,0,0,0,0,0,1,1,5,1,16,4,-1,-1,-1,-1,5,1,E01015818,0
Unvalidated,2024421452154,2024,421452154,1,3,0,18,1,5,0,0,2,0,0,0,1,1,6,1,19,4,-1,-1,-1,-1,5,3,E01021694,0
Unvalidated,2024421452330,2024,421452330,1,3,0,13,7,3,0,1,0,0,0,0,1,1,1,1,20,4,-1,-1,-1,-1,2,1,E01015828,0
Unvalidated,2024421452330,2024,421452330,2,9,0,9,7,3,0,5,0,0,0,0,3,1,5,1,53,8,-1,-1,-1,-1,5,1,E01021491,0
Unvalidated,2024421452332,2024,421452332,1,9,0,18,6,2,0,1,0,0,0,0,1,1,6,3,-1,-1,-1,-1,-1,-1,-1,-1,-1,0
Unvalidated,2024421452341,2024,421452341,1,21,0,18,7,3,0,0,5,5,0,0,1,1,1,1,55,8,-1,-1,-1,-1,5,1,E01021489,0
Unvalidated,2024421452350,2024,421452350,1,9,0,18,4,8,0,0,0,0,0,0,1,1,6,3,-1,-1,-1,-1,-1,-1,-1,-1,-1,0
Unvalidated,2024421452350,2024,421452350,2,9,0,18,4,8,0,0,0,0,0,0,2,1,6,2,57,9,-1,-1,-1,-1,5,1,E01021492,0
Unvalidated,2024421452415,2024,421452415,1,22,0,18,3,7,9,0,0,0,0,0,1,1,6,1,30,6,-1,-1,-1,-1,-1,-1,-1,0
Unvalidated,2024421452434,2024,421452434,1,9,0,18,2,6,0,0,0,0,0,0,1,1,6,3,-1,-1,-1,-1,-1,-1,-1,-1,-1,0
Unvalidated,2024421452466,2024,421452466,1,19,0,18,6,2,0,0,0,0,0,0,4,1,6,3,-1,-1,-1,-1,-1,-1,-1,-1,-1,0
Unvalidated,2024421452489,2024,421452489,1,9,0,18,7,3,0,0,0,0,0,0,3,1,6,3,-1,-1,-1,-1,-1,-1,-1,-1,-1,0
Unvalidated,2024421452489,2024,421452489,2,4,0,18,3,7,0,0,0,0,0,0,3,1,2,1,23,5,-1,-1,-1,-1,4,1,E01021837,0
Unvalidated,2024421452522,2024,421452522,1,9,0,5,5,7,0,6,0,0,0,0,3,1,6,1,93,11,-1,-1,-1,-1,10,2,E01021570,0
Unvalidated,2024421452522,2024,421452522,2,9,0,18,7,3,0,1,0,0,0,0,1,1,5,2,62,9,-1,-1,-1,-1,6,3,E01021907,0
Unvalidated,2024421452623,2024,421452623,1,9,0,18,5,4,0,3,0,0,0,0,1,1,2,2,60,9,-1,-1,-1,-1,1,1,E01015880,0
Unvalidated,2024421452623,2024,421452623,2,9,0,18,5,4,0,4,0,0,0,0,2,1,6,2,27,6,-1,-1,-1,-1,9,1,E01015909,0
Unvalidated,2024421452623,2024,421452623,3,90,0,18,8,3,0,4,0,0,0,0,0,1,1,1,46,8,-1,-1,-1,-1,5,1,E01021954,0
Unvalidated,2024421452660,2024,421452660,1,9,0,18,7,2,0,0,1,0,0,0,1,1,5,1,55,8,-1,-1,-1,-1,10,1,E01021545,0