status,collision_index,collision_year,collision_reference,vehicle_reference,vehicle_type,towing_and_articulation,vehicle_manoeuvre,vehicle_direction_from,vehicle_direction_to,vehicle_location_restricted_lane,junction_location,skidding_and_overturning,hit_object_in_carriageway,vehicle_leaving_carriageway,hit_object_off_carriageway,first_point_of_impact,vehicle_left_hand_drive,journey_purpose_of_driver,sex_of_driver,age_of_driver,age_band_of_driver,engine_capacity_cc,propulsion_code,age_of_vehicle,generic_make_model,driver_imd_decile,driver_home_area_type,lsoa_of_driver,escooter_flag
Unvalidated,2024421452660,2024,421452660,2,9,0,18,7,2,0,0,0,10,0,0,2,1,2,1,51,8,-1,-1,-1,-1,2,1,E01029969,0
Unvalidated,2024421452692,2024,421452692,1,9,0,4,3,3,0,0,0,0,0,0,1,1,1,1,33,6,-1,-1,-1,-1,1,1,E01021323,0
Unvalidated,2024421452692,2024,421452692,2,9,0,4,3,3,0,0,0,0,0,0,2,1,5,1,60,9,-1,-1,-1,-1,1,1,E01021288,0
Unvalidated,2024421452704,2024,421452704,1,9,0,9,7,3,0,0,0,0,1,0,1,1,5,1,78,11,-1,-1,-1,-1,8,3,E01021533,0
Unvalidated,2024421452735,2024,421452735,1,4,0,12,2,6,0,0,0,0,0,0,3,1,6,1,62,9,-1,-1,-1,-1,-1,-1,-1,0
Unvalidated,2024421452735,2024,421452735,2,9,0,18,2,6,0,0,0,0,0,0,4,1,6,2,31,6,-1,-1,-1,-1,10,1,E01021622,0
Unvalidated,2024421452779,2024,421452779,1,9,0,9,4,2,0,1,0,0,0,0,4,1,6,2,31,6,-1,-1,-1,-1,-1,-1,-1,0
Unvalidated,2024421452779,2024,421452779,2,1,0,18,8,4,0,1,0,0,0,0,1,1,2,1,42,7,-1,-1,-1,-1,3,1,E01021852,0
Unvalidated,2024421452819,2024,421452819,1,9,0,18,2,6,0,0,0,0,0,0,1,1,6,2,86,11,-1,-1,-1,-1,4,1,E01021495,0
Unvalidated,2024421452819,2024,421452819,2,90,0,4,2,6,0,0,0,0,0,0,2,1,1,1,52,8,-1,-1,-1,-1,8,1,E01015833,0
Unvalidated,2024421452834,2024,421452834,1,9,0,18,8,4,0,0,0,0,0,0,3,1,6,3,-1,-1,-1,-1,-1,-1,-1,-1,-1,0
Unvalidated,2024421452834,2024,421452834,2,8,0,18,8,4,0,0,0,0,0,0,4,1,1,1,31,6,-1,-1,-1,-1,5,1,E01002249,0
Unvalidated,2024421452865,2024,421452865,1,9,0,10,5,2,0,8,0,0,0,0,3,1,2,2,45,7,-1,-1,-1,-1,8,2,E01021734,0
Unvalidated,2024421452865,2024,421452865,2,1,0,18,2,6,0,1,0,0,0,0,1,1,6,1,55,8,-1,-1,-1,-1,10,1,E01021693,0
Unvalidated,2024421452898,2024,421452898,1,98,0,9,7,5,0,2,0,0,0,0,1,1,1,1,37,7,-1,-1,-1,-1,8,1,E01021566,0
Unvalidated,2024421452898,2024,421452898,2,9,0,18,1,5,9,8,0,0,0,0,3,1,6,2,78,11,-1,-1,-1,-1,10,1,E01023501,0
Unvalidated,2024421453037,2024,421453037,1,9,0,7,2,4,0,2,0,0,0,0,1,1,5,2,37,7,-1,-1,-1,-1,6,1,E01021434,0
Unvalidated,2024421453037,2024,421453037,2,19,0,18,8,4,0,1,0,0,0,0,1,1,1,1,39,7,-1,-1,-1,-1,8,1,E01021482,0
Unvalidated,2024421453092,2024,421453092,1,9,0,18,3,7,0,0,0,0,0,0,3,1,5,1,41,7,-1,-1,-1,-1,10,1,E01021585,0
Unvalidated,2024421453092,2024,421453092,2,9,0,18,7,3,0,0,0,0,0,0,3,1,5,2,41,7,-1,-1,-1,-1,7,3,E01021538,0
Unvalidated,2024421453096,2024,421453096,1,9,0,9,2,8,9,5,0,10,1,10,1,1,5,1,62,9,-1,-1,-1,-1,1,1,E01022042,0
Unvalidated,2024421453096,2024,421453096,2,9,0,2,0,0,9,1,1,4,0,0,2,1,6,3,-1,-1,-1,-1,-1,-1,-1,-1,-1,0
Unvalidated,2024421453096,2024,421453096,3,9,0,2,0,0,9,1,1,4,0,0,2,1,6,3,-1,-1,-1,-1,-1,-1,-1,-1,-1,0
Unvalidated,2024421453142,2024,421453142,1,9,0,18,4,8,0,2,0,0,0,0,1,1,6,1,31,6,-1,-1,-1,-1,-1,-1,-1,0
Unvalidated,2024421453142,2024,421453142,2,9,0,7,4,5,0,8,0,0,1,0,2,1,6,1,17,4,-1,-1,-1,-1,9,1,E01021483,0
Unvalidated,2024421453195,2024,421453195,1,9,0,18,1,5,0,1,0,0,0,0,4,1,6,3,46,8,-1,-1,-1,-1,7,1,E01021463,0
Unvalidated,2024421453236,2024,421453236,1,9,0,11,1,5,0,0,1,0,0,0,4,2,5,1,62,9,-1,-1,-1,-1,3,3,E01026784,0
Unvalidated,2024421453236,2024,421453236,2,21,1,18,1,5,0,0,0,0,0,0,3,1,1,1,42,7,-1,-1,-1,-1,-1,-1,-1,0
Unvalidated,2024421453243,2024,421453243,1,9,0,18,1,5,0,0,0,0,0,0,1,1,5,1,27,6,-1,-1,-1,-1,6,1,E01021589,0
Unvalidated,2024421453311,2024,421453311,1,9,0,18,8,7,0,0,1,0,7,0,1,1,5,1,57,9,-1,-1,-1,-1,-1,-1,-1,0
Unvalidated,2024421453348,2024,421453348,1,5,0,18,3,7,0,1,0,0,0,0,1,1,6,1,20,4,-1,-1,-1,-1,8,1,E01003660,0
Unvalidated,2024421453348,2024,421453348,2,9,0,10,3,7,0,1,0,0,0,0,2,1,1,1,23,5,-1,-1,-1,-1,4,1,E01003645,0
Unvalidated,2024421453356,2024,421453356,1,21,1,18,8,4,0,0,1,0,0,0,1,1,1,1,44,7,-1,-1,-1,-1,5,3,E01026241,0
Unvalidated,2024421453356,2024,421453356,2,9,0,4,8,4,0,0,0,0,1,0,2,1,5,2,50,8,-1,-1,-1,-1,-1,2,-1,0
Unvalidated,2024421453356,2024,421453356,3,9,0,4,8,4,0,0,0,0,0,0,2,1,5,1,41,7,-1,-1,-1,-1,10,2,E01018267,0
Unvalidated,2024421453356,2024,421453356,4,19,0,4,8,4,0,0,0,0,0,0,2,1,1,1,58,9,-1,-1,-1,-1,3,1,E01021427,0
Unvalidated,2024421453359,2024,421453359,1,97,0,15,7,3,0,1,0,0,0,0,1,1,6,1,56,9,-1,-1,-1,-1,7,1,E01021608,0
Unvalidated,2024421453359,2024,421453359,2,9,0,7,7,1,0,1,0,0,0,0,4,1,5,1,23,5,-1,-1,-1,-1,10,1,E01015908,0
Unvalidated,2024421453359,2024,421453359,3,9,0,10,1,7,0,1,0,0,0,0,3,1,5,1,53,8,-1,-1,-1,-1,9,1,E01015850,0
Unvalidated,2024421453453,2024,421453453,1,9,0,7,5,1,0,2,1,0,0,0,1,1,6,2,22,5,-1,-1,-1,-1,-1,-1,-1,0
Unvalidated,2024421453453,2024,421453453,2,9,0,18,3,7,0,1,1,0,0,0,3,1,6,2,35,6,-1,-1,-1,-1,6,3,E01022090,0
Unvalidated,2024421453488,2024,421453488,1,3,0,18,7,2,0,0,0,0,0,0,3,1,5,1,58,9,-1,-1,-1,-1,3,1,E01021847,0
Unvalidated,2024421453488,2024,421453488,2,9,0,18,2,7,0,0,0,0,0,0,3,1,5,1,56,9,-1,-1,-1,-1,6,3,E01022096,0
Unvalidated,2024421453504,2024,421453504,1,5,0,13,3,7,0,0,0,0,0,0,1,1,6,1,46,8,-1,-1,-1,-1,-1,-1,-1,0
Unvalidated,2024421453504,2024,421453504,2,9,0,18,7,3,0,0,0,0,0,0,1,1,6,2,60,9,-1,-1,-1,-1,-1,-1,-1,0
Unvalidated,2024421453504,2024,421453504,3,9,0,18,3,7,0,0,0,0,0,0,1,1,1,1,49,8,-1,-1,-1,-1,-1,-1,-1,0
Unvalidated,2024421453588,2024,421453588,1,5,0,18,6,2,0,0,0,0,1,0,1,1,5,1,30,6,-1,-1,-1,-1,5,1,E01002374,0
Unvalidated,2024421453650,2024,421453650,1,5,0,4,6,3,0,0,0,0,0,0,1,1,6,1,46,8,-1,-1,-1,-1,3,1,E01016150,0
Unvalidated,2024421453650,2024,421453650,2,9,0,3,6,3,0,0,0,0,0,0,2,1,6,2,58,9,-1,-1,-1,-1,10,1,E01002253,0
Unvalidated,2024421453671,2024,421453671,1,9,0,18,5,8,0,1,0,0,7,3,1,1,5,1,17,4,-1,-1,-1,-1,9,3,E01030446,0
Unvalidated,2024421453681,2024,421453681,1,9,0,18,5,1,0,0,0,0,1,4,1,1,5,1,18,4,-1,-1,-1,-1,3,1,E01021588,0
Unvalidated,2024421453961,2024,421453961,1,9,0,9,2,7,0,6,0,0,0,0,4,1,6,1,88,11,-1,-1,-1,-1,7,3,E01033143,0
Unvalidated,2024421453961,2024,421453961,2,9,0,18,7,3,0,8,0,0,0,0,3,1,6,2,80,11,-1,-1,-1,-1,-1,-1,-1,0
Unvalidated,2024421453962,2024,421453962,1,9,0,9,7,5,0,2,0,0,0,0,1,1,1,1,38,7,-1,-1,-1,-1,7,1,E01021620,0
Unvalidated,2024421454011,2024,421454011,1,9,0,18,3,7,0,1,1,0,0,0,1,1,6,1,18,4,-1,-1,-1,-1,-1,-1,-1,0
Unvalidated,2024421454078,2024,421454078,1,9,0,18,5,1,0,0,0,0,0,0,1,1,5,1,21,5,-1,-1,-1,-1,10,1,E01021612,0
Unvalidated,2024421454078,2024,421454078,2,1,0,18,5,1,0,0,0,0,0,0,2,1,5,1,64,9,-1,-1,-1,-1,6,1,E01021334,0
Unvalidated,2024421454107,2024,421454107,1,9,0,9,5,3,0,6,0,0,0,0,1,1,5,1,35,6,-1,-1,-1,-1,3,1,E01003708,0
Unvalidated,2024421454107,2024,421454107,2,3,0,18,7,3,0,8,0,0,0,0,4,1,1,1,18,4,-1,-1,-1,-1,1,1,E01015917,0
Unvalidated,2024421454159,2024,421454159,1,9,0,9,5,7,0,8,0,0,0,0,1,1,5,1,86,11,-1,-1,-1,-1,8,1,E01021482,0
Unvalidated,2024421454159,2024,421454159,2,9,0,18,7,3,0,8,0,0,1,0,4,1,5,2,48,8,-1,-1,-1,-1,3,1,E01021291,0
Unvalidated,2024421454195,2024,421454195,1,9,0,9,4,1,0,2,0,0,0,0,1,1,6,1,61,9,-1,-1,-1,-1,9,1,E01015893,0
Unvalidated,2024421454195,2024,421454195,2,9,0,18,2,6,0,1,0,0,0,0,1,1,5,2,35,6,-1,-1,-1,-1,7,1,E01015837,0
Unvalidated,2024421454252,2024,421454252,1,19,0,7,2,4,0,2,0,0,0,0,1,1,6,1,57,9,-1,-1,-1,-1,10,1,E01021587,0
Unvalidated,2024421454252,2024,421454252,2,9,0,18,8,4,0,1,0,0,0,0,4,1,5,1,48,8,-1,-1,-1,-1,3,1,E01016022,0
Unvalidated,2024421454313,2024,421454313,1,9,0,9,3,1,0,1,0,0,0,0,1,1,6,1,21,5,-1,-1,-1,-1,6,1,E01021373,0
Unvalidated,2024421454313,2024,421454313,2,9,0,18,7,3,0,1,0,0,0,0,1,1,6,2,53,8,-1,-1,-1,-1,6,1,E01021668,0
Unvalidated,2024421454332,2024,421454332,1,19,0,2,0,0,0,0,0,0,0,0,3,1,1,2,63,9,-1,-1,-1,-1,6,3,E01030100,0
Unvalidated,2024421454332,2024,421454332,2,1,0,18,1,5,0,0,0,0,0,0,4,1,5,1,64,9,-1,-1,-1,-1,9,1,E01021681,0
Unvalidated,2024421454372,2024,421454372,1,1,0,18,3,7,0,1,0,0,0,0,1,1,6,1,16,4,-1,-1,-1,-1,4,1,E01021642,0
Unvalidated,2024421454372,2024,421454372,2,11,0,4,3,7,0,1,0,0,0,0,2,1,1,2,47,8,-1,-1,-1,-1,5,1,E01021664,0
Unvalidated,2024421454391,2024,421454391,1,9,0,14,1,6,0,0,0,0,0,0,1,1,5,1,20,4,-1,-1,-1,-1,8,1,E01021257,0
Unvalidated,2024421454391,2024,421454391,2,21,0,2,0,0,0,0,0,4,0,0,2,1,6,3,-1,-1,-1,-1,-1,-1,-1,-1,-1,0
Unvalidated,2024421454435,2024,421454435,1,9,0,5,7,5,0,6,0,0,0,0,2,1,6,1,79,11,-1,-1,-1,-1,9,1,E01023500,0
Unvalidated,2024421454435,2024,421454435,2,5,0,18,1,5,0,1,2,0,0,0,1,1,5,1,64,9,-1,-1,-1,-1,8,2,E01021347,0
Unvalidated,2024421454435,2024,421454435,3,97,0,18,1,5,0,2,0,0,0,0,0,1,5,3,-1,-1,-1,-1,-1,-1,-1,-1,-1,0
Unvalidated,2024421454436,2024,421454436,1,9,0,18,1,1,0,0,0,0,0,0,1,1,5,1,87,11,-1,-1,-1,-1,-1,-1,-1,0
Unvalidated,2024421454436,2024,421454436,2,9,0,2,0,0,0,0,0,0,0,0,2,1,6,2,59,9,-1,-1,-1,-1,-1,-1,-1,0
Unvalidated,2024421454469,2024,421454469,1,9,0,9,3,1,0,0,0,0,0,0,1,1,6,2,34,6,-1,-1,-1,-1,2,1,E01015976,0
Unvalidated,2024421454469,2024,421454469,2,9,0,3,1,5,0,0,0,0,0,0,1,1,6,2,44,7,-1,-1,-1,-1,3,1,E01015973,0
Unvalidated,2024421454510,2024,421454510,1,5,0,18,5,1,0,0,1,0,0,0,4,1,2,1,36,7,-1,-1,-1,-1,5,1,E01021329,0
Unvalidated,2024421454592,2024,421454592,1,19,0,18,5,1,0,1,0,0,0,0,4,1,6,1,-1,-1,-1,-1,-1,-1,-1,-1,-1,0
Unvalidated,2024421454592,2024,421454592,2,9,0,2,-1,-1,0,-1,0,0,0,0,3,1,6,2,40,7,-1,-1,-1,-1,4,1,E01021957,0
Unvalidated,2024421454691,2024,421454691,1,9,0,7,6,1,0,2,0,0,0,0,1,1,6,2,55,8,-1,-1,-1,-1,-1,2,-1,0
Unvalidated,2024421454691,2024,421454691,2,9,0,8,1,3,0,2,0,0,0,0,1,1,5,2,32,6,-1,-1,-1,-1,-1,-1,-1,0
Unvalidated,2024421454810,2024,421454810,1,4,0,18,2,6,0,3,0,0,0,0,3,1,5,1,51,8,-1,-1,-1,-1,8,2,E01024113,0
Unvalidated,2024421454828,2024,421454828,1,9,0,11,4,8,0,3,0,0,0,0,4,1,6,1,61,9,-1,-1,-1,-1,3,1,E01021852,0
Unvalidated,2024421454828,2024,421454828,2,9,0,18,4,8,0,3,0,0,0,0,3,1,5,2,46,8,-1,-1,-1,-1,6,1,E01021589,0
Unvalidated,2024421454834,2024,421454834,1,3,0,4,3,7,0,0,1,0,0,0,4,1,6,1,18,4,-1,-1,-1,-1,7,2,E01021967,0
Unvalidated,2024421454834,2024,421454834,2,9,0,4,3,7,0,0,0,0,0,0,4,1,6,1,43,7,-1,-1,-1,-1,2,1,E01021977,0
Unvalidated,2024421454935,2024,421454935,1,19,-1,18,-1,-1,0,1,0,0,0,0,1,1,6,3,-1,-1,-1,-1,-1,-1,-1,-1,-1,0
Unvalidated,2024421454935,2024,421454935,2,3,0,3,-1,-1,0,1,0,0,0,0,2,1,2,1,50,8,-1,-1,-1,-1,4,1,E01015872,0
Unvalidated,2024421454961,2024,421454961,1,9,0,18,6,1,0,0,0,0,7,9,3,1,5,2,70,10,-1,-1,-1,-1,7,1,E01020300,0
Unvalidated,2024421454961,2024,421454961,2,9,0,18,1,5,0,0,0,0,0,0,3,1,6,3,-1,-1,-1,-1,-1,-1,-1,-1,-1,0
Unvalidated,2024421454974,2024,421454974,1,9,0,18,8,8,0,0,0,4,0,0,1,1,6,1,58,9,-1,-1,-1,-1,-1,-1,-1,0
Unvalidated,2024421454974,2024,421454974,2,8,0,2,0,0,0,0,0,0,0,0,3,1,2,1,43,7,-1,-1,-1,-1,-1,-1,-1,0
Unvalidated,2024421455002,2024,421455002,1,9,0,18,6,2,0,1,0,0,0,0,3,1,2,1,29,6,-1,-1,-1,-1,1,1,E01021700,0
Unvalidated,2024421455014,2024,421455014,1,9,0,18,5,1,0,0,0,0,0,0,1,1,6,1,39,7,-1,-1,-1,-1,8,2,E01022092,0
Unvalidated,2024421455014,2024,421455014,2,9,0,18,1,5,0,0,0,0,0,0,1,1,6,2,42,7,-1,-1,-1,-1,8,2,E01022093,0
Unvalidated,2024421455031,2024,421455031,1,1,0,18,3,7,0,1,0,0,0,0,1,1,5,1,16,4,-1,-1,-1,-1,7,1,E01021476,0
Unvalidated,2024421455031,2024,421455031,2,9,0,7,3,5,0,5,0,0,0,0,4,1,6,2,50,8,-1,-1,-1,-1,-1,-1,-1,0
Unvalidated,2024421455043,2024,421455043,1,3,0,18,5,5,0,6,5,0,0,0,1,1,5,2,21,5,-1,-1,-1,-1,3,1,E01016012,0
Unvalidated,2024421455043,2024,421455043,2,9,0,18,1,1,0,6,0,0,0,0,3,2,2,2,27,6,-1,-1,-1,-1,6,3,E01021907,0
Unvalidated,2024421455043,2024,421455043,3,9,0,18,5,1,0,6,0,0,0,0,2,2,5,2,30,6,-1,-1,-1,-1,7,2,E01021878,0
Unvalidated,2024421455103,2024,421455103,1,9,0,18,1,5,0,1,0,0,0,0,4,1,6,1,80,11,-1,-1,-1,-1,5,3,E01021644,0
Unvalidated,2024421455119,2024,421455119,1,9,0,18,5,1,0,0,0,0,0,0,1,1,6,3,-1,-1,-1,-1,-1,-1,-1,-1,-1,0
Unvalidated,2024421455119,2024,421455119,2,9,0,18,5,1,0,0,0,0,0,0,2,1,6,1,20,4,-1,-1,-1,-1,7,2,E01033057,0
Unvalidated,2024421455146,2024,421455146,1,9,0,5,8,3,0,1,0,0,0,0,1,1,6,2,44,7,-1,-1,-1,-1,-1,-1,-1,0
Unvalidated,2024421455146,2024,421455146,2,1,0,9,2,8,0,8,0,0,0,0,1,1,2,1,21,5,-1,-1,-1,-1,-1,-1,-1,0
Unvalidated,2024421455343,2024,421455343,1,9,0,18,2,6,0,1,0,0,0,0,1,1,6,1,79,11,-1,-1,-1,-1,6,2,E01021758,0
Unvalidated,2024421455343,2024,421455343,2,9,0,3,2,6,0,1,0,0,0,0,2,1,5,1,48,8,-1,-1,-1,-1,3,1,E01021834,0
Unvalidated,2024421455350,2024,421455350,1,9,0,5,1,1,0,6,0,0,0,0,1,1,5,2,33,6,-1,-1,-1,-1,-1,-1,-1,0
Unvalidated,2024421455350,2024,421455350,2,4,0,15,3,7,0,1,0,0,0,0,1,1,5,1,54,8,-1,-1,-1,-1,1,2,E01022045,0
Unvalidated,2024421455381,2024,421455381,1,9,0,18,-1,-1,0,1,0,0,0,0,1,1,6,3,-1,-1,-1,-1,-1,-1,-1,-1,-1,0
Unvalidated,2024421455381,2024,421455381,2,9,0,2,0,0,0,2,0,0,0,0,4,1,6,3,-1,-1,-1,-1,-1,-1,-1,-1,-1,0
Unvalidated,2024421455395,2024,421455395,1,98,0,9,6,2,0,0,0,0,0,0,1,1,5,1,59,9,-1,-1,-1,-1,-1,-1,-1,0
Unvalidated,2024421455416,2024,421455416,1,9,0,18,1,6,0,8,1,0,1,4,3,1,5,2,81,11,-1,-1,-1,-1,3,1,E01022055,0
Unvalidated,2024421455416,2024,421455416,2,9,0,18,6,1,0,8,0,0,0,0,3,1,5,2,77,11,-1,-1,-1,-1,2,1,E01022054,0
Unvalidated,2024421455444,2024,421455444,1,9,0,5,4,1,0,6,0,0,0,0,3,1,2,1,21,5,-1,-1,-1,-1,4,1,E01015957,0
Unvalidated,2024421455444,2024,421455444,2,1,0,18,2,6,0,8,0,0,0,0,1,1,5,2,28,6,-1,-1,-1,-1,2,1,E01016009,0
Unvalidated,2024421455450,2024,421455450,1,19,0,10,7,5,0,2,0,0,0,0,1,1,2,1,40,7,-1,-1,-1,-1,2,1,E01015855,0
Unvalidated,2024421455450,2024,421455450,2,1,0,18,5,1,0,1,0,0,0,0,4,1,5,1,64,9,-1,-1,-1,-1,9,1,E01021948,0
Unvalidated,2024421455476,2024,421455476,1,9,0,5,6,4,0,6,0,0,0,0,3,1,6,1,32,6,-1,-1,-1,-1,8,1,E01021995,0
Unvalidated,2024421455476,2024,421455476,2,9,0,18,4,8,0,1,0,0,0,0,1,1,6,1,60,9,-1,-1,-1,-1,3,1,E01022055,0
Unvalidated,2024421455546,2024,421455546,1,9,0,9,4,7,0,8,0,0,0,0,1,1,5,2,86,11,-1,-1,-1,-1,6,1,E01021986,0
Unvalidated,2024421455546,2024,421455546,2,9,0,4,3,7,0,8,0,0,0,0,4,1,5,2,49,8,-1,-1,-1,-1,3,1,E01021704,0
Unvalidated,2024421455548,2024,421455548,1,9,0,18,7,3,0,0,0,0,0,0,1,1,5,2,31,6,-1,-1,-1,-1,8,1,E01021610,0
Unvalidated,2024421455548,2024,421455548,2,9,0,4,7,3,0,0,0,0,0,0,2,1,5,1,18,4,-1,-1,-1,-1,6,1,E01021373,0
Unvalidated,2024421455702,2024,421455702,1,9,0,18,3,7,0,0,2,0,0,0,4,1,6,1,77,11,-1,-1,-1,-1,-1,-1,-1,0
Unvalidated,2024421455702,2024,421455702,2,19,0,18,3,7,0,0,0,0,0,0,3,1,1,1,53,8,-1,-1,-1,-1,5,1,E01021683,0
Unvalidated,2024421455770,2024,421455770,1,9,0,18,5,1,0,0,0,0,0,0,4,1,1,2,53,8,-1,-1,-1,-1,2,1,E01015896,0
Unvalidated,2024421455946,2024,421455946,1,9,0,12,6,1,0,0,0,0,7,0,1,1,5,1,75,10,-1,-1,-1,-1,6,1,E01023340,0
Unvalidated,2024421455946,2024,421455946,2,20,0,18,1,6,0,0,0,0,0,0,1,1,2,1,24,5,-1,-1,-1,-1,3,1,E01000052,0
Unvalidated,2024421456017,2024,421456017,1,5,0,18,7,3,0,0,0,0,0,0,1,1,6,1,71,10,-1,-1,-1,-1,3,1,E01016012,0
Unvalidated,2024421456017,2024,421456017,2,9,0,18,7,3,0,0,0,0,0,0,2,1,6,2,36,7,-1,-1,-1,-1,5,1,E01015951,0
Unvalidated,2024421456121,2024,421456121,1,9,0,18,8,4,0,0,0,0,0,0,3,1,6,1,37,7,-1,-1,-1,-1,4,2,E01021360,0
Unvalidated,2024421456121,2024,421456121,2,98,0,18,4,8,0,0,0,0,0,0,3,1,6,1,61,9,-1,-1,-1,-1,-1,-1,-1,0
Unvalidated,2024421456176,2024,421456176,1,11,0,2,0,0,0,0,0,0,0,0,1,1,1,1,51,8,-1,-1,-1,-1,2,1,E01002056,0
Unvalidated,2024421456235,2024,421456235,1,9,0,18,3,7,0,4,0,0,0,0,1,1,2,2,32,6,-1,-1,-1,-1,3,1,E01021321,0
Unvalidated,2024421456235,2024,421456235,2,3,0,18,3,7,0,4,1,9,1,0,2,1,2,1,64,9,-1,-1,-1,-1,3,1,E01021321,0
Unvalidated,2024421456271,2024,421456271,1,9,0,18,3,7,0,0,0,0,0,0,4,1,5,2,63,9,-1,-1,-1,-1,6,1,E01021464,0
Unvalidated,2024421456312,2024,421456312,1,9,0,18,3,7,0,0,2,6,1,0,1,1,2,2,29,6,-1,-1,-1,-1,9,1,E01021828,0
Unvalidated,2024421456362,2024,421456362,1,9,0,4,5,1,0,4,0,0,0,0,1,1,1,2,38,7,-1,-1,-1,-1,3,1,E01021321,0
Unvalidated,2024421456362,2024,421456362,2,9,0,4,5,1,0,4,0,0,0,0,2,1,1,1,20,4,-1,-1,-1,-1,4,1,E01021296,0
Unvalidated,2024421456380,2024,421456380,1,9,0,18,5,5,0,0,0,6,7,11,1,1,6,2,28,6,-1,-1,-1,-1,9,1,E01015883,0
Unvalidated,2024421456447,2024,421456447,1,3,0,18,3,7,0,0,0,10,0,0,1,1,5,1,18,4,-1,-1,-1,-1,7,1,E01021524,0
Unvalidated,2024421456566,2024,421456566,1,9,0,2,0,0,0,1,0,0,0,0,3,1,5,2,60,9,-1,-1,-1,-1,5,2,E01021880,0
Unvalidated,2024421456566,2024,421456566,2,1,0,14,7,5,0,2,0,0,0,0,1,1,2,1,41,7,-1,-1,-1,-1,9,1,E01021517,0
Unvalidated,2024421456570,2024,421456570,1,9,-1,18,3,5,0,3,0,0,0,0,1,1,6,3,-1,-1,-1,-1,-1,-1,-1,-1,-1,0
Unvalidated,2024421456570,2024,421456570,2,9,0,3,3,5,0,3,0,0,0,0,2,1,2,1,42,7,-1,-1,-1,-1,4,1,E01005594,0
Unvalidated,2024421456577,2024,421456577,1,9,0,18,8,4,0,8,0,0,7,0,4,1,5,1,38,7,-1,-1,-1,-1,3,1,E01021588,0
Unvalidated,2024421456577,2024,421456577,2,9,0,18,2,6,0,8,0,0,1,1,1,1,2,1,34,6,-1,-1,-1,-1,6,1,E01021595,0
Unvalidated,2024421456622,2024,421456622,1,9,0,18,7,3,0,0,0,0,0,0,1,1,6,3,-1,-1,-1,-1,-1,-1,-1,-1,-1,0
Unvalidated,2024421456622,2024,421456622,2,9,0,3,7,3,0,0,0,0,0,0,2,1,2,2,50,8,-1,-1,-1,-1,5,1,E01021262,0
Unvalidated,2024421456698,2024,421456698,1,9,0,18,5,1,0,0,5,4,0,0,1,1,5,1,88,11,-1,-1,-1,-1,5,1,E01021854,0
Unvalidated,2024421456698,2024,421456698,2,9,0,2,6,1,0,0,0,0,0,0,2,1,6,3,-1,-1,-1,-1,-1,-1,-1,-1,-1,0
Unvalidated,2024421456805,2024,421456805,1,9,0,18,8,4,0,0,2,0,8,4,1,1,6,2,26,6,-1,-1,-1,-1,7,2,E01021981,0
Unvalidated,2024421456894,2024,421456894,1,9,0,18,1,5,0,1,0,0,0,0,1,1,6,1,40,7,-1,-1,-1,-1,9,1,E01021692,0
Unvalidated,2024421456894,2024,421456894,2,9,0,3,1,5,0,1,0,0,0,0,2,1,6,1,27,6,-1,-1,-1,-1,5,1,E01021417,0
Unvalidated,2024421456935,2024,421456935,1,9,0,18,1,5,5,0,0,0,0,0,1,1,5,1,18,4,-1,-1,-1,-1,4,1,E01021815,0
Unvalidated,2024421456978,2024,421456978,1,9,-1,3,4,6,0,0,0,0,0,0,2,1,6,3,-1,-1,-1,-1,-1,-1,-1,-1,-1,0
Unvalidated,2024421456978,2024,421456978,2,9,0,5,4,8,0,0,0,0,0,0,1,1,5,1,18,4,-1,-1,-1,-1,5,2,E01021732,0
Unvalidated,2024421456991,2024,421456991,1,9,0,18,7,3,0,1,0,0,0,0,3,1,6,3,-1,-1,-1,-1,-1,-1,-1,-1,-1,0
Unvalidated,2024421456991,2024,421456991,2,3,-1,18,1,5,0,1,0,0,0,0,-1,1,1,2,44,7,-1,-1,-1,-1,6,1,E01004360,0
Unvalidated,2024421457007,2024,421457007,1,9,-1,18,2,7,0,4,0,0,0,0,1,1,6,3,-1,-1,-1,-1,-1,-1,-1,-1,-1,0
Unvalidated,2024421457007,2024,421457007,2,9,0,3,2,7,0,4,0,0,0,0,2,1,5,2,36,7,-1,-1,-1,-1,4,1,E01015873,0
Unvalidated,2024421457079,2024,421457079,1,9,0,5,8,4,0,4,0,0,0,0,1,1,6,1,31,6,-1,-1,-1,-1,-1,-1,-1,0
Unvalidated,2024421457079,2024,421457079,2,90,0,18,5,2,0,8,0,0,0,0,4,1,6,2,47,8,-1,-1,-1,-1,4,1,E01021651,1
Unvalidated,2024421457099,2024,421457099,1,9,0,4,1,7,0,6,0,0,0,0,1,1,2,1,50,8,-1,-1,-1,-1,-1,-1,-1,0
Unvalidated,2024421457099,2024,421457099,2,1,0,18,7,3,9,1,0,0,0,0,3,1,3,1,14,3,-1,-1,-1,-1,-1,-1,-1,0
Unvalidated,2024421457128,2024,421457128,1,9,0,9,7,3,0,5,0,0,0,0,1,1,2,2,40,7,-1,-1,-1,-1,5,1,E01021420,0
Unvalidated,2024421457128,2024,421457128,2,9,0,18,1,5,0,1,0,0,0,0,1,1,5,2,41,7,-1,-1,-1,-1,5,1,E01021426,0
Unvalidated,2024421457139,2024,421457139,1,9,0,4,8,6,0,0,0,0,0,0,1,1,5,2,83,11,-1,-1,-1,-1,5,1,E01022034,0