status,collision_index,collision_year,collision_reference,vehicle_reference,vehicle_type,towing_and_articulation,vehicle_manoeuvre,vehicle_direction_from,vehicle_direction_to,vehicle_location_restricted_lane,junction_location,skidding_and_overturning,hit_object_in_carriageway,vehicle_leaving_carriageway,hit_object_off_carriageway,first_point_of_impact,vehicle_left_hand_drive,journey_purpose_of_driver,sex_of_driver,age_of_driver,age_band_of_driver,engine_capacity_cc,propulsion_code,age_of_vehicle,generic_make_model,driver_imd_decile,driver_home_area_type,lsoa_of_driver,escooter_flag
Unvalidated,2024421457139,2024,421457139,2,9,0,2,6,2,0,0,0,0,0,0,1,1,6,3,-1,-1,-1,-1,-1,-1,-1,-1,-1,0
Unvalidated,2024421457139,2024,421457139,3,9,0,2,6,2,0,0,0,0,0,0,1,1,6,3,-1,-1,-1,-1,-1,-1,-1,-1,-1,0
Unvalidated,2024421457186,2024,421457186,1,9,0,5,5,3,0,6,0,0,0,0,1,1,6,1,-1,-1,-1,-1,-1,-1,-1,-1,-1,0
Unvalidated,2024421457186,2024,421457186,2,9,0,18,3,7,0,1,0,0,0,0,4,1,5,2,43,7,-1,-1,-1,-1,8,1,E01021652,0
Unvalidated,2024421457516,2024,421457516,1,9,0,18,2,6,0,0,1,0,1,1,2,1,1,1,27,6,-1,-1,-1,-1,1,1,E01003590,0
Unvalidated,2024421457615,2024,421457615,1,9,0,18,3,7,0,1,0,0,0,0,1,1,6,1,27,6,-1,-1,-1,-1,1,1,E01011349,0
Unvalidated,2024421457615,2024,421457615,2,9,0,18,7,3,0,1,0,0,0,0,1,2,6,2,40,7,-1,-1,-1,-1,1,1,E01021302,0
Unvalidated,2024421457615,2024,421457615,3,9,0,2,0,0,0,2,0,0,0,0,2,1,6,3,-1,-1,-1,-1,-1,-1,-1,-1,-1,0
Unvalidated,2024421457742,2024,421457742,1,3,0,13,5,1,0,8,0,0,0,0,1,1,6,1,37,7,-1,-1,-1,-1,-1,1,-1,0
Unvalidated,2024421457742,2024,421457742,2,9,0,9,7,5,0,8,0,0,0,0,3,1,5,1,19,4,-1,-1,-1,-1,9,1,E01022082,0
Unvalidated,2024421457753,2024,421457753,1,9,0,18,1,5,0,0,1,0,0,0,1,1,2,2,41,7,-1,-1,-1,-1,6,1,E01021502,0
Unvalidated,2024421457753,2024,421457753,2,9,0,18,5,1,0,0,1,0,0,0,1,1,2,1,30,6,-1,-1,-1,-1,6,2,E01015942,0
Unvalidated,2024421457753,2024,421457753,3,9,0,18,1,5,0,0,0,0,0,0,3,1,2,1,23,5,-1,-1,-1,-1,5,1,E01002344,0
Unvalidated,2024421457799,2024,421457799,1,9,0,18,6,1,0,8,1,10,7,5,1,1,6,1,21,5,-1,-1,-1,-1,-1,-1,-1,0
Unvalidated,2024421457799,2024,421457799,2,9,0,18,1,6,0,2,0,0,0,0,1,1,5,2,22,5,-1,-1,-1,-1,6,1,E01021705,0
Unvalidated,2024421457807,2024,421457807,1,9,0,18,5,1,0,1,0,7,0,0,1,2,6,3,-1,-1,-1,-1,-1,-1,2,1,E01004389,0
Unvalidated,2024421457807,2024,421457807,2,9,0,18,1,5,0,1,0,0,0,0,1,2,5,2,26,6,-1,-1,-1,-1,6,1,E01004351,0
Unvalidated,2024421458040,2024,421458040,1,5,0,18,2,6,0,0,0,0,0,0,1,1,5,1,35,6,-1,-1,-1,-1,2,1,E01003506,0
Unvalidated,2024421458040,2024,421458040,2,19,0,9,7,5,0,0,0,0,7,0,2,1,5,1,72,10,-1,-1,-1,-1,6,2,E01033056,0
Unvalidated,2024421458127,2024,421458127,1,3,0,11,6,3,0,0,0,0,0,0,1,1,2,1,55,8,-1,-1,-1,-1,10,3,E01021569,0
Unvalidated,2024421458127,2024,421458127,2,9,0,18,6,2,0,0,0,0,0,0,2,1,2,2,54,8,-1,-1,-1,-1,6,1,E01021541,0
Unvalidated,2024421458277,2024,421458277,1,9,0,6,3,7,0,8,0,0,0,0,3,1,5,1,41,7,-1,-1,-1,-1,7,1,E01023335,0
Unvalidated,2024421458277,2024,421458277,2,5,0,18,7,3,0,8,0,0,0,0,4,1,2,1,56,9,-1,-1,-1,-1,7,1,E01023513,0
Unvalidated,2024421458410,2024,421458410,1,5,0,18,1,5,0,0,0,0,1,0,1,1,5,1,70,10,-1,-1,-1,-1,3,1,E01022038,0
Unvalidated,2024421458643,2024,421458643,1,9,0,18,6,2,0,0,0,6,0,0,1,1,2,1,54,8,-1,-1,-1,-1,5,1,E01003935,0
Unvalidated,2024421458699,2024,421458699,1,9,0,9,5,2,0,5,0,0,0,0,1,1,6,2,71,10,-1,-1,-1,-1,5,1,E01003724,0
Unvalidated,2024421458699,2024,421458699,2,9,0,7,8,2,0,2,0,0,0,0,1,1,1,1,58,9,-1,-1,-1,-1,5,1,E01021814,0
Unvalidated,2024421458786,2024,421458786,1,97,0,18,1,5,0,2,0,0,0,0,0,1,5,1,40,7,-1,-1,-1,-1,2,1,E01021316,0
Unvalidated,2024421458815,2024,421458815,1,9,0,18,7,2,0,0,0,0,1,9,3,1,5,1,76,11,-1,-1,-1,-1,2,1,E01021998,0
Unvalidated,2024421458815,2024,421458815,2,9,0,18,5,7,0,0,0,0,0,0,3,1,5,2,59,9,-1,-1,-1,-1,-1,-1,-1,0
Unvalidated,2024421458900,2024,421458900,1,8,0,18,7,3,0,0,0,0,0,0,1,1,1,1,48,8,-1,-1,-1,-1,3,1,E01015862,0
Unvalidated,2024421458939,2024,421458939,1,9,0,4,7,3,0,8,1,0,0,0,1,1,5,1,27,6,-1,-1,-1,-1,2,1,E01015861,0
Unvalidated,2024421458939,2024,421458939,2,9,0,18,4,7,0,8,0,0,0,0,1,1,5,2,26,6,-1,-1,-1,-1,10,1,E01021929,0
Unvalidated,2024421458939,2024,421458939,3,9,0,18,7,3,0,8,0,0,0,0,0,1,1,2,25,5,-1,-1,-1,-1,1,1,E01015895,0
Unvalidated,2024421458979,2024,421458979,1,9,0,18,6,3,0,0,1,0,1,4,1,1,6,1,20,4,-1,-1,-1,-1,9,1,E01021428,0
Unvalidated,2024421458979,2024,421458979,2,9,0,18,6,3,0,0,0,0,0,0,0,1,1,1,40,7,-1,-1,-1,-1,8,1,E01021544,0
Unvalidated,2024421459011,2024,421459011,1,9,0,6,3,3,0,0,0,0,0,0,3,1,5,1,41,7,-1,-1,-1,-1,9,1,E01023442,0
Unvalidated,2024421459011,2024,421459011,2,9,0,18,3,7,0,0,0,0,0,0,4,1,5,2,34,6,-1,-1,-1,-1,9,3,E01022099,0
Unvalidated,2024421459019,2024,421459019,1,9,0,5,3,6,0,4,0,0,0,0,1,1,5,2,36,7,-1,-1,-1,-1,10,1,E01021612,0
Unvalidated,2024421459019,2024,421459019,2,1,0,18,1,6,0,8,0,0,0,0,4,1,5,1,51,8,-1,-1,-1,-1,8,1,E01021964,0
Unvalidated,2024421459019,2024,421459019,3,1,0,18,1,6,0,8,0,0,0,0,1,1,5,1,53,8,-1,-1,-1,-1,7,1,E01021950,0
Unvalidated,2024421459045,2024,421459045,1,9,0,5,1,7,0,8,0,0,0,0,1,1,5,2,79,11,-1,-1,-1,-1,7,1,E01029913,0
Unvalidated,2024421459045,2024,421459045,2,1,0,18,7,3,0,8,2,0,0,0,1,1,5,2,51,8,-1,-1,-1,-1,2,1,E01022054,0
Unvalidated,2024421459158,2024,421459158,1,9,0,18,5,1,0,0,2,0,7,4,3,1,5,1,58,9,-1,-1,-1,-1,5,3,E01022086,0
Unvalidated,2024421459187,2024,421459187,1,9,0,4,1,5,0,4,0,9,3,1,1,1,5,2,24,5,-1,-1,-1,-1,8,3,E01030101,0
Unvalidated,2024421459255,2024,421459255,1,3,0,18,5,1,0,0,0,0,1,0,1,1,5,1,47,8,-1,-1,-1,-1,3,3,E01021974,0
Unvalidated,2024421459255,2024,421459255,2,9,0,18,1,5,0,0,0,0,0,0,3,1,5,2,30,6,-1,-1,-1,-1,6,3,E01021991,0
Unvalidated,2024421459255,2024,421459255,3,9,0,18,1,5,0,0,0,0,0,0,1,1,5,2,22,5,-1,-1,-1,-1,4,1,E01022028,0
Unvalidated,2024421459278,2024,421459278,1,9,0,18,6,2,0,0,0,0,0,0,0,1,6,1,86,11,-1,-1,-1,-1,4,1,E01003654,0
Unvalidated,2024421459278,2024,421459278,2,1,0,18,2,6,0,0,0,0,1,0,0,1,5,2,-1,-1,-1,-1,-1,-1,-1,-1,-1,0
Unvalidated,2024421459284,2024,421459284,1,19,0,9,2,8,0,0,0,0,0,0,3,1,6,1,41,7,-1,-1,-1,-1,9,1,E01021828,0
Unvalidated,2024421459348,2024,421459348,1,19,0,1,-1,-1,0,0,0,0,0,0,2,1,6,3,-1,-1,-1,-1,-1,-1,-1,-1,-1,0
Unvalidated,2024421459359,2024,421459359,1,9,0,18,6,2,0,0,0,0,0,0,4,1,6,3,-1,-1,-1,-1,-1,-1,-1,-1,-1,0
Unvalidated,2024421459383,2024,421459383,1,9,0,-1,-1,-1,-1,0,-1,-1,-1,0,-1,1,6,3,-1,-1,-1,-1,-1,-1,-1,-1,-1,0
Unvalidated,2024421459443,2024,421459443,1,9,0,9,1,3,0,3,0,0,0,0,-1,1,6,1,-1,-1,-1,-1,-1,-1,-1,-1,-1,0
Unvalidated,2024421459443,2024,421459443,2,90,0,18,1,3,0,3,0,0,0,0,1,1,2,2,19,4,-1,-1,-1,-1,3,1,E01021267,1
Unvalidated,2024421459692,2024,421459692,1,9,0,7,4,6,0,6,0,0,0,0,4,1,6,1,85,11,-1,-1,-1,-1,10,1,E01021466,0
Unvalidated,2024421459734,2024,421459734,1,9,0,18,2,6,0,1,0,0,0,0,2,1,6,2,-1,-1,-1,-1,-1,-1,-1,-1,-1,0
Unvalidated,2024421459734,2024,421459734,2,9,0,7,2,4,0,5,0,0,0,0,3,1,5,2,31,6,-1,-1,-1,-1,8,1,E01021352,0
Unvalidated,2024421459850,2024,421459850,1,19,0,5,3,4,0,0,0,0,0,0,1,1,1,1,43,7,-1,-1,-1,-1,1,1,E01021301,0
Unvalidated,2024421459850,2024,421459850,2,9,0,9,3,1,0,0,0,0,0,0,3,1,5,1,20,4,-1,-1,-1,-1,1,1,E01004256,0
Unvalidated,2024421459962,2024,421459962,1,9,0,9,7,4,0,1,0,0,0,0,1,1,5,1,46,8,-1,-1,-1,-1,5,1,E01021417,0
Unvalidated,2024421459962,2024,421459962,2,9,0,18,8,4,0,1,0,0,0,0,3,1,5,2,20,4,-1,-1,-1,-1,6,1,E01021353,0
Unvalidated,2024421460102,2024,421460102,1,9,0,7,5,7,4,0,0,0,0,0,1,1,6,2,48,8,-1,-1,-1,-1,-1,-1,-1,0
Unvalidated,2024421460114,2024,421460114,1,2,0,18,1,5,0,0,0,0,1,0,1,1,6,1,23,5,-1,-1,-1,-1,1,1,E01015824,0
Unvalidated,2024421460114,2024,421460114,2,9,0,18,2,5,0,0,0,0,0,0,0,1,1,1,34,6,-1,-1,-1,-1,-1,-1,-1,0
Unvalidated,2024421460129,2024,421460129,1,17,0,5,7,4,0,6,0,0,0,0,3,1,1,1,31,6,-1,-1,-1,-1,8,3,E01022057,0
Unvalidated,2024421460129,2024,421460129,2,9,0,18,4,1,0,1,0,0,0,0,1,1,5,1,65,9,-1,-1,-1,-1,8,3,E01022057,0
Unvalidated,2024421460141,2024,421460141,1,9,0,18,1,5,0,0,1,0,5,0,1,1,5,1,29,6,-1,-1,-1,-1,6,1,E01021435,0
Unvalidated,2024421460141,2024,421460141,2,9,0,18,1,5,0,0,0,0,0,0,1,1,2,1,41,7,-1,-1,-1,-1,3,1,E01021245,0
Unvalidated,2024421460144,2024,421460144,1,9,0,18,4,8,0,0,0,0,0,0,3,2,5,1,81,11,-1,-1,-1,-1,5,3,E01021768,0
Unvalidated,2024421460144,2024,421460144,2,9,0,18,8,4,0,0,0,0,0,0,3,1,5,2,72,10,-1,-1,-1,-1,8,3,E01022059,0
Unvalidated,2024421460144,2024,421460144,3,9,0,18,8,4,0,0,0,0,1,0,3,1,1,1,53,8,-1,-1,-1,-1,6,3,E01021796,0
Unvalidated,2024421460144,2024,421460144,4,19,0,18,8,4,0,0,0,0,0,0,1,1,1,1,57,9,-1,-1,-1,-1,9,3,E01023493,0
Unvalidated,2024421460222,2024,421460222,1,21,0,18,7,3,0,0,0,0,0,0,1,1,1,1,46,8,-1,-1,-1,-1,10,2,E01018155,0
Unvalidated,2024421460222,2024,421460222,2,21,1,4,7,3,0,0,0,0,0,0,2,1,1,1,48,8,-1,-1,-1,-1,9,1,E01002471,0
Unvalidated,2024421460253,2024,421460253,1,21,1,11,5,1,0,0,0,0,0,0,4,1,1,1,69,10,-1,-1,-1,-1,5,1,E01016157,0
Unvalidated,2024421460253,2024,421460253,2,9,0,18,5,1,0,0,0,7,0,0,2,1,5,2,48,8,-1,-1,-1,-1,5,2,E01024774,0
Unvalidated,2024421460309,2024,421460309,1,1,0,12,5,3,0,0,0,0,0,0,3,1,6,1,-1,-1,-1,-1,-1,-1,-1,-1,-1,0
Unvalidated,2024421460309,2024,421460309,2,9,0,13,5,3,0,0,1,0,0,0,4,1,5,2,55,8,-1,-1,-1,-1,4,3,E01022018,0
Unvalidated,2024421460360,2024,421460360,1,9,0,18,2,6,0,2,0,0,0,0,1,1,6,3,-1,-1,-1,-1,-1,-1,-1,-1,-1,0
Unvalidated,2024421460360,2024,421460360,2,9,0,18,2,6,0,1,0,0,0,0,2,1,1,1,54,8,-1,-1,-1,-1,2,1,E01032787,0
Unvalidated,2024421460398,2024,421460398,1,9,0,18,2,7,0,4,0,0,0,0,3,1,5,2,56,9,-1,-1,-1,-1,8,1,E01021719,0
Unvalidated,2024421460398,2024,421460398,2,19,0,9,7,4,0,8,0,0,0,0,1,1,1,1,31,6,-1,-1,-1,-1,5,1,E01021720,0
Unvalidated,2024421460504,2024,421460504,1,9,0,9,3,1,0,5,0,0,0,0,4,1,5,2,34,6,-1,-1,-1,-1,7,3,E01021972,0
Unvalidated,2024421460504,2024,421460504,2,9,0,18,7,3,0,8,0,0,0,0,1,1,5,2,49,8,-1,-1,-1,-1,-1,-1,-1,0
Unvalidated,2024421460507,2024,421460507,1,21,1,9,3,8,0,3,5,0,0,0,4,1,1,1,30,6,-1,-1,-1,-1,-1,-1,-1,0
Unvalidated,2024421460547,2024,421460547,1,4,0,2,0,0,0,1,5,0,0,0,4,1,1,1,20,4,-1,-1,-1,-1,2,1,E01015896,0
Unvalidated,2024421460547,2024,421460547,2,9,0,9,7,3,0,2,0,0,0,0,1,1,5,1,58,9,-1,-1,-1,-1,2,1,E01015855,0
Unvalidated,2024421460564,2024,421460564,1,9,0,6,1,5,0,8,0,0,0,0,1,1,6,1,59,9,-1,-1,-1,-1,3,1,E01003723,0
Unvalidated,2024421460564,2024,421460564,2,9,0,18,2,5,0,8,0,0,0,0,1,1,5,1,55,8,-1,-1,-1,-1,2,1,E01003726,0
Unvalidated,2024421460566,2024,421460566,1,9,0,5,8,6,0,8,0,0,0,0,1,1,5,2,65,9,-1,-1,-1,-1,10,2,E01021633,0
Unvalidated,2024421460566,2024,421460566,2,8,0,9,2,8,0,8,0,0,0,0,3,1,6,2,50,8,-1,-1,-1,-1,8,1,E01021578,0
Unvalidated,2024421460676,2024,421460676,1,9,0,9,6,4,0,8,0,0,0,0,1,1,6,1,23,5,-1,-1,-1,-1,6,1,E01002332,0
Unvalidated,2024421460676,2024,421460676,2,3,0,18,2,6,0,8,0,0,0,0,1,1,6,1,24,5,-1,-1,-1,-1,3,1,E01021764,0
Unvalidated,2024421460677,2024,421460677,1,9,0,15,7,3,0,0,0,0,0,0,1,1,6,1,31,6,-1,-1,-1,-1,2,1,E01021319,0
Unvalidated,2024421460677,2024,421460677,2,9,0,18,3,7,0,0,0,0,0,0,4,1,6,2,49,8,-1,-1,-1,-1,1,1,E01021304,0
Unvalidated,2024421460795,2024,421460795,1,19,0,18,2,6,0,0,5,4,0,0,1,1,1,1,32,6,-1,-1,-1,-1,3,1,E01021975,0
Unvalidated,2024421460795,2024,421460795,2,19,0,2,1,5,0,0,0,0,0,0,2,1,1,1,19,4,-1,-1,-1,-1,8,2,E01030122,0
Unvalidated,2024421460795,2024,421460795,3,9,0,18,1,5,0,0,0,0,0,0,3,1,1,1,37,7,-1,-1,-1,-1,6,2,E01030220,0
Unvalidated,2024421460795,2024,421460795,4,90,0,18,2,6,0,0,0,0,1,0,0,2,5,2,47,8,-1,-1,-1,-1,4,1,E01022049,0
Unvalidated,2024421460804,2024,421460804,1,9,0,18,7,2,0,2,0,0,0,0,4,1,6,2,-1,-1,-1,-1,-1,-1,-1,-1,-1,0
Unvalidated,2024421460804,2024,421460804,2,9,0,18,1,5,0,2,0,0,0,0,1,1,5,1,56,9,-1,-1,-1,-1,3,1,E01021437,0
Unvalidated,2024421460830,2024,421460830,1,9,0,18,-1,-1,9,8,0,0,0,0,4,1,6,3,-1,-1,-1,-1,-1,-1,-1,-1,-1,0
Unvalidated,2024421460951,2024,421460951,1,9,0,18,1,5,0,0,0,0,0,0,1,1,5,1,88,11,-1,-1,-1,-1,4,1,E01022041,0
Unvalidated,2024421460963,2024,421460963,1,9,0,9,7,5,0,0,0,0,0,0,1,1,5,2,32,6,-1,-1,-1,-1,9,1,E01023448,0
Unvalidated,2024421460963,2024,421460963,2,3,0,10,1,6,0,0,0,0,0,0,3,1,5,1,73,10,-1,-1,-1,-1,5,1,E01021388,0
Unvalidated,2024421460997,2024,421460997,1,9,0,18,2,6,0,0,0,0,0,0,1,1,2,1,24,5,-1,-1,-1,-1,7,1,E01021895,0
Unvalidated,2024421460997,2024,421460997,2,9,0,4,2,6,0,0,0,0,0,0,2,1,6,1,29,6,-1,-1,-1,-1,6,1,E01015961,0
Unvalidated,2024421461043,2024,421461043,1,9,0,18,7,3,0,0,2,0,7,0,3,1,6,1,21,5,-1,-1,-1,-1,6,2,E01021733,0
Unvalidated,2024421461068,2024,421461068,1,9,0,18,4,8,0,0,0,0,0,0,1,1,1,1,54,8,-1,-1,-1,-1,4,1,E01021425,0
Unvalidated,2024421461068,2024,421461068,2,9,0,10,4,8,0,0,0,0,0,0,2,1,5,2,65,9,-1,-1,-1,-1,9,1,E01021428,0
Unvalidated,2024421461068,2024,421461068,3,9,0,10,4,8,0,0,0,0,0,0,2,1,5,2,33,6,-1,-1,-1,-1,9,1,E01021428,0
Unvalidated,2024421461092,2024,421461092,1,98,0,18,7,3,0,0,0,0,0,0,1,1,1,1,21,5,-1,-1,-1,-1,8,1,E01033610,0
Unvalidated,2024421461092,2024,421461092,2,9,0,18,7,3,0,0,0,0,0,0,2,1,5,2,28,6,-1,-1,-1,-1,6,2,E01030209,0
Unvalidated,2024421461128,2024,421461128,1,9,0,18,5,1,0,1,0,0,7,0,1,1,5,1,33,6,-1,-1,-1,-1,3,1,E01021836,0
Unvalidated,2024421461128,2024,421461128,2,9,0,2,1,5,0,1,0,0,1,0,1,1,6,3,-1,-1,-1,-1,-1,-1,-1,-1,-1,0
Unvalidated,2024421461134,2024,421461134,1,9,0,18,7,3,0,0,0,0,0,0,1,1,5,2,38,7,-1,-1,-1,-1,-1,-1,-1,0
Unvalidated,2024421461134,2024,421461134,2,98,0,3,7,3,0,0,0,0,0,0,2,1,1,1,40,7,-1,-1,-1,-1,-1,-1,-1,0
Unvalidated,2024421461134,2024,421461134,3,9,0,3,7,3,0,0,0,0,0,0,2,1,5,2,39,7,-1,-1,-1,-1,-1,-1,-1,0
Unvalidated,2024421461227,2024,421461227,1,9,0,18,2,6,0,2,0,0,0,0,4,1,6,1,-1,-1,-1,-1,-1,-1,-1,-1,-1,0
Unvalidated,2024421461337,2024,421461337,1,9,0,18,5,1,0,0,0,0,0,0,1,1,2,1,23,5,-1,-1,-1,-1,8,1,E01021749,0
Unvalidated,2024421461337,2024,421461337,2,9,0,18,5,1,0,0,0,0,0,0,2,1,2,1,23,5,-1,-1,-1,-1,10,2,E01028381,0
Unvalidated,2024421461337,2024,421461337,3,19,0,18,5,1,0,0,0,0,0,0,1,1,2,1,33,6,-1,-1,-1,-1,9,1,E01021828,0
Unvalidated,2024421461414,2024,421461414,1,9,0,9,3,8,0,5,0,0,0,0,4,1,5,1,40,7,-1,-1,-1,-1,6,1,E01021553,0
Unvalidated,2024421461414,2024,421461414,2,1,0,7,8,3,0,1,0,0,0,0,1,1,6,1,51,8,-1,-1,-1,-1,4,2,E01021636,0
Unvalidated,2024421461435,2024,421461435,1,9,0,18,6,8,0,8,2,0,3,0,1,1,5,1,18,4,-1,-1,-1,-1,4,1,E01022050,0
Unvalidated,2024421461456,2024,421461456,1,9,0,18,5,3,0,0,0,0,1,0,1,1,6,2,19,4,-1,-1,-1,-1,5,3,E01021414,0
Unvalidated,2024421461474,2024,421461474,1,9,0,18,3,7,0,1,0,0,0,0,1,1,6,1,20,4,-1,-1,-1,-1,-1,-1,-1,0
Unvalidated,2024421461474,2024,421461474,2,9,0,9,1,5,0,1,0,0,0,0,4,1,5,1,88,11,-1,-1,-1,-1,-1,-1,-1,0
Unvalidated,2024421461495,2024,421461495,1,9,0,18,4,8,0,0,2,10,6,0,1,1,5,1,27,6,-1,-1,-1,-1,-1,-1,-1,0
Unvalidated,2024421461577,2024,421461577,1,9,0,18,5,1,0,0,0,0,1,4,4,1,6,1,26,6,-1,-1,-1,-1,4,2,E01021360,0
Unvalidated,2024421461617,2024,421461617,1,9,0,18,7,3,0,0,0,0,0,0,1,1,5,1,66,10,-1,-1,-1,-1,9,1,E01030107,0
Unvalidated,2024421461659,2024,421461659,1,9,0,9,7,3,0,6,0,0,0,0,1,1,5,2,76,11,-1,-1,-1,-1,9,3,E01023463,0
Unvalidated,2024421461659,2024,421461659,2,9,0,18,5,1,0,2,0,0,0,0,4,1,5,1,20,4,-1,-1,-1,-1,7,1,E01022074,0
Unvalidated,2024421461850,2024,421461850,1,9,0,9,7,4,0,1,0,0,0,0,3,1,5,1,36,7,-1,-1,-1,-1,7,3,E01018043,0
Unvalidated,2024421461850,2024,421461850,2,9,0,18,4,8,0,1,0,0,0,0,1,1,5,1,63,9,-1,-1,-1,-1,5,2,E01021572,0
Unvalidated,2024421461862,2024,421461862,1,1,0,18,6,2,0,0,0,0,0,0,1,1,6,1,15,3,-1,-1,-1,-1,1,1,E01016006,0
Unvalidated,2024421461862,2024,421461862,3,9,0,18,1,5,0,0,0,0,0,0,1,1,5,2,29,6,-1,-1,-1,-1,1,1,E01016007,0
Unvalidated,2024421461885,2024,421461885,1,9,0,9,6,2,0,5,0,0,0,0,3,1,5,2,46,8,-1,-1,-1,-1,4,1,E01021374,0
Unvalidated,2024421461885,2024,421461885,2,5,0,5,6,2,0,1,0,0,0,0,1,1,5,1,67,10,-1,-1,-1,-1,5,2,E01021880,0
Unvalidated,2024421461920,2024,421461920,1,9,0,9,6,3,0,5,1,0,0,0,4,1,6,1,24,5,-1,-1,-1,-1,5,1,E01001301,0
Unvalidated,2024421461920,2024,421461920,2,9,0,18,1,5,0,1,1,0,0,0,1,1,6,1,40,7,-1,-1,-1,-1,-1,-1,-1,0
Unvalidated,2024421461920,2024,421461920,3,9,0,10,4,1,0,1,0,0,0,0,1,1,6,2,61,9,-1,-1,-1,-1,10,1,E01021447,0
Unvalidated,2024421461920,2024,421461920,4,9,0,10,3,1,0,1,0,0,0,0,1,1,6,1,43,7,-1,-1,-1,-1,8,1,E01021436,0
Unvalidated,2024421461931,2024,421461931,1,9,0,18,7,3,0,0,0,0,1,0,1,1,5,1,56,9,-1,-1,-1,-1,2,1,E01002776,0
Unvalidated,2024421461958,2024,421461958,1,9,0,9,5,3,0,6,0,0,0,0,1,1,6,2,36,7,-1,-1,-1,-1,5,1,E01015904,0
Unvalidated,2024421461958,2024,421461958,2,9,0,18,7,3,0,8,0,4,0,0,3,1,6,2,56,9,-1,-1,-1,-1,6,1,E01001751,0
Unvalidated,2024421461958,2024,421461958,3,9,0,2,7,3,9,1,0,0,0,0,4,1,6,3,-1,-1,-1,-1,-1,-1,-1,-1,-1,0
Unvalidated,2024421461958,2024,421461958,4,5,0,2,7,7,9,1,0,0,0,0,4,1,6,3,-1,-1,-1,-1,-1,-1,-1,-1,-1,0
Unvalidated,2024421461977,2024,421461977,1,9,0,13,5,1,0,0,2,0,1,4,1,1,5,1,54,8,-1,-1,-1,-1,5,2,E01021905,0
Unvalidated,2024421462030,2024,421462030,1,9,0,18,2,7,0,0,0,0,0,0,1,1,1,1,33,6,-1,-1,-1,-1,2,1,E01021319,0
Unvalidated,2024421462030,2024,421462030,2,9,0,18,2,7,0,0,0,0,0,0,1,1,6,1,26,6,-1,-1,-1,-1,2,1,E01021486,0
Unvalidated,2024421462238,2024,421462238,1,11,0,18,-1,-1,2,0,0,0,0,0,-1,1,6,1,38,7,-1,-1,-1,-1,7,1,E01015817,0
Unvalidated,2024421462238,2024,421462238,2,1,0,18,-1,-1,9,0,0,0,0,0,1,1,2,1,39,7,-1,-1,-1,-1,2,1,E01021486,0
Unvalidated,2024421462485,2024,421462485,1,9,0,4,3,7,0,0,0,0,0,0,1,1,6,2,26,6,-1,-1,-1,-1,8,1,E01033144,0
Unvalidated,2024421462485,2024,421462485,2,3,0,4,3,7,0,0,0,0,0,0,2,1,6,1,33,6,-1,-1,-1,-1,3,1,E01001505,0
Unvalidated,2024421462501,2024,421462501,1,1,0,18,-1,-1,0,0,0,0,0,0,4,1,5,1,15,3,-1,-1,-1,-1,9,1,E01015889,0
Unvalidated,2024421462501,2024,421462501,2,9,0,18,-1,-1,0,0,0,0,0,0,1,1,5,1,35,6,-1,-1,-1,-1,1,1,E01015875,0
Unvalidated,2024421462521,2024,421462521,1,9,0,1,3,7,0,0,0,0,0,0,2,1,6,1,41,7,-1,-1,-1,-1,3,1,E01021269,0
Unvalidated,2024421462521,2024,421462521,2,9,0,4,7,3,0,0,0,0,0,0,1,1,6,2,43,7,-1,-1,-1,-1,2,1,E01021278,0
Unvalidated,2024421462661,2024,421462661,1,9,0,9,5,3,0,6,0,0,0,0,4,1,5,2,71,10,-1,-1,-1,-1,10,1,E01021580,0
Unvalidated,2024421462661,2024,421462661,2,9,0,18,3,7,0,1,0,0,0,0,4,1,6,1,42,7,-1,-1,-1,-1,2,1,E01021711,0
Unvalidated,2024421462900,2024,421462900,1,9,0,18,3,7,0,0,0,0,0,0,1,1,6,2,-1,-1,-1,-1,-1,-1,-1,-1,-1,0
Unvalidated,2024421462900,2024,421462900,2,1,0,18,5,1,0,0,0,0,0,0,3,1,5,1,24,5,-1,-1,-1,-1,5,1,E01015993,0
Unvalidated,2024421462919,2024,421462919,1,1,0,18,5,1,0,2,0,0,0,0,1,1,6,1,14,3,-1,-1,-1,-1,-1,-1,-1,0
Unvalidated,2024421462919,2024,421462919,2,9,0,18,3,7,0,2,0,0,0,0,4,1,6,2,39,7,-1,-1,-1,-1,6,1,E01021525,0
Unvalidated,2024421462968,2024,421462968,1,9,0,12,8,1,0,0,0,0,0,0,1,1,6,1,-1,-1,-1,-1,-1,-1,-1,-1,-1,0
Unvalidated,2024421462968,2024,421462968,2,9,0,18,8,1,0,0,0,0,0,0,2,1,5,2,31,6,-1,-1,-1,-1,6,1,E01021597,0
Unvalidated,2024421463496,2024,421463496,1,9,0,9,7,5,0,1,0,0,0,0,1,1,6,1,-1,-1,-1,-1,-1,-1,-1,-1,-1,0
Unvalidated,2024421463496,2024,421463496,2,3,0,18,1,5,0,1,-1,0,0,0,-1,1,2,1,29,6,-1,-1,-1,-1,4,3,E01021260,0
Unvalidated,2024421463688,2024,421463688,1,9,0,18,3,7,0,4,0,0,0,0,1,1,5,2,49,8,-1,-1,-1,-1,2,1,E01021278,0
Unvalidated,2024421465109,2024,421465109,1,9,0,4,8,4,0,1,0,0,0,0,1,1,6,1,30,6,-1,-1,-1,-1,-1,-1,-1,0