status,collision_index,collision_year,collision_reference,vehicle_reference,vehicle_type,towing_and_articulation,vehicle_manoeuvre,vehicle_direction_from,vehicle_direction_to,vehicle_location_restricted_lane,junction_location,skidding_and_overturning,hit_object_in_carriageway,vehicle_leaving_carriageway,hit_object_off_carriageway,first_point_of_impact,vehicle_left_hand_drive,journey_purpose_of_driver,sex_of_driver,age_of_driver,age_band_of_driver,engine_capacity_cc,propulsion_code,age_of_vehicle,generic_make_model,driver_imd_decile,driver_home_area_type,lsoa_of_driver,escooter_flag
Unvalidated,2024421465109,2024,421465109,2,1,0,18,2,6,0,1,0,0,0,0,3,1,5,1,19,4,-1,-1,-1,-1,2,1,E01021697,0
Unvalidated,2024421465149,2024,421465149,1,9,0,12,3,7,0,3,0,0,0,0,1,1,6,1,29,6,-1,-1,-1,-1,4,1,E01000039,0
Unvalidated,2024421465149,2024,421465149,2,5,0,7,3,7,0,3,0,0,7,0,4,1,5,1,60,9,-1,-1,-1,-1,9,1,E01021364,0
Unvalidated,2024421465188,2024,421465188,1,9,0,18,7,3,0,0,0,0,0,0,1,1,6,3,-1,-1,-1,-1,-1,-1,-1,-1,-1,0
Unvalidated,2024421465188,2024,421465188,2,9,0,18,7,3,0,0,0,0,0,0,2,1,5,2,23,5,-1,-1,-1,-1,3,1,E01015854,0
Unvalidated,2024421465603,2024,421465603,1,9,0,13,4,8,0,0,0,0,0,0,1,1,6,1,34,6,-1,-1,-1,-1,7,3,E01033057,0
Unvalidated,2024421465603,2024,421465603,2,9,0,9,8,7,0,0,0,0,0,0,3,1,5,1,68,10,-1,-1,-1,-1,6,3,E01021535,0
Unvalidated,2024421465615,2024,421465615,1,19,0,18,6,2,0,1,0,0,0,0,1,1,6,3,-1,-1,-1,-1,-1,-1,-1,-1,-1,0
Unvalidated,2024421465615,2024,421465615,2,9,0,3,6,2,0,1,0,0,0,0,2,1,5,1,57,9,-1,-1,-1,-1,7,1,E01021582,0
Unvalidated,2024421466033,2024,421466033,1,9,0,5,5,1,0,4,0,0,0,0,3,1,5,2,33,6,-1,-1,-1,-1,2,1,E01015896,0
Unvalidated,2024421466033,2024,421466033,2,9,0,18,3,7,0,4,0,0,0,0,4,1,6,1,25,5,-1,-1,-1,-1,7,1,E01021330,0
Unvalidated,2024421466201,2024,421466201,1,4,0,13,8,4,0,0,0,0,0,0,4,1,6,1,22,5,-1,-1,-1,-1,10,1,E01021935,0
Unvalidated,2024421466201,2024,421466201,2,9,0,9,1,8,0,0,0,0,0,0,1,1,5,2,36,7,-1,-1,-1,-1,9,2,E01021943,0
Unvalidated,2024421466226,2024,421466226,1,9,0,1,5,1,0,6,0,0,0,0,2,1,6,3,-1,-1,-1,-1,-1,-1,-1,-1,-1,0
Unvalidated,2024421466226,2024,421466226,2,9,0,18,3,7,0,2,0,0,0,0,4,1,6,1,21,5,-1,-1,-1,-1,3,1,E01015959,0
Unvalidated,2024421466287,2024,421466287,1,9,0,18,4,8,0,1,0,0,0,0,1,1,6,1,28,6,-1,-1,-1,-1,4,1,E01015907,0
Unvalidated,2024421466287,2024,421466287,2,9,0,3,4,8,0,1,0,0,0,0,2,1,6,1,36,7,-1,-1,-1,-1,8,1,E01021478,0
Unvalidated,2024421466760,2024,421466760,1,9,0,18,3,7,0,2,0,0,0,0,1,1,6,3,-1,-1,-1,-1,-1,-1,-1,-1,-1,0
Unvalidated,2024421466760,2024,421466760,2,9,0,18,3,7,0,2,1,0,0,0,4,1,5,1,30,6,-1,-1,-1,-1,4,1,E01021506,0
Unvalidated,2024421466793,2024,421466793,1,9,0,18,7,3,0,1,0,0,0,0,3,1,6,1,76,11,-1,-1,-1,-1,7,3,E01021457,0
Unvalidated,2024421466793,2024,421466793,2,9,0,18,3,7,0,1,0,0,0,0,3,1,5,2,22,5,-1,-1,-1,-1,6,1,E01033137,0
Unvalidated,2024421467211,2024,421467211,1,9,0,18,3,7,0,0,0,0,0,0,1,1,6,2,72,10,-1,-1,-1,-1,9,1,E01021893,0
Unvalidated,2024421467211,2024,421467211,2,1,0,5,3,7,0,0,0,0,0,0,3,1,6,2,12,3,-1,-1,-1,-1,7,1,E01021895,0
Unvalidated,2024421467219,2024,421467219,1,9,0,18,3,7,0,1,0,0,0,0,1,1,6,2,-1,-1,-1,-1,-1,-1,-1,-1,-1,0
Unvalidated,2024421467231,2024,421467231,1,9,0,18,5,3,0,8,0,0,0,0,1,1,6,2,31,6,-1,-1,-1,-1,10,3,E01033053,0
Unvalidated,2024421467231,2024,421467231,2,9,0,5,1,5,0,4,0,0,0,0,3,1,5,2,51,8,-1,-1,-1,-1,6,3,E01021535,0
Unvalidated,2024421467487,2024,421467487,1,9,0,9,1,7,0,2,0,0,0,0,1,1,6,1,29,6,-1,-1,-1,-1,3,1,E01015962,0
Unvalidated,2024421467487,2024,421467487,2,9,0,18,3,7,0,1,0,0,0,0,1,2,5,2,40,7,-1,-1,-1,-1,3,1,E01015962,0
Unvalidated,2024421467494,2024,421467494,1,9,0,4,3,7,0,0,0,0,0,0,1,1,6,1,27,6,-1,-1,-1,-1,5,1,E01021664,0
Unvalidated,2024421467494,2024,421467494,2,19,0,3,3,7,0,0,0,0,0,0,2,1,1,1,27,6,-1,-1,-1,-1,5,1,E01022004,0
Unvalidated,2024421467499,2024,421467499,1,9,0,18,1,3,0,0,0,0,0,0,0,1,6,1,-1,-1,-1,-1,-1,-1,-1,-1,-1,0
Unvalidated,2024421467499,2024,421467499,2,3,0,18,1,3,0,0,0,0,0,0,4,1,5,1,18,4,-1,-1,-1,-1,9,1,E01021586,0
Unvalidated,2024421467499,2024,421467499,3,3,0,18,1,3,0,0,0,0,0,0,3,1,5,1,18,4,-1,-1,-1,-1,9,1,E01021564,0
Unvalidated,2024421467503,2024,421467503,1,9,0,12,6,2,0,1,0,0,0,0,3,1,6,2,-1,-1,-1,-1,-1,-1,-1,-1,-1,0
Unvalidated,2024421467503,2024,421467503,2,1,0,12,6,2,0,1,0,0,0,0,4,1,5,1,13,3,-1,-1,-1,-1,1,1,E01022031,0
Unvalidated,2024421467506,2024,421467506,1,9,0,1,1,5,0,0,0,0,0,0,2,1,5,1,-1,-1,-1,-1,-1,-1,-1,-1,-1,0
Unvalidated,2024421467506,2024,421467506,2,9,0,18,5,1,0,0,0,0,0,0,1,1,5,1,30,6,-1,-1,-1,-1,2,1,E01015938,0
Unvalidated,2024421467511,2024,421467511,1,9,0,5,4,8,0,0,0,0,0,0,1,1,6,1,51,8,-1,-1,-1,-1,9,1,E01021681,0
Unvalidated,2024421467511,2024,421467511,2,9,0,3,4,8,0,0,0,0,0,0,2,1,6,2,51,8,-1,-1,-1,-1,5,1,E01021680,0
Unvalidated,2024421467736,2024,421467736,1,9,0,5,7,3,0,6,0,0,0,0,3,1,6,1,22,5,-1,-1,-1,-1,3,3,E01021594,0
Unvalidated,2024421467736,2024,421467736,2,1,0,18,6,2,0,1,0,0,0,0,1,1,5,1,56,9,-1,-1,-1,-1,5,1,E01015814,0
Unvalidated,2024421467750,2024,421467750,1,98,0,18,8,4,0,0,0,0,0,0,1,1,1,1,31,6,-1,-1,-1,-1,2,1,E01021872,0
Unvalidated,2024421467750,2024,421467750,2,9,0,3,8,3,0,0,0,0,0,0,2,1,6,2,42,7,-1,-1,-1,-1,3,1,E01021842,0
Unvalidated,2024421467750,2024,421467750,3,9,0,3,8,4,0,0,0,0,0,0,2,1,6,1,77,11,-1,-1,-1,-1,10,3,E01023468,0
Unvalidated,2024421468176,2024,421468176,1,9,0,7,8,2,0,2,0,0,0,0,3,1,5,1,23,5,-1,-1,-1,-1,4,1,E01021956,0
Unvalidated,2024421468176,2024,421468176,2,2,0,18,2,6,0,1,0,0,0,0,3,1,6,1,15,3,-1,-1,-1,-1,4,1,E01021956,0
Unvalidated,2024421468208,2024,421468208,1,1,0,18,-1,-1,0,1,0,0,0,0,1,1,6,1,31,6,-1,-1,-1,-1,-1,-1,-1,0
Unvalidated,2024421468208,2024,421468208,2,9,0,10,-1,-1,0,1,0,0,0,0,4,1,2,1,26,6,-1,-1,-1,-1,6,1,E01033462,0
Unvalidated,2024421468305,2024,421468305,1,19,0,9,1,7,0,6,0,0,0,0,4,1,6,3,27,6,-1,-1,-1,-1,6,2,E01029944,0
Unvalidated,2024421468305,2024,421468305,2,1,0,9,4,1,0,8,0,0,0,0,1,1,6,1,16,4,-1,-1,-1,-1,2,1,E01022043,0
Unvalidated,2024421468315,2024,421468315,1,9,-1,18,-1,-1,0,1,0,0,0,0,1,1,6,3,-1,-1,-1,-1,-1,-1,-1,-1,-1,0
Unvalidated,2024421468315,2024,421468315,2,1,0,18,-1,-1,0,5,1,0,0,0,2,1,6,1,13,3,-1,-1,-1,-1,4,1,E01015835,0
Unvalidated,2024421468583,2024,421468583,1,9,0,9,2,8,0,1,0,0,0,0,0,1,6,2,27,6,-1,-1,-1,-1,2,1,E01015938,0
Unvalidated,2024421468583,2024,421468583,2,9,0,18,6,2,0,1,0,0,0,0,1,1,5,2,25,5,-1,-1,-1,-1,2,1,E01002282,0
Unvalidated,2024421468598,2024,421468598,1,9,0,18,8,3,0,4,0,0,0,0,1,1,6,2,23,5,-1,-1,-1,-1,-1,-1,-1,0
Unvalidated,2024421468598,2024,421468598,2,3,0,3,8,3,0,4,0,0,0,0,2,1,2,1,22,5,-1,-1,-1,-1,3,1,E01021245,0
Unvalidated,2024421468719,2024,421468719,1,9,-1,2,-1,-1,0,1,0,0,0,0,3,1,6,3,-1,-1,-1,-1,-1,-1,-1,-1,-1,0
Unvalidated,2024421468719,2024,421468719,2,1,-1,18,7,3,0,1,1,0,0,0,4,1,5,2,47,8,-1,-1,-1,-1,6,1,E01000541,0
Unvalidated,2024421469008,2024,421469008,1,9,0,5,3,7,0,1,0,0,0,0,3,1,6,2,30,6,-1,-1,-1,-1,9,2,E01022063,0
Unvalidated,2024421469008,2024,421469008,2,1,0,18,1,5,0,1,2,0,0,0,1,1,6,2,38,7,-1,-1,-1,-1,-1,-1,-1,0
Unvalidated,2024421469553,2024,421469553,1,9,0,9,4,2,4,1,0,0,0,0,1,1,6,2,31,6,-1,-1,-1,-1,2,1,E01021872,0
Unvalidated,2024421469553,2024,421469553,2,1,0,18,8,4,4,8,0,0,0,0,1,1,6,1,42,7,-1,-1,-1,-1,3,1,E01021852,0
Unvalidated,2024421469747,2024,421469747,1,9,0,18,6,2,2,0,0,0,0,0,0,1,6,3,-1,-1,-1,-1,-1,-1,-1,-1,-1,0
Unvalidated,2024421469747,2024,421469747,2,5,0,4,6,2,2,0,0,0,0,0,3,1,5,1,27,6,-1,-1,-1,-1,7,3,E01021540,0
Unvalidated,2024421470070,2024,421470070,1,9,0,18,3,7,0,1,0,0,0,0,2,1,6,1,77,11,-1,-1,-1,-1,9,3,E01021471,0
Unvalidated,2024421470229,2024,421470229,1,9,0,9,2,8,0,8,1,0,3,3,2,1,5,2,57,9,-1,-1,-1,-1,-1,-1,-1,0
Unvalidated,2024421470229,2024,421470229,2,9,0,18,1,4,0,5,1,1,3,0,3,1,5,1,39,7,-1,-1,-1,-1,-1,-1,-1,0
Unvalidated,2024421471037,2024,421471037,1,3,0,18,2,6,9,0,0,0,0,0,1,1,6,3,-1,-1,-1,-1,-1,-1,-1,-1,-1,0
Unvalidated,2024421471121,2024,421471121,1,9,0,11,3,7,0,0,0,0,0,0,4,1,6,1,-1,-1,-1,-1,-1,-1,-1,-1,-1,0
Unvalidated,2024421471121,2024,421471121,2,3,-1,18,3,7,0,0,0,0,0,0,4,1,1,1,53,8,-1,-1,-1,-1,1,1,E01015841,0
Unvalidated,2024421471436,2024,421471436,1,9,0,9,2,1,0,4,0,0,0,0,1,1,6,2,57,9,-1,-1,-1,-1,2,1,E01021697,0
Unvalidated,2024421471436,2024,421471436,2,1,0,18,5,1,0,8,0,0,0,0,4,1,2,1,46,8,-1,-1,-1,-1,5,1,E01021664,0
Unvalidated,2024421471447,2024,421471447,1,1,0,18,-1,-1,0,0,-1,-1,-1,0,-1,1,6,1,-1,-1,-1,-1,-1,-1,-1,-1,-1,0
Unvalidated,2024421471447,2024,421471447,2,9,0,7,-1,-1,0,0,0,0,0,0,4,1,5,2,43,7,-1,-1,-1,-1,6,2,E01016076,0
Unvalidated,2024421476389,2024,421476389,1,9,0,18,6,2,0,0,0,0,0,0,3,1,6,1,-1,-1,-1,-1,-1,-1,6,1,E01003653,0
Unvalidated,2024421476389,2024,421476389,2,9,0,18,6,2,0,0,0,0,0,0,2,1,6,1,34,6,-1,-1,-1,-1,6,3,E01015943,0
Unvalidated,2024421477141,2024,421477141,1,98,1,18,8,4,0,0,0,0,0,0,1,2,1,1,38,7,-1,-1,-1,-1,-1,-1,-1,0
Unvalidated,2024421477141,2024,421477141,2,9,0,18,8,4,0,0,1,0,0,0,4,1,2,1,27,6,-1,-1,-1,-1,3,1,E01003736,0
Unvalidated,2024421477162,2024,421477162,1,9,0,7,4,8,0,2,0,0,0,0,1,1,6,2,27,6,-1,-1,-1,-1,-1,-1,-1,0
Unvalidated,2024421477162,2024,421477162,2,9,0,7,4,8,0,3,0,0,0,0,4,1,6,1,38,7,-1,-1,-1,-1,4,3,E01021915,0
Unvalidated,2024421477596,2024,421477596,1,9,0,18,6,2,0,1,0,0,0,0,0,1,6,3,-1,-1,-1,-1,-1,-1,-1,-1,-1,0
Unvalidated,2024421477596,2024,421477596,2,1,0,18,2,6,0,1,0,0,0,0,0,1,5,1,61,9,-1,-1,-1,-1,9,1,E01021586,0
Unvalidated,2024421477607,2024,421477607,1,19,0,1,7,3,0,0,0,0,0,0,2,1,6,1,-1,-1,-1,-1,-1,-1,-1,-1,-1,0
Unvalidated,2024421477607,2024,421477607,2,9,0,4,3,7,0,0,0,0,0,0,1,1,1,1,46,8,-1,-1,-1,-1,8,3,E01021537,0
Unvalidated,2024421482851,2024,421482851,1,3,0,4,1,5,0,0,0,0,0,0,1,1,2,1,17,4,-1,-1,-1,-1,4,1,E01021853,0
Unvalidated,2024421482851,2024,421482851,2,9,0,4,1,5,0,0,0,0,0,0,2,1,6,2,24,5,-1,-1,-1,-1,2,1,E01021851,0
Unvalidated,2024430000656,2024,430000656,1,9,0,9,1,7,0,8,0,10,0,0,4,1,6,2,56,9,-1,-1,-1,-1,6,3,E01017717,0
Unvalidated,2024430000656,2024,430000656,2,21,0,18,3,7,0,4,0,0,0,0,0,1,6,3,-1,-1,-1,-1,-1,-1,-1,-1,-1,0
Unvalidated,2024430000667,2024,430000667,1,9,0,10,7,4,0,1,0,0,0,0,2,1,6,1,60,9,-1,-1,-1,-1,8,2,E01016269,0
Unvalidated,2024430000667,2024,430000667,2,9,0,18,7,3,0,1,0,0,0,0,1,1,6,1,50,8,-1,-1,-1,-1,7,1,E01016383,0
Unvalidated,2024430000667,2024,430000667,3,9,0,3,7,3,0,1,0,0,0,0,2,1,6,2,25,5,-1,-1,-1,-1,10,1,E01028594,0
Unvalidated,2024430000857,2024,430000857,1,9,0,9,8,5,0,6,0,0,0,0,1,1,6,1,-1,-1,-1,-1,-1,-1,3,1,E01028449,0
Unvalidated,2024430000857,2024,430000857,2,1,0,17,3,8,0,8,0,0,0,0,1,1,6,1,30,6,-1,-1,-1,-1,-1,-1,-1,0
Unvalidated,2024430000878,2024,430000878,1,9,0,18,3,7,0,0,1,0,0,0,3,1,6,1,19,4,-1,-1,-1,-1,7,3,E01016301,0
Unvalidated,2024430000878,2024,430000878,2,9,0,18,7,3,0,0,1,0,0,0,3,1,6,2,54,8,-1,-1,-1,-1,9,1,E01023182,0
Unvalidated,2024430000878,2024,430000878,3,9,0,18,7,3,0,0,1,0,0,0,1,1,6,1,36,7,-1,-1,-1,-1,4,1,E01022568,0
Unvalidated,2024430001059,2024,430001059,1,9,0,18,6,2,0,0,0,0,7,11,2,1,6,1,40,7,-1,-1,-1,-1,7,1,E01016317,0
Unvalidated,2024430001059,2024,430001059,2,9,0,18,2,6,0,0,0,0,0,0,3,1,6,2,30,6,-1,-1,-1,-1,10,1,E01016335,0
Unvalidated,2024430001241,2024,430001241,1,9,0,14,7,3,0,0,0,0,0,0,1,1,1,1,75,10,-1,-1,-1,-1,9,1,E01016315,0
Unvalidated,2024430001253,2024,430001253,1,9,0,18,4,8,0,0,0,0,0,0,4,1,2,1,66,10,-1,-1,-1,-1,8,1,E01030735,0
Unvalidated,2024430001442,2024,430001442,1,9,0,4,3,7,0,4,0,0,0,0,2,1,2,1,48,8,-1,-1,-1,-1,3,1,E01023891,0
Unvalidated,2024430001442,2024,430001442,2,98,0,18,3,7,0,4,0,0,0,0,1,1,6,3,-1,-1,-1,-1,-1,-1,-1,-1,-1,0
Unvalidated,2024430001671,2024,430001671,1,9,0,18,4,8,0,1,0,0,0,0,1,1,6,2,76,11,-1,-1,-1,-1,9,1,E01016786,0
Unvalidated,2024430001671,2024,430001671,2,9,0,3,4,8,0,1,0,0,0,0,2,1,6,2,73,10,-1,-1,-1,-1,4,1,E01016837,0
Unvalidated,2024430001817,2024,430001817,1,9,0,9,2,8,0,5,0,0,7,7,4,1,6,2,55,8,-1,-1,-1,-1,8,1,E01016275,0
Unvalidated,2024430001817,2024,430001817,2,9,0,18,8,2,0,8,0,0,0,0,1,1,6,1,33,6,-1,-1,-1,-1,10,1,E01022553,0
Unvalidated,2024430001868,2024,430001868,1,19,0,18,7,3,0,8,0,0,0,0,4,1,6,3,-1,-1,-1,-1,-1,-1,-1,-1,-1,0
Unvalidated,2024430002053,2024,430002053,1,9,0,18,8,4,0,0,0,11,0,0,1,1,6,2,87,11,-1,-1,-1,-1,10,2,E01028645,0
Unvalidated,2024430002170,2024,430002170,1,9,0,9,2,8,0,8,0,0,0,0,3,1,6,1,56,9,-1,-1,-1,-1,10,1,E01016767,0
Unvalidated,2024430002170,2024,430002170,2,19,0,18,8,4,0,8,0,0,0,0,1,1,6,1,39,7,-1,-1,-1,-1,1,1,E01027140,0
Unvalidated,2024430002665,2024,430002665,1,9,0,4,5,1,0,0,0,0,0,0,2,1,1,1,53,8,-1,-1,-1,-1,4,1,E01017850,0
Unvalidated,2024430002665,2024,430002665,2,9,0,18,5,1,0,0,0,0,0,0,1,1,6,1,30,6,-1,-1,-1,-1,-1,-1,-1,0
Unvalidated,2024430003134,2024,430003134,1,9,0,9,8,6,0,5,0,0,0,0,4,1,6,2,72,10,-1,-1,-1,-1,7,2,E01016569,0
Unvalidated,2024430003134,2024,430003134,2,97,0,18,4,8,0,8,0,0,0,0,1,1,6,1,17,4,-1,-1,-1,-1,3,1,E01016444,0
Unvalidated,2024430003195,2024,430003195,1,9,0,18,6,2,0,0,0,10,0,0,1,1,6,2,19,4,-1,-1,-1,-1,10,3,E01028801,0
Unvalidated,2024430003195,2024,430003195,2,9,0,18,2,6,0,0,0,0,0,0,1,1,6,2,50,8,-1,-1,-1,-1,10,3,E01028801,0
Unvalidated,2024430003670,2024,430003670,1,9,0,18,4,8,0,8,0,0,0,0,1,1,6,1,30,6,-1,-1,-1,-1,6,1,E01016704,0
Unvalidated,2024430003670,2024,430003670,2,9,0,9,8,6,0,5,0,0,0,0,1,1,3,1,45,7,-1,-1,-1,-1,10,1,E01016670,0
Unvalidated,2024430003700,2024,430003700,1,9,0,11,1,5,0,0,0,0,0,0,4,1,2,2,50,8,-1,-1,-1,-1,9,1,E01016540,0
Unvalidated,2024430003700,2024,430003700,2,2,0,4,1,5,0,0,0,0,0,0,3,1,1,1,38,7,-1,-1,-1,-1,3,1,E01002521,0
Unvalidated,2024430003793,2024,430003793,1,11,0,18,2,6,0,0,0,0,0,0,1,1,1,1,65,9,-1,-1,-1,-1,3,1,E01017712,0
Unvalidated,2024430003793,2024,430003793,2,9,0,3,2,6,0,0,0,0,0,0,2,1,6,1,26,6,-1,-1,-1,-1,6,1,E01028523,0
Unvalidated,2024430003793,2024,430003793,3,9,0,3,2,6,0,0,0,0,0,0,2,1,6,1,36,7,-1,-1,-1,-1,9,1,E01028561,0
Unvalidated,2024430003881,2024,430003881,1,3,0,18,8,4,0,1,0,7,0,0,1,1,1,1,34,6,-1,-1,-1,-1,6,1,E01016332,0
Unvalidated,2024430003970,2024,430003970,1,19,0,18,8,4,0,0,0,0,7,4,1,1,1,1,43,7,-1,-1,-1,-1,9,1,E01028724,0
Unvalidated,2024430004310,2024,430004310,1,3,0,18,5,1,0,1,0,0,0,0,1,1,2,1,32,6,-1,-1,-1,-1,4,1,E01016448,0
Unvalidated,2024430004310,2024,430004310,2,9,0,7,5,3,0,5,0,0,0,0,1,1,6,3,-1,-1,-1,-1,-1,-1,-1,-1,-1,0
Unvalidated,2024430004314,2024,430004314,1,9,0,10,2,8,0,1,0,0,0,0,2,1,6,3,-1,-1,-1,-1,-1,-1,-1,-1,-1,0
Unvalidated,2024430004314,2024,430004314,2,9,0,18,2,6,0,1,0,0,0,0,1,1,6,3,-1,-1,-1,-1,-1,-1,-1,-1,-1,0
Unvalidated,2024430004390,2024,430004390,1,19,0,18,1,5,0,4,0,9,7,1,1,1,1,1,30,6,-1,-1,-1,-1,-1,-1,-1,0
Unvalidated,2024430004390,2024,430004390,2,9,0,9,7,5,0,8,0,0,0,0,4,1,1,1,59,9,-1,-1,-1,-1,7,1,E01016216,0
Unvalidated,2024430004425,2024,430004425,1,9,0,4,3,7,0,0,0,0,0,0,1,1,2,1,35,6,-1,-1,-1,-1,10,1,E01017777,0
Unvalidated,2024430004425,2024,430004425,2,9,0,3,3,7,0,0,0,0,0,0,2,1,2,2,51,8,-1,-1,-1,-1,5,1,E01023806,0
Unvalidated,2024430004459,2024,430004459,1,9,0,18,8,4,0,0,0,0,0,0,0,1,2,2,25,5,-1,-1,-1,-1,10,1,E01016633,0
Unvalidated,2024430004459,2024,430004459,2,9,0,18,4,8,0,0,0,0,0,0,0,1,2,1,43,7,-1,-1,-1,-1,10,1,E01016571,0
Unvalidated,2024430004994,2024,430004994,1,9,0,18,3,7,0,3,0,0,3,2,1,1,6,2,79,11,-1,-1,-1,-1,10,1,E01017924,0
Unvalidated,2024430005510,2024,430005510,1,9,0,18,1,5,0,1,0,7,0,0,1,1,6,1,66,10,-1,-1,-1,-1,2,1,E01002392,0
Unvalidated,2024430006051,2024,430006051,1,9,0,18,6,2,0,1,0,0,1,1,1,1,2,2,42,7,-1,-1,-1,-1,9,2,E01017825,0
Unvalidated,2024430006526,2024,430006526,1,9,0,18,8,4,0,0,0,0,0,0,1,1,6,1,53,8,-1,-1,-1,-1,-1,-1,-1,0
Unvalidated,2024430006526,2024,430006526,2,19,0,18,4,8,0,0,0,0,0,0,1,1,6,1,57,9,-1,-1,-1,-1,10,1,E01016349,0
Unvalidated,2024430006738,2024,430006738,1,1,0,18,7,3,0,8,0,0,0,0,2,1,2,1,24,5,-1,-1,-1,-1,6,1,E01017809,0
Unvalidated,2024430006738,2024,430006738,2,9,0,18,7,3,0,8,0,0,0,0,0,1,6,1,-1,-1,-1,-1,-1,-1,-1,-1,-1,0
Unvalidated,2024430006789,2024,430006789,1,9,0,18,6,2,0,0,0,0,0,0,1,1,6,1,30,6,-1,-1,-1,-1,-1,-1,-1,0
Unvalidated,2024430006789,2024,430006789,2,9,0,3,6,2,0,0,0,0,0,0,2,1,3,2,36,7,-1,-1,-1,-1,3,1,E01028524,0
Unvalidated,2024430007144,2024,430007144,1,1,0,18,4,8,0,0,0,0,0,0,3,1,6,1,45,7,-1,-1,-1,-1,10,3,E01017632,0
Unvalidated,2024430007144,2024,430007144,2,9,0,18,4,8,0,0,0,0,0,0,4,1,6,1,60,9,-1,-1,-1,-1,-1,-1,-1,0
Unvalidated,2024430007564,2024,430007564,1,9,0,2,0,0,0,0,0,0,0,0,1,1,6,1,-1,-1,-1,-1,-1,-1,3,1,E01002527,0
Unvalidated,2024430007564,2024,430007564,2,9,0,1,4,8,0,0,0,0,0,0,2,1,6,1,-1,-1,-1,-1,-1,-1,-1,-1,-1,0
Unvalidated,2024430007630,2024,430007630,1,9,0,18,8,4,0,1,0,0,0,0,1,1,6,1,65,9,-1,-1,-1,-1,10,1,E01016668,0
Unvalidated,2024430007946,2024,430007946,1,9,0,9,8,6,0,6,0,0,0,0,3,1,6,1,73,10,-1,-1,-1,-1,10,2,E01031214,0
Unvalidated,2024430007946,2024,430007946,2,9,0,18,6,2,0,8,0,0,0,0,1,1,6,2,33,6,-1,-1,-1,-1,8,2,E01028716,0
Unvalidated,2024430008235,2024,430008235,1,9,0,18,8,4,0,0,0,0,0,0,0,1,6,1,35,6,-1,-1,-1,-1,3,1,E01023637,0
Unvalidated,2024430008235,2024,430008235,2,20,0,18,8,4,0,0,0,0,0,0,0,1,6,3,-1,-1,-1,-1,-1,-1,-1,-1,-1,0
Unvalidated,2024430008330,2024,430008330,1,9,0,18,2,6,0,1,0,0,0,0,0,1,6,1,-1,-1,-1,-1,-1,-1,-1,-1,-1,0
Unvalidated,2024430008339,2024,430008339,1,9,0,18,9,9,9,0,0,0,0,0,3,1,6,1,-1,-1,-1,-1,-1,-1,-1,-1,-1,0
Unvalidated,2024430009006,2024,430009006,1,19,0,18,8,4,0,0,0,0,0,0,3,1,6,1,88,11,-1,-1,-1,-1,8,1,E01002334,0
Unvalidated,2024430009006,2024,430009006,2,9,0,18,8,4,0,0,0,0,0,0,4,1,6,3,-1,-1,-1,-1,-1,-1,-1,-1,-1,0
Unvalidated,2024430009146,2024,430009146,1,5,0,13,2,8,0,1,0,0,0,0,1,1,6,1,58,9,-1,-1,-1,-1,7,3,E01017587,0
Unvalidated,2024430009146,2024,430009146,2,9,0,9,5,2,0,6,0,0,0,0,3,1,6,1,46,8,-1,-1,-1,-1,8,3,E01017886,0
Unvalidated,2024430009146,2024,430009146,3,9,0,18,2,8,0,1,0,0,0,0,0,1,6,3,-1,-1,-1,-1,-1,-1,-1,-1,-1,0
Unvalidated,2024430009196,2024,430009196,1,9,0,18,4,8,0,8,0,0,1,10,1,1,6,1,56,9,-1,-1,-1,-1,7,1,E01017919,0
Unvalidated,2024430009196,2024,430009196,2,9,0,8,6,8,0,1,0,0,1,0,3,1,6,1,44,7,-1,-1,-1,-1,8,1,E01023692,0
Unvalidated,2024430009582,2024,430009582,1,9,0,16,4,7,0,0,0,0,0,0,3,1,6,2,30,6,-1,-1,-1,-1,9,2,E01028481,0
Unvalidated,2024430009582,2024,430009582,2,9,0,17,7,4,0,0,0,0,0,0,3,1,2,2,28,6,-1,-1,-1,-1,10,1,E01028464,0
Unvalidated,2024430009724,2024,430009724,1,9,0,18,8,4,0,0,0,0,4,6,3,1,6,1,-1,-1,-1,-1,-1,-1,5,1,E01014886,0
Unvalidated,2024430009724,2024,430009724,2,9,0,18,8,4,0,0,0,0,1,7,1,1,6,1,-1,-1,-1,-1,-1,-1,6,1,E01015116,0
Unvalidated,2024430009724,2024,430009724,3,21,0,18,8,4,0,0,0,0,0,0,1,1,1,1,-1,-1,-1,-1,-1,-1,2,1,E01014522,0
Unvalidated,2024430009724,2024,430009724,4,9,0,18,8,4,0,0,0,0,0,0,1,1,6,1,-1,-1,-1,-1,-1,-1,6,1,E01022814,0
Unvalidated,2024430009724,2024,430009724,5,9,0,18,8,4,0,0,0,0,0,0,1,1,6,2,33,6,-1,-1,-1,-1,10,3,E01023222,0
Unvalidated,2024430009724,2024,430009724,6,9,0,18,8,4,0,0,0,0,0,0,1,1,6,1,69,10,-1,-1,-1,-1,10,1,E01017746,0
Unvalidated,2024430009724,2024,430009724,7,9,0,18,8,4,0,0,0,0,0,0,1,1,6,1,37,7,-1,-1,-1,-1,10,3,E01028727,0
Unvalidated,2024430009724,2024,430009724,8,9,0,18,8,4,0,0,0,0,0,0,1,1,6,2,31,6,-1,-1,-1,-1,4,1,E01032516,0
Unvalidated,2024430009724,2024,430009724,9,9,0,18,8,4,0,0,0,0,0,0,1,1,6,1,67,10,-1,-1,-1,-1,10,3,E01028608,0