status,collision_index,collision_year,collision_reference,vehicle_reference,vehicle_type,towing_and_articulation,vehicle_manoeuvre,vehicle_direction_from,vehicle_direction_to,vehicle_location_restricted_lane,junction_location,skidding_and_overturning,hit_object_in_carriageway,vehicle_leaving_carriageway,hit_object_off_carriageway,first_point_of_impact,vehicle_left_hand_drive,journey_purpose_of_driver,sex_of_driver,age_of_driver,age_band_of_driver,engine_capacity_cc,propulsion_code,age_of_vehicle,generic_make_model,driver_imd_decile,driver_home_area_type,lsoa_of_driver,escooter_flag
Unvalidated,2024430009886,2024,430009886,1,8,0,5,4,8,0,0,0,0,0,0,0,1,1,1,47,8,-1,-1,-1,-1,3,1,E01017663,0
Unvalidated,2024430009954,2024,430009954,1,9,0,10,4,2,0,1,0,0,0,0,2,1,6,2,52,8,-1,-1,-1,-1,7,1,E01017705,0
Unvalidated,2024430009954,2024,430009954,2,98,0,18,4,8,0,1,0,0,0,0,1,1,6,3,-1,-1,-1,-1,-1,-1,-1,-1,-1,0
Unvalidated,2024430009957,2024,430009957,1,9,0,18,5,1,0,1,0,0,0,0,1,1,6,2,-1,-1,-1,-1,-1,-1,-1,-1,-1,0
Unvalidated,2024430009957,2024,430009957,2,9,0,4,5,1,0,1,0,0,0,0,2,1,6,2,50,8,-1,-1,-1,-1,7,3,E01028503,0
Unvalidated,2024430010054,2024,430010054,1,3,0,16,3,6,0,0,0,0,0,0,4,1,6,1,30,6,-1,-1,-1,-1,10,1,E01022537,0
Unvalidated,2024430010054,2024,430010054,2,9,0,17,6,3,0,0,0,0,0,0,1,1,6,1,44,7,-1,-1,-1,-1,9,1,E01016292,0
Unvalidated,2024430011641,2024,430011641,1,9,0,18,2,6,0,0,0,0,0,0,1,1,6,1,48,8,-1,-1,-1,-1,8,1,E01015513,0
Unvalidated,2024430011641,2024,430011641,2,21,1,18,6,2,0,0,0,0,0,0,1,1,1,1,71,10,-1,-1,-1,-1,9,3,E01031904,0
Unvalidated,2024430011641,2024,430011641,3,21,1,2,0,0,6,0,0,0,0,0,3,1,6,1,41,7,-1,-1,-1,-1,4,2,E01032406,0
Unvalidated,2024430011715,2024,430011715,1,3,0,14,6,2,0,8,0,0,0,0,1,1,2,1,18,4,-1,-1,-1,-1,6,1,E01016231,0
Unvalidated,2024430011715,2024,430011715,2,9,0,9,8,6,0,6,0,0,0,0,3,1,6,2,-1,-1,-1,-1,-1,-1,-1,-1,-1,0
Unvalidated,2024430011789,2024,430011789,1,1,0,18,5,1,0,0,0,0,0,0,2,1,1,1,25,5,-1,-1,-1,-1,8,1,E01016418,0
Unvalidated,2024430011789,2024,430011789,2,9,0,18,5,1,0,0,0,0,0,0,1,1,6,3,-1,-1,-1,-1,-1,-1,-1,-1,-1,0
Unvalidated,2024430011809,2024,430011809,1,9,0,9,7,5,0,6,0,0,0,0,3,1,2,1,49,8,-1,-1,-1,-1,9,3,E01028790,0
Unvalidated,2024430011809,2024,430011809,2,3,0,18,5,1,0,8,0,0,0,0,1,1,6,1,36,7,-1,-1,-1,-1,9,2,E01028785,0
Unvalidated,2024430011854,2024,430011854,1,9,0,7,8,2,0,6,0,0,0,0,1,1,1,1,-1,-1,-1,-1,-1,-1,-1,-1,-1,0
Unvalidated,2024430012255,2024,430012255,1,19,0,18,8,4,0,0,0,0,0,0,4,1,6,1,45,7,-1,-1,-1,-1,6,2,E01028677,0
Unvalidated,2024430012255,2024,430012255,2,1,0,18,8,4,0,0,0,0,0,0,3,1,2,1,56,9,-1,-1,-1,-1,10,2,E01028645,0
Unvalidated,2024430012825,2024,430012825,1,9,0,18,8,4,0,0,0,0,0,0,1,1,6,2,43,7,-1,-1,-1,-1,10,2,E01017632,0
Unvalidated,2024430012841,2024,430012841,1,9,0,4,4,8,0,0,1,0,0,0,0,1,2,1,41,7,-1,-1,-1,-1,9,1,E01017641,0
Unvalidated,2024430012854,2024,430012854,1,9,0,3,8,4,0,1,0,0,0,0,2,1,1,1,32,6,-1,-1,-1,-1,7,1,E01016250,0
Unvalidated,2024430012854,2024,430012854,2,9,0,18,8,4,0,1,0,0,0,0,1,1,1,1,51,8,-1,-1,-1,-1,8,1,E01001211,0
Unvalidated,2024430012955,2024,430012955,1,9,0,18,1,5,0,2,0,0,0,0,1,1,6,1,-1,-1,-1,-1,-1,-1,-1,-1,-1,0
Unvalidated,2024430013286,2024,430013286,1,9,0,16,2,5,0,0,2,0,7,11,1,1,2,1,28,6,-1,-1,-1,-1,7,1,E01022503,0
Unvalidated,2024430013335,2024,430013335,1,9,0,9,8,6,0,5,0,0,0,0,4,1,6,1,30,6,-1,-1,-1,-1,-1,-1,-1,0
Unvalidated,2024430013337,2024,430013337,1,19,0,14,3,7,0,0,0,0,0,0,1,1,6,1,44,7,-1,-1,-1,-1,3,1,E01015761,0
Unvalidated,2024430013337,2024,430013337,2,21,0,2,0,0,0,0,0,0,0,0,2,1,6,1,-1,-1,-1,-1,-1,-1,-1,-1,-1,0
Unvalidated,2024430013459,2024,430013459,1,9,0,18,2,6,0,2,0,0,0,0,1,1,1,2,22,5,-1,-1,-1,-1,7,3,E01017643,0
Unvalidated,2024430013459,2024,430013459,2,9,0,3,2,6,0,2,0,0,0,0,2,1,2,2,42,7,-1,-1,-1,-1,-1,-1,-1,0
Unvalidated,2024430013459,2024,430013459,3,9,0,3,2,6,0,2,0,0,0,0,2,1,2,2,35,6,-1,-1,-1,-1,-1,-1,-1,0
Unvalidated,2024430013471,2024,430013471,1,3,0,18,5,1,0,0,1,0,0,0,2,1,2,1,65,9,-1,-1,-1,-1,10,2,E01028714,0
Unvalidated,2024430013499,2024,430013499,1,9,0,18,3,7,0,8,1,4,0,0,3,1,6,1,-1,-1,-1,-1,-1,-1,-1,-1,-1,0
Unvalidated,2024430013499,2024,430013499,2,19,0,2,0,0,9,1,0,0,0,0,4,1,6,1,-1,-1,-1,-1,-1,-1,-1,-1,-1,0
Unvalidated,2024430013627,2024,430013627,1,9,0,18,3,7,0,0,0,0,1,4,1,1,6,1,28,6,-1,-1,-1,-1,7,1,E01007582,0
Unvalidated,2024430013627,2024,430013627,2,21,0,18,3,7,0,0,0,0,0,0,2,1,1,1,51,8,-1,-1,-1,-1,7,1,E01025682,0
Unvalidated,2024430014410,2024,430014410,1,9,0,18,6,2,0,1,0,0,0,0,1,1,6,2,-1,-1,-1,-1,-1,-1,-1,-1,-1,0
Unvalidated,2024430014410,2024,430014410,2,9,0,2,0,0,0,1,0,0,1,0,2,1,6,3,-1,-1,-1,-1,-1,-1,-1,-1,-1,0
Unvalidated,2024430014422,2024,430014422,1,11,0,18,4,7,0,8,0,0,0,0,1,1,1,1,29,6,-1,-1,-1,-1,5,1,E01028556,0
Unvalidated,2024430014422,2024,430014422,2,9,0,18,4,7,0,8,0,0,0,0,2,1,6,3,48,8,-1,-1,-1,-1,3,1,E01016382,0
Unvalidated,2024430014544,2024,430014544,1,9,0,9,8,6,0,5,0,0,0,0,1,1,2,1,18,4,-1,-1,-1,-1,7,1,E01017705,0
Unvalidated,2024430014544,2024,430014544,2,9,0,18,4,8,0,8,0,0,1,1,1,1,6,1,29,6,-1,-1,-1,-1,6,1,E01027159,0
Unvalidated,2024430014561,2024,430014561,1,9,0,18,7,3,0,8,0,0,0,0,4,1,6,1,52,8,-1,-1,-1,-1,7,1,E01016417,0
Unvalidated,2024430014672,2024,430014672,1,9,0,14,6,2,0,0,0,0,0,0,1,1,6,1,58,9,-1,-1,-1,-1,5,1,E01017908,0
Unvalidated,2024430014672,2024,430014672,2,9,0,18,2,6,0,0,0,0,0,0,1,1,6,2,42,7,-1,-1,-1,-1,6,1,E01017911,0
Unvalidated,2024430015121,2024,430015121,1,19,0,18,4,8,0,0,0,0,1,0,1,1,1,1,33,6,-1,-1,-1,-1,10,1,E01015533,0
Unvalidated,2024430015121,2024,430015121,2,21,0,18,4,8,0,0,0,0,1,0,2,1,1,1,-1,-1,-1,-1,-1,-1,9,1,E01016237,0
Unvalidated,2024430015220,2024,430015220,1,9,0,18,2,6,0,0,0,0,0,0,1,1,2,2,31,6,-1,-1,-1,-1,10,1,E01028455,0
Unvalidated,2024430015220,2024,430015220,2,9,0,18,2,6,0,0,0,0,0,0,2,1,2,2,31,6,-1,-1,-1,-1,9,2,E01028425,0
Unvalidated,2024430015220,2024,430015220,3,9,0,18,2,6,0,0,0,0,0,0,2,1,2,2,45,7,-1,-1,-1,-1,5,1,E01028468,0
Unvalidated,2024430015267,2024,430015267,1,9,0,3,8,4,0,0,0,0,0,0,2,1,3,1,50,8,-1,-1,-1,-1,9,3,E01017842,0
Unvalidated,2024430015267,2024,430015267,2,9,0,4,8,4,0,0,0,0,0,0,2,1,3,2,21,5,-1,-1,-1,-1,9,1,E01017692,0
Unvalidated,2024430015267,2024,430015267,3,20,0,18,8,4,0,0,0,0,0,0,1,1,1,1,27,6,-1,-1,-1,-1,9,1,E01017935,0
Unvalidated,2024430015526,2024,430015526,1,9,0,9,6,4,0,5,0,0,0,0,1,1,2,1,25,5,-1,-1,-1,-1,9,3,E01028422,0
Unvalidated,2024430016029,2024,430016029,1,19,0,18,9,9,0,0,0,0,0,0,2,1,2,1,33,6,-1,-1,-1,-1,10,1,E01017882,0
Unvalidated,2024430016029,2024,430016029,2,9,0,18,9,9,0,0,0,0,0,0,1,1,6,3,-1,-1,-1,-1,-1,-1,-1,-1,-1,0
Unvalidated,2024430016174,2024,430016174,1,9,0,18,8,4,0,1,0,0,0,0,2,1,6,1,53,8,-1,-1,-1,-1,8,3,E01016610,0
Unvalidated,2024430016174,2024,430016174,2,9,0,18,8,4,0,1,0,0,0,0,1,1,6,1,35,6,-1,-1,-1,-1,-1,-1,-1,0
Unvalidated,2024430016556,2024,430016556,1,3,0,18,7,3,0,1,0,0,0,0,1,1,2,1,18,4,-1,-1,-1,-1,9,3,E01028784,0
Unvalidated,2024430016556,2024,430016556,2,9,0,9,1,7,0,6,0,0,0,0,1,1,2,1,31,6,-1,-1,-1,-1,8,1,E01028807,0
Unvalidated,2024430016814,2024,430016814,1,9,0,9,6,4,0,6,0,0,0,0,1,1,2,1,56,9,-1,-1,-1,-1,10,1,E01022537,0
Unvalidated,2024430016814,2024,430016814,2,9,0,9,2,8,0,6,0,0,0,0,3,1,6,2,-1,-1,-1,-1,-1,-1,-1,-1,-1,0
Unvalidated,2024430017174,2024,430017174,1,9,0,18,6,2,0,6,0,0,0,0,1,1,1,1,40,7,-1,-1,-1,-1,-1,-1,-1,0
Unvalidated,2024430017174,2024,430017174,2,9,0,18,4,8,0,8,0,0,0,0,1,1,6,2,72,10,-1,-1,-1,-1,9,3,E01017704,0
Unvalidated,2024430017314,2024,430017314,1,9,0,4,2,6,0,1,0,0,0,0,2,1,2,1,43,7,-1,-1,-1,-1,10,3,E01017728,0
Unvalidated,2024430017314,2024,430017314,2,97,0,18,2,6,0,1,0,0,0,0,1,1,6,1,30,6,-1,-1,-1,-1,-1,-1,-1,0
Unvalidated,2024430017405,2024,430017405,1,9,0,18,1,5,0,8,0,0,0,0,1,1,6,1,-1,-1,-1,-1,-1,-1,-1,-1,-1,0
Unvalidated,2024430017405,2024,430017405,2,9,0,18,4,8,0,8,0,0,4,1,3,1,6,1,71,10,-1,-1,-1,-1,4,1,E01016715,0
Unvalidated,2024430017541,2024,430017541,1,9,0,18,5,1,0,0,0,0,0,0,4,1,1,1,46,8,-1,-1,-1,-1,6,1,E01003100,0
Unvalidated,2024430018051,2024,430018051,1,9,4,16,6,1,0,0,0,0,0,0,3,1,6,1,33,6,-1,-1,-1,-1,6,1,E01001522,0
Unvalidated,2024430018051,2024,430018051,2,9,0,17,1,6,0,0,0,0,0,0,3,1,6,2,55,8,-1,-1,-1,-1,10,3,E01017703,0
Unvalidated,2024430018051,2024,430018051,3,9,0,17,1,6,0,0,0,0,0,0,3,1,6,1,35,6,-1,-1,-1,-1,10,3,E01028672,0
Unvalidated,2024430018661,2024,430018661,1,9,0,18,3,7,0,0,0,0,0,0,1,1,6,1,71,10,-1,-1,-1,-1,2,1,E01016806,0
Unvalidated,2024430019123,2024,430019123,1,9,0,1,6,2,0,0,0,0,0,10,2,1,6,2,86,11,-1,-1,-1,-1,10,1,E01016639,0
Unvalidated,2024430019284,2024,430019284,1,3,0,9,1,8,0,8,0,0,0,0,4,1,2,1,30,6,-1,-1,-1,-1,-1,-1,-1,0
Unvalidated,2024430019284,2024,430019284,2,9,0,18,5,1,0,4,0,0,0,0,1,1,6,1,35,6,-1,-1,-1,-1,9,1,E01017840,0
Unvalidated,2024430019320,2024,430019320,1,9,0,9,3,1,0,8,0,0,0,0,3,1,6,2,20,4,-1,-1,-1,-1,8,1,E01033501,0
Unvalidated,2024430019320,2024,430019320,2,4,0,18,1,5,0,8,0,0,0,0,1,1,6,1,58,9,-1,-1,-1,-1,2,1,E01016847,0
Unvalidated,2024430019942,2024,430019942,1,9,0,18,3,7,0,0,1,0,0,0,1,1,2,1,41,7,-1,-1,-1,-1,7,1,E01023351,0
Unvalidated,2024430019942,2024,430019942,2,9,0,18,3,7,0,0,1,0,0,0,2,1,6,1,59,9,-1,-1,-1,-1,4,1,E01000588,0
Unvalidated,2024430019942,2024,430019942,3,9,0,18,3,7,0,0,1,0,0,0,3,1,6,1,38,7,-1,-1,-1,-1,3,1,E01001242,0
Unvalidated,2024430019942,2024,430019942,4,9,0,18,3,7,0,0,1,0,0,0,1,1,1,2,49,8,-1,-1,-1,-1,4,1,E01003076,0
Unvalidated,2024430020437,2024,430020437,1,9,0,16,5,1,0,0,2,0,7,3,1,1,6,1,29,6,-1,-1,-1,-1,2,1,E01016741,0
Unvalidated,2024430020645,2024,430020645,1,9,0,8,3,5,0,1,0,0,0,0,2,1,6,2,37,7,-1,-1,-1,-1,5,1,E01017845,0
Unvalidated,2024430020645,2024,430020645,2,9,0,18,3,7,0,1,0,0,0,0,1,1,6,1,45,7,-1,-1,-1,-1,-1,-1,-1,0
Unvalidated,2024430021377,2024,430021377,1,19,0,18,4,8,0,0,0,0,0,0,4,1,6,1,-1,-1,-1,-1,-1,-1,-1,-1,-1,0
Unvalidated,2024430021409,2024,430021409,1,9,0,7,7,2,0,3,0,0,0,0,4,1,6,1,50,8,-1,-1,-1,-1,-1,-1,-1,0
Unvalidated,2024430021409,2024,430021409,2,9,0,18,7,3,0,8,0,0,0,0,3,1,6,2,49,8,-1,-1,-1,-1,-1,-1,-1,0
Unvalidated,2024430021413,2024,430021413,1,9,0,18,4,8,0,5,0,9,0,0,3,1,6,2,50,8,-1,-1,-1,-1,5,1,E01016279,0
Unvalidated,2024430021603,2024,430021603,1,9,0,18,6,2,0,0,0,0,0,0,1,1,6,2,56,9,-1,-1,-1,-1,7,3,E01028720,0
Unvalidated,2024430021603,2024,430021603,2,9,0,3,6,2,0,0,0,0,0,0,1,1,6,1,56,9,-1,-1,-1,-1,7,3,E01028720,0
Unvalidated,2024430021603,2024,430021603,3,90,0,18,2,5,0,0,0,0,0,0,0,1,1,3,-1,-1,-1,-1,-1,-1,-1,-1,-1,0
Unvalidated,2024430022348,2024,430022348,1,9,0,18,8,4,0,1,2,0,7,0,3,1,6,1,18,4,-1,-1,-1,-1,6,2,E01015587,0
Unvalidated,2024430022485,2024,430022485,1,9,0,17,7,4,0,0,1,10,2,2,0,1,6,1,38,7,-1,-1,-1,-1,10,1,E01016668,0
Unvalidated,2024430022630,2024,430022630,1,9,0,9,8,6,0,8,0,0,0,0,4,1,2,1,56,9,-1,-1,-1,-1,3,1,E01016373,0
Unvalidated,2024430022630,2024,430022630,2,3,0,18,4,8,0,8,1,0,0,0,1,1,2,1,64,9,-1,-1,-1,-1,5,1,E01016662,0
Unvalidated,2024430022973,2024,430022973,1,21,0,4,-1,-1,0,6,1,0,0,0,1,1,1,1,28,6,-1,-1,-1,-1,-1,-1,-1,0
Unvalidated,2024430022973,2024,430022973,2,9,0,18,6,2,0,8,0,0,7,0,1,1,1,2,44,7,-1,-1,-1,-1,6,3,E01017717,0
Unvalidated,2024430023232,2024,430023232,1,9,0,18,-1,-1,0,0,0,0,0,0,1,1,1,1,30,6,-1,-1,-1,-1,6,1,E01017698,0
Unvalidated,2024430023232,2024,430023232,2,9,0,4,-1,-1,0,0,0,0,0,0,2,1,1,1,38,7,-1,-1,-1,-1,-1,-1,-1,0
Unvalidated,2024430023232,2024,430023232,3,9,0,4,-1,-1,0,0,0,0,0,0,2,1,1,1,73,10,-1,-1,-1,-1,-1,-1,-1,0
Unvalidated,2024430024041,2024,430024041,1,9,0,17,6,3,0,0,0,0,0,0,1,1,6,1,42,7,-1,-1,-1,-1,9,3,E01030760,0
Unvalidated,2024430024041,2024,430024041,2,9,0,16,3,6,0,0,0,0,0,0,1,1,6,1,54,8,-1,-1,-1,-1,6,3,E01016328,0
Unvalidated,2024430024376,2024,430024376,1,1,0,18,2,6,0,8,0,0,0,0,3,1,2,1,26,6,-1,-1,-1,-1,5,1,E01016487,0
Unvalidated,2024430024376,2024,430024376,2,9,0,18,8,4,0,1,0,0,0,0,1,1,6,2,-1,-1,-1,-1,-1,-1,-1,-1,-1,0
Unvalidated,2024430024462,2024,430024462,1,9,0,9,8,5,0,6,0,0,7,3,1,1,6,2,33,6,-1,-1,-1,-1,10,2,E01017787,0
Unvalidated,2024430024466,2024,430024466,1,9,0,18,8,4,0,8,0,0,0,0,1,1,6,1,27,6,-1,-1,-1,-1,4,1,E01000591,0
Unvalidated,2024430024466,2024,430024466,2,1,0,18,2,6,0,8,0,0,0,0,3,1,6,1,74,10,-1,-1,-1,-1,10,1,E01033508,0
Unvalidated,2024430025327,2024,430025327,1,9,0,18,3,7,0,0,0,0,0,0,4,1,6,3,-1,-1,-1,-1,-1,-1,-1,-1,-1,0
Unvalidated,2024430025722,2024,430025722,1,9,0,18,8,4,0,1,0,0,0,0,4,1,6,3,-1,-1,-1,-1,-1,-1,-1,-1,-1,0
Unvalidated,2024430026154,2024,430026154,1,9,0,18,3,7,0,0,0,0,0,0,1,1,6,2,-1,-1,-1,-1,-1,-1,-1,-1,-1,0
Unvalidated,2024430026156,2024,430026156,1,9,0,3,8,4,0,8,0,0,0,0,2,1,6,2,56,9,-1,-1,-1,-1,5,1,E01017908,0
Unvalidated,2024430026156,2024,430026156,2,9,0,18,8,4,0,8,0,0,0,0,1,1,6,3,-1,-1,-1,-1,-1,-1,-1,-1,-1,0
Unvalidated,2024430026315,2024,430026315,1,9,0,7,2,4,0,8,0,0,0,0,3,1,3,1,34,6,-1,-1,-1,-1,10,1,E01032759,0
Unvalidated,2024430026315,2024,430026315,2,9,0,18,8,4,0,8,0,0,0,0,1,1,6,1,49,8,-1,-1,-1,-1,10,1,E01016646,0
Unvalidated,2024430026579,2024,430026579,1,9,0,16,1,4,0,0,0,0,0,0,4,1,6,2,-1,-1,-1,-1,-1,-1,-1,-1,-1,0
Unvalidated,2024430026893,2024,430026893,1,9,0,18,5,1,0,4,0,0,0,0,1,1,6,1,28,6,-1,-1,-1,-1,-1,-1,-1,0
Unvalidated,2024430026893,2024,430026893,2,3,0,9,1,7,0,3,0,0,0,0,4,1,2,1,25,5,-1,-1,-1,-1,10,1,E01028695,0
Unvalidated,2024430027147,2024,430027147,1,9,0,18,6,2,0,1,0,0,0,0,2,1,6,2,40,7,-1,-1,-1,-1,6,1,E01016574,0
Unvalidated,2024430027147,2024,430027147,2,9,0,18,6,2,0,1,0,0,0,0,1,1,6,1,-1,-1,-1,-1,-1,-1,-1,-1,-1,0
Unvalidated,2024430027263,2024,430027263,1,9,0,16,6,1,0,0,1,0,0,0,1,1,6,1,28,6,-1,-1,-1,-1,4,1,E01032961,0
Unvalidated,2024430027263,2024,430027263,2,9,0,17,1,6,0,0,0,0,0,0,1,1,6,2,43,7,-1,-1,-1,-1,10,1,E01028669,0
Unvalidated,2024430027272,2024,430027272,1,1,0,18,8,4,0,8,0,0,0,0,1,1,6,1,56,9,-1,-1,-1,-1,-1,-1,-1,0
Unvalidated,2024430027272,2024,430027272,2,9,0,9,6,4,0,6,0,0,0,0,1,1,6,2,-1,-1,-1,-1,-1,-1,-1,-1,-1,0
Unvalidated,2024430027777,2024,430027777,1,9,0,10,2,8,0,8,0,0,0,0,2,1,6,2,29,6,-1,-1,-1,-1,10,1,E01016708,0
Unvalidated,2024430027777,2024,430027777,2,9,0,18,2,6,0,8,0,0,0,0,1,1,6,1,29,6,-1,-1,-1,-1,6,3,E01022880,0
Unvalidated,2024430027892,2024,430027892,1,9,0,16,8,3,0,0,5,10,0,0,1,1,2,1,19,4,-1,-1,-1,-1,10,1,E01017820,0
Unvalidated,2024430027976,2024,430027976,1,9,0,3,9,9,0,1,0,0,0,0,2,1,2,1,32,6,-1,-1,-1,-1,3,1,E01017666,0
Unvalidated,2024430027976,2024,430027976,2,9,0,18,9,9,0,1,0,0,0,0,1,1,6,2,45,7,-1,-1,-1,-1,-1,-1,-1,0
Unvalidated,2024430027981,2024,430027981,1,9,0,18,3,7,0,0,0,0,0,0,4,1,6,2,80,11,-1,-1,-1,-1,-1,-1,-1,0
Unvalidated,2024430028095,2024,430028095,1,9,0,18,5,1,0,0,0,0,0,0,1,1,6,1,65,9,-1,-1,-1,-1,10,3,E01017630,0
Unvalidated,2024430028190,2024,430028190,1,9,0,9,6,4,0,3,0,0,0,0,1,1,2,1,21,5,-1,-1,-1,-1,10,1,E01017746,0
Unvalidated,2024430028431,2024,430028431,1,9,0,18,1,4,0,3,0,0,0,0,4,1,6,3,-1,-1,-1,-1,-1,-1,-1,-1,-1,0
Unvalidated,2024430028431,2024,430028431,2,9,0,18,1,4,0,3,0,0,0,0,3,1,6,2,60,9,-1,-1,-1,-1,3,1,E01028452,0
Unvalidated,2024430028721,2024,430028721,1,9,0,4,4,8,0,0,0,0,0,0,1,1,6,2,51,8,-1,-1,-1,-1,10,1,E01028465,0
Unvalidated,2024430028721,2024,430028721,2,9,0,3,4,8,0,0,0,0,0,0,2,1,6,2,29,6,-1,-1,-1,-1,10,1,E01028820,0
Unvalidated,2024430028939,2024,430028939,1,9,0,3,2,6,0,1,0,0,0,0,2,1,6,1,71,10,-1,-1,-1,-1,10,2,E01016695,0
Unvalidated,2024430028939,2024,430028939,2,9,0,18,2,6,0,1,0,0,0,0,1,1,6,1,-1,-1,-1,-1,-1,-1,-1,-1,-1,0
Unvalidated,2024430028947,2024,430028947,1,5,0,13,6,2,0,0,0,0,0,0,1,1,2,1,18,4,-1,-1,-1,-1,6,3,E01032959,0
Unvalidated,2024430028947,2024,430028947,2,8,0,12,6,2,0,0,0,0,0,0,3,1,1,2,42,7,-1,-1,-1,-1,7,1,E01017839,0
Unvalidated,2024430028947,2024,430028947,3,10,0,3,6,2,0,0,0,0,0,0,2,1,1,1,50,8,-1,-1,-1,-1,-1,-1,-1,0
Unvalidated,2024430029071,2024,430029071,1,19,0,9,2,8,0,2,0,0,0,0,1,1,6,1,64,9,-1,-1,-1,-1,9,1,E01032710,0
Unvalidated,2024430029341,2024,430029341,1,9,0,16,6,1,0,0,1,0,0,0,4,1,6,1,17,4,-1,-1,-1,-1,-1,-1,-1,0
Unvalidated,2024430029355,2024,430029355,1,9,0,18,8,4,0,8,0,0,0,0,1,1,6,1,-1,-1,-1,-1,-1,-1,-1,-1,-1,0
Unvalidated,2024430029355,2024,430029355,2,9,0,3,8,4,0,8,0,0,0,0,2,1,6,2,43,7,-1,-1,-1,-1,8,3,E01016760,0
Unvalidated,2024430029359,2024,430029359,1,9,0,18,1,5,0,8,0,0,0,0,4,1,6,1,54,8,-1,-1,-1,-1,7,3,E01028484,0
Unvalidated,2024430029359,2024,430029359,2,1,0,18,1,5,0,8,0,0,0,0,3,1,6,1,62,9,-1,-1,-1,-1,-1,-1,-1,0
Unvalidated,2024430029369,2024,430029369,1,9,0,3,8,4,0,1,0,0,0,0,2,1,6,1,43,7,-1,-1,-1,-1,6,1,E01002433,0
Unvalidated,2024430029369,2024,430029369,2,9,0,18,8,4,0,1,0,0,0,0,1,1,6,1,-1,-1,-1,-1,-1,-1,-1,-1,-1,0
Unvalidated,2024430029837,2024,430029837,1,9,0,18,5,1,0,4,5,9,0,11,1,1,6,1,33,6,-1,-1,-1,-1,2,1,E01028450,0
Unvalidated,2024430030164,2024,430030164,1,9,0,18,8,4,0,0,0,0,0,0,1,1,6,2,38,7,-1,-1,-1,-1,6,1,E01017791,0
Unvalidated,2024430030164,2024,430030164,2,9,0,18,4,8,0,0,0,0,0,0,1,1,6,1,74,10,-1,-1,-1,-1,-1,-1,-1,0
Unvalidated,2024430030500,2024,430030500,1,9,0,9,3,1,0,1,0,0,0,0,0,1,6,1,62,9,-1,-1,-1,-1,-1,-1,-1,0
Unvalidated,2024430030500,2024,430030500,2,1,0,18,7,3,4,8,0,0,0,0,3,1,6,1,32,6,-1,-1,-1,-1,6,1,E01028550,0
Unvalidated,2024430030587,2024,430030587,1,1,0,18,5,1,0,8,0,0,0,0,1,1,6,3,-1,-1,-1,-1,-1,-1,-1,-1,-1,0
Unvalidated,2024430030587,2024,430030587,2,19,0,18,7,3,0,8,0,0,0,0,3,1,1,1,24,5,-1,-1,-1,-1,-1,-1,-1,0
Unvalidated,2024430030607,2024,430030607,1,9,0,18,4,8,0,1,0,0,0,0,1,1,6,1,19,4,-1,-1,-1,-1,10,1,E01017882,0
Unvalidated,2024430030607,2024,430030607,2,9,0,10,4,2,0,1,0,0,0,0,2,1,6,1,40,7,-1,-1,-1,-1,8,1,E01016186,0
Unvalidated,2024430030607,2024,430030607,3,9,0,18,8,4,0,1,0,0,0,0,1,1,6,1,43,7,-1,-1,-1,-1,10,1,E01017764,0
Unvalidated,2024430030866,2024,430030866,1,1,0,18,6,2,0,8,0,0,0,0,4,1,6,1,23,5,-1,-1,-1,-1,2,1,E01016726,0
Unvalidated,2024430030866,2024,430030866,2,9,0,16,1,3,0,8,0,0,0,0,1,9,6,1,-1,-1,-1,-1,-1,-1,-1,-1,-1,0
Unvalidated,2024430031145,2024,430031145,1,9,0,9,8,6,0,5,1,0,1,7,1,1,6,3,-1,-1,-1,-1,-1,-1,-1,-1,-1,0
Unvalidated,2024430031145,2024,430031145,2,9,0,18,8,4,0,1,0,0,0,0,0,1,1,1,-1,-1,-1,-1,-1,-1,7,1,E01033500,0
Unvalidated,2024430031743,2024,430031743,1,9,0,17,2,4,0,8,0,0,0,0,1,1,3,2,35,6,-1,-1,-1,-1,7,1,E01017909,0
Unvalidated,2024430031743,2024,430031743,2,19,0,18,8,4,0,6,0,0,0,0,1,1,1,1,-1,-1,-1,-1,-1,-1,-1,-1,-1,0
Unvalidated,2024430031840,2024,430031840,1,9,0,9,2,8,0,3,0,0,0,0,1,1,6,3,31,6,-1,-1,-1,-1,10,1,E01016316,0
Unvalidated,2024430032169,2024,430032169,1,9,0,18,5,1,0,1,0,0,1,4,1,1,6,1,33,6,-1,-1,-1,-1,6,1,E01028586,0
Unvalidated,2024430033535,2024,430033535,1,9,0,9,5,3,0,2,0,0,0,0,1,1,6,2,56,9,-1,-1,-1,-1,10,1,E01028475,0
Unvalidated,2024430033684,2024,430033684,1,9,0,10,4,2,0,1,0,0,0,0,1,1,3,2,40,7,-1,-1,-1,-1,9,2,E01017825,0
Unvalidated,2024430033684,2024,430033684,2,97,0,13,8,4,0,8,0,0,0,0,1,1,6,1,-1,-1,-1,-1,-1,-1,-1,-1,-1,0
Unvalidated,2024430034113,2024,430034113,1,19,0,18,8,4,0,0,0,0,0,0,1,1,6,1,45,7,-1,-1,-1,-1,-1,-1,-1,0
Unvalidated,2024430034113,2024,430034113,2,9,0,4,8,4,0,0,0,0,0,0,2,1,3,2,32,6,-1,-1,-1,-1,10,2,E01028806,0
Unvalidated,2024430034113,2024,430034113,3,9,0,4,8,4,0,0,0,0,0,0,2,1,6,2,30,6,-1,-1,-1,-1,-1,-1,-1,0