status,collision_index,collision_year,collision_reference,vehicle_reference,vehicle_type,towing_and_articulation,vehicle_manoeuvre,vehicle_direction_from,vehicle_direction_to,vehicle_location_restricted_lane,junction_location,skidding_and_overturning,hit_object_in_carriageway,vehicle_leaving_carriageway,hit_object_off_carriageway,first_point_of_impact,vehicle_left_hand_drive,journey_purpose_of_driver,sex_of_driver,age_of_driver,age_band_of_driver,engine_capacity_cc,propulsion_code,age_of_vehicle,generic_make_model,driver_imd_decile,driver_home_area_type,lsoa_of_driver,escooter_flag
Unvalidated,2024430034233,2024,430034233,1,9,0,16,3,6,0,0,0,0,0,0,1,1,3,2,37,7,-1,-1,-1,-1,10,2,E01028789,0
Unvalidated,2024430034233,2024,430034233,2,9,0,17,6,3,0,0,0,0,0,0,1,1,2,2,27,6,-1,-1,-1,-1,8,1,E01032947,0
Unvalidated,2024430034313,2024,430034313,1,1,0,18,5,1,0,8,0,0,0,0,4,1,6,2,24,5,-1,-1,-1,-1,8,1,E01016418,0
Unvalidated,2024430034313,2024,430034313,2,9,0,18,8,4,0,4,0,0,0,0,1,1,6,2,-1,-1,-1,-1,-1,-1,-1,-1,-1,0
Unvalidated,2024430034478,2024,430034478,1,9,0,18,5,1,0,0,0,0,0,0,1,1,6,1,65,9,-1,-1,-1,-1,7,1,E01017860,0
Unvalidated,2024430034910,2024,430034910,1,9,0,3,2,6,0,0,0,0,0,0,1,1,1,2,50,8,-1,-1,-1,-1,-1,-1,-1,0
Unvalidated,2024430034910,2024,430034910,2,9,0,1,6,2,0,0,0,0,0,0,2,1,6,1,-1,-1,-1,-1,-1,-1,-1,-1,-1,0
Unvalidated,2024430034916,2024,430034916,1,9,0,1,4,8,0,0,1,0,0,0,1,1,6,2,68,10,-1,-1,-1,-1,7,1,E01028562,0
Unvalidated,2024430034916,2024,430034916,2,9,0,4,4,8,0,0,0,0,0,0,2,1,6,1,34,6,-1,-1,-1,-1,9,3,E01031147,0
Unvalidated,2024430034926,2024,430034926,1,9,0,18,6,2,0,0,0,0,0,0,1,1,6,2,-1,-1,-1,-1,-1,-1,-1,-1,-1,0
Unvalidated,2024430034946,2024,430034946,1,1,0,14,1,5,0,0,0,0,0,0,1,1,2,1,31,6,-1,-1,-1,-1,8,1,E01016403,0
Unvalidated,2024430034946,2024,430034946,2,9,0,2,0,0,0,0,0,0,0,0,3,1,6,1,-1,-1,-1,-1,-1,-1,-1,-1,-1,0
Unvalidated,2024430034961,2024,430034961,1,9,0,18,2,6,0,8,0,0,0,0,4,1,6,1,41,7,-1,-1,-1,-1,-1,-1,-1,0
Unvalidated,2024430034961,2024,430034961,2,9,0,12,2,6,0,8,0,0,0,0,3,1,6,3,-1,-1,-1,-1,-1,-1,-1,-1,-1,0
Unvalidated,2024430035181,2024,430035181,1,9,0,7,1,3,0,5,0,0,0,0,4,1,6,3,-1,-1,-1,-1,-1,-1,-1,-1,-1,0
Unvalidated,2024430035181,2024,430035181,2,22,0,18,1,5,0,1,0,0,0,0,1,1,6,2,49,8,-1,-1,-1,-1,10,1,E01028622,0
Unvalidated,2024430035369,2024,430035369,1,9,0,9,5,3,0,8,0,0,0,0,1,1,6,1,-1,-1,-1,-1,-1,-1,-1,-1,-1,0
Unvalidated,2024430035369,2024,430035369,2,1,0,18,1,5,0,8,0,0,0,0,1,1,6,2,35,6,-1,-1,-1,-1,3,1,E01028552,0
Unvalidated,2024430035637,2024,430035637,1,9,0,3,6,2,0,1,0,0,0,0,2,1,2,1,35,6,-1,-1,-1,-1,10,1,E01016188,0
Unvalidated,2024430035637,2024,430035637,2,9,0,18,6,2,0,1,0,0,0,0,1,1,6,2,44,7,-1,-1,-1,-1,7,1,E01016191,0
Unvalidated,2024430035745,2024,430035745,1,20,0,9,2,7,0,6,0,0,0,0,3,1,1,1,33,6,-1,-1,-1,-1,9,2,E01017759,0
Unvalidated,2024430035745,2024,430035745,2,1,0,18,7,3,0,1,0,0,0,0,1,1,6,1,45,7,-1,-1,-1,-1,-1,-1,-1,0
Unvalidated,2024430036013,2024,430036013,1,9,0,9,7,5,0,6,0,0,0,0,1,1,6,2,-1,-1,-1,-1,-1,-1,-1,-1,-1,0
Unvalidated,2024430036013,2024,430036013,2,1,0,18,1,5,0,1,0,0,0,0,3,1,1,1,22,5,-1,-1,-1,-1,-1,-1,-1,0
Unvalidated,2024430036583,2024,430036583,1,21,1,18,3,7,0,1,0,0,0,0,1,2,1,1,49,8,-1,-1,-1,-1,-1,-1,-1,0
Unvalidated,2024430036583,2024,430036583,2,9,0,3,3,7,0,1,0,0,0,0,2,1,6,1,44,7,-1,-1,-1,-1,7,3,E01017424,0
Unvalidated,2024430036863,2024,430036863,1,3,0,18,5,1,0,0,0,0,0,0,1,1,1,2,36,7,-1,-1,-1,-1,4,1,E01016357,0
Unvalidated,2024430036863,2024,430036863,2,9,0,1,1,5,0,0,0,0,0,0,2,1,6,3,-1,-1,-1,-1,-1,-1,-1,-1,-1,0
Unvalidated,2024430036864,2024,430036864,1,9,0,3,5,8,0,4,0,0,0,0,1,1,6,3,47,8,-1,-1,-1,-1,-1,-1,-1,0
Unvalidated,2024430036864,2024,430036864,2,1,0,18,5,8,0,4,0,0,0,0,1,1,2,2,28,6,-1,-1,-1,-1,8,1,E01028547,0
Unvalidated,2024430037275,2024,430037275,1,1,0,18,7,3,0,8,0,0,0,0,2,1,6,1,45,7,-1,-1,-1,-1,4,1,E01016357,0
Unvalidated,2024430037275,2024,430037275,2,9,0,18,1,5,0,4,0,0,0,0,1,1,6,1,-1,-1,-1,-1,-1,-1,-1,-1,-1,0
Unvalidated,2024430037288,2024,430037288,1,97,0,18,3,7,0,8,0,0,0,0,4,1,1,1,23,5,-1,-1,-1,-1,-1,-1,-1,0
Unvalidated,2024430037288,2024,430037288,2,9,0,18,5,1,0,4,0,0,0,0,1,1,6,3,-1,-1,-1,-1,-1,-1,-1,-1,-1,0
Unvalidated,2024430037392,2024,430037392,1,9,0,9,8,6,0,8,0,0,0,0,3,1,6,1,50,8,-1,-1,-1,-1,8,3,E01017670,0
Unvalidated,2024430037392,2024,430037392,2,19,0,18,6,2,0,8,0,0,7,0,1,1,1,1,28,6,-1,-1,-1,-1,9,1,E01033193,0
Unvalidated,2024430037480,2024,430037480,1,9,0,14,4,8,0,0,0,4,0,0,1,1,3,2,27,6,-1,-1,-1,-1,2,1,E01017709,0
Unvalidated,2024430037480,2024,430037480,2,9,0,2,0,0,0,0,0,0,0,0,2,1,6,3,-1,-1,-1,-1,-1,-1,-1,-1,-1,0
Unvalidated,2024430037480,2024,430037480,3,9,0,16,2,4,0,0,0,0,0,0,0,1,6,3,-1,-1,-1,-1,-1,-1,-1,-1,-1,0
Unvalidated,2024430037689,2024,430037689,1,3,0,13,2,6,0,8,0,0,7,0,4,1,2,1,23,5,-1,-1,-1,-1,-1,1,-1,0
Unvalidated,2024430037689,2024,430037689,2,9,0,9,2,8,0,5,0,0,0,0,1,1,3,2,34,6,-1,-1,-1,-1,4,3,E01016705,0
Unvalidated,2024430038240,2024,430038240,1,9,0,18,2,6,0,3,0,0,0,0,4,1,6,2,68,10,-1,-1,-1,-1,-1,-1,-1,0
Unvalidated,2024430038240,2024,430038240,2,9,0,18,4,8,0,8,0,0,0,0,0,1,6,3,-1,-1,-1,-1,-1,-1,-1,-1,-1,0
Unvalidated,2024430038486,2024,430038486,1,9,0,7,6,8,0,6,0,0,0,0,1,1,6,2,47,8,-1,-1,-1,-1,5,2,E01017856,0
Unvalidated,2024430038486,2024,430038486,2,90,0,18,4,8,0,8,0,0,0,0,1,1,6,2,12,3,-1,-1,-1,-1,5,2,E01017856,1
Unvalidated,2024430038665,2024,430038665,1,9,0,7,8,2,0,5,0,0,0,0,4,1,6,3,-1,-1,-1,-1,-1,-1,-1,-1,-1,0
Unvalidated,2024430038669,2024,430038669,1,9,0,18,3,7,0,8,0,0,0,0,1,1,1,3,35,6,-1,-1,-1,-1,8,1,E01017833,0
Unvalidated,2024430038669,2024,430038669,2,1,0,18,1,5,0,8,0,0,0,0,4,1,6,1,53,8,-1,-1,-1,-1,8,1,E01016549,0
Unvalidated,2024430038719,2024,430038719,1,9,0,7,3,5,0,1,0,0,0,0,2,1,2,1,50,8,-1,-1,-1,-1,3,1,E01016475,0
Unvalidated,2024430038719,2024,430038719,2,11,0,18,3,7,0,1,0,0,0,0,1,1,6,1,-1,-1,-1,-1,-1,-1,-1,-1,-1,0
Unvalidated,2024430039079,2024,430039079,1,9,0,2,0,0,0,0,0,0,0,0,4,1,6,2,45,7,-1,-1,-1,-1,8,3,E01017766,0
Unvalidated,2024430039079,2024,430039079,2,9,0,18,2,6,0,0,0,8,0,0,4,1,6,1,62,9,-1,-1,-1,-1,-1,-1,-1,0
Unvalidated,2024430039094,2024,430039094,1,9,0,18,3,7,0,0,0,0,0,0,4,1,6,3,-1,-1,-1,-1,-1,-1,-1,-1,-1,0
Unvalidated,2024430039181,2024,430039181,1,9,0,18,3,7,0,1,0,0,0,0,3,1,3,2,50,8,-1,-1,-1,-1,4,1,E01016516,0
Unvalidated,2024430039181,2024,430039181,2,9,0,18,7,3,0,2,0,0,0,0,3,1,6,1,57,9,-1,-1,-1,-1,4,1,E01016521,0
Unvalidated,2024430039333,2024,430039333,1,9,0,18,6,2,0,0,0,0,0,0,1,1,6,1,60,9,-1,-1,-1,-1,-1,-1,-1,0
Unvalidated,2024430039637,2024,430039637,1,9,0,10,4,2,0,1,0,0,0,0,2,1,2,1,55,8,-1,-1,-1,-1,7,1,E01017646,0
Unvalidated,2024430039637,2024,430039637,2,9,0,18,4,8,0,1,0,0,0,0,1,1,6,1,32,6,-1,-1,-1,-1,-1,-1,-1,0
Unvalidated,2024430039846,2024,430039846,1,9,0,18,5,1,0,0,0,0,0,0,1,1,6,1,87,11,-1,-1,-1,-1,5,1,E01016662,0
Unvalidated,2024430039846,2024,430039846,2,9,0,18,5,1,0,0,0,0,0,0,2,1,6,1,39,7,-1,-1,-1,-1,10,1,E01016634,0
Unvalidated,2024430039846,2024,430039846,3,9,0,18,5,1,0,0,0,0,0,0,2,1,6,1,19,4,-1,-1,-1,-1,10,1,E01016689,0
Unvalidated,2024430040251,2024,430040251,1,9,0,18,7,3,0,1,0,0,0,0,1,1,6,2,44,7,-1,-1,-1,-1,-1,-1,-1,0
Unvalidated,2024430040463,2024,430040463,1,9,0,18,2,6,0,0,0,0,0,0,4,1,6,2,-1,-1,-1,-1,-1,-1,-1,-1,-1,0
Unvalidated,2024430040727,2024,430040727,1,9,0,18,4,8,0,0,0,0,0,0,1,1,6,1,46,8,-1,-1,-1,-1,3,1,E01032582,0
Unvalidated,2024430040727,2024,430040727,2,21,0,4,4,8,0,0,0,0,0,0,2,1,1,1,61,9,-1,-1,-1,-1,7,1,E01007523,0
Unvalidated,2024430040847,2024,430040847,1,9,0,18,1,5,0,0,0,0,0,0,1,1,1,1,34,6,-1,-1,-1,-1,6,1,E01002928,0
Unvalidated,2024430040847,2024,430040847,2,9,0,2,0,0,0,0,0,0,0,0,1,1,6,2,-1,-1,-1,-1,-1,-1,-1,-1,-1,0
Unvalidated,2024430040847,2024,430040847,3,9,0,2,0,0,0,0,0,0,0,0,4,1,6,2,-1,-1,-1,-1,-1,-1,-1,-1,-1,0
Unvalidated,2024430041330,2024,430041330,1,9,0,18,5,1,0,3,0,0,0,0,1,1,6,1,27,6,-1,-1,-1,-1,6,2,E01033505,0
Unvalidated,2024430041330,2024,430041330,2,9,0,18,1,5,0,1,0,7,0,0,1,1,6,2,63,9,-1,-1,-1,-1,1,1,E01016810,0
Unvalidated,2024430041585,2024,430041585,1,9,0,18,8,4,0,0,0,0,0,0,1,1,6,3,-1,-1,-1,-1,-1,-1,-1,-1,-1,0
Unvalidated,2024430041585,2024,430041585,2,90,0,18,8,4,0,0,5,0,0,0,3,1,6,1,19,4,-1,-1,-1,-1,8,1,E01028531,1
Unvalidated,2024430041896,2024,430041896,1,9,0,4,1,5,0,0,0,0,0,0,2,1,6,1,25,5,-1,-1,-1,-1,5,1,E01001946,0
Unvalidated,2024430041896,2024,430041896,2,9,0,18,1,5,0,0,0,0,0,0,1,1,6,1,45,7,-1,-1,-1,-1,-1,-1,-1,0
Unvalidated,2024430042706,2024,430042706,1,9,0,18,5,1,0,0,0,0,0,0,4,1,6,3,-1,-1,-1,-1,-1,-1,-1,-1,-1,0
Unvalidated,2024430042796,2024,430042796,1,9,0,7,5,7,0,6,0,0,0,0,1,1,6,2,74,10,-1,-1,-1,-1,6,1,E01030801,0
Unvalidated,2024430042796,2024,430042796,2,9,0,18,3,7,0,8,0,0,0,0,3,1,6,1,89,11,-1,-1,-1,-1,3,1,E01016555,0
Unvalidated,2024430042796,2024,430042796,3,9,0,18,7,3,0,8,0,0,0,0,1,1,6,1,28,6,-1,-1,-1,-1,10,1,E01016701,0
Unvalidated,2024430042946,2024,430042946,1,9,0,18,2,6,0,3,0,0,0,0,1,1,6,1,32,6,-1,-1,-1,-1,-1,-1,-1,0
Unvalidated,2024430042946,2024,430042946,2,3,0,4,2,6,0,3,0,0,0,0,2,1,6,1,22,5,-1,-1,-1,-1,9,3,E01017641,0
Unvalidated,2024430043134,2024,430043134,1,9,0,18,1,5,0,1,0,0,0,0,1,1,6,1,83,11,-1,-1,-1,-1,5,1,E01016421,0
Unvalidated,2024430043134,2024,430043134,2,1,0,18,5,1,0,2,0,0,0,0,3,1,6,1,15,3,-1,-1,-1,-1,4,1,E01016391,0
Unvalidated,2024430043242,2024,430043242,1,9,0,3,6,2,0,1,0,0,0,0,2,1,6,2,46,8,-1,-1,-1,-1,10,1,E01022473,0
Unvalidated,2024430043242,2024,430043242,2,9,0,18,6,2,0,1,0,0,0,0,1,1,6,1,-1,-1,-1,-1,-1,-1,-1,-1,-1,0
Unvalidated,2024430043335,2024,430043335,1,9,0,18,6,2,0,1,0,0,0,0,1,1,6,1,20,4,-1,-1,-1,-1,10,2,E01028613,0
Unvalidated,2024430043335,2024,430043335,2,9,0,8,6,1,0,1,0,0,0,0,2,1,6,1,35,6,-1,-1,-1,-1,10,2,E01028613,0
Unvalidated,2024430043335,2024,430043335,3,19,0,10,8,6,0,1,0,0,0,0,1,1,6,1,-1,-1,-1,-1,-1,-1,-1,-1,-1,0
Unvalidated,2024430043346,2024,430043346,1,9,0,7,6,8,0,4,0,0,0,0,1,1,6,2,22,5,-1,-1,-1,-1,8,1,E01017688,0
Unvalidated,2024430043346,2024,430043346,2,9,0,9,2,8,0,8,1,0,3,10,4,1,6,1,26,6,-1,-1,-1,-1,3,1,E01017723,0
Unvalidated,2024430043653,2024,430043653,1,90,0,18,6,2,0,8,0,0,0,0,1,1,6,1,-1,-1,-1,-1,-1,-1,-1,-1,-1,1
Unvalidated,2024430043737,2024,430043737,1,9,0,7,4,6,0,6,0,0,7,11,4,1,1,1,56,9,-1,-1,-1,-1,10,2,E01017737,0
Unvalidated,2024430043737,2024,430043737,2,9,0,18,2,6,0,1,0,0,0,0,1,1,1,1,34,6,-1,-1,-1,-1,9,3,E01017672,0
Unvalidated,2024430043835,2024,430043835,1,10,0,18,2,1,0,0,0,0,7,0,3,1,2,2,32,6,-1,-1,-1,-1,9,2,E01028485,0
Unvalidated,2024430043835,2024,430043835,2,9,0,18,2,6,0,0,0,0,0,0,1,1,2,1,-1,-1,-1,-1,-1,-1,-1,-1,-1,0
Unvalidated,2024430044758,2024,430044758,1,9,0,3,2,6,0,3,0,0,0,0,4,1,6,2,29,6,-1,-1,-1,-1,-1,-1,-1,0
Unvalidated,2024430044758,2024,430044758,2,9,0,12,2,8,0,8,0,0,0,0,3,1,6,2,-1,-1,-1,-1,-1,-1,-1,-1,-1,0
Unvalidated,2024430044818,2024,430044818,1,97,0,14,7,3,0,0,0,0,0,0,1,1,1,1,30,6,-1,-1,-1,-1,-1,-1,-1,0
Unvalidated,2024430044818,2024,430044818,2,9,0,6,7,7,0,0,0,0,0,0,3,1,6,3,-1,-1,-1,-1,-1,-1,-1,-1,-1,0
Unvalidated,2024430044905,2024,430044905,1,3,0,6,4,4,0,0,0,0,0,0,3,1,6,1,50,8,-1,-1,-1,-1,-1,-1,-1,0
Unvalidated,2024430044905,2024,430044905,2,9,0,18,4,8,0,0,0,0,0,0,4,1,6,1,40,7,-1,-1,-1,-1,-1,-1,-1,0
Unvalidated,2024430044980,2024,430044980,1,1,0,18,4,8,0,0,0,0,0,0,1,1,6,1,-1,-1,-1,-1,-1,-1,-1,-1,-1,0
Unvalidated,2024430045124,2024,430045124,1,19,0,18,3,7,0,8,0,0,0,0,3,1,6,1,55,8,-1,-1,-1,-1,7,1,E01016470,0
Unvalidated,2024430045124,2024,430045124,2,9,0,18,1,5,0,6,0,0,0,0,1,1,6,1,-1,-1,-1,-1,-1,-1,-1,-1,-1,0
Unvalidated,2024430045542,2024,430045542,1,9,0,9,3,1,0,6,0,0,0,0,2,1,6,2,42,7,-1,-1,-1,-1,4,1,E01016485,0
Unvalidated,2024430045542,2024,430045542,2,9,0,18,5,1,0,8,0,0,0,0,1,1,6,1,-1,-1,-1,-1,-1,-1,-1,-1,-1,0
Unvalidated,2024430045774,2024,430045774,1,3,0,9,6,4,0,6,0,0,0,0,3,1,6,1,22,5,-1,-1,-1,-1,8,2,E01017788,0
Unvalidated,2024430045774,2024,430045774,2,9,0,18,4,8,0,8,0,0,0,0,1,1,6,2,33,6,-1,-1,-1,-1,10,1,E01017871,0
Unvalidated,2024430045806,2024,430045806,1,9,0,17,3,1,0,1,0,0,0,0,1,1,6,1,-1,-1,-1,-1,-1,-1,-1,-1,-1,0
Unvalidated,2024430046174,2024,430046174,1,19,0,9,8,6,0,1,0,0,0,0,1,1,6,1,30,6,-1,-1,-1,-1,-1,-1,-1,0
Unvalidated,2024430046174,2024,430046174,2,1,0,10,6,4,0,2,0,0,0,0,1,1,2,1,33,6,-1,-1,-1,-1,5,1,E01028530,0
Unvalidated,2024430046990,2024,430046990,1,9,0,9,8,6,0,8,0,0,0,0,4,1,6,1,67,10,-1,-1,-1,-1,9,1,E01033515,0
Unvalidated,2024430046990,2024,430046990,2,9,0,18,2,6,0,8,0,0,0,0,1,1,6,2,41,7,-1,-1,-1,-1,8,3,E01033519,0
Unvalidated,2024430047487,2024,430047487,1,9,0,7,3,6,0,3,0,0,0,0,4,1,6,2,45,7,-1,-1,-1,-1,-1,-1,-1,0
Unvalidated,2024430047487,2024,430047487,2,1,0,18,4,8,0,8,0,0,0,0,3,1,6,2,23,5,-1,-1,-1,-1,6,1,E01028575,0
Unvalidated,2024430047495,2024,430047495,1,9,0,2,0,0,0,1,0,0,0,0,4,1,6,2,39,7,-1,-1,-1,-1,8,1,E01016549,0
Unvalidated,2024430047495,2024,430047495,2,9,0,18,4,8,0,1,0,0,0,0,1,1,6,3,-1,-1,-1,-1,-1,-1,-1,-1,-1,0
Unvalidated,2024430047512,2024,430047512,1,9,0,18,2,6,0,4,0,0,0,0,3,1,2,1,31,6,-1,-1,-1,-1,5,1,E01028446,0
Unvalidated,2024430047512,2024,430047512,2,1,0,18,8,4,0,8,0,0,0,0,1,1,2,1,23,5,-1,-1,-1,-1,7,1,E01032943,0
Unvalidated,2024430047935,2024,430047935,1,17,0,18,6,2,0,0,0,0,0,0,3,1,1,1,-1,-1,-1,-1,-1,-1,-1,-1,-1,0
Unvalidated,2024430047935,2024,430047935,2,9,0,3,2,6,0,0,0,0,0,0,3,1,6,2,30,6,-1,-1,-1,-1,-1,-1,-1,0
Unvalidated,2024430047994,2024,430047994,1,21,0,1,5,3,0,1,0,0,0,0,4,1,1,1,29,6,-1,-1,-1,-1,10,2,E01028664,0
Unvalidated,2024430048536,2024,430048536,1,1,0,18,5,1,0,8,0,0,0,0,3,1,6,1,77,11,-1,-1,-1,-1,10,1,E01017739,0
Unvalidated,2024430048536,2024,430048536,2,9,0,18,3,7,0,6,0,0,0,0,1,1,6,1,50,8,-1,-1,-1,-1,-1,-1,-1,0
Unvalidated,2024430048616,2024,430048616,1,9,0,18,6,2,0,1,0,0,0,0,1,1,6,1,-1,-1,-1,-1,-1,-1,-1,-1,-1,0
Unvalidated,2024430048616,2024,430048616,2,9,0,3,6,2,0,1,0,0,0,0,2,1,6,2,37,7,-1,-1,-1,-1,6,1,E01016737,0
Unvalidated,2024430049582,2024,430049582,1,9,0,9,3,1,0,6,0,0,0,0,4,1,2,2,46,8,-1,-1,-1,-1,3,1,E01016449,0
Unvalidated,2024430049627,2024,430049627,1,9,0,18,1,5,0,1,0,0,0,0,1,1,6,2,25,5,-1,-1,-1,-1,10,1,E01016671,0
Unvalidated,2024430049745,2024,430049745,1,9,0,18,6,2,0,0,0,0,0,0,3,1,6,2,87,11,-1,-1,-1,-1,7,3,E01028612,0
Unvalidated,2024430049745,2024,430049745,2,9,0,18,2,6,0,0,0,0,0,0,3,1,6,2,48,8,-1,-1,-1,-1,10,3,E01028662,0
Unvalidated,2024430050247,2024,430050247,1,9,0,9,8,6,0,5,0,0,0,0,1,1,6,2,72,10,-1,-1,-1,-1,10,1,E01017939,0
Unvalidated,2024430050247,2024,430050247,2,4,0,18,4,8,0,8,0,0,0,0,1,1,6,1,25,5,-1,-1,-1,-1,5,1,E01017867,0
Unvalidated,2024430050579,2024,430050579,1,9,0,18,1,5,0,0,0,0,0,0,1,1,3,2,30,6,-1,-1,-1,-1,7,1,E01032728,0
Unvalidated,2024430050732,2024,430050732,1,9,0,9,4,2,0,6,0,0,0,0,3,1,6,1,85,11,-1,-1,-1,-1,10,2,E01028782,0
Unvalidated,2024430050732,2024,430050732,2,3,0,18,2,6,0,8,0,0,0,0,1,1,2,1,18,4,-1,-1,-1,-1,10,2,E01028782,0
Unvalidated,2024430050756,2024,430050756,1,1,0,18,7,3,0,8,0,0,0,0,3,1,2,1,40,7,-1,-1,-1,-1,7,1,E01016341,0
Unvalidated,2024430050756,2024,430050756,2,9,0,9,3,1,0,5,0,0,0,0,1,1,6,2,-1,-1,-1,-1,-1,-1,-1,-1,-1,0
Unvalidated,2024430050764,2024,430050764,1,9,0,14,1,5,0,8,0,0,0,0,1,1,2,1,45,7,-1,-1,-1,-1,10,3,E01028736,0
Unvalidated,2024430050764,2024,430050764,2,1,0,18,7,3,0,8,0,0,0,0,4,1,2,1,69,10,-1,-1,-1,-1,9,1,E01033282,0
Unvalidated,2024430050855,2024,430050855,1,9,0,9,3,1,0,5,0,0,0,0,1,1,6,2,-1,-1,-1,-1,-1,-1,-1,-1,-1,0
Unvalidated,2024430050855,2024,430050855,2,1,0,18,7,3,4,8,0,0,0,0,1,1,3,2,41,7,-1,-1,-1,-1,9,1,E01028534,0
Unvalidated,2024430050902,2024,430050902,1,9,0,18,4,8,0,0,0,0,4,6,2,1,6,1,33,6,-1,-1,-1,-1,6,1,E01016477,0
Unvalidated,2024430051482,2024,430051482,1,19,0,18,6,2,0,0,0,0,0,0,0,1,6,3,-1,-1,-1,-1,-1,-1,5,1,E01016390,0
Unvalidated,2024430051482,2024,430051482,2,9,0,18,6,2,0,0,0,0,0,0,3,1,1,2,58,9,-1,-1,-1,-1,6,1,E01016434,0
Unvalidated,2024430051482,2024,430051482,3,9,0,18,6,2,0,0,0,0,0,0,4,1,6,1,27,6,-1,-1,-1,-1,9,1,W01001949,0
Unvalidated,2024430052202,2024,430052202,1,9,0,18,7,3,0,0,0,0,0,0,1,1,3,1,54,8,-1,-1,-1,-1,8,2,E01017736,0
Unvalidated,2024430052331,2024,430052331,1,5,0,18,2,6,0,0,0,0,0,0,1,1,6,1,50,8,-1,-1,-1,-1,-1,-1,-1,0
Unvalidated,2024430052331,2024,430052331,2,9,0,2,0,0,0,0,0,0,0,0,2,1,6,1,-1,-1,-1,-1,-1,-1,-1,-1,-1,0
Unvalidated,2024430052662,2024,430052662,1,9,0,9,4,2,0,5,0,0,0,0,3,1,6,2,-1,-1,-1,-1,-1,-1,10,2,E01016267,0
Unvalidated,2024430052956,2024,430052956,1,9,0,5,3,7,9,6,0,0,0,0,1,1,6,3,-1,-1,-1,-1,-1,-1,-1,-1,-1,0
Unvalidated,2024430052972,2024,430052972,1,9,0,18,2,6,0,6,0,0,3,11,1,1,6,1,76,11,-1,-1,-1,-1,3,1,E01017857,0
Unvalidated,2024430052993,2024,430052993,1,9,0,9,1,7,0,4,0,0,0,0,1,1,2,2,19,4,-1,-1,-1,-1,7,1,E01016383,0
Unvalidated,2024430052993,2024,430052993,2,1,0,18,3,7,0,4,0,0,0,0,3,1,4,2,10,2,-1,-1,-1,-1,3,1,E01016381,0
Unvalidated,2024430053204,2024,430053204,1,9,0,18,3,7,0,0,0,10,1,0,1,1,6,2,40,7,-1,-1,-1,-1,-1,-1,-1,0
Unvalidated,2024430053204,2024,430053204,2,9,0,2,0,0,0,0,0,0,0,11,2,1,6,3,-1,-1,-1,-1,-1,-1,-1,-1,-1,0
Unvalidated,2024430053204,2024,430053204,3,9,0,2,0,0,0,0,0,0,0,11,1,1,6,3,-1,-1,-1,-1,-1,-1,-1,-1,-1,0
Unvalidated,2024430053209,2024,430053209,1,21,0,18,2,6,0,0,0,0,0,0,1,1,1,1,-1,-1,-1,-1,-1,-1,-1,-1,-1,0
Unvalidated,2024430053209,2024,430053209,2,9,0,18,2,6,0,0,0,0,0,0,2,1,2,2,47,8,-1,-1,-1,-1,8,1,E01028571,0
Unvalidated,2024430053467,2024,430053467,1,9,0,18,6,2,0,8,0,0,0,0,1,1,6,2,25,5,-1,-1,-1,-1,10,1,E01016246,0
Unvalidated,2024430053467,2024,430053467,2,9,0,9,8,6,0,6,0,0,0,0,3,1,6,2,17,4,-1,-1,-1,-1,10,1,E01030770,0
Unvalidated,2024430053859,2024,430053859,1,9,0,18,5,1,0,6,0,0,0,0,1,1,6,2,51,8,-1,-1,-1,-1,8,3,E01028796,0
Unvalidated,2024430053859,2024,430053859,2,9,0,18,3,7,0,8,0,0,1,11,1,1,6,1,70,10,-1,-1,-1,-1,10,3,E01028423,0
Unvalidated,2024430054142,2024,430054142,1,9,0,18,2,6,0,0,0,0,0,0,4,1,6,1,-1,-1,-1,-1,-1,-1,-1,-1,-1,0
Unvalidated,2024430054151,2024,430054151,1,9,0,10,5,3,0,0,0,0,0,0,3,1,6,1,65,9,-1,-1,-1,-1,9,2,E01016620,0
Unvalidated,2024430054151,2024,430054151,2,9,0,1,3,7,0,0,0,0,0,0,2,1,6,1,-1,-1,-1,-1,-1,-1,-1,-1,-1,0
Unvalidated,2024430054470,2024,430054470,1,9,0,18,2,6,0,0,1,6,1,0,4,1,6,1,31,6,-1,-1,-1,-1,-1,-1,-1,0
Unvalidated,2024430054904,2024,430054904,1,4,0,18,1,5,0,1,0,0,0,0,1,1,6,1,31,6,-1,-1,-1,-1,7,3,E01028501,0
Unvalidated,2024430054904,2024,430054904,2,4,0,18,1,5,0,1,0,0,0,0,2,1,6,1,35,6,-1,-1,-1,-1,7,3,E01028501,0
Unvalidated,2024430055120,2024,430055120,1,4,0,18,4,8,0,8,0,0,0,0,1,1,6,1,66,10,-1,-1,-1,-1,5,1,E01016226,0
Unvalidated,2024430055120,2024,430055120,2,9,0,9,8,6,0,5,0,0,0,0,4,1,6,3,-1,-1,-1,-1,-1,-1,-1,-1,-1,0
Unvalidated,2024430055896,2024,430055896,1,8,0,18,3,7,0,0,1,0,0,0,1,1,6,1,22,5,-1,-1,-1,-1,4,1,E01016439,0
Unvalidated,2024430055896,2024,430055896,2,8,0,18,3,7,0,0,0,0,1,7,2,1,6,1,50,8,-1,-1,-1,-1,10,1,E01023851,0
Unvalidated,2024430055896,2024,430055896,3,19,0,18,3,7,0,0,0,0,0,0,2,1,6,1,29,6,-1,-1,-1,-1,8,1,E01002181,0
Unvalidated,2024430055896,2024,430055896,4,8,0,18,3,7,0,0,0,0,0,0,2,1,6,1,25,5,-1,-1,-1,-1,2,1,E01016458,0
Unvalidated,2024430055927,2024,430055927,1,1,0,18,2,6,0,1,0,0,0,0,1,1,4,1,13,3,-1,-1,-1,-1,3,1,E01028516,0