status,collision_index,collision_year,collision_reference,vehicle_reference,vehicle_type,towing_and_articulation,vehicle_manoeuvre,vehicle_direction_from,vehicle_direction_to,vehicle_location_restricted_lane,junction_location,skidding_and_overturning,hit_object_in_carriageway,vehicle_leaving_carriageway,hit_object_off_carriageway,first_point_of_impact,vehicle_left_hand_drive,journey_purpose_of_driver,sex_of_driver,age_of_driver,age_band_of_driver,engine_capacity_cc,propulsion_code,age_of_vehicle,generic_make_model,driver_imd_decile,driver_home_area_type,lsoa_of_driver,escooter_flag
Unvalidated,2024430055927,2024,430055927,2,9,0,16,2,4,0,1,0,0,0,0,4,1,1,1,40,7,-1,-1,-1,-1,7,3,E01017878,0
Unvalidated,2024430055942,2024,430055942,1,9,0,9,8,6,0,5,0,0,0,0,3,1,2,1,32,6,-1,-1,-1,-1,5,1,E01032716,0
Unvalidated,2024430055942,2024,430055942,2,9,0,18,4,8,0,8,0,0,0,0,1,1,2,2,56,9,-1,-1,-1,-1,8,3,E01028603,0
Unvalidated,2024430056070,2024,430056070,1,9,0,13,4,8,0,0,0,0,7,0,3,1,6,1,44,7,-1,-1,-1,-1,2,1,E01007968,0
Unvalidated,2024430056070,2024,430056070,2,5,0,13,4,8,0,0,1,0,0,0,1,1,6,1,37,7,-1,-1,-1,-1,9,1,E01033193,0
Unvalidated,2024430057203,2024,430057203,1,19,0,18,1,5,0,0,0,0,5,6,1,1,1,1,30,6,-1,-1,-1,-1,1,1,E01001364,0
Unvalidated,2024430057203,2024,430057203,2,21,0,18,1,5,0,0,0,0,0,0,1,1,1,1,49,8,-1,-1,-1,-1,10,2,E01024344,0
Unvalidated,2024430057203,2024,430057203,3,21,0,18,1,5,0,0,0,0,0,0,3,1,1,1,40,7,-1,-1,-1,-1,9,2,E01020664,0
Unvalidated,2024430057313,2024,430057313,1,9,0,18,2,6,0,1,0,0,0,0,1,1,6,2,60,9,-1,-1,-1,-1,-1,-1,-1,0
Unvalidated,2024430057313,2024,430057313,2,9,0,3,2,6,0,1,0,0,0,0,2,1,6,1,47,8,-1,-1,-1,-1,7,1,E01016783,0
Unvalidated,2024430057326,2024,430057326,1,11,0,18,6,2,0,1,0,0,0,0,1,1,1,1,48,8,-1,-1,-1,-1,5,1,E01016416,0
Unvalidated,2024430057326,2024,430057326,2,2,0,18,6,2,0,4,0,0,0,0,2,1,2,1,24,5,-1,-1,-1,-1,3,1,E01033421,0
Unvalidated,2024430057672,2024,430057672,1,9,0,18,6,2,0,2,0,0,0,0,1,1,6,3,-1,-1,-1,-1,-1,-1,-1,-1,-1,0
Unvalidated,2024430057927,2024,430057927,1,9,0,18,5,1,0,0,0,0,0,0,1,1,6,1,75,10,-1,-1,-1,-1,3,1,E01004645,0
Unvalidated,2024430057927,2024,430057927,2,9,0,3,5,1,0,0,0,0,0,0,2,1,6,1,65,9,-1,-1,-1,-1,10,1,E01016622,0
Unvalidated,2024430057927,2024,430057927,3,19,0,3,5,1,0,0,0,0,0,0,2,1,2,1,42,7,-1,-1,-1,-1,7,3,E01016213,0
Unvalidated,2024430058062,2024,430058062,1,9,0,9,3,1,0,6,0,0,1,1,1,1,6,2,21,5,-1,-1,-1,-1,2,1,E01016415,0
Unvalidated,2024430059355,2024,430059355,1,9,0,17,7,4,0,0,1,0,1,4,1,1,2,1,28,6,-1,-1,-1,-1,4,1,E01000621,0
Unvalidated,2024430059707,2024,430059707,1,9,0,4,8,4,0,1,0,0,0,0,2,1,1,1,49,8,-1,-1,-1,-1,8,1,E01016403,0
Unvalidated,2024430059707,2024,430059707,2,9,0,18,8,4,0,1,0,0,0,0,1,1,1,1,51,8,-1,-1,-1,-1,7,1,E01016402,0
Unvalidated,2024430060495,2024,430060495,1,1,0,18,5,1,9,8,0,0,0,0,1,1,2,1,24,5,-1,-1,-1,-1,4,1,E01016439,0
Unvalidated,2024430060495,2024,430060495,2,10,0,18,3,7,0,6,0,0,0,0,4,1,6,1,-1,-1,-1,-1,-1,-1,-1,-1,-1,0
Unvalidated,2024430060634,2024,430060634,1,19,0,9,4,2,0,6,0,0,0,0,2,1,1,1,43,7,-1,-1,-1,-1,10,1,E01028707,0
Unvalidated,2024430060634,2024,430060634,2,19,0,18,2,6,0,1,0,0,1,9,3,1,1,1,22,5,-1,-1,-1,-1,6,1,E01028813,0
Unvalidated,2024430060722,2024,430060722,1,9,0,18,2,6,0,0,0,0,0,0,1,1,6,1,-1,-1,-1,-1,-1,-1,-1,-1,-1,0
Unvalidated,2024430060722,2024,430060722,2,1,0,18,8,4,0,0,0,0,0,0,3,1,6,1,17,4,-1,-1,-1,-1,4,1,E01017708,0
Unvalidated,2024430060891,2024,430060891,1,9,0,18,8,4,4,1,0,0,0,0,1,1,6,1,60,9,-1,-1,-1,-1,9,1,E01000001,0
Unvalidated,2024430060891,2024,430060891,2,1,0,3,8,4,4,1,0,0,0,0,2,1,2,2,23,5,-1,-1,-1,-1,7,1,E01028521,0
Unvalidated,2024430060924,2024,430060924,1,9,0,9,5,3,0,6,0,0,0,0,1,1,6,1,30,6,-1,-1,-1,-1,-1,-1,-1,0
Unvalidated,2024430060924,2024,430060924,2,1,0,18,3,7,0,8,0,0,0,0,1,1,2,2,25,5,-1,-1,-1,-1,6,1,E01028550,0
Unvalidated,2024430061024,2024,430061024,1,9,0,9,6,4,0,6,2,0,0,0,3,1,6,1,18,4,-1,-1,-1,-1,7,1,E01016402,0
Unvalidated,2024430061024,2024,430061024,2,9,0,18,4,8,0,8,1,0,0,0,1,1,6,2,-1,-1,-1,-1,-1,-1,10,2,E01028685,0
Unvalidated,2024430061348,2024,430061348,1,1,0,9,3,1,0,3,0,0,0,0,4,1,2,2,56,9,-1,-1,-1,-1,10,2,E01028645,0
Unvalidated,2024430061348,2024,430061348,2,9,0,18,5,1,2,3,0,0,0,0,3,1,6,3,-1,-1,-1,-1,-1,-1,-1,-1,-1,0
Unvalidated,2024430061485,2024,430061485,1,9,0,9,8,6,0,8,0,0,0,0,4,1,6,1,81,11,-1,-1,-1,-1,3,1,E01016738,0
Unvalidated,2024430061485,2024,430061485,2,9,0,18,4,8,0,8,0,0,0,0,1,1,6,2,61,9,-1,-1,-1,-1,8,1,E01016757,0
Unvalidated,2024430061527,2024,430061527,1,9,0,18,7,3,0,0,0,0,0,0,1,1,3,1,52,8,-1,-1,-1,-1,10,1,E01016700,0
Unvalidated,2024430061708,2024,430061708,1,9,0,18,2,6,0,0,1,0,1,9,2,1,6,1,63,9,-1,-1,-1,-1,3,1,E01015503,0
Unvalidated,2024430061708,2024,430061708,2,9,0,18,2,6,0,0,0,0,0,0,0,1,6,1,-1,-1,-1,-1,-1,-1,-1,-1,-1,0
Unvalidated,2024430061708,2024,430061708,3,19,0,18,2,6,0,0,0,0,0,0,1,1,6,1,-1,-1,-1,-1,-1,-1,-1,-1,-1,0
Unvalidated,2024430061738,2024,430061738,1,9,0,9,2,8,0,8,0,0,0,0,3,1,6,1,-1,-1,-1,-1,-1,-1,-1,-1,-1,0
Unvalidated,2024430061738,2024,430061738,2,8,0,18,2,6,0,8,0,0,0,0,4,1,1,1,44,7,-1,-1,-1,-1,9,1,E01033503,0
Unvalidated,2024430061910,2024,430061910,1,9,0,18,4,8,0,0,1,0,6,6,3,1,6,1,47,8,-1,-1,-1,-1,10,1,E01022505,0
Unvalidated,2024430061910,2024,430061910,2,9,0,18,8,4,0,0,0,0,0,0,3,1,6,1,46,8,-1,-1,-1,-1,9,3,E01016683,0
Unvalidated,2024430062351,2024,430062351,1,9,0,18,8,4,0,0,0,0,0,0,1,1,6,3,-1,-1,-1,-1,-1,-1,-1,-1,-1,0
Unvalidated,2024430062604,2024,430062604,1,3,0,18,1,5,0,0,0,0,0,0,4,1,6,1,19,4,-1,-1,-1,-1,8,3,E01016690,0
Unvalidated,2024430063160,2024,430063160,1,9,0,18,7,3,0,0,0,0,0,0,3,1,2,1,48,8,-1,-1,-1,-1,6,1,E01017795,0
Unvalidated,2024430063160,2024,430063160,2,9,0,18,3,7,0,0,0,0,0,0,3,1,6,1,-1,-1,-1,-1,-1,-1,-1,-1,-1,0
Unvalidated,2024430063395,2024,430063395,1,9,0,18,2,6,0,0,0,0,0,0,3,1,6,1,-1,-1,-1,-1,-1,-1,-1,-1,-1,0
Unvalidated,2024430063608,2024,430063608,1,9,0,18,7,3,0,1,0,0,0,0,1,1,6,1,30,6,-1,-1,-1,-1,-1,-1,-1,0
Unvalidated,2024430063807,2024,430063807,1,9,0,18,7,3,0,0,1,0,7,7,3,1,6,1,55,8,-1,-1,-1,-1,7,1,E01028438,0
Unvalidated,2024430064621,2024,430064621,1,8,0,2,0,0,0,0,0,0,0,0,2,1,1,1,54,8,-1,-1,-1,-1,2,1,E01015727,0
Unvalidated,2024430064621,2024,430064621,2,9,0,18,6,2,0,0,0,0,0,0,1,1,6,1,27,6,-1,-1,-1,-1,5,1,E01016756,0
Unvalidated,2024430064621,2024,430064621,3,19,0,18,6,2,0,0,0,0,0,0,1,1,6,1,34,6,-1,-1,-1,-1,6,1,E01016732,0
Unvalidated,2024430064886,2024,430064886,1,9,0,18,2,6,0,6,0,0,0,0,4,1,1,2,35,6,-1,-1,-1,-1,5,1,E01028697,0
Unvalidated,2024430064886,2024,430064886,2,9,0,18,4,8,0,8,0,0,0,0,1,1,6,3,20,4,-1,-1,-1,-1,-1,-1,-1,0
Unvalidated,2024430065053,2024,430065053,1,9,0,18,8,4,0,8,0,0,0,0,1,1,6,3,-1,-1,-1,-1,-1,-1,-1,-1,-1,0
Unvalidated,2024430065053,2024,430065053,2,9,0,9,4,2,0,8,0,0,0,0,4,1,6,2,22,5,-1,-1,-1,-1,2,1,E01016848,0
Unvalidated,2024430065337,2024,430065337,1,9,0,18,2,6,0,0,0,0,0,0,1,1,6,2,43,7,-1,-1,-1,-1,9,3,E01016266,0
Unvalidated,2024430065337,2024,430065337,2,9,0,2,0,0,0,0,0,0,0,0,2,1,1,1,49,8,-1,-1,-1,-1,6,3,E01016254,0
Unvalidated,2024430065337,2024,430065337,3,9,0,18,6,2,0,0,0,0,0,0,3,1,6,2,62,9,-1,-1,-1,-1,9,2,E01016313,0
Unvalidated,2024430065393,2024,430065393,1,9,0,7,2,4,0,6,0,0,0,0,1,1,1,1,47,8,-1,-1,-1,-1,7,1,E01017925,0
Unvalidated,2024430065438,2024,430065438,1,9,0,11,8,4,0,0,0,0,0,0,4,1,6,1,27,6,-1,-1,-1,-1,4,1,E01017570,0
Unvalidated,2024430065438,2024,430065438,2,5,0,18,8,4,0,0,0,0,0,0,3,1,6,1,63,9,-1,-1,-1,-1,9,3,E01027307,0
Unvalidated,2024430066657,2024,430066657,1,9,0,7,6,8,0,6,0,0,0,0,4,1,1,1,76,11,-1,-1,-1,-1,9,3,E01016181,0
Unvalidated,2024430066657,2024,430066657,2,1,0,18,6,2,0,6,0,0,0,0,4,1,6,2,59,9,-1,-1,-1,-1,-1,-1,-1,0
Unvalidated,2024430066696,2024,430066696,1,19,0,18,7,3,0,2,0,0,0,0,1,1,6,1,42,7,-1,-1,-1,-1,6,1,E01016398,0
Unvalidated,2024430066835,2024,430066835,1,9,0,4,7,3,0,0,0,0,0,0,2,1,6,1,39,7,-1,-1,-1,-1,10,1,E01032949,0
Unvalidated,2024430066835,2024,430066835,2,9,0,4,7,3,0,0,0,0,0,0,1,1,6,2,84,11,-1,-1,-1,-1,8,1,E01028773,0
Unvalidated,2024430066835,2024,430066835,3,9,0,4,7,3,0,0,0,0,0,0,1,1,6,2,22,5,-1,-1,-1,-1,10,2,E01022367,0
Unvalidated,2024430066979,2024,430066979,1,9,0,18,6,2,0,0,0,0,0,0,4,1,6,2,59,9,-1,-1,-1,-1,10,1,E01028428,0
Unvalidated,2024430067282,2024,430067282,1,9,0,9,4,2,0,6,0,0,0,0,3,1,6,2,-1,-1,-1,-1,-1,-1,6,1,E01028631,0
Unvalidated,2024430067282,2024,430067282,2,1,0,18,2,6,0,8,0,0,0,0,1,1,2,1,30,6,-1,-1,-1,-1,6,1,E01028703,0
Unvalidated,2024430067651,2024,430067651,1,3,0,13,4,8,0,8,0,0,0,0,1,1,6,1,17,4,-1,-1,-1,-1,-1,-1,-1,0
Unvalidated,2024430067651,2024,430067651,2,8,0,9,4,2,0,5,0,0,0,0,3,1,1,1,60,9,-1,-1,-1,-1,2,1,E01016397,0
Unvalidated,2024430067727,2024,430067727,1,9,0,18,7,3,0,0,0,0,0,0,1,1,6,1,30,6,-1,-1,-1,-1,9,2,E01028739,0
Unvalidated,2024430067727,2024,430067727,2,9,0,3,7,3,0,0,0,0,0,0,2,1,6,1,30,6,-1,-1,-1,-1,10,1,E01023512,0
Unvalidated,2024430067740,2024,430067740,1,9,0,18,2,6,0,6,0,0,0,0,1,1,2,1,47,8,-1,-1,-1,-1,6,1,E01016469,0
Unvalidated,2024430067740,2024,430067740,2,9,0,18,8,4,0,8,0,0,0,0,4,1,6,3,-1,-1,-1,-1,-1,-1,-1,-1,-1,0
Unvalidated,2024430068112,2024,430068112,1,9,0,1,7,3,0,8,0,0,0,0,2,1,6,2,60,9,-1,-1,-1,-1,-1,-1,-1,0
Unvalidated,2024430068112,2024,430068112,2,3,0,3,3,7,0,8,0,0,0,0,1,1,2,1,57,9,-1,-1,-1,-1,10,1,E01028491,0
Unvalidated,2024430068163,2024,430068163,1,3,0,18,4,8,0,0,0,0,0,0,3,1,2,2,31,6,-1,-1,-1,-1,5,1,E01016395,0
Unvalidated,2024430068163,2024,430068163,2,9,0,5,4,8,0,0,0,0,0,0,4,1,6,1,28,6,-1,-1,-1,-1,-1,-1,-1,0
Unvalidated,2024430068702,2024,430068702,1,9,0,16,5,8,0,0,0,0,7,4,1,1,6,1,70,10,-1,-1,-1,-1,7,3,E01028776,0
Unvalidated,2024430068702,2024,430068702,2,9,0,17,8,5,0,0,0,0,0,0,1,1,2,1,36,7,-1,-1,-1,-1,8,1,E01028807,0
Unvalidated,2024430068702,2024,430068702,3,9,0,17,8,5,0,0,0,0,0,0,1,1,2,1,54,8,-1,-1,-1,-1,9,1,E01032952,0
Unvalidated,2024430068860,2024,430068860,1,9,0,1,3,7,0,6,0,0,0,0,2,1,6,3,-1,-1,-1,-1,-1,-1,-1,-1,-1,0
Unvalidated,2024430069001,2024,430069001,1,9,0,3,8,4,0,8,0,0,0,0,2,1,6,1,53,8,-1,-1,-1,-1,2,1,E01016397,0
Unvalidated,2024430069001,2024,430069001,2,9,0,18,8,4,0,8,0,0,0,0,1,1,6,1,-1,-1,-1,-1,-1,-1,-1,-1,-1,0
Unvalidated,2024430069025,2024,430069025,1,9,0,18,4,8,0,1,0,0,0,0,1,1,6,1,-1,-1,-1,-1,-1,-1,-1,-1,-1,0
Unvalidated,2024430069025,2024,430069025,2,9,0,3,4,8,0,1,0,0,0,0,2,1,1,2,37,7,-1,-1,-1,-1,7,1,E01016719,0
Unvalidated,2024430069194,2024,430069194,1,9,0,18,8,4,0,1,0,0,0,0,1,1,6,1,-1,-1,-1,-1,-1,-1,-1,-1,-1,0
Unvalidated,2024430069194,2024,430069194,2,3,0,3,8,4,0,1,0,0,0,0,2,1,6,1,42,7,-1,-1,-1,-1,3,1,E01016733,0
Unvalidated,2024430070621,2024,430070621,1,9,0,4,5,1,0,0,0,0,0,0,1,1,2,2,31,6,-1,-1,-1,-1,9,3,E01033194,0
Unvalidated,2024430070621,2024,430070621,2,9,0,18,5,1,0,0,0,0,0,0,2,1,6,3,-1,-1,-1,-1,-1,-1,-1,-1,-1,0
Unvalidated,2024430071183,2024,430071183,1,9,0,18,4,8,0,0,0,0,0,0,1,1,2,2,25,5,-1,-1,-1,-1,10,1,E01016700,0
Unvalidated,2024430071183,2024,430071183,2,9,0,4,4,8,0,0,0,0,0,0,2,1,6,1,-1,-1,-1,-1,-1,-1,-1,-1,-1,0
Unvalidated,2024430071187,2024,430071187,1,9,0,9,4,3,0,6,0,0,0,0,1,1,6,1,-1,-1,-1,-1,-1,-1,-1,-1,-1,0
Unvalidated,2024430071312,2024,430071312,1,21,0,11,2,6,0,0,0,0,0,0,1,1,1,1,74,10,-1,-1,-1,-1,-1,-1,-1,0
Unvalidated,2024430071312,2024,430071312,2,9,0,18,2,6,0,0,0,0,0,0,3,1,1,2,45,7,-1,-1,-1,-1,6,1,E01016507,0
Unvalidated,2024430071346,2024,430071346,1,9,0,18,4,8,0,0,0,0,0,0,1,1,6,2,28,6,-1,-1,-1,-1,3,1,E01000545,0
Unvalidated,2024430071346,2024,430071346,2,19,0,18,8,4,0,0,0,0,0,0,1,1,6,1,61,9,-1,-1,-1,-1,8,1,E01010124,0
Unvalidated,2024430071501,2024,430071501,1,9,0,9,7,5,0,5,0,0,0,0,1,1,6,1,85,11,-1,-1,-1,-1,6,1,E01017809,0
Unvalidated,2024430071501,2024,430071501,2,1,0,18,3,7,0,8,0,0,0,0,1,1,6,2,38,7,-1,-1,-1,-1,3,1,E01016498,0
Unvalidated,2024430071903,2024,430071903,1,11,0,18,5,1,0,8,0,0,0,0,4,1,1,1,38,7,-1,-1,-1,-1,-1,3,-1,0
Unvalidated,2024430071903,2024,430071903,2,1,0,9,7,5,0,6,0,0,0,0,1,1,6,2,26,6,-1,-1,-1,-1,9,1,E01028585,0
Unvalidated,2024430072432,2024,430072432,1,9,0,18,7,3,0,1,0,1,3,0,3,1,6,2,-1,-1,-1,-1,-1,-1,-1,-1,-1,0
Unvalidated,2024430072432,2024,430072432,2,2,0,18,5,1,0,8,0,1,0,0,1,1,2,1,-1,-1,-1,-1,-1,-1,-1,-1,-1,0
Unvalidated,2024430072783,2024,430072783,1,9,0,3,8,4,0,1,0,0,0,0,3,1,6,2,41,7,-1,-1,-1,-1,9,1,E01016696,0
Unvalidated,2024430072783,2024,430072783,2,9,0,18,8,4,0,1,0,0,7,7,0,1,6,3,-1,-1,-1,-1,-1,-1,-1,-1,-1,0
Unvalidated,2024430072789,2024,430072789,1,3,0,3,2,6,0,0,0,0,0,0,2,1,2,1,25,5,-1,-1,-1,-1,3,1,E01016373,0
Unvalidated,2024430072789,2024,430072789,2,9,0,18,2,6,0,0,0,0,0,0,1,1,6,2,-1,-1,-1,-1,-1,-1,-1,-1,-1,0
Unvalidated,2024430072998,2024,430072998,1,9,0,9,2,8,0,6,0,0,0,0,3,1,6,1,77,11,-1,-1,-1,-1,6,3,E01016287,0
Unvalidated,2024430072998,2024,430072998,2,9,0,18,8,4,0,8,0,0,0,0,2,1,6,2,29,6,-1,-1,-1,-1,6,3,E01016287,0
Unvalidated,2024430073552,2024,430073552,1,9,0,18,1,5,0,8,0,0,0,0,3,1,1,1,31,6,-1,-1,-1,-1,3,1,E01017712,0
Unvalidated,2024430073552,2024,430073552,2,9,0,18,5,1,0,8,0,0,0,0,3,1,6,1,51,8,-1,-1,-1,-1,10,1,E01017865,0
Unvalidated,2024430073648,2024,430073648,1,19,0,7,7,2,0,3,0,0,0,0,4,1,6,3,-1,-1,-1,-1,-1,-1,-1,-1,-1,0
Unvalidated,2024430073648,2024,430073648,2,1,0,18,1,5,0,8,0,0,0,0,1,1,3,2,36,7,-1,-1,-1,-1,8,3,E01028510,0
Unvalidated,2024430073792,2024,430073792,1,9,0,18,7,3,0,3,0,0,0,0,4,1,6,2,73,10,-1,-1,-1,-1,7,3,E01028486,0
Unvalidated,2024430074022,2024,430074022,1,9,0,18,6,2,0,8,0,0,0,0,3,1,6,2,56,9,-1,-1,-1,-1,7,1,E01016220,0
Unvalidated,2024430074022,2024,430074022,2,9,0,18,4,8,0,8,0,0,0,0,1,1,6,3,-1,-1,-1,-1,-1,-1,-1,-1,-1,0
Unvalidated,2024430074029,2024,430074029,1,9,0,9,2,8,0,4,0,0,0,0,1,1,6,2,49,8,-1,-1,-1,-1,9,3,E01016641,0
Unvalidated,2024430074029,2024,430074029,2,1,0,18,8,4,0,8,0,0,0,0,4,1,6,1,-1,-1,-1,-1,-1,-1,-1,-1,-1,0
Unvalidated,2024430074479,2024,430074479,1,2,0,18,5,1,0,8,0,0,0,0,3,1,6,2,16,4,-1,-1,-1,-1,9,1,E01016547,0
Unvalidated,2024430074479,2024,430074479,2,9,0,9,1,7,0,5,0,0,0,0,1,1,6,1,-1,-1,-1,-1,-1,-1,5,1,E01000607,0
Unvalidated,2024430074481,2024,430074481,1,9,0,10,2,8,0,5,0,0,0,0,3,1,6,1,40,7,-1,-1,-1,-1,6,1,E01017922,0
Unvalidated,2024430074481,2024,430074481,2,9,0,9,8,6,0,6,0,0,0,0,1,1,6,1,35,6,-1,-1,-1,-1,-1,-1,-1,0
Unvalidated,2024430074500,2024,430074500,1,9,0,18,6,2,0,8,0,0,0,0,3,1,6,2,60,9,-1,-1,-1,-1,10,1,E01032727,0
Unvalidated,2024430074500,2024,430074500,2,97,0,18,4,8,0,8,0,0,0,0,1,1,6,1,-1,-1,-1,-1,-1,-1,-1,-1,-1,0
Unvalidated,2024430074503,2024,430074503,1,9,0,18,1,5,0,1,0,0,0,0,1,1,6,1,-1,-1,-1,-1,-1,-1,-1,-1,-1,0
Unvalidated,2024430074503,2024,430074503,2,9,0,3,1,5,0,1,0,0,0,0,2,1,1,1,51,8,-1,-1,-1,-1,6,1,E01016745,0
Unvalidated,2024430074505,2024,430074505,1,9,0,4,4,8,0,0,0,0,0,0,2,1,1,2,59,9,-1,-1,-1,-1,7,3,E01023356,0
Unvalidated,2024430074505,2024,430074505,2,19,0,18,4,8,0,0,0,0,0,0,1,1,6,1,-1,-1,-1,-1,-1,-1,-1,-1,-1,0
Unvalidated,2024430074943,2024,430074943,1,3,0,18,7,3,0,8,0,0,0,0,1,1,1,1,28,6,-1,-1,-1,-1,4,1,E01017904,0
Unvalidated,2024430074943,2024,430074943,2,9,0,7,1,3,0,6,0,0,0,0,1,1,6,1,32,6,-1,-1,-1,-1,-1,-1,-1,0
Unvalidated,2024430075219,2024,430075219,1,19,0,9,1,7,0,8,0,0,0,0,3,1,1,1,45,7,-1,-1,-1,-1,5,1,E01016756,0
Unvalidated,2024430075219,2024,430075219,2,9,0,18,7,3,0,8,0,0,0,0,1,1,2,1,22,5,-1,-1,-1,-1,8,1,E01016795,0
Unvalidated,2024430075712,2024,430075712,1,3,0,8,8,2,0,1,0,0,0,0,2,1,2,1,41,7,-1,-1,-1,-1,4,1,E01016462,0
Unvalidated,2024430075712,2024,430075712,2,9,0,18,8,4,0,1,0,0,0,0,1,1,6,1,-1,-1,-1,-1,-1,-1,6,1,E01002525,0
Unvalidated,2024430075808,2024,430075808,1,9,0,7,3,5,0,5,0,0,0,0,2,1,6,2,35,6,-1,-1,-1,-1,-1,-1,-1,0
Unvalidated,2024430075808,2024,430075808,2,1,0,18,3,7,5,6,0,0,0,0,1,1,2,2,38,7,-1,-1,-1,-1,7,3,E01028639,0
Unvalidated,2024430076556,2024,430076556,1,9,0,18,5,1,0,0,0,0,0,0,1,1,6,1,-1,-1,-1,-1,-1,-1,-1,-1,-1,0
Unvalidated,2024430076556,2024,430076556,2,9,0,4,5,1,0,0,0,0,0,0,2,1,6,2,28,6,-1,-1,-1,-1,-1,-1,-1,0
Unvalidated,2024430076565,2024,430076565,1,9,0,18,3,7,0,0,0,0,0,0,1,1,6,3,-1,-1,-1,-1,-1,-1,-1,-1,-1,0
Unvalidated,2024430076565,2024,430076565,2,9,0,3,3,7,0,0,0,0,0,0,2,1,6,2,35,6,-1,-1,-1,-1,10,1,E01017606,0
Unvalidated,2024430076585,2024,430076585,1,9,0,9,4,2,0,5,0,0,0,0,1,1,6,2,37,7,-1,-1,-1,-1,4,1,E01017708,0
Unvalidated,2024430076585,2024,430076585,2,97,0,10,2,8,0,1,0,0,0,0,1,1,6,2,49,8,-1,-1,-1,-1,9,3,E01017641,0
Unvalidated,2024430076834,2024,430076834,1,3,0,18,8,4,0,6,0,0,0,0,4,1,2,1,29,6,-1,-1,-1,-1,5,1,E01016500,0
Unvalidated,2024430076834,2024,430076834,2,9,0,18,8,4,0,6,0,0,0,0,2,1,6,2,-1,-1,-1,-1,-1,-1,-1,-1,-1,0
Unvalidated,2024430076857,2024,430076857,1,3,0,18,1,5,0,0,0,0,0,0,1,1,1,1,31,6,-1,-1,-1,-1,10,1,E01017831,0
Unvalidated,2024430076857,2024,430076857,2,19,0,1,5,1,0,0,0,0,0,0,2,1,6,1,-1,-1,-1,-1,-1,-1,-1,-1,-1,0
Unvalidated,2024430077152,2024,430077152,1,9,0,7,4,8,0,8,0,0,0,0,1,1,6,3,-1,-1,-1,-1,-1,-1,-1,-1,-1,0
Unvalidated,2024430077152,2024,430077152,2,9,0,18,2,6,0,8,0,0,0,0,4,1,6,2,33,6,-1,-1,-1,-1,-1,-1,-1,0
Unvalidated,2024430077644,2024,430077644,1,9,0,3,7,3,0,1,0,0,0,0,2,1,6,1,43,7,-1,-1,-1,-1,5,1,E01032724,0
Unvalidated,2024430077644,2024,430077644,2,9,0,18,7,3,0,1,0,0,0,0,1,1,6,3,-1,-1,-1,-1,-1,-1,-1,-1,-1,0
Unvalidated,2024430078163,2024,430078163,1,9,0,18,2,6,0,0,0,0,0,0,3,1,6,1,49,8,-1,-1,-1,-1,7,1,E01017645,0
Unvalidated,2024430078163,2024,430078163,2,9,0,18,6,2,0,0,0,0,0,0,3,1,6,1,33,6,-1,-1,-1,-1,-1,-1,-1,0
Unvalidated,2024430078234,2024,430078234,1,9,0,18,2,6,0,4,0,0,0,0,1,1,6,2,85,11,-1,-1,-1,-1,10,1,E01030620,0
Unvalidated,2024430078234,2024,430078234,2,1,0,9,6,4,0,8,0,0,0,0,1,1,2,1,73,10,-1,-1,-1,-1,8,1,E01017758,0
Unvalidated,2024430078486,2024,430078486,1,9,0,18,4,8,0,4,0,0,0,0,3,1,6,1,-1,-1,-1,-1,-1,-1,-1,-1,-1,0
Unvalidated,2024430078486,2024,430078486,2,90,0,18,1,5,0,8,0,0,0,0,1,1,6,1,27,6,-1,-1,-1,-1,4,1,E01028554,1
Unvalidated,2024430078573,2024,430078573,1,9,0,18,6,2,0,0,0,0,0,0,4,1,6,1,-1,-1,-1,-1,-1,-1,-1,-1,-1,0
Unvalidated,2024430078625,2024,430078625,1,9,0,18,3,7,0,2,0,0,0,0,1,1,6,1,-1,-1,-1,-1,-1,-1,-1,-1,-1,0
Unvalidated,2024430078955,2024,430078955,1,9,0,18,6,2,0,4,0,10,3,2,1,1,6,1,29,6,-1,-1,-1,-1,2,1,E01016451,0
Unvalidated,2024430079320,2024,430079320,1,3,0,18,2,6,0,1,0,0,0,0,1,1,1,1,36,7,-1,-1,-1,-1,5,1,E01016436,0
Unvalidated,2024430079320,2024,430079320,2,9,0,1,6,2,0,1,0,0,0,0,2,1,6,1,-1,-1,-1,-1,-1,-1,-1,-1,-1,0
Unvalidated,2024430079729,2024,430079729,1,9,0,18,8,4,0,1,0,0,0,0,1,1,6,1,41,7,-1,-1,-1,-1,8,1,E01016610,0
Unvalidated,2024430079729,2024,430079729,2,9,0,10,8,6,0,1,0,0,0,0,2,1,6,2,22,5,-1,-1,-1,-1,9,3,E01016278,0
Unvalidated,2024430079743,2024,430079743,1,9,0,9,6,4,0,6,0,0,0,0,1,1,6,1,35,6,-1,-1,-1,-1,5,1,E01032385,0
Unvalidated,2024430079743,2024,430079743,2,4,0,18,4,8,0,8,0,0,0,0,4,1,6,1,29,6,-1,-1,-1,-1,2,1,E01012871,0
Unvalidated,2024430079819,2024,430079819,1,11,0,5,8,4,0,1,0,0,0,0,1,1,1,1,58,9,-1,-1,-1,-1,1,1,E01022147,0
Unvalidated,2024430079863,2024,430079863,1,5,0,10,8,4,0,1,0,0,0,0,3,1,6,1,40,7,-1,-1,-1,-1,4,1,E01001165,0
Unvalidated,2024430079863,2024,430079863,2,9,0,9,6,4,0,6,0,0,0,0,1,1,2,1,63,9,-1,-1,-1,-1,5,3,E01017588,0
Unvalidated,2024430080104,2024,430080104,1,19,0,18,5,1,9,5,0,0,0,0,2,1,1,1,45,7,-1,-1,-1,-1,-1,-1,-1,0