status,collision_index,collision_year,collision_reference,vehicle_reference,vehicle_type,towing_and_articulation,vehicle_manoeuvre,vehicle_direction_from,vehicle_direction_to,vehicle_location_restricted_lane,junction_location,skidding_and_overturning,hit_object_in_carriageway,vehicle_leaving_carriageway,hit_object_off_carriageway,first_point_of_impact,vehicle_left_hand_drive,journey_purpose_of_driver,sex_of_driver,age_of_driver,age_band_of_driver,engine_capacity_cc,propulsion_code,age_of_vehicle,generic_make_model,driver_imd_decile,driver_home_area_type,lsoa_of_driver,escooter_flag
Unvalidated,2024430080607,2024,430080607,1,1,0,18,5,1,0,8,0,0,0,0,4,1,6,1,48,8,-1,-1,-1,-1,10,1,E01016429,0
Unvalidated,2024430080607,2024,430080607,2,9,0,18,8,4,0,4,0,0,0,0,1,1,6,2,-1,-1,-1,-1,-1,-1,-1,-1,-1,0
Unvalidated,2024430080887,2024,430080887,1,9,0,13,8,4,0,1,0,0,0,0,1,1,6,1,21,5,-1,-1,-1,-1,9,2,E01028422,0
Unvalidated,2024430080887,2024,430080887,2,9,0,9,8,4,0,5,0,0,0,0,2,1,6,2,76,11,-1,-1,-1,-1,9,3,E01028422,0
Unvalidated,2024430080997,2024,430080997,1,9,0,18,5,1,0,0,0,0,0,0,4,1,6,1,92,11,-1,-1,-1,-1,5,1,E01016487,0
Unvalidated,2024430080997,2024,430080997,2,9,0,18,0,0,0,0,0,0,0,0,4,1,6,1,69,10,-1,-1,-1,-1,5,1,E01016487,0
Unvalidated,2024430080997,2024,430080997,3,9,0,18,1,5,0,0,0,0,0,0,1,1,6,2,38,7,-1,-1,-1,-1,5,1,E01016487,0
Unvalidated,2024430081338,2024,430081338,1,9,0,9,5,3,0,8,0,0,0,0,1,1,2,1,63,9,-1,-1,-1,-1,9,1,E01028591,0
Unvalidated,2024430081338,2024,430081338,2,1,0,18,1,5,0,7,0,0,0,0,3,1,6,1,64,9,-1,-1,-1,-1,7,1,E01028527,0
Unvalidated,2024430081612,2024,430081612,1,9,0,18,3,7,0,0,0,0,0,0,1,1,2,2,46,8,-1,-1,-1,-1,8,1,E01017653,0
Unvalidated,2024430081663,2024,430081663,1,9,0,18,1,5,0,8,0,0,0,0,1,1,6,1,59,9,-1,-1,-1,-1,10,1,E01017892,0
Unvalidated,2024430081663,2024,430081663,2,3,0,12,1,6,0,8,0,0,0,0,4,1,1,1,40,7,-1,-1,-1,-1,-1,-1,-1,0
Unvalidated,2024430081794,2024,430081794,1,9,0,9,5,3,0,6,0,0,0,0,1,1,6,1,57,9,-1,-1,-1,-1,10,1,E01017936,0
Unvalidated,2024430081794,2024,430081794,2,19,0,18,3,7,0,8,0,0,0,0,1,1,1,1,38,7,-1,-1,-1,-1,10,3,E01017885,0
Unvalidated,2024430082455,2024,430082455,1,3,0,14,2,6,0,0,0,0,0,0,1,1,2,2,23,5,-1,-1,-1,-1,10,1,E01028465,0
Unvalidated,2024430082455,2024,430082455,2,9,0,6,2,2,0,0,0,0,0,0,3,1,2,1,59,9,-1,-1,-1,-1,10,1,E01028459,0
Unvalidated,2024430083492,2024,430083492,1,9,0,16,4,7,0,0,1,0,7,4,1,1,1,1,62,9,-1,-1,-1,-1,5,1,E01023411,0
Unvalidated,2024430083727,2024,430083727,1,1,0,18,5,1,0,1,0,0,0,0,0,1,6,1,-1,-1,-1,-1,-1,-1,-1,-1,-1,0
Unvalidated,2024430083727,2024,430083727,2,3,0,18,1,5,0,2,1,10,0,0,1,1,2,1,33,6,-1,-1,-1,-1,7,2,E01027281,0
Unvalidated,2024430084292,2024,430084292,1,9,0,7,4,6,0,5,0,0,0,0,4,1,3,1,41,7,-1,-1,-1,-1,9,1,E01016626,0
Unvalidated,2024430084292,2024,430084292,2,1,0,18,4,8,0,8,0,0,0,0,1,1,6,1,39,7,-1,-1,-1,-1,-1,-1,-1,0
Unvalidated,2024430084334,2024,430084334,1,9,0,18,1,5,0,8,0,0,0,0,1,1,6,2,57,9,-1,-1,-1,-1,10,2,E01028727,0
Unvalidated,2024430084334,2024,430084334,2,1,0,7,3,5,0,8,0,0,0,0,2,1,1,1,18,4,-1,-1,-1,-1,10,2,E01028714,0
Unvalidated,2024430084582,2024,430084582,1,9,0,18,4,8,0,1,0,0,0,0,4,1,6,1,-1,-1,-1,-1,-1,-1,-1,-1,-1,0
Unvalidated,2024430085110,2024,430085110,1,9,0,9,8,5,0,8,0,0,0,0,1,1,6,2,45,7,-1,-1,-1,-1,6,1,E01017832,0
Unvalidated,2024430085110,2024,430085110,2,97,0,18,5,1,0,8,0,0,0,0,1,1,6,1,18,4,-1,-1,-1,-1,4,1,E01016446,0
Unvalidated,2024430085144,2024,430085144,1,9,0,17,3,8,0,0,5,0,1,11,4,1,6,1,56,9,-1,-1,-1,-1,-1,-1,-1,0
Unvalidated,2024430085228,2024,430085228,1,19,0,18,6,2,0,1,0,0,0,0,4,1,6,1,31,6,-1,-1,-1,-1,4,1,E01016481,0
Unvalidated,2024430085357,2024,430085357,1,9,0,18,8,4,0,0,1,0,4,6,1,1,6,2,27,6,-1,-1,-1,-1,7,1,E01017889,0
Unvalidated,2024430085357,2024,430085357,2,9,0,18,8,4,0,0,0,0,0,0,1,1,6,1,62,9,-1,-1,-1,-1,9,1,E01002108,0
Unvalidated,2024430085538,2024,430085538,1,1,0,4,4,7,0,0,0,0,0,0,1,1,1,1,19,4,-1,-1,-1,-1,10,1,E01019905,0
Unvalidated,2024430085538,2024,430085538,2,8,0,18,4,8,0,0,0,0,0,0,2,1,6,1,46,8,-1,-1,-1,-1,3,1,E01028522,0
Unvalidated,2024430085729,2024,430085729,1,9,0,9,7,5,0,6,0,0,0,0,1,1,2,2,29,6,-1,-1,-1,-1,8,1,E01016808,0
Unvalidated,2024430085729,2024,430085729,2,1,0,14,5,1,0,8,0,0,0,0,1,1,6,1,36,7,-1,-1,-1,-1,8,1,E01028701,0
Unvalidated,2024430085734,2024,430085734,1,9,0,1,7,3,0,0,0,0,0,0,2,1,6,1,35,6,-1,-1,-1,-1,-1,-1,-1,0
Unvalidated,2024430085734,2024,430085734,2,1,0,18,1,5,0,0,0,0,0,0,3,1,2,1,27,6,-1,-1,-1,-1,5,1,E01028588,0
Unvalidated,2024430085743,2024,430085743,1,9,0,4,6,2,0,1,0,0,0,0,1,1,6,1,-1,-1,-1,-1,-1,-1,-1,-1,-1,0
Unvalidated,2024430085743,2024,430085743,2,9,0,3,6,2,0,1,0,0,0,0,2,1,6,1,34,6,-1,-1,-1,-1,5,1,E01028580,0
Unvalidated,2024430085747,2024,430085747,1,9,0,18,7,3,0,0,0,0,0,0,3,1,6,3,-1,-1,-1,-1,-1,-1,-1,-1,-1,0
Unvalidated,2024430085754,2024,430085754,1,9,0,7,1,4,0,8,0,0,0,0,4,1,6,2,45,7,-1,-1,-1,-1,-1,-1,-1,0
Unvalidated,2024430085754,2024,430085754,2,9,0,17,1,6,0,8,0,0,0,0,3,1,2,2,25,5,-1,-1,-1,-1,-1,3,-1,0
Unvalidated,2024430085875,2024,430085875,1,9,0,9,7,5,0,5,0,0,0,0,1,1,1,1,19,4,-1,-1,-1,-1,7,3,E01027735,0
Unvalidated,2024430085875,2024,430085875,2,9,0,18,3,7,0,8,0,0,0,0,1,1,1,2,62,9,-1,-1,-1,-1,10,2,E01028616,0
Unvalidated,2024430086157,2024,430086157,1,9,0,18,2,6,0,0,0,0,0,0,1,1,1,1,74,10,-1,-1,-1,-1,9,1,E01028624,0
Unvalidated,2024430086157,2024,430086157,2,9,0,4,2,6,0,0,0,0,0,0,1,1,6,2,75,10,-1,-1,-1,-1,9,1,E01028624,0
Unvalidated,2024430086654,2024,430086654,1,9,0,7,5,6,0,6,0,0,1,0,3,1,2,1,22,5,-1,-1,-1,-1,10,1,E01028774,0
Unvalidated,2024430086654,2024,430086654,2,19,0,18,2,6,0,2,0,0,0,0,1,1,1,1,33,6,-1,-1,-1,-1,2,1,E01009872,0
Unvalidated,2024430087162,2024,430087162,1,9,0,9,8,6,0,6,0,0,0,0,3,1,6,2,19,4,-1,-1,-1,-1,-1,-1,-1,0
Unvalidated,2024430087162,2024,430087162,2,9,0,18,6,2,0,8,0,0,0,0,1,1,6,1,25,5,-1,-1,-1,-1,8,1,E01016403,0
Unvalidated,2024430087162,2024,430087162,3,9,0,18,2,6,0,8,0,0,0,0,1,1,6,1,34,6,-1,-1,-1,-1,5,1,E01016404,0
Unvalidated,2024430087275,2024,430087275,1,9,0,18,7,3,0,0,0,0,0,0,1,1,6,1,34,6,-1,-1,-1,-1,-1,-1,-1,0
Unvalidated,2024430087372,2024,430087372,1,9,0,18,8,4,0,1,0,0,0,0,1,1,6,1,-1,-1,-1,-1,-1,-1,-1,-1,-1,0
Unvalidated,2024430087372,2024,430087372,2,9,0,3,8,4,0,1,0,0,0,0,2,1,6,2,49,8,-1,-1,-1,-1,5,2,E01033522,0
Unvalidated,2024430087950,2024,430087950,1,9,0,18,9,9,0,0,0,0,0,0,1,1,6,3,-1,-1,-1,-1,-1,-1,-1,-1,-1,0
Unvalidated,2024430088099,2024,430088099,1,9,0,18,1,5,0,0,0,0,0,0,3,1,6,1,30,6,-1,-1,-1,-1,8,2,E01028510,0
Unvalidated,2024430088099,2024,430088099,2,1,0,18,1,5,0,0,0,0,4,0,2,1,6,1,54,8,-1,-1,-1,-1,9,1,E01028495,0
Unvalidated,2024430088189,2024,430088189,1,9,0,18,2,6,0,0,0,0,0,0,4,1,6,1,-1,-1,-1,-1,-1,-1,-1,-1,-1,0
Unvalidated,2024430088235,2024,430088235,1,9,0,5,1,5,0,2,0,0,0,0,1,1,6,1,47,8,-1,-1,-1,-1,9,1,E01033282,0
Unvalidated,2024430088235,2024,430088235,2,90,0,16,7,4,4,2,5,0,0,0,4,1,6,1,21,5,-1,-1,-1,-1,9,1,E01028585,1
Unvalidated,2024430089139,2024,430089139,1,9,0,1,8,4,0,2,0,0,0,0,2,1,6,1,30,6,-1,-1,-1,-1,4,1,E01016512,0
Unvalidated,2024430089139,2024,430089139,2,1,0,18,4,8,0,1,0,0,0,0,1,1,6,1,25,5,-1,-1,-1,-1,4,1,E01016512,0
Unvalidated,2024430089282,2024,430089282,1,19,0,18,2,6,0,1,0,0,0,0,1,1,1,1,26,6,-1,-1,-1,-1,8,1,E01033506,0
Unvalidated,2024430089282,2024,430089282,2,9,0,3,2,6,0,1,0,0,0,0,2,1,6,2,36,7,-1,-1,-1,-1,9,2,E01016799,0
Unvalidated,2024430089288,2024,430089288,1,9,0,18,7,3,0,8,0,0,0,0,3,1,6,2,36,7,-1,-1,-1,-1,3,1,E01016455,0
Unvalidated,2024430089288,2024,430089288,2,9,0,18,5,1,0,6,0,0,0,0,1,1,6,2,-1,-1,-1,-1,-1,-1,-1,-1,-1,0
Unvalidated,2024430089631,2024,430089631,1,9,0,16,6,1,0,0,1,0,1,4,1,1,6,1,21,5,-1,-1,-1,-1,7,1,E01023398,0
Unvalidated,2024430089631,2024,430089631,2,9,0,17,1,6,0,0,0,0,0,0,1,1,6,1,63,9,-1,-1,-1,-1,10,1,E01023368,0
Unvalidated,2024430089840,2024,430089840,1,9,0,3,1,5,0,1,0,0,0,0,2,1,6,1,47,8,-1,-1,-1,-1,6,1,E01017934,0
Unvalidated,2024430089840,2024,430089840,2,9,0,18,1,5,0,1,0,0,0,0,1,1,6,1,30,6,-1,-1,-1,-1,-1,-1,-1,0
Unvalidated,2024430089857,2024,430089857,1,9,0,7,7,1,0,1,1,0,0,0,1,1,6,1,47,8,-1,-1,-1,-1,-1,-1,-1,0
Unvalidated,2024430089857,2024,430089857,2,9,0,8,1,3,0,1,0,0,0,0,1,1,6,1,39,7,-1,-1,-1,-1,8,1,E01028766,0
Unvalidated,2024430089893,2024,430089893,1,9,0,18,4,8,0,0,1,11,0,0,1,1,1,1,58,9,-1,-1,-1,-1,9,1,E01017796,0
Unvalidated,2024430089893,2024,430089893,2,9,0,18,4,8,0,0,1,11,0,0,1,1,1,2,65,9,-1,-1,-1,-1,5,1,E01017845,0
Unvalidated,2024430089893,2024,430089893,3,9,0,18,4,8,0,0,1,11,0,0,1,1,1,1,28,6,-1,-1,-1,-1,10,1,E01017820,0
Unvalidated,2024430089923,2024,430089923,1,9,0,4,6,2,0,0,0,0,0,0,1,1,2,1,38,7,-1,-1,-1,-1,10,1,E01022748,0
Unvalidated,2024430089923,2024,430089923,2,9,0,4,6,2,0,0,0,0,0,0,2,1,6,2,59,9,-1,-1,-1,-1,8,2,E01028716,0
Unvalidated,2024430089964,2024,430089964,1,9,0,18,8,4,0,0,0,0,0,0,1,1,2,2,23,5,-1,-1,-1,-1,-1,-1,-1,0
Unvalidated,2024430089964,2024,430089964,2,9,0,4,8,4,0,0,0,0,0,0,2,1,2,1,42,7,-1,-1,-1,-1,9,3,E01016263,0
Unvalidated,2024430089964,2024,430089964,3,9,0,4,4,8,0,0,0,0,0,0,1,1,3,2,52,8,-1,-1,-1,-1,6,1,E01004577,0
Unvalidated,2024430090822,2024,430090822,1,9,0,9,1,7,0,5,0,0,0,0,1,1,6,2,30,6,-1,-1,-1,-1,-1,-1,-1,0
Unvalidated,2024430090822,2024,430090822,2,9,0,18,5,1,0,8,0,0,0,0,1,1,2,1,50,8,-1,-1,-1,-1,10,1,E01016586,0
Unvalidated,2024430090910,2024,430090910,1,9,0,4,3,7,0,1,0,0,0,0,1,1,6,1,23,5,-1,-1,-1,-1,9,1,E01028463,0
Unvalidated,2024430090910,2024,430090910,2,5,0,8,3,5,0,1,0,0,0,0,2,1,2,1,32,6,-1,-1,-1,-1,7,3,E01028501,0
Unvalidated,2024430090981,2024,430090981,1,9,0,18,4,8,0,1,0,0,0,0,1,1,2,1,50,8,-1,-1,-1,-1,8,3,E01017750,0
Unvalidated,2024430091111,2024,430091111,1,9,0,9,7,3,0,4,0,0,0,0,3,1,2,1,-1,-1,-1,-1,-1,-1,-1,-1,-1,0
Unvalidated,2024430091111,2024,430091111,2,1,0,18,5,1,0,8,0,0,0,0,1,1,6,1,30,6,-1,-1,-1,-1,-1,-1,-1,0
Unvalidated,2024430091445,2024,430091445,1,19,0,16,4,7,0,0,0,0,0,0,4,1,6,3,-1,-1,-1,-1,-1,-1,-1,-1,-1,0
Unvalidated,2024430091445,2024,430091445,2,1,0,16,4,7,0,0,0,0,0,0,3,1,6,1,26,6,-1,-1,-1,-1,3,1,E01028543,0
Unvalidated,2024430091896,2024,430091896,1,9,0,18,1,0,0,4,0,0,0,0,0,1,6,1,40,7,-1,-1,-1,-1,-1,-1,-1,0
Unvalidated,2024430091896,2024,430091896,2,1,0,18,1,0,0,8,0,0,0,0,0,1,6,1,55,8,-1,-1,-1,-1,10,2,E01028617,0
Unvalidated,2024430092510,2024,430092510,1,9,0,18,5,1,0,0,0,0,0,0,1,1,6,1,-1,-1,-1,-1,-1,-1,-1,-1,-1,0
Unvalidated,2024430092510,2024,430092510,2,8,0,2,0,0,0,0,0,0,0,0,2,1,1,1,41,7,-1,-1,-1,-1,6,1,E01028528,0
Unvalidated,2024430092541,2024,430092541,1,1,0,18,7,3,0,8,0,0,0,0,4,1,6,2,23,5,-1,-1,-1,-1,8,1,E01017838,0
Unvalidated,2024430092541,2024,430092541,2,9,0,7,1,3,0,4,0,0,0,0,3,1,6,2,22,5,-1,-1,-1,-1,-1,-1,-1,0
Unvalidated,2024430092578,2024,430092578,1,90,0,9,8,6,0,6,0,0,0,0,1,1,6,1,20,4,-1,-1,-1,-1,-1,-1,-1,1
Unvalidated,2024430092578,2024,430092578,2,1,0,18,6,2,0,8,0,0,0,0,1,1,6,1,74,10,-1,-1,-1,-1,9,1,E01028535,0
Unvalidated,2024430092786,2024,430092786,1,9,0,18,8,4,0,1,0,0,0,0,3,1,2,2,35,6,-1,-1,-1,-1,10,1,E01016532,0
Unvalidated,2024430093289,2024,430093289,1,9,0,18,2,6,0,8,0,0,0,0,4,1,6,2,42,7,-1,-1,-1,-1,4,1,E01017724,0
Unvalidated,2024430093289,2024,430093289,2,9,0,7,4,6,0,6,0,0,0,0,1,1,6,1,24,5,-1,-1,-1,-1,-1,-1,-1,0
Unvalidated,2024430093293,2024,430093293,1,1,0,18,7,3,4,2,0,0,0,0,3,1,6,1,42,7,-1,-1,-1,-1,5,1,E01016488,0
Unvalidated,2024430093293,2024,430093293,2,9,0,18,7,3,0,2,0,0,0,0,4,1,6,1,-1,-1,-1,-1,-1,-1,-1,-1,-1,0
Unvalidated,2024430094237,2024,430094237,1,9,0,18,4,8,0,2,0,0,0,0,1,1,2,2,50,8,-1,-1,-1,-1,3,1,E01016396,0
Unvalidated,2024430094367,2024,430094367,1,9,0,4,1,5,0,1,0,0,0,0,2,1,2,1,21,5,-1,-1,-1,-1,-1,1,-1,0
Unvalidated,2024430094367,2024,430094367,2,3,0,4,1,5,0,1,0,0,0,0,1,1,2,2,30,6,-1,-1,-1,-1,9,1,E01028723,0
Unvalidated,2024430095147,2024,430095147,1,9,0,18,7,3,0,2,0,0,0,0,1,1,6,1,30,6,-1,-1,-1,-1,5,1,E01028542,0
Unvalidated,2024430095147,2024,430095147,2,9,0,3,7,3,0,2,0,0,0,0,2,1,2,2,42,7,-1,-1,-1,-1,2,1,E01028520,0
Unvalidated,2024430095154,2024,430095154,1,1,0,18,7,3,0,8,0,0,0,0,1,1,2,1,40,7,-1,-1,-1,-1,-1,1,-1,0
Unvalidated,2024430095154,2024,430095154,2,9,0,9,3,1,0,5,0,0,0,0,4,1,3,2,-1,-1,-1,-1,-1,-1,-1,-1,-1,0
Unvalidated,2024430095311,2024,430095311,1,9,0,10,8,4,0,1,0,0,0,0,2,1,6,2,43,7,-1,-1,-1,-1,8,3,E01028507,0
Unvalidated,2024430095311,2024,430095311,2,9,0,18,8,4,0,1,0,0,0,0,1,1,1,1,40,7,-1,-1,-1,-1,10,3,E01028423,0
Unvalidated,2024430095311,2024,430095311,3,19,0,3,8,4,0,1,0,0,0,0,2,1,1,1,60,9,-1,-1,-1,-1,10,2,E01028476,0
Unvalidated,2024430095632,2024,430095632,1,1,0,18,5,1,0,2,0,11,0,0,1,1,6,1,46,8,-1,-1,-1,-1,3,1,E01016377,0
Unvalidated,2024430097070,2024,430097070,1,9,0,5,3,7,0,1,0,0,0,0,4,1,6,1,60,9,-1,-1,-1,-1,-1,-1,-1,0
Unvalidated,2024430097212,2024,430097212,1,9,0,9,3,1,0,1,0,0,0,0,3,1,6,2,47,8,-1,-1,-1,-1,9,1,E01033282,0
Unvalidated,2024430097212,2024,430097212,2,9,0,18,8,5,0,1,0,0,0,0,1,1,6,2,21,5,-1,-1,-1,-1,9,1,E01028585,0
Unvalidated,2024430097452,2024,430097452,1,9,0,18,3,7,0,1,0,0,0,0,1,1,6,3,-1,-1,-1,-1,-1,-1,-1,-1,-1,0
Unvalidated,2024430097452,2024,430097452,2,9,0,3,3,7,0,1,0,0,0,0,2,1,2,2,46,8,-1,-1,-1,-1,4,1,E01016829,0
Unvalidated,2024430097532,2024,430097532,1,9,0,5,6,2,0,4,0,0,0,0,1,1,6,2,27,6,-1,-1,-1,-1,-1,-1,-1,0
Unvalidated,2024430097532,2024,430097532,2,1,0,9,8,6,0,3,0,0,0,0,3,1,6,1,59,9,-1,-1,-1,-1,-1,-1,-1,0
Unvalidated,2024430097651,2024,430097651,1,9,0,9,3,8,0,6,0,0,0,0,2,1,2,1,46,8,-1,-1,-1,-1,8,1,E01027858,0
Unvalidated,2024430097651,2024,430097651,2,9,0,17,8,5,0,8,0,0,0,0,3,1,6,1,51,8,-1,-1,-1,-1,5,1,E01028447,0
Unvalidated,2024430098001,2024,430098001,1,9,0,9,5,3,0,6,0,0,0,0,1,1,6,2,23,5,-1,-1,-1,-1,-1,-1,-1,0
Unvalidated,2024430098001,2024,430098001,2,9,0,18,3,7,0,8,0,0,1,0,4,1,6,2,52,8,-1,-1,-1,-1,-1,-1,-1,0
Unvalidated,2024430098264,2024,430098264,1,5,0,18,1,7,0,5,0,0,0,0,1,1,6,1,21,5,-1,-1,-1,-1,8,1,E01028584,0
Unvalidated,2024430098264,2024,430098264,2,1,0,18,1,5,0,8,0,0,0,0,1,1,4,1,15,3,-1,-1,-1,-1,-1,-1,-1,0
Unvalidated,2024430098298,2024,430098298,1,9,0,18,4,8,0,0,0,0,0,0,3,1,6,1,32,6,-1,-1,-1,-1,5,1,E01009716,0
Unvalidated,2024430098298,2024,430098298,2,9,0,11,4,8,0,0,0,0,0,0,4,1,6,1,20,4,-1,-1,-1,-1,-1,-1,-1,0
Unvalidated,2024430098841,2024,430098841,1,9,0,11,7,3,0,0,0,0,0,0,4,1,6,2,30,6,-1,-1,-1,-1,-1,-1,-1,0
Unvalidated,2024430098841,2024,430098841,2,1,0,15,7,3,0,0,0,0,0,0,3,1,6,1,29,6,-1,-1,-1,-1,3,1,E01028516,0
Unvalidated,2024430098847,2024,430098847,1,22,0,18,4,8,0,1,0,0,0,0,3,1,6,2,56,9,-1,-1,-1,-1,1,1,E01016441,0
Unvalidated,2024430098847,2024,430098847,2,9,0,18,2,6,0,1,0,0,0,0,1,1,6,2,-1,-1,-1,-1,-1,-1,-1,-1,-1,0
Unvalidated,2024430099076,2024,430099076,1,9,0,18,8,4,0,8,0,0,0,0,3,1,3,2,53,8,-1,-1,-1,-1,9,3,E01016257,0
Unvalidated,2024430099076,2024,430099076,2,9,0,18,6,2,0,6,0,0,0,0,1,1,6,1,52,8,-1,-1,-1,-1,-1,-1,-1,0
Unvalidated,2024430099422,2024,430099422,1,9,0,1,2,6,9,1,0,0,0,0,2,1,6,1,40,7,-1,-1,-1,-1,-1,-1,-1,0
Unvalidated,2024430100189,2024,430100189,1,9,0,17,2,7,0,0,0,0,1,4,1,1,2,1,54,8,-1,-1,-1,-1,6,1,E01017852,0
Unvalidated,2024430100640,2024,430100640,1,3,0,17,7,4,0,0,0,0,0,0,1,1,6,1,35,6,-1,-1,-1,-1,6,1,E01002982,0
Unvalidated,2024430100640,2024,430100640,2,9,0,16,4,7,0,0,0,0,0,0,3,1,6,3,-1,-1,-1,-1,-1,-1,-1,-1,-1,0
Unvalidated,2024430100987,2024,430100987,1,9,0,18,6,2,0,0,0,0,0,0,1,1,6,3,-1,-1,-1,-1,-1,-1,-1,-1,-1,0
Unvalidated,2024430100987,2024,430100987,2,3,0,18,2,6,0,0,0,0,0,0,1,1,2,1,33,6,-1,-1,-1,-1,6,3,E01023624,0
Unvalidated,2024430101018,2024,430101018,1,9,0,9,8,4,0,8,0,0,0,0,3,1,6,2,88,11,-1,-1,-1,-1,-1,-1,-1,0
Unvalidated,2024430101018,2024,430101018,2,9,0,18,4,8,0,8,0,0,0,0,1,1,6,1,50,8,-1,-1,-1,-1,2,1,E01016848,0
Unvalidated,2024430101398,2024,430101398,1,9,0,3,4,8,0,1,0,0,0,0,2,1,6,1,22,5,-1,-1,-1,-1,3,1,E01017723,0
Unvalidated,2024430101398,2024,430101398,2,9,0,18,4,8,0,1,0,0,0,0,1,1,6,1,-1,-1,-1,-1,-1,-1,-1,-1,-1,0
Unvalidated,2024430101476,2024,430101476,1,9,0,18,4,8,0,0,1,0,0,0,1,1,6,1,30,6,-1,-1,-1,-1,4,1,E01016715,0
Unvalidated,2024430101476,2024,430101476,2,19,0,18,8,4,0,0,0,0,0,0,1,1,1,1,41,7,-1,-1,-1,-1,6,1,E01018169,0
Unvalidated,2024430101476,2024,430101476,3,19,0,18,8,4,0,0,0,0,0,0,4,1,1,1,67,10,-1,-1,-1,-1,10,1,E01033061,0
Unvalidated,2024430101521,2024,430101521,1,9,0,4,4,8,0,1,0,0,0,0,2,1,2,2,52,8,-1,-1,-1,-1,10,1,E01017697,0
Unvalidated,2024430101521,2024,430101521,2,3,0,18,4,8,0,1,0,0,0,0,1,1,2,1,30,6,-1,-1,-1,-1,9,1,E01017635,0
Unvalidated,2024430101521,2024,430101521,3,9,0,9,2,8,0,6,0,0,0,0,0,1,2,2,21,5,-1,-1,-1,-1,9,1,E01017660,0
Unvalidated,2024430101570,2024,430101570,1,9,0,18,7,3,0,0,0,0,0,0,1,1,6,1,36,7,-1,-1,-1,-1,3,1,E01028519,0
Unvalidated,2024430101570,2024,430101570,2,19,0,18,3,7,0,0,0,0,0,0,1,1,1,1,58,9,-1,-1,-1,-1,9,1,E01028492,0
Unvalidated,2024430101877,2024,430101877,1,9,0,18,3,7,0,0,2,0,7,11,1,1,1,2,24,5,-1,-1,-1,-1,1,1,E01016811,0
Unvalidated,2024430102404,2024,430102404,1,9,0,8,5,7,0,1,0,0,0,0,2,1,6,2,50,8,-1,-1,-1,-1,5,1,E01016472,0
Unvalidated,2024430102404,2024,430102404,2,9,0,18,5,1,0,1,0,0,0,0,1,1,6,1,-1,-1,-1,-1,-1,-1,-1,-1,-1,0
Unvalidated,2024430102787,2024,430102787,1,19,0,18,8,4,0,0,0,10,0,0,3,1,2,1,57,9,-1,-1,-1,-1,9,1,E01016572,0
Unvalidated,2024430102787,2024,430102787,2,19,0,18,8,4,0,0,0,0,0,0,4,1,6,1,-1,-1,-1,-1,-1,-1,9,3,E01016543,0
Unvalidated,2024430103029,2024,430103029,1,9,0,18,6,2,0,0,0,10,1,4,1,1,6,1,39,7,-1,-1,-1,-1,3,1,E01016501,0
Unvalidated,2024430103584,2024,430103584,1,19,0,5,1,5,0,4,2,9,7,0,3,1,6,1,66,10,-1,-1,-1,-1,10,1,E01028695,0
Unvalidated,2024430103584,2024,430103584,2,9,0,18,7,3,0,8,0,0,0,0,4,1,6,1,74,10,-1,-1,-1,-1,9,3,E01028794,0
Unvalidated,2024430103627,2024,430103627,1,9,0,14,5,1,0,0,0,0,0,0,4,1,6,2,32,6,-1,-1,-1,-1,-1,-1,-1,0
Unvalidated,2024430103627,2024,430103627,2,11,0,2,0,0,0,0,0,0,0,0,0,1,1,1,35,6,-1,-1,-1,-1,-1,-1,-1,0
Unvalidated,2024430104159,2024,430104159,1,1,0,18,3,7,0,6,0,0,0,0,1,1,6,2,40,7,-1,-1,-1,-1,-1,-1,-1,0
Unvalidated,2024430104159,2024,430104159,2,9,0,8,1,3,0,1,0,0,0,0,4,1,6,2,50,8,-1,-1,-1,-1,-1,-1,-1,0
Unvalidated,2024430104199,2024,430104199,1,9,0,18,4,8,0,0,0,0,0,0,1,1,1,1,31,6,-1,-1,-1,-1,6,2,E01033505,0
Unvalidated,2024430105115,2024,430105115,1,9,0,9,1,7,0,6,0,0,0,0,1,1,1,1,55,8,-1,-1,-1,-1,8,1,E01016557,0
Unvalidated,2024430105115,2024,430105115,2,9,0,16,4,7,0,8,0,0,0,0,3,1,1,1,35,6,-1,-1,-1,-1,10,2,E01030758,0
Unvalidated,2024430106210,2024,430106210,1,9,0,18,4,8,0,8,0,0,0,0,1,1,6,2,30,6,-1,-1,-1,-1,-1,-1,-1,0
Unvalidated,2024430106210,2024,430106210,2,9,0,9,6,4,0,6,0,0,0,0,3,1,6,2,40,7,-1,-1,-1,-1,7,1,E01028562,0
Unvalidated,2024430106571,2024,430106571,1,9,0,18,2,6,0,0,0,0,0,0,4,1,2,1,30,6,-1,-1,-1,-1,10,2,E01017675,0
Unvalidated,2024430106579,2024,430106579,1,9,0,18,1,5,0,0,0,0,0,0,4,1,6,1,-1,-1,-1,-1,-1,-1,-1,-1,-1,0
Unvalidated,2024430106579,2024,430106579,2,1,0,18,1,5,4,0,0,0,0,0,3,1,2,2,38,7,-1,-1,-1,-1,10,2,E01028734,0
Unvalidated,2024430106696,2024,430106696,1,9,0,18,7,3,0,4,0,0,0,0,1,1,6,1,31,6,-1,-1,-1,-1,7,2,E01016307,0
Unvalidated,2024430106696,2024,430106696,2,3,0,18,3,7,0,4,0,0,0,0,1,1,6,1,20,4,-1,-1,-1,-1,6,3,E01016287,0
Unvalidated,2024430108330,2024,430108330,1,9,0,18,4,8,0,0,0,0,0,0,3,1,2,1,39,7,-1,-1,-1,-1,7,1,E01017705,0