status,collision_index,collision_year,collision_reference,vehicle_reference,vehicle_type,towing_and_articulation,vehicle_manoeuvre,vehicle_direction_from,vehicle_direction_to,vehicle_location_restricted_lane,junction_location,skidding_and_overturning,hit_object_in_carriageway,vehicle_leaving_carriageway,hit_object_off_carriageway,first_point_of_impact,vehicle_left_hand_drive,journey_purpose_of_driver,sex_of_driver,age_of_driver,age_band_of_driver,engine_capacity_cc,propulsion_code,age_of_vehicle,generic_make_model,driver_imd_decile,driver_home_area_type,lsoa_of_driver,escooter_flag
Unvalidated,2024430108330,2024,430108330,2,9,0,18,8,4,0,0,0,0,0,0,3,1,6,2,60,9,-1,-1,-1,-1,10,3,E01017651,0
Unvalidated,2024430108359,2024,430108359,1,4,0,18,5,1,0,8,0,0,0,0,1,1,2,1,37,7,-1,-1,-1,-1,7,1,E01017851,0
Unvalidated,2024430108359,2024,430108359,2,9,0,9,7,5,0,6,0,0,0,0,3,1,6,1,40,7,-1,-1,-1,-1,-1,-1,-1,0
Unvalidated,2024430108384,2024,430108384,1,9,0,7,2,5,0,4,0,0,0,0,2,1,3,1,31,6,-1,-1,-1,-1,8,1,E01016232,0
Unvalidated,2024430108384,2024,430108384,2,9,0,18,2,6,0,1,0,0,0,0,1,1,6,3,-1,-1,-1,-1,-1,-1,-1,-1,-1,0
Unvalidated,2024430108399,2024,430108399,1,1,0,18,6,2,0,1,0,0,0,0,3,1,4,1,15,3,-1,-1,-1,-1,7,1,E01016401,0
Unvalidated,2024430108399,2024,430108399,2,9,0,9,2,8,0,2,0,0,0,0,1,1,6,1,-1,-1,-1,-1,-1,-1,-1,-1,-1,0
Unvalidated,2024430108744,2024,430108744,1,9,0,18,4,8,0,8,0,0,0,0,1,1,6,1,25,5,-1,-1,-1,-1,9,1,E01016272,0
Unvalidated,2024430108744,2024,430108744,2,1,0,18,2,6,0,6,0,0,0,0,4,1,6,1,-1,-1,-1,-1,-1,-1,-1,-1,-1,0
Unvalidated,2024430108749,2024,430108749,1,9,0,3,8,4,0,0,0,0,0,0,2,1,6,2,63,9,-1,-1,-1,-1,3,1,E01016442,0
Unvalidated,2024430108749,2024,430108749,2,9,0,18,8,4,0,0,0,0,0,0,1,1,6,3,-1,-1,-1,-1,-1,-1,-1,-1,-1,0
Unvalidated,2024430108757,2024,430108757,1,9,0,14,5,1,0,8,0,0,0,0,3,1,2,1,25,5,-1,-1,-1,-1,6,1,E01016433,0
Unvalidated,2024430108757,2024,430108757,2,19,0,18,3,5,0,6,0,0,0,0,1,1,6,1,-1,-1,-1,-1,-1,-1,-1,-1,-1,0
Unvalidated,2024430108873,2024,430108873,1,19,0,11,3,7,0,1,0,0,0,0,1,1,6,1,20,4,-1,-1,-1,-1,-1,-1,-1,0
Unvalidated,2024430108873,2024,430108873,2,1,0,18,3,7,0,1,0,0,0,0,2,1,2,1,61,9,-1,-1,-1,-1,-1,-1,-1,0
Unvalidated,2024430108959,2024,430108959,1,1,0,9,8,6,0,5,0,0,0,0,3,1,6,1,18,4,-1,-1,-1,-1,9,1,E01028585,0
Unvalidated,2024430108959,2024,430108959,2,19,0,18,8,4,0,8,0,0,0,0,1,1,1,1,49,8,-1,-1,-1,-1,3,1,E01017666,0
Unvalidated,2024430109159,2024,430109159,1,9,0,1,4,8,0,0,0,0,0,0,2,1,6,2,45,7,-1,-1,-1,-1,-1,-1,-1,0
Unvalidated,2024430109193,2024,430109193,1,5,0,18,5,1,0,0,0,0,0,0,3,1,2,1,44,7,-1,-1,-1,-1,7,3,E01016293,0
Unvalidated,2024430109212,2024,430109212,1,9,0,9,4,2,0,6,0,0,0,0,1,1,6,2,69,10,-1,-1,-1,-1,9,3,E01016303,0
Unvalidated,2024430109212,2024,430109212,2,9,0,18,2,6,0,8,0,0,0,0,4,1,6,1,47,8,-1,-1,-1,-1,8,2,E01016298,0
Unvalidated,2024430109796,2024,430109796,1,19,0,18,8,4,0,0,0,0,0,0,0,1,1,3,-1,-1,-1,-1,-1,-1,-1,-1,-1,0
Unvalidated,2024430109796,2024,430109796,2,9,0,18,4,8,0,0,0,11,0,0,1,1,2,1,44,7,-1,-1,-1,-1,-1,-1,-1,0
Unvalidated,2024430109870,2024,430109870,1,9,0,9,7,5,0,6,0,0,0,0,4,1,6,2,23,5,-1,-1,-1,-1,4,1,E01017850,0
Unvalidated,2024430109870,2024,430109870,2,9,0,18,1,5,0,8,0,0,0,0,3,1,6,1,-1,-1,-1,-1,-1,-1,-1,-1,-1,0
Unvalidated,2024430110116,2024,430110116,1,9,0,7,8,1,0,5,0,0,0,0,4,1,6,3,-1,-1,-1,-1,-1,-1,-1,-1,-1,0
Unvalidated,2024430110116,2024,430110116,2,1,0,18,8,4,0,1,0,0,0,0,3,1,2,1,41,7,-1,-1,-1,-1,10,3,E01028734,0
Unvalidated,2024430110125,2024,430110125,1,1,0,18,4,8,0,8,0,0,0,0,4,1,6,1,47,8,-1,-1,-1,-1,6,1,E01016469,0
Unvalidated,2024430110125,2024,430110125,2,9,0,7,6,8,0,6,0,0,0,0,1,1,6,1,-1,-1,-1,-1,-1,-1,-1,-1,-1,0
Unvalidated,2024430110133,2024,430110133,1,19,0,9,5,3,0,0,0,0,0,0,3,1,2,1,55,8,-1,-1,-1,-1,5,1,E01016437,0
Unvalidated,2024430110133,2024,430110133,2,1,0,18,1,5,0,0,0,0,0,0,3,1,6,1,-1,-1,-1,-1,-1,-1,-1,-1,-1,0
Unvalidated,2024430110169,2024,430110169,1,9,0,18,1,5,0,0,0,0,0,0,1,1,6,1,27,6,-1,-1,-1,-1,6,1,E01017698,0
Unvalidated,2024430110244,2024,430110244,1,9,0,18,2,6,0,3,0,0,5,6,1,1,6,1,30,6,-1,-1,-1,-1,5,1,E01016754,0
Unvalidated,2024430110596,2024,430110596,1,9,0,7,4,6,0,6,0,0,0,0,4,1,6,1,-1,-1,-1,-1,-1,-1,-1,-1,-1,0
Unvalidated,2024430110683,2024,430110683,1,9,0,18,4,8,0,8,0,0,0,0,3,1,1,2,44,7,-1,-1,-1,-1,8,1,E01016337,0
Unvalidated,2024430110683,2024,430110683,2,9,0,18,1,5,0,8,0,0,0,0,1,1,6,2,-1,-1,-1,-1,-1,-1,-1,-1,-1,0
Unvalidated,2024430111226,2024,430111226,1,9,0,18,7,3,0,0,1,0,7,4,1,1,6,1,18,4,-1,-1,-1,-1,3,1,E01016377,0
Unvalidated,2024430111252,2024,430111252,1,9,0,3,3,7,0,1,0,0,0,0,2,1,6,1,74,10,-1,-1,-1,-1,7,1,E01017909,0
Unvalidated,2024430111252,2024,430111252,2,9,0,18,3,7,0,1,0,0,0,0,1,1,6,3,-1,-1,-1,-1,-1,-1,-1,-1,-1,0
Unvalidated,2024430111252,2024,430111252,3,9,0,3,3,7,0,1,0,0,0,0,2,1,6,3,-1,-1,-1,-1,-1,-1,-1,-1,-1,0
Unvalidated,2024430111532,2024,430111532,1,1,0,18,7,3,0,0,0,0,0,0,3,1,6,1,23,5,-1,-1,-1,-1,10,1,E01033508,0
Unvalidated,2024430111532,2024,430111532,2,9,0,18,5,1,0,0,0,0,0,0,1,1,6,1,31,6,-1,-1,-1,-1,8,3,E01016760,0
Unvalidated,2024430112166,2024,430112166,1,9,0,9,2,8,0,6,0,0,0,0,1,1,6,1,20,4,-1,-1,-1,-1,6,2,E01017929,0
Unvalidated,2024430112166,2024,430112166,2,1,0,18,8,4,0,8,0,0,0,0,4,1,6,2,59,9,-1,-1,-1,-1,8,2,E01017931,0
Unvalidated,2024430112463,2024,430112463,1,19,0,18,4,8,0,0,0,0,0,0,1,1,6,3,-1,-1,-1,-1,-1,-1,-1,-1,-1,0
Unvalidated,2024430112463,2024,430112463,2,3,0,1,6,2,0,0,0,0,0,0,4,1,6,1,32,6,-1,-1,-1,-1,4,1,E01016512,0
Unvalidated,2024430112506,2024,430112506,1,1,0,18,5,1,0,8,0,0,0,0,1,1,2,1,18,4,-1,-1,-1,-1,3,1,E01016373,0
Unvalidated,2024430112506,2024,430112506,2,19,0,18,7,3,0,8,0,0,0,0,3,1,6,1,-1,-1,-1,-1,-1,-1,-1,-1,-1,0
Unvalidated,2024430112563,2024,430112563,1,9,0,18,5,1,0,8,0,0,0,0,3,1,6,2,50,8,-1,-1,-1,-1,10,1,E01023889,0
Unvalidated,2024430112563,2024,430112563,2,19,0,13,5,1,0,8,0,0,0,0,1,1,6,1,-1,-1,-1,-1,-1,-1,-1,-1,-1,0
Unvalidated,2024430112745,2024,430112745,1,9,0,18,4,8,0,1,0,0,0,0,1,1,6,1,53,8,-1,-1,-1,-1,-1,-1,-1,0
Unvalidated,2024430112745,2024,430112745,2,9,0,3,4,8,0,1,0,0,0,0,2,1,6,1,42,7,-1,-1,-1,-1,5,1,E01016395,0
Unvalidated,2024430112745,2024,430112745,3,9,0,18,2,6,0,8,0,0,0,0,4,1,1,1,-1,-1,-1,-1,-1,-1,-1,-1,-1,0
Unvalidated,2024430113236,2024,430113236,1,9,0,14,1,5,0,0,5,4,0,0,1,1,6,2,23,5,-1,-1,-1,-1,5,1,E01028440,0
Unvalidated,2024430113236,2024,430113236,2,9,0,2,0,0,0,0,0,0,0,0,2,1,6,1,27,6,-1,-1,-1,-1,7,1,E01032944,0
Unvalidated,2024430113236,2024,430113236,3,19,0,2,0,0,0,0,0,0,0,0,2,1,6,1,67,10,-1,-1,-1,-1,2,1,E01032941,0
Unvalidated,2024430113238,2024,430113238,1,9,0,9,6,4,0,6,0,0,0,0,1,1,6,2,74,10,-1,-1,-1,-1,10,3,E01028797,0
Unvalidated,2024430113238,2024,430113238,2,5,0,18,4,8,0,8,0,0,0,0,1,1,2,1,62,9,-1,-1,-1,-1,5,1,E01016594,0
Unvalidated,2024430113607,2024,430113607,1,9,0,10,7,6,0,1,0,0,0,0,1,1,2,1,32,6,-1,-1,-1,-1,10,2,E01017737,0
Unvalidated,2024430113607,2024,430113607,2,19,0,9,6,7,0,5,0,0,0,0,3,1,6,1,-1,-1,-1,-1,-1,-1,-1,-1,-1,0
Unvalidated,2024430113720,2024,430113720,1,9,0,5,2,6,0,1,0,0,0,0,2,1,6,2,54,8,-1,-1,-1,-1,9,3,E01022493,0
Unvalidated,2024430113720,2024,430113720,2,9,0,18,2,6,0,1,0,0,0,0,1,1,6,1,-1,-1,-1,-1,-1,-1,-1,-1,-1,0
Unvalidated,2024430114387,2024,430114387,1,9,0,18,4,8,0,0,2,0,7,1,1,1,6,1,55,8,-1,-1,-1,-1,7,1,E01016321,0
Unvalidated,2024430114387,2024,430114387,2,1,0,18,6,2,0,0,0,0,0,0,3,1,6,2,13,3,-1,-1,-1,-1,-1,-1,-1,0
Unvalidated,2024430114442,2024,430114442,1,9,0,18,7,3,0,0,0,0,0,0,1,1,6,3,-1,-1,-1,-1,-1,-1,-1,-1,-1,0
Unvalidated,2024430114442,2024,430114442,2,9,0,18,7,3,0,0,0,0,0,0,3,1,6,2,43,7,-1,-1,-1,-1,6,1,E01016241,0
Unvalidated,2024430114808,2024,430114808,1,9,0,16,6,1,0,0,0,0,8,2,1,1,6,1,28,6,-1,-1,-1,-1,10,1,E01032610,0
Unvalidated,2024430115013,2024,430115013,1,9,0,7,8,2,0,6,0,0,0,0,3,1,2,1,40,7,-1,-1,-1,-1,9,3,E01017783,0
Unvalidated,2024430115013,2024,430115013,2,9,0,18,6,2,0,8,0,0,0,0,1,1,2,2,35,6,-1,-1,-1,-1,-1,-1,-1,0
Unvalidated,2024430115456,2024,430115456,1,9,0,9,3,1,0,6,0,0,0,0,1,1,6,1,20,4,-1,-1,-1,-1,-1,-1,-1,0
Unvalidated,2024430115456,2024,430115456,2,2,0,18,1,5,0,8,0,0,0,0,1,1,6,1,20,4,-1,-1,-1,-1,-1,-1,-1,0
Unvalidated,2024430116149,2024,430116149,1,9,0,18,5,1,0,2,0,0,7,4,1,1,2,1,63,9,-1,-1,-1,-1,2,2,E01019505,0
Unvalidated,2024430116380,2024,430116380,1,2,0,4,4,8,0,0,0,0,0,0,4,1,1,1,27,6,-1,-1,-1,-1,6,1,E01016204,0
Unvalidated,2024430116543,2024,430116543,1,9,0,10,8,6,0,1,0,0,0,0,3,1,3,2,45,7,-1,-1,-1,-1,10,2,E01017632,0
Unvalidated,2024430116543,2024,430116543,2,19,0,7,6,8,0,5,1,0,0,0,1,1,6,1,43,7,-1,-1,-1,-1,5,2,E01021762,0
Unvalidated,2024430116585,2024,430116585,1,9,0,7,5,7,0,8,0,0,0,0,3,1,6,2,-1,-1,-1,-1,-1,-1,3,1,E01016373,0
Unvalidated,2024430116585,2024,430116585,2,19,0,7,5,7,0,8,0,0,0,0,4,1,6,1,-1,-1,-1,-1,-1,-1,-1,-1,-1,0
Unvalidated,2024430116968,2024,430116968,1,9,0,6,4,6,0,5,0,0,0,0,4,1,6,1,60,9,-1,-1,-1,-1,-1,-1,-1,0
Unvalidated,2024430116968,2024,430116968,2,1,0,18,4,8,4,1,0,0,0,0,1,1,6,1,19,4,-1,-1,-1,-1,8,1,E01028578,0
Unvalidated,2024430117495,2024,430117495,1,9,0,18,5,1,0,0,0,0,0,0,1,1,3,1,36,7,-1,-1,-1,-1,-1,-1,-1,0
Unvalidated,2024430117495,2024,430117495,2,9,0,1,1,5,0,0,0,0,0,0,3,1,6,1,-1,-1,-1,-1,-1,-1,-1,-1,-1,0
Unvalidated,2024430117523,2024,430117523,1,9,0,18,5,1,0,2,0,0,0,0,1,1,6,3,-1,-1,-1,-1,-1,-1,-1,-1,-1,0
Unvalidated,2024430118196,2024,430118196,1,9,0,4,6,2,0,0,0,0,0,0,2,1,6,2,45,7,-1,-1,-1,-1,-1,-1,-1,0
Unvalidated,2024430118196,2024,430118196,2,3,0,18,6,2,0,0,0,0,0,0,1,1,2,1,17,4,-1,-1,-1,-1,10,2,E01028806,0
Unvalidated,2024430118262,2024,430118262,1,11,0,18,4,8,0,0,0,0,0,0,4,1,6,3,-1,-1,-1,-1,-1,-1,-1,-1,-1,0
Unvalidated,2024430118680,2024,430118680,1,9,0,9,6,3,0,5,0,0,0,0,3,1,6,1,47,8,-1,-1,-1,-1,8,3,E01017750,0
Unvalidated,2024430118680,2024,430118680,2,9,0,14,6,2,0,1,0,0,0,0,1,1,6,3,-1,-1,-1,-1,-1,-1,-1,-1,-1,0
Unvalidated,2024430118922,2024,430118922,1,9,0,18,4,8,0,6,0,0,0,0,3,1,6,1,-1,-1,-1,-1,-1,-1,-1,-1,-1,0
Unvalidated,2024430119439,2024,430119439,1,9,0,18,2,6,0,1,0,0,0,0,1,1,6,1,30,6,-1,-1,-1,-1,5,1,E01027073,0
Unvalidated,2024430119439,2024,430119439,2,9,0,3,2,6,0,1,0,0,0,0,2,1,2,2,25,5,-1,-1,-1,-1,3,1,E01017500,0
Unvalidated,2024430119931,2024,430119931,1,9,0,18,6,2,0,8,0,0,0,0,3,1,6,1,34,6,-1,-1,-1,-1,7,1,E01016209,0
Unvalidated,2024430119931,2024,430119931,2,90,0,18,4,8,0,8,0,0,0,0,1,1,6,1,14,3,-1,-1,-1,-1,-1,-1,-1,1
Unvalidated,2024430120314,2024,430120314,1,9,0,18,1,5,0,4,0,0,0,0,3,1,6,1,30,6,-1,-1,-1,-1,-1,-1,-1,0
Unvalidated,2024430120314,2024,430120314,2,1,0,18,7,3,0,8,0,0,0,0,1,1,2,1,24,5,-1,-1,-1,-1,4,1,E01028532,0
Unvalidated,2024430120457,2024,430120457,1,9,0,18,7,3,0,6,0,0,0,0,3,1,6,1,35,6,-1,-1,-1,-1,-1,-1,-1,0
Unvalidated,2024430120457,2024,430120457,2,9,0,18,1,5,0,1,0,0,0,0,1,1,6,1,45,7,-1,-1,-1,-1,-1,-1,-1,0
Unvalidated,2024430120544,2024,430120544,1,9,0,18,1,5,0,0,0,0,1,0,1,1,6,1,25,5,-1,-1,-1,-1,-1,-1,-1,0
Unvalidated,2024430120544,2024,430120544,2,3,0,18,1,5,0,0,0,0,1,0,2,1,6,1,35,6,-1,-1,-1,-1,8,3,E01028731,0
Unvalidated,2024430120544,2024,430120544,3,9,0,18,1,5,0,0,0,0,1,0,1,1,6,2,-1,-1,-1,-1,-1,-1,8,2,E01028731,0
Unvalidated,2024430121265,2024,430121265,1,19,0,18,5,1,0,0,0,0,0,0,1,1,1,1,27,6,-1,-1,-1,-1,8,1,E01005837,0
Unvalidated,2024430121265,2024,430121265,2,9,0,18,5,1,0,0,0,0,0,0,2,1,6,1,68,10,-1,-1,-1,-1,3,1,E01031483,0
Unvalidated,2024430121265,2024,430121265,3,9,0,18,5,1,0,0,0,0,0,0,2,1,6,1,42,7,-1,-1,-1,-1,10,1,E01017861,0
Unvalidated,2024430121746,2024,430121746,1,21,1,12,8,4,0,0,0,0,0,0,3,2,1,1,63,9,-1,-1,-1,-1,-1,-1,-1,0
Unvalidated,2024430121746,2024,430121746,2,9,0,18,8,4,0,0,0,0,0,0,4,1,6,2,30,6,-1,-1,-1,-1,3,1,E01005308,0
Unvalidated,2024430122713,2024,430122713,1,1,0,18,3,7,0,1,0,0,0,0,4,1,4,2,11,3,-1,-1,-1,-1,5,1,E01016374,0
Unvalidated,2024430122713,2024,430122713,2,9,0,7,5,7,0,1,0,0,0,0,1,1,6,2,-1,-1,-1,-1,-1,-1,-1,-1,-1,0
Unvalidated,2024430122961,2024,430122961,1,3,0,18,7,3,0,0,0,0,0,0,1,1,1,2,43,7,-1,-1,-1,-1,4,1,E01001165,0
Unvalidated,2024430122961,2024,430122961,2,9,0,3,7,3,0,0,0,0,0,0,2,1,6,1,45,7,-1,-1,-1,-1,5,1,E01028635,0
Unvalidated,2024430123000,2024,430123000,1,90,0,18,7,3,0,8,1,0,0,0,1,1,1,1,24,5,-1,-1,-1,-1,5,1,E01028468,0
Unvalidated,2024430123000,2024,430123000,2,9,0,9,5,3,0,5,1,0,0,0,1,1,2,1,20,4,-1,-1,-1,-1,10,2,E01017677,0
Unvalidated,2024430123241,2024,430123241,1,9,0,3,7,3,0,1,0,0,0,0,2,1,6,1,62,9,-1,-1,-1,-1,3,1,E01016459,0
Unvalidated,2024430123241,2024,430123241,2,9,0,18,7,3,0,1,1,0,0,0,1,1,6,1,-1,-1,-1,-1,-1,-1,-1,-1,-1,0
Unvalidated,2024430123399,2024,430123399,1,1,0,18,7,3,5,1,0,0,0,0,1,1,6,1,43,7,-1,-1,-1,-1,7,1,E01032692,0
Unvalidated,2024430123399,2024,430123399,2,9,0,7,5,7,0,1,0,0,0,0,4,1,6,1,79,11,-1,-1,-1,-1,9,3,E01028747,0
Unvalidated,2024430123566,2024,430123566,1,9,0,3,2,6,0,0,0,0,0,0,2,1,6,2,34,6,-1,-1,-1,-1,7,2,E01017915,0
Unvalidated,2024430123566,2024,430123566,2,9,0,18,2,6,0,0,0,0,0,0,1,1,6,1,-1,-1,-1,-1,-1,-1,-1,-1,-1,0
Unvalidated,2024430123579,2024,430123579,1,9,0,18,7,3,0,0,0,0,0,0,1,1,6,3,-1,-1,-1,-1,-1,-1,-1,-1,-1,0
Unvalidated,2024430123579,2024,430123579,2,9,0,4,7,3,0,0,0,0,0,0,2,1,2,2,21,5,-1,-1,-1,-1,1,1,E01016744,0
Unvalidated,2024430124049,2024,430124049,1,9,0,3,2,6,0,1,0,0,0,0,2,1,6,1,41,7,-1,-1,-1,-1,5,1,E01017659,0
Unvalidated,2024430124049,2024,430124049,2,9,0,18,2,6,0,1,0,0,0,0,1,1,6,3,-1,-1,-1,-1,-1,-1,-1,-1,-1,0
Unvalidated,2024430124051,2024,430124051,1,9,0,9,8,5,0,8,0,0,0,0,3,1,6,1,52,8,-1,-1,-1,-1,9,1,E01016543,0
Unvalidated,2024430124051,2024,430124051,2,9,0,11,8,4,0,3,0,0,0,0,4,1,6,3,-1,-1,-1,-1,-1,-1,-1,-1,-1,0
Unvalidated,2024430124054,2024,430124054,1,9,0,4,2,6,0,0,0,0,0,0,1,1,6,1,-1,-1,-1,-1,-1,-1,-1,-1,-1,0
Unvalidated,2024430124054,2024,430124054,2,9,0,3,2,6,0,0,0,0,0,0,2,1,6,1,53,8,-1,-1,-1,-1,9,1,E01028650,0
Unvalidated,2024430124197,2024,430124197,1,9,0,7,4,8,0,3,1,0,0,0,1,1,6,1,36,7,-1,-1,-1,-1,4,1,E01017521,0
Unvalidated,2024430124197,2024,430124197,2,9,0,4,8,4,0,1,0,0,0,0,1,1,1,1,59,9,-1,-1,-1,-1,5,1,E01016836,0
Unvalidated,2024430124455,2024,430124455,1,9,0,18,8,4,0,1,0,0,0,0,4,1,6,2,45,7,-1,-1,-1,-1,7,1,E01016317,0
Unvalidated,2024430124455,2024,430124455,2,1,0,18,8,4,0,1,0,0,0,0,1,1,6,1,19,4,-1,-1,-1,-1,8,1,E01016418,0
Unvalidated,2024430124634,2024,430124634,1,9,0,13,8,4,0,0,0,0,0,0,4,1,6,3,-1,-1,-1,-1,-1,-1,-1,-1,-1,0
Unvalidated,2024430124634,2024,430124634,2,1,0,18,8,4,0,0,0,0,0,0,3,1,6,1,76,11,-1,-1,-1,-1,10,1,E01028656,0
Unvalidated,2024430124732,2024,430124732,1,3,0,18,4,8,0,0,0,0,0,0,1,1,6,1,46,8,-1,-1,-1,-1,4,1,E01033420,0
Unvalidated,2024430124732,2024,430124732,2,9,0,2,0,0,0,0,0,0,0,0,3,1,6,1,32,6,-1,-1,-1,-1,3,1,E01016442,0
Unvalidated,2024430125728,2024,430125728,1,9,0,13,7,3,0,8,0,0,0,0,4,1,6,2,60,9,-1,-1,-1,-1,-1,-1,-1,0
Unvalidated,2024430125728,2024,430125728,2,1,0,18,7,3,0,8,0,0,0,0,3,1,2,2,60,9,-1,-1,-1,-1,4,1,E01028529,0
Unvalidated,2024430126347,2024,430126347,1,19,0,18,1,5,0,8,0,0,0,0,1,1,6,1,-1,-1,-1,-1,-1,-1,-1,-1,-1,0
Unvalidated,2024430126347,2024,430126347,2,9,0,3,5,1,0,8,0,0,0,0,1,1,6,2,47,8,-1,-1,-1,-1,8,1,E01016780,0
Unvalidated,2024430126630,2024,430126630,1,11,0,18,2,6,0,0,0,0,0,0,1,1,1,1,-1,-1,-1,-1,-1,-1,-1,-1,-1,0
Unvalidated,2024430126630,2024,430126630,2,9,0,18,2,6,0,0,0,0,0,0,0,1,6,3,-1,-1,-1,-1,-1,-1,-1,-1,-1,0
Unvalidated,2024430126630,2024,430126630,3,90,0,18,2,6,0,0,0,0,0,0,2,1,2,1,21,5,-1,-1,-1,-1,10,1,E01028573,1
Unvalidated,2024430126673,2024,430126673,1,9,0,9,7,5,0,8,0,0,0,0,3,2,6,1,65,9,-1,-1,-1,-1,4,1,E01016710,0
Unvalidated,2024430126673,2024,430126673,2,9,0,18,5,1,0,8,0,0,0,0,1,1,6,1,27,6,-1,-1,-1,-1,1,1,E01016744,0
Unvalidated,2024430127036,2024,430127036,1,9,0,3,6,2,0,0,0,0,0,0,2,1,1,1,54,8,-1,-1,-1,-1,8,1,E01033501,0
Unvalidated,2024430127036,2024,430127036,2,9,0,18,6,2,0,0,0,0,0,0,1,1,6,1,45,7,-1,-1,-1,-1,-1,-1,-1,0
Unvalidated,2024430127187,2024,430127187,1,9,0,3,3,7,0,1,0,0,0,0,2,1,6,3,-1,-1,-1,-1,-1,-1,-1,-1,-1,0
Unvalidated,2024430127187,2024,430127187,2,9,0,18,3,7,0,1,0,0,0,0,1,1,6,2,61,9,-1,-1,-1,-1,10,1,E01017881,0
Unvalidated,2024430127259,2024,430127259,1,9,0,18,6,2,0,0,0,0,0,0,1,1,6,1,68,10,-1,-1,-1,-1,9,1,E01016272,0
Unvalidated,2024430127259,2024,430127259,2,9,0,3,6,2,0,0,0,0,0,0,2,1,6,2,53,8,-1,-1,-1,-1,5,1,E01016392,0
Unvalidated,2024430127312,2024,430127312,1,9,0,3,1,5,0,1,0,0,0,0,2,1,6,3,-1,-1,-1,-1,-1,-1,-1,-1,-1,0
Unvalidated,2024430127312,2024,430127312,2,9,0,18,1,5,0,1,0,0,0,0,1,1,2,2,63,9,-1,-1,-1,-1,5,1,E01017901,0
Unvalidated,2024430127573,2024,430127573,1,1,0,18,2,6,0,4,0,0,0,0,4,1,2,1,46,8,-1,-1,-1,-1,6,1,E01016615,0
Unvalidated,2024430127635,2024,430127635,1,3,0,18,3,7,0,8,0,0,0,0,4,1,2,2,27,6,-1,-1,-1,-1,7,1,E01016355,0
Unvalidated,2024430127635,2024,430127635,2,9,0,7,5,7,0,5,0,0,0,0,1,1,6,1,43,7,-1,-1,-1,-1,-1,-1,-1,0
Unvalidated,2024430128329,2024,430128329,1,19,0,12,1,5,0,0,1,0,0,0,2,1,6,1,66,10,-1,-1,-1,-1,10,1,E01016776,0
Unvalidated,2024430128329,2024,430128329,2,11,0,2,0,0,0,0,0,0,0,0,2,1,1,2,54,8,-1,-1,-1,-1,1,1,E01016845,0
Unvalidated,2024430128329,2024,430128329,3,9,0,18,1,5,0,0,1,0,0,0,1,1,6,1,20,4,-1,-1,-1,-1,3,1,E01016720,0
Unvalidated,2024430128329,2024,430128329,4,9,0,11,1,5,0,0,0,0,0,0,1,1,6,1,18,4,-1,-1,-1,-1,6,1,E01033525,0
Unvalidated,2024430128422,2024,430128422,1,9,0,8,4,6,0,1,0,0,0,0,2,1,6,2,47,8,-1,-1,-1,-1,9,1,E01032957,0
Unvalidated,2024430128422,2024,430128422,2,9,0,18,4,8,0,1,0,0,0,0,1,1,6,3,-1,-1,-1,-1,-1,-1,-1,-1,-1,0
Unvalidated,2024430128484,2024,430128484,1,9,0,3,2,6,0,0,0,0,0,0,1,1,6,1,73,10,-1,-1,-1,-1,9,1,E01016424,0
Unvalidated,2024430128484,2024,430128484,2,9,0,18,2,6,0,0,0,0,0,0,1,1,6,2,54,8,-1,-1,-1,-1,5,1,E01016419,0
Unvalidated,2024430128897,2024,430128897,1,9,0,18,8,4,0,0,0,0,0,0,4,1,2,2,38,7,-1,-1,-1,-1,5,1,E01017748,0
Unvalidated,2024430129766,2024,430129766,1,9,0,18,5,1,0,8,0,0,0,0,1,1,6,1,-1,-1,-1,-1,-1,-1,-1,-1,-1,0
Unvalidated,2024430129830,2024,430129830,1,9,0,18,3,7,0,1,0,0,0,0,4,1,1,1,56,9,-1,-1,-1,-1,-1,-1,-1,0
Unvalidated,2024430129843,2024,430129843,1,9,0,18,4,8,0,4,0,0,0,0,0,1,6,1,30,6,-1,-1,-1,-1,-1,-1,-1,0
Unvalidated,2024430129843,2024,430129843,2,1,0,18,3,7,0,8,0,0,0,0,0,1,2,2,29,6,-1,-1,-1,-1,2,1,E01028513,0
Unvalidated,2024430129978,2024,430129978,1,9,0,9,4,2,0,5,0,0,0,0,1,1,6,2,80,11,-1,-1,-1,-1,-1,-1,-1,0
Unvalidated,2024430131289,2024,430131289,1,8,0,18,8,4,0,0,0,0,0,0,4,1,1,1,-1,-1,-1,-1,-1,-1,-1,-1,-1,0
Unvalidated,2024430131289,2024,430131289,2,21,0,12,8,4,0,0,0,0,0,0,3,1,6,3,-1,-1,-1,-1,-1,-1,-1,-1,-1,0
Unvalidated,2024430131744,2024,430131744,1,9,0,9,4,2,0,8,0,0,0,0,4,1,1,1,31,6,-1,-1,-1,-1,5,1,E01002529,0
Unvalidated,2024430131744,2024,430131744,2,9,0,18,7,2,0,4,0,0,0,0,1,1,6,3,-1,-1,-1,-1,-1,-1,-1,-1,-1,0
Unvalidated,2024430133172,2024,430133172,1,3,0,18,4,8,0,6,0,0,0,0,1,1,6,1,38,7,-1,-1,-1,-1,3,1,E01016499,0
Unvalidated,2024430133172,2024,430133172,2,9,0,18,6,2,0,8,0,0,0,0,3,1,6,2,25,5,-1,-1,-1,-1,3,1,E01016455,0
Unvalidated,2024430133251,2024,430133251,1,9,0,9,7,5,0,0,0,0,0,0,1,1,6,2,59,9,-1,-1,-1,-1,10,1,E01016524,0
Unvalidated,2024430133251,2024,430133251,2,9,0,18,1,5,0,0,0,0,0,0,1,1,6,1,28,6,-1,-1,-1,-1,10,1,E01016546,0