status,collision_index,collision_year,collision_reference,vehicle_reference,vehicle_type,towing_and_articulation,vehicle_manoeuvre,vehicle_direction_from,vehicle_direction_to,vehicle_location_restricted_lane,junction_location,skidding_and_overturning,hit_object_in_carriageway,vehicle_leaving_carriageway,hit_object_off_carriageway,first_point_of_impact,vehicle_left_hand_drive,journey_purpose_of_driver,sex_of_driver,age_of_driver,age_band_of_driver,engine_capacity_cc,propulsion_code,age_of_vehicle,generic_make_model,driver_imd_decile,driver_home_area_type,lsoa_of_driver,escooter_flag
Unvalidated,2024430133251,2024,430133251,3,9,0,18,5,1,0,0,0,0,0,0,3,1,6,1,52,8,-1,-1,-1,-1,8,1,E01016544,0
Unvalidated,2024430133773,2024,430133773,1,9,0,18,4,8,0,0,0,0,0,0,1,1,6,2,61,9,-1,-1,-1,-1,10,1,E01015458,0
Unvalidated,2024430133778,2024,430133778,1,20,0,5,6,2,0,0,0,0,0,0,1,1,1,1,47,8,-1,-1,-1,-1,-1,-1,-1,0
Unvalidated,2024430133778,2024,430133778,2,9,0,18,6,2,0,0,0,0,0,0,2,1,6,1,27,6,-1,-1,-1,-1,2,1,E01028569,0
Unvalidated,2024430133999,2024,430133999,1,9,0,18,5,1,0,8,0,0,0,0,4,1,6,1,26,6,-1,-1,-1,-1,2,1,E01016363,0
Unvalidated,2024430133999,2024,430133999,2,98,0,1,7,3,0,6,0,0,0,0,2,1,6,1,-1,-1,-1,-1,-1,-1,-1,-1,-1,0
Unvalidated,2024430134478,2024,430134478,1,9,0,3,2,6,0,1,0,0,0,0,3,1,6,2,41,7,-1,-1,-1,-1,6,1,E01016492,0
Unvalidated,2024430134478,2024,430134478,2,9,0,18,2,6,0,1,0,0,0,0,4,1,6,3,-1,-1,-1,-1,-1,-1,-1,-1,-1,0
Unvalidated,2024430134493,2024,430134493,1,9,0,3,2,6,0,1,0,0,0,0,2,1,1,1,46,8,-1,-1,-1,-1,5,1,E01032840,0
Unvalidated,2024430134493,2024,430134493,2,9,0,18,2,6,0,1,0,0,0,0,1,1,6,3,-1,-1,-1,-1,-1,-1,-1,-1,-1,0
Unvalidated,2024430134918,2024,430134918,1,9,0,18,7,3,0,0,0,0,1,0,3,1,6,2,34,6,-1,-1,-1,-1,5,1,E01032724,0
Unvalidated,2024430135247,2024,430135247,1,9,0,7,2,4,0,6,1,0,0,0,4,1,6,1,52,8,-1,-1,-1,-1,9,1,E01017935,0
Unvalidated,2024430135414,2024,430135414,1,1,0,18,7,3,0,0,0,0,0,0,1,1,6,1,-1,-1,-1,-1,-1,-1,-1,-1,-1,0
Unvalidated,2024430135414,2024,430135414,2,9,0,2,0,0,0,0,0,0,0,0,2,1,6,1,36,7,-1,-1,-1,-1,4,1,E01016360,0
Unvalidated,2024430135657,2024,430135657,1,9,0,9,4,2,0,5,0,0,0,0,1,1,6,1,-1,-1,-1,-1,-1,-1,-1,-1,-1,0
Unvalidated,2024430135657,2024,430135657,2,1,0,18,8,4,0,8,0,0,0,0,1,1,1,1,15,3,-1,-1,-1,-1,4,1,E01016359,0
Unvalidated,2024430135782,2024,430135782,1,9,0,18,8,4,0,0,0,0,2,4,1,1,6,1,21,5,-1,-1,-1,-1,3,1,E01016486,0
Unvalidated,2024430136671,2024,430136671,1,1,0,17,5,3,0,0,0,0,0,0,4,1,6,1,65,9,-1,-1,-1,-1,7,3,E01016326,0
Unvalidated,2024430136671,2024,430136671,2,90,0,16,3,5,0,0,0,0,0,0,1,1,1,1,39,7,-1,-1,-1,-1,10,1,E01016259,0
Unvalidated,2024430136688,2024,430136688,1,4,0,4,5,1,0,1,0,0,0,0,1,1,6,1,77,11,-1,-1,-1,-1,10,1,E01028475,0
Unvalidated,2024430136688,2024,430136688,2,9,0,10,5,3,0,1,0,0,0,0,2,1,6,2,30,6,-1,-1,-1,-1,5,1,E01028430,0
Unvalidated,2024430137262,2024,430137262,1,3,0,13,7,3,0,1,0,0,7,0,4,1,6,1,32,6,-1,-1,-1,-1,-1,-1,-1,0
Unvalidated,2024430137262,2024,430137262,2,9,0,9,7,5,0,5,0,0,0,0,3,1,2,1,45,7,-1,-1,-1,-1,9,1,E01028535,0
Unvalidated,2024430138433,2024,430138433,1,8,0,18,8,4,0,0,0,0,0,0,4,1,6,1,-1,-1,-1,-1,-1,-1,-1,-1,-1,0
Unvalidated,2024430139102,2024,430139102,1,9,0,18,3,7,0,8,0,0,0,0,3,1,6,2,40,7,-1,-1,-1,-1,7,1,E01016331,0
Unvalidated,2024430139102,2024,430139102,2,9,0,9,3,1,0,8,0,0,0,0,4,1,6,2,-1,-1,-1,-1,-1,-1,-1,-1,-1,0
Unvalidated,2024430139354,2024,430139354,1,9,0,9,7,5,0,5,0,0,0,0,4,1,6,1,52,8,-1,-1,-1,-1,9,1,E01016330,0
Unvalidated,2024430139354,2024,430139354,2,5,0,18,3,7,0,8,0,0,0,0,1,1,6,1,57,9,-1,-1,-1,-1,8,1,E01016339,0
Unvalidated,2024430139561,2024,430139561,1,9,0,9,4,2,0,5,0,0,0,0,4,1,6,2,68,10,-1,-1,-1,-1,10,2,E01016270,0
Unvalidated,2024430139561,2024,430139561,2,9,0,18,8,4,0,8,0,0,0,0,1,1,6,2,35,6,-1,-1,-1,-1,-1,-1,-1,0
Unvalidated,2024430140460,2024,430140460,1,19,0,9,7,5,0,5,0,0,0,0,1,1,1,1,24,5,-1,-1,-1,-1,-1,-1,-1,0
Unvalidated,2024430140460,2024,430140460,2,1,0,18,3,7,0,8,0,0,0,0,2,1,6,1,24,5,-1,-1,-1,-1,7,1,E01017851,0
Unvalidated,2024430140620,2024,430140620,1,9,0,5,5,1,8,2,0,0,0,0,3,1,6,3,-1,-1,-1,-1,-1,-1,-1,-1,-1,0
Unvalidated,2024430140620,2024,430140620,2,5,0,18,5,1,0,2,0,0,0,0,4,1,2,2,36,7,-1,-1,-1,-1,9,1,E01016276,0
Unvalidated,2024430140928,2024,430140928,1,9,0,18,9,9,0,0,2,0,1,0,1,1,6,2,23,5,-1,-1,-1,-1,10,1,E01022892,0
Unvalidated,2024430140934,2024,430140934,1,9,0,5,5,1,0,8,0,0,0,0,2,1,6,2,27,6,-1,-1,-1,-1,3,1,E01017857,0
Unvalidated,2024430140934,2024,430140934,2,11,0,18,5,1,0,8,0,0,0,0,1,1,1,1,-1,-1,-1,-1,-1,-1,-1,-1,-1,0
Unvalidated,2024430140941,2024,430140941,1,20,0,18,6,2,0,4,0,0,0,0,3,1,2,1,29,6,-1,-1,-1,-1,8,1,E01016508,0
Unvalidated,2024430140941,2024,430140941,2,9,0,18,4,8,0,8,0,0,0,0,1,1,6,1,-1,-1,-1,-1,-1,-1,-1,-1,-1,0
Unvalidated,2024430141073,2024,430141073,1,9,0,18,8,4,0,0,0,0,0,0,1,1,6,3,-1,-1,-1,-1,-1,-1,-1,-1,-1,0
Unvalidated,2024430141415,2024,430141415,1,9,0,5,3,1,9,0,0,0,0,0,3,1,6,3,20,4,-1,-1,-1,-1,-1,-1,-1,0
Unvalidated,2024430141415,2024,430141415,2,1,0,18,1,5,4,0,0,0,0,0,1,1,6,2,24,5,-1,-1,-1,-1,3,1,E01028522,0
Unvalidated,2024430142104,2024,430142104,1,1,0,9,3,8,0,8,0,0,0,0,4,1,2,1,-1,-1,-1,-1,-1,-1,10,1,E01016386,0
Unvalidated,2024430142104,2024,430142104,2,9,0,18,6,2,0,4,0,0,0,0,1,1,6,1,-1,-1,-1,-1,-1,-1,-1,-1,-1,0
Unvalidated,2024430142830,2024,430142830,1,9,0,18,7,3,0,8,0,0,0,0,1,1,2,1,23,5,-1,-1,-1,-1,6,1,E01016473,0
Unvalidated,2024430142830,2024,430142830,2,9,0,9,3,1,0,5,0,0,0,0,1,1,6,1,53,8,-1,-1,-1,-1,3,1,E01032730,0
Unvalidated,2024430143297,2024,430143297,1,19,0,18,5,1,0,1,0,0,0,0,1,1,6,1,21,5,-1,-1,-1,-1,10,2,E01027276,0
Unvalidated,2024430143297,2024,430143297,2,9,0,3,5,1,0,1,0,0,0,0,2,1,6,1,65,9,-1,-1,-1,-1,10,1,E01017697,0
Unvalidated,2024430143817,2024,430143817,1,8,0,18,4,8,0,1,0,0,0,0,1,1,1,1,30,6,-1,-1,-1,-1,-1,-1,-1,0
Unvalidated,2024430143817,2024,430143817,2,9,0,3,4,8,0,1,0,0,0,0,2,1,6,3,-1,-1,-1,-1,-1,-1,-1,-1,-1,0
Unvalidated,2024430144076,2024,430144076,1,9,0,18,6,2,0,8,0,0,0,0,1,1,6,1,30,6,-1,-1,-1,-1,8,1,E01032609,0
Unvalidated,2024430144076,2024,430144076,2,9,0,9,8,6,0,6,0,0,0,0,1,1,6,1,41,7,-1,-1,-1,-1,6,1,E01017858,0
Unvalidated,2024430144244,2024,430144244,1,9,0,18,4,8,0,0,0,0,0,0,1,1,6,1,50,8,-1,-1,-1,-1,7,1,E01016584,0
Unvalidated,2024430144328,2024,430144328,1,9,0,17,6,3,0,0,1,0,1,4,1,1,6,1,33,6,-1,-1,-1,-1,8,1,E01022558,0
Unvalidated,2024430144637,2024,430144637,1,9,0,18,9,9,0,0,0,0,0,0,1,1,6,1,-1,-1,-1,-1,-1,-1,-1,-1,-1,0
Unvalidated,2024430144998,2024,430144998,1,9,0,18,4,8,0,0,0,0,0,0,1,1,6,1,83,11,-1,-1,-1,-1,4,1,E01016496,0
Unvalidated,2024430144998,2024,430144998,2,9,0,18,4,8,0,0,0,0,0,0,1,1,6,1,-1,-1,-1,-1,-1,-1,6,1,E01002602,0
Unvalidated,2024430144998,2024,430144998,3,9,0,4,4,8,0,0,0,0,0,0,2,1,6,1,32,6,-1,-1,-1,-1,8,1,E01003399,0
Unvalidated,2024430145074,2024,430145074,1,9,0,18,2,6,0,0,5,0,0,0,1,1,2,2,36,7,-1,-1,-1,-1,8,1,E01030622,0
Unvalidated,2024430145074,2024,430145074,2,9,0,3,2,6,0,0,0,0,0,0,2,1,6,2,51,8,-1,-1,-1,-1,10,2,E01027027,0
Unvalidated,2024430145074,2024,430145074,3,9,0,3,2,6,0,0,0,0,0,0,2,1,6,1,52,8,-1,-1,-1,-1,6,1,E01017928,0
Unvalidated,2024430145416,2024,430145416,1,9,0,18,4,7,0,2,0,0,0,0,4,1,6,1,31,6,-1,-1,-1,-1,6,1,E01017834,0
Unvalidated,2024430145515,2024,430145515,1,9,0,18,5,1,0,1,0,0,0,0,4,1,6,1,65,9,-1,-1,-1,-1,6,1,E01016393,0
Unvalidated,2024430145515,2024,430145515,2,1,0,18,7,3,0,1,0,0,0,0,1,1,6,1,-1,-1,-1,-1,-1,-1,6,1,E01016398,0
Unvalidated,2024430145614,2024,430145614,1,9,0,18,1,5,0,0,0,0,1,7,1,1,6,1,26,6,-1,-1,-1,-1,-1,-1,-1,0
Unvalidated,2024430145746,2024,430145746,1,9,0,9,3,1,0,6,0,0,0,0,3,1,6,2,48,8,-1,-1,-1,-1,8,1,E01017912,0
Unvalidated,2024430145746,2024,430145746,2,9,0,18,1,5,0,8,0,0,0,0,1,1,6,1,18,4,-1,-1,-1,-1,3,1,E01017906,0
Unvalidated,2024430146037,2024,430146037,1,1,0,9,3,1,0,8,0,0,0,0,1,1,2,1,18,4,-1,-1,-1,-1,8,1,E01016403,0
Unvalidated,2024430146037,2024,430146037,2,9,0,18,5,1,0,4,0,0,0,0,3,1,6,1,-1,-1,-1,-1,-1,-1,-1,-1,-1,0
Unvalidated,2024430146254,2024,430146254,1,21,0,18,2,6,0,0,0,0,0,0,3,1,1,1,32,6,-1,-1,-1,-1,4,1,E01017661,0
Unvalidated,2024430146254,2024,430146254,2,11,0,18,6,2,0,0,0,0,0,0,3,1,1,3,-1,-1,-1,-1,-1,-1,-1,-1,-1,0
Unvalidated,2024430146590,2024,430146590,1,22,0,18,8,4,9,8,0,0,0,0,4,1,6,1,-1,-1,-1,-1,-1,-1,-1,-1,-1,0
Unvalidated,2024430146590,2024,430146590,2,9,0,5,2,6,9,8,0,0,0,0,1,1,6,1,-1,-1,-1,-1,-1,-1,9,1,E01028772,0
Unvalidated,2024430146740,2024,430146740,1,9,0,9,6,4,0,6,0,0,0,0,1,1,6,1,72,10,-1,-1,-1,-1,9,3,E01017783,0
Unvalidated,2024430146844,2024,430146844,1,9,0,18,6,2,0,0,0,0,0,0,1,1,1,1,25,5,-1,-1,-1,-1,10,1,E01016702,0
Unvalidated,2024430147099,2024,430147099,1,9,0,18,2,6,0,8,0,0,0,0,1,1,6,1,26,6,-1,-1,-1,-1,-1,-1,-1,0
Unvalidated,2024430147099,2024,430147099,2,2,0,9,6,4,0,8,0,0,0,0,4,1,6,1,26,6,-1,-1,-1,-1,-1,-1,-1,0
Unvalidated,2024430147733,2024,430147733,1,5,0,18,1,5,0,0,0,0,0,0,2,1,6,1,19,4,-1,-1,-1,-1,-1,-1,-1,0
Unvalidated,2024430147733,2024,430147733,2,9,0,18,1,5,0,0,0,0,0,0,1,1,6,1,61,9,-1,-1,-1,-1,10,1,E01028694,0
Unvalidated,2024430148643,2024,430148643,1,9,0,18,7,3,0,0,0,0,0,0,2,1,2,2,54,8,-1,-1,-1,-1,10,2,E01028736,0
Unvalidated,2024430148643,2024,430148643,2,1,0,18,7,3,0,0,0,0,0,0,2,1,2,1,66,10,-1,-1,-1,-1,10,2,E01028736,0
Unvalidated,2024430148714,2024,430148714,1,9,0,18,2,6,0,6,0,0,0,0,1,1,6,1,43,7,-1,-1,-1,-1,8,2,E01017931,0
Unvalidated,2024430148714,2024,430148714,2,9,0,18,8,4,0,8,0,0,0,0,1,1,6,2,48,8,-1,-1,-1,-1,10,1,E01032956,0
Unvalidated,2024430148761,2024,430148761,1,1,0,18,3,7,0,1,0,0,0,0,1,1,6,1,33,6,-1,-1,-1,-1,3,1,E01022132,0
Unvalidated,2024430148761,2024,430148761,2,9,0,4,3,7,0,1,0,0,0,0,2,1,6,1,53,8,-1,-1,-1,-1,10,1,E01016284,0
Unvalidated,2024430149018,2024,430149018,1,9,0,1,2,6,0,0,0,0,0,0,2,1,6,2,-1,-1,-1,-1,-1,-1,-1,-1,-1,0
Unvalidated,2024430149054,2024,430149054,1,19,0,9,1,7,0,8,1,0,0,0,1,1,1,1,24,5,-1,-1,-1,-1,-1,-1,-1,0
Unvalidated,2024430149054,2024,430149054,2,9,0,18,3,7,0,8,0,10,2,11,1,1,6,2,37,7,-1,-1,-1,-1,-1,-1,-1,0
Unvalidated,2024430149649,2024,430149649,1,9,0,18,9,9,0,4,0,0,0,0,1,1,6,1,62,9,-1,-1,-1,-1,-1,-1,-1,0
Unvalidated,2024430149649,2024,430149649,2,3,0,18,3,7,0,8,0,0,0,0,4,1,6,2,-1,-1,-1,-1,-1,-1,-1,-1,-1,0
Unvalidated,2024430149885,2024,430149885,1,9,0,9,2,8,0,6,0,0,0,0,3,1,6,2,39,7,-1,-1,-1,-1,7,3,E01016326,0
Unvalidated,2024430149885,2024,430149885,2,9,0,18,4,8,0,8,0,0,0,0,1,1,6,2,59,9,-1,-1,-1,-1,9,3,E01016303,0
Unvalidated,2024430150520,2024,430150520,1,9,0,4,5,1,0,2,0,0,0,0,2,1,6,1,21,5,-1,-1,-1,-1,5,1,E01016362,0
Unvalidated,2024430150520,2024,430150520,2,19,0,18,5,1,0,2,0,0,0,0,1,1,6,1,-1,-1,-1,-1,-1,-1,7,2,E01016344,0
Unvalidated,2024430150520,2024,430150520,3,9,0,4,5,1,0,2,0,0,0,0,0,1,6,2,-1,-1,-1,-1,-1,-1,-1,-1,-1,0
Unvalidated,2024430150667,2024,430150667,1,3,0,18,4,8,0,8,0,0,0,0,1,1,2,1,33,6,-1,-1,-1,-1,4,1,E01014645,0
Unvalidated,2024430150667,2024,430150667,2,9,0,9,1,8,0,6,0,0,0,0,4,1,6,2,-1,-1,-1,-1,-1,-1,-1,-1,-1,0
Unvalidated,2024430150976,2024,430150976,1,9,0,4,7,3,0,0,0,0,0,0,2,1,6,2,25,5,-1,-1,-1,-1,5,1,W01001164,0
Unvalidated,2024430150976,2024,430150976,2,9,0,18,7,3,0,0,0,0,0,0,1,1,6,2,-1,-1,-1,-1,-1,-1,-1,-1,-1,0
Unvalidated,2024430151816,2024,430151816,1,9,0,18,5,1,0,6,0,0,0,0,1,1,6,1,45,7,-1,-1,-1,-1,4,2,E01024919,0
Unvalidated,2024430151816,2024,430151816,2,9,0,18,4,8,0,8,0,0,0,0,4,1,6,1,69,10,-1,-1,-1,-1,8,1,E01027194,0
Unvalidated,2024430152382,2024,430152382,1,19,0,3,4,8,0,2,0,0,0,0,2,1,1,2,59,9,-1,-1,-1,-1,5,1,E01016437,0
Unvalidated,2024430152382,2024,430152382,2,9,0,18,4,8,0,2,0,0,0,0,1,1,6,1,-1,-1,-1,-1,-1,-1,-1,-1,-1,0
Unvalidated,2024430152594,2024,430152594,1,9,0,10,7,6,0,1,0,0,0,0,2,1,1,2,18,4,-1,-1,-1,-1,9,1,E01022560,0
Unvalidated,2024430152594,2024,430152594,2,9,0,18,7,3,0,1,0,0,0,0,1,1,1,2,26,6,-1,-1,-1,-1,8,1,E01016334,0
Unvalidated,2024430152697,2024,430152697,1,9,0,18,5,1,0,0,5,0,2,4,1,1,6,1,56,9,-1,-1,-1,-1,10,1,E01028752,0
Unvalidated,2024430152813,2024,430152813,1,9,0,18,2,6,0,0,0,0,0,0,1,1,6,2,60,9,-1,-1,-1,-1,7,3,E01032892,0
Unvalidated,2024430152820,2024,430152820,1,9,0,18,6,2,0,0,0,0,0,0,3,1,6,2,60,9,-1,-1,-1,-1,7,3,E01032892,0
Unvalidated,2024430154150,2024,430154150,1,1,0,18,6,2,9,0,0,0,0,0,4,1,6,2,45,7,-1,-1,-1,-1,8,3,E01028510,0
Unvalidated,2024430154365,2024,430154365,1,9,0,18,7,3,0,1,0,0,0,0,1,1,6,1,73,10,-1,-1,-1,-1,10,3,E01017729,0
Unvalidated,2024430154365,2024,430154365,2,9,0,18,3,7,0,1,0,0,0,0,1,1,2,2,51,8,-1,-1,-1,-1,10,2,E01028615,0
Unvalidated,2024430154526,2024,430154526,1,9,0,9,4,2,0,5,0,0,0,0,4,1,2,1,42,7,-1,-1,-1,-1,9,1,E01002451,0
Unvalidated,2024430154526,2024,430154526,2,20,0,18,8,4,0,1,0,0,0,0,4,1,6,3,-1,-1,-1,-1,-1,-1,-1,-1,-1,0
Unvalidated,2024430154976,2024,430154976,1,20,0,9,1,7,0,5,0,0,0,0,1,1,2,1,33,6,-1,-1,-1,-1,3,1,E01016444,0
Unvalidated,2024430154976,2024,430154976,2,1,0,18,5,1,0,8,0,0,0,0,3,1,6,1,41,7,-1,-1,-1,-1,4,1,E01016484,0
Unvalidated,2024430155338,2024,430155338,1,9,0,18,3,7,0,0,1,0,0,0,4,1,2,1,28,6,-1,-1,-1,-1,5,1,E01017899,0
Unvalidated,2024430155338,2024,430155338,2,19,0,12,3,7,0,0,0,0,0,0,2,1,6,3,-1,-1,-1,-1,-1,-1,-1,-1,-1,0
Unvalidated,2024430155929,2024,430155929,1,21,1,5,2,6,0,0,0,0,0,0,2,1,1,1,23,5,-1,-1,-1,-1,9,1,E01029675,0
Unvalidated,2024430155929,2024,430155929,2,9,0,18,2,6,0,0,0,0,0,0,1,1,6,1,75,10,-1,-1,-1,-1,6,3,E01023284,0
Unvalidated,2024430156232,2024,430156232,1,9,0,18,5,1,0,1,0,0,0,0,1,1,6,2,-1,-1,-1,-1,-1,-1,-1,-1,-1,0
Unvalidated,2024430156232,2024,430156232,2,9,0,3,5,1,0,1,0,0,0,0,2,1,6,1,42,7,-1,-1,-1,-1,4,2,E01028604,0
Unvalidated,2024430156700,2024,430156700,1,9,0,9,3,1,0,8,0,0,0,0,3,1,6,3,-1,-1,-1,-1,-1,-1,-1,-1,-1,0
Unvalidated,2024430156700,2024,430156700,2,9,0,18,8,4,0,8,0,0,0,0,1,1,6,2,55,8,-1,-1,-1,-1,7,1,E01017516,0
Unvalidated,2024430156704,2024,430156704,1,9,0,18,8,4,0,0,0,0,0,0,4,1,6,2,49,8,-1,-1,-1,-1,4,1,E01016435,0
Unvalidated,2024430156704,2024,430156704,2,21,0,18,8,4,0,0,0,0,0,0,3,1,6,1,-1,-1,-1,-1,-1,-1,-1,-1,-1,0
Unvalidated,2024430156717,2024,430156717,1,9,0,3,3,7,0,1,0,0,0,0,2,1,6,2,30,6,-1,-1,-1,-1,10,2,E01017677,0
Unvalidated,2024430156717,2024,430156717,2,9,0,18,3,7,0,1,0,0,0,0,1,1,6,1,50,8,-1,-1,-1,-1,-1,-1,-1,0
Unvalidated,2024430156816,2024,430156816,1,9,0,10,3,1,0,1,0,0,0,0,2,1,6,1,60,9,-1,-1,-1,-1,8,1,E01017814,0
Unvalidated,2024430156816,2024,430156816,2,9,0,18,3,7,0,1,0,0,0,0,1,1,6,3,-1,-1,-1,-1,-1,-1,-1,-1,-1,0
Unvalidated,2024430157594,2024,430157594,1,9,0,5,3,1,0,1,0,0,0,0,1,1,6,1,23,5,-1,-1,-1,-1,3,1,E01028449,0
Unvalidated,2024430157594,2024,430157594,2,9,0,18,1,5,0,1,0,0,0,0,4,1,6,2,76,11,-1,-1,-1,-1,4,1,E01028453,0
Unvalidated,2024430157596,2024,430157596,1,9,0,18,5,1,0,0,0,0,0,0,3,1,6,1,37,7,-1,-1,-1,-1,4,1,E01017905,0
Unvalidated,2024430157596,2024,430157596,2,9,0,13,5,1,0,0,0,0,0,0,4,1,6,3,-1,-1,-1,-1,-1,-1,-1,-1,-1,0
Unvalidated,2024430157881,2024,430157881,1,9,0,18,6,2,0,0,0,0,0,0,1,1,6,2,47,8,-1,-1,-1,-1,7,1,E01028818,0
Unvalidated,2024430160032,2024,430160032,1,9,0,9,1,7,0,1,0,0,0,0,1,1,6,1,75,10,-1,-1,-1,-1,8,3,E01028766,0
Unvalidated,2024430160032,2024,430160032,2,1,0,10,7,5,0,2,0,0,0,0,1,1,6,1,54,8,-1,-1,-1,-1,9,1,E01032950,0
Unvalidated,2024430160271,2024,430160271,1,9,0,1,5,1,0,2,0,0,0,0,2,1,6,1,-1,-1,-1,-1,-1,-1,-1,-1,-1,0
Unvalidated,2024430160299,2024,430160299,1,19,0,18,1,4,0,1,0,0,0,0,1,1,1,1,51,8,-1,-1,-1,-1,3,1,E01028516,0
Unvalidated,2024430160299,2024,430160299,2,19,0,10,1,7,0,1,0,0,0,0,2,1,1,1,49,8,-1,-1,-1,-1,7,1,E01017860,0
Unvalidated,2024430160311,2024,430160311,1,9,0,7,5,7,0,6,0,0,0,0,1,1,6,1,32,6,-1,-1,-1,-1,2,1,E01001367,0
Unvalidated,2024430160311,2024,430160311,2,1,0,18,3,7,0,1,0,0,0,0,4,1,6,2,44,7,-1,-1,-1,-1,8,1,E01028547,0
Unvalidated,2024430161080,2024,430161080,1,1,0,9,7,5,0,5,0,0,0,0,1,1,2,1,46,8,-1,-1,-1,-1,10,1,E01017749,0
Unvalidated,2024430161080,2024,430161080,2,9,0,17,1,7,0,1,0,0,0,0,1,1,6,1,33,6,-1,-1,-1,-1,6,1,E01017791,0
Unvalidated,2024430161101,2024,430161101,1,9,0,18,1,5,0,0,0,0,1,0,1,1,6,1,53,8,-1,-1,-1,-1,8,1,E01016595,0
Unvalidated,2024430161232,2024,430161232,1,9,0,4,5,1,0,0,0,0,0,0,1,1,6,2,44,7,-1,-1,-1,-1,8,1,E01030662,0
Unvalidated,2024430161232,2024,430161232,2,9,0,4,5,1,0,0,0,0,0,0,2,1,6,2,22,5,-1,-1,-1,-1,9,1,E01030646,0
Unvalidated,2024430161232,2024,430161232,3,19,0,4,5,1,0,0,0,0,0,0,2,1,6,1,39,7,-1,-1,-1,-1,4,1,E01001321,0
Unvalidated,2024430161232,2024,430161232,4,9,0,4,5,1,0,0,0,0,0,0,2,1,6,1,19,4,-1,-1,-1,-1,5,1,E01002661,0
Unvalidated,2024430161232,2024,430161232,5,19,0,4,5,1,0,0,0,0,0,0,2,1,6,1,43,7,-1,-1,-1,-1,5,1,E01002950,0
Unvalidated,2024430161232,2024,430161232,6,19,0,4,5,1,0,0,0,0,0,0,2,1,6,1,26,6,-1,-1,-1,-1,1,1,E01032471,0
Unvalidated,2024430161232,2024,430161232,7,9,0,4,5,1,0,0,0,0,0,0,2,1,6,1,52,8,-1,-1,-1,-1,6,2,E01024363,0
Unvalidated,2024430161373,2024,430161373,1,19,0,18,6,2,0,0,0,0,0,0,2,1,1,1,53,8,-1,-1,-1,-1,9,1,E01016258,0
Unvalidated,2024430161373,2024,430161373,2,19,0,18,6,2,0,0,0,0,0,0,1,1,1,2,-1,-1,-1,-1,-1,-1,3,1,E01015491,0
Unvalidated,2024430161794,2024,430161794,1,9,0,18,8,4,0,4,0,0,0,0,4,1,6,1,83,11,-1,-1,-1,-1,9,1,E01017655,0
Unvalidated,2024430161794,2024,430161794,2,1,0,18,8,4,0,4,0,0,0,0,3,1,6,2,56,9,-1,-1,-1,-1,8,1,E01017653,0
Unvalidated,2024430161938,2024,430161938,1,9,0,9,8,5,0,8,0,0,0,0,1,1,6,1,23,5,-1,-1,-1,-1,6,1,E01016477,0
Unvalidated,2024430161938,2024,430161938,2,8,0,18,4,8,0,4,0,0,0,0,3,1,6,1,-1,-1,-1,-1,-1,-1,-1,-1,-1,0
Unvalidated,2024430162191,2024,430162191,1,9,0,9,8,6,0,6,0,0,0,0,3,1,2,1,41,7,-1,-1,-1,-1,3,1,E01016389,0
Unvalidated,2024430162191,2024,430162191,2,9,0,18,6,2,0,8,0,0,0,0,1,1,6,1,-1,-1,-1,-1,-1,-1,8,1,W01001677,0
Unvalidated,2024430162304,2024,430162304,1,9,0,9,8,6,0,8,0,0,0,0,3,1,6,1,69,10,-1,-1,-1,-1,4,1,E01016727,0
Unvalidated,2024430162304,2024,430162304,2,4,0,18,6,2,0,8,0,0,0,0,1,1,6,1,32,6,-1,-1,-1,-1,4,1,E01016710,0
Unvalidated,2024430162307,2024,430162307,1,1,0,18,4,8,0,0,0,4,0,0,3,1,6,2,41,7,-1,-1,-1,-1,4,2,E01020715,0
Unvalidated,2024430162307,2024,430162307,2,9,0,1,8,4,0,0,0,0,0,0,4,1,6,1,-1,-1,-1,-1,-1,-1,-1,-1,-1,0
Unvalidated,2024430162544,2024,430162544,1,3,0,18,4,8,0,0,1,0,0,0,1,1,6,1,20,4,-1,-1,-1,-1,10,1,E01017640,0
Unvalidated,2024430162789,2024,430162789,1,9,0,5,9,9,0,0,0,0,0,0,1,2,6,1,32,6,-1,-1,-1,-1,-1,-1,-1,0
Unvalidated,2024430162789,2024,430162789,2,1,0,18,1,5,9,0,0,0,0,0,4,1,2,1,29,6,-1,-1,-1,-1,5,1,E01028542,0
Unvalidated,2024430162882,2024,430162882,1,9,0,9,6,4,0,5,0,0,0,0,1,1,6,1,40,7,-1,-1,-1,-1,-1,-1,-1,0
Unvalidated,2024430162882,2024,430162882,2,1,0,18,4,8,0,8,0,0,0,0,4,1,6,1,38,7,-1,-1,-1,-1,-1,-1,-1,0
Unvalidated,2024430162923,2024,430162923,1,8,0,18,7,3,0,2,0,0,0,0,1,1,1,1,51,8,-1,-1,-1,-1,5,1,E01016405,0
Unvalidated,2024430163001,2024,430163001,1,9,0,7,3,5,0,4,0,0,0,0,0,1,6,1,28,6,-1,-1,-1,-1,6,1,E01017928,0
Unvalidated,2024430163001,2024,430163001,2,3,0,18,1,5,0,4,0,0,0,0,0,1,2,1,29,6,-1,-1,-1,-1,5,1,E01017907,0
Unvalidated,2024430163383,2024,430163383,1,3,0,8,7,2,0,1,0,0,0,0,2,1,1,1,43,7,-1,-1,-1,-1,6,1,E01017852,0
Unvalidated,2024430163383,2024,430163383,2,9,0,18,7,2,0,1,0,0,0,0,1,1,6,3,-1,-1,-1,-1,-1,-1,-1,-1,-1,0
Unvalidated,2024430163582,2024,430163582,1,19,0,9,8,6,0,1,0,0,0,0,1,1,6,1,62,9,-1,-1,-1,-1,9,1,E01028650,0