status,collision_index,collision_year,collision_reference,vehicle_reference,vehicle_type,towing_and_articulation,vehicle_manoeuvre,vehicle_direction_from,vehicle_direction_to,vehicle_location_restricted_lane,junction_location,skidding_and_overturning,hit_object_in_carriageway,vehicle_leaving_carriageway,hit_object_off_carriageway,first_point_of_impact,vehicle_left_hand_drive,journey_purpose_of_driver,sex_of_driver,age_of_driver,age_band_of_driver,engine_capacity_cc,propulsion_code,age_of_vehicle,generic_make_model,driver_imd_decile,driver_home_area_type,lsoa_of_driver,escooter_flag
Unvalidated,2024430163582,2024,430163582,2,9,0,18,2,6,0,8,0,0,0,0,3,1,6,1,61,9,-1,-1,-1,-1,2,1,E01016438,0
Unvalidated,2024430165166,2024,430165166,1,9,0,18,5,1,0,3,0,0,0,0,1,1,6,1,55,8,-1,-1,-1,-1,-1,-1,-1,0
Unvalidated,2024430165166,2024,430165166,2,9,0,18,5,1,0,3,0,0,0,0,2,1,2,1,41,7,-1,-1,-1,-1,6,1,E01028757,0
Unvalidated,2024430165187,2024,430165187,1,9,0,14,7,3,0,0,0,10,0,0,4,1,6,1,50,8,-1,-1,-1,-1,-1,-1,-1,0
Unvalidated,2024430165187,2024,430165187,2,21,0,4,0,0,0,0,0,0,0,0,3,1,1,2,25,5,-1,-1,-1,-1,-1,-1,-1,0
Unvalidated,2024430165214,2024,430165214,1,9,0,18,7,3,0,0,0,0,0,0,4,1,6,1,37,7,-1,-1,-1,-1,7,1,E01017851,0
Unvalidated,2024430165214,2024,430165214,2,9,0,12,7,3,0,0,0,0,0,0,3,1,6,1,45,7,-1,-1,-1,-1,-1,-1,-1,0
Unvalidated,2024430165301,2024,430165301,1,9,0,18,1,5,0,6,0,0,0,0,4,1,6,1,73,10,-1,-1,-1,-1,10,2,E01031214,0
Unvalidated,2024430165301,2024,430165301,2,1,0,18,3,7,0,8,0,0,0,0,1,1,6,1,57,9,-1,-1,-1,-1,10,1,E01028475,0
Unvalidated,2024430165552,2024,430165552,1,9,0,1,1,5,0,0,0,0,1,11,2,1,6,2,84,11,-1,-1,-1,-1,10,2,E01028684,0
Unvalidated,2024430165682,2024,430165682,1,9,0,18,3,7,0,0,0,0,0,0,1,1,1,1,28,6,-1,-1,-1,-1,10,1,E01016228,0
Unvalidated,2024430165682,2024,430165682,2,9,0,4,3,7,0,0,0,0,0,0,2,1,6,1,73,10,-1,-1,-1,-1,3,1,E01016501,0
Unvalidated,2024430165728,2024,430165728,1,9,0,7,3,5,0,6,0,0,0,0,1,1,6,1,54,8,-1,-1,-1,-1,10,1,E01017755,0
Unvalidated,2024430165911,2024,430165911,1,9,0,9,6,4,0,2,0,0,1,4,1,1,6,1,19,4,-1,-1,-1,-1,3,1,E01028519,0
Unvalidated,2024430165915,2024,430165915,1,9,0,7,2,5,0,6,0,0,0,0,4,1,6,1,59,9,-1,-1,-1,-1,4,1,E01017661,0
Unvalidated,2024430165915,2024,430165915,2,1,0,18,5,1,5,1,0,0,0,0,1,1,6,1,21,5,-1,-1,-1,-1,9,1,E01017660,0
Unvalidated,2024430166221,2024,430166221,1,9,0,9,4,2,0,5,0,0,0,0,4,1,6,1,21,5,-1,-1,-1,-1,3,1,E01017666,0
Unvalidated,2024430166221,2024,430166221,2,9,0,18,8,4,0,8,0,0,0,0,1,1,6,1,41,7,-1,-1,-1,-1,5,1,E01017659,0
Unvalidated,2024430167558,2024,430167558,1,9,0,1,4,8,0,0,0,0,0,0,2,1,6,1,27,6,-1,-1,-1,-1,10,3,E01017632,0
Unvalidated,2024430167558,2024,430167558,2,97,0,18,8,4,0,0,0,0,0,0,1,1,6,1,-1,-1,-1,-1,-1,-1,-1,-1,-1,0
Unvalidated,2024430167641,2024,430167641,1,1,0,6,3,3,0,0,0,0,0,0,4,1,2,1,16,4,-1,-1,-1,-1,4,1,E01016215,0
Unvalidated,2024430167641,2024,430167641,2,9,0,18,7,3,0,0,0,0,0,0,1,1,6,2,-1,-1,-1,-1,-1,-1,-1,-1,-1,0
Unvalidated,2024430167760,2024,430167760,1,9,0,18,8,4,0,1,0,0,0,0,1,1,6,1,29,6,-1,-1,-1,-1,10,1,E01016528,0
Unvalidated,2024430167760,2024,430167760,2,9,0,10,8,6,0,1,0,0,0,0,2,1,6,1,55,8,-1,-1,-1,-1,10,1,E01016559,0
Unvalidated,2024430167795,2024,430167795,1,19,0,18,8,4,0,1,0,0,0,0,4,1,2,1,42,7,-1,-1,-1,-1,-1,-1,-1,0
Unvalidated,2024430167795,2024,430167795,2,1,0,18,8,4,0,1,0,0,0,0,3,1,6,1,9,2,-1,-1,-1,-1,4,1,E01016356,0
Unvalidated,2024430168104,2024,430168104,1,5,0,18,2,6,0,8,1,9,3,1,1,1,6,1,29,6,-1,-1,-1,-1,5,1,E01018183,0
Unvalidated,2024430168584,2024,430168584,1,9,0,18,5,1,0,1,0,0,0,0,1,1,6,1,32,6,-1,-1,-1,-1,-1,-1,-1,0
Unvalidated,2024430168584,2024,430168584,2,1,0,18,3,7,0,8,0,0,0,0,4,1,2,1,38,7,-1,-1,-1,-1,7,1,E01028541,0
Unvalidated,2024430169267,2024,430169267,1,9,0,18,2,6,0,0,0,0,0,0,3,1,6,1,56,9,-1,-1,-1,-1,6,1,E01023216,0
Unvalidated,2024430169267,2024,430169267,2,9,0,18,2,6,0,0,0,0,0,0,4,1,6,3,-1,-1,-1,-1,-1,-1,-1,-1,-1,0
Unvalidated,2024430169367,2024,430169367,1,9,0,12,7,3,0,1,0,0,0,0,2,1,6,2,40,7,-1,-1,-1,-1,-1,-1,-1,0
Unvalidated,2024430169367,2024,430169367,2,9,0,3,7,3,0,1,0,0,0,0,2,1,6,1,60,9,-1,-1,-1,-1,-1,-1,-1,0
Unvalidated,2024430169367,2024,430169367,3,9,0,3,7,3,0,1,0,0,0,0,2,1,6,1,30,6,-1,-1,-1,-1,-1,-1,-1,0
Unvalidated,2024430169367,2024,430169367,4,9,0,12,7,3,0,6,0,0,0,0,2,1,6,1,50,8,-1,-1,-1,-1,-1,-1,-1,0
Unvalidated,2024430169507,2024,430169507,1,9,0,18,4,8,0,0,1,0,6,4,1,1,6,1,45,7,-1,-1,-1,-1,7,1,E01016250,0
Unvalidated,2024430169516,2024,430169516,1,3,0,11,4,8,0,1,0,0,0,0,4,1,6,1,19,4,-1,-1,-1,-1,-1,-1,-1,0
Unvalidated,2024430169516,2024,430169516,2,9,0,18,4,8,2,1,0,0,0,0,3,1,6,1,25,5,-1,-1,-1,-1,-1,-1,-1,0
Unvalidated,2024430170098,2024,430170098,1,9,0,18,9,9,0,0,0,0,0,0,9,1,6,3,-1,-1,-1,-1,-1,-1,-1,-1,-1,0
Unvalidated,2024430170359,2024,430170359,1,9,0,18,5,1,0,0,0,0,0,0,2,1,2,2,54,8,-1,-1,-1,-1,10,1,E01016343,0
Unvalidated,2024430170359,2024,430170359,2,9,0,18,5,1,0,0,0,0,0,0,1,1,6,2,-1,-1,-1,-1,-1,-1,-1,-1,-1,0
Unvalidated,2024430171059,2024,430171059,1,9,0,18,2,6,0,2,0,0,0,0,4,1,6,2,49,8,-1,-1,-1,-1,5,1,E01016503,0
Unvalidated,2024430171810,2024,430171810,1,4,0,3,2,6,0,1,0,0,0,0,2,1,2,1,32,6,-1,-1,-1,-1,4,1,E01023828,0
Unvalidated,2024430171810,2024,430171810,2,9,0,18,2,6,0,1,0,0,0,0,1,1,6,1,45,7,-1,-1,-1,-1,-1,-1,-1,0
Unvalidated,2024430172101,2024,430172101,1,9,0,13,7,3,0,0,0,0,0,0,1,1,6,2,40,7,-1,-1,-1,-1,-1,3,-1,0
Unvalidated,2024430172101,2024,430172101,2,11,0,18,3,7,0,0,0,0,0,0,1,1,1,1,60,9,-1,-1,-1,-1,-1,-1,-1,0
Unvalidated,2024430172311,2024,430172311,1,9,0,18,4,8,0,0,0,0,0,0,1,1,6,2,57,9,-1,-1,-1,-1,10,1,E01032962,0
Unvalidated,2024430172311,2024,430172311,2,1,0,18,6,2,0,0,0,0,0,0,1,1,4,1,12,3,-1,-1,-1,-1,10,1,E01032962,0
Unvalidated,2024430172374,2024,430172374,1,9,0,4,4,8,0,0,0,0,0,0,2,1,6,2,57,9,-1,-1,-1,-1,8,3,E01017750,0
Unvalidated,2024430172374,2024,430172374,2,9,0,18,4,8,0,0,0,0,0,0,1,1,6,1,30,6,-1,-1,-1,-1,-1,-1,-1,0
Unvalidated,2024430172379,2024,430172379,1,9,0,9,6,4,0,6,0,0,3,0,3,1,6,1,51,8,-1,-1,-1,-1,6,1,E01028548,0
Unvalidated,2024430172379,2024,430172379,2,4,4,13,4,8,0,1,0,0,0,0,1,1,6,2,50,8,-1,-1,-1,-1,10,1,E01032948,0
Unvalidated,2024430172704,2024,430172704,1,9,0,18,8,4,0,0,0,0,0,0,1,1,6,3,-1,-1,-1,-1,-1,-1,-1,-1,-1,0
Unvalidated,2024430173639,2024,430173639,1,9,0,5,1,5,2,0,0,0,0,0,3,1,6,2,45,7,-1,-1,-1,-1,-1,-1,-1,0
Unvalidated,2024430173639,2024,430173639,2,1,0,3,5,1,2,0,0,0,0,0,0,1,3,1,34,6,-1,-1,-1,-1,-1,1,-1,0
Unvalidated,2024430174208,2024,430174208,1,9,0,18,3,7,0,0,0,0,0,0,1,1,2,1,51,8,-1,-1,-1,-1,9,1,E01028723,0
Unvalidated,2024430174261,2024,430174261,1,9,0,7,7,1,0,1,0,0,0,0,4,1,6,2,40,7,-1,-1,-1,-1,7,1,E01028818,0
Unvalidated,2024430174261,2024,430174261,2,1,0,18,7,3,4,1,0,0,0,0,3,1,6,1,47,8,-1,-1,-1,-1,-1,-1,-1,0
Unvalidated,2024430174504,2024,430174504,1,3,0,11,5,1,0,0,0,0,0,0,1,1,6,1,19,4,-1,-1,-1,-1,8,3,E01016610,0
Unvalidated,2024430174504,2024,430174504,2,9,0,3,5,1,0,0,0,0,0,0,2,1,6,1,48,8,-1,-1,-1,-1,5,1,E01016233,0
Unvalidated,2024430174504,2024,430174504,3,19,0,12,5,1,0,0,0,0,0,0,0,1,1,3,-1,-1,-1,-1,-1,-1,-1,-1,-1,0
Unvalidated,2024430174660,2024,430174660,1,9,0,13,4,8,0,0,0,0,5,6,3,1,6,2,63,9,-1,-1,-1,-1,9,1,E01005357,0
Unvalidated,2024430174660,2024,430174660,2,19,0,18,4,8,0,0,0,0,0,0,0,1,6,3,-1,-1,-1,-1,-1,-1,-1,-1,-1,0
Unvalidated,2024430175008,2024,430175008,1,3,0,14,8,4,0,0,0,0,0,0,4,1,2,1,46,8,-1,-1,-1,-1,4,1,E01016496,0
Unvalidated,2024430175008,2024,430175008,2,9,0,6,8,8,0,0,0,0,0,0,3,1,6,1,-1,-1,-1,-1,-1,-1,-1,-1,-1,0
Unvalidated,2024430175028,2024,430175028,1,9,0,9,8,5,0,6,0,0,0,0,3,1,6,1,47,8,-1,-1,-1,-1,9,3,E01030910,0
Unvalidated,2024430175028,2024,430175028,2,9,0,18,5,1,0,8,1,0,0,0,1,1,6,2,85,11,-1,-1,-1,-1,9,3,E01028660,0
Unvalidated,2024430175040,2024,430175040,1,9,0,18,7,3,0,0,0,0,1,0,1,1,6,1,33,6,-1,-1,-1,-1,8,1,E01028443,0
Unvalidated,2024430175040,2024,430175040,2,9,0,18,3,7,0,0,0,0,0,0,1,1,6,1,53,8,-1,-1,-1,-1,8,1,E01016758,0
Unvalidated,2024430176573,2024,430176573,1,9,0,5,6,8,0,6,0,0,0,0,1,1,6,1,59,9,-1,-1,-1,-1,8,2,E01017720,0
Unvalidated,2024430176573,2024,430176573,2,9,0,8,6,8,0,1,0,0,0,0,2,1,6,2,21,5,-1,-1,-1,-1,-1,-1,-1,0
Unvalidated,2024430177217,2024,430177217,1,9,0,18,8,4,9,8,0,0,0,0,3,1,1,1,42,7,-1,-1,-1,-1,3,1,E01023310,0
Unvalidated,2024430177217,2024,430177217,2,1,0,18,6,2,9,8,0,0,0,0,1,1,6,1,90,11,-1,-1,-1,-1,9,1,E01017641,0
Unvalidated,2024430177424,2024,430177424,1,9,0,18,6,2,0,0,0,0,0,0,4,1,6,2,74,10,-1,-1,-1,-1,10,1,E01016621,0
Unvalidated,2024430177424,2024,430177424,2,9,0,2,0,0,0,0,0,0,1,0,2,1,6,1,17,4,-1,-1,-1,-1,10,1,E01016617,0
Unvalidated,2024430177959,2024,430177959,1,1,0,18,2,6,9,0,0,0,0,0,1,1,2,1,31,6,-1,-1,-1,-1,5,1,E01016460,0
Unvalidated,2024430177959,2024,430177959,2,9,0,18,4,8,0,0,0,0,0,0,1,1,6,1,-1,-1,-1,-1,-1,-1,5,1,E01016460,0
Unvalidated,2024430178932,2024,430178932,1,9,0,9,2,8,0,8,0,0,0,0,3,1,6,1,-1,-1,-1,-1,-1,-1,-1,-1,-1,0
Unvalidated,2024430178932,2024,430178932,2,9,0,18,8,4,0,8,0,0,0,0,1,1,6,1,53,8,-1,-1,-1,-1,5,1,E01016836,0
Unvalidated,2024430179490,2024,430179490,1,5,0,18,1,5,0,0,1,0,0,0,1,1,6,1,54,8,-1,-1,-1,-1,7,1,E01016191,0
Unvalidated,2024430179490,2024,430179490,2,9,0,4,1,5,0,0,0,0,0,0,2,1,6,2,35,6,-1,-1,-1,-1,9,1,E01016193,0
Unvalidated,2024430179490,2024,430179490,3,9,0,18,5,1,0,0,0,0,0,0,1,1,6,1,26,6,-1,-1,-1,-1,1,1,E01013628,0
Unvalidated,2024430179940,2024,430179940,1,9,0,18,2,6,0,0,0,0,0,0,1,1,6,2,-1,-1,-1,-1,-1,-1,-1,-1,-1,0
Unvalidated,2024430180150,2024,430180150,1,9,0,18,6,2,0,0,0,0,0,0,1,1,4,1,17,4,-1,-1,-1,-1,8,1,E01016780,0
Unvalidated,2024430180150,2024,430180150,2,9,0,18,2,6,0,0,0,0,0,0,1,1,6,2,55,8,-1,-1,-1,-1,7,1,E01017705,0
Unvalidated,2024430180370,2024,430180370,1,9,0,18,6,2,0,0,0,0,0,0,3,1,6,2,58,9,-1,-1,-1,-1,3,1,E01023157,0
Unvalidated,2024430180370,2024,430180370,2,1,0,18,4,8,0,0,0,0,0,0,1,1,6,1,11,3,-1,-1,-1,-1,-1,-1,-1,0
Unvalidated,2024430180550,2024,430180550,1,9,0,18,8,4,0,0,0,0,0,0,1,1,6,1,-1,-1,-1,-1,-1,-1,-1,-1,-1,0
Unvalidated,2024430180550,2024,430180550,2,9,0,18,4,8,0,0,0,0,0,0,1,1,6,1,25,5,-1,-1,-1,-1,-1,-1,-1,0
Unvalidated,2024430180941,2024,430180941,1,1,0,7,4,6,0,3,0,0,0,0,3,1,6,2,42,7,-1,-1,-1,-1,10,2,E01028788,0
Unvalidated,2024430180941,2024,430180941,2,21,1,7,4,6,0,3,0,0,0,0,4,1,2,1,46,8,-1,-1,-1,-1,8,1,E01032951,0
Unvalidated,2024430181132,2024,430181132,1,5,0,10,5,2,0,1,0,0,0,0,2,1,2,1,57,9,-1,-1,-1,-1,4,1,E01017902,0
Unvalidated,2024430181132,2024,430181132,2,9,0,18,5,2,0,1,0,0,0,0,1,1,6,2,31,6,-1,-1,-1,-1,-1,-1,-1,0
Unvalidated,2024430181133,2024,430181133,1,90,0,18,3,7,0,0,0,0,0,0,3,1,6,1,15,3,-1,-1,-1,-1,4,1,E01016435,1
Unvalidated,2024430181133,2024,430181133,2,9,0,18,1,5,0,0,0,0,0,0,1,1,1,2,32,6,-1,-1,-1,-1,6,1,E01016434,0
Unvalidated,2024430181290,2024,430181290,1,9,0,14,6,2,0,0,0,0,0,0,1,1,6,2,46,8,-1,-1,-1,-1,9,3,E01033514,0
Unvalidated,2024430181440,2024,430181440,1,90,0,18,2,6,0,1,0,0,0,0,1,1,6,1,12,3,-1,-1,-1,-1,-1,-1,-1,0
Unvalidated,2024430181440,2024,430181440,2,9,0,4,8,4,0,1,0,0,0,0,4,1,6,1,54,8,-1,-1,-1,-1,-1,-1,-1,0
Unvalidated,2024430181466,2024,430181466,1,9,0,12,8,4,0,0,0,0,1,4,3,1,6,1,26,6,-1,-1,-1,-1,4,1,E01022523,0
Unvalidated,2024430181683,2024,430181683,1,9,0,18,1,5,0,6,0,0,0,0,1,1,6,1,46,8,-1,-1,-1,-1,10,1,E01016624,0
Unvalidated,2024430181683,2024,430181683,2,3,0,18,7,3,0,8,0,0,0,0,1,1,6,1,22,5,-1,-1,-1,-1,5,1,E01016437,0
Unvalidated,2024430181691,2024,430181691,1,9,0,18,2,6,0,1,0,0,0,0,1,1,6,1,41,7,-1,-1,-1,-1,10,1,E01016200,0
Unvalidated,2024430181691,2024,430181691,2,9,0,7,8,2,0,3,1,9,7,0,1,1,6,3,-1,-1,-1,-1,-1,-1,-1,-1,-1,0
Unvalidated,2024430181694,2024,430181694,1,9,0,7,2,4,0,8,0,0,0,0,2,1,6,2,28,6,-1,-1,-1,-1,4,1,E01016481,0
Unvalidated,2024430181694,2024,430181694,2,9,0,11,2,6,0,8,0,0,0,0,1,1,6,3,-1,-1,-1,-1,-1,-1,-1,-1,-1,0
Unvalidated,2024430181941,2024,430181941,1,3,0,18,4,8,0,8,1,0,0,0,4,1,1,1,19,4,-1,-1,-1,-1,4,1,E01016215,0
Unvalidated,2024430181941,2024,430181941,2,9,0,18,6,2,0,8,0,0,0,0,1,1,6,3,-1,-1,-1,-1,-1,-1,-1,-1,-1,0
Unvalidated,2024430182209,2024,430182209,1,9,0,7,6,8,0,4,0,0,0,0,3,1,6,2,29,6,-1,-1,-1,-1,8,1,E01032725,0
Unvalidated,2024430182209,2024,430182209,2,9,0,7,6,8,0,4,0,0,0,0,4,1,6,1,-1,-1,-1,-1,-1,-1,4,1,E01016207,0
Unvalidated,2024430182505,2024,430182505,1,5,0,18,4,8,0,0,0,10,0,0,4,1,6,1,40,7,-1,-1,-1,-1,5,3,E01030285,0
Unvalidated,2024430182625,2024,430182625,1,9,0,9,3,1,0,8,0,0,0,0,3,1,6,1,50,8,-1,-1,-1,-1,-1,-1,-1,0
Unvalidated,2024430182625,2024,430182625,2,3,0,18,1,5,0,8,0,0,0,0,1,1,6,1,23,5,-1,-1,-1,-1,8,3,E01016801,0
Unvalidated,2024430183033,2024,430183033,1,20,0,18,5,1,0,1,0,0,0,0,1,1,1,1,30,6,-1,-1,-1,-1,-1,-1,-1,0
Unvalidated,2024430183033,2024,430183033,2,9,0,10,5,1,0,1,0,0,0,0,2,1,6,2,36,7,-1,-1,-1,-1,10,1,E01028820,0
Unvalidated,2024430184263,2024,430184263,1,1,0,18,7,3,0,1,0,0,0,0,1,1,4,2,32,6,-1,-1,-1,-1,6,1,E01028586,0
Unvalidated,2024430184263,2024,430184263,2,8,0,18,7,3,0,1,0,0,0,0,2,1,1,1,-1,-1,-1,-1,-1,-1,-1,-1,-1,0
Unvalidated,2024430185471,2024,430185471,1,9,0,18,2,6,0,1,0,10,0,0,1,1,2,1,21,5,-1,-1,-1,-1,3,1,E01016456,0
Unvalidated,2024430185471,2024,430185471,2,9,0,10,2,8,0,1,0,0,0,0,2,1,2,1,63,9,-1,-1,-1,-1,3,1,E01016511,0
Unvalidated,2024430185471,2024,430185471,3,9,0,18,2,6,0,1,0,0,0,0,3,1,2,1,53,8,-1,-1,-1,-1,4,1,E01016517,0
Unvalidated,2024430185936,2024,430185936,1,9,0,3,8,4,0,1,0,0,0,0,2,1,2,1,34,6,-1,-1,-1,-1,10,1,E01016235,0
Unvalidated,2024430185936,2024,430185936,2,9,0,18,8,4,0,1,0,0,0,0,1,1,6,1,-1,-1,-1,-1,-1,-1,-1,-1,-1,0
Unvalidated,2024430186075,2024,430186075,1,9,0,16,5,7,0,0,0,0,0,0,1,1,6,2,87,11,-1,-1,-1,-1,9,1,E01017722,0
Unvalidated,2024430186075,2024,430186075,2,9,0,17,7,5,0,0,0,0,0,0,1,1,6,2,76,11,-1,-1,-1,-1,10,2,E01017682,0
Unvalidated,2024430186075,2024,430186075,3,9,0,17,7,5,0,0,0,0,0,0,3,1,6,1,42,7,-1,-1,-1,-1,7,3,E01017643,0
Unvalidated,2024430186224,2024,430186224,1,9,0,18,8,4,0,2,0,0,0,0,1,1,6,1,25,5,-1,-1,-1,-1,4,3,E01016705,0
Unvalidated,2024430186826,2024,430186826,1,9,0,18,2,6,0,0,0,0,0,0,4,1,3,2,27,6,-1,-1,-1,-1,9,1,E01016513,0
Unvalidated,2024430186826,2024,430186826,2,19,0,12,2,6,0,0,0,0,0,0,3,1,6,1,-1,-1,-1,-1,-1,-1,-1,-1,-1,0
Unvalidated,2024430186915,2024,430186915,1,9,0,9,6,4,0,1,0,0,0,0,3,1,6,1,31,6,-1,-1,-1,-1,6,2,E01016309,0
Unvalidated,2024430186915,2024,430186915,2,9,0,13,6,2,0,1,0,0,0,0,1,1,6,1,-1,-1,-1,-1,-1,-1,3,1,E01016353,0
Unvalidated,2024430187280,2024,430187280,1,9,0,1,7,3,0,0,0,0,0,0,2,1,6,1,-1,-1,-1,-1,-1,-1,-1,-1,-1,0
Unvalidated,2024430187281,2024,430187281,1,9,0,3,2,6,0,1,0,0,0,0,2,1,6,1,45,7,-1,-1,-1,-1,5,1,E01002446,0
Unvalidated,2024430187281,2024,430187281,2,9,0,18,2,6,0,1,0,0,0,0,1,1,6,2,-1,-1,-1,-1,-1,-1,-1,-1,-1,0
Unvalidated,2024430187911,2024,430187911,1,9,0,18,2,6,0,8,0,0,0,0,4,1,6,1,29,6,-1,-1,-1,-1,4,1,E01017904,0
Unvalidated,2024430187911,2024,430187911,2,9,0,9,4,2,0,6,0,0,0,0,1,1,6,2,30,6,-1,-1,-1,-1,4,1,E01017904,0
Unvalidated,2024430188020,2024,430188020,1,9,0,18,4,8,0,0,0,0,0,0,3,1,6,3,-1,-1,-1,-1,-1,-1,-1,-1,-1,0
Unvalidated,2024430188020,2024,430188020,2,9,0,18,4,8,0,0,0,0,4,6,4,1,6,2,47,8,-1,-1,-1,-1,2,1,E01033498,0
Unvalidated,2024430188099,2024,430188099,1,9,0,18,5,1,0,8,0,0,0,0,1,1,6,2,52,8,-1,-1,-1,-1,8,1,E01017818,0
Unvalidated,2024430188444,2024,430188444,1,9,0,7,5,7,0,6,0,0,0,0,1,1,6,1,20,4,-1,-1,-1,-1,-1,-1,-1,0
Unvalidated,2024430188444,2024,430188444,2,1,0,18,5,1,0,8,0,0,0,0,3,1,6,1,14,3,-1,-1,-1,-1,-1,-1,-1,0
Unvalidated,2024430188453,2024,430188453,1,9,0,17,7,4,0,0,0,0,0,0,4,1,6,3,-1,-1,-1,-1,-1,-1,-1,-1,-1,0
Unvalidated,2024430189074,2024,430189074,1,9,0,18,2,6,0,0,1,0,1,0,2,1,6,2,24,5,-1,-1,-1,-1,3,1,E01016520,0
Unvalidated,2024430189251,2024,430189251,1,9,0,18,4,8,0,0,0,0,0,0,1,1,6,1,-1,-1,-1,-1,-1,-1,-1,-1,-1,0
Unvalidated,2024430189272,2024,430189272,1,19,0,9,7,5,0,5,0,0,0,0,4,1,1,1,32,6,-1,-1,-1,-1,-1,-1,-1,0
Unvalidated,2024430189272,2024,430189272,2,1,0,18,3,7,5,8,0,0,1,0,1,1,2,1,31,6,-1,-1,-1,-1,9,3,E01028683,0
Unvalidated,2024430189605,2024,430189605,1,9,0,7,7,1,0,2,0,0,0,0,1,1,2,2,29,6,-1,-1,-1,-1,6,1,E01028771,0
Unvalidated,2024430189605,2024,430189605,2,11,0,18,1,5,0,1,0,0,0,0,1,1,1,1,43,7,-1,-1,-1,-1,8,1,E01028817,0
Unvalidated,2024430189605,2024,430189605,3,9,0,18,5,1,0,2,0,0,0,0,1,1,2,1,25,5,-1,-1,-1,-1,9,1,E01028772,0
Unvalidated,2024430190321,2024,430190321,1,9,0,3,4,7,0,1,0,0,0,0,2,1,2,2,40,7,-1,-1,-1,-1,7,1,E01017910,0
Unvalidated,2024430190321,2024,430190321,2,9,0,18,4,7,0,1,0,0,0,0,1,1,6,1,45,7,-1,-1,-1,-1,-1,-1,-1,0
Unvalidated,2024430190544,2024,430190544,1,1,0,9,8,6,0,8,0,0,0,0,4,1,6,2,80,11,-1,-1,-1,-1,10,1,E01016652,0
Unvalidated,2024430190544,2024,430190544,2,9,0,18,2,6,0,4,0,0,0,0,1,1,6,3,-1,-1,-1,-1,-1,-1,-1,-1,-1,0
Unvalidated,2024430190785,2024,430190785,1,90,0,18,9,9,9,0,0,0,0,0,1,1,6,1,-1,-1,-1,-1,-1,-1,-1,-1,-1,1
Unvalidated,2024430190821,2024,430190821,1,9,0,3,3,7,0,1,0,0,0,0,2,1,6,1,47,8,-1,-1,-1,-1,9,1,E01002535,0
Unvalidated,2024430190821,2024,430190821,2,9,0,18,3,7,0,1,0,0,0,0,1,1,6,1,-1,-1,-1,-1,-1,-1,-1,-1,-1,0
Unvalidated,2024430191223,2024,430191223,1,1,0,18,6,2,0,8,0,0,0,0,3,1,6,1,39,7,-1,-1,-1,-1,10,1,E01016668,0
Unvalidated,2024430191223,2024,430191223,2,8,0,9,2,8,0,5,0,0,0,0,4,1,6,1,-1,-1,-1,-1,-1,-1,-1,-1,-1,0
Unvalidated,2024430191225,2024,430191225,1,9,0,8,4,6,0,1,0,0,0,0,2,1,6,2,55,8,-1,-1,-1,-1,10,1,E01016208,0
Unvalidated,2024430191225,2024,430191225,2,9,0,18,4,8,0,1,0,0,0,0,1,1,6,1,-1,-1,-1,-1,-1,-1,5,1,E01030852,0
Unvalidated,2024430191560,2024,430191560,1,9,0,18,4,8,0,1,0,0,0,0,1,1,6,3,-1,-1,-1,-1,-1,-1,-1,-1,-1,0
Unvalidated,2024430191560,2024,430191560,2,9,0,3,4,8,0,1,0,0,0,0,2,1,6,1,36,7,-1,-1,-1,-1,2,1,E01027341,0
Unvalidated,2024430192244,2024,430192244,1,9,0,2,0,0,0,8,0,0,0,0,1,1,1,1,27,6,-1,-1,-1,-1,-1,-1,-1,0
Unvalidated,2024430192244,2024,430192244,2,9,0,1,4,8,0,8,0,0,0,0,4,1,6,1,25,5,-1,-1,-1,-1,-1,-1,-1,0
Unvalidated,2024430192286,2024,430192286,1,3,0,6,3,3,0,8,0,0,0,0,1,1,6,1,28,6,-1,-1,-1,-1,6,1,E01028528,0
Unvalidated,2024430192286,2024,430192286,2,9,0,18,0,0,0,4,0,0,0,0,3,1,6,2,-1,-1,-1,-1,-1,-1,-1,-1,-1,0
Unvalidated,2024430192653,2024,430192653,1,1,0,18,2,6,0,8,0,0,0,0,3,1,4,1,17,4,-1,-1,-1,-1,10,1,E01016659,0
Unvalidated,2024430192653,2024,430192653,2,9,0,18,8,4,0,6,0,0,0,0,1,1,6,1,-1,-1,-1,-1,-1,-1,-1,-1,-1,0
Unvalidated,2024430193192,2024,430193192,1,9,0,18,1,5,0,2,0,0,0,0,1,1,6,2,32,6,-1,-1,-1,-1,-1,-1,-1,0
Unvalidated,2024430193192,2024,430193192,2,1,0,18,3,7,0,1,0,0,1,0,3,1,2,1,25,5,-1,-1,-1,-1,7,1,E01028521,0
Unvalidated,2024430193308,2024,430193308,1,9,0,9,3,1,0,6,0,0,0,0,3,1,6,2,59,9,-1,-1,-1,-1,3,1,E01017711,0
Unvalidated,2024430193308,2024,430193308,2,11,0,18,1,5,0,8,0,0,0,0,1,1,1,1,45,7,-1,-1,-1,-1,3,1,E01017711,0
Unvalidated,2024430193600,2024,430193600,1,9,0,18,2,6,0,0,0,0,0,0,1,1,6,1,81,11,-1,-1,-1,-1,1,1,E01004702,0
Unvalidated,2024430193600,2024,430193600,2,9,0,18,6,2,0,0,0,0,0,0,1,1,6,2,74,10,-1,-1,-1,-1,10,1,E01016639,0
Unvalidated,2024430193690,2024,430193690,1,9,0,18,6,2,0,8,0,0,0,0,4,1,6,1,24,5,-1,-1,-1,-1,10,1,E01016410,0
Unvalidated,2024430193690,2024,430193690,2,9,0,18,6,2,0,8,0,0,0,0,1,2,6,2,65,9,-1,-1,-1,-1,-1,-1,-1,0