status,collision_index,collision_year,collision_reference,vehicle_reference,vehicle_type,towing_and_articulation,vehicle_manoeuvre,vehicle_direction_from,vehicle_direction_to,vehicle_location_restricted_lane,junction_location,skidding_and_overturning,hit_object_in_carriageway,vehicle_leaving_carriageway,hit_object_off_carriageway,first_point_of_impact,vehicle_left_hand_drive,journey_purpose_of_driver,sex_of_driver,age_of_driver,age_band_of_driver,engine_capacity_cc,propulsion_code,age_of_vehicle,generic_make_model,driver_imd_decile,driver_home_area_type,lsoa_of_driver,escooter_flag
Unvalidated,2024430193788,2024,430193788,1,9,0,5,0,5,0,8,0,0,0,0,3,1,6,1,47,8,-1,-1,-1,-1,-1,-1,-1,0
Unvalidated,2024430193788,2024,430193788,2,1,0,14,5,1,4,1,0,0,0,0,4,1,2,1,30,6,-1,-1,-1,-1,10,2,E01028734,0
Unvalidated,2024430194130,2024,430194130,1,9,0,18,7,3,0,0,0,0,0,0,1,1,6,1,62,9,-1,-1,-1,-1,-1,-1,-1,0
Unvalidated,2024430194130,2024,430194130,2,16,0,4,3,7,0,0,1,0,0,0,4,1,6,2,17,4,-1,-1,-1,-1,8,3,E01028737,0
Unvalidated,2024430194440,2024,430194440,1,9,0,18,4,8,0,0,5,0,1,4,1,1,2,1,40,7,-1,-1,-1,-1,-1,-1,-1,0
Unvalidated,2024430194618,2024,430194618,1,9,0,13,2,6,0,8,0,0,0,0,4,1,6,3,-1,-1,-1,-1,-1,-1,-1,-1,-1,0
Unvalidated,2024430194618,2024,430194618,2,9,0,18,2,6,0,8,0,0,0,0,3,1,6,1,66,10,-1,-1,-1,-1,9,1,E01016788,0
Unvalidated,2024430194626,2024,430194626,1,9,0,9,3,1,0,1,0,4,0,0,1,1,6,1,62,9,-1,-1,-1,-1,-1,-1,-1,0
Unvalidated,2024430194626,2024,430194626,2,1,0,4,9,9,0,2,0,0,0,0,1,1,2,1,28,6,-1,-1,-1,-1,6,1,E01028579,0
Unvalidated,2024430194708,2024,430194708,1,9,0,18,1,5,0,0,1,0,0,0,1,1,6,1,50,8,-1,-1,-1,-1,8,1,E01022163,0
Unvalidated,2024430194708,2024,430194708,2,8,0,18,1,5,0,0,1,0,0,0,2,1,1,1,49,8,-1,-1,-1,-1,5,1,E01016838,0
Unvalidated,2024430195308,2024,430195308,1,8,0,18,1,5,0,1,0,0,0,0,1,1,1,1,32,6,-1,-1,-1,-1,6,3,E01032968,0
Unvalidated,2024430195308,2024,430195308,2,19,0,4,1,5,0,1,0,0,0,0,2,1,6,1,30,6,-1,-1,-1,-1,7,3,E01028480,0
Unvalidated,2024430195308,2024,430195308,3,9,0,4,1,5,0,1,0,0,0,0,2,1,6,1,18,4,-1,-1,-1,-1,6,2,E01031211,0
Unvalidated,2024430195308,2024,430195308,4,9,0,10,1,5,0,1,0,0,0,0,0,1,6,1,20,4,-1,-1,-1,-1,9,2,E01031219,0
Unvalidated,2024430195485,2024,430195485,1,19,0,9,2,8,0,5,0,0,0,0,4,1,6,1,34,6,-1,-1,-1,-1,5,1,E01016487,0
Unvalidated,2024430195485,2024,430195485,2,9,0,18,6,2,0,8,0,0,0,0,1,1,6,2,18,4,-1,-1,-1,-1,10,1,E01016227,0
Unvalidated,2024430195485,2024,430195485,3,9,0,3,8,4,0,1,0,0,0,0,1,1,6,1,25,5,-1,-1,-1,-1,4,1,E01002592,0
Unvalidated,2024430195485,2024,430195485,4,9,0,3,8,4,0,1,0,0,0,0,3,1,6,1,27,6,-1,-1,-1,-1,10,1,E01016628,0
Unvalidated,2024430195912,2024,430195912,1,9,0,7,2,4,0,5,0,0,1,4,1,1,2,2,48,8,-1,-1,-1,-1,8,1,E01016805,0
Unvalidated,2024430196750,2024,430196750,1,9,0,18,1,5,0,2,0,0,0,0,1,1,3,1,51,8,-1,-1,-1,-1,3,1,E01016445,0
Unvalidated,2024430196913,2024,430196913,1,9,0,18,2,6,0,3,0,0,0,0,4,1,6,1,43,7,-1,-1,-1,-1,4,1,E01016517,0
Unvalidated,2024430196913,2024,430196913,2,98,0,12,2,6,0,5,0,0,0,0,3,1,6,1,20,4,-1,-1,-1,-1,-1,-1,-1,0
Unvalidated,2024430197003,2024,430197003,1,3,0,6,1,1,0,8,0,0,0,0,4,1,2,2,36,7,-1,-1,-1,-1,8,1,E01028547,0
Unvalidated,2024430197003,2024,430197003,2,9,0,18,5,1,0,4,0,0,0,0,3,1,6,2,-1,-1,-1,-1,-1,-1,-1,-1,-1,0
Unvalidated,2024430197186,2024,430197186,1,1,0,18,8,4,0,2,0,0,0,0,3,1,2,2,42,7,-1,-1,-1,-1,5,1,E01016369,0
Unvalidated,2024430197186,2024,430197186,2,19,0,14,4,8,0,1,0,0,0,0,3,1,6,1,-1,-1,-1,-1,-1,-1,-1,-1,-1,0
Unvalidated,2024430197326,2024,430197326,1,9,0,18,3,7,0,0,0,0,0,0,1,1,6,1,-1,-1,-1,-1,-1,-1,-1,-1,-1,0
Unvalidated,2024430197801,2024,430197801,1,8,0,18,2,6,0,1,0,0,1,1,1,1,1,1,-1,-1,-1,-1,-1,-1,-1,-1,-1,0
Unvalidated,2024430197942,2024,430197942,1,9,0,18,2,6,0,0,0,0,0,0,1,1,2,2,20,4,-1,-1,-1,-1,8,3,E01029517,0
Unvalidated,2024430197942,2024,430197942,2,9,0,18,2,6,0,0,0,0,0,0,2,1,2,1,30,6,-1,-1,-1,-1,5,1,E01016554,0
Unvalidated,2024430197942,2024,430197942,3,9,0,3,2,6,0,0,0,0,0,0,2,1,2,1,30,6,-1,-1,-1,-1,6,1,E01016530,0
Unvalidated,2024430197959,2024,430197959,1,9,0,9,8,6,0,5,0,0,0,0,1,1,6,1,49,8,-1,-1,-1,-1,9,1,E01016790,0
Unvalidated,2024430197959,2024,430197959,2,9,0,18,6,2,0,8,0,0,0,0,1,1,1,1,56,9,-1,-1,-1,-1,9,1,E01033193,0
Unvalidated,2024430198163,2024,430198163,1,9,0,14,4,8,0,0,0,0,0,0,3,1,6,1,85,11,-1,-1,-1,-1,9,3,E01017888,0
Unvalidated,2024430198522,2024,430198522,1,21,1,18,4,8,0,0,0,0,5,6,1,1,1,1,53,8,-1,-1,-1,-1,10,3,E01032893,0
Unvalidated,2024430198864,2024,430198864,1,4,0,16,5,8,0,1,0,0,0,0,1,1,1,1,58,9,-1,-1,-1,-1,6,2,E01028677,0
Unvalidated,2024430198864,2024,430198864,2,9,0,17,8,5,0,2,0,0,0,0,1,1,6,1,-1,-1,-1,-1,-1,-1,10,2,E01028685,0
Unvalidated,2024430198864,2024,430198864,3,9,0,2,0,0,0,2,0,0,0,0,3,1,6,2,-1,-1,-1,-1,-1,-1,10,3,E01028606,0
Unvalidated,2024430198881,2024,430198881,1,9,0,18,1,6,0,2,0,0,0,0,1,1,6,2,57,9,-1,-1,-1,-1,10,3,E01017885,0
Unvalidated,2024430199202,2024,430199202,1,9,0,9,6,3,0,6,0,0,0,0,2,1,2,2,68,10,-1,-1,-1,-1,10,1,E01017882,0
Unvalidated,2024430199202,2024,430199202,2,9,0,18,3,7,0,8,0,0,0,0,1,1,6,1,27,6,-1,-1,-1,-1,4,1,E01017904,0
Unvalidated,2024430199374,2024,430199374,1,9,0,4,9,9,0,4,0,0,0,0,1,1,6,1,32,6,-1,-1,-1,-1,-1,-1,-1,0
Unvalidated,2024430199374,2024,430199374,2,9,0,3,1,5,0,4,0,0,0,0,2,1,3,2,51,8,-1,-1,-1,-1,9,2,E01028482,0
Unvalidated,2024430199400,2024,430199400,1,21,0,13,6,2,0,0,0,0,0,0,4,1,1,1,49,8,-1,-1,-1,-1,1,1,E01014654,0
Unvalidated,2024430199400,2024,430199400,2,1,0,18,6,2,0,0,0,0,0,0,1,1,6,2,-1,-1,-1,-1,-1,-1,7,1,E01022477,0
Unvalidated,2024430199786,2024,430199786,1,90,0,18,6,2,0,0,0,0,0,0,4,1,6,2,20,4,-1,-1,-1,-1,5,1,E01016807,0
Unvalidated,2024430199786,2024,430199786,2,9,0,18,1,5,0,0,0,0,0,0,1,1,6,1,-1,-1,-1,-1,-1,-1,-1,-1,-1,0
Unvalidated,2024430200061,2024,430200061,1,19,0,18,5,1,0,1,0,0,0,0,1,1,6,1,-1,-1,-1,-1,-1,-1,-1,-1,-1,0
Unvalidated,2024430200247,2024,430200247,1,9,0,18,8,4,0,0,0,0,0,0,1,1,6,1,57,9,-1,-1,-1,-1,-1,-1,-1,0
Unvalidated,2024430200247,2024,430200247,2,1,0,18,2,6,0,0,0,0,0,0,3,1,6,1,15,3,-1,-1,-1,-1,-1,-1,-1,0
Unvalidated,2024430200820,2024,430200820,1,9,0,8,2,5,0,8,0,0,0,0,2,1,1,2,59,9,-1,-1,-1,-1,9,1,E01022496,0
Unvalidated,2024430200820,2024,430200820,2,9,0,18,2,6,0,8,0,0,0,0,1,1,6,1,-1,-1,-1,-1,-1,-1,-1,-1,-1,0
Unvalidated,2024430201001,2024,430201001,1,11,0,18,8,4,0,0,0,0,0,0,4,1,1,1,-1,-1,-1,-1,-1,-1,3,1,E01028519,0
Unvalidated,2024430201272,2024,430201272,1,9,0,13,1,5,0,1,0,0,0,0,4,1,6,3,-1,-1,-1,-1,-1,-1,-1,-1,-1,0
Unvalidated,2024430201272,2024,430201272,2,1,0,18,1,5,0,1,0,0,0,0,3,1,2,1,20,4,-1,-1,-1,-1,-1,-1,-1,0
Unvalidated,2024430201303,2024,430201303,1,9,0,3,8,4,0,1,0,0,0,0,2,1,2,1,28,6,-1,-1,-1,-1,3,1,E01032730,0
Unvalidated,2024430201303,2024,430201303,2,10,0,18,8,4,0,1,0,0,0,0,1,1,6,1,-1,-1,-1,-1,-1,-1,-1,-1,-1,0
Unvalidated,2024430201704,2024,430201704,1,1,0,3,6,2,0,0,0,0,0,0,1,1,6,2,74,10,-1,-1,-1,-1,10,1,E01016604,0
Unvalidated,2024430201704,2024,430201704,2,9,0,1,2,6,0,0,0,0,0,0,2,1,6,1,-1,-1,-1,-1,-1,-1,-1,-1,-1,0
Unvalidated,2024430201950,2024,430201950,1,9,0,18,7,3,0,8,0,0,0,0,3,1,6,2,32,6,-1,-1,-1,-1,-1,3,-1,0
Unvalidated,2024430201950,2024,430201950,2,1,0,18,5,1,0,8,0,0,0,0,1,1,6,1,22,5,-1,-1,-1,-1,9,2,E01028790,0
Unvalidated,2024430202238,2024,430202238,1,9,0,4,7,3,0,1,0,0,0,0,2,1,6,2,48,8,-1,-1,-1,-1,3,1,E01016452,0
Unvalidated,2024430202238,2024,430202238,2,9,0,18,7,3,0,1,0,0,0,0,1,1,6,1,-1,-1,-1,-1,-1,-1,-1,-1,-1,0
Unvalidated,2024430203123,2024,430203123,1,9,0,18,5,1,0,1,0,0,0,0,1,1,6,1,32,6,-1,-1,-1,-1,-1,-1,-1,0
Unvalidated,2024430203123,2024,430203123,2,9,0,4,5,1,0,1,0,0,0,0,2,1,2,2,36,7,-1,-1,-1,-1,7,1,E01028470,0
Unvalidated,2024430203917,2024,430203917,1,9,0,18,4,8,0,2,0,0,0,0,3,1,6,1,32,6,-1,-1,-1,-1,10,1,E01016316,0
Unvalidated,2024430203917,2024,430203917,2,1,0,18,2,6,0,2,0,0,0,0,1,1,6,1,48,8,-1,-1,-1,-1,-1,-1,-1,0
Unvalidated,2024430203991,2024,430203991,1,9,0,9,5,4,0,8,0,0,0,0,1,1,6,2,42,7,-1,-1,-1,-1,-1,-1,-1,0
Unvalidated,2024430203991,2024,430203991,2,9,0,18,1,5,0,4,0,0,0,0,3,1,6,2,49,8,-1,-1,-1,-1,7,3,E01016288,0
Unvalidated,2024430204026,2024,430204026,1,9,0,9,6,8,0,5,0,0,0,0,0,1,1,1,30,6,-1,-1,-1,-1,9,1,E01017637,0
Unvalidated,2024430204026,2024,430204026,2,9,0,9,6,8,0,5,1,0,0,0,1,1,6,3,-1,-1,-1,-1,-1,-1,-1,-1,-1,0
Unvalidated,2024430204026,2024,430204026,3,9,0,5,8,4,0,1,0,0,0,0,1,1,6,2,50,8,-1,-1,-1,-1,2,1,E01017707,0
Unvalidated,2024430204111,2024,430204111,1,9,0,4,4,8,0,3,0,0,0,0,2,1,6,2,69,10,-1,-1,-1,-1,10,3,E01017870,0
Unvalidated,2024430204111,2024,430204111,2,1,0,18,4,8,0,3,0,0,0,0,1,1,6,1,75,10,-1,-1,-1,-1,-1,-1,-1,0
Unvalidated,2024430204115,2024,430204115,1,9,0,5,7,3,0,6,0,0,0,0,1,1,6,2,73,10,-1,-1,-1,-1,-1,-1,-1,0
Unvalidated,2024430204115,2024,430204115,2,1,0,18,1,5,0,8,0,0,0,0,3,1,6,2,40,7,-1,-1,-1,-1,10,1,E01028694,0
Unvalidated,2024430204125,2024,430204125,1,9,0,18,5,1,0,0,0,0,0,0,4,1,6,3,-1,-1,-1,-1,-1,-1,-1,-1,-1,0
Unvalidated,2024430204593,2024,430204593,1,9,0,12,4,8,0,0,0,0,0,0,3,1,6,1,-1,-1,-1,-1,-1,-1,-1,-1,-1,0
Unvalidated,2024430204593,2024,430204593,2,3,0,13,4,8,0,0,0,0,0,0,4,1,6,1,22,5,-1,-1,-1,-1,5,1,E01017844,0
Unvalidated,2024430205006,2024,430205006,1,9,0,18,4,1,0,0,2,0,1,4,4,1,6,1,21,5,-1,-1,-1,-1,8,2,E01028614,0
Unvalidated,2024430205061,2024,430205061,1,9,0,18,-1,-1,0,0,5,0,0,0,3,1,6,1,22,5,-1,-1,-1,-1,8,2,E01027288,0
Unvalidated,2024430205139,2024,430205139,1,9,0,18,5,1,0,8,0,0,0,0,1,1,6,2,60,9,-1,-1,-1,-1,9,1,E01016793,0
Unvalidated,2024430205139,2024,430205139,2,1,0,9,3,1,0,8,0,0,0,0,4,1,6,1,66,10,-1,-1,-1,-1,8,3,E01016797,0
Unvalidated,2024430205439,2024,430205439,1,9,0,17,2,8,0,0,2,10,2,10,1,1,6,1,18,4,-1,-1,-1,-1,8,3,E01028603,0
Unvalidated,2024430205655,2024,430205655,1,9,0,1,2,6,0,2,0,0,0,0,2,1,6,1,-1,-1,-1,-1,-1,-1,-1,-1,-1,0
Unvalidated,2024430205895,2024,430205895,1,9,0,18,5,1,0,8,0,0,0,0,4,1,1,1,24,5,-1,-1,-1,-1,-1,-1,-1,0
Unvalidated,2024430205895,2024,430205895,2,9,0,18,7,3,0,8,0,0,0,0,1,1,6,2,35,6,-1,-1,-1,-1,8,1,E01016319,0
Unvalidated,2024430205921,2024,430205921,1,9,0,15,4,8,0,0,0,0,0,0,4,1,6,2,60,9,-1,-1,-1,-1,10,1,E01017865,0
Unvalidated,2024430205921,2024,430205921,2,1,0,2,0,0,0,0,0,8,0,0,3,1,6,1,52,8,-1,-1,-1,-1,10,2,E01017761,0
Unvalidated,2024430205997,2024,430205997,1,9,0,3,6,2,0,8,0,0,0,0,2,1,6,1,43,7,-1,-1,-1,-1,9,1,E01016540,0
Unvalidated,2024430205997,2024,430205997,2,9,0,18,6,2,0,7,0,0,0,0,1,1,6,1,-1,-1,-1,-1,-1,-1,9,1,E01003271,0
Unvalidated,2024430207012,2024,430207012,1,5,0,16,6,1,0,8,1,0,7,0,3,1,6,1,43,7,-1,-1,-1,-1,6,1,E01028691,0
Unvalidated,2024430207252,2024,430207252,1,9,0,18,4,8,0,0,0,0,1,11,4,1,2,1,62,9,-1,-1,-1,-1,5,1,E01016395,0
Unvalidated,2024430207432,2024,430207432,1,4,0,18,8,4,0,1,0,0,0,0,1,1,6,1,20,4,-1,-1,-1,-1,10,2,E01022366,0
Unvalidated,2024430207432,2024,430207432,2,9,0,3,8,4,0,1,0,0,0,0,2,1,6,1,22,5,-1,-1,-1,-1,2,1,E01033485,0
Unvalidated,2024430207531,2024,430207531,1,9,0,18,3,7,0,4,0,0,0,0,3,1,6,1,27,6,-1,-1,-1,-1,7,1,E01016293,0
Unvalidated,2024430207531,2024,430207531,2,1,0,9,7,4,0,8,0,0,0,0,1,1,6,1,58,9,-1,-1,-1,-1,6,1,E01016310,0
Unvalidated,2024430207535,2024,430207535,1,9,0,7,3,5,0,5,0,0,0,0,2,1,6,2,39,7,-1,-1,-1,-1,10,2,E01028736,0
Unvalidated,2024430207535,2024,430207535,2,1,0,18,3,7,0,8,0,0,0,0,1,1,6,1,71,10,-1,-1,-1,-1,7,1,E01028545,0
Unvalidated,2024430207826,2024,430207826,1,9,0,7,1,3,0,0,0,0,0,0,4,2,6,1,62,9,-1,-1,-1,-1,10,1,E01028727,0
Unvalidated,2024430207826,2024,430207826,2,1,0,18,1,5,4,0,1,0,0,0,1,1,2,2,21,5,-1,-1,-1,-1,9,1,E01033282,0
Unvalidated,2024430207843,2024,430207843,1,1,0,18,3,7,0,2,0,0,0,0,1,1,2,1,16,4,-1,-1,-1,-1,4,1,E01016357,0
Unvalidated,2024430207843,2024,430207843,2,8,0,18,3,7,0,2,0,0,0,0,2,1,6,2,-1,-1,-1,-1,-1,-1,-1,-1,-1,0
Unvalidated,2024430208027,2024,430208027,1,9,0,18,6,2,0,0,0,0,0,0,1,1,6,1,21,5,-1,-1,-1,-1,3,1,E01016455,0
Unvalidated,2024430208027,2024,430208027,2,9,0,18,6,2,0,0,0,0,0,0,2,1,6,2,39,7,-1,-1,-1,-1,6,1,E01016477,0
Unvalidated,2024430208027,2024,430208027,3,9,0,18,6,2,0,0,0,0,0,0,2,1,6,1,30,6,-1,-1,-1,-1,3,1,E01016465,0
Unvalidated,2024430208732,2024,430208732,1,9,0,18,2,6,0,0,1,0,1,0,4,1,1,1,27,6,-1,-1,-1,-1,10,1,E01016532,0
Unvalidated,2024430209206,2024,430209206,1,9,0,4,5,1,0,0,0,0,0,0,1,1,2,2,56,9,-1,-1,-1,-1,7,3,E01027262,0
Unvalidated,2024430209206,2024,430209206,2,9,0,3,5,1,0,0,0,0,0,0,2,1,6,1,40,7,-1,-1,-1,-1,10,1,E01010198,0
Unvalidated,2024430209517,2024,430209517,1,9,0,3,7,4,0,1,0,0,0,0,2,1,6,2,28,6,-1,-1,-1,-1,-1,-1,-1,0
Unvalidated,2024430209517,2024,430209517,2,9,0,18,7,4,0,1,0,0,0,0,1,1,6,2,45,7,-1,-1,-1,-1,-1,-1,-1,0
Unvalidated,2024430209901,2024,430209901,1,9,0,9,3,2,0,4,0,0,0,0,1,1,6,1,17,4,-1,-1,-1,-1,7,1,E01017910,0
Unvalidated,2024430209901,2024,430209901,2,97,0,18,2,5,0,4,0,0,0,0,4,1,6,1,20,4,-1,-1,-1,-1,-1,-1,-1,0
Unvalidated,2024430209964,2024,430209964,1,9,0,18,3,7,0,0,0,0,0,0,1,1,2,1,52,8,-1,-1,-1,-1,10,1,E01017876,0
Unvalidated,2024430209964,2024,430209964,2,21,0,2,0,0,0,0,0,0,0,0,2,1,1,1,-1,-1,-1,-1,-1,-1,3,1,E01027060,0
Unvalidated,2024430210750,2024,430210750,1,9,0,18,4,8,0,0,1,0,0,0,1,1,2,2,25,5,-1,-1,-1,-1,8,2,E01022177,0
Unvalidated,2024430210750,2024,430210750,2,19,0,18,8,4,0,0,0,0,0,0,1,1,2,2,41,7,-1,-1,-1,-1,7,2,E01028733,0
Unvalidated,2024430211285,2024,430211285,1,9,0,15,7,3,2,8,0,0,0,0,1,1,6,1,26,6,-1,-1,-1,-1,4,1,E01028554,0
Unvalidated,2024430211285,2024,430211285,2,2,0,9,3,1,0,5,0,0,0,0,4,1,6,1,34,6,-1,-1,-1,-1,2,1,E01028513,0
Unvalidated,2024430211512,2024,430211512,1,5,0,18,8,4,0,8,0,0,0,0,1,1,6,1,36,7,-1,-1,-1,-1,8,3,E01017814,0
Unvalidated,2024430211512,2024,430211512,2,9,0,9,2,8,0,6,0,0,0,0,3,1,6,1,-1,-1,-1,-1,-1,-1,-1,-1,-1,0
Unvalidated,2024430212061,2024,430212061,1,9,0,9,8,5,0,6,0,0,0,0,3,1,2,1,56,9,-1,-1,-1,-1,10,1,E01016628,0
Unvalidated,2024430212061,2024,430212061,2,97,0,14,5,1,0,8,0,0,0,0,1,1,6,1,-1,-1,-1,-1,-1,-1,-1,-1,-1,0
Unvalidated,2024430213617,2024,430213617,1,9,0,5,8,4,0,1,0,0,0,0,1,1,6,1,30,6,-1,-1,-1,-1,-1,-1,-1,0
Unvalidated,2024430213617,2024,430213617,2,9,0,3,8,4,0,1,0,0,0,0,2,1,6,2,44,7,-1,-1,-1,-1,10,1,E01028465,0
Unvalidated,2024430213617,2024,430213617,3,19,0,3,8,4,0,1,0,0,0,0,2,1,6,1,45,7,-1,-1,-1,-1,-1,-1,-1,0
Unvalidated,2024430214278,2024,430214278,1,3,0,18,1,5,0,0,2,0,0,0,0,1,6,1,19,4,-1,-1,-1,-1,10,1,E01027266,0
Unvalidated,2024430214289,2024,430214289,1,9,0,18,5,1,0,8,0,0,0,0,1,1,6,2,28,6,-1,-1,-1,-1,8,3,E01016690,0
Unvalidated,2024430214289,2024,430214289,2,9,0,9,1,7,0,5,0,0,0,0,4,1,6,1,30,6,-1,-1,-1,-1,4,1,E01016359,0
Unvalidated,2024430214335,2024,430214335,1,9,0,9,7,5,0,5,0,10,1,0,4,1,1,2,64,9,-1,-1,-1,-1,10,1,E01016630,0
Unvalidated,2024430214335,2024,430214335,2,9,0,18,3,7,0,8,0,10,7,0,1,1,6,1,52,8,-1,-1,-1,-1,10,3,E01032727,0
Unvalidated,2024430215059,2024,430215059,1,9,0,9,6,4,0,6,0,0,0,0,3,1,6,1,18,4,-1,-1,-1,-1,7,1,E01017860,0
Unvalidated,2024430215059,2024,430215059,2,3,0,18,8,4,0,1,0,0,0,0,1,1,6,1,31,6,-1,-1,-1,-1,10,1,E01017862,0
Unvalidated,2024430215154,2024,430215154,1,3,0,18,7,3,0,1,0,0,0,0,0,1,6,2,17,4,-1,-1,-1,-1,8,3,E01016760,0
Unvalidated,2024430215177,2024,430215177,1,9,0,3,5,1,0,0,0,0,0,0,3,1,3,2,41,7,-1,-1,-1,-1,8,1,E01032758,0
Unvalidated,2024430215177,2024,430215177,2,9,0,14,5,1,0,0,0,0,0,0,4,1,6,2,-1,-1,-1,-1,-1,-1,-1,-1,-1,0
Unvalidated,2024430215545,2024,430215545,1,9,0,18,4,8,0,0,0,0,0,0,9,1,6,3,-1,-1,-1,-1,-1,-1,-1,-1,-1,0
Unvalidated,2024430216169,2024,430216169,1,9,0,18,8,4,0,1,0,0,0,0,1,1,6,2,-1,-1,-1,-1,-1,-1,-1,-1,-1,0
Unvalidated,2024430216169,2024,430216169,2,9,0,3,8,4,0,1,0,0,0,0,2,1,6,1,53,8,-1,-1,-1,-1,10,1,E01028457,0
Unvalidated,2024430216218,2024,430216218,1,9,0,13,1,5,0,0,0,0,0,0,1,1,6,1,20,4,-1,-1,-1,-1,3,1,E01016455,0
Unvalidated,2024430216218,2024,430216218,2,9,0,4,1,5,0,0,0,0,0,0,4,1,6,1,33,6,-1,-1,-1,-1,3,1,E01016452,0
Unvalidated,2024430216587,2024,430216587,1,9,0,18,8,4,0,0,0,0,0,0,1,1,2,2,22,5,-1,-1,-1,-1,10,1,E01016706,0
Unvalidated,2024430216587,2024,430216587,2,9,0,3,8,4,0,0,0,0,0,0,2,1,2,2,44,7,-1,-1,-1,-1,7,1,E01016239,0
Unvalidated,2024430216587,2024,430216587,3,9,0,3,8,4,0,0,0,0,0,0,2,1,6,2,45,7,-1,-1,-1,-1,9,1,E01016247,0
Unvalidated,2024430216634,2024,430216634,1,3,0,18,6,2,0,8,0,0,0,0,4,1,1,1,25,5,-1,-1,-1,-1,8,1,E01030800,0
Unvalidated,2024430216634,2024,430216634,2,9,0,18,8,4,0,4,0,0,0,0,1,1,6,2,-1,-1,-1,-1,-1,-1,-1,-1,-1,0
Unvalidated,2024430216650,2024,430216650,1,9,0,18,4,8,0,1,0,0,0,0,1,1,6,1,69,10,-1,-1,-1,-1,6,1,E01023848,0
Unvalidated,2024430217040,2024,430217040,1,9,0,7,1,3,0,4,0,0,0,0,1,1,6,1,25,5,-1,-1,-1,-1,-1,-1,-1,0
Unvalidated,2024430217040,2024,430217040,2,3,0,18,7,3,0,8,0,0,0,0,4,1,6,1,17,4,-1,-1,-1,-1,-1,-1,-1,0
Unvalidated,2024430217170,2024,430217170,1,3,0,3,9,9,0,0,0,0,0,0,1,1,6,1,21,5,-1,-1,-1,-1,3,1,E01002407,0
Unvalidated,2024430217170,2024,430217170,2,9,0,1,9,9,0,0,0,0,0,0,2,1,6,1,45,7,-1,-1,-1,-1,-1,-1,-1,0
Unvalidated,2024430217348,2024,430217348,1,1,0,18,5,1,0,0,0,0,0,0,3,1,6,1,15,3,-1,-1,-1,-1,-1,-1,-1,0
Unvalidated,2024430217348,2024,430217348,2,9,0,18,3,7,0,0,0,0,0,0,1,1,6,2,50,8,-1,-1,-1,-1,-1,-1,-1,0
Unvalidated,2024430218252,2024,430218252,1,3,0,13,8,4,0,8,1,0,0,0,1,1,6,1,51,8,-1,-1,-1,-1,-1,-1,-1,0
Unvalidated,2024430218252,2024,430218252,2,9,0,9,8,6,0,5,0,0,0,0,3,1,1,1,35,6,-1,-1,-1,-1,-1,-1,-1,0
Unvalidated,2024430218440,2024,430218440,1,97,0,9,1,5,0,6,0,0,0,0,1,1,6,1,17,4,-1,-1,-1,-1,-1,-1,-1,0
Unvalidated,2024430218440,2024,430218440,2,9,0,18,3,1,0,8,0,0,0,0,1,1,6,2,44,7,-1,-1,-1,-1,6,3,E01016287,0
Unvalidated,2024430218465,2024,430218465,1,5,0,13,8,4,0,8,0,0,0,0,1,1,6,1,28,6,-1,-1,-1,-1,5,1,E01032724,0
Unvalidated,2024430218465,2024,430218465,2,9,0,9,8,6,0,5,0,0,0,0,3,1,6,2,35,6,-1,-1,-1,-1,-1,-1,-1,0
Unvalidated,2024430218532,2024,430218532,1,5,0,18,1,5,0,1,1,0,0,0,1,1,6,1,47,8,-1,-1,-1,-1,7,2,E01016344,0
Unvalidated,2024430218532,2024,430218532,2,9,0,9,1,7,0,1,0,0,0,0,2,1,6,1,45,7,-1,-1,-1,-1,8,3,E01016277,0
Unvalidated,2024430218753,2024,430218753,1,9,0,18,2,6,0,8,0,0,0,0,1,1,6,1,75,10,-1,-1,-1,-1,-1,-1,-1,0
Unvalidated,2024430218753,2024,430218753,2,1,0,18,1,5,0,8,0,0,0,0,4,1,6,1,59,9,-1,-1,-1,-1,8,3,E01017669,0
Unvalidated,2024430218817,2024,430218817,1,97,0,17,3,1,0,0,0,0,1,0,4,1,6,1,21,5,-1,-1,-1,-1,-1,-1,-1,0
Unvalidated,2024430218880,2024,430218880,1,9,0,18,5,1,0,0,0,0,0,0,1,1,6,2,46,8,-1,-1,-1,-1,9,1,E01016542,0
Unvalidated,2024430218880,2024,430218880,2,9,0,4,4,1,0,0,0,0,0,0,2,1,6,1,42,7,-1,-1,-1,-1,1,1,E01012865,0
Unvalidated,2024430219100,2024,430219100,1,9,0,16,3,7,0,3,0,0,0,0,1,1,6,2,49,8,-1,-1,-1,-1,10,3,E01022203,0
Unvalidated,2024430219100,2024,430219100,2,1,0,5,5,1,0,8,0,0,0,0,3,1,6,1,36,7,-1,-1,-1,-1,5,1,E01028533,0
Unvalidated,2024430219856,2024,430219856,1,9,0,5,5,1,0,0,0,0,0,0,1,1,6,2,21,5,-1,-1,-1,-1,-1,-1,-1,0
Unvalidated,2024430219856,2024,430219856,2,3,0,18,1,5,0,0,0,0,0,0,1,1,1,1,22,5,-1,-1,-1,-1,4,1,E01016516,0
Unvalidated,2024430220198,2024,430220198,1,9,0,8,4,6,0,1,0,0,0,0,2,1,6,1,33,6,-1,-1,-1,-1,8,1,E01016337,0
Unvalidated,2024430220198,2024,430220198,2,9,0,18,4,8,0,1,0,0,0,0,1,1,6,2,-1,-1,-1,-1,-1,-1,-1,-1,-1,0