status,collision_index,collision_year,collision_reference,vehicle_reference,vehicle_type,towing_and_articulation,vehicle_manoeuvre,vehicle_direction_from,vehicle_direction_to,vehicle_location_restricted_lane,junction_location,skidding_and_overturning,hit_object_in_carriageway,vehicle_leaving_carriageway,hit_object_off_carriageway,first_point_of_impact,vehicle_left_hand_drive,journey_purpose_of_driver,sex_of_driver,age_of_driver,age_band_of_driver,engine_capacity_cc,propulsion_code,age_of_vehicle,generic_make_model,driver_imd_decile,driver_home_area_type,lsoa_of_driver,escooter_flag
Unvalidated,2024430220435,2024,430220435,1,9,0,3,4,8,0,1,0,0,0,0,2,1,6,1,58,9,-1,-1,-1,-1,7,1,E01016317,0
Unvalidated,2024430220435,2024,430220435,2,9,0,18,4,8,0,1,0,0,0,0,1,1,6,1,-1,-1,-1,-1,-1,-1,-1,-1,-1,0
Unvalidated,2024430220757,2024,430220757,1,9,0,7,7,1,0,5,0,0,0,0,1,1,6,1,35,6,-1,-1,-1,-1,7,1,E01016613,0
Unvalidated,2024430221031,2024,430221031,1,9,0,16,1,4,0,0,0,0,0,0,3,1,2,1,55,8,-1,-1,-1,-1,9,2,E01016678,0
Unvalidated,2024430221031,2024,430221031,2,9,0,17,4,1,0,0,5,0,1,0,3,1,6,1,43,7,-1,-1,-1,-1,8,3,E01016610,0
Unvalidated,2024430221043,2024,430221043,1,9,0,18,6,2,0,0,0,0,0,0,1,1,6,1,49,8,-1,-1,-1,-1,3,1,E01033421,0
Unvalidated,2024430221043,2024,430221043,2,9,0,3,6,2,0,0,0,0,0,0,2,1,1,2,57,9,-1,-1,-1,-1,7,1,E01032677,0
Unvalidated,2024430221484,2024,430221484,1,9,0,18,4,8,0,0,0,0,0,0,1,1,6,1,78,11,-1,-1,-1,-1,-1,-1,-1,0
Unvalidated,2024430221484,2024,430221484,2,9,0,1,0,0,0,0,0,0,0,0,2,1,6,2,60,9,-1,-1,-1,-1,-1,-1,-1,0
Unvalidated,2024430221839,2024,430221839,1,9,0,9,6,4,0,6,0,0,0,0,1,1,2,1,27,6,-1,-1,-1,-1,7,1,E01000657,0
Unvalidated,2024430221839,2024,430221839,2,3,0,18,4,8,0,8,0,0,0,0,1,1,2,1,24,5,-1,-1,-1,-1,5,1,E01016518,0
Unvalidated,2024430221999,2024,430221999,1,9,0,18,6,2,0,0,0,0,0,0,1,1,6,1,56,9,-1,-1,-1,-1,8,2,E01031205,0
Unvalidated,2024430222097,2024,430222097,1,1,0,18,4,8,0,8,0,0,0,0,4,1,6,2,25,5,-1,-1,-1,-1,5,1,E01016390,0
Unvalidated,2024430222097,2024,430222097,2,9,0,7,6,8,0,6,0,0,0,0,1,1,6,2,-1,-1,-1,-1,-1,-1,-1,-1,-1,0
Unvalidated,2024430223802,2024,430223802,1,9,0,18,8,4,0,1,0,0,0,0,4,1,6,2,34,6,-1,-1,-1,-1,5,1,E01004624,0
Unvalidated,2024430223802,2024,430223802,2,9,0,9,2,8,0,6,0,0,0,0,1,1,6,2,33,6,-1,-1,-1,-1,9,1,E01017935,0
Unvalidated,2024430223843,2024,430223843,1,9,0,18,4,8,0,4,0,0,0,0,3,1,6,1,44,7,-1,-1,-1,-1,7,1,E01016495,0
Unvalidated,2024430223843,2024,430223843,2,9,0,18,2,6,0,8,0,0,0,0,1,1,6,2,35,6,-1,-1,-1,-1,2,1,E01016451,0
Unvalidated,2024430224146,2024,430224146,1,3,0,14,0,0,0,8,0,0,0,0,1,1,1,1,23,5,-1,-1,-1,-1,4,1,E01016485,0
Unvalidated,2024430224146,2024,430224146,2,9,0,9,0,0,0,5,0,0,0,0,3,1,6,1,-1,-1,-1,-1,-1,-1,-1,-1,-1,0
Unvalidated,2024430224564,2024,430224564,1,1,0,18,5,1,9,0,0,0,0,0,1,1,6,1,30,6,-1,-1,-1,-1,-1,-1,-1,0
Unvalidated,2024430224584,2024,430224584,1,9,0,9,1,7,0,6,0,0,0,0,2,1,6,1,45,7,-1,-1,-1,-1,7,1,E01028493,0
Unvalidated,2024430224584,2024,430224584,2,1,4,18,7,3,0,8,0,0,0,0,1,1,6,2,32,6,-1,-1,-1,-1,7,1,E01028493,0
Unvalidated,2024430224980,2024,430224980,1,9,0,18,1,5,0,0,0,0,0,0,1,1,6,2,30,6,-1,-1,-1,-1,-1,-1,-1,0
Unvalidated,2024430224980,2024,430224980,2,1,0,18,3,7,0,0,0,0,0,0,3,1,6,1,14,3,-1,-1,-1,-1,4,1,E01016462,0
Unvalidated,2024430226304,2024,430226304,1,1,0,18,5,1,0,0,0,0,0,0,3,1,6,1,9,2,-1,-1,-1,-1,-1,-1,-1,0
Unvalidated,2024430226304,2024,430226304,2,19,0,18,5,1,0,0,0,0,0,0,3,1,1,1,28,6,-1,-1,-1,-1,7,2,E01028512,0
Unvalidated,2024430226325,2024,430226325,1,9,0,18,2,6,0,8,0,0,0,0,3,1,3,2,35,6,-1,-1,-1,-1,3,1,E01016475,0
Unvalidated,2024430226325,2024,430226325,2,9,0,9,8,6,0,8,0,0,0,0,1,1,6,3,-1,-1,-1,-1,-1,-1,-1,-1,-1,0
Unvalidated,2024430226335,2024,430226335,1,9,0,18,1,5,0,2,0,0,0,0,1,1,6,3,-1,-1,-1,-1,-1,-1,-1,-1,-1,0
Unvalidated,2024430226724,2024,430226724,1,1,0,18,2,6,0,0,0,0,0,0,4,1,6,1,-1,-1,-1,-1,-1,-1,-1,-1,-1,0
Unvalidated,2024430226930,2024,430226930,1,9,0,9,2,7,0,6,0,0,0,0,3,1,2,2,41,7,-1,-1,-1,-1,10,3,E01017768,0
Unvalidated,2024430226930,2024,430226930,2,8,0,18,7,4,0,8,0,0,0,0,1,1,1,1,46,8,-1,-1,-1,-1,6,1,E01017858,0
Unvalidated,2024430227257,2024,430227257,1,9,0,16,4,8,0,0,1,0,7,0,3,1,6,2,50,8,-1,-1,-1,-1,4,1,E01028819,0
Unvalidated,2024430227257,2024,430227257,2,9,0,17,8,4,0,0,1,0,7,9,3,1,1,2,50,8,-1,-1,-1,-1,6,3,E01023288,0
Unvalidated,2024430227364,2024,430227364,1,3,0,18,7,3,0,8,0,0,0,0,4,1,1,1,36,7,-1,-1,-1,-1,4,1,E01016406,0
Unvalidated,2024430227364,2024,430227364,2,9,0,18,1,5,0,4,0,0,0,0,1,1,6,3,-1,-1,-1,-1,-1,-1,-1,-1,-1,0
Unvalidated,2024430227772,2024,430227772,1,1,0,18,2,6,0,0,0,0,0,0,3,1,2,1,58,9,-1,-1,-1,-1,3,1,E01016396,0
Unvalidated,2024430227772,2024,430227772,2,9,0,13,2,6,0,0,0,0,0,0,4,1,6,1,-1,-1,-1,-1,-1,-1,-1,-1,-1,0
Unvalidated,2024430227945,2024,430227945,1,9,0,18,5,7,4,5,0,0,0,0,4,1,6,1,60,9,-1,-1,-1,-1,3,1,E01028552,0
Unvalidated,2024430227945,2024,430227945,2,1,0,18,5,1,4,8,0,0,0,0,1,1,6,1,31,6,-1,-1,-1,-1,3,1,E01028552,0
Unvalidated,2024430227997,2024,430227997,1,9,0,7,5,7,0,5,0,0,0,0,1,1,6,1,-1,-1,-1,-1,-1,-1,-1,-1,-1,0
Unvalidated,2024430227997,2024,430227997,2,1,0,18,1,5,0,8,0,0,0,0,4,1,6,2,38,7,-1,-1,-1,-1,8,1,E01017804,0
Unvalidated,2024430228247,2024,430228247,1,9,0,18,7,3,0,0,0,0,0,0,3,1,6,2,30,6,-1,-1,-1,-1,9,3,E01028648,0
Unvalidated,2024430228247,2024,430228247,2,9,0,18,3,7,0,0,0,0,0,0,3,1,6,2,46,8,-1,-1,-1,-1,9,3,E01016263,0
Unvalidated,2024430228988,2024,430228988,1,9,0,14,7,3,0,1,0,0,0,0,3,1,2,2,33,6,-1,-1,-1,-1,10,1,E01016410,0
Unvalidated,2024430228988,2024,430228988,2,1,0,18,3,7,0,2,0,0,0,0,1,1,6,1,43,7,-1,-1,-1,-1,-1,-1,-1,0
Unvalidated,2024430229967,2024,430229967,1,3,0,9,8,6,0,8,0,0,0,0,4,1,6,1,47,8,-1,-1,-1,-1,3,1,E01016389,0
Unvalidated,2024430229967,2024,430229967,2,19,0,18,4,8,0,4,0,0,0,0,1,1,6,3,-1,-1,-1,-1,-1,-1,-1,-1,-1,0
Unvalidated,2024430230414,2024,430230414,1,1,0,18,1,5,0,0,0,0,0,0,3,1,2,1,38,7,-1,-1,-1,-1,8,2,E01016690,0
Unvalidated,2024430230414,2024,430230414,2,9,0,13,1,5,0,0,0,0,0,0,4,1,6,3,-1,-1,-1,-1,-1,-1,-1,-1,-1,0
Unvalidated,2024430230442,2024,430230442,1,9,0,18,2,6,0,1,0,0,0,0,1,1,6,1,-1,-1,-1,-1,-1,-1,-1,-1,-1,0
Unvalidated,2024430230442,2024,430230442,2,9,0,3,2,6,0,1,0,0,0,0,2,1,6,2,22,5,-1,-1,-1,-1,10,3,E01032984,0
Unvalidated,2024430230521,2024,430230521,1,9,0,18,3,7,0,8,0,0,0,0,1,1,6,2,-1,-1,-1,-1,-1,-1,-1,-1,-1,0
Unvalidated,2024430230521,2024,430230521,2,9,0,18,5,1,0,8,0,0,0,0,3,1,2,2,20,4,-1,-1,-1,-1,7,1,E01016764,0
Unvalidated,2024430231721,2024,430231721,1,9,0,17,1,7,0,0,0,0,0,0,1,1,6,2,23,5,-1,-1,-1,-1,2,1,E01016415,0
Unvalidated,2024430231721,2024,430231721,2,9,0,18,7,3,0,0,0,0,0,0,2,1,6,1,55,8,-1,-1,-1,-1,9,2,E01016313,0
Unvalidated,2024430232315,2024,430232315,1,9,0,16,1,4,0,0,0,0,0,0,1,1,6,3,-1,-1,-1,-1,-1,-1,-1,-1,-1,0
Unvalidated,2024430232315,2024,430232315,2,1,0,2,0,0,0,0,0,0,0,0,2,1,6,1,18,4,-1,-1,-1,-1,-1,-1,-1,0
Unvalidated,2024430232573,2024,430232573,1,9,0,17,1,7,0,8,0,0,0,0,1,1,6,3,-1,-1,-1,-1,-1,-1,-1,-1,-1,0
Unvalidated,2024430232573,2024,430232573,2,1,0,17,1,7,0,8,0,0,0,0,2,1,2,1,23,5,-1,-1,-1,-1,7,1,E01028708,0
Unvalidated,2024430232589,2024,430232589,1,9,0,18,1,5,0,0,0,0,0,0,1,1,6,1,-1,-1,-1,-1,-1,-1,-1,-1,-1,0
Unvalidated,2024430232589,2024,430232589,2,9,0,18,1,5,0,0,0,0,0,0,2,1,6,1,58,9,-1,-1,-1,-1,5,3,E01026245,0
Unvalidated,2024430232904,2024,430232904,1,9,0,17,2,7,0,0,0,0,0,0,1,1,6,1,26,6,-1,-1,-1,-1,7,1,E01028690,0
Unvalidated,2024430233150,2024,430233150,1,9,0,18,4,8,0,0,0,0,0,0,1,1,6,2,30,6,-1,-1,-1,-1,-1,-1,-1,0
Unvalidated,2024430233150,2024,430233150,2,9,0,18,8,4,0,0,5,0,0,0,1,1,6,2,20,4,-1,-1,-1,-1,6,1,E01017743,0
Unvalidated,2024430233363,2024,430233363,1,9,0,18,1,5,0,0,0,0,0,0,1,1,6,2,51,8,-1,-1,-1,-1,6,1,E01028631,0
Unvalidated,2024430233363,2024,430233363,2,9,0,18,5,1,0,0,0,0,1,0,1,1,6,2,46,8,-1,-1,-1,-1,10,1,E01028626,0
Unvalidated,2024430233977,2024,430233977,1,90,0,14,3,7,0,2,0,0,0,0,1,1,6,1,53,8,-1,-1,-1,-1,4,1,E01016357,1
Unvalidated,2024430233977,2024,430233977,2,19,0,2,0,0,0,2,0,0,0,0,3,1,6,1,-1,-1,-1,-1,-1,-1,-1,-1,-1,0
Unvalidated,2024430233999,2024,430233999,1,9,0,18,1,5,0,8,0,0,0,0,4,1,6,2,-1,-1,-1,-1,-1,-1,9,1,E01022536,0
Unvalidated,2024430233999,2024,430233999,2,9,0,18,3,7,0,4,0,0,0,0,1,1,6,1,-1,-1,-1,-1,-1,-1,-1,-1,-1,0
Unvalidated,2024430234036,2024,430234036,1,9,0,18,7,3,0,0,0,0,0,0,1,1,1,1,19,4,-1,-1,-1,-1,7,1,E01016409,0
Unvalidated,2024430234036,2024,430234036,2,9,0,18,3,7,0,0,0,0,0,0,1,1,1,2,39,7,-1,-1,-1,-1,-1,-1,-1,0
Unvalidated,2024430234146,2024,430234146,1,9,0,18,6,2,0,0,0,0,0,0,1,1,6,1,30,6,-1,-1,-1,-1,2,1,E01016463,0
Unvalidated,2024430234146,2024,430234146,2,9,0,18,2,6,0,0,2,0,0,0,1,1,6,2,61,9,-1,-1,-1,-1,9,1,E01016543,0
Unvalidated,2024430234146,2024,430234146,3,9,0,18,6,2,0,0,0,0,0,0,3,1,6,1,26,6,-1,-1,-1,-1,8,3,E01016252,0
Unvalidated,2024430234498,2024,430234498,1,9,0,18,6,2,0,0,0,0,0,0,1,1,6,2,62,9,-1,-1,-1,-1,-1,-1,-1,0
Unvalidated,2024430234498,2024,430234498,2,9,0,3,6,2,0,0,0,0,0,0,2,1,2,2,60,9,-1,-1,-1,-1,8,2,E01027028,0
Unvalidated,2024430234498,2024,430234498,3,9,0,18,6,2,0,0,0,0,0,0,1,1,6,2,62,9,-1,-1,-1,-1,-1,-1,-1,0
Unvalidated,2024430235201,2024,430235201,1,19,0,2,0,0,0,0,0,0,0,0,4,1,2,1,46,8,-1,-1,-1,-1,6,1,E01022551,0
Unvalidated,2024430235201,2024,430235201,2,9,0,18,5,1,0,0,0,0,0,0,1,1,6,1,-1,-1,-1,-1,-1,-1,-1,-1,-1,0
Unvalidated,2024430236576,2024,430236576,1,9,0,9,8,6,0,6,0,0,0,0,4,1,6,2,35,6,-1,-1,-1,-1,10,1,E01016426,0
Unvalidated,2024430236576,2024,430236576,2,1,0,14,2,6,0,8,0,0,0,0,4,1,6,1,-1,-1,-1,-1,-1,-1,-1,-1,-1,0
Unvalidated,2024430236586,2024,430236586,1,9,0,18,2,4,0,8,0,0,0,0,1,1,6,1,-1,-1,-1,-1,-1,-1,-1,-1,-1,0
Unvalidated,2024430236586,2024,430236586,2,9,0,18,2,6,0,8,0,0,0,0,2,1,6,2,41,7,-1,-1,-1,-1,9,1,E01028425,0
Unvalidated,2024430237179,2024,430237179,1,9,0,5,2,6,0,0,0,0,7,10,1,1,6,2,44,7,-1,-1,-1,-1,1,1,E01016743,0
Unvalidated,2024430237447,2024,430237447,1,9,0,9,8,6,0,6,0,0,0,0,1,1,6,1,52,8,-1,-1,-1,-1,5,1,E01016488,0
Unvalidated,2024430237493,2024,430237493,1,3,0,3,7,3,0,1,0,0,0,0,1,1,2,1,49,8,-1,-1,-1,-1,9,3,E01016575,0
Unvalidated,2024430237493,2024,430237493,2,9,0,1,3,8,0,1,0,0,0,0,2,1,6,3,-1,-1,-1,-1,-1,-1,-1,-1,-1,0
Unvalidated,2024430237512,2024,430237512,1,9,0,9,7,5,0,5,0,0,0,0,1,1,6,1,25,5,-1,-1,-1,-1,10,1,E01028774,0
Unvalidated,2024430237512,2024,430237512,2,1,0,18,3,7,0,1,0,0,0,0,1,1,6,2,67,10,-1,-1,-1,-1,10,3,E01028782,0
Unvalidated,2024430237610,2024,430237610,1,5,0,7,7,1,0,3,1,0,0,0,4,1,6,1,19,4,-1,-1,-1,-1,8,1,E01027267,0
Unvalidated,2024430237915,2024,430237915,1,1,0,18,8,4,4,8,0,0,0,0,1,1,6,1,18,4,-1,-1,-1,-1,7,1,E01016370,0
Unvalidated,2024430237915,2024,430237915,2,9,0,7,8,1,0,5,0,0,0,0,4,1,6,1,-1,-1,-1,-1,-1,-1,-1,-1,-1,0
Unvalidated,2024430238099,2024,430238099,1,9,0,9,2,8,0,6,0,0,0,0,1,1,2,1,35,6,-1,-1,-1,-1,10,3,E01028606,0
Unvalidated,2024430238099,2024,430238099,2,3,0,18,8,4,0,8,0,0,0,0,4,1,2,1,25,5,-1,-1,-1,-1,7,1,E01016399,0
Unvalidated,2024430238243,2024,430238243,1,9,0,14,4,8,0,0,0,0,0,0,1,1,6,1,47,8,-1,-1,-1,-1,9,2,E01023626,0
Unvalidated,2024430238243,2024,430238243,2,11,0,2,0,0,0,0,0,0,0,0,0,1,2,3,-1,-1,-1,-1,-1,-1,-1,-1,-1,0
Unvalidated,2024430238527,2024,430238527,1,19,3,1,9,9,0,1,0,4,0,0,2,1,6,1,70,10,-1,-1,-1,-1,-1,-1,-1,0
Unvalidated,2024430238527,2024,430238527,2,9,0,2,0,0,0,1,0,0,0,0,2,1,2,2,38,7,-1,-1,-1,-1,9,1,E01028652,0
Unvalidated,2024430238542,2024,430238542,1,3,0,6,6,6,0,8,0,0,0,0,4,1,2,1,38,7,-1,-1,-1,-1,4,1,E01016378,0
Unvalidated,2024430238542,2024,430238542,2,9,0,18,8,4,0,4,0,0,0,0,3,1,6,3,-1,-1,-1,-1,-1,-1,-1,-1,-1,0
Unvalidated,2024430238581,2024,430238581,1,9,0,18,3,7,0,6,0,0,0,0,3,1,1,1,54,8,-1,-1,-1,-1,9,2,E01031841,0
Unvalidated,2024430238581,2024,430238581,2,2,0,18,1,5,0,8,0,0,0,0,1,1,2,1,29,6,-1,-1,-1,-1,7,2,E01016297,0
Unvalidated,2024430238970,2024,430238970,1,9,0,18,8,4,0,0,2,0,2,7,1,1,6,2,24,5,-1,-1,-1,-1,8,2,E01017931,0
Unvalidated,2024430239027,2024,430239027,1,9,0,18,5,1,0,0,0,0,0,0,1,1,6,1,40,7,-1,-1,-1,-1,8,1,E01033305,0
Unvalidated,2024430239027,2024,430239027,2,9,0,18,1,5,0,0,1,10,0,0,1,1,6,2,36,7,-1,-1,-1,-1,9,3,E01028754,0
Unvalidated,2024430239027,2024,430239027,3,9,0,18,5,1,0,0,0,0,0,0,1,1,6,1,60,9,-1,-1,-1,-1,10,2,E01028714,0
Unvalidated,2024430239027,2024,430239027,4,9,0,18,1,5,0,0,0,0,0,0,1,1,6,2,67,10,-1,-1,-1,-1,9,3,E01028754,0
Unvalidated,2024430239119,2024,430239119,1,9,0,3,3,7,0,1,0,0,0,0,2,1,2,2,53,8,-1,-1,-1,-1,8,1,E01016408,0
Unvalidated,2024430239119,2024,430239119,2,9,0,18,3,7,0,1,0,0,0,0,1,1,6,1,-1,-1,-1,-1,-1,-1,-1,-1,-1,0
Unvalidated,2024430239270,2024,430239270,1,9,0,16,1,4,0,0,1,0,1,9,3,1,6,2,20,4,-1,-1,-1,-1,8,1,E01030668,0
Unvalidated,2024430239270,2024,430239270,2,9,0,17,4,1,0,0,0,0,0,0,3,1,1,1,30,6,-1,-1,-1,-1,3,1,E01023397,0
Unvalidated,2024430239816,2024,430239816,1,9,0,18,8,4,0,0,0,0,0,0,1,1,6,2,33,6,-1,-1,-1,-1,10,1,E01016603,0
Unvalidated,2024430239816,2024,430239816,2,9,0,18,4,8,0,0,0,0,0,0,1,1,6,3,-1,-1,-1,-1,-1,-1,-1,-1,-1,0
Unvalidated,2024430239897,2024,430239897,1,5,0,9,8,6,0,6,0,0,0,0,0,1,2,1,50,8,-1,-1,-1,-1,9,3,E01028499,0
Unvalidated,2024430240958,2024,430240958,1,9,0,9,5,3,0,6,0,0,0,0,3,1,6,2,61,9,-1,-1,-1,-1,7,2,E01017713,0
Unvalidated,2024430240958,2024,430240958,2,19,0,18,3,7,0,8,0,0,0,0,1,1,2,1,52,8,-1,-1,-1,-1,7,3,E01028424,0
Unvalidated,2024430241206,2024,430241206,1,9,0,3,2,6,0,8,0,0,0,0,2,1,2,2,34,6,-1,-1,-1,-1,7,1,E01017846,0
Unvalidated,2024430241206,2024,430241206,2,9,0,18,2,6,0,1,0,0,0,0,1,1,6,1,30,6,-1,-1,-1,-1,-1,-1,-1,0
Unvalidated,2024430242310,2024,430242310,1,9,0,18,5,1,0,7,0,0,0,0,1,1,6,1,67,10,-1,-1,-1,-1,9,1,E01028624,0
Unvalidated,2024430242310,2024,430242310,2,9,0,18,5,1,0,7,0,0,0,0,2,1,6,1,23,5,-1,-1,-1,-1,5,1,E01028636,0
Unvalidated,2024430242310,2024,430242310,3,9,0,18,5,1,0,7,0,0,0,0,2,1,6,2,39,7,-1,-1,-1,-1,10,1,E01028695,0
Unvalidated,2024430242540,2024,430242540,1,19,0,13,4,8,0,1,0,0,0,0,0,1,6,3,-1,-1,-1,-1,-1,-1,-1,-1,-1,0
Unvalidated,2024430242540,2024,430242540,2,1,0,18,4,8,0,1,0,0,0,0,0,1,6,2,29,6,-1,-1,-1,-1,10,1,E01017881,0
Unvalidated,2024430243103,2024,430243103,1,19,0,4,8,4,0,0,0,0,0,0,1,1,2,1,36,7,-1,-1,-1,-1,5,2,E01028605,0
Unvalidated,2024430243203,2024,430243203,1,9,0,18,4,8,0,0,0,0,0,0,4,1,6,1,32,6,-1,-1,-1,-1,5,1,E01016500,0
Unvalidated,2024430243203,2024,430243203,2,1,0,18,4,8,4,0,0,0,0,0,3,1,6,1,38,7,-1,-1,-1,-1,10,1,E01016526,0
Unvalidated,2024430243938,2024,430243938,1,90,0,5,6,4,0,1,0,0,0,0,3,1,6,1,-1,-1,-1,-1,-1,-1,-1,-1,-1,1
Unvalidated,2024430243938,2024,430243938,2,3,0,18,4,8,0,1,0,0,0,0,1,1,6,1,18,4,-1,-1,-1,-1,7,1,E01028515,0
Unvalidated,2024430243942,2024,430243942,1,5,0,9,4,2,0,8,0,0,0,0,4,1,2,1,52,8,-1,-1,-1,-1,4,1,E01016705,0
Unvalidated,2024430243942,2024,430243942,2,9,0,18,6,2,0,4,0,0,0,0,1,1,6,2,-1,-1,-1,-1,-1,-1,-1,-1,-1,0
Unvalidated,2024430244281,2024,430244281,1,21,0,18,3,7,0,0,0,0,1,4,1,1,1,1,59,9,-1,-1,-1,-1,10,1,E01031855,0
Unvalidated,2024430244621,2024,430244621,1,9,0,3,5,8,0,1,0,0,0,0,2,1,6,2,51,8,-1,-1,-1,-1,6,2,E01017929,0
Unvalidated,2024430244621,2024,430244621,2,9,0,5,5,8,0,1,0,0,0,0,1,1,1,1,47,8,-1,-1,-1,-1,3,1,E01017654,0
Unvalidated,2024430244874,2024,430244874,1,8,0,18,5,1,0,0,0,0,0,0,1,1,1,1,-1,-1,-1,-1,-1,-1,-1,-1,-1,0
Unvalidated,2024430244874,2024,430244874,2,9,0,3,5,1,0,0,0,0,0,0,2,1,6,2,63,9,-1,-1,-1,-1,6,3,E01028498,0
Unvalidated,2024430245366,2024,430245366,1,9,0,3,6,2,0,0,0,0,0,0,2,1,6,1,69,10,-1,-1,-1,-1,10,1,E01016561,0
Unvalidated,2024430245366,2024,430245366,2,19,0,18,6,2,0,0,0,0,0,0,1,1,6,1,-1,-1,-1,-1,-1,-1,-1,-1,-1,0
Unvalidated,2024430245378,2024,430245378,1,1,0,18,1,5,9,1,0,0,0,0,1,1,6,1,13,3,-1,-1,-1,-1,-1,-1,-1,0
Unvalidated,2024430245378,2024,430245378,2,11,0,18,7,3,0,1,0,0,0,0,2,1,1,1,62,9,-1,-1,-1,-1,-1,-1,-1,0
Unvalidated,2024430245431,2024,430245431,1,9,0,18,5,1,0,2,1,0,5,7,3,1,6,1,28,6,-1,-1,-1,-1,6,1,E01022761,0
Unvalidated,2024430245848,2024,430245848,1,9,0,3,6,2,0,0,0,0,0,0,2,1,6,2,42,7,-1,-1,-1,-1,6,2,E01028676,0
Unvalidated,2024430245848,2024,430245848,2,9,0,18,6,2,0,0,0,0,0,0,1,1,6,1,-1,-1,-1,-1,-1,-1,-1,-1,-1,0
Unvalidated,2024430246142,2024,430246142,1,3,0,13,1,5,0,0,0,0,0,0,1,1,1,1,35,6,-1,-1,-1,-1,5,1,E01028533,0
Unvalidated,2024430246142,2024,430246142,2,1,0,5,1,5,0,0,0,0,0,0,3,1,6,2,24,5,-1,-1,-1,-1,7,1,E01028521,0
Unvalidated,2024430246698,2024,430246698,1,9,0,2,0,0,0,0,0,0,0,0,2,1,6,1,35,6,-1,-1,-1,-1,7,1,E01016478,0
Unvalidated,2024430246698,2024,430246698,2,9,0,18,3,7,0,0,0,0,0,0,1,1,6,1,-1,-1,-1,-1,-1,-1,-1,-1,-1,0
Unvalidated,2024430246859,2024,430246859,1,19,0,9,2,8,0,6,0,0,0,0,0,1,1,1,32,6,-1,-1,-1,-1,9,1,E01028469,0
Unvalidated,2024430246859,2024,430246859,2,5,0,18,4,8,0,8,0,10,2,10,0,1,6,1,57,9,-1,-1,-1,-1,7,3,E01028424,0
Unvalidated,2024430247156,2024,430247156,1,9,0,9,5,3,0,8,0,0,0,0,1,1,6,1,32,6,-1,-1,-1,-1,7,1,E01016827,0
Unvalidated,2024430247156,2024,430247156,2,9,0,18,3,7,0,8,0,0,0,0,4,1,6,2,31,6,-1,-1,-1,-1,9,2,E01016735,0
Unvalidated,2024430247257,2024,430247257,1,19,0,2,0,0,0,0,0,0,0,0,2,1,1,1,43,7,-1,-1,-1,-1,3,1,E01016373,0
Unvalidated,2024430247257,2024,430247257,2,9,0,16,6,1,0,0,0,0,0,0,1,1,6,1,-1,-1,-1,-1,-1,-1,-1,-1,-1,0
Unvalidated,2024430247277,2024,430247277,1,9,0,9,3,1,0,8,0,0,0,0,1,1,6,1,32,6,-1,-1,-1,-1,-1,-1,-1,0
Unvalidated,2024430247277,2024,430247277,2,3,0,18,1,5,0,8,0,0,0,0,1,1,6,1,64,9,-1,-1,-1,-1,7,1,E01028427,0
Unvalidated,2024430247282,2024,430247282,1,9,0,18,3,6,0,4,0,0,0,0,1,1,1,1,51,8,-1,-1,-1,-1,5,1,E01023705,0
Unvalidated,2024430247282,2024,430247282,2,1,0,5,3,6,0,4,0,0,0,0,2,1,6,2,46,8,-1,-1,-1,-1,10,3,E01017703,0
Unvalidated,2024430247575,2024,430247575,1,9,0,18,1,5,0,8,0,0,0,0,4,1,6,2,31,6,-1,-1,-1,-1,9,3,E01016263,0
Unvalidated,2024430247575,2024,430247575,2,98,0,12,1,5,0,8,0,0,0,0,3,1,6,1,-1,-1,-1,-1,-1,-1,-1,-1,-1,0
Unvalidated,2024430248791,2024,430248791,1,9,0,18,2,6,0,1,0,0,0,0,1,1,6,1,-1,-1,-1,-1,-1,-1,3,1,E01017906,0
Unvalidated,2024430248791,2024,430248791,2,9,0,3,2,6,0,1,0,0,0,0,2,1,6,1,67,10,-1,-1,-1,-1,9,3,E01017853,0
Unvalidated,2024430248972,2024,430248972,1,9,0,7,3,6,0,8,0,0,0,0,4,1,6,1,36,7,-1,-1,-1,-1,7,1,E01017705,0
Unvalidated,2024430248972,2024,430248972,2,-1,0,18,3,7,0,8,0,0,0,0,3,1,6,2,23,5,-1,-1,-1,-1,7,1,E01016770,0
Unvalidated,2024430249352,2024,430249352,1,9,0,18,7,3,0,2,0,0,0,0,1,1,6,1,32,6,-1,-1,-1,-1,-1,-1,-1,0
Unvalidated,2024430249352,2024,430249352,2,1,0,18,7,3,0,2,0,0,1,11,3,1,6,2,30,6,-1,-1,-1,-1,1,1,E01000868,0
Unvalidated,2024430249874,2024,430249874,1,9,5,3,6,2,0,0,0,0,0,0,1,1,6,1,62,9,-1,-1,-1,-1,7,3,-1,0
Unvalidated,2024430249874,2024,430249874,2,9,0,3,6,2,0,0,0,0,0,0,2,1,6,2,45,7,-1,-1,-1,-1,8,3,E01016327,0
Unvalidated,2024430250027,2024,430250027,1,9,0,10,4,2,0,8,0,0,0,0,2,1,6,2,59,9,-1,-1,-1,-1,10,2,E01017729,0
Unvalidated,2024430250027,2024,430250027,2,9,0,18,4,8,0,8,0,0,0,0,1,1,6,1,-1,-1,-1,-1,-1,-1,-1,-1,-1,0
Unvalidated,2024430251494,2024,430251494,1,9,0,17,2,6,0,0,0,0,0,0,1,1,6,1,33,6,-1,-1,-1,-1,8,1,E01027183,0
Unvalidated,2024430251494,2024,430251494,2,9,0,16,2,6,0,0,0,0,0,0,1,1,6,1,59,9,-1,-1,-1,-1,2,1,E01009575,0
Unvalidated,2024430251965,2024,430251965,1,19,0,18,4,8,0,1,0,0,0,0,1,1,2,2,36,7,-1,-1,-1,-1,7,3,E01017642,0