status,collision_index,collision_year,collision_reference,vehicle_reference,vehicle_type,towing_and_articulation,vehicle_manoeuvre,vehicle_direction_from,vehicle_direction_to,vehicle_location_restricted_lane,junction_location,skidding_and_overturning,hit_object_in_carriageway,vehicle_leaving_carriageway,hit_object_off_carriageway,first_point_of_impact,vehicle_left_hand_drive,journey_purpose_of_driver,sex_of_driver,age_of_driver,age_band_of_driver,engine_capacity_cc,propulsion_code,age_of_vehicle,generic_make_model,driver_imd_decile,driver_home_area_type,lsoa_of_driver,escooter_flag
Unvalidated,2024430251965,2024,430251965,2,9,0,3,4,8,0,1,0,0,0,0,2,1,2,2,33,6,-1,-1,-1,-1,10,1,E01023367,0
Unvalidated,2024430251965,2024,430251965,3,9,0,3,4,8,0,1,0,0,0,0,2,1,2,1,41,7,-1,-1,-1,-1,5,1,E01017710,0
Unvalidated,2024430251965,2024,430251965,4,9,0,10,4,2,0,1,0,0,0,0,0,1,2,1,54,8,-1,-1,-1,-1,9,1,E01023419,0
Unvalidated,2024430252183,2024,430252183,1,9,0,7,2,4,0,6,0,0,0,0,3,1,6,1,50,8,-1,-1,-1,-1,9,1,E01003011,0
Unvalidated,2024430252183,2024,430252183,2,3,0,18,8,4,0,8,0,0,0,0,1,1,6,1,33,6,-1,-1,-1,-1,6,1,E01017812,0
Unvalidated,2024430252322,2024,430252322,1,19,0,18,7,3,0,1,0,10,0,0,1,1,6,2,53,8,-1,-1,-1,-1,-1,-1,-1,0
Unvalidated,2024430252322,2024,430252322,2,9,0,14,3,7,0,2,0,4,0,0,1,1,6,2,41,7,-1,-1,-1,-1,10,1,E01017636,0
Unvalidated,2024430252322,2024,430252322,3,9,0,2,0,0,0,2,0,0,0,0,2,1,6,1,59,9,-1,-1,-1,-1,10,2,E01017632,0
Unvalidated,2024430252716,2024,430252716,1,20,0,11,8,4,0,0,0,0,0,0,4,1,1,1,35,6,-1,-1,-1,-1,6,2,E01015925,0
Unvalidated,2024430252716,2024,430252716,2,9,0,18,8,4,0,0,1,0,0,0,3,1,6,1,62,9,-1,-1,-1,-1,5,1,E01016279,0
Unvalidated,2024430252890,2024,430252890,1,1,0,18,8,4,0,0,0,0,0,0,3,1,6,1,8,2,-1,-1,-1,-1,8,1,E01017741,0
Unvalidated,2024430252890,2024,430252890,2,9,0,18,6,2,0,0,0,0,0,0,1,1,6,1,39,7,-1,-1,-1,-1,6,1,E01017743,0
Unvalidated,2024430253607,2024,430253607,1,9,0,18,2,6,0,0,0,0,0,0,1,1,6,3,-1,-1,-1,-1,-1,-1,-1,-1,-1,0
Unvalidated,2024430253762,2024,430253762,1,9,0,18,9,9,0,1,0,0,0,0,1,1,6,2,40,7,-1,-1,-1,-1,-1,-1,-1,0
Unvalidated,2024430253972,2024,430253972,1,90,0,18,8,4,9,1,0,0,0,0,2,1,6,1,55,8,-1,-1,-1,-1,5,1,E01016212,1
Unvalidated,2024430254642,2024,430254642,1,1,0,18,6,2,0,0,0,0,0,0,3,1,6,1,13,3,-1,-1,-1,-1,7,1,E01017705,0
Unvalidated,2024430254642,2024,430254642,2,9,0,18,4,8,0,0,0,0,0,0,1,1,6,2,40,7,-1,-1,-1,-1,9,2,E01027307,0
Unvalidated,2024430254642,2024,430254642,3,19,0,3,4,8,0,0,0,0,0,0,0,1,6,3,-1,-1,-1,-1,-1,-1,-1,-1,-1,0
Unvalidated,2024430255273,2024,430255273,1,9,0,18,2,6,0,0,0,4,0,0,1,1,6,2,24,5,-1,-1,-1,-1,10,1,E01017883,0
Unvalidated,2024430255273,2024,430255273,2,9,0,2,0,0,0,0,0,4,0,0,2,1,6,3,-1,-1,-1,-1,-1,-1,-1,-1,-1,0
Unvalidated,2024430255273,2024,430255273,3,8,0,2,0,0,0,0,0,0,0,0,1,1,6,3,-1,-1,-1,-1,-1,-1,-1,-1,-1,0
Unvalidated,2024430255333,2024,430255333,1,9,0,16,8,2,0,0,0,0,7,9,3,1,6,2,18,4,-1,-1,-1,-1,9,1,E01033193,0
Unvalidated,2024430255648,2024,430255648,1,3,0,5,8,8,0,2,0,0,0,0,3,1,6,1,21,5,-1,-1,-1,-1,8,1,E01030708,0
Unvalidated,2024430255648,2024,430255648,2,9,0,18,8,4,0,2,0,0,0,0,1,1,3,1,50,8,-1,-1,-1,-1,9,3,E01016576,0
Unvalidated,2024430257267,2024,430257267,1,9,0,11,1,5,0,0,0,0,0,0,4,1,6,1,47,8,-1,-1,-1,-1,-1,-1,-1,0
Unvalidated,2024430257267,2024,430257267,2,9,0,18,1,5,0,0,1,0,0,0,3,1,6,1,31,6,-1,-1,-1,-1,9,1,E01031486,0
Unvalidated,2024430258873,2024,430258873,1,9,0,18,5,1,0,0,0,0,7,11,1,1,6,1,61,9,-1,-1,-1,-1,9,3,E01028793,0
Unvalidated,2024430258918,2024,430258918,1,9,0,3,6,2,0,0,0,0,0,0,2,1,6,2,34,6,-1,-1,-1,-1,7,1,E01030361,0
Unvalidated,2024430258918,2024,430258918,2,9,0,18,6,2,0,0,0,0,0,0,1,1,6,1,-1,-1,-1,-1,-1,-1,-1,-1,-1,0
Unvalidated,2024430259076,2024,430259076,1,9,0,18,6,2,0,0,0,0,0,0,3,1,6,2,25,5,-1,-1,-1,-1,10,1,E01016639,0
Unvalidated,2024430259076,2024,430259076,2,9,0,14,2,6,0,0,0,0,0,0,3,1,6,1,-1,-1,-1,-1,-1,-1,8,1,E01016610,0
Unvalidated,2024430259212,2024,430259212,1,9,0,18,7,3,0,0,0,0,0,0,1,1,6,2,-1,-1,-1,-1,-1,-1,-1,-1,-1,0
Unvalidated,2024430259375,2024,430259375,1,9,0,9,5,3,0,8,0,0,0,0,1,1,6,1,22,5,-1,-1,-1,-1,-1,-1,-1,0
Unvalidated,2024430259375,2024,430259375,2,9,0,18,1,5,0,8,0,0,0,0,1,1,6,2,32,6,-1,-1,-1,-1,10,2,E01017397,0
Unvalidated,2024430259400,2024,430259400,1,9,0,13,4,8,0,8,0,0,7,11,1,1,6,2,39,7,-1,-1,-1,-1,1,1,E01016743,0
Unvalidated,2024430259400,2024,430259400,2,9,0,9,4,2,0,8,0,0,0,0,2,1,6,2,78,11,-1,-1,-1,-1,-1,-1,-1,0
Unvalidated,2024430259962,2024,430259962,1,8,0,18,7,3,0,1,0,0,0,0,1,1,1,1,-1,-1,-1,-1,-1,-1,-1,-1,-1,0
Unvalidated,2024430260125,2024,430260125,1,9,0,9,1,7,0,6,0,0,0,0,3,1,6,2,32,6,-1,-1,-1,-1,8,1,E01032725,0
Unvalidated,2024430260125,2024,430260125,2,9,0,18,7,3,0,8,0,0,0,0,1,1,2,2,29,6,-1,-1,-1,-1,10,1,E01032763,0
Unvalidated,2024430261781,2024,430261781,1,1,0,18,6,2,0,0,0,0,0,0,3,1,2,1,34,6,-1,-1,-1,-1,2,1,E01017665,0
Unvalidated,2024430261781,2024,430261781,2,2,0,18,4,8,0,0,0,0,0,0,4,1,6,1,30,6,-1,-1,-1,-1,-1,-1,-1,0
Unvalidated,2024430262066,2024,430262066,1,9,0,9,4,2,0,1,0,0,0,0,3,1,6,2,33,6,-1,-1,-1,-1,9,1,E01016431,0
Unvalidated,2024430262421,2024,430262421,1,9,0,18,6,2,0,0,0,4,0,0,4,1,6,1,-1,-1,-1,-1,-1,-1,-1,-1,-1,0
Unvalidated,2024430262806,2024,430262806,1,19,0,18,2,6,0,8,0,0,0,0,3,1,1,1,30,6,-1,-1,-1,-1,10,1,E01016628,0
Unvalidated,2024430262806,2024,430262806,2,9,0,11,2,6,0,8,0,0,0,0,4,1,6,3,-1,-1,-1,-1,-1,-1,-1,-1,-1,0
Unvalidated,2024430262984,2024,430262984,1,9,0,7,7,2,0,2,0,0,0,0,4,1,6,1,49,8,-1,-1,-1,-1,5,1,E01016519,0
Unvalidated,2024430263275,2024,430263275,1,9,0,18,7,3,0,1,0,0,0,0,1,1,6,3,-1,-1,-1,-1,-1,-1,-1,-1,-1,0
Unvalidated,2024430263275,2024,430263275,2,9,0,3,7,3,0,1,0,0,0,0,2,1,6,2,43,7,-1,-1,-1,-1,1,1,E01016743,0
Unvalidated,2024430263665,2024,430263665,1,19,0,18,5,8,0,0,0,0,0,0,4,1,6,1,30,6,-1,-1,-1,-1,-1,-1,-1,0
Unvalidated,2024430264189,2024,430264189,1,3,0,18,3,7,0,8,0,0,0,0,1,1,1,1,43,7,-1,-1,-1,-1,3,1,E01023091,0
Unvalidated,2024430264189,2024,430264189,2,9,0,18,5,1,0,6,0,0,0,0,3,1,6,2,-1,-1,-1,-1,-1,-1,-1,-1,-1,0
Unvalidated,2024430264227,2024,430264227,1,2,0,18,6,2,0,1,0,0,0,0,1,1,4,1,17,4,-1,-1,-1,-1,10,2,E01028476,0
Unvalidated,2024430264227,2024,430264227,2,9,0,10,6,2,0,1,0,0,0,0,2,1,1,2,40,7,-1,-1,-1,-1,9,2,E01028481,0
Unvalidated,2024430264801,2024,430264801,1,1,0,18,6,2,0,3,0,0,0,0,2,1,2,1,47,8,-1,-1,-1,-1,10,1,E01016653,0
Unvalidated,2024430264801,2024,430264801,2,9,0,18,6,2,0,3,0,0,0,0,1,1,6,1,-1,-1,-1,-1,-1,-1,-1,-1,-1,0
Unvalidated,2024430265108,2024,430265108,1,9,0,18,6,2,0,1,2,0,0,0,1,1,6,1,26,6,-1,-1,-1,-1,9,1,E01016553,0
Unvalidated,2024430265108,2024,430265108,2,9,0,4,6,2,0,1,0,0,0,0,1,1,6,1,22,5,-1,-1,-1,-1,5,1,E01016472,0
Unvalidated,2024430265108,2024,430265108,3,9,0,4,6,2,0,1,0,0,0,0,2,1,6,2,19,4,-1,-1,-1,-1,3,1,E01016499,0
Unvalidated,2024430265108,2024,430265108,4,9,0,4,6,2,0,1,0,0,0,0,3,1,6,1,75,10,-1,-1,-1,-1,10,1,E01017868,0
Unvalidated,2024430265257,2024,430265257,1,9,0,1,8,4,0,2,0,0,0,0,2,1,6,1,60,9,-1,-1,-1,-1,-1,-1,-1,0
Unvalidated,2024430265257,2024,430265257,2,9,0,3,4,8,0,1,0,0,0,0,1,1,6,1,-1,-1,-1,-1,-1,-1,8,1,E01028547,0
Unvalidated,2024430265512,2024,430265512,1,3,0,16,7,2,0,1,5,0,0,0,1,1,1,1,61,9,-1,-1,-1,-1,3,1,E01028516,0
Unvalidated,2024430265512,2024,430265512,2,9,0,17,2,7,0,1,0,0,0,0,1,1,6,1,41,7,-1,-1,-1,-1,4,1,E01028554,0
Unvalidated,2024430265721,2024,430265721,1,9,0,2,0,0,0,0,0,0,0,0,2,1,6,2,43,7,-1,-1,-1,-1,10,2,E01023377,0
Unvalidated,2024430265721,2024,430265721,2,19,0,18,4,8,0,0,0,0,0,0,1,1,6,1,55,8,-1,-1,-1,-1,5,1,E01017659,0
Unvalidated,2024430267238,2024,430267238,1,90,0,18,5,1,0,0,0,0,0,0,1,1,6,1,30,6,-1,-1,-1,-1,-1,-1,-1,1
Unvalidated,2024430267238,2024,430267238,2,1,0,5,7,3,0,0,0,0,0,0,3,1,2,2,-1,-1,-1,-1,-1,-1,3,1,E01028543,0
Unvalidated,2024430268419,2024,430268419,1,9,0,9,6,4,0,5,0,0,0,0,3,1,6,2,62,9,-1,-1,-1,-1,10,1,E01023425,0
Unvalidated,2024430268419,2024,430268419,2,5,0,18,6,2,0,8,0,0,0,0,1,1,6,1,40,7,-1,-1,-1,-1,6,1,E01025986,0
Unvalidated,2024430268477,2024,430268477,1,9,0,18,4,8,0,0,0,0,0,0,1,1,6,3,-1,-1,-1,-1,-1,-1,-1,-1,-1,0
Unvalidated,2024430268489,2024,430268489,1,9,0,16,4,8,0,4,0,0,0,0,1,1,6,3,32,6,-1,-1,-1,-1,-1,-1,-1,0
Unvalidated,2024430268489,2024,430268489,2,9,0,17,2,5,0,3,0,0,0,0,2,1,6,2,21,5,-1,-1,-1,-1,10,1,E01028698,0
Unvalidated,2024430268646,2024,430268646,1,9,0,12,5,1,0,8,0,0,0,0,3,1,6,2,34,6,-1,-1,-1,-1,10,1,E01033508,0
Unvalidated,2024430268646,2024,430268646,2,9,0,13,5,1,0,8,0,0,0,0,4,1,6,2,37,7,-1,-1,-1,-1,7,1,E01017705,0
Unvalidated,2024430268741,2024,430268741,1,9,0,3,2,6,0,0,0,0,0,0,2,1,6,2,47,8,-1,-1,-1,-1,4,1,E01033725,0
Unvalidated,2024430268741,2024,430268741,2,9,0,18,2,6,0,0,0,0,0,0,1,1,6,1,-1,-1,-1,-1,-1,-1,-1,-1,-1,0
Unvalidated,2024430268825,2024,430268825,1,8,0,3,3,7,0,1,0,0,0,0,2,1,1,1,58,9,-1,-1,-1,-1,6,1,E01002138,0
Unvalidated,2024430268825,2024,430268825,2,9,0,18,3,7,0,1,0,0,0,0,1,1,6,1,-1,-1,-1,-1,-1,-1,-1,-1,-1,0
Unvalidated,2024430268927,2024,430268927,1,5,0,18,5,1,0,3,1,9,4,6,2,1,6,1,21,5,-1,-1,-1,-1,1,1,E01016744,0
Unvalidated,2024430268927,2024,430268927,2,9,0,18,5,1,0,3,0,0,0,0,1,1,6,1,35,6,-1,-1,-1,-1,8,3,E01016760,0
Unvalidated,2024430268927,2024,430268927,3,8,0,18,1,5,0,1,0,0,0,0,1,1,1,1,40,7,-1,-1,-1,-1,8,3,E01017461,0
Unvalidated,2024430269097,2024,430269097,1,9,0,18,7,3,0,0,0,0,0,0,3,1,6,1,47,8,-1,-1,-1,-1,-1,-1,-1,0
Unvalidated,2024430269097,2024,430269097,2,8,0,4,3,7,0,0,0,0,0,0,3,1,1,1,28,6,-1,-1,-1,-1,7,1,E01028437,0
Unvalidated,2024430269118,2024,430269118,1,9,0,18,8,4,0,0,0,0,2,7,1,1,6,1,30,6,-1,-1,-1,-1,5,1,E01003161,0
Unvalidated,2024430269118,2024,430269118,2,9,0,18,8,4,0,0,0,0,0,0,2,1,6,1,40,7,-1,-1,-1,-1,2,1,E01002505,0
Unvalidated,2024430269134,2024,430269134,1,9,0,18,6,2,0,0,0,0,1,2,3,1,1,1,18,4,-1,-1,-1,-1,9,1,E01016272,0
Unvalidated,2024430269736,2024,430269736,1,4,0,18,6,2,0,4,0,0,0,0,1,1,6,1,55,8,-1,-1,-1,-1,6,1,E01017809,0
Unvalidated,2024430269736,2024,430269736,2,9,0,18,6,2,0,4,0,0,0,0,2,1,6,2,39,7,-1,-1,-1,-1,10,1,E01016552,0
Unvalidated,2024430270025,2024,430270025,1,9,0,3,2,6,0,0,0,0,0,0,3,1,6,2,18,4,-1,-1,-1,-1,-1,-1,-1,0
Unvalidated,2024430270025,2024,430270025,2,9,0,18,6,2,0,0,0,0,0,0,3,1,6,2,30,6,-1,-1,-1,-1,-1,-1,-1,0
Unvalidated,2024430270029,2024,430270029,1,9,0,17,5,2,0,0,0,0,0,0,3,1,6,1,31,6,-1,-1,-1,-1,-1,-1,-1,0
Unvalidated,2024430270029,2024,430270029,2,9,0,16,2,5,0,0,5,0,0,0,3,1,6,2,51,8,-1,-1,-1,-1,9,1,E01016432,0
Unvalidated,2024430270193,2024,430270193,1,9,0,18,7,3,0,1,0,0,0,0,1,1,6,1,-1,-1,-1,-1,-1,-1,-1,-1,-1,0
Unvalidated,2024430270193,2024,430270193,2,22,0,4,3,7,0,1,0,0,0,0,1,1,2,1,45,7,-1,-1,-1,-1,5,1,E01028533,0
Unvalidated,2024430270773,2024,430270773,1,9,0,17,7,4,0,8,0,0,0,0,1,1,1,2,49,8,-1,-1,-1,-1,-1,-1,-1,0
Unvalidated,2024430270773,2024,430270773,2,4,0,9,4,1,0,5,0,0,0,0,1,1,1,1,31,6,-1,-1,-1,-1,-1,-1,-1,0
Unvalidated,2024430271600,2024,430271600,1,9,0,18,6,2,0,1,0,0,0,0,1,1,3,2,20,4,-1,-1,-1,-1,3,1,E01016455,0
Unvalidated,2024430271600,2024,430271600,2,21,0,3,6,2,0,1,0,0,0,0,2,1,1,1,33,6,-1,-1,-1,-1,3,1,E01016452,0
Unvalidated,2024430271703,2024,430271703,1,9,0,8,2,4,0,4,0,0,0,0,1,1,6,2,66,10,-1,-1,-1,-1,10,1,E01028473,0
Unvalidated,2024430272195,2024,430272195,1,5,0,16,4,7,0,0,0,0,7,0,1,1,6,1,21,5,-1,-1,-1,-1,8,1,E01028472,0
Unvalidated,2024430272818,2024,430272818,1,9,0,7,6,8,0,6,0,0,0,0,1,1,6,1,21,5,-1,-1,-1,-1,-1,-1,-1,0
Unvalidated,2024430272818,2024,430272818,2,9,0,18,4,8,0,1,0,0,0,0,1,1,2,2,30,6,-1,-1,-1,-1,5,3,E01028505,0
Unvalidated,2024430273139,2024,430273139,1,9,0,18,7,3,0,8,0,0,0,0,1,1,1,1,-1,-1,-1,-1,-1,-1,-1,-1,-1,0
Unvalidated,2024430273139,2024,430273139,2,1,0,18,1,5,0,8,0,0,0,0,3,1,4,1,12,3,-1,-1,-1,-1,6,1,E01016507,0
Unvalidated,2024430273781,2024,430273781,1,1,0,18,7,3,4,1,0,0,0,0,1,1,1,1,22,5,-1,-1,-1,-1,8,1,E01028547,0
Unvalidated,2024430273781,2024,430273781,2,8,0,7,7,1,0,5,0,0,0,0,4,1,2,1,-1,-1,-1,-1,-1,-1,10,2,E01028806,0
Unvalidated,2024430274205,2024,430274205,1,9,0,99,9,9,0,6,0,0,0,0,1,1,6,3,-1,-1,-1,-1,-1,-1,-1,-1,-1,0
Unvalidated,2024430274205,2024,430274205,2,1,0,18,3,7,0,1,0,0,0,0,4,1,6,1,55,8,-1,-1,-1,-1,8,1,E01028773,0
Unvalidated,2024430274956,2024,430274956,1,9,0,9,4,2,0,6,0,0,0,0,3,1,2,1,83,11,-1,-1,-1,-1,-1,2,-1,0
Unvalidated,2024430274956,2024,430274956,2,3,0,18,2,6,0,1,0,0,0,0,1,1,6,1,29,6,-1,-1,-1,-1,8,2,E01017731,0
Unvalidated,2024430275324,2024,430275324,1,8,0,18,5,1,0,0,0,8,0,0,1,1,1,1,46,8,-1,-1,-1,-1,1,1,E01012574,0
Unvalidated,2024430275324,2024,430275324,2,19,0,2,0,0,6,0,0,0,0,0,3,1,1,1,62,9,-1,-1,-1,-1,6,3,E01021769,0
Unvalidated,2024430276071,2024,430276071,1,9,0,13,8,4,0,0,0,0,0,0,4,1,6,1,30,6,-1,-1,-1,-1,-1,-1,-1,0
Unvalidated,2024430276071,2024,430276071,2,5,0,18,8,4,0,0,0,0,0,0,3,1,6,1,35,6,-1,-1,-1,-1,3,1,E01017605,0
Unvalidated,2024430276768,2024,430276768,1,9,0,7,2,4,0,5,0,0,0,0,2,1,1,1,32,6,-1,-1,-1,-1,9,3,E01017752,0
Unvalidated,2024430276768,2024,430276768,2,1,0,18,2,6,0,8,0,0,0,0,3,1,6,1,49,8,-1,-1,-1,-1,3,1,E01016511,0
Unvalidated,2024430277071,2024,430277071,1,9,0,18,5,1,0,1,0,0,7,2,1,1,6,2,77,11,-1,-1,-1,-1,-1,-1,-1,0
Unvalidated,2024430277314,2024,430277314,1,9,0,2,0,0,0,2,0,0,0,0,3,1,3,2,32,6,-1,-1,-1,-1,-1,-1,-1,0
Unvalidated,2024430277314,2024,430277314,2,1,0,18,5,3,0,2,1,4,0,0,4,1,4,2,36,7,-1,-1,-1,-1,10,2,E01028788,0
Unvalidated,2024430277314,2024,430277314,3,1,0,18,3,7,0,1,1,4,0,0,3,1,4,1,10,2,-1,-1,-1,-1,10,1,E01032554,0
Unvalidated,2024430277949,2024,430277949,1,3,0,18,6,2,4,0,0,0,0,0,1,1,6,1,18,4,-1,-1,-1,-1,4,1,E01016391,0
Unvalidated,2024430277949,2024,430277949,2,9,0,5,2,6,0,0,0,0,0,0,1,1,6,1,-1,-1,-1,-1,-1,-1,-1,-1,-1,0
Unvalidated,2024430278354,2024,430278354,1,9,0,7,5,7,0,3,0,0,0,0,1,1,2,1,39,7,-1,-1,-1,-1,2,1,E01016363,0
Unvalidated,2024430278606,2024,430278606,1,9,0,5,3,7,0,1,0,0,0,0,1,1,6,2,31,6,-1,-1,-1,-1,-1,-1,-1,0
Unvalidated,2024430278606,2024,430278606,2,5,0,3,3,7,0,1,0,0,0,0,2,1,6,1,30,6,-1,-1,-1,-1,8,1,E01016339,0
Unvalidated,2024430278690,2024,430278690,1,9,0,17,7,3,0,0,0,0,0,0,1,1,6,1,47,8,-1,-1,-1,-1,-1,-1,-1,0
Unvalidated,2024430278690,2024,430278690,2,9,0,4,7,3,0,0,0,0,0,0,2,1,6,1,51,8,-1,-1,-1,-1,2,1,E01009874,0
Unvalidated,2024430278690,2024,430278690,3,9,0,4,7,3,0,0,0,0,0,0,2,1,6,1,-1,-1,-1,-1,-1,-1,-1,-1,-1,0
Unvalidated,2024430279068,2024,430279068,1,9,0,16,6,1,0,0,0,0,0,0,1,1,6,2,62,9,-1,-1,-1,-1,-1,-1,-1,0
Unvalidated,2024430279068,2024,430279068,2,9,0,17,1,6,0,0,0,0,0,0,1,1,6,2,73,10,-1,-1,-1,-1,10,3,E01028600,0
Unvalidated,2024430279189,2024,430279189,1,9,0,18,5,1,0,0,0,0,0,0,1,1,6,1,59,9,-1,-1,-1,-1,7,1,E01002683,0
Unvalidated,2024430279189,2024,430279189,2,9,0,12,5,1,0,0,0,0,0,0,2,1,6,1,60,9,-1,-1,-1,-1,-1,-1,-1,0
Unvalidated,2024430279189,2024,430279189,3,9,0,18,5,1,0,0,0,0,0,0,2,1,6,1,60,9,-1,-1,-1,-1,-1,-1,-1,0
Unvalidated,2024430279383,2024,430279383,1,1,0,13,4,8,0,8,0,0,0,0,1,1,1,1,17,4,-1,-1,-1,-1,-1,-1,-1,0
Unvalidated,2024430279383,2024,430279383,2,11,0,9,4,2,0,5,0,0,0,0,3,1,1,1,49,8,-1,-1,-1,-1,-1,-1,-1,0
Unvalidated,2024430279582,2024,430279582,1,5,0,18,1,5,0,0,0,0,0,0,3,1,6,1,65,9,-1,-1,-1,-1,2,1,E01016368,0
Unvalidated,2024430279608,2024,430279608,1,9,0,18,9,9,0,8,0,0,0,0,1,1,6,1,-1,-1,-1,-1,-1,-1,-1,-1,-1,0
Unvalidated,2024430279608,2024,430279608,2,9,0,3,1,5,0,8,0,0,0,0,2,1,6,1,23,5,-1,-1,-1,-1,10,1,E01028634,0
Unvalidated,2024430280477,2024,430280477,1,1,0,18,6,2,0,0,0,0,0,0,3,1,6,1,47,8,-1,-1,-1,-1,10,1,E01017799,0
Unvalidated,2024430280477,2024,430280477,2,19,0,13,6,2,0,0,0,0,0,0,4,1,6,3,-1,-1,-1,-1,-1,-1,-1,-1,-1,0
Unvalidated,2024430280787,2024,430280787,1,9,0,14,5,1,0,0,0,0,0,0,1,1,6,1,-1,-1,-1,-1,-1,-1,-1,-1,-1,0
Unvalidated,2024430281212,2024,430281212,1,9,0,18,2,6,0,4,0,0,0,0,1,1,6,1,-1,-1,-1,-1,-1,-1,-1,-1,-1,0
Unvalidated,2024430281212,2024,430281212,2,9,0,4,2,6,0,4,0,0,0,0,2,1,6,1,39,7,-1,-1,-1,-1,4,1,E01028525,0
Unvalidated,2024430281212,2024,430281212,3,9,0,4,2,6,0,4,0,0,0,0,2,1,6,3,-1,-1,-1,-1,-1,-1,-1,-1,-1,0
Unvalidated,2024430281319,2024,430281319,1,9,0,18,8,4,0,1,0,0,0,0,1,1,6,2,20,4,-1,-1,-1,-1,4,1,E01017903,0
Unvalidated,2024430281319,2024,430281319,2,3,0,7,8,4,0,5,0,0,0,0,2,1,2,2,27,6,-1,-1,-1,-1,4,1,E01017905,0
Unvalidated,2024430282959,2024,430282959,1,9,0,18,8,4,0,4,2,9,0,0,1,1,6,1,25,5,-1,-1,-1,-1,5,1,E01017844,0
Unvalidated,2024430282965,2024,430282965,1,9,0,7,2,3,0,6,0,0,0,0,1,1,6,1,18,4,-1,-1,-1,-1,5,1,E01017913,0
Unvalidated,2024430282965,2024,430282965,2,9,0,3,8,3,0,1,0,0,0,0,1,1,6,1,18,4,-1,-1,-1,-1,3,1,E01017906,0
Unvalidated,2024430283031,2024,430283031,1,9,0,3,2,6,0,1,0,0,0,0,2,1,6,2,25,5,-1,-1,-1,-1,-1,-1,-1,0
Unvalidated,2024430283031,2024,430283031,2,9,0,18,2,6,0,1,0,0,0,0,1,1,6,3,-1,-1,-1,-1,-1,-1,-1,-1,-1,0
Unvalidated,2024430283031,2024,430283031,3,9,0,3,2,6,0,1,0,0,0,0,2,1,6,1,30,6,-1,-1,-1,-1,-1,-1,-1,0
Unvalidated,2024430283034,2024,430283034,1,9,0,3,7,3,0,0,0,0,0,0,2,1,6,1,35,6,-1,-1,-1,-1,10,2,E01016657,0
Unvalidated,2024430283034,2024,430283034,2,9,0,18,7,3,0,0,0,0,0,0,1,1,6,2,-1,-1,-1,-1,-1,-1,-1,-1,-1,0
Unvalidated,2024430283038,2024,430283038,1,1,0,7,6,7,0,5,0,0,0,0,4,1,6,1,28,6,-1,-1,-1,-1,4,1,E01016529,0
Unvalidated,2024430283038,2024,430283038,2,9,0,6,6,6,0,8,0,0,0,0,3,1,6,2,32,6,-1,-1,-1,-1,-1,-1,-1,0
Unvalidated,2024430283039,2024,430283039,1,19,0,5,4,1,0,0,0,0,0,0,4,1,6,1,47,8,-1,-1,-1,-1,-1,-1,-1,0
Unvalidated,2024430283039,2024,430283039,2,1,0,18,4,1,0,0,0,8,1,0,1,1,6,2,20,4,-1,-1,-1,-1,6,1,E01028581,0
Unvalidated,2024430283055,2024,430283055,1,1,0,18,6,2,0,0,0,0,0,0,3,1,6,1,68,10,-1,-1,-1,-1,-1,-1,-1,0
Unvalidated,2024430283055,2024,430283055,2,21,1,14,2,6,0,0,0,0,0,0,3,1,6,1,60,9,-1,-1,-1,-1,-1,-1,-1,0
Unvalidated,2024430283075,2024,430283075,1,9,0,18,6,2,0,4,0,0,0,0,3,1,6,1,-1,-1,-1,-1,-1,-1,10,1,E01016245,0
Unvalidated,2024430283075,2024,430283075,2,9,0,18,5,1,0,8,0,0,0,0,4,1,6,2,-1,-1,-1,-1,-1,-1,-1,-1,-1,0
Unvalidated,2024430283897,2024,430283897,1,9,0,18,2,6,0,0,0,0,0,0,1,1,6,2,30,6,-1,-1,-1,-1,7,3,E01017878,0
Unvalidated,2024430283897,2024,430283897,2,1,0,16,7,2,0,0,0,0,0,0,1,1,6,1,47,8,-1,-1,-1,-1,-1,-1,-1,0
Unvalidated,2024430284197,2024,430284197,1,9,0,18,5,1,0,1,0,0,0,0,1,1,6,1,-1,-1,-1,-1,-1,-1,-1,-1,-1,0
Unvalidated,2024430284197,2024,430284197,2,9,0,3,5,1,0,1,0,0,0,0,2,1,6,2,43,7,-1,-1,-1,-1,5,1,E01016765,0
Unvalidated,2024430285027,2024,430285027,1,1,0,18,6,2,0,1,0,0,0,0,3,1,2,1,46,8,-1,-1,-1,-1,10,1,E01016525,0
Unvalidated,2024430285027,2024,430285027,2,19,0,13,6,2,0,1,0,0,0,0,4,1,6,1,-1,-1,-1,-1,-1,-1,-1,-1,-1,0
Unvalidated,2024430285623,2024,430285623,1,1,0,18,4,8,4,8,0,0,0,0,1,1,2,1,43,7,-1,-1,-1,-1,5,1,E01016374,0
Unvalidated,2024430285623,2024,430285623,2,9,0,7,4,6,0,5,0,0,0,0,4,1,6,1,-1,-1,-1,-1,-1,-1,-1,-1,-1,0
Unvalidated,2024430286173,2024,430286173,1,9,0,18,9,9,0,0,0,0,0,0,4,1,6,3,-1,-1,-1,-1,-1,-1,-1,-1,-1,0
Unvalidated,2024430286228,2024,430286228,1,9,0,18,5,1,0,1,0,0,0,0,3,1,6,1,-1,-1,-1,-1,-1,-1,-1,-1,-1,0
Unvalidated,2024430286364,2024,430286364,1,9,0,18,4,8,0,0,0,0,0,0,1,1,6,1,40,7,-1,-1,-1,-1,4,1,E01016215,0
Unvalidated,2024430286364,2024,430286364,2,9,0,18,8,4,0,0,0,0,0,0,1,1,6,1,30,6,-1,-1,-1,-1,5,1,E01016212,0