status,collision_index,collision_year,collision_reference,vehicle_reference,vehicle_type,towing_and_articulation,vehicle_manoeuvre,vehicle_direction_from,vehicle_direction_to,vehicle_location_restricted_lane,junction_location,skidding_and_overturning,hit_object_in_carriageway,vehicle_leaving_carriageway,hit_object_off_carriageway,first_point_of_impact,vehicle_left_hand_drive,journey_purpose_of_driver,sex_of_driver,age_of_driver,age_band_of_driver,engine_capacity_cc,propulsion_code,age_of_vehicle,generic_make_model,driver_imd_decile,driver_home_area_type,lsoa_of_driver,escooter_flag
Unvalidated,2024430287602,2024,430287602,1,8,0,1,2,6,0,0,0,0,0,0,2,1,1,1,28,6,-1,-1,-1,-1,7,1,E01017925,0
Unvalidated,2024430288206,2024,430288206,1,9,0,18,8,3,0,0,0,0,0,0,4,1,6,1,72,10,-1,-1,-1,-1,10,1,E01016386,0
Unvalidated,2024430288256,2024,430288256,1,9,0,18,6,2,0,0,0,0,0,0,1,1,6,1,20,4,-1,-1,-1,-1,10,1,E01016596,0
Unvalidated,2024430288905,2024,430288905,1,5,0,18,4,8,0,8,0,0,0,0,1,1,6,1,56,9,-1,-1,-1,-1,7,3,E01017878,0
Unvalidated,2024430288905,2024,430288905,2,9,0,9,6,4,0,6,0,0,0,0,1,1,6,2,-1,-1,-1,-1,-1,-1,-1,-1,-1,0
Unvalidated,2024430289248,2024,430289248,1,9,0,7,6,8,0,5,0,0,0,0,2,1,6,2,53,8,-1,-1,-1,-1,10,1,E01016562,0
Unvalidated,2024430289248,2024,430289248,2,1,0,18,6,2,9,8,0,0,0,0,1,1,6,2,-1,-1,-1,-1,-1,-1,-1,-1,-1,0
Unvalidated,2024430289887,2024,430289887,1,9,0,9,8,6,0,8,0,0,0,0,4,1,6,1,33,6,-1,-1,-1,-1,4,1,E01016710,0
Unvalidated,2024430289887,2024,430289887,2,3,0,18,2,6,0,8,0,0,0,0,1,1,6,1,44,7,-1,-1,-1,-1,7,1,E01016778,0
Unvalidated,2024430291077,2024,430291077,1,1,0,18,6,2,0,8,0,0,0,0,4,1,6,1,53,8,-1,-1,-1,-1,-1,-1,-1,0
Unvalidated,2024430291077,2024,430291077,2,9,0,9,8,6,0,6,0,0,0,0,1,1,6,1,-1,-1,-1,-1,-1,-1,-1,-1,-1,0
Unvalidated,2024430291125,2024,430291125,1,3,0,18,8,4,0,8,0,0,0,0,1,1,6,1,25,5,-1,-1,-1,-1,9,3,E01016575,0
Unvalidated,2024430291125,2024,430291125,2,9,0,9,2,8,0,6,0,0,0,0,3,1,6,3,-1,-1,-1,-1,-1,-1,-1,-1,-1,0
Unvalidated,2024430291268,2024,430291268,1,1,0,18,4,8,0,0,0,10,0,0,1,1,6,1,69,10,-1,-1,-1,-1,5,1,E01016771,0
Unvalidated,2024430291592,2024,430291592,1,9,0,4,8,2,0,3,0,0,0,0,2,1,2,1,32,6,-1,-1,-1,-1,10,1,E01017636,0
Unvalidated,2024430291592,2024,430291592,2,9,0,18,8,2,0,3,0,0,0,0,1,1,6,2,75,10,-1,-1,-1,-1,-1,-1,-1,0
Unvalidated,2024430291633,2024,430291633,1,9,0,18,6,2,0,1,0,0,0,0,1,1,6,2,82,11,-1,-1,-1,-1,8,3,E01017886,0
Unvalidated,2024430291657,2024,430291657,1,9,0,18,8,4,0,0,0,0,0,0,3,1,6,2,47,8,-1,-1,-1,-1,7,1,E01017909,0
Unvalidated,2024430291657,2024,430291657,2,9,0,11,8,4,0,0,0,0,0,0,4,1,6,1,45,7,-1,-1,-1,-1,-1,-1,-1,0
Unvalidated,2024430292165,2024,430292165,1,1,0,18,4,8,0,1,0,0,0,0,3,1,4,1,18,4,-1,-1,-1,-1,10,1,E01017806,0
Unvalidated,2024430292165,2024,430292165,2,9,0,18,2,6,0,6,0,0,0,0,1,1,6,1,-1,-1,-1,-1,-1,-1,-1,-1,-1,0
Unvalidated,2024430292407,2024,430292407,1,19,0,16,6,1,0,0,0,0,0,0,1,1,6,1,26,6,-1,-1,-1,-1,8,3,E01017818,0
Unvalidated,2024430292407,2024,430292407,2,9,0,17,1,6,0,0,0,0,0,0,1,1,6,1,61,9,-1,-1,-1,-1,7,3,E01002438,0
Unvalidated,2024430294344,2024,430294344,1,1,0,18,8,4,0,0,0,0,0,0,3,1,2,1,43,7,-1,-1,-1,-1,9,1,E01030705,0
Unvalidated,2024430294344,2024,430294344,2,9,0,18,8,4,0,0,0,0,0,0,1,1,6,3,-1,-1,-1,-1,-1,-1,-1,-1,-1,0
Unvalidated,2024430294925,2024,430294925,1,1,0,18,8,4,0,0,0,0,0,0,1,1,6,1,22,5,-1,-1,-1,-1,-1,-1,-1,0
Unvalidated,2024430294925,2024,430294925,2,9,0,2,0,0,0,0,0,0,0,0,2,1,6,3,-1,-1,-1,-1,-1,-1,-1,-1,-1,0
Unvalidated,2024430294993,2024,430294993,1,9,0,9,5,3,0,8,0,0,0,0,4,1,6,2,66,10,-1,-1,-1,-1,6,1,E01016753,0
Unvalidated,2024430294993,2024,430294993,2,9,0,18,1,5,0,8,0,0,0,0,1,1,6,2,72,10,-1,-1,-1,-1,4,1,E01016809,0
Unvalidated,2024430295578,2024,430295578,1,9,0,18,2,6,0,1,0,0,0,0,3,1,6,2,34,6,-1,-1,-1,-1,2,1,E01016438,0
Unvalidated,2024430295578,2024,430295578,2,1,0,18,6,2,0,2,0,0,0,0,3,1,6,1,-1,-1,-1,-1,-1,-1,4,1,E01016439,0
Unvalidated,2024430295841,2024,430295841,1,8,0,2,0,0,0,0,0,0,0,0,0,1,1,1,55,8,-1,-1,-1,-1,-1,-1,-1,0
Unvalidated,2024430296119,2024,430296119,1,9,0,7,6,8,0,4,0,0,0,0,3,1,6,2,41,7,-1,-1,-1,-1,10,1,E01016635,0
Unvalidated,2024430296119,2024,430296119,2,1,0,18,4,8,0,8,0,0,0,0,4,1,6,1,-1,-1,-1,-1,-1,-1,8,1,E01016647,0
Unvalidated,2024430296285,2024,430296285,1,9,0,4,8,4,0,1,0,0,0,0,2,1,2,2,39,7,-1,-1,-1,-1,8,1,E01017628,0
Unvalidated,2024430296285,2024,430296285,2,9,0,4,8,4,0,1,0,0,0,0,1,1,2,2,42,7,-1,-1,-1,-1,4,1,E01017667,0
Unvalidated,2024430297283,2024,430297283,1,9,0,7,4,6,0,6,0,0,4,0,1,1,6,2,81,11,-1,-1,-1,-1,10,3,E01016253,0
Unvalidated,2024430297467,2024,430297467,1,9,0,18,4,8,0,2,0,0,0,0,1,1,3,3,40,7,-1,-1,-1,-1,4,1,E01016359,0
Unvalidated,2024430297467,2024,430297467,2,1,0,18,8,4,0,2,0,0,0,0,4,1,6,2,12,3,-1,-1,-1,-1,4,1,E01016400,0
Unvalidated,2024430297502,2024,430297502,1,9,0,2,0,0,0,0,0,0,0,0,4,1,3,3,-1,-1,-1,-1,-1,-1,9,1,E01016180,0
Unvalidated,2024430297502,2024,430297502,2,9,0,18,6,2,0,0,0,0,0,0,3,1,6,3,-1,-1,-1,-1,-1,-1,-1,-1,-1,0
Unvalidated,2024430297518,2024,430297518,1,9,0,7,8,2,0,5,0,0,0,0,4,1,6,1,19,4,-1,-1,-1,-1,9,3,E01030929,0
Unvalidated,2024430297518,2024,430297518,2,1,0,18,8,4,0,8,0,0,0,0,1,1,6,1,-1,-1,-1,-1,-1,-1,4,1,E01016360,0
Unvalidated,2024430298166,2024,430298166,1,9,0,9,6,3,0,5,0,0,0,0,9,1,6,3,-1,-1,-1,-1,-1,-1,-1,-1,-1,0
Unvalidated,2024430298877,2024,430298877,1,9,0,18,4,8,0,0,0,0,0,0,1,1,2,1,36,7,-1,-1,-1,-1,8,1,E01002209,0
Unvalidated,2024430298877,2024,430298877,2,9,0,4,4,8,0,0,0,0,0,0,2,1,6,1,-1,-1,-1,-1,-1,-1,-1,-1,-1,0
Unvalidated,2024430299342,2024,430299342,1,1,0,18,6,2,0,8,0,0,0,0,4,1,4,1,13,3,-1,-1,-1,-1,3,1,E01016445,0
Unvalidated,2024430299342,2024,430299342,2,9,0,18,8,4,0,8,0,0,0,0,3,1,6,2,-1,-1,-1,-1,-1,-1,-1,-1,-1,0
Unvalidated,2024430299437,2024,430299437,1,9,0,18,8,4,0,0,1,10,1,9,2,1,2,2,26,6,-1,-1,-1,-1,9,1,E01033193,0
Unvalidated,2024430299437,2024,430299437,2,21,1,13,8,4,0,0,0,0,0,0,1,1,1,1,33,6,-1,-1,-1,-1,4,1,E01023870,0
Unvalidated,2024430300746,2024,430300746,1,9,0,9,8,5,0,6,0,0,0,0,1,1,1,1,52,8,-1,-1,-1,-1,-1,-1,-1,0
Unvalidated,2024430300746,2024,430300746,2,1,0,18,2,5,0,8,0,0,0,0,3,1,6,1,65,9,-1,-1,-1,-1,-1,-1,-1,0
Unvalidated,2024430301532,2024,430301532,1,9,0,18,1,5,0,1,0,0,0,0,1,1,6,2,92,11,-1,-1,-1,-1,-1,-1,-1,0
Unvalidated,2024430301532,2024,430301532,2,9,0,4,1,5,0,1,0,0,0,0,2,1,6,2,36,7,-1,-1,-1,-1,6,1,E01022890,0
Unvalidated,2024430301532,2024,430301532,3,9,0,3,1,5,0,1,0,0,0,0,2,1,6,1,66,10,-1,-1,-1,-1,10,1,E01016199,0
Unvalidated,2024430301573,2024,430301573,1,1,0,18,8,4,0,8,0,0,0,0,9,1,6,2,11,3,-1,-1,-1,-1,7,1,E01017705,0
Unvalidated,2024430301573,2024,430301573,2,9,0,1,7,3,0,6,0,0,0,0,3,1,6,1,60,9,-1,-1,-1,-1,-1,-1,-1,0
Unvalidated,2024430301588,2024,430301588,1,9,0,18,6,2,0,3,0,0,0,0,1,1,6,1,-1,-1,-1,-1,-1,-1,-1,-1,-1,0
Unvalidated,2024430301588,2024,430301588,2,9,0,18,6,2,0,3,0,0,0,0,4,1,2,1,50,8,-1,-1,-1,-1,10,1,E01027121,0
Unvalidated,2024430302320,2024,430302320,1,9,0,18,8,4,0,4,0,0,0,0,1,1,6,1,50,8,-1,-1,-1,-1,10,1,E01016624,0
Unvalidated,2024430302320,2024,430302320,2,1,0,18,5,1,0,8,0,0,0,0,4,1,6,1,15,3,-1,-1,-1,-1,6,1,E01016366,0
Unvalidated,2024430302634,2024,430302634,1,1,0,18,5,1,0,8,0,0,0,0,1,1,6,2,16,4,-1,-1,-1,-1,7,1,E01016331,0
Unvalidated,2024430302634,2024,430302634,2,9,0,18,3,7,0,8,0,0,0,0,4,1,6,3,-1,-1,-1,-1,-1,-1,-1,-1,-1,0
Unvalidated,2024430302635,2024,430302635,1,9,0,4,6,2,0,0,0,0,0,0,3,1,6,2,59,9,-1,-1,-1,-1,7,3,E01017823,0
Unvalidated,2024430302635,2024,430302635,2,9,0,18,2,6,0,0,0,0,0,0,3,1,6,1,25,5,-1,-1,-1,-1,-1,-1,-1,0
Unvalidated,2024430302641,2024,430302641,1,9,0,3,5,1,0,1,0,0,0,0,2,1,6,1,-1,-1,-1,-1,-1,-1,10,1,E01016245,0
Unvalidated,2024430302641,2024,430302641,2,9,0,18,5,1,0,1,0,0,0,0,1,1,6,3,-1,-1,-1,-1,-1,-1,-1,-1,-1,0
Unvalidated,2024430302669,2024,430302669,1,8,0,18,6,2,0,8,0,9,7,1,1,1,1,1,50,8,-1,-1,-1,-1,-1,-1,-1,0
Unvalidated,2024430303647,2024,430303647,1,9,0,18,5,1,0,0,0,0,0,0,1,1,6,1,-1,-1,-1,-1,-1,-1,-1,-1,-1,0
Unvalidated,2024430303647,2024,430303647,2,9,0,3,5,1,0,0,0,0,0,0,2,1,3,1,37,7,-1,-1,-1,-1,9,3,E01033194,0
Unvalidated,2024430303671,2024,430303671,1,9,0,18,4,8,0,8,0,0,0,0,3,1,6,3,-1,-1,-1,-1,-1,-1,-1,-1,-1,0
Unvalidated,2024430303671,2024,430303671,2,9,0,18,4,8,0,8,0,0,0,0,4,1,3,1,49,8,-1,-1,-1,-1,9,1,E01016773,0
Unvalidated,2024430304120,2024,430304120,1,5,0,13,8,4,0,0,0,0,0,0,4,1,6,1,54,8,-1,-1,-1,-1,9,1,E01016531,0
Unvalidated,2024430304120,2024,430304120,2,9,0,9,8,6,0,0,0,0,0,0,3,1,6,2,-1,-1,-1,-1,-1,-1,-1,-1,-1,0
Unvalidated,2024430304462,2024,430304462,1,4,0,18,7,3,0,6,0,0,3,9,1,1,1,1,24,5,-1,-1,-1,-1,10,1,E01028655,0
Unvalidated,2024430304676,2024,430304676,1,9,0,2,0,0,0,2,0,0,0,0,2,1,3,1,42,7,-1,-1,-1,-1,6,2,E01016268,0
Unvalidated,2024430304676,2024,430304676,2,11,0,18,8,4,0,2,0,0,0,0,1,1,6,3,-1,-1,-1,-1,-1,-1,-1,-1,-1,0
Unvalidated,2024430305556,2024,430305556,1,3,0,18,7,2,0,8,0,0,0,0,4,1,2,1,30,6,-1,-1,-1,-1,5,1,E01001315,0
Unvalidated,2024430305556,2024,430305556,2,3,0,15,7,2,0,8,0,0,0,0,3,1,6,1,31,6,-1,-1,-1,-1,6,1,E01001295,0
Unvalidated,2024430306094,2024,430306094,1,9,0,17,4,2,0,8,0,0,0,0,1,1,2,2,37,7,-1,-1,-1,-1,6,1,E01030674,0
Unvalidated,2024430306094,2024,430306094,2,1,0,17,4,2,0,8,0,0,0,0,2,1,6,2,-1,-1,-1,-1,-1,-1,-1,-1,-1,0
Unvalidated,2024430306727,2024,430306727,1,9,0,7,6,7,0,6,0,0,0,0,1,1,6,2,40,7,-1,-1,-1,-1,-1,-1,-1,0
Unvalidated,2024430306727,2024,430306727,2,9,0,13,7,3,0,8,0,0,0,0,1,1,6,2,40,7,-1,-1,-1,-1,-1,-1,-1,0
Unvalidated,2024430306937,2024,430306937,1,9,0,9,5,4,0,1,0,11,0,0,3,1,6,1,84,11,-1,-1,-1,-1,-1,-1,-1,0
Unvalidated,2024430307142,2024,430307142,1,19,0,18,2,6,0,6,0,0,0,0,4,1,6,1,36,7,-1,-1,-1,-1,7,1,E01017909,0
Unvalidated,2024430307142,2024,430307142,2,1,0,18,5,1,0,1,0,0,0,0,1,1,6,1,-1,-1,-1,-1,-1,-1,-1,-1,-1,0
Unvalidated,2024430307643,2024,430307643,1,1,0,18,4,8,0,1,0,0,0,0,2,1,6,1,76,11,-1,-1,-1,-1,10,1,E01016702,0
Unvalidated,2024430307643,2024,430307643,2,9,0,18,4,8,0,1,0,0,0,0,1,1,6,1,-1,-1,-1,-1,-1,-1,-1,-1,-1,0
Unvalidated,2024430308686,2024,430308686,1,9,0,18,2,6,0,0,0,0,0,0,4,1,6,2,-1,-1,-1,-1,-1,-1,6,3,E01016309,0
Unvalidated,2024430308737,2024,430308737,1,9,0,4,8,4,0,0,0,0,0,0,2,1,6,1,30,6,-1,-1,-1,-1,4,1,E01004358,0
Unvalidated,2024430308737,2024,430308737,2,9,0,18,8,4,0,0,0,0,0,0,2,1,6,1,-1,-1,-1,-1,-1,-1,-1,-1,-1,0
Unvalidated,2024430309465,2024,430309465,1,9,0,3,3,7,0,1,0,0,0,0,2,1,6,1,26,6,-1,-1,-1,-1,4,1,E01033415,0
Unvalidated,2024430309465,2024,430309465,2,9,0,18,3,7,0,1,0,0,0,0,1,1,6,1,-1,-1,-1,-1,-1,-1,-1,-1,-1,0
Unvalidated,2024430310995,2024,430310995,1,1,0,18,3,7,0,0,0,0,0,0,1,1,6,1,24,5,-1,-1,-1,-1,5,1,E01016405,0
Unvalidated,2024430310995,2024,430310995,2,9,0,5,3,7,0,0,0,0,0,0,3,1,6,3,-1,-1,-1,-1,-1,-1,-1,-1,-1,0
Unvalidated,2024430311476,2024,430311476,1,1,0,18,1,4,0,8,0,0,0,0,1,1,6,1,44,7,-1,-1,-1,-1,10,1,E01023372,0
Unvalidated,2024430311476,2024,430311476,2,9,0,9,7,4,0,6,0,0,0,0,2,1,6,3,-1,-1,-1,-1,-1,-1,-1,-1,-1,0
Unvalidated,2024430314509,2024,430314509,1,9,0,18,8,4,0,1,0,0,0,0,4,1,6,3,-1,-1,-1,-1,-1,-1,-1,-1,-1,0
Unvalidated,2024430318568,2024,430318568,1,9,0,18,6,2,0,0,0,0,0,0,4,1,6,2,-1,-1,-1,-1,-1,-1,-1,-1,-1,0
Unvalidated,2024430336989,2024,430336989,1,9,0,18,2,6,0,0,0,0,0,0,1,1,6,1,-1,-1,-1,-1,-1,-1,-1,-1,-1,0
Unvalidated,2024430377487,2024,430377487,1,3,0,6,3,3,0,8,0,0,0,0,4,1,2,1,52,8,-1,-1,-1,-1,4,1,E01016378,0
Unvalidated,2024430377487,2024,430377487,2,9,0,18,5,1,0,4,0,0,0,0,1,1,6,1,-1,-1,-1,-1,-1,-1,-1,-1,-1,0
Unvalidated,2024430415852,2024,430415852,1,4,0,18,7,3,0,8,0,0,0,0,1,1,6,1,43,7,-1,-1,-1,-1,5,1,E01016279,0
Unvalidated,2024430415852,2024,430415852,2,9,0,9,7,5,0,8,0,0,0,0,4,1,6,1,-1,-1,-1,-1,-1,-1,-1,-1,-1,0
Unvalidated,2024434011143,2024,434011143,1,8,0,18,8,4,0,1,0,0,0,0,2,1,6,1,38,7,-1,-1,-1,-1,8,1,E01016805,0
Unvalidated,2024434011143,2024,434011143,2,9,0,10,8,4,0,1,0,0,0,0,2,2,6,2,34,6,-1,-1,-1,-1,5,1,E01016841,0
Unvalidated,2024440000059,2024,440000059,1,9,0,18,2,6,0,0,5,0,4,0,1,1,6,2,43,7,-1,-1,-1,-1,10,3,E01022595,0
Unvalidated,2024440000181,2024,440000181,1,3,0,18,4,8,0,1,0,0,0,0,1,1,6,1,30,6,-1,-1,-1,-1,1,1,E01022968,0
Unvalidated,2024440000181,2024,440000181,2,9,0,9,4,2,0,8,0,0,0,0,2,1,6,2,33,6,-1,-1,-1,-1,2,1,E01022969,0
Unvalidated,2024440000662,2024,440000662,1,9,0,18,2,6,0,0,5,0,1,4,4,1,6,1,48,8,-1,-1,-1,-1,7,2,E01023223,0
Unvalidated,2024440000768,2024,440000768,1,9,0,5,1,5,0,1,0,0,0,0,1,1,6,2,57,9,-1,-1,-1,-1,6,1,E01017204,0
Unvalidated,2024440000768,2024,440000768,2,9,0,3,1,5,0,1,0,0,0,0,2,1,6,2,51,8,-1,-1,-1,-1,10,2,E01022531,0
Unvalidated,2024440000830,2024,440000830,1,5,0,18,6,2,0,0,0,0,0,0,1,1,6,1,30,6,-1,-1,-1,-1,5,1,E01017275,0
Unvalidated,2024440000830,2024,440000830,2,9,0,4,6,2,0,0,0,0,0,0,2,1,6,1,30,6,-1,-1,-1,-1,2,1,E01017265,0
Unvalidated,2024440001322,2024,440001322,1,9,0,18,6,2,0,0,1,0,5,6,1,1,2,2,56,9,-1,-1,-1,-1,7,1,E01022962,0
Unvalidated,2024440001449,2024,440001449,1,9,0,9,2,8,0,6,0,0,0,0,3,1,6,2,19,4,-1,-1,-1,-1,9,1,E01022774,0
Unvalidated,2024440001449,2024,440001449,2,9,0,18,8,4,0,1,0,0,0,0,1,1,6,2,32,6,-1,-1,-1,-1,5,1,E01032883,0
Unvalidated,2024440001836,2024,440001836,1,9,0,18,2,6,0,2,0,0,1,4,1,1,6,1,77,11,-1,-1,-1,-1,9,1,E01022615,0
Unvalidated,2024440002228,2024,440002228,1,9,0,18,4,8,0,0,0,0,0,0,1,1,6,1,25,5,-1,-1,-1,-1,6,3,E01023071,0
Unvalidated,2024440002228,2024,440002228,2,9,0,18,8,4,0,0,0,0,0,0,1,1,6,2,56,9,-1,-1,-1,-1,5,1,E01023019,0
Unvalidated,2024440002270,2024,440002270,1,19,0,9,1,7,0,8,0,0,0,0,1,1,6,1,59,9,-1,-1,-1,-1,5,1,E01017310,0
Unvalidated,2024440002727,2024,440002727,1,9,0,3,8,4,0,0,0,0,0,0,2,1,6,2,50,8,-1,-1,-1,-1,9,1,E01016196,0
Unvalidated,2024440002727,2024,440002727,2,9,0,18,8,4,0,0,0,0,0,0,1,1,6,3,-1,-1,-1,-1,-1,-1,-1,-1,-1,0
Unvalidated,2024440002763,2024,440002763,1,3,0,18,6,2,0,2,0,0,0,0,1,1,2,1,24,5,-1,-1,-1,-1,3,1,E01017082,0
Unvalidated,2024440002763,2024,440002763,2,1,0,18,4,8,0,1,0,0,0,0,2,1,6,1,50,8,-1,-1,-1,-1,5,1,E01017055,0
Unvalidated,2024440002786,2024,440002786,1,9,0,18,6,2,0,0,0,0,0,0,1,1,2,2,24,5,-1,-1,-1,-1,5,1,E01022579,0
Unvalidated,2024440002786,2024,440002786,2,9,0,18,2,6,0,0,0,0,0,0,3,1,2,1,35,6,-1,-1,-1,-1,10,3,E01032856,0
Unvalidated,2024440002786,2024,440002786,3,9,0,18,6,2,0,0,0,0,0,0,2,1,2,1,49,8,-1,-1,-1,-1,8,3,E01022591,0
Unvalidated,2024440002820,2024,440002820,1,9,0,18,5,1,0,0,0,0,1,11,1,1,2,2,26,6,-1,-1,-1,-1,3,1,E01022732,0
Unvalidated,2024440003143,2024,440003143,1,9,0,12,5,1,0,0,1,0,0,0,3,1,6,2,61,9,-1,-1,-1,-1,8,1,E01017148,0
Unvalidated,2024440003143,2024,440003143,2,21,0,11,5,1,0,0,0,0,0,0,1,1,1,1,45,7,-1,-1,-1,-1,2,1,E01017219,0
Unvalidated,2024440003459,2024,440003459,1,9,0,9,3,1,0,8,0,0,0,0,1,1,6,1,46,8,-1,-1,-1,-1,4,1,E01032756,0
Unvalidated,2024440003459,2024,440003459,2,9,0,18,1,5,0,1,0,0,0,0,1,1,6,2,42,7,-1,-1,-1,-1,10,1,E01023265,0
Unvalidated,2024440003491,2024,440003491,1,9,0,18,5,1,0,8,0,0,0,0,1,1,6,1,17,4,-1,-1,-1,-1,-1,-1,-1,0
Unvalidated,2024440003491,2024,440003491,2,9,0,18,4,8,0,1,0,0,0,0,1,1,6,1,71,10,-1,-1,-1,-1,8,3,E01022991,0
Unvalidated,2024440003623,2024,440003623,1,3,0,18,2,6,0,2,0,0,0,0,1,1,6,2,19,4,-1,-1,-1,-1,3,1,E01017242,0
Unvalidated,2024440003731,2024,440003731,1,9,0,18,4,8,0,1,0,0,0,0,1,1,6,2,31,6,-1,-1,-1,-1,-1,-1,-1,0
Unvalidated,2024440003731,2024,440003731,2,9,0,9,8,6,0,1,0,0,0,0,1,1,6,2,49,8,-1,-1,-1,-1,7,2,E01023048,0
Unvalidated,2024440004068,2024,440004068,1,9,0,18,6,2,0,0,0,0,0,0,1,1,6,2,85,11,-1,-1,-1,-1,10,3,E01022856,0
Unvalidated,2024440004157,2024,440004157,1,9,0,18,2,6,0,0,2,0,1,11,1,1,6,3,-1,-1,-1,-1,-1,-1,-1,-1,-1,0
Unvalidated,2024440004394,2024,440004394,1,9,0,9,4,2,0,6,0,0,0,0,3,1,2,1,63,9,-1,-1,-1,-1,7,2,E01022710,0
Unvalidated,2024440004394,2024,440004394,2,3,0,13,2,6,0,1,0,0,0,0,1,1,2,1,32,6,-1,-1,-1,-1,4,1,E01017263,0
Unvalidated,2024440004696,2024,440004696,1,1,0,9,5,3,0,8,0,0,0,0,4,1,6,1,19,4,-1,-1,-1,-1,10,1,E01022987,0
Unvalidated,2024440004696,2024,440004696,2,9,0,18,1,5,0,8,0,0,0,0,1,1,6,2,76,11,-1,-1,-1,-1,6,3,E01023063,0
Unvalidated,2024440004846,2024,440004846,1,9,0,18,7,3,0,0,2,0,1,7,1,1,6,1,43,7,-1,-1,-1,-1,10,1,E01020940,0
Unvalidated,2024440005168,2024,440005168,1,9,0,7,8,1,0,1,0,0,0,0,1,1,6,1,51,8,-1,-1,-1,-1,5,1,E01017273,0
Unvalidated,2024440005168,2024,440005168,2,9,0,18,5,1,0,1,0,0,0,0,1,1,6,2,40,7,-1,-1,-1,-1,10,1,E01022714,0
Unvalidated,2024440005303,2024,440005303,1,9,0,9,6,4,0,6,0,0,0,0,3,1,6,1,83,11,-1,-1,-1,-1,9,2,E01017352,0
Unvalidated,2024440005303,2024,440005303,2,3,0,18,4,8,0,1,0,0,0,0,1,1,6,1,56,9,-1,-1,-1,-1,2,1,E01017345,0
Unvalidated,2024440005362,2024,440005362,1,9,0,18,7,3,0,0,0,0,0,0,1,1,6,1,-1,-1,-1,-1,-1,-1,-1,-1,-1,0
Unvalidated,2024440005396,2024,440005396,1,3,0,18,4,8,0,0,1,0,1,0,4,1,6,1,24,5,-1,-1,-1,-1,1,1,E01022967,0
Unvalidated,2024440005554,2024,440005554,1,9,0,18,2,6,0,0,0,0,0,0,1,1,6,1,38,7,-1,-1,-1,-1,6,1,E01032884,0
Unvalidated,2024440005846,2024,440005846,1,9,0,18,4,8,0,1,0,0,0,0,1,1,6,2,69,10,-1,-1,-1,-1,5,1,E01017152,0
Unvalidated,2024440005846,2024,440005846,2,9,0,9,8,6,0,1,0,0,0,0,1,1,6,1,-1,-1,-1,-1,-1,-1,-1,-1,-1,0
Unvalidated,2024440006684,2024,440006684,1,9,0,18,6,2,0,1,0,0,0,0,2,1,2,2,54,8,-1,-1,-1,-1,7,1,E01022724,0
Unvalidated,2024440006684,2024,440006684,2,9,0,18,6,2,0,1,0,0,0,0,1,1,6,3,-1,-1,-1,-1,-1,-1,-1,-1,-1,0
Unvalidated,2024440006789,2024,440006789,1,2,0,18,6,2,0,1,0,0,0,0,1,1,4,2,18,4,-1,-1,-1,-1,7,1,E01022777,0
Unvalidated,2024440006789,2024,440006789,2,9,0,9,1,6,0,1,0,0,0,0,1,1,6,2,51,8,-1,-1,-1,-1,6,1,E01022812,0
Unvalidated,2024440006849,2024,440006849,1,9,0,18,7,3,0,1,0,0,0,0,1,1,6,1,44,7,-1,-1,-1,-1,3,1,E01023055,0
Unvalidated,2024440006849,2024,440006849,2,9,0,9,1,7,0,6,0,0,0,0,3,1,6,2,40,7,-1,-1,-1,-1,5,1,E01020364,0
Unvalidated,2024440006902,2024,440006902,1,9,0,18,8,4,0,0,0,0,0,0,1,1,2,1,20,4,-1,-1,-1,-1,1,1,E01022905,0
Unvalidated,2024440006902,2024,440006902,2,9,0,18,8,4,0,0,0,0,0,0,2,1,2,1,49,8,-1,-1,-1,-1,6,3,E01031509,0
Unvalidated,2024440007009,2024,440007009,1,9,0,9,8,6,0,1,0,0,0,0,1,1,2,2,42,7,-1,-1,-1,-1,9,1,E01022767,0
Unvalidated,2024440007009,2024,440007009,2,3,0,18,4,8,0,8,0,0,0,0,1,1,2,1,55,8,-1,-1,-1,-1,1,1,E01017130,0
Unvalidated,2024440007026,2024,440007026,1,9,0,18,5,1,0,1,0,0,0,0,1,1,6,3,-1,-1,-1,-1,-1,-1,-1,-1,-1,0
Unvalidated,2024440007026,2024,440007026,2,5,0,3,5,1,0,1,0,0,0,0,2,1,6,1,24,5,-1,-1,-1,-1,3,1,E01023091,0
Unvalidated,2024440007170,2024,440007170,1,9,0,17,6,2,0,0,0,0,0,0,1,1,6,1,21,5,-1,-1,-1,-1,8,1,E01023132,0
Unvalidated,2024440007170,2024,440007170,2,9,0,16,2,6,0,0,0,0,0,0,1,1,6,2,49,8,-1,-1,-1,-1,10,1,E01023092,0
Unvalidated,2024440007326,2024,440007326,1,5,0,15,5,1,0,1,0,0,8,10,1,1,6,1,37,7,-1,-1,-1,-1,7,1,E01023131,0
Unvalidated,2024440007326,2024,440007326,2,8,0,9,5,3,0,8,0,0,0,0,3,1,1,1,51,8,-1,-1,-1,-1,10,1,E01023112,0
Unvalidated,2024440007659,2024,440007659,1,9,0,18,3,7,0,1,0,0,0,0,1,1,6,2,55,8,-1,-1,-1,-1,9,1,E01021042,0
Unvalidated,2024440007705,2024,440007705,1,19,0,9,1,7,0,8,0,0,0,0,4,1,6,2,63,9,-1,-1,-1,-1,4,1,E01017278,0
Unvalidated,2024440007705,2024,440007705,2,90,0,18,5,1,0,4,0,0,0,0,1,1,6,2,37,7,-1,-1,-1,-1,4,1,E01017278,1
Unvalidated,2024440007801,2024,440007801,1,1,0,18,7,3,4,8,0,0,0,0,4,1,6,1,68,10,-1,-1,-1,-1,10,1,E01023244,0