status,collision_index,collision_year,collision_reference,vehicle_reference,vehicle_type,towing_and_articulation,vehicle_manoeuvre,vehicle_direction_from,vehicle_direction_to,vehicle_location_restricted_lane,junction_location,skidding_and_overturning,hit_object_in_carriageway,vehicle_leaving_carriageway,hit_object_off_carriageway,first_point_of_impact,vehicle_left_hand_drive,journey_purpose_of_driver,sex_of_driver,age_of_driver,age_band_of_driver,engine_capacity_cc,propulsion_code,age_of_vehicle,generic_make_model,driver_imd_decile,driver_home_area_type,lsoa_of_driver,escooter_flag
Unvalidated,2024440007801,2024,440007801,2,9,0,5,1,5,0,6,0,0,0,0,1,1,6,3,-1,-1,-1,-1,-1,-1,-1,-1,-1,0
Unvalidated,2024440007836,2024,440007836,1,9,0,18,7,3,0,0,0,0,0,0,3,1,6,1,28,6,-1,-1,-1,-1,4,1,E01022953,0
Unvalidated,2024440007935,2024,440007935,1,9,0,4,8,4,0,0,0,0,0,0,2,1,6,1,-1,-1,-1,-1,-1,-1,3,1,E01017089,0
Unvalidated,2024440007935,2024,440007935,2,9,0,4,8,4,0,0,0,0,0,0,2,1,6,1,30,6,-1,-1,-1,-1,6,1,E01022672,0
Unvalidated,2024440007935,2024,440007935,3,9,0,18,8,4,0,0,0,0,0,0,1,1,6,2,27,6,-1,-1,-1,-1,10,1,E01023243,0
Unvalidated,2024440008533,2024,440008533,1,9,0,16,1,4,0,8,0,0,0,0,1,1,6,1,54,8,-1,-1,-1,-1,3,1,E01022811,0
Unvalidated,2024440008533,2024,440008533,2,9,0,16,1,4,0,8,0,0,0,0,1,1,6,2,-1,-1,-1,-1,-1,-1,-1,-1,-1,0
Unvalidated,2024440008986,2024,440008986,1,5,0,18,5,1,0,1,0,0,0,0,3,1,6,1,40,7,-1,-1,-1,-1,1,1,E01022968,0
Unvalidated,2024440009002,2024,440009002,1,9,0,13,7,3,0,0,0,0,0,0,4,1,6,2,-1,-1,-1,-1,-1,-1,-1,-1,-1,0
Unvalidated,2024440009002,2024,440009002,2,1,0,18,7,3,0,0,0,0,0,0,3,1,6,1,71,10,-1,-1,-1,-1,9,1,E01022719,0
Unvalidated,2024440009002,2024,440009002,3,1,0,18,7,3,0,0,0,0,0,0,3,1,6,2,59,9,-1,-1,-1,-1,9,1,E01022719,0
Unvalidated,2024440009050,2024,440009050,1,9,0,5,1,5,0,4,0,0,0,0,3,1,6,1,45,7,-1,-1,-1,-1,7,1,E01023150,0
Unvalidated,2024440009050,2024,440009050,2,1,0,17,7,4,0,8,0,0,0,0,1,1,6,1,52,8,-1,-1,-1,-1,9,1,E01023170,0
Unvalidated,2024440009083,2024,440009083,1,9,0,9,2,8,0,6,0,0,0,0,1,1,6,1,47,8,-1,-1,-1,-1,9,1,E01030991,0
Unvalidated,2024440009083,2024,440009083,2,3,0,18,8,4,0,8,0,0,0,0,4,1,1,1,40,7,-1,-1,-1,-1,6,1,E01023118,0
Unvalidated,2024440009124,2024,440009124,1,90,0,18,4,8,0,0,0,0,0,0,4,1,6,2,29,6,-1,-1,-1,-1,1,1,E01022933,1
Unvalidated,2024440009385,2024,440009385,1,9,0,17,2,7,0,0,5,0,0,0,0,1,6,1,19,4,-1,-1,-1,-1,5,1,E01033229,0
Unvalidated,2024440009811,2024,440009811,1,11,0,18,2,6,0,2,0,0,0,0,1,1,1,1,64,9,-1,-1,-1,-1,3,1,E01017189,0
Unvalidated,2024440009823,2024,440009823,1,4,0,5,1,5,0,1,1,0,0,0,4,1,1,1,25,5,-1,-1,-1,-1,3,1,E01023157,0
Unvalidated,2024440009833,2024,440009833,1,9,0,9,2,8,0,1,0,0,3,0,1,1,6,1,22,5,-1,-1,-1,-1,5,1,E01017101,0
Unvalidated,2024440009833,2024,440009833,2,9,0,18,8,4,0,1,0,0,0,0,1,1,6,2,30,6,-1,-1,-1,-1,1,1,E01022915,0
Unvalidated,2024440009834,2024,440009834,1,9,0,18,6,2,0,0,0,0,0,0,1,1,2,1,57,9,-1,-1,-1,-1,9,3,E01023275,0
Unvalidated,2024440009834,2024,440009834,2,9,0,18,2,6,0,0,0,0,0,0,1,1,2,2,26,6,-1,-1,-1,-1,10,1,E01022749,0
Unvalidated,2024440009865,2024,440009865,1,20,0,18,6,2,0,0,2,0,2,11,1,1,1,1,42,7,-1,-1,-1,-1,2,1,E01015312,0
Unvalidated,2024440009951,2024,440009951,1,9,0,18,1,5,0,8,0,0,0,0,4,1,2,1,65,9,-1,-1,-1,-1,7,1,E01022927,0
Unvalidated,2024440009951,2024,440009951,2,90,0,7,3,5,0,6,0,0,0,0,1,1,4,1,12,3,-1,-1,-1,-1,7,1,E01022927,1
Unvalidated,2024440010020,2024,440010020,1,9,0,3,1,5,0,0,0,0,0,0,2,1,6,1,59,9,-1,-1,-1,-1,6,1,E01000352,0
Unvalidated,2024440010020,2024,440010020,2,9,0,18,1,5,0,0,0,0,0,0,1,1,6,1,22,5,-1,-1,-1,-1,4,1,E01017187,0
Unvalidated,2024440010155,2024,440010155,1,9,0,18,2,6,0,0,0,4,7,11,1,1,6,2,77,11,-1,-1,-1,-1,6,1,E01017271,0
Unvalidated,2024440010155,2024,440010155,2,9,0,2,0,0,0,0,0,0,0,0,2,1,6,3,-1,-1,-1,-1,-1,-1,-1,-1,-1,0
Unvalidated,2024440010197,2024,440010197,1,9,0,18,2,6,0,0,0,6,7,10,1,1,6,1,45,7,-1,-1,-1,-1,9,1,E01022615,0
Unvalidated,2024440010293,2024,440010293,1,3,0,18,1,5,0,2,0,0,0,0,1,1,1,1,-1,-1,-1,-1,-1,-1,-1,-1,-1,0
Unvalidated,2024440011810,2024,440011810,1,9,0,2,0,0,0,1,0,0,0,0,4,1,6,2,24,5,-1,-1,-1,-1,5,1,E01022480,0
Unvalidated,2024440011810,2024,440011810,2,9,0,18,5,1,0,1,0,0,0,0,1,1,6,1,-1,-1,-1,-1,-1,-1,-1,-1,-1,0
Unvalidated,2024440011858,2024,440011858,1,9,0,18,6,2,0,0,0,0,1,11,1,1,6,1,83,11,-1,-1,-1,-1,7,1,E01023032,0
Unvalidated,2024440011858,2024,440011858,2,9,0,2,0,0,0,0,0,0,0,0,3,1,6,1,39,7,-1,-1,-1,-1,9,1,E01023003,0
Unvalidated,2024440011965,2024,440011965,1,19,0,18,1,5,0,1,0,0,0,0,1,1,1,1,37,7,-1,-1,-1,-1,4,1,E01017192,0
Unvalidated,2024440011965,2024,440011965,2,9,0,18,7,3,0,8,5,0,1,10,4,1,6,2,18,4,-1,-1,-1,-1,9,1,E01022582,0
Unvalidated,2024440012471,2024,440012471,1,19,0,18,6,2,0,0,0,0,0,0,1,1,2,1,55,8,-1,-1,-1,-1,7,1,E01022938,0
Unvalidated,2024440012548,2024,440012548,1,10,0,18,3,7,0,3,0,0,0,0,4,1,6,1,-1,-1,-1,-1,-1,-1,-1,-1,-1,0
Unvalidated,2024440012643,2024,440012643,1,9,0,18,2,6,0,0,5,0,4,6,3,1,6,1,48,8,-1,-1,-1,-1,7,1,E01015297,0
Unvalidated,2024440012788,2024,440012788,1,3,0,18,7,3,0,1,0,0,0,0,4,1,6,1,20,4,-1,-1,-1,-1,6,1,E01022812,0
Unvalidated,2024440012788,2024,440012788,2,9,0,18,5,1,0,1,0,0,0,0,0,1,6,3,-1,-1,-1,-1,-1,-1,-1,-1,-1,0
Unvalidated,2024440012812,2024,440012812,1,9,0,17,6,2,0,0,0,0,1,0,1,1,6,3,-1,-1,-1,-1,-1,-1,-1,-1,-1,0
Unvalidated,2024440012840,2024,440012840,1,9,0,18,2,6,0,0,0,0,1,10,1,1,6,1,18,4,-1,-1,-1,-1,7,2,E01017367,0
Unvalidated,2024440012931,2024,440012931,1,19,0,18,4,8,0,0,0,0,0,0,1,1,2,1,27,6,-1,-1,-1,-1,6,3,E01023199,0
Unvalidated,2024440012931,2024,440012931,2,1,0,18,4,8,0,0,0,0,0,0,2,1,2,1,64,9,-1,-1,-1,-1,4,1,E01017187,0
Unvalidated,2024440012972,2024,440012972,1,9,0,18,7,3,0,0,0,0,1,10,1,1,6,1,54,8,-1,-1,-1,-1,6,1,E01017014,0
Unvalidated,2024440013020,2024,440013020,1,5,0,17,8,4,0,0,1,0,0,0,3,1,2,1,61,9,-1,-1,-1,-1,9,2,E01023227,0
Unvalidated,2024440013111,2024,440013111,1,9,0,18,5,1,0,0,1,10,0,0,1,1,6,2,32,6,-1,-1,-1,-1,10,1,E01023040,0
Unvalidated,2024440013118,2024,440013118,1,1,0,18,2,6,0,8,0,0,0,0,3,1,6,1,52,8,-1,-1,-1,-1,6,1,E01022980,0
Unvalidated,2024440013118,2024,440013118,2,9,0,18,4,8,0,4,0,0,0,0,1,1,6,2,-1,-1,-1,-1,-1,-1,-1,-1,-1,0
Unvalidated,2024440013132,2024,440013132,1,9,0,4,7,3,0,1,1,0,0,0,1,1,2,2,45,7,-1,-1,-1,-1,10,1,E01020420,0
Unvalidated,2024440013132,2024,440013132,2,19,0,3,7,3,0,1,0,0,0,0,2,1,1,1,59,9,-1,-1,-1,-1,9,1,E01023064,0
Unvalidated,2024440013322,2024,440013322,1,9,0,18,5,1,0,4,0,0,0,0,3,1,6,2,74,10,-1,-1,-1,-1,9,1,E01022730,0
Unvalidated,2024440013322,2024,440013322,2,9,0,18,4,8,0,8,0,0,0,0,1,1,6,2,19,4,-1,-1,-1,-1,10,1,E01022784,0
Unvalidated,2024440013575,2024,440013575,1,9,0,12,2,6,0,0,0,0,0,0,2,1,6,1,21,5,-1,-1,-1,-1,3,1,E01032851,0
Unvalidated,2024440013575,2024,440013575,2,9,0,18,2,6,0,0,0,0,0,0,1,1,6,1,78,11,-1,-1,-1,-1,9,1,E01022494,0
Unvalidated,2024440013583,2024,440013583,1,19,0,12,2,6,0,0,0,0,0,0,0,1,1,1,34,6,-1,-1,-1,-1,2,1,E01016035,0
Unvalidated,2024440013583,2024,440013583,2,9,0,18,2,6,0,0,5,0,4,0,3,1,6,1,74,10,-1,-1,-1,-1,2,1,E01018911,0
Unvalidated,2024440013796,2024,440013796,1,4,0,13,2,5,0,2,0,0,0,0,1,1,6,1,42,7,-1,-1,-1,-1,3,1,E01017348,0
Unvalidated,2024440013796,2024,440013796,2,9,0,17,5,2,0,1,0,0,0,0,1,1,6,1,59,9,-1,-1,-1,-1,8,3,E01017351,0
Unvalidated,2024440013910,2024,440013910,1,9,0,9,8,6,0,6,0,0,0,0,3,1,6,2,85,11,-1,-1,-1,-1,6,1,E01023071,0
Unvalidated,2024440013910,2024,440013910,2,3,0,18,6,2,0,1,0,0,0,0,1,1,6,1,22,5,-1,-1,-1,-1,6,1,E01023071,0
Unvalidated,2024440014085,2024,440014085,1,9,0,3,2,6,0,0,0,0,0,0,2,1,2,1,54,8,-1,-1,-1,-1,9,1,E01022697,0
Unvalidated,2024440014085,2024,440014085,2,3,0,18,2,6,0,0,0,0,0,0,1,1,2,1,31,6,-1,-1,-1,-1,1,1,E01017166,0
Unvalidated,2024440014104,2024,440014104,1,3,0,18,4,8,0,0,0,0,0,0,3,1,6,1,29,6,-1,-1,-1,-1,4,1,E01017309,0
Unvalidated,2024440014319,2024,440014319,1,9,0,3,5,1,0,1,0,0,0,0,2,1,6,1,40,7,-1,-1,-1,-1,4,1,E01032858,0
Unvalidated,2024440014319,2024,440014319,2,9,0,18,5,1,0,1,0,0,0,0,1,1,6,1,-1,-1,-1,-1,-1,-1,-1,-1,-1,0
Unvalidated,2024440014571,2024,440014571,1,9,0,9,5,3,0,8,0,0,0,0,1,1,6,1,37,7,-1,-1,-1,-1,8,1,E01017215,0
Unvalidated,2024440014571,2024,440014571,2,9,0,18,7,3,0,8,0,0,0,0,3,1,2,2,43,7,-1,-1,-1,-1,1,1,E01017207,0
Unvalidated,2024440014571,2024,440014571,3,19,0,18,7,3,0,8,0,0,0,0,1,1,1,1,47,8,-1,-1,-1,-1,3,1,E01017194,0
Unvalidated,2024440014651,2024,440014651,1,9,0,17,6,3,0,0,2,0,1,4,1,1,6,1,79,11,-1,-1,-1,-1,6,2,E01017361,0
Unvalidated,2024440014657,2024,440014657,1,9,0,7,7,2,0,6,0,0,0,0,1,1,6,1,47,8,-1,-1,-1,-1,10,1,E01023173,0
Unvalidated,2024440014657,2024,440014657,2,9,0,18,2,6,0,1,0,0,0,0,1,1,6,1,35,6,-1,-1,-1,-1,1,1,E01017154,0
Unvalidated,2024440014821,2024,440014821,1,9,0,5,6,2,0,1,0,0,0,0,1,1,2,2,59,9,-1,-1,-1,-1,9,1,E01022947,0
Unvalidated,2024440014829,2024,440014829,1,9,0,18,1,5,0,0,1,0,7,4,1,1,6,1,64,9,-1,-1,-1,-1,7,1,E01023150,0
Unvalidated,2024440014854,2024,440014854,1,9,0,16,8,4,0,0,0,0,0,0,1,1,6,1,38,7,-1,-1,-1,-1,1,1,E01023029,0
Unvalidated,2024440014854,2024,440014854,2,9,0,17,4,8,0,0,0,0,0,0,1,1,6,2,-1,-1,-1,-1,-1,-1,-1,-1,-1,0
Unvalidated,2024440015169,2024,440015169,1,9,0,4,5,1,0,1,0,0,0,0,2,1,6,2,33,6,-1,-1,-1,-1,6,1,E01022672,0
Unvalidated,2024440015169,2024,440015169,2,9,0,18,5,1,0,1,0,0,0,0,1,1,6,2,36,7,-1,-1,-1,-1,7,1,E01022648,0
Unvalidated,2024440015260,2024,440015260,1,2,0,18,5,1,0,0,0,0,0,0,4,1,6,1,22,5,-1,-1,-1,-1,10,1,E01022643,0
Unvalidated,2024440015260,2024,440015260,2,19,0,2,0,0,0,0,0,0,0,0,4,1,6,3,-1,-1,-1,-1,-1,-1,-1,-1,-1,0
Unvalidated,2024440015260,2024,440015260,3,9,0,2,0,0,0,0,0,0,0,0,2,1,6,3,-1,-1,-1,-1,-1,-1,-1,-1,-1,0
Unvalidated,2024440015281,2024,440015281,1,9,0,14,6,2,0,0,0,0,0,0,4,1,6,2,76,11,-1,-1,-1,-1,5,2,E01017368,0
Unvalidated,2024440015281,2024,440015281,2,9,0,2,0,0,0,0,0,0,0,0,3,1,3,1,49,8,-1,-1,-1,-1,6,1,E01017300,0
Unvalidated,2024440015352,2024,440015352,1,9,0,18,5,1,0,2,0,0,0,0,1,1,6,2,29,6,-1,-1,-1,-1,1,1,E01017332,0
Unvalidated,2024440015387,2024,440015387,1,9,0,18,8,4,0,0,0,0,1,7,1,1,6,1,74,10,-1,-1,-1,-1,8,1,E01022650,0
Unvalidated,2024440015417,2024,440015417,1,9,0,18,6,2,0,0,0,0,1,7,1,1,6,1,46,8,-1,-1,-1,-1,10,1,E01016329,0
Unvalidated,2024440015480,2024,440015480,1,9,0,9,3,1,0,5,0,10,7,0,1,1,6,1,31,6,-1,-1,-1,-1,1,1,E01017207,0
Unvalidated,2024440015480,2024,440015480,2,9,0,18,7,3,0,1,0,10,0,0,3,1,3,2,42,7,-1,-1,-1,-1,6,1,E01022666,0
Unvalidated,2024440015588,2024,440015588,1,19,0,18,8,4,0,4,0,0,0,0,1,1,2,1,40,7,-1,-1,-1,-1,7,1,E01031488,0
Unvalidated,2024440015588,2024,440015588,2,1,0,18,6,2,0,8,0,0,0,0,4,1,2,1,44,7,-1,-1,-1,-1,8,2,E01023221,0
Unvalidated,2024440015603,2024,440015603,1,1,0,16,2,6,0,0,0,0,0,0,1,1,6,3,-1,-1,-1,-1,-1,-1,-1,-1,-1,0
Unvalidated,2024440015680,2024,440015680,1,9,0,7,4,6,0,5,0,0,0,0,1,1,6,1,84,11,-1,-1,-1,-1,10,1,E01022868,0
Unvalidated,2024440015723,2024,440015723,1,19,0,9,6,4,0,8,0,0,0,0,0,1,6,1,35,6,-1,-1,-1,-1,6,1,E01017014,0
Unvalidated,2024440015723,2024,440015723,2,5,0,18,2,6,0,1,1,0,0,0,0,1,6,1,31,6,-1,-1,-1,-1,2,1,E01017109,0
Unvalidated,2024440015764,2024,440015764,1,1,0,18,1,5,0,0,0,10,0,0,1,1,2,1,45,7,-1,-1,-1,-1,3,1,E01017228,0
Unvalidated,2024440016148,2024,440016148,1,9,0,3,8,4,0,1,0,0,0,0,2,1,6,2,32,6,-1,-1,-1,-1,5,1,E01022842,0
Unvalidated,2024440016148,2024,440016148,2,9,0,18,8,4,0,1,0,0,0,0,1,1,6,3,-1,-1,-1,-1,-1,-1,-1,-1,-1,0
Unvalidated,2024440016182,2024,440016182,1,9,0,18,6,2,0,1,0,0,0,0,1,1,6,2,32,6,-1,-1,-1,-1,-1,-1,-1,0
Unvalidated,2024440016182,2024,440016182,2,9,0,7,8,2,0,8,0,0,0,0,3,1,2,1,27,6,-1,-1,-1,-1,6,1,E01023252,0
Unvalidated,2024440016343,2024,440016343,1,1,0,18,7,3,0,1,0,0,0,0,3,1,4,1,12,3,-1,-1,-1,-1,9,2,E01023191,0
Unvalidated,2024440016343,2024,440016343,2,9,0,13,7,3,0,1,0,0,0,0,4,1,6,2,-1,-1,-1,-1,-1,-1,-1,-1,-1,0
Unvalidated,2024440016375,2024,440016375,1,9,0,16,4,7,0,0,0,0,1,9,4,1,6,1,29,6,-1,-1,-1,-1,10,1,E01022898,0
Unvalidated,2024440016460,2024,440016460,1,19,0,18,5,1,0,0,5,0,1,0,0,1,2,1,49,8,-1,-1,-1,-1,5,1,E01027946,0
Unvalidated,2024440016564,2024,440016564,1,9,0,18,6,2,0,1,0,0,0,0,3,1,6,2,59,9,-1,-1,-1,-1,3,1,E01031444,0
Unvalidated,2024440016564,2024,440016564,2,9,0,9,4,2,0,6,0,0,0,0,1,1,6,1,72,10,-1,-1,-1,-1,10,1,E01022972,0
Unvalidated,2024440016938,2024,440016938,1,9,0,7,2,4,0,6,0,0,0,0,1,1,6,2,27,6,-1,-1,-1,-1,9,1,E01022692,0
Unvalidated,2024440016938,2024,440016938,2,1,0,18,4,8,0,1,0,0,0,0,3,1,6,1,40,7,-1,-1,-1,-1,4,1,E01017158,0
Unvalidated,2024440017070,2024,440017070,1,9,0,8,2,4,0,1,0,0,0,0,1,1,6,2,35,6,-1,-1,-1,-1,3,1,E01017020,0
Unvalidated,2024440017070,2024,440017070,2,9,0,18,4,8,0,8,0,0,0,0,1,1,6,2,70,10,-1,-1,-1,-1,3,1,E01017089,0
Unvalidated,2024440017186,2024,440017186,1,3,0,3,5,1,0,1,0,0,0,0,2,1,2,2,38,7,-1,-1,-1,-1,9,1,E01017248,0
Unvalidated,2024440017186,2024,440017186,2,9,0,18,5,1,0,1,0,0,0,0,1,1,6,3,-1,-1,-1,-1,-1,-1,-1,-1,-1,0
Unvalidated,2024440017219,2024,440017219,1,19,0,4,2,6,0,0,0,0,0,0,1,1,6,1,18,4,-1,-1,-1,-1,10,1,E01032616,0
Unvalidated,2024440017219,2024,440017219,2,9,0,18,2,6,0,0,0,0,0,0,2,1,6,2,46,8,-1,-1,-1,-1,7,1,E01032881,0
Unvalidated,2024440017260,2024,440017260,1,9,0,9,4,1,0,8,0,0,0,0,1,1,6,1,91,11,-1,-1,-1,-1,3,1,E01017349,0
Unvalidated,2024440017260,2024,440017260,2,9,0,18,8,4,0,1,0,0,0,0,1,1,6,1,70,10,-1,-1,-1,-1,2,2,E01017363,0
Unvalidated,2024440017318,2024,440017318,1,9,0,5,6,2,0,0,0,0,0,0,1,1,6,1,-1,-1,-1,-1,-1,-1,-1,-1,-1,0
Unvalidated,2024440017320,2024,440017320,1,9,0,18,6,2,0,0,5,0,7,0,1,1,6,1,29,6,-1,-1,-1,-1,7,3,E01023271,0
Unvalidated,2024440017953,2024,440017953,1,9,0,14,6,2,0,0,0,4,0,0,4,1,6,1,85,11,-1,-1,-1,-1,3,1,E01017170,0
Unvalidated,2024440017953,2024,440017953,2,9,0,2,0,0,0,0,0,4,0,0,3,1,6,3,-1,-1,-1,-1,-1,-1,-1,-1,-1,0
Unvalidated,2024440017953,2024,440017953,3,9,0,2,0,0,0,0,0,0,0,0,2,1,6,3,-1,-1,-1,-1,-1,-1,-1,-1,-1,0
Unvalidated,2024440017962,2024,440017962,1,9,0,4,2,6,0,0,0,0,0,0,2,1,6,1,24,5,-1,-1,-1,-1,4,1,E01017341,0
Unvalidated,2024440017962,2024,440017962,2,9,0,4,2,6,0,0,0,0,0,0,1,1,6,1,54,8,-1,-1,-1,-1,5,3,E01017296,0
Unvalidated,2024440018238,2024,440018238,1,9,0,18,8,4,0,2,5,10,0,0,4,1,6,2,46,8,-1,-1,-1,-1,10,1,E01023268,0
Unvalidated,2024440018238,2024,440018238,2,9,0,2,0,0,0,2,0,4,0,0,3,1,6,3,-1,-1,-1,-1,-1,-1,-1,-1,-1,0
Unvalidated,2024440018238,2024,440018238,3,9,0,2,0,0,0,2,0,0,0,0,2,1,6,3,-1,-1,-1,-1,-1,-1,-1,-1,-1,0
Unvalidated,2024440018525,2024,440018525,1,9,0,7,8,2,0,1,0,0,0,0,1,1,6,1,34,6,-1,-1,-1,-1,10,3,E01023229,0
Unvalidated,2024440018525,2024,440018525,2,3,0,18,6,2,0,8,0,0,0,0,4,1,6,1,48,8,-1,-1,-1,-1,10,1,E01023266,0
Unvalidated,2024440018571,2024,440018571,1,9,0,18,2,6,0,0,1,0,1,4,1,1,6,1,74,10,-1,-1,-1,-1,9,1,E01015406,0
Unvalidated,2024440018621,2024,440018621,1,19,0,18,2,6,0,0,0,0,0,0,1,1,2,1,38,7,-1,-1,-1,-1,1,1,E01000595,0
Unvalidated,2024440018621,2024,440018621,2,9,0,18,2,6,0,0,0,0,5,6,2,1,6,1,51,8,-1,-1,-1,-1,10,1,E01022580,0
Unvalidated,2024440018661,2024,440018661,1,90,0,18,3,7,0,1,0,0,0,0,0,1,6,2,18,4,-1,-1,-1,-1,1,1,E01017218,1
Unvalidated,2024440018746,2024,440018746,1,9,0,16,8,4,0,0,1,0,8,7,3,1,6,1,23,5,-1,-1,-1,-1,8,1,E01031011,0
Unvalidated,2024440019169,2024,440019169,1,4,0,7,4,6,0,8,0,0,0,0,0,1,6,1,55,8,-1,-1,-1,-1,2,1,E01017331,0
Unvalidated,2024440019238,2024,440019238,1,9,0,10,8,4,0,1,0,0,0,0,2,1,6,1,26,6,-1,-1,-1,-1,2,1,E01015558,0
Unvalidated,2024440019238,2024,440019238,2,19,0,18,8,4,0,1,0,0,0,0,1,1,6,1,-1,-1,-1,-1,-1,-1,-1,-1,-1,0
Unvalidated,2024440019251,2024,440019251,1,4,0,18,2,6,0,0,1,4,0,0,1,1,6,1,37,7,-1,-1,-1,-1,2,1,E01022966,0
Unvalidated,2024440019251,2024,440019251,2,9,0,2,0,0,6,0,0,0,0,0,3,1,6,3,-1,-1,-1,-1,-1,-1,-1,-1,-1,0
Unvalidated,2024440019380,2024,440019380,1,9,0,18,2,6,0,8,0,0,0,0,1,1,6,1,35,6,-1,-1,-1,-1,3,1,E01022908,0
Unvalidated,2024440019380,2024,440019380,2,19,0,9,6,3,0,5,0,0,0,0,1,1,6,1,20,4,-1,-1,-1,-1,10,1,E01022931,0
Unvalidated,2024440019387,2024,440019387,1,90,0,18,8,4,4,2,0,0,0,0,1,1,6,3,-1,-1,-1,-1,-1,-1,-1,-1,-1,1
Unvalidated,2024440019429,2024,440019429,1,9,0,18,2,6,0,8,0,0,0,0,1,1,6,1,21,5,-1,-1,-1,-1,7,3,E01023224,0
Unvalidated,2024440019429,2024,440019429,2,9,0,4,2,6,0,8,0,0,0,0,2,1,6,2,26,6,-1,-1,-1,-1,3,1,E01033381,0
Unvalidated,2024440019444,2024,440019444,1,9,0,18,6,2,0,0,0,0,0,0,1,1,6,1,77,11,-1,-1,-1,-1,7,1,E01022737,0
Unvalidated,2024440019717,2024,440019717,1,9,0,18,4,8,0,4,0,0,0,0,3,1,6,2,55,8,-1,-1,-1,-1,5,1,E01017113,0
Unvalidated,2024440019717,2024,440019717,2,1,0,18,2,6,0,8,0,0,0,0,1,1,6,1,18,4,-1,-1,-1,-1,6,1,E01017066,0
Unvalidated,2024440020136,2024,440020136,1,3,0,14,5,1,0,0,0,0,0,0,1,1,2,1,18,4,-1,-1,-1,-1,6,1,E01017173,0
Unvalidated,2024440020252,2024,440020252,1,9,0,18,3,7,0,0,0,0,0,0,1,1,6,1,53,8,-1,-1,-1,-1,10,1,E01023114,0
Unvalidated,2024440020254,2024,440020254,1,19,0,12,6,2,0,0,0,0,0,0,3,1,1,1,27,6,-1,-1,-1,-1,9,1,E01022971,0
Unvalidated,2024440020254,2024,440020254,2,19,0,18,6,2,0,0,0,0,6,0,1,1,1,1,37,7,-1,-1,-1,-1,-1,1,-1,0
Unvalidated,2024440020277,2024,440020277,1,9,0,18,4,8,0,0,0,0,0,0,1,1,2,1,30,6,-1,-1,-1,-1,-1,-1,-1,0
Unvalidated,2024440020277,2024,440020277,2,19,0,18,4,8,0,0,0,0,0,0,2,1,1,1,19,4,-1,-1,-1,-1,10,1,E01023092,0
Unvalidated,2024440020319,2024,440020319,1,9,0,17,4,2,0,0,0,0,0,0,1,1,6,1,76,11,-1,-1,-1,-1,1,1,E01017036,0
Unvalidated,2024440020319,2024,440020319,2,1,0,16,2,4,0,0,0,0,0,0,1,1,2,1,52,8,-1,-1,-1,-1,1,1,E01017103,0
Unvalidated,2024440020415,2024,440020415,1,9,0,1,3,7,0,6,0,0,0,0,2,1,6,3,-1,-1,-1,-1,-1,-1,-1,-1,-1,0
Unvalidated,2024440020463,2024,440020463,1,3,0,18,2,6,0,2,0,0,0,0,1,1,1,1,-1,-1,-1,-1,-1,-1,-1,-1,-1,0
Unvalidated,2024440020479,2024,440020479,1,9,0,18,8,4,0,3,0,0,0,0,1,1,6,1,56,9,-1,-1,-1,-1,10,3,E01022499,0
Unvalidated,2024440020531,2024,440020531,1,9,0,18,6,2,0,0,0,0,0,0,1,1,3,1,42,7,-1,-1,-1,-1,1,1,E01017031,0
Unvalidated,2024440020531,2024,440020531,2,9,0,14,2,6,0,0,0,0,0,0,1,1,6,2,-1,-1,-1,-1,-1,-1,-1,-1,-1,0
Unvalidated,2024440020559,2024,440020559,1,9,0,4,6,2,0,2,0,0,0,0,2,1,6,1,56,9,-1,-1,-1,-1,9,1,E01017061,0
Unvalidated,2024440020559,2024,440020559,2,9,0,18,6,2,0,2,0,0,0,0,1,1,6,1,19,4,-1,-1,-1,-1,7,1,E01032618,0
Unvalidated,2024440020973,2024,440020973,1,9,0,18,8,4,0,8,0,0,0,0,1,1,6,2,38,7,-1,-1,-1,-1,1,1,E01032750,0
Unvalidated,2024440020973,2024,440020973,2,90,0,9,4,2,0,8,0,0,0,0,1,1,6,2,25,5,-1,-1,-1,-1,8,1,E01017180,1
Unvalidated,2024440021004,2024,440021004,1,9,0,9,2,8,0,8,0,0,0,0,1,1,6,2,59,9,-1,-1,-1,-1,9,1,E01022719,0
Unvalidated,2024440021004,2024,440021004,2,1,0,18,8,4,0,1,0,0,0,0,1,1,6,1,43,7,-1,-1,-1,-1,-1,1,-1,0
Unvalidated,2024440021044,2024,440021044,1,8,0,1,5,1,0,0,0,0,0,0,2,1,1,2,-1,-1,-1,-1,-1,-1,-1,-1,-1,0
Unvalidated,2024440021150,2024,440021150,1,9,0,7,4,7,0,6,0,0,0,0,3,1,6,2,62,9,-1,-1,-1,-1,10,2,E01022595,0
Unvalidated,2024440021150,2024,440021150,2,9,0,18,3,7,0,1,0,0,0,0,1,1,6,1,20,4,-1,-1,-1,-1,6,1,E01002497,0
Unvalidated,2024440021186,2024,440021186,1,19,0,18,8,4,0,0,0,0,0,0,1,1,1,1,33,6,-1,-1,-1,-1,8,1,E01022765,0
Unvalidated,2024440021186,2024,440021186,2,9,0,4,8,4,0,0,0,0,0,0,2,1,6,2,61,9,-1,-1,-1,-1,9,1,E01022767,0