status,collision_index,collision_year,collision_reference,vehicle_reference,vehicle_type,towing_and_articulation,vehicle_manoeuvre,vehicle_direction_from,vehicle_direction_to,vehicle_location_restricted_lane,junction_location,skidding_and_overturning,hit_object_in_carriageway,vehicle_leaving_carriageway,hit_object_off_carriageway,first_point_of_impact,vehicle_left_hand_drive,journey_purpose_of_driver,sex_of_driver,age_of_driver,age_band_of_driver,engine_capacity_cc,propulsion_code,age_of_vehicle,generic_make_model,driver_imd_decile,driver_home_area_type,lsoa_of_driver,escooter_flag
Unvalidated,2024440021186,2024,440021186,3,9,0,4,8,4,0,0,0,0,0,0,2,1,2,1,25,5,-1,-1,-1,-1,7,1,E01022724,0
Unvalidated,2024440021186,2024,440021186,4,9,0,4,8,4,0,0,0,0,0,0,2,1,2,1,45,7,-1,-1,-1,-1,1,1,E01022933,0
Unvalidated,2024440021306,2024,440021306,1,19,0,9,6,4,0,8,0,0,0,0,1,1,1,1,54,8,-1,-1,-1,-1,3,1,E01017111,0
Unvalidated,2024440021306,2024,440021306,2,9,0,18,2,6,0,8,1,0,0,0,3,1,6,2,50,8,-1,-1,-1,-1,7,2,E01032717,0
Unvalidated,2024440021306,2024,440021306,3,19,0,3,4,8,0,1,0,0,0,0,3,1,6,1,24,5,-1,-1,-1,-1,5,1,E01017206,0
Unvalidated,2024440021597,2024,440021597,1,9,0,18,1,5,0,0,1,0,2,4,2,1,6,1,32,6,-1,-1,-1,-1,6,1,E01022507,0
Unvalidated,2024440021673,2024,440021673,1,9,0,18,2,6,0,0,2,0,0,0,1,1,6,2,37,7,-1,-1,-1,-1,10,1,E01023059,0
Unvalidated,2024440021676,2024,440021676,1,9,0,18,2,6,0,0,0,0,7,11,1,1,2,1,56,9,-1,-1,-1,-1,10,1,E01022693,0
Unvalidated,2024440021698,2024,440021698,1,9,0,9,8,6,0,8,0,0,0,0,3,1,6,1,-1,-1,-1,-1,-1,-1,-1,-1,-1,0
Unvalidated,2024440021698,2024,440021698,2,1,0,18,6,2,0,8,0,0,0,0,1,1,6,1,47,8,-1,-1,-1,-1,5,1,E01017030,0
Unvalidated,2024440021700,2024,440021700,1,1,0,3,3,7,0,1,0,0,0,0,2,1,6,1,52,8,-1,-1,-1,-1,8,1,E01032664,0
Unvalidated,2024440021700,2024,440021700,2,9,0,18,3,7,0,1,0,0,0,0,1,1,6,2,-1,-1,-1,-1,-1,-1,-1,-1,-1,0
Unvalidated,2024440021703,2024,440021703,1,9,0,18,6,2,0,4,1,0,4,1,1,1,6,1,30,6,-1,-1,-1,-1,8,1,E01020425,0
Unvalidated,2024440021715,2024,440021715,1,9,0,18,6,2,0,0,5,0,7,4,1,1,2,1,27,6,-1,-1,-1,-1,4,3,E01022993,0
Unvalidated,2024440021721,2024,440021721,1,9,0,18,6,2,0,0,1,0,0,0,3,1,1,1,24,5,-1,-1,-1,-1,10,1,E01022511,0
Unvalidated,2024440021721,2024,440021721,2,9,0,18,2,6,0,0,0,0,0,0,3,1,2,1,54,8,-1,-1,-1,-1,5,1,E01022539,0
Unvalidated,2024440021780,2024,440021780,1,5,0,18,1,5,0,2,1,0,0,0,4,1,2,1,65,9,-1,-1,-1,-1,8,1,E01030803,0
Unvalidated,2024440021802,2024,440021802,1,9,0,18,8,4,0,0,0,0,0,0,2,1,2,2,29,6,-1,-1,-1,-1,4,2,E01031859,0
Unvalidated,2024440021802,2024,440021802,2,3,0,18,8,4,0,0,1,0,0,0,1,1,2,1,32,6,-1,-1,-1,-1,8,3,E01023286,0
Unvalidated,2024440021822,2024,440021822,1,9,0,4,5,1,0,8,1,0,0,0,1,1,2,2,33,6,-1,-1,-1,-1,-1,-1,-1,0
Unvalidated,2024440021822,2024,440021822,2,9,0,4,5,1,0,8,0,0,0,0,2,1,2,1,19,4,-1,-1,-1,-1,9,1,E01032848,0
Unvalidated,2024440021837,2024,440021837,1,3,0,9,5,3,0,8,1,0,0,0,2,1,2,1,44,7,-1,-1,-1,-1,6,1,E01022486,0
Unvalidated,2024440021854,2024,440021854,1,19,0,17,7,4,0,0,0,0,0,0,1,1,1,2,53,8,-1,-1,-1,-1,8,1,E01022589,0
Unvalidated,2024440021854,2024,440021854,2,9,0,17,7,4,0,0,0,0,1,7,4,1,6,2,67,10,-1,-1,-1,-1,10,1,E01022590,0
Unvalidated,2024440021854,2024,440021854,3,9,0,4,7,4,0,0,0,0,0,0,2,1,6,3,-1,-1,-1,-1,-1,-1,-1,-1,-1,0
Unvalidated,2024440022005,2024,440022005,1,9,0,18,8,5,0,0,5,4,0,0,1,1,6,1,88,11,-1,-1,-1,-1,6,2,E01017361,0
Unvalidated,2024440022005,2024,440022005,2,9,0,2,0,0,0,0,0,0,0,0,2,1,6,3,-1,-1,-1,-1,-1,-1,-1,-1,-1,0
Unvalidated,2024440022005,2024,440022005,3,9,0,2,0,0,0,0,0,0,0,0,2,1,6,3,-1,-1,-1,-1,-1,-1,-1,-1,-1,0
Unvalidated,2024440022054,2024,440022054,1,9,0,18,2,6,0,1,0,0,0,0,4,1,6,3,-1,-1,-1,-1,-1,-1,-1,-1,-1,0
Unvalidated,2024440022060,2024,440022060,1,9,0,2,0,0,0,0,0,0,0,0,3,1,3,3,-1,-1,-1,-1,-1,-1,-1,-1,-1,0
Unvalidated,2024440022060,2024,440022060,2,9,0,18,5,1,0,0,0,8,0,0,4,1,6,3,-1,-1,-1,-1,-1,-1,-1,-1,-1,0
Unvalidated,2024440022387,2024,440022387,1,9,0,18,6,2,0,1,0,0,3,7,1,1,6,2,83,11,-1,-1,-1,-1,6,2,E01023022,0
Unvalidated,2024440022410,2024,440022410,1,9,0,4,6,2,0,0,0,0,0,0,2,1,2,2,27,6,-1,-1,-1,-1,7,3,E01031508,0
Unvalidated,2024440022410,2024,440022410,2,9,0,4,6,2,0,0,0,0,0,0,1,1,6,2,22,5,-1,-1,-1,-1,10,1,E01022588,0
Unvalidated,2024440022735,2024,440022735,1,9,0,18,6,2,0,0,0,0,1,4,1,1,2,1,32,6,-1,-1,-1,-1,6,2,E01022880,0
Unvalidated,2024440022941,2024,440022941,1,3,0,18,8,4,0,1,0,0,0,0,0,1,1,2,18,4,-1,-1,-1,-1,-1,-1,-1,0
Unvalidated,2024440023057,2024,440023057,1,8,0,7,2,4,0,1,0,0,0,0,4,1,1,1,40,7,-1,-1,-1,-1,9,1,E01022717,0
Unvalidated,2024440023057,2024,440023057,2,11,0,18,2,6,2,1,0,0,0,0,1,1,1,1,41,7,-1,-1,-1,-1,5,1,E01017209,0
Unvalidated,2024440023162,2024,440023162,1,9,0,18,5,1,0,1,0,0,0,0,1,1,2,1,33,6,-1,-1,-1,-1,6,1,E01022668,0
Unvalidated,2024440023162,2024,440023162,2,9,0,3,5,1,0,1,0,0,0,0,2,1,6,1,72,10,-1,-1,-1,-1,7,1,E01015450,0
Unvalidated,2024440023386,2024,440023386,1,9,0,18,6,2,0,0,0,0,0,0,2,1,2,2,53,8,-1,-1,-1,-1,7,1,E01017094,0
Unvalidated,2024440023386,2024,440023386,2,9,0,18,6,2,0,0,0,0,0,0,1,1,6,1,-1,-1,-1,-1,-1,-1,-1,-1,-1,0
Unvalidated,2024440023492,2024,440023492,1,9,0,17,1,6,0,1,0,0,0,0,1,1,6,1,21,5,-1,-1,-1,-1,1,1,E01017466,0
Unvalidated,2024440023492,2024,440023492,2,9,0,16,6,1,0,1,0,0,0,0,1,1,6,2,71,10,-1,-1,-1,-1,5,1,E01017254,0
Unvalidated,2024440023492,2024,440023492,3,8,0,2,0,0,0,1,0,0,0,0,1,1,6,3,-1,-1,-1,-1,-1,-1,-1,-1,-1,0
Unvalidated,2024440023739,2024,440023739,1,9,0,1,5,1,0,0,0,0,0,0,2,1,6,1,31,6,-1,-1,-1,-1,9,1,E01022950,0
Unvalidated,2024440024116,2024,440024116,1,9,0,5,5,1,0,4,0,0,0,0,3,1,6,1,72,10,-1,-1,-1,-1,6,1,E01017355,0
Unvalidated,2024440024116,2024,440024116,2,3,0,18,3,7,0,8,0,0,0,0,1,1,2,1,21,5,-1,-1,-1,-1,3,1,E01017346,0
Unvalidated,2024440024169,2024,440024169,1,19,0,18,1,5,0,2,0,0,0,0,4,1,1,1,36,7,-1,-1,-1,-1,2,1,E01017076,0
Unvalidated,2024440024224,2024,440024224,1,9,0,9,8,6,0,2,0,0,0,0,1,1,6,2,46,8,-1,-1,-1,-1,8,1,E01022757,0
Unvalidated,2024440024928,2024,440024928,1,9,0,18,8,4,0,0,1,6,0,0,1,1,6,2,24,5,-1,-1,-1,-1,2,1,E01020348,0
Unvalidated,2024440024981,2024,440024981,1,9,0,9,4,8,0,6,0,0,0,0,3,1,2,2,28,6,-1,-1,-1,-1,4,1,E01032847,0
Unvalidated,2024440024981,2024,440024981,2,19,0,18,8,4,0,1,1,0,0,0,1,1,1,1,39,7,-1,-1,-1,-1,10,1,E01016262,0
Unvalidated,2024440024997,2024,440024997,1,9,0,18,4,8,0,0,1,0,0,0,1,1,2,2,49,8,-1,-1,-1,-1,10,1,E01023173,0
Unvalidated,2024440024997,2024,440024997,2,9,0,18,8,4,0,0,0,0,0,0,1,1,2,1,43,7,-1,-1,-1,-1,8,1,E01023176,0
Unvalidated,2024440025041,2024,440025041,1,9,0,18,1,5,0,0,0,0,0,0,4,1,2,2,40,7,-1,-1,-1,-1,5,1,E01017025,0
Unvalidated,2024440025089,2024,440025089,1,9,0,17,2,7,0,0,2,0,1,9,4,1,1,2,22,5,-1,-1,-1,-1,4,1,E01032847,0
Unvalidated,2024440025239,2024,440025239,1,9,0,18,7,3,0,0,0,0,0,0,1,1,6,2,60,9,-1,-1,-1,-1,9,1,E01022615,0
Unvalidated,2024440025239,2024,440025239,2,9,0,18,3,7,0,0,0,0,0,0,1,1,1,1,48,8,-1,-1,-1,-1,9,1,E01022633,0
Unvalidated,2024440025659,2024,440025659,1,19,4,18,8,4,0,0,0,0,0,0,1,1,6,1,35,6,-1,-1,-1,-1,7,2,E01017288,0
Unvalidated,2024440025659,2024,440025659,2,9,0,3,8,4,0,0,0,0,0,0,2,1,6,1,59,9,-1,-1,-1,-1,3,3,E01017299,0
Unvalidated,2024440025659,2024,440025659,3,9,0,3,8,4,0,0,0,0,0,0,2,1,6,2,36,7,-1,-1,-1,-1,3,1,E01017347,0
Unvalidated,2024440025659,2024,440025659,4,9,0,10,8,6,0,0,0,0,0,0,2,1,6,1,71,10,-1,-1,-1,-1,4,1,E01017334,0
Unvalidated,2024440025722,2024,440025722,1,9,0,18,3,7,0,0,0,0,0,0,3,1,6,1,26,6,-1,-1,-1,-1,8,1,E01022652,0
Unvalidated,2024440025722,2024,440025722,2,19,0,18,7,3,0,0,5,0,0,0,3,1,2,1,46,8,-1,-1,-1,-1,-1,-1,-1,0
Unvalidated,2024440025800,2024,440025800,1,9,0,18,8,4,0,1,0,0,0,0,1,1,6,2,59,9,-1,-1,-1,-1,2,1,E01017238,0
Unvalidated,2024440025877,2024,440025877,1,9,0,18,4,8,0,1,0,0,0,0,1,1,6,2,33,6,-1,-1,-1,-1,3,1,E01022811,0
Unvalidated,2024440025912,2024,440025912,1,90,0,18,4,8,9,0,0,0,0,0,1,1,6,1,14,3,-1,-1,-1,-1,2,1,E01022949,1
Unvalidated,2024440025915,2024,440025915,1,9,0,1,4,8,0,0,0,0,0,0,2,1,6,2,88,11,-1,-1,-1,-1,4,1,E01022936,0
Unvalidated,2024440025945,2024,440025945,1,9,0,18,6,2,0,0,0,0,0,0,1,1,2,2,42,7,-1,-1,-1,-1,3,1,E01022901,0
Unvalidated,2024440026093,2024,440026093,1,9,0,2,0,0,0,0,0,0,0,0,3,1,6,3,-1,-1,-1,-1,-1,-1,-1,-1,-1,0
Unvalidated,2024440026093,2024,440026093,2,9,0,18,6,2,0,0,0,8,0,0,4,1,6,3,-1,-1,-1,-1,-1,-1,-1,-1,-1,0
Unvalidated,2024440026203,2024,440026203,1,3,0,18,7,3,0,1,0,0,0,0,3,1,6,1,37,7,-1,-1,-1,-1,-1,1,-1,0
Unvalidated,2024440026320,2024,440026320,1,9,0,18,8,4,0,4,1,9,3,7,1,1,6,1,30,6,-1,-1,-1,-1,5,3,E01023201,0
Unvalidated,2024440026602,2024,440026602,1,90,0,18,1,5,0,8,0,0,0,0,1,1,6,1,24,5,-1,-1,-1,-1,3,1,E01017194,1
Unvalidated,2024440026602,2024,440026602,2,11,0,18,2,6,0,8,0,0,0,0,3,1,1,1,49,8,-1,-1,-1,-1,5,1,E01017136,0
Unvalidated,2024440026609,2024,440026609,1,3,0,18,7,3,0,0,1,0,0,0,3,1,6,1,20,4,-1,-1,-1,-1,10,3,E01022729,0
Unvalidated,2024440026612,2024,440026612,1,9,0,5,3,7,0,1,0,0,0,0,3,1,6,2,28,6,-1,-1,-1,-1,4,1,E01017034,0
Unvalidated,2024440026631,2024,440026631,1,9,0,16,4,8,0,0,1,0,7,4,3,1,2,2,41,7,-1,-1,-1,-1,9,3,E01022593,0
Unvalidated,2024440026814,2024,440026814,1,9,0,16,8,2,0,0,0,0,0,0,3,1,6,1,37,7,-1,-1,-1,-1,-1,-1,-1,0
Unvalidated,2024440026814,2024,440026814,2,9,0,17,2,8,0,0,0,0,0,0,3,1,6,2,70,10,-1,-1,-1,-1,6,1,E01022890,0
Unvalidated,2024440026938,2024,440026938,1,19,0,9,4,2,0,8,0,0,0,0,3,1,1,1,58,9,-1,-1,-1,-1,4,1,E01017135,0
Unvalidated,2024440026938,2024,440026938,2,9,0,18,2,6,0,8,0,0,0,0,1,1,6,2,58,9,-1,-1,-1,-1,8,3,E01022532,0
Unvalidated,2024440027056,2024,440027056,1,19,0,18,2,6,0,0,0,0,0,0,4,1,6,2,81,11,-1,-1,-1,-1,5,3,E01023015,0
Unvalidated,2024440027096,2024,440027096,1,97,0,18,3,7,0,0,0,0,0,0,1,1,6,1,23,5,-1,-1,-1,-1,2,1,E01022949,0
Unvalidated,2024440027096,2024,440027096,2,19,0,3,3,7,0,0,0,0,0,0,2,1,6,3,-1,-1,-1,-1,-1,-1,-1,-1,-1,0
Unvalidated,2024440027247,2024,440027247,1,8,0,18,1,5,0,1,0,0,0,0,4,1,1,1,43,7,-1,-1,-1,-1,2,1,E01017139,0
Unvalidated,2024440027292,2024,440027292,1,9,0,18,4,8,0,8,0,0,0,0,1,1,6,2,43,7,-1,-1,-1,-1,3,1,E01023055,0
Unvalidated,2024440027292,2024,440027292,2,9,0,18,7,3,0,6,0,0,0,0,1,1,6,2,-1,-1,-1,-1,-1,-1,-1,-1,-1,0
Unvalidated,2024440027452,2024,440027452,1,3,0,18,2,6,0,0,0,0,0,0,1,1,4,1,17,4,-1,-1,-1,-1,4,1,E01017233,0
Unvalidated,2024440027452,2024,440027452,2,19,0,3,2,6,0,0,0,0,0,0,2,1,2,2,63,9,-1,-1,-1,-1,9,1,E01022646,0
Unvalidated,2024440027527,2024,440027527,1,9,0,9,6,4,0,8,0,0,0,0,1,1,6,2,34,6,-1,-1,-1,-1,6,1,E01017212,0
Unvalidated,2024440027527,2024,440027527,2,9,0,18,4,8,0,4,0,0,7,1,4,1,6,1,18,4,-1,-1,-1,-1,2,1,E01017253,0
Unvalidated,2024440027530,2024,440027530,1,9,0,18,3,7,0,1,0,0,0,0,1,1,6,1,45,7,-1,-1,-1,-1,9,3,E01023158,0
Unvalidated,2024440027574,2024,440027574,1,9,0,2,0,0,0,0,0,0,0,0,2,1,1,1,28,6,-1,-1,-1,-1,-1,-1,-1,0
Unvalidated,2024440027574,2024,440027574,2,9,0,18,3,7,0,0,0,0,0,0,1,1,2,1,54,8,-1,-1,-1,-1,10,2,E01023239,0
Unvalidated,2024440027627,2024,440027627,1,9,0,9,8,6,0,8,0,0,7,0,4,1,2,2,30,6,-1,-1,-1,-1,-1,-1,-1,0
Unvalidated,2024440027627,2024,440027627,2,9,0,18,4,8,0,1,0,0,0,0,1,1,6,1,47,8,-1,-1,-1,-1,10,1,E01022850,0
Unvalidated,2024440027631,2024,440027631,1,9,0,5,2,6,0,2,0,0,0,0,1,1,6,1,60,9,-1,-1,-1,-1,10,1,E01032616,0
Unvalidated,2024440027857,2024,440027857,1,9,0,9,7,5,0,8,1,0,0,0,1,1,6,1,22,5,-1,-1,-1,-1,5,1,E01022567,0
Unvalidated,2024440027857,2024,440027857,2,9,0,18,1,5,0,8,0,10,0,0,1,1,2,1,41,7,-1,-1,-1,-1,8,1,E01022570,0
Unvalidated,2024440028438,2024,440028438,1,9,0,8,3,7,0,1,0,0,0,0,2,1,6,1,34,6,-1,-1,-1,-1,2,1,E01017208,0
Unvalidated,2024440028438,2024,440028438,2,9,0,18,3,7,0,1,0,0,0,0,1,1,6,2,35,6,-1,-1,-1,-1,6,1,E01017212,0
Unvalidated,2024440028522,2024,440028522,1,9,0,3,8,4,0,1,0,0,0,0,2,1,6,2,58,9,-1,-1,-1,-1,2,1,E01017140,0
Unvalidated,2024440028522,2024,440028522,2,9,0,4,8,4,0,1,0,0,0,0,1,1,6,1,46,8,-1,-1,-1,-1,1,1,E01017218,0
Unvalidated,2024440028604,2024,440028604,1,9,0,18,6,2,0,0,0,0,1,4,1,1,6,2,75,10,-1,-1,-1,-1,10,2,E01023220,0
Unvalidated,2024440028722,2024,440028722,1,9,0,18,6,2,0,1,0,0,0,0,1,1,6,2,30,6,-1,-1,-1,-1,4,1,E01022482,0
Unvalidated,2024440028857,2024,440028857,1,9,0,4,5,1,0,0,0,0,0,0,2,1,6,1,49,8,-1,-1,-1,-1,3,1,E01017129,0
Unvalidated,2024440028857,2024,440028857,2,19,0,18,5,1,0,0,0,0,0,0,1,1,6,1,26,6,-1,-1,-1,-1,2,1,E01017133,0
Unvalidated,2024440028937,2024,440028937,1,19,0,18,2,6,0,0,0,12,0,0,1,1,6,1,50,8,-1,-1,-1,-1,-1,-1,-1,0
Unvalidated,2024440030221,2024,440030221,1,9,0,18,1,5,0,0,0,11,0,0,1,1,6,1,28,6,-1,-1,-1,-1,-1,-1,-1,0
Unvalidated,2024440030361,2024,440030361,1,9,0,7,8,2,0,6,0,0,0,0,3,1,2,2,47,8,-1,-1,-1,-1,4,1,E01017217,0
Unvalidated,2024440030361,2024,440030361,2,1,0,18,6,2,0,1,0,0,0,0,4,1,2,1,65,9,-1,-1,-1,-1,4,1,E01017278,0
Unvalidated,2024440030596,2024,440030596,1,20,0,15,4,8,0,0,0,0,0,0,1,1,1,1,32,6,-1,-1,-1,-1,3,1,E01020104,0
Unvalidated,2024440030596,2024,440030596,2,19,0,18,4,8,0,0,1,0,1,0,2,1,1,1,70,10,-1,-1,-1,-1,2,1,E01017115,0
Unvalidated,2024440031451,2024,440031451,1,21,0,18,4,8,0,0,0,0,0,0,1,1,1,1,64,9,-1,-1,-1,-1,8,1,E01017059,0
Unvalidated,2024440031451,2024,440031451,2,9,0,18,4,8,0,0,0,0,0,0,2,1,6,1,36,7,-1,-1,-1,-1,4,1,E01016857,0
Unvalidated,2024440031500,2024,440031500,1,9,0,18,8,4,0,0,0,0,1,9,1,1,6,1,36,7,-1,-1,-1,-1,10,1,E01023043,0
Unvalidated,2024440031500,2024,440031500,2,9,0,3,8,4,0,0,0,0,0,0,2,1,6,1,62,9,-1,-1,-1,-1,6,3,E01023026,0
Unvalidated,2024440031547,2024,440031547,1,9,0,10,8,4,0,1,0,0,0,0,2,1,2,2,43,7,-1,-1,-1,-1,10,1,E01022726,0
Unvalidated,2024440031547,2024,440031547,2,9,0,18,8,4,0,1,0,0,0,0,1,1,2,1,18,4,-1,-1,-1,-1,7,1,E01022733,0
Unvalidated,2024440031586,2024,440031586,1,9,0,9,8,5,0,1,0,0,0,0,1,1,6,1,74,10,-1,-1,-1,-1,3,1,E01017073,0
Unvalidated,2024440031586,2024,440031586,2,1,0,9,1,8,0,8,0,0,0,0,3,1,2,2,46,8,-1,-1,-1,-1,3,1,E01017127,0
Unvalidated,2024440031644,2024,440031644,1,11,0,4,3,7,3,1,0,0,0,0,0,1,1,1,64,9,-1,-1,-1,-1,9,1,E01022753,0
Unvalidated,2024440032065,2024,440032065,1,9,0,18,6,2,0,0,0,0,0,0,1,1,2,2,22,5,-1,-1,-1,-1,3,1,E01017127,0
Unvalidated,2024440032065,2024,440032065,2,9,0,18,6,2,0,0,0,0,0,0,1,1,2,1,27,6,-1,-1,-1,-1,5,1,E01017025,0
Unvalidated,2024440032065,2024,440032065,3,9,0,18,6,2,0,0,0,0,0,0,1,1,2,1,65,9,-1,-1,-1,-1,4,1,E01017074,0
Unvalidated,2024440032065,2024,440032065,4,9,0,4,6,2,0,0,0,0,0,0,2,1,2,1,35,6,-1,-1,-1,-1,1,1,E01022915,0
Unvalidated,2024440032065,2024,440032065,5,9,0,4,6,2,0,0,0,0,0,0,2,1,2,1,37,7,-1,-1,-1,-1,5,1,E01017045,0
Unvalidated,2024440032076,2024,440032076,1,4,0,18,4,8,0,8,1,0,0,0,1,1,2,2,39,7,-1,-1,-1,-1,2,1,E01023156,0
Unvalidated,2024440032076,2024,440032076,2,9,0,18,6,2,0,4,0,0,0,0,3,1,2,1,45,7,-1,-1,-1,-1,6,1,-1,0
Unvalidated,2024440032357,2024,440032357,1,21,1,9,8,5,0,8,0,0,0,0,4,1,1,1,39,7,-1,-1,-1,-1,-1,-1,-1,0
Unvalidated,2024440032357,2024,440032357,2,9,0,18,2,6,0,4,0,0,1,2,1,1,6,1,64,9,-1,-1,-1,-1,6,1,E01030665,0
Unvalidated,2024440032626,2024,440032626,1,9,0,18,8,4,0,1,0,0,0,0,1,1,6,1,21,5,-1,-1,-1,-1,6,1,E01017355,0
Unvalidated,2024440032626,2024,440032626,2,9,0,18,6,2,0,8,0,0,0,0,4,1,6,1,69,10,-1,-1,-1,-1,4,1,E01022845,0
Unvalidated,2024440032626,2024,440032626,3,9,0,18,2,6,0,8,0,0,0,0,3,1,1,1,-1,-1,-1,-1,-1,-1,8,1,E01004687,0
Unvalidated,2024440032683,2024,440032683,1,9,0,4,5,1,0,0,0,0,0,0,3,1,1,1,-1,-1,-1,-1,-1,-1,-1,-1,-1,0
Unvalidated,2024440032683,2024,440032683,2,90,0,18,1,5,0,0,0,0,0,0,1,1,6,1,35,6,-1,-1,-1,-1,4,1,E01022568,1
Unvalidated,2024440032839,2024,440032839,1,9,0,18,4,8,0,0,0,0,0,0,1,1,6,1,39,7,-1,-1,-1,-1,6,2,E01023237,0
Unvalidated,2024440032839,2024,440032839,2,9,0,18,4,8,0,0,0,0,0,0,2,1,6,2,57,9,-1,-1,-1,-1,6,1,E01017176,0
Unvalidated,2024440033041,2024,440033041,1,9,0,18,8,4,0,0,0,0,0,0,1,1,6,2,24,5,-1,-1,-1,-1,7,1,E01022946,0
Unvalidated,2024440033041,2024,440033041,2,9,0,18,8,4,0,0,0,0,0,0,2,1,6,2,42,7,-1,-1,-1,-1,7,1,E01031837,0
Unvalidated,2024440033041,2024,440033041,3,9,0,18,8,4,0,0,0,0,0,0,2,1,6,1,55,8,-1,-1,-1,-1,3,1,E01022914,0
Unvalidated,2024440033041,2024,440033041,4,9,0,18,8,4,0,0,0,0,0,0,2,1,6,1,23,5,-1,-1,-1,-1,9,3,E01031532,0
Unvalidated,2024440033041,2024,440033041,5,9,0,18,8,4,0,0,0,0,0,0,2,1,6,1,60,9,-1,-1,-1,-1,8,1,E01022786,0
Unvalidated,2024440033326,2024,440033326,1,9,0,12,4,8,0,0,0,0,0,0,2,1,6,1,21,5,-1,-1,-1,-1,9,1,E01023217,0
Unvalidated,2024440033326,2024,440033326,2,9,0,18,4,8,0,0,2,0,1,7,3,1,6,1,76,11,-1,-1,-1,-1,7,3,E01023198,0
Unvalidated,2024440033424,2024,440033424,1,9,0,18,2,6,0,1,0,0,0,0,1,1,6,2,-1,-1,-1,-1,-1,-1,-1,-1,-1,0
Unvalidated,2024440033891,2024,440033891,1,9,0,8,8,4,0,1,0,0,0,0,2,1,2,2,54,8,-1,-1,-1,-1,9,2,E01023227,0
Unvalidated,2024440033891,2024,440033891,2,9,0,18,8,4,0,1,0,0,0,0,1,1,6,1,40,7,-1,-1,-1,-1,9,1,E01022525,0
Unvalidated,2024440033946,2024,440033946,1,90,0,18,2,6,4,1,0,0,0,0,1,1,6,1,22,5,-1,-1,-1,-1,1,1,E01017166,1
Unvalidated,2024440033946,2024,440033946,2,9,0,9,1,6,0,6,0,0,0,0,4,1,6,1,76,11,-1,-1,-1,-1,5,1,E01017254,0
Unvalidated,2024440034129,2024,440034129,1,4,0,18,5,1,0,0,0,0,0,0,4,1,6,1,20,4,-1,-1,-1,-1,9,1,E01023148,0
Unvalidated,2024440034129,2024,440034129,2,9,0,4,5,1,0,0,0,0,0,0,3,1,6,1,53,8,-1,-1,-1,-1,3,1,E01023091,0
Unvalidated,2024440034240,2024,440034240,1,9,0,9,3,1,0,1,0,0,0,0,1,1,1,1,22,5,-1,-1,-1,-1,3,1,E01017129,0
Unvalidated,2024440034240,2024,440034240,2,1,0,18,7,3,0,1,0,0,0,0,1,1,6,1,41,7,-1,-1,-1,-1,2,1,E01032878,0
Unvalidated,2024440034254,2024,440034254,1,9,0,18,1,5,0,4,0,0,0,0,1,1,6,2,29,6,-1,-1,-1,-1,5,1,E01017206,0
Unvalidated,2024440034254,2024,440034254,2,1,0,18,7,3,0,8,0,0,0,0,4,1,6,1,13,3,-1,-1,-1,-1,8,1,E01022786,0
Unvalidated,2024440034256,2024,440034256,1,9,0,18,5,1,0,0,0,0,0,0,4,1,3,2,46,8,-1,-1,-1,-1,3,1,E01022904,0
Unvalidated,2024440034388,2024,440034388,1,3,0,14,7,3,0,1,0,0,0,0,4,1,2,1,22,5,-1,-1,-1,-1,6,1,E01022673,0
Unvalidated,2024440034388,2024,440034388,2,9,0,9,7,5,0,1,0,0,0,0,3,1,2,2,49,8,-1,-1,-1,-1,10,1,E01022691,0
Unvalidated,2024440034488,2024,440034488,1,9,0,18,8,4,0,7,0,0,0,0,1,1,2,2,24,5,-1,-1,-1,-1,4,1,E01023144,0
Unvalidated,2024440034488,2024,440034488,2,9,0,3,8,4,0,7,0,0,0,0,2,1,2,1,53,8,-1,-1,-1,-1,4,1,E01022482,0
Unvalidated,2024440034525,2024,440034525,1,9,0,12,5,1,0,1,0,0,0,0,2,1,6,2,28,6,-1,-1,-1,-1,8,3,E01017351,0
Unvalidated,2024440034525,2024,440034525,2,9,0,18,5,1,0,1,0,0,0,0,1,1,6,2,58,9,-1,-1,-1,-1,2,1,E01017340,0
Unvalidated,2024440034525,2024,440034525,3,9,0,18,5,1,0,1,0,0,0,0,3,1,6,2,39,7,-1,-1,-1,-1,4,1,E01017311,0
Unvalidated,2024440035056,2024,440035056,1,9,0,5,6,8,0,6,0,0,0,0,1,1,2,2,34,6,-1,-1,-1,-1,2,1,E01017241,0
Unvalidated,2024440035056,2024,440035056,2,1,0,18,4,8,0,8,0,0,0,0,4,1,2,1,37,7,-1,-1,-1,-1,4,1,E01017246,0
Unvalidated,2024440035202,2024,440035202,1,9,0,2,0,0,0,0,0,0,0,0,3,1,6,3,-1,-1,-1,-1,-1,-1,-1,-1,-1,0
Unvalidated,2024440035202,2024,440035202,2,9,0,18,8,4,0,0,0,8,0,0,1,1,6,3,-1,-1,-1,-1,-1,-1,-1,-1,-1,0
Unvalidated,2024440035294,2024,440035294,1,9,0,3,6,2,0,8,0,0,0,0,4,1,6,1,26,6,-1,-1,-1,-1,3,1,E01022807,0
Unvalidated,2024440035294,2024,440035294,2,19,0,1,4,8,0,6,0,0,0,0,2,1,6,1,-1,-1,-1,-1,-1,-1,-1,-1,-1,0
Unvalidated,2024440035343,2024,440035343,1,22,0,18,4,8,0,1,0,0,0,0,1,1,6,2,76,11,-1,-1,-1,-1,6,1,E01032078,0