status,collision_index,collision_year,collision_reference,vehicle_reference,vehicle_type,towing_and_articulation,vehicle_manoeuvre,vehicle_direction_from,vehicle_direction_to,vehicle_location_restricted_lane,junction_location,skidding_and_overturning,hit_object_in_carriageway,vehicle_leaving_carriageway,hit_object_off_carriageway,first_point_of_impact,vehicle_left_hand_drive,journey_purpose_of_driver,sex_of_driver,age_of_driver,age_band_of_driver,engine_capacity_cc,propulsion_code,age_of_vehicle,generic_make_model,driver_imd_decile,driver_home_area_type,lsoa_of_driver,escooter_flag
Unvalidated,2024440035343,2024,440035343,2,21,1,18,6,2,0,1,0,0,0,0,3,1,1,1,31,6,-1,-1,-1,-1,10,2,W01001591,0
Unvalidated,2024440036201,2024,440036201,1,9,0,9,3,1,0,8,0,0,4,1,4,1,6,1,21,5,-1,-1,-1,-1,8,1,E01022762,0
Unvalidated,2024440036201,2024,440036201,2,9,0,18,7,3,0,8,0,0,0,0,4,1,6,1,53,8,-1,-1,-1,-1,4,1,E01017028,0
Unvalidated,2024440036320,2024,440036320,1,9,0,18,6,2,0,0,0,0,0,0,4,1,6,2,-1,-1,-1,-1,-1,-1,-1,-1,-1,0
Unvalidated,2024440036355,2024,440036355,1,9,0,18,7,3,0,0,1,0,2,1,1,1,6,1,39,7,-1,-1,-1,-1,1,1,E01017036,0
Unvalidated,2024440036484,2024,440036484,1,9,0,18,7,3,0,0,0,0,0,0,1,1,6,1,50,8,-1,-1,-1,-1,5,1,E01030484,0
Unvalidated,2024440036484,2024,440036484,2,9,0,18,7,3,0,0,0,0,1,4,2,1,6,1,35,6,-1,-1,-1,-1,7,1,E01016221,0
Unvalidated,2024440036582,2024,440036582,1,3,0,18,6,2,0,0,1,0,7,11,1,1,6,1,18,4,-1,-1,-1,-1,-1,-1,-1,0
Unvalidated,2024440037091,2024,440037091,1,9,0,9,8,7,0,8,0,0,0,0,4,1,6,1,65,9,-1,-1,-1,-1,9,1,E01008611,0
Unvalidated,2024440037091,2024,440037091,2,9,0,18,4,8,0,8,0,0,0,0,1,1,6,1,42,7,-1,-1,-1,-1,5,1,E01017254,0
Unvalidated,2024440037113,2024,440037113,1,21,0,9,2,8,0,6,0,0,0,0,3,1,1,1,42,7,-1,-1,-1,-1,8,1,E01022825,0
Unvalidated,2024440037113,2024,440037113,2,20,0,18,8,4,0,1,0,0,0,0,1,1,1,1,63,9,-1,-1,-1,-1,2,1,E01022903,0
Unvalidated,2024440037210,2024,440037210,1,9,0,18,2,6,0,8,0,0,0,0,3,1,6,2,74,10,-1,-1,-1,-1,7,1,E01023034,0
Unvalidated,2024440037210,2024,440037210,2,9,0,9,6,4,0,8,0,0,0,0,1,1,6,1,26,6,-1,-1,-1,-1,8,3,E01023051,0
Unvalidated,2024440037418,2024,440037418,1,10,0,17,4,1,0,0,0,0,0,0,1,1,1,1,42,7,-1,-1,-1,-1,2,1,E01017117,0
Unvalidated,2024440037418,2024,440037418,2,9,0,16,1,4,0,0,1,0,7,0,1,1,2,1,45,7,-1,-1,-1,-1,10,2,E01017874,0
Unvalidated,2024440037899,2024,440037899,1,9,0,9,7,5,0,8,0,0,0,0,3,1,2,1,36,7,-1,-1,-1,-1,10,1,E01022647,0
Unvalidated,2024440037899,2024,440037899,2,90,0,18,7,3,0,8,0,0,0,0,1,1,6,1,22,5,-1,-1,-1,-1,7,1,E01022503,1
Unvalidated,2024440037915,2024,440037915,1,9,0,9,5,3,0,6,0,0,0,0,3,1,6,2,44,7,-1,-1,-1,-1,7,1,E01032618,0
Unvalidated,2024440037915,2024,440037915,2,1,0,18,3,7,0,1,0,0,0,0,1,1,6,2,16,4,-1,-1,-1,-1,8,1,E01022607,0
Unvalidated,2024440037933,2024,440037933,1,3,0,18,7,3,0,1,0,0,0,0,4,1,6,1,18,4,-1,-1,-1,-1,6,1,E01022657,0
Unvalidated,2024440037933,2024,440037933,2,9,0,7,1,3,0,6,0,0,0,0,1,1,6,2,37,7,-1,-1,-1,-1,10,2,E01023220,0
Unvalidated,2024440037951,2024,440037951,1,19,0,2,0,0,0,2,0,0,0,0,3,1,6,1,37,7,-1,-1,-1,-1,1,1,E01017274,0
Unvalidated,2024440037951,2024,440037951,2,9,0,5,2,6,0,1,0,0,0,0,1,1,6,1,26,6,-1,-1,-1,-1,4,1,E01017083,0
Unvalidated,2024440038049,2024,440038049,1,9,0,18,4,8,0,0,0,0,0,0,4,1,6,1,27,6,-1,-1,-1,-1,6,1,E01017142,0
Unvalidated,2024440038253,2024,440038253,1,9,0,2,0,0,0,0,0,0,0,0,3,1,6,2,-1,-1,-1,-1,-1,-1,9,1,E01031496,0
Unvalidated,2024440038253,2024,440038253,2,9,0,18,1,5,0,0,0,0,0,0,1,1,6,3,-1,-1,-1,-1,-1,-1,-1,-1,-1,0
Unvalidated,2024440038586,2024,440038586,1,5,0,18,7,3,0,8,1,0,0,0,4,1,6,1,28,6,-1,-1,-1,-1,10,1,E01022747,0
Unvalidated,2024440038595,2024,440038595,1,9,0,18,2,6,0,0,0,10,0,0,4,1,2,1,19,4,-1,-1,-1,-1,10,1,E01022684,0
Unvalidated,2024440038595,2024,440038595,2,9,0,2,0,0,0,0,0,0,0,0,4,1,6,1,-1,-1,-1,-1,-1,-1,-1,-1,-1,0
Unvalidated,2024440038828,2024,440038828,1,9,0,18,7,3,0,1,0,10,0,0,4,1,6,2,44,7,-1,-1,-1,-1,-1,-1,-1,0
Unvalidated,2024440038828,2024,440038828,2,9,0,9,1,7,0,6,0,0,0,0,1,1,6,1,60,9,-1,-1,-1,-1,9,1,E01022717,0
Unvalidated,2024440039041,2024,440039041,1,9,0,18,3,7,0,1,0,0,3,4,1,1,6,2,63,9,-1,-1,-1,-1,9,1,E01022943,0
Unvalidated,2024440039226,2024,440039226,1,3,0,18,8,4,0,1,0,0,0,0,1,1,6,1,44,7,-1,-1,-1,-1,5,1,E01017213,0
Unvalidated,2024440039226,2024,440039226,2,9,0,4,8,4,0,1,0,0,0,0,2,1,6,1,21,5,-1,-1,-1,-1,-1,-1,-1,0
Unvalidated,2024440039248,2024,440039248,1,9,0,18,8,4,0,0,0,0,0,0,3,1,6,1,64,9,-1,-1,-1,-1,10,1,E01022571,0
Unvalidated,2024440039248,2024,440039248,2,9,0,18,8,4,0,0,0,0,1,11,1,1,6,1,46,8,-1,-1,-1,-1,10,1,E01023243,0
Unvalidated,2024440039248,2024,440039248,3,9,0,18,4,8,0,0,0,0,0,0,1,1,6,1,48,8,-1,-1,-1,-1,8,3,E01022627,0
Unvalidated,2024440039483,2024,440039483,1,19,0,18,2,6,0,0,0,4,0,0,1,1,6,1,50,8,-1,-1,-1,-1,4,1,E01023122,0
Unvalidated,2024440039483,2024,440039483,2,9,0,2,0,0,0,0,0,0,0,0,3,1,6,3,-1,-1,-1,-1,-1,-1,-1,-1,-1,0
Unvalidated,2024440039483,2024,440039483,3,19,0,2,0,0,0,0,0,0,0,0,2,1,6,3,-1,-1,-1,-1,-1,-1,-1,-1,-1,0
Unvalidated,2024440039568,2024,440039568,1,9,0,18,6,2,0,8,0,0,0,0,3,1,6,3,-1,-1,-1,-1,-1,-1,-1,-1,-1,0
Unvalidated,2024440039751,2024,440039751,1,9,0,18,6,2,0,1,0,0,0,0,1,1,6,2,72,10,-1,-1,-1,-1,10,1,E01022661,0
Unvalidated,2024440040981,2024,440040981,1,19,0,18,2,6,0,0,0,0,0,0,1,1,1,1,56,9,-1,-1,-1,-1,5,1,E01030982,0
Unvalidated,2024440040981,2024,440040981,2,9,0,4,2,6,0,0,0,0,0,0,2,1,6,1,60,9,-1,-1,-1,-1,5,1,E01031467,0
Unvalidated,2024440041524,2024,440041524,1,9,0,9,2,8,0,5,0,0,0,0,4,1,6,2,59,9,-1,-1,-1,-1,10,2,E01021403,0
Unvalidated,2024440041524,2024,440041524,2,5,0,18,6,2,0,1,0,0,0,0,1,1,6,1,51,8,-1,-1,-1,-1,8,3,E01022627,0
Unvalidated,2024440041908,2024,440041908,1,9,0,18,4,8,0,1,0,0,0,0,4,1,6,3,-1,-1,-1,-1,-1,-1,-1,-1,-1,0
Unvalidated,2024440042102,2024,440042102,1,9,0,18,4,8,0,1,0,0,1,4,4,1,6,1,25,5,-1,-1,-1,-1,10,1,E01016291,0
Unvalidated,2024440042246,2024,440042246,1,19,0,7,3,5,0,8,0,0,0,0,1,1,6,1,-1,-1,-1,-1,-1,-1,-1,-1,-1,0
Unvalidated,2024440042285,2024,440042285,1,9,0,18,8,4,0,0,0,0,0,0,1,1,6,1,71,10,-1,-1,-1,-1,6,1,E01022736,0
Unvalidated,2024440042285,2024,440042285,2,9,0,4,8,4,0,0,0,0,0,0,2,1,6,1,23,5,-1,-1,-1,-1,6,1,E01033286,0
Unvalidated,2024440042285,2024,440042285,3,9,0,4,8,4,0,0,0,0,0,0,2,1,6,1,66,10,-1,-1,-1,-1,9,1,E01022768,0
Unvalidated,2024440042400,2024,440042400,1,9,0,17,3,1,0,0,0,0,1,0,1,1,6,2,24,5,-1,-1,-1,-1,3,3,E01017366,0
Unvalidated,2024440042415,2024,440042415,1,9,0,9,4,2,0,8,0,0,0,0,4,1,6,1,75,10,-1,-1,-1,-1,-1,-1,-1,0
Unvalidated,2024440042415,2024,440042415,2,3,0,18,8,4,0,1,0,0,0,0,1,1,1,1,19,4,-1,-1,-1,-1,10,1,E01022746,0
Unvalidated,2024440042757,2024,440042757,1,5,0,18,4,8,0,1,0,0,0,0,1,1,6,1,39,7,-1,-1,-1,-1,10,1,E01022647,0
Unvalidated,2024440042757,2024,440042757,2,19,0,9,4,2,0,1,0,0,0,0,3,1,1,1,51,8,-1,-1,-1,-1,10,2,E01023220,0
Unvalidated,2024440042829,2024,440042829,1,3,0,3,1,5,0,1,0,0,0,0,2,1,6,1,40,7,-1,-1,-1,-1,7,1,E01032846,0
Unvalidated,2024440042829,2024,440042829,2,9,0,18,1,5,0,1,0,0,0,0,1,1,6,2,-1,-1,-1,-1,-1,-1,-1,-1,-1,0
Unvalidated,2024440043455,2024,440043455,1,11,0,18,8,4,0,1,0,0,0,0,4,1,1,3,-1,-1,-1,-1,-1,-1,-1,-1,-1,0
Unvalidated,2024440043849,2024,440043849,1,9,0,4,4,8,0,0,0,0,0,0,2,1,6,1,29,6,-1,-1,-1,-1,10,1,E01022847,0
Unvalidated,2024440043849,2024,440043849,2,9,0,4,4,8,0,0,0,0,0,0,2,1,6,1,24,5,-1,-1,-1,-1,4,1,E01023105,0
Unvalidated,2024440043849,2024,440043849,3,19,0,4,4,8,0,0,0,0,0,0,2,1,6,1,44,7,-1,-1,-1,-1,6,1,E01033418,0
Unvalidated,2024440043849,2024,440043849,4,9,0,18,4,8,0,0,0,0,0,0,1,1,6,1,40,7,-1,-1,-1,-1,2,1,E01000526,0
Unvalidated,2024440043912,2024,440043912,1,21,1,11,6,2,0,0,0,0,0,0,4,1,1,1,64,9,-1,-1,-1,-1,6,3,E01018959,0
Unvalidated,2024440043912,2024,440043912,2,9,0,18,6,2,0,0,1,0,5,6,3,1,6,1,77,11,-1,-1,-1,-1,10,1,E01022675,0
Unvalidated,2024440043989,2024,440043989,1,9,0,13,1,5,0,8,0,0,0,0,1,1,6,1,74,10,-1,-1,-1,-1,4,1,E01017104,0
Unvalidated,2024440043989,2024,440043989,2,9,0,10,5,3,0,8,0,0,0,0,1,1,6,1,68,10,-1,-1,-1,-1,9,1,E01032604,0
Unvalidated,2024440044033,2024,440044033,1,9,0,18,7,3,0,0,2,0,0,0,4,1,6,1,19,4,-1,-1,-1,-1,7,1,E01015340,0
Unvalidated,2024440044316,2024,440044316,1,9,0,14,4,8,0,0,0,0,0,0,1,1,6,2,-1,-1,-1,-1,-1,-1,-1,-1,-1,0
Unvalidated,2024440044354,2024,440044354,1,9,0,18,2,6,0,0,5,0,4,0,1,1,6,1,25,5,-1,-1,-1,-1,5,1,E01016461,0
Unvalidated,2024440044439,2024,440044439,1,9,0,9,6,3,0,8,0,0,0,0,4,1,6,1,33,6,-1,-1,-1,-1,1,1,E01032750,0
Unvalidated,2024440044439,2024,440044439,2,9,0,18,2,6,0,1,0,0,0,0,1,1,6,2,29,6,-1,-1,-1,-1,4,1,E01017159,0
Unvalidated,2024440044439,2024,440044439,3,19,0,18,6,2,0,1,0,0,0,0,1,1,2,1,28,6,-1,-1,-1,-1,3,1,E01017251,0
Unvalidated,2024440044439,2024,440044439,4,9,0,10,3,2,0,1,0,0,0,0,3,1,2,1,33,6,-1,-1,-1,-1,1,1,E01032750,0
Unvalidated,2024440045533,2024,440045533,1,9,0,9,4,8,0,5,0,0,0,0,0,1,6,1,25,5,-1,-1,-1,-1,3,1,E01017194,0
Unvalidated,2024440045608,2024,440045608,1,9,0,17,5,2,0,0,0,0,7,4,1,1,6,2,25,5,-1,-1,-1,-1,4,1,E01017333,0
Unvalidated,2024440045628,2024,440045628,1,9,0,9,3,1,0,8,0,0,0,0,4,1,6,2,70,10,-1,-1,-1,-1,6,1,E01017320,0
Unvalidated,2024440045628,2024,440045628,2,2,0,18,7,3,0,8,0,0,0,0,1,1,6,1,16,4,-1,-1,-1,-1,2,1,E01017356,0
Unvalidated,2024440045927,2024,440045927,1,9,0,9,4,2,0,6,0,0,0,0,3,1,6,1,19,4,-1,-1,-1,-1,2,1,E01017241,0
Unvalidated,2024440045927,2024,440045927,2,9,0,18,2,6,0,1,0,0,0,0,1,1,6,1,50,8,-1,-1,-1,-1,1,1,E01032755,0
Unvalidated,2024440046150,2024,440046150,1,19,0,9,7,5,0,6,0,0,0,0,4,1,2,1,43,7,-1,-1,-1,-1,3,1,E01017266,0
Unvalidated,2024440046150,2024,440046150,2,9,0,18,1,5,0,1,0,0,0,0,1,1,2,1,52,8,-1,-1,-1,-1,5,1,E01017209,0
Unvalidated,2024440046252,2024,440046252,1,21,1,12,4,8,0,8,0,0,0,0,3,1,1,1,28,6,-1,-1,-1,-1,-1,-1,-1,0
Unvalidated,2024440046252,2024,440046252,2,9,0,18,4,8,0,8,0,0,0,0,4,1,2,2,46,8,-1,-1,-1,-1,9,3,E01023275,0
Unvalidated,2024440046600,2024,440046600,1,3,0,18,5,1,0,8,0,0,0,0,4,1,6,2,53,8,-1,-1,-1,-1,4,1,E01023261,0
Unvalidated,2024440046600,2024,440046600,2,9,0,7,7,1,0,6,0,0,0,0,1,1,6,1,75,10,-1,-1,-1,-1,5,1,E01023262,0
Unvalidated,2024440046619,2024,440046619,1,3,0,3,5,1,0,1,0,0,0,0,2,1,6,1,45,7,-1,-1,-1,-1,4,1,E01017081,0
Unvalidated,2024440046619,2024,440046619,2,9,0,5,5,1,0,1,0,0,0,0,1,1,6,1,74,10,-1,-1,-1,-1,3,1,E01017105,0
Unvalidated,2024440046964,2024,440046964,1,9,0,5,3,7,0,1,0,0,0,0,1,1,6,1,80,11,-1,-1,-1,-1,5,1,E01023258,0
Unvalidated,2024440046964,2024,440046964,2,19,0,3,3,7,0,1,0,0,0,0,2,1,6,1,50,8,-1,-1,-1,-1,-1,-1,-1,0
Unvalidated,2024440047239,2024,440047239,1,9,0,5,8,4,0,8,0,0,0,0,4,1,6,2,50,8,-1,-1,-1,-1,10,1,E01022872,0
Unvalidated,2024440047239,2024,440047239,2,9,0,18,2,6,0,8,0,0,0,0,1,1,6,1,51,8,-1,-1,-1,-1,-1,-1,-1,0
Unvalidated,2024440047311,2024,440047311,1,9,0,9,3,1,0,8,0,0,0,0,3,1,6,2,65,9,-1,-1,-1,-1,-1,-1,-1,0
Unvalidated,2024440047311,2024,440047311,2,9,0,18,1,5,0,1,0,0,0,0,1,1,6,1,54,8,-1,-1,-1,-1,9,1,E01023147,0
Unvalidated,2024440047439,2024,440047439,1,9,0,18,8,4,0,1,0,0,0,0,3,1,6,2,18,4,-1,-1,-1,-1,-1,-1,-1,0
Unvalidated,2024440048492,2024,440048492,1,4,0,13,1,5,0,2,0,0,0,0,1,1,2,1,26,6,-1,-1,-1,-1,5,1,E01022542,0
Unvalidated,2024440048492,2024,440048492,2,9,0,12,1,5,0,2,0,0,0,0,2,1,2,1,26,6,-1,-1,-1,-1,3,1,E01022550,0
Unvalidated,2024440048745,2024,440048745,1,9,0,9,2,7,0,8,0,0,0,0,4,1,6,1,18,4,-1,-1,-1,-1,6,3,E01022880,0
Unvalidated,2024440048745,2024,440048745,2,5,0,18,6,2,0,1,0,0,0,0,1,1,6,1,79,11,-1,-1,-1,-1,9,1,E01016703,0
Unvalidated,2024440049103,2024,440049103,1,9,0,16,8,2,0,8,0,0,0,0,1,1,6,1,31,6,-1,-1,-1,-1,6,1,E01023140,0
Unvalidated,2024440049294,2024,440049294,1,9,0,18,6,2,0,1,0,0,0,0,1,1,6,2,51,8,-1,-1,-1,-1,2,1,E01022906,0
Unvalidated,2024440049445,2024,440049445,1,9,0,18,5,1,0,8,0,0,0,0,2,1,6,2,56,9,-1,-1,-1,-1,3,1,E01017051,0
Unvalidated,2024440049445,2024,440049445,2,11,0,7,5,7,0,5,0,0,0,0,1,1,1,1,-1,-1,-1,-1,-1,-1,-1,-1,-1,0
Unvalidated,2024440049607,2024,440049607,1,3,0,18,5,1,0,2,1,0,0,0,1,1,2,1,29,6,-1,-1,-1,-1,1,1,E01032882,0
Unvalidated,2024440049751,2024,440049751,1,9,0,18,3,7,0,0,2,10,1,11,4,1,6,2,20,4,-1,-1,-1,-1,5,1,E01017338,0
Unvalidated,2024440049764,2024,440049764,1,5,0,18,4,8,0,0,1,10,1,4,1,1,6,1,40,7,-1,-1,-1,-1,8,2,E01031977,0
Unvalidated,2024440049877,2024,440049877,1,9,0,14,4,8,0,1,0,0,0,0,1,1,6,3,-1,-1,-1,-1,-1,-1,-1,-1,-1,0
Unvalidated,2024440049877,2024,440049877,2,9,0,18,8,4,0,1,0,0,0,0,1,1,6,2,51,8,-1,-1,-1,-1,9,1,E01016193,0
Unvalidated,2024440049917,2024,440049917,1,9,0,3,2,6,0,1,0,0,0,0,2,1,6,1,27,6,-1,-1,-1,-1,2,1,E01022949,0
Unvalidated,2024440049917,2024,440049917,2,9,0,18,2,6,0,1,0,0,0,0,1,1,6,2,26,6,-1,-1,-1,-1,8,1,E01017057,0
Unvalidated,2024440049971,2024,440049971,1,9,0,18,4,8,0,8,0,0,0,0,4,1,6,2,48,8,-1,-1,-1,-1,9,1,E01022947,0
Unvalidated,2024440049971,2024,440049971,2,9,0,9,6,4,0,8,0,0,0,0,1,1,6,2,42,7,-1,-1,-1,-1,10,1,E01022720,0
Unvalidated,2024440050092,2024,440050092,1,9,0,18,1,5,0,1,0,0,0,0,1,1,6,2,61,9,-1,-1,-1,-1,7,2,E01023164,0
Unvalidated,2024440050092,2024,440050092,2,9,0,18,1,5,0,1,0,0,0,0,2,1,6,2,55,8,-1,-1,-1,-1,10,2,E01023047,0
Unvalidated,2024440050130,2024,440050130,1,9,0,3,2,6,0,2,0,0,0,0,2,1,6,2,36,7,-1,-1,-1,-1,1,1,E01017201,0
Unvalidated,2024440050130,2024,440050130,2,19,0,18,2,6,0,2,0,0,0,0,1,1,6,1,-1,-1,-1,-1,-1,-1,-1,-1,-1,0
Unvalidated,2024440050291,2024,440050291,1,1,0,9,7,5,0,8,0,0,0,0,1,1,6,2,31,6,-1,-1,-1,-1,1,1,E01017130,0
Unvalidated,2024440050291,2024,440050291,2,9,0,2,0,0,0,2,0,0,0,0,3,1,6,1,44,7,-1,-1,-1,-1,-1,-1,-1,0
Unvalidated,2024440050498,2024,440050498,1,9,0,18,2,6,0,1,0,0,0,0,1,1,6,2,39,7,-1,-1,-1,-1,7,3,E01023048,0
Unvalidated,2024440050498,2024,440050498,2,9,0,9,4,2,0,6,0,0,0,0,3,1,6,1,61,9,-1,-1,-1,-1,3,1,E01023055,0
Unvalidated,2024440050509,2024,440050509,1,9,0,18,1,5,0,2,0,0,0,0,1,1,6,3,-1,-1,-1,-1,-1,-1,-1,-1,-1,0
Unvalidated,2024440050522,2024,440050522,1,2,0,18,6,2,0,0,0,10,0,0,3,1,6,1,16,4,-1,-1,-1,-1,8,1,E01023132,0
Unvalidated,2024440051082,2024,440051082,1,1,0,18,6,2,0,0,0,0,0,0,1,1,6,1,28,6,-1,-1,-1,-1,-1,-1,-1,0
Unvalidated,2024440051082,2024,440051082,2,9,0,9,2,8,0,0,0,0,0,0,1,1,6,1,-1,-1,-1,-1,-1,-1,-1,-1,-1,0
Unvalidated,2024440051158,2024,440051158,1,9,0,18,7,3,0,8,0,0,0,0,1,1,6,1,31,6,-1,-1,-1,-1,10,1,E01022867,0
Unvalidated,2024440051158,2024,440051158,2,9,0,18,3,7,0,8,5,0,0,0,1,1,6,1,72,10,-1,-1,-1,-1,10,1,E01022872,0
Unvalidated,2024440051178,2024,440051178,1,9,0,18,2,6,0,0,0,0,7,5,1,1,6,1,85,11,-1,-1,-1,-1,10,2,E01023239,0
Unvalidated,2024440051203,2024,440051203,1,1,0,18,1,5,0,1,0,0,0,0,1,1,6,1,59,9,-1,-1,-1,-1,2,1,E01016415,0
Unvalidated,2024440051234,2024,440051234,1,9,0,18,2,6,0,0,0,0,1,7,4,1,6,2,76,11,-1,-1,-1,-1,2,1,E01001442,0
Unvalidated,2024440051234,2024,440051234,2,21,0,12,2,6,0,0,0,0,0,0,3,1,1,1,42,7,-1,-1,-1,-1,-1,-1,-1,0
Unvalidated,2024440051340,2024,440051340,1,9,0,9,8,4,0,6,0,0,0,0,0,1,6,1,48,8,-1,-1,-1,-1,10,1,E01017062,0
Unvalidated,2024440051340,2024,440051340,2,5,0,18,6,2,0,1,1,0,7,3,4,1,6,1,60,9,-1,-1,-1,-1,8,1,E01030994,0
Unvalidated,2024440051400,2024,440051400,1,9,0,18,2,6,0,0,0,0,0,0,2,1,6,1,28,6,-1,-1,-1,-1,8,1,E01017226,0
Unvalidated,2024440051400,2024,440051400,2,19,0,18,2,6,0,0,0,0,0,0,1,1,6,1,37,7,-1,-1,-1,-1,6,1,E01022980,0
Unvalidated,2024440051531,2024,440051531,1,9,0,18,2,6,0,1,0,0,0,0,1,1,6,1,53,8,-1,-1,-1,-1,7,3,E01023271,0
Unvalidated,2024440051531,2024,440051531,2,9,0,18,4,8,0,1,0,0,1,11,3,1,6,1,79,11,-1,-1,-1,-1,10,2,E01023222,0
Unvalidated,2024440052151,2024,440052151,1,9,0,18,2,6,0,0,0,0,0,0,1,1,3,1,47,8,-1,-1,-1,-1,9,1,E01032848,0
Unvalidated,2024440052540,2024,440052540,1,4,0,18,5,3,0,1,0,0,0,0,1,1,6,1,64,9,-1,-1,-1,-1,9,1,E01022766,0
Unvalidated,2024440052540,2024,440052540,2,9,0,9,3,8,0,6,0,0,0,0,3,1,6,1,83,11,-1,-1,-1,-1,7,1,E01022764,0
Unvalidated,2024440053772,2024,440053772,1,9,0,11,3,7,0,5,0,0,0,0,4,1,6,2,35,6,-1,-1,-1,-1,7,1,E01022948,0
Unvalidated,2024440053772,2024,440053772,2,2,0,18,3,7,0,8,0,10,0,0,3,1,6,1,31,6,-1,-1,-1,-1,7,3,E01023224,0
Unvalidated,2024440053781,2024,440053781,1,9,0,9,7,5,0,8,0,0,0,0,3,1,2,1,23,5,-1,-1,-1,-1,10,1,E01022898,0
Unvalidated,2024440053781,2024,440053781,2,1,0,18,5,1,0,8,0,0,0,0,1,1,6,1,51,8,-1,-1,-1,-1,5,2,E01022603,0
Unvalidated,2024440053859,2024,440053859,1,19,0,18,6,2,0,0,0,0,1,9,1,1,1,1,43,7,-1,-1,-1,-1,1,1,E01017167,0
Unvalidated,2024440054074,2024,440054074,1,9,0,17,5,1,0,4,0,0,0,0,1,1,6,2,64,9,-1,-1,-1,-1,6,3,E01031209,0
Unvalidated,2024440054074,2024,440054074,2,9,0,16,1,5,0,3,0,0,0,0,1,1,6,2,43,7,-1,-1,-1,-1,9,1,E01022955,0
Unvalidated,2024440054661,2024,440054661,1,1,0,18,4,8,0,8,0,0,0,0,4,1,2,1,28,6,-1,-1,-1,-1,4,1,E01017122,0
Unvalidated,2024440054661,2024,440054661,2,9,0,18,5,1,0,4,0,0,0,0,1,1,6,3,-1,-1,-1,-1,-1,-1,-1,-1,-1,0
Unvalidated,2024440054687,2024,440054687,1,9,0,18,2,6,0,0,1,10,2,2,4,1,2,1,29,6,-1,-1,-1,-1,5,1,E01017097,0
Unvalidated,2024440054884,2024,440054884,1,9,0,18,1,5,0,7,0,0,0,0,1,1,2,2,43,7,-1,-1,-1,-1,-1,-1,-1,0
Unvalidated,2024440054884,2024,440054884,2,9,0,18,1,5,0,7,0,0,0,0,2,1,2,2,64,9,-1,-1,-1,-1,10,1,E01022476,0
Unvalidated,2024440054960,2024,440054960,1,3,0,18,8,4,0,1,0,0,0,0,1,1,6,1,17,4,-1,-1,-1,-1,9,1,E01022920,0
Unvalidated,2024440054960,2024,440054960,2,9,0,18,2,6,0,6,0,0,0,0,1,1,6,1,57,9,-1,-1,-1,-1,9,1,E01022950,0
Unvalidated,2024440055135,2024,440055135,1,5,0,18,2,6,0,0,1,0,0,0,4,1,6,1,29,6,-1,-1,-1,-1,4,1,E01022804,0
Unvalidated,2024440055380,2024,440055380,1,9,0,18,7,2,0,0,0,0,7,11,1,1,2,2,21,5,-1,-1,-1,-1,4,1,E01023260,0
Unvalidated,2024440055607,2024,440055607,1,9,0,18,1,5,0,1,0,0,0,0,1,1,6,1,25,5,-1,-1,-1,-1,7,1,E01017046,0
Unvalidated,2024440055607,2024,440055607,2,19,0,3,1,5,0,1,0,0,0,0,2,1,1,1,67,10,-1,-1,-1,-1,8,2,E01023234,0
Unvalidated,2024440055835,2024,440055835,1,9,0,18,2,6,0,0,0,0,0,0,3,1,6,1,60,9,-1,-1,-1,-1,5,3,E01022996,0
Unvalidated,2024440055835,2024,440055835,2,9,0,18,6,2,0,0,0,0,0,0,3,1,6,1,-1,-1,-1,-1,-1,-1,-1,-1,-1,0
Unvalidated,2024440056018,2024,440056018,1,1,0,18,8,4,0,0,0,0,0,0,3,1,2,1,40,7,-1,-1,-1,-1,2,1,E01022903,0
Unvalidated,2024440056018,2024,440056018,2,8,0,2,0,0,0,0,0,0,0,0,4,1,1,3,-1,-1,-1,-1,-1,-1,-1,-1,-1,0
Unvalidated,2024440056114,2024,440056114,1,9,0,18,8,4,0,4,0,0,0,0,3,1,3,2,26,6,-1,-1,-1,-1,3,1,E01022550,0
Unvalidated,2024440056114,2024,440056114,2,5,0,18,6,2,0,8,0,0,0,0,1,1,2,1,54,8,-1,-1,-1,-1,9,2,E01022565,0
Unvalidated,2024440056131,2024,440056131,1,9,0,13,7,3,0,0,0,0,0,0,4,1,6,1,17,4,-1,-1,-1,-1,9,1,E01022778,0
Unvalidated,2024440056131,2024,440056131,2,19,0,18,7,3,0,0,0,0,0,0,3,1,1,1,44,7,-1,-1,-1,-1,6,1,E01022736,0
Unvalidated,2024440056267,2024,440056267,1,9,0,18,6,2,0,2,0,0,0,0,1,1,6,1,84,11,-1,-1,-1,-1,8,1,E01022667,0
Unvalidated,2024440056575,2024,440056575,1,9,0,18,2,6,0,0,0,0,0,0,1,1,6,1,35,6,-1,-1,-1,-1,-1,-1,-1,0
Unvalidated,2024440056575,2024,440056575,2,9,0,4,2,6,0,0,0,0,0,0,2,1,6,1,29,6,-1,-1,-1,-1,9,1,E01022727,0
Unvalidated,2024440057047,2024,440057047,1,9,0,18,4,8,0,8,0,0,0,0,1,1,2,2,40,7,-1,-1,-1,-1,-1,1,-1,0
Unvalidated,2024440057047,2024,440057047,2,8,0,9,4,1,0,8,0,0,0,0,3,1,1,1,46,8,-1,-1,-1,-1,1,1,E01017120,0