status,collision_index,collision_year,collision_reference,vehicle_reference,vehicle_type,towing_and_articulation,vehicle_manoeuvre,vehicle_direction_from,vehicle_direction_to,vehicle_location_restricted_lane,junction_location,skidding_and_overturning,hit_object_in_carriageway,vehicle_leaving_carriageway,hit_object_off_carriageway,first_point_of_impact,vehicle_left_hand_drive,journey_purpose_of_driver,sex_of_driver,age_of_driver,age_band_of_driver,engine_capacity_cc,propulsion_code,age_of_vehicle,generic_make_model,driver_imd_decile,driver_home_area_type,lsoa_of_driver,escooter_flag
Unvalidated,2024440057304,2024,440057304,1,1,0,18,1,5,0,8,0,0,0,0,1,1,2,1,54,8,-1,-1,-1,-1,10,1,E01030796,0
Unvalidated,2024440057304,2024,440057304,2,98,0,18,2,6,0,4,0,0,0,0,3,1,1,3,-1,-1,-1,-1,-1,-1,-1,-1,-1,0
Unvalidated,2024440057779,2024,440057779,1,21,1,18,4,8,0,0,0,0,0,0,1,1,1,1,40,7,-1,-1,-1,-1,7,1,E01017046,0
Unvalidated,2024440057779,2024,440057779,2,9,0,12,4,8,0,0,0,0,0,0,2,1,6,1,57,9,-1,-1,-1,-1,7,1,E01022634,0
Unvalidated,2024440057982,2024,440057982,1,9,0,18,4,8,0,0,5,0,7,9,1,1,6,1,65,9,-1,-1,-1,-1,10,1,E01028752,0
Unvalidated,2024440057982,2024,440057982,2,9,0,18,8,4,0,0,0,0,0,0,1,1,6,2,43,7,-1,-1,-1,-1,9,1,E01030916,0
Unvalidated,2024440058133,2024,440058133,1,9,0,18,2,6,0,8,0,0,0,0,4,1,6,1,42,7,-1,-1,-1,-1,3,1,E01017242,0
Unvalidated,2024440058133,2024,440058133,2,9,0,5,5,1,0,6,0,0,0,0,1,1,6,2,-1,-1,-1,-1,-1,-1,-1,-1,-1,0
Unvalidated,2024440058209,2024,440058209,1,9,0,18,5,1,0,0,5,0,1,1,4,1,6,1,20,4,-1,-1,-1,-1,8,3,E01017814,0
Unvalidated,2024440058355,2024,440058355,1,9,0,18,5,1,0,4,0,0,0,0,1,1,6,1,35,6,-1,-1,-1,-1,8,1,E01023136,0
Unvalidated,2024440058355,2024,440058355,2,9,0,18,3,7,0,4,0,0,0,0,4,1,6,1,22,5,-1,-1,-1,-1,10,1,E01022869,0
Unvalidated,2024440058646,2024,440058646,1,9,0,16,4,7,0,0,1,0,0,0,1,1,2,1,31,6,-1,-1,-1,-1,4,1,E01032101,0
Unvalidated,2024440058646,2024,440058646,2,9,0,17,7,3,0,0,0,0,1,11,1,1,3,1,35,6,-1,-1,-1,-1,2,1,E01017149,0
Unvalidated,2024440058900,2024,440058900,1,9,0,4,6,2,0,0,0,0,1,9,2,1,6,2,20,4,-1,-1,-1,-1,8,1,E01032841,0
Unvalidated,2024440058900,2024,440058900,2,9,0,18,6,2,0,0,0,0,0,0,1,1,1,1,32,6,-1,-1,-1,-1,10,1,E01022497,0
Unvalidated,2024440058914,2024,440058914,1,9,0,18,8,4,0,4,0,0,0,0,1,1,6,1,-1,-1,-1,-1,-1,-1,-1,-1,-1,0
Unvalidated,2024440058914,2024,440058914,2,1,0,18,6,2,0,8,0,0,0,0,4,1,6,2,40,7,-1,-1,-1,-1,-1,-1,-1,0
Unvalidated,2024440058959,2024,440058959,1,5,0,18,1,5,0,0,0,0,0,0,0,1,6,1,49,8,-1,-1,-1,-1,7,1,E01017344,0
Unvalidated,2024440058959,2024,440058959,2,9,0,4,1,5,0,0,0,0,0,0,0,1,6,1,83,11,-1,-1,-1,-1,3,1,E01017350,0
Unvalidated,2024440059086,2024,440059086,1,9,0,18,6,2,0,0,1,0,4,6,3,1,1,1,62,9,-1,-1,-1,-1,8,1,E01020400,0
Unvalidated,2024440059730,2024,440059730,1,9,0,7,1,3,0,6,0,0,0,0,1,1,2,1,77,11,-1,-1,-1,-1,9,1,E01022767,0
Unvalidated,2024440059730,2024,440059730,2,22,0,18,1,5,0,2,0,0,0,0,3,1,6,1,88,11,-1,-1,-1,-1,7,1,E01022764,0
Unvalidated,2024440059843,2024,440059843,1,9,0,5,1,4,0,4,0,0,0,0,3,1,6,2,30,6,-1,-1,-1,-1,10,2,E01022885,0
Unvalidated,2024440059843,2024,440059843,2,9,0,18,7,3,0,8,0,0,0,0,1,1,6,2,19,4,-1,-1,-1,-1,4,1,E01023106,0
Unvalidated,2024440060062,2024,440060062,1,9,0,18,3,7,0,0,0,0,1,3,4,1,2,1,34,6,-1,-1,-1,-1,2,1,E01015367,0
Unvalidated,2024440060357,2024,440060357,1,9,0,18,6,2,0,0,0,0,1,4,4,1,6,1,36,7,-1,-1,-1,-1,5,1,E01023251,0
Unvalidated,2024440060483,2024,440060483,1,9,0,18,4,8,0,8,0,0,1,4,4,1,6,2,20,4,-1,-1,-1,-1,5,3,E01023201,0
Unvalidated,2024440060631,2024,440060631,1,9,0,18,6,2,0,0,0,0,0,0,1,1,6,1,81,11,-1,-1,-1,-1,9,1,E01022699,0
Unvalidated,2024440060631,2024,440060631,2,19,0,3,6,2,0,0,0,0,0,0,2,1,6,2,45,7,-1,-1,-1,-1,-1,-1,-1,0
Unvalidated,2024440060709,2024,440060709,1,9,0,9,4,2,0,8,0,0,0,0,1,1,6,1,30,6,-1,-1,-1,-1,9,1,E01032753,0
Unvalidated,2024440060709,2024,440060709,2,5,0,14,2,6,0,8,0,0,0,0,1,1,6,1,61,9,-1,-1,-1,-1,6,1,E01017176,0
Unvalidated,2024440060732,2024,440060732,1,9,0,18,6,2,0,0,0,0,4,6,1,1,6,1,44,7,-1,-1,-1,-1,7,1,E01015424,0
Unvalidated,2024440060756,2024,440060756,1,9,0,6,2,2,0,0,0,0,0,0,3,1,6,2,62,9,-1,-1,-1,-1,9,1,E01022697,0
Unvalidated,2024440060756,2024,440060756,2,4,0,14,2,6,0,0,0,0,0,0,1,1,6,1,41,7,-1,-1,-1,-1,10,1,E01022682,0
Unvalidated,2024440060757,2024,440060757,1,9,0,18,3,7,0,8,0,0,0,0,1,1,6,1,35,6,-1,-1,-1,-1,3,1,E01032738,0
Unvalidated,2024440061217,2024,440061217,1,9,0,9,8,6,0,8,0,0,0,0,1,1,6,1,22,5,-1,-1,-1,-1,6,3,E01029424,0
Unvalidated,2024440061217,2024,440061217,2,8,0,18,4,8,0,1,0,0,0,0,1,1,1,1,35,6,-1,-1,-1,-1,4,1,E01017270,0
Unvalidated,2024440061599,2024,440061599,1,9,0,18,8,4,0,0,0,0,4,6,3,1,1,1,52,8,-1,-1,-1,-1,9,1,E01022702,0
Unvalidated,2024440061893,2024,440061893,1,9,0,18,5,1,0,1,0,0,1,4,1,1,6,2,26,6,-1,-1,-1,-1,9,1,E01022633,0
Unvalidated,2024440061893,2024,440061893,2,9,0,5,3,7,0,8,0,0,0,0,0,1,6,1,-1,-1,-1,-1,-1,-1,-1,-1,-1,0
Unvalidated,2024440062588,2024,440062588,1,3,0,18,4,8,0,1,0,0,0,0,4,1,6,1,28,6,-1,-1,-1,-1,4,1,E01017246,0
Unvalidated,2024440062588,2024,440062588,2,9,0,5,6,2,0,6,0,0,0,0,1,1,6,1,57,9,-1,-1,-1,-1,4,1,E01023202,0
Unvalidated,2024440062606,2024,440062606,1,90,0,18,7,3,0,1,0,0,0,0,0,1,6,1,24,5,-1,-1,-1,-1,4,1,E01017185,1
Unvalidated,2024440062843,2024,440062843,1,9,0,18,6,2,0,8,0,0,0,0,1,1,6,1,69,10,-1,-1,-1,-1,7,1,E01023054,0
Unvalidated,2024440062843,2024,440062843,2,19,0,5,4,8,0,6,0,0,0,0,1,1,2,1,19,4,-1,-1,-1,-1,7,3,E01022990,0
Unvalidated,2024440062870,2024,440062870,1,9,0,18,5,1,0,1,0,0,0,0,1,1,6,1,79,11,-1,-1,-1,-1,5,1,E01022543,0
Unvalidated,2024440062870,2024,440062870,2,9,0,18,7,3,0,8,0,0,0,0,3,1,6,2,59,9,-1,-1,-1,-1,4,1,E01032847,0
Unvalidated,2024440062890,2024,440062890,1,9,0,4,8,4,0,1,0,0,0,0,2,1,6,2,23,5,-1,-1,-1,-1,8,1,E01022589,0
Unvalidated,2024440062890,2024,440062890,2,9,0,4,8,4,0,1,1,0,0,0,1,1,6,2,46,8,-1,-1,-1,-1,8,3,E01023282,0
Unvalidated,2024440062922,2024,440062922,1,5,0,14,4,8,0,1,0,0,0,0,1,1,6,1,54,8,-1,-1,-1,-1,3,1,E01017179,0
Unvalidated,2024440062922,2024,440062922,2,19,0,9,4,2,0,8,0,0,0,0,3,1,6,1,45,7,-1,-1,-1,-1,5,1,E01017209,0
Unvalidated,2024440063249,2024,440063249,1,9,0,9,3,1,0,8,0,0,0,0,4,1,6,2,21,5,-1,-1,-1,-1,10,1,E01030810,0
Unvalidated,2024440063249,2024,440063249,2,1,0,18,7,3,0,8,0,0,0,0,1,1,2,1,51,8,-1,-1,-1,-1,3,1,E01017220,0
Unvalidated,2024440063296,2024,440063296,1,20,0,18,4,8,0,1,0,0,0,0,4,1,1,1,-1,-1,-1,-1,-1,-1,-1,-1,-1,0
Unvalidated,2024440063336,2024,440063336,1,9,0,18,6,2,0,8,0,0,7,0,4,1,6,2,41,7,-1,-1,-1,-1,-1,-1,-1,0
Unvalidated,2024440063336,2024,440063336,2,9,0,18,8,4,0,1,0,0,0,0,1,1,6,2,36,7,-1,-1,-1,-1,7,1,E01032663,0
Unvalidated,2024440063422,2024,440063422,1,9,0,18,6,2,0,0,0,0,0,0,2,1,6,2,-1,-1,-1,-1,-1,-1,-1,-1,-1,0
Unvalidated,2024440063422,2024,440063422,2,9,0,18,6,2,0,0,0,0,0,0,1,1,6,2,17,4,-1,-1,-1,-1,7,1,E01032881,0
Unvalidated,2024440063492,2024,440063492,1,22,0,18,6,2,9,0,0,0,0,0,3,1,6,2,79,11,-1,-1,-1,-1,10,1,E01022790,0
Unvalidated,2024440063821,2024,440063821,1,9,0,17,2,6,0,0,0,0,1,1,1,1,6,2,27,6,-1,-1,-1,-1,10,1,E01022861,0
Unvalidated,2024440064282,2024,440064282,1,9,0,18,2,6,0,0,0,0,0,0,1,1,6,1,22,5,-1,-1,-1,-1,3,1,E01017360,0
Unvalidated,2024440064282,2024,440064282,2,9,0,18,6,2,0,0,0,0,0,0,1,1,2,2,50,8,-1,-1,-1,-1,2,2,E01017363,0
Unvalidated,2024440064765,2024,440064765,1,90,0,18,7,3,0,1,0,0,0,0,1,1,1,2,23,5,-1,-1,-1,-1,3,1,E01017343,0
Unvalidated,2024440064765,2024,440064765,2,9,0,9,1,7,0,6,0,0,1,11,3,1,6,1,17,4,-1,-1,-1,-1,5,3,E01017365,0
Unvalidated,2024440064803,2024,440064803,1,9,0,18,1,5,0,8,0,0,1,0,1,1,6,1,73,10,-1,-1,-1,-1,5,1,E01017358,0
Unvalidated,2024440064803,2024,440064803,2,9,0,18,7,3,0,8,1,0,7,1,4,1,6,2,81,11,-1,-1,-1,-1,3,1,E01017346,0
Unvalidated,2024440064982,2024,440064982,1,9,0,18,6,2,0,1,0,0,0,0,1,1,6,2,78,11,-1,-1,-1,-1,9,1,E01022982,0
Unvalidated,2024440065048,2024,440065048,1,9,0,18,2,6,0,0,0,0,0,0,1,1,6,1,74,10,-1,-1,-1,-1,-1,-1,-1,0
Unvalidated,2024440065048,2024,440065048,2,9,0,4,2,6,0,0,0,0,0,0,2,1,6,2,31,6,-1,-1,-1,-1,2,1,E01031432,0
Unvalidated,2024440065048,2024,440065048,3,9,0,4,2,6,0,0,0,0,0,0,2,1,6,1,50,8,-1,-1,-1,-1,3,1,E01017181,0
Unvalidated,2024440065048,2024,440065048,4,9,0,4,2,6,0,0,0,0,0,0,2,1,6,2,24,5,-1,-1,-1,-1,6,1,E01017142,0
Unvalidated,2024440065048,2024,440065048,5,9,0,4,2,6,0,0,0,0,0,0,2,1,6,1,38,7,-1,-1,-1,-1,4,1,E01017074,0
Unvalidated,2024440065147,2024,440065147,1,9,0,18,4,8,0,4,0,0,0,0,1,1,2,2,37,7,-1,-1,-1,-1,10,1,E01022785,0
Unvalidated,2024440065147,2024,440065147,2,1,0,18,1,4,0,8,0,0,0,0,4,1,2,2,38,7,-1,-1,-1,-1,10,1,E01032880,0
Unvalidated,2024440065214,2024,440065214,1,9,0,18,1,5,0,0,2,0,1,9,0,1,6,1,35,6,-1,-1,-1,-1,3,1,E01003588,0
Unvalidated,2024440065265,2024,440065265,1,9,0,18,8,4,0,0,0,0,0,0,1,1,6,3,-1,-1,-1,-1,-1,-1,-1,-1,-1,0
Unvalidated,2024440065265,2024,440065265,2,9,0,2,0,0,0,0,0,0,0,0,3,1,6,3,-1,-1,-1,-1,-1,-1,-1,-1,-1,0
Unvalidated,2024440065365,2024,440065365,1,9,0,9,4,8,0,6,0,0,0,0,1,1,6,3,-1,-1,-1,-1,-1,-1,-1,-1,-1,0
Unvalidated,2024440065365,2024,440065365,2,9,0,18,8,4,0,1,0,0,0,0,4,1,6,2,40,7,-1,-1,-1,-1,-1,-1,-1,0
Unvalidated,2024440065412,2024,440065412,1,9,0,18,8,4,0,0,0,0,0,0,1,1,6,1,47,8,-1,-1,-1,-1,9,1,E01022857,0
Unvalidated,2024440065412,2024,440065412,2,9,0,18,4,8,0,0,0,0,0,0,1,1,6,2,43,7,-1,-1,-1,-1,5,1,E01028633,0
Unvalidated,2024440065699,2024,440065699,1,9,0,18,6,2,0,0,0,0,0,0,1,1,2,2,55,8,-1,-1,-1,-1,10,1,E01022572,0
Unvalidated,2024440065699,2024,440065699,2,19,0,18,6,2,0,0,0,0,0,0,2,1,1,1,56,9,-1,-1,-1,-1,10,1,E01022578,0
Unvalidated,2024440065968,2024,440065968,1,9,0,2,0,0,0,0,0,0,0,0,4,1,6,3,-1,-1,-1,-1,-1,-1,-1,-1,-1,0
Unvalidated,2024440065968,2024,440065968,2,9,0,18,8,4,0,0,0,0,0,0,1,1,6,3,-1,-1,-1,-1,-1,-1,-1,-1,-1,0
Unvalidated,2024440066131,2024,440066131,1,19,0,1,6,2,0,0,0,0,0,0,2,1,1,1,34,6,-1,-1,-1,-1,5,1,E01023151,0
Unvalidated,2024440066592,2024,440066592,1,9,0,9,5,3,0,5,0,0,0,0,1,1,6,1,44,7,-1,-1,-1,-1,9,2,E01017284,0
Unvalidated,2024440066592,2024,440066592,2,1,0,18,1,5,0,8,0,0,0,0,3,1,2,1,50,8,-1,-1,-1,-1,5,1,E01017282,0
Unvalidated,2024440066908,2024,440066908,1,9,0,16,8,4,0,0,0,11,7,1,1,1,6,1,33,6,-1,-1,-1,-1,5,1,E01023262,0
Unvalidated,2024440067644,2024,440067644,1,9,0,18,7,3,0,1,0,0,0,0,1,1,6,2,39,7,-1,-1,-1,-1,9,1,E01022674,0
Unvalidated,2024440067644,2024,440067644,2,9,0,3,7,3,0,1,0,0,0,0,2,1,1,1,53,8,-1,-1,-1,-1,4,1,E01017233,0
Unvalidated,2024440067644,2024,440067644,3,9,0,3,7,3,0,1,0,0,0,0,2,1,6,1,71,10,-1,-1,-1,-1,1,1,E01017166,0
Unvalidated,2024440067881,2024,440067881,1,9,0,15,8,4,0,0,0,0,0,0,3,1,6,1,29,6,-1,-1,-1,-1,9,1,E01022857,0
Unvalidated,2024440067881,2024,440067881,2,3,0,18,8,4,0,0,0,0,0,0,4,1,1,1,27,6,-1,-1,-1,-1,5,1,E01030786,0
Unvalidated,2024440068609,2024,440068609,1,1,0,9,2,8,0,8,0,0,0,0,1,1,2,1,56,9,-1,-1,-1,-1,9,1,E01023087,0
Unvalidated,2024440068609,2024,440068609,2,9,0,18,6,2,0,4,0,0,0,0,3,1,6,3,-1,-1,-1,-1,-1,-1,-1,-1,-1,0
Unvalidated,2024440068968,2024,440068968,1,9,0,18,6,2,0,1,0,0,0,0,1,1,6,1,61,9,-1,-1,-1,-1,6,1,E01017142,0
Unvalidated,2024440069051,2024,440069051,1,19,0,9,5,2,0,8,0,0,0,0,3,1,6,1,66,10,-1,-1,-1,-1,9,3,E01022533,0
Unvalidated,2024440069051,2024,440069051,2,9,0,18,2,6,0,1,0,0,0,0,1,1,6,1,46,8,-1,-1,-1,-1,9,3,E01022533,0
Unvalidated,2024440069075,2024,440069075,1,19,0,18,5,1,0,0,0,0,0,0,1,1,6,3,28,6,-1,-1,-1,-1,2,1,E01016726,0
Unvalidated,2024440069075,2024,440069075,2,9,0,18,5,1,0,0,0,0,0,0,2,1,6,1,42,7,-1,-1,-1,-1,10,2,E01028782,0
Unvalidated,2024440069075,2024,440069075,3,9,0,18,5,1,0,0,0,0,0,0,2,1,6,1,45,7,-1,-1,-1,-1,2,1,E01014629,0
Unvalidated,2024440069075,2024,440069075,4,21,0,18,5,1,0,0,0,0,0,0,3,1,6,1,57,9,-1,-1,-1,-1,1,1,E01017240,0
Unvalidated,2024440069132,2024,440069132,1,9,0,18,7,3,0,8,0,0,0,0,1,1,6,2,61,9,-1,-1,-1,-1,-1,-1,-1,0
Unvalidated,2024440069132,2024,440069132,2,9,0,18,1,5,0,1,0,0,0,0,3,1,6,2,31,6,-1,-1,-1,-1,9,1,E01017178,0
Unvalidated,2024440069134,2024,440069134,1,1,0,3,7,3,0,2,0,0,0,0,2,1,2,1,39,7,-1,-1,-1,-1,2,1,E01022655,0
Unvalidated,2024440069134,2024,440069134,2,8,0,7,1,3,0,8,0,0,0,0,1,1,1,1,-1,-1,-1,-1,-1,-1,-1,-1,-1,0
Unvalidated,2024440069637,2024,440069637,1,22,0,18,8,4,0,8,0,0,0,0,1,1,6,2,65,9,-1,-1,-1,-1,9,1,E01022611,0
Unvalidated,2024440069637,2024,440069637,2,9,0,18,2,6,0,8,0,0,0,0,3,1,6,1,31,6,-1,-1,-1,-1,10,1,E01022926,0
Unvalidated,2024440069805,2024,440069805,1,9,0,9,2,1,0,8,0,0,0,0,0,1,6,2,26,6,-1,-1,-1,-1,2,1,E01016415,0
Unvalidated,2024440069805,2024,440069805,2,9,0,18,6,2,0,8,0,0,1,0,4,1,6,1,20,4,-1,-1,-1,-1,3,1,E01033381,0
Unvalidated,2024440070030,2024,440070030,1,9,0,18,8,4,0,0,0,0,0,0,1,1,6,2,59,9,-1,-1,-1,-1,10,1,E01022588,0
Unvalidated,2024440070051,2024,440070051,1,3,0,4,4,8,0,1,1,10,0,0,3,1,6,1,17,4,-1,-1,-1,-1,8,1,E01022815,0
Unvalidated,2024440070441,2024,440070441,1,2,0,4,8,4,0,1,1,0,0,0,4,1,6,2,16,4,-1,-1,-1,-1,9,1,E01020352,0
Unvalidated,2024440070695,2024,440070695,1,9,0,18,1,5,0,2,0,0,0,0,1,1,6,3,-1,-1,-1,-1,-1,-1,-1,-1,-1,0
Unvalidated,2024440071016,2024,440071016,1,9,0,18,3,7,0,8,0,0,0,0,3,1,6,1,18,4,-1,-1,-1,-1,8,1,E01022703,0
Unvalidated,2024440071016,2024,440071016,2,9,0,18,8,4,0,8,0,0,0,0,1,1,6,2,40,7,-1,-1,-1,-1,-1,-1,-1,0
Unvalidated,2024440071112,2024,440071112,1,9,0,9,1,7,0,8,0,0,0,0,1,1,6,1,18,4,-1,-1,-1,-1,6,1,E01017043,0
Unvalidated,2024440071112,2024,440071112,2,9,0,18,5,1,0,8,0,0,0,0,3,1,6,1,29,6,-1,-1,-1,-1,3,1,E01031372,0
Unvalidated,2024440071159,2024,440071159,1,3,0,18,2,6,0,0,1,0,0,0,4,1,6,1,23,5,-1,-1,-1,-1,7,1,E01017175,0
Unvalidated,2024440071159,2024,440071159,2,9,0,18,6,2,0,0,0,0,0,0,1,1,6,3,-1,-1,-1,-1,-1,-1,-1,-1,-1,0
Unvalidated,2024440071211,2024,440071211,1,9,0,18,3,7,0,0,0,4,0,0,1,1,6,1,43,7,-1,-1,-1,-1,3,1,E01016442,0
Unvalidated,2024440071211,2024,440071211,2,9,0,2,0,0,0,0,0,0,1,0,1,1,6,1,53,8,-1,-1,-1,-1,9,1,E01016201,0
Unvalidated,2024440071239,2024,440071239,1,9,0,18,8,4,0,0,5,0,1,10,1,1,6,1,18,4,-1,-1,-1,-1,2,1,E01022900,0
Unvalidated,2024440071319,2024,440071319,1,19,0,18,2,6,0,6,0,0,0,0,1,1,6,1,25,5,-1,-1,-1,-1,1,1,E01017245,0
Unvalidated,2024440071319,2024,440071319,2,9,0,18,8,4,0,1,0,0,0,0,4,1,6,1,47,8,-1,-1,-1,-1,4,1,E01017235,0
Unvalidated,2024440071354,2024,440071354,1,9,0,18,2,6,0,0,0,0,5,6,1,1,6,1,29,6,-1,-1,-1,-1,7,1,E01032665,0
Unvalidated,2024440071435,2024,440071435,1,9,0,18,6,2,0,0,1,0,1,4,3,1,2,1,36,7,-1,-1,-1,-1,6,1,E01032844,0
Unvalidated,2024440071506,2024,440071506,1,9,0,18,3,7,0,0,1,0,2,7,1,1,6,1,54,8,-1,-1,-1,-1,8,1,E01022713,0
Unvalidated,2024440071530,2024,440071530,1,9,0,18,7,3,0,8,0,0,0,0,1,1,6,1,36,7,-1,-1,-1,-1,-1,-1,-1,0
Unvalidated,2024440071530,2024,440071530,2,9,0,18,5,1,0,8,0,0,0,0,4,1,6,1,32,6,-1,-1,-1,-1,2,1,E01022833,0
Unvalidated,2024440071858,2024,440071858,1,9,0,18,6,2,0,1,0,0,0,0,1,1,6,1,-1,-1,-1,-1,-1,-1,-1,-1,-1,0
Unvalidated,2024440071858,2024,440071858,2,9,0,18,2,6,0,1,0,0,0,0,1,1,6,1,30,6,-1,-1,-1,-1,8,1,E01030803,0
Unvalidated,2024440071858,2024,440071858,3,9,0,2,0,0,0,2,0,0,0,0,1,1,6,2,-1,-1,-1,-1,-1,-1,-1,-1,-1,0
Unvalidated,2024440071904,2024,440071904,1,1,0,16,6,1,0,0,0,0,0,0,1,1,6,1,8,2,-1,-1,-1,-1,9,1,E01003477,0
Unvalidated,2024440071904,2024,440071904,2,9,0,17,1,6,0,0,0,0,0,0,1,1,6,1,28,6,-1,-1,-1,-1,7,3,E01023025,0
Unvalidated,2024440071941,2024,440071941,1,2,0,9,5,3,0,8,1,0,0,0,4,1,6,2,16,4,-1,-1,-1,-1,10,2,E01023220,0
Unvalidated,2024440072134,2024,440072134,1,9,0,9,2,8,0,6,0,0,0,0,3,1,6,1,61,9,-1,-1,-1,-1,8,3,E01023232,0
Unvalidated,2024440072134,2024,440072134,2,9,0,18,8,4,0,1,0,0,0,0,1,1,6,1,18,4,-1,-1,-1,-1,7,1,E01017047,0
Unvalidated,2024440072140,2024,440072140,1,9,0,18,1,5,0,0,0,0,0,0,1,1,6,1,38,7,-1,-1,-1,-1,8,1,E01023069,0
Unvalidated,2024440072140,2024,440072140,2,9,0,18,1,5,0,0,0,0,0,0,2,1,6,1,61,9,-1,-1,-1,-1,2,1,E01017276,0
Unvalidated,2024440072580,2024,440072580,1,3,0,14,6,2,0,0,0,0,0,0,1,1,2,1,42,7,-1,-1,-1,-1,-1,-1,-1,0
Unvalidated,2024440073019,2024,440073019,1,19,0,18,6,2,0,8,0,0,0,0,1,1,1,1,30,6,-1,-1,-1,-1,-1,-1,-1,0
Unvalidated,2024440073019,2024,440073019,2,9,0,3,6,2,0,8,0,0,0,0,2,1,2,2,26,6,-1,-1,-1,-1,-1,-1,-1,0
Unvalidated,2024440073133,2024,440073133,1,9,0,18,8,4,0,1,0,0,0,0,1,1,6,1,23,5,-1,-1,-1,-1,3,1,E01017195,0
Unvalidated,2024440073513,2024,440073513,1,9,0,18,8,4,0,1,0,0,0,0,1,1,6,2,86,11,-1,-1,-1,-1,7,1,E01022945,0
Unvalidated,2024440073513,2024,440073513,2,9,0,18,4,8,0,1,0,0,0,0,1,1,6,2,32,6,-1,-1,-1,-1,9,1,E01022955,0
Unvalidated,2024440073695,2024,440073695,1,9,0,16,6,1,0,0,0,0,0,0,1,1,6,1,16,4,-1,-1,-1,-1,2,1,E01017331,0
Unvalidated,2024440073695,2024,440073695,2,9,0,17,1,6,0,0,0,0,0,0,1,1,6,2,72,10,-1,-1,-1,-1,2,2,E01017363,0
Unvalidated,2024440073732,2024,440073732,1,9,0,18,7,3,0,6,0,0,0,0,1,1,6,1,26,6,-1,-1,-1,-1,8,3,E01023232,0
Unvalidated,2024440073732,2024,440073732,2,9,0,18,5,1,0,1,0,0,0,0,4,1,6,2,49,8,-1,-1,-1,-1,4,1,E01017087,0
Unvalidated,2024440073740,2024,440073740,1,9,0,4,2,6,0,0,0,0,0,0,2,1,6,2,44,7,-1,-1,-1,-1,-1,-1,-1,0
Unvalidated,2024440073740,2024,440073740,2,9,0,18,2,6,0,0,0,0,0,0,1,1,6,2,27,6,-1,-1,-1,-1,-1,-1,-1,0
Unvalidated,2024440073740,2024,440073740,3,9,0,4,2,6,0,0,0,0,0,0,2,1,6,2,61,9,-1,-1,-1,-1,-1,-1,-1,0
Unvalidated,2024440073773,2024,440073773,1,90,0,18,7,3,0,0,0,0,0,0,2,1,6,1,14,3,-1,-1,-1,-1,3,1,E01017051,1
Unvalidated,2024440073773,2024,440073773,2,19,0,13,7,3,0,0,0,0,0,0,1,1,6,3,-1,-1,-1,-1,-1,-1,-1,-1,-1,0
Unvalidated,2024440073947,2024,440073947,1,9,0,3,5,1,0,1,0,0,0,0,2,1,6,2,59,9,-1,-1,-1,-1,10,1,E01022109,0
Unvalidated,2024440073947,2024,440073947,2,9,0,3,5,1,0,1,0,0,0,0,2,1,6,3,-1,-1,-1,-1,-1,-1,-1,-1,-1,0
Unvalidated,2024440073947,2024,440073947,3,9,0,18,5,1,0,1,0,0,0,0,1,1,6,3,-1,-1,-1,-1,-1,-1,-1,-1,-1,0
Unvalidated,2024440074237,2024,440074237,1,9,0,4,8,4,0,0,0,0,0,0,2,1,6,1,27,6,-1,-1,-1,-1,3,1,E01017073,0
Unvalidated,2024440074237,2024,440074237,2,9,0,18,8,4,0,0,0,0,0,0,1,1,6,1,63,9,-1,-1,-1,-1,4,1,E01017125,0
Unvalidated,2024440074398,2024,440074398,1,9,0,9,2,8,0,6,0,0,0,0,1,1,6,1,31,6,-1,-1,-1,-1,5,1,E01022800,0
Unvalidated,2024440074398,2024,440074398,2,3,0,3,4,8,0,8,0,0,0,0,1,1,6,1,25,5,-1,-1,-1,-1,2,1,E01022906,0
Unvalidated,2024440074732,2024,440074732,1,9,0,18,6,2,0,1,0,0,0,0,1,1,6,1,82,11,-1,-1,-1,-1,10,1,E01023035,0
Unvalidated,2024440074732,2024,440074732,2,9,0,3,6,2,0,1,0,0,0,0,2,1,6,1,51,8,-1,-1,-1,-1,1,1,E01017240,0
Unvalidated,2024440074813,2024,440074813,1,9,0,5,5,1,0,2,0,0,1,11,1,1,6,2,87,11,-1,-1,-1,-1,7,1,E01020357,0
Unvalidated,2024440074815,2024,440074815,1,3,0,18,2,6,0,2,0,0,0,0,1,1,6,1,32,6,-1,-1,-1,-1,3,1,E01023018,0
Unvalidated,2024440074815,2024,440074815,2,9,0,4,2,6,0,2,0,0,0,0,2,1,6,2,58,9,-1,-1,-1,-1,-1,-1,-1,0
Unvalidated,2024440074862,2024,440074862,1,9,0,18,6,2,0,1,0,0,0,0,1,1,6,1,81,11,-1,-1,-1,-1,7,2,E01017291,0
Unvalidated,2024440074862,2024,440074862,2,9,0,10,4,8,0,1,0,0,7,10,4,1,6,2,70,10,-1,-1,-1,-1,4,1,E01017311,0
Unvalidated,2024440075075,2024,440075075,1,9,0,6,4,4,0,0,0,0,0,0,3,1,1,1,44,7,-1,-1,-1,-1,4,1,E01017217,0
Unvalidated,2024440075075,2024,440075075,2,5,0,14,4,8,0,0,0,0,0,0,1,1,2,2,53,8,-1,-1,-1,-1,6,3,E01020398,0
Unvalidated,2024440075194,2024,440075194,1,9,0,18,8,4,0,0,5,0,1,9,4,1,6,2,72,10,-1,-1,-1,-1,7,3,E01031508,0