status,collision_index,collision_year,collision_reference,vehicle_reference,vehicle_type,towing_and_articulation,vehicle_manoeuvre,vehicle_direction_from,vehicle_direction_to,vehicle_location_restricted_lane,junction_location,skidding_and_overturning,hit_object_in_carriageway,vehicle_leaving_carriageway,hit_object_off_carriageway,first_point_of_impact,vehicle_left_hand_drive,journey_purpose_of_driver,sex_of_driver,age_of_driver,age_band_of_driver,engine_capacity_cc,propulsion_code,age_of_vehicle,generic_make_model,driver_imd_decile,driver_home_area_type,lsoa_of_driver,escooter_flag
Unvalidated,2024440075277,2024,440075277,1,3,0,16,7,3,0,0,1,10,0,0,1,1,6,1,19,4,-1,-1,-1,-1,4,3,E01017297,0
Unvalidated,2024440075342,2024,440075342,1,5,0,18,6,2,0,0,0,0,0,0,3,1,6,1,52,8,-1,-1,-1,-1,10,1,E01022851,0
Unvalidated,2024440075362,2024,440075362,1,1,0,18,6,2,0,8,0,0,0,0,1,1,2,1,54,8,-1,-1,-1,-1,10,1,E01023188,0
Unvalidated,2024440075362,2024,440075362,2,21,0,18,1,5,0,4,0,0,0,0,3,1,1,1,64,9,-1,-1,-1,-1,9,1,E01022699,0
Unvalidated,2024440075432,2024,440075432,1,5,0,4,8,4,0,0,1,0,2,2,1,1,2,1,42,7,-1,-1,-1,-1,9,1,E01022646,0
Unvalidated,2024440075432,2024,440075432,2,9,0,3,8,4,0,0,0,0,0,0,2,1,2,1,48,8,-1,-1,-1,-1,8,1,E01022757,0
Unvalidated,2024440075432,2024,440075432,3,9,0,3,8,4,0,0,0,0,0,0,2,1,2,2,46,8,-1,-1,-1,-1,3,1,E01022803,0
Unvalidated,2024440075668,2024,440075668,1,9,0,18,3,7,0,0,0,0,0,0,3,1,6,2,72,10,-1,-1,-1,-1,9,2,E01016308,0
Unvalidated,2024440075668,2024,440075668,2,9,0,18,7,3,0,0,0,0,0,0,3,1,6,2,62,9,-1,-1,-1,-1,7,2,E01016307,0
Unvalidated,2024440075668,2024,440075668,3,9,0,18,3,7,0,0,0,0,0,0,1,1,6,2,52,8,-1,-1,-1,-1,6,1,E01016332,0
Unvalidated,2024440075927,2024,440075927,1,3,0,18,5,1,0,1,0,10,0,0,1,1,6,1,23,5,-1,-1,-1,-1,7,1,E01022946,0
Unvalidated,2024440075974,2024,440075974,1,19,0,5,8,4,0,1,0,0,0,0,1,1,1,3,-1,-1,-1,-1,-1,-1,-1,-1,-1,0
Unvalidated,2024440076352,2024,440076352,1,9,0,12,6,2,0,0,0,0,5,7,1,1,6,2,26,6,-1,-1,-1,-1,6,1,E01011505,0
Unvalidated,2024440076451,2024,440076451,1,9,0,18,3,7,0,0,1,0,0,0,4,1,6,1,37,7,-1,-1,-1,-1,-1,-1,-1,0
Unvalidated,2024440076451,2024,440076451,2,9,0,18,3,7,0,0,1,0,0,0,3,1,6,2,27,6,-1,-1,-1,-1,8,2,E01032709,0
Unvalidated,2024440076451,2024,440076451,3,21,0,18,3,7,0,0,1,0,1,10,2,1,1,1,36,7,-1,-1,-1,-1,-1,-1,-1,0
Unvalidated,2024440076468,2024,440076468,1,9,0,9,3,1,0,8,0,0,0,0,3,1,6,2,59,9,-1,-1,-1,-1,4,1,E01022953,0
Unvalidated,2024440076468,2024,440076468,2,9,0,18,1,5,0,8,0,0,0,0,1,1,6,1,66,10,-1,-1,-1,-1,10,1,E01022629,0
Unvalidated,2024440076920,2024,440076920,1,9,0,18,4,8,0,0,0,0,0,0,1,1,6,1,-1,-1,-1,-1,-1,-1,-1,-1,-1,0
Unvalidated,2024440077230,2024,440077230,1,10,0,18,7,3,0,0,0,0,0,0,1,1,6,1,65,9,-1,-1,-1,-1,3,1,E01022540,0
Unvalidated,2024440077230,2024,440077230,2,21,0,2,0,0,0,0,0,0,0,0,2,1,1,1,32,6,-1,-1,-1,-1,10,1,E01023072,0
Unvalidated,2024440077323,2024,440077323,1,9,0,9,5,2,0,8,0,0,0,0,1,1,6,2,-1,-1,-1,-1,-1,-1,-1,-1,-1,0
Unvalidated,2024440077393,2024,440077393,1,9,0,17,4,8,0,0,1,0,1,4,1,1,6,2,19,4,-1,-1,-1,-1,9,1,E01022755,0
Unvalidated,2024440077606,2024,440077606,1,9,0,4,5,1,0,0,0,0,0,0,2,1,2,2,43,7,-1,-1,-1,-1,8,1,E01022650,0
Unvalidated,2024440077606,2024,440077606,2,9,0,11,5,1,0,0,0,0,0,0,1,1,6,2,-1,-1,-1,-1,-1,-1,-1,-1,-1,0
Unvalidated,2024440077688,2024,440077688,1,9,0,18,5,1,0,1,0,0,1,0,1,1,6,1,40,7,-1,-1,-1,-1,10,1,E01022707,0
Unvalidated,2024440077688,2024,440077688,2,9,0,18,3,7,0,6,0,0,7,11,2,1,6,1,39,7,-1,-1,-1,-1,3,1,E01022807,0
Unvalidated,2024440077744,2024,440077744,1,9,0,16,5,8,0,8,0,0,0,0,1,1,6,3,-1,-1,-1,-1,-1,-1,-1,-1,-1,0
Unvalidated,2024440077824,2024,440077824,1,9,0,18,3,7,0,0,2,0,1,4,1,1,1,1,38,7,-1,-1,-1,-1,7,1,E01002226,0
Unvalidated,2024440078295,2024,440078295,1,9,0,18,4,8,0,0,0,0,0,0,4,1,2,2,25,5,-1,-1,-1,-1,4,2,E01017312,0
Unvalidated,2024440078314,2024,440078314,1,9,0,18,6,2,0,0,0,0,0,0,1,1,6,1,62,9,-1,-1,-1,-1,3,1,E01017347,0
Unvalidated,2024440078406,2024,440078406,1,98,0,18,6,2,0,1,0,0,0,0,1,1,1,1,63,9,-1,-1,-1,-1,7,1,E01023030,0
Unvalidated,2024440078406,2024,440078406,2,9,0,3,6,2,0,1,0,0,0,0,2,1,6,2,47,8,-1,-1,-1,-1,5,1,E01017243,0
Unvalidated,2024440078471,2024,440078471,1,8,0,3,2,6,0,1,0,0,0,0,2,1,1,1,42,7,-1,-1,-1,-1,3,1,E01017244,0
Unvalidated,2024440078471,2024,440078471,2,11,0,18,2,6,0,1,0,0,0,0,1,1,1,1,19,4,-1,-1,-1,-1,1,1,E01017218,0
Unvalidated,2024440078496,2024,440078496,1,9,0,18,1,5,0,1,0,0,0,0,3,1,1,2,45,7,-1,-1,-1,-1,6,1,E01017142,0
Unvalidated,2024440078566,2024,440078566,1,2,0,3,2,6,0,1,0,0,0,0,2,1,2,2,17,4,-1,-1,-1,-1,5,1,E01017088,0
Unvalidated,2024440078566,2024,440078566,2,9,0,5,2,6,0,1,0,0,0,0,1,1,2,1,27,6,-1,-1,-1,-1,2,1,E01022900,0
Unvalidated,2024440078582,2024,440078582,1,9,4,13,6,2,0,0,0,0,0,0,4,1,1,1,60,9,-1,-1,-1,-1,8,3,E01023286,0
Unvalidated,2024440078582,2024,440078582,2,1,0,5,6,2,0,0,0,0,0,0,3,1,6,1,68,10,-1,-1,-1,-1,10,1,E01022476,0
Unvalidated,2024440078693,2024,440078693,1,9,0,9,7,5,0,1,1,0,7,0,1,1,6,2,21,5,-1,-1,-1,-1,4,2,E01017362,0
Unvalidated,2024440078693,2024,440078693,2,9,0,18,3,7,0,1,1,0,0,0,1,1,6,1,54,8,-1,-1,-1,-1,4,2,E01017312,0
Unvalidated,2024440078772,2024,440078772,1,9,0,16,3,6,0,0,0,0,0,0,3,1,6,1,20,4,-1,-1,-1,-1,7,1,E01022506,0
Unvalidated,2024440079111,2024,440079111,1,9,0,9,8,6,0,3,1,10,1,0,4,1,6,1,18,4,-1,-1,-1,-1,4,1,E01017339,0
Unvalidated,2024440079159,2024,440079159,1,1,0,18,2,6,0,2,0,0,0,0,1,1,2,1,53,8,-1,-1,-1,-1,2,1,E01017076,0
Unvalidated,2024440079159,2024,440079159,2,19,0,2,0,0,0,2,0,0,0,0,3,1,1,3,-1,-1,-1,-1,-1,-1,-1,-1,-1,0
Unvalidated,2024440079254,2024,440079254,1,9,0,3,7,3,0,8,0,0,0,0,2,1,6,2,51,8,-1,-1,-1,-1,8,3,E01023165,0
Unvalidated,2024440079254,2024,440079254,2,9,0,3,7,3,0,8,0,0,0,0,2,1,6,2,43,7,-1,-1,-1,-1,8,3,E01022627,0
Unvalidated,2024440079254,2024,440079254,3,19,0,18,7,3,0,8,0,0,0,0,1,1,6,3,-1,-1,-1,-1,-1,-1,-1,-1,-1,0
Unvalidated,2024440079595,2024,440079595,1,3,0,18,6,2,0,2,0,0,0,0,1,1,6,2,42,7,-1,-1,-1,-1,10,1,E01022895,0
Unvalidated,2024440079595,2024,440079595,2,9,0,18,2,6,0,1,0,0,0,0,1,1,6,1,36,7,-1,-1,-1,-1,3,1,E01023058,0
Unvalidated,2024440079619,2024,440079619,1,3,0,18,6,2,0,8,0,0,0,0,4,1,6,1,21,5,-1,-1,-1,-1,-1,-1,-1,0
Unvalidated,2024440079619,2024,440079619,2,9,0,5,8,4,0,6,0,0,0,0,1,1,6,2,84,11,-1,-1,-1,-1,9,1,E01022699,0
Unvalidated,2024440079886,2024,440079886,1,9,0,9,3,1,0,8,0,0,0,0,1,1,6,2,55,8,-1,-1,-1,-1,10,1,E01022974,0
Unvalidated,2024440079886,2024,440079886,2,22,0,18,3,7,0,8,0,0,0,0,4,1,6,1,70,10,-1,-1,-1,-1,1,1,E01022933,0
Unvalidated,2024440079996,2024,440079996,1,9,0,9,6,4,0,5,0,0,0,0,1,1,6,1,87,11,-1,-1,-1,-1,9,3,E01023158,0
Unvalidated,2024440079996,2024,440079996,2,5,0,18,2,6,0,1,0,0,0,0,1,1,1,1,55,8,-1,-1,-1,-1,9,1,E01023152,0
Unvalidated,2024440080104,2024,440080104,1,9,0,2,0,0,0,0,0,0,0,0,2,1,6,3,-1,-1,-1,-1,-1,-1,-1,-1,-1,0
Unvalidated,2024440080104,2024,440080104,2,9,0,1,1,5,0,0,0,0,0,0,2,1,6,1,30,6,-1,-1,-1,-1,7,3,E01023166,0
Unvalidated,2024440080227,2024,440080227,1,9,0,2,0,0,0,0,0,0,0,0,2,1,6,3,-1,-1,-1,-1,-1,-1,-1,-1,-1,0
Unvalidated,2024440080227,2024,440080227,2,19,0,18,6,2,0,0,0,4,0,0,1,1,6,3,-1,-1,-1,-1,-1,-1,-1,-1,-1,0
Unvalidated,2024440080392,2024,440080392,1,9,0,18,7,3,0,0,2,0,0,0,1,1,6,1,18,4,-1,-1,-1,-1,7,1,E01022823,0
Unvalidated,2024440080441,2024,440080441,1,9,0,18,1,7,0,8,2,10,2,1,4,1,6,1,41,7,-1,-1,-1,-1,8,1,E01022829,0
Unvalidated,2024440080522,2024,440080522,1,9,0,18,6,2,0,0,5,0,0,0,0,1,6,2,25,5,-1,-1,-1,-1,5,1,E01023262,0
Unvalidated,2024440080685,2024,440080685,1,9,0,18,4,8,0,1,1,0,7,4,3,1,6,1,29,6,-1,-1,-1,-1,3,1,E01022840,0
Unvalidated,2024440081022,2024,440081022,1,19,0,6,6,6,0,0,0,0,0,0,1,1,6,1,51,8,-1,-1,-1,-1,3,1,E01017051,0
Unvalidated,2024440081022,2024,440081022,2,3,0,18,6,2,0,0,0,0,0,0,1,1,6,1,19,4,-1,-1,-1,-1,3,1,E01022976,0
Unvalidated,2024440081152,2024,440081152,1,1,0,16,5,1,0,0,0,0,0,0,3,1,6,1,62,9,-1,-1,-1,-1,3,1,E01023157,0
Unvalidated,2024440081152,2024,440081152,2,9,0,13,5,1,0,0,0,0,0,0,4,1,6,2,36,7,-1,-1,-1,-1,-1,-1,-1,0
Unvalidated,2024440081223,2024,440081223,1,9,0,18,6,2,0,1,0,0,0,0,2,1,6,2,30,6,-1,-1,-1,-1,5,1,E01016421,0
Unvalidated,2024440081223,2024,440081223,2,9,0,18,6,2,0,1,1,0,0,0,1,1,6,2,28,6,-1,-1,-1,-1,9,1,E01032849,0
Unvalidated,2024440081229,2024,440081229,1,8,0,6,2,2,0,0,0,0,0,0,3,1,1,1,45,7,-1,-1,-1,-1,4,1,E01017135,0
Unvalidated,2024440081229,2024,440081229,2,1,0,18,2,6,0,0,0,0,0,0,1,1,2,1,21,5,-1,-1,-1,-1,1,1,E01017035,0
Unvalidated,2024440081442,2024,440081442,1,19,0,18,7,3,0,8,0,0,0,0,1,1,1,1,53,8,-1,-1,-1,-1,5,1,E01020332,0
Unvalidated,2024440081442,2024,440081442,2,9,0,18,8,4,0,1,0,0,1,0,1,1,6,1,27,6,-1,-1,-1,-1,9,1,E01022983,0
Unvalidated,2024440081527,2024,440081527,1,9,0,18,8,4,0,0,0,10,0,0,4,1,6,1,43,7,-1,-1,-1,-1,4,1,E01017121,0
Unvalidated,2024440081812,2024,440081812,1,19,0,18,8,4,0,2,0,0,0,0,3,1,6,3,-1,-1,-1,-1,-1,-1,-1,-1,-1,0
Unvalidated,2024440081881,2024,440081881,1,8,0,18,2,6,0,8,0,0,0,0,3,1,1,1,52,8,-1,-1,-1,-1,1,1,E01032755,0
Unvalidated,2024440081881,2024,440081881,2,9,0,18,8,4,0,8,0,0,7,4,1,1,6,1,26,6,-1,-1,-1,-1,9,1,E01022718,0
Unvalidated,2024440081960,2024,440081960,1,9,0,17,8,4,0,0,1,0,1,4,4,1,6,1,26,6,-1,-1,-1,-1,4,2,E01031859,0
Unvalidated,2024440082596,2024,440082596,1,9,0,17,6,4,0,1,1,0,0,0,2,1,6,3,-1,-1,-1,-1,-1,-1,-1,-1,-1,0
Unvalidated,2024440082596,2024,440082596,2,9,0,16,4,6,0,1,0,0,0,0,1,1,6,2,43,7,-1,-1,-1,-1,5,3,E01017365,0
Unvalidated,2024440082652,2024,440082652,1,9,0,18,2,6,0,0,2,0,2,4,1,1,6,1,37,7,-1,-1,-1,-1,8,3,E01023235,0
Unvalidated,2024440082678,2024,440082678,1,5,0,4,1,5,0,1,1,0,0,0,3,1,2,2,34,6,-1,-1,-1,-1,3,1,E01017020,0
Unvalidated,2024440082686,2024,440082686,1,9,0,18,6,2,0,6,0,0,0,0,1,1,6,2,-1,-1,-1,-1,-1,-1,8,1,E01022864,0
Unvalidated,2024440082770,2024,440082770,1,9,0,18,2,6,0,0,2,0,1,1,1,1,6,1,38,7,-1,-1,-1,-1,9,3,E01022582,0
Unvalidated,2024440082775,2024,440082775,1,9,0,5,3,7,0,1,0,0,0,0,1,1,6,3,-1,-1,-1,-1,-1,-1,-1,-1,-1,0
Unvalidated,2024440082943,2024,440082943,1,9,0,13,8,4,0,0,1,0,0,0,1,1,6,1,31,6,-1,-1,-1,-1,4,1,E01017159,0
Unvalidated,2024440082943,2024,440082943,2,9,0,18,8,4,0,0,2,0,0,0,3,1,6,1,42,7,-1,-1,-1,-1,9,1,E01010175,0
Unvalidated,2024440083167,2024,440083167,1,19,0,18,2,6,0,1,0,0,0,0,1,1,6,3,-1,-1,-1,-1,-1,-1,-1,-1,-1,0
Unvalidated,2024440083167,2024,440083167,2,9,0,3,2,6,0,1,0,0,0,0,2,1,2,1,35,6,-1,-1,-1,-1,4,1,E01017198,0
Unvalidated,2024440083187,2024,440083187,1,9,0,18,8,4,0,0,0,0,0,0,1,1,6,2,20,4,-1,-1,-1,-1,-1,-1,-1,0
Unvalidated,2024440083187,2024,440083187,2,9,0,4,8,4,0,0,0,0,0,0,2,1,6,3,-1,-1,-1,-1,-1,-1,-1,-1,-1,0
Unvalidated,2024440083299,2024,440083299,1,9,0,18,2,6,0,0,0,0,1,4,1,1,2,1,19,4,-1,-1,-1,-1,6,3,E01020442,0
Unvalidated,2024440083461,2024,440083461,1,9,0,18,3,7,0,3,0,0,0,0,1,1,6,1,37,7,-1,-1,-1,-1,3,1,E01022485,0
Unvalidated,2024440083461,2024,440083461,2,9,0,4,3,7,0,3,0,0,0,0,2,1,6,1,39,7,-1,-1,-1,-1,6,1,E01022507,0
Unvalidated,2024440083472,2024,440083472,1,9,0,18,2,6,0,8,0,0,0,0,1,1,6,1,85,11,-1,-1,-1,-1,9,1,E01030795,0
Unvalidated,2024440083472,2024,440083472,2,90,0,18,4,8,0,8,0,0,0,0,3,1,1,1,59,9,-1,-1,-1,-1,6,1,E01016340,0
Unvalidated,2024440084170,2024,440084170,1,9,0,6,4,4,0,0,0,0,0,0,3,1,6,2,68,10,-1,-1,-1,-1,10,1,E01022759,0
Unvalidated,2024440084170,2024,440084170,2,5,0,14,4,8,0,0,0,0,0,0,1,1,1,1,19,4,-1,-1,-1,-1,8,1,E01022762,0
Unvalidated,2024440084251,2024,440084251,1,9,0,16,2,6,0,0,0,0,0,0,2,1,6,2,45,7,-1,-1,-1,-1,9,2,E01022989,0
Unvalidated,2024440084251,2024,440084251,2,3,0,16,2,6,0,0,0,0,0,0,1,1,6,1,23,5,-1,-1,-1,-1,9,3,E01023036,0
Unvalidated,2024440084272,2024,440084272,1,9,0,18,7,3,0,8,0,0,0,0,3,1,6,2,35,6,-1,-1,-1,-1,-1,-1,-1,0
Unvalidated,2024440084272,2024,440084272,2,9,0,18,1,5,0,1,0,0,0,0,1,1,6,1,29,6,-1,-1,-1,-1,6,1,E01032844,0
Unvalidated,2024440084370,2024,440084370,1,9,0,18,2,6,0,0,0,0,0,0,2,1,6,2,41,7,-1,-1,-1,-1,10,1,E01023169,0
Unvalidated,2024440084370,2024,440084370,2,9,0,18,2,6,0,0,0,0,0,0,1,1,6,2,42,7,-1,-1,-1,-1,7,3,E01023168,0
Unvalidated,2024440084467,2024,440084467,1,9,0,13,8,4,0,2,0,0,7,10,1,1,6,1,19,4,-1,-1,-1,-1,9,1,E01030425,0
Unvalidated,2024440084467,2024,440084467,2,9,0,18,4,8,0,1,0,0,0,0,1,1,6,2,40,7,-1,-1,-1,-1,10,1,E01022872,0
Unvalidated,2024440084467,2024,440084467,3,9,0,18,4,8,0,1,0,0,0,0,1,1,6,2,24,5,-1,-1,-1,-1,10,1,E01022856,0
Unvalidated,2024440084498,2024,440084498,1,9,0,18,6,2,0,0,0,0,0,0,1,1,6,1,39,7,-1,-1,-1,-1,6,1,E01023028,0
Unvalidated,2024440084498,2024,440084498,2,9,0,4,6,2,0,0,0,0,0,0,2,1,6,1,-1,-1,-1,-1,-1,-1,-1,-1,-1,0
Unvalidated,2024440084802,2024,440084802,1,9,0,18,5,1,6,0,0,0,0,0,1,1,6,1,72,10,-1,-1,-1,-1,8,3,E01022589,0
Unvalidated,2024440084802,2024,440084802,2,21,1,2,0,0,6,0,0,0,0,0,2,1,1,1,48,8,-1,-1,-1,-1,10,1,E01023189,0
Unvalidated,2024440084892,2024,440084892,1,9,0,17,2,6,0,0,0,0,0,0,1,1,6,1,-1,-1,-1,-1,-1,-1,-1,-1,-1,0
Unvalidated,2024440084892,2024,440084892,2,9,0,16,6,2,0,0,0,0,0,0,1,1,6,1,38,7,-1,-1,-1,-1,-1,-1,-1,0
Unvalidated,2024440085219,2024,440085219,1,9,0,5,2,6,0,6,0,0,0,0,1,1,6,2,67,10,-1,-1,-1,-1,7,1,E01023034,0
Unvalidated,2024440085219,2024,440085219,2,9,0,18,3,7,0,1,0,0,0,0,1,1,6,1,53,8,-1,-1,-1,-1,-1,-1,-1,0
Unvalidated,2024440085575,2024,440085575,1,9,0,18,2,6,0,8,1,0,1,0,1,1,1,1,30,6,-1,-1,-1,-1,-1,-1,-1,0
Unvalidated,2024440085575,2024,440085575,2,9,0,9,8,6,0,6,0,0,7,11,4,1,6,1,71,10,-1,-1,-1,-1,7,1,E01022481,0
Unvalidated,2024440085920,2024,440085920,1,9,0,18,4,8,0,8,0,0,0,0,1,1,2,1,48,8,-1,-1,-1,-1,9,2,E01022712,0
Unvalidated,2024440085920,2024,440085920,2,9,0,9,8,6,0,8,0,0,0,0,4,1,2,1,60,9,-1,-1,-1,-1,9,3,E01028754,0
Unvalidated,2024440085931,2024,440085931,1,9,0,18,6,2,0,1,0,0,0,0,2,1,6,1,26,6,-1,-1,-1,-1,-1,-1,-1,0
Unvalidated,2024440085931,2024,440085931,2,9,0,18,6,2,0,1,0,0,0,0,2,1,6,2,31,6,-1,-1,-1,-1,9,1,E01023254,0
Unvalidated,2024440085931,2024,440085931,3,9,0,18,6,2,0,1,0,0,0,0,1,1,6,1,65,9,-1,-1,-1,-1,10,1,E01022664,0
Unvalidated,2024440086235,2024,440086235,1,9,0,17,6,2,0,8,0,0,1,1,1,1,6,2,25,5,-1,-1,-1,-1,-1,-1,-1,0
Unvalidated,2024440086398,2024,440086398,1,9,0,18,8,4,0,1,0,0,4,1,1,1,2,1,36,7,-1,-1,-1,-1,1,1,E01017281,0
Unvalidated,2024440086525,2024,440086525,1,19,0,6,2,2,0,0,0,0,0,0,1,1,1,1,31,6,-1,-1,-1,-1,7,3,E01022592,0
Unvalidated,2024440086525,2024,440086525,2,4,0,14,2,6,0,0,0,0,0,0,1,1,2,1,31,6,-1,-1,-1,-1,4,1,E01023099,0
Unvalidated,2024440087333,2024,440087333,1,9,0,9,4,2,0,6,0,0,0,0,1,1,3,2,31,6,-1,-1,-1,-1,2,1,E01017202,0
Unvalidated,2024440087333,2024,440087333,2,9,0,18,2,6,0,8,0,0,0,0,4,1,6,2,79,11,-1,-1,-1,-1,3,1,E01017228,0
Unvalidated,2024440087333,2024,440087333,3,9,0,18,6,2,0,1,0,0,0,0,1,1,1,1,41,7,-1,-1,-1,-1,2,1,E01017202,0
Unvalidated,2024440087357,2024,440087357,1,9,0,16,8,3,0,1,0,10,0,0,4,1,6,2,74,10,-1,-1,-1,-1,2,1,E01017116,0
Unvalidated,2024440087466,2024,440087466,1,9,0,18,6,2,0,5,0,0,1,0,4,1,6,1,37,7,-1,-1,-1,-1,5,2,E01031512,0
Unvalidated,2024440087479,2024,440087479,1,1,0,18,2,6,0,1,0,0,0,0,4,1,6,1,12,3,-1,-1,-1,-1,-1,-1,-1,0
Unvalidated,2024440087479,2024,440087479,2,9,0,18,4,8,0,1,0,0,0,0,1,1,6,2,39,7,-1,-1,-1,-1,4,1,E01017234,0
Unvalidated,2024440087491,2024,440087491,1,9,0,18,5,1,0,0,0,0,0,0,3,1,1,1,65,9,-1,-1,-1,-1,7,2,E01022584,0
Unvalidated,2024440087491,2024,440087491,2,9,0,18,1,5,0,0,0,0,0,0,3,1,6,2,22,5,-1,-1,-1,-1,-1,-1,-1,0
Unvalidated,2024440087544,2024,440087544,1,9,0,9,8,6,0,6,0,0,0,0,1,1,6,1,19,4,-1,-1,-1,-1,4,1,E01017074,0
Unvalidated,2024440087544,2024,440087544,2,1,0,18,2,6,0,8,0,0,0,0,3,1,2,1,35,6,-1,-1,-1,-1,8,1,E01017069,0
Unvalidated,2024440087575,2024,440087575,1,9,0,9,8,6,0,5,0,0,0,0,3,1,6,2,63,9,-1,-1,-1,-1,10,1,E01022851,0
Unvalidated,2024440087575,2024,440087575,2,3,0,13,8,4,0,1,0,0,0,0,4,1,2,1,22,5,-1,-1,-1,-1,10,1,E01022847,0
Unvalidated,2024440087605,2024,440087605,1,9,0,18,7,3,0,0,0,0,0,0,1,1,6,1,46,8,-1,-1,-1,-1,4,1,E01017110,0
Unvalidated,2024440087605,2024,440087605,2,9,0,2,0,0,0,0,0,0,0,0,2,1,6,3,-1,-1,-1,-1,-1,-1,-1,-1,-1,0
Unvalidated,2024440087662,2024,440087662,1,9,0,9,7,5,0,8,0,0,0,0,1,1,6,1,56,9,-1,-1,-1,-1,3,1,E01017189,0
Unvalidated,2024440087662,2024,440087662,2,9,0,5,3,7,0,8,0,0,0,0,1,1,6,1,58,9,-1,-1,-1,-1,3,1,E01017228,0
Unvalidated,2024440088014,2024,440088014,1,9,0,18,2,6,0,0,1,0,1,4,1,1,6,1,36,7,-1,-1,-1,-1,-1,1,-1,0
Unvalidated,2024440088104,2024,440088104,1,9,0,18,4,8,0,0,0,0,0,0,3,1,6,3,-1,-1,-1,-1,-1,-1,-1,-1,-1,0
Unvalidated,2024440088143,2024,440088143,1,9,0,9,1,6,0,6,0,0,0,0,3,1,2,2,33,6,-1,-1,-1,-1,4,1,E01023204,0
Unvalidated,2024440088143,2024,440088143,2,19,0,18,6,2,0,1,1,0,0,0,1,1,2,1,36,7,-1,-1,-1,-1,9,3,E01023158,0
Unvalidated,2024440088211,2024,440088211,1,1,0,18,8,4,5,0,1,0,1,0,0,1,4,1,18,4,-1,-1,-1,-1,8,1,E01022660,0
Unvalidated,2024440088236,2024,440088236,1,9,0,2,0,0,0,1,0,0,0,0,0,1,3,2,25,5,-1,-1,-1,-1,7,1,E01022948,0
Unvalidated,2024440088236,2024,440088236,2,19,0,18,6,2,0,1,0,0,0,0,3,1,6,1,-1,-1,-1,-1,-1,-1,-1,-1,-1,0
Unvalidated,2024440088241,2024,440088241,1,11,0,9,1,7,0,8,0,0,0,0,1,1,1,1,57,9,-1,-1,-1,-1,9,1,E01022783,0
Unvalidated,2024440088339,2024,440088339,1,9,0,18,2,6,0,0,0,0,0,0,2,1,6,1,53,8,-1,-1,-1,-1,6,2,E01023237,0
Unvalidated,2024440088339,2024,440088339,2,19,0,18,2,6,0,0,0,0,0,0,1,1,6,1,42,7,-1,-1,-1,-1,4,1,E01022527,0
Unvalidated,2024440088406,2024,440088406,1,9,0,18,5,1,0,8,0,0,0,0,1,1,6,2,59,9,-1,-1,-1,-1,6,1,E01017016,0
Unvalidated,2024440089006,2024,440089006,1,8,0,5,1,4,0,4,0,0,0,0,3,1,1,1,45,7,-1,-1,-1,-1,5,1,E01017044,0
Unvalidated,2024440089006,2024,440089006,2,9,0,18,8,4,0,8,0,0,0,0,1,1,2,2,37,7,-1,-1,-1,-1,1,1,E01017053,0
Unvalidated,2024440089701,2024,440089701,1,9,0,18,2,6,0,0,0,0,0,0,1,1,6,1,58,9,-1,-1,-1,-1,7,3,E01020509,0
Unvalidated,2024440089701,2024,440089701,2,9,0,4,2,6,0,0,0,0,0,0,2,1,6,1,28,6,-1,-1,-1,-1,7,1,E01032746,0
Unvalidated,2024440089722,2024,440089722,1,9,0,18,1,5,0,1,1,10,7,0,3,1,2,1,21,5,-1,-1,-1,-1,10,1,E01022876,0
Unvalidated,2024440089722,2024,440089722,2,21,0,9,7,5,0,8,0,0,0,0,1,1,1,1,-1,-1,-1,-1,-1,-1,-1,-1,-1,0
Unvalidated,2024440089988,2024,440089988,1,9,0,9,6,4,0,6,0,0,0,0,3,1,6,2,82,11,-1,-1,-1,-1,6,1,E01022961,0
Unvalidated,2024440089988,2024,440089988,2,1,0,18,4,8,0,1,0,0,0,0,1,1,6,2,65,9,-1,-1,-1,-1,4,1,E01022953,0
Unvalidated,2024440090268,2024,440090268,1,3,0,3,3,7,0,1,0,0,0,0,1,1,6,1,35,6,-1,-1,-1,-1,6,1,E01022551,0
Unvalidated,2024440090268,2024,440090268,2,8,0,1,7,3,0,1,0,0,0,0,2,1,1,3,-1,-1,-1,-1,-1,-1,-1,-1,-1,0
Unvalidated,2024440090279,2024,440090279,1,1,0,18,8,4,0,2,0,0,0,0,3,1,2,1,59,9,-1,-1,-1,-1,3,1,E01017020,0
Unvalidated,2024440090279,2024,440090279,2,11,0,13,8,4,0,2,0,0,0,0,4,1,1,3,-1,-1,-1,-1,-1,-1,-1,-1,-1,0
Unvalidated,2024440090634,2024,440090634,1,9,0,18,4,8,0,0,0,0,0,0,1,1,6,3,-1,-1,-1,-1,-1,-1,-1,-1,-1,0
Unvalidated,2024440090664,2024,440090664,1,19,0,18,6,2,0,0,0,0,1,4,1,1,1,1,34,6,-1,-1,-1,-1,-1,-1,-1,0
Unvalidated,2024440090712,2024,440090712,1,9,0,4,6,2,0,0,0,0,0,0,2,1,2,1,56,9,-1,-1,-1,-1,5,1,E01029081,0
Unvalidated,2024440090712,2024,440090712,2,9,0,18,6,2,0,0,0,0,0,0,1,1,2,2,35,6,-1,-1,-1,-1,10,3,E01032870,0
Unvalidated,2024440090712,2024,440090712,3,9,0,18,6,2,0,0,0,0,0,0,1,1,2,1,42,7,-1,-1,-1,-1,-1,-1,-1,0