status,collision_index,collision_year,collision_reference,vehicle_reference,vehicle_type,towing_and_articulation,vehicle_manoeuvre,vehicle_direction_from,vehicle_direction_to,vehicle_location_restricted_lane,junction_location,skidding_and_overturning,hit_object_in_carriageway,vehicle_leaving_carriageway,hit_object_off_carriageway,first_point_of_impact,vehicle_left_hand_drive,journey_purpose_of_driver,sex_of_driver,age_of_driver,age_band_of_driver,engine_capacity_cc,propulsion_code,age_of_vehicle,generic_make_model,driver_imd_decile,driver_home_area_type,lsoa_of_driver,escooter_flag
Unvalidated,2024440090716,2024,440090716,1,19,0,13,4,8,0,2,0,0,7,0,4,1,1,1,29,6,-1,-1,-1,-1,6,1,E01022640,0
Unvalidated,2024440090716,2024,440090716,2,9,0,4,4,8,0,2,0,0,7,0,3,1,6,3,-1,-1,-1,-1,-1,-1,-1,-1,-1,0
Unvalidated,2024440090780,2024,440090780,1,19,0,1,4,8,0,8,0,0,0,0,2,1,2,1,18,4,-1,-1,-1,-1,-1,-1,-1,0
Unvalidated,2024440090783,2024,440090783,1,9,0,18,2,6,0,0,0,0,0,0,1,1,6,1,55,8,-1,-1,-1,-1,10,1,E01006932,0
Unvalidated,2024440090783,2024,440090783,2,19,0,4,2,6,0,0,0,0,0,0,2,1,2,1,35,6,-1,-1,-1,-1,3,1,E01017220,0
Unvalidated,2024440090783,2024,440090783,3,9,0,4,2,6,0,0,0,0,0,0,2,1,6,2,29,6,-1,-1,-1,-1,4,1,E01017157,0
Unvalidated,2024440090783,2024,440090783,4,19,0,4,2,6,0,0,0,0,0,0,2,1,2,1,33,6,-1,-1,-1,-1,-1,-1,-1,0
Unvalidated,2024440090783,2024,440090783,5,19,0,4,2,6,0,0,0,0,0,0,2,1,2,1,32,6,-1,-1,-1,-1,6,1,E01022657,0
Unvalidated,2024440090783,2024,440090783,6,9,0,4,2,6,0,0,0,0,0,0,2,1,6,1,33,6,-1,-1,-1,-1,4,1,E01023037,0
Unvalidated,2024440090791,2024,440090791,1,9,0,4,8,4,0,0,0,0,0,0,2,1,2,1,40,7,-1,-1,-1,-1,2,1,E01022906,0
Unvalidated,2024440090791,2024,440090791,2,9,0,4,8,4,0,0,0,0,0,0,2,1,2,1,31,6,-1,-1,-1,-1,5,1,E01022835,0
Unvalidated,2024440090791,2024,440090791,3,9,0,18,8,4,0,0,0,0,0,0,1,1,2,2,24,5,-1,-1,-1,-1,6,1,E01023081,0
Unvalidated,2024440090823,2024,440090823,1,9,0,7,7,1,0,6,0,0,0,0,3,1,6,1,45,7,-1,-1,-1,-1,-1,-1,-1,0
Unvalidated,2024440090823,2024,440090823,2,9,0,18,5,1,0,1,1,0,0,0,1,1,2,2,29,6,-1,-1,-1,-1,6,1,E01022890,0
Unvalidated,2024440090825,2024,440090825,1,9,0,13,7,3,0,4,0,0,0,0,4,1,6,1,36,7,-1,-1,-1,-1,2,1,E01031371,0
Unvalidated,2024440090825,2024,440090825,2,5,0,18,7,3,0,4,0,0,0,0,3,1,6,1,70,10,-1,-1,-1,-1,10,1,E01022926,0
Unvalidated,2024440090851,2024,440090851,1,3,0,4,7,3,0,8,0,0,0,0,2,1,2,1,31,6,-1,-1,-1,-1,10,1,E01022954,0
Unvalidated,2024440090851,2024,440090851,2,9,0,18,7,3,0,8,0,0,0,0,1,1,6,1,32,6,-1,-1,-1,-1,3,1,E01001166,0
Unvalidated,2024440090895,2024,440090895,1,9,0,12,8,4,0,7,0,0,0,0,1,1,6,2,51,8,-1,-1,-1,-1,10,1,E01022588,0
Unvalidated,2024440090956,2024,440090956,1,1,0,13,6,2,0,1,0,0,0,0,1,1,6,1,27,6,-1,-1,-1,-1,2,1,E01004269,0
Unvalidated,2024440090956,2024,440090956,2,9,0,9,6,4,0,1,0,0,0,0,3,1,6,1,29,6,-1,-1,-1,-1,3,1,E01033381,0
Unvalidated,2024440091241,2024,440091241,1,9,0,9,6,4,0,6,0,0,0,0,1,1,6,1,-1,-1,-1,-1,-1,-1,8,3,E01033443,0
Unvalidated,2024440091241,2024,440091241,2,9,0,18,4,8,0,1,0,0,0,0,4,1,6,1,21,5,-1,-1,-1,-1,-1,-1,-1,0
Unvalidated,2024440091582,2024,440091582,1,9,0,18,6,2,0,0,0,0,0,0,1,1,6,2,33,6,-1,-1,-1,-1,10,1,E01022751,0
Unvalidated,2024440091587,2024,440091587,1,9,0,16,4,8,0,0,2,0,8,4,3,1,6,1,18,4,-1,-1,-1,-1,9,3,E01031878,0
Unvalidated,2024440091771,2024,440091771,1,19,0,13,6,2,0,1,0,0,4,6,4,1,6,1,33,6,-1,-1,-1,-1,10,1,E01020358,0
Unvalidated,2024440091771,2024,440091771,2,19,0,9,6,4,0,5,0,0,0,0,3,1,6,3,-1,-1,-1,-1,-1,-1,-1,-1,-1,0
Unvalidated,2024440091789,2024,440091789,1,9,0,9,3,1,0,8,0,0,0,0,3,1,6,1,24,5,-1,-1,-1,-1,8,1,E01015552,0
Unvalidated,2024440091789,2024,440091789,2,9,0,18,7,3,0,8,0,0,0,0,3,1,6,2,51,8,-1,-1,-1,-1,3,1,E01017228,0
Unvalidated,2024440091798,2024,440091798,1,9,0,5,8,4,0,5,0,0,0,0,1,1,2,1,52,8,-1,-1,-1,-1,4,1,E01032858,0
Unvalidated,2024440091798,2024,440091798,2,9,0,5,8,4,0,5,0,0,0,0,2,1,6,1,31,6,-1,-1,-1,-1,-1,-1,-1,0
Unvalidated,2024440091837,2024,440091837,1,19,0,4,3,7,0,2,0,0,0,0,2,1,6,2,67,10,-1,-1,-1,-1,3,1,E01004064,0
Unvalidated,2024440091837,2024,440091837,2,1,0,18,3,7,0,8,0,0,0,0,1,1,6,1,21,5,-1,-1,-1,-1,1,1,E01022968,0
Unvalidated,2024440091960,2024,440091960,1,21,0,5,2,6,0,0,0,0,0,0,1,1,1,1,44,7,-1,-1,-1,-1,4,1,E01017171,0
Unvalidated,2024440091960,2024,440091960,2,9,0,3,2,6,0,0,0,0,0,0,2,1,2,1,21,5,-1,-1,-1,-1,10,3,E01032870,0
Unvalidated,2024440091960,2024,440091960,3,9,0,18,2,6,0,0,0,0,0,0,4,1,6,1,59,9,-1,-1,-1,-1,9,1,E01023217,0
Unvalidated,2024440091960,2024,440091960,4,9,0,18,2,6,0,0,0,0,0,0,4,1,6,1,51,8,-1,-1,-1,-1,-1,-1,-1,0
Unvalidated,2024440092091,2024,440092091,1,3,0,4,2,6,0,0,0,0,0,0,4,1,2,1,49,8,-1,-1,-1,-1,10,1,E01022714,0
Unvalidated,2024440092546,2024,440092546,1,9,0,18,2,6,0,1,0,0,1,11,1,1,6,1,33,6,-1,-1,-1,-1,5,1,E01017282,0
Unvalidated,2024440092647,2024,440092647,1,3,0,18,4,8,0,0,1,0,0,0,3,1,6,1,61,9,-1,-1,-1,-1,5,1,E01023027,0
Unvalidated,2024440092821,2024,440092821,1,1,0,18,6,2,0,0,0,0,0,0,1,1,6,1,64,9,-1,-1,-1,-1,10,1,E01022661,0
Unvalidated,2024440092898,2024,440092898,1,9,0,18,4,8,0,0,0,0,0,0,1,1,6,2,37,7,-1,-1,-1,-1,4,1,E01017028,0
Unvalidated,2024440092898,2024,440092898,2,9,0,3,4,8,0,0,0,0,0,0,2,1,6,1,51,8,-1,-1,-1,-1,6,1,E01017092,0
Unvalidated,2024440092898,2024,440092898,3,9,0,3,4,8,0,0,0,0,0,0,2,1,6,1,53,8,-1,-1,-1,-1,5,1,E01017101,0
Unvalidated,2024440092953,2024,440092953,1,9,0,9,3,1,0,8,0,0,0,0,1,1,6,2,76,11,-1,-1,-1,-1,9,1,E01022930,0
Unvalidated,2024440092953,2024,440092953,2,1,0,18,7,3,0,8,0,0,0,0,3,1,6,1,42,7,-1,-1,-1,-1,10,1,E01022931,0
Unvalidated,2024440093058,2024,440093058,1,9,0,9,8,6,0,5,0,0,7,0,2,1,6,2,76,11,-1,-1,-1,-1,9,2,E01017352,0
Unvalidated,2024440093058,2024,440093058,2,9,0,18,8,4,0,1,0,0,1,0,1,1,2,2,43,7,-1,-1,-1,-1,4,2,E01017289,0
Unvalidated,2024440093106,2024,440093106,1,9,0,6,7,7,0,6,0,0,0,0,3,1,6,2,48,8,-1,-1,-1,-1,5,1,E01017090,0
Unvalidated,2024440093106,2024,440093106,2,5,0,18,7,3,0,1,0,0,0,0,1,1,6,1,36,7,-1,-1,-1,-1,2,1,E01017117,0
Unvalidated,2024440093171,2024,440093171,1,11,0,18,6,2,0,0,0,0,0,0,1,1,1,1,-1,-1,-1,-1,-1,-1,-1,-1,-1,0
Unvalidated,2024440093426,2024,440093426,1,9,0,18,5,1,0,8,0,0,0,0,4,1,6,1,19,4,-1,-1,-1,-1,7,1,E01017047,0
Unvalidated,2024440093426,2024,440093426,2,19,0,18,7,3,0,8,0,0,0,0,1,1,6,3,-1,-1,-1,-1,-1,-1,-1,-1,-1,0
Unvalidated,2024440093780,2024,440093780,1,9,0,4,3,7,0,0,0,0,0,0,2,1,2,2,26,6,-1,-1,-1,-1,10,3,E01023231,0
Unvalidated,2024440093780,2024,440093780,2,9,0,4,3,7,0,0,0,0,0,0,2,1,2,2,34,6,-1,-1,-1,-1,9,1,E01022727,0
Unvalidated,2024440093780,2024,440093780,3,19,0,18,3,7,0,0,0,0,0,0,1,1,2,1,36,7,-1,-1,-1,-1,8,1,E01031543,0
Unvalidated,2024440093780,2024,440093780,4,9,0,18,3,7,0,0,0,0,0,0,1,1,2,1,59,9,-1,-1,-1,-1,5,1,E01017030,0
Unvalidated,2024440093780,2024,440093780,5,9,0,18,3,7,0,0,0,0,0,0,1,1,2,1,-1,-1,-1,-1,-1,-1,8,1,E01031840,0
Unvalidated,2024440093798,2024,440093798,1,4,0,18,2,6,0,4,0,0,0,0,1,1,2,1,18,4,-1,-1,-1,-1,-1,-1,-1,0
Unvalidated,2024440093798,2024,440093798,2,9,0,18,8,4,0,8,0,0,0,0,1,1,2,1,19,4,-1,-1,-1,-1,9,1,E01022774,0
Unvalidated,2024440093820,2024,440093820,1,9,0,18,2,6,0,0,0,0,0,0,3,1,2,1,33,6,-1,-1,-1,-1,10,1,E01022495,0
Unvalidated,2024440094655,2024,440094655,1,1,0,18,8,4,0,8,0,0,0,0,4,1,6,1,25,5,-1,-1,-1,-1,-1,-1,-1,0
Unvalidated,2024440094655,2024,440094655,2,9,0,5,2,6,0,4,0,0,0,0,1,1,6,1,55,8,-1,-1,-1,-1,5,1,E01017275,0
Unvalidated,2024440094720,2024,440094720,1,9,0,18,7,3,0,1,0,0,0,0,4,1,6,2,-1,-1,-1,-1,-1,-1,-1,-1,-1,0
Unvalidated,2024440094867,2024,440094867,1,19,0,18,5,1,0,0,0,0,0,0,1,1,6,1,50,8,-1,-1,-1,-1,9,1,E01030904,0
Unvalidated,2024440094899,2024,440094899,1,9,0,18,6,2,0,0,0,0,0,0,1,1,2,1,43,7,-1,-1,-1,-1,10,1,E01022707,0
Unvalidated,2024440094899,2024,440094899,2,1,0,18,4,8,0,0,0,0,0,0,4,1,2,1,14,3,-1,-1,-1,-1,10,2,E01023194,0
Unvalidated,2024440095045,2024,440095045,1,9,0,18,5,1,0,1,0,0,0,0,1,1,2,1,21,5,-1,-1,-1,-1,4,1,E01031435,0
Unvalidated,2024440095045,2024,440095045,2,9,0,3,5,1,0,1,0,0,0,0,2,1,2,2,29,6,-1,-1,-1,-1,3,1,E01017054,0
Unvalidated,2024440095354,2024,440095354,1,9,0,18,6,2,0,0,1,0,0,0,4,1,6,2,29,6,-1,-1,-1,-1,1,1,E01015255,0
Unvalidated,2024440095354,2024,440095354,2,21,1,2,0,0,0,0,0,0,0,0,2,1,1,3,-1,-1,-1,-1,-1,-1,-1,-1,-1,0
Unvalidated,2024440095450,2024,440095450,1,9,0,2,0,0,0,0,0,0,0,0,4,1,6,3,36,7,-1,-1,-1,-1,8,1,E01022628,0
Unvalidated,2024440095450,2024,440095450,2,9,0,18,6,2,0,0,0,0,0,0,4,1,6,1,-1,-1,-1,-1,-1,-1,-1,-1,-1,0
Unvalidated,2024440095474,2024,440095474,1,9,0,14,6,2,0,0,0,0,0,0,4,1,2,2,34,6,-1,-1,-1,-1,4,1,E01017203,0
Unvalidated,2024440095697,2024,440095697,1,9,0,5,3,7,0,4,0,0,0,0,1,1,6,2,20,4,-1,-1,-1,-1,7,1,E01017046,0
Unvalidated,2024440095697,2024,440095697,2,1,0,9,7,5,0,8,0,0,0,0,4,1,2,1,41,7,-1,-1,-1,-1,7,1,E01022760,0
Unvalidated,2024440095995,2024,440095995,1,19,0,18,5,1,0,1,0,0,0,0,1,1,6,1,43,7,-1,-1,-1,-1,4,1,E01031443,0
Unvalidated,2024440095995,2024,440095995,2,9,0,18,1,5,0,2,0,0,0,0,1,1,6,2,54,8,-1,-1,-1,-1,10,1,E01022746,0
Unvalidated,2024440096003,2024,440096003,1,9,0,9,6,4,0,8,0,0,0,0,4,1,2,1,20,4,-1,-1,-1,-1,7,1,E01017256,0
Unvalidated,2024440096003,2024,440096003,2,3,0,18,2,6,0,8,0,0,0,0,1,1,6,1,26,6,-1,-1,-1,-1,5,1,E01017273,0
Unvalidated,2024440096488,2024,440096488,1,9,0,3,6,2,0,2,0,0,0,0,2,1,6,2,50,8,-1,-1,-1,-1,9,1,E01022496,0
Unvalidated,2024440096488,2024,440096488,2,9,0,18,6,2,0,2,0,0,0,0,1,1,6,1,24,5,-1,-1,-1,-1,10,1,E01016652,0
Unvalidated,2024440096525,2024,440096525,1,9,0,9,2,8,0,6,0,0,0,0,3,1,2,2,31,6,-1,-1,-1,-1,9,1,E01022950,0
Unvalidated,2024440096525,2024,440096525,2,9,0,17,8,5,0,1,0,0,0,0,1,1,2,1,48,8,-1,-1,-1,-1,5,1,E01017013,0
Unvalidated,2024440096555,2024,440096555,1,9,0,18,2,6,0,0,0,0,0,0,1,1,6,2,28,6,-1,-1,-1,-1,6,1,E01022960,0
Unvalidated,2024440096555,2024,440096555,2,9,0,4,2,6,0,0,0,0,0,0,2,1,1,2,44,7,-1,-1,-1,-1,-1,-1,-1,0
Unvalidated,2024440096596,2024,440096596,1,9,0,9,3,1,0,8,0,0,0,0,1,1,6,2,-1,-1,-1,-1,-1,-1,-1,-1,-1,0
Unvalidated,2024440096668,2024,440096668,1,19,0,18,6,2,0,0,0,0,0,0,1,1,1,1,56,9,-1,-1,-1,-1,7,1,E01017046,0
Unvalidated,2024440096668,2024,440096668,2,9,0,3,6,2,0,0,0,0,0,0,2,1,2,2,42,7,-1,-1,-1,-1,7,1,E01023257,0
Unvalidated,2024440096668,2024,440096668,3,19,0,3,6,2,0,0,0,0,0,0,2,1,1,1,32,6,-1,-1,-1,-1,9,1,E01022646,0
Unvalidated,2024440096988,2024,440096988,1,4,0,18,2,6,0,0,0,7,0,0,1,1,6,1,19,4,-1,-1,-1,-1,9,2,E01022881,0
Unvalidated,2024440097066,2024,440097066,1,9,0,18,5,1,0,1,1,0,7,1,1,1,2,1,46,8,-1,-1,-1,-1,2,1,E01022819,0
Unvalidated,2024440097126,2024,440097126,1,9,0,5,7,3,0,1,0,0,0,0,1,1,6,1,69,10,-1,-1,-1,-1,3,1,E01022839,0
Unvalidated,2024440097126,2024,440097126,2,1,0,18,5,1,0,1,0,0,0,0,4,1,6,1,48,8,-1,-1,-1,-1,1,1,E01017039,0
Unvalidated,2024440097177,2024,440097177,1,9,0,18,6,2,0,0,0,0,0,0,1,1,2,1,20,4,-1,-1,-1,-1,5,1,E01022579,0
Unvalidated,2024440097177,2024,440097177,2,19,0,4,6,2,0,0,0,0,0,0,2,1,1,1,53,8,-1,-1,-1,-1,10,3,E01022596,0
Unvalidated,2024440097207,2024,440097207,1,9,0,4,8,4,0,0,0,0,0,0,2,1,6,1,61,9,-1,-1,-1,-1,7,3,E01031866,0
Unvalidated,2024440097207,2024,440097207,2,9,0,4,8,4,0,0,0,0,0,0,2,1,6,1,45,7,-1,-1,-1,-1,7,3,E01031849,0
Unvalidated,2024440097207,2024,440097207,3,9,0,18,8,4,0,0,0,0,0,0,1,1,6,1,34,6,-1,-1,-1,-1,5,2,E01032698,0
Unvalidated,2024440097285,2024,440097285,1,9,0,7,3,5,0,8,0,0,0,0,4,1,2,1,44,7,-1,-1,-1,-1,4,1,E01017217,0
Unvalidated,2024440097285,2024,440097285,2,1,0,18,3,7,0,8,0,0,0,0,3,1,2,2,33,6,-1,-1,-1,-1,4,1,E01017278,0
Unvalidated,2024440097290,2024,440097290,1,9,0,9,7,5,0,6,0,0,0,0,1,1,6,2,42,7,-1,-1,-1,-1,10,1,E01022972,0
Unvalidated,2024440097290,2024,440097290,2,9,0,18,5,1,0,1,0,0,0,0,4,1,6,1,-1,-1,-1,-1,-1,-1,10,1,E01022926,0
Unvalidated,2024440097299,2024,440097299,1,9,0,18,1,5,0,0,0,0,0,0,1,1,6,1,25,5,-1,-1,-1,-1,10,1,E01023218,0
Unvalidated,2024440097299,2024,440097299,2,9,0,4,1,5,0,0,0,0,0,0,2,1,6,1,30,6,-1,-1,-1,-1,10,1,E01022709,0
Unvalidated,2024440098144,2024,440098144,1,9,0,9,7,5,0,0,0,0,0,0,3,1,6,1,78,11,-1,-1,-1,-1,9,1,E01022950,0
Unvalidated,2024440098144,2024,440098144,2,3,0,18,5,1,0,0,0,0,0,0,1,1,6,1,19,4,-1,-1,-1,-1,6,1,E01022961,0
Unvalidated,2024440098219,2024,440098219,1,1,0,18,7,3,0,0,0,0,0,0,3,1,6,1,67,10,-1,-1,-1,-1,10,1,E01023212,0
Unvalidated,2024440098219,2024,440098219,2,9,0,13,7,3,0,0,0,0,0,0,4,1,6,1,-1,-1,-1,-1,-1,-1,-1,-1,-1,0
Unvalidated,2024440098313,2024,440098313,1,9,0,9,4,2,0,1,0,0,0,0,1,1,6,1,69,10,-1,-1,-1,-1,5,1,E01023019,0
Unvalidated,2024440098824,2024,440098824,1,2,0,18,7,3,0,0,1,0,0,0,4,1,6,1,14,3,-1,-1,-1,-1,1,1,E01017112,0
Unvalidated,2024440099215,2024,440099215,1,17,4,18,2,6,0,0,5,0,1,4,1,1,1,1,40,7,-1,-1,-1,-1,10,3,E01022606,0
Unvalidated,2024440099264,2024,440099264,1,9,0,9,6,4,0,6,0,0,0,0,3,1,6,1,76,11,-1,-1,-1,-1,8,1,E01032615,0
Unvalidated,2024440099264,2024,440099264,2,1,0,14,4,8,0,1,0,0,0,0,1,1,6,1,74,10,-1,-1,-1,-1,10,1,E01022931,0
Unvalidated,2024440099414,2024,440099414,1,9,0,18,6,2,0,0,0,0,0,0,1,1,6,1,82,11,-1,-1,-1,-1,8,3,E01020468,0
Unvalidated,2024440099414,2024,440099414,2,9,0,18,2,6,0,0,0,0,0,0,1,1,6,1,24,5,-1,-1,-1,-1,10,3,E01022596,0
Unvalidated,2024440099600,2024,440099600,1,9,0,5,5,1,0,6,0,0,0,0,3,1,2,1,64,9,-1,-1,-1,-1,2,1,E01022819,0
Unvalidated,2024440099600,2024,440099600,2,19,0,18,3,7,0,1,0,0,0,0,1,1,1,1,60,9,-1,-1,-1,-1,-1,-1,-1,0
Unvalidated,2024440099780,2024,440099780,1,19,0,4,3,7,0,0,0,0,0,0,1,1,6,1,47,8,-1,-1,-1,-1,7,1,E01023135,0
Unvalidated,2024440099780,2024,440099780,2,9,0,4,3,7,0,0,0,0,0,0,2,1,6,2,46,8,-1,-1,-1,-1,4,1,E01023106,0
Unvalidated,2024440099780,2024,440099780,3,9,0,4,3,7,0,0,0,0,0,0,2,1,6,1,33,6,-1,-1,-1,-1,9,3,E01022859,0
Unvalidated,2024440099948,2024,440099948,1,9,0,14,1,5,0,0,0,0,0,0,1,1,2,2,39,7,-1,-1,-1,-1,4,1,E01017121,0
Unvalidated,2024440099963,2024,440099963,1,9,0,17,5,2,0,8,0,0,0,0,4,1,6,2,55,8,-1,-1,-1,-1,3,1,E01023085,0
Unvalidated,2024440099963,2024,440099963,2,20,0,17,5,2,0,8,0,0,0,0,3,1,6,3,-1,-1,-1,-1,-1,-1,-1,-1,-1,0
Unvalidated,2024440100099,2024,440100099,1,9,0,18,4,8,0,0,0,0,0,0,4,1,6,2,45,7,-1,-1,-1,-1,-1,-1,-1,0
Unvalidated,2024440100099,2024,440100099,2,9,0,12,4,8,0,0,0,0,0,0,3,1,6,1,29,6,-1,-1,-1,-1,5,1,E01017030,0
Unvalidated,2024440100191,2024,440100191,1,9,0,1,5,1,0,1,0,0,0,0,2,1,6,1,-1,-1,-1,-1,-1,-1,-1,-1,-1,0
Unvalidated,2024440100546,2024,440100546,1,9,0,3,6,2,0,0,0,0,0,0,2,1,2,2,22,5,-1,-1,-1,-1,6,2,E01022690,0
Unvalidated,2024440100546,2024,440100546,2,19,0,18,6,2,0,0,0,0,0,0,1,1,6,1,50,8,-1,-1,-1,-1,7,1,E01017197,0
Unvalidated,2024440100546,2024,440100546,3,9,0,3,6,2,0,0,0,0,0,0,2,1,6,2,36,7,-1,-1,-1,-1,7,1,E01017259,0
Unvalidated,2024440100554,2024,440100554,1,5,0,18,8,4,0,1,0,0,0,0,0,1,6,1,55,8,-1,-1,-1,-1,3,1,E01022801,0
Unvalidated,2024440100554,2024,440100554,2,9,0,9,8,6,0,1,0,0,0,0,0,1,6,1,-1,-1,-1,-1,-1,-1,-1,-1,-1,0
Unvalidated,2024440100615,2024,440100615,1,9,0,5,1,5,0,4,0,0,0,0,1,1,3,1,32,6,-1,-1,-1,-1,3,1,E01023091,0
Unvalidated,2024440100615,2024,440100615,2,9,0,18,6,3,0,8,0,0,0,0,4,1,2,2,52,8,-1,-1,-1,-1,10,1,E01022850,0
Unvalidated,2024440101091,2024,440101091,1,19,0,4,1,5,0,0,0,0,0,0,2,1,1,1,-1,-1,-1,-1,-1,-1,-1,-1,-1,0
Unvalidated,2024440101122,2024,440101122,1,9,0,18,4,8,0,0,1,0,0,0,2,1,6,1,73,10,-1,-1,-1,-1,3,1,E01020996,0
Unvalidated,2024440101122,2024,440101122,2,9,0,18,4,8,0,0,0,0,0,0,2,1,6,1,50,8,-1,-1,-1,-1,-1,3,-1,0
Unvalidated,2024440101122,2024,440101122,3,9,0,18,4,8,0,0,1,0,0,0,2,1,6,1,78,11,-1,-1,-1,-1,10,1,E01022659,0
Unvalidated,2024440101122,2024,440101122,4,9,0,18,4,8,0,0,1,0,0,0,1,1,6,2,27,6,-1,-1,-1,-1,7,1,E01032024,0
Unvalidated,2024440101220,2024,440101220,1,19,0,10,4,8,0,1,0,0,0,0,2,1,1,1,63,9,-1,-1,-1,-1,4,1,E01017333,0
Unvalidated,2024440101220,2024,440101220,2,3,0,18,4,8,0,1,0,0,0,0,1,1,6,1,18,4,-1,-1,-1,-1,3,3,E01017299,0
Unvalidated,2024440101473,2024,440101473,1,9,0,18,5,1,0,0,0,0,0,0,3,1,3,1,58,9,-1,-1,-1,-1,10,1,E01023218,0
Unvalidated,2024440101473,2024,440101473,2,9,0,18,1,5,0,0,0,0,0,0,3,1,6,1,79,11,-1,-1,-1,-1,8,3,E01023286,0
Unvalidated,2024440101722,2024,440101722,1,9,0,18,4,8,0,8,0,0,0,0,1,1,2,1,24,5,-1,-1,-1,-1,10,2,E01016267,0
Unvalidated,2024440101722,2024,440101722,2,90,0,9,6,4,0,8,5,0,0,0,3,1,1,2,30,6,-1,-1,-1,-1,9,1,E01032849,0
Unvalidated,2024440101739,2024,440101739,1,9,0,3,4,8,0,1,0,0,0,0,2,1,6,1,69,10,-1,-1,-1,-1,-1,-1,-1,0
Unvalidated,2024440101739,2024,440101739,2,9,0,18,4,8,0,1,0,0,0,0,1,1,6,3,-1,-1,-1,-1,-1,-1,-1,-1,-1,0
Unvalidated,2024440101824,2024,440101824,1,9,0,18,7,3,0,0,0,0,0,0,1,1,6,1,21,5,-1,-1,-1,-1,9,3,E01022978,0
Unvalidated,2024440101824,2024,440101824,2,3,0,3,7,3,0,0,0,0,0,0,2,1,6,1,27,6,-1,-1,-1,-1,2,1,E01017155,0
Unvalidated,2024440101824,2024,440101824,3,9,0,3,7,3,0,0,0,0,0,0,2,1,6,2,56,9,-1,-1,-1,-1,3,1,E01017189,0
Unvalidated,2024440101835,2024,440101835,1,3,0,18,8,4,0,8,0,0,0,0,4,1,1,1,27,6,-1,-1,-1,-1,3,1,E01017105,0
Unvalidated,2024440101835,2024,440101835,2,9,0,9,3,8,0,6,0,0,0,0,1,1,6,1,-1,-1,-1,-1,-1,-1,3,1,E01017078,0
Unvalidated,2024440102119,2024,440102119,1,9,0,9,7,6,0,8,0,0,0,0,1,1,6,3,-1,-1,-1,-1,-1,-1,-1,-1,-1,0
Unvalidated,2024440102119,2024,440102119,2,3,0,18,3,7,0,1,0,0,0,0,1,1,1,1,37,7,-1,-1,-1,-1,6,1,E01023118,0
Unvalidated,2024440102566,2024,440102566,1,9,0,18,8,4,0,0,0,0,0,0,1,1,6,1,34,6,-1,-1,-1,-1,6,2,E01031860,0
Unvalidated,2024440102566,2024,440102566,2,9,0,4,8,4,0,0,0,0,0,0,2,1,6,2,26,6,-1,-1,-1,-1,5,1,E01033345,0
Unvalidated,2024440102669,2024,440102669,1,9,0,4,6,2,0,1,0,0,0,0,2,1,6,2,34,6,-1,-1,-1,-1,3,1,E01023055,0
Unvalidated,2024440102669,2024,440102669,2,9,0,18,6,2,0,1,0,0,0,0,1,1,6,3,-1,-1,-1,-1,-1,-1,-1,-1,-1,0
Unvalidated,2024440102846,2024,440102846,1,1,0,14,5,1,0,0,0,4,0,0,1,1,6,1,75,10,-1,-1,-1,-1,7,3,E01023164,0
Unvalidated,2024440102846,2024,440102846,2,9,0,2,0,0,0,0,0,0,0,0,3,1,6,2,-1,-1,-1,-1,-1,-1,-1,-1,-1,0
Unvalidated,2024440103162,2024,440103162,1,9,0,7,3,4,0,8,0,0,0,0,1,1,6,1,24,5,-1,-1,-1,-1,-1,-1,-1,0
Unvalidated,2024440103162,2024,440103162,2,22,0,18,7,3,0,8,0,0,0,0,4,1,6,1,39,7,-1,-1,-1,-1,3,1,E01023018,0
Unvalidated,2024440103175,2024,440103175,1,11,0,18,8,4,0,1,0,0,0,0,1,1,1,1,50,8,-1,-1,-1,-1,8,1,E01022628,0
Unvalidated,2024440103175,2024,440103175,2,9,0,9,2,8,0,6,0,0,0,0,1,1,6,1,50,8,-1,-1,-1,-1,2,1,E01017133,0
Unvalidated,2024440103252,2024,440103252,1,9,0,18,6,2,0,0,2,0,8,10,1,1,6,1,20,4,-1,-1,-1,-1,8,3,E01023178,0
Unvalidated,2024440103327,2024,440103327,1,90,0,18,7,3,0,0,0,0,0,0,1,1,6,1,46,8,-1,-1,-1,-1,2,1,E01017106,1
Unvalidated,2024440103327,2024,440103327,2,19,0,2,0,0,0,0,0,0,0,0,2,1,6,3,-1,-1,-1,-1,-1,-1,-1,-1,-1,0
Unvalidated,2024440103576,2024,440103576,1,9,0,17,8,4,0,0,0,10,2,10,1,1,6,2,44,7,-1,-1,-1,-1,9,1,E01022633,0
Unvalidated,2024440103598,2024,440103598,1,1,0,18,3,7,0,0,0,0,0,0,3,1,6,1,47,8,-1,-1,-1,-1,8,3,E01022532,0
Unvalidated,2024440103598,2024,440103598,2,19,0,13,3,7,0,0,0,0,0,0,4,1,6,3,-1,-1,-1,-1,-1,-1,-1,-1,-1,0
Unvalidated,2024440103918,2024,440103918,1,9,0,7,2,4,0,6,0,0,0,0,1,1,6,2,38,7,-1,-1,-1,-1,-1,-1,-1,0
Unvalidated,2024440103918,2024,440103918,2,9,0,18,8,4,0,1,0,0,0,0,1,1,6,1,33,6,-1,-1,-1,-1,-1,-1,-1,0