status,collision_index,collision_year,collision_reference,vehicle_reference,vehicle_type,towing_and_articulation,vehicle_manoeuvre,vehicle_direction_from,vehicle_direction_to,vehicle_location_restricted_lane,junction_location,skidding_and_overturning,hit_object_in_carriageway,vehicle_leaving_carriageway,hit_object_off_carriageway,first_point_of_impact,vehicle_left_hand_drive,journey_purpose_of_driver,sex_of_driver,age_of_driver,age_band_of_driver,engine_capacity_cc,propulsion_code,age_of_vehicle,generic_make_model,driver_imd_decile,driver_home_area_type,lsoa_of_driver,escooter_flag
Unvalidated,2024440104003,2024,440104003,1,9,0,18,8,4,0,0,0,0,0,0,1,1,6,1,37,7,-1,-1,-1,-1,3,1,E01008406,0
Unvalidated,2024440104003,2024,440104003,2,9,0,4,8,4,0,0,0,0,0,0,2,1,6,1,72,10,-1,-1,-1,-1,9,1,E01033384,0
Unvalidated,2024440104068,2024,440104068,1,9,0,18,4,8,0,8,0,10,1,1,1,1,6,1,46,8,-1,-1,-1,-1,10,2,E01022546,0
Unvalidated,2024440104071,2024,440104071,1,9,0,5,7,3,0,1,0,0,0,0,1,1,6,1,70,10,-1,-1,-1,-1,3,1,E01022680,0
Unvalidated,2024440104271,2024,440104271,1,9,0,11,8,4,0,0,0,0,0,0,1,1,6,1,25,5,-1,-1,-1,-1,6,1,E01022736,0
Unvalidated,2024440104271,2024,440104271,2,9,0,18,1,0,0,0,1,0,2,7,2,1,6,2,59,9,-1,-1,-1,-1,10,1,E01015398,0
Unvalidated,2024440104701,2024,440104701,1,9,0,18,1,5,0,0,0,0,0,0,1,1,6,1,47,8,-1,-1,-1,-1,3,1,E01022739,0
Unvalidated,2024440104701,2024,440104701,2,9,0,3,1,5,0,0,0,0,0,0,2,1,6,3,-1,-1,-1,-1,-1,-1,-1,-1,-1,0
Unvalidated,2024440104709,2024,440104709,1,9,0,18,4,8,0,1,0,0,3,11,1,1,6,1,-1,-1,-1,-1,-1,-1,-1,-1,-1,0
Unvalidated,2024440104709,2024,440104709,2,9,0,18,2,6,0,8,0,0,7,11,4,1,6,1,36,7,-1,-1,-1,-1,10,1,E01022869,0
Unvalidated,2024440104710,2024,440104710,1,9,0,8,8,3,0,1,0,0,0,0,2,1,2,2,27,6,-1,-1,-1,-1,3,1,E01017052,0
Unvalidated,2024440104710,2024,440104710,2,9,0,16,1,4,0,1,0,0,0,0,1,1,1,1,-1,-1,-1,-1,-1,-1,-1,-1,-1,0
Unvalidated,2024440105684,2024,440105684,1,9,0,18,8,4,0,1,0,0,0,0,1,1,6,1,30,6,-1,-1,-1,-1,4,1,E01017192,0
Unvalidated,2024440105684,2024,440105684,2,9,0,4,8,4,0,1,0,0,0,0,2,1,1,2,66,10,-1,-1,-1,-1,10,1,E01023040,0
Unvalidated,2024440105823,2024,440105823,1,3,0,18,8,4,0,1,0,0,0,0,1,1,6,1,19,4,-1,-1,-1,-1,5,1,E01022832,0
Unvalidated,2024440105823,2024,440105823,2,9,0,4,8,4,0,1,0,0,0,0,2,1,6,3,-1,-1,-1,-1,-1,-1,-1,-1,-1,0
Unvalidated,2024440105893,2024,440105893,1,9,0,9,7,5,0,8,0,0,0,0,1,1,2,2,65,9,-1,-1,-1,-1,8,1,E01022636,0
Unvalidated,2024440105893,2024,440105893,2,9,0,18,3,7,0,8,1,0,7,10,3,1,6,2,18,4,-1,-1,-1,-1,8,1,E01030422,0
Unvalidated,2024440105912,2024,440105912,1,19,0,18,1,5,0,1,0,0,0,0,4,1,6,3,-1,-1,-1,-1,-1,-1,-1,-1,-1,0
Unvalidated,2024440106036,2024,440106036,1,9,0,18,8,4,0,1,0,0,0,0,1,1,6,1,-1,-1,-1,-1,-1,-1,-1,-1,-1,0
Unvalidated,2024440106382,2024,440106382,1,9,0,6,1,1,0,2,0,0,0,0,3,1,1,1,31,6,-1,-1,-1,-1,5,1,E01022832,0
Unvalidated,2024440106382,2024,440106382,2,9,0,18,1,5,0,2,0,0,7,10,1,1,6,1,25,5,-1,-1,-1,-1,6,1,E01032748,0
Unvalidated,2024440106433,2024,440106433,1,9,0,4,6,2,0,0,0,0,0,0,2,1,6,1,28,6,-1,-1,-1,-1,8,1,E01023141,0
Unvalidated,2024440106433,2024,440106433,2,9,0,4,6,2,0,0,0,0,0,0,2,1,6,1,45,7,-1,-1,-1,-1,-1,-1,-1,0
Unvalidated,2024440106433,2024,440106433,3,9,0,4,6,2,0,0,0,0,0,0,2,1,6,2,74,10,-1,-1,-1,-1,10,1,E01023092,0
Unvalidated,2024440106433,2024,440106433,4,9,0,18,6,2,0,0,0,0,0,0,1,1,6,2,48,8,-1,-1,-1,-1,9,3,E01022857,0
Unvalidated,2024440106433,2024,440106433,5,9,0,18,6,2,0,0,0,0,0,0,1,1,6,1,31,6,-1,-1,-1,-1,4,1,E01022479,0
Unvalidated,2024440106518,2024,440106518,1,9,0,5,0,2,0,0,0,0,0,0,1,1,3,2,37,7,-1,-1,-1,-1,9,1,E01022837,0
Unvalidated,2024440106518,2024,440106518,2,9,0,18,6,2,0,0,0,0,0,0,3,1,3,2,32,6,-1,-1,-1,-1,6,1,E01022831,0
Unvalidated,2024440106638,2024,440106638,1,9,0,18,4,8,0,0,0,0,0,0,1,1,6,2,71,10,-1,-1,-1,-1,2,1,E01022966,0
Unvalidated,2024440106638,2024,440106638,2,9,0,4,4,8,0,0,0,0,0,0,2,1,6,2,46,8,-1,-1,-1,-1,1,1,E01022967,0
Unvalidated,2024440106805,2024,440106805,1,9,0,18,6,2,0,0,0,0,0,0,1,1,6,1,84,11,-1,-1,-1,-1,8,2,E01022991,0
Unvalidated,2024440106805,2024,440106805,2,9,0,18,2,6,0,0,0,0,0,0,3,1,6,2,68,10,-1,-1,-1,-1,8,3,E01023051,0
Unvalidated,2024440107632,2024,440107632,1,9,0,18,6,2,0,2,0,0,0,0,3,1,6,2,79,11,-1,-1,-1,-1,9,1,E01022783,0
Unvalidated,2024440108997,2024,440108997,1,9,0,16,8,3,0,0,0,0,0,0,1,1,6,1,73,10,-1,-1,-1,-1,9,3,E01016283,0
Unvalidated,2024440108997,2024,440108997,2,9,0,17,3,8,0,0,0,0,0,0,1,1,6,1,24,5,-1,-1,-1,-1,5,1,E01032734,0
Unvalidated,2024440109308,2024,440109308,1,9,0,5,7,3,0,8,0,0,0,0,4,1,6,2,22,5,-1,-1,-1,-1,3,1,E01022801,0
Unvalidated,2024440109308,2024,440109308,2,9,0,18,1,5,0,1,0,0,0,0,1,1,6,2,24,5,-1,-1,-1,-1,9,3,E01023246,0
Unvalidated,2024440109466,2024,440109466,1,9,0,17,6,3,0,1,0,0,1,0,1,1,6,2,71,10,-1,-1,-1,-1,7,1,E01017286,0
Unvalidated,2024440109466,2024,440109466,2,9,0,16,3,6,0,1,0,0,0,0,1,1,6,1,17,4,-1,-1,-1,-1,1,1,E01017332,0
Unvalidated,2024440109497,2024,440109497,1,9,0,5,3,7,0,8,0,0,0,0,1,1,6,2,55,8,-1,-1,-1,-1,7,1,E01017223,0
Unvalidated,2024440109497,2024,440109497,2,9,0,18,1,5,0,8,0,0,0,0,4,1,6,1,44,7,-1,-1,-1,-1,3,1,E01020556,0
Unvalidated,2024440109509,2024,440109509,1,9,0,11,4,8,0,0,0,0,1,0,3,1,2,1,27,6,-1,-1,-1,-1,8,1,E01020579,0
Unvalidated,2024440109509,2024,440109509,2,9,0,13,4,8,0,0,0,0,1,0,1,1,6,1,19,4,-1,-1,-1,-1,9,1,E01023174,0
Unvalidated,2024440109509,2024,440109509,3,9,0,13,4,8,0,0,1,0,1,0,4,1,6,1,18,4,-1,-1,-1,-1,2,1,E01023006,0
Unvalidated,2024440109771,2024,440109771,1,19,0,18,8,4,0,0,0,0,0,0,1,1,1,3,-1,-1,-1,-1,-1,-1,-1,-1,-1,0
Unvalidated,2024440109863,2024,440109863,1,9,0,18,2,6,0,1,0,0,0,0,3,1,6,1,55,8,-1,-1,-1,-1,6,1,E01022890,0
Unvalidated,2024440109881,2024,440109881,1,9,0,18,7,3,0,0,0,0,0,0,1,1,2,2,29,6,-1,-1,-1,-1,6,3,E01023155,0
Unvalidated,2024440109881,2024,440109881,2,9,0,4,7,3,0,0,0,0,0,0,2,1,2,1,48,8,-1,-1,-1,-1,7,1,E01023179,0
Unvalidated,2024440110213,2024,440110213,1,9,0,9,1,7,0,8,0,0,0,0,4,1,6,1,18,4,-1,-1,-1,-1,9,1,E01022496,0
Unvalidated,2024440110213,2024,440110213,2,3,0,18,5,1,0,1,0,0,0,0,1,1,6,1,17,4,-1,-1,-1,-1,7,1,E01022481,0
Unvalidated,2024440110500,2024,440110500,1,22,0,7,3,5,0,8,0,0,0,0,3,1,6,1,87,11,-1,-1,-1,-1,-1,-1,-1,0
Unvalidated,2024440110564,2024,440110564,1,21,4,1,6,3,0,8,0,0,0,0,2,1,1,1,60,9,-1,-1,-1,-1,-1,-1,-1,0
Unvalidated,2024440110564,2024,440110564,2,9,0,2,0,0,0,1,0,0,0,0,4,1,3,1,57,9,-1,-1,-1,-1,-1,-1,-1,0
Unvalidated,2024440110748,2024,440110748,1,9,0,9,5,3,0,5,0,0,0,0,4,1,6,1,35,6,-1,-1,-1,-1,2,1,E01022819,0
Unvalidated,2024440110748,2024,440110748,2,9,0,18,1,5,0,1,0,0,0,0,1,1,6,1,46,8,-1,-1,-1,-1,10,1,E01022794,0
Unvalidated,2024440111173,2024,440111173,1,9,0,2,0,0,0,0,0,0,0,0,3,1,6,1,29,6,-1,-1,-1,-1,3,1,E01017079,0
Unvalidated,2024440111173,2024,440111173,2,9,0,14,5,1,0,0,0,8,0,0,4,1,6,1,22,5,-1,-1,-1,-1,7,1,E01017047,0
Unvalidated,2024440111448,2024,440111448,1,9,0,4,8,4,0,0,0,0,0,0,2,1,6,1,64,9,-1,-1,-1,-1,10,1,E01030902,0
Unvalidated,2024440111448,2024,440111448,2,19,0,18,8,4,0,0,0,0,0,0,1,1,1,1,-1,-1,-1,-1,-1,-1,-1,-1,-1,0
Unvalidated,2024440111717,2024,440111717,1,19,0,5,1,5,0,1,0,0,0,0,2,1,1,1,-1,-1,-1,-1,-1,-1,-1,-1,-1,0
Unvalidated,2024440111717,2024,440111717,2,9,0,4,1,5,0,1,0,0,0,0,1,1,6,2,54,8,-1,-1,-1,-1,7,3,E01023046,0
Unvalidated,2024440111873,2024,440111873,1,3,0,13,8,4,0,1,0,0,0,0,1,1,2,1,27,6,-1,-1,-1,-1,7,1,E01017247,0
Unvalidated,2024440111873,2024,440111873,2,9,0,9,8,6,0,5,0,0,0,0,3,1,6,2,-1,-1,-1,-1,-1,-1,7,1,E01032007,0
Unvalidated,2024440112208,2024,440112208,1,9,0,9,2,8,0,8,0,0,1,11,4,1,6,1,33,6,-1,-1,-1,-1,5,1,E01017136,0
Unvalidated,2024440112208,2024,440112208,2,9,0,18,2,6,0,8,0,0,0,0,3,1,6,1,41,7,-1,-1,-1,-1,1,1,E01017205,0
Unvalidated,2024440112213,2024,440112213,1,4,0,18,6,2,0,0,0,0,1,2,3,1,6,1,18,4,-1,-1,-1,-1,8,1,E01022952,0
Unvalidated,2024440112213,2024,440112213,2,19,0,11,6,2,0,0,0,0,0,0,4,1,6,1,22,5,-1,-1,-1,-1,8,1,E01022935,0
Unvalidated,2024440112472,2024,440112472,1,9,0,18,1,5,0,1,0,0,0,0,1,1,6,1,48,8,-1,-1,-1,-1,6,1,E01002138,0
Unvalidated,2024440112472,2024,440112472,2,9,0,9,4,1,0,6,0,0,0,0,1,1,6,1,70,10,-1,-1,-1,-1,2,1,E01006797,0
Unvalidated,2024440113181,2024,440113181,1,9,0,17,7,4,0,2,0,0,0,0,4,1,2,1,21,5,-1,-1,-1,-1,-1,-1,-1,0
Unvalidated,2024440113181,2024,440113181,2,9,0,18,0,0,0,1,0,0,0,0,4,1,6,1,33,6,-1,-1,-1,-1,10,1,E01022608,0
Unvalidated,2024440113235,2024,440113235,1,5,0,18,7,3,0,1,0,0,0,0,1,1,6,1,36,7,-1,-1,-1,-1,2,1,E01022913,0
Unvalidated,2024440113235,2024,440113235,2,19,0,9,1,7,0,6,0,0,0,0,3,1,6,1,35,6,-1,-1,-1,-1,8,1,E01022918,0
Unvalidated,2024440113370,2024,440113370,1,9,0,1,3,7,0,0,0,0,0,0,2,1,6,2,45,7,-1,-1,-1,-1,2,1,E01033237,0
Unvalidated,2024440113645,2024,440113645,1,9,0,3,5,1,0,1,0,0,0,0,2,1,6,2,75,10,-1,-1,-1,-1,10,1,E01022675,0
Unvalidated,2024440113645,2024,440113645,2,9,0,3,5,1,0,1,0,0,0,0,2,1,6,3,-1,-1,-1,-1,-1,-1,-1,-1,-1,0
Unvalidated,2024440113645,2024,440113645,3,9,0,18,5,1,0,1,0,0,0,0,1,1,6,1,-1,-1,-1,-1,-1,-1,-1,-1,-1,0
Unvalidated,2024440113794,2024,440113794,1,9,0,18,6,2,0,0,1,0,5,6,2,1,6,1,23,5,-1,-1,-1,-1,8,1,E01030915,0
Unvalidated,2024440113794,2024,440113794,2,9,0,18,6,2,0,0,0,0,0,0,1,1,6,1,55,8,-1,-1,-1,-1,8,3,E01023280,0
Unvalidated,2024440113807,2024,440113807,1,8,0,5,1,5,0,1,0,0,0,0,1,1,1,1,34,6,-1,-1,-1,-1,5,1,E01017030,0
Unvalidated,2024440114021,2024,440114021,1,9,0,18,8,4,0,1,0,0,0,0,1,1,6,2,54,8,-1,-1,-1,-1,7,1,E01017048,0
Unvalidated,2024440114021,2024,440114021,2,9,0,12,8,4,0,1,0,0,0,0,0,1,6,3,-1,-1,-1,-1,-1,-1,-1,-1,-1,0
Unvalidated,2024440114073,2024,440114073,1,1,0,18,8,4,0,0,0,0,0,0,3,1,6,1,38,7,-1,-1,-1,-1,4,1,E01017081,0
Unvalidated,2024440114262,2024,440114262,1,19,0,18,1,5,0,1,0,0,3,0,1,1,6,1,30,6,-1,-1,-1,-1,5,2,E01022616,0
Unvalidated,2024440114326,2024,440114326,1,9,0,18,3,7,0,2,0,0,0,0,1,1,6,1,21,5,-1,-1,-1,-1,2,1,E01017032,0
Unvalidated,2024440115054,2024,440115054,1,4,0,18,8,4,0,0,1,0,0,0,3,1,6,1,56,9,-1,-1,-1,-1,7,2,E01022584,0
Unvalidated,2024440115245,2024,440115245,1,9,0,16,2,5,0,1,0,0,0,0,4,1,6,3,-1,-1,-1,-1,-1,-1,-1,-1,-1,0
Unvalidated,2024440115629,2024,440115629,1,9,0,16,8,4,0,0,0,0,0,0,1,1,2,1,28,6,-1,-1,-1,-1,10,3,E01022546,0
Unvalidated,2024440115629,2024,440115629,2,9,0,17,4,8,0,0,0,0,0,0,1,1,6,1,36,7,-1,-1,-1,-1,10,1,E01022470,0
Unvalidated,2024440115632,2024,440115632,1,1,0,11,4,8,0,1,0,0,0,0,2,1,6,1,70,10,-1,-1,-1,-1,9,1,E01022658,0
Unvalidated,2024440115632,2024,440115632,2,9,0,5,4,8,0,1,0,0,0,0,1,1,6,1,-1,-1,-1,-1,-1,-1,-1,-1,-1,0
Unvalidated,2024440115796,2024,440115796,1,9,0,9,3,1,0,6,0,0,0,0,1,1,6,2,71,10,-1,-1,-1,-1,8,1,E01017302,0
Unvalidated,2024440115796,2024,440115796,2,1,0,18,1,5,0,8,0,0,0,0,4,1,6,2,67,10,-1,-1,-1,-1,8,1,E01017301,0
Unvalidated,2024440116341,2024,440116341,1,8,0,9,4,2,0,6,0,0,0,0,3,1,1,1,-1,-1,-1,-1,-1,-1,-1,-1,-1,0
Unvalidated,2024440116341,2024,440116341,2,9,0,18,2,6,0,8,0,0,0,0,1,1,6,3,-1,-1,-1,-1,-1,-1,-1,-1,-1,0
Unvalidated,2024440116585,2024,440116585,1,9,0,7,1,3,0,8,0,0,0,0,1,1,6,2,52,8,-1,-1,-1,-1,8,1,E01017057,0
Unvalidated,2024440116585,2024,440116585,2,1,0,18,7,4,0,8,0,0,0,0,4,1,6,1,10,2,-1,-1,-1,-1,2,1,E01017117,0
Unvalidated,2024440116843,2024,440116843,1,3,0,18,8,4,0,0,0,0,0,0,1,1,6,1,19,4,-1,-1,-1,-1,4,2,E01017370,0
Unvalidated,2024440116913,2024,440116913,1,9,0,18,7,3,9,2,0,0,1,0,1,1,6,2,28,6,-1,-1,-1,-1,2,1,E01017345,0
Unvalidated,2024440117288,2024,440117288,1,9,0,5,5,1,0,6,0,0,0,0,1,1,6,1,28,6,-1,-1,-1,-1,9,1,E01030890,0
Unvalidated,2024440117288,2024,440117288,2,19,0,18,2,6,0,8,0,0,4,6,4,1,1,1,38,7,-1,-1,-1,-1,9,1,E01030890,0
Unvalidated,2024440117349,2024,440117349,1,9,4,18,4,8,0,1,0,0,0,0,1,1,6,1,52,8,-1,-1,-1,-1,7,3,E01022597,0
Unvalidated,2024440117349,2024,440117349,2,19,0,4,4,8,0,1,0,0,0,0,2,1,2,1,27,6,-1,-1,-1,-1,10,1,E01022608,0
Unvalidated,2024440117518,2024,440117518,1,9,0,18,3,7,0,1,0,0,0,0,4,1,6,3,-1,-1,-1,-1,-1,-1,-1,-1,-1,0
Unvalidated,2024440118032,2024,440118032,1,3,0,3,7,3,0,1,0,0,0,0,2,1,2,2,33,6,-1,-1,-1,-1,1,1,E01017280,0
Unvalidated,2024440118032,2024,440118032,2,9,0,4,7,3,0,1,0,0,0,0,1,1,6,1,-1,-1,-1,-1,-1,-1,-1,-1,-1,0
Unvalidated,2024440118673,2024,440118673,1,1,0,18,4,8,0,0,0,0,0,0,1,1,6,1,33,6,-1,-1,-1,-1,-1,-1,-1,0
Unvalidated,2024440118673,2024,440118673,2,19,0,1,8,6,0,0,0,0,0,0,2,1,2,1,53,8,-1,-1,-1,-1,4,1,E01017203,0
Unvalidated,2024440118878,2024,440118878,1,9,0,4,1,5,0,1,0,0,0,0,2,1,2,1,58,9,-1,-1,-1,-1,2,1,E01017253,0
Unvalidated,2024440118878,2024,440118878,2,9,0,5,1,5,0,1,0,0,0,0,1,1,6,1,-1,-1,-1,-1,-1,-1,-1,-1,-1,0
Unvalidated,2024440118957,2024,440118957,1,9,0,18,2,6,0,1,0,0,0,0,4,1,2,1,49,8,-1,-1,-1,-1,1,1,E01022933,0
Unvalidated,2024440119196,2024,440119196,1,9,0,18,1,5,0,8,0,0,0,0,4,1,6,2,63,9,-1,-1,-1,-1,6,3,W01000496,0
Unvalidated,2024440119196,2024,440119196,2,9,0,12,1,5,0,7,0,0,0,0,3,1,6,1,18,4,-1,-1,-1,-1,8,1,E01022652,0
Unvalidated,2024440119208,2024,440119208,1,9,0,17,5,2,0,0,0,0,1,4,1,1,6,2,31,6,-1,-1,-1,-1,-1,-1,-1,0
Unvalidated,2024440119469,2024,440119469,1,23,0,3,8,4,0,1,0,0,0,0,2,1,2,1,24,5,-1,-1,-1,-1,1,1,E01017040,0
Unvalidated,2024440119469,2024,440119469,2,9,0,5,8,4,0,1,0,0,0,0,1,1,6,3,-1,-1,-1,-1,-1,-1,-1,-1,-1,0
Unvalidated,2024440119573,2024,440119573,1,9,0,17,1,6,0,0,0,0,0,0,3,1,3,2,46,8,-1,-1,-1,-1,7,1,E01017286,0
Unvalidated,2024440119573,2024,440119573,2,9,0,16,6,1,0,0,0,0,0,0,3,1,6,3,-1,-1,-1,-1,-1,-1,-1,-1,-1,0
Unvalidated,2024440119585,2024,440119585,1,5,0,18,4,8,0,8,0,0,0,0,1,1,6,1,64,9,-1,-1,-1,-1,4,1,E01023260,0
Unvalidated,2024440119585,2024,440119585,2,9,0,5,5,1,0,4,0,0,0,0,3,1,6,2,77,11,-1,-1,-1,-1,10,1,E01023265,0
Unvalidated,2024440119631,2024,440119631,1,90,0,15,5,1,0,0,0,0,0,0,1,1,6,1,44,7,-1,-1,-1,-1,2,1,E01022969,1
Unvalidated,2024440119631,2024,440119631,2,19,0,7,5,7,0,0,0,0,0,0,4,1,6,1,36,7,-1,-1,-1,-1,2,1,E01022900,0
Unvalidated,2024440119831,2024,440119831,1,1,0,18,1,5,0,1,0,0,0,0,1,1,2,1,61,9,-1,-1,-1,-1,8,3,E01022627,0
Unvalidated,2024440120040,2024,440120040,1,9,0,4,1,5,0,2,0,0,0,0,2,1,6,2,27,6,-1,-1,-1,-1,2,1,E01017337,0
Unvalidated,2024440120040,2024,440120040,2,19,0,18,1,5,0,2,0,0,0,0,1,1,2,1,53,8,-1,-1,-1,-1,4,3,E01017290,0
Unvalidated,2024440120605,2024,440120605,1,19,0,12,8,4,0,1,1,0,4,6,3,1,1,1,50,8,-1,-1,-1,-1,2,1,E01017182,0
Unvalidated,2024440120605,2024,440120605,2,9,0,18,8,4,0,1,0,0,0,0,4,1,6,1,43,7,-1,-1,-1,-1,1,1,E01017237,0
Unvalidated,2024440120752,2024,440120752,1,9,0,1,8,4,0,0,0,0,7,10,2,1,6,1,64,9,-1,-1,-1,-1,3,1,E01017244,0
Unvalidated,2024440120799,2024,440120799,1,9,0,18,7,3,0,1,0,0,0,0,1,1,6,1,20,4,-1,-1,-1,-1,1,1,E01017112,0
Unvalidated,2024440120799,2024,440120799,2,9,0,9,1,7,0,6,0,0,0,0,1,1,6,2,71,10,-1,-1,-1,-1,5,1,E01017055,0
Unvalidated,2024440120799,2024,440120799,3,9,0,18,3,7,0,1,0,0,0,0,1,1,6,1,47,8,-1,-1,-1,-1,10,1,E01022972,0
Unvalidated,2024440120799,2024,440120799,4,9,0,18,3,7,0,1,0,0,0,0,3,1,6,1,41,7,-1,-1,-1,-1,10,1,E01022752,0
Unvalidated,2024440120799,2024,440120799,5,9,0,18,3,7,0,1,0,0,0,0,3,1,6,2,39,7,-1,-1,-1,-1,10,1,E01022629,0
Unvalidated,2024440120799,2024,440120799,6,9,0,18,3,7,0,1,0,0,0,0,3,1,6,1,39,7,-1,-1,-1,-1,5,1,E01017055,0
Unvalidated,2024440121131,2024,440121131,1,9,0,13,2,6,0,0,0,0,0,0,4,1,6,1,73,10,-1,-1,-1,-1,4,1,E01017278,0
Unvalidated,2024440121131,2024,440121131,2,1,0,18,2,6,0,0,0,0,0,0,3,1,6,1,42,7,-1,-1,-1,-1,4,1,E01017217,0
Unvalidated,2024440121220,2024,440121220,1,9,0,18,6,2,0,1,0,0,0,0,1,1,6,3,-1,-1,-1,-1,-1,-1,-1,-1,-1,0
Unvalidated,2024440121260,2024,440121260,1,21,0,18,3,7,0,0,0,0,0,0,1,1,1,1,45,7,-1,-1,-1,-1,-1,-1,-1,0
Unvalidated,2024440121260,2024,440121260,2,9,0,3,3,7,0,0,0,0,0,0,2,1,6,2,78,11,-1,-1,-1,-1,4,1,E01022681,0
Unvalidated,2024440121415,2024,440121415,1,9,0,9,7,5,0,8,0,0,0,0,4,1,6,2,35,6,-1,-1,-1,-1,8,3,E01014419,0
Unvalidated,2024440121415,2024,440121415,2,9,0,18,3,7,0,8,0,0,0,0,1,1,6,2,60,9,-1,-1,-1,-1,10,1,E01022663,0
Unvalidated,2024440121590,2024,440121590,1,9,0,9,8,6,0,6,0,0,0,0,4,1,6,1,39,7,-1,-1,-1,-1,3,1,E01017099,0
Unvalidated,2024440121590,2024,440121590,2,9,0,18,6,2,0,8,0,0,0,0,1,1,6,2,30,6,-1,-1,-1,-1,2,1,E01017115,0
Unvalidated,2024440121945,2024,440121945,1,9,0,9,5,3,0,8,0,4,0,0,1,1,2,1,28,6,-1,-1,-1,-1,-1,-1,-1,0
Unvalidated,2024440121945,2024,440121945,2,1,0,18,1,5,0,8,0,0,0,0,1,1,6,1,22,5,-1,-1,-1,-1,4,1,E01017192,0
Unvalidated,2024440121945,2024,440121945,3,9,0,2,0,0,0,1,0,0,0,0,2,1,6,3,-1,-1,-1,-1,-1,-1,-1,-1,-1,0
Unvalidated,2024440122353,2024,440122353,1,19,0,18,4,8,0,0,5,10,1,9,4,1,1,1,36,7,-1,-1,-1,-1,8,1,E01022952,0
Unvalidated,2024440122435,2024,440122435,1,5,0,12,6,2,0,0,0,0,0,0,3,1,6,1,36,7,-1,-1,-1,-1,10,1,E01023242,0
Unvalidated,2024440122435,2024,440122435,2,9,0,18,6,2,0,0,0,0,0,0,4,1,1,1,45,7,-1,-1,-1,-1,8,1,E01032002,0
Unvalidated,2024440122453,2024,440122453,1,9,0,3,4,8,0,0,0,0,0,0,2,1,6,1,36,7,-1,-1,-1,-1,8,1,E01017056,0
Unvalidated,2024440122453,2024,440122453,2,9,0,4,4,8,0,0,0,0,0,0,1,1,6,2,-1,-1,-1,-1,-1,-1,-1,-1,-1,0
Unvalidated,2024440122480,2024,440122480,1,9,0,5,8,4,0,4,0,0,0,0,3,1,3,1,41,7,-1,-1,-1,-1,8,1,E01015447,0
Unvalidated,2024440122480,2024,440122480,2,1,0,18,6,2,0,8,0,0,0,0,1,1,2,1,31,6,-1,-1,-1,-1,3,1,E01032751,0
Unvalidated,2024440122811,2024,440122811,1,9,0,18,2,6,0,8,0,0,0,0,1,1,6,1,94,11,-1,-1,-1,-1,4,1,E01030433,0
Unvalidated,2024440122811,2024,440122811,2,22,0,18,3,7,0,8,0,0,0,0,3,1,6,1,45,7,-1,-1,-1,-1,3,1,E01023142,0
Unvalidated,2024440123315,2024,440123315,1,9,0,13,2,6,0,0,0,4,0,0,4,1,6,1,22,5,-1,-1,-1,-1,4,1,E01017185,0
Unvalidated,2024440123315,2024,440123315,2,9,0,18,2,6,0,0,0,0,0,0,3,1,6,1,45,7,-1,-1,-1,-1,5,1,E01017209,0
Unvalidated,2024440123315,2024,440123315,3,9,0,2,0,0,0,0,0,0,0,0,4,1,6,3,-1,-1,-1,-1,-1,-1,-1,-1,-1,0
Unvalidated,2024440123316,2024,440123316,1,19,0,5,3,7,0,6,0,0,0,0,3,1,1,1,36,7,-1,-1,-1,-1,7,3,E01020467,0
Unvalidated,2024440123316,2024,440123316,2,9,0,18,8,4,0,1,0,0,0,0,1,1,6,2,95,11,-1,-1,-1,-1,-1,-1,-1,0
Unvalidated,2024440123358,2024,440123358,1,9,0,18,8,4,0,1,0,0,0,0,1,1,6,1,-1,-1,-1,-1,-1,-1,-1,-1,-1,0
Unvalidated,2024440123549,2024,440123549,1,9,0,18,1,5,0,0,0,0,0,0,1,1,1,1,70,10,-1,-1,-1,-1,4,1,E01017110,0
Unvalidated,2024440124065,2024,440124065,1,9,0,18,8,4,0,2,1,0,1,0,3,1,6,1,19,4,-1,-1,-1,-1,7,2,E01022584,0
Unvalidated,2024440124065,2024,440124065,2,9,0,18,4,8,0,1,0,0,0,0,1,1,6,1,44,7,-1,-1,-1,-1,7,2,E01022584,0
Unvalidated,2024440124277,2024,440124277,1,20,0,13,5,1,0,0,0,0,0,0,4,1,6,1,41,7,-1,-1,-1,-1,6,1,E01017016,0
Unvalidated,2024440124277,2024,440124277,2,90,0,18,5,1,0,0,0,0,0,0,3,1,6,1,35,6,-1,-1,-1,-1,3,1,E01017078,1
Unvalidated,2024440124316,2024,440124316,1,9,0,4,1,5,0,0,0,0,0,0,2,1,6,2,34,6,-1,-1,-1,-1,8,1,E01022786,0
Unvalidated,2024440124316,2024,440124316,2,9,0,18,1,5,0,0,0,0,0,0,1,1,6,1,20,4,-1,-1,-1,-1,1,1,E01032882,0
Unvalidated,2024440124352,2024,440124352,1,2,0,18,2,6,0,1,0,0,0,0,4,1,6,2,58,9,-1,-1,-1,-1,3,1,E01022902,0
Unvalidated,2024440124599,2024,440124599,1,9,0,9,4,2,0,6,0,0,0,0,1,1,6,2,31,6,-1,-1,-1,-1,-1,-1,-1,0
Unvalidated,2024440124599,2024,440124599,2,9,0,18,2,6,0,8,0,0,0,0,1,1,6,1,54,8,-1,-1,-1,-1,8,3,E01023195,0
Unvalidated,2024440124607,2024,440124607,1,9,0,18,2,6,0,0,0,0,0,0,1,1,6,1,54,8,-1,-1,-1,-1,8,3,E01023232,0