status,collision_index,collision_year,collision_reference,vehicle_reference,vehicle_type,towing_and_articulation,vehicle_manoeuvre,vehicle_direction_from,vehicle_direction_to,vehicle_location_restricted_lane,junction_location,skidding_and_overturning,hit_object_in_carriageway,vehicle_leaving_carriageway,hit_object_off_carriageway,first_point_of_impact,vehicle_left_hand_drive,journey_purpose_of_driver,sex_of_driver,age_of_driver,age_band_of_driver,engine_capacity_cc,propulsion_code,age_of_vehicle,generic_make_model,driver_imd_decile,driver_home_area_type,lsoa_of_driver,escooter_flag
Unvalidated,2024440124607,2024,440124607,2,90,0,18,8,4,0,0,0,0,0,0,4,1,6,1,12,3,-1,-1,-1,-1,3,1,E01022899,1
Unvalidated,2024440124635,2024,440124635,1,9,0,18,2,6,0,0,1,0,2,4,1,1,6,1,25,5,-1,-1,-1,-1,10,1,E01022709,0
Unvalidated,2024440124637,2024,440124637,1,9,0,18,1,5,0,0,0,0,0,0,1,1,6,2,63,9,-1,-1,-1,-1,3,1,E01031483,0
Unvalidated,2024440124637,2024,440124637,2,9,0,4,1,5,0,0,0,0,0,0,2,1,6,2,25,5,-1,-1,-1,-1,6,1,E01022614,0
Unvalidated,2024440124656,2024,440124656,1,9,0,5,0,5,0,2,0,0,0,0,1,1,6,3,-1,-1,-1,-1,-1,-1,-1,-1,-1,0
Unvalidated,2024440124981,2024,440124981,1,90,0,9,5,1,0,8,0,0,0,0,1,1,6,2,14,3,-1,-1,-1,-1,4,1,E01017083,1
Unvalidated,2024440124981,2024,440124981,2,9,0,18,2,6,0,8,0,0,0,0,1,1,6,1,39,7,-1,-1,-1,-1,1,1,E01017077,0
Unvalidated,2024440125251,2024,440125251,1,9,0,18,4,8,0,0,0,0,2,4,1,1,2,1,18,4,-1,-1,-1,-1,8,3,E01023167,0
Unvalidated,2024440125545,2024,440125545,1,9,0,9,6,4,0,8,0,0,0,0,3,1,6,1,59,9,-1,-1,-1,-1,6,1,E01023075,0
Unvalidated,2024440125545,2024,440125545,2,1,0,18,4,8,0,1,0,0,0,0,1,1,6,1,77,11,-1,-1,-1,-1,10,1,E01023073,0
Unvalidated,2024440125673,2024,440125673,1,9,0,13,6,2,0,0,0,0,0,0,2,1,6,1,36,7,-1,-1,-1,-1,6,1,E01023070,0
Unvalidated,2024440125673,2024,440125673,2,4,0,13,6,2,0,0,0,0,0,0,1,1,6,1,74,10,-1,-1,-1,-1,7,1,E01020354,0
Unvalidated,2024440125673,2024,440125673,3,9,0,4,6,2,0,0,0,0,0,0,0,1,6,2,60,9,-1,-1,-1,-1,6,1,E01023071,0
Unvalidated,2024440125792,2024,440125792,1,9,0,18,1,5,0,0,0,0,0,0,1,1,6,1,79,11,-1,-1,-1,-1,6,1,E01022941,0
Unvalidated,2024440125792,2024,440125792,2,9,0,18,5,1,0,0,0,0,0,0,1,1,6,1,54,8,-1,-1,-1,-1,6,1,E01022940,0
Unvalidated,2024440125860,2024,440125860,1,9,0,18,7,3,0,1,0,0,0,0,1,1,6,1,-1,-1,-1,-1,-1,-1,4,2,E01031859,0
Unvalidated,2024440125860,2024,440125860,2,9,0,3,7,3,0,1,0,0,0,0,2,1,6,2,35,6,-1,-1,-1,-1,10,1,E01033050,0
Unvalidated,2024440125871,2024,440125871,1,9,0,5,4,8,0,6,0,0,3,4,1,1,6,1,81,11,-1,-1,-1,-1,10,1,E01022709,0
Unvalidated,2024440125871,2024,440125871,2,9,0,18,2,6,0,8,0,0,0,0,4,1,6,1,50,8,-1,-1,-1,-1,9,2,E01023227,0
Unvalidated,2024440126036,2024,440126036,1,9,0,5,5,1,0,6,0,0,0,0,1,1,6,2,-1,-1,-1,-1,-1,-1,-1,-1,-1,0
Unvalidated,2024440126036,2024,440126036,2,1,0,18,3,7,0,8,0,0,0,0,4,1,6,1,62,9,-1,-1,-1,-1,7,1,E01023113,0
Unvalidated,2024440126209,2024,440126209,1,9,0,18,1,0,0,0,0,0,1,7,4,1,2,1,33,6,-1,-1,-1,-1,8,2,E01023049,0
Unvalidated,2024440126250,2024,440126250,1,9,0,9,1,7,0,5,0,0,0,0,1,1,6,1,47,8,-1,-1,-1,-1,7,3,E01023184,0
Unvalidated,2024440126354,2024,440126354,1,19,0,18,3,7,0,8,0,0,0,0,4,1,6,1,38,7,-1,-1,-1,-1,6,1,E01022814,0
Unvalidated,2024440126354,2024,440126354,2,9,0,18,5,1,0,4,0,0,0,0,1,1,6,1,39,7,-1,-1,-1,-1,6,1,E01032884,0
Unvalidated,2024440126579,2024,440126579,1,19,0,12,6,2,0,7,0,0,0,0,1,1,1,1,57,9,-1,-1,-1,-1,-1,-1,-1,0
Unvalidated,2024440126579,2024,440126579,2,9,0,18,6,2,0,8,0,0,1,7,2,1,2,1,63,9,-1,-1,-1,-1,9,2,E01023227,0
Unvalidated,2024440126582,2024,440126582,1,90,0,18,5,1,9,2,1,0,0,0,4,1,6,1,43,7,-1,-1,-1,-1,6,1,E01022939,1
Unvalidated,2024440126596,2024,440126596,1,1,0,18,6,2,0,8,0,0,0,0,3,1,6,1,44,7,-1,-1,-1,-1,10,1,E01022605,0
Unvalidated,2024440126596,2024,440126596,2,9,0,9,2,8,0,8,0,0,0,0,1,1,6,2,63,9,-1,-1,-1,-1,5,1,E01022579,0
Unvalidated,2024440126708,2024,440126708,1,19,0,16,2,6,0,0,1,0,0,0,1,1,1,1,47,8,-1,-1,-1,-1,7,1,E01017584,0
Unvalidated,2024440126708,2024,440126708,2,19,0,17,6,2,0,0,0,0,1,1,1,1,2,1,52,8,-1,-1,-1,-1,7,2,E01023223,0
Unvalidated,2024440126806,2024,440126806,1,9,0,15,3,7,0,0,0,0,0,0,3,1,6,1,38,7,-1,-1,-1,-1,10,3,E01020380,0
Unvalidated,2024440126806,2024,440126806,2,4,0,15,3,7,0,0,0,0,0,0,1,1,6,2,29,6,-1,-1,-1,-1,2,1,E01017219,0
Unvalidated,2024440127008,2024,440127008,1,9,0,18,1,5,0,8,0,0,1,10,1,1,6,2,19,4,-1,-1,-1,-1,-1,-1,-1,0
Unvalidated,2024440127377,2024,440127377,1,1,0,18,1,5,0,2,0,0,0,0,1,1,6,1,-1,-1,-1,-1,-1,-1,-1,-1,-1,0
Unvalidated,2024440127529,2024,440127529,1,9,0,1,1,5,0,0,0,0,0,0,2,1,1,1,-1,-1,-1,-1,-1,-1,-1,-1,-1,0
Unvalidated,2024440127820,2024,440127820,1,9,0,18,6,2,0,0,0,0,6,0,1,1,6,1,89,11,-1,-1,-1,-1,6,1,E01022911,0
Unvalidated,2024440127820,2024,440127820,2,9,0,18,2,6,0,0,0,0,0,0,1,1,6,2,42,7,-1,-1,-1,-1,10,1,E01022750,0
Unvalidated,2024440128450,2024,440128450,1,1,0,18,4,8,0,8,0,0,0,0,3,1,6,1,30,6,-1,-1,-1,-1,4,1,E01017160,0
Unvalidated,2024440128450,2024,440128450,2,9,0,5,2,6,0,6,0,0,0,0,1,1,6,2,55,8,-1,-1,-1,-1,-1,-1,-1,0
Unvalidated,2024440128532,2024,440128532,1,9,0,9,5,3,0,8,0,0,0,0,4,1,6,2,32,6,-1,-1,-1,-1,3,1,E01023145,0
Unvalidated,2024440128543,2024,440128543,1,1,0,18,4,8,0,1,0,0,0,0,3,1,6,1,16,4,-1,-1,-1,-1,6,1,E01022941,0
Unvalidated,2024440128543,2024,440128543,2,9,0,5,2,6,0,6,0,0,0,0,1,1,6,2,39,7,-1,-1,-1,-1,4,1,E01022936,0
Unvalidated,2024440128855,2024,440128855,1,21,0,4,7,3,0,0,0,0,0,0,2,1,1,1,23,5,-1,-1,-1,-1,9,1,E01022983,0
Unvalidated,2024440128855,2024,440128855,2,9,0,18,7,3,0,0,0,0,0,0,1,1,6,2,37,7,-1,-1,-1,-1,3,1,E01023058,0
Unvalidated,2024440128880,2024,440128880,1,9,0,18,1,5,0,1,5,0,2,4,1,1,6,1,44,7,-1,-1,-1,-1,9,2,E01017352,0
Unvalidated,2024440128984,2024,440128984,1,9,0,9,6,4,0,8,0,0,0,0,4,1,6,1,36,7,-1,-1,-1,-1,8,3,E01022887,0
Unvalidated,2024440128984,2024,440128984,2,9,0,18,2,6,0,1,0,0,0,0,1,1,6,2,72,10,-1,-1,-1,-1,6,2,E01022880,0
Unvalidated,2024440129187,2024,440129187,1,9,0,18,3,7,0,0,0,0,0,0,1,1,6,1,-1,-1,-1,-1,-1,-1,-1,-1,-1,0
Unvalidated,2024440129303,2024,440129303,1,9,0,6,8,8,0,0,0,0,0,0,3,1,1,1,37,7,-1,-1,-1,-1,9,1,E01023003,0
Unvalidated,2024440129303,2024,440129303,2,5,0,14,8,4,0,0,0,0,0,0,1,1,6,1,33,6,-1,-1,-1,-1,6,1,E01023028,0
Unvalidated,2024440129353,2024,440129353,1,9,0,18,7,3,0,1,0,0,0,0,1,1,6,2,40,7,-1,-1,-1,-1,8,1,E01032002,0
Unvalidated,2024440129439,2024,440129439,1,3,0,18,6,2,0,1,1,0,0,0,1,1,6,1,18,4,-1,-1,-1,-1,7,3,E01023224,0
Unvalidated,2024440129439,2024,440129439,2,9,0,9,3,2,0,8,0,0,0,0,4,1,6,2,39,7,-1,-1,-1,-1,6,1,E01017016,0
Unvalidated,2024440129571,2024,440129571,1,9,0,10,4,2,0,8,0,0,0,0,4,1,6,2,20,4,-1,-1,-1,-1,-1,-1,-1,0
Unvalidated,2024440129571,2024,440129571,2,9,0,18,6,2,0,1,0,0,0,0,1,1,6,1,-1,-1,-1,-1,-1,-1,-1,-1,-1,0
Unvalidated,2024440129851,2024,440129851,1,9,0,18,6,2,0,0,5,10,1,4,4,1,6,1,24,5,-1,-1,-1,-1,10,1,E01022863,0
Unvalidated,2024440129934,2024,440129934,1,9,0,18,4,8,0,0,0,0,0,0,1,1,6,2,63,9,-1,-1,-1,-1,8,1,E01023808,0
Unvalidated,2024440129934,2024,440129934,2,9,0,4,4,8,0,0,0,0,0,0,2,1,6,2,59,9,-1,-1,-1,-1,8,3,E01023178,0
Unvalidated,2024440130195,2024,440130195,1,9,0,18,4,8,0,0,0,4,0,0,1,1,6,2,27,6,-1,-1,-1,-1,7,3,E01023198,0
Unvalidated,2024440130195,2024,440130195,2,9,0,2,0,0,0,0,0,0,0,0,1,1,6,3,-1,-1,-1,-1,-1,-1,-1,-1,-1,0
Unvalidated,2024440130302,2024,440130302,1,9,0,9,5,2,0,6,0,0,0,0,1,1,6,1,58,9,-1,-1,-1,-1,10,1,E01022696,0
Unvalidated,2024440130302,2024,440130302,2,9,0,9,1,6,0,6,0,0,0,0,1,1,6,2,59,9,-1,-1,-1,-1,6,1,E01022677,0
Unvalidated,2024440130527,2024,440130527,1,9,0,3,3,7,0,0,0,0,0,0,2,1,6,1,29,6,-1,-1,-1,-1,9,1,E01022857,0
Unvalidated,2024440130527,2024,440130527,2,9,0,18,3,7,0,0,0,0,1,4,1,1,6,1,39,7,-1,-1,-1,-1,8,1,E01015332,0
Unvalidated,2024440130789,2024,440130789,1,9,0,9,8,6,0,8,0,0,0,0,1,1,6,2,66,10,-1,-1,-1,-1,9,1,E01022766,0
Unvalidated,2024440130872,2024,440130872,1,1,0,9,8,6,0,8,0,0,0,0,1,1,6,2,15,3,-1,-1,-1,-1,2,1,E01017133,0
Unvalidated,2024440130872,2024,440130872,2,90,0,18,6,2,0,1,0,0,0,0,1,1,6,3,-1,-1,-1,-1,-1,-1,-1,-1,-1,1
Unvalidated,2024440130959,2024,440130959,1,19,0,3,8,4,0,1,0,0,0,0,2,1,2,1,61,9,-1,-1,-1,-1,4,2,E01022711,0
Unvalidated,2024440130959,2024,440130959,2,9,0,5,8,4,0,1,0,0,0,0,1,1,6,2,-1,-1,-1,-1,-1,-1,-1,-1,-1,0
Unvalidated,2024440131007,2024,440131007,1,9,0,18,6,2,0,0,0,0,0,0,1,1,6,1,85,11,-1,-1,-1,-1,4,3,E01017290,0
Unvalidated,2024440131140,2024,440131140,1,9,0,5,2,6,0,8,1,0,0,0,1,1,6,1,80,11,-1,-1,-1,-1,4,1,E01017339,0
Unvalidated,2024440131140,2024,440131140,2,9,0,18,7,3,0,8,0,0,0,0,1,1,6,1,22,5,-1,-1,-1,-1,7,2,E01017285,0
Unvalidated,2024440131190,2024,440131190,1,3,0,18,7,3,0,2,1,0,0,0,0,1,6,1,19,4,-1,-1,-1,-1,8,1,E01003428,0
Unvalidated,2024440132108,2024,440132108,1,9,0,4,2,6,0,0,0,0,0,0,2,1,6,1,22,5,-1,-1,-1,-1,3,1,E01017267,0
Unvalidated,2024440132108,2024,440132108,2,19,0,18,2,6,0,0,0,0,0,0,1,1,2,1,48,8,-1,-1,-1,-1,-1,-1,-1,0
Unvalidated,2024440132108,2024,440132108,3,19,0,18,2,6,0,0,0,0,0,0,1,1,2,1,29,6,-1,-1,-1,-1,7,1,E01022777,0
Unvalidated,2024440132199,2024,440132199,1,3,0,3,4,8,0,1,0,0,0,0,1,1,1,1,28,6,-1,-1,-1,-1,1,1,E01033383,0
Unvalidated,2024440132199,2024,440132199,2,19,0,1,8,4,0,1,0,0,0,0,2,1,6,1,-1,-1,-1,-1,-1,-1,-1,-1,-1,0
Unvalidated,2024440132299,2024,440132299,1,9,0,18,2,6,0,0,0,0,1,9,4,1,6,2,60,9,-1,-1,-1,-1,2,1,E01026177,0
Unvalidated,2024440132499,2024,440132499,1,9,0,16,5,8,0,1,0,0,0,0,1,1,1,1,67,10,-1,-1,-1,-1,8,2,E01023234,0
Unvalidated,2024440132499,2024,440132499,2,9,0,17,8,5,0,1,0,0,0,0,1,1,1,1,18,4,-1,-1,-1,-1,10,1,E01022750,0
Unvalidated,2024440132707,2024,440132707,1,9,0,9,5,3,0,8,0,0,0,0,1,1,6,2,27,6,-1,-1,-1,-1,9,1,E01023186,0
Unvalidated,2024440132707,2024,440132707,2,9,0,18,1,5,0,8,0,0,0,0,3,1,2,2,26,6,-1,-1,-1,-1,-1,-1,-1,0
Unvalidated,2024440132825,2024,440132825,1,9,0,18,4,8,0,1,0,0,0,0,4,1,6,2,74,10,-1,-1,-1,-1,10,1,E01022773,0
Unvalidated,2024440133394,2024,440133394,1,9,0,4,8,4,0,0,0,0,0,0,2,1,6,2,67,10,-1,-1,-1,-1,9,1,E01016788,0
Unvalidated,2024440133394,2024,440133394,2,9,0,18,8,4,0,0,0,0,0,0,1,1,6,3,-1,-1,-1,-1,-1,-1,-1,-1,-1,0
Unvalidated,2024440133394,2024,440133394,3,9,0,4,8,4,0,0,0,0,0,0,2,1,6,1,-1,-1,-1,-1,-1,-1,-1,-1,-1,0
Unvalidated,2024440133521,2024,440133521,1,9,0,9,4,2,0,5,0,0,0,0,4,1,6,2,66,10,-1,-1,-1,-1,10,1,E01022863,0
Unvalidated,2024440133521,2024,440133521,2,5,0,18,8,4,0,1,0,0,0,0,1,1,6,1,51,8,-1,-1,-1,-1,10,1,E01022873,0
Unvalidated,2024440133533,2024,440133533,1,9,0,18,8,4,0,0,0,0,0,0,1,1,6,1,19,4,-1,-1,-1,-1,10,2,E01023222,0
Unvalidated,2024440133533,2024,440133533,2,9,0,4,8,4,0,0,0,0,0,0,2,1,6,2,38,7,-1,-1,-1,-1,10,3,E01022606,0
Unvalidated,2024440133574,2024,440133574,1,9,0,9,3,1,0,8,0,0,0,0,3,1,6,2,25,5,-1,-1,-1,-1,8,1,E01024057,0
Unvalidated,2024440133574,2024,440133574,2,9,0,4,3,7,0,1,0,0,0,0,0,1,6,1,37,7,-1,-1,-1,-1,5,1,E01023262,0
Unvalidated,2024440133574,2024,440133574,3,9,0,18,3,7,0,1,0,0,0,0,1,1,6,1,37,7,-1,-1,-1,-1,5,1,E01023262,0
Unvalidated,2024440133574,2024,440133574,4,9,0,3,1,5,0,1,0,0,0,0,3,1,6,1,58,9,-1,-1,-1,-1,6,1,E01028559,0
Unvalidated,2024440133574,2024,440133574,5,9,0,18,7,3,0,1,0,0,0,0,1,1,6,2,59,9,-1,-1,-1,-1,9,3,E01023246,0
Unvalidated,2024440133578,2024,440133578,1,9,0,18,1,5,0,2,0,0,0,0,3,1,6,1,54,8,-1,-1,-1,-1,2,1,E01032878,0
Unvalidated,2024440133578,2024,440133578,2,1,0,18,7,3,0,2,0,0,0,0,1,1,6,1,9,2,-1,-1,-1,-1,3,1,E01022811,0
Unvalidated,2024440133762,2024,440133762,1,9,0,18,8,4,0,0,2,0,1,9,4,1,6,1,17,4,-1,-1,-1,-1,8,1,E01023215,0
Unvalidated,2024440133847,2024,440133847,1,9,0,2,0,0,0,0,0,0,0,0,2,1,6,1,44,7,-1,-1,-1,-1,-1,-1,-1,0
Unvalidated,2024440133847,2024,440133847,2,9,0,18,7,3,0,0,0,0,0,0,1,1,6,1,60,9,-1,-1,-1,-1,6,1,E01023121,0
Unvalidated,2024440133980,2024,440133980,1,3,0,4,4,8,0,1,0,0,0,0,3,1,6,1,25,5,-1,-1,-1,-1,1,1,E01017031,0
Unvalidated,2024440133980,2024,440133980,2,9,0,18,4,8,0,1,0,0,0,0,4,1,6,1,-1,-1,-1,-1,-1,-1,-1,-1,-1,0
Unvalidated,2024440134490,2024,440134490,1,9,0,18,2,6,0,2,0,0,0,0,1,1,6,1,62,9,-1,-1,-1,-1,3,1,E01017348,0
Unvalidated,2024440134490,2024,440134490,2,1,0,18,8,4,0,1,0,0,0,0,4,1,6,1,57,9,-1,-1,-1,-1,4,1,E01017319,0
Unvalidated,2024440134516,2024,440134516,1,9,0,7,3,5,0,5,0,0,0,0,4,1,6,1,39,7,-1,-1,-1,-1,10,1,E01022793,0
Unvalidated,2024440134516,2024,440134516,2,1,0,18,3,7,0,1,0,0,0,0,1,1,6,1,52,8,-1,-1,-1,-1,9,1,E01022837,0
Unvalidated,2024440134610,2024,440134610,1,9,0,9,6,4,0,8,0,0,0,0,1,1,6,1,21,5,-1,-1,-1,-1,4,1,E01017339,0
Unvalidated,2024440134610,2024,440134610,2,9,0,18,4,8,0,8,0,0,0,0,1,1,6,2,32,6,-1,-1,-1,-1,3,1,E01017335,0
Unvalidated,2024440134614,2024,440134614,1,9,0,18,1,5,0,0,0,0,0,0,1,1,6,2,27,6,-1,-1,-1,-1,9,2,E01022617,0
Unvalidated,2024440134647,2024,440134647,1,9,0,3,2,6,0,1,0,0,0,0,2,1,6,2,33,6,-1,-1,-1,-1,9,1,E01022717,0
Unvalidated,2024440134647,2024,440134647,2,9,0,18,2,6,0,1,0,0,0,0,1,1,6,1,42,7,-1,-1,-1,-1,8,1,E01022703,0
Unvalidated,2024440134674,2024,440134674,1,1,0,18,2,6,0,1,0,0,0,0,1,1,6,1,32,6,-1,-1,-1,-1,6,1,E01017142,0
Unvalidated,2024440134674,2024,440134674,2,9,0,5,4,8,0,1,0,0,0,0,3,1,6,3,-1,-1,-1,-1,-1,-1,-1,-1,-1,0
Unvalidated,2024440135473,2024,440135473,1,8,0,18,4,8,0,8,0,0,0,0,1,1,1,1,61,9,-1,-1,-1,-1,3,1,E01030793,0
Unvalidated,2024440135473,2024,440135473,2,9,0,9,6,4,0,6,1,10,1,0,3,1,6,1,18,4,-1,-1,-1,-1,10,1,E01032853,0
Unvalidated,2024440135496,2024,440135496,1,90,0,14,2,6,0,0,0,0,0,0,4,1,6,1,46,8,-1,-1,-1,-1,10,1,E01022643,1
Unvalidated,2024440135496,2024,440135496,2,9,0,2,0,0,0,0,0,0,0,0,3,1,6,3,-1,-1,-1,-1,-1,-1,-1,-1,-1,0
Unvalidated,2024440135570,2024,440135570,1,9,0,18,7,3,0,0,1,0,1,4,4,1,6,1,19,4,-1,-1,-1,-1,-1,-1,-1,0
Unvalidated,2024440135652,2024,440135652,1,9,0,11,4,8,0,0,1,0,5,6,2,1,6,2,27,6,-1,-1,-1,-1,7,1,E01031421,0
Unvalidated,2024440135652,2024,440135652,2,9,0,18,4,8,0,0,2,0,5,6,1,1,6,1,58,9,-1,-1,-1,-1,3,1,E01022901,0
Unvalidated,2024440135884,2024,440135884,1,3,0,18,1,5,0,2,0,0,0,0,0,1,6,1,20,4,-1,-1,-1,-1,3,1,E01023256,0
Unvalidated,2024440136204,2024,440136204,1,9,0,18,8,4,0,8,0,0,0,0,4,1,6,2,46,8,-1,-1,-1,-1,1,1,E01017237,0
Unvalidated,2024440136204,2024,440136204,2,9,0,5,2,6,0,8,0,0,0,0,1,1,6,1,-1,-1,-1,-1,-1,-1,-1,-1,-1,0
Unvalidated,2024440136274,2024,440136274,1,9,0,18,5,1,0,0,1,0,2,7,1,1,6,1,23,5,-1,-1,-1,-1,7,1,E01000574,0
Unvalidated,2024440136539,2024,440136539,1,9,0,18,2,6,0,0,0,0,0,0,1,1,6,1,18,4,-1,-1,-1,-1,-1,-1,-1,0
Unvalidated,2024440136698,2024,440136698,1,1,0,18,4,8,0,2,0,0,0,0,0,1,6,1,54,8,-1,-1,-1,-1,8,1,E01022562,0
Unvalidated,2024440136835,2024,440136835,1,9,0,17,4,1,0,0,0,0,7,9,1,1,6,2,51,8,-1,-1,-1,-1,10,1,E01022977,0
Unvalidated,2024440136840,2024,440136840,1,9,0,18,8,4,0,0,5,0,0,0,1,1,6,1,28,6,-1,-1,-1,-1,-1,2,-1,0
Unvalidated,2024440136914,2024,440136914,1,9,0,17,4,2,0,1,1,0,0,0,1,1,6,2,35,6,-1,-1,-1,-1,9,1,E01022494,0
Unvalidated,2024440136914,2024,440136914,2,9,0,16,2,4,0,2,1,0,0,0,1,1,6,2,27,6,-1,-1,-1,-1,5,1,E01016416,0
Unvalidated,2024440137037,2024,440137037,1,9,0,10,6,4,0,1,0,0,0,0,2,1,6,1,42,7,-1,-1,-1,-1,10,1,E01022974,0
Unvalidated,2024440137037,2024,440137037,2,19,0,18,6,2,0,1,0,0,0,0,1,1,6,1,22,5,-1,-1,-1,-1,9,1,E01022930,0
Unvalidated,2024440137144,2024,440137144,1,9,0,18,3,7,0,0,0,0,7,4,1,1,6,1,52,8,-1,-1,-1,-1,10,1,E01023210,0
Unvalidated,2024440137144,2024,440137144,2,9,0,18,7,3,0,0,1,0,0,0,1,1,6,1,57,9,-1,-1,-1,-1,-1,-1,-1,0
Unvalidated,2024440137686,2024,440137686,1,9,0,3,7,3,0,0,0,0,0,0,2,1,6,2,48,8,-1,-1,-1,-1,1,1,E01017163,0
Unvalidated,2024440137686,2024,440137686,2,9,0,18,7,3,0,0,0,0,0,0,1,1,6,1,57,9,-1,-1,-1,-1,6,1,E01022715,0
Unvalidated,2024440137756,2024,440137756,1,90,0,9,8,6,0,6,0,0,0,0,3,1,1,1,59,9,-1,-1,-1,-1,10,1,E01032097,0
Unvalidated,2024440137756,2024,440137756,2,9,0,18,6,2,0,1,0,0,0,0,1,1,6,1,29,6,-1,-1,-1,-1,6,1,E01023216,0
Unvalidated,2024440137842,2024,440137842,1,9,0,17,1,6,0,8,1,0,0,0,4,1,6,1,19,4,-1,-1,-1,-1,10,1,E01031984,0
Unvalidated,2024440138402,2024,440138402,1,9,0,18,5,1,0,0,0,0,7,9,4,1,6,1,19,4,-1,-1,-1,-1,9,1,E01022783,0
Unvalidated,2024440138421,2024,440138421,1,9,0,3,8,4,0,1,0,0,0,0,2,1,6,2,32,6,-1,-1,-1,-1,4,1,E01017135,0
Unvalidated,2024440138421,2024,440138421,2,3,0,18,8,4,0,1,0,0,0,0,1,1,6,1,-1,-1,-1,-1,-1,-1,-1,-1,-1,0
Unvalidated,2024440138642,2024,440138642,1,19,0,18,4,8,0,0,0,0,0,0,1,1,6,1,21,5,-1,-1,-1,-1,8,3,E01023232,0
Unvalidated,2024440138642,2024,440138642,2,9,0,18,8,4,0,0,0,0,0,0,1,1,6,1,72,10,-1,-1,-1,-1,8,1,E01022628,0
Unvalidated,2024440139437,2024,440139437,1,19,0,16,5,8,0,1,0,0,0,0,1,1,6,1,60,9,-1,-1,-1,-1,4,1,E01022723,0
Unvalidated,2024440139437,2024,440139437,2,19,0,17,8,5,0,1,0,0,0,0,1,1,1,1,24,5,-1,-1,-1,-1,10,1,E01022683,0
Unvalidated,2024440140180,2024,440140180,1,9,0,5,7,3,0,6,0,0,0,0,3,1,3,2,31,6,-1,-1,-1,-1,3,1,E01017107,0
Unvalidated,2024440140180,2024,440140180,2,9,0,18,5,1,0,1,0,0,0,0,1,1,6,2,43,7,-1,-1,-1,-1,3,1,E01017107,0
Unvalidated,2024440140321,2024,440140321,1,2,0,18,1,5,0,6,0,0,0,0,3,1,6,1,16,4,-1,-1,-1,-1,5,1,E01022800,0
Unvalidated,2024440140321,2024,440140321,2,9,0,18,3,7,0,1,0,0,0,0,1,1,6,1,34,6,-1,-1,-1,-1,-1,-1,-1,0
Unvalidated,2024440141038,2024,440141038,1,9,0,1,3,7,0,0,0,0,0,0,2,1,1,1,-1,-1,-1,-1,-1,-1,-1,-1,-1,0
Unvalidated,2024440141427,2024,440141427,1,9,0,1,8,4,0,1,0,0,0,0,2,1,2,2,52,8,-1,-1,-1,-1,9,1,E01023064,0
Unvalidated,2024440141427,2024,440141427,2,1,0,18,4,8,0,2,0,0,0,0,1,1,6,1,43,7,-1,-1,-1,-1,4,1,E01023068,0
Unvalidated,2024440141494,2024,440141494,1,9,0,18,2,6,0,1,0,0,0,0,1,1,6,1,22,5,-1,-1,-1,-1,1,1,E01027339,0
Unvalidated,2024440141494,2024,440141494,2,9,0,3,2,6,0,1,0,0,0,0,2,1,6,2,27,6,-1,-1,-1,-1,10,1,E01022518,0
Unvalidated,2024440141494,2024,440141494,3,9,0,3,2,6,0,1,0,0,0,0,2,1,6,2,26,6,-1,-1,-1,-1,9,1,E01023182,0
Unvalidated,2024440141631,2024,440141631,1,9,0,3,6,2,0,1,0,0,0,0,2,1,6,2,61,9,-1,-1,-1,-1,-1,-1,-1,0
Unvalidated,2024440141631,2024,440141631,2,98,0,18,6,2,0,1,0,0,0,0,1,1,1,1,-1,-1,-1,-1,-1,-1,-1,-1,-1,0
Unvalidated,2024440141659,2024,440141659,1,9,0,1,1,5,0,0,0,4,1,10,2,1,6,2,81,11,-1,-1,-1,-1,-1,-1,-1,0
Unvalidated,2024440141659,2024,440141659,2,9,0,2,0,0,0,0,0,0,0,0,1,1,6,3,-1,-1,-1,-1,-1,-1,-1,-1,-1,0
Unvalidated,2024440141711,2024,440141711,1,9,0,3,7,3,0,2,0,0,0,0,2,1,6,2,56,9,-1,-1,-1,-1,8,3,E01022997,0
Unvalidated,2024440141711,2024,440141711,2,9,0,18,7,3,0,2,0,0,0,0,1,1,6,1,41,7,-1,-1,-1,-1,6,1,E01023081,0
Unvalidated,2024440141977,2024,440141977,1,19,0,13,3,7,0,1,0,10,7,0,1,1,6,1,-1,-1,-1,-1,-1,-1,-1,-1,-1,0
Unvalidated,2024440141977,2024,440141977,2,19,0,9,3,1,0,5,0,0,0,0,3,1,2,1,24,5,-1,-1,-1,-1,4,1,E01022568,0
Unvalidated,2024440142069,2024,440142069,1,9,0,5,5,1,0,0,0,0,0,0,3,1,6,2,58,9,-1,-1,-1,-1,6,1,E01017355,0
Unvalidated,2024440142069,2024,440142069,2,9,0,18,5,1,0,0,0,0,0,0,1,1,6,1,-1,-1,-1,-1,-1,-1,-1,-1,-1,0
Unvalidated,2024440142152,2024,440142152,1,9,0,17,6,3,0,1,1,10,1,9,1,1,6,1,17,4,-1,-1,-1,-1,10,1,E01032854,0
Unvalidated,2024440142464,2024,440142464,1,9,0,18,5,1,0,8,0,0,0,0,4,1,6,1,53,8,-1,-1,-1,-1,10,3,E01022596,0
Unvalidated,2024440142464,2024,440142464,2,9,0,18,7,3,0,6,0,0,0,0,1,1,6,3,-1,-1,-1,-1,-1,-1,-1,-1,-1,0
Unvalidated,2024440142580,2024,440142580,1,90,0,18,3,7,0,8,0,0,0,0,1,1,2,2,33,6,-1,-1,-1,-1,4,1,E01017074,1