status,collision_index,collision_year,collision_reference,vehicle_reference,vehicle_type,towing_and_articulation,vehicle_manoeuvre,vehicle_direction_from,vehicle_direction_to,vehicle_location_restricted_lane,junction_location,skidding_and_overturning,hit_object_in_carriageway,vehicle_leaving_carriageway,hit_object_off_carriageway,first_point_of_impact,vehicle_left_hand_drive,journey_purpose_of_driver,sex_of_driver,age_of_driver,age_band_of_driver,engine_capacity_cc,propulsion_code,age_of_vehicle,generic_make_model,driver_imd_decile,driver_home_area_type,lsoa_of_driver,escooter_flag
Unvalidated,2024440142580,2024,440142580,2,19,0,18,5,1,0,4,0,0,0,0,3,1,6,1,57,9,-1,-1,-1,-1,7,1,E01032663,0
Unvalidated,2024440143496,2024,440143496,1,1,0,18,6,2,0,1,0,0,0,0,3,1,6,1,41,7,-1,-1,-1,-1,1,1,E01017274,0
Unvalidated,2024440143496,2024,440143496,2,9,0,13,6,2,0,1,0,0,0,0,4,1,6,1,37,7,-1,-1,-1,-1,7,1,E01017224,0
Unvalidated,2024440143626,2024,440143626,1,9,0,13,4,8,0,0,1,0,0,0,4,1,6,1,18,4,-1,-1,-1,-1,10,1,E01028461,0
Unvalidated,2024440143626,2024,440143626,2,9,0,13,4,8,0,0,1,0,0,0,4,1,6,1,18,4,-1,-1,-1,-1,10,1,E01023040,0
Unvalidated,2024440143626,2024,440143626,3,19,0,18,4,8,0,0,0,0,1,1,3,1,6,1,42,7,-1,-1,-1,-1,2,1,E01022965,0
Unvalidated,2024440143697,2024,440143697,1,9,0,7,6,8,0,6,0,0,0,0,1,1,6,1,41,7,-1,-1,-1,-1,6,1,E01022814,0
Unvalidated,2024440143697,2024,440143697,2,9,0,18,4,8,0,1,0,0,0,0,4,1,2,1,-1,-1,-1,-1,-1,-1,2,1,E01032879,0
Unvalidated,2024440143709,2024,440143709,1,8,0,9,6,5,0,8,0,0,0,0,4,1,1,1,51,8,-1,-1,-1,-1,3,1,E01017227,0
Unvalidated,2024440143709,2024,440143709,2,3,0,18,1,5,0,8,0,0,0,0,1,1,1,1,28,6,-1,-1,-1,-1,4,1,E01017171,0
Unvalidated,2024440143787,2024,440143787,1,9,0,18,5,1,0,0,0,0,0,0,1,1,6,1,28,6,-1,-1,-1,-1,7,1,E01030429,0
Unvalidated,2024440143787,2024,440143787,2,9,0,2,0,0,0,0,0,0,0,0,2,1,6,1,-1,-1,-1,-1,-1,-1,10,1,E01032850,0
Unvalidated,2024440144116,2024,440144116,1,9,0,18,5,1,0,1,0,0,0,0,4,1,6,2,31,6,-1,-1,-1,-1,4,1,E01017295,0
Unvalidated,2024440144116,2024,440144116,2,9,0,5,7,3,0,6,0,0,0,0,1,1,6,2,39,7,-1,-1,-1,-1,7,1,E01017294,0
Unvalidated,2024440144242,2024,440144242,1,9,0,4,6,2,0,2,0,0,0,0,1,1,6,2,51,8,-1,-1,-1,-1,-1,-1,-1,0
Unvalidated,2024440144430,2024,440144430,1,1,0,9,6,4,0,8,0,0,0,0,3,1,2,1,36,7,-1,-1,-1,-1,-1,-1,-1,0
Unvalidated,2024440144430,2024,440144430,2,9,0,18,2,6,0,8,0,0,0,0,3,1,6,2,31,6,-1,-1,-1,-1,-1,-1,-1,0
Unvalidated,2024440144533,2024,440144533,1,9,0,7,8,2,0,5,0,0,0,0,4,1,6,1,37,7,-1,-1,-1,-1,-1,-1,-1,0
Unvalidated,2024440144533,2024,440144533,2,1,0,18,8,4,0,1,0,0,0,0,3,1,2,1,47,8,-1,-1,-1,-1,3,1,E01017127,0
Unvalidated,2024440144571,2024,440144571,1,1,0,18,2,6,0,0,0,0,0,0,3,1,6,1,53,8,-1,-1,-1,-1,9,1,E01022676,0
Unvalidated,2024440144571,2024,440144571,2,9,0,13,2,6,0,0,0,0,0,0,4,1,6,3,-1,-1,-1,-1,-1,-1,-1,-1,-1,0
Unvalidated,2024440144634,2024,440144634,1,3,0,14,4,8,0,1,0,0,0,0,1,1,6,1,17,4,-1,-1,-1,-1,8,1,E01022765,0
Unvalidated,2024440144634,2024,440144634,2,9,0,9,4,2,0,1,0,0,0,0,3,1,6,2,40,7,-1,-1,-1,-1,9,1,E01022830,0
Unvalidated,2024440144969,2024,440144969,1,9,0,9,4,2,0,5,0,0,7,11,1,1,6,1,18,4,-1,-1,-1,-1,2,1,E01017253,0
Unvalidated,2024440145078,2024,440145078,1,9,0,12,2,6,0,0,0,0,0,0,3,1,6,1,73,10,-1,-1,-1,-1,2,1,E01031983,0
Unvalidated,2024440145078,2024,440145078,2,9,0,18,2,6,0,0,0,0,0,0,1,1,6,2,54,8,-1,-1,-1,-1,-1,-1,-1,0
Unvalidated,2024440145316,2024,440145316,1,9,0,14,2,6,0,0,0,4,0,0,1,1,6,2,20,4,-1,-1,-1,-1,7,1,E01022797,0
Unvalidated,2024440145316,2024,440145316,2,9,0,2,0,0,0,0,0,0,1,0,1,1,6,3,-1,-1,-1,-1,-1,-1,-1,-1,-1,0
Unvalidated,2024440145316,2024,440145316,3,19,0,2,0,0,0,0,0,0,0,0,1,1,6,3,-1,-1,-1,-1,-1,-1,-1,-1,-1,0
Unvalidated,2024440145316,2024,440145316,4,9,0,2,0,0,0,0,0,0,0,0,1,1,6,3,-1,-1,-1,-1,-1,-1,-1,-1,-1,0
Unvalidated,2024440145556,2024,440145556,1,9,0,18,5,1,0,0,0,0,1,11,1,1,6,2,73,10,-1,-1,-1,-1,6,1,E01022824,0
Unvalidated,2024440145559,2024,440145559,1,5,0,17,2,6,0,2,1,0,0,0,1,1,6,1,60,9,-1,-1,-1,-1,9,3,E01016230,0
Unvalidated,2024440145638,2024,440145638,1,9,0,18,5,1,0,2,0,0,0,0,3,1,6,1,68,10,-1,-1,-1,-1,10,1,E01022763,0
Unvalidated,2024440145638,2024,440145638,2,9,0,4,1,5,0,1,0,0,0,0,3,1,6,2,37,7,-1,-1,-1,-1,2,1,E01017116,0
Unvalidated,2024440145638,2024,440145638,3,9,0,4,1,5,0,1,0,0,0,0,3,1,6,2,42,7,-1,-1,-1,-1,2,1,E01017117,0
Unvalidated,2024440145643,2024,440145643,1,9,0,4,6,2,0,0,0,0,0,0,2,1,6,1,46,8,-1,-1,-1,-1,2,1,E01017276,0
Unvalidated,2024440145643,2024,440145643,2,9,0,4,6,2,0,0,0,0,0,0,2,1,6,2,18,4,-1,-1,-1,-1,10,2,E01022688,0
Unvalidated,2024440145643,2024,440145643,3,9,0,18,6,2,0,0,0,0,0,0,1,1,6,2,28,6,-1,-1,-1,-1,4,1,E01017137,0
Unvalidated,2024440145643,2024,440145643,4,9,0,4,6,2,0,0,0,0,0,0,2,1,1,1,55,8,-1,-1,-1,-1,9,1,E01022692,0
Unvalidated,2024440145649,2024,440145649,1,19,0,9,8,6,0,1,0,0,0,0,1,1,6,1,25,5,-1,-1,-1,-1,10,1,E01022708,0
Unvalidated,2024440145649,2024,440145649,2,4,0,18,4,8,0,1,0,0,1,0,1,1,6,1,66,10,-1,-1,-1,-1,5,1,E01023151,0
Unvalidated,2024440145880,2024,440145880,1,90,0,18,4,8,9,0,0,0,0,0,1,1,6,1,-1,-1,-1,-1,-1,-1,-1,-1,-1,1
Unvalidated,2024440145903,2024,440145903,1,90,0,18,7,3,0,1,0,0,0,0,0,1,6,1,76,11,-1,-1,-1,-1,5,1,E01022937,1
Unvalidated,2024440146170,2024,440146170,1,1,0,18,8,4,0,0,1,0,0,0,3,1,6,1,14,3,-1,-1,-1,-1,6,1,E01023199,0
Unvalidated,2024440146250,2024,440146250,1,9,0,18,3,7,0,0,0,0,7,4,4,1,6,1,42,7,-1,-1,-1,-1,3,1,E01017325,0
Unvalidated,2024440146261,2024,440146261,1,9,0,18,4,8,0,0,0,0,7,2,1,1,6,1,43,7,-1,-1,-1,-1,10,1,E01023169,0
Unvalidated,2024440146308,2024,440146308,1,9,0,16,8,3,0,0,1,0,2,4,1,1,6,2,27,6,-1,-1,-1,-1,4,1,E01023068,0
Unvalidated,2024440147453,2024,440147453,1,9,0,18,2,6,0,0,0,0,0,0,1,1,2,2,38,7,-1,-1,-1,-1,7,1,E01023179,0
Unvalidated,2024440147595,2024,440147595,1,9,0,9,4,1,0,5,1,0,0,0,4,1,6,1,19,4,-1,-1,-1,-1,8,3,E01023277,0
Unvalidated,2024440147595,2024,440147595,2,19,0,18,8,4,0,1,0,0,0,0,1,1,6,1,67,10,-1,-1,-1,-1,7,1,E01022938,0
Unvalidated,2024440147686,2024,440147686,1,8,0,18,8,4,0,0,0,0,0,0,4,1,1,3,-1,-1,-1,-1,-1,-1,-1,-1,-1,0
Unvalidated,2024440147795,2024,440147795,1,9,0,12,5,1,0,1,0,0,0,0,2,1,6,2,39,7,-1,-1,-1,-1,6,1,E01022925,0
Unvalidated,2024440147795,2024,440147795,2,9,0,18,5,1,0,1,0,0,0,0,1,1,2,1,54,8,-1,-1,-1,-1,6,1,E01017018,0
Unvalidated,2024440147925,2024,440147925,1,9,0,5,6,2,0,8,0,0,0,0,3,1,6,1,18,4,-1,-1,-1,-1,3,1,E01022738,0
Unvalidated,2024440147925,2024,440147925,2,9,0,7,6,1,0,3,0,0,0,0,4,1,6,1,-1,-1,-1,-1,-1,-1,-1,-1,-1,0
Unvalidated,2024440147980,2024,440147980,1,8,0,9,3,1,0,8,0,0,0,0,1,1,1,1,-1,-1,-1,-1,-1,-1,-1,-1,-1,0
Unvalidated,2024440148369,2024,440148369,1,9,0,9,6,1,0,4,0,0,0,0,1,1,6,2,59,9,-1,-1,-1,-1,2,1,E01017331,0
Unvalidated,2024440148369,2024,440148369,2,1,0,17,1,6,0,8,0,0,0,0,4,1,6,2,76,11,-1,-1,-1,-1,6,1,E01017292,0
Unvalidated,2024440148937,2024,440148937,1,9,0,18,1,5,0,0,5,0,0,0,3,1,6,1,79,11,-1,-1,-1,-1,7,1,E01022946,0
Unvalidated,2024440148937,2024,440148937,2,9,0,18,5,1,0,0,0,0,0,0,3,1,6,1,63,9,-1,-1,-1,-1,1,1,E01022915,0
Unvalidated,2024440148937,2024,440148937,3,19,0,18,5,1,0,0,0,0,0,0,1,1,6,1,38,7,-1,-1,-1,-1,2,1,E01022903,0
Unvalidated,2024440149429,2024,440149429,1,9,0,11,4,8,0,0,1,0,4,6,2,1,6,2,19,4,-1,-1,-1,-1,7,1,E01022777,0
Unvalidated,2024440149429,2024,440149429,2,9,0,15,4,8,0,0,1,0,4,6,1,1,6,1,43,7,-1,-1,-1,-1,-1,-1,-1,0
Unvalidated,2024440149571,2024,440149571,1,9,0,3,4,8,0,1,0,0,0,0,2,1,6,1,54,8,-1,-1,-1,-1,5,1,E01017045,0
Unvalidated,2024440149571,2024,440149571,2,9,0,18,4,8,0,1,0,0,0,0,1,1,6,1,-1,-1,-1,-1,-1,-1,-1,-1,-1,0
Unvalidated,2024440149591,2024,440149591,1,9,0,18,2,6,0,1,0,0,0,0,1,1,1,1,31,6,-1,-1,-1,-1,1,1,E01017240,0
Unvalidated,2024440149591,2024,440149591,2,9,0,3,2,6,0,1,0,0,0,0,2,1,2,2,44,7,-1,-1,-1,-1,5,1,E01017151,0
Unvalidated,2024440149591,2024,440149591,3,9,0,3,2,6,0,1,0,0,0,0,2,1,2,2,56,9,-1,-1,-1,-1,4,2,E01023192,0
Unvalidated,2024440149735,2024,440149735,1,5,0,4,1,5,0,1,0,0,0,0,4,1,6,1,68,10,-1,-1,-1,-1,6,1,E01017015,0
Unvalidated,2024440149976,2024,440149976,1,9,0,9,6,4,0,6,0,0,0,0,3,1,6,1,74,10,-1,-1,-1,-1,7,2,E01020405,0
Unvalidated,2024440149976,2024,440149976,2,9,0,18,4,8,0,1,0,0,0,0,1,1,6,2,21,5,-1,-1,-1,-1,9,1,E01015453,0
Unvalidated,2024440150180,2024,440150180,1,9,0,18,7,3,0,1,0,0,0,0,1,1,6,1,61,9,-1,-1,-1,-1,7,3,E01017323,0
Unvalidated,2024440150180,2024,440150180,2,9,0,18,3,7,0,1,0,0,0,0,1,1,6,1,89,11,-1,-1,-1,-1,6,2,E01033239,0
Unvalidated,2024440150219,2024,440150219,1,1,0,18,8,4,0,1,0,0,0,0,1,1,2,1,39,7,-1,-1,-1,-1,8,2,E01023051,0
Unvalidated,2024440150219,2024,440150219,2,9,0,9,4,2,0,5,0,0,0,0,4,1,6,2,-1,-1,-1,-1,-1,-1,-1,-1,-1,0
Unvalidated,2024440150479,2024,440150479,1,9,0,18,5,1,0,3,1,10,1,4,3,1,6,1,46,8,-1,-1,-1,-1,10,1,E01022892,0
Unvalidated,2024440150695,2024,440150695,1,9,0,17,2,7,0,8,1,7,1,1,4,1,2,1,37,7,-1,-1,-1,-1,7,1,E01018786,0
Unvalidated,2024440151068,2024,440151068,1,9,0,7,8,2,0,6,0,0,0,0,4,1,6,2,47,8,-1,-1,-1,-1,10,1,E01022675,0
Unvalidated,2024440151068,2024,440151068,2,3,0,18,6,2,0,1,0,0,0,0,1,1,6,1,21,5,-1,-1,-1,-1,10,1,E01022644,0
Unvalidated,2024440151689,2024,440151689,1,9,0,18,8,4,0,2,0,0,0,0,1,1,6,2,47,8,-1,-1,-1,-1,10,1,E01022747,0
Unvalidated,2024440151969,2024,440151969,1,9,0,18,5,1,0,0,0,0,0,0,1,1,2,1,43,7,-1,-1,-1,-1,5,1,E01022542,0
Unvalidated,2024440151969,2024,440151969,2,9,0,18,1,5,0,0,0,0,0,0,1,1,6,2,45,7,-1,-1,-1,-1,7,1,E01022574,0
Unvalidated,2024440152036,2024,440152036,1,3,0,5,2,6,0,8,0,0,0,0,0,1,6,1,59,9,-1,-1,-1,-1,2,1,E01017156,0
Unvalidated,2024440152036,2024,440152036,2,9,0,18,4,8,0,8,0,0,0,0,0,1,6,1,-1,-1,-1,-1,-1,-1,-1,-1,-1,0
Unvalidated,2024440152070,2024,440152070,1,9,0,18,5,1,0,0,0,0,1,3,1,1,6,1,52,8,-1,-1,-1,-1,6,3,E01023155,0
Unvalidated,2024440152075,2024,440152075,1,9,0,18,7,3,0,2,0,0,0,0,1,1,2,1,64,9,-1,-1,-1,-1,5,3,E01017283,0
Unvalidated,2024440152075,2024,440152075,2,9,0,4,7,3,0,2,0,0,0,0,2,1,2,1,64,9,-1,-1,-1,-1,3,1,E01017347,0
Unvalidated,2024440152367,2024,440152367,1,11,0,4,5,1,0,0,0,0,0,0,0,1,1,1,-1,-1,-1,-1,-1,-1,-1,-1,-1,0
Unvalidated,2024440152477,2024,440152477,1,9,0,18,7,3,0,0,5,10,0,0,1,1,6,1,26,6,-1,-1,-1,-1,8,3,E01022591,0
Unvalidated,2024440152685,2024,440152685,1,1,0,17,7,4,0,8,0,0,0,0,4,1,6,1,17,4,-1,-1,-1,-1,9,1,E01033384,0
Unvalidated,2024440152685,2024,440152685,2,9,0,5,1,5,0,4,0,0,0,0,1,1,6,2,-1,-1,-1,-1,-1,-1,-1,-1,-1,0
Unvalidated,2024440153060,2024,440153060,1,9,0,9,5,4,0,8,0,0,0,0,4,1,6,2,72,10,-1,-1,-1,-1,8,3,E01023245,0
Unvalidated,2024440153060,2024,440153060,2,9,0,18,1,5,0,1,0,0,0,0,1,1,1,1,69,10,-1,-1,-1,-1,2,1,E01017337,0
Unvalidated,2024440153198,2024,440153198,1,9,0,18,8,4,0,0,0,0,1,11,1,1,6,2,84,11,-1,-1,-1,-1,3,1,E01022959,0
Unvalidated,2024440153198,2024,440153198,2,9,0,2,0,0,0,0,0,0,0,0,1,1,6,1,31,6,-1,-1,-1,-1,-1,-1,-1,0
Unvalidated,2024440153459,2024,440153459,1,9,0,18,3,7,0,3,0,0,0,0,4,1,6,1,54,8,-1,-1,-1,-1,6,1,E01023143,0
Unvalidated,2024440153643,2024,440153643,1,9,0,5,3,7,0,4,0,0,0,0,1,1,6,1,48,8,-1,-1,-1,-1,-1,-1,-1,0
Unvalidated,2024440153643,2024,440153643,2,1,0,18,1,5,0,8,0,0,0,0,4,1,6,1,20,4,-1,-1,-1,-1,2,1,E01017032,0
Unvalidated,2024440153707,2024,440153707,1,19,0,9,1,7,0,5,0,0,0,0,3,1,1,1,34,6,-1,-1,-1,-1,2,1,E01013131,0
Unvalidated,2024440153707,2024,440153707,2,9,0,18,1,5,0,1,0,0,0,0,1,1,6,2,48,8,-1,-1,-1,-1,-1,-1,-1,0
Unvalidated,2024440153862,2024,440153862,1,3,0,18,6,2,0,1,0,0,0,0,1,1,6,1,40,7,-1,-1,-1,-1,3,1,E01022976,0
Unvalidated,2024440153862,2024,440153862,2,9,0,9,8,6,0,8,0,0,0,0,3,1,6,1,18,4,-1,-1,-1,-1,-1,1,-1,0
Unvalidated,2024440154419,2024,440154419,1,9,0,13,2,6,0,7,1,10,1,4,1,1,2,1,28,6,-1,-1,-1,-1,6,1,E01022919,0
Unvalidated,2024440154419,2024,440154419,2,9,0,18,2,6,0,7,5,0,1,4,3,1,2,2,28,6,-1,-1,-1,-1,10,2,E01023233,0
Unvalidated,2024440154529,2024,440154529,1,9,0,3,7,3,0,1,0,0,0,0,2,1,6,1,62,9,-1,-1,-1,-1,10,1,E01022624,0
Unvalidated,2024440154529,2024,440154529,2,9,0,18,7,3,0,1,0,0,0,0,1,1,6,1,-1,-1,-1,-1,-1,-1,-1,-1,-1,0
Unvalidated,2024440154560,2024,440154560,1,9,0,18,5,1,0,0,5,0,1,0,4,1,6,1,48,8,-1,-1,-1,-1,4,1,E01022621,0
Unvalidated,2024440154594,2024,440154594,1,90,0,18,6,2,0,1,0,0,0,0,0,1,6,1,31,6,-1,-1,-1,-1,-1,-1,-1,1
Unvalidated,2024440154682,2024,440154682,1,9,0,17,7,4,0,0,0,0,0,0,1,1,6,2,56,9,-1,-1,-1,-1,6,1,E01030973,0
Unvalidated,2024440155089,2024,440155089,1,90,0,18,1,5,0,0,0,0,0,0,1,1,6,2,-1,-1,-1,-1,-1,-1,-1,-1,-1,1
Unvalidated,2024440155115,2024,440155115,1,9,0,13,4,8,0,0,0,0,0,0,4,1,6,1,28,6,-1,-1,-1,-1,5,1,E01022806,0
Unvalidated,2024440155115,2024,440155115,2,9,0,18,4,8,0,0,0,0,0,0,3,1,6,2,30,6,-1,-1,-1,-1,10,3,E01023024,0
Unvalidated,2024440155270,2024,440155270,1,3,0,18,6,2,0,3,1,10,0,0,4,1,6,1,40,7,-1,-1,-1,-1,9,1,E01023270,0
Unvalidated,2024440155642,2024,440155642,1,3,0,18,6,2,0,0,1,0,0,0,3,1,6,1,17,4,-1,-1,-1,-1,2,1,E01017265,0
Unvalidated,2024440155775,2024,440155775,1,9,0,5,5,1,0,6,1,0,0,0,3,1,6,1,83,11,-1,-1,-1,-1,8,3,E01022992,0
Unvalidated,2024440155775,2024,440155775,2,9,0,18,3,7,0,1,0,0,0,0,1,1,6,1,71,10,-1,-1,-1,-1,7,1,E01017094,0
Unvalidated,2024440155792,2024,440155792,1,1,0,18,6,2,0,0,0,0,0,0,4,1,6,1,66,10,-1,-1,-1,-1,9,1,E01022774,0
Unvalidated,2024440156066,2024,440156066,1,9,0,18,4,8,0,6,0,0,0,0,1,1,6,2,66,10,-1,-1,-1,-1,10,1,E01023043,0
Unvalidated,2024440156066,2024,440156066,2,9,0,18,6,2,0,1,0,0,0,0,3,1,1,2,62,9,-1,-1,-1,-1,10,1,E01023059,0
Unvalidated,2024440156112,2024,440156112,1,3,0,18,2,6,0,1,0,0,0,0,1,1,6,1,22,5,-1,-1,-1,-1,10,1,E01022705,0
Unvalidated,2024440156112,2024,440156112,2,9,0,9,6,4,0,5,0,0,0,0,4,1,6,3,-1,-1,-1,-1,-1,-1,-1,-1,-1,0
Unvalidated,2024440156122,2024,440156122,1,9,0,18,4,8,0,0,0,0,0,0,1,1,6,1,74,10,-1,-1,-1,-1,4,2,E01017312,0
Unvalidated,2024440156122,2024,440156122,2,9,0,18,8,4,0,0,0,0,0,0,1,1,6,1,57,9,-1,-1,-1,-1,5,3,E01017353,0
Unvalidated,2024440156439,2024,440156439,1,3,0,18,5,1,0,1,0,0,0,0,1,1,6,1,-1,-1,-1,-1,-1,-1,-1,-1,-1,0
Unvalidated,2024440156514,2024,440156514,1,9,0,18,2,6,0,0,2,0,1,4,3,1,6,1,21,5,-1,-1,-1,-1,10,1,E01022661,0
Unvalidated,2024440156966,2024,440156966,1,4,0,18,1,5,0,0,0,0,0,0,4,1,2,1,27,6,-1,-1,-1,-1,4,1,E01017193,0
Unvalidated,2024440156966,2024,440156966,2,9,0,5,1,5,0,0,0,0,0,0,3,1,6,2,-1,-1,-1,-1,-1,-1,-1,-1,-1,0
Unvalidated,2024440157021,2024,440157021,1,9,0,18,5,1,0,0,0,0,0,0,1,1,6,1,82,11,-1,-1,-1,-1,3,1,E01017349,0
Unvalidated,2024440157021,2024,440157021,2,19,0,18,1,5,0,0,0,0,0,0,1,1,1,1,68,10,-1,-1,-1,-1,6,1,E01017355,0
Unvalidated,2024440157021,2024,440157021,3,9,0,2,0,0,0,0,0,0,0,0,2,1,6,2,-1,-1,-1,-1,-1,-1,-1,-1,-1,0
Unvalidated,2024440157021,2024,440157021,4,9,0,2,0,0,0,0,0,0,0,0,2,1,6,2,59,9,-1,-1,-1,-1,-1,-1,-1,0
Unvalidated,2024440157383,2024,440157383,1,9,0,18,8,4,0,1,0,0,0,0,1,1,6,1,21,5,-1,-1,-1,-1,4,1,E01022478,0
Unvalidated,2024440157383,2024,440157383,2,9,0,3,8,4,0,1,0,0,0,0,2,1,6,2,65,9,-1,-1,-1,-1,8,3,E01032855,0
Unvalidated,2024440157909,2024,440157909,1,9,0,18,8,4,0,0,0,0,7,4,1,1,6,2,74,10,-1,-1,-1,-1,7,3,E01022592,0
Unvalidated,2024440157961,2024,440157961,1,9,0,9,2,8,0,5,0,0,0,0,3,1,6,2,60,9,-1,-1,-1,-1,10,3,E01023229,0
Unvalidated,2024440157961,2024,440157961,2,9,0,13,2,6,0,1,0,0,0,0,4,1,6,2,39,7,-1,-1,-1,-1,-1,-1,-1,0
Unvalidated,2024440158641,2024,440158641,1,9,0,9,4,2,0,6,0,0,0,0,3,1,3,1,22,5,-1,-1,-1,-1,1,1,E01017280,0
Unvalidated,2024440158641,2024,440158641,2,9,0,5,2,6,0,1,0,0,0,0,1,1,3,2,33,6,-1,-1,-1,-1,4,1,E01017277,0
Unvalidated,2024440158939,2024,440158939,1,9,0,1,1,5,0,0,0,0,0,0,2,1,6,1,-1,-1,-1,-1,-1,-1,-1,-1,-1,0
Unvalidated,2024440159150,2024,440159150,1,9,0,18,2,6,0,0,0,10,0,0,3,1,6,1,27,6,-1,-1,-1,-1,4,1,E01022845,0
Unvalidated,2024440159150,2024,440159150,2,9,0,13,2,6,0,0,0,0,0,0,4,1,6,2,-1,-1,-1,-1,-1,-1,-1,-1,-1,0
Unvalidated,2024440159302,2024,440159302,1,9,0,18,5,1,0,1,0,0,7,1,1,1,6,2,80,11,-1,-1,-1,-1,10,1,E01016634,0
Unvalidated,2024440159302,2024,440159302,2,9,0,18,1,5,0,2,0,0,0,0,1,1,6,2,80,11,-1,-1,-1,-1,10,2,E01022878,0
Unvalidated,2024440159317,2024,440159317,1,5,0,16,3,6,0,0,1,0,0,0,1,1,6,1,65,9,-1,-1,-1,-1,10,1,E01022731,0
Unvalidated,2024440159317,2024,440159317,2,19,0,17,6,3,0,0,0,0,0,0,3,1,1,1,75,10,-1,-1,-1,-1,9,1,E01022971,0
Unvalidated,2024440159388,2024,440159388,1,90,0,18,3,7,9,0,0,10,1,0,1,1,6,1,-1,-1,-1,-1,-1,-1,-1,-1,-1,1
Unvalidated,2024440159478,2024,440159478,1,9,0,17,5,2,0,0,2,10,0,0,4,1,6,1,72,10,-1,-1,-1,-1,-1,-1,-1,0
Unvalidated,2024440159491,2024,440159491,1,9,0,10,3,7,0,1,0,0,0,0,2,1,6,2,35,6,-1,-1,-1,-1,3,1,E01022901,0
Unvalidated,2024440159491,2024,440159491,2,19,0,18,3,7,0,1,0,0,0,0,1,1,6,3,-1,-1,-1,-1,-1,-1,-1,-1,-1,0
Unvalidated,2024440159668,2024,440159668,1,9,0,18,4,8,0,0,0,0,0,0,1,1,6,1,29,6,-1,-1,-1,-1,4,1,E01023260,0
Unvalidated,2024440159760,2024,440159760,1,9,0,18,2,6,0,4,0,0,0,0,3,1,6,2,49,8,-1,-1,-1,-1,10,1,E01022704,0
Unvalidated,2024440159760,2024,440159760,2,1,0,18,1,5,0,8,0,0,0,0,1,1,6,1,59,9,-1,-1,-1,-1,9,1,E01023259,0
Unvalidated,2024440159884,2024,440159884,1,9,0,18,1,5,0,2,0,0,0,0,1,1,6,2,63,9,-1,-1,-1,-1,5,1,E01022576,0
Unvalidated,2024440159884,2024,440159884,2,9,0,2,0,0,0,2,0,0,0,0,2,1,6,1,75,10,-1,-1,-1,-1,-1,-1,-1,0
Unvalidated,2024440160190,2024,440160190,1,9,0,7,6,4,0,8,0,0,0,0,3,1,2,2,39,7,-1,-1,-1,-1,5,1,E01017100,0
Unvalidated,2024440160190,2024,440160190,2,1,0,9,4,6,0,8,0,0,0,0,4,1,4,1,14,3,-1,-1,-1,-1,4,1,E01017028,0
Unvalidated,2024440160193,2024,440160193,1,9,0,9,4,3,0,1,0,0,0,0,1,1,3,2,44,7,-1,-1,-1,-1,-1,-1,-1,0
Unvalidated,2024440160193,2024,440160193,2,9,0,18,8,4,0,1,0,0,0,0,1,1,6,1,78,11,-1,-1,-1,-1,4,2,E01017370,0
Unvalidated,2024440160207,2024,440160207,1,9,0,4,2,6,0,1,0,0,0,0,2,1,6,2,36,7,-1,-1,-1,-1,8,1,E01022667,0
Unvalidated,2024440160207,2024,440160207,2,9,0,4,2,6,0,1,0,0,0,0,1,1,6,3,-1,-1,-1,-1,-1,-1,-1,-1,-1,0
Unvalidated,2024440160207,2024,440160207,3,9,0,3,2,6,0,1,0,0,0,0,2,1,6,3,-1,-1,-1,-1,-1,-1,-1,-1,-1,0
Unvalidated,2024440160271,2024,440160271,1,9,0,5,1,5,0,8,0,0,0,0,3,1,6,1,47,8,-1,-1,-1,-1,5,1,E01017279,0
Unvalidated,2024440160271,2024,440160271,2,19,0,9,1,7,0,8,0,0,0,0,4,1,6,3,-1,-1,-1,-1,-1,-1,-1,-1,-1,0
Unvalidated,2024440160724,2024,440160724,1,90,0,18,4,8,0,0,0,0,0,0,0,1,6,1,15,3,-1,-1,-1,-1,4,1,E01022681,1
Unvalidated,2024440160829,2024,440160829,1,3,0,18,4,8,0,1,0,0,0,0,4,1,1,1,26,6,-1,-1,-1,-1,6,1,E01022669,0
Unvalidated,2024440160829,2024,440160829,2,9,0,5,6,2,0,6,0,0,0,0,1,1,6,3,-1,-1,-1,-1,-1,-1,-1,-1,-1,0
Unvalidated,2024440161057,2024,440161057,1,9,0,9,1,7,0,8,0,0,0,0,3,1,1,2,18,4,-1,-1,-1,-1,8,1,E01017302,0
Unvalidated,2024440161057,2024,440161057,2,5,0,14,1,5,0,1,0,0,0,0,1,1,6,1,64,9,-1,-1,-1,-1,4,1,E01017308,0
Unvalidated,2024440161313,2024,440161313,1,9,0,18,4,8,0,8,0,0,0,0,1,1,6,3,62,9,-1,-1,-1,-1,-1,-1,-1,0
Unvalidated,2024440161427,2024,440161427,1,3,0,4,6,2,0,0,0,0,0,0,1,1,6,1,29,6,-1,-1,-1,-1,8,1,E01030794,0
Unvalidated,2024440161427,2024,440161427,2,9,0,4,6,2,0,0,0,0,0,0,2,1,6,3,-1,-1,-1,-1,-1,-1,-1,-1,-1,0
Unvalidated,2024440161514,2024,440161514,1,5,0,18,3,7,0,1,0,0,0,0,1,1,6,1,36,7,-1,-1,-1,-1,-1,-1,-1,0
Unvalidated,2024440161514,2024,440161514,2,9,0,13,7,3,0,2,0,0,0,0,1,1,6,1,47,8,-1,-1,-1,-1,-1,-1,-1,0