status,collision_index,collision_year,collision_reference,vehicle_reference,vehicle_type,towing_and_articulation,vehicle_manoeuvre,vehicle_direction_from,vehicle_direction_to,vehicle_location_restricted_lane,junction_location,skidding_and_overturning,hit_object_in_carriageway,vehicle_leaving_carriageway,hit_object_off_carriageway,first_point_of_impact,vehicle_left_hand_drive,journey_purpose_of_driver,sex_of_driver,age_of_driver,age_band_of_driver,engine_capacity_cc,propulsion_code,age_of_vehicle,generic_make_model,driver_imd_decile,driver_home_area_type,lsoa_of_driver,escooter_flag
Unvalidated,2024440161805,2024,440161805,1,1,0,18,3,7,0,1,0,0,0,0,4,1,2,1,34,6,-1,-1,-1,-1,4,1,E01017193,0
Unvalidated,2024440161805,2024,440161805,2,9,0,5,5,1,0,6,0,0,0,0,1,1,6,2,23,5,-1,-1,-1,-1,8,1,E01023001,0
Unvalidated,2024440161850,2024,440161850,1,9,0,9,7,6,0,8,0,0,0,0,3,1,6,2,61,9,-1,-1,-1,-1,4,2,E01031859,0
Unvalidated,2024440161850,2024,440161850,2,19,0,18,6,2,0,1,0,0,0,0,1,1,1,1,56,9,-1,-1,-1,-1,6,3,E01032027,0
Unvalidated,2024440161866,2024,440161866,1,9,0,18,8,4,0,8,0,0,0,0,1,1,6,1,31,6,-1,-1,-1,-1,10,1,E01030806,0
Unvalidated,2024440161866,2024,440161866,2,9,0,4,8,4,0,8,1,0,0,0,2,1,6,1,30,6,-1,-1,-1,-1,9,1,E01028652,0
Unvalidated,2024440161885,2024,440161885,1,1,0,18,7,3,0,1,0,0,0,0,3,1,2,2,50,8,-1,-1,-1,-1,9,1,E01020362,0
Unvalidated,2024440161885,2024,440161885,2,19,0,4,5,1,0,1,0,0,0,0,1,1,2,1,37,7,-1,-1,-1,-1,9,1,E01022983,0
Unvalidated,2024440162339,2024,440162339,1,3,0,18,6,2,0,1,0,0,0,0,4,1,6,2,32,6,-1,-1,-1,-1,1,1,E01017205,0
Unvalidated,2024440162339,2024,440162339,2,9,0,5,8,4,0,8,0,0,0,0,1,1,6,2,-1,-1,-1,-1,-1,-1,-1,-1,-1,0
Unvalidated,2024440162471,2024,440162471,1,9,0,18,1,5,0,1,0,0,1,2,1,1,6,1,77,11,-1,-1,-1,-1,8,1,E01022623,0
Unvalidated,2024440162765,2024,440162765,1,1,0,18,3,7,0,2,0,4,0,0,1,1,6,1,50,8,-1,-1,-1,-1,2,1,E01017119,0
Unvalidated,2024440162765,2024,440162765,2,19,0,2,0,0,0,2,0,0,0,0,3,1,6,3,-1,-1,-1,-1,-1,-1,-1,-1,-1,0
Unvalidated,2024440162997,2024,440162997,1,11,0,9,7,5,0,5,0,0,0,0,3,1,1,1,59,9,-1,-1,-1,-1,4,1,E01030805,0
Unvalidated,2024440162997,2024,440162997,2,3,0,13,7,3,0,1,0,0,0,0,1,1,6,1,18,4,-1,-1,-1,-1,6,1,E01023118,0
Unvalidated,2024440163433,2024,440163433,1,9,0,18,1,5,0,1,0,0,0,0,4,1,6,1,-1,-1,-1,-1,-1,-1,-1,-1,-1,0
Unvalidated,2024440163487,2024,440163487,1,9,0,18,6,2,0,0,2,4,0,0,1,1,6,1,20,4,-1,-1,-1,-1,1,1,E01017037,0
Unvalidated,2024440163487,2024,440163487,2,9,0,2,0,0,0,0,0,0,0,0,1,1,6,1,59,9,-1,-1,-1,-1,-1,-1,-1,0
Unvalidated,2024440163760,2024,440163760,1,11,0,18,5,1,0,1,0,0,0,0,4,1,1,1,43,7,-1,-1,-1,-1,7,1,E01017050,0
Unvalidated,2024440164043,2024,440164043,1,9,0,3,5,1,0,1,0,0,0,0,2,1,6,2,54,8,-1,-1,-1,-1,10,1,E01022921,0
Unvalidated,2024440164043,2024,440164043,2,19,0,18,5,1,0,1,0,0,0,0,1,1,6,1,33,6,-1,-1,-1,-1,-1,-1,-1,0
Unvalidated,2024440164220,2024,440164220,1,19,0,18,3,7,0,4,0,0,0,0,3,1,1,1,37,7,-1,-1,-1,-1,4,1,E01023260,0
Unvalidated,2024440164220,2024,440164220,2,9,0,5,1,5,0,8,0,0,0,0,1,1,6,1,72,10,-1,-1,-1,-1,10,1,E01023073,0
Unvalidated,2024440164576,2024,440164576,1,9,0,18,8,4,0,1,0,0,0,0,1,1,6,2,35,6,-1,-1,-1,-1,5,1,E01017282,0
Unvalidated,2024440164576,2024,440164576,2,9,0,18,8,4,0,1,0,0,0,0,2,1,6,2,38,7,-1,-1,-1,-1,3,2,E01017315,0
Unvalidated,2024440164629,2024,440164629,1,90,0,18,5,1,0,1,0,0,0,0,2,1,6,1,16,4,-1,-1,-1,-1,7,1,E01017094,1
Unvalidated,2024440164629,2024,440164629,2,1,0,18,5,1,0,1,0,0,0,0,1,1,6,3,-1,-1,-1,-1,-1,-1,-1,-1,-1,0
Unvalidated,2024440164639,2024,440164639,1,16,0,18,7,3,0,0,0,0,0,0,0,1,6,2,35,6,-1,-1,-1,-1,6,3,E01032011,0
Unvalidated,2024440164639,2024,440164639,2,16,0,18,7,3,0,0,0,0,0,0,0,1,6,2,27,6,-1,-1,-1,-1,9,2,E01031878,0
Unvalidated,2024440164639,2024,440164639,3,20,0,18,3,7,0,0,0,0,0,0,0,1,1,1,36,7,-1,-1,-1,-1,8,2,E01031977,0
Unvalidated,2024440164674,2024,440164674,1,9,0,5,5,1,0,1,0,0,0,0,1,1,6,2,26,6,-1,-1,-1,-1,2,1,E01017109,0
Unvalidated,2024440164674,2024,440164674,2,1,0,18,7,3,0,1,0,0,0,0,3,1,6,1,58,9,-1,-1,-1,-1,1,1,E01017035,0
Unvalidated,2024440164735,2024,440164735,1,9,0,18,6,2,0,1,0,0,0,0,1,1,6,1,46,8,-1,-1,-1,-1,5,1,E01017045,0
Unvalidated,2024440164735,2024,440164735,2,9,0,9,2,8,0,5,0,0,0,0,4,1,6,1,21,5,-1,-1,-1,-1,5,1,E01017100,0
Unvalidated,2024440165244,2024,440165244,1,9,0,18,2,6,0,0,0,0,0,0,2,1,6,2,29,6,-1,-1,-1,-1,10,1,E01022895,0
Unvalidated,2024440165244,2024,440165244,2,9,0,10,2,6,0,0,0,0,0,0,1,1,6,1,-1,-1,-1,-1,-1,-1,9,3,E01027619,0
Unvalidated,2024440165262,2024,440165262,1,9,0,18,2,6,0,0,0,0,0,0,1,1,6,2,21,5,-1,-1,-1,-1,3,1,E01013777,0
Unvalidated,2024440165262,2024,440165262,2,9,0,18,6,2,0,0,0,0,0,0,1,1,1,1,41,7,-1,-1,-1,-1,5,1,E01022542,0
Unvalidated,2024440165358,2024,440165358,1,9,0,18,4,8,0,1,0,0,0,0,1,1,6,1,40,7,-1,-1,-1,-1,4,1,E01017083,0
Unvalidated,2024440165358,2024,440165358,2,9,0,4,4,8,0,1,0,0,0,0,2,1,6,2,71,10,-1,-1,-1,-1,9,1,E01022837,0
Unvalidated,2024440165405,2024,440165405,1,9,0,3,1,5,0,1,0,0,0,0,2,1,6,3,-1,-1,-1,-1,-1,-1,-1,-1,-1,0
Unvalidated,2024440165405,2024,440165405,2,4,0,5,1,5,0,1,0,0,0,0,1,1,6,1,55,8,-1,-1,-1,-1,8,1,E01030782,0
Unvalidated,2024440165406,2024,440165406,1,9,0,7,3,5,0,5,0,0,0,0,4,1,6,2,35,6,-1,-1,-1,-1,2,1,E01032878,0
Unvalidated,2024440165406,2024,440165406,2,1,0,18,3,7,0,8,0,0,0,0,3,1,6,1,69,10,-1,-1,-1,-1,9,1,E01022837,0
Unvalidated,2024440165416,2024,440165416,1,9,0,9,3,2,0,6,0,0,0,0,3,1,6,1,67,10,-1,-1,-1,-1,7,1,E01022764,0
Unvalidated,2024440165416,2024,440165416,2,1,0,18,2,6,0,8,0,0,0,0,1,1,6,1,61,9,-1,-1,-1,-1,8,1,E01022765,0
Unvalidated,2024440165422,2024,440165422,1,9,0,7,4,6,5,5,0,0,0,0,4,1,6,1,65,9,-1,-1,-1,-1,8,3,E01022713,0
Unvalidated,2024440165422,2024,440165422,2,1,0,18,4,8,5,8,0,0,0,0,1,1,6,1,69,10,-1,-1,-1,-1,1,1,E01017201,0
Unvalidated,2024440165566,2024,440165566,1,5,0,18,8,4,0,3,0,0,0,0,4,1,6,1,20,4,-1,-1,-1,-1,6,3,E01031507,0
Unvalidated,2024440165566,2024,440165566,2,9,0,9,8,6,0,8,0,0,0,0,1,1,6,2,57,9,-1,-1,-1,-1,5,1,E01017023,0
Unvalidated,2024440165783,2024,440165783,1,9,0,7,1,3,0,8,0,0,0,0,4,1,6,2,44,7,-1,-1,-1,-1,10,2,E01023287,0
Unvalidated,2024440165783,2024,440165783,2,97,0,18,1,5,2,1,0,0,0,0,1,1,6,1,17,4,-1,-1,-1,-1,2,1,E01017117,0
Unvalidated,2024440165824,2024,440165824,1,9,0,18,8,4,0,0,0,4,0,0,4,1,6,3,-1,-1,-1,-1,-1,-1,-1,-1,-1,0
Unvalidated,2024440165824,2024,440165824,2,9,0,2,0,0,0,0,0,0,0,0,3,1,6,3,-1,-1,-1,-1,-1,-1,-1,-1,-1,0
Unvalidated,2024440165927,2024,440165927,1,9,0,9,4,2,0,8,0,0,1,0,1,1,6,2,68,10,-1,-1,-1,-1,7,1,E01017256,0
Unvalidated,2024440165927,2024,440165927,2,9,0,18,8,4,0,1,0,0,0,0,3,1,2,2,47,8,-1,-1,-1,-1,6,1,E01022715,0
Unvalidated,2024440166020,2024,440166020,1,1,0,18,7,3,9,0,0,0,0,0,0,1,6,1,11,3,-1,-1,-1,-1,8,1,E01022667,0
Unvalidated,2024440166389,2024,440166389,1,8,0,9,2,7,0,8,0,0,0,0,3,1,1,1,31,6,-1,-1,-1,-1,5,1,E01017282,0
Unvalidated,2024440166389,2024,440166389,2,3,0,9,2,7,0,8,0,0,0,0,1,1,6,1,36,7,-1,-1,-1,-1,3,1,E01017350,0
Unvalidated,2024440166558,2024,440166558,1,9,0,3,6,2,0,1,0,0,0,0,2,1,6,1,25,5,-1,-1,-1,-1,4,1,W01001061,0
Unvalidated,2024440166558,2024,440166558,2,9,0,18,6,2,0,1,0,0,0,0,1,1,6,1,27,6,-1,-1,-1,-1,-1,-1,-1,0
Unvalidated,2024440166693,2024,440166693,1,9,0,13,8,4,0,0,0,0,0,0,1,1,6,1,21,5,-1,-1,-1,-1,4,1,E01022805,0
Unvalidated,2024440166693,2024,440166693,2,9,0,18,4,8,0,0,0,0,1,0,1,1,6,2,48,8,-1,-1,-1,-1,10,1,E01023269,0
Unvalidated,2024440166970,2024,440166970,1,1,0,18,6,2,0,0,0,10,0,0,1,1,6,1,6,2,-1,-1,-1,-1,5,3,E01023201,0
Unvalidated,2024440167038,2024,440167038,1,9,0,18,2,6,0,0,0,0,1,4,1,1,6,1,28,6,-1,-1,-1,-1,4,2,W01000730,0
Unvalidated,2024440167046,2024,440167046,1,1,0,18,6,2,0,2,0,0,0,0,2,1,2,1,50,8,-1,-1,-1,-1,6,1,E01032884,0
Unvalidated,2024440167046,2024,440167046,2,19,0,7,8,2,0,6,0,0,0,0,1,1,2,1,-1,-1,-1,-1,-1,-1,7,1,E01022733,0
Unvalidated,2024440167187,2024,440167187,1,9,4,18,8,4,0,0,0,0,0,0,3,1,6,2,-1,-1,-1,-1,-1,-1,-1,-1,-1,0
Unvalidated,2024440167204,2024,440167204,1,9,0,18,1,5,0,8,0,0,0,0,1,1,1,1,56,9,-1,-1,-1,-1,5,1,E01017013,0
Unvalidated,2024440167204,2024,440167204,2,9,0,18,3,7,0,8,0,0,0,0,3,1,6,1,65,9,-1,-1,-1,-1,5,1,E01017045,0
Unvalidated,2024440167204,2024,440167204,3,19,0,2,0,0,0,1,0,0,0,0,1,1,6,3,-1,-1,-1,-1,-1,-1,-1,-1,-1,0
Unvalidated,2024440167205,2024,440167205,1,2,0,14,8,4,0,1,1,0,0,0,1,1,6,1,16,4,-1,-1,-1,-1,10,1,E01022776,0
Unvalidated,2024440167205,2024,440167205,2,9,0,9,8,6,0,1,0,0,0,0,3,1,6,2,29,6,-1,-1,-1,-1,9,2,E01023272,0
Unvalidated,2024440167274,2024,440167274,1,1,0,18,1,5,0,8,0,0,0,0,3,1,6,1,28,6,-1,-1,-1,-1,-1,-1,-1,0
Unvalidated,2024440167274,2024,440167274,2,9,0,9,7,5,0,8,0,0,0,0,1,1,6,1,53,8,-1,-1,-1,-1,2,1,E01017276,0
Unvalidated,2024440167306,2024,440167306,1,9,0,18,6,2,0,8,0,0,0,0,1,1,6,1,18,4,-1,-1,-1,-1,10,1,E01022851,0
Unvalidated,2024440167306,2024,440167306,2,9,0,5,8,4,0,8,0,0,0,0,0,1,6,3,-1,-1,-1,-1,-1,-1,-1,-1,-1,0
Unvalidated,2024440167426,2024,440167426,1,9,0,18,5,1,0,1,0,0,0,0,1,1,6,1,35,6,-1,-1,-1,-1,4,1,E01017171,0
Unvalidated,2024440167426,2024,440167426,2,9,0,18,2,6,0,1,0,0,0,0,1,1,6,1,21,5,-1,-1,-1,-1,2,1,E01017238,0
Unvalidated,2024440167728,2024,440167728,1,9,0,9,8,6,0,6,0,0,0,0,3,1,6,2,19,4,-1,-1,-1,-1,7,1,E01022962,0
Unvalidated,2024440167728,2024,440167728,2,5,0,13,6,2,0,1,0,0,0,0,1,1,6,1,31,6,-1,-1,-1,-1,2,1,E01022964,0
Unvalidated,2024440167846,2024,440167846,1,9,0,1,7,3,0,1,0,0,0,0,2,1,6,1,-1,-1,-1,-1,-1,-1,-1,-1,-1,0
Unvalidated,2024440167918,2024,440167918,1,9,0,18,8,4,0,0,0,0,0,0,1,1,6,2,-1,-1,-1,-1,-1,-1,-1,-1,-1,0
Unvalidated,2024440167981,2024,440167981,1,9,0,5,3,7,0,1,0,0,0,0,1,1,6,1,68,10,-1,-1,-1,-1,-1,-1,-1,0
Unvalidated,2024440167981,2024,440167981,2,11,0,18,1,5,0,8,0,0,0,0,4,1,1,1,-1,-1,-1,-1,-1,-1,-1,-1,-1,0
Unvalidated,2024440168479,2024,440168479,1,3,0,10,5,3,0,1,0,0,0,0,2,1,6,1,26,6,-1,-1,-1,-1,4,1,E01017071,0
Unvalidated,2024440168479,2024,440168479,2,9,0,18,5,1,0,1,0,0,0,0,1,1,6,1,46,8,-1,-1,-1,-1,5,1,E01017068,0
Unvalidated,2024440168565,2024,440168565,1,9,0,7,2,3,0,5,0,0,0,0,4,1,6,3,-1,-1,-1,-1,-1,-1,-1,-1,-1,0
Unvalidated,2024440168565,2024,440168565,2,1,0,18,2,6,0,1,0,0,0,0,1,1,6,2,50,8,-1,-1,-1,-1,1,1,E01017038,0
Unvalidated,2024440168763,2024,440168763,1,90,0,9,8,6,0,8,0,0,0,0,1,1,1,2,42,7,-1,-1,-1,-1,7,1,E01022945,0
Unvalidated,2024440168763,2024,440168763,2,3,0,18,6,2,0,8,0,0,0,0,1,1,6,1,18,4,-1,-1,-1,-1,4,1,E01017185,0
Unvalidated,2024440168848,2024,440168848,1,19,0,3,2,6,0,0,0,0,0,0,2,1,6,1,26,6,-1,-1,-1,-1,2,1,E01022966,0
Unvalidated,2024440168848,2024,440168848,2,9,0,18,2,6,0,0,0,0,0,0,1,1,6,3,-1,-1,-1,-1,-1,-1,-1,-1,-1,0
Unvalidated,2024440168927,2024,440168927,1,90,0,18,2,6,0,0,0,0,0,0,0,1,6,1,35,6,-1,-1,-1,-1,9,1,E01032753,1
Unvalidated,2024440169010,2024,440169010,1,9,0,9,6,4,0,8,0,0,0,0,4,1,6,2,39,7,-1,-1,-1,-1,-1,-1,-1,0
Unvalidated,2024440169010,2024,440169010,2,9,0,18,2,6,0,1,0,0,0,0,1,1,6,1,18,4,-1,-1,-1,-1,8,1,E01022769,0
Unvalidated,2024440169257,2024,440169257,1,4,0,17,6,2,0,0,1,0,7,10,1,1,6,1,17,4,-1,-1,-1,-1,9,2,E01023050,0
Unvalidated,2024440169614,2024,440169614,1,9,0,5,7,1,0,1,0,0,0,0,1,1,6,2,34,6,-1,-1,-1,-1,9,1,E01023103,0
Unvalidated,2024440170118,2024,440170118,1,9,0,3,2,6,0,0,0,0,0,0,2,1,1,2,24,5,-1,-1,-1,-1,7,1,E01023150,0
Unvalidated,2024440170118,2024,440170118,2,9,0,18,2,6,0,0,0,0,0,0,1,1,6,3,-1,-1,-1,-1,-1,-1,-1,-1,-1,0
Unvalidated,2024440170200,2024,440170200,1,9,0,7,5,6,0,8,1,0,1,4,1,1,6,1,68,10,-1,-1,-1,-1,10,1,E01023244,0
Unvalidated,2024440170287,2024,440170287,1,9,0,18,2,6,0,4,0,0,0,0,3,1,3,1,48,8,-1,-1,-1,-1,1,1,E01017130,0
Unvalidated,2024440170287,2024,440170287,2,1,0,18,1,5,0,8,0,0,0,0,1,1,6,1,37,7,-1,-1,-1,-1,3,1,E01017079,0
Unvalidated,2024440170821,2024,440170821,1,9,0,4,6,2,0,1,0,0,0,0,2,1,6,1,57,9,-1,-1,-1,-1,2,1,E01017155,0
Unvalidated,2024440170821,2024,440170821,2,9,0,4,6,2,0,1,0,0,0,0,2,1,2,2,32,6,-1,-1,-1,-1,5,1,E01023027,0
Unvalidated,2024440170821,2024,440170821,3,9,0,18,6,2,0,1,0,0,0,0,1,1,6,1,27,6,-1,-1,-1,-1,6,1,E01017212,0
Unvalidated,2024440171177,2024,440171177,1,9,0,4,4,8,0,1,0,0,0,0,2,1,6,2,30,6,-1,-1,-1,-1,9,1,E01022692,0
Unvalidated,2024440171177,2024,440171177,2,20,0,5,4,8,0,1,0,0,0,0,1,1,1,1,61,9,-1,-1,-1,-1,8,1,E01022815,0
Unvalidated,2024440171327,2024,440171327,1,9,0,18,6,2,0,1,0,0,1,3,1,1,6,1,82,11,-1,-1,-1,-1,10,2,E01022602,0
Unvalidated,2024440171357,2024,440171357,1,1,0,18,6,2,0,1,0,0,0,0,1,1,6,2,51,8,-1,-1,-1,-1,1,1,E01017038,0
Unvalidated,2024440171357,2024,440171357,2,9,0,2,0,0,0,1,0,0,0,0,3,1,6,3,-1,-1,-1,-1,-1,-1,-1,-1,-1,0
Unvalidated,2024440171724,2024,440171724,1,9,0,18,6,2,0,1,0,4,0,0,1,1,6,2,30,6,-1,-1,-1,-1,4,1,E01017258,0
Unvalidated,2024440171724,2024,440171724,2,9,0,2,0,0,0,1,0,0,0,0,2,1,6,1,56,9,-1,-1,-1,-1,-1,-1,-1,0
Unvalidated,2024440171753,2024,440171753,1,9,0,7,7,1,0,6,0,0,0,0,1,1,3,1,40,7,-1,-1,-1,-1,3,1,E01017020,0
Unvalidated,2024440171753,2024,440171753,2,1,0,18,1,5,0,8,0,0,0,0,3,1,6,1,16,4,-1,-1,-1,-1,1,1,E01017053,0
Unvalidated,2024440171885,2024,440171885,1,9,0,18,5,1,0,4,0,10,3,10,1,1,6,1,77,11,-1,-1,-1,-1,3,1,E01017360,0
Unvalidated,2024440172864,2024,440172864,1,9,0,1,2,6,0,0,0,0,0,0,2,1,6,2,-1,-1,-1,-1,-1,-1,-1,-1,-1,0
Unvalidated,2024440172959,2024,440172959,1,9,0,18,5,1,0,8,0,0,0,0,1,1,6,1,73,10,-1,-1,-1,-1,1,1,E01017120,0
Unvalidated,2024440172959,2024,440172959,2,1,0,9,5,3,0,8,0,0,0,0,3,1,1,2,35,6,-1,-1,-1,-1,3,1,E01017079,0
Unvalidated,2024440173146,2024,440173146,1,9,0,18,5,1,0,0,0,0,0,0,4,1,3,2,46,8,-1,-1,-1,-1,3,1,E01017075,0
Unvalidated,2024440173365,2024,440173365,1,9,0,18,8,4,0,8,0,0,0,0,1,1,6,1,43,7,-1,-1,-1,-1,10,1,E01022553,0
Unvalidated,2024440173365,2024,440173365,2,9,0,9,2,8,0,8,0,0,0,0,1,1,6,1,76,11,-1,-1,-1,-1,10,1,E01022553,0
Unvalidated,2024440173377,2024,440173377,1,9,0,4,6,2,0,0,0,0,0,0,0,1,6,2,35,6,-1,-1,-1,-1,6,3,E01023155,0
Unvalidated,2024440173416,2024,440173416,1,9,0,9,1,6,0,8,0,0,0,0,1,1,6,2,18,4,-1,-1,-1,-1,10,1,E01022867,0
Unvalidated,2024440173416,2024,440173416,2,3,0,18,2,6,0,8,0,0,0,0,3,1,1,1,38,7,-1,-1,-1,-1,4,1,E01030433,0
Unvalidated,2024440173753,2024,440173753,1,9,0,18,8,4,0,0,1,0,5,6,1,1,6,2,27,6,-1,-1,-1,-1,3,1,E01032738,0
Unvalidated,2024440173753,2024,440173753,2,9,0,18,8,4,0,0,0,0,0,0,1,1,6,1,19,4,-1,-1,-1,-1,10,1,E01022741,0
Unvalidated,2024440173956,2024,440173956,1,1,0,18,7,3,0,8,0,0,0,0,1,1,6,1,47,8,-1,-1,-1,-1,6,1,E01022831,0
Unvalidated,2024440173956,2024,440173956,2,9,0,9,3,1,0,8,0,0,0,0,1,1,6,3,-1,-1,-1,-1,-1,-1,-1,-1,-1,0
Unvalidated,2024440173959,2024,440173959,1,9,0,18,1,5,0,8,0,0,0,0,4,1,6,2,17,4,-1,-1,-1,-1,9,1,E01022692,0
Unvalidated,2024440173959,2024,440173959,2,9,0,18,4,8,0,8,0,0,0,0,1,1,6,2,33,6,-1,-1,-1,-1,4,1,E01017198,0
Unvalidated,2024440174039,2024,440174039,1,1,0,18,3,7,0,1,0,0,0,0,1,1,6,1,47,8,-1,-1,-1,-1,1,1,E01017167,0
Unvalidated,2024440174039,2024,440174039,2,19,0,7,3,5,0,8,0,0,0,0,4,1,6,1,41,7,-1,-1,-1,-1,-1,-1,-1,0
Unvalidated,2024440174238,2024,440174238,1,9,0,9,2,1,0,5,0,0,0,0,3,1,6,2,63,9,-1,-1,-1,-1,6,1,E01022939,0
Unvalidated,2024440174238,2024,440174238,2,90,0,18,2,6,0,1,0,0,0,0,1,1,6,1,18,4,-1,-1,-1,-1,4,1,E01022552,1
Unvalidated,2024440174335,2024,440174335,1,9,0,1,3,7,0,0,0,0,0,0,2,1,6,2,55,8,-1,-1,-1,-1,7,1,E01017114,0
Unvalidated,2024440174387,2024,440174387,1,9,0,18,1,5,0,1,0,0,0,0,1,1,6,2,45,7,-1,-1,-1,-1,10,3,E01023230,0
Unvalidated,2024440174387,2024,440174387,2,19,0,9,3,1,0,8,0,0,0,0,3,1,1,1,35,6,-1,-1,-1,-1,10,1,E01022643,0
Unvalidated,2024440174478,2024,440174478,1,9,0,5,6,2,0,2,0,0,0,0,3,1,6,1,23,5,-1,-1,-1,-1,10,1,E01022931,0
Unvalidated,2024440174478,2024,440174478,2,9,0,18,6,2,0,2,0,0,0,0,4,1,6,1,47,8,-1,-1,-1,-1,7,3,E01023224,0
Unvalidated,2024440174558,2024,440174558,1,19,0,16,5,8,0,1,0,0,0,0,3,1,2,1,31,6,-1,-1,-1,-1,8,1,E01022667,0
Unvalidated,2024440174558,2024,440174558,2,9,0,17,8,5,0,1,0,0,0,0,3,1,6,2,49,8,-1,-1,-1,-1,9,1,E01031384,0
Unvalidated,2024440174684,2024,440174684,1,9,0,18,3,7,0,1,0,0,0,0,4,1,2,1,18,4,-1,-1,-1,-1,8,1,E01016610,0
Unvalidated,2024440174788,2024,440174788,1,9,0,18,2,6,0,8,0,0,0,0,4,1,6,2,56,9,-1,-1,-1,-1,7,1,E01017050,0
Unvalidated,2024440174788,2024,440174788,2,9,0,5,3,7,0,8,0,0,0,0,1,1,6,3,-1,-1,-1,-1,-1,-1,-1,-1,-1,0
Unvalidated,2024440174837,2024,440174837,1,1,0,18,7,3,0,1,0,0,0,0,1,1,6,2,50,8,-1,-1,-1,-1,2,1,E01017106,0
Unvalidated,2024440174837,2024,440174837,2,9,0,7,7,1,0,5,0,0,0,0,4,1,6,1,23,5,-1,-1,-1,-1,-1,-1,-1,0
Unvalidated,2024440174896,2024,440174896,1,9,0,18,4,8,0,2,0,0,0,0,1,1,6,2,51,8,-1,-1,-1,-1,2,1,E01017119,0
Unvalidated,2024440174923,2024,440174923,1,9,0,18,8,4,0,0,0,0,0,0,2,1,6,2,37,7,-1,-1,-1,-1,6,1,E01022831,0
Unvalidated,2024440174923,2024,440174923,2,19,0,18,8,4,0,0,0,0,0,0,1,1,2,1,31,6,-1,-1,-1,-1,10,1,E01022740,0
Unvalidated,2024440174926,2024,440174926,1,9,0,7,3,5,0,8,0,0,0,0,1,1,2,1,30,6,-1,-1,-1,-1,7,1,E01023131,0
Unvalidated,2024440174926,2024,440174926,2,1,0,18,5,1,0,8,0,0,0,0,4,1,2,2,28,6,-1,-1,-1,-1,6,1,E01023138,0
Unvalidated,2024440175099,2024,440175099,1,90,0,18,3,7,0,8,0,0,0,0,1,1,2,1,28,6,-1,-1,-1,-1,3,1,E01017239,1
Unvalidated,2024440175099,2024,440175099,2,9,0,9,6,3,0,8,0,0,0,0,3,1,6,3,-1,-1,-1,-1,-1,-1,-1,-1,-1,0
Unvalidated,2024440175136,2024,440175136,1,3,0,18,8,4,0,8,0,0,0,0,1,1,6,1,17,4,-1,-1,-1,-1,6,1,E01017174,0
Unvalidated,2024440175136,2024,440175136,2,9,0,9,4,2,0,8,0,0,0,0,1,1,6,1,17,4,-1,-1,-1,-1,8,1,E01022786,0
Unvalidated,2024440175167,2024,440175167,1,8,0,1,0,8,0,8,0,0,0,0,2,1,1,3,-1,-1,-1,-1,-1,-1,-1,-1,-1,0
Unvalidated,2024440175167,2024,440175167,2,9,0,9,6,4,0,8,0,0,0,0,1,1,6,3,-1,-1,-1,-1,-1,-1,-1,-1,-1,0
Unvalidated,2024440175353,2024,440175353,1,9,0,18,2,6,0,0,1,0,0,0,1,1,6,1,18,4,-1,-1,-1,-1,-1,-1,-1,0
Unvalidated,2024440175353,2024,440175353,2,9,0,18,2,6,0,0,0,0,0,0,2,1,6,1,19,4,-1,-1,-1,-1,8,2,E01016286,0
Unvalidated,2024440175639,2024,440175639,1,1,0,18,6,2,4,0,0,0,0,0,3,1,2,2,42,7,-1,-1,-1,-1,6,1,E01022812,0
Unvalidated,2024440175639,2024,440175639,2,9,0,4,6,2,0,0,0,0,0,0,4,1,6,3,-1,-1,-1,-1,-1,-1,-1,-1,-1,0
Unvalidated,2024440175688,2024,440175688,1,5,0,16,4,8,0,1,1,11,0,0,1,1,6,1,70,10,-1,-1,-1,-1,4,3,E01017297,0
Unvalidated,2024440175859,2024,440175859,1,9,0,18,6,2,0,0,0,0,0,0,1,1,6,1,49,8,-1,-1,-1,-1,1,1,E01017210,0
Unvalidated,2024440175859,2024,440175859,2,9,0,2,0,0,0,0,0,0,0,0,3,1,6,1,36,7,-1,-1,-1,-1,4,1,E01017235,0
Unvalidated,2024440175859,2024,440175859,3,9,0,2,0,0,0,0,0,0,0,0,3,1,6,1,44,7,-1,-1,-1,-1,-1,-1,-1,0
Unvalidated,2024440175959,2024,440175959,1,5,0,18,1,5,0,0,0,0,0,0,1,1,6,1,60,9,-1,-1,-1,-1,-1,-1,-1,0
Unvalidated,2024440175959,2024,440175959,2,9,0,5,5,8,0,0,0,0,0,0,3,1,6,1,-1,-1,-1,-1,-1,-1,-1,-1,-1,0
Unvalidated,2024440176012,2024,440176012,1,9,0,17,1,7,0,1,0,0,0,0,1,1,6,2,57,9,-1,-1,-1,-1,7,1,E01023257,0
Unvalidated,2024440176267,2024,440176267,1,9,0,18,8,4,0,0,0,0,0,0,1,1,6,1,41,7,-1,-1,-1,-1,9,1,E01022787,0
Unvalidated,2024440176267,2024,440176267,2,9,0,18,8,4,0,0,0,0,0,0,2,1,6,2,63,9,-1,-1,-1,-1,9,1,E01022787,0
Unvalidated,2024440176491,2024,440176491,1,9,0,18,6,2,0,0,0,0,0,0,1,1,6,1,-1,-1,-1,-1,-1,-1,-1,-1,-1,0
Unvalidated,2024440176568,2024,440176568,1,9,0,9,1,7,0,8,0,0,0,0,1,1,1,1,60,9,-1,-1,-1,-1,8,3,E01023232,0