status,collision_index,collision_year,collision_reference,vehicle_reference,vehicle_type,towing_and_articulation,vehicle_manoeuvre,vehicle_direction_from,vehicle_direction_to,vehicle_location_restricted_lane,junction_location,skidding_and_overturning,hit_object_in_carriageway,vehicle_leaving_carriageway,hit_object_off_carriageway,first_point_of_impact,vehicle_left_hand_drive,journey_purpose_of_driver,sex_of_driver,age_of_driver,age_band_of_driver,engine_capacity_cc,propulsion_code,age_of_vehicle,generic_make_model,driver_imd_decile,driver_home_area_type,lsoa_of_driver,escooter_flag
Unvalidated,2024440176568,2024,440176568,2,4,0,18,5,1,0,8,0,0,0,0,3,1,6,1,69,10,-1,-1,-1,-1,8,3,E01023245,0
Unvalidated,2024440176691,2024,440176691,1,9,0,18,4,8,0,0,0,0,1,11,1,1,6,1,27,6,-1,-1,-1,-1,8,1,E01022757,0
Unvalidated,2024440176712,2024,440176712,1,9,0,18,1,5,0,0,0,0,5,6,1,1,6,1,61,9,-1,-1,-1,-1,8,3,E01022631,0
Unvalidated,2024440176823,2024,440176823,1,9,0,18,6,2,0,0,0,0,0,0,2,1,6,2,54,8,-1,-1,-1,-1,6,2,E01031523,0
Unvalidated,2024440176823,2024,440176823,2,20,0,18,6,2,0,0,0,0,0,0,1,1,1,1,-1,-1,-1,-1,-1,-1,-1,1,-1,0
Unvalidated,2024440177093,2024,440177093,1,9,0,3,4,8,0,1,0,0,0,0,2,1,6,2,29,6,-1,-1,-1,-1,7,1,E01017041,0
Unvalidated,2024440177093,2024,440177093,2,9,0,18,4,8,0,1,0,0,0,0,1,1,6,3,-1,-1,-1,-1,-1,-1,-1,-1,-1,0
Unvalidated,2024440177431,2024,440177431,1,3,0,16,1,4,0,0,0,0,0,0,1,1,6,1,21,5,-1,-1,-1,-1,1,1,E01032882,0
Unvalidated,2024440177431,2024,440177431,2,9,0,17,4,1,0,0,0,0,0,0,1,1,6,1,44,7,-1,-1,-1,-1,10,1,E01022749,0
Unvalidated,2024440177693,2024,440177693,1,1,0,18,5,1,0,1,0,0,0,0,1,1,6,1,22,5,-1,-1,-1,-1,3,1,E01017078,0
Unvalidated,2024440177959,2024,440177959,1,19,0,18,2,6,0,2,1,0,0,0,1,1,1,1,39,7,-1,-1,-1,-1,3,1,E01031482,0
Unvalidated,2024440177959,2024,440177959,2,9,0,4,2,6,0,2,1,0,0,0,2,1,6,1,35,6,-1,-1,-1,-1,8,3,E01031466,0
Unvalidated,2024440177959,2024,440177959,3,9,0,4,2,6,0,2,0,0,0,0,2,1,2,2,31,6,-1,-1,-1,-1,-1,-1,-1,0
Unvalidated,2024440178336,2024,440178336,1,9,0,12,6,2,0,0,0,0,0,0,4,1,6,1,79,11,-1,-1,-1,-1,4,1,E01022810,0
Unvalidated,2024440178596,2024,440178596,1,9,0,4,2,6,0,1,0,0,0,0,2,1,6,1,41,7,-1,-1,-1,-1,9,1,E01022909,0
Unvalidated,2024440178596,2024,440178596,2,9,0,4,2,6,0,1,0,0,0,0,1,1,6,2,75,10,-1,-1,-1,-1,6,3,E01017298,0
Unvalidated,2024440178757,2024,440178757,1,9,0,9,4,2,0,8,0,0,0,0,4,1,3,2,40,7,-1,-1,-1,-1,3,1,E01017220,0
Unvalidated,2024440178757,2024,440178757,2,2,0,18,8,4,0,1,0,0,0,0,1,1,6,1,32,6,-1,-1,-1,-1,2,1,E01017216,0
Unvalidated,2024440178865,2024,440178865,1,9,0,18,2,6,0,8,0,0,0,0,1,1,6,1,52,8,-1,-1,-1,-1,10,1,E01023209,0
Unvalidated,2024440178865,2024,440178865,2,9,0,18,6,2,0,8,0,0,0,0,1,1,6,1,43,7,-1,-1,-1,-1,10,1,E01023072,0
Unvalidated,2024440178866,2024,440178866,1,9,0,18,4,8,0,0,0,0,0,0,1,1,6,1,54,8,-1,-1,-1,-1,10,1,E01022748,0
Unvalidated,2024440178866,2024,440178866,2,1,0,18,6,2,0,0,0,0,0,0,3,1,4,1,11,3,-1,-1,-1,-1,10,1,E01022776,0
Unvalidated,2024440178927,2024,440178927,1,9,0,9,2,8,0,1,0,0,0,0,1,1,6,2,24,5,-1,-1,-1,-1,4,1,E01017104,0
Unvalidated,2024440178927,2024,440178927,2,9,0,18,6,2,0,1,0,0,0,0,1,1,6,1,71,10,-1,-1,-1,-1,4,3,E01017297,0
Unvalidated,2024440178927,2024,440178927,3,9,0,8,8,4,0,1,0,0,0,0,3,1,3,2,44,7,-1,-1,-1,-1,5,3,E01017354,0
Unvalidated,2024440179360,2024,440179360,1,1,0,18,8,4,0,1,0,0,0,0,4,1,6,1,17,4,-1,-1,-1,-1,5,1,E01017084,0
Unvalidated,2024440179360,2024,440179360,2,8,0,1,0,6,0,1,0,0,0,0,2,1,1,3,-1,-1,-1,-1,-1,-1,-1,-1,-1,0
Unvalidated,2024440179694,2024,440179694,1,19,0,18,8,4,0,0,0,0,0,0,4,1,1,1,46,8,-1,-1,-1,-1,6,1,E01022672,0
Unvalidated,2024440180118,2024,440180118,1,1,0,18,8,4,0,8,0,0,0,0,4,1,6,1,29,6,-1,-1,-1,-1,5,1,E01022842,0
Unvalidated,2024440180118,2024,440180118,2,9,0,7,4,6,0,5,0,0,0,0,1,1,6,3,-1,-1,-1,-1,-1,-1,-1,-1,-1,0
Unvalidated,2024440180137,2024,440180137,1,1,0,4,2,6,0,1,0,0,0,0,2,1,6,1,84,11,-1,-1,-1,-1,2,1,E01017156,0
Unvalidated,2024440180137,2024,440180137,2,1,0,18,2,6,0,1,0,0,0,0,1,1,1,3,-1,-1,-1,-1,-1,-1,-1,-1,-1,0
Unvalidated,2024440180159,2024,440180159,1,9,0,9,8,6,0,1,0,0,0,0,2,1,6,2,31,6,-1,-1,-1,-1,10,1,E01022693,0
Unvalidated,2024440180159,2024,440180159,2,9,0,18,8,4,0,1,0,0,0,0,1,1,6,2,-1,-1,-1,-1,-1,-1,-1,-1,-1,0
Unvalidated,2024440180162,2024,440180162,1,9,0,9,1,8,0,8,0,0,0,0,1,1,6,2,41,7,-1,-1,-1,-1,6,1,E01022824,0
Unvalidated,2024440180162,2024,440180162,2,9,0,9,5,3,0,8,0,0,0,0,1,1,6,2,40,7,-1,-1,-1,-1,2,1,E01022833,0
Unvalidated,2024440180289,2024,440180289,1,90,0,18,5,1,0,1,0,0,0,0,1,1,6,1,32,6,-1,-1,-1,-1,5,1,E01017024,1
Unvalidated,2024440180289,2024,440180289,2,9,0,7,5,7,0,5,0,0,0,0,4,1,6,1,-1,-1,-1,-1,-1,-1,2,1,E01017132,0
Unvalidated,2024440180453,2024,440180453,1,1,0,9,1,6,0,0,0,0,0,0,1,1,6,1,52,8,-1,-1,-1,-1,5,1,E01017027,0
Unvalidated,2024440180604,2024,440180604,1,20,0,18,8,4,0,1,0,0,0,0,4,1,6,3,-1,-1,-1,-1,-1,-1,-1,-1,-1,0
Unvalidated,2024440180684,2024,440180684,1,9,0,9,1,7,0,6,0,0,0,0,1,1,6,2,51,8,-1,-1,-1,-1,2,1,E01022913,0
Unvalidated,2024440180684,2024,440180684,2,5,0,13,3,7,0,1,0,0,0,0,3,1,6,1,73,10,-1,-1,-1,-1,4,1,E01022804,0
Unvalidated,2024440181049,2024,440181049,1,1,0,18,3,7,0,0,0,0,0,0,1,1,6,1,-1,-1,-1,-1,-1,-1,-1,-1,-1,0
Unvalidated,2024440181091,2024,440181091,1,9,0,7,1,3,0,6,0,0,3,0,0,1,6,2,20,4,-1,-1,-1,-1,9,1,E01022611,0
Unvalidated,2024440183024,2024,440183024,1,1,0,18,3,7,0,8,0,0,0,0,4,1,6,1,43,7,-1,-1,-1,-1,1,1,E01017280,0
Unvalidated,2024440183024,2024,440183024,2,9,0,9,5,3,0,6,0,0,0,0,1,1,6,1,-1,-1,-1,-1,-1,-1,-1,-1,-1,0
Unvalidated,2024440184662,2024,440184662,1,9,0,10,3,7,0,1,0,0,0,0,2,1,6,2,22,5,-1,-1,-1,-1,5,1,E01017025,0
Unvalidated,2024440184662,2024,440184662,2,8,0,18,3,7,0,1,0,0,0,0,1,1,1,1,-1,-1,-1,-1,-1,-1,2,1,E01017032,0
Unvalidated,2024451393623,2024,451393623,1,9,0,18,3,7,0,0,0,0,0,0,3,1,5,2,26,6,-1,-1,-1,-1,8,3,E01022604,0
Unvalidated,2024451393638,2024,451393638,1,9,0,18,1,5,0,0,0,0,0,0,1,1,5,2,26,6,-1,-1,-1,-1,4,1,E01003317,0
Unvalidated,2024451393638,2024,451393638,2,9,0,2,0,0,0,0,0,0,0,0,1,1,6,3,-1,-1,-1,-1,-1,-1,-1,-1,-1,0
Unvalidated,2024451394012,2024,451394012,1,9,0,7,5,1,0,2,0,0,1,2,3,1,5,1,80,11,-1,-1,-1,-1,3,1,E01030400,0
Unvalidated,2024451394021,2024,451394021,1,98,0,18,1,5,0,1,0,0,0,0,1,1,2,1,34,6,-1,-1,-1,-1,5,1,E01032724,0
Unvalidated,2024451394022,2024,451394022,1,9,0,18,5,1,0,0,1,0,2,7,1,1,5,2,23,5,-1,-1,-1,-1,9,1,E01022633,0
Unvalidated,2024451394044,2024,451394044,1,98,0,9,0,1,9,0,0,0,0,0,4,1,1,1,61,9,-1,-1,-1,-1,9,1,E01016219,0
Unvalidated,2024451394044,2024,451394044,2,97,0,18,1,5,0,0,1,0,0,0,4,1,5,1,19,4,-1,-1,-1,-1,7,3,E01030569,0
Unvalidated,2024451394044,2024,451394044,3,98,0,18,5,1,0,0,0,0,0,0,3,1,1,1,50,8,-1,-1,-1,-1,-1,-1,-1,0
Unvalidated,2024451394130,2024,451394130,1,9,0,18,3,7,0,0,5,0,1,9,3,1,1,1,29,6,-1,-1,-1,-1,2,1,E01001710,0
Unvalidated,2024451394130,2024,451394130,2,9,0,2,0,0,0,0,0,0,0,0,3,1,1,1,60,9,-1,-1,-1,-1,9,1,E01016169,0
Unvalidated,2024451394130,2024,451394130,3,9,0,18,3,7,0,0,1,4,0,0,1,1,1,1,38,7,-1,-1,-1,-1,5,1,E01015993,0
Unvalidated,2024451394241,2024,451394241,1,9,0,18,1,5,0,0,0,11,0,0,1,1,6,2,74,10,-1,-1,-1,-1,10,1,E01030353,0
Unvalidated,2024451394371,2024,451394371,1,9,0,18,5,1,0,0,0,0,0,0,4,1,2,1,24,5,-1,-1,-1,-1,8,1,E01030994,0
Unvalidated,2024451394371,2024,451394371,2,9,0,99,5,1,0,0,1,0,0,0,9,1,6,2,20,4,-1,-1,-1,-1,-1,-1,-1,0
Unvalidated,2024451394371,2024,451394371,3,9,0,99,5,1,0,0,0,0,0,0,9,1,6,2,20,4,-1,-1,-1,-1,-1,-1,-1,0
Unvalidated,2024451394495,2024,451394495,1,3,0,18,1,3,0,8,0,0,0,0,0,1,1,1,21,5,-1,-1,-1,-1,6,1,E01023143,0
Unvalidated,2024451394495,2024,451394495,2,9,0,18,1,3,0,8,0,0,0,0,1,1,6,3,30,6,-1,-1,-1,-1,-1,-1,-1,0
Unvalidated,2024451394496,2024,451394496,1,1,0,18,1,5,9,0,0,0,0,0,1,1,5,1,13,3,-1,-1,-1,-1,-1,-1,-1,0
Unvalidated,2024451394532,2024,451394532,1,9,0,9,7,3,0,8,0,0,0,0,4,1,3,1,41,7,-1,-1,-1,-1,6,3,E01030555,0
Unvalidated,2024451394532,2024,451394532,2,97,0,18,3,7,0,8,0,0,0,0,1,1,2,1,19,4,-1,-1,-1,-1,9,3,E01030441,0
Unvalidated,2024451394532,2024,451394532,3,9,0,9,3,7,0,8,0,0,0,0,0,1,2,2,22,5,-1,-1,-1,-1,10,1,E01030682,0
Unvalidated,2024451394539,2024,451394539,1,9,0,5,0,7,0,0,0,0,0,0,2,1,5,1,72,10,-1,-1,-1,-1,8,1,E01030409,0
Unvalidated,2024451394568,2024,451394568,1,9,0,2,0,0,0,8,0,0,0,0,3,1,3,2,38,7,-1,-1,-1,-1,8,1,E01030848,0
Unvalidated,2024451394568,2024,451394568,2,9,0,18,7,3,0,8,0,0,0,0,4,1,6,3,45,7,-1,-1,-1,-1,-1,-1,-1,0
Unvalidated,2024451394601,2024,451394601,1,9,0,4,1,1,0,0,0,0,0,0,2,1,5,2,25,5,-1,-1,-1,-1,7,1,E01023257,0
Unvalidated,2024451394601,2024,451394601,2,9,0,18,1,5,0,0,0,0,0,0,2,1,6,2,45,7,-1,-1,-1,-1,-1,-1,-1,0
Unvalidated,2024451394601,2024,451394601,3,9,0,18,1,5,0,0,0,0,0,0,1,1,6,2,45,7,-1,-1,-1,-1,-1,-1,-1,0
Unvalidated,2024451394604,2024,451394604,1,3,0,18,6,2,0,1,0,0,0,0,3,1,2,1,22,5,-1,-1,-1,-1,3,1,E01030952,0
Unvalidated,2024451394604,2024,451394604,2,9,0,5,6,2,0,1,0,0,0,0,4,1,6,1,30,6,-1,-1,-1,-1,-1,-1,-1,0
Unvalidated,2024451394615,2024,451394615,1,9,0,18,1,5,0,0,0,4,0,0,1,1,1,2,48,8,-1,-1,-1,-1,10,1,E01030299,0
Unvalidated,2024451394615,2024,451394615,2,9,0,2,0,0,0,0,0,0,0,0,3,1,6,3,40,7,-1,-1,-1,-1,-1,-1,-1,0
Unvalidated,2024451394615,2024,451394615,3,9,0,2,0,0,0,0,0,0,0,0,2,1,6,3,-1,-1,-1,-1,-1,-1,-1,-1,-1,0
Unvalidated,2024451394665,2024,451394665,1,3,0,3,1,5,0,0,0,0,0,0,2,1,5,1,55,8,-1,-1,-1,-1,8,1,E01030662,0
Unvalidated,2024451394665,2024,451394665,2,9,0,18,1,5,0,0,0,0,0,0,1,1,6,1,30,6,-1,-1,-1,-1,-1,-1,-1,0
Unvalidated,2024451394853,2024,451394853,1,97,0,18,3,7,0,1,1,0,0,0,1,1,1,1,34,6,-1,-1,-1,-1,4,1,E01002596,0
Unvalidated,2024451394853,2024,451394853,2,9,0,4,3,7,0,1,0,0,0,0,2,1,5,1,85,11,-1,-1,-1,-1,9,1,E01030731,0
Unvalidated,2024451394924,2024,451394924,1,9,0,6,8,8,0,8,0,0,0,0,1,1,5,2,81,11,-1,-1,-1,-1,10,1,E01030341,0
Unvalidated,2024451394924,2024,451394924,2,1,0,18,5,1,0,1,5,0,0,0,2,1,5,2,43,7,-1,-1,-1,-1,8,1,E01030359,0
Unvalidated,2024451394943,2024,451394943,1,9,0,18,3,7,0,1,0,0,0,0,1,1,5,2,77,11,-1,-1,-1,-1,10,1,E01030753,0
Unvalidated,2024451394943,2024,451394943,2,97,0,10,3,1,0,5,0,0,0,0,2,1,2,1,56,9,-1,-1,-1,-1,7,1,E01001314,0
Unvalidated,2024451394949,2024,451394949,1,9,0,18,5,1,0,8,1,0,0,0,3,1,5,1,20,4,-1,-1,-1,-1,4,3,E01030816,0
Unvalidated,2024451394949,2024,451394949,2,9,0,9,7,1,0,4,0,0,0,0,3,1,5,1,23,5,-1,-1,-1,-1,5,1,E01031583,0
Unvalidated,2024451395025,2024,451395025,1,9,0,5,1,5,0,8,0,0,0,0,3,1,2,2,73,10,-1,-1,-1,-1,4,1,E01001015,0
Unvalidated,2024451395025,2024,451395025,2,9,0,18,7,3,0,8,0,0,0,0,1,1,6,3,40,7,-1,-1,-1,-1,-1,-1,-1,0
Unvalidated,2024451395049,2024,451395049,1,9,0,12,3,1,0,6,0,0,0,0,4,1,4,2,22,5,-1,-1,-1,-1,7,1,E01030361,0
Unvalidated,2024451395227,2024,451395227,1,98,0,18,3,7,0,0,0,0,0,0,1,1,5,1,51,8,-1,-1,-1,-1,10,2,E01030558,0
Unvalidated,2024451395265,2024,451395265,1,19,0,18,5,1,0,0,0,0,0,0,1,1,6,1,35,6,-1,-1,-1,-1,9,1,E01030731,0
Unvalidated,2024451395289,2024,451395289,1,97,0,18,1,5,0,0,1,0,0,0,1,1,6,1,16,4,-1,-1,-1,-1,3,1,E01030354,0
Unvalidated,2024451395289,2024,451395289,2,97,0,18,1,4,0,0,0,0,0,0,1,1,6,3,98,11,-1,-1,-1,-1,-1,-1,-1,0
Unvalidated,2024451395302,2024,451395302,1,9,0,18,5,1,0,0,0,0,0,0,1,1,5,1,27,6,-1,-1,-1,-1,4,1,E01016462,0
Unvalidated,2024451395302,2024,451395302,2,98,0,18,1,5,1,0,0,0,0,0,1,1,2,1,55,8,-1,-1,-1,-1,5,1,E01030664,0
Unvalidated,2024451395320,2024,451395320,1,9,0,16,6,2,0,0,1,4,0,0,1,1,5,1,48,8,-1,-1,-1,-1,5,1,E01030640,0
Unvalidated,2024451395320,2024,451395320,2,9,0,2,0,0,0,0,0,0,0,0,2,1,6,3,-1,-1,-1,-1,-1,-1,-1,-1,-1,0
Unvalidated,2024451395388,2024,451395388,1,1,0,18,8,4,0,0,0,0,0,0,3,1,5,1,46,8,-1,-1,-1,-1,9,1,E01031001,0
Unvalidated,2024451395388,2024,451395388,2,9,0,18,2,6,0,0,0,0,0,0,1,1,6,1,20,4,-1,-1,-1,-1,-1,-1,-1,0
Unvalidated,2024451395405,2024,451395405,1,9,0,9,7,3,0,1,1,0,1,0,2,1,5,2,27,6,-1,-1,-1,-1,9,1,E01033101,0
Unvalidated,2024451395405,2024,451395405,2,9,0,18,5,7,0,1,0,0,0,0,1,1,5,2,78,11,-1,-1,-1,-1,10,2,E01030876,0
Unvalidated,2024451395424,2024,451395424,1,9,0,12,4,8,0,0,0,0,0,0,1,1,1,1,58,9,-1,-1,-1,-1,2,1,E01016480,0
Unvalidated,2024451395424,2024,451395424,2,9,0,18,4,8,0,0,0,0,0,0,2,1,2,1,23,5,-1,-1,-1,-1,4,1,E01032732,0
Unvalidated,2024451395424,2024,451395424,3,9,0,4,4,8,0,0,0,0,0,0,2,1,2,1,52,8,-1,-1,-1,-1,4,1,E01016120,0
Unvalidated,2024451395461,2024,451395461,1,9,0,18,5,1,0,0,0,0,0,0,1,1,5,1,19,4,-1,-1,-1,-1,6,1,E01031636,0
Unvalidated,2024451395461,2024,451395461,2,9,0,18,5,1,0,0,0,0,0,0,2,1,5,1,23,5,-1,-1,-1,-1,5,2,E01031614,0
Unvalidated,2024451395461,2024,451395461,3,9,0,18,1,5,0,0,0,0,0,0,0,1,1,1,42,7,-1,-1,-1,-1,8,1,E01030452,0
Unvalidated,2024451395463,2024,451395463,1,1,0,18,7,3,0,0,0,0,0,0,4,1,5,1,52,8,-1,-1,-1,-1,9,1,E01030372,0
Unvalidated,2024451395463,2024,451395463,2,9,0,18,7,3,0,0,0,0,0,0,1,1,6,1,30,6,-1,-1,-1,-1,-1,-1,-1,0
Unvalidated,2024451395463,2024,451395463,3,1,0,18,3,7,0,0,1,0,0,0,4,1,5,1,52,8,-1,-1,-1,-1,9,1,E01030301,0
Unvalidated,2024451395509,2024,451395509,1,9,0,5,6,2,0,0,0,0,0,0,1,1,5,2,66,10,-1,-1,-1,-1,5,1,E01003945,0
Unvalidated,2024451395509,2024,451395509,2,9,0,18,2,6,0,0,0,0,1,0,3,1,5,2,60,9,-1,-1,-1,-1,10,1,E01030604,0
Unvalidated,2024451395637,2024,451395637,1,9,0,9,7,1,0,8,0,0,0,0,4,1,5,1,34,6,-1,-1,-1,-1,-1,-1,-1,0
Unvalidated,2024451395637,2024,451395637,2,9,0,18,5,1,0,8,0,0,0,0,1,1,2,2,36,7,-1,-1,-1,-1,10,1,E01030961,0
Unvalidated,2024451395676,2024,451395676,1,97,0,13,3,7,0,1,5,0,7,0,4,1,6,1,57,9,-1,-1,-1,-1,6,1,E01002957,0
Unvalidated,2024451395676,2024,451395676,2,9,0,9,3,7,0,8,0,0,0,0,3,1,5,1,49,8,-1,-1,-1,-1,7,1,E01030520,0
Unvalidated,2024451395698,2024,451395698,1,9,0,18,1,5,0,2,0,0,0,0,3,1,2,2,64,9,-1,-1,-1,-1,8,1,E01004193,0
Unvalidated,2024451396074,2024,451396074,1,9,0,18,1,5,0,0,0,0,0,0,4,1,6,3,25,5,-1,-1,-1,-1,-1,-1,-1,0
Unvalidated,2024451396079,2024,451396079,1,9,0,18,1,5,0,1,0,0,1,1,1,1,5,2,74,10,-1,-1,-1,-1,10,2,E01030873,0
Unvalidated,2024451396105,2024,451396105,1,1,0,18,1,5,0,8,1,0,0,0,1,1,5,1,59,9,-1,-1,-1,-1,8,1,E01030708,0
Unvalidated,2024451396105,2024,451396105,2,9,0,18,7,3,0,7,0,0,0,0,1,1,6,2,98,11,-1,-1,-1,-1,-1,-1,-1,0
Unvalidated,2024451396117,2024,451396117,1,3,0,18,1,3,0,1,0,0,0,0,0,1,6,1,28,6,-1,-1,-1,-1,5,3,E01016577,0
Unvalidated,2024451396117,2024,451396117,2,9,0,9,1,3,0,1,0,0,0,0,4,1,6,2,30,6,-1,-1,-1,-1,-1,-1,-1,0
Unvalidated,2024451396137,2024,451396137,1,9,0,18,3,7,0,0,0,0,0,0,2,1,5,1,29,6,-1,-1,-1,-1,9,1,E01030612,0
Unvalidated,2024451396137,2024,451396137,2,9,0,18,3,7,0,0,0,7,1,1,2,1,5,1,45,7,-1,-1,-1,-1,4,1,E01024742,0
Unvalidated,2024451396137,2024,451396137,3,9,0,18,3,7,0,0,0,0,0,0,1,1,5,1,32,6,-1,-1,-1,-1,2,1,E01001700,0
Unvalidated,2024451396142,2024,451396142,1,9,0,9,1,5,0,8,0,0,0,0,1,1,6,2,38,7,-1,-1,-1,-1,2,1,E01022964,0
Unvalidated,2024451396142,2024,451396142,2,9,0,18,1,5,0,1,0,0,0,0,1,1,5,1,68,10,-1,-1,-1,-1,6,1,E01030896,0
Unvalidated,2024451396153,2024,451396153,1,97,0,18,5,1,0,0,5,10,1,0,4,1,2,1,38,7,-1,-1,-1,-1,6,1,E01001016,0
Unvalidated,2024451396346,2024,451396346,1,9,0,17,7,3,0,0,0,0,0,0,1,1,5,1,42,7,-1,-1,-1,-1,4,1,E01016378,0
Unvalidated,2024451396346,2024,451396346,2,9,0,16,3,7,0,0,0,0,0,0,1,1,5,1,80,11,-1,-1,-1,-1,8,3,E01030908,0
Unvalidated,2024451396355,2024,451396355,1,9,0,5,7,3,0,6,0,0,0,0,1,1,1,1,56,9,-1,-1,-1,-1,8,1,E01030575,0
Unvalidated,2024451396355,2024,451396355,2,9,0,18,5,5,0,2,0,0,1,5,3,1,2,1,28,6,-1,-1,-1,-1,9,1,E01030574,0
Unvalidated,2024451396488,2024,451396488,1,9,0,18,1,5,0,1,1,0,0,0,1,1,3,2,30,6,-1,-1,-1,-1,8,3,E01030474,0
Unvalidated,2024451396488,2024,451396488,2,9,0,9,6,6,0,5,0,0,1,0,4,1,5,1,21,5,-1,-1,-1,-1,10,1,E01030762,0
Unvalidated,2024451396567,2024,451396567,1,9,0,18,3,7,0,2,0,0,7,4,1,1,5,1,17,4,-1,-1,-1,-1,10,3,E01030499,0
Unvalidated,2024451396711,2024,451396711,2,9,0,1,1,1,0,0,0,0,0,0,1,1,6,1,60,9,-1,-1,-1,-1,-1,-1,-1,0
Unvalidated,2024451396755,2024,451396755,1,22,0,18,1,5,99,8,0,0,0,0,1,1,5,2,53,8,-1,-1,-1,-1,9,1,E01030731,0
Unvalidated,2024451396755,2024,451396755,2,9,0,99,7,3,99,8,0,0,0,0,4,1,6,2,98,11,-1,-1,-1,-1,-1,-1,-1,0
Unvalidated,2024451396847,2024,451396847,1,3,0,3,1,5,0,0,5,0,0,0,1,1,1,2,40,7,-1,-1,-1,-1,10,1,E01030585,0
Unvalidated,2024451396847,2024,451396847,2,19,0,1,1,5,0,0,0,0,0,0,2,1,6,1,32,6,-1,-1,-1,-1,-1,-1,-1,0
Unvalidated,2024451396912,2024,451396912,1,9,0,5,7,3,0,8,0,0,0,0,3,1,1,1,70,10,-1,-1,-1,-1,8,1,E01030630,0
Unvalidated,2024451396912,2024,451396912,2,97,0,18,7,3,0,8,5,0,0,0,3,1,5,2,33,6,-1,-1,-1,-1,4,1,E01030634,0
Unvalidated,2024451397017,2024,451397017,1,9,0,18,1,1,0,0,0,0,0,0,4,1,1,2,54,8,-1,-1,-1,-1,9,1,E01003899,0
Unvalidated,2024451397017,2024,451397017,2,97,0,7,1,1,0,0,0,0,0,0,1,1,1,1,56,9,-1,-1,-1,-1,10,1,E01030316,0
Unvalidated,2024451397076,2024,451397076,1,9,0,7,1,5,0,2,0,0,0,0,1,1,5,2,45,7,-1,-1,-1,-1,8,1,E01030668,0
Unvalidated,2024451397076,2024,451397076,2,9,0,13,5,1,0,1,0,0,0,0,1,1,2,1,30,6,-1,-1,-1,-1,5,1,E01030664,0
Unvalidated,2024451397140,2024,451397140,1,97,0,18,3,7,0,1,2,0,3,0,4,1,2,1,28,6,-1,-1,-1,-1,7,1,E01030332,0
Unvalidated,2024451397341,2024,451397341,1,1,0,18,3,7,9,0,0,0,0,0,0,1,6,2,56,9,-1,-1,-1,-1,10,1,E01030670,0
Unvalidated,2024451397377,2024,451397377,1,19,0,2,0,0,0,0,0,0,0,0,2,1,1,1,51,8,-1,-1,-1,-1,2,1,E01027349,0
Unvalidated,2024451397377,2024,451397377,2,21,1,9,7,3,0,0,0,0,0,0,2,1,6,1,59,9,-1,-1,-1,-1,3,1,E01032094,0
Unvalidated,2024451397469,2024,451397469,1,9,0,18,5,1,0,0,0,0,0,0,2,1,5,1,50,8,-1,-1,-1,-1,1,1,E01002092,0
Unvalidated,2024451397469,2024,451397469,2,9,0,18,5,1,0,0,0,0,0,0,1,1,1,1,46,8,-1,-1,-1,-1,5,1,E01002977,0
Unvalidated,2024451397544,2024,451397544,1,9,0,18,8,4,0,0,0,0,1,4,1,1,5,2,17,4,-1,-1,-1,-1,10,3,E01030878,0
Unvalidated,2024451397622,2024,451397622,1,9,0,18,6,2,0,0,0,0,2,4,3,1,2,1,23,5,-1,-1,-1,-1,8,3,E01030879,0
Unvalidated,2024451397631,2024,451397631,1,9,0,18,5,1,0,0,0,0,0,0,3,1,5,2,36,7,-1,-1,-1,-1,7,1,E01030423,0
Unvalidated,2024451397631,2024,451397631,2,21,0,11,5,1,0,0,0,0,0,0,4,1,1,1,36,7,-1,-1,-1,-1,7,3,W01000484,0
Unvalidated,2024451397665,2024,451397665,1,98,0,18,1,5,0,1,0,0,0,0,3,1,1,1,63,9,-1,-1,-1,-1,3,1,E01024103,0
Unvalidated,2024451397665,2024,451397665,2,9,0,9,3,1,0,6,0,0,0,0,3,1,6,2,57,9,-1,-1,-1,-1,3,1,E01007363,0
Unvalidated,2024451397759,2024,451397759,1,9,0,14,2,6,0,0,0,0,0,0,1,1,1,2,39,7,-1,-1,-1,-1,7,1,E01030993,0
Unvalidated,2024451397759,2024,451397759,2,1,0,18,6,2,0,0,0,0,0,0,1,1,6,1,35,6,-1,-1,-1,-1,10,1,E01030958,0
Unvalidated,2024451397797,2024,451397797,1,9,0,9,3,1,0,8,0,0,0,0,1,1,5,1,23,5,-1,-1,-1,-1,6,1,E01001073,0
Unvalidated,2024451397797,2024,451397797,2,9,0,18,1,5,0,8,0,0,0,0,1,1,6,1,44,7,-1,-1,-1,-1,8,1,E01002414,0
Unvalidated,2024451398006,2024,451398006,1,3,0,18,1,1,0,0,0,0,0,0,1,1,2,2,31,6,-1,-1,-1,-1,9,3,E01016575,0
Unvalidated,2024451398006,2024,451398006,2,9,0,1,1,1,0,0,0,0,0,0,2,1,6,3,40,7,-1,-1,-1,-1,-1,-1,-1,0
Unvalidated,2024451398105,2024,451398105,1,9,0,18,3,7,0,0,0,4,0,0,1,1,5,2,17,4,-1,-1,-1,-1,4,1,E01030745,0
Unvalidated,2024451398105,2024,451398105,2,9,0,2,0,0,0,0,0,4,0,0,2,1,6,3,-1,-1,-1,-1,-1,-1,-1,-1,-1,0
Unvalidated,2024451398105,2024,451398105,3,9,0,2,0,0,0,0,0,4,0,0,1,1,6,3,-1,-1,-1,-1,-1,-1,-1,-1,-1,0