status,collision_index,collision_year,collision_reference,vehicle_reference,vehicle_type,towing_and_articulation,vehicle_manoeuvre,vehicle_direction_from,vehicle_direction_to,vehicle_location_restricted_lane,junction_location,skidding_and_overturning,hit_object_in_carriageway,vehicle_leaving_carriageway,hit_object_off_carriageway,first_point_of_impact,vehicle_left_hand_drive,journey_purpose_of_driver,sex_of_driver,age_of_driver,age_band_of_driver,engine_capacity_cc,propulsion_code,age_of_vehicle,generic_make_model,driver_imd_decile,driver_home_area_type,lsoa_of_driver,escooter_flag
Unvalidated,2024451398105,2024,451398105,4,9,0,2,0,0,0,0,0,4,0,0,1,1,6,3,-1,-1,-1,-1,-1,-1,-1,-1,-1,0
Unvalidated,2024451398108,2024,451398108,1,9,0,17,2,6,0,0,0,0,0,0,1,1,5,2,56,9,-1,-1,-1,-1,5,1,E01031571,0
Unvalidated,2024451398119,2024,451398119,1,9,0,13,5,1,0,1,5,0,2,0,1,1,5,1,31,6,-1,-1,-1,-1,5,1,E01030484,0
Unvalidated,2024451398119,2024,451398119,2,9,0,18,1,5,0,2,0,0,0,0,0,1,6,3,-1,-1,-1,-1,-1,-1,-1,-1,-1,0
Unvalidated,2024451398119,2024,451398119,3,9,0,4,5,1,0,1,0,0,0,0,0,1,6,3,-1,-1,-1,-1,-1,-1,-1,-1,-1,0
Unvalidated,2024451398142,2024,451398142,1,1,0,9,2,7,0,3,0,0,0,0,4,1,2,1,20,4,-1,-1,-1,-1,8,3,E01030784,0
Unvalidated,2024451398142,2024,451398142,2,9,0,3,6,2,0,4,0,0,0,0,1,1,6,1,30,6,-1,-1,-1,-1,-1,-1,-1,0
Unvalidated,2024451398184,2024,451398184,1,9,0,18,5,1,0,0,0,0,0,0,1,1,5,2,31,6,-1,-1,-1,-1,5,1,E01031584,0
Unvalidated,2024451398184,2024,451398184,2,9,0,6,5,1,0,0,0,0,0,0,1,1,5,2,40,7,-1,-1,-1,-1,4,1,E01005031,0
Unvalidated,2024451398222,2024,451398222,1,9,0,4,1,3,0,4,0,0,0,0,3,1,2,2,30,6,-1,-1,-1,-1,-1,1,-1,0
Unvalidated,2024451398233,2024,451398233,1,9,0,3,1,5,0,0,0,0,0,0,2,1,5,2,24,5,-1,-1,-1,-1,6,1,E01030455,0
Unvalidated,2024451398233,2024,451398233,2,9,0,18,1,5,0,0,0,0,0,0,1,1,6,1,40,7,-1,-1,-1,-1,8,1,E01030994,0
Unvalidated,2024451398269,2024,451398269,1,97,0,4,6,2,0,1,2,0,0,0,3,1,1,1,31,6,-1,-1,-1,-1,6,1,E01030751,0
Unvalidated,2024451398279,2024,451398279,1,9,0,18,5,1,0,1,0,0,0,0,1,1,1,1,45,7,-1,-1,-1,-1,5,1,E01030572,0
Unvalidated,2024451398343,2024,451398343,1,9,0,3,1,5,0,0,0,0,0,0,2,1,6,2,29,6,-1,-1,-1,-1,5,1,E01030962,0
Unvalidated,2024451398343,2024,451398343,2,9,0,18,1,5,0,0,0,0,0,0,1,1,6,1,36,7,-1,-1,-1,-1,-1,-1,-1,0
Unvalidated,2024451398402,2024,451398402,1,19,0,18,1,5,0,0,0,0,0,0,1,1,6,1,40,7,-1,-1,-1,-1,-1,-1,-1,0
Unvalidated,2024451398402,2024,451398402,2,1,0,18,1,5,0,0,0,0,0,0,2,1,2,1,33,6,-1,-1,-1,-1,8,1,E01030800,0
Unvalidated,2024451398435,2024,451398435,1,9,0,18,5,1,0,0,0,0,7,4,1,1,5,2,67,10,-1,-1,-1,-1,10,1,E01030799,0
Unvalidated,2024451398586,2024,451398586,1,97,0,16,7,3,0,0,0,0,1,0,4,1,2,1,19,4,-1,-1,-1,-1,9,1,E01030305,0
Unvalidated,2024451398586,2024,451398586,2,9,0,18,3,7,0,0,0,0,0,0,0,1,6,3,45,7,-1,-1,-1,-1,-1,-1,-1,0
Unvalidated,2024451398604,2024,451398604,1,9,0,18,7,3,0,0,5,0,1,10,1,1,2,2,20,4,-1,-1,-1,-1,7,1,E01030858,0
Unvalidated,2024451398623,2024,451398623,1,98,0,5,2,6,0,4,0,0,0,0,3,1,1,1,56,9,-1,-1,-1,-1,10,1,E01030727,0
Unvalidated,2024451398623,2024,451398623,2,98,0,7,1,3,0,3,0,0,0,0,1,1,1,1,37,7,-1,-1,-1,-1,4,1,E01024395,0
Unvalidated,2024451398652,2024,451398652,1,9,0,18,1,5,0,2,0,0,0,0,1,1,5,1,60,9,-1,-1,-1,-1,8,1,E01001022,0
Unvalidated,2024451398673,2024,451398673,1,9,0,18,3,7,0,0,0,0,0,0,4,1,6,1,30,6,-1,-1,-1,-1,7,1,E01030594,0
Unvalidated,2024451398719,2024,451398719,1,9,0,17,1,5,0,0,5,0,7,0,4,1,5,2,18,4,-1,-1,-1,-1,8,1,E01030595,0
Unvalidated,2024451398754,2024,451398754,1,98,0,9,1,5,0,8,0,0,0,0,1,1,6,1,60,9,-1,-1,-1,-1,9,3,E01030477,0
Unvalidated,2024451398770,2024,451398770,1,1,0,18,1,5,0,1,0,0,0,0,3,1,2,1,39,7,-1,-1,-1,-1,7,1,E01030451,0
Unvalidated,2024451398770,2024,451398770,2,9,0,7,1,5,0,1,0,0,0,0,4,1,6,2,18,4,-1,-1,-1,-1,9,3,E01030441,0
Unvalidated,2024451398818,2024,451398818,1,1,0,3,5,1,0,0,0,0,0,0,2,1,5,1,26,6,-1,-1,-1,-1,10,1,E01030917,0
Unvalidated,2024451398818,2024,451398818,2,9,0,18,5,1,0,0,0,0,0,0,2,1,6,1,41,7,-1,-1,-1,-1,-1,-1,-1,0
Unvalidated,2024451398848,2024,451398848,1,9,0,18,7,3,0,0,0,0,0,0,3,1,6,3,64,9,-1,-1,-1,-1,7,1,E01030629,0
Unvalidated,2024451398855,2024,451398855,1,9,0,18,5,1,0,1,0,0,7,6,1,1,2,2,30,6,-1,-1,-1,-1,-1,1,-1,0
Unvalidated,2024451398899,2024,451398899,1,9,0,18,3,7,0,1,1,0,0,0,1,1,5,2,35,6,-1,-1,-1,-1,10,1,E01030388,0
Unvalidated,2024451398899,2024,451398899,2,9,0,5,5,1,0,8,0,0,0,0,4,1,5,2,74,10,-1,-1,-1,-1,10,1,E01030395,0
Unvalidated,2024451398986,2024,451398986,1,9,0,9,5,3,0,2,0,0,0,0,1,1,3,1,47,8,-1,-1,-1,-1,10,1,E01030513,0
Unvalidated,2024451398986,2024,451398986,2,9,0,18,3,7,0,2,0,0,0,0,4,1,1,2,41,7,-1,-1,-1,-1,10,1,E01004196,0
Unvalidated,2024451398986,2024,451398986,3,9,0,9,7,3,0,1,0,0,0,0,1,1,3,2,29,6,-1,-1,-1,-1,6,1,E01030548,0
Unvalidated,2024451398986,2024,451398986,4,9,0,18,7,3,0,1,0,0,0,0,3,1,1,1,60,9,-1,-1,-1,-1,10,1,E01030506,0
Unvalidated,2024451399034,2024,451399034,1,9,0,18,4,8,0,1,0,0,1,2,1,1,5,2,31,6,-1,-1,-1,-1,6,1,E01030336,0
Unvalidated,2024451399050,2024,451399050,1,9,0,6,1,5,0,1,0,0,0,0,2,1,5,2,35,6,-1,-1,-1,-1,4,1,E01030676,0
Unvalidated,2024451399050,2024,451399050,2,9,0,18,6,2,0,1,0,0,0,0,1,1,2,1,30,6,-1,-1,-1,-1,6,1,E01030801,0
Unvalidated,2024451399120,2024,451399120,1,9,0,7,4,2,0,3,0,0,0,0,4,1,5,1,70,10,-1,-1,-1,-1,10,1,E01030322,0
Unvalidated,2024451399120,2024,451399120,2,1,0,18,3,7,0,8,0,0,0,0,1,1,6,1,18,4,-1,-1,-1,-1,10,1,E01030388,0
Unvalidated,2024451399131,2024,451399131,1,9,0,18,5,1,9,1,0,0,2,11,1,1,5,2,74,10,-1,-1,-1,-1,8,3,E01030440,0
Unvalidated,2024451399148,2024,451399148,1,3,0,18,1,5,0,0,1,0,0,0,0,1,6,1,30,6,-1,-1,-1,-1,5,1,E01030663,0
Unvalidated,2024451399166,2024,451399166,1,9,0,8,5,1,0,1,0,0,0,0,2,1,5,2,57,9,-1,-1,-1,-1,3,1,E01030588,0
Unvalidated,2024451399166,2024,451399166,2,9,0,18,5,1,0,1,0,0,0,0,1,1,1,1,52,8,-1,-1,-1,-1,8,1,E01030580,0
Unvalidated,2024451399171,2024,451399171,1,9,0,16,1,5,0,1,0,0,0,0,3,1,2,1,40,7,-1,-1,-1,-1,9,1,E01030933,0
Unvalidated,2024451399171,2024,451399171,2,9,0,18,5,1,0,2,0,0,0,0,3,1,2,2,32,6,-1,-1,-1,-1,10,1,E01030931,0
Unvalidated,2024451399175,2024,451399175,1,9,0,18,3,7,0,8,0,0,0,0,1,1,2,2,26,6,-1,-1,-1,-1,4,1,E01030805,0
Unvalidated,2024451399175,2024,451399175,2,9,0,18,7,3,0,8,0,0,0,0,1,1,1,2,58,9,-1,-1,-1,-1,6,1,E01030801,0
Unvalidated,2024451399191,2024,451399191,1,8,0,3,2,7,0,0,0,0,0,0,2,1,5,1,40,7,-1,-1,-1,-1,-1,-1,-1,0
Unvalidated,2024451399191,2024,451399191,2,9,0,18,2,7,0,0,0,0,0,0,1,1,6,3,30,6,-1,-1,-1,-1,-1,-1,-1,0
Unvalidated,2024451399193,2024,451399193,1,9,0,4,1,3,0,0,0,0,0,0,0,1,2,1,26,6,-1,-1,-1,-1,8,2,E01030405,0
Unvalidated,2024451399193,2024,451399193,2,9,0,18,1,3,0,0,0,0,0,0,1,1,6,1,30,6,-1,-1,-1,-1,-1,-1,-1,0
Unvalidated,2024451399238,2024,451399238,1,9,0,18,1,1,0,1,0,0,0,0,2,1,1,1,39,7,-1,-1,-1,-1,6,1,E01030653,0
Unvalidated,2024451399238,2024,451399238,2,9,0,4,0,0,0,2,0,0,0,0,0,1,5,1,69,10,-1,-1,-1,-1,8,3,E01030730,0
Unvalidated,2024451399238,2024,451399238,3,9,0,18,1,1,0,2,0,0,0,0,1,1,6,1,27,6,-1,-1,-1,-1,9,1,E01030731,0
Unvalidated,2024451399238,2024,451399238,4,9,0,18,8,4,0,2,0,0,0,0,2,1,5,1,56,9,-1,-1,-1,-1,9,1,E01030688,0
Unvalidated,2024451399241,2024,451399241,1,9,0,18,5,1,0,0,0,0,0,0,4,1,2,2,40,7,-1,-1,-1,-1,9,2,E01031615,0
Unvalidated,2024451399241,2024,451399241,2,97,0,18,5,1,0,0,0,0,0,0,1,1,2,1,50,8,-1,-1,-1,-1,10,3,E01030866,0
Unvalidated,2024451399241,2024,451399241,3,9,0,18,5,1,0,0,1,0,0,0,1,1,2,2,35,6,-1,-1,-1,-1,8,1,E01030479,0
Unvalidated,2024451399471,2024,451399471,1,9,0,5,3,1,0,4,0,0,0,0,1,1,5,1,54,8,-1,-1,-1,-1,9,1,E01030802,0
Unvalidated,2024451399471,2024,451399471,2,9,9,4,3,1,0,4,0,0,0,0,2,1,6,2,36,7,-1,-1,-1,-1,-1,-1,-1,0
Unvalidated,2024451399509,2024,451399509,1,9,0,18,1,5,0,1,0,0,0,0,4,1,2,2,43,7,-1,-1,-1,-1,9,1,E01030366,0
Unvalidated,2024451399634,2024,451399634,1,9,0,6,7,3,0,0,0,0,0,0,1,1,1,1,79,11,-1,-1,-1,-1,8,1,E01030538,0
Unvalidated,2024451399634,2024,451399634,2,9,0,2,0,0,0,0,0,0,0,0,1,1,6,3,-1,-1,-1,-1,-1,-1,-1,-1,-1,0
Unvalidated,2024451399634,2024,451399634,3,98,0,2,0,0,0,0,0,0,0,0,1,1,6,3,-1,-1,-1,-1,-1,-1,-1,-1,-1,0
Unvalidated,2024451399726,2024,451399726,1,9,0,18,5,3,0,5,0,0,0,0,3,1,1,2,41,7,-1,-1,-1,-1,10,1,E01030415,0
Unvalidated,2024451399726,2024,451399726,2,9,0,18,3,7,0,6,0,0,0,0,3,1,6,1,50,8,-1,-1,-1,-1,-1,-1,-1,0
Unvalidated,2024451399823,2024,451399823,1,97,0,9,1,3,0,8,1,0,0,0,3,1,2,1,54,8,-1,-1,-1,-1,10,3,E01030525,0
Unvalidated,2024451399823,2024,451399823,2,9,0,9,1,1,0,3,0,0,1,0,1,1,2,2,61,9,-1,-1,-1,-1,5,1,E01030531,0
Unvalidated,2024451399940,2024,451399940,1,3,0,18,6,2,0,0,0,0,0,0,4,1,5,1,40,7,-1,-1,-1,-1,5,1,E01030981,0
Unvalidated,2024451399940,2024,451399940,2,9,0,5,6,2,0,0,0,0,0,0,3,1,6,1,45,7,-1,-1,-1,-1,-1,-1,-1,0
Unvalidated,2024451399993,2024,451399993,1,9,0,9,1,5,0,1,0,0,0,0,1,1,5,1,58,9,-1,-1,-1,-1,2,1,E01003243,0
Unvalidated,2024451399993,2024,451399993,2,9,0,17,5,1,0,1,0,0,0,0,1,1,1,1,58,9,-1,-1,-1,-1,9,2,E01021231,0
Unvalidated,2024451399994,2024,451399994,1,97,0,5,3,7,0,1,2,0,0,0,1,1,1,1,31,6,-1,-1,-1,-1,10,1,E01030322,0
Unvalidated,2024451400049,2024,451400049,1,9,0,9,3,1,0,0,0,0,0,0,1,1,5,1,68,10,-1,-1,-1,-1,7,3,E01030865,0
Unvalidated,2024451400049,2024,451400049,2,9,0,18,1,5,0,0,0,0,0,0,1,1,5,2,49,8,-1,-1,-1,-1,9,1,E01023130,0
Unvalidated,2024451400050,2024,451400050,1,9,0,10,3,6,0,0,0,0,0,0,2,1,4,2,18,4,-1,-1,-1,-1,9,2,E01030760,0
Unvalidated,2024451400050,2024,451400050,2,9,0,18,3,6,0,0,0,0,0,0,1,1,5,2,64,9,-1,-1,-1,-1,3,1,E01030788,0
Unvalidated,2024451400107,2024,451400107,1,9,0,7,1,5,0,5,0,0,0,0,1,1,4,1,34,6,-1,-1,-1,-1,4,1,E01030433,0
Unvalidated,2024451400107,2024,451400107,2,9,0,2,0,0,0,2,0,0,0,0,2,1,6,3,-1,-1,-1,-1,-1,-1,-1,-1,-1,0
Unvalidated,2024451400110,2024,451400110,1,9,0,18,3,1,0,0,0,0,0,0,1,1,6,1,65,9,-1,-1,-1,-1,4,1,E01030551,0
Unvalidated,2024451400117,2024,451400117,1,9,0,18,2,6,0,3,0,0,0,0,1,1,3,2,56,9,-1,-1,-1,-1,8,1,E01030847,0
Unvalidated,2024451400177,2024,451400177,1,9,0,9,8,4,0,0,0,0,0,0,1,1,5,2,41,7,-1,-1,-1,-1,7,1,E01030647,0
Unvalidated,2024451400213,2024,451400213,1,9,0,18,3,7,0,0,0,0,0,0,3,1,2,1,42,7,-1,-1,-1,-1,7,1,E01030858,0
Unvalidated,2024451400213,2024,451400213,2,9,0,18,7,3,0,0,0,0,0,0,1,1,5,1,18,4,-1,-1,-1,-1,10,1,E01030855,0
Unvalidated,2024451400214,2024,451400214,1,9,0,18,5,1,0,0,0,0,0,0,1,1,2,1,59,9,-1,-1,-1,-1,9,1,E01030567,0
Unvalidated,2024451400326,2024,451400326,1,9,0,18,3,7,0,1,0,0,0,0,1,1,3,2,47,8,-1,-1,-1,-1,7,3,E01030569,0
Unvalidated,2024451400326,2024,451400326,2,9,0,16,7,3,0,1,1,0,0,0,1,1,1,1,25,5,-1,-1,-1,-1,6,3,E01031661,0
Unvalidated,2024451400387,2024,451400387,1,9,0,17,7,3,0,8,1,0,0,0,1,1,3,1,46,8,-1,-1,-1,-1,7,1,E01030469,0
Unvalidated,2024451400454,2024,451400454,1,9,0,14,1,5,0,2,0,0,0,0,1,1,5,2,64,9,-1,-1,-1,-1,10,2,E01030778,0
Unvalidated,2024451400462,2024,451400462,1,1,0,10,5,1,0,1,0,0,0,0,1,1,5,1,77,11,-1,-1,-1,-1,9,2,E01030760,0
Unvalidated,2024451400462,2024,451400462,2,9,0,9,7,3,0,1,0,0,0,0,1,1,6,1,75,10,-1,-1,-1,-1,8,3,E01030763,0
Unvalidated,2024451400464,2024,451400464,1,9,0,17,1,6,0,1,0,10,1,0,1,1,2,1,44,7,-1,-1,-1,-1,5,1,E01031565,0
Unvalidated,2024451400464,2024,451400464,2,9,0,3,0,0,0,6,1,0,0,0,3,1,5,1,33,6,-1,-1,-1,-1,6,3,E01030555,0
Unvalidated,2024451400512,2024,451400512,1,9,0,9,1,1,0,1,0,0,0,0,3,1,3,2,26,6,-1,-1,-1,-1,6,1,E01030300,0
Unvalidated,2024451400512,2024,451400512,2,97,0,18,1,5,0,1,0,0,0,0,1,1,6,1,15,3,-1,-1,-1,-1,10,2,E01022546,0
Unvalidated,2024451400527,2024,451400527,1,9,0,18,1,5,0,0,0,0,0,0,1,1,2,1,56,9,-1,-1,-1,-1,8,1,E01031655,0
Unvalidated,2024451400527,2024,451400527,2,9,0,4,1,5,0,0,1,0,0,0,3,1,5,1,59,9,-1,-1,-1,-1,6,1,E01030842,0
Unvalidated,2024451400691,2024,451400691,1,9,0,16,4,8,0,0,1,0,7,0,3,1,5,1,22,5,-1,-1,-1,-1,10,1,E01030806,0
Unvalidated,2024451400691,2024,451400691,2,9,0,17,2,6,0,0,1,0,1,4,3,1,2,1,37,7,-1,-1,-1,-1,5,1,E01030974,0
Unvalidated,2024451400706,2024,451400706,1,9,0,18,6,2,0,0,0,0,0,0,4,1,5,1,36,7,-1,-1,-1,-1,9,1,E01030991,0
Unvalidated,2024451400706,2024,451400706,2,9,0,18,1,5,0,0,0,0,1,0,1,1,5,1,37,7,-1,-1,-1,-1,5,1,E01030658,0
Unvalidated,2024451400726,2024,451400726,1,97,0,18,6,3,0,1,0,0,0,0,1,1,1,1,49,8,-1,-1,-1,-1,9,1,E01030672,0
Unvalidated,2024451400726,2024,451400726,2,9,0,10,7,3,0,5,0,0,0,0,2,1,5,2,58,9,-1,-1,-1,-1,9,1,E01030715,0
Unvalidated,2024451400726,2024,451400726,3,98,0,18,3,7,0,8,0,0,0,0,1,1,1,1,73,10,-1,-1,-1,-1,5,1,E01030658,0
Unvalidated,2024451400771,2024,451400771,1,9,0,18,2,6,0,0,0,0,0,0,4,1,1,1,57,9,-1,-1,-1,-1,7,1,E01030332,0
Unvalidated,2024451400771,2024,451400771,2,9,0,18,2,6,0,0,0,0,0,0,3,2,5,2,66,10,-1,-1,-1,-1,10,1,E01030299,0
Unvalidated,2024451400785,2024,451400785,1,9,0,18,1,5,0,8,0,0,0,0,1,1,2,1,27,6,-1,-1,-1,-1,8,3,E01030479,0
Unvalidated,2024451400893,2024,451400893,1,9,0,14,3,7,0,0,0,0,0,0,4,1,6,1,41,7,-1,-1,-1,-1,-1,-1,-1,0
Unvalidated,2024451400935,2024,451400935,1,9,0,5,0,3,0,0,0,0,0,0,4,1,5,2,73,10,-1,-1,-1,-1,10,2,E01030476,0
Unvalidated,2024451400965,2024,451400965,1,9,0,9,5,1,0,4,0,0,0,0,1,1,1,1,46,8,-1,-1,-1,-1,7,1,E01016979,0
Unvalidated,2024451400969,2024,451400969,1,1,0,11,3,7,0,3,0,0,0,0,2,1,5,1,45,7,-1,-1,-1,-1,10,1,E01003866,0
Unvalidated,2024451400969,2024,451400969,2,9,0,5,4,8,0,4,0,0,0,0,4,1,5,2,31,6,-1,-1,-1,-1,10,1,E01030340,0
Unvalidated,2024451401010,2024,451401010,1,9,0,18,2,6,0,0,0,0,0,0,1,1,5,2,47,8,-1,-1,-1,-1,10,1,E01030635,0
Unvalidated,2024451401010,2024,451401010,2,9,0,4,2,6,0,0,0,0,0,0,2,1,1,1,36,7,-1,-1,-1,-1,6,1,E01002955,0
Unvalidated,2024451401114,2024,451401114,1,9,0,4,1,6,0,0,0,0,0,0,2,1,2,2,45,7,-1,-1,-1,-1,7,1,E01023125,0
Unvalidated,2024451401114,2024,451401114,2,19,0,4,1,6,0,0,0,0,0,0,1,1,6,1,40,7,-1,-1,-1,-1,-1,-1,-1,0
Unvalidated,2024451401265,2024,451401265,1,9,0,18,5,1,0,6,0,0,0,0,1,2,1,2,57,9,-1,-1,-1,-1,9,1,E01030828,0
Unvalidated,2024451401265,2024,451401265,2,9,0,18,5,1,0,8,0,0,0,0,1,1,5,1,66,10,-1,-1,-1,-1,7,2,E01030833,0
Unvalidated,2024451401336,2024,451401336,1,9,0,18,7,3,0,1,0,0,0,0,1,1,6,3,-1,-1,-1,-1,-1,-1,-1,-1,-1,0
Unvalidated,2024451401458,2024,451401458,1,9,0,4,5,1,0,0,0,0,0,0,2,1,2,1,23,5,-1,-1,-1,-1,7,1,E01030684,0
Unvalidated,2024451401458,2024,451401458,2,9,0,4,5,1,0,0,1,0,0,0,1,1,5,1,52,8,-1,-1,-1,-1,1,1,W01001219,0
Unvalidated,2024451401460,2024,451401460,1,9,0,18,1,5,0,0,0,0,0,0,1,1,2,1,33,6,-1,-1,-1,-1,3,1,E01024717,0
Unvalidated,2024451401460,2024,451401460,2,9,0,18,5,1,0,0,0,0,0,0,1,1,1,1,49,8,-1,-1,-1,-1,4,1,E01031562,0
Unvalidated,2024451401460,2024,451401460,3,9,0,18,1,5,0,0,0,0,0,0,1,1,1,1,46,8,-1,-1,-1,-1,4,1,E01003412,0
Unvalidated,2024451401460,2024,451401460,4,9,0,18,5,1,0,0,0,0,0,0,1,1,1,1,65,9,-1,-1,-1,-1,5,1,E01030572,0
Unvalidated,2024451401521,2024,451401521,1,9,0,18,6,2,0,0,0,0,0,0,3,1,2,2,56,9,-1,-1,-1,-1,10,1,E01030797,0
Unvalidated,2024451401521,2024,451401521,2,97,0,15,1,5,0,0,2,0,0,0,1,1,2,1,19,4,-1,-1,-1,-1,3,1,E01030788,0
Unvalidated,2024451401550,2024,451401550,1,98,0,18,7,3,0,0,0,0,0,0,1,1,6,3,40,7,-1,-1,-1,-1,-1,-1,-1,0
Unvalidated,2024451401838,2024,451401838,1,9,0,18,3,1,0,0,0,0,0,0,4,1,6,1,60,9,-1,-1,-1,-1,10,2,E01030758,0
Unvalidated,2024451401838,2024,451401838,2,21,0,18,3,1,0,0,0,0,0,0,3,1,1,3,45,7,-1,-1,-1,-1,-1,-1,-1,0
Unvalidated,2024451401846,2024,451401846,1,11,0,17,5,5,0,0,0,11,0,0,1,1,1,1,48,8,-1,-1,-1,-1,4,1,E01031547,0
Unvalidated,2024451401942,2024,451401942,1,9,0,18,5,1,0,0,0,0,0,0,2,1,2,2,44,7,-1,-1,-1,-1,10,1,E01016199,0
Unvalidated,2024451401942,2024,451401942,2,9,0,18,1,5,0,0,0,0,0,0,1,1,2,1,62,9,-1,-1,-1,-1,3,1,E01023120,0
Unvalidated,2024451402017,2024,451402017,1,9,0,4,3,7,0,0,0,0,0,0,2,1,5,2,62,9,-1,-1,-1,-1,4,1,E01001173,0
Unvalidated,2024451402017,2024,451402017,2,9,0,18,3,7,0,0,0,0,0,0,1,1,5,2,48,8,-1,-1,-1,-1,8,1,E01030630,0
Unvalidated,2024451402028,2024,451402028,1,9,0,4,1,5,0,0,0,0,0,0,4,1,2,1,47,8,-1,-1,-1,-1,7,2,E01022529,0
Unvalidated,2024451402028,2024,451402028,2,9,0,99,1,5,2,0,0,0,0,0,9,1,6,1,57,9,-1,-1,-1,-1,9,1,E01004504,0
Unvalidated,2024451402059,2024,451402059,1,9,0,3,1,3,0,8,0,0,1,0,0,1,5,2,30,6,-1,-1,-1,-1,6,1,E01030721,0
Unvalidated,2024451402059,2024,451402059,2,11,0,18,1,3,0,8,0,0,0,0,1,1,1,1,55,8,-1,-1,-1,-1,7,1,E01016728,0
Unvalidated,2024451402115,2024,451402115,1,9,0,18,7,3,0,0,0,99,0,0,1,1,5,1,30,6,-1,-1,-1,-1,7,1,E01023125,0
Unvalidated,2024451402115,2024,451402115,2,9,0,18,7,3,0,0,0,0,0,0,3,1,6,2,40,7,-1,-1,-1,-1,-1,-1,-1,0
Unvalidated,2024451402121,2024,451402121,1,20,0,1,5,5,0,0,0,0,0,0,0,1,6,3,30,6,-1,-1,-1,-1,-1,-1,-1,0
Unvalidated,2024451402168,2024,451402168,1,9,0,99,1,5,0,1,0,0,0,0,2,1,3,2,39,7,-1,-1,-1,-1,9,1,E01030766,0
Unvalidated,2024451402168,2024,451402168,2,19,0,99,1,5,0,1,0,0,0,0,1,1,6,1,40,7,-1,-1,-1,-1,10,1,E01030770,0
Unvalidated,2024451402259,2024,451402259,1,9,0,15,1,5,0,1,0,0,0,0,1,1,1,1,55,8,-1,-1,-1,-1,5,1,E01030981,0
Unvalidated,2024451402314,2024,451402314,1,9,0,5,3,7,0,0,0,0,0,0,1,1,6,2,70,10,-1,-1,-1,-1,-1,-1,-1,0
Unvalidated,2024451402315,2024,451402315,1,9,0,2,0,0,0,0,0,0,0,0,2,1,5,2,17,4,-1,-1,-1,-1,6,1,E01030717,0
Unvalidated,2024451402315,2024,451402315,2,9,0,3,2,6,0,0,0,4,0,0,1,1,2,2,30,6,-1,-1,-1,-1,-1,-1,-1,0
Unvalidated,2024451402315,2024,451402315,3,98,0,18,2,6,0,0,0,0,0,0,1,1,1,1,27,6,-1,-1,-1,-1,6,3,E01030677,0
Unvalidated,2024451402321,2024,451402321,1,9,0,18,5,8,0,1,1,4,0,0,4,1,3,2,82,11,-1,-1,-1,-1,9,3,E01030875,0
Unvalidated,2024451402321,2024,451402321,2,9,0,2,0,0,0,1,0,0,0,0,4,1,6,3,-1,-1,-1,-1,-1,-1,-1,-1,-1,0
Unvalidated,2024451402415,2024,451402415,1,9,0,18,1,5,0,0,0,0,0,0,1,1,6,1,82,11,-1,-1,-1,-1,10,1,E01030790,0
Unvalidated,2024451402415,2024,451402415,2,9,0,18,1,5,0,0,0,0,0,0,2,1,6,2,41,7,-1,-1,-1,-1,-1,-1,-1,0
Unvalidated,2024451402514,2024,451402514,1,9,0,18,3,7,0,1,1,0,1,0,1,1,6,1,32,6,-1,-1,-1,-1,5,1,E01017706,0
Unvalidated,2024451402514,2024,451402514,2,9,0,9,1,3,0,1,1,0,0,0,1,1,1,2,49,8,-1,-1,-1,-1,4,3,E01031657,0
Unvalidated,2024451402514,2024,451402514,3,9,0,5,1,3,0,1,0,0,0,0,1,1,2,1,35,6,-1,-1,-1,-1,7,1,E01002115,0
Unvalidated,2024451402551,2024,451402551,1,9,0,18,6,2,0,0,0,0,0,0,1,1,1,1,42,7,-1,-1,-1,-1,10,1,E01030989,0
Unvalidated,2024451402681,2024,451402681,1,9,0,18,1,5,0,0,0,0,0,0,2,1,2,1,45,7,-1,-1,-1,-1,-1,3,-1,0
Unvalidated,2024451402681,2024,451402681,2,90,0,4,1,5,0,0,0,0,0,0,1,2,1,1,67,10,-1,-1,-1,-1,-1,-1,-1,0
Unvalidated,2024451402770,2024,451402770,1,9,0,1,0,0,5,0,0,0,0,0,2,1,6,2,53,8,-1,-1,-1,-1,7,1,E01030729,0
Unvalidated,2024451402943,2024,451402943,1,9,0,18,1,5,0,6,0,0,0,0,1,1,2,2,22,5,-1,-1,-1,-1,7,1,E01030414,0
Unvalidated,2024451403026,2024,451403026,1,9,0,7,8,5,0,5,0,0,0,0,1,1,3,2,29,6,-1,-1,-1,-1,10,1,E01030375,0
Unvalidated,2024451403063,2024,451403063,1,23,0,7,7,1,0,0,1,10,3,10,1,1,2,1,47,8,-1,-1,-1,-1,-1,-1,-1,0
Unvalidated,2024451403070,2024,451403070,1,9,0,18,4,8,0,0,0,0,0,0,3,1,5,1,24,5,-1,-1,-1,-1,4,1,E01028228,0
Unvalidated,2024451403070,2024,451403070,2,97,0,18,5,1,0,0,0,0,0,0,4,1,2,1,53,8,-1,-1,-1,-1,4,1,E01030650,0
Unvalidated,2024451403074,2024,451403074,1,9,0,18,5,1,0,8,0,0,0,0,1,1,3,1,55,8,-1,-1,-1,-1,7,3,E01030466,0
Unvalidated,2024451403096,2024,451403096,1,9,0,3,3,5,0,4,0,0,0,0,2,1,6,2,58,9,-1,-1,-1,-1,9,3,E01022490,0