status,collision_index,collision_year,collision_reference,vehicle_reference,vehicle_type,towing_and_articulation,vehicle_manoeuvre,vehicle_direction_from,vehicle_direction_to,vehicle_location_restricted_lane,junction_location,skidding_and_overturning,hit_object_in_carriageway,vehicle_leaving_carriageway,hit_object_off_carriageway,first_point_of_impact,vehicle_left_hand_drive,journey_purpose_of_driver,sex_of_driver,age_of_driver,age_band_of_driver,engine_capacity_cc,propulsion_code,age_of_vehicle,generic_make_model,driver_imd_decile,driver_home_area_type,lsoa_of_driver,escooter_flag
Unvalidated,2024451403096,2024,451403096,2,9,0,18,3,5,0,4,0,0,0,0,1,1,6,3,30,6,-1,-1,-1,-1,-1,-1,-1,0
Unvalidated,2024451403136,2024,451403136,1,9,0,18,7,3,0,0,0,0,5,6,1,1,5,2,33,6,-1,-1,-1,-1,9,1,E01030352,0
Unvalidated,2024451403237,2024,451403237,1,9,0,5,5,1,0,4,0,0,0,0,1,1,5,2,80,11,-1,-1,-1,-1,10,1,E01030454,0
Unvalidated,2024451403237,2024,451403237,2,9,0,9,1,5,0,8,0,0,0,0,4,1,5,1,20,4,-1,-1,-1,-1,2,1,E01001008,0
Unvalidated,2024451403256,2024,451403256,1,9,0,9,6,5,0,0,0,0,0,0,2,2,2,2,40,7,-1,-1,-1,-1,9,3,E01030309,0
Unvalidated,2024451403256,2024,451403256,2,1,0,4,1,5,0,0,1,0,0,0,1,1,1,2,53,8,-1,-1,-1,-1,6,1,E01030363,0
Unvalidated,2024451403265,2024,451403265,1,9,0,18,1,5,0,0,1,4,7,11,1,1,5,1,59,9,-1,-1,-1,-1,9,1,E01030425,0
Unvalidated,2024451403265,2024,451403265,2,98,0,2,0,0,0,0,0,4,0,0,3,1,6,3,-1,-1,-1,-1,-1,-1,-1,-1,-1,0
Unvalidated,2024451403360,2024,451403360,1,9,0,4,3,7,0,0,0,0,0,0,4,1,6,1,56,9,-1,-1,-1,-1,8,1,E01002949,0
Unvalidated,2024451403364,2024,451403364,1,9,0,18,6,2,0,7,0,0,7,0,1,1,6,1,35,6,-1,-1,-1,-1,6,1,E01022939,0
Unvalidated,2024451403406,2024,451403406,1,9,0,18,7,3,0,0,5,7,0,0,1,1,6,1,35,6,-1,-1,-1,-1,3,1,E01030711,0
Unvalidated,2024451403461,2024,451403461,1,1,0,18,7,3,0,1,1,0,0,0,1,1,2,1,33,6,-1,-1,-1,-1,7,1,E01030361,0
Unvalidated,2024451403461,2024,451403461,2,9,0,13,7,3,0,1,0,0,0,0,2,1,6,3,65,9,-1,-1,-1,-1,-1,-1,-1,0
Unvalidated,2024451403487,2024,451403487,1,9,0,16,1,5,0,1,0,0,0,0,4,1,5,2,38,7,-1,-1,-1,-1,4,1,E01004148,0
Unvalidated,2024451403494,2024,451403494,1,9,4,17,1,5,0,0,0,0,0,0,3,1,5,2,58,9,-1,-1,-1,-1,8,1,E01030595,0
Unvalidated,2024451403494,2024,451403494,2,9,0,16,5,1,0,0,0,0,0,0,1,1,5,1,58,9,-1,-1,-1,-1,7,3,E01024430,0
Unvalidated,2024451403544,2024,451403544,1,97,0,18,5,1,0,0,1,0,0,0,3,1,5,2,32,6,-1,-1,-1,-1,5,1,E01000747,0
Unvalidated,2024451403568,2024,451403568,1,9,0,15,4,8,0,1,0,0,0,0,1,1,6,1,29,6,-1,-1,-1,-1,4,1,E01031610,0
Unvalidated,2024451403568,2024,451403568,2,9,0,2,4,8,0,1,1,0,0,0,1,1,6,3,-1,-1,-1,-1,-1,-1,-1,-1,-1,0
Unvalidated,2024451403713,2024,451403713,1,9,0,5,1,5,0,0,0,0,0,0,1,1,2,2,23,5,-1,-1,-1,-1,10,1,E01030387,0
Unvalidated,2024451403713,2024,451403713,2,97,0,5,1,5,0,0,0,0,0,0,2,1,6,1,39,7,-1,-1,-1,-1,8,3,E01030556,0
Unvalidated,2024451403744,2024,451403744,1,9,0,3,3,7,0,0,0,0,0,0,2,1,5,2,37,7,-1,-1,-1,-1,10,1,E01030614,0
Unvalidated,2024451403744,2024,451403744,2,9,0,18,3,7,0,0,0,0,0,0,1,1,6,1,43,7,-1,-1,-1,-1,7,1,E01030613,0
Unvalidated,2024451403932,2024,451403932,1,98,0,18,7,3,0,0,0,0,0,0,4,1,6,3,45,7,-1,-1,-1,-1,-1,-1,-1,0
Unvalidated,2024451403932,2024,451403932,2,9,0,18,7,3,0,0,2,0,1,0,4,1,6,1,32,6,-1,-1,-1,-1,6,1,E01000196,0
Unvalidated,2024451404066,2024,451404066,1,9,0,9,5,3,0,5,0,0,0,0,3,1,5,2,61,9,-1,-1,-1,-1,10,1,E01030597,0
Unvalidated,2024451404180,2024,451404180,1,11,0,18,1,5,0,0,0,0,0,0,4,1,1,2,54,8,-1,-1,-1,-1,4,1,E01023144,0
Unvalidated,2024451404180,2024,451404180,2,90,0,18,1,5,0,0,0,0,0,0,1,1,6,1,30,6,-1,-1,-1,-1,-1,-1,-1,1
Unvalidated,2024451404216,2024,451404216,1,9,0,10,1,7,0,3,0,0,7,0,4,1,2,1,53,8,-1,-1,-1,-1,10,1,E01030504,0
Unvalidated,2024451404216,2024,451404216,2,1,0,18,7,3,0,4,0,0,0,0,1,1,4,1,17,4,-1,-1,-1,-1,10,1,E01030489,0
Unvalidated,2024451404369,2024,451404369,1,9,0,17,4,2,0,0,2,0,0,0,1,2,2,1,36,7,-1,-1,-1,-1,6,1,E01001070,0
Unvalidated,2024451404369,2024,451404369,2,9,0,18,1,5,0,0,0,0,0,0,0,1,1,2,55,8,-1,-1,-1,-1,8,3,E01030527,0
Unvalidated,2024451404431,2024,451404431,1,9,0,18,1,5,0,0,0,0,0,0,1,1,6,2,45,7,-1,-1,-1,-1,10,1,E01030799,0
Unvalidated,2024451404431,2024,451404431,2,9,0,18,5,1,0,0,0,0,0,0,1,1,6,1,30,6,-1,-1,-1,-1,10,1,E01030777,0
Unvalidated,2024451404486,2024,451404486,1,98,0,18,3,7,0,0,0,0,0,0,1,1,1,1,20,4,-1,-1,-1,-1,2,1,E01002506,0
Unvalidated,2024451404486,2024,451404486,2,9,0,4,3,7,0,0,0,0,0,0,0,1,2,1,29,6,-1,-1,-1,-1,3,1,E01002527,0
Unvalidated,2024451404515,2024,451404515,1,9,0,16,7,3,0,0,0,0,0,0,4,1,5,2,70,10,-1,-1,-1,-1,10,1,E01030498,0
Unvalidated,2024451404589,2024,451404589,1,9,0,7,7,5,0,2,0,0,0,0,1,1,5,1,81,11,-1,-1,-1,-1,9,1,E01030453,0
Unvalidated,2024451404589,2024,451404589,2,9,0,4,5,1,0,1,0,0,0,0,1,1,2,1,63,9,-1,-1,-1,-1,9,3,E01030880,0
Unvalidated,2024451404602,2024,451404602,1,9,0,18,5,1,0,0,0,0,0,0,2,1,1,1,48,8,-1,-1,-1,-1,8,1,E01030927,0
Unvalidated,2024451404602,2024,451404602,2,9,0,18,5,1,0,0,0,0,0,0,2,1,5,2,46,8,-1,-1,-1,-1,3,1,E01030901,0
Unvalidated,2024451404602,2024,451404602,3,9,0,18,5,1,0,0,0,0,0,0,1,1,1,1,34,6,-1,-1,-1,-1,8,3,E01030478,0
Unvalidated,2024451404820,2024,451404820,1,3,9,18,5,1,0,4,0,0,0,0,3,1,5,1,20,4,-1,-1,-1,-1,9,2,E01030760,0
Unvalidated,2024451404820,2024,451404820,2,98,9,18,1,5,0,4,0,0,0,0,1,1,6,1,30,6,-1,-1,-1,-1,-1,-1,-1,0
Unvalidated,2024451404905,2024,451404905,1,9,0,18,1,5,0,0,0,0,0,0,1,1,2,1,64,9,-1,-1,-1,-1,10,3,E01030997,0
Unvalidated,2024451404905,2024,451404905,2,97,0,4,1,5,0,0,0,0,0,0,2,1,2,1,58,9,-1,-1,-1,-1,5,1,E01032426,0
Unvalidated,2024451404935,2024,451404935,1,3,0,3,7,3,0,2,0,0,0,0,1,1,1,1,41,7,-1,-1,-1,-1,8,1,E01030384,0
Unvalidated,2024451404935,2024,451404935,2,98,0,1,7,3,0,2,0,0,0,0,2,1,6,3,40,7,-1,-1,-1,-1,-1,-1,-1,0
Unvalidated,2024451404943,2024,451404943,1,9,0,2,0,0,0,0,0,0,0,0,2,1,6,3,-1,-1,-1,-1,-1,-1,-1,-1,-1,0
Unvalidated,2024451404943,2024,451404943,2,1,0,18,1,5,0,0,0,0,0,0,1,1,6,1,14,3,-1,-1,-1,-1,10,1,E01030642,0
Unvalidated,2024451404951,2024,451404951,1,9,0,4,1,1,0,0,0,0,0,0,3,1,6,2,35,6,-1,-1,-1,-1,5,3,E01030852,0
Unvalidated,2024451404951,2024,451404951,2,9,0,18,1,1,0,0,0,0,0,0,4,1,6,1,30,6,-1,-1,-1,-1,5,2,E01011883,0
Unvalidated,2024451404965,2024,451404965,1,97,0,7,3,5,0,3,1,0,0,0,1,1,6,2,34,6,-1,-1,-1,-1,2,1,E01001081,0
Unvalidated,2024451404965,2024,451404965,2,9,0,18,5,1,0,1,0,0,0,0,4,1,6,2,72,10,-1,-1,-1,-1,10,1,E01030831,0
Unvalidated,2024451404965,2024,451404965,3,9,0,18,5,1,1,1,0,0,0,0,1,1,5,2,52,8,-1,-1,-1,-1,9,3,E01030861,0
Unvalidated,2024451405005,2024,451405005,1,9,0,18,1,5,0,0,0,11,0,0,1,1,2,1,27,6,-1,-1,-1,-1,4,1,E01023144,0
Unvalidated,2024451405041,2024,451405041,1,1,0,99,2,4,99,0,0,99,0,0,3,1,4,1,15,3,-1,-1,-1,-1,9,1,E01030605,0
Unvalidated,2024451405041,2024,451405041,2,9,0,99,2,4,99,0,1,99,0,0,4,1,6,2,34,6,-1,-1,-1,-1,-1,-1,-1,0
Unvalidated,2024451405084,2024,451405084,1,9,0,4,5,1,0,0,0,0,0,0,2,1,5,2,21,5,-1,-1,-1,-1,9,2,E01031685,0
Unvalidated,2024451405084,2024,451405084,2,9,0,18,5,1,0,0,0,0,0,0,1,1,1,1,50,8,-1,-1,-1,-1,10,1,E01030430,0
Unvalidated,2024451405084,2024,451405084,3,97,0,18,7,3,0,0,5,0,0,0,2,1,2,1,45,7,-1,-1,-1,-1,8,1,E01030915,0
Unvalidated,2024451405212,2024,451405212,1,9,0,18,1,5,0,0,1,0,0,0,2,1,5,1,20,4,-1,-1,-1,-1,8,1,E01000254,0
Unvalidated,2024451405212,2024,451405212,2,98,1,18,1,5,0,0,0,0,0,0,4,1,1,1,31,6,-1,-1,-1,-1,3,1,E01016474,0
Unvalidated,2024451405212,2024,451405212,3,98,0,18,1,5,0,0,0,0,0,0,3,1,1,1,43,7,-1,-1,-1,-1,6,1,E01002525,0
Unvalidated,2024451405245,2024,451405245,1,9,0,18,3,7,0,1,0,0,0,0,1,1,2,1,50,8,-1,-1,-1,-1,3,1,E01002649,0
Unvalidated,2024451405245,2024,451405245,2,90,0,18,5,1,0,6,0,0,0,0,3,1,1,1,49,8,-1,-1,-1,-1,8,1,E01015770,0
Unvalidated,2024451405264,2024,451405264,1,9,0,18,1,5,0,0,0,0,1,1,1,1,5,1,82,11,-1,-1,-1,-1,10,1,E01030969,0
Unvalidated,2024451405362,2024,451405362,1,9,0,7,3,1,0,1,0,0,0,0,1,1,6,2,38,7,-1,-1,-1,-1,3,1,E01002557,0
Unvalidated,2024451405362,2024,451405362,2,9,0,18,7,3,0,2,0,0,0,0,1,1,5,1,55,8,-1,-1,-1,-1,9,1,E01030718,0
Unvalidated,2024451405365,2024,451405365,1,9,0,11,3,7,0,0,0,7,0,0,1,1,2,1,18,4,-1,-1,-1,-1,3,3,E01002276,0
Unvalidated,2024451405424,2024,451405424,1,9,0,12,5,1,9,0,0,0,0,0,1,1,6,1,49,8,-1,-1,-1,-1,10,1,E01030614,0
Unvalidated,2024451405549,2024,451405549,1,1,0,5,5,1,5,8,0,0,0,0,3,1,2,1,17,4,-1,-1,-1,-1,10,1,E01030340,0
Unvalidated,2024451405549,2024,451405549,2,98,0,18,4,8,0,1,0,0,0,0,1,1,6,1,63,9,-1,-1,-1,-1,7,1,E01030332,0
Unvalidated,2024451405563,2024,451405563,1,9,0,18,5,1,0,3,0,0,0,0,4,1,5,1,92,11,-1,-1,-1,-1,3,1,E01030793,0
Unvalidated,2024451405563,2024,451405563,2,11,0,18,7,3,0,4,0,0,0,0,3,1,1,1,67,10,-1,-1,-1,-1,9,1,E01030802,0
Unvalidated,2024451405568,2024,451405568,1,90,0,18,2,6,5,2,0,0,0,0,4,1,6,1,51,8,-1,-1,-1,-1,7,1,E01030629,0
Unvalidated,2024451405592,2024,451405592,1,9,0,9,7,4,0,8,0,0,0,0,1,1,2,2,53,8,-1,-1,-1,-1,4,1,E01030601,0
Unvalidated,2024451405592,2024,451405592,2,9,0,18,5,1,0,8,0,0,0,0,1,1,2,1,52,8,-1,-1,-1,-1,10,1,E01031689,0
Unvalidated,2024451405623,2024,451405623,1,9,0,4,1,5,0,0,1,0,0,0,1,1,5,1,22,5,-1,-1,-1,-1,7,1,E01030741,0
Unvalidated,2024451405623,2024,451405623,2,9,0,18,5,1,0,0,0,0,0,0,2,1,6,2,45,7,-1,-1,-1,-1,9,1,E01030720,0
Unvalidated,2024451405628,2024,451405628,1,9,0,1,8,4,9,0,5,4,1,11,2,1,5,2,78,11,-1,-1,-1,-1,7,1,E01030553,0
Unvalidated,2024451405628,2024,451405628,2,9,0,2,0,0,9,0,0,0,0,0,4,1,6,3,-1,-1,-1,-1,-1,-1,-1,-1,-1,0
Unvalidated,2024451405628,2024,451405628,3,9,0,2,0,0,9,0,0,0,0,0,4,1,6,3,-1,-1,-1,-1,-1,-1,-1,-1,-1,0
Unvalidated,2024451405718,2024,451405718,1,9,0,1,1,5,0,0,0,0,0,0,2,1,5,1,51,8,-1,-1,-1,-1,9,1,E01030916,0
Unvalidated,2024451405810,2024,451405810,1,9,0,16,5,1,0,0,0,0,0,0,1,1,2,1,27,6,-1,-1,-1,-1,3,1,E01002047,0
Unvalidated,2024451405847,2024,451405847,1,9,0,11,5,1,0,0,2,0,5,7,4,1,2,2,19,4,-1,-1,-1,-1,9,1,E01030501,0
Unvalidated,2024451405847,2024,451405847,2,9,0,18,1,5,0,0,0,0,0,0,0,1,6,3,45,7,-1,-1,-1,-1,-1,-1,-1,0
Unvalidated,2024451405900,2024,451405900,1,9,0,9,3,5,0,8,0,0,0,0,1,1,5,2,64,9,-1,-1,-1,-1,9,1,E01030389,0
Unvalidated,2024451405906,2024,451405906,1,9,0,18,3,7,0,0,0,0,0,0,2,1,1,2,38,7,-1,-1,-1,-1,8,1,E01030846,0
Unvalidated,2024451405906,2024,451405906,2,9,0,18,3,7,0,0,0,0,0,0,1,1,1,1,25,5,-1,-1,-1,-1,6,1,E01001070,0
Unvalidated,2024451405943,2024,451405943,1,9,0,18,1,5,0,0,0,0,0,0,2,1,6,3,45,7,-1,-1,-1,-1,-1,-1,-1,0
Unvalidated,2024451405943,2024,451405943,2,1,0,18,1,5,0,0,0,0,0,0,1,1,6,1,45,7,-1,-1,-1,-1,10,1,E01031002,0
Unvalidated,2024451405943,2024,451405943,3,1,0,18,1,5,0,0,0,0,0,0,1,1,6,2,45,7,-1,-1,-1,-1,10,1,E01030998,0
Unvalidated,2024451405951,2024,451405951,1,9,0,18,2,6,0,0,0,0,0,0,4,1,2,1,58,9,-1,-1,-1,-1,6,1,E01030411,0
Unvalidated,2024451405978,2024,451405978,1,97,0,4,3,7,0,1,0,0,0,0,2,1,1,1,31,6,-1,-1,-1,-1,7,1,E01030361,0
Unvalidated,2024451405978,2024,451405978,2,9,0,18,3,7,0,1,0,0,0,0,3,1,5,2,33,6,-1,-1,-1,-1,9,1,E01030315,0
Unvalidated,2024451405978,2024,451405978,3,9,0,18,8,4,0,1,0,0,0,0,1,1,6,3,45,7,-1,-1,-1,-1,-1,-1,-1,0
Unvalidated,2024451406022,2024,451406022,1,9,0,11,7,3,0,0,5,0,0,0,1,1,5,2,80,11,-1,-1,-1,-1,10,1,E01030796,0
Unvalidated,2024451406022,2024,451406022,2,9,0,3,7,3,0,0,0,0,0,0,2,1,5,1,54,8,-1,-1,-1,-1,10,1,E01030796,0
Unvalidated,2024451406154,2024,451406154,1,97,0,18,1,5,0,6,5,0,0,0,4,1,5,2,17,4,-1,-1,-1,-1,6,1,E01023104,0
Unvalidated,2024451406179,2024,451406179,1,97,0,18,7,3,0,0,0,0,0,0,1,1,6,1,41,7,-1,-1,-1,-1,10,1,E01030955,0
Unvalidated,2024451406179,2024,451406179,2,98,0,2,7,3,0,0,0,0,0,0,2,1,5,1,27,6,-1,-1,-1,-1,10,1,E01030955,0
Unvalidated,2024451406221,2024,451406221,1,97,0,18,3,7,0,0,0,0,0,0,0,1,1,1,40,7,-1,-1,-1,-1,9,1,E01030646,0
Unvalidated,2024451406221,2024,451406221,2,9,0,18,3,1,0,0,0,0,0,0,3,1,6,3,32,6,-1,-1,-1,-1,-1,-1,-1,0
Unvalidated,2024451406233,2024,451406233,1,98,0,18,2,6,0,0,0,0,0,0,2,1,6,3,-1,-1,-1,-1,-1,-1,-1,-1,-1,0
Unvalidated,2024451406233,2024,451406233,2,90,0,4,1,5,0,0,0,0,0,0,2,1,1,1,22,5,-1,-1,-1,-1,9,1,E01016103,0
Unvalidated,2024451406233,2024,451406233,3,90,0,18,1,5,0,0,0,0,0,0,1,1,1,1,27,6,-1,-1,-1,-1,8,1,E01030384,0
Unvalidated,2024451406412,2024,451406412,1,9,0,18,1,5,0,0,2,0,0,0,2,1,5,1,32,6,-1,-1,-1,-1,10,1,E01031581,0
Unvalidated,2024451406412,2024,451406412,2,98,0,18,1,5,0,0,0,0,0,0,3,1,1,1,44,7,-1,-1,-1,-1,8,1,E01015003,0
Unvalidated,2024451406495,2024,451406495,1,9,0,18,6,8,0,0,0,0,0,0,1,1,6,2,35,6,-1,-1,-1,-1,-1,-1,-1,0
Unvalidated,2024451406497,2024,451406497,1,11,0,5,3,7,0,0,0,0,0,0,0,1,1,1,57,9,-1,-1,-1,-1,3,1,E01001326,0
Unvalidated,2024451406589,2024,451406589,1,9,0,18,5,1,0,0,1,0,0,0,1,1,5,2,62,9,-1,-1,-1,-1,9,1,E01004116,0
Unvalidated,2024451406589,2024,451406589,2,9,0,18,1,5,0,0,1,0,0,0,3,1,2,1,28,6,-1,-1,-1,-1,6,1,E01031743,0
Unvalidated,2024451406589,2024,451406589,3,9,0,18,1,5,0,0,1,0,0,0,3,1,2,1,49,8,-1,-1,-1,-1,9,3,E01030822,0
Unvalidated,2024451406608,2024,451406608,1,98,0,18,7,3,0,8,0,0,0,0,1,1,2,1,28,6,-1,-1,-1,-1,2,1,E01001340,0
Unvalidated,2024451406608,2024,451406608,2,9,0,18,3,7,0,8,0,0,1,0,4,1,6,2,35,6,-1,-1,-1,-1,7,1,E01030956,0
Unvalidated,2024451406608,2024,451406608,3,9,0,8,5,1,0,1,0,0,1,0,3,1,2,2,26,6,-1,-1,-1,-1,10,1,E01030642,0
Unvalidated,2024451406664,2024,451406664,1,1,0,18,1,5,0,0,0,0,0,0,0,1,5,1,68,10,-1,-1,-1,-1,7,1,E01002986,0
Unvalidated,2024451406892,2024,451406892,1,9,0,3,5,1,0,1,0,0,0,0,2,2,6,2,41,7,-1,-1,-1,-1,10,1,E01030435,0
Unvalidated,2024451406892,2024,451406892,2,98,0,3,5,1,0,1,0,0,0,0,1,1,1,1,40,7,-1,-1,-1,-1,8,1,E01032598,0
Unvalidated,2024451406933,2024,451406933,1,3,9,18,1,1,0,1,0,0,0,0,1,1,6,1,24,5,-1,-1,-1,-1,9,3,E01016575,0
Unvalidated,2024451406933,2024,451406933,2,9,9,18,1,1,0,1,0,0,0,0,1,1,6,1,24,5,-1,-1,-1,-1,-1,-1,-1,0
Unvalidated,2024451406947,2024,451406947,1,1,0,18,5,1,0,8,0,0,1,0,3,1,2,2,34,6,-1,-1,-1,-1,10,1,E01030489,0
Unvalidated,2024451406947,2024,451406947,2,9,0,9,1,5,0,5,0,0,0,0,1,1,6,1,40,7,-1,-1,-1,-1,8,2,E01030877,0
Unvalidated,2024451406998,2024,451406998,1,9,0,18,4,8,0,0,0,0,0,0,1,1,3,1,48,8,-1,-1,-1,-1,5,1,E01030747,0
Unvalidated,2024451406998,2024,451406998,2,1,0,18,3,1,0,0,0,0,0,0,1,1,5,1,10,2,-1,-1,-1,-1,5,1,E01030739,0
Unvalidated,2024451407003,2024,451407003,1,9,0,1,5,1,9,0,0,0,7,4,2,1,5,2,92,11,-1,-1,-1,-1,9,1,E01030366,0
Unvalidated,2024451407447,2024,451407447,1,1,0,18,1,3,9,8,0,0,0,0,0,1,2,1,37,7,-1,-1,-1,-1,10,1,E01030340,0
Unvalidated,2024451407447,2024,451407447,2,9,0,9,1,3,0,8,0,0,0,0,1,1,6,3,30,6,-1,-1,-1,-1,-1,-1,-1,0
Unvalidated,2024451407455,2024,451407455,1,3,0,18,1,5,0,0,0,0,0,0,2,1,6,1,66,10,-1,-1,-1,-1,10,1,E01030486,0
Unvalidated,2024451407455,2024,451407455,2,9,0,18,1,5,0,0,0,0,0,0,1,1,6,3,63,9,-1,-1,-1,-1,-1,-1,-1,0
Unvalidated,2024451407487,2024,451407487,1,9,0,2,5,1,0,1,0,0,0,0,2,1,1,2,42,7,-1,-1,-1,-1,10,1,E01030319,0
Unvalidated,2024451407487,2024,451407487,2,9,0,5,8,4,0,1,1,0,0,0,1,1,2,1,28,6,-1,-1,-1,-1,7,1,E01002966,0
Unvalidated,2024451407673,2024,451407673,1,9,0,18,5,1,0,0,0,0,1,0,2,1,2,2,26,6,-1,-1,-1,-1,9,1,E01030391,0
Unvalidated,2024451407673,2024,451407673,2,9,0,18,5,1,0,0,0,0,1,0,1,1,1,2,43,7,-1,-1,-1,-1,3,1,E01017127,0
Unvalidated,2024451407771,2024,451407771,1,9,0,18,7,3,0,0,0,0,0,0,1,1,2,1,66,10,-1,-1,-1,-1,5,3,E01030459,0
Unvalidated,2024451407798,2024,451407798,1,11,0,18,6,2,0,0,0,0,0,0,1,1,1,1,50,8,-1,-1,-1,-1,8,3,E01021209,0
Unvalidated,2024451407805,2024,451407805,1,9,0,10,3,7,0,1,0,0,0,0,2,1,3,2,35,6,-1,-1,-1,-1,3,1,E01030711,0
Unvalidated,2024451407810,2024,451407810,1,9,0,18,5,1,0,0,0,0,0,0,1,1,5,1,18,4,-1,-1,-1,-1,10,1,E01030887,0
Unvalidated,2024451407810,2024,451407810,2,9,0,3,5,1,0,0,0,0,0,0,2,1,5,2,18,4,-1,-1,-1,-1,6,3,E01031687,0
Unvalidated,2024451407810,2024,451407810,3,9,0,4,5,1,0,0,0,0,0,0,2,1,2,2,52,8,-1,-1,-1,-1,9,1,E01030330,0
Unvalidated,2024451407810,2024,451407810,4,9,0,18,3,1,0,0,0,0,0,0,2,1,6,3,34,6,-1,-1,-1,-1,-1,-1,-1,0
Unvalidated,2024451407816,2024,451407816,1,97,0,18,5,1,0,0,0,0,0,0,4,1,5,2,31,6,-1,-1,-1,-1,8,2,E01030662,0
Unvalidated,2024451407924,2024,451407924,1,9,0,18,7,3,0,0,1,0,8,0,1,1,6,1,31,6,-1,-1,-1,-1,2,1,E01009101,0
Unvalidated,2024451407924,2024,451407924,2,9,0,18,7,3,0,0,0,0,0,0,1,1,1,1,33,6,-1,-1,-1,-1,4,1,E01002425,0
Unvalidated,2024451407974,2024,451407974,1,9,0,2,1,5,0,0,0,0,0,0,2,1,2,2,73,10,-1,-1,-1,-1,10,1,E01032623,0
Unvalidated,2024451407974,2024,451407974,2,9,0,12,1,5,0,0,0,0,1,0,1,1,2,2,57,9,-1,-1,-1,-1,4,1,E01031610,0
Unvalidated,2024451408120,2024,451408120,1,9,0,9,3,1,0,3,0,0,0,0,4,1,5,2,55,8,-1,-1,-1,-1,8,1,E01030782,0
Unvalidated,2024451408120,2024,451408120,2,98,0,18,8,4,0,8,0,0,0,0,1,1,1,1,19,4,-1,-1,-1,-1,5,1,E01030787,0
Unvalidated,2024451408126,2024,451408126,1,9,0,18,2,6,0,1,0,0,0,0,4,1,5,1,30,6,-1,-1,-1,-1,5,1,E01016212,0
Unvalidated,2024451408126,2024,451408126,2,9,0,9,4,2,0,8,0,0,0,0,3,1,5,2,34,6,-1,-1,-1,-1,-1,1,-1,0
Unvalidated,2024451408152,2024,451408152,1,9,0,18,7,3,0,3,2,0,0,0,1,1,2,1,17,4,-1,-1,-1,-1,10,3,E01030475,0
Unvalidated,2024451408183,2024,451408183,1,9,0,17,5,1,0,1,0,0,0,0,1,1,5,2,45,7,-1,-1,-1,-1,9,1,E01030646,0
Unvalidated,2024451408183,2024,451408183,2,9,0,3,5,1,0,1,0,0,0,0,2,1,1,1,46,8,-1,-1,-1,-1,10,1,E01023102,0
Unvalidated,2024451408185,2024,451408185,1,98,0,18,7,3,0,0,0,0,0,0,1,1,1,1,53,8,-1,-1,-1,-1,5,1,E01030787,0
Unvalidated,2024451408185,2024,451408185,2,9,0,11,7,3,0,0,1,0,1,3,4,1,2,2,34,6,-1,-1,-1,-1,6,2,E01030759,0
Unvalidated,2024451408236,2024,451408236,1,9,0,18,1,1,0,0,0,0,0,0,2,1,6,1,35,6,-1,-1,-1,-1,9,2,E01029893,0
Unvalidated,2024451408236,2024,451408236,2,98,0,18,1,5,0,0,0,0,0,0,1,1,1,1,36,7,-1,-1,-1,-1,6,1,E01030631,0
Unvalidated,2024451408276,2024,451408276,1,9,0,18,8,2,0,0,5,0,1,2,1,1,5,1,26,6,-1,-1,-1,-1,5,1,E01030787,0
Unvalidated,2024451408300,2024,451408300,1,9,0,18,2,6,0,0,0,0,1,4,1,1,2,1,22,5,-1,-1,-1,-1,8,3,E01030867,0
Unvalidated,2024451408389,2024,451408389,1,9,0,18,7,3,0,2,0,0,0,0,2,1,6,2,44,7,-1,-1,-1,-1,5,1,E01030984,0
Unvalidated,2024451408389,2024,451408389,2,9,0,4,7,3,0,2,0,0,0,0,1,1,2,1,42,7,-1,-1,-1,-1,6,2,E01030973,0
Unvalidated,2024451408390,2024,451408390,1,9,0,18,3,7,0,0,1,0,0,0,1,1,1,2,43,7,-1,-1,-1,-1,3,1,E01030483,0
Unvalidated,2024451408390,2024,451408390,2,9,0,18,7,3,0,0,2,0,1,0,1,1,5,1,19,4,-1,-1,-1,-1,10,1,E01030504,0
Unvalidated,2024451408424,2024,451408424,1,9,0,18,5,1,0,0,0,0,0,0,1,1,5,2,79,11,-1,-1,-1,-1,5,1,E01031794,0
Unvalidated,2024451408424,2024,451408424,2,9,0,18,5,1,0,0,0,0,0,0,2,1,5,1,38,7,-1,-1,-1,-1,9,1,E01001028,0
Unvalidated,2024451408430,2024,451408430,1,9,0,18,5,1,0,0,0,0,0,0,1,1,5,2,30,6,-1,-1,-1,-1,8,3,E01031545,0
Unvalidated,2024451408430,2024,451408430,2,9,0,18,4,6,0,0,0,0,1,0,2,1,5,1,56,9,-1,-1,-1,-1,5,1,E01016218,0
Unvalidated,2024451408430,2024,451408430,3,9,0,18,5,1,0,0,0,0,0,0,2,1,5,1,41,7,-1,-1,-1,-1,6,3,E01030862,0
Unvalidated,2024451408458,2024,451408458,1,9,0,18,3,7,0,0,0,0,0,0,4,1,6,2,48,8,-1,-1,-1,-1,9,1,E01030688,0
Unvalidated,2024451408458,2024,451408458,2,9,0,2,0,0,0,0,0,0,0,0,4,1,6,3,-1,-1,-1,-1,-1,-1,-1,-1,-1,0
Unvalidated,2024451408458,2024,451408458,3,98,0,2,0,0,0,0,0,0,0,0,1,1,6,3,-1,-1,-1,-1,-1,-1,-1,-1,-1,0