status,collision_index,collision_year,collision_reference,vehicle_reference,vehicle_type,towing_and_articulation,vehicle_manoeuvre,vehicle_direction_from,vehicle_direction_to,vehicle_location_restricted_lane,junction_location,skidding_and_overturning,hit_object_in_carriageway,vehicle_leaving_carriageway,hit_object_off_carriageway,first_point_of_impact,vehicle_left_hand_drive,journey_purpose_of_driver,sex_of_driver,age_of_driver,age_band_of_driver,engine_capacity_cc,propulsion_code,age_of_vehicle,generic_make_model,driver_imd_decile,driver_home_area_type,lsoa_of_driver,escooter_flag
Unvalidated,2024451408461,2024,451408461,1,9,0,18,6,2,0,0,0,0,0,0,1,1,5,1,88,11,-1,-1,-1,-1,7,2,E01030938,0
Unvalidated,2024451408461,2024,451408461,2,9,0,2,0,0,9,0,0,0,0,0,2,1,6,2,47,8,-1,-1,-1,-1,9,1,E01023111,0
Unvalidated,2024451408491,2024,451408491,1,90,0,18,5,1,0,0,1,10,0,0,3,1,1,1,78,11,-1,-1,-1,-1,10,3,E01030418,0
Unvalidated,2024451408491,2024,451408491,2,9,0,18,1,5,0,0,0,10,0,0,3,1,5,1,18,4,-1,-1,-1,-1,8,1,E01030384,0
Unvalidated,2024451408491,2024,451408491,3,9,0,2,5,1,0,0,0,0,0,0,1,1,6,3,-1,-1,-1,-1,-1,-1,-1,-1,-1,0
Unvalidated,2024451408491,2024,451408491,4,9,0,2,5,1,0,0,0,0,0,0,1,1,6,3,-1,-1,-1,-1,-1,-1,-1,-1,-1,0
Unvalidated,2024451408505,2024,451408505,1,9,0,18,5,1,0,0,0,0,0,0,1,1,6,1,37,7,-1,-1,-1,-1,10,1,E01016200,0
Unvalidated,2024451408505,2024,451408505,2,1,0,18,1,4,0,0,0,0,0,0,1,1,5,1,56,9,-1,-1,-1,-1,9,2,E01030760,0
Unvalidated,2024451408519,2024,451408519,1,9,0,17,3,7,0,0,0,0,1,2,1,1,6,3,44,7,-1,-1,-1,-1,-1,-1,-1,0
Unvalidated,2024451408563,2024,451408563,1,9,0,10,3,1,0,8,0,0,0,0,0,1,5,2,61,9,-1,-1,-1,-1,10,1,E01030963,0
Unvalidated,2024451408563,2024,451408563,2,9,0,18,2,6,0,1,0,0,0,0,1,1,1,1,30,6,-1,-1,-1,-1,8,1,E01030359,0
Unvalidated,2024451408713,2024,451408713,1,9,0,18,3,7,0,0,0,0,0,0,1,1,6,1,39,7,-1,-1,-1,-1,4,1,E01002681,0
Unvalidated,2024451408713,2024,451408713,2,9,0,18,7,3,0,0,0,0,0,0,1,1,6,2,27,6,-1,-1,-1,-1,8,1,E01001223,0
Unvalidated,2024451408713,2024,451408713,3,9,0,18,7,3,0,0,0,0,0,0,1,1,6,1,63,9,-1,-1,-1,-1,9,2,E01030781,0
Unvalidated,2024451408755,2024,451408755,1,9,0,18,8,4,0,0,0,0,0,0,1,1,1,1,60,9,-1,-1,-1,-1,8,1,E01002450,0
Unvalidated,2024451408773,2024,451408773,1,98,0,18,5,1,0,1,0,0,0,0,1,1,1,1,53,8,-1,-1,-1,-1,4,1,E01030432,0
Unvalidated,2024451408773,2024,451408773,2,9,0,4,1,5,0,1,0,0,0,0,2,1,2,2,46,8,-1,-1,-1,-1,6,1,E01030426,0
Unvalidated,2024451408773,2024,451408773,3,9,0,18,1,5,0,1,0,0,0,0,1,1,2,1,24,5,-1,-1,-1,-1,6,1,E01030426,0
Unvalidated,2024451408791,2024,451408791,1,9,0,9,1,1,0,3,0,11,3,11,1,1,2,2,36,7,-1,-1,-1,-1,9,1,E01030960,0
Unvalidated,2024451408805,2024,451408805,1,9,0,4,1,5,0,0,0,0,0,0,2,1,2,2,31,6,-1,-1,-1,-1,5,1,E01003413,0
Unvalidated,2024451408805,2024,451408805,2,19,0,18,1,5,0,0,0,0,0,0,1,1,6,1,30,6,-1,-1,-1,-1,-1,-1,-1,0
Unvalidated,2024451408888,2024,451408888,1,9,0,5,7,3,0,6,0,0,0,0,1,1,6,1,75,10,-1,-1,-1,-1,10,1,E01030437,0
Unvalidated,2024451408914,2024,451408914,1,-1,0,-1,3,7,-1,0,-1,-1,-1,0,-1,1,6,3,-1,-1,-1,-1,-1,-1,-1,-1,-1,0
Unvalidated,2024451409051,2024,451409051,1,9,0,1,1,5,99,0,0,0,1,0,3,1,5,1,20,4,-1,-1,-1,-1,6,1,E01002659,0
Unvalidated,2024451409051,2024,451409051,2,9,0,18,1,3,0,0,0,0,0,0,1,1,6,3,98,11,-1,-1,-1,-1,-1,-1,-1,0
Unvalidated,2024451409063,2024,451409063,1,9,0,18,1,5,0,0,0,0,0,0,1,1,2,1,72,10,-1,-1,-1,-1,6,3,E01030555,0
Unvalidated,2024451409063,2024,451409063,2,9,0,18,5,1,0,0,0,0,0,0,1,1,5,1,72,10,-1,-1,-1,-1,9,3,E01018153,0
Unvalidated,2024451409154,2024,451409154,1,9,0,9,7,5,0,1,0,0,0,0,1,1,5,1,64,9,-1,-1,-1,-1,10,2,E01030780,0
Unvalidated,2024451409154,2024,451409154,2,9,0,18,3,7,0,1,0,0,0,0,1,1,2,1,52,8,-1,-1,-1,-1,7,1,E01030414,0
Unvalidated,2024451409171,2024,451409171,1,97,0,18,7,3,9,0,0,10,0,0,1,1,5,1,15,3,-1,-1,-1,-1,3,2,E01030362,0
Unvalidated,2024451409434,2024,451409434,1,9,0,18,2,6,0,0,5,7,8,1,1,1,5,2,35,6,-1,-1,-1,-1,9,1,E01030836,0
Unvalidated,2024451409447,2024,451409447,1,98,0,18,3,7,0,0,1,0,0,0,3,1,5,1,24,5,-1,-1,-1,-1,5,3,E01030459,0
Unvalidated,2024451409447,2024,451409447,2,9,0,18,7,3,0,0,0,0,0,0,0,1,6,1,26,6,-1,-1,-1,-1,4,1,E01023146,0
Unvalidated,2024451409455,2024,451409455,1,98,0,18,1,5,0,1,0,0,0,0,1,1,1,1,34,6,-1,-1,-1,-1,2,3,E01023990,0
Unvalidated,2024451409455,2024,451409455,2,9,0,10,5,1,0,1,0,0,0,0,2,1,5,2,66,10,-1,-1,-1,-1,8,3,E01030867,0
Unvalidated,2024451409455,2024,451409455,3,98,0,18,7,3,0,1,0,0,0,0,1,1,1,1,45,7,-1,-1,-1,-1,3,1,E01004189,0
Unvalidated,2024451409532,2024,451409532,1,19,0,18,1,6,0,3,0,10,0,0,3,1,1,2,26,6,-1,-1,-1,-1,-1,-1,-1,0
Unvalidated,2024451409532,2024,451409532,2,21,0,99,1,6,0,3,0,0,0,0,9,1,6,1,44,7,-1,-1,-1,-1,3,1,E01001501,0
Unvalidated,2024451409552,2024,451409552,1,9,0,4,7,3,0,1,0,0,0,0,3,1,5,1,54,8,-1,-1,-1,-1,9,1,E01030501,0
Unvalidated,2024451409552,2024,451409552,2,9,0,18,3,7,0,8,0,99,0,0,3,1,6,1,48,8,-1,-1,-1,-1,9,1,E01030501,0
Unvalidated,2024451409570,2024,451409570,1,9,0,3,1,5,0,1,0,0,0,0,2,1,2,2,28,6,-1,-1,-1,-1,-1,-1,-1,0
Unvalidated,2024451409570,2024,451409570,2,9,0,18,1,5,0,1,0,0,0,0,-1,1,6,3,-1,-1,-1,-1,-1,-1,-1,-1,-1,0
Unvalidated,2024451409572,2024,451409572,1,9,0,7,1,4,0,1,0,0,0,0,1,1,5,1,24,5,-1,-1,-1,-1,8,1,E01004195,0
Unvalidated,2024451409572,2024,451409572,2,9,0,18,5,1,0,1,0,0,0,0,1,1,2,2,39,7,-1,-1,-1,-1,9,1,E01030660,0
Unvalidated,2024451409598,2024,451409598,1,9,0,9,6,8,0,8,0,0,0,0,1,1,5,2,22,5,-1,-1,-1,-1,5,1,E01030962,0
Unvalidated,2024451409598,2024,451409598,2,9,0,18,6,2,0,8,0,0,0,0,1,1,5,1,68,10,-1,-1,-1,-1,7,1,E01001922,0
Unvalidated,2024451409607,2024,451409607,1,9,0,18,3,7,0,0,0,0,0,0,1,1,2,2,65,9,-1,-1,-1,-1,6,1,E01030336,0
Unvalidated,2024451409607,2024,451409607,2,1,0,18,6,1,0,0,5,0,1,0,1,1,5,1,12,3,-1,-1,-1,-1,9,1,E01030326,0
Unvalidated,2024451409612,2024,451409612,1,9,0,18,6,2,0,0,0,0,0,0,1,1,5,2,27,6,-1,-1,-1,-1,5,1,E01002489,0
Unvalidated,2024451409612,2024,451409612,2,98,0,18,6,2,0,0,0,0,0,0,2,1,1,1,65,9,-1,-1,-1,-1,6,1,E01023942,0
Unvalidated,2024451409612,2024,451409612,3,98,0,18,6,2,0,0,0,0,0,0,2,1,2,1,40,7,-1,-1,-1,-1,3,1,E01017619,0
Unvalidated,2024451409619,2024,451409619,1,9,0,18,7,3,0,0,0,0,0,0,1,1,6,1,33,6,-1,-1,-1,-1,4,1,E01001645,0
Unvalidated,2024451409619,2024,451409619,2,9,0,18,7,3,0,0,0,0,0,0,2,1,2,2,55,8,-1,-1,-1,-1,10,1,E01030368,0
Unvalidated,2024451409619,2024,451409619,3,9,0,18,7,3,0,0,0,0,0,0,0,1,1,1,31,6,-1,-1,-1,-1,10,1,E01030435,0
Unvalidated,2024451409619,2024,451409619,4,9,0,18,7,3,0,0,0,0,0,0,0,1,1,1,30,6,-1,-1,-1,-1,10,1,E01030435,0
Unvalidated,2024451409619,2024,451409619,5,9,0,18,7,3,0,0,0,0,0,0,0,1,1,2,42,7,-1,-1,-1,-1,10,1,E01030435,0
Unvalidated,2024451409619,2024,451409619,6,9,0,18,7,3,0,0,0,0,0,0,0,1,1,1,43,7,-1,-1,-1,-1,10,1,E01030435,0
Unvalidated,2024451409619,2024,451409619,7,9,0,18,7,3,0,0,0,0,0,0,0,1,1,1,48,8,-1,-1,-1,-1,10,1,E01030435,0
Unvalidated,2024451409619,2024,451409619,8,9,0,18,7,3,0,0,0,0,0,0,0,1,1,1,39,7,-1,-1,-1,-1,10,1,E01030435,0
Unvalidated,2024451409942,2024,451409942,1,9,0,18,4,8,0,0,0,0,0,0,9,1,6,3,40,7,-1,-1,-1,-1,-1,-1,-1,0
Unvalidated,2024451409942,2024,451409942,2,19,0,4,4,8,0,0,0,0,0,0,2,1,5,1,33,6,-1,-1,-1,-1,3,1,E01004533,0
Unvalidated,2024451409942,2024,451409942,3,90,0,4,4,8,0,0,0,0,0,0,1,1,6,3,40,7,-1,-1,-1,-1,-1,-1,-1,0
Unvalidated,2024451409961,2024,451409961,1,9,0,9,3,1,0,8,0,0,0,0,1,1,2,2,63,9,-1,-1,-1,-1,10,1,E01030762,0
Unvalidated,2024451409961,2024,451409961,2,1,0,18,5,1,0,1,0,0,0,0,1,1,6,1,65,9,-1,-1,-1,-1,8,1,E01024948,0
Unvalidated,2024451409997,2024,451409997,1,9,0,18,1,5,0,1,0,0,0,0,1,1,5,1,61,9,-1,-1,-1,-1,8,1,E01030452,0
Unvalidated,2024451409997,2024,451409997,2,98,0,2,0,0,0,1,0,0,0,0,2,1,1,1,24,5,-1,-1,-1,-1,7,1,E01017259,0
Unvalidated,2024451410019,2024,451410019,1,97,0,9,1,2,0,8,0,0,0,0,4,1,2,1,27,6,-1,-1,-1,-1,4,1,E01030364,0
Unvalidated,2024451410019,2024,451410019,2,9,0,9,1,1,0,4,0,0,0,0,1,1,6,1,35,6,-1,-1,-1,-1,8,1,E01030313,0
Unvalidated,2024451410057,2024,451410057,1,9,0,18,5,1,0,0,2,0,2,10,1,1,6,1,26,6,-1,-1,-1,-1,4,1,E01030608,0
Unvalidated,2024451410060,2024,451410060,1,9,0,9,3,1,0,2,0,0,0,0,1,1,5,2,78,11,-1,-1,-1,-1,9,1,E01001107,0
Unvalidated,2024451410060,2024,451410060,2,97,0,13,1,5,0,1,0,0,0,0,1,1,5,1,17,4,-1,-1,-1,-1,4,1,E01001092,0
Unvalidated,2024451410112,2024,451410112,1,98,0,18,2,6,0,0,0,0,0,0,1,1,1,1,40,7,-1,-1,-1,-1,7,2,E01032717,0
Unvalidated,2024451410112,2024,451410112,2,98,0,18,5,1,0,0,0,0,0,0,1,1,1,1,28,6,-1,-1,-1,-1,4,1,E01017171,0
Unvalidated,2024451410261,2024,451410261,1,1,0,18,1,6,0,1,0,0,0,0,1,1,6,2,25,5,-1,-1,-1,-1,10,1,E01030353,0
Unvalidated,2024451410261,2024,451410261,2,9,0,18,1,4,0,1,0,0,0,0,1,1,6,3,44,7,-1,-1,-1,-1,-1,-1,-1,0
Unvalidated,2024451410344,2024,451410344,1,9,0,18,4,4,0,8,0,0,0,0,1,1,6,1,62,9,-1,-1,-1,-1,-1,-1,-1,0
Unvalidated,2024451410344,2024,451410344,2,9,0,18,6,6,0,8,0,0,0,0,1,1,6,1,28,6,-1,-1,-1,-1,-1,-1,-1,0
Unvalidated,2024451410431,2024,451410431,1,9,0,18,3,7,0,0,0,0,0,0,2,1,5,2,44,7,-1,-1,-1,-1,4,1,E01016067,0
Unvalidated,2024451410431,2024,451410431,2,9,0,18,3,7,0,0,0,0,0,0,2,1,6,2,51,8,-1,-1,-1,-1,8,1,E01001062,0
Unvalidated,2024451410431,2024,451410431,3,9,0,18,3,7,0,0,0,0,0,0,2,1,5,2,41,7,-1,-1,-1,-1,4,1,E01002250,0
Unvalidated,2024451410431,2024,451410431,4,9,0,18,1,5,0,0,0,0,0,0,1,1,5,1,28,6,-1,-1,-1,-1,2,1,E01027228,0
Unvalidated,2024451410431,2024,451410431,5,9,0,18,3,7,0,0,0,0,0,0,2,1,5,1,46,8,-1,-1,-1,-1,5,1,E01001611,0
Unvalidated,2024451410431,2024,451410431,6,98,0,18,4,8,0,0,0,0,0,0,1,1,1,1,64,9,-1,-1,-1,-1,10,1,E01016598,0
Unvalidated,2024451410482,2024,451410482,1,9,0,3,1,5,0,0,0,0,0,0,1,1,5,2,20,4,-1,-1,-1,-1,10,1,E01030319,0
Unvalidated,2024451410482,2024,451410482,2,9,0,4,1,5,0,0,0,0,0,0,1,1,6,3,41,7,-1,-1,-1,-1,-1,-1,-1,0
Unvalidated,2024451410508,2024,451410508,1,9,0,11,3,7,0,0,1,0,0,0,1,1,5,1,23,5,-1,-1,-1,-1,6,1,E01030399,0
Unvalidated,2024451410508,2024,451410508,2,9,0,18,3,7,0,0,1,0,0,0,3,1,5,2,31,6,-1,-1,-1,-1,7,1,E01030451,0
Unvalidated,2024451410508,2024,451410508,3,9,0,18,1,5,0,0,0,0,0,0,2,1,6,3,45,7,-1,-1,-1,-1,-1,-1,-1,0
Unvalidated,2024451410579,2024,451410579,1,9,0,4,1,1,0,0,0,99,0,0,2,1,2,2,22,5,-1,-1,-1,-1,9,3,E01022582,0
Unvalidated,2024451410579,2024,451410579,2,9,0,18,1,1,0,0,0,0,0,0,1,1,6,2,31,6,-1,-1,-1,-1,10,1,E01030370,0
Unvalidated,2024451410804,2024,451410804,1,1,0,18,1,3,0,8,5,99,0,0,1,1,5,1,65,9,-1,-1,-1,-1,8,1,E01030697,0
Unvalidated,2024451410804,2024,451410804,2,9,0,10,1,3,0,1,0,99,0,0,1,1,6,2,30,6,-1,-1,-1,-1,8,1,E01030335,0
Unvalidated,2024451410812,2024,451410812,1,9,0,18,5,1,0,1,0,0,0,0,1,1,6,3,23,5,-1,-1,-1,-1,-1,-1,-1,0
Unvalidated,2024451410842,2024,451410842,1,9,0,9,5,1,0,6,0,0,0,0,4,1,5,2,28,6,-1,-1,-1,-1,6,1,E01000778,0
Unvalidated,2024451410842,2024,451410842,2,9,0,18,3,7,0,1,0,0,0,0,4,1,5,1,44,7,-1,-1,-1,-1,7,3,E01030569,0
Unvalidated,2024451410842,2024,451410842,3,9,0,18,3,7,0,1,0,0,0,0,0,1,6,3,-1,-1,-1,-1,-1,-1,-1,-1,-1,0
Unvalidated,2024451410864,2024,451410864,1,9,0,17,6,2,0,0,5,0,1,2,1,1,5,1,19,4,-1,-1,-1,-1,9,1,E01030904,0
Unvalidated,2024451410875,2024,451410875,1,9,0,10,5,2,0,0,1,0,0,0,3,1,5,1,67,10,-1,-1,-1,-1,10,1,E01030798,0
Unvalidated,2024451410875,2024,451410875,2,9,0,18,5,1,0,0,0,0,0,0,4,1,5,1,18,4,-1,-1,-1,-1,9,1,E01022874,0
Unvalidated,2024451410879,2024,451410879,1,9,0,18,5,1,0,8,0,0,0,0,1,1,5,2,60,9,-1,-1,-1,-1,9,1,E01003358,0
Unvalidated,2024451410879,2024,451410879,2,9,0,9,1,3,1,8,0,0,0,0,1,1,1,1,23,5,-1,-1,-1,-1,2,1,E01003128,0
Unvalidated,2024451410920,2024,451410920,1,97,0,4,1,5,0,0,0,0,0,0,1,1,2,1,56,9,-1,-1,-1,-1,4,1,E01030608,0
Unvalidated,2024451410920,2024,451410920,2,9,0,18,5,1,0,0,0,0,0,0,1,1,6,1,42,7,-1,-1,-1,-1,7,1,E01002154,0
Unvalidated,2024451410920,2024,451410920,3,9,0,18,1,4,0,0,0,0,0,0,1,1,6,3,44,7,-1,-1,-1,-1,-1,-1,-1,0
Unvalidated,2024451411025,2024,451411025,1,9,0,18,6,2,0,1,0,0,0,0,4,1,5,2,33,6,-1,-1,-1,-1,6,1,E01030767,0
Unvalidated,2024451411025,2024,451411025,2,9,0,9,4,8,0,6,0,0,0,0,1,1,6,1,-1,-1,-1,-1,-1,-1,-1,-1,-1,0
Unvalidated,2024451411057,2024,451411057,1,9,0,5,7,3,0,1,0,0,0,0,1,1,5,2,52,8,-1,-1,-1,-1,7,1,E01030652,0
Unvalidated,2024451411057,2024,451411057,2,97,0,18,1,5,0,8,0,0,0,0,3,1,1,1,40,7,-1,-1,-1,-1,9,1,E01030646,0
Unvalidated,2024451411153,2024,451411153,1,98,0,7,5,8,0,1,0,0,0,0,1,1,1,1,24,5,-1,-1,-1,-1,3,1,E01002402,0
Unvalidated,2024451411153,2024,451411153,2,9,0,4,3,7,0,1,0,0,0,0,4,1,6,1,58,9,-1,-1,-1,-1,10,1,E01030623,0
Unvalidated,2024451411164,2024,451411164,1,9,0,18,7,3,0,0,0,0,0,0,1,1,5,1,31,6,-1,-1,-1,-1,2,1,E01001011,0
Unvalidated,2024451411164,2024,451411164,2,9,0,18,7,3,0,0,0,0,0,0,3,1,5,1,19,4,-1,-1,-1,-1,9,1,E01031592,0
Unvalidated,2024451411279,2024,451411279,1,97,0,17,7,3,0,0,0,0,1,0,1,1,2,1,25,5,-1,-1,-1,-1,-1,-1,-1,0
Unvalidated,2024451411297,2024,451411297,1,9,0,18,5,1,0,0,0,0,0,0,4,1,5,2,34,6,-1,-1,-1,-1,5,1,E01016990,0
Unvalidated,2024451411317,2024,451411317,1,9,0,18,5,3,0,5,0,0,0,0,2,1,5,2,43,7,-1,-1,-1,-1,2,1,E01030985,0
Unvalidated,2024451411317,2024,451411317,2,9,0,4,1,5,0,1,0,0,0,0,1,1,6,3,45,7,-1,-1,-1,-1,-1,-1,-1,0
Unvalidated,2024451411366,2024,451411366,1,9,0,13,7,3,0,0,1,0,7,4,1,1,6,1,31,6,-1,-1,-1,-1,7,2,E01030515,0
Unvalidated,2024451411619,2024,451411619,1,9,0,18,5,1,0,0,0,0,0,0,1,1,5,2,60,9,-1,-1,-1,-1,5,3,E01030815,0
Unvalidated,2024451411619,2024,451411619,2,9,0,18,5,1,0,0,1,0,0,0,3,1,6,1,44,7,-1,-1,-1,-1,-1,-1,-1,0
Unvalidated,2024451411763,2024,451411763,1,97,0,18,3,7,0,1,0,0,0,0,3,1,5,1,18,4,-1,-1,-1,-1,9,3,E01030875,0
Unvalidated,2024451411763,2024,451411763,2,9,0,9,1,5,0,1,0,0,0,0,1,1,6,3,55,8,-1,-1,-1,-1,-1,-1,-1,0
Unvalidated,2024451411953,2024,451411953,1,9,0,18,8,4,0,0,0,0,0,0,1,1,6,1,25,5,-1,-1,-1,-1,-1,-1,-1,0
Unvalidated,2024451411953,2024,451411953,2,9,0,2,8,4,0,0,0,0,0,0,2,1,6,3,-1,-1,-1,-1,-1,-1,-1,-1,-1,0
Unvalidated,2024451412100,2024,451412100,1,9,0,16,4,2,0,8,0,0,0,0,4,1,5,1,54,8,-1,-1,-1,-1,10,1,E01030682,0
Unvalidated,2024451412100,2024,451412100,2,9,0,17,2,4,0,4,0,0,0,0,1,1,5,2,43,7,-1,-1,-1,-1,2,1,E01030985,0
Unvalidated,2024451412133,2024,451412133,1,9,0,18,1,5,0,1,0,0,0,0,1,1,6,3,30,6,-1,-1,-1,-1,-1,-1,-1,0
Unvalidated,2024451412172,2024,451412172,1,9,0,18,5,1,0,1,0,0,0,0,1,1,5,1,43,7,-1,-1,-1,-1,2,1,E01013899,0
Unvalidated,2024451412172,2024,451412172,2,9,0,9,5,3,0,8,0,0,0,0,3,1,5,1,64,9,-1,-1,-1,-1,4,1,E01003148,0
Unvalidated,2024451412172,2024,451412172,3,9,0,2,0,0,0,2,0,0,0,0,0,1,6,3,-1,-1,-1,-1,-1,-1,-1,-1,-1,0
Unvalidated,2024451412176,2024,451412176,1,9,0,18,1,5,0,1,0,0,0,0,4,1,3,2,41,7,-1,-1,-1,-1,8,1,E01030697,0
Unvalidated,2024451412189,2024,451412189,1,97,0,18,3,7,0,0,0,0,0,0,4,1,2,1,26,6,-1,-1,-1,-1,7,3,E01030472,0
Unvalidated,2024451412190,2024,451412190,1,1,0,18,5,1,4,1,0,0,0,0,1,1,6,1,56,9,-1,-1,-1,-1,6,1,E01030665,0
Unvalidated,2024451412190,2024,451412190,2,1,0,9,3,7,9,1,0,0,0,0,0,1,6,1,43,7,-1,-1,-1,-1,7,1,E01030738,0
Unvalidated,2024451412360,2024,451412360,1,9,0,18,1,5,0,8,0,0,0,0,4,1,1,2,68,10,-1,-1,-1,-1,5,1,E01002950,0
Unvalidated,2024451412360,2024,451412360,2,9,0,9,3,7,0,6,0,0,0,0,1,2,3,2,39,7,-1,-1,-1,-1,4,1,E01030383,0
Unvalidated,2024451412465,2024,451412465,1,9,0,9,5,1,0,6,0,0,0,0,1,1,3,2,75,10,-1,-1,-1,-1,6,1,E01004181,0
Unvalidated,2024451412465,2024,451412465,2,9,0,17,1,5,0,8,0,0,0,0,4,1,3,2,33,6,-1,-1,-1,-1,4,1,E01030634,0
Unvalidated,2024451412637,2024,451412637,1,97,0,18,1,5,0,4,1,0,0,0,4,1,2,1,58,9,-1,-1,-1,-1,4,1,E01023146,0
Unvalidated,2024451412669,2024,451412669,1,9,0,18,3,1,0,0,0,0,0,0,4,1,6,3,35,6,-1,-1,-1,-1,-1,-1,-1,0
Unvalidated,2024451412669,2024,451412669,2,9,0,18,5,1,0,0,0,0,0,0,4,1,5,1,39,7,-1,-1,-1,-1,10,1,E01002920,0
Unvalidated,2024451412669,2024,451412669,3,9,0,18,5,1,0,0,0,0,0,0,3,1,2,2,43,7,-1,-1,-1,-1,8,1,E01030697,0
Unvalidated,2024451412731,2024,451412731,1,9,0,18,5,1,0,0,0,0,0,0,3,1,2,1,23,5,-1,-1,-1,-1,9,2,E01031615,0
Unvalidated,2024451412731,2024,451412731,2,97,0,13,5,1,0,0,0,0,0,0,4,1,1,1,32,6,-1,-1,-1,-1,6,1,E01024276,0
Unvalidated,2024451412781,2024,451412781,1,9,0,3,7,3,0,0,0,0,0,0,2,1,5,2,52,8,-1,-1,-1,-1,5,1,E01031595,0
Unvalidated,2024451412781,2024,451412781,2,9,0,4,7,3,0,0,0,0,0,0,2,1,1,1,45,7,-1,-1,-1,-1,5,1,E01032654,0
Unvalidated,2024451412781,2024,451412781,3,9,0,18,7,3,0,0,0,0,0,0,1,1,5,1,31,6,-1,-1,-1,-1,-1,-1,-1,0
Unvalidated,2024451412804,2024,451412804,1,9,0,18,7,3,0,0,0,0,0,0,1,1,3,1,40,7,-1,-1,-1,-1,9,1,E01030339,0
Unvalidated,2024451412804,2024,451412804,2,9,0,18,3,7,0,0,0,0,0,0,1,1,1,2,44,7,-1,-1,-1,-1,8,1,E01030313,0
Unvalidated,2024451412804,2024,451412804,3,9,0,18,3,7,0,0,0,0,0,0,1,1,3,1,56,9,-1,-1,-1,-1,-1,-1,-1,0
Unvalidated,2024451412804,2024,451412804,4,9,0,18,3,7,0,0,0,0,0,0,4,1,3,2,31,6,-1,-1,-1,-1,8,1,E01030373,0
Unvalidated,2024451412896,2024,451412896,1,98,0,10,3,7,0,8,0,0,0,0,2,1,1,1,35,6,-1,-1,-1,-1,10,1,E01030500,0
Unvalidated,2024451412896,2024,451412896,2,9,0,18,3,7,0,1,0,0,0,0,1,1,1,2,31,6,-1,-1,-1,-1,9,1,E01030772,0
Unvalidated,2024451412995,2024,451412995,1,9,0,4,3,7,0,0,0,0,0,0,3,1,2,2,25,5,-1,-1,-1,-1,5,1,E01030725,0
Unvalidated,2024451412995,2024,451412995,2,9,0,13,3,7,0,0,9,0,0,0,1,1,6,2,44,7,-1,-1,-1,-1,-1,-1,-1,0
Unvalidated,2024451412995,2024,451412995,3,9,0,4,3,7,0,0,0,0,0,0,2,1,6,2,37,7,-1,-1,-1,-1,-1,-1,-1,0
Unvalidated,2024451413038,2024,451413038,1,9,0,18,5,1,0,1,0,0,0,0,1,1,5,1,21,5,-1,-1,-1,-1,5,1,E01030663,0
Unvalidated,2024451413038,2024,451413038,2,9,0,5,7,1,0,3,0,0,0,0,2,1,1,1,67,10,-1,-1,-1,-1,4,1,E01030752,0
Unvalidated,2024451413054,2024,451413054,1,9,0,4,1,5,0,1,0,0,0,0,2,1,5,1,26,6,-1,-1,-1,-1,10,1,E01030396,0
Unvalidated,2024451413054,2024,451413054,2,9,0,18,1,5,0,1,0,0,0,0,1,1,5,2,19,4,-1,-1,-1,-1,8,1,E01030591,0
Unvalidated,2024451413059,2024,451413059,1,9,0,18,5,1,0,0,0,0,0,0,4,1,2,1,31,6,-1,-1,-1,-1,7,3,E01030569,0
Unvalidated,2024451413059,2024,451413059,2,97,0,17,5,1,0,0,1,0,1,0,3,1,6,1,28,6,-1,-1,-1,-1,9,1,E01031733,0
Unvalidated,2024451413061,2024,451413061,1,9,0,17,2,6,0,0,0,0,1,0,1,1,5,2,30,6,-1,-1,-1,-1,3,1,E01030793,0
Unvalidated,2024451413067,2024,451413067,1,9,0,18,7,3,0,0,0,0,0,0,1,1,5,1,72,10,-1,-1,-1,-1,3,1,E01030952,0
Unvalidated,2024451413079,2024,451413079,1,98,0,5,3,7,0,6,0,0,0,0,4,1,1,1,59,9,-1,-1,-1,-1,7,1,E01016236,0
Unvalidated,2024451413079,2024,451413079,2,97,0,18,7,3,0,1,0,0,0,0,1,1,1,1,56,9,-1,-1,-1,-1,7,3,E01016734,0
Unvalidated,2024451413365,2024,451413365,1,9,0,13,5,1,0,0,0,0,0,0,1,1,2,1,71,10,-1,-1,-1,-1,10,1,E01030331,0
Unvalidated,2024451413424,2024,451413424,1,9,0,18,7,3,0,0,0,0,0,0,1,1,1,1,37,7,-1,-1,-1,-1,10,1,E01030953,0
Unvalidated,2024451413424,2024,451413424,2,9,0,9,1,7,0,0,0,0,0,0,1,1,3,1,44,7,-1,-1,-1,-1,7,1,E01030968,0
Unvalidated,2024451413439,2024,451413439,1,9,0,18,8,4,0,0,0,0,4,6,1,1,5,1,21,5,-1,-1,-1,-1,9,1,E01030978,0
Unvalidated,2024451413439,2024,451413439,2,9,0,18,8,4,0,0,0,0,0,0,2,1,1,1,45,7,-1,-1,-1,-1,4,1,E01016207,0
Unvalidated,2024451413439,2024,451413439,3,9,0,-1,-1,-1,-1,0,-1,-1,-1,0,-1,1,6,3,-1,-1,-1,-1,-1,-1,-1,-1,-1,0
Unvalidated,2024451413467,2024,451413467,1,9,0,18,3,7,0,0,0,0,0,0,1,1,5,1,19,4,-1,-1,-1,-1,10,1,E01030504,0