status,collision_index,collision_year,collision_reference,vehicle_reference,vehicle_type,towing_and_articulation,vehicle_manoeuvre,vehicle_direction_from,vehicle_direction_to,vehicle_location_restricted_lane,junction_location,skidding_and_overturning,hit_object_in_carriageway,vehicle_leaving_carriageway,hit_object_off_carriageway,first_point_of_impact,vehicle_left_hand_drive,journey_purpose_of_driver,sex_of_driver,age_of_driver,age_band_of_driver,engine_capacity_cc,propulsion_code,age_of_vehicle,generic_make_model,driver_imd_decile,driver_home_area_type,lsoa_of_driver,escooter_flag
Unvalidated,2024451413613,2024,451413613,1,9,0,9,5,3,0,8,0,0,0,0,3,1,5,2,49,8,-1,-1,-1,-1,10,1,E01030348,0
Unvalidated,2024451413613,2024,451413613,2,9,0,18,1,5,0,1,0,0,0,0,3,1,2,1,25,5,-1,-1,-1,-1,2,1,W01001885,0
Unvalidated,2024451413687,2024,451413687,1,1,0,18,5,1,0,3,1,0,0,0,4,1,2,1,39,7,-1,-1,-1,-1,8,1,E01030611,0
Unvalidated,2024451413687,2024,451413687,2,9,0,18,1,1,0,8,0,0,0,0,1,1,6,3,98,11,-1,-1,-1,-1,-1,-1,-1,0
Unvalidated,2024451413761,2024,451413761,1,98,0,18,5,1,0,0,0,0,0,0,4,1,1,1,28,6,-1,-1,-1,-1,9,1,E01032849,0
Unvalidated,2024451413786,2024,451413786,1,97,0,18,1,2,0,0,0,0,0,0,1,1,6,3,98,11,-1,-1,-1,-1,-1,-1,-1,0
Unvalidated,2024451413988,2024,451413988,1,9,0,7,5,1,0,0,0,0,1,0,3,1,5,2,19,4,-1,-1,-1,-1,2,1,E01017098,0
Unvalidated,2024451413997,2024,451413997,1,9,0,18,1,5,0,1,0,0,0,0,1,1,6,1,20,4,-1,-1,-1,-1,6,1,E01030610,0
Unvalidated,2024451413997,2024,451413997,2,9,0,7,3,5,0,1,0,0,0,0,3,1,5,1,38,7,-1,-1,-1,-1,4,1,E01003448,0
Unvalidated,2024451414008,2024,451414008,1,9,0,9,2,3,0,1,0,0,0,0,1,1,5,1,22,5,-1,-1,-1,-1,2,1,E01002638,0
Unvalidated,2024451414008,2024,451414008,2,97,0,18,1,5,0,2,5,0,0,0,2,1,2,1,25,5,-1,-1,-1,-1,9,1,E01030742,0
Unvalidated,2024451414038,2024,451414038,1,9,0,4,1,5,0,0,0,0,0,0,1,1,5,2,35,6,-1,-1,-1,-1,6,1,E01030736,0
Unvalidated,2024451414038,2024,451414038,2,9,0,4,1,5,0,0,0,0,0,0,1,1,5,1,66,10,-1,-1,-1,-1,5,1,E01002636,0
Unvalidated,2024451414038,2024,451414038,3,9,0,4,1,5,0,0,0,0,0,0,2,1,5,2,58,9,-1,-1,-1,-1,5,1,E01015274,0
Unvalidated,2024451414038,2024,451414038,4,9,0,4,1,5,0,0,0,0,0,0,2,1,5,2,57,9,-1,-1,-1,-1,7,2,E01017285,0
Unvalidated,2024451414038,2024,451414038,5,9,0,4,1,5,0,0,0,0,0,0,2,1,5,2,19,4,-1,-1,-1,-1,2,1,E01002606,0
Unvalidated,2024451414038,2024,451414038,6,9,0,4,1,5,0,0,0,0,0,0,2,1,5,2,38,7,-1,-1,-1,-1,-1,-1,-1,0
Unvalidated,2024451414038,2024,451414038,7,9,0,4,1,5,0,0,0,0,0,0,2,1,5,2,57,9,-1,-1,-1,-1,6,1,E01030767,0
Unvalidated,2024451414038,2024,451414038,8,9,0,4,1,5,0,0,0,0,0,0,2,1,6,3,40,7,-1,-1,-1,-1,-1,-1,-1,0
Unvalidated,2024451414039,2024,451414039,1,9,0,18,6,2,0,0,0,4,1,0,1,1,6,1,21,5,-1,-1,-1,-1,6,1,E01030665,0
Unvalidated,2024451414039,2024,451414039,2,9,0,2,2,6,0,0,0,0,0,0,4,1,6,3,-1,-1,-1,-1,-1,-1,-1,-1,-1,0
Unvalidated,2024451414096,2024,451414096,1,9,0,11,5,1,0,0,0,0,0,0,1,1,5,1,71,10,-1,-1,-1,-1,5,1,E01031826,0
Unvalidated,2024451414096,2024,451414096,2,9,0,18,5,1,0,0,0,0,0,0,3,1,5,1,34,6,-1,-1,-1,-1,10,2,E01012967,0
Unvalidated,2024451414096,2024,451414096,3,9,0,18,1,5,0,0,0,0,0,0,1,1,6,3,60,9,-1,-1,-1,-1,-1,-1,-1,0
Unvalidated,2024451414096,2024,451414096,4,9,0,4,5,1,0,0,0,0,0,0,1,1,2,2,22,5,-1,-1,-1,-1,7,1,E01000993,0
Unvalidated,2024451414170,2024,451414170,1,9,0,18,7,3,0,0,0,0,0,0,1,1,5,2,74,10,-1,-1,-1,-1,4,1,E01030383,0
Unvalidated,2024451414170,2024,451414170,2,9,0,18,7,3,0,0,0,0,0,0,2,1,6,1,53,8,-1,-1,-1,-1,7,1,E01030451,0
Unvalidated,2024451414170,2024,451414170,3,9,0,3,7,3,0,0,0,0,0,0,2,1,5,2,75,10,-1,-1,-1,-1,9,1,E01016608,0
Unvalidated,2024451414170,2024,451414170,4,9,0,3,7,3,0,0,0,0,0,0,2,1,5,1,59,9,-1,-1,-1,-1,10,1,E01031383,0
Unvalidated,2024451414206,2024,451414206,1,9,0,4,3,3,0,0,0,0,0,0,2,1,1,1,64,9,-1,-1,-1,-1,10,3,E01030526,0
Unvalidated,2024451414206,2024,451414206,2,9,0,18,3,3,0,0,1,0,0,0,1,1,1,2,26,6,-1,-1,-1,-1,10,1,E01030627,0
Unvalidated,2024451414366,2024,451414366,1,9,0,18,1,3,0,8,1,0,0,0,1,1,2,2,47,8,-1,-1,-1,-1,8,3,E01031698,0
Unvalidated,2024451414366,2024,451414366,2,9,0,18,1,3,0,8,9,0,0,0,2,1,6,2,26,6,-1,-1,-1,-1,-1,-1,-1,0
Unvalidated,2024451414366,2024,451414366,3,19,0,1,1,3,99,7,0,0,0,0,0,1,6,3,30,6,-1,-1,-1,-1,-1,-1,-1,0
Unvalidated,2024451414368,2024,451414368,1,98,0,18,6,2,0,0,0,0,0,0,1,1,5,1,23,5,-1,-1,-1,-1,8,1,E01030972,0
Unvalidated,2024451414368,2024,451414368,2,9,0,4,1,5,0,0,0,0,0,0,2,1,5,1,41,7,-1,-1,-1,-1,9,1,E01030960,0
Unvalidated,2024451414446,2024,451414446,1,9,0,4,7,1,0,0,0,0,0,0,2,2,6,2,41,7,-1,-1,-1,-1,9,1,E01030713,0
Unvalidated,2024451414446,2024,451414446,2,9,0,3,7,1,0,0,0,0,0,0,1,2,6,1,41,7,-1,-1,-1,-1,-1,-1,-1,0
Unvalidated,2024451414459,2024,451414459,1,9,0,18,-1,-1,0,0,1,8,0,0,1,1,2,2,36,7,-1,-1,-1,-1,5,1,E01031600,0
Unvalidated,2024451414459,2024,451414459,2,19,0,18,-1,-1,0,0,1,0,0,0,2,1,6,3,30,6,-1,-1,-1,-1,-1,-1,-1,0
Unvalidated,2024451414538,2024,451414538,1,9,0,18,1,5,0,1,0,0,0,0,1,1,2,2,37,7,-1,-1,-1,-1,-1,1,-1,0
Unvalidated,2024451414538,2024,451414538,2,9,0,9,5,3,0,8,0,0,0,0,1,1,2,1,49,8,-1,-1,-1,-1,9,2,E01030880,0
Unvalidated,2024451414568,2024,451414568,1,9,0,18,1,3,0,0,0,0,0,0,0,1,2,2,25,5,-1,-1,-1,-1,5,1,E01030983,0
Unvalidated,2024451414568,2024,451414568,2,3,0,18,1,3,0,0,0,0,0,0,1,1,6,1,30,6,-1,-1,-1,-1,-1,-1,-1,0
Unvalidated,2024451414624,2024,451414624,1,9,0,12,7,3,6,0,0,0,0,0,1,1,5,2,26,6,-1,-1,-1,-1,9,1,E01030568,0
Unvalidated,2024451414692,2024,451414692,1,9,0,7,5,1,0,0,0,0,0,0,1,1,1,1,51,8,-1,-1,-1,-1,2,1,E01001006,0
Unvalidated,2024451414692,2024,451414692,2,9,0,18,5,1,0,0,1,0,1,11,1,1,2,1,34,6,-1,-1,-1,-1,8,3,E01030628,0
Unvalidated,2024451414706,2024,451414706,1,9,0,18,3,7,0,1,1,0,0,0,1,1,1,2,29,6,-1,-1,-1,-1,4,1,E01022478,0
Unvalidated,2024451414706,2024,451414706,2,98,0,9,5,3,0,6,0,0,0,0,2,1,2,1,46,8,-1,-1,-1,-1,8,3,E01030478,0
Unvalidated,2024451414762,2024,451414762,1,9,0,8,7,1,0,6,0,0,0,0,1,1,5,1,45,7,-1,-1,-1,-1,7,1,E01030629,0
Unvalidated,2024451414772,2024,451414772,1,97,0,16,4,8,0,0,0,11,7,6,1,1,2,1,19,4,-1,-1,-1,-1,2,1,E01016397,0
Unvalidated,2024451414790,2024,451414790,1,9,0,18,5,1,0,0,0,0,0,0,4,1,2,1,34,6,-1,-1,-1,-1,3,1,E01002554,0
Unvalidated,2024451414790,2024,451414790,2,98,0,12,7,4,0,0,0,0,0,0,1,2,1,1,45,7,-1,-1,-1,-1,-1,-1,-1,0
Unvalidated,2024451414812,2024,451414812,1,9,0,4,5,1,0,0,0,0,0,0,2,1,5,2,48,8,-1,-1,-1,-1,10,1,E01030917,0
Unvalidated,2024451414812,2024,451414812,2,97,0,4,5,1,0,0,0,0,0,0,2,1,2,2,50,8,-1,-1,-1,-1,8,1,E01030450,0
Unvalidated,2024451414812,2024,451414812,3,9,0,18,1,5,0,0,0,0,0,0,1,1,2,1,61,9,-1,-1,-1,-1,8,3,E01030478,0
Unvalidated,2024451414825,2024,451414825,1,9,0,9,3,1,0,8,0,0,0,0,1,1,6,1,28,6,-1,-1,-1,-1,4,1,E01030676,0
Unvalidated,2024451414825,2024,451414825,2,97,0,18,2,6,0,8,0,0,0,0,3,1,1,1,25,5,-1,-1,-1,-1,5,1,E01002661,0
Unvalidated,2024451414834,2024,451414834,1,9,0,18,1,5,0,1,0,0,0,0,1,1,6,1,30,6,-1,-1,-1,-1,7,1,E01030621,0
Unvalidated,2024451414834,2024,451414834,2,9,0,4,1,5,0,1,0,0,0,0,2,1,6,1,44,7,-1,-1,-1,-1,7,1,E01030594,0
Unvalidated,2024451414834,2024,451414834,3,9,0,10,1,7,0,8,0,0,0,0,2,1,5,1,58,9,-1,-1,-1,-1,7,1,E01030613,0
Unvalidated,2024451414856,2024,451414856,1,9,0,18,7,3,0,0,0,0,0,0,1,1,1,2,37,7,-1,-1,-1,-1,9,2,E01016575,0
Unvalidated,2024451414991,2024,451414991,1,9,0,18,-1,-1,0,1,0,0,0,0,1,1,6,1,58,9,-1,-1,-1,-1,4,1,E01030745,0
Unvalidated,2024451415080,2024,451415080,1,9,0,18,1,5,0,1,1,11,0,0,1,1,2,1,52,8,-1,-1,-1,-1,3,1,E01030578,0
Unvalidated,2024451415160,2024,451415160,1,9,0,18,1,5,9,2,1,0,1,4,1,1,2,1,50,8,-1,-1,-1,-1,4,1,E01032778,0
Unvalidated,2024451415160,2024,451415160,2,9,0,2,0,0,9,1,0,0,0,0,1,1,6,3,-1,-1,-1,-1,-1,-1,-1,-1,-1,0
Unvalidated,2024451415160,2024,451415160,3,9,0,2,0,0,9,1,0,0,0,0,4,1,6,3,-1,-1,-1,-1,-1,-1,-1,-1,-1,0
Unvalidated,2024451415160,2024,451415160,4,9,0,2,0,0,0,1,0,0,0,0,2,1,6,3,-1,-1,-1,-1,-1,-1,-1,-1,-1,0
Unvalidated,2024451415229,2024,451415229,1,9,0,9,6,3,0,6,0,0,0,0,1,1,6,1,39,7,-1,-1,-1,-1,5,3,E01031498,0
Unvalidated,2024451415229,2024,451415229,2,97,0,18,3,7,0,1,0,0,0,0,1,1,6,1,58,9,-1,-1,-1,-1,10,1,E01022578,0
Unvalidated,2024451415236,2024,451415236,1,9,0,5,2,6,0,0,0,0,0,0,3,1,5,1,65,9,-1,-1,-1,-1,10,1,E01030769,0
Unvalidated,2024451415236,2024,451415236,2,9,0,17,6,2,0,0,5,0,0,0,1,1,2,1,39,7,-1,-1,-1,-1,8,3,E01030474,0
Unvalidated,2024451415255,2024,451415255,1,9,0,16,7,3,0,2,0,0,0,0,1,1,5,1,36,7,-1,-1,-1,-1,9,3,E01030477,0
Unvalidated,2024451415533,2024,451415533,1,98,1,18,6,2,0,0,0,0,0,0,2,1,1,1,49,8,-1,-1,-1,-1,5,1,E01030743,0
Unvalidated,2024451415533,2024,451415533,2,98,0,18,4,8,0,0,0,0,0,0,2,1,1,1,29,6,-1,-1,-1,-1,1,1,E01024610,0
Unvalidated,2024451415533,2024,451415533,3,98,0,18,4,8,0,0,0,0,0,0,1,1,1,1,62,9,-1,-1,-1,-1,3,1,E01002429,0
Unvalidated,2024451415549,2024,451415549,1,9,0,18,8,4,0,0,0,0,0,0,1,1,5,1,73,10,-1,-1,-1,-1,8,1,E01030951,0
Unvalidated,2024451415549,2024,451415549,2,9,0,18,4,8,0,0,0,0,0,0,1,1,3,2,43,7,-1,-1,-1,-1,10,1,E01030963,0
Unvalidated,2024451415566,2024,451415566,1,9,0,9,7,3,0,8,0,0,0,0,3,1,5,1,21,5,-1,-1,-1,-1,5,1,E01014732,0
Unvalidated,2024451415566,2024,451415566,2,97,0,18,7,3,0,8,0,0,0,0,1,1,1,1,52,8,-1,-1,-1,-1,8,1,E01030920,0
Unvalidated,2024451415601,2024,451415601,1,9,0,5,3,7,0,2,0,0,0,0,1,2,5,2,41,7,-1,-1,-1,-1,9,1,E01030970,0
Unvalidated,2024451415604,2024,451415604,1,9,0,10,1,7,0,6,0,0,0,0,1,1,2,2,34,6,-1,-1,-1,-1,9,1,E01030685,0
Unvalidated,2024451415604,2024,451415604,2,9,0,18,7,2,0,8,0,0,0,0,4,1,6,2,30,6,-1,-1,-1,-1,-1,-1,-1,0
Unvalidated,2024451415632,2024,451415632,1,9,0,18,5,1,0,0,0,0,0,0,1,1,5,1,79,11,-1,-1,-1,-1,4,1,E01030383,0
Unvalidated,2024451415673,2024,451415673,1,9,0,10,5,1,0,5,0,0,0,0,2,1,3,2,50,8,-1,-1,-1,-1,10,1,E01030661,0
Unvalidated,2024451415673,2024,451415673,2,9,0,10,3,7,0,6,0,0,0,0,1,1,6,2,62,9,-1,-1,-1,-1,10,1,E01030661,0
Unvalidated,2024451415692,2024,451415692,1,9,0,3,8,-1,0,4,0,0,0,0,2,1,3,1,49,8,-1,-1,-1,-1,5,1,E01030484,0
Unvalidated,2024451415692,2024,451415692,2,9,0,3,8,-1,0,4,0,0,0,0,1,1,6,2,40,7,-1,-1,-1,-1,-1,-1,-1,0
Unvalidated,2024451415847,2024,451415847,1,9,0,18,8,4,0,0,0,0,0,0,4,1,5,2,44,7,-1,-1,-1,-1,9,1,E01030766,0
Unvalidated,2024451415898,2024,451415898,1,9,0,7,7,2,5,8,0,0,0,0,1,1,5,2,24,5,-1,-1,-1,-1,6,1,E01030717,0
Unvalidated,2024451415898,2024,451415898,2,1,0,18,1,5,0,8,5,0,0,0,3,1,5,1,58,9,-1,-1,-1,-1,5,1,E01030719,0
Unvalidated,2024451415939,2024,451415939,1,9,0,3,7,3,0,6,0,0,0,0,1,1,5,1,50,8,-1,-1,-1,-1,8,3,E01030867,0
Unvalidated,2024451415939,2024,451415939,2,97,0,18,5,1,0,1,2,0,0,0,1,1,2,2,48,8,-1,-1,-1,-1,5,1,E01030424,0
Unvalidated,2024451415976,2024,451415976,1,98,0,18,1,3,0,0,0,0,0,0,3,1,1,2,42,7,-1,-1,-1,-1,10,3,E01031720,0
Unvalidated,2024451415976,2024,451415976,2,9,0,18,1,1,0,0,0,0,0,0,1,1,5,2,53,8,-1,-1,-1,-1,7,1,E01030613,0
Unvalidated,2024451416136,2024,451416136,1,9,0,18,7,3,0,0,0,0,0,0,1,1,2,1,23,5,-1,-1,-1,-1,3,1,E01002585,0
Unvalidated,2024451416136,2024,451416136,2,98,0,18,3,7,0,0,0,0,0,0,1,1,1,1,26,6,-1,-1,-1,-1,5,1,E01030814,0
Unvalidated,2024451416193,2024,451416193,1,9,0,18,3,7,0,0,1,0,0,0,1,1,5,1,19,4,-1,-1,-1,-1,10,2,E01022878,0
Unvalidated,2024451416301,2024,451416301,1,9,0,18,3,7,0,1,0,0,0,0,3,1,5,1,78,11,-1,-1,-1,-1,9,1,E01016608,0
Unvalidated,2024451416301,2024,451416301,2,9,0,18,1,5,0,1,0,0,0,0,1,1,6,1,27,6,-1,-1,-1,-1,6,1,E01002968,0
Unvalidated,2024451416309,2024,451416309,1,9,0,18,5,1,0,1,0,0,0,0,1,1,5,1,33,6,-1,-1,-1,-1,6,1,E01030714,0
Unvalidated,2024451416309,2024,451416309,2,9,0,9,7,5,0,6,0,0,0,0,1,1,2,2,45,7,-1,-1,-1,-1,9,1,E01030705,0
Unvalidated,2024451416340,2024,451416340,1,9,0,18,1,5,0,0,5,0,0,0,4,1,5,1,77,11,-1,-1,-1,-1,9,1,E01030836,0
Unvalidated,2024451416385,2024,451416385,1,9,0,18,1,5,0,0,1,0,1,9,1,1,2,1,50,8,-1,-1,-1,-1,5,1,E01030981,0
Unvalidated,2024451416385,2024,451416385,2,9,0,18,5,1,0,0,1,0,7,0,4,1,2,2,27,6,-1,-1,-1,-1,10,1,E01030958,0
Unvalidated,2024451416385,2024,451416385,3,9,0,18,1,5,0,0,1,0,7,0,1,1,5,2,33,6,-1,-1,-1,-1,8,3,E01030474,0
Unvalidated,2024451416550,2024,451416550,1,3,0,18,3,7,0,8,0,0,0,0,3,1,5,1,17,4,-1,-1,-1,-1,6,2,E01030973,0
Unvalidated,2024451416550,2024,451416550,2,9,0,5,1,5,0,6,0,0,0,0,1,1,5,1,55,8,-1,-1,-1,-1,9,1,E01031001,0
Unvalidated,2024451416566,2024,451416566,1,9,0,18,3,1,0,1,0,0,0,0,2,1,6,1,29,6,-1,-1,-1,-1,6,1,E01016482,0
Unvalidated,2024451416566,2024,451416566,2,9,0,18,1,5,0,1,0,0,0,0,2,1,5,2,36,7,-1,-1,-1,-1,3,1,E01030711,0
Unvalidated,2024451416575,2024,451416575,1,9,0,18,5,1,0,1,0,0,0,0,3,1,5,1,65,9,-1,-1,-1,-1,8,2,E01033717,0
Unvalidated,2024451416585,2024,451416585,1,9,0,18,2,5,0,0,0,0,0,0,2,1,1,1,33,6,-1,-1,-1,-1,8,1,E01001122,0
Unvalidated,2024451416585,2024,451416585,2,9,0,18,4,5,0,0,1,0,0,0,1,1,6,3,50,8,-1,-1,-1,-1,-1,-1,-1,0
Unvalidated,2024451416702,2024,451416702,1,9,0,18,1,5,0,8,0,0,0,0,1,1,2,1,31,6,-1,-1,-1,-1,10,1,E01030820,0
Unvalidated,2024451416702,2024,451416702,2,9,0,9,2,7,0,2,0,0,0,0,1,1,2,2,35,6,-1,-1,-1,-1,3,1,E01001053,0
Unvalidated,2024451416781,2024,451416781,1,9,0,11,5,8,0,0,0,0,0,0,4,1,5,1,62,9,-1,-1,-1,-1,6,1,E01030300,0
Unvalidated,2024451416781,2024,451416781,2,1,0,18,4,8,0,0,0,0,0,0,3,1,5,1,32,6,-1,-1,-1,-1,4,1,E01001903,0
Unvalidated,2024451416818,2024,451416818,1,9,0,16,3,7,0,0,1,0,7,11,4,1,6,1,20,4,-1,-1,-1,-1,8,1,E01000655,0
Unvalidated,2024451416818,2024,451416818,2,98,0,18,7,3,0,0,0,0,0,0,1,1,5,2,52,8,-1,-1,-1,-1,9,1,E01000658,0
Unvalidated,2024451416861,2024,451416861,1,9,0,5,3,7,0,1,0,0,0,0,3,1,1,1,39,7,-1,-1,-1,-1,5,1,E01030981,0
Unvalidated,2024451416861,2024,451416861,2,9,0,18,5,1,0,1,0,0,0,0,1,1,2,2,61,9,-1,-1,-1,-1,10,3,E01016604,0
Unvalidated,2024451416871,2024,451416871,1,9,0,2,1,3,0,2,0,0,0,0,3,1,6,3,30,6,-1,-1,-1,-1,-1,-1,-1,0
Unvalidated,2024451416871,2024,451416871,2,1,0,18,1,3,0,2,0,0,0,0,0,1,5,1,12,3,-1,-1,-1,-1,-1,-1,-1,0
Unvalidated,2024451416883,2024,451416883,1,1,0,18,1,5,0,0,0,0,0,0,2,1,5,1,61,9,-1,-1,-1,-1,9,3,E01030492,0
Unvalidated,2024451416883,2024,451416883,2,9,0,18,1,5,0,0,0,0,0,0,4,1,3,1,54,8,-1,-1,-1,-1,4,1,E01030619,0
Unvalidated,2024451416937,2024,451416937,1,9,0,5,1,5,0,0,0,0,0,0,1,1,2,1,65,9,-1,-1,-1,-1,10,1,E01030511,0
Unvalidated,2024451416993,2024,451416993,1,97,0,17,1,5,0,0,1,0,0,0,4,1,5,1,23,5,-1,-1,-1,-1,5,1,E01023843,0
Unvalidated,2024451417070,2024,451417070,1,98,0,18,4,8,0,0,0,0,1,4,1,1,1,1,45,7,-1,-1,-1,-1,4,1,E01001194,0
Unvalidated,2024451417086,2024,451417086,1,9,0,18,1,5,0,0,0,0,0,0,1,1,1,1,34,6,-1,-1,-1,-1,6,1,E01002138,0
Unvalidated,2024451417086,2024,451417086,2,9,0,18,1,5,0,0,0,0,0,0,1,1,3,2,42,7,-1,-1,-1,-1,9,1,E01030564,0
Unvalidated,2024451417453,2024,451417453,1,9,0,16,7,5,0,0,0,0,0,0,1,1,5,1,42,7,-1,-1,-1,-1,3,1,E01003015,0
Unvalidated,2024451417491,2024,451417491,1,9,0,18,8,4,0,1,0,4,0,0,3,1,2,2,63,9,-1,-1,-1,-1,6,3,E01030843,0
Unvalidated,2024451417491,2024,451417491,2,9,0,2,0,0,0,1,0,0,0,0,4,1,6,2,98,11,-1,-1,-1,-1,10,1,E01030831,0
Unvalidated,2024451417491,2024,451417491,3,98,0,2,0,0,0,1,0,0,0,0,1,1,6,3,-1,-1,-1,-1,-1,-1,-1,-1,-1,0
Unvalidated,2024451417498,2024,451417498,1,1,0,18,1,5,0,0,5,11,0,0,1,1,6,1,77,11,-1,-1,-1,-1,8,1,E01030686,0
Unvalidated,2024451417645,2024,451417645,1,1,0,18,1,5,0,0,0,0,0,0,0,1,6,1,63,9,-1,-1,-1,-1,10,1,E01030944,0
Unvalidated,2024451417686,2024,451417686,1,9,0,5,3,3,0,0,0,0,0,0,1,1,2,1,56,9,-1,-1,-1,-1,8,1,E01030885,0
Unvalidated,2024451417831,2024,451417831,1,9,0,18,5,1,0,0,0,0,0,0,4,1,1,1,41,7,-1,-1,-1,-1,4,1,E01032732,0
Unvalidated,2024451417875,2024,451417875,1,1,0,18,7,3,0,0,0,0,0,0,4,1,5,1,51,8,-1,-1,-1,-1,6,1,E01003281,0
Unvalidated,2024451417875,2024,451417875,2,9,0,18,3,7,0,0,0,0,0,0,0,1,5,2,62,9,-1,-1,-1,-1,5,3,E01030852,0
Unvalidated,2024451418105,2024,451418105,1,1,0,18,7,3,0,0,2,0,0,0,1,1,6,1,77,11,-1,-1,-1,-1,8,1,E01030686,0
Unvalidated,2024451418176,2024,451418176,1,9,0,18,7,3,0,0,0,0,0,0,1,1,6,1,38,7,-1,-1,-1,-1,4,1,E01017159,0
Unvalidated,2024451418176,2024,451418176,2,9,0,18,7,3,0,0,0,0,0,0,2,1,5,1,43,7,-1,-1,-1,-1,2,1,E01022934,0
Unvalidated,2024451418176,2024,451418176,3,98,0,18,7,3,0,0,0,0,4,6,1,1,1,1,50,8,-1,-1,-1,-1,10,1,E01031760,0
Unvalidated,2024451418188,2024,451418188,1,9,0,1,6,6,9,2,0,0,0,0,2,1,1,1,51,8,-1,-1,-1,-1,8,1,E01030994,0
Unvalidated,2024451418188,2024,451418188,2,1,0,18,1,3,0,2,0,0,0,0,1,1,6,1,13,3,-1,-1,-1,-1,8,1,E01030988,0
Unvalidated,2024451418440,2024,451418440,1,98,0,18,3,7,0,0,0,0,0,0,2,1,1,1,44,7,-1,-1,-1,-1,1,1,E01009844,0
Unvalidated,2024451418440,2024,451418440,2,98,0,18,8,4,0,0,0,0,0,0,1,1,1,1,34,6,-1,-1,-1,-1,8,3,E01011118,0
Unvalidated,2024451418448,2024,451418448,1,11,0,9,6,4,0,6,0,0,0,0,1,1,1,1,24,5,-1,-1,-1,-1,6,2,E01030973,0
Unvalidated,2024451418449,2024,451418449,1,9,0,18,1,5,0,1,0,0,0,0,4,1,5,2,35,6,-1,-1,-1,-1,5,1,E01030980,0
Unvalidated,2024451418449,2024,451418449,2,98,0,9,5,1,0,1,0,0,0,0,1,1,1,1,34,6,-1,-1,-1,-1,7,1,E01023137,0
Unvalidated,2024451418512,2024,451418512,1,9,0,18,1,5,0,0,0,0,0,0,4,1,6,1,37,7,-1,-1,-1,-1,4,2,W01000846,0
Unvalidated,2024451418512,2024,451418512,2,9,0,12,1,5,0,0,0,0,0,0,3,1,6,1,60,9,-1,-1,-1,-1,3,1,E01001171,0
Unvalidated,2024451418537,2024,451418537,1,3,9,99,0,1,99,6,0,99,0,0,9,1,1,1,55,8,-1,-1,-1,-1,8,1,E01030662,0
Unvalidated,2024451418537,2024,451418537,2,9,9,99,2,5,99,2,0,99,0,0,2,2,6,1,50,8,-1,-1,-1,-1,-1,-1,-1,0
Unvalidated,2024451418566,2024,451418566,1,3,9,18,1,5,0,1,0,0,0,0,3,1,6,2,24,5,-1,-1,-1,-1,9,3,E01016575,0
Unvalidated,2024451418566,2024,451418566,2,9,9,18,7,3,0,6,0,0,0,0,1,1,6,2,50,8,-1,-1,-1,-1,-1,-1,-1,0
Unvalidated,2024451418589,2024,451418589,1,98,0,9,6,2,0,6,0,0,0,0,1,1,6,3,45,7,-1,-1,-1,-1,-1,-1,-1,0
Unvalidated,2024451418758,2024,451418758,1,11,0,5,6,2,3,0,0,0,0,0,4,1,1,1,51,8,-1,-1,-1,-1,4,1,E01022635,0
Unvalidated,2024451418833,2024,451418833,1,9,0,18,5,1,0,0,0,0,0,0,1,1,2,1,56,9,-1,-1,-1,-1,9,1,E01002463,0
Unvalidated,2024451418833,2024,451418833,2,9,0,18,3,7,0,0,0,0,0,0,1,1,5,1,45,7,-1,-1,-1,-1,7,1,E01030968,0
Unvalidated,2024451418875,2024,451418875,1,98,0,18,3,8,0,1,0,0,0,0,1,1,5,1,34,6,-1,-1,-1,-1,8,1,E01030686,0
Unvalidated,2024451418905,2024,451418905,1,9,0,18,3,7,0,0,0,0,7,4,1,1,6,1,18,4,-1,-1,-1,-1,5,3,E01018233,0
Unvalidated,2024451418913,2024,451418913,1,97,0,18,2,6,0,8,5,0,0,0,3,1,2,1,24,5,-1,-1,-1,-1,3,1,E01002543,0
Unvalidated,2024451418913,2024,451418913,2,9,0,7,2,6,0,8,0,0,0,0,4,1,5,1,27,6,-1,-1,-1,-1,4,1,E01001165,0
Unvalidated,2024451418920,2024,451418920,1,9,0,18,6,2,0,0,0,0,0,0,1,1,5,1,39,7,-1,-1,-1,-1,8,3,E01030479,0
Unvalidated,2024451418920,2024,451418920,2,9,0,18,2,5,0,0,0,0,7,0,3,1,2,1,48,8,-1,-1,-1,-1,8,3,E01030490,0
Unvalidated,2024451418948,2024,451418948,1,9,0,18,1,1,0,0,0,0,0,0,4,1,6,2,50,8,-1,-1,-1,-1,10,1,E01030297,0
Unvalidated,2024451419024,2024,451419024,1,9,0,8,1,5,99,0,0,0,0,0,2,1,5,2,27,6,-1,-1,-1,-1,3,1,E01003819,0
Unvalidated,2024451419024,2024,451419024,2,9,0,3,5,1,0,0,0,0,0,0,1,1,6,1,41,7,-1,-1,-1,-1,-1,-1,-1,0
Unvalidated,2024451419070,2024,451419070,1,9,0,18,1,4,99,0,9,99,9,99,4,1,6,1,19,4,-1,-1,-1,-1,10,1,E01022847,0
Unvalidated,2024451419099,2024,451419099,1,1,0,18,7,3,0,0,0,0,0,0,1,1,6,1,58,9,-1,-1,-1,-1,7,1,E01030921,0