status,collision_index,collision_year,collision_reference,vehicle_reference,vehicle_type,towing_and_articulation,vehicle_manoeuvre,vehicle_direction_from,vehicle_direction_to,vehicle_location_restricted_lane,junction_location,skidding_and_overturning,hit_object_in_carriageway,vehicle_leaving_carriageway,hit_object_off_carriageway,first_point_of_impact,vehicle_left_hand_drive,journey_purpose_of_driver,sex_of_driver,age_of_driver,age_band_of_driver,engine_capacity_cc,propulsion_code,age_of_vehicle,generic_make_model,driver_imd_decile,driver_home_area_type,lsoa_of_driver,escooter_flag
Unvalidated,2024451419121,2024,451419121,1,9,0,18,5,1,0,0,0,0,0,0,1,1,5,2,38,7,-1,-1,-1,-1,10,1,E01030513,0
Unvalidated,2024451419121,2024,451419121,2,9,0,18,1,5,0,0,0,0,0,0,1,1,1,1,57,9,-1,-1,-1,-1,8,1,E01031564,0
Unvalidated,2024451419467,2024,451419467,1,90,0,17,6,2,0,0,0,0,1,4,3,2,5,1,48,8,-1,-1,-1,-1,7,3,E01030864,0
Unvalidated,2024451419467,2024,451419467,2,9,0,16,6,8,0,0,0,99,0,0,9,1,6,3,40,7,-1,-1,-1,-1,-1,-1,-1,0
Unvalidated,2024451419546,2024,451419546,1,9,0,18,3,7,0,0,0,0,1,4,1,1,5,1,74,10,-1,-1,-1,-1,10,1,E01030543,0
Unvalidated,2024451419576,2024,451419576,1,97,0,18,1,5,0,0,0,0,0,0,1,1,6,1,32,6,-1,-1,-1,-1,8,1,E01030485,0
Unvalidated,2024451419577,2024,451419577,1,9,0,18,5,1,0,1,0,0,1,11,1,1,5,1,21,5,-1,-1,-1,-1,9,1,E01030672,0
Unvalidated,2024451419592,2024,451419592,1,9,0,9,8,6,0,0,2,0,0,0,3,1,5,2,70,10,-1,-1,-1,-1,2,1,E01002530,0
Unvalidated,2024451419592,2024,451419592,2,9,0,18,6,2,0,0,0,0,0,0,0,1,5,1,53,8,-1,-1,-1,-1,8,1,E01030622,0
Unvalidated,2024451419592,2024,451419592,3,9,0,4,7,3,0,0,0,0,0,0,3,1,5,1,49,8,-1,-1,-1,-1,9,1,E01030574,0
Unvalidated,2024451419592,2024,451419592,4,9,0,18,6,6,0,0,0,0,0,0,1,1,5,1,51,8,-1,-1,-1,-1,9,1,E01030830,0
Unvalidated,2024451419600,2024,451419600,1,9,0,5,1,5,9,0,1,0,2,11,1,1,5,2,19,4,-1,-1,-1,-1,10,1,E01030820,0
Unvalidated,2024451419607,2024,451419607,1,9,0,7,5,8,0,6,0,0,0,0,1,1,5,1,87,11,-1,-1,-1,-1,9,1,E01030947,0
Unvalidated,2024451419708,2024,451419708,1,9,0,4,1,5,0,0,0,0,0,0,1,1,2,1,19,4,-1,-1,-1,-1,10,1,E01023887,0
Unvalidated,2024451419708,2024,451419708,2,9,0,18,1,5,0,0,0,0,0,0,2,1,2,1,29,6,-1,-1,-1,-1,10,1,E01023694,0
Unvalidated,2024451419785,2024,451419785,1,9,0,18,2,8,0,0,0,0,0,0,2,1,3,1,43,7,-1,-1,-1,-1,8,3,E01016186,0
Unvalidated,2024451419785,2024,451419785,2,9,0,18,2,8,0,0,0,0,0,0,1,1,3,1,50,8,-1,-1,-1,-1,10,1,E01030811,0
Unvalidated,2024451419804,2024,451419804,1,9,0,18,1,5,0,0,0,0,0,0,3,1,2,2,34,6,-1,-1,-1,-1,9,1,E01003380,0
Unvalidated,2024451419804,2024,451419804,2,9,0,18,1,5,0,0,1,0,0,0,1,1,5,1,18,4,-1,-1,-1,-1,6,3,E01024335,0
Unvalidated,2024451419857,2024,451419857,1,9,0,18,3,7,0,1,0,0,0,0,1,1,2,2,25,5,-1,-1,-1,-1,5,1,E01030946,0
Unvalidated,2024451419857,2024,451419857,2,9,0,18,7,3,0,1,0,0,0,0,1,1,2,2,24,5,-1,-1,-1,-1,5,1,E01002490,0
Unvalidated,2024451419875,2024,451419875,1,20,0,99,1,5,99,0,9,99,9,99,4,1,6,1,29,6,-1,-1,-1,-1,6,1,E01001084,0
Unvalidated,2024451420135,2024,451420135,1,9,0,17,1,5,0,1,0,0,0,0,1,1,4,2,27,6,-1,-1,-1,-1,6,1,E01030598,0
Unvalidated,2024451420135,2024,451420135,2,9,0,9,3,1,0,6,0,0,0,0,3,1,5,1,37,7,-1,-1,-1,-1,7,3,E01000748,0
Unvalidated,2024451420159,2024,451420159,1,9,0,8,7,1,0,3,0,0,0,0,1,1,6,3,50,8,-1,-1,-1,-1,-1,-1,-1,0
Unvalidated,2024451420183,2024,451420183,1,9,0,18,8,4,0,1,0,0,0,0,1,1,2,1,47,8,-1,-1,-1,-1,1,1,E01016372,0
Unvalidated,2024451420183,2024,451420183,2,9,0,18,8,4,0,1,0,0,0,0,2,1,2,2,21,5,-1,-1,-1,-1,10,1,E01030689,0
Unvalidated,2024451420183,2024,451420183,3,9,0,18,8,4,0,1,0,0,0,0,2,1,2,1,33,6,-1,-1,-1,-1,10,1,E01016200,0
Unvalidated,2024451420208,2024,451420208,1,9,0,18,7,3,0,4,0,0,0,0,3,1,5,2,50,8,-1,-1,-1,-1,9,1,E01030991,0
Unvalidated,2024451420208,2024,451420208,2,1,0,18,5,1,0,8,2,0,0,0,1,1,1,1,27,6,-1,-1,-1,-1,2,1,E01004268,0
Unvalidated,2024451420235,2024,451420235,1,98,0,18,7,3,0,8,0,0,0,0,3,1,1,1,67,10,-1,-1,-1,-1,8,1,E01030994,0
Unvalidated,2024451420235,2024,451420235,2,1,0,9,1,3,0,8,0,0,0,0,2,1,5,2,63,9,-1,-1,-1,-1,10,1,E01030504,0
Unvalidated,2024451420342,2024,451420342,1,98,0,3,3,7,0,4,0,0,0,0,1,1,2,1,26,6,-1,-1,-1,-1,10,1,E01023824,0
Unvalidated,2024451420342,2024,451420342,2,97,0,5,7,3,0,1,0,0,0,0,2,1,5,1,63,9,-1,-1,-1,-1,10,2,E01017761,0
Unvalidated,2024451420343,2024,451420343,1,9,0,18,1,3,0,4,0,0,0,0,3,1,5,1,18,4,-1,-1,-1,-1,6,1,E01030399,0
Unvalidated,2024451420343,2024,451420343,2,9,0,9,1,3,0,8,0,0,0,0,4,1,5,2,41,7,-1,-1,-1,-1,6,1,E01030411,0
Unvalidated,2024451420353,2024,451420353,1,1,0,18,7,3,0,8,0,0,0,0,3,1,6,1,31,6,-1,-1,-1,-1,3,1,E01004006,0
Unvalidated,2024451420353,2024,451420353,2,9,0,7,7,8,0,8,0,0,0,0,4,1,6,2,35,6,-1,-1,-1,-1,10,1,E01030403,0
Unvalidated,2024451420422,2024,451420422,1,9,0,18,1,5,0,0,0,0,0,0,1,1,6,1,40,7,-1,-1,-1,-1,8,1,E01030803,0
Unvalidated,2024451420575,2024,451420575,1,11,0,18,7,3,0,0,0,0,0,0,0,1,1,1,51,8,-1,-1,-1,-1,3,1,E01023107,0
Unvalidated,2024451420582,2024,451420582,1,9,0,18,7,3,0,0,0,0,0,0,1,1,2,1,22,5,-1,-1,-1,-1,8,1,E01030666,0
Unvalidated,2024451420582,2024,451420582,2,9,0,18,7,3,0,0,0,0,0,0,2,1,1,1,38,7,-1,-1,-1,-1,8,3,E01030478,0
Unvalidated,2024451420609,2024,451420609,1,9,0,18,1,5,0,1,0,0,0,0,4,1,6,1,59,9,-1,-1,-1,-1,4,1,E01030304,0
Unvalidated,2024451420715,2024,451420715,1,9,0,18,2,6,0,0,0,0,0,0,4,1,4,1,17,4,-1,-1,-1,-1,9,1,E01030394,0
Unvalidated,2024451420888,2024,451420888,1,9,0,18,5,1,0,0,0,0,0,0,1,2,6,2,32,6,-1,-1,-1,-1,10,3,E01030894,0
Unvalidated,2024451420888,2024,451420888,2,9,0,18,1,5,0,0,0,0,1,11,3,1,2,2,27,6,-1,-1,-1,-1,8,1,E01031503,0
Unvalidated,2024451420957,2024,451420957,1,9,0,9,3,1,0,0,0,0,7,1,1,1,5,1,19,4,-1,-1,-1,-1,8,1,E01030853,0
Unvalidated,2024451421083,2024,451421083,1,9,0,9,1,7,0,8,0,0,0,0,1,1,5,2,47,8,-1,-1,-1,-1,3,1,E01002564,0
Unvalidated,2024451421083,2024,451421083,2,97,0,18,7,3,0,8,0,0,0,0,4,1,5,1,40,7,-1,-1,-1,-1,9,1,E01030723,0
Unvalidated,2024451421159,2024,451421159,1,97,0,18,1,5,0,0,1,10,1,9,4,1,5,2,17,4,-1,-1,-1,-1,6,1,E01030857,0
Unvalidated,2024451421159,2024,451421159,2,9,0,18,1,5,0,0,0,0,0,0,1,1,6,3,50,8,-1,-1,-1,-1,-1,-1,-1,0
Unvalidated,2024451421161,2024,451421161,1,1,0,18,6,2,0,8,5,0,0,0,4,1,5,1,32,6,-1,-1,-1,-1,4,1,E01030551,0
Unvalidated,2024451421161,2024,451421161,2,9,0,18,7,3,0,8,0,0,0,0,3,1,5,2,43,7,-1,-1,-1,-1,10,1,E01030461,0
Unvalidated,2024451421169,2024,451421169,1,9,0,6,4,8,0,6,0,0,0,0,4,1,3,2,60,9,-1,-1,-1,-1,9,1,E01030904,0
Unvalidated,2024451421169,2024,451421169,2,97,0,11,8,6,0,1,2,0,0,0,1,1,6,1,29,6,-1,-1,-1,-1,10,1,E01030903,0
Unvalidated,2024451421215,2024,451421215,1,9,0,13,1,5,0,1,1,0,0,0,1,1,6,3,50,8,-1,-1,-1,-1,-1,-1,-1,0
Unvalidated,2024451421215,2024,451421215,2,9,0,9,1,5,0,8,0,0,0,0,3,1,5,2,24,5,-1,-1,-1,-1,9,1,E01030687,0
Unvalidated,2024451421215,2024,451421215,3,9,0,18,1,5,0,1,0,0,0,0,0,1,1,1,51,8,-1,-1,-1,-1,10,1,E01030435,0
Unvalidated,2024451421218,2024,451421218,1,9,0,9,3,7,0,0,0,0,0,0,4,1,5,1,46,8,-1,-1,-1,-1,4,1,E01002603,0
Unvalidated,2024451421218,2024,451421218,2,1,0,18,7,3,0,0,0,0,0,0,1,1,6,3,45,7,-1,-1,-1,-1,-1,-1,-1,0
Unvalidated,2024451421255,2024,451421255,1,9,0,17,7,3,0,0,1,0,1,11,1,1,2,2,18,4,-1,-1,-1,-1,9,1,E01001017,0
Unvalidated,2024451421255,2024,451421255,2,9,0,2,0,0,9,0,0,0,0,0,4,1,6,3,-1,-1,-1,-1,-1,-1,-1,-1,-1,0
Unvalidated,2024451421255,2024,451421255,3,9,0,2,0,0,6,0,0,0,0,0,2,1,6,3,-1,-1,-1,-1,-1,-1,-1,-1,-1,0
Unvalidated,2024451421284,2024,451421284,1,97,0,18,1,5,0,0,0,0,0,0,1,1,5,1,17,4,-1,-1,-1,-1,9,1,E01030391,0
Unvalidated,2024451421284,2024,451421284,2,9,0,18,7,3,0,0,0,0,0,0,1,1,1,1,44,7,-1,-1,-1,-1,10,1,E01030435,0
Unvalidated,2024451421284,2024,451421284,3,9,0,18,1,5,0,0,0,0,0,0,1,1,1,1,46,8,-1,-1,-1,-1,9,1,E01003356,0
Unvalidated,2024451421389,2024,451421389,1,9,0,18,1,5,0,3,1,9,3,2,1,1,5,1,51,8,-1,-1,-1,-1,5,1,E01030484,0
Unvalidated,2024451421531,2024,451421531,1,90,0,18,6,2,0,0,0,0,2,3,1,1,2,1,27,6,-1,-1,-1,-1,8,3,E01016690,0
Unvalidated,2024451421537,2024,451421537,1,9,0,18,7,2,0,4,0,0,0,0,1,1,5,1,38,7,-1,-1,-1,-1,7,1,E01023098,0
Unvalidated,2024451421537,2024,451421537,2,9,0,5,7,2,0,4,0,0,0,0,2,1,5,2,58,9,-1,-1,-1,-1,9,3,E01022490,0
Unvalidated,2024451421553,2024,451421553,1,9,0,18,3,7,0,0,2,0,0,0,1,1,5,1,24,5,-1,-1,-1,-1,9,1,E01030644,0
Unvalidated,2024451421553,2024,451421553,2,9,0,2,0,0,0,0,0,0,0,0,1,1,6,3,-1,-1,-1,-1,-1,-1,-1,-1,-1,0
Unvalidated,2024451421553,2024,451421553,3,9,0,2,0,0,0,0,0,0,0,0,3,1,6,3,-1,-1,-1,-1,-1,-1,-1,-1,-1,0
Unvalidated,2024451421553,2024,451421553,4,9,0,18,7,3,0,0,0,0,0,0,1,1,2,1,48,8,-1,-1,-1,-1,9,1,E01004115,0
Unvalidated,2024451421616,2024,451421616,1,97,0,18,1,5,0,0,0,0,7,0,3,1,6,1,32,6,-1,-1,-1,-1,2,1,E01001331,0
Unvalidated,2024451421669,2024,451421669,1,98,0,18,7,3,0,0,0,0,0,0,1,1,6,3,50,8,-1,-1,-1,-1,-1,-1,-1,0
Unvalidated,2024451421669,2024,451421669,2,9,0,18,7,3,0,0,0,0,0,0,3,1,5,2,68,10,-1,-1,-1,-1,6,1,E01030649,0
Unvalidated,2024451421685,2024,451421685,1,9,0,17,3,7,0,0,1,0,1,1,1,1,6,3,-1,-1,-1,-1,-1,-1,-1,-1,-1,0
Unvalidated,2024451421703,2024,451421703,1,1,0,5,3,2,0,4,0,0,0,0,3,1,5,1,29,6,-1,-1,-1,-1,5,1,E01004616,0
Unvalidated,2024451421703,2024,451421703,2,9,0,5,3,2,0,4,0,0,0,0,4,1,6,1,39,7,-1,-1,-1,-1,-1,-1,-1,0
Unvalidated,2024451421743,2024,451421743,1,97,0,18,7,3,0,0,0,0,0,0,4,1,6,2,30,6,-1,-1,-1,-1,8,1,E01030450,0
Unvalidated,2024451421761,2024,451421761,1,9,0,17,6,2,0,2,0,0,0,0,1,1,5,2,33,6,-1,-1,-1,-1,9,3,E01030861,0
Unvalidated,2024451421761,2024,451421761,2,9,0,5,4,8,0,2,0,0,0,0,1,1,2,1,40,7,-1,-1,-1,-1,6,1,E01030714,0
Unvalidated,2024451421780,2024,451421780,1,9,0,9,6,1,0,1,0,0,7,0,4,1,6,1,23,5,-1,-1,-1,-1,9,1,E01023094,0
Unvalidated,2024451421780,2024,451421780,2,9,0,18,2,2,0,1,0,0,0,0,1,1,6,2,45,7,-1,-1,-1,-1,10,1,E01030811,0
Unvalidated,2024451421817,2024,451421817,1,9,0,9,8,3,0,8,0,0,0,0,1,1,6,1,48,8,-1,-1,-1,-1,8,1,E01030848,0
Unvalidated,2024451421817,2024,451421817,2,9,0,18,2,6,0,1,0,0,0,0,4,1,1,1,32,6,-1,-1,-1,-1,7,1,E01030858,0
Unvalidated,2024451421848,2024,451421848,1,97,0,13,3,7,0,4,0,0,0,0,4,1,5,1,34,6,-1,-1,-1,-1,10,1,E01030299,0
Unvalidated,2024451421848,2024,451421848,2,9,0,6,1,5,0,4,0,0,0,0,4,1,2,1,43,7,-1,-1,-1,-1,6,1,E01002601,0
Unvalidated,2024451421898,2024,451421898,1,3,0,18,4,8,0,8,0,0,0,0,1,1,6,1,22,5,-1,-1,-1,-1,4,1,E01030745,0
Unvalidated,2024451421898,2024,451421898,2,9,0,18,6,8,0,8,0,0,0,0,1,1,6,2,-1,-1,-1,-1,-1,-1,-1,-1,-1,0
Unvalidated,2024451421995,2024,451421995,1,9,0,18,1,3,0,8,0,0,0,0,2,1,5,1,38,7,-1,-1,-1,-1,4,1,E01030709,0
Unvalidated,2024451421995,2024,451421995,2,9,0,9,3,5,0,1,0,0,0,0,1,1,6,3,50,8,-1,-1,-1,-1,-1,-1,-1,0
Unvalidated,2024451422145,2024,451422145,1,9,0,18,3,7,0,0,1,0,0,0,1,1,5,1,22,5,-1,-1,-1,-1,10,1,E01030892,0
Unvalidated,2024451422251,2024,451422251,1,9,0,7,3,7,0,8,1,0,4,0,4,1,1,2,50,8,-1,-1,-1,-1,5,1,E01016494,0
Unvalidated,2024451422251,2024,451422251,2,9,0,18,3,7,0,1,0,0,0,0,1,1,5,2,53,8,-1,-1,-1,-1,4,1,E01030433,0
Unvalidated,2024451422269,2024,451422269,1,98,0,18,8,4,0,0,1,11,1,4,1,1,1,1,45,7,-1,-1,-1,-1,5,1,E01001088,0
Unvalidated,2024451422296,2024,451422296,1,3,0,18,1,3,0,8,0,0,0,0,0,1,1,1,23,5,-1,-1,-1,-1,6,1,E01003429,0
Unvalidated,2024451422296,2024,451422296,2,9,0,18,1,3,0,8,0,0,0,0,4,1,6,2,40,7,-1,-1,-1,-1,-1,-1,-1,0
Unvalidated,2024451422333,2024,451422333,1,1,0,4,1,5,0,0,9,0,0,0,2,1,5,1,39,7,-1,-1,-1,-1,10,1,E01004104,0
Unvalidated,2024451422333,2024,451422333,2,9,0,14,1,5,0,0,0,0,0,0,0,1,6,3,30,6,-1,-1,-1,-1,-1,-1,-1,0
Unvalidated,2024451422333,2024,451422333,3,1,0,18,1,1,0,0,9,0,0,0,1,1,6,1,30,6,-1,-1,-1,-1,-1,-1,-1,0
Unvalidated,2024451422473,2024,451422473,1,3,0,18,3,7,0,8,5,0,7,0,1,1,2,1,19,4,-1,-1,-1,-1,7,1,E01030651,0
Unvalidated,2024451422473,2024,451422473,2,9,0,12,3,7,0,8,0,0,7,0,3,1,6,3,40,7,-1,-1,-1,-1,6,1,E01030717,0
Unvalidated,2024451422501,2024,451422501,1,9,0,18,3,7,0,0,5,0,0,0,1,1,6,1,25,5,-1,-1,-1,-1,2,1,E01020910,0
Unvalidated,2024451422501,2024,451422501,2,9,0,12,3,7,0,0,0,0,0,0,3,1,5,2,47,8,-1,-1,-1,-1,9,2,E01024041,0
Unvalidated,2024451422501,2024,451422501,3,9,0,18,3,7,0,0,0,0,0,0,0,1,1,1,34,6,-1,-1,-1,-1,1,1,E01016023,0
Unvalidated,2024451422522,2024,451422522,1,9,0,3,7,3,0,0,0,0,0,0,2,1,3,2,37,7,-1,-1,-1,-1,4,1,E01030709,0
Unvalidated,2024451422522,2024,451422522,2,9,0,5,7,3,99,0,9,99,5,99,9,1,6,1,-1,-1,-1,-1,-1,-1,-1,-1,-1,0
Unvalidated,2024451422565,2024,451422565,1,9,0,3,8,4,0,0,0,0,0,0,2,1,5,2,43,7,-1,-1,-1,-1,5,1,W01000763,0
Unvalidated,2024451422565,2024,451422565,2,90,0,18,8,4,0,0,0,0,0,0,1,1,6,1,42,7,-1,-1,-1,-1,7,1,E01017049,0
Unvalidated,2024451422601,2024,451422601,1,9,0,18,7,3,0,0,0,0,0,0,3,1,6,1,18,4,-1,-1,-1,-1,8,1,E01031603,0
Unvalidated,2024451422601,2024,451422601,2,9,0,18,7,3,0,0,0,0,1,6,4,1,1,1,44,7,-1,-1,-1,-1,6,1,E01016817,0
Unvalidated,2024451422601,2024,451422601,3,9,0,18,7,3,0,0,0,0,0,0,0,1,5,1,24,5,-1,-1,-1,-1,3,1,E01000062,0
Unvalidated,2024451422773,2024,451422773,1,9,0,17,3,5,0,0,0,0,7,11,1,1,2,1,25,5,-1,-1,-1,-1,7,1,E01000675,0
Unvalidated,2024451422858,2024,451422858,1,98,0,18,7,3,0,0,0,0,0,0,1,1,1,1,33,6,-1,-1,-1,-1,2,1,E01024398,0
Unvalidated,2024451422858,2024,451422858,2,98,1,18,5,1,0,0,0,0,0,0,2,1,1,1,30,6,-1,-1,-1,-1,2,1,E01026006,0
Unvalidated,2024451422858,2024,451422858,3,9,0,18,7,3,0,0,0,0,0,0,2,1,2,2,54,8,-1,-1,-1,-1,10,2,E01017651,0
Unvalidated,2024451422952,2024,451422952,1,90,0,18,5,1,0,1,0,0,0,0,3,1,6,3,20,4,-1,-1,-1,-1,-1,-1,-1,0
Unvalidated,2024451422952,2024,451422952,2,9,0,9,1,5,0,8,0,0,0,0,1,1,2,1,67,10,-1,-1,-1,-1,6,1,E01030665,0
Unvalidated,2024451422979,2024,451422979,1,1,0,12,3,7,0,0,0,0,0,0,3,1,5,1,15,3,-1,-1,-1,-1,10,1,E01030380,0
Unvalidated,2024451422979,2024,451422979,2,9,0,18,3,7,0,0,0,0,0,0,4,1,5,1,35,6,-1,-1,-1,-1,10,1,E01032623,0
Unvalidated,2024451422983,2024,451422983,1,9,0,18,4,8,0,0,0,0,0,0,1,1,5,2,22,5,-1,-1,-1,-1,8,1,E01030393,0
Unvalidated,2024451422983,2024,451422983,2,1,0,18,6,4,0,0,0,0,0,0,1,1,2,1,61,9,-1,-1,-1,-1,10,1,E01030382,0
Unvalidated,2024451423000,2024,451423000,1,9,0,18,5,1,0,0,2,0,2,4,3,1,5,1,21,5,-1,-1,-1,-1,9,1,E01004111,0
Unvalidated,2024451423078,2024,451423078,1,19,0,18,4,8,0,0,0,0,0,0,-1,1,6,3,-1,-1,-1,-1,-1,-1,-1,-1,-1,0
Unvalidated,2024451423157,2024,451423157,1,9,0,18,3,7,0,0,0,0,0,0,4,1,6,3,45,7,-1,-1,-1,-1,-1,-1,-1,0
Unvalidated,2024451423161,2024,451423161,1,3,0,5,5,1,0,0,0,0,0,0,3,1,1,1,41,7,-1,-1,-1,-1,9,3,E01016575,0
Unvalidated,2024451423161,2024,451423161,2,9,9,5,1,5,0,0,0,0,0,0,1,1,6,3,-1,-1,-1,-1,-1,-1,-1,-1,-1,0
Unvalidated,2024451423288,2024,451423288,1,9,0,3,5,4,0,1,0,0,0,0,2,1,6,2,41,7,-1,-1,-1,-1,8,1,E01030591,0
Unvalidated,2024451423288,2024,451423288,2,9,0,18,4,4,0,1,0,0,0,0,1,1,6,3,50,8,-1,-1,-1,-1,-1,-1,-1,0
Unvalidated,2024451423324,2024,451423324,1,1,0,18,1,5,9,0,0,0,0,0,1,1,6,3,-1,-1,-1,-1,-1,-1,-1,-1,-1,0
Unvalidated,2024451423399,2024,451423399,1,9,0,18,1,5,0,0,5,11,1,7,4,1,5,2,36,7,-1,-1,-1,-1,9,1,E01030683,0
Unvalidated,2024451423692,2024,451423692,1,9,0,16,5,1,0,0,0,0,0,0,1,1,1,2,32,6,-1,-1,-1,-1,5,3,E01030852,0
Unvalidated,2024451423692,2024,451423692,2,98,0,17,1,5,0,0,0,0,0,0,1,1,1,1,54,8,-1,-1,-1,-1,10,1,E01030831,0
Unvalidated,2024451423750,2024,451423750,1,19,0,4,6,2,0,0,0,0,0,0,2,1,5,1,36,7,-1,-1,-1,-1,5,1,E01030572,0
Unvalidated,2024451423750,2024,451423750,2,97,0,18,6,2,0,0,2,0,0,0,1,1,6,3,20,4,-1,-1,-1,-1,-1,-1,-1,0
Unvalidated,2024451423755,2024,451423755,1,97,0,5,7,4,0,4,5,0,0,0,2,1,2,1,46,8,-1,-1,-1,-1,6,1,E01031673,0
Unvalidated,2024451423755,2024,451423755,2,9,0,8,7,4,0,4,0,0,0,0,1,1,5,1,29,6,-1,-1,-1,-1,2,1,E01003174,0
Unvalidated,2024451423764,2024,451423764,1,9,0,18,3,7,0,0,0,0,0,0,1,1,5,2,23,5,-1,-1,-1,-1,10,1,E01030416,0
Unvalidated,2024451423764,2024,451423764,2,1,0,18,3,1,0,0,0,0,0,0,3,1,6,1,48,8,-1,-1,-1,-1,9,1,E01030669,0
Unvalidated,2024451423812,2024,451423812,1,9,0,9,1,7,0,5,0,0,0,0,2,1,5,1,42,7,-1,-1,-1,-1,3,1,E01030547,0
Unvalidated,2024451423812,2024,451423812,2,98,0,3,1,7,0,1,0,0,0,0,1,1,6,1,40,7,-1,-1,-1,-1,7,3,E01030515,0
Unvalidated,2024451423813,2024,451423813,1,9,0,18,6,2,0,0,0,0,0,0,1,1,5,2,22,5,-1,-1,-1,-1,9,1,E01001028,0
Unvalidated,2024451423889,2024,451423889,1,9,0,18,1,5,0,0,1,0,0,0,1,1,5,1,19,4,-1,-1,-1,-1,10,3,E01030941,0
Unvalidated,2024451423889,2024,451423889,2,9,0,18,5,1,0,0,1,0,1,0,3,1,1,2,55,8,-1,-1,-1,-1,8,3,E01030879,0
Unvalidated,2024451423951,2024,451423951,1,9,0,16,1,5,0,0,2,0,0,0,1,1,2,1,17,4,-1,-1,-1,-1,5,1,E01030310,0
Unvalidated,2024451424079,2024,451424079,1,9,0,18,7,3,0,1,5,0,0,0,4,1,5,2,53,8,-1,-1,-1,-1,8,1,E01030562,0
Unvalidated,2024451424079,2024,451424079,2,9,0,18,5,1,0,1,0,0,0,0,1,1,1,1,50,8,-1,-1,-1,-1,3,1,E01030385,0
Unvalidated,2024451424165,2024,451424165,1,98,0,18,5,1,0,0,0,0,0,0,1,2,5,1,39,7,-1,-1,-1,-1,-1,-1,-1,0
Unvalidated,2024451424165,2024,451424165,2,9,0,18,5,1,0,0,0,0,0,0,2,1,5,1,57,9,-1,-1,-1,-1,-1,-1,-1,0
Unvalidated,2024451424217,2024,451424217,1,9,0,18,1,5,9,1,0,10,0,0,1,1,5,1,52,8,-1,-1,-1,-1,7,1,E01030729,0
Unvalidated,2024451424309,2024,451424309,1,9,0,5,5,1,0,2,0,0,0,0,1,1,5,1,43,7,-1,-1,-1,-1,9,1,E01030427,0
Unvalidated,2024451424342,2024,451424342,1,97,0,9,7,3,0,0,1,0,2,1,4,1,5,1,27,6,-1,-1,-1,-1,9,1,E01030813,0
Unvalidated,2024451424394,2024,451424394,1,9,0,18,6,2,0,0,0,0,0,0,1,1,6,1,25,5,-1,-1,-1,-1,10,1,E01021452,0
Unvalidated,2024451424394,2024,451424394,2,9,0,6,2,6,0,0,0,0,0,0,4,1,5,1,30,6,-1,-1,-1,-1,7,1,E01002514,0
Unvalidated,2024451424667,2024,451424667,1,97,0,18,7,3,0,0,5,0,1,1,1,1,5,1,20,4,-1,-1,-1,-1,9,1,E01004155,0
Unvalidated,2024451424667,2024,451424667,2,97,0,18,7,3,0,0,5,0,0,0,1,1,5,1,22,5,-1,-1,-1,-1,5,1,E01004152,0
Unvalidated,2024451424668,2024,451424668,1,9,0,18,1,5,0,1,1,0,0,0,1,1,5,2,61,9,-1,-1,-1,-1,10,2,E01031675,0
Unvalidated,2024451424668,2024,451424668,2,98,0,18,4,8,0,2,0,0,0,0,3,1,1,1,36,7,-1,-1,-1,-1,4,1,E01031652,0
Unvalidated,2024451424684,2024,451424684,1,9,0,13,3,7,0,0,0,10,0,0,3,1,5,2,61,9,-1,-1,-1,-1,9,2,E01022183,0
Unvalidated,2024451424684,2024,451424684,2,98,0,18,7,3,0,0,0,0,0,0,0,1,6,1,35,6,-1,-1,-1,-1,-1,-1,-1,0
Unvalidated,2024451424721,2024,451424721,1,9,0,5,3,7,0,4,0,0,0,0,3,1,5,2,35,6,-1,-1,-1,-1,2,1,E01030599,0
Unvalidated,2024451424721,2024,451424721,2,1,0,18,1,5,0,8,0,0,0,0,2,1,2,2,53,8,-1,-1,-1,-1,9,1,E01030574,0
Unvalidated,2024451425097,2024,451425097,1,97,0,18,6,2,0,0,0,0,0,0,1,1,6,1,80,11,-1,-1,-1,-1,7,2,E01030826,0
Unvalidated,2024451425097,2024,451425097,2,98,0,3,6,2,0,0,0,0,0,0,2,1,1,1,48,8,-1,-1,-1,-1,2,1,E01001118,0
Unvalidated,2024451425134,2024,451425134,1,9,0,9,1,3,0,0,0,0,0,0,1,1,5,1,75,10,-1,-1,-1,-1,10,3,E01030526,0
Unvalidated,2024451425174,2024,451425174,1,9,0,5,5,1,0,4,0,0,0,0,1,1,5,1,59,9,-1,-1,-1,-1,6,3,E01031516,0
Unvalidated,2024451425174,2024,451425174,2,97,0,18,3,1,0,8,5,0,0,0,4,1,1,1,44,7,-1,-1,-1,-1,3,1,E01002598,0
Unvalidated,2024451425175,2024,451425175,1,9,0,18,7,3,0,0,0,0,0,0,1,1,5,1,75,10,-1,-1,-1,-1,5,3,E01029053,0
Unvalidated,2024451425175,2024,451425175,2,9,0,18,7,3,0,0,0,0,0,0,1,1,2,1,42,7,-1,-1,-1,-1,9,1,E01022692,0
Unvalidated,2024451425186,2024,451425186,1,9,0,18,3,7,0,0,0,0,0,0,1,1,2,1,28,6,-1,-1,-1,-1,9,1,E01030696,0
Unvalidated,2024451425186,2024,451425186,2,9,0,9,3,1,9,0,0,0,6,1,1,1,6,2,27,6,-1,-1,-1,-1,5,1,E01030980,0