status,collision_index,collision_year,collision_reference,vehicle_reference,vehicle_type,towing_and_articulation,vehicle_manoeuvre,vehicle_direction_from,vehicle_direction_to,vehicle_location_restricted_lane,junction_location,skidding_and_overturning,hit_object_in_carriageway,vehicle_leaving_carriageway,hit_object_off_carriageway,first_point_of_impact,vehicle_left_hand_drive,journey_purpose_of_driver,sex_of_driver,age_of_driver,age_band_of_driver,engine_capacity_cc,propulsion_code,age_of_vehicle,generic_make_model,driver_imd_decile,driver_home_area_type,lsoa_of_driver,escooter_flag
Unvalidated,2024451425186,2024,451425186,3,9,0,2,0,0,9,0,0,0,0,0,4,1,6,3,-1,-1,-1,-1,-1,-1,-1,-1,-1,0
Unvalidated,2024451425279,2024,451425279,1,9,0,17,1,5,0,0,0,10,5,6,3,1,2,2,53,8,-1,-1,-1,-1,7,1,E01032663,0
Unvalidated,2024451425383,2024,451425383,1,9,0,9,5,1,0,0,0,0,0,0,4,1,2,2,46,8,-1,-1,-1,-1,7,1,E01023113,0
Unvalidated,2024451425383,2024,451425383,2,8,0,18,5,1,0,0,0,0,0,0,1,1,6,1,40,7,-1,-1,-1,-1,-1,-1,-1,0
Unvalidated,2024451425388,2024,451425388,1,9,0,3,1,5,0,8,0,0,0,0,2,1,6,1,53,8,-1,-1,-1,-1,10,1,E01030959,0
Unvalidated,2024451425388,2024,451425388,2,3,0,18,1,5,0,8,2,0,0,0,1,1,6,1,25,5,-1,-1,-1,-1,-1,-1,-1,0
Unvalidated,2024451425446,2024,451425446,1,9,0,18,3,7,0,0,1,0,1,7,3,1,6,1,28,6,-1,-1,-1,-1,8,1,E01016748,0
Unvalidated,2024451425552,2024,451425552,1,97,0,18,6,2,0,0,0,0,0,0,1,1,5,1,36,7,-1,-1,-1,-1,3,1,E01002559,0
Unvalidated,2024451425569,2024,451425569,1,9,0,4,5,1,9,0,0,0,3,0,1,1,2,2,58,9,-1,-1,-1,-1,9,1,E01030612,0
Unvalidated,2024451425585,2024,451425585,1,97,0,16,7,3,0,0,2,0,0,0,1,1,4,1,17,4,-1,-1,-1,-1,7,1,E01030858,0
Unvalidated,2024451425585,2024,451425585,2,9,0,7,8,4,0,0,0,0,0,0,4,1,5,1,58,9,-1,-1,-1,-1,6,1,E01030631,0
Unvalidated,2024451425682,2024,451425682,1,9,0,18,7,3,0,2,0,0,0,0,1,1,2,2,68,10,-1,-1,-1,-1,-1,-1,-1,0
Unvalidated,2024451425682,2024,451425682,2,98,0,4,7,3,0,8,0,0,0,0,2,1,2,1,51,8,-1,-1,-1,-1,1,1,E01016441,0
Unvalidated,2024451425682,2024,451425682,3,9,0,18,7,3,0,2,0,0,0,0,2,1,5,2,46,8,-1,-1,-1,-1,8,1,E01030988,0
Unvalidated,2024451425762,2024,451425762,1,9,0,3,7,3,0,0,0,0,0,0,2,2,5,1,55,8,-1,-1,-1,-1,5,1,E01003144,0
Unvalidated,2024451425762,2024,451425762,2,19,0,5,7,3,0,0,0,0,0,0,1,2,6,1,40,7,-1,-1,-1,-1,6,3,E01030862,0
Unvalidated,2024451425875,2024,451425875,1,1,0,18,5,1,9,1,0,0,0,0,1,1,6,1,12,3,-1,-1,-1,-1,10,3,E01030525,0
Unvalidated,2024451425875,2024,451425875,2,9,0,4,7,5,0,1,0,0,0,0,4,1,1,2,51,8,-1,-1,-1,-1,10,1,E01030533,0
Unvalidated,2024451425885,2024,451425885,1,9,0,4,1,1,0,0,0,0,0,0,2,1,5,1,50,8,-1,-1,-1,-1,6,1,E01030736,0
Unvalidated,2024451425885,2024,451425885,2,9,0,4,1,1,0,0,0,0,0,0,1,1,2,1,62,9,-1,-1,-1,-1,5,1,E01021000,0
Unvalidated,2024451425885,2024,451425885,3,98,0,12,5,5,0,0,0,0,0,0,0,1,6,3,-1,-1,-1,-1,-1,-1,-1,-1,-1,0
Unvalidated,2024451425908,2024,451425908,1,9,0,18,3,7,0,0,0,11,0,0,1,1,5,2,69,10,-1,-1,-1,-1,9,1,E01022615,0
Unvalidated,2024451425970,2024,451425970,1,9,0,18,5,1,0,0,0,0,0,0,4,1,2,2,29,6,-1,-1,-1,-1,8,3,E01030491,0
Unvalidated,2024451425970,2024,451425970,2,19,4,3,5,1,0,0,0,0,0,0,3,1,6,1,41,7,-1,-1,-1,-1,-1,-1,-1,0
Unvalidated,2024451426044,2024,451426044,1,9,0,18,5,1,0,0,0,0,0,0,1,1,5,2,31,6,-1,-1,-1,-1,7,2,E01030833,0
Unvalidated,2024451426193,2024,451426193,1,9,0,9,5,7,0,0,0,0,0,0,1,1,5,2,66,10,-1,-1,-1,-1,10,1,E01030447,0
Unvalidated,2024451426193,2024,451426193,2,97,0,18,7,3,0,0,5,0,0,0,1,1,5,1,22,5,-1,-1,-1,-1,6,1,E01000981,0
Unvalidated,2024451426229,2024,451426229,1,9,0,18,3,7,0,0,0,0,0,0,1,1,6,2,62,9,-1,-1,-1,-1,9,1,E01030669,0
Unvalidated,2024451426229,2024,451426229,2,11,0,2,7,3,0,0,0,0,0,0,2,1,1,2,59,9,-1,-1,-1,-1,7,1,E01001304,0
Unvalidated,2024451426286,2024,451426286,1,97,0,5,1,5,0,0,1,4,0,0,4,1,5,1,20,4,-1,-1,-1,-1,2,1,E01002664,0
Unvalidated,2024451426286,2024,451426286,2,9,0,5,3,1,9,0,0,0,0,0,1,1,5,1,48,8,-1,-1,-1,-1,7,1,E01030647,0
Unvalidated,2024451426286,2024,451426286,3,9,0,2,0,0,0,0,0,0,0,0,4,1,6,3,-1,-1,-1,-1,-1,-1,-1,-1,-1,0
Unvalidated,2024451426395,2024,451426395,1,9,0,12,5,1,0,4,0,0,0,0,3,1,1,1,27,6,-1,-1,-1,-1,8,1,E01030951,0
Unvalidated,2024451426395,2024,451426395,2,1,0,5,3,1,0,4,0,0,0,0,1,1,5,2,59,9,-1,-1,-1,-1,10,1,E01030992,0
Unvalidated,2024451426437,2024,451426437,1,9,0,18,1,5,0,0,0,0,0,0,1,1,6,1,36,7,-1,-1,-1,-1,8,1,E01003823,0
Unvalidated,2024451426442,2024,451426442,1,9,0,18,4,2,0,0,0,0,0,0,4,1,5,1,41,7,-1,-1,-1,-1,10,2,E01030821,0
Unvalidated,2024451426472,2024,451426472,1,9,0,10,7,3,0,1,0,0,0,0,2,1,5,1,42,7,-1,-1,-1,-1,10,1,E01030965,0
Unvalidated,2024451426472,2024,451426472,2,9,0,18,6,1,0,1,0,0,0,0,1,1,5,1,61,9,-1,-1,-1,-1,2,1,E01030985,0
Unvalidated,2024451426501,2024,451426501,1,9,0,3,7,3,0,0,0,0,0,0,2,1,5,1,61,9,-1,-1,-1,-1,6,1,E01030643,0
Unvalidated,2024451426501,2024,451426501,2,97,0,18,7,3,0,0,0,0,0,0,0,1,5,1,27,6,-1,-1,-1,-1,4,1,E01030608,0
Unvalidated,2024451426735,2024,451426735,1,9,0,7,5,1,0,0,0,0,0,0,4,1,5,1,46,8,-1,-1,-1,-1,10,1,E01030820,0
Unvalidated,2024451426735,2024,451426735,2,97,0,7,5,1,0,0,1,0,0,0,3,1,5,1,20,4,-1,-1,-1,-1,6,1,E01030516,0
Unvalidated,2024451426825,2024,451426825,1,9,0,18,4,8,0,0,0,0,0,0,1,1,2,2,18,4,-1,-1,-1,-1,9,1,E01030856,0
Unvalidated,2024451426825,2024,451426825,2,9,0,18,3,7,0,0,0,0,0,0,1,1,2,2,22,5,-1,-1,-1,-1,5,1,E01001060,0
Unvalidated,2024451426826,2024,451426826,1,9,0,18,6,2,0,0,0,0,0,0,2,1,5,1,42,7,-1,-1,-1,-1,5,1,E01030464,0
Unvalidated,2024451426826,2024,451426826,2,9,0,18,5,1,0,0,0,0,0,0,1,1,5,2,51,8,-1,-1,-1,-1,10,1,E01002924,0
Unvalidated,2024451426826,2024,451426826,3,9,0,18,5,1,0,0,0,0,0,0,2,1,5,2,70,10,-1,-1,-1,-1,7,3,E01030466,0
Unvalidated,2024451426826,2024,451426826,4,9,4,18,6,2,0,0,0,0,0,0,1,1,5,1,34,6,-1,-1,-1,-1,5,2,E01022616,0
Unvalidated,2024451426938,2024,451426938,1,9,0,9,6,2,0,5,0,0,0,0,3,1,5,2,54,8,-1,-1,-1,-1,10,1,E01030316,0
Unvalidated,2024451426938,2024,451426938,2,97,0,14,6,2,0,8,5,0,0,0,1,1,6,1,30,6,-1,-1,-1,-1,-1,-1,-1,0
Unvalidated,2024451427119,2024,451427119,1,9,0,4,7,3,0,2,0,0,0,0,1,1,6,2,22,5,-1,-1,-1,-1,3,1,E01011018,0
Unvalidated,2024451427119,2024,451427119,2,98,0,4,7,3,0,2,0,0,0,0,2,1,1,1,54,8,-1,-1,-1,-1,8,1,E01030565,0
Unvalidated,2024451427142,2024,451427142,1,9,0,5,1,5,0,0,0,0,0,0,1,1,5,2,53,8,-1,-1,-1,-1,9,1,E01031000,0
Unvalidated,2024451427142,2024,451427142,2,1,0,18,3,1,0,0,0,0,0,0,4,1,6,1,21,5,-1,-1,-1,-1,10,1,E01030999,0
Unvalidated,2024451427162,2024,451427162,1,9,0,18,5,1,0,4,0,0,2,7,1,1,5,2,73,10,-1,-1,-1,-1,10,1,E01030395,0
Unvalidated,2024451427162,2024,451427162,2,9,0,5,3,6,0,4,0,0,0,0,3,1,5,1,73,10,-1,-1,-1,-1,10,1,E01030386,0
Unvalidated,2024451427269,2024,451427269,1,1,0,13,4,4,0,0,5,0,0,0,3,1,6,1,27,6,-1,-1,-1,-1,10,1,E01004112,0
Unvalidated,2024451427269,2024,451427269,2,9,0,18,5,4,0,0,0,0,0,0,3,1,5,2,69,10,-1,-1,-1,-1,7,1,E01004130,0
Unvalidated,2024451427293,2024,451427293,1,1,0,99,2,6,99,1,2,0,0,0,3,1,3,2,43,7,-1,-1,-1,-1,9,1,E01030536,0
Unvalidated,2024451427293,2024,451427293,2,9,0,5,8,4,0,6,0,0,0,0,1,1,6,2,40,7,-1,-1,-1,-1,-1,-1,-1,0
Unvalidated,2024451427320,2024,451427320,1,9,0,12,3,7,0,7,0,0,0,0,1,1,5,1,77,11,-1,-1,-1,-1,10,3,E01024453,0
Unvalidated,2024451427327,2024,451427327,1,9,0,4,3,7,0,0,0,0,0,0,2,1,6,3,39,7,-1,-1,-1,-1,-1,-1,-1,0
Unvalidated,2024451427327,2024,451427327,2,98,0,5,3,7,0,0,0,0,0,0,1,1,1,2,41,7,-1,-1,-1,-1,2,1,E01001760,0
Unvalidated,2024451427327,2024,451427327,3,9,0,4,1,5,0,0,0,1,0,0,1,1,5,1,69,10,-1,-1,-1,-1,8,1,E01001106,0
Unvalidated,2024451427327,2024,451427327,4,98,0,4,1,5,0,0,0,0,0,0,1,1,1,1,44,7,-1,-1,-1,-1,6,1,E01001040,0
Unvalidated,2024451427470,2024,451427470,1,9,0,18,5,1,0,0,0,0,0,0,1,1,2,1,34,6,-1,-1,-1,-1,10,1,E01031654,0
Unvalidated,2024451427470,2024,451427470,2,9,0,18,1,5,0,0,0,0,0,0,1,1,1,1,68,10,-1,-1,-1,-1,9,1,E01030644,0
Unvalidated,2024451427486,2024,451427486,1,9,0,8,5,3,0,6,0,0,0,0,1,1,2,1,54,8,-1,-1,-1,-1,8,1,E01030537,0
Unvalidated,2024451427606,2024,451427606,1,97,0,18,5,1,0,1,0,0,0,0,1,1,2,1,16,4,-1,-1,-1,-1,5,1,E01030971,0
Unvalidated,2024451427606,2024,451427606,2,98,0,18,3,7,0,8,0,0,0,0,2,1,2,1,55,8,-1,-1,-1,-1,10,1,E01030811,0
Unvalidated,2024451427606,2024,451427606,3,9,0,18,7,3,0,8,0,0,0,0,3,1,1,2,28,6,-1,-1,-1,-1,10,1,E01030460,0
Unvalidated,2024451427606,2024,451427606,4,9,0,9,3,7,0,8,0,0,0,0,4,1,6,1,23,5,-1,-1,-1,-1,8,1,E01001031,0
Unvalidated,2024451427615,2024,451427615,1,9,0,18,3,7,0,4,0,0,0,0,1,1,6,1,53,8,-1,-1,-1,-1,10,1,E01030308,0
Unvalidated,2024451427615,2024,451427615,2,9,0,18,5,1,0,3,0,0,0,0,2,1,2,2,65,9,-1,-1,-1,-1,3,2,E01030362,0
Unvalidated,2024451427643,2024,451427643,1,9,0,18,5,1,0,0,0,4,0,0,3,1,5,1,62,9,-1,-1,-1,-1,5,1,E01030983,0
Unvalidated,2024451427643,2024,451427643,2,9,0,2,0,0,0,0,0,4,0,0,4,1,6,3,-1,-1,-1,-1,-1,-1,-1,-1,-1,0
Unvalidated,2024451427643,2024,451427643,3,9,0,2,0,0,0,0,0,0,0,0,2,1,6,3,-1,-1,-1,-1,-1,-1,-1,-1,-1,0
Unvalidated,2024451427713,2024,451427713,1,9,0,6,7,3,0,6,0,0,0,0,1,1,1,2,60,9,-1,-1,-1,-1,8,1,E01030648,0
Unvalidated,2024451427713,2024,451427713,2,9,0,18,5,1,0,1,0,0,0,0,4,1,2,1,60,9,-1,-1,-1,-1,10,1,E01030762,0
Unvalidated,2024451427844,2024,451427844,1,9,0,9,1,7,0,0,1,0,0,0,3,1,5,1,72,10,-1,-1,-1,-1,10,1,E01030986,0
Unvalidated,2024451427844,2024,451427844,2,98,0,18,7,3,0,0,0,0,0,0,1,1,2,1,51,8,-1,-1,-1,-1,9,3,E01030477,0
Unvalidated,2024451427844,2024,451427844,3,9,0,18,3,7,0,0,0,0,0,0,0,1,1,1,53,8,-1,-1,-1,-1,6,1,E01030995,0
Unvalidated,2024451427866,2024,451427866,1,9,0,18,3,7,0,0,0,0,0,0,1,1,1,1,34,6,-1,-1,-1,-1,9,1,E01028511,0
Unvalidated,2024451427866,2024,451427866,2,98,0,18,4,8,0,0,0,0,0,0,1,1,1,1,54,8,-1,-1,-1,-1,3,1,E01014830,0
Unvalidated,2024451427873,2024,451427873,1,9,0,-1,-1,-1,-1,0,-1,-1,-1,0,2,1,5,1,71,10,-1,-1,-1,-1,6,2,E01030524,0
Unvalidated,2024451427873,2024,451427873,2,19,0,3,1,5,0,0,0,0,0,0,-1,1,5,3,-1,-1,-1,-1,-1,-1,-1,-1,-1,0
Unvalidated,2024451427932,2024,451427932,1,9,0,18,3,7,0,8,0,0,0,0,1,1,2,1,24,5,-1,-1,-1,-1,9,1,E01030731,0
Unvalidated,2024451427932,2024,451427932,2,9,0,18,1,5,0,6,0,7,0,0,4,1,5,2,24,5,-1,-1,-1,-1,7,1,E01030332,0
Unvalidated,2024451427941,2024,451427941,1,9,0,4,3,7,0,0,0,0,0,0,2,1,5,2,28,6,-1,-1,-1,-1,4,1,E01030364,0
Unvalidated,2024451427941,2024,451427941,2,9,0,18,3,7,0,0,0,0,0,0,1,1,5,1,50,8,-1,-1,-1,-1,6,1,E01030721,0
Unvalidated,2024451427941,2024,451427941,3,9,0,18,7,3,0,0,0,0,0,0,0,1,1,1,28,6,-1,-1,-1,-1,6,1,E01030737,0
Unvalidated,2024451427980,2024,451427980,1,9,0,18,1,5,0,0,0,0,2,4,4,1,6,2,89,11,-1,-1,-1,-1,10,1,E01030986,0
Unvalidated,2024451427980,2024,451427980,2,9,0,15,5,1,0,0,0,0,0,0,0,1,6,1,34,6,-1,-1,-1,-1,4,1,E01002642,0
Unvalidated,2024451427991,2024,451427991,1,9,0,18,7,3,0,0,5,0,1,0,1,1,6,1,56,9,-1,-1,-1,-1,1,1,E01012596,0
Unvalidated,2024451428019,2024,451428019,1,9,0,18,7,3,0,1,0,0,0,0,0,1,5,1,53,8,-1,-1,-1,-1,9,1,E01030716,0
Unvalidated,2024451428070,2024,451428070,1,9,0,2,1,5,0,0,0,0,0,0,1,1,5,1,19,4,-1,-1,-1,-1,8,1,E01030703,0
Unvalidated,2024451428070,2024,451428070,2,9,0,2,1,5,0,0,0,0,5,0,2,1,6,1,60,9,-1,-1,-1,-1,8,1,E01030734,0
Unvalidated,2024451428070,2024,451428070,3,11,0,2,1,5,0,0,0,0,0,0,2,1,6,3,30,6,-1,-1,-1,-1,-1,-1,-1,0
Unvalidated,2024451428119,2024,451428119,1,97,0,13,3,1,0,1,0,0,0,0,4,1,6,3,34,6,-1,-1,-1,-1,-1,-1,-1,0
Unvalidated,2024451428119,2024,451428119,2,97,0,12,1,5,0,2,0,0,0,0,3,1,2,1,32,6,-1,-1,-1,-1,5,1,E01030980,0
Unvalidated,2024451428138,2024,451428138,1,9,0,18,3,1,0,0,0,0,0,0,3,1,6,3,26,6,-1,-1,-1,-1,-1,-1,-1,0
Unvalidated,2024451428138,2024,451428138,2,98,0,18,5,1,0,0,0,0,0,0,4,1,1,1,55,8,-1,-1,-1,-1,4,1,E01001061,0
Unvalidated,2024451428138,2024,451428138,3,9,0,18,5,1,0,0,0,0,0,0,0,1,1,1,46,8,-1,-1,-1,-1,9,1,E01004147,0
Unvalidated,2024451428138,2024,451428138,4,9,0,18,5,1,0,0,0,0,0,0,0,1,1,1,51,8,-1,-1,-1,-1,10,1,E01030955,0
Unvalidated,2024451428138,2024,451428138,5,9,0,18,5,1,0,0,0,0,0,0,0,1,1,1,40,7,-1,-1,-1,-1,8,1,E01030452,0
Unvalidated,2024451428141,2024,451428141,1,9,0,17,1,5,0,0,1,0,0,0,1,1,5,2,52,8,-1,-1,-1,-1,10,1,E01031645,0
Unvalidated,2024451428141,2024,451428141,2,9,0,18,5,1,0,0,0,0,0,0,1,1,5,1,53,8,-1,-1,-1,-1,8,3,E01030544,0
Unvalidated,2024451428164,2024,451428164,1,90,0,16,1,5,0,0,1,1,0,0,1,1,2,1,53,8,-1,-1,-1,-1,10,1,E01004104,0
Unvalidated,2024451428164,2024,451428164,2,1,0,11,1,5,0,0,1,1,0,0,2,1,2,1,40,7,-1,-1,-1,-1,10,1,E01030378,0
Unvalidated,2024451428392,2024,451428392,1,3,0,3,1,5,0,0,0,0,0,0,1,1,6,1,42,7,-1,-1,-1,-1,10,1,E01030680,0
Unvalidated,2024451428392,2024,451428392,2,9,0,1,1,5,0,0,0,0,0,0,2,1,6,3,34,6,-1,-1,-1,-1,-1,-1,-1,0
Unvalidated,2024451428417,2024,451428417,1,9,0,18,5,1,0,3,0,9,0,0,1,1,5,1,37,7,-1,-1,-1,-1,8,1,E01002274,0
Unvalidated,2024451428418,2024,451428418,1,1,0,18,5,1,5,0,0,0,0,0,1,1,5,1,79,11,-1,-1,-1,-1,8,3,E01030544,0
Unvalidated,2024451428418,2024,451428418,2,1,0,18,1,5,5,0,5,0,0,0,1,1,6,1,19,4,-1,-1,-1,-1,-1,-1,-1,0
Unvalidated,2024451428437,2024,451428437,1,16,0,18,1,5,0,0,0,0,0,0,0,1,5,2,18,4,-1,-1,-1,-1,10,1,E01030324,0
Unvalidated,2024451428437,2024,451428437,2,9,0,18,1,5,0,0,0,0,0,0,0,1,6,1,20,4,-1,-1,-1,-1,-1,-1,-1,0
Unvalidated,2024451428440,2024,451428440,1,9,0,9,3,7,0,5,0,0,3,1,4,1,5,1,51,8,-1,-1,-1,-1,7,3,E01030458,0
Unvalidated,2024451428440,2024,451428440,2,9,0,18,3,7,0,1,0,0,0,0,1,1,5,1,49,8,-1,-1,-1,-1,6,1,E01021541,0
Unvalidated,2024451428520,2024,451428520,1,9,0,17,1,5,0,0,0,0,0,0,1,1,5,2,56,9,-1,-1,-1,-1,9,3,E01031674,0
Unvalidated,2024451428733,2024,451428733,1,9,0,18,3,7,0,1,0,0,0,0,0,1,6,3,45,7,-1,-1,-1,-1,-1,-1,-1,0
Unvalidated,2024451428733,2024,451428733,2,9,0,18,7,3,0,1,0,0,0,0,4,1,1,2,56,9,-1,-1,-1,-1,8,1,E01030979,0
Unvalidated,2024451428733,2024,451428733,3,9,0,2,3,7,0,1,0,0,0,0,3,1,6,3,-1,-1,-1,-1,-1,-1,-1,-1,-1,0
Unvalidated,2024451428733,2024,451428733,4,9,0,2,3,7,0,1,0,0,0,0,4,1,6,3,-1,-1,-1,-1,-1,-1,-1,-1,-1,0
Unvalidated,2024451428733,2024,451428733,5,9,0,2,3,7,0,1,0,0,0,0,2,1,6,3,-1,-1,-1,-1,-1,-1,-1,-1,-1,0
Unvalidated,2024451428745,2024,451428745,1,97,0,18,5,1,0,0,0,0,0,0,1,1,5,1,46,8,-1,-1,-1,-1,10,1,E01030791,0
Unvalidated,2024451428745,2024,451428745,2,98,0,5,1,5,0,0,0,0,0,0,3,1,5,1,45,7,-1,-1,-1,-1,7,2,E01030943,0
Unvalidated,2024451428779,2024,451428779,1,9,0,18,7,3,0,0,0,0,0,0,1,1,5,1,36,7,-1,-1,-1,-1,9,1,E01030991,0
Unvalidated,2024451428779,2024,451428779,2,9,0,18,7,3,0,0,1,0,7,0,3,1,5,1,76,11,-1,-1,-1,-1,10,1,E01030961,0
Unvalidated,2024451428895,2024,451428895,1,4,0,99,1,5,0,1,9,99,0,0,9,1,2,1,23,5,-1,-1,-1,-1,6,1,E01030665,0
Unvalidated,2024451428895,2024,451428895,2,9,9,99,5,1,5,6,9,99,0,0,9,1,6,1,30,6,-1,-1,-1,-1,9,3,E01022547,0
Unvalidated,2024451428904,2024,451428904,1,97,0,18,1,5,0,1,0,0,0,0,1,1,5,1,63,9,-1,-1,-1,-1,10,1,E01030511,0
Unvalidated,2024451428904,2024,451428904,2,98,0,9,3,1,0,1,0,0,1,0,4,1,1,1,34,6,-1,-1,-1,-1,2,1,E01010087,0
Unvalidated,2024451428913,2024,451428913,1,9,0,18,1,5,0,1,0,0,0,0,1,1,6,3,45,7,-1,-1,-1,-1,-1,-1,-1,0
Unvalidated,2024451429007,2024,451429007,1,9,0,18,1,5,0,4,0,0,3,4,1,1,5,1,79,11,-1,-1,-1,-1,9,1,E01030731,0
Unvalidated,2024451429162,2024,451429162,1,9,0,18,3,7,0,0,0,0,0,0,1,1,5,2,59,9,-1,-1,-1,-1,10,1,E01016654,0
Unvalidated,2024451429162,2024,451429162,2,9,0,18,3,7,0,0,0,0,0,0,2,1,2,1,18,4,-1,-1,-1,-1,2,1,E01001081,0
Unvalidated,2024451429269,2024,451429269,1,3,9,3,4,8,0,4,0,0,0,0,9,1,5,2,50,8,-1,-1,-1,-1,6,1,E01030957,0
Unvalidated,2024451429269,2024,451429269,2,9,9,99,4,8,0,4,0,0,0,0,9,1,6,1,35,6,-1,-1,-1,-1,-1,-1,-1,0
Unvalidated,2024451429329,2024,451429329,1,9,0,18,4,5,0,0,0,0,0,0,0,1,5,1,28,6,-1,-1,-1,-1,5,1,E01023411,0
Unvalidated,2024451429329,2024,451429329,2,4,0,18,4,5,0,0,0,0,0,0,1,1,1,1,50,8,-1,-1,-1,-1,-1,-1,-1,0
Unvalidated,2024451429370,2024,451429370,1,98,0,18,3,7,0,0,0,0,6,11,1,1,2,1,51,8,-1,-1,-1,-1,8,1,E01030794,0
Unvalidated,2024451429392,2024,451429392,1,1,0,18,3,7,0,0,5,0,0,0,1,1,2,1,63,9,-1,-1,-1,-1,10,1,E01030328,0
Unvalidated,2024451429400,2024,451429400,1,9,0,18,6,2,0,0,0,0,8,4,1,1,5,1,20,4,-1,-1,-1,-1,9,3,E01030441,0
Unvalidated,2024451429493,2024,451429493,1,19,0,18,5,1,0,8,0,0,0,0,4,1,1,1,21,5,-1,-1,-1,-1,8,1,E01030452,0
Unvalidated,2024451429519,2024,451429519,1,9,0,18,5,1,0,0,0,0,0,0,1,1,6,1,21,5,-1,-1,-1,-1,9,1,E01030723,0
Unvalidated,2024451429710,2024,451429710,1,97,0,18,1,5,0,1,1,0,0,0,1,1,6,1,21,5,-1,-1,-1,-1,7,1,E01000536,0
Unvalidated,2024451429710,2024,451429710,2,9,0,16,5,1,0,3,0,0,0,0,1,1,5,2,36,7,-1,-1,-1,-1,6,1,E01030311,0
Unvalidated,2024451429759,2024,451429759,1,1,0,18,5,4,0,1,0,0,0,0,1,1,6,1,29,6,-1,-1,-1,-1,10,1,E01030419,0
Unvalidated,2024451429759,2024,451429759,2,9,0,18,4,5,0,1,0,0,0,0,1,1,6,3,50,8,-1,-1,-1,-1,-1,-1,-1,0
Unvalidated,2024451429814,2024,451429814,1,9,0,18,1,5,0,5,0,0,0,0,4,1,5,2,47,8,-1,-1,-1,-1,8,1,E01030313,0
Unvalidated,2024451429814,2024,451429814,2,9,0,18,3,7,0,1,0,0,0,0,1,2,1,2,28,6,-1,-1,-1,-1,8,1,E01030302,0
Unvalidated,2024451429820,2024,451429820,1,9,0,16,4,6,0,0,1,0,0,0,1,1,1,1,22,5,-1,-1,-1,-1,4,1,E01001230,0
Unvalidated,2024451429820,2024,451429820,2,9,0,17,6,2,0,0,0,0,0,0,1,1,5,1,53,8,-1,-1,-1,-1,10,3,E01031517,0
Unvalidated,2024451430105,2024,451430105,1,9,0,18,3,1,0,0,0,0,0,0,1,1,6,1,38,7,-1,-1,-1,-1,4,1,E01030676,0
Unvalidated,2024451430105,2024,451430105,2,9,0,2,0,0,0,0,0,0,0,0,2,1,6,3,-1,-1,-1,-1,-1,-1,-1,-1,-1,0
Unvalidated,2024451430116,2024,451430116,1,9,0,9,3,7,0,5,0,0,0,0,1,1,5,1,22,5,-1,-1,-1,-1,10,1,E01030462,0
Unvalidated,2024451430116,2024,451430116,2,1,0,18,0,0,0,1,2,0,0,0,1,1,5,1,38,7,-1,-1,-1,-1,10,1,E01030439,0
Unvalidated,2024451430178,2024,451430178,1,9,0,7,1,5,0,0,0,0,0,0,3,1,5,1,79,11,-1,-1,-1,-1,6,1,E01030455,0
Unvalidated,2024451430178,2024,451430178,2,9,0,18,1,5,0,0,0,0,0,0,4,1,1,1,32,6,-1,-1,-1,-1,7,1,E01023124,0
Unvalidated,2024451430184,2024,451430184,1,9,0,4,1,5,0,0,0,0,0,0,2,1,2,2,45,7,-1,-1,-1,-1,6,1,E01030336,0
Unvalidated,2024451430184,2024,451430184,2,9,0,99,1,5,0,0,0,0,0,0,1,1,6,2,40,7,-1,-1,-1,-1,-1,-1,-1,0
Unvalidated,2024451430204,2024,451430204,1,9,0,18,1,5,0,0,2,0,0,0,1,1,2,1,20,4,-1,-1,-1,-1,9,1,E01030978,0
Unvalidated,2024451430209,2024,451430209,1,9,0,9,3,1,0,6,0,0,0,0,0,1,1,1,47,8,-1,-1,-1,-1,5,1,E01019923,0
Unvalidated,2024451430209,2024,451430209,2,9,0,18,5,1,0,1,0,0,1,2,1,1,6,2,92,11,-1,-1,-1,-1,9,3,E01030987,0
Unvalidated,2024451430249,2024,451430249,1,9,0,18,1,5,0,0,0,0,0,0,1,1,5,2,33,6,-1,-1,-1,-1,10,1,E01030487,0
Unvalidated,2024451430249,2024,451430249,2,97,0,18,5,1,0,0,0,0,0,0,1,1,5,1,28,6,-1,-1,-1,-1,5,1,E01030481,0
Unvalidated,2024451430413,2024,451430413,1,9,0,5,7,3,0,0,0,0,0,0,2,1,5,2,53,8,-1,-1,-1,-1,10,1,E01030689,0
Unvalidated,2024451430413,2024,451430413,2,21,1,5,7,3,0,0,0,0,0,0,1,1,1,1,40,7,-1,-1,-1,-1,-1,-1,-1,0
Unvalidated,2024451430476,2024,451430476,1,9,0,9,2,1,0,0,0,0,0,0,1,1,5,2,17,4,-1,-1,-1,-1,9,1,E01030802,0
Unvalidated,2024451430509,2024,451430509,1,9,0,17,3,7,0,1,0,0,0,0,3,1,5,2,22,5,-1,-1,-1,-1,10,1,E01030584,0
Unvalidated,2024451430509,2024,451430509,2,98,0,1,5,1,0,1,0,0,0,0,2,1,1,1,37,7,-1,-1,-1,-1,3,1,E01003615,0
Unvalidated,2024451430606,2024,451430606,1,97,0,14,1,5,0,1,0,0,0,0,1,1,2,1,24,5,-1,-1,-1,-1,9,1,E01004079,0