status,collision_index,collision_year,collision_reference,vehicle_reference,vehicle_type,towing_and_articulation,vehicle_manoeuvre,vehicle_direction_from,vehicle_direction_to,vehicle_location_restricted_lane,junction_location,skidding_and_overturning,hit_object_in_carriageway,vehicle_leaving_carriageway,hit_object_off_carriageway,first_point_of_impact,vehicle_left_hand_drive,journey_purpose_of_driver,sex_of_driver,age_of_driver,age_band_of_driver,engine_capacity_cc,propulsion_code,age_of_vehicle,generic_make_model,driver_imd_decile,driver_home_area_type,lsoa_of_driver,escooter_flag
Unvalidated,2024451430606,2024,451430606,2,9,0,9,3,1,0,8,0,0,0,0,1,1,2,2,41,7,-1,-1,-1,-1,7,1,E01030613,0
Unvalidated,2024451430638,2024,451430638,1,9,0,18,5,1,0,0,0,0,0,0,1,1,5,2,51,8,-1,-1,-1,-1,9,1,E01030844,0
Unvalidated,2024451430638,2024,451430638,2,98,0,18,5,1,0,0,0,0,0,0,1,1,1,1,40,7,-1,-1,-1,-1,7,1,E01030850,0
Unvalidated,2024451430645,2024,451430645,1,9,0,18,7,3,0,3,0,0,0,0,1,1,5,1,76,11,-1,-1,-1,-1,7,1,E01030741,0
Unvalidated,2024451430645,2024,451430645,2,1,0,10,1,6,0,3,0,0,0,0,2,1,5,1,56,9,-1,-1,-1,-1,7,1,E01030729,0
Unvalidated,2024451430687,2024,451430687,1,9,0,18,7,3,0,0,0,4,0,0,1,1,5,2,81,11,-1,-1,-1,-1,6,1,E01030586,0
Unvalidated,2024451430687,2024,451430687,2,9,0,2,0,0,9,0,0,0,0,0,1,1,6,3,-1,-1,-1,-1,-1,-1,-1,-1,-1,0
Unvalidated,2024451430877,2024,451430877,1,9,0,9,7,3,0,0,0,0,0,0,3,1,5,2,56,9,-1,-1,-1,-1,5,2,E01024485,0
Unvalidated,2024451430877,2024,451430877,2,97,0,14,7,3,0,0,0,0,0,0,4,1,5,1,59,9,-1,-1,-1,-1,4,2,E01030824,0
Unvalidated,2024451430882,2024,451430882,1,1,0,18,6,2,0,0,0,0,0,0,1,1,5,1,26,6,-1,-1,-1,-1,-1,-1,-1,0
Unvalidated,2024451430894,2024,451430894,1,9,0,18,6,2,0,0,5,0,0,0,1,1,5,1,77,11,-1,-1,-1,-1,6,1,E01030546,0
Unvalidated,2024451430894,2024,451430894,2,9,0,2,0,0,0,0,0,0,0,0,3,1,6,3,-1,-1,-1,-1,-1,-1,-1,-1,-1,0
Unvalidated,2024451430894,2024,451430894,3,9,0,2,0,0,0,0,0,0,0,0,1,1,6,3,-1,-1,-1,-1,-1,-1,-1,-1,-1,0
Unvalidated,2024451430894,2024,451430894,4,98,0,2,0,0,0,0,0,0,0,0,1,1,6,3,-1,-1,-1,-1,-1,-1,-1,-1,-1,0
Unvalidated,2024451430942,2024,451430942,1,5,0,5,7,3,0,4,5,0,0,0,2,1,6,1,40,7,-1,-1,-1,-1,8,1,E01000370,0
Unvalidated,2024451430942,2024,451430942,2,9,0,5,7,3,0,4,0,0,0,0,1,1,6,2,73,10,-1,-1,-1,-1,9,1,E01030298,0
Unvalidated,2024451430958,2024,451430958,1,9,0,16,6,2,0,0,0,0,0,0,2,1,5,1,32,6,-1,-1,-1,-1,7,1,E01030361,0
Unvalidated,2024451430958,2024,451430958,2,98,0,16,6,2,0,0,0,0,0,0,1,1,1,1,44,7,-1,-1,-1,-1,6,1,E01017578,0
Unvalidated,2024451431021,2024,451431021,1,9,0,18,8,4,0,0,1,10,8,11,4,1,5,1,21,5,-1,-1,-1,-1,9,1,E01030510,0
Unvalidated,2024451431021,2024,451431021,2,9,0,-1,-1,-1,-1,0,-1,-1,-1,0,-1,1,6,1,20,4,-1,-1,-1,-1,4,1,E01003409,0
Unvalidated,2024451431184,2024,451431184,1,9,0,3,1,3,0,8,0,0,0,0,0,1,6,2,55,8,-1,-1,-1,-1,7,1,E01030652,0
Unvalidated,2024451431184,2024,451431184,2,9,0,18,1,3,0,8,0,0,0,0,2,1,6,3,30,6,-1,-1,-1,-1,-1,-1,-1,0
Unvalidated,2024451431315,2024,451431315,1,9,0,18,2,6,0,0,0,0,0,0,4,1,5,1,40,7,-1,-1,-1,-1,3,1,E01001397,0
Unvalidated,2024451431315,2024,451431315,2,9,0,18,2,6,0,0,0,0,0,0,1,1,5,1,39,7,-1,-1,-1,-1,6,1,E01016224,0
Unvalidated,2024451431315,2024,451431315,3,9,0,18,2,6,0,0,0,0,0,0,3,1,5,1,19,4,-1,-1,-1,-1,9,1,E01030564,0
Unvalidated,2024451431404,2024,451431404,1,97,0,18,5,8,0,8,1,0,0,0,4,1,5,1,18,4,-1,-1,-1,-1,10,1,E01030810,0
Unvalidated,2024451431522,2024,451431522,1,9,0,18,4,8,0,0,5,0,0,0,1,1,5,1,24,5,-1,-1,-1,-1,10,1,E01030435,0
Unvalidated,2024451431578,2024,451431578,1,9,0,-1,-1,-1,-1,0,-1,-1,-1,-1,-1,1,6,3,45,7,-1,-1,-1,-1,6,1,E01024729,0
Unvalidated,2024451431578,2024,451431578,2,1,0,18,3,7,0,0,0,0,0,0,2,1,6,1,17,4,-1,-1,-1,-1,10,1,E01030518,0
Unvalidated,2024451431633,2024,451431633,1,9,0,5,7,3,0,8,0,0,0,0,3,1,2,1,30,6,-1,-1,-1,-1,9,1,E01030687,0
Unvalidated,2024451431633,2024,451431633,2,9,0,18,5,1,0,1,0,0,0,0,1,1,5,2,32,6,-1,-1,-1,-1,6,1,E01030973,0
Unvalidated,2024451431679,2024,451431679,1,98,0,-1,-1,-1,-1,0,-1,-1,-1,0,-1,1,6,3,-1,-1,-1,-1,-1,-1,-1,-1,-1,0
Unvalidated,2024451431679,2024,451431679,2,9,0,18,5,1,0,0,0,2,0,0,1,1,5,2,21,5,-1,-1,-1,-1,6,3,E01015617,0
Unvalidated,2024451431946,2024,451431946,1,9,0,3,3,7,0,1,0,0,0,0,3,1,6,1,76,11,-1,-1,-1,-1,10,1,E01030992,0
Unvalidated,2024451431946,2024,451431946,2,9,0,13,3,7,0,1,0,0,0,0,1,1,6,2,45,7,-1,-1,-1,-1,-1,-1,-1,0
Unvalidated,2024451431974,2024,451431974,1,9,0,3,7,3,0,0,0,0,0,0,2,1,5,2,37,7,-1,-1,-1,-1,8,1,E01030949,0
Unvalidated,2024451431974,2024,451431974,2,9,0,3,7,3,0,0,0,0,0,0,2,1,5,1,28,6,-1,-1,-1,-1,6,1,E01017922,0
Unvalidated,2024451431974,2024,451431974,3,9,0,3,7,3,0,0,0,0,0,0,1,1,2,1,31,6,-1,-1,-1,-1,7,2,E01031541,0
Unvalidated,2024451432024,2024,451432024,1,9,0,18,5,1,0,0,1,0,5,0,4,1,5,1,30,6,-1,-1,-1,-1,5,1,E01000071,0
Unvalidated,2024451432024,2024,451432024,2,98,0,18,3,7,0,0,0,0,0,0,2,1,1,1,39,7,-1,-1,-1,-1,3,1,E01024392,0
Unvalidated,2024451432024,2024,451432024,3,9,0,12,3,7,0,0,1,2,0,0,3,1,5,1,48,8,-1,-1,-1,-1,10,1,E01000753,0
Unvalidated,2024451432232,2024,451432232,1,9,0,5,5,1,0,0,0,0,0,0,1,1,5,2,85,11,-1,-1,-1,-1,10,3,E01031675,0
Unvalidated,2024451432250,2024,451432250,1,9,0,2,1,5,99,0,0,0,0,0,2,1,5,1,41,7,-1,-1,-1,-1,5,1,E01030481,0
Unvalidated,2024451432250,2024,451432250,2,9,0,1,1,5,8,0,0,10,0,0,2,1,6,3,50,8,-1,-1,-1,-1,-1,-1,-1,0
Unvalidated,2024451432291,2024,451432291,1,97,0,18,1,5,0,0,0,0,0,0,1,1,5,1,19,4,-1,-1,-1,-1,10,1,E01002920,0
Unvalidated,2024451432291,2024,451432291,2,97,0,18,1,5,0,0,0,0,0,0,2,1,5,1,20,4,-1,-1,-1,-1,10,1,E01004122,0
Unvalidated,2024451432291,2024,451432291,3,97,0,18,1,5,0,0,0,0,0,0,3,1,5,1,19,4,-1,-1,-1,-1,9,1,E01030394,0
Unvalidated,2024451432299,2024,451432299,1,9,0,18,3,7,1,8,0,0,0,0,3,1,2,2,23,5,-1,-1,-1,-1,10,1,E01030581,0
Unvalidated,2024451432299,2024,451432299,2,9,0,4,1,5,0,8,0,0,0,0,1,1,5,2,27,6,-1,-1,-1,-1,9,1,E01031730,0
Unvalidated,2024451432361,2024,451432361,1,98,0,18,7,3,0,1,1,0,0,0,1,1,1,1,52,8,-1,-1,-1,-1,8,1,E01030313,0
Unvalidated,2024451432361,2024,451432361,2,9,0,10,3,1,0,5,0,0,0,0,1,1,5,2,68,10,-1,-1,-1,-1,3,1,E01002612,0
Unvalidated,2024451432420,2024,451432420,1,9,0,18,1,1,0,0,5,0,0,0,4,1,5,1,33,6,-1,-1,-1,-1,7,1,E01002653,0
Unvalidated,2024451432420,2024,451432420,2,9,0,18,3,7,0,0,0,0,1,0,3,1,1,1,32,6,-1,-1,-1,-1,6,1,E01030653,0
Unvalidated,2024451432586,2024,451432586,1,9,0,7,1,5,0,1,9,0,7,0,3,1,3,2,34,6,-1,-1,-1,-1,5,1,E01030971,0
Unvalidated,2024451432586,2024,451432586,2,9,0,7,1,5,0,3,0,0,0,0,1,1,6,2,30,6,-1,-1,-1,-1,-1,-1,-1,0
Unvalidated,2024451432633,2024,451432633,1,3,0,18,5,1,0,0,0,0,0,0,4,1,2,2,31,6,-1,-1,-1,-1,4,1,E01000676,0
Unvalidated,2024451432633,2024,451432633,2,9,9,3,5,1,0,0,0,0,0,0,3,1,6,1,40,7,-1,-1,-1,-1,-1,-1,-1,0
Unvalidated,2024451432703,2024,451432703,1,9,0,9,7,3,0,0,0,0,0,0,1,1,5,1,44,7,-1,-1,-1,-1,7,1,E01030905,0
Unvalidated,2024451432703,2024,451432703,2,9,0,13,5,1,0,0,0,0,0,0,1,1,6,2,55,8,-1,-1,-1,-1,-1,-1,-1,0
Unvalidated,2024451432703,2024,451432703,3,9,0,3,5,1,0,0,0,0,0,0,0,1,6,3,55,8,-1,-1,-1,-1,-1,-1,-1,0
Unvalidated,2024451432713,2024,451432713,1,97,0,18,5,3,0,0,0,0,0,0,1,1,5,1,25,5,-1,-1,-1,-1,9,1,E01023103,0
Unvalidated,2024451432713,2024,451432713,2,98,0,18,8,7,0,0,0,0,0,0,3,1,1,1,30,6,-1,-1,-1,-1,5,1,E01000131,0
Unvalidated,2024451432731,2024,451432731,1,9,0,16,5,1,0,0,1,10,0,0,1,1,5,1,40,7,-1,-1,-1,-1,5,1,E01002948,0
Unvalidated,2024451432731,2024,451432731,2,9,0,18,1,5,0,0,0,0,1,0,1,1,5,2,53,8,-1,-1,-1,-1,6,1,E01030548,0
Unvalidated,2024451432753,2024,451432753,1,9,0,1,5,1,0,0,0,0,0,0,2,1,5,2,67,10,-1,-1,-1,-1,10,1,E01030809,0
Unvalidated,2024451432753,2024,451432753,2,98,0,-1,-1,-1,-1,0,-1,-1,-1,0,-1,1,6,3,-1,-1,-1,-1,-1,-1,-1,-1,-1,0
Unvalidated,2024451432753,2024,451432753,3,9,0,2,0,0,0,0,0,0,0,0,2,1,6,3,-1,-1,-1,-1,-1,-1,-1,-1,-1,0
Unvalidated,2024451432753,2024,451432753,4,9,0,2,0,0,0,0,0,0,0,0,3,1,6,3,-1,-1,-1,-1,-1,-1,-1,-1,-1,0
Unvalidated,2024451432753,2024,451432753,5,98,0,2,0,0,0,0,0,0,0,0,4,1,6,3,-1,-1,-1,-1,-1,-1,-1,-1,-1,0
Unvalidated,2024451432767,2024,451432767,1,9,0,18,4,8,0,0,0,99,0,0,3,1,6,3,-1,-1,-1,-1,-1,-1,-1,-1,-1,0
Unvalidated,2024451432844,2024,451432844,1,22,0,1,1,5,0,0,0,0,0,0,2,1,5,2,32,6,-1,-1,-1,-1,10,1,E01030966,0
Unvalidated,2024451432844,2024,451432844,2,9,0,1,5,1,0,0,0,0,0,0,2,1,6,3,45,7,-1,-1,-1,-1,-1,-1,-1,0
Unvalidated,2024451432847,2024,451432847,1,9,0,18,3,7,0,0,0,0,0,0,1,1,2,1,46,8,-1,-1,-1,-1,9,1,E01030612,0
Unvalidated,2024451432847,2024,451432847,2,9,0,18,7,3,0,0,0,0,1,0,1,1,5,2,69,10,-1,-1,-1,-1,5,1,E01030814,0
Unvalidated,2024451432847,2024,451432847,3,9,0,18,7,3,0,0,0,0,1,0,1,1,5,1,55,8,-1,-1,-1,-1,4,1,E01030634,0
Unvalidated,2024451432874,2024,451432874,1,98,0,18,1,5,0,0,0,0,0,0,1,1,1,1,19,4,-1,-1,-1,-1,6,2,E01030765,0
Unvalidated,2024451432874,2024,451432874,2,9,0,18,1,5,0,0,0,0,0,0,2,1,2,2,47,8,-1,-1,-1,-1,6,3,E01030524,0
Unvalidated,2024451432874,2024,451432874,3,9,0,18,1,5,0,0,0,0,0,0,2,1,5,1,24,5,-1,-1,-1,-1,9,1,E01030646,0
Unvalidated,2024451432878,2024,451432878,1,9,0,17,1,5,0,0,5,0,1,11,1,1,5,1,35,6,-1,-1,-1,-1,8,1,E01030950,0
Unvalidated,2024451432983,2024,451432983,1,9,0,18,4,8,0,1,0,0,8,4,4,1,3,1,44,7,-1,-1,-1,-1,5,1,E01030984,0
Unvalidated,2024451432983,2024,451432983,2,9,0,9,8,4,0,2,0,0,0,0,1,1,5,2,18,4,-1,-1,-1,-1,9,1,E01031000,0
Unvalidated,2024451433005,2024,451433005,1,9,0,18,1,5,0,0,0,0,0,0,1,1,5,1,30,6,-1,-1,-1,-1,5,1,E01016416,0
Unvalidated,2024451433005,2024,451433005,2,9,0,18,1,5,0,0,0,0,0,0,2,1,5,2,40,7,-1,-1,-1,-1,4,1,E01002611,0
Unvalidated,2024451433030,2024,451433030,1,1,0,18,5,1,0,8,5,0,0,0,1,1,2,1,41,7,-1,-1,-1,-1,4,1,E01001158,0
Unvalidated,2024451433030,2024,451433030,2,9,0,10,3,2,0,6,0,0,0,0,3,1,6,2,49,8,-1,-1,-1,-1,-1,-1,-1,0
Unvalidated,2024451433173,2024,451433173,1,19,0,18,6,2,0,0,1,0,0,0,3,1,2,1,45,7,-1,-1,-1,-1,7,2,E01031616,0
Unvalidated,2024451433173,2024,451433173,2,9,0,12,6,2,0,0,1,0,0,0,4,1,6,1,40,7,-1,-1,-1,-1,-1,-1,-1,0
Unvalidated,2024451433190,2024,451433190,1,9,0,18,1,5,0,0,0,0,0,0,1,1,1,1,23,5,-1,-1,-1,-1,4,1,E01030383,0
Unvalidated,2024451433190,2024,451433190,2,9,0,18,1,5,0,0,0,0,0,0,3,1,1,2,28,6,-1,-1,-1,-1,7,3,E01014131,0
Unvalidated,2024451433190,2024,451433190,3,9,0,18,5,1,0,0,0,0,0,0,1,1,5,2,75,10,-1,-1,-1,-1,10,1,E01030462,0
Unvalidated,2024451433264,2024,451433264,1,9,0,18,1,5,0,0,0,0,0,0,1,1,6,3,23,5,-1,-1,-1,-1,-1,-1,-1,0
Unvalidated,2024451433264,2024,451433264,2,9,0,18,5,1,0,0,0,0,0,0,1,1,5,1,29,6,-1,-1,-1,-1,8,3,W01000580,0
Unvalidated,2024451433270,2024,451433270,1,9,0,18,8,2,0,0,0,0,0,0,3,1,2,2,23,5,-1,-1,-1,-1,7,1,E01030583,0
Unvalidated,2024451433270,2024,451433270,2,1,0,18,8,2,0,0,0,0,0,0,4,1,6,1,25,5,-1,-1,-1,-1,7,1,E01030583,0
Unvalidated,2024451433424,2024,451433424,1,97,0,18,2,6,0,1,1,0,7,0,4,1,2,1,39,7,-1,-1,-1,-1,3,1,E01004568,0
Unvalidated,2024451433424,2024,451433424,2,9,0,9,0,2,0,6,0,0,0,0,1,1,3,1,36,7,-1,-1,-1,-1,10,1,E01030603,0
Unvalidated,2024451433499,2024,451433499,1,9,0,9,1,5,0,0,0,0,0,0,0,1,6,3,48,8,-1,-1,-1,-1,-1,-1,-1,0
Unvalidated,2024451433499,2024,451433499,2,11,0,18,1,5,0,0,0,0,0,0,0,1,1,1,59,9,-1,-1,-1,-1,8,1,E01004085,0
Unvalidated,2024451433643,2024,451433643,1,9,0,9,7,2,0,0,0,0,0,0,0,1,6,1,52,8,-1,-1,-1,-1,3,1,E01000111,0
Unvalidated,2024451433643,2024,451433643,2,1,0,14,3,1,0,0,0,0,0,0,0,1,6,1,43,7,-1,-1,-1,-1,9,2,E01030817,0
Unvalidated,2024451433647,2024,451433647,1,9,0,18,1,5,0,1,0,0,0,0,1,1,2,2,21,5,-1,-1,-1,-1,4,1,E01016529,0
Unvalidated,2024451433647,2024,451433647,2,9,0,9,3,1,0,7,0,0,3,0,2,1,3,2,42,7,-1,-1,-1,-1,7,1,E01002578,0
Unvalidated,2024451433664,2024,451433664,1,9,0,9,3,1,0,5,0,0,0,0,4,1,2,1,33,6,-1,-1,-1,-1,1,1,E01003318,0
Unvalidated,2024451433664,2024,451433664,2,9,0,18,8,4,0,1,0,0,0,0,1,1,5,1,53,8,-1,-1,-1,-1,8,1,E01030602,0
Unvalidated,2024451433690,2024,451433690,1,9,0,18,8,4,99,6,0,0,0,0,4,1,5,1,27,6,-1,-1,-1,-1,10,1,E01030487,0
Unvalidated,2024451433690,2024,451433690,2,9,0,18,8,6,0,6,0,0,0,0,1,1,1,1,52,8,-1,-1,-1,-1,-1,-1,-1,0
Unvalidated,2024451433940,2024,451433940,1,9,0,18,7,3,0,2,1,0,0,0,4,1,5,1,29,6,-1,-1,-1,-1,10,1,E01030408,0
Unvalidated,2024451433949,2024,451433949,1,1,0,18,7,3,0,8,0,0,0,0,3,1,5,1,43,7,-1,-1,-1,-1,9,1,E01030298,0
Unvalidated,2024451433949,2024,451433949,2,9,0,10,7,3,0,5,0,0,0,0,1,2,6,2,32,6,-1,-1,-1,-1,-1,-1,-1,0
Unvalidated,2024451433954,2024,451433954,1,1,0,18,1,4,0,0,0,0,0,0,1,1,6,1,31,6,-1,-1,-1,-1,10,1,E01030417,0
Unvalidated,2024451433954,2024,451433954,2,9,0,18,1,5,0,0,0,0,0,0,1,1,6,2,51,8,-1,-1,-1,-1,4,1,E01030383,0
Unvalidated,2024451434006,2024,451434006,1,9,0,18,5,1,0,1,1,0,1,0,1,1,6,2,18,4,-1,-1,-1,-1,10,3,E01031675,0
Unvalidated,2024451434006,2024,451434006,2,98,0,18,4,1,0,1,1,0,0,0,4,1,1,1,55,8,-1,-1,-1,-1,9,3,E01030761,0
Unvalidated,2024451434091,2024,451434091,1,9,0,2,0,0,0,1,0,0,0,0,0,1,6,2,49,8,-1,-1,-1,-1,8,1,E01030611,0
Unvalidated,2024451434091,2024,451434091,2,9,0,18,6,2,0,1,0,0,0,0,4,1,6,2,45,7,-1,-1,-1,-1,6,1,E01030633,0
Unvalidated,2024451434132,2024,451434132,1,9,0,18,7,3,0,0,0,0,0,0,3,1,5,1,49,8,-1,-1,-1,-1,10,1,E01030926,0
Unvalidated,2024451434132,2024,451434132,2,9,0,18,3,7,0,0,0,0,7,10,1,1,5,1,51,8,-1,-1,-1,-1,9,1,E01031691,0
Unvalidated,2024451434236,2024,451434236,1,97,0,18,4,7,0,0,5,0,0,0,1,1,6,1,19,4,-1,-1,-1,-1,10,1,E01030331,0
Unvalidated,2024451434236,2024,451434236,2,9,0,6,4,7,0,0,1,0,0,0,4,1,5,2,30,6,-1,-1,-1,-1,10,1,E01030323,0
Unvalidated,2024451434254,2024,451434254,1,9,0,4,-1,-1,0,0,0,0,0,0,2,1,3,1,48,8,-1,-1,-1,-1,9,1,E01030372,0
Unvalidated,2024451434254,2024,451434254,2,19,0,4,-1,-1,0,0,0,0,0,0,2,1,6,1,53,8,-1,-1,-1,-1,8,1,E01002949,0
Unvalidated,2024451434270,2024,451434270,1,9,0,99,1,1,99,8,9,99,9,99,3,1,6,2,40,7,-1,-1,-1,-1,-1,-1,-1,0
Unvalidated,2024451434294,2024,451434294,1,9,0,18,5,1,6,0,0,0,0,0,1,1,5,2,39,7,-1,-1,-1,-1,6,1,E01030957,0
Unvalidated,2024451434451,2024,451434451,1,9,0,18,2,6,0,8,2,0,1,2,1,1,5,1,34,6,-1,-1,-1,-1,7,1,E01023123,0
Unvalidated,2024451434560,2024,451434560,1,9,0,18,7,3,0,0,0,0,4,0,1,1,5,1,20,4,-1,-1,-1,-1,8,1,E01030538,0
Unvalidated,2024451434560,2024,451434560,2,9,0,2,1,5,8,0,0,0,0,0,2,1,6,3,-1,-1,-1,-1,-1,-1,-1,-1,-1,0
Unvalidated,2024451434560,2024,451434560,3,9,0,2,1,5,6,0,0,0,0,0,2,1,6,3,-1,-1,-1,-1,-1,-1,-1,-1,-1,0
Unvalidated,2024451434560,2024,451434560,4,9,0,2,1,5,6,0,0,0,0,0,2,1,6,3,-1,-1,-1,-1,-1,-1,-1,-1,-1,0
Unvalidated,2024451434584,2024,451434584,1,11,0,2,5,1,0,2,0,0,0,0,2,1,1,1,46,8,-1,-1,-1,-1,6,1,E01030995,0
Unvalidated,2024451434584,2024,451434584,2,98,0,17,5,1,0,1,0,0,0,0,1,1,5,1,50,8,-1,-1,-1,-1,5,1,E01030658,0
Unvalidated,2024451434593,2024,451434593,1,9,0,18,7,3,0,0,0,0,0,0,2,1,5,1,43,7,-1,-1,-1,-1,4,1,E01016448,0
Unvalidated,2024451434593,2024,451434593,2,9,0,-1,-1,-1,-1,0,-1,-1,-1,0,-1,1,6,3,-1,-1,-1,-1,-1,-1,-1,-1,-1,0
Unvalidated,2024451434667,2024,451434667,1,98,0,18,3,7,0,2,0,0,0,0,1,1,1,1,27,6,-1,-1,-1,-1,7,1,E01017705,0
Unvalidated,2024451434692,2024,451434692,1,9,0,18,5,1,0,0,0,0,0,0,1,1,6,1,20,4,-1,-1,-1,-1,10,1,E01030898,0
Unvalidated,2024451434829,2024,451434829,1,9,0,18,3,7,0,1,0,0,0,0,1,1,5,1,67,10,-1,-1,-1,-1,10,1,E01030348,0
Unvalidated,2024451434829,2024,451434829,2,98,0,9,1,7,0,6,0,0,0,0,1,1,1,1,41,7,-1,-1,-1,-1,10,1,E01002208,0
Unvalidated,2024451434974,2024,451434974,1,9,0,4,7,3,0,1,0,0,0,0,2,1,6,2,32,6,-1,-1,-1,-1,4,1,E01030746,0
Unvalidated,2024451434974,2024,451434974,2,9,0,4,4,4,0,1,0,0,0,0,1,1,3,1,37,7,-1,-1,-1,-1,7,1,E01030707,0
Unvalidated,2024451434975,2024,451434975,1,9,0,18,1,3,0,0,0,0,0,0,1,1,6,3,98,11,-1,-1,-1,-1,-1,-1,-1,0
Unvalidated,2024451434975,2024,451434975,2,9,0,18,3,7,0,0,1,0,0,0,3,1,5,1,48,8,-1,-1,-1,-1,8,1,E01030602,0
Unvalidated,2024451435044,2024,451435044,1,9,0,3,1,5,0,0,0,0,0,0,2,1,6,1,72,10,-1,-1,-1,-1,10,1,E01030776,0
Unvalidated,2024451435044,2024,451435044,2,9,0,4,1,5,0,0,0,0,0,0,1,1,6,1,81,11,-1,-1,-1,-1,-1,-1,-1,0
Unvalidated,2024451435075,2024,451435075,1,3,0,15,1,5,0,0,1,0,0,0,3,1,1,1,24,5,-1,-1,-1,-1,5,1,E01030640,0
Unvalidated,2024451435116,2024,451435116,1,9,0,18,3,8,0,0,1,0,0,0,1,1,6,1,60,9,-1,-1,-1,-1,7,2,E01030938,0
Unvalidated,2024451435116,2024,451435116,2,9,0,18,5,4,0,0,0,0,0,0,1,1,6,2,23,5,-1,-1,-1,-1,9,1,E01031772,0
Unvalidated,2024451435250,2024,451435250,1,9,0,18,3,7,0,0,0,0,1,4,1,1,6,1,63,9,-1,-1,-1,-1,7,3,E01024417,0
Unvalidated,2024451435275,2024,451435275,1,90,0,18,1,5,0,0,0,0,0,0,1,1,1,1,31,6,-1,-1,-1,-1,9,1,E01003442,0
Unvalidated,2024451435275,2024,451435275,2,9,0,11,1,5,0,0,0,0,0,0,2,1,5,2,27,6,-1,-1,-1,-1,6,1,E01030300,0
Unvalidated,2024451435275,2024,451435275,3,9,0,18,1,5,0,0,0,0,0,0,2,1,2,1,48,8,-1,-1,-1,-1,9,1,E01030646,0
Unvalidated,2024451435275,2024,451435275,4,9,0,18,1,5,0,0,0,0,0,0,2,1,2,2,27,6,-1,-1,-1,-1,6,1,E01030411,0
Unvalidated,2024451435284,2024,451435284,1,9,0,1,0,7,0,0,0,0,0,0,2,1,6,1,71,10,-1,-1,-1,-1,10,3,E01030878,0
Unvalidated,2024451435289,2024,451435289,1,8,0,18,5,1,0,0,0,0,0,0,2,1,1,1,51,8,-1,-1,-1,-1,2,1,E01003735,0
Unvalidated,2024451435289,2024,451435289,2,10,0,18,5,1,0,0,0,0,0,0,2,1,6,2,59,9,-1,-1,-1,-1,3,1,E01030744,0
Unvalidated,2024451435289,2024,451435289,3,21,0,18,5,1,0,0,1,0,0,0,1,1,1,1,48,8,-1,-1,-1,-1,3,1,E01015973,0
Unvalidated,2024451435400,2024,451435400,1,9,0,7,5,7,0,8,0,0,0,0,1,1,3,2,40,7,-1,-1,-1,-1,3,1,E01030354,0
Unvalidated,2024451435400,2024,451435400,2,90,0,18,8,4,0,8,0,0,0,0,1,1,5,1,13,3,-1,-1,-1,-1,6,1,E01030312,1
Unvalidated,2024451435409,2024,451435409,1,9,0,4,1,5,0,0,0,0,0,0,1,1,6,1,18,4,-1,-1,-1,-1,10,3,E01031517,0
Unvalidated,2024451435409,2024,451435409,2,9,0,18,4,8,0,0,0,4,1,0,1,1,5,1,30,6,-1,-1,-1,-1,10,1,E01030919,0
Unvalidated,2024451435422,2024,451435422,1,9,0,18,5,2,0,0,0,0,0,0,1,1,2,1,60,9,-1,-1,-1,-1,9,1,E01030783,0
Unvalidated,2024451435422,2024,451435422,2,9,0,18,5,6,0,0,0,0,0,0,1,1,5,2,73,10,-1,-1,-1,-1,10,1,E01030955,0
Unvalidated,2024451435465,2024,451435465,1,9,0,10,3,7,0,6,0,0,0,0,3,1,5,1,18,4,-1,-1,-1,-1,10,1,E01030328,0
Unvalidated,2024451435465,2024,451435465,2,98,0,18,1,5,0,1,0,0,0,0,1,1,1,1,37,7,-1,-1,-1,-1,8,1,E01024475,0
Unvalidated,2024451435615,2024,451435615,1,3,0,18,8,4,0,1,5,0,0,0,3,1,1,1,20,4,-1,-1,-1,-1,7,1,E01030993,0
Unvalidated,2024451435615,2024,451435615,2,9,9,9,6,2,0,8,0,0,0,0,1,1,6,2,40,7,-1,-1,-1,-1,-1,-1,-1,0
Unvalidated,2024451435691,2024,451435691,1,9,0,18,1,5,0,0,0,0,0,0,3,1,5,2,49,8,-1,-1,-1,-1,6,2,E01030765,0
Unvalidated,2024451435691,2024,451435691,2,97,0,5,1,5,0,0,0,0,0,0,0,1,2,1,53,8,-1,-1,-1,-1,5,1,E01030983,0
Unvalidated,2024451435707,2024,451435707,1,98,0,9,5,1,0,8,0,0,0,0,3,1,1,1,37,7,-1,-1,-1,-1,2,1,E01001515,0
Unvalidated,2024451435707,2024,451435707,2,9,0,18,3,7,0,1,0,0,0,0,4,1,2,1,45,7,-1,-1,-1,-1,8,1,E01030668,0
Unvalidated,2024451435718,2024,451435718,1,97,0,7,1,5,0,1,1,0,0,0,4,1,5,2,28,6,-1,-1,-1,-1,8,1,E01030708,0
Unvalidated,2024451435719,2024,451435719,1,9,0,9,1,5,7,1,0,0,7,0,1,1,5,2,20,4,-1,-1,-1,-1,10,1,E01030395,0
Unvalidated,2024451435719,2024,451435719,2,97,0,18,7,3,6,1,0,0,0,0,4,1,2,1,23,5,-1,-1,-1,-1,9,1,E01030413,0
Unvalidated,2024451435719,2024,451435719,3,9,0,7,5,1,6,1,0,0,0,0,1,1,5,2,42,7,-1,-1,-1,-1,7,1,E01030410,0