status,collision_index,collision_year,collision_reference,vehicle_reference,vehicle_type,towing_and_articulation,vehicle_manoeuvre,vehicle_direction_from,vehicle_direction_to,vehicle_location_restricted_lane,junction_location,skidding_and_overturning,hit_object_in_carriageway,vehicle_leaving_carriageway,hit_object_off_carriageway,first_point_of_impact,vehicle_left_hand_drive,journey_purpose_of_driver,sex_of_driver,age_of_driver,age_band_of_driver,engine_capacity_cc,propulsion_code,age_of_vehicle,generic_make_model,driver_imd_decile,driver_home_area_type,lsoa_of_driver,escooter_flag
Unvalidated,2024451435735,2024,451435735,1,9,0,8,2,6,0,6,0,0,0,0,3,1,2,2,47,8,-1,-1,-1,-1,3,1,E01030400,0
Unvalidated,2024451435735,2024,451435735,2,97,0,18,8,4,0,1,2,0,0,0,1,1,2,1,52,8,-1,-1,-1,-1,9,1,E01004094,0
Unvalidated,2024451435767,2024,451435767,1,9,0,18,5,1,0,4,0,0,0,0,1,2,5,2,44,7,-1,-1,-1,-1,7,1,E01030859,0
Unvalidated,2024451435767,2024,451435767,2,9,0,18,5,1,1,1,0,0,0,0,2,1,5,3,55,8,-1,-1,-1,-1,7,1,E01003834,0
Unvalidated,2024451435989,2024,451435989,1,9,0,5,5,1,0,0,0,0,0,0,3,1,3,2,43,7,-1,-1,-1,-1,10,1,E01030774,0
Unvalidated,2024451435989,2024,451435989,2,9,0,18,5,1,0,0,0,0,0,0,4,1,1,2,23,5,-1,-1,-1,-1,8,3,E01022562,0
Unvalidated,2024451436011,2024,451436011,1,9,0,3,8,4,99,8,9,0,0,0,3,1,3,2,29,6,-1,-1,-1,-1,7,1,E01030652,0
Unvalidated,2024451436011,2024,451436011,2,9,0,99,8,4,99,1,9,0,0,0,1,1,6,2,30,6,-1,-1,-1,-1,3,1,E01030657,0
Unvalidated,2024451436112,2024,451436112,1,9,0,18,1,5,0,0,0,0,0,0,1,1,6,2,64,9,-1,-1,-1,-1,8,1,E01030979,0
Unvalidated,2024451436112,2024,451436112,2,9,0,2,0,0,0,0,0,0,0,0,1,1,6,3,45,7,-1,-1,-1,-1,-1,-1,-1,0
Unvalidated,2024451436181,2024,451436181,1,9,0,18,4,5,0,0,0,0,0,0,1,1,6,3,50,8,-1,-1,-1,-1,-1,-1,-1,0
Unvalidated,2024451436220,2024,451436220,1,9,0,18,7,3,0,0,0,0,0,0,1,1,5,2,46,8,-1,-1,-1,-1,9,1,E01026933,0
Unvalidated,2024451436220,2024,451436220,2,9,0,18,2,6,0,0,0,0,0,0,2,1,2,1,32,6,-1,-1,-1,-1,8,1,E01030648,0
Unvalidated,2024451436220,2024,451436220,3,9,0,4,5,1,0,0,0,0,0,0,2,1,1,1,35,6,-1,-1,-1,-1,4,1,E01030650,0
Unvalidated,2024451436220,2024,451436220,4,9,0,4,5,1,0,0,0,0,0,0,2,1,5,2,37,7,-1,-1,-1,-1,2,1,E01015304,0
Unvalidated,2024451436225,2024,451436225,1,9,0,18,3,7,0,1,0,11,0,0,1,1,6,1,25,5,-1,-1,-1,-1,2,1,E01001021,0
Unvalidated,2024451436225,2024,451436225,2,97,0,5,6,2,0,1,0,0,0,0,2,1,5,1,16,4,-1,-1,-1,-1,7,1,E01030859,0
Unvalidated,2024451436295,2024,451436295,1,9,0,17,3,7,0,8,1,0,0,0,3,1,2,2,57,9,-1,-1,-1,-1,9,2,E01030817,0
Unvalidated,2024451436295,2024,451436295,2,9,0,18,1,5,0,2,0,11,5,1,1,1,2,2,49,8,-1,-1,-1,-1,8,1,E01030602,0
Unvalidated,2024451436392,2024,451436392,1,1,0,18,2,4,0,8,0,0,0,0,3,1,2,1,29,6,-1,-1,-1,-1,10,1,E01030965,0
Unvalidated,2024451436392,2024,451436392,2,9,0,18,2,4,0,8,0,0,0,0,4,1,6,3,30,6,-1,-1,-1,-1,-1,-1,-1,0
Unvalidated,2024451436434,2024,451436434,1,9,0,5,2,6,0,0,0,0,0,0,1,1,5,1,44,7,-1,-1,-1,-1,10,1,E01030370,0
Unvalidated,2024451436434,2024,451436434,2,1,0,18,7,3,0,0,5,0,0,0,4,1,5,1,28,6,-1,-1,-1,-1,10,1,E01003881,0
Unvalidated,2024451436516,2024,451436516,1,98,0,18,-1,-1,0,1,0,0,0,0,1,1,6,3,-1,-1,-1,-1,-1,-1,-1,-1,-1,0
Unvalidated,2024451436516,2024,451436516,2,9,0,7,3,7,0,5,0,10,7,11,2,1,2,1,35,6,-1,-1,-1,-1,9,1,E01030795,0
Unvalidated,2024451436556,2024,451436556,1,9,0,18,3,7,0,4,0,9,7,1,1,1,6,1,66,10,-1,-1,-1,-1,4,1,E01030364,0
Unvalidated,2024451436557,2024,451436557,1,9,0,18,3,7,0,0,0,0,0,0,1,1,5,1,22,5,-1,-1,-1,-1,1,1,E01002857,0
Unvalidated,2024451436566,2024,451436566,1,9,0,18,1,5,0,0,0,0,1,11,1,1,2,1,20,4,-1,-1,-1,-1,-1,3,-1,0
Unvalidated,2024451436569,2024,451436569,1,9,0,-1,-1,-1,-1,1,-1,-1,-1,0,1,1,6,3,99,11,-1,-1,-1,-1,5,1,E01030974,0
Unvalidated,2024451436569,2024,451436569,2,9,0,18,3,7,0,8,2,0,6,0,1,1,5,2,33,6,-1,-1,-1,-1,7,1,E01030956,0
Unvalidated,2024451436593,2024,451436593,1,9,0,9,1,5,0,6,0,0,0,0,1,2,3,2,28,6,-1,-1,-1,-1,8,1,E01002979,0
Unvalidated,2024451436593,2024,451436593,2,98,0,7,3,5,0,1,0,0,0,0,1,1,6,1,40,7,-1,-1,-1,-1,-1,-1,-1,0
Unvalidated,2024451436681,2024,451436681,1,9,0,9,1,7,0,1,0,0,0,0,2,1,5,1,40,7,-1,-1,-1,-1,4,1,E01030634,0
Unvalidated,2024451436681,2024,451436681,2,97,0,18,1,5,0,1,5,0,0,0,1,1,5,1,33,6,-1,-1,-1,-1,10,1,E01030620,0
Unvalidated,2024451436737,2024,451436737,1,8,0,-1,-1,-1,-1,0,-1,-1,-1,0,-1,1,6,1,26,6,-1,-1,-1,-1,9,1,E01030991,0
Unvalidated,2024451436737,2024,451436737,2,19,-1,-1,-1,-1,-1,0,-1,-1,-1,0,-1,1,6,1,-1,-1,-1,-1,-1,-1,-1,-1,-1,0
Unvalidated,2024451436832,2024,451436832,1,9,0,16,3,7,0,0,5,0,7,1,1,1,5,1,34,6,-1,-1,-1,-1,1,1,E01006963,0
Unvalidated,2024451437071,2024,451437071,1,9,0,9,3,1,0,6,0,0,0,0,1,1,2,2,31,6,-1,-1,-1,-1,8,1,E01030846,0
Unvalidated,2024451437071,2024,451437071,2,97,0,18,8,4,0,1,0,0,0,0,4,1,1,1,52,8,-1,-1,-1,-1,6,1,E01004109,0
Unvalidated,2024451437122,2024,451437122,1,97,0,18,1,5,0,1,0,0,0,0,3,1,6,1,20,4,-1,-1,-1,-1,5,1,E01030337,0
Unvalidated,2024451437122,2024,451437122,2,9,0,9,2,6,0,5,0,0,0,0,1,1,5,1,33,6,-1,-1,-1,-1,2,1,E01000041,0
Unvalidated,2024451437168,2024,451437168,1,9,0,18,1,5,0,0,0,0,0,0,1,1,5,1,77,11,-1,-1,-1,-1,8,1,E01028182,0
Unvalidated,2024451437168,2024,451437168,2,9,0,3,1,5,0,0,1,0,0,0,2,1,6,1,57,9,-1,-1,-1,-1,4,1,E01004061,0
Unvalidated,2024451437168,2024,451437168,3,98,0,18,1,5,0,0,0,0,0,0,2,1,1,1,52,8,-1,-1,-1,-1,5,1,E01023705,0
Unvalidated,2024451437168,2024,451437168,4,9,0,18,1,5,0,0,0,0,0,0,4,1,5,2,76,11,-1,-1,-1,-1,9,1,E01023849,0
Unvalidated,2024451437168,2024,451437168,5,9,0,3,1,5,0,0,0,0,0,0,2,1,5,1,23,5,-1,-1,-1,-1,10,1,E01017957,0
Unvalidated,2024451437215,2024,451437215,1,9,0,18,1,5,0,0,0,0,7,4,1,1,6,1,59,9,-1,-1,-1,-1,10,1,E01030958,0
Unvalidated,2024451437345,2024,451437345,1,97,0,18,4,8,0,1,0,0,0,0,1,1,1,1,23,5,-1,-1,-1,-1,8,1,E01030977,0
Unvalidated,2024451437345,2024,451437345,2,9,0,9,4,8,0,1,0,0,0,0,3,1,5,2,51,8,-1,-1,-1,-1,6,1,E01030681,0
Unvalidated,2024451437553,2024,451437553,1,9,0,4,1,5,0,0,0,0,0,0,2,1,5,2,35,6,-1,-1,-1,-1,8,1,E01030390,0
Unvalidated,2024451437553,2024,451437553,2,9,0,18,5,1,0,0,0,99,0,0,1,1,6,1,41,7,-1,-1,-1,-1,-1,-1,-1,0
Unvalidated,2024451437567,2024,451437567,1,1,0,18,7,3,0,1,0,0,0,0,3,1,2,1,44,7,-1,-1,-1,-1,10,1,E01030392,0
Unvalidated,2024451437567,2024,451437567,2,9,0,11,7,3,0,1,0,0,0,0,4,1,6,2,50,8,-1,-1,-1,-1,-1,-1,-1,0
Unvalidated,2024451437649,2024,451437649,1,98,0,9,3,7,0,0,0,0,0,0,3,1,6,3,-1,-1,-1,-1,-1,-1,-1,-1,-1,0
Unvalidated,2024451437649,2024,451437649,2,97,0,18,5,1,0,0,0,0,0,0,1,1,2,1,17,4,-1,-1,-1,-1,6,1,E01001073,0
Unvalidated,2024451437695,2024,451437695,1,9,0,15,5,1,0,0,0,4,0,0,1,1,5,1,80,11,-1,-1,-1,-1,9,1,E01030783,0
Unvalidated,2024451437695,2024,451437695,2,9,0,2,0,0,0,0,0,0,0,0,2,1,6,3,-1,-1,-1,-1,-1,-1,-1,-1,-1,0
Unvalidated,2024451437790,2024,451437790,1,9,0,18,8,4,0,1,0,0,0,0,1,1,6,2,30,6,-1,-1,-1,-1,10,1,E01030511,0
Unvalidated,2024451437790,2024,451437790,2,9,0,9,1,6,0,8,0,0,0,0,4,1,2,2,25,5,-1,-1,-1,-1,10,1,E01030566,0
Unvalidated,2024451437854,2024,451437854,1,1,0,18,1,5,0,0,0,0,0,0,1,1,6,1,31,6,-1,-1,-1,-1,3,1,E01031482,0
Unvalidated,2024451438031,2024,451438031,1,97,0,18,5,1,0,0,0,12,1,0,1,1,6,1,19,4,-1,-1,-1,-1,10,3,E01031517,0
Unvalidated,2024451438280,2024,451438280,1,9,0,18,1,3,0,8,0,0,0,0,4,1,6,3,30,6,-1,-1,-1,-1,-1,-1,-1,0
Unvalidated,2024451438312,2024,451438312,1,9,0,7,7,1,0,6,0,0,0,0,1,1,5,2,73,10,-1,-1,-1,-1,6,3,E01030827,0
Unvalidated,2024451438312,2024,451438312,2,9,0,18,5,1,0,8,0,0,1,0,4,1,5,1,76,11,-1,-1,-1,-1,8,1,E01031732,0
Unvalidated,2024451438312,2024,451438312,3,9,0,18,1,5,0,1,0,0,0,0,3,1,5,2,49,8,-1,-1,-1,-1,5,1,E01030814,0
Unvalidated,2024451438472,2024,451438472,1,9,0,18,5,1,0,5,0,0,0,0,1,1,2,2,44,7,-1,-1,-1,-1,8,3,E01030529,0
Unvalidated,2024451438472,2024,451438472,2,9,0,12,6,5,0,1,0,0,0,0,3,1,2,1,63,9,-1,-1,-1,-1,5,1,E01016088,0
Unvalidated,2024451438508,2024,451438508,1,9,0,18,7,3,0,8,0,0,0,0,4,1,5,1,32,6,-1,-1,-1,-1,8,1,E01003421,0
Unvalidated,2024451438508,2024,451438508,2,9,0,18,5,1,0,8,0,0,0,0,1,1,5,1,27,6,-1,-1,-1,-1,6,1,E01030717,0
Unvalidated,2024451438613,2024,451438613,1,9,0,18,6,2,0,1,1,10,0,0,1,1,1,1,28,6,-1,-1,-1,-1,5,1,E01030750,0
Unvalidated,2024451438691,2024,451438691,1,19,0,3,2,6,0,0,0,0,0,0,2,1,6,1,56,9,-1,-1,-1,-1,-1,-1,-1,0
Unvalidated,2024451438691,2024,451438691,2,3,0,18,2,6,0,0,0,0,0,0,1,1,6,1,30,6,-1,-1,-1,-1,-1,-1,-1,0
Unvalidated,2024451438839,2024,451438839,1,98,0,18,5,1,0,1,0,0,0,0,1,1,1,1,32,6,-1,-1,-1,-1,10,1,E01022895,0
Unvalidated,2024451438839,2024,451438839,2,9,0,18,3,7,0,1,0,0,0,0,1,1,5,1,80,11,-1,-1,-1,-1,10,1,E01030296,0
Unvalidated,2024451438870,2024,451438870,1,9,0,18,6,1,0,4,0,0,0,0,1,1,5,1,51,8,-1,-1,-1,-1,7,1,E01032728,0
Unvalidated,2024451438870,2024,451438870,2,97,0,8,6,1,0,4,0,0,0,0,3,1,2,1,22,5,-1,-1,-1,-1,10,1,E01030355,0
Unvalidated,2024451438875,2024,451438875,1,9,0,9,1,7,0,1,0,0,0,0,1,1,3,2,50,8,-1,-1,-1,-1,8,1,E01030648,0
Unvalidated,2024451438875,2024,451438875,2,9,0,7,7,1,0,1,0,0,0,0,1,1,5,1,91,11,-1,-1,-1,-1,8,1,E01030722,0
Unvalidated,2024451438923,2024,451438923,1,16,0,18,1,3,0,0,0,0,0,0,0,1,5,2,57,9,-1,-1,-1,-1,6,3,E01030827,0
Unvalidated,2024451438923,2024,451438923,2,9,0,18,1,3,0,0,0,0,0,0,4,1,6,3,30,6,-1,-1,-1,-1,-1,-1,-1,0
Unvalidated,2024451438947,2024,451438947,1,9,0,7,0,4,0,3,0,0,0,0,4,1,6,3,-1,-1,-1,-1,-1,-1,-1,-1,-1,0
Unvalidated,2024451438947,2024,451438947,2,11,0,7,8,4,0,3,0,0,0,0,3,1,1,1,33,6,-1,-1,-1,-1,6,1,E01001040,0
Unvalidated,2024451438959,2024,451438959,1,9,0,9,3,1,0,1,0,0,0,0,1,1,5,1,40,7,-1,-1,-1,-1,9,1,E01031004,0
Unvalidated,2024451438959,2024,451438959,2,1,0,9,3,1,0,1,0,0,0,0,1,1,2,1,22,5,-1,-1,-1,-1,9,1,E01031004,0
Unvalidated,2024451439057,2024,451439057,1,9,0,14,1,5,0,0,0,4,0,0,1,1,5,2,70,10,-1,-1,-1,-1,3,1,E01016511,0
Unvalidated,2024451439057,2024,451439057,2,9,0,2,1,5,0,0,0,0,0,0,2,1,1,1,59,9,-1,-1,-1,-1,4,1,E01000507,0
Unvalidated,2024451439098,2024,451439098,1,9,0,18,5,1,0,0,0,0,0,0,1,1,5,1,73,10,-1,-1,-1,-1,10,3,E01030937,0
Unvalidated,2024451439098,2024,451439098,2,9,0,4,5,1,0,0,0,0,0,0,2,1,5,2,37,7,-1,-1,-1,-1,8,3,E01030869,0
Unvalidated,2024451439130,2024,451439130,1,9,0,18,3,7,0,1,0,0,0,0,1,1,5,2,22,5,-1,-1,-1,-1,10,1,E01022853,0
Unvalidated,2024451439130,2024,451439130,2,9,0,4,3,7,0,1,0,0,0,0,2,1,5,2,30,6,-1,-1,-1,-1,10,1,E01030775,0
Unvalidated,2024451439131,2024,451439131,1,9,0,5,3,1,0,0,0,0,0,0,3,1,6,1,35,6,-1,-1,-1,-1,5,1,E01030457,0
Unvalidated,2024451439131,2024,451439131,2,9,0,18,5,1,0,0,0,0,0,0,3,1,5,2,74,10,-1,-1,-1,-1,9,2,E01031721,0
Unvalidated,2024451439229,2024,451439229,1,9,0,9,1,5,0,1,0,0,0,0,3,1,5,1,47,8,-1,-1,-1,-1,9,1,E01030978,0
Unvalidated,2024451439229,2024,451439229,2,9,0,9,5,1,0,5,0,0,0,0,1,1,5,2,87,11,-1,-1,-1,-1,10,1,E01030923,0
Unvalidated,2024451439245,2024,451439245,1,9,0,18,6,4,0,8,1,0,1,10,1,1,5,1,28,6,-1,-1,-1,-1,8,1,E01004085,0
Unvalidated,2024451439384,2024,451439384,1,9,0,7,1,3,0,1,0,0,0,0,4,1,1,1,46,8,-1,-1,-1,-1,9,1,E01030795,0
Unvalidated,2024451439384,2024,451439384,2,1,0,18,3,7,0,1,0,0,0,0,1,1,5,1,15,3,-1,-1,-1,-1,3,1,E01030788,0
Unvalidated,2024451439390,2024,451439390,1,9,0,11,3,7,0,0,1,0,1,0,0,1,5,2,32,6,-1,-1,-1,-1,2,1,E01008897,0
Unvalidated,2024451439390,2024,451439390,2,9,0,18,2,6,0,0,0,0,0,0,0,1,6,3,-1,-1,-1,-1,-1,-1,-1,-1,-1,0
Unvalidated,2024451439406,2024,451439406,1,9,0,18,7,3,0,1,0,0,3,2,1,1,5,1,58,9,-1,-1,-1,-1,5,1,E01004152,0
Unvalidated,2024451439425,2024,451439425,1,9,0,6,7,3,0,0,0,0,0,0,3,1,5,2,33,6,-1,-1,-1,-1,2,1,E01015705,0
Unvalidated,2024451439425,2024,451439425,2,97,0,18,7,3,0,0,0,0,0,0,4,1,5,1,33,6,-1,-1,-1,-1,5,1,E01004178,0
Unvalidated,2024451439468,2024,451439468,1,9,0,18,5,1,0,0,0,4,1,0,1,1,6,1,33,6,-1,-1,-1,-1,-1,-1,-1,0
Unvalidated,2024451439468,2024,451439468,2,9,0,2,5,1,0,0,1,0,1,11,1,1,6,3,-1,-1,-1,-1,-1,-1,-1,-1,-1,0
Unvalidated,2024451439468,2024,451439468,3,9,0,2,0,0,5,0,0,0,0,0,4,1,6,3,-1,-1,-1,-1,-1,-1,-1,-1,-1,0
Unvalidated,2024451439492,2024,451439492,1,9,0,18,7,3,0,1,0,0,7,0,4,1,5,1,54,8,-1,-1,-1,-1,-1,-1,-1,0
Unvalidated,2024451439492,2024,451439492,2,9,0,5,3,5,0,6,0,0,1,0,1,1,5,1,40,7,-1,-1,-1,-1,10,3,E01022846,0
Unvalidated,2024451439501,2024,451439501,1,9,0,18,4,8,0,0,0,0,2,7,1,1,5,2,37,7,-1,-1,-1,-1,3,1,E01030400,0
Unvalidated,2024451439501,2024,451439501,2,90,0,2,4,8,6,0,0,0,0,0,2,1,1,1,22,5,-1,-1,-1,-1,3,1,E01023107,0
Unvalidated,2024451439538,2024,451439538,1,9,0,9,1,7,0,8,0,0,0,0,1,1,5,2,18,4,-1,-1,-1,-1,7,1,E01030738,0
Unvalidated,2024451439538,2024,451439538,2,9,0,18,5,1,0,8,0,0,0,0,4,1,5,1,34,6,-1,-1,-1,-1,3,1,E01002598,0
Unvalidated,2024451439547,2024,451439547,1,9,0,15,1,5,0,0,0,0,4,6,1,2,5,1,21,5,-1,-1,-1,-1,7,2,E01030502,0
Unvalidated,2024451439547,2024,451439547,2,98,0,18,1,5,0,0,0,0,0,0,2,1,6,1,45,7,-1,-1,-1,-1,2,1,E01001775,0
Unvalidated,2024451439613,2024,451439613,1,9,0,18,5,1,0,0,1,0,5,0,3,1,6,1,41,7,-1,-1,-1,-1,3,1,E01002560,0
Unvalidated,2024451439649,2024,451439649,1,9,0,18,3,7,0,1,0,0,8,5,1,1,5,2,72,10,-1,-1,-1,-1,9,1,E01030987,0
Unvalidated,2024451439669,2024,451439669,1,97,0,4,1,5,0,0,0,0,0,0,1,1,5,1,19,4,-1,-1,-1,-1,9,1,E01031000,0
Unvalidated,2024451439669,2024,451439669,2,97,0,4,1,5,0,0,5,0,0,0,2,1,5,2,31,6,-1,-1,-1,-1,7,3,E01030502,0
Unvalidated,2024451439672,2024,451439672,1,9,0,4,6,2,0,1,0,10,0,0,1,1,5,2,36,7,-1,-1,-1,-1,10,1,E01030691,0
Unvalidated,2024451439672,2024,451439672,2,9,0,3,6,2,0,1,0,0,0,0,2,1,5,2,47,8,-1,-1,-1,-1,9,1,E01030687,0
Unvalidated,2024451439672,2024,451439672,3,9,0,3,6,2,0,4,0,0,0,0,2,1,5,2,50,8,-1,-1,-1,-1,9,1,E01030334,0
Unvalidated,2024451439689,2024,451439689,1,9,0,18,4,8,0,0,0,0,0,0,1,1,5,1,28,6,-1,-1,-1,-1,6,3,E01017827,0
Unvalidated,2024451439689,2024,451439689,2,9,0,18,8,4,0,0,0,0,0,0,1,1,5,2,47,8,-1,-1,-1,-1,10,1,E01030436,0
Unvalidated,2024451439762,2024,451439762,1,1,0,18,5,1,0,0,0,0,0,0,1,1,5,1,42,7,-1,-1,-1,-1,9,1,E01016196,0
Unvalidated,2024451439862,2024,451439862,1,9,0,3,5,1,3,0,0,99,0,0,2,1,5,2,49,8,-1,-1,-1,-1,7,3,E01030569,0
Unvalidated,2024451439862,2024,451439862,2,98,0,18,1,5,0,0,0,0,0,0,1,1,6,3,50,8,-1,-1,-1,-1,-1,-1,-1,0
Unvalidated,2024451439906,2024,451439906,1,9,0,18,3,7,0,0,0,0,0,0,1,1,3,2,34,6,-1,-1,-1,-1,6,1,E01030842,0
Unvalidated,2024451439906,2024,451439906,2,9,0,2,0,0,0,0,0,0,0,0,1,1,6,3,-1,-1,-1,-1,-1,-1,-1,-1,-1,0
Unvalidated,2024451439921,2024,451439921,1,9,0,5,1,5,0,8,0,0,0,0,3,1,6,1,66,10,-1,-1,-1,-1,5,1,E01030481,0
Unvalidated,2024451440022,2024,451440022,1,9,0,18,8,4,0,0,0,0,0,0,1,1,5,2,48,8,-1,-1,-1,-1,10,1,E01030377,0
Unvalidated,2024451440025,2024,451440025,1,9,0,18,1,5,0,8,0,0,0,0,1,1,2,1,60,9,-1,-1,-1,-1,7,1,E01003003,0
Unvalidated,2024451440025,2024,451440025,2,9,0,12,4,8,0,4,0,0,0,0,3,1,2,1,61,9,-1,-1,-1,-1,6,1,E01002565,0
Unvalidated,2024451440028,2024,451440028,1,9,0,18,5,1,0,2,0,0,0,0,1,1,5,2,67,10,-1,-1,-1,-1,9,1,E01001107,0
Unvalidated,2024451440028,2024,451440028,2,9,0,3,1,5,0,1,0,0,0,0,3,1,1,1,38,7,-1,-1,-1,-1,3,1,E01031548,0
Unvalidated,2024451440165,2024,451440165,1,1,0,18,1,1,9,0,0,0,0,0,2,1,6,1,14,3,-1,-1,-1,-1,-1,-1,-1,0
Unvalidated,2024451440248,2024,451440248,1,9,0,4,5,1,9,0,0,0,0,0,1,1,6,1,53,8,-1,-1,-1,-1,9,1,E01030315,0
Unvalidated,2024451440293,2024,451440293,1,9,0,4,1,3,0,0,0,0,1,0,2,1,6,1,30,6,-1,-1,-1,-1,10,3,E01030878,0
Unvalidated,2024451440293,2024,451440293,2,9,0,5,1,2,0,0,0,0,1,0,1,1,6,2,30,6,-1,-1,-1,-1,-1,-1,-1,0
Unvalidated,2024451440338,2024,451440338,1,21,0,18,1,4,0,0,0,0,0,0,3,1,1,1,50,8,-1,-1,-1,-1,3,1,E01030901,0
Unvalidated,2024451440375,2024,451440375,1,97,0,4,1,5,0,0,0,0,0,0,2,1,5,1,18,4,-1,-1,-1,-1,6,1,E01031839,0
Unvalidated,2024451440375,2024,451440375,2,97,0,4,1,5,0,0,0,0,0,0,1,1,5,1,21,5,-1,-1,-1,-1,4,1,E01016855,0
Unvalidated,2024451440376,2024,451440376,1,9,0,9,1,5,0,8,0,0,0,0,2,1,5,1,61,9,-1,-1,-1,-1,9,2,E01030781,0
Unvalidated,2024451440376,2024,451440376,2,9,0,4,1,5,0,8,0,0,0,0,1,1,2,2,38,7,-1,-1,-1,-1,10,2,E01030499,0
Unvalidated,2024451440436,2024,451440436,1,9,0,18,3,7,0,1,0,0,0,0,4,1,1,1,44,7,-1,-1,-1,-1,4,1,E01002594,0
Unvalidated,2024451440436,2024,451440436,2,9,0,18,5,1,0,1,0,0,0,0,1,1,5,1,52,8,-1,-1,-1,-1,10,1,E01030623,0
Unvalidated,2024451440436,2024,451440436,3,10,0,2,6,7,0,2,0,0,1,0,3,1,6,3,-1,-1,-1,-1,-1,-1,-1,-1,-1,0
Unvalidated,2024451440439,2024,451440439,1,9,0,18,5,1,0,0,0,0,0,0,1,1,5,2,36,7,-1,-1,-1,-1,7,1,E01023098,0
Unvalidated,2024451440470,2024,451440470,1,1,0,18,3,7,0,8,0,0,0,0,4,1,2,1,36,7,-1,-1,-1,-1,9,1,E01030317,0
Unvalidated,2024451440470,2024,451440470,2,9,0,5,5,1,0,4,0,0,0,0,3,1,6,2,19,4,-1,-1,-1,-1,10,1,E01030314,0
Unvalidated,2024451440488,2024,451440488,1,9,0,18,7,7,0,0,0,0,7,11,1,1,5,2,76,11,-1,-1,-1,-1,7,3,E01030466,0
Unvalidated,2024451440581,2024,451440581,1,9,0,18,1,5,0,0,0,0,0,0,2,1,1,1,51,8,-1,-1,-1,-1,7,1,E01000812,0
Unvalidated,2024451440581,2024,451440581,2,9,0,18,1,5,0,0,0,0,0,0,1,1,2,2,22,5,-1,-1,-1,-1,2,1,E01003150,0
Unvalidated,2024451440615,2024,451440615,1,9,0,2,0,0,0,8,0,0,0,0,2,1,6,1,30,6,-1,-1,-1,-1,-1,-1,-1,0
Unvalidated,2024451440615,2024,451440615,2,9,0,18,1,5,0,8,0,0,0,0,1,1,6,1,30,6,-1,-1,-1,-1,-1,-1,-1,0
Unvalidated,2024451440804,2024,451440804,1,1,0,9,1,1,0,4,0,0,0,0,1,1,4,1,15,3,-1,-1,-1,-1,7,1,E01030652,0
Unvalidated,2024451440804,2024,451440804,2,9,0,10,1,1,0,4,0,0,0,0,3,1,6,2,48,8,-1,-1,-1,-1,10,1,E01030680,0
Unvalidated,2024451440864,2024,451440864,1,9,0,18,1,5,0,0,0,0,0,0,1,1,2,2,46,8,-1,-1,-1,-1,6,1,E01031688,0
Unvalidated,2024451440864,2024,451440864,2,9,0,18,5,1,0,0,0,0,0,0,1,1,5,2,52,8,-1,-1,-1,-1,1,1,E01005123,0
Unvalidated,2024451440908,2024,451440908,1,9,0,4,3,1,0,1,0,0,0,0,1,1,6,1,19,4,-1,-1,-1,-1,8,3,E01030825,0
Unvalidated,2024451440908,2024,451440908,2,9,0,18,5,1,0,1,0,0,0,0,2,1,6,1,48,8,-1,-1,-1,-1,10,2,E01031718,0
Unvalidated,2024451440926,2024,451440926,1,9,0,12,1,5,0,0,1,0,7,1,1,1,5,2,24,5,-1,-1,-1,-1,3,1,E01023120,0
Unvalidated,2024451440926,2024,451440926,2,9,0,4,1,5,0,0,1,0,0,0,2,1,2,1,42,7,-1,-1,-1,-1,8,3,E01022604,0
Unvalidated,2024451440926,2024,451440926,3,98,0,18,1,5,0,0,0,0,0,0,1,1,1,1,43,7,-1,-1,-1,-1,5,1,E01030464,0
Unvalidated,2024451440933,2024,451440933,1,98,0,18,6,2,0,1,0,0,0,0,1,1,5,1,34,6,-1,-1,-1,-1,10,1,E01030331,0
Unvalidated,2024451440933,2024,451440933,2,9,0,3,2,6,0,2,1,0,0,0,1,1,5,1,24,5,-1,-1,-1,-1,9,1,E01030301,0
Unvalidated,2024451440933,2024,451440933,3,98,0,3,2,6,0,8,0,0,0,0,1,1,2,1,17,4,-1,-1,-1,-1,5,1,E01030310,0
Unvalidated,2024451440967,2024,451440967,1,97,0,18,5,1,0,1,0,0,0,0,1,1,5,1,74,10,-1,-1,-1,-1,6,1,E01030570,0
Unvalidated,2024451440970,2024,451440970,1,9,0,4,6,2,0,1,1,0,0,0,1,1,5,1,65,9,-1,-1,-1,-1,3,1,E01030793,0
Unvalidated,2024451440970,2024,451440970,2,9,0,18,6,2,0,1,0,0,0,0,2,1,1,1,69,10,-1,-1,-1,-1,5,1,E01030719,0
Unvalidated,2024451440970,2024,451440970,3,9,0,4,6,2,0,1,0,0,0,0,2,1,6,3,45,7,-1,-1,-1,-1,-1,-1,-1,0
Unvalidated,2024451440974,2024,451440974,1,9,0,9,2,8,0,6,0,0,0,0,1,1,5,2,59,9,-1,-1,-1,-1,3,1,E01002595,0
Unvalidated,2024451440974,2024,451440974,2,97,0,13,8,4,0,1,0,0,0,0,1,1,5,1,26,6,-1,-1,-1,-1,5,1,E01002619,0
Unvalidated,2024451440988,2024,451440988,1,9,0,18,4,8,0,1,0,0,0,0,1,1,5,2,33,6,-1,-1,-1,-1,10,1,E01030343,0