status,collision_index,collision_year,collision_reference,vehicle_reference,vehicle_type,towing_and_articulation,vehicle_manoeuvre,vehicle_direction_from,vehicle_direction_to,vehicle_location_restricted_lane,junction_location,skidding_and_overturning,hit_object_in_carriageway,vehicle_leaving_carriageway,hit_object_off_carriageway,first_point_of_impact,vehicle_left_hand_drive,journey_purpose_of_driver,sex_of_driver,age_of_driver,age_band_of_driver,engine_capacity_cc,propulsion_code,age_of_vehicle,generic_make_model,driver_imd_decile,driver_home_area_type,lsoa_of_driver,escooter_flag
Unvalidated,2024451440988,2024,451440988,2,9,0,18,2,6,0,6,0,0,0,0,4,1,6,1,21,5,-1,-1,-1,-1,5,1,E01030971,0
Unvalidated,2024451441255,2024,451441255,1,9,0,18,3,7,9,1,0,0,1,11,1,1,3,2,45,7,-1,-1,-1,-1,9,1,E01030715,0
Unvalidated,2024451441292,2024,451441292,1,9,0,18,3,7,0,4,0,6,8,7,3,1,4,2,30,6,-1,-1,-1,-1,10,1,E01030790,0
Unvalidated,2024451441292,2024,451441292,2,9,0,8,3,7,0,8,0,6,0,0,1,1,5,2,68,10,-1,-1,-1,-1,10,1,E01030804,0
Unvalidated,2024451441343,2024,451441343,1,9,0,18,3,7,0,0,0,0,0,0,1,1,5,2,38,7,-1,-1,-1,-1,8,2,E01030405,0
Unvalidated,2024451441343,2024,451441343,2,9,0,18,7,3,0,0,0,0,0,0,1,1,2,2,21,5,-1,-1,-1,-1,8,2,E01030405,0
Unvalidated,2024451441349,2024,451441349,1,9,0,18,8,4,0,0,1,0,0,0,1,1,5,1,47,8,-1,-1,-1,-1,5,1,E01030656,0
Unvalidated,2024451441349,2024,451441349,2,9,0,18,5,1,0,0,0,0,0,0,3,1,5,1,57,9,-1,-1,-1,-1,5,1,E01002636,0
Unvalidated,2024451441349,2024,451441349,3,9,0,9,5,3,0,0,0,0,0,0,0,1,5,1,25,5,-1,-1,-1,-1,10,1,E01000684,0
Unvalidated,2024451441376,2024,451441376,1,9,0,18,1,5,0,2,0,0,0,0,3,1,1,1,77,11,-1,-1,-1,-1,8,1,E01030575,0
Unvalidated,2024451441376,2024,451441376,2,98,0,18,1,5,0,1,0,0,0,0,1,1,1,1,28,6,-1,-1,-1,-1,6,1,E01031636,0
Unvalidated,2024451441435,2024,451441435,1,9,0,13,1,5,0,1,5,0,1,4,1,1,5,1,18,4,-1,-1,-1,-1,10,3,E01030940,0
Unvalidated,2024451441435,2024,451441435,2,9,0,18,1,5,0,2,0,0,0,0,1,1,2,1,44,7,-1,-1,-1,-1,3,1,E01030952,0
Unvalidated,2024451441435,2024,451441435,3,98,1,18,5,1,0,2,1,0,1,9,1,1,1,1,54,8,-1,-1,-1,-1,10,1,E01030727,0
Unvalidated,2024451441482,2024,451441482,1,9,0,5,5,1,0,0,0,0,0,0,2,1,5,1,43,7,-1,-1,-1,-1,10,1,E01030396,0
Unvalidated,2024451441482,2024,451441482,2,97,0,18,5,1,0,0,0,0,0,0,1,1,5,1,19,4,-1,-1,-1,-1,9,1,E01002996,0
Unvalidated,2024451441505,2024,451441505,1,9,0,3,1,5,0,0,0,0,0,0,-1,1,6,1,18,4,-1,-1,-1,-1,10,1,E01030907,0
Unvalidated,2024451441505,2024,451441505,2,9,0,3,5,1,0,0,0,0,0,0,-1,1,6,3,35,6,-1,-1,-1,-1,-1,-1,-1,0
Unvalidated,2024451441536,2024,451441536,1,9,0,18,-1,-1,0,0,0,0,0,0,3,1,5,1,39,7,-1,-1,-1,-1,3,1,E01030400,0
Unvalidated,2024451441536,2024,451441536,2,19,0,-1,-1,-1,0,0,0,0,0,0,-1,1,6,1,50,8,-1,-1,-1,-1,-1,-1,-1,0
Unvalidated,2024451441539,2024,451441539,1,97,0,15,5,1,0,0,0,0,7,9,1,1,5,1,40,7,-1,-1,-1,-1,10,1,E01024150,0
Unvalidated,2024451441539,2024,451441539,2,9,0,4,1,5,0,0,0,0,0,0,1,1,5,2,53,8,-1,-1,-1,-1,10,1,E01030839,0
Unvalidated,2024451441541,2024,451441541,1,9,0,18,3,7,0,1,5,4,0,0,4,1,5,2,84,11,-1,-1,-1,-1,10,1,E01030348,0
Unvalidated,2024451441541,2024,451441541,2,9,0,2,0,0,0,1,0,0,0,0,2,1,6,3,-1,-1,-1,-1,-1,-1,-1,-1,-1,0
Unvalidated,2024451441541,2024,451441541,3,9,0,2,3,7,0,2,0,0,0,0,4,1,6,3,-1,-1,-1,-1,-1,-1,-1,-1,-1,0
Unvalidated,2024451441544,2024,451441544,1,9,0,18,1,5,0,0,1,10,0,0,4,2,5,1,76,11,-1,-1,-1,-1,8,3,E01030302,0
Unvalidated,2024451441544,2024,451441544,2,1,0,18,2,6,0,0,5,0,0,0,2,1,5,1,27,6,-1,-1,-1,-1,5,1,E01003054,0
Unvalidated,2024451441544,2024,451441544,3,9,0,18,2,6,0,0,0,0,0,0,3,2,5,2,61,9,-1,-1,-1,-1,9,1,E01030298,0
Unvalidated,2024451441559,2024,451441559,1,19,0,18,3,7,9,2,0,0,0,0,2,1,6,3,40,7,-1,-1,-1,-1,-1,-1,-1,0
Unvalidated,2024451441575,2024,451441575,1,1,0,18,3,7,5,1,0,0,0,0,1,1,5,1,34,6,-1,-1,-1,-1,6,1,E01004493,0
Unvalidated,2024451441575,2024,451441575,2,9,0,18,5,1,0,1,0,0,0,0,1,1,6,1,45,7,-1,-1,-1,-1,-1,-1,-1,0
Unvalidated,2024451441633,2024,451441633,1,97,0,18,7,3,0,1,0,0,0,0,2,1,1,1,44,7,-1,-1,-1,-1,8,1,E01030449,0
Unvalidated,2024451441633,2024,451441633,2,9,0,4,6,2,0,1,0,0,0,0,2,1,5,1,39,7,-1,-1,-1,-1,8,1,E01030972,0
Unvalidated,2024451441635,2024,451441635,1,9,0,18,5,1,9,0,0,0,0,0,4,1,5,1,72,10,-1,-1,-1,-1,5,1,E01023139,0
Unvalidated,2024451441650,2024,451441650,1,3,0,18,1,5,0,0,0,0,0,0,4,1,5,1,47,8,-1,-1,-1,-1,8,1,E01030659,0
Unvalidated,2024451441650,2024,451441650,2,9,0,9,1,5,0,0,0,0,0,0,3,1,6,1,22,5,-1,-1,-1,-1,-1,-1,-1,0
Unvalidated,2024451441656,2024,451441656,1,9,0,4,3,5,0,0,0,0,7,10,1,1,5,2,68,10,-1,-1,-1,-1,10,1,E01016603,0
Unvalidated,2024451441661,2024,451441661,1,9,0,1,6,8,0,1,0,0,7,11,2,1,5,2,89,11,-1,-1,-1,-1,9,3,E01030822,0
Unvalidated,2024451441661,2024,451441661,2,9,0,18,8,4,0,1,0,0,0,0,1,1,5,2,60,9,-1,-1,-1,-1,10,2,E01030821,0
Unvalidated,2024451441663,2024,451441663,1,1,0,18,7,3,0,2,1,11,0,0,3,1,5,1,62,9,-1,-1,-1,-1,10,3,E01030418,0
Unvalidated,2024451441695,2024,451441695,1,9,0,7,5,1,9,0,1,7,7,0,3,1,5,2,48,8,-1,-1,-1,-1,10,1,E01030996,0
Unvalidated,2024451441760,2024,451441760,1,9,0,18,8,4,0,8,0,0,0,0,4,1,5,2,70,10,-1,-1,-1,-1,8,1,E01002922,0
Unvalidated,2024451441760,2024,451441760,2,8,0,18,2,6,0,6,0,0,0,0,1,1,1,1,60,9,-1,-1,-1,-1,-1,-1,-1,0
Unvalidated,2024451441788,2024,451441788,1,9,0,18,7,3,0,0,0,0,0,0,2,1,5,1,25,5,-1,-1,-1,-1,1,1,E01014638,0
Unvalidated,2024451441788,2024,451441788,2,9,0,18,7,3,0,0,0,0,0,0,2,1,5,2,18,4,-1,-1,-1,-1,4,1,E01001609,0
Unvalidated,2024451441788,2024,451441788,3,9,0,18,7,3,0,0,0,0,0,0,2,1,6,3,35,6,-1,-1,-1,-1,-1,-1,-1,0
Unvalidated,2024451441838,2024,451441838,1,9,0,9,1,5,0,1,0,0,0,0,0,1,6,1,32,6,-1,-1,-1,-1,4,1,E01015509,0
Unvalidated,2024451441838,2024,451441838,2,1,0,18,5,1,0,1,0,0,0,0,0,1,6,1,51,8,-1,-1,-1,-1,7,1,E01001226,0
Unvalidated,2024451441912,2024,451441912,1,9,0,9,3,7,0,0,0,0,0,0,1,1,5,1,41,7,-1,-1,-1,-1,-1,-1,-1,0
Unvalidated,2024451441912,2024,451441912,2,9,0,18,5,2,0,0,0,0,0,0,3,1,5,1,60,9,-1,-1,-1,-1,2,1,E01013129,0
Unvalidated,2024451441933,2024,451441933,1,9,0,5,1,5,0,1,0,0,0,0,2,1,5,1,23,5,-1,-1,-1,-1,6,1,E01030748,0
Unvalidated,2024451441933,2024,451441933,2,9,0,5,8,7,0,6,0,0,0,0,1,1,5,1,25,5,-1,-1,-1,-1,6,1,E01002602,0
Unvalidated,2024451441955,2024,451441955,1,9,0,7,5,8,0,2,0,0,7,0,4,1,5,1,22,5,-1,-1,-1,-1,6,1,E01027213,0
Unvalidated,2024451441955,2024,451441955,2,9,0,18,3,7,0,1,0,0,0,0,4,2,5,1,62,9,-1,-1,-1,-1,9,1,E01030334,0
Unvalidated,2024451441964,2024,451441964,1,9,0,18,7,3,0,0,0,0,0,0,4,1,5,1,29,6,-1,-1,-1,-1,2,2,E01006249,0
Unvalidated,2024451441964,2024,451441964,2,1,0,5,1,5,0,0,0,0,0,0,3,1,2,2,37,7,-1,-1,-1,-1,6,1,E01030665,0
Unvalidated,2024451442001,2024,451442001,1,97,0,18,3,7,0,0,5,0,0,0,1,1,2,1,23,5,-1,-1,-1,-1,7,1,E01023098,0
Unvalidated,2024451442001,2024,451442001,2,90,0,18,3,7,0,0,0,0,0,0,2,1,2,1,36,7,-1,-1,-1,-1,6,1,E01030767,0
Unvalidated,2024451442087,2024,451442087,1,1,0,18,1,5,0,0,0,99,7,0,2,1,5,1,15,3,-1,-1,-1,-1,3,1,E01030547,0
Unvalidated,2024451442087,2024,451442087,2,9,-1,18,1,5,0,0,2,0,0,0,1,1,6,3,30,6,-1,-1,-1,-1,-1,-1,-1,0
Unvalidated,2024451442279,2024,451442279,1,9,0,2,1,5,99,0,0,99,0,0,2,1,5,1,38,7,-1,-1,-1,-1,6,1,E01001253,0
Unvalidated,2024451442279,2024,451442279,2,9,0,3,1,5,0,0,0,0,0,0,1,1,6,3,41,7,-1,-1,-1,-1,-1,-1,-1,0
Unvalidated,2024451442294,2024,451442294,1,98,0,7,3,7,0,8,0,0,0,0,1,1,1,1,36,7,-1,-1,-1,-1,6,2,E01031676,0
Unvalidated,2024451442294,2024,451442294,2,9,0,18,1,4,0,8,0,10,7,6,4,1,5,2,65,9,-1,-1,-1,-1,10,1,E01030581,0
Unvalidated,2024451442311,2024,451442311,1,9,0,18,6,8,0,0,0,0,0,0,1,1,2,1,28,6,-1,-1,-1,-1,6,1,E01030957,0
Unvalidated,2024451442311,2024,451442311,2,9,0,18,8,4,0,0,0,0,0,0,1,1,5,2,76,11,-1,-1,-1,-1,10,1,E01030998,0
Unvalidated,2024451442360,2024,451442360,1,9,0,4,1,5,0,0,0,0,0,0,2,1,5,2,48,8,-1,-1,-1,-1,8,1,E01030611,0
Unvalidated,2024451442360,2024,451442360,2,9,0,18,1,5,0,0,1,0,0,0,1,1,6,1,40,7,-1,-1,-1,-1,-1,-1,-1,0
Unvalidated,2024451442370,2024,451442370,1,9,0,18,5,1,0,0,0,0,0,0,2,1,5,2,25,5,-1,-1,-1,-1,9,1,E01030696,0
Unvalidated,2024451442370,2024,451442370,2,9,0,4,7,3,5,0,0,0,0,0,2,1,5,1,62,9,-1,-1,-1,-1,5,1,E01030974,0
Unvalidated,2024451442387,2024,451442387,1,9,0,18,1,5,0,0,0,0,0,0,1,1,1,1,30,6,-1,-1,-1,-1,4,1,E01004526,0
Unvalidated,2024451442387,2024,451442387,2,9,0,2,0,0,6,0,0,0,0,0,2,1,6,3,-1,-1,-1,-1,-1,-1,-1,-1,-1,0
Unvalidated,2024451442387,2024,451442387,3,9,0,2,0,0,0,0,0,0,0,0,2,1,6,3,-1,-1,-1,-1,-1,-1,-1,-1,-1,0
Unvalidated,2024451442387,2024,451442387,4,9,0,18,1,5,0,0,0,0,0,0,4,1,5,2,40,7,-1,-1,-1,-1,8,1,E01003420,0
Unvalidated,2024451442429,2024,451442429,1,9,0,18,3,1,0,0,0,0,0,0,1,1,6,1,69,10,-1,-1,-1,-1,9,1,E01030947,0
Unvalidated,2024451442429,2024,451442429,2,9,0,2,5,1,0,0,0,0,0,0,1,1,5,2,67,10,-1,-1,-1,-1,10,1,E01030436,0
Unvalidated,2024451442429,2024,451442429,3,9,0,18,3,1,0,0,0,0,0,0,0,1,6,3,52,8,-1,-1,-1,-1,-1,-1,-1,0
Unvalidated,2024451442434,2024,451442434,1,98,0,9,4,6,0,8,0,0,0,0,1,1,1,1,38,7,-1,-1,-1,-1,8,1,E01030950,0
Unvalidated,2024451442434,2024,451442434,2,97,0,18,3,7,0,8,1,10,1,10,1,1,5,1,55,8,-1,-1,-1,-1,7,1,E01030684,0
Unvalidated,2024451442497,2024,451442497,1,3,0,18,3,7,0,1,0,0,0,0,3,1,1,1,32,6,-1,-1,-1,-1,10,1,E01030604,0
Unvalidated,2024451442497,2024,451442497,2,9,9,10,7,5,0,1,0,0,0,0,1,1,6,2,21,5,-1,-1,-1,-1,-1,-1,-1,0
Unvalidated,2024451442510,2024,451442510,1,3,0,99,7,3,99,0,9,99,0,0,9,1,2,1,30,6,-1,-1,-1,-1,4,1,E01002603,0
Unvalidated,2024451442510,2024,451442510,2,9,9,99,3,7,99,0,9,99,0,0,1,1,6,3,30,6,-1,-1,-1,-1,-1,-1,-1,0
Unvalidated,2024451442526,2024,451442526,1,9,0,18,6,2,0,1,0,0,0,0,1,1,6,2,65,9,-1,-1,-1,-1,10,1,E01030581,0
Unvalidated,2024451442526,2024,451442526,2,1,0,18,4,8,9,1,0,0,0,0,4,1,6,3,14,3,-1,-1,-1,-1,-1,-1,-1,0
Unvalidated,2024451442738,2024,451442738,1,1,0,18,1,5,0,0,2,0,0,0,3,1,2,2,57,9,-1,-1,-1,-1,5,3,W01000060,0
Unvalidated,2024451442738,2024,451442738,2,9,3,18,1,5,0,0,0,0,0,0,4,1,6,1,31,6,-1,-1,-1,-1,9,1,E01030545,0
Unvalidated,2024451442806,2024,451442806,1,9,0,5,1,1,0,1,0,0,0,0,2,1,1,1,28,6,-1,-1,-1,-1,4,1,E01024373,0
Unvalidated,2024451442806,2024,451442806,2,9,0,18,3,1,0,1,0,0,0,0,1,1,6,3,16,4,-1,-1,-1,-1,-1,-1,-1,0
Unvalidated,2024451442825,2024,451442825,1,3,0,18,5,1,0,0,0,0,0,0,1,1,2,2,35,6,-1,-1,-1,-1,6,1,E01023143,0
Unvalidated,2024451442825,2024,451442825,2,9,0,10,1,5,0,0,0,0,0,0,1,1,6,2,25,5,-1,-1,-1,-1,-1,-1,-1,0
Unvalidated,2024451442961,2024,451442961,1,9,0,9,4,1,0,1,0,0,0,0,3,1,5,1,47,8,-1,-1,-1,-1,8,1,E01030845,0
Unvalidated,2024451442961,2024,451442961,2,9,0,18,5,1,0,1,0,0,0,0,1,2,5,1,75,10,-1,-1,-1,-1,8,3,E01030529,0
Unvalidated,2024451442961,2024,451442961,3,97,0,18,1,5,0,1,2,0,0,0,1,1,5,1,64,9,-1,-1,-1,-1,6,3,E01030524,0
Unvalidated,2024451442996,2024,451442996,1,9,0,18,5,1,0,0,0,0,0,0,1,1,6,1,29,6,-1,-1,-1,-1,5,1,E01031600,0
Unvalidated,2024451443346,2024,451443346,1,9,0,18,6,2,0,0,0,0,1,7,1,1,5,1,80,11,-1,-1,-1,-1,10,1,E01025615,0
Unvalidated,2024451443346,2024,451443346,2,9,0,18,3,7,0,0,0,0,0,0,2,1,5,1,62,9,-1,-1,-1,-1,8,1,E01003404,0
Unvalidated,2024451443403,2024,451443403,1,97,0,18,5,1,0,0,0,0,0,0,2,1,1,1,33,6,-1,-1,-1,-1,10,1,E01030437,0
Unvalidated,2024451443403,2024,451443403,2,9,0,18,5,1,0,0,0,0,0,0,1,1,1,1,24,5,-1,-1,-1,-1,7,1,E01030469,0
Unvalidated,2024451443421,2024,451443421,1,9,0,9,6,4,0,0,0,0,0,0,1,1,5,2,53,8,-1,-1,-1,-1,5,1,E01030609,0
Unvalidated,2024451443421,2024,451443421,2,97,0,18,2,6,0,0,2,0,0,0,1,1,2,1,56,9,-1,-1,-1,-1,7,1,E01030410,0
Unvalidated,2024451443437,2024,451443437,1,9,0,5,-1,-1,0,6,0,0,0,0,0,1,5,2,17,4,-1,-1,-1,-1,9,1,E01030772,0
Unvalidated,2024451443437,2024,451443437,2,1,0,18,1,5,9,1,0,0,0,0,1,1,5,2,13,3,-1,-1,-1,-1,9,1,E01030772,0
Unvalidated,2024451443463,2024,451443463,1,9,0,18,3,5,0,1,1,10,7,11,1,1,5,1,37,7,-1,-1,-1,-1,6,1,E01030399,0
Unvalidated,2024451443463,2024,451443463,2,9,0,8,5,1,0,1,1,10,0,0,3,1,5,1,31,6,-1,-1,-1,-1,4,1,E01030383,0
Unvalidated,2024451443533,2024,451443533,1,98,0,18,1,4,0,0,0,0,1,2,1,1,6,1,65,9,-1,-1,-1,-1,4,1,E01030304,0
Unvalidated,2024451443614,2024,451443614,1,9,0,18,5,1,0,3,0,0,0,0,1,1,3,1,17,4,-1,-1,-1,-1,4,1,E01030650,0
Unvalidated,2024451443614,2024,451443614,2,9,0,18,5,1,0,3,0,0,0,0,2,1,2,2,36,7,-1,-1,-1,-1,10,1,E01030661,0
Unvalidated,2024451443708,2024,451443708,1,9,0,18,7,3,0,0,0,0,0,0,4,1,5,1,76,11,-1,-1,-1,-1,10,1,E01030642,0
Unvalidated,2024451443708,2024,451443708,2,9,0,5,3,7,0,0,0,0,7,11,4,1,3,2,35,6,-1,-1,-1,-1,4,1,E01030608,0
Unvalidated,2024451443753,2024,451443753,1,9,0,18,5,1,0,0,0,0,0,0,1,1,2,2,52,8,-1,-1,-1,-1,-1,3,-1,0
Unvalidated,2024451443753,2024,451443753,2,9,0,18,1,5,0,0,0,0,0,0,1,1,5,1,24,5,-1,-1,-1,-1,1,1,E01012038,0
Unvalidated,2024451443768,2024,451443768,1,9,0,10,4,6,0,5,0,0,0,0,2,1,6,2,54,8,-1,-1,-1,-1,9,3,E01030761,0
Unvalidated,2024451443768,2024,451443768,2,9,0,18,5,6,0,1,0,0,0,0,1,1,6,1,50,8,-1,-1,-1,-1,-1,-1,-1,0
Unvalidated,2024451444087,2024,451444087,1,9,0,5,5,1,0,5,0,0,0,0,1,1,5,1,34,6,-1,-1,-1,-1,4,1,E01030745,0
Unvalidated,2024451444127,2024,451444127,1,1,0,2,5,1,0,0,0,0,1,0,0,1,6,1,55,8,-1,-1,-1,-1,9,3,E01030492,0
Unvalidated,2024451444150,2024,451444150,1,9,0,18,3,7,0,0,0,0,0,0,3,1,3,1,47,8,-1,-1,-1,-1,9,1,E01030716,0
Unvalidated,2024451444150,2024,451444150,2,9,0,15,6,2,0,0,0,0,0,0,1,1,3,2,26,6,-1,-1,-1,-1,6,1,E01030736,0
Unvalidated,2024451444198,2024,451444198,1,9,0,18,5,1,0,2,0,0,1,11,1,1,5,2,43,7,-1,-1,-1,-1,10,1,E01030967,0
Unvalidated,2024451444198,2024,451444198,2,9,0,2,0,0,6,1,0,0,0,0,3,1,6,3,-1,-1,-1,-1,-1,-1,-1,-1,-1,0
Unvalidated,2024451444199,2024,451444199,1,9,0,4,1,5,0,0,0,0,0,0,2,1,1,1,60,9,-1,-1,-1,-1,2,1,E01001528,0
Unvalidated,2024451444199,2024,451444199,2,9,0,18,4,8,0,0,0,0,0,0,1,1,1,1,32,6,-1,-1,-1,-1,4,1,E01000242,0
Unvalidated,2024451444199,2024,451444199,3,9,0,5,7,3,0,0,0,0,0,0,3,1,6,1,29,6,-1,-1,-1,-1,4,1,E01002425,0
Unvalidated,2024451444205,2024,451444205,1,9,0,3,4,8,0,0,0,0,0,0,4,1,2,1,63,9,-1,-1,-1,-1,4,1,E01030496,0
Unvalidated,2024451444205,2024,451444205,2,1,0,18,4,8,0,0,0,0,1,0,3,1,6,1,45,7,-1,-1,-1,-1,-1,-1,-1,0
Unvalidated,2024451444208,2024,451444208,1,1,0,18,4,5,0,1,0,0,1,0,4,1,5,2,52,8,-1,-1,-1,-1,10,1,E01030831,0
Unvalidated,2024451444208,2024,451444208,2,9,0,9,4,5,0,1,0,0,0,0,3,1,6,2,50,8,-1,-1,-1,-1,8,3,E01030838,0
Unvalidated,2024451444216,2024,451444216,1,9,0,18,6,2,0,0,0,0,1,0,1,1,5,1,40,7,-1,-1,-1,-1,10,1,E01022851,0
Unvalidated,2024451444216,2024,451444216,2,9,0,18,6,2,0,0,0,0,0,0,2,1,1,1,27,6,-1,-1,-1,-1,8,1,E01023136,0
Unvalidated,2024451444226,2024,451444226,1,9,0,18,3,7,0,1,0,0,1,0,1,1,6,3,-1,-1,-1,-1,-1,-1,-1,-1,-1,0
Unvalidated,2024451444226,2024,451444226,2,9,0,3,3,7,0,1,0,0,0,0,4,1,2,1,38,7,-1,-1,-1,-1,9,3,E01021208,0
Unvalidated,2024451444226,2024,451444226,3,9,0,3,3,7,0,1,0,0,0,0,2,1,5,1,61,9,-1,-1,-1,-1,3,1,E01024103,0
Unvalidated,2024451444226,2024,451444226,4,9,0,3,3,7,0,1,0,0,0,0,4,1,5,2,71,10,-1,-1,-1,-1,10,1,E01031706,0
Unvalidated,2024451444226,2024,451444226,5,9,0,3,3,7,0,1,0,0,0,0,2,1,2,1,36,7,-1,-1,-1,-1,7,1,E01030520,0
Unvalidated,2024451444262,2024,451444262,1,9,0,18,1,1,0,0,0,0,0,0,1,1,5,2,23,5,-1,-1,-1,-1,3,1,E01017227,0
Unvalidated,2024451444262,2024,451444262,2,9,0,18,1,1,0,0,0,0,0,0,2,1,6,3,30,6,-1,-1,-1,-1,-1,-1,-1,0
Unvalidated,2024451444264,2024,451444264,1,9,0,18,3,7,6,8,0,7,0,0,3,1,2,1,39,7,-1,-1,-1,-1,4,1,E01003098,0
Unvalidated,2024451444264,2024,451444264,2,98,0,7,5,2,0,5,0,0,0,0,1,1,6,1,38,7,-1,-1,-1,-1,6,1,E01030563,0
Unvalidated,2024451444306,2024,451444306,1,9,0,18,6,2,0,0,2,0,1,4,3,1,5,1,26,6,-1,-1,-1,-1,4,1,E01017071,0
Unvalidated,2024451444327,2024,451444327,1,9,0,4,1,5,0,0,0,0,0,0,3,1,2,1,34,6,-1,-1,-1,-1,6,1,E01023140,0
Unvalidated,2024451444355,2024,451444355,1,97,0,18,3,7,0,0,5,10,7,10,1,1,6,1,27,6,-1,-1,-1,-1,7,1,E01030465,0
Unvalidated,2024451444412,2024,451444412,1,9,-1,-1,1,5,-1,0,-1,-1,-1,0,-1,1,6,1,-1,-1,-1,-1,-1,-1,-1,-1,-1,0
Unvalidated,2024451444466,2024,451444466,1,1,0,18,1,3,0,0,0,0,0,0,0,1,6,1,49,8,-1,-1,-1,-1,9,1,E01030646,0
Unvalidated,2024451444466,2024,451444466,2,9,0,18,1,3,0,0,0,0,0,0,4,1,6,3,30,6,-1,-1,-1,-1,-1,-1,-1,0
Unvalidated,2024451444769,2024,451444769,1,9,0,9,3,7,0,6,0,0,0,0,1,1,5,2,46,8,-1,-1,-1,-1,7,1,E01033568,0
Unvalidated,2024451444769,2024,451444769,2,1,0,18,3,7,0,1,0,0,0,0,1,1,5,1,65,9,-1,-1,-1,-1,8,1,E01003807,0
Unvalidated,2024451444799,2024,451444799,1,22,0,5,5,1,0,6,0,0,0,0,4,1,5,1,89,11,-1,-1,-1,-1,9,1,E01030733,0
Unvalidated,2024451444799,2024,451444799,2,9,0,18,3,7,0,1,0,0,0,0,3,1,5,1,52,8,-1,-1,-1,-1,8,1,E01030732,0
Unvalidated,2024451444837,2024,451444837,1,9,0,9,5,2,0,8,0,0,0,0,3,1,6,1,66,10,-1,-1,-1,-1,6,2,E01030524,0
Unvalidated,2024451444837,2024,451444837,2,97,0,18,1,5,0,1,0,0,0,0,1,1,5,1,23,5,-1,-1,-1,-1,5,2,E01031614,0
Unvalidated,2024451444935,2024,451444935,1,9,0,18,1,5,9,8,0,0,7,7,1,1,5,1,19,4,-1,-1,-1,-1,10,1,E01030635,0
Unvalidated,2024451445096,2024,451445096,1,9,0,9,1,1,99,4,0,0,0,0,4,1,2,1,50,8,-1,-1,-1,-1,7,1,E01030738,0
Unvalidated,2024451445096,2024,451445096,2,9,0,18,1,1,99,4,0,0,0,0,4,1,6,3,30,6,-1,-1,-1,-1,-1,-1,-1,0
Unvalidated,2024451445215,2024,451445215,1,9,0,5,2,8,0,2,0,0,1,0,1,1,5,1,45,7,-1,-1,-1,-1,10,1,E01030837,0
Unvalidated,2024451445256,2024,451445256,1,9,0,4,1,5,6,0,0,0,0,0,1,1,1,1,36,7,-1,-1,-1,-1,10,1,E01030435,0
Unvalidated,2024451445256,2024,451445256,2,9,0,4,1,5,6,0,0,0,0,0,2,1,1,1,53,8,-1,-1,-1,-1,8,3,E01030478,0
Unvalidated,2024451445256,2024,451445256,3,9,0,4,1,5,6,0,0,0,0,0,2,1,1,1,38,7,-1,-1,-1,-1,10,1,E01030435,0
Unvalidated,2024451445453,2024,451445453,1,9,0,18,1,5,0,8,0,0,0,0,1,1,2,2,42,7,-1,-1,-1,-1,4,1,E01001148,0
Unvalidated,2024451445453,2024,451445453,2,9,0,18,1,5,0,8,0,0,0,0,1,1,1,1,46,8,-1,-1,-1,-1,6,1,E01024729,0
Unvalidated,2024451445499,2024,451445499,1,9,0,11,1,5,0,3,0,0,0,0,4,1,2,2,38,7,-1,-1,-1,-1,6,1,E01030667,0
Unvalidated,2024451445499,2024,451445499,2,9,0,12,3,5,0,3,0,0,0,0,3,1,6,1,47,8,-1,-1,-1,-1,-1,-1,-1,0
Unvalidated,2024451445617,2024,451445617,1,9,0,5,5,3,0,6,0,0,7,0,3,1,2,2,47,8,-1,-1,-1,-1,4,1,E01031551,0
Unvalidated,2024451445617,2024,451445617,2,9,0,18,3,7,0,1,0,0,0,0,1,1,1,1,36,7,-1,-1,-1,-1,6,1,E01030570,0
Unvalidated,2024451445640,2024,451445640,1,9,0,18,4,8,0,0,1,0,1,2,1,1,5,1,22,5,-1,-1,-1,-1,9,1,E01030413,0
Unvalidated,2024451445651,2024,451445651,1,9,0,5,1,5,9,0,0,0,1,10,1,2,5,2,71,10,-1,-1,-1,-1,7,1,E01030423,0
Unvalidated,2024451445734,2024,451445734,1,3,0,99,1,1,99,0,2,0,0,0,4,1,1,1,44,7,-1,-1,-1,-1,4,1,E01030676,0
Unvalidated,2024451445734,2024,451445734,2,9,0,99,1,1,99,0,0,0,0,0,3,2,6,1,35,6,-1,-1,-1,-1,7,1,E01016504,0
Unvalidated,2024451445787,2024,451445787,1,9,0,18,7,3,0,0,0,0,1,0,1,1,5,1,77,11,-1,-1,-1,-1,10,1,E01030998,0
Unvalidated,2024451446031,2024,451446031,1,1,0,18,7,3,9,0,0,0,0,0,1,1,6,1,45,7,-1,-1,-1,-1,-1,-1,-1,0
Unvalidated,2024451446648,2024,451446648,1,90,0,18,1,5,0,0,2,0,0,0,4,1,6,1,12,3,-1,-1,-1,-1,9,1,E01030976,0
Unvalidated,2024451446648,2024,451446648,2,9,0,18,7,3,0,0,0,0,0,0,1,1,6,2,30,6,-1,-1,-1,-1,-1,-1,-1,0
Unvalidated,2024451446700,2024,451446700,1,9,0,9,1,2,0,8,0,0,0,0,4,1,5,1,57,9,-1,-1,-1,-1,10,1,E01030408,0