status,collision_index,collision_year,collision_reference,vehicle_reference,vehicle_type,towing_and_articulation,vehicle_manoeuvre,vehicle_direction_from,vehicle_direction_to,vehicle_location_restricted_lane,junction_location,skidding_and_overturning,hit_object_in_carriageway,vehicle_leaving_carriageway,hit_object_off_carriageway,first_point_of_impact,vehicle_left_hand_drive,journey_purpose_of_driver,sex_of_driver,age_of_driver,age_band_of_driver,engine_capacity_cc,propulsion_code,age_of_vehicle,generic_make_model,driver_imd_decile,driver_home_area_type,lsoa_of_driver,escooter_flag
Unvalidated,2024451446700,2024,451446700,2,9,0,18,1,5,0,8,0,0,0,0,1,1,5,1,39,7,-1,-1,-1,-1,9,1,E01000656,0
Unvalidated,2024451446736,2024,451446736,1,9,0,18,1,5,0,1,0,0,0,0,4,1,5,2,73,10,-1,-1,-1,-1,10,1,E01030632,0
Unvalidated,2024451446758,2024,451446758,1,9,0,5,5,5,0,0,0,0,0,0,2,1,2,2,27,6,-1,-1,-1,-1,8,1,E01030552,0
Unvalidated,2024451446758,2024,451446758,2,9,0,2,0,0,0,0,0,0,0,0,2,1,6,3,-1,-1,-1,-1,-1,-1,-1,-1,-1,0
Unvalidated,2024451447064,2024,451447064,1,9,0,9,2,6,0,6,0,0,0,0,4,1,3,2,38,7,-1,-1,-1,-1,6,1,E01030649,0
Unvalidated,2024451447064,2024,451447064,2,97,0,13,1,5,0,1,0,0,0,0,1,1,2,1,26,6,-1,-1,-1,-1,9,1,E01030660,0
Unvalidated,2024451447209,2024,451447209,1,1,0,18,6,2,9,1,2,0,0,0,1,1,5,2,51,8,-1,-1,-1,-1,-1,-1,-1,0
Unvalidated,2024451447242,2024,451447242,1,9,0,18,1,5,0,2,0,0,0,0,1,1,1,1,37,7,-1,-1,-1,-1,8,1,E01004195,0
Unvalidated,2024451447251,2024,451447251,1,97,0,18,5,1,0,0,5,12,0,0,1,1,5,1,60,9,-1,-1,-1,-1,8,1,E01004193,0
Unvalidated,2024451447281,2024,451447281,1,1,0,18,3,1,0,0,5,8,0,0,4,1,5,1,68,10,-1,-1,-1,-1,-1,-1,-1,0
Unvalidated,2024451447281,2024,451447281,2,9,0,2,3,1,0,0,0,0,0,0,3,1,6,1,55,8,-1,-1,-1,-1,9,1,E01030731,0
Unvalidated,2024451447313,2024,451447313,1,1,0,18,3,7,0,0,2,0,0,0,0,1,5,1,74,10,-1,-1,-1,-1,10,1,E01030809,0
Unvalidated,2024451447313,2024,451447313,2,98,0,13,3,7,0,0,0,0,0,0,4,1,6,1,35,6,-1,-1,-1,-1,-1,-1,-1,0
Unvalidated,2024451447331,2024,451447331,1,9,0,18,1,4,0,4,0,0,0,0,1,1,5,2,38,7,-1,-1,-1,-1,4,1,E01030383,0
Unvalidated,2024451447331,2024,451447331,2,1,0,18,8,4,0,3,5,0,0,0,4,1,5,1,16,4,-1,-1,-1,-1,9,1,E01030401,0
Unvalidated,2024451447339,2024,451447339,1,9,0,18,7,3,0,0,0,0,0,0,1,1,5,1,76,11,-1,-1,-1,-1,10,3,E01024325,0
Unvalidated,2024451447339,2024,451447339,2,9,0,4,7,3,0,0,0,0,0,0,2,1,5,1,72,10,-1,-1,-1,-1,9,1,E01030582,0
Unvalidated,2024451447339,2024,451447339,3,9,0,4,1,5,0,0,0,0,0,0,2,1,5,1,45,7,-1,-1,-1,-1,4,1,E01003758,0
Unvalidated,2024451447339,2024,451447339,4,9,0,4,5,1,0,0,0,0,0,0,2,1,6,1,30,6,-1,-1,-1,-1,6,1,E01022679,0
Unvalidated,2024451447414,2024,451447414,1,9,0,18,3,7,0,1,0,0,0,0,1,1,5,2,71,10,-1,-1,-1,-1,9,1,E01030625,0
Unvalidated,2024451447414,2024,451447414,2,9,0,18,5,1,0,1,0,0,0,0,1,1,5,2,34,6,-1,-1,-1,-1,6,1,E01030755,0
Unvalidated,2024451447414,2024,451447414,3,9,0,3,3,5,0,6,0,0,0,0,1,1,5,2,56,9,-1,-1,-1,-1,8,1,E01030630,0
Unvalidated,2024451447415,2024,451447415,1,9,0,18,4,8,0,0,0,0,0,0,1,1,5,2,18,4,-1,-1,-1,-1,10,1,E01030804,0
Unvalidated,2024451447589,2024,451447589,1,3,9,3,5,1,99,0,0,0,0,0,9,1,5,1,26,6,-1,-1,-1,-1,9,3,E01016575,0
Unvalidated,2024451447589,2024,451447589,2,9,9,1,1,5,99,0,0,0,0,0,2,1,6,2,30,6,-1,-1,-1,-1,-1,-1,-1,0
Unvalidated,2024451447645,2024,451447645,1,1,0,18,3,1,9,8,0,0,0,0,0,1,3,1,12,3,-1,-1,-1,-1,7,1,E01023109,0
Unvalidated,2024451447645,2024,451447645,2,9,0,18,1,3,9,8,0,0,0,0,1,1,6,2,40,7,-1,-1,-1,-1,-1,-1,-1,0
Unvalidated,2024451447712,2024,451447712,1,1,0,18,1,5,0,0,2,0,0,0,1,1,5,1,18,4,-1,-1,-1,-1,9,1,E01030334,0
Unvalidated,2024451447712,2024,451447712,2,9,0,18,1,5,0,0,0,0,0,0,0,1,6,1,-1,-1,-1,-1,-1,-1,-1,-1,-1,0
Unvalidated,2024451447712,2024,451447712,3,9,0,2,-1,-1,0,0,0,0,0,0,2,1,6,3,-1,-1,-1,-1,-1,-1,-1,-1,-1,0
Unvalidated,2024451447898,2024,451447898,1,9,0,3,7,3,0,0,0,0,0,0,2,1,5,1,65,9,-1,-1,-1,-1,3,1,E01000984,0
Unvalidated,2024451447898,2024,451447898,2,9,0,18,7,3,0,0,0,0,0,0,1,1,6,1,-1,-1,-1,-1,-1,-1,3,1,E01032581,0
Unvalidated,2024451447971,2024,451447971,1,9,0,18,2,6,0,0,0,0,0,0,1,1,5,1,70,10,-1,-1,-1,-1,9,1,E01030394,0
Unvalidated,2024451447971,2024,451447971,2,9,0,2,2,6,0,0,0,0,0,0,3,1,1,1,24,5,-1,-1,-1,-1,6,1,E01030737,0
Unvalidated,2024451447971,2024,451447971,3,9,0,2,2,6,0,0,0,0,0,0,2,1,6,3,-1,-1,-1,-1,-1,-1,-1,-1,-1,0
Unvalidated,2024451447999,2024,451447999,1,97,0,18,3,7,0,0,0,0,0,0,1,1,2,1,33,6,-1,-1,-1,-1,10,1,E01030776,0
Unvalidated,2024451447999,2024,451447999,2,9,0,9,7,5,0,0,0,0,0,0,4,1,5,1,65,9,-1,-1,-1,-1,10,2,E01022878,0
Unvalidated,2024451448065,2024,451448065,1,1,9,2,3,1,0,0,0,0,1,0,1,1,5,1,44,7,-1,-1,-1,-1,9,1,E01002994,0
Unvalidated,2024451448065,2024,451448065,2,9,0,10,3,1,0,0,0,0,1,0,3,1,6,1,45,7,-1,-1,-1,-1,9,1,E01030301,0
Unvalidated,2024451448117,2024,451448117,1,9,0,18,5,1,0,0,0,0,0,0,1,1,5,1,55,8,-1,-1,-1,-1,6,2,E01030765,0
Unvalidated,2024451448117,2024,451448117,2,1,0,18,1,5,0,0,0,0,0,0,1,1,5,1,14,3,-1,-1,-1,-1,6,2,E01030765,0
Unvalidated,2024451448138,2024,451448138,1,9,0,18,3,7,0,0,1,4,1,0,1,1,5,1,45,7,-1,-1,-1,-1,8,1,E01030648,0
Unvalidated,2024451448138,2024,451448138,2,9,0,2,0,0,0,0,1,0,0,0,2,1,6,3,-1,-1,-1,-1,-1,-1,-1,-1,-1,0
Unvalidated,2024451448212,2024,451448212,1,9,0,18,5,1,0,0,0,0,0,0,2,1,5,2,50,8,-1,-1,-1,-1,4,1,E01030709,0
Unvalidated,2024451448212,2024,451448212,2,9,0,18,5,1,0,0,0,0,0,0,1,1,1,1,55,8,-1,-1,-1,-1,6,1,E01002628,0
Unvalidated,2024451448212,2024,451448212,3,9,0,18,5,1,0,0,0,0,0,0,1,1,2,2,39,7,-1,-1,-1,-1,8,1,E01030698,0
Unvalidated,2024451448212,2024,451448212,4,9,0,18,5,1,0,0,0,0,0,0,0,1,6,1,23,5,-1,-1,-1,-1,-1,-1,-1,0
Unvalidated,2024451448236,2024,451448236,1,9,0,18,7,3,9,2,0,0,7,11,1,1,5,2,81,11,-1,-1,-1,-1,10,1,E01030624,0
Unvalidated,2024451448289,2024,451448289,1,9,0,18,7,3,0,0,0,0,0,0,1,1,5,2,44,7,-1,-1,-1,-1,10,1,E01022661,0
Unvalidated,2024451448289,2024,451448289,2,9,0,18,7,3,0,0,0,0,0,0,2,1,5,1,26,6,-1,-1,-1,-1,-1,-1,-1,0
Unvalidated,2024451448291,2024,451448291,1,9,0,18,4,8,0,1,0,0,0,0,1,1,5,1,22,5,-1,-1,-1,-1,8,1,E01030954,0
Unvalidated,2024451448291,2024,451448291,2,9,0,18,2,6,0,1,0,0,0,0,1,1,6,2,30,6,-1,-1,-1,-1,9,1,E01030991,0
Unvalidated,2024451448306,2024,451448306,1,98,0,11,1,5,0,0,0,0,0,0,1,1,1,1,73,10,-1,-1,-1,-1,3,1,E01021185,0
Unvalidated,2024451448306,2024,451448306,2,9,0,18,1,5,0,0,0,0,0,0,2,1,5,1,39,7,-1,-1,-1,-1,9,1,E01001104,0
Unvalidated,2024451448306,2024,451448306,3,9,0,18,1,5,0,0,0,0,0,0,1,1,5,1,54,8,-1,-1,-1,-1,6,1,E01002204,0
Unvalidated,2024451448316,2024,451448316,1,9,0,18,1,5,0,0,0,0,0,0,2,1,6,1,54,8,-1,-1,-1,-1,9,1,E01030742,0
Unvalidated,2024451448316,2024,451448316,2,9,0,18,1,5,0,0,0,0,0,0,1,1,6,3,30,6,-1,-1,-1,-1,-1,-1,-1,0
Unvalidated,2024451448320,2024,451448320,1,9,0,18,4,2,0,0,2,0,2,10,4,1,2,2,27,6,-1,-1,-1,-1,6,1,E01030426,0
Unvalidated,2024451448417,2024,451448417,1,9,0,10,3,7,0,2,0,0,0,0,1,1,6,1,20,4,-1,-1,-1,-1,7,3,E01030515,0
Unvalidated,2024451448417,2024,451448417,2,9,0,18,1,5,0,1,0,0,0,0,1,1,1,1,52,8,-1,-1,-1,-1,5,1,E01031577,0
Unvalidated,2024451448464,2024,451448464,1,9,0,18,1,3,0,0,0,0,0,0,1,1,6,1,74,10,-1,-1,-1,-1,4,1,E01030709,0
Unvalidated,2024451448480,2024,451448480,1,9,0,18,7,6,0,1,0,0,0,0,3,1,5,2,56,9,-1,-1,-1,-1,4,1,E01030364,0
Unvalidated,2024451448480,2024,451448480,2,23,0,7,4,8,0,8,1,0,0,0,0,1,5,1,11,3,-1,-1,-1,-1,4,1,E01030364,0
Unvalidated,2024451448557,2024,451448557,1,9,0,5,1,5,0,1,0,10,0,0,4,1,2,2,27,6,-1,-1,-1,-1,-1,-1,-1,0
Unvalidated,2024451448557,2024,451448557,2,9,0,18,5,1,0,1,0,0,0,0,1,1,5,2,42,7,-1,-1,-1,-1,10,2,E01022587,0
Unvalidated,2024451448603,2024,451448603,1,9,0,4,7,3,0,0,0,0,0,0,2,1,5,2,39,7,-1,-1,-1,-1,-1,-1,-1,0
Unvalidated,2024451448603,2024,451448603,2,98,0,18,7,3,0,0,1,0,0,0,1,1,6,1,40,7,-1,-1,-1,-1,-1,-1,-1,0
Unvalidated,2024451448677,2024,451448677,1,9,0,18,4,8,0,1,0,0,0,0,1,1,5,1,26,6,-1,-1,-1,-1,3,1,E01013929,0
Unvalidated,2024451448677,2024,451448677,2,9,0,18,4,8,0,1,0,0,0,0,2,1,5,2,34,6,-1,-1,-1,-1,8,1,E01030390,0
Unvalidated,2024451448766,2024,451448766,1,9,0,18,8,8,0,8,0,0,1,3,3,1,5,1,23,5,-1,-1,-1,-1,6,1,E01030995,0
Unvalidated,2024451448917,2024,451448917,1,9,0,9,1,1,0,5,0,0,0,0,1,1,5,1,89,11,-1,-1,-1,-1,5,2,E01022616,0
Unvalidated,2024451448955,2024,451448955,1,9,0,9,5,1,0,0,0,0,0,0,1,1,5,2,63,9,-1,-1,-1,-1,6,3,E01030819,0
Unvalidated,2024451448955,2024,451448955,2,9,0,18,1,5,0,0,0,0,0,0,1,1,2,2,18,4,-1,-1,-1,-1,6,1,E01030600,0
Unvalidated,2024451449223,2024,451449223,1,98,0,18,2,6,0,0,0,0,0,0,2,1,5,1,29,6,-1,-1,-1,-1,9,2,E01031615,0
Unvalidated,2024451449223,2024,451449223,2,97,0,18,2,6,0,0,5,0,0,0,2,1,5,1,22,5,-1,-1,-1,-1,10,1,E01016672,0
Unvalidated,2024451449223,2024,451449223,3,97,0,18,5,5,0,0,0,0,0,0,1,1,5,1,21,5,-1,-1,-1,-1,5,1,E01030787,0
Unvalidated,2024451449289,2024,451449289,1,9,0,9,3,1,0,6,0,0,0,0,3,1,1,1,48,8,-1,-1,-1,-1,3,1,E01003841,0
Unvalidated,2024451449289,2024,451449289,2,9,0,18,1,5,0,1,0,0,0,0,1,1,1,1,27,6,-1,-1,-1,-1,-1,1,-1,0
Unvalidated,2024451449519,2024,451449519,1,1,0,18,7,3,0,0,0,0,0,0,4,1,5,1,41,7,-1,-1,-1,-1,4,1,E01030914,0
Unvalidated,2024451449519,2024,451449519,2,9,0,18,1,5,0,0,0,0,0,0,1,1,6,3,-1,-1,-1,-1,-1,-1,-1,-1,-1,0
Unvalidated,2024451449570,2024,451449570,1,9,0,5,5,5,0,8,0,0,0,0,1,1,6,1,81,11,-1,-1,-1,-1,8,1,E01030848,0
Unvalidated,2024451449570,2024,451449570,2,9,0,18,7,3,0,1,0,0,0,0,1,1,6,1,49,8,-1,-1,-1,-1,3,1,E01004012,0
Unvalidated,2024451449570,2024,451449570,3,9,0,18,3,7,0,1,0,0,0,0,4,1,5,1,39,7,-1,-1,-1,-1,5,1,E01001099,0
Unvalidated,2024451449608,2024,451449608,1,9,0,4,7,3,0,0,0,0,0,0,2,1,5,1,34,6,-1,-1,-1,-1,5,1,E01020364,0
Unvalidated,2024451449608,2024,451449608,2,19,0,18,7,3,0,0,1,99,0,0,1,1,6,3,30,6,-1,-1,-1,-1,-1,-1,-1,0
Unvalidated,2024451449631,2024,451449631,1,97,0,18,3,7,0,0,0,0,0,0,0,1,6,3,24,5,-1,-1,-1,-1,-1,-1,-1,0
Unvalidated,2024451449631,2024,451449631,2,1,0,18,3,7,5,0,5,0,1,0,2,1,5,1,48,8,-1,-1,-1,-1,8,1,E01030552,0
Unvalidated,2024451449643,2024,451449643,1,97,0,18,1,1,0,0,1,0,0,0,1,1,5,1,28,6,-1,-1,-1,-1,9,1,E01030298,0
Unvalidated,2024451449651,2024,451449651,1,9,0,18,7,2,9,5,0,0,8,4,1,1,6,1,42,7,-1,-1,-1,-1,5,1,E01030484,0
Unvalidated,2024451449651,2024,451449651,2,9,0,18,7,2,0,1,0,0,0,0,0,1,1,1,29,6,-1,-1,-1,-1,9,1,E01022639,0
Unvalidated,2024451449669,2024,451449669,1,9,0,18,5,1,0,0,0,4,7,10,1,1,5,1,52,8,-1,-1,-1,-1,7,1,E01030741,0
Unvalidated,2024451449669,2024,451449669,2,9,0,2,0,0,9,0,0,4,0,0,3,1,6,3,-1,-1,-1,-1,-1,-1,-1,-1,-1,0
Unvalidated,2024451449669,2024,451449669,3,9,0,2,0,0,9,0,0,0,0,0,3,1,6,3,-1,-1,-1,-1,-1,-1,-1,-1,-1,0
Unvalidated,2024451449683,2024,451449683,1,9,0,18,7,3,0,0,5,0,2,0,4,1,6,2,74,10,-1,-1,-1,-1,10,1,E01030955,0
Unvalidated,2024451450017,2024,451450017,1,97,0,4,7,3,0,0,0,0,0,0,2,1,5,1,24,5,-1,-1,-1,-1,9,1,E01030768,0
Unvalidated,2024451450017,2024,451450017,2,9,0,18,7,3,0,0,0,0,0,0,1,1,5,2,26,6,-1,-1,-1,-1,6,1,E01023143,0
Unvalidated,2024451450057,2024,451450057,1,97,0,4,5,1,0,0,1,0,0,0,1,1,5,1,17,4,-1,-1,-1,-1,9,1,E01030660,0
Unvalidated,2024451450057,2024,451450057,2,9,0,18,5,1,0,0,0,0,0,0,1,1,5,2,36,7,-1,-1,-1,-1,6,1,E01030681,0
Unvalidated,2024451450058,2024,451450058,1,98,0,18,5,1,0,0,5,0,7,4,4,1,1,1,55,8,-1,-1,-1,-1,4,1,E01000401,0
Unvalidated,2024451450064,2024,451450064,1,9,0,12,3,7,0,5,0,0,0,0,1,1,5,1,31,6,-1,-1,-1,-1,5,1,E01002586,0
Unvalidated,2024451450064,2024,451450064,2,97,0,18,3,7,0,1,0,0,0,0,1,1,5,1,20,4,-1,-1,-1,-1,6,1,E01032462,0
Unvalidated,2024451450096,2024,451450096,1,9,0,18,8,4,0,0,5,0,2,4,1,1,5,2,62,9,-1,-1,-1,-1,10,3,E01031675,0
Unvalidated,2024451450159,2024,451450159,1,9,0,18,5,1,0,0,0,0,0,0,2,1,6,1,47,8,-1,-1,-1,-1,8,1,E01003001,0
Unvalidated,2024451450159,2024,451450159,2,9,0,18,5,1,0,0,0,0,0,0,1,1,6,2,35,6,-1,-1,-1,-1,-1,-1,-1,0
Unvalidated,2024451450190,2024,451450190,1,9,0,18,7,3,0,0,0,0,0,0,2,1,5,1,69,10,-1,-1,-1,-1,7,1,E01017889,0
Unvalidated,2024451450190,2024,451450190,2,90,0,11,8,4,0,0,0,0,0,0,1,1,6,3,45,7,-1,-1,-1,-1,-1,-1,-1,0
Unvalidated,2024451450208,2024,451450208,1,9,0,18,7,3,0,1,0,0,0,0,1,1,1,1,26,6,-1,-1,-1,-1,10,2,E01022883,0
Unvalidated,2024451450208,2024,451450208,2,9,0,4,7,3,0,1,0,0,0,0,2,1,2,1,45,7,-1,-1,-1,-1,10,1,E01022868,0
Unvalidated,2024451450208,2024,451450208,3,9,0,4,7,3,0,1,0,0,0,0,2,1,2,2,20,4,-1,-1,-1,-1,10,1,E01022863,0
Unvalidated,2024451450238,2024,451450238,1,9,0,9,3,7,0,6,0,0,0,0,1,1,5,2,57,9,-1,-1,-1,-1,8,1,E01030994,0
Unvalidated,2024451450286,2024,451450286,1,9,0,18,7,3,0,1,0,0,0,0,1,1,5,1,56,9,-1,-1,-1,-1,5,1,E01030663,0
Unvalidated,2024451450286,2024,451450286,2,1,0,18,1,5,0,1,0,0,0,0,3,1,6,1,16,4,-1,-1,-1,-1,9,1,E01030687,0
Unvalidated,2024451450312,2024,451450312,1,9,0,7,5,5,0,0,1,0,0,0,3,1,5,1,50,8,-1,-1,-1,-1,9,1,E01030605,0
Unvalidated,2024451450312,2024,451450312,2,9,0,18,1,5,0,0,0,0,0,0,1,1,1,1,25,5,-1,-1,-1,-1,-1,-1,-1,0
Unvalidated,2024451450370,2024,451450370,1,1,0,18,1,1,0,1,0,0,0,0,1,1,6,1,51,8,-1,-1,-1,-1,10,1,E01030329,0
Unvalidated,2024451450388,2024,451450388,1,9,0,18,1,5,0,0,0,0,0,0,1,1,1,1,33,6,-1,-1,-1,-1,9,1,E01031582,0
Unvalidated,2024451450388,2024,451450388,2,9,0,12,1,5,0,0,0,0,0,0,3,1,5,1,60,9,-1,-1,-1,-1,9,1,E01001119,0
Unvalidated,2024451450417,2024,451450417,1,9,0,18,4,4,0,0,1,0,0,0,2,1,6,2,54,8,-1,-1,-1,-1,10,1,E01030581,0
Unvalidated,2024451450417,2024,451450417,2,21,1,18,4,4,0,0,0,0,0,0,1,2,1,1,33,6,-1,-1,-1,-1,-1,-1,-1,0
Unvalidated,2024451450429,2024,451450429,1,9,0,9,1,5,0,4,0,0,7,0,3,1,5,2,21,5,-1,-1,-1,-1,5,1,E01030310,0
Unvalidated,2024451450429,2024,451450429,2,1,0,18,3,7,9,4,0,0,0,0,1,1,2,1,41,7,-1,-1,-1,-1,10,1,E01030355,0
Unvalidated,2024451450531,2024,451450531,1,9,0,18,6,2,0,0,0,0,0,0,2,1,2,1,36,7,-1,-1,-1,-1,3,1,E01023142,0
Unvalidated,2024451450531,2024,451450531,2,9,0,18,6,2,0,0,0,0,0,0,1,1,2,1,28,6,-1,-1,-1,-1,4,1,E01030710,0
Unvalidated,2024451450565,2024,451450565,1,97,0,18,3,7,0,1,0,0,0,0,1,1,2,1,27,6,-1,-1,-1,-1,6,1,E01030300,0
Unvalidated,2024451450565,2024,451450565,2,9,0,9,1,3,0,6,0,0,0,0,3,1,1,2,34,6,-1,-1,-1,-1,8,1,E01030347,0
Unvalidated,2024451450623,2024,451450623,1,1,0,18,-1,-1,0,0,0,0,0,0,0,1,6,1,42,7,-1,-1,-1,-1,5,1,E01030971,0
Unvalidated,2024451450623,2024,451450623,2,9,0,15,-1,-1,0,0,0,0,0,0,-1,1,6,3,40,7,-1,-1,-1,-1,-1,-1,-1,0
Unvalidated,2024451450688,2024,451450688,1,98,0,18,7,3,0,1,0,0,0,0,4,1,6,1,40,7,-1,-1,-1,-1,-1,-1,-1,0
Unvalidated,2024451450824,2024,451450824,1,9,0,18,3,7,0,8,0,0,0,0,1,1,6,2,32,6,-1,-1,-1,-1,10,1,E01024423,0
Unvalidated,2024451450824,2024,451450824,2,9,0,18,1,5,0,8,0,0,1,10,4,1,5,1,23,5,-1,-1,-1,-1,10,1,E01004180,0
Unvalidated,2024451450850,2024,451450850,1,1,0,18,6,2,0,3,0,0,1,0,2,1,5,1,46,8,-1,-1,-1,-1,9,1,E01003902,0
Unvalidated,2024451450850,2024,451450850,2,9,0,7,6,8,0,3,0,0,0,0,4,1,5,2,46,8,-1,-1,-1,-1,8,1,E01030347,0
Unvalidated,2024451450926,2024,451450926,1,9,0,18,6,2,0,0,0,0,0,0,1,1,5,2,25,5,-1,-1,-1,-1,-1,-1,-1,0
Unvalidated,2024451450926,2024,451450926,2,9,0,18,6,2,0,0,0,0,0,0,2,1,5,1,30,6,-1,-1,-1,-1,10,1,E01030670,0
Unvalidated,2024451450926,2024,451450926,3,9,0,4,1,5,0,0,0,0,0,0,2,1,3,1,54,8,-1,-1,-1,-1,9,1,E01032707,0
Unvalidated,2024451450948,2024,451450948,1,9,0,18,5,1,0,0,0,0,0,0,3,1,5,1,75,10,-1,-1,-1,-1,10,1,E01030448,0
Unvalidated,2024451450948,2024,451450948,2,9,0,18,1,7,0,0,0,0,0,0,1,1,6,1,40,7,-1,-1,-1,-1,10,3,E01030863,0
Unvalidated,2024451450955,2024,451450955,1,3,0,18,7,3,0,8,0,0,0,0,2,1,5,2,46,8,-1,-1,-1,-1,9,1,E01002976,0
Unvalidated,2024451450955,2024,451450955,2,9,0,18,7,3,0,8,0,0,0,0,1,1,6,2,65,9,-1,-1,-1,-1,10,1,E01030522,0
Unvalidated,2024451450962,2024,451450962,1,97,0,18,1,5,0,0,1,0,0,0,4,1,5,1,56,9,-1,-1,-1,-1,7,1,E01030993,0
Unvalidated,2024451450973,2024,451450973,1,9,0,7,1,7,9,3,0,10,0,0,1,1,4,2,19,4,-1,-1,-1,-1,6,1,E01033570,0
Unvalidated,2024451451015,2024,451451015,1,16,0,18,5,1,0,1,0,0,0,0,0,1,5,2,11,3,-1,-1,-1,-1,10,1,E01004154,0
Unvalidated,2024451451044,2024,451451044,1,9,0,9,3,7,0,0,0,11,8,1,1,1,2,2,25,5,-1,-1,-1,-1,5,1,E01031585,0
Unvalidated,2024451451061,2024,451451061,1,9,0,18,7,3,0,2,0,0,0,0,0,1,1,1,36,7,-1,-1,-1,-1,10,2,E01022884,0
Unvalidated,2024451451061,2024,451451061,2,97,0,13,7,3,0,2,2,10,0,0,0,1,2,1,23,5,-1,-1,-1,-1,9,1,E01016237,0
Unvalidated,2024451451147,2024,451451147,1,9,0,4,5,1,0,0,0,0,0,0,2,1,2,1,52,8,-1,-1,-1,-1,10,1,E01031735,0
Unvalidated,2024451451147,2024,451451147,2,9,0,18,5,1,0,0,0,0,0,0,1,1,2,2,37,7,-1,-1,-1,-1,7,3,E01021164,0
Unvalidated,2024451451350,2024,451451350,1,9,0,18,1,5,0,8,0,0,0,0,3,1,2,2,25,5,-1,-1,-1,-1,9,1,E01031730,0
Unvalidated,2024451451350,2024,451451350,2,9,0,18,7,3,0,1,1,11,3,1,2,1,2,1,63,9,-1,-1,-1,-1,10,1,E01031738,0
Unvalidated,2024451451350,2024,451451350,3,98,0,9,3,1,0,1,0,0,0,0,1,1,2,1,57,9,-1,-1,-1,-1,5,1,E01003316,0
Unvalidated,2024451451361,2024,451451361,1,9,0,18,1,5,0,2,0,0,0,0,1,1,2,1,23,5,-1,-1,-1,-1,10,1,E01030509,0
Unvalidated,2024451451362,2024,451451362,1,9,0,18,5,1,0,0,0,0,7,10,1,1,2,2,66,10,-1,-1,-1,-1,10,1,E01030382,0
Unvalidated,2024451451362,2024,451451362,2,98,0,18,1,5,0,0,0,0,0,0,4,1,1,1,21,5,-1,-1,-1,-1,5,1,E01023129,0
Unvalidated,2024451451377,2024,451451377,1,9,0,11,7,3,0,2,0,0,3,10,1,1,5,1,19,4,-1,-1,-1,-1,10,1,E01030340,0
Unvalidated,2024451451395,2024,451451395,1,9,0,18,1,5,0,1,0,0,0,0,1,1,6,3,54,8,-1,-1,-1,-1,3,1,E01030711,0
Unvalidated,2024451451395,2024,451451395,2,1,0,18,1,5,0,8,5,0,0,0,3,1,6,1,26,6,-1,-1,-1,-1,-1,-1,-1,0
Unvalidated,2024451451509,2024,451451509,1,9,0,5,5,1,0,0,1,0,0,0,4,1,2,1,39,7,-1,-1,-1,-1,6,1,E01030633,0
Unvalidated,2024451451739,2024,451451739,1,97,0,4,1,5,0,0,2,0,0,0,3,1,2,1,22,5,-1,-1,-1,-1,9,2,E01031719,0
Unvalidated,2024451451771,2024,451451771,1,9,0,18,5,1,0,0,0,0,0,0,2,1,2,1,29,6,-1,-1,-1,-1,5,1,E01030457,0
Unvalidated,2024451451771,2024,451451771,2,9,0,18,5,1,0,0,0,0,0,0,2,1,5,2,27,6,-1,-1,-1,-1,8,1,E01030697,0
Unvalidated,2024451451771,2024,451451771,3,9,0,18,5,1,0,0,0,0,0,0,1,1,5,1,88,11,-1,-1,-1,-1,10,1,E01030963,0
Unvalidated,2024451451776,2024,451451776,1,97,0,4,1,4,0,0,0,0,0,0,1,1,6,1,23,5,-1,-1,-1,-1,3,1,E01030385,0
Unvalidated,2024451451792,2024,451451792,1,9,0,5,5,1,0,1,0,0,0,0,1,1,2,2,26,6,-1,-1,-1,-1,3,1,E01002559,0
Unvalidated,2024451451792,2024,451451792,2,9,0,9,1,5,0,1,0,0,0,0,1,1,5,2,80,11,-1,-1,-1,-1,9,1,E01030705,0
Unvalidated,2024451451793,2024,451451793,1,9,0,-1,-1,-1,0,1,-1,-1,-1,0,-1,1,6,3,43,7,-1,-1,-1,-1,8,1,E01030686,0
Unvalidated,2024451451812,2024,451451812,1,9,0,18,3,7,0,8,1,0,1,2,1,1,5,1,26,6,-1,-1,-1,-1,7,1,E01030520,0
Unvalidated,2024451451927,2024,451451927,1,1,0,18,3,7,4,0,0,0,0,0,3,1,2,2,44,7,-1,-1,-1,-1,10,1,E01030489,0
Unvalidated,2024451451927,2024,451451927,2,9,0,7,3,3,5,0,0,0,0,0,1,1,6,1,51,8,-1,-1,-1,-1,8,3,E01031545,0
Unvalidated,2024451451955,2024,451451955,1,3,0,18,-1,-1,0,0,0,0,0,0,1,1,6,1,26,6,-1,-1,-1,-1,6,1,E01022875,0
Unvalidated,2024451451955,2024,451451955,2,9,9,1,-1,-1,0,0,0,0,0,0,2,1,6,3,57,9,-1,-1,-1,-1,-1,-1,-1,0
Unvalidated,2024451452076,2024,451452076,1,9,0,18,5,1,0,1,0,0,0,0,1,2,6,1,84,11,-1,-1,-1,-1,10,1,E01023112,0
Unvalidated,2024451452076,2024,451452076,2,9,0,18,5,1,0,1,0,0,0,0,2,1,6,1,29,6,-1,-1,-1,-1,7,1,E01030429,0