status,collision_index,collision_year,collision_reference,vehicle_reference,vehicle_type,towing_and_articulation,vehicle_manoeuvre,vehicle_direction_from,vehicle_direction_to,vehicle_location_restricted_lane,junction_location,skidding_and_overturning,hit_object_in_carriageway,vehicle_leaving_carriageway,hit_object_off_carriageway,first_point_of_impact,vehicle_left_hand_drive,journey_purpose_of_driver,sex_of_driver,age_of_driver,age_band_of_driver,engine_capacity_cc,propulsion_code,age_of_vehicle,generic_make_model,driver_imd_decile,driver_home_area_type,lsoa_of_driver,escooter_flag
Unvalidated,2024451452090,2024,451452090,1,9,0,18,3,7,0,0,0,0,0,0,3,1,5,1,21,5,-1,-1,-1,-1,1,1,E01016863,0
Unvalidated,2024451452090,2024,451452090,2,98,-1,18,-1,-1,0,0,0,0,0,0,-1,1,6,1,-1,-1,-1,-1,-1,-1,-1,-1,-1,0
Unvalidated,2024451452193,2024,451452193,1,98,0,18,1,5,0,1,0,0,0,0,1,1,5,1,21,5,-1,-1,-1,-1,5,1,E01030740,0
Unvalidated,2024451452193,2024,451452193,2,9,0,18,5,1,0,2,0,0,0,0,2,1,2,1,19,4,-1,-1,-1,-1,9,1,E01030715,0
Unvalidated,2024451452270,2024,451452270,1,9,0,18,1,5,0,1,0,0,0,0,1,1,5,2,72,10,-1,-1,-1,-1,8,1,E01030538,0
Unvalidated,2024451452270,2024,451452270,2,9,0,2,0,0,0,1,0,0,0,0,2,1,6,3,-1,-1,-1,-1,-1,-1,-1,-1,-1,0
Unvalidated,2024451452643,2024,451452643,1,90,0,18,7,3,0,0,0,0,0,0,1,2,1,1,30,6,-1,-1,-1,-1,-1,-1,-1,0
Unvalidated,2024451452643,2024,451452643,2,9,0,18,7,3,0,0,0,0,1,7,2,1,2,1,52,8,-1,-1,-1,-1,2,1,E01021278,0
Unvalidated,2024451452682,2024,451452682,1,9,0,5,8,8,0,4,0,0,0,0,2,1,5,2,62,9,-1,-1,-1,-1,4,1,E01032858,0
Unvalidated,2024451452682,2024,451452682,2,11,0,5,8,8,0,4,0,0,0,0,1,1,1,1,33,6,-1,-1,-1,-1,-1,-1,-1,0
Unvalidated,2024451452714,2024,451452714,1,97,0,13,1,4,0,8,0,0,0,0,1,1,2,1,34,6,-1,-1,-1,-1,7,1,E01030651,0
Unvalidated,2024451452714,2024,451452714,2,9,0,3,1,5,0,8,0,0,0,0,3,1,6,2,29,6,-1,-1,-1,-1,9,1,E01016180,0
Unvalidated,2024451452714,2024,451452714,3,9,0,18,1,5,0,2,0,0,0,0,4,2,2,1,36,7,-1,-1,-1,-1,-1,-1,-1,0
Unvalidated,2024451452733,2024,451452733,1,97,0,18,5,1,0,0,0,0,0,0,1,1,1,1,20,4,-1,-1,-1,-1,10,1,E01030789,0
Unvalidated,2024451452733,2024,451452733,2,9,0,18,5,1,0,0,0,0,0,0,2,1,5,1,18,4,-1,-1,-1,-1,9,3,E01016540,0
Unvalidated,2024451452739,2024,451452739,1,9,0,18,3,7,0,0,0,4,0,0,1,1,1,1,19,4,-1,-1,-1,-1,8,3,E01022532,0
Unvalidated,2024451452739,2024,451452739,2,98,0,2,0,0,0,0,0,0,0,0,2,1,5,1,28,6,-1,-1,-1,-1,3,1,E01023107,0
Unvalidated,2024451452823,2024,451452823,1,9,0,12,1,2,0,1,0,0,3,0,1,1,5,1,17,4,-1,-1,-1,-1,9,1,E01030660,0
Unvalidated,2024451452823,2024,451452823,2,97,0,18,5,1,0,1,0,0,0,0,3,1,5,1,31,6,-1,-1,-1,-1,3,1,E01002623,0
Unvalidated,2024451452886,2024,451452886,1,9,0,1,0,7,9,0,0,0,0,0,2,1,6,1,30,6,-1,-1,-1,-1,-1,-1,-1,0
Unvalidated,2024451452942,2024,451452942,1,8,0,1,3,7,5,0,0,0,0,0,2,1,6,1,30,6,-1,-1,-1,-1,-1,-1,-1,0
Unvalidated,2024451452967,2024,451452967,1,9,0,4,3,7,0,0,0,4,0,0,1,1,5,2,41,7,-1,-1,-1,-1,5,1,E01002616,0
Unvalidated,2024451452967,2024,451452967,2,9,0,2,0,0,0,0,0,0,0,0,2,1,6,3,-1,-1,-1,-1,-1,-1,-1,-1,-1,0
Unvalidated,2024451453009,2024,451453009,1,98,0,18,1,5,0,0,0,0,0,0,4,1,1,1,34,6,-1,-1,-1,-1,7,1,E01030652,0
Unvalidated,2024451453009,2024,451453009,2,1,0,18,1,5,0,0,0,0,0,0,1,1,5,2,39,7,-1,-1,-1,-1,9,1,E01030704,0
Unvalidated,2024451453026,2024,451453026,1,9,0,18,-1,-1,0,0,0,0,0,0,1,1,6,3,30,6,-1,-1,-1,-1,-1,-1,-1,0
Unvalidated,2024451453170,2024,451453170,1,1,0,14,2,5,0,1,5,0,0,0,1,1,2,1,48,8,-1,-1,-1,-1,5,1,E01030464,0
Unvalidated,2024451453170,2024,451453170,2,9,0,6,2,8,0,1,0,0,0,0,3,1,6,1,47,8,-1,-1,-1,-1,-1,-1,-1,0
Unvalidated,2024451453196,2024,451453196,1,9,0,18,1,5,0,0,2,0,0,0,1,1,5,2,77,11,-1,-1,-1,-1,7,2,E01030872,0
Unvalidated,2024451453220,2024,451453220,1,9,0,9,8,2,0,6,0,0,0,0,3,1,3,2,46,8,-1,-1,-1,-1,9,1,E01015406,0
Unvalidated,2024451453220,2024,451453220,2,1,0,18,6,6,0,1,0,0,0,0,1,1,5,1,43,7,-1,-1,-1,-1,9,1,E01004155,0
Unvalidated,2024451453271,2024,451453271,1,9,0,18,5,1,9,0,0,0,1,11,1,1,6,1,69,10,-1,-1,-1,-1,9,1,E01030785,0
Unvalidated,2024451453349,2024,451453349,1,9,0,5,3,1,0,6,0,0,0,0,0,1,6,2,47,8,-1,-1,-1,-1,4,1,E01030615,0
Unvalidated,2024451453349,2024,451453349,2,1,0,18,1,5,0,1,2,0,0,0,0,1,5,2,54,8,-1,-1,-1,-1,4,1,E01001015,0
Unvalidated,2024451453367,2024,451453367,1,9,0,18,1,5,0,0,0,0,0,0,2,1,5,1,62,9,-1,-1,-1,-1,-1,-1,-1,0
Unvalidated,2024451453367,2024,451453367,2,9,0,18,1,5,0,0,0,0,0,0,1,1,6,1,30,6,-1,-1,-1,-1,-1,-1,-1,0
Unvalidated,2024451453384,2024,451453384,1,9,0,18,2,6,0,0,0,0,1,0,1,1,6,1,64,9,-1,-1,-1,-1,6,1,E01030516,0
Unvalidated,2024451453384,2024,451453384,2,9,0,18,6,2,0,0,0,0,0,0,3,1,5,2,74,10,-1,-1,-1,-1,8,3,E01030869,0
Unvalidated,2024451453442,2024,451453442,1,97,0,18,3,7,0,0,0,0,7,0,1,1,6,1,35,6,-1,-1,-1,-1,9,2,E01030781,0
Unvalidated,2024451453442,2024,451453442,2,9,0,18,7,3,0,0,0,0,0,0,1,1,5,2,51,8,-1,-1,-1,-1,6,1,E01031144,0
Unvalidated,2024451453442,2024,451453442,3,9,0,18,3,7,0,0,0,0,0,0,0,1,6,1,30,6,-1,-1,-1,-1,6,1,E01002601,0
Unvalidated,2024451453450,2024,451453450,1,9,0,18,7,3,0,8,1,0,1,2,1,1,6,3,-1,-1,-1,-1,-1,-1,-1,-1,-1,0
Unvalidated,2024451453492,2024,451453492,1,9,0,18,5,1,0,0,0,0,0,0,1,1,2,1,26,6,-1,-1,-1,-1,10,1,E01030316,0
Unvalidated,2024451453492,2024,451453492,2,1,0,18,2,6,0,0,0,0,0,0,2,1,5,1,56,9,-1,-1,-1,-1,9,1,E01030366,0
Unvalidated,2024451453552,2024,451453552,1,9,0,5,2,6,0,4,0,0,0,0,3,1,2,1,45,7,-1,-1,-1,-1,5,1,E01030983,0
Unvalidated,2024451453570,2024,451453570,1,9,0,5,3,7,0,8,0,0,0,0,3,1,6,1,55,8,-1,-1,-1,-1,-1,-1,-1,0
Unvalidated,2024451453598,2024,451453598,1,1,0,18,8,4,0,0,0,0,0,0,4,1,5,1,45,7,-1,-1,-1,-1,10,1,E01030923,0
Unvalidated,2024451453621,2024,451453621,1,9,0,18,3,7,0,0,1,0,0,0,4,1,5,2,61,9,-1,-1,-1,-1,4,1,E01002425,0
Unvalidated,2024451453621,2024,451453621,2,98,0,18,3,7,0,0,0,0,0,0,3,1,1,3,-1,-1,-1,-1,-1,-1,-1,-1,-1,0
Unvalidated,2024451453657,2024,451453657,1,98,0,18,1,5,0,0,0,0,0,0,1,1,1,1,27,6,-1,-1,-1,-1,5,1,E01031750,0
Unvalidated,2024451453657,2024,451453657,2,9,0,18,1,5,0,0,0,0,0,0,1,1,5,1,30,6,-1,-1,-1,-1,9,1,E01030716,0
Unvalidated,2024451453657,2024,451453657,3,9,0,18,1,5,0,0,0,0,0,0,1,1,2,2,38,7,-1,-1,-1,-1,7,1,E01004552,0
Unvalidated,2024451453657,2024,451453657,4,98,0,18,1,5,0,0,0,0,0,0,2,1,1,1,53,8,-1,-1,-1,-1,5,1,E01030984,0
Unvalidated,2024451453667,2024,451453667,1,9,0,1,7,3,0,1,0,0,0,0,2,1,5,1,79,11,-1,-1,-1,-1,10,1,E01030360,0
Unvalidated,2024451453667,2024,451453667,2,9,0,18,3,7,0,2,0,0,0,0,1,1,5,2,35,6,-1,-1,-1,-1,5,1,E01030725,0
Unvalidated,2024451453795,2024,451453795,1,1,0,18,1,5,0,1,0,0,0,0,1,1,5,2,31,6,-1,-1,-1,-1,2,1,E01003179,0
Unvalidated,2024451453795,2024,451453795,2,9,0,10,1,5,0,6,0,0,0,0,3,1,6,2,44,7,-1,-1,-1,-1,10,1,E01030369,0
Unvalidated,2024451453865,2024,451453865,1,9,0,18,4,8,0,1,0,0,0,0,1,1,5,2,30,6,-1,-1,-1,-1,6,1,E01030721,0
Unvalidated,2024451453898,2024,451453898,1,97,0,13,1,3,0,8,0,0,0,0,1,1,6,2,30,6,-1,-1,-1,-1,6,3,E01004108,0
Unvalidated,2024451453898,2024,451453898,2,9,0,18,1,3,0,8,0,0,0,0,1,1,6,2,34,6,-1,-1,-1,-1,9,1,E01030644,0
Unvalidated,2024451453960,2024,451453960,1,9,0,7,5,1,0,0,0,0,0,0,2,1,1,1,59,9,-1,-1,-1,-1,-1,-1,-1,0
Unvalidated,2024451453960,2024,451453960,2,90,0,18,5,1,0,0,0,0,0,0,1,1,1,1,49,8,-1,-1,-1,-1,6,3,E01031516,0
Unvalidated,2024451454101,2024,451454101,1,9,0,18,1,1,0,0,0,0,0,0,2,1,1,2,44,7,-1,-1,-1,-1,2,1,E01002604,0
Unvalidated,2024451454101,2024,451454101,2,97,0,18,6,2,0,0,5,0,0,0,1,1,5,1,33,6,-1,-1,-1,-1,2,1,E01003120,0
Unvalidated,2024451454175,2024,451454175,1,1,0,14,-1,-1,0,0,0,0,0,0,4,1,2,1,46,8,-1,-1,-1,-1,7,3,E01030864,0
Unvalidated,2024451454175,2024,451454175,2,9,0,5,-1,-1,0,0,0,99,0,0,3,1,6,3,-1,-1,-1,-1,-1,-1,-1,-1,-1,0
Unvalidated,2024451454176,2024,451454176,1,9,0,9,4,5,0,8,0,0,0,0,1,1,2,1,51,8,-1,-1,-1,-1,6,1,E01030973,0
Unvalidated,2024451454176,2024,451454176,2,3,0,18,5,1,0,1,1,0,0,0,4,1,5,1,22,5,-1,-1,-1,-1,8,1,E01030485,0
Unvalidated,2024451454187,2024,451454187,1,9,0,18,3,7,0,0,0,0,0,0,3,1,5,1,64,9,-1,-1,-1,-1,8,1,E01030622,0
Unvalidated,2024451454187,2024,451454187,2,97,0,13,7,3,0,0,5,7,0,0,1,1,5,1,61,9,-1,-1,-1,-1,10,1,E01004104,0
Unvalidated,2024451454199,2024,451454199,1,1,0,16,2,1,0,0,0,0,0,0,3,1,5,1,63,9,-1,-1,-1,-1,10,1,E01030903,0
Unvalidated,2024451454199,2024,451454199,2,9,0,16,2,1,0,0,0,0,0,0,4,1,6,1,40,7,-1,-1,-1,-1,-1,-1,-1,0
Unvalidated,2024451454304,2024,451454304,1,3,0,18,1,3,0,3,5,0,0,0,4,1,6,1,33,6,-1,-1,-1,-1,10,1,E01030395,0
Unvalidated,2024451454304,2024,451454304,2,9,0,18,3,7,0,4,0,0,0,0,1,1,6,2,-1,-1,-1,-1,-1,-1,-1,-1,-1,0
Unvalidated,2024451454320,2024,451454320,1,1,0,18,2,6,0,0,0,0,0,0,1,1,5,1,49,8,-1,-1,-1,-1,10,1,E01030353,0
Unvalidated,2024451454320,2024,451454320,2,9,0,5,4,8,0,0,0,0,0,0,3,1,6,3,30,6,-1,-1,-1,-1,-1,-1,-1,0
Unvalidated,2024451454516,2024,451454516,1,9,0,9,6,2,0,2,0,0,0,0,3,1,2,2,19,4,-1,-1,-1,-1,10,1,E01003822,0
Unvalidated,2024451454516,2024,451454516,2,9,0,18,1,5,0,8,0,0,3,0,1,1,5,1,38,7,-1,-1,-1,-1,6,1,E01002943,0
Unvalidated,2024451454518,2024,451454518,1,1,0,18,3,7,0,0,2,0,0,0,0,1,2,1,33,6,-1,-1,-1,-1,7,1,E01002579,0
Unvalidated,2024451454518,2024,451454518,2,9,0,18,5,1,0,0,0,0,0,0,0,1,2,2,30,6,-1,-1,-1,-1,-1,-1,-1,0
Unvalidated,2024451454542,2024,451454542,1,9,0,18,5,1,0,0,2,0,1,0,1,1,5,1,59,9,-1,-1,-1,-1,8,2,E01030877,0
Unvalidated,2024451454542,2024,451454542,2,9,0,11,3,3,0,0,0,0,0,0,3,1,1,1,48,8,-1,-1,-1,-1,-1,-1,-1,0
Unvalidated,2024451454560,2024,451454560,1,97,0,18,5,1,0,0,0,0,7,0,1,1,5,1,19,4,-1,-1,-1,-1,8,1,E01030972,0
Unvalidated,2024451454560,2024,451454560,2,11,0,18,5,1,0,0,0,0,0,0,2,1,1,1,39,7,-1,-1,-1,-1,9,1,E01016553,0
Unvalidated,2024451454589,2024,451454589,1,98,0,4,6,1,0,0,0,0,0,0,1,1,5,1,33,6,-1,-1,-1,-1,7,1,E01004156,0
Unvalidated,2024451454589,2024,451454589,2,9,0,4,6,1,0,0,0,0,0,0,2,1,5,1,30,6,-1,-1,-1,-1,6,2,E01030524,0
Unvalidated,2024451454590,2024,451454590,1,9,0,6,3,7,0,0,0,0,0,0,3,1,5,1,27,6,-1,-1,-1,-1,-1,2,-1,0
Unvalidated,2024451454590,2024,451454590,2,97,0,13,3,7,0,0,0,0,0,0,1,1,5,1,18,4,-1,-1,-1,-1,7,2,E01024430,0
Unvalidated,2024451454842,2024,451454842,1,9,0,5,1,4,0,4,0,0,0,0,1,1,2,1,58,9,-1,-1,-1,-1,10,1,E01030341,0
Unvalidated,2024451454842,2024,451454842,2,1,0,18,7,3,0,4,0,0,0,0,1,1,6,1,27,6,-1,-1,-1,-1,10,1,E01030349,0
Unvalidated,2024451454902,2024,451454902,1,9,0,18,7,3,9,1,0,0,1,0,1,1,5,1,80,11,-1,-1,-1,-1,10,1,E01030507,0
Unvalidated,2024451455098,2024,451455098,1,97,0,15,1,5,0,8,0,0,0,0,3,1,2,2,21,5,-1,-1,-1,-1,8,1,E01030884,0
Unvalidated,2024451455098,2024,451455098,2,9,0,11,7,3,0,8,0,0,0,0,4,1,2,2,20,4,-1,-1,-1,-1,9,1,E01030890,0
Unvalidated,2024451455128,2024,451455128,1,98,0,4,4,1,0,0,0,0,0,0,2,1,1,1,53,8,-1,-1,-1,-1,10,1,E01030638,0
Unvalidated,2024451455128,2024,451455128,2,9,0,4,4,1,0,0,0,0,0,0,1,1,1,1,64,9,-1,-1,-1,-1,3,1,E01003372,0
Unvalidated,2024451455265,2024,451455265,1,97,0,18,5,1,0,0,0,0,0,0,1,1,2,1,25,5,-1,-1,-1,-1,-1,-1,-1,0
Unvalidated,2024451455265,2024,451455265,2,98,0,18,2,6,0,0,0,0,0,0,2,1,2,1,22,5,-1,-1,-1,-1,10,1,E01022853,0
Unvalidated,2024451455329,2024,451455329,1,9,0,10,1,6,0,5,0,0,0,0,3,1,5,1,48,8,-1,-1,-1,-1,10,1,E01030454,0
Unvalidated,2024451455329,2024,451455329,2,9,0,18,1,5,0,1,1,7,1,0,1,1,5,2,42,7,-1,-1,-1,-1,5,1,E01030974,0
Unvalidated,2024451455329,2024,451455329,3,97,0,18,1,5,0,1,2,0,7,0,1,1,5,1,22,5,-1,-1,-1,-1,10,1,E01030541,0
Unvalidated,2024451455335,2024,451455335,1,98,0,18,1,1,0,0,0,0,0,0,1,1,1,1,35,6,-1,-1,-1,-1,2,1,E01000789,0
Unvalidated,2024451455335,2024,451455335,2,9,0,18,1,1,0,0,0,0,0,0,2,1,5,2,37,7,-1,-1,-1,-1,10,1,E01024330,0
Unvalidated,2024451455384,2024,451455384,1,3,9,13,1,3,0,8,0,0,0,0,0,1,2,1,41,7,-1,-1,-1,-1,8,1,E01030949,0
Unvalidated,2024451455384,2024,451455384,2,9,9,9,1,3,0,8,0,0,0,0,3,1,6,2,30,6,-1,-1,-1,-1,-1,-1,-1,0
Unvalidated,2024451455469,2024,451455469,1,9,0,18,7,3,0,0,1,0,0,0,1,1,6,2,25,5,-1,-1,-1,-1,8,1,E01030722,0
Unvalidated,2024451455469,2024,451455469,2,9,0,7,7,3,0,0,0,0,0,0,2,1,5,1,43,7,-1,-1,-1,-1,8,1,E01002993,0
Unvalidated,2024451455470,2024,451455470,1,98,0,18,2,6,0,0,0,0,2,7,1,1,1,1,39,7,-1,-1,-1,-1,4,1,E01017110,0
Unvalidated,2024451455502,2024,451455502,1,9,0,5,5,2,0,8,0,0,1,1,2,1,1,1,31,6,-1,-1,-1,-1,3,1,E01002585,0
Unvalidated,2024451455502,2024,451455502,2,9,0,18,3,7,0,7,1,0,1,11,1,1,2,1,23,5,-1,-1,-1,-1,5,1,E01002556,0
Unvalidated,2024451455503,2024,451455503,1,98,0,18,3,7,0,0,0,0,0,0,1,1,2,1,26,6,-1,-1,-1,-1,8,1,E01030335,0
Unvalidated,2024451455503,2024,451455503,2,9,0,18,7,3,0,0,0,0,0,0,3,1,5,1,68,10,-1,-1,-1,-1,8,1,E01030313,0
Unvalidated,2024451455505,2024,451455505,1,1,0,4,3,7,99,6,0,0,0,0,3,1,2,1,18,4,-1,-1,-1,-1,4,1,E01030702,0
Unvalidated,2024451455505,2024,451455505,2,9,0,7,3,7,99,6,0,0,0,0,1,1,6,1,30,6,-1,-1,-1,-1,-1,-1,-1,0
Unvalidated,2024451455515,2024,451455515,1,9,0,2,7,3,9,0,0,0,0,0,1,1,5,1,65,9,-1,-1,-1,-1,10,1,E01030392,0
Unvalidated,2024451455515,2024,451455515,2,9,0,18,3,7,0,0,0,0,0,0,1,1,5,1,87,11,-1,-1,-1,-1,10,1,E01030642,0
Unvalidated,2024451455533,2024,451455533,1,9,0,5,7,3,0,2,0,0,0,0,1,1,5,2,26,6,-1,-1,-1,-1,6,1,E01023065,0
Unvalidated,2024451455533,2024,451455533,2,9,0,18,1,5,0,1,0,0,1,11,1,1,1,1,42,7,-1,-1,-1,-1,7,1,E01003820,0
Unvalidated,2024451455636,2024,451455636,1,9,0,18,7,3,0,1,0,99,0,0,3,1,5,2,56,9,-1,-1,-1,-1,10,1,E01030775,0
Unvalidated,2024451455636,2024,451455636,2,97,0,13,7,3,0,1,2,99,7,99,9,1,6,1,30,6,-1,-1,-1,-1,-1,-1,-1,0
Unvalidated,2024451455651,2024,451455651,1,9,0,18,1,5,0,0,0,0,0,0,1,1,6,1,35,6,-1,-1,-1,-1,6,1,E01002639,0
Unvalidated,2024451455651,2024,451455651,2,98,0,18,5,1,0,0,0,0,0,0,1,1,1,1,42,7,-1,-1,-1,-1,8,1,E01028630,0
Unvalidated,2024451455736,2024,451455736,1,3,0,18,1,5,0,1,0,0,0,0,1,1,2,1,42,7,-1,-1,-1,-1,5,1,E01030983,0
Unvalidated,2024451455736,2024,451455736,2,9,0,9,3,7,99,6,0,0,0,0,9,1,6,2,54,8,-1,-1,-1,-1,-1,-1,-1,0
Unvalidated,2024451455755,2024,451455755,1,1,0,18,6,2,4,0,5,0,1,0,0,1,5,1,25,5,-1,-1,-1,-1,6,3,E01031520,0
Unvalidated,2024451455755,2024,451455755,2,19,0,18,6,2,0,0,0,0,0,0,0,1,6,3,-1,-1,-1,-1,-1,-1,-1,-1,-1,0
Unvalidated,2024451455766,2024,451455766,1,9,0,18,7,3,0,0,0,0,0,0,3,1,5,2,29,6,-1,-1,-1,-1,6,1,E01030600,0
Unvalidated,2024451455766,2024,451455766,2,9,0,18,7,3,0,0,0,0,0,0,1,1,5,1,54,8,-1,-1,-1,-1,10,1,E01030606,0
Unvalidated,2024451455874,2024,451455874,1,97,0,14,3,7,0,1,0,0,0,0,1,1,2,2,18,4,-1,-1,-1,-1,6,1,E01031591,0
Unvalidated,2024451455874,2024,451455874,2,9,0,10,6,2,0,6,0,0,0,0,1,1,5,1,84,11,-1,-1,-1,-1,6,3,E01020531,0
Unvalidated,2024451455883,2024,451455883,1,9,0,18,5,1,0,1,0,0,0,0,1,1,6,3,45,7,-1,-1,-1,-1,-1,-1,-1,0
Unvalidated,2024451455883,2024,451455883,2,9,0,7,1,5,0,1,5,0,2,10,1,1,2,1,51,8,-1,-1,-1,-1,9,3,E01030492,0
Unvalidated,2024451455890,2024,451455890,1,97,0,18,3,1,0,3,5,0,0,0,0,1,2,1,23,5,-1,-1,-1,-1,3,1,E01030354,0
Unvalidated,2024451455890,2024,451455890,2,9,0,18,1,5,0,4,0,0,0,0,0,1,6,3,45,7,-1,-1,-1,-1,-1,-1,-1,0
Unvalidated,2024451455930,2024,451455930,1,9,0,18,5,1,0,0,0,0,0,0,3,1,5,2,22,5,-1,-1,-1,-1,5,1,E01030337,0
Unvalidated,2024451455930,2024,451455930,2,9,0,18,5,1,0,0,0,0,0,0,1,2,5,2,26,6,-1,-1,-1,-1,10,1,E01030695,0
Unvalidated,2024451455934,2024,451455934,1,9,0,9,3,5,0,2,0,0,0,0,1,1,5,2,23,5,-1,-1,-1,-1,4,1,E01030601,0
Unvalidated,2024451455934,2024,451455934,2,97,0,13,5,1,0,1,0,0,0,0,1,1,1,1,23,5,-1,-1,-1,-1,5,1,E01031585,0
Unvalidated,2024451455942,2024,451455942,1,9,0,11,1,1,0,8,0,0,0,0,2,1,5,2,54,8,-1,-1,-1,-1,-1,-1,-1,0
Unvalidated,2024451455942,2024,451455942,2,9,0,18,5,2,0,8,0,0,0,0,1,1,1,2,24,5,-1,-1,-1,-1,9,1,E01030394,0
Unvalidated,2024451455958,2024,451455958,1,9,0,12,7,3,0,0,0,0,0,0,3,1,2,1,27,6,-1,-1,-1,-1,-1,-1,-1,0
Unvalidated,2024451455958,2024,451455958,2,97,0,13,7,3,0,0,2,0,0,0,4,1,2,1,24,5,-1,-1,-1,-1,10,1,E01023097,0
Unvalidated,2024451456018,2024,451456018,1,9,0,18,5,1,0,0,0,0,0,0,1,1,5,1,29,6,-1,-1,-1,-1,7,1,E01030858,0
Unvalidated,2024451456018,2024,451456018,2,9,0,18,4,8,0,0,0,0,0,0,2,1,5,1,47,8,-1,-1,-1,-1,6,1,E01030548,0
Unvalidated,2024451456018,2024,451456018,3,9,0,18,6,2,0,0,0,0,0,0,1,1,5,1,19,4,-1,-1,-1,-1,8,3,E01030628,0
Unvalidated,2024451456041,2024,451456041,1,9,0,18,5,1,0,0,1,0,2,7,1,1,5,2,32,6,-1,-1,-1,-1,6,2,E01031643,0
Unvalidated,2024451456041,2024,451456041,2,9,0,18,5,1,0,0,2,0,0,0,4,1,5,1,61,9,-1,-1,-1,-1,5,1,E01021111,0
Unvalidated,2024451456114,2024,451456114,1,9,0,18,7,3,0,1,0,0,0,0,1,1,2,1,24,5,-1,-1,-1,-1,10,1,E01030535,0
Unvalidated,2024451456114,2024,451456114,2,9,0,3,7,3,0,1,0,0,0,0,2,1,2,2,55,8,-1,-1,-1,-1,7,1,E01030613,0
Unvalidated,2024451456114,2024,451456114,3,9,0,4,7,3,0,1,0,0,0,0,2,1,6,2,49,8,-1,-1,-1,-1,8,1,E01030556,0
Unvalidated,2024451456120,2024,451456120,1,9,0,18,5,1,0,0,1,0,0,0,3,1,5,2,46,8,-1,-1,-1,-1,2,1,E01016975,0
Unvalidated,2024451456120,2024,451456120,2,9,0,2,0,0,0,0,0,0,0,0,2,1,6,3,-1,-1,-1,-1,-1,-1,-1,-1,-1,0
Unvalidated,2024451456182,2024,451456182,1,9,0,18,3,7,0,0,0,0,0,0,3,1,2,2,27,6,-1,-1,-1,-1,5,2,E01017856,0
Unvalidated,2024451456204,2024,451456204,1,9,0,18,6,2,0,1,0,0,1,0,3,1,6,1,32,6,-1,-1,-1,-1,3,1,E01003135,0
Unvalidated,2024451456204,2024,451456204,2,9,0,18,3,7,0,1,0,0,0,0,1,2,5,1,34,6,-1,-1,-1,-1,9,1,E01030306,0
Unvalidated,2024451456290,2024,451456290,1,9,0,6,5,1,0,0,0,0,8,4,4,1,5,2,32,6,-1,-1,-1,-1,5,1,E01016157,0
Unvalidated,2024451456290,2024,451456290,2,90,0,18,5,1,0,0,0,0,0,0,1,1,6,3,30,6,-1,-1,-1,-1,-1,-1,-1,0
Unvalidated,2024451456291,2024,451456291,1,9,0,7,2,6,0,0,1,0,7,7,3,1,5,1,19,4,-1,-1,-1,-1,10,1,E01030773,0
Unvalidated,2024451456311,2024,451456311,1,9,0,9,1,7,0,8,0,0,0,0,4,1,5,1,52,8,-1,-1,-1,-1,7,1,E01030729,0
Unvalidated,2024451456311,2024,451456311,2,97,0,18,5,1,0,8,5,0,0,0,1,1,5,1,17,4,-1,-1,-1,-1,6,1,E01002602,0
Unvalidated,2024451456510,2024,451456510,1,97,0,18,1,5,0,1,0,0,0,0,1,1,5,1,20,4,-1,-1,-1,-1,9,1,E01030639,0
Unvalidated,2024451456510,2024,451456510,2,9,0,9,8,6,0,8,0,0,0,0,3,1,5,2,62,9,-1,-1,-1,-1,9,1,E01030605,0
Unvalidated,2024451456559,2024,451456559,1,9,0,9,1,3,0,0,0,0,0,0,1,1,6,1,38,7,-1,-1,-1,-1,10,1,E01030581,0
Unvalidated,2024451456564,2024,451456564,1,9,0,18,5,1,0,8,0,0,1,10,1,1,6,1,51,8,-1,-1,-1,-1,5,3,E01030531,0
Unvalidated,2024451456602,2024,451456602,1,9,0,9,7,3,0,1,0,0,0,0,4,1,6,2,40,7,-1,-1,-1,-1,5,1,E01030664,0
Unvalidated,2024451456602,2024,451456602,2,9,0,18,3,3,0,1,0,0,0,0,1,1,6,1,29,6,-1,-1,-1,-1,9,1,E01030964,0
Unvalidated,2024451456706,2024,451456706,1,9,0,12,6,2,0,0,0,0,0,0,3,1,6,1,30,6,-1,-1,-1,-1,1,1,E01017154,0
Unvalidated,2024451456706,2024,451456706,2,1,0,18,6,2,0,0,0,0,0,0,4,1,5,1,28,6,-1,-1,-1,-1,5,1,E01002885,0
Unvalidated,2024451456763,2024,451456763,1,9,0,18,5,1,99,8,0,99,0,0,3,1,2,1,22,5,-1,-1,-1,-1,4,1,E01003409,0
Unvalidated,2024451456763,2024,451456763,2,9,0,11,5,7,99,8,0,99,0,0,4,1,6,3,30,6,-1,-1,-1,-1,-1,-1,-1,0
Unvalidated,2024451456806,2024,451456806,1,9,0,18,1,5,0,1,1,0,0,0,3,1,5,2,72,10,-1,-1,-1,-1,9,1,E01030947,0
Unvalidated,2024451456806,2024,451456806,2,9,0,7,3,1,0,2,0,0,0,0,4,1,5,1,19,4,-1,-1,-1,-1,5,1,E01030946,0
Unvalidated,2024451456806,2024,451456806,3,9,0,2,0,0,0,1,0,0,0,0,2,1,6,3,-1,-1,-1,-1,-1,-1,-1,-1,-1,0
Unvalidated,2024451456882,2024,451456882,1,9,0,18,1,4,0,0,0,0,0,0,4,1,5,2,45,7,-1,-1,-1,-1,8,1,E01004193,0