status,collision_index,collision_year,collision_reference,vehicle_reference,vehicle_type,towing_and_articulation,vehicle_manoeuvre,vehicle_direction_from,vehicle_direction_to,vehicle_location_restricted_lane,junction_location,skidding_and_overturning,hit_object_in_carriageway,vehicle_leaving_carriageway,hit_object_off_carriageway,first_point_of_impact,vehicle_left_hand_drive,journey_purpose_of_driver,sex_of_driver,age_of_driver,age_band_of_driver,engine_capacity_cc,propulsion_code,age_of_vehicle,generic_make_model,driver_imd_decile,driver_home_area_type,lsoa_of_driver,escooter_flag
Unvalidated,2024451456882,2024,451456882,2,1,0,18,1,4,0,0,0,0,0,0,1,1,6,2,52,8,-1,-1,-1,-1,7,1,E01030402,0
Unvalidated,2024451456933,2024,451456933,1,9,0,7,3,5,0,0,0,10,0,0,3,1,5,1,59,9,-1,-1,-1,-1,-1,-1,-1,0
Unvalidated,2024451456955,2024,451456955,1,19,3,2,1,3,0,0,0,99,0,0,3,1,2,1,27,6,-1,-1,-1,-1,5,1,E01016841,0
Unvalidated,2024451456955,2024,451456955,2,9,3,18,1,3,99,0,0,99,0,0,3,2,6,3,30,6,-1,-1,-1,-1,-1,-1,-1,0
Unvalidated,2024451457049,2024,451457049,1,97,0,10,3,7,0,8,0,0,0,0,2,1,5,1,32,6,-1,-1,-1,-1,2,1,E01001331,0
Unvalidated,2024451457049,2024,451457049,2,98,0,18,1,3,0,1,0,0,0,0,-1,1,6,3,-1,-1,-1,-1,-1,-1,-1,-1,-1,0
Unvalidated,2024451457103,2024,451457103,1,9,0,18,7,3,0,1,0,0,0,0,1,1,1,2,19,4,-1,-1,-1,-1,9,1,E01030978,0
Unvalidated,2024451457103,2024,451457103,2,9,0,18,1,5,0,1,1,0,0,0,3,1,5,2,76,11,-1,-1,-1,-1,10,3,E01030944,0
Unvalidated,2024451457103,2024,451457103,3,9,0,2,3,7,0,1,0,0,0,0,1,1,6,2,23,5,-1,-1,-1,-1,9,1,E01030987,0
Unvalidated,2024451457115,2024,451457115,1,97,0,18,7,3,0,1,0,0,0,0,1,1,1,1,47,8,-1,-1,-1,-1,10,2,E01030937,0
Unvalidated,2024451457115,2024,451457115,2,98,0,5,1,5,0,1,0,0,0,0,4,1,1,1,22,5,-1,-1,-1,-1,9,2,E01031504,0
Unvalidated,2024451457122,2024,451457122,1,9,0,18,7,3,0,0,1,0,0,0,3,1,2,2,45,7,-1,-1,-1,-1,9,1,E01010332,0
Unvalidated,2024451457122,2024,451457122,2,21,1,99,7,3,0,0,1,99,0,0,9,1,6,1,-1,-1,-1,-1,-1,-1,-1,-1,-1,0
Unvalidated,2024451457140,2024,451457140,1,9,0,7,3,7,0,6,0,0,0,0,1,1,6,1,87,11,-1,-1,-1,-1,4,1,E01030634,0
Unvalidated,2024451457140,2024,451457140,2,9,0,18,8,4,0,1,0,0,0,0,4,1,1,1,62,9,-1,-1,-1,-1,3,1,E01001048,0
Unvalidated,2024451457149,2024,451457149,1,98,0,18,3,7,0,1,0,0,0,0,1,1,2,1,34,6,-1,-1,-1,-1,4,1,E01033572,0
Unvalidated,2024451457149,2024,451457149,2,9,0,18,3,7,0,1,0,0,0,0,2,1,1,1,33,6,-1,-1,-1,-1,5,1,E01016853,0
Unvalidated,2024451457171,2024,451457171,1,19,0,6,1,5,0,0,0,0,0,0,1,1,1,1,40,7,-1,-1,-1,-1,-1,-1,-1,0
Unvalidated,2024451457237,2024,451457237,1,9,0,3,5,1,0,0,0,0,0,0,2,1,5,2,21,5,-1,-1,-1,-1,8,1,E01030703,0
Unvalidated,2024451457237,2024,451457237,2,9,0,18,5,1,0,0,0,0,0,0,1,1,5,2,32,6,-1,-1,-1,-1,9,3,E01016576,0
Unvalidated,2024451457243,2024,451457243,1,9,0,18,5,1,0,0,0,0,0,0,0,1,2,1,26,6,-1,-1,-1,-1,6,1,E01024069,0
Unvalidated,2024451457243,2024,451457243,2,9,0,5,1,5,0,0,0,0,0,0,2,1,2,1,55,8,-1,-1,-1,-1,2,1,E01016161,0
Unvalidated,2024451457331,2024,451457331,1,9,0,18,7,3,5,2,0,0,0,0,1,1,5,1,23,5,-1,-1,-1,-1,7,1,E01030420,0
Unvalidated,2024451457354,2024,451457354,1,9,0,-1,-1,-1,-1,0,-1,-1,-1,0,-1,1,6,3,-1,-1,-1,-1,-1,-1,-1,-1,-1,0
Unvalidated,2024451457354,2024,451457354,2,9,0,4,7,3,1,0,0,0,0,0,2,1,6,1,59,9,-1,-1,-1,-1,7,1,E01032619,0
Unvalidated,2024451457354,2024,451457354,3,98,0,4,3,7,0,0,1,0,0,0,2,1,1,1,23,5,-1,-1,-1,-1,10,1,E01023092,0
Unvalidated,2024451457354,2024,451457354,4,9,0,4,7,3,0,0,0,0,0,0,2,1,6,1,45,7,-1,-1,-1,-1,-1,-1,-1,0
Unvalidated,2024451457354,2024,451457354,5,98,0,18,7,3,0,0,0,0,0,0,1,1,6,1,55,8,-1,-1,-1,-1,6,3,E01030677,0
Unvalidated,2024451457374,2024,451457374,1,9,0,18,1,5,0,0,0,4,0,0,1,1,5,1,22,5,-1,-1,-1,-1,10,1,E01030367,0
Unvalidated,2024451457374,2024,451457374,2,9,0,2,0,0,0,0,0,0,1,0,1,1,6,3,-1,-1,-1,-1,-1,-1,-1,-1,-1,0
Unvalidated,2024451457483,2024,451457483,1,1,0,18,1,5,5,8,0,0,0,0,1,1,4,1,11,3,-1,-1,-1,-1,8,1,E01030994,0
Unvalidated,2024451457483,2024,451457483,2,98,0,8,5,7,0,1,0,0,0,0,4,1,2,1,41,7,-1,-1,-1,-1,10,1,E01030682,0
Unvalidated,2024451457494,2024,451457494,1,9,0,3,5,1,0,1,0,0,0,0,2,1,5,1,33,6,-1,-1,-1,-1,-1,-1,-1,0
Unvalidated,2024451457494,2024,451457494,2,9,0,18,5,1,0,1,0,0,0,0,1,1,6,1,75,10,-1,-1,-1,-1,5,1,E01030482,0
Unvalidated,2024451457494,2024,451457494,3,9,0,18,7,3,0,1,0,0,0,0,0,1,6,3,30,6,-1,-1,-1,-1,-1,-1,-1,0
Unvalidated,2024451457531,2024,451457531,1,9,0,18,5,1,0,0,0,0,1,4,1,1,5,2,58,9,-1,-1,-1,-1,9,1,E01030412,0
Unvalidated,2024451457622,2024,451457622,1,97,0,18,1,5,0,0,0,0,0,0,1,1,2,1,32,6,-1,-1,-1,-1,4,1,E01016130,0
Unvalidated,2024451457622,2024,451457622,2,9,0,2,0,0,9,0,0,0,0,0,2,1,6,3,-1,-1,-1,-1,-1,-1,-1,-1,-1,0
Unvalidated,2024451457649,2024,451457649,1,9,0,4,7,3,0,0,0,0,0,0,2,1,6,2,31,6,-1,-1,-1,-1,5,3,E01016577,0
Unvalidated,2024451457649,2024,451457649,2,3,0,18,7,3,0,0,0,0,0,0,1,1,6,1,19,4,-1,-1,-1,-1,-1,-1,-1,0
Unvalidated,2024451457658,2024,451457658,1,3,0,3,8,4,0,1,5,0,0,0,1,1,2,2,30,6,-1,-1,-1,-1,6,3,E01004108,0
Unvalidated,2024451457658,2024,451457658,2,9,0,1,8,4,0,1,0,0,0,0,2,1,6,1,-1,-1,-1,-1,-1,-1,-1,-1,-1,0
Unvalidated,2024451457667,2024,451457667,1,98,0,18,7,3,0,0,0,0,0,0,1,1,1,1,45,7,-1,-1,-1,-1,4,1,E01001179,0
Unvalidated,2024451457667,2024,451457667,2,9,0,4,3,7,0,0,0,0,0,0,2,1,3,2,49,8,-1,-1,-1,-1,9,1,E01030947,0
Unvalidated,2024451457667,2024,451457667,3,98,0,18,3,7,0,0,0,0,0,0,2,1,3,1,51,8,-1,-1,-1,-1,8,1,E01030950,0
Unvalidated,2024451457698,2024,451457698,1,9,0,9,6,2,0,1,0,10,1,0,2,1,5,2,21,5,-1,-1,-1,-1,6,1,E01030681,0
Unvalidated,2024451457698,2024,451457698,2,90,0,18,6,2,0,1,0,0,0,0,1,1,1,1,42,7,-1,-1,-1,-1,8,1,E01031620,0
Unvalidated,2024451457762,2024,451457762,1,9,0,10,6,3,0,6,0,0,0,0,2,1,5,1,57,9,-1,-1,-1,-1,9,1,E01030309,0
Unvalidated,2024451457762,2024,451457762,2,9,0,18,6,3,0,6,0,0,0,0,1,1,6,2,30,6,-1,-1,-1,-1,-1,-1,-1,0
Unvalidated,2024451457779,2024,451457779,1,9,0,18,2,6,0,0,0,0,0,0,1,1,5,2,21,5,-1,-1,-1,-1,10,1,E01030997,0
Unvalidated,2024451457792,2024,451457792,1,19,0,18,6,8,0,0,0,0,0,0,4,2,6,3,40,7,-1,-1,-1,-1,3,1,E01030400,0
Unvalidated,2024451457803,2024,451457803,1,9,0,18,6,2,0,1,0,0,0,0,2,1,5,1,19,4,-1,-1,-1,-1,10,1,E01030965,0
Unvalidated,2024451457803,2024,451457803,2,9,0,18,6,2,0,1,0,0,0,0,1,1,5,1,42,7,-1,-1,-1,-1,10,1,E01031003,0
Unvalidated,2024451457878,2024,451457878,1,9,0,15,7,3,0,0,0,0,0,0,1,1,1,2,59,9,-1,-1,-1,-1,4,2,E01030816,0
Unvalidated,2024451457878,2024,451457878,2,9,0,18,3,7,0,0,0,0,1,0,1,1,1,2,44,7,-1,-1,-1,-1,7,1,E01030577,0
Unvalidated,2024451457894,2024,451457894,1,9,0,18,3,5,0,1,0,0,0,0,1,1,6,1,30,6,-1,-1,-1,-1,10,1,E01030593,0
Unvalidated,2024451457933,2024,451457933,1,9,0,9,7,3,9,1,0,0,0,0,1,1,1,1,48,8,-1,-1,-1,-1,7,1,E01030968,0
Unvalidated,2024451457933,2024,451457933,2,1,0,18,3,7,0,1,0,0,0,0,1,1,6,1,45,7,-1,-1,-1,-1,5,1,E01030913,0
Unvalidated,2024451457946,2024,451457946,1,90,0,18,1,5,0,0,0,0,0,0,1,1,1,1,65,9,-1,-1,-1,-1,6,1,E01031656,0
Unvalidated,2024451457946,2024,451457946,2,9,0,18,5,1,0,0,0,0,0,0,1,1,6,2,52,8,-1,-1,-1,-1,7,3,E01030515,0
Unvalidated,2024451458029,2024,451458029,1,97,0,18,1,5,0,0,1,0,0,0,1,1,1,1,26,6,-1,-1,-1,-1,7,1,E01030993,0
Unvalidated,2024451458029,2024,451458029,2,9,0,11,2,6,0,0,0,0,0,0,2,1,1,1,61,9,-1,-1,-1,-1,9,3,E01017842,0
Unvalidated,2024451458076,2024,451458076,1,5,0,18,5,3,0,3,0,0,0,0,3,1,2,1,62,9,-1,-1,-1,-1,8,1,E01022871,0
Unvalidated,2024451458076,2024,451458076,2,98,0,18,1,3,0,4,0,0,0,0,1,1,6,3,40,7,-1,-1,-1,-1,-1,-1,-1,0
Unvalidated,2024451458079,2024,451458079,1,98,0,6,5,1,0,0,0,0,0,0,1,1,1,1,45,7,-1,-1,-1,-1,3,1,E01001999,0
Unvalidated,2024451458079,2024,451458079,2,9,0,18,5,1,0,0,0,0,1,0,1,1,6,1,43,7,-1,-1,-1,-1,3,1,E01030578,0
Unvalidated,2024451458087,2024,451458087,1,9,0,11,4,2,0,0,0,0,0,0,2,1,5,2,33,6,-1,-1,-1,-1,10,1,E01030486,0
Unvalidated,2024451458087,2024,451458087,2,9,0,18,6,2,0,0,0,0,0,0,1,1,2,1,30,6,-1,-1,-1,-1,5,1,E01016554,0
Unvalidated,2024451458094,2024,451458094,1,9,0,18,3,7,0,1,0,0,0,0,1,1,6,2,32,6,-1,-1,-1,-1,8,1,E01032725,0
Unvalidated,2024451458094,2024,451458094,2,9,0,9,5,1,0,3,0,0,0,0,4,1,2,2,20,4,-1,-1,-1,-1,10,1,E01030796,0
Unvalidated,2024451458142,2024,451458142,1,9,0,99,6,2,0,0,9,0,0,0,1,1,5,2,30,6,-1,-1,-1,-1,7,1,E01030741,0
Unvalidated,2024451458142,2024,451458142,2,9,0,99,6,2,0,0,9,0,0,0,4,1,6,1,63,9,-1,-1,-1,-1,3,1,E01031856,0
Unvalidated,2024451458161,2024,451458161,1,9,0,18,5,1,6,0,0,10,6,0,3,1,5,2,54,8,-1,-1,-1,-1,7,3,E01030569,0
Unvalidated,2024451458161,2024,451458161,2,9,0,18,1,5,0,0,0,0,0,0,3,1,5,2,34,6,-1,-1,-1,-1,7,3,E01030569,0
Unvalidated,2024451458264,2024,451458264,1,9,0,9,4,8,0,5,0,0,0,0,1,1,3,2,28,6,-1,-1,-1,-1,3,1,E01030793,0
Unvalidated,2024451458304,2024,451458304,1,9,0,18,1,5,0,3,0,0,7,0,1,1,2,1,71,10,-1,-1,-1,-1,7,1,E01030921,0
Unvalidated,2024451458304,2024,451458304,2,97,0,18,5,1,0,4,0,0,0,0,1,1,1,1,25,5,-1,-1,-1,-1,8,1,E01022622,0
Unvalidated,2024451458331,2024,451458331,1,9,0,18,5,1,0,1,0,0,0,0,1,1,2,1,44,7,-1,-1,-1,-1,6,3,E01021117,0
Unvalidated,2024451458331,2024,451458331,2,1,0,18,5,1,0,1,0,0,0,0,4,1,6,1,39,7,-1,-1,-1,-1,8,1,E01030622,0
Unvalidated,2024451458348,2024,451458348,1,1,0,18,3,7,0,0,5,0,0,0,1,1,6,1,29,6,-1,-1,-1,-1,7,1,E01030451,0
Unvalidated,2024451458348,2024,451458348,2,9,0,5,3,8,0,0,0,0,0,0,3,1,5,1,20,4,-1,-1,-1,-1,8,1,E01030450,0
Unvalidated,2024451458423,2024,451458423,1,9,0,2,0,0,0,1,0,0,0,0,4,1,6,3,-1,-1,-1,-1,-1,-1,-1,-1,-1,0
Unvalidated,2024451458423,2024,451458423,2,9,0,18,8,4,0,1,0,0,0,0,1,1,6,3,-1,-1,-1,-1,-1,-1,-1,-1,-1,0
Unvalidated,2024451458447,2024,451458447,1,9,0,4,1,5,6,0,0,0,0,0,3,1,5,1,68,10,-1,-1,-1,-1,10,1,E01030996,0
Unvalidated,2024451458447,2024,451458447,2,9,0,18,5,1,0,0,0,0,0,0,1,1,5,1,55,8,-1,-1,-1,-1,5,1,E01030482,0
Unvalidated,2024451458447,2024,451458447,3,9,0,2,5,1,6,0,0,0,0,0,2,1,6,3,-1,-1,-1,-1,-1,-1,-1,-1,-1,0
Unvalidated,2024451458499,2024,451458499,1,9,0,4,1,5,0,1,0,0,0,0,4,1,5,1,27,6,-1,-1,-1,-1,4,1,E01002448,0
Unvalidated,2024451458499,2024,451458499,2,11,0,12,1,5,0,1,0,0,0,0,3,1,6,3,53,8,-1,-1,-1,-1,10,3,E01022062,0
Unvalidated,2024451458522,2024,451458522,1,9,0,5,7,3,0,4,0,0,0,0,1,1,5,1,77,11,-1,-1,-1,-1,9,1,E01030539,0
Unvalidated,2024451458522,2024,451458522,2,1,0,17,5,3,0,8,0,0,0,0,4,1,6,1,34,6,-1,-1,-1,-1,6,1,E01030548,0
Unvalidated,2024451458525,2024,451458525,1,9,0,18,3,1,0,0,1,10,7,0,1,1,2,1,53,8,-1,-1,-1,-1,4,2,E01030503,0
Unvalidated,2024451458525,2024,451458525,2,97,0,2,1,3,0,0,5,0,0,0,1,1,6,1,21,5,-1,-1,-1,-1,-1,-1,-1,0
Unvalidated,2024451458615,2024,451458615,1,9,0,18,7,3,0,1,0,0,0,0,1,1,6,1,50,8,-1,-1,-1,-1,7,3,E01030865,0
Unvalidated,2024451458615,2024,451458615,2,9,0,18,7,3,0,1,0,0,0,0,1,1,6,1,53,8,-1,-1,-1,-1,9,1,E01030510,0
Unvalidated,2024451458668,2024,451458668,1,9,0,18,5,1,0,8,0,0,0,0,1,2,2,2,27,6,-1,-1,-1,-1,5,1,E01030656,0
Unvalidated,2024451458668,2024,451458668,2,9,0,4,3,7,0,2,0,0,0,0,2,1,5,2,61,9,-1,-1,-1,-1,9,1,E01030761,0
Unvalidated,2024451458719,2024,451458719,1,9,0,7,7,3,0,5,0,0,0,0,4,1,5,1,26,6,-1,-1,-1,-1,9,1,E01022642,0
Unvalidated,2024451458719,2024,451458719,2,1,0,18,1,5,0,1,5,0,0,0,1,1,5,1,40,7,-1,-1,-1,-1,5,1,E01030424,0
Unvalidated,2024451458826,2024,451458826,1,21,0,4,5,4,0,0,0,0,0,0,3,1,1,2,23,5,-1,-1,-1,-1,10,1,E01030604,0
Unvalidated,2024451458826,2024,451458826,2,19,0,18,4,5,0,0,0,99,0,0,3,1,6,3,50,8,-1,-1,-1,-1,-1,-1,-1,0
Unvalidated,2024451458843,2024,451458843,1,1,0,18,7,3,0,1,0,0,0,0,1,1,5,1,51,8,-1,-1,-1,-1,7,1,E01030850,0
Unvalidated,2024451458890,2024,451458890,1,9,0,5,5,1,0,1,0,0,0,0,1,1,6,3,45,7,-1,-1,-1,-1,-1,-1,-1,0
Unvalidated,2024451458890,2024,451458890,2,9,0,18,1,5,0,1,0,0,0,0,3,1,5,1,66,10,-1,-1,-1,-1,9,3,E01030942,0
Unvalidated,2024451458890,2024,451458890,3,1,0,18,5,1,0,1,0,0,1,0,2,1,5,1,60,9,-1,-1,-1,-1,10,1,E01030967,0
Unvalidated,2024451458891,2024,451458891,1,9,0,18,5,1,0,8,0,0,7,3,1,1,1,2,53,8,-1,-1,-1,-1,6,1,E01016912,0
Unvalidated,2024451458891,2024,451458891,2,9,0,18,4,8,0,8,0,0,0,0,1,1,5,2,25,5,-1,-1,-1,-1,9,1,E01030933,0
Unvalidated,2024451458902,2024,451458902,1,9,0,2,0,0,99,0,0,0,0,0,1,1,5,2,28,6,-1,-1,-1,-1,5,1,E01030725,0
Unvalidated,2024451458902,2024,451458902,2,9,0,1,7,3,99,0,0,0,0,0,2,1,6,2,32,6,-1,-1,-1,-1,-1,-1,-1,0
Unvalidated,2024451458945,2024,451458945,1,9,0,18,1,5,0,0,0,0,0,0,1,1,5,2,60,9,-1,-1,-1,-1,9,1,E01030379,0
Unvalidated,2024451458945,2024,451458945,2,9,0,4,6,6,0,0,0,0,3,0,2,1,5,2,24,5,-1,-1,-1,-1,7,1,E01004149,0
Unvalidated,2024451458951,2024,451458951,1,9,0,18,1,5,0,1,0,0,2,4,1,1,5,1,18,4,-1,-1,-1,-1,3,1,E01030788,0
Unvalidated,2024451458952,2024,451458952,1,9,0,18,7,3,0,8,0,0,0,0,3,1,5,1,35,6,-1,-1,-1,-1,7,3,E01031697,0
Unvalidated,2024451458952,2024,451458952,2,9,0,18,5,1,0,8,0,0,0,0,1,1,1,1,58,9,-1,-1,-1,-1,5,1,E01031577,0
Unvalidated,2024451458988,2024,451458988,1,1,0,7,8,6,0,8,1,0,0,0,1,1,5,1,53,8,-1,-1,-1,-1,10,1,E01030296,0
Unvalidated,2024451459068,2024,451459068,1,9,0,18,1,5,0,0,0,0,0,0,2,1,5,2,34,6,-1,-1,-1,-1,8,1,E01022871,0
Unvalidated,2024451459068,2024,451459068,2,90,0,12,1,5,0,0,0,0,0,0,2,1,5,1,28,6,-1,-1,-1,-1,9,1,E01023895,0
Unvalidated,2024451459078,2024,451459078,1,98,0,2,1,7,0,0,0,0,0,0,2,1,2,1,69,10,-1,-1,-1,-1,10,1,E01030948,0
Unvalidated,2024451459078,2024,451459078,2,98,0,3,1,7,0,0,0,0,0,0,1,1,6,1,25,5,-1,-1,-1,-1,5,1,E01030946,0
Unvalidated,2024451459127,2024,451459127,1,9,0,3,7,3,0,0,0,0,0,0,0,1,6,2,34,6,-1,-1,-1,-1,10,1,E01030396,0
Unvalidated,2024451459127,2024,451459127,2,9,0,4,7,3,0,0,0,0,0,0,2,1,6,1,42,7,-1,-1,-1,-1,2,1,E01001710,0
Unvalidated,2024451459127,2024,451459127,3,9,0,12,7,3,0,0,0,0,0,0,0,1,6,3,40,7,-1,-1,-1,-1,-1,-1,-1,0
Unvalidated,2024451459201,2024,451459201,1,98,0,18,3,7,0,0,0,0,1,9,1,1,5,1,20,4,-1,-1,-1,-1,6,3,E01031676,0
Unvalidated,2024451459201,2024,451459201,2,98,0,18,7,3,0,0,0,0,0,0,1,1,5,1,68,10,-1,-1,-1,-1,6,1,E01030842,0
Unvalidated,2024451459352,2024,451459352,1,11,0,3,1,5,0,0,0,0,0,0,-1,2,1,1,21,5,-1,-1,-1,-1,8,1,E01016609,0
Unvalidated,2024451459379,2024,451459379,1,9,0,18,5,1,0,0,0,0,0,0,2,1,6,2,30,6,-1,-1,-1,-1,5,1,E01030739,0
Unvalidated,2024451459379,2024,451459379,2,9,0,18,5,1,0,0,0,0,0,0,1,1,6,1,40,7,-1,-1,-1,-1,-1,-1,-1,0
Unvalidated,2024451459494,2024,451459494,1,1,0,3,5,1,0,0,0,0,0,0,3,1,1,1,51,8,-1,-1,-1,-1,10,1,E01030319,0
Unvalidated,2024451459494,2024,451459494,2,19,0,18,5,1,0,0,0,0,0,0,4,1,6,1,30,6,-1,-1,-1,-1,-1,-1,-1,0
Unvalidated,2024451459549,2024,451459549,1,9,0,18,1,3,0,0,0,0,0,0,4,1,5,2,34,6,-1,-1,-1,-1,6,1,E01030649,0
Unvalidated,2024451459549,2024,451459549,2,9,0,9,1,3,0,0,0,0,0,0,1,1,6,1,30,6,-1,-1,-1,-1,9,1,E01030679,0
Unvalidated,2024451459561,2024,451459561,1,3,0,13,3,7,0,1,0,0,0,0,4,1,5,1,17,4,-1,-1,-1,-1,8,1,E01030359,0
Unvalidated,2024451459561,2024,451459561,2,9,0,4,3,7,0,1,0,0,0,0,3,1,6,3,30,6,-1,-1,-1,-1,-1,-1,-1,0
Unvalidated,2024451459613,2024,451459613,1,9,0,18,7,3,0,0,5,0,0,0,4,1,6,1,88,11,-1,-1,-1,-1,10,1,E01030328,0
Unvalidated,2024451459613,2024,451459613,2,9,0,2,0,0,9,0,0,4,0,0,1,1,6,3,-1,-1,-1,-1,-1,-1,-1,-1,-1,0
Unvalidated,2024451459613,2024,451459613,3,9,0,2,0,0,0,0,0,0,0,0,2,1,6,3,-1,-1,-1,-1,-1,-1,-1,-1,-1,0
Unvalidated,2024451459621,2024,451459621,1,1,0,7,3,7,0,0,0,0,0,0,3,1,5,1,55,8,-1,-1,-1,-1,4,1,E01030601,0
Unvalidated,2024451459621,2024,451459621,2,9,0,18,7,3,0,0,0,0,0,0,3,1,5,2,18,4,-1,-1,-1,-1,-1,-1,-1,0
Unvalidated,2024451459700,2024,451459700,1,1,0,18,1,5,0,0,0,0,1,4,1,1,6,1,43,7,-1,-1,-1,-1,5,1,E01030787,0
Unvalidated,2024451459713,2024,451459713,1,9,0,18,7,3,0,0,0,0,0,0,2,1,6,1,33,6,-1,-1,-1,-1,7,3,E01030865,0
Unvalidated,2024451459713,2024,451459713,2,9,0,18,7,3,0,0,0,0,0,0,1,1,6,3,72,10,-1,-1,-1,-1,-1,-1,-1,0
Unvalidated,2024451459738,2024,451459738,1,9,0,18,3,7,0,1,0,0,0,0,1,1,5,2,85,11,-1,-1,-1,-1,5,3,E01030815,0
Unvalidated,2024451459738,2024,451459738,2,9,0,18,3,7,0,1,0,0,0,0,1,1,5,1,79,11,-1,-1,-1,-1,5,2,E01030812,0
Unvalidated,2024451459738,2024,451459738,3,9,0,2,0,0,0,1,0,0,0,0,1,1,6,3,-1,-1,-1,-1,-1,-1,-1,-1,-1,0
Unvalidated,2024451459740,2024,451459740,1,9,0,2,5,1,0,0,0,0,0,0,2,1,6,1,26,6,-1,-1,-1,-1,2,1,E01027105,0
Unvalidated,2024451459740,2024,451459740,2,98,0,18,5,1,0,0,0,0,0,0,1,1,2,1,43,7,-1,-1,-1,-1,5,1,E01030481,0
Unvalidated,2024451459751,2024,451459751,1,9,0,3,3,7,0,1,0,0,0,0,3,1,5,2,32,6,-1,-1,-1,-1,5,1,E01030609,0
Unvalidated,2024451459751,2024,451459751,2,9,0,11,3,7,0,1,0,0,0,0,4,1,2,2,54,8,-1,-1,-1,-1,8,1,E01003823,0
Unvalidated,2024451459752,2024,451459752,1,9,0,5,3,1,0,1,0,0,0,0,2,1,5,1,81,11,-1,-1,-1,-1,10,1,E01030518,0
Unvalidated,2024451459752,2024,451459752,2,97,0,16,5,1,0,1,0,0,0,0,3,1,6,1,71,10,-1,-1,-1,-1,10,1,E01030532,0
Unvalidated,2024451459756,2024,451459756,1,9,0,2,0,0,0,0,0,0,0,0,3,1,5,2,58,9,-1,-1,-1,-1,10,1,E01030839,0
Unvalidated,2024451459756,2024,451459756,2,9,0,2,1,5,0,0,0,4,0,0,3,1,6,2,61,9,-1,-1,-1,-1,8,1,E01030622,0
Unvalidated,2024451459758,2024,451459758,1,9,0,7,1,5,0,1,0,0,0,0,1,1,1,1,22,5,-1,-1,-1,-1,5,1,E01000150,0
Unvalidated,2024451459758,2024,451459758,2,97,0,18,6,2,0,1,0,0,0,0,1,1,5,1,25,5,-1,-1,-1,-1,5,1,E01030984,0
Unvalidated,2024451459762,2024,451459762,1,9,0,18,1,5,0,0,0,0,7,2,1,1,5,1,49,8,-1,-1,-1,-1,6,1,E01030618,0
Unvalidated,2024451459773,2024,451459773,1,9,0,9,1,5,0,8,0,0,0,0,1,1,3,2,39,7,-1,-1,-1,-1,9,1,E01030421,0
Unvalidated,2024451459773,2024,451459773,2,9,0,18,1,5,0,2,0,0,0,0,1,1,6,2,42,7,-1,-1,-1,-1,2,1,E01016368,0
Unvalidated,2024451459794,2024,451459794,1,9,0,17,3,7,0,0,0,0,1,4,2,1,4,1,18,4,-1,-1,-1,-1,7,1,E01030859,0
Unvalidated,2024451459794,2024,451459794,2,9,0,18,3,7,0,0,1,0,0,0,1,1,1,2,39,7,-1,-1,-1,-1,3,1,E01004189,0
Unvalidated,2024451459800,2024,451459800,1,9,0,18,3,7,9,1,0,0,0,0,1,1,6,3,25,5,-1,-1,-1,-1,-1,-1,-1,0
Unvalidated,2024451459800,2024,451459800,2,1,0,18,1,6,9,1,0,0,0,0,2,1,2,1,21,5,-1,-1,-1,-1,3,1,E01030588,0
Unvalidated,2024451459808,2024,451459808,1,9,0,7,3,7,0,0,1,10,0,0,1,1,5,1,32,6,-1,-1,-1,-1,2,1,E01001331,0
Unvalidated,2024451459808,2024,451459808,2,9,0,2,0,0,0,0,0,0,0,0,1,1,5,1,56,9,-1,-1,-1,-1,8,3,E01030869,0
Unvalidated,2024451459820,2024,451459820,1,97,0,13,2,6,0,0,2,0,0,0,1,1,6,3,-1,-1,-1,-1,-1,-1,-1,-1,-1,0
Unvalidated,2024451459820,2024,451459820,2,9,0,18,2,6,0,0,0,0,0,0,3,1,5,1,41,7,-1,-1,-1,-1,3,1,E01030354,0
Unvalidated,2024451459820,2024,451459820,3,9,0,18,6,2,0,0,0,0,0,0,0,1,1,2,25,5,-1,-1,-1,-1,10,1,E01030661,0
Unvalidated,2024451459838,2024,451459838,1,9,0,18,5,3,0,0,0,11,1,4,1,1,5,1,36,7,-1,-1,-1,-1,10,1,E01030808,0
Unvalidated,2024451459841,2024,451459841,1,9,0,18,5,1,0,0,0,0,0,0,1,1,5,1,65,9,-1,-1,-1,-1,7,1,E01003854,0
Unvalidated,2024451459841,2024,451459841,2,9,0,18,5,1,0,0,0,0,0,0,2,1,2,1,24,5,-1,-1,-1,-1,9,1,E01030947,0
Unvalidated,2024451459864,2024,451459864,1,9,0,9,8,2,0,8,0,0,0,0,1,2,3,2,45,7,-1,-1,-1,-1,10,1,E01030340,0
Unvalidated,2024451459896,2024,451459896,1,1,0,18,1,3,9,0,5,0,1,2,4,1,5,1,42,7,-1,-1,-1,-1,8,1,E01030703,0
Unvalidated,2024451459896,2024,451459896,2,11,0,18,1,3,0,0,0,0,0,0,4,1,6,3,40,7,-1,-1,-1,-1,-1,-1,-1,0
Unvalidated,2024451459896,2024,451459896,3,8,0,18,1,3,0,0,0,0,0,0,4,1,6,3,40,7,-1,-1,-1,-1,-1,-1,-1,0