status,collision_index,collision_year,collision_reference,vehicle_reference,vehicle_type,towing_and_articulation,vehicle_manoeuvre,vehicle_direction_from,vehicle_direction_to,vehicle_location_restricted_lane,junction_location,skidding_and_overturning,hit_object_in_carriageway,vehicle_leaving_carriageway,hit_object_off_carriageway,first_point_of_impact,vehicle_left_hand_drive,journey_purpose_of_driver,sex_of_driver,age_of_driver,age_band_of_driver,engine_capacity_cc,propulsion_code,age_of_vehicle,generic_make_model,driver_imd_decile,driver_home_area_type,lsoa_of_driver,escooter_flag
Unvalidated,2024451459913,2024,451459913,1,9,0,9,3,1,0,6,0,0,0,0,1,1,5,1,48,8,-1,-1,-1,-1,10,1,E01030898,0
Unvalidated,2024451459913,2024,451459913,2,9,0,18,1,5,0,8,0,0,7,4,4,1,6,2,88,11,-1,-1,-1,-1,7,1,E01030895,0
Unvalidated,2024451460051,2024,451460051,1,9,0,9,1,5,0,2,0,0,0,0,1,1,6,2,18,4,-1,-1,-1,-1,10,1,E01030480,0
Unvalidated,2024451460051,2024,451460051,2,9,0,18,5,2,0,8,0,0,0,0,1,1,6,2,63,9,-1,-1,-1,-1,10,3,E01030874,0
Unvalidated,2024451460108,2024,451460108,1,9,0,4,7,3,0,0,0,0,0,0,1,1,5,1,21,5,-1,-1,-1,-1,6,1,E01024472,0
Unvalidated,2024451460108,2024,451460108,2,9,0,18,7,3,0,0,0,0,0,0,2,1,2,1,54,8,-1,-1,-1,-1,10,1,E01024404,0
Unvalidated,2024451460160,2024,451460160,1,9,0,18,5,1,1,1,0,0,0,0,1,1,5,1,20,4,-1,-1,-1,-1,5,3,E01031519,0
Unvalidated,2024451460160,2024,451460160,2,97,0,18,7,3,0,1,0,0,0,0,2,1,1,1,44,7,-1,-1,-1,-1,10,1,E01030930,0
Unvalidated,2024451460160,2024,451460160,3,9,0,18,7,3,0,1,0,0,0,0,0,1,2,1,33,6,-1,-1,-1,-1,10,1,E01030930,0
Unvalidated,2024451460166,2024,451460166,1,9,0,18,-1,-1,0,6,0,0,0,0,1,1,6,2,79,11,-1,-1,-1,-1,6,1,E01030649,0
Unvalidated,2024451460175,2024,451460175,1,9,0,5,1,3,99,1,0,0,0,0,3,1,4,2,19,4,-1,-1,-1,-1,8,1,E01030893,0
Unvalidated,2024451460175,2024,451460175,2,9,0,18,5,8,99,1,0,0,0,0,1,1,6,1,24,5,-1,-1,-1,-1,9,1,E01030431,0
Unvalidated,2024451460178,2024,451460178,1,97,0,13,5,1,0,0,0,0,0,0,3,1,5,1,51,8,-1,-1,-1,-1,3,1,E01000742,0
Unvalidated,2024451460178,2024,451460178,2,9,0,18,5,1,0,0,0,0,0,0,3,1,5,1,68,10,-1,-1,-1,-1,5,1,E01001038,0
Unvalidated,2024451460192,2024,451460192,1,97,0,18,3,7,0,0,0,0,0,0,1,1,6,3,45,7,-1,-1,-1,-1,-1,-1,-1,0
Unvalidated,2024451460198,2024,451460198,1,9,0,18,7,3,0,2,0,10,1,7,1,1,5,1,52,8,-1,-1,-1,-1,9,3,E01030477,0
Unvalidated,2024451460204,2024,451460204,1,98,0,18,7,3,0,0,0,0,0,0,1,1,1,1,27,6,-1,-1,-1,-1,4,1,E01001167,0
Unvalidated,2024451460204,2024,451460204,2,9,0,18,7,3,0,0,0,0,1,7,2,1,5,1,51,8,-1,-1,-1,-1,9,1,E01000349,0
Unvalidated,2024451460227,2024,451460227,1,9,0,18,1,5,9,0,0,11,3,10,1,1,5,1,19,4,-1,-1,-1,-1,5,1,E01000224,0
Unvalidated,2024451460256,2024,451460256,1,9,0,18,1,5,0,5,0,0,0,0,1,1,5,1,36,7,-1,-1,-1,-1,9,1,E01030567,0
Unvalidated,2024451460431,2024,451460431,1,9,0,5,5,1,0,6,0,0,0,0,3,1,5,1,59,9,-1,-1,-1,-1,6,1,E01031676,0
Unvalidated,2024451460431,2024,451460431,2,1,0,18,7,3,0,8,1,0,0,0,9,1,6,1,75,10,-1,-1,-1,-1,9,1,E01030625,0
Unvalidated,2024451460519,2024,451460519,1,9,0,10,8,6,0,0,0,0,0,0,3,1,1,1,70,10,-1,-1,-1,-1,3,1,E01001192,0
Unvalidated,2024451460519,2024,451460519,2,98,0,18,3,1,0,0,0,0,0,0,3,1,6,3,52,8,-1,-1,-1,-1,-1,-1,-1,0
Unvalidated,2024451460604,2024,451460604,1,9,0,9,8,4,0,6,0,0,0,0,2,1,5,1,60,9,-1,-1,-1,-1,3,1,E01003940,0
Unvalidated,2024451460604,2024,451460604,2,9,0,9,8,4,0,1,0,0,0,0,1,1,5,1,44,7,-1,-1,-1,-1,7,3,E01030472,0
Unvalidated,2024451460622,2024,451460622,1,9,0,3,3,7,0,0,0,0,0,0,2,1,5,2,37,7,-1,-1,-1,-1,10,1,E01030408,0
Unvalidated,2024451460622,2024,451460622,2,9,0,18,3,7,0,0,0,0,0,0,1,1,5,1,29,6,-1,-1,-1,-1,8,1,E01003470,0
Unvalidated,2024451460637,2024,451460637,1,98,0,18,2,6,0,0,0,0,0,0,1,1,1,1,50,8,-1,-1,-1,-1,9,1,E01022947,0
Unvalidated,2024451460637,2024,451460637,2,9,0,4,3,7,0,0,0,0,0,0,2,1,5,2,42,7,-1,-1,-1,-1,9,1,E01030425,0
Unvalidated,2024451460637,2024,451460637,3,9,0,3,3,7,0,0,0,0,0,0,2,1,5,2,33,6,-1,-1,-1,-1,-1,3,-1,0
Unvalidated,2024451460651,2024,451460651,1,98,0,18,1,5,0,0,5,10,0,0,4,1,6,1,27,6,-1,-1,-1,-1,4,3,E01030816,0
Unvalidated,2024451460662,2024,451460662,1,98,0,11,1,5,0,0,0,0,0,0,4,1,1,1,23,5,-1,-1,-1,-1,7,1,E01016478,0
Unvalidated,2024451460662,2024,451460662,2,9,0,18,7,3,0,0,0,0,1,7,2,2,5,2,24,5,-1,-1,-1,-1,3,1,E01003438,0
Unvalidated,2024451460802,2024,451460802,1,1,0,9,1,1,0,0,0,0,0,0,2,1,6,3,35,6,-1,-1,-1,-1,9,1,E01030488,0
Unvalidated,2024451460802,2024,451460802,2,9,0,13,1,1,0,0,0,0,0,0,4,1,6,3,30,6,-1,-1,-1,-1,-1,-1,-1,0
Unvalidated,2024451460950,2024,451460950,1,3,0,2,6,2,0,1,0,0,0,0,1,1,2,2,44,7,-1,-1,-1,-1,8,1,E01030313,0
Unvalidated,2024451460950,2024,451460950,2,9,9,18,1,4,0,1,0,0,0,0,1,1,6,3,98,11,-1,-1,-1,-1,-1,-1,-1,0
Unvalidated,2024451461007,2024,451461007,1,9,0,18,5,1,0,0,0,0,0,0,0,1,5,2,35,6,-1,-1,-1,-1,10,3,E01030997,0
Unvalidated,2024451461007,2024,451461007,2,19,0,4,5,1,0,0,0,0,0,0,0,1,6,1,35,6,-1,-1,-1,-1,-1,-1,-1,0
Unvalidated,2024451461013,2024,451461013,1,1,0,18,5,1,0,2,5,0,0,0,1,1,4,1,12,3,-1,-1,-1,-1,5,1,E01030946,0
Unvalidated,2024451461052,2024,451461052,1,9,0,18,4,8,9,0,0,0,0,0,4,1,6,2,60,9,-1,-1,-1,-1,-1,-1,-1,0
Unvalidated,2024451461145,2024,451461145,1,9,0,2,1,1,99,0,0,8,0,0,4,1,5,2,32,6,-1,-1,-1,-1,6,1,E01030678,0
Unvalidated,2024451461145,2024,451461145,2,9,0,18,1,1,0,0,0,0,0,0,3,1,6,2,30,6,-1,-1,-1,-1,-1,-1,-1,0
Unvalidated,2024451461187,2024,451461187,1,9,0,18,7,3,0,0,1,0,0,0,1,2,1,1,41,7,-1,-1,-1,-1,6,1,E01001040,0
Unvalidated,2024451461344,2024,451461344,1,9,0,3,3,7,0,0,0,0,0,0,2,1,1,2,64,9,-1,-1,-1,-1,8,3,E01030478,0
Unvalidated,2024451461344,2024,451461344,2,9,0,3,7,3,0,0,0,0,0,0,2,1,5,2,80,11,-1,-1,-1,-1,10,3,E01030940,0
Unvalidated,2024451461344,2024,451461344,3,9,0,3,3,7,0,0,0,0,0,0,2,1,5,2,63,9,-1,-1,-1,-1,10,3,E01031517,0
Unvalidated,2024451461344,2024,451461344,4,9,0,3,3,7,0,0,0,0,0,0,2,1,5,2,40,7,-1,-1,-1,-1,10,1,E01030925,0
Unvalidated,2024451461344,2024,451461344,5,9,0,3,3,7,0,0,0,0,1,0,2,1,5,2,35,6,-1,-1,-1,-1,8,2,E01030877,0
Unvalidated,2024451461344,2024,451461344,6,9,0,5,3,7,0,0,0,0,0,0,1,1,5,1,60,9,-1,-1,-1,-1,9,1,E01030918,0
Unvalidated,2024451461361,2024,451461361,1,9,0,18,3,7,0,0,1,0,7,1,1,1,6,1,18,4,-1,-1,-1,-1,9,1,E01030733,0
Unvalidated,2024451461361,2024,451461361,2,9,0,18,7,3,0,0,0,0,1,0,1,1,5,1,53,8,-1,-1,-1,-1,4,1,E01030364,0
Unvalidated,2024451461373,2024,451461373,1,9,0,3,1,5,0,8,0,0,0,0,2,1,5,1,20,4,-1,-1,-1,-1,9,1,E01030379,0
Unvalidated,2024451461373,2024,451461373,2,9,0,9,1,5,0,8,0,0,0,0,1,1,6,2,25,5,-1,-1,-1,-1,-1,-1,-1,0
Unvalidated,2024451461373,2024,451461373,3,9,0,3,1,5,0,8,0,0,0,0,2,1,6,2,35,6,-1,-1,-1,-1,-1,-1,-1,0
Unvalidated,2024451461379,2024,451461379,1,9,0,18,7,3,0,0,0,0,1,0,1,1,5,2,28,6,-1,-1,-1,-1,9,2,E01030781,0
Unvalidated,2024451461379,2024,451461379,2,9,0,9,3,7,0,0,0,0,0,0,1,1,2,1,24,5,-1,-1,-1,-1,8,3,E01030784,0
Unvalidated,2024451461431,2024,451461431,1,21,1,18,7,3,0,0,0,0,0,0,1,1,1,1,59,9,-1,-1,-1,-1,7,3,E01029214,0
Unvalidated,2024451461431,2024,451461431,2,9,0,18,7,3,0,0,0,0,0,0,2,1,6,2,53,8,-1,-1,-1,-1,10,1,E01030898,0
Unvalidated,2024451461516,2024,451461516,1,9,0,18,7,3,0,1,0,0,0,0,2,1,5,1,54,8,-1,-1,-1,-1,8,1,E01030722,0
Unvalidated,2024451461516,2024,451461516,2,9,0,18,7,3,0,1,0,0,0,0,0,1,1,2,45,7,-1,-1,-1,-1,9,1,E01004191,0
Unvalidated,2024451461516,2024,451461516,3,97,0,5,7,3,0,1,0,0,0,0,1,1,1,1,21,5,-1,-1,-1,-1,3,1,E01024149,0
Unvalidated,2024451461629,2024,451461629,1,9,0,18,1,3,0,0,0,0,0,0,1,1,6,3,-1,-1,-1,-1,-1,-1,-1,-1,-1,0
Unvalidated,2024451461630,2024,451461630,1,9,0,9,5,3,0,8,0,0,0,0,3,1,5,2,38,7,-1,-1,-1,-1,5,1,E01030983,0
Unvalidated,2024451461630,2024,451461630,2,97,0,13,1,5,0,1,0,0,0,0,1,1,6,1,42,7,-1,-1,-1,-1,5,1,E01002591,0
Unvalidated,2024451461690,2024,451461690,1,98,0,18,8,3,0,0,0,0,0,0,1,1,1,1,50,8,-1,-1,-1,-1,7,2,E01030833,0
Unvalidated,2024451461690,2024,451461690,2,9,0,18,3,7,0,0,2,0,0,0,1,1,5,2,59,9,-1,-1,-1,-1,7,1,E01020357,0
Unvalidated,2024451461698,2024,451461698,1,9,0,18,5,1,0,0,0,0,0,0,4,1,2,2,61,9,-1,-1,-1,-1,7,1,E01031566,0
Unvalidated,2024451461727,2024,451461727,1,9,0,18,5,1,0,0,0,0,0,0,1,1,5,1,68,10,-1,-1,-1,-1,10,1,E01014413,0
Unvalidated,2024451461727,2024,451461727,2,9,0,2,5,1,0,0,0,0,0,0,2,1,6,3,-1,-1,-1,-1,-1,-1,-1,-1,-1,0
Unvalidated,2024451461727,2024,451461727,3,9,0,2,1,5,9,0,0,0,0,0,4,1,6,3,-1,-1,-1,-1,-1,-1,-1,-1,-1,0
Unvalidated,2024451461731,2024,451461731,1,9,0,9,1,7,0,0,0,0,0,0,1,1,5,1,41,7,-1,-1,-1,-1,-1,-1,-1,0
Unvalidated,2024451461731,2024,451461731,2,9,0,18,5,3,0,0,0,4,0,0,4,1,5,1,17,4,-1,-1,-1,-1,10,1,E01030967,0
Unvalidated,2024451461731,2024,451461731,3,9,0,2,0,0,0,0,0,0,0,0,3,1,6,3,-1,-1,-1,-1,-1,-1,-1,-1,-1,0
Unvalidated,2024451461734,2024,451461734,1,9,0,7,3,7,0,6,0,0,0,0,1,1,5,2,73,10,-1,-1,-1,-1,9,1,E01030660,0
Unvalidated,2024451461734,2024,451461734,2,1,0,18,3,7,0,2,5,0,0,0,2,1,5,1,59,9,-1,-1,-1,-1,10,1,E01030693,0
Unvalidated,2024451461840,2024,451461840,1,1,0,4,3,2,0,5,0,0,0,0,2,1,5,2,33,6,-1,-1,-1,-1,8,1,E01030927,0
Unvalidated,2024451461840,2024,451461840,2,9,0,4,3,2,0,8,0,0,0,0,1,1,5,2,55,8,-1,-1,-1,-1,8,1,E01030915,0
Unvalidated,2024451461897,2024,451461897,1,1,0,7,2,5,0,2,2,0,0,0,1,1,5,1,57,9,-1,-1,-1,-1,9,3,E01030554,0
Unvalidated,2024451461897,2024,451461897,2,90,0,18,6,3,0,1,0,0,0,0,3,1,5,2,53,8,-1,-1,-1,-1,10,3,E01030418,0
Unvalidated,2024451461992,2024,451461992,1,97,0,18,5,1,0,1,0,0,0,0,2,1,5,1,41,7,-1,-1,-1,-1,4,1,E01030634,0
Unvalidated,2024451461992,2024,451461992,2,9,0,18,5,1,0,1,0,0,0,0,3,1,5,1,36,7,-1,-1,-1,-1,8,1,E01030575,0
Unvalidated,2024451461992,2024,451461992,3,9,0,18,1,5,0,1,0,0,0,0,1,1,5,2,50,8,-1,-1,-1,-1,8,1,E01004131,0
Unvalidated,2024451461993,2024,451461993,1,9,0,18,5,8,0,8,1,0,1,1,1,1,5,1,20,4,-1,-1,-1,-1,3,1,E01003841,0
Unvalidated,2024451462017,2024,451462017,1,9,0,18,5,1,0,0,5,10,8,0,1,1,5,2,45,7,-1,-1,-1,-1,10,1,E01030522,0
Unvalidated,2024451462361,2024,451462361,1,9,0,4,1,3,0,0,0,0,0,0,2,1,5,2,22,5,-1,-1,-1,-1,10,1,E01016552,0
Unvalidated,2024451462361,2024,451462361,2,-1,0,18,1,4,0,0,0,0,0,0,1,1,6,3,98,11,-1,-1,-1,-1,-1,-1,-1,0
Unvalidated,2024451462440,2024,451462440,1,9,0,18,3,1,0,1,0,0,0,0,2,1,5,2,86,11,-1,-1,-1,-1,9,1,E01030372,0
Unvalidated,2024451462593,2024,451462593,1,9,0,18,5,1,0,0,0,0,0,0,2,1,5,2,48,8,-1,-1,-1,-1,6,1,E01030678,0
Unvalidated,2024451462593,2024,451462593,2,9,0,18,5,1,0,0,0,0,0,0,1,1,5,2,35,6,-1,-1,-1,-1,3,1,E01031783,0
Unvalidated,2024451463982,2024,451463982,1,1,0,18,3,7,0,0,1,10,0,0,3,1,5,1,44,7,-1,-1,-1,-1,-1,2,-1,0
Unvalidated,2024451463982,2024,451463982,2,20,0,15,3,7,0,0,0,0,0,0,4,1,1,3,-1,-1,-1,-1,-1,-1,-1,-1,-1,0
Unvalidated,2024451464158,2024,451464158,1,9,0,18,5,1,0,2,0,0,0,0,1,1,3,1,41,7,-1,-1,-1,-1,4,3,E01030816,0
Unvalidated,2024451464666,2024,451464666,1,9,0,9,6,3,0,3,0,0,0,0,1,1,5,1,19,4,-1,-1,-1,-1,10,1,E01001121,0
Unvalidated,2024451466227,2024,451466227,1,9,0,18,1,5,0,0,0,0,7,9,1,1,5,1,60,9,-1,-1,-1,-1,10,3,E01024426,0
Unvalidated,2024451466227,2024,451466227,2,9,0,18,5,1,0,0,0,0,0,0,1,1,5,1,68,10,-1,-1,-1,-1,8,1,E01004110,0
Unvalidated,2024451466266,2024,451466266,1,97,0,18,1,5,0,0,1,12,1,0,1,1,5,2,46,8,-1,-1,-1,-1,8,1,E01031587,0
Unvalidated,2024451466553,2024,451466553,1,9,0,-1,-1,-1,-1,0,-1,-1,-1,0,1,1,1,1,54,8,-1,-1,-1,-1,9,1,E01023115,0
Unvalidated,2024451466801,2024,451466801,1,17,0,18,5,1,9,0,5,0,7,0,1,1,2,1,30,6,-1,-1,-1,-1,7,1,E01000288,0
Unvalidated,2024451467442,2024,451467442,1,9,0,18,1,5,0,1,0,4,0,0,1,1,6,1,17,4,-1,-1,-1,-1,-1,-1,-1,0
Unvalidated,2024451467442,2024,451467442,2,97,0,2,0,0,0,1,0,0,0,0,2,1,6,3,-1,-1,-1,-1,-1,-1,-1,-1,-1,0
Unvalidated,2024451467442,2024,451467442,3,9,0,2,5,1,9,1,0,0,0,0,2,1,6,3,-1,-1,-1,-1,-1,-1,-1,-1,-1,0
Unvalidated,2024451467442,2024,451467442,4,9,0,2,5,8,9,1,0,0,0,0,2,1,6,3,-1,-1,-1,-1,-1,-1,-1,-1,-1,0
Unvalidated,2024451467518,2024,451467518,1,9,0,18,3,7,0,0,5,0,0,0,0,1,5,2,47,8,-1,-1,-1,-1,4,1,E01031549,0
Unvalidated,2024451467616,2024,451467616,1,9,0,-1,-1,-1,-1,0,-1,-1,-1,0,-1,1,6,3,-1,-1,-1,-1,-1,-1,2,1,E01002604,0
Unvalidated,2024451467617,2024,451467617,1,9,0,-1,-1,-1,-1,0,-1,-1,-1,0,-1,1,6,1,22,5,-1,-1,-1,-1,9,1,E01030704,0
Unvalidated,2024451467906,2024,451467906,1,9,0,18,7,3,0,0,0,0,0,0,3,1,5,1,29,6,-1,-1,-1,-1,8,1,E01002981,0
Unvalidated,2024451467906,2024,451467906,2,1,0,18,1,4,0,0,0,0,0,0,1,1,6,1,13,3,-1,-1,-1,-1,6,1,E01030755,0
Unvalidated,2024451471020,2024,451471020,1,9,0,18,2,6,0,4,0,4,0,0,4,2,5,1,64,9,-1,-1,-1,-1,7,1,E01002939,0
Unvalidated,2024451471020,2024,451471020,2,1,0,18,2,6,0,4,0,0,0,0,3,1,5,1,52,8,-1,-1,-1,-1,9,1,E01030325,0
Unvalidated,2024451471020,2024,451471020,3,1,0,2,5,1,0,8,0,0,0,0,2,1,5,1,63,9,-1,-1,-1,-1,4,1,E01002987,0
Unvalidated,2024451471636,2024,451471636,1,9,0,18,3,1,0,8,0,0,0,0,1,1,6,1,19,4,-1,-1,-1,-1,5,1,E01004099,0
Unvalidated,2024451471665,2024,451471665,1,3,0,18,3,7,0,1,1,0,0,0,1,1,1,1,21,5,-1,-1,-1,-1,9,1,E01030911,0
Unvalidated,2024451471665,2024,451471665,2,9,0,9,7,3,0,1,0,0,0,0,2,2,6,1,55,8,-1,-1,-1,-1,4,1,E01023144,0
Unvalidated,2024451471694,2024,451471694,1,1,0,18,3,7,0,0,0,0,1,0,3,1,2,1,-1,-1,-1,-1,-1,-1,9,1,E01003365,0
Unvalidated,2024451471694,2024,451471694,2,11,0,18,3,7,0,0,0,0,0,0,4,1,6,1,-1,-1,-1,-1,-1,-1,-1,-1,-1,0
Unvalidated,2024451471715,2024,451471715,1,9,0,18,7,4,0,0,1,0,2,0,1,2,6,1,28,6,-1,-1,-1,-1,9,3,E01030880,0
Unvalidated,2024451471935,2024,451471935,1,9,0,1,7,3,5,0,0,0,0,0,2,1,6,1,61,9,-1,-1,-1,-1,9,3,E01030441,0
Unvalidated,2024451471967,2024,451471967,1,97,0,10,7,3,0,1,1,0,0,0,2,1,5,1,21,5,-1,-1,-1,-1,10,1,E01016670,0
Unvalidated,2024451471967,2024,451471967,2,9,0,3,7,3,0,1,0,0,0,0,1,1,6,2,-1,-1,-1,-1,-1,-1,-1,-1,-1,0
Unvalidated,2024451472049,2024,451472049,1,9,0,18,5,1,0,0,0,0,7,0,1,1,2,1,48,8,-1,-1,-1,-1,6,1,E01030678,0
Unvalidated,2024451472049,2024,451472049,2,9,0,18,1,5,0,0,0,0,0,0,1,1,6,1,35,6,-1,-1,-1,-1,10,1,E01030945,0
Unvalidated,2024451472049,2024,451472049,3,9,0,18,4,8,0,0,1,0,1,0,1,1,2,2,36,7,-1,-1,-1,-1,9,1,E01031001,0
Unvalidated,2024451474227,2024,451474227,1,97,0,18,4,8,0,6,5,0,1,0,0,1,6,1,82,11,-1,-1,-1,-1,8,3,E01030529,0
Unvalidated,2024451474516,2024,451474516,1,9,0,18,1,5,0,0,0,0,0,0,1,1,2,1,51,8,-1,-1,-1,-1,3,1,E01022575,0
Unvalidated,2024451474516,2024,451474516,2,1,0,18,7,3,0,0,5,0,1,0,4,1,2,1,45,7,-1,-1,-1,-1,6,1,E01030426,0
Unvalidated,2024451479625,2024,451479625,1,9,0,9,3,4,0,8,0,0,0,0,3,1,6,2,18,4,-1,-1,-1,-1,10,2,E01030764,0
Unvalidated,2024451479625,2024,451479625,2,9,0,18,5,1,0,1,0,0,0,0,1,1,6,2,57,9,-1,-1,-1,-1,9,1,E01030690,0
Unvalidated,2024451481626,2024,451481626,1,9,0,11,4,8,0,4,0,9,4,1,1,1,5,2,27,6,-1,-1,-1,-1,6,1,E01024749,0
Unvalidated,2024451481626,2024,451481626,2,97,0,7,4,8,0,4,2,9,4,0,3,1,5,1,59,9,-1,-1,-1,-1,8,3,E01030528,0
Unvalidated,2024451493094,2024,451493094,1,9,0,18,5,1,0,0,0,0,0,0,1,1,2,1,21,5,-1,-1,-1,-1,5,3,E01031519,0
Unvalidated,2024451499756,2024,451499756,1,97,0,18,7,3,0,8,2,10,3,0,3,1,6,1,64,9,-1,-1,-1,-1,4,1,E01031980,0
Unvalidated,2024461393687,2024,461393687,1,9,0,7,5,7,0,4,0,0,0,0,4,1,6,2,35,6,-1,-1,-1,-1,-1,2,-1,0
Unvalidated,2024461393687,2024,461393687,2,9,0,5,5,3,0,4,0,0,0,0,3,1,6,1,37,7,-1,-1,-1,-1,6,2,E01016075,0
Unvalidated,2024461393694,2024,461393694,1,9,0,18,4,8,0,0,0,0,0,0,1,1,6,1,22,5,-1,-1,-1,-1,-1,-1,-1,0
Unvalidated,2024461393694,2024,461393694,2,9,0,4,4,8,0,0,0,0,0,0,3,1,5,1,33,6,-1,-1,-1,-1,6,2,E01024571,0
Unvalidated,2024461393694,2024,461393694,3,19,0,4,4,8,0,0,0,0,0,0,4,1,6,1,44,7,-1,-1,-1,-1,4,1,E01000380,0
Unvalidated,2024461393694,2024,461393694,4,9,0,4,4,8,0,0,0,0,0,0,3,1,5,1,48,8,-1,-1,-1,-1,3,1,E01024166,0
Unvalidated,2024461393694,2024,461393694,5,9,0,4,4,8,0,0,0,0,0,0,3,1,5,2,60,9,-1,-1,-1,-1,9,2,E01024088,0
Unvalidated,2024461393694,2024,461393694,6,9,0,4,4,7,0,0,0,0,0,0,4,1,5,1,60,9,-1,-1,-1,-1,1,1,E01003487,0
Unvalidated,2024461393694,2024,461393694,7,9,0,4,4,8,0,0,0,0,0,0,4,1,5,2,34,6,-1,-1,-1,-1,9,1,E01016147,0
Unvalidated,2024461393694,2024,461393694,8,9,0,4,4,8,0,0,0,0,0,0,3,1,5,1,50,8,-1,-1,-1,-1,2,1,E01021864,0
Unvalidated,2024461393694,2024,461393694,9,9,0,4,4,8,0,0,0,0,0,0,3,1,5,1,43,7,-1,-1,-1,-1,8,1,E01016175,0
Unvalidated,2024461393694,2024,461393694,10,9,0,4,4,8,0,0,0,0,0,0,4,1,5,1,30,6,-1,-1,-1,-1,2,1,E01016062,0
Unvalidated,2024461393694,2024,461393694,11,9,0,4,4,8,0,0,0,0,0,0,4,1,5,1,53,8,-1,-1,-1,-1,7,3,E01029139,0
Unvalidated,2024461393694,2024,461393694,12,9,0,4,4,8,0,0,0,0,0,0,4,1,5,2,52,8,-1,-1,-1,-1,8,1,E01016095,0
Unvalidated,2024461393694,2024,461393694,13,9,0,4,4,8,0,0,0,0,0,0,4,1,5,2,47,8,-1,-1,-1,-1,10,1,E01016132,0
Unvalidated,2024461393694,2024,461393694,14,9,0,4,4,8,0,0,0,0,0,0,4,1,5,1,34,6,-1,-1,-1,-1,3,1,E01016171,0
Unvalidated,2024461393694,2024,461393694,15,9,0,4,4,8,0,0,0,0,0,0,3,1,5,1,46,8,-1,-1,-1,-1,7,1,E01000438,0
Unvalidated,2024461393694,2024,461393694,16,9,0,18,4,8,0,0,0,0,0,0,3,1,1,1,50,8,-1,-1,-1,-1,3,1,E01024717,0
Unvalidated,2024461393694,2024,461393694,17,9,0,18,4,8,0,0,0,0,0,0,1,1,1,1,55,8,-1,-1,-1,-1,3,1,E01024717,0
Unvalidated,2024461393694,2024,461393694,18,9,0,18,4,8,0,0,0,0,0,0,3,1,1,1,35,6,-1,-1,-1,-1,3,1,E01024717,0
Unvalidated,2024461393694,2024,461393694,19,9,0,18,4,8,0,0,0,0,0,0,3,1,1,1,45,7,-1,-1,-1,-1,3,1,E01024717,0
Unvalidated,2024461393694,2024,461393694,20,9,0,4,4,8,0,0,0,0,0,0,3,2,5,1,50,8,-1,-1,-1,-1,-1,-1,-1,0
Unvalidated,2024461394046,2024,461394046,1,9,0,18,1,1,0,0,0,0,0,0,1,1,6,1,46,8,-1,-1,-1,-1,4,1,E01016141,0
Unvalidated,2024461394501,2024,461394501,1,9,0,18,7,3,0,2,0,0,0,0,1,1,2,1,36,7,-1,-1,-1,-1,2,1,E01024165,0
Unvalidated,2024461394505,2024,461394505,1,11,0,9,2,1,0,2,0,0,0,0,4,1,5,1,55,8,-1,-1,-1,-1,2,1,E01024585,0
Unvalidated,2024461394505,2024,461394505,2,9,0,18,8,4,0,1,0,0,0,0,1,1,5,1,46,8,-1,-1,-1,-1,4,1,E01024587,0
Unvalidated,2024461394505,2024,461394505,3,9,0,18,8,8,0,1,0,0,0,0,4,1,5,1,54,8,-1,-1,-1,-1,2,1,E01024616,0
Unvalidated,2024461394505,2024,461394505,4,11,0,4,4,2,0,2,0,0,0,0,0,1,1,1,18,4,-1,-1,-1,-1,1,1,E01024615,0
Unvalidated,2024461394524,2024,461394524,1,3,0,13,1,5,0,0,1,0,0,0,4,1,6,1,22,5,-1,-1,-1,-1,-1,-1,-1,0
Unvalidated,2024461394524,2024,461394524,2,9,0,18,5,1,0,0,0,0,0,0,1,1,2,1,25,5,-1,-1,-1,-1,5,1,E01016116,0
Unvalidated,2024461394524,2024,461394524,3,19,0,18,5,1,0,0,0,0,0,0,1,1,2,1,49,8,-1,-1,-1,-1,7,1,E01016078,0
Unvalidated,2024461394957,2024,461394957,1,9,0,4,7,3,0,4,0,0,0,0,1,1,1,1,21,5,-1,-1,-1,-1,-1,-1,-1,0
Unvalidated,2024461394957,2024,461394957,2,9,0,4,7,3,0,4,0,0,0,0,2,1,6,1,66,10,-1,-1,-1,-1,10,2,E01024745,0
Unvalidated,2024461394965,2024,461394965,1,9,0,13,4,1,0,0,0,0,0,0,3,1,6,1,37,7,-1,-1,-1,-1,7,3,E01032656,0
Unvalidated,2024461394965,2024,461394965,2,97,0,18,4,1,0,0,0,0,0,0,4,1,6,1,32,6,-1,-1,-1,-1,7,1,E01024578,0
Unvalidated,2024461395192,2024,461395192,1,9,0,18,6,2,0,0,0,4,0,0,1,1,6,1,24,5,-1,-1,-1,-1,8,1,E01000393,0
Unvalidated,2024461395192,2024,461395192,2,9,0,2,6,2,0,0,0,0,0,0,2,1,6,1,57,9,-1,-1,-1,-1,9,1,E01024006,0
Unvalidated,2024461395192,2024,461395192,3,9,0,18,6,2,0,0,0,0,0,0,1,1,6,1,66,10,-1,-1,-1,-1,2,1,E01003290,0
Unvalidated,2024461395192,2024,461395192,4,21,0,18,6,2,0,0,0,0,0,0,3,1,6,1,50,8,-1,-1,-1,-1,-1,-1,-1,0
Unvalidated,2024461395380,2024,461395380,1,97,0,5,6,2,0,6,0,0,0,0,1,1,5,1,69,10,-1,-1,-1,-1,6,3,E01024245,0