status,collision_index,collision_year,collision_reference,vehicle_reference,vehicle_type,towing_and_articulation,vehicle_manoeuvre,vehicle_direction_from,vehicle_direction_to,vehicle_location_restricted_lane,junction_location,skidding_and_overturning,hit_object_in_carriageway,vehicle_leaving_carriageway,hit_object_off_carriageway,first_point_of_impact,vehicle_left_hand_drive,journey_purpose_of_driver,sex_of_driver,age_of_driver,age_band_of_driver,engine_capacity_cc,propulsion_code,age_of_vehicle,generic_make_model,driver_imd_decile,driver_home_area_type,lsoa_of_driver,escooter_flag
Unvalidated,2024461395380,2024,461395380,2,9,0,18,1,4,0,6,0,0,0,0,3,1,5,1,40,7,-1,-1,-1,-1,6,3,E01024245,0
Unvalidated,2024461395423,2024,461395423,1,3,0,18,7,3,0,1,0,0,0,0,4,1,5,2,18,4,-1,-1,-1,-1,-1,-1,-1,0
Unvalidated,2024461395423,2024,461395423,2,9,0,9,1,7,0,1,0,0,0,0,3,1,5,2,53,8,-1,-1,-1,-1,8,1,E01024625,0
Unvalidated,2024461395525,2024,461395525,1,9,0,18,3,7,0,1,0,0,3,4,1,1,5,1,19,4,-1,-1,-1,-1,6,3,E01024245,0
Unvalidated,2024461395525,2024,461395525,2,9,0,18,6,2,0,8,0,0,0,0,4,1,5,1,18,4,-1,-1,-1,-1,5,2,E01024205,0
Unvalidated,2024461395562,2024,461395562,1,9,0,18,6,2,0,0,0,0,0,0,1,1,6,1,19,4,-1,-1,-1,-1,8,3,E01024723,0
Unvalidated,2024461395562,2024,461395562,2,9,0,18,2,6,0,0,0,0,1,0,1,1,6,2,53,8,-1,-1,-1,-1,5,2,E01024815,0
Unvalidated,2024461395602,2024,461395602,1,10,0,5,3,7,0,0,2,0,2,0,1,1,5,2,36,7,-1,-1,-1,-1,8,3,E01024451,0
Unvalidated,2024461395648,2024,461395648,1,9,0,18,5,5,0,6,0,0,0,0,4,1,5,1,29,6,-1,-1,-1,-1,1,1,E01024670,0
Unvalidated,2024461395648,2024,461395648,2,9,0,18,6,5,0,6,0,0,1,11,3,1,5,1,18,4,-1,-1,-1,-1,4,1,E01024669,0
Unvalidated,2024461395711,2024,461395711,1,9,0,15,7,3,0,0,1,0,7,0,4,1,6,1,22,5,-1,-1,-1,-1,9,1,E01024526,0
Unvalidated,2024461395770,2024,461395770,1,9,0,18,7,3,0,0,0,0,0,0,1,1,1,1,40,7,-1,-1,-1,-1,5,1,E01024577,0
Unvalidated,2024461395770,2024,461395770,2,9,0,18,3,7,0,0,1,0,0,0,1,1,5,2,35,6,-1,-1,-1,-1,6,2,E01024571,0
Unvalidated,2024461396116,2024,461396116,1,5,0,13,7,3,0,0,1,0,0,0,1,1,6,1,38,7,-1,-1,-1,-1,3,2,E01024567,0
Unvalidated,2024461396116,2024,461396116,2,9,0,12,7,3,0,0,0,0,0,0,3,1,6,1,19,4,-1,-1,-1,-1,2,1,E01029971,0
Unvalidated,2024461396116,2024,461396116,3,9,0,18,7,3,0,0,0,0,0,0,2,1,6,2,29,6,-1,-1,-1,-1,2,1,E01001698,0
Unvalidated,2024461396116,2024,461396116,4,19,0,18,7,3,0,0,0,0,0,0,2,1,6,1,40,7,-1,-1,-1,-1,10,2,E01016026,0
Unvalidated,2024461396122,2024,461396122,1,9,0,18,5,1,0,0,1,0,8,4,1,1,5,1,20,4,-1,-1,-1,-1,3,2,E01032830,0
Unvalidated,2024461396123,2024,461396123,1,9,0,18,3,7,0,1,0,0,0,0,0,1,5,1,43,7,-1,-1,-1,-1,9,1,E01024823,0
Unvalidated,2024461396123,2024,461396123,2,9,0,5,3,7,0,1,0,0,0,0,1,1,6,1,30,6,-1,-1,-1,-1,-1,-1,-1,0
Unvalidated,2024461396123,2024,461396123,3,19,0,2,0,0,0,1,0,0,0,0,3,1,1,1,25,5,-1,-1,-1,-1,5,1,E01000430,0
Unvalidated,2024461396123,2024,461396123,4,9,0,18,6,2,0,1,0,0,0,0,1,1,5,2,65,9,-1,-1,-1,-1,9,3,E01024431,0
Unvalidated,2024461396165,2024,461396165,1,19,0,7,6,2,0,1,0,0,0,0,4,1,6,1,46,8,-1,-1,-1,-1,8,1,E01033088,0
Unvalidated,2024461396165,2024,461396165,2,1,0,7,6,2,0,8,0,10,1,0,3,1,6,1,72,10,-1,-1,-1,-1,6,1,E01032807,0
Unvalidated,2024461396171,2024,461396171,1,19,0,11,5,1,0,1,0,0,0,0,0,1,1,1,47,8,-1,-1,-1,-1,1,3,E01024580,0
Unvalidated,2024461396171,2024,461396171,2,11,0,18,5,1,2,1,0,0,0,0,0,1,1,1,59,9,-1,-1,-1,-1,5,1,E01024095,0
Unvalidated,2024461396228,2024,461396228,1,9,0,11,4,5,0,0,0,0,0,0,1,1,6,1,71,10,-1,-1,-1,-1,9,1,E01016090,0
Unvalidated,2024461396228,2024,461396228,2,9,0,7,4,5,0,0,0,0,0,0,2,1,6,2,32,6,-1,-1,-1,-1,4,1,E01024582,0
Unvalidated,2024461396290,2024,461396290,1,9,0,9,4,8,0,1,0,0,0,0,1,1,5,2,39,7,-1,-1,-1,-1,9,1,E01016103,0
Unvalidated,2024461396290,2024,461396290,2,3,0,18,4,8,0,8,0,0,0,0,1,1,6,1,51,8,-1,-1,-1,-1,7,1,E01024572,0
Unvalidated,2024461396392,2024,461396392,1,19,0,1,3,7,0,0,0,0,0,0,2,1,6,1,-1,-1,-1,-1,-1,-1,-1,-1,-1,0
Unvalidated,2024461396392,2024,461396392,2,9,0,2,0,0,0,0,0,0,0,0,2,1,6,1,42,7,-1,-1,-1,-1,2,1,E01024170,0
Unvalidated,2024461396429,2024,461396429,1,9,0,18,5,1,0,0,0,0,0,0,0,1,6,3,-1,-1,-1,-1,-1,-1,-1,-1,-1,0
Unvalidated,2024461396429,2024,461396429,2,9,0,11,5,1,0,0,0,0,0,0,4,1,6,1,-1,-1,-1,-1,-1,-1,8,3,E01033213,0
Unvalidated,2024461396429,2024,461396429,3,9,0,18,5,1,0,0,0,0,0,0,2,1,6,1,24,5,-1,-1,-1,-1,4,1,E01024002,0
Unvalidated,2024461396435,2024,461396435,1,19,0,9,1,7,0,1,0,0,0,0,4,1,6,1,48,8,-1,-1,-1,-1,6,2,E01024783,0
Unvalidated,2024461396435,2024,461396435,2,1,0,18,5,1,0,1,0,0,0,0,3,1,6,1,50,8,-1,-1,-1,-1,6,1,E01024360,0
Unvalidated,2024461396442,2024,461396442,1,9,0,18,5,1,0,2,0,0,0,0,1,1,6,2,60,9,-1,-1,-1,-1,2,3,E01023990,0
Unvalidated,2024461396450,2024,461396450,1,9,0,18,7,3,0,0,0,0,0,0,1,1,6,1,57,9,-1,-1,-1,-1,2,1,E01024020,0
Unvalidated,2024461396547,2024,461396547,1,9,0,18,3,7,0,0,0,0,0,0,4,1,6,1,21,5,-1,-1,-1,-1,2,1,E01024294,0
Unvalidated,2024461396612,2024,461396612,1,9,0,18,6,3,0,1,0,0,0,0,4,1,2,1,26,6,-1,-1,-1,-1,-1,-1,-1,0
Unvalidated,2024461396612,2024,461396612,2,9,0,4,8,4,0,8,1,0,0,0,1,1,6,1,24,5,-1,-1,-1,-1,-1,-1,-1,0
Unvalidated,2024461396670,2024,461396670,1,9,0,18,5,5,0,0,0,0,0,0,1,1,5,2,40,7,-1,-1,-1,-1,9,1,E01032821,0
Unvalidated,2024461396670,2024,461396670,2,9,0,18,1,5,0,0,0,0,0,0,1,1,5,1,69,10,-1,-1,-1,-1,9,1,E01032821,0
Unvalidated,2024461396682,2024,461396682,1,9,0,18,3,7,0,0,1,0,1,0,1,1,6,2,59,9,-1,-1,-1,-1,1,1,E01024621,0
Unvalidated,2024461396797,2024,461396797,1,19,0,13,1,5,0,2,0,0,0,0,1,1,1,1,20,4,-1,-1,-1,-1,8,1,E01024780,0
Unvalidated,2024461396797,2024,461396797,2,1,0,18,1,5,0,2,0,0,0,0,2,1,6,2,56,9,-1,-1,-1,-1,8,1,E01024758,0
Unvalidated,2024461396883,2024,461396883,1,9,0,18,7,3,0,1,0,0,0,0,1,1,6,2,39,7,-1,-1,-1,-1,5,1,E01016034,0
Unvalidated,2024461396883,2024,461396883,2,9,0,3,7,3,0,1,0,0,0,0,2,1,6,1,78,11,-1,-1,-1,-1,4,1,E01016129,0
Unvalidated,2024461396883,2024,461396883,3,9,0,3,7,3,0,1,0,0,0,0,2,1,6,2,42,7,-1,-1,-1,-1,3,1,E01016102,0
Unvalidated,2024461396946,2024,461396946,1,9,0,16,4,8,0,0,1,0,2,4,1,1,6,1,55,8,-1,-1,-1,-1,9,1,E01016086,0
Unvalidated,2024461396982,2024,461396982,1,9,0,9,7,3,0,1,0,0,0,0,3,1,6,2,42,7,-1,-1,-1,-1,9,1,E01024376,0
Unvalidated,2024461396982,2024,461396982,2,9,0,18,3,7,0,1,0,0,0,0,3,1,2,2,54,8,-1,-1,-1,-1,6,1,E01020950,0
Unvalidated,2024461397015,2024,461397015,1,9,0,18,4,6,0,0,0,0,0,0,1,1,2,1,72,10,-1,-1,-1,-1,7,2,E01024547,0
Unvalidated,2024461397033,2024,461397033,1,21,1,11,3,6,0,0,0,0,0,0,4,1,1,1,39,7,-1,-1,-1,-1,3,1,E01000335,0
Unvalidated,2024461397033,2024,461397033,2,9,0,18,3,6,0,0,1,0,0,0,3,1,5,2,47,8,-1,-1,-1,-1,2,1,E01004269,0
Unvalidated,2024461397049,2024,461397049,1,3,0,18,2,2,0,0,1,0,0,0,1,1,2,1,20,4,-1,-1,-1,-1,10,2,E01024725,0
Unvalidated,2024461397049,2024,461397049,2,9,0,9,2,2,0,0,0,0,0,0,2,1,6,2,37,7,-1,-1,-1,-1,10,3,E01024724,0
Unvalidated,2024461397049,2024,461397049,3,9,0,18,6,6,0,0,0,0,0,0,1,1,6,1,65,9,-1,-1,-1,-1,7,1,E01024405,0
Unvalidated,2024461397207,2024,461397207,1,9,0,9,2,8,0,1,2,7,7,7,1,1,5,1,35,6,-1,-1,-1,-1,-1,-1,-1,0
Unvalidated,2024461397242,2024,461397242,1,9,0,7,4,6,0,6,0,0,0,0,1,1,6,3,-1,-1,-1,-1,-1,-1,-1,-1,-1,0
Unvalidated,2024461397242,2024,461397242,2,1,0,18,2,6,0,1,0,0,0,0,3,1,2,1,66,10,-1,-1,-1,-1,2,1,E01016068,0
Unvalidated,2024461397328,2024,461397328,1,9,0,12,5,3,0,1,0,0,0,0,4,1,6,2,29,6,-1,-1,-1,-1,-1,-1,-1,0
Unvalidated,2024461397328,2024,461397328,2,9,0,18,5,8,0,6,0,0,0,0,4,1,6,2,22,5,-1,-1,-1,-1,10,1,E01024402,0
Unvalidated,2024461397368,2024,461397368,1,9,0,18,4,6,0,0,0,4,0,0,3,1,3,2,42,7,-1,-1,-1,-1,4,3,E01016070,0
Unvalidated,2024461397368,2024,461397368,2,9,0,2,0,0,0,0,0,10,0,0,3,1,6,3,-1,-1,-1,-1,-1,-1,-1,-1,-1,0
Unvalidated,2024461397368,2024,461397368,3,9,0,2,0,0,0,0,0,0,0,0,3,1,6,3,-1,-1,-1,-1,-1,-1,-1,-1,-1,0
Unvalidated,2024461397369,2024,461397369,1,9,0,18,5,8,0,0,0,0,0,0,1,1,2,2,24,5,-1,-1,-1,-1,6,1,E01024276,0
Unvalidated,2024461397369,2024,461397369,2,9,0,3,5,2,0,0,0,0,0,0,2,1,2,2,56,9,-1,-1,-1,-1,8,2,E01024434,0
Unvalidated,2024461397418,2024,461397418,1,9,0,18,5,1,0,0,0,0,2,7,1,1,5,2,47,8,-1,-1,-1,-1,9,1,E01021512,0
Unvalidated,2024461397427,2024,461397427,1,19,0,18,7,3,0,0,0,0,0,0,4,1,6,1,55,8,-1,-1,-1,-1,8,3,E01021230,0
Unvalidated,2024461397440,2024,461397440,1,9,0,18,1,5,0,2,1,0,1,0,1,1,5,2,42,7,-1,-1,-1,-1,-1,-1,-1,0
Unvalidated,2024461397440,2024,461397440,2,9,0,18,7,3,0,1,0,0,0,0,1,1,5,2,37,7,-1,-1,-1,-1,-1,-1,-1,0
Unvalidated,2024461397444,2024,461397444,1,19,0,1,4,6,0,1,0,0,0,0,2,1,1,1,35,6,-1,-1,-1,-1,6,1,E01024401,0
Unvalidated,2024461397444,2024,461397444,2,9,0,10,4,6,0,1,0,0,0,0,3,1,6,3,-1,-1,-1,-1,-1,-1,-1,-1,-1,0
Unvalidated,2024461397457,2024,461397457,1,9,0,18,8,3,0,0,0,0,0,0,3,1,6,1,74,10,-1,-1,-1,-1,9,2,E01024088,0
Unvalidated,2024461397457,2024,461397457,2,9,0,18,8,3,0,0,0,0,0,0,3,1,6,2,50,8,-1,-1,-1,-1,9,1,E01024123,0
Unvalidated,2024461397457,2024,461397457,3,9,0,18,7,4,0,0,0,0,0,0,4,1,6,2,65,9,-1,-1,-1,-1,2,1,E01024128,0
Unvalidated,2024461397457,2024,461397457,4,9,0,18,7,5,0,0,0,0,0,0,4,1,6,1,73,10,-1,-1,-1,-1,6,1,E01024602,0
Unvalidated,2024461397464,2024,461397464,1,9,0,18,1,5,0,4,0,0,0,0,1,1,6,2,54,8,-1,-1,-1,-1,4,1,E01024290,0
Unvalidated,2024461397464,2024,461397464,2,9,0,4,1,5,0,4,0,0,0,0,2,1,6,2,30,6,-1,-1,-1,-1,4,1,E01024178,0
Unvalidated,2024461397494,2024,461397494,1,9,0,1,1,5,0,0,0,0,0,0,2,1,6,3,-1,-1,-1,-1,-1,-1,-1,-1,-1,0
Unvalidated,2024461397497,2024,461397497,1,9,0,5,2,4,0,0,2,0,0,0,1,1,2,1,34,6,-1,-1,-1,-1,10,2,E01024365,0
Unvalidated,2024461397529,2024,461397529,1,9,0,18,-1,-1,0,0,0,0,0,0,1,1,6,1,44,7,-1,-1,-1,-1,10,1,E01024386,0
Unvalidated,2024461397539,2024,461397539,1,90,1,18,3,7,0,8,0,0,0,0,1,1,1,1,29,6,-1,-1,-1,-1,3,1,E01021359,0
Unvalidated,2024461397539,2024,461397539,2,9,0,2,0,0,0,2,0,7,0,0,1,1,2,2,44,7,-1,-1,-1,-1,4,1,E01024586,0
Unvalidated,2024461397648,2024,461397648,1,9,0,-1,-1,-1,-1,0,-1,-1,-1,0,-1,1,6,1,42,7,-1,-1,-1,-1,8,1,E01023983,0
Unvalidated,2024461397650,2024,461397650,1,9,0,18,3,7,0,0,0,0,0,0,4,1,6,2,-1,-1,-1,-1,-1,-1,-1,-1,-1,0
Unvalidated,2024461397705,2024,461397705,1,9,0,18,7,3,0,1,1,0,3,1,1,1,6,2,33,6,-1,-1,-1,-1,2,1,E01024500,0
Unvalidated,2024461397705,2024,461397705,2,9,0,18,1,5,0,1,1,0,0,0,3,1,6,2,29,6,-1,-1,-1,-1,6,1,E01024457,0
Unvalidated,2024461397748,2024,461397748,1,9,0,18,2,5,0,0,0,0,0,0,3,1,6,1,48,8,-1,-1,-1,-1,7,1,E01016123,0
Unvalidated,2024461397764,2024,461397764,1,9,0,18,6,2,0,0,0,0,0,0,1,1,2,1,33,6,-1,-1,-1,-1,1,1,E01016083,0
Unvalidated,2024461397764,2024,461397764,2,11,0,18,2,6,0,0,0,0,0,0,1,1,2,1,59,9,-1,-1,-1,-1,8,1,E01024845,0
Unvalidated,2024461397804,2024,461397804,1,9,0,18,6,2,0,0,0,0,0,0,1,1,6,1,-1,-1,-1,-1,-1,-1,-1,-1,-1,0
Unvalidated,2024461397804,2024,461397804,2,1,0,18,6,2,0,0,1,0,0,0,2,1,5,1,37,7,-1,-1,-1,-1,3,1,E01024552,0
Unvalidated,2024461397837,2024,461397837,1,3,0,18,1,3,9,8,0,0,2,0,1,1,5,1,27,6,-1,-1,-1,-1,6,1,E01024250,0
Unvalidated,2024461398041,2024,461398041,1,9,0,18,6,2,0,0,0,0,0,0,1,2,6,1,79,11,-1,-1,-1,-1,7,1,E01024680,0
Unvalidated,2024461398103,2024,461398103,1,9,0,9,3,8,0,8,0,0,0,0,1,1,6,1,22,5,-1,-1,-1,-1,10,1,E01024632,0
Unvalidated,2024461398103,2024,461398103,2,9,0,2,0,0,0,8,0,0,0,0,0,1,6,3,-1,-1,-1,-1,-1,-1,-1,-1,-1,0
Unvalidated,2024461398103,2024,461398103,3,3,0,18,8,4,0,8,0,0,0,0,1,1,6,1,19,4,-1,-1,-1,-1,4,1,E01024591,0
Unvalidated,2024461398137,2024,461398137,1,9,0,18,3,3,0,0,0,0,8,7,3,1,2,1,33,6,-1,-1,-1,-1,8,1,E01033088,0
Unvalidated,2024461398328,2024,461398328,1,19,0,-1,-1,-1,-1,0,-1,-1,-1,0,-1,1,6,3,-1,-1,-1,-1,-1,-1,-1,-1,-1,0
Unvalidated,2024461398347,2024,461398347,1,19,0,18,3,7,0,0,0,0,0,0,1,1,6,1,69,10,-1,-1,-1,-1,4,1,E01016100,0
Unvalidated,2024461398359,2024,461398359,1,9,0,4,1,5,0,0,1,0,0,0,1,1,2,1,20,4,-1,-1,-1,-1,5,1,E01016116,0
Unvalidated,2024461398359,2024,461398359,2,9,0,4,1,5,0,0,0,0,0,0,2,1,1,2,39,7,-1,-1,-1,-1,7,1,E01016078,0
Unvalidated,2024461398370,2024,461398370,1,9,0,1,1,5,0,1,0,0,0,0,2,1,6,2,35,6,-1,-1,-1,-1,3,1,E01024509,0
Unvalidated,2024461398370,2024,461398370,2,1,0,3,5,1,0,1,5,0,0,0,1,1,6,1,-1,-1,-1,-1,-1,-1,1,1,E01033215,0
Unvalidated,2024461398372,2024,461398372,1,9,0,7,2,4,0,0,0,0,0,0,1,1,6,1,68,10,-1,-1,-1,-1,8,3,E01024015,0
Unvalidated,2024461398372,2024,461398372,2,9,0,4,2,4,0,0,0,0,0,0,2,1,6,1,42,7,-1,-1,-1,-1,2,1,E01024019,0
Unvalidated,2024461398407,2024,461398407,1,9,0,18,4,8,0,0,1,0,0,0,1,1,6,1,62,9,-1,-1,-1,-1,4,3,E01024622,0
Unvalidated,2024461398407,2024,461398407,2,9,0,4,4,8,0,0,1,0,0,0,2,1,6,2,19,4,-1,-1,-1,-1,6,1,E01024314,0
Unvalidated,2024461398407,2024,461398407,3,9,0,4,4,8,0,0,0,0,0,0,2,1,6,3,38,7,-1,-1,-1,-1,9,1,E01024256,0
Unvalidated,2024461398520,2024,461398520,1,9,0,18,4,8,0,0,0,11,0,0,1,1,6,2,-1,-1,-1,-1,-1,-1,9,1,E01024056,0
Unvalidated,2024461398567,2024,461398567,1,9,0,18,6,2,0,0,2,0,0,0,1,1,6,2,47,8,-1,-1,-1,-1,8,3,E01024419,0
Unvalidated,2024461398568,2024,461398568,1,9,0,18,1,5,0,0,0,0,0,0,1,1,6,1,57,9,-1,-1,-1,-1,8,1,E01024351,0
Unvalidated,2024461398568,2024,461398568,2,3,0,7,1,5,0,0,0,0,0,0,2,1,6,1,45,7,-1,-1,-1,-1,2,1,E01024374,0
Unvalidated,2024461398578,2024,461398578,1,9,0,10,1,5,0,8,1,0,0,0,4,1,6,2,75,10,-1,-1,-1,-1,9,3,E01024440,0
Unvalidated,2024461398578,2024,461398578,2,9,0,18,4,8,0,6,0,0,0,0,3,1,5,1,49,8,-1,-1,-1,-1,6,3,E01033239,0
Unvalidated,2024461398581,2024,461398581,1,9,0,5,5,1,0,1,0,0,0,0,1,1,6,2,83,11,-1,-1,-1,-1,9,1,E01016052,0
Unvalidated,2024461398682,2024,461398682,1,9,0,5,5,7,0,4,0,0,0,0,1,1,5,1,25,5,-1,-1,-1,-1,7,1,E01024578,0
Unvalidated,2024461398682,2024,461398682,2,9,0,18,3,7,0,3,0,0,0,0,4,1,5,2,30,6,-1,-1,-1,-1,5,1,E01024598,0
Unvalidated,2024461398727,2024,461398727,1,10,0,18,3,7,0,0,1,0,0,0,4,1,1,1,42,7,-1,-1,-1,-1,2,1,E01000789,0
Unvalidated,2024461398727,2024,461398727,2,21,0,2,0,0,7,0,0,0,0,0,3,1,1,1,36,7,-1,-1,-1,-1,5,1,E01024138,0
Unvalidated,2024461398727,2024,461398727,3,21,0,2,0,0,7,0,0,0,0,0,2,1,1,1,42,7,-1,-1,-1,-1,5,1,E01024138,0
Unvalidated,2024461398731,2024,461398731,1,9,0,4,4,2,0,0,1,0,0,0,3,1,6,3,-1,-1,-1,-1,-1,-1,-1,-1,-1,0
Unvalidated,2024461398731,2024,461398731,2,9,0,4,2,4,0,0,0,0,0,0,3,1,6,2,28,6,-1,-1,-1,-1,4,3,E01024624,0
Unvalidated,2024461398742,2024,461398742,1,9,0,1,3,7,9,0,0,0,0,0,2,1,6,2,34,6,-1,-1,-1,-1,2,1,E01024677,0
Unvalidated,2024461398760,2024,461398760,1,19,0,12,3,1,0,8,0,0,0,0,0,1,6,1,-1,-1,-1,-1,-1,-1,7,1,E01024712,0
Unvalidated,2024461398760,2024,461398760,2,5,0,18,5,1,0,8,5,0,0,0,0,1,6,1,36,7,-1,-1,-1,-1,4,1,E01024694,0
Unvalidated,2024461398764,2024,461398764,1,9,0,18,7,3,0,0,0,0,1,1,3,1,6,2,77,11,-1,-1,-1,-1,4,1,E01024167,0
Unvalidated,2024461398780,2024,461398780,1,9,0,18,3,7,0,0,0,0,0,0,2,1,6,1,37,7,-1,-1,-1,-1,10,1,E01024443,0
Unvalidated,2024461398780,2024,461398780,2,19,0,18,3,7,0,0,0,0,0,0,1,1,6,1,37,7,-1,-1,-1,-1,2,1,E01003933,0
Unvalidated,2024461398780,2024,461398780,3,9,0,18,3,7,0,0,0,0,0,0,1,1,6,1,31,6,-1,-1,-1,-1,4,1,E01003448,0
Unvalidated,2024461398780,2024,461398780,4,9,0,18,3,7,0,0,0,0,0,0,1,1,6,1,39,7,-1,-1,-1,-1,9,1,E01000421,0
Unvalidated,2024461398780,2024,461398780,5,9,0,18,3,7,0,0,0,0,0,0,1,1,6,2,36,7,-1,-1,-1,-1,9,1,E01024143,0
Unvalidated,2024461398780,2024,461398780,6,9,0,18,3,7,0,0,0,0,0,0,4,1,6,1,37,7,-1,-1,-1,-1,5,1,E01024282,0
Unvalidated,2024461398849,2024,461398849,1,19,0,18,6,3,0,8,0,0,0,0,1,1,6,1,37,7,-1,-1,-1,-1,3,1,E01024309,0
Unvalidated,2024461398849,2024,461398849,2,9,0,3,6,3,0,8,0,0,0,0,2,1,5,2,49,8,-1,-1,-1,-1,7,1,E01024137,0
Unvalidated,2024461398907,2024,461398907,1,9,0,9,7,5,0,8,0,0,0,0,3,1,6,1,31,6,-1,-1,-1,-1,5,1,E01024181,0
Unvalidated,2024461398907,2024,461398907,2,9,0,18,3,7,0,8,0,0,0,0,3,1,6,2,18,4,-1,-1,-1,-1,2,1,E01024616,0
Unvalidated,2024461398944,2024,461398944,1,9,0,18,1,5,0,0,0,0,1,0,1,1,5,1,92,11,-1,-1,-1,-1,6,1,E01024655,0
Unvalidated,2024461398952,2024,461398952,1,9,0,5,5,1,0,0,0,0,0,0,1,1,6,1,49,8,-1,-1,-1,-1,-1,-1,-1,0
Unvalidated,2024461398997,2024,461398997,1,9,0,4,3,7,0,0,0,0,0,0,1,1,6,1,78,11,-1,-1,-1,-1,6,1,E01024679,0
Unvalidated,2024461398997,2024,461398997,2,9,0,2,0,0,0,0,0,0,0,0,2,1,6,3,-1,-1,-1,-1,-1,-1,-1,-1,-1,0
Unvalidated,2024461399006,2024,461399006,1,9,0,18,3,7,0,0,0,0,1,7,4,1,6,2,16,4,-1,-1,-1,-1,8,1,E01024761,0
Unvalidated,2024461399023,2024,461399023,1,9,0,6,3,7,0,0,0,0,0,0,1,1,6,1,54,8,-1,-1,-1,-1,4,1,E01024384,0
Unvalidated,2024461399023,2024,461399023,2,3,0,18,8,4,0,0,0,0,0,0,1,1,2,1,35,6,-1,-1,-1,-1,6,2,E01024363,0
Unvalidated,2024461399047,2024,461399047,1,9,0,18,5,1,0,0,1,0,0,0,1,1,3,2,48,8,-1,-1,-1,-1,5,3,E01024032,0
Unvalidated,2024461399047,2024,461399047,2,19,0,18,1,5,0,0,1,0,0,0,4,1,2,1,29,6,-1,-1,-1,-1,6,1,E01024836,0
Unvalidated,2024461399055,2024,461399055,1,19,0,18,1,5,0,0,0,0,0,0,1,1,6,1,29,6,-1,-1,-1,-1,3,1,E01024480,0
Unvalidated,2024461399060,2024,461399060,1,9,0,18,5,1,0,0,1,0,0,0,4,1,6,2,22,5,-1,-1,-1,-1,5,1,E01021262,0
Unvalidated,2024461399060,2024,461399060,2,20,0,18,5,1,0,0,0,0,0,0,3,1,6,1,42,7,-1,-1,-1,-1,6,1,E01024371,0
Unvalidated,2024461399072,2024,461399072,1,9,0,4,7,3,0,0,1,0,0,0,2,1,6,1,34,6,-1,-1,-1,-1,7,1,E01016166,0
Unvalidated,2024461399072,2024,461399072,2,9,0,4,7,3,0,0,1,0,0,0,1,1,6,2,59,9,-1,-1,-1,-1,6,2,E01023986,0
Unvalidated,2024461399072,2024,461399072,3,9,0,4,7,3,0,0,1,0,0,0,1,1,1,1,-1,-1,-1,-1,-1,-1,4,1,E01000401,0
Unvalidated,2024461399080,2024,461399080,1,9,0,15,1,5,0,0,0,0,0,0,1,1,1,1,33,6,-1,-1,-1,-1,8,1,E01024044,0
Unvalidated,2024461399080,2024,461399080,2,9,0,18,5,1,0,0,0,0,0,0,1,1,6,2,58,9,-1,-1,-1,-1,4,1,E01024120,0
Unvalidated,2024461399080,2024,461399080,3,19,0,2,0,0,0,0,0,0,0,0,2,1,6,3,-1,-1,-1,-1,-1,-1,-1,-1,-1,0
Unvalidated,2024461399123,2024,461399123,1,9,0,5,5,3,0,6,0,0,0,0,3,1,6,1,44,7,-1,-1,-1,-1,10,1,E01024046,0
Unvalidated,2024461399123,2024,461399123,2,5,0,18,3,7,0,8,1,0,0,0,1,1,6,1,59,9,-1,-1,-1,-1,6,3,E01028888,0
Unvalidated,2024461399129,2024,461399129,1,9,0,9,1,3,0,6,0,0,0,0,1,1,2,2,36,7,-1,-1,-1,-1,8,2,E01024407,0
Unvalidated,2024461399129,2024,461399129,2,9,0,18,8,3,0,1,0,0,0,0,1,1,6,1,25,5,-1,-1,-1,-1,6,3,E01024787,0
Unvalidated,2024461399140,2024,461399140,1,9,0,18,5,1,0,0,1,0,0,0,1,1,2,1,27,6,-1,-1,-1,-1,5,1,E01024562,0
Unvalidated,2024461399147,2024,461399147,1,9,0,18,3,7,0,0,0,0,0,0,1,1,2,1,31,6,-1,-1,-1,-1,7,2,E01022710,0
Unvalidated,2024461399147,2024,461399147,2,9,0,11,3,6,0,0,0,0,0,0,2,1,2,2,30,6,-1,-1,-1,-1,5,3,E01024110,0
Unvalidated,2024461399147,2024,461399147,3,9,0,18,3,7,0,0,0,1,0,0,1,1,2,1,37,7,-1,-1,-1,-1,1,1,E01024563,0
Unvalidated,2024461399147,2024,461399147,4,9,0,18,3,7,0,0,0,0,0,0,2,1,2,1,32,6,-1,-1,-1,-1,8,3,E01024043,0
Unvalidated,2024461399158,2024,461399158,1,9,0,18,5,1,9,0,0,0,1,10,2,1,6,3,-1,-1,-1,-1,-1,-1,-1,-1,-1,0
Unvalidated,2024461399165,2024,461399165,1,9,0,16,8,4,0,4,1,9,3,2,1,1,6,1,29,6,-1,-1,-1,-1,7,1,E01024388,0
Unvalidated,2024461399250,2024,461399250,1,9,0,3,2,4,0,3,0,0,1,0,4,1,6,2,25,5,-1,-1,-1,-1,9,1,E01024115,0
Unvalidated,2024461399250,2024,461399250,2,9,0,3,2,4,0,3,0,0,0,0,3,1,6,2,50,8,-1,-1,-1,-1,7,1,E01024064,0
Unvalidated,2024461399255,2024,461399255,1,9,0,12,3,7,0,0,0,0,0,0,3,1,6,1,45,7,-1,-1,-1,-1,7,1,E01024141,0