status,collision_index,collision_year,collision_reference,vehicle_reference,vehicle_type,towing_and_articulation,vehicle_manoeuvre,vehicle_direction_from,vehicle_direction_to,vehicle_location_restricted_lane,junction_location,skidding_and_overturning,hit_object_in_carriageway,vehicle_leaving_carriageway,hit_object_off_carriageway,first_point_of_impact,vehicle_left_hand_drive,journey_purpose_of_driver,sex_of_driver,age_of_driver,age_band_of_driver,engine_capacity_cc,propulsion_code,age_of_vehicle,generic_make_model,driver_imd_decile,driver_home_area_type,lsoa_of_driver,escooter_flag
Unvalidated,2024461399255,2024,461399255,2,4,0,18,3,7,0,0,0,0,0,0,4,1,2,1,42,7,-1,-1,-1,-1,9,2,E01030817,0
Unvalidated,2024461399256,2024,461399256,1,9,0,18,4,8,0,0,0,0,0,0,1,1,6,1,28,6,-1,-1,-1,-1,8,3,E01033213,0
Unvalidated,2024461399256,2024,461399256,2,3,0,18,4,8,0,0,1,0,0,0,2,1,2,1,24,5,-1,-1,-1,-1,5,1,E01024495,0
Unvalidated,2024461399465,2024,461399465,1,9,0,18,2,2,0,0,0,0,0,0,1,1,5,2,32,6,-1,-1,-1,-1,6,3,E01024432,0
Unvalidated,2024461399465,2024,461399465,2,9,0,18,2,2,0,0,0,0,0,0,2,1,5,2,46,8,-1,-1,-1,-1,6,3,E01024432,0
Unvalidated,2024461399512,2024,461399512,1,9,0,18,7,3,0,0,0,0,1,9,4,2,6,1,82,11,-1,-1,-1,-1,4,3,E01023997,0
Unvalidated,2024461399535,2024,461399535,1,9,0,18,8,4,0,0,0,0,0,0,1,1,6,1,56,9,-1,-1,-1,-1,9,1,E01016081,0
Unvalidated,2024461399537,2024,461399537,1,9,0,18,5,1,0,0,5,4,0,0,2,1,6,1,34,6,-1,-1,-1,-1,6,1,E01024022,0
Unvalidated,2024461399537,2024,461399537,2,9,0,2,0,0,0,0,0,0,0,0,1,1,6,3,-1,-1,-1,-1,-1,-1,-1,-1,-1,0
Unvalidated,2024461399569,2024,461399569,1,9,0,18,8,3,0,4,0,0,0,0,1,1,6,3,-1,-1,-1,-1,-1,-1,-1,-1,-1,0
Unvalidated,2024461399569,2024,461399569,2,3,0,18,7,3,0,8,0,0,0,0,4,1,1,1,26,6,-1,-1,-1,-1,1,1,E01024670,0
Unvalidated,2024461399578,2024,461399578,1,9,0,18,3,7,0,8,0,0,0,0,1,1,6,2,24,5,-1,-1,-1,-1,3,1,E01032815,0
Unvalidated,2024461399604,2024,461399604,1,9,0,18,5,1,0,0,1,0,0,0,3,1,3,2,48,8,-1,-1,-1,-1,5,3,E01024032,0
Unvalidated,2024461399604,2024,461399604,2,19,0,18,1,5,0,0,1,0,0,0,3,1,2,1,29,6,-1,-1,-1,-1,6,1,E01024836,0
Unvalidated,2024461399607,2024,461399607,1,9,0,4,4,2,0,0,0,0,0,0,1,1,5,1,23,5,-1,-1,-1,-1,9,1,E01024253,0
Unvalidated,2024461399607,2024,461399607,2,1,0,18,2,6,0,0,0,0,0,0,1,1,6,1,18,4,-1,-1,-1,-1,9,1,E01024100,0
Unvalidated,2024461399609,2024,461399609,1,97,0,18,4,7,0,1,1,0,0,0,0,1,6,1,33,6,-1,-1,-1,-1,10,2,E01024408,0
Unvalidated,2024461399636,2024,461399636,1,9,0,18,1,5,0,0,1,0,7,9,1,1,6,1,19,4,-1,-1,-1,-1,7,1,E01024141,0
Unvalidated,2024461399637,2024,461399637,1,8,0,12,1,4,0,8,0,0,0,0,3,1,1,1,52,8,-1,-1,-1,-1,7,2,E01024388,0
Unvalidated,2024461399637,2024,461399637,2,9,0,18,8,5,0,8,0,0,7,11,4,1,6,2,55,8,-1,-1,-1,-1,3,1,E01024372,0
Unvalidated,2024461399642,2024,461399642,1,21,1,12,4,8,0,0,0,0,0,0,4,1,1,1,33,6,-1,-1,-1,-1,-1,-1,-1,0
Unvalidated,2024461399642,2024,461399642,2,9,0,18,4,8,0,0,0,0,1,4,2,1,1,1,59,9,-1,-1,-1,-1,4,1,E01000728,0
Unvalidated,2024461399642,2024,461399642,3,21,1,18,4,8,0,0,0,0,0,0,1,1,1,1,61,9,-1,-1,-1,-1,5,1,E01001632,0
Unvalidated,2024461399649,2024,461399649,1,9,0,18,3,7,0,0,0,11,0,0,1,1,6,1,36,7,-1,-1,-1,-1,10,1,E01024631,0
Unvalidated,2024461399649,2024,461399649,2,9,0,18,7,3,0,0,0,0,0,0,1,1,2,1,60,9,-1,-1,-1,-1,10,1,E01024629,0
Unvalidated,2024461399652,2024,461399652,1,21,1,12,6,2,0,0,0,0,0,0,3,1,1,1,28,6,-1,-1,-1,-1,-1,-1,-1,0
Unvalidated,2024461399652,2024,461399652,2,9,0,11,6,2,0,0,0,0,5,6,4,1,6,1,57,9,-1,-1,-1,-1,4,1,E01030304,0
Unvalidated,2024461399690,2024,461399690,1,9,0,9,2,8,0,6,0,0,0,0,3,1,6,2,48,8,-1,-1,-1,-1,2,1,E01001603,0
Unvalidated,2024461399690,2024,461399690,2,9,0,18,8,1,0,8,0,0,0,0,1,1,6,1,50,8,-1,-1,-1,-1,9,2,E01024438,0
Unvalidated,2024461399748,2024,461399748,1,11,0,18,4,8,0,8,0,0,0,0,4,1,1,1,-1,-1,-1,-1,-1,-1,6,3,E01024703,0
Unvalidated,2024461399755,2024,461399755,1,9,0,7,7,1,0,1,0,0,0,0,3,1,6,2,-1,-1,-1,-1,-1,-1,-1,-1,-1,0
Unvalidated,2024461399755,2024,461399755,2,9,0,18,5,1,0,1,0,0,0,0,4,1,6,2,47,8,-1,-1,-1,-1,7,1,E01024316,0
Unvalidated,2024461399758,2024,461399758,1,9,0,17,5,4,0,0,1,0,0,0,1,1,2,1,36,7,-1,-1,-1,-1,-1,3,-1,0
Unvalidated,2024461399758,2024,461399758,2,19,0,16,2,3,0,0,0,0,0,0,1,1,1,1,29,6,-1,-1,-1,-1,6,1,E01024062,0
Unvalidated,2024461399762,2024,461399762,1,9,0,9,2,6,0,1,0,0,0,0,1,1,6,1,22,5,-1,-1,-1,-1,6,1,E01023977,0
Unvalidated,2024461399762,2024,461399762,2,9,0,18,6,2,0,1,0,0,0,0,1,1,6,2,29,6,-1,-1,-1,-1,-1,3,-1,0
Unvalidated,2024461399798,2024,461399798,1,9,0,18,7,3,0,0,0,0,0,0,1,1,6,3,-1,-1,-1,-1,-1,-1,-1,-1,-1,0
Unvalidated,2024461399798,2024,461399798,2,9,0,3,7,3,0,0,0,0,0,0,2,1,5,1,32,6,-1,-1,-1,-1,-1,-1,-1,0
Unvalidated,2024461399798,2024,461399798,3,9,0,3,7,3,0,0,0,0,0,0,2,1,6,2,-1,-1,-1,-1,-1,-1,-1,-1,-1,0
Unvalidated,2024461399805,2024,461399805,1,9,0,18,5,1,0,0,0,0,0,0,1,1,6,1,41,7,-1,-1,-1,-1,2,1,W01001371,0
Unvalidated,2024461399805,2024,461399805,2,9,0,4,5,1,0,0,0,0,0,0,2,1,6,2,31,6,-1,-1,-1,-1,1,1,E01024278,0
Unvalidated,2024461399878,2024,461399878,1,9,0,18,1,5,0,0,1,0,0,0,3,1,6,2,35,6,-1,-1,-1,-1,4,3,E01024086,0
Unvalidated,2024461399878,2024,461399878,2,8,0,18,5,1,0,0,0,0,0,0,3,1,6,1,65,9,-1,-1,-1,-1,5,2,E01024191,0
Unvalidated,2024461399910,2024,461399910,1,9,0,18,4,8,0,0,0,0,0,0,4,1,6,3,-1,-1,-1,-1,-1,-1,-1,-1,-1,0
Unvalidated,2024461400066,2024,461400066,1,9,0,9,6,3,0,8,0,0,0,0,4,1,6,1,83,11,-1,-1,-1,-1,5,1,E01024601,0
Unvalidated,2024461400066,2024,461400066,2,3,0,15,1,5,0,6,0,0,0,0,3,1,6,1,50,8,-1,-1,-1,-1,10,1,E01024631,0
Unvalidated,2024461400082,2024,461400082,1,9,0,18,7,3,9,0,1,0,7,0,1,1,1,2,19,4,-1,-1,-1,-1,5,1,E01032654,0
Unvalidated,2024461400143,2024,461400143,1,9,0,18,2,5,0,0,5,4,0,0,1,1,3,2,38,7,-1,-1,-1,-1,8,3,E01024237,0
Unvalidated,2024461400143,2024,461400143,2,9,0,2,5,5,0,0,0,4,0,0,3,1,6,3,-1,-1,-1,-1,-1,-1,-1,-1,-1,0
Unvalidated,2024461400148,2024,461400148,1,9,0,3,2,6,0,0,0,0,0,0,1,1,1,1,38,7,-1,-1,-1,-1,9,1,E01032816,0
Unvalidated,2024461400148,2024,461400148,2,97,0,3,2,6,0,0,0,0,0,0,2,1,2,1,47,8,-1,-1,-1,-1,7,1,E01024131,0
Unvalidated,2024461400192,2024,461400192,1,9,0,18,3,8,0,1,0,0,0,0,1,1,2,1,59,9,-1,-1,-1,-1,6,1,E01024606,0
Unvalidated,2024461400197,2024,461400197,1,9,0,9,1,3,0,6,0,0,0,0,1,1,6,1,31,6,-1,-1,-1,-1,1,1,E01024670,0
Unvalidated,2024461400197,2024,461400197,2,9,0,18,7,3,0,2,0,0,0,0,3,1,6,2,27,6,-1,-1,-1,-1,1,1,E01024649,0
Unvalidated,2024461400427,2024,461400427,1,21,0,7,8,3,0,1,0,0,0,0,1,1,1,1,49,8,-1,-1,-1,-1,-1,-1,-1,0
Unvalidated,2024461400433,2024,461400433,1,9,0,18,4,8,0,0,0,0,1,1,4,1,6,1,33,6,-1,-1,-1,-1,1,1,E01016019,0
Unvalidated,2024461400442,2024,461400442,1,9,0,13,3,7,0,0,1,0,0,0,1,1,6,2,49,8,-1,-1,-1,-1,5,2,E01024485,0
Unvalidated,2024461400442,2024,461400442,2,9,0,18,3,7,0,0,2,0,2,0,1,1,6,1,68,10,-1,-1,-1,-1,7,3,E01024417,0
Unvalidated,2024461400461,2024,461400461,1,9,0,18,1,1,0,0,0,0,0,0,2,1,2,1,61,9,-1,-1,-1,-1,9,1,E01000647,0
Unvalidated,2024461400461,2024,461400461,2,19,0,18,5,4,0,0,0,0,0,0,1,1,2,1,56,9,-1,-1,-1,-1,2,1,E01000729,0
Unvalidated,2024461400473,2024,461400473,1,9,0,18,6,2,0,0,0,0,0,0,4,1,5,1,73,10,-1,-1,-1,-1,7,3,E01024804,0
Unvalidated,2024461400473,2024,461400473,2,9,0,18,1,5,0,0,0,0,0,0,4,1,2,1,37,7,-1,-1,-1,-1,-1,3,-1,0
Unvalidated,2024461400530,2024,461400530,1,9,0,18,3,7,0,0,0,0,0,0,1,1,5,1,85,11,-1,-1,-1,-1,8,1,E01024063,0
Unvalidated,2024461400530,2024,461400530,2,9,0,3,4,8,0,0,0,0,5,6,2,1,5,1,26,6,-1,-1,-1,-1,-1,-1,-1,0
Unvalidated,2024461400530,2024,461400530,3,19,0,3,3,7,0,0,0,0,0,0,2,1,1,1,26,6,-1,-1,-1,-1,8,1,E01024063,0
Unvalidated,2024461400551,2024,461400551,1,9,0,18,5,1,0,0,0,10,0,0,4,1,2,2,22,5,-1,-1,-1,-1,9,1,E01024056,0
Unvalidated,2024461400562,2024,461400562,1,9,0,18,5,3,0,0,1,0,1,11,1,1,5,2,47,8,-1,-1,-1,-1,7,1,E01024073,0
Unvalidated,2024461400613,2024,461400613,1,9,0,18,5,1,0,0,2,0,7,0,1,1,5,2,34,6,-1,-1,-1,-1,3,1,E01024641,0
Unvalidated,2024461400634,2024,461400634,1,8,0,18,1,5,0,1,0,0,0,0,1,1,1,1,57,9,-1,-1,-1,-1,5,1,E01024223,0
Unvalidated,2024461400634,2024,461400634,2,9,0,4,1,5,0,1,0,0,0,0,2,1,6,2,56,9,-1,-1,-1,-1,7,2,E01024232,0
Unvalidated,2024461400662,2024,461400662,1,9,0,18,5,1,0,0,2,0,7,0,4,1,5,2,34,6,-1,-1,-1,-1,3,1,E01024641,0
Unvalidated,2024461400668,2024,461400668,1,21,0,11,6,2,0,0,0,0,0,0,4,1,1,1,63,9,-1,-1,-1,-1,3,1,E01015868,0
Unvalidated,2024461400668,2024,461400668,2,9,0,18,6,2,0,0,0,0,2,11,3,1,6,2,65,9,-1,-1,-1,-1,4,1,E01000405,0
Unvalidated,2024461400740,2024,461400740,1,9,0,18,6,2,0,2,1,0,1,0,4,1,5,1,36,7,-1,-1,-1,-1,10,1,E01024336,0
Unvalidated,2024461400766,2024,461400766,1,9,0,2,7,3,0,0,0,0,0,0,3,1,1,1,39,7,-1,-1,-1,-1,6,1,E01024833,0
Unvalidated,2024461400766,2024,461400766,2,2,0,7,1,2,0,0,1,8,0,0,1,1,5,1,16,4,-1,-1,-1,-1,7,1,E01024801,0
Unvalidated,2024461400776,2024,461400776,1,9,0,18,2,6,0,0,0,0,0,0,1,1,6,2,41,7,-1,-1,-1,-1,10,1,E01024324,0
Unvalidated,2024461400776,2024,461400776,2,9,0,18,6,2,0,0,0,0,0,0,1,1,6,2,33,6,-1,-1,-1,-1,7,3,E01024727,0
Unvalidated,2024461400776,2024,461400776,3,9,0,18,6,2,0,0,0,0,0,0,1,1,6,1,32,6,-1,-1,-1,-1,9,1,E01016172,0
Unvalidated,2024461400807,2024,461400807,1,3,0,13,7,3,0,8,0,0,0,0,4,1,5,1,17,4,-1,-1,-1,-1,4,3,E01024377,0
Unvalidated,2024461400807,2024,461400807,2,9,0,9,7,3,0,8,0,0,0,0,3,1,5,1,52,8,-1,-1,-1,-1,5,2,E01024342,0
Unvalidated,2024461400812,2024,461400812,1,9,0,8,7,3,0,1,0,0,0,0,1,1,6,3,-1,-1,-1,-1,-1,-1,-1,-1,-1,0
Unvalidated,2024461400812,2024,461400812,2,9,0,18,3,7,0,1,0,0,0,0,1,1,6,1,22,5,-1,-1,-1,-1,7,2,E01024437,0
Unvalidated,2024461401005,2024,461401005,1,9,0,18,4,8,0,0,0,0,0,0,4,1,6,1,62,9,-1,-1,-1,-1,10,1,E01024782,0
Unvalidated,2024461401046,2024,461401046,1,8,0,18,7,3,0,1,0,0,0,0,1,1,1,1,52,8,-1,-1,-1,-1,6,1,E01024367,0
Unvalidated,2024461401046,2024,461401046,2,9,0,4,7,3,0,1,0,0,0,0,2,1,6,1,43,7,-1,-1,-1,-1,2,1,E01024374,0
Unvalidated,2024461401050,2024,461401050,1,9,0,18,7,3,0,0,1,0,1,0,1,1,6,1,53,8,-1,-1,-1,-1,6,1,E01000726,0
Unvalidated,2024461401056,2024,461401056,1,9,0,7,6,3,0,1,0,0,0,0,1,2,6,1,37,7,-1,-1,-1,-1,8,1,E01024184,0
Unvalidated,2024461401073,2024,461401073,1,9,0,2,0,0,0,2,0,0,0,0,1,1,6,1,71,10,-1,-1,-1,-1,8,1,E01024845,0
Unvalidated,2024461401096,2024,461401096,1,9,0,18,5,1,0,0,1,0,0,0,1,1,5,1,63,9,-1,-1,-1,-1,4,1,E01003074,0
Unvalidated,2024461401096,2024,461401096,2,9,0,18,5,1,0,0,1,0,0,0,1,1,5,1,20,4,-1,-1,-1,-1,4,1,E01021506,0
Unvalidated,2024461401096,2024,461401096,3,9,0,18,5,1,0,0,1,0,0,0,1,1,5,2,34,6,-1,-1,-1,-1,5,1,E01001685,0
Unvalidated,2024461401096,2024,461401096,4,9,0,18,5,1,0,0,1,0,0,0,1,1,5,1,48,8,-1,-1,-1,-1,3,1,E01024600,0
Unvalidated,2024461401096,2024,461401096,5,9,0,18,5,1,0,0,1,0,0,0,1,1,5,1,39,7,-1,-1,-1,-1,5,1,E01024356,0
Unvalidated,2024461401096,2024,461401096,6,9,0,18,5,1,0,0,1,0,0,0,1,1,5,1,21,5,-1,-1,-1,-1,-1,-1,-1,0
Unvalidated,2024461401096,2024,461401096,7,9,0,18,5,1,0,0,1,0,0,0,1,1,5,2,57,9,-1,-1,-1,-1,4,1,E01033727,0
Unvalidated,2024461401096,2024,461401096,8,9,0,18,5,1,0,0,1,0,0,0,1,1,5,1,22,5,-1,-1,-1,-1,9,2,E01024265,0
Unvalidated,2024461401096,2024,461401096,9,9,0,18,5,1,0,0,1,0,0,0,1,1,5,1,45,7,-1,-1,-1,-1,5,1,E01016088,0
Unvalidated,2024461401096,2024,461401096,10,9,0,18,5,1,0,0,1,0,0,0,1,1,5,1,43,7,-1,-1,-1,-1,1,1,E01024240,0
Unvalidated,2024461401096,2024,461401096,11,9,0,18,5,1,0,0,1,0,0,0,1,1,5,2,55,8,-1,-1,-1,-1,9,1,E01016052,0
Unvalidated,2024461401096,2024,461401096,12,9,0,18,5,1,0,0,1,0,0,0,1,1,5,2,68,10,-1,-1,-1,-1,5,1,E01024638,0
Unvalidated,2024461401096,2024,461401096,13,9,0,18,5,1,0,0,1,0,0,0,2,1,5,1,53,8,-1,-1,-1,-1,4,3,E01024042,0
Unvalidated,2024461401107,2024,461401107,1,9,0,2,0,0,0,0,0,0,0,0,3,1,6,3,-1,-1,-1,-1,-1,-1,-1,-1,-1,0
Unvalidated,2024461401107,2024,461401107,2,4,0,18,-1,-1,0,0,0,0,0,0,4,1,1,2,25,5,-1,-1,-1,-1,4,1,E01024293,0
Unvalidated,2024461401116,2024,461401116,1,9,0,4,3,7,0,1,0,0,0,0,1,1,1,2,21,5,-1,-1,-1,-1,1,1,E01024609,0
Unvalidated,2024461401116,2024,461401116,2,9,0,4,3,7,0,1,0,0,0,0,2,1,5,1,40,7,-1,-1,-1,-1,1,3,E01024580,0
Unvalidated,2024461401126,2024,461401126,1,23,0,18,1,5,0,8,0,0,0,0,1,1,6,1,18,4,-1,-1,-1,-1,-1,-1,-1,0
Unvalidated,2024461401126,2024,461401126,2,9,0,18,7,3,0,8,0,0,0,0,4,1,5,2,74,10,-1,-1,-1,-1,9,1,E01016133,0
Unvalidated,2024461401150,2024,461401150,1,9,0,18,3,7,0,0,0,0,0,0,4,1,1,1,-1,-1,-1,-1,-1,-1,-1,-1,-1,0
Unvalidated,2024461401164,2024,461401164,1,9,0,18,7,3,0,3,0,0,0,0,3,1,1,1,-1,-1,-1,-1,-1,-1,9,1,E01024972,0
Unvalidated,2024461401164,2024,461401164,2,9,0,18,7,3,0,3,0,0,0,0,1,1,2,2,48,8,-1,-1,-1,-1,7,3,E01021902,0
Unvalidated,2024461401172,2024,461401172,1,9,0,3,2,8,0,2,0,0,0,0,3,1,6,1,44,7,-1,-1,-1,-1,2,1,E01016117,0
Unvalidated,2024461401172,2024,461401172,2,9,0,3,2,8,0,1,0,0,0,0,2,1,2,2,32,6,-1,-1,-1,-1,2,1,E01016066,0
Unvalidated,2024461401182,2024,461401182,1,19,0,18,1,5,0,1,0,0,0,0,3,1,2,1,-1,-1,-1,-1,-1,-1,9,1,E01024116,0
Unvalidated,2024461401206,2024,461401206,1,9,0,9,6,3,0,6,0,0,0,0,1,1,5,1,37,7,-1,-1,-1,-1,8,1,E01024184,0
Unvalidated,2024461401225,2024,461401225,1,9,0,5,1,5,0,1,0,0,0,0,4,1,5,2,24,5,-1,-1,-1,-1,8,1,E01024261,0
Unvalidated,2024461401225,2024,461401225,2,9,0,18,3,7,0,1,0,0,0,0,1,1,5,1,42,7,-1,-1,-1,-1,7,1,E01032619,0
Unvalidated,2024461401268,2024,461401268,1,9,0,18,3,7,0,0,0,0,0,0,-1,1,5,3,-1,-1,-1,-1,-1,-1,-1,-1,-1,0
Unvalidated,2024461401298,2024,461401298,1,9,0,15,5,1,0,0,0,4,0,0,4,1,6,2,50,8,-1,-1,-1,-1,3,1,E01024149,0
Unvalidated,2024461401298,2024,461401298,2,9,0,2,0,0,0,0,0,0,0,0,2,1,6,1,37,7,-1,-1,-1,-1,2,1,E01028112,0
Unvalidated,2024461401317,2024,461401317,1,9,0,18,5,1,0,1,1,0,1,0,1,1,6,2,32,6,-1,-1,-1,-1,5,2,E01021114,0
Unvalidated,2024461401325,2024,461401325,1,20,0,7,2,5,0,0,0,0,0,0,3,1,6,1,50,8,-1,-1,-1,-1,3,1,E01004317,0
Unvalidated,2024461401325,2024,461401325,2,9,0,7,8,5,0,0,0,0,0,0,4,1,6,2,76,11,-1,-1,-1,-1,6,2,E01024557,0
Unvalidated,2024461401325,2024,461401325,3,9,0,3,2,5,0,0,0,0,0,0,2,1,6,2,21,5,-1,-1,-1,-1,7,1,E01024576,0
Unvalidated,2024461401337,2024,461401337,1,9,0,9,8,7,0,1,0,0,0,0,1,1,2,2,28,6,-1,-1,-1,-1,5,2,E01024342,0
Unvalidated,2024461401463,2024,461401463,1,9,0,7,7,1,0,2,0,0,0,0,1,1,6,3,-1,-1,-1,-1,-1,-1,-1,-1,-1,0
Unvalidated,2024461401463,2024,461401463,2,3,0,18,5,1,0,1,0,0,0,0,4,1,6,1,19,4,-1,-1,-1,-1,2,1,E01000386,0
Unvalidated,2024461401498,2024,461401498,1,9,0,18,8,5,0,0,0,0,0,0,1,1,2,1,48,8,-1,-1,-1,-1,2,1,E01016042,0
Unvalidated,2024461401498,2024,461401498,2,19,0,18,8,5,0,0,0,0,0,0,2,1,1,1,32,6,-1,-1,-1,-1,6,1,E01001572,0
Unvalidated,2024461401585,2024,461401585,1,9,0,18,-1,-1,0,1,0,0,0,0,1,1,6,1,-1,-1,-1,-1,-1,-1,-1,-1,-1,0
Unvalidated,2024461401616,2024,461401616,1,19,0,9,6,2,0,5,0,0,0,0,1,1,5,1,-1,-1,-1,-1,-1,-1,1,1,E01024611,0
Unvalidated,2024461401616,2024,461401616,2,9,0,18,2,6,0,8,0,0,0,0,1,1,5,1,22,5,-1,-1,-1,-1,10,1,E01024329,0
Unvalidated,2024461401616,2024,461401616,3,9,0,18,6,2,0,8,0,0,0,0,1,1,5,1,27,6,-1,-1,-1,-1,6,3,E01024335,0
Unvalidated,2024461401617,2024,461401617,1,9,0,18,1,5,0,1,0,0,0,0,4,1,6,1,60,9,-1,-1,-1,-1,8,1,E01000370,0
Unvalidated,2024461401617,2024,461401617,2,97,0,18,1,5,0,1,0,0,0,0,3,1,6,1,49,8,-1,-1,-1,-1,7,1,E01002300,0
Unvalidated,2024461401749,2024,461401749,1,9,0,18,7,4,0,0,0,0,0,0,1,1,2,2,33,6,-1,-1,-1,-1,6,1,E01024276,0
Unvalidated,2024461401749,2024,461401749,2,9,0,18,3,7,0,0,0,0,0,0,3,1,3,2,47,8,-1,-1,-1,-1,6,1,E01024260,0
Unvalidated,2024461401757,2024,461401757,1,9,0,18,4,8,0,0,0,0,0,0,1,1,6,1,65,9,-1,-1,-1,-1,6,1,E01024096,0
Unvalidated,2024461401757,2024,461401757,2,9,0,4,4,8,0,0,0,0,0,0,2,1,6,1,18,4,-1,-1,-1,-1,9,1,E01024074,0
Unvalidated,2024461401804,2024,461401804,1,9,0,16,1,4,0,0,0,0,0,0,3,1,6,2,49,8,-1,-1,-1,-1,6,1,E01024520,0
Unvalidated,2024461401804,2024,461401804,2,9,0,17,4,1,0,0,0,0,0,0,3,1,6,1,75,10,-1,-1,-1,-1,6,3,E01024546,0
Unvalidated,2024461401869,2024,461401869,1,9,0,9,6,8,0,5,0,0,6,0,3,1,2,2,28,6,-1,-1,-1,-1,4,3,E01024535,0
Unvalidated,2024461401869,2024,461401869,2,9,0,2,0,0,0,1,0,0,0,0,0,1,2,1,69,10,-1,-1,-1,-1,5,1,E01000803,0
Unvalidated,2024461401869,2024,461401869,3,9,0,15,6,6,0,1,0,11,7,0,4,1,1,1,-1,-1,-1,-1,-1,-1,-1,-1,-1,0
Unvalidated,2024461401895,2024,461401895,1,9,0,18,6,3,0,2,2,0,0,0,1,1,2,1,48,8,-1,-1,-1,-1,5,3,E01024565,0
Unvalidated,2024461402020,2024,461402020,1,9,0,18,3,7,0,0,0,0,0,0,0,1,6,1,47,8,-1,-1,-1,-1,7,1,E01024288,0
Unvalidated,2024461402086,2024,461402086,1,9,0,18,3,7,0,0,0,0,0,0,1,1,6,3,-1,-1,-1,-1,-1,-1,-1,-1,-1,0
Unvalidated,2024461402086,2024,461402086,2,9,0,3,3,7,0,0,0,0,0,0,2,1,6,1,53,8,-1,-1,-1,-1,3,1,E01016037,0
Unvalidated,2024461402090,2024,461402090,1,9,0,18,5,1,0,0,0,0,0,0,3,1,5,3,-1,-1,-1,-1,-1,-1,-1,-1,-1,0
Unvalidated,2024461402154,2024,461402154,1,9,0,7,3,7,0,0,0,0,0,0,1,1,5,3,-1,-1,-1,-1,-1,-1,-1,-1,-1,0
Unvalidated,2024461402162,2024,461402162,1,9,0,16,7,3,0,8,0,0,0,0,4,1,1,1,39,7,-1,-1,-1,-1,8,1,E01032819,0
Unvalidated,2024461402162,2024,461402162,2,19,0,7,7,4,0,2,0,0,0,0,1,1,1,1,24,5,-1,-1,-1,-1,4,1,E01003268,0
Unvalidated,2024461402164,2024,461402164,1,9,0,18,7,3,0,1,0,0,0,0,1,1,6,1,18,4,-1,-1,-1,-1,6,2,E01024236,0
Unvalidated,2024461402164,2024,461402164,2,1,0,18,7,3,0,1,0,0,0,0,1,1,6,1,5,1,-1,-1,-1,-1,6,2,E01024236,0
Unvalidated,2024461402183,2024,461402183,1,9,0,18,1,2,0,0,1,0,1,6,1,1,5,1,22,5,-1,-1,-1,-1,6,1,E01024230,0
Unvalidated,2024461402223,2024,461402223,1,9,0,7,7,2,0,0,0,0,0,0,1,1,6,2,52,8,-1,-1,-1,-1,7,1,E01024003,0
Unvalidated,2024461402223,2024,461402223,2,1,0,18,1,5,0,0,0,0,0,0,1,1,6,1,14,3,-1,-1,-1,-1,7,1,E01032820,0
Unvalidated,2024461402249,2024,461402249,1,19,0,9,8,4,0,8,0,0,0,0,1,1,6,1,34,6,-1,-1,-1,-1,5,1,E01024594,0
Unvalidated,2024461402249,2024,461402249,2,3,0,18,3,7,0,8,0,0,0,0,1,1,6,1,23,5,-1,-1,-1,-1,7,1,E01024058,0
Unvalidated,2024461402270,2024,461402270,1,9,0,18,1,3,0,0,5,4,0,0,1,1,2,2,21,5,-1,-1,-1,-1,9,3,E01030822,0
Unvalidated,2024461402270,2024,461402270,2,9,0,2,3,3,9,0,0,4,0,0,3,1,6,2,53,8,-1,-1,-1,-1,5,2,E01024427,0
Unvalidated,2024461402309,2024,461402309,1,21,0,11,4,8,0,0,0,0,0,0,1,1,1,1,45,7,-1,-1,-1,-1,6,1,E01015672,0
Unvalidated,2024461402309,2024,461402309,2,9,0,3,5,8,0,0,0,0,0,0,3,1,5,2,58,9,-1,-1,-1,-1,8,1,E01024784,0
Unvalidated,2024461402316,2024,461402316,1,9,0,9,6,2,0,0,0,0,0,0,1,1,6,1,41,7,-1,-1,-1,-1,4,1,E01024690,0
Unvalidated,2024461402362,2024,461402362,1,9,0,18,2,6,0,8,0,0,0,0,1,1,6,2,63,9,-1,-1,-1,-1,3,1,E01033744,0
Unvalidated,2024461402362,2024,461402362,2,9,0,18,4,8,0,8,0,0,0,0,1,1,6,1,64,9,-1,-1,-1,-1,8,1,E01024511,0
Unvalidated,2024461402397,2024,461402397,1,9,0,4,4,8,0,0,0,0,0,0,1,1,6,1,-1,-1,-1,-1,-1,-1,6,1,E01001571,0
Unvalidated,2024461402410,2024,461402410,1,9,0,18,7,3,0,0,0,0,9,0,1,1,6,1,57,9,-1,-1,-1,-1,10,2,E01016145,0
Unvalidated,2024461402410,2024,461402410,2,9,0,18,7,3,0,0,0,0,9,0,1,1,6,2,42,7,-1,-1,-1,-1,6,3,E01023431,0
Unvalidated,2024461402410,2024,461402410,3,9,0,18,7,3,0,0,0,0,9,0,2,1,6,1,32,6,-1,-1,-1,-1,8,2,E01016144,0
Unvalidated,2024461402455,2024,461402455,1,9,0,18,1,5,0,0,0,0,0,0,1,1,2,1,62,9,-1,-1,-1,-1,-1,3,-1,0
Unvalidated,2024461402475,2024,461402475,1,9,0,18,3,7,-1,0,0,0,0,0,1,1,2,1,45,7,-1,-1,-1,-1,6,2,E01024568,0