status,collision_index,collision_year,collision_reference,vehicle_reference,vehicle_type,towing_and_articulation,vehicle_manoeuvre,vehicle_direction_from,vehicle_direction_to,vehicle_location_restricted_lane,junction_location,skidding_and_overturning,hit_object_in_carriageway,vehicle_leaving_carriageway,hit_object_off_carriageway,first_point_of_impact,vehicle_left_hand_drive,journey_purpose_of_driver,sex_of_driver,age_of_driver,age_band_of_driver,engine_capacity_cc,propulsion_code,age_of_vehicle,generic_make_model,driver_imd_decile,driver_home_area_type,lsoa_of_driver,escooter_flag
Unvalidated,2024461402542,2024,461402542,1,9,0,18,7,3,0,0,0,0,1,4,1,1,6,1,46,8,-1,-1,-1,-1,9,1,E01003857,0
Unvalidated,2024461402582,2024,461402582,1,9,0,18,4,8,0,0,0,0,0,0,1,1,5,2,32,6,-1,-1,-1,-1,1,1,E01024621,0
Unvalidated,2024461402582,2024,461402582,2,9,0,3,4,8,0,0,0,0,0,0,2,1,5,2,19,4,-1,-1,-1,-1,5,3,E01032654,0
Unvalidated,2024461402582,2024,461402582,3,9,0,3,4,8,0,0,0,0,0,0,2,1,5,2,55,8,-1,-1,-1,-1,5,1,E01024595,0
Unvalidated,2024461402613,2024,461402613,1,9,0,18,1,5,0,0,0,0,0,0,0,1,1,1,36,7,-1,-1,-1,-1,1,1,E01024612,0
Unvalidated,2024461402613,2024,461402613,2,9,0,18,1,5,0,0,0,0,0,0,0,1,1,1,30,6,-1,-1,-1,-1,-1,1,-1,0
Unvalidated,2024461402624,2024,461402624,1,21,1,12,1,5,0,0,0,0,0,0,1,2,1,1,42,7,-1,-1,-1,-1,-1,-1,-1,0
Unvalidated,2024461402624,2024,461402624,2,9,0,13,1,5,0,0,1,0,0,0,4,1,5,2,24,5,-1,-1,-1,-1,10,1,E01024325,0
Unvalidated,2024461402710,2024,461402710,1,9,0,18,1,5,0,0,0,0,0,0,4,1,6,2,46,8,-1,-1,-1,-1,6,1,E01032817,0
Unvalidated,2024461402710,2024,461402710,2,9,0,9,5,1,0,0,0,0,0,0,3,1,6,1,38,7,-1,-1,-1,-1,6,2,E01024040,0
Unvalidated,2024461402752,2024,461402752,1,3,0,18,4,8,0,1,1,0,0,0,1,1,6,1,22,5,-1,-1,-1,-1,6,3,E01024084,0
Unvalidated,2024461402752,2024,461402752,2,9,0,4,4,8,0,1,0,0,0,0,2,1,6,1,49,8,-1,-1,-1,-1,9,1,E01024526,0
Unvalidated,2024461402752,2024,461402752,3,9,0,18,4,8,0,1,0,0,0,0,0,1,5,1,35,6,-1,-1,-1,-1,-1,-1,-1,0
Unvalidated,2024461402769,2024,461402769,1,9,0,9,8,4,0,8,0,0,0,0,4,1,6,1,38,7,-1,-1,-1,-1,2,1,E01001722,0
Unvalidated,2024461402769,2024,461402769,2,9,0,18,3,7,0,1,0,0,0,0,4,1,6,2,31,6,-1,-1,-1,-1,2,1,E01016018,0
Unvalidated,2024461402769,2024,461402769,3,9,0,4,3,7,0,1,0,0,0,0,1,1,5,1,26,6,-1,-1,-1,-1,2,1,E01016061,0
Unvalidated,2024461402772,2024,461402772,1,9,0,7,1,3,0,0,0,0,2,1,4,1,1,1,48,8,-1,-1,-1,-1,7,1,E01024141,0
Unvalidated,2024461402789,2024,461402789,1,9,0,5,5,7,0,2,0,0,0,0,1,1,6,1,85,11,-1,-1,-1,-1,1,1,E01016083,0
Unvalidated,2024461402789,2024,461402789,2,9,0,18,3,7,0,1,0,0,0,0,4,1,6,1,31,6,-1,-1,-1,-1,6,1,E01033091,0
Unvalidated,2024461402805,2024,461402805,1,9,0,18,-1,-1,0,1,0,0,0,0,1,1,6,1,75,10,-1,-1,-1,-1,7,1,E01024234,0
Unvalidated,2024461402833,2024,461402833,1,9,0,18,5,5,0,0,0,0,0,0,1,1,2,1,40,7,-1,-1,-1,-1,8,1,E01024004,0
Unvalidated,2024461402833,2024,461402833,2,9,0,3,5,4,0,0,0,0,0,0,2,1,6,1,43,7,-1,-1,-1,-1,2,1,E01024648,0
Unvalidated,2024461402845,2024,461402845,1,9,0,18,7,3,0,1,0,0,0,0,1,1,6,3,-1,-1,-1,-1,-1,-1,-1,-1,-1,0
Unvalidated,2024461402845,2024,461402845,2,9,0,18,7,3,0,1,0,0,0,0,2,1,6,1,35,6,-1,-1,-1,-1,8,3,E01024015,0
Unvalidated,2024461402975,2024,461402975,1,9,0,18,3,7,0,1,0,0,0,0,1,1,6,1,52,8,-1,-1,-1,-1,4,1,E01016115,0
Unvalidated,2024461402975,2024,461402975,2,9,0,4,3,7,0,1,0,0,0,0,2,1,6,2,70,10,-1,-1,-1,-1,8,1,E01016094,0
Unvalidated,2024461403068,2024,461403068,1,9,0,18,1,5,0,8,0,0,8,0,1,1,6,1,56,9,-1,-1,-1,-1,3,1,E01016171,0
Unvalidated,2024461403068,2024,461403068,2,9,0,18,2,6,0,8,0,0,0,0,3,1,6,1,38,7,-1,-1,-1,-1,2,1,E01024294,0
Unvalidated,2024461403068,2024,461403068,3,9,0,5,1,5,0,6,0,0,0,0,3,1,5,2,38,7,-1,-1,-1,-1,4,1,E01016168,0
Unvalidated,2024461403147,2024,461403147,1,9,0,9,1,7,0,1,0,0,0,0,4,1,5,1,17,4,-1,-1,-1,-1,7,2,E01024375,0
Unvalidated,2024461403147,2024,461403147,2,9,0,18,5,1,0,8,0,0,0,0,1,1,2,1,36,7,-1,-1,-1,-1,1,1,E01024389,0
Unvalidated,2024461403315,2024,461403315,1,8,0,18,4,8,0,0,0,0,0,0,1,1,1,1,35,6,-1,-1,-1,-1,2,1,E01024049,0
Unvalidated,2024461403327,2024,461403327,1,9,0,7,5,7,0,1,0,0,0,0,4,1,6,1,28,6,-1,-1,-1,-1,5,2,E01024208,0
Unvalidated,2024461403327,2024,461403327,2,1,0,18,5,1,0,1,0,0,0,0,1,1,5,1,47,8,-1,-1,-1,-1,5,1,E01024651,0
Unvalidated,2024461403332,2024,461403332,1,9,0,18,2,6,0,1,0,0,0,0,4,1,6,1,24,5,-1,-1,-1,-1,1,1,E01024612,0
Unvalidated,2024461403373,2024,461403373,1,98,0,18,5,1,0,1,0,0,0,0,1,1,2,1,40,7,-1,-1,-1,-1,8,3,E01021134,0
Unvalidated,2024461403373,2024,461403373,2,98,0,18,1,5,0,1,0,0,0,0,1,1,5,1,30,6,-1,-1,-1,-1,3,1,E01024715,0
Unvalidated,2024461403590,2024,461403590,1,9,0,7,3,4,0,7,1,0,3,4,1,2,3,1,17,4,-1,-1,-1,-1,5,2,E01024208,0
Unvalidated,2024461403594,2024,461403594,1,9,0,18,7,3,0,0,1,0,0,0,3,1,6,1,50,8,-1,-1,-1,-1,5,1,E01031731,0
Unvalidated,2024461403594,2024,461403594,2,9,0,18,3,7,0,0,0,0,0,0,3,1,1,1,33,6,-1,-1,-1,-1,2,1,E01016909,0
Unvalidated,2024461403627,2024,461403627,1,9,0,18,7,3,0,0,0,0,0,0,4,1,6,2,32,6,-1,-1,-1,-1,8,1,E01016099,0
Unvalidated,2024461403628,2024,461403628,1,9,0,18,8,4,0,1,0,0,0,0,3,1,6,1,22,5,-1,-1,-1,-1,4,1,E01016135,0
Unvalidated,2024461403631,2024,461403631,1,9,0,18,4,3,0,0,0,0,1,11,1,1,6,3,-1,-1,-1,-1,-1,-1,-1,-1,-1,0
Unvalidated,2024461403633,2024,461403633,1,9,0,16,6,1,0,0,0,0,0,0,1,1,6,2,41,7,-1,-1,-1,-1,4,3,E01016143,0
Unvalidated,2024461403633,2024,461403633,2,9,0,18,1,5,0,0,0,0,0,0,1,1,3,2,25,5,-1,-1,-1,-1,4,3,E01016143,0
Unvalidated,2024461403649,2024,461403649,1,9,0,18,2,6,0,1,0,0,0,0,1,1,6,3,-1,-1,-1,-1,-1,-1,-1,-1,-1,0
Unvalidated,2024461403657,2024,461403657,1,9,0,18,7,3,0,0,0,0,0,0,1,1,6,2,-1,-1,-1,-1,-1,-1,-1,-1,-1,0
Unvalidated,2024461403657,2024,461403657,2,9,0,18,7,3,0,0,0,0,0,0,2,1,6,2,47,8,-1,-1,-1,-1,10,1,E01024320,0
Unvalidated,2024461403826,2024,461403826,1,9,0,18,3,7,0,0,0,0,0,0,1,1,6,1,23,5,-1,-1,-1,-1,9,2,E01024088,0
Unvalidated,2024461403826,2024,461403826,2,9,0,4,3,7,0,0,0,0,0,0,2,1,6,1,35,6,-1,-1,-1,-1,5,1,E01024551,0
Unvalidated,2024461404057,2024,461404057,1,9,0,9,1,1,0,2,0,0,0,0,4,1,5,2,48,8,-1,-1,-1,-1,4,1,E01016067,0
Unvalidated,2024461404057,2024,461404057,2,9,0,18,5,1,0,1,0,0,0,0,1,1,5,1,48,8,-1,-1,-1,-1,4,1,E01016055,0
Unvalidated,2024461404071,2024,461404071,1,19,0,18,6,2,0,8,1,0,1,3,1,1,5,1,30,6,-1,-1,-1,-1,5,1,E01002371,0
Unvalidated,2024461404073,2024,461404073,1,9,0,18,5,1,0,1,0,0,0,0,1,1,6,1,43,7,-1,-1,-1,-1,3,1,E01033092,0
Unvalidated,2024461404073,2024,461404073,2,9,0,10,5,1,0,1,0,0,0,0,2,1,6,2,37,7,-1,-1,-1,-1,-1,-1,-1,0
Unvalidated,2024461404073,2024,461404073,3,9,0,10,5,1,0,1,0,0,0,0,2,1,6,1,25,5,-1,-1,-1,-1,9,3,E01024331,0
Unvalidated,2024461404153,2024,461404153,1,9,0,9,3,8,0,2,0,0,0,0,1,1,2,2,32,6,-1,-1,-1,-1,9,1,E01024299,0
Unvalidated,2024461404182,2024,461404182,1,9,0,18,8,4,0,0,0,0,0,0,1,1,6,1,87,11,-1,-1,-1,-1,10,3,E01024272,0
Unvalidated,2024461404182,2024,461404182,2,19,0,2,0,0,0,0,0,0,0,0,3,1,6,1,35,6,-1,-1,-1,-1,5,1,E01000402,0
Unvalidated,2024461404235,2024,461404235,1,9,0,18,3,7,0,1,0,0,0,0,3,1,6,2,78,11,-1,-1,-1,-1,5,3,E01024489,0
Unvalidated,2024461404235,2024,461404235,2,9,0,18,7,3,0,1,0,0,0,0,3,1,6,1,57,9,-1,-1,-1,-1,10,1,E01000325,0
Unvalidated,2024461404511,2024,461404511,1,9,0,9,1,6,0,1,0,0,0,0,4,1,2,1,33,6,-1,-1,-1,-1,4,1,E01024179,0
Unvalidated,2024461404511,2024,461404511,2,3,0,18,4,1,0,1,0,0,0,0,4,1,2,1,33,6,-1,-1,-1,-1,4,1,E01024179,0
Unvalidated,2024461404574,2024,461404574,1,9,0,18,8,3,0,0,0,0,0,0,1,1,2,1,20,4,-1,-1,-1,-1,-1,-1,-1,0
Unvalidated,2024461404574,2024,461404574,2,9,0,18,3,2,0,0,0,0,0,0,2,1,2,1,34,6,-1,-1,-1,-1,8,1,E01024185,0
Unvalidated,2024461404575,2024,461404575,1,9,0,18,7,5,0,0,0,0,0,0,1,1,6,1,18,4,-1,-1,-1,-1,9,3,E01024300,0
Unvalidated,2024461404575,2024,461404575,2,9,0,18,7,2,0,0,0,0,0,0,2,1,2,1,53,8,-1,-1,-1,-1,3,1,E01024596,0
Unvalidated,2024461404610,2024,461404610,1,9,0,4,5,1,0,0,0,0,0,0,1,1,6,2,-1,-1,-1,-1,-1,-1,8,1,E01001617,0
Unvalidated,2024461404610,2024,461404610,2,9,0,4,5,1,0,0,0,0,0,0,2,1,6,2,43,7,-1,-1,-1,-1,-1,-1,-1,0
Unvalidated,2024461404611,2024,461404611,1,9,0,3,5,1,0,0,0,0,0,0,2,1,6,1,21,5,-1,-1,-1,-1,6,1,E01024096,0
Unvalidated,2024461404611,2024,461404611,2,9,0,4,5,1,0,0,0,0,0,0,1,1,6,1,58,9,-1,-1,-1,-1,4,1,E01024694,0
Unvalidated,2024461404614,2024,461404614,1,19,0,18,3,7,0,0,0,0,0,0,1,1,1,1,52,8,-1,-1,-1,-1,5,1,E01024503,0
Unvalidated,2024461404614,2024,461404614,2,9,0,18,3,7,0,0,0,0,0,0,2,1,2,1,39,7,-1,-1,-1,-1,2,1,E01023975,0
Unvalidated,2024461404619,2024,461404619,1,9,0,18,1,5,0,1,0,0,0,0,1,1,1,2,-1,-1,-1,-1,-1,-1,2,1,E01024664,0
Unvalidated,2024461404619,2024,461404619,2,9,0,4,5,1,0,1,0,0,0,0,4,1,6,2,42,7,-1,-1,-1,-1,5,1,E01024716,0
Unvalidated,2024461404620,2024,461404620,1,10,0,13,8,4,0,0,0,0,0,0,3,1,1,1,-1,-1,-1,-1,-1,-1,1,1,E01024678,0
Unvalidated,2024461404620,2024,461404620,2,3,0,15,8,4,0,0,0,0,0,0,4,1,6,1,-1,-1,-1,-1,-1,-1,6,1,E01024700,0
Unvalidated,2024461404621,2024,461404621,1,9,0,4,1,5,0,0,0,0,0,0,2,1,6,1,62,9,-1,-1,-1,-1,10,1,E01000357,0
Unvalidated,2024461404621,2024,461404621,2,9,0,4,1,5,0,0,0,0,0,0,1,1,6,1,60,9,-1,-1,-1,-1,8,1,E01024133,0
Unvalidated,2024461404626,2024,461404626,1,9,0,18,5,1,0,1,2,10,7,0,3,1,6,1,18,4,-1,-1,-1,-1,9,2,E01030822,0
Unvalidated,2024461404641,2024,461404641,1,9,0,18,2,6,0,0,0,0,0,0,1,1,6,1,46,8,-1,-1,-1,-1,4,1,E01024162,0
Unvalidated,2024461404650,2024,461404650,1,3,0,13,2,6,0,1,0,0,0,0,4,1,6,1,59,9,-1,-1,-1,-1,4,2,E01024377,0
Unvalidated,2024461404650,2024,461404650,2,9,0,9,2,8,0,1,0,0,0,0,3,1,6,2,36,7,-1,-1,-1,-1,2,1,E01016140,0
Unvalidated,2024461404666,2024,461404666,1,9,0,18,5,1,0,3,0,0,0,0,1,1,5,1,-1,-1,-1,-1,-1,-1,-1,-1,-1,0
Unvalidated,2024461404666,2024,461404666,2,9,0,18,5,1,0,4,0,0,0,0,1,1,5,1,45,7,-1,-1,-1,-1,1,1,E01024305,0
Unvalidated,2024461404666,2024,461404666,3,9,0,2,0,0,0,4,0,0,0,0,3,1,5,2,-1,-1,-1,-1,-1,-1,6,1,E01024163,0
Unvalidated,2024461404666,2024,461404666,4,9,0,2,0,0,0,4,0,0,0,0,3,1,5,1,-1,-1,-1,-1,-1,-1,6,1,E01024136,0
Unvalidated,2024461404666,2024,461404666,5,9,0,18,1,5,0,2,0,0,0,0,0,1,1,2,-1,-1,-1,-1,-1,-1,3,1,E01024717,0
Unvalidated,2024461404699,2024,461404699,1,9,0,9,4,6,0,6,0,0,0,0,1,1,6,2,30,6,-1,-1,-1,-1,4,1,E01024262,0
Unvalidated,2024461404699,2024,461404699,2,9,0,18,2,6,0,8,0,0,0,0,4,1,6,2,33,6,-1,-1,-1,-1,4,1,E01024284,0
Unvalidated,2024461404790,2024,461404790,1,97,0,18,3,7,0,1,0,0,0,0,1,1,5,1,25,5,-1,-1,-1,-1,1,1,E01024661,0
Unvalidated,2024461404790,2024,461404790,2,9,0,18,5,1,0,8,0,0,0,0,3,1,5,1,24,5,-1,-1,-1,-1,2,1,E01024662,0
Unvalidated,2024461404795,2024,461404795,1,9,0,18,3,7,0,4,0,0,0,0,1,1,6,2,50,8,-1,-1,-1,-1,6,1,E01024124,0
Unvalidated,2024461404795,2024,461404795,2,1,0,7,5,1,0,3,0,0,0,0,4,1,5,1,67,10,-1,-1,-1,-1,9,1,E01024056,0
Unvalidated,2024461404844,2024,461404844,1,9,0,18,1,5,0,0,0,0,1,4,1,1,6,1,19,4,-1,-1,-1,-1,4,1,E01033572,0
Unvalidated,2024461404962,2024,461404962,1,19,0,4,5,6,0,0,0,0,0,0,1,1,1,1,22,5,-1,-1,-1,-1,9,1,E01016081,0
Unvalidated,2024461404962,2024,461404962,2,9,0,4,5,8,0,0,0,0,0,0,2,1,5,2,55,8,-1,-1,-1,-1,2,1,E01016062,0
Unvalidated,2024461404985,2024,461404985,1,2,0,18,8,8,0,0,0,0,0,0,1,1,4,2,16,4,-1,-1,-1,-1,6,3,E01024546,0
Unvalidated,2024461404985,2024,461404985,2,9,0,3,8,8,0,0,0,0,0,0,2,1,3,2,34,6,-1,-1,-1,-1,8,3,E01033213,0
Unvalidated,2024461405022,2024,461405022,1,9,0,18,6,2,0,0,0,0,1,6,1,1,6,1,23,5,-1,-1,-1,-1,2,1,E01003299,0
Unvalidated,2024461405022,2024,461405022,2,9,0,4,6,2,0,0,0,0,0,0,2,1,6,2,42,7,-1,-1,-1,-1,9,1,E01000455,0
Unvalidated,2024461405022,2024,461405022,3,21,1,18,6,2,0,0,0,0,0,0,4,1,1,1,54,8,-1,-1,-1,-1,-1,-1,-1,0
Unvalidated,2024461405076,2024,461405076,1,90,0,18,3,7,0,1,0,0,0,0,1,1,6,1,44,7,-1,-1,-1,-1,3,2,E01024567,0
Unvalidated,2024461405076,2024,461405076,2,9,0,17,7,3,0,1,0,0,0,0,1,1,6,2,42,7,-1,-1,-1,-1,7,3,E01024109,0
Unvalidated,2024461405079,2024,461405079,1,9,0,5,5,1,0,4,0,0,0,0,1,1,6,2,50,8,-1,-1,-1,-1,6,1,E01024124,0
Unvalidated,2024461405079,2024,461405079,2,1,0,7,1,6,0,3,0,0,0,0,-1,1,6,1,-1,-1,-1,-1,-1,-1,9,1,E01024056,0
Unvalidated,2024461405089,2024,461405089,1,19,0,18,1,4,0,4,0,0,0,0,1,1,1,1,56,9,-1,-1,-1,-1,6,1,E01024071,0
Unvalidated,2024461405089,2024,461405089,2,1,0,18,8,4,0,4,0,0,0,0,1,1,2,1,43,7,-1,-1,-1,-1,6,1,E01024130,0
Unvalidated,2024461405090,2024,461405090,1,9,0,18,5,1,0,0,0,0,0,0,1,1,6,1,51,8,-1,-1,-1,-1,1,1,E01024295,0
Unvalidated,2024461405090,2024,461405090,2,9,0,3,4,1,0,0,0,0,0,0,2,1,6,2,42,7,-1,-1,-1,-1,9,1,E01015982,0
Unvalidated,2024461405097,2024,461405097,1,9,0,18,3,7,0,0,0,0,0,0,1,1,6,3,-1,-1,-1,-1,-1,-1,-1,-1,-1,0
Unvalidated,2024461405239,2024,461405239,1,9,0,9,4,1,0,6,0,0,0,0,1,1,6,2,18,4,-1,-1,-1,-1,9,1,E01024213,0
Unvalidated,2024461405239,2024,461405239,2,9,0,18,2,5,0,1,0,0,0,0,1,1,6,2,30,6,-1,-1,-1,-1,3,1,E01024047,0
Unvalidated,2024461405280,2024,461405280,1,9,0,18,2,6,0,0,0,4,0,0,1,1,1,2,23,5,-1,-1,-1,-1,4,1,E01003685,0
Unvalidated,2024461405280,2024,461405280,2,9,0,3,2,6,0,0,0,4,0,0,2,1,5,1,50,8,-1,-1,-1,-1,6,1,E01024357,0
Unvalidated,2024461405280,2024,461405280,3,9,0,3,2,6,0,0,0,4,0,0,2,1,2,2,25,5,-1,-1,-1,-1,6,3,E01024346,0
Unvalidated,2024461405280,2024,461405280,4,9,0,3,2,6,0,0,0,0,0,0,2,1,6,1,19,4,-1,-1,-1,-1,10,3,E01032827,0
Unvalidated,2024461405280,2024,461405280,5,9,0,3,2,6,0,0,0,0,0,0,2,1,1,1,31,6,-1,-1,-1,-1,4,1,E01003148,0
Unvalidated,2024461405315,2024,461405315,1,9,0,5,3,7,0,2,0,0,0,0,1,1,5,2,25,5,-1,-1,-1,-1,2,1,E01016040,0
Unvalidated,2024461405315,2024,461405315,2,9,0,9,8,5,0,1,0,0,0,0,1,1,5,1,32,6,-1,-1,-1,-1,4,1,E01016177,0
Unvalidated,2024461405321,2024,461405321,1,3,0,13,1,5,0,1,0,0,0,0,1,1,1,1,24,5,-1,-1,-1,-1,1,1,E01024240,0
Unvalidated,2024461405359,2024,461405359,1,9,0,9,7,5,0,0,0,0,0,0,3,1,5,1,39,7,-1,-1,-1,-1,9,2,E01024827,0
Unvalidated,2024461405359,2024,461405359,2,9,0,18,6,1,0,0,0,0,0,0,1,1,2,2,18,4,-1,-1,-1,-1,6,3,E01024787,0
Unvalidated,2024461405425,2024,461405425,1,9,0,9,4,1,0,1,0,0,0,0,3,1,2,1,39,7,-1,-1,-1,-1,4,1,E01000788,0
Unvalidated,2024461405425,2024,461405425,2,3,0,18,1,5,0,8,1,0,0,0,1,1,2,1,35,6,-1,-1,-1,-1,4,1,E01001609,0
Unvalidated,2024461405431,2024,461405431,1,9,0,18,5,1,0,6,0,0,0,0,1,1,6,3,-1,-1,-1,-1,-1,-1,-1,-1,-1,0
Unvalidated,2024461405431,2024,461405431,2,9,0,18,6,2,0,1,0,0,0,0,1,1,6,1,53,8,-1,-1,-1,-1,3,1,E01001188,0
Unvalidated,2024461405433,2024,461405433,1,9,0,4,3,7,0,0,1,0,0,0,1,1,6,1,62,9,-1,-1,-1,-1,1,1,E01024612,0
Unvalidated,2024461405433,2024,461405433,2,9,0,4,3,7,0,0,0,0,0,0,1,1,6,1,36,7,-1,-1,-1,-1,2,1,E01003591,0
Unvalidated,2024461405433,2024,461405433,3,20,0,4,3,7,0,0,0,0,0,0,3,1,6,1,31,6,-1,-1,-1,-1,7,1,E01021416,0
Unvalidated,2024461405433,2024,461405433,4,9,0,4,3,7,0,0,0,0,0,0,2,1,6,1,52,8,-1,-1,-1,-1,9,1,E01024785,0
Unvalidated,2024461405456,2024,461405456,1,19,0,18,1,5,0,4,0,0,0,0,1,1,1,1,47,8,-1,-1,-1,-1,6,1,E01016178,0
Unvalidated,2024461405456,2024,461405456,2,9,0,4,1,5,0,3,0,0,0,0,2,1,1,1,22,5,-1,-1,-1,-1,1,1,E01024215,0
Unvalidated,2024461405492,2024,461405492,1,19,0,5,1,5,0,0,0,0,0,0,1,1,1,1,18,4,-1,-1,-1,-1,7,1,E01016123,0
Unvalidated,2024461405492,2024,461405492,2,9,0,4,1,5,0,0,0,0,0,0,2,1,5,3,-1,-1,-1,-1,-1,-1,-1,-1,-1,0
Unvalidated,2024461405554,2024,461405554,1,9,0,-1,-1,-1,-1,-1,-1,-1,-1,0,2,1,6,3,-1,-1,-1,-1,-1,-1,-1,-1,-1,0
Unvalidated,2024461405554,2024,461405554,2,90,0,18,1,5,9,8,0,0,0,0,4,1,5,2,38,7,-1,-1,-1,-1,2,1,E01024066,0
Unvalidated,2024461405609,2024,461405609,1,9,0,5,1,1,4,1,0,0,0,0,1,1,2,1,57,9,-1,-1,-1,-1,2,1,E01024616,0
Unvalidated,2024461405609,2024,461405609,2,9,0,5,1,1,0,1,0,0,0,0,1,1,6,2,65,9,-1,-1,-1,-1,1,1,E01024613,0
Unvalidated,2024461405609,2024,461405609,3,9,0,2,0,0,0,1,0,0,0,0,0,1,6,2,33,6,-1,-1,-1,-1,1,1,E01024610,0
Unvalidated,2024461405709,2024,461405709,1,19,0,18,6,2,0,0,0,0,0,0,1,1,6,1,32,6,-1,-1,-1,-1,6,3,E01023978,0
Unvalidated,2024461405717,2024,461405717,1,9,0,7,3,5,0,1,0,0,0,0,1,1,6,3,-1,-1,-1,-1,-1,-1,-1,-1,-1,0
Unvalidated,2024461405717,2024,461405717,2,90,0,18,1,5,0,8,0,0,0,0,1,1,1,1,42,7,-1,-1,-1,-1,7,1,E01024740,0
Unvalidated,2024461405723,2024,461405723,1,9,0,9,5,1,0,5,0,0,7,0,4,1,6,2,18,4,-1,-1,-1,-1,2,1,E01023975,0
Unvalidated,2024461405723,2024,461405723,2,9,0,18,1,5,0,1,0,0,0,0,1,1,6,1,32,6,-1,-1,-1,-1,8,1,E01032819,0
Unvalidated,2024461405728,2024,461405728,1,9,0,9,8,5,0,2,0,0,0,0,1,1,6,2,28,6,-1,-1,-1,-1,6,1,E01016134,0
Unvalidated,2024461405728,2024,461405728,2,9,0,18,6,2,0,1,0,0,0,0,1,1,6,2,44,7,-1,-1,-1,-1,4,1,E01016137,0
Unvalidated,2024461405800,2024,461405800,1,9,0,18,7,3,0,0,0,12,0,0,1,1,6,1,61,9,-1,-1,-1,-1,-1,1,-1,0
Unvalidated,2024461405800,2024,461405800,2,9,0,18,3,7,0,0,0,0,0,0,1,1,6,1,44,7,-1,-1,-1,-1,-1,-1,-1,0
Unvalidated,2024461405800,2024,461405800,3,9,0,18,7,5,0,0,0,0,0,0,1,1,6,1,75,10,-1,-1,-1,-1,7,2,E01024361,0
Unvalidated,2024461405804,2024,461405804,1,9,0,18,6,2,0,0,0,0,7,0,1,1,5,1,20,4,-1,-1,-1,-1,3,1,E01024596,0
Unvalidated,2024461405962,2024,461405962,1,9,0,18,3,7,0,0,0,0,0,0,3,1,5,2,29,6,-1,-1,-1,-1,4,1,E01024742,0
Unvalidated,2024461405962,2024,461405962,2,9,0,18,7,3,0,0,0,0,1,9,3,1,6,1,26,6,-1,-1,-1,-1,7,2,E01024727,0
Unvalidated,2024461405964,2024,461405964,1,9,0,5,3,7,0,0,0,0,0,0,1,1,1,2,38,7,-1,-1,-1,-1,1,1,E01024621,0
Unvalidated,2024461405998,2024,461405998,1,9,0,18,8,4,0,2,0,0,0,0,1,2,6,1,53,8,-1,-1,-1,-1,9,1,E01024006,0
Unvalidated,2024461406048,2024,461406048,1,9,0,18,1,5,0,2,0,0,0,0,1,1,6,1,45,7,-1,-1,-1,-1,8,1,E01016119,0
Unvalidated,2024461406048,2024,461406048,2,9,0,9,1,5,0,2,2,4,0,0,2,1,6,2,63,9,-1,-1,-1,-1,8,1,E01016079,0
Unvalidated,2024461406048,2024,461406048,3,9,0,2,0,0,0,2,0,0,0,0,1,1,6,2,60,9,-1,-1,-1,-1,4,1,E01016130,0
Unvalidated,2024461406048,2024,461406048,4,9,0,18,1,5,0,1,0,0,0,0,0,1,6,3,-1,-1,-1,-1,-1,-1,-1,-1,-1,0
Unvalidated,2024461406053,2024,461406053,1,9,0,18,5,1,0,0,0,10,0,0,1,1,2,1,18,4,-1,-1,-1,-1,3,1,E01024695,0
Unvalidated,2024461406053,2024,461406053,2,9,0,18,1,5,0,0,0,11,0,0,1,1,1,1,41,7,-1,-1,-1,-1,6,1,E01024700,0
Unvalidated,2024461406076,2024,461406076,1,9,0,18,1,2,0,2,0,0,0,0,1,1,5,2,28,6,-1,-1,-1,-1,1,1,E01016069,0
Unvalidated,2024461406076,2024,461406076,2,9,0,17,6,2,0,2,0,0,0,0,1,1,2,2,44,7,-1,-1,-1,-1,2,1,E01016136,0
Unvalidated,2024461406100,2024,461406100,1,9,0,18,2,7,0,0,1,0,1,4,0,1,1,2,43,7,-1,-1,-1,-1,7,2,E01024361,0
Unvalidated,2024461406125,2024,461406125,1,9,0,10,1,3,0,2,0,0,0,0,1,1,5,2,33,6,-1,-1,-1,-1,10,1,E01024153,0
Unvalidated,2024461406125,2024,461406125,2,9,0,18,4,8,0,1,0,0,0,0,4,1,5,2,32,6,-1,-1,-1,-1,7,1,E01024141,0
Unvalidated,2024461406155,2024,461406155,1,21,0,4,1,5,0,0,0,0,0,0,1,1,1,1,37,7,-1,-1,-1,-1,4,1,E01024217,0
Unvalidated,2024461406155,2024,461406155,2,9,0,3,1,5,0,0,0,0,0,0,2,1,2,1,42,7,-1,-1,-1,-1,7,1,E01024251,0
Unvalidated,2024461406157,2024,461406157,1,3,0,18,3,7,0,6,1,0,0,0,3,1,5,1,34,6,-1,-1,-1,-1,3,1,E01000092,0
Unvalidated,2024461406222,2024,461406222,1,9,0,16,1,5,0,0,0,0,0,0,1,1,1,1,38,7,-1,-1,-1,-1,7,2,E01024790,0
Unvalidated,2024461406222,2024,461406222,2,9,0,4,5,1,0,0,0,0,0,0,1,1,1,2,52,8,-1,-1,-1,-1,6,3,E01024806,0
Unvalidated,2024461406246,2024,461406246,1,9,0,18,3,7,0,0,0,0,1,11,1,1,6,1,54,8,-1,-1,-1,-1,4,3,E01024620,0
Unvalidated,2024461406248,2024,461406248,1,90,0,18,1,5,0,3,0,0,0,0,1,1,6,3,-1,-1,-1,-1,-1,-1,-1,-1,-1,0