status,collision_index,collision_year,collision_reference,vehicle_reference,vehicle_type,towing_and_articulation,vehicle_manoeuvre,vehicle_direction_from,vehicle_direction_to,vehicle_location_restricted_lane,junction_location,skidding_and_overturning,hit_object_in_carriageway,vehicle_leaving_carriageway,hit_object_off_carriageway,first_point_of_impact,vehicle_left_hand_drive,journey_purpose_of_driver,sex_of_driver,age_of_driver,age_band_of_driver,engine_capacity_cc,propulsion_code,age_of_vehicle,generic_make_model,driver_imd_decile,driver_home_area_type,lsoa_of_driver,escooter_flag
Unvalidated,2024461406257,2024,461406257,1,9,0,18,4,8,0,1,1,4,7,0,1,1,5,1,62,9,-1,-1,-1,-1,7,2,E01024274,0
Unvalidated,2024461406257,2024,461406257,2,9,0,2,0,0,0,2,0,0,0,0,2,1,6,2,27,6,-1,-1,-1,-1,8,1,E01024261,0
Unvalidated,2024461406272,2024,461406272,1,9,0,18,7,3,0,0,1,0,0,0,1,1,6,1,27,6,-1,-1,-1,-1,9,2,E01024269,0
Unvalidated,2024461406272,2024,461406272,2,19,0,3,7,3,0,0,0,0,0,0,2,1,1,1,47,8,-1,-1,-1,-1,7,2,E01024812,0
Unvalidated,2024461406283,2024,461406283,1,9,0,18,5,4,0,4,0,0,0,0,4,1,2,2,42,7,-1,-1,-1,-1,10,1,E01024463,0
Unvalidated,2024461406283,2024,461406283,2,1,0,18,1,4,0,3,0,0,0,0,2,1,2,1,58,9,-1,-1,-1,-1,2,1,E01000724,0
Unvalidated,2024461406289,2024,461406289,1,9,0,11,5,1,0,0,0,0,0,0,4,1,6,3,-1,-1,-1,-1,-1,-1,-1,-1,-1,0
Unvalidated,2024461406289,2024,461406289,2,9,0,3,5,1,0,0,0,0,0,0,2,1,6,1,28,6,-1,-1,-1,-1,4,1,E01024373,0
Unvalidated,2024461406300,2024,461406300,1,9,0,4,2,6,0,0,1,0,0,0,1,1,5,2,50,8,-1,-1,-1,-1,9,1,E01024159,0
Unvalidated,2024461406300,2024,461406300,2,9,0,4,2,6,0,0,1,0,0,0,-1,1,6,2,35,6,-1,-1,-1,-1,-1,-1,-1,0
Unvalidated,2024461406300,2024,461406300,3,9,0,-1,-1,-1,-1,0,-1,-1,-1,0,2,1,6,1,46,8,-1,-1,-1,-1,7,1,E01024141,0
Unvalidated,2024461406353,2024,461406353,1,9,0,7,7,1,0,6,0,0,0,0,1,1,5,1,28,6,-1,-1,-1,-1,10,1,E01024402,0
Unvalidated,2024461406353,2024,461406353,2,9,0,18,5,1,0,1,0,0,0,0,4,1,5,2,45,7,-1,-1,-1,-1,10,1,E01024404,0
Unvalidated,2024461406362,2024,461406362,1,9,0,9,4,6,0,2,0,0,0,0,1,1,6,1,69,10,-1,-1,-1,-1,4,1,E01016048,0
Unvalidated,2024461406375,2024,461406375,1,9,0,3,7,2,0,1,0,0,0,0,1,1,6,3,-1,-1,-1,-1,-1,-1,-1,-1,-1,0
Unvalidated,2024461406375,2024,461406375,2,9,0,3,7,2,0,1,0,0,0,0,2,1,2,2,39,7,-1,-1,-1,-1,8,2,E01024816,0
Unvalidated,2024461406437,2024,461406437,1,9,0,13,7,3,0,0,1,0,1,2,4,1,6,1,31,6,-1,-1,-1,-1,5,1,E01016174,0
Unvalidated,2024461406437,2024,461406437,2,21,1,18,7,5,0,0,0,0,0,0,3,2,1,1,59,9,-1,-1,-1,-1,-1,-1,-1,0
Unvalidated,2024461406597,2024,461406597,1,3,0,18,7,3,0,1,0,0,0,0,1,1,1,1,38,7,-1,-1,-1,-1,1,1,E01024278,0
Unvalidated,2024461406597,2024,461406597,2,9,0,5,1,5,0,1,0,0,0,0,1,1,2,1,52,8,-1,-1,-1,-1,4,1,E01024176,0
Unvalidated,2024461406639,2024,461406639,1,9,0,18,7,3,0,6,0,0,0,0,1,1,1,2,22,5,-1,-1,-1,-1,6,1,E01024216,0
Unvalidated,2024461406639,2024,461406639,2,9,0,18,2,5,0,2,0,0,0,0,3,1,5,2,42,7,-1,-1,-1,-1,3,1,E01024263,0
Unvalidated,2024461406835,2024,461406835,1,9,0,18,3,1,0,0,0,0,0,0,1,1,1,1,36,7,-1,-1,-1,-1,10,1,E01024386,0
Unvalidated,2024461406835,2024,461406835,2,9,0,18,3,5,0,0,0,0,0,0,0,1,1,1,41,7,-1,-1,-1,-1,4,1,E01032810,0
Unvalidated,2024461406876,2024,461406876,1,9,0,18,1,5,0,8,0,0,0,0,1,1,5,2,19,4,-1,-1,-1,-1,4,2,E01024541,0
Unvalidated,2024461406876,2024,461406876,2,9,0,5,3,7,0,8,0,0,0,0,3,2,1,1,48,8,-1,-1,-1,-1,-1,-1,-1,0
Unvalidated,2024461406885,2024,461406885,1,9,0,14,5,1,0,0,0,4,0,0,4,1,6,2,41,7,-1,-1,-1,-1,6,2,E01024406,0
Unvalidated,2024461406885,2024,461406885,2,9,0,2,0,0,9,0,0,0,1,11,2,1,3,1,23,5,-1,-1,-1,-1,8,3,E01024407,0
Unvalidated,2024461406977,2024,461406977,1,19,0,18,5,1,0,0,5,7,0,0,1,1,5,1,55,8,-1,-1,-1,-1,3,2,E01032830,0
Unvalidated,2024461406977,2024,461406977,2,9,0,18,5,1,0,0,0,0,0,0,2,1,5,1,44,7,-1,-1,-1,-1,3,1,E01024717,0
Unvalidated,2024461407029,2024,461407029,1,9,0,18,1,5,0,1,0,0,0,0,1,1,6,2,27,6,-1,-1,-1,-1,3,1,E01024291,0
Unvalidated,2024461407086,2024,461407086,1,19,0,18,5,1,0,0,0,0,0,0,1,1,6,3,-1,-1,-1,-1,-1,-1,-1,-1,-1,0
Unvalidated,2024461407086,2024,461407086,2,9,0,18,1,5,0,0,1,0,1,3,1,1,6,2,41,7,-1,-1,-1,-1,4,3,E01024086,0
Unvalidated,2024461407212,2024,461407212,1,9,0,18,8,2,0,0,0,0,0,0,1,1,5,1,28,6,-1,-1,-1,-1,7,1,E01024553,0
Unvalidated,2024461407212,2024,461407212,2,9,0,4,8,2,0,0,0,0,0,0,2,1,5,1,68,10,-1,-1,-1,-1,7,1,E01024234,0
Unvalidated,2024461407212,2024,461407212,3,9,0,4,8,2,0,0,0,0,0,0,2,1,5,1,70,10,-1,-1,-1,-1,9,1,E01016090,0
Unvalidated,2024461407344,2024,461407344,1,9,0,9,7,5,0,8,0,0,0,0,3,1,3,2,67,10,-1,-1,-1,-1,10,2,E01024426,0
Unvalidated,2024461407344,2024,461407344,2,19,0,16,5,1,0,8,0,0,0,0,1,1,1,1,55,8,-1,-1,-1,-1,8,3,E01024451,0
Unvalidated,2024461407375,2024,461407375,1,9,0,18,5,1,0,2,0,0,0,0,1,1,6,1,26,6,-1,-1,-1,-1,-1,-1,-1,0
Unvalidated,2024461407385,2024,461407385,1,19,0,5,3,7,0,1,0,0,0,0,1,1,2,1,46,8,-1,-1,-1,-1,1,1,E01024670,0
Unvalidated,2024461407385,2024,461407385,2,9,0,5,3,7,0,1,0,0,0,0,2,1,5,1,54,8,-1,-1,-1,-1,8,2,E01024652,0
Unvalidated,2024461407419,2024,461407419,1,9,0,14,3,7,0,0,0,4,7,0,1,1,2,1,50,8,-1,-1,-1,-1,6,1,E01024520,0
Unvalidated,2024461407419,2024,461407419,2,90,0,2,0,0,0,0,0,0,0,0,2,1,5,1,68,10,-1,-1,-1,-1,5,2,E01031078,0
Unvalidated,2024461407449,2024,461407449,1,97,0,18,5,1,0,0,2,0,0,0,0,1,6,1,56,9,-1,-1,-1,-1,5,1,E01024495,0
Unvalidated,2024461407466,2024,461407466,1,9,0,18,1,5,0,0,0,0,0,0,3,1,6,2,26,6,-1,-1,-1,-1,1,1,E01016111,0
Unvalidated,2024461407466,2024,461407466,2,9,0,18,5,1,0,0,0,0,0,0,3,1,2,2,23,5,-1,-1,-1,-1,1,3,E01024618,0
Unvalidated,2024461407493,2024,461407493,1,9,0,5,5,3,0,1,0,0,0,0,1,1,6,2,49,8,-1,-1,-1,-1,5,1,E01024831,0
Unvalidated,2024461407493,2024,461407493,2,1,0,4,5,1,0,1,0,0,0,0,1,1,5,1,40,7,-1,-1,-1,-1,6,1,E01024830,0
Unvalidated,2024461407527,2024,461407527,1,19,0,12,3,7,0,0,0,0,0,0,3,1,6,3,-1,-1,-1,-1,-1,-1,-1,-1,-1,0
Unvalidated,2024461407527,2024,461407527,2,19,0,18,3,7,0,0,0,0,0,0,4,1,6,1,39,7,-1,-1,-1,-1,2,1,E01016110,0
Unvalidated,2024461407823,2024,461407823,1,9,0,16,7,3,0,0,0,10,1,3,1,1,5,2,20,4,-1,-1,-1,-1,2,1,E01016161,0
Unvalidated,2024461407835,2024,461407835,1,9,0,18,6,2,6,0,0,0,0,0,1,1,5,1,28,6,-1,-1,-1,-1,2,1,E01016159,0
Unvalidated,2024461407835,2024,461407835,2,21,4,2,0,0,6,0,0,0,0,0,2,1,1,1,50,8,-1,-1,-1,-1,1,1,E01015932,0
Unvalidated,2024461407845,2024,461407845,1,9,0,18,0,0,0,4,0,0,0,0,1,1,6,1,53,8,-1,-1,-1,-1,7,1,E01024637,0
Unvalidated,2024461407845,2024,461407845,2,1,0,4,5,7,0,1,0,0,0,0,1,1,5,1,71,10,-1,-1,-1,-1,7,1,E01024636,0
Unvalidated,2024461407850,2024,461407850,1,9,0,18,3,7,0,2,0,0,0,0,1,1,5,2,51,8,-1,-1,-1,-1,8,1,E01024511,0
Unvalidated,2024461407850,2024,461407850,2,8,0,9,5,3,0,8,0,0,0,0,3,1,1,1,63,9,-1,-1,-1,-1,3,1,E01024239,0
Unvalidated,2024461407861,2024,461407861,1,9,0,9,1,5,0,5,1,0,0,0,1,1,6,2,36,7,-1,-1,-1,-1,4,2,E01024243,0
Unvalidated,2024461407861,2024,461407861,2,9,0,9,1,5,0,5,0,0,0,0,2,1,6,2,39,7,-1,-1,-1,-1,2,1,E01024397,0
Unvalidated,2024461407864,2024,461407864,1,9,0,5,7,3,0,8,0,0,0,0,3,1,6,1,40,7,-1,-1,-1,-1,6,1,E01024401,0
Unvalidated,2024461407864,2024,461407864,2,9,0,18,2,6,0,1,0,0,0,0,3,1,6,1,72,10,-1,-1,-1,-1,5,2,E01024788,0
Unvalidated,2024461407871,2024,461407871,1,9,0,18,3,7,0,0,0,0,0,0,1,1,6,1,-1,-1,-1,-1,-1,-1,5,1,E01024601,0
Unvalidated,2024461407871,2024,461407871,2,97,0,18,3,7,0,0,0,0,0,0,2,1,6,1,64,9,-1,-1,-1,-1,7,1,E01024630,0
Unvalidated,2024461407874,2024,461407874,1,-1,0,7,1,5,0,1,0,0,0,0,1,1,6,3,-1,-1,-1,-1,-1,-1,-1,-1,-1,0
Unvalidated,2024461407874,2024,461407874,2,9,0,18,6,2,0,8,0,0,0,0,2,1,6,2,30,6,-1,-1,-1,-1,-1,2,-1,0
Unvalidated,2024461407882,2024,461407882,1,21,0,18,3,7,0,8,0,0,7,0,1,1,1,1,49,8,-1,-1,-1,-1,8,1,E01016095,0
Unvalidated,2024461407882,2024,461407882,2,9,0,18,1,5,0,1,0,0,1,0,3,1,1,2,62,9,-1,-1,-1,-1,5,2,E01024364,0
Unvalidated,2024461407896,2024,461407896,1,9,0,7,7,3,0,6,0,0,0,0,1,1,5,2,31,6,-1,-1,-1,-1,4,1,E01024698,0
Unvalidated,2024461407896,2024,461407896,2,9,0,18,5,1,0,8,0,0,0,0,4,1,5,2,54,8,-1,-1,-1,-1,5,3,E01024701,0
Unvalidated,2024461407928,2024,461407928,1,9,0,18,5,1,0,1,0,0,0,0,1,1,5,3,-1,-1,-1,-1,-1,-1,2,1,E01024374,0
Unvalidated,2024461407928,2024,461407928,2,9,0,4,5,1,0,1,0,0,0,0,2,1,5,2,22,5,-1,-1,-1,-1,2,1,E01024374,0
Unvalidated,2024461408166,2024,461408166,1,9,0,18,6,2,0,0,0,0,0,0,3,1,6,1,68,10,-1,-1,-1,-1,1,1,E01024240,0
Unvalidated,2024461408166,2024,461408166,2,9,0,3,2,6,0,0,0,0,0,0,3,1,6,1,42,7,-1,-1,-1,-1,1,1,E01024240,0
Unvalidated,2024461408211,2024,461408211,1,8,0,13,1,5,0,0,0,0,0,0,0,1,6,3,40,7,-1,-1,-1,-1,-1,-1,-1,0
Unvalidated,2024461408211,2024,461408211,2,9,0,18,5,1,0,0,1,0,1,4,4,1,6,2,49,8,-1,-1,-1,-1,6,3,E01023988,0
Unvalidated,2024461408228,2024,461408228,1,8,0,5,2,7,0,8,1,7,7,1,4,1,1,1,24,5,-1,-1,-1,-1,2,1,E01024081,0
Unvalidated,2024461408228,2024,461408228,2,9,0,18,1,5,0,8,0,0,0,0,1,1,5,1,42,7,-1,-1,-1,-1,5,1,E01024673,0
Unvalidated,2024461408238,2024,461408238,1,1,0,18,7,4,0,8,0,0,0,0,0,1,6,1,51,8,-1,-1,-1,-1,4,1,E01024167,0
Unvalidated,2024461408251,2024,461408251,1,98,1,9,7,3,0,1,0,0,-1,0,-1,1,1,1,62,9,-1,-1,-1,-1,8,1,E01015960,0
Unvalidated,2024461408251,2024,461408251,2,9,0,7,7,3,0,1,0,0,7,0,2,1,6,1,30,6,-1,-1,-1,-1,4,1,E01024178,0
Unvalidated,2024461408267,2024,461408267,1,9,0,18,1,6,0,0,0,0,0,0,1,1,5,1,38,7,-1,-1,-1,-1,4,1,E01024444,0
Unvalidated,2024461408267,2024,461408267,2,9,0,18,1,6,0,0,0,0,0,0,2,1,5,2,36,7,-1,-1,-1,-1,5,1,E01024283,0
Unvalidated,2024461408267,2024,461408267,3,9,0,4,1,6,0,0,0,0,0,0,2,1,5,2,50,8,-1,-1,-1,-1,4,1,E01024284,0
Unvalidated,2024461408454,2024,461408454,1,98,0,18,2,6,0,1,0,0,0,0,3,1,2,1,54,8,-1,-1,-1,-1,4,1,E01024373,0
Unvalidated,2024461408472,2024,461408472,1,9,0,18,5,1,0,0,1,0,0,0,1,1,6,1,39,7,-1,-1,-1,-1,10,1,E01024748,0
Unvalidated,2024461408472,2024,461408472,2,9,0,18,5,1,0,0,1,0,1,0,2,1,6,1,58,9,-1,-1,-1,-1,1,1,E01020554,0
Unvalidated,2024461408490,2024,461408490,1,90,0,18,7,3,9,0,0,0,0,0,1,1,5,1,40,7,-1,-1,-1,-1,3,1,E01024695,1
Unvalidated,2024461408540,2024,461408540,1,9,0,18,5,1,0,0,0,0,0,0,1,1,6,1,28,6,-1,-1,-1,-1,2,1,E01023974,0
Unvalidated,2024461408540,2024,461408540,2,1,0,18,3,7,0,0,0,0,0,0,1,1,1,1,17,4,-1,-1,-1,-1,9,1,E01023995,0
Unvalidated,2024461408550,2024,461408550,1,9,0,7,8,2,0,1,1,0,7,0,3,1,5,1,33,6,-1,-1,-1,-1,7,3,E01024267,0
Unvalidated,2024461408640,2024,461408640,1,9,0,18,5,1,0,0,2,0,1,4,1,1,5,2,28,6,-1,-1,-1,-1,9,1,E01024819,0
Unvalidated,2024461408667,2024,461408667,1,19,0,18,6,2,0,0,0,0,0,0,1,1,1,1,40,7,-1,-1,-1,-1,7,1,E01024732,0
Unvalidated,2024461408685,2024,461408685,1,9,0,6,7,3,0,1,0,0,0,0,1,1,6,1,71,10,-1,-1,-1,-1,3,1,E01016022,0
Unvalidated,2024461408685,2024,461408685,2,3,0,18,7,3,0,1,0,0,0,0,1,1,6,1,26,6,-1,-1,-1,-1,2,1,E01016018,0
Unvalidated,2024461408700,2024,461408700,1,9,0,9,5,2,0,8,0,0,0,0,1,1,5,1,34,6,-1,-1,-1,-1,2,1,E01024517,0
Unvalidated,2024461408723,2024,461408723,1,9,0,9,0,0,0,1,0,0,0,0,4,1,5,1,23,5,-1,-1,-1,-1,3,1,E01024497,0
Unvalidated,2024461408723,2024,461408723,2,19,0,18,7,3,0,1,0,0,1,11,1,1,1,1,26,6,-1,-1,-1,-1,8,3,E01032620,0
Unvalidated,2024461408742,2024,461408742,1,9,0,9,4,2,0,2,0,0,0,0,-1,1,6,3,-1,-1,-1,-1,-1,-1,-1,-1,-1,0
Unvalidated,2024461408742,2024,461408742,2,9,0,18,2,6,0,2,1,0,1,10,4,1,6,1,19,4,-1,-1,-1,-1,9,1,E01016169,0
Unvalidated,2024461408767,2024,461408767,1,9,0,18,3,7,0,1,0,0,0,0,4,1,6,2,57,9,-1,-1,-1,-1,2,1,E01028334,0
Unvalidated,2024461408767,2024,461408767,2,9,0,2,0,0,0,1,0,0,0,0,3,1,6,1,23,5,-1,-1,-1,-1,7,1,E01024846,0
Unvalidated,2024461408778,2024,461408778,1,9,0,5,1,2,0,2,0,0,0,0,1,1,3,2,17,4,-1,-1,-1,-1,10,1,E01024144,0
Unvalidated,2024461408778,2024,461408778,2,9,0,18,6,2,0,1,0,0,0,0,1,1,6,2,31,6,-1,-1,-1,-1,4,1,E01000788,0
Unvalidated,2024461408788,2024,461408788,1,9,0,3,7,3,0,8,0,11,0,0,1,1,6,2,91,11,-1,-1,-1,-1,9,2,E01024454,0
Unvalidated,2024461408788,2024,461408788,2,9,0,4,7,3,0,8,0,0,0,0,2,1,6,1,61,9,-1,-1,-1,-1,7,2,E01024726,0
Unvalidated,2024461408807,2024,461408807,1,9,0,18,7,3,0,0,0,0,0,0,4,1,2,2,63,9,-1,-1,-1,-1,8,1,E01032812,0
Unvalidated,2024461408851,2024,461408851,1,9,0,9,7,4,0,2,0,0,0,0,1,1,2,1,64,9,-1,-1,-1,-1,2,1,E01024505,0
Unvalidated,2024461408867,2024,461408867,1,11,0,-1,-1,-1,0,0,0,0,0,0,0,1,1,1,-1,-1,-1,-1,-1,-1,3,1,E01024222,0
Unvalidated,2024461408923,2024,461408923,1,9,0,18,1,5,0,1,0,0,0,0,3,1,6,2,34,6,-1,-1,-1,-1,4,1,E01024167,0
Unvalidated,2024461408923,2024,461408923,2,97,0,18,3,7,0,1,0,0,0,0,1,1,6,1,-1,-1,-1,-1,-1,-1,2,1,E01024170,0
Unvalidated,2024461408935,2024,461408935,1,9,0,18,5,1,0,0,0,0,0,0,4,1,6,2,-1,-1,-1,-1,-1,-1,4,3,E01016143,0
Unvalidated,2024461408985,2024,461408985,1,9,0,18,5,1,0,0,0,0,0,0,1,1,1,1,27,6,-1,-1,-1,-1,4,1,E01021131,0
Unvalidated,2024461408985,2024,461408985,2,9,0,18,5,1,0,0,0,0,0,0,2,1,5,2,23,5,-1,-1,-1,-1,6,2,E01024207,0
Unvalidated,2024461409008,2024,461409008,1,9,0,18,5,5,0,0,5,7,5,0,3,1,6,1,79,11,-1,-1,-1,-1,4,1,E01000617,0
Unvalidated,2024461409099,2024,461409099,1,9,0,18,7,3,0,0,0,0,0,0,1,1,5,1,72,10,-1,-1,-1,-1,10,1,E01000353,0
Unvalidated,2024461409137,2024,461409137,1,9,0,18,7,3,0,1,0,4,7,0,1,1,1,1,60,9,-1,-1,-1,-1,8,1,E01032818,0
Unvalidated,2024461409137,2024,461409137,2,9,0,2,0,0,0,2,0,0,0,0,2,1,6,3,-1,-1,-1,-1,-1,-1,-1,-1,-1,0
Unvalidated,2024461409137,2024,461409137,3,9,0,2,0,0,0,2,0,0,0,0,2,1,6,3,-1,-1,-1,-1,-1,-1,-1,-1,-1,0
Unvalidated,2024461409137,2024,461409137,4,9,0,2,0,0,0,2,0,0,0,0,4,1,6,3,-1,-1,-1,-1,-1,-1,-1,-1,-1,0
Unvalidated,2024461409146,2024,461409146,1,9,0,18,1,5,0,0,5,4,0,0,1,1,5,2,65,9,-1,-1,-1,-1,8,1,E01000451,0
Unvalidated,2024461409146,2024,461409146,2,9,0,2,0,0,9,0,0,4,0,0,2,1,6,3,-1,-1,-1,-1,-1,-1,-1,-1,-1,0
Unvalidated,2024461409146,2024,461409146,3,9,0,2,0,0,9,0,0,4,0,0,2,1,6,2,49,8,-1,-1,-1,-1,-1,-1,-1,0
Unvalidated,2024461409146,2024,461409146,4,9,0,2,0,0,9,0,0,0,0,0,1,1,6,2,32,6,-1,-1,-1,-1,2,1,E01024277,0
Unvalidated,2024461409157,2024,461409157,1,9,0,18,7,3,0,0,2,0,1,0,1,1,5,2,18,4,-1,-1,-1,-1,6,2,E01023979,0
Unvalidated,2024461409176,2024,461409176,1,9,0,18,7,3,0,0,0,0,0,0,1,1,1,3,-1,-1,-1,-1,-1,-1,1,1,E01024257,0
Unvalidated,2024461409181,2024,461409181,1,9,0,18,7,3,0,0,0,0,0,0,1,1,6,2,37,7,-1,-1,-1,-1,2,1,E01024646,0
Unvalidated,2024461409181,2024,461409181,2,1,0,18,1,5,0,0,0,0,0,0,1,1,6,3,-1,-1,-1,-1,-1,-1,-1,-1,-1,0
Unvalidated,2024461409425,2024,461409425,1,9,0,18,7,3,0,1,0,0,0,0,1,1,6,1,75,10,-1,-1,-1,-1,1,1,E01024659,0
Unvalidated,2024461409588,2024,461409588,1,9,0,5,4,8,0,4,0,0,0,0,1,1,6,2,33,6,-1,-1,-1,-1,7,1,E01032737,0
Unvalidated,2024461409588,2024,461409588,2,9,0,5,5,1,0,4,0,0,0,0,2,1,6,1,40,7,-1,-1,-1,-1,7,1,E01001405,0
Unvalidated,2024461409593,2024,461409593,1,20,0,7,3,5,0,1,0,0,0,0,4,1,1,1,50,8,-1,-1,-1,-1,5,1,E01016157,0
Unvalidated,2024461409653,2024,461409653,1,19,0,18,7,3,0,0,0,0,9,0,9,1,6,3,-1,-1,-1,-1,-1,-1,-1,-1,-1,0
Unvalidated,2024461409653,2024,461409653,2,9,0,18,7,3,0,0,0,0,9,0,9,1,6,1,-1,-1,-1,-1,-1,-1,5,1,E01000803,0
Unvalidated,2024461409672,2024,461409672,1,9,0,1,1,8,9,0,0,0,0,0,2,1,6,1,41,7,-1,-1,-1,-1,4,1,E01024591,0
Unvalidated,2024461409718,2024,461409718,1,19,0,9,7,3,0,0,0,0,0,0,1,1,6,1,52,8,-1,-1,-1,-1,6,2,E01024236,0
Unvalidated,2024461409718,2024,461409718,2,9,0,18,5,1,0,0,0,0,0,0,4,1,5,1,51,8,-1,-1,-1,-1,5,1,E01024227,0
Unvalidated,2024461409724,2024,461409724,1,9,0,18,7,3,0,0,1,0,0,0,1,1,6,2,-1,-1,-1,-1,-1,-1,-1,-1,-1,0
Unvalidated,2024461409724,2024,461409724,2,9,0,4,7,3,0,0,0,0,0,0,2,1,5,1,52,8,-1,-1,-1,-1,6,1,E01024736,0
Unvalidated,2024461409756,2024,461409756,1,19,0,18,3,7,0,0,0,0,0,0,1,2,1,1,54,8,-1,-1,-1,-1,-1,-1,-1,0
Unvalidated,2024461409756,2024,461409756,2,21,1,4,3,7,0,0,0,0,0,0,2,2,1,1,41,7,-1,-1,-1,-1,-1,-1,-1,0
Unvalidated,2024461409774,2024,461409774,1,9,0,5,7,3,0,0,0,0,0,0,4,1,6,1,86,11,-1,-1,-1,-1,10,3,E01024755,0
Unvalidated,2024461409774,2024,461409774,2,1,0,5,1,5,0,0,0,0,0,0,4,1,6,1,49,8,-1,-1,-1,-1,10,2,E01024449,0
Unvalidated,2024461409819,2024,461409819,1,90,0,3,3,7,0,0,0,0,0,0,3,1,6,3,-1,-1,-1,-1,-1,-1,-1,-1,-1,0
Unvalidated,2024461409819,2024,461409819,2,9,0,18,3,7,0,0,0,0,0,0,4,1,6,2,77,11,-1,-1,-1,-1,5,2,E01024202,0
Unvalidated,2024461409844,2024,461409844,1,9,0,18,6,2,0,1,0,0,0,0,1,1,6,3,-1,-1,-1,-1,-1,-1,-1,-1,-1,0
Unvalidated,2024461409844,2024,461409844,2,9,0,18,1,5,0,1,0,0,0,0,3,1,5,2,23,5,-1,-1,-1,-1,9,1,E01016107,0
Unvalidated,2024461409889,2024,461409889,1,9,0,9,5,1,0,6,0,0,0,0,1,1,6,1,66,10,-1,-1,-1,-1,5,2,E01024623,0
Unvalidated,2024461409982,2024,461409982,1,9,0,18,3,7,0,1,0,0,0,0,1,1,5,2,70,10,-1,-1,-1,-1,5,3,E01024364,0
Unvalidated,2024461409982,2024,461409982,2,9,0,9,7,3,0,1,0,0,0,0,3,1,5,2,66,10,-1,-1,-1,-1,10,2,E01024344,0
Unvalidated,2024461409990,2024,461409990,1,9,0,16,5,1,0,0,5,0,0,0,1,1,5,2,17,4,-1,-1,-1,-1,7,2,E01024361,0
Unvalidated,2024461410024,2024,461410024,1,9,0,18,1,5,0,2,5,0,1,7,4,2,5,2,25,5,-1,-1,-1,-1,2,1,E01024699,0
Unvalidated,2024461410029,2024,461410029,1,9,0,7,4,6,0,0,0,0,0,0,4,1,6,1,45,7,-1,-1,-1,-1,1,1,E01033679,0
Unvalidated,2024461410029,2024,461410029,2,1,0,18,4,2,0,0,0,0,0,0,3,1,2,1,23,5,-1,-1,-1,-1,2,1,E01024505,0
Unvalidated,2024461410039,2024,461410039,1,9,0,18,5,1,0,1,0,0,7,0,2,1,6,2,31,6,-1,-1,-1,-1,2,1,E01003288,0
Unvalidated,2024461410039,2024,461410039,2,9,0,2,0,0,0,2,0,0,0,0,3,1,6,3,-1,-1,-1,-1,-1,-1,-1,-1,-1,0
Unvalidated,2024461410076,2024,461410076,1,9,0,18,5,1,0,0,0,0,0,0,4,1,6,1,26,6,-1,-1,-1,-1,4,1,E01024027,0
Unvalidated,2024461410085,2024,461410085,1,9,0,18,5,1,0,0,0,0,0,0,2,1,6,1,50,8,-1,-1,-1,-1,8,1,E01001617,0
Unvalidated,2024461410085,2024,461410085,2,1,0,18,5,1,4,0,1,0,0,0,2,1,2,1,65,9,-1,-1,-1,-1,7,1,E01024140,0
Unvalidated,2024461410116,2024,461410116,1,19,0,18,7,3,0,0,0,0,0,0,9,1,6,2,47,8,-1,-1,-1,-1,4,3,E01024387,0
Unvalidated,2024461410116,2024,461410116,2,9,0,18,7,3,0,0,-1,0,0,0,3,1,2,2,46,8,-1,-1,-1,-1,3,1,E01024149,0
Unvalidated,2024461410118,2024,461410118,1,9,0,18,6,2,0,0,0,0,0,0,1,1,6,2,39,7,-1,-1,-1,-1,7,3,E01024812,0
Unvalidated,2024461410291,2024,461410291,1,9,0,4,7,3,0,0,0,0,0,0,1,1,2,2,37,7,-1,-1,-1,-1,6,1,E01024079,0
Unvalidated,2024461410291,2024,461410291,2,19,0,4,7,3,0,0,0,0,0,0,2,1,2,1,30,6,-1,-1,-1,-1,4,1,E01024217,0
Unvalidated,2024461410354,2024,461410354,1,19,0,18,1,5,0,1,0,4,0,0,1,1,6,1,20,4,-1,-1,-1,-1,6,1,E01024285,0
Unvalidated,2024461410354,2024,461410354,2,19,0,2,1,5,0,2,0,0,0,0,1,1,6,3,-1,-1,-1,-1,-1,-1,-1,-1,-1,0
Unvalidated,2024461410357,2024,461410357,1,9,0,18,1,5,0,0,0,0,8,0,1,1,6,1,91,11,-1,-1,-1,-1,7,1,E01024636,0
Unvalidated,2024461410357,2024,461410357,2,9,0,18,5,1,0,0,0,0,0,0,1,1,6,2,58,9,-1,-1,-1,-1,3,1,E01024695,0
Unvalidated,2024461410426,2024,461410426,1,9,0,18,8,6,0,4,0,0,0,0,1,1,6,1,75,10,-1,-1,-1,-1,3,1,E01024481,0
Unvalidated,2024461410426,2024,461410426,2,9,0,5,2,6,0,3,5,0,0,0,4,1,6,2,44,7,-1,-1,-1,-1,-1,-1,-1,0
Unvalidated,2024461410426,2024,461410426,3,9,0,3,4,8,0,3,0,0,0,0,1,1,6,1,57,9,-1,-1,-1,-1,2,1,E01024476,0
Unvalidated,2024461410449,2024,461410449,1,9,0,18,2,6,0,3,0,0,1,7,4,1,6,1,23,5,-1,-1,-1,-1,-1,-1,-1,0
Unvalidated,2024461410449,2024,461410449,2,9,0,18,2,6,0,3,0,0,1,0,3,1,1,1,44,7,-1,-1,-1,-1,3,1,E01024717,0