status,collision_index,collision_year,collision_reference,vehicle_reference,vehicle_type,towing_and_articulation,vehicle_manoeuvre,vehicle_direction_from,vehicle_direction_to,vehicle_location_restricted_lane,junction_location,skidding_and_overturning,hit_object_in_carriageway,vehicle_leaving_carriageway,hit_object_off_carriageway,first_point_of_impact,vehicle_left_hand_drive,journey_purpose_of_driver,sex_of_driver,age_of_driver,age_band_of_driver,engine_capacity_cc,propulsion_code,age_of_vehicle,generic_make_model,driver_imd_decile,driver_home_area_type,lsoa_of_driver,escooter_flag
Unvalidated,2024461410463,2024,461410463,1,9,0,7,2,8,0,6,0,0,0,0,3,1,6,1,-1,-1,-1,-1,-1,-1,-1,-1,-1,0
Unvalidated,2024461410463,2024,461410463,2,3,0,18,8,4,0,1,0,0,0,0,1,1,6,1,24,5,-1,-1,-1,-1,7,1,E01024317,0
Unvalidated,2024461410471,2024,461410471,1,9,0,7,1,7,0,0,0,0,0,0,1,1,6,1,25,5,-1,-1,-1,-1,7,1,E01024636,0
Unvalidated,2024461410475,2024,461410475,1,9,0,18,1,1,0,0,0,4,0,0,1,1,5,2,48,8,-1,-1,-1,-1,-1,-1,-1,0
Unvalidated,2024461410475,2024,461410475,2,9,0,2,0,0,9,0,0,0,0,0,3,1,6,3,-1,-1,-1,-1,-1,-1,-1,-1,-1,0
Unvalidated,2024461410475,2024,461410475,3,9,0,2,0,0,9,0,0,0,0,0,1,1,6,3,-1,-1,-1,-1,-1,-1,-1,-1,-1,0
Unvalidated,2024461410695,2024,461410695,1,9,0,12,7,3,0,0,0,0,0,0,0,1,6,2,38,7,-1,-1,-1,-1,6,1,E01024094,0
Unvalidated,2024461410695,2024,461410695,2,9,0,18,7,3,0,0,1,0,2,7,1,1,6,1,21,5,-1,-1,-1,-1,6,3,E01024556,0
Unvalidated,2024461410695,2024,461410695,3,90,0,18,7,3,0,0,0,0,0,0,1,1,1,2,22,5,-1,-1,-1,-1,4,3,E01024087,0
Unvalidated,2024461410759,2024,461410759,1,9,0,18,1,5,0,0,0,0,0,0,1,1,5,2,69,10,-1,-1,-1,-1,7,2,E01024380,0
Unvalidated,2024461410759,2024,461410759,2,9,0,18,5,1,0,0,0,0,7,0,3,1,1,1,40,7,-1,-1,-1,-1,6,3,E01024806,0
Unvalidated,2024461410858,2024,461410858,1,9,0,5,5,1,0,6,0,0,0,0,3,1,5,2,62,9,-1,-1,-1,-1,7,1,E01030851,0
Unvalidated,2024461410858,2024,461410858,2,9,0,18,1,5,0,2,0,0,0,0,3,1,5,1,44,7,-1,-1,-1,-1,9,1,E01021151,0
Unvalidated,2024461410871,2024,461410871,1,9,0,5,2,3,0,0,0,0,0,0,2,1,6,2,44,7,-1,-1,-1,-1,3,3,E01016146,0
Unvalidated,2024461410871,2024,461410871,2,19,0,4,2,3,0,0,1,0,1,0,1,1,6,1,21,5,-1,-1,-1,-1,4,3,E01016072,0
Unvalidated,2024461410880,2024,461410880,1,97,0,18,4,8,0,1,0,0,0,0,1,1,5,1,32,6,-1,-1,-1,-1,4,1,E01024698,0
Unvalidated,2024461410880,2024,461410880,2,9,0,18,2,6,0,4,0,0,0,0,4,1,5,1,38,7,-1,-1,-1,-1,6,1,E01024674,0
Unvalidated,2024461410896,2024,461410896,1,9,0,18,7,3,0,0,0,0,0,0,1,1,6,1,35,6,-1,-1,-1,-1,10,1,E01000353,0
Unvalidated,2024461410896,2024,461410896,2,9,0,18,7,3,0,0,0,0,0,0,2,1,5,2,36,7,-1,-1,-1,-1,8,1,E01024259,0
Unvalidated,2024461410896,2024,461410896,3,9,0,18,7,3,0,0,0,0,0,0,4,1,5,2,35,6,-1,-1,-1,-1,6,1,E01024314,0
Unvalidated,2024461410954,2024,461410954,1,9,0,18,7,3,0,1,0,0,3,0,1,1,1,1,21,5,-1,-1,-1,-1,4,1,E01024176,0
Unvalidated,2024461410954,2024,461410954,2,9,0,18,1,5,0,8,0,0,0,0,4,1,5,1,40,7,-1,-1,-1,-1,4,1,E01024262,0
Unvalidated,2024461411000,2024,461411000,1,3,0,18,6,3,0,0,1,0,0,0,4,1,1,1,25,5,-1,-1,-1,-1,-1,-1,-1,0
Unvalidated,2024461411045,2024,461411045,1,9,0,18,6,2,0,0,0,0,7,0,1,1,6,1,87,11,-1,-1,-1,-1,4,2,E01016070,0
Unvalidated,2024461411059,2024,461411059,1,9,0,8,1,4,0,1,0,0,0,0,1,1,5,1,20,4,-1,-1,-1,-1,6,1,E01016080,0
Unvalidated,2024461411084,2024,461411084,1,9,0,18,6,2,0,0,0,0,0,0,1,1,5,1,44,7,-1,-1,-1,-1,6,1,E01032817,0
Unvalidated,2024461411093,2024,461411093,1,9,0,4,8,6,0,4,0,0,0,0,1,1,6,1,54,8,-1,-1,-1,-1,4,1,E01016164,0
Unvalidated,2024461411093,2024,461411093,2,9,0,3,7,4,0,4,0,0,0,0,2,1,6,2,64,9,-1,-1,-1,-1,6,1,E01032798,0
Unvalidated,2024461411132,2024,461411132,1,9,0,18,6,2,0,0,0,0,0,0,1,1,5,2,42,7,-1,-1,-1,-1,3,1,E01016022,0
Unvalidated,2024461411262,2024,461411262,1,9,0,9,7,3,0,0,0,10,3,4,1,1,6,2,39,7,-1,-1,-1,-1,4,1,E01023337,0
Unvalidated,2024461411262,2024,461411262,2,9,0,9,7,3,0,0,0,10,3,3,2,1,6,2,48,8,-1,-1,-1,-1,3,1,E01015988,0
Unvalidated,2024461411329,2024,461411329,1,9,0,9,5,4,0,2,0,0,0,0,1,1,1,1,61,9,-1,-1,-1,-1,-1,-1,-1,0
Unvalidated,2024461411347,2024,461411347,1,9,0,18,2,6,0,0,0,0,0,0,1,1,5,2,19,4,-1,-1,-1,-1,5,3,E01024033,0
Unvalidated,2024461411347,2024,461411347,2,9,0,18,6,2,0,0,0,0,2,0,1,1,5,1,50,8,-1,-1,-1,-1,10,2,E01024724,0
Unvalidated,2024461411362,2024,461411362,1,1,0,11,3,3,0,0,5,10,1,0,1,1,5,1,42,7,-1,-1,-1,-1,-1,-1,-1,0
Unvalidated,2024461411397,2024,461411397,1,19,0,18,7,3,0,3,0,0,0,0,3,1,6,3,-1,-1,-1,-1,-1,-1,-1,-1,-1,0
Unvalidated,2024461411397,2024,461411397,2,9,0,18,7,3,0,3,0,0,0,0,4,1,6,1,39,7,-1,-1,-1,-1,3,1,E01024149,0
Unvalidated,2024461411398,2024,461411398,1,9,0,9,3,1,0,2,0,0,0,0,1,1,6,2,-1,-1,-1,-1,-1,-1,1,1,E01024177,0
Unvalidated,2024461411405,2024,461411405,1,9,0,18,1,5,0,8,0,0,0,0,4,1,1,1,-1,-1,-1,-1,-1,-1,-1,-1,-1,0
Unvalidated,2024461411419,2024,461411419,1,9,0,18,3,7,0,0,0,0,0,0,1,1,6,1,51,8,-1,-1,-1,-1,9,1,E01024159,0
Unvalidated,2024461411419,2024,461411419,2,1,0,18,3,7,0,0,0,0,0,0,2,1,2,1,48,8,-1,-1,-1,-1,2,1,E01001575,0
Unvalidated,2024461411425,2024,461411425,1,98,5,18,3,7,0,3,0,0,0,0,4,1,1,1,62,9,-1,-1,-1,-1,-1,-1,-1,0
Unvalidated,2024461411425,2024,461411425,2,9,0,18,3,7,0,3,0,0,0,0,3,1,6,1,28,6,-1,-1,-1,-1,1,1,E01024710,0
Unvalidated,2024461411535,2024,461411535,1,9,0,18,4,8,0,2,2,0,0,0,4,1,3,2,68,10,-1,-1,-1,-1,1,1,E01024563,0
Unvalidated,2024461411535,2024,461411535,2,9,0,2,0,0,0,2,0,0,0,0,2,1,6,3,-1,-1,-1,-1,-1,-1,-1,-1,-1,0
Unvalidated,2024461411569,2024,461411569,1,9,0,11,4,8,0,0,0,0,0,0,2,1,6,1,79,11,-1,-1,-1,-1,7,1,E01014423,0
Unvalidated,2024461411569,2024,461411569,2,20,1,18,4,8,0,0,0,0,0,0,1,1,6,2,50,8,-1,-1,-1,-1,4,2,E01024702,0
Unvalidated,2024461411585,2024,461411585,1,9,0,9,7,5,0,8,0,0,0,0,3,1,3,2,45,7,-1,-1,-1,-1,8,1,E01024158,0
Unvalidated,2024461411616,2024,461411616,1,9,0,4,4,8,0,0,1,4,0,0,1,1,5,1,33,6,-1,-1,-1,-1,5,1,E01024594,0
Unvalidated,2024461411616,2024,461411616,2,9,0,3,1,5,0,0,0,4,0,0,2,1,5,2,48,8,-1,-1,-1,-1,3,1,E01024222,0
Unvalidated,2024461411616,2024,461411616,3,21,1,3,1,5,0,0,0,0,0,0,2,1,5,1,38,7,-1,-1,-1,-1,2,1,E01024247,0
Unvalidated,2024461411616,2024,461411616,4,9,0,3,1,5,0,0,0,0,0,0,2,1,5,1,19,4,-1,-1,-1,-1,9,1,E01024256,0
Unvalidated,2024461411690,2024,461411690,1,19,4,18,3,7,0,0,0,0,0,0,-1,1,6,3,-1,-1,-1,-1,-1,-1,-1,-1,-1,0
Unvalidated,2024461411690,2024,461411690,2,19,0,18,3,7,0,0,0,0,0,0,-1,1,6,3,-1,-1,-1,-1,-1,-1,-1,-1,-1,0
Unvalidated,2024461411690,2024,461411690,3,1,0,18,3,7,0,0,0,0,0,0,2,1,5,1,84,11,-1,-1,-1,-1,8,3,E01024545,0
Unvalidated,2024461411711,2024,461411711,1,9,0,18,1,5,0,1,0,0,0,0,1,1,6,3,-1,-1,-1,-1,-1,-1,-1,-1,-1,0
Unvalidated,2024461411725,2024,461411725,1,9,0,18,7,3,0,2,5,4,0,0,1,1,5,1,28,6,-1,-1,-1,-1,2,1,E01024214,0
Unvalidated,2024461411725,2024,461411725,2,9,0,2,0,0,0,1,0,0,0,0,1,1,6,3,-1,-1,-1,-1,-1,-1,-1,-1,-1,0
Unvalidated,2024461411727,2024,461411727,1,21,1,12,6,2,0,0,0,0,0,0,3,2,1,1,38,7,-1,-1,-1,-1,-1,-1,-1,0
Unvalidated,2024461411727,2024,461411727,2,4,0,18,6,2,0,0,1,10,0,0,4,1,6,1,26,6,-1,-1,-1,-1,7,3,E01024203,0
Unvalidated,2024461411760,2024,461411760,1,9,0,18,7,3,0,0,0,0,0,0,2,1,5,1,44,7,-1,-1,-1,-1,5,2,E01024206,0
Unvalidated,2024461411760,2024,461411760,2,9,0,18,7,3,0,0,0,0,0,0,1,1,2,1,23,5,-1,-1,-1,-1,7,3,E01024234,0
Unvalidated,2024461411771,2024,461411771,1,9,0,9,4,2,0,8,0,0,0,0,1,1,6,1,25,5,-1,-1,-1,-1,6,3,E01024345,0
Unvalidated,2024461411771,2024,461411771,2,5,0,18,8,4,0,8,5,0,0,0,3,1,5,1,49,8,-1,-1,-1,-1,8,2,E01024407,0
Unvalidated,2024461411832,2024,461411832,1,9,0,18,5,1,0,0,0,0,0,0,1,1,6,1,30,6,-1,-1,-1,-1,7,1,E01032739,0
Unvalidated,2024461411832,2024,461411832,2,9,0,3,5,1,0,0,0,0,0,0,2,1,6,1,57,9,-1,-1,-1,-1,7,1,E01032820,0
Unvalidated,2024461411844,2024,461411844,1,9,0,18,3,7,0,0,0,0,0,0,1,1,6,2,26,6,-1,-1,-1,-1,1,1,E01024155,0
Unvalidated,2024461411844,2024,461411844,2,1,0,18,3,7,0,0,0,0,0,0,2,1,2,1,45,7,-1,-1,-1,-1,4,1,E01024142,0
Unvalidated,2024461411878,2024,461411878,1,90,0,1,3,7,0,6,0,0,0,0,4,1,6,3,-1,-1,-1,-1,-1,-1,-1,-1,-1,0
Unvalidated,2024461411878,2024,461411878,2,9,0,3,8,4,0,1,0,0,0,0,1,1,5,1,70,10,-1,-1,-1,-1,6,1,E01024260,0
Unvalidated,2024461411921,2024,461411921,1,9,0,9,2,3,0,2,0,0,0,0,3,1,6,3,-1,-1,-1,-1,-1,-1,-1,-1,-1,0
Unvalidated,2024461411921,2024,461411921,2,9,0,8,2,4,0,1,0,0,0,0,3,1,2,2,30,6,-1,-1,-1,-1,4,2,E01016077,0
Unvalidated,2024461412059,2024,461412059,1,9,0,2,0,0,0,1,0,0,0,0,3,1,5,1,61,9,-1,-1,-1,-1,9,1,E01024734,0
Unvalidated,2024461412059,2024,461412059,2,1,0,18,6,2,0,2,0,8,0,0,1,1,6,1,39,7,-1,-1,-1,-1,10,1,E01024731,0
Unvalidated,2024461412178,2024,461412178,1,9,0,9,8,4,0,8,0,0,0,0,1,1,6,1,58,9,-1,-1,-1,-1,3,1,E01024280,0
Unvalidated,2024461412178,2024,461412178,2,3,0,18,6,2,0,8,0,0,1,0,3,1,6,1,18,4,-1,-1,-1,-1,3,1,E01024149,0
Unvalidated,2024461412217,2024,461412217,1,9,0,18,5,2,0,4,0,0,0,0,1,1,5,1,43,7,-1,-1,-1,-1,7,1,E01024064,0
Unvalidated,2024461412217,2024,461412217,2,9,0,18,4,8,0,8,0,0,0,0,4,1,5,1,45,7,-1,-1,-1,-1,1,1,E01024666,0
Unvalidated,2024461412221,2024,461412221,1,21,1,17,2,6,0,0,0,0,0,0,1,2,1,1,-1,-1,-1,-1,-1,-1,-1,-1,-1,0
Unvalidated,2024461412221,2024,461412221,2,9,0,16,7,3,0,0,0,0,0,0,1,1,6,2,59,9,-1,-1,-1,-1,9,1,E01024849,0
Unvalidated,2024461412223,2024,461412223,1,9,0,18,1,5,0,1,0,0,0,0,1,1,1,1,37,7,-1,-1,-1,-1,2,1,E01024496,0
Unvalidated,2024461412223,2024,461412223,2,19,0,18,1,5,0,1,0,0,0,0,2,2,1,1,40,7,-1,-1,-1,-1,6,3,E01024555,0
Unvalidated,2024461412223,2024,461412223,3,9,0,10,1,7,0,1,0,0,0,0,2,1,2,1,55,8,-1,-1,-1,-1,6,3,E01024054,0
Unvalidated,2024461412229,2024,461412229,1,17,0,12,7,3,0,0,0,0,0,0,3,1,5,1,-1,-1,-1,-1,-1,-1,-1,-1,-1,0
Unvalidated,2024461412229,2024,461412229,2,9,0,18,3,7,0,0,1,0,0,0,4,1,5,2,38,7,-1,-1,-1,-1,7,2,E01024013,0
Unvalidated,2024461412251,2024,461412251,1,9,0,-1,-1,-1,0,-1,0,0,0,0,1,1,6,3,-1,-1,-1,-1,-1,-1,-1,-1,-1,0
Unvalidated,2024461412255,2024,461412255,1,9,0,5,8,4,0,3,0,0,0,0,-1,1,6,3,-1,-1,-1,-1,-1,-1,-1,-1,-1,0
Unvalidated,2024461412255,2024,461412255,2,1,0,5,8,4,0,3,0,10,1,0,-1,1,2,1,51,8,-1,-1,-1,-1,2,1,E01016035,0
Unvalidated,2024461412258,2024,461412258,1,9,0,4,7,3,0,0,0,0,0,0,1,1,6,2,42,7,-1,-1,-1,-1,4,1,E01024742,0
Unvalidated,2024461412258,2024,461412258,2,9,0,4,7,3,0,0,0,0,0,0,2,1,6,2,-1,-1,-1,-1,-1,-1,7,1,E01024405,0
Unvalidated,2024461412264,2024,461412264,1,9,4,18,3,7,0,0,0,0,0,0,1,1,5,1,50,8,-1,-1,-1,-1,9,1,E01028444,0
Unvalidated,2024461412264,2024,461412264,2,10,4,18,3,7,0,0,0,0,0,0,1,2,5,1,26,6,-1,-1,-1,-1,1,1,E01027847,0
Unvalidated,2024461412295,2024,461412295,1,9,0,18,1,5,0,1,0,0,0,0,-1,1,6,3,-1,-1,-1,-1,-1,-1,-1,-1,-1,0
Unvalidated,2024461412295,2024,461412295,2,9,0,4,1,5,0,1,0,0,0,0,-1,1,6,1,45,7,-1,-1,-1,-1,8,2,E01024434,0
Unvalidated,2024461412349,2024,461412349,1,9,0,18,4,8,0,0,0,0,0,0,1,1,5,2,34,6,-1,-1,-1,-1,3,2,E01032830,0
Unvalidated,2024461412349,2024,461412349,2,9,0,3,4,8,0,0,0,0,0,0,2,1,1,1,45,7,-1,-1,-1,-1,5,3,E01024379,0
Unvalidated,2024461412503,2024,461412503,1,11,0,18,7,2,0,8,0,0,0,0,0,1,1,2,49,8,-1,-1,-1,-1,3,1,E01024695,0
Unvalidated,2024461412561,2024,461412561,1,21,1,5,2,2,0,3,0,0,0,0,3,1,1,1,47,8,-1,-1,-1,-1,-1,-1,-1,0
Unvalidated,2024461412561,2024,461412561,2,9,0,18,2,2,0,3,0,0,0,0,4,1,5,2,22,5,-1,-1,-1,-1,2,1,E01024049,0
Unvalidated,2024461412575,2024,461412575,1,9,0,18,3,7,0,2,0,0,0,0,1,1,6,1,29,6,-1,-1,-1,-1,6,1,E01024460,0
Unvalidated,2024461412575,2024,461412575,2,9,0,4,3,7,0,1,0,0,0,0,2,1,2,1,45,7,-1,-1,-1,-1,6,1,E01024830,0
Unvalidated,2024461412606,2024,461412606,1,9,0,15,1,1,0,1,0,0,0,0,3,1,6,2,55,8,-1,-1,-1,-1,3,1,E01024482,0
Unvalidated,2024461412606,2024,461412606,2,2,0,9,1,1,0,6,0,0,0,0,1,1,6,2,34,6,-1,-1,-1,-1,4,1,E01001686,0
Unvalidated,2024461412628,2024,461412628,1,9,0,18,4,1,0,6,0,0,1,9,4,1,6,1,18,4,-1,-1,-1,-1,-1,-1,-1,0
Unvalidated,2024461412628,2024,461412628,2,9,0,18,7,3,0,8,0,0,0,0,1,1,6,2,29,6,-1,-1,-1,-1,8,1,E01016082,0
Unvalidated,2024461412642,2024,461412642,1,9,0,18,1,5,0,8,0,0,0,0,1,1,2,1,60,9,-1,-1,-1,-1,5,2,E01016149,0
Unvalidated,2024461412653,2024,461412653,1,9,0,18,2,6,0,0,0,4,0,0,1,1,5,1,44,7,-1,-1,-1,-1,3,1,E01024264,0
Unvalidated,2024461412653,2024,461412653,2,19,0,2,0,0,0,0,0,4,0,0,3,1,6,3,-1,-1,-1,-1,-1,-1,-1,-1,-1,0
Unvalidated,2024461412653,2024,461412653,3,9,0,2,0,0,9,0,0,4,0,0,3,1,6,3,-1,-1,-1,-1,-1,-1,-1,-1,-1,0
Unvalidated,2024461412656,2024,461412656,1,9,0,18,5,1,0,0,0,0,0,0,1,2,6,2,29,6,-1,-1,-1,-1,4,1,E01024002,0
Unvalidated,2024461412667,2024,461412667,1,9,0,7,6,1,0,4,5,9,8,0,1,1,5,1,54,8,-1,-1,-1,-1,6,1,E01016056,0
Unvalidated,2024461412675,2024,461412675,1,9,0,5,1,3,0,4,0,0,0,0,1,1,5,1,47,8,-1,-1,-1,-1,7,3,E01024067,0
Unvalidated,2024461412675,2024,461412675,2,1,0,18,6,2,0,3,0,0,0,0,4,1,6,1,24,5,-1,-1,-1,-1,4,1,E01024048,0
Unvalidated,2024461412688,2024,461412688,1,9,0,18,5,1,0,0,0,0,0,0,1,1,6,1,42,7,-1,-1,-1,-1,3,1,E01016171,0
Unvalidated,2024461412688,2024,461412688,2,19,-1,2,0,0,0,0,0,0,0,0,2,1,6,1,35,6,-1,-1,-1,-1,8,3,E01016144,0
Unvalidated,2024461412720,2024,461412720,1,9,0,3,3,7,0,0,0,0,0,0,1,1,6,1,-1,-1,-1,-1,-1,-1,5,1,E01024223,0
Unvalidated,2024461412720,2024,461412720,2,9,0,3,3,7,0,0,0,0,0,0,2,1,6,2,48,8,-1,-1,-1,-1,6,1,E01024212,0
Unvalidated,2024461412751,2024,461412751,1,19,0,4,7,2,0,0,0,0,0,0,1,1,1,1,20,4,-1,-1,-1,-1,4,1,E01024579,0
Unvalidated,2024461412751,2024,461412751,2,21,4,4,2,2,0,0,0,0,0,0,2,1,1,1,33,6,-1,-1,-1,-1,5,1,E01016158,0
Unvalidated,2024461412769,2024,461412769,1,9,0,5,1,5,0,0,0,0,0,0,1,1,6,3,24,5,-1,-1,-1,-1,1,1,E01024612,0
Unvalidated,2024461412769,2024,461412769,2,19,0,5,1,5,0,0,0,0,0,0,2,1,2,1,30,6,-1,-1,-1,-1,4,1,E01024587,0
Unvalidated,2024461412798,2024,461412798,1,9,0,5,5,1,0,0,0,0,0,0,1,1,3,1,48,8,-1,-1,-1,-1,1,1,E01024148,0
Unvalidated,2024461412951,2024,461412951,1,9,0,18,8,4,0,1,0,0,0,0,1,1,6,1,48,8,-1,-1,-1,-1,3,1,E01024567,0
Unvalidated,2024461412951,2024,461412951,2,9,0,18,2,6,0,2,0,0,0,0,1,1,2,2,26,6,-1,-1,-1,-1,1,1,E01024597,0
Unvalidated,2024461412957,2024,461412957,1,9,0,18,1,5,0,0,5,0,0,0,1,1,1,1,38,7,-1,-1,-1,-1,8,1,E01024255,0
Unvalidated,2024461412985,2024,461412985,1,9,0,18,7,3,0,8,0,0,7,3,1,1,6,1,65,9,-1,-1,-1,-1,7,3,E01024789,0
Unvalidated,2024461412985,2024,461412985,2,9,0,2,0,0,6,2,0,0,0,0,4,1,6,3,-1,-1,-1,-1,-1,-1,-1,-1,-1,0
Unvalidated,2024461412985,2024,461412985,3,9,0,2,0,0,6,2,0,0,0,0,4,1,6,3,-1,-1,-1,-1,-1,-1,-1,-1,-1,0
Unvalidated,2024461412985,2024,461412985,4,9,0,2,0,0,6,2,0,0,0,0,4,1,6,3,-1,-1,-1,-1,-1,-1,-1,-1,-1,0
Unvalidated,2024461412985,2024,461412985,5,9,0,2,0,0,6,2,0,0,0,0,4,1,6,3,-1,-1,-1,-1,-1,-1,-1,-1,-1,0
Unvalidated,2024461413027,2024,461413027,1,9,0,9,5,2,0,1,0,0,0,0,1,1,1,2,48,8,-1,-1,-1,-1,2,1,E01024397,0
Unvalidated,2024461413027,2024,461413027,2,3,0,18,1,5,0,1,0,0,0,0,1,1,1,1,45,7,-1,-1,-1,-1,4,1,E01024358,0
Unvalidated,2024461413033,2024,461413033,1,9,0,18,4,8,0,0,0,0,0,0,3,1,6,1,32,6,-1,-1,-1,-1,2,1,E01001702,0
Unvalidated,2024461413033,2024,461413033,2,9,0,9,5,1,0,0,0,0,0,0,3,1,2,2,29,6,-1,-1,-1,-1,7,1,E01016078,0
Unvalidated,2024461413034,2024,461413034,1,9,0,4,1,2,0,1,0,0,0,0,1,1,2,1,58,9,-1,-1,-1,-1,3,1,E01024509,0
Unvalidated,2024461413049,2024,461413049,1,9,0,3,7,3,0,0,0,0,0,0,2,1,1,2,27,6,-1,-1,-1,-1,7,3,E01024332,0
Unvalidated,2024461413049,2024,461413049,2,9,0,18,7,3,0,0,0,0,0,0,1,1,2,2,34,6,-1,-1,-1,-1,5,3,E01024366,0
Unvalidated,2024461413073,2024,461413073,1,9,0,18,4,2,0,0,0,0,0,0,1,1,5,1,39,7,-1,-1,-1,-1,10,3,E01024365,0
Unvalidated,2024461413073,2024,461413073,2,9,0,18,8,4,0,0,0,0,0,0,1,1,5,1,53,8,-1,-1,-1,-1,5,1,E01023992,0
Unvalidated,2024461413090,2024,461413090,1,19,0,1,0,0,0,1,0,0,0,0,2,1,6,1,60,9,-1,-1,-1,-1,6,1,E01002555,0
Unvalidated,2024461413090,2024,461413090,2,3,0,2,0,0,0,1,0,0,0,0,1,1,2,2,39,7,-1,-1,-1,-1,9,3,E01016575,0
Unvalidated,2024461413101,2024,461413101,1,9,0,9,2,6,0,8,0,0,0,0,1,1,6,1,57,9,-1,-1,-1,-1,6,3,E01024236,0
Unvalidated,2024461413101,2024,461413101,2,9,0,18,6,2,0,1,0,0,0,0,1,1,6,1,87,11,-1,-1,-1,-1,8,2,E01024237,0
Unvalidated,2024461413119,2024,461413119,1,9,0,9,5,4,0,5,0,0,0,0,1,1,6,2,33,6,-1,-1,-1,-1,6,2,E01024428,0
Unvalidated,2024461413119,2024,461413119,2,9,0,7,1,4,0,8,0,0,0,0,1,1,6,2,40,7,-1,-1,-1,-1,6,1,E01030843,0
Unvalidated,2024461413121,2024,461413121,1,9,0,18,7,3,0,0,0,0,9,0,1,1,6,2,49,8,-1,-1,-1,-1,2,1,E01024840,0
Unvalidated,2024461413121,2024,461413121,2,9,0,18,3,7,0,0,0,0,9,0,1,1,6,2,42,7,-1,-1,-1,-1,7,1,E01024732,0
Unvalidated,2024461413147,2024,461413147,1,9,0,9,3,1,0,1,0,0,0,0,3,1,5,3,-1,-1,-1,-1,-1,-1,-1,-1,-1,0
Unvalidated,2024461413147,2024,461413147,2,1,0,18,1,5,0,1,0,0,0,0,1,1,2,1,53,8,-1,-1,-1,-1,9,1,E01024753,0
Unvalidated,2024461413200,2024,461413200,1,11,0,7,1,7,0,0,0,0,0,0,0,1,1,3,-1,-1,-1,-1,-1,-1,-1,-1,-1,0
Unvalidated,2024461413256,2024,461413256,1,9,0,18,8,4,0,0,0,0,0,0,1,1,2,2,51,8,-1,-1,-1,-1,6,3,E01023988,0
Unvalidated,2024461413256,2024,461413256,2,9,0,18,8,4,0,0,0,0,0,0,2,1,2,1,60,9,-1,-1,-1,-1,6,2,E01023986,0
Unvalidated,2024461413266,2024,461413266,1,9,0,18,1,5,0,1,0,0,0,0,1,1,6,1,-1,-1,-1,-1,-1,-1,7,1,E01024576,0
Unvalidated,2024461413266,2024,461413266,2,9,0,18,3,7,0,1,0,0,0,0,2,1,6,2,43,7,-1,-1,-1,-1,4,2,E01024622,0
Unvalidated,2024461413281,2024,461413281,1,98,0,9,7,3,0,0,0,0,0,0,3,1,6,1,-1,-1,-1,-1,-1,-1,2,1,E01000730,0
Unvalidated,2024461413281,2024,461413281,2,9,0,9,5,7,0,0,0,0,0,0,4,1,1,2,28,6,-1,-1,-1,-1,6,3,E01024628,0
Unvalidated,2024461413440,2024,461413440,1,19,0,18,1,5,0,0,0,0,0,0,1,1,1,1,38,7,-1,-1,-1,-1,4,1,E01024395,0
Unvalidated,2024461413440,2024,461413440,2,9,0,4,1,5,0,0,0,0,0,0,2,1,6,2,28,6,-1,-1,-1,-1,7,2,E01024203,0
Unvalidated,2024461413446,2024,461413446,1,19,0,18,6,2,0,0,2,0,8,11,1,1,5,1,30,6,-1,-1,-1,-1,1,1,E01000661,0
Unvalidated,2024461413446,2024,461413446,2,9,0,2,0,0,9,0,0,0,0,0,4,1,6,3,-1,-1,-1,-1,-1,-1,-1,-1,-1,0
Unvalidated,2024461413446,2024,461413446,3,9,0,2,0,0,9,0,0,0,0,0,2,1,6,3,-1,-1,-1,-1,-1,-1,-1,-1,-1,0
Unvalidated,2024461413452,2024,461413452,1,9,0,7,7,2,0,6,0,11,0,0,1,1,6,1,43,7,-1,-1,-1,-1,1,1,E01024295,0
Unvalidated,2024461413456,2024,461413456,1,9,0,9,8,4,0,6,0,0,0,0,1,1,2,1,22,5,-1,-1,-1,-1,9,1,E01023999,0
Unvalidated,2024461413456,2024,461413456,2,9,0,18,5,2,0,1,0,0,0,0,1,1,6,2,61,9,-1,-1,-1,-1,9,2,E01024409,0
Unvalidated,2024461413518,2024,461413518,1,9,0,11,3,7,0,0,2,0,1,6,4,1,6,1,40,7,-1,-1,-1,-1,7,1,E01024553,0
Unvalidated,2024461413518,2024,461413518,2,9,0,18,3,7,0,0,1,0,1,0,2,1,6,1,60,9,-1,-1,-1,-1,5,1,E01024588,0
Unvalidated,2024461413530,2024,461413530,1,9,0,18,1,5,0,0,0,0,2,0,1,2,5,1,18,4,-1,-1,-1,-1,3,1,E01016047,0
Unvalidated,2024461413543,2024,461413543,1,9,0,18,1,5,0,0,5,4,0,0,1,1,1,2,47,8,-1,-1,-1,-1,1,1,E01024697,0
Unvalidated,2024461413543,2024,461413543,2,9,0,2,0,0,0,0,0,0,0,0,2,1,6,3,-1,-1,-1,-1,-1,-1,-1,-1,-1,0
Unvalidated,2024461413543,2024,461413543,3,9,0,2,0,0,0,0,0,0,0,0,2,1,6,3,-1,-1,-1,-1,-1,-1,-1,-1,-1,0
Unvalidated,2024461413543,2024,461413543,4,9,0,2,0,0,0,0,0,4,0,0,2,1,6,3,-1,-1,-1,-1,-1,-1,-1,-1,-1,0
Unvalidated,2024461413543,2024,461413543,5,9,0,2,0,0,0,0,0,4,0,0,2,1,6,3,-1,-1,-1,-1,-1,-1,-1,-1,-1,0
Unvalidated,2024461413543,2024,461413543,6,9,0,2,0,0,0,0,0,0,0,0,2,1,6,3,-1,-1,-1,-1,-1,-1,-1,-1,-1,0