status,collision_index,collision_year,collision_reference,vehicle_reference,vehicle_type,towing_and_articulation,vehicle_manoeuvre,vehicle_direction_from,vehicle_direction_to,vehicle_location_restricted_lane,junction_location,skidding_and_overturning,hit_object_in_carriageway,vehicle_leaving_carriageway,hit_object_off_carriageway,first_point_of_impact,vehicle_left_hand_drive,journey_purpose_of_driver,sex_of_driver,age_of_driver,age_band_of_driver,engine_capacity_cc,propulsion_code,age_of_vehicle,generic_make_model,driver_imd_decile,driver_home_area_type,lsoa_of_driver,escooter_flag
Unvalidated,2024461413543,2024,461413543,7,9,0,2,0,0,0,0,0,0,0,0,4,1,6,3,-1,-1,-1,-1,-1,-1,-1,-1,-1,0
Unvalidated,2024461413620,2024,461413620,1,9,0,18,4,8,0,8,0,0,0,0,1,1,6,1,58,9,-1,-1,-1,-1,7,2,E01024267,0
Unvalidated,2024461413767,2024,461413767,1,8,0,18,7,3,0,0,0,0,0,0,1,1,1,1,39,7,-1,-1,-1,-1,1,1,E01024278,0
Unvalidated,2024461413779,2024,461413779,1,10,0,5,6,2,0,0,0,0,0,0,0,1,1,1,28,6,-1,-1,-1,-1,7,1,E01024518,0
Unvalidated,2024461413801,2024,461413801,1,19,0,18,5,1,0,0,1,11,7,3,3,1,6,1,34,6,-1,-1,-1,-1,8,3,E01024089,0
Unvalidated,2024461413813,2024,461413813,1,9,0,18,3,6,0,1,0,0,0,0,4,1,5,1,19,4,-1,-1,-1,-1,-1,-1,-1,0
Unvalidated,2024461413814,2024,461413814,1,9,0,18,7,3,0,0,1,6,7,7,3,1,6,1,39,7,-1,-1,-1,-1,2,1,E01000729,0
Unvalidated,2024461413825,2024,461413825,1,8,0,18,7,3,0,0,0,0,0,0,1,1,5,1,43,7,-1,-1,-1,-1,1,1,E01003961,0
Unvalidated,2024461414000,2024,461414000,1,9,0,18,6,2,0,0,5,0,1,0,1,1,5,1,17,4,-1,-1,-1,-1,8,1,E01031587,0
Unvalidated,2024461414022,2024,461414022,1,9,0,18,3,7,0,0,0,4,0,0,1,1,6,1,36,7,-1,-1,-1,-1,-1,-1,-1,0
Unvalidated,2024461414022,2024,461414022,2,9,0,2,0,0,0,0,0,0,0,0,2,1,6,3,-1,-1,-1,-1,-1,-1,-1,-1,-1,0
Unvalidated,2024461414022,2024,461414022,3,9,0,2,0,0,0,0,0,0,0,0,3,1,6,3,-1,-1,-1,-1,-1,-1,-1,-1,-1,0
Unvalidated,2024461414040,2024,461414040,1,9,0,9,1,6,0,6,0,0,0,0,0,1,5,1,41,7,-1,-1,-1,-1,-1,-1,-1,0
Unvalidated,2024461414040,2024,461414040,2,5,0,18,3,7,0,2,1,0,0,0,4,1,6,1,35,6,-1,-1,-1,-1,10,1,E01024147,0
Unvalidated,2024461414050,2024,461414050,1,19,0,18,7,3,0,0,0,0,9,0,3,1,6,1,35,6,-1,-1,-1,-1,5,1,E01010656,0
Unvalidated,2024461414050,2024,461414050,2,9,0,18,7,3,0,0,0,0,9,0,4,1,6,1,40,7,-1,-1,-1,-1,4,1,E01015952,0
Unvalidated,2024461414064,2024,461414064,1,9,0,18,5,1,0,0,1,0,0,0,3,1,6,1,-1,-1,-1,-1,-1,-1,-1,-1,-1,0
Unvalidated,2024461414064,2024,461414064,2,9,0,4,5,1,0,0,1,0,0,0,3,1,5,2,69,10,-1,-1,-1,-1,9,2,E01024431,0
Unvalidated,2024461414071,2024,461414071,1,9,0,18,6,2,0,0,0,0,0,0,3,1,5,1,38,7,-1,-1,-1,-1,2,1,E01024398,0
Unvalidated,2024461414071,2024,461414071,2,9,0,18,2,6,0,0,0,0,0,0,3,1,5,1,35,6,-1,-1,-1,-1,5,1,E01024393,0
Unvalidated,2024461414094,2024,461414094,1,9,0,18,5,1,0,0,1,10,1,0,1,1,6,2,35,6,-1,-1,-1,-1,2,1,E01024248,0
Unvalidated,2024461414149,2024,461414149,1,9,0,9,6,5,0,1,0,0,0,0,1,1,6,1,44,7,-1,-1,-1,-1,3,1,E01024154,0
Unvalidated,2024461414149,2024,461414149,2,11,0,5,2,6,0,2,0,0,0,0,3,1,1,1,66,10,-1,-1,-1,-1,7,3,E01024267,0
Unvalidated,2024461414150,2024,461414150,1,9,0,18,5,1,0,0,0,0,0,0,1,1,2,1,61,9,-1,-1,-1,-1,9,2,E01024431,0
Unvalidated,2024461414150,2024,461414150,2,9,0,18,1,5,0,0,0,0,0,0,3,1,2,2,65,9,-1,-1,-1,-1,10,1,E01024443,0
Unvalidated,2024461414150,2024,461414150,3,9,0,18,1,5,0,0,0,0,0,0,3,1,2,1,26,6,-1,-1,-1,-1,9,1,E01000350,0
Unvalidated,2024461414303,2024,461414303,1,9,0,18,7,3,0,1,0,0,0,0,1,2,5,1,52,8,-1,-1,-1,-1,7,3,E01032829,0
Unvalidated,2024461414303,2024,461414303,2,9,0,18,7,3,0,1,5,0,1,0,3,2,5,1,19,4,-1,-1,-1,-1,7,1,E01032619,0
Unvalidated,2024461414326,2024,461414326,1,9,0,18,2,3,0,1,0,0,0,0,1,1,2,2,53,8,-1,-1,-1,-1,7,3,E01024793,0
Unvalidated,2024461414326,2024,461414326,2,9,0,18,7,5,0,1,0,0,0,0,1,1,5,2,65,9,-1,-1,-1,-1,5,3,E01024379,0
Unvalidated,2024461414330,2024,461414330,1,9,0,18,3,7,0,0,0,0,0,0,1,1,6,1,43,7,-1,-1,-1,-1,-1,-1,-1,0
Unvalidated,2024461414330,2024,461414330,2,5,0,18,3,7,0,0,0,0,0,0,0,1,6,1,29,6,-1,-1,-1,-1,2,1,E01000429,0
Unvalidated,2024461414330,2024,461414330,3,9,0,18,3,7,0,0,0,0,0,0,0,1,6,2,17,4,-1,-1,-1,-1,10,1,E01000794,0
Unvalidated,2024461414330,2024,461414330,4,9,0,18,3,7,0,0,0,0,0,0,0,1,6,1,31,6,-1,-1,-1,-1,3,1,E01024717,0
Unvalidated,2024461414335,2024,461414335,1,1,0,4,7,2,0,4,1,0,0,0,4,1,6,1,82,11,-1,-1,-1,-1,9,1,E01016112,0
Unvalidated,2024461414337,2024,461414337,1,9,0,18,3,7,0,0,0,0,0,0,1,1,6,3,-1,-1,-1,-1,-1,-1,-1,-1,-1,0
Unvalidated,2024461414337,2024,461414337,2,3,0,3,3,7,0,0,0,0,0,0,2,1,5,1,26,6,-1,-1,-1,-1,7,1,E01000748,0
Unvalidated,2024461414362,2024,461414362,1,9,0,18,7,2,0,1,0,0,0,0,1,1,6,1,69,10,-1,-1,-1,-1,5,1,E01024601,0
Unvalidated,2024461414373,2024,461414373,1,9,0,7,6,6,0,2,0,0,0,0,1,1,6,2,38,7,-1,-1,-1,-1,5,1,E01024356,0
Unvalidated,2024461414373,2024,461414373,2,23,0,18,1,5,0,1,5,0,0,0,1,1,6,3,30,6,-1,-1,-1,-1,-1,-1,-1,0
Unvalidated,2024461414407,2024,461414407,1,9,0,1,3,7,0,0,0,0,0,0,2,1,5,2,-1,-1,-1,-1,-1,-1,6,2,E01024425,0
Unvalidated,2024461414726,2024,461414726,1,19,0,11,8,4,0,0,2,0,0,0,1,1,2,1,49,8,-1,-1,-1,-1,5,1,E01024282,0
Unvalidated,2024461414726,2024,461414726,2,9,0,18,8,4,6,0,0,0,1,0,2,1,2,1,60,9,-1,-1,-1,-1,3,1,E01016171,0
Unvalidated,2024461414726,2024,461414726,3,9,0,3,8,4,0,0,0,0,0,0,2,1,5,2,41,7,-1,-1,-1,-1,7,1,E01024405,0
Unvalidated,2024461414802,2024,461414802,1,9,0,18,7,3,0,0,0,0,0,0,4,1,2,1,46,8,-1,-1,-1,-1,3,1,E01024608,0
Unvalidated,2024461414802,2024,461414802,2,9,0,18,3,7,0,0,0,0,0,0,4,1,2,1,57,9,-1,-1,-1,-1,9,1,E01016086,0
Unvalidated,2024461414802,2024,461414802,3,9,0,18,7,3,0,0,0,0,0,0,3,1,2,1,51,8,-1,-1,-1,-1,9,1,E01032735,0
Unvalidated,2024461414887,2024,461414887,1,9,0,18,1,5,0,0,0,0,0,0,1,1,6,1,19,4,-1,-1,-1,-1,8,1,E01024351,0
Unvalidated,2024461414889,2024,461414889,1,9,0,18,4,2,0,0,0,0,0,0,1,1,6,1,73,10,-1,-1,-1,-1,9,1,E01021481,0
Unvalidated,2024461414933,2024,461414933,1,9,4,18,1,3,0,0,1,7,0,0,1,1,1,1,62,9,-1,-1,-1,-1,10,2,E01024408,0
Unvalidated,2024461414933,2024,461414933,2,9,0,18,7,1,0,0,1,0,1,0,1,1,1,2,47,8,-1,-1,-1,-1,7,2,E01024794,0
Unvalidated,2024461414934,2024,461414934,1,19,0,9,1,7,0,2,0,0,0,0,0,1,6,1,-1,-1,-1,-1,-1,-1,7,3,E01024812,0
Unvalidated,2024461414934,2024,461414934,2,9,0,18,3,7,0,1,0,0,0,0,0,1,6,2,29,6,-1,-1,-1,-1,-1,-1,-1,0
Unvalidated,2024461414940,2024,461414940,1,9,0,5,2,6,0,8,0,0,0,0,1,1,3,1,42,7,-1,-1,-1,-1,3,1,E01024668,0
Unvalidated,2024461414940,2024,461414940,2,9,0,18,4,8,0,8,0,0,0,0,1,1,5,2,19,4,-1,-1,-1,-1,7,1,E01024675,0
Unvalidated,2024461414972,2024,461414972,1,19,0,18,5,1,0,0,0,0,0,0,1,1,6,1,59,9,-1,-1,-1,-1,-1,-1,-1,0
Unvalidated,2024461414972,2024,461414972,2,9,0,18,5,1,0,0,0,0,0,0,2,1,5,2,36,7,-1,-1,-1,-1,6,3,E01024038,0
Unvalidated,2024461415053,2024,461415053,1,9,0,5,5,1,0,1,0,0,0,0,1,1,6,2,53,8,-1,-1,-1,-1,10,1,E01024341,0
Unvalidated,2024461415053,2024,461415053,2,9,0,18,3,7,0,1,0,0,0,0,4,1,6,2,42,7,-1,-1,-1,-1,3,1,E01024717,0
Unvalidated,2024461415087,2024,461415087,1,-1,0,18,5,1,0,0,0,0,0,0,4,1,6,3,-1,-1,-1,-1,-1,-1,-1,-1,-1,0
Unvalidated,2024461415207,2024,461415207,1,9,0,18,7,3,0,0,0,0,0,0,1,1,6,1,17,4,-1,-1,-1,-1,10,3,E01024724,0
Unvalidated,2024461415207,2024,461415207,2,9,0,18,3,7,0,0,0,0,0,0,1,1,2,2,40,7,-1,-1,-1,-1,8,3,E01024723,0
Unvalidated,2024461415211,2024,461415211,1,9,0,18,3,7,0,0,5,4,0,0,1,1,5,1,83,11,-1,-1,-1,-1,7,3,E01024536,0
Unvalidated,2024461415211,2024,461415211,2,9,0,2,0,0,0,0,0,0,0,0,3,1,6,3,-1,-1,-1,-1,-1,-1,-1,-1,-1,0
Unvalidated,2024461415265,2024,461415265,1,9,0,16,7,3,0,0,1,0,0,0,1,1,6,1,51,8,-1,-1,-1,-1,4,1,E01000378,0
Unvalidated,2024461415265,2024,461415265,2,9,0,4,7,3,0,0,0,0,0,0,2,1,6,2,45,7,-1,-1,-1,-1,7,1,E01000391,0
Unvalidated,2024461415304,2024,461415304,1,9,0,18,3,7,0,0,0,0,0,0,3,1,5,3,-1,-1,-1,-1,-1,-1,-1,-1,-1,0
Unvalidated,2024461415341,2024,461415341,1,9,0,18,7,1,0,1,0,0,0,0,1,1,6,1,83,11,-1,-1,-1,-1,8,1,E01024255,0
Unvalidated,2024461415421,2024,461415421,1,97,0,18,3,7,0,0,0,0,0,0,0,1,6,3,-1,-1,-1,-1,-1,-1,-1,-1,-1,0
Unvalidated,2024461415421,2024,461415421,2,9,0,9,3,7,0,0,1,0,0,0,1,1,6,2,32,6,-1,-1,-1,-1,2,1,E01024248,0
Unvalidated,2024461415440,2024,461415440,1,9,0,3,5,1,0,0,0,0,0,0,0,1,6,2,47,8,-1,-1,-1,-1,3,1,E01003221,0
Unvalidated,2024461415440,2024,461415440,2,9,0,11,5,1,0,0,0,0,8,0,4,1,6,2,33,6,-1,-1,-1,-1,4,1,E01000406,0
Unvalidated,2024461415510,2024,461415510,1,9,0,18,4,3,0,0,0,2,0,0,1,1,5,1,18,4,-1,-1,-1,-1,3,1,E01016152,0
Unvalidated,2024461415510,2024,461415510,2,9,0,4,5,1,0,0,0,0,0,0,2,1,1,1,53,8,-1,-1,-1,-1,3,1,E01016021,0
Unvalidated,2024461415550,2024,461415550,1,9,0,18,1,1,0,0,1,0,0,0,1,1,5,2,35,6,-1,-1,-1,-1,7,1,E01024405,0
Unvalidated,2024461415550,2024,461415550,2,9,0,18,1,1,0,0,0,0,0,0,2,1,5,2,55,8,-1,-1,-1,-1,8,1,E01024763,0
Unvalidated,2024461415575,2024,461415575,1,9,0,18,7,1,0,0,1,0,1,0,4,1,5,2,27,6,-1,-1,-1,-1,1,1,E01001781,0
Unvalidated,2024461415575,2024,461415575,2,21,4,18,7,3,0,0,0,0,0,0,3,2,1,1,39,7,-1,-1,-1,-1,-1,-1,-1,0
Unvalidated,2024461415581,2024,461415581,1,9,0,18,6,4,0,1,0,7,0,0,1,1,1,1,57,9,-1,-1,-1,-1,9,1,E01024832,0
Unvalidated,2024461415583,2024,461415583,1,19,0,16,5,1,0,2,0,0,0,0,3,1,1,1,54,8,-1,-1,-1,-1,1,1,E01024615,0
Unvalidated,2024461415583,2024,461415583,2,21,1,18,1,5,0,1,0,0,0,0,3,1,1,1,53,8,-1,-1,-1,-1,3,1,E01024713,0
Unvalidated,2024461415591,2024,461415591,1,9,0,18,6,1,0,0,0,0,0,0,1,1,6,2,50,8,-1,-1,-1,-1,7,3,E01024459,0
Unvalidated,2024461415593,2024,461415593,1,9,0,5,7,3,0,0,0,0,0,0,3,1,6,1,65,9,-1,-1,-1,-1,2,1,E01024648,0
Unvalidated,2024461415598,2024,461415598,1,9,0,9,1,1,0,0,0,0,0,0,1,1,6,1,67,10,-1,-1,-1,-1,7,3,E01024805,0
Unvalidated,2024461415598,2024,461415598,2,5,0,18,1,1,0,0,0,0,0,0,1,1,1,1,23,5,-1,-1,-1,-1,9,1,E01024797,0
Unvalidated,2024461415638,2024,461415638,1,9,0,9,2,8,0,2,0,0,0,0,1,2,5,2,18,4,-1,-1,-1,-1,6,3,E01024207,0
Unvalidated,2024461415677,2024,461415677,1,9,0,18,7,3,0,0,1,0,1,0,4,1,2,1,38,7,-1,-1,-1,-1,5,1,E01024494,0
Unvalidated,2024461415772,2024,461415772,1,9,0,9,-1,-1,0,8,0,0,0,0,1,1,5,1,24,5,-1,-1,-1,-1,4,1,E01032808,0
Unvalidated,2024461415772,2024,461415772,2,1,0,18,-1,-1,0,1,0,0,0,0,1,1,6,1,17,4,-1,-1,-1,-1,-1,-1,-1,0
Unvalidated,2024461415785,2024,461415785,1,9,0,18,6,2,0,0,0,0,0,0,0,1,6,1,50,8,-1,-1,-1,-1,7,3,E01024727,0
Unvalidated,2024461415895,2024,461415895,1,98,0,18,4,8,0,0,0,0,0,0,1,2,1,1,39,7,-1,-1,-1,-1,9,1,E01024253,0
Unvalidated,2024461415895,2024,461415895,2,19,0,7,4,8,0,0,1,0,1,9,2,1,2,1,47,8,-1,-1,-1,-1,5,3,E01024010,0
Unvalidated,2024461415901,2024,461415901,1,9,0,18,1,5,0,1,0,0,0,0,1,1,5,2,57,9,-1,-1,-1,-1,5,1,E01024831,0
Unvalidated,2024461415901,2024,461415901,2,9,0,18,3,7,0,1,0,0,0,0,1,1,5,1,58,9,-1,-1,-1,-1,10,1,E01024837,0
Unvalidated,2024461415938,2024,461415938,1,9,0,9,5,3,0,8,0,0,0,0,3,1,2,1,56,9,-1,-1,-1,-1,1,1,E01024177,0
Unvalidated,2024461415938,2024,461415938,2,9,0,18,3,6,0,8,0,0,0,0,1,1,2,1,59,9,-1,-1,-1,-1,3,2,E01032830,0
Unvalidated,2024461415942,2024,461415942,1,9,0,9,3,1,0,6,0,0,0,0,3,1,5,1,79,11,-1,-1,-1,-1,10,1,E01024852,0
Unvalidated,2024461415942,2024,461415942,2,9,0,18,1,5,0,8,0,0,0,0,1,1,5,2,43,7,-1,-1,-1,-1,10,1,E01021158,0
Unvalidated,2024461415943,2024,461415943,1,9,0,18,5,1,0,0,0,0,0,0,1,1,2,1,39,7,-1,-1,-1,-1,7,1,E01000376,0
Unvalidated,2024461415944,2024,461415944,1,9,0,18,1,5,0,0,0,0,0,0,1,1,5,1,33,6,-1,-1,-1,-1,9,1,E01024835,0
Unvalidated,2024461415987,2024,461415987,1,9,0,16,8,3,0,0,1,0,7,4,1,1,5,2,68,10,-1,-1,-1,-1,10,1,E01024837,0
Unvalidated,2024461415996,2024,461415996,1,9,0,4,4,8,0,0,1,0,0,0,4,1,2,1,35,6,-1,-1,-1,-1,5,2,E01024191,0
Unvalidated,2024461415999,2024,461415999,1,9,0,18,4,8,0,0,2,7,0,0,1,1,6,1,45,7,-1,-1,-1,-1,8,3,E01033210,0
Unvalidated,2024461415999,2024,461415999,2,9,0,18,4,8,0,0,2,7,0,0,1,1,6,1,49,8,-1,-1,-1,-1,8,1,E01024511,0
Unvalidated,2024461416061,2024,461416061,1,9,0,13,4,8,0,0,0,0,7,0,1,1,5,1,29,6,-1,-1,-1,-1,-1,-1,-1,0
Unvalidated,2024461416061,2024,461416061,2,9,0,9,5,3,0,0,0,0,2,10,3,1,6,2,23,5,-1,-1,-1,-1,9,1,E01024074,0
Unvalidated,2024461416118,2024,461416118,1,9,0,17,3,7,0,0,5,0,1,0,1,1,1,2,18,4,-1,-1,-1,-1,9,3,E01021190,0
Unvalidated,2024461416194,2024,461416194,1,9,0,18,8,4,0,1,0,0,0,0,1,1,5,1,32,6,-1,-1,-1,-1,10,1,E01024471,0
Unvalidated,2024461416194,2024,461416194,2,9,0,3,8,4,0,1,0,0,0,0,2,1,5,2,32,6,-1,-1,-1,-1,2,1,E01024584,0
Unvalidated,2024461416221,2024,461416221,1,19,0,18,3,6,0,6,0,0,0,0,4,1,1,1,23,5,-1,-1,-1,-1,9,1,E01000409,0
Unvalidated,2024461416221,2024,461416221,2,1,0,18,5,8,0,6,0,0,0,0,2,1,5,1,17,4,-1,-1,-1,-1,4,3,E01024204,0
Unvalidated,2024461416230,2024,461416230,1,9,0,18,5,1,0,0,0,0,0,0,1,1,2,2,30,6,-1,-1,-1,-1,6,3,E01024436,0
Unvalidated,2024461416230,2024,461416230,2,9,0,3,5,1,0,0,0,0,0,0,2,1,5,1,32,6,-1,-1,-1,-1,7,1,E01024706,0
Unvalidated,2024461416230,2024,461416230,3,9,0,3,5,5,0,0,0,0,0,0,2,1,5,2,39,7,-1,-1,-1,-1,10,1,E01000809,0
Unvalidated,2024461416230,2024,461416230,4,9,0,3,1,1,0,0,0,0,0,0,2,1,5,2,29,6,-1,-1,-1,-1,10,1,E01030436,0
Unvalidated,2024461416234,2024,461416234,1,9,0,4,3,7,0,0,0,0,0,0,2,1,2,2,45,7,-1,-1,-1,-1,5,1,E01024181,0
Unvalidated,2024461416234,2024,461416234,2,9,0,18,3,7,0,0,1,0,0,0,1,1,2,1,31,6,-1,-1,-1,-1,8,1,E01000411,0
Unvalidated,2024461416257,2024,461416257,1,2,0,13,8,4,0,1,1,0,0,0,1,1,5,1,18,4,-1,-1,-1,-1,5,3,E01024701,0
Unvalidated,2024461416257,2024,461416257,2,8,0,9,2,6,0,6,0,0,0,0,1,1,5,1,55,8,-1,-1,-1,-1,2,1,E01024685,0
Unvalidated,2024461416258,2024,461416258,1,9,0,18,4,8,0,0,1,0,0,0,4,1,5,1,40,7,-1,-1,-1,-1,7,1,E01003794,0
Unvalidated,2024461416272,2024,461416272,1,9,0,18,7,3,0,0,0,0,0,0,2,1,6,2,58,9,-1,-1,-1,-1,-1,-1,-1,0
Unvalidated,2024461416272,2024,461416272,2,9,0,18,7,3,0,0,1,0,0,0,1,1,6,2,70,10,-1,-1,-1,-1,2,1,E01023976,0
Unvalidated,2024461416272,2024,461416272,3,9,0,18,3,7,0,0,0,0,0,0,0,1,1,1,42,7,-1,-1,-1,-1,-1,-1,-1,0
Unvalidated,2024461416370,2024,461416370,1,9,0,18,7,3,0,0,5,10,0,0,4,1,5,1,20,4,-1,-1,-1,-1,9,1,E01000396,0
Unvalidated,2024461416496,2024,461416496,1,9,0,18,6,2,0,0,0,0,0,0,1,1,6,2,70,10,-1,-1,-1,-1,6,1,E01024069,0
Unvalidated,2024461416496,2024,461416496,2,9,0,3,6,2,0,0,0,0,0,0,2,1,6,2,30,6,-1,-1,-1,-1,1,1,E01024663,0
Unvalidated,2024461416602,2024,461416602,1,9,0,18,3,7,0,0,0,0,0,0,1,2,6,2,48,8,-1,-1,-1,-1,5,1,E01016157,0
Unvalidated,2024461416602,2024,461416602,2,9,0,2,0,0,0,0,0,0,0,0,1,2,6,3,-1,-1,-1,-1,-1,-1,-1,-1,-1,0
Unvalidated,2024461416602,2024,461416602,3,9,0,2,0,0,0,0,0,0,0,0,2,1,6,3,-1,-1,-1,-1,-1,-1,-1,-1,-1,0
Unvalidated,2024461416602,2024,461416602,4,9,0,2,0,0,0,0,0,0,0,0,4,1,6,3,-1,-1,-1,-1,-1,-1,-1,-1,-1,0
Unvalidated,2024461416604,2024,461416604,1,9,-1,-1,5,1,-1,0,-1,-1,-1,0,-1,1,6,1,25,5,-1,-1,-1,-1,10,2,E01016026,0
Unvalidated,2024461416604,2024,461416604,2,9,-1,-1,4,1,-1,0,-1,-1,-1,0,-1,1,6,1,28,6,-1,-1,-1,-1,4,1,E01016141,0
Unvalidated,2024461416616,2024,461416616,1,9,0,18,3,7,0,0,1,7,0,0,1,1,6,2,19,4,-1,-1,-1,-1,6,1,E01030550,0
Unvalidated,2024461416626,2024,461416626,1,9,0,18,-1,-1,0,0,0,0,0,0,1,1,6,1,31,6,-1,-1,-1,-1,1,1,E01024257,0
Unvalidated,2024461416632,2024,461416632,1,19,-1,7,1,5,0,0,0,0,0,0,-1,1,6,1,35,6,-1,-1,-1,-1,3,1,E01016021,0
Unvalidated,2024461416637,2024,461416637,1,9,0,4,3,7,0,1,0,0,0,0,1,1,6,2,-1,-1,-1,-1,-1,-1,8,1,E01024839,0
Unvalidated,2024461416637,2024,461416637,2,9,0,3,3,7,0,1,0,0,0,0,2,1,6,2,42,7,-1,-1,-1,-1,4,1,E01024841,0
Unvalidated,2024461416638,2024,461416638,1,19,0,18,4,8,0,0,0,0,0,0,1,1,1,1,46,8,-1,-1,-1,-1,7,1,E01024105,0
Unvalidated,2024461416638,2024,461416638,2,19,0,18,4,8,0,0,0,0,0,0,2,1,1,1,25,5,-1,-1,-1,-1,6,1,E01024023,0
Unvalidated,2024461416638,2024,461416638,3,9,0,18,4,8,0,0,0,0,0,0,2,1,6,3,-1,-1,-1,-1,-1,-1,-1,-1,-1,0
Unvalidated,2024461416662,2024,461416662,1,9,0,3,3,7,0,0,0,0,0,0,1,1,5,2,49,8,-1,-1,-1,-1,10,1,E01024467,0
Unvalidated,2024461416732,2024,461416732,1,9,0,1,5,1,0,8,0,0,8,11,2,1,6,3,-1,-1,-1,-1,-1,-1,-1,-1,-1,0
Unvalidated,2024461416763,2024,461416763,1,90,0,18,7,3,0,1,0,0,0,0,4,1,5,2,37,7,-1,-1,-1,-1,3,1,E01001764,1
Unvalidated,2024461416763,2024,461416763,2,9,0,18,5,1,0,6,0,0,0,0,4,1,5,2,39,7,-1,-1,-1,-1,-1,-1,-1,0
Unvalidated,2024461416843,2024,461416843,1,9,0,18,1,4,0,0,0,11,0,0,1,1,6,3,-1,-1,-1,-1,-1,-1,-1,-1,-1,0
Unvalidated,2024461416869,2024,461416869,1,5,0,18,3,7,0,0,0,0,0,0,1,1,6,1,58,9,-1,-1,-1,-1,-1,-1,-1,0
Unvalidated,2024461416951,2024,461416951,1,9,0,9,4,5,0,5,0,0,0,0,1,1,3,2,41,7,-1,-1,-1,-1,1,1,E01024306,0
Unvalidated,2024461416965,2024,461416965,1,11,0,18,1,5,0,0,0,0,0,0,0,1,1,1,42,7,-1,-1,-1,-1,-1,-1,-1,0
Unvalidated,2024461416989,2024,461416989,1,9,0,18,6,6,0,0,0,4,0,0,1,1,5,1,23,5,-1,-1,-1,-1,4,1,E01024217,0
Unvalidated,2024461416989,2024,461416989,2,9,0,2,0,0,0,0,0,4,0,0,2,1,6,2,-1,-1,-1,-1,-1,-1,3,1,E01024218,0
Unvalidated,2024461416989,2024,461416989,3,9,0,2,0,0,0,0,0,4,0,0,1,1,6,2,-1,-1,-1,-1,-1,-1,3,1,E01024218,0
Unvalidated,2024461416989,2024,461416989,4,9,0,2,0,0,0,0,0,4,0,0,3,1,6,1,56,9,-1,-1,-1,-1,3,1,E01024218,0
Unvalidated,2024461416989,2024,461416989,5,9,0,2,0,0,0,0,0,4,0,0,1,1,6,2,-1,-1,-1,-1,-1,-1,3,1,E01024218,0
Unvalidated,2024461416998,2024,461416998,1,5,0,18,6,2,0,0,0,0,0,0,1,1,6,1,40,7,-1,-1,-1,-1,1,1,E01021323,0
Unvalidated,2024461416998,2024,461416998,2,9,0,18,6,2,0,0,0,0,0,0,2,1,6,1,-1,-1,-1,-1,-1,-1,10,3,E01017728,0
Unvalidated,2024461417023,2024,461417023,1,9,0,18,5,1,0,3,0,0,0,0,3,1,1,1,29,6,-1,-1,-1,-1,3,1,E01024717,0
Unvalidated,2024461417023,2024,461417023,2,3,0,6,1,5,0,4,2,0,0,0,1,1,6,1,16,4,-1,-1,-1,-1,6,1,E01016178,0
Unvalidated,2024461417071,2024,461417071,1,9,0,18,-1,-1,0,0,0,0,0,0,1,1,6,1,50,8,-1,-1,-1,-1,5,1,E01024254,0
Unvalidated,2024461417071,2024,461417071,2,9,0,18,-1,-1,0,0,0,0,0,0,2,1,6,2,44,7,-1,-1,-1,-1,1,1,E01024196,0
Unvalidated,2024461417089,2024,461417089,1,9,0,18,7,3,0,0,0,0,0,0,4,1,6,2,61,9,-1,-1,-1,-1,8,2,E01024542,0
Unvalidated,2024461417089,2024,461417089,2,11,0,18,7,3,0,0,0,0,0,0,3,1,1,1,25,5,-1,-1,-1,-1,4,1,E01024027,0
Unvalidated,2024461417191,2024,461417191,1,1,0,18,2,6,0,8,0,0,0,0,4,1,3,1,11,3,-1,-1,-1,-1,7,1,E01024635,0
Unvalidated,2024461417191,2024,461417191,2,9,0,18,4,8,0,3,0,0,0,0,1,1,2,1,39,7,-1,-1,-1,-1,6,1,E01024700,0
Unvalidated,2024461417198,2024,461417198,1,9,0,18,5,1,0,0,0,0,0,0,1,1,6,1,-1,-1,-1,-1,-1,-1,7,2,E01024378,0
Unvalidated,2024461417198,2024,461417198,2,9,0,9,5,1,0,0,0,0,0,0,2,1,5,2,24,5,-1,-1,-1,-1,2,1,E01024398,0
Unvalidated,2024461417268,2024,461417268,1,90,0,9,2,6,0,5,0,0,0,0,1,1,3,1,19,4,-1,-1,-1,-1,1,1,E01024614,1
Unvalidated,2024461417268,2024,461417268,2,9,0,18,6,2,0,1,0,0,0,0,1,1,5,1,42,7,-1,-1,-1,-1,1,1,E01024615,0
Unvalidated,2024461417442,2024,461417442,1,9,0,18,1,5,0,0,0,0,1,0,4,1,5,1,79,11,-1,-1,-1,-1,7,3,E01024558,0
Unvalidated,2024461417444,2024,461417444,1,9,0,5,7,3,0,8,0,0,0,0,3,1,2,1,24,5,-1,-1,-1,-1,3,1,E01016043,0
Unvalidated,2024461417502,2024,461417502,1,9,0,18,1,1,0,2,0,4,0,0,4,1,5,2,90,11,-1,-1,-1,-1,10,1,E01024464,0
Unvalidated,2024461417502,2024,461417502,2,9,0,2,0,0,9,2,0,4,1,0,4,1,6,3,-1,-1,-1,-1,-1,-1,-1,-1,-1,0
Unvalidated,2024461417502,2024,461417502,3,9,0,2,0,0,9,2,0,11,1,2,2,1,6,3,24,5,-1,-1,-1,-1,-1,-1,-1,0