status,collision_index,collision_year,collision_reference,vehicle_reference,vehicle_type,towing_and_articulation,vehicle_manoeuvre,vehicle_direction_from,vehicle_direction_to,vehicle_location_restricted_lane,junction_location,skidding_and_overturning,hit_object_in_carriageway,vehicle_leaving_carriageway,hit_object_off_carriageway,first_point_of_impact,vehicle_left_hand_drive,journey_purpose_of_driver,sex_of_driver,age_of_driver,age_band_of_driver,engine_capacity_cc,propulsion_code,age_of_vehicle,generic_make_model,driver_imd_decile,driver_home_area_type,lsoa_of_driver,escooter_flag
Unvalidated,2024461417502,2024,461417502,4,9,0,18,5,1,0,1,0,0,0,0,1,1,1,1,78,11,-1,-1,-1,-1,2,3,E01024135,0
Unvalidated,2024461417515,2024,461417515,1,19,0,7,6,2,0,6,0,0,0,0,1,1,6,2,54,8,-1,-1,-1,-1,7,3,E01024798,0
Unvalidated,2024461417563,2024,461417563,1,9,0,17,3,7,0,0,0,0,0,0,3,1,6,1,60,9,-1,-1,-1,-1,5,2,E01024774,0
Unvalidated,2024461417563,2024,461417563,2,9,0,16,7,3,0,0,0,0,0,0,3,1,6,2,43,7,-1,-1,-1,-1,8,3,E01024451,0
Unvalidated,2024461417772,2024,461417772,1,9,0,18,1,5,0,0,2,0,1,4,1,1,1,1,52,8,-1,-1,-1,-1,1,1,E01020985,0
Unvalidated,2024461417822,2024,461417822,1,9,0,18,7,3,0,6,0,0,0,0,4,1,5,1,22,5,-1,-1,-1,-1,-1,-1,-1,0
Unvalidated,2024461417822,2024,461417822,2,9,0,18,1,5,0,6,0,0,0,0,1,1,6,2,46,8,-1,-1,-1,-1,7,2,E01024726,0
Unvalidated,2024461417854,2024,461417854,1,9,0,2,7,3,0,0,0,0,0,0,2,1,5,1,37,7,-1,-1,-1,-1,7,2,E01024538,0
Unvalidated,2024461417854,2024,461417854,2,9,0,18,8,3,0,0,0,4,0,0,1,1,5,1,55,8,-1,-1,-1,-1,4,1,E01024561,0
Unvalidated,2024461417893,2024,461417893,1,9,0,18,1,5,0,1,0,0,0,0,1,1,6,1,43,7,-1,-1,-1,-1,3,1,E01000719,0
Unvalidated,2024461417893,2024,461417893,2,9,0,2,0,0,0,1,1,0,0,0,2,1,6,3,-1,-1,-1,-1,-1,-1,-1,-1,-1,0
Unvalidated,2024461417912,2024,461417912,1,9,0,18,4,8,0,0,0,0,0,0,1,1,6,1,38,7,-1,-1,-1,-1,8,1,E01024313,0
Unvalidated,2024461417912,2024,461417912,2,9,0,3,4,8,0,0,0,0,0,0,2,1,6,1,46,8,-1,-1,-1,-1,3,1,E01024310,0
Unvalidated,2024461417931,2024,461417931,1,9,0,18,3,8,0,0,0,0,0,0,1,1,6,1,66,10,-1,-1,-1,-1,6,1,E01024130,0
Unvalidated,2024461417931,2024,461417931,2,1,0,18,3,7,0,0,0,0,0,0,1,1,2,2,20,4,-1,-1,-1,-1,6,1,E01024127,0
Unvalidated,2024461418023,2024,461418023,1,21,1,11,5,1,0,0,0,0,0,0,4,1,6,1,46,8,-1,-1,-1,-1,-1,-1,-1,0
Unvalidated,2024461418023,2024,461418023,2,9,0,18,5,1,0,0,0,0,0,0,3,1,6,2,58,9,-1,-1,-1,-1,5,3,E01021101,0
Unvalidated,2024461418073,2024,461418073,1,9,0,18,4,6,0,0,0,0,0,0,1,1,6,2,20,4,-1,-1,-1,-1,5,3,E01024039,0
Unvalidated,2024461418073,2024,461418073,2,9,0,4,4,6,0,0,0,0,0,0,2,1,2,2,37,7,-1,-1,-1,-1,6,3,E01024038,0
Unvalidated,2024461418130,2024,461418130,1,9,0,18,6,2,0,0,0,0,0,0,0,1,6,3,-1,-1,-1,-1,-1,-1,-1,-1,-1,0
Unvalidated,2024461418130,2024,461418130,2,9,0,18,6,2,0,0,0,0,0,0,2,1,5,2,27,6,-1,-1,-1,-1,8,1,E01024185,0
Unvalidated,2024461418130,2024,461418130,3,9,0,18,6,2,0,0,0,0,0,0,1,1,6,1,-1,-1,-1,-1,-1,-1,-1,-1,-1,0
Unvalidated,2024461418173,2024,461418173,1,2,0,14,3,3,0,1,2,4,0,0,1,1,5,1,15,3,-1,-1,-1,-1,5,1,E01024319,0
Unvalidated,2024461418173,2024,461418173,2,19,0,9,7,5,0,1,0,0,0,0,4,1,3,1,38,7,-1,-1,-1,-1,9,1,E01024297,0
Unvalidated,2024461418220,2024,461418220,1,9,0,5,8,1,0,2,0,0,0,0,1,1,6,2,19,4,-1,-1,-1,-1,3,1,E01024714,0
Unvalidated,2024461418220,2024,461418220,2,5,0,18,2,6,0,2,0,0,0,0,1,1,5,1,55,8,-1,-1,-1,-1,7,2,E01024203,0
Unvalidated,2024461418267,2024,461418267,1,9,0,18,7,3,0,0,0,0,0,0,1,1,6,3,18,4,-1,-1,-1,-1,-1,-1,-1,0
Unvalidated,2024461418287,2024,461418287,1,9,0,4,6,6,0,0,0,0,0,0,1,1,6,2,76,11,-1,-1,-1,-1,5,3,E01024110,0
Unvalidated,2024461418287,2024,461418287,2,9,0,4,6,6,0,0,0,0,0,0,2,1,6,1,28,6,-1,-1,-1,-1,2,1,E01024049,0
Unvalidated,2024461418287,2024,461418287,3,9,0,4,6,6,0,0,0,0,0,0,2,1,6,2,48,8,-1,-1,-1,-1,2,1,E01024248,0
Unvalidated,2024461418287,2024,461418287,4,9,0,4,6,6,0,0,0,0,0,0,2,1,6,2,76,11,-1,-1,-1,-1,-1,-1,-1,0
Unvalidated,2024461418288,2024,461418288,1,9,0,18,3,7,0,1,0,0,0,0,1,1,6,1,-1,-1,-1,-1,-1,-1,3,1,E01000392,0
Unvalidated,2024461418343,2024,461418343,1,9,0,18,7,3,0,3,0,0,9,0,1,1,6,3,-1,-1,-1,-1,-1,-1,-1,-1,-1,0
Unvalidated,2024461418343,2024,461418343,2,9,0,18,7,3,0,3,0,0,9,0,2,1,6,1,20,4,-1,-1,-1,-1,6,2,E01024568,0
Unvalidated,2024461418508,2024,461418508,1,9,0,7,3,1,0,0,0,0,1,0,2,1,5,2,48,8,-1,-1,-1,-1,7,2,E01024203,0
Unvalidated,2024461418508,2024,461418508,2,9,0,13,1,3,0,0,0,0,1,0,1,2,5,2,18,4,-1,-1,-1,-1,8,3,E01024015,0
Unvalidated,2024461418644,2024,461418644,1,9,0,5,5,3,0,0,5,0,0,0,1,1,6,1,18,4,-1,-1,-1,-1,1,1,E01024240,0
Unvalidated,2024461418644,2024,461418644,2,9,0,2,0,0,0,0,0,0,0,0,2,1,6,3,-1,-1,-1,-1,-1,-1,-1,-1,-1,0
Unvalidated,2024461418644,2024,461418644,3,9,0,2,0,0,0,0,0,0,0,0,2,1,6,3,-1,-1,-1,-1,-1,-1,-1,-1,-1,0
Unvalidated,2024461418705,2024,461418705,1,9,0,9,1,1,0,1,0,0,0,0,3,2,1,1,38,7,-1,-1,-1,-1,8,1,E01024185,0
Unvalidated,2024461418705,2024,461418705,2,9,0,15,3,7,0,1,0,0,0,0,1,2,6,2,52,8,-1,-1,-1,-1,9,2,E01024175,0
Unvalidated,2024461418736,2024,461418736,1,9,0,18,5,1,0,0,5,4,0,0,3,1,5,1,19,4,-1,-1,-1,-1,5,1,E01024495,0
Unvalidated,2024461418736,2024,461418736,2,9,0,2,0,0,0,0,0,0,0,0,1,1,6,3,-1,-1,-1,-1,-1,-1,-1,-1,-1,0
Unvalidated,2024461418764,2024,461418764,1,9,0,18,4,8,0,0,0,0,0,0,1,1,6,1,17,4,-1,-1,-1,-1,1,1,E01000720,0
Unvalidated,2024461418764,2024,461418764,2,9,0,18,8,4,0,0,0,0,0,0,1,1,5,1,36,7,-1,-1,-1,-1,3,1,E01024717,0
Unvalidated,2024461418782,2024,461418782,1,9,0,5,1,5,0,1,0,0,0,0,2,1,6,2,39,7,-1,-1,-1,-1,4,1,E01024217,0
Unvalidated,2024461418782,2024,461418782,2,9,0,5,1,5,0,1,0,0,0,0,1,1,2,1,32,6,-1,-1,-1,-1,-1,-1,-1,0
Unvalidated,2024461418845,2024,461418845,1,9,0,18,2,6,0,0,0,0,0,0,3,1,1,2,25,5,-1,-1,-1,-1,8,3,E01024053,0
Unvalidated,2024461418868,2024,461418868,1,8,0,9,8,5,0,1,0,0,1,0,4,1,1,1,63,9,-1,-1,-1,-1,1,1,E01024389,0
Unvalidated,2024461418872,2024,461418872,1,9,0,5,1,5,9,0,1,0,7,0,1,1,6,2,78,11,-1,-1,-1,-1,8,1,E01024259,0
Unvalidated,2024461418872,2024,461418872,2,9,0,18,5,1,0,0,1,0,0,0,4,1,6,1,25,5,-1,-1,-1,-1,4,1,E01024258,0
Unvalidated,2024461418904,2024,461418904,1,9,0,3,6,2,0,0,0,0,0,0,0,1,6,3,-1,-1,-1,-1,-1,-1,-1,-1,-1,0
Unvalidated,2024461419078,2024,461419078,1,9,0,18,1,5,0,0,0,0,0,0,1,1,5,1,26,6,-1,-1,-1,-1,-1,-1,-1,0
Unvalidated,2024461419078,2024,461419078,2,9,0,18,1,5,0,0,0,0,0,0,1,1,5,1,72,10,-1,-1,-1,-1,8,3,E01024490,0
Unvalidated,2024461419081,2024,461419081,1,9,0,18,3,7,0,0,0,0,2,0,1,1,5,1,38,7,-1,-1,-1,-1,-1,1,-1,0
Unvalidated,2024461419081,2024,461419081,2,9,0,2,0,0,6,0,0,0,0,0,2,1,5,1,61,9,-1,-1,-1,-1,10,1,E01030756,0
Unvalidated,2024461419081,2024,461419081,3,21,1,18,3,7,0,0,0,0,0,0,4,2,1,1,42,7,-1,-1,-1,-1,-1,-1,-1,0
Unvalidated,2024461419097,2024,461419097,1,9,0,18,8,4,0,1,0,0,0,0,4,1,5,2,32,6,-1,-1,-1,-1,2,3,E01023990,0
Unvalidated,2024461419097,2024,461419097,2,9,0,8,2,5,0,6,0,0,0,0,1,1,2,1,32,6,-1,-1,-1,-1,8,1,E01024057,0
Unvalidated,2024461419112,2024,461419112,1,9,0,18,7,3,0,0,5,0,1,0,4,2,6,1,20,4,-1,-1,-1,-1,5,3,E01024032,0
Unvalidated,2024461419116,2024,461419116,1,9,0,18,1,5,0,0,0,0,7,4,3,1,5,1,28,6,-1,-1,-1,-1,10,2,E01024449,0
Unvalidated,2024461419142,2024,461419142,1,98,-1,18,2,6,0,0,0,0,0,0,4,1,6,3,-1,-1,-1,-1,-1,-1,-1,-1,-1,0
Unvalidated,2024461419142,2024,461419142,2,9,0,18,2,6,0,0,0,0,0,0,4,1,6,2,33,6,-1,-1,-1,-1,7,1,E01001601,0
Unvalidated,2024461419144,2024,461419144,1,9,0,18,7,3,0,4,0,0,0,0,4,1,6,1,59,9,-1,-1,-1,-1,10,1,E01024402,0
Unvalidated,2024461419144,2024,461419144,2,90,0,18,7,3,0,4,0,0,0,0,1,1,6,2,-1,-1,-1,-1,-1,-1,-1,-1,-1,1
Unvalidated,2024461419158,2024,461419158,1,9,0,18,2,3,0,5,1,0,0,0,1,1,6,2,40,7,-1,-1,-1,-1,3,1,E01016021,0
Unvalidated,2024461419162,2024,461419162,1,9,0,18,2,6,0,1,0,0,0,0,1,1,2,2,66,10,-1,-1,-1,-1,7,3,E01024793,0
Unvalidated,2024461419162,2024,461419162,2,1,0,18,2,6,0,2,0,0,0,0,4,1,6,2,48,8,-1,-1,-1,-1,4,1,E01024841,0
Unvalidated,2024461419193,2024,461419193,1,9,0,18,1,5,0,0,0,0,0,0,1,1,6,2,35,6,-1,-1,-1,-1,1,1,E01024389,0
Unvalidated,2024461419193,2024,461419193,2,9,0,4,1,5,0,0,0,0,0,0,2,1,2,2,32,6,-1,-1,-1,-1,2,1,E01024616,0
Unvalidated,2024461419216,2024,461419216,1,19,0,18,3,7,0,0,0,0,0,0,4,1,6,3,-1,-1,-1,-1,-1,-1,-1,-1,-1,0
Unvalidated,2024461419241,2024,461419241,1,19,0,1,-1,-1,0,0,0,0,0,0,2,1,6,1,45,7,-1,-1,-1,-1,-1,-1,-1,0
Unvalidated,2024461419266,2024,461419266,1,9,0,18,3,7,0,5,0,0,0,0,4,1,6,3,-1,-1,-1,-1,-1,-1,-1,-1,-1,0
Unvalidated,2024461419266,2024,461419266,2,1,0,18,1,5,0,5,1,0,0,0,1,1,5,1,16,4,-1,-1,-1,-1,3,1,E01024154,0
Unvalidated,2024461419284,2024,461419284,1,9,0,18,-1,-1,0,3,0,0,0,0,1,1,6,3,-1,-1,-1,-1,-1,-1,-1,-1,-1,0
Unvalidated,2024461419284,2024,461419284,2,9,0,18,-1,-1,0,3,0,0,0,0,3,1,6,1,18,4,-1,-1,-1,-1,4,1,E01024681,0
Unvalidated,2024461419299,2024,461419299,1,9,0,18,5,1,9,0,1,0,7,0,1,1,5,1,55,8,-1,-1,-1,-1,4,3,E01024620,0
Unvalidated,2024461419299,2024,461419299,2,9,0,2,0,0,9,0,0,0,0,0,3,1,6,3,-1,-1,-1,-1,-1,-1,-1,-1,-1,0
Unvalidated,2024461419314,2024,461419314,1,19,0,7,7,1,0,0,0,0,0,0,1,1,6,1,58,9,-1,-1,-1,-1,6,1,E01011548,0
Unvalidated,2024461419329,2024,461419329,1,9,0,18,3,7,0,0,2,0,1,0,2,1,5,1,48,8,-1,-1,-1,-1,-1,-1,-1,0
Unvalidated,2024461419477,2024,461419477,1,9,0,9,5,7,0,2,0,0,0,0,2,1,5,1,20,4,-1,-1,-1,-1,5,3,E01032056,0
Unvalidated,2024461419556,2024,461419556,1,9,0,18,4,2,0,0,1,0,0,0,1,1,2,1,24,5,-1,-1,-1,-1,-1,-1,-1,0
Unvalidated,2024461419556,2024,461419556,2,9,0,18,2,4,0,0,5,0,0,0,1,1,1,1,39,7,-1,-1,-1,-1,-1,-1,-1,0
Unvalidated,2024461419625,2024,461419625,1,9,0,18,7,3,0,3,0,0,0,0,4,1,6,2,17,4,-1,-1,-1,-1,9,1,E01016090,0
Unvalidated,2024461419645,2024,461419645,1,9,0,18,-1,-1,0,0,0,0,0,0,1,1,6,2,-1,-1,-1,-1,-1,-1,3,1,E01023972,0
Unvalidated,2024461419652,2024,461419652,1,8,0,1,1,5,0,0,0,0,0,0,2,1,6,1,-1,-1,-1,-1,-1,-1,1,1,E01024504,0
Unvalidated,2024461419654,2024,461419654,1,9,-1,18,5,1,0,2,0,0,0,0,4,1,6,3,-1,-1,-1,-1,-1,-1,-1,-1,-1,0
Unvalidated,2024461419654,2024,461419654,2,9,0,18,5,1,0,2,0,0,0,0,3,1,6,2,25,5,-1,-1,-1,-1,7,2,E01024813,0
Unvalidated,2024461419731,2024,461419731,1,19,0,18,7,3,0,1,0,0,0,0,4,1,6,3,-1,-1,-1,-1,-1,-1,-1,-1,-1,0
Unvalidated,2024461419758,2024,461419758,1,19,0,18,2,6,0,0,0,0,0,0,4,1,6,3,-1,-1,-1,-1,-1,-1,-1,-1,-1,0
Unvalidated,2024461419762,2024,461419762,1,9,0,18,7,3,9,0,1,0,1,0,1,1,5,1,27,6,-1,-1,-1,-1,2,1,E01032799,0
Unvalidated,2024461419762,2024,461419762,2,9,0,2,0,0,9,0,0,0,0,0,1,1,6,3,-1,-1,-1,-1,-1,-1,-1,-1,-1,0
Unvalidated,2024461419806,2024,461419806,1,9,0,18,3,1,0,0,0,0,0,0,1,1,5,2,67,10,-1,-1,-1,-1,10,2,E01024811,0
Unvalidated,2024461419843,2024,461419843,1,19,0,7,5,8,0,5,0,0,0,0,1,1,6,1,-1,-1,-1,-1,-1,-1,-1,-1,-1,0
Unvalidated,2024461419850,2024,461419850,1,9,0,5,3,7,0,4,0,0,0,0,1,1,5,1,85,11,-1,-1,-1,-1,7,1,E01024709,0
Unvalidated,2024461419850,2024,461419850,2,1,0,5,5,1,0,4,0,0,0,0,1,1,5,2,75,10,-1,-1,-1,-1,-1,-1,-1,0
Unvalidated,2024461419868,2024,461419868,1,9,0,18,1,5,0,0,0,0,0,0,1,1,6,1,86,11,-1,-1,-1,-1,3,1,E01024083,0
Unvalidated,2024461419997,2024,461419997,1,97,0,13,7,4,0,1,0,0,0,0,1,1,6,1,20,4,-1,-1,-1,-1,2,1,E01024091,0
Unvalidated,2024461419997,2024,461419997,2,9,0,5,8,1,0,6,0,0,0,0,1,1,2,2,20,4,-1,-1,-1,-1,4,1,E01024090,0
Unvalidated,2024461420000,2024,461420000,1,9,0,18,5,2,0,4,0,0,0,0,1,1,2,1,30,6,-1,-1,-1,-1,7,1,E01024405,0
Unvalidated,2024461420000,2024,461420000,2,9,0,18,5,2,0,4,0,0,0,0,2,1,6,2,33,6,-1,-1,-1,-1,-1,-1,-1,0
Unvalidated,2024461420024,2024,461420024,1,9,0,4,7,3,0,0,0,0,0,0,1,1,5,1,35,6,-1,-1,-1,-1,10,3,E01024755,0
Unvalidated,2024461420024,2024,461420024,2,9,0,4,7,3,0,0,0,0,0,0,2,1,5,2,38,7,-1,-1,-1,-1,6,1,E01024457,0
Unvalidated,2024461420038,2024,461420038,1,9,0,18,8,8,0,0,0,0,0,0,4,1,6,3,-1,-1,-1,-1,-1,-1,-1,-1,-1,0
Unvalidated,2024461420038,2024,461420038,2,9,0,18,8,8,0,0,0,0,0,0,2,1,6,1,25,5,-1,-1,-1,-1,3,1,E01001465,0
Unvalidated,2024461420061,2024,461420061,1,9,-1,18,1,5,0,1,0,0,0,0,1,1,6,3,-1,-1,-1,-1,-1,-1,-1,-1,-1,0
Unvalidated,2024461420061,2024,461420061,2,9,0,8,1,5,0,1,0,0,0,0,2,1,5,2,22,5,-1,-1,-1,-1,2,1,E01024248,0
Unvalidated,2024461420092,2024,461420092,1,9,0,18,5,8,0,3,0,0,0,0,1,1,6,1,77,11,-1,-1,-1,-1,8,1,E01027738,0
Unvalidated,2024461420092,2024,461420092,2,9,0,18,5,8,0,3,1,0,0,0,4,1,5,1,21,5,-1,-1,-1,-1,4,1,E01016100,0
Unvalidated,2024461420414,2024,461420414,1,9,0,11,8,4,7,0,0,4,1,0,1,1,2,1,36,7,-1,-1,-1,-1,8,1,E01030592,0
Unvalidated,2024461420414,2024,461420414,2,9,0,2,8,4,6,0,0,0,4,0,2,1,2,1,23,5,-1,-1,-1,-1,10,2,E01024483,0
Unvalidated,2024461420440,2024,461420440,1,9,0,9,5,3,0,0,0,0,0,0,3,1,5,1,72,10,-1,-1,-1,-1,4,1,E01024587,0
Unvalidated,2024461420440,2024,461420440,2,9,0,18,3,7,0,0,0,0,0,0,1,1,2,1,22,5,-1,-1,-1,-1,5,3,E01032654,0
Unvalidated,2024461420440,2024,461420440,3,9,0,18,7,3,0,0,0,0,0,0,3,1,2,1,63,9,-1,-1,-1,-1,4,1,E01024586,0
Unvalidated,2024461420441,2024,461420441,1,9,0,9,7,5,0,1,0,0,1,11,3,1,2,2,67,10,-1,-1,-1,-1,5,2,E01024342,0
Unvalidated,2024461420441,2024,461420441,2,19,0,18,6,6,0,1,0,0,0,0,1,1,2,1,24,5,-1,-1,-1,-1,8,1,E01024403,0
Unvalidated,2024461420460,2024,461420460,1,3,0,18,5,1,0,0,0,0,0,0,1,1,6,1,20,4,-1,-1,-1,-1,4,1,E01024777,0
Unvalidated,2024461420460,2024,461420460,2,9,0,4,5,1,0,0,0,0,0,0,2,1,6,2,26,6,-1,-1,-1,-1,5,1,E01024767,0
Unvalidated,2024461420522,2024,461420522,1,9,0,5,3,7,0,2,0,0,0,0,4,1,6,2,-1,-1,-1,-1,-1,-1,6,3,E01016142,0
Unvalidated,2024461420522,2024,461420522,2,9,0,18,1,5,0,2,0,0,0,0,4,1,6,1,28,6,-1,-1,-1,-1,5,2,E01016149,0
Unvalidated,2024461420540,2024,461420540,1,9,0,18,5,1,0,1,0,0,0,0,1,1,6,1,29,6,-1,-1,-1,-1,5,1,E01024492,0
Unvalidated,2024461420540,2024,461420540,2,9,0,18,5,1,0,1,0,0,0,0,2,1,5,1,63,9,-1,-1,-1,-1,6,1,E01024520,0
Unvalidated,2024461420578,2024,461420578,1,9,0,18,7,3,0,0,0,0,0,0,1,1,6,1,-1,-1,-1,-1,-1,-1,-1,-1,-1,0
Unvalidated,2024461420578,2024,461420578,2,9,0,18,7,3,0,0,0,0,0,0,2,1,3,1,20,4,-1,-1,-1,-1,7,1,E01016058,0
Unvalidated,2024461420578,2024,461420578,3,9,0,18,7,3,0,0,0,0,0,0,2,1,6,2,-1,-1,-1,-1,-1,-1,10,1,E01024467,0
Unvalidated,2024461420597,2024,461420597,1,9,0,18,3,7,0,0,0,0,0,0,3,1,5,1,-1,-1,-1,-1,-1,-1,-1,-1,-1,0
Unvalidated,2024461420625,2024,461420625,1,97,0,18,4,6,0,5,0,4,0,0,1,1,6,1,38,7,-1,-1,-1,-1,-1,-1,-1,0
Unvalidated,2024461420625,2024,461420625,2,9,0,18,2,6,0,2,0,0,0,0,1,1,5,1,30,6,-1,-1,-1,-1,-1,-1,-1,0
Unvalidated,2024461420625,2024,461420625,3,9,0,2,8,4,0,2,0,0,0,0,1,1,6,1,21,5,-1,-1,-1,-1,-1,-1,-1,0
Unvalidated,2024461420625,2024,461420625,4,9,0,2,0,0,0,2,0,0,0,0,2,1,6,3,-1,-1,-1,-1,-1,-1,-1,-1,-1,0
Unvalidated,2024461420637,2024,461420637,1,9,0,18,2,6,0,1,0,0,0,0,1,1,5,2,82,11,-1,-1,-1,-1,7,2,E01024540,0
Unvalidated,2024461420637,2024,461420637,2,9,0,2,0,0,0,1,0,0,0,0,0,1,5,2,59,9,-1,-1,-1,-1,4,2,E01024539,0
Unvalidated,2024461420702,2024,461420702,1,9,0,18,4,8,0,0,0,0,0,0,1,1,6,2,36,7,-1,-1,-1,-1,7,1,E01032822,0
Unvalidated,2024461420702,2024,461420702,2,9,0,4,4,8,0,0,0,0,1,4,2,1,6,2,25,5,-1,-1,-1,-1,9,1,E01023999,0
Unvalidated,2024461420702,2024,461420702,3,9,0,4,6,2,0,0,0,0,0,0,2,1,6,1,17,4,-1,-1,-1,-1,6,3,E01024363,0
Unvalidated,2024461420702,2024,461420702,4,9,0,18,2,6,0,0,0,0,0,0,0,1,5,1,25,5,-1,-1,-1,-1,-1,-1,-1,0
Unvalidated,2024461420729,2024,461420729,1,9,0,5,5,1,0,2,1,0,0,0,3,1,5,2,32,6,-1,-1,-1,-1,3,2,E01024534,0
Unvalidated,2024461420729,2024,461420729,2,9,0,18,3,7,0,8,0,0,0,0,1,1,6,2,18,4,-1,-1,-1,-1,3,2,E01024534,0
Unvalidated,2024461420793,2024,461420793,1,98,0,3,4,8,0,1,0,0,0,0,1,1,6,1,62,9,-1,-1,-1,-1,2,1,E01021020,0
Unvalidated,2024461420793,2024,461420793,2,9,0,8,4,8,0,1,0,0,0,0,2,1,5,1,73,10,-1,-1,-1,-1,8,2,E01024237,0
Unvalidated,2024461420836,2024,461420836,1,9,0,18,7,3,0,0,1,0,1,0,3,1,1,1,42,7,-1,-1,-1,-1,10,1,E01024467,0
Unvalidated,2024461420836,2024,461420836,2,9,0,4,5,5,0,0,0,0,0,0,2,1,2,2,24,5,-1,-1,-1,-1,3,1,E01032568,0
Unvalidated,2024461420836,2024,461420836,3,9,0,4,7,7,0,0,0,0,0,0,2,1,5,2,39,7,-1,-1,-1,-1,6,1,E01024833,0
Unvalidated,2024461420836,2024,461420836,4,98,0,4,5,5,0,0,1,0,0,0,1,1,1,1,47,8,-1,-1,-1,-1,5,1,E01008646,0
Unvalidated,2024461420872,2024,461420872,1,9,0,18,3,7,0,0,1,4,1,2,1,1,5,1,28,6,-1,-1,-1,-1,4,1,E01024048,0
Unvalidated,2024461420872,2024,461420872,2,9,0,2,0,0,0,0,0,0,1,0,2,1,6,3,-1,-1,-1,-1,-1,-1,-1,-1,-1,0
Unvalidated,2024461420872,2024,461420872,3,9,0,2,0,0,0,0,0,0,0,0,1,1,6,3,-1,-1,-1,-1,-1,-1,-1,-1,-1,0
Unvalidated,2024461420872,2024,461420872,4,9,0,2,0,0,0,0,0,0,0,0,1,1,6,3,-1,-1,-1,-1,-1,-1,-1,-1,-1,0
Unvalidated,2024461420872,2024,461420872,5,9,0,2,0,0,0,0,0,0,0,0,3,1,6,3,-1,-1,-1,-1,-1,-1,-1,-1,-1,0
Unvalidated,2024461420872,2024,461420872,6,9,0,2,0,0,9,0,0,0,0,0,4,1,6,3,-1,-1,-1,-1,-1,-1,-1,-1,-1,0
Unvalidated,2024461420872,2024,461420872,7,9,0,2,0,0,9,0,0,0,0,0,4,1,6,3,-1,-1,-1,-1,-1,-1,-1,-1,-1,0
Unvalidated,2024461420872,2024,461420872,8,9,0,18,3,7,0,0,0,0,0,0,0,1,5,1,30,6,-1,-1,-1,-1,8,1,E01024044,0
Unvalidated,2024461420878,2024,461420878,1,9,0,18,4,8,0,4,5,0,0,0,1,1,6,2,42,7,-1,-1,-1,-1,2,1,E01015938,0
Unvalidated,2024461420890,2024,461420890,1,9,0,4,3,7,0,0,0,0,0,0,2,1,2,1,26,6,-1,-1,-1,-1,5,1,E01024595,0
Unvalidated,2024461420890,2024,461420890,2,9,0,5,3,7,0,0,0,0,0,0,1,1,2,1,37,7,-1,-1,-1,-1,-1,-1,-1,0
Unvalidated,2024461420956,2024,461420956,1,21,1,18,1,5,0,4,0,0,0,0,3,1,1,1,31,6,-1,-1,-1,-1,-1,-1,-1,0
Unvalidated,2024461420956,2024,461420956,2,9,0,10,3,1,0,4,0,0,0,0,4,1,3,2,38,7,-1,-1,-1,-1,3,1,E01024280,0
Unvalidated,2024461421010,2024,461421010,1,9,0,9,3,1,0,4,0,0,0,0,4,1,6,2,37,7,-1,-1,-1,-1,4,1,E01024217,0
Unvalidated,2024461421010,2024,461421010,2,1,0,18,1,5,0,4,0,0,0,0,3,1,2,2,38,7,-1,-1,-1,-1,4,1,E01024219,0
Unvalidated,2024461421055,2024,461421055,1,19,0,18,-1,-1,0,1,0,0,0,0,-1,1,6,2,51,8,-1,-1,-1,-1,9,1,E01024708,0
Unvalidated,2024461421055,2024,461421055,2,9,0,18,-1,-1,0,1,0,0,0,0,-1,1,6,2,47,8,-1,-1,-1,-1,8,1,E01024642,0
Unvalidated,2024461421100,2024,461421100,1,9,0,18,3,7,0,0,0,0,0,0,3,1,5,1,59,9,-1,-1,-1,-1,5,1,E01000824,0
Unvalidated,2024461421107,2024,461421107,1,9,0,9,3,7,0,8,0,0,0,0,3,1,6,1,25,5,-1,-1,-1,-1,10,1,E01024838,0
Unvalidated,2024461421107,2024,461421107,2,3,0,18,3,7,0,8,0,0,0,0,1,1,6,1,17,4,-1,-1,-1,-1,7,3,E01024798,0
Unvalidated,2024461421114,2024,461421114,1,9,0,9,3,7,0,0,0,0,0,0,1,1,5,1,82,11,-1,-1,-1,-1,3,1,E01024264,0
Unvalidated,2024461421114,2024,461421114,2,9,0,18,7,3,0,0,0,0,7,0,1,1,2,2,47,8,-1,-1,-1,-1,9,2,E01024175,0
Unvalidated,2024461421138,2024,461421138,1,9,0,18,5,1,0,0,1,0,1,0,3,1,2,2,36,7,-1,-1,-1,-1,-1,1,-1,0
Unvalidated,2024461421138,2024,461421138,2,9,0,18,1,5,0,0,0,0,0,0,3,1,1,1,48,8,-1,-1,-1,-1,6,3,E01024628,0
Unvalidated,2024461421277,2024,461421277,1,9,0,15,3,7,0,0,0,0,0,0,1,1,5,1,81,11,-1,-1,-1,-1,7,1,E01024637,0
Unvalidated,2024461421277,2024,461421277,2,9,0,2,3,7,0,0,0,0,0,0,2,1,6,3,-1,-1,-1,-1,-1,-1,-1,-1,-1,0
Unvalidated,2024461421346,2024,461421346,1,5,0,18,7,3,0,0,0,0,0,0,1,1,6,1,54,8,-1,-1,-1,-1,2,1,E01023974,0
Unvalidated,2024461421346,2024,461421346,2,98,0,3,7,3,0,0,0,0,0,0,2,1,1,1,58,9,-1,-1,-1,-1,4,1,E01024493,0
Unvalidated,2024461421346,2024,461421346,3,9,0,2,0,0,0,0,0,0,0,0,2,1,6,3,-1,-1,-1,-1,-1,-1,-1,-1,-1,0
Unvalidated,2024461421441,2024,461421441,1,9,0,3,4,4,0,8,0,0,6,11,1,1,2,2,33,6,-1,-1,-1,-1,4,1,E01024579,0