status,collision_index,collision_year,collision_reference,vehicle_reference,vehicle_type,towing_and_articulation,vehicle_manoeuvre,vehicle_direction_from,vehicle_direction_to,vehicle_location_restricted_lane,junction_location,skidding_and_overturning,hit_object_in_carriageway,vehicle_leaving_carriageway,hit_object_off_carriageway,first_point_of_impact,vehicle_left_hand_drive,journey_purpose_of_driver,sex_of_driver,age_of_driver,age_band_of_driver,engine_capacity_cc,propulsion_code,age_of_vehicle,generic_make_model,driver_imd_decile,driver_home_area_type,lsoa_of_driver,escooter_flag
Unvalidated,2024461421473,2024,461421473,1,3,0,15,4,8,0,0,0,0,0,0,1,1,6,1,25,5,-1,-1,-1,-1,9,1,E01016107,0
Unvalidated,2024461421473,2024,461421473,2,8,0,5,4,8,0,0,0,0,0,0,1,1,1,1,31,6,-1,-1,-1,-1,3,1,E01033092,0
Unvalidated,2024461421497,2024,461421497,1,9,0,4,1,5,0,0,0,0,0,0,3,1,5,2,72,10,-1,-1,-1,-1,1,1,E01024649,0
Unvalidated,2024461421499,2024,461421499,1,4,0,17,4,2,0,8,1,0,0,0,0,1,5,1,46,8,-1,-1,-1,-1,7,1,E01024569,0
Unvalidated,2024461421643,2024,461421643,1,19,0,18,5,1,0,8,0,0,0,0,1,1,1,1,54,8,-1,-1,-1,-1,8,1,E01032819,0
Unvalidated,2024461421643,2024,461421643,2,9,0,18,1,4,0,1,0,0,0,0,4,1,5,1,63,9,-1,-1,-1,-1,6,1,E01024220,0
Unvalidated,2024461421660,2024,461421660,1,9,0,18,7,3,0,0,1,11,0,0,1,1,6,1,33,6,-1,-1,-1,-1,2,1,E01024397,0
Unvalidated,2024461421714,2024,461421714,1,9,0,4,3,7,0,0,0,0,0,0,1,1,5,1,39,7,-1,-1,-1,-1,7,3,E01024157,0
Unvalidated,2024461421714,2024,461421714,2,9,0,4,3,7,0,0,0,0,0,0,2,1,5,2,62,9,-1,-1,-1,-1,6,1,E01016080,0
Unvalidated,2024461421715,2024,461421715,1,9,0,18,4,3,0,6,0,0,0,0,1,1,5,1,67,10,-1,-1,-1,-1,2,1,E01016066,0
Unvalidated,2024461421715,2024,461421715,2,9,0,18,1,7,0,8,0,0,0,0,4,1,5,1,20,4,-1,-1,-1,-1,9,1,E01016169,0
Unvalidated,2024461421769,2024,461421769,1,98,0,18,6,1,0,1,0,0,0,0,1,1,1,1,26,6,-1,-1,-1,-1,7,1,E01016124,0
Unvalidated,2024461421769,2024,461421769,2,9,0,9,7,5,0,1,0,0,0,0,2,1,5,1,25,5,-1,-1,-1,-1,7,1,E01032820,0
Unvalidated,2024461421794,2024,461421794,1,19,0,18,7,3,0,1,0,0,0,0,4,1,6,3,-1,-1,-1,-1,-1,-1,-1,-1,-1,0
Unvalidated,2024461421810,2024,461421810,1,9,0,18,1,5,0,0,0,0,0,0,1,1,5,1,48,8,-1,-1,-1,-1,8,1,E01016093,0
Unvalidated,2024461421821,2024,461421821,1,9,0,4,6,1,0,0,0,0,0,0,1,1,6,1,-1,-1,-1,-1,-1,-1,2,1,E01024397,0
Unvalidated,2024461421821,2024,461421821,2,9,0,4,6,1,0,0,0,0,0,0,4,1,2,1,45,7,-1,-1,-1,-1,2,1,E01024397,0
Unvalidated,2024461421851,2024,461421851,1,9,0,18,3,7,0,0,0,0,0,0,1,1,6,3,-1,-1,-1,-1,-1,-1,-1,-1,-1,0
Unvalidated,2024461421851,2024,461421851,2,9,0,18,3,1,0,0,0,0,0,0,4,1,6,1,27,6,-1,-1,-1,-1,10,1,E01024629,0
Unvalidated,2024461421868,2024,461421868,1,19,0,1,-1,-1,0,1,0,0,0,0,2,1,6,3,-1,-1,-1,-1,-1,-1,-1,-1,-1,0
Unvalidated,2024461421868,2024,461421868,2,3,0,5,-1,-1,0,1,0,0,0,0,1,1,1,1,23,5,-1,-1,-1,-1,4,1,E01000780,0
Unvalidated,2024461421999,2024,461421999,1,3,0,9,1,7,0,5,0,0,0,0,1,1,2,1,18,4,-1,-1,-1,-1,3,1,E01016044,0
Unvalidated,2024461421999,2024,461421999,2,9,0,18,5,1,0,1,0,0,0,0,1,1,5,1,70,10,-1,-1,-1,-1,9,2,E01024814,0
Unvalidated,2024461422091,2024,461422091,1,9,0,18,5,1,0,4,0,0,1,0,1,1,5,1,20,4,-1,-1,-1,-1,5,2,E01016149,0
Unvalidated,2024461422091,2024,461422091,2,9,0,5,7,4,0,4,0,0,0,0,3,1,5,2,48,8,-1,-1,-1,-1,4,1,E01024620,0
Unvalidated,2024461422192,2024,461422192,1,9,0,15,1,5,2,1,0,0,0,0,1,1,1,1,26,6,-1,-1,-1,-1,-1,-1,-1,0
Unvalidated,2024461422192,2024,461422192,2,9,0,9,3,7,0,8,0,0,0,0,4,1,5,2,49,8,-1,-1,-1,-1,5,1,E01024356,0
Unvalidated,2024461422237,2024,461422237,1,9,0,15,2,6,0,1,0,4,1,1,1,1,6,1,28,6,-1,-1,-1,-1,8,1,E01024044,0
Unvalidated,2024461422237,2024,461422237,2,9,0,9,2,6,0,1,0,4,1,0,3,1,6,1,48,8,-1,-1,-1,-1,6,1,E01024516,0
Unvalidated,2024461422237,2024,461422237,3,9,0,2,0,0,0,1,0,0,0,0,1,1,6,1,45,7,-1,-1,-1,-1,3,1,E01024497,0
Unvalidated,2024461422240,2024,461422240,1,9,0,18,1,5,0,0,2,0,1,4,1,1,5,1,60,9,-1,-1,-1,-1,3,1,E01024047,0
Unvalidated,2024461422242,2024,461422242,1,9,0,1,7,3,9,0,0,4,0,0,2,1,6,1,19,4,-1,-1,-1,-1,6,1,E01024513,0
Unvalidated,2024461422242,2024,461422242,2,9,0,2,0,0,0,0,0,0,0,0,1,1,1,2,27,6,-1,-1,-1,-1,3,1,E01024508,0
Unvalidated,2024461422292,2024,461422292,1,9,-1,-1,-1,-1,-1,0,-1,-1,-1,0,-1,1,6,3,-1,-1,-1,-1,-1,-1,-1,-1,-1,0
Unvalidated,2024461422292,2024,461422292,2,22,0,18,1,5,0,0,0,0,0,0,-1,1,6,2,50,8,-1,-1,-1,-1,1,1,E01024649,0
Unvalidated,2024461422314,2024,461422314,1,9,0,18,3,7,0,0,0,0,0,0,-1,1,6,3,-1,-1,-1,-1,-1,-1,-1,-1,-1,0
Unvalidated,2024461422316,2024,461422316,1,9,0,18,1,5,0,0,0,0,0,0,1,1,6,1,47,8,-1,-1,-1,-1,7,1,E01024141,0
Unvalidated,2024461422316,2024,461422316,2,9,0,4,5,1,0,0,0,0,0,0,2,1,1,2,52,8,-1,-1,-1,-1,7,1,E01024318,0
Unvalidated,2024461422345,2024,461422345,1,9,0,12,5,1,0,4,0,0,0,0,4,1,6,1,-1,-1,-1,-1,-1,-1,3,1,E01000385,0
Unvalidated,2024461422345,2024,461422345,2,9,0,18,5,1,0,4,0,0,0,0,4,1,2,1,42,7,-1,-1,-1,-1,4,1,E01016115,0
Unvalidated,2024461422487,2024,461422487,1,9,0,10,1,5,0,1,0,0,0,0,1,1,6,2,69,10,-1,-1,-1,-1,3,2,E01024488,0
Unvalidated,2024461422487,2024,461422487,2,9,0,4,3,7,0,1,0,0,0,0,1,1,6,1,60,9,-1,-1,-1,-1,4,2,E01024533,0
Unvalidated,2024461422488,2024,461422488,1,9,0,16,6,2,0,0,1,0,0,0,1,1,5,1,51,8,-1,-1,-1,-1,7,3,E01024433,0
Unvalidated,2024461422488,2024,461422488,2,9,0,17,1,5,0,0,0,0,0,0,1,1,5,2,76,11,-1,-1,-1,-1,9,1,E01001107,0
Unvalidated,2024461422495,2024,461422495,1,19,0,12,4,8,0,0,0,0,0,0,0,1,6,3,18,4,-1,-1,-1,-1,-1,-1,-1,0
Unvalidated,2024461422495,2024,461422495,2,9,0,18,4,8,0,0,0,0,0,0,1,1,5,1,32,6,-1,-1,-1,-1,2,1,E01003932,0
Unvalidated,2024461422495,2024,461422495,3,9,0,18,4,8,0,0,0,0,0,0,1,1,5,1,17,4,-1,-1,-1,-1,7,3,E01024157,0
Unvalidated,2024461422495,2024,461422495,4,9,0,18,4,8,0,0,0,0,0,0,2,1,5,2,19,4,-1,-1,-1,-1,8,1,E01016101,0
Unvalidated,2024461422495,2024,461422495,5,9,0,18,4,8,0,0,0,0,0,0,2,1,5,2,21,5,-1,-1,-1,-1,7,1,E01032737,0
Unvalidated,2024461422594,2024,461422594,1,9,0,18,4,1,0,0,0,0,0,0,3,1,5,2,61,9,-1,-1,-1,-1,8,1,E01016119,0
Unvalidated,2024461422607,2024,461422607,1,9,0,18,3,7,0,0,0,0,0,0,1,1,6,1,37,7,-1,-1,-1,-1,-1,-1,-1,0
Unvalidated,2024461422607,2024,461422607,2,19,0,18,3,7,0,0,0,0,1,4,2,1,6,1,32,6,-1,-1,-1,-1,-1,-1,-1,0
Unvalidated,2024461422672,2024,461422672,1,21,0,18,6,2,0,0,0,0,0,0,1,1,6,3,-1,-1,-1,-1,-1,-1,-1,-1,-1,0
Unvalidated,2024461422672,2024,461422672,2,9,0,18,6,2,0,0,0,0,0,0,2,1,5,2,47,8,-1,-1,-1,-1,9,1,E01014710,0
Unvalidated,2024461422851,2024,461422851,1,9,0,18,5,1,0,0,1,0,0,0,1,1,1,1,67,10,-1,-1,-1,-1,4,1,E01024587,0
Unvalidated,2024461422851,2024,461422851,2,9,0,3,5,1,0,0,0,0,0,0,2,1,1,1,55,8,-1,-1,-1,-1,4,1,E01024587,0
Unvalidated,2024461422851,2024,461422851,3,9,0,3,5,1,0,0,0,0,0,0,2,1,6,1,18,4,-1,-1,-1,-1,8,1,E01024057,0
Unvalidated,2024461422864,2024,461422864,1,9,0,18,3,7,0,5,0,0,1,0,1,1,2,1,40,7,-1,-1,-1,-1,1,1,E01016069,0
Unvalidated,2024461423018,2024,461423018,1,9,0,18,2,6,0,0,2,4,0,0,1,1,6,1,17,4,-1,-1,-1,-1,10,1,E01024146,0
Unvalidated,2024461423018,2024,461423018,2,9,0,2,0,0,0,0,0,0,0,0,2,1,6,2,59,9,-1,-1,-1,-1,10,1,E01024150,0
Unvalidated,2024461423018,2024,461423018,3,9,0,2,0,0,0,0,0,0,0,0,2,1,6,1,64,9,-1,-1,-1,-1,10,1,E01024150,0
Unvalidated,2024461423021,2024,461423021,1,11,0,18,4,6,0,8,0,0,0,0,1,1,1,1,50,8,-1,-1,-1,-1,7,1,E01016139,0
Unvalidated,2024461423021,2024,461423021,2,9,0,18,4,6,0,8,0,0,0,0,3,1,5,1,53,8,-1,-1,-1,-1,4,1,E01000466,0
Unvalidated,2024461423021,2024,461423021,3,9,0,3,4,6,0,8,0,0,0,0,2,1,5,1,34,6,-1,-1,-1,-1,7,1,E01024141,0
Unvalidated,2024461423048,2024,461423048,1,9,0,18,4,5,0,0,0,0,0,0,2,1,6,3,-1,-1,-1,-1,-1,-1,-1,-1,-1,0
Unvalidated,2024461423048,2024,461423048,2,9,0,18,4,5,0,0,0,0,0,0,2,1,6,2,34,6,-1,-1,-1,-1,10,1,E01021438,0
Unvalidated,2024461423079,2024,461423079,1,9,0,18,4,6,0,0,0,0,0,0,0,1,6,2,47,8,-1,-1,-1,-1,5,1,E01016157,0
Unvalidated,2024461423147,2024,461423147,1,9,0,18,1,5,0,0,0,0,0,0,4,1,6,1,18,4,-1,-1,-1,-1,6,3,E01024410,0
Unvalidated,2024461423147,2024,461423147,2,9,0,18,1,5,0,0,0,0,0,0,3,1,5,1,21,5,-1,-1,-1,-1,10,1,E01024348,0
Unvalidated,2024461423153,2024,461423153,1,9,0,18,1,5,0,0,0,0,0,0,1,1,5,2,59,9,-1,-1,-1,-1,6,1,E01024491,0
Unvalidated,2024461423191,2024,461423191,1,21,1,12,7,3,0,0,0,0,0,0,3,2,1,1,57,9,-1,-1,-1,-1,-1,-1,-1,0
Unvalidated,2024461423191,2024,461423191,2,9,0,18,7,3,0,0,2,0,1,4,4,1,6,1,65,9,-1,-1,-1,-1,7,1,E01024318,0
Unvalidated,2024461423259,2024,461423259,1,19,0,14,5,1,0,0,0,4,0,0,1,1,1,1,56,9,-1,-1,-1,-1,5,3,E01032654,0
Unvalidated,2024461423259,2024,461423259,2,9,0,2,0,0,0,0,0,0,0,0,2,1,5,1,54,8,-1,-1,-1,-1,2,1,E01024585,0
Unvalidated,2024461423373,2024,461423373,1,19,0,1,1,5,0,0,0,0,0,0,2,1,2,1,55,8,-1,-1,-1,-1,8,3,E01022462,0
Unvalidated,2024461423373,2024,461423373,2,9,0,2,5,1,0,0,0,0,0,0,1,1,6,2,30,6,-1,-1,-1,-1,-1,-1,-1,0
Unvalidated,2024461423395,2024,461423395,1,9,0,17,7,7,0,0,0,0,0,0,1,1,5,2,53,8,-1,-1,-1,-1,5,2,E01024342,0
Unvalidated,2024461423395,2024,461423395,2,9,0,16,2,3,0,0,0,0,0,0,1,1,5,1,67,10,-1,-1,-1,-1,5,3,E01024379,0
Unvalidated,2024461423477,2024,461423477,1,3,0,18,1,5,0,0,0,0,0,0,1,1,5,1,18,4,-1,-1,-1,-1,10,1,E01024631,0
Unvalidated,2024461423477,2024,461423477,2,4,0,18,1,5,0,0,0,0,0,0,2,1,5,1,19,4,-1,-1,-1,-1,4,1,E01024620,0
Unvalidated,2024461423477,2024,461423477,3,9,0,18,1,5,0,0,0,0,0,0,2,1,5,1,48,8,-1,-1,-1,-1,6,1,E01024602,0
Unvalidated,2024461423477,2024,461423477,4,9,0,18,1,5,0,0,0,0,0,0,0,1,5,1,35,6,-1,-1,-1,-1,6,1,E01024602,0
Unvalidated,2024461423497,2024,461423497,1,9,0,-1,-1,-1,0,0,0,0,0,0,1,1,6,1,-1,-1,-1,-1,-1,-1,10,1,E01024471,0
Unvalidated,2024461423515,2024,461423515,1,9,0,7,5,7,9,6,0,11,0,0,1,1,1,2,44,7,-1,-1,-1,-1,7,1,E01024515,0
Unvalidated,2024461423600,2024,461423600,1,9,0,5,4,8,0,0,0,0,0,0,4,1,5,1,88,11,-1,-1,-1,-1,7,1,E01024121,0
Unvalidated,2024461423678,2024,461423678,1,9,0,4,1,5,0,0,0,0,0,0,1,1,6,2,73,10,-1,-1,-1,-1,9,1,E01024334,0
Unvalidated,2024461423678,2024,461423678,2,9,0,2,0,0,0,0,0,0,0,0,2,1,6,2,61,9,-1,-1,-1,-1,-1,-1,-1,0
Unvalidated,2024461423678,2024,461423678,3,9,0,2,0,0,0,0,0,0,0,0,3,1,6,1,24,5,-1,-1,-1,-1,6,1,E01016125,0
Unvalidated,2024461423678,2024,461423678,4,9,0,2,0,0,0,0,0,0,0,0,2,1,6,1,61,9,-1,-1,-1,-1,8,1,E01024721,0
Unvalidated,2024461423735,2024,461423735,1,9,0,9,2,7,0,8,0,0,0,0,1,1,5,1,30,6,-1,-1,-1,-1,2,1,E01016160,0
Unvalidated,2024461423735,2024,461423735,2,4,0,18,8,4,0,8,0,0,0,0,1,1,1,1,31,6,-1,-1,-1,-1,2,1,E01016018,0
Unvalidated,2024461423773,2024,461423773,1,9,0,18,7,3,0,0,0,0,0,0,1,1,6,1,46,8,-1,-1,-1,-1,3,1,E01024126,0
Unvalidated,2024461423773,2024,461423773,2,9,0,3,7,3,0,0,0,0,0,0,1,1,6,2,37,7,-1,-1,-1,-1,6,3,E01024034,0
Unvalidated,2024461423773,2024,461423773,3,9,0,3,7,3,0,0,0,0,0,0,2,1,6,1,23,5,-1,-1,-1,-1,6,3,E01024034,0
Unvalidated,2024461423773,2024,461423773,4,9,0,3,7,3,0,0,0,0,0,0,2,1,6,1,36,7,-1,-1,-1,-1,-1,-1,-1,0
Unvalidated,2024461423807,2024,461423807,1,5,0,18,6,5,0,1,0,0,1,0,1,1,6,1,27,6,-1,-1,-1,-1,8,2,E01024542,0
Unvalidated,2024461423807,2024,461423807,2,17,0,9,4,3,0,1,0,0,0,0,4,2,1,1,18,4,-1,-1,-1,-1,5,3,E01024032,0
Unvalidated,2024461423810,2024,461423810,1,9,0,9,5,7,0,8,0,0,0,0,1,1,5,1,18,4,-1,-1,-1,-1,5,3,E01024208,0
Unvalidated,2024461423810,2024,461423810,2,9,0,18,7,3,0,8,0,0,0,0,1,1,5,1,53,8,-1,-1,-1,-1,8,3,E01024209,0
Unvalidated,2024461424027,2024,461424027,1,9,0,18,8,4,0,8,0,0,0,0,3,1,6,2,28,6,-1,-1,-1,-1,4,1,E01024179,0
Unvalidated,2024461424117,2024,461424117,1,9,0,18,8,4,0,0,1,0,7,11,3,1,6,1,17,4,-1,-1,-1,-1,10,1,E01016051,0
Unvalidated,2024461424179,2024,461424179,1,9,0,18,5,1,0,0,2,4,0,0,1,1,5,1,50,8,-1,-1,-1,-1,7,1,E01024129,0
Unvalidated,2024461424179,2024,461424179,2,9,4,2,1,1,0,0,0,0,0,0,2,1,5,1,57,9,-1,-1,-1,-1,4,2,E01024204,0
Unvalidated,2024461424179,2024,461424179,3,9,0,18,5,1,0,0,0,0,0,0,3,1,5,2,38,7,-1,-1,-1,-1,3,1,E01024641,0
Unvalidated,2024461424200,2024,461424200,1,21,1,18,5,1,0,0,1,0,0,0,1,2,1,1,61,9,-1,-1,-1,-1,-1,-1,-1,0
Unvalidated,2024461424200,2024,461424200,2,9,0,18,1,5,0,0,0,0,0,0,1,1,5,1,29,6,-1,-1,-1,-1,4,1,E01016164,0
Unvalidated,2024461424289,2024,461424289,1,9,0,18,6,3,0,6,0,0,0,0,3,1,5,2,33,6,-1,-1,-1,-1,8,2,E01024744,0
Unvalidated,2024461424289,2024,461424289,2,3,0,18,1,4,0,1,0,0,0,0,1,1,5,1,31,6,-1,-1,-1,-1,6,3,E01024410,0
Unvalidated,2024461424303,2024,461424303,1,9,0,18,4,8,0,0,0,0,8,0,4,1,5,1,51,8,-1,-1,-1,-1,3,1,E01024372,0
Unvalidated,2024461424303,2024,461424303,2,9,0,18,8,4,0,0,0,0,0,0,1,1,5,1,68,10,-1,-1,-1,-1,6,2,E01024406,0
Unvalidated,2024461424325,2024,461424325,1,9,0,18,8,4,0,0,0,0,0,0,3,1,6,3,-1,-1,-1,-1,-1,-1,-1,-1,-1,0
Unvalidated,2024461424325,2024,461424325,2,9,0,18,8,4,0,0,0,0,0,0,4,1,5,1,29,6,-1,-1,-1,-1,7,2,E01024378,0
Unvalidated,2024461424368,2024,461424368,1,9,0,18,2,6,0,0,0,4,0,0,1,1,5,1,27,6,-1,-1,-1,-1,1,1,E01024215,0
Unvalidated,2024461424368,2024,461424368,2,9,0,2,0,0,0,0,0,0,0,0,3,1,6,3,-1,-1,-1,-1,-1,-1,-1,-1,-1,0
Unvalidated,2024461424368,2024,461424368,3,90,0,2,0,0,0,0,0,0,0,0,4,1,6,3,-1,-1,-1,-1,-1,-1,-1,-1,-1,0
Unvalidated,2024461424368,2024,461424368,4,9,0,2,0,0,0,0,0,4,0,0,2,1,6,3,-1,-1,-1,-1,-1,-1,-1,-1,-1,0
Unvalidated,2024461424368,2024,461424368,5,17,0,2,0,0,0,0,0,0,0,0,2,1,6,3,-1,-1,-1,-1,-1,-1,-1,-1,-1,0
Unvalidated,2024461424368,2024,461424368,6,9,0,2,0,0,0,0,0,0,0,0,4,1,6,3,-1,-1,-1,-1,-1,-1,-1,-1,-1,0
Unvalidated,2024461424445,2024,461424445,1,97,0,13,6,2,0,1,0,0,0,0,4,1,6,3,-1,-1,-1,-1,-1,-1,-1,-1,-1,0
Unvalidated,2024461424445,2024,461424445,2,9,0,18,6,2,0,1,0,0,0,0,3,1,6,2,-1,-1,-1,-1,-1,-1,2,1,E01016035,0
Unvalidated,2024461424463,2024,461424463,1,19,0,18,7,3,0,0,0,0,0,0,-1,1,5,3,-1,-1,-1,-1,-1,-1,-1,-1,-1,0
Unvalidated,2024461424651,2024,461424651,1,9,0,18,4,8,0,0,0,0,0,0,1,1,1,1,63,9,-1,-1,-1,-1,7,1,E01024635,0
Unvalidated,2024461424651,2024,461424651,2,19,0,3,4,8,0,0,0,7,0,0,2,1,1,1,32,6,-1,-1,-1,-1,-1,-1,-1,0
Unvalidated,2024461424651,2024,461424651,3,90,0,3,4,8,0,0,0,0,0,0,2,1,5,1,52,8,-1,-1,-1,-1,2,1,E01024108,0
Unvalidated,2024461424717,2024,461424717,1,9,0,5,5,1,0,4,0,0,0,0,3,1,2,1,37,7,-1,-1,-1,-1,-1,-1,-1,0
Unvalidated,2024461424717,2024,461424717,2,9,0,18,3,7,0,3,0,0,0,0,1,1,1,1,51,8,-1,-1,-1,-1,2,1,E01024277,0
Unvalidated,2024461424877,2024,461424877,1,3,0,13,1,5,0,0,0,0,0,0,1,1,6,1,17,4,-1,-1,-1,-1,1,1,E01016111,0
Unvalidated,2024461424877,2024,461424877,2,19,0,9,3,7,0,0,0,0,0,0,3,1,1,2,59,9,-1,-1,-1,-1,10,1,E01024765,0
Unvalidated,2024461424879,2024,461424879,1,9,0,18,5,1,0,0,0,0,0,0,4,1,6,2,37,7,-1,-1,-1,-1,6,3,E01024245,0
Unvalidated,2024461424885,2024,461424885,1,9,0,7,7,2,0,0,0,0,0,0,1,1,6,2,81,11,-1,-1,-1,-1,6,1,E01023977,0
Unvalidated,2024461425142,2024,461425142,1,9,0,18,1,5,0,0,0,0,0,0,4,1,6,1,49,8,-1,-1,-1,-1,1,1,E01024257,0
Unvalidated,2024461425142,2024,461425142,2,9,0,10,5,1,0,0,0,0,0,0,3,1,6,1,32,6,-1,-1,-1,-1,5,1,E01024283,0
Unvalidated,2024461425153,2024,461425153,1,-1,0,11,3,7,0,0,0,0,0,0,0,1,6,3,98,11,-1,-1,-1,-1,-1,-1,-1,0
Unvalidated,2024461425153,2024,461425153,2,9,0,18,3,7,0,0,1,0,8,0,1,1,5,1,34,6,-1,-1,-1,-1,2,1,E01003338,0
Unvalidated,2024461425201,2024,461425201,1,9,0,18,6,2,0,1,0,0,0,0,1,1,2,1,39,7,-1,-1,-1,-1,-1,1,-1,0
Unvalidated,2024461425201,2024,461425201,2,9,0,3,7,2,0,1,0,0,0,0,2,1,2,1,40,7,-1,-1,-1,-1,3,1,E01033092,0
Unvalidated,2024461425211,2024,461425211,1,9,0,5,3,7,0,1,0,0,0,0,1,1,2,2,44,7,-1,-1,-1,-1,4,1,E01016097,0
Unvalidated,2024461425211,2024,461425211,2,9,0,3,1,3,0,1,0,0,0,0,3,1,2,1,56,9,-1,-1,-1,-1,6,3,E01024301,0
Unvalidated,2024461425216,2024,461425216,1,19,0,18,2,6,0,0,0,0,0,0,1,1,6,1,26,6,-1,-1,-1,-1,3,1,E01024600,0
Unvalidated,2024461425216,2024,461425216,2,19,0,18,2,6,0,0,0,0,0,0,2,1,2,1,53,8,-1,-1,-1,-1,3,1,E01024600,0
Unvalidated,2024461425226,2024,461425226,1,9,0,7,-1,-1,-1,0,-1,-1,-1,0,-1,1,6,2,79,11,-1,-1,-1,-1,8,1,E01024076,0
Unvalidated,2024461425226,2024,461425226,2,9,0,-1,-1,-1,-1,0,-1,-1,-1,0,-1,1,3,2,36,7,-1,-1,-1,-1,4,3,E01024087,0
Unvalidated,2024461425228,2024,461425228,1,5,0,18,5,1,0,0,0,0,0,0,1,1,1,1,40,7,-1,-1,-1,-1,2,1,E01016040,0
Unvalidated,2024461425228,2024,461425228,2,9,0,18,5,1,0,0,0,0,0,0,3,1,3,2,31,6,-1,-1,-1,-1,8,1,E01016082,0
Unvalidated,2024461425239,2024,461425239,1,9,0,18,6,1,0,0,0,0,0,0,4,1,6,1,29,6,-1,-1,-1,-1,4,1,E01024120,0
Unvalidated,2024461425239,2024,461425239,2,98,0,-1,-1,-1,-1,0,-1,-1,-1,0,3,1,6,1,51,8,-1,-1,-1,-1,-1,-1,-1,0
Unvalidated,2024461425379,2024,461425379,1,9,0,9,7,5,0,0,0,0,0,0,1,1,5,2,63,9,-1,-1,-1,-1,6,2,E01016076,0
Unvalidated,2024461425379,2024,461425379,2,9,0,2,0,0,6,0,0,0,0,0,2,1,5,2,43,7,-1,-1,-1,-1,6,1,E01024161,0
Unvalidated,2024461425379,2024,461425379,3,9,0,2,0,0,6,0,0,0,0,0,4,1,5,1,34,6,-1,-1,-1,-1,3,1,E01016046,0
Unvalidated,2024461425386,2024,461425386,1,9,0,18,5,1,0,1,0,0,0,0,1,1,6,1,48,8,-1,-1,-1,-1,3,1,E01024241,0
Unvalidated,2024461425386,2024,461425386,2,9,0,4,5,1,0,1,0,0,0,0,2,1,6,1,41,7,-1,-1,-1,-1,2,1,E01024066,0
Unvalidated,2024461425401,2024,461425401,1,16,0,18,8,4,0,0,0,0,0,0,0,1,6,2,21,5,-1,-1,-1,-1,3,1,E01016022,0
Unvalidated,2024461425480,2024,461425480,1,9,0,14,7,3,0,1,0,0,0,0,1,1,2,1,37,7,-1,-1,-1,-1,7,1,E01024388,0
Unvalidated,2024461425480,2024,461425480,2,9,0,4,7,3,0,1,0,0,0,0,2,1,6,1,58,9,-1,-1,-1,-1,1,1,E01024389,0
Unvalidated,2024461425545,2024,461425545,1,9,0,4,3,7,0,0,1,0,0,0,2,1,6,1,45,7,-1,-1,-1,-1,1,1,E01024671,0
Unvalidated,2024461425545,2024,461425545,2,9,0,4,3,7,0,0,1,0,1,0,1,1,6,2,71,10,-1,-1,-1,-1,4,3,E01024200,0
Unvalidated,2024461425568,2024,461425568,1,9,0,18,3,7,0,0,1,7,7,0,1,1,6,2,47,8,-1,-1,-1,-1,6,1,E01000352,0
Unvalidated,2024461425571,2024,461425571,1,9,0,18,7,3,0,1,0,0,0,0,1,1,6,1,47,8,-1,-1,-1,-1,8,2,E01024133,0
Unvalidated,2024461425571,2024,461425571,2,9,0,18,7,3,0,1,0,0,0,0,2,1,6,2,51,8,-1,-1,-1,-1,8,1,E01016121,0
Unvalidated,2024461425571,2024,461425571,3,9,0,18,7,3,0,2,0,0,0,0,2,1,6,2,40,7,-1,-1,-1,-1,7,1,E01024189,0
Unvalidated,2024461425716,2024,461425716,1,9,0,1,7,3,0,1,0,0,0,0,2,1,6,1,-1,-1,-1,-1,-1,-1,-1,-1,-1,0
Unvalidated,2024461425808,2024,461425808,1,9,0,17,5,2,0,0,1,0,8,9,1,1,2,2,42,7,-1,-1,-1,-1,8,2,E01021150,0
Unvalidated,2024461425835,2024,461425835,1,9,0,4,2,1,0,1,0,0,0,0,2,1,6,2,61,9,-1,-1,-1,-1,3,1,E01000404,0
Unvalidated,2024461425835,2024,461425835,2,9,0,18,2,1,0,1,0,0,0,0,1,1,6,2,29,6,-1,-1,-1,-1,2,1,E01000434,0
Unvalidated,2024461425924,2024,461425924,1,9,0,7,1,3,0,0,0,0,0,0,1,1,2,1,22,5,-1,-1,-1,-1,8,1,E01024354,0
Unvalidated,2024461425924,2024,461425924,2,9,0,9,3,1,0,0,0,0,0,0,1,1,5,2,52,8,-1,-1,-1,-1,6,1,E01024152,0
Unvalidated,2024461425924,2024,461425924,3,9,0,3,3,7,0,0,0,0,0,0,1,1,5,2,33,6,-1,-1,-1,-1,6,1,E01024180,0
Unvalidated,2024461425960,2024,461425960,1,3,0,18,7,3,0,1,0,0,0,0,4,1,5,1,22,5,-1,-1,-1,-1,7,1,E01016167,0
Unvalidated,2024461425960,2024,461425960,2,9,0,5,1,5,0,1,0,0,0,0,3,1,5,1,21,5,-1,-1,-1,-1,5,1,E01024595,0
Unvalidated,2024461425969,2024,461425969,1,9,0,18,2,6,0,0,0,0,0,0,1,1,5,2,38,7,-1,-1,-1,-1,6,1,E01032807,0
Unvalidated,2024461425969,2024,461425969,2,9,0,18,6,2,0,0,0,0,0,0,1,1,6,1,60,9,-1,-1,-1,-1,3,1,E01024684,0
Unvalidated,2024461425969,2024,461425969,3,9,0,18,6,2,0,0,1,0,1,0,0,1,5,1,32,6,-1,-1,-1,-1,6,3,E01024034,0