status,collision_index,collision_year,collision_reference,vehicle_reference,vehicle_type,towing_and_articulation,vehicle_manoeuvre,vehicle_direction_from,vehicle_direction_to,vehicle_location_restricted_lane,junction_location,skidding_and_overturning,hit_object_in_carriageway,vehicle_leaving_carriageway,hit_object_off_carriageway,first_point_of_impact,vehicle_left_hand_drive,journey_purpose_of_driver,sex_of_driver,age_of_driver,age_band_of_driver,engine_capacity_cc,propulsion_code,age_of_vehicle,generic_make_model,driver_imd_decile,driver_home_area_type,lsoa_of_driver,escooter_flag
Unvalidated,2024461426046,2024,461426046,1,9,0,18,3,7,0,8,0,0,0,0,3,1,5,1,20,4,-1,-1,-1,-1,4,3,E01024570,0
Unvalidated,2024461426046,2024,461426046,2,9,0,9,7,5,0,8,0,0,0,0,4,1,5,1,18,4,-1,-1,-1,-1,3,1,E01024608,0
Unvalidated,2024461426130,2024,461426130,1,9,0,2,7,3,0,0,0,0,0,0,3,1,6,2,73,10,-1,-1,-1,-1,7,3,E01024009,0
Unvalidated,2024461426130,2024,461426130,2,1,0,15,7,3,0,0,0,8,0,0,4,1,6,1,65,9,-1,-1,-1,-1,-1,-1,-1,0
Unvalidated,2024461426243,2024,461426243,1,9,0,18,3,7,0,0,0,4,0,0,3,1,2,2,20,4,-1,-1,-1,-1,4,3,E01024190,0
Unvalidated,2024461426243,2024,461426243,2,9,0,2,0,0,0,0,0,0,0,0,4,1,6,3,-1,-1,-1,-1,-1,-1,-1,-1,-1,0
Unvalidated,2024461426243,2024,461426243,3,9,0,2,0,0,0,0,0,0,0,0,4,1,6,3,-1,-1,-1,-1,-1,-1,-1,-1,-1,0
Unvalidated,2024461426293,2024,461426293,1,9,0,5,5,1,0,1,0,0,0,0,1,1,6,1,19,4,-1,-1,-1,-1,-1,-1,-1,0
Unvalidated,2024461426293,2024,461426293,2,9,0,5,1,5,0,1,0,0,0,0,1,1,6,1,34,6,-1,-1,-1,-1,8,1,E01016179,0
Unvalidated,2024461426319,2024,461426319,1,9,0,18,2,8,9,1,0,0,7,2,1,1,6,1,31,6,-1,-1,-1,-1,2,1,E01000028,0
Unvalidated,2024461426322,2024,461426322,1,9,0,18,6,3,0,0,0,0,0,0,1,1,6,1,28,6,-1,-1,-1,-1,2,1,E01024646,0
Unvalidated,2024461426322,2024,461426322,2,9,0,4,3,3,0,0,0,0,0,0,2,1,6,2,38,7,-1,-1,-1,-1,5,3,E01024379,0
Unvalidated,2024461426330,2024,461426330,1,9,0,18,1,5,0,2,0,0,0,0,4,1,1,1,24,5,-1,-1,-1,-1,10,1,E01016085,0
Unvalidated,2024461426330,2024,461426330,2,9,0,18,2,6,0,1,0,0,0,0,1,1,1,1,47,8,-1,-1,-1,-1,3,1,E01024126,0
Unvalidated,2024461426330,2024,461426330,3,19,0,2,0,0,0,1,0,0,0,0,2,1,1,1,21,5,-1,-1,-1,-1,1,1,E01012058,0
Unvalidated,2024461426361,2024,461426361,1,9,0,18,8,8,0,1,0,0,0,0,1,1,5,2,68,10,-1,-1,-1,-1,7,1,E01024844,0
Unvalidated,2024461426361,2024,461426361,2,9,0,10,8,3,1,1,0,0,0,0,2,1,5,1,68,10,-1,-1,-1,-1,7,1,E01024764,0
Unvalidated,2024461426449,2024,461426449,1,9,0,18,4,3,0,2,0,0,0,0,1,1,6,2,43,7,-1,-1,-1,-1,4,1,E01024669,0
Unvalidated,2024461426738,2024,461426738,1,9,5,18,3,7,0,0,0,0,0,0,1,1,5,2,27,6,-1,-1,-1,-1,4,3,E01024387,0
Unvalidated,2024461426738,2024,461426738,2,9,0,3,3,7,0,0,0,0,0,0,2,1,5,1,28,6,-1,-1,-1,-1,6,2,E01024571,0
Unvalidated,2024461426803,2024,461426803,1,9,0,18,5,1,0,0,1,0,0,0,1,1,6,2,29,6,-1,-1,-1,-1,-1,-1,-1,0
Unvalidated,2024461426806,2024,461426806,1,9,0,18,2,3,0,1,0,0,3,0,1,2,5,1,19,4,-1,-1,-1,-1,4,1,E01024620,0
Unvalidated,2024461426807,2024,461426807,1,9,0,13,1,5,0,0,2,0,0,0,2,1,6,1,17,4,-1,-1,-1,-1,7,1,E01024187,0
Unvalidated,2024461426807,2024,461426807,2,9,0,18,1,5,0,0,1,0,0,0,1,1,5,1,43,7,-1,-1,-1,-1,4,1,E01011089,0
Unvalidated,2024461426812,2024,461426812,1,9,0,18,5,1,0,0,0,0,0,0,1,1,6,3,-1,-1,-1,-1,-1,-1,-1,-1,-1,0
Unvalidated,2024461426812,2024,461426812,2,1,0,18,5,1,0,0,0,0,1,0,2,1,2,2,28,6,-1,-1,-1,-1,4,1,E01024528,0
Unvalidated,2024461426849,2024,461426849,1,9,0,18,4,6,0,1,0,0,0,0,1,1,5,1,68,10,-1,-1,-1,-1,4,3,E01016143,0
Unvalidated,2024461426849,2024,461426849,2,9,0,18,4,6,0,1,0,0,7,0,1,1,5,1,35,6,-1,-1,-1,-1,2,1,E01016066,0
Unvalidated,2024461426897,2024,461426897,1,9,0,7,3,7,0,3,5,10,0,0,4,1,5,2,65,9,-1,-1,-1,-1,4,2,E01016071,0
Unvalidated,2024461426897,2024,461426897,2,9,0,5,1,5,0,4,0,0,0,0,1,1,5,1,51,8,-1,-1,-1,-1,-1,-1,-1,0
Unvalidated,2024461426899,2024,461426899,1,9,0,18,8,2,0,1,0,0,0,0,1,1,5,2,22,5,-1,-1,-1,-1,8,1,E01016119,0
Unvalidated,2024461426899,2024,461426899,2,9,0,4,8,2,0,1,0,0,0,0,2,1,6,1,48,8,-1,-1,-1,-1,3,1,E01016030,0
Unvalidated,2024461426919,2024,461426919,1,9,0,18,5,8,0,4,0,0,0,0,1,1,5,2,66,10,-1,-1,-1,-1,7,2,E01024743,0
Unvalidated,2024461426919,2024,461426919,2,5,0,18,3,8,0,3,0,0,1,0,1,1,6,1,60,9,-1,-1,-1,-1,6,3,E01024346,0
Unvalidated,2024461426977,2024,461426977,1,9,0,18,7,5,0,0,2,0,0,0,1,1,5,1,20,4,-1,-1,-1,-1,1,1,E01024563,0
Unvalidated,2024461427002,2024,461427002,1,9,0,9,1,5,0,8,0,11,2,11,4,1,5,1,17,4,-1,-1,-1,-1,4,1,E01024645,0
Unvalidated,2024461427008,2024,461427008,1,9,0,18,5,1,0,7,0,0,0,0,3,1,6,3,-1,-1,-1,-1,-1,-1,-1,-1,-1,0
Unvalidated,2024461427008,2024,461427008,2,9,0,18,5,1,0,7,0,0,0,0,3,1,2,1,50,8,-1,-1,-1,-1,8,1,E01016179,0
Unvalidated,2024461427017,2024,461427017,1,9,0,18,1,3,0,0,0,0,0,0,1,1,2,2,62,9,-1,-1,-1,-1,7,1,E01016139,0
Unvalidated,2024461427167,2024,461427167,1,9,0,6,8,4,0,0,0,0,0,0,3,1,5,1,62,9,-1,-1,-1,-1,10,3,E01032655,0
Unvalidated,2024461427167,2024,461427167,2,9,0,18,8,4,0,0,0,0,0,0,1,1,2,1,43,7,-1,-1,-1,-1,1,3,E01024618,0
Unvalidated,2024461427167,2024,461427167,3,9,0,2,0,0,6,0,0,0,0,0,1,1,6,3,-1,-1,-1,-1,-1,-1,-1,-1,-1,0
Unvalidated,2024461427170,2024,461427170,1,9,0,4,3,7,0,4,0,0,0,0,1,1,1,1,27,6,-1,-1,-1,-1,-1,-1,-1,0
Unvalidated,2024461427170,2024,461427170,2,9,0,3,3,7,0,4,0,0,0,0,2,1,5,1,50,8,-1,-1,-1,-1,4,1,E01024528,0
Unvalidated,2024461427240,2024,461427240,1,3,0,14,4,8,0,1,0,0,0,0,1,1,6,1,20,4,-1,-1,-1,-1,4,1,E01024099,0
Unvalidated,2024461427240,2024,461427240,2,9,0,9,7,3,0,8,0,0,0,0,3,1,5,1,51,8,-1,-1,-1,-1,6,3,E01024054,0
Unvalidated,2024461427247,2024,461427247,1,9,0,18,3,7,0,8,0,0,7,11,4,1,5,2,36,7,-1,-1,-1,-1,5,1,E01024495,0
Unvalidated,2024461427247,2024,461427247,2,9,0,18,1,5,0,1,0,0,0,0,1,1,2,1,56,9,-1,-1,-1,-1,3,1,E01016037,0
Unvalidated,2024461427337,2024,461427337,1,9,0,9,8,6,0,8,0,0,0,0,3,1,5,1,83,11,-1,-1,-1,-1,10,1,E01024751,0
Unvalidated,2024461427337,2024,461427337,2,9,0,18,6,2,0,1,0,0,0,0,1,1,5,2,47,8,-1,-1,-1,-1,8,1,E01024779,0
Unvalidated,2024461427357,2024,461427357,1,9,0,18,6,5,0,0,0,0,0,0,1,1,5,1,27,6,-1,-1,-1,-1,1,1,E01024305,0
Unvalidated,2024461427357,2024,461427357,2,9,0,18,4,7,0,0,0,1,0,0,1,1,6,1,40,7,-1,-1,-1,-1,7,1,E01024569,0
Unvalidated,2024461427404,2024,461427404,1,9,0,18,3,7,0,0,0,0,0,0,1,1,6,1,55,8,-1,-1,-1,-1,8,1,E01016121,0
Unvalidated,2024461427404,2024,461427404,2,9,0,4,3,7,0,0,1,0,3,0,2,1,6,2,44,7,-1,-1,-1,-1,8,1,E01016122,0
Unvalidated,2024461427436,2024,461427436,1,9,0,10,3,7,0,6,0,0,0,0,3,1,6,1,-1,-1,-1,-1,-1,-1,6,1,E01024021,0
Unvalidated,2024461427436,2024,461427436,2,9,0,18,6,2,0,8,0,10,1,0,4,1,5,2,27,6,-1,-1,-1,-1,7,1,E01024732,0
Unvalidated,2024461427481,2024,461427481,1,9,0,5,5,1,0,1,0,0,0,0,3,1,6,1,27,6,-1,-1,-1,-1,2,1,E01023975,0
Unvalidated,2024461427657,2024,461427657,1,21,1,9,1,5,0,1,0,0,0,0,1,2,1,1,49,8,-1,-1,-1,-1,-1,-1,-1,0
Unvalidated,2024461427657,2024,461427657,2,19,0,11,1,5,0,3,2,0,0,0,4,1,2,1,61,9,-1,-1,-1,-1,4,1,E01024120,0
Unvalidated,2024461427689,2024,461427689,1,9,0,18,2,5,0,8,0,0,0,0,1,1,5,1,26,6,-1,-1,-1,-1,6,1,E01003281,0
Unvalidated,2024461427689,2024,461427689,2,9,0,18,7,3,0,8,0,0,0,0,4,1,2,2,40,7,-1,-1,-1,-1,-1,1,-1,0
Unvalidated,2024461427779,2024,461427779,1,9,0,4,6,2,0,0,0,0,0,0,1,1,6,1,25,5,-1,-1,-1,-1,3,1,E01016154,0
Unvalidated,2024461427779,2024,461427779,2,9,0,4,6,2,0,0,0,0,0,0,2,1,5,1,68,10,-1,-1,-1,-1,8,1,E01016148,0
Unvalidated,2024461427784,2024,461427784,1,9,0,9,5,1,0,0,0,0,0,0,1,1,6,1,20,4,-1,-1,-1,-1,7,1,E01024844,0
Unvalidated,2024461427784,2024,461427784,2,1,0,18,5,1,0,0,2,0,0,0,1,1,2,2,58,9,-1,-1,-1,-1,10,1,E01024817,0
Unvalidated,2024461427806,2024,461427806,1,9,0,18,4,8,0,0,1,0,7,0,1,1,2,1,43,7,-1,-1,-1,-1,6,1,E01024401,0
Unvalidated,2024461427853,2024,461427853,1,9,0,18,1,5,0,0,0,0,0,0,4,1,6,2,71,10,-1,-1,-1,-1,7,3,E01024573,0
Unvalidated,2024461427930,2024,461427930,1,9,0,9,6,2,0,6,0,0,0,0,1,1,2,1,58,9,-1,-1,-1,-1,9,1,E01032821,0
Unvalidated,2024461427930,2024,461427930,2,9,0,18,3,7,0,1,0,0,0,0,4,1,6,2,81,11,-1,-1,-1,-1,7,1,E01024121,0
Unvalidated,2024461427930,2024,461427930,3,9,0,18,7,3,0,1,0,0,0,0,2,1,6,2,75,10,-1,-1,-1,-1,6,3,E01023987,0
Unvalidated,2024461428002,2024,461428002,1,9,0,5,7,1,5,0,0,0,0,0,1,1,2,1,38,7,-1,-1,-1,-1,9,1,E01024768,0
Unvalidated,2024461428002,2024,461428002,2,9,0,18,3,7,0,0,0,0,0,0,4,1,2,1,42,7,-1,-1,-1,-1,3,1,E01024795,0
Unvalidated,2024461428002,2024,461428002,3,9,0,18,3,7,0,0,0,0,0,0,1,1,2,1,18,4,-1,-1,-1,-1,-1,-1,-1,0
Unvalidated,2024461428007,2024,461428007,1,5,0,18,3,7,0,0,0,0,0,0,1,1,6,1,69,10,-1,-1,-1,-1,5,2,E01024364,0
Unvalidated,2024461428007,2024,461428007,2,9,0,5,4,3,0,0,0,0,0,0,4,2,5,2,20,4,-1,-1,-1,-1,4,3,E01023997,0
Unvalidated,2024461428021,2024,461428021,1,19,0,3,3,7,0,1,0,0,0,0,1,1,5,1,40,7,-1,-1,-1,-1,6,1,E01032798,0
Unvalidated,2024461428021,2024,461428021,2,9,0,4,3,7,0,4,0,0,0,0,2,1,5,2,42,7,-1,-1,-1,-1,1,1,E01024177,0
Unvalidated,2024461428092,2024,461428092,1,9,0,18,2,6,0,2,0,0,0,0,1,1,2,1,51,8,-1,-1,-1,-1,7,1,E01024578,0
Unvalidated,2024461428092,2024,461428092,2,1,0,18,-1,-1,0,6,0,0,0,0,1,1,6,1,9,2,-1,-1,-1,-1,3,1,E01024263,0
Unvalidated,2024461428105,2024,461428105,1,9,0,9,7,4,0,0,0,0,0,0,1,1,5,1,23,5,-1,-1,-1,-1,1,1,E01024657,0
Unvalidated,2024461428105,2024,461428105,2,9,0,9,4,3,0,0,0,0,0,0,4,1,6,2,24,5,-1,-1,-1,-1,6,1,E01024700,0
Unvalidated,2024461428114,2024,461428114,1,9,0,18,7,3,0,0,0,0,0,0,1,1,6,1,68,10,-1,-1,-1,-1,9,2,E01024244,0
Unvalidated,2024461428114,2024,461428114,2,9,0,18,7,3,0,0,0,0,0,0,2,1,5,2,40,7,-1,-1,-1,-1,1,1,E01024657,0
Unvalidated,2024461428122,2024,461428122,1,9,0,18,7,3,0,8,0,0,0,0,4,1,5,2,71,10,-1,-1,-1,-1,3,1,E01016038,0
Unvalidated,2024461428159,2024,461428159,1,9,0,18,1,6,0,0,0,0,0,0,1,1,6,1,37,7,-1,-1,-1,-1,6,1,E01024079,0
Unvalidated,2024461428207,2024,461428207,1,21,0,12,8,4,0,0,0,0,0,0,1,2,1,1,38,7,-1,-1,-1,-1,-1,-1,-1,0
Unvalidated,2024461428207,2024,461428207,2,9,0,11,8,4,0,0,0,0,0,0,2,1,6,2,64,9,-1,-1,-1,-1,10,1,E01024139,0
Unvalidated,2024461428383,2024,461428383,1,98,4,5,5,4,0,0,0,0,0,0,0,1,1,1,59,9,-1,-1,-1,-1,2,1,E01027349,0
Unvalidated,2024461428383,2024,461428383,2,9,0,18,4,4,0,0,0,7,0,0,2,1,6,2,32,6,-1,-1,-1,-1,8,1,E01016087,0
Unvalidated,2024461428383,2024,461428383,3,9,0,18,5,4,0,0,0,0,0,0,1,1,6,2,27,6,-1,-1,-1,-1,4,1,E01016100,0
Unvalidated,2024461428485,2024,461428485,1,19,0,9,8,5,0,5,0,0,7,0,1,1,1,1,26,6,-1,-1,-1,-1,3,1,E01017242,0
Unvalidated,2024461428485,2024,461428485,2,9,0,18,3,8,0,2,0,0,0,0,1,1,5,2,50,8,-1,-1,-1,-1,2,1,E01033212,0
Unvalidated,2024461428535,2024,461428535,1,5,0,15,4,8,0,0,5,7,0,0,3,1,6,1,47,8,-1,-1,-1,-1,4,2,E01016071,0
Unvalidated,2024461428535,2024,461428535,2,9,0,18,4,8,0,0,0,0,0,0,4,1,2,1,22,5,-1,-1,-1,-1,1,1,E01016904,0
Unvalidated,2024461428557,2024,461428557,1,3,0,18,4,5,0,0,0,7,0,0,1,1,1,1,30,6,-1,-1,-1,-1,2,1,E01004570,0
Unvalidated,2024461428563,2024,461428563,1,9,0,18,3,7,0,5,1,0,1,2,2,1,5,1,31,6,-1,-1,-1,-1,8,1,E01000411,0
Unvalidated,2024461428609,2024,461428609,1,5,0,18,5,7,0,1,2,0,0,0,1,1,5,1,43,7,-1,-1,-1,-1,10,1,E01030902,0
Unvalidated,2024461428609,2024,461428609,2,9,0,18,7,5,0,2,0,0,0,0,1,1,5,2,31,6,-1,-1,-1,-1,4,3,E01024387,0
Unvalidated,2024461428622,2024,461428622,1,9,0,18,4,1,0,1,0,0,0,0,3,1,1,1,22,5,-1,-1,-1,-1,-1,-1,-1,0
Unvalidated,2024461428622,2024,461428622,2,9,0,18,1,4,0,1,0,0,0,0,3,1,6,2,59,9,-1,-1,-1,-1,4,1,E01024099,0
Unvalidated,2024461428639,2024,461428639,1,3,0,18,1,3,0,2,0,0,0,0,1,1,6,2,24,5,-1,-1,-1,-1,2,1,E01003159,0
Unvalidated,2024461428639,2024,461428639,2,9,0,18,5,1,0,1,0,0,0,0,1,1,5,2,58,9,-1,-1,-1,-1,7,1,E01030859,0
Unvalidated,2024461428757,2024,461428757,1,9,0,1,3,7,0,0,0,0,0,0,2,1,6,1,23,5,-1,-1,-1,-1,-1,-1,-1,0
Unvalidated,2024461428757,2024,461428757,2,9,0,4,3,7,0,0,0,0,0,0,1,1,1,1,27,6,-1,-1,-1,-1,6,3,E01024410,0
Unvalidated,2024461428760,2024,461428760,1,4,0,18,6,2,0,1,0,0,0,0,1,1,5,1,18,4,-1,-1,-1,-1,4,1,E01024217,0
Unvalidated,2024461428760,2024,461428760,2,9,0,9,6,4,0,8,0,0,0,0,3,1,2,1,55,8,-1,-1,-1,-1,7,1,E01024252,0
Unvalidated,2024461428760,2024,461428760,3,9,0,2,0,0,0,2,0,0,0,0,4,1,5,2,38,7,-1,-1,-1,-1,6,1,E01024225,0
Unvalidated,2024461428819,2024,461428819,1,5,0,18,1,5,0,0,0,0,0,0,1,1,6,1,17,4,-1,-1,-1,-1,2,1,E01016161,0
Unvalidated,2024461428819,2024,461428819,2,9,0,18,5,1,0,0,0,0,0,0,1,1,6,2,63,9,-1,-1,-1,-1,3,1,E01016037,0
Unvalidated,2024461428881,2024,461428881,1,9,0,4,2,6,0,2,0,0,0,0,1,1,5,1,43,7,-1,-1,-1,-1,6,1,E01024065,0
Unvalidated,2024461428881,2024,461428881,2,9,0,3,2,6,0,2,0,0,0,0,2,1,5,1,24,5,-1,-1,-1,-1,5,1,E01024082,0
Unvalidated,2024461428894,2024,461428894,1,9,0,18,7,3,0,0,2,0,1,0,3,1,2,1,25,5,-1,-1,-1,-1,10,1,E01000423,0
Unvalidated,2024461428984,2024,461428984,1,5,0,15,6,1,0,2,1,0,0,0,1,1,5,1,35,6,-1,-1,-1,-1,5,3,E01024701,0
Unvalidated,2024461428984,2024,461428984,2,9,0,9,6,3,0,1,0,0,0,0,4,1,6,1,55,8,-1,-1,-1,-1,6,3,E01024556,0
Unvalidated,2024461428997,2024,461428997,1,9,0,9,5,5,0,8,0,0,0,0,1,1,5,1,19,4,-1,-1,-1,-1,10,1,E01024322,0
Unvalidated,2024461429021,2024,461429021,1,9,0,18,5,5,0,1,1,10,1,1,1,1,5,2,40,7,-1,-1,-1,-1,4,3,E01024200,0
Unvalidated,2024461429022,2024,461429022,1,9,0,7,6,5,0,6,0,0,0,0,3,1,2,1,36,7,-1,-1,-1,-1,6,1,E01032798,0
Unvalidated,2024461429022,2024,461429022,2,2,0,18,4,8,0,1,0,0,6,10,1,1,6,1,47,8,-1,-1,-1,-1,4,1,E01016177,0
Unvalidated,2024461429286,2024,461429286,1,9,0,9,1,7,0,1,0,0,1,0,3,1,5,1,42,7,-1,-1,-1,-1,9,1,E01024349,0
Unvalidated,2024461429286,2024,461429286,2,9,0,18,7,3,0,1,0,0,1,0,1,1,5,1,35,6,-1,-1,-1,-1,6,3,E01024345,0
Unvalidated,2024461429362,2024,461429362,1,9,0,4,3,7,0,1,0,0,0,0,3,1,2,1,33,6,-1,-1,-1,-1,2,1,E01024028,0
Unvalidated,2024461429362,2024,461429362,2,9,0,18,1,5,0,1,5,0,7,0,4,2,2,1,66,10,-1,-1,-1,-1,6,3,E01024038,0
Unvalidated,2024461429366,2024,461429366,1,9,0,12,3,7,0,0,0,0,0,0,1,1,2,1,19,4,-1,-1,-1,-1,9,1,E01006095,0
Unvalidated,2024461429366,2024,461429366,2,9,0,18,7,3,0,0,0,0,0,0,1,1,5,1,28,6,-1,-1,-1,-1,8,3,E01016144,0
Unvalidated,2024461429369,2024,461429369,1,9,0,4,5,1,0,0,0,0,0,0,1,1,6,2,56,9,-1,-1,-1,-1,2,1,E01021092,0
Unvalidated,2024461429369,2024,461429369,2,9,0,4,5,1,0,0,0,0,0,0,2,1,5,1,66,10,-1,-1,-1,-1,10,1,E01015908,0
Unvalidated,2024461429369,2024,461429369,3,9,0,4,5,1,0,0,0,0,0,0,2,1,5,1,51,8,-1,-1,-1,-1,6,1,E01007917,0
Unvalidated,2024461429369,2024,461429369,4,9,0,4,5,1,0,0,0,0,0,0,2,1,5,1,74,10,-1,-1,-1,-1,9,1,E01016176,0
Unvalidated,2024461429377,2024,461429377,1,9,0,18,4,7,0,0,0,0,0,0,1,1,5,1,29,6,-1,-1,-1,-1,3,1,E01016038,0
Unvalidated,2024461429377,2024,461429377,2,9,0,18,4,5,0,0,0,0,0,0,2,1,5,2,31,6,-1,-1,-1,-1,7,1,E01016123,0
Unvalidated,2024461429464,2024,461429464,1,9,0,5,5,1,0,2,0,0,0,0,1,1,6,3,-1,-1,-1,-1,-1,-1,-1,-1,-1,0
Unvalidated,2024461429464,2024,461429464,2,1,0,-1,-1,-1,-1,-1,-1,-1,-1,0,4,1,6,2,46,8,-1,-1,-1,-1,7,1,E01024576,0
Unvalidated,2024461429562,2024,461429562,1,9,0,18,3,7,0,0,0,4,0,0,1,2,6,1,30,6,-1,-1,-1,-1,-1,-1,-1,0
Unvalidated,2024461429562,2024,461429562,2,9,0,18,4,8,0,0,0,0,0,0,1,2,5,1,39,7,-1,-1,-1,-1,1,1,E01016069,0
Unvalidated,2024461429562,2024,461429562,3,10,0,2,7,7,9,0,0,0,0,0,3,2,6,3,-1,-1,-1,-1,-1,-1,-1,-1,-1,0
Unvalidated,2024461429562,2024,461429562,4,9,0,3,7,3,0,0,0,0,0,0,4,2,6,1,53,8,-1,-1,-1,-1,8,2,E01016028,0
Unvalidated,2024461429562,2024,461429562,5,9,0,2,3,7,9,0,0,0,0,0,3,2,6,3,-1,-1,-1,-1,-1,-1,-1,-1,-1,0
Unvalidated,2024461429562,2024,461429562,6,9,0,3,7,7,0,0,0,0,0,0,3,2,6,2,32,6,-1,-1,-1,-1,3,1,E01016043,0
Unvalidated,2024461429562,2024,461429562,7,9,0,3,7,7,0,0,0,0,0,0,3,2,6,2,58,9,-1,-1,-1,-1,7,1,E01016162,0
Unvalidated,2024461429564,2024,461429564,1,9,0,18,2,6,0,8,0,0,0,0,1,1,6,1,45,7,-1,-1,-1,-1,3,1,E01016150,0
Unvalidated,2024461429564,2024,461429564,2,9,0,18,8,4,0,8,0,0,0,0,4,1,5,2,27,6,-1,-1,-1,-1,3,1,E01016102,0
Unvalidated,2024461429592,2024,461429592,1,9,0,18,6,2,0,8,0,0,0,0,1,1,6,2,48,8,-1,-1,-1,-1,4,3,E01024086,0
Unvalidated,2024461429592,2024,461429592,2,9,0,3,6,2,0,8,0,0,0,0,2,1,6,2,35,6,-1,-1,-1,-1,9,2,E01024112,0
Unvalidated,2024461429603,2024,461429603,1,-1,0,1,1,5,0,1,0,0,0,0,2,1,6,1,-1,-1,-1,-1,-1,-1,7,1,E01024073,0
Unvalidated,2024461429603,2024,461429603,2,1,0,18,5,1,0,1,0,0,0,0,3,1,5,1,-1,-1,-1,-1,-1,-1,7,1,E01024073,0
Unvalidated,2024461429649,2024,461429649,1,9,0,18,2,2,0,5,0,0,0,0,1,1,5,2,80,11,-1,-1,-1,-1,6,3,E01024238,0
Unvalidated,2024461429649,2024,461429649,2,9,0,9,2,3,0,1,0,0,0,0,2,1,5,2,45,7,-1,-1,-1,-1,7,1,E01024234,0
Unvalidated,2024461429703,2024,461429703,1,9,0,18,7,5,0,0,0,0,0,0,1,1,5,1,76,11,-1,-1,-1,-1,5,1,E01033089,0
Unvalidated,2024461429703,2024,461429703,2,20,0,18,7,3,0,0,0,0,0,0,2,1,1,1,48,8,-1,-1,-1,-1,5,1,E01024082,0
Unvalidated,2024461429703,2024,461429703,3,3,0,10,7,3,0,0,0,0,0,0,2,1,5,1,31,6,-1,-1,-1,-1,3,1,E01033092,0
Unvalidated,2024461429703,2024,461429703,4,9,0,10,7,3,0,0,0,0,0,0,2,1,1,1,48,8,-1,-1,-1,-1,7,3,E01024332,0
Unvalidated,2024461429750,2024,461429750,1,19,0,18,8,5,0,0,0,0,0,0,1,1,1,1,37,7,-1,-1,-1,-1,2,1,E01024398,0
Unvalidated,2024461429750,2024,461429750,2,9,0,18,8,5,0,0,0,0,0,0,2,1,5,2,50,8,-1,-1,-1,-1,1,1,E01016024,0
Unvalidated,2024461429819,2024,461429819,1,19,0,18,2,6,0,0,0,0,0,0,4,1,2,1,47,8,-1,-1,-1,-1,7,3,E01024203,0
Unvalidated,2024461429983,2024,461429983,1,19,0,18,5,1,0,0,0,0,0,0,1,1,6,1,50,8,-1,-1,-1,-1,4,1,E01024665,0
Unvalidated,2024461429983,2024,461429983,2,9,0,3,5,1,0,0,0,0,0,0,2,1,5,2,39,7,-1,-1,-1,-1,8,1,E01024414,0
Unvalidated,2024461429995,2024,461429995,1,98,4,18,3,7,0,2,0,0,7,0,0,1,2,1,31,6,-1,-1,-1,-1,6,1,E01024117,0
Unvalidated,2024461429995,2024,461429995,2,19,0,18,7,3,0,1,0,0,1,0,1,1,1,1,57,9,-1,-1,-1,-1,6,2,E01023986,0
Unvalidated,2024461430141,2024,461430141,1,3,0,18,4,8,0,0,0,0,1,9,1,1,6,1,17,4,-1,-1,-1,-1,4,3,E01016143,0
Unvalidated,2024461430141,2024,461430141,2,9,0,5,2,7,0,0,0,0,0,0,1,1,1,1,62,9,-1,-1,-1,-1,8,3,E01016144,0
Unvalidated,2024461430262,2024,461430262,1,9,0,9,5,7,0,2,0,0,0,0,1,2,6,1,19,4,-1,-1,-1,-1,-1,-1,-1,0
Unvalidated,2024461430262,2024,461430262,2,9,0,18,7,3,0,1,0,0,0,0,1,2,2,2,23,5,-1,-1,-1,-1,6,3,E01024038,0
Unvalidated,2024461430264,2024,461430264,1,9,0,18,1,4,6,0,1,10,7,3,1,1,5,1,18,4,-1,-1,-1,-1,6,2,E01024406,0
Unvalidated,2024461430276,2024,461430276,1,9,0,18,7,2,0,4,0,0,0,0,1,1,5,1,56,9,-1,-1,-1,-1,9,1,E01024143,0
Unvalidated,2024461430276,2024,461430276,2,3,0,4,7,3,0,4,0,0,0,0,2,1,2,1,41,7,-1,-1,-1,-1,4,1,E01024179,0
Unvalidated,2024461430307,2024,461430307,1,9,0,18,5,1,0,0,0,0,0,0,1,1,6,1,33,6,-1,-1,-1,-1,7,1,E01024333,0
Unvalidated,2024461430307,2024,461430307,2,9,0,18,5,1,0,0,0,0,0,0,2,1,5,2,32,6,-1,-1,-1,-1,3,1,E01016152,0
Unvalidated,2024461430325,2024,461430325,1,9,0,1,5,1,6,0,0,0,0,0,2,1,6,1,19,4,-1,-1,-1,-1,10,1,E01023379,0
Unvalidated,2024461430325,2024,461430325,2,9,0,2,0,0,6,0,0,0,0,0,2,1,5,2,33,6,-1,-1,-1,-1,7,1,E01024097,0
Unvalidated,2024461430339,2024,461430339,1,1,0,-1,-1,-1,-1,0,-1,-1,-1,0,1,1,6,3,-1,-1,-1,-1,-1,-1,-1,-1,-1,0
Unvalidated,2024461430361,2024,461430361,1,9,0,18,-1,-1,0,0,0,0,0,0,1,1,6,3,-1,-1,-1,-1,-1,-1,-1,-1,-1,0
Unvalidated,2024461430373,2024,461430373,1,9,0,18,5,1,0,0,0,0,0,0,1,1,6,1,77,11,-1,-1,-1,-1,10,1,E01024829,0
Unvalidated,2024461430428,2024,461430428,1,11,0,3,4,8,0,1,0,0,0,0,4,1,1,1,65,9,-1,-1,-1,-1,-1,-1,-1,0