status,collision_index,collision_year,collision_reference,vehicle_reference,vehicle_type,towing_and_articulation,vehicle_manoeuvre,vehicle_direction_from,vehicle_direction_to,vehicle_location_restricted_lane,junction_location,skidding_and_overturning,hit_object_in_carriageway,vehicle_leaving_carriageway,hit_object_off_carriageway,first_point_of_impact,vehicle_left_hand_drive,journey_purpose_of_driver,sex_of_driver,age_of_driver,age_band_of_driver,engine_capacity_cc,propulsion_code,age_of_vehicle,generic_make_model,driver_imd_decile,driver_home_area_type,lsoa_of_driver,escooter_flag
Unvalidated,2024461430428,2024,461430428,2,9,0,5,5,1,0,1,0,4,0,0,1,1,6,3,34,6,-1,-1,-1,-1,-1,-1,-1,0
Unvalidated,2024461430470,2024,461430470,1,9,0,9,1,6,0,8,0,0,0,0,1,1,5,1,87,11,-1,-1,-1,-1,10,2,E01024344,0
Unvalidated,2024461430470,2024,461430470,2,5,0,18,5,1,0,1,0,0,0,0,1,1,5,1,51,8,-1,-1,-1,-1,3,1,E01021090,0
Unvalidated,2024461430498,2024,461430498,1,90,0,9,5,3,0,1,0,0,0,0,3,1,6,1,84,11,-1,-1,-1,-1,6,2,E01024728,0
Unvalidated,2024461430498,2024,461430498,2,16,0,18,5,1,0,1,0,0,0,0,4,1,6,2,23,5,-1,-1,-1,-1,6,2,E01024783,0
Unvalidated,2024461430528,2024,461430528,1,3,0,18,2,6,0,1,0,0,0,0,1,1,2,1,29,6,-1,-1,-1,-1,7,1,E01024712,0
Unvalidated,2024461430528,2024,461430528,2,19,0,9,6,4,0,8,0,0,0,0,4,1,2,1,31,6,-1,-1,-1,-1,4,3,E01024200,0
Unvalidated,2024461430550,2024,461430550,1,9,0,7,1,5,0,1,0,0,0,0,1,1,6,1,47,8,-1,-1,-1,-1,4,1,E01024293,0
Unvalidated,2024461430550,2024,461430550,2,9,0,8,5,1,0,1,0,0,0,0,1,1,5,2,56,9,-1,-1,-1,-1,4,1,E01024296,0
Unvalidated,2024461430582,2024,461430582,1,9,0,7,7,5,0,6,0,0,0,0,2,1,6,2,24,5,-1,-1,-1,-1,4,1,E01024593,0
Unvalidated,2024461430582,2024,461430582,2,9,0,7,7,5,0,6,0,0,0,0,1,1,2,2,33,6,-1,-1,-1,-1,4,1,E01024593,0
Unvalidated,2024461430589,2024,461430589,1,9,0,18,7,3,0,1,0,0,0,0,4,1,5,1,36,7,-1,-1,-1,-1,3,1,E01015843,0
Unvalidated,2024461430623,2024,461430623,1,9,0,18,7,3,0,1,1,0,0,0,1,1,5,1,59,9,-1,-1,-1,-1,1,1,E01020972,0
Unvalidated,2024461430623,2024,461430623,2,9,0,18,1,5,0,1,1,0,0,0,3,1,5,1,61,9,-1,-1,-1,-1,5,3,E01024039,0
Unvalidated,2024461430647,2024,461430647,1,9,0,18,1,3,0,0,0,0,0,0,1,1,5,2,51,8,-1,-1,-1,-1,-1,-1,-1,0
Unvalidated,2024461430670,2024,461430670,1,9,0,18,1,5,0,2,1,0,0,0,1,1,5,2,27,6,-1,-1,-1,-1,7,1,E01024405,0
Unvalidated,2024461430670,2024,461430670,2,9,0,5,7,3,0,8,0,0,0,0,1,1,2,1,24,5,-1,-1,-1,-1,-1,2,-1,0
Unvalidated,2024461430675,2024,461430675,1,9,0,17,2,1,0,2,0,0,1,4,1,1,5,1,21,5,-1,-1,-1,-1,3,1,E01004325,0
Unvalidated,2024461430686,2024,461430686,1,11,0,7,3,1,0,0,0,0,0,0,1,1,1,1,40,7,-1,-1,-1,-1,1,1,E01024658,0
Unvalidated,2024461430691,2024,461430691,1,19,0,4,6,3,0,0,0,0,0,0,1,1,6,1,-1,-1,-1,-1,-1,-1,1,1,E01024682,0
Unvalidated,2024461430691,2024,461430691,2,9,0,4,6,3,0,0,0,0,0,0,2,1,2,2,22,5,-1,-1,-1,-1,10,3,E01032655,0
Unvalidated,2024461430699,2024,461430699,1,9,0,7,1,3,0,1,0,0,0,0,3,1,6,1,-1,-1,-1,-1,-1,-1,6,1,E01023252,0
Unvalidated,2024461430699,2024,461430699,2,3,0,4,6,2,0,8,5,0,0,0,3,1,2,1,34,6,-1,-1,-1,-1,1,1,E01024657,0
Unvalidated,2024461430849,2024,461430849,1,21,1,18,7,3,0,0,0,0,1,1,1,1,1,1,64,9,-1,-1,-1,-1,5,3,E01021096,0
Unvalidated,2024461431026,2024,461431026,1,4,0,15,5,1,9,4,1,0,0,0,1,1,6,1,17,4,-1,-1,-1,-1,2,1,E01024476,0
Unvalidated,2024461431170,2024,461431170,1,9,0,18,3,7,0,0,0,0,1,0,1,1,5,2,36,7,-1,-1,-1,-1,-1,-1,-1,0
Unvalidated,2024461431214,2024,461431214,1,9,0,4,6,2,0,0,1,0,1,0,1,1,6,1,42,7,-1,-1,-1,-1,-1,2,-1,0
Unvalidated,2024461431214,2024,461431214,2,98,0,4,6,2,0,0,1,0,0,0,2,1,1,1,41,7,-1,-1,-1,-1,2,1,E01032799,0
Unvalidated,2024461431214,2024,461431214,3,9,0,4,6,2,0,0,1,0,0,0,2,1,6,2,38,7,-1,-1,-1,-1,-1,-1,-1,0
Unvalidated,2024461431214,2024,461431214,4,9,0,4,6,2,0,0,1,0,0,0,2,1,6,2,22,5,-1,-1,-1,-1,7,1,E01000442,0
Unvalidated,2024461431214,2024,461431214,5,9,0,4,6,2,0,0,1,0,0,0,2,1,6,1,49,8,-1,-1,-1,-1,7,1,E01023109,0
Unvalidated,2024461431214,2024,461431214,6,9,0,4,6,2,0,0,0,0,0,0,2,1,6,1,38,7,-1,-1,-1,-1,5,1,E01001646,0
Unvalidated,2024461431216,2024,461431216,1,9,0,18,4,4,0,0,0,0,0,0,1,1,5,1,86,11,-1,-1,-1,-1,4,1,E01016168,0
Unvalidated,2024461431216,2024,461431216,2,9,0,2,5,1,0,0,0,0,0,0,2,1,5,2,31,6,-1,-1,-1,-1,3,1,E01016038,0
Unvalidated,2024461431240,2024,461431240,1,9,0,9,1,6,0,0,0,0,0,0,1,1,5,2,31,6,-1,-1,-1,-1,8,2,E01024012,0
Unvalidated,2024461431240,2024,461431240,2,9,0,3,1,6,0,0,0,0,0,0,2,1,5,1,31,6,-1,-1,-1,-1,3,1,E01024001,0
Unvalidated,2024461431240,2024,461431240,3,9,0,10,1,6,0,0,0,0,0,0,1,1,5,2,54,8,-1,-1,-1,-1,-1,-1,-1,0
Unvalidated,2024461431285,2024,461431285,1,1,0,7,7,3,5,1,0,0,0,0,2,1,5,1,15,3,-1,-1,-1,-1,-1,-1,-1,0
Unvalidated,2024461431306,2024,461431306,1,9,0,18,5,1,0,0,2,0,0,0,1,1,6,3,-1,-1,-1,-1,-1,-1,-1,-1,-1,0
Unvalidated,2024461431306,2024,461431306,2,9,0,7,7,1,0,0,0,0,0,0,2,1,6,2,24,5,-1,-1,-1,-1,4,2,E01024771,0
Unvalidated,2024461431349,2024,461431349,1,98,0,5,1,5,0,0,0,0,0,0,1,2,5,1,35,6,-1,-1,-1,-1,-1,-1,-1,0
Unvalidated,2024461431349,2024,461431349,2,98,0,5,5,1,0,0,0,0,0,0,4,1,5,1,40,7,-1,-1,-1,-1,-1,-1,-1,0
Unvalidated,2024461431369,2024,461431369,1,9,0,18,3,7,9,8,0,4,0,0,1,1,2,1,38,7,-1,-1,-1,-1,-1,-1,-1,0
Unvalidated,2024461431369,2024,461431369,2,9,0,18,1,5,0,8,0,0,0,0,3,1,6,1,64,9,-1,-1,-1,-1,8,1,E01016126,0
Unvalidated,2024461431369,2024,461431369,3,9,0,2,0,0,9,8,0,0,0,0,2,1,6,1,60,9,-1,-1,-1,-1,8,1,E01016122,0
Unvalidated,2024461431409,2024,461431409,1,9,0,18,6,6,0,1,5,0,0,0,1,1,2,1,17,4,-1,-1,-1,-1,5,1,E01033087,0
Unvalidated,2024461431409,2024,461431409,2,9,0,7,6,6,0,1,0,4,0,0,3,1,5,1,71,10,-1,-1,-1,-1,9,1,E01023999,0
Unvalidated,2024461431409,2024,461431409,3,9,0,2,0,0,0,1,0,0,0,0,2,1,6,3,-1,-1,-1,-1,-1,-1,-1,-1,-1,0
Unvalidated,2024461431461,2024,461431461,1,3,0,5,8,4,0,8,0,0,0,0,1,1,5,1,19,4,-1,-1,-1,-1,6,3,E01024456,0
Unvalidated,2024461431461,2024,461431461,2,9,0,5,6,2,0,8,0,0,0,0,4,1,5,1,77,11,-1,-1,-1,-1,6,1,E01016178,0
Unvalidated,2024461431481,2024,461431481,1,4,0,7,5,7,0,5,5,0,7,0,1,1,5,1,21,5,-1,-1,-1,-1,3,1,E01024309,0
Unvalidated,2024461431481,2024,461431481,2,9,0,7,5,7,0,5,0,0,0,0,0,1,1,1,37,7,-1,-1,-1,-1,5,1,E01024281,0
Unvalidated,2024461431495,2024,461431495,1,9,0,18,7,3,0,0,1,0,7,0,1,1,6,1,25,5,-1,-1,-1,-1,-1,-1,-1,0
Unvalidated,2024461431495,2024,461431495,2,9,0,6,3,5,0,0,0,0,7,0,3,1,5,2,70,10,-1,-1,-1,-1,2,1,E01024277,0
Unvalidated,2024461431513,2024,461431513,1,21,1,12,3,7,0,0,0,0,0,0,0,1,1,1,42,7,-1,-1,-1,-1,-1,-1,-1,0
Unvalidated,2024461431513,2024,461431513,2,9,0,18,7,3,0,0,0,0,2,0,4,1,5,2,33,6,-1,-1,-1,-1,3,1,E01003625,0
Unvalidated,2024461431513,2024,461431513,3,9,0,13,7,3,0,0,0,0,0,0,3,1,5,1,53,8,-1,-1,-1,-1,2,1,E01001709,0
Unvalidated,2024461431560,2024,461431560,1,9,0,10,2,6,0,0,0,0,0,0,1,1,5,2,58,9,-1,-1,-1,-1,4,2,E01016071,0
Unvalidated,2024461431560,2024,461431560,2,4,0,15,2,6,0,0,0,0,0,0,3,1,5,1,77,11,-1,-1,-1,-1,1,1,E01024305,0
Unvalidated,2024461431618,2024,461431618,1,9,0,9,3,1,0,6,0,0,0,0,1,1,6,2,46,8,-1,-1,-1,-1,10,1,E01024327,0
Unvalidated,2024461431618,2024,461431618,2,9,0,18,1,5,0,1,0,0,0,0,4,1,6,1,57,9,-1,-1,-1,-1,2,1,E01024028,0
Unvalidated,2024461431653,2024,461431653,1,9,0,9,5,3,0,4,1,9,1,0,1,1,5,2,45,7,-1,-1,-1,-1,3,1,E01016044,0
Unvalidated,2024461431653,2024,461431653,2,9,0,3,7,3,0,4,0,0,0,0,3,1,5,2,67,10,-1,-1,-1,-1,4,1,E01016097,0
Unvalidated,2024461431693,2024,461431693,1,3,0,4,1,1,0,0,1,0,0,0,2,1,2,1,19,4,-1,-1,-1,-1,4,1,E01024561,0
Unvalidated,2024461431693,2024,461431693,2,9,0,3,1,1,0,0,0,0,0,0,2,1,2,1,69,10,-1,-1,-1,-1,3,1,E01016037,0
Unvalidated,2024461431700,2024,461431700,1,9,0,14,-1,-1,0,0,0,0,0,0,1,1,6,1,-1,-1,-1,-1,-1,-1,4,1,E01016067,0
Unvalidated,2024461431700,2024,461431700,2,9,0,10,-1,-1,0,0,0,0,0,0,3,1,6,1,56,9,-1,-1,-1,-1,9,2,E01024334,0
Unvalidated,2024461431700,2024,461431700,3,9,0,18,-1,-1,0,0,0,0,0,0,0,1,1,1,-1,-1,-1,-1,-1,-1,6,1,E01032798,0
Unvalidated,2024461431749,2024,461431749,1,9,0,9,2,8,0,6,0,0,0,0,1,1,2,2,24,5,-1,-1,-1,-1,7,3,E01024804,0
Unvalidated,2024461431749,2024,461431749,2,9,0,18,4,8,0,1,0,0,0,0,3,1,6,2,49,8,-1,-1,-1,-1,2,1,E01020998,0
Unvalidated,2024461431749,2024,461431749,3,9,0,18,8,4,0,1,0,0,0,0,1,1,2,1,51,8,-1,-1,-1,-1,4,1,E01021777,0
Unvalidated,2024461431778,2024,461431778,1,9,0,5,5,8,0,4,0,0,0,0,1,1,1,1,30,6,-1,-1,-1,-1,7,1,E01016162,0
Unvalidated,2024461431778,2024,461431778,2,9,0,5,5,8,0,4,0,0,0,0,2,1,6,2,42,7,-1,-1,-1,-1,7,1,E01024140,0
Unvalidated,2024461431855,2024,461431855,1,9,0,18,3,7,0,0,0,0,0,0,1,1,5,1,74,10,-1,-1,-1,-1,8,1,E01024385,0
Unvalidated,2024461431855,2024,461431855,2,9,0,4,3,7,0,0,0,0,0,0,2,1,5,1,74,10,-1,-1,-1,-1,6,1,E01024589,0
Unvalidated,2024461431859,2024,461431859,1,9,0,18,7,3,0,0,2,0,0,0,1,1,5,1,32,6,-1,-1,-1,-1,-1,-1,-1,0
Unvalidated,2024461431951,2024,461431951,1,9,0,18,7,3,0,1,2,10,2,10,4,1,6,3,-1,-1,-1,-1,-1,-1,-1,-1,-1,0
Unvalidated,2024461431951,2024,461431951,2,9,0,7,1,7,0,2,0,0,0,0,1,1,2,2,24,5,-1,-1,-1,-1,7,1,E01024553,0
Unvalidated,2024461431998,2024,461431998,1,9,0,7,5,8,9,0,1,0,7,0,1,1,5,1,17,4,-1,-1,-1,-1,6,2,E01016076,0
Unvalidated,2024461431998,2024,461431998,2,9,0,2,0,0,9,0,0,0,0,0,4,1,6,3,-1,-1,-1,-1,-1,-1,-1,-1,-1,0
Unvalidated,2024461431998,2024,461431998,3,9,0,2,0,0,6,0,0,0,0,0,4,1,6,3,-1,-1,-1,-1,-1,-1,-1,-1,-1,0
Unvalidated,2024461432000,2024,461432000,1,11,0,4,6,6,0,1,0,0,0,0,1,1,5,1,52,8,-1,-1,-1,-1,7,2,E01024388,0
Unvalidated,2024461432000,2024,461432000,2,90,0,4,4,4,0,1,0,0,0,0,2,1,5,1,62,9,-1,-1,-1,-1,3,2,E01024534,0
Unvalidated,2024461432000,2024,461432000,3,9,0,4,4,4,0,1,0,0,0,0,2,1,5,2,61,9,-1,-1,-1,-1,4,3,E01024535,0
Unvalidated,2024461432000,2024,461432000,4,9,0,4,4,4,0,1,0,0,0,0,2,1,5,1,23,5,-1,-1,-1,-1,3,3,E01024549,0
Unvalidated,2024461432013,2024,461432013,1,9,0,18,4,1,0,0,5,0,1,0,1,1,5,1,44,7,-1,-1,-1,-1,9,1,E01024853,0
Unvalidated,2024461432027,2024,461432027,1,9,0,-1,-1,-1,-1,0,-1,-1,-1,0,-1,1,6,1,-1,-1,-1,-1,-1,-1,-1,-1,-1,0
Unvalidated,2024461432027,2024,461432027,2,9,0,18,-1,-1,0,0,0,0,-1,0,2,1,6,2,48,8,-1,-1,-1,-1,9,3,E01024440,0
Unvalidated,2024461432044,2024,461432044,1,9,0,18,-1,-1,0,0,0,-1,-1,0,-1,1,6,2,-1,-1,-1,-1,-1,-1,7,3,E01024573,0
Unvalidated,2024461432059,2024,461432059,1,9,0,5,-1,-1,0,3,0,0,0,0,3,1,6,1,70,10,-1,-1,-1,-1,-1,-1,-1,0
Unvalidated,2024461432059,2024,461432059,2,97,0,18,3,8,0,3,1,0,0,0,4,1,6,1,52,8,-1,-1,-1,-1,2,1,E01024585,0
Unvalidated,2024461432087,2024,461432087,1,9,0,18,3,7,0,0,0,0,0,0,1,1,6,1,45,7,-1,-1,-1,-1,5,1,E01024356,0
Unvalidated,2024461432087,2024,461432087,2,1,0,18,3,7,0,0,0,0,0,0,2,1,6,1,28,6,-1,-1,-1,-1,6,1,E01024357,0
Unvalidated,2024461432097,2024,461432097,1,11,0,18,3,7,0,0,0,0,0,0,4,1,1,1,24,5,-1,-1,-1,-1,6,1,E01024225,0
Unvalidated,2024461432265,2024,461432265,1,9,0,18,3,7,0,1,0,0,0,0,1,1,6,3,-1,-1,-1,-1,-1,-1,-1,-1,-1,0
Unvalidated,2024461432265,2024,461432265,2,9,0,2,0,0,0,1,0,0,0,0,2,1,6,3,-1,-1,-1,-1,-1,-1,-1,-1,-1,0
Unvalidated,2024461432267,2024,461432267,1,19,0,2,1,5,0,0,0,4,0,0,2,1,1,1,21,5,-1,-1,-1,-1,7,1,E01032570,0
Unvalidated,2024461432267,2024,461432267,2,9,0,2,0,0,0,0,0,0,0,0,2,1,6,3,-1,-1,-1,-1,-1,-1,-1,-1,-1,0
Unvalidated,2024461432267,2024,461432267,3,9,0,2,0,0,0,0,0,0,0,0,2,1,6,3,-1,-1,-1,-1,-1,-1,-1,-1,-1,0
Unvalidated,2024461432403,2024,461432403,1,8,0,18,7,1,0,8,0,0,0,0,1,1,1,1,46,8,-1,-1,-1,-1,1,1,E01016017,0
Unvalidated,2024461432435,2024,461432435,1,9,0,18,7,3,0,0,0,4,0,0,1,1,5,1,59,9,-1,-1,-1,-1,2,1,E01024585,0
Unvalidated,2024461432435,2024,461432435,2,9,0,2,0,0,9,0,0,0,1,0,2,1,6,3,-1,-1,-1,-1,-1,-1,-1,-1,-1,0
Unvalidated,2024461432442,2024,461432442,1,21,2,18,7,3,0,0,0,0,1,0,4,1,1,2,40,7,-1,-1,-1,-1,6,3,E01022096,0
Unvalidated,2024461432450,2024,461432450,1,9,0,1,-1,-1,0,0,0,0,0,0,-1,1,6,1,-1,-1,-1,-1,-1,-1,-1,-1,-1,0
Unvalidated,2024461432523,2024,461432523,1,3,0,18,1,3,0,1,1,0,0,0,4,1,1,1,22,5,-1,-1,-1,-1,9,1,E01016112,0
Unvalidated,2024461432544,2024,461432544,1,9,0,18,4,8,0,8,0,0,0,0,3,1,6,2,27,6,-1,-1,-1,-1,6,2,E01024568,0
Unvalidated,2024461432544,2024,461432544,2,90,0,18,1,6,0,8,0,0,0,0,1,1,6,1,14,3,-1,-1,-1,-1,4,1,E01024579,0
Unvalidated,2024461432546,2024,461432546,1,1,0,18,8,5,0,6,0,0,0,0,1,1,1,1,14,3,-1,-1,-1,-1,-1,-1,-1,0
Unvalidated,2024461432546,2024,461432546,2,19,0,18,6,2,0,1,0,0,0,0,1,1,1,1,45,7,-1,-1,-1,-1,-1,-1,-1,0
Unvalidated,2024461432613,2024,461432613,1,9,0,9,7,7,0,8,0,0,0,0,1,1,5,1,81,11,-1,-1,-1,-1,8,1,E01016138,0
Unvalidated,2024461432626,2024,461432626,1,9,5,18,5,1,0,0,5,4,0,0,4,2,5,2,82,11,-1,-1,-1,-1,8,1,E01024511,0
Unvalidated,2024461432626,2024,461432626,2,9,0,2,0,0,0,0,0,0,0,0,3,2,6,3,-1,-1,-1,-1,-1,-1,-1,-1,-1,0
Unvalidated,2024461432662,2024,461432662,1,19,0,18,6,2,0,8,0,0,0,0,1,1,2,1,39,7,-1,-1,-1,-1,9,1,E01024818,0
Unvalidated,2024461432662,2024,461432662,2,9,0,18,4,8,0,8,0,0,0,0,4,1,5,1,55,8,-1,-1,-1,-1,6,3,E01021097,0
Unvalidated,2024461432662,2024,461432662,3,9,0,5,8,3,0,8,0,0,0,0,3,1,2,1,64,9,-1,-1,-1,-1,2,1,E01024775,0
Unvalidated,2024461432668,2024,461432668,1,9,0,3,7,3,0,1,0,0,0,0,1,1,6,2,43,7,-1,-1,-1,-1,2,1,E01024627,0
Unvalidated,2024461432668,2024,461432668,2,9,0,5,7,3,0,1,0,0,0,0,2,1,2,2,56,9,-1,-1,-1,-1,5,1,E01024577,0
Unvalidated,2024461432682,2024,461432682,1,5,0,9,4,8,0,6,0,0,0,0,0,1,5,1,68,10,-1,-1,-1,-1,9,1,E01024849,0
Unvalidated,2024461432706,2024,461432706,1,9,0,14,1,5,0,5,0,11,0,0,1,1,6,1,45,7,-1,-1,-1,-1,-1,-1,-1,0
Unvalidated,2024461432706,2024,461432706,2,17,5,2,0,0,0,5,0,0,0,0,4,1,6,3,-1,-1,-1,-1,-1,-1,-1,-1,-1,0
Unvalidated,2024461432752,2024,461432752,1,9,0,9,7,4,0,8,0,0,0,0,3,1,5,1,75,10,-1,-1,-1,-1,6,1,E01003223,0
Unvalidated,2024461432752,2024,461432752,2,97,0,2,7,3,0,8,5,0,0,0,1,1,5,1,17,4,-1,-1,-1,-1,9,1,E01016133,0
Unvalidated,2024461432804,2024,461432804,1,9,0,18,3,7,0,1,0,0,0,0,1,1,5,1,27,6,-1,-1,-1,-1,7,1,E01024740,0
Unvalidated,2024461432805,2024,461432805,1,9,0,18,7,3,0,1,0,0,0,0,1,1,5,2,56,9,-1,-1,-1,-1,5,1,E01021001,0
Unvalidated,2024461432805,2024,461432805,2,9,0,3,7,3,0,1,0,0,0,0,2,1,2,1,51,8,-1,-1,-1,-1,9,1,E01021161,0
Unvalidated,2024461432805,2024,461432805,3,9,0,10,3,6,0,1,0,0,0,0,2,1,5,1,25,5,-1,-1,-1,-1,-1,-1,-1,0
Unvalidated,2024461432828,2024,461432828,1,9,0,5,1,5,0,0,0,0,0,0,1,1,5,1,79,11,-1,-1,-1,-1,7,1,E01024592,0
Unvalidated,2024461432828,2024,461432828,2,19,0,2,1,1,0,0,0,0,0,0,2,1,6,3,45,7,-1,-1,-1,-1,3,1,E01024596,0
Unvalidated,2024461432828,2024,461432828,3,9,0,2,1,1,0,0,0,0,0,0,2,1,6,1,40,7,-1,-1,-1,-1,7,1,E01024592,0
Unvalidated,2024461432828,2024,461432828,4,9,0,2,1,1,0,0,0,0,0,0,2,1,6,2,61,9,-1,-1,-1,-1,7,1,E01024592,0
Unvalidated,2024461432828,2024,461432828,5,9,0,2,1,1,0,0,0,0,0,0,2,1,6,1,60,9,-1,-1,-1,-1,7,1,E01024592,0
Unvalidated,2024461432828,2024,461432828,6,9,0,3,1,1,0,0,0,0,0,0,2,1,6,1,32,6,-1,-1,-1,-1,6,3,E01024628,0
Unvalidated,2024461432852,2024,461432852,1,9,0,18,8,4,0,0,0,4,0,0,1,1,6,1,16,4,-1,-1,-1,-1,-1,-1,-1,0
Unvalidated,2024461432852,2024,461432852,2,9,0,18,8,4,0,0,0,0,0,0,0,1,1,1,32,6,-1,-1,-1,-1,3,1,E01024608,0
Unvalidated,2024461432852,2024,461432852,3,9,0,2,0,0,0,0,0,0,0,0,2,1,6,1,-1,-1,-1,-1,-1,-1,-1,-1,-1,0
Unvalidated,2024461432863,2024,461432863,1,9,0,18,5,1,0,2,0,0,0,0,3,1,5,1,71,10,-1,-1,-1,-1,7,3,E01024743,0
Unvalidated,2024461432863,2024,461432863,2,9,0,18,1,5,0,1,0,0,0,0,3,1,5,2,67,10,-1,-1,-1,-1,8,1,E01024762,0
Unvalidated,2024461432889,2024,461432889,1,9,0,18,7,3,0,1,0,0,0,0,1,1,6,2,44,7,-1,-1,-1,-1,10,1,E01024348,0
Unvalidated,2024461432889,2024,461432889,2,1,0,18,3,7,0,1,0,0,0,0,1,1,6,1,-1,-1,-1,-1,-1,-1,-1,-1,-1,0
Unvalidated,2024461432902,2024,461432902,1,9,0,18,7,3,0,0,0,0,0,0,3,1,6,1,-1,-1,-1,-1,-1,-1,-1,-1,-1,0
Unvalidated,2024461432902,2024,461432902,2,9,0,18,3,7,0,0,0,0,0,0,3,1,6,2,60,9,-1,-1,-1,-1,6,1,E01016080,0
Unvalidated,2024461432902,2024,461432902,3,9,0,18,3,7,0,0,0,0,0,0,3,1,6,2,63,9,-1,-1,-1,-1,4,1,E01016164,0
Unvalidated,2024461432927,2024,461432927,1,19,-1,18,4,8,0,0,0,0,0,0,1,1,6,1,-1,-1,-1,-1,-1,-1,9,1,E01000804,0
Unvalidated,2024461432927,2024,461432927,2,19,0,18,4,8,0,0,0,0,0,0,2,1,6,1,19,4,-1,-1,-1,-1,3,1,E01032815,0
Unvalidated,2024461432938,2024,461432938,1,9,0,18,6,8,0,6,0,0,0,0,4,1,6,2,31,6,-1,-1,-1,-1,3,1,E01024264,0
Unvalidated,2024461432991,2024,461432991,1,9,0,3,5,1,0,4,0,0,0,0,1,1,6,2,35,6,-1,-1,-1,-1,7,2,E01024232,0
Unvalidated,2024461432991,2024,461432991,2,9,-1,3,5,1,0,4,0,0,0,0,2,1,2,2,51,8,-1,-1,-1,-1,3,1,E01024218,0
Unvalidated,2024461432993,2024,461432993,1,9,0,18,7,3,0,0,0,0,0,0,1,1,5,3,-1,-1,-1,-1,-1,-1,-1,-1,-1,0
Unvalidated,2024461432993,2024,461432993,2,9,0,18,3,7,0,0,0,0,0,0,2,1,1,2,52,8,-1,-1,-1,-1,5,1,E01024283,0
Unvalidated,2024461433086,2024,461433086,1,19,0,5,3,5,0,6,1,0,0,0,1,1,1,1,23,5,-1,-1,-1,-1,8,1,E01000680,0
Unvalidated,2024461433086,2024,461433086,2,11,0,18,5,1,0,2,1,4,0,0,3,1,1,1,51,8,-1,-1,-1,-1,6,1,E01024472,0
Unvalidated,2024461433086,2024,461433086,3,9,0,2,0,0,0,2,1,4,0,0,3,1,6,3,-1,-1,-1,-1,-1,-1,-1,-1,-1,0
Unvalidated,2024461433086,2024,461433086,4,3,0,2,0,0,0,1,1,0,0,0,3,1,6,3,-1,-1,-1,-1,-1,-1,-1,-1,-1,0
Unvalidated,2024461433086,2024,461433086,5,4,0,2,0,0,0,1,1,0,0,0,3,1,6,3,-1,-1,-1,-1,-1,-1,-1,-1,-1,0
Unvalidated,2024461433162,2024,461433162,1,9,0,17,7,3,0,0,0,0,0,0,2,1,6,2,33,6,-1,-1,-1,-1,-1,-1,-1,0
Unvalidated,2024461433162,2024,461433162,2,5,0,7,7,8,0,0,2,0,0,0,4,1,6,1,52,8,-1,-1,-1,-1,4,1,E01024167,0
Unvalidated,2024461433204,2024,461433204,1,9,0,17,5,1,0,0,2,0,0,0,3,1,5,2,22,5,-1,-1,-1,-1,10,1,E01024467,0
Unvalidated,2024461433255,2024,461433255,1,19,0,18,1,4,0,0,1,1,7,0,1,1,6,1,57,9,-1,-1,-1,-1,6,1,E01024062,0
Unvalidated,2024461433255,2024,461433255,2,9,0,18,4,1,0,0,0,1,7,0,4,1,6,2,69,10,-1,-1,-1,-1,8,3,E01024490,0
Unvalidated,2024461433294,2024,461433294,1,21,1,18,8,4,0,0,0,7,0,0,3,1,1,1,33,6,-1,-1,-1,-1,-1,-1,-1,0
Unvalidated,2024461433294,2024,461433294,2,9,0,2,0,0,0,0,0,0,0,0,4,2,6,3,-1,-1,-1,-1,-1,-1,-1,-1,-1,0
Unvalidated,2024461433294,2024,461433294,3,9,0,2,0,0,0,0,0,0,0,0,4,2,6,3,-1,-1,-1,-1,-1,-1,-1,-1,-1,0
Unvalidated,2024461433294,2024,461433294,4,9,0,2,0,0,0,0,0,0,0,0,4,2,6,3,-1,-1,-1,-1,-1,-1,-1,-1,-1,0
Unvalidated,2024461433320,2024,461433320,1,9,0,9,8,6,0,1,0,0,0,0,4,1,5,2,94,11,-1,-1,-1,-1,7,1,E01024105,0
Unvalidated,2024461433320,2024,461433320,2,1,0,18,4,8,0,1,0,0,0,0,1,1,5,1,19,4,-1,-1,-1,-1,7,2,E01024547,0
Unvalidated,2024461433329,2024,461433329,1,19,0,18,3,5,0,0,0,0,0,0,1,1,6,1,-1,-1,-1,-1,-1,-1,3,1,E01016150,0
Unvalidated,2024461433329,2024,461433329,2,19,0,18,7,3,0,0,0,0,0,0,2,1,1,1,62,9,-1,-1,-1,-1,9,1,E01024298,0
Unvalidated,2024461433341,2024,461433341,1,9,0,2,3,7,0,1,0,0,0,0,1,1,6,2,27,6,-1,-1,-1,-1,4,2,E01024539,0
Unvalidated,2024461433341,2024,461433341,2,9,0,2,0,0,0,1,0,0,0,0,3,1,5,2,23,5,-1,-1,-1,-1,8,1,E01024511,0
Unvalidated,2024461433367,2024,461433367,1,19,0,5,4,8,0,0,0,0,0,0,3,1,1,1,34,6,-1,-1,-1,-1,4,1,E01016163,0
Unvalidated,2024461433367,2024,461433367,2,9,0,18,2,6,0,0,1,0,0,0,1,1,2,2,57,9,-1,-1,-1,-1,3,1,E01016030,0
Unvalidated,2024461433435,2024,461433435,1,9,0,18,1,5,0,0,0,0,0,0,-1,1,5,1,-1,-1,-1,-1,-1,-1,-1,-1,-1,0
Unvalidated,2024461433435,2024,461433435,2,9,0,3,1,5,0,0,0,0,0,0,2,1,5,2,39,7,-1,-1,-1,-1,2,1,E01016161,0