status,collision_index,collision_year,collision_reference,vehicle_reference,vehicle_type,towing_and_articulation,vehicle_manoeuvre,vehicle_direction_from,vehicle_direction_to,vehicle_location_restricted_lane,junction_location,skidding_and_overturning,hit_object_in_carriageway,vehicle_leaving_carriageway,hit_object_off_carriageway,first_point_of_impact,vehicle_left_hand_drive,journey_purpose_of_driver,sex_of_driver,age_of_driver,age_band_of_driver,engine_capacity_cc,propulsion_code,age_of_vehicle,generic_make_model,driver_imd_decile,driver_home_area_type,lsoa_of_driver,escooter_flag
Unvalidated,2024461433529,2024,461433529,1,9,0,18,3,7,0,0,0,0,0,0,1,1,6,3,-1,-1,-1,-1,-1,-1,-1,-1,-1,0
Unvalidated,2024461433529,2024,461433529,2,9,0,18,1,5,0,0,0,0,0,0,4,1,6,2,52,8,-1,-1,-1,-1,8,1,E01033210,0
Unvalidated,2024461433587,2024,461433587,1,9,0,9,1,8,0,6,0,0,0,0,2,1,6,3,30,6,-1,-1,-1,-1,-1,-1,-1,0
Unvalidated,2024461433587,2024,461433587,2,9,0,10,4,2,0,1,0,0,0,0,3,1,5,2,44,7,-1,-1,-1,-1,8,1,E01024762,0
Unvalidated,2024461433626,2024,461433626,1,9,0,5,6,1,0,0,1,0,0,0,4,1,6,2,35,6,-1,-1,-1,-1,5,2,E01024774,0
Unvalidated,2024461433626,2024,461433626,2,9,0,5,7,1,0,0,0,0,0,0,3,1,5,2,49,8,-1,-1,-1,-1,2,1,E01016040,0
Unvalidated,2024461433651,2024,461433651,1,9,0,18,4,8,0,0,5,0,5,0,1,1,6,1,20,4,-1,-1,-1,-1,6,1,E01024303,0
Unvalidated,2024461433726,2024,461433726,1,9,0,18,7,3,0,2,2,10,7,0,1,1,6,1,17,4,-1,-1,-1,-1,1,3,E01024618,0
Unvalidated,2024461433726,2024,461433726,2,9,0,2,0,0,5,2,0,0,0,0,2,1,6,3,-1,-1,-1,-1,-1,-1,-1,-1,-1,0
Unvalidated,2024461433726,2024,461433726,3,9,0,4,0,0,9,2,0,0,0,0,2,1,6,3,-1,-1,-1,-1,-1,-1,-1,-1,-1,0
Unvalidated,2024461433726,2024,461433726,4,9,0,-1,-1,-1,-1,2,-1,-1,-1,0,-1,1,5,3,-1,-1,-1,-1,-1,-1,-1,-1,-1,0
Unvalidated,2024461433876,2024,461433876,1,9,0,18,7,3,0,1,0,0,0,0,3,1,6,1,82,11,-1,-1,-1,-1,7,2,E01024794,0
Unvalidated,2024461433876,2024,461433876,2,1,0,18,3,7,0,2,0,0,0,0,1,1,5,1,52,8,-1,-1,-1,-1,9,1,E01024797,0
Unvalidated,2024461433955,2024,461433955,1,9,0,18,2,6,0,0,5,0,0,0,1,1,6,1,90,11,-1,-1,-1,-1,8,3,E01024545,0
Unvalidated,2024461433955,2024,461433955,2,19,4,18,6,2,0,0,0,0,0,0,3,1,6,2,64,9,-1,-1,-1,-1,8,3,E01024490,0
Unvalidated,2024461433960,2024,461433960,1,9,0,18,4,8,0,8,0,0,0,0,1,1,5,1,21,5,-1,-1,-1,-1,3,1,E01024239,0
Unvalidated,2024461433960,2024,461433960,2,9,0,18,6,2,0,8,0,0,0,0,1,1,5,1,23,5,-1,-1,-1,-1,4,2,E01024243,0
Unvalidated,2024461433972,2024,461433972,1,19,0,18,5,1,0,0,0,0,0,0,4,1,6,3,-1,-1,-1,-1,-1,-1,-1,-1,-1,0
Unvalidated,2024461433972,2024,461433972,2,1,0,18,1,5,0,0,5,0,0,0,2,1,2,1,29,6,-1,-1,-1,-1,1,1,E01024240,0
Unvalidated,2024461434004,2024,461434004,1,9,0,18,6,2,0,0,0,0,0,0,1,1,5,2,52,8,-1,-1,-1,-1,6,3,E01024806,0
Unvalidated,2024461434004,2024,461434004,2,5,0,18,6,2,0,0,0,0,0,0,2,1,5,1,49,8,-1,-1,-1,-1,10,2,E01017553,0
Unvalidated,2024461434004,2024,461434004,3,19,0,18,6,2,0,0,0,0,0,0,2,1,6,1,48,8,-1,-1,-1,-1,2,1,E01001486,0
Unvalidated,2024461434044,2024,461434044,1,9,0,18,1,5,0,2,0,0,0,0,1,1,6,1,24,5,-1,-1,-1,-1,2,1,E01016042,0
Unvalidated,2024461434062,2024,461434062,1,9,0,7,3,7,0,3,0,0,0,0,1,1,6,1,18,4,-1,-1,-1,-1,2,1,E01024699,0
Unvalidated,2024461434099,2024,461434099,1,9,0,18,7,3,0,0,0,0,0,0,1,1,6,2,43,7,-1,-1,-1,-1,7,1,E01024766,0
Unvalidated,2024461434099,2024,461434099,2,9,0,3,7,3,0,0,0,0,0,0,2,1,5,1,24,5,-1,-1,-1,-1,5,3,E01016029,0
Unvalidated,2024461434101,2024,461434101,1,5,0,9,5,4,0,1,0,0,1,0,3,1,5,1,30,6,-1,-1,-1,-1,2,1,E01004287,0
Unvalidated,2024461434128,2024,461434128,1,9,0,2,0,0,0,1,0,0,0,0,3,1,6,2,19,4,-1,-1,-1,-1,2,1,E01024081,0
Unvalidated,2024461434128,2024,461434128,2,9,0,15,7,3,0,1,0,0,0,0,4,1,5,1,31,6,-1,-1,-1,-1,4,2,E01024111,0
Unvalidated,2024461434150,2024,461434150,1,9,0,5,7,3,0,0,0,0,0,0,1,1,6,2,65,9,-1,-1,-1,-1,9,1,E01016104,0
Unvalidated,2024461434155,2024,461434155,1,9,0,1,5,5,0,1,0,0,0,0,2,1,6,2,55,8,-1,-1,-1,-1,2,1,E01016064,0
Unvalidated,2024461434155,2024,461434155,2,9,0,18,4,8,0,1,1,0,0,0,4,1,2,2,62,9,-1,-1,-1,-1,8,1,E01016126,0
Unvalidated,2024461434182,2024,461434182,1,5,0,18,5,1,0,0,5,0,0,0,1,1,6,1,33,6,-1,-1,-1,-1,3,1,E01024480,0
Unvalidated,2024461434182,2024,461434182,2,9,0,18,1,5,0,0,0,0,0,0,1,1,6,1,43,7,-1,-1,-1,-1,6,3,E01024432,0
Unvalidated,2024461434191,2024,461434191,1,9,0,18,0,0,0,8,0,0,0,0,4,1,5,1,21,5,-1,-1,-1,-1,3,1,E01003264,0
Unvalidated,2024461434191,2024,461434191,2,9,0,18,0,0,0,8,0,0,0,0,1,1,5,1,59,9,-1,-1,-1,-1,8,1,E01024076,0
Unvalidated,2024461434227,2024,461434227,1,9,0,18,7,3,0,6,0,0,0,0,1,1,6,3,-1,-1,-1,-1,-1,-1,-1,-1,-1,0
Unvalidated,2024461434227,2024,461434227,2,9,0,18,7,3,0,5,0,0,0,0,2,1,6,1,18,4,-1,-1,-1,-1,7,1,E01024058,0
Unvalidated,2024461434243,2024,461434243,1,9,0,18,7,3,0,1,0,0,0,0,1,1,6,1,26,6,-1,-1,-1,-1,3,1,E01024047,0
Unvalidated,2024461434243,2024,461434243,2,9,0,3,7,3,0,1,0,0,0,0,2,1,5,1,46,8,-1,-1,-1,-1,2,1,E01024247,0
Unvalidated,2024461434387,2024,461434387,1,19,0,18,4,3,0,0,0,4,0,0,1,1,1,2,27,6,-1,-1,-1,-1,8,1,E01016095,0
Unvalidated,2024461434387,2024,461434387,2,9,0,2,5,1,0,0,0,4,0,0,2,1,6,2,22,5,-1,-1,-1,-1,2,1,E01016136,0
Unvalidated,2024461434414,2024,461434414,1,9,0,13,7,3,0,0,0,0,0,0,4,1,6,2,21,5,-1,-1,-1,-1,3,1,E01024695,0
Unvalidated,2024461434414,2024,461434414,2,9,0,4,7,3,0,0,0,0,0,0,3,1,6,2,35,6,-1,-1,-1,-1,5,3,E01024701,0
Unvalidated,2024461434446,2024,461434446,1,20,0,18,1,5,0,1,0,0,0,0,-1,1,5,3,-1,-1,-1,-1,-1,-1,-1,-1,-1,0
Unvalidated,2024461434446,2024,461434446,2,9,0,4,5,1,0,1,0,0,0,0,3,1,5,2,54,8,-1,-1,-1,-1,2,1,E01015921,0
Unvalidated,2024461434461,2024,461434461,1,19,0,5,7,3,9,0,0,0,0,0,1,1,5,1,54,8,-1,-1,-1,-1,6,1,E01000414,0
Unvalidated,2024461434566,2024,461434566,1,9,0,9,1,6,0,1,0,0,0,0,1,1,5,1,20,4,-1,-1,-1,-1,3,1,E01024239,0
Unvalidated,2024461434936,2024,461434936,1,9,0,5,3,7,0,8,0,0,0,0,1,1,2,1,26,6,-1,-1,-1,-1,6,1,E01001648,0
Unvalidated,2024461434949,2024,461434949,1,9,0,18,7,3,0,2,0,4,0,0,1,1,6,1,55,8,-1,-1,-1,-1,9,1,E01024100,0
Unvalidated,2024461434949,2024,461434949,2,19,0,2,0,0,0,2,0,0,0,0,1,1,6,3,-1,-1,-1,-1,-1,-1,-1,-1,-1,0
Unvalidated,2024461435023,2024,461435023,1,9,0,18,3,7,0,0,0,0,0,0,1,1,6,1,-1,-1,-1,-1,-1,-1,5,1,E01016156,0
Unvalidated,2024461435023,2024,461435023,2,1,0,18,7,3,0,0,0,0,0,0,2,1,6,1,37,7,-1,-1,-1,-1,6,1,E01032798,0
Unvalidated,2024461435110,2024,461435110,1,9,0,18,-1,-1,0,1,0,0,0,0,1,1,6,1,52,8,-1,-1,-1,-1,5,1,E01024776,0
Unvalidated,2024461435268,2024,461435268,1,11,0,5,1,5,0,4,0,0,0,0,1,1,1,1,19,4,-1,-1,-1,-1,5,1,E01016158,0
Unvalidated,2024461435268,2024,461435268,2,9,0,5,1,5,0,4,0,0,0,0,2,1,5,2,75,10,-1,-1,-1,-1,4,2,E01016070,0
Unvalidated,2024461435281,2024,461435281,1,9,0,18,4,8,0,0,0,0,1,11,1,1,2,1,52,8,-1,-1,-1,-1,7,1,E01024518,0
Unvalidated,2024461435336,2024,461435336,1,8,0,18,1,5,0,1,0,0,0,0,1,1,5,1,58,9,-1,-1,-1,-1,2,1,E01016040,0
Unvalidated,2024461435336,2024,461435336,2,9,0,10,5,1,0,1,0,0,0,0,2,1,5,2,34,6,-1,-1,-1,-1,5,2,E01024786,0
Unvalidated,2024461435345,2024,461435345,1,21,4,18,1,6,0,0,0,0,0,0,1,1,1,1,70,10,-1,-1,-1,-1,10,1,E01029310,0
Unvalidated,2024461435345,2024,461435345,2,9,0,18,1,6,0,0,5,0,0,0,3,1,5,1,63,9,-1,-1,-1,-1,1,1,E01016032,0
Unvalidated,2024461435358,2024,461435358,1,19,0,10,7,3,0,0,0,0,0,0,1,1,6,1,30,6,-1,-1,-1,-1,-1,-1,-1,0
Unvalidated,2024461435358,2024,461435358,2,8,0,3,7,3,0,0,0,0,0,0,2,1,1,1,36,7,-1,-1,-1,-1,3,1,E01024280,0
Unvalidated,2024461435379,2024,461435379,1,9,0,18,2,6,0,0,0,6,0,0,1,1,6,1,27,6,-1,-1,-1,-1,8,1,E01001543,0
Unvalidated,2024461435379,2024,461435379,2,9,0,18,6,2,0,0,0,0,0,0,1,1,5,1,60,9,-1,-1,-1,-1,5,3,E01024366,0
Unvalidated,2024461435383,2024,461435383,1,19,0,18,4,8,0,0,0,0,0,0,1,1,1,1,48,8,-1,-1,-1,-1,10,1,E01031740,0
Unvalidated,2024461435383,2024,461435383,2,9,0,18,4,8,0,0,0,0,0,0,2,1,6,1,63,9,-1,-1,-1,-1,7,1,E01002007,0
Unvalidated,2024461435423,2024,461435423,1,9,0,9,3,3,0,0,0,0,0,0,3,1,6,3,23,5,-1,-1,-1,-1,-1,-1,-1,0
Unvalidated,2024461435423,2024,461435423,2,19,0,3,3,3,0,0,0,0,0,0,3,1,6,1,29,6,-1,-1,-1,-1,6,3,E01031676,0
Unvalidated,2024461435423,2024,461435423,3,20,0,5,5,7,0,0,0,0,0,0,3,1,1,1,57,9,-1,-1,-1,-1,2,1,E01024633,0
Unvalidated,2024461435441,2024,461435441,1,9,0,18,3,7,0,0,0,0,0,0,1,1,6,1,-1,-1,-1,-1,-1,-1,-1,-1,-1,0
Unvalidated,2024461435441,2024,461435441,2,9,0,4,3,7,0,0,0,0,0,0,2,1,2,2,36,7,-1,-1,-1,-1,4,1,E01024164,0
Unvalidated,2024461435706,2024,461435706,1,21,0,11,2,5,0,0,0,0,0,0,1,1,5,1,64,9,-1,-1,-1,-1,5,1,E01016766,0
Unvalidated,2024461435706,2024,461435706,2,21,1,18,2,5,0,0,0,0,0,0,2,1,1,1,55,8,-1,-1,-1,-1,-1,-1,-1,0
Unvalidated,2024461435750,2024,461435750,1,9,0,18,4,2,0,2,5,0,7,0,1,1,6,2,72,10,-1,-1,-1,-1,4,3,E01016070,0
Unvalidated,2024461435750,2024,461435750,2,9,0,18,4,2,0,2,0,0,0,0,3,1,6,2,21,5,-1,-1,-1,-1,7,3,E01032829,0
Unvalidated,2024461435782,2024,461435782,1,9,0,18,7,3,0,0,0,0,0,0,3,1,5,1,22,5,-1,-1,-1,-1,8,1,E01017814,0
Unvalidated,2024461435790,2024,461435790,1,9,0,18,3,7,0,0,0,0,0,0,1,1,1,1,35,6,-1,-1,-1,-1,6,1,E01033091,0
Unvalidated,2024461435790,2024,461435790,2,9,0,18,1,5,0,0,0,0,0,0,1,1,6,2,19,4,-1,-1,-1,-1,-1,-1,-1,0
Unvalidated,2024461435862,2024,461435862,1,9,0,18,8,2,0,0,0,0,0,0,4,1,5,2,54,8,-1,-1,-1,-1,4,2,E01024111,0
Unvalidated,2024461435974,2024,461435974,1,9,0,4,2,2,0,0,0,0,0,0,1,1,5,1,32,6,-1,-1,-1,-1,1,1,E01015196,0
Unvalidated,2024461435974,2024,461435974,2,9,0,3,8,8,0,0,0,0,0,0,2,1,5,1,68,10,-1,-1,-1,-1,2,1,E01016040,0
Unvalidated,2024461436147,2024,461436147,1,9,0,18,5,1,0,0,0,0,0,0,1,1,6,3,23,5,-1,-1,-1,-1,-1,-1,-1,0
Unvalidated,2024461436147,2024,461436147,2,9,0,3,1,5,0,0,0,0,0,0,1,1,6,2,82,11,-1,-1,-1,-1,4,1,E01016115,0
Unvalidated,2024461436147,2024,461436147,3,9,0,2,0,0,0,0,0,0,0,0,2,1,6,3,19,4,-1,-1,-1,-1,-1,-1,-1,0
Unvalidated,2024461436147,2024,461436147,4,19,0,2,0,0,0,0,0,0,0,0,3,1,6,3,19,4,-1,-1,-1,-1,-1,-1,-1,0
Unvalidated,2024461436241,2024,461436241,1,19,0,18,5,1,0,1,0,0,0,0,1,1,6,3,30,6,-1,-1,-1,-1,-1,-1,-1,0
Unvalidated,2024461436241,2024,461436241,2,9,0,18,4,1,0,1,0,0,0,0,2,1,5,2,48,8,-1,-1,-1,-1,9,1,E01016172,0
Unvalidated,2024461436241,2024,461436241,3,9,0,18,1,1,0,1,0,0,0,0,2,1,5,1,30,6,-1,-1,-1,-1,3,1,E01016022,0
Unvalidated,2024461436292,2024,461436292,1,9,0,18,7,3,0,0,1,0,4,0,1,1,5,1,44,7,-1,-1,-1,-1,4,1,E01003249,0
Unvalidated,2024461436296,2024,461436296,1,9,0,18,5,1,0,0,1,0,0,0,1,1,6,1,26,6,-1,-1,-1,-1,2,1,E01016068,0
Unvalidated,2024461436296,2024,461436296,2,9,0,18,1,5,0,0,0,0,0,0,1,1,5,2,50,8,-1,-1,-1,-1,7,3,E01024375,0
Unvalidated,2024461436368,2024,461436368,1,9,0,18,7,3,0,0,5,0,7,0,1,1,2,2,26,6,-1,-1,-1,-1,6,1,E01024833,0
Unvalidated,2024461436451,2024,461436451,1,4,0,13,7,3,0,0,2,0,1,0,1,1,6,1,24,5,-1,-1,-1,-1,1,1,E01024590,0
Unvalidated,2024461436451,2024,461436451,2,9,0,2,7,3,0,0,0,4,0,0,3,1,6,2,56,9,-1,-1,-1,-1,9,1,E01016105,0
Unvalidated,2024461436520,2024,461436520,1,9,0,18,6,2,0,0,5,0,1,0,1,1,5,1,20,4,-1,-1,-1,-1,2,1,E01023975,0
Unvalidated,2024461436559,2024,461436559,1,9,0,18,7,7,0,8,0,0,0,0,1,1,5,1,27,6,-1,-1,-1,-1,2,1,E01023974,0
Unvalidated,2024461436567,2024,461436567,1,9,0,18,8,4,0,2,0,4,0,0,1,1,6,1,22,5,-1,-1,-1,-1,2,1,E01016018,0
Unvalidated,2024461436567,2024,461436567,2,9,0,2,0,0,0,2,0,0,0,0,2,1,6,1,-1,-1,-1,-1,-1,-1,1,1,E01024308,0
Unvalidated,2024461436567,2024,461436567,3,9,0,4,0,0,0,2,0,0,0,0,2,1,6,1,46,8,-1,-1,-1,-1,4,1,E01024293,0
Unvalidated,2024461436572,2024,461436572,1,9,0,18,6,2,0,0,0,0,0,0,1,1,1,1,53,8,-1,-1,-1,-1,7,1,E01024073,0
Unvalidated,2024461436572,2024,461436572,2,9,0,12,6,2,0,0,0,0,0,0,2,1,1,1,47,8,-1,-1,-1,-1,4,1,E01016048,0
Unvalidated,2024461436592,2024,461436592,1,9,0,4,7,3,6,3,0,9,0,0,1,2,6,1,25,5,-1,-1,-1,-1,6,3,E01024556,0
Unvalidated,2024461436658,2024,461436658,1,98,1,4,5,1,0,0,0,0,0,0,1,1,5,1,38,7,-1,-1,-1,-1,-1,-1,-1,0
Unvalidated,2024461436658,2024,461436658,2,9,0,4,5,1,0,0,0,0,0,0,2,1,5,1,47,8,-1,-1,-1,-1,8,1,E01000680,0
Unvalidated,2024461436756,2024,461436756,1,19,0,18,8,4,0,0,0,0,0,0,1,1,5,1,57,9,-1,-1,-1,-1,8,1,E01016148,0
Unvalidated,2024461436756,2024,461436756,2,8,0,18,8,4,0,0,0,0,0,0,2,1,6,1,50,8,-1,-1,-1,-1,4,1,E01016129,0
Unvalidated,2024461436778,2024,461436778,1,9,0,18,5,3,0,0,1,0,0,0,1,1,5,1,31,6,-1,-1,-1,-1,3,1,E01016030,0
Unvalidated,2024461436778,2024,461436778,2,9,0,5,3,5,0,0,0,0,0,0,1,2,5,1,33,6,-1,-1,-1,-1,-1,-1,-1,0
Unvalidated,2024461436778,2024,461436778,3,9,0,2,0,0,0,0,0,0,0,0,3,2,6,3,-1,-1,-1,-1,-1,-1,-1,-1,-1,0
Unvalidated,2024461436778,2024,461436778,4,9,0,2,0,0,0,0,0,0,0,0,2,2,6,3,-1,-1,-1,-1,-1,-1,-1,-1,-1,0
Unvalidated,2024461436820,2024,461436820,1,9,0,18,5,1,0,6,1,0,2,0,1,1,5,1,20,4,-1,-1,-1,-1,5,2,E01016149,0
Unvalidated,2024461436948,2024,461436948,1,11,0,5,-1,-1,0,8,0,0,0,0,0,1,1,1,60,9,-1,-1,-1,-1,9,1,E01024785,0
Unvalidated,2024461437182,2024,461437182,1,9,0,18,1,5,0,6,2,0,7,0,3,1,6,2,27,6,-1,-1,-1,-1,7,2,E01024378,0
Unvalidated,2024461437182,2024,461437182,2,9,0,18,7,3,0,1,2,0,7,0,1,1,6,1,40,7,-1,-1,-1,-1,2,1,E01023973,0
Unvalidated,2024461437220,2024,461437220,1,9,0,9,4,6,0,8,0,0,0,0,1,1,6,2,59,9,-1,-1,-1,-1,-1,-1,-1,0
Unvalidated,2024461437220,2024,461437220,2,9,0,18,2,2,0,1,0,0,0,0,4,1,6,2,36,7,-1,-1,-1,-1,6,1,E01024180,0
Unvalidated,2024461437220,2024,461437220,3,9,0,18,6,6,0,1,0,0,0,0,1,1,1,1,35,6,-1,-1,-1,-1,2,1,E01024165,0
Unvalidated,2024461437222,2024,461437222,1,3,0,18,1,5,0,0,1,0,0,0,0,1,5,1,19,4,-1,-1,-1,-1,7,2,E01024726,0
Unvalidated,2024461437236,2024,461437236,1,9,0,18,7,3,0,0,0,0,0,0,1,1,6,2,65,9,-1,-1,-1,-1,7,1,E01024224,0
Unvalidated,2024461437236,2024,461437236,2,9,0,3,7,3,0,0,0,0,0,0,2,1,5,2,58,9,-1,-1,-1,-1,5,2,E01024205,0
Unvalidated,2024461437236,2024,461437236,3,9,0,3,7,3,0,0,0,0,0,0,2,1,6,2,53,8,-1,-1,-1,-1,5,1,E01024226,0
Unvalidated,2024461437252,2024,461437252,1,9,0,7,-1,-1,0,9,0,0,0,0,1,1,6,1,-1,-1,-1,-1,-1,-1,-1,-1,-1,0
Unvalidated,2024461437252,2024,461437252,2,9,0,4,-1,-1,0,1,0,0,0,0,2,1,1,1,34,6,-1,-1,-1,-1,3,1,E01016045,0
Unvalidated,2024461437305,2024,461437305,1,9,0,12,8,4,0,0,0,0,0,0,2,1,5,1,60,9,-1,-1,-1,-1,8,3,E01024419,0
Unvalidated,2024461437305,2024,461437305,2,9,0,12,1,5,0,0,0,0,0,0,1,1,5,1,52,8,-1,-1,-1,-1,10,1,E01030837,0
Unvalidated,2024461437314,2024,461437314,1,19,0,18,3,7,0,0,1,0,0,0,4,1,1,1,43,7,-1,-1,-1,-1,4,1,E01032800,0
Unvalidated,2024461437314,2024,461437314,2,9,0,18,3,7,0,0,0,0,0,0,3,1,1,1,50,8,-1,-1,-1,-1,-1,-1,-1,0
Unvalidated,2024461437383,2024,461437383,1,19,0,18,3,7,0,1,0,0,0,0,1,1,6,1,64,9,-1,-1,-1,-1,3,1,E01033464,0
Unvalidated,2024461437383,2024,461437383,2,21,1,10,3,7,0,1,0,0,0,0,2,2,1,1,66,10,-1,-1,-1,-1,4,3,E01023997,0
Unvalidated,2024461437442,2024,461437442,1,9,0,1,3,7,0,0,0,0,0,0,2,1,6,3,-1,-1,-1,-1,-1,-1,-1,-1,-1,0
Unvalidated,2024461437530,2024,461437530,1,9,0,15,3,1,0,1,0,0,0,0,1,1,6,3,65,9,-1,-1,-1,-1,-1,-1,-1,0
Unvalidated,2024461437530,2024,461437530,2,1,0,3,7,3,0,2,0,0,0,0,1,1,5,1,47,8,-1,-1,-1,-1,7,3,E01024109,0
Unvalidated,2024461437650,2024,461437650,1,9,0,18,1,5,0,1,0,0,0,0,1,1,5,1,25,5,-1,-1,-1,-1,6,2,E01016076,0
Unvalidated,2024461437708,2024,461437708,1,1,0,-1,-1,-1,-1,0,-1,-1,-1,0,-1,1,6,1,-1,-1,-1,-1,-1,-1,-1,-1,-1,0
Unvalidated,2024461437740,2024,461437740,1,9,0,18,-1,-1,0,0,0,0,0,0,1,1,6,1,-1,-1,-1,-1,-1,-1,6,1,E01022668,0
Unvalidated,2024461437740,2024,461437740,2,4,0,18,-1,-1,0,0,0,0,0,0,1,1,6,1,-1,-1,-1,-1,-1,-1,1,1,E01024657,0
Unvalidated,2024461437897,2024,461437897,1,9,4,18,7,3,0,0,0,0,0,0,1,1,6,3,30,6,-1,-1,-1,-1,-1,-1,-1,0
Unvalidated,2024461437917,2024,461437917,1,9,0,11,5,1,0,0,0,0,0,0,4,1,6,3,20,4,-1,-1,-1,-1,-1,-1,-1,0
Unvalidated,2024461437917,2024,461437917,2,4,0,13,7,3,0,0,0,0,0,0,3,1,2,1,52,8,-1,-1,-1,-1,4,1,E01016097,0
Unvalidated,2024461437934,2024,461437934,1,9,0,5,8,5,0,1,0,0,0,0,1,1,1,2,33,6,-1,-1,-1,-1,2,1,E01003330,0
Unvalidated,2024461437934,2024,461437934,2,9,0,3,8,5,0,1,0,0,0,0,2,1,1,1,48,8,-1,-1,-1,-1,10,1,E01024386,0
Unvalidated,2024461437944,2024,461437944,1,9,0,4,1,5,0,1,2,0,0,0,4,1,6,1,24,5,-1,-1,-1,-1,6,1,E01024130,0
Unvalidated,2024461437947,2024,461437947,1,3,0,4,5,1,0,0,0,0,0,0,1,1,5,1,28,6,-1,-1,-1,-1,7,1,E01024101,0
Unvalidated,2024461437947,2024,461437947,2,9,0,3,5,1,0,0,0,0,0,0,2,1,6,1,25,5,-1,-1,-1,-1,4,3,E01024086,0
Unvalidated,2024461438052,2024,461438052,1,9,0,18,5,8,0,1,0,4,0,0,1,1,6,1,29,6,-1,-1,-1,-1,2,1,E01024686,0
Unvalidated,2024461438052,2024,461438052,2,9,0,2,0,0,0,2,0,4,0,0,1,1,6,3,-1,-1,-1,-1,-1,-1,-1,-1,-1,0
Unvalidated,2024461438178,2024,461438178,1,9,0,3,1,5,0,1,5,0,0,0,1,1,6,2,43,7,-1,-1,-1,-1,3,1,E01000435,0
Unvalidated,2024461438178,2024,461438178,2,3,0,3,1,5,0,1,5,0,0,0,1,1,1,1,62,9,-1,-1,-1,-1,4,1,E01024164,0
Unvalidated,2024461438185,2024,461438185,1,19,0,-1,-1,-1,-1,0,-1,-1,-1,0,-1,1,6,3,-1,-1,-1,-1,-1,-1,-1,-1,-1,0
Unvalidated,2024461438185,2024,461438185,2,5,0,-1,-1,-1,-1,0,-1,-1,-1,0,-1,1,6,1,43,7,-1,-1,-1,-1,1,1,E01004382,0
Unvalidated,2024461438194,2024,461438194,1,9,0,18,7,3,0,0,0,0,0,0,1,1,6,2,52,8,-1,-1,-1,-1,5,1,E01016157,0
Unvalidated,2024461438205,2024,461438205,1,9,0,4,5,8,0,3,0,0,0,0,3,1,6,1,-1,-1,-1,-1,-1,-1,-1,-1,-1,0
Unvalidated,2024461438205,2024,461438205,2,9,0,4,5,8,0,3,1,0,0,0,4,1,2,1,28,6,-1,-1,-1,-1,7,1,E01000438,0
Unvalidated,2024461438355,2024,461438355,1,9,0,18,2,4,0,0,0,0,0,0,4,1,3,2,50,8,-1,-1,-1,-1,6,1,E01024022,0
Unvalidated,2024461438418,2024,461438418,1,9,0,1,3,3,0,0,0,4,0,0,2,1,5,1,25,5,-1,-1,-1,-1,9,1,E01000327,0
Unvalidated,2024461438418,2024,461438418,2,9,0,2,0,0,0,0,0,4,0,0,2,1,6,3,-1,-1,-1,-1,-1,-1,-1,-1,-1,0
Unvalidated,2024461438421,2024,461438421,1,9,0,18,2,6,0,0,0,0,0,0,1,1,6,3,20,4,-1,-1,-1,-1,-1,-1,-1,0
Unvalidated,2024461438421,2024,461438421,2,3,0,18,6,2,0,0,0,4,0,0,1,1,6,1,19,4,-1,-1,-1,-1,6,2,E01024428,0
Unvalidated,2024461438421,2024,461438421,3,9,0,2,0,0,0,0,0,0,0,0,2,1,6,3,50,8,-1,-1,-1,-1,-1,-1,-1,0
Unvalidated,2024461438491,2024,461438491,1,9,0,7,3,7,0,5,0,11,0,0,1,1,2,1,26,6,-1,-1,-1,-1,3,1,E01016102,0
Unvalidated,2024461438491,2024,461438491,2,1,0,18,3,7,0,1,0,11,0,0,3,1,2,1,60,9,-1,-1,-1,-1,6,3,E01024301,0
Unvalidated,2024461438503,2024,461438503,1,9,0,4,1,5,0,0,1,0,0,0,1,1,5,1,20,4,-1,-1,-1,-1,-1,-1,-1,0
Unvalidated,2024461438503,2024,461438503,2,17,0,4,5,1,0,0,1,0,0,0,3,1,6,1,33,6,-1,-1,-1,-1,5,3,E01024366,0
Unvalidated,2024461438530,2024,461438530,1,9,0,9,6,2,0,0,0,0,0,0,1,1,5,2,26,6,-1,-1,-1,-1,-1,-1,-1,0
Unvalidated,2024461438530,2024,461438530,2,4,0,18,2,6,0,0,0,0,0,0,1,1,6,2,38,7,-1,-1,-1,-1,6,1,E01024513,0
Unvalidated,2024461438635,2024,461438635,1,9,0,5,3,7,0,6,0,0,0,0,1,1,6,3,-1,-1,-1,-1,-1,-1,-1,-1,-1,0
Unvalidated,2024461438635,2024,461438635,2,97,0,18,1,5,0,1,0,0,0,0,3,1,6,1,-1,-1,-1,-1,-1,-1,8,1,E01015823,0
Unvalidated,2024461438635,2024,461438635,3,9,0,2,0,0,0,1,0,0,0,0,4,1,6,3,-1,-1,-1,-1,-1,-1,-1,-1,-1,0
Unvalidated,2024461438685,2024,461438685,1,9,0,18,3,5,0,1,0,0,0,0,1,1,6,3,-1,-1,-1,-1,-1,-1,-1,-1,-1,0
Unvalidated,2024461438685,2024,461438685,2,9,0,8,3,5,0,1,0,0,0,0,2,1,1,2,40,7,-1,-1,-1,-1,3,1,E01020922,0
Unvalidated,2024461438698,2024,461438698,1,9,0,4,1,5,0,0,0,0,0,0,1,1,5,3,-1,-1,-1,-1,-1,-1,-1,-1,-1,0
Unvalidated,2024461438698,2024,461438698,2,9,0,4,1,5,0,0,0,0,0,0,2,1,5,2,55,8,-1,-1,-1,-1,3,1,E01024396,0