status,collision_index,collision_year,collision_reference,vehicle_reference,vehicle_type,towing_and_articulation,vehicle_manoeuvre,vehicle_direction_from,vehicle_direction_to,vehicle_location_restricted_lane,junction_location,skidding_and_overturning,hit_object_in_carriageway,vehicle_leaving_carriageway,hit_object_off_carriageway,first_point_of_impact,vehicle_left_hand_drive,journey_purpose_of_driver,sex_of_driver,age_of_driver,age_band_of_driver,engine_capacity_cc,propulsion_code,age_of_vehicle,generic_make_model,driver_imd_decile,driver_home_area_type,lsoa_of_driver,escooter_flag
Unvalidated,2024461438766,2024,461438766,1,3,0,18,3,7,0,8,1,0,0,0,1,1,5,1,19,4,-1,-1,-1,-1,9,1,E01016112,0
Unvalidated,2024461438766,2024,461438766,2,9,0,9,2,6,0,8,0,0,0,0,3,1,6,1,44,7,-1,-1,-1,-1,-1,-1,-1,0
Unvalidated,2024461438802,2024,461438802,1,9,0,18,1,5,0,0,0,0,0,0,1,1,5,3,-1,-1,-1,-1,-1,-1,-1,-1,-1,0
Unvalidated,2024461438802,2024,461438802,2,9,0,2,0,0,0,0,0,0,0,0,4,1,5,2,57,9,-1,-1,-1,-1,3,1,E01024239,0
Unvalidated,2024461438813,2024,461438813,1,9,0,18,5,1,0,8,0,0,0,0,4,1,6,2,28,6,-1,-1,-1,-1,9,1,E01024299,0
Unvalidated,2024461438813,2024,461438813,2,9,0,18,5,1,0,8,0,0,0,0,3,1,6,1,49,8,-1,-1,-1,-1,7,1,E01024141,0
Unvalidated,2024461438890,2024,461438890,1,9,0,18,7,3,0,0,0,0,0,0,1,1,6,2,83,11,-1,-1,-1,-1,7,1,E01024097,0
Unvalidated,2024461438890,2024,461438890,2,9,0,4,7,3,0,0,0,0,0,0,2,1,6,2,30,6,-1,-1,-1,-1,1,1,E01024667,0
Unvalidated,2024461438929,2024,461438929,1,9,0,9,5,5,0,6,0,0,0,0,1,1,6,1,43,7,-1,-1,-1,-1,8,1,E01016101,0
Unvalidated,2024461438929,2024,461438929,2,9,0,18,1,2,0,8,0,0,0,0,1,1,2,2,22,5,-1,-1,-1,-1,8,1,E01016101,0
Unvalidated,2024461438945,2024,461438945,1,9,0,18,7,2,9,2,0,0,3,0,1,2,6,2,37,7,-1,-1,-1,-1,6,3,E01024236,0
Unvalidated,2024461438954,2024,461438954,1,9,0,18,5,1,0,1,0,0,0,0,4,1,6,1,30,6,-1,-1,-1,-1,2,1,E01016159,0
Unvalidated,2024461438954,2024,461438954,2,3,0,18,1,5,0,1,0,0,0,0,1,1,6,1,20,4,-1,-1,-1,-1,3,1,E01016047,0
Unvalidated,2024461438974,2024,461438974,1,98,0,18,2,6,0,0,1,0,0,0,1,1,1,1,39,7,-1,-1,-1,-1,9,1,E01016090,0
Unvalidated,2024461438974,2024,461438974,2,98,1,18,6,2,0,0,0,0,0,0,3,1,1,1,66,10,-1,-1,-1,-1,8,1,E01021436,0
Unvalidated,2024461438974,2024,461438974,3,90,0,18,6,2,0,0,1,10,1,9,3,2,1,1,51,8,-1,-1,-1,-1,10,1,E01024233,0
Unvalidated,2024461439091,2024,461439091,1,9,0,3,6,7,0,0,0,0,3,0,1,1,6,3,-1,-1,-1,-1,-1,-1,-1,-1,-1,0
Unvalidated,2024461439095,2024,461439095,1,9,0,1,1,5,0,0,0,4,0,0,2,1,6,1,25,5,-1,-1,-1,-1,-1,-1,-1,0
Unvalidated,2024461439095,2024,461439095,2,9,0,2,1,1,0,0,0,0,0,0,3,1,5,2,41,7,-1,-1,-1,-1,7,1,E01027204,0
Unvalidated,2024461439122,2024,461439122,1,9,0,18,3,7,0,0,0,0,0,0,1,1,5,2,34,6,-1,-1,-1,-1,8,1,E01016138,0
Unvalidated,2024461439122,2024,461439122,2,9,0,4,3,7,0,0,0,0,0,0,2,1,5,2,58,9,-1,-1,-1,-1,10,1,E01000815,0
Unvalidated,2024461439143,2024,461439143,1,9,0,18,8,4,0,0,0,0,0,0,4,1,2,2,45,7,-1,-1,-1,-1,6,1,E01024830,0
Unvalidated,2024461439143,2024,461439143,2,98,0,7,3,4,0,0,0,0,0,0,1,1,1,1,19,4,-1,-1,-1,-1,6,1,E01024457,0
Unvalidated,2024461439150,2024,461439150,1,9,0,9,1,6,0,8,1,0,0,0,1,1,1,1,44,7,-1,-1,-1,-1,7,1,E01024060,0
Unvalidated,2024461439150,2024,461439150,2,9,0,17,7,6,0,8,1,0,0,0,1,1,1,2,49,8,-1,-1,-1,-1,5,1,E01024201,0
Unvalidated,2024461439159,2024,461439159,1,9,0,18,1,5,0,0,2,0,0,0,1,1,5,1,25,5,-1,-1,-1,-1,4,1,E01000401,0
Unvalidated,2024461439178,2024,461439178,1,9,0,18,5,1,0,2,0,0,0,0,1,1,6,1,60,9,-1,-1,-1,-1,8,3,E01024744,0
Unvalidated,2024461439178,2024,461439178,2,9,0,9,5,3,0,6,0,0,0,0,3,1,6,2,47,8,-1,-1,-1,-1,10,3,E01024724,0
Unvalidated,2024461439190,2024,461439190,1,9,0,12,7,3,0,0,0,0,5,0,2,1,5,2,33,6,-1,-1,-1,-1,3,1,E01027238,0
Unvalidated,2024461439190,2024,461439190,2,9,0,18,7,3,0,0,0,0,0,0,1,1,1,1,40,7,-1,-1,-1,-1,3,1,E01024717,0
Unvalidated,2024461439204,2024,461439204,1,9,0,5,5,1,0,6,0,0,0,0,1,1,5,2,34,6,-1,-1,-1,-1,7,1,E01024355,0
Unvalidated,2024461439204,2024,461439204,2,9,0,18,7,3,0,8,0,0,0,0,3,1,5,2,54,8,-1,-1,-1,-1,9,1,E01016107,0
Unvalidated,2024461439228,2024,461439228,1,9,0,4,1,1,0,0,0,0,0,0,1,1,5,1,43,7,-1,-1,-1,-1,6,2,E01024568,0
Unvalidated,2024461439228,2024,461439228,2,9,0,4,1,1,0,0,0,0,0,0,2,1,5,1,43,7,-1,-1,-1,-1,1,1,E01024612,0
Unvalidated,2024461439261,2024,461439261,1,9,0,18,5,1,0,0,2,4,8,0,1,1,6,1,32,6,-1,-1,-1,-1,5,3,E01024206,0
Unvalidated,2024461439261,2024,461439261,2,9,0,2,0,0,0,0,0,0,0,0,1,1,6,2,73,10,-1,-1,-1,-1,5,2,E01024208,0
Unvalidated,2024461439261,2024,461439261,3,9,0,2,0,0,0,0,0,0,0,0,1,1,6,1,39,7,-1,-1,-1,-1,6,2,E01024207,0
Unvalidated,2024461439293,2024,461439293,1,98,0,18,3,7,0,0,0,0,7,0,1,1,2,1,26,6,-1,-1,-1,-1,1,1,E01024597,0
Unvalidated,2024461439293,2024,461439293,2,98,0,18,7,3,0,0,0,0,0,0,3,1,1,1,20,4,-1,-1,-1,-1,3,1,E01024552,0
Unvalidated,2024461439293,2024,461439293,3,9,0,18,7,3,0,0,0,0,0,0,1,1,6,1,41,7,-1,-1,-1,-1,-1,-1,-1,0
Unvalidated,2024461439428,2024,461439428,1,9,0,18,3,3,0,1,0,7,0,0,1,1,6,1,37,7,-1,-1,-1,-1,8,1,E01024184,0
Unvalidated,2024461439431,2024,461439431,1,9,0,18,6,2,0,6,2,0,0,0,1,1,6,1,18,4,-1,-1,-1,-1,-1,-1,-1,0
Unvalidated,2024461439431,2024,461439431,2,19,0,7,6,2,0,6,0,0,1,0,2,1,6,1,27,6,-1,-1,-1,-1,4,3,E01024387,0
Unvalidated,2024461439473,2024,461439473,1,9,0,18,7,3,0,1,0,0,8,0,1,1,5,1,19,4,-1,-1,-1,-1,8,3,E01024011,0
Unvalidated,2024461439580,2024,461439580,1,9,0,10,8,2,0,8,0,0,0,0,2,1,6,1,52,8,-1,-1,-1,-1,-1,-1,-1,0
Unvalidated,2024461439580,2024,461439580,2,9,0,18,6,2,0,1,0,0,0,0,1,1,5,2,39,7,-1,-1,-1,-1,4,1,E01024231,0
Unvalidated,2024461439634,2024,461439634,1,9,0,18,4,7,0,0,1,0,5,6,1,1,2,2,51,8,-1,-1,-1,-1,5,1,E01016034,0
Unvalidated,2024461439666,2024,461439666,1,9,0,18,1,4,0,0,2,0,2,0,1,1,6,2,18,4,-1,-1,-1,-1,10,1,E01024348,0
Unvalidated,2024461439683,2024,461439683,1,9,0,18,5,1,0,0,0,11,7,3,1,1,5,1,22,5,-1,-1,-1,-1,-1,-1,-1,0
Unvalidated,2024461439683,2024,461439683,2,9,0,4,5,1,0,0,0,0,0,0,2,1,5,2,43,7,-1,-1,-1,-1,5,1,E01016157,0
Unvalidated,2024461439735,2024,461439735,1,9,0,18,2,4,0,0,0,4,0,0,4,1,2,2,64,9,-1,-1,-1,-1,7,1,E01032737,0
Unvalidated,2024461439735,2024,461439735,2,19,0,2,0,0,0,0,0,0,0,0,2,1,6,1,64,9,-1,-1,-1,-1,10,1,E01024631,0
Unvalidated,2024461439782,2024,461439782,1,9,0,5,6,2,0,8,0,0,0,0,4,1,3,2,33,6,-1,-1,-1,-1,-1,1,-1,0
Unvalidated,2024461439782,2024,461439782,2,9,0,18,8,3,0,8,0,0,0,0,1,1,6,1,53,8,-1,-1,-1,-1,8,1,E01024845,0
Unvalidated,2024461439882,2024,461439882,1,9,0,9,1,4,0,0,0,0,0,0,3,2,3,1,66,10,-1,-1,-1,-1,5,3,E01024039,0
Unvalidated,2024461439882,2024,461439882,2,9,0,18,5,1,0,0,0,0,0,0,3,2,2,1,35,6,-1,-1,-1,-1,3,1,E01024501,0
Unvalidated,2024461439943,2024,461439943,1,17,5,18,5,1,0,0,0,0,0,0,4,1,6,1,-1,-1,-1,-1,-1,-1,7,3,E01024550,0
Unvalidated,2024461439943,2024,461439943,2,1,0,18,5,1,0,0,0,0,0,0,1,1,6,1,57,9,-1,-1,-1,-1,9,1,E01024006,0
Unvalidated,2024461439956,2024,461439956,1,19,0,9,2,7,0,8,0,0,0,0,1,1,1,1,57,9,-1,-1,-1,-1,1,1,E01024678,0
Unvalidated,2024461439969,2024,461439969,1,9,0,18,5,1,0,3,0,0,0,0,1,1,5,1,52,8,-1,-1,-1,-1,4,1,E01024694,0
Unvalidated,2024461439969,2024,461439969,2,9,0,18,5,1,0,3,0,0,0,0,2,1,5,2,31,6,-1,-1,-1,-1,1,1,E01024658,0
Unvalidated,2024461439969,2024,461439969,3,9,0,3,6,2,0,4,0,0,0,0,0,1,5,2,23,5,-1,-1,-1,-1,1,1,E01024678,0
Unvalidated,2024461439996,2024,461439996,1,1,0,18,1,5,0,0,1,0,0,0,1,1,5,2,32,6,-1,-1,-1,-1,1,1,E01004250,0
Unvalidated,2024461439996,2024,461439996,2,9,0,18,5,1,0,0,0,0,0,0,1,1,6,1,62,9,-1,-1,-1,-1,6,3,E01024436,0
Unvalidated,2024461440004,2024,461440004,1,9,0,7,1,2,0,2,0,0,0,0,1,1,5,1,80,11,-1,-1,-1,-1,10,3,E01032826,0
Unvalidated,2024461440004,2024,461440004,2,1,0,18,6,2,0,1,0,0,0,0,4,1,2,1,68,10,-1,-1,-1,-1,5,2,E01024815,0
Unvalidated,2024461440033,2024,461440033,1,9,0,18,4,8,0,8,0,0,0,0,1,1,6,1,31,6,-1,-1,-1,-1,-1,-1,-1,0
Unvalidated,2024461440033,2024,461440033,2,9,0,18,4,8,0,8,0,0,0,0,0,1,1,1,26,6,-1,-1,-1,-1,-1,-1,-1,0
Unvalidated,2024461440033,2024,461440033,3,9,0,18,8,4,0,8,0,0,0,0,3,1,2,1,39,7,-1,-1,-1,-1,1,1,E01024660,0
Unvalidated,2024461440033,2024,461440033,4,9,0,18,8,4,0,1,0,0,0,0,1,1,2,1,44,7,-1,-1,-1,-1,7,2,E01024547,0
Unvalidated,2024461440033,2024,461440033,5,9,0,18,8,4,0,1,0,0,0,0,1,1,6,2,57,9,-1,-1,-1,-1,7,1,E01024709,0
Unvalidated,2024461440137,2024,461440137,1,9,0,13,1,5,0,0,1,0,2,0,4,1,6,1,38,7,-1,-1,-1,-1,4,1,E01024841,0
Unvalidated,2024461440137,2024,461440137,2,11,0,18,1,5,0,0,0,0,0,0,1,1,1,1,21,5,-1,-1,-1,-1,9,2,E01024814,0
Unvalidated,2024461440137,2024,461440137,3,90,0,18,7,3,0,0,0,0,0,0,0,1,1,3,-1,-1,-1,-1,-1,-1,-1,-1,-1,0
Unvalidated,2024461440169,2024,461440169,1,9,0,4,7,3,0,0,0,0,0,0,1,1,6,3,-1,-1,-1,-1,-1,-1,-1,-1,-1,0
Unvalidated,2024461440169,2024,461440169,2,9,0,4,7,3,0,0,0,0,0,0,2,1,6,2,59,9,-1,-1,-1,-1,7,3,E01024267,0
Unvalidated,2024461440198,2024,461440198,1,9,0,4,3,7,0,0,0,0,0,0,1,1,6,2,59,9,-1,-1,-1,-1,4,1,E01016135,0
Unvalidated,2024461440198,2024,461440198,2,90,0,18,7,3,0,0,0,0,0,0,1,1,6,3,-1,-1,-1,-1,-1,-1,-1,-1,-1,1
Unvalidated,2024461440377,2024,461440377,1,10,0,18,5,1,0,0,0,0,0,0,1,1,1,1,67,10,-1,-1,-1,-1,6,1,E01024357,0
Unvalidated,2024461440396,2024,461440396,1,9,0,18,4,8,0,0,0,0,0,0,1,1,2,1,21,5,-1,-1,-1,-1,5,1,E01024595,0
Unvalidated,2024461440396,2024,461440396,2,98,0,9,5,8,0,0,0,0,0,0,2,1,1,1,29,6,-1,-1,-1,-1,10,1,E01021227,0
Unvalidated,2024461440428,2024,461440428,1,9,0,18,3,4,9,6,0,0,0,0,3,1,2,2,59,9,-1,-1,-1,-1,2,1,E01024193,0
Unvalidated,2024461440428,2024,461440428,2,9,0,14,5,3,0,6,0,0,0,0,3,1,2,2,36,7,-1,-1,-1,-1,2,1,E01024193,0
Unvalidated,2024461440460,2024,461440460,1,9,0,18,3,7,0,1,0,0,0,0,1,1,2,1,41,7,-1,-1,-1,-1,10,1,E01024353,0
Unvalidated,2024461440485,2024,461440485,1,19,0,13,8,4,0,0,0,0,0,0,4,1,2,1,26,6,-1,-1,-1,-1,6,1,E01024285,0
Unvalidated,2024461440485,2024,461440485,2,3,0,15,8,4,0,0,1,0,1,0,3,1,2,1,49,8,-1,-1,-1,-1,8,1,E01016119,0
Unvalidated,2024461440487,2024,461440487,1,9,0,9,3,7,0,0,0,0,0,0,3,1,6,3,30,6,-1,-1,-1,-1,-1,-1,-1,0
Unvalidated,2024461440487,2024,461440487,2,9,0,18,3,6,0,0,0,0,0,0,4,1,5,2,46,8,-1,-1,-1,-1,8,2,E01024652,0
Unvalidated,2024461440519,2024,461440519,1,9,0,18,5,1,0,0,1,0,1,4,0,1,5,1,20,4,-1,-1,-1,-1,3,1,E01016059,0
Unvalidated,2024461440524,2024,461440524,1,9,5,9,1,1,0,6,5,10,0,0,4,1,6,2,52,8,-1,-1,-1,-1,4,1,E01024841,0
Unvalidated,2024461440539,2024,461440539,1,9,0,9,7,4,0,2,0,0,0,0,1,1,5,1,34,6,-1,-1,-1,-1,3,1,E01024307,0
Unvalidated,2024461440539,2024,461440539,2,9,0,18,5,1,0,2,0,0,0,0,4,1,5,1,35,6,-1,-1,-1,-1,5,1,E01024304,0
Unvalidated,2024461440539,2024,461440539,3,9,0,18,1,4,0,1,0,0,0,0,1,1,5,1,61,9,-1,-1,-1,-1,4,1,E01024312,0
Unvalidated,2024461440566,2024,461440566,1,9,0,4,8,4,0,1,0,0,0,0,1,1,6,1,47,8,-1,-1,-1,-1,-1,-1,-1,0
Unvalidated,2024461440575,2024,461440575,1,19,0,18,2,4,0,1,0,0,0,0,1,1,6,1,65,9,-1,-1,-1,-1,1,1,E01016017,0
Unvalidated,2024461440575,2024,461440575,2,9,0,10,2,4,0,1,0,0,0,0,2,1,5,2,43,7,-1,-1,-1,-1,8,1,E01016093,0
Unvalidated,2024461440655,2024,461440655,1,9,0,7,3,7,0,0,0,0,0,0,1,1,6,2,36,7,-1,-1,-1,-1,6,1,E01024180,0
Unvalidated,2024461440655,2024,461440655,2,9,0,4,7,3,0,0,0,0,0,0,1,1,6,1,28,6,-1,-1,-1,-1,6,1,E01024180,0
Unvalidated,2024461440673,2024,461440673,1,9,0,18,1,5,0,0,0,0,0,0,4,1,6,3,-1,-1,-1,-1,-1,-1,-1,-1,-1,0
Unvalidated,2024461440687,2024,461440687,1,9,0,18,5,1,0,0,0,0,0,0,1,1,6,1,28,6,-1,-1,-1,-1,6,3,E01023978,0
Unvalidated,2024461440687,2024,461440687,2,19,0,4,5,1,0,0,0,0,0,0,2,1,6,1,34,6,-1,-1,-1,-1,8,2,E01024011,0
Unvalidated,2024461440713,2024,461440713,1,4,0,13,5,1,0,0,2,4,0,0,1,1,2,1,29,6,-1,-1,-1,-1,6,1,E01032653,0
Unvalidated,2024461440713,2024,461440713,2,9,0,3,5,1,0,0,0,0,0,0,2,1,2,1,55,8,-1,-1,-1,-1,-1,-1,-1,0
Unvalidated,2024461440713,2024,461440713,3,9,0,3,5,1,0,0,0,0,0,0,2,1,2,1,23,5,-1,-1,-1,-1,10,3,E01032655,0
Unvalidated,2024461440765,2024,461440765,1,9,0,7,3,7,0,5,0,0,1,0,2,1,1,2,30,6,-1,-1,-1,-1,7,1,E01024802,0
Unvalidated,2024461440765,2024,461440765,2,1,0,7,1,7,0,1,0,0,0,0,4,1,6,2,71,10,-1,-1,-1,-1,6,1,E01024848,0
Unvalidated,2024461440789,2024,461440789,1,9,0,18,2,6,0,2,0,0,0,0,1,1,6,1,18,4,-1,-1,-1,-1,9,2,E01024773,0
Unvalidated,2024461440835,2024,461440835,1,9,0,3,0,0,0,0,0,0,0,0,3,1,6,1,57,9,-1,-1,-1,-1,7,3,E01024234,0
Unvalidated,2024461440835,2024,461440835,2,9,0,5,4,8,0,0,0,0,0,0,4,1,6,2,22,5,-1,-1,-1,-1,6,3,E01023988,0
Unvalidated,2024461440840,2024,461440840,1,9,0,18,7,3,0,3,0,0,0,0,0,1,6,2,32,6,-1,-1,-1,-1,6,1,E01023980,0
Unvalidated,2024461440840,2024,461440840,2,5,0,18,7,3,0,4,0,0,0,0,0,1,6,1,74,10,-1,-1,-1,-1,6,1,E01024022,0
Unvalidated,2024461440852,2024,461440852,1,90,0,18,8,4,0,0,0,0,0,0,1,1,5,1,27,6,-1,-1,-1,-1,6,1,E01024021,1
Unvalidated,2024461440884,2024,461440884,1,9,0,7,5,8,0,0,5,4,0,0,1,1,6,1,30,6,-1,-1,-1,-1,8,1,E01016138,0
Unvalidated,2024461440884,2024,461440884,2,9,0,2,0,0,0,0,0,0,0,0,2,1,6,3,-1,-1,-1,-1,-1,-1,-1,-1,-1,0
Unvalidated,2024461440911,2024,461440911,1,9,0,3,7,3,0,0,0,0,0,0,3,1,5,1,35,6,-1,-1,-1,-1,3,1,E01016043,0
Unvalidated,2024461440911,2024,461440911,2,1,0,18,5,1,0,0,0,0,0,0,4,1,6,2,55,8,-1,-1,-1,-1,7,2,E01024547,0
Unvalidated,2024461440963,2024,461440963,1,9,0,9,7,3,0,6,5,7,0,0,3,1,6,2,27,6,-1,-1,-1,-1,1,1,E01024663,0
Unvalidated,2024461440963,2024,461440963,2,9,0,7,3,7,0,5,0,0,0,0,3,1,6,1,69,10,-1,-1,-1,-1,6,1,E01024674,0
Unvalidated,2024461441018,2024,461441018,1,9,0,18,2,4,0,0,0,0,0,0,2,1,6,1,17,4,-1,-1,-1,-1,1,1,E01024612,0
Unvalidated,2024461441018,2024,461441018,2,9,0,18,2,4,0,0,0,0,0,0,1,1,2,1,27,6,-1,-1,-1,-1,-1,1,-1,0
Unvalidated,2024461441026,2024,461441026,1,9,0,1,-1,-1,0,0,0,0,0,0,2,1,6,2,64,9,-1,-1,-1,-1,3,1,E01024714,0
Unvalidated,2024461441027,2024,461441027,1,97,0,18,2,4,0,3,0,0,0,0,3,1,6,1,18,4,-1,-1,-1,-1,5,2,E01024208,0
Unvalidated,2024461441056,2024,461441056,1,9,0,18,-1,-1,0,0,0,0,0,0,1,1,6,1,-1,-1,-1,-1,-1,-1,8,1,E01033210,0
Unvalidated,2024461441077,2024,461441077,1,98,1,11,6,2,0,0,0,0,0,0,3,1,6,3,-1,-1,-1,-1,-1,-1,-1,-1,-1,0
Unvalidated,2024461441077,2024,461441077,2,9,0,18,6,2,0,0,0,0,0,0,4,1,6,2,28,6,-1,-1,-1,-1,4,2,E01015923,0
Unvalidated,2024461441166,2024,461441166,1,5,0,4,3,7,0,0,1,0,0,0,1,1,2,1,33,6,-1,-1,-1,-1,5,1,E01024138,0
Unvalidated,2024461441166,2024,461441166,2,5,0,4,3,7,0,0,1,0,0,0,2,1,6,1,66,10,-1,-1,-1,-1,9,1,E01024442,0
Unvalidated,2024461441166,2024,461441166,3,9,0,4,3,7,0,0,0,0,0,0,2,1,6,1,46,8,-1,-1,-1,-1,9,1,E01024143,0
Unvalidated,2024461441166,2024,461441166,4,9,0,4,3,7,0,0,0,0,0,0,3,1,2,2,23,5,-1,-1,-1,-1,7,1,E01016167,0
Unvalidated,2024461441217,2024,461441217,1,3,0,4,1,3,0,0,0,0,0,0,0,1,1,1,25,5,-1,-1,-1,-1,-1,2,-1,0
Unvalidated,2024461441237,2024,461441237,1,9,0,18,1,5,0,0,0,0,0,0,4,1,1,3,27,6,-1,-1,-1,-1,4,1,E01016130,0
Unvalidated,2024461441269,2024,461441269,1,9,0,6,5,1,0,0,0,0,0,0,3,1,5,1,64,9,-1,-1,-1,-1,2,1,E01003290,0
Unvalidated,2024461441269,2024,461441269,2,97,0,18,3,7,0,0,2,0,0,0,1,1,5,1,51,8,-1,-1,-1,-1,1,3,E01024580,0
Unvalidated,2024461441278,2024,461441278,1,5,0,13,1,5,0,0,0,0,0,0,1,1,5,1,19,4,-1,-1,-1,-1,4,1,E01000722,0
Unvalidated,2024461441278,2024,461441278,2,9,0,18,1,5,0,0,0,0,0,0,2,1,5,2,33,6,-1,-1,-1,-1,7,1,E01003199,0
Unvalidated,2024461441340,2024,461441340,1,97,0,14,4,7,0,0,0,0,0,0,1,1,5,1,22,5,-1,-1,-1,-1,2,1,E01016018,0
Unvalidated,2024461441373,2024,461441373,1,9,0,18,7,3,0,0,0,0,0,0,1,1,6,1,41,7,-1,-1,-1,-1,8,1,E01016131,0
Unvalidated,2024461441373,2024,461441373,2,9,0,18,7,3,0,0,2,0,0,0,1,1,1,1,50,8,-1,-1,-1,-1,3,1,E01024182,0
Unvalidated,2024461441373,2024,461441373,3,9,0,18,7,3,0,0,0,0,0,0,2,1,2,1,53,8,-1,-1,-1,-1,5,1,E01016116,0
Unvalidated,2024461441413,2024,461441413,1,90,0,2,4,8,0,2,5,10,0,0,0,1,6,1,28,6,-1,-1,-1,-1,5,1,E01024654,1
Unvalidated,2024461441449,2024,461441449,1,9,0,7,3,7,0,6,0,0,0,0,1,1,3,1,33,6,-1,-1,-1,-1,1,1,E01016019,0
Unvalidated,2024461441506,2024,461441506,1,9,0,18,1,5,0,4,0,0,0,0,1,1,5,1,70,10,-1,-1,-1,-1,9,2,E01024438,0
Unvalidated,2024461441506,2024,461441506,2,9,0,18,0,0,6,2,0,0,0,0,2,1,5,1,24,5,-1,-1,-1,-1,9,2,E01024438,0
Unvalidated,2024461441506,2024,461441506,3,1,0,18,1,5,0,3,0,4,1,0,1,1,5,1,50,8,-1,-1,-1,-1,8,1,E01000328,0
Unvalidated,2024461441506,2024,461441506,4,9,0,2,0,0,0,2,0,0,0,0,2,1,5,1,46,8,-1,-1,-1,-1,6,3,E01024452,0
Unvalidated,2024461441510,2024,461441510,1,19,5,17,2,7,0,0,0,0,0,0,1,1,1,1,59,9,-1,-1,-1,-1,4,3,E01024622,0
Unvalidated,2024461441510,2024,461441510,2,1,0,18,8,4,0,0,0,0,0,0,1,1,6,1,50,8,-1,-1,-1,-1,9,1,E01032735,0
Unvalidated,2024461441898,2024,461441898,1,9,0,12,5,8,0,0,0,0,0,0,0,1,5,1,53,8,-1,-1,-1,-1,4,2,E01016074,0
Unvalidated,2024461441898,2024,461441898,2,5,0,12,5,8,0,0,5,7,0,0,3,1,5,1,52,8,-1,-1,-1,-1,9,1,E01016112,0
Unvalidated,2024461441902,2024,461441902,1,9,0,7,4,1,0,1,0,0,0,0,1,1,6,2,47,8,-1,-1,-1,-1,5,1,E01032654,0
Unvalidated,2024461441902,2024,461441902,2,5,0,18,5,1,0,1,0,0,0,0,1,1,6,1,35,6,-1,-1,-1,-1,1,1,E01024614,0
Unvalidated,2024461441929,2024,461441929,1,9,0,18,7,3,0,0,1,0,0,0,1,1,5,2,44,7,-1,-1,-1,-1,8,1,E01024625,0
Unvalidated,2024461441929,2024,461441929,2,9,0,4,7,3,0,0,0,0,0,0,2,1,5,1,31,6,-1,-1,-1,-1,7,1,E01024553,0
Unvalidated,2024461441992,2024,461441992,1,9,0,18,2,4,0,0,0,0,3,0,1,1,6,3,-1,-1,-1,-1,-1,-1,-1,-1,-1,0
Unvalidated,2024461442062,2024,461442062,1,9,0,4,8,3,0,0,0,0,0,0,2,1,6,2,-1,-1,-1,-1,-1,-1,8,1,E01024403,0
Unvalidated,2024461442062,2024,461442062,2,9,0,4,8,3,0,0,0,0,0,0,2,1,2,2,35,6,-1,-1,-1,-1,7,1,E01024405,0
Unvalidated,2024461442110,2024,461442110,1,9,0,18,7,3,0,1,0,0,0,0,1,1,6,3,-1,-1,-1,-1,-1,-1,-1,-1,-1,0
Unvalidated,2024461442110,2024,461442110,2,9,0,18,1,5,0,8,0,0,0,0,-1,1,2,1,40,7,-1,-1,-1,-1,6,1,E01016178,0
Unvalidated,2024461442114,2024,461442114,1,9,0,18,7,3,0,0,0,0,0,0,1,1,5,2,20,4,-1,-1,-1,-1,9,1,E01024104,0
Unvalidated,2024461442114,2024,461442114,2,9,0,4,7,3,0,0,0,0,0,0,2,1,5,2,26,6,-1,-1,-1,-1,6,3,E01024245,0
Unvalidated,2024461442190,2024,461442190,1,19,0,18,6,2,0,0,0,0,0,0,1,1,1,1,34,6,-1,-1,-1,-1,3,1,E01024567,0
Unvalidated,2024461442190,2024,461442190,2,9,0,18,6,2,0,0,0,0,0,0,2,1,6,2,42,7,-1,-1,-1,-1,9,2,E01030835,0
Unvalidated,2024461442190,2024,461442190,3,9,0,18,6,2,0,0,0,0,0,0,2,1,6,2,27,6,-1,-1,-1,-1,2,1,E01001702,0
Unvalidated,2024461442190,2024,461442190,4,9,0,18,6,2,0,0,0,0,0,0,2,1,1,1,32,6,-1,-1,-1,-1,3,1,E01004217,0
Unvalidated,2024461442203,2024,461442203,1,97,0,18,4,8,0,0,0,0,0,0,1,1,2,2,32,6,-1,-1,-1,-1,8,1,E01024721,0
Unvalidated,2024461442238,2024,461442238,1,9,0,18,7,4,0,1,0,0,0,0,1,1,6,2,43,7,-1,-1,-1,-1,1,1,E01024661,0
Unvalidated,2024461442238,2024,461442238,2,90,0,18,6,2,0,1,0,0,0,0,4,1,6,2,18,4,-1,-1,-1,-1,1,1,E01024683,1
Unvalidated,2024461442300,2024,461442300,1,9,0,18,3,4,0,0,0,0,0,0,1,1,6,1,29,6,-1,-1,-1,-1,2,1,E01024374,0
Unvalidated,2024461442300,2024,461442300,2,9,0,18,3,1,0,0,0,0,0,0,2,1,5,1,29,6,-1,-1,-1,-1,5,1,E01033087,0
Unvalidated,2024461442300,2024,461442300,3,9,0,18,4,8,0,0,0,0,0,0,1,1,5,1,56,9,-1,-1,-1,-1,4,1,E01024373,0
Unvalidated,2024461442388,2024,461442388,1,9,0,10,5,4,9,0,0,0,0,0,4,2,5,1,78,11,-1,-1,-1,-1,9,1,E01016105,0
Unvalidated,2024461442388,2024,461442388,2,1,0,18,1,5,9,0,1,0,0,0,1,1,6,1,14,3,-1,-1,-1,-1,6,1,E01016080,0