status,collision_index,collision_year,collision_reference,vehicle_reference,vehicle_type,towing_and_articulation,vehicle_manoeuvre,vehicle_direction_from,vehicle_direction_to,vehicle_location_restricted_lane,junction_location,skidding_and_overturning,hit_object_in_carriageway,vehicle_leaving_carriageway,hit_object_off_carriageway,first_point_of_impact,vehicle_left_hand_drive,journey_purpose_of_driver,sex_of_driver,age_of_driver,age_band_of_driver,engine_capacity_cc,propulsion_code,age_of_vehicle,generic_make_model,driver_imd_decile,driver_home_area_type,lsoa_of_driver,escooter_flag
Unvalidated,2024461442394,2024,461442394,1,19,0,7,3,5,0,1,0,0,1,0,4,1,2,1,40,7,-1,-1,-1,-1,6,3,E01024530,0
Unvalidated,2024461442415,2024,461442415,1,19,0,4,4,7,0,0,0,0,0,0,0,1,6,2,30,6,-1,-1,-1,-1,6,1,E01024124,0
Unvalidated,2024461442415,2024,461442415,2,9,0,18,3,8,0,0,2,0,2,9,1,1,5,1,57,9,-1,-1,-1,-1,1,1,E01024678,0
Unvalidated,2024461442451,2024,461442451,1,90,0,18,7,3,9,1,0,0,0,0,1,1,6,3,-1,-1,-1,-1,-1,-1,-1,-1,-1,1
Unvalidated,2024461442451,2024,461442451,2,1,0,18,3,7,9,1,0,0,0,0,1,1,6,1,44,7,-1,-1,-1,-1,8,1,E01016175,0
Unvalidated,2024461442455,2024,461442455,1,9,0,18,2,4,0,1,0,0,0,0,0,1,6,1,20,4,-1,-1,-1,-1,2,1,E01024616,0
Unvalidated,2024461442455,2024,461442455,2,9,0,18,1,3,0,1,0,0,0,0,1,1,6,1,18,4,-1,-1,-1,-1,1,1,E01024612,0
Unvalidated,2024461442455,2024,461442455,3,1,0,18,1,3,0,1,0,0,0,0,1,1,5,1,13,3,-1,-1,-1,-1,1,1,E01024611,0
Unvalidated,2024461442463,2024,461442463,1,9,0,9,7,3,0,0,0,0,0,0,3,1,6,1,68,10,-1,-1,-1,-1,6,2,E01016076,0
Unvalidated,2024461442463,2024,461442463,2,9,0,18,5,8,0,0,0,0,0,0,4,1,5,2,30,6,-1,-1,-1,-1,3,1,E01016098,0
Unvalidated,2024461442465,2024,461442465,1,9,-1,18,4,8,0,0,0,0,0,0,1,1,6,3,-1,-1,-1,-1,-1,-1,-1,-1,-1,0
Unvalidated,2024461442465,2024,461442465,2,9,0,3,4,8,0,0,0,0,0,0,2,1,6,1,54,8,-1,-1,-1,-1,6,3,E01024052,0
Unvalidated,2024461442490,2024,461442490,1,9,0,18,2,6,0,0,0,0,0,0,1,1,6,3,-1,-1,-1,-1,-1,-1,-1,-1,-1,0
Unvalidated,2024461442490,2024,461442490,2,19,0,3,2,6,0,0,0,0,0,0,2,1,6,1,56,9,-1,-1,-1,-1,4,3,E01024087,0
Unvalidated,2024461442495,2024,461442495,1,21,4,18,3,7,0,5,0,0,0,0,1,1,1,1,-1,-1,-1,-1,-1,-1,-1,-1,-1,0
Unvalidated,2024461442495,2024,461442495,2,9,0,18,3,7,0,5,0,0,0,0,2,1,5,2,30,6,-1,-1,-1,-1,7,1,E01024141,0
Unvalidated,2024461442578,2024,461442578,1,9,0,18,3,7,0,6,0,0,0,0,1,1,5,1,-1,-1,-1,-1,-1,-1,6,3,E01024806,0
Unvalidated,2024461442578,2024,461442578,2,9,0,18,7,3,0,6,0,0,0,0,1,1,5,2,50,8,-1,-1,-1,-1,5,2,E01024381,0
Unvalidated,2024461442614,2024,461442614,1,9,0,18,7,3,0,8,0,0,0,0,1,1,5,2,-1,-1,-1,-1,-1,-1,-1,-1,-1,0
Unvalidated,2024461442614,2024,461442614,2,1,0,18,7,3,0,8,0,0,0,0,1,1,5,1,42,7,-1,-1,-1,-1,7,1,E01016123,0
Unvalidated,2024461442625,2024,461442625,1,9,0,18,5,1,0,8,2,0,7,4,1,1,5,1,18,4,-1,-1,-1,-1,3,1,E01024218,0
Unvalidated,2024461442625,2024,461442625,2,9,0,18,7,3,0,8,0,0,1,0,1,1,2,1,51,8,-1,-1,-1,-1,6,1,E01024340,0
Unvalidated,2024461442625,2024,461442625,3,9,0,18,5,1,0,8,0,0,0,0,0,1,1,1,43,7,-1,-1,-1,-1,3,1,E01024717,0
Unvalidated,2024461442626,2024,461442626,1,9,0,-1,-1,-1,-1,0,-1,-1,-1,0,1,1,6,1,-1,-1,-1,-1,-1,-1,-1,-1,-1,0
Unvalidated,2024461442645,2024,461442645,1,9,0,18,3,7,0,0,0,0,0,0,1,1,5,2,85,11,-1,-1,-1,-1,3,1,E01016152,0
Unvalidated,2024461442645,2024,461442645,2,9,0,18,3,7,0,0,0,0,0,0,2,1,5,2,43,7,-1,-1,-1,-1,6,1,E01024276,0
Unvalidated,2024461442645,2024,461442645,3,9,0,3,3,7,0,0,0,0,0,0,1,1,5,2,23,5,-1,-1,-1,-1,1,1,E01024257,0
Unvalidated,2024461442787,2024,461442787,1,9,0,16,1,3,0,0,0,0,7,4,3,1,3,2,43,7,-1,-1,-1,-1,1,1,E01024667,0
Unvalidated,2024461442787,2024,461442787,2,9,0,17,3,1,0,0,0,0,0,0,3,1,5,1,81,11,-1,-1,-1,-1,6,1,E01024700,0
Unvalidated,2024461442794,2024,461442794,1,19,0,18,7,3,0,3,0,0,0,0,1,1,5,1,60,9,-1,-1,-1,-1,2,1,E01000034,0
Unvalidated,2024461442794,2024,461442794,2,8,0,18,7,3,0,3,0,0,0,0,2,1,2,2,54,8,-1,-1,-1,-1,7,1,E01024288,0
Unvalidated,2024461442794,2024,461442794,3,19,0,18,1,5,0,4,0,0,0,0,0,1,5,2,32,6,-1,-1,-1,-1,5,1,E01024281,0
Unvalidated,2024461442805,2024,461442805,1,9,0,2,0,0,0,1,0,0,0,0,3,1,2,1,41,7,-1,-1,-1,-1,9,2,E01016073,0
Unvalidated,2024461442805,2024,461442805,2,1,0,18,1,5,0,1,5,0,0,0,1,1,6,1,72,10,-1,-1,-1,-1,8,2,E01016144,0
Unvalidated,2024461442842,2024,461442842,1,9,0,4,7,3,0,0,0,0,0,0,1,1,2,1,49,8,-1,-1,-1,-1,6,1,E01024700,0
Unvalidated,2024461442844,2024,461442844,1,9,0,18,3,7,0,0,0,0,0,0,4,1,6,1,64,9,-1,-1,-1,-1,2,1,E01001703,0
Unvalidated,2024461442846,2024,461442846,1,9,0,18,1,5,0,5,0,0,0,0,1,1,6,1,73,10,-1,-1,-1,-1,7,1,E01024635,0
Unvalidated,2024461442846,2024,461442846,2,9,0,18,3,7,0,1,0,0,0,0,1,1,6,2,35,6,-1,-1,-1,-1,6,1,E01024674,0
Unvalidated,2024461442861,2024,461442861,1,9,0,18,1,5,0,0,0,0,0,0,1,1,2,1,26,6,-1,-1,-1,-1,7,3,E01024157,0
Unvalidated,2024461442920,2024,461442920,1,9,0,18,6,2,0,0,2,0,0,0,4,1,2,2,53,8,-1,-1,-1,-1,8,3,E01024015,0
Unvalidated,2024461442935,2024,461442935,1,9,0,18,3,7,0,0,0,0,1,7,1,1,6,1,77,11,-1,-1,-1,-1,6,1,E01024520,0
Unvalidated,2024461442935,2024,461442935,2,9,0,18,8,5,0,0,0,0,0,0,4,1,6,1,39,7,-1,-1,-1,-1,4,1,E01024510,0
Unvalidated,2024461442966,2024,461442966,1,9,0,18,7,3,0,3,0,0,0,0,4,1,6,2,57,9,-1,-1,-1,-1,10,1,E01024748,0
Unvalidated,2024461442966,2024,461442966,2,4,0,9,5,2,0,8,0,0,0,0,4,1,6,2,58,9,-1,-1,-1,-1,5,1,E01024776,0
Unvalidated,2024461442974,2024,461442974,2,9,0,3,3,7,0,0,0,0,0,0,2,2,5,1,39,7,-1,-1,-1,-1,2,1,E01024061,0
Unvalidated,2024461442974,2024,461442974,3,9,0,14,3,7,0,0,0,4,0,0,1,1,6,3,50,8,-1,-1,-1,-1,-1,-1,-1,0
Unvalidated,2024461442989,2024,461442989,1,9,0,18,6,2,0,8,0,0,7,0,1,1,6,1,48,8,-1,-1,-1,-1,5,1,E01024082,0
Unvalidated,2024461442989,2024,461442989,2,9,0,18,2,6,0,8,0,0,0,0,1,1,6,1,42,7,-1,-1,-1,-1,-1,-1,-1,0
Unvalidated,2024461442990,2024,461442990,1,9,0,1,8,4,0,1,0,4,0,0,2,1,6,1,38,7,-1,-1,-1,-1,6,1,E01023980,0
Unvalidated,2024461442990,2024,461442990,2,9,0,2,0,0,0,1,0,0,0,0,2,1,5,1,38,7,-1,-1,-1,-1,2,1,E01023975,0
Unvalidated,2024461443000,2024,461443000,1,9,0,5,5,1,0,0,0,0,0,0,1,1,2,1,58,9,-1,-1,-1,-1,3,1,E01016173,0
Unvalidated,2024461443000,2024,461443000,2,9,0,5,1,5,0,0,0,0,0,0,1,1,6,1,48,8,-1,-1,-1,-1,1,1,E01016017,0
Unvalidated,2024461443070,2024,461443070,1,9,0,5,8,4,0,0,0,0,0,0,1,1,6,2,25,5,-1,-1,-1,-1,8,1,E01024004,0
Unvalidated,2024461443070,2024,461443070,2,9,0,3,8,4,0,0,0,0,0,0,2,1,5,1,38,7,-1,-1,-1,-1,3,1,E01024508,0
Unvalidated,2024461443191,2024,461443191,1,9,5,5,5,5,0,0,1,7,1,11,1,2,1,1,37,7,-1,-1,-1,-1,6,1,E01033736,0
Unvalidated,2024461443197,2024,461443197,1,9,0,13,2,5,0,0,0,0,0,0,3,1,6,2,56,9,-1,-1,-1,-1,4,1,E01016100,0
Unvalidated,2024461443197,2024,461443197,2,9,0,4,2,5,0,0,0,0,0,0,4,1,5,2,30,6,-1,-1,-1,-1,2,1,E01016039,0
Unvalidated,2024461443261,2024,461443261,1,9,0,18,1,5,0,1,0,0,0,0,1,1,2,1,31,6,-1,-1,-1,-1,7,3,E01024805,0
Unvalidated,2024461443261,2024,461443261,2,9,0,3,1,5,0,1,0,0,0,0,2,1,2,2,25,5,-1,-1,-1,-1,7,2,E01024794,0
Unvalidated,2024461443326,2024,461443326,1,9,0,18,2,6,0,0,0,0,7,0,3,1,2,1,24,5,-1,-1,-1,-1,6,1,E01024847,0
Unvalidated,2024461443326,2024,461443326,2,9,0,18,6,2,0,0,1,0,0,0,3,1,1,1,39,7,-1,-1,-1,-1,7,3,E01024727,0
Unvalidated,2024461443369,2024,461443369,1,9,0,12,7,3,0,0,0,0,0,0,3,1,6,1,42,7,-1,-1,-1,-1,3,1,E01016020,0
Unvalidated,2024461443369,2024,461443369,2,9,0,18,7,3,0,0,0,0,0,0,4,1,6,2,24,5,-1,-1,-1,-1,7,3,E01024573,0
Unvalidated,2024461443415,2024,461443415,1,2,0,18,3,7,0,0,0,0,0,0,1,1,6,1,16,4,-1,-1,-1,-1,3,1,E01024059,0
Unvalidated,2024461443415,2024,461443415,2,9,0,2,0,0,0,0,0,4,0,0,1,1,6,3,-1,-1,-1,-1,-1,-1,-1,-1,-1,0
Unvalidated,2024461443552,2024,461443552,1,9,0,4,3,7,0,1,0,0,0,0,1,1,6,1,-1,-1,-1,-1,-1,-1,-1,-1,-1,0
Unvalidated,2024461443552,2024,461443552,2,9,0,3,3,7,0,1,0,0,0,0,2,1,6,1,-1,-1,-1,-1,-1,-1,2,1,E01024028,0
Unvalidated,2024461443566,2024,461443566,1,3,0,7,8,3,0,0,1,0,0,0,4,1,5,1,19,4,-1,-1,-1,-1,3,1,E01023984,0
Unvalidated,2024461443774,2024,461443774,1,9,0,5,1,5,0,1,0,0,0,0,1,1,6,1,38,7,-1,-1,-1,-1,5,1,E01024281,0
Unvalidated,2024461443774,2024,461443774,2,9,0,18,4,7,0,6,1,10,0,0,3,1,2,1,52,8,-1,-1,-1,-1,1,3,E01024580,0
Unvalidated,2024461443809,2024,461443809,1,9,0,9,1,7,0,8,0,0,0,0,1,1,5,1,86,11,-1,-1,-1,-1,10,3,E01024483,0
Unvalidated,2024461443809,2024,461443809,2,1,0,18,5,6,0,8,0,0,0,0,3,1,5,2,51,8,-1,-1,-1,-1,10,1,E01024468,0
Unvalidated,2024461443865,2024,461443865,1,9,0,15,7,3,0,0,1,0,0,0,1,1,6,1,44,7,-1,-1,-1,-1,5,1,E01032654,0
Unvalidated,2024461443865,2024,461443865,2,9,0,18,3,7,0,0,0,0,0,0,1,1,2,1,31,6,-1,-1,-1,-1,-1,-1,-1,0
Unvalidated,2024461443867,2024,461443867,1,9,0,18,7,3,0,0,0,4,0,0,1,1,5,2,22,5,-1,-1,-1,-1,3,1,E01024392,0
Unvalidated,2024461443867,2024,461443867,2,9,0,2,0,0,0,0,0,0,7,11,2,1,6,3,-1,-1,-1,-1,-1,-1,-1,-1,-1,0
Unvalidated,2024461443867,2024,461443867,3,9,0,2,0,0,9,0,0,0,0,0,1,1,6,1,51,8,-1,-1,-1,-1,-1,-1,-1,0
Unvalidated,2024461443889,2024,461443889,1,9,0,7,4,3,0,0,0,0,0,0,1,1,6,1,33,6,-1,-1,-1,-1,4,1,E01024444,0
Unvalidated,2024461443889,2024,461443889,2,9,0,18,4,3,0,0,1,0,0,0,2,1,6,2,37,7,-1,-1,-1,-1,3,1,E01024263,0
Unvalidated,2024461443916,2024,461443916,1,98,0,18,5,2,0,0,0,0,0,0,3,1,6,1,-1,-1,-1,-1,-1,-1,-1,-1,-1,0
Unvalidated,2024461443916,2024,461443916,2,9,0,18,2,5,0,0,2,0,7,4,4,1,2,1,27,6,-1,-1,-1,-1,4,1,E01024582,0
Unvalidated,2024461443928,2024,461443928,1,9,0,18,7,3,0,1,0,0,0,0,4,1,6,3,-1,-1,-1,-1,-1,-1,-1,-1,-1,0
Unvalidated,2024461443928,2024,461443928,2,1,0,18,7,3,0,1,0,0,0,0,3,1,6,1,47,8,-1,-1,-1,-1,3,1,E01024307,0
Unvalidated,2024461443943,2024,461443943,1,9,0,18,7,3,0,0,0,0,0,0,1,1,6,1,24,5,-1,-1,-1,-1,7,3,E01024554,0
Unvalidated,2024461443943,2024,461443943,2,9,0,18,4,7,0,0,0,0,0,0,1,1,6,1,37,7,-1,-1,-1,-1,4,1,E01024593,0
Unvalidated,2024461443943,2024,461443943,3,19,0,18,7,3,0,0,0,4,0,0,1,1,6,1,52,8,-1,-1,-1,-1,3,2,E01024567,0
Unvalidated,2024461443943,2024,461443943,4,9,0,18,4,7,0,0,0,0,0,0,1,1,6,2,36,7,-1,-1,-1,-1,3,1,E01024600,0
Unvalidated,2024461443943,2024,461443943,5,19,0,2,0,0,0,0,0,0,0,0,2,1,6,1,64,9,-1,-1,-1,-1,4,1,E01024591,0
Unvalidated,2024461443943,2024,461443943,6,9,0,2,0,0,0,0,0,0,0,0,2,1,6,3,64,9,-1,-1,-1,-1,-1,-1,-1,0
Unvalidated,2024461443962,2024,461443962,1,9,0,18,5,1,0,0,0,0,0,0,1,1,5,1,42,7,-1,-1,-1,-1,3,1,E01016020,0
Unvalidated,2024461443962,2024,461443962,2,9,0,4,5,1,0,0,0,0,0,0,2,1,5,2,24,5,-1,-1,-1,-1,8,1,E01024076,0
Unvalidated,2024461444083,2024,461444083,1,8,0,1,-1,-1,0,8,0,0,0,0,2,1,1,1,31,6,-1,-1,-1,-1,8,2,E01024026,0
Unvalidated,2024461444083,2024,461444083,2,9,0,2,0,0,0,8,0,0,0,0,1,1,6,3,-1,-1,-1,-1,-1,-1,-1,-1,-1,0
Unvalidated,2024461444140,2024,461444140,1,9,0,18,5,1,0,0,0,0,0,0,0,1,6,1,29,6,-1,-1,-1,-1,8,2,E01024011,0
Unvalidated,2024461444140,2024,461444140,2,11,0,5,5,1,0,0,0,0,0,0,0,1,1,1,46,8,-1,-1,-1,-1,6,1,E01024005,0
Unvalidated,2024461444237,2024,461444237,1,4,0,4,4,1,0,8,1,0,1,10,2,1,6,1,20,4,-1,-1,-1,-1,6,1,E01016057,0
Unvalidated,2024461444237,2024,461444237,2,9,0,18,4,1,0,8,1,0,1,10,1,1,5,1,24,5,-1,-1,-1,-1,6,1,E01016057,0
Unvalidated,2024461444237,2024,461444237,3,9,0,2,0,0,0,2,0,0,0,0,4,1,6,3,-1,-1,-1,-1,-1,-1,-1,-1,-1,0
Unvalidated,2024461444269,2024,461444269,1,9,0,18,3,6,0,0,0,0,0,0,2,1,5,2,45,7,-1,-1,-1,-1,3,1,E01016155,0
Unvalidated,2024461444269,2024,461444269,2,9,0,18,5,6,0,0,0,0,0,0,1,1,5,2,30,6,-1,-1,-1,-1,2,1,E01016153,0
Unvalidated,2024461444270,2024,461444270,1,9,0,18,3,7,0,0,0,0,0,0,1,1,6,3,-1,-1,-1,-1,-1,-1,-1,-1,-1,0
Unvalidated,2024461444270,2024,461444270,2,9,0,18,3,7,0,0,0,0,0,0,1,1,5,2,40,7,-1,-1,-1,-1,8,1,E01024650,0
Unvalidated,2024461444301,2024,461444301,1,9,0,18,6,2,0,0,0,0,1,0,4,1,5,1,18,4,-1,-1,-1,-1,5,1,E01032654,0
Unvalidated,2024461444310,2024,461444310,1,9,0,9,8,4,0,8,0,0,0,0,1,1,2,2,38,7,-1,-1,-1,-1,2,1,E01016064,0
Unvalidated,2024461444310,2024,461444310,2,3,0,18,5,1,0,1,0,0,0,0,1,1,6,1,35,6,-1,-1,-1,-1,2,1,E01016039,0
Unvalidated,2024461444336,2024,461444336,1,9,0,18,5,1,0,0,2,0,7,10,1,1,2,1,34,6,-1,-1,-1,-1,6,1,E01024340,0
Unvalidated,2024461444391,2024,461444391,1,9,0,7,7,3,0,6,0,0,0,0,1,2,6,1,33,6,-1,-1,-1,-1,-1,-1,-1,0
Unvalidated,2024461444533,2024,461444533,1,9,0,4,3,7,0,1,0,0,0,0,1,1,5,2,25,5,-1,-1,-1,-1,2,1,E01016110,0
Unvalidated,2024461444533,2024,461444533,2,9,0,18,4,8,0,1,0,0,0,0,1,1,5,1,61,9,-1,-1,-1,-1,2,1,E01016039,0
Unvalidated,2024461444623,2024,461444623,1,9,0,18,5,1,0,0,5,4,7,0,4,1,6,2,18,4,-1,-1,-1,-1,-1,-1,-1,0
Unvalidated,2024461444623,2024,461444623,2,9,0,5,1,5,0,0,0,0,0,0,4,1,1,1,39,7,-1,-1,-1,-1,5,1,E01003787,0
Unvalidated,2024461444742,2024,461444742,1,9,0,4,3,3,0,2,0,0,0,0,4,1,5,2,68,10,-1,-1,-1,-1,6,3,E01027479,0
Unvalidated,2024461444742,2024,461444742,2,21,0,5,3,3,0,4,0,0,0,0,4,1,1,1,51,8,-1,-1,-1,-1,3,1,E01003235,0
Unvalidated,2024461444784,2024,461444784,1,9,0,9,5,1,0,5,0,0,0,0,3,1,5,2,51,8,-1,-1,-1,-1,8,1,E01024779,0
Unvalidated,2024461444784,2024,461444784,2,5,0,14,5,1,0,1,5,0,0,0,1,1,5,1,49,8,-1,-1,-1,-1,6,1,E01024847,0
Unvalidated,2024461444870,2024,461444870,1,9,0,5,5,1,0,0,0,0,0,0,1,1,5,1,23,5,-1,-1,-1,-1,-1,-1,-1,0
Unvalidated,2024461444896,2024,461444896,1,9,0,18,1,5,0,1,1,7,7,0,1,1,6,1,18,4,-1,-1,-1,-1,2,1,E01024496,0
Unvalidated,2024461444904,2024,461444904,1,9,0,18,3,7,0,0,5,0,0,0,4,1,6,2,21,5,-1,-1,-1,-1,-1,-1,-1,0
Unvalidated,2024461444910,2024,461444910,1,90,0,18,3,7,0,0,0,0,7,0,1,1,1,1,29,6,-1,-1,-1,-1,3,1,E01024352,0
Unvalidated,2024461444910,2024,461444910,2,9,0,3,3,7,0,0,0,0,0,0,2,1,6,1,44,7,-1,-1,-1,-1,2,1,E01024091,0
Unvalidated,2024461444910,2024,461444910,3,9,0,3,3,7,0,0,0,0,0,0,2,1,6,2,37,7,-1,-1,-1,-1,6,1,E01024062,0
Unvalidated,2024461444910,2024,461444910,4,9,0,3,3,7,0,0,0,0,0,0,2,1,6,1,-1,-1,-1,-1,-1,-1,5,3,E01024206,0
Unvalidated,2024461444913,2024,461444913,1,9,0,18,7,3,0,0,0,7,0,0,1,2,5,2,22,5,-1,-1,-1,-1,-1,-1,-1,0
Unvalidated,2024461444945,2024,461444945,1,9,0,18,4,5,0,0,1,0,0,0,1,1,6,1,-1,-1,-1,-1,-1,-1,7,1,E01016139,0
Unvalidated,2024461444945,2024,461444945,2,9,0,3,4,5,0,0,0,0,0,0,2,1,1,1,44,7,-1,-1,-1,-1,4,1,E01016120,0
Unvalidated,2024461445016,2024,461445016,1,9,0,5,3,7,0,2,0,0,0,0,1,1,6,2,35,6,-1,-1,-1,-1,5,1,E01016151,0
Unvalidated,2024461445016,2024,461445016,2,9,0,18,1,5,0,8,0,0,0,0,4,1,6,2,40,7,-1,-1,-1,-1,5,1,E01016151,0
Unvalidated,2024461445019,2024,461445019,1,90,4,18,7,3,0,0,0,0,0,0,0,1,6,3,-1,-1,-1,-1,-1,-1,-1,-1,-1,0
Unvalidated,2024461445019,2024,461445019,2,9,0,9,3,7,0,0,0,0,0,0,3,1,6,1,68,10,-1,-1,-1,-1,6,3,E01024036,0
Unvalidated,2024461445050,2024,461445050,1,9,0,18,8,5,0,5,0,0,0,0,4,1,5,1,79,11,-1,-1,-1,-1,6,1,E01024516,0
Unvalidated,2024461445070,2024,461445070,1,9,0,18,3,7,0,8,0,0,0,0,3,1,2,2,42,7,-1,-1,-1,-1,7,1,E01024097,0
Unvalidated,2024461445131,2024,461445131,1,19,0,18,-1,-1,0,0,0,0,0,0,1,1,6,1,32,6,-1,-1,-1,-1,9,1,E01024160,0
Unvalidated,2024461445245,2024,461445245,1,3,0,18,3,7,9,0,5,0,0,0,2,1,5,3,16,4,-1,-1,-1,-1,-1,-1,-1,0
Unvalidated,2024461445251,2024,461445251,1,9,0,18,3,7,0,1,0,0,0,0,1,1,5,2,51,8,-1,-1,-1,-1,5,1,E01016118,0
Unvalidated,2024461445275,2024,461445275,1,9,0,5,3,2,0,0,0,0,0,0,3,1,6,1,30,6,-1,-1,-1,-1,1,1,E01024657,0
Unvalidated,2024461445275,2024,461445275,2,5,0,5,3,7,0,0,5,0,7,0,4,1,6,1,25,5,-1,-1,-1,-1,3,1,E01024695,0
Unvalidated,2024461445278,2024,461445278,1,9,0,5,7,3,0,6,0,0,0,0,1,1,5,1,63,9,-1,-1,-1,-1,1,1,E01024676,0
Unvalidated,2024461445278,2024,461445278,2,9,0,18,4,8,0,2,0,0,0,0,3,1,5,1,36,7,-1,-1,-1,-1,1,1,E01024683,0
Unvalidated,2024461445281,2024,461445281,1,4,0,4,5,1,0,8,0,0,0,0,2,1,5,1,23,5,-1,-1,-1,-1,9,1,E01024376,0
Unvalidated,2024461445281,2024,461445281,2,9,0,4,5,1,0,8,0,0,0,0,2,1,5,1,39,7,-1,-1,-1,-1,7,2,E01024388,0
Unvalidated,2024461445306,2024,461445306,1,1,0,18,3,7,9,1,0,0,0,0,1,1,2,3,45,7,-1,-1,-1,-1,4,1,E01024217,0
Unvalidated,2024461445306,2024,461445306,2,9,0,4,3,1,0,1,0,0,0,0,1,1,5,2,40,7,-1,-1,-1,-1,2,1,E01024685,0
Unvalidated,2024461445387,2024,461445387,1,11,0,18,7,3,0,0,0,0,0,0,0,1,1,3,-1,-1,-1,-1,-1,-1,1,1,E01024504,0
Unvalidated,2024461445399,2024,461445399,1,9,0,18,5,1,0,8,0,0,0,0,1,1,6,1,37,7,-1,-1,-1,-1,3,1,E01024149,0
Unvalidated,2024461445399,2024,461445399,2,9,0,4,3,1,0,8,0,0,0,0,2,1,2,2,39,7,-1,-1,-1,-1,5,1,E01024181,0
Unvalidated,2024461445409,2024,461445409,1,9,4,18,5,5,0,0,0,0,0,0,0,1,6,1,27,6,-1,-1,-1,-1,-1,-1,-1,0
Unvalidated,2024461445409,2024,461445409,2,9,0,18,8,8,0,0,0,0,0,0,1,1,2,2,54,8,-1,-1,-1,-1,5,1,E01024223,0
Unvalidated,2024461445418,2024,461445418,1,1,0,18,1,5,0,0,0,0,0,0,1,1,5,1,13,3,-1,-1,-1,-1,-1,-1,-1,0
Unvalidated,2024461445418,2024,461445418,2,9,0,4,5,1,0,0,0,0,0,0,4,1,6,2,39,7,-1,-1,-1,-1,1,1,E01024610,0
Unvalidated,2024461445437,2024,461445437,1,9,0,9,1,5,0,2,0,0,0,0,1,1,6,1,43,7,-1,-1,-1,-1,6,1,E01024303,0
Unvalidated,2024461445459,2024,461445459,1,9,0,18,5,1,0,1,0,0,0,0,1,1,5,2,30,6,-1,-1,-1,-1,1,1,E01024295,0
Unvalidated,2024461445503,2024,461445503,1,9,0,-1,-1,-1,-1,-1,-1,-1,-1,0,-1,1,6,1,44,7,-1,-1,-1,-1,10,1,E01021158,0
Unvalidated,2024461445517,2024,461445517,1,9,0,5,7,7,0,0,0,0,0,0,3,1,6,1,76,11,-1,-1,-1,-1,10,1,E01024322,0
Unvalidated,2024461445554,2024,461445554,1,9,0,18,4,8,0,4,0,0,0,0,1,1,6,2,52,8,-1,-1,-1,-1,8,1,E01024045,0
Unvalidated,2024461445554,2024,461445554,2,1,0,9,8,6,0,3,0,0,0,0,3,1,2,1,44,7,-1,-1,-1,-1,4,3,E01024086,0
Unvalidated,2024461445644,2024,461445644,1,9,0,9,5,3,0,6,0,0,0,0,1,1,6,1,-1,-1,-1,-1,-1,-1,-1,-1,-1,0
Unvalidated,2024461445644,2024,461445644,2,9,0,18,3,7,0,8,0,0,0,0,4,2,5,2,46,8,-1,-1,-1,-1,9,1,E01024415,0
Unvalidated,2024461445648,2024,461445648,1,9,0,1,5,1,0,0,0,0,0,0,2,1,6,2,79,11,-1,-1,-1,-1,-1,-1,-1,0
Unvalidated,2024461445648,2024,461445648,2,9,0,2,0,0,0,0,0,0,1,0,2,1,6,3,-1,-1,-1,-1,-1,-1,-1,-1,-1,0
Unvalidated,2024461445648,2024,461445648,3,9,0,2,0,0,0,0,0,0,0,0,2,1,6,3,-1,-1,-1,-1,-1,-1,-1,-1,-1,0
Unvalidated,2024461445648,2024,461445648,4,9,0,2,0,0,0,0,0,0,0,0,1,1,6,3,-1,-1,-1,-1,-1,-1,-1,-1,-1,0
Unvalidated,2024461445737,2024,461445737,1,9,0,18,5,1,0,0,0,0,0,0,1,1,2,1,24,5,-1,-1,-1,-1,8,1,E01024625,0
Unvalidated,2024461445737,2024,461445737,2,9,0,18,1,5,0,0,1,0,0,0,1,1,6,2,18,4,-1,-1,-1,-1,8,1,E01024564,0
Unvalidated,2024461445759,2024,461445759,1,9,0,18,6,2,0,8,0,0,0,0,1,1,6,2,19,4,-1,-1,-1,-1,10,1,E01024326,0
Unvalidated,2024461445776,2024,461445776,1,3,0,18,1,5,0,3,1,0,0,0,0,1,2,1,39,7,-1,-1,-1,-1,3,1,E01024149,0
Unvalidated,2024461445804,2024,461445804,1,9,0,18,1,6,0,0,0,0,0,0,1,1,6,1,31,6,-1,-1,-1,-1,2,1,E01033212,0
Unvalidated,2024461445804,2024,461445804,2,9,0,2,0,0,0,0,0,0,0,0,2,1,6,3,-1,-1,-1,-1,-1,-1,-1,-1,-1,0
Unvalidated,2024461445804,2024,461445804,3,9,0,2,0,0,0,0,0,0,0,0,1,1,6,3,-1,-1,-1,-1,-1,-1,-1,-1,-1,0
Unvalidated,2024461445998,2024,461445998,1,9,0,18,1,3,0,0,0,0,0,0,1,1,6,2,29,6,-1,-1,-1,-1,-1,-1,-1,0
Unvalidated,2024461445998,2024,461445998,2,9,0,4,1,3,0,0,0,0,0,0,2,1,6,2,44,7,-1,-1,-1,-1,3,1,E01024047,0
Unvalidated,2024461446060,2024,461446060,1,9,0,9,5,1,6,0,0,0,1,0,1,1,6,1,80,11,-1,-1,-1,-1,9,1,E01024145,0
Unvalidated,2024461446060,2024,461446060,2,9,0,18,1,5,0,0,0,0,0,0,1,1,6,1,19,4,-1,-1,-1,-1,7,3,E01032829,0
Unvalidated,2024461446290,2024,461446290,1,4,0,5,3,7,0,2,0,8,8,0,4,1,5,1,17,4,-1,-1,-1,-1,-1,-1,-1,0