status,collision_index,collision_year,collision_reference,vehicle_reference,vehicle_type,towing_and_articulation,vehicle_manoeuvre,vehicle_direction_from,vehicle_direction_to,vehicle_location_restricted_lane,junction_location,skidding_and_overturning,hit_object_in_carriageway,vehicle_leaving_carriageway,hit_object_off_carriageway,first_point_of_impact,vehicle_left_hand_drive,journey_purpose_of_driver,sex_of_driver,age_of_driver,age_band_of_driver,engine_capacity_cc,propulsion_code,age_of_vehicle,generic_make_model,driver_imd_decile,driver_home_area_type,lsoa_of_driver,escooter_flag
Unvalidated,2024461446290,2024,461446290,2,9,0,18,3,7,0,2,0,0,7,0,3,1,1,1,40,7,-1,-1,-1,-1,-1,-1,-1,0
Unvalidated,2024461446505,2024,461446505,1,17,0,9,7,5,0,0,0,0,0,0,1,1,1,1,33,6,-1,-1,-1,-1,5,3,E01021116,0
Unvalidated,2024461446505,2024,461446505,2,11,0,18,5,1,0,0,0,0,0,0,4,1,1,1,61,9,-1,-1,-1,-1,1,1,E01024306,0
Unvalidated,2024461446630,2024,461446630,1,9,0,18,7,5,0,0,1,7,0,0,1,1,5,1,68,10,-1,-1,-1,-1,10,1,E01024418,0
Unvalidated,2024461446630,2024,461446630,2,9,0,18,7,1,0,0,0,0,0,0,1,1,5,1,22,5,-1,-1,-1,-1,10,2,E01024453,0
Unvalidated,2024461446643,2024,461446643,1,3,0,18,8,3,0,1,0,0,0,0,1,1,6,1,36,7,-1,-1,-1,-1,3,1,E01024083,0
Unvalidated,2024461446643,2024,461446643,2,9,0,4,8,4,0,1,0,0,0,0,2,1,2,1,43,7,-1,-1,-1,-1,7,1,E01024630,0
Unvalidated,2024461446652,2024,461446652,1,9,0,12,3,7,0,0,1,0,3,0,1,1,6,2,18,4,-1,-1,-1,-1,8,1,E01024158,0
Unvalidated,2024461446652,2024,461446652,2,9,0,11,3,7,0,0,0,0,3,0,2,1,6,3,-1,-1,-1,-1,-1,-1,-1,-1,-1,0
Unvalidated,2024461446670,2024,461446670,1,5,0,18,3,1,0,8,5,0,1,2,1,1,5,1,23,5,-1,-1,-1,-1,7,1,E01024316,0
Unvalidated,2024461446687,2024,461446687,1,9,0,18,7,3,0,1,0,7,0,0,1,1,2,1,42,7,-1,-1,-1,-1,10,2,E01024365,0
Unvalidated,2024461446687,2024,461446687,2,9,0,10,2,7,0,1,0,0,0,0,1,1,3,1,18,4,-1,-1,-1,-1,10,2,E01024408,0
Unvalidated,2024461446746,2024,461446746,1,9,0,18,4,8,0,0,0,0,0,0,4,2,6,1,23,5,-1,-1,-1,-1,7,1,E01024064,0
Unvalidated,2024461446746,2024,461446746,2,9,0,5,4,8,0,0,0,0,0,0,3,2,6,2,39,7,-1,-1,-1,-1,8,1,E01024077,0
Unvalidated,2024461446746,2024,461446746,3,9,0,5,4,8,0,0,0,0,0,0,2,2,6,2,18,4,-1,-1,-1,-1,7,1,E01024064,0
Unvalidated,2024461446969,2024,461446969,1,9,0,18,-1,-1,0,0,0,0,0,0,1,1,1,1,-1,-1,-1,-1,-1,-1,6,1,E01000414,0
Unvalidated,2024461446969,2024,461446969,2,3,0,3,-1,-1,0,0,5,0,0,0,2,1,6,1,18,4,-1,-1,-1,-1,9,2,E01024175,0
Unvalidated,2024461446990,2024,461446990,1,3,0,18,-1,-1,0,8,0,0,0,0,1,1,6,1,-1,-1,-1,-1,-1,-1,7,3,E01024157,0
Unvalidated,2024461446990,2024,461446990,2,9,0,18,-1,-1,0,8,0,0,0,0,1,1,6,2,66,10,-1,-1,-1,-1,3,1,E01024263,0
Unvalidated,2024461446992,2024,461446992,1,9,0,7,4,3,9,0,0,0,1,0,4,1,6,1,68,10,-1,-1,-1,-1,5,1,E01000975,0
Unvalidated,2024461446992,2024,461446992,2,1,0,9,4,3,9,0,0,0,0,0,4,1,6,2,8,2,-1,-1,-1,-1,7,3,E01024790,0
Unvalidated,2024461447053,2024,461447053,1,1,0,99,7,3,0,0,0,0,9,0,1,1,6,1,-1,-1,-1,-1,-1,-1,-1,-1,-1,0
Unvalidated,2024461447122,2024,461447122,1,19,0,18,4,8,0,0,1,0,0,0,1,2,5,1,58,9,-1,-1,-1,-1,-1,-1,-1,0
Unvalidated,2024461447122,2024,461447122,2,20,0,4,4,8,0,0,0,0,0,0,2,1,1,1,36,7,-1,-1,-1,-1,5,2,E01024191,0
Unvalidated,2024461447341,2024,461447341,1,9,0,18,7,3,0,0,0,0,0,0,1,1,5,2,35,6,-1,-1,-1,-1,2,1,E01001367,0
Unvalidated,2024461447341,2024,461447341,2,98,1,4,3,7,0,0,0,0,0,0,1,1,2,1,44,7,-1,-1,-1,-1,4,1,E01022048,0
Unvalidated,2024461447344,2024,461447344,1,1,0,18,3,8,0,1,1,0,0,0,1,1,5,1,14,3,-1,-1,-1,-1,1,1,E01016069,0
Unvalidated,2024461447344,2024,461447344,2,9,0,18,1,5,0,1,0,0,0,0,3,1,5,1,43,7,-1,-1,-1,-1,6,1,E01016125,0
Unvalidated,2024461447403,2024,461447403,1,21,1,12,3,7,0,0,0,0,0,0,3,2,1,1,63,9,-1,-1,-1,-1,-1,-1,-1,0
Unvalidated,2024461447403,2024,461447403,2,9,0,12,3,7,0,0,0,0,0,0,4,1,5,2,32,6,-1,-1,-1,-1,5,1,E01001677,0
Unvalidated,2024461447410,2024,461447410,1,9,0,18,1,5,0,0,0,0,0,0,1,1,6,2,19,4,-1,-1,-1,-1,2,3,E01023990,0
Unvalidated,2024461447410,2024,461447410,2,1,0,18,5,1,0,0,1,0,0,0,0,1,5,2,59,9,-1,-1,-1,-1,4,3,E01023981,0
Unvalidated,2024461447481,2024,461447481,1,4,0,18,5,1,0,0,0,4,0,0,1,1,6,1,27,6,-1,-1,-1,-1,3,1,E01024608,0
Unvalidated,2024461447481,2024,461447481,2,17,0,2,0,0,0,0,0,0,0,0,2,2,1,1,27,6,-1,-1,-1,-1,4,3,E01024620,0
Unvalidated,2024461447533,2024,461447533,1,9,0,7,1,5,0,3,0,0,1,0,4,1,1,3,31,6,-1,-1,-1,-1,-1,-1,-1,0
Unvalidated,2024461447533,2024,461447533,2,9,0,4,1,5,0,3,0,0,0,0,3,1,1,1,34,6,-1,-1,-1,-1,3,1,E01024717,0
Unvalidated,2024461447545,2024,461447545,1,90,0,3,4,3,0,1,0,0,1,0,1,1,6,1,29,6,-1,-1,-1,-1,10,2,E01016145,0
Unvalidated,2024461447545,2024,461447545,2,9,0,3,4,3,0,1,0,0,4,0,2,1,1,2,57,9,-1,-1,-1,-1,5,1,E01021498,0
Unvalidated,2024461447745,2024,461447745,1,9,0,18,2,5,0,0,1,11,1,0,1,1,6,2,32,6,-1,-1,-1,-1,4,1,E01024373,0
Unvalidated,2024461447745,2024,461447745,2,98,0,18,5,2,0,0,2,11,0,0,1,1,6,1,60,9,-1,-1,-1,-1,3,1,E01024608,0
Unvalidated,2024461447745,2024,461447745,3,9,0,18,2,5,0,0,0,1,0,0,3,1,2,1,62,9,-1,-1,-1,-1,7,3,E01024380,0
Unvalidated,2024461447871,2024,461447871,1,9,0,18,3,7,0,8,0,0,0,0,3,1,5,2,71,10,-1,-1,-1,-1,4,2,E01024535,0
Unvalidated,2024461447871,2024,461447871,2,9,0,9,5,3,0,8,0,0,0,0,1,1,5,1,64,9,-1,-1,-1,-1,-1,-1,-1,0
Unvalidated,2024461447884,2024,461447884,1,19,-1,18,5,1,0,0,0,0,0,0,1,1,6,3,-1,-1,-1,-1,-1,-1,-1,-1,-1,0
Unvalidated,2024461447885,2024,461447885,1,9,0,9,1,7,0,6,1,0,0,0,3,1,5,1,23,5,-1,-1,-1,-1,-1,-1,-1,0
Unvalidated,2024461447885,2024,461447885,2,9,0,18,7,3,0,1,0,0,0,0,4,1,5,2,73,10,-1,-1,-1,-1,5,1,E01024638,0
Unvalidated,2024461447885,2024,461447885,3,9,0,18,1,5,0,1,0,0,0,0,0,1,1,1,-1,-1,-1,-1,-1,-1,-1,-1,-1,0
Unvalidated,2024461447915,2024,461447915,1,9,3,18,1,5,0,0,0,0,0,0,1,1,6,2,56,9,-1,-1,-1,-1,5,1,E01024492,0
Unvalidated,2024461447915,2024,461447915,2,9,0,18,5,1,0,0,0,0,0,0,1,1,2,1,29,6,-1,-1,-1,-1,2,1,E01024128,0
Unvalidated,2024461447961,2024,461447961,1,9,0,9,7,3,0,8,0,0,0,0,1,1,6,1,39,7,-1,-1,-1,-1,7,3,E01032829,0
Unvalidated,2024461447961,2024,461447961,2,5,0,18,3,7,0,8,0,0,0,0,1,1,6,1,23,5,-1,-1,-1,-1,5,1,E01024776,0
Unvalidated,2024461447977,2024,461447977,1,9,0,7,5,1,5,0,0,0,0,0,1,1,5,1,34,6,-1,-1,-1,-1,2,1,E01024170,0
Unvalidated,2024461447977,2024,461447977,2,19,0,18,2,2,0,0,0,0,0,0,1,1,2,1,48,8,-1,-1,-1,-1,7,1,E01015837,0
Unvalidated,2024461447982,2024,461447982,1,9,0,18,7,3,0,0,0,0,0,0,4,1,3,1,18,4,-1,-1,-1,-1,9,1,E01024750,0
Unvalidated,2024461448026,2024,461448026,1,2,0,8,1,7,0,2,0,0,0,0,2,1,1,2,27,6,-1,-1,-1,-1,2,1,E01024294,0
Unvalidated,2024461448026,2024,461448026,2,9,0,8,1,7,0,2,0,0,0,0,1,1,5,1,53,8,-1,-1,-1,-1,3,1,E01016046,0
Unvalidated,2024461448091,2024,461448091,1,9,0,4,4,7,6,0,0,0,0,0,1,1,5,1,67,10,-1,-1,-1,-1,5,1,E01024383,0
Unvalidated,2024461448091,2024,461448091,2,98,1,2,0,0,6,0,0,0,0,0,2,1,6,1,34,6,-1,-1,-1,-1,2,3,W01001024,0
Unvalidated,2024461448150,2024,461448150,1,5,0,18,1,5,0,0,0,0,0,0,1,1,6,1,19,4,-1,-1,-1,-1,-1,-1,-1,0
Unvalidated,2024461448150,2024,461448150,2,9,0,9,1,7,0,0,0,0,0,0,3,1,6,2,55,8,-1,-1,-1,-1,1,1,E01016031,0
Unvalidated,2024461448174,2024,461448174,1,9,0,13,7,3,0,0,1,11,2,2,4,1,5,1,20,4,-1,-1,-1,-1,3,1,E01024103,0
Unvalidated,2024461448174,2024,461448174,2,9,0,4,7,3,0,0,0,0,0,0,3,1,2,1,25,5,-1,-1,-1,-1,3,1,E01024059,0
Unvalidated,2024461448181,2024,461448181,1,97,0,16,3,5,0,0,0,0,0,0,0,1,6,3,-1,-1,-1,-1,-1,-1,-1,-1,-1,0
Unvalidated,2024461448187,2024,461448187,1,4,0,18,3,6,0,2,0,0,0,0,0,1,6,1,18,4,-1,-1,-1,-1,-1,-1,-1,0
Unvalidated,2024461448229,2024,461448229,1,9,0,18,3,5,0,0,0,0,0,0,1,1,2,1,57,9,-1,-1,-1,-1,7,1,E01024064,0
Unvalidated,2024461448229,2024,461448229,2,5,0,18,5,3,0,0,1,0,0,0,4,1,6,1,23,5,-1,-1,-1,-1,7,1,E01024064,0
Unvalidated,2024461448305,2024,461448305,1,9,0,18,4,1,0,8,0,4,0,0,1,1,6,1,26,6,-1,-1,-1,-1,8,1,E01024077,0
Unvalidated,2024461448305,2024,461448305,2,9,0,18,2,5,0,1,0,4,0,0,1,1,5,2,46,8,-1,-1,-1,-1,9,1,E01024074,0
Unvalidated,2024461448305,2024,461448305,3,9,0,2,0,0,0,2,0,0,0,0,3,1,6,3,-1,-1,-1,-1,-1,-1,-1,-1,-1,0
Unvalidated,2024461448336,2024,461448336,1,9,0,13,4,8,0,8,0,0,7,11,1,1,5,1,34,6,-1,-1,-1,-1,-1,-1,-1,0
Unvalidated,2024461448336,2024,461448336,2,9,0,9,4,1,0,5,0,0,7,0,3,1,5,1,39,7,-1,-1,-1,-1,5,2,E01024623,0
Unvalidated,2024461448409,2024,461448409,1,9,0,1,1,5,0,0,0,0,0,0,2,1,5,2,52,8,-1,-1,-1,-1,9,3,E01024853,0
Unvalidated,2024461448413,2024,461448413,1,9,0,9,7,4,0,0,0,0,0,0,1,1,5,1,85,11,-1,-1,-1,-1,9,3,E01024754,0
Unvalidated,2024461448413,2024,461448413,2,5,0,18,5,1,0,0,2,0,0,0,1,1,5,1,66,10,-1,-1,-1,-1,8,1,E01021223,0
Unvalidated,2024461448418,2024,461448418,1,9,0,18,1,5,0,0,0,0,0,0,1,1,5,1,18,4,-1,-1,-1,-1,7,3,E01024013,0
Unvalidated,2024461448418,2024,461448418,2,9,0,18,5,1,0,0,0,0,0,0,1,1,1,1,38,7,-1,-1,-1,-1,5,1,E01024673,0
Unvalidated,2024461448515,2024,461448515,1,9,0,13,5,1,0,0,1,0,7,0,1,1,6,1,24,5,-1,-1,-1,-1,4,1,E01024090,0
Unvalidated,2024461448529,2024,461448529,1,9,0,18,8,4,0,0,0,0,0,0,1,1,5,1,41,7,-1,-1,-1,-1,1,1,E01016033,0
Unvalidated,2024461448558,2024,461448558,1,9,0,18,1,1,0,0,1,0,0,0,1,1,6,1,53,8,-1,-1,-1,-1,8,3,E01032620,0
Unvalidated,2024461448558,2024,461448558,2,9,0,18,1,1,0,0,0,0,0,0,2,1,2,1,31,6,-1,-1,-1,-1,5,1,E01024319,0
Unvalidated,2024461448582,2024,461448582,1,9,0,18,5,1,0,8,5,4,0,0,1,1,5,1,21,5,-1,-1,-1,-1,8,1,E01024185,0
Unvalidated,2024461448582,2024,461448582,2,9,0,2,0,0,0,8,0,4,0,0,1,1,6,3,-1,-1,-1,-1,-1,-1,-1,-1,-1,0
Unvalidated,2024461448597,2024,461448597,1,9,0,9,1,5,0,0,5,0,0,0,1,1,5,1,17,4,-1,-1,-1,-1,2,1,E01023973,0
Unvalidated,2024461448638,2024,461448638,1,9,0,5,5,2,0,3,0,0,0,0,1,1,6,1,78,11,-1,-1,-1,-1,9,2,E01024269,0
Unvalidated,2024461448638,2024,461448638,2,5,0,5,5,2,0,3,0,0,0,0,2,1,6,1,45,7,-1,-1,-1,-1,3,1,E01001117,0
Unvalidated,2024461448654,2024,461448654,1,9,0,4,2,3,0,0,0,0,0,0,1,1,5,1,30,6,-1,-1,-1,-1,4,1,E01016141,0
Unvalidated,2024461448670,2024,461448670,1,9,0,18,5,1,0,0,1,0,1,11,3,1,5,1,27,6,-1,-1,-1,-1,4,1,E01024164,0
Unvalidated,2024461448670,2024,461448670,2,98,0,18,1,5,0,0,0,0,0,0,3,1,5,1,38,7,-1,-1,-1,-1,6,1,E01024180,0
Unvalidated,2024461448670,2024,461448670,3,9,0,2,0,0,6,0,0,0,0,0,4,1,6,1,40,7,-1,-1,-1,-1,6,1,E01024180,0
Unvalidated,2024461448675,2024,461448675,1,9,0,1,7,3,0,2,0,0,0,0,2,1,6,1,32,6,-1,-1,-1,-1,6,1,E01024460,0
Unvalidated,2024461448773,2024,461448773,1,9,0,18,7,7,0,0,0,4,0,0,1,1,6,1,34,6,-1,-1,-1,-1,4,1,E01024384,0
Unvalidated,2024461448773,2024,461448773,2,9,0,2,7,7,0,0,0,0,0,0,2,1,6,1,44,7,-1,-1,-1,-1,5,1,E01016034,0
Unvalidated,2024461448776,2024,461448776,1,5,0,18,5,2,0,0,1,0,0,0,4,1,5,1,32,6,-1,-1,-1,-1,8,1,E01002946,0
Unvalidated,2024461448798,2024,461448798,1,9,0,18,4,3,0,0,0,4,1,0,1,1,6,2,51,8,-1,-1,-1,-1,9,1,E01032821,0
Unvalidated,2024461448798,2024,461448798,2,9,0,18,4,3,0,0,0,4,0,0,2,1,6,1,40,7,-1,-1,-1,-1,9,1,E01032821,0
Unvalidated,2024461448857,2024,461448857,1,98,4,5,-1,-1,0,0,0,0,0,0,1,1,1,1,-1,-1,-1,-1,-1,-1,-1,-1,-1,0
Unvalidated,2024461448857,2024,461448857,2,9,0,5,-1,-1,0,0,0,0,0,0,2,1,6,1,26,6,-1,-1,-1,-1,4,3,E01024086,0
Unvalidated,2024461448860,2024,461448860,1,9,0,7,3,7,0,8,0,0,0,0,4,1,6,1,34,6,-1,-1,-1,-1,8,1,E01024044,0
Unvalidated,2024461448860,2024,461448860,2,1,0,18,3,7,0,8,0,0,0,0,1,1,6,1,27,6,-1,-1,-1,-1,7,1,E01024129,0
Unvalidated,2024461448906,2024,461448906,1,9,0,18,-1,-1,0,0,0,0,0,0,1,1,6,3,-1,-1,-1,-1,-1,-1,-1,-1,-1,0
Unvalidated,2024461449063,2024,461449063,1,9,0,18,6,2,0,2,0,0,0,0,1,1,6,2,35,6,-1,-1,-1,-1,3,1,E01024241,0
Unvalidated,2024461449063,2024,461449063,2,90,0,5,8,4,0,7,0,0,0,0,3,1,6,1,64,9,-1,-1,-1,-1,-1,-1,-1,0
Unvalidated,2024461449140,2024,461449140,1,9,0,9,5,6,0,0,0,10,7,0,4,1,6,1,33,6,-1,-1,-1,-1,6,1,E01024180,0
Unvalidated,2024461449140,2024,461449140,2,9,0,18,1,1,0,0,0,0,0,0,1,1,6,1,53,8,-1,-1,-1,-1,5,1,E01000443,0
Unvalidated,2024461449163,2024,461449163,1,9,0,18,7,5,0,0,0,0,7,4,1,1,6,1,47,8,-1,-1,-1,-1,6,1,E01024512,0
Unvalidated,2024461449190,2024,461449190,1,9,0,18,4,8,0,8,0,0,0,0,4,1,5,2,78,11,-1,-1,-1,-1,6,3,E01023988,0
Unvalidated,2024461449192,2024,461449192,1,9,0,18,6,2,0,0,0,0,0,0,4,1,5,1,30,6,-1,-1,-1,-1,3,1,E01016014,0
Unvalidated,2024461449192,2024,461449192,2,9,0,18,6,2,0,0,0,0,1,0,2,1,5,2,60,9,-1,-1,-1,-1,4,1,E01016130,0
Unvalidated,2024461449201,2024,461449201,1,5,0,11,5,1,0,8,0,0,0,0,1,1,6,1,40,7,-1,-1,-1,-1,9,1,E01016105,0
Unvalidated,2024461449201,2024,461449201,2,20,0,18,5,1,0,8,0,0,0,0,0,1,1,1,45,7,-1,-1,-1,-1,2,1,E01024585,0
Unvalidated,2024461449201,2024,461449201,3,90,0,18,5,1,0,8,0,0,0,0,0,1,1,1,-1,-1,-1,-1,-1,-1,3,1,E01016036,0
Unvalidated,2024461449202,2024,461449202,1,21,0,18,8,4,0,0,0,0,0,0,1,1,1,1,37,7,-1,-1,-1,-1,9,3,E01024440,0
Unvalidated,2024461449202,2024,461449202,2,9,0,18,5,1,0,0,0,0,1,10,4,1,6,1,35,6,-1,-1,-1,-1,9,3,E01024454,0
Unvalidated,2024461449202,2024,461449202,3,9,0,7,8,3,0,0,0,0,1,0,0,1,6,1,50,8,-1,-1,-1,-1,6,1,E01021855,0
Unvalidated,2024461449209,2024,461449209,1,9,0,18,7,3,0,0,0,0,0,0,1,1,6,3,-1,-1,-1,-1,-1,-1,-1,-1,-1,0
Unvalidated,2024461449209,2024,461449209,2,1,0,18,7,3,0,0,0,0,0,0,2,1,6,1,13,3,-1,-1,-1,-1,2,1,E01016140,0
Unvalidated,2024461449226,2024,461449226,1,98,0,13,5,1,0,0,0,0,0,0,0,1,1,3,-1,-1,-1,-1,-1,-1,-1,-1,-1,0
Unvalidated,2024461449226,2024,461449226,2,1,0,18,5,1,0,0,0,4,0,0,0,1,6,2,46,8,-1,-1,-1,-1,7,3,E01024109,0
Unvalidated,2024461449235,2024,461449235,1,9,0,15,6,2,0,0,0,0,0,0,3,1,5,2,49,8,-1,-1,-1,-1,7,3,E01024812,0
Unvalidated,2024461449235,2024,461449235,2,9,0,18,2,6,0,0,0,0,0,0,3,1,1,2,19,4,-1,-1,-1,-1,7,3,E01024812,0
Unvalidated,2024461449469,2024,461449469,1,9,0,18,8,4,0,8,0,0,0,0,1,1,5,2,29,6,-1,-1,-1,-1,5,1,E01024716,0
Unvalidated,2024461449469,2024,461449469,2,9,0,18,3,7,0,8,0,0,0,0,3,1,5,1,81,11,-1,-1,-1,-1,4,1,E01024694,0
Unvalidated,2024461449493,2024,461449493,1,9,0,18,8,1,0,0,0,0,0,0,1,1,5,2,78,11,-1,-1,-1,-1,7,3,E01024540,0
Unvalidated,2024461449493,2024,461449493,2,98,1,18,5,3,0,0,0,0,0,0,2,1,1,1,37,7,-1,-1,-1,-1,7,1,E01015946,0
Unvalidated,2024461449622,2024,461449622,1,3,0,18,2,6,0,0,1,0,0,0,0,1,2,1,20,4,-1,-1,-1,-1,7,1,E01020970,0
Unvalidated,2024461449625,2024,461449625,1,3,0,18,7,3,0,0,0,0,0,0,1,1,2,1,26,6,-1,-1,-1,-1,3,1,E01024583,0
Unvalidated,2024461449625,2024,461449625,2,19,5,18,7,3,0,0,0,0,0,0,2,1,2,1,25,5,-1,-1,-1,-1,1,3,E01024580,0
Unvalidated,2024461449626,2024,461449626,1,9,0,18,7,3,0,2,0,10,1,2,1,1,6,1,27,6,-1,-1,-1,-1,7,3,E01024554,0
Unvalidated,2024461449629,2024,461449629,1,19,0,11,1,3,0,3,2,0,1,0,4,2,6,1,49,8,-1,-1,-1,-1,7,1,E01024592,0
Unvalidated,2024461449629,2024,461449629,2,17,5,18,1,5,0,3,0,0,0,0,3,2,1,1,23,5,-1,-1,-1,-1,8,3,E01024043,0
Unvalidated,2024461449673,2024,461449673,1,9,0,13,6,5,0,0,0,0,0,0,3,1,5,1,54,8,-1,-1,-1,-1,3,1,E01024372,0
Unvalidated,2024461449673,2024,461449673,2,97,0,18,1,3,0,0,0,0,0,0,1,1,2,1,47,8,-1,-1,-1,-1,8,2,E01024434,0
Unvalidated,2024461450093,2024,461450093,1,9,0,3,1,5,0,0,0,0,0,0,1,1,1,2,20,4,-1,-1,-1,-1,6,1,E01032798,0
Unvalidated,2024461450093,2024,461450093,2,9,0,4,1,5,0,0,0,0,0,0,2,1,6,1,27,6,-1,-1,-1,-1,3,1,E01000435,0
Unvalidated,2024461450115,2024,461450115,1,9,0,18,2,4,0,0,0,0,0,0,1,1,6,1,-1,-1,-1,-1,-1,-1,-1,-1,-1,0
Unvalidated,2024461450115,2024,461450115,2,9,0,3,2,4,0,0,0,0,0,0,2,1,2,1,57,9,-1,-1,-1,-1,4,1,E01002250,0
Unvalidated,2024461450118,2024,461450118,1,9,0,5,5,1,0,0,0,0,0,0,1,1,6,1,62,9,-1,-1,-1,-1,2,1,E01023975,0
Unvalidated,2024461450130,2024,461450130,1,9,0,18,3,7,0,8,0,0,0,0,4,1,6,3,-1,-1,-1,-1,-1,-1,-1,-1,-1,0
Unvalidated,2024461450182,2024,461450182,1,21,2,11,3,7,0,0,0,0,0,0,4,1,1,1,38,7,-1,-1,-1,-1,4,1,E01024090,0
Unvalidated,2024461450182,2024,461450182,2,9,0,18,3,7,0,0,0,0,0,0,3,1,2,1,38,7,-1,-1,-1,-1,2,1,E01016039,0
Unvalidated,2024461450254,2024,461450254,1,9,0,18,2,6,0,0,0,0,0,0,4,1,6,2,77,11,-1,-1,-1,-1,8,2,E01024448,0
Unvalidated,2024461450262,2024,461450262,1,1,0,4,-1,-1,5,0,0,0,0,0,3,1,5,1,43,7,-1,-1,-1,-1,5,1,E01024692,0
Unvalidated,2024461450273,2024,461450273,1,9,0,10,3,5,0,8,0,0,0,0,1,1,5,2,53,8,-1,-1,-1,-1,8,1,E01016126,0
Unvalidated,2024461450294,2024,461450294,1,9,0,5,8,2,0,4,0,0,0,0,0,1,6,2,68,10,-1,-1,-1,-1,10,1,E01024471,0
Unvalidated,2024461450294,2024,461450294,2,97,0,4,1,5,0,3,2,0,0,0,3,1,5,1,49,8,-1,-1,-1,-1,8,1,E01024761,0
Unvalidated,2024461450296,2024,461450296,1,9,0,18,5,1,0,2,0,0,0,0,4,1,5,1,87,11,-1,-1,-1,-1,4,1,E01024219,0
Unvalidated,2024461450298,2024,461450298,1,5,0,18,4,8,0,0,0,0,0,0,1,1,5,1,45,7,-1,-1,-1,-1,3,1,E01008298,0
Unvalidated,2024461450298,2024,461450298,2,5,0,18,4,8,0,0,0,0,0,0,2,1,5,1,53,8,-1,-1,-1,-1,4,1,E01008209,0
Unvalidated,2024461450367,2024,461450367,1,9,0,18,4,8,0,0,1,0,0,0,1,1,5,2,18,4,-1,-1,-1,-1,3,1,E01016037,0
Unvalidated,2024461450367,2024,461450367,2,9,0,4,4,8,0,0,0,0,0,0,2,1,2,1,47,8,-1,-1,-1,-1,5,1,E01016034,0
Unvalidated,2024461450403,2024,461450403,1,98,0,18,5,1,0,0,0,0,0,0,1,1,6,3,-1,-1,-1,-1,-1,-1,2,1,E01024633,0
Unvalidated,2024461450490,2024,461450490,1,19,0,18,7,3,6,0,0,0,1,0,1,1,2,1,50,8,-1,-1,-1,-1,3,1,E01016150,0
Unvalidated,2024461450490,2024,461450490,2,21,1,2,0,0,6,0,0,0,0,0,2,1,2,1,32,6,-1,-1,-1,-1,-1,-1,-1,0
Unvalidated,2024461450490,2024,461450490,3,21,1,2,0,0,6,0,0,0,0,0,2,2,2,1,45,7,-1,-1,-1,-1,-1,-1,-1,0
Unvalidated,2024461450509,2024,461450509,1,9,0,18,3,7,0,1,5,4,0,0,1,1,5,2,77,11,-1,-1,-1,-1,7,1,E01024188,0
Unvalidated,2024461450509,2024,461450509,2,9,0,2,0,0,0,1,0,0,0,0,1,1,6,1,75,10,-1,-1,-1,-1,7,1,E01024689,0
Unvalidated,2024461450602,2024,461450602,1,9,0,18,1,6,0,0,5,0,2,9,1,2,6,1,22,5,-1,-1,-1,-1,2,1,E01000783,0
Unvalidated,2024461450703,2024,461450703,1,8,0,14,3,7,0,1,0,0,0,0,1,1,1,1,61,9,-1,-1,-1,-1,2,1,E01016035,0
Unvalidated,2024461450703,2024,461450703,2,9,0,9,3,5,0,1,0,0,0,0,1,1,5,2,29,6,-1,-1,-1,-1,6,1,E01024371,0
Unvalidated,2024461450705,2024,461450705,1,9,0,18,7,3,0,0,0,0,0,0,1,1,2,2,24,5,-1,-1,-1,-1,5,1,E01024254,0
Unvalidated,2024461450744,2024,461450744,1,9,0,18,7,3,0,0,0,0,0,0,1,1,5,1,29,6,-1,-1,-1,-1,9,1,E01024823,0
Unvalidated,2024461450744,2024,461450744,2,9,0,4,7,3,0,0,0,0,0,0,2,1,5,1,49,8,-1,-1,-1,-1,9,1,E01024768,0
Unvalidated,2024461450752,2024,461450752,1,9,0,18,7,3,0,1,1,0,0,0,1,1,5,1,24,5,-1,-1,-1,-1,4,1,E01024382,0
Unvalidated,2024461450752,2024,461450752,2,9,0,9,1,7,0,8,0,0,0,0,3,1,5,1,37,7,-1,-1,-1,-1,5,1,E01004021,0
Unvalidated,2024461450777,2024,461450777,1,9,0,13,6,4,0,1,1,0,0,0,1,1,6,1,40,7,-1,-1,-1,-1,2,1,E01024078,0
Unvalidated,2024461450777,2024,461450777,2,9,0,18,4,6,0,1,0,0,0,0,1,1,6,1,40,7,-1,-1,-1,-1,8,1,E01024098,0
Unvalidated,2024461450808,2024,461450808,1,9,0,18,4,6,0,0,5,10,3,0,1,1,5,1,49,8,-1,-1,-1,-1,4,3,E01016072,0
Unvalidated,2024461450837,2024,461450837,1,97,0,7,3,5,0,3,1,0,0,0,4,1,5,1,64,9,-1,-1,-1,-1,6,1,E01032817,0
Unvalidated,2024461450864,2024,461450864,1,9,0,5,6,2,0,1,0,0,0,0,1,1,6,1,31,6,-1,-1,-1,-1,7,1,E01024801,0
Unvalidated,2024461450864,2024,461450864,2,9,0,18,3,7,0,1,0,0,0,0,1,1,6,1,38,7,-1,-1,-1,-1,6,1,E01024833,0
Unvalidated,2024461450864,2024,461450864,3,9,0,2,0,0,0,2,0,0,0,0,2,1,6,3,-1,-1,-1,-1,-1,-1,-1,-1,-1,0
Unvalidated,2024461450891,2024,461450891,1,97,0,13,7,6,0,0,0,0,0,0,1,1,5,1,61,9,-1,-1,-1,-1,9,3,E01024442,0