status,collision_index,collision_year,collision_reference,vehicle_reference,vehicle_type,towing_and_articulation,vehicle_manoeuvre,vehicle_direction_from,vehicle_direction_to,vehicle_location_restricted_lane,junction_location,skidding_and_overturning,hit_object_in_carriageway,vehicle_leaving_carriageway,hit_object_off_carriageway,first_point_of_impact,vehicle_left_hand_drive,journey_purpose_of_driver,sex_of_driver,age_of_driver,age_band_of_driver,engine_capacity_cc,propulsion_code,age_of_vehicle,generic_make_model,driver_imd_decile,driver_home_area_type,lsoa_of_driver,escooter_flag
Unvalidated,2024461450891,2024,461450891,2,9,0,17,3,7,0,0,0,0,0,0,1,1,5,1,74,10,-1,-1,-1,-1,8,1,E01028689,0
Unvalidated,2024461451002,2024,461451002,1,9,0,18,7,3,0,2,0,4,0,0,1,1,6,2,74,10,-1,-1,-1,-1,10,1,E01016085,0
Unvalidated,2024461451002,2024,461451002,2,9,0,2,1,1,0,2,0,0,0,0,1,1,1,1,40,7,-1,-1,-1,-1,-1,-1,-1,0
Unvalidated,2024461451002,2024,461451002,3,9,0,2,1,1,0,2,0,0,0,0,1,1,1,2,63,9,-1,-1,-1,-1,-1,-1,-1,0
Unvalidated,2024461451031,2024,461451031,1,9,0,18,3,7,0,8,0,0,0,0,1,1,6,2,17,4,-1,-1,-1,-1,5,2,E01024774,0
Unvalidated,2024461451031,2024,461451031,2,9,0,9,7,3,0,8,0,0,0,0,1,1,5,2,40,7,-1,-1,-1,-1,4,3,E01024624,0
Unvalidated,2024461451045,2024,461451045,1,9,0,18,7,3,0,0,0,2,0,0,4,1,5,1,18,4,-1,-1,-1,-1,10,1,E01021545,0
Unvalidated,2024461451045,2024,461451045,2,9,0,18,7,3,0,0,1,2,0,0,0,1,5,1,61,9,-1,-1,-1,-1,3,1,E01024641,0
Unvalidated,2024461451047,2024,461451047,1,9,0,9,8,4,0,6,0,0,0,0,3,1,1,2,38,7,-1,-1,-1,-1,1,1,E01024682,0
Unvalidated,2024461451047,2024,461451047,2,9,0,18,6,2,0,1,0,0,0,0,1,1,5,2,19,4,-1,-1,-1,-1,7,1,E01024689,0
Unvalidated,2024461451055,2024,461451055,1,5,0,18,7,3,0,0,1,0,1,1,1,1,5,1,26,6,-1,-1,-1,-1,3,1,E01024119,0
Unvalidated,2024461451068,2024,461451068,1,19,0,3,2,4,0,0,0,0,0,0,1,1,6,1,32,6,-1,-1,-1,-1,5,1,E01024767,0
Unvalidated,2024461451068,2024,461451068,2,9,0,18,2,4,0,0,0,0,0,0,2,1,6,2,35,6,-1,-1,-1,-1,5,2,E01024788,0
Unvalidated,2024461451090,2024,461451090,1,9,0,-1,-1,-1,0,6,0,0,0,0,1,1,6,1,37,7,-1,-1,-1,-1,2,1,E01024840,0
Unvalidated,2024461451090,2024,461451090,2,9,0,18,-1,-1,0,8,0,0,0,0,2,1,6,1,60,9,-1,-1,-1,-1,4,1,E01024843,0
Unvalidated,2024461451107,2024,461451107,1,9,0,9,7,4,0,6,0,0,0,0,3,1,3,2,45,7,-1,-1,-1,-1,9,1,E01024462,0
Unvalidated,2024461451107,2024,461451107,2,9,0,18,5,1,0,1,0,0,0,0,1,1,1,2,52,8,-1,-1,-1,-1,9,1,E01024462,0
Unvalidated,2024461451111,2024,461451111,1,9,0,1,7,5,0,0,0,0,0,0,4,1,6,2,35,6,-1,-1,-1,-1,9,1,E01016103,0
Unvalidated,2024461451111,2024,461451111,2,5,0,14,1,4,0,0,0,0,0,0,3,1,6,1,29,6,-1,-1,-1,-1,8,1,E01016099,0
Unvalidated,2024461451142,2024,461451142,1,9,0,4,3,7,0,0,0,0,0,0,1,1,5,2,21,5,-1,-1,-1,-1,7,1,E01016123,0
Unvalidated,2024461451142,2024,461451142,2,9,0,3,3,7,0,0,0,0,0,0,2,1,1,2,46,8,-1,-1,-1,-1,5,1,E01016116,0
Unvalidated,2024461451148,2024,461451148,1,19,0,4,5,5,0,0,1,0,0,0,1,1,2,1,23,5,-1,-1,-1,-1,4,3,E01024566,0
Unvalidated,2024461451148,2024,461451148,2,90,0,4,1,1,0,0,1,0,0,0,1,1,1,1,53,8,-1,-1,-1,-1,8,1,E01024762,0
Unvalidated,2024461451178,2024,461451178,1,9,0,9,3,7,0,0,0,0,0,0,1,1,6,3,-1,-1,-1,-1,-1,-1,-1,-1,-1,0
Unvalidated,2024461451178,2024,461451178,2,1,0,18,7,3,0,0,0,0,0,0,3,1,2,2,42,7,-1,-1,-1,-1,3,1,E01024149,0
Unvalidated,2024461451228,2024,461451228,1,9,0,18,7,3,0,0,0,0,0,0,1,1,2,1,34,6,-1,-1,-1,-1,6,1,E01024520,0
Unvalidated,2024461451228,2024,461451228,2,9,0,7,7,1,0,0,0,0,0,0,4,1,2,1,47,8,-1,-1,-1,-1,7,1,E01024073,0
Unvalidated,2024461451290,2024,461451290,1,9,0,18,1,5,0,6,0,0,0,0,1,1,6,1,50,8,-1,-1,-1,-1,6,3,E01024452,0
Unvalidated,2024461451290,2024,461451290,2,9,0,7,7,2,0,5,0,0,0,0,4,1,2,2,22,5,-1,-1,-1,-1,6,1,E01024830,0
Unvalidated,2024461451338,2024,461451338,1,9,0,10,2,6,0,8,0,0,0,0,0,1,5,2,23,5,-1,-1,-1,-1,-1,-1,-1,0
Unvalidated,2024461451338,2024,461451338,2,1,0,4,8,4,0,1,0,0,0,0,3,1,5,1,43,7,-1,-1,-1,-1,-1,-1,-1,0
Unvalidated,2024461451339,2024,461451339,1,9,0,18,6,1,0,1,0,0,0,0,1,1,6,2,58,9,-1,-1,-1,-1,3,1,E01024001,0
Unvalidated,2024461451339,2024,461451339,2,9,0,18,2,6,0,1,0,0,0,0,1,1,6,2,35,6,-1,-1,-1,-1,2,3,E01023990,0
Unvalidated,2024461451393,2024,461451393,1,9,0,9,8,4,0,8,0,0,0,0,3,1,6,1,47,8,-1,-1,-1,-1,2,1,E01024193,0
Unvalidated,2024461451393,2024,461451393,2,9,0,18,8,4,0,8,0,0,0,0,1,1,2,1,39,7,-1,-1,-1,-1,9,3,E01024088,0
Unvalidated,2024461451393,2024,461451393,3,9,0,3,4,8,0,1,0,0,0,0,1,1,6,2,65,9,-1,-1,-1,-1,2,1,E01024248,0
Unvalidated,2024461451393,2024,461451393,4,20,0,3,4,8,0,4,0,0,0,0,3,1,1,1,62,9,-1,-1,-1,-1,4,1,E01033745,0
Unvalidated,2024461451396,2024,461451396,1,9,0,18,3,7,0,0,0,0,0,0,1,1,6,2,47,8,-1,-1,-1,-1,4,1,E01024373,0
Unvalidated,2024461451396,2024,461451396,2,9,0,3,3,7,0,0,0,0,0,0,2,1,6,2,52,8,-1,-1,-1,-1,9,2,E01024814,0
Unvalidated,2024461451425,2024,461451425,1,9,0,16,3,7,0,0,0,0,0,0,1,2,6,1,29,6,-1,-1,-1,-1,4,1,E01016871,0
Unvalidated,2024461451425,2024,461451425,2,20,0,17,7,3,0,0,0,0,0,0,1,1,1,1,29,6,-1,-1,-1,-1,9,2,E01024814,0
Unvalidated,2024461451556,2024,461451556,1,9,0,9,1,7,0,6,0,0,0,0,1,1,6,1,56,9,-1,-1,-1,-1,-1,-1,-1,0
Unvalidated,2024461451556,2024,461451556,2,9,0,18,7,3,0,6,0,0,0,0,1,1,2,2,34,6,-1,-1,-1,-1,3,1,E01024396,0
Unvalidated,2024461451558,2024,461451558,1,9,0,18,6,2,0,0,0,0,0,0,1,1,6,2,53,8,-1,-1,-1,-1,9,3,E01021229,0
Unvalidated,2024461451558,2024,461451558,2,8,0,18,2,6,0,0,0,0,0,0,3,1,6,1,40,7,-1,-1,-1,-1,4,1,E01024841,0
Unvalidated,2024461451558,2024,461451558,3,19,0,18,2,6,0,0,0,0,0,0,3,1,1,1,52,8,-1,-1,-1,-1,8,1,E01024730,0
Unvalidated,2024461451558,2024,461451558,4,9,0,7,2,6,0,0,0,0,0,0,1,1,6,2,35,6,-1,-1,-1,-1,7,3,E01032825,0
Unvalidated,2024461451649,2024,461451649,1,9,0,5,1,5,0,2,0,0,0,0,1,1,5,1,35,6,-1,-1,-1,-1,1,1,E01024590,0
Unvalidated,2024461451649,2024,461451649,2,9,0,18,7,3,0,1,0,0,0,0,1,1,5,2,49,8,-1,-1,-1,-1,10,3,E01032655,0
Unvalidated,2024461451717,2024,461451717,1,5,0,18,3,4,0,1,1,0,0,0,1,1,5,1,43,7,-1,-1,-1,-1,10,3,E01032827,0
Unvalidated,2024461451723,2024,461451723,1,5,0,8,5,2,9,0,0,0,0,0,2,1,5,1,46,8,-1,-1,-1,-1,3,1,E01001552,0
Unvalidated,2024461451723,2024,461451723,2,5,0,8,5,6,9,0,0,0,0,0,1,1,5,2,42,7,-1,-1,-1,-1,3,1,E01001552,0
Unvalidated,2024461451768,2024,461451768,1,9,0,18,3,7,0,2,0,0,0,0,4,1,6,2,64,9,-1,-1,-1,-1,5,1,E01024194,0
Unvalidated,2024461451783,2024,461451783,1,1,0,18,2,5,0,1,0,0,0,0,1,1,5,1,32,6,-1,-1,-1,-1,1,1,E01024666,0
Unvalidated,2024461451783,2024,461451783,2,21,0,18,1,1,0,1,0,0,0,0,1,2,1,1,52,8,-1,-1,-1,-1,-1,-1,-1,0
Unvalidated,2024461451821,2024,461451821,1,9,0,-1,-1,-1,0,0,0,0,0,0,-1,1,6,3,-1,-1,-1,-1,-1,-1,-1,-1,-1,0
Unvalidated,2024461451857,2024,461451857,1,9,0,9,3,1,0,8,0,0,0,0,1,1,6,3,-1,-1,-1,-1,-1,-1,-1,-1,-1,0
Unvalidated,2024461451857,2024,461451857,2,1,0,18,7,3,0,8,5,0,0,0,1,1,6,1,-1,-1,-1,-1,-1,-1,8,1,E01024721,0
Unvalidated,2024461452000,2024,461452000,1,9,0,11,1,2,0,8,0,0,0,0,4,1,5,2,19,4,-1,-1,-1,-1,3,1,E01024241,0
Unvalidated,2024461452000,2024,461452000,2,5,0,18,1,1,0,8,1,10,2,0,3,1,6,1,30,6,-1,-1,-1,-1,5,1,E01024383,0
Unvalidated,2024461452047,2024,461452047,1,9,0,1,3,3,0,0,0,4,1,0,2,1,5,2,55,8,-1,-1,-1,-1,5,1,E01024640,0
Unvalidated,2024461452047,2024,461452047,2,9,0,2,0,0,0,0,0,0,0,0,1,1,6,3,-1,-1,-1,-1,-1,-1,-1,-1,-1,0
Unvalidated,2024461452047,2024,461452047,3,9,0,2,0,0,0,0,0,0,0,0,1,1,6,3,-1,-1,-1,-1,-1,-1,-1,-1,-1,0
Unvalidated,2024461452107,2024,461452107,1,9,0,5,7,1,0,6,0,0,1,0,3,1,5,2,73,10,-1,-1,-1,-1,2,1,E01024374,0
Unvalidated,2024461452107,2024,461452107,2,9,0,18,5,1,0,1,0,0,0,0,4,1,5,2,56,9,-1,-1,-1,-1,-1,3,-1,0
Unvalidated,2024461452272,2024,461452272,1,9,0,18,1,5,0,0,0,0,0,0,1,2,6,1,61,9,-1,-1,-1,-1,-1,-1,-1,0
Unvalidated,2024461452272,2024,461452272,2,9,0,18,1,5,0,0,0,0,0,0,2,2,6,2,32,6,-1,-1,-1,-1,5,2,E01024774,0
Unvalidated,2024461452272,2024,461452272,3,9,0,18,1,5,0,0,0,0,0,0,2,2,6,2,42,7,-1,-1,-1,-1,-1,-1,-1,0
Unvalidated,2024461452293,2024,461452293,1,9,0,18,4,2,0,0,1,0,0,0,1,1,5,2,75,10,-1,-1,-1,-1,9,2,E01024827,0
Unvalidated,2024461452293,2024,461452293,2,9,0,18,2,4,0,0,0,0,0,0,3,1,5,1,64,9,-1,-1,-1,-1,7,1,E01024766,0
Unvalidated,2024461452293,2024,461452293,3,9,0,18,2,4,0,0,0,0,0,0,1,1,1,2,46,8,-1,-1,-1,-1,4,2,E01024747,0
Unvalidated,2024461452296,2024,461452296,1,9,0,7,1,5,0,0,0,0,0,0,1,1,5,1,58,9,-1,-1,-1,-1,8,3,E01021171,0
Unvalidated,2024461452296,2024,461452296,2,1,0,18,1,5,0,0,0,0,0,0,4,1,6,1,48,8,-1,-1,-1,-1,-1,-1,-1,0
Unvalidated,2024461452303,2024,461452303,1,9,0,18,6,4,0,1,0,0,0,0,1,1,6,1,30,6,-1,-1,-1,-1,1,1,E01000595,0
Unvalidated,2024461452303,2024,461452303,2,23,0,18,6,4,0,1,0,0,0,0,1,1,1,1,18,4,-1,-1,-1,-1,8,1,E01024045,0
Unvalidated,2024461452375,2024,461452375,1,9,0,18,5,1,0,1,0,0,0,0,1,1,6,3,-1,-1,-1,-1,-1,-1,-1,-1,-1,0
Unvalidated,2024461452375,2024,461452375,2,9,0,8,5,1,0,1,0,0,0,0,2,1,6,1,50,8,-1,-1,-1,-1,10,2,E01024320,0
Unvalidated,2024461452394,2024,461452394,1,97,0,18,3,7,0,0,0,0,0,0,1,1,6,3,-1,-1,-1,-1,-1,-1,-1,-1,-1,0
Unvalidated,2024461452394,2024,461452394,2,97,0,18,3,7,0,0,0,0,0,0,1,1,6,3,-1,-1,-1,-1,-1,-1,-1,-1,-1,0
Unvalidated,2024461452444,2024,461452444,1,9,0,18,-1,-1,0,7,0,0,0,0,1,1,6,3,-1,-1,-1,-1,-1,-1,-1,-1,-1,0
Unvalidated,2024461452444,2024,461452444,2,9,0,4,-1,-1,0,7,0,0,0,0,2,1,6,1,25,5,-1,-1,-1,-1,9,2,E01024827,0
Unvalidated,2024461452459,2024,461452459,1,98,1,18,5,1,0,2,0,0,0,0,4,2,6,3,-1,-1,-1,-1,-1,-1,-1,-1,-1,0
Unvalidated,2024461452459,2024,461452459,2,19,0,18,1,5,0,2,0,0,0,0,3,2,1,1,39,7,-1,-1,-1,-1,-1,-1,-1,0
Unvalidated,2024461452464,2024,461452464,1,17,0,11,1,5,0,0,0,0,0,0,1,1,6,1,-1,-1,-1,-1,-1,-1,-1,-1,-1,0
Unvalidated,2024461452464,2024,461452464,2,9,0,4,1,5,0,0,0,0,0,0,2,1,6,2,30,6,-1,-1,-1,-1,1,1,E01024155,0
Unvalidated,2024461452496,2024,461452496,1,9,0,18,7,3,0,2,0,0,0,0,1,1,5,1,33,6,-1,-1,-1,-1,1,1,E01024678,0
Unvalidated,2024461452496,2024,461452496,2,9,0,4,7,3,0,2,0,0,0,0,2,1,5,2,46,8,-1,-1,-1,-1,5,1,E01024716,0
Unvalidated,2024461452499,2024,461452499,1,9,0,18,1,5,0,5,0,0,0,0,1,1,6,1,31,6,-1,-1,-1,-1,1,3,E01024618,0
Unvalidated,2024461452499,2024,461452499,2,90,0,18,5,1,0,1,0,0,0,0,1,1,6,1,17,4,-1,-1,-1,-1,2,1,E01023975,1
Unvalidated,2024461452631,2024,461452631,1,9,0,18,6,2,0,0,5,0,0,0,1,1,2,1,31,6,-1,-1,-1,-1,4,2,E01024190,0
Unvalidated,2024461452762,2024,461452762,1,9,0,18,2,4,0,0,0,0,0,0,1,1,6,3,-1,-1,-1,-1,-1,-1,-1,-1,-1,0
Unvalidated,2024461452762,2024,461452762,2,9,0,4,2,4,0,0,0,0,0,0,2,1,1,2,55,8,-1,-1,-1,-1,6,1,E01024589,0
Unvalidated,2024461452825,2024,461452825,1,9,0,5,8,8,0,8,0,0,0,0,1,1,5,2,32,6,-1,-1,-1,-1,6,1,E01024130,0
Unvalidated,2024461452873,2024,461452873,1,9,0,18,7,3,0,0,1,0,2,0,2,1,2,1,63,9,-1,-1,-1,-1,8,1,E01033088,0
Unvalidated,2024461452873,2024,461452873,2,21,1,18,7,3,0,0,0,0,0,0,1,1,1,1,49,8,-1,-1,-1,-1,-1,-1,-1,0
Unvalidated,2024461452927,2024,461452927,1,9,0,18,6,2,0,1,0,0,0,0,1,1,5,2,77,11,-1,-1,-1,-1,4,3,E01024570,0
Unvalidated,2024461452927,2024,461452927,2,97,0,18,3,7,0,1,0,0,0,0,1,1,5,1,45,7,-1,-1,-1,-1,4,3,E01016143,0
Unvalidated,2024461453101,2024,461453101,1,1,0,18,1,5,0,0,0,0,0,0,3,1,5,2,30,6,-1,-1,-1,-1,-1,-1,-1,0
Unvalidated,2024461453108,2024,461453108,1,9,0,18,3,7,0,1,0,0,0,0,1,1,5,1,61,9,-1,-1,-1,-1,1,1,E01016031,0
Unvalidated,2024461453108,2024,461453108,2,9,0,18,3,7,0,1,0,0,0,0,1,1,5,1,32,6,-1,-1,-1,-1,5,1,E01016034,0
Unvalidated,2024461453133,2024,461453133,1,9,0,10,5,6,0,1,0,0,0,0,1,1,6,1,24,5,-1,-1,-1,-1,4,1,E01024118,0
Unvalidated,2024461453133,2024,461453133,2,19,0,18,7,5,0,1,1,0,3,10,1,1,6,1,21,5,-1,-1,-1,-1,6,3,E01024245,0
Unvalidated,2024461453154,2024,461453154,1,3,0,7,5,8,0,6,0,0,0,0,3,1,6,3,-1,-1,-1,-1,-1,-1,-1,-1,-1,0
Unvalidated,2024461453156,2024,461453156,1,9,0,18,2,4,0,0,0,0,0,0,1,1,5,1,19,4,-1,-1,-1,-1,5,1,E01024638,0
Unvalidated,2024461453256,2024,461453256,1,4,0,18,7,3,0,1,0,0,0,0,1,1,5,1,67,10,-1,-1,-1,-1,2,1,E01024028,0
Unvalidated,2024461453256,2024,461453256,2,9,0,3,7,3,0,1,0,0,0,0,2,1,5,1,24,5,-1,-1,-1,-1,5,3,E01024532,0
Unvalidated,2024461453270,2024,461453270,1,21,4,13,5,1,0,0,0,0,0,0,4,2,2,1,56,9,-1,-1,-1,-1,-1,-1,-1,0
Unvalidated,2024461453270,2024,461453270,2,9,0,18,5,1,0,0,0,0,0,0,3,1,2,2,37,7,-1,-1,-1,-1,10,2,E01024724,0
Unvalidated,2024461453289,2024,461453289,1,9,0,11,7,4,0,0,0,0,1,0,2,1,5,1,38,7,-1,-1,-1,-1,6,3,E01017834,0
Unvalidated,2024461453289,2024,461453289,2,4,0,18,1,4,0,0,0,0,0,0,1,1,5,1,23,5,-1,-1,-1,-1,9,1,E01023319,0
Unvalidated,2024461453364,2024,461453364,1,98,0,18,1,5,0,0,1,11,7,11,1,1,5,1,46,8,-1,-1,-1,-1,-1,-1,-1,0
Unvalidated,2024461453376,2024,461453376,1,9,0,18,5,1,0,0,0,0,0,0,1,1,5,1,35,6,-1,-1,-1,-1,9,3,E01021168,0
Unvalidated,2024461453376,2024,461453376,2,9,0,18,1,5,0,0,0,0,0,0,3,1,5,1,68,10,-1,-1,-1,-1,5,3,E01030834,0
Unvalidated,2024461453397,2024,461453397,1,9,0,5,2,3,0,0,0,0,0,0,1,1,2,1,25,5,-1,-1,-1,-1,9,1,E01016060,0
Unvalidated,2024461453397,2024,461453397,2,9,0,18,7,5,0,0,0,0,0,0,4,1,5,1,57,9,-1,-1,-1,-1,1,2,E01024581,0
Unvalidated,2024461453440,2024,461453440,1,9,0,18,7,3,0,0,0,0,1,4,1,1,6,2,22,5,-1,-1,-1,-1,9,3,E01024431,0
Unvalidated,2024461453446,2024,461453446,1,9,0,13,7,4,0,1,0,0,8,0,3,1,6,1,38,7,-1,-1,-1,-1,6,3,E01024544,0
Unvalidated,2024461453446,2024,461453446,2,8,0,18,7,6,0,1,0,0,0,0,4,1,6,1,39,7,-1,-1,-1,-1,1,1,E01024658,0
Unvalidated,2024461453578,2024,461453578,1,9,0,18,1,5,0,0,0,4,0,0,1,1,5,2,75,10,-1,-1,-1,-1,5,1,E01024654,0
Unvalidated,2024461453578,2024,461453578,2,9,0,2,0,0,0,0,0,0,0,0,3,1,5,3,-1,-1,-1,-1,-1,-1,-1,-1,-1,0
Unvalidated,2024461453626,2024,461453626,1,9,0,18,5,1,9,1,0,0,1,0,1,1,2,2,39,7,-1,-1,-1,-1,2,1,E01016117,0
Unvalidated,2024461453634,2024,461453634,1,9,0,18,3,7,0,0,0,0,0,0,0,1,6,3,-1,-1,-1,-1,-1,-1,-1,-1,-1,0
Unvalidated,2024461453634,2024,461453634,2,9,0,18,3,7,0,0,0,0,0,0,1,1,6,1,71,10,-1,-1,-1,-1,-1,-1,-1,0
Unvalidated,2024461453634,2024,461453634,3,9,0,18,3,7,0,0,0,0,0,0,2,1,6,1,51,8,-1,-1,-1,-1,5,2,E01024815,0
Unvalidated,2024461453634,2024,461453634,4,9,0,18,3,7,0,0,0,0,0,0,2,1,6,2,39,7,-1,-1,-1,-1,9,1,E01000759,0
Unvalidated,2024461453680,2024,461453680,1,9,0,18,5,1,0,4,0,0,0,0,3,1,6,2,21,5,-1,-1,-1,-1,3,1,E01016155,0
Unvalidated,2024461453680,2024,461453680,2,4,0,18,3,7,0,3,5,0,0,0,1,1,6,1,48,8,-1,-1,-1,-1,3,1,E01016154,0
Unvalidated,2024461453695,2024,461453695,1,9,0,7,-1,-1,0,2,0,0,0,0,1,1,6,2,21,5,-1,-1,-1,-1,2,1,E01024020,0
Unvalidated,2024461453695,2024,461453695,2,1,0,18,-1,-1,0,1,0,0,0,0,1,1,4,1,15,3,-1,-1,-1,-1,9,1,E01032813,0
Unvalidated,2024461453698,2024,461453698,1,9,0,18,7,3,0,5,1,0,0,0,1,1,6,1,-1,-1,-1,-1,-1,-1,-1,-1,-1,0
Unvalidated,2024461453698,2024,461453698,2,9,0,3,7,3,0,2,0,0,0,0,2,1,6,2,30,6,-1,-1,-1,-1,6,3,E01023988,0
Unvalidated,2024461453700,2024,461453700,1,9,0,18,3,7,0,8,0,0,0,0,1,1,6,1,-1,-1,-1,-1,-1,-1,-1,-1,-1,0
Unvalidated,2024461453716,2024,461453716,1,9,0,7,-1,-1,0,0,0,0,0,0,0,1,6,3,-1,-1,-1,-1,-1,-1,-1,-1,-1,0
Unvalidated,2024461453716,2024,461453716,2,5,0,18,-1,-1,0,0,0,0,1,4,0,1,6,1,40,7,-1,-1,-1,-1,10,1,E01024720,0
Unvalidated,2024461453761,2024,461453761,1,9,0,18,1,5,0,0,0,0,0,0,1,1,6,1,-1,-1,-1,-1,-1,-1,-1,-1,-1,0
Unvalidated,2024461453761,2024,461453761,2,9,0,3,1,5,0,0,0,0,0,0,2,1,6,2,27,6,-1,-1,-1,-1,7,3,E01021088,0
Unvalidated,2024461453783,2024,461453783,1,19,0,14,1,5,0,0,0,0,0,0,3,1,6,1,-1,-1,-1,-1,-1,-1,-1,-1,-1,0
Unvalidated,2024461453783,2024,461453783,2,1,0,4,1,5,0,0,0,0,0,0,4,1,2,1,34,6,-1,-1,-1,-1,6,1,E01024172,0
Unvalidated,2024461453883,2024,461453883,1,9,0,18,1,5,9,0,0,0,1,11,1,1,6,1,37,7,-1,-1,-1,-1,4,1,E01016177,0
Unvalidated,2024461453883,2024,461453883,2,9,0,2,1,5,0,0,0,0,0,0,0,1,5,1,27,6,-1,-1,-1,-1,1,1,E01016024,0
Unvalidated,2024461454083,2024,461454083,1,9,0,18,5,1,0,0,2,0,2,4,4,1,5,1,26,6,-1,-1,-1,-1,5,3,E01024565,0
Unvalidated,2024461454166,2024,461454166,1,19,0,18,5,3,0,3,0,0,1,0,1,1,6,1,30,6,-1,-1,-1,-1,8,1,E01024004,0
Unvalidated,2024461454166,2024,461454166,2,9,0,18,5,3,0,8,0,0,0,0,2,1,6,1,67,10,-1,-1,-1,-1,2,1,E01024214,0
Unvalidated,2024461454262,2024,461454262,1,9,0,9,3,7,0,1,0,0,0,0,4,1,6,3,-1,-1,-1,-1,-1,-1,-1,-1,-1,0
Unvalidated,2024461454262,2024,461454262,2,1,0,18,7,3,0,1,0,0,0,0,3,1,6,2,37,7,-1,-1,-1,-1,1,1,E01001714,0
Unvalidated,2024461454295,2024,461454295,1,9,0,6,1,8,0,0,0,0,0,0,4,1,2,2,61,9,-1,-1,-1,-1,2,1,E01024646,0
Unvalidated,2024461454295,2024,461454295,2,5,0,18,1,1,0,0,0,0,0,0,1,1,6,1,19,4,-1,-1,-1,-1,2,1,E01024061,0
Unvalidated,2024461454411,2024,461454411,1,9,0,18,4,4,0,0,0,0,0,0,1,1,6,1,21,5,-1,-1,-1,-1,-1,-1,-1,0
Unvalidated,2024461454540,2024,461454540,1,9,0,18,6,2,0,2,2,0,8,11,3,1,5,1,18,4,-1,-1,-1,-1,6,3,E01024546,0
Unvalidated,2024461454582,2024,461454582,1,9,0,18,3,7,0,0,0,0,2,10,1,1,5,1,18,4,-1,-1,-1,-1,1,1,E01024240,0
Unvalidated,2024461454582,2024,461454582,2,9,0,18,7,3,0,0,0,0,0,0,1,1,6,2,18,4,-1,-1,-1,-1,6,3,E01024544,0
Unvalidated,2024461454605,2024,461454605,1,9,0,18,5,1,0,0,0,0,2,0,4,1,6,1,23,5,-1,-1,-1,-1,-1,2,-1,0
Unvalidated,2024461454613,2024,461454613,1,9,0,18,5,7,0,1,1,0,0,0,2,1,6,2,18,4,-1,-1,-1,-1,6,2,E01016076,0
Unvalidated,2024461454613,2024,461454613,2,9,0,18,5,7,0,1,0,0,0,0,1,1,5,1,31,6,-1,-1,-1,-1,5,2,E01016149,0
Unvalidated,2024461454843,2024,461454843,1,-1,0,18,8,4,0,0,0,0,0,0,1,1,6,3,-1,-1,-1,-1,-1,-1,-1,-1,-1,0
Unvalidated,2024461454911,2024,461454911,1,9,0,18,7,3,0,4,0,0,0,0,1,1,6,2,-1,-1,-1,-1,-1,-1,-1,-1,-1,0
Unvalidated,2024461454911,2024,461454911,2,2,0,9,3,7,0,4,2,0,0,0,1,1,6,1,49,8,-1,-1,-1,-1,2,1,E01016140,0
Unvalidated,2024461455032,2024,461455032,1,9,0,10,2,8,0,1,0,0,0,0,1,1,5,2,19,4,-1,-1,-1,-1,4,2,E01024132,0
Unvalidated,2024461455032,2024,461455032,2,19,0,18,8,4,0,8,0,0,0,0,1,1,1,1,23,5,-1,-1,-1,-1,8,2,E01024434,0
Unvalidated,2024461455057,2024,461455057,1,1,0,18,5,1,0,0,2,0,0,0,3,1,5,1,88,11,-1,-1,-1,-1,7,1,E01024405,0
Unvalidated,2024461455099,2024,461455099,1,9,0,1,5,4,0,1,0,0,0,0,2,1,6,1,63,9,-1,-1,-1,-1,3,1,E01016173,0
Unvalidated,2024461455099,2024,461455099,2,9,0,3,5,4,0,1,0,0,0,0,3,1,1,2,34,6,-1,-1,-1,-1,4,1,E01016100,0
Unvalidated,2024461455130,2024,461455130,1,9,0,-1,-1,-1,-1,0,-1,-1,-1,0,-1,1,6,3,-1,-1,-1,-1,-1,-1,-1,-1,-1,0
Unvalidated,2024461455130,2024,461455130,2,3,0,-1,-1,-1,-1,0,-1,-1,-1,0,-1,1,1,1,-1,-1,-1,-1,-1,-1,6,3,E01021148,0
Unvalidated,2024461455157,2024,461455157,1,9,0,18,3,7,0,0,0,2,0,0,1,1,6,1,19,4,-1,-1,-1,-1,2,1,E01016160,0
Unvalidated,2024461455157,2024,461455157,2,2,0,18,3,7,0,0,0,0,0,0,3,1,1,1,63,9,-1,-1,-1,-1,7,3,E01024573,0
Unvalidated,2024461455220,2024,461455220,1,9,0,18,4,8,0,2,0,0,0,0,4,1,5,2,23,5,-1,-1,-1,-1,5,1,E01024673,0
Unvalidated,2024461455261,2024,461455261,1,9,0,18,7,4,0,8,0,0,0,0,1,1,3,2,34,6,-1,-1,-1,-1,6,1,E01024303,0
Unvalidated,2024461455261,2024,461455261,2,3,0,18,7,5,0,8,2,0,0,0,4,1,5,1,38,7,-1,-1,-1,-1,3,1,E01024310,0
Unvalidated,2024461455378,2024,461455378,1,9,0,4,7,3,0,1,0,0,0,0,1,1,5,2,61,9,-1,-1,-1,-1,3,1,E01029036,0
Unvalidated,2024461455378,2024,461455378,2,19,0,18,5,1,0,1,0,0,0,0,1,1,1,1,47,8,-1,-1,-1,-1,2,2,E01024192,0
Unvalidated,2024461455392,2024,461455392,1,9,0,18,5,3,0,1,0,0,0,0,4,1,6,1,61,9,-1,-1,-1,-1,-1,-1,-1,0
Unvalidated,2024461455426,2024,461455426,1,9,0,18,8,4,0,0,0,0,0,0,1,1,3,2,33,6,-1,-1,-1,-1,6,1,E01024520,0