status,collision_index,collision_year,collision_reference,vehicle_reference,vehicle_type,towing_and_articulation,vehicle_manoeuvre,vehicle_direction_from,vehicle_direction_to,vehicle_location_restricted_lane,junction_location,skidding_and_overturning,hit_object_in_carriageway,vehicle_leaving_carriageway,hit_object_off_carriageway,first_point_of_impact,vehicle_left_hand_drive,journey_purpose_of_driver,sex_of_driver,age_of_driver,age_band_of_driver,engine_capacity_cc,propulsion_code,age_of_vehicle,generic_make_model,driver_imd_decile,driver_home_area_type,lsoa_of_driver,escooter_flag
Unvalidated,2024461455481,2024,461455481,1,9,0,18,2,5,0,0,5,0,1,0,1,1,5,1,79,11,-1,-1,-1,-1,5,3,E01024032,0
Unvalidated,2024461455511,2024,461455511,1,9,0,18,8,1,0,0,5,0,0,0,1,1,5,2,18,4,-1,-1,-1,-1,8,1,E01024514,0
Unvalidated,2024461455511,2024,461455511,2,9,0,18,5,6,0,0,0,0,0,0,1,1,5,2,18,4,-1,-1,-1,-1,6,3,E01024054,0
Unvalidated,2024461455547,2024,461455547,1,3,0,14,6,2,0,6,2,0,7,11,1,1,6,1,17,4,-1,-1,-1,-1,6,1,E01024065,0
Unvalidated,2024461455547,2024,461455547,2,9,0,10,7,4,0,8,0,0,0,0,3,1,5,2,39,7,-1,-1,-1,-1,7,1,E01024064,0
Unvalidated,2024461455552,2024,461455552,1,2,0,18,5,3,0,0,0,4,0,0,1,1,6,1,16,4,-1,-1,-1,-1,10,1,E01024233,0
Unvalidated,2024461455552,2024,461455552,2,9,0,2,0,0,9,0,0,0,0,0,3,1,6,3,-1,-1,-1,-1,-1,-1,-1,-1,-1,0
Unvalidated,2024461455563,2024,461455563,1,9,0,18,7,3,0,0,0,0,0,0,3,1,6,2,35,6,-1,-1,-1,-1,6,2,E01031770,0
Unvalidated,2024461455563,2024,461455563,2,9,0,18,7,3,0,0,0,0,0,0,4,1,6,1,69,10,-1,-1,-1,-1,10,1,E01031823,0
Unvalidated,2024461455566,2024,461455566,1,21,4,12,1,5,0,0,0,0,0,0,3,1,6,1,60,9,-1,-1,-1,-1,-1,-1,-1,0
Unvalidated,2024461455566,2024,461455566,2,9,0,13,1,5,0,0,0,0,0,0,4,1,6,1,75,10,-1,-1,-1,-1,9,3,E01022601,0
Unvalidated,2024461455584,2024,461455584,1,9,0,7,5,7,0,8,0,0,0,0,1,1,2,2,38,7,-1,-1,-1,-1,3,1,E01024263,0
Unvalidated,2024461455584,2024,461455584,2,9,0,18,3,7,0,1,0,0,0,0,1,1,2,2,36,7,-1,-1,-1,-1,5,1,E01024283,0
Unvalidated,2024461455586,2024,461455586,1,9,0,3,4,3,0,1,0,0,0,0,1,1,6,1,50,8,-1,-1,-1,-1,1,1,E01024305,0
Unvalidated,2024461455597,2024,461455597,1,9,0,18,-1,-1,0,0,0,0,0,0,4,1,6,1,49,8,-1,-1,-1,-1,5,1,E01033087,0
Unvalidated,2024461455597,2024,461455597,2,9,0,18,-1,-1,0,0,0,0,0,0,3,1,6,2,41,7,-1,-1,-1,-1,10,1,E01024329,0
Unvalidated,2024461455658,2024,461455658,1,9,0,9,7,5,0,6,1,11,0,0,4,1,5,2,79,11,-1,-1,-1,-1,4,3,E01024533,0
Unvalidated,2024461455658,2024,461455658,2,9,0,18,5,1,0,1,1,0,0,0,1,1,2,1,27,6,-1,-1,-1,-1,4,2,E01024535,0
Unvalidated,2024461455663,2024,461455663,1,9,0,18,5,8,0,1,0,0,0,0,-1,1,5,3,-1,-1,-1,-1,-1,-1,-1,-1,-1,0
Unvalidated,2024461455704,2024,461455704,1,2,0,18,3,7,0,0,0,0,0,0,-1,1,5,3,-1,-1,-1,-1,-1,-1,-1,-1,-1,0
Unvalidated,2024461455918,2024,461455918,1,9,0,18,1,5,0,0,0,0,7,0,1,1,6,3,99,11,-1,-1,-1,-1,-1,-1,-1,0
Unvalidated,2024461455918,2024,461455918,2,9,0,18,5,1,0,0,0,0,0,0,4,1,6,1,29,6,-1,-1,-1,-1,4,1,E01024290,0
Unvalidated,2024461455937,2024,461455937,1,9,0,18,6,2,0,0,0,0,0,0,1,1,5,2,33,6,-1,-1,-1,-1,9,1,E01023993,0
Unvalidated,2024461455937,2024,461455937,2,1,0,7,2,6,0,0,0,0,0,0,4,1,2,1,43,7,-1,-1,-1,-1,4,1,E01024002,0
Unvalidated,2024461455972,2024,461455972,1,98,0,7,3,5,0,0,0,0,3,0,1,1,6,1,-1,-1,-1,-1,-1,-1,4,2,E01024132,0
Unvalidated,2024461455972,2024,461455972,2,9,0,18,1,5,0,0,0,0,0,0,0,1,5,1,39,7,-1,-1,-1,-1,7,3,E01024267,0
Unvalidated,2024461455996,2024,461455996,1,9,0,17,8,1,0,0,0,4,0,0,1,1,5,2,34,6,-1,-1,-1,-1,5,1,E01016065,0
Unvalidated,2024461455996,2024,461455996,2,9,0,2,0,0,0,0,0,0,7,0,1,1,6,3,-1,-1,-1,-1,-1,-1,-1,-1,-1,0
Unvalidated,2024461456138,2024,461456138,1,9,0,4,3,7,0,0,1,0,0,0,1,1,6,1,35,6,-1,-1,-1,-1,6,1,E01013837,0
Unvalidated,2024461456138,2024,461456138,2,9,0,4,3,7,0,0,1,0,0,0,2,1,6,1,44,7,-1,-1,-1,-1,8,1,E01000453,0
Unvalidated,2024461456168,2024,461456168,1,9,0,9,8,6,0,5,0,0,0,0,3,1,6,2,19,4,-1,-1,-1,-1,8,3,E01024451,0
Unvalidated,2024461456168,2024,461456168,2,9,0,18,4,8,0,1,0,0,0,0,1,1,6,2,30,6,-1,-1,-1,-1,6,2,E01024728,0
Unvalidated,2024461456170,2024,461456170,1,19,0,4,4,8,0,0,0,0,0,0,1,1,1,1,19,4,-1,-1,-1,-1,4,1,E01021127,0
Unvalidated,2024461456170,2024,461456170,2,19,0,4,6,2,0,0,0,0,0,0,2,1,1,1,28,6,-1,-1,-1,-1,6,2,E01024807,0
Unvalidated,2024461456170,2024,461456170,3,19,0,3,4,2,0,0,0,0,0,0,2,1,1,1,59,9,-1,-1,-1,-1,3,1,E01019487,0
Unvalidated,2024461456170,2024,461456170,4,9,0,3,4,2,0,0,0,0,0,0,2,1,1,1,21,5,-1,-1,-1,-1,8,3,E01021140,0
Unvalidated,2024461456234,2024,461456234,1,9,0,4,8,8,0,0,0,0,0,0,1,1,6,1,80,11,-1,-1,-1,-1,10,1,E01016243,0
Unvalidated,2024461456234,2024,461456234,2,9,0,4,8,8,0,0,0,0,0,0,2,1,6,1,77,11,-1,-1,-1,-1,6,1,E01021087,0
Unvalidated,2024461456234,2024,461456234,3,9,0,4,8,8,0,0,0,0,0,0,2,1,6,1,57,9,-1,-1,-1,-1,4,1,E01002001,0
Unvalidated,2024461456234,2024,461456234,4,9,0,3,8,8,0,0,0,0,0,0,2,1,6,1,44,7,-1,-1,-1,-1,4,1,E01009689,0
Unvalidated,2024461456238,2024,461456238,1,9,0,18,6,2,0,0,0,0,0,0,3,2,6,3,-1,-1,-1,-1,-1,-1,-1,-1,-1,0
Unvalidated,2024461456238,2024,461456238,2,9,0,18,7,3,0,0,0,0,0,0,3,1,5,1,30,6,-1,-1,-1,-1,2,1,E01023975,0
Unvalidated,2024461456247,2024,461456247,1,9,0,18,6,2,0,8,1,10,1,1,1,1,5,1,39,7,-1,-1,-1,-1,7,1,E01024719,0
Unvalidated,2024461456321,2024,461456321,1,9,0,4,6,2,0,0,1,0,0,0,1,1,6,2,19,4,-1,-1,-1,-1,5,2,E01016149,0
Unvalidated,2024461456321,2024,461456321,2,9,0,4,6,2,0,0,0,0,0,0,4,1,6,2,55,8,-1,-1,-1,-1,10,3,E01032827,0
Unvalidated,2024461456446,2024,461456446,1,19,0,18,2,4,0,0,0,0,0,0,0,1,6,1,22,5,-1,-1,-1,-1,8,1,E01032819,0
Unvalidated,2024461456446,2024,461456446,2,9,0,18,6,2,0,0,1,0,1,3,1,1,5,2,27,6,-1,-1,-1,-1,2,1,E01023973,0
Unvalidated,2024461456490,2024,461456490,1,9,0,5,3,7,9,0,5,0,1,4,1,1,6,1,19,4,-1,-1,-1,-1,8,3,E01024451,0
Unvalidated,2024461456535,2024,461456535,1,9,0,13,2,6,0,1,1,0,0,0,1,1,6,1,25,5,-1,-1,-1,-1,6,1,E01024070,0
Unvalidated,2024461456535,2024,461456535,2,9,0,18,1,6,0,6,0,0,0,0,2,1,6,1,18,4,-1,-1,-1,-1,5,1,E01024640,0
Unvalidated,2024461456540,2024,461456540,1,9,0,9,3,2,0,0,0,0,1,0,4,1,2,1,58,9,-1,-1,-1,-1,4,1,E01016137,0
Unvalidated,2024461456540,2024,461456540,2,5,0,18,2,5,0,0,0,0,0,0,1,1,2,1,34,6,-1,-1,-1,-1,10,1,E01016132,0
Unvalidated,2024461456543,2024,461456543,1,9,0,18,3,7,0,4,1,10,3,0,1,1,5,1,42,7,-1,-1,-1,-1,4,1,E01024162,0
Unvalidated,2024461456549,2024,461456549,1,9,0,3,7,3,0,1,0,0,0,0,1,1,6,3,-1,-1,-1,-1,-1,-1,-1,-1,-1,0
Unvalidated,2024461456549,2024,461456549,2,9,0,3,7,3,0,1,0,0,0,0,2,1,6,2,40,7,-1,-1,-1,-1,9,1,E01016096,0
Unvalidated,2024461456550,2024,461456550,1,3,0,15,7,3,0,0,0,0,0,0,1,1,6,1,17,4,-1,-1,-1,-1,8,1,E01016138,0
Unvalidated,2024461456550,2024,461456550,2,9,0,10,7,3,0,0,0,0,0,0,2,1,5,1,28,6,-1,-1,-1,-1,5,1,E01016116,0
Unvalidated,2024461456581,2024,461456581,1,9,-1,-1,5,1,0,0,0,0,0,0,-1,1,6,1,-1,-1,-1,-1,-1,-1,3,1,E01016012,0
Unvalidated,2024461456581,2024,461456581,2,9,0,18,5,1,0,0,0,0,0,0,3,1,5,2,53,8,-1,-1,-1,-1,4,1,E01024690,0
Unvalidated,2024461456583,2024,461456583,1,9,0,18,7,3,0,1,0,0,0,0,1,1,6,3,-1,-1,-1,-1,-1,-1,-1,-1,-1,0
Unvalidated,2024461456596,2024,461456596,1,9,0,17,7,3,0,0,0,0,0,0,1,1,6,3,-1,-1,-1,-1,-1,-1,-1,-1,-1,0
Unvalidated,2024461456596,2024,461456596,2,9,0,17,7,3,0,0,0,0,0,0,2,1,6,2,57,9,-1,-1,-1,-1,3,1,E01021892,0
Unvalidated,2024461456601,2024,461456601,1,19,0,18,7,3,0,1,0,0,0,0,1,1,6,1,44,7,-1,-1,-1,-1,10,1,E01016132,0
Unvalidated,2024461456601,2024,461456601,2,9,0,18,7,3,0,1,0,0,0,0,2,1,6,2,44,7,-1,-1,-1,-1,7,1,E01023450,0
Unvalidated,2024461456614,2024,461456614,1,1,0,18,7,3,0,1,9,0,0,0,1,1,6,1,-1,-1,-1,-1,-1,-1,9,1,E01024100,0
Unvalidated,2024461456614,2024,461456614,2,9,0,18,7,3,0,1,9,0,0,0,2,1,6,2,56,9,-1,-1,-1,-1,4,1,E01024120,0
Unvalidated,2024461456638,2024,461456638,1,9,0,18,1,4,0,0,0,0,0,0,1,1,6,1,51,8,-1,-1,-1,-1,4,2,E01016077,0
Unvalidated,2024461456641,2024,461456641,1,2,0,18,-1,-1,0,0,0,0,0,0,1,1,6,3,-1,-1,-1,-1,-1,-1,-1,-1,-1,0
Unvalidated,2024461456641,2024,461456641,2,9,0,4,-1,-1,0,0,0,0,0,0,2,1,6,1,67,10,-1,-1,-1,-1,4,1,E01024665,0
Unvalidated,2024461456693,2024,461456693,1,9,0,10,5,3,0,8,0,0,0,0,0,1,1,2,26,6,-1,-1,-1,-1,2,1,E01024477,0
Unvalidated,2024461456693,2024,461456693,2,19,0,9,7,5,0,4,0,0,0,0,1,1,1,1,44,7,-1,-1,-1,-1,3,1,E01003575,0
Unvalidated,2024461456693,2024,461456693,3,9,0,9,3,5,0,4,0,0,0,0,2,1,2,1,46,8,-1,-1,-1,-1,5,1,E01033577,0
Unvalidated,2024461456710,2024,461456710,1,9,0,18,7,2,0,0,0,0,2,7,1,1,6,2,26,6,-1,-1,-1,-1,3,2,E01032830,0
Unvalidated,2024461456710,2024,461456710,2,9,0,18,7,5,0,0,0,0,0,0,2,1,6,1,23,5,-1,-1,-1,-1,8,1,E01000451,0
Unvalidated,2024461456710,2024,461456710,3,8,0,18,2,3,0,0,0,0,0,0,4,1,1,1,61,9,-1,-1,-1,-1,9,1,E01004118,0
Unvalidated,2024461456798,2024,461456798,1,9,0,18,6,3,0,0,5,4,0,0,3,1,6,1,68,10,-1,-1,-1,-1,4,1,E01024593,0
Unvalidated,2024461456798,2024,461456798,2,9,0,2,0,0,0,0,0,4,0,0,2,1,6,1,54,8,-1,-1,-1,-1,4,1,E01024561,0
Unvalidated,2024461456934,2024,461456934,1,9,0,18,3,7,0,0,0,0,0,0,2,1,5,1,65,9,-1,-1,-1,-1,10,1,E01017763,0
Unvalidated,2024461456934,2024,461456934,2,5,0,18,3,7,0,0,0,0,0,0,1,1,5,1,47,8,-1,-1,-1,-1,3,1,E01016154,0
Unvalidated,2024461456937,2024,461456937,1,9,0,10,5,6,0,1,0,0,0,0,4,1,5,2,63,9,-1,-1,-1,-1,3,3,E01024549,0
Unvalidated,2024461456937,2024,461456937,2,97,0,15,5,5,0,1,1,0,0,0,1,1,6,1,32,6,-1,-1,-1,-1,-1,-1,-1,0
Unvalidated,2024461456959,2024,461456959,1,9,0,18,1,3,0,0,0,0,0,0,1,1,6,3,-1,-1,-1,-1,-1,-1,-1,-1,-1,0
Unvalidated,2024461456959,2024,461456959,2,9,0,3,1,3,0,0,0,0,0,0,2,1,6,1,35,6,-1,-1,-1,-1,6,2,E01016076,0
Unvalidated,2024461456974,2024,461456974,1,9,0,18,7,3,0,4,0,0,0,0,1,1,1,1,58,9,-1,-1,-1,-1,4,1,E01024284,0
Unvalidated,2024461456976,2024,461456976,1,19,0,18,1,3,0,0,0,0,0,0,1,1,6,1,-1,-1,-1,-1,-1,-1,6,1,E01001648,0
Unvalidated,2024461456976,2024,461456976,2,9,0,3,1,4,0,0,0,0,0,0,2,1,6,1,59,9,-1,-1,-1,-1,6,1,E01024367,0
Unvalidated,2024461457073,2024,461457073,1,3,0,13,5,1,0,8,1,0,0,0,0,1,2,1,21,5,-1,-1,-1,-1,8,3,E01024237,0
Unvalidated,2024461457073,2024,461457073,2,9,0,18,5,1,0,1,0,0,0,0,0,2,5,1,71,10,-1,-1,-1,-1,9,3,E01024253,0
Unvalidated,2024461457311,2024,461457311,1,9,0,18,5,1,0,0,5,10,0,0,1,1,5,1,25,5,-1,-1,-1,-1,-1,-1,-1,0
Unvalidated,2024461457311,2024,461457311,2,9,0,18,6,2,0,0,0,0,0,0,1,1,5,2,25,5,-1,-1,-1,-1,4,1,E01024048,0
Unvalidated,2024461457336,2024,461457336,1,3,0,13,2,6,0,0,1,0,0,0,1,1,6,2,31,6,-1,-1,-1,-1,7,1,E01024224,0
Unvalidated,2024461457336,2024,461457336,2,9,0,18,6,2,0,0,0,0,0,0,1,1,6,1,37,7,-1,-1,-1,-1,1,1,E01024682,0
Unvalidated,2024461457369,2024,461457369,1,9,0,18,3,7,6,0,1,7,0,0,1,1,5,1,49,8,-1,-1,-1,-1,3,1,E01001661,0
Unvalidated,2024461457384,2024,461457384,1,90,0,3,2,4,0,0,0,0,0,0,1,1,6,1,56,9,-1,-1,-1,-1,5,3,E01024039,0
Unvalidated,2024461457384,2024,461457384,2,9,0,3,2,4,0,0,1,0,0,0,2,1,5,2,41,7,-1,-1,-1,-1,6,3,E01024546,0
Unvalidated,2024461457389,2024,461457389,1,9,0,8,2,4,0,0,0,0,0,0,1,1,6,1,25,5,-1,-1,-1,-1,-1,-1,-1,0
Unvalidated,2024461457392,2024,461457392,1,19,0,18,5,7,0,8,0,0,0,0,0,1,6,1,-1,-1,-1,-1,-1,-1,3,1,E01003015,0
Unvalidated,2024461457392,2024,461457392,2,5,0,18,3,7,0,8,5,0,0,0,0,1,6,1,28,6,-1,-1,-1,-1,4,1,E01003213,0
Unvalidated,2024461457405,2024,461457405,1,90,0,18,5,1,9,0,0,0,0,0,2,1,6,1,-1,-1,-1,-1,-1,-1,-1,-1,-1,1
Unvalidated,2024461457421,2024,461457421,1,9,0,18,5,3,0,0,0,0,0,0,2,1,6,2,47,8,-1,-1,-1,-1,3,1,E01024264,0
Unvalidated,2024461457421,2024,461457421,2,9,0,4,2,4,0,0,1,0,0,0,3,1,5,1,18,4,-1,-1,-1,-1,5,3,E01032654,0
Unvalidated,2024461457427,2024,461457427,1,9,-1,18,-1,-1,-1,0,-1,-1,-1,0,1,1,6,3,-1,-1,-1,-1,-1,-1,-1,-1,-1,0
Unvalidated,2024461457427,2024,461457427,2,9,0,5,-1,-1,0,0,0,0,0,0,2,1,6,2,49,8,-1,-1,-1,-1,3,1,E01024392,0
Unvalidated,2024461457493,2024,461457493,1,9,0,13,7,3,0,0,1,10,0,0,3,1,6,2,37,7,-1,-1,-1,-1,8,3,E01024053,0
Unvalidated,2024461457493,2024,461457493,2,9,0,4,4,7,0,0,1,10,0,0,3,1,2,1,47,8,-1,-1,-1,-1,6,3,E01024054,0
Unvalidated,2024461457497,2024,461457497,1,9,0,-1,-1,-1,-1,-1,-1,-1,-1,0,1,1,6,1,55,8,-1,-1,-1,-1,2,1,E01024397,0
Unvalidated,2024461457522,2024,461457522,1,90,0,2,0,0,0,0,0,0,0,0,2,1,1,1,60,9,-1,-1,-1,-1,1,1,E01024611,0
Unvalidated,2024461457522,2024,461457522,2,9,0,18,4,8,0,0,0,0,0,0,1,1,5,2,18,4,-1,-1,-1,-1,2,1,E01023976,0
Unvalidated,2024461457669,2024,461457669,1,9,0,18,1,5,0,0,5,0,1,0,1,1,5,1,22,5,-1,-1,-1,-1,1,1,E01024390,0
Unvalidated,2024461457700,2024,461457700,1,9,0,18,4,8,0,0,5,11,1,0,1,1,6,2,45,7,-1,-1,-1,-1,9,1,E01000444,0
Unvalidated,2024461457708,2024,461457708,1,90,0,18,6,2,0,2,0,0,0,0,1,1,6,2,13,3,-1,-1,-1,-1,4,1,E01024217,1
Unvalidated,2024461457708,2024,461457708,2,9,0,18,4,8,0,1,0,0,0,0,1,1,6,2,52,8,-1,-1,-1,-1,5,1,E01024227,0
Unvalidated,2024461457730,2024,461457730,1,9,0,18,8,6,0,6,0,0,0,0,3,1,5,1,35,6,-1,-1,-1,-1,10,1,E01024147,0
Unvalidated,2024461457730,2024,461457730,2,9,0,18,7,6,0,1,0,0,0,0,1,1,1,1,54,8,-1,-1,-1,-1,10,1,E01024144,0
Unvalidated,2024461457748,2024,461457748,1,90,0,5,5,1,0,0,0,4,0,0,1,1,6,1,28,6,-1,-1,-1,-1,7,1,E01015966,0
Unvalidated,2024461457748,2024,461457748,2,9,0,2,3,7,0,0,0,0,0,0,2,1,5,1,23,5,-1,-1,-1,-1,-1,-1,-1,0
Unvalidated,2024461457749,2024,461457749,1,97,0,18,5,1,0,0,2,0,0,0,1,1,6,1,40,7,-1,-1,-1,-1,2,1,E01016136,0
Unvalidated,2024461457749,2024,461457749,2,9,0,18,1,5,0,0,1,0,7,0,3,1,6,1,59,9,-1,-1,-1,-1,8,3,E01024744,0
Unvalidated,2024461457760,2024,461457760,1,9,0,18,5,1,0,2,0,0,0,0,0,1,6,3,-1,-1,-1,-1,-1,-1,-1,-1,-1,0
Unvalidated,2024461457760,2024,461457760,2,9,0,10,1,5,0,1,0,0,0,0,4,1,6,1,25,5,-1,-1,-1,-1,5,2,E01024381,0
Unvalidated,2024461457760,2024,461457760,3,19,0,18,5,1,0,1,0,0,0,0,4,1,1,1,35,6,-1,-1,-1,-1,4,1,E01024384,0
Unvalidated,2024461457760,2024,461457760,4,9,0,18,5,1,0,1,0,0,0,0,1,1,1,1,36,7,-1,-1,-1,-1,7,3,E01024380,0
Unvalidated,2024461457766,2024,461457766,1,1,0,18,5,1,0,0,1,0,1,0,1,1,5,1,43,7,-1,-1,-1,-1,-1,-1,-1,0
Unvalidated,2024461457767,2024,461457767,1,5,0,18,4,8,0,0,0,7,0,0,1,1,5,1,56,9,-1,-1,-1,-1,2,1,E01024664,0
Unvalidated,2024461457810,2024,461457810,1,19,0,-1,-1,-1,-1,0,-1,-1,-1,0,-1,1,5,3,-1,-1,-1,-1,-1,-1,-1,-1,-1,0
Unvalidated,2024461457810,2024,461457810,2,9,0,7,7,3,0,0,0,0,0,0,3,1,5,1,53,8,-1,-1,-1,-1,10,1,E01024474,0
Unvalidated,2024461457811,2024,461457811,1,9,0,18,5,1,0,0,0,0,0,0,1,1,6,1,85,11,-1,-1,-1,-1,2,1,E01024685,0
Unvalidated,2024461457849,2024,461457849,1,9,0,3,4,5,0,0,0,0,0,0,1,1,6,1,48,8,-1,-1,-1,-1,5,1,E01024282,0
Unvalidated,2024461457849,2024,461457849,2,9,0,18,4,5,0,0,0,0,0,0,2,1,6,2,23,5,-1,-1,-1,-1,8,2,E01028887,0
Unvalidated,2024461457854,2024,461457854,1,9,0,18,3,7,0,0,1,10,1,0,1,2,6,1,54,8,-1,-1,-1,-1,-1,-1,-1,0
Unvalidated,2024461457923,2024,461457923,1,9,0,4,8,4,0,1,0,0,0,0,1,1,5,2,87,11,-1,-1,-1,-1,9,3,E01024792,0
Unvalidated,2024461458120,2024,461458120,1,3,0,18,2,6,0,0,0,11,0,0,1,1,6,1,54,8,-1,-1,-1,-1,5,1,E01024494,0
Unvalidated,2024461458138,2024,461458138,1,9,0,18,7,3,0,1,0,0,0,0,1,1,5,1,44,7,-1,-1,-1,-1,6,3,E01024345,0
Unvalidated,2024461458138,2024,461458138,2,9,0,18,5,1,0,1,0,0,0,0,3,1,5,2,34,6,-1,-1,-1,-1,3,1,E01016173,0
Unvalidated,2024461458166,2024,461458166,1,5,0,16,5,1,0,0,0,0,0,0,1,1,6,1,54,8,-1,-1,-1,-1,3,1,E01024583,0
Unvalidated,2024461458166,2024,461458166,2,9,0,17,1,5,0,0,0,0,0,0,1,1,5,1,62,9,-1,-1,-1,-1,9,1,E01024008,0
Unvalidated,2024461458205,2024,461458205,1,9,0,18,1,6,6,0,2,0,1,11,1,1,6,1,21,5,-1,-1,-1,-1,1,1,E01024609,0
Unvalidated,2024461458240,2024,461458240,1,19,0,1,4,3,0,0,0,0,0,0,2,1,6,1,-1,-1,-1,-1,-1,-1,6,3,E01024346,0
Unvalidated,2024461458240,2024,461458240,2,9,0,3,4,3,0,0,0,0,0,0,2,1,6,1,42,7,-1,-1,-1,-1,4,1,E01016055,0
Unvalidated,2024461458242,2024,461458242,1,9,0,7,5,7,0,2,0,0,0,0,1,1,6,1,-1,-1,-1,-1,-1,-1,-1,-1,-1,0
Unvalidated,2024461458247,2024,461458247,1,9,0,1,-1,-1,-1,0,0,0,0,0,2,1,6,2,40,7,-1,-1,-1,-1,7,1,E01024737,0
Unvalidated,2024461458247,2024,461458247,2,22,0,18,-1,-1,9,0,0,0,0,0,-1,1,6,2,-1,-1,-1,-1,-1,-1,7,1,E01024737,0
Unvalidated,2024461458256,2024,461458256,1,90,0,18,7,3,9,0,0,0,9,0,1,1,6,2,-1,-1,-1,-1,-1,-1,-1,-1,-1,1
Unvalidated,2024461458266,2024,461458266,1,9,0,13,5,1,0,0,0,0,0,0,3,1,6,3,-1,-1,-1,-1,-1,-1,-1,-1,-1,0
Unvalidated,2024461458266,2024,461458266,2,1,0,18,5,1,0,0,0,0,0,0,0,1,6,1,19,4,-1,-1,-1,-1,6,2,E01024425,0
Unvalidated,2024461458266,2024,461458266,3,1,0,18,5,1,0,0,0,0,0,0,0,1,6,1,13,3,-1,-1,-1,-1,6,2,E01024425,0
Unvalidated,2024461458266,2024,461458266,4,1,0,18,5,1,0,0,0,0,0,0,0,1,6,1,16,4,-1,-1,-1,-1,-1,-1,-1,0
Unvalidated,2024461458275,2024,461458275,1,9,0,10,4,3,0,1,0,0,0,0,1,1,6,1,17,4,-1,-1,-1,-1,10,1,E01024461,0
Unvalidated,2024461458275,2024,461458275,2,1,0,18,4,3,0,1,0,0,0,0,1,1,5,1,36,7,-1,-1,-1,-1,3,1,E01000806,0
Unvalidated,2024461458399,2024,461458399,1,3,0,18,6,3,0,1,0,0,0,0,1,1,6,2,24,5,-1,-1,-1,-1,5,2,E01022086,0
Unvalidated,2024461458399,2024,461458399,2,9,0,4,6,3,0,1,0,0,0,0,2,1,6,2,64,9,-1,-1,-1,-1,4,1,E01024262,0
Unvalidated,2024461458530,2024,461458530,1,3,0,18,7,3,0,1,1,0,0,0,1,1,6,1,28,6,-1,-1,-1,-1,3,1,E01024352,0
Unvalidated,2024461458530,2024,461458530,2,9,0,9,7,5,0,1,0,0,0,0,3,1,6,1,63,9,-1,-1,-1,-1,5,1,E01024356,0
Unvalidated,2024461458533,2024,461458533,1,19,0,18,5,1,0,4,0,0,0,0,1,1,5,1,54,8,-1,-1,-1,-1,6,1,E01024749,0
Unvalidated,2024461458533,2024,461458533,2,1,0,9,3,1,0,8,0,0,0,0,2,1,5,1,54,8,-1,-1,-1,-1,10,1,E01024733,0
Unvalidated,2024461458541,2024,461458541,1,9,0,18,7,3,0,0,1,0,0,0,3,1,5,1,21,5,-1,-1,-1,-1,9,1,E01032816,0
Unvalidated,2024461458541,2024,461458541,2,98,4,18,3,7,0,0,0,0,0,0,2,1,1,1,63,9,-1,-1,-1,-1,3,1,E01014156,0
Unvalidated,2024461458544,2024,461458544,1,9,0,18,6,2,0,0,0,0,0,0,1,1,5,2,20,4,-1,-1,-1,-1,5,1,E01024181,0
Unvalidated,2024461458544,2024,461458544,2,9,0,4,6,2,0,0,0,0,0,0,2,1,1,1,18,4,-1,-1,-1,-1,7,3,E01024433,0
Unvalidated,2024461458552,2024,461458552,1,9,0,9,7,3,0,0,0,0,0,0,3,1,1,1,28,6,-1,-1,-1,-1,5,1,E01024356,0
Unvalidated,2024461458552,2024,461458552,2,4,0,13,3,7,0,0,0,0,0,0,1,1,5,1,52,8,-1,-1,-1,-1,10,1,E01024735,0
Unvalidated,2024461458560,2024,461458560,1,9,0,18,3,7,0,2,0,0,0,0,1,1,5,1,35,6,-1,-1,-1,-1,2,1,E01024664,0
Unvalidated,2024461458601,2024,461458601,1,9,0,18,2,6,0,0,0,0,0,0,3,1,5,2,49,8,-1,-1,-1,-1,7,3,E01024798,0
Unvalidated,2024461458601,2024,461458601,2,5,0,18,6,2,0,0,2,0,1,0,3,1,5,1,20,4,-1,-1,-1,-1,6,1,E01024749,0
Unvalidated,2024461458793,2024,461458793,1,4,0,18,3,3,0,0,0,0,0,0,4,1,5,1,66,10,-1,-1,-1,-1,5,1,E01016034,0
Unvalidated,2024461458866,2024,461458866,1,19,0,18,7,3,0,0,2,4,0,0,3,2,1,1,20,4,-1,-1,-1,-1,10,1,E01024325,0
Unvalidated,2024461458866,2024,461458866,2,9,0,4,3,7,0,0,0,0,0,0,1,2,6,1,36,7,-1,-1,-1,-1,9,3,E01024343,0
Unvalidated,2024461458930,2024,461458930,1,90,0,18,7,3,0,0,0,0,0,0,1,1,5,1,37,7,-1,-1,-1,-1,1,1,E01016111,1
Unvalidated,2024461458930,2024,461458930,2,9,0,4,7,3,0,0,0,0,0,0,2,1,1,1,47,8,-1,-1,-1,-1,6,1,E01032798,0
Unvalidated,2024461459030,2024,461459030,1,9,0,9,2,3,0,4,0,0,0,0,1,1,5,2,37,7,-1,-1,-1,-1,5,1,E01002652,0
Unvalidated,2024461459030,2024,461459030,2,3,0,9,2,3,0,4,0,0,0,0,4,1,5,1,22,5,-1,-1,-1,-1,9,1,E01024445,0
Unvalidated,2024461459052,2024,461459052,1,9,0,10,5,6,0,6,0,0,0,0,1,1,5,2,58,9,-1,-1,-1,-1,-1,-1,-1,0