status,collision_index,collision_year,collision_reference,vehicle_reference,vehicle_type,towing_and_articulation,vehicle_manoeuvre,vehicle_direction_from,vehicle_direction_to,vehicle_location_restricted_lane,junction_location,skidding_and_overturning,hit_object_in_carriageway,vehicle_leaving_carriageway,hit_object_off_carriageway,first_point_of_impact,vehicle_left_hand_drive,journey_purpose_of_driver,sex_of_driver,age_of_driver,age_band_of_driver,engine_capacity_cc,propulsion_code,age_of_vehicle,generic_make_model,driver_imd_decile,driver_home_area_type,lsoa_of_driver,escooter_flag
Unvalidated,2024461459052,2024,461459052,2,9,0,18,5,1,0,1,0,0,0,0,1,1,5,2,59,9,-1,-1,-1,-1,10,3,E01024426,0
Unvalidated,2024461459162,2024,461459162,1,2,0,18,2,6,0,0,1,0,0,0,0,1,6,1,17,4,-1,-1,-1,-1,-1,-1,-1,0
Unvalidated,2024461459186,2024,461459186,1,9,0,18,8,3,0,0,0,0,0,0,1,1,5,1,18,4,-1,-1,-1,-1,7,1,E01000791,0
Unvalidated,2024461459194,2024,461459194,1,9,0,7,3,1,0,5,0,0,7,0,4,1,2,2,58,9,-1,-1,-1,-1,4,1,E01024339,0
Unvalidated,2024461459199,2024,461459199,1,9,0,18,1,3,0,0,0,0,0,0,1,1,6,1,37,7,-1,-1,-1,-1,5,1,E01024503,0
Unvalidated,2024461459199,2024,461459199,2,10,0,2,1,3,0,0,0,0,0,0,2,1,6,1,-1,-1,-1,-1,-1,-1,3,1,E01002777,0
Unvalidated,2024461459205,2024,461459205,1,9,0,1,2,4,0,1,0,0,0,0,2,1,6,1,22,5,-1,-1,-1,-1,1,1,E01016441,0
Unvalidated,2024461459205,2024,461459205,2,3,0,2,0,0,0,1,0,0,0,0,1,1,1,2,24,5,-1,-1,-1,-1,4,1,E01000780,0
Unvalidated,2024461459235,2024,461459235,1,9,0,9,2,4,0,1,0,0,0,0,1,1,6,3,-1,-1,-1,-1,-1,-1,-1,-1,-1,0
Unvalidated,2024461459235,2024,461459235,2,9,0,18,6,4,0,1,0,10,0,0,4,1,2,2,57,9,-1,-1,-1,-1,6,1,E01032814,0
Unvalidated,2024461459257,2024,461459257,1,1,0,18,7,3,0,0,0,99,9,0,0,1,6,1,51,8,-1,-1,-1,-1,2,1,E01024502,0
Unvalidated,2024461459280,2024,461459280,1,9,0,18,5,3,0,0,0,0,7,4,1,1,6,2,19,4,-1,-1,-1,-1,7,1,E01024073,0
Unvalidated,2024461459360,2024,461459360,1,9,0,18,7,3,0,0,5,0,0,0,1,1,1,2,28,6,-1,-1,-1,-1,5,3,E01024565,0
Unvalidated,2024461459360,2024,461459360,2,9,0,18,3,7,0,0,0,0,0,0,1,1,5,1,63,9,-1,-1,-1,-1,5,3,E01024031,0
Unvalidated,2024461459369,2024,461459369,1,3,0,18,5,1,0,8,0,0,0,0,1,1,6,1,23,5,-1,-1,-1,-1,-1,-1,-1,0
Unvalidated,2024461459369,2024,461459369,2,9,0,18,3,7,0,8,0,0,0,0,4,1,5,1,24,5,-1,-1,-1,-1,9,1,E01024832,0
Unvalidated,2024461459388,2024,461459388,1,9,0,4,3,7,0,4,0,0,0,0,1,1,6,1,-1,-1,-1,-1,-1,-1,7,2,E01028889,0
Unvalidated,2024461459388,2024,461459388,2,9,0,4,3,7,0,4,0,0,0,0,2,1,6,1,76,11,-1,-1,-1,-1,9,1,E01024107,0
Unvalidated,2024461459407,2024,461459407,1,9,0,18,-1,-1,0,0,0,0,0,0,1,1,6,2,-1,-1,-1,-1,-1,-1,5,1,E01016174,0
Unvalidated,2024461459434,2024,461459434,1,9,0,18,5,1,6,0,2,10,1,0,1,1,5,2,46,8,-1,-1,-1,-1,9,1,E01024376,0
Unvalidated,2024461459470,2024,461459470,1,9,0,9,5,1,0,0,0,0,0,0,4,1,5,2,32,6,-1,-1,-1,-1,9,1,E01024143,0
Unvalidated,2024461459470,2024,461459470,2,9,0,18,8,4,0,0,0,0,0,0,1,1,5,2,58,9,-1,-1,-1,-1,4,2,E01024132,0
Unvalidated,2024461459478,2024,461459478,1,19,0,9,1,1,0,2,0,0,0,0,3,2,5,1,55,8,-1,-1,-1,-1,-1,-1,-1,0
Unvalidated,2024461459478,2024,461459478,2,4,0,18,1,1,0,2,0,11,1,4,1,1,5,1,37,7,-1,-1,-1,-1,7,1,E01024189,0
Unvalidated,2024461459520,2024,461459520,1,9,0,12,3,7,0,0,0,0,0,0,0,1,6,3,70,10,-1,-1,-1,-1,-1,-1,-1,0
Unvalidated,2024461459520,2024,461459520,2,11,0,13,3,7,0,0,0,0,0,0,4,1,1,1,62,9,-1,-1,-1,-1,4,3,E01019037,0
Unvalidated,2024461459520,2024,461459520,3,21,1,18,3,7,0,0,0,0,0,0,3,2,1,1,37,7,-1,-1,-1,-1,-1,-1,-1,0
Unvalidated,2024461459552,2024,461459552,1,19,0,18,1,2,0,0,0,0,0,0,3,1,2,1,44,7,-1,-1,-1,-1,-1,-1,-1,0
Unvalidated,2024461459552,2024,461459552,2,19,0,18,6,6,0,0,0,0,0,0,1,1,2,1,30,6,-1,-1,-1,-1,-1,-1,-1,0
Unvalidated,2024461459552,2024,461459552,3,19,0,3,1,2,0,0,0,0,0,0,3,1,2,1,62,9,-1,-1,-1,-1,-1,-1,-1,0
Unvalidated,2024461459552,2024,461459552,4,9,0,18,6,6,0,0,0,0,0,0,1,1,6,1,30,6,-1,-1,-1,-1,-1,-1,-1,0
Unvalidated,2024461459560,2024,461459560,1,19,0,18,2,6,0,0,0,4,0,0,4,1,1,1,37,7,-1,-1,-1,-1,-1,-1,-1,0
Unvalidated,2024461459560,2024,461459560,2,9,0,2,0,0,0,0,0,0,0,0,4,1,6,3,-1,-1,-1,-1,-1,-1,-1,-1,-1,0
Unvalidated,2024461459589,2024,461459589,1,9,0,18,7,3,0,1,0,0,0,0,1,1,6,2,41,7,-1,-1,-1,-1,4,1,E01016120,0
Unvalidated,2024461459597,2024,461459597,1,9,0,9,6,2,0,8,0,0,0,0,4,1,5,2,25,5,-1,-1,-1,-1,6,3,E01024034,0
Unvalidated,2024461459597,2024,461459597,2,5,0,18,8,4,0,1,0,0,0,0,1,1,6,1,52,8,-1,-1,-1,-1,6,3,E01021118,0
Unvalidated,2024461459608,2024,461459608,1,9,0,18,3,1,0,1,0,0,0,0,1,1,3,2,39,7,-1,-1,-1,-1,8,2,E01024575,0
Unvalidated,2024461459639,2024,461459639,1,9,0,9,3,1,0,6,0,0,0,0,1,1,5,2,43,7,-1,-1,-1,-1,6,1,E01024136,0
Unvalidated,2024461459639,2024,461459639,2,9,0,18,1,5,0,8,0,0,0,0,4,1,6,1,17,4,-1,-1,-1,-1,6,1,E01004476,0
Unvalidated,2024461459718,2024,461459718,1,3,0,15,5,7,0,0,5,10,0,0,1,1,5,1,65,9,-1,-1,-1,-1,10,1,E01024153,0
Unvalidated,2024461459975,2024,461459975,1,9,0,18,6,2,0,1,0,10,0,0,1,1,6,1,72,10,-1,-1,-1,-1,5,3,E01016029,0
Unvalidated,2024461459975,2024,461459975,2,9,0,18,5,2,0,1,0,10,0,0,2,1,6,2,56,9,-1,-1,-1,-1,5,1,E01016088,0
Unvalidated,2024461459975,2024,461459975,3,9,0,18,6,2,0,1,0,10,0,0,2,1,6,1,25,5,-1,-1,-1,-1,2,1,E01016064,0
Unvalidated,2024461459979,2024,461459979,1,9,0,4,8,4,0,0,0,4,0,0,1,1,6,1,34,6,-1,-1,-1,-1,6,1,E01016125,0
Unvalidated,2024461459979,2024,461459979,2,9,0,3,8,4,0,0,0,0,0,0,2,1,2,1,49,8,-1,-1,-1,-1,-1,-1,-1,0
Unvalidated,2024461459979,2024,461459979,3,9,0,3,8,4,0,0,0,0,0,0,3,2,6,1,51,8,-1,-1,-1,-1,5,2,E01024208,0
Unvalidated,2024461459979,2024,461459979,4,9,0,3,8,4,0,0,0,0,0,0,3,2,6,1,74,10,-1,-1,-1,-1,-1,-1,-1,0
Unvalidated,2024461460053,2024,461460053,1,9,0,12,7,3,0,0,0,0,0,0,3,1,6,1,63,9,-1,-1,-1,-1,4,1,E01000378,0
Unvalidated,2024461460053,2024,461460053,2,9,0,18,7,3,0,0,0,0,5,6,4,1,5,1,49,8,-1,-1,-1,-1,4,1,E01000406,0
Unvalidated,2024461460081,2024,461460081,1,4,0,18,3,6,0,0,5,0,7,0,3,1,5,1,63,9,-1,-1,-1,-1,7,2,E01024009,0
Unvalidated,2024461460136,2024,461460136,1,9,0,5,5,5,0,0,0,0,0,0,3,1,6,1,24,5,-1,-1,-1,-1,-1,-1,-1,0
Unvalidated,2024461460136,2024,461460136,2,97,0,18,7,5,0,0,0,0,0,0,1,1,6,1,26,6,-1,-1,-1,-1,2,1,E01023973,0
Unvalidated,2024461460203,2024,461460203,1,1,0,18,3,7,0,4,0,0,0,0,1,1,5,1,18,4,-1,-1,-1,-1,8,1,E01016087,0
Unvalidated,2024461460206,2024,461460206,1,1,0,18,7,7,0,0,0,11,0,0,0,1,5,1,58,9,-1,-1,-1,-1,4,3,E01024566,0
Unvalidated,2024461460208,2024,461460208,1,9,0,18,6,2,0,1,0,0,0,0,4,1,5,1,21,5,-1,-1,-1,-1,2,1,E01024019,0
Unvalidated,2024461460235,2024,461460235,1,9,0,18,5,7,0,0,0,0,0,0,1,1,6,2,32,6,-1,-1,-1,-1,10,3,E01032809,0
Unvalidated,2024461460235,2024,461460235,2,9,0,4,5,3,0,0,0,0,0,0,3,1,6,1,39,7,-1,-1,-1,-1,5,3,E01024110,0
Unvalidated,2024461460240,2024,461460240,1,9,0,18,5,1,0,0,0,0,0,0,1,1,6,2,38,7,-1,-1,-1,-1,10,1,E01016092,0
Unvalidated,2024461460273,2024,461460273,1,9,0,18,6,2,0,0,0,0,0,0,4,1,6,1,-1,-1,-1,-1,-1,-1,-1,-1,-1,0
Unvalidated,2024461460316,2024,461460316,1,-1,0,99,1,5,0,4,0,0,0,0,1,1,6,3,-1,-1,-1,-1,-1,-1,-1,-1,-1,0
Unvalidated,2024461460316,2024,461460316,2,9,0,99,1,5,0,4,0,0,0,0,1,1,6,1,-1,-1,-1,-1,-1,-1,-1,-1,-1,0
Unvalidated,2024461460382,2024,461460382,1,9,0,18,5,1,0,0,0,0,0,0,4,1,5,1,20,4,-1,-1,-1,-1,2,1,E01016025,0
Unvalidated,2024461460382,2024,461460382,2,9,0,4,5,1,0,0,0,0,0,0,3,1,5,1,40,7,-1,-1,-1,-1,6,1,E01016057,0
Unvalidated,2024461460382,2024,461460382,3,9,0,18,1,5,0,0,0,0,0,0,1,1,6,1,22,5,-1,-1,-1,-1,10,1,E01024337,0
Unvalidated,2024461460424,2024,461460424,1,9,0,18,5,8,0,2,0,0,3,0,3,1,5,1,18,4,-1,-1,-1,-1,3,1,E01016047,0
Unvalidated,2024461460424,2024,461460424,2,9,0,18,1,5,0,2,0,0,3,0,1,1,3,2,46,8,-1,-1,-1,-1,2,1,E01016064,0
Unvalidated,2024461460473,2024,461460473,1,11,0,18,7,3,0,0,9,0,1,0,4,1,1,1,57,9,-1,-1,-1,-1,4,1,E01003658,0
Unvalidated,2024461460486,2024,461460486,1,19,0,18,7,4,0,0,0,0,0,0,1,1,6,1,37,7,-1,-1,-1,-1,5,1,E01003945,0
Unvalidated,2024461460486,2024,461460486,2,9,0,18,5,7,0,0,0,0,0,0,1,1,6,2,50,8,-1,-1,-1,-1,2,1,E01024247,0
Unvalidated,2024461460682,2024,461460682,1,4,0,18,7,3,0,1,0,0,0,0,1,1,5,1,18,4,-1,-1,-1,-1,7,1,E01016162,0
Unvalidated,2024461460682,2024,461460682,2,9,0,18,1,5,0,1,0,0,0,0,3,1,5,1,19,4,-1,-1,-1,-1,3,1,E01016036,0
Unvalidated,2024461460688,2024,461460688,1,9,0,18,3,3,0,0,2,0,0,0,1,1,5,2,69,10,-1,-1,-1,-1,5,3,E01024201,0
Unvalidated,2024461460697,2024,461460697,1,19,0,4,7,3,0,0,0,0,0,0,0,1,6,3,-1,-1,-1,-1,-1,-1,-1,-1,-1,0
Unvalidated,2024461460697,2024,461460697,2,90,0,18,7,3,0,0,0,0,0,0,0,1,1,1,33,6,-1,-1,-1,-1,5,2,E01024364,0
Unvalidated,2024461460742,2024,461460742,1,9,0,18,7,3,0,0,0,0,0,0,1,1,6,1,-1,-1,-1,-1,-1,-1,9,1,E01024376,0
Unvalidated,2024461460972,2024,461460972,1,9,0,10,3,1,0,1,0,0,0,0,1,1,5,1,24,5,-1,-1,-1,-1,6,3,E01024346,0
Unvalidated,2024461460972,2024,461460972,2,9,0,18,1,5,0,1,1,0,0,0,1,1,6,2,25,5,-1,-1,-1,-1,-1,-1,-1,0
Unvalidated,2024461461066,2024,461461066,1,3,0,18,4,8,0,0,1,0,0,0,1,1,2,1,35,6,-1,-1,-1,-1,9,1,E01024757,0
Unvalidated,2024461461066,2024,461461066,2,98,0,18,8,4,0,0,0,0,0,0,0,1,6,1,30,6,-1,-1,-1,-1,-1,-1,-1,0
Unvalidated,2024461461073,2024,461461073,1,9,0,14,7,3,0,0,0,0,0,0,4,1,1,1,18,4,-1,-1,-1,-1,8,3,E01024451,0
Unvalidated,2024461461073,2024,461461073,2,9,0,18,3,6,0,0,0,0,0,0,3,1,1,1,43,7,-1,-1,-1,-1,5,1,E01031373,0
Unvalidated,2024461461073,2024,461461073,3,9,0,2,0,0,0,0,0,0,0,0,3,1,6,1,42,7,-1,-1,-1,-1,8,3,E01024451,0
Unvalidated,2024461461087,2024,461461087,1,9,0,18,5,1,0,0,0,0,0,0,1,1,6,2,59,9,-1,-1,-1,-1,6,1,E01016134,0
Unvalidated,2024461461087,2024,461461087,2,9,0,5,5,1,0,0,0,0,0,0,2,1,6,2,19,4,-1,-1,-1,-1,3,1,E01024154,0
Unvalidated,2024461461093,2024,461461093,1,4,0,18,4,8,0,0,0,0,0,0,1,1,6,1,33,6,-1,-1,-1,-1,7,1,E01016170,0
Unvalidated,2024461461093,2024,461461093,2,9,0,18,8,4,0,0,0,0,0,0,1,1,6,1,40,7,-1,-1,-1,-1,9,1,E01016172,0
Unvalidated,2024461461107,2024,461461107,1,9,0,18,5,1,0,0,0,0,0,0,4,1,5,1,69,10,-1,-1,-1,-1,9,1,E01016106,0
Unvalidated,2024461461152,2024,461461152,1,9,0,9,7,3,0,1,0,0,0,0,3,1,6,2,-1,-1,-1,-1,-1,-1,5,2,E01024815,0
Unvalidated,2024461461152,2024,461461152,2,2,0,18,7,3,0,1,0,0,0,0,1,1,6,1,47,8,-1,-1,-1,-1,9,1,E01024821,0
Unvalidated,2024461461154,2024,461461154,1,9,0,18,3,5,0,1,0,0,0,0,1,1,6,1,51,8,-1,-1,-1,-1,5,2,E01024202,0
Unvalidated,2024461461154,2024,461461154,2,9,0,5,3,5,0,1,0,0,0,0,3,1,5,2,36,7,-1,-1,-1,-1,9,2,E01024088,0
Unvalidated,2024461461161,2024,461461161,1,9,0,5,3,7,0,0,0,0,0,0,2,1,1,1,30,6,-1,-1,-1,-1,7,1,E01024405,0
Unvalidated,2024461461161,2024,461461161,2,9,0,3,3,7,0,0,0,0,0,0,1,1,6,2,35,6,-1,-1,-1,-1,5,1,E01024393,0
Unvalidated,2024461461178,2024,461461178,1,9,0,9,1,5,0,0,0,0,0,0,4,1,6,2,27,6,-1,-1,-1,-1,1,1,E01024155,0
Unvalidated,2024461461178,2024,461461178,2,9,0,18,7,3,0,0,0,0,0,0,1,1,1,2,47,8,-1,-1,-1,-1,3,1,E01024166,0
Unvalidated,2024461461190,2024,461461190,1,9,0,3,3,7,0,4,0,0,0,0,1,1,6,1,33,6,-1,-1,-1,-1,1,1,E01024507,0
Unvalidated,2024461461190,2024,461461190,2,9,0,3,3,5,0,1,0,0,0,0,2,1,3,1,18,4,-1,-1,-1,-1,6,1,E01024491,0
Unvalidated,2024461461215,2024,461461215,1,9,0,18,7,3,0,1,0,0,0,0,3,1,3,1,37,7,-1,-1,-1,-1,5,3,E01032654,0
Unvalidated,2024461461224,2024,461461224,1,9,0,18,1,5,0,8,0,0,0,0,0,1,1,1,34,6,-1,-1,-1,-1,-1,-1,-1,0
Unvalidated,2024461461224,2024,461461224,2,9,0,18,4,8,0,8,0,0,0,0,1,1,5,2,72,10,-1,-1,-1,-1,10,2,E01016026,0
Unvalidated,2024461461224,2024,461461224,3,9,0,18,4,8,0,8,0,0,0,0,2,1,5,1,39,7,-1,-1,-1,-1,5,3,E01016029,0
Unvalidated,2024461461349,2024,461461349,1,9,0,18,1,5,0,0,0,4,0,0,1,1,6,1,43,7,-1,-1,-1,-1,4,2,E01024624,0
Unvalidated,2024461461349,2024,461461349,2,9,0,2,0,0,0,0,0,0,0,0,1,1,6,3,-1,-1,-1,-1,-1,-1,-1,-1,-1,0
Unvalidated,2024461461349,2024,461461349,3,9,0,2,0,0,0,0,0,0,0,0,2,1,6,3,-1,-1,-1,-1,-1,-1,-1,-1,-1,0
Unvalidated,2024461461382,2024,461461382,1,9,0,18,3,7,0,2,0,0,0,0,1,1,5,2,53,8,-1,-1,-1,-1,8,1,E01024235,0
Unvalidated,2024461461382,2024,461461382,2,9,0,18,7,3,0,1,0,0,0,0,1,1,5,1,32,6,-1,-1,-1,-1,6,1,E01032653,0
Unvalidated,2024461461445,2024,461461445,1,5,0,15,3,7,0,0,1,10,7,10,1,1,5,1,56,9,-1,-1,-1,-1,4,1,E01024586,0
Unvalidated,2024461461445,2024,461461445,2,9,0,18,3,7,0,0,0,0,0,0,0,1,1,1,38,7,-1,-1,-1,-1,9,3,E01030861,0
Unvalidated,2024461461445,2024,461461445,3,5,0,18,3,7,0,0,0,0,0,0,0,1,5,2,44,7,-1,-1,-1,-1,4,1,E01024586,0
Unvalidated,2024461461459,2024,461461459,1,9,0,18,6,3,0,0,0,0,0,0,1,2,5,2,70,10,-1,-1,-1,-1,6,1,E01024512,0
Unvalidated,2024461461459,2024,461461459,2,9,0,18,2,6,0,0,0,0,0,0,1,2,1,1,58,9,-1,-1,-1,-1,-1,-1,-1,0
Unvalidated,2024461461486,2024,461461486,1,9,0,18,1,5,0,1,0,0,0,0,1,1,6,3,30,6,-1,-1,-1,-1,-1,-1,-1,0
Unvalidated,2024461461526,2024,461461526,1,9,0,9,3,5,0,0,0,0,7,0,3,1,5,1,81,11,-1,-1,-1,-1,-1,2,-1,0
Unvalidated,2024461461526,2024,461461526,2,9,0,18,3,7,0,0,0,0,0,0,1,1,5,2,35,6,-1,-1,-1,-1,5,3,E01024039,0
Unvalidated,2024461461626,2024,461461626,1,1,0,18,2,5,0,1,0,0,0,0,1,1,6,1,22,5,-1,-1,-1,-1,4,1,E01016163,0
Unvalidated,2024461461626,2024,461461626,2,9,0,1,3,7,0,6,0,0,0,0,4,1,1,2,36,7,-1,-1,-1,-1,2,1,E01001700,0
Unvalidated,2024461461644,2024,461461644,1,9,0,9,3,2,0,0,0,0,1,10,1,1,5,1,30,6,-1,-1,-1,-1,6,1,E01016178,0
Unvalidated,2024461461644,2024,461461644,2,9,0,9,3,2,0,0,0,0,0,0,3,1,5,1,34,6,-1,-1,-1,-1,3,1,E01016038,0
Unvalidated,2024461461664,2024,461461664,1,9,0,18,6,2,0,0,0,0,0,0,1,1,6,1,54,8,-1,-1,-1,-1,6,1,E01001519,0
Unvalidated,2024461461664,2024,461461664,2,9,0,18,6,2,0,0,0,0,0,0,3,1,6,1,52,8,-1,-1,-1,-1,6,1,E01000110,0
Unvalidated,2024461461664,2024,461461664,3,9,0,18,6,2,0,0,0,0,0,0,2,1,1,1,46,8,-1,-1,-1,-1,10,1,E01002388,0
Unvalidated,2024461461664,2024,461461664,4,9,0,18,6,2,0,0,0,0,0,0,2,1,6,1,66,10,-1,-1,-1,-1,8,3,W01000119,0
Unvalidated,2024461461746,2024,461461746,1,11,0,18,7,3,0,0,0,0,0,0,1,1,1,1,61,9,-1,-1,-1,-1,5,2,E01024198,0
Unvalidated,2024461461750,2024,461461750,1,9,0,5,7,4,0,1,0,0,0,0,1,1,6,1,26,6,-1,-1,-1,-1,2,2,E01024192,0
Unvalidated,2024461461750,2024,461461750,2,9,0,18,5,1,0,8,0,0,0,0,4,1,6,2,39,7,-1,-1,-1,-1,5,2,E01024191,0
Unvalidated,2024461461794,2024,461461794,1,9,0,18,6,2,0,0,0,0,0,0,3,1,6,2,40,7,-1,-1,-1,-1,5,1,E01024281,0
Unvalidated,2024461461831,2024,461461831,1,9,0,9,1,6,0,8,0,0,0,0,1,1,5,1,57,9,-1,-1,-1,-1,8,3,E01024810,0
Unvalidated,2024461461887,2024,461461887,1,9,0,6,4,8,0,0,0,0,0,0,0,1,5,2,31,6,-1,-1,-1,-1,8,1,E01024063,0
Unvalidated,2024461461887,2024,461461887,2,1,0,18,2,6,0,0,0,0,1,0,0,1,5,1,55,8,-1,-1,-1,-1,4,3,E01024624,0
Unvalidated,2024461461947,2024,461461947,1,9,0,9,8,6,0,4,0,0,0,0,1,2,5,2,25,5,-1,-1,-1,-1,9,1,E01024104,0
Unvalidated,2024461461947,2024,461461947,2,9,0,18,4,8,0,4,0,0,0,0,3,2,5,1,23,5,-1,-1,-1,-1,2,1,E01003187,0
Unvalidated,2024461462040,2024,461462040,1,3,0,18,5,1,0,3,1,0,3,0,1,1,2,1,28,6,-1,-1,-1,-1,3,1,E01024264,0
Unvalidated,2024461462045,2024,461462045,1,9,0,18,7,3,0,0,0,0,0,0,1,1,6,3,-1,-1,-1,-1,-1,-1,-1,-1,-1,0
Unvalidated,2024461462045,2024,461462045,2,9,0,7,7,3,0,0,0,0,0,0,3,1,6,2,21,5,-1,-1,-1,-1,4,1,E01024339,0
Unvalidated,2024461462047,2024,461462047,1,9,0,18,5,6,0,0,0,0,0,0,-1,1,6,3,-1,-1,-1,-1,-1,-1,-1,-1,-1,0
Unvalidated,2024461462047,2024,461462047,2,1,0,18,5,6,0,0,0,10,0,0,-1,1,2,1,50,8,-1,-1,-1,-1,4,1,E01024090,0
Unvalidated,2024461462051,2024,461462051,1,5,0,15,5,1,0,0,0,0,0,0,3,1,6,1,37,7,-1,-1,-1,-1,2,1,E01024311,0
Unvalidated,2024461462052,2024,461462052,1,9,0,4,5,1,0,0,0,0,0,0,1,1,6,1,80,11,-1,-1,-1,-1,10,1,E01024523,0
Unvalidated,2024461462064,2024,461462064,1,9,0,1,7,3,0,1,0,0,0,0,2,1,6,2,47,8,-1,-1,-1,-1,3,1,E01024239,0
Unvalidated,2024461462090,2024,461462090,1,90,0,18,1,5,0,0,0,0,0,0,1,1,6,2,-1,-1,-1,-1,-1,-1,-1,-1,-1,1
Unvalidated,2024461462092,2024,461462092,1,20,0,11,6,2,0,0,0,0,0,0,2,1,6,1,42,7,-1,-1,-1,-1,2,1,E01031981,0
Unvalidated,2024461462092,2024,461462092,2,3,0,18,6,2,0,0,0,0,0,0,1,1,6,1,57,9,-1,-1,-1,-1,5,1,E01030030,0
Unvalidated,2024461462099,2024,461462099,1,9,-1,3,3,7,0,0,0,0,0,0,-1,1,6,3,-1,-1,-1,-1,-1,-1,-1,-1,-1,0
Unvalidated,2024461462099,2024,461462099,2,9,0,3,3,7,0,0,0,0,0,0,2,1,2,2,55,8,-1,-1,-1,-1,1,1,E01024649,0
Unvalidated,2024461462104,2024,461462104,1,9,0,18,5,4,9,0,0,0,0,0,1,1,6,1,37,7,-1,-1,-1,-1,3,1,E01016171,0
Unvalidated,2024461462415,2024,461462415,1,9,0,9,5,2,0,8,0,0,0,0,1,1,5,2,70,10,-1,-1,-1,-1,6,3,E01024544,0
Unvalidated,2024461462415,2024,461462415,2,9,0,18,3,7,0,1,0,0,1,0,1,1,5,2,62,9,-1,-1,-1,-1,5,2,E01024205,0
Unvalidated,2024461462475,2024,461462475,1,9,0,18,7,3,0,0,1,0,0,0,1,1,6,1,-1,-1,-1,-1,-1,-1,5,2,E01016149,0
Unvalidated,2024461462475,2024,461462475,2,9,0,3,7,3,0,0,0,0,0,0,2,1,6,2,43,7,-1,-1,-1,-1,5,1,E01024588,0
Unvalidated,2024461462479,2024,461462479,1,20,0,18,5,1,0,0,0,0,0,0,1,1,1,1,57,9,-1,-1,-1,-1,-1,-1,-1,0
Unvalidated,2024461462479,2024,461462479,2,9,0,10,5,3,0,0,0,0,0,0,2,1,1,1,27,6,-1,-1,-1,-1,3,1,E01024717,0
Unvalidated,2024461462498,2024,461462498,1,9,0,11,3,7,0,0,1,0,0,0,3,1,6,1,30,6,-1,-1,-1,-1,2,1,E01016153,0
Unvalidated,2024461462498,2024,461462498,2,9,0,18,3,7,0,0,0,0,0,0,3,1,6,2,57,9,-1,-1,-1,-1,7,1,E01000347,0
Unvalidated,2024461462499,2024,461462499,1,19,0,18,7,3,0,0,0,0,0,0,3,1,6,1,-1,-1,-1,-1,-1,-1,-1,-1,-1,0
Unvalidated,2024461462499,2024,461462499,2,90,0,18,7,3,0,0,0,0,0,0,3,1,3,1,52,8,-1,-1,-1,-1,7,3,E01024067,0
Unvalidated,2024461462590,2024,461462590,1,9,0,12,4,3,0,1,0,0,0,0,1,1,6,1,21,5,-1,-1,-1,-1,4,3,E01016143,0
Unvalidated,2024461462590,2024,461462590,2,9,0,4,4,3,0,1,0,0,0,0,3,1,6,2,58,9,-1,-1,-1,-1,7,1,E01024140,0
Unvalidated,2024461462645,2024,461462645,1,1,0,18,1,5,0,1,0,0,0,0,1,1,6,1,16,4,-1,-1,-1,-1,9,1,E01024100,0
Unvalidated,2024461462657,2024,461462657,1,9,0,18,3,7,0,0,0,0,0,0,1,1,6,2,-1,-1,-1,-1,-1,-1,-1,-1,-1,0
Unvalidated,2024461462657,2024,461462657,2,9,0,5,3,7,0,0,0,0,0,0,2,1,5,1,67,10,-1,-1,-1,-1,9,1,E01016133,0
Unvalidated,2024461462912,2024,461462912,1,3,0,7,3,5,0,1,0,0,0,0,1,1,5,1,19,4,-1,-1,-1,-1,8,2,E01024448,0
Unvalidated,2024461462912,2024,461462912,2,9,0,7,5,7,0,1,0,0,0,0,3,1,2,1,46,8,-1,-1,-1,-1,10,1,E01024463,0
Unvalidated,2024461462918,2024,461462918,1,9,0,3,1,5,5,1,0,0,0,0,1,1,6,1,32,6,-1,-1,-1,-1,5,3,E01024198,0
Unvalidated,2024461462924,2024,461462924,1,9,0,18,2,6,9,1,0,11,3,0,1,1,5,2,75,10,-1,-1,-1,-1,5,3,E01024014,0
Unvalidated,2024461462925,2024,461462925,1,9,0,6,1,5,0,0,0,0,0,0,1,1,6,1,-1,-1,-1,-1,-1,-1,4,1,E01016163,0
Unvalidated,2024461462925,2024,461462925,2,1,0,3,5,1,0,0,1,0,0,0,1,1,2,1,42,7,-1,-1,-1,-1,8,1,E01033088,0
Unvalidated,2024461462945,2024,461462945,1,21,0,18,1,5,0,8,0,11,0,0,1,1,1,1,54,8,-1,-1,-1,-1,9,2,E01024343,0
Unvalidated,2024461462945,2024,461462945,2,8,0,18,1,5,0,8,0,11,0,0,2,1,1,1,36,7,-1,-1,-1,-1,8,1,E01024780,0
Unvalidated,2024461462945,2024,461462945,3,9,0,18,1,3,0,8,0,0,0,0,2,1,2,2,40,7,-1,-1,-1,-1,7,1,E01024569,0
Unvalidated,2024461463210,2024,461463210,1,5,0,5,5,1,0,0,0,0,0,0,1,1,5,1,46,8,-1,-1,-1,-1,3,1,E01024717,0
Unvalidated,2024461463210,2024,461463210,2,9,0,18,5,1,0,0,0,0,0,0,2,1,5,1,49,8,-1,-1,-1,-1,5,1,E01033089,0
Unvalidated,2024461463210,2024,461463210,3,9,0,18,5,1,0,0,0,0,0,0,0,1,6,3,-1,-1,-1,-1,-1,-1,-1,-1,-1,0
Unvalidated,2024461463299,2024,461463299,1,9,0,18,7,3,0,1,0,0,0,0,1,1,6,2,80,11,-1,-1,-1,-1,9,1,E01016107,0