status,collision_index,collision_year,collision_reference,vehicle_reference,vehicle_type,towing_and_articulation,vehicle_manoeuvre,vehicle_direction_from,vehicle_direction_to,vehicle_location_restricted_lane,junction_location,skidding_and_overturning,hit_object_in_carriageway,vehicle_leaving_carriageway,hit_object_off_carriageway,first_point_of_impact,vehicle_left_hand_drive,journey_purpose_of_driver,sex_of_driver,age_of_driver,age_band_of_driver,engine_capacity_cc,propulsion_code,age_of_vehicle,generic_make_model,driver_imd_decile,driver_home_area_type,lsoa_of_driver,escooter_flag
Unvalidated,2024461463380,2024,461463380,1,11,0,4,7,3,0,0,0,0,0,0,1,1,1,3,-1,-1,-1,-1,-1,-1,-1,-1,-1,0
Unvalidated,2024461463413,2024,461463413,1,9,0,4,3,7,0,0,0,0,0,0,1,1,6,3,-1,-1,-1,-1,-1,-1,-1,-1,-1,0
Unvalidated,2024461463413,2024,461463413,2,9,0,4,3,7,0,0,0,0,0,0,2,1,5,1,19,4,-1,-1,-1,-1,5,1,E01024168,0
Unvalidated,2024461463501,2024,461463501,1,9,0,18,3,7,0,0,0,0,0,0,1,1,6,3,-1,-1,-1,-1,-1,-1,-1,-1,-1,0
Unvalidated,2024461463501,2024,461463501,2,9,0,4,3,7,0,0,0,0,0,0,1,1,6,1,34,6,-1,-1,-1,-1,1,1,E01024278,0
Unvalidated,2024461463775,2024,461463775,1,9,0,1,3,7,0,1,0,0,0,0,2,1,6,3,-1,-1,-1,-1,-1,-1,-1,-1,-1,0
Unvalidated,2024461463782,2024,461463782,1,9,0,18,3,7,0,1,0,0,0,0,1,1,6,2,-1,-1,-1,-1,-1,-1,-1,-1,-1,0
Unvalidated,2024461463782,2024,461463782,2,9,0,18,7,3,0,1,0,0,0,0,4,1,6,2,63,9,-1,-1,-1,-1,3,1,E01024668,0
Unvalidated,2024461463923,2024,461463923,1,9,0,18,5,1,0,2,0,0,0,0,1,1,6,1,44,7,-1,-1,-1,-1,-1,-1,-1,0
Unvalidated,2024461463923,2024,461463923,2,9,0,18,5,1,0,2,0,0,0,0,1,1,6,2,60,9,-1,-1,-1,-1,9,3,E01024300,0
Unvalidated,2024461464697,2024,461464697,1,9,0,13,5,1,0,1,0,0,0,0,4,1,6,3,-1,-1,-1,-1,-1,-1,-1,-1,-1,0
Unvalidated,2024461464697,2024,461464697,2,1,0,18,5,1,0,1,0,0,0,0,3,1,5,1,12,3,-1,-1,-1,-1,9,1,E01016086,0
Unvalidated,2024461464698,2024,461464698,1,9,0,18,7,3,0,0,0,0,0,0,1,1,6,1,-1,-1,-1,-1,-1,-1,-1,-1,-1,0
Unvalidated,2024461464699,2024,461464699,1,9,0,18,5,1,0,1,0,0,0,0,3,1,6,1,88,11,-1,-1,-1,-1,10,1,E01024353,0
Unvalidated,2024461464720,2024,461464720,1,21,0,18,3,7,0,8,0,0,0,0,1,1,6,1,-1,-1,-1,-1,-1,-1,-1,-1,-1,0
Unvalidated,2024461464720,2024,461464720,2,1,0,18,7,3,0,2,0,0,0,0,3,1,5,1,44,7,-1,-1,-1,-1,4,1,E01024293,0
Unvalidated,2024461464734,2024,461464734,1,9,0,18,3,7,0,0,0,0,0,0,3,1,6,3,-1,-1,-1,-1,-1,-1,-1,-1,-1,0
Unvalidated,2024461464736,2024,461464736,1,8,0,5,7,3,0,0,0,0,0,0,0,1,5,1,64,9,-1,-1,-1,-1,8,1,E01016126,0
Unvalidated,2024461464750,2024,461464750,1,19,0,18,1,5,0,0,0,0,0,0,1,1,6,3,-1,-1,-1,-1,-1,-1,-1,-1,-1,0
Unvalidated,2024461464750,2024,461464750,2,9,0,18,1,5,0,0,0,0,0,0,2,1,6,2,18,4,-1,-1,-1,-1,5,1,E01024640,0
Unvalidated,2024461465116,2024,461465116,1,9,0,5,6,4,0,0,0,0,0,0,1,1,6,1,-1,-1,-1,-1,-1,-1,5,2,E01021139,0
Unvalidated,2024461465116,2024,461465116,2,4,0,5,4,6,0,0,0,0,0,0,1,1,5,1,46,8,-1,-1,-1,-1,3,1,E01024092,0
Unvalidated,2024461465126,2024,461465126,1,9,0,18,5,1,0,0,0,0,0,0,4,1,6,2,42,7,-1,-1,-1,-1,6,1,E01016057,0
Unvalidated,2024461465249,2024,461465249,1,9,0,18,1,5,0,1,0,0,0,0,1,1,6,1,-1,-1,-1,-1,-1,-1,4,1,E01024217,0
Unvalidated,2024461465249,2024,461465249,2,9,0,3,2,7,0,1,0,0,0,0,2,1,6,2,32,6,-1,-1,-1,-1,4,1,E01024197,0
Unvalidated,2024461465305,2024,461465305,1,9,0,14,5,1,0,0,0,0,0,0,4,1,6,1,36,7,-1,-1,-1,-1,2,1,E01024627,0
Unvalidated,2024461465305,2024,461465305,2,3,0,18,5,1,0,0,0,0,0,0,3,1,1,1,26,6,-1,-1,-1,-1,6,1,E01024124,0
Unvalidated,2024461465602,2024,461465602,1,9,0,9,3,1,0,1,0,0,0,0,0,1,6,3,-1,-1,-1,-1,-1,-1,-1,-1,-1,0
Unvalidated,2024461465602,2024,461465602,2,5,0,18,3,7,0,1,0,0,0,0,0,1,2,2,47,8,-1,-1,-1,-1,4,3,E01024570,0
Unvalidated,2024461465609,2024,461465609,1,9,0,7,1,3,0,1,0,0,0,0,1,1,6,1,-1,-1,-1,-1,-1,-1,7,1,E01024105,0
Unvalidated,2024461465609,2024,461465609,2,5,-1,4,3,1,0,1,0,0,0,0,4,1,6,1,55,8,-1,-1,-1,-1,6,1,E01024069,0
Unvalidated,2024461465623,2024,461465623,1,9,0,18,3,7,0,0,0,11,0,0,4,1,1,1,-1,-1,-1,-1,-1,-1,6,1,E01024238,0
Unvalidated,2024461465629,2024,461465629,1,9,-1,4,1,5,0,4,0,0,0,0,-1,1,6,3,-1,-1,-1,-1,-1,-1,-1,-1,-1,0
Unvalidated,2024461465629,2024,461465629,2,9,0,4,5,1,0,4,0,0,0,0,2,1,6,2,22,5,-1,-1,-1,-1,2,1,E01016062,0
Unvalidated,2024461465637,2024,461465637,1,9,0,8,3,5,0,8,0,0,0,0,1,1,6,2,-1,-1,-1,-1,-1,-1,-1,-1,-1,0
Unvalidated,2024461465637,2024,461465637,2,9,0,10,5,3,0,8,0,0,0,0,1,1,6,2,48,8,-1,-1,-1,-1,6,2,E01024266,0
Unvalidated,2024461465647,2024,461465647,1,9,0,18,1,5,0,0,0,0,0,0,0,1,1,2,-1,-1,-1,-1,-1,-1,2,1,E01024294,0
Unvalidated,2024461465647,2024,461465647,2,9,0,18,5,1,0,0,0,0,0,0,4,1,6,1,38,7,-1,-1,-1,-1,4,3,E01024566,0
Unvalidated,2024461465650,2024,461465650,1,19,0,18,5,7,0,0,1,0,0,0,4,1,6,3,-1,-1,-1,-1,-1,-1,-1,-1,-1,0
Unvalidated,2024461465650,2024,461465650,2,9,0,10,5,7,0,0,0,0,0,0,3,1,6,2,47,8,-1,-1,-1,-1,6,2,E01024571,0
Unvalidated,2024461465679,2024,461465679,1,9,0,18,-1,-1,0,1,0,0,0,0,1,1,6,1,51,8,-1,-1,-1,-1,9,1,E01024159,0
Unvalidated,2024461465679,2024,461465679,2,9,0,3,-1,-1,0,1,0,0,0,0,2,1,6,2,30,6,-1,-1,-1,-1,9,2,E01024265,0
Unvalidated,2024461465680,2024,461465680,1,9,0,4,3,7,0,0,0,0,0,0,1,1,6,2,-1,-1,-1,-1,-1,-1,3,1,E01016014,0
Unvalidated,2024461465680,2024,461465680,2,98,0,4,3,7,0,0,0,0,0,0,2,1,1,1,53,8,-1,-1,-1,-1,4,1,E01000378,0
Unvalidated,2024461465703,2024,461465703,1,17,0,18,3,7,0,8,0,0,0,0,1,1,6,1,33,6,-1,-1,-1,-1,-1,-1,-1,0
Unvalidated,2024461465703,2024,461465703,2,9,0,3,1,5,0,8,0,0,0,0,3,1,6,2,46,8,-1,-1,-1,-1,2,1,E01021286,0
Unvalidated,2024461465704,2024,461465704,1,9,0,18,7,3,0,0,0,0,0,0,1,1,6,3,-1,-1,-1,-1,-1,-1,4,1,E01024561,0
Unvalidated,2024461465704,2024,461465704,2,9,0,4,7,3,0,0,0,0,0,0,2,1,6,1,20,4,-1,-1,-1,-1,6,1,E01024016,0
Unvalidated,2024461466204,2024,461466204,1,19,0,11,7,3,0,0,0,0,0,0,4,1,6,1,-1,-1,-1,-1,-1,-1,-1,-1,-1,0
Unvalidated,2024461466204,2024,461466204,2,3,0,18,7,3,0,0,2,0,0,0,2,1,2,1,17,4,-1,-1,-1,-1,1,1,E01024306,0
Unvalidated,2024461466219,2024,461466219,1,9,0,18,4,2,0,0,0,0,0,0,1,1,6,3,-1,-1,-1,-1,-1,-1,-1,-1,-1,0
Unvalidated,2024461466219,2024,461466219,2,9,0,3,4,6,0,0,0,0,0,0,2,1,5,1,44,7,-1,-1,-1,-1,8,1,E01024057,0
Unvalidated,2024461466241,2024,461466241,1,11,0,4,7,3,2,1,0,0,0,0,4,1,1,1,59,9,-1,-1,-1,-1,4,1,E01024669,0
Unvalidated,2024461466259,2024,461466259,1,9,0,1,-1,-1,0,0,0,0,0,0,2,1,6,1,-1,-1,-1,-1,-1,-1,5,1,E01023992,0
Unvalidated,2024461466259,2024,461466259,2,9,0,18,-1,-1,0,0,0,0,0,0,1,1,6,2,39,7,-1,-1,-1,-1,4,1,E01032810,0
Unvalidated,2024461466751,2024,461466751,1,9,0,18,4,6,0,0,0,0,0,0,4,1,6,3,-1,-1,-1,-1,-1,-1,-1,-1,-1,0
Unvalidated,2024461467141,2024,461467141,1,9,0,12,2,6,9,0,1,11,1,0,1,1,5,1,46,8,-1,-1,-1,-1,5,1,E01033089,0
Unvalidated,2024461467749,2024,461467749,1,19,0,18,1,5,0,0,0,0,0,0,4,1,6,1,30,6,-1,-1,-1,-1,7,2,E01024798,0
Unvalidated,2024461467751,2024,461467751,1,11,0,18,1,5,0,8,0,0,0,0,1,1,2,1,-1,-1,-1,-1,-1,-1,6,3,E01024455,0
Unvalidated,2024461467765,2024,461467765,1,9,0,18,7,3,0,0,0,0,7,0,1,1,6,1,60,9,-1,-1,-1,-1,1,1,E01020909,0
Unvalidated,2024461467765,2024,461467765,2,90,0,18,3,7,0,0,0,0,0,0,1,1,6,1,-1,-1,-1,-1,-1,-1,1,2,E01024581,0
Unvalidated,2024461467774,2024,461467774,1,9,0,18,1,5,0,8,0,0,0,0,1,1,6,2,20,4,-1,-1,-1,-1,10,1,E01024068,0
Unvalidated,2024461467774,2024,461467774,2,1,0,18,1,5,0,8,0,0,0,0,3,1,6,2,58,9,-1,-1,-1,-1,3,1,E01024092,0
Unvalidated,2024461467794,2024,461467794,1,9,0,18,4,8,0,1,0,0,0,0,1,1,6,3,-1,-1,-1,-1,-1,-1,-1,-1,-1,0
Unvalidated,2024461467794,2024,461467794,2,9,0,3,4,8,0,1,0,0,0,0,2,1,6,2,44,7,-1,-1,-1,-1,3,1,E01024713,0
Unvalidated,2024461467801,2024,461467801,1,9,0,18,3,7,0,0,0,0,0,0,1,1,1,1,64,9,-1,-1,-1,-1,8,1,E01024385,0
Unvalidated,2024461467801,2024,461467801,2,9,0,18,3,7,0,0,0,0,0,0,2,1,6,1,57,9,-1,-1,-1,-1,6,1,E01032653,0
Unvalidated,2024461467825,2024,461467825,1,3,0,18,7,3,0,1,0,0,9,0,1,1,6,3,-1,-1,-1,-1,-1,-1,-1,-1,-1,0
Unvalidated,2024461467829,2024,461467829,1,9,0,18,4,2,0,0,0,0,0,0,3,1,6,2,-1,-1,-1,-1,-1,-1,2,1,E01001705,0
Unvalidated,2024461467829,2024,461467829,2,9,0,3,4,2,0,0,0,0,0,0,4,1,2,2,43,7,-1,-1,-1,-1,8,2,E01024133,0
Unvalidated,2024461467858,2024,461467858,1,9,0,18,7,3,0,0,0,0,0,0,1,1,6,2,21,5,-1,-1,-1,-1,1,1,E01016083,0
Unvalidated,2024461468000,2024,461468000,1,9,0,18,-1,-1,0,1,0,0,0,0,1,1,6,3,-1,-1,-1,-1,-1,-1,-1,-1,-1,0
Unvalidated,2024461468013,2024,461468013,1,9,0,18,6,2,0,0,0,0,0,0,1,1,6,1,-1,-1,-1,-1,-1,-1,8,3,E01015628,0
Unvalidated,2024461468013,2024,461468013,2,9,0,4,6,2,0,0,0,0,0,0,2,1,5,1,69,10,-1,-1,-1,-1,3,1,E01003584,0
Unvalidated,2024461468159,2024,461468159,1,9,0,18,1,5,0,0,0,0,0,0,2,1,6,1,65,9,-1,-1,-1,-1,4,3,E01016143,0
Unvalidated,2024461468159,2024,461468159,2,11,0,18,1,5,0,0,0,0,0,0,3,1,6,1,60,9,-1,-1,-1,-1,1,1,E01016032,0
Unvalidated,2024461468321,2024,461468321,1,9,0,18,1,5,0,0,0,0,0,0,1,1,6,1,-1,-1,-1,-1,-1,-1,-1,-1,-1,0
Unvalidated,2024461468646,2024,461468646,1,98,0,18,7,3,0,0,0,0,0,0,1,1,6,1,-1,-1,-1,-1,-1,-1,5,2,E01024202,0
Unvalidated,2024461468646,2024,461468646,2,9,0,18,7,3,0,0,0,0,0,0,2,1,2,1,34,6,-1,-1,-1,-1,5,2,E01024202,0
Unvalidated,2024461469102,2024,461469102,1,9,0,18,5,1,9,0,0,10,0,0,-1,1,6,3,-1,-1,-1,-1,-1,-1,-1,-1,-1,0
Unvalidated,2024461469102,2024,461469102,2,1,-1,18,5,1,9,0,5,0,0,0,2,1,6,1,13,3,-1,-1,-1,-1,4,1,E01024681,0
Unvalidated,2024461469600,2024,461469600,1,-1,-1,4,1,5,0,0,0,0,0,0,-1,1,6,3,-1,-1,-1,-1,-1,-1,-1,-1,-1,0
Unvalidated,2024461469613,2024,461469613,1,9,0,18,-1,-1,0,1,0,0,0,0,1,1,6,2,-1,-1,-1,-1,-1,-1,8,1,E01016119,0
Unvalidated,2024461469677,2024,461469677,1,9,0,18,4,8,0,6,0,0,0,0,1,1,6,1,-1,-1,-1,-1,-1,-1,2,1,E01016041,0
Unvalidated,2024461469677,2024,461469677,2,9,0,18,5,1,0,8,0,0,0,0,3,1,6,1,29,6,-1,-1,-1,-1,9,1,E01024376,0
Unvalidated,2024461469707,2024,461469707,1,9,-1,18,2,6,0,0,0,0,0,0,1,1,6,3,-1,-1,-1,-1,-1,-1,-1,-1,-1,0
Unvalidated,2024461470567,2024,461470567,1,97,0,-1,-1,-1,-1,0,5,-1,-1,0,-1,1,6,1,-1,-1,-1,-1,-1,-1,9,1,E01032816,0
Unvalidated,2024461470624,2024,461470624,1,19,0,18,2,6,0,2,0,0,0,0,1,1,6,1,55,8,-1,-1,-1,-1,2,1,E01023974,0
Unvalidated,2024461470624,2024,461470624,2,9,0,5,2,6,0,2,0,0,0,0,2,1,1,1,36,7,-1,-1,-1,-1,4,1,E01032823,0
Unvalidated,2024461470641,2024,461470641,1,9,0,18,-1,-1,0,0,0,0,0,0,1,1,6,2,41,7,-1,-1,-1,-1,2,1,E01000433,0
Unvalidated,2024461470674,2024,461470674,1,1,0,7,5,7,5,8,1,0,0,0,1,1,6,1,-1,-1,-1,-1,-1,-1,-1,-1,-1,0
Unvalidated,2024461470674,2024,461470674,2,22,0,9,7,5,5,8,0,0,0,0,1,1,6,2,48,8,-1,-1,-1,-1,6,1,E01023977,0
Unvalidated,2024461470690,2024,461470690,1,9,0,18,7,3,0,1,0,0,0,0,1,1,6,1,43,7,-1,-1,-1,-1,7,1,E01024129,0
Unvalidated,2024461470690,2024,461470690,2,9,0,9,1,7,0,8,0,0,0,0,3,1,6,1,60,9,-1,-1,-1,-1,3,1,E01024047,0
Unvalidated,2024461471015,2024,461471015,1,9,0,18,7,3,0,0,0,0,0,0,1,1,6,1,73,10,-1,-1,-1,-1,4,1,E01024561,0
Unvalidated,2024461471015,2024,461471015,2,1,-1,-1,-1,-1,-1,0,-1,-1,-1,0,-1,1,6,2,13,3,-1,-1,-1,-1,7,1,E01024630,0
Unvalidated,2024461471118,2024,461471118,1,9,0,18,1,5,0,0,0,0,0,0,1,1,6,1,-1,-1,-1,-1,-1,-1,3,1,E01024600,0
Unvalidated,2024461471118,2024,461471118,2,9,0,15,1,5,0,0,0,0,0,0,2,1,6,2,-1,-1,-1,-1,-1,-1,7,1,E01024569,0
Unvalidated,2024461471881,2024,461471881,1,1,0,18,7,3,0,0,0,0,0,0,1,1,6,1,-1,-1,-1,-1,-1,-1,-1,-1,-1,0
Unvalidated,2024461474264,2024,461474264,1,9,-1,-1,-1,-1,-1,-1,-1,-1,-1,0,1,1,6,3,-1,-1,-1,-1,-1,-1,-1,-1,-1,0
Unvalidated,2024461474474,2024,461474474,1,9,0,18,3,7,0,0,1,0,0,0,1,1,6,2,51,8,-1,-1,-1,-1,5,1,E01024223,0
Unvalidated,2024461474474,2024,461474474,2,9,0,18,3,7,0,0,1,0,0,0,1,1,6,1,20,4,-1,-1,-1,-1,10,1,E01024233,0
Unvalidated,2024461475008,2024,461475008,1,9,0,18,4,3,0,1,0,0,0,0,1,1,6,3,-1,-1,-1,-1,-1,-1,-1,-1,-1,0
Unvalidated,2024461475029,2024,461475029,1,9,0,18,5,1,0,0,0,0,0,0,1,1,6,3,-1,-1,-1,-1,-1,-1,-1,-1,-1,0
Unvalidated,2024461475029,2024,461475029,2,9,0,18,5,1,0,0,0,0,0,0,-1,1,6,1,80,11,-1,-1,-1,-1,1,1,E01024670,0
Unvalidated,2024461478789,2024,461478789,1,9,0,18,8,4,0,0,0,0,0,0,1,1,6,2,37,7,-1,-1,-1,-1,9,1,E01024446,0
Unvalidated,2024461479136,2024,461479136,1,9,0,18,5,1,0,0,0,0,0,0,1,1,6,1,86,11,-1,-1,-1,-1,8,1,E01024762,0
Unvalidated,2024461479136,2024,461479136,2,9,0,18,1,5,0,0,0,0,0,0,1,1,6,1,17,4,-1,-1,-1,-1,-1,-1,-1,0
Unvalidated,2024461480323,2024,461480323,1,5,0,18,2,3,0,0,1,0,0,0,1,1,5,1,63,9,-1,-1,-1,-1,7,1,E01032822,0
Unvalidated,2024461480323,2024,461480323,2,9,0,9,2,3,0,0,0,0,0,0,4,1,5,2,67,10,-1,-1,-1,-1,8,3,E01024015,0
Unvalidated,2024461481090,2024,461481090,1,9,0,5,7,3,0,0,0,0,0,0,1,1,5,1,83,11,-1,-1,-1,-1,-1,-1,-1,0
Unvalidated,2024461482192,2024,461482192,1,9,0,18,6,2,0,2,0,0,7,10,1,1,5,1,80,11,-1,-1,-1,-1,6,3,E01023978,0
Unvalidated,2024461482192,2024,461482192,2,9,0,18,2,6,0,1,0,0,0,0,4,1,5,1,64,9,-1,-1,-1,-1,9,1,E01032821,0
Unvalidated,2024461482192,2024,461482192,3,21,4,18,6,2,0,2,0,0,0,0,3,1,1,1,55,8,-1,-1,-1,-1,5,2,E01024191,0
Unvalidated,2024461482629,2024,461482629,1,9,0,18,5,1,0,0,0,0,0,0,1,1,5,1,51,8,-1,-1,-1,-1,7,1,E01015686,0
Unvalidated,2024461482629,2024,461482629,2,9,0,1,3,7,0,0,0,0,0,0,1,1,5,1,83,11,-1,-1,-1,-1,5,1,E01024594,0
Unvalidated,2024461486856,2024,461486856,1,9,0,18,2,4,0,0,0,0,0,0,1,1,5,1,-1,-1,-1,-1,-1,-1,7,1,E01032822,0
Unvalidated,2024461486856,2024,461486856,2,9,0,18,4,8,0,0,0,0,0,0,1,1,5,1,74,10,-1,-1,-1,-1,-1,-1,-1,0
Unvalidated,2024461487054,2024,461487054,1,9,0,-1,-1,-1,0,0,0,0,0,0,1,1,6,1,40,7,-1,-1,-1,-1,1,1,E01024148,0
Unvalidated,2024461487791,2024,461487791,1,9,0,18,3,7,6,0,0,0,2,0,4,1,2,1,57,9,-1,-1,-1,-1,2,1,E01016035,0
Unvalidated,2024461489951,2024,461489951,1,9,0,-1,-1,-1,-1,0,-1,-1,-1,0,-1,1,5,1,-1,-1,-1,-1,-1,-1,1,1,E01024257,0
Unvalidated,2024461489951,2024,461489951,2,9,0,-1,-1,-1,-1,0,-1,-1,-1,0,-1,1,5,1,-1,-1,-1,-1,-1,-1,-1,-1,-1,0
Unvalidated,2024461489951,2024,461489951,3,19,0,2,0,0,0,0,0,0,0,0,1,1,5,1,54,8,-1,-1,-1,-1,5,3,E01024565,0
Unvalidated,2024461495162,2024,461495162,1,9,0,11,1,5,0,0,0,0,0,0,-1,1,5,3,-1,-1,-1,-1,-1,-1,-1,-1,-1,0
Unvalidated,2024461495162,2024,461495162,2,9,0,18,1,5,0,0,0,0,0,0,3,1,5,1,31,6,-1,-1,-1,-1,2,1,E01003507,0
Unvalidated,2024461500425,2024,461500425,1,9,0,18,6,2,0,0,1,0,1,0,1,1,5,2,63,9,-1,-1,-1,-1,4,2,E01024539,0
Unvalidated,2024471393733,2024,471393733,1,4,0,18,3,7,0,2,1,7,0,0,1,1,1,1,39,7,-1,-1,-1,-1,3,1,E01016922,0
Unvalidated,2024471393878,2024,471393878,1,9,0,18,7,3,0,1,0,0,0,0,1,1,1,1,51,8,-1,-1,-1,-1,8,1,E01021174,0
Unvalidated,2024471393878,2024,471393878,2,9,0,3,7,3,0,4,0,0,0,0,2,1,5,1,58,9,-1,-1,-1,-1,10,1,E01020946,0
Unvalidated,2024471393889,2024,471393889,1,21,0,18,8,4,0,0,1,0,2,0,3,1,1,1,47,8,-1,-1,-1,-1,7,1,E01002349,0
Unvalidated,2024471393889,2024,471393889,2,19,0,18,4,8,0,0,0,0,1,4,1,1,1,1,33,6,-1,-1,-1,-1,6,1,E01021113,0
Unvalidated,2024471393931,2024,471393931,1,9,0,17,1,5,0,0,0,0,1,6,4,1,5,1,20,4,-1,-1,-1,-1,9,1,E01031393,0
Unvalidated,2024471393991,2024,471393991,1,9,0,18,5,1,0,0,0,0,0,0,1,1,2,2,20,4,-1,-1,-1,-1,7,2,E01024798,0
Unvalidated,2024471393991,2024,471393991,2,9,0,4,5,1,0,0,0,0,0,0,2,1,5,1,28,6,-1,-1,-1,-1,5,3,E01021195,0
Unvalidated,2024471394089,2024,471394089,1,3,0,18,1,5,0,0,0,11,0,0,1,1,6,1,17,4,-1,-1,-1,-1,6,3,E01021198,0
Unvalidated,2024471394090,2024,471394090,1,5,0,18,3,7,0,0,0,0,0,0,1,1,6,1,39,7,-1,-1,-1,-1,9,1,E01031532,0
Unvalidated,2024471394090,2024,471394090,2,9,0,18,3,7,0,0,0,0,0,0,2,1,6,1,42,7,-1,-1,-1,-1,6,2,E01031390,0
Unvalidated,2024471394263,2024,471394263,1,9,0,18,8,4,0,0,0,0,0,0,1,1,2,2,54,8,-1,-1,-1,-1,10,1,E01030585,0
Unvalidated,2024471394324,2024,471394324,1,97,0,7,3,5,0,2,0,0,0,0,2,1,1,1,29,6,-1,-1,-1,-1,2,1,E01016945,0
Unvalidated,2024471394324,2024,471394324,2,9,0,7,3,5,2,6,0,0,0,0,1,1,5,1,75,10,-1,-1,-1,-1,2,1,E01031371,0
Unvalidated,2024471394521,2024,471394521,1,9,0,18,6,2,0,1,0,0,0,0,1,1,6,3,-1,-1,-1,-1,-1,-1,-1,-1,-1,0
Unvalidated,2024471394521,2024,471394521,2,9,0,18,3,7,0,1,0,0,0,0,4,1,6,1,50,8,-1,-1,-1,-1,8,1,E01021036,0
Unvalidated,2024471394535,2024,471394535,1,9,0,18,2,6,0,0,0,0,6,0,1,1,5,1,31,6,-1,-1,-1,-1,6,1,E01031408,0
Unvalidated,2024471394535,2024,471394535,2,9,0,18,6,2,0,0,0,0,1,0,1,1,5,1,41,7,-1,-1,-1,-1,5,3,E01031663,0
Unvalidated,2024471394658,2024,471394658,1,9,0,18,7,3,0,1,0,0,0,0,3,1,5,1,70,10,-1,-1,-1,-1,4,1,E01031435,0
Unvalidated,2024471394658,2024,471394658,2,1,0,18,8,4,0,1,0,0,0,0,1,1,3,1,44,7,-1,-1,-1,-1,4,1,E01031433,0
Unvalidated,2024471394667,2024,471394667,1,9,0,9,8,5,0,5,0,0,0,0,1,1,5,1,65,9,-1,-1,-1,-1,10,1,E01031699,0
Unvalidated,2024471394715,2024,471394715,1,9,0,18,3,7,0,0,0,0,0,0,4,1,6,3,-1,-1,-1,-1,-1,-1,-1,-1,-1,0
Unvalidated,2024471394742,2024,471394742,1,9,0,18,1,5,0,0,0,0,0,0,2,1,6,2,42,7,-1,-1,-1,-1,2,1,E01016918,0
Unvalidated,2024471394742,2024,471394742,2,9,0,18,1,5,0,0,0,0,0,0,1,1,6,1,77,11,-1,-1,-1,-1,2,1,E01016918,0
Unvalidated,2024471394751,2024,471394751,1,9,0,18,2,6,0,0,0,0,5,4,1,1,5,1,80,11,-1,-1,-1,-1,7,1,E01031566,0
Unvalidated,2024471394751,2024,471394751,2,9,0,16,2,6,0,0,0,0,0,0,3,1,5,2,71,10,-1,-1,-1,-1,5,1,E01031584,0
Unvalidated,2024471394826,2024,471394826,1,9,0,5,5,2,0,0,0,0,0,0,0,1,5,2,58,9,-1,-1,-1,-1,7,1,E01020986,0
Unvalidated,2024471394826,2024,471394826,2,5,0,4,2,5,0,0,0,0,0,0,4,1,5,1,48,8,-1,-1,-1,-1,2,1,E01020990,0
Unvalidated,2024471394836,2024,471394836,1,9,0,18,-1,-1,0,0,-1,-1,-1,0,-1,1,5,2,91,11,-1,-1,-1,-1,9,3,E01021026,0
Unvalidated,2024471394837,2024,471394837,1,9,0,16,3,7,0,1,0,0,0,0,1,1,6,1,-1,-1,-1,-1,-1,-1,5,1,E01016884,0
Unvalidated,2024471394837,2024,471394837,2,9,0,16,1,5,0,1,0,0,0,0,2,1,6,1,41,7,-1,-1,-1,-1,1,1,E01016900,0
Unvalidated,2024471394912,2024,471394912,1,9,0,9,7,5,0,6,0,0,0,0,1,1,2,1,58,9,-1,-1,-1,-1,2,1,E01031819,0
Unvalidated,2024471394912,2024,471394912,2,5,0,18,5,1,0,1,0,0,0,0,1,1,2,1,56,9,-1,-1,-1,-1,4,1,E01031795,0
Unvalidated,2024471394940,2024,471394940,1,8,0,18,5,1,0,1,0,0,0,0,1,1,6,1,68,10,-1,-1,-1,-1,1,1,E01031404,0
Unvalidated,2024471394940,2024,471394940,2,9,0,4,5,1,0,1,0,0,0,0,2,1,5,2,19,4,-1,-1,-1,-1,7,1,E01031421,0
Unvalidated,2024471394945,2024,471394945,1,9,0,18,2,6,0,0,0,0,0,0,1,1,2,1,46,8,-1,-1,-1,-1,-1,-1,-1,0
Unvalidated,2024471394945,2024,471394945,2,9,0,18,7,2,0,0,0,0,0,0,1,2,6,2,32,6,-1,-1,-1,-1,5,1,E01031750,0
Unvalidated,2024471394946,2024,471394946,1,9,0,9,3,7,0,8,0,0,0,0,3,1,5,1,24,5,-1,-1,-1,-1,4,1,E01016872,0
Unvalidated,2024471394946,2024,471394946,2,1,0,18,1,5,0,1,2,0,0,0,1,1,6,1,25,5,-1,-1,-1,-1,8,1,E01030846,0
Unvalidated,2024471394952,2024,471394952,1,9,0,18,7,3,0,0,1,0,1,0,1,1,2,2,50,8,-1,-1,-1,-1,8,2,E01031474,0
Unvalidated,2024471395062,2024,471395062,1,98,0,18,5,1,0,0,0,0,0,0,1,1,1,1,27,6,-1,-1,-1,-1,3,1,E01031552,0
Unvalidated,2024471395062,2024,471395062,2,9,0,18,5,1,0,0,0,0,0,0,2,1,5,2,17,4,-1,-1,-1,-1,3,1,E01031569,0
Unvalidated,2024471395103,2024,471395103,1,19,0,18,1,5,0,2,0,4,0,0,4,1,6,1,29,6,-1,-1,-1,-1,3,1,E01017007,0
Unvalidated,2024471395103,2024,471395103,2,9,0,2,0,0,0,8,0,4,0,0,2,2,6,3,-1,-1,-1,-1,-1,-1,-1,-1,-1,0
Unvalidated,2024471395124,2024,471395124,1,98,0,18,3,7,0,1,0,0,0,0,1,1,6,3,-1,-1,-1,-1,-1,-1,-1,-1,-1,0
Unvalidated,2024471395124,2024,471395124,2,1,0,9,7,5,0,3,0,0,0,0,1,1,2,1,39,7,-1,-1,-1,-1,5,1,E01031467,0