status,collision_index,collision_year,collision_reference,vehicle_reference,vehicle_type,towing_and_articulation,vehicle_manoeuvre,vehicle_direction_from,vehicle_direction_to,vehicle_location_restricted_lane,junction_location,skidding_and_overturning,hit_object_in_carriageway,vehicle_leaving_carriageway,hit_object_off_carriageway,first_point_of_impact,vehicle_left_hand_drive,journey_purpose_of_driver,sex_of_driver,age_of_driver,age_band_of_driver,engine_capacity_cc,propulsion_code,age_of_vehicle,generic_make_model,driver_imd_decile,driver_home_area_type,lsoa_of_driver,escooter_flag
Unvalidated,2024471395201,2024,471395201,1,9,0,18,1,5,0,8,0,0,0,0,4,1,5,2,54,8,-1,-1,-1,-1,8,1,E01020953,0
Unvalidated,2024471395201,2024,471395201,2,9,0,9,3,1,0,8,0,0,0,0,1,1,6,2,-1,-1,-1,-1,-1,-1,9,1,E01021175,0
Unvalidated,2024471395239,2024,471395239,1,9,0,7,3,4,0,5,0,0,0,0,1,1,2,1,20,4,-1,-1,-1,-1,9,1,E01031458,0
Unvalidated,2024471395279,2024,471395279,1,97,0,9,1,7,0,1,0,0,0,0,4,1,5,2,38,7,-1,-1,-1,-1,4,1,E01016986,0
Unvalidated,2024471395287,2024,471395287,1,9,0,18,5,1,0,1,0,0,0,0,1,1,5,1,62,9,-1,-1,-1,-1,4,1,E01020973,0
Unvalidated,2024471395329,2024,471395329,1,9,0,18,8,4,0,0,2,4,0,0,1,1,5,2,18,4,-1,-1,-1,-1,8,1,E01021214,0
Unvalidated,2024471395329,2024,471395329,2,9,0,2,0,0,0,0,0,4,0,0,2,1,6,3,-1,-1,-1,-1,-1,-1,-1,-1,-1,0
Unvalidated,2024471395329,2024,471395329,3,9,0,2,0,0,0,0,1,0,0,0,2,1,6,3,-1,-1,-1,-1,-1,-1,-1,-1,-1,0
Unvalidated,2024471395431,2024,471395431,1,9,0,17,2,7,9,0,0,0,1,11,1,1,5,1,85,11,-1,-1,-1,-1,6,1,E01031743,0
Unvalidated,2024471395483,2024,471395483,1,9,0,4,5,3,0,0,0,0,0,0,1,1,5,1,26,6,-1,-1,-1,-1,3,1,E01021062,0
Unvalidated,2024471395483,2024,471395483,2,9,0,3,5,3,0,0,0,0,0,0,2,1,5,1,72,10,-1,-1,-1,-1,3,1,E01020975,0
Unvalidated,2024471395495,2024,471395495,1,9,0,18,5,1,0,0,0,0,2,0,4,1,5,2,72,10,-1,-1,-1,-1,4,1,E01031573,0
Unvalidated,2024471395495,2024,471395495,2,19,0,18,5,1,0,0,0,0,0,0,4,1,1,1,28,6,-1,-1,-1,-1,5,2,E01022603,0
Unvalidated,2024471395510,2024,471395510,1,9,0,2,0,0,0,0,0,0,0,0,2,1,5,2,29,6,-1,-1,-1,-1,10,1,E01031760,0
Unvalidated,2024471395510,2024,471395510,2,9,0,18,4,8,0,0,0,4,0,0,1,1,6,2,31,6,-1,-1,-1,-1,6,1,E01021058,0
Unvalidated,2024471395595,2024,471395595,1,9,0,9,7,5,0,8,0,0,0,0,1,1,5,1,57,9,-1,-1,-1,-1,3,1,E01031789,0
Unvalidated,2024471395595,2024,471395595,2,9,0,18,5,1,0,1,0,0,0,0,1,1,5,1,41,7,-1,-1,-1,-1,4,1,E01016988,0
Unvalidated,2024471395617,2024,471395617,1,9,0,18,7,3,0,0,0,0,0,0,1,1,5,2,20,4,-1,-1,-1,-1,10,1,E01004180,0
Unvalidated,2024471395617,2024,471395617,2,19,0,4,7,3,0,0,0,0,0,0,2,1,5,1,57,9,-1,-1,-1,-1,4,1,E01020918,0
Unvalidated,2024471395825,2024,471395825,1,9,0,13,8,4,0,0,0,0,0,0,1,1,2,1,61,9,-1,-1,-1,-1,10,1,E01031581,0
Unvalidated,2024471395825,2024,471395825,2,9,0,18,4,8,0,0,0,0,1,0,1,1,2,1,65,9,-1,-1,-1,-1,10,1,E01031775,0
Unvalidated,2024471395825,2024,471395825,3,20,0,18,8,4,0,0,0,0,0,0,2,1,1,1,37,7,-1,-1,-1,-1,2,1,E01000739,0
Unvalidated,2024471395899,2024,471395899,1,97,0,5,7,3,0,0,0,0,0,0,2,1,2,1,29,6,-1,-1,-1,-1,1,1,E01016866,0
Unvalidated,2024471395899,2024,471395899,2,1,0,5,1,5,0,0,0,0,0,0,1,1,6,2,55,8,-1,-1,-1,-1,3,1,E01031347,0
Unvalidated,2024471396075,2024,471396075,1,19,0,18,7,3,0,1,0,0,0,0,1,1,1,1,55,8,-1,-1,-1,-1,9,1,E01020948,0
Unvalidated,2024471396075,2024,471396075,2,9,0,10,7,6,0,1,0,0,0,0,2,1,1,1,55,8,-1,-1,-1,-1,5,1,E01020967,0
Unvalidated,2024471396076,2024,471396076,1,9,0,2,4,8,0,1,0,0,0,0,2,1,2,1,79,11,-1,-1,-1,-1,7,1,E01020986,0
Unvalidated,2024471396076,2024,471396076,2,9,0,18,1,5,0,1,0,0,0,0,4,1,5,2,64,9,-1,-1,-1,-1,3,1,E01020975,0
Unvalidated,2024471396090,2024,471396090,1,9,0,17,1,5,0,0,5,0,8,0,3,1,5,2,18,4,-1,-1,-1,-1,10,1,E01031690,0
Unvalidated,2024471396148,2024,471396148,1,9,0,18,1,5,0,8,0,0,7,0,4,1,5,2,44,7,-1,-1,-1,-1,6,1,E01031408,0
Unvalidated,2024471396148,2024,471396148,2,19,0,18,3,7,0,2,0,0,0,0,1,1,1,1,38,7,-1,-1,-1,-1,3,1,E01031811,0
Unvalidated,2024471396149,2024,471396149,1,9,0,18,6,2,0,0,0,0,0,0,1,1,5,1,46,8,-1,-1,-1,-1,7,1,E01031421,0
Unvalidated,2024471396149,2024,471396149,2,9,0,18,6,2,0,0,0,0,0,0,2,1,6,1,32,6,-1,-1,-1,-1,3,1,E01031441,0
Unvalidated,2024471396149,2024,471396149,3,9,0,18,2,6,0,0,0,0,0,0,0,1,1,1,25,5,-1,-1,-1,-1,-1,-1,-1,0
Unvalidated,2024471396149,2024,471396149,4,9,0,18,2,6,0,0,0,0,0,0,0,1,1,1,27,6,-1,-1,-1,-1,4,1,E01031434,0
Unvalidated,2024471396160,2024,471396160,1,9,0,18,7,3,0,0,0,0,1,11,1,1,5,1,24,5,-1,-1,-1,-1,6,1,E01021070,0
Unvalidated,2024471396422,2024,471396422,1,9,0,5,3,-1,0,4,0,0,0,0,1,1,6,3,-1,-1,-1,-1,-1,-1,-1,-1,-1,0
Unvalidated,2024471396422,2024,471396422,2,3,0,18,8,6,0,8,0,0,0,0,4,1,2,1,20,4,-1,-1,-1,-1,8,2,E01023234,0
Unvalidated,2024471396439,2024,471396439,1,9,0,7,5,1,0,1,1,0,0,0,1,1,6,3,-1,-1,-1,-1,-1,-1,-1,-1,-1,0
Unvalidated,2024471396439,2024,471396439,2,9,0,18,5,1,0,1,0,0,0,0,2,1,6,1,54,8,-1,-1,-1,-1,6,1,E01016887,0
Unvalidated,2024471396457,2024,471396457,1,9,0,9,5,3,0,8,0,0,0,0,4,1,5,1,39,7,-1,-1,-1,-1,-1,-1,-1,0
Unvalidated,2024471396457,2024,471396457,2,11,0,18,1,5,0,8,0,0,0,0,1,1,1,1,51,8,-1,-1,-1,-1,7,3,E01021205,0
Unvalidated,2024471396483,2024,471396483,1,9,0,5,4,8,0,0,0,0,0,0,1,1,5,2,51,8,-1,-1,-1,-1,4,1,E01031836,0
Unvalidated,2024471396491,2024,471396491,1,9,0,18,8,4,0,0,0,0,7,0,1,1,5,1,52,8,-1,-1,-1,-1,8,2,E01031617,0
Unvalidated,2024471396491,2024,471396491,2,9,0,18,8,4,0,0,0,0,1,0,2,1,6,2,70,10,-1,-1,-1,-1,8,3,E01031698,0
Unvalidated,2024471396492,2024,471396492,1,9,0,9,7,5,0,6,0,0,0,0,1,1,2,1,54,8,-1,-1,-1,-1,7,3,E01021022,0
Unvalidated,2024471396492,2024,471396492,2,9,0,18,5,1,0,8,0,0,0,0,4,1,5,2,77,11,-1,-1,-1,-1,8,1,E01031757,0
Unvalidated,2024471396521,2024,471396521,1,9,0,18,2,6,0,0,0,0,0,0,2,1,5,1,22,5,-1,-1,-1,-1,1,1,E01016880,0
Unvalidated,2024471396521,2024,471396521,2,3,0,18,2,6,0,0,5,0,0,0,1,1,6,1,20,4,-1,-1,-1,-1,3,1,E01016937,0
Unvalidated,2024471396550,2024,471396550,1,9,0,5,0,0,0,0,0,0,1,0,2,1,5,1,59,9,-1,-1,-1,-1,5,3,E01021101,0
Unvalidated,2024471396553,2024,471396553,1,9,0,16,2,8,0,0,0,11,0,0,1,1,5,1,52,8,-1,-1,-1,-1,7,3,E01031396,0
Unvalidated,2024471396572,2024,471396572,1,9,0,18,1,5,0,0,0,0,0,0,1,1,2,2,49,8,-1,-1,-1,-1,10,1,E01031638,0
Unvalidated,2024471396572,2024,471396572,2,9,0,18,1,5,0,0,0,0,0,0,2,1,6,2,50,8,-1,-1,-1,-1,10,2,E01031635,0
Unvalidated,2024471396747,2024,471396747,1,9,0,17,4,1,0,0,1,0,1,10,4,1,2,2,27,6,-1,-1,-1,-1,-1,-1,-1,0
Unvalidated,2024471396748,2024,471396748,1,9,0,4,4,8,0,0,0,0,0,0,1,1,2,1,46,8,-1,-1,-1,-1,8,1,E01031564,0
Unvalidated,2024471396748,2024,471396748,2,9,0,18,4,8,0,0,0,0,0,0,2,1,5,2,37,7,-1,-1,-1,-1,10,2,E01031678,0
Unvalidated,2024471396748,2024,471396748,3,9,0,18,4,8,0,0,0,0,1,0,2,1,6,1,26,6,-1,-1,-1,-1,9,3,E01031728,0
Unvalidated,2024471396760,2024,471396760,1,9,0,18,8,4,0,0,0,0,0,0,1,1,5,2,59,9,-1,-1,-1,-1,6,2,E01031770,0
Unvalidated,2024471396760,2024,471396760,2,19,0,2,0,0,0,0,0,0,0,0,2,1,6,3,-1,-1,-1,-1,-1,-1,-1,-1,-1,0
Unvalidated,2024471396767,2024,471396767,1,9,0,18,3,7,0,1,0,0,0,0,1,1,2,2,37,7,-1,-1,-1,-1,9,1,E01020954,0
Unvalidated,2024471396767,2024,471396767,2,98,0,18,7,3,0,2,0,0,0,0,1,1,6,1,34,6,-1,-1,-1,-1,6,2,E01021193,0
Unvalidated,2024471396767,2024,471396767,3,90,0,-1,-1,-1,0,1,-1,-1,-1,0,-1,1,6,3,-1,-1,-1,-1,-1,-1,-1,-1,-1,0
Unvalidated,2024471396776,2024,471396776,1,97,0,9,1,5,0,6,1,0,0,0,3,1,6,1,25,5,-1,-1,-1,-1,6,3,E01031513,0
Unvalidated,2024471396838,2024,471396838,1,3,0,16,3,6,0,0,1,0,0,0,4,1,2,1,19,4,-1,-1,-1,-1,2,1,E01001078,0
Unvalidated,2024471396838,2024,471396838,2,9,0,16,3,6,0,0,0,0,1,0,1,1,2,1,26,6,-1,-1,-1,-1,-1,-1,-1,0
Unvalidated,2024471396901,2024,471396901,1,9,0,5,7,3,9,0,0,0,0,0,1,1,6,2,-1,-1,-1,-1,-1,-1,-1,-1,-1,0
Unvalidated,2024471396950,2024,471396950,1,11,0,12,4,1,0,8,0,0,0,0,1,1,1,1,60,9,-1,-1,-1,-1,6,1,E01031480,0
Unvalidated,2024471396956,2024,471396956,1,9,0,16,2,5,0,0,0,0,0,0,1,1,2,1,62,9,-1,-1,-1,-1,3,1,E01031555,0
Unvalidated,2024471396956,2024,471396956,2,9,0,4,2,5,0,0,0,0,0,0,2,1,2,1,54,8,-1,-1,-1,-1,7,1,E01031566,0
Unvalidated,2024471396966,2024,471396966,1,9,0,18,7,3,0,0,0,0,0,0,1,1,5,2,61,9,-1,-1,-1,-1,5,3,E01021024,0
Unvalidated,2024471396983,2024,471396983,1,97,0,16,4,8,0,8,0,0,0,0,1,1,6,1,56,9,-1,-1,-1,-1,4,1,E01021138,0
Unvalidated,2024471396983,2024,471396983,2,9,0,18,4,2,0,1,0,0,0,0,1,1,5,2,41,7,-1,-1,-1,-1,6,1,E01021113,0
Unvalidated,2024471396990,2024,471396990,1,9,0,18,5,1,0,0,0,7,1,11,1,1,5,1,24,5,-1,-1,-1,-1,1,1,E01010452,0
Unvalidated,2024471397010,2024,471397010,1,9,0,18,5,1,0,0,5,0,8,11,1,1,2,1,28,6,-1,-1,-1,-1,9,1,E01031761,0
Unvalidated,2024471397011,2024,471397011,1,9,0,18,1,5,0,4,0,0,0,0,1,1,6,1,50,8,-1,-1,-1,-1,3,1,E01031430,0
Unvalidated,2024471397011,2024,471397011,2,1,0,18,7,3,0,8,0,0,0,0,4,1,6,2,57,9,-1,-1,-1,-1,4,1,E01031428,0
Unvalidated,2024471397029,2024,471397029,1,9,0,18,6,2,0,1,0,0,0,0,1,1,5,2,79,11,-1,-1,-1,-1,7,2,E01031616,0
Unvalidated,2024471397029,2024,471397029,2,19,0,4,6,2,0,1,0,0,1,0,2,1,1,1,39,7,-1,-1,-1,-1,6,2,E01031687,0
Unvalidated,2024471397029,2024,471397029,3,9,0,3,6,2,0,1,0,0,0,0,2,1,6,2,55,8,-1,-1,-1,-1,10,2,E01031684,0
Unvalidated,2024471397083,2024,471397083,1,9,0,4,5,1,0,2,0,0,0,0,2,1,6,1,-1,-1,-1,-1,-1,-1,-1,-1,-1,0
Unvalidated,2024471397083,2024,471397083,2,97,0,18,5,1,0,2,1,0,0,0,1,1,6,2,43,7,-1,-1,-1,-1,7,2,E01031525,0
Unvalidated,2024471397154,2024,471397154,1,9,0,18,1,5,0,0,0,0,0,0,1,1,6,3,-1,-1,-1,-1,-1,-1,-1,-1,-1,0
Unvalidated,2024471397164,2024,471397164,1,9,0,18,6,2,0,1,0,0,0,0,1,1,6,2,70,10,-1,-1,-1,-1,7,3,E01021032,0
Unvalidated,2024471397165,2024,471397165,1,9,0,4,6,2,0,0,0,12,1,0,0,1,1,1,28,6,-1,-1,-1,-1,8,3,E01031679,0
Unvalidated,2024471397165,2024,471397165,2,19,0,18,6,2,0,0,0,12,1,1,2,1,1,1,44,7,-1,-1,-1,-1,4,1,E01020957,0
Unvalidated,2024471397165,2024,471397165,3,19,0,18,2,2,1,0,0,0,0,0,1,1,1,1,26,6,-1,-1,-1,-1,2,1,E01031456,0
Unvalidated,2024471397177,2024,471397177,1,9,0,18,7,3,0,1,0,0,0,0,1,1,6,3,-1,-1,-1,-1,-1,-1,-1,-1,-1,0
Unvalidated,2024471397177,2024,471397177,2,9,0,3,7,3,0,1,0,0,0,0,2,1,6,1,42,7,-1,-1,-1,-1,3,1,E01031787,0
Unvalidated,2024471397189,2024,471397189,1,9,0,7,7,3,0,6,0,0,0,0,3,1,1,1,58,9,-1,-1,-1,-1,5,1,E01020427,0
Unvalidated,2024471397189,2024,471397189,2,1,0,18,5,1,4,1,0,0,0,0,1,1,5,1,73,10,-1,-1,-1,-1,10,1,E01031487,0
Unvalidated,2024471397191,2024,471397191,1,9,0,18,3,7,0,0,0,0,0,0,1,1,6,1,84,11,-1,-1,-1,-1,9,3,E01031721,0
Unvalidated,2024471397191,2024,471397191,2,9,0,4,3,7,0,0,0,12,0,0,2,1,2,1,36,7,-1,-1,-1,-1,3,1,E01031752,0
Unvalidated,2024471397203,2024,471397203,1,9,0,18,7,3,0,4,0,0,0,0,1,1,6,2,-1,-1,-1,-1,-1,-1,7,1,E01021093,0
Unvalidated,2024471397203,2024,471397203,2,97,0,4,7,3,0,3,2,0,0,0,4,1,6,1,18,4,-1,-1,-1,-1,3,1,E01021137,0
Unvalidated,2024471397228,2024,471397228,1,98,0,7,2,5,0,6,0,0,0,0,1,1,2,1,36,7,-1,-1,-1,-1,6,3,E01021204,0
Unvalidated,2024471397228,2024,471397228,2,9,0,-1,-1,-1,-1,-1,-1,-1,-1,0,-1,1,6,2,58,9,-1,-1,-1,-1,5,3,E01021100,0
Unvalidated,2024471397312,2024,471397312,1,9,0,9,6,4,0,8,0,0,0,0,1,1,5,2,73,10,-1,-1,-1,-1,9,1,E01031592,0
Unvalidated,2024471397312,2024,471397312,2,9,0,18,2,6,0,1,0,0,1,10,1,1,5,2,17,4,-1,-1,-1,-1,9,1,E01031563,0
Unvalidated,2024471397401,2024,471397401,1,98,0,18,7,3,0,2,0,0,0,0,1,1,1,1,24,5,-1,-1,-1,-1,7,1,E01024846,0
Unvalidated,2024471397401,2024,471397401,2,9,0,2,0,0,0,2,0,0,7,10,1,1,6,3,-1,-1,-1,-1,-1,-1,-1,-1,-1,0
Unvalidated,2024471397408,2024,471397408,1,9,0,18,8,4,0,0,0,0,0,0,0,1,6,3,-1,-1,-1,-1,-1,-1,-1,-1,-1,0
Unvalidated,2024471397499,2024,471397499,1,3,0,18,6,2,0,1,0,0,0,0,1,1,5,1,29,6,-1,-1,-1,-1,1,1,E01016895,0
Unvalidated,2024471397499,2024,471397499,2,9,0,9,8,6,0,6,0,0,0,0,3,1,6,2,34,6,-1,-1,-1,-1,7,1,E01016929,0
Unvalidated,2024471397524,2024,471397524,1,9,0,1,5,1,0,1,0,0,0,0,2,1,6,2,29,6,-1,-1,-1,-1,3,1,E01021037,0
Unvalidated,2024471397524,2024,471397524,2,9,0,4,5,1,0,1,0,0,0,0,1,1,1,2,31,6,-1,-1,-1,-1,2,1,E01020929,0
Unvalidated,2024471397559,2024,471397559,1,9,0,18,1,5,0,0,0,0,0,0,4,1,6,1,78,11,-1,-1,-1,-1,3,1,E01000740,0
Unvalidated,2024471397559,2024,471397559,2,1,0,18,1,5,0,0,5,0,0,0,2,1,6,1,65,9,-1,-1,-1,-1,8,1,E01020934,0
Unvalidated,2024471397595,2024,471397595,1,9,0,18,3,7,0,0,0,0,0,0,1,1,6,3,-1,-1,-1,-1,-1,-1,-1,-1,-1,0
Unvalidated,2024471397595,2024,471397595,2,9,0,3,3,7,0,0,0,0,0,0,2,1,2,1,19,4,-1,-1,-1,-1,5,1,E01031798,0
Unvalidated,2024471397633,2024,471397633,1,3,0,18,2,7,0,0,0,0,0,0,1,1,4,1,18,4,-1,-1,-1,-1,4,1,E01016973,0
Unvalidated,2024471397633,2024,471397633,2,9,0,4,3,7,0,0,0,0,0,0,2,1,6,1,73,10,-1,-1,-1,-1,1,1,E01016885,0
Unvalidated,2024471397681,2024,471397681,1,9,0,9,7,5,0,5,0,0,0,0,1,1,1,1,58,9,-1,-1,-1,-1,10,1,E01031699,0
Unvalidated,2024471397706,2024,471397706,1,19,0,18,1,5,0,0,0,0,0,0,3,1,1,1,51,8,-1,-1,-1,-1,3,1,E01021050,0
Unvalidated,2024471397706,2024,471397706,2,98,0,18,5,1,0,0,0,0,0,0,3,1,6,3,-1,-1,-1,-1,-1,-1,-1,-1,-1,0
Unvalidated,2024471397742,2024,471397742,1,9,0,18,3,7,0,1,0,0,0,0,1,1,1,2,36,7,-1,-1,-1,-1,7,1,E01031462,0
Unvalidated,2024471397742,2024,471397742,2,9,0,18,3,7,0,1,0,0,0,0,2,1,5,2,49,8,-1,-1,-1,-1,5,1,E01031826,0
Unvalidated,2024471397742,2024,471397742,3,9,0,18,3,7,0,1,0,0,0,0,2,1,5,1,53,8,-1,-1,-1,-1,4,1,E01031455,0
Unvalidated,2024471397947,2024,471397947,1,9,0,17,8,5,0,0,0,0,1,11,1,1,5,1,35,6,-1,-1,-1,-1,-1,-1,-1,0
Unvalidated,2024471397957,2024,471397957,1,9,0,16,3,7,0,0,1,0,1,4,1,1,6,1,20,4,-1,-1,-1,-1,8,1,E01021107,0
Unvalidated,2024471398031,2024,471398031,1,9,0,5,5,3,0,2,0,0,0,0,4,1,5,1,26,6,-1,-1,-1,-1,3,1,E01031791,0
Unvalidated,2024471398071,2024,471398071,1,9,0,18,8,5,0,4,0,0,0,0,1,1,5,1,18,4,-1,-1,-1,-1,10,1,E01030635,0
Unvalidated,2024471398116,2024,471398116,1,9,0,17,2,8,0,0,2,10,2,11,1,1,5,1,19,4,-1,-1,-1,-1,3,1,E01021003,0
Unvalidated,2024471398141,2024,471398141,1,9,0,-1,-1,-1,0,1,0,0,0,0,1,1,6,1,76,11,-1,-1,-1,-1,7,1,E01021181,0
Unvalidated,2024471398254,2024,471398254,1,9,0,18,7,3,0,0,0,0,0,0,3,1,6,2,48,8,-1,-1,-1,-1,5,1,E01031467,0
Unvalidated,2024471398254,2024,471398254,2,9,0,18,7,3,0,0,0,0,0,0,3,1,6,1,23,5,-1,-1,-1,-1,6,2,E01031499,0
Unvalidated,2024471398254,2024,471398254,3,9,0,18,7,3,0,0,0,0,0,0,2,1,6,1,29,6,-1,-1,-1,-1,3,1,E01017019,0
Unvalidated,2024471398254,2024,471398254,4,98,0,18,7,3,0,0,0,0,0,0,1,1,6,1,21,5,-1,-1,-1,-1,9,1,E01031496,0
Unvalidated,2024471398255,2024,471398255,1,19,0,18,3,7,0,1,0,0,0,0,1,1,2,1,21,5,-1,-1,-1,-1,6,2,E01031390,0
Unvalidated,2024471398255,2024,471398255,2,19,0,18,3,7,0,1,0,0,0,0,2,1,2,1,45,7,-1,-1,-1,-1,8,1,E01031399,0
Unvalidated,2024471398277,2024,471398277,1,9,0,16,5,1,0,0,0,0,1,9,0,1,2,2,45,7,-1,-1,-1,-1,7,1,E01031488,0
Unvalidated,2024471398296,2024,471398296,1,9,0,18,1,5,0,0,1,0,0,0,1,1,5,1,55,8,-1,-1,-1,-1,7,3,E01021025,0
Unvalidated,2024471398296,2024,471398296,2,9,0,18,5,1,0,0,0,0,0,0,1,1,5,2,43,7,-1,-1,-1,-1,10,1,E01031774,0
Unvalidated,2024471398301,2024,471398301,1,9,0,18,1,5,0,0,0,0,1,10,4,1,6,1,84,11,-1,-1,-1,-1,7,2,E01031527,0
Unvalidated,2024471398612,2024,471398612,1,9,0,-1,-1,-1,-1,0,-1,-1,-1,0,-1,1,6,3,-1,-1,-1,-1,-1,-1,-1,-1,-1,0
Unvalidated,2024471398636,2024,471398636,1,9,0,18,1,5,0,0,0,0,0,0,1,1,3,2,35,6,-1,-1,-1,-1,5,1,E01031571,0
Unvalidated,2024471398648,2024,471398648,1,9,0,18,5,1,0,0,0,0,0,0,1,1,5,2,21,5,-1,-1,-1,-1,5,3,E01031426,0
Unvalidated,2024471398648,2024,471398648,2,9,0,14,5,1,0,0,0,0,0,0,2,1,5,2,49,8,-1,-1,-1,-1,3,1,E01031400,0
Unvalidated,2024471398648,2024,471398648,3,9,0,2,0,0,0,0,0,0,0,0,0,1,6,3,-1,-1,-1,-1,-1,-1,-1,-1,-1,0
Unvalidated,2024471398648,2024,471398648,4,9,0,18,7,5,0,0,0,0,0,0,0,1,6,3,-1,-1,-1,-1,-1,-1,-1,-1,-1,0
Unvalidated,2024471398694,2024,471398694,1,9,0,18,5,1,0,0,0,0,0,0,4,1,5,2,33,6,-1,-1,-1,-1,5,1,E01031568,0
Unvalidated,2024471398695,2024,471398695,1,9,0,6,6,6,0,8,0,0,0,0,3,1,5,1,53,8,-1,-1,-1,-1,4,1,E01020965,0
Unvalidated,2024471398695,2024,471398695,2,9,0,18,8,4,0,1,0,0,0,0,1,1,1,1,32,6,-1,-1,-1,-1,4,1,E01020952,0
Unvalidated,2024471398696,2024,471398696,1,9,0,18,5,1,0,0,2,0,0,0,3,1,2,2,17,4,-1,-1,-1,-1,9,2,E01031693,0
Unvalidated,2024471398745,2024,471398745,1,9,0,17,8,5,0,1,5,0,0,0,1,1,5,1,53,8,-1,-1,-1,-1,1,1,E01020995,0
Unvalidated,2024471398761,2024,471398761,1,5,0,18,3,7,0,3,1,0,0,0,4,1,1,1,44,7,-1,-1,-1,-1,7,1,E01021093,0
Unvalidated,2024471398804,2024,471398804,1,9,0,18,7,3,0,1,0,7,0,0,1,1,5,1,78,11,-1,-1,-1,-1,5,1,E01031481,0
Unvalidated,2024471398919,2024,471398919,1,9,0,18,8,4,0,0,0,0,0,0,1,1,6,3,27,6,-1,-1,-1,-1,4,1,E01031553,0
Unvalidated,2024471398919,2024,471398919,2,9,0,10,8,4,0,0,0,0,0,0,2,1,2,2,28,6,-1,-1,-1,-1,4,1,E01031608,0
Unvalidated,2024471398941,2024,471398941,1,9,0,17,4,7,0,0,5,0,2,4,1,1,2,1,24,5,-1,-1,-1,-1,4,1,E01020973,0
Unvalidated,2024471398987,2024,471398987,1,3,0,7,7,1,0,1,1,0,0,0,3,1,6,2,47,8,-1,-1,-1,-1,8,1,E01016956,0
Unvalidated,2024471398988,2024,471398988,1,9,0,2,2,6,0,2,0,0,1,4,2,1,6,1,60,9,-1,-1,-1,-1,4,1,E01016882,0
Unvalidated,2024471399063,2024,471399063,1,9,0,18,1,6,0,0,0,0,0,0,1,1,5,1,80,11,-1,-1,-1,-1,7,2,E01031500,0
Unvalidated,2024471399063,2024,471399063,2,19,0,3,1,6,0,0,0,0,0,0,2,1,5,1,60,9,-1,-1,-1,-1,6,2,E01031499,0
Unvalidated,2024471399063,2024,471399063,3,9,0,3,1,6,0,0,0,0,0,0,2,1,1,1,49,8,-1,-1,-1,-1,4,1,E01017093,0
Unvalidated,2024471399112,2024,471399112,1,9,0,5,5,1,0,2,0,0,0,0,4,1,2,1,42,7,-1,-1,-1,-1,6,1,E01016972,0
Unvalidated,2024471399128,2024,471399128,1,9,0,18,7,3,0,6,0,0,0,0,3,1,6,1,68,10,-1,-1,-1,-1,8,1,E01031814,0
Unvalidated,2024471399128,2024,471399128,2,9,0,18,5,1,0,8,0,0,0,0,1,1,5,1,84,11,-1,-1,-1,-1,5,1,E01031378,0
Unvalidated,2024471399179,2024,471399179,1,9,0,18,3,7,0,1,1,0,8,11,3,1,2,2,25,5,-1,-1,-1,-1,7,1,E01031460,0
Unvalidated,2024471399179,2024,471399179,2,9,0,9,5,1,0,2,0,0,0,0,1,1,5,1,35,6,-1,-1,-1,-1,1,1,E01031429,0
Unvalidated,2024471399185,2024,471399185,1,9,0,18,4,8,0,1,0,0,0,0,1,1,5,2,73,10,-1,-1,-1,-1,4,1,E01021071,0
Unvalidated,2024471399353,2024,471399353,1,9,0,18,1,5,0,1,0,0,0,0,1,1,6,1,31,6,-1,-1,-1,-1,8,1,E01032838,0
Unvalidated,2024471399353,2024,471399353,2,9,0,18,5,1,0,2,2,0,2,0,3,1,6,1,50,8,-1,-1,-1,-1,10,1,E01031706,0
Unvalidated,2024471399458,2024,471399458,1,9,0,9,1,5,0,0,0,0,0,0,1,1,2,1,22,5,-1,-1,-1,-1,10,3,E01031744,0
Unvalidated,2024471399458,2024,471399458,2,9,0,18,5,1,0,0,0,0,0,0,4,1,6,2,40,7,-1,-1,-1,-1,3,1,E01031752,0
Unvalidated,2024471399458,2024,471399458,3,9,0,18,5,1,0,0,0,0,0,0,1,1,2,2,52,8,-1,-1,-1,-1,10,1,E01031715,0
Unvalidated,2024471399477,2024,471399477,1,3,0,18,3,7,0,0,0,0,0,0,1,1,6,1,22,5,-1,-1,-1,-1,7,1,E01021029,0
Unvalidated,2024471399477,2024,471399477,2,9,0,18,7,3,0,0,0,0,0,0,3,1,6,1,56,9,-1,-1,-1,-1,7,2,E01021166,0
Unvalidated,2024471399480,2024,471399480,1,9,0,18,4,8,0,0,1,0,2,0,2,1,2,1,20,4,-1,-1,-1,-1,6,2,E01031687,0
Unvalidated,2024471399480,2024,471399480,2,9,0,18,8,4,0,0,0,0,8,0,1,1,6,1,19,4,-1,-1,-1,-1,4,1,E01031806,0
Unvalidated,2024471399573,2024,471399573,1,19,0,18,2,6,0,0,1,0,0,0,1,1,1,1,46,8,-1,-1,-1,-1,1,1,E01031427,0
Unvalidated,2024471399573,2024,471399573,2,19,0,4,1,6,0,0,0,0,0,0,2,1,2,1,26,6,-1,-1,-1,-1,5,1,E01031403,0
Unvalidated,2024471399573,2024,471399573,3,9,0,4,2,6,0,0,0,0,0,0,2,1,5,2,38,7,-1,-1,-1,-1,3,1,E01031430,0