status,collision_index,collision_year,collision_reference,vehicle_reference,vehicle_type,towing_and_articulation,vehicle_manoeuvre,vehicle_direction_from,vehicle_direction_to,vehicle_location_restricted_lane,junction_location,skidding_and_overturning,hit_object_in_carriageway,vehicle_leaving_carriageway,hit_object_off_carriageway,first_point_of_impact,vehicle_left_hand_drive,journey_purpose_of_driver,sex_of_driver,age_of_driver,age_band_of_driver,engine_capacity_cc,propulsion_code,age_of_vehicle,generic_make_model,driver_imd_decile,driver_home_area_type,lsoa_of_driver,escooter_flag
Unvalidated,2024471399674,2024,471399674,1,9,0,17,1,5,0,1,0,0,3,4,4,1,5,2,36,7,-1,-1,-1,-1,6,1,E01031777,0
Unvalidated,2024471399674,2024,471399674,2,9,0,18,7,3,0,1,0,0,0,0,1,1,3,1,78,11,-1,-1,-1,-1,5,1,E01031818,0
Unvalidated,2024471399694,2024,471399694,1,21,0,18,-1,-1,0,0,0,0,0,0,-1,1,6,1,68,10,-1,-1,-1,-1,10,1,E01023172,0
Unvalidated,2024471399694,2024,471399694,2,98,0,18,2,6,0,0,0,0,0,0,1,1,6,3,-1,-1,-1,-1,-1,-1,-1,-1,-1,0
Unvalidated,2024471399764,2024,471399764,1,97,0,18,3,7,0,0,0,0,0,0,1,1,1,1,22,5,-1,-1,-1,-1,3,1,E01031559,0
Unvalidated,2024471399936,2024,471399936,1,9,0,18,2,6,0,8,0,0,0,0,1,2,5,1,89,11,-1,-1,-1,-1,1,1,E01020920,0
Unvalidated,2024471399936,2024,471399936,2,9,0,4,2,6,0,8,0,0,0,0,2,2,1,1,40,7,-1,-1,-1,-1,5,1,E01020951,0
Unvalidated,2024471399956,2024,471399956,1,9,0,9,2,6,0,0,0,0,0,0,1,1,6,1,-1,-1,-1,-1,-1,-1,5,1,E01031594,0
Unvalidated,2024471399956,2024,471399956,2,1,0,8,8,2,0,0,0,0,0,0,4,1,5,1,78,11,-1,-1,-1,-1,4,1,E01031562,0
Unvalidated,2024471400028,2024,471400028,1,9,0,4,8,4,0,0,0,0,0,0,2,1,3,2,28,6,-1,-1,-1,-1,1,1,E01020920,0
Unvalidated,2024471400028,2024,471400028,2,19,-1,18,8,4,0,0,0,0,0,0,1,1,6,1,66,10,-1,-1,-1,-1,8,1,E01021233,0
Unvalidated,2024471400069,2024,471400069,1,98,0,18,-1,-1,0,0,0,0,0,0,4,1,6,3,-1,-1,-1,-1,-1,-1,-1,-1,-1,0
Unvalidated,2024471400089,2024,471400089,1,9,0,18,5,1,0,0,0,0,0,0,1,1,1,1,60,9,-1,-1,-1,-1,3,1,E01020913,0
Unvalidated,2024471400089,2024,471400089,2,9,0,18,1,5,0,0,0,0,1,0,1,1,5,2,53,8,-1,-1,-1,-1,9,3,E01021203,0
Unvalidated,2024471400105,2024,471400105,1,9,0,18,5,1,9,1,0,0,0,0,1,1,5,1,45,7,-1,-1,-1,-1,4,1,E01020966,0
Unvalidated,2024471400159,2024,471400159,1,9,0,9,7,4,0,8,0,0,0,0,1,1,5,2,45,7,-1,-1,-1,-1,5,1,E01031594,0
Unvalidated,2024471400159,2024,471400159,2,9,0,18,3,7,0,8,0,0,0,0,1,1,5,1,66,10,-1,-1,-1,-1,9,1,E01031590,0
Unvalidated,2024471400162,2024,471400162,1,9,0,3,7,3,0,0,0,0,0,0,2,1,5,2,32,6,-1,-1,-1,-1,3,1,E01031811,0
Unvalidated,2024471400162,2024,471400162,2,9,0,18,7,3,0,0,0,0,0,0,1,1,6,1,49,8,-1,-1,-1,-1,4,1,E01016872,0
Unvalidated,2024471400167,2024,471400167,1,9,0,9,1,7,0,1,0,0,0,0,4,1,5,2,27,6,-1,-1,-1,-1,5,1,E01031595,0
Unvalidated,2024471400167,2024,471400167,2,9,0,18,5,1,0,8,0,0,0,0,1,1,5,2,66,10,-1,-1,-1,-1,9,1,E01031592,0
Unvalidated,2024471400191,2024,471400191,1,9,0,18,1,5,0,0,5,0,7,3,1,1,5,2,19,4,-1,-1,-1,-1,7,1,E01022795,0
Unvalidated,2024471400286,2024,471400286,1,1,0,5,3,7,0,8,0,0,0,0,4,1,5,2,22,5,-1,-1,-1,-1,8,1,E01021041,0
Unvalidated,2024471400286,2024,471400286,2,9,0,5,1,5,0,8,0,0,0,0,1,1,6,2,60,9,-1,-1,-1,-1,7,3,E01021032,0
Unvalidated,2024471400298,2024,471400298,1,19,0,3,6,2,0,0,0,0,0,0,2,1,2,1,33,6,-1,-1,-1,-1,5,3,E01021195,0
Unvalidated,2024471400298,2024,471400298,2,19,0,18,6,2,0,0,0,0,0,0,1,1,1,1,34,6,-1,-1,-1,-1,6,3,E01021186,0
Unvalidated,2024471400313,2024,471400313,1,9,0,18,5,1,0,1,0,0,0,0,1,1,5,1,29,6,-1,-1,-1,-1,9,1,E01002991,0
Unvalidated,2024471400313,2024,471400313,2,19,0,6,5,1,0,1,0,0,1,0,3,1,1,1,55,8,-1,-1,-1,-1,4,3,E01031657,0
Unvalidated,2024471400332,2024,471400332,1,9,0,14,6,2,0,1,0,0,0,0,1,1,3,2,31,6,-1,-1,-1,-1,1,1,E01020994,0
Unvalidated,2024471400332,2024,471400332,2,98,0,9,6,4,0,1,0,0,0,0,3,1,2,1,40,7,-1,-1,-1,-1,5,1,E01021001,0
Unvalidated,2024471400409,2024,471400409,1,9,0,18,1,5,0,8,0,0,0,0,1,1,6,2,62,9,-1,-1,-1,-1,1,1,E01020912,0
Unvalidated,2024471400409,2024,471400409,2,9,0,9,4,2,0,6,0,0,0,0,1,1,6,1,32,6,-1,-1,-1,-1,4,1,E01021002,0
Unvalidated,2024471400417,2024,471400417,1,9,0,18,3,7,0,8,5,0,0,0,3,1,5,2,31,6,-1,-1,-1,-1,2,1,E01021179,0
Unvalidated,2024471400435,2024,471400435,1,9,0,-1,-1,-1,-1,0,-1,-1,-1,0,-1,1,6,3,-1,-1,-1,-1,-1,-1,-1,-1,-1,0
Unvalidated,2024471400435,2024,471400435,2,9,0,5,1,5,6,0,0,0,0,0,3,1,5,2,18,4,-1,-1,-1,-1,10,2,E01031627,0
Unvalidated,2024471400449,2024,471400449,1,9,0,9,7,3,0,2,0,0,0,0,4,1,6,2,24,5,-1,-1,-1,-1,5,1,E01020947,0
Unvalidated,2024471400449,2024,471400449,2,9,0,18,5,1,0,1,0,0,1,11,1,1,3,1,52,8,-1,-1,-1,-1,3,1,E01020917,0
Unvalidated,2024471400455,2024,471400455,1,98,0,18,3,7,0,0,0,0,0,0,1,1,5,1,32,6,-1,-1,-1,-1,5,1,E01031373,0
Unvalidated,2024471400455,2024,471400455,2,9,0,18,3,7,0,0,0,0,0,0,2,1,2,2,46,8,-1,-1,-1,-1,3,1,E01031372,0
Unvalidated,2024471400465,2024,471400465,1,9,0,9,3,1,0,0,0,0,0,0,1,1,6,1,22,5,-1,-1,-1,-1,9,1,E01031730,0
Unvalidated,2024471400465,2024,471400465,2,9,0,7,1,3,0,0,0,0,0,0,1,1,6,1,-1,-1,-1,-1,-1,-1,5,1,E01031731,0
Unvalidated,2024471400499,2024,471400499,1,9,0,7,3,5,0,2,0,0,0,0,1,1,5,1,46,8,-1,-1,-1,-1,5,1,E01021111,0
Unvalidated,2024471400507,2024,471400507,1,9,0,18,4,8,0,0,5,0,7,0,1,1,5,1,62,9,-1,-1,-1,-1,6,3,E01021104,0
Unvalidated,2024471400507,2024,471400507,2,9,0,2,0,0,0,0,0,0,0,0,3,1,5,2,65,9,-1,-1,-1,-1,4,1,E01021002,0
Unvalidated,2024471400531,2024,471400531,1,9,0,17,1,6,0,8,0,0,0,0,1,1,1,1,59,9,-1,-1,-1,-1,6,1,E01031839,0
Unvalidated,2024471400531,2024,471400531,2,3,0,5,6,1,0,8,0,0,0,0,1,1,1,1,28,6,-1,-1,-1,-1,5,1,E01016957,0
Unvalidated,2024471400532,2024,471400532,1,9,0,7,7,1,0,2,0,0,0,0,3,1,6,1,48,8,-1,-1,-1,-1,4,1,E01020973,0
Unvalidated,2024471400532,2024,471400532,2,9,0,8,1,4,0,1,0,0,0,0,3,1,6,2,61,9,-1,-1,-1,-1,7,1,E01021009,0
Unvalidated,2024471400534,2024,471400534,1,9,0,18,2,6,0,1,0,0,0,0,1,1,6,1,86,11,-1,-1,-1,-1,9,2,E01031622,0
Unvalidated,2024471400534,2024,471400534,2,10,0,18,6,2,0,1,0,0,0,0,1,1,1,1,69,10,-1,-1,-1,-1,5,1,E01031571,0
Unvalidated,2024471400534,2024,471400534,3,98,0,18,6,2,0,1,0,0,0,0,1,1,1,1,46,8,-1,-1,-1,-1,9,1,E01031353,0
Unvalidated,2024471400534,2024,471400534,4,10,0,18,6,2,0,1,0,0,0,0,0,1,1,1,64,9,-1,-1,-1,-1,7,2,E01031677,0
Unvalidated,2024471400540,2024,471400540,1,9,0,9,1,7,0,2,0,0,0,0,1,1,5,1,23,5,-1,-1,-1,-1,8,3,E01021209,0
Unvalidated,2024471400540,2024,471400540,2,9,0,18,7,3,0,1,0,0,0,0,1,1,1,1,40,7,-1,-1,-1,-1,5,1,E01020951,0
Unvalidated,2024471400596,2024,471400596,1,1,0,18,8,4,0,1,5,0,0,0,2,1,2,2,35,6,-1,-1,-1,-1,9,1,E01031753,0
Unvalidated,2024471400596,2024,471400596,2,9,0,5,2,4,0,1,0,0,0,0,1,1,6,1,-1,-1,-1,-1,-1,-1,-1,-1,-1,0
Unvalidated,2024471400621,2024,471400621,1,1,0,18,4,8,0,1,0,0,0,0,1,1,6,2,79,11,-1,-1,-1,-1,9,1,E01031741,0
Unvalidated,2024471400621,2024,471400621,2,19,0,18,6,8,0,1,0,0,0,0,1,2,6,2,31,6,-1,-1,-1,-1,9,1,E01004115,0
Unvalidated,2024471400659,2024,471400659,1,9,0,5,6,2,0,1,0,0,0,0,3,1,3,2,78,11,-1,-1,-1,-1,10,1,E01031773,0
Unvalidated,2024471400677,2024,471400677,1,9,0,-1,-1,-1,-1,0,-1,-1,-1,0,-1,1,6,3,-1,-1,-1,-1,-1,-1,-1,-1,-1,0
Unvalidated,2024471400677,2024,471400677,2,9,0,18,1,5,0,0,0,0,0,0,3,1,6,1,-1,-1,-1,-1,-1,-1,10,1,E01031424,0
Unvalidated,2024471400690,2024,471400690,1,9,0,18,5,1,0,1,1,0,0,0,1,1,1,1,25,5,-1,-1,-1,-1,8,1,E01021176,0
Unvalidated,2024471400690,2024,471400690,2,9,0,9,1,7,0,1,0,0,0,0,4,1,3,2,42,7,-1,-1,-1,-1,7,3,E01031660,0
Unvalidated,2024471400735,2024,471400735,1,9,0,18,1,5,0,0,0,0,0,0,3,1,6,3,-1,-1,-1,-1,-1,-1,-1,-1,-1,0
Unvalidated,2024471400735,2024,471400735,2,9,0,2,0,0,0,0,0,0,0,0,4,1,1,1,41,7,-1,-1,-1,-1,6,1,E01031709,0
Unvalidated,2024471400753,2024,471400753,1,98,0,18,1,5,0,8,0,0,0,0,0,1,6,3,-1,-1,-1,-1,-1,-1,-1,-1,-1,0
Unvalidated,2024471400753,2024,471400753,2,9,0,3,1,5,0,4,0,0,0,0,2,1,6,1,65,9,-1,-1,-1,-1,2,1,E01020911,0
Unvalidated,2024471400753,2024,471400753,3,9,0,18,1,5,0,8,0,0,0,0,1,1,5,2,62,9,-1,-1,-1,-1,5,3,E01021211,0
Unvalidated,2024471400783,2024,471400783,1,9,0,17,3,7,0,4,0,0,0,0,1,1,5,1,47,8,-1,-1,-1,-1,5,1,E01030814,0
Unvalidated,2024471400783,2024,471400783,2,97,0,18,1,5,0,8,0,0,0,0,4,1,2,1,25,5,-1,-1,-1,-1,7,1,E01031398,0
Unvalidated,2024471400793,2024,471400793,1,9,0,17,2,8,0,8,0,0,0,0,4,1,5,2,25,5,-1,-1,-1,-1,6,1,E01031636,0
Unvalidated,2024471400793,2024,471400793,2,9,0,11,2,8,0,3,0,0,0,0,4,1,5,1,27,6,-1,-1,-1,-1,9,2,E01031622,0
Unvalidated,2024471400815,2024,471400815,1,9,0,18,5,1,0,0,0,0,1,10,1,1,5,2,51,8,-1,-1,-1,-1,10,1,E01031760,0
Unvalidated,2024471400827,2024,471400827,1,9,0,18,3,7,0,4,0,9,3,10,1,1,5,1,20,4,-1,-1,-1,-1,6,1,E01017014,0
Unvalidated,2024471400948,2024,471400948,1,9,0,9,3,1,0,6,0,0,0,0,4,1,5,1,21,5,-1,-1,-1,-1,9,1,E01031741,0
Unvalidated,2024471400948,2024,471400948,2,97,0,18,5,1,0,1,0,0,0,0,1,1,5,1,46,8,-1,-1,-1,-1,9,1,E01031733,0
Unvalidated,2024471400948,2024,471400948,3,9,0,3,5,1,0,1,0,0,0,0,0,1,5,1,77,11,-1,-1,-1,-1,8,1,E01014705,0
Unvalidated,2024471400959,2024,471400959,1,1,0,18,7,3,0,8,0,0,0,0,3,1,2,2,42,7,-1,-1,-1,-1,7,1,E01016997,0
Unvalidated,2024471400959,2024,471400959,2,19,0,9,3,5,0,8,0,0,0,0,1,1,6,3,-1,-1,-1,-1,-1,-1,-1,-1,-1,0
Unvalidated,2024471400996,2024,471400996,1,9,0,17,1,5,0,1,0,0,7,0,1,1,5,1,18,4,-1,-1,-1,-1,10,1,E01031739,0
Unvalidated,2024471401263,2024,471401263,1,9,0,18,3,7,0,1,0,0,0,0,3,1,6,1,75,10,-1,-1,-1,-1,4,1,E01016925,0
Unvalidated,2024471401328,2024,471401328,1,90,0,9,7,5,0,1,0,0,0,0,0,1,5,1,64,9,-1,-1,-1,-1,2,1,E01021135,1
Unvalidated,2024471401328,2024,471401328,2,9,0,18,7,3,0,1,0,0,0,0,0,1,1,1,33,6,-1,-1,-1,-1,7,1,E01021130,0
Unvalidated,2024471401364,2024,471401364,1,98,0,18,5,1,0,0,1,4,0,0,1,1,2,1,59,9,-1,-1,-1,-1,4,1,E01016902,0
Unvalidated,2024471401364,2024,471401364,2,9,0,5,5,1,0,0,0,0,0,0,1,1,5,2,22,5,-1,-1,-1,-1,8,1,E01031707,0
Unvalidated,2024471401364,2024,471401364,3,9,0,2,0,0,0,0,0,0,0,0,1,1,6,3,-1,-1,-1,-1,-1,-1,-1,-1,-1,0
Unvalidated,2024471401364,2024,471401364,4,9,0,2,0,0,0,0,0,0,0,0,1,1,6,3,-1,-1,-1,-1,-1,-1,-1,-1,-1,0
Unvalidated,2024471401394,2024,471401394,1,9,0,3,8,-1,0,0,0,0,0,0,1,1,6,1,44,7,-1,-1,-1,-1,3,1,E01016879,0
Unvalidated,2024471401394,2024,471401394,2,9,0,3,8,1,0,0,0,0,0,0,2,1,6,2,29,6,-1,-1,-1,-1,5,1,E01016886,0
Unvalidated,2024471401419,2024,471401419,1,9,0,9,5,2,0,8,0,0,0,0,4,1,5,2,25,5,-1,-1,-1,-1,8,3,E01021082,0
Unvalidated,2024471401419,2024,471401419,2,9,0,18,8,4,0,8,0,0,0,0,1,1,5,1,57,9,-1,-1,-1,-1,-1,-1,-1,0
Unvalidated,2024471401419,2024,471401419,3,9,0,10,8,5,0,8,0,0,0,0,0,1,5,2,50,8,-1,-1,-1,-1,9,1,E01020939,0
Unvalidated,2024471401439,2024,471401439,1,90,0,18,6,2,0,0,0,0,0,0,1,1,5,1,31,6,-1,-1,-1,-1,4,1,E01020927,1
Unvalidated,2024471401439,2024,471401439,2,9,0,18,5,8,0,0,0,0,0,0,4,1,2,1,44,7,-1,-1,-1,-1,3,1,E01020930,0
Unvalidated,2024471401456,2024,471401456,1,9,0,18,3,3,0,0,0,4,0,0,1,1,5,1,25,5,-1,-1,-1,-1,10,1,E01031717,0
Unvalidated,2024471401456,2024,471401456,2,19,0,2,0,0,0,0,0,0,0,0,2,1,6,3,-1,-1,-1,-1,-1,-1,-1,-1,-1,0
Unvalidated,2024471401456,2024,471401456,3,19,0,2,0,0,0,0,0,0,0,0,2,1,6,3,-1,-1,-1,-1,-1,-1,-1,-1,-1,0
Unvalidated,2024471401474,2024,471401474,1,9,0,5,5,1,0,4,0,0,0,0,1,1,1,1,58,9,-1,-1,-1,-1,-1,-1,-1,0
Unvalidated,2024471401474,2024,471401474,2,9,0,18,3,7,0,8,1,0,0,0,4,1,1,1,47,8,-1,-1,-1,-1,7,1,E01031406,0
Unvalidated,2024471401573,2024,471401573,1,9,0,18,8,4,0,0,0,0,0,0,1,1,2,2,40,7,-1,-1,-1,-1,9,1,E01001020,0
Unvalidated,2024471401573,2024,471401573,2,9,0,18,8,4,0,0,0,0,0,0,2,1,2,1,49,8,-1,-1,-1,-1,8,3,E01031698,0
Unvalidated,2024471401573,2024,471401573,3,9,0,-1,-1,-1,-1,0,-1,-1,-1,0,-1,1,6,3,-1,-1,-1,-1,-1,-1,-1,-1,-1,0
Unvalidated,2024471401590,2024,471401590,1,19,0,5,2,5,0,6,0,0,0,0,1,1,2,1,26,6,-1,-1,-1,-1,5,1,E01016991,0
Unvalidated,2024471401590,2024,471401590,2,1,0,18,7,4,0,8,0,0,0,0,1,1,6,2,62,9,-1,-1,-1,-1,8,1,E01016992,0
Unvalidated,2024471401743,2024,471401743,1,9,0,18,6,2,0,4,0,0,0,0,1,1,6,1,35,6,-1,-1,-1,-1,5,1,E01031568,0
Unvalidated,2024471401743,2024,471401743,2,9,0,9,2,8,0,8,0,0,0,0,4,1,6,1,74,10,-1,-1,-1,-1,4,1,E01031610,0
Unvalidated,2024471401815,2024,471401815,1,9,0,9,2,4,0,8,0,0,0,0,4,1,6,3,-1,-1,-1,-1,-1,-1,-1,-1,-1,0
Unvalidated,2024471401815,2024,471401815,2,1,0,18,2,6,0,8,0,0,0,0,3,1,6,1,23,5,-1,-1,-1,-1,7,1,E01016903,0
Unvalidated,2024471401844,2024,471401844,1,9,0,18,1,5,0,8,1,10,3,1,3,1,5,2,35,6,-1,-1,-1,-1,3,1,E01021090,0
Unvalidated,2024471401844,2024,471401844,2,9,0,18,7,3,0,1,0,0,0,0,1,1,5,1,52,8,-1,-1,-1,-1,7,1,E01021112,0
Unvalidated,2024471401854,2024,471401854,1,9,0,11,7,7,7,2,0,0,0,0,3,1,5,1,45,7,-1,-1,-1,-1,-1,-1,-1,0
Unvalidated,2024471401854,2024,471401854,2,11,0,18,7,7,0,2,0,0,0,0,1,1,1,1,33,6,-1,-1,-1,-1,4,1,E01031835,0
Unvalidated,2024471401858,2024,471401858,1,9,0,7,1,3,0,0,0,0,0,0,3,1,5,1,41,7,-1,-1,-1,-1,5,1,E01031401,0
Unvalidated,2024471401858,2024,471401858,2,5,0,18,7,3,0,0,0,0,0,0,1,1,1,1,42,7,-1,-1,-1,-1,6,1,E01031464,0
Unvalidated,2024471401887,2024,471401887,1,19,0,18,5,1,0,0,0,4,0,0,1,1,1,1,26,6,-1,-1,-1,-1,4,1,E01021076,0
Unvalidated,2024471401887,2024,471401887,2,19,0,2,0,0,0,0,0,0,0,0,2,1,6,3,-1,-1,-1,-1,-1,-1,-1,-1,-1,0
Unvalidated,2024471401890,2024,471401890,1,9,0,18,3,7,0,0,0,0,0,0,1,1,6,2,36,7,-1,-1,-1,-1,9,3,E01031772,0
Unvalidated,2024471402038,2024,471402038,1,9,0,9,7,3,0,0,0,0,1,0,1,1,6,1,63,9,-1,-1,-1,-1,8,1,E01017002,0
Unvalidated,2024471402193,2024,471402193,1,9,0,18,3,7,0,8,0,0,0,0,3,1,5,1,18,4,-1,-1,-1,-1,5,1,E01031467,0
Unvalidated,2024471402193,2024,471402193,2,3,0,17,7,4,0,8,0,0,0,0,1,1,6,1,29,6,-1,-1,-1,-1,3,1,E01031400,0
Unvalidated,2024471402210,2024,471402210,1,19,0,5,2,6,0,6,0,0,0,0,1,1,6,1,45,7,-1,-1,-1,-1,6,1,E01024357,0
Unvalidated,2024471402210,2024,471402210,2,1,0,18,8,4,0,1,0,0,0,0,2,1,6,2,70,10,-1,-1,-1,-1,4,1,E01031546,0
Unvalidated,2024471402219,2024,471402219,1,9,0,9,4,2,0,1,0,0,0,0,1,1,6,3,-1,-1,-1,-1,-1,-1,-1,-1,-1,0
Unvalidated,2024471402240,2024,471402240,1,11,0,4,7,3,0,0,0,0,0,0,0,1,1,2,50,8,-1,-1,-1,-1,9,2,E01021056,0
Unvalidated,2024471402260,2024,471402260,1,9,0,9,4,2,0,8,0,0,0,0,2,1,2,1,42,7,-1,-1,-1,-1,1,1,E01020980,0
Unvalidated,2024471402260,2024,471402260,2,3,0,18,1,5,0,1,0,0,0,0,1,1,2,1,29,6,-1,-1,-1,-1,3,1,E01021016,0
Unvalidated,2024471402267,2024,471402267,1,9,0,2,0,0,0,0,0,99,0,0,4,1,5,1,31,6,-1,-1,-1,-1,3,1,E01031444,0
Unvalidated,2024471402267,2024,471402267,2,9,-1,18,2,6,0,0,0,0,0,0,-1,1,6,3,-1,-1,-1,-1,-1,-1,-1,-1,-1,0
Unvalidated,2024471402282,2024,471402282,1,9,0,4,8,4,0,0,0,0,0,0,2,1,5,2,43,7,-1,-1,-1,-1,10,1,E01031735,0
Unvalidated,2024471402282,2024,471402282,2,9,0,18,8,4,0,0,0,0,0,0,1,1,6,1,38,7,-1,-1,-1,-1,8,1,E01031732,0
Unvalidated,2024471402289,2024,471402289,1,9,0,18,7,3,0,0,0,0,0,0,3,1,6,2,71,10,-1,-1,-1,-1,9,1,E01020945,0
Unvalidated,2024471402313,2024,471402313,1,9,0,9,4,8,0,6,0,0,0,0,3,1,6,2,42,7,-1,-1,-1,-1,8,3,E01021169,0
Unvalidated,2024471402313,2024,471402313,2,3,0,18,8,4,0,1,0,0,0,0,1,1,5,1,17,4,-1,-1,-1,-1,10,2,E01030821,0
Unvalidated,2024471402313,2024,471402313,3,9,0,18,8,4,0,1,0,0,0,0,-1,1,6,3,-1,-1,-1,-1,-1,-1,-1,-1,-1,0
Unvalidated,2024471402339,2024,471402339,1,9,0,-1,-1,-1,-1,0,-1,-1,-1,0,-1,1,6,3,-1,-1,-1,-1,-1,-1,-1,-1,-1,0
Unvalidated,2024471402341,2024,471402341,1,9,0,7,7,1,0,8,0,0,0,0,1,1,2,2,60,9,-1,-1,-1,-1,5,1,E01031832,0
Unvalidated,2024471402341,2024,471402341,2,1,0,18,7,3,0,8,0,0,0,0,4,1,1,1,20,4,-1,-1,-1,-1,5,1,E01031798,0
Unvalidated,2024471402345,2024,471402345,1,9,0,9,5,2,0,5,0,0,0,0,1,1,4,2,17,4,-1,-1,-1,-1,9,3,E01021208,0
Unvalidated,2024471402345,2024,471402345,2,9,0,18,1,5,0,1,0,0,0,0,1,1,5,1,66,10,-1,-1,-1,-1,7,1,E01021009,0
Unvalidated,2024471402444,2024,471402444,1,9,0,18,4,8,0,0,0,0,0,0,4,1,6,3,-1,-1,-1,-1,-1,-1,-1,-1,-1,0
Unvalidated,2024471402528,2024,471402528,1,1,0,9,8,6,0,8,2,7,0,0,4,1,5,1,23,5,-1,-1,-1,-1,8,1,E01016932,0
Unvalidated,2024471402528,2024,471402528,2,90,0,9,8,6,0,8,5,99,0,0,3,1,6,1,-1,-1,-1,-1,-1,-1,-1,-1,-1,0
Unvalidated,2024471402538,2024,471402538,1,9,0,18,1,5,0,0,0,0,7,0,1,1,1,1,70,10,-1,-1,-1,-1,10,3,E01021217,0
Unvalidated,2024471402555,2024,471402555,1,9,0,18,5,1,0,1,0,0,0,0,3,1,2,2,50,8,-1,-1,-1,-1,9,3,E01031623,0
Unvalidated,2024471402555,2024,471402555,2,11,-1,4,1,5,0,1,0,0,0,0,-1,1,2,3,-1,-1,-1,-1,-1,-1,-1,-1,-1,0
Unvalidated,2024471402739,2024,471402739,1,9,0,17,7,3,0,0,0,0,1,4,1,1,2,1,47,8,-1,-1,-1,-1,4,1,E01024843,0
Unvalidated,2024471402872,2024,471402872,1,9,0,18,1,5,0,2,0,4,1,0,1,1,5,2,46,8,-1,-1,-1,-1,7,1,E01016946,0
Unvalidated,2024471402872,2024,471402872,2,9,0,2,0,0,0,2,0,0,2,0,4,1,6,3,-1,-1,-1,-1,-1,-1,-1,-1,-1,0
Unvalidated,2024471402872,2024,471402872,3,9,0,2,0,0,0,2,0,0,0,0,3,1,6,3,-1,-1,-1,-1,-1,-1,-1,-1,-1,0
Unvalidated,2024471402883,2024,471402883,1,9,0,18,3,7,0,0,0,0,0,0,1,1,6,1,28,6,-1,-1,-1,-1,10,1,E01031699,0
Unvalidated,2024471402899,2024,471402899,1,9,0,7,5,8,0,0,0,0,0,0,4,1,6,2,60,9,-1,-1,-1,-1,9,2,E01031723,0
Unvalidated,2024471402921,2024,471402921,1,9,0,9,7,5,0,6,0,0,0,0,1,1,6,1,91,11,-1,-1,-1,-1,9,3,E01031476,0
Unvalidated,2024471402921,2024,471402921,2,4,0,18,5,1,0,1,0,0,0,0,1,1,6,1,37,7,-1,-1,-1,-1,8,2,E01031474,0
Unvalidated,2024471402921,2024,471402921,3,9,0,10,1,7,0,1,0,0,0,0,1,1,6,1,62,9,-1,-1,-1,-1,6,1,E01022925,0
Unvalidated,2024471402962,2024,471402962,1,1,0,18,1,5,0,0,0,0,0,0,1,1,5,1,16,4,-1,-1,-1,-1,6,3,E01031402,0
Unvalidated,2024471402962,2024,471402962,2,9,0,2,0,0,0,0,0,0,0,0,2,1,6,3,-1,-1,-1,-1,-1,-1,-1,-1,-1,0
Unvalidated,2024471402964,2024,471402964,1,9,0,18,2,4,0,0,0,4,0,0,1,1,5,1,51,8,-1,-1,-1,-1,4,1,E01020924,0
Unvalidated,2024471402964,2024,471402964,2,20,0,2,0,0,0,0,0,0,0,0,2,1,6,3,-1,-1,-1,-1,-1,-1,-1,-1,-1,0
Unvalidated,2024471402974,2024,471402974,1,3,0,18,7,3,0,1,0,0,0,0,4,1,5,1,77,11,-1,-1,-1,-1,4,1,E01021045,0
Unvalidated,2024471403060,2024,471403060,1,9,0,18,7,3,0,0,5,4,0,0,1,1,6,2,85,11,-1,-1,-1,-1,7,1,E01031782,0
Unvalidated,2024471403060,2024,471403060,2,90,0,2,7,3,0,0,0,0,0,0,2,1,6,3,-1,-1,-1,-1,-1,-1,-1,-1,-1,0
Unvalidated,2024471403077,2024,471403077,1,9,0,18,2,6,0,0,0,0,0,0,4,1,3,3,61,9,-1,-1,-1,-1,7,1,E01021222,0
Unvalidated,2024471403080,2024,471403080,1,90,0,14,1,5,0,8,0,0,0,0,1,1,1,2,25,5,-1,-1,-1,-1,8,3,E01030825,0
Unvalidated,2024471403080,2024,471403080,2,9,0,9,3,7,0,5,0,0,7,0,3,1,5,2,43,7,-1,-1,-1,-1,4,1,E01031652,0
Unvalidated,2024471403089,2024,471403089,1,4,0,18,6,2,0,2,0,0,7,0,1,1,5,1,19,4,-1,-1,-1,-1,7,2,E01024388,0
Unvalidated,2024471403089,2024,471403089,2,9,0,18,2,6,0,1,0,0,0,0,1,1,5,2,23,5,-1,-1,-1,-1,1,1,E01024615,0
Unvalidated,2024471403108,2024,471403108,1,9,0,18,1,5,0,0,0,0,1,0,1,1,5,1,67,10,-1,-1,-1,-1,6,1,E01021182,0
Unvalidated,2024471403108,2024,471403108,2,9,0,2,0,0,0,0,0,0,0,0,3,1,6,3,-1,-1,-1,-1,-1,-1,-1,-1,-1,0
Unvalidated,2024471403121,2024,471403121,1,9,0,18,2,6,0,0,0,0,0,0,3,1,6,1,57,9,-1,-1,-1,-1,1,1,E01020995,0
Unvalidated,2024471403125,2024,471403125,1,9,0,18,8,4,0,0,0,0,0,0,3,1,2,1,38,7,-1,-1,-1,-1,6,1,E01031586,0
Unvalidated,2024471403126,2024,471403126,1,9,0,7,1,3,0,5,5,0,7,0,1,1,6,1,21,5,-1,-1,-1,-1,3,1,E01004012,0
Unvalidated,2024471403138,2024,471403138,1,90,0,18,2,4,0,0,0,0,0,0,1,1,5,2,49,8,-1,-1,-1,-1,1,1,E01016900,1