status,collision_index,collision_year,collision_reference,vehicle_reference,vehicle_type,towing_and_articulation,vehicle_manoeuvre,vehicle_direction_from,vehicle_direction_to,vehicle_location_restricted_lane,junction_location,skidding_and_overturning,hit_object_in_carriageway,vehicle_leaving_carriageway,hit_object_off_carriageway,first_point_of_impact,vehicle_left_hand_drive,journey_purpose_of_driver,sex_of_driver,age_of_driver,age_band_of_driver,engine_capacity_cc,propulsion_code,age_of_vehicle,generic_make_model,driver_imd_decile,driver_home_area_type,lsoa_of_driver,escooter_flag
Unvalidated,2024471403138,2024,471403138,2,9,0,17,4,2,0,0,0,0,0,0,1,1,5,1,19,4,-1,-1,-1,-1,5,1,E01016419,0
Unvalidated,2024471403143,2024,471403143,1,9,0,18,1,5,0,0,0,0,0,0,1,1,5,1,34,6,-1,-1,-1,-1,6,1,E01001990,0
Unvalidated,2024471403143,2024,471403143,2,9,0,3,1,5,0,0,0,0,0,0,2,1,5,1,23,5,-1,-1,-1,-1,8,3,E01031545,0
Unvalidated,2024471403143,2024,471403143,3,9,0,3,1,5,0,0,0,0,0,0,2,1,5,1,55,8,-1,-1,-1,-1,8,3,E01031664,0
Unvalidated,2024471403143,2024,471403143,4,9,0,3,1,5,0,0,0,0,0,0,2,1,5,2,58,9,-1,-1,-1,-1,6,1,E01016927,0
Unvalidated,2024471403155,2024,471403155,1,9,0,18,8,4,0,0,0,0,1,0,1,1,5,1,42,7,-1,-1,-1,-1,4,1,E01020966,0
Unvalidated,2024471403155,2024,471403155,2,9,0,18,4,8,0,0,0,0,0,0,1,1,5,2,37,7,-1,-1,-1,-1,6,2,E01021193,0
Unvalidated,2024471403176,2024,471403176,1,9,0,18,8,6,0,8,0,0,0,0,4,1,5,1,36,7,-1,-1,-1,-1,2,1,E01031456,0
Unvalidated,2024471403176,2024,471403176,2,98,0,18,4,8,0,1,0,0,0,0,1,1,1,1,25,5,-1,-1,-1,-1,7,1,E01031781,0
Unvalidated,2024471403185,2024,471403185,1,9,0,18,1,5,0,0,0,0,0,0,1,1,6,1,-1,-1,-1,-1,-1,-1,-1,-1,-1,0
Unvalidated,2024471403185,2024,471403185,2,9,0,18,1,5,0,0,0,0,0,0,2,1,6,1,29,6,-1,-1,-1,-1,5,3,E01031530,0
Unvalidated,2024471403186,2024,471403186,1,9,0,17,2,6,0,0,5,0,7,10,1,1,2,2,60,9,-1,-1,-1,-1,10,1,E01022931,0
Unvalidated,2024471403209,2024,471403209,1,9,0,9,3,1,0,3,1,0,7,10,1,1,2,2,21,5,-1,-1,-1,-1,10,1,E01031715,0
Unvalidated,2024471403228,2024,471403228,1,9,0,16,5,8,0,0,1,0,7,11,1,1,2,2,33,6,-1,-1,-1,-1,8,1,E01031757,0
Unvalidated,2024471403272,2024,471403272,1,9,0,3,6,2,0,0,0,0,0,0,2,1,2,2,36,7,-1,-1,-1,-1,9,2,E01031612,0
Unvalidated,2024471403272,2024,471403272,2,9,0,18,6,2,0,0,0,0,0,0,1,1,6,2,-1,-1,-1,-1,-1,-1,9,2,E01031615,0
Unvalidated,2024471403300,2024,471403300,1,19,0,18,2,6,0,1,0,0,0,0,1,1,6,1,21,5,-1,-1,-1,-1,4,3,E01025789,0
Unvalidated,2024471403300,2024,471403300,2,9,0,10,2,7,0,8,0,0,0,0,2,1,6,2,33,6,-1,-1,-1,-1,-1,-1,-1,0
Unvalidated,2024471403331,2024,471403331,1,9,0,18,3,7,0,0,0,0,0,0,1,1,3,2,47,8,-1,-1,-1,-1,1,1,E01016895,0
Unvalidated,2024471403382,2024,471403382,1,9,0,18,5,1,0,4,0,9,8,1,1,1,6,1,33,6,-1,-1,-1,-1,4,1,E01031608,0
Unvalidated,2024471403418,2024,471403418,1,9,0,18,7,7,0,0,0,0,1,0,1,1,6,2,84,11,-1,-1,-1,-1,9,1,E01031761,0
Unvalidated,2024471403418,2024,471403418,2,9,0,18,7,7,0,0,0,0,1,0,2,1,6,1,47,8,-1,-1,-1,-1,8,1,E01032837,0
Unvalidated,2024471403438,2024,471403438,1,3,0,18,-1,-1,0,8,0,0,0,0,4,1,2,2,24,5,-1,-1,-1,-1,7,1,E01017006,0
Unvalidated,2024471403438,2024,471403438,2,9,0,18,-1,-1,0,8,0,0,0,0,3,1,6,3,-1,-1,-1,-1,-1,-1,-1,-1,-1,0
Unvalidated,2024471403527,2024,471403527,1,1,0,3,7,2,0,4,0,0,0,0,2,1,6,1,50,8,-1,-1,-1,-1,4,1,E01031786,0
Unvalidated,2024471403527,2024,471403527,2,9,0,3,7,2,0,4,0,0,0,0,1,1,6,1,61,9,-1,-1,-1,-1,7,1,E01031388,0
Unvalidated,2024471403531,2024,471403531,1,97,0,18,4,7,0,0,2,0,0,0,0,1,5,1,16,4,-1,-1,-1,-1,9,1,E01031711,0
Unvalidated,2024471403531,2024,471403531,2,9,0,1,8,4,0,0,0,0,0,0,0,1,5,1,41,7,-1,-1,-1,-1,6,1,E01031712,0
Unvalidated,2024471403537,2024,471403537,1,9,0,18,5,1,0,1,0,0,0,0,1,1,2,1,53,8,-1,-1,-1,-1,7,2,E01031677,0
Unvalidated,2024471403593,2024,471403593,1,9,0,18,3,7,0,0,0,0,0,0,1,1,5,1,49,8,-1,-1,-1,-1,3,1,E01016907,0
Unvalidated,2024471403593,2024,471403593,2,9,0,18,3,7,0,0,0,0,0,0,2,2,2,1,36,7,-1,-1,-1,-1,2,1,E01016941,0
Unvalidated,2024471403727,2024,471403727,1,9,0,18,2,6,0,0,0,0,0,0,1,1,6,1,60,9,-1,-1,-1,-1,6,3,E01030862,0
Unvalidated,2024471403727,2024,471403727,2,9,0,2,0,0,0,0,0,0,0,0,4,1,1,1,-1,-1,-1,-1,-1,-1,10,1,E01031581,0
Unvalidated,2024471403933,2024,471403933,1,98,0,18,3,1,0,2,0,0,0,0,4,1,6,3,-1,-1,-1,-1,-1,-1,-1,-1,-1,0
Unvalidated,2024471403933,2024,471403933,2,3,0,4,5,1,6,2,0,0,0,0,3,1,6,1,40,7,-1,-1,-1,-1,8,1,E01031620,0
Unvalidated,2024471403990,2024,471403990,1,9,0,14,1,5,0,1,0,0,0,0,1,1,1,2,46,8,-1,-1,-1,-1,10,1,E01031763,0
Unvalidated,2024471403990,2024,471403990,2,19,0,2,0,0,0,1,0,0,0,0,2,1,6,3,-1,-1,-1,-1,-1,-1,-1,-1,-1,0
Unvalidated,2024471404016,2024,471404016,1,1,0,18,6,2,99,8,0,0,0,0,2,1,1,2,22,5,-1,-1,-1,-1,9,1,E01031691,0
Unvalidated,2024471404016,2024,471404016,2,9,0,7,1,2,0,8,9,0,0,0,1,1,6,2,20,4,-1,-1,-1,-1,6,3,E01031676,0
Unvalidated,2024471404060,2024,471404060,1,9,0,5,3,7,0,1,0,0,0,0,3,1,2,1,21,5,-1,-1,-1,-1,5,1,E01021121,0
Unvalidated,2024471404060,2024,471404060,2,9,0,18,1,5,0,1,0,0,0,0,1,1,2,2,37,7,-1,-1,-1,-1,1,1,E01020912,0
Unvalidated,2024471404293,2024,471404293,1,9,0,18,1,5,0,0,0,0,0,0,1,1,6,1,-1,-1,-1,-1,-1,-1,9,1,E01031593,0
Unvalidated,2024471404293,2024,471404293,2,9,0,2,0,0,0,0,0,0,0,0,3,1,1,1,69,10,-1,-1,-1,-1,3,1,E01031555,0
Unvalidated,2024471404321,2024,471404321,1,9,0,-1,-1,-1,-1,-1,-1,-1,-1,0,-1,1,6,3,-1,-1,-1,-1,-1,-1,-1,-1,-1,0
Unvalidated,2024471404321,2024,471404321,2,97,0,7,7,1,0,1,0,0,0,0,3,1,6,1,43,7,-1,-1,-1,-1,2,1,E01031819,0
Unvalidated,2024471404338,2024,471404338,1,11,0,18,3,7,0,2,0,0,0,0,4,1,1,1,29,6,-1,-1,-1,-1,10,1,E01016930,0
Unvalidated,2024471404338,2024,471404338,2,1,0,14,3,7,0,2,0,0,0,0,3,1,6,1,28,6,-1,-1,-1,-1,4,1,E01016850,0
Unvalidated,2024471404338,2024,471404338,3,9,0,2,0,0,0,2,0,0,0,0,4,1,6,3,-1,-1,-1,-1,-1,-1,-1,-1,-1,0
Unvalidated,2024471404350,2024,471404350,1,9,0,18,1,5,0,0,0,0,0,0,1,1,2,2,26,6,-1,-1,-1,-1,3,1,E01031787,0
Unvalidated,2024471404350,2024,471404350,2,97,0,4,1,5,0,0,0,0,0,0,2,1,2,1,46,8,-1,-1,-1,-1,6,3,E01033239,0
Unvalidated,2024471404350,2024,471404350,3,9,0,18,1,5,0,0,0,0,0,0,2,1,6,2,51,8,-1,-1,-1,-1,10,1,E01021157,0
Unvalidated,2024471404449,2024,471404449,1,9,0,9,3,1,0,6,0,0,0,0,1,1,5,1,56,9,-1,-1,-1,-1,7,1,E01031421,0
Unvalidated,2024471404449,2024,471404449,2,9,0,18,1,5,0,1,0,0,0,0,4,1,5,1,28,6,-1,-1,-1,-1,6,1,E01031452,0
Unvalidated,2024471404450,2024,471404450,1,9,0,18,3,7,0,0,0,0,7,4,1,1,5,1,25,5,-1,-1,-1,-1,6,2,E01031523,0
Unvalidated,2024471404451,2024,471404451,1,9,0,9,7,5,0,6,0,0,0,0,1,1,6,1,80,11,-1,-1,-1,-1,9,1,E01031384,0
Unvalidated,2024471404451,2024,471404451,2,9,0,18,5,1,0,8,0,0,0,0,1,1,1,2,50,8,-1,-1,-1,-1,8,1,E01031505,0
Unvalidated,2024471404485,2024,471404485,1,19,0,9,7,5,0,6,0,0,0,0,1,1,2,1,31,6,-1,-1,-1,-1,10,3,E01021067,0
Unvalidated,2024471404499,2024,471404499,1,9,0,18,5,1,0,2,0,4,0,0,1,1,5,1,72,10,-1,-1,-1,-1,8,1,E01021069,0
Unvalidated,2024471404499,2024,471404499,2,9,0,2,0,0,0,2,0,0,0,0,3,1,6,3,-1,-1,-1,-1,-1,-1,-1,-1,-1,0
Unvalidated,2024471404514,2024,471404514,1,9,0,18,3,7,0,1,0,0,0,0,1,1,5,1,23,5,-1,-1,-1,-1,9,1,E01031496,0
Unvalidated,2024471404514,2024,471404514,2,9,0,4,3,7,0,1,0,0,0,0,3,1,5,2,43,7,-1,-1,-1,-1,6,1,E01031472,0
Unvalidated,2024471404514,2024,471404514,3,9,0,9,3,1,0,5,0,0,0,0,0,1,6,3,-1,-1,-1,-1,-1,-1,-1,-1,-1,0
Unvalidated,2024471404546,2024,471404546,1,3,0,18,4,1,0,1,0,0,0,0,0,1,5,1,30,6,-1,-1,-1,-1,2,1,E01021135,0
Unvalidated,2024471404546,2024,471404546,2,9,0,9,1,7,0,8,0,0,0,0,0,1,6,3,-1,-1,-1,-1,-1,-1,-1,-1,-1,0
Unvalidated,2024471404573,2024,471404573,1,9,0,18,6,2,0,1,0,99,0,0,1,1,5,2,24,5,-1,-1,-1,-1,4,1,E01020935,0
Unvalidated,2024471404573,2024,471404573,2,9,0,9,4,1,0,8,0,0,0,0,1,1,6,1,20,4,-1,-1,-1,-1,6,1,E01021182,0
Unvalidated,2024471404585,2024,471404585,1,9,0,18,1,5,0,0,0,0,0,0,1,1,2,2,48,8,-1,-1,-1,-1,4,1,E01016890,0
Unvalidated,2024471404585,2024,471404585,2,4,0,5,2,5,0,0,1,0,0,0,1,1,1,1,33,6,-1,-1,-1,-1,1,1,E01016866,0
Unvalidated,2024471404616,2024,471404616,1,9,0,18,1,5,0,0,1,0,2,0,2,2,2,2,63,9,-1,-1,-1,-1,7,1,E01001343,0
Unvalidated,2024471404826,2024,471404826,1,4,0,4,3,7,0,1,0,0,0,0,4,1,5,1,25,5,-1,-1,-1,-1,5,1,E01031370,0
Unvalidated,2024471404826,2024,471404826,2,9,0,4,3,7,0,2,0,0,0,0,3,1,6,1,25,5,-1,-1,-1,-1,9,1,E01025490,0
Unvalidated,2024471404885,2024,471404885,1,9,0,18,1,5,0,0,0,0,0,0,3,1,5,2,32,6,-1,-1,-1,-1,5,1,E01031583,0
Unvalidated,2024471404885,2024,471404885,2,9,0,18,1,5,0,0,0,0,0,0,4,1,5,1,32,6,-1,-1,-1,-1,2,1,E01024476,0
Unvalidated,2024471404894,2024,471404894,1,9,0,3,6,2,0,0,0,0,0,0,4,1,5,1,55,8,-1,-1,-1,-1,7,1,E01031421,0
Unvalidated,2024471404894,2024,471404894,2,9,0,1,8,4,0,0,0,0,0,0,2,1,6,1,37,7,-1,-1,-1,-1,7,1,E01031421,0
Unvalidated,2024471405038,2024,471405038,1,9,0,16,5,1,0,0,0,0,7,4,1,1,6,1,41,7,-1,-1,-1,-1,10,1,E01031502,0
Unvalidated,2024471405204,2024,471405204,1,9,0,18,8,4,0,0,0,0,1,1,1,2,5,1,60,9,-1,-1,-1,-1,9,1,E01016983,0
Unvalidated,2024471405204,2024,471405204,2,9,0,2,0,0,6,0,0,0,0,0,2,1,6,3,-1,-1,-1,-1,-1,-1,-1,-1,-1,0
Unvalidated,2024471405204,2024,471405204,3,9,0,2,0,0,6,0,0,0,0,0,2,1,6,3,-1,-1,-1,-1,-1,-1,-1,-1,-1,0
Unvalidated,2024471405204,2024,471405204,4,9,0,2,3,7,6,0,0,0,0,0,2,1,6,3,-1,-1,-1,-1,-1,-1,-1,-1,-1,0
Unvalidated,2024471405440,2024,471405440,1,11,0,9,3,1,0,8,0,0,0,0,0,1,1,1,63,9,-1,-1,-1,-1,5,1,E01021011,0
Unvalidated,2024471405440,2024,471405440,2,9,0,18,5,1,0,1,0,0,0,0,0,1,6,3,-1,-1,-1,-1,-1,-1,-1,-1,-1,0
Unvalidated,2024471405448,2024,471405448,1,9,0,9,3,1,0,6,0,0,0,0,1,1,2,1,59,9,-1,-1,-1,-1,8,1,E01016980,0
Unvalidated,2024471405448,2024,471405448,2,1,0,18,1,5,0,1,0,0,0,0,1,1,2,2,57,9,-1,-1,-1,-1,4,1,E01016882,0
Unvalidated,2024471405538,2024,471405538,1,9,0,18,5,1,0,8,0,0,0,0,1,1,5,2,65,9,-1,-1,-1,-1,9,1,E01031593,0
Unvalidated,2024471405538,2024,471405538,2,9,0,18,7,3,0,8,0,0,0,0,3,1,5,2,76,11,-1,-1,-1,-1,4,1,E01031575,0
Unvalidated,2024471405566,2024,471405566,1,1,0,18,5,1,0,0,0,0,0,0,0,1,3,2,32,6,-1,-1,-1,-1,6,1,E01031468,0
Unvalidated,2024471405566,2024,471405566,2,1,-1,18,5,1,9,0,0,0,0,0,3,1,3,1,5,1,-1,-1,-1,-1,6,1,E01031468,0
Unvalidated,2024471405566,2024,471405566,3,2,-1,18,5,1,9,0,0,0,0,0,4,1,6,1,18,4,-1,-1,-1,-1,1,1,E01031427,0
Unvalidated,2024471405610,2024,471405610,1,19,0,18,3,7,0,1,0,0,0,0,1,1,5,2,33,6,-1,-1,-1,-1,4,1,E01021017,0
Unvalidated,2024471405610,2024,471405610,2,9,0,3,3,7,0,1,0,0,0,0,2,1,5,2,50,8,-1,-1,-1,-1,2,1,E01021092,0
Unvalidated,2024471405610,2024,471405610,3,9,0,10,3,7,0,1,0,0,0,0,2,1,2,2,23,5,-1,-1,-1,-1,5,1,E01021120,0
Unvalidated,2024471405624,2024,471405624,1,19,0,9,6,4,0,6,0,0,0,0,1,1,1,1,32,6,-1,-1,-1,-1,4,3,W01000332,0
Unvalidated,2024471405624,2024,471405624,2,9,0,17,4,8,0,1,1,0,0,0,4,1,5,1,76,11,-1,-1,-1,-1,7,2,E01031500,0
Unvalidated,2024471405632,2024,471405632,1,9,0,9,2,8,0,8,0,0,0,0,1,1,5,1,72,10,-1,-1,-1,-1,7,1,E01031406,0
Unvalidated,2024471405636,2024,471405636,1,98,0,18,5,3,0,0,0,0,0,0,-1,1,6,3,-1,-1,-1,-1,-1,-1,-1,-1,-1,0
Unvalidated,2024471405636,2024,471405636,2,1,0,18,6,3,0,0,0,0,0,0,3,1,6,1,28,6,-1,-1,-1,-1,4,1,E01020916,0
Unvalidated,2024471405637,2024,471405637,1,9,0,9,6,2,0,1,0,0,0,0,1,1,3,1,69,10,-1,-1,-1,-1,2,1,E01020977,0
Unvalidated,2024471405637,2024,471405637,2,9,0,18,2,6,0,1,0,0,0,0,1,1,3,2,37,7,-1,-1,-1,-1,1,1,E01020972,0
Unvalidated,2024471405692,2024,471405692,1,9,0,18,6,2,0,0,0,0,0,0,1,1,6,2,73,10,-1,-1,-1,-1,6,1,E01021213,0
Unvalidated,2024471405692,2024,471405692,2,98,0,18,2,6,0,0,0,0,0,0,1,1,1,1,48,8,-1,-1,-1,-1,7,2,E01024794,0
Unvalidated,2024471405700,2024,471405700,1,9,0,17,3,7,0,8,0,0,0,0,4,1,5,2,37,7,-1,-1,-1,-1,5,1,E01031585,0
Unvalidated,2024471405700,2024,471405700,2,9,0,18,5,1,0,8,0,0,0,0,1,1,5,2,60,9,-1,-1,-1,-1,9,1,E01031672,0
Unvalidated,2024471405700,2024,471405700,3,9,0,8,7,1,0,1,0,0,0,0,3,1,5,1,36,7,-1,-1,-1,-1,-1,-1,-1,0
Unvalidated,2024471405701,2024,471405701,1,9,0,18,2,6,0,8,0,0,0,0,1,1,6,1,35,6,-1,-1,-1,-1,9,2,E01021115,0
Unvalidated,2024471405701,2024,471405701,2,98,0,9,6,4,0,5,0,0,0,0,4,1,6,1,55,8,-1,-1,-1,-1,6,1,E01021021,0
Unvalidated,2024471405720,2024,471405720,1,1,0,18,8,4,0,0,0,0,0,0,0,1,5,1,53,8,-1,-1,-1,-1,10,1,E01030533,0
Unvalidated,2024471405756,2024,471405756,1,9,0,1,0,7,0,0,0,0,0,0,2,1,6,1,-1,-1,-1,-1,-1,-1,6,1,E01031743,0
Unvalidated,2024471405765,2024,471405765,1,9,0,9,7,3,0,6,0,0,0,0,1,1,5,2,84,11,-1,-1,-1,-1,8,1,E01021214,0
Unvalidated,2024471405765,2024,471405765,2,1,0,18,1,5,0,8,0,0,0,0,3,1,5,1,77,11,-1,-1,-1,-1,5,1,E01021216,0
Unvalidated,2024471405768,2024,471405768,1,9,0,16,5,1,0,0,5,0,0,0,4,1,5,1,40,7,-1,-1,-1,-1,9,2,E01021115,0
Unvalidated,2024471405774,2024,471405774,1,9,0,18,7,3,0,6,0,0,0,0,4,1,5,2,56,9,-1,-1,-1,-1,5,1,E01016876,0
Unvalidated,2024471405774,2024,471405774,2,97,0,18,1,5,0,1,0,0,0,0,1,1,1,1,23,5,-1,-1,-1,-1,5,1,E01016957,0
Unvalidated,2024471405775,2024,471405775,1,9,0,18,7,3,0,1,0,0,0,0,3,1,6,1,32,6,-1,-1,-1,-1,-1,-1,-1,0
Unvalidated,2024471405775,2024,471405775,2,9,0,18,3,7,0,1,0,0,0,0,4,1,5,1,17,4,-1,-1,-1,-1,9,1,E01031670,0
Unvalidated,2024471405829,2024,471405829,1,9,0,17,3,8,0,0,0,0,2,0,1,1,6,1,35,6,-1,-1,-1,-1,6,3,E01031520,0
Unvalidated,2024471405839,2024,471405839,1,9,0,9,5,3,0,8,0,0,0,0,1,1,6,2,73,10,-1,-1,-1,-1,10,1,E01021210,0
Unvalidated,2024471405839,2024,471405839,2,1,0,18,1,5,0,8,0,0,0,0,1,1,6,1,72,10,-1,-1,-1,-1,10,1,E01020940,0
Unvalidated,2024471405872,2024,471405872,1,9,0,9,6,4,0,6,0,0,0,0,4,1,5,2,62,9,-1,-1,-1,-1,6,3,E01021149,0
Unvalidated,2024471405872,2024,471405872,2,3,0,18,4,1,0,1,0,0,0,0,4,1,2,1,28,6,-1,-1,-1,-1,4,1,E01000722,0
Unvalidated,2024471405919,2024,471405919,1,3,0,18,6,2,2,1,0,99,0,0,1,1,1,1,36,7,-1,-1,-1,-1,2,1,E01016873,0
Unvalidated,2024471405919,2024,471405919,2,19,0,7,6,8,0,5,0,99,0,0,4,1,6,1,60,9,-1,-1,-1,-1,4,1,E01016898,0
Unvalidated,2024471405973,2024,471405973,1,1,0,18,1,6,0,8,0,0,0,0,4,1,6,1,55,8,-1,-1,-1,-1,8,1,E01031767,0
Unvalidated,2024471405973,2024,471405973,2,9,0,8,2,6,0,1,0,0,0,0,1,1,6,1,-1,-1,-1,-1,-1,-1,-1,-1,-1,0
Unvalidated,2024471406000,2024,471406000,1,9,0,18,6,2,0,0,0,4,0,0,1,1,6,1,26,6,-1,-1,-1,-1,3,1,E01016861,0
Unvalidated,2024471406000,2024,471406000,2,9,0,2,0,0,0,0,0,4,1,10,3,1,6,3,-1,-1,-1,-1,-1,-1,-1,-1,-1,0
Unvalidated,2024471406000,2024,471406000,3,9,0,2,0,0,0,0,0,0,0,0,1,1,6,3,-1,-1,-1,-1,-1,-1,-1,-1,-1,0
Unvalidated,2024471406002,2024,471406002,1,9,0,18,2,7,0,1,0,0,0,0,1,1,6,1,34,6,-1,-1,-1,-1,6,1,E01031636,0
Unvalidated,2024471406003,2024,471406003,1,9,0,18,5,1,0,0,0,0,0,0,1,1,5,1,52,8,-1,-1,-1,-1,5,1,E01031467,0
Unvalidated,2024471406003,2024,471406003,2,9,0,18,5,1,0,0,0,0,0,0,2,1,5,1,74,10,-1,-1,-1,-1,5,1,E01004657,0
Unvalidated,2024471406012,2024,471406012,1,9,0,18,7,3,0,0,0,0,0,0,1,1,1,1,44,7,-1,-1,-1,-1,9,1,E01020954,0
Unvalidated,2024471406012,2024,471406012,2,9,0,18,7,3,0,0,0,0,0,0,2,1,5,1,42,7,-1,-1,-1,-1,10,1,E01021210,0
Unvalidated,2024471406018,2024,471406018,1,9,0,18,8,6,0,4,0,9,7,0,1,1,3,1,55,8,-1,-1,-1,-1,9,3,E01031625,0
Unvalidated,2024471406018,2024,471406018,2,9,0,18,2,6,0,8,0,0,1,0,4,1,6,2,52,8,-1,-1,-1,-1,6,1,E01031468,0
Unvalidated,2024471406020,2024,471406020,1,9,0,9,5,1,0,4,0,0,0,0,2,1,5,2,36,7,-1,-1,-1,-1,4,1,E01031785,0
Unvalidated,2024471406020,2024,471406020,2,1,0,18,5,1,0,3,0,0,0,0,1,1,5,1,51,8,-1,-1,-1,-1,6,1,E01031825,0
Unvalidated,2024471406163,2024,471406163,1,9,0,7,8,4,0,8,0,0,0,0,3,1,5,1,66,10,-1,-1,-1,-1,6,1,E01031673,0
Unvalidated,2024471406163,2024,471406163,2,11,0,18,7,3,0,1,0,0,0,0,4,1,1,1,50,8,-1,-1,-1,-1,4,1,E01031810,0
Unvalidated,2024471406182,2024,471406182,1,9,0,9,3,1,0,1,0,0,0,0,1,1,2,2,59,9,-1,-1,-1,-1,1,1,E01016900,0
Unvalidated,2024471406182,2024,471406182,2,1,0,9,5,3,0,1,0,0,0,0,2,1,6,1,56,9,-1,-1,-1,-1,9,1,E01016924,0
Unvalidated,2024471406188,2024,471406188,1,9,0,16,7,3,0,0,1,0,7,10,1,1,5,1,59,9,-1,-1,-1,-1,6,1,E01031359,0
Unvalidated,2024471406188,2024,471406188,2,9,0,17,3,7,0,0,1,0,1,0,1,1,5,2,18,4,-1,-1,-1,-1,7,1,E01031417,0
Unvalidated,2024471406213,2024,471406213,1,9,0,17,5,1,6,3,2,9,3,1,1,1,5,1,47,8,-1,-1,-1,-1,8,1,E01030575,0
Unvalidated,2024471406216,2024,471406216,1,98,0,9,1,5,0,5,0,0,0,0,1,1,1,1,35,6,-1,-1,-1,-1,4,1,E01017233,0
Unvalidated,2024471406216,2024,471406216,2,97,0,18,5,1,0,1,2,0,0,0,1,1,5,1,58,9,-1,-1,-1,-1,10,1,E01031666,0
Unvalidated,2024471406232,2024,471406232,1,9,0,18,5,1,0,0,5,0,1,10,1,2,5,1,21,5,-1,-1,-1,-1,8,3,E01031694,0
Unvalidated,2024471406240,2024,471406240,1,9,0,16,1,5,0,0,5,0,0,0,4,1,6,1,61,9,-1,-1,-1,-1,4,1,E01021071,0
Unvalidated,2024471406240,2024,471406240,2,9,0,18,4,1,0,0,0,0,0,0,1,1,5,1,75,10,-1,-1,-1,-1,8,3,E01021163,0
Unvalidated,2024471406243,2024,471406243,1,9,0,16,7,3,0,0,0,0,1,9,1,1,5,1,48,8,-1,-1,-1,-1,6,3,E01031661,0
Unvalidated,2024471406298,2024,471406298,1,9,0,18,8,4,0,0,0,0,0,0,1,1,6,2,25,5,-1,-1,-1,-1,3,1,E01021037,0
Unvalidated,2024471406299,2024,471406299,1,19,0,4,3,7,0,0,0,0,0,0,1,1,2,1,39,7,-1,-1,-1,-1,8,1,E01016893,0
Unvalidated,2024471406299,2024,471406299,2,9,0,18,7,3,0,0,0,0,0,0,2,1,2,2,39,7,-1,-1,-1,-1,4,1,E01033329,0
Unvalidated,2024471406358,2024,471406358,1,20,0,1,6,2,0,6,0,0,0,0,2,1,6,1,40,7,-1,-1,-1,-1,7,3,E01031722,0
Unvalidated,2024471406358,2024,471406358,2,1,0,18,4,8,9,1,0,0,0,0,4,1,4,1,13,3,-1,-1,-1,-1,7,1,E01021236,0
Unvalidated,2024471406421,2024,471406421,1,2,0,16,5,7,0,0,1,0,0,0,3,1,4,1,16,4,-1,-1,-1,-1,2,1,E01021014,0
Unvalidated,2024471406421,2024,471406421,2,9,0,17,7,5,0,0,0,0,0,0,4,1,5,1,65,9,-1,-1,-1,-1,5,1,E01024525,0
Unvalidated,2024471406534,2024,471406534,1,9,0,18,7,3,0,0,0,4,0,0,1,1,6,1,56,9,-1,-1,-1,-1,1,1,E01016942,0
Unvalidated,2024471406534,2024,471406534,2,9,0,2,0,0,0,0,0,4,1,0,3,1,6,3,-1,-1,-1,-1,-1,-1,-1,-1,-1,0
Unvalidated,2024471406534,2024,471406534,3,10,0,2,0,0,0,0,0,0,0,0,2,1,6,3,-1,-1,-1,-1,-1,-1,-1,-1,-1,0
Unvalidated,2024471406535,2024,471406535,1,9,0,18,1,5,0,1,0,0,0,0,1,1,5,1,76,11,-1,-1,-1,-1,6,3,E01031676,0
Unvalidated,2024471406535,2024,471406535,2,9,0,9,3,1,0,6,0,0,0,0,3,1,5,2,78,11,-1,-1,-1,-1,10,1,E01016982,0
Unvalidated,2024471406562,2024,471406562,1,1,0,18,3,7,4,1,0,0,0,0,1,1,4,1,16,4,-1,-1,-1,-1,6,1,E01016996,0
Unvalidated,2024471406562,2024,471406562,2,9,0,9,8,5,0,1,0,0,0,0,4,1,2,1,20,4,-1,-1,-1,-1,8,1,E01016875,0
Unvalidated,2024471406581,2024,471406581,1,9,0,18,5,1,0,0,0,0,0,0,2,1,2,2,51,8,-1,-1,-1,-1,6,2,E01031499,0
Unvalidated,2024471406581,2024,471406581,2,9,0,18,1,5,0,0,0,0,0,0,1,1,5,1,21,5,-1,-1,-1,-1,5,1,E01031481,0
Unvalidated,2024471406605,2024,471406605,1,9,0,18,1,5,0,0,0,0,0,0,2,1,2,2,33,6,-1,-1,-1,-1,10,1,E01031689,0
Unvalidated,2024471406605,2024,471406605,2,98,0,18,5,1,0,0,0,0,0,0,1,1,2,1,64,9,-1,-1,-1,-1,10,1,E01031668,0
Unvalidated,2024471406630,2024,471406630,1,5,0,7,7,2,0,8,1,0,0,0,2,1,5,1,55,8,-1,-1,-1,-1,9,1,E01004191,0
Unvalidated,2024471406630,2024,471406630,2,9,0,18,7,3,0,8,0,0,0,0,4,1,5,1,69,10,-1,-1,-1,-1,7,2,E01030872,0
Unvalidated,2024471406699,2024,471406699,1,9,0,16,4,1,0,1,0,0,4,1,1,1,2,1,65,9,-1,-1,-1,-1,5,1,E01031373,0
Unvalidated,2024471406699,2024,471406699,2,9,0,18,4,8,0,1,0,0,0,0,4,1,2,1,37,7,-1,-1,-1,-1,2,1,E01024398,0
Unvalidated,2024471406762,2024,471406762,1,9,0,12,7,3,0,0,0,0,0,0,1,1,6,1,31,6,-1,-1,-1,-1,4,1,E01016856,0