status,collision_index,collision_year,collision_reference,vehicle_reference,vehicle_type,towing_and_articulation,vehicle_manoeuvre,vehicle_direction_from,vehicle_direction_to,vehicle_location_restricted_lane,junction_location,skidding_and_overturning,hit_object_in_carriageway,vehicle_leaving_carriageway,hit_object_off_carriageway,first_point_of_impact,vehicle_left_hand_drive,journey_purpose_of_driver,sex_of_driver,age_of_driver,age_band_of_driver,engine_capacity_cc,propulsion_code,age_of_vehicle,generic_make_model,driver_imd_decile,driver_home_area_type,lsoa_of_driver,escooter_flag
Unvalidated,2024471406762,2024,471406762,2,9,0,18,7,3,0,0,0,0,0,0,2,1,6,2,45,7,-1,-1,-1,-1,10,1,E01016930,0
Unvalidated,2024471406849,2024,471406849,1,9,0,18,5,1,0,8,0,0,0,0,4,1,6,2,33,6,-1,-1,-1,-1,-1,-1,-1,0
Unvalidated,2024471406849,2024,471406849,2,20,0,5,7,3,0,6,0,0,0,0,-1,1,6,3,38,7,-1,-1,-1,-1,4,1,E01031453,0
Unvalidated,2024471406866,2024,471406866,1,9,0,18,7,3,0,4,0,0,0,0,1,1,1,1,72,10,-1,-1,-1,-1,5,1,E01020956,0
Unvalidated,2024471406866,2024,471406866,2,9,0,17,5,1,0,8,0,0,0,0,1,1,5,2,47,8,-1,-1,-1,-1,8,3,E01021201,0
Unvalidated,2024471406897,2024,471406897,1,9,0,13,7,3,0,0,0,0,0,0,1,1,1,1,56,9,-1,-1,-1,-1,9,3,E01031497,0
Unvalidated,2024471406897,2024,471406897,2,9,0,6,7,3,0,0,0,0,0,0,3,1,2,1,22,5,-1,-1,-1,-1,5,2,E01031614,0
Unvalidated,2024471406907,2024,471406907,1,9,0,15,3,5,0,3,0,0,0,0,4,1,6,1,33,6,-1,-1,-1,-1,7,1,E01021094,0
Unvalidated,2024471406907,2024,471406907,2,1,0,18,3,5,0,3,0,0,0,0,3,1,6,2,-1,-1,-1,-1,-1,-1,4,1,E01021017,0
Unvalidated,2024471406952,2024,471406952,1,9,0,18,6,2,0,0,0,0,0,0,1,1,2,2,43,7,-1,-1,-1,-1,4,1,E01020928,0
Unvalidated,2024471406952,2024,471406952,2,9,0,3,6,2,0,0,0,0,0,0,2,1,2,1,54,8,-1,-1,-1,-1,7,3,E01021199,0
Unvalidated,2024471406952,2024,471406952,3,9,-1,10,6,3,0,0,0,0,0,0,0,1,6,3,-1,-1,-1,-1,-1,-1,-1,-1,-1,0
Unvalidated,2024471406953,2024,471406953,1,19,0,11,6,2,0,0,0,0,0,0,1,1,1,1,29,6,-1,-1,-1,-1,4,1,E01016882,0
Unvalidated,2024471406953,2024,471406953,2,9,0,11,6,2,0,0,0,0,0,0,2,1,2,1,35,6,-1,-1,-1,-1,6,1,E01016887,0
Unvalidated,2024471406953,2024,471406953,3,9,0,18,6,2,0,0,0,0,0,0,2,1,1,1,23,5,-1,-1,-1,-1,5,1,E01016990,0
Unvalidated,2024471406953,2024,471406953,4,9,0,18,6,2,0,0,0,0,0,0,1,1,1,2,27,6,-1,-1,-1,-1,4,3,E01032036,0
Unvalidated,2024471406956,2024,471406956,1,3,0,18,1,4,0,0,0,0,0,0,1,1,6,1,23,5,-1,-1,-1,-1,4,1,E01020928,0
Unvalidated,2024471406956,2024,471406956,2,9,0,18,1,4,0,0,0,0,0,0,2,1,2,1,40,7,-1,-1,-1,-1,5,1,E01020956,0
Unvalidated,2024471406978,2024,471406978,1,9,0,18,6,2,0,0,0,0,7,6,1,1,6,1,32,6,-1,-1,-1,-1,9,2,E01030835,0
Unvalidated,2024471406978,2024,471406978,2,9,0,18,6,2,0,0,0,0,0,0,2,1,6,1,56,9,-1,-1,-1,-1,6,1,E01002360,0
Unvalidated,2024471406997,2024,471406997,1,9,0,18,3,7,0,0,0,0,0,0,1,1,2,1,40,7,-1,-1,-1,-1,2,1,E01015277,0
Unvalidated,2024471406997,2024,471406997,2,19,0,4,3,7,0,0,0,0,0,0,2,1,2,1,20,4,-1,-1,-1,-1,7,1,E01017046,0
Unvalidated,2024471406997,2024,471406997,3,9,0,18,3,7,0,0,0,0,0,0,2,1,6,1,42,7,-1,-1,-1,-1,3,1,E01032738,0
Unvalidated,2024471407001,2024,471407001,1,9,0,18,2,6,0,0,0,0,0,0,0,1,6,1,34,6,-1,-1,-1,-1,7,1,E01031407,0
Unvalidated,2024471407001,2024,471407001,2,9,0,4,2,6,0,0,0,0,0,0,2,1,2,1,24,5,-1,-1,-1,-1,10,1,E01031824,0
Unvalidated,2024471407001,2024,471407001,3,9,0,18,2,6,0,0,0,0,0,0,1,1,5,1,54,8,-1,-1,-1,-1,6,1,E01031579,0
Unvalidated,2024471407166,2024,471407166,1,9,0,1,5,1,0,0,0,0,0,0,2,1,6,1,-1,-1,-1,-1,-1,-1,-1,-1,-1,0
Unvalidated,2024471407167,2024,471407167,1,98,0,18,7,3,0,0,0,0,0,0,3,1,6,1,30,6,-1,-1,-1,-1,3,1,E01021178,0
Unvalidated,2024471407167,2024,471407167,2,1,0,16,3,7,0,0,0,0,0,0,1,1,6,1,47,8,-1,-1,-1,-1,10,1,E01020942,0
Unvalidated,2024471407229,2024,471407229,1,16,0,18,8,4,0,0,0,0,0,0,0,1,5,1,83,11,-1,-1,-1,-1,6,3,E01021186,0
Unvalidated,2024471407238,2024,471407238,1,9,0,4,1,5,0,1,0,0,0,0,4,1,5,1,34,6,-1,-1,-1,-1,5,1,E01031467,0
Unvalidated,2024471407238,2024,471407238,2,90,0,18,3,7,0,1,0,0,0,0,4,1,6,3,14,3,-1,-1,-1,-1,-1,-1,-1,0
Unvalidated,2024471407248,2024,471407248,1,9,0,9,6,4,0,0,0,0,0,0,1,1,5,1,32,6,-1,-1,-1,-1,4,1,E01020973,0
Unvalidated,2024471407248,2024,471407248,2,9,0,18,4,8,0,0,0,0,0,0,4,1,5,2,62,9,-1,-1,-1,-1,6,2,E01021110,0
Unvalidated,2024471407268,2024,471407268,1,9,0,18,1,5,0,0,0,0,0,0,2,1,6,1,84,11,-1,-1,-1,-1,9,1,E01031416,0
Unvalidated,2024471407268,2024,471407268,2,9,0,18,1,5,0,0,0,0,0,0,1,1,3,2,31,6,-1,-1,-1,-1,9,1,E01031446,0
Unvalidated,2024471407283,2024,471407283,1,19,0,8,7,1,0,6,0,0,0,0,1,2,6,1,48,8,-1,-1,-1,-1,8,1,E01031457,0
Unvalidated,2024471407283,2024,471407283,2,1,0,18,5,1,0,2,5,0,0,0,2,1,6,1,71,10,-1,-1,-1,-1,-1,-1,-1,0
Unvalidated,2024471407300,2024,471407300,1,9,0,4,5,1,0,1,0,0,0,0,1,1,5,2,30,6,-1,-1,-1,-1,9,1,E01021175,0
Unvalidated,2024471407300,2024,471407300,2,90,0,4,5,1,0,1,0,0,0,0,2,1,5,2,56,9,-1,-1,-1,-1,3,1,E01020922,0
Unvalidated,2024471407343,2024,471407343,1,9,0,18,1,5,0,0,5,0,0,0,1,1,5,1,25,5,-1,-1,-1,-1,3,1,E01001649,0
Unvalidated,2024471407343,2024,471407343,2,9,0,4,5,1,0,0,0,0,0,0,3,1,5,1,63,9,-1,-1,-1,-1,6,3,E01021099,0
Unvalidated,2024471407365,2024,471407365,1,9,0,5,5,1,0,0,0,0,0,0,4,1,5,1,26,6,-1,-1,-1,-1,3,1,E01021044,0
Unvalidated,2024471407390,2024,471407390,1,9,0,18,2,6,0,0,0,0,0,0,1,1,5,1,90,11,-1,-1,-1,-1,5,3,E01021114,0
Unvalidated,2024471407390,2024,471407390,2,9,0,2,0,0,0,0,1,0,1,11,3,1,6,3,-1,-1,-1,-1,-1,-1,-1,-1,-1,0
Unvalidated,2024471407420,2024,471407420,1,97,0,17,5,1,0,0,2,0,1,0,3,1,6,1,20,4,-1,-1,-1,-1,6,1,E01031827,0
Unvalidated,2024471407420,2024,471407420,2,9,0,17,5,1,0,0,0,0,0,0,0,1,1,1,41,7,-1,-1,-1,-1,10,1,E01031824,0
Unvalidated,2024471407422,2024,471407422,1,9,0,17,7,3,0,0,0,0,0,0,1,1,5,1,34,6,-1,-1,-1,-1,-1,-1,-1,0
Unvalidated,2024471407422,2024,471407422,2,9,0,16,3,7,0,0,0,0,1,9,1,1,5,2,52,8,-1,-1,-1,-1,8,3,E01030527,0
Unvalidated,2024471407515,2024,471407515,1,9,0,-1,-1,-1,-1,0,-1,-1,-1,0,-1,1,6,3,-1,-1,-1,-1,-1,-1,-1,-1,-1,0
Unvalidated,2024471407605,2024,471407605,1,9,0,18,5,1,0,4,0,0,0,0,1,1,6,1,57,9,-1,-1,-1,-1,3,1,E01031787,0
Unvalidated,2024471407605,2024,471407605,2,1,0,18,4,7,0,8,0,0,0,0,4,1,6,1,57,9,-1,-1,-1,-1,4,1,E01031377,0
Unvalidated,2024471407716,2024,471407716,1,1,0,18,2,6,0,8,2,0,0,0,4,1,2,2,61,9,-1,-1,-1,-1,8,1,E01016901,0
Unvalidated,2024471407716,2024,471407716,2,90,0,8,4,6,4,6,0,0,0,0,1,1,6,2,37,7,-1,-1,-1,-1,7,1,E01021181,0
Unvalidated,2024471407716,2024,471407716,3,9,-1,18,6,2,0,1,0,0,0,0,0,1,6,3,-1,-1,-1,-1,-1,-1,-1,-1,-1,0
Unvalidated,2024471407717,2024,471407717,1,9,0,12,6,2,0,2,0,0,0,0,1,1,6,2,80,11,-1,-1,-1,-1,9,1,E01031496,0
Unvalidated,2024471407717,2024,471407717,2,9,0,17,3,7,0,2,0,0,0,0,0,1,6,2,28,6,-1,-1,-1,-1,6,3,E01031509,0
Unvalidated,2024471407725,2024,471407725,1,9,0,18,2,6,0,1,5,0,0,0,3,1,6,1,32,6,-1,-1,-1,-1,9,1,E01021175,0
Unvalidated,2024471407726,2024,471407726,1,1,0,16,4,7,0,0,5,0,0,0,0,1,5,1,69,10,-1,-1,-1,-1,4,1,E01020974,0
Unvalidated,2024471407726,2024,471407726,2,9,0,16,4,7,0,0,0,0,0,0,4,1,6,3,-1,-1,-1,-1,-1,-1,-1,-1,-1,0
Unvalidated,2024471407765,2024,471407765,1,1,0,18,3,8,0,1,0,0,0,0,2,1,6,1,40,7,-1,-1,-1,-1,2,1,E01016906,0
Unvalidated,2024471407765,2024,471407765,2,19,0,18,3,8,0,1,0,0,0,0,1,1,6,1,54,8,-1,-1,-1,-1,3,1,E01016911,0
Unvalidated,2024471407780,2024,471407780,1,9,0,9,3,1,0,8,0,0,0,0,0,1,6,3,-1,-1,-1,-1,-1,-1,-1,-1,-1,0
Unvalidated,2024471407780,2024,471407780,2,19,0,18,1,5,0,1,0,0,0,0,2,1,1,2,50,8,-1,-1,-1,-1,9,1,E01031393,0
Unvalidated,2024471407780,2024,471407780,3,9,0,18,1,5,0,1,0,0,0,0,1,1,5,1,31,6,-1,-1,-1,-1,6,3,E01030862,0
Unvalidated,2024471407780,2024,471407780,4,9,0,18,1,5,0,1,0,0,0,0,1,1,2,2,43,7,-1,-1,-1,-1,4,1,E01031834,0
Unvalidated,2024471407784,2024,471407784,1,9,0,10,8,5,0,5,0,0,0,0,1,1,5,2,66,10,-1,-1,-1,-1,5,1,E01031750,0
Unvalidated,2024471407784,2024,471407784,2,4,0,7,5,4,0,1,0,0,0,0,1,1,2,1,22,5,-1,-1,-1,-1,10,1,E01031758,0
Unvalidated,2024471407792,2024,471407792,1,9,0,12,7,3,0,0,0,0,0,0,3,1,6,1,41,7,-1,-1,-1,-1,7,1,E01031388,0
Unvalidated,2024471407792,2024,471407792,2,9,0,18,7,3,0,0,0,0,0,0,4,1,5,2,23,5,-1,-1,-1,-1,5,3,E01031426,0
Unvalidated,2024471407792,2024,471407792,3,9,0,18,7,3,0,0,0,0,0,0,3,1,5,1,55,8,-1,-1,-1,-1,6,1,E01016859,0
Unvalidated,2024471407827,2024,471407827,1,9,0,17,7,4,0,8,1,0,1,11,1,1,6,1,45,7,-1,-1,-1,-1,9,1,E01031711,0
Unvalidated,2024471407839,2024,471407839,1,9,0,18,3,7,0,1,0,0,0,0,4,1,5,1,57,9,-1,-1,-1,-1,10,1,E01031828,0
Unvalidated,2024471407839,2024,471407839,2,1,0,18,3,7,0,1,5,0,0,0,3,1,5,1,60,9,-1,-1,-1,-1,8,1,E01031840,0
Unvalidated,2024471407851,2024,471407851,1,9,0,1,4,8,0,2,0,0,0,0,2,1,6,1,32,6,-1,-1,-1,-1,3,1,E01020922,0
Unvalidated,2024471407894,2024,471407894,1,3,0,18,1,5,0,2,0,0,0,0,3,1,2,2,62,9,-1,-1,-1,-1,4,1,E01031786,0
Unvalidated,2024471407952,2024,471407952,1,9,0,18,8,4,9,0,0,0,0,0,4,1,6,3,-1,-1,-1,-1,-1,-1,-1,-1,-1,0
Unvalidated,2024471407988,2024,471407988,1,9,0,18,3,7,0,8,0,0,0,0,4,1,1,1,79,11,-1,-1,-1,-1,5,1,E01021079,0
Unvalidated,2024471407988,2024,471407988,2,9,0,9,5,1,0,1,0,0,1,1,1,1,5,2,80,11,-1,-1,-1,-1,8,1,E01021075,0
Unvalidated,2024471408023,2024,471408023,1,1,0,18,1,5,0,1,0,0,0,0,4,1,2,1,33,6,-1,-1,-1,-1,3,1,E01016869,0
Unvalidated,2024471408023,2024,471408023,2,9,0,5,1,5,0,1,0,0,0,0,3,1,6,1,-1,-1,-1,-1,-1,-1,-1,-1,-1,0
Unvalidated,2024471408026,2024,471408026,1,9,0,-1,-1,-1,-1,0,-1,-1,-1,0,-1,1,5,2,37,7,-1,-1,-1,-1,6,1,E01031669,0
Unvalidated,2024471408026,2024,471408026,2,9,0,-1,-1,-1,-1,0,-1,-1,-1,0,-1,1,5,1,44,7,-1,-1,-1,-1,4,1,E01031572,0
Unvalidated,2024471408037,2024,471408037,1,1,0,5,7,3,2,2,0,0,3,0,3,1,2,1,30,6,-1,-1,-1,-1,1,1,E01016964,0
Unvalidated,2024471408037,2024,471408037,2,8,0,18,5,1,2,1,0,0,7,0,1,2,6,1,-1,-1,-1,-1,-1,-1,-1,-1,-1,0
Unvalidated,2024471408037,2024,471408037,3,11,0,18,5,1,0,1,0,0,0,0,0,1,1,3,-1,-1,-1,-1,-1,-1,-1,-1,-1,0
Unvalidated,2024471408073,2024,471408073,1,9,0,-1,-1,-1,-1,-1,-1,-1,-1,0,-1,1,5,2,49,8,-1,-1,-1,-1,7,3,E01031697,0
Unvalidated,2024471408133,2024,471408133,1,9,0,18,3,7,0,0,0,0,0,0,1,1,6,1,35,6,-1,-1,-1,-1,-1,-1,-1,0
Unvalidated,2024471408133,2024,471408133,2,9,0,18,7,3,0,0,0,0,2,7,3,1,5,1,51,8,-1,-1,-1,-1,7,2,E01032717,0
Unvalidated,2024471408150,2024,471408150,1,9,0,18,7,3,0,1,0,0,0,0,4,1,5,2,44,7,-1,-1,-1,-1,9,1,E01031761,0
Unvalidated,2024471408151,2024,471408151,1,9,0,18,2,6,0,0,0,0,0,0,3,1,5,2,44,7,-1,-1,-1,-1,8,3,E01031397,0
Unvalidated,2024471408151,2024,471408151,2,9,0,18,6,2,0,0,0,0,1,0,3,1,5,2,72,10,-1,-1,-1,-1,3,1,E01031482,0
Unvalidated,2024471408163,2024,471408163,1,9,0,7,7,1,0,5,0,0,0,0,-1,1,6,1,68,10,-1,-1,-1,-1,2,1,E01016905,0
Unvalidated,2024471408186,2024,471408186,1,9,0,18,1,5,0,0,1,0,4,7,4,1,2,1,30,6,-1,-1,-1,-1,6,1,E01031352,0
Unvalidated,2024471408186,2024,471408186,2,9,0,18,1,5,0,0,1,0,4,7,1,1,2,2,36,7,-1,-1,-1,-1,3,1,E01031372,0
Unvalidated,2024471408212,2024,471408212,1,9,0,18,-1,-1,0,0,-1,-1,-1,0,1,1,6,3,-1,-1,-1,-1,-1,-1,-1,-1,-1,0
Unvalidated,2024471408263,2024,471408263,1,9,0,9,5,7,0,8,0,0,0,0,1,1,5,2,81,11,-1,-1,-1,-1,8,3,E01031518,0
Unvalidated,2024471408273,2024,471408273,1,9,0,15,7,3,0,0,0,0,0,0,3,1,6,3,-1,-1,-1,-1,-1,-1,-1,-1,-1,0
Unvalidated,2024471408273,2024,471408273,2,97,0,11,7,3,0,0,0,0,0,0,4,1,5,1,21,5,-1,-1,-1,-1,3,1,E01021016,0
Unvalidated,2024471408336,2024,471408336,1,22,0,18,-1,-1,0,3,0,0,0,0,1,1,6,1,-1,-1,-1,-1,-1,-1,-1,-1,-1,0
Unvalidated,2024471408358,2024,471408358,1,9,0,18,-1,-1,0,0,0,0,0,0,1,1,6,1,-1,-1,-1,-1,-1,-1,-1,-1,-1,0
Unvalidated,2024471408403,2024,471408403,1,9,0,18,8,4,0,1,0,0,0,0,1,1,6,2,-1,-1,-1,-1,-1,-1,4,1,E01020936,0
Unvalidated,2024471408452,2024,471408452,1,21,0,18,7,3,0,0,0,0,1,4,4,1,1,1,60,9,-1,-1,-1,-1,1,1,E01020982,0
Unvalidated,2024471408464,2024,471408464,1,9,0,18,3,7,0,1,0,0,0,0,1,1,5,1,19,4,-1,-1,-1,-1,3,1,E01031791,0
Unvalidated,2024471408464,2024,471408464,2,9,0,4,3,7,0,1,0,0,0,0,2,1,2,2,50,8,-1,-1,-1,-1,2,1,E01016978,0
Unvalidated,2024471408468,2024,471408468,1,9,0,18,3,7,0,0,0,0,0,0,1,1,5,1,35,6,-1,-1,-1,-1,8,1,E01031620,0
Unvalidated,2024471408468,2024,471408468,2,9,0,18,7,3,0,0,0,0,0,0,1,1,5,1,68,10,-1,-1,-1,-1,9,1,E01031670,0
Unvalidated,2024471408526,2024,471408526,1,9,0,18,5,3,0,1,0,0,0,0,1,1,1,1,53,8,-1,-1,-1,-1,6,1,E01031601,0
Unvalidated,2024471408526,2024,471408526,2,9,0,1,5,3,0,1,0,0,0,0,2,1,5,1,49,8,-1,-1,-1,-1,7,1,E01031607,0
Unvalidated,2024471408548,2024,471408548,1,9,9,9,1,6,0,2,0,0,0,0,3,1,6,3,-1,-1,-1,-1,-1,-1,-1,-1,-1,0
Unvalidated,2024471408601,2024,471408601,1,9,0,7,7,1,0,6,0,0,0,0,1,1,6,1,63,9,-1,-1,-1,-1,2,1,E01031341,0
Unvalidated,2024471408601,2024,471408601,2,1,0,18,5,1,0,1,0,0,0,0,1,1,6,1,68,10,-1,-1,-1,-1,5,1,E01031832,0
Unvalidated,2024471408627,2024,471408627,1,9,0,7,7,2,0,1,0,0,3,0,1,1,5,2,32,6,-1,-1,-1,-1,5,1,E01030572,0
Unvalidated,2024471408627,2024,471408627,2,9,0,7,7,2,0,1,0,0,0,0,2,1,5,1,35,6,-1,-1,-1,-1,7,1,E01030577,0
Unvalidated,2024471408651,2024,471408651,1,9,0,17,3,8,0,0,1,0,7,11,1,1,1,1,39,7,-1,-1,-1,-1,7,1,E01021220,0
Unvalidated,2024471408833,2024,471408833,1,19,0,9,1,7,0,6,0,0,0,0,1,1,1,1,48,8,-1,-1,-1,-1,1,1,E01021136,0
Unvalidated,2024471408833,2024,471408833,2,9,0,18,7,3,0,1,0,0,0,0,1,1,5,2,71,10,-1,-1,-1,-1,1,1,E01020984,0
Unvalidated,2024471408861,2024,471408861,1,9,0,9,7,5,0,6,0,0,0,0,1,1,2,1,32,6,-1,-1,-1,-1,4,1,E01021002,0
Unvalidated,2024471408861,2024,471408861,2,9,0,9,1,7,0,5,0,0,0,0,3,1,6,1,33,6,-1,-1,-1,-1,5,2,E01021089,0
Unvalidated,2024471409021,2024,471409021,1,9,0,18,1,5,0,8,0,0,0,0,1,1,6,1,89,11,-1,-1,-1,-1,7,1,E01030583,0
Unvalidated,2024471409021,2024,471409021,2,1,0,18,7,3,0,1,0,0,0,0,1,1,5,2,53,8,-1,-1,-1,-1,2,1,E01016955,0
Unvalidated,2024471409048,2024,471409048,1,9,0,18,3,7,0,1,0,0,0,0,1,1,1,1,53,8,-1,-1,-1,-1,3,1,E01031459,0
Unvalidated,2024471409048,2024,471409048,2,1,0,5,1,5,0,8,0,0,0,0,2,1,6,1,63,9,-1,-1,-1,-1,5,1,E01031807,0
Unvalidated,2024471409058,2024,471409058,1,19,0,18,1,5,0,0,0,0,0,0,3,1,1,1,41,7,-1,-1,-1,-1,6,1,E01030610,0
Unvalidated,2024471409078,2024,471409078,1,9,0,9,7,5,0,8,0,0,0,0,1,1,5,2,70,10,-1,-1,-1,-1,4,2,E01030816,0
Unvalidated,2024471409078,2024,471409078,2,20,0,18,6,2,0,1,0,0,0,0,1,1,1,1,37,7,-1,-1,-1,-1,1,1,E01016083,0
Unvalidated,2024471409107,2024,471409107,1,9,0,7,1,3,0,8,0,0,0,0,9,1,6,1,47,8,-1,-1,-1,-1,8,3,E01031617,0
Unvalidated,2024471409258,2024,471409258,1,1,0,18,7,3,0,2,0,0,0,0,4,1,2,1,44,7,-1,-1,-1,-1,5,1,E01021001,0
Unvalidated,2024471409258,2024,471409258,2,9,0,9,7,7,0,2,0,0,0,0,3,1,6,1,46,8,-1,-1,-1,-1,1,1,E01020982,0
Unvalidated,2024471409375,2024,471409375,1,9,0,7,5,7,0,5,0,0,0,0,1,1,6,2,-1,-1,-1,-1,-1,-1,-1,-1,-1,0
Unvalidated,2024471409446,2024,471409446,1,9,0,17,7,3,0,1,0,0,0,0,1,1,1,1,35,6,-1,-1,-1,-1,6,1,E01016889,0
Unvalidated,2024471409446,2024,471409446,2,9,0,7,3,6,0,1,0,0,0,0,1,1,6,1,18,4,-1,-1,-1,-1,6,1,E01031359,0
Unvalidated,2024471409475,2024,471409475,1,9,0,4,5,2,0,4,0,0,0,0,3,1,5,2,63,9,-1,-1,-1,-1,7,1,E01024801,0
Unvalidated,2024471409475,2024,471409475,2,1,0,18,7,2,0,4,0,0,0,0,1,1,2,1,44,7,-1,-1,-1,-1,2,1,E01021020,0
Unvalidated,2024471409482,2024,471409482,1,9,0,9,2,8,0,1,0,0,0,0,1,1,5,2,17,4,-1,-1,-1,-1,2,1,E01021092,0
Unvalidated,2024471409482,2024,471409482,2,9,0,18,7,2,0,8,0,0,0,0,3,1,5,2,38,7,-1,-1,-1,-1,1,1,E01020994,0
Unvalidated,2024471409568,2024,471409568,1,90,0,18,3,7,9,1,0,0,0,0,3,1,6,3,-1,-1,-1,-1,-1,-1,-1,-1,-1,0
Unvalidated,2024471409600,2024,471409600,1,9,0,18,7,3,0,1,0,0,0,0,1,1,6,1,56,9,-1,-1,-1,-1,7,1,E01017006,0
Unvalidated,2024471409616,2024,471409616,1,9,0,18,7,3,0,0,0,0,4,6,1,1,5,1,38,7,-1,-1,-1,-1,5,1,E01031818,0
Unvalidated,2024471409616,2024,471409616,2,9,0,18,7,3,0,0,0,0,1,0,1,1,5,1,72,10,-1,-1,-1,-1,10,2,E01023220,0
Unvalidated,2024471409616,2024,471409616,3,9,0,18,7,3,0,0,0,0,0,0,0,1,6,1,22,5,-1,-1,-1,-1,4,1,E01031834,0
Unvalidated,2024471409622,2024,471409622,1,9,0,18,2,5,0,0,0,0,0,0,0,1,6,3,-1,-1,-1,-1,-1,-1,-1,-1,-1,0
Unvalidated,2024471409622,2024,471409622,2,9,0,18,2,5,0,0,0,0,1,0,1,1,6,1,44,7,-1,-1,-1,-1,3,1,E01031360,0
Unvalidated,2024471409622,2024,471409622,3,5,0,18,2,5,0,0,0,0,0,0,2,1,6,1,40,7,-1,-1,-1,-1,6,2,E01031390,0
Unvalidated,2024471409623,2024,471409623,1,9,0,17,1,5,0,0,1,0,1,4,1,1,6,1,18,4,-1,-1,-1,-1,9,1,E01031769,0
Unvalidated,2024471409667,2024,471409667,1,9,0,18,8,4,0,2,0,0,0,0,1,1,6,2,73,10,-1,-1,-1,-1,10,1,E01031729,0
Unvalidated,2024471409667,2024,471409667,2,9,0,18,4,8,0,1,0,0,0,0,1,1,6,2,32,6,-1,-1,-1,-1,-1,-1,-1,0
Unvalidated,2024471409779,2024,471409779,1,9,0,18,1,5,0,0,0,0,1,0,1,1,5,1,53,8,-1,-1,-1,-1,8,3,E01031543,0
Unvalidated,2024471409779,2024,471409779,2,9,0,18,1,5,0,0,0,0,1,0,3,1,5,1,63,9,-1,-1,-1,-1,6,1,E01031445,0
Unvalidated,2024471409808,2024,471409808,1,3,0,18,2,6,0,0,0,0,0,0,1,1,1,1,30,6,-1,-1,-1,-1,2,1,E01020910,0
Unvalidated,2024471409910,2024,471409910,1,9,0,18,3,7,0,0,0,0,0,0,1,1,5,1,60,9,-1,-1,-1,-1,4,1,E01031435,0
Unvalidated,2024471409924,2024,471409924,1,9,0,18,3,7,0,8,0,0,7,10,4,1,1,2,48,8,-1,-1,-1,-1,9,1,E01031741,0
Unvalidated,2024471409924,2024,471409924,2,9,0,6,3,7,0,8,0,0,7,0,3,1,5,2,43,7,-1,-1,-1,-1,10,1,E01031666,0
Unvalidated,2024471409973,2024,471409973,1,9,0,4,6,2,0,0,1,0,0,0,1,1,5,1,83,11,-1,-1,-1,-1,3,1,E01031830,0
Unvalidated,2024471409973,2024,471409973,2,9,0,18,6,2,0,0,0,0,0,0,2,1,2,1,46,8,-1,-1,-1,-1,5,1,E01031574,0
Unvalidated,2024471409973,2024,471409973,3,9,0,3,6,2,0,0,0,0,0,0,2,1,2,1,41,7,-1,-1,-1,-1,9,1,E01002263,0
Unvalidated,2024471410001,2024,471410001,1,9,0,1,8,4,0,0,0,0,0,0,2,1,6,1,48,8,-1,-1,-1,-1,4,1,E01031435,0
Unvalidated,2024471410027,2024,471410027,1,9,0,17,2,7,0,0,0,0,0,0,1,1,2,1,17,4,-1,-1,-1,-1,3,1,E01020930,0
Unvalidated,2024471410073,2024,471410073,1,9,0,18,1,5,0,0,0,0,0,0,1,1,5,1,29,6,-1,-1,-1,-1,4,1,E01021002,0
Unvalidated,2024471410073,2024,471410073,2,9,0,18,5,1,0,0,0,0,7,0,1,1,5,1,74,10,-1,-1,-1,-1,2,3,E01021103,0
Unvalidated,2024471410101,2024,471410101,1,9,0,18,7,2,0,0,0,0,0,0,1,1,6,1,60,9,-1,-1,-1,-1,8,1,E01031815,0
Unvalidated,2024471410101,2024,471410101,2,97,0,18,7,3,0,0,0,0,0,0,2,1,2,1,38,7,-1,-1,-1,-1,2,1,E01031361,0
Unvalidated,2024471410310,2024,471410310,1,98,0,18,5,1,0,0,0,0,0,0,1,1,1,1,23,5,-1,-1,-1,-1,2,1,E01016906,0
Unvalidated,2024471410310,2024,471410310,2,98,0,18,5,1,0,0,0,0,1,0,2,1,5,1,24,5,-1,-1,-1,-1,2,1,E01020911,0
Unvalidated,2024471410310,2024,471410310,3,9,0,18,5,1,0,0,0,0,0,0,2,1,6,2,57,9,-1,-1,-1,-1,8,1,E01020963,0
Unvalidated,2024471410386,2024,471410386,1,9,0,16,7,2,0,0,1,0,2,0,1,1,5,1,53,8,-1,-1,-1,-1,6,3,E01024546,0
Unvalidated,2024471410386,2024,471410386,2,98,0,17,2,7,0,0,0,0,1,10,3,1,1,1,60,9,-1,-1,-1,-1,8,2,E01021209,0
Unvalidated,2024471410408,2024,471410408,1,3,0,18,8,5,0,1,0,0,0,0,1,1,1,2,33,6,-1,-1,-1,-1,8,1,E01016980,0
Unvalidated,2024471410408,2024,471410408,2,9,0,9,3,8,0,6,0,0,0,0,1,1,1,1,41,7,-1,-1,-1,-1,1,1,E01016942,0
Unvalidated,2024471410414,2024,471410414,1,9,0,18,2,6,0,0,0,0,0,0,1,1,2,1,33,6,-1,-1,-1,-1,6,1,E01031817,0
Unvalidated,2024471410414,2024,471410414,2,19,0,4,2,6,0,0,0,0,0,0,2,1,1,1,53,8,-1,-1,-1,-1,5,3,E01031663,0
Unvalidated,2024471410437,2024,471410437,1,9,0,18,5,1,0,0,0,0,1,4,1,1,6,1,38,7,-1,-1,-1,-1,10,1,E01031738,0