status,collision_index,collision_year,collision_reference,vehicle_reference,vehicle_type,towing_and_articulation,vehicle_manoeuvre,vehicle_direction_from,vehicle_direction_to,vehicle_location_restricted_lane,junction_location,skidding_and_overturning,hit_object_in_carriageway,vehicle_leaving_carriageway,hit_object_off_carriageway,first_point_of_impact,vehicle_left_hand_drive,journey_purpose_of_driver,sex_of_driver,age_of_driver,age_band_of_driver,engine_capacity_cc,propulsion_code,age_of_vehicle,generic_make_model,driver_imd_decile,driver_home_area_type,lsoa_of_driver,escooter_flag
Unvalidated,2024471410441,2024,471410441,1,9,0,17,5,2,0,5,1,10,1,1,1,1,6,1,17,4,-1,-1,-1,-1,8,1,E01031535,0
Unvalidated,2024471410448,2024,471410448,1,9,0,16,7,3,0,0,1,0,7,10,1,1,6,1,19,4,-1,-1,-1,-1,9,1,E01000829,0
Unvalidated,2024471410493,2024,471410493,1,9,0,4,7,3,0,5,1,10,2,4,1,1,5,2,18,4,-1,-1,-1,-1,9,1,E01031339,0
Unvalidated,2024471410631,2024,471410631,1,9,0,10,5,4,0,3,0,0,0,0,2,1,5,1,56,9,-1,-1,-1,-1,9,3,E01031728,0
Unvalidated,2024471410631,2024,471410631,2,19,0,18,5,1,0,3,9,0,0,0,1,1,6,1,-1,-1,-1,-1,-1,-1,-1,-1,-1,0
Unvalidated,2024471410732,2024,471410732,1,9,0,1,-1,-1,8,0,0,0,0,0,2,1,6,2,46,8,-1,-1,-1,-1,8,1,E01031564,0
Unvalidated,2024471410732,2024,471410732,2,97,0,2,0,0,6,0,0,0,0,0,1,1,6,3,-1,-1,-1,-1,-1,-1,-1,-1,-1,0
Unvalidated,2024471410733,2024,471410733,1,9,0,18,3,7,0,1,0,0,0,0,4,1,5,1,20,4,-1,-1,-1,-1,4,1,E01031434,0
Unvalidated,2024471410742,2024,471410742,1,9,0,9,3,1,0,7,0,0,0,0,1,1,5,1,84,11,-1,-1,-1,-1,3,1,E01031430,0
Unvalidated,2024471410742,2024,471410742,2,9,0,18,7,3,0,1,0,0,2,7,1,1,5,1,25,5,-1,-1,-1,-1,8,1,E01031491,0
Unvalidated,2024471410748,2024,471410748,1,9,0,9,5,2,0,8,0,0,0,0,1,1,1,1,28,6,-1,-1,-1,-1,5,1,E01021216,0
Unvalidated,2024471410748,2024,471410748,2,1,0,18,2,6,0,2,0,0,0,0,1,1,1,1,32,6,-1,-1,-1,-1,8,1,E01021107,0
Unvalidated,2024471410762,2024,471410762,1,9,0,18,3,7,0,0,0,0,0,0,1,1,5,1,30,6,-1,-1,-1,-1,3,1,E01020922,0
Unvalidated,2024471410762,2024,471410762,2,9,0,4,3,7,0,0,0,0,0,0,2,1,5,1,56,9,-1,-1,-1,-1,4,1,E01020918,0
Unvalidated,2024471410784,2024,471410784,1,9,0,-1,-1,-1,-1,1,-1,-1,-1,0,-1,1,6,3,-1,-1,-1,-1,-1,-1,-1,-1,-1,0
Unvalidated,2024471410876,2024,471410876,1,9,0,18,7,3,0,0,0,0,0,0,2,2,5,1,29,6,-1,-1,-1,-1,2,1,E01026822,0
Unvalidated,2024471410876,2024,471410876,2,9,0,18,7,3,0,0,0,0,0,0,1,2,5,2,77,11,-1,-1,-1,-1,1,1,E01016865,0
Unvalidated,2024471410900,2024,471410900,1,3,0,18,7,3,0,1,0,0,0,0,1,1,6,1,21,5,-1,-1,-1,-1,9,1,E01016924,0
Unvalidated,2024471410900,2024,471410900,2,9,0,9,1,7,0,8,0,0,0,0,1,1,5,1,58,9,-1,-1,-1,-1,7,1,E01031351,0
Unvalidated,2024471410932,2024,471410932,1,9,0,18,5,1,0,0,0,0,8,11,1,1,6,1,19,4,-1,-1,-1,-1,5,1,E01031373,0
Unvalidated,2024471410941,2024,471410941,1,9,0,6,5,7,0,1,0,0,0,0,3,1,5,1,33,6,-1,-1,-1,-1,10,1,E01031702,0
Unvalidated,2024471410941,2024,471410941,2,90,0,5,7,3,6,1,0,0,0,0,2,1,6,1,14,3,-1,-1,-1,-1,10,1,E01031715,1
Unvalidated,2024471410972,2024,471410972,1,9,0,18,6,2,0,1,0,0,0,0,1,1,6,1,28,6,-1,-1,-1,-1,6,2,E01031658,0
Unvalidated,2024471410972,2024,471410972,2,98,0,2,6,2,0,2,0,0,0,0,2,1,6,3,-1,-1,-1,-1,-1,-1,-1,-1,-1,0
Unvalidated,2024471411015,2024,471411015,1,9,0,18,3,7,0,0,0,0,0,0,1,1,5,2,35,6,-1,-1,-1,-1,6,1,E01021113,0
Unvalidated,2024471411015,2024,471411015,2,9,0,4,3,7,0,0,0,0,0,0,2,1,5,2,52,8,-1,-1,-1,-1,3,1,E01031830,0
Unvalidated,2024471411030,2024,471411030,1,9,0,18,5,1,0,1,0,0,0,0,1,1,1,1,26,6,-1,-1,-1,-1,7,1,E01000493,0
Unvalidated,2024471411030,2024,471411030,2,9,0,2,0,0,0,1,0,0,0,0,2,1,1,1,60,9,-1,-1,-1,-1,5,2,E01024815,0
Unvalidated,2024471411030,2024,471411030,3,9,0,2,0,0,0,1,0,0,0,0,2,1,6,3,-1,-1,-1,-1,-1,-1,-1,-1,-1,0
Unvalidated,2024471411056,2024,471411056,1,9,0,13,8,4,0,2,0,0,0,0,4,1,6,1,67,10,-1,-1,-1,-1,7,1,E01031396,0
Unvalidated,2024471411056,2024,471411056,2,19,0,18,8,4,0,2,0,0,0,0,3,1,6,1,39,7,-1,-1,-1,-1,4,1,E01031469,0
Unvalidated,2024471411072,2024,471411072,1,9,0,18,1,4,0,0,1,0,0,0,1,1,5,2,47,8,-1,-1,-1,-1,7,3,E01021166,0
Unvalidated,2024471411072,2024,471411072,2,9,0,18,1,4,0,0,1,0,0,0,2,1,5,2,19,4,-1,-1,-1,-1,3,1,E01021137,0
Unvalidated,2024471411090,2024,471411090,1,9,0,18,6,1,0,0,0,0,0,0,1,1,1,1,69,10,-1,-1,-1,-1,10,1,E01031744,0
Unvalidated,2024471411090,2024,471411090,2,9,0,1,1,6,0,0,0,0,0,0,2,1,5,2,30,6,-1,-1,-1,-1,7,1,E01016870,0
Unvalidated,2024471411091,2024,471411091,1,9,0,9,7,4,0,8,5,0,0,0,4,1,5,1,30,6,-1,-1,-1,-1,6,1,E01031554,0
Unvalidated,2024471411091,2024,471411091,2,9,0,18,2,7,0,8,0,0,0,0,1,1,2,2,37,7,-1,-1,-1,-1,10,1,E01031735,0
Unvalidated,2024471411147,2024,471411147,1,9,0,18,7,3,0,1,1,0,7,11,1,1,5,1,60,9,-1,-1,-1,-1,2,1,E01031819,0
Unvalidated,2024471411158,2024,471411158,1,9,0,18,7,3,0,0,1,11,0,0,1,1,5,2,18,4,-1,-1,-1,-1,7,1,E01021080,0
Unvalidated,2024471411161,2024,471411161,1,98,0,5,7,3,0,6,0,0,0,0,1,1,5,1,29,6,-1,-1,-1,-1,6,2,-1,0
Unvalidated,2024471411161,2024,471411161,2,9,0,18,5,1,0,2,1,0,0,0,4,1,5,1,49,8,-1,-1,-1,-1,9,3,E01021144,0
Unvalidated,2024471411172,2024,471411172,1,9,0,18,3,7,0,0,0,0,0,0,1,1,5,1,19,4,-1,-1,-1,-1,6,1,E01024836,0
Unvalidated,2024471411175,2024,471411175,1,9,0,18,7,3,0,0,0,0,0,0,1,1,6,1,61,9,-1,-1,-1,-1,4,1,E01016948,0
Unvalidated,2024471411219,2024,471411219,1,97,0,18,6,2,0,8,5,0,0,0,3,1,1,1,29,6,-1,-1,-1,-1,2,1,E01016945,0
Unvalidated,2024471411219,2024,471411219,2,9,0,9,2,7,0,8,0,0,0,0,1,1,1,1,52,8,-1,-1,-1,-1,6,1,E01016878,0
Unvalidated,2024471411285,2024,471411285,1,9,0,18,4,8,0,0,1,4,0,0,4,1,5,1,34,6,-1,-1,-1,-1,5,1,E01031401,0
Unvalidated,2024471411285,2024,471411285,2,9,0,2,0,0,0,0,0,0,0,0,3,1,6,3,-1,-1,-1,-1,-1,-1,-1,-1,-1,0
Unvalidated,2024471411285,2024,471411285,3,9,0,2,0,0,0,0,0,4,0,0,3,1,6,3,-1,-1,-1,-1,-1,-1,-1,-1,-1,0
Unvalidated,2024471411285,2024,471411285,4,9,0,2,0,0,0,0,0,4,0,0,1,1,6,3,-1,-1,-1,-1,-1,-1,-1,-1,-1,0
Unvalidated,2024471411285,2024,471411285,5,9,0,2,0,0,0,0,0,0,0,0,3,1,6,3,-1,-1,-1,-1,-1,-1,-1,-1,-1,0
Unvalidated,2024471411285,2024,471411285,6,9,0,2,0,0,0,0,0,0,0,0,3,1,6,3,-1,-1,-1,-1,-1,-1,-1,-1,-1,0
Unvalidated,2024471411288,2024,471411288,1,9,0,18,1,5,0,0,0,0,0,0,2,1,5,1,48,8,-1,-1,-1,-1,8,1,E01021221,0
Unvalidated,2024471411288,2024,471411288,2,97,0,18,1,5,0,0,2,0,0,0,3,1,6,1,31,6,-1,-1,-1,-1,6,1,E01016953,0
Unvalidated,2024471411291,2024,471411291,1,9,0,18,1,5,0,1,0,0,0,0,3,1,6,1,79,11,-1,-1,-1,-1,3,1,E01031372,0
Unvalidated,2024471411291,2024,471411291,2,3,0,18,7,3,0,1,1,0,0,0,1,1,6,1,25,5,-1,-1,-1,-1,-1,-1,-1,0
Unvalidated,2024471411401,2024,471411401,1,9,0,6,3,7,0,1,0,0,0,0,4,1,5,2,52,8,-1,-1,-1,-1,2,1,E01031819,0
Unvalidated,2024471411401,2024,471411401,2,97,0,5,7,3,0,1,0,0,0,0,1,1,2,1,22,5,-1,-1,-1,-1,4,1,E01016966,0
Unvalidated,2024471411594,2024,471411594,1,9,0,18,7,3,0,1,0,0,0,0,1,1,6,2,49,8,-1,-1,-1,-1,10,2,E01031627,0
Unvalidated,2024471411622,2024,471411622,1,9,0,18,7,3,0,2,0,0,0,0,-1,1,6,1,-1,-1,-1,-1,-1,-1,-1,-1,-1,0
Unvalidated,2024471411676,2024,471411676,1,9,0,5,5,1,0,2,0,0,0,0,1,1,3,2,33,6,-1,-1,-1,-1,7,3,E01031632,0
Unvalidated,2024471411676,2024,471411676,2,9,0,18,3,7,0,1,0,0,0,0,1,1,1,2,31,6,-1,-1,-1,-1,10,3,E01030876,0
Unvalidated,2024471411677,2024,471411677,1,9,0,7,2,6,0,2,0,0,0,0,1,1,6,1,58,9,-1,-1,-1,-1,5,1,E01021001,0
Unvalidated,2024471411677,2024,471411677,2,1,0,18,2,6,0,2,0,0,0,0,2,1,6,1,49,8,-1,-1,-1,-1,5,1,E01021000,0
Unvalidated,2024471411678,2024,471411678,1,11,0,5,7,3,0,0,0,0,0,0,0,1,1,1,-1,-1,-1,-1,-1,-1,2,1,E01031348,0
Unvalidated,2024471411709,2024,471411709,1,9,0,9,2,8,0,6,0,0,0,0,1,1,1,1,54,8,-1,-1,-1,-1,6,3,E01021188,0
Unvalidated,2024471411709,2024,471411709,2,9,0,18,7,3,0,8,0,0,0,0,3,1,6,2,72,10,-1,-1,-1,-1,4,1,E01021006,0
Unvalidated,2024471411714,2024,471411714,1,9,0,1,1,5,0,0,0,0,0,0,2,1,1,1,36,7,-1,-1,-1,-1,3,1,E01021122,0
Unvalidated,2024471411732,2024,471411732,1,9,0,18,1,5,0,1,0,0,0,0,1,1,6,1,-1,-1,-1,-1,-1,-1,-1,-1,-1,0
Unvalidated,2024471411732,2024,471411732,2,9,0,4,1,5,0,1,0,0,0,0,2,1,6,2,43,7,-1,-1,-1,-1,2,1,E01016905,0
Unvalidated,2024471411752,2024,471411752,1,9,0,18,5,1,0,0,0,0,0,0,0,1,6,3,-1,-1,-1,-1,-1,-1,-1,-1,-1,0
Unvalidated,2024471411752,2024,471411752,2,9,0,4,5,1,0,0,0,0,0,0,2,1,5,1,35,6,-1,-1,-1,-1,-1,-1,-1,0
Unvalidated,2024471411752,2024,471411752,3,9,0,18,5,1,0,0,0,0,0,0,1,1,5,1,58,9,-1,-1,-1,-1,8,1,E01017069,0
Unvalidated,2024471411752,2024,471411752,4,9,0,18,1,5,0,0,0,0,0,0,0,1,1,1,33,6,-1,-1,-1,-1,5,1,E01031818,0
Unvalidated,2024471411752,2024,471411752,5,9,0,18,1,5,0,0,0,0,0,0,0,1,1,1,44,7,-1,-1,-1,-1,8,1,E01022786,0
Unvalidated,2024471411755,2024,471411755,1,1,0,18,1,5,0,8,0,0,0,0,4,1,5,1,55,8,-1,-1,-1,-1,9,1,E01017001,0
Unvalidated,2024471411755,2024,471411755,2,9,0,15,1,5,0,8,0,0,0,0,3,1,6,2,51,8,-1,-1,-1,-1,10,1,E01030892,0
Unvalidated,2024471411756,2024,471411756,1,9,0,18,3,7,0,0,0,0,0,0,1,1,5,2,52,8,-1,-1,-1,-1,3,1,E01031459,0
Unvalidated,2024471411756,2024,471411756,2,9,0,4,3,7,0,0,0,0,0,0,2,1,5,2,36,7,-1,-1,-1,-1,5,1,E01031410,0
Unvalidated,2024471411759,2024,471411759,1,5,0,16,7,2,0,0,0,0,0,0,1,1,5,1,24,5,-1,-1,-1,-1,10,1,E01031747,0
Unvalidated,2024471411759,2024,471411759,2,9,0,17,2,7,0,0,0,0,0,0,1,1,2,2,36,7,-1,-1,-1,-1,7,2,E01031616,0
Unvalidated,2024471411778,2024,471411778,1,19,0,2,0,0,0,0,0,0,0,0,2,1,6,3,-1,-1,-1,-1,-1,-1,-1,-1,-1,0
Unvalidated,2024471411778,2024,471411778,2,3,0,18,5,1,0,0,0,4,0,0,1,1,1,1,49,8,-1,-1,-1,-1,1,1,E01020979,0
Unvalidated,2024471412099,2024,471412099,1,9,0,18,3,7,0,0,0,0,0,0,2,1,2,2,21,5,-1,-1,-1,-1,7,2,E01031541,0
Unvalidated,2024471412099,2024,471412099,2,9,0,-1,3,7,-1,0,-1,-1,-1,0,1,1,6,1,77,11,-1,-1,-1,-1,6,1,E01022941,0
Unvalidated,2024471412116,2024,471412116,1,97,0,18,8,4,0,8,5,0,0,0,1,1,5,1,25,5,-1,-1,-1,-1,8,3,E01021163,0
Unvalidated,2024471412116,2024,471412116,2,9,0,9,8,4,0,2,0,0,0,0,3,1,5,1,20,4,-1,-1,-1,-1,5,2,E01030834,0
Unvalidated,2024471412150,2024,471412150,1,9,0,18,2,6,0,0,0,0,0,0,1,1,6,1,59,9,-1,-1,-1,-1,2,1,E01020911,0
Unvalidated,2024471412165,2024,471412165,1,9,0,9,4,2,0,6,0,0,0,0,3,1,6,2,41,7,-1,-1,-1,-1,5,1,E01031565,0
Unvalidated,2024471412165,2024,471412165,2,3,0,18,2,6,0,1,0,0,0,0,1,1,6,2,27,6,-1,-1,-1,-1,5,1,E01031574,0
Unvalidated,2024471412192,2024,471412192,1,9,0,13,8,4,0,1,1,0,2,11,4,1,2,1,47,8,-1,-1,-1,-1,2,1,E01016918,0
Unvalidated,2024471412192,2024,471412192,2,9,0,18,8,4,0,1,0,0,7,3,1,1,5,2,75,10,-1,-1,-1,-1,9,3,E01031623,0
Unvalidated,2024471412192,2024,471412192,3,9,0,18,4,8,0,1,0,0,0,0,4,1,5,1,48,8,-1,-1,-1,-1,6,1,E01031801,0
Unvalidated,2024471412197,2024,471412197,1,9,0,9,1,7,0,6,0,0,0,0,1,1,5,1,26,6,-1,-1,-1,-1,9,1,E01031816,0
Unvalidated,2024471412197,2024,471412197,2,1,0,18,7,3,0,1,0,0,0,0,1,1,2,1,28,6,-1,-1,-1,-1,2,1,E01031808,0
Unvalidated,2024471412201,2024,471412201,1,9,0,9,7,4,0,0,0,0,0,0,1,1,5,1,26,6,-1,-1,-1,-1,2,1,E01021092,0
Unvalidated,2024471412201,2024,471412201,2,97,0,18,3,7,0,0,0,0,0,0,1,1,1,1,19,4,-1,-1,-1,-1,8,1,E01020953,0
Unvalidated,2024471412230,2024,471412230,1,9,0,18,5,1,0,0,5,10,0,0,1,1,5,1,23,5,-1,-1,-1,-1,6,1,E01031636,0
Unvalidated,2024471412233,2024,471412233,1,9,0,9,2,7,0,6,0,0,0,0,3,1,2,1,33,6,-1,-1,-1,-1,3,1,E01016860,0
Unvalidated,2024471412233,2024,471412233,2,1,0,18,8,4,9,1,0,0,0,0,1,1,6,1,44,7,-1,-1,-1,-1,1,1,E01016885,0
Unvalidated,2024471412250,2024,471412250,1,9,0,16,8,4,0,0,5,5,7,0,1,1,6,1,26,6,-1,-1,-1,-1,9,1,E01031384,0
Unvalidated,2024471412250,2024,471412250,2,9,0,2,0,0,9,0,0,0,7,0,3,2,6,3,-1,-1,-1,-1,-1,-1,-1,-1,-1,0
Unvalidated,2024471412432,2024,471412432,1,19,0,7,7,1,0,6,0,0,0,0,2,1,1,1,35,6,-1,-1,-1,-1,2,1,E01020925,0
Unvalidated,2024471412432,2024,471412432,2,9,0,18,5,1,0,1,0,0,0,0,1,1,6,3,-1,-1,-1,-1,-1,-1,-1,-1,-1,0
Unvalidated,2024471412531,2024,471412531,1,9,0,10,8,5,0,6,0,0,0,0,1,1,1,2,37,7,-1,-1,-1,-1,7,1,E01031488,0
Unvalidated,2024471412531,2024,471412531,2,9,0,17,5,1,0,1,0,0,0,0,4,1,5,2,28,6,-1,-1,-1,-1,7,1,E01031396,0
Unvalidated,2024471412543,2024,471412543,1,9,0,4,4,1,99,0,0,0,0,0,1,1,5,2,28,6,-1,-1,-1,-1,7,1,E01031471,0
Unvalidated,2024471412543,2024,471412543,2,9,0,17,1,4,99,0,0,0,0,0,1,1,6,2,-1,-1,-1,-1,-1,-1,7,1,E01031471,0
Unvalidated,2024471412559,2024,471412559,1,9,0,9,8,6,0,5,0,0,0,0,4,1,5,1,62,9,-1,-1,-1,-1,10,1,E01031425,0
Unvalidated,2024471412559,2024,471412559,2,5,0,18,4,8,0,1,2,0,0,0,1,1,6,1,58,9,-1,-1,-1,-1,10,1,E01031797,0
Unvalidated,2024471412584,2024,471412584,1,9,0,5,5,1,8,0,0,0,0,0,1,1,5,1,37,7,-1,-1,-1,-1,9,1,E01031769,0
Unvalidated,2024471412584,2024,471412584,2,1,0,18,5,1,0,0,0,0,0,0,4,1,5,1,67,10,-1,-1,-1,-1,5,1,E01031600,0
Unvalidated,2024471412612,2024,471412612,1,9,0,5,1,5,0,0,0,0,0,0,1,1,5,2,81,11,-1,-1,-1,-1,10,1,E01031775,0
Unvalidated,2024471412612,2024,471412612,2,9,0,2,0,0,0,0,0,0,0,0,4,1,6,3,-1,-1,-1,-1,-1,-1,-1,-1,-1,0
Unvalidated,2024471412612,2024,471412612,3,9,0,2,0,0,0,0,0,0,0,0,3,1,6,3,-1,-1,-1,-1,-1,-1,-1,-1,-1,0
Unvalidated,2024471412644,2024,471412644,1,9,0,18,3,7,0,0,0,0,0,0,1,1,6,2,42,7,-1,-1,-1,-1,1,1,E01016867,0
Unvalidated,2024471412644,2024,471412644,2,98,0,18,7,3,0,0,0,0,0,0,3,1,6,1,41,7,-1,-1,-1,-1,7,1,E01020986,0
Unvalidated,2024471412686,2024,471412686,1,9,0,18,5,1,0,0,1,0,7,11,4,1,2,1,27,6,-1,-1,-1,-1,9,2,E01031683,0
Unvalidated,2024471412729,2024,471412729,1,9,0,9,8,3,0,8,0,0,0,0,1,1,2,1,25,5,-1,-1,-1,-1,7,1,E01020962,0
Unvalidated,2024471412729,2024,471412729,2,9,0,18,6,3,0,8,0,0,0,0,4,1,3,2,20,4,-1,-1,-1,-1,9,1,E01020944,0
Unvalidated,2024471412825,2024,471412825,1,9,0,9,3,1,0,8,0,0,0,0,3,1,2,2,26,6,-1,-1,-1,-1,7,1,E01020926,0
Unvalidated,2024471412825,2024,471412825,2,9,0,18,1,5,0,1,0,0,0,0,1,1,1,1,50,8,-1,-1,-1,-1,4,1,E01020914,0
Unvalidated,2024471412833,2024,471412833,1,9,0,1,5,1,0,0,0,0,0,0,2,1,6,1,66,10,-1,-1,-1,-1,8,1,E01017010,0
Unvalidated,2024471412833,2024,471412833,3,98,0,1,5,1,0,0,0,0,0,0,0,1,6,3,-1,-1,-1,-1,-1,-1,-1,-1,-1,0
Unvalidated,2024471412835,2024,471412835,1,9,0,1,-1,-1,-1,-1,-1,-1,-1,0,-1,1,6,2,57,9,-1,-1,-1,-1,5,1,E01031832,0
Unvalidated,2024471412835,2024,471412835,2,1,0,2,7,3,9,1,0,0,0,0,4,1,4,2,9,2,-1,-1,-1,-1,3,1,E01031811,0
Unvalidated,2024471412852,2024,471412852,1,9,0,7,7,1,0,1,0,0,0,0,1,1,3,2,38,7,-1,-1,-1,-1,4,1,E01031810,0
Unvalidated,2024471412852,2024,471412852,2,1,0,7,7,1,0,1,0,0,0,0,0,1,2,1,53,8,-1,-1,-1,-1,3,1,E01031791,0
Unvalidated,2024471412955,2024,471412955,1,9,0,18,5,1,0,8,0,0,0,0,0,1,5,2,61,9,-1,-1,-1,-1,10,1,E01031485,0
Unvalidated,2024471412955,2024,471412955,2,1,0,18,3,8,0,8,0,0,0,0,0,1,6,2,51,8,-1,-1,-1,-1,3,1,E01031483,0
Unvalidated,2024471412963,2024,471412963,1,9,0,18,3,7,0,2,1,0,0,0,3,1,5,2,38,7,-1,-1,-1,-1,3,1,E01031441,0
Unvalidated,2024471412963,2024,471412963,2,9,0,12,7,3,0,1,9,99,0,0,4,1,6,1,-1,-1,-1,-1,-1,-1,-1,-1,-1,0
Unvalidated,2024471412981,2024,471412981,1,9,0,18,7,5,0,8,0,0,0,0,4,1,5,1,32,6,-1,-1,-1,-1,6,1,E01031554,0
Unvalidated,2024471412981,2024,471412981,2,9,0,18,5,2,0,8,0,0,0,0,1,1,6,2,43,7,-1,-1,-1,-1,4,1,E01031576,0
Unvalidated,2024471412982,2024,471412982,1,4,0,18,1,5,0,0,0,0,0,0,1,1,6,1,21,5,-1,-1,-1,-1,6,1,E01016970,0
Unvalidated,2024471412982,2024,471412982,2,9,0,2,0,0,0,0,0,0,0,0,3,1,6,1,57,9,-1,-1,-1,-1,1,1,E01000858,0
Unvalidated,2024471413000,2024,471413000,1,9,0,18,7,3,0,0,1,11,5,10,1,1,5,1,21,5,-1,-1,-1,-1,9,1,E01031413,0
Unvalidated,2024471413010,2024,471413010,1,9,0,18,5,1,0,1,0,0,0,0,1,1,2,1,39,7,-1,-1,-1,-1,3,1,E01024795,0
Unvalidated,2024471413010,2024,471413010,2,9,0,10,5,2,0,1,0,0,0,0,2,1,2,1,40,7,-1,-1,-1,-1,8,3,E01031698,0
Unvalidated,2024471413029,2024,471413029,1,9,0,18,3,7,0,1,0,0,0,0,4,1,6,2,31,6,-1,-1,-1,-1,7,1,E01031357,0
Unvalidated,2024471413030,2024,471413030,1,9,0,18,3,7,0,1,0,0,0,0,1,1,6,1,88,11,-1,-1,-1,-1,5,1,E01031671,0
Unvalidated,2024471413030,2024,471413030,2,9,0,18,3,7,0,1,0,0,0,0,2,1,3,2,34,6,-1,-1,-1,-1,5,1,E01031671,0
Unvalidated,2024471413030,2024,471413030,3,9,0,18,3,7,0,1,0,0,0,0,1,1,6,2,35,6,-1,-1,-1,-1,3,1,E01031548,0
Unvalidated,2024471413081,2024,471413081,1,9,0,5,1,5,0,6,0,0,0,0,0,1,6,1,43,7,-1,-1,-1,-1,4,1,E01031596,0
Unvalidated,2024471413081,2024,471413081,2,3,0,18,3,7,0,1,0,0,0,0,4,1,2,1,42,7,-1,-1,-1,-1,7,1,E01021018,0
Unvalidated,2024471413196,2024,471413196,1,19,0,2,0,0,0,2,0,0,0,0,0,1,6,3,-1,-1,-1,-1,-1,-1,-1,-1,-1,0
Unvalidated,2024471413196,2024,471413196,2,9,-1,1,4,-1,0,1,0,0,0,0,2,1,6,2,-1,-1,-1,-1,-1,-1,-1,-1,-1,0
Unvalidated,2024471413308,2024,471413308,1,9,0,13,7,2,0,0,0,0,0,0,1,1,6,3,-1,-1,-1,-1,-1,-1,-1,-1,-1,0
Unvalidated,2024471413308,2024,471413308,2,9,0,17,2,7,0,0,0,0,0,0,2,1,6,1,-1,-1,-1,-1,-1,-1,5,3,E01031611,0
Unvalidated,2024471413308,2024,471413308,3,9,0,3,2,7,0,0,0,0,0,0,2,1,6,1,19,4,-1,-1,-1,-1,9,2,E01031615,0
Unvalidated,2024471413308,2024,471413308,4,9,0,17,2,7,0,0,0,0,0,0,1,1,6,1,-1,-1,-1,-1,-1,-1,4,1,E01031549,0
Unvalidated,2024471413308,2024,471413308,5,9,0,17,2,7,0,0,0,0,0,0,1,1,5,2,-1,-1,-1,-1,-1,-1,10,1,E01031644,0
Unvalidated,2024471413414,2024,471413414,1,9,0,18,8,4,0,0,2,0,7,11,1,1,3,1,45,7,-1,-1,-1,-1,10,1,E01031729,0
Unvalidated,2024471413478,2024,471413478,1,9,0,18,3,8,0,2,1,0,7,3,1,1,6,1,32,6,-1,-1,-1,-1,2,1,E01031341,0
Unvalidated,2024471413493,2024,471413493,1,9,0,7,1,3,0,2,0,0,0,0,2,1,5,2,20,4,-1,-1,-1,-1,8,1,E01016888,0
Unvalidated,2024471413493,2024,471413493,2,9,0,18,7,3,0,2,0,0,0,0,1,1,5,1,17,4,-1,-1,-1,-1,4,1,E01016925,0
Unvalidated,2024471413504,2024,471413504,1,9,0,18,5,1,0,0,0,0,0,0,1,1,6,2,27,6,-1,-1,-1,-1,4,1,E01021224,0
Unvalidated,2024471413504,2024,471413504,2,9,0,4,5,1,0,0,0,0,0,0,2,1,5,2,36,7,-1,-1,-1,-1,-1,-1,-1,0
Unvalidated,2024471413516,2024,471413516,1,9,0,15,7,3,0,1,0,4,0,0,1,1,2,1,55,8,-1,-1,-1,-1,8,1,E01030602,0
Unvalidated,2024471413516,2024,471413516,2,9,0,2,0,0,0,1,0,0,0,0,2,1,6,3,-1,-1,-1,-1,-1,-1,-1,-1,-1,0
Unvalidated,2024471413592,2024,471413592,1,19,0,17,5,1,0,2,0,0,0,0,3,1,1,1,55,8,-1,-1,-1,-1,4,1,E01000976,0
Unvalidated,2024471413592,2024,471413592,2,1,0,18,1,5,0,1,0,0,0,0,1,1,6,1,30,6,-1,-1,-1,-1,1,1,E01016866,0
Unvalidated,2024471413604,2024,471413604,1,9,0,4,4,8,0,0,0,0,0,0,1,1,5,2,76,11,-1,-1,-1,-1,3,1,E01031609,0
Unvalidated,2024471413617,2024,471413617,1,9,0,18,6,4,0,1,0,0,0,0,1,1,6,2,59,9,-1,-1,-1,-1,9,1,E01031730,0
Unvalidated,2024471413644,2024,471413644,1,9,0,4,-1,-1,99,0,0,0,0,0,3,1,5,1,17,4,-1,-1,-1,-1,3,1,E01021137,0
Unvalidated,2024471413644,2024,471413644,2,9,0,14,-1,-1,99,0,1,0,0,0,3,1,6,2,-1,-1,-1,-1,-1,-1,-1,-1,-1,0
Unvalidated,2024471413657,2024,471413657,1,9,0,5,3,1,0,6,0,0,0,0,3,1,5,2,80,11,-1,-1,-1,-1,7,1,E01016897,0
Unvalidated,2024471413657,2024,471413657,2,97,0,13,1,5,0,1,5,0,0,0,4,1,5,2,32,6,-1,-1,-1,-1,3,1,E01016852,0
Unvalidated,2024471413657,2024,471413657,3,9,-1,9,1,3,0,8,0,0,0,0,0,1,6,3,-1,-1,-1,-1,-1,-1,-1,-1,-1,0
Unvalidated,2024471413659,2024,471413659,1,1,0,18,5,1,0,1,0,0,0,0,0,1,2,2,45,7,-1,-1,-1,-1,4,1,E01031434,0
Unvalidated,2024471413659,2024,471413659,2,9,0,9,5,7,0,8,0,0,0,0,0,1,6,1,59,9,-1,-1,-1,-1,1,2,E01031454,0
Unvalidated,2024471413664,2024,471413664,1,9,0,4,2,6,0,0,0,0,0,0,1,1,1,1,38,7,-1,-1,-1,-1,5,1,E01021195,0
Unvalidated,2024471413664,2024,471413664,2,9,0,4,2,6,0,0,0,0,0,0,0,1,1,2,37,7,-1,-1,-1,-1,8,1,E01021174,0