status,collision_index,collision_year,collision_reference,vehicle_reference,vehicle_type,towing_and_articulation,vehicle_manoeuvre,vehicle_direction_from,vehicle_direction_to,vehicle_location_restricted_lane,junction_location,skidding_and_overturning,hit_object_in_carriageway,vehicle_leaving_carriageway,hit_object_off_carriageway,first_point_of_impact,vehicle_left_hand_drive,journey_purpose_of_driver,sex_of_driver,age_of_driver,age_band_of_driver,engine_capacity_cc,propulsion_code,age_of_vehicle,generic_make_model,driver_imd_decile,driver_home_area_type,lsoa_of_driver,escooter_flag
Unvalidated,2024471413672,2024,471413672,1,98,0,1,6,2,0,0,0,0,0,0,2,1,6,1,36,7,-1,-1,-1,-1,4,1,E01020927,0
Unvalidated,2024471413672,2024,471413672,2,3,0,3,2,6,0,0,0,0,0,0,1,1,6,1,47,8,-1,-1,-1,-1,7,1,E01020938,0
Unvalidated,2024471413736,2024,471413736,1,9,0,3,1,5,0,1,0,0,0,0,2,1,5,1,35,6,-1,-1,-1,-1,5,1,E01020956,0
Unvalidated,2024471413736,2024,471413736,2,9,0,18,1,5,0,1,0,0,0,0,1,1,6,1,-1,-1,-1,-1,-1,-1,8,1,E01020988,0
Unvalidated,2024471413798,2024,471413798,1,9,0,18,8,4,6,0,5,0,1,0,4,1,6,1,18,4,-1,-1,-1,-1,6,2,E01021193,0
Unvalidated,2024471413798,2024,471413798,2,19,0,2,0,0,6,0,0,0,0,0,1,1,6,3,-1,-1,-1,-1,-1,-1,-1,-1,-1,0
Unvalidated,2024471413803,2024,471413803,1,9,0,18,4,8,0,0,0,0,0,0,1,1,6,1,31,6,-1,-1,-1,-1,7,3,E01024809,0
Unvalidated,2024471413803,2024,471413803,2,9,0,2,0,0,0,0,0,0,0,0,3,1,6,3,-1,-1,-1,-1,-1,-1,-1,-1,-1,0
Unvalidated,2024471413913,2024,471413913,1,9,0,9,2,8,0,8,0,0,0,0,1,1,5,2,52,8,-1,-1,-1,-1,7,3,E01021142,0
Unvalidated,2024471413913,2024,471413913,2,9,0,18,6,2,0,8,0,7,0,0,3,1,6,2,65,9,-1,-1,-1,-1,5,1,E01021216,0
Unvalidated,2024471414006,2024,471414006,1,9,0,17,3,8,0,2,1,0,0,0,1,1,5,2,52,8,-1,-1,-1,-1,3,1,E01021050,0
Unvalidated,2024471414006,2024,471414006,2,1,0,18,8,3,0,1,0,0,0,0,1,1,5,1,50,8,-1,-1,-1,-1,7,1,E01004739,0
Unvalidated,2024471414015,2024,471414015,1,9,0,3,4,8,0,1,0,0,0,0,3,1,5,1,47,8,-1,-1,-1,-1,4,1,E01016855,0
Unvalidated,2024471414015,2024,471414015,2,9,0,9,8,7,0,8,0,0,0,0,1,1,6,1,50,8,-1,-1,-1,-1,6,1,E01021058,0
Unvalidated,2024471414105,2024,471414105,1,9,0,18,1,5,0,5,0,0,0,0,4,1,1,1,31,6,-1,-1,-1,-1,10,1,E01031824,0
Unvalidated,2024471414105,2024,471414105,2,1,0,18,1,5,0,5,0,0,1,0,3,1,2,2,28,6,-1,-1,-1,-1,5,1,E01031583,0
Unvalidated,2024471414113,2024,471414113,1,9,0,18,6,2,0,0,0,0,0,0,0,1,6,3,-1,-1,-1,-1,-1,-1,-1,-1,-1,0
Unvalidated,2024471414113,2024,471414113,2,9,0,18,6,2,0,0,0,0,0,0,2,1,1,1,28,6,-1,-1,-1,-1,4,1,E01021224,0
Unvalidated,2024471414113,2024,471414113,3,98,0,18,6,2,0,0,0,0,0,0,1,1,1,1,32,6,-1,-1,-1,-1,6,2,E01021133,0
Unvalidated,2024471414113,2024,471414113,4,98,0,18,6,2,0,0,0,0,0,0,1,1,1,1,45,7,-1,-1,-1,-1,5,1,E01002330,0
Unvalidated,2024471414244,2024,471414244,1,19,0,18,7,3,0,0,0,0,0,0,1,1,6,1,64,9,-1,-1,-1,-1,1,1,E01031427,0
Unvalidated,2024471414244,2024,471414244,2,9,0,18,7,3,0,0,0,0,1,1,2,1,6,1,75,10,-1,-1,-1,-1,5,1,E01016957,0
Unvalidated,2024471414244,2024,471414244,3,9,0,18,3,7,0,0,0,0,0,0,3,1,6,1,71,10,-1,-1,-1,-1,7,3,E01031632,0
Unvalidated,2024471414258,2024,471414258,1,98,0,18,2,6,0,0,0,0,1,4,1,1,1,1,57,9,-1,-1,-1,-1,9,1,E01031742,0
Unvalidated,2024471414258,2024,471414258,2,11,0,18,5,1,0,0,0,0,0,0,1,1,1,1,55,8,-1,-1,-1,-1,9,1,E01031670,0
Unvalidated,2024471414275,2024,471414275,1,9,0,7,3,5,0,1,0,0,0,0,1,1,1,2,50,8,-1,-1,-1,-1,5,3,E01021195,0
Unvalidated,2024471414275,2024,471414275,2,19,0,9,5,7,0,6,0,0,0,0,3,1,1,1,28,6,-1,-1,-1,-1,2,1,E01020925,0
Unvalidated,2024471414277,2024,471414277,1,19,0,18,8,4,0,1,0,0,0,0,2,1,6,1,47,8,-1,-1,-1,-1,10,1,E01031773,0
Unvalidated,2024471414277,2024,471414277,2,19,0,18,4,8,0,1,0,0,0,0,1,1,6,1,72,10,-1,-1,-1,-1,9,1,E01031751,0
Unvalidated,2024471414306,2024,471414306,1,9,0,18,3,7,0,1,0,0,0,0,1,1,2,1,49,8,-1,-1,-1,-1,4,1,E01016882,0
Unvalidated,2024471414343,2024,471414343,1,9,0,18,5,1,0,0,0,0,0,0,1,1,2,2,29,6,-1,-1,-1,-1,4,1,E01021177,0
Unvalidated,2024471414493,2024,471414493,1,5,0,17,7,3,0,0,1,0,0,0,0,1,2,1,52,8,-1,-1,-1,-1,5,3,E01031426,0
Unvalidated,2024471414634,2024,471414634,1,9,0,12,5,6,0,3,0,0,0,0,1,1,3,2,28,6,-1,-1,-1,-1,6,3,E01031513,0
Unvalidated,2024471414634,2024,471414634,2,9,0,18,5,6,0,3,0,0,0,0,1,1,5,2,40,7,-1,-1,-1,-1,7,1,E01031421,0
Unvalidated,2024471414721,2024,471414721,1,9,0,16,1,4,0,0,2,0,0,0,1,1,2,2,28,6,-1,-1,-1,-1,6,3,E01021188,0
Unvalidated,2024471414766,2024,471414766,1,98,0,18,5,1,0,0,1,11,0,0,1,1,1,1,51,8,-1,-1,-1,-1,9,1,E01031756,0
Unvalidated,2024471414792,2024,471414792,1,20,0,13,6,2,0,0,0,0,0,0,2,1,1,1,54,8,-1,-1,-1,-1,5,1,E01031605,0
Unvalidated,2024471414943,2024,471414943,1,9,0,18,-1,-1,0,1,0,0,0,0,1,1,3,2,51,8,-1,-1,-1,-1,6,1,E01031402,0
Unvalidated,2024471414943,2024,471414943,2,1,-1,18,2,6,0,8,0,0,0,0,1,1,6,2,11,3,-1,-1,-1,-1,5,1,E01031442,0
Unvalidated,2024471414943,2024,471414943,3,98,-1,9,-1,-1,0,-1,0,0,0,0,0,1,6,3,-1,-1,-1,-1,-1,-1,-1,-1,-1,0
Unvalidated,2024471415121,2024,471415121,1,9,0,5,1,5,0,4,0,0,0,0,1,1,6,1,-1,-1,-1,-1,-1,-1,3,1,E01031350,0
Unvalidated,2024471415121,2024,471415121,2,1,0,9,7,5,0,8,0,0,0,0,3,1,6,1,31,6,-1,-1,-1,-1,4,3,E01031386,0
Unvalidated,2024471415166,2024,471415166,1,9,0,9,1,3,0,2,0,0,0,0,1,1,6,2,34,6,-1,-1,-1,-1,6,1,E01031468,0
Unvalidated,2024471415166,2024,471415166,2,9,0,9,1,3,0,2,0,0,0,0,2,1,6,1,73,10,-1,-1,-1,-1,4,1,E01031434,0
Unvalidated,2024471415203,2024,471415203,1,9,0,9,3,1,0,8,0,0,0,0,1,1,5,1,40,7,-1,-1,-1,-1,8,1,E01017002,0
Unvalidated,2024471415237,2024,471415237,1,8,0,18,1,5,0,8,0,0,0,0,1,1,1,1,55,8,-1,-1,-1,-1,5,1,E01016884,0
Unvalidated,2024471415237,2024,471415237,2,3,0,18,7,3,0,8,1,0,0,0,1,1,1,1,28,6,-1,-1,-1,-1,5,1,E01016884,0
Unvalidated,2024471415249,2024,471415249,1,9,0,18,3,7,0,1,0,0,3,4,1,1,5,1,19,4,-1,-1,-1,-1,3,1,E01022904,0
Unvalidated,2024471415437,2024,471415437,1,9,0,18,3,7,0,0,0,0,0,0,1,1,1,1,51,8,-1,-1,-1,-1,9,1,E01020948,0
Unvalidated,2024471415437,2024,471415437,2,9,0,18,7,3,0,0,0,0,1,0,1,1,5,1,29,6,-1,-1,-1,-1,10,3,E01030590,0
Unvalidated,2024471415468,2024,471415468,1,9,0,18,7,3,0,0,0,0,0,0,3,1,5,2,36,7,-1,-1,-1,-1,5,1,E01031605,0
Unvalidated,2024471415491,2024,471415491,1,9,0,9,7,5,0,6,0,0,0,0,1,1,6,1,67,10,-1,-1,-1,-1,8,1,E01024055,0
Unvalidated,2024471415491,2024,471415491,2,9,0,9,1,7,0,5,0,0,0,0,3,1,5,2,25,5,-1,-1,-1,-1,1,1,E01004257,0
Unvalidated,2024471415548,2024,471415548,1,19,0,18,3,7,0,0,0,0,0,0,1,1,2,1,49,8,-1,-1,-1,-1,5,3,E01031771,0
Unvalidated,2024471415548,2024,471415548,2,9,0,11,3,7,0,0,0,0,0,0,1,1,6,2,37,7,-1,-1,-1,-1,6,2,E01031643,0
Unvalidated,2024471415565,2024,471415565,1,9,0,18,5,1,0,0,0,0,0,0,3,1,5,1,68,10,-1,-1,-1,-1,7,3,E01021022,0
Unvalidated,2024471415565,2024,471415565,2,9,0,18,1,5,0,0,1,0,7,0,3,1,2,1,34,6,-1,-1,-1,-1,4,1,E01033329,0
Unvalidated,2024471415572,2024,471415572,1,3,0,3,3,7,0,1,0,0,0,0,1,1,1,2,33,6,-1,-1,-1,-1,5,1,E01016963,0
Unvalidated,2024471415572,2024,471415572,2,9,0,1,3,8,0,1,0,0,0,0,2,1,6,1,55,8,-1,-1,-1,-1,4,1,E01016973,0
Unvalidated,2024471415576,2024,471415576,1,9,0,16,8,3,0,1,0,0,0,0,1,1,1,2,37,7,-1,-1,-1,-1,10,2,E01031641,0
Unvalidated,2024471415576,2024,471415576,2,9,0,17,3,8,0,1,1,0,0,0,1,1,1,1,64,9,-1,-1,-1,-1,6,1,E01031712,0
Unvalidated,2024471415610,2024,471415610,1,9,0,18,1,5,0,0,0,7,0,0,3,1,5,1,69,10,-1,-1,-1,-1,6,2,E01031643,0
Unvalidated,2024471415617,2024,471415617,1,4,0,18,1,3,0,0,1,0,0,0,3,1,5,2,20,4,-1,-1,-1,-1,-1,-1,-1,0
Unvalidated,2024471415949,2024,471415949,1,19,0,18,6,2,0,0,0,0,0,0,1,1,1,1,52,8,-1,-1,-1,-1,4,1,E01031573,0
Unvalidated,2024471415949,2024,471415949,2,9,0,3,6,2,0,0,0,0,0,0,2,1,1,2,56,9,-1,-1,-1,-1,7,1,E01031566,0
Unvalidated,2024471415998,2024,471415998,1,3,0,9,5,3,0,6,0,0,0,0,4,1,5,1,30,6,-1,-1,-1,-1,1,1,E01016865,0
Unvalidated,2024471415998,2024,471415998,2,9,0,18,7,3,0,8,0,0,0,0,1,1,5,2,47,8,-1,-1,-1,-1,8,1,E01016992,0
Unvalidated,2024471416023,2024,471416023,1,19,0,13,8,4,0,0,0,0,0,0,0,2,1,1,55,8,-1,-1,-1,-1,9,1,E01021153,0
Unvalidated,2024471416023,2024,471416023,2,90,4,18,8,4,0,0,0,0,0,0,0,1,6,2,67,10,-1,-1,-1,-1,7,1,E01031375,0
Unvalidated,2024471416027,2024,471416027,1,9,0,18,7,3,0,0,1,0,0,0,2,1,6,1,52,8,-1,-1,-1,-1,9,1,E01031742,0
Unvalidated,2024471416027,2024,471416027,2,9,0,18,7,3,0,0,1,0,1,0,1,1,6,1,26,6,-1,-1,-1,-1,4,1,E01005632,0
Unvalidated,2024471416027,2024,471416027,3,9,0,18,7,3,0,0,1,0,0,0,2,1,6,2,27,6,-1,-1,-1,-1,10,1,E01021242,0
Unvalidated,2024471416027,2024,471416027,4,9,0,18,7,3,0,0,0,0,0,0,1,1,2,1,34,6,-1,-1,-1,-1,7,1,E01024732,0
Unvalidated,2024471416027,2024,471416027,5,9,0,18,7,3,0,0,1,0,0,0,1,1,5,2,47,8,-1,-1,-1,-1,4,1,E01001939,0
Unvalidated,2024471416027,2024,471416027,6,9,0,18,7,3,0,0,1,0,0,0,2,1,6,2,49,8,-1,-1,-1,-1,5,1,E01003359,0
Unvalidated,2024471416027,2024,471416027,7,19,0,18,7,3,0,0,1,0,0,0,3,1,5,1,29,6,-1,-1,-1,-1,10,2,E01031720,0
Unvalidated,2024471416027,2024,471416027,8,9,0,18,7,3,0,0,1,0,0,0,2,1,6,1,55,8,-1,-1,-1,-1,10,1,E01024464,0
Unvalidated,2024471416027,2024,471416027,9,9,0,18,7,3,0,0,1,0,0,0,1,1,6,2,25,5,-1,-1,-1,-1,4,1,E01031834,0
Unvalidated,2024471416027,2024,471416027,10,9,0,18,7,3,0,0,1,0,0,0,1,1,6,1,24,5,-1,-1,-1,-1,7,3,E01030864,0
Unvalidated,2024471416027,2024,471416027,11,9,0,2,0,0,6,0,0,0,0,0,0,1,6,3,-1,-1,-1,-1,-1,-1,-1,-1,-1,0
Unvalidated,2024471416027,2024,471416027,12,9,0,18,7,3,0,0,1,0,0,0,1,1,6,2,46,8,-1,-1,-1,-1,10,1,E01000757,0
Unvalidated,2024471416027,2024,471416027,13,9,0,18,7,3,0,0,1,0,0,0,2,1,6,2,27,6,-1,-1,-1,-1,6,1,E01030842,0
Unvalidated,2024471416027,2024,471416027,14,9,0,18,7,3,0,0,1,0,0,0,2,1,6,2,59,9,-1,-1,-1,-1,4,1,E01023951,0
Unvalidated,2024471416027,2024,471416027,15,9,0,18,5,1,0,0,1,0,0,0,1,1,6,2,52,8,-1,-1,-1,-1,10,1,E01021210,0
Unvalidated,2024471416027,2024,471416027,16,9,0,18,7,3,0,0,1,0,0,0,1,1,6,2,44,7,-1,-1,-1,-1,9,1,E01001123,0
Unvalidated,2024471416027,2024,471416027,17,10,0,18,7,3,0,0,5,0,1,0,1,1,6,1,39,7,-1,-1,-1,-1,3,1,E01002407,0
Unvalidated,2024471416027,2024,471416027,18,9,0,18,7,3,0,0,1,0,0,0,1,1,6,2,18,4,-1,-1,-1,-1,10,1,E01031823,0
Unvalidated,2024471416027,2024,471416027,19,9,0,18,7,3,0,0,1,0,0,0,3,1,6,1,29,6,-1,-1,-1,-1,-1,-1,-1,0
Unvalidated,2024471416027,2024,471416027,20,19,0,18,7,3,0,0,1,0,0,0,2,1,1,1,58,9,-1,-1,-1,-1,8,1,E01006130,0
Unvalidated,2024471416027,2024,471416027,21,90,1,18,7,3,0,0,1,0,0,0,3,1,1,1,30,6,-1,-1,-1,-1,5,1,E01016642,0
Unvalidated,2024471416027,2024,471416027,22,9,0,18,7,3,0,0,1,0,0,0,1,1,6,1,49,8,-1,-1,-1,-1,5,1,E01003700,0
Unvalidated,2024471416027,2024,471416027,23,19,0,18,7,3,0,0,1,0,0,0,1,1,6,1,26,6,-1,-1,-1,-1,8,1,E01024763,0
Unvalidated,2024471416027,2024,471416027,24,19,0,18,7,3,0,0,1,0,0,0,1,1,6,1,43,7,-1,-1,-1,-1,4,1,E01001179,0
Unvalidated,2024471416027,2024,471416027,25,9,0,18,7,3,0,0,0,1,0,0,4,1,5,1,80,11,-1,-1,-1,-1,7,3,E01030832,0
Unvalidated,2024471416028,2024,471416028,1,9,0,18,7,3,0,0,0,0,1,0,1,1,5,1,25,5,-1,-1,-1,-1,10,1,E01031828,0
Unvalidated,2024471416028,2024,471416028,2,9,0,18,7,3,0,0,0,0,1,0,2,1,5,1,51,8,-1,-1,-1,-1,9,1,E01033234,0
Unvalidated,2024471416048,2024,471416048,1,9,0,-1,-1,-1,0,8,0,0,0,0,-1,1,6,3,-1,-1,-1,-1,-1,-1,-1,-1,-1,0
Unvalidated,2024471416103,2024,471416103,1,9,0,1,1,5,0,0,0,0,0,0,2,1,5,2,57,9,-1,-1,-1,-1,10,2,E01031718,0
Unvalidated,2024471416154,2024,471416154,1,9,0,18,1,5,0,0,0,8,0,0,4,1,6,2,49,8,-1,-1,-1,-1,9,1,E01030823,0
Unvalidated,2024471416154,2024,471416154,2,9,0,2,0,0,0,0,0,0,0,0,4,1,6,3,-1,-1,-1,-1,-1,-1,-1,-1,-1,0
Unvalidated,2024471416209,2024,471416209,1,9,0,1,6,2,0,1,0,0,2,11,2,1,5,2,85,11,-1,-1,-1,-1,7,3,E01031508,0
Unvalidated,2024471416209,2024,471416209,2,9,0,2,0,0,0,1,0,0,1,0,1,1,6,3,-1,-1,-1,-1,-1,-1,-1,-1,-1,0
Unvalidated,2024471416216,2024,471416216,1,9,0,5,5,4,0,0,0,0,0,0,1,1,2,2,63,9,-1,-1,-1,-1,7,2,E01031525,0
Unvalidated,2024471416251,2024,471416251,1,9,0,18,1,5,0,0,1,0,1,4,3,1,5,2,44,7,-1,-1,-1,-1,7,1,E01021160,0
Unvalidated,2024471416254,2024,471416254,1,9,0,18,7,3,0,1,0,0,0,0,1,1,5,2,87,11,-1,-1,-1,-1,4,1,E01020919,0
Unvalidated,2024471416254,2024,471416254,2,9,0,2,0,0,0,1,0,0,0,0,4,1,6,3,-1,-1,-1,-1,-1,-1,-1,-1,-1,0
Unvalidated,2024471416273,2024,471416273,1,97,0,4,7,3,0,0,5,0,0,0,0,1,5,1,50,8,-1,-1,-1,-1,3,1,E01016922,0
Unvalidated,2024471416303,2024,471416303,1,9,0,5,3,6,0,3,0,0,0,0,1,1,5,1,54,8,-1,-1,-1,-1,3,1,E01021037,0
Unvalidated,2024471416303,2024,471416303,2,9,0,5,3,7,0,3,0,0,0,0,2,1,5,2,46,8,-1,-1,-1,-1,6,1,E01021034,0
Unvalidated,2024471416303,2024,471416303,3,19,0,5,3,6,0,3,0,0,0,0,2,1,5,1,53,8,-1,-1,-1,-1,8,1,E01021129,0
Unvalidated,2024471416351,2024,471416351,1,9,0,18,7,2,0,1,0,9,7,2,3,1,6,1,35,6,-1,-1,-1,-1,4,3,E01031386,0
Unvalidated,2024471416366,2024,471416366,1,9,0,18,5,1,0,4,1,9,1,1,1,1,6,1,70,10,-1,-1,-1,-1,5,3,E01031771,0
Unvalidated,2024471416490,2024,471416490,1,9,0,18,3,7,9,2,0,0,1,4,1,1,6,1,53,8,-1,-1,-1,-1,4,1,E01031562,0
Unvalidated,2024471416491,2024,471416491,1,9,0,16,5,1,9,0,1,0,1,7,1,1,5,1,52,8,-1,-1,-1,-1,7,1,E01021108,0
Unvalidated,2024471416516,2024,471416516,1,19,0,18,5,1,0,0,0,11,0,0,4,1,5,1,52,8,-1,-1,-1,-1,7,3,E01031633,0
Unvalidated,2024471416516,2024,471416516,2,19,0,2,5,1,0,0,1,0,0,0,3,1,6,1,31,6,-1,-1,-1,-1,6,3,E01030524,0
Unvalidated,2024471416516,2024,471416516,3,9,0,2,5,1,0,0,1,0,0,0,2,1,6,3,-1,-1,-1,-1,-1,-1,-1,-1,-1,0
Unvalidated,2024471416539,2024,471416539,1,9,0,18,3,7,0,8,0,0,2,4,1,1,6,1,68,10,-1,-1,-1,-1,9,3,E01031497,0
Unvalidated,2024471416560,2024,471416560,1,9,0,7,3,7,0,0,0,4,0,0,1,1,6,1,20,4,-1,-1,-1,-1,6,1,E01004626,0
Unvalidated,2024471416560,2024,471416560,2,9,0,2,0,0,0,0,0,0,0,0,2,1,6,3,-1,-1,-1,-1,-1,-1,-1,-1,-1,0
Unvalidated,2024471416560,2024,471416560,3,19,0,2,0,0,0,0,0,0,0,0,2,1,6,3,-1,-1,-1,-1,-1,-1,-1,-1,-1,0
Unvalidated,2024471416561,2024,471416561,1,98,0,4,7,3,9,1,0,0,0,0,1,2,2,1,67,10,-1,-1,-1,-1,6,1,E01016953,0
Unvalidated,2024471416587,2024,471416587,1,9,0,18,5,1,0,4,0,0,0,0,1,1,5,2,44,7,-1,-1,-1,-1,7,1,E01031782,0
Unvalidated,2024471416587,2024,471416587,2,9,0,7,3,1,0,4,0,0,0,0,4,1,5,1,18,4,-1,-1,-1,-1,5,2,E01022603,0
Unvalidated,2024471416594,2024,471416594,1,5,0,18,3,7,0,2,0,0,0,0,1,1,6,3,-1,-1,-1,-1,-1,-1,-1,-1,-1,0
Unvalidated,2024471416594,2024,471416594,2,9,0,18,2,6,0,2,0,0,0,0,3,1,5,2,52,8,-1,-1,-1,-1,6,1,E01021087,0
Unvalidated,2024471416595,2024,471416595,1,9,0,18,2,5,0,0,1,0,0,0,4,1,5,1,18,4,-1,-1,-1,-1,5,3,E01021096,0
Unvalidated,2024471416595,2024,471416595,2,9,0,18,2,5,0,0,0,0,0,0,0,1,6,1,18,4,-1,-1,-1,-1,-1,1,-1,0
Unvalidated,2024471416595,2024,471416595,3,9,0,18,2,5,0,0,0,0,0,0,0,1,6,1,18,4,-1,-1,-1,-1,5,3,E01021084,0
Unvalidated,2024471416598,2024,471416598,1,9,0,16,7,3,0,1,1,10,0,0,1,1,6,3,-1,-1,-1,-1,-1,-1,-1,-1,-1,0
Unvalidated,2024471416617,2024,471416617,1,97,0,7,1,3,0,8,0,0,0,0,4,1,5,2,51,8,-1,-1,-1,-1,3,1,E01016921,0
Unvalidated,2024471416647,2024,471416647,1,9,0,18,6,2,0,0,0,0,0,0,1,1,6,2,22,5,-1,-1,-1,-1,9,1,E01024835,0
Unvalidated,2024471416647,2024,471416647,2,9,0,18,2,6,0,0,0,0,0,0,1,1,6,1,20,4,-1,-1,-1,-1,10,1,E01021162,0
Unvalidated,2024471416647,2024,471416647,3,9,0,18,2,6,0,0,0,0,0,0,1,1,6,1,24,5,-1,-1,-1,-1,9,1,E01021161,0
Unvalidated,2024471416775,2024,471416775,1,9,0,3,2,6,0,0,0,0,0,0,4,1,6,1,83,11,-1,-1,-1,-1,2,1,E01021179,0
Unvalidated,2024471416775,2024,471416775,2,9,0,3,2,6,0,0,0,0,0,0,3,1,5,2,31,6,-1,-1,-1,-1,2,1,E01021179,0
Unvalidated,2024471416975,2024,471416975,1,9,0,18,7,3,0,8,0,0,0,0,1,1,5,1,49,8,-1,-1,-1,-1,1,1,E01016885,0
Unvalidated,2024471416975,2024,471416975,2,9,0,5,5,1,0,6,0,0,0,0,4,1,2,2,26,6,-1,-1,-1,-1,5,1,E01016853,0
Unvalidated,2024471417003,2024,471417003,1,20,0,2,0,0,0,1,0,0,0,0,0,1,6,3,-1,-1,-1,-1,-1,-1,-1,-1,-1,0
Unvalidated,2024471417003,2024,471417003,2,9,0,18,1,5,0,1,0,0,0,0,1,1,2,1,57,9,-1,-1,-1,-1,4,1,E01016898,0
Unvalidated,2024471417003,2024,471417003,3,9,0,2,3,7,0,1,0,0,0,0,0,1,6,3,-1,-1,-1,-1,-1,-1,-1,-1,-1,0
Unvalidated,2024471417003,2024,471417003,4,9,0,18,1,5,0,1,0,0,0,0,0,1,6,3,-1,-1,-1,-1,-1,-1,-1,-1,-1,0
Unvalidated,2024471417003,2024,471417003,5,9,0,4,1,5,0,1,0,0,0,0,0,1,6,3,-1,-1,-1,-1,-1,-1,-1,-1,-1,0
Unvalidated,2024471417015,2024,471417015,1,9,0,18,4,8,0,0,0,0,0,0,1,1,6,2,30,6,-1,-1,-1,-1,6,1,E01021070,0
Unvalidated,2024471417015,2024,471417015,2,9,0,18,2,4,0,0,0,0,0,0,2,1,6,2,47,8,-1,-1,-1,-1,6,2,E01021118,0
Unvalidated,2024471417015,2024,471417015,3,9,0,18,2,4,0,0,0,0,0,0,4,1,6,1,64,9,-1,-1,-1,-1,9,1,E01021124,0
Unvalidated,2024471417024,2024,471417024,1,9,0,12,3,7,0,0,0,0,0,0,2,1,6,2,59,9,-1,-1,-1,-1,3,1,E01016858,0
Unvalidated,2024471417024,2024,471417024,2,9,0,18,3,7,0,0,0,0,0,0,1,1,5,2,23,5,-1,-1,-1,-1,6,2,E01021145,0
Unvalidated,2024471417024,2024,471417024,3,9,0,4,3,7,0,0,0,0,0,0,2,1,5,1,35,6,-1,-1,-1,-1,8,1,E01016928,0
Unvalidated,2024471417024,2024,471417024,4,9,0,18,3,7,0,0,0,0,0,0,1,1,5,1,50,8,-1,-1,-1,-1,5,1,E01016877,0
Unvalidated,2024471417087,2024,471417087,1,9,0,18,3,8,0,1,0,0,0,0,1,1,4,2,20,4,-1,-1,-1,-1,7,1,E01016913,0
Unvalidated,2024471417087,2024,471417087,2,9,0,9,6,3,0,8,0,0,0,0,3,1,2,1,27,6,-1,-1,-1,-1,1,1,E01016964,0
Unvalidated,2024471417273,2024,471417273,1,9,0,9,3,1,0,8,0,0,0,0,4,1,6,2,46,8,-1,-1,-1,-1,9,1,E01016940,0
Unvalidated,2024471417273,2024,471417273,2,5,0,18,1,5,0,1,5,0,0,0,1,1,6,1,63,9,-1,-1,-1,-1,9,1,E01016999,0
Unvalidated,2024471417287,2024,471417287,1,9,0,12,5,1,0,0,1,0,1,0,3,1,2,1,19,4,-1,-1,-1,-1,7,1,E01021146,0
Unvalidated,2024471417287,2024,471417287,2,9,0,18,5,1,0,0,2,0,7,0,4,1,1,1,44,7,-1,-1,-1,-1,10,1,E01021228,0
Unvalidated,2024471417287,2024,471417287,3,9,-1,18,4,1,0,0,0,0,0,0,0,1,6,3,-1,-1,-1,-1,-1,-1,-1,-1,-1,0
Unvalidated,2024471417343,2024,471417343,1,9,0,9,7,5,0,1,0,0,0,0,3,1,6,2,-1,-1,-1,-1,-1,-1,7,1,E01031375,0
Unvalidated,2024471417361,2024,471417361,1,19,0,18,2,6,0,0,1,0,0,0,1,1,5,1,50,8,-1,-1,-1,-1,1,1,E01021136,0
Unvalidated,2024471417361,2024,471417361,2,9,0,4,2,6,0,0,0,0,0,0,2,1,2,2,38,7,-1,-1,-1,-1,4,1,E01021177,0
Unvalidated,2024471417361,2024,471417361,3,9,0,4,2,6,0,0,0,0,0,0,2,1,2,2,53,8,-1,-1,-1,-1,4,1,E01020997,0
Unvalidated,2024471417374,2024,471417374,1,9,0,13,4,8,0,0,0,0,1,11,2,1,1,2,53,8,-1,-1,-1,-1,5,3,E01021096,0
Unvalidated,2024471417374,2024,471417374,2,20,0,18,4,8,0,0,0,0,0,0,1,1,1,1,56,9,-1,-1,-1,-1,4,1,E01024002,0
Unvalidated,2024471417374,2024,471417374,3,98,0,18,8,4,0,0,0,0,0,0,0,1,6,3,-1,-1,-1,-1,-1,-1,-1,-1,-1,0
Unvalidated,2024471417398,2024,471417398,1,9,0,18,7,3,0,0,2,0,1,11,2,1,2,1,24,5,-1,-1,-1,-1,6,3,E01031692,0
Unvalidated,2024471417436,2024,471417436,1,98,0,5,2,6,0,1,0,0,0,0,-1,1,6,1,26,6,-1,-1,-1,-1,5,3,E01017615,0
Unvalidated,2024471417438,2024,471417438,1,9,0,4,1,5,0,1,0,0,0,0,1,1,5,2,41,7,-1,-1,-1,-1,8,3,E01021170,0
Unvalidated,2024471417438,2024,471417438,2,9,0,4,1,5,0,1,0,0,0,0,2,1,5,1,61,9,-1,-1,-1,-1,10,1,E01021227,0
Unvalidated,2024471417438,2024,471417438,3,9,0,3,5,1,0,1,0,0,0,0,2,1,5,2,29,6,-1,-1,-1,-1,10,1,E01021228,0
Unvalidated,2024471417629,2024,471417629,1,9,0,10,5,7,0,6,0,0,0,0,1,1,3,1,53,8,-1,-1,-1,-1,3,1,E01021016,0
Unvalidated,2024471417629,2024,471417629,2,9,0,18,7,3,0,1,0,0,0,0,1,1,3,1,43,7,-1,-1,-1,-1,6,1,E01021021,0
Unvalidated,2024471417648,2024,471417648,1,9,0,18,3,7,0,8,0,0,0,0,2,1,2,1,51,8,-1,-1,-1,-1,7,1,E01021212,0