status,collision_index,collision_year,collision_reference,vehicle_reference,vehicle_type,towing_and_articulation,vehicle_manoeuvre,vehicle_direction_from,vehicle_direction_to,vehicle_location_restricted_lane,junction_location,skidding_and_overturning,hit_object_in_carriageway,vehicle_leaving_carriageway,hit_object_off_carriageway,first_point_of_impact,vehicle_left_hand_drive,journey_purpose_of_driver,sex_of_driver,age_of_driver,age_band_of_driver,engine_capacity_cc,propulsion_code,age_of_vehicle,generic_make_model,driver_imd_decile,driver_home_area_type,lsoa_of_driver,escooter_flag
Unvalidated,2024471417648,2024,471417648,2,-1,-1,18,3,7,0,1,0,0,0,0,1,1,6,3,-1,-1,-1,-1,-1,-1,-1,-1,-1,0
Unvalidated,2024471417648,2024,471417648,3,-1,-1,18,3,7,0,1,0,0,0,0,0,1,6,3,-1,-1,-1,-1,-1,-1,-1,-1,-1,0
Unvalidated,2024471417648,2024,471417648,4,-1,-1,9,1,7,0,8,0,0,0,0,0,1,6,3,-1,-1,-1,-1,-1,-1,-1,-1,-1,0
Unvalidated,2024471417663,2024,471417663,1,9,0,9,5,3,0,1,0,0,0,0,4,1,5,2,39,7,-1,-1,-1,-1,8,3,E01031506,0
Unvalidated,2024471417663,2024,471417663,2,9,0,18,1,5,0,1,0,0,0,0,1,1,2,1,77,11,-1,-1,-1,-1,7,2,E01031539,0
Unvalidated,2024471417697,2024,471417697,1,9,0,4,7,3,9,0,0,0,0,0,1,1,5,1,96,11,-1,-1,-1,-1,6,2,E01031392,0
Unvalidated,2024471417697,2024,471417697,2,9,0,2,0,0,0,0,0,0,0,0,1,1,6,3,-1,-1,-1,-1,-1,-1,-1,-1,-1,0
Unvalidated,2024471417697,2024,471417697,3,9,0,2,0,0,0,0,0,4,0,0,1,1,6,3,-1,-1,-1,-1,-1,-1,-1,-1,-1,0
Unvalidated,2024471417697,2024,471417697,4,9,0,2,0,0,0,0,0,0,0,0,1,1,6,3,-1,-1,-1,-1,-1,-1,-1,-1,-1,0
Unvalidated,2024471417733,2024,471417733,1,9,0,18,6,2,0,0,0,0,0,0,1,1,6,2,88,11,-1,-1,-1,-1,8,2,E01021140,0
Unvalidated,2024471417733,2024,471417733,2,9,0,4,6,2,0,0,0,0,2,0,2,1,6,1,71,10,-1,-1,-1,-1,5,3,E01021114,0
Unvalidated,2024471417733,2024,471417733,3,9,0,4,6,2,0,0,0,0,0,0,2,1,5,1,46,8,-1,-1,-1,-1,7,1,E01011895,0
Unvalidated,2024471417902,2024,471417902,1,9,0,18,1,5,0,0,0,0,0,0,1,1,1,1,34,6,-1,-1,-1,-1,7,1,E01000993,0
Unvalidated,2024471417902,2024,471417902,2,98,0,3,1,5,0,0,0,0,0,0,2,1,1,1,43,7,-1,-1,-1,-1,7,1,E01030414,0
Unvalidated,2024471417902,2024,471417902,3,9,0,18,1,5,0,0,0,0,0,0,2,1,1,1,43,7,-1,-1,-1,-1,7,3,E01025941,0
Unvalidated,2024471418172,2024,471418172,1,9,0,9,1,7,0,8,0,0,0,0,1,1,5,1,78,11,-1,-1,-1,-1,1,1,E01021136,0
Unvalidated,2024471418172,2024,471418172,2,1,0,18,7,3,0,1,0,0,0,0,3,1,2,1,30,6,-1,-1,-1,-1,4,1,E01016872,0
Unvalidated,2024471418228,2024,471418228,1,9,0,9,1,7,0,8,0,0,0,0,4,2,5,2,75,10,-1,-1,-1,-1,10,1,E01031649,0
Unvalidated,2024471418228,2024,471418228,2,1,0,18,5,1,0,1,0,0,0,0,1,1,6,1,61,9,-1,-1,-1,-1,10,1,E01031646,0
Unvalidated,2024471418232,2024,471418232,1,9,0,18,1,5,0,8,0,0,0,0,1,2,6,1,69,10,-1,-1,-1,-1,4,1,E01031453,0
Unvalidated,2024471418232,2024,471418232,2,1,0,18,7,3,0,1,0,0,0,0,2,1,6,1,26,6,-1,-1,-1,-1,6,3,E01031516,0
Unvalidated,2024471418260,2024,471418260,1,9,0,8,1,5,0,1,0,0,0,0,1,1,5,2,49,8,-1,-1,-1,-1,6,3,E01031392,0
Unvalidated,2024471418260,2024,471418260,2,5,0,8,1,7,0,8,0,0,0,0,2,1,5,1,68,10,-1,-1,-1,-1,6,2,E01031392,0
Unvalidated,2024471418261,2024,471418261,1,9,0,18,5,1,0,0,0,0,0,0,1,1,5,1,31,6,-1,-1,-1,-1,3,1,E01030578,0
Unvalidated,2024471418261,2024,471418261,2,9,0,18,5,1,0,0,0,0,0,0,2,1,1,1,43,7,-1,-1,-1,-1,10,1,E01031734,0
Unvalidated,2024471418341,2024,471418341,1,11,0,5,3,7,8,1,0,0,0,0,0,1,5,1,48,8,-1,-1,-1,-1,8,1,E01016959,0
Unvalidated,2024471418342,2024,471418342,1,9,0,18,8,4,0,0,0,0,0,0,1,2,6,1,43,7,-1,-1,-1,-1,4,1,E01016857,0
Unvalidated,2024471418374,2024,471418374,1,9,0,4,6,2,0,0,0,0,0,0,2,1,6,1,27,6,-1,-1,-1,-1,6,1,E01031365,0
Unvalidated,2024471418374,2024,471418374,2,9,0,18,6,2,0,0,0,0,0,0,1,1,6,2,28,6,-1,-1,-1,-1,4,1,E01016882,0
Unvalidated,2024471418374,2024,471418374,3,9,0,18,6,2,0,0,0,0,0,0,1,1,6,2,23,5,-1,-1,-1,-1,6,1,E01031402,0
Unvalidated,2024471418374,2024,471418374,4,9,0,18,6,2,0,0,0,0,0,0,1,1,6,1,56,9,-1,-1,-1,-1,4,1,E01031799,0
Unvalidated,2024471418374,2024,471418374,5,9,0,4,6,2,0,0,0,0,0,0,0,1,6,1,-1,-1,-1,-1,-1,-1,-1,-1,-1,0
Unvalidated,2024471418495,2024,471418495,1,9,0,18,5,1,0,0,0,0,0,0,1,1,2,2,32,6,-1,-1,-1,-1,1,1,E01020989,0
Unvalidated,2024471418495,2024,471418495,2,98,0,18,5,1,0,0,0,0,0,0,2,1,1,1,53,8,-1,-1,-1,-1,7,1,E01024333,0
Unvalidated,2024471418541,2024,471418541,1,9,0,12,7,3,0,8,0,0,0,0,3,1,6,2,52,8,-1,-1,-1,-1,2,1,E01017011,0
Unvalidated,2024471418541,2024,471418541,2,97,0,13,3,7,0,1,0,0,0,0,1,1,5,1,18,4,-1,-1,-1,-1,4,1,E01021060,0
Unvalidated,2024471418563,2024,471418563,1,11,0,3,4,8,0,0,0,0,0,0,0,1,1,1,56,9,-1,-1,-1,-1,5,1,E01021064,0
Unvalidated,2024471418598,2024,471418598,1,90,0,18,7,3,0,0,0,0,0,0,0,1,5,1,13,3,-1,-1,-1,-1,3,1,E01021044,1
Unvalidated,2024471418607,2024,471418607,1,9,0,18,7,3,0,0,0,0,1,11,1,1,3,2,44,7,-1,-1,-1,-1,1,1,E01016885,0
Unvalidated,2024471418637,2024,471418637,1,9,0,18,7,3,0,8,0,0,0,0,4,1,1,2,30,6,-1,-1,-1,-1,2,1,E01031808,0
Unvalidated,2024471418637,2024,471418637,2,9,0,18,7,3,0,1,0,0,0,0,3,1,5,1,86,11,-1,-1,-1,-1,5,1,E01031376,0
Unvalidated,2024471418659,2024,471418659,1,9,0,18,3,7,0,0,5,0,7,0,1,1,6,1,19,4,-1,-1,-1,-1,6,3,E01031770,0
Unvalidated,2024471418691,2024,471418691,1,9,0,18,-1,-1,0,9,0,0,0,0,1,1,1,1,50,8,-1,-1,-1,-1,1,1,E01016024,0
Unvalidated,2024471418725,2024,471418725,1,9,0,18,6,2,0,2,0,0,0,0,1,1,5,2,75,10,-1,-1,-1,-1,9,1,E01021161,0
Unvalidated,2024471418725,2024,471418725,2,9,0,18,8,4,0,1,0,0,0,0,1,1,1,1,24,5,-1,-1,-1,-1,8,3,E01021171,0
Unvalidated,2024471418726,2024,471418726,1,9,0,18,4,7,0,0,0,0,0,0,1,1,5,1,43,7,-1,-1,-1,-1,9,3,E01021115,0
Unvalidated,2024471418726,2024,471418726,2,1,0,18,5,1,0,0,0,0,1,9,0,1,5,2,34,6,-1,-1,-1,-1,4,1,E01001756,0
Unvalidated,2024471418776,2024,471418776,1,9,0,18,6,2,0,0,0,0,4,4,1,1,2,2,20,4,-1,-1,-1,-1,4,1,E01003900,0
Unvalidated,2024471418776,2024,471418776,2,9,0,4,6,2,0,0,0,0,0,0,2,1,5,2,52,8,-1,-1,-1,-1,4,1,E01031598,0
Unvalidated,2024471418776,2024,471418776,3,9,0,3,6,2,0,0,0,0,0,0,2,1,5,2,59,9,-1,-1,-1,-1,3,1,E01016555,0
Unvalidated,2024471418802,2024,471418802,1,9,0,18,5,1,0,0,0,0,0,0,1,1,6,1,65,9,-1,-1,-1,-1,10,1,E01031715,0
Unvalidated,2024471418802,2024,471418802,2,9,0,4,5,1,0,0,0,0,0,0,2,1,5,1,41,7,-1,-1,-1,-1,10,1,E01031768,0
Unvalidated,2024471418829,2024,471418829,1,9,0,5,5,1,0,4,0,0,0,0,3,1,6,1,20,4,-1,-1,-1,-1,4,1,E01020927,0
Unvalidated,2024471418829,2024,471418829,2,9,0,5,5,1,0,3,0,0,0,0,3,1,5,2,59,9,-1,-1,-1,-1,6,1,E01015361,0
Unvalidated,2024471418834,2024,471418834,1,9,0,18,4,8,9,8,0,10,1,1,1,1,6,2,83,11,-1,-1,-1,-1,8,1,E01021233,0
Unvalidated,2024471418840,2024,471418840,1,9,0,17,3,8,1,0,2,0,0,0,3,1,5,1,33,6,-1,-1,-1,-1,7,1,E01021130,0
Unvalidated,2024471418847,2024,471418847,1,9,0,18,5,1,0,1,0,0,7,0,1,1,5,1,27,6,-1,-1,-1,-1,7,3,E01031722,0
Unvalidated,2024471418860,2024,471418860,1,9,0,3,7,3,0,0,1,0,0,0,2,1,2,1,43,7,-1,-1,-1,-1,3,1,E01021122,0
Unvalidated,2024471418860,2024,471418860,2,9,0,18,7,3,0,0,9,99,0,0,1,1,6,1,27,6,-1,-1,-1,-1,7,1,E01021018,0
Unvalidated,2024471418900,2024,471418900,1,9,0,7,7,1,0,1,0,0,0,0,1,1,6,1,-1,-1,-1,-1,-1,-1,-1,-1,-1,0
Unvalidated,2024471418936,2024,471418936,1,19,0,18,5,1,0,0,0,0,0,0,4,1,2,1,49,8,-1,-1,-1,-1,3,1,E01021178,0
Unvalidated,2024471418998,2024,471418998,1,9,0,18,8,4,0,1,0,0,0,0,1,1,5,1,31,6,-1,-1,-1,-1,8,1,E01031821,0
Unvalidated,2024471418998,2024,471418998,2,9,0,9,2,8,0,6,0,0,0,0,1,1,5,1,32,6,-1,-1,-1,-1,7,1,E01031813,0
Unvalidated,2024471419022,2024,471419022,1,9,0,18,1,6,0,0,5,10,2,10,1,1,5,1,17,4,-1,-1,-1,-1,10,2,E01031621,0
Unvalidated,2024471419061,2024,471419061,1,9,0,10,4,3,0,1,0,0,0,0,2,1,2,1,23,5,-1,-1,-1,-1,8,2,E01021055,0
Unvalidated,2024471419061,2024,471419061,2,9,0,4,4,3,0,1,0,0,0,0,1,1,6,3,-1,-1,-1,-1,-1,-1,-1,-1,-1,0
Unvalidated,2024471419126,2024,471419126,1,9,0,17,1,5,0,0,0,0,1,11,1,1,6,2,21,5,-1,-1,-1,-1,9,1,E01031489,0
Unvalidated,2024471419262,2024,471419262,1,9,0,8,5,1,0,1,0,0,0,0,1,1,1,2,28,6,-1,-1,-1,-1,6,3,E01031513,0
Unvalidated,2024471419262,2024,471419262,2,4,0,8,5,1,0,6,0,0,0,0,2,1,6,1,24,5,-1,-1,-1,-1,2,1,E01031450,0
Unvalidated,2024471419303,2024,471419303,1,9,0,4,2,6,0,0,0,0,0,0,2,1,5,2,45,7,-1,-1,-1,-1,5,1,E01031373,0
Unvalidated,2024471419303,2024,471419303,2,21,0,18,2,6,0,0,0,0,0,0,4,1,6,1,61,9,-1,-1,-1,-1,9,2,E01031685,0
Unvalidated,2024471419318,2024,471419318,1,9,0,18,8,4,0,1,0,0,0,0,1,1,6,1,-1,-1,-1,-1,-1,-1,6,3,E01031692,0
Unvalidated,2024471419374,2024,471419374,1,9,0,12,7,8,0,1,1,0,0,0,1,1,3,2,44,7,-1,-1,-1,-1,3,1,E01031569,0
Unvalidated,2024471419374,2024,471419374,2,9,0,18,8,2,0,1,1,0,0,0,4,1,5,1,36,7,-1,-1,-1,-1,4,1,E01031608,0
Unvalidated,2024471419448,2024,471419448,1,9,0,11,1,5,0,1,0,0,0,0,1,1,1,2,18,4,-1,-1,-1,-1,6,3,E01021099,0
Unvalidated,2024471419448,2024,471419448,2,98,0,3,8,5,0,1,0,0,0,0,2,1,1,1,40,7,-1,-1,-1,-1,2,1,E01021179,0
Unvalidated,2024471419595,2024,471419595,1,5,0,18,3,7,0,1,0,0,1,0,4,1,5,1,22,5,-1,-1,-1,-1,3,1,E01031830,0
Unvalidated,2024471419595,2024,471419595,2,9,0,9,1,7,0,6,0,0,0,0,4,1,6,2,55,8,-1,-1,-1,-1,6,1,E01031359,0
Unvalidated,2024471419602,2024,471419602,1,9,0,18,1,4,0,8,0,0,0,0,4,1,6,1,47,8,-1,-1,-1,-1,7,1,E01016883,0
Unvalidated,2024471419602,2024,471419602,2,8,0,4,2,1,0,1,0,0,0,0,1,1,1,1,50,8,-1,-1,-1,-1,3,1,E01016881,0
Unvalidated,2024471419605,2024,471419605,1,9,0,17,5,1,0,0,0,0,1,4,1,1,1,1,38,7,-1,-1,-1,-1,5,1,E01031574,0
Unvalidated,2024471419605,2024,471419605,2,9,0,18,5,1,0,0,0,0,0,0,4,1,5,2,60,9,-1,-1,-1,-1,10,1,E01031649,0
Unvalidated,2024471419605,2024,471419605,3,9,0,17,5,1,0,0,0,0,0,0,3,1,6,2,69,10,-1,-1,-1,-1,6,1,E01031688,0
Unvalidated,2024471420033,2024,471420033,1,19,0,18,7,3,0,0,0,4,0,0,1,1,6,2,39,7,-1,-1,-1,-1,7,1,E01025270,0
Unvalidated,2024471420033,2024,471420033,2,9,0,2,0,0,0,0,0,0,0,0,2,1,6,2,31,6,-1,-1,-1,-1,6,1,E01021066,0
Unvalidated,2024471420075,2024,471420075,1,9,0,4,3,7,0,1,0,0,0,0,3,1,6,2,58,9,-1,-1,-1,-1,10,1,E01031803,0
Unvalidated,2024471420236,2024,471420236,1,19,0,5,3,7,0,0,0,0,0,0,1,1,1,1,-1,-1,-1,-1,-1,-1,-1,-1,-1,0
Unvalidated,2024471420236,2024,471420236,2,9,0,18,1,5,0,0,0,0,0,0,4,1,2,2,38,7,-1,-1,-1,-1,7,1,E01031388,0
Unvalidated,2024471420257,2024,471420257,1,98,0,1,8,4,9,6,0,0,0,0,2,1,2,1,49,8,-1,-1,-1,-1,10,1,E01031367,0
Unvalidated,2024471420329,2024,471420329,1,9,0,1,8,4,0,1,0,0,0,0,2,1,1,1,56,9,-1,-1,-1,-1,10,1,E01031735,0
Unvalidated,2024471420329,2024,471420329,2,5,0,18,4,8,0,2,0,0,0,0,1,1,2,2,38,7,-1,-1,-1,-1,4,1,E01016890,0
Unvalidated,2024471420421,2024,471420421,1,9,0,3,6,2,99,1,9,99,0,0,2,1,5,1,34,6,-1,-1,-1,-1,7,1,E01031381,0
Unvalidated,2024471420421,2024,471420421,2,9,0,18,6,2,0,1,0,0,0,0,1,1,6,2,31,6,-1,-1,-1,-1,5,1,E01031442,0
Unvalidated,2024471420479,2024,471420479,1,9,0,5,4,1,0,2,0,0,0,0,3,1,5,1,74,10,-1,-1,-1,-1,7,1,E01031490,0
Unvalidated,2024471420479,2024,471420479,2,1,0,4,1,4,0,1,0,0,0,0,3,1,2,1,32,6,-1,-1,-1,-1,6,3,E01031529,0
Unvalidated,2024471420490,2024,471420490,1,9,0,6,3,3,0,8,0,0,0,0,4,1,6,1,55,8,-1,-1,-1,-1,2,1,E01027248,0
Unvalidated,2024471420490,2024,471420490,2,9,0,18,7,3,0,8,0,0,0,0,1,1,5,1,33,6,-1,-1,-1,-1,1,1,E01031404,0
Unvalidated,2024471420497,2024,471420497,1,9,0,18,7,3,-1,0,5,4,0,0,4,1,6,2,35,6,-1,-1,-1,-1,4,1,E01031836,0
Unvalidated,2024471420497,2024,471420497,2,9,0,2,0,0,0,0,0,0,0,0,4,1,6,3,-1,-1,-1,-1,-1,-1,-1,-1,-1,0
Unvalidated,2024471420541,2024,471420541,1,9,0,3,7,3,0,4,0,0,0,0,1,1,2,2,39,7,-1,-1,-1,-1,9,3,E01021023,0
Unvalidated,2024471420541,2024,471420541,2,9,0,9,3,1,0,3,0,0,0,0,1,1,5,1,31,6,-1,-1,-1,-1,9,1,E01031751,0
Unvalidated,2024471420563,2024,471420563,1,9,0,4,3,7,9,0,0,0,1,0,4,1,3,2,64,9,-1,-1,-1,-1,6,3,E01021105,0
Unvalidated,2024471420598,2024,471420598,1,9,0,18,-1,-1,0,1,0,0,0,0,1,1,6,3,-1,-1,-1,-1,-1,-1,-1,-1,-1,0
Unvalidated,2024471420733,2024,471420733,1,19,0,4,5,1,0,8,0,0,0,0,2,1,1,1,43,7,-1,-1,-1,-1,6,1,E01031342,0
Unvalidated,2024471420733,2024,471420733,2,19,0,18,5,1,0,4,0,0,0,0,1,1,6,1,-1,-1,-1,-1,-1,-1,-1,-1,-1,0
Unvalidated,2024471420807,2024,471420807,1,9,0,17,6,2,0,0,5,0,7,0,2,1,5,1,18,4,-1,-1,-1,-1,7,1,E01031490,0
Unvalidated,2024471420807,2024,471420807,2,9,0,16,2,6,0,0,0,0,0,0,1,1,2,1,60,9,-1,-1,-1,-1,4,1,E01031443,0
Unvalidated,2024471420818,2024,471420818,1,4,0,14,3,7,0,0,5,0,0,0,9,1,6,1,19,4,-1,-1,-1,-1,8,3,E01021134,0
Unvalidated,2024471420818,2024,471420818,2,9,0,9,3,1,0,0,0,0,0,0,3,1,5,2,30,6,-1,-1,-1,-1,-1,3,-1,0
Unvalidated,2024471420820,2024,471420820,1,1,0,15,7,3,4,0,0,11,0,0,1,1,5,1,48,8,-1,-1,-1,-1,5,1,E01016853,0
Unvalidated,2024471420834,2024,471420834,1,9,0,9,1,6,0,8,0,0,0,0,1,1,5,2,22,5,-1,-1,-1,-1,4,2,E01031522,0
Unvalidated,2024471420834,2024,471420834,2,9,0,18,5,1,0,8,0,0,0,0,1,1,1,1,63,9,-1,-1,-1,-1,6,2,E01031523,0
Unvalidated,2024471420834,2024,471420834,3,9,0,3,2,6,0,1,0,0,0,0,1,1,2,1,62,9,-1,-1,-1,-1,6,2,E01031523,0
Unvalidated,2024471420842,2024,471420842,1,8,0,5,3,7,6,2,0,0,0,0,1,1,5,1,28,6,-1,-1,-1,-1,5,1,E01016851,0
Unvalidated,2024471420842,2024,471420842,2,1,0,15,3,7,0,1,0,0,0,0,3,1,6,1,48,8,-1,-1,-1,-1,8,1,E01016995,0
Unvalidated,2024471420901,2024,471420901,1,1,0,18,1,5,0,1,5,0,0,0,1,1,2,2,40,7,-1,-1,-1,-1,9,1,E01031829,0
Unvalidated,2024471420901,2024,471420901,2,9,9,9,3,1,0,6,9,99,0,0,3,1,6,3,-1,-1,-1,-1,-1,-1,-1,-1,-1,0
Unvalidated,2024471421059,2024,471421059,1,9,0,18,7,3,0,1,0,0,0,0,3,1,2,2,23,5,-1,-1,-1,-1,6,1,E01016935,0
Unvalidated,2024471421059,2024,471421059,2,9,0,18,3,7,0,1,1,0,0,0,3,1,6,1,-1,-1,-1,-1,-1,-1,7,1,E01016913,0
Unvalidated,2024471421059,2024,471421059,3,9,0,9,1,7,0,6,0,0,0,0,1,1,6,1,46,8,-1,-1,-1,-1,7,1,E01017008,0
Unvalidated,2024471421121,2024,471421121,1,9,0,7,5,7,0,0,0,0,7,9,1,1,5,2,85,11,-1,-1,-1,-1,6,3,E01031529,0
Unvalidated,2024471421170,2024,471421170,1,9,0,18,3,7,0,0,0,0,1,11,4,1,6,1,37,7,-1,-1,-1,-1,9,1,E01031590,0
Unvalidated,2024471421183,2024,471421183,1,9,0,18,3,7,0,1,0,0,0,0,1,1,1,2,47,8,-1,-1,-1,-1,5,1,E01021074,0
Unvalidated,2024471421183,2024,471421183,2,9,0,9,4,2,0,8,0,0,3,0,2,1,5,2,61,9,-1,-1,-1,-1,5,1,E01020951,0
Unvalidated,2024471421192,2024,471421192,1,9,0,18,3,7,0,0,0,0,0,0,1,1,5,1,43,7,-1,-1,-1,-1,9,1,E01031463,0
Unvalidated,2024471421192,2024,471421192,2,9,0,2,0,0,0,0,0,0,0,0,2,1,6,3,-1,-1,-1,-1,-1,-1,-1,-1,-1,0
Unvalidated,2024471421199,2024,471421199,1,9,0,18,5,1,0,4,0,0,0,0,4,1,5,2,79,11,-1,-1,-1,-1,7,3,E01031660,0
Unvalidated,2024471421199,2024,471421199,2,9,0,7,3,7,0,3,0,0,0,0,4,1,2,2,52,8,-1,-1,-1,-1,10,2,E01031678,0
Unvalidated,2024471421201,2024,471421201,1,9,0,4,7,3,0,1,0,0,0,0,1,1,6,2,50,8,-1,-1,-1,-1,2,1,E01016993,0
Unvalidated,2024471421225,2024,471421225,1,9,0,18,3,7,0,0,0,0,0,0,1,1,6,2,27,6,-1,-1,-1,-1,4,1,E01021076,0
Unvalidated,2024471421240,2024,471421240,1,9,0,18,7,3,0,0,0,0,7,0,1,1,6,1,86,11,-1,-1,-1,-1,6,3,E01021145,0
Unvalidated,2024471421240,2024,471421240,2,9,0,18,3,7,0,0,0,0,0,0,1,1,1,1,54,8,-1,-1,-1,-1,9,2,E01021056,0
Unvalidated,2024471421241,2024,471421241,1,9,0,11,1,5,0,0,1,0,1,11,1,1,1,1,56,9,-1,-1,-1,-1,9,1,E01021225,0
Unvalidated,2024471421241,2024,471421241,2,98,-1,18,1,5,0,0,0,0,0,0,0,1,6,3,-1,-1,-1,-1,-1,-1,-1,-1,-1,0
Unvalidated,2024471421312,2024,471421312,1,9,0,18,3,7,9,1,0,0,0,0,1,1,5,2,35,6,-1,-1,-1,-1,1,1,E01031454,0
Unvalidated,2024471421313,2024,471421313,1,9,0,18,1,5,0,0,5,0,4,4,0,1,5,1,72,10,-1,-1,-1,-1,6,1,E01021066,0
Unvalidated,2024471421313,2024,471421313,2,9,0,-1,-1,-1,-1,0,-1,-1,-1,0,0,1,6,3,-1,-1,-1,-1,-1,-1,-1,-1,-1,0
Unvalidated,2024471421357,2024,471421357,1,9,0,18,7,3,0,0,0,0,0,0,4,1,6,1,37,7,-1,-1,-1,-1,5,1,E01031750,0
Unvalidated,2024471421357,2024,471421357,2,97,0,18,7,3,0,0,0,0,0,0,3,1,6,1,52,8,-1,-1,-1,-1,8,1,E01032835,0
Unvalidated,2024471421458,2024,471421458,1,9,0,18,4,8,0,1,0,0,0,0,1,1,6,1,49,8,-1,-1,-1,-1,1,1,E01020920,0
Unvalidated,2024471421458,2024,471421458,2,9,0,18,6,8,0,2,0,0,7,0,1,1,6,1,49,8,-1,-1,-1,-1,3,1,E01032832,0
Unvalidated,2024471421458,2024,471421458,3,9,0,18,8,4,0,1,0,0,0,0,3,1,6,1,36,7,-1,-1,-1,-1,5,3,E01021100,0
Unvalidated,2024471421466,2024,471421466,1,9,0,7,7,1,0,0,0,0,0,0,1,1,6,1,32,6,-1,-1,-1,-1,3,1,E01016911,0
Unvalidated,2024471421466,2024,471421466,2,1,0,18,1,5,0,0,0,0,0,0,3,1,6,1,49,8,-1,-1,-1,-1,6,1,E01016943,0
Unvalidated,2024471421532,2024,471421532,1,9,0,3,7,3,0,0,0,0,0,0,2,1,2,1,52,8,-1,-1,-1,-1,3,1,E01016860,0
Unvalidated,2024471421532,2024,471421532,2,9,0,18,7,3,0,0,0,0,0,0,1,1,5,1,41,7,-1,-1,-1,-1,3,1,E01016922,0
Unvalidated,2024471421686,2024,471421686,1,98,0,7,3,5,0,8,0,0,0,0,1,1,1,1,55,8,-1,-1,-1,-1,4,1,E01020997,0
Unvalidated,2024471421686,2024,471421686,2,1,0,18,3,7,2,8,0,0,0,0,1,1,6,1,30,6,-1,-1,-1,-1,6,1,E01016970,0
Unvalidated,2024471421687,2024,471421687,1,4,0,17,7,2,0,0,0,0,0,0,4,1,5,1,21,5,-1,-1,-1,-1,4,1,E01003441,0
Unvalidated,2024471421700,2024,471421700,1,9,0,18,8,4,0,0,0,0,0,0,1,1,5,1,33,6,-1,-1,-1,-1,6,1,E01031688,0
Unvalidated,2024471421700,2024,471421700,2,19,-1,4,8,4,0,0,0,0,0,0,2,1,6,3,-1,-1,-1,-1,-1,-1,-1,-1,-1,0
Unvalidated,2024471421702,2024,471421702,1,9,0,18,1,5,0,0,0,0,0,0,1,1,5,1,54,8,-1,-1,-1,-1,7,1,E01021010,0
Unvalidated,2024471421753,2024,471421753,1,9,0,18,5,1,0,0,1,10,1,4,1,1,5,1,17,4,-1,-1,-1,-1,7,1,E01021181,0
Unvalidated,2024471421881,2024,471421881,1,9,0,18,1,5,0,2,0,0,0,0,1,1,5,1,41,7,-1,-1,-1,-1,6,1,E01031468,0
Unvalidated,2024471421881,2024,471421881,2,90,0,18,7,3,0,2,0,0,0,0,4,1,4,2,11,3,-1,-1,-1,-1,5,1,E01031467,1
Unvalidated,2024471421895,2024,471421895,1,9,0,18,3,7,0,0,0,0,0,0,1,1,2,1,45,7,-1,-1,-1,-1,7,1,E01021130,0
Unvalidated,2024471421895,2024,471421895,2,9,0,18,3,7,0,0,0,0,0,0,2,1,2,1,64,9,-1,-1,-1,-1,8,1,E01032831,0
Unvalidated,2024471421895,2024,471421895,3,9,0,18,3,7,0,0,0,0,0,0,1,1,5,1,62,9,-1,-1,-1,-1,1,1,E01024498,0
Unvalidated,2024471421895,2024,471421895,4,9,0,18,3,7,0,0,0,0,0,0,1,1,2,1,49,8,-1,-1,-1,-1,8,1,E01021197,0
Unvalidated,2024471422006,2024,471422006,1,9,0,5,7,1,0,4,0,0,0,0,1,1,1,2,54,8,-1,-1,-1,-1,3,1,E01031569,0
Unvalidated,2024471422006,2024,471422006,2,1,0,18,1,5,0,8,0,0,0,0,3,1,4,2,10,2,-1,-1,-1,-1,5,1,E01031570,0
Unvalidated,2024471422006,2024,471422006,3,1,0,18,1,5,0,8,0,0,0,0,3,1,4,1,4,1,-1,-1,-1,-1,5,1,E01031570,0
Unvalidated,2024471422049,2024,471422049,1,9,0,10,3,7,0,1,0,0,0,0,1,1,6,2,52,8,-1,-1,-1,-1,5,1,E01031442,0
Unvalidated,2024471422049,2024,471422049,2,9,0,18,8,5,0,1,0,0,0,0,1,1,6,1,34,6,-1,-1,-1,-1,-1,-1,-1,0
Unvalidated,2024471422200,2024,471422200,1,9,0,9,2,8,0,6,1,0,0,0,3,1,5,2,65,9,-1,-1,-1,-1,6,3,E01021148,0
Unvalidated,2024471422200,2024,471422200,2,9,0,18,8,4,0,1,0,0,0,0,1,1,6,1,45,7,-1,-1,-1,-1,10,1,E01021157,0
Unvalidated,2024471422230,2024,471422230,1,9,0,17,3,7,0,0,1,0,1,4,2,1,5,1,18,4,-1,-1,-1,-1,6,1,E01031796,0
Unvalidated,2024471422480,2024,471422480,1,9,0,18,3,7,0,0,0,4,0,0,1,1,5,2,47,8,-1,-1,-1,-1,3,1,E01021050,0
Unvalidated,2024471422480,2024,471422480,2,9,0,2,0,0,0,0,0,0,0,0,2,1,6,3,-1,-1,-1,-1,-1,-1,-1,-1,-1,0
Unvalidated,2024471422557,2024,471422557,1,9,0,18,3,7,0,0,0,7,0,0,2,1,5,1,22,5,-1,-1,-1,-1,8,3,E01021170,0
Unvalidated,2024471422557,2024,471422557,2,19,0,10,1,7,0,0,0,0,0,0,1,1,1,1,21,5,-1,-1,-1,-1,3,1,E01016894,0
Unvalidated,2024471422575,2024,471422575,1,9,0,18,1,5,0,0,0,0,0,0,1,1,5,2,19,4,-1,-1,-1,-1,4,1,E01031428,0