status,collision_index,collision_year,collision_reference,vehicle_reference,vehicle_type,towing_and_articulation,vehicle_manoeuvre,vehicle_direction_from,vehicle_direction_to,vehicle_location_restricted_lane,junction_location,skidding_and_overturning,hit_object_in_carriageway,vehicle_leaving_carriageway,hit_object_off_carriageway,first_point_of_impact,vehicle_left_hand_drive,journey_purpose_of_driver,sex_of_driver,age_of_driver,age_band_of_driver,engine_capacity_cc,propulsion_code,age_of_vehicle,generic_make_model,driver_imd_decile,driver_home_area_type,lsoa_of_driver,escooter_flag
Unvalidated,2024471422575,2024,471422575,2,9,0,18,1,5,0,0,0,0,0,0,2,1,5,1,17,4,-1,-1,-1,-1,8,1,E01031418,0
Unvalidated,2024471422579,2024,471422579,1,9,0,18,8,4,0,0,0,0,0,0,3,1,6,1,29,6,-1,-1,-1,-1,2,1,E01021014,0
Unvalidated,2024471422589,2024,471422589,1,3,0,18,3,7,0,1,1,0,0,0,0,1,1,1,19,4,-1,-1,-1,-1,4,1,E01003409,0
Unvalidated,2024471422589,2024,471422589,2,9,0,13,3,5,0,1,0,0,0,0,0,1,6,3,-1,-1,-1,-1,-1,-1,-1,-1,-1,0
Unvalidated,2024471422608,2024,471422608,1,3,0,13,3,7,0,2,0,0,7,0,1,1,6,1,29,6,-1,-1,-1,-1,6,1,E01021021,0
Unvalidated,2024471422608,2024,471422608,2,9,0,18,7,3,0,1,0,0,0,0,1,1,6,1,40,7,-1,-1,-1,-1,2,1,E01021091,0
Unvalidated,2024471422608,2024,471422608,3,9,0,2,0,0,0,1,0,0,0,0,4,1,6,3,-1,-1,-1,-1,-1,-1,-1,-1,-1,0
Unvalidated,2024471422611,2024,471422611,1,9,0,18,7,3,0,0,0,0,0,0,3,1,6,1,65,9,-1,-1,-1,-1,6,2,E01031538,0
Unvalidated,2024471422714,2024,471422714,1,9,0,18,3,7,0,1,1,0,0,0,3,1,6,2,32,6,-1,-1,-1,-1,3,1,E01022908,0
Unvalidated,2024471422714,2024,471422714,2,9,0,9,1,7,0,6,0,0,0,0,4,1,6,2,67,10,-1,-1,-1,-1,4,1,E01017110,0
Unvalidated,2024471422888,2024,471422888,1,9,0,3,1,5,0,1,0,0,0,0,1,1,6,1,89,11,-1,-1,-1,-1,9,1,E01031339,0
Unvalidated,2024471422888,2024,471422888,2,9,0,3,1,5,0,1,0,0,0,0,2,1,6,2,61,9,-1,-1,-1,-1,3,1,E01031783,0
Unvalidated,2024471422927,2024,471422927,1,9,0,18,8,5,0,1,0,0,0,0,1,1,3,2,49,8,-1,-1,-1,-1,2,1,E01020910,0
Unvalidated,2024471422927,2024,471422927,2,9,0,18,5,1,0,8,0,0,0,0,4,1,5,2,52,8,-1,-1,-1,-1,3,1,E01032832,0
Unvalidated,2024471422934,2024,471422934,1,1,0,14,3,7,0,0,0,0,0,0,4,1,5,1,57,9,-1,-1,-1,-1,1,1,E01016867,0
Unvalidated,2024471422934,2024,471422934,2,11,0,5,7,3,0,0,0,0,0,0,4,1,1,1,39,7,-1,-1,-1,-1,5,1,E01016989,0
Unvalidated,2024471422978,2024,471422978,1,9,0,3,-1,-1,99,1,0,0,0,0,2,2,2,1,20,4,-1,-1,-1,-1,9,1,E01020944,0
Unvalidated,2024471422978,2024,471422978,2,19,0,3,-1,-1,99,1,0,99,0,0,1,2,6,1,-1,-1,-1,-1,-1,-1,10,1,E01020940,0
Unvalidated,2024471422982,2024,471422982,1,9,0,18,7,3,0,3,0,0,0,0,4,1,5,1,43,7,-1,-1,-1,-1,6,1,E01031784,0
Unvalidated,2024471422982,2024,471422982,2,9,0,18,2,6,0,8,0,0,3,0,1,1,5,1,17,4,-1,-1,-1,-1,9,1,E01031816,0
Unvalidated,2024471422987,2024,471422987,1,9,0,5,3,1,0,1,0,0,0,0,1,1,6,2,24,5,-1,-1,-1,-1,5,1,E01016886,0
Unvalidated,2024471422987,2024,471422987,2,9,0,18,1,5,0,1,0,0,0,0,1,1,6,2,32,6,-1,-1,-1,-1,1,1,E01008932,0
Unvalidated,2024471423011,2024,471423011,1,9,0,18,7,3,0,1,0,0,8,11,3,1,6,1,26,6,-1,-1,-1,-1,8,1,E01021061,0
Unvalidated,2024471423011,2024,471423011,2,9,0,18,2,6,2,8,0,0,0,0,1,1,1,1,39,7,-1,-1,-1,-1,6,1,E01016874,0
Unvalidated,2024471423028,2024,471423028,1,9,0,5,6,-1,0,6,0,0,0,0,0,1,6,3,-1,-1,-1,-1,-1,-1,-1,-1,-1,0
Unvalidated,2024471423028,2024,471423028,2,5,0,18,4,8,0,8,0,0,0,0,1,1,6,1,22,5,-1,-1,-1,-1,5,1,E01031373,0
Unvalidated,2024471423028,2024,471423028,3,9,0,18,8,4,0,1,0,0,0,0,1,1,5,2,88,11,-1,-1,-1,-1,9,1,E01031413,0
Unvalidated,2024471423140,2024,471423140,1,9,0,18,3,7,0,0,5,0,7,10,1,1,2,1,61,9,-1,-1,-1,-1,1,1,E01021015,0
Unvalidated,2024471423151,2024,471423151,1,9,0,13,-1,-1,0,0,0,0,0,0,4,1,5,2,54,8,-1,-1,-1,-1,10,1,E01016982,0
Unvalidated,2024471423151,2024,471423151,2,1,0,18,1,5,0,0,0,0,0,0,3,1,6,1,28,6,-1,-1,-1,-1,8,1,E01016980,0
Unvalidated,2024471423166,2024,471423166,1,1,0,18,-1,-1,0,1,5,0,0,0,1,1,6,1,-1,-1,-1,-1,-1,-1,-1,-1,-1,0
Unvalidated,2024471423242,2024,471423242,1,9,0,18,7,3,0,0,0,0,0,0,1,1,6,1,-1,-1,-1,-1,-1,-1,3,1,E01021048,0
Unvalidated,2024471423242,2024,471423242,2,11,0,4,7,3,0,0,0,0,0,0,2,1,1,1,-1,-1,-1,-1,-1,-1,6,1,E01016912,0
Unvalidated,2024471423260,2024,471423260,1,98,0,9,7,5,0,2,0,0,0,0,1,1,1,1,60,9,-1,-1,-1,-1,6,1,E01021182,0
Unvalidated,2024471423260,2024,471423260,2,9,0,17,5,1,0,1,0,0,0,0,4,1,5,1,62,9,-1,-1,-1,-1,7,1,E01021220,0
Unvalidated,2024471423261,2024,471423261,1,9,0,1,5,1,0,2,0,0,0,0,2,1,6,3,-1,-1,-1,-1,-1,-1,-1,-1,-1,0
Unvalidated,2024471423266,2024,471423266,1,9,0,4,1,5,0,0,0,0,0,0,2,1,6,2,39,7,-1,-1,-1,-1,6,1,E01031586,0
Unvalidated,2024471423266,2024,471423266,2,90,0,18,1,5,0,0,0,0,0,0,1,1,1,1,62,9,-1,-1,-1,-1,5,1,E01031605,0
Unvalidated,2024471423345,2024,471423345,1,9,0,18,4,8,0,0,0,0,0,0,1,1,2,1,79,11,-1,-1,-1,-1,10,1,E01031748,0
Unvalidated,2024471423345,2024,471423345,2,9,0,18,4,8,0,0,0,0,0,0,2,1,1,2,49,8,-1,-1,-1,-1,9,1,E01031769,0
Unvalidated,2024471423345,2024,471423345,3,9,0,12,4,8,0,0,0,0,0,0,0,1,6,2,18,4,-1,-1,-1,-1,9,3,E01031772,0
Unvalidated,2024471423368,2024,471423368,1,9,0,18,7,3,0,0,0,0,0,0,1,1,5,1,38,7,-1,-1,-1,-1,9,1,E01031393,0
Unvalidated,2024471423368,2024,471423368,2,9,0,12,7,3,0,0,0,0,0,0,2,2,5,2,31,6,-1,-1,-1,-1,9,1,E01031495,0
Unvalidated,2024471423369,2024,471423369,1,9,0,10,6,2,0,0,0,0,0,0,4,1,6,2,19,4,-1,-1,-1,-1,1,1,E01020995,0
Unvalidated,2024471423369,2024,471423369,2,3,0,13,2,6,0,0,0,0,0,0,1,1,6,1,23,5,-1,-1,-1,-1,1,1,E01020989,0
Unvalidated,2024471423369,2024,471423369,3,9,0,2,0,0,1,0,0,0,0,0,2,1,6,3,-1,-1,-1,-1,-1,-1,-1,-1,-1,0
Unvalidated,2024471423387,2024,471423387,1,5,0,18,5,1,0,0,5,0,5,6,3,1,6,1,39,7,-1,-1,-1,-1,2,1,E01031558,0
Unvalidated,2024471423387,2024,471423387,2,5,0,18,5,1,0,0,0,1,0,0,1,1,5,1,19,4,-1,-1,-1,-1,3,1,E01031569,0
Unvalidated,2024471423387,2024,471423387,3,9,0,18,5,1,0,0,0,1,0,0,3,1,5,1,25,5,-1,-1,-1,-1,10,3,E01031680,0
Unvalidated,2024471423387,2024,471423387,4,90,0,18,5,1,0,0,0,1,0,0,3,1,1,1,37,7,-1,-1,-1,-1,8,1,E01032818,0
Unvalidated,2024471423747,2024,471423747,1,9,0,9,8,5,0,8,1,0,0,0,4,1,3,1,51,8,-1,-1,-1,-1,6,3,E01021099,0
Unvalidated,2024471423747,2024,471423747,2,9,0,18,4,8,0,1,0,0,0,0,1,1,5,2,29,6,-1,-1,-1,-1,1,1,E01021019,0
Unvalidated,2024471423783,2024,471423783,1,9,0,18,7,3,0,0,0,0,7,1,1,2,5,1,62,9,-1,-1,-1,-1,4,1,E01021138,0
Unvalidated,2024471423784,2024,471423784,1,9,0,18,4,8,0,1,1,0,1,0,1,1,6,1,53,8,-1,-1,-1,-1,6,1,E01031402,0
Unvalidated,2024471423865,2024,471423865,1,3,0,18,5,1,0,1,0,0,0,0,4,1,5,1,18,4,-1,-1,-1,-1,1,1,E01020983,0
Unvalidated,2024471423865,2024,471423865,2,9,0,5,0,1,0,1,0,0,0,0,3,1,6,1,38,7,-1,-1,-1,-1,1,1,E01020984,0
Unvalidated,2024471423900,2024,471423900,1,9,0,4,4,7,0,0,0,1,0,0,1,1,2,1,54,8,-1,-1,-1,-1,5,1,E01031826,0
Unvalidated,2024471423900,2024,471423900,2,9,0,4,4,7,0,0,1,1,1,0,2,1,6,1,-1,-1,-1,-1,-1,-1,-1,-1,-1,0
Unvalidated,2024471423900,2024,471423900,3,9,-1,4,4,8,0,0,0,0,0,0,0,1,6,3,-1,-1,-1,-1,-1,-1,-1,-1,-1,0
Unvalidated,2024471424041,2024,471424041,1,9,0,18,6,1,0,1,0,0,0,0,1,1,5,1,39,7,-1,-1,-1,-1,5,1,E01021000,0
Unvalidated,2024471424072,2024,471424072,1,9,0,18,5,2,0,0,0,0,1,0,1,1,6,1,19,4,-1,-1,-1,-1,6,2,E01031392,0
Unvalidated,2024471424107,2024,471424107,1,9,0,18,4,8,0,1,0,0,0,0,1,1,5,1,18,4,-1,-1,-1,-1,5,1,E01016884,0
Unvalidated,2024471424107,2024,471424107,2,9,0,18,1,5,0,8,0,0,1,2,4,1,5,1,73,10,-1,-1,-1,-1,4,1,E01016882,0
Unvalidated,2024471424119,2024,471424119,1,97,0,16,3,6,0,0,0,0,0,0,1,1,5,1,18,4,-1,-1,-1,-1,3,1,E01031372,0
Unvalidated,2024471424119,2024,471424119,2,9,0,17,2,5,0,0,0,0,0,0,1,1,5,2,55,8,-1,-1,-1,-1,9,2,E01031685,0
Unvalidated,2024471424182,2024,471424182,1,9,0,18,1,5,0,1,0,0,0,0,2,1,5,2,57,9,-1,-1,-1,-1,5,3,E01031611,0
Unvalidated,2024471424182,2024,471424182,2,9,0,18,3,7,0,1,0,0,0,0,3,1,5,1,50,8,-1,-1,-1,-1,10,1,E01024752,0
Unvalidated,2024471424193,2024,471424193,1,9,0,10,4,2,0,8,0,0,0,0,1,1,5,1,60,9,-1,-1,-1,-1,9,3,E01021026,0
Unvalidated,2024471424193,2024,471424193,2,3,0,3,4,8,0,8,5,0,0,0,2,1,5,2,56,9,-1,-1,-1,-1,3,1,E01031409,0
Unvalidated,2024471424233,2024,471424233,1,9,0,7,7,1,0,3,0,0,0,0,3,1,6,2,65,9,-1,-1,-1,-1,3,1,E01020996,0
Unvalidated,2024471424233,2024,471424233,2,97,0,18,5,1,0,8,0,0,0,0,1,1,2,2,30,6,-1,-1,-1,-1,1,1,E01020972,0
Unvalidated,2024471424277,2024,471424277,1,19,0,1,5,3,0,6,0,0,0,0,2,1,1,1,25,5,-1,-1,-1,-1,10,3,E01032809,0
Unvalidated,2024471424277,2024,471424277,2,9,0,16,4,7,0,1,0,0,0,0,4,1,1,1,32,6,-1,-1,-1,-1,7,1,E01030576,0
Unvalidated,2024471424334,2024,471424334,1,9,0,18,5,8,0,0,0,0,0,0,4,1,6,1,29,6,-1,-1,-1,-1,8,2,E01031634,0
Unvalidated,2024471424340,2024,471424340,1,9,0,16,7,3,0,0,0,0,7,0,3,1,5,1,81,11,-1,-1,-1,-1,7,3,E01031626,0
Unvalidated,2024471424340,2024,471424340,2,9,0,17,4,1,0,0,1,0,2,0,3,1,5,1,83,11,-1,-1,-1,-1,10,1,E01031425,0
Unvalidated,2024471424374,2024,471424374,1,3,0,18,6,2,0,2,0,0,0,0,1,1,2,2,30,6,-1,-1,-1,-1,4,1,E01016872,0
Unvalidated,2024471424374,2024,471424374,2,9,0,18,6,2,0,2,0,0,0,0,2,1,2,2,43,7,-1,-1,-1,-1,10,1,E01016982,0
Unvalidated,2024471424430,2024,471424430,1,3,0,18,1,5,0,0,0,0,0,0,4,1,6,2,29,6,-1,-1,-1,-1,7,3,E01030583,0
Unvalidated,2024471424430,2024,471424430,2,9,0,5,3,7,0,0,0,0,0,0,1,1,6,2,47,8,-1,-1,-1,-1,4,1,E01031596,0
Unvalidated,2024471424466,2024,471424466,1,9,0,18,2,6,0,2,0,0,0,0,3,1,6,3,-1,-1,-1,-1,-1,-1,-1,-1,-1,0
Unvalidated,2024471424466,2024,471424466,2,1,0,5,5,1,0,2,0,0,0,0,1,1,4,1,14,3,-1,-1,-1,-1,2,1,E01020929,0
Unvalidated,2024471424497,2024,471424497,1,9,0,1,-1,-1,9,1,0,0,0,0,2,1,1,1,52,8,-1,-1,-1,-1,7,1,E01031460,0
Unvalidated,2024471424514,2024,471424514,1,9,0,5,2,6,8,1,0,0,0,0,1,1,6,1,77,11,-1,-1,-1,-1,10,1,E01021159,0
Unvalidated,2024471424637,2024,471424637,1,9,0,17,1,5,0,0,0,0,0,0,4,1,5,2,30,6,-1,-1,-1,-1,6,3,E01031479,0
Unvalidated,2024471424637,2024,471424637,2,9,0,18,7,3,0,0,0,0,0,0,1,1,1,1,42,7,-1,-1,-1,-1,9,1,E01031761,0
Unvalidated,2024471424712,2024,471424712,1,9,0,9,7,5,0,6,0,0,0,0,1,1,6,2,23,5,-1,-1,-1,-1,8,1,E01031505,0
Unvalidated,2024471424712,2024,471424712,2,9,0,10,1,5,0,5,0,0,0,0,3,1,2,1,53,8,-1,-1,-1,-1,7,1,E01028521,0
Unvalidated,2024471424712,2024,471424712,3,9,0,18,5,1,0,1,0,0,0,0,4,1,5,1,84,11,-1,-1,-1,-1,7,1,E01023113,0
Unvalidated,2024471424735,2024,471424735,1,9,0,13,1,5,0,0,0,0,0,0,1,1,5,1,25,5,-1,-1,-1,-1,4,2,E01021207,0
Unvalidated,2024471424735,2024,471424735,2,9,0,18,5,3,0,0,0,0,0,0,1,1,5,2,60,9,-1,-1,-1,-1,7,1,E01020970,0
Unvalidated,2024471424738,2024,471424738,1,9,0,-1,-1,-1,-1,0,-1,-1,-1,0,1,1,6,1,-1,-1,-1,-1,-1,-1,-1,-1,-1,0
Unvalidated,2024471424738,2024,471424738,2,9,0,4,7,4,0,0,0,0,0,0,0,1,5,1,60,9,-1,-1,-1,-1,7,1,E01021184,0
Unvalidated,2024471424762,2024,471424762,1,9,0,18,8,4,0,1,0,0,0,0,1,1,5,1,84,11,-1,-1,-1,-1,8,1,E01031505,0
Unvalidated,2024471424812,2024,471424812,1,9,0,18,3,7,0,1,0,0,0,0,1,1,5,1,64,9,-1,-1,-1,-1,8,2,E01021055,0
Unvalidated,2024471424812,2024,471424812,2,9,0,9,1,7,0,1,0,0,0,0,1,1,1,2,59,9,-1,-1,-1,-1,6,2,E01021054,0
Unvalidated,2024471424897,2024,471424897,1,4,0,12,3,7,0,0,0,0,0,0,3,1,5,1,24,5,-1,-1,-1,-1,2,1,E01031361,0
Unvalidated,2024471424897,2024,471424897,2,19,0,18,3,7,0,0,0,0,0,0,4,1,1,1,58,9,-1,-1,-1,-1,10,1,E01021227,0
Unvalidated,2024471424897,2024,471424897,3,9,0,4,0,0,0,0,0,0,0,0,0,1,1,1,40,7,-1,-1,-1,-1,6,1,E01021034,0
Unvalidated,2024471424904,2024,471424904,1,9,0,18,7,3,0,8,0,0,0,0,3,1,5,2,45,7,-1,-1,-1,-1,6,1,E01031352,0
Unvalidated,2024471424904,2024,471424904,2,9,0,9,6,3,0,7,0,0,0,0,4,1,6,2,73,10,-1,-1,-1,-1,2,1,E01016918,0
Unvalidated,2024471425049,2024,471425049,1,9,0,3,8,3,0,1,0,0,0,0,2,1,2,2,38,7,-1,-1,-1,-1,3,1,E01031783,0
Unvalidated,2024471425049,2024,471425049,2,19,0,18,8,4,0,1,0,0,0,0,1,1,6,1,-1,-1,-1,-1,-1,-1,-1,-1,-1,0
Unvalidated,2024471425111,2024,471425111,1,9,0,7,1,7,0,1,0,0,0,0,1,1,6,3,-1,-1,-1,-1,-1,-1,-1,-1,-1,0
Unvalidated,2024471425111,2024,471425111,2,1,0,18,1,5,0,1,0,0,0,0,2,1,4,1,17,4,-1,-1,-1,-1,5,1,E01016994,0
Unvalidated,2024471425149,2024,471425149,1,9,0,17,3,7,0,0,5,0,2,4,4,1,6,1,19,4,-1,-1,-1,-1,9,1,E01021161,0
Unvalidated,2024471425151,2024,471425151,1,9,0,4,5,1,0,1,0,0,0,0,1,1,6,1,32,6,-1,-1,-1,-1,8,1,E01023001,0
Unvalidated,2024471425151,2024,471425151,2,9,0,4,5,1,0,1,0,0,0,0,2,1,5,1,46,8,-1,-1,-1,-1,-1,-1,-1,0
Unvalidated,2024471425183,2024,471425183,1,19,0,17,3,1,0,2,0,0,0,0,1,1,1,1,43,7,-1,-1,-1,-1,3,1,E01031409,0
Unvalidated,2024471425294,2024,471425294,1,9,0,4,3,7,0,0,1,0,2,4,1,1,2,1,46,8,-1,-1,-1,-1,6,2,E01031390,0
Unvalidated,2024471425299,2024,471425299,1,19,0,7,4,6,0,1,0,11,0,0,1,1,6,3,-1,-1,-1,-1,-1,-1,-1,-1,-1,0
Unvalidated,2024471425324,2024,471425324,1,9,0,9,1,7,0,8,0,0,0,0,3,1,1,1,36,7,-1,-1,-1,-1,1,1,E01020995,0
Unvalidated,2024471425324,2024,471425324,2,9,0,18,7,3,0,1,0,0,0,0,4,1,6,2,29,6,-1,-1,-1,-1,7,1,E01020970,0
Unvalidated,2024471425346,2024,471425346,1,3,0,18,3,7,0,0,0,0,0,0,3,1,5,1,30,6,-1,-1,-1,-1,9,1,E01031590,0
Unvalidated,2024471425346,2024,471425346,2,9,0,11,3,7,0,0,9,0,1,0,3,1,6,3,-1,-1,-1,-1,-1,-1,-1,-1,-1,0
Unvalidated,2024471425454,2024,471425454,1,9,0,18,1,5,0,1,0,0,0,0,1,1,6,1,61,9,-1,-1,-1,-1,4,3,E01024377,0
Unvalidated,2024471425454,2024,471425454,2,1,0,18,1,5,0,4,0,0,0,0,2,1,5,1,59,9,-1,-1,-1,-1,5,2,E01021211,0
Unvalidated,2024471425491,2024,471425491,1,9,0,4,7,3,0,1,0,0,0,0,1,1,5,1,71,10,-1,-1,-1,-1,10,1,E01030581,0
Unvalidated,2024471425491,2024,471425491,2,9,0,17,7,3,0,4,0,0,0,0,2,1,1,1,60,9,-1,-1,-1,-1,7,1,E01024466,0
Unvalidated,2024471425535,2024,471425535,1,9,0,7,2,5,0,1,0,0,7,0,1,1,1,1,41,7,-1,-1,-1,-1,5,1,E01031431,0
Unvalidated,2024471425549,2024,471425549,1,9,0,9,1,7,0,8,0,0,0,0,1,1,6,2,81,11,-1,-1,-1,-1,4,1,E01031833,0
Unvalidated,2024471425549,2024,471425549,2,9,0,9,3,1,0,5,0,0,0,0,3,1,5,2,45,7,-1,-1,-1,-1,3,1,E01031360,0
Unvalidated,2024471425581,2024,471425581,1,9,0,18,4,8,0,0,0,0,0,0,1,1,1,2,67,10,-1,-1,-1,-1,-1,3,-1,0
Unvalidated,2024471425581,2024,471425581,2,11,0,2,8,4,0,0,0,0,0,0,0,1,2,1,50,8,-1,-1,-1,-1,4,1,E01020914,0
Unvalidated,2024471425586,2024,471425586,1,10,0,5,3,7,0,4,0,0,0,0,1,1,1,1,66,10,-1,-1,-1,-1,5,1,E01031401,0
Unvalidated,2024471425586,2024,471425586,2,1,0,18,1,5,4,8,0,0,0,0,4,1,4,1,12,3,-1,-1,-1,-1,7,1,E01031488,0
Unvalidated,2024471425591,2024,471425591,1,9,0,18,6,3,0,1,0,0,0,0,1,1,6,2,36,7,-1,-1,-1,-1,10,1,E01031619,0
Unvalidated,2024471425591,2024,471425591,2,9,0,18,3,7,0,1,0,0,0,0,1,1,6,1,39,7,-1,-1,-1,-1,8,3,E01031545,0
Unvalidated,2024471425617,2024,471425617,1,98,0,1,3,7,0,6,0,0,0,0,2,1,5,1,32,6,-1,-1,-1,-1,8,1,E01016931,0
Unvalidated,2024471425708,2024,471425708,1,9,0,8,7,1,0,1,0,0,0,0,1,1,6,2,36,7,-1,-1,-1,-1,6,1,E01031402,0
Unvalidated,2024471425708,2024,471425708,2,1,0,18,5,1,0,2,0,0,0,0,2,1,6,2,46,8,-1,-1,-1,-1,2,1,E01031450,0
Unvalidated,2024471425754,2024,471425754,1,9,0,18,5,1,0,1,0,0,0,0,2,1,6,2,65,9,-1,-1,-1,-1,6,2,E01031523,0
Unvalidated,2024471425754,2024,471425754,2,19,0,18,5,1,0,1,0,0,0,0,1,1,6,1,-1,-1,-1,-1,-1,-1,6,2,E01031523,0
Unvalidated,2024471425754,2024,471425754,3,9,0,18,5,1,0,1,0,0,0,0,1,1,6,1,-1,-1,-1,-1,-1,-1,6,2,E01031523,0
Unvalidated,2024471425754,2024,471425754,4,19,0,18,5,1,0,1,0,0,0,0,1,1,6,2,36,7,-1,-1,-1,-1,6,3,E01031529,0
Unvalidated,2024471425754,2024,471425754,5,9,-1,4,5,3,0,1,0,0,0,0,2,1,6,3,-1,-1,-1,-1,-1,-1,-1,-1,-1,0
Unvalidated,2024471425759,2024,471425759,1,9,0,18,1,5,0,0,0,0,0,0,1,1,6,1,49,8,-1,-1,-1,-1,6,1,E01021033,0
Unvalidated,2024471425759,2024,471425759,2,3,0,18,1,5,0,0,5,0,0,0,3,1,6,1,19,4,-1,-1,-1,-1,4,1,E01021051,0
Unvalidated,2024471425759,2024,471425759,3,98,0,4,1,5,0,0,0,0,0,0,0,1,6,3,-1,-1,-1,-1,-1,-1,-1,-1,-1,0
Unvalidated,2024471425810,2024,471425810,1,3,0,18,7,3,0,1,1,0,0,0,3,1,5,1,19,4,-1,-1,-1,-1,2,1,E01031819,0
Unvalidated,2024471425810,2024,471425810,2,9,0,2,0,0,0,1,0,0,0,0,1,1,6,3,-1,-1,-1,-1,-1,-1,-1,-1,-1,0
Unvalidated,2024471425810,2024,471425810,3,9,-1,4,7,3,0,1,0,0,0,0,0,1,6,3,-1,-1,-1,-1,-1,-1,-1,-1,-1,0
Unvalidated,2024471425913,2024,471425913,1,9,0,18,5,1,0,3,0,0,0,0,1,1,2,1,37,7,-1,-1,-1,-1,-1,-1,-1,0
Unvalidated,2024471425913,2024,471425913,2,9,0,6,1,5,0,4,0,0,0,0,3,1,5,1,51,8,-1,-1,-1,-1,10,1,E01002937,0
Unvalidated,2024471425920,2024,471425920,1,98,0,18,6,2,0,0,0,4,0,0,3,2,1,1,33,6,-1,-1,-1,-1,10,1,E01021157,0
Unvalidated,2024471425920,2024,471425920,2,9,0,2,0,0,0,0,0,0,0,0,3,2,6,3,-1,-1,-1,-1,-1,-1,-1,-1,-1,0
Unvalidated,2024471425950,2024,471425950,1,9,0,9,5,2,0,1,0,0,7,0,4,1,2,2,52,8,-1,-1,-1,-1,7,3,E01031626,0
Unvalidated,2024471425950,2024,471425950,2,98,0,18,2,6,0,1,0,0,0,0,1,1,1,1,72,10,-1,-1,-1,-1,3,1,E01031492,0
Unvalidated,2024471425958,2024,471425958,1,21,0,18,7,3,0,0,0,0,0,0,1,1,1,1,66,10,-1,-1,-1,-1,7,1,E01022823,0
Unvalidated,2024471425958,2024,471425958,2,9,0,4,7,3,0,0,0,0,0,0,2,1,5,2,59,9,-1,-1,-1,-1,5,3,E01021096,0
Unvalidated,2024471425958,2024,471425958,3,9,0,4,7,3,0,0,1,0,0,0,2,1,5,1,55,8,-1,-1,-1,-1,-1,-1,-1,0
Unvalidated,2024471425958,2024,471425958,4,21,0,3,7,3,0,0,0,0,0,0,2,1,1,1,60,9,-1,-1,-1,-1,4,1,E01000408,0
Unvalidated,2024471426012,2024,471426012,1,9,0,18,2,6,0,2,0,0,0,0,2,1,5,1,18,4,-1,-1,-1,-1,7,1,E01031406,0
Unvalidated,2024471426093,2024,471426093,1,19,0,9,7,5,0,1,0,0,0,0,3,1,5,1,41,7,-1,-1,-1,-1,3,1,E01021048,0
Unvalidated,2024471426093,2024,471426093,2,3,0,18,7,3,0,8,1,0,0,0,4,1,1,2,22,5,-1,-1,-1,-1,2,1,E01016955,0
Unvalidated,2024471426104,2024,471426104,1,3,0,6,-1,-1,0,-1,0,0,0,0,-1,1,6,1,28,6,-1,-1,-1,-1,5,1,E01016849,0
Unvalidated,2024471426104,2024,471426104,2,9,0,-1,-1,-1,-1,-1,-1,-1,-1,0,-1,1,6,1,39,7,-1,-1,-1,-1,4,1,E01016988,0
Unvalidated,2024471426218,2024,471426218,1,19,0,18,1,5,0,0,1,0,2,0,1,1,1,1,22,5,-1,-1,-1,-1,8,1,E01031620,0
Unvalidated,2024471426218,2024,471426218,2,9,0,18,5,1,0,0,0,0,0,0,1,1,5,2,57,9,-1,-1,-1,-1,5,3,E01031611,0
Unvalidated,2024471426224,2024,471426224,1,9,0,18,5,1,0,0,0,0,0,0,0,1,6,2,56,9,-1,-1,-1,-1,10,1,E01030454,0
Unvalidated,2024471426224,2024,471426224,2,9,0,17,5,1,0,0,0,0,0,0,2,1,5,1,68,10,-1,-1,-1,-1,10,1,E01022852,0
Unvalidated,2024471426224,2024,471426224,3,9,0,18,5,1,0,0,0,0,0,0,1,1,5,1,26,6,-1,-1,-1,-1,5,3,E01031519,0
Unvalidated,2024471426255,2024,471426255,1,9,0,18,1,5,0,1,0,0,0,0,2,1,5,2,58,9,-1,-1,-1,-1,1,1,E01016908,0
Unvalidated,2024471426255,2024,471426255,2,9,0,18,1,4,0,1,0,0,0,0,1,1,5,1,23,5,-1,-1,-1,-1,5,1,E01031378,0
Unvalidated,2024471426255,2024,471426255,3,9,0,5,3,1,0,8,0,0,0,0,0,1,6,2,59,9,-1,-1,-1,-1,6,1,E01017004,0
Unvalidated,2024471426256,2024,471426256,1,9,0,18,7,3,0,1,0,0,0,0,3,1,6,3,-1,-1,-1,-1,-1,-1,-1,-1,-1,0
Unvalidated,2024471426256,2024,471426256,2,5,0,4,7,3,0,1,0,0,0,0,1,1,1,1,56,9,-1,-1,-1,-1,4,1,E01016890,0
Unvalidated,2024471426260,2024,471426260,1,97,0,7,7,3,0,1,2,0,0,0,3,1,5,1,17,4,-1,-1,-1,-1,5,1,E01031818,0
Unvalidated,2024471426260,2024,471426260,2,9,0,9,3,7,0,5,0,0,0,0,1,1,5,1,73,10,-1,-1,-1,-1,1,1,E01031404,0
Unvalidated,2024471426265,2024,471426265,1,9,0,18,1,5,0,0,0,0,7,4,1,1,5,1,29,6,-1,-1,-1,-1,6,1,E01021058,0
Unvalidated,2024471426270,2024,471426270,1,9,0,18,3,7,0,0,0,0,2,7,1,1,5,1,82,11,-1,-1,-1,-1,8,1,E01022628,0
Unvalidated,2024471426312,2024,471426312,1,97,0,18,3,7,0,0,1,0,0,0,1,1,6,1,21,5,-1,-1,-1,-1,8,1,E01031653,0