status,collision_index,collision_year,collision_reference,vehicle_reference,vehicle_type,towing_and_articulation,vehicle_manoeuvre,vehicle_direction_from,vehicle_direction_to,vehicle_location_restricted_lane,junction_location,skidding_and_overturning,hit_object_in_carriageway,vehicle_leaving_carriageway,hit_object_off_carriageway,first_point_of_impact,vehicle_left_hand_drive,journey_purpose_of_driver,sex_of_driver,age_of_driver,age_band_of_driver,engine_capacity_cc,propulsion_code,age_of_vehicle,generic_make_model,driver_imd_decile,driver_home_area_type,lsoa_of_driver,escooter_flag
Unvalidated,2024471426396,2024,471426396,1,1,0,9,4,2,0,8,0,0,0,0,2,1,5,1,73,10,-1,-1,-1,-1,6,1,E01016878,0
Unvalidated,2024471426396,2024,471426396,2,9,0,7,7,3,0,8,0,0,0,0,1,1,5,2,49,8,-1,-1,-1,-1,7,2,E01031616,0
Unvalidated,2024471426432,2024,471426432,1,9,0,12,2,6,0,8,0,0,0,0,3,1,6,1,24,5,-1,-1,-1,-1,3,1,E01031569,0
Unvalidated,2024471426432,2024,471426432,2,9,0,18,2,6,0,8,0,0,0,0,4,1,6,2,-1,-1,-1,-1,-1,-1,3,1,E01031559,0
Unvalidated,2024471426458,2024,471426458,1,97,0,13,4,8,0,1,0,0,0,0,3,1,6,1,32,6,-1,-1,-1,-1,3,1,E01031811,0
Unvalidated,2024471426458,2024,471426458,2,9,0,9,4,2,0,1,0,0,0,0,4,1,5,2,54,8,-1,-1,-1,-1,10,1,E01031823,0
Unvalidated,2024471426464,2024,471426464,1,9,0,-1,-1,-1,0,1,0,0,0,0,1,1,6,3,-1,-1,-1,-1,-1,-1,-1,-1,-1,0
Unvalidated,2024471426478,2024,471426478,1,9,0,18,2,7,0,3,0,0,0,0,4,1,6,1,27,6,-1,-1,-1,-1,2,1,E01016944,0
Unvalidated,2024471426478,2024,471426478,2,1,0,-1,-1,-1,-1,-1,-1,-1,-1,0,-1,1,6,1,63,9,-1,-1,-1,-1,8,1,E01016962,0
Unvalidated,2024471426485,2024,471426485,1,9,0,18,7,3,0,0,0,0,0,0,1,1,6,1,21,5,-1,-1,-1,-1,7,1,E01021212,0
Unvalidated,2024471426485,2024,471426485,2,9,0,3,7,3,0,0,0,0,0,0,2,1,6,1,28,6,-1,-1,-1,-1,3,1,E01031350,0
Unvalidated,2024471426505,2024,471426505,1,9,0,4,1,5,0,0,0,0,0,0,1,1,5,2,35,6,-1,-1,-1,-1,8,1,E01021214,0
Unvalidated,2024471426505,2024,471426505,2,9,0,4,1,5,0,0,0,0,0,0,2,1,5,2,56,9,-1,-1,-1,-1,7,1,E01020970,0
Unvalidated,2024471426505,2024,471426505,3,9,0,18,1,5,0,0,0,0,0,0,2,1,2,2,18,4,-1,-1,-1,-1,5,1,E01020921,0
Unvalidated,2024471426512,2024,471426512,1,9,0,18,1,5,0,1,0,0,0,0,1,1,5,1,25,5,-1,-1,-1,-1,2,1,E01016955,0
Unvalidated,2024471426512,2024,471426512,2,9,0,18,7,3,0,1,0,0,7,11,1,1,5,1,77,11,-1,-1,-1,-1,1,1,E01016910,0
Unvalidated,2024471426517,2024,471426517,1,9,0,18,2,6,0,8,0,0,0,0,1,1,5,2,20,4,-1,-1,-1,-1,1,1,E01020995,0
Unvalidated,2024471426517,2024,471426517,2,9,0,18,8,4,0,8,0,0,1,0,4,1,5,1,22,5,-1,-1,-1,-1,6,1,E01020949,0
Unvalidated,2024471426546,2024,471426546,1,9,0,17,8,5,0,0,0,0,1,0,3,1,5,2,44,7,-1,-1,-1,-1,7,2,E01024743,0
Unvalidated,2024471426546,2024,471426546,2,5,0,16,4,8,0,0,1,0,7,0,1,1,5,1,51,8,-1,-1,-1,-1,4,1,E01002603,0
Unvalidated,2024471426549,2024,471426549,1,9,0,18,3,7,0,0,0,7,0,0,1,1,5,1,69,10,-1,-1,-1,-1,6,1,E01031343,0
Unvalidated,2024471426566,2024,471426566,1,9,0,13,5,2,0,0,1,0,1,4,1,1,6,1,28,6,-1,-1,-1,-1,4,2,E01031628,0
Unvalidated,2024471426566,2024,471426566,2,19,0,18,5,2,0,0,0,0,0,0,1,1,2,1,44,7,-1,-1,-1,-1,6,1,E01031792,0
Unvalidated,2024471426581,2024,471426581,1,9,0,7,1,7,0,6,0,0,0,0,3,1,5,1,66,10,-1,-1,-1,-1,7,1,E01031398,0
Unvalidated,2024471426581,2024,471426581,2,5,0,18,7,3,0,1,0,0,0,0,1,1,6,1,49,8,-1,-1,-1,-1,8,3,E01024077,0
Unvalidated,2024471426582,2024,471426582,1,9,0,18,6,2,0,0,0,0,1,4,1,1,5,2,55,8,-1,-1,-1,-1,3,1,E01030483,0
Unvalidated,2024471426590,2024,471426590,1,9,0,5,8,4,0,0,0,0,7,0,1,1,6,1,46,8,-1,-1,-1,-1,-1,-1,-1,0
Unvalidated,2024471426600,2024,471426600,1,9,0,16,6,6,0,0,1,0,8,4,3,1,5,1,27,6,-1,-1,-1,-1,9,3,E01031727,0
Unvalidated,2024471426606,2024,471426606,1,9,0,9,8,1,0,1,0,0,0,0,4,1,6,2,84,11,-1,-1,-1,-1,9,2,E01031721,0
Unvalidated,2024471426606,2024,471426606,2,1,0,18,6,2,0,1,5,0,0,0,1,1,6,1,18,4,-1,-1,-1,-1,4,1,E01031610,0
Unvalidated,2024471426707,2024,471426707,1,5,0,4,1,5,0,1,0,0,0,0,1,1,6,1,64,9,-1,-1,-1,-1,4,1,E01031455,0
Unvalidated,2024471426707,2024,471426707,2,9,0,3,1,5,0,1,0,0,0,0,2,1,6,2,54,8,-1,-1,-1,-1,7,3,E01031665,0
Unvalidated,2024471426721,2024,471426721,1,1,0,18,1,5,0,0,0,0,0,0,0,1,5,2,35,6,-1,-1,-1,-1,-1,-1,-1,0
Unvalidated,2024471426721,2024,471426721,2,1,0,18,1,5,0,0,0,0,0,0,1,1,5,1,68,10,-1,-1,-1,-1,9,1,E01022796,0
Unvalidated,2024471426724,2024,471426724,1,9,0,4,6,2,0,0,0,0,0,0,2,1,5,1,60,9,-1,-1,-1,-1,-1,-1,-1,0
Unvalidated,2024471426724,2024,471426724,2,9,0,18,6,2,0,0,0,0,0,0,1,1,6,1,45,7,-1,-1,-1,-1,6,1,E01021066,0
Unvalidated,2024471426757,2024,471426757,1,9,0,9,4,2,0,0,0,0,0,0,1,1,5,1,55,8,-1,-1,-1,-1,10,2,E01021192,0
Unvalidated,2024471426779,2024,471426779,1,9,0,17,3,7,0,0,0,0,7,4,4,1,6,1,18,4,-1,-1,-1,-1,5,1,E01031594,0
Unvalidated,2024471426782,2024,471426782,1,23,0,18,1,5,0,1,0,0,0,0,1,1,6,3,-1,-1,-1,-1,-1,-1,-1,-1,-1,0
Unvalidated,2024471426782,2024,471426782,2,1,0,17,5,1,0,1,0,0,0,0,4,1,6,1,26,6,-1,-1,-1,-1,6,1,E01031827,0
Unvalidated,2024471426784,2024,471426784,1,9,0,18,3,7,0,0,0,0,1,4,1,1,2,1,35,6,-1,-1,-1,-1,4,1,E01031795,0
Unvalidated,2024471426808,2024,471426808,1,9,0,16,1,4,0,1,1,0,7,10,1,1,5,1,38,7,-1,-1,-1,-1,4,1,E01020918,0
Unvalidated,2024471426876,2024,471426876,1,9,0,18,2,6,0,2,0,0,0,0,1,1,6,2,26,6,-1,-1,-1,-1,9,1,E01021225,0
Unvalidated,2024471426876,2024,471426876,2,9,0,18,2,6,0,2,0,0,0,0,2,1,5,1,49,8,-1,-1,-1,-1,8,3,E01021172,0
Unvalidated,2024471426905,2024,471426905,1,9,0,18,8,4,0,0,0,0,0,0,1,1,5,2,43,7,-1,-1,-1,-1,7,1,E01030402,0
Unvalidated,2024471426905,2024,471426905,2,9,0,4,8,4,0,0,0,0,0,0,2,1,5,2,66,10,-1,-1,-1,-1,7,3,W01000475,0
Unvalidated,2024471426924,2024,471426924,1,9,0,9,2,8,0,1,0,0,0,0,1,1,6,2,39,7,-1,-1,-1,-1,7,3,E01021098,0
Unvalidated,2024471426924,2024,471426924,2,3,0,13,2,6,0,1,0,0,0,0,1,1,6,1,19,4,-1,-1,-1,-1,3,1,E01021090,0
Unvalidated,2024471426989,2024,471426989,1,2,0,18,3,8,0,4,0,0,0,0,1,1,6,1,16,4,-1,-1,-1,-1,9,1,E01031395,0
Unvalidated,2024471426989,2024,471426989,2,9,0,9,1,5,0,3,0,0,0,0,1,1,6,2,24,5,-1,-1,-1,-1,5,1,E01031431,0
Unvalidated,2024471427071,2024,471427071,1,9,0,9,3,1,0,8,0,0,0,0,1,1,6,1,52,8,-1,-1,-1,-1,9,2,E01031625,0
Unvalidated,2024471427071,2024,471427071,2,9,0,18,7,3,0,8,0,0,0,0,1,1,6,1,43,7,-1,-1,-1,-1,9,2,E01031612,0
Unvalidated,2024471427107,2024,471427107,1,9,0,13,3,7,0,0,0,0,0,0,0,1,6,1,19,4,-1,-1,-1,-1,7,2,E01021166,0
Unvalidated,2024471427107,2024,471427107,2,5,0,13,3,7,0,0,1,0,1,0,1,1,6,2,29,6,-1,-1,-1,-1,5,3,E01021100,0
Unvalidated,2024471427107,2024,471427107,3,9,0,18,3,7,0,0,0,0,0,0,2,1,6,1,31,6,-1,-1,-1,-1,4,1,E01003645,0
Unvalidated,2024471427107,2024,471427107,4,9,0,2,0,0,6,0,0,0,0,0,2,1,6,3,-1,-1,-1,-1,-1,-1,-1,-1,-1,0
Unvalidated,2024471427107,2024,471427107,5,5,0,18,3,7,0,0,0,0,0,0,0,1,6,1,28,6,-1,-1,-1,-1,6,3,E01024038,0
Unvalidated,2024471427222,2024,471427222,1,9,0,18,8,5,0,4,0,0,0,0,3,1,6,1,45,7,-1,-1,-1,-1,5,3,E01031426,0
Unvalidated,2024471427222,2024,471427222,2,1,0,9,5,3,0,3,0,0,0,0,1,1,1,1,32,6,-1,-1,-1,-1,10,1,E01031824,0
Unvalidated,2024471427263,2024,471427263,1,98,0,18,1,5,0,1,0,0,0,0,1,1,6,1,71,10,-1,-1,-1,-1,6,2,E01021206,0
Unvalidated,2024471427263,2024,471427263,2,1,0,18,1,5,0,1,0,0,0,0,3,1,6,1,80,11,-1,-1,-1,-1,8,2,E01021209,0
Unvalidated,2024471427316,2024,471427316,1,3,0,9,8,6,0,1,0,0,0,0,4,1,6,2,31,6,-1,-1,-1,-1,5,1,E01016876,0
Unvalidated,2024471427316,2024,471427316,2,98,0,18,8,3,0,1,0,0,0,0,1,1,2,1,38,7,-1,-1,-1,-1,7,1,E01031374,0
Unvalidated,2024471427316,2024,471427316,3,97,0,9,8,6,0,5,0,0,0,0,0,1,6,1,45,7,-1,-1,-1,-1,5,1,E01016990,0
Unvalidated,2024471427316,2024,471427316,4,97,0,18,8,3,0,1,0,0,0,0,0,1,6,1,68,10,-1,-1,-1,-1,6,1,E01016887,0
Unvalidated,2024471427336,2024,471427336,1,5,0,17,1,5,0,0,0,0,0,0,3,1,6,1,22,5,-1,-1,-1,-1,10,1,E01016132,0
Unvalidated,2024471427350,2024,471427350,1,9,0,18,8,4,0,0,5,0,0,0,1,1,6,2,19,4,-1,-1,-1,-1,10,1,E01031803,0
Unvalidated,2024471427353,2024,471427353,1,3,0,18,5,1,0,0,1,0,0,0,4,1,5,2,19,4,-1,-1,-1,-1,6,3,E01021206,0
Unvalidated,2024471427365,2024,471427365,1,9,0,9,5,3,0,1,0,0,0,0,1,1,5,1,59,9,-1,-1,-1,-1,1,1,E01021019,0
Unvalidated,2024471427365,2024,471427365,2,9,0,18,1,5,0,1,0,0,0,0,1,1,5,1,82,11,-1,-1,-1,-1,9,2,E01024808,0
Unvalidated,2024471427392,2024,471427392,1,9,0,18,5,1,0,0,0,0,0,0,1,1,1,2,30,6,-1,-1,-1,-1,9,2,E01021167,0
Unvalidated,2024471427392,2024,471427392,2,9,0,18,5,1,0,0,0,0,0,0,1,1,2,2,30,6,-1,-1,-1,-1,6,1,E01016912,0
Unvalidated,2024471427392,2024,471427392,3,9,0,18,5,1,0,0,0,0,0,0,2,1,1,1,61,9,-1,-1,-1,-1,5,1,E01016886,0
Unvalidated,2024471427504,2024,471427504,1,9,0,18,7,3,0,2,0,0,0,0,0,1,1,1,57,9,-1,-1,-1,-1,3,1,E01021137,0
Unvalidated,2024471427504,2024,471427504,2,19,0,17,4,8,0,2,0,0,1,0,3,1,2,1,48,8,-1,-1,-1,-1,5,1,E01031595,0
Unvalidated,2024471427504,2024,471427504,3,9,0,18,4,8,0,2,0,0,0,0,1,1,2,2,47,8,-1,-1,-1,-1,7,1,E01031746,0
Unvalidated,2024471427562,2024,471427562,1,9,0,7,1,5,0,4,0,0,0,0,1,1,2,2,20,4,-1,-1,-1,-1,6,1,E01020949,0
Unvalidated,2024471427562,2024,471427562,2,9,0,4,1,5,0,4,0,0,0,0,2,1,2,1,32,6,-1,-1,-1,-1,7,3,E01021199,0
Unvalidated,2024471427562,2024,471427562,3,9,0,5,1,5,0,4,0,0,0,0,2,1,2,2,58,9,-1,-1,-1,-1,8,3,E01021201,0
Unvalidated,2024471427658,2024,471427658,1,1,0,18,8,4,0,1,0,0,0,0,3,1,5,2,71,10,-1,-1,-1,-1,10,1,E01031640,0
Unvalidated,2024471427658,2024,471427658,2,9,0,18,8,4,0,1,0,0,0,0,4,1,6,2,71,10,-1,-1,-1,-1,6,3,E01031661,0
Unvalidated,2024471427692,2024,471427692,1,9,0,9,1,7,0,1,0,0,0,0,1,1,5,2,42,7,-1,-1,-1,-1,1,1,E01020983,0
Unvalidated,2024471427692,2024,471427692,2,9,0,9,1,7,0,1,0,0,0,0,4,1,2,1,33,6,-1,-1,-1,-1,10,1,E01021234,0
Unvalidated,2024471427694,2024,471427694,1,1,0,5,7,1,0,0,2,0,0,0,4,1,2,1,54,8,-1,-1,-1,-1,4,1,E01016855,0
Unvalidated,2024471427694,2024,471427694,2,9,0,1,1,5,0,0,0,0,0,0,2,1,6,1,56,9,-1,-1,-1,-1,5,1,E01031370,0
Unvalidated,2024471427740,2024,471427740,1,9,0,10,5,3,0,1,0,0,7,0,4,1,5,2,75,10,-1,-1,-1,-1,9,1,E01031340,0
Unvalidated,2024471427740,2024,471427740,2,9,0,18,1,5,0,1,0,0,7,0,1,1,6,2,65,9,-1,-1,-1,-1,6,2,E01031687,0
Unvalidated,2024471427740,2024,471427740,3,21,0,18,5,1,0,1,0,0,1,0,0,1,1,1,59,9,-1,-1,-1,-1,5,1,E01031373,0
Unvalidated,2024471427742,2024,471427742,1,19,0,18,3,1,0,6,0,0,0,0,1,1,1,1,47,8,-1,-1,-1,-1,5,1,E01016990,0
Unvalidated,2024471427765,2024,471427765,1,9,0,18,1,5,0,0,0,0,1,0,1,1,5,2,31,6,-1,-1,-1,-1,2,1,E01021049,0
Unvalidated,2024471427765,2024,471427765,2,9,0,18,1,5,0,0,0,0,0,0,2,1,5,1,70,10,-1,-1,-1,-1,5,1,E01020932,0
Unvalidated,2024471427765,2024,471427765,3,9,0,18,1,5,0,0,0,0,0,0,2,1,6,2,74,10,-1,-1,-1,-1,8,1,E01017010,0
Unvalidated,2024471427817,2024,471427817,1,9,0,9,1,4,0,5,0,0,0,0,-1,1,6,1,73,10,-1,-1,-1,-1,7,3,E01031766,0
Unvalidated,2024471427948,2024,471427948,1,9,0,18,5,1,0,0,0,0,0,0,1,1,6,1,61,9,-1,-1,-1,-1,4,1,E01016902,0
Unvalidated,2024471427992,2024,471427992,1,19,0,9,2,7,0,1,0,0,0,0,1,1,1,1,52,8,-1,-1,-1,-1,7,1,E01021007,0
Unvalidated,2024471427997,2024,471427997,1,19,0,18,7,3,0,0,0,0,0,0,4,1,1,1,33,6,-1,-1,-1,-1,4,1,E01032810,0
Unvalidated,2024471428066,2024,471428066,1,19,0,7,7,1,0,3,0,0,0,0,3,1,2,1,40,7,-1,-1,-1,-1,7,1,E01020938,0
Unvalidated,2024471428066,2024,471428066,2,9,0,11,3,1,0,3,0,0,0,0,4,1,6,1,35,6,-1,-1,-1,-1,9,1,E01021208,0
Unvalidated,2024471428078,2024,471428078,1,98,0,5,-1,-1,0,0,0,0,0,0,-1,1,6,1,68,10,-1,-1,-1,-1,3,1,E01016926,0
Unvalidated,2024471428078,2024,471428078,2,9,0,18,1,5,0,0,0,0,0,0,4,1,6,1,68,10,-1,-1,-1,-1,1,1,E01016868,0
Unvalidated,2024471428108,2024,471428108,1,98,0,18,5,1,0,2,0,0,0,0,1,1,5,1,43,7,-1,-1,-1,-1,6,1,E01003285,0
Unvalidated,2024471428120,2024,471428120,1,9,0,5,7,3,0,1,0,0,0,0,3,1,5,1,42,7,-1,-1,-1,-1,4,1,E01031453,0
Unvalidated,2024471428120,2024,471428120,2,5,0,18,4,8,0,1,5,0,0,0,1,1,5,1,31,6,-1,-1,-1,-1,3,1,E01031441,0
Unvalidated,2024471428129,2024,471428129,1,9,0,18,7,3,0,0,0,4,0,0,1,1,6,2,38,7,-1,-1,-1,-1,2,2,E01021119,0
Unvalidated,2024471428129,2024,471428129,2,9,0,2,0,0,0,0,0,4,1,0,2,1,6,3,-1,-1,-1,-1,-1,-1,-1,-1,-1,0
Unvalidated,2024471428129,2024,471428129,3,98,0,2,0,0,9,0,0,0,0,0,1,1,6,3,-1,-1,-1,-1,-1,-1,-1,-1,-1,0
Unvalidated,2024471428178,2024,471428178,1,9,0,-1,-1,-1,-1,-1,-1,-1,-1,0,-1,1,6,1,30,6,-1,-1,-1,-1,10,1,E01031706,0
Unvalidated,2024471428178,2024,471428178,2,90,0,18,4,2,0,4,0,0,0,0,4,1,6,1,26,6,-1,-1,-1,-1,4,1,E01016974,1
Unvalidated,2024471428203,2024,471428203,1,9,0,18,1,5,0,0,1,0,1,2,1,1,1,1,34,6,-1,-1,-1,-1,3,1,E01003609,0
Unvalidated,2024471428246,2024,471428246,1,9,0,18,6,2,0,1,0,0,0,0,1,1,5,1,26,6,-1,-1,-1,-1,4,1,E01031836,0
Unvalidated,2024471428246,2024,471428246,2,9,0,7,6,1,0,1,0,0,1,0,2,1,6,2,67,10,-1,-1,-1,-1,7,1,E01021038,0
Unvalidated,2024471428349,2024,471428349,1,9,0,18,1,5,0,0,0,0,0,0,1,1,6,1,58,9,-1,-1,-1,-1,2,1,E01001439,0
Unvalidated,2024471428349,2024,471428349,2,9,0,18,5,1,0,0,0,0,0,0,0,1,5,2,54,8,-1,-1,-1,-1,7,1,E01021094,0
Unvalidated,2024471428427,2024,471428427,1,98,0,18,6,2,0,0,0,7,0,0,1,1,6,1,39,7,-1,-1,-1,-1,2,1,E01016975,0
Unvalidated,2024471428427,2024,471428427,2,9,0,3,6,2,0,0,0,0,0,0,2,1,6,2,35,6,-1,-1,-1,-1,2,1,E01016975,0
Unvalidated,2024471428427,2024,471428427,3,98,0,3,6,2,0,0,0,0,0,0,1,1,1,1,40,7,-1,-1,-1,-1,6,1,E01031792,0
Unvalidated,2024471428427,2024,471428427,4,9,0,3,6,2,0,0,0,0,0,0,3,1,6,2,55,8,-1,-1,-1,-1,10,2,E01031684,0
Unvalidated,2024471428427,2024,471428427,5,9,0,3,6,2,0,0,0,0,0,0,3,1,6,1,54,8,-1,-1,-1,-1,8,1,E01031780,0
Unvalidated,2024471428434,2024,471428434,1,9,0,18,7,3,0,0,0,0,0,0,2,1,5,1,31,6,-1,-1,-1,-1,9,1,E01021208,0
Unvalidated,2024471428434,2024,471428434,2,19,0,18,1,3,0,0,0,0,0,0,1,1,2,1,59,9,-1,-1,-1,-1,10,1,E01024150,0
Unvalidated,2024471428439,2024,471428439,1,9,0,18,3,7,0,0,0,0,0,0,4,1,5,2,38,7,-1,-1,-1,-1,6,1,E01031673,0
Unvalidated,2024471428439,2024,471428439,2,9,0,18,7,3,0,0,0,0,0,0,4,1,5,1,79,11,-1,-1,-1,-1,10,1,E01021219,0
Unvalidated,2024471428444,2024,471428444,1,9,0,18,7,3,0,0,0,0,0,0,1,1,6,2,26,6,-1,-1,-1,-1,6,1,E01021110,0
Unvalidated,2024471428444,2024,471428444,2,9,0,18,7,3,0,0,0,0,0,0,2,1,6,2,38,7,-1,-1,-1,-1,6,3,E01021125,0
Unvalidated,2024471428452,2024,471428452,1,9,0,18,5,1,0,0,0,0,0,0,1,1,1,1,60,9,-1,-1,-1,-1,8,1,E01016985,0
Unvalidated,2024471428455,2024,471428455,1,9,0,5,7,3,0,6,0,0,0,0,1,1,2,2,26,6,-1,-1,-1,-1,3,1,E01031451,0
Unvalidated,2024471428455,2024,471428455,2,9,0,18,5,1,0,8,1,0,2,4,3,1,1,1,44,7,-1,-1,-1,-1,6,1,E01021034,0
Unvalidated,2024471428455,2024,471428455,3,11,0,3,1,5,0,1,0,0,0,0,0,1,1,1,54,8,-1,-1,-1,-1,6,2,E01031509,0
Unvalidated,2024471428527,2024,471428527,1,9,0,18,5,1,0,0,5,0,1,8,4,1,6,1,19,4,-1,-1,-1,-1,4,1,E01020924,0
Unvalidated,2024471428720,2024,471428720,1,9,0,15,5,1,0,0,0,0,0,0,1,1,5,2,31,6,-1,-1,-1,-1,1,1,E01016864,0
Unvalidated,2024471428762,2024,471428762,1,9,0,18,5,1,0,2,5,4,0,0,1,1,6,2,48,8,-1,-1,-1,-1,4,1,E01016988,0
Unvalidated,2024471428762,2024,471428762,2,9,0,2,0,0,0,2,0,0,0,0,3,1,6,3,-1,-1,-1,-1,-1,-1,-1,-1,-1,0
Unvalidated,2024471428875,2024,471428875,1,9,0,18,5,1,0,8,0,0,0,0,1,1,1,1,42,7,-1,-1,-1,-1,5,1,E01031565,0
Unvalidated,2024471428875,2024,471428875,2,9,0,5,7,4,0,4,0,0,0,0,1,1,5,2,66,10,-1,-1,-1,-1,6,1,E01031673,0
Unvalidated,2024471428882,2024,471428882,1,9,0,18,6,2,0,3,1,0,0,0,4,1,5,2,39,7,-1,-1,-1,-1,9,1,E01031691,0
Unvalidated,2024471428882,2024,471428882,2,9,0,18,8,4,0,8,0,0,0,0,1,1,6,2,22,5,-1,-1,-1,-1,7,1,E01030850,0
Unvalidated,2024471428912,2024,471428912,1,9,0,18,3,7,0,0,0,0,1,11,1,1,2,2,53,8,-1,-1,-1,-1,6,3,E01021117,0
Unvalidated,2024471428939,2024,471428939,1,2,0,18,5,1,0,1,1,0,7,10,3,1,5,1,17,4,-1,-1,-1,-1,7,2,E01031677,0
Unvalidated,2024471429002,2024,471429002,1,9,0,18,4,8,0,0,0,4,0,0,4,1,5,1,19,4,-1,-1,-1,-1,-1,-1,-1,0
Unvalidated,2024471429002,2024,471429002,2,9,0,2,0,0,0,0,5,0,0,0,3,1,6,3,-1,-1,-1,-1,-1,-1,-1,-1,-1,0
Unvalidated,2024471429002,2024,471429002,3,9,0,2,0,0,0,0,0,0,0,0,1,1,6,3,-1,-1,-1,-1,-1,-1,-1,-1,-1,0
Unvalidated,2024471429014,2024,471429014,1,9,0,18,5,1,0,0,5,0,8,0,1,1,2,2,18,4,-1,-1,-1,-1,10,1,E01031740,0
Unvalidated,2024471429016,2024,471429016,1,3,0,18,3,7,0,0,0,0,0,0,1,1,1,1,19,4,-1,-1,-1,-1,4,1,E01021002,0
Unvalidated,2024471429016,2024,471429016,2,9,0,18,7,3,0,0,0,0,0,0,1,1,5,2,74,10,-1,-1,-1,-1,5,1,E01021001,0
Unvalidated,2024471429055,2024,471429055,1,9,0,-1,-1,-1,-1,0,-1,-1,-1,0,-1,1,6,1,44,7,-1,-1,-1,-1,-1,-1,-1,0
Unvalidated,2024471429183,2024,471429183,1,9,0,18,3,7,0,3,0,0,0,0,1,1,2,2,52,8,-1,-1,-1,-1,7,1,E01020970,0
Unvalidated,2024471429183,2024,471429183,2,19,0,5,3,7,0,8,0,0,0,0,4,1,1,1,26,6,-1,-1,-1,-1,8,3,E01031659,0
Unvalidated,2024471429264,2024,471429264,1,9,0,9,5,3,0,1,0,0,0,0,1,1,1,2,24,5,-1,-1,-1,-1,2,1,E01020925,0
Unvalidated,2024471429264,2024,471429264,2,3,0,18,3,7,0,1,0,0,0,0,1,1,6,1,22,5,-1,-1,-1,-1,4,1,E01020915,0
Unvalidated,2024471429289,2024,471429289,1,9,0,18,8,4,0,8,0,0,0,0,1,1,5,2,49,8,-1,-1,-1,-1,5,1,E01020947,0
Unvalidated,2024471429289,2024,471429289,2,9,0,18,6,2,99,8,0,0,3,99,4,1,6,3,-1,-1,-1,-1,-1,-1,-1,-1,-1,0
Unvalidated,2024471429320,2024,471429320,1,1,0,18,4,8,0,1,0,0,1,0,1,1,5,1,21,5,-1,-1,-1,-1,6,3,E01021188,0
Unvalidated,2024471429320,2024,471429320,2,9,0,5,1,8,0,6,0,0,0,0,4,1,6,2,26,6,-1,-1,-1,-1,6,2,E01021198,0
Unvalidated,2024471429384,2024,471429384,1,2,0,18,2,6,0,0,0,0,2,0,1,1,5,1,16,4,-1,-1,-1,-1,4,1,E01016977,0
Unvalidated,2024471429384,2024,471429384,2,9,0,4,2,6,0,0,0,0,0,0,2,1,5,2,64,9,-1,-1,-1,-1,4,1,E01031810,0
Unvalidated,2024471429482,2024,471429482,1,9,0,4,3,7,0,0,0,0,0,0,1,1,5,1,25,5,-1,-1,-1,-1,3,1,E01031830,0
Unvalidated,2024471429727,2024,471429727,1,4,0,13,7,3,0,0,0,0,0,0,4,1,5,2,37,7,-1,-1,-1,-1,4,1,E01031435,0
Unvalidated,2024471429727,2024,471429727,2,9,0,9,1,7,0,0,0,0,0,0,1,1,5,2,21,5,-1,-1,-1,-1,-1,-1,-1,0
Unvalidated,2024471429727,2024,471429727,3,98,0,4,7,3,0,0,0,0,0,0,0,1,1,1,63,9,-1,-1,-1,-1,6,1,E01031449,0
Unvalidated,2024471429734,2024,471429734,1,9,0,4,3,7,0,4,0,0,0,0,2,1,5,2,44,7,-1,-1,-1,-1,5,2,E01031501,0
Unvalidated,2024471429734,2024,471429734,2,9,0,5,3,7,0,4,0,0,0,0,1,1,6,2,49,8,-1,-1,-1,-1,8,1,E01031505,0
Unvalidated,2024471429816,2024,471429816,1,9,0,9,4,8,0,8,0,0,0,0,3,1,2,2,42,7,-1,-1,-1,-1,3,1,E01021090,0
Unvalidated,2024471429816,2024,471429816,2,98,0,18,2,6,0,1,0,0,0,0,1,1,1,1,26,6,-1,-1,-1,-1,-1,-1,-1,0
Unvalidated,2024471429974,2024,471429974,1,9,0,18,7,3,0,0,1,4,0,0,4,1,5,1,68,10,-1,-1,-1,-1,8,1,E01016875,0
Unvalidated,2024471429974,2024,471429974,2,9,0,18,3,7,0,0,0,0,0,0,3,1,2,2,20,4,-1,-1,-1,-1,4,1,E01016890,0
Unvalidated,2024471429974,2024,471429974,3,9,0,2,0,0,0,0,0,0,0,0,3,1,6,3,-1,-1,-1,-1,-1,-1,-1,-1,-1,0
Unvalidated,2024471429974,2024,471429974,4,9,0,2,0,0,0,0,0,0,0,0,3,1,6,3,-1,-1,-1,-1,-1,-1,-1,-1,-1,0
Unvalidated,2024471430091,2024,471430091,1,9,0,9,1,5,0,2,0,0,8,0,0,1,5,2,40,7,-1,-1,-1,-1,5,2,E01031585,0
Unvalidated,2024471430091,2024,471430091,2,9,0,18,1,5,0,1,0,0,0,0,1,1,1,1,52,8,-1,-1,-1,-1,10,1,E01015908,0
Unvalidated,2024471430091,2024,471430091,3,9,0,18,5,1,0,2,0,11,0,0,1,1,1,1,46,8,-1,-1,-1,-1,5,1,E01031731,0
Unvalidated,2024471430132,2024,471430132,1,4,0,18,7,3,0,0,0,4,0,0,1,1,6,1,22,5,-1,-1,-1,-1,1,1,E01020983,0