status,collision_index,collision_year,collision_reference,vehicle_reference,vehicle_type,towing_and_articulation,vehicle_manoeuvre,vehicle_direction_from,vehicle_direction_to,vehicle_location_restricted_lane,junction_location,skidding_and_overturning,hit_object_in_carriageway,vehicle_leaving_carriageway,hit_object_off_carriageway,first_point_of_impact,vehicle_left_hand_drive,journey_purpose_of_driver,sex_of_driver,age_of_driver,age_band_of_driver,engine_capacity_cc,propulsion_code,age_of_vehicle,generic_make_model,driver_imd_decile,driver_home_area_type,lsoa_of_driver,escooter_flag
Unvalidated,2024471430132,2024,471430132,2,11,0,2,0,0,2,0,0,0,0,0,2,2,3,1,67,10,-1,-1,-1,-1,-1,-1,-1,0
Unvalidated,2024471430153,2024,471430153,1,9,0,18,4,8,0,2,0,0,0,0,1,1,6,3,-1,-1,-1,-1,-1,-1,-1,-1,-1,0
Unvalidated,2024471430153,2024,471430153,2,97,0,16,8,2,0,2,0,0,0,0,4,1,1,1,35,6,-1,-1,-1,-1,7,1,E01016923,0
Unvalidated,2024471430197,2024,471430197,1,9,0,9,2,8,0,8,0,0,0,0,1,1,5,1,24,5,-1,-1,-1,-1,5,1,E01031378,0
Unvalidated,2024471430197,2024,471430197,2,9,0,18,6,2,0,1,0,0,0,0,1,1,2,1,32,6,-1,-1,-1,-1,8,3,E01031698,0
Unvalidated,2024471430215,2024,471430215,1,9,0,18,4,8,0,3,0,0,0,0,1,1,6,1,77,11,-1,-1,-1,-1,9,2,E01031662,0
Unvalidated,2024471430215,2024,471430215,2,3,0,18,4,8,0,3,5,0,0,0,2,1,2,1,55,8,-1,-1,-1,-1,5,2,E01031614,0
Unvalidated,2024471430217,2024,471430217,1,9,0,15,5,1,0,0,0,0,0,0,4,1,6,2,58,9,-1,-1,-1,-1,10,1,E01030463,0
Unvalidated,2024471430217,2024,471430217,2,9,0,5,5,1,0,0,0,0,0,0,3,1,6,2,-1,-1,-1,-1,-1,-1,9,2,E01017734,0
Unvalidated,2024471430237,2024,471430237,1,9,0,18,8,4,0,0,1,0,0,0,1,1,6,1,19,4,-1,-1,-1,-1,6,1,E01031636,0
Unvalidated,2024471430240,2024,471430240,1,90,0,18,1,5,0,4,0,0,1,0,1,1,6,2,39,7,-1,-1,-1,-1,1,1,E01020920,1
Unvalidated,2024471430240,2024,471430240,2,9,0,7,7,1,0,4,0,0,0,0,4,1,6,2,30,6,-1,-1,-1,-1,6,1,E01021213,0
Unvalidated,2024471430303,2024,471430303,1,4,0,18,5,1,0,0,1,0,1,0,3,1,2,1,49,8,-1,-1,-1,-1,10,1,E01031649,0
Unvalidated,2024471430368,2024,471430368,1,9,0,18,5,1,0,1,0,0,0,0,1,1,6,2,36,7,-1,-1,-1,-1,5,1,E01031565,0
Unvalidated,2024471430368,2024,471430368,2,9,0,9,7,5,0,5,0,0,0,0,4,1,6,2,30,6,-1,-1,-1,-1,5,1,E01031565,0
Unvalidated,2024471430418,2024,471430418,1,9,0,18,-1,-1,0,1,0,0,0,0,-1,1,6,3,-1,-1,-1,-1,-1,-1,-1,-1,-1,0
Unvalidated,2024471430477,2024,471430477,1,19,0,18,2,6,0,0,0,0,0,0,4,1,1,1,23,5,-1,-1,-1,-1,1,1,E01020985,0
Unvalidated,2024471430532,2024,471430532,1,1,0,3,1,5,0,4,0,0,0,0,2,1,5,1,65,9,-1,-1,-1,-1,10,1,E01011702,0
Unvalidated,2024471430532,2024,471430532,2,19,0,3,1,5,0,4,0,0,0,0,1,1,6,1,51,8,-1,-1,-1,-1,6,1,E01031817,0
Unvalidated,2024471430591,2024,471430591,1,9,0,18,3,7,0,1,0,0,0,0,1,1,5,1,21,5,-1,-1,-1,-1,9,1,E01021161,0
Unvalidated,2024471430591,2024,471430591,2,9,0,9,3,1,0,8,0,0,0,0,2,1,5,1,57,9,-1,-1,-1,-1,10,1,E01021158,0
Unvalidated,2024471430615,2024,471430615,1,9,0,18,6,2,0,1,0,0,0,0,4,1,6,1,80,11,-1,-1,-1,-1,5,3,E01021195,0
Unvalidated,2024471430615,2024,471430615,2,9,0,9,2,6,0,1,0,0,0,0,1,1,2,2,39,7,-1,-1,-1,-1,8,1,E01020931,0
Unvalidated,2024471430646,2024,471430646,1,22,0,18,1,5,0,1,0,0,0,0,1,1,6,2,75,10,-1,-1,-1,-1,4,1,E01031786,0
Unvalidated,2024471430646,2024,471430646,2,19,0,7,7,1,0,6,0,0,3,0,1,1,5,1,33,6,-1,-1,-1,-1,2,1,E01003121,0
Unvalidated,2024471430683,2024,471430683,1,9,0,9,1,7,0,8,0,0,0,0,4,1,2,2,51,8,-1,-1,-1,-1,1,1,E01016904,0
Unvalidated,2024471430683,2024,471430683,2,5,0,18,5,1,0,1,0,0,0,0,1,1,2,1,50,8,-1,-1,-1,-1,5,1,E01016851,0
Unvalidated,2024471430713,2024,471430713,1,98,0,18,8,4,0,2,0,0,0,0,1,1,2,1,26,6,-1,-1,-1,-1,1,1,E01031427,0
Unvalidated,2024471430713,2024,471430713,2,9,0,18,8,4,0,2,0,0,0,0,2,1,6,2,37,7,-1,-1,-1,-1,2,1,E01031819,0
Unvalidated,2024471430713,2024,471430713,3,9,0,4,8,4,0,2,0,0,0,0,2,1,2,1,55,8,-1,-1,-1,-1,5,1,E01031376,0
Unvalidated,2024471430808,2024,471430808,1,1,0,18,2,6,0,0,5,12,1,0,1,1,5,1,68,10,-1,-1,-1,-1,9,2,E01021191,0
Unvalidated,2024471430893,2024,471430893,1,9,0,18,2,6,0,0,0,0,0,0,1,1,5,1,80,11,-1,-1,-1,-1,7,3,E01031626,0
Unvalidated,2024471430893,2024,471430893,2,9,0,18,6,2,0,0,0,0,0,0,1,1,5,1,40,7,-1,-1,-1,-1,9,1,E01031393,0
Unvalidated,2024471430893,2024,471430893,3,98,0,3,2,4,0,0,0,0,0,0,2,1,2,1,38,7,-1,-1,-1,-1,9,2,E01031622,0
Unvalidated,2024471430893,2024,471430893,4,9,0,18,2,6,0,0,0,0,0,0,0,1,6,1,60,9,-1,-1,-1,-1,10,1,E01031763,0
Unvalidated,2024471430936,2024,471430936,1,9,0,18,5,1,0,0,0,0,0,0,3,1,5,2,19,4,-1,-1,-1,-1,6,1,E01031784,0
Unvalidated,2024471430936,2024,471430936,2,9,0,2,0,0,0,0,0,4,0,0,3,1,6,3,-1,-1,-1,-1,-1,-1,-1,-1,-1,0
Unvalidated,2024471430936,2024,471430936,3,9,0,2,0,0,0,0,0,4,0,0,4,1,6,3,-1,-1,-1,-1,-1,-1,-1,-1,-1,0
Unvalidated,2024471430953,2024,471430953,1,3,0,18,4,8,9,0,0,0,0,0,1,1,5,1,18,4,-1,-1,-1,-1,7,1,E01016961,0
Unvalidated,2024471430953,2024,471430953,2,9,0,7,3,5,0,0,0,0,0,0,2,1,5,1,63,9,-1,-1,-1,-1,6,1,E01031345,0
Unvalidated,2024471430953,2024,471430953,3,9,0,18,4,8,9,0,0,0,0,0,4,1,5,1,70,10,-1,-1,-1,-1,7,1,E01016961,0
Unvalidated,2024471430956,2024,471430956,1,9,0,3,2,6,0,1,0,0,0,0,4,1,5,2,38,7,-1,-1,-1,-1,3,1,E01031492,0
Unvalidated,2024471430956,2024,471430956,2,1,0,18,7,1,0,1,5,0,0,0,9,1,6,2,74,10,-1,-1,-1,-1,4,1,E01031494,0
Unvalidated,2024471430975,2024,471430975,1,9,0,-1,-1,-1,-1,0,-1,-1,-1,0,-1,1,6,3,-1,-1,-1,-1,-1,-1,-1,-1,-1,0
Unvalidated,2024471430975,2024,471430975,2,9,0,18,7,3,0,0,0,0,0,0,3,1,5,1,47,8,-1,-1,-1,-1,7,1,E01031438,0
Unvalidated,2024471430981,2024,471430981,1,9,0,18,7,3,0,1,0,0,0,0,1,1,2,1,19,4,-1,-1,-1,-1,6,1,E01023980,0
Unvalidated,2024471430981,2024,471430981,2,9,0,10,7,3,0,8,0,0,0,0,2,1,5,1,62,9,-1,-1,-1,-1,10,2,E01024426,0
Unvalidated,2024471431051,2024,471431051,1,9,0,17,3,7,0,0,0,7,2,7,1,1,5,1,31,6,-1,-1,-1,-1,4,2,E01030824,0
Unvalidated,2024471431094,2024,471431094,1,9,0,1,1,3,0,0,0,0,0,0,3,1,5,2,67,10,-1,-1,-1,-1,9,3,E01021026,0
Unvalidated,2024471431129,2024,471431129,1,9,0,18,1,5,0,0,0,0,0,0,4,1,6,1,73,10,-1,-1,-1,-1,8,2,E01031617,0
Unvalidated,2024471431187,2024,471431187,1,9,0,9,1,7,0,8,0,0,0,0,1,1,5,1,65,9,-1,-1,-1,-1,10,1,E01031690,0
Unvalidated,2024471431187,2024,471431187,2,1,0,18,7,3,0,1,0,0,0,0,4,1,6,1,60,9,-1,-1,-1,-1,8,1,E01031620,0
Unvalidated,2024471431187,2024,471431187,3,9,0,18,3,7,0,1,0,0,0,0,0,1,6,2,37,7,-1,-1,-1,-1,8,3,E01030529,0
Unvalidated,2024471431211,2024,471431211,1,98,0,5,6,2,0,0,0,-1,-1,0,1,1,6,1,24,5,-1,-1,-1,-1,3,1,E01031609,0
Unvalidated,2024471431211,2024,471431211,2,9,0,2,0,0,0,0,0,0,0,0,3,1,6,3,-1,-1,-1,-1,-1,-1,-1,-1,-1,0
Unvalidated,2024471431212,2024,471431212,1,9,0,9,7,1,0,6,0,0,0,0,3,1,5,2,18,4,-1,-1,-1,-1,7,1,E01031438,0
Unvalidated,2024471431212,2024,471431212,2,9,0,18,1,5,0,1,0,0,0,0,1,1,5,2,52,8,-1,-1,-1,-1,3,1,E01031459,0
Unvalidated,2024471431278,2024,471431278,1,9,0,5,1,5,0,6,0,0,0,0,1,1,2,1,33,6,-1,-1,-1,-1,4,1,E01021002,0
Unvalidated,2024471431278,2024,471431278,2,9,0,18,5,1,0,1,0,0,0,0,1,1,5,1,86,11,-1,-1,-1,-1,7,1,E01021009,0
Unvalidated,2024471431322,2024,471431322,1,9,0,18,4,2,0,8,0,0,0,0,1,1,1,1,32,6,-1,-1,-1,-1,3,1,E01031444,0
Unvalidated,2024471431322,2024,471431322,2,9,0,9,8,4,0,5,0,0,1,0,4,1,5,1,75,10,-1,-1,-1,-1,8,1,E01031418,0
Unvalidated,2024471431351,2024,471431351,1,9,0,18,3,7,0,2,2,0,0,0,1,1,1,2,39,7,-1,-1,-1,-1,5,3,E01032013,0
Unvalidated,2024471431488,2024,471431488,1,9,0,15,8,4,0,1,0,0,0,0,0,1,5,1,53,8,-1,-1,-1,-1,6,1,E01031817,0
Unvalidated,2024471431488,2024,471431488,2,1,0,18,8,4,0,1,0,4,0,0,1,1,5,1,47,8,-1,-1,-1,-1,10,2,E01031680,0
Unvalidated,2024471431488,2024,471431488,3,9,0,2,0,0,0,1,0,0,0,0,2,1,6,3,-1,-1,-1,-1,-1,-1,-1,-1,-1,0
Unvalidated,2024471431797,2024,471431797,1,9,0,18,2,6,0,1,0,0,0,0,1,1,2,1,58,9,-1,-1,-1,-1,2,1,E01031450,0
Unvalidated,2024471431848,2024,471431848,1,9,0,9,5,1,0,1,0,0,0,0,1,1,2,1,37,7,-1,-1,-1,-1,2,1,E01021092,0
Unvalidated,2024471431848,2024,471431848,2,1,0,18,8,5,0,1,0,0,0,0,1,1,6,1,55,8,-1,-1,-1,-1,4,1,E01020976,0
Unvalidated,2024471431867,2024,471431867,1,5,0,4,1,1,0,0,1,0,0,0,1,1,6,1,58,9,-1,-1,-1,-1,8,1,E01017086,0
Unvalidated,2024471431867,2024,471431867,2,9,0,4,7,3,0,0,0,0,0,0,2,1,5,1,74,10,-1,-1,-1,-1,7,3,E01031508,0
Unvalidated,2024471431899,2024,471431899,1,9,0,18,7,3,0,8,1,0,0,0,3,1,1,2,62,9,-1,-1,-1,-1,9,2,E01031683,0
Unvalidated,2024471431899,2024,471431899,2,9,0,18,3,7,0,1,0,0,0,0,3,1,2,1,50,8,-1,-1,-1,-1,9,2,E01031615,0
Unvalidated,2024471432011,2024,471432011,1,9,0,18,7,3,0,0,0,0,0,0,1,1,5,1,21,5,-1,-1,-1,-1,3,1,E01021012,0
Unvalidated,2024471432016,2024,471432016,1,9,0,9,5,3,0,8,5,0,0,0,4,1,2,2,43,7,-1,-1,-1,-1,9,2,E01031625,0
Unvalidated,2024471432016,2024,471432016,2,9,0,18,1,5,0,1,0,0,0,0,1,1,2,1,19,4,-1,-1,-1,-1,5,1,E01031394,0
Unvalidated,2024471432121,2024,471432121,1,9,0,16,1,7,0,0,0,0,0,0,2,1,1,1,31,6,-1,-1,-1,-1,10,1,E01031763,0
Unvalidated,2024471432121,2024,471432121,2,9,0,16,1,7,0,0,0,0,0,0,1,1,2,2,27,6,-1,-1,-1,-1,9,1,E01031756,0
Unvalidated,2024471432129,2024,471432129,1,9,0,3,2,6,0,0,0,0,0,0,2,1,2,2,21,5,-1,-1,-1,-1,3,1,E01016907,0
Unvalidated,2024471432129,2024,471432129,2,9,0,16,2,6,0,0,0,0,1,99,1,1,6,3,-1,-1,-1,-1,-1,-1,-1,-1,-1,0
Unvalidated,2024471432231,2024,471432231,1,9,0,18,7,3,0,0,0,0,0,0,4,1,2,1,32,6,-1,-1,-1,-1,6,3,E01021104,0
Unvalidated,2024471432231,2024,471432231,2,1,0,18,7,3,0,0,0,0,0,0,2,1,6,1,75,10,-1,-1,-1,-1,6,3,E01021104,0
Unvalidated,2024471432281,2024,471432281,1,9,0,16,5,1,0,0,0,0,0,0,3,1,2,1,58,9,-1,-1,-1,-1,7,3,E01031478,0
Unvalidated,2024471432281,2024,471432281,2,98,0,17,1,5,0,0,0,0,7,0,3,1,1,1,62,9,-1,-1,-1,-1,7,3,E01030864,0
Unvalidated,2024471432281,2024,471432281,3,98,0,17,1,5,0,0,0,0,1,0,3,1,1,1,62,9,-1,-1,-1,-1,10,2,E01030937,0
Unvalidated,2024471432292,2024,471432292,1,1,0,9,1,5,0,2,0,0,0,0,1,1,6,1,13,3,-1,-1,-1,-1,10,1,E01016984,0
Unvalidated,2024471432292,2024,471432292,2,9,0,5,1,5,0,2,0,0,0,0,1,1,6,3,-1,-1,-1,-1,-1,-1,-1,-1,-1,0
Unvalidated,2024471432379,2024,471432379,1,9,0,-1,-1,-1,-1,0,-1,-1,-1,0,-1,1,3,2,47,8,-1,-1,-1,-1,5,1,E01031705,0
Unvalidated,2024471432379,2024,471432379,2,9,0,-1,-1,-1,-1,0,-1,-1,-1,0,-1,1,6,1,-1,-1,-1,-1,-1,-1,9,1,E01031751,0
Unvalidated,2024471432405,2024,471432405,1,9,0,18,3,7,0,0,0,0,0,0,1,1,5,1,35,6,-1,-1,-1,-1,9,1,E01031493,0
Unvalidated,2024471432405,2024,471432405,2,9,0,4,3,7,0,0,0,0,0,0,2,1,2,1,29,6,-1,-1,-1,-1,3,1,E01031492,0
Unvalidated,2024471432505,2024,471432505,1,9,0,4,3,7,0,0,0,0,0,0,2,1,1,2,20,4,-1,-1,-1,-1,8,1,E01021233,0
Unvalidated,2024471432505,2024,471432505,2,9,0,18,3,7,0,0,0,0,0,0,1,1,3,1,18,4,-1,-1,-1,-1,4,1,E01020927,0
Unvalidated,2024471432572,2024,471432572,1,98,0,18,8,4,0,0,0,0,0,0,3,1,1,1,32,6,-1,-1,-1,-1,4,1,E01016378,0
Unvalidated,2024471432572,2024,471432572,2,9,0,11,8,4,0,0,0,0,0,0,4,1,6,1,65,9,-1,-1,-1,-1,6,1,E01015368,0
Unvalidated,2024471432641,2024,471432641,1,9,0,8,3,6,0,4,0,0,0,0,2,1,5,2,59,9,-1,-1,-1,-1,8,2,E01031617,0
Unvalidated,2024471432641,2024,471432641,2,9,0,3,3,8,0,4,0,0,0,0,1,1,6,1,-1,-1,-1,-1,-1,-1,8,1,E01016980,0
Unvalidated,2024471432684,2024,471432684,1,9,0,18,6,2,0,0,0,0,0,0,1,1,1,2,33,6,-1,-1,-1,-1,4,1,E01021224,0
Unvalidated,2024471432684,2024,471432684,2,21,0,3,6,2,0,0,0,0,0,0,2,1,1,1,59,9,-1,-1,-1,-1,2,1,E01031558,0
Unvalidated,2024471432772,2024,471432772,1,3,0,18,1,5,0,0,0,0,0,0,1,1,6,1,56,9,-1,-1,-1,-1,7,1,E01016916,0
Unvalidated,2024471432772,2024,471432772,2,9,0,18,1,5,0,0,0,0,0,0,2,1,5,2,26,6,-1,-1,-1,-1,8,3,E01031664,0
Unvalidated,2024471432821,2024,471432821,1,9,0,18,6,2,0,0,0,0,0,0,4,1,5,1,33,6,-1,-1,-1,-1,3,1,E01031559,0
Unvalidated,2024471432821,2024,471432821,2,9,0,18,2,6,0,0,0,0,0,0,2,1,6,1,37,7,-1,-1,-1,-1,3,1,E01031559,0
Unvalidated,2024471432821,2024,471432821,3,19,0,12,6,2,0,0,9,0,0,0,1,1,6,1,-1,-1,-1,-1,-1,-1,7,1,E01031607,0
Unvalidated,2024471432835,2024,471432835,1,3,0,18,5,1,0,4,5,0,0,0,4,1,5,1,25,5,-1,-1,-1,-1,8,3,E01031698,0
Unvalidated,2024471432835,2024,471432835,2,9,0,18,5,1,0,4,0,0,0,0,3,1,5,2,52,8,-1,-1,-1,-1,9,1,E01031769,0
Unvalidated,2024471432836,2024,471432836,1,9,0,9,7,3,0,0,1,0,1,4,1,1,5,1,54,8,-1,-1,-1,-1,9,3,E01021115,0
Unvalidated,2024471432934,2024,471432934,1,9,0,7,3,5,0,2,0,0,0,0,1,1,2,2,62,9,-1,-1,-1,-1,4,1,E01031377,0
Unvalidated,2024471432934,2024,471432934,2,1,0,18,5,5,0,1,0,0,0,0,1,1,6,2,54,8,-1,-1,-1,-1,6,1,E01031343,0
Unvalidated,2024471432955,2024,471432955,1,9,0,18,3,7,0,1,0,0,0,0,1,1,1,2,38,7,-1,-1,-1,-1,5,3,E01021096,0
Unvalidated,2024471432955,2024,471432955,2,9,0,10,3,7,0,1,0,0,0,0,2,1,2,2,35,6,-1,-1,-1,-1,2,1,E01021135,0
Unvalidated,2024471433078,2024,471433078,1,9,0,18,1,5,0,0,0,0,0,0,1,1,5,2,69,10,-1,-1,-1,-1,9,2,E01021191,0
Unvalidated,2024471433078,2024,471433078,2,90,0,18,5,1,0,0,0,0,0,0,1,1,6,2,29,6,-1,-1,-1,-1,6,3,E01021187,0
Unvalidated,2024471433104,2024,471433104,1,9,0,17,1,5,0,0,0,0,0,0,1,1,6,1,-1,-1,-1,-1,-1,-1,10,1,E01031654,0
Unvalidated,2024471433104,2024,471433104,2,19,0,17,1,5,0,0,0,0,0,0,2,1,1,1,35,6,-1,-1,-1,-1,8,1,E01021223,0
Unvalidated,2024471433224,2024,471433224,1,9,0,18,4,8,0,0,0,0,0,0,4,1,5,1,24,5,-1,-1,-1,-1,3,1,E01020981,0
Unvalidated,2024471433277,2024,471433277,1,9,0,18,4,8,9,0,0,10,1,1,1,1,5,1,66,10,-1,-1,-1,-1,9,1,E01021235,0
Unvalidated,2024471433278,2024,471433278,1,9,0,18,3,7,0,8,0,0,0,0,2,1,5,1,79,11,-1,-1,-1,-1,10,3,E01023276,0
Unvalidated,2024471433278,2024,471433278,2,5,0,18,3,7,0,8,1,11,0,0,1,1,5,1,64,9,-1,-1,-1,-1,7,1,E01031782,0
Unvalidated,2024471433278,2024,471433278,3,9,0,18,7,3,0,8,0,11,1,0,1,1,2,2,28,6,-1,-1,-1,-1,9,2,E01031615,0
Unvalidated,2024471433322,2024,471433322,1,9,0,13,8,4,0,1,0,0,0,0,4,1,6,1,-1,-1,-1,-1,-1,-1,-1,-1,-1,0
Unvalidated,2024471433322,2024,471433322,2,1,0,17,8,4,0,1,0,0,0,0,3,1,5,2,21,5,-1,-1,-1,-1,7,3,E01016899,0
Unvalidated,2024471433332,2024,471433332,1,5,0,17,3,8,0,8,1,0,0,0,3,1,6,2,47,8,-1,-1,-1,-1,9,1,E01031793,0
Unvalidated,2024471433443,2024,471433443,1,9,0,9,5,1,0,8,0,0,1,0,3,1,2,2,20,4,-1,-1,-1,-1,10,1,E01031803,0
Unvalidated,2024471433443,2024,471433443,2,9,0,18,3,7,0,1,0,0,0,0,1,1,5,2,28,6,-1,-1,-1,-1,6,1,E01031817,0
Unvalidated,2024471433480,2024,471433480,1,11,0,5,4,8,0,1,0,0,0,0,0,1,1,1,62,9,-1,-1,-1,-1,8,1,E01021027,0
Unvalidated,2024471433637,2024,471433637,1,9,0,18,4,8,0,2,0,0,0,0,3,1,6,2,68,10,-1,-1,-1,-1,7,3,E01031660,0
Unvalidated,2024471433637,2024,471433637,2,9,0,18,8,4,0,1,0,0,0,0,3,1,6,2,59,9,-1,-1,-1,-1,7,3,E01031660,0
Unvalidated,2024471433640,2024,471433640,1,1,0,5,8,5,0,4,1,10,1,0,3,1,2,1,46,8,-1,-1,-1,-1,6,1,E01031419,0
Unvalidated,2024471433640,2024,471433640,2,9,0,5,8,2,0,4,0,0,0,0,4,1,6,1,81,11,-1,-1,-1,-1,6,1,E01031440,0
Unvalidated,2024471433675,2024,471433675,1,9,0,1,1,4,0,1,0,0,0,0,2,1,5,1,48,8,-1,-1,-1,-1,3,1,E01031400,0
Unvalidated,2024471433715,2024,471433715,1,9,0,18,1,5,0,2,0,0,0,0,1,1,6,1,17,4,-1,-1,-1,-1,9,2,E01031721,0
Unvalidated,2024471433715,2024,471433715,2,9,0,18,7,3,0,1,0,0,0,0,1,1,1,1,59,9,-1,-1,-1,-1,6,1,E01031365,0
Unvalidated,2024471433727,2024,471433727,1,9,0,18,-1,-1,0,0,0,0,0,0,-1,1,6,3,-1,-1,-1,-1,-1,-1,-1,-1,-1,0
Unvalidated,2024471433734,2024,471433734,1,9,0,18,6,2,0,0,0,0,0,0,1,1,5,2,21,5,-1,-1,-1,-1,7,3,E01030583,0
Unvalidated,2024471433734,2024,471433734,2,9,0,18,2,6,0,0,0,0,0,0,1,1,5,2,48,8,-1,-1,-1,-1,9,3,E01031764,0
Unvalidated,2024471433823,2024,471433823,1,9,0,7,7,1,0,0,0,0,0,0,4,1,6,3,-1,-1,-1,-1,-1,-1,-1,-1,-1,0
Unvalidated,2024471433823,2024,471433823,2,1,0,18,7,3,0,0,0,0,0,0,-1,1,6,2,41,7,-1,-1,-1,-1,4,1,E01016988,0
Unvalidated,2024471433871,2024,471433871,1,9,0,18,2,6,0,0,0,0,0,0,1,1,6,3,-1,-1,-1,-1,-1,-1,-1,-1,-1,0
Unvalidated,2024471433871,2024,471433871,2,3,0,16,6,2,0,0,2,0,7,10,3,1,5,1,20,4,-1,-1,-1,-1,1,1,E01016942,0
Unvalidated,2024471433875,2024,471433875,1,19,0,18,3,7,0,1,0,0,0,0,4,1,6,1,55,8,-1,-1,-1,-1,6,1,E01031408,0
Unvalidated,2024471433880,2024,471433880,1,9,0,18,3,7,0,8,0,0,0,0,4,1,1,2,25,5,-1,-1,-1,-1,3,1,E01002526,0
Unvalidated,2024471433880,2024,471433880,2,9,0,5,5,1,0,4,0,0,0,0,1,1,5,2,48,8,-1,-1,-1,-1,5,1,E01031671,0
Unvalidated,2024471433880,2024,471433880,3,9,0,18,5,1,0,8,0,0,0,0,3,1,6,1,54,8,-1,-1,-1,-1,6,1,E01031604,0
Unvalidated,2024471433947,2024,471433947,1,9,0,17,3,8,0,1,5,10,0,0,1,1,5,1,41,7,-1,-1,-1,-1,6,2,E01021193,0
Unvalidated,2024471433952,2024,471433952,1,3,0,18,1,5,0,2,1,0,0,0,3,1,1,1,23,5,-1,-1,-1,-1,3,1,E01016881,0
Unvalidated,2024471433952,2024,471433952,2,9,0,18,2,1,0,2,0,0,0,0,1,1,1,1,56,9,-1,-1,-1,-1,1,1,E01016915,0
Unvalidated,2024471433984,2024,471433984,1,9,0,18,1,5,0,8,5,4,0,0,1,1,5,1,23,5,-1,-1,-1,-1,9,1,E01031714,0
Unvalidated,2024471433984,2024,471433984,2,9,0,2,0,0,0,1,0,0,0,0,3,1,6,3,-1,-1,-1,-1,-1,-1,-1,-1,-1,0
Unvalidated,2024471433997,2024,471433997,1,9,0,9,2,5,0,2,0,0,0,0,1,1,1,1,55,8,-1,-1,-1,-1,6,1,E01016933,0
Unvalidated,2024471434037,2024,471434037,1,9,0,3,7,3,0,0,0,0,0,0,2,1,5,1,52,8,-1,-1,-1,-1,9,1,E01031816,0
Unvalidated,2024471434037,2024,471434037,2,9,0,18,7,3,0,0,0,0,0,0,1,1,6,1,45,7,-1,-1,-1,-1,4,1,E01016882,0
Unvalidated,2024471434047,2024,471434047,1,1,0,18,1,5,0,8,0,0,0,0,4,1,5,1,34,6,-1,-1,-1,-1,9,1,E01020933,0
Unvalidated,2024471434047,2024,471434047,2,9,0,5,3,6,0,4,0,0,0,0,3,1,6,2,60,9,-1,-1,-1,-1,5,1,E01020921,0
Unvalidated,2024471434073,2024,471434073,1,9,0,5,2,7,0,0,0,0,0,0,1,1,5,1,25,5,-1,-1,-1,-1,8,1,E01032835,0
Unvalidated,2024471434073,2024,471434073,2,3,0,3,2,7,0,0,0,0,0,0,2,1,2,2,22,5,-1,-1,-1,-1,4,1,E01031576,0
Unvalidated,2024471434088,2024,471434088,1,9,0,9,4,2,0,1,0,0,0,0,4,1,6,1,54,8,-1,-1,-1,-1,10,1,E01031695,0
Unvalidated,2024471434088,2024,471434088,2,5,0,15,4,8,0,1,0,0,1,4,1,1,5,1,63,9,-1,-1,-1,-1,9,2,E01031615,0
Unvalidated,2024471434115,2024,471434115,1,9,0,18,2,6,0,1,1,0,0,0,1,1,2,1,57,9,-1,-1,-1,-1,6,3,E01021145,0
Unvalidated,2024471434115,2024,471434115,2,9,0,9,8,6,0,2,0,0,0,0,3,1,5,1,50,8,-1,-1,-1,-1,5,1,E01015286,0
Unvalidated,2024471434190,2024,471434190,1,9,0,7,3,7,0,0,0,0,0,0,1,1,5,1,26,6,-1,-1,-1,-1,5,1,E01020968,0
Unvalidated,2024471434190,2024,471434190,2,9,0,16,7,3,0,0,0,0,0,0,2,1,5,1,30,6,-1,-1,-1,-1,9,3,E01022547,0
Unvalidated,2024471434190,2024,471434190,3,9,0,18,7,3,0,0,0,0,0,0,2,1,5,1,28,6,-1,-1,-1,-1,1,1,E01020994,0
Unvalidated,2024471434404,2024,471434404,1,9,0,18,2,6,0,0,0,0,0,0,-1,1,6,1,87,11,-1,-1,-1,-1,6,3,E01021148,0
Unvalidated,2024471434441,2024,471434441,1,1,0,14,3,7,0,1,0,8,0,0,1,1,2,2,60,9,-1,-1,-1,-1,10,1,E01031805,0
Unvalidated,2024471434441,2024,471434441,2,9,0,2,0,0,0,1,0,0,0,0,3,1,6,2,28,6,-1,-1,-1,-1,8,1,E01031815,0
Unvalidated,2024471434466,2024,471434466,1,9,0,18,7,3,0,0,0,0,7,0,1,1,5,1,20,4,-1,-1,-1,-1,9,3,E01031723,0
Unvalidated,2024471434466,2024,471434466,2,9,0,18,3,7,0,0,0,0,0,0,3,1,6,1,52,8,-1,-1,-1,-1,6,1,E01003437,0
Unvalidated,2024471434466,2024,471434466,3,9,0,18,3,7,0,0,0,0,1,0,1,1,5,2,23,5,-1,-1,-1,-1,9,1,E01031493,0
Unvalidated,2024471434480,2024,471434480,1,19,0,18,5,1,0,8,5,0,0,0,3,1,1,1,36,7,-1,-1,-1,-1,3,1,E01000432,0
Unvalidated,2024471434480,2024,471434480,2,9,0,18,3,7,0,8,0,0,0,0,1,1,5,1,59,9,-1,-1,-1,-1,8,3,E01021230,0
Unvalidated,2024471434496,2024,471434496,1,9,0,18,6,2,0,8,0,0,0,0,1,1,6,1,-1,-1,-1,-1,-1,-1,-1,-1,-1,0
Unvalidated,2024471434496,2024,471434496,2,9,0,3,6,2,0,8,0,0,0,0,2,1,5,2,63,9,-1,-1,-1,-1,6,3,E01031692,0