status,collision_index,collision_year,collision_reference,vehicle_reference,vehicle_type,towing_and_articulation,vehicle_manoeuvre,vehicle_direction_from,vehicle_direction_to,vehicle_location_restricted_lane,junction_location,skidding_and_overturning,hit_object_in_carriageway,vehicle_leaving_carriageway,hit_object_off_carriageway,first_point_of_impact,vehicle_left_hand_drive,journey_purpose_of_driver,sex_of_driver,age_of_driver,age_band_of_driver,engine_capacity_cc,propulsion_code,age_of_vehicle,generic_make_model,driver_imd_decile,driver_home_area_type,lsoa_of_driver,escooter_flag
Unvalidated,2024471434520,2024,471434520,1,9,0,18,8,4,0,0,0,0,0,0,1,1,5,2,30,6,-1,-1,-1,-1,9,3,E01030929,0
Unvalidated,2024471434520,2024,471434520,2,9,0,18,4,8,0,0,0,0,0,0,1,1,5,1,58,9,-1,-1,-1,-1,4,1,E01020965,0
Unvalidated,2024471434571,2024,471434571,1,9,0,18,5,1,0,1,0,0,6,0,3,1,1,2,90,11,-1,-1,-1,-1,9,1,E01031416,0
Unvalidated,2024471434571,2024,471434571,2,9,0,9,5,1,0,1,0,0,0,0,2,1,6,2,36,7,-1,-1,-1,-1,3,1,E01023145,0
Unvalidated,2024471434571,2024,471434571,3,9,0,18,1,5,0,8,0,0,0,0,1,1,6,2,41,7,-1,-1,-1,-1,9,1,E01031395,0
Unvalidated,2024471434573,2024,471434573,1,9,0,18,7,3,0,0,0,0,0,0,1,1,5,2,57,9,-1,-1,-1,-1,9,1,E01031422,0
Unvalidated,2024471434573,2024,471434573,2,9,0,18,7,3,0,0,0,0,7,7,2,1,5,1,19,4,-1,-1,-1,-1,10,1,E01030581,0
Unvalidated,2024471434582,2024,471434582,1,9,0,18,3,7,0,1,0,12,7,4,1,1,5,1,26,6,-1,-1,-1,-1,5,3,E01021116,0
Unvalidated,2024471434596,2024,471434596,1,3,0,7,5,7,0,4,0,0,0,0,1,1,6,1,19,4,-1,-1,-1,-1,1,1,E01031427,0
Unvalidated,2024471434596,2024,471434596,2,9,0,18,3,6,0,8,0,0,0,0,4,1,6,1,53,8,-1,-1,-1,-1,5,1,E01031442,0
Unvalidated,2024471434684,2024,471434684,1,1,0,18,1,5,0,1,0,0,0,0,1,1,6,1,18,4,-1,-1,-1,-1,10,1,E01021227,0
Unvalidated,2024471434684,2024,471434684,2,9,0,5,3,1,0,1,0,0,0,0,1,1,6,2,27,6,-1,-1,-1,-1,1,1,E01020993,0
Unvalidated,2024471434750,2024,471434750,1,9,0,5,1,5,0,2,0,0,0,0,1,1,2,2,38,7,-1,-1,-1,-1,9,1,E01021208,0
Unvalidated,2024471434750,2024,471434750,2,9,0,18,7,3,0,8,0,0,0,0,4,1,6,1,83,11,-1,-1,-1,-1,8,1,E01021214,0
Unvalidated,2024471434750,2024,471434750,3,9,0,2,0,0,0,2,0,0,0,0,4,1,6,3,-1,-1,-1,-1,-1,-1,-1,-1,-1,0
Unvalidated,2024471434750,2024,471434750,4,9,0,2,0,0,0,2,0,0,0,0,2,1,6,3,-1,-1,-1,-1,-1,-1,-1,-1,-1,0
Unvalidated,2024471434750,2024,471434750,5,19,0,2,0,0,0,2,0,0,0,0,2,1,6,3,-1,-1,-1,-1,-1,-1,-1,-1,-1,0
Unvalidated,2024471434911,2024,471434911,1,9,0,9,8,6,0,0,0,0,0,0,1,1,6,2,85,11,-1,-1,-1,-1,6,3,E01021149,0
Unvalidated,2024471434911,2024,471434911,2,9,0,18,6,2,0,0,0,0,0,0,1,1,6,2,62,9,-1,-1,-1,-1,10,2,E01021194,0
Unvalidated,2024471434919,2024,471434919,1,9,0,18,3,7,0,1,0,0,0,0,4,1,5,1,51,8,-1,-1,-1,-1,6,1,E01016859,0
Unvalidated,2024471434919,2024,471434919,2,1,0,18,3,7,0,1,0,0,0,0,3,1,6,1,90,11,-1,-1,-1,-1,8,1,E01016980,0
Unvalidated,2024471434933,2024,471434933,1,9,0,18,7,3,0,0,0,0,0,0,1,2,6,1,-1,-1,-1,-1,-1,-1,-1,-1,-1,0
Unvalidated,2024471434933,2024,471434933,2,9,0,4,7,3,0,0,0,0,0,0,2,1,6,1,36,7,-1,-1,-1,-1,9,1,E01031416,0
Unvalidated,2024471434933,2024,471434933,3,9,0,4,3,7,0,0,0,0,0,0,2,1,2,2,63,9,-1,-1,-1,-1,4,1,E01031469,0
Unvalidated,2024471434933,2024,471434933,4,9,0,4,7,3,0,0,0,0,0,0,2,2,1,1,62,9,-1,-1,-1,-1,8,1,E01031457,0
Unvalidated,2024471434977,2024,471434977,1,9,0,18,3,7,0,0,5,4,0,0,4,1,5,1,18,4,-1,-1,-1,-1,7,1,E01016979,0
Unvalidated,2024471434977,2024,471434977,2,9,0,2,0,0,0,0,0,0,0,0,2,1,6,3,-1,-1,-1,-1,-1,-1,-1,-1,-1,0
Unvalidated,2024471434977,2024,471434977,3,9,0,2,0,0,0,0,0,0,0,0,1,1,6,3,-1,-1,-1,-1,-1,-1,-1,-1,-1,0
Unvalidated,2024471434998,2024,471434998,1,9,0,18,3,7,0,1,0,0,0,0,1,1,2,1,49,8,-1,-1,-1,-1,5,1,E01021064,0
Unvalidated,2024471435011,2024,471435011,1,9,0,18,1,5,0,2,0,0,8,1,1,1,2,1,39,7,-1,-1,-1,-1,7,1,E01031379,0
Unvalidated,2024471435055,2024,471435055,1,19,0,18,7,3,0,1,0,0,0,0,1,1,2,1,28,6,-1,-1,-1,-1,10,1,E01031763,0
Unvalidated,2024471435055,2024,471435055,2,9,0,4,7,3,0,1,0,0,0,0,2,1,5,2,36,7,-1,-1,-1,-1,10,1,E01021219,0
Unvalidated,2024471435055,2024,471435055,3,9,0,10,7,3,0,1,0,0,0,0,2,1,2,1,47,8,-1,-1,-1,-1,7,1,E01021043,0
Unvalidated,2024471435055,2024,471435055,4,9,0,1,1,5,9,1,0,7,0,0,2,1,5,1,66,10,-1,-1,-1,-1,10,1,E01021219,0
Unvalidated,2024471435124,2024,471435124,1,1,0,5,7,3,0,0,0,0,0,0,1,1,6,1,12,3,-1,-1,-1,-1,-1,-1,-1,0
Unvalidated,2024471435124,2024,471435124,2,9,0,18,7,3,0,0,0,0,0,0,1,1,6,2,65,9,-1,-1,-1,-1,5,1,E01031605,0
Unvalidated,2024471435181,2024,471435181,1,1,0,4,6,3,0,1,0,0,0,0,1,1,5,2,41,7,-1,-1,-1,-1,5,1,E01016989,0
Unvalidated,2024471435181,2024,471435181,2,97,0,13,6,2,0,1,0,0,0,0,1,1,6,3,-1,-1,-1,-1,-1,-1,-1,-1,-1,0
Unvalidated,2024471435245,2024,471435245,1,19,0,-1,-1,-1,-1,0,-1,-1,-1,0,-1,1,1,1,35,6,-1,-1,-1,-1,2,1,E01001576,0
Unvalidated,2024471435247,2024,471435247,1,9,0,6,1,5,0,1,0,0,0,0,1,1,6,2,43,7,-1,-1,-1,-1,1,1,E01020992,0
Unvalidated,2024471435450,2024,471435450,1,9,0,18,5,1,0,0,5,0,1,0,1,1,2,1,39,7,-1,-1,-1,-1,9,1,E01021156,0
Unvalidated,2024471435540,2024,471435540,1,9,0,7,5,7,0,4,0,0,0,0,3,1,6,1,84,11,-1,-1,-1,-1,1,1,E01016880,0
Unvalidated,2024471435540,2024,471435540,2,9,0,18,3,7,0,8,0,11,7,1,1,1,2,1,26,6,-1,-1,-1,-1,3,1,E01016921,0
Unvalidated,2024471435575,2024,471435575,1,9,0,18,1,5,0,0,0,0,0,0,4,2,1,2,57,9,-1,-1,-1,-1,10,1,E01031822,0
Unvalidated,2024471435575,2024,471435575,2,1,0,18,7,3,0,0,1,0,0,0,4,1,4,1,11,3,-1,-1,-1,-1,6,1,E01031784,0
Unvalidated,2024471435590,2024,471435590,1,1,0,9,-1,-1,0,5,2,0,0,0,9,1,5,1,14,3,-1,-1,-1,-1,9,1,E01021072,0
Unvalidated,2024471435590,2024,471435590,2,9,0,13,-1,-1,0,1,0,0,0,0,9,1,6,1,24,5,-1,-1,-1,-1,7,1,E01020938,0
Unvalidated,2024471435621,2024,471435621,1,3,0,18,7,3,0,1,0,0,0,0,1,1,6,1,25,5,-1,-1,-1,-1,5,1,E01031599,0
Unvalidated,2024471435621,2024,471435621,2,9,0,3,7,3,0,8,0,0,0,0,2,1,5,2,41,7,-1,-1,-1,-1,7,1,E01031566,0
Unvalidated,2024471435677,2024,471435677,1,11,0,5,5,1,3,1,0,0,0,0,0,1,6,1,46,8,-1,-1,-1,-1,1,1,E01016866,0
Unvalidated,2024471435682,2024,471435682,1,9,0,5,3,7,0,6,0,0,7,11,1,1,6,2,61,9,-1,-1,-1,-1,4,1,E01001222,0
Unvalidated,2024471435682,2024,471435682,2,10,0,18,6,2,0,2,0,0,0,0,3,1,6,2,37,7,-1,-1,-1,-1,7,3,E01031722,0
Unvalidated,2024471435690,2024,471435690,1,19,0,18,2,6,0,8,0,0,0,0,2,1,1,2,55,8,-1,-1,-1,-1,6,3,E01031477,0
Unvalidated,2024471435690,2024,471435690,2,3,0,18,2,6,0,8,1,0,1,0,1,1,2,2,21,5,-1,-1,-1,-1,6,3,E01031477,0
Unvalidated,2024471435732,2024,471435732,1,9,0,9,1,6,0,8,0,0,0,0,3,1,5,1,38,7,-1,-1,-1,-1,9,1,E01031340,0
Unvalidated,2024471435732,2024,471435732,2,97,0,18,7,3,0,8,0,0,0,0,1,1,6,1,70,10,-1,-1,-1,-1,9,1,E01031691,0
Unvalidated,2024471435746,2024,471435746,1,9,0,18,5,1,0,8,0,0,0,0,-1,1,6,3,-1,-1,-1,-1,-1,-1,-1,-1,-1,0
Unvalidated,2024471435821,2024,471435821,1,9,0,5,1,5,0,0,0,0,0,0,1,1,1,2,47,8,-1,-1,-1,-1,6,2,E01022880,0
Unvalidated,2024471435821,2024,471435821,2,9,0,5,6,1,5,0,0,0,0,0,1,1,5,2,27,6,-1,-1,-1,-1,2,1,E01031819,0
Unvalidated,2024471435821,2024,471435821,3,9,0,2,0,0,6,0,0,0,0,0,3,1,6,3,-1,-1,-1,-1,-1,-1,-1,-1,-1,0
Unvalidated,2024471435821,2024,471435821,4,9,0,2,0,0,6,0,0,0,0,0,2,1,6,3,-1,-1,-1,-1,-1,-1,-1,-1,-1,0
Unvalidated,2024471435824,2024,471435824,1,9,0,17,5,1,0,0,5,0,0,0,1,1,2,2,69,10,-1,-1,-1,-1,3,1,E01030547,0
Unvalidated,2024471435884,2024,471435884,1,1,0,18,7,3,4,1,0,0,0,0,1,1,2,2,21,5,-1,-1,-1,-1,6,1,E01016889,0
Unvalidated,2024471435884,2024,471435884,2,9,0,-1,-1,-1,0,1,-1,-1,-1,0,-1,1,6,1,-1,-1,-1,-1,-1,-1,-1,-1,-1,0
Unvalidated,2024471436119,2024,471436119,1,9,0,18,1,6,0,2,5,0,1,4,1,1,5,2,71,10,-1,-1,-1,-1,9,3,E01030492,0
Unvalidated,2024471436157,2024,471436157,1,9,0,18,6,2,0,0,5,0,1,1,1,1,1,1,53,8,-1,-1,-1,-1,7,3,E01021022,0
Unvalidated,2024471436183,2024,471436183,1,9,0,18,3,7,0,1,0,0,0,0,1,1,2,1,24,5,-1,-1,-1,-1,9,1,E01031489,0
Unvalidated,2024471436183,2024,471436183,2,9,0,18,3,7,0,1,0,0,0,0,2,1,5,2,56,9,-1,-1,-1,-1,6,3,E01031516,0
Unvalidated,2024471436206,2024,471436206,1,21,0,9,8,5,0,1,0,0,0,0,2,1,1,1,62,9,-1,-1,-1,-1,3,3,E01020073,0
Unvalidated,2024471436210,2024,471436210,1,9,0,18,5,1,0,0,0,0,7,0,1,2,5,1,18,4,-1,-1,-1,-1,8,3,E01031521,0
Unvalidated,2024471436210,2024,471436210,2,9,0,9,7,3,8,0,0,0,0,0,1,1,5,2,49,8,-1,-1,-1,-1,7,3,E01031478,0
Unvalidated,2024471436224,2024,471436224,1,9,0,7,3,5,0,5,0,0,0,0,3,1,6,2,21,5,-1,-1,-1,-1,4,1,E01001183,0
Unvalidated,2024471436242,2024,471436242,1,9,0,18,5,1,0,1,0,0,0,0,1,1,6,3,-1,-1,-1,-1,-1,-1,-1,-1,-1,0
Unvalidated,2024471436242,2024,471436242,2,9,0,1,3,7,0,1,0,0,0,0,3,1,6,1,29,6,-1,-1,-1,-1,2,1,E01021092,0
Unvalidated,2024471436242,2024,471436242,3,9,0,2,0,0,0,1,0,0,0,0,4,1,6,3,-1,-1,-1,-1,-1,-1,-1,-1,-1,0
Unvalidated,2024471436242,2024,471436242,4,9,0,2,0,0,0,1,0,0,0,0,3,1,6,3,-1,-1,-1,-1,-1,-1,-1,-1,-1,0
Unvalidated,2024471436242,2024,471436242,5,9,0,2,0,0,0,1,0,0,0,0,2,1,6,3,-1,-1,-1,-1,-1,-1,-1,-1,-1,0
Unvalidated,2024471436247,2024,471436247,1,3,0,18,7,3,0,8,1,0,0,0,3,1,2,1,19,4,-1,-1,-1,-1,6,1,E01030586,0
Unvalidated,2024471436247,2024,471436247,2,98,0,18,3,7,0,1,0,0,0,0,0,1,6,3,-1,-1,-1,-1,-1,-1,-1,-1,-1,0
Unvalidated,2024471436257,2024,471436257,1,9,0,18,5,1,0,0,1,0,2,1,4,1,5,1,23,5,-1,-1,-1,-1,4,1,E01020936,0
Unvalidated,2024471436283,2024,471436283,1,9,0,18,7,2,0,2,1,10,2,11,1,1,5,1,26,6,-1,-1,-1,-1,5,1,E01031794,0
Unvalidated,2024471436283,2024,471436283,2,19,0,2,0,0,0,8,0,0,0,0,4,1,6,3,-1,-1,-1,-1,-1,-1,-1,-1,-1,0
Unvalidated,2024471436492,2024,471436492,1,9,0,5,3,7,0,2,0,0,1,4,4,1,5,1,18,4,-1,-1,-1,-1,6,1,E01031408,0
Unvalidated,2024471436550,2024,471436550,1,9,0,9,2,8,0,8,0,0,0,0,1,1,2,1,33,6,-1,-1,-1,-1,3,1,E01024795,0
Unvalidated,2024471436550,2024,471436550,2,9,0,17,6,3,0,8,0,0,0,0,1,1,2,2,22,5,-1,-1,-1,-1,5,1,E01031605,0
Unvalidated,2024471436631,2024,471436631,1,9,0,18,6,2,0,0,0,0,0,0,1,1,6,1,36,7,-1,-1,-1,-1,3,1,E01031347,0
Unvalidated,2024471436631,2024,471436631,2,1,0,18,6,2,0,0,0,0,0,0,3,1,6,1,42,7,-1,-1,-1,-1,7,1,E01031374,0
Unvalidated,2024471436703,2024,471436703,1,9,0,18,8,4,0,8,0,0,0,0,1,1,6,1,44,7,-1,-1,-1,-1,4,1,E01031809,0
Unvalidated,2024471436703,2024,471436703,2,9,0,18,2,6,0,2,0,0,0,0,4,1,5,2,51,8,-1,-1,-1,-1,8,1,E01017000,0
Unvalidated,2024471436706,2024,471436706,1,9,0,9,5,1,0,0,0,0,0,0,1,1,5,1,39,7,-1,-1,-1,-1,9,3,E01021023,0
Unvalidated,2024471436706,2024,471436706,2,5,0,18,1,5,0,0,0,0,0,0,1,1,5,1,55,8,-1,-1,-1,-1,9,1,E01031711,0
Unvalidated,2024471436728,2024,471436728,1,9,0,12,2,6,0,2,0,0,0,0,1,1,6,1,29,6,-1,-1,-1,-1,8,1,E01021061,0
Unvalidated,2024471436728,2024,471436728,2,9,0,11,6,2,0,1,0,0,0,0,1,1,5,1,59,9,-1,-1,-1,-1,7,1,E01031375,0
Unvalidated,2024471436798,2024,471436798,1,9,0,18,4,8,0,0,0,0,0,0,1,1,5,1,55,8,-1,-1,-1,-1,6,3,E01021200,0
Unvalidated,2024471436798,2024,471436798,2,9,0,18,8,4,0,0,0,0,0,0,1,1,5,1,20,4,-1,-1,-1,-1,4,1,E01024620,0
Unvalidated,2024471436798,2024,471436798,3,9,0,2,0,0,0,0,0,0,0,0,3,1,6,3,-1,-1,-1,-1,-1,-1,-1,-1,-1,0
Unvalidated,2024471436798,2024,471436798,4,9,0,2,0,0,0,0,0,0,0,0,1,1,6,3,-1,-1,-1,-1,-1,-1,-1,-1,-1,0
Unvalidated,2024471436800,2024,471436800,1,9,0,18,5,1,0,0,0,0,0,0,1,1,6,1,60,9,-1,-1,-1,-1,7,3,E01031697,0
Unvalidated,2024471436801,2024,471436801,1,9,0,17,3,7,0,0,0,0,1,1,1,1,6,1,32,6,-1,-1,-1,-1,7,3,E01031508,0
Unvalidated,2024471437090,2024,471437090,1,9,0,18,7,3,0,1,0,0,0,0,2,1,6,2,27,6,-1,-1,-1,-1,6,1,E01031408,0
Unvalidated,2024471437090,2024,471437090,2,1,0,18,5,1,0,1,0,0,0,0,1,1,6,1,-1,-1,-1,-1,-1,-1,4,1,E01031455,0
Unvalidated,2024471437110,2024,471437110,1,3,0,18,6,2,9,0,0,0,0,0,1,1,6,3,-1,-1,-1,-1,-1,-1,-1,-1,-1,0
Unvalidated,2024471437140,2024,471437140,1,9,0,18,2,6,0,0,0,0,1,10,3,2,6,1,74,10,-1,-1,-1,-1,9,1,E01030625,0
Unvalidated,2024471437140,2024,471437140,2,9,0,18,6,2,0,0,0,0,1,10,1,1,1,1,65,9,-1,-1,-1,-1,5,3,E01031498,0
Unvalidated,2024471437140,2024,471437140,3,9,0,18,6,2,0,0,0,0,8,11,4,1,2,1,35,6,-1,-1,-1,-1,5,2,E01031512,0
Unvalidated,2024471437140,2024,471437140,4,9,0,18,2,6,0,0,0,0,7,10,1,1,2,1,48,8,-1,-1,-1,-1,10,1,E01031745,0
Unvalidated,2024471437191,2024,471437191,1,9,0,18,1,5,0,0,0,0,0,0,1,1,2,1,50,8,-1,-1,-1,-1,4,1,E01020924,0
Unvalidated,2024471437191,2024,471437191,2,90,0,18,6,2,0,0,0,0,0,0,4,1,6,1,13,3,-1,-1,-1,-1,6,1,E01020950,0
Unvalidated,2024471437192,2024,471437192,1,9,0,18,5,1,0,0,0,0,0,0,1,1,6,2,20,4,-1,-1,-1,-1,6,1,E01031636,0
Unvalidated,2024471437192,2024,471437192,2,9,0,18,1,5,0,0,1,0,1,0,1,1,6,2,48,8,-1,-1,-1,-1,-1,3,-1,0
Unvalidated,2024471437201,2024,471437201,1,98,0,18,5,1,0,0,0,0,0,0,2,1,6,1,38,7,-1,-1,-1,-1,7,3,E01021205,0
Unvalidated,2024471437201,2024,471437201,2,5,0,18,5,1,0,0,0,4,0,0,1,1,6,1,46,8,-1,-1,-1,-1,3,1,E01021044,0
Unvalidated,2024471437219,2024,471437219,1,9,0,12,8,4,0,1,1,4,0,0,1,1,2,1,30,6,-1,-1,-1,-1,7,1,E01031567,0
Unvalidated,2024471437219,2024,471437219,2,9,0,2,0,0,0,1,1,0,0,0,3,1,6,3,-1,-1,-1,-1,-1,-1,-1,-1,-1,0
Unvalidated,2024471437219,2024,471437219,3,9,0,2,0,0,0,1,0,4,1,0,2,1,6,3,-1,-1,-1,-1,-1,-1,-1,-1,-1,0
Unvalidated,2024471437219,2024,471437219,4,9,0,2,0,0,0,1,0,0,0,0,1,1,6,3,-1,-1,-1,-1,-1,-1,-1,-1,-1,0
Unvalidated,2024471437294,2024,471437294,1,5,0,3,8,4,0,0,0,0,0,0,4,1,5,1,40,7,-1,-1,-1,-1,4,1,E01030634,0
Unvalidated,2024471437294,2024,471437294,2,9,0,18,8,4,0,0,0,0,0,0,1,1,6,1,67,10,-1,-1,-1,-1,4,1,E01031572,0
Unvalidated,2024471437397,2024,471437397,1,9,0,1,7,3,0,0,0,0,1,11,2,1,5,1,89,11,-1,-1,-1,-1,9,3,E01021168,0
Unvalidated,2024471437397,2024,471437397,2,9,0,18,5,1,0,0,0,0,0,0,2,1,5,1,59,9,-1,-1,-1,-1,9,1,E01031711,0
Unvalidated,2024471437397,2024,471437397,3,9,0,2,0,0,9,0,0,0,0,0,3,1,6,3,-1,-1,-1,-1,-1,-1,-1,-1,-1,0
Unvalidated,2024471437397,2024,471437397,4,9,0,2,0,0,0,0,0,0,0,0,3,1,6,3,-1,-1,-1,-1,-1,-1,-1,-1,-1,0
Unvalidated,2024471437500,2024,471437500,1,9,0,-1,-1,-1,0,1,0,0,0,0,-1,1,6,3,-1,-1,-1,-1,-1,-1,-1,-1,-1,0
Unvalidated,2024471437500,2024,471437500,2,-1,0,-1,-1,-1,0,1,0,0,0,0,1,1,6,3,-1,-1,-1,-1,-1,-1,-1,-1,-1,0
Unvalidated,2024471437537,2024,471437537,1,20,0,18,5,1,0,0,0,4,0,0,1,1,1,1,72,10,-1,-1,-1,-1,8,1,E01031399,0
Unvalidated,2024471437537,2024,471437537,2,19,4,2,0,0,0,0,0,0,0,0,2,1,2,1,25,5,-1,-1,-1,-1,-1,-1,-1,0
Unvalidated,2024471437550,2024,471437550,1,9,0,5,2,4,0,1,0,0,0,0,3,1,2,1,27,6,-1,-1,-1,-1,8,1,E01032835,0
Unvalidated,2024471437550,2024,471437550,2,3,0,18,7,2,0,1,1,0,0,0,1,1,6,1,18,4,-1,-1,-1,-1,4,1,E01031596,0
Unvalidated,2024471437561,2024,471437561,1,11,0,18,-1,-1,2,9,0,0,0,0,1,1,5,1,59,9,-1,-1,-1,-1,5,1,E01031574,0
Unvalidated,2024471437561,2024,471437561,2,9,0,7,-1,-1,99,5,9,0,0,0,2,1,6,1,34,6,-1,-1,-1,-1,3,1,E01030547,0
Unvalidated,2024471437565,2024,471437565,1,9,0,17,8,4,0,0,0,0,0,0,1,1,6,2,80,11,-1,-1,-1,-1,4,1,E01020928,0
Unvalidated,2024471437602,2024,471437602,1,9,0,17,5,1,0,0,0,0,1,4,1,1,5,1,45,7,-1,-1,-1,-1,10,1,E01031650,0
Unvalidated,2024471437628,2024,471437628,1,9,0,5,2,5,0,4,0,0,0,0,3,1,5,2,51,8,-1,-1,-1,-1,6,3,E01031676,0
Unvalidated,2024471437628,2024,471437628,2,1,0,18,8,7,0,8,0,0,0,0,1,1,6,1,47,8,-1,-1,-1,-1,5,1,E01031671,0
Unvalidated,2024471437629,2024,471437629,1,9,0,9,7,5,0,6,0,0,0,0,3,1,5,1,53,8,-1,-1,-1,-1,5,1,E01031571,0
Unvalidated,2024471437629,2024,471437629,2,9,0,18,5,1,0,1,0,0,0,0,3,1,5,1,35,6,-1,-1,-1,-1,5,1,E01031574,0
Unvalidated,2024471437643,2024,471437643,1,9,0,9,3,7,0,0,0,0,7,10,1,1,5,1,92,11,-1,-1,-1,-1,7,1,E01031708,0
Unvalidated,2024471437721,2024,471437721,1,1,0,18,3,7,0,1,0,0,0,0,1,1,6,3,-1,-1,-1,-1,-1,-1,-1,-1,-1,0
Unvalidated,2024471437982,2024,471437982,1,9,0,10,8,6,0,5,0,0,0,0,2,2,5,2,53,8,-1,-1,-1,-1,8,2,E01031726,0
Unvalidated,2024471437982,2024,471437982,2,1,0,18,8,6,0,1,0,0,0,0,1,1,6,1,17,4,-1,-1,-1,-1,8,1,E01016893,0
Unvalidated,2024471437993,2024,471437993,1,19,0,18,3,7,0,4,0,0,0,0,1,1,1,1,43,7,-1,-1,-1,-1,3,3,E01031956,0
Unvalidated,2024471437993,2024,471437993,2,9,0,3,7,3,0,4,0,0,0,0,2,1,5,2,81,11,-1,-1,-1,-1,5,1,E01031568,0
Unvalidated,2024471438010,2024,471438010,1,9,0,3,2,4,0,0,0,0,0,0,2,1,2,1,63,9,-1,-1,-1,-1,5,1,E01031577,0
Unvalidated,2024471438010,2024,471438010,2,90,0,18,2,4,0,0,0,0,0,0,1,1,6,1,35,6,-1,-1,-1,-1,10,1,E01031646,0
Unvalidated,2024471438025,2024,471438025,1,9,0,18,1,6,0,1,5,4,0,0,1,1,5,2,41,7,-1,-1,-1,-1,8,2,E01027348,0
Unvalidated,2024471438025,2024,471438025,2,9,0,2,0,0,0,2,0,0,7,0,1,1,6,3,-1,-1,-1,-1,-1,-1,-1,-1,-1,0
Unvalidated,2024471438040,2024,471438040,1,9,0,18,1,5,0,0,0,0,0,0,1,1,5,1,17,4,-1,-1,-1,-1,10,1,E01031734,0
Unvalidated,2024471438040,2024,471438040,2,9,0,2,0,0,0,0,0,0,0,0,1,1,6,3,-1,-1,-1,-1,-1,-1,-1,-1,-1,0
Unvalidated,2024471438040,2024,471438040,3,9,0,2,0,0,0,0,0,0,0,0,2,1,6,3,-1,-1,-1,-1,-1,-1,-1,-1,-1,0
Unvalidated,2024471438040,2024,471438040,4,9,0,2,0,0,0,0,0,0,0,0,3,1,6,3,-1,-1,-1,-1,-1,-1,-1,-1,-1,0
Unvalidated,2024471438114,2024,471438114,1,9,0,18,1,5,0,0,0,0,0,0,1,2,5,2,24,5,-1,-1,-1,-1,5,3,E01021109,0
Unvalidated,2024471438114,2024,471438114,2,9,0,4,1,5,0,0,0,0,0,0,2,1,3,2,31,6,-1,-1,-1,-1,5,3,E01021114,0
Unvalidated,2024471438155,2024,471438155,1,5,0,10,4,2,0,0,0,0,0,0,2,1,1,1,62,9,-1,-1,-1,-1,6,1,E01021033,0
Unvalidated,2024471438155,2024,471438155,2,9,0,18,4,8,0,0,0,0,0,0,1,1,6,2,80,11,-1,-1,-1,-1,7,3,E01021164,0
Unvalidated,2024471438403,2024,471438403,1,1,0,18,3,7,0,0,0,0,0,0,2,1,5,2,58,9,-1,-1,-1,-1,10,1,E01031774,0
Unvalidated,2024471438403,2024,471438403,2,9,0,18,3,7,0,0,0,0,0,0,1,1,6,1,79,11,-1,-1,-1,-1,7,3,E01021164,0
Unvalidated,2024471438403,2024,471438403,3,1,0,18,3,7,0,0,0,0,0,0,0,1,1,2,59,9,-1,-1,-1,-1,9,3,E01031727,0
Unvalidated,2024471438424,2024,471438424,1,1,0,18,1,5,0,8,5,0,0,0,3,1,5,1,52,8,-1,-1,-1,-1,2,1,E01031819,0
Unvalidated,2024471438424,2024,471438424,2,9,0,8,7,1,0,6,0,0,0,0,1,1,6,1,57,9,-1,-1,-1,-1,8,1,E01031840,0
Unvalidated,2024471438485,2024,471438485,1,9,0,14,3,7,0,0,0,0,0,0,4,1,5,1,72,10,-1,-1,-1,-1,10,1,E01031412,0
Unvalidated,2024471438485,2024,471438485,2,3,0,6,3,7,0,0,0,0,0,0,4,1,5,1,24,5,-1,-1,-1,-1,7,1,E01031414,0
Unvalidated,2024471438516,2024,471438516,1,98,0,5,5,3,6,6,0,0,0,0,3,1,5,1,68,10,-1,-1,-1,-1,9,1,E01004098,0
Unvalidated,2024471438516,2024,471438516,2,9,0,18,3,7,0,1,0,0,0,0,1,1,2,1,69,10,-1,-1,-1,-1,6,1,E01031408,0
Unvalidated,2024471438712,2024,471438712,1,9,0,1,5,1,0,2,0,0,0,0,2,1,6,2,28,6,-1,-1,-1,-1,7,1,E01031349,0
Unvalidated,2024471438714,2024,471438714,1,9,-1,18,8,4,0,0,0,0,0,0,3,1,6,1,78,11,-1,-1,-1,-1,6,2,E01021193,0
Unvalidated,2024471438803,2024,471438803,1,9,0,5,7,3,9,0,0,0,0,0,2,1,1,2,67,10,-1,-1,-1,-1,-1,-1,-1,0
Unvalidated,2024471438819,2024,471438819,1,9,0,1,3,7,0,1,0,0,0,0,2,1,1,1,64,9,-1,-1,-1,-1,1,1,E01020978,0
Unvalidated,2024471438962,2024,471438962,1,9,0,5,3,7,0,8,0,0,0,0,1,1,1,1,53,8,-1,-1,-1,-1,6,1,E01016970,0
Unvalidated,2024471439042,2024,471439042,1,1,0,17,2,1,0,3,0,0,0,0,4,1,5,1,69,10,-1,-1,-1,-1,8,1,E01031655,0
Unvalidated,2024471439042,2024,471439042,2,9,0,18,6,2,0,4,0,0,0,0,1,1,6,2,82,11,-1,-1,-1,-1,8,3,E01031634,0
Unvalidated,2024471439062,2024,471439062,1,1,0,3,3,7,0,0,0,0,0,0,0,1,2,1,36,7,-1,-1,-1,-1,9,1,E01031800,0
Unvalidated,2024471439062,2024,471439062,2,9,0,1,3,7,0,0,0,0,0,0,2,1,6,2,81,11,-1,-1,-1,-1,4,1,E01031799,0