status,collision_index,collision_year,collision_reference,vehicle_reference,vehicle_type,towing_and_articulation,vehicle_manoeuvre,vehicle_direction_from,vehicle_direction_to,vehicle_location_restricted_lane,junction_location,skidding_and_overturning,hit_object_in_carriageway,vehicle_leaving_carriageway,hit_object_off_carriageway,first_point_of_impact,vehicle_left_hand_drive,journey_purpose_of_driver,sex_of_driver,age_of_driver,age_band_of_driver,engine_capacity_cc,propulsion_code,age_of_vehicle,generic_make_model,driver_imd_decile,driver_home_area_type,lsoa_of_driver,escooter_flag
Unvalidated,2024471439104,2024,471439104,1,9,0,18,7,3,0,0,5,0,1,3,1,1,5,2,31,6,-1,-1,-1,-1,6,3,E01021087,0
Unvalidated,2024471439115,2024,471439115,1,9,0,7,1,5,0,2,5,0,2,0,4,1,5,1,23,5,-1,-1,-1,-1,7,3,E01021199,0
Unvalidated,2024471439115,2024,471439115,2,9,0,10,1,5,0,1,0,0,0,0,3,1,5,1,55,8,-1,-1,-1,-1,8,3,E01031506,0
Unvalidated,2024471439139,2024,471439139,1,90,0,18,4,8,0,1,0,0,0,0,1,1,6,3,-1,-1,-1,-1,-1,-1,-1,-1,-1,1
Unvalidated,2024471439214,2024,471439214,1,5,0,18,3,7,0,0,1,0,0,0,1,1,5,1,58,9,-1,-1,-1,-1,3,1,E01031783,0
Unvalidated,2024471439214,2024,471439214,2,9,0,5,0,3,0,0,0,0,0,0,3,1,6,2,21,5,-1,-1,-1,-1,6,1,E01031777,0
Unvalidated,2024471439226,2024,471439226,1,1,0,18,2,6,9,1,0,0,0,0,1,1,5,1,18,4,-1,-1,-1,-1,1,1,E01020983,0
Unvalidated,2024471439230,2024,471439230,1,9,0,9,7,5,0,4,0,0,0,0,1,1,2,1,36,7,-1,-1,-1,-1,8,1,E01022607,0
Unvalidated,2024471439230,2024,471439230,2,97,0,18,5,1,0,4,1,0,0,0,4,1,6,1,16,4,-1,-1,-1,-1,8,1,E01031535,0
Unvalidated,2024471439359,2024,471439359,1,9,0,18,5,1,0,0,0,0,0,0,1,1,5,1,34,6,-1,-1,-1,-1,6,1,E01031743,0
Unvalidated,2024471439359,2024,471439359,2,9,0,18,1,5,0,0,0,0,0,0,1,1,5,1,27,6,-1,-1,-1,-1,-1,-1,-1,0
Unvalidated,2024471439367,2024,471439367,1,97,0,18,5,1,0,1,2,0,7,0,1,1,5,1,48,8,-1,-1,-1,-1,9,3,E01031728,0
Unvalidated,2024471439367,2024,471439367,2,9,0,9,5,3,0,5,0,0,0,0,2,2,5,1,32,6,-1,-1,-1,-1,9,3,E01031623,0
Unvalidated,2024471439385,2024,471439385,1,97,0,18,2,6,0,0,0,0,0,0,1,1,6,3,-1,-1,-1,-1,-1,-1,-1,-1,-1,0
Unvalidated,2024471439424,2024,471439424,1,3,0,18,1,5,0,0,0,0,0,0,0,1,1,1,34,6,-1,-1,-1,-1,7,1,E01016913,0
Unvalidated,2024471439424,2024,471439424,2,9,0,-1,-1,-1,-1,0,-1,-1,-1,0,-1,1,6,1,33,6,-1,-1,-1,-1,8,1,E01030552,0
Unvalidated,2024471439455,2024,471439455,1,9,0,9,1,5,0,0,0,0,0,0,1,1,5,2,20,4,-1,-1,-1,-1,-1,-1,-1,0
Unvalidated,2024471439455,2024,471439455,2,3,0,12,5,1,0,0,5,0,0,0,1,1,1,1,28,6,-1,-1,-1,-1,3,1,E01017007,0
Unvalidated,2024471439461,2024,471439461,1,97,0,14,2,6,0,0,0,0,0,0,1,1,2,1,27,6,-1,-1,-1,-1,6,1,E01022925,0
Unvalidated,2024471439461,2024,471439461,2,9,0,18,4,8,0,0,0,0,0,0,1,1,2,2,27,6,-1,-1,-1,-1,6,2,E01031538,0
Unvalidated,2024471439461,2024,471439461,3,9,0,4,2,6,0,0,0,0,0,0,0,1,6,3,-1,-1,-1,-1,-1,-1,-1,-1,-1,0
Unvalidated,2024471439469,2024,471439469,1,9,0,9,8,4,0,4,1,10,3,1,3,1,5,2,19,4,-1,-1,-1,-1,6,1,E01031464,0
Unvalidated,2024471439496,2024,471439496,1,9,0,9,2,6,0,1,0,0,0,0,0,1,5,1,69,10,-1,-1,-1,-1,1,1,E01016904,0
Unvalidated,2024471439496,2024,471439496,2,4,0,18,6,2,0,1,5,0,0,0,0,1,1,1,22,5,-1,-1,-1,-1,3,1,E01016911,0
Unvalidated,2024471439535,2024,471439535,1,9,0,18,5,1,0,1,0,0,7,0,4,1,2,1,35,6,-1,-1,-1,-1,7,1,E01031406,0
Unvalidated,2024471439535,2024,471439535,2,11,0,7,7,1,0,6,0,0,0,0,1,1,1,1,50,8,-1,-1,-1,-1,6,1,E01031472,0
Unvalidated,2024471439539,2024,471439539,1,9,0,18,7,3,0,0,0,0,0,0,4,1,6,1,35,6,-1,-1,-1,-1,3,1,E01031752,0
Unvalidated,2024471439562,2024,471439562,1,9,0,13,1,5,0,0,1,0,0,0,3,1,6,1,35,6,-1,-1,-1,-1,5,1,E01000383,0
Unvalidated,2024471439562,2024,471439562,2,9,0,18,3,7,0,0,0,0,1,0,4,1,5,1,73,10,-1,-1,-1,-1,7,1,E01021108,0
Unvalidated,2024471439562,2024,471439562,3,97,0,18,5,1,0,0,2,0,0,0,1,1,5,1,57,9,-1,-1,-1,-1,2,1,E01021020,0
Unvalidated,2024471439562,2024,471439562,4,98,0,18,1,5,0,0,0,0,0,0,0,1,1,1,59,9,-1,-1,-1,-1,2,1,E01014578,0
Unvalidated,2024471439571,2024,471439571,1,9,0,18,8,6,0,0,1,0,1,4,1,1,1,1,51,8,-1,-1,-1,-1,6,2,E01031676,0
Unvalidated,2024471439643,2024,471439643,1,5,0,11,7,3,0,0,0,0,0,0,0,1,5,1,41,7,-1,-1,-1,-1,5,1,E01031394,0
Unvalidated,2024471439651,2024,471439651,1,9,0,15,8,4,0,0,2,0,7,2,1,1,1,1,33,6,-1,-1,-1,-1,9,3,E01030822,0
Unvalidated,2024471439702,2024,471439702,1,9,0,18,2,6,0,0,5,4,0,0,4,1,5,1,26,6,-1,-1,-1,-1,4,1,E01020997,0
Unvalidated,2024471439702,2024,471439702,2,9,0,2,0,0,0,0,0,0,0,0,1,2,6,3,-1,-1,-1,-1,-1,-1,-1,-1,-1,0
Unvalidated,2024471439702,2024,471439702,3,9,0,2,0,0,0,0,0,0,0,0,3,1,6,3,-1,-1,-1,-1,-1,-1,-1,-1,-1,0
Unvalidated,2024471439745,2024,471439745,1,19,0,18,5,5,0,8,0,0,0,0,1,1,1,1,36,7,-1,-1,-1,-1,-1,1,-1,0
Unvalidated,2024471439745,2024,471439745,2,5,0,4,1,5,0,4,0,0,0,0,2,1,2,1,23,5,-1,-1,-1,-1,5,1,E01021011,0
Unvalidated,2024471439817,2024,471439817,1,9,0,17,3,7,0,0,0,0,0,0,1,1,5,1,17,4,-1,-1,-1,-1,9,3,E01024484,0
Unvalidated,2024471439899,2024,471439899,1,9,0,18,5,1,0,0,5,0,7,4,4,1,5,1,18,4,-1,-1,-1,-1,10,1,E01021227,0
Unvalidated,2024471439932,2024,471439932,1,9,0,4,5,1,6,0,0,0,0,0,1,1,5,2,88,11,-1,-1,-1,-1,9,1,E01031761,0
Unvalidated,2024471439932,2024,471439932,2,9,0,2,0,0,6,0,0,0,0,0,2,1,2,1,28,6,-1,-1,-1,-1,9,3,E01031728,0
Unvalidated,2024471439935,2024,471439935,1,9,0,18,5,1,0,8,0,0,0,0,3,1,2,1,60,9,-1,-1,-1,-1,4,1,E01021004,0
Unvalidated,2024471439935,2024,471439935,2,9,0,9,3,1,0,8,0,0,0,0,1,1,2,1,58,9,-1,-1,-1,-1,1,1,E01020978,0
Unvalidated,2024471439952,2024,471439952,1,9,0,18,4,8,0,1,0,0,0,0,1,1,2,2,56,9,-1,-1,-1,-1,10,1,E01031706,0
Unvalidated,2024471439952,2024,471439952,2,9,0,4,4,8,0,1,0,0,0,0,2,1,5,2,17,4,-1,-1,-1,-1,5,1,E01031570,0
Unvalidated,2024471440049,2024,471440049,1,9,0,8,8,2,0,0,0,0,0,0,2,1,5,2,43,7,-1,-1,-1,-1,6,1,E01031345,0
Unvalidated,2024471440049,2024,471440049,2,9,0,18,8,2,0,0,0,0,0,0,1,1,6,2,38,7,-1,-1,-1,-1,8,1,E01031821,0
Unvalidated,2024471440066,2024,471440066,1,9,0,18,6,2,0,0,1,0,2,11,1,1,6,2,37,7,-1,-1,-1,-1,6,1,E01030550,0
Unvalidated,2024471440090,2024,471440090,1,9,0,3,6,2,0,1,0,0,0,0,2,1,5,1,23,5,-1,-1,-1,-1,9,1,E01021208,0
Unvalidated,2024471440090,2024,471440090,2,9,0,18,6,2,0,1,0,0,0,0,1,1,5,1,47,8,-1,-1,-1,-1,3,1,E01020937,0
Unvalidated,2024471440109,2024,471440109,1,9,0,13,8,4,0,0,0,0,0,0,1,1,6,1,36,7,-1,-1,-1,-1,7,1,E01031421,0
Unvalidated,2024471440109,2024,471440109,2,3,0,18,4,8,0,0,0,0,1,0,3,1,6,1,26,6,-1,-1,-1,-1,4,1,E01031434,0
Unvalidated,2024471440109,2024,471440109,3,9,0,18,8,4,0,0,0,0,0,0,0,1,6,1,30,6,-1,-1,-1,-1,1,1,E01031404,0
Unvalidated,2024471440278,2024,471440278,1,9,0,18,7,3,0,1,0,0,0,0,1,1,6,1,-1,-1,-1,-1,-1,-1,9,1,E01031593,0
Unvalidated,2024471440278,2024,471440278,2,1,0,18,1,5,0,8,0,0,0,0,3,1,6,1,40,7,-1,-1,-1,-1,4,1,E01031576,0
Unvalidated,2024471440300,2024,471440300,1,9,0,1,2,6,0,0,0,0,0,0,1,1,6,3,-1,-1,-1,-1,-1,-1,-1,-1,-1,0
Unvalidated,2024471440420,2024,471440420,1,9,0,4,7,3,0,8,0,0,0,0,1,1,5,1,17,4,-1,-1,-1,-1,3,1,E01022902,0
Unvalidated,2024471440420,2024,471440420,2,9,0,18,6,2,0,8,0,0,7,0,4,1,6,2,39,7,-1,-1,-1,-1,6,3,E01031509,0
Unvalidated,2024471440423,2024,471440423,1,9,0,4,3,7,0,0,2,0,2,0,1,1,2,1,18,4,-1,-1,-1,-1,6,2,E01024807,0
Unvalidated,2024471440423,2024,471440423,2,9,0,4,3,7,0,0,0,0,0,0,2,1,1,2,47,8,-1,-1,-1,-1,8,1,E01024625,0
Unvalidated,2024471440472,2024,471440472,1,9,0,4,8,7,0,1,0,0,0,0,3,1,6,2,36,7,-1,-1,-1,-1,4,1,E01031549,0
Unvalidated,2024471440472,2024,471440472,2,9,0,13,8,4,0,1,0,0,0,0,4,1,6,3,-1,-1,-1,-1,-1,-1,-1,-1,-1,0
Unvalidated,2024471440496,2024,471440496,1,9,0,9,1,7,0,6,0,0,0,0,1,1,6,1,63,9,-1,-1,-1,-1,6,1,E01031770,0
Unvalidated,2024471440496,2024,471440496,2,9,0,18,3,7,0,8,0,0,0,0,3,1,6,2,31,6,-1,-1,-1,-1,4,1,E01031806,0
Unvalidated,2024471440496,2024,471440496,3,9,0,4,7,3,0,1,0,0,0,0,1,1,2,1,51,8,-1,-1,-1,-1,10,1,E01031487,0
Unvalidated,2024471440503,2024,471440503,1,1,0,18,8,4,0,0,5,0,0,0,3,1,6,1,30,6,-1,-1,-1,-1,3,1,E01031451,0
Unvalidated,2024471440503,2024,471440503,2,21,0,18,8,4,0,0,0,0,0,0,3,1,1,1,64,9,-1,-1,-1,-1,5,2,E01032698,0
Unvalidated,2024471440508,2024,471440508,1,5,0,13,8,4,0,0,1,0,7,0,1,1,2,1,31,6,-1,-1,-1,-1,3,1,E01020917,0
Unvalidated,2024471440508,2024,471440508,2,9,0,9,8,6,0,0,0,0,0,0,3,1,5,1,62,9,-1,-1,-1,-1,5,3,E01021195,0
Unvalidated,2024471440523,2024,471440523,1,9,0,18,4,8,0,0,0,0,0,0,1,1,6,2,31,6,-1,-1,-1,-1,2,1,E01024699,0
Unvalidated,2024471440645,2024,471440645,1,9,0,5,5,3,0,8,0,0,0,0,3,1,5,2,36,7,-1,-1,-1,-1,8,3,E01021197,0
Unvalidated,2024471440645,2024,471440645,2,11,0,18,3,7,0,8,1,0,0,0,1,1,2,1,52,8,-1,-1,-1,-1,5,1,E01021000,0
Unvalidated,2024471440919,2024,471440919,1,9,0,18,7,7,0,0,0,0,0,0,1,1,2,2,28,6,-1,-1,-1,-1,4,1,E01031598,0
Unvalidated,2024471440919,2024,471440919,2,9,0,18,7,7,0,0,0,0,0,0,2,1,2,2,43,7,-1,-1,-1,-1,8,1,E01031653,0
Unvalidated,2024471440944,2024,471440944,1,9,0,12,5,1,0,0,0,0,0,0,1,1,6,3,-1,-1,-1,-1,-1,-1,-1,-1,-1,0
Unvalidated,2024471440944,2024,471440944,2,9,0,18,1,5,0,0,0,0,0,0,1,1,2,1,50,8,-1,-1,-1,-1,8,1,E01020987,0
Unvalidated,2024471440959,2024,471440959,1,9,0,10,7,3,0,0,0,0,0,0,3,1,6,2,44,7,-1,-1,-1,-1,5,1,E01021120,0
Unvalidated,2024471440959,2024,471440959,2,3,0,12,7,3,0,0,0,0,0,0,1,1,1,1,17,4,-1,-1,-1,-1,4,1,E01021131,0
Unvalidated,2024471440971,2024,471440971,1,9,0,7,1,5,0,8,0,0,0,0,1,1,5,1,52,8,-1,-1,-1,-1,7,1,E01031782,0
Unvalidated,2024471440971,2024,471440971,2,1,0,5,3,7,0,8,0,0,0,0,3,1,6,1,12,3,-1,-1,-1,-1,4,1,E01031806,0
Unvalidated,2024471440986,2024,471440986,1,1,0,14,1,5,0,2,0,0,0,0,3,1,6,1,11,3,-1,-1,-1,-1,2,1,E01031450,0
Unvalidated,2024471440986,2024,471440986,2,9,0,18,5,1,0,2,0,0,0,0,1,1,5,1,49,8,-1,-1,-1,-1,2,1,E01031437,0
Unvalidated,2024471440989,2024,471440989,1,9,0,18,5,1,0,0,2,0,2,4,2,1,2,1,28,6,-1,-1,-1,-1,-1,-1,-1,0
Unvalidated,2024471441005,2024,471441005,1,9,0,14,4,8,0,0,0,0,0,0,4,1,3,2,33,6,-1,-1,-1,-1,8,3,E01031642,0
Unvalidated,2024471441005,2024,471441005,2,1,0,18,8,4,0,0,0,0,0,0,3,1,6,2,53,8,-1,-1,-1,-1,3,1,E01031372,0
Unvalidated,2024471441193,2024,471441193,1,1,0,18,3,7,0,4,0,0,0,0,3,1,5,1,30,6,-1,-1,-1,-1,7,1,E01031405,0
Unvalidated,2024471441193,2024,471441193,2,9,0,10,1,7,0,1,0,0,0,0,3,1,6,3,-1,-1,-1,-1,-1,-1,-1,-1,-1,0
Unvalidated,2024471441282,2024,471441282,1,9,0,18,5,1,0,1,0,0,0,0,3,1,5,2,77,11,-1,-1,-1,-1,10,1,E01031759,0
Unvalidated,2024471441282,2024,471441282,2,9,0,2,0,0,0,2,0,0,1,0,3,1,1,1,54,8,-1,-1,-1,-1,5,1,E01031577,0
Unvalidated,2024471441299,2024,471441299,1,3,0,18,5,1,0,0,1,0,0,0,4,1,5,1,17,4,-1,-1,-1,-1,10,1,E01031644,0
Unvalidated,2024471441299,2024,471441299,2,9,0,4,5,1,0,0,0,0,0,0,2,1,6,1,32,6,-1,-1,-1,-1,5,1,E01030579,0
Unvalidated,2024471441299,2024,471441299,3,9,0,18,1,5,0,0,0,0,0,0,3,1,5,2,77,11,-1,-1,-1,-1,9,2,E01031723,0
Unvalidated,2024471441302,2024,471441302,1,9,0,18,7,3,0,0,0,0,0,0,3,1,5,1,37,7,-1,-1,-1,-1,7,1,E01016960,0
Unvalidated,2024471441302,2024,471441302,2,1,0,18,3,7,0,0,0,0,0,0,1,1,6,1,53,8,-1,-1,-1,-1,5,1,E01016877,0
Unvalidated,2024471441323,2024,471441323,1,9,0,18,3,7,0,0,0,0,0,0,1,1,2,2,20,4,-1,-1,-1,-1,10,1,E01021219,0
Unvalidated,2024471441323,2024,471441323,2,9,0,4,3,7,0,0,0,0,0,0,2,1,2,1,35,6,-1,-1,-1,-1,8,1,E01031655,0
Unvalidated,2024471441333,2024,471441333,1,9,0,5,6,1,0,2,0,0,0,0,3,1,5,2,33,6,-1,-1,-1,-1,1,1,E01016900,0
Unvalidated,2024471441333,2024,471441333,2,9,0,13,6,1,0,2,0,0,0,0,1,1,6,2,-1,-1,-1,-1,-1,-1,7,1,E01021212,0
Unvalidated,2024471441389,2024,471441389,1,9,0,9,3,1,0,5,0,0,0,0,1,1,5,2,56,9,-1,-1,-1,-1,3,1,E01031459,0
Unvalidated,2024471441389,2024,471441389,2,3,0,18,7,3,0,1,0,10,1,0,1,1,6,1,22,5,-1,-1,-1,-1,9,1,E01031413,0
Unvalidated,2024471441412,2024,471441412,1,3,0,18,3,7,0,0,2,0,0,0,4,1,2,1,18,4,-1,-1,-1,-1,6,1,E01020959,0
Unvalidated,2024471441412,2024,471441412,2,9,0,4,3,7,0,0,0,0,0,0,4,1,5,2,32,6,-1,-1,-1,-1,6,1,E01021008,0
Unvalidated,2024471441439,2024,471441439,1,9,0,18,4,8,0,1,0,0,0,0,1,1,6,1,20,4,-1,-1,-1,-1,3,1,E01020941,0
Unvalidated,2024471441439,2024,471441439,2,9,0,18,4,8,0,1,0,0,0,0,2,1,5,1,41,7,-1,-1,-1,-1,-1,-1,-1,0
Unvalidated,2024471441519,2024,471441519,1,9,0,18,2,6,0,0,5,0,0,0,1,1,5,1,91,11,-1,-1,-1,-1,6,1,E01021182,0
Unvalidated,2024471441519,2024,471441519,2,9,0,18,2,6,0,0,5,0,0,0,1,1,5,2,32,6,-1,-1,-1,-1,9,2,E01021231,0
Unvalidated,2024471441543,2024,471441543,1,5,0,18,7,3,0,0,1,0,0,0,4,1,1,1,59,9,-1,-1,-1,-1,10,1,E01022972,0
Unvalidated,2024471441554,2024,471441554,1,5,0,7,1,5,0,0,1,10,0,0,1,1,6,1,22,5,-1,-1,-1,-1,4,1,E01001233,0
Unvalidated,2024471441558,2024,471441558,1,9,0,18,5,1,0,2,0,11,0,0,4,1,5,2,51,8,-1,-1,-1,-1,4,1,E01020927,0
Unvalidated,2024471441558,2024,471441558,2,9,0,18,7,3,0,1,0,11,0,0,1,1,5,1,68,10,-1,-1,-1,-1,6,1,E01020959,0
Unvalidated,2024471441563,2024,471441563,1,9,0,4,6,2,0,0,0,0,0,0,0,1,6,2,41,7,-1,-1,-1,-1,4,1,E01021004,0
Unvalidated,2024471441563,2024,471441563,2,9,0,18,5,1,0,0,0,0,0,0,0,1,6,2,28,6,-1,-1,-1,-1,6,3,E01021105,0
Unvalidated,2024471441563,2024,471441563,3,9,0,4,5,1,0,0,0,0,0,0,2,1,3,2,35,6,-1,-1,-1,-1,7,1,E01021112,0
Unvalidated,2024471441563,2024,471441563,4,9,0,4,5,1,0,0,0,0,0,0,1,1,2,1,41,7,-1,-1,-1,-1,4,1,E01020914,0
Unvalidated,2024471441563,2024,471441563,5,9,0,4,5,1,0,0,0,0,0,0,1,1,3,2,38,7,-1,-1,-1,-1,2,1,E01021091,0
Unvalidated,2024471441612,2024,471441612,1,97,0,18,1,6,0,3,1,0,0,0,0,1,5,1,58,9,-1,-1,-1,-1,6,3,E01030819,0
Unvalidated,2024471441619,2024,471441619,1,9,0,18,7,3,0,0,0,0,0,0,1,1,5,1,85,11,-1,-1,-1,-1,8,1,E01030847,0
Unvalidated,2024471441619,2024,471441619,2,9,0,2,0,0,0,0,0,0,0,0,2,1,6,3,-1,-1,-1,-1,-1,-1,-1,-1,-1,0
Unvalidated,2024471441619,2024,471441619,3,9,0,2,0,0,0,0,0,0,0,0,2,1,6,3,-1,-1,-1,-1,-1,-1,-1,-1,-1,0
Unvalidated,2024471441664,2024,471441664,1,11,0,7,2,3,0,5,0,0,0,0,4,1,1,1,25,5,-1,-1,-1,-1,5,1,E01031410,0
Unvalidated,2024471441664,2024,471441664,2,1,0,18,2,6,0,1,0,0,0,0,1,1,5,1,12,3,-1,-1,-1,-1,1,1,E01016904,0
Unvalidated,2024471441685,2024,471441685,1,9,0,18,6,2,0,0,0,4,0,0,3,1,5,1,52,8,-1,-1,-1,-1,7,1,E01031374,0
Unvalidated,2024471441685,2024,471441685,2,9,0,2,0,0,0,0,0,0,0,0,4,1,6,3,-1,-1,-1,-1,-1,-1,-1,-1,-1,0
Unvalidated,2024471441708,2024,471441708,1,3,0,18,4,7,0,1,1,0,0,0,1,1,5,1,16,4,-1,-1,-1,-1,2,1,E01021014,0
Unvalidated,2024471441708,2024,471441708,2,9,0,18,6,2,0,1,0,0,0,0,3,1,6,2,43,7,-1,-1,-1,-1,1,1,E01021019,0
Unvalidated,2024471441802,2024,471441802,1,5,0,18,1,5,0,1,0,0,0,0,1,1,5,1,42,7,-1,-1,-1,-1,10,2,E01031684,0
Unvalidated,2024471441802,2024,471441802,2,9,0,18,2,6,0,6,0,0,0,0,4,1,5,2,87,11,-1,-1,-1,-1,9,3,E01021115,0
Unvalidated,2024471441808,2024,471441808,1,9,0,18,5,1,0,0,0,0,0,0,1,1,6,1,28,6,-1,-1,-1,-1,1,1,E01002782,0
Unvalidated,2024471441808,2024,471441808,2,9,0,9,5,3,0,0,0,0,3,0,2,1,5,2,55,8,-1,-1,-1,-1,2,1,E01016941,0
Unvalidated,2024471441808,2024,471441808,3,9,0,18,5,1,0,0,0,0,0,0,3,1,5,2,49,8,-1,-1,-1,-1,1,1,E01016908,0
Unvalidated,2024471441809,2024,471441809,1,9,0,18,4,1,0,0,1,0,6,4,1,1,2,2,17,4,-1,-1,-1,-1,4,1,E01031795,0
Unvalidated,2024471441848,2024,471441848,1,9,0,5,6,2,0,0,0,0,0,0,2,1,5,2,40,7,-1,-1,-1,-1,6,1,E01031673,0
Unvalidated,2024471441848,2024,471441848,2,9,0,5,6,2,0,0,0,0,0,0,1,1,6,1,-1,-1,-1,-1,-1,-1,3,1,E01024264,0
Unvalidated,2024471441848,2024,471441848,3,9,0,4,6,2,0,0,0,0,0,0,0,1,6,3,-1,-1,-1,-1,-1,-1,-1,-1,-1,0
Unvalidated,2024471441893,2024,471441893,1,9,0,4,8,4,0,0,0,0,0,0,2,1,5,1,18,4,-1,-1,-1,-1,8,1,E01031667,0
Unvalidated,2024471441893,2024,471441893,2,9,0,18,8,4,0,0,0,0,0,0,1,1,6,2,23,5,-1,-1,-1,-1,9,2,E01031662,0
Unvalidated,2024471441916,2024,471441916,1,9,0,18,5,1,0,1,0,0,0,0,1,1,6,1,47,8,-1,-1,-1,-1,3,1,E01024310,0
Unvalidated,2024471441916,2024,471441916,2,9,0,3,5,1,0,1,0,0,0,0,2,1,5,2,49,8,-1,-1,-1,-1,4,1,E01016977,0
Unvalidated,2024471441972,2024,471441972,1,9,0,18,5,1,0,1,0,0,3,4,1,1,5,1,17,4,-1,-1,-1,-1,7,3,E01021199,0
Unvalidated,2024471441975,2024,471441975,1,9,0,18,5,8,0,1,0,0,0,0,1,1,5,1,34,6,-1,-1,-1,-1,1,1,E01021136,0
Unvalidated,2024471441983,2024,471441983,1,9,0,9,8,6,0,1,0,0,7,0,4,1,5,1,33,6,-1,-1,-1,-1,7,3,E01016899,0
Unvalidated,2024471441983,2024,471441983,2,9,0,18,3,8,0,1,0,0,0,0,1,1,5,2,37,7,-1,-1,-1,-1,4,1,E01016898,0
Unvalidated,2024471442009,2024,471442009,1,9,0,9,7,5,0,1,0,0,0,0,2,1,6,3,40,7,-1,-1,-1,-1,2,1,E01021091,0
Unvalidated,2024471442009,2024,471442009,2,3,0,18,7,3,0,1,0,0,0,0,1,1,6,1,18,4,-1,-1,-1,-1,6,2,E01021133,0
Unvalidated,2024471442036,2024,471442036,1,9,0,8,3,6,0,4,0,0,0,0,2,1,5,1,57,9,-1,-1,-1,-1,7,1,E01021007,0
Unvalidated,2024471442036,2024,471442036,2,9,0,5,3,6,0,4,0,4,0,0,1,1,6,2,28,6,-1,-1,-1,-1,2,1,E01020955,0
Unvalidated,2024471442093,2024,471442093,1,9,0,18,5,1,0,0,0,0,0,0,1,1,6,1,85,11,-1,-1,-1,-1,8,3,E01031542,0
Unvalidated,2024471442093,2024,471442093,2,1,0,18,3,7,0,0,0,0,0,0,4,1,5,1,49,8,-1,-1,-1,-1,8,1,E01031491,0
Unvalidated,2024471442102,2024,471442102,1,9,0,18,2,6,0,1,0,0,0,0,1,1,6,2,35,6,-1,-1,-1,-1,5,1,E01031467,0
Unvalidated,2024471442102,2024,471442102,2,9,0,2,0,0,0,1,0,0,0,0,2,1,6,3,-1,-1,-1,-1,-1,-1,-1,-1,-1,0
Unvalidated,2024471442116,2024,471442116,1,98,0,5,3,7,9,6,0,0,0,0,4,1,6,3,-1,-1,-1,-1,-1,-1,-1,-1,-1,0
Unvalidated,2024471442134,2024,471442134,1,17,-1,18,-1,-1,0,0,0,0,0,0,1,1,6,3,-1,-1,-1,-1,-1,-1,-1,-1,-1,0
Unvalidated,2024471442178,2024,471442178,1,9,4,18,1,5,0,0,3,0,0,0,1,1,1,1,58,9,-1,-1,-1,-1,3,1,E01016926,0
Unvalidated,2024471442242,2024,471442242,1,9,0,9,1,3,0,1,0,0,1,0,1,1,5,1,42,7,-1,-1,-1,-1,8,1,E01031707,0
Unvalidated,2024471442242,2024,471442242,2,5,0,18,1,5,0,1,0,0,0,0,1,1,5,1,33,6,-1,-1,-1,-1,5,1,E01016886,0
Unvalidated,2024471442263,2024,471442263,1,9,0,3,3,7,0,4,0,0,0,0,1,1,2,2,44,7,-1,-1,-1,-1,5,1,E01016957,0
Unvalidated,2024471442263,2024,471442263,2,1,0,5,1,5,0,8,5,0,0,0,4,1,2,3,37,7,-1,-1,-1,-1,1,1,E01016868,0
Unvalidated,2024471442289,2024,471442289,1,5,0,18,1,5,0,1,0,0,0,0,1,1,2,1,52,8,-1,-1,-1,-1,3,1,E01021016,0
Unvalidated,2024471442289,2024,471442289,2,9,0,5,1,5,0,1,0,0,0,0,2,1,5,2,52,8,-1,-1,-1,-1,4,1,E01021004,0
Unvalidated,2024471442306,2024,471442306,1,9,0,18,7,3,0,0,0,0,0,0,1,1,5,1,20,4,-1,-1,-1,-1,3,1,E01031451,0
Unvalidated,2024471442306,2024,471442306,2,9,0,18,7,3,0,0,0,0,0,0,2,1,6,2,72,10,-1,-1,-1,-1,8,1,E01031439,0
Unvalidated,2024471442319,2024,471442319,1,5,0,18,6,2,0,1,0,0,0,0,1,1,5,1,27,6,-1,-1,-1,-1,4,1,E01000066,0
Unvalidated,2024471442319,2024,471442319,2,19,0,10,6,4,0,1,0,0,0,0,2,1,6,1,63,9,-1,-1,-1,-1,7,3,E01031540,0
Unvalidated,2024471442319,2024,471442319,3,5,0,18,6,2,0,1,0,0,0,0,0,1,5,1,23,5,-1,-1,-1,-1,4,1,E01021853,0
Unvalidated,2024471442319,2024,471442319,4,5,0,18,6,2,0,1,0,0,0,0,0,1,5,1,27,6,-1,-1,-1,-1,4,1,E01021853,0
Unvalidated,2024471442324,2024,471442324,1,9,0,5,1,5,0,0,0,0,0,0,1,1,5,2,27,6,-1,-1,-1,-1,5,1,E01031826,0
Unvalidated,2024471442324,2024,471442324,2,90,0,18,3,7,0,0,0,0,0,0,1,1,6,2,17,4,-1,-1,-1,-1,4,1,E01031795,0
Unvalidated,2024471442331,2024,471442331,1,9,0,18,1,5,0,1,0,0,1,10,3,1,5,1,42,7,-1,-1,-1,-1,1,1,E01016942,0
Unvalidated,2024471442331,2024,471442331,2,9,0,18,1,5,0,1,1,0,0,0,4,1,1,1,45,7,-1,-1,-1,-1,3,1,E01016869,0
Unvalidated,2024471442337,2024,471442337,1,9,0,5,2,5,0,4,0,0,0,0,1,1,5,1,33,6,-1,-1,-1,-1,8,1,E01032835,0
Unvalidated,2024471442337,2024,471442337,2,3,0,3,2,5,0,4,0,0,0,0,2,1,2,1,22,5,-1,-1,-1,-1,5,1,E01032836,0