status,collision_index,collision_year,collision_reference,vehicle_reference,vehicle_type,towing_and_articulation,vehicle_manoeuvre,vehicle_direction_from,vehicle_direction_to,vehicle_location_restricted_lane,junction_location,skidding_and_overturning,hit_object_in_carriageway,vehicle_leaving_carriageway,hit_object_off_carriageway,first_point_of_impact,vehicle_left_hand_drive,journey_purpose_of_driver,sex_of_driver,age_of_driver,age_band_of_driver,engine_capacity_cc,propulsion_code,age_of_vehicle,generic_make_model,driver_imd_decile,driver_home_area_type,lsoa_of_driver,escooter_flag
Unvalidated,2024471442356,2024,471442356,1,1,0,18,5,1,5,1,5,0,0,0,4,1,5,1,13,3,-1,-1,-1,-1,5,1,E01031467,0
Unvalidated,2024471442356,2024,471442356,2,5,0,13,7,3,0,1,5,0,0,0,1,1,2,1,53,8,-1,-1,-1,-1,6,1,E01031352,0
Unvalidated,2024471442399,2024,471442399,1,9,0,18,5,1,0,0,1,10,1,1,1,1,5,1,23,5,-1,-1,-1,-1,6,1,E01033308,0
Unvalidated,2024471442403,2024,471442403,1,9,0,12,1,4,0,2,0,0,0,0,1,1,2,1,35,6,-1,-1,-1,-1,8,1,E01016893,0
Unvalidated,2024471442403,2024,471442403,2,9,0,4,4,8,0,1,0,0,0,0,1,1,6,2,27,6,-1,-1,-1,-1,4,1,E01031575,0
Unvalidated,2024471442403,2024,471442403,3,9,0,4,4,8,0,1,0,0,0,0,1,1,6,2,50,8,-1,-1,-1,-1,4,1,E01016872,0
Unvalidated,2024471442409,2024,471442409,1,3,0,18,3,7,0,0,0,0,0,0,4,1,5,1,17,4,-1,-1,-1,-1,5,1,E01031467,0
Unvalidated,2024471442409,2024,471442409,2,9,0,13,3,7,0,0,0,99,0,0,3,1,6,3,-1,-1,-1,-1,-1,-1,-1,-1,-1,0
Unvalidated,2024471442418,2024,471442418,1,9,0,9,7,5,0,8,0,0,0,0,1,1,5,1,33,6,-1,-1,-1,-1,7,1,E01021043,0
Unvalidated,2024471442418,2024,471442418,2,5,0,18,3,7,0,1,0,0,0,0,1,1,6,1,51,8,-1,-1,-1,-1,5,3,E01031611,0
Unvalidated,2024471442579,2024,471442579,1,90,0,9,2,7,0,2,0,0,0,0,1,1,1,1,57,9,-1,-1,-1,-1,6,1,E01021058,0
Unvalidated,2024471442579,2024,471442579,2,9,0,18,6,2,0,2,0,0,0,0,1,1,1,1,63,9,-1,-1,-1,-1,9,2,E01021231,0
Unvalidated,2024471442641,2024,471442641,1,9,0,3,2,6,0,1,0,0,0,0,2,1,5,1,26,6,-1,-1,-1,-1,3,1,E01032832,0
Unvalidated,2024471442641,2024,471442641,2,9,0,18,2,6,0,1,0,0,0,0,1,2,6,1,42,7,-1,-1,-1,-1,4,1,E01020957,0
Unvalidated,2024471442654,2024,471442654,1,9,0,18,1,5,0,0,0,0,0,0,1,1,6,1,34,6,-1,-1,-1,-1,6,3,E01021204,0
Unvalidated,2024471442654,2024,471442654,2,9,0,18,5,1,0,0,0,0,0,0,1,1,6,1,60,9,-1,-1,-1,-1,4,1,E01021004,0
Unvalidated,2024471442665,2024,471442665,1,19,0,2,0,0,0,0,0,0,0,0,2,1,1,1,-1,-1,-1,-1,-1,-1,2,1,E01020911,0
Unvalidated,2024471442665,2024,471442665,2,98,0,-1,-1,-1,-1,0,-1,-1,-1,0,-1,1,6,1,50,8,-1,-1,-1,-1,4,1,E01024587,0
Unvalidated,2024471442742,2024,471442742,1,5,0,18,3,7,0,0,1,0,0,0,1,1,5,1,30,6,-1,-1,-1,-1,2,1,E01021135,0
Unvalidated,2024471442742,2024,471442742,2,9,0,2,0,0,6,0,0,0,0,0,3,1,6,3,-1,-1,-1,-1,-1,-1,-1,-1,-1,0
Unvalidated,2024471442807,2024,471442807,1,9,0,18,2,6,0,0,0,0,6,4,1,1,6,1,42,7,-1,-1,-1,-1,9,1,E01031670,0
Unvalidated,2024471442807,2024,471442807,2,19,0,18,6,2,0,0,0,0,1,0,3,1,1,1,65,9,-1,-1,-1,-1,9,1,E01031592,0
Unvalidated,2024471442807,2024,471442807,3,9,0,18,6,2,6,0,0,0,0,0,4,1,5,2,78,11,-1,-1,-1,-1,8,1,E01031399,0
Unvalidated,2024471442904,2024,471442904,1,9,0,7,4,4,0,6,0,0,0,0,1,1,2,1,20,4,-1,-1,-1,-1,5,1,E01031401,0
Unvalidated,2024471442904,2024,471442904,2,1,0,18,4,8,0,8,5,0,0,0,4,1,5,2,72,10,-1,-1,-1,-1,6,3,E01031513,0
Unvalidated,2024471442922,2024,471442922,1,9,0,7,3,5,0,8,0,0,0,0,1,1,5,1,40,7,-1,-1,-1,-1,3,1,E01031441,0
Unvalidated,2024471442922,2024,471442922,2,1,0,18,5,1,5,8,0,0,0,0,1,1,6,1,71,10,-1,-1,-1,-1,8,3,E01031466,0
Unvalidated,2024471442947,2024,471442947,1,9,0,18,7,3,0,0,0,0,1,0,1,1,6,1,26,6,-1,-1,-1,-1,1,1,E01031454,0
Unvalidated,2024471442947,2024,471442947,2,19,0,18,7,3,0,0,0,0,0,0,3,1,6,1,45,7,-1,-1,-1,-1,6,1,E01031449,0
Unvalidated,2024471442947,2024,471442947,3,9,0,18,7,3,0,0,0,0,0,0,2,1,2,1,53,8,-1,-1,-1,-1,8,1,E01031382,0
Unvalidated,2024471442947,2024,471442947,4,9,0,18,7,3,0,0,0,0,1,0,1,1,6,2,60,9,-1,-1,-1,-1,4,1,E01031443,0
Unvalidated,2024471442951,2024,471442951,1,3,0,18,7,3,0,1,0,0,0,0,1,1,2,3,38,7,-1,-1,-1,-1,6,1,E01017004,0
Unvalidated,2024471442951,2024,471442951,2,9,0,9,7,3,9,1,2,0,0,0,2,1,5,1,36,7,-1,-1,-1,-1,10,2,E01023498,0
Unvalidated,2024471442955,2024,471442955,1,9,0,12,1,5,0,0,0,0,0,0,1,2,1,1,47,8,-1,-1,-1,-1,4,1,E01031576,0
Unvalidated,2024471442955,2024,471442955,2,9,0,18,5,1,0,0,0,0,0,0,1,1,5,2,63,9,-1,-1,-1,-1,5,1,E01031568,0
Unvalidated,2024471443111,2024,471443111,1,9,0,18,7,3,0,0,0,0,0,0,1,1,2,1,23,5,-1,-1,-1,-1,9,1,E01016983,0
Unvalidated,2024471443111,2024,471443111,2,9,0,3,7,3,0,0,0,0,0,0,2,1,6,2,32,6,-1,-1,-1,-1,8,1,E01021180,0
Unvalidated,2024471443131,2024,471443131,1,9,0,7,1,7,0,2,0,0,0,0,1,2,6,2,51,8,-1,-1,-1,-1,4,1,E01031809,0
Unvalidated,2024471443131,2024,471443131,2,1,0,18,3,7,0,1,0,0,0,0,4,1,6,1,49,8,-1,-1,-1,-1,4,1,E01031786,0
Unvalidated,2024471443144,2024,471443144,1,9,0,9,1,7,0,6,0,0,0,0,3,1,5,1,60,9,-1,-1,-1,-1,8,1,E01021107,0
Unvalidated,2024471443144,2024,471443144,2,3,0,18,7,3,0,1,0,0,0,0,1,1,2,1,18,4,-1,-1,-1,-1,6,1,E01020959,0
Unvalidated,2024471443185,2024,471443185,1,98,0,9,7,5,0,6,0,0,0,0,1,1,6,1,43,7,-1,-1,-1,-1,6,3,E01031676,0
Unvalidated,2024471443185,2024,471443185,2,9,0,5,1,5,0,1,0,0,0,0,3,1,6,1,56,9,-1,-1,-1,-1,5,1,E01031599,0
Unvalidated,2024471443209,2024,471443209,1,9,0,18,1,5,0,1,0,0,0,0,1,1,6,3,-1,-1,-1,-1,-1,-1,-1,-1,-1,0
Unvalidated,2024471443209,2024,471443209,2,9,0,18,7,3,0,1,0,0,0,0,1,1,6,2,54,8,-1,-1,-1,-1,3,1,E01020937,0
Unvalidated,2024471443250,2024,471443250,1,1,0,18,5,1,0,2,1,0,0,0,1,1,5,1,61,9,-1,-1,-1,-1,7,3,E01031660,0
Unvalidated,2024471443250,2024,471443250,2,9,0,5,3,7,0,8,0,0,0,0,4,1,5,1,21,5,-1,-1,-1,-1,4,3,E01031657,0
Unvalidated,2024471443311,2024,471443311,1,9,0,18,1,5,0,0,0,0,0,0,4,1,5,2,92,11,-1,-1,-1,-1,7,2,E01021098,0
Unvalidated,2024471443385,2024,471443385,1,9,0,6,1,5,0,0,0,0,0,0,3,1,6,1,36,7,-1,-1,-1,-1,8,1,E01020963,0
Unvalidated,2024471443385,2024,471443385,2,3,0,18,1,5,0,0,0,0,0,0,4,1,5,2,39,7,-1,-1,-1,-1,4,1,E01020976,0
Unvalidated,2024471443385,2024,471443385,3,3,0,18,1,5,0,0,0,0,0,0,4,1,5,1,51,8,-1,-1,-1,-1,2,1,E01021014,0
Unvalidated,2024471443448,2024,471443448,1,9,0,9,2,8,0,1,0,0,0,0,3,1,5,2,79,11,-1,-1,-1,-1,7,3,E01021142,0
Unvalidated,2024471443448,2024,471443448,2,5,0,18,8,4,0,8,1,0,7,0,4,1,5,1,69,10,-1,-1,-1,-1,8,1,E01021180,0
Unvalidated,2024471443449,2024,471443449,1,3,0,18,3,7,0,0,2,0,0,0,1,1,1,1,23,5,-1,-1,-1,-1,1,1,E01020983,0
Unvalidated,2024471443449,2024,471443449,2,9,0,2,0,0,0,0,0,0,0,0,4,1,6,3,-1,-1,-1,-1,-1,-1,-1,-1,-1,0
Unvalidated,2024471443449,2024,471443449,3,9,0,18,7,3,0,0,0,0,0,0,3,1,6,3,-1,-1,-1,-1,-1,-1,-1,-1,-1,0
Unvalidated,2024471443505,2024,471443505,1,19,0,-1,-1,-1,0,0,-1,-1,-1,0,4,1,6,1,39,7,-1,-1,-1,-1,5,1,E01021059,0
Unvalidated,2024471443579,2024,471443579,1,19,0,18,2,6,0,1,0,0,0,0,4,1,6,3,-1,-1,-1,-1,-1,-1,-1,-1,-1,0
Unvalidated,2024471443621,2024,471443621,1,9,0,2,0,0,6,0,0,4,0,0,1,1,5,2,69,10,-1,-1,-1,-1,7,1,E01017008,0
Unvalidated,2024471443621,2024,471443621,2,19,-1,2,0,0,6,0,0,0,0,0,4,1,6,1,63,9,-1,-1,-1,-1,4,3,E01026045,0
Unvalidated,2024471443695,2024,471443695,1,9,0,18,7,3,0,0,0,0,0,0,4,1,5,1,68,10,-1,-1,-1,-1,3,1,E01020922,0
Unvalidated,2024471443729,2024,471443729,1,9,0,18,7,3,0,3,2,10,1,0,1,1,1,1,37,7,-1,-1,-1,-1,-1,-1,-1,0
Unvalidated,2024471443739,2024,471443739,1,9,0,18,5,7,0,0,1,0,7,4,1,1,2,1,60,9,-1,-1,-1,-1,5,2,E01031614,0
Unvalidated,2024471443757,2024,471443757,1,9,0,18,1,5,0,0,1,0,2,11,1,1,5,2,18,4,-1,-1,-1,-1,10,2,E01031511,0
Unvalidated,2024471443760,2024,471443760,1,9,0,18,3,8,0,1,0,0,0,0,4,1,2,1,33,6,-1,-1,-1,-1,-1,-1,-1,0
Unvalidated,2024471443760,2024,471443760,2,9,0,18,8,5,0,1,0,0,0,0,1,1,5,1,70,10,-1,-1,-1,-1,10,1,E01031822,0
Unvalidated,2024471443798,2024,471443798,1,9,0,10,7,5,0,1,0,0,0,0,4,1,2,2,32,6,-1,-1,-1,-1,6,1,E01021213,0
Unvalidated,2024471443798,2024,471443798,2,1,0,18,3,7,0,1,0,0,0,0,4,1,5,1,16,4,-1,-1,-1,-1,3,1,E01032832,0
Unvalidated,2024471443801,2024,471443801,1,9,0,9,3,1,0,1,0,0,0,0,4,1,1,2,30,6,-1,-1,-1,-1,9,1,E01020944,0
Unvalidated,2024471443801,2024,471443801,2,1,0,18,7,3,0,1,0,0,0,0,1,1,2,1,59,9,-1,-1,-1,-1,4,1,E01020965,0
Unvalidated,2024471443811,2024,471443811,1,9,0,7,5,8,0,8,0,0,0,0,0,1,5,2,58,9,-1,-1,-1,-1,5,3,E01021195,0
Unvalidated,2024471443811,2024,471443811,2,1,0,9,8,5,0,8,0,0,0,0,1,1,5,1,78,11,-1,-1,-1,-1,3,1,E01020937,0
Unvalidated,2024471443835,2024,471443835,1,1,0,4,3,7,4,1,2,0,1,0,3,1,4,2,17,4,-1,-1,-1,-1,8,1,E01031505,0
Unvalidated,2024471443835,2024,471443835,2,8,0,5,1,6,99,6,9,0,0,0,4,1,6,2,54,8,-1,-1,-1,-1,2,1,E01031436,0
Unvalidated,2024471443843,2024,471443843,1,9,0,18,7,3,0,1,0,0,0,0,1,1,5,1,25,5,-1,-1,-1,-1,5,1,E01021120,0
Unvalidated,2024471443843,2024,471443843,2,9,0,5,8,2,0,6,0,0,0,0,3,1,5,1,54,8,-1,-1,-1,-1,4,1,E01020973,0
Unvalidated,2024471443844,2024,471443844,1,9,0,18,3,7,0,2,0,0,0,0,1,1,6,2,27,6,-1,-1,-1,-1,5,1,E01032836,0
Unvalidated,2024471443844,2024,471443844,2,90,0,5,-1,-1,0,1,0,0,0,0,1,1,6,1,14,3,-1,-1,-1,-1,-1,-1,-1,1
Unvalidated,2024471443950,2024,471443950,1,98,0,18,7,3,0,1,0,0,0,0,1,2,6,3,-1,-1,-1,-1,-1,-1,-1,-1,-1,0
Unvalidated,2024471443999,2024,471443999,1,9,0,18,2,6,0,6,0,0,0,0,1,1,6,2,57,9,-1,-1,-1,-1,3,1,E01016894,0
Unvalidated,2024471443999,2024,471443999,2,1,0,18,7,3,0,1,0,0,0,0,4,1,6,1,27,6,-1,-1,-1,-1,7,1,E01016897,0
Unvalidated,2024471444023,2024,471444023,1,19,0,18,5,1,0,0,0,0,0,0,1,1,1,1,32,6,-1,-1,-1,-1,7,1,E01021029,0
Unvalidated,2024471444099,2024,471444099,1,9,0,9,7,3,0,5,0,0,0,0,4,1,5,2,53,8,-1,-1,-1,-1,6,3,E01021118,0
Unvalidated,2024471444099,2024,471444099,2,5,0,18,3,7,0,1,0,0,0,0,1,1,5,1,64,9,-1,-1,-1,-1,3,1,E01024497,0
Unvalidated,2024471444129,2024,471444129,1,9,0,7,8,3,0,0,0,0,1,0,4,1,1,1,35,6,-1,-1,-1,-1,7,1,E01017851,0
Unvalidated,2024471444129,2024,471444129,2,98,0,18,8,4,0,0,0,0,0,0,1,1,1,1,51,8,-1,-1,-1,-1,2,1,E01016018,0
Unvalidated,2024471444173,2024,471444173,1,9,0,1,1,5,9,0,0,0,0,0,2,1,6,2,38,7,-1,-1,-1,-1,10,1,E01031666,0
Unvalidated,2024471444178,2024,471444178,1,9,0,6,7,3,0,1,0,0,0,0,1,1,5,1,37,7,-1,-1,-1,-1,8,1,E01031369,0
Unvalidated,2024471444178,2024,471444178,2,3,0,18,7,3,0,1,0,0,1,0,1,1,5,1,17,4,-1,-1,-1,-1,4,1,E01031786,0
Unvalidated,2024471444204,2024,471444204,1,9,0,18,7,3,0,0,0,0,0,0,3,1,5,1,76,11,-1,-1,-1,-1,6,3,E01021104,0
Unvalidated,2024471444204,2024,471444204,2,1,0,18,3,7,0,0,0,0,0,0,3,1,5,1,45,7,-1,-1,-1,-1,7,3,E01024789,0
Unvalidated,2024471444236,2024,471444236,1,9,0,18,4,1,0,0,0,0,0,0,-1,1,6,3,-1,-1,-1,-1,-1,-1,-1,-1,-1,0
Unvalidated,2024471444236,2024,471444236,2,97,0,11,4,1,0,0,0,0,1,4,1,1,2,1,49,8,-1,-1,-1,-1,8,1,E01031457,0
Unvalidated,2024471444244,2024,471444244,1,9,0,18,2,6,0,0,0,0,0,0,1,1,6,2,21,5,-1,-1,-1,-1,8,1,E01023253,0
Unvalidated,2024471444244,2024,471444244,2,9,0,4,2,6,0,0,0,0,4,0,2,1,6,2,35,6,-1,-1,-1,-1,2,1,E01022969,0
Unvalidated,2024471444244,2024,471444244,3,9,0,18,2,6,0,0,0,0,0,0,1,1,5,2,43,7,-1,-1,-1,-1,9,1,E01022717,0
Unvalidated,2024471444245,2024,471444245,1,19,0,18,5,1,0,8,0,0,1,0,1,1,5,1,31,6,-1,-1,-1,-1,5,1,E01031467,0
Unvalidated,2024471444258,2024,471444258,1,9,0,18,1,5,0,0,5,0,8,4,1,1,5,1,77,11,-1,-1,-1,-1,9,1,E01030723,0
Unvalidated,2024471444299,2024,471444299,1,9,0,18,7,3,0,0,0,12,0,0,1,1,2,1,30,6,-1,-1,-1,-1,9,1,E01031756,0
Unvalidated,2024471444307,2024,471444307,1,9,0,18,8,4,0,0,0,0,7,4,1,1,1,1,59,9,-1,-1,-1,-1,1,1,E01010370,0
Unvalidated,2024471444381,2024,471444381,1,9,0,18,8,4,0,1,0,0,1,11,1,1,5,1,30,6,-1,-1,-1,-1,-1,-1,-1,0
Unvalidated,2024471444525,2024,471444525,1,19,0,14,1,5,0,2,0,0,0,0,4,1,6,1,25,5,-1,-1,-1,-1,7,1,E01020943,0
Unvalidated,2024471444525,2024,471444525,2,11,0,4,0,0,0,1,0,0,0,0,0,1,6,3,-1,-1,-1,-1,-1,-1,-1,-1,-1,0
Unvalidated,2024471444578,2024,471444578,1,98,0,9,1,6,9,0,0,0,2,0,1,1,5,1,80,11,-1,-1,-1,-1,6,3,E01030819,0
Unvalidated,2024471444598,2024,471444598,1,9,0,18,4,8,0,2,0,0,0,0,2,1,5,2,42,7,-1,-1,-1,-1,5,1,E01031574,0
Unvalidated,2024471444598,2024,471444598,2,1,0,18,2,6,0,1,0,0,0,0,1,1,6,1,13,3,-1,-1,-1,-1,4,1,E01031573,0
Unvalidated,2024471444714,2024,471444714,1,9,0,18,3,7,0,1,0,0,0,0,4,1,6,2,22,5,-1,-1,-1,-1,4,1,E01016967,0
Unvalidated,2024471444714,2024,471444714,2,90,0,18,3,7,4,1,0,0,0,0,3,1,6,1,40,7,-1,-1,-1,-1,7,1,E01016916,0
Unvalidated,2024471444793,2024,471444793,1,1,0,5,7,3,0,2,0,0,0,0,3,1,5,1,85,11,-1,-1,-1,-1,10,3,E01021067,0
Unvalidated,2024471444793,2024,471444793,2,1,0,18,5,1,0,1,0,11,0,0,1,1,5,1,46,8,-1,-1,-1,-1,5,1,E01024831,0
Unvalidated,2024471444830,2024,471444830,1,98,0,5,3,1,0,6,0,0,0,0,3,1,5,1,30,6,-1,-1,-1,-1,-1,-1,-1,0
Unvalidated,2024471444830,2024,471444830,2,9,0,18,5,1,2,1,0,0,0,0,1,1,5,1,78,11,-1,-1,-1,-1,10,1,E01031748,0
Unvalidated,2024471444848,2024,471444848,1,11,0,4,4,8,2,1,5,99,1,99,4,1,6,3,-1,-1,-1,-1,-1,-1,-1,-1,-1,0
Unvalidated,2024471444877,2024,471444877,1,9,0,4,6,2,0,1,0,0,0,0,2,1,5,1,36,7,-1,-1,-1,-1,1,1,E01020983,0
Unvalidated,2024471444877,2024,471444877,2,9,0,2,0,0,0,1,0,0,0,0,2,1,6,3,-1,-1,-1,-1,-1,-1,-1,-1,-1,0
Unvalidated,2024471444877,2024,471444877,3,9,0,2,0,0,0,1,0,0,0,0,1,1,6,3,-1,-1,-1,-1,-1,-1,-1,-1,-1,0
Unvalidated,2024471444909,2024,471444909,1,90,0,18,7,4,0,8,0,0,0,0,1,1,1,1,22,5,-1,-1,-1,-1,3,1,E01021065,0
Unvalidated,2024471444909,2024,471444909,2,9,0,18,6,2,0,8,0,0,0,0,4,1,5,1,34,6,-1,-1,-1,-1,8,1,E01016980,0
Unvalidated,2024471444923,2024,471444923,1,9,0,18,4,8,0,0,5,10,0,0,1,1,6,1,25,5,-1,-1,-1,-1,6,3,E01031513,0
Unvalidated,2024471445094,2024,471445094,1,5,0,6,7,7,0,1,1,4,0,0,1,1,5,1,55,8,-1,-1,-1,-1,7,1,E01016936,0
Unvalidated,2024471445094,2024,471445094,2,9,0,2,0,0,0,1,0,0,0,0,2,1,6,3,-1,-1,-1,-1,-1,-1,-1,-1,-1,0
Unvalidated,2024471445110,2024,471445110,1,3,0,18,3,7,0,1,0,0,0,0,1,1,6,1,30,6,-1,-1,-1,-1,3,1,E01016860,0
Unvalidated,2024471445110,2024,471445110,2,9,0,4,3,7,0,1,0,0,0,0,2,1,6,2,63,9,-1,-1,-1,-1,7,2,E01022020,0
Unvalidated,2024471445183,2024,471445183,1,9,0,9,1,5,0,8,0,0,0,0,1,1,5,2,41,7,-1,-1,-1,-1,8,1,E01015486,0
Unvalidated,2024471445183,2024,471445183,2,9,0,18,7,3,0,1,0,0,0,0,1,1,5,2,61,9,-1,-1,-1,-1,3,2,E01002313,0
Unvalidated,2024471445190,2024,471445190,1,9,0,-1,-1,-1,-1,0,-1,-1,-1,0,-1,1,6,3,-1,-1,-1,-1,-1,-1,-1,-1,-1,0
Unvalidated,2024471445190,2024,471445190,2,9,0,2,0,0,0,0,0,0,0,0,3,1,3,2,40,7,-1,-1,-1,-1,8,1,E01021107,0
Unvalidated,2024471445228,2024,471445228,1,9,0,4,4,8,9,0,0,0,0,0,4,1,6,2,47,8,-1,-1,-1,-1,3,1,E01016919,0
Unvalidated,2024471445233,2024,471445233,1,98,0,5,1,5,0,4,0,0,0,0,4,1,5,1,62,9,-1,-1,-1,-1,4,2,E01021207,0
Unvalidated,2024471445233,2024,471445233,2,9,0,4,1,5,0,4,0,0,0,0,2,2,6,2,77,11,-1,-1,-1,-1,5,1,E01021216,0
Unvalidated,2024471445310,2024,471445310,1,9,0,9,8,5,0,6,0,0,0,0,1,1,5,1,22,5,-1,-1,-1,-1,9,3,E01021203,0
Unvalidated,2024471445310,2024,471445310,2,5,0,13,5,2,0,1,1,0,7,0,4,1,2,1,47,8,-1,-1,-1,-1,8,3,E01032620,0
Unvalidated,2024471445310,2024,471445310,3,98,0,7,5,8,0,5,0,0,0,0,0,1,6,3,-1,-1,-1,-1,-1,-1,-1,-1,-1,0
Unvalidated,2024471445318,2024,471445318,1,3,0,18,4,8,0,0,1,0,1,0,3,1,5,1,27,6,-1,-1,-1,-1,-1,2,-1,0
Unvalidated,2024471445318,2024,471445318,2,9,0,18,8,4,0,0,0,0,0,0,3,1,5,1,53,8,-1,-1,-1,-1,8,1,E01021214,0
Unvalidated,2024471445440,2024,471445440,1,9,0,5,5,7,0,8,0,0,0,0,1,1,5,2,26,6,-1,-1,-1,-1,5,1,E01020947,0
Unvalidated,2024471445440,2024,471445440,2,19,0,18,3,7,0,8,0,0,0,0,1,1,1,1,29,6,-1,-1,-1,-1,-1,2,-1,0
Unvalidated,2024471445447,2024,471445447,1,9,0,3,7,3,0,0,0,0,0,0,2,1,5,2,35,6,-1,-1,-1,-1,-1,-1,-1,0
Unvalidated,2024471445447,2024,471445447,2,9,0,18,7,3,0,0,0,0,0,0,1,1,6,1,76,11,-1,-1,-1,-1,7,1,E01031379,0
Unvalidated,2024471445463,2024,471445463,1,9,0,18,3,7,0,4,1,0,1,0,3,1,6,1,18,4,-1,-1,-1,-1,3,1,E01031811,0
Unvalidated,2024471445463,2024,471445463,2,9,0,18,1,5,0,3,0,0,1,0,1,1,5,2,18,4,-1,-1,-1,-1,10,1,E01031828,0
Unvalidated,2024471445494,2024,471445494,1,9,0,18,1,5,0,4,0,0,0,0,1,1,2,2,27,6,-1,-1,-1,-1,10,1,E01032839,0
Unvalidated,2024471445494,2024,471445494,2,9,0,9,3,5,0,3,0,0,0,0,3,1,2,2,49,8,-1,-1,-1,-1,9,1,E01031711,0
Unvalidated,2024471445596,2024,471445596,1,9,0,5,8,2,0,8,0,0,0,0,3,1,5,2,85,11,-1,-1,-1,-1,6,3,E01021149,0
Unvalidated,2024471445596,2024,471445596,2,19,0,18,6,2,0,1,0,0,0,0,1,1,2,2,54,8,-1,-1,-1,-1,8,1,E01021129,0
Unvalidated,2024471445597,2024,471445597,1,9,0,4,7,3,0,1,0,0,0,0,2,1,6,1,79,11,-1,-1,-1,-1,8,1,E01021106,0
Unvalidated,2024471445597,2024,471445597,2,9,0,18,7,3,0,1,0,0,0,0,1,1,6,2,21,5,-1,-1,-1,-1,9,1,E01021095,0
Unvalidated,2024471445678,2024,471445678,1,19,0,18,7,3,0,1,0,0,0,0,1,1,5,1,56,9,-1,-1,-1,-1,8,3,E01021209,0
Unvalidated,2024471445686,2024,471445686,1,98,0,3,5,1,0,1,0,0,0,0,2,1,6,1,55,8,-1,-1,-1,-1,9,1,E01016924,0
Unvalidated,2024471445686,2024,471445686,2,9,0,18,5,1,0,1,0,0,0,0,2,1,6,2,45,7,-1,-1,-1,-1,9,1,E01017001,0
Unvalidated,2024471445686,2024,471445686,3,9,0,18,5,1,0,1,1,0,0,0,1,1,6,2,57,9,-1,-1,-1,-1,3,1,E01016926,0
Unvalidated,2024471445728,2024,471445728,1,9,0,17,-1,-1,99,9,0,0,0,0,1,1,6,3,-1,-1,-1,-1,-1,-1,-1,-1,-1,0
Unvalidated,2024471445754,2024,471445754,1,9,0,18,2,8,0,8,0,0,0,0,1,1,5,1,44,7,-1,-1,-1,-1,-1,-1,-1,0
Unvalidated,2024471445792,2024,471445792,1,9,0,9,1,7,0,6,0,0,0,0,3,1,6,1,30,6,-1,-1,-1,-1,4,1,E01031788,0
Unvalidated,2024471445792,2024,471445792,2,5,0,18,7,3,0,8,0,0,0,0,1,1,5,1,23,5,-1,-1,-1,-1,8,2,E01021201,0
Unvalidated,2024471445797,2024,471445797,1,9,0,18,7,3,0,4,0,0,0,0,1,1,6,2,73,10,-1,-1,-1,-1,7,1,E01031534,0
Unvalidated,2024471445797,2024,471445797,2,9,0,9,3,1,0,4,0,0,0,0,1,1,6,1,37,7,-1,-1,-1,-1,8,1,E01031543,0
Unvalidated,2024471445986,2024,471445986,1,9,0,18,3,7,0,2,0,0,0,0,1,1,1,1,41,7,-1,-1,-1,-1,5,1,E01030531,0
Unvalidated,2024471445986,2024,471445986,2,9,0,18,7,3,0,1,0,0,0,0,3,1,5,1,25,5,-1,-1,-1,-1,10,1,E01024321,0
Unvalidated,2024471446090,2024,471446090,1,9,0,18,2,6,0,8,0,0,0,0,1,1,6,1,42,7,-1,-1,-1,-1,3,1,E01020922,0
Unvalidated,2024471446090,2024,471446090,2,9,0,13,6,2,0,4,0,0,0,0,4,2,5,2,47,8,-1,-1,-1,-1,-1,-1,-1,0
Unvalidated,2024471446191,2024,471446191,1,5,0,18,4,2,0,0,1,0,0,0,1,1,5,1,52,8,-1,-1,-1,-1,6,3,E01021099,0
Unvalidated,2024471446280,2024,471446280,1,9,0,18,3,7,0,0,0,0,0,0,1,1,2,1,21,5,-1,-1,-1,-1,2,1,E01017032,0
Unvalidated,2024471446280,2024,471446280,2,9,0,18,7,3,0,0,0,0,0,0,1,1,6,2,40,7,-1,-1,-1,-1,7,1,E01004159,0
Unvalidated,2024471446723,2024,471446723,1,9,0,7,5,7,0,0,0,0,0,0,1,1,5,1,34,6,-1,-1,-1,-1,4,1,E01031598,0
Unvalidated,2024471446723,2024,471446723,2,9,0,18,7,3,0,0,0,0,1,11,1,1,5,1,38,7,-1,-1,-1,-1,4,1,E01031598,0
Unvalidated,2024471446743,2024,471446743,1,9,0,7,5,5,0,8,1,0,0,0,1,1,5,2,20,4,-1,-1,-1,-1,7,1,E01000685,0
Unvalidated,2024471446743,2024,471446743,2,9,0,18,5,1,0,1,0,0,0,0,1,1,2,2,22,5,-1,-1,-1,-1,2,1,E01003267,0
Unvalidated,2024471446873,2024,471446873,1,9,0,18,8,3,0,0,0,0,0,0,2,1,3,2,30,6,-1,-1,-1,-1,5,1,E01031599,0
Unvalidated,2024471446873,2024,471446873,2,9,0,18,3,8,0,0,0,0,0,0,2,1,6,1,59,9,-1,-1,-1,-1,6,1,E01031669,0
Unvalidated,2024471446904,2024,471446904,1,4,0,18,4,7,0,8,0,0,0,0,1,1,6,1,64,9,-1,-1,-1,-1,8,1,E01016888,0
Unvalidated,2024471446904,2024,471446904,2,9,0,5,6,1,0,8,0,0,0,0,3,1,6,2,45,7,-1,-1,-1,-1,9,1,E01016983,0