status,collision_index,collision_year,collision_reference,vehicle_reference,vehicle_type,towing_and_articulation,vehicle_manoeuvre,vehicle_direction_from,vehicle_direction_to,vehicle_location_restricted_lane,junction_location,skidding_and_overturning,hit_object_in_carriageway,vehicle_leaving_carriageway,hit_object_off_carriageway,first_point_of_impact,vehicle_left_hand_drive,journey_purpose_of_driver,sex_of_driver,age_of_driver,age_band_of_driver,engine_capacity_cc,propulsion_code,age_of_vehicle,generic_make_model,driver_imd_decile,driver_home_area_type,lsoa_of_driver,escooter_flag
Unvalidated,2024471447088,2024,471447088,1,9,0,9,2,6,0,4,0,0,0,0,1,1,1,2,33,6,-1,-1,-1,-1,5,1,E01031565,0
Unvalidated,2024471447088,2024,471447088,2,1,0,9,8,6,0,8,0,0,0,0,3,1,4,1,12,3,-1,-1,-1,-1,4,1,E01031553,0
Unvalidated,2024471447104,2024,471447104,1,9,0,3,4,8,0,1,0,0,0,0,2,1,2,2,33,6,-1,-1,-1,-1,5,1,E01031585,0
Unvalidated,2024471447104,2024,471447104,2,9,0,18,4,8,0,1,0,0,0,0,1,1,6,3,-1,-1,-1,-1,-1,-1,-1,-1,-1,0
Unvalidated,2024471447151,2024,471447151,1,19,0,18,7,3,0,2,0,0,0,0,1,1,1,1,58,9,-1,-1,-1,-1,6,1,E01031817,0
Unvalidated,2024471447162,2024,471447162,1,9,0,18,5,1,0,1,0,0,0,0,1,1,2,2,56,9,-1,-1,-1,-1,8,1,E01031457,0
Unvalidated,2024471447162,2024,471447162,2,1,0,18,3,7,0,1,0,0,0,0,1,1,6,1,19,4,-1,-1,-1,-1,7,1,E01031398,0
Unvalidated,2024471447185,2024,471447185,1,9,0,18,8,4,0,1,0,0,0,0,1,1,2,2,58,9,-1,-1,-1,-1,10,1,E01031774,0
Unvalidated,2024471447265,2024,471447265,1,1,0,18,3,7,5,1,0,0,0,0,1,1,2,2,59,9,-1,-1,-1,-1,6,1,E01031402,0
Unvalidated,2024471447265,2024,471447265,2,9,0,4,1,3,0,1,0,0,0,0,4,1,5,1,71,10,-1,-1,-1,-1,6,1,E01031402,0
Unvalidated,2024471447308,2024,471447308,1,9,0,18,7,3,0,0,0,0,0,0,1,1,5,1,63,9,-1,-1,-1,-1,4,1,E01031364,0
Unvalidated,2024471447428,2024,471447428,1,19,0,18,7,2,0,0,0,0,0,0,3,1,6,3,-1,-1,-1,-1,-1,-1,-1,-1,-1,0
Unvalidated,2024471447428,2024,471447428,2,9,0,7,2,7,0,0,0,0,0,0,1,1,2,2,20,4,-1,-1,-1,-1,9,2,E01031721,0
Unvalidated,2024471447540,2024,471447540,1,9,0,18,2,6,0,0,0,11,0,0,1,1,1,1,67,10,-1,-1,-1,-1,5,2,E01021211,0
Unvalidated,2024471447541,2024,471447541,1,19,0,9,3,1,0,6,0,0,0,0,1,1,5,1,26,6,-1,-1,-1,-1,4,1,E01031443,0
Unvalidated,2024471447541,2024,471447541,2,9,0,18,4,8,0,8,0,0,0,0,3,1,5,1,44,7,-1,-1,-1,-1,3,1,E01031492,0
Unvalidated,2024471447550,2024,471447550,1,9,0,7,1,5,0,8,0,0,0,0,1,1,6,2,78,11,-1,-1,-1,-1,6,3,E01031507,0
Unvalidated,2024471447550,2024,471447550,2,3,0,18,7,3,0,8,5,0,0,0,1,1,1,1,34,6,-1,-1,-1,-1,6,2,E01031513,0
Unvalidated,2024471447651,2024,471447651,1,9,0,18,7,3,0,0,5,0,0,0,4,1,5,2,84,11,-1,-1,-1,-1,3,1,E01021016,0
Unvalidated,2024471447651,2024,471447651,2,9,0,2,0,0,0,0,0,0,0,0,3,1,6,3,-1,-1,-1,-1,-1,-1,-1,-1,-1,0
Unvalidated,2024471447651,2024,471447651,3,9,0,2,0,0,0,0,0,0,0,0,3,1,6,3,-1,-1,-1,-1,-1,-1,-1,-1,-1,0
Unvalidated,2024471447702,2024,471447702,1,9,0,18,5,1,0,4,0,0,0,0,1,1,6,1,63,9,-1,-1,-1,-1,3,1,E01016869,0
Unvalidated,2024471447702,2024,471447702,2,3,0,18,3,7,0,8,0,0,0,0,1,1,6,1,33,6,-1,-1,-1,-1,6,1,E01021058,0
Unvalidated,2024471447743,2024,471447743,1,19,0,4,4,8,0,0,0,0,0,0,1,1,1,1,38,7,-1,-1,-1,-1,4,1,E01031785,0
Unvalidated,2024471447743,2024,471447743,2,19,0,4,4,8,0,0,0,11,0,0,2,2,2,1,42,7,-1,-1,-1,-1,8,2,E01031617,0
Unvalidated,2024471447809,2024,471447809,1,3,0,4,2,6,0,0,1,0,0,0,3,1,5,2,17,4,-1,-1,-1,-1,5,3,E01021024,0
Unvalidated,2024471447809,2024,471447809,2,9,0,18,6,2,0,0,0,0,0,0,0,1,6,3,-1,-1,-1,-1,-1,-1,-1,-1,-1,0
Unvalidated,2024471447886,2024,471447886,1,9,0,14,3,7,0,0,0,0,0,0,3,1,2,1,30,6,-1,-1,-1,-1,9,1,E01031704,0
Unvalidated,2024471447886,2024,471447886,2,3,0,18,7,3,0,0,5,0,1,9,1,1,5,1,54,8,-1,-1,-1,-1,9,3,E01021026,0
Unvalidated,2024471447917,2024,471447917,1,9,0,18,2,6,0,0,1,0,1,4,1,1,2,1,40,7,-1,-1,-1,-1,8,2,E01031613,0
Unvalidated,2024471447917,2024,471447917,2,9,0,4,2,6,0,0,1,0,0,0,2,1,2,2,59,9,-1,-1,-1,-1,7,1,E01031471,0
Unvalidated,2024471447920,2024,471447920,1,9,0,9,3,1,0,6,1,0,7,0,3,1,2,2,19,4,-1,-1,-1,-1,6,2,E01031687,0
Unvalidated,2024471447920,2024,471447920,2,19,0,18,1,5,0,1,1,0,7,4,1,1,5,1,46,8,-1,-1,-1,-1,4,1,E01024493,0
Unvalidated,2024471448103,2024,471448103,1,9,0,18,2,6,0,2,0,0,0,0,1,1,5,2,57,9,-1,-1,-1,-1,5,1,E01020921,0
Unvalidated,2024471448105,2024,471448105,1,9,0,18,5,1,0,1,0,0,7,0,1,1,6,1,56,9,-1,-1,-1,-1,-1,-1,-1,0
Unvalidated,2024471448105,2024,471448105,2,9,0,18,1,5,0,1,0,0,0,0,1,1,5,2,30,6,-1,-1,-1,-1,6,3,E01031661,0
Unvalidated,2024471448129,2024,471448129,1,3,0,9,7,5,0,8,0,0,0,0,3,1,6,1,17,4,-1,-1,-1,-1,3,1,E01031441,0
Unvalidated,2024471448129,2024,471448129,2,9,0,18,7,3,0,3,0,0,0,0,4,1,1,1,43,7,-1,-1,-1,-1,9,1,E01022639,0
Unvalidated,2024471448140,2024,471448140,1,3,0,18,7,3,0,0,0,0,0,0,1,1,5,1,19,4,-1,-1,-1,-1,1,1,E01020912,0
Unvalidated,2024471448140,2024,471448140,2,9,0,3,7,3,0,0,0,0,0,0,2,1,6,1,42,7,-1,-1,-1,-1,8,1,E01004602,0
Unvalidated,2024471448277,2024,471448277,1,9,0,6,3,7,0,1,0,0,0,0,3,1,1,1,37,7,-1,-1,-1,-1,1,1,E01016900,0
Unvalidated,2024471448277,2024,471448277,2,3,0,18,7,3,0,2,5,0,0,0,1,1,1,1,31,6,-1,-1,-1,-1,1,1,E01016885,0
Unvalidated,2024471448290,2024,471448290,1,9,0,18,3,7,0,0,0,0,7,1,1,1,5,1,27,6,-1,-1,-1,-1,4,1,E01031550,0
Unvalidated,2024471448334,2024,471448334,1,9,0,18,6,3,0,1,0,0,0,0,4,1,6,1,48,8,-1,-1,-1,-1,4,1,E01031546,0
Unvalidated,2024471448334,2024,471448334,2,9,0,18,8,3,0,1,0,0,0,0,3,1,6,2,49,8,-1,-1,-1,-1,5,1,E01031577,0
Unvalidated,2024471448355,2024,471448355,1,9,0,3,1,5,0,0,0,0,0,0,2,1,5,2,62,9,-1,-1,-1,-1,3,1,E01016907,0
Unvalidated,2024471448355,2024,471448355,2,9,0,18,1,5,0,0,0,0,0,0,1,1,6,3,-1,-1,-1,-1,-1,-1,-1,-1,-1,0
Unvalidated,2024471448356,2024,471448356,1,9,0,18,6,3,0,8,0,0,0,0,1,2,5,2,28,6,-1,-1,-1,-1,5,1,E01031594,0
Unvalidated,2024471448356,2024,471448356,2,11,0,18,1,5,2,8,0,0,0,0,1,1,1,1,64,9,-1,-1,-1,-1,6,1,E01031601,0
Unvalidated,2024471448394,2024,471448394,1,5,0,14,2,6,0,0,0,0,0,0,1,1,5,1,24,5,-1,-1,-1,-1,7,1,E01031746,0
Unvalidated,2024471448394,2024,471448394,2,9,0,2,2,6,0,0,0,0,0,0,2,1,6,3,-1,-1,-1,-1,-1,-1,-1,-1,-1,0
Unvalidated,2024471448394,2024,471448394,3,9,0,18,6,2,0,0,0,0,0,0,0,1,6,3,-1,-1,-1,-1,-1,-1,-1,-1,-1,0
Unvalidated,2024471448411,2024,471448411,1,9,0,18,6,2,0,0,0,0,0,0,1,1,1,1,62,9,-1,-1,-1,-1,4,1,E01020918,0
Unvalidated,2024471448411,2024,471448411,2,9,0,4,6,2,1,0,0,0,0,0,2,1,5,2,21,5,-1,-1,-1,-1,6,1,E01032833,0
Unvalidated,2024471448439,2024,471448439,1,9,0,18,6,4,0,0,1,0,0,0,1,1,5,1,18,4,-1,-1,-1,-1,9,3,E01032041,0
Unvalidated,2024471448439,2024,471448439,2,9,0,18,4,6,0,0,0,0,1,0,1,1,5,1,61,9,-1,-1,-1,-1,9,1,E01021238,0
Unvalidated,2024471448439,2024,471448439,3,9,0,18,4,6,0,0,0,0,0,0,4,1,5,1,48,8,-1,-1,-1,-1,4,1,E01031572,0
Unvalidated,2024471448505,2024,471448505,1,9,0,7,4,6,0,6,0,0,0,0,1,1,5,2,29,6,-1,-1,-1,-1,-1,-1,-1,0
Unvalidated,2024471448505,2024,471448505,2,3,0,18,2,6,0,1,0,0,0,0,1,1,5,1,17,4,-1,-1,-1,-1,8,1,E01021075,0
Unvalidated,2024471448542,2024,471448542,1,5,0,18,5,2,0,0,0,0,0,0,4,1,6,1,37,7,-1,-1,-1,-1,4,1,E01021131,0
Unvalidated,2024471448555,2024,471448555,1,9,0,18,2,6,0,0,0,0,0,0,1,1,5,1,29,6,-1,-1,-1,-1,9,1,E01021226,0
Unvalidated,2024471448555,2024,471448555,2,9,0,18,6,2,0,0,0,0,0,0,1,1,6,2,28,6,-1,-1,-1,-1,10,1,E01021227,0
Unvalidated,2024471448678,2024,471448678,1,3,0,18,-1,-1,99,9,0,0,0,0,4,1,2,2,20,4,-1,-1,-1,-1,5,3,E01021195,0
Unvalidated,2024471448678,2024,471448678,2,9,0,7,-1,-1,99,9,0,0,0,0,3,1,6,1,-1,-1,-1,-1,-1,-1,-1,-1,-1,0
Unvalidated,2024471448746,2024,471448746,1,9,0,18,7,3,0,0,0,0,1,4,1,1,2,1,38,7,-1,-1,-1,-1,5,1,E01031467,0
Unvalidated,2024471448746,2024,471448746,2,9,0,4,7,3,0,0,0,0,0,0,4,1,5,1,22,5,-1,-1,-1,-1,2,1,E01031437,0
Unvalidated,2024471448746,2024,471448746,3,1,0,18,3,7,5,0,0,0,0,0,1,1,6,1,33,6,-1,-1,-1,-1,5,3,E01031470,0
Unvalidated,2024471448746,2024,471448746,4,1,0,18,3,7,5,0,0,0,0,0,1,1,6,1,25,5,-1,-1,-1,-1,5,3,E01031470,0
Unvalidated,2024471448757,2024,471448757,1,9,0,10,4,2,0,0,0,0,0,0,2,1,6,2,41,7,-1,-1,-1,-1,8,1,E01020963,0
Unvalidated,2024471448757,2024,471448757,2,19,0,18,4,8,0,0,0,0,0,0,1,1,6,1,52,8,-1,-1,-1,-1,9,1,E01020945,0
Unvalidated,2024471448759,2024,471448759,1,9,0,6,1,5,0,0,0,0,0,0,4,1,5,2,40,7,-1,-1,-1,-1,-1,-1,-1,0
Unvalidated,2024471448759,2024,471448759,2,9,0,18,1,5,0,0,0,0,0,0,1,1,5,1,43,7,-1,-1,-1,-1,4,1,E01031453,0
Unvalidated,2024471448790,2024,471448790,1,9,0,18,5,1,0,0,2,0,2,4,1,1,6,1,17,4,-1,-1,-1,-1,5,1,E01031584,0
Unvalidated,2024471448896,2024,471448896,1,9,0,5,2,6,0,8,0,0,0,0,1,1,5,1,72,10,-1,-1,-1,-1,1,1,E01020995,0
Unvalidated,2024471448896,2024,471448896,2,5,0,18,4,8,0,1,5,0,0,0,1,1,1,1,37,7,-1,-1,-1,-1,1,1,E01020995,0
Unvalidated,2024471448981,2024,471448981,1,9,0,15,4,8,6,0,1,10,2,0,1,1,6,1,29,6,-1,-1,-1,-1,9,3,E01021144,0
Unvalidated,2024471448981,2024,471448981,2,9,0,18,8,4,0,0,0,0,0,0,3,1,1,1,50,8,-1,-1,-1,-1,10,1,E01021159,0
Unvalidated,2024471448981,2024,471448981,3,9,0,18,4,8,0,0,0,0,0,0,3,1,2,1,41,7,-1,-1,-1,-1,8,1,E01021196,0
Unvalidated,2024471449088,2024,471449088,1,11,0,3,7,3,0,1,0,0,0,0,4,1,6,1,60,9,-1,-1,-1,-1,-1,-1,-1,0
Unvalidated,2024471449127,2024,471449127,1,9,0,3,4,1,0,8,0,0,0,0,4,1,5,2,48,8,-1,-1,-1,-1,1,1,E01016864,0
Unvalidated,2024471449127,2024,471449127,2,1,0,15,7,4,0,8,0,0,0,0,4,1,6,1,50,8,-1,-1,-1,-1,-1,-1,-1,0
Unvalidated,2024471449159,2024,471449159,1,9,0,9,5,3,0,8,0,0,0,0,4,1,6,1,21,5,-1,-1,-1,-1,8,1,E01021107,0
Unvalidated,2024471449159,2024,471449159,2,3,0,18,1,5,0,1,0,0,0,0,1,1,2,1,56,9,-1,-1,-1,-1,9,1,E01021124,0
Unvalidated,2024471449177,2024,471449177,1,9,0,18,3,7,0,0,1,0,5,6,1,1,5,2,18,4,-1,-1,-1,-1,4,3,E01021057,0
Unvalidated,2024471449182,2024,471449182,1,9,0,18,2,6,0,1,0,0,1,2,4,1,6,1,44,7,-1,-1,-1,-1,4,1,E01021045,0
Unvalidated,2024471449250,2024,471449250,1,9,0,18,8,4,0,0,0,0,0,0,1,1,6,1,62,9,-1,-1,-1,-1,6,1,E01015116,0
Unvalidated,2024471449250,2024,471449250,2,90,5,4,8,4,0,0,0,0,0,0,2,1,5,1,78,11,-1,-1,-1,-1,8,1,E01032102,0
Unvalidated,2024471449269,2024,471449269,1,9,0,18,1,5,9,0,0,10,7,11,1,1,6,1,55,8,-1,-1,-1,-1,5,1,E01031826,0
Unvalidated,2024471449269,2024,471449269,2,9,0,2,0,0,0,0,0,0,0,0,2,1,6,3,-1,-1,-1,-1,-1,-1,-1,-1,-1,0
Unvalidated,2024471449269,2024,471449269,3,98,0,2,0,0,0,0,0,0,0,0,3,1,6,3,-1,-1,-1,-1,-1,-1,-1,-1,-1,0
Unvalidated,2024471449269,2024,471449269,4,9,0,4,3,3,0,0,0,0,0,0,0,1,2,2,45,7,-1,-1,-1,-1,1,1,E01031429,0
Unvalidated,2024471449276,2024,471449276,1,9,0,9,8,3,0,6,0,0,0,0,1,1,5,2,17,4,-1,-1,-1,-1,5,2,E01021089,0
Unvalidated,2024471449276,2024,471449276,2,9,0,18,4,1,0,1,0,0,0,0,4,1,5,2,62,9,-1,-1,-1,-1,8,1,E01020988,0
Unvalidated,2024471449431,2024,471449431,1,9,0,18,3,7,0,0,0,0,0,0,4,1,6,1,73,10,-1,-1,-1,-1,9,1,E01021124,0
Unvalidated,2024471449431,2024,471449431,2,9,0,18,7,3,0,0,0,0,0,0,1,1,6,2,73,10,-1,-1,-1,-1,1,1,E01021015,0
Unvalidated,2024471449431,2024,471449431,3,9,0,2,0,0,0,0,1,0,7,0,3,1,6,3,-1,-1,-1,-1,-1,-1,-1,-1,-1,0
Unvalidated,2024471449435,2024,471449435,1,9,0,5,4,1,0,6,0,0,0,0,1,1,6,2,37,7,-1,-1,-1,-1,5,1,E01021000,0
Unvalidated,2024471449435,2024,471449435,2,1,0,18,2,6,0,1,0,0,0,0,4,1,6,1,75,10,-1,-1,-1,-1,4,1,E01021004,0
Unvalidated,2024471449517,2024,471449517,1,98,0,1,3,7,0,0,0,0,0,0,4,1,2,1,30,6,-1,-1,-1,-1,1,1,E01016910,0
Unvalidated,2024471449540,2024,471449540,1,98,0,18,4,8,0,0,0,4,0,0,1,1,1,1,63,9,-1,-1,-1,-1,6,2,E01021110,0
Unvalidated,2024471449540,2024,471449540,2,90,0,2,0,0,0,0,0,0,0,0,2,1,1,1,58,9,-1,-1,-1,-1,5,2,E01031631,0
Unvalidated,2024471449547,2024,471449547,1,11,0,18,7,3,2,2,0,0,0,0,3,1,1,1,52,8,-1,-1,-1,-1,5,1,E01021064,0
Unvalidated,2024471449556,2024,471449556,1,9,0,18,1,5,0,0,0,0,0,0,1,1,1,2,38,7,-1,-1,-1,-1,10,1,E01022573,0
Unvalidated,2024471449556,2024,471449556,2,9,0,18,5,1,0,0,0,0,0,0,2,1,1,1,58,9,-1,-1,-1,-1,7,1,E01031462,0
Unvalidated,2024471449564,2024,471449564,1,9,0,15,3,7,0,0,0,0,0,0,4,1,6,1,51,8,-1,-1,-1,-1,4,2,E01024487,0
Unvalidated,2024471449564,2024,471449564,2,1,0,18,3,7,0,0,0,0,1,0,3,1,5,1,72,10,-1,-1,-1,-1,8,2,E01024024,0
Unvalidated,2024471449578,2024,471449578,1,9,0,18,8,4,0,0,0,0,0,0,1,1,5,1,24,5,-1,-1,-1,-1,5,3,E01021024,0
Unvalidated,2024471449583,2024,471449583,1,3,0,18,1,5,0,0,0,7,1,0,1,1,5,1,60,9,-1,-1,-1,-1,10,3,E01031517,0
Unvalidated,2024471449583,2024,471449583,2,-1,0,18,5,1,0,0,0,0,0,0,0,1,6,3,-1,-1,-1,-1,-1,-1,-1,-1,-1,0
Unvalidated,2024471449613,2024,471449613,1,9,0,4,1,5,0,1,0,0,0,0,2,1,2,2,45,7,-1,-1,-1,-1,6,2,E01031528,0
Unvalidated,2024471449613,2024,471449613,2,9,0,18,1,5,0,1,9,0,0,0,2,1,6,2,22,5,-1,-1,-1,-1,9,1,E01031489,0
Unvalidated,2024471449615,2024,471449615,1,1,0,18,8,4,0,0,2,0,0,0,9,1,5,2,41,7,-1,-1,-1,-1,6,1,E01016874,0
Unvalidated,2024471449615,2024,471449615,2,9,0,2,0,0,0,0,0,0,0,0,3,1,6,3,-1,-1,-1,-1,-1,-1,-1,-1,-1,0
Unvalidated,2024471449637,2024,471449637,1,9,0,18,1,5,0,1,0,0,0,0,3,2,6,1,44,7,-1,-1,-1,-1,6,1,E01031817,0
Unvalidated,2024471449647,2024,471449647,1,9,0,18,2,8,0,0,5,7,0,0,3,1,5,1,17,4,-1,-1,-1,-1,9,1,E01021208,0
Unvalidated,2024471449652,2024,471449652,1,9,0,9,7,3,0,5,0,0,7,0,4,1,5,2,66,10,-1,-1,-1,-1,7,1,E01021184,0
Unvalidated,2024471449652,2024,471449652,2,9,0,18,3,7,0,1,0,0,0,0,1,1,5,2,27,6,-1,-1,-1,-1,8,3,E01021201,0
Unvalidated,2024471449684,2024,471449684,1,97,0,18,7,3,0,1,1,0,0,0,3,1,5,1,74,10,-1,-1,-1,-1,4,1,E01021076,0
Unvalidated,2024471449844,2024,471449844,1,98,0,9,1,7,0,6,0,0,0,0,1,1,1,1,29,6,-1,-1,-1,-1,5,1,E01016876,0
Unvalidated,2024471449844,2024,471449844,2,97,0,18,3,7,0,1,5,0,0,0,3,1,2,1,50,8,-1,-1,-1,-1,7,1,E01031374,0
Unvalidated,2024471449852,2024,471449852,1,9,0,18,3,7,0,3,0,0,0,0,3,1,5,2,26,6,-1,-1,-1,-1,6,1,E01031402,0
Unvalidated,2024471449852,2024,471449852,2,19,0,18,3,7,0,3,0,0,0,0,4,1,6,1,46,8,-1,-1,-1,-1,5,1,E01031401,0
Unvalidated,2024471450081,2024,471450081,1,9,0,9,1,7,0,0,0,0,0,0,4,1,5,1,26,6,-1,-1,-1,-1,10,1,E01031715,0
Unvalidated,2024471450081,2024,471450081,2,9,0,18,5,8,0,0,0,0,7,0,1,1,5,2,33,6,-1,-1,-1,-1,10,1,E01031763,0
Unvalidated,2024471450103,2024,471450103,1,9,0,18,5,1,0,8,0,0,0,0,1,1,6,1,45,7,-1,-1,-1,-1,6,1,E01031363,0
Unvalidated,2024471450103,2024,471450103,2,9,0,10,5,3,0,1,0,0,0,0,2,1,5,1,70,10,-1,-1,-1,-1,2,1,E01031361,0
Unvalidated,2024471450224,2024,471450224,1,1,0,18,2,7,0,8,0,0,0,0,9,1,2,2,46,8,-1,-1,-1,-1,4,1,E01016872,0
Unvalidated,2024471450224,2024,471450224,2,9,0,13,2,7,0,3,0,0,0,0,4,1,6,1,48,8,-1,-1,-1,-1,2,1,E01016906,0
Unvalidated,2024471450331,2024,471450331,1,9,0,7,1,7,0,8,0,0,0,0,1,2,6,1,70,10,-1,-1,-1,-1,9,1,E01031339,0
Unvalidated,2024471450331,2024,471450331,2,1,0,18,7,3,0,1,0,0,0,0,4,1,5,1,51,8,-1,-1,-1,-1,9,1,E01031339,0
Unvalidated,2024471450431,2024,471450431,1,9,0,9,8,6,0,8,0,0,0,0,1,1,1,1,30,6,-1,-1,-1,-1,1,1,E01020994,0
Unvalidated,2024471450431,2024,471450431,2,3,0,9,4,1,0,8,0,0,0,0,1,1,1,1,20,4,-1,-1,-1,-1,2,1,E01020977,0
Unvalidated,2024471450434,2024,471450434,1,9,0,18,1,5,0,2,0,0,0,0,3,1,1,1,59,9,-1,-1,-1,-1,7,1,E01021212,0
Unvalidated,2024471450456,2024,471450456,1,9,0,18,1,5,0,0,0,0,3,0,3,1,1,1,57,9,-1,-1,-1,-1,1,1,E01016895,0
Unvalidated,2024471450461,2024,471450461,1,5,0,14,7,3,0,0,0,0,0,0,4,1,5,1,29,6,-1,-1,-1,-1,5,1,E01031807,0
Unvalidated,2024471450478,2024,471450478,1,9,0,7,1,3,0,2,0,0,0,0,3,1,5,2,43,7,-1,-1,-1,-1,6,1,E01017009,0
Unvalidated,2024471450478,2024,471450478,2,9,0,18,7,7,0,1,0,1,0,0,1,1,5,1,47,8,-1,-1,-1,-1,-1,1,-1,0
Unvalidated,2024471450482,2024,471450482,1,9,0,18,5,1,0,0,0,0,0,0,3,1,5,2,83,11,-1,-1,-1,-1,10,1,E01031380,0
Unvalidated,2024471450482,2024,471450482,2,9,0,18,1,5,0,0,5,0,0,0,3,1,5,2,49,8,-1,-1,-1,-1,5,1,E01031385,0
Unvalidated,2024471450482,2024,471450482,3,9,0,2,0,0,0,0,0,4,0,0,2,1,5,1,56,9,-1,-1,-1,-1,2,1,E01031437,0
Unvalidated,2024471450488,2024,471450488,1,3,0,18,5,2,6,0,0,0,1,1,1,1,5,1,18,4,-1,-1,-1,-1,10,1,E01031754,0
Unvalidated,2024471450577,2024,471450577,1,9,0,18,8,4,0,1,0,0,0,0,1,1,6,1,69,10,-1,-1,-1,-1,6,1,E01020950,0
Unvalidated,2024471450577,2024,471450577,2,9,0,4,8,4,0,1,0,0,0,0,0,1,1,1,44,7,-1,-1,-1,-1,7,1,E01021094,0
Unvalidated,2024471450640,2024,471450640,1,9,0,9,5,7,0,0,0,0,0,0,1,1,2,1,36,7,-1,-1,-1,-1,4,1,E01021057,0
Unvalidated,2024471450640,2024,471450640,2,4,0,13,7,3,0,0,0,0,0,0,1,1,5,1,18,4,-1,-1,-1,-1,6,1,E01021034,0
Unvalidated,2024471450656,2024,471450656,1,9,0,18,1,5,0,0,0,0,8,7,1,1,6,1,20,4,-1,-1,-1,-1,10,2,E01031681,0
Unvalidated,2024471450676,2024,471450676,1,9,0,7,1,3,0,0,0,0,0,0,1,1,5,1,33,6,-1,-1,-1,-1,7,1,E01031782,0
Unvalidated,2024471450713,2024,471450713,1,3,0,18,8,4,0,1,0,0,0,0,1,1,1,1,44,7,-1,-1,-1,-1,3,1,E01020937,0
Unvalidated,2024471450713,2024,471450713,2,9,0,4,8,4,0,1,0,0,0,0,2,1,5,2,41,7,-1,-1,-1,-1,4,1,E01020957,0
Unvalidated,2024471450713,2024,471450713,3,9,0,10,8,6,0,1,0,0,0,0,0,1,6,3,-1,-1,-1,-1,-1,-1,-1,-1,-1,0
Unvalidated,2024471450736,2024,471450736,1,9,0,18,5,1,0,6,0,0,0,0,1,1,5,1,61,9,-1,-1,-1,-1,9,1,E01000358,0
Unvalidated,2024471450736,2024,471450736,2,9,0,18,3,7,0,1,0,0,0,0,4,1,5,2,46,8,-1,-1,-1,-1,6,1,E01031408,0
Unvalidated,2024471450751,2024,471450751,1,90,0,18,5,1,0,0,0,4,0,0,1,1,5,1,63,9,-1,-1,-1,-1,6,1,E01031468,1
Unvalidated,2024471450751,2024,471450751,2,9,0,2,0,0,0,0,0,0,0,0,2,1,6,3,-1,-1,-1,-1,-1,-1,-1,-1,-1,0
Unvalidated,2024471450818,2024,471450818,1,9,0,7,7,2,0,0,2,7,7,4,1,1,6,3,-1,-1,-1,-1,-1,-1,-1,-1,-1,0
Unvalidated,2024471450896,2024,471450896,1,9,0,15,1,5,0,2,0,0,0,0,1,1,5,1,48,8,-1,-1,-1,-1,4,1,E01016988,0
Unvalidated,2024471450896,2024,471450896,2,98,0,2,0,0,0,2,0,0,0,0,0,1,6,3,-1,-1,-1,-1,-1,-1,-1,-1,-1,0
Unvalidated,2024471451001,2024,471451001,1,5,0,18,6,2,0,1,0,0,1,4,1,1,5,1,64,9,-1,-1,-1,-1,10,1,E01030360,0
Unvalidated,2024471451001,2024,471451001,2,5,0,4,6,8,0,1,0,0,0,0,2,1,6,1,57,9,-1,-1,-1,-1,9,1,E01022799,0
Unvalidated,2024471451025,2024,471451025,1,9,0,18,8,3,0,1,1,0,0,0,1,1,6,2,62,9,-1,-1,-1,-1,5,1,E01031826,0
Unvalidated,2024471451025,2024,471451025,2,9,0,18,3,7,0,1,1,0,0,0,4,1,5,2,28,6,-1,-1,-1,-1,4,1,E01031806,0
Unvalidated,2024471451194,2024,471451194,1,9,0,18,1,5,0,1,0,0,0,0,1,1,5,2,17,4,-1,-1,-1,-1,6,3,E01024038,0
Unvalidated,2024471451194,2024,471451194,2,9,0,3,1,5,0,1,0,0,0,0,2,1,6,2,44,7,-1,-1,-1,-1,8,1,E01032831,0
Unvalidated,2024471451280,2024,471451280,1,9,0,4,1,5,0,0,0,0,0,0,1,1,6,2,39,7,-1,-1,-1,-1,5,1,E01020947,0
Unvalidated,2024471451280,2024,471451280,2,9,0,3,1,5,0,0,0,0,0,0,2,1,2,2,48,8,-1,-1,-1,-1,7,1,E01021043,0
Unvalidated,2024471451326,2024,471451326,1,9,0,5,6,4,0,4,0,0,0,0,1,1,5,2,36,7,-1,-1,-1,-1,-1,-1,-1,0
Unvalidated,2024471451326,2024,471451326,2,97,0,18,6,4,0,8,0,0,0,0,4,1,2,1,41,7,-1,-1,-1,-1,9,2,E01031719,0
Unvalidated,2024471451327,2024,471451327,1,9,0,4,5,1,0,0,0,0,0,0,3,1,1,1,54,8,-1,-1,-1,-1,6,1,E01031743,0
Unvalidated,2024471451327,2024,471451327,2,1,0,18,5,1,0,0,0,0,0,0,1,1,6,1,17,4,-1,-1,-1,-1,4,1,E01016925,0
Unvalidated,2024471451332,2024,471451332,1,9,0,18,6,2,0,1,0,0,0,0,1,1,6,2,30,6,-1,-1,-1,-1,4,1,E01021057,0
Unvalidated,2024471451346,2024,471451346,1,9,0,18,5,1,0,0,0,0,0,0,2,1,5,1,43,7,-1,-1,-1,-1,5,1,E01020968,0
Unvalidated,2024471451346,2024,471451346,2,9,0,18,5,1,0,0,0,0,0,0,4,1,2,1,62,9,-1,-1,-1,-1,7,1,E01031417,0