status,collision_index,collision_year,collision_reference,vehicle_reference,vehicle_type,towing_and_articulation,vehicle_manoeuvre,vehicle_direction_from,vehicle_direction_to,vehicle_location_restricted_lane,junction_location,skidding_and_overturning,hit_object_in_carriageway,vehicle_leaving_carriageway,hit_object_off_carriageway,first_point_of_impact,vehicle_left_hand_drive,journey_purpose_of_driver,sex_of_driver,age_of_driver,age_band_of_driver,engine_capacity_cc,propulsion_code,age_of_vehicle,generic_make_model,driver_imd_decile,driver_home_area_type,lsoa_of_driver,escooter_flag
Unvalidated,2024471451365,2024,471451365,1,9,0,18,1,5,0,2,2,0,0,0,1,1,5,2,46,8,-1,-1,-1,-1,6,1,E01031365,0
Unvalidated,2024471451365,2024,471451365,2,98,0,2,0,0,0,2,0,0,0,0,2,1,6,3,-1,-1,-1,-1,-1,-1,-1,-1,-1,0
Unvalidated,2024471451368,2024,471451368,1,9,0,18,6,2,0,0,5,0,7,4,1,1,1,1,59,9,-1,-1,-1,-1,10,2,E01021192,0
Unvalidated,2024471451368,2024,471451368,2,9,0,18,2,6,0,0,0,0,0,0,1,1,5,2,73,10,-1,-1,-1,-1,4,1,E01021224,0
Unvalidated,2024471451465,2024,471451465,1,9,0,-1,-1,-1,-1,0,-1,-1,-1,0,-1,1,6,2,27,6,-1,-1,-1,-1,7,1,E01031460,0
Unvalidated,2024471451465,2024,471451465,2,1,0,-1,-1,-1,-1,0,-1,-1,-1,0,-1,1,6,1,13,3,-1,-1,-1,-1,9,1,E01031458,0
Unvalidated,2024471451539,2024,471451539,1,9,0,18,-1,-1,0,0,0,0,0,0,-1,1,6,1,-1,-1,-1,-1,-1,-1,-1,-1,-1,0
Unvalidated,2024471451584,2024,471451584,1,9,0,18,-1,-1,9,0,1,12,7,4,1,1,5,1,33,6,-1,-1,-1,-1,7,1,E01004159,0
Unvalidated,2024471451609,2024,471451609,1,9,0,9,8,5,0,2,0,0,0,0,1,1,5,1,42,7,-1,-1,-1,-1,10,1,E01021159,0
Unvalidated,2024471451609,2024,471451609,2,9,0,8,5,2,0,2,0,0,0,0,1,1,5,2,75,10,-1,-1,-1,-1,6,2,E01021193,0
Unvalidated,2024471451652,2024,471451652,1,9,0,9,4,2,4,5,0,0,7,0,1,1,1,2,50,8,-1,-1,-1,-1,1,1,E01016895,0
Unvalidated,2024471451652,2024,471451652,2,1,0,18,8,4,4,1,0,0,0,0,2,1,2,1,61,9,-1,-1,-1,-1,8,1,E01016888,0
Unvalidated,2024471451708,2024,471451708,1,9,0,9,7,5,0,6,0,0,0,0,1,1,6,1,92,11,-1,-1,-1,-1,9,1,E01021124,0
Unvalidated,2024471451708,2024,471451708,2,9,0,18,5,1,0,1,0,0,0,0,1,1,6,2,52,8,-1,-1,-1,-1,6,3,E01021125,0
Unvalidated,2024471451725,2024,471451725,1,5,0,7,5,7,0,1,1,0,0,0,1,1,2,1,45,7,-1,-1,-1,-1,6,1,E01031817,0
Unvalidated,2024471451763,2024,471451763,1,1,0,-1,-1,-1,5,1,1,0,0,0,2,1,5,1,14,3,-1,-1,-1,-1,1,1,E01016915,0
Unvalidated,2024471451763,2024,471451763,2,9,0,99,-1,-1,0,1,9,99,0,0,9,1,6,3,-1,-1,-1,-1,-1,-1,-1,-1,-1,0
Unvalidated,2024471451808,2024,471451808,1,9,0,18,7,3,0,0,1,0,6,10,1,1,5,2,41,7,-1,-1,-1,-1,5,1,E01021031,0
Unvalidated,2024471451808,2024,471451808,2,9,0,18,7,3,0,0,0,0,0,0,2,1,5,1,23,5,-1,-1,-1,-1,9,1,E01020933,0
Unvalidated,2024471452034,2024,471452034,1,9,0,3,4,8,0,4,0,0,0,0,2,1,6,1,38,7,-1,-1,-1,-1,9,1,E01031742,0
Unvalidated,2024471452034,2024,471452034,2,9,0,18,4,8,0,4,0,0,0,0,1,1,6,3,-1,-1,-1,-1,-1,-1,-1,-1,-1,0
Unvalidated,2024471452050,2024,471452050,1,97,0,-1,-1,-1,-1,0,-1,-1,-1,-1,-1,1,6,1,-1,-1,-1,-1,-1,-1,-1,-1,-1,0
Unvalidated,2024471452050,2024,471452050,2,1,0,18,1,5,9,0,0,0,0,0,2,1,5,1,13,3,-1,-1,-1,-1,1,1,E01020994,0
Unvalidated,2024471452103,2024,471452103,1,9,0,18,8,4,0,0,0,0,0,0,1,1,5,2,79,11,-1,-1,-1,-1,6,1,E01021110,0
Unvalidated,2024471452103,2024,471452103,2,3,0,18,8,4,0,0,0,0,0,0,2,1,6,1,73,10,-1,-1,-1,-1,5,3,E01032414,0
Unvalidated,2024471452126,2024,471452126,1,9,0,9,8,6,0,0,0,0,0,0,1,1,1,1,25,5,-1,-1,-1,-1,5,1,E01031442,0
Unvalidated,2024471452126,2024,471452126,2,3,0,18,6,2,0,0,1,0,0,0,1,1,6,1,17,4,-1,-1,-1,-1,10,1,E01031380,0
Unvalidated,2024471452127,2024,471452127,1,9,0,9,7,3,0,0,0,0,0,0,1,1,1,1,50,8,-1,-1,-1,-1,9,1,E01031756,0
Unvalidated,2024471452127,2024,471452127,2,5,0,13,7,3,0,0,1,0,7,0,1,1,5,1,59,9,-1,-1,-1,-1,10,1,E01031755,0
Unvalidated,2024471452146,2024,471452146,1,9,0,16,-1,-1,99,3,1,99,0,0,2,2,5,2,20,4,-1,-1,-1,-1,3,1,E01016907,0
Unvalidated,2024471452146,2024,471452146,2,9,0,18,5,2,0,8,0,0,0,0,1,1,6,1,47,8,-1,-1,-1,-1,2,1,E01031437,0
Unvalidated,2024471452159,2024,471452159,1,97,0,18,5,1,0,1,0,4,0,0,1,1,6,2,20,4,-1,-1,-1,-1,2,1,E01020911,0
Unvalidated,2024471452159,2024,471452159,2,9,0,10,5,1,0,1,0,0,0,0,2,1,3,2,42,7,-1,-1,-1,-1,4,1,E01020914,0
Unvalidated,2024471452171,2024,471452171,1,9,0,18,7,4,0,1,0,0,0,0,1,1,6,2,-1,-1,-1,-1,-1,-1,-1,-1,-1,0
Unvalidated,2024471452196,2024,471452196,1,9,0,18,7,3,0,8,0,0,1,2,1,1,5,1,38,7,-1,-1,-1,-1,3,1,E01031444,0
Unvalidated,2024471452196,2024,471452196,2,9,0,9,3,1,0,8,0,0,0,0,1,1,5,2,23,5,-1,-1,-1,-1,10,1,E01031619,0
Unvalidated,2024471452198,2024,471452198,1,21,0,18,3,7,0,0,0,0,7,0,3,1,1,1,61,9,-1,-1,-1,-1,10,1,E01022746,0
Unvalidated,2024471452198,2024,471452198,2,19,0,18,7,3,0,0,0,0,1,4,3,1,6,1,58,9,-1,-1,-1,-1,8,2,E01031613,0
Unvalidated,2024471452266,2024,471452266,1,9,0,13,1,5,0,0,0,0,0,0,0,1,6,1,59,9,-1,-1,-1,-1,5,1,E01031410,0
Unvalidated,2024471452266,2024,471452266,2,9,0,18,5,1,0,0,0,0,0,0,2,1,1,1,54,8,-1,-1,-1,-1,4,1,E01031455,0
Unvalidated,2024471452266,2024,471452266,3,9,0,18,5,1,0,0,0,0,0,0,1,1,5,1,59,9,-1,-1,-1,-1,9,1,E01031458,0
Unvalidated,2024471452268,2024,471452268,1,2,0,18,3,7,0,0,5,0,0,0,4,1,5,1,16,4,-1,-1,-1,-1,2,1,E01031361,0
Unvalidated,2024471452268,2024,471452268,2,9,0,5,1,5,0,0,0,0,0,0,1,1,5,1,83,11,-1,-1,-1,-1,4,1,E01031835,0
Unvalidated,2024471452274,2024,471452274,1,1,0,12,3,8,0,0,0,0,0,0,1,1,5,1,17,4,-1,-1,-1,-1,4,1,E01031377,0
Unvalidated,2024471452274,2024,471452274,2,5,0,18,3,7,0,0,0,0,0,0,4,1,5,1,36,7,-1,-1,-1,-1,3,1,E01031347,0
Unvalidated,2024471452363,2024,471452363,1,9,0,9,3,8,0,6,0,0,0,0,3,2,5,1,45,7,-1,-1,-1,-1,9,2,E01031391,0
Unvalidated,2024471452363,2024,471452363,2,9,0,18,1,5,0,1,0,0,0,0,1,1,6,1,50,8,-1,-1,-1,-1,4,3,E01031386,0
Unvalidated,2024471452363,2024,471452363,3,9,0,10,5,3,0,1,0,0,0,0,4,1,6,1,39,7,-1,-1,-1,-1,8,1,E01031812,0
Unvalidated,2024471452404,2024,471452404,1,1,0,18,3,7,0,1,5,0,0,0,4,1,5,2,64,9,-1,-1,-1,-1,10,1,E01031412,0
Unvalidated,2024471452404,2024,471452404,2,19,0,10,5,3,0,6,0,0,0,0,1,1,6,1,41,7,-1,-1,-1,-1,6,1,E01031452,0
Unvalidated,2024471452507,2024,471452507,1,9,0,18,7,3,0,0,0,0,0,0,1,1,1,2,66,10,-1,-1,-1,-1,6,3,E01021145,0
Unvalidated,2024471452507,2024,471452507,2,9,0,3,8,4,0,0,0,0,0,0,2,1,5,2,22,5,-1,-1,-1,-1,7,1,E01021146,0
Unvalidated,2024471452507,2024,471452507,3,9,0,3,8,4,0,0,0,0,0,0,0,1,5,1,69,10,-1,-1,-1,-1,9,3,E01031728,0
Unvalidated,2024471452507,2024,471452507,4,9,0,10,4,2,0,0,0,0,0,0,2,1,1,1,62,9,-1,-1,-1,-1,10,1,E01021159,0
Unvalidated,2024471452549,2024,471452549,1,9,0,9,2,1,0,5,0,0,0,0,4,1,6,1,51,8,-1,-1,-1,-1,5,3,E01021195,0
Unvalidated,2024471452549,2024,471452549,2,9,0,18,6,2,0,1,0,0,0,0,1,1,6,2,56,9,-1,-1,-1,-1,9,2,E01021056,0
Unvalidated,2024471452549,2024,471452549,3,9,0,8,1,2,0,1,0,0,0,0,3,1,6,2,52,8,-1,-1,-1,-1,8,3,E01021170,0
Unvalidated,2024471452594,2024,471452594,1,9,0,18,1,5,0,0,0,0,0,0,4,1,1,2,54,8,-1,-1,-1,-1,6,1,E01031743,0
Unvalidated,2024471452638,2024,471452638,1,9,0,18,7,3,0,2,2,4,0,0,1,1,5,2,31,6,-1,-1,-1,-1,8,1,E01021233,0
Unvalidated,2024471452638,2024,471452638,2,9,0,2,0,0,0,2,0,0,0,0,3,1,6,3,-1,-1,-1,-1,-1,-1,-1,-1,-1,0
Unvalidated,2024471452650,2024,471452650,1,1,0,18,1,5,9,0,0,0,1,10,1,1,6,1,19,4,-1,-1,-1,-1,1,1,E01020983,0
Unvalidated,2024471452665,2024,471452665,1,19,0,5,1,5,0,0,0,0,0,0,1,1,1,1,20,4,-1,-1,-1,-1,4,1,E01031788,0
Unvalidated,2024471452665,2024,471452665,2,9,0,18,1,5,0,0,0,0,0,0,3,1,6,2,75,10,-1,-1,-1,-1,1,1,E01031429,0
Unvalidated,2024471452674,2024,471452674,1,9,0,18,2,4,0,0,0,0,1,4,1,1,5,2,20,4,-1,-1,-1,-1,10,1,E01022972,0
Unvalidated,2024471452675,2024,471452675,1,90,0,18,4,6,9,1,0,0,0,0,1,1,6,1,13,3,-1,-1,-1,-1,5,1,E01020951,1
Unvalidated,2024471452675,2024,471452675,2,1,0,18,6,6,9,1,0,0,0,0,1,1,6,1,20,4,-1,-1,-1,-1,3,1,E01020922,0
Unvalidated,2024471452677,2024,471452677,1,9,0,9,3,1,0,8,0,0,0,0,1,1,2,2,31,6,-1,-1,-1,-1,10,2,E01031686,0
Unvalidated,2024471452677,2024,471452677,2,1,0,18,1,5,0,1,0,0,0,0,1,1,6,1,-1,-1,-1,-1,-1,-1,-1,-1,-1,0
Unvalidated,2024471452709,2024,471452709,1,97,0,18,3,7,0,1,0,0,0,0,1,1,6,3,-1,-1,-1,-1,-1,-1,-1,-1,-1,0
Unvalidated,2024471452712,2024,471452712,1,3,0,13,7,3,0,8,1,0,7,11,4,1,5,1,18,4,-1,-1,-1,-1,6,3,E01021054,0
Unvalidated,2024471452712,2024,471452712,2,9,0,9,7,5,0,8,0,0,0,0,3,1,6,1,75,10,-1,-1,-1,-1,7,3,E01021032,0
Unvalidated,2024471452721,2024,471452721,1,9,0,9,5,3,0,2,0,0,0,0,1,1,5,1,65,9,-1,-1,-1,-1,5,1,E01021079,0
Unvalidated,2024471452725,2024,471452725,1,9,0,9,8,6,0,5,0,0,0,0,2,1,5,2,54,8,-1,-1,-1,-1,5,2,E01031501,0
Unvalidated,2024471452725,2024,471452725,2,9,0,18,8,4,0,1,0,0,0,0,2,1,6,2,45,7,-1,-1,-1,-1,6,2,E01031499,0
Unvalidated,2024471452725,2024,471452725,3,98,0,18,8,4,0,1,0,0,0,0,1,1,1,1,24,5,-1,-1,-1,-1,6,2,E01031499,0
Unvalidated,2024471452726,2024,471452726,1,9,0,18,7,3,0,0,2,0,8,4,3,1,5,1,17,4,-1,-1,-1,-1,5,3,E01021139,0
Unvalidated,2024471452743,2024,471452743,1,9,0,18,5,1,0,1,0,0,1,1,1,1,5,1,19,4,-1,-1,-1,-1,3,1,E01031555,0
Unvalidated,2024471452743,2024,471452743,2,9,0,9,1,3,0,8,0,0,0,0,4,1,2,2,32,6,-1,-1,-1,-1,5,1,E01031565,0
Unvalidated,2024471452797,2024,471452797,1,9,0,18,2,8,0,0,0,0,0,0,1,1,2,1,26,6,-1,-1,-1,-1,5,2,E01030834,0
Unvalidated,2024471452797,2024,471452797,2,19,0,4,4,8,0,0,0,0,0,0,2,1,1,1,26,6,-1,-1,-1,-1,8,3,E01031659,0
Unvalidated,2024471452800,2024,471452800,1,9,0,9,5,3,0,6,0,0,0,0,1,1,2,1,34,6,-1,-1,-1,-1,3,1,E01016858,0
Unvalidated,2024471452800,2024,471452800,2,90,0,18,1,5,0,2,0,0,0,0,3,1,6,1,22,5,-1,-1,-1,-1,5,1,E01016990,1
Unvalidated,2024471452868,2024,471452868,1,9,0,4,2,6,0,0,0,0,0,0,1,1,6,2,38,7,-1,-1,-1,-1,6,1,E01031586,0
Unvalidated,2024471452868,2024,471452868,2,9,0,4,2,6,0,0,0,0,0,0,2,1,5,1,54,8,-1,-1,-1,-1,6,1,E01002955,0
Unvalidated,2024471452868,2024,471452868,3,20,0,4,2,6,0,0,0,0,0,0,2,1,6,1,60,9,-1,-1,-1,-1,10,2,E01031718,0
Unvalidated,2024471452896,2024,471452896,1,9,0,18,8,4,0,0,5,10,1,5,1,1,2,2,22,5,-1,-1,-1,-1,5,1,E01031571,0
Unvalidated,2024471452940,2024,471452940,1,9,0,18,6,2,0,0,0,0,0,0,1,1,3,2,59,9,-1,-1,-1,-1,-1,1,-1,0
Unvalidated,2024471452941,2024,471452941,1,9,0,7,3,6,0,8,0,0,0,0,1,1,6,2,82,11,-1,-1,-1,-1,9,2,E01031622,0
Unvalidated,2024471452941,2024,471452941,2,1,0,18,8,6,0,8,0,0,0,0,2,1,6,1,49,8,-1,-1,-1,-1,10,3,E01031621,0
Unvalidated,2024471452945,2024,471452945,1,9,0,18,1,5,0,0,0,0,0,0,1,1,5,2,56,9,-1,-1,-1,-1,6,3,E01021149,0
Unvalidated,2024471452945,2024,471452945,2,9,0,18,5,1,0,0,0,0,0,0,3,1,5,2,33,6,-1,-1,-1,-1,-1,-1,-1,0
Unvalidated,2024471452945,2024,471452945,3,9,0,2,0,0,0,0,0,0,0,0,1,1,6,3,-1,-1,-1,-1,-1,-1,-1,-1,-1,0
Unvalidated,2024471452945,2024,471452945,4,9,0,2,0,0,0,0,0,0,0,0,4,1,6,3,-1,-1,-1,-1,-1,-1,-1,-1,-1,0
Unvalidated,2024471452963,2024,471452963,1,9,0,5,6,4,0,6,0,0,0,0,1,1,2,1,54,8,-1,-1,-1,-1,7,3,E01017478,0
Unvalidated,2024471452963,2024,471452963,2,9,0,18,4,2,0,1,0,0,0,0,1,1,6,2,47,8,-1,-1,-1,-1,10,1,E01016939,0
Unvalidated,2024471453089,2024,471453089,1,9,0,5,2,6,0,0,0,0,0,0,3,1,5,2,31,6,-1,-1,-1,-1,10,1,E01031578,0
Unvalidated,2024471453089,2024,471453089,2,20,0,18,2,6,0,0,1,0,0,0,1,1,1,1,46,8,-1,-1,-1,-1,6,3,E01021206,0
Unvalidated,2024471453123,2024,471453123,1,9,0,5,1,5,0,0,0,0,0,0,4,2,5,2,24,5,-1,-1,-1,-1,4,1,E01022482,0
Unvalidated,2024471453123,2024,471453123,2,9,0,18,3,7,0,0,0,0,0,0,1,1,2,2,20,4,-1,-1,-1,-1,8,1,E01016901,0
Unvalidated,2024471453136,2024,471453136,1,9,0,18,8,4,0,0,0,0,0,0,1,1,5,1,26,6,-1,-1,-1,-1,10,1,E01021162,0
Unvalidated,2024471453136,2024,471453136,2,9,0,3,8,4,0,0,0,0,0,0,2,1,5,1,29,6,-1,-1,-1,-1,7,1,E01021108,0
Unvalidated,2024471453136,2024,471453136,3,9,0,5,8,4,0,0,0,0,0,0,2,1,5,1,40,7,-1,-1,-1,-1,9,1,E01021225,0
Unvalidated,2024471453136,2024,471453136,4,98,0,1,6,8,0,0,0,0,0,0,0,1,1,1,-1,-1,-1,-1,-1,-1,-1,-1,-1,0
Unvalidated,2024471453255,2024,471453255,1,9,0,9,8,4,0,8,0,0,0,0,4,1,5,2,31,6,-1,-1,-1,-1,8,1,E01021197,0
Unvalidated,2024471453255,2024,471453255,2,9,0,18,4,8,0,1,0,0,0,0,1,1,5,1,41,7,-1,-1,-1,-1,9,1,E01020948,0
Unvalidated,2024471453283,2024,471453283,1,9,0,4,3,1,0,1,0,0,0,0,1,1,5,1,18,4,-1,-1,-1,-1,9,2,E01031723,0
Unvalidated,2024471453283,2024,471453283,2,9,0,9,3,1,0,5,0,0,0,0,2,1,5,2,57,9,-1,-1,-1,-1,8,1,E01030848,0
Unvalidated,2024471453308,2024,471453308,1,3,0,18,7,3,0,8,0,0,0,0,1,1,1,1,33,6,-1,-1,-1,-1,2,1,E01016978,0
Unvalidated,2024471453308,2024,471453308,2,8,0,10,1,5,0,6,0,0,0,0,4,1,6,1,62,9,-1,-1,-1,-1,1,1,E01016880,0
Unvalidated,2024471453323,2024,471453323,1,9,0,9,5,7,0,8,0,0,0,0,1,1,5,2,32,6,-1,-1,-1,-1,7,1,E01017006,0
Unvalidated,2024471453323,2024,471453323,2,97,0,18,7,3,0,1,0,0,0,0,1,1,5,1,19,4,-1,-1,-1,-1,8,1,E01031778,0
Unvalidated,2024471453345,2024,471453345,1,9,0,4,7,3,0,1,0,7,2,0,2,1,5,2,18,4,-1,-1,-1,-1,4,1,E01031377,0
Unvalidated,2024471453345,2024,471453345,2,17,0,3,7,3,0,1,0,0,0,0,1,1,1,1,29,6,-1,-1,-1,-1,6,3,E01031507,0
Unvalidated,2024471453420,2024,471453420,1,3,0,5,6,2,0,8,0,0,0,0,1,1,6,1,44,7,-1,-1,-1,-1,5,1,E01031599,0
Unvalidated,2024471453420,2024,471453420,2,9,0,5,6,2,0,8,0,0,0,0,1,1,5,2,18,4,-1,-1,-1,-1,6,3,E01031516,0
Unvalidated,2024471453469,2024,471453469,1,9,0,18,8,4,0,1,1,0,7,3,1,2,6,1,49,8,-1,-1,-1,-1,7,1,E01011042,0
Unvalidated,2024471453469,2024,471453469,2,9,0,5,2,8,0,6,0,0,0,0,3,2,6,1,40,7,-1,-1,-1,-1,10,2,E01031675,0
Unvalidated,2024471453484,2024,471453484,1,9,0,18,7,3,0,0,0,0,0,0,1,1,5,1,73,10,-1,-1,-1,-1,9,1,E01021042,0
Unvalidated,2024471453484,2024,471453484,2,9,0,18,7,3,0,0,0,0,0,0,2,1,1,1,27,6,-1,-1,-1,-1,9,1,E01020948,0
Unvalidated,2024471453484,2024,471453484,3,9,0,3,7,3,0,0,0,0,0,0,2,1,6,2,47,8,-1,-1,-1,-1,7,1,E01021212,0
Unvalidated,2024471453543,2024,471453543,1,9,0,2,0,0,0,0,0,0,0,0,1,1,5,1,51,8,-1,-1,-1,-1,1,1,E01020992,0
Unvalidated,2024471453543,2024,471453543,2,9,0,2,3,7,1,0,0,0,0,0,3,1,6,3,-1,-1,-1,-1,-1,-1,-1,-1,-1,0
Unvalidated,2024471453547,2024,471453547,1,9,0,9,1,6,0,6,0,0,0,0,3,1,5,2,74,10,-1,-1,-1,-1,6,2,E01021206,0
Unvalidated,2024471453547,2024,471453547,2,3,0,18,6,2,0,1,0,0,0,0,1,1,2,1,22,5,-1,-1,-1,-1,1,1,E01020983,0
Unvalidated,2024471453548,2024,471453548,1,9,0,5,3,7,0,6,0,0,0,0,3,1,6,2,79,11,-1,-1,-1,-1,4,3,E01024533,0
Unvalidated,2024471453548,2024,471453548,2,9,0,18,2,6,0,8,0,0,0,0,1,1,6,1,41,7,-1,-1,-1,-1,8,1,E01020988,0
Unvalidated,2024471453553,2024,471453553,1,9,0,18,1,5,0,0,0,0,7,11,1,1,6,2,63,9,-1,-1,-1,-1,10,2,E01031635,0
Unvalidated,2024471453553,2024,471453553,2,98,0,2,0,0,0,0,0,0,0,0,2,1,6,3,-1,-1,-1,-1,-1,-1,-1,-1,-1,0
Unvalidated,2024471453560,2024,471453560,1,9,0,18,5,1,0,8,0,0,0,0,4,1,5,1,45,7,-1,-1,-1,-1,5,1,E01023772,0
Unvalidated,2024471453560,2024,471453560,2,9,0,7,8,1,0,6,0,0,0,0,1,1,6,1,31,6,-1,-1,-1,-1,8,1,E01021215,0
Unvalidated,2024471453573,2024,471453573,1,4,0,18,7,4,0,8,0,0,0,0,1,1,6,1,16,4,-1,-1,-1,-1,2,1,E01021135,0
Unvalidated,2024471453573,2024,471453573,2,9,0,18,2,6,0,8,0,0,0,0,3,1,5,1,48,8,-1,-1,-1,-1,8,1,E01021107,0
Unvalidated,2024471453574,2024,471453574,1,9,0,5,4,6,0,4,0,0,0,0,1,1,5,2,33,6,-1,-1,-1,-1,7,1,E01031837,0
Unvalidated,2024471453574,2024,471453574,2,1,0,5,4,6,0,4,0,0,0,0,2,1,5,1,58,9,-1,-1,-1,-1,7,1,E01031837,0
Unvalidated,2024471453585,2024,471453585,1,98,0,13,7,3,0,0,0,0,0,0,1,1,1,1,64,9,-1,-1,-1,-1,1,1,E01029548,0
Unvalidated,2024471453585,2024,471453585,2,9,0,13,7,3,0,0,1,0,8,0,1,1,2,1,41,7,-1,-1,-1,-1,2,1,E01031819,0
Unvalidated,2024471453585,2024,471453585,3,11,0,18,7,3,0,0,0,0,1,11,1,1,2,1,50,8,-1,-1,-1,-1,5,3,E01031470,0
Unvalidated,2024471453647,2024,471453647,1,1,0,18,1,5,0,8,0,0,0,0,3,1,1,1,27,6,-1,-1,-1,-1,5,1,E01032836,0
Unvalidated,2024471453647,2024,471453647,2,9,0,9,5,3,0,8,0,0,0,0,1,1,6,1,46,8,-1,-1,-1,-1,4,1,E01031576,0
Unvalidated,2024471453738,2024,471453738,1,3,9,9,7,5,0,1,0,0,0,0,9,1,1,1,44,7,-1,-1,-1,-1,6,1,E01016887,0
Unvalidated,2024471453738,2024,471453738,2,9,9,9,7,5,0,1,0,0,0,0,3,1,6,1,46,8,-1,-1,-1,-1,4,1,E01016986,0
Unvalidated,2024471453743,2024,471453743,1,9,0,18,5,1,0,1,0,0,0,0,4,1,5,1,39,7,-1,-1,-1,-1,2,1,E01016944,0
Unvalidated,2024471453774,2024,471453774,1,19,0,9,6,4,0,1,0,0,0,0,1,1,1,2,58,9,-1,-1,-1,-1,8,3,E01031618,0
Unvalidated,2024471453774,2024,471453774,2,9,0,18,4,8,0,1,0,0,0,0,0,1,5,2,81,11,-1,-1,-1,-1,3,1,E01021122,0
Unvalidated,2024471453841,2024,471453841,1,9,0,9,2,8,0,2,0,0,0,0,1,1,5,1,55,8,-1,-1,-1,-1,7,1,E01016899,0
Unvalidated,2024471453841,2024,471453841,2,1,0,18,8,4,0,1,0,0,0,0,1,1,5,1,17,4,-1,-1,-1,-1,8,1,E01016893,0
Unvalidated,2024471453929,2024,471453929,1,9,0,9,5,3,0,8,0,0,0,0,4,1,2,2,42,7,-1,-1,-1,-1,6,1,E01031472,0
Unvalidated,2024471453929,2024,471453929,2,9,0,18,1,5,0,8,0,0,0,0,1,2,6,3,-1,-1,-1,-1,-1,-1,-1,-1,-1,0
Unvalidated,2024471453935,2024,471453935,1,9,0,18,7,3,0,0,0,0,0,0,0,1,5,1,52,8,-1,-1,-1,-1,7,1,E01018002,0
Unvalidated,2024471453935,2024,471453935,2,2,0,18,2,7,0,0,0,0,0,0,0,1,2,1,16,4,-1,-1,-1,-1,5,3,E01021100,0
Unvalidated,2024471453949,2024,471453949,1,11,0,4,1,5,0,0,0,0,0,0,0,1,1,1,65,9,-1,-1,-1,-1,10,1,E01021083,0
Unvalidated,2024471453981,2024,471453981,1,97,0,18,6,2,0,2,1,0,0,0,4,1,1,1,27,6,-1,-1,-1,-1,10,1,E01031735,0
Unvalidated,2024471453981,2024,471453981,2,9,0,9,3,2,0,6,0,0,0,0,0,1,6,3,-1,-1,-1,-1,-1,-1,-1,-1,-1,0
Unvalidated,2024471454003,2024,471454003,1,1,0,18,7,3,99,1,0,0,0,0,1,1,3,1,12,3,-1,-1,-1,-1,4,1,E01031562,0
Unvalidated,2024471454003,2024,471454003,2,9,0,8,5,7,0,1,0,0,0,0,1,1,3,2,38,7,-1,-1,-1,-1,5,1,E01032836,0
Unvalidated,2024471454007,2024,471454007,1,3,0,18,7,3,0,0,0,0,0,0,1,1,2,1,40,7,-1,-1,-1,-1,3,1,E01016922,0
Unvalidated,2024471454007,2024,471454007,2,9,0,9,5,3,0,0,0,0,0,0,1,1,5,2,40,7,-1,-1,-1,-1,2,1,E01016873,0
Unvalidated,2024471454017,2024,471454017,1,9,0,13,6,2,0,2,0,0,0,0,1,1,6,2,27,6,-1,-1,-1,-1,3,1,E01031492,0
Unvalidated,2024471454017,2024,471454017,2,9,-1,18,6,2,0,2,0,0,0,0,2,1,6,1,85,11,-1,-1,-1,-1,9,1,E01031395,0
Unvalidated,2024471454032,2024,471454032,1,9,0,18,1,5,0,0,5,0,0,0,3,1,6,1,17,4,-1,-1,-1,-1,10,1,E01031619,0
Unvalidated,2024471454032,2024,471454032,2,98,0,18,5,1,0,0,0,0,0,0,1,1,1,1,54,8,-1,-1,-1,-1,1,1,E01004428,0
Unvalidated,2024471454037,2024,471454037,1,3,0,18,1,5,0,1,0,0,0,0,1,1,5,1,18,4,-1,-1,-1,-1,4,1,E01031795,0
Unvalidated,2024471454037,2024,471454037,2,9,0,18,1,5,0,1,0,0,0,0,2,1,2,2,27,6,-1,-1,-1,-1,5,1,E01031467,0
Unvalidated,2024471454037,2024,471454037,3,9,0,18,5,1,0,1,0,0,0,0,3,1,1,1,54,8,-1,-1,-1,-1,7,1,E01031388,0
Unvalidated,2024471454099,2024,471454099,1,9,0,18,8,4,0,1,0,0,0,0,1,1,5,1,31,6,-1,-1,-1,-1,1,1,E01011816,0
Unvalidated,2024471454099,2024,471454099,2,9,0,3,2,6,0,1,0,0,0,0,2,1,5,2,49,8,-1,-1,-1,-1,4,1,E01031550,0
Unvalidated,2024471454116,2024,471454116,1,9,0,18,2,6,0,1,0,0,0,0,1,1,6,1,18,4,-1,-1,-1,-1,10,1,E01022850,0
Unvalidated,2024471454164,2024,471454164,1,90,0,18,5,1,0,1,0,0,0,0,3,2,1,1,41,7,-1,-1,-1,-1,-1,-1,-1,0
Unvalidated,2024471454164,2024,471454164,2,11,0,18,1,5,0,1,0,0,0,0,3,1,1,2,27,6,-1,-1,-1,-1,5,1,E01031403,0
Unvalidated,2024471454164,2024,471454164,3,9,0,18,1,5,0,1,0,0,0,0,1,1,6,1,-1,-1,-1,-1,-1,-1,7,2,E01031527,0
Unvalidated,2024471454164,2024,471454164,4,9,0,18,5,1,0,1,0,0,0,0,0,1,1,1,80,11,-1,-1,-1,-1,7,1,E01031381,0
Unvalidated,2024471454183,2024,471454183,1,5,0,18,-1,-1,0,4,0,0,0,0,2,1,5,1,60,9,-1,-1,-1,-1,10,2,E01031627,0