status,collision_index,collision_year,collision_reference,vehicle_reference,vehicle_type,towing_and_articulation,vehicle_manoeuvre,vehicle_direction_from,vehicle_direction_to,vehicle_location_restricted_lane,junction_location,skidding_and_overturning,hit_object_in_carriageway,vehicle_leaving_carriageway,hit_object_off_carriageway,first_point_of_impact,vehicle_left_hand_drive,journey_purpose_of_driver,sex_of_driver,age_of_driver,age_band_of_driver,engine_capacity_cc,propulsion_code,age_of_vehicle,generic_make_model,driver_imd_decile,driver_home_area_type,lsoa_of_driver,escooter_flag
Unvalidated,2024471454183,2024,471454183,2,9,0,18,-1,-1,0,4,0,0,0,0,1,1,6,2,34,6,-1,-1,-1,-1,8,1,E01031814,0
Unvalidated,2024471454254,2024,471454254,1,9,0,18,7,3,0,0,0,0,0,0,2,1,6,2,50,8,-1,-1,-1,-1,1,1,E01020978,0
Unvalidated,2024471454254,2024,471454254,2,20,0,18,7,3,0,0,0,0,0,0,1,1,1,1,24,5,-1,-1,-1,-1,6,1,E01021008,0
Unvalidated,2024471454267,2024,471454267,1,9,0,4,-1,-1,99,0,0,0,0,0,1,1,5,2,86,11,-1,-1,-1,-1,7,1,E01031447,0
Unvalidated,2024471454267,2024,471454267,2,90,0,10,-1,-1,99,0,0,0,0,0,1,1,6,3,-1,-1,-1,-1,-1,-1,-1,-1,-1,0
Unvalidated,2024471454310,2024,471454310,1,19,0,18,1,4,0,0,5,0,0,0,1,1,2,1,29,6,-1,-1,-1,-1,4,1,E01021076,0
Unvalidated,2024471454310,2024,471454310,2,9,0,18,4,1,0,0,0,0,0,0,3,1,6,2,30,6,-1,-1,-1,-1,8,1,E01021233,0
Unvalidated,2024471454310,2024,471454310,3,9,0,18,4,1,0,0,0,0,0,0,1,1,6,2,44,7,-1,-1,-1,-1,3,1,E01021050,0
Unvalidated,2024471454392,2024,471454392,1,9,0,18,1,5,0,0,0,0,0,0,1,1,2,2,57,9,-1,-1,-1,-1,7,3,E01021032,0
Unvalidated,2024471454392,2024,471454392,2,9,0,18,1,5,0,0,0,0,0,0,2,1,3,1,49,8,-1,-1,-1,-1,-1,1,-1,0
Unvalidated,2024471454443,2024,471454443,1,19,0,18,8,4,9,1,0,0,0,0,1,1,6,1,44,7,-1,-1,-1,-1,6,1,E01031440,0
Unvalidated,2024471454452,2024,471454452,1,9,0,18,5,1,0,0,0,0,0,0,4,1,5,2,54,8,-1,-1,-1,-1,3,1,E01021062,0
Unvalidated,2024471454453,2024,471454453,1,11,0,18,-1,-1,0,0,0,0,0,0,-1,1,1,1,62,9,-1,-1,-1,-1,5,1,E01021059,0
Unvalidated,2024471454462,2024,471454462,1,11,0,18,2,6,0,0,0,0,0,0,3,1,6,1,25,5,-1,-1,-1,-1,-1,-1,-1,0
Unvalidated,2024471454462,2024,471454462,2,3,0,13,2,6,0,0,0,0,0,0,4,1,6,1,18,4,-1,-1,-1,-1,6,1,E01016887,0
Unvalidated,2024471454462,2024,471454462,3,9,0,3,6,2,0,0,0,0,0,0,3,1,6,2,47,8,-1,-1,-1,-1,3,1,E01016919,0
Unvalidated,2024471454462,2024,471454462,4,21,0,3,6,2,0,0,0,0,0,0,1,1,6,1,59,9,-1,-1,-1,-1,7,1,E01001610,0
Unvalidated,2024471454462,2024,471454462,5,9,-1,3,6,2,0,0,0,0,0,0,1,1,6,1,62,9,-1,-1,-1,-1,7,1,E01016976,0
Unvalidated,2024471454501,2024,471454501,1,1,0,18,3,7,0,1,0,0,0,0,1,1,6,1,31,6,-1,-1,-1,-1,2,1,E01031348,0
Unvalidated,2024471454501,2024,471454501,2,9,0,7,5,7,0,6,0,0,0,0,1,1,6,2,-1,-1,-1,-1,-1,-1,-1,-1,-1,0
Unvalidated,2024471454538,2024,471454538,1,23,0,18,5,1,0,1,0,0,0,0,1,1,1,1,24,5,-1,-1,-1,-1,6,1,E01031784,0
Unvalidated,2024471454538,2024,471454538,2,9,0,10,5,3,0,1,0,0,0,0,2,1,5,1,35,6,-1,-1,-1,-1,4,1,E01031834,0
Unvalidated,2024471454544,2024,471454544,1,9,0,12,1,5,0,1,0,0,0,0,1,1,2,2,21,5,-1,-1,-1,-1,7,3,E01022858,0
Unvalidated,2024471454544,2024,471454544,2,9,0,18,1,5,0,1,0,0,0,0,0,1,6,1,26,6,-1,-1,-1,-1,5,1,E01031401,0
Unvalidated,2024471454544,2024,471454544,3,1,0,18,3,7,0,6,2,0,0,0,4,1,5,1,11,3,-1,-1,-1,-1,5,1,E01031401,0
Unvalidated,2024471454544,2024,471454544,4,1,0,4,3,7,9,1,0,0,0,0,1,1,5,1,11,3,-1,-1,-1,-1,5,1,E01031385,0
Unvalidated,2024471454562,2024,471454562,1,9,0,18,3,7,0,0,0,10,0,0,3,1,5,1,44,7,-1,-1,-1,-1,8,1,E01031560,0
Unvalidated,2024471454562,2024,471454562,2,9,0,18,7,3,0,0,0,0,0,0,1,1,5,1,55,8,-1,-1,-1,-1,4,1,E01031576,0
Unvalidated,2024471454574,2024,471454574,1,9,0,1,5,3,9,0,0,0,0,0,2,1,5,1,57,9,-1,-1,-1,-1,2,1,E01016909,0
Unvalidated,2024471454581,2024,471454581,1,9,0,18,2,6,0,0,1,0,7,11,1,1,6,1,18,4,-1,-1,-1,-1,7,1,E01016997,0
Unvalidated,2024471454586,2024,471454586,1,5,0,7,3,5,0,2,0,0,0,0,4,1,1,1,22,5,-1,-1,-1,-1,1,1,E01031429,0
Unvalidated,2024471454586,2024,471454586,2,9,0,4,3,5,0,2,0,0,0,0,0,1,6,3,-1,-1,-1,-1,-1,-1,-1,-1,-1,0
Unvalidated,2024471454626,2024,471454626,1,9,0,18,6,2,9,0,0,0,1,0,4,1,6,3,-1,-1,-1,-1,-1,-1,-1,-1,-1,0
Unvalidated,2024471454761,2024,471454761,1,9,0,9,5,3,0,8,0,0,0,0,3,1,3,2,36,7,-1,-1,-1,-1,9,3,E01031728,0
Unvalidated,2024471454761,2024,471454761,2,9,0,9,3,1,0,8,0,0,0,0,1,1,6,1,36,7,-1,-1,-1,-1,5,1,E01031378,0
Unvalidated,2024471454796,2024,471454796,1,9,0,18,5,1,0,8,1,0,0,0,1,1,5,2,28,6,-1,-1,-1,-1,7,1,E01031396,0
Unvalidated,2024471454796,2024,471454796,2,9,0,18,7,5,0,8,1,0,0,0,3,1,1,2,39,7,-1,-1,-1,-1,6,3,E01031477,0
Unvalidated,2024471454856,2024,471454856,1,9,0,1,7,3,0,0,1,0,7,9,2,1,5,2,17,4,-1,-1,-1,-1,4,1,E01031836,0
Unvalidated,2024471454856,2024,471454856,2,9,0,18,5,1,0,0,0,0,0,0,1,1,5,1,20,4,-1,-1,-1,-1,2,1,E01031819,0
Unvalidated,2024471454904,2024,471454904,1,9,0,13,5,1,0,4,0,9,1,10,1,1,5,1,63,9,-1,-1,-1,-1,9,1,E01031753,0
Unvalidated,2024471454904,2024,471454904,2,9,0,18,5,1,0,4,0,0,0,0,0,1,5,1,36,7,-1,-1,-1,-1,8,1,E01032838,0
Unvalidated,2024471454914,2024,471454914,1,9,0,9,6,4,0,6,0,0,0,0,1,1,6,1,20,4,-1,-1,-1,-1,9,3,E01031623,0
Unvalidated,2024471454914,2024,471454914,2,9,0,18,4,8,0,1,0,0,0,0,1,1,5,1,87,11,-1,-1,-1,-1,4,1,E01031810,0
Unvalidated,2024471454939,2024,471454939,1,9,0,1,7,1,5,6,0,0,0,0,2,1,5,1,36,7,-1,-1,-1,-1,2,1,E01016906,0
Unvalidated,2024471454964,2024,471454964,1,9,0,10,7,5,0,5,0,0,0,0,2,1,5,1,35,6,-1,-1,-1,-1,9,1,E01030813,0
Unvalidated,2024471454964,2024,471454964,2,9,0,18,7,3,0,1,0,0,1,0,1,1,1,1,46,8,-1,-1,-1,-1,5,1,E01031750,0
Unvalidated,2024471454965,2024,471454965,1,19,0,5,5,1,0,1,0,0,0,0,0,1,6,2,55,8,-1,-1,-1,-1,8,1,E01031505,0
Unvalidated,2024471455060,2024,471455060,1,9,0,3,7,3,0,1,0,0,0,0,2,1,2,2,31,6,-1,-1,-1,-1,6,1,E01031579,0
Unvalidated,2024471455060,2024,471455060,2,11,0,18,7,3,0,1,0,0,0,0,1,1,6,1,49,8,-1,-1,-1,-1,4,1,E01031547,0
Unvalidated,2024471455071,2024,471455071,1,9,0,9,5,1,0,0,0,0,1,4,1,1,5,2,17,4,-1,-1,-1,-1,-1,1,-1,0
Unvalidated,2024471455093,2024,471455093,1,9,0,18,7,3,0,0,5,0,0,0,4,1,5,1,30,6,-1,-1,-1,-1,3,1,E01022914,0
Unvalidated,2024471455169,2024,471455169,1,9,0,7,4,6,0,1,0,0,0,0,1,1,2,1,25,5,-1,-1,-1,-1,6,1,E01031673,0
Unvalidated,2024471455169,2024,471455169,2,9,0,18,2,6,0,1,0,0,0,0,1,1,3,1,53,8,-1,-1,-1,-1,4,1,E01031553,0
Unvalidated,2024471455252,2024,471455252,1,9,0,18,1,5,0,0,1,0,0,0,1,1,5,2,57,9,-1,-1,-1,-1,8,1,E01020987,0
Unvalidated,2024471455252,2024,471455252,2,9,0,2,0,0,6,0,0,0,0,0,2,1,6,1,55,8,-1,-1,-1,-1,6,2,E01021145,0
Unvalidated,2024471455284,2024,471455284,1,10,0,18,5,1,0,1,0,0,0,0,-1,1,6,1,74,10,-1,-1,-1,-1,7,1,E01031438,0
Unvalidated,2024471455328,2024,471455328,1,9,0,-1,-1,-1,-1,0,-1,-1,-1,0,-1,1,6,3,-1,-1,-1,-1,-1,-1,-1,-1,-1,0
Unvalidated,2024471455333,2024,471455333,1,3,0,18,8,4,0,2,0,0,0,0,1,1,6,1,25,5,-1,-1,-1,-1,6,1,E01021047,0
Unvalidated,2024471455396,2024,471455396,1,9,0,18,1,5,0,6,0,0,0,0,3,1,6,3,-1,-1,-1,-1,-1,-1,7,3,E01020318,0
Unvalidated,2024471455396,2024,471455396,2,9,0,18,7,3,0,8,0,0,0,0,4,1,5,2,-1,-1,-1,-1,-1,-1,4,1,E01021017,0
Unvalidated,2024471455403,2024,471455403,1,1,0,18,5,1,9,6,0,0,0,0,1,1,6,1,15,3,-1,-1,-1,-1,1,1,E01031404,0
Unvalidated,2024471455403,2024,471455403,2,11,0,18,3,7,0,8,0,0,0,0,4,1,1,1,32,6,-1,-1,-1,-1,8,1,E01031815,0
Unvalidated,2024471455486,2024,471455486,1,9,0,18,5,1,0,0,0,0,0,0,1,1,6,1,53,8,-1,-1,-1,-1,5,1,E01031431,0
Unvalidated,2024471455486,2024,471455486,2,9,0,18,1,5,0,0,0,0,0,0,3,1,2,1,51,8,-1,-1,-1,-1,7,1,E01031388,0
Unvalidated,2024471455486,2024,471455486,3,9,0,18,1,5,0,0,0,0,0,0,1,1,2,1,31,6,-1,-1,-1,-1,-1,-1,-1,0
Unvalidated,2024471455507,2024,471455507,1,9,0,18,6,2,0,1,0,0,0,0,1,2,5,2,65,9,-1,-1,-1,-1,6,1,E01031606,0
Unvalidated,2024471455507,2024,471455507,2,17,0,9,7,6,0,6,0,0,0,0,3,2,2,1,75,10,-1,-1,-1,-1,8,3,E01031613,0
Unvalidated,2024471455522,2024,471455522,1,9,0,9,7,6,0,2,0,0,0,0,4,1,1,1,67,10,-1,-1,-1,-1,6,3,E01031465,0
Unvalidated,2024471455522,2024,471455522,2,9,0,18,4,8,0,1,0,0,0,0,4,1,6,2,55,8,-1,-1,-1,-1,7,3,E01030864,0
Unvalidated,2024471455554,2024,471455554,1,9,0,18,2,6,0,0,0,0,0,0,1,1,5,1,29,6,-1,-1,-1,-1,3,1,E01001638,0
Unvalidated,2024471455554,2024,471455554,2,9,0,18,6,2,0,0,0,0,0,0,1,1,1,1,44,7,-1,-1,-1,-1,2,1,E01016906,0
Unvalidated,2024471455588,2024,471455588,1,1,0,12,4,8,0,3,0,0,8,10,0,1,2,1,41,7,-1,-1,-1,-1,5,1,E01016991,0
Unvalidated,2024471455588,2024,471455588,2,9,0,18,2,8,0,3,0,0,0,0,0,1,6,2,-1,-1,-1,-1,-1,-1,-1,-1,-1,0
Unvalidated,2024471455619,2024,471455619,1,9,0,18,4,8,0,8,1,0,0,0,3,1,2,1,59,9,-1,-1,-1,-1,8,1,E01021223,0
Unvalidated,2024471455619,2024,471455619,2,8,0,9,2,8,0,6,9,0,0,0,1,1,6,1,78,11,-1,-1,-1,-1,6,3,E01021149,0
Unvalidated,2024471455653,2024,471455653,1,97,0,18,7,3,0,0,2,0,0,0,0,1,2,1,39,7,-1,-1,-1,-1,8,1,E01031587,0
Unvalidated,2024471455789,2024,471455789,1,9,0,18,6,2,0,0,0,0,0,0,4,1,6,1,40,7,-1,-1,-1,-1,4,1,E01031572,0
Unvalidated,2024471455796,2024,471455796,1,9,0,18,5,1,0,8,0,0,0,0,1,1,6,2,18,4,-1,-1,-1,-1,2,1,E01016945,0
Unvalidated,2024471455796,2024,471455796,2,9,0,18,7,3,0,8,0,0,0,0,3,1,6,2,53,8,-1,-1,-1,-1,3,1,E01016952,0
Unvalidated,2024471455944,2024,471455944,1,9,0,18,2,6,0,1,0,0,0,0,1,1,6,1,32,6,-1,-1,-1,-1,2,1,E01031436,0
Unvalidated,2024471455944,2024,471455944,2,9,0,18,6,2,0,2,0,0,0,0,1,1,6,2,61,9,-1,-1,-1,-1,7,1,E01031379,0
Unvalidated,2024471455966,2024,471455966,1,9,0,18,1,6,9,0,0,0,1,0,1,1,5,1,37,7,-1,-1,-1,-1,2,1,E01001696,0
Unvalidated,2024471455966,2024,471455966,2,9,0,18,6,1,0,0,1,0,1,4,1,1,5,1,69,10,-1,-1,-1,-1,-1,2,-1,0
Unvalidated,2024471455982,2024,471455982,1,98,0,5,2,5,0,0,0,0,0,0,1,1,2,1,64,9,-1,-1,-1,-1,1,1,E01017102,0
Unvalidated,2024471455982,2024,471455982,2,3,0,18,8,4,0,0,2,0,7,9,4,1,2,1,25,5,-1,-1,-1,-1,10,1,E01031380,0
Unvalidated,2024471455990,2024,471455990,1,9,0,18,7,3,0,0,1,0,2,4,1,1,5,1,29,6,-1,-1,-1,-1,2,1,E01022913,0
Unvalidated,2024471456086,2024,471456086,1,5,0,18,1,5,0,0,1,7,3,1,1,1,6,1,34,6,-1,-1,-1,-1,3,1,E01021185,0
Unvalidated,2024471456100,2024,471456100,1,9,0,18,1,5,0,2,0,0,0,0,1,1,6,1,78,11,-1,-1,-1,-1,3,1,E01020913,0
Unvalidated,2024471456100,2024,471456100,2,98,0,18,7,3,0,8,0,0,0,0,4,1,2,1,27,6,-1,-1,-1,-1,1,1,E01020979,0
Unvalidated,2024471456149,2024,471456149,1,9,0,4,7,3,0,0,0,0,0,0,1,1,6,2,48,8,-1,-1,-1,-1,10,2,E01024725,0
Unvalidated,2024471456149,2024,471456149,2,9,0,3,7,3,0,0,0,0,0,0,2,1,6,1,30,6,-1,-1,-1,-1,5,1,E01031595,0
Unvalidated,2024471456149,2024,471456149,3,9,0,3,7,3,0,0,0,0,0,0,2,1,5,1,45,7,-1,-1,-1,-1,10,1,E01031638,0
Unvalidated,2024471456155,2024,471456155,1,9,0,7,1,3,0,5,0,0,0,0,4,1,6,1,-1,-1,-1,-1,-1,-1,-1,-1,-1,0
Unvalidated,2024471456155,2024,471456155,2,97,0,18,1,5,0,8,5,0,0,0,3,1,6,2,55,8,-1,-1,-1,-1,8,1,E01016962,0
Unvalidated,2024471456209,2024,471456209,1,9,0,11,5,2,0,8,1,0,1,4,2,1,5,1,32,6,-1,-1,-1,-1,6,1,E01022551,0
Unvalidated,2024471456209,2024,471456209,2,9,0,5,6,5,0,4,0,0,1,0,1,1,5,1,63,9,-1,-1,-1,-1,7,1,E01031396,0
Unvalidated,2024471456281,2024,471456281,1,9,0,18,3,7,0,0,5,0,1,9,1,1,5,1,18,4,-1,-1,-1,-1,7,3,E01031633,0
Unvalidated,2024471456377,2024,471456377,1,5,0,12,2,6,0,0,1,0,1,0,2,1,5,1,31,6,-1,-1,-1,-1,5,1,E01031577,0
Unvalidated,2024471456377,2024,471456377,2,9,0,18,2,6,0,0,0,0,0,0,4,1,5,1,56,9,-1,-1,-1,-1,2,1,E01026992,0
Unvalidated,2024471456377,2024,471456377,3,9,0,18,2,6,0,0,0,0,0,0,2,1,5,1,39,7,-1,-1,-1,-1,4,1,E01031572,0
Unvalidated,2024471456395,2024,471456395,1,9,0,18,6,2,0,0,1,0,1,10,1,1,5,1,54,8,-1,-1,-1,-1,7,3,E01021164,0
Unvalidated,2024471456395,2024,471456395,2,9,0,18,2,6,0,0,1,0,0,0,1,1,5,1,22,5,-1,-1,-1,-1,10,1,E01031695,0
Unvalidated,2024471456401,2024,471456401,1,9,0,5,7,1,0,6,0,0,0,0,2,1,5,2,22,5,-1,-1,-1,-1,2,1,E01020929,0
Unvalidated,2024471456401,2024,471456401,2,9,0,18,5,1,1,1,0,0,0,0,1,1,5,2,78,11,-1,-1,-1,-1,4,1,E01020952,0
Unvalidated,2024471456407,2024,471456407,1,9,0,9,1,7,0,6,0,0,0,0,3,1,5,1,19,4,-1,-1,-1,-1,10,1,E01031824,0
Unvalidated,2024471456407,2024,471456407,2,5,0,18,7,3,0,8,5,0,0,0,1,1,5,1,61,9,-1,-1,-1,-1,6,1,E01031362,0
Unvalidated,2024471456424,2024,471456424,1,9,0,18,7,3,0,0,0,0,0,0,3,1,6,2,50,8,-1,-1,-1,-1,6,1,E01031345,0
Unvalidated,2024471456424,2024,471456424,2,9,0,18,3,7,0,0,0,0,0,0,3,1,5,2,52,8,-1,-1,-1,-1,9,3,E01031625,0
Unvalidated,2024471456433,2024,471456433,1,90,0,6,5,1,0,0,1,0,1,0,3,1,6,1,45,7,-1,-1,-1,-1,6,1,E01021110,0
Unvalidated,2024471456433,2024,471456433,2,9,0,18,8,4,0,0,1,0,0,0,3,1,5,2,41,7,-1,-1,-1,-1,7,3,E01021173,0
Unvalidated,2024471456442,2024,471456442,1,1,0,9,6,4,0,8,0,0,0,0,1,1,5,1,18,4,-1,-1,-1,-1,6,1,E01008250,0
Unvalidated,2024471456442,2024,471456442,2,9,0,18,4,8,0,1,0,0,0,0,1,1,5,2,53,8,-1,-1,-1,-1,7,3,E01021022,0
Unvalidated,2024471456456,2024,471456456,1,9,0,11,2,6,0,0,0,0,0,0,1,1,6,3,-1,-1,-1,-1,-1,-1,-1,-1,-1,0
Unvalidated,2024471456456,2024,471456456,2,9,0,4,2,6,0,0,0,0,0,0,2,1,5,2,43,7,-1,-1,-1,-1,5,1,E01031771,0
Unvalidated,2024471456456,2024,471456456,3,9,0,4,2,6,0,0,0,0,0,0,2,1,5,2,79,11,-1,-1,-1,-1,7,1,E01031368,0
Unvalidated,2024471456457,2024,471456457,1,9,0,18,7,3,0,0,0,0,0,0,1,1,5,2,41,7,-1,-1,-1,-1,3,1,E01016881,0
Unvalidated,2024471456457,2024,471456457,2,9,0,4,7,3,0,0,0,0,0,0,2,1,5,1,37,7,-1,-1,-1,-1,9,1,E01031714,0
Unvalidated,2024471456457,2024,471456457,3,9,0,4,7,3,0,0,0,0,0,0,2,1,5,1,57,9,-1,-1,-1,-1,9,1,E01031393,0
Unvalidated,2024471456457,2024,471456457,4,9,0,18,7,3,0,0,0,0,0,0,1,1,5,2,31,6,-1,-1,-1,-1,9,2,E01031615,0
Unvalidated,2024471456461,2024,471456461,1,9,0,18,3,1,0,1,0,0,7,10,1,1,6,1,21,5,-1,-1,-1,-1,9,1,E01021161,0
Unvalidated,2024471456551,2024,471456551,1,9,0,18,7,3,0,2,0,0,0,0,3,1,6,2,36,7,-1,-1,-1,-1,7,1,E01031375,0
Unvalidated,2024471456551,2024,471456551,2,9,0,18,3,7,0,2,0,0,0,0,3,1,6,1,56,9,-1,-1,-1,-1,2,1,E01016944,0
Unvalidated,2024471456584,2024,471456584,1,9,0,18,2,6,0,0,1,0,7,0,4,1,6,1,57,9,-1,-1,-1,-1,-1,-1,-1,0
Unvalidated,2024471456584,2024,471456584,2,9,0,18,6,2,0,0,0,0,0,0,1,1,6,1,31,6,-1,-1,-1,-1,4,1,E01021071,0
Unvalidated,2024471456592,2024,471456592,1,9,0,18,2,6,0,4,0,0,0,0,4,1,3,2,37,7,-1,-1,-1,-1,6,1,E01031637,0
Unvalidated,2024471456592,2024,471456592,2,19,0,18,4,8,0,3,0,0,0,0,3,1,1,1,29,6,-1,-1,-1,-1,1,1,E01016865,0
Unvalidated,2024471456649,2024,471456649,1,19,0,18,8,4,0,0,0,0,0,0,1,1,1,1,47,8,-1,-1,-1,-1,4,1,E01020928,0
Unvalidated,2024471456649,2024,471456649,2,20,0,4,8,4,0,0,0,0,0,0,2,1,1,1,32,6,-1,-1,-1,-1,-1,-1,-1,0
Unvalidated,2024471456705,2024,471456705,1,19,0,18,1,5,0,0,1,0,0,0,1,1,6,1,20,4,-1,-1,-1,-1,4,1,E01020915,0
Unvalidated,2024471456705,2024,471456705,2,9,0,2,5,1,6,0,0,0,0,0,1,1,6,1,66,10,-1,-1,-1,-1,8,3,E01021163,0
Unvalidated,2024471456707,2024,471456707,1,9,0,18,2,6,0,0,0,0,1,0,1,1,6,1,17,4,-1,-1,-1,-1,5,3,E01031611,0
Unvalidated,2024471456707,2024,471456707,2,9,0,4,2,6,0,0,0,0,0,0,2,1,6,1,34,6,-1,-1,-1,-1,8,3,E01031664,0
Unvalidated,2024471456746,2024,471456746,1,9,0,18,2,6,0,4,0,0,0,0,1,1,6,2,79,11,-1,-1,-1,-1,10,1,E01031804,0
Unvalidated,2024471456746,2024,471456746,2,9,0,3,2,6,0,4,0,0,0,0,2,1,5,2,40,7,-1,-1,-1,-1,2,1,E01021183,0
Unvalidated,2024471456816,2024,471456816,1,9,0,18,7,3,0,0,1,0,0,0,4,1,1,1,18,4,-1,-1,-1,-1,6,3,E01021145,0
Unvalidated,2024471456816,2024,471456816,2,9,0,18,3,7,0,0,0,0,0,0,1,1,5,1,71,10,-1,-1,-1,-1,8,2,E01021140,0
Unvalidated,2024471456821,2024,471456821,1,9,0,18,3,6,0,0,0,0,0,0,1,1,6,1,25,5,-1,-1,-1,-1,3,1,E01020941,0
Unvalidated,2024471456821,2024,471456821,2,9,0,3,3,6,0,0,0,0,0,0,2,1,2,2,48,8,-1,-1,-1,-1,4,1,E01020927,0
Unvalidated,2024471456821,2024,471456821,3,9,0,18,3,6,0,0,0,0,0,0,2,1,5,2,53,8,-1,-1,-1,-1,6,1,E01020959,0
Unvalidated,2024471456833,2024,471456833,1,9,0,18,7,3,0,8,0,0,0,0,1,1,5,1,77,11,-1,-1,-1,-1,9,1,E01021124,0
Unvalidated,2024471456833,2024,471456833,2,9,0,18,3,7,0,1,0,0,0,0,3,1,5,2,64,9,-1,-1,-1,-1,3,1,E01020975,0
Unvalidated,2024471456886,2024,471456886,1,9,0,18,4,8,0,6,0,0,0,0,3,1,5,1,51,8,-1,-1,-1,-1,3,1,E01016937,0
Unvalidated,2024471456886,2024,471456886,2,9,0,7,1,4,0,6,0,0,0,0,1,1,6,2,-1,-1,-1,-1,-1,-1,-1,-1,-1,0
Unvalidated,2024471456901,2024,471456901,1,9,0,3,7,3,0,1,0,0,0,0,2,1,6,2,-1,-1,-1,-1,-1,-1,-1,-1,-1,0
Unvalidated,2024471456901,2024,471456901,2,9,0,4,7,3,0,1,0,0,0,0,1,1,6,1,-1,-1,-1,-1,-1,-1,-1,-1,-1,0
Unvalidated,2024471456951,2024,471456951,1,5,0,18,7,3,0,0,0,0,0,0,4,1,2,2,20,4,-1,-1,-1,-1,6,1,E01031345,0
Unvalidated,2024471456951,2024,471456951,2,9,0,9,6,3,0,0,0,0,0,0,2,1,6,3,-1,-1,-1,-1,-1,-1,-1,-1,-1,0
Unvalidated,2024471456951,2024,471456951,3,9,0,9,6,3,0,0,0,0,0,0,1,1,6,3,-1,-1,-1,-1,-1,-1,-1,-1,-1,0
Unvalidated,2024471456994,2024,471456994,1,23,0,18,1,5,0,0,0,0,0,0,1,1,6,1,-1,-1,-1,-1,-1,-1,-1,-1,-1,0
Unvalidated,2024471456994,2024,471456994,2,1,0,18,7,3,0,0,5,0,0,0,4,1,6,2,34,6,-1,-1,-1,-1,8,1,E01017000,0
Unvalidated,2024471457048,2024,471457048,1,98,0,18,8,5,0,0,2,0,1,4,1,1,1,1,63,9,-1,-1,-1,-1,5,1,E01020932,0
Unvalidated,2024471457072,2024,471457072,1,9,0,3,5,1,0,1,0,0,0,0,2,1,5,2,66,10,-1,-1,-1,-1,9,1,E01032953,0
Unvalidated,2024471457072,2024,471457072,2,9,0,-1,-1,-1,-1,-1,-1,-1,-1,0,-1,1,6,3,-1,-1,-1,-1,-1,-1,-1,-1,-1,0
Unvalidated,2024471457141,2024,471457141,1,9,0,5,6,8,0,4,0,0,0,0,1,1,6,3,-1,-1,-1,-1,-1,-1,-1,-1,-1,0
Unvalidated,2024471457141,2024,471457141,2,9,0,18,4,8,0,8,0,0,0,0,4,1,2,2,29,6,-1,-1,-1,-1,2,1,E01020925,0
Unvalidated,2024471457142,2024,471457142,1,1,0,-1,-1,-1,-1,0,-1,-1,-1,0,-1,1,6,1,-1,-1,-1,-1,-1,-1,-1,-1,-1,0
Unvalidated,2024471457208,2024,471457208,1,9,0,9,5,1,0,0,0,0,0,0,4,1,5,2,85,11,-1,-1,-1,-1,10,1,E01031695,0
Unvalidated,2024471457208,2024,471457208,2,97,0,18,1,5,0,0,0,0,0,0,1,1,5,1,34,6,-1,-1,-1,-1,10,1,E01031740,0
Unvalidated,2024471457216,2024,471457216,1,9,0,9,1,7,0,5,0,0,7,0,3,1,5,2,65,9,-1,-1,-1,-1,10,1,E01031797,0
Unvalidated,2024471457216,2024,471457216,2,1,0,18,1,5,0,1,0,0,0,0,2,1,5,1,62,9,-1,-1,-1,-1,8,1,E01031815,0
Unvalidated,2024471457234,2024,471457234,1,11,0,-1,-1,-1,-1,-1,-1,-1,-1,0,-1,1,1,1,78,11,-1,-1,-1,-1,1,1,E01021136,0
Unvalidated,2024471457234,2024,471457234,2,22,0,-1,-1,-1,-1,-1,-1,-1,-1,0,2,1,5,1,76,11,-1,-1,-1,-1,2,1,E01001172,0
Unvalidated,2024471457307,2024,471457307,1,9,0,18,7,3,0,1,0,0,0,0,1,1,6,1,40,7,-1,-1,-1,-1,5,3,E01031530,0
Unvalidated,2024471457307,2024,471457307,2,9,0,18,1,5,0,1,0,0,0,0,3,1,2,1,31,6,-1,-1,-1,-1,6,2,E01031499,0
Unvalidated,2024471457340,2024,471457340,1,5,0,18,5,1,0,0,5,0,0,0,1,1,5,1,35,6,-1,-1,-1,-1,6,1,E01030995,0
Unvalidated,2024471457343,2024,471457343,1,9,0,9,8,5,0,1,0,0,0,0,4,1,3,2,30,6,-1,-1,-1,-1,9,1,E01031711,0
Unvalidated,2024471457343,2024,471457343,2,3,0,18,4,8,0,1,5,0,0,0,1,1,5,1,33,6,-1,-1,-1,-1,3,1,E01016860,0
Unvalidated,2024471457345,2024,471457345,1,9,0,7,6,8,0,2,5,0,7,9,3,1,5,2,48,8,-1,-1,-1,-1,8,3,E01022589,0
Unvalidated,2024471457368,2024,471457368,1,3,0,13,6,2,0,0,5,0,0,0,1,1,6,1,-1,-1,-1,-1,-1,-1,-1,-1,-1,0
Unvalidated,2024471457368,2024,471457368,2,9,0,7,6,2,0,0,0,0,0,0,2,1,5,1,73,10,-1,-1,-1,-1,3,1,E01016911,0
Unvalidated,2024471457404,2024,471457404,1,9,0,18,7,3,0,0,5,4,0,0,1,1,5,1,42,7,-1,-1,-1,-1,4,1,E01016988,0
Unvalidated,2024471457404,2024,471457404,2,9,0,2,0,0,9,0,0,0,0,0,4,1,6,3,-1,-1,-1,-1,-1,-1,-1,-1,-1,0