status,collision_index,collision_year,collision_reference,vehicle_reference,vehicle_type,towing_and_articulation,vehicle_manoeuvre,vehicle_direction_from,vehicle_direction_to,vehicle_location_restricted_lane,junction_location,skidding_and_overturning,hit_object_in_carriageway,vehicle_leaving_carriageway,hit_object_off_carriageway,first_point_of_impact,vehicle_left_hand_drive,journey_purpose_of_driver,sex_of_driver,age_of_driver,age_band_of_driver,engine_capacity_cc,propulsion_code,age_of_vehicle,generic_make_model,driver_imd_decile,driver_home_area_type,lsoa_of_driver,escooter_flag
Unvalidated,2024471457404,2024,471457404,3,9,0,2,0,0,9,0,0,0,0,0,1,1,6,3,-1,-1,-1,-1,-1,-1,-1,-1,-1,0
Unvalidated,2024471457404,2024,471457404,4,9,0,2,0,0,0,0,0,0,0,0,3,1,6,3,-1,-1,-1,-1,-1,-1,-1,-1,-1,0
Unvalidated,2024471457404,2024,471457404,5,9,0,2,0,0,0,0,0,0,0,0,2,1,6,3,-1,-1,-1,-1,-1,-1,-1,-1,-1,0
Unvalidated,2024471457404,2024,471457404,6,19,0,2,0,0,0,0,0,0,0,0,3,1,6,3,-1,-1,-1,-1,-1,-1,-1,-1,-1,0
Unvalidated,2024471457404,2024,471457404,7,9,0,2,0,0,0,0,0,0,0,0,2,1,6,3,-1,-1,-1,-1,-1,-1,-1,-1,-1,0
Unvalidated,2024471457546,2024,471457546,1,19,0,5,1,5,0,3,0,0,0,0,1,1,6,1,43,7,-1,-1,-1,-1,10,1,E01020942,0
Unvalidated,2024471457546,2024,471457546,2,1,0,5,1,5,0,3,2,0,0,0,3,1,6,1,54,8,-1,-1,-1,-1,10,3,E01021234,0
Unvalidated,2024471457689,2024,471457689,1,9,0,18,6,2,0,0,5,0,1,0,4,1,5,1,72,10,-1,-1,-1,-1,10,1,E01001019,0
Unvalidated,2024471457689,2024,471457689,2,9,0,5,5,1,0,0,0,0,0,0,4,1,5,1,18,4,-1,-1,-1,-1,10,1,E01031739,0
Unvalidated,2024471457704,2024,471457704,1,9,0,9,7,5,0,6,0,0,0,0,1,1,3,1,49,8,-1,-1,-1,-1,8,2,E01031642,0
Unvalidated,2024471457704,2024,471457704,2,5,0,18,2,6,0,1,0,0,0,0,4,1,5,1,57,9,-1,-1,-1,-1,5,3,E01031611,0
Unvalidated,2024471457718,2024,471457718,1,5,0,5,5,1,0,0,5,0,0,0,2,1,5,1,60,9,-1,-1,-1,-1,6,1,E01031480,0
Unvalidated,2024471457718,2024,471457718,2,9,0,5,5,1,0,0,0,0,0,0,1,1,6,1,38,7,-1,-1,-1,-1,3,1,E01031483,0
Unvalidated,2024471457735,2024,471457735,1,9,0,18,1,5,0,0,0,0,0,0,1,1,6,2,59,9,-1,-1,-1,-1,5,1,E01031467,0
Unvalidated,2024471457735,2024,471457735,2,9,0,4,1,3,0,0,0,0,0,0,2,1,6,2,37,7,-1,-1,-1,-1,7,1,E01031414,0
Unvalidated,2024471457764,2024,471457764,1,98,0,18,1,5,0,1,0,0,0,0,1,2,1,1,38,7,-1,-1,-1,-1,-1,-1,-1,0
Unvalidated,2024471457764,2024,471457764,2,98,0,18,5,1,0,1,0,0,1,11,1,1,5,1,68,10,-1,-1,-1,-1,7,1,E01020986,0
Unvalidated,2024471457778,2024,471457778,1,90,0,18,2,6,0,0,0,0,0,0,0,1,6,3,-1,-1,-1,-1,-1,-1,-1,-1,-1,0
Unvalidated,2024471457778,2024,471457778,2,1,0,18,2,6,0,0,0,0,0,0,3,1,6,1,82,11,-1,-1,-1,-1,9,3,E01021168,0
Unvalidated,2024471457789,2024,471457789,1,9,0,10,5,3,0,2,0,0,0,0,1,1,6,1,17,4,-1,-1,-1,-1,6,3,E01021198,0
Unvalidated,2024471457789,2024,471457789,2,9,0,18,3,7,0,1,0,0,1,0,4,1,6,2,26,6,-1,-1,-1,-1,8,1,E01020987,0
Unvalidated,2024471457813,2024,471457813,1,19,0,18,6,1,0,1,0,0,0,0,4,1,6,3,-1,-1,-1,-1,-1,-1,-1,-1,-1,0
Unvalidated,2024471457867,2024,471457867,1,9,0,18,7,3,0,0,0,0,0,0,1,1,2,1,34,6,-1,-1,-1,-1,8,1,E01031356,0
Unvalidated,2024471457993,2024,471457993,1,9,0,18,4,8,0,1,0,0,0,0,4,1,6,2,47,8,-1,-1,-1,-1,8,1,E01031418,0
Unvalidated,2024471457993,2024,471457993,2,1,0,18,4,8,0,8,0,0,0,0,-1,1,6,1,-1,-1,-1,-1,-1,-1,-1,-1,-1,0
Unvalidated,2024471458028,2024,471458028,1,9,0,18,5,1,0,0,0,0,0,0,1,1,6,1,31,6,-1,-1,-1,-1,4,1,E01021002,0
Unvalidated,2024471458028,2024,471458028,2,9,0,2,0,0,0,0,0,0,0,0,2,1,5,2,43,7,-1,-1,-1,-1,1,1,E01020992,0
Unvalidated,2024471458056,2024,471458056,1,9,0,18,3,7,0,0,0,0,0,0,1,1,5,1,80,11,-1,-1,-1,-1,9,2,E01031615,0
Unvalidated,2024471458056,2024,471458056,2,9,0,18,3,7,0,0,0,0,1,0,2,1,5,1,43,7,-1,-1,-1,-1,8,1,E01031620,0
Unvalidated,2024471458056,2024,471458056,3,9,0,18,3,7,0,0,0,0,0,0,2,1,5,2,47,8,-1,-1,-1,-1,9,1,E01031670,0
Unvalidated,2024471458066,2024,471458066,1,9,0,9,5,3,0,6,0,0,0,0,1,1,5,2,69,10,-1,-1,-1,-1,3,1,E01031609,0
Unvalidated,2024471458066,2024,471458066,2,9,0,18,3,8,0,1,0,0,0,0,1,1,5,2,31,6,-1,-1,-1,-1,6,1,E01031557,0
Unvalidated,2024471458073,2024,471458073,1,1,0,18,3,7,9,0,0,1,0,0,1,1,6,1,16,4,-1,-1,-1,-1,-1,-1,-1,0
Unvalidated,2024471458073,2024,471458073,2,9,0,5,5,1,0,0,0,1,0,0,1,1,6,1,44,7,-1,-1,-1,-1,10,1,E01031668,0
Unvalidated,2024471458147,2024,471458147,1,19,0,1,3,7,0,0,0,0,0,0,2,1,1,1,43,7,-1,-1,-1,-1,1,1,E01020995,0
Unvalidated,2024471458147,2024,471458147,2,9,0,18,8,4,0,0,0,0,0,0,1,1,5,2,79,11,-1,-1,-1,-1,10,1,E01031828,0
Unvalidated,2024471458149,2024,471458149,1,9,0,18,7,3,0,2,0,0,0,0,2,1,6,1,56,9,-1,-1,-1,-1,6,1,E01021110,0
Unvalidated,2024471458149,2024,471458149,2,9,0,18,7,3,0,2,0,0,0,0,1,1,6,3,-1,-1,-1,-1,-1,-1,-1,-1,-1,0
Unvalidated,2024471458168,2024,471458168,1,1,0,5,4,8,0,0,0,0,0,0,3,1,6,1,62,9,-1,-1,-1,-1,8,1,E01032837,0
Unvalidated,2024471458168,2024,471458168,2,9,0,5,4,8,0,0,0,0,0,0,4,1,6,2,56,9,-1,-1,-1,-1,5,1,E01021059,0
Unvalidated,2024471458168,2024,471458168,3,1,0,18,4,8,0,0,0,0,0,0,3,1,6,3,-1,-1,-1,-1,-1,-1,-1,-1,-1,0
Unvalidated,2024471458188,2024,471458188,1,9,0,18,1,5,0,0,0,10,0,0,1,1,5,2,18,4,-1,-1,-1,-1,8,1,E01020963,0
Unvalidated,2024471458196,2024,471458196,1,9,0,18,5,1,0,1,0,0,1,11,1,1,6,1,21,5,-1,-1,-1,-1,6,2,E01030818,0
Unvalidated,2024471458209,2024,471458209,1,98,0,18,3,7,0,0,0,0,1,11,1,1,6,1,32,6,-1,-1,-1,-1,6,3,E01031477,0
Unvalidated,2024471458252,2024,471458252,1,9,0,18,7,3,0,0,0,0,0,0,1,1,5,1,59,9,-1,-1,-1,-1,4,1,E01031810,0
Unvalidated,2024471458252,2024,471458252,2,9,0,3,3,7,0,0,0,0,0,0,1,1,2,1,29,6,-1,-1,-1,-1,4,1,E01021057,0
Unvalidated,2024471458252,2024,471458252,3,9,0,3,3,7,0,0,0,0,0,0,1,1,6,1,43,7,-1,-1,-1,-1,5,1,E01031373,0
Unvalidated,2024471458352,2024,471458352,1,98,0,18,7,3,0,2,0,0,0,0,1,1,2,1,40,7,-1,-1,-1,-1,1,1,E01017112,0
Unvalidated,2024471458352,2024,471458352,2,1,0,18,7,3,0,2,0,0,0,0,2,1,6,1,29,6,-1,-1,-1,-1,6,1,E01022925,0
Unvalidated,2024471458403,2024,471458403,1,9,0,7,5,3,0,4,0,0,0,0,1,1,5,2,53,8,-1,-1,-1,-1,7,2,E01031525,0
Unvalidated,2024471458403,2024,471458403,2,9,0,5,1,3,0,4,0,0,0,0,2,1,5,1,46,8,-1,-1,-1,-1,6,3,E01031513,0
Unvalidated,2024471458418,2024,471458418,1,98,0,18,2,7,0,0,0,0,0,0,1,1,1,1,57,9,-1,-1,-1,-1,4,1,E01021071,0
Unvalidated,2024471458418,2024,471458418,2,9,0,18,7,3,0,0,0,0,0,0,1,1,1,1,40,7,-1,-1,-1,-1,7,1,E01020938,0
Unvalidated,2024471458458,2024,471458458,1,9,0,14,8,4,0,1,0,0,0,0,4,1,6,1,52,8,-1,-1,-1,-1,2,1,E01031432,0
Unvalidated,2024471458458,2024,471458458,2,98,0,2,0,0,9,1,0,0,0,0,0,1,1,1,37,7,-1,-1,-1,-1,1,1,E01016867,0
Unvalidated,2024471458458,2024,471458458,3,1,0,14,8,4,0,1,0,0,0,0,3,1,6,1,71,10,-1,-1,-1,-1,9,1,E01031416,0
Unvalidated,2024471458466,2024,471458466,1,8,9,18,6,3,0,8,0,0,0,0,4,1,6,1,37,7,-1,-1,-1,-1,7,1,E01016903,0
Unvalidated,2024471458466,2024,471458466,2,9,0,9,1,6,0,6,0,0,0,0,1,1,6,2,-1,-1,-1,-1,-1,-1,8,1,E01016901,0
Unvalidated,2024471458474,2024,471458474,1,98,0,9,7,5,0,5,0,0,0,0,4,1,5,1,44,7,-1,-1,-1,-1,4,1,E01031433,0
Unvalidated,2024471458474,2024,471458474,2,5,0,18,2,7,0,1,0,0,0,0,1,1,5,1,55,8,-1,-1,-1,-1,2,1,E01031436,0
Unvalidated,2024471458553,2024,471458553,1,90,0,18,8,4,0,0,2,0,0,0,1,1,6,1,51,8,-1,-1,-1,-1,2,1,E01016905,1
Unvalidated,2024471458594,2024,471458594,1,9,0,18,3,7,0,0,0,0,0,0,4,1,6,2,57,9,-1,-1,-1,-1,8,3,E01031617,0
Unvalidated,2024471458596,2024,471458596,1,19,0,18,4,8,0,0,0,0,0,0,1,1,1,1,56,9,-1,-1,-1,-1,3,1,E01016926,0
Unvalidated,2024471458596,2024,471458596,2,9,0,18,4,8,0,0,0,0,1,0,2,1,5,2,72,10,-1,-1,-1,-1,5,1,E01031584,0
Unvalidated,2024471458675,2024,471458675,1,9,0,18,3,7,0,1,0,0,0,0,1,1,5,1,25,5,-1,-1,-1,-1,3,1,E01031451,0
Unvalidated,2024471458675,2024,471458675,2,9,0,4,3,7,0,1,0,0,0,0,2,1,5,2,44,7,-1,-1,-1,-1,7,1,E01031405,0
Unvalidated,2024471458720,2024,471458720,1,9,0,9,1,3,0,0,0,0,0,0,4,1,5,2,57,9,-1,-1,-1,-1,1,1,E01021005,0
Unvalidated,2024471458734,2024,471458734,1,9,0,5,7,4,0,1,0,0,0,0,1,1,5,2,41,7,-1,-1,-1,-1,4,1,E01020924,0
Unvalidated,2024471458734,2024,471458734,2,1,0,18,4,8,0,1,0,0,0,0,1,1,1,1,26,6,-1,-1,-1,-1,2,1,E01020910,0
Unvalidated,2024471458771,2024,471458771,1,9,0,18,6,2,0,1,0,0,0,0,1,1,6,1,-1,-1,-1,-1,-1,-1,3,1,E01024001,0
Unvalidated,2024471458771,2024,471458771,2,1,0,18,2,6,0,1,0,0,0,0,1,1,6,2,45,7,-1,-1,-1,-1,5,3,E01021101,0
Unvalidated,2024471458783,2024,471458783,1,9,0,9,7,3,0,0,0,0,0,0,3,1,5,2,28,6,-1,-1,-1,-1,4,1,E01002444,0
Unvalidated,2024471458783,2024,471458783,2,97,0,18,7,7,0,0,0,0,0,0,3,1,6,1,61,9,-1,-1,-1,-1,6,3,E01023978,0
Unvalidated,2024471458784,2024,471458784,1,98,0,7,2,8,0,6,0,0,0,0,1,1,6,1,-1,-1,-1,-1,-1,-1,7,1,E01031357,0
Unvalidated,2024471458784,2024,471458784,2,1,0,18,8,4,0,1,0,0,0,0,1,1,6,1,55,8,-1,-1,-1,-1,5,1,E01016994,0
Unvalidated,2024471458790,2024,471458790,1,4,0,18,2,6,0,1,1,4,1,0,1,1,5,2,27,6,-1,-1,-1,-1,6,1,E01016927,0
Unvalidated,2024471458790,2024,471458790,2,9,0,2,0,0,0,8,0,0,0,0,1,1,6,3,-1,-1,-1,-1,-1,-1,-1,-1,-1,0
Unvalidated,2024471458822,2024,471458822,1,9,0,18,7,3,0,0,5,0,0,0,4,1,5,1,66,10,-1,-1,-1,-1,9,1,E01021161,0
Unvalidated,2024471458829,2024,471458829,1,9,0,18,7,3,0,8,0,0,0,0,1,1,5,1,42,7,-1,-1,-1,-1,9,1,E01031772,0
Unvalidated,2024471458829,2024,471458829,2,9,0,9,3,7,0,5,0,0,0,0,1,1,6,2,48,8,-1,-1,-1,-1,10,1,E01031703,0
Unvalidated,2024471458839,2024,471458839,1,5,0,18,2,7,0,1,5,0,0,0,1,1,5,1,60,9,-1,-1,-1,-1,6,3,E01031465,0
Unvalidated,2024471458839,2024,471458839,2,9,0,10,2,8,0,8,0,0,0,0,2,1,6,1,48,8,-1,-1,-1,-1,10,1,E01031502,0
Unvalidated,2024471458848,2024,471458848,1,9,0,9,3,8,0,8,0,0,0,0,3,1,5,1,52,8,-1,-1,-1,-1,9,2,E01031630,0
Unvalidated,2024471458848,2024,471458848,2,5,0,18,3,7,0,1,0,0,0,0,1,1,5,1,21,5,-1,-1,-1,-1,7,1,E01016899,0
Unvalidated,2024471458854,2024,471458854,1,9,0,18,7,2,0,0,0,0,0,0,1,1,5,2,73,10,-1,-1,-1,-1,7,2,E01031616,0
Unvalidated,2024471458886,2024,471458886,1,9,0,18,7,3,0,0,0,0,0,0,0,1,6,1,83,11,-1,-1,-1,-1,6,1,E01031472,0
Unvalidated,2024471458901,2024,471458901,1,23,0,6,3,3,9,0,0,0,0,0,4,1,5,1,26,6,-1,-1,-1,-1,1,1,E01016942,0
Unvalidated,2024471458901,2024,471458901,2,23,0,6,3,3,9,0,0,0,0,0,4,1,6,3,-1,-1,-1,-1,-1,-1,-1,-1,-1,0
Unvalidated,2024471458944,2024,471458944,1,9,0,18,2,6,0,0,0,0,1,4,4,1,6,1,17,4,-1,-1,-1,-1,8,3,E01031466,0
Unvalidated,2024471458974,2024,471458974,1,9,0,18,3,7,0,1,0,0,0,0,1,1,5,2,54,8,-1,-1,-1,-1,5,1,E01021001,0
Unvalidated,2024471458974,2024,471458974,2,97,0,18,3,7,0,1,0,0,0,0,1,1,5,1,22,5,-1,-1,-1,-1,1,1,E01020983,0
Unvalidated,2024471458975,2024,471458975,1,9,0,18,5,1,0,0,0,0,0,0,1,1,5,1,63,9,-1,-1,-1,-1,7,3,E01021022,0
Unvalidated,2024471458975,2024,471458975,2,98,0,18,1,5,0,0,0,0,0,0,1,1,1,1,51,8,-1,-1,-1,-1,7,1,E01030613,0
Unvalidated,2024471458976,2024,471458976,1,9,0,3,5,1,0,1,0,0,0,0,3,1,5,2,39,7,-1,-1,-1,-1,4,1,E01031435,0
Unvalidated,2024471458976,2024,471458976,2,4,0,18,3,7,0,1,0,0,0,0,1,1,5,1,53,8,-1,-1,-1,-1,9,1,E01031463,0
Unvalidated,2024471459010,2024,471459010,1,9,0,2,0,0,0,0,0,0,0,0,3,1,5,2,29,6,-1,-1,-1,-1,2,1,E01021020,0
Unvalidated,2024471459010,2024,471459010,2,1,0,18,7,3,0,0,0,8,0,0,1,1,6,1,58,9,-1,-1,-1,-1,5,1,E01021121,0
Unvalidated,2024471459010,2024,471459010,3,9,0,2,0,0,0,0,0,0,0,0,4,1,6,3,-1,-1,-1,-1,-1,-1,-1,-1,-1,0
Unvalidated,2024471459062,2024,471459062,1,5,0,18,2,6,0,0,0,0,3,10,1,1,6,1,87,11,-1,-1,-1,-1,6,1,E01021152,0
Unvalidated,2024471459077,2024,471459077,1,9,0,7,1,4,9,3,0,7,7,11,1,1,6,1,27,6,-1,-1,-1,-1,3,1,E01031441,0
Unvalidated,2024471459100,2024,471459100,1,9,0,5,5,1,0,3,0,0,0,0,2,2,1,1,47,8,-1,-1,-1,-1,5,1,E01032836,0
Unvalidated,2024471459100,2024,471459100,2,9,0,5,5,1,0,4,0,0,1,0,1,2,1,1,54,8,-1,-1,-1,-1,5,1,E01031565,0
Unvalidated,2024471459128,2024,471459128,1,3,0,18,1,4,0,1,1,0,7,0,4,1,5,1,22,5,-1,-1,-1,-1,5,2,E01021089,0
Unvalidated,2024471459128,2024,471459128,2,9,0,18,4,1,0,2,0,0,0,0,3,1,5,1,38,7,-1,-1,-1,-1,5,1,E01020968,0
Unvalidated,2024471459136,2024,471459136,1,3,0,18,3,7,0,1,5,0,0,0,1,1,6,1,19,4,-1,-1,-1,-1,1,1,E01016880,0
Unvalidated,2024471459136,2024,471459136,2,9,0,9,3,7,0,1,0,0,0,0,3,1,5,1,53,8,-1,-1,-1,-1,2,1,E01000133,0
Unvalidated,2024471459159,2024,471459159,1,9,0,18,7,3,0,1,1,4,1,0,1,1,6,1,14,3,-1,-1,-1,-1,7,1,E01031471,0
Unvalidated,2024471459159,2024,471459159,2,9,0,2,0,0,9,1,1,0,7,10,2,1,6,3,-1,-1,-1,-1,-1,-1,-1,-1,-1,0
Unvalidated,2024471459159,2024,471459159,3,9,0,18,7,3,0,1,0,0,0,0,1,1,1,1,-1,-1,-1,-1,-1,-1,6,1,E01021034,0
Unvalidated,2024471459159,2024,471459159,4,9,0,18,7,3,0,1,0,0,0,0,0,1,1,1,-1,-1,-1,-1,-1,-1,6,1,E01021034,0
Unvalidated,2024471459159,2024,471459159,5,9,0,18,7,3,0,1,0,0,0,0,0,1,1,1,-1,-1,-1,-1,-1,-1,6,1,E01021034,0
Unvalidated,2024471459159,2024,471459159,6,9,0,13,7,3,0,1,0,0,0,0,0,1,1,1,-1,-1,-1,-1,-1,-1,6,1,E01021034,0
Unvalidated,2024471459176,2024,471459176,1,9,0,18,7,3,0,0,1,0,0,0,1,1,5,1,40,7,-1,-1,-1,-1,2,1,E01003120,0
Unvalidated,2024471459176,2024,471459176,2,9,0,18,7,3,0,0,0,0,1,4,1,1,6,2,19,4,-1,-1,-1,-1,8,3,E01031545,0
Unvalidated,2024471459180,2024,471459180,1,9,0,18,2,6,0,1,0,0,0,0,4,1,5,1,68,10,-1,-1,-1,-1,2,1,E01016955,0
Unvalidated,2024471459182,2024,471459182,1,9,0,9,8,6,0,0,0,0,7,10,1,1,6,2,17,4,-1,-1,-1,-1,9,1,E01031338,0
Unvalidated,2024471459204,2024,471459204,1,9,0,18,5,1,0,0,0,0,1,9,1,1,5,1,74,10,-1,-1,-1,-1,9,3,E01031497,0
Unvalidated,2024471459204,2024,471459204,2,11,0,18,1,5,0,0,0,0,0,0,1,1,1,2,55,8,-1,-1,-1,-1,7,1,E01031488,0
Unvalidated,2024471459204,2024,471459204,3,9,0,18,1,5,0,0,0,0,0,0,3,1,5,2,47,8,-1,-1,-1,-1,8,3,E01022627,0
Unvalidated,2024471459247,2024,471459247,1,9,0,4,7,3,0,0,0,0,0,0,1,1,5,1,50,8,-1,-1,-1,-1,-1,-1,-1,0
Unvalidated,2024471459247,2024,471459247,2,9,0,3,7,3,0,0,0,0,0,0,2,1,2,2,34,6,-1,-1,-1,-1,8,1,E01021061,0
Unvalidated,2024471459247,2024,471459247,3,9,0,5,7,3,0,0,0,0,0,0,2,1,2,1,62,9,-1,-1,-1,-1,3,1,E01021062,0
Unvalidated,2024471459266,2024,471459266,1,4,0,18,3,7,0,0,0,0,1,0,4,1,5,1,63,9,-1,-1,-1,-1,8,1,E01022636,0
Unvalidated,2024471459276,2024,471459276,1,19,0,18,5,8,0,0,0,0,0,0,1,1,1,1,37,7,-1,-1,-1,-1,9,1,E01031384,0
Unvalidated,2024471459276,2024,471459276,2,19,0,18,1,4,0,0,0,0,0,0,1,1,2,1,49,8,-1,-1,-1,-1,6,3,E01031513,0
Unvalidated,2024471459309,2024,471459309,1,9,0,18,2,6,0,0,0,0,0,0,1,1,6,3,-1,-1,-1,-1,-1,-1,-1,-1,-1,0
Unvalidated,2024471459309,2024,471459309,2,1,0,18,7,3,0,0,0,1,0,0,1,1,5,1,16,4,-1,-1,-1,-1,4,1,E01031553,0
Unvalidated,2024471459389,2024,471459389,1,9,0,18,7,3,0,1,2,0,7,9,1,1,5,1,20,4,-1,-1,-1,-1,8,1,E01021197,0
Unvalidated,2024471459435,2024,471459435,1,9,0,11,4,6,0,3,0,0,0,0,4,1,6,1,79,11,-1,-1,-1,-1,9,1,E01020945,0
Unvalidated,2024471459435,2024,471459435,2,1,0,18,3,1,0,1,1,0,0,0,3,1,2,1,53,8,-1,-1,-1,-1,2,1,E01021179,0
Unvalidated,2024471459453,2024,471459453,1,9,0,5,2,8,0,6,0,0,0,0,1,1,6,3,-1,-1,-1,-1,-1,-1,-1,-1,-1,0
Unvalidated,2024471459453,2024,471459453,2,9,0,18,8,4,0,1,1,0,1,2,1,1,5,1,82,11,-1,-1,-1,-1,4,1,E01016968,0
Unvalidated,2024471459454,2024,471459454,1,9,0,18,7,3,9,8,0,4,3,0,1,1,5,1,90,11,-1,-1,-1,-1,9,1,E01021156,0
Unvalidated,2024471459454,2024,471459454,2,9,0,2,0,0,9,2,0,4,0,0,1,1,6,3,-1,-1,-1,-1,-1,-1,-1,-1,-1,0
Unvalidated,2024471459525,2024,471459525,1,9,0,10,3,1,0,1,0,0,0,0,3,1,6,2,38,7,-1,-1,-1,-1,2,1,E01031808,0
Unvalidated,2024471459525,2024,471459525,2,3,0,18,3,7,0,1,0,0,0,0,4,1,6,1,16,4,-1,-1,-1,-1,-1,-1,-1,0
Unvalidated,2024471459584,2024,471459584,1,9,0,13,2,6,0,0,0,0,0,0,4,1,5,2,39,7,-1,-1,-1,-1,7,3,E01024203,0
Unvalidated,2024471459584,2024,471459584,2,4,0,9,2,8,0,0,0,0,0,0,3,1,5,1,21,5,-1,-1,-1,-1,9,2,E01031719,0
Unvalidated,2024471459620,2024,471459620,1,9,0,5,6,2,0,2,0,4,0,0,-1,1,6,1,30,6,-1,-1,-1,-1,-1,-1,-1,0
Unvalidated,2024471459620,2024,471459620,2,9,0,2,0,0,0,2,0,0,0,0,2,1,1,1,27,6,-1,-1,-1,-1,3,1,E01017179,0
Unvalidated,2024471459622,2024,471459622,1,9,0,9,2,8,0,8,0,0,0,0,4,1,2,1,54,8,-1,-1,-1,-1,8,1,E01016980,0
Unvalidated,2024471459622,2024,471459622,2,1,0,3,2,4,0,8,0,0,0,0,3,1,6,2,26,6,-1,-1,-1,-1,6,1,E01016889,0
Unvalidated,2024471459635,2024,471459635,1,9,0,5,4,8,0,4,0,0,0,0,1,1,5,2,44,7,-1,-1,-1,-1,2,1,E01020923,0
Unvalidated,2024471459635,2024,471459635,2,1,0,18,1,5,0,8,0,0,0,0,1,1,5,1,59,9,-1,-1,-1,-1,4,1,E01021076,0
Unvalidated,2024471459649,2024,471459649,1,9,0,18,1,5,0,4,0,0,0,0,1,1,3,2,39,7,-1,-1,-1,-1,6,2,E01021145,0
Unvalidated,2024471459649,2024,471459649,2,9,0,18,7,3,0,3,0,0,0,0,4,1,2,1,31,6,-1,-1,-1,-1,4,1,E01021224,0
Unvalidated,2024471459788,2024,471459788,1,9,0,9,3,1,0,6,0,0,0,0,3,1,5,1,45,7,-1,-1,-1,-1,9,2,E01031391,0
Unvalidated,2024471459788,2024,471459788,2,9,0,18,1,5,0,1,0,0,0,0,1,1,5,1,50,8,-1,-1,-1,-1,4,3,E01031386,0
Unvalidated,2024471459788,2024,471459788,3,9,0,10,5,3,0,8,0,0,0,0,4,1,5,1,39,7,-1,-1,-1,-1,8,1,E01031812,0
Unvalidated,2024471460038,2024,471460038,1,9,0,9,1,7,0,6,0,0,0,0,1,1,5,2,83,11,-1,-1,-1,-1,7,1,E01031607,0
Unvalidated,2024471460038,2024,471460038,2,9,0,2,0,0,0,1,0,0,0,0,3,1,6,3,-1,-1,-1,-1,-1,-1,-1,-1,-1,0
Unvalidated,2024471460038,2024,471460038,3,9,0,7,3,5,0,1,0,0,0,0,2,1,5,2,63,9,-1,-1,-1,-1,9,1,E01031590,0
Unvalidated,2024471460075,2024,471460075,1,9,0,18,1,5,0,0,5,10,7,0,1,1,6,1,85,11,-1,-1,-1,-1,6,2,E01021206,0
Unvalidated,2024471460075,2024,471460075,2,9,0,2,0,0,6,0,0,0,0,0,1,1,6,3,-1,-1,-1,-1,-1,-1,-1,-1,-1,0
Unvalidated,2024471460091,2024,471460091,1,9,0,4,3,7,0,1,0,0,0,0,4,1,3,2,36,7,-1,-1,-1,-1,3,1,E01031556,0
Unvalidated,2024471460091,2024,471460091,2,1,0,18,5,1,9,1,0,0,0,0,1,1,6,1,8,2,-1,-1,-1,-1,3,1,E01031559,0
Unvalidated,2024471460098,2024,471460098,1,9,0,9,8,6,0,5,0,0,0,0,3,1,5,1,74,10,-1,-1,-1,-1,8,3,E01031543,0
Unvalidated,2024471460098,2024,471460098,2,5,0,13,8,3,0,1,0,0,0,0,1,1,2,1,40,7,-1,-1,-1,-1,4,1,E01031433,0
Unvalidated,2024471460113,2024,471460113,1,19,0,4,-1,-1,0,0,0,0,0,0,3,1,5,2,57,9,-1,-1,-1,-1,6,2,E01031643,0
Unvalidated,2024471460113,2024,471460113,2,90,0,18,1,5,0,0,0,0,0,0,3,1,6,3,-1,-1,-1,-1,-1,-1,-1,-1,-1,0
Unvalidated,2024471460146,2024,471460146,1,9,0,9,3,1,0,8,0,0,0,0,4,1,5,1,18,4,-1,-1,-1,-1,7,3,E01024804,0
Unvalidated,2024471460146,2024,471460146,2,9,0,18,7,3,0,8,0,0,0,0,3,1,5,1,38,7,-1,-1,-1,-1,1,1,E01020982,0
Unvalidated,2024471460147,2024,471460147,1,9,0,9,3,1,0,8,0,0,0,0,3,1,5,2,37,7,-1,-1,-1,-1,5,3,E01031611,0
Unvalidated,2024471460147,2024,471460147,2,5,0,13,3,7,0,1,0,0,0,0,4,1,5,1,51,8,-1,-1,-1,-1,5,3,E01031611,0
Unvalidated,2024471460147,2024,471460147,3,9,0,4,3,7,0,1,0,0,0,0,0,1,6,3,-1,-1,-1,-1,-1,-1,-1,-1,-1,0
Unvalidated,2024471460187,2024,471460187,1,9,0,5,1,5,0,2,0,0,0,0,3,1,1,1,56,9,-1,-1,-1,-1,4,1,E01020952,0
Unvalidated,2024471460187,2024,471460187,2,3,0,18,1,5,0,2,0,0,0,0,4,1,1,1,36,7,-1,-1,-1,-1,3,1,E01020922,0
Unvalidated,2024471460194,2024,471460194,1,9,0,5,7,5,0,6,0,0,0,0,1,1,5,2,61,9,-1,-1,-1,-1,10,2,E01021052,0
Unvalidated,2024471460194,2024,471460194,2,9,0,9,1,7,0,8,0,0,0,0,3,1,5,1,72,10,-1,-1,-1,-1,8,1,E01021061,0
Unvalidated,2024471460200,2024,471460200,1,9,0,18,5,1,0,0,0,0,1,10,1,1,5,2,19,4,-1,-1,-1,-1,-1,-1,-1,0
Unvalidated,2024471460274,2024,471460274,1,9,0,4,1,5,0,1,0,0,0,0,4,1,5,1,46,8,-1,-1,-1,-1,4,1,E01020971,0
Unvalidated,2024471460274,2024,471460274,2,9,0,4,3,7,0,8,0,0,0,0,1,1,5,1,38,7,-1,-1,-1,-1,3,1,E01021090,0