status,collision_index,collision_year,collision_reference,vehicle_reference,vehicle_type,towing_and_articulation,vehicle_manoeuvre,vehicle_direction_from,vehicle_direction_to,vehicle_location_restricted_lane,junction_location,skidding_and_overturning,hit_object_in_carriageway,vehicle_leaving_carriageway,hit_object_off_carriageway,first_point_of_impact,vehicle_left_hand_drive,journey_purpose_of_driver,sex_of_driver,age_of_driver,age_band_of_driver,engine_capacity_cc,propulsion_code,age_of_vehicle,generic_make_model,driver_imd_decile,driver_home_area_type,lsoa_of_driver,escooter_flag
Unvalidated,2024471460375,2024,471460375,1,9,0,18,3,7,0,8,0,0,0,0,1,1,6,1,-1,-1,-1,-1,-1,-1,-1,-1,-1,0
Unvalidated,2024471460488,2024,471460488,1,9,0,18,7,3,6,0,0,0,0,0,1,1,5,1,78,11,-1,-1,-1,-1,10,1,E01031367,0
Unvalidated,2024471460584,2024,471460584,1,9,0,9,7,3,0,0,0,0,0,0,3,1,5,2,32,6,-1,-1,-1,-1,4,1,E01020914,0
Unvalidated,2024471460584,2024,471460584,2,97,0,18,4,8,0,0,0,0,0,0,1,1,5,2,18,4,-1,-1,-1,-1,3,1,E01021178,0
Unvalidated,2024471460598,2024,471460598,1,9,0,18,1,5,0,1,0,0,0,0,1,1,2,1,71,10,-1,-1,-1,-1,5,1,E01031574,0
Unvalidated,2024471460610,2024,471460610,1,19,0,9,7,4,0,8,0,0,0,0,1,1,2,1,34,6,-1,-1,-1,-1,1,1,E01031429,0
Unvalidated,2024471460610,2024,471460610,2,9,0,4,4,8,0,1,0,0,0,0,1,1,2,1,25,5,-1,-1,-1,-1,7,2,E01032717,0
Unvalidated,2024471460672,2024,471460672,1,5,0,12,6,2,0,0,5,10,0,0,1,1,5,1,18,4,-1,-1,-1,-1,4,1,E01021177,0
Unvalidated,2024471460672,2024,471460672,2,9,0,18,6,2,0,0,0,0,0,0,0,1,1,1,27,6,-1,-1,-1,-1,6,1,E01021034,0
Unvalidated,2024471460673,2024,471460673,1,9,0,18,5,1,0,1,0,0,0,0,1,1,6,1,23,5,-1,-1,-1,-1,7,1,E01031406,0
Unvalidated,2024471460673,2024,471460673,2,9,0,18,1,5,0,1,0,0,7,9,1,1,6,1,46,8,-1,-1,-1,-1,4,1,E01031435,0
Unvalidated,2024471460680,2024,471460680,1,9,0,7,2,4,0,4,0,0,0,0,-1,1,5,2,40,7,-1,-1,-1,-1,9,1,E01031475,0
Unvalidated,2024471460680,2024,471460680,2,1,0,18,-1,-1,0,4,0,0,0,0,-1,1,6,2,-1,-1,-1,-1,-1,-1,9,3,E01031475,0
Unvalidated,2024471460809,2024,471460809,1,9,0,5,5,3,0,5,0,0,0,0,4,1,1,2,40,7,-1,-1,-1,-1,1,1,E01016868,0
Unvalidated,2024471460809,2024,471460809,2,8,0,18,1,5,0,1,0,0,0,0,1,1,5,2,44,7,-1,-1,-1,-1,4,1,E01016974,0
Unvalidated,2024471460925,2024,471460925,1,9,0,9,1,7,4,1,0,0,0,0,1,1,5,1,19,4,-1,-1,-1,-1,6,1,E01016878,0
Unvalidated,2024471460925,2024,471460925,2,3,0,18,5,1,4,1,1,0,0,0,3,1,6,3,-1,-1,-1,-1,-1,-1,-1,-1,-1,0
Unvalidated,2024471461075,2024,471461075,1,9,0,4,5,1,0,0,0,0,0,0,2,1,5,1,33,6,-1,-1,-1,-1,10,1,E01016998,0
Unvalidated,2024471461075,2024,471461075,2,97,0,18,5,1,0,0,0,0,0,0,1,1,5,1,22,5,-1,-1,-1,-1,4,1,E01031553,0
Unvalidated,2024471461088,2024,471461088,1,9,0,18,5,1,0,0,0,0,0,0,3,1,1,1,39,7,-1,-1,-1,-1,6,1,E01016970,0
Unvalidated,2024471461088,2024,471461088,2,9,0,18,1,5,0,0,0,0,0,0,3,1,2,2,27,6,-1,-1,-1,-1,10,1,E01024778,0
Unvalidated,2024471461097,2024,471461097,1,9,0,18,1,5,0,0,5,0,1,1,1,1,5,1,90,11,-1,-1,-1,-1,7,3,E01022592,0
Unvalidated,2024471461097,2024,471461097,2,9,0,9,1,5,0,0,0,0,0,0,4,1,5,1,31,6,-1,-1,-1,-1,9,1,E01022610,0
Unvalidated,2024471461102,2024,471461102,1,97,0,18,5,1,0,0,1,0,1,0,1,1,5,1,17,4,-1,-1,-1,-1,5,3,E01031426,0
Unvalidated,2024471461111,2024,471461111,1,9,0,18,3,7,0,1,0,0,1,10,4,1,5,1,17,4,-1,-1,-1,-1,9,1,E01031340,0
Unvalidated,2024471461143,2024,471461143,1,5,0,18,7,3,0,0,0,0,0,0,4,1,5,1,25,5,-1,-1,-1,-1,7,1,E01021010,0
Unvalidated,2024471461147,2024,471461147,1,9,0,7,7,2,0,8,0,0,0,0,1,1,6,2,-1,-1,-1,-1,-1,-1,-1,-1,-1,0
Unvalidated,2024471461210,2024,471461210,1,9,0,18,7,3,0,1,0,0,0,0,1,1,2,2,36,7,-1,-1,-1,-1,1,1,E01021015,0
Unvalidated,2024471461210,2024,471461210,2,9,0,10,7,5,0,1,0,0,0,0,2,1,2,1,59,9,-1,-1,-1,-1,-1,-1,-1,0
Unvalidated,2024471461214,2024,471461214,1,9,0,10,5,7,0,8,0,0,0,0,2,1,3,2,40,7,-1,-1,-1,-1,8,1,E01031812,0
Unvalidated,2024471461214,2024,471461214,2,9,0,18,5,1,0,1,0,0,0,0,1,1,6,1,93,11,-1,-1,-1,-1,9,1,E01031422,0
Unvalidated,2024471461256,2024,471461256,1,1,0,18,7,3,9,2,0,0,0,0,1,1,6,1,14,3,-1,-1,-1,-1,5,1,E01031832,0
Unvalidated,2024471461256,2024,471461256,2,9,0,3,5,1,0,1,0,0,0,0,4,1,6,1,67,10,-1,-1,-1,-1,4,1,E01031799,0
Unvalidated,2024471461319,2024,471461319,1,9,0,18,5,1,0,2,0,0,0,0,4,1,6,2,55,8,-1,-1,-1,-1,6,1,E01021128,0
Unvalidated,2024471461319,2024,471461319,2,9,0,2,0,0,0,2,0,0,0,0,3,1,6,1,-1,-1,-1,-1,-1,-1,2,1,E01020990,0
Unvalidated,2024471461329,2024,471461329,1,9,4,13,1,5,0,0,0,0,0,0,4,1,6,3,-1,-1,-1,-1,-1,-1,-1,-1,-1,0
Unvalidated,2024471461329,2024,471461329,2,1,0,18,1,5,0,0,0,0,0,0,3,1,5,1,59,9,-1,-1,-1,-1,10,3,E01031680,0
Unvalidated,2024471461343,2024,471461343,1,5,0,7,3,5,0,8,5,0,0,0,1,1,5,1,21,5,-1,-1,-1,-1,5,1,E01016886,0
Unvalidated,2024471461343,2024,471461343,2,9,0,18,5,1,0,1,0,0,0,0,1,1,6,2,32,6,-1,-1,-1,-1,4,1,E01016882,0
Unvalidated,2024471461343,2024,471461343,3,19,0,2,0,0,0,2,0,0,0,0,0,2,1,1,45,7,-1,-1,-1,-1,9,1,E01032821,0
Unvalidated,2024471461380,2024,471461380,1,19,0,5,4,8,0,8,0,0,0,0,1,1,6,1,61,9,-1,-1,-1,-1,4,2,E01021207,0
Unvalidated,2024471461408,2024,471461408,1,97,0,18,5,1,0,1,0,0,7,0,4,1,6,1,17,4,-1,-1,-1,-1,1,1,E01020994,0
Unvalidated,2024471461408,2024,471461408,2,9,0,9,5,3,0,8,0,0,0,0,3,1,6,2,51,8,-1,-1,-1,-1,1,1,E01020980,0
Unvalidated,2024471461408,2024,471461408,3,9,0,18,5,1,0,1,0,0,0,0,0,1,1,1,55,8,-1,-1,-1,-1,3,1,E01021090,0
Unvalidated,2024471461412,2024,471461412,1,11,0,18,1,5,2,8,0,0,0,0,3,1,1,1,51,8,-1,-1,-1,-1,7,2,E01031677,0
Unvalidated,2024471461412,2024,471461412,2,20,0,7,1,3,0,5,0,0,1,0,4,2,1,1,61,9,-1,-1,-1,-1,10,2,E01030873,0
Unvalidated,2024471461479,2024,471461479,1,3,0,18,1,5,0,0,1,0,0,0,1,1,2,1,25,5,-1,-1,-1,-1,6,1,E01031606,0
Unvalidated,2024471461479,2024,471461479,2,9,0,18,1,5,0,0,0,0,1,0,2,1,5,1,45,7,-1,-1,-1,-1,6,1,E01031604,0
Unvalidated,2024471461480,2024,471461480,1,9,0,18,7,3,0,1,0,0,0,0,1,1,6,1,24,5,-1,-1,-1,-1,2,1,E01016905,0
Unvalidated,2024471461480,2024,471461480,2,9,0,10,7,5,0,1,0,0,0,0,2,1,2,2,51,8,-1,-1,-1,-1,8,1,E01016893,0
Unvalidated,2024471461482,2024,471461482,1,9,0,9,5,1,0,1,0,0,0,0,1,1,6,2,-1,-1,-1,-1,-1,-1,-1,-1,-1,0
Unvalidated,2024471461482,2024,471461482,2,9,0,18,1,5,0,1,0,0,0,0,1,1,5,2,55,8,-1,-1,-1,-1,9,1,E01024821,0
Unvalidated,2024471461578,2024,471461578,1,9,0,18,-1,-1,0,1,1,6,1,7,1,1,5,2,18,4,-1,-1,-1,-1,9,3,E01021115,0
Unvalidated,2024471461578,2024,471461578,2,19,0,16,-1,-1,0,1,0,0,0,0,0,1,6,3,-1,-1,-1,-1,-1,-1,-1,-1,-1,0
Unvalidated,2024471461588,2024,471461588,1,9,0,2,0,0,0,1,0,0,0,0,3,1,6,2,47,8,-1,-1,-1,-1,3,1,E01016891,0
Unvalidated,2024471461588,2024,471461588,2,1,0,18,7,3,0,1,0,0,0,0,1,1,6,2,-1,-1,-1,-1,-1,-1,3,1,E01016891,0
Unvalidated,2024471461634,2024,471461634,1,1,0,7,1,5,0,0,0,0,0,0,3,1,6,1,29,6,-1,-1,-1,-1,-1,-1,-1,0
Unvalidated,2024471461634,2024,471461634,2,9,0,18,5,1,0,0,0,0,0,0,3,1,5,2,53,8,-1,-1,-1,-1,9,3,E01024484,0
Unvalidated,2024471461647,2024,471461647,1,9,0,10,8,6,0,1,0,0,0,0,3,1,5,1,31,6,-1,-1,-1,-1,5,1,E01020968,0
Unvalidated,2024471461647,2024,471461647,2,5,0,18,4,8,0,8,0,0,7,0,3,1,6,1,56,9,-1,-1,-1,-1,2,1,E01020911,0
Unvalidated,2024471461653,2024,471461653,1,1,0,5,7,4,0,1,0,0,0,0,1,1,2,2,39,7,-1,-1,-1,-1,6,1,E01031656,0
Unvalidated,2024471461653,2024,471461653,2,9,0,18,4,8,0,1,0,99,0,0,4,1,6,3,-1,-1,-1,-1,-1,-1,-1,-1,-1,0
Unvalidated,2024471461658,2024,471461658,1,19,0,18,7,3,0,0,0,0,0,0,-1,1,6,3,-1,-1,-1,-1,-1,-1,-1,-1,-1,0
Unvalidated,2024471461658,2024,471461658,2,9,0,18,7,3,0,0,0,0,0,0,2,1,5,2,21,5,-1,-1,-1,-1,1,1,E01022917,0
Unvalidated,2024471461658,2024,471461658,3,9,0,18,7,3,0,0,0,0,0,0,2,1,5,1,53,8,-1,-1,-1,-1,3,1,E01017089,0
Unvalidated,2024471461676,2024,471461676,1,9,0,18,5,1,0,1,0,0,0,0,4,1,6,1,47,8,-1,-1,-1,-1,7,3,E01021022,0
Unvalidated,2024471461676,2024,471461676,2,9,0,18,1,5,0,2,0,0,8,11,3,1,6,1,68,10,-1,-1,-1,-1,10,1,E01031702,0
Unvalidated,2024471461699,2024,471461699,1,9,0,18,5,1,0,0,0,0,0,0,1,1,5,2,21,5,-1,-1,-1,-1,10,1,E01031797,0
Unvalidated,2024471461723,2024,471461723,1,9,0,18,8,3,0,0,0,0,0,0,1,1,5,1,26,6,-1,-1,-1,-1,3,1,E01020913,0
Unvalidated,2024471461723,2024,471461723,2,9,0,18,3,8,0,0,5,0,7,0,3,1,5,2,64,9,-1,-1,-1,-1,2,1,E01021183,0
Unvalidated,2024471461795,2024,471461795,1,9,0,18,8,4,0,2,0,0,7,1,1,1,6,2,75,10,-1,-1,-1,-1,7,3,E01031508,0
Unvalidated,2024471461802,2024,471461802,1,9,0,13,5,1,0,0,0,0,7,10,1,1,5,1,27,6,-1,-1,-1,-1,10,3,E01031517,0
Unvalidated,2024471461802,2024,471461802,2,3,0,18,1,5,0,0,1,0,0,0,1,1,6,1,19,4,-1,-1,-1,-1,9,3,E01031625,0
Unvalidated,2024471461802,2024,471461802,3,9,0,18,5,1,0,0,0,0,0,0,0,1,5,1,61,9,-1,-1,-1,-1,9,2,E01031504,0
Unvalidated,2024471461804,2024,471461804,1,9,0,9,3,1,0,8,0,0,0,0,3,1,2,1,66,10,-1,-1,-1,-1,8,1,E01023596,0
Unvalidated,2024471461804,2024,471461804,2,9,0,18,1,5,0,1,0,0,0,0,1,1,5,1,19,4,-1,-1,-1,-1,7,1,E01021018,0
Unvalidated,2024471461870,2024,471461870,1,9,0,9,8,6,0,8,0,0,0,0,3,1,5,2,82,11,-1,-1,-1,-1,8,3,E01031545,0
Unvalidated,2024471461870,2024,471461870,2,3,0,18,6,2,0,1,1,0,0,0,1,1,5,1,74,10,-1,-1,-1,-1,5,1,E01031426,0
Unvalidated,2024471461870,2024,471461870,3,3,0,18,6,2,0,8,1,0,0,0,1,1,5,1,70,10,-1,-1,-1,-1,3,1,E01031409,0
Unvalidated,2024471461893,2024,471461893,1,9,0,7,1,4,0,1,0,0,0,0,1,1,6,1,61,9,-1,-1,-1,-1,2,1,E01016975,0
Unvalidated,2024471461893,2024,471461893,2,1,0,18,7,3,0,1,0,0,0,0,1,1,6,2,43,7,-1,-1,-1,-1,7,1,E01016976,0
Unvalidated,2024471461902,2024,471461902,1,9,0,6,3,3,0,0,0,0,1,0,3,1,5,1,83,11,-1,-1,-1,-1,9,1,E01031458,0
Unvalidated,2024471461902,2024,471461902,2,9,0,18,3,7,0,0,0,0,0,0,1,1,5,2,60,9,-1,-1,-1,-1,5,3,E01031426,0
Unvalidated,2024471461938,2024,471461938,1,9,0,18,5,1,0,1,0,0,0,0,1,1,5,2,48,8,-1,-1,-1,-1,7,1,E01020938,0
Unvalidated,2024471461938,2024,471461938,2,9,0,2,0,0,0,1,0,0,0,0,2,1,6,3,-1,-1,-1,-1,-1,-1,-1,-1,-1,0
Unvalidated,2024471461994,2024,471461994,1,9,0,7,7,3,0,8,2,0,7,0,1,1,6,1,31,6,-1,-1,-1,-1,8,3,E01031506,0
Unvalidated,2024471461994,2024,471461994,2,9,0,18,7,3,0,2,0,0,0,0,0,1,1,1,44,7,-1,-1,-1,-1,5,1,E01022957,0
Unvalidated,2024471461994,2024,471461994,3,9,0,18,7,3,0,1,0,0,0,0,0,1,1,1,51,8,-1,-1,-1,-1,1,1,E01033383,0
Unvalidated,2024471462014,2024,471462014,1,9,0,18,6,2,0,0,1,0,0,0,3,1,6,3,-1,-1,-1,-1,-1,-1,-1,-1,-1,0
Unvalidated,2024471462015,2024,471462015,1,9,0,18,8,5,0,0,0,0,0,0,1,1,5,2,34,6,-1,-1,-1,-1,5,1,E01031585,0
Unvalidated,2024471462015,2024,471462015,2,9,0,18,8,5,0,0,0,0,0,0,4,1,5,1,25,5,-1,-1,-1,-1,5,1,E01031605,0
Unvalidated,2024471462019,2024,471462019,1,9,0,18,1,5,0,1,0,0,0,0,1,1,5,1,36,7,-1,-1,-1,-1,1,1,E01020994,0
Unvalidated,2024471462019,2024,471462019,2,9,0,18,5,1,0,2,0,0,0,0,3,1,5,1,33,6,-1,-1,-1,-1,5,1,E01003327,0
Unvalidated,2024471462019,2024,471462019,3,9,0,18,5,1,0,2,0,0,0,0,1,1,5,1,22,5,-1,-1,-1,-1,3,1,E01024795,0
Unvalidated,2024471462031,2024,471462031,1,9,0,18,5,1,0,0,0,0,0,0,1,1,5,1,73,10,-1,-1,-1,-1,9,2,E01031727,0
Unvalidated,2024471462031,2024,471462031,2,9,0,4,5,1,0,0,0,0,0,0,2,1,6,2,85,11,-1,-1,-1,-1,9,1,E01031589,0
Unvalidated,2024471462050,2024,471462050,1,9,0,18,7,3,0,0,0,11,0,0,4,1,5,1,30,6,-1,-1,-1,-1,6,1,E01031557,0
Unvalidated,2024471462168,2024,471462168,1,9,0,1,1,5,0,2,0,0,0,0,2,1,6,1,40,7,-1,-1,-1,-1,4,1,E01031575,0
Unvalidated,2024471462235,2024,471462235,1,9,0,4,3,7,0,1,0,0,0,0,2,1,6,1,33,6,-1,-1,-1,-1,1,1,E01016947,0
Unvalidated,2024471462235,2024,471462235,2,1,0,18,3,7,0,1,0,0,0,0,1,1,6,1,25,5,-1,-1,-1,-1,4,1,E01016890,0
Unvalidated,2024471462408,2024,471462408,1,1,0,18,8,4,0,1,0,0,0,0,4,1,5,1,21,5,-1,-1,-1,-1,4,1,E01031344,0
Unvalidated,2024471462408,2024,471462408,2,9,0,9,2,8,0,6,0,0,0,0,1,1,6,1,76,11,-1,-1,-1,-1,4,1,E01016857,0
Unvalidated,2024471462433,2024,471462433,1,1,0,18,2,7,0,0,0,0,0,0,1,1,5,2,11,3,-1,-1,-1,-1,8,1,E01032835,0
Unvalidated,2024471462433,2024,471462433,2,9,0,18,7,2,0,0,0,0,0,0,1,1,2,1,39,7,-1,-1,-1,-1,6,3,E01030862,0
Unvalidated,2024471462433,2024,471462433,3,90,0,18,2,7,0,0,0,0,0,0,0,1,6,2,12,3,-1,-1,-1,-1,6,3,E01031676,1
Unvalidated,2024471462622,2024,471462622,1,9,0,18,6,2,0,0,0,0,0,0,4,1,6,1,43,7,-1,-1,-1,-1,4,1,E01031428,0
Unvalidated,2024471462622,2024,471462622,2,1,0,12,6,2,0,0,0,0,0,0,4,1,6,1,66,10,-1,-1,-1,-1,4,1,E01031795,0
Unvalidated,2024471462763,2024,471462763,1,11,0,3,5,1,2,0,0,0,0,0,0,1,1,1,-1,-1,-1,-1,-1,-1,6,1,E01016912,0
Unvalidated,2024471463111,2024,471463111,1,5,0,3,3,7,0,0,0,0,0,0,4,1,5,1,24,5,-1,-1,-1,-1,9,1,E01020948,0
Unvalidated,2024471463111,2024,471463111,2,9,0,2,3,7,0,0,0,0,0,0,3,1,6,2,31,6,-1,-1,-1,-1,-1,-1,-1,0
Unvalidated,2024471463259,2024,471463259,1,1,0,18,2,7,5,1,0,0,0,0,1,1,6,3,-1,-1,-1,-1,-1,-1,-1,-1,-1,0
Unvalidated,2024471463259,2024,471463259,2,1,0,3,5,1,5,8,0,0,0,0,1,1,5,2,77,11,-1,-1,-1,-1,5,1,E01031832,0
Unvalidated,2024471463429,2024,471463429,1,9,0,18,2,4,0,1,0,0,0,0,4,1,1,1,56,9,-1,-1,-1,-1,7,1,E01031405,0
Unvalidated,2024471463468,2024,471463468,1,9,0,3,-1,-1,0,0,0,0,0,0,2,1,2,2,52,8,-1,-1,-1,-1,7,1,E01031388,0
Unvalidated,2024471463468,2024,471463468,2,9,0,3,-1,-1,0,0,0,0,0,0,1,1,6,2,41,7,-1,-1,-1,-1,6,1,E01031784,0
Unvalidated,2024471464885,2024,471464885,1,5,0,3,7,4,0,1,0,0,0,0,-1,1,6,1,51,8,-1,-1,-1,-1,4,1,E01021127,0
Unvalidated,2024471464885,2024,471464885,2,9,0,9,7,4,0,1,0,0,0,0,1,1,6,1,29,6,-1,-1,-1,-1,4,1,E01021017,0
Unvalidated,2024471465580,2024,471465580,1,9,0,18,5,1,0,1,0,0,0,0,1,1,6,1,19,4,-1,-1,-1,-1,8,1,E01031439,0
Unvalidated,2024471465580,2024,471465580,2,9,0,18,5,1,0,1,0,0,0,0,0,1,6,3,-1,-1,-1,-1,-1,-1,-1,-1,-1,0
Unvalidated,2024471466200,2024,471466200,1,9,0,5,1,5,0,0,0,0,0,0,1,1,5,2,81,11,-1,-1,-1,-1,9,1,E01021156,0
Unvalidated,2024471466982,2024,471466982,1,9,0,18,5,1,0,1,0,0,1,4,1,1,6,2,35,6,-1,-1,-1,-1,6,3,E01031479,0
Unvalidated,2024471466982,2024,471466982,2,9,0,18,3,7,0,1,0,0,0,0,1,1,6,2,49,8,-1,-1,-1,-1,7,3,E01031508,0
Unvalidated,2024471467277,2024,471467277,1,9,0,18,5,8,0,0,0,0,0,0,1,1,1,1,26,6,-1,-1,-1,-1,4,1,E01031433,0
Unvalidated,2024471467277,2024,471467277,2,19,0,18,8,5,0,0,0,0,0,0,1,1,5,1,36,7,-1,-1,-1,-1,7,1,E01031396,0
Unvalidated,2024471481569,2024,471481569,1,9,0,5,3,7,0,3,1,0,7,0,3,1,6,1,30,6,-1,-1,-1,-1,5,1,E01031571,0
Unvalidated,2024471481569,2024,471481569,2,9,0,5,5,1,0,4,1,0,7,0,3,1,2,2,51,8,-1,-1,-1,-1,7,3,E01030530,0
Unvalidated,2024471493494,2024,471493494,1,9,0,18,3,7,0,1,0,0,0,0,1,1,3,2,47,8,-1,-1,-1,-1,8,1,E01016956,0
Unvalidated,2024471498676,2024,471498676,1,9,0,9,5,3,0,8,0,0,0,0,1,1,5,2,65,9,-1,-1,-1,-1,7,1,E01031460,0
Unvalidated,2024471498676,2024,471498676,2,9,0,18,1,5,0,8,0,0,0,0,1,1,5,1,71,10,-1,-1,-1,-1,9,2,E01031504,0
Unvalidated,2024481437277,2024,481437277,1,5,0,18,3,7,0,0,0,0,0,0,1,1,2,1,30,6,-1,-1,-1,-1,-1,-1,-1,0
Unvalidated,2024481437284,2024,481437284,1,19,0,3,1,5,0,0,0,0,0,0,2,1,1,1,40,7,-1,-1,-1,-1,-1,-1,-1,0
Unvalidated,2024481437284,2024,481437284,2,3,0,18,1,5,0,0,0,0,0,0,1,1,2,1,23,5,-1,-1,-1,-1,-1,-1,-1,0
Unvalidated,2024481437297,2024,481437297,1,3,0,18,3,7,0,0,0,0,0,0,3,1,5,1,26,6,-1,-1,-1,-1,-1,-1,-1,0
Unvalidated,2024481437320,2024,481437320,1,9,0,18,3,7,0,8,0,0,0,0,1,1,1,1,35,6,-1,-1,-1,-1,-1,-1,-1,0
Unvalidated,2024481437320,2024,481437320,2,9,0,9,1,7,0,8,0,0,0,0,1,1,1,1,43,7,-1,-1,-1,-1,-1,-1,-1,0
Unvalidated,2024481437378,2024,481437378,1,1,0,12,1,5,5,2,0,0,0,0,1,1,6,1,35,6,-1,-1,-1,-1,-1,-1,-1,0
Unvalidated,2024481437378,2024,481437378,2,1,0,18,5,1,5,1,0,0,0,0,1,1,2,1,25,5,-1,-1,-1,-1,-1,-1,-1,0
Unvalidated,2024481437407,2024,481437407,1,19,0,6,3,3,0,0,0,0,0,0,0,1,6,1,40,7,-1,-1,-1,-1,-1,-1,-1,0
Unvalidated,2024481437407,2024,481437407,2,1,0,18,3,7,0,0,0,0,0,0,0,1,2,2,39,7,-1,-1,-1,-1,-1,-1,-1,0
Unvalidated,2024481437414,2024,481437414,1,9,0,18,7,3,0,1,0,0,0,0,1,1,2,1,49,8,-1,-1,-1,-1,-1,-1,-1,0
Unvalidated,2024481442464,2024,481442464,1,9,0,3,3,7,0,0,0,0,0,0,4,1,6,1,40,7,-1,-1,-1,-1,-1,-1,-1,0
Unvalidated,2024481442464,2024,481442464,2,1,0,15,3,7,4,0,0,0,0,0,1,1,2,2,25,5,-1,-1,-1,-1,-1,-1,-1,0
Unvalidated,2024481442471,2024,481442471,1,1,0,18,5,1,5,0,0,0,0,0,1,1,1,1,48,8,-1,-1,-1,-1,-1,-1,-1,0
Unvalidated,2024481442479,2024,481442479,1,8,0,9,3,1,0,8,0,0,0,0,4,1,1,1,25,5,-1,-1,-1,-1,-1,-1,-1,0
Unvalidated,2024481442479,2024,481442479,2,1,0,18,1,5,0,8,0,0,0,0,1,1,2,1,25,5,-1,-1,-1,-1,-1,-1,-1,0
Unvalidated,2024481442502,2024,481442502,1,19,0,7,5,7,0,8,0,0,0,0,1,1,1,1,27,6,-1,-1,-1,-1,-1,-1,-1,0
Unvalidated,2024481442502,2024,481442502,2,5,0,7,5,7,0,8,0,0,0,0,2,1,2,1,37,7,-1,-1,-1,-1,-1,-1,-1,0
Unvalidated,2024481442514,2024,481442514,1,11,0,2,1,5,0,0,0,0,0,0,0,1,1,1,40,7,-1,-1,-1,-1,-1,-1,-1,0
Unvalidated,2024481471123,2024,481471123,1,1,0,18,8,4,0,2,0,0,0,0,1,1,2,1,64,9,-1,-1,-1,-1,-1,-1,-1,0
Unvalidated,2024481471131,2024,481471131,1,1,0,18,3,7,5,0,0,0,0,0,1,1,6,1,-1,-1,-1,-1,-1,-1,-1,-1,-1,0
Unvalidated,2024481471137,2024,481471137,1,11,0,4,1,5,0,0,0,0,0,0,0,1,1,1,45,7,-1,-1,-1,-1,-1,-1,-1,0
Unvalidated,2024481471143,2024,481471143,1,8,0,9,7,5,0,8,0,0,0,0,4,1,1,1,44,7,-1,-1,-1,-1,-1,-1,-1,0
Unvalidated,2024481471143,2024,481471143,2,1,0,18,1,5,5,8,0,0,0,0,1,1,2,1,35,6,-1,-1,-1,-1,-1,-1,-1,0
Unvalidated,2024481471150,2024,481471150,1,9,0,1,7,3,0,1,0,0,0,0,2,1,2,1,52,8,-1,-1,-1,-1,-1,-1,-1,0
Unvalidated,2024481471150,2024,481471150,2,5,0,3,7,3,0,1,0,0,0,0,1,1,1,1,29,6,-1,-1,-1,-1,-1,-1,-1,0
Unvalidated,2024481472273,2024,481472273,1,4,0,18,5,1,0,8,0,0,0,0,1,1,6,1,-1,-1,-1,-1,-1,-1,-1,-1,-1,0
Unvalidated,2024481472276,2024,481472276,1,3,0,18,7,3,0,8,0,0,0,0,1,1,1,1,41,7,-1,-1,-1,-1,-1,-1,-1,0
Unvalidated,2024481472306,2024,481472306,1,1,0,18,3,7,0,0,0,0,0,0,3,1,2,2,53,8,-1,-1,-1,-1,-1,-1,-1,0
Unvalidated,2024481472309,2024,481472309,1,1,0,7,5,7,0,8,0,0,0,0,3,1,2,1,58,9,-1,-1,-1,-1,-1,-1,-1,0
Unvalidated,2024481472309,2024,481472309,2,3,0,18,3,7,0,8,0,0,0,0,4,1,2,1,26,6,-1,-1,-1,-1,-1,-1,-1,0
Unvalidated,2024481472322,2024,481472322,1,19,0,9,5,3,0,8,0,0,0,0,4,1,1,1,53,8,-1,-1,-1,-1,-1,-1,-1,0
Unvalidated,2024481472322,2024,481472322,2,1,0,18,1,5,0,8,0,0,0,0,1,1,1,1,51,8,-1,-1,-1,-1,-1,-1,-1,0
Unvalidated,2024481472341,2024,481472341,1,1,0,18,5,1,5,2,0,0,0,0,3,1,2,2,30,6,-1,-1,-1,-1,-1,-1,-1,0
Unvalidated,2024481472341,2024,481472341,2,1,0,13,5,1,5,2,0,0,0,0,4,1,2,2,44,7,-1,-1,-1,-1,-1,-1,-1,0
Unvalidated,2024481472421,2024,481472421,1,11,0,18,3,7,0,0,0,0,0,0,4,1,1,1,56,9,-1,-1,-1,-1,-1,-1,-1,0
Unvalidated,2024481472433,2024,481472433,1,9,0,18,3,7,0,8,0,0,0,0,1,1,6,1,77,11,-1,-1,-1,-1,-1,-1,-1,0
Unvalidated,2024481472433,2024,481472433,2,1,0,18,7,3,0,8,0,0,0,0,1,1,6,1,21,5,-1,-1,-1,-1,-1,-1,-1,0
Unvalidated,2024481472439,2024,481472439,1,9,0,18,5,1,0,0,0,0,0,0,1,1,5,1,35,6,-1,-1,-1,-1,-1,-1,-1,0
Unvalidated,2024481472439,2024,481472439,2,1,0,18,5,1,0,0,0,0,0,0,2,1,5,1,55,8,-1,-1,-1,-1,-1,-1,-1,0
Unvalidated,2024481503722,2024,481503722,1,2,0,18,1,5,0,1,0,0,0,0,0,1,6,2,40,7,-1,-1,-1,-1,-1,-1,-1,0
Unvalidated,2024481503724,2024,481503724,1,3,0,7,5,7,0,8,0,0,0,0,3,1,5,1,21,5,-1,-1,-1,-1,-1,-1,-1,0
Unvalidated,2024481503724,2024,481503724,2,1,0,18,1,5,5,8,0,0,0,0,1,1,2,2,45,7,-1,-1,-1,-1,-1,-1,-1,0
Unvalidated,2024481503762,2024,481503762,1,1,0,18,3,7,5,8,0,0,0,0,1,1,2,1,66,10,-1,-1,-1,-1,-1,-1,-1,0
Unvalidated,2024481503762,2024,481503762,2,8,0,18,1,5,0,8,0,0,0,0,4,1,1,1,60,9,-1,-1,-1,-1,-1,-1,-1,0