status,collision_index,collision_year,collision_reference,vehicle_reference,vehicle_type,towing_and_articulation,vehicle_manoeuvre,vehicle_direction_from,vehicle_direction_to,vehicle_location_restricted_lane,junction_location,skidding_and_overturning,hit_object_in_carriageway,vehicle_leaving_carriageway,hit_object_off_carriageway,first_point_of_impact,vehicle_left_hand_drive,journey_purpose_of_driver,sex_of_driver,age_of_driver,age_band_of_driver,engine_capacity_cc,propulsion_code,age_of_vehicle,generic_make_model,driver_imd_decile,driver_home_area_type,lsoa_of_driver,escooter_flag
Unvalidated,2024481503765,2024,481503765,1,9,0,3,5,1,0,1,0,0,0,0,2,1,2,1,30,6,-1,-1,-1,-1,-1,-1,-1,0
Unvalidated,2024481503765,2024,481503765,2,19,0,18,5,1,0,1,0,0,0,0,1,1,1,1,45,7,-1,-1,-1,-1,-1,-1,-1,0
Unvalidated,2024481503775,2024,481503775,1,1,0,18,1,5,0,0,0,0,0,0,1,1,1,1,42,7,-1,-1,-1,-1,-1,-1,-1,0
Unvalidated,2024481503775,2024,481503775,2,8,0,2,1,5,0,0,0,0,0,0,3,1,2,1,40,7,-1,-1,-1,-1,-1,-1,-1,0
Unvalidated,2024481503801,2024,481503801,1,8,0,5,1,5,0,0,0,0,0,0,3,1,1,1,50,8,-1,-1,-1,-1,-1,-1,-1,0
Unvalidated,2024481503844,2024,481503844,1,11,0,2,5,1,0,1,0,0,0,0,0,1,1,3,40,7,-1,-1,-1,-1,-1,-1,-1,0
Unvalidated,2024481503867,2024,481503867,1,11,0,18,3,7,0,1,0,0,0,0,0,1,1,1,62,9,-1,-1,-1,-1,-1,-1,-1,0
Unvalidated,2024481503873,2024,481503873,1,1,0,3,3,7,0,0,0,0,0,0,2,1,2,2,38,7,-1,-1,-1,-1,-1,-1,-1,0
Unvalidated,2024481503873,2024,481503873,2,9,0,18,3,7,0,0,0,0,0,0,1,1,2,2,22,5,-1,-1,-1,-1,-1,-1,-1,0
Unvalidated,2024481503960,2024,481503960,1,9,0,18,7,3,0,1,0,0,0,0,1,1,1,1,25,5,-1,-1,-1,-1,-1,-1,-1,0
Unvalidated,2024481503960,2024,481503960,2,1,0,18,3,7,0,1,0,0,0,0,1,1,5,1,28,6,-1,-1,-1,-1,-1,-1,-1,0
Unvalidated,2024481503968,2024,481503968,1,8,0,18,7,3,0,0,0,0,0,0,4,1,1,3,50,8,-1,-1,-1,-1,-1,-1,-1,0
Unvalidated,2024481503981,2024,481503981,1,1,0,18,3,7,0,1,0,0,0,0,3,1,2,1,30,6,-1,-1,-1,-1,-1,-1,-1,0
Unvalidated,2024481503981,2024,481503981,2,9,0,18,3,7,0,1,0,0,0,0,4,1,6,3,45,7,-1,-1,-1,-1,-1,-1,-1,0
Unvalidated,2024481503987,2024,481503987,1,1,0,18,3,7,0,1,0,0,0,0,1,1,6,1,30,6,-1,-1,-1,-1,-1,-1,-1,0
Unvalidated,2024481503994,2024,481503994,1,1,0,7,5,8,0,8,0,0,0,0,4,1,1,1,-1,-1,-1,-1,-1,-1,-1,-1,-1,0
Unvalidated,2024481503994,2024,481503994,2,1,0,17,5,7,0,8,0,0,0,0,3,1,2,1,37,7,-1,-1,-1,-1,-1,-1,-1,0
Unvalidated,2024481504009,2024,481504009,1,-1,0,18,1,5,0,0,0,0,0,0,9,1,6,3,30,6,-1,-1,-1,-1,-1,-1,-1,0
Unvalidated,2024481504009,2024,481504009,2,1,0,18,1,5,0,0,0,0,0,0,9,1,2,1,30,6,-1,-1,-1,-1,-1,-1,-1,0
Unvalidated,2024501393622,2024,501393622,1,8,0,18,5,1,0,0,1,0,0,0,1,1,6,1,61,9,-1,-1,-1,-1,6,2,E01018985,0
Unvalidated,2024501393643,2024,501393643,1,9,0,18,3,1,0,0,0,11,7,11,1,1,6,1,19,4,-1,-1,-1,-1,4,2,E01020313,0
Unvalidated,2024501393676,2024,501393676,1,9,0,5,7,3,0,0,0,0,0,0,1,1,6,1,50,8,-1,-1,-1,-1,2,1,E01015023,0
Unvalidated,2024501393676,2024,501393676,2,9,0,2,7,3,6,0,0,0,0,0,3,1,6,3,-1,-1,-1,-1,-1,-1,-1,-1,-1,0
Unvalidated,2024501393708,2024,501393708,1,9,0,18,2,6,0,0,0,7,1,0,1,1,6,2,77,11,-1,-1,-1,-1,3,3,E01019005,0
Unvalidated,2024501393827,2024,501393827,1,9,0,17,4,8,0,0,2,10,0,0,1,1,5,2,25,5,-1,-1,-1,-1,4,3,E01020289,0
Unvalidated,2024501394094,2024,501394094,1,9,0,18,1,5,0,0,0,0,0,0,1,1,6,3,-1,-1,-1,-1,-1,-1,-1,-1,-1,0
Unvalidated,2024501394101,2024,501394101,1,9,0,18,6,3,0,0,5,0,2,4,1,1,5,1,74,10,-1,-1,-1,-1,6,3,E01018752,0
Unvalidated,2024501394432,2024,501394432,1,9,0,14,1,5,0,0,0,0,0,0,1,1,5,2,17,4,-1,-1,-1,-1,7,1,E01015127,0
Unvalidated,2024501394432,2024,501394432,2,9,0,7,7,1,0,0,0,0,0,0,1,1,5,1,28,6,-1,-1,-1,-1,6,1,E01015132,0
Unvalidated,2024501394538,2024,501394538,1,9,0,18,7,5,0,0,0,0,0,0,2,1,6,2,20,4,-1,-1,-1,-1,8,1,E01015114,0
Unvalidated,2024501394538,2024,501394538,2,9,-1,1,7,4,0,0,0,0,0,0,2,1,6,3,-1,-1,-1,-1,-1,-1,-1,-1,-1,0
Unvalidated,2024501394829,2024,501394829,1,9,0,18,2,7,0,0,1,0,1,0,1,1,6,1,49,8,-1,-1,-1,-1,1,1,E01015267,0
Unvalidated,2024501394879,2024,501394879,1,9,0,15,8,4,0,1,0,0,0,0,1,1,2,2,23,5,-1,-1,-1,-1,4,2,E01020328,0
Unvalidated,2024501394879,2024,501394879,2,1,0,9,8,6,0,1,5,0,0,0,2,1,6,1,62,9,-1,-1,-1,-1,7,1,E01019969,0
Unvalidated,2024501394918,2024,501394918,1,9,0,3,4,7,0,4,0,0,0,0,1,1,6,1,54,8,-1,-1,-1,-1,5,2,E01020060,0
Unvalidated,2024501395037,2024,501395037,1,9,0,18,1,5,0,0,0,0,0,0,2,1,5,2,18,4,-1,-1,-1,-1,7,3,E01020043,0
Unvalidated,2024501395037,2024,501395037,2,9,0,18,1,5,0,0,1,0,0,0,1,1,5,1,20,4,-1,-1,-1,-1,8,1,E01020023,0
Unvalidated,2024501395205,2024,501395205,1,9,0,9,8,5,0,1,0,0,0,0,1,1,3,1,17,4,-1,-1,-1,-1,7,3,E01018827,0
Unvalidated,2024501395205,2024,501395205,2,3,0,18,4,8,0,1,0,0,0,0,4,1,1,1,59,9,-1,-1,-1,-1,5,1,E01018853,0
Unvalidated,2024501395249,2024,501395249,1,9,0,18,4,2,0,2,0,10,3,11,1,1,5,1,77,11,-1,-1,-1,-1,4,1,E01018931,0
Unvalidated,2024501395254,2024,501395254,1,3,0,16,7,3,0,0,2,0,0,0,3,1,5,1,27,6,-1,-1,-1,-1,3,1,E01020118,0
Unvalidated,2024501395296,2024,501395296,1,3,0,18,7,3,0,8,0,0,0,0,1,1,5,1,17,4,-1,-1,-1,-1,1,1,E01015058,0
Unvalidated,2024501395296,2024,501395296,2,9,0,18,5,1,0,8,0,0,0,0,4,1,5,1,61,9,-1,-1,-1,-1,4,1,E01015178,0
Unvalidated,2024501395296,2024,501395296,3,19,0,2,0,0,0,1,0,0,0,0,3,1,6,3,29,6,-1,-1,-1,-1,-1,-1,-1,0
Unvalidated,2024501395296,2024,501395296,4,9,0,2,0,0,0,1,0,0,0,0,4,1,6,3,45,7,-1,-1,-1,-1,-1,-1,-1,0
Unvalidated,2024501395325,2024,501395325,1,9,0,16,7,3,0,0,5,0,2,4,3,1,6,1,27,6,-1,-1,-1,-1,7,1,E01032425,0
Unvalidated,2024501395345,2024,501395345,1,5,0,2,0,0,0,1,0,0,0,0,1,1,6,1,57,9,-1,-1,-1,-1,10,1,E01015033,0
Unvalidated,2024501395345,2024,501395345,2,9,0,2,0,0,0,1,0,0,0,0,1,1,6,1,66,10,-1,-1,-1,-1,10,1,E01015101,0
Unvalidated,2024501395364,2024,501395364,1,9,0,18,3,1,0,0,0,0,0,0,1,1,6,2,38,7,-1,-1,-1,-1,2,1,E01015171,0
Unvalidated,2024501395364,2024,501395364,2,9,0,18,1,3,0,0,1,0,0,0,1,1,6,3,-1,-1,-1,-1,-1,-1,-1,-1,-1,0
Unvalidated,2024501395404,2024,501395404,1,5,0,18,5,2,0,0,0,0,0,0,1,1,1,1,25,5,-1,-1,-1,-1,5,1,E01015164,0
Unvalidated,2024501395406,2024,501395406,1,9,0,18,4,8,0,0,0,0,0,0,1,1,6,2,-1,-1,-1,-1,-1,-1,-1,-1,-1,0
Unvalidated,2024501395454,2024,501395454,1,9,0,1,3,5,0,1,0,0,0,0,2,1,6,1,33,6,-1,-1,-1,-1,3,3,E01019053,0
Unvalidated,2024501395515,2024,501395515,1,9,0,13,8,8,0,0,0,0,0,0,1,1,6,1,24,5,-1,-1,-1,-1,2,1,E01015158,0
Unvalidated,2024501395552,2024,501395552,1,9,0,18,1,5,0,1,0,0,0,0,1,1,5,2,30,6,-1,-1,-1,-1,6,3,E01018845,0
Unvalidated,2024501395552,2024,501395552,2,9,0,18,5,1,0,1,0,0,0,0,1,1,6,3,-1,-1,-1,-1,-1,-1,-1,-1,-1,0
Unvalidated,2024501395592,2024,501395592,1,9,0,18,3,7,0,0,1,0,1,9,4,1,1,2,65,9,-1,-1,-1,-1,7,3,E01020106,0
Unvalidated,2024501395592,2024,501395592,2,20,0,18,3,7,0,0,2,0,7,10,3,1,5,1,58,9,-1,-1,-1,-1,5,2,E01020137,0
Unvalidated,2024501395639,2024,501395639,1,9,0,4,1,3,0,0,1,0,0,0,1,1,2,1,57,9,-1,-1,-1,-1,5,3,E01020319,0
Unvalidated,2024501395639,2024,501395639,2,9,0,4,6,5,0,0,0,11,0,0,1,1,2,2,43,7,-1,-1,-1,-1,5,3,E01020319,0
Unvalidated,2024501395654,2024,501395654,1,1,0,18,5,1,0,0,5,0,2,10,4,1,6,2,52,8,-1,-1,-1,-1,6,3,E01020241,0
Unvalidated,2024501395657,2024,501395657,1,9,0,9,5,3,0,3,0,0,0,0,3,1,6,2,22,5,-1,-1,-1,-1,4,2,E01018972,0
Unvalidated,2024501395665,2024,501395665,1,9,0,16,2,5,0,1,0,0,0,0,3,1,5,1,83,11,-1,-1,-1,-1,5,3,E01020088,0
Unvalidated,2024501395665,2024,501395665,2,19,4,17,7,2,0,1,0,0,0,0,3,1,1,1,59,9,-1,-1,-1,-1,4,3,E01020126,0
Unvalidated,2024501395678,2024,501395678,1,11,0,18,2,5,0,8,0,0,0,0,1,1,1,1,53,8,-1,-1,-1,-1,2,1,E01015176,0
Unvalidated,2024501395705,2024,501395705,1,9,0,18,5,1,0,0,2,10,0,0,4,1,6,1,34,6,-1,-1,-1,-1,4,1,E01019049,0
Unvalidated,2024501395793,2024,501395793,1,9,0,18,3,7,0,0,0,0,0,0,1,1,6,2,39,7,-1,-1,-1,-1,6,1,E01015116,0
Unvalidated,2024501395793,2024,501395793,2,9,0,4,3,7,0,0,0,0,0,0,2,1,6,2,36,7,-1,-1,-1,-1,10,1,E01020167,0
Unvalidated,2024501395915,2024,501395915,1,9,0,18,6,2,0,0,2,0,2,10,1,1,6,2,39,7,-1,-1,-1,-1,4,3,E01018759,0
Unvalidated,2024501395915,2024,501395915,2,9,0,18,2,6,0,0,0,0,0,0,1,1,6,1,56,9,-1,-1,-1,-1,4,3,E01018759,0
Unvalidated,2024501395972,2024,501395972,1,19,0,18,3,1,0,6,0,0,0,0,4,1,2,1,69,10,-1,-1,-1,-1,7,1,E01020027,0
Unvalidated,2024501395972,2024,501395972,2,9,0,18,4,5,0,6,0,0,0,0,3,1,6,1,60,9,-1,-1,-1,-1,8,3,E01019962,0
Unvalidated,2024501396000,2024,501396000,1,9,0,18,4,8,0,0,1,0,0,0,1,1,2,1,22,5,-1,-1,-1,-1,3,3,E01018991,0
Unvalidated,2024501396000,2024,501396000,2,9,0,18,8,4,0,0,0,0,0,0,1,1,6,1,67,10,-1,-1,-1,-1,3,3,E01018991,0
Unvalidated,2024501396017,2024,501396017,1,3,0,18,8,4,0,0,2,0,0,0,4,1,6,1,44,7,-1,-1,-1,-1,5,2,E01018947,0
Unvalidated,2024501396061,2024,501396061,1,9,0,18,5,1,0,0,5,0,1,10,1,1,5,1,76,11,-1,-1,-1,-1,6,3,E01020329,0
Unvalidated,2024501396061,2024,501396061,2,9,0,18,1,5,0,0,0,0,0,0,1,1,5,1,49,8,-1,-1,-1,-1,-1,-1,-1,0
Unvalidated,2024501396118,2024,501396118,1,9,0,6,3,5,0,0,0,0,0,0,3,1,5,2,33,6,-1,-1,-1,-1,1,1,E01015146,0
Unvalidated,2024501396119,2024,501396119,1,9,0,18,1,5,0,0,0,0,0,0,1,1,6,2,65,9,-1,-1,-1,-1,7,3,E01029269,0
Unvalidated,2024501396119,2024,501396119,2,9,0,3,1,5,0,0,0,0,0,0,2,1,2,2,26,6,-1,-1,-1,-1,8,2,E01020054,0
Unvalidated,2024501396119,2024,501396119,3,9,0,3,1,5,0,0,0,0,0,0,2,1,2,2,22,5,-1,-1,-1,-1,4,2,E01020057,0
Unvalidated,2024501396119,2024,501396119,4,9,0,3,1,5,0,0,0,0,0,0,2,1,2,1,61,9,-1,-1,-1,-1,4,2,E01020057,0
Unvalidated,2024501396141,2024,501396141,1,90,0,17,8,3,0,0,0,0,0,0,3,1,5,1,35,6,-1,-1,-1,-1,2,1,E01020103,1
Unvalidated,2024501396141,2024,501396141,2,9,0,16,1,6,0,0,0,0,0,0,3,1,3,2,48,8,-1,-1,-1,-1,8,1,E01020120,0
Unvalidated,2024501396145,2024,501396145,1,9,0,18,8,4,0,8,1,0,0,0,1,1,6,1,27,6,-1,-1,-1,-1,6,1,E01019912,0
Unvalidated,2024501396154,2024,501396154,1,9,0,18,3,7,0,0,1,0,0,0,3,1,2,1,41,7,-1,-1,-1,-1,5,1,E01020084,0
Unvalidated,2024501396154,2024,501396154,2,9,0,18,7,3,0,0,1,0,0,0,1,1,2,1,53,8,-1,-1,-1,-1,8,3,E01020120,0
Unvalidated,2024501396283,2024,501396283,1,9,0,16,8,4,0,0,1,0,7,11,1,1,2,1,36,7,-1,-1,-1,-1,8,1,E01020281,0
Unvalidated,2024501396283,2024,501396283,2,9,0,17,4,8,0,0,0,0,0,0,4,1,5,2,48,8,-1,-1,-1,-1,5,3,E01020301,0
Unvalidated,2024501396490,2024,501396490,1,11,0,4,1,5,0,0,0,0,0,0,1,1,1,1,55,8,-1,-1,-1,-1,2,1,E01015053,0
Unvalidated,2024501396490,2024,501396490,2,11,0,2,1,5,0,0,0,0,0,0,2,1,1,2,30,6,-1,-1,-1,-1,5,1,E01015174,0
Unvalidated,2024501396519,2024,501396519,1,19,0,17,5,1,0,0,2,0,2,10,1,1,5,1,50,8,-1,-1,-1,-1,4,1,E01020279,0
Unvalidated,2024501396522,2024,501396522,1,19,0,4,6,2,0,0,2,0,2,10,4,1,1,1,41,7,-1,-1,-1,-1,8,1,E01015114,0
Unvalidated,2024501396523,2024,501396523,1,9,0,18,3,7,0,8,0,0,0,0,1,1,5,2,22,5,-1,-1,-1,-1,6,3,E01020059,0
Unvalidated,2024501396523,2024,501396523,2,9,0,9,1,7,0,7,0,0,0,0,4,1,5,2,49,8,-1,-1,-1,-1,9,3,E01019896,0
Unvalidated,2024501396524,2024,501396524,1,9,0,18,3,5,0,1,0,0,0,0,2,1,6,1,34,6,-1,-1,-1,-1,3,1,E01015063,0
Unvalidated,2024501396524,2024,501396524,2,9,0,18,2,5,0,1,0,0,0,0,1,1,6,2,18,4,-1,-1,-1,-1,3,1,E01015162,0
Unvalidated,2024501396524,2024,501396524,3,9,0,4,6,5,0,1,0,0,0,0,2,1,6,2,31,6,-1,-1,-1,-1,2,1,E01015171,0
Unvalidated,2024501396542,2024,501396542,1,3,0,18,1,5,0,0,0,0,0,0,3,1,6,1,16,4,-1,-1,-1,-1,6,2,E01018845,0
Unvalidated,2024501396542,2024,501396542,2,9,0,18,5,8,0,0,0,0,0,0,1,1,5,2,33,6,-1,-1,-1,-1,5,3,E01018847,0
Unvalidated,2024501396570,2024,501396570,1,19,0,18,5,1,0,0,2,0,7,10,1,1,1,1,27,6,-1,-1,-1,-1,8,2,E01020089,0
Unvalidated,2024501396691,2024,501396691,1,9,0,14,1,5,0,0,0,4,0,0,1,1,5,2,79,11,-1,-1,-1,-1,8,1,E01015090,0
Unvalidated,2024501396691,2024,501396691,2,98,0,2,0,0,0,0,0,0,0,0,2,1,6,1,64,9,-1,-1,-1,-1,3,1,E01015093,0
Unvalidated,2024501396695,2024,501396695,1,9,0,18,7,2,0,1,2,0,0,0,1,1,2,1,55,8,-1,-1,-1,-1,5,1,E01020235,0
Unvalidated,2024501396842,2024,501396842,1,9,0,18,7,3,0,8,0,0,0,0,1,1,6,2,44,7,-1,-1,-1,-1,6,1,E01020161,0
Unvalidated,2024501396842,2024,501396842,2,9,0,4,8,2,0,1,0,0,0,0,3,1,6,1,62,9,-1,-1,-1,-1,6,3,E01020188,0
Unvalidated,2024501396842,2024,501396842,3,9,0,8,7,3,0,8,0,0,0,0,2,1,6,1,25,5,-1,-1,-1,-1,3,1,E01015228,0
Unvalidated,2024501396875,2024,501396875,1,9,0,18,7,4,0,1,0,0,0,0,1,1,6,2,60,9,-1,-1,-1,-1,4,3,E01020287,0
Unvalidated,2024501396875,2024,501396875,2,9,0,18,1,3,0,8,0,0,0,0,1,1,6,2,79,11,-1,-1,-1,-1,4,3,E01020287,0
Unvalidated,2024501396934,2024,501396934,1,9,0,7,1,3,0,2,0,11,0,0,1,1,5,2,80,11,-1,-1,-1,-1,4,2,E01018891,0
Unvalidated,2024501396941,2024,501396941,1,9,0,18,8,4,0,0,2,0,0,0,1,1,5,1,70,10,-1,-1,-1,-1,5,3,E01020088,0
Unvalidated,2024501396941,2024,501396941,2,9,0,4,8,4,0,0,0,0,0,0,2,1,2,1,54,8,-1,-1,-1,-1,-1,2,-1,0
Unvalidated,2024501396941,2024,501396941,3,9,0,4,8,4,0,0,0,0,0,0,2,1,1,1,39,7,-1,-1,-1,-1,9,1,E01020001,0
Unvalidated,2024501396941,2024,501396941,4,9,0,18,8,4,0,0,1,0,0,0,1,1,2,1,41,7,-1,-1,-1,-1,4,3,E01020131,0
Unvalidated,2024501396948,2024,501396948,1,9,0,18,7,3,0,0,1,0,0,0,1,1,6,1,24,5,-1,-1,-1,-1,5,1,E01015062,0
Unvalidated,2024501396976,2024,501396976,1,9,0,18,1,5,0,0,1,0,0,0,1,1,5,1,45,7,-1,-1,-1,-1,-1,-1,-1,0
Unvalidated,2024501396976,2024,501396976,2,9,0,18,1,5,0,0,1,0,0,0,1,1,1,2,46,8,-1,-1,-1,-1,2,1,E01015229,0
Unvalidated,2024501396976,2024,501396976,3,9,0,4,1,5,0,0,0,0,0,0,2,1,6,2,51,8,-1,-1,-1,-1,5,1,E01015191,0
Unvalidated,2024501396980,2024,501396980,1,9,0,5,2,4,0,8,0,0,0,0,1,1,5,2,21,5,-1,-1,-1,-1,9,1,E01029631,0
Unvalidated,2024501396980,2024,501396980,2,9,0,18,4,8,0,8,0,0,0,0,4,1,1,1,47,8,-1,-1,-1,-1,1,1,E01015182,0
Unvalidated,2024501396981,2024,501396981,1,9,0,7,1,3,0,1,0,0,0,0,1,1,6,1,43,7,-1,-1,-1,-1,5,1,E01018853,0
Unvalidated,2024501396981,2024,501396981,2,2,0,18,7,3,0,1,0,0,0,0,1,1,6,1,16,4,-1,-1,-1,-1,5,1,E01018853,0
Unvalidated,2024501397148,2024,501397148,1,9,0,18,3,8,0,0,2,0,0,0,3,1,2,1,74,10,-1,-1,-1,-1,5,3,E01020308,0
Unvalidated,2024501397240,2024,501397240,1,9,0,18,4,8,0,1,2,0,0,0,4,1,2,1,34,6,-1,-1,-1,-1,5,3,E01018921,0
Unvalidated,2024501397246,2024,501397246,1,9,0,3,5,1,0,0,0,4,0,0,1,1,6,3,-1,-1,-1,-1,-1,-1,-1,-1,-1,0
Unvalidated,2024501397246,2024,501397246,2,9,0,2,5,5,0,0,0,0,0,0,4,1,3,2,27,6,-1,-1,-1,-1,3,1,E01015041,0
Unvalidated,2024501397298,2024,501397298,1,9,0,18,7,7,0,6,0,0,0,0,1,1,6,2,68,10,-1,-1,-1,-1,3,1,E01015061,0
Unvalidated,2024501397298,2024,501397298,2,9,0,18,1,1,0,1,0,0,0,0,1,1,5,1,77,11,-1,-1,-1,-1,2,1,E01015156,0
Unvalidated,2024501397362,2024,501397362,1,19,0,6,7,4,8,0,0,0,0,0,2,1,6,1,79,11,-1,-1,-1,-1,9,1,E01019958,0
Unvalidated,2024501397362,2024,501397362,2,9,0,12,7,3,0,0,0,0,0,0,1,1,6,2,28,6,-1,-1,-1,-1,5,3,E01020506,0
Unvalidated,2024501397376,2024,501397376,1,9,0,18,2,6,0,0,1,0,0,0,4,1,6,1,73,10,-1,-1,-1,-1,4,3,E01019007,0
Unvalidated,2024501397376,2024,501397376,2,90,0,13,2,6,0,0,5,0,0,0,3,1,6,2,10,2,-1,-1,-1,-1,4,3,E01019007,0
Unvalidated,2024501397379,2024,501397379,1,9,0,5,5,1,0,0,0,0,0,0,1,1,2,2,23,5,-1,-1,-1,-1,8,1,E01015098,0
Unvalidated,2024501397379,2024,501397379,2,9,0,3,5,1,0,0,0,0,0,0,2,1,6,1,63,9,-1,-1,-1,-1,3,1,E01015032,0
Unvalidated,2024501397379,2024,501397379,3,9,0,3,5,1,0,0,0,0,0,0,2,1,5,2,45,7,-1,-1,-1,-1,2,1,E01015026,0
Unvalidated,2024501397386,2024,501397386,1,9,0,4,3,8,0,0,0,0,0,0,3,1,5,2,71,10,-1,-1,-1,-1,5,3,E01020278,0
Unvalidated,2024501397386,2024,501397386,2,19,0,4,7,3,0,0,1,0,0,0,3,1,1,1,21,5,-1,-1,-1,-1,4,1,E01020279,0
Unvalidated,2024501397403,2024,501397403,1,9,0,18,6,1,0,0,0,0,0,0,1,1,6,1,25,5,-1,-1,-1,-1,3,1,E01002554,0
Unvalidated,2024501397403,2024,501397403,2,9,0,18,1,6,0,0,0,0,0,0,4,1,6,1,68,10,-1,-1,-1,-1,6,2,E01020276,0
Unvalidated,2024501397403,2024,501397403,3,9,0,18,6,1,0,0,0,0,0,0,3,1,6,2,31,6,-1,-1,-1,-1,4,3,E01020322,0
Unvalidated,2024501397478,2024,501397478,1,9,0,18,3,5,0,1,1,0,0,0,1,1,1,1,17,4,-1,-1,-1,-1,3,3,E01020286,0
Unvalidated,2024501397688,2024,501397688,1,9,0,9,2,8,0,8,0,0,7,0,3,1,6,2,80,11,-1,-1,-1,-1,6,2,E01020221,0
Unvalidated,2024501397688,2024,501397688,2,9,0,18,8,4,0,8,0,0,0,0,4,1,6,2,71,10,-1,-1,-1,-1,9,1,E01019907,0
Unvalidated,2024501397720,2024,501397720,1,9,0,17,7,8,0,0,0,0,1,10,4,1,5,1,86,11,-1,-1,-1,-1,3,1,E01020502,0
Unvalidated,2024501397771,2024,501397771,1,9,0,18,2,5,0,0,1,0,0,0,4,1,3,2,38,7,-1,-1,-1,-1,7,3,E01020109,0
Unvalidated,2024501397771,2024,501397771,2,9,0,4,6,3,0,0,0,0,0,0,3,1,2,1,59,9,-1,-1,-1,-1,8,3,E01020110,0
Unvalidated,2024501397773,2024,501397773,1,9,0,12,5,1,0,1,1,0,0,0,1,1,6,1,22,5,-1,-1,-1,-1,5,1,E01032657,0
Unvalidated,2024501397773,2024,501397773,2,9,0,18,1,3,0,1,1,0,0,0,1,1,6,2,32,6,-1,-1,-1,-1,4,3,E01018754,0
Unvalidated,2024501397777,2024,501397777,1,2,0,17,5,4,0,0,1,0,0,0,4,1,5,1,17,4,-1,-1,-1,-1,1,1,E01015087,0
Unvalidated,2024501397954,2024,501397954,1,9,0,5,1,2,0,8,0,0,0,0,3,1,5,1,33,6,-1,-1,-1,-1,8,1,E01020504,0
Unvalidated,2024501397954,2024,501397954,2,9,0,9,4,2,0,8,0,0,0,0,1,1,5,2,26,6,-1,-1,-1,-1,6,1,E01002875,0
Unvalidated,2024501398007,2024,501398007,1,9,0,5,3,6,0,2,0,10,7,10,1,1,5,2,80,11,-1,-1,-1,-1,3,2,E01018982,0
Unvalidated,2024501398007,2024,501398007,2,9,0,2,0,0,0,2,0,0,0,0,2,1,6,3,-1,-1,-1,-1,-1,-1,-1,-1,-1,0
Unvalidated,2024501398007,2024,501398007,3,9,0,2,0,0,0,2,0,0,0,0,2,1,6,3,-1,-1,-1,-1,-1,-1,-1,-1,-1,0
Unvalidated,2024501398061,2024,501398061,1,9,0,18,6,2,0,0,5,0,0,0,4,1,5,1,37,7,-1,-1,-1,-1,7,1,E01018899,0
Unvalidated,2024501398061,2024,501398061,2,19,0,18,2,6,0,0,0,0,0,0,1,1,5,1,76,11,-1,-1,-1,-1,3,3,E01020286,0
Unvalidated,2024501398070,2024,501398070,1,21,0,18,2,6,0,0,0,0,0,0,0,1,6,3,-1,-1,-1,-1,-1,-1,-1,-1,-1,0
Unvalidated,2024501398070,2024,501398070,2,9,0,18,7,3,0,0,2,0,8,0,1,1,5,2,39,7,-1,-1,-1,-1,4,3,E01018951,0
Unvalidated,2024501398080,2024,501398080,1,9,0,18,3,7,0,0,5,0,7,9,1,1,5,1,71,10,-1,-1,-1,-1,5,3,E01020308,0
Unvalidated,2024501398151,2024,501398151,1,9,0,18,1,5,0,0,0,0,0,0,1,1,6,1,41,7,-1,-1,-1,-1,3,3,E01020323,0
Unvalidated,2024501398151,2024,501398151,2,19,0,2,1,5,0,0,0,0,0,0,2,1,1,1,58,9,-1,-1,-1,-1,8,1,E01015111,0
Unvalidated,2024501398164,2024,501398164,1,9,0,4,4,8,0,1,0,0,0,0,2,1,6,2,53,8,-1,-1,-1,-1,1,1,E01020015,0
Unvalidated,2024501398164,2024,501398164,2,9,0,4,4,7,0,1,0,0,0,0,1,1,6,1,21,5,-1,-1,-1,-1,-1,-1,-1,0
Unvalidated,2024501398209,2024,501398209,1,9,0,17,5,7,0,0,0,0,0,0,4,1,5,2,30,6,-1,-1,-1,-1,-1,-1,-1,0
Unvalidated,2024501398209,2024,501398209,2,9,0,16,1,5,0,0,0,0,0,0,3,1,5,2,30,6,-1,-1,-1,-1,4,1,E01028809,0
Unvalidated,2024501398231,2024,501398231,1,9,0,18,1,5,0,0,1,11,1,10,4,1,5,2,19,4,-1,-1,-1,-1,9,1,E01020038,0
Unvalidated,2024501398241,2024,501398241,1,9,0,18,2,3,0,1,0,0,0,0,1,1,5,1,84,11,-1,-1,-1,-1,7,1,E01019977,0
Unvalidated,2024501398241,2024,501398241,2,9,0,4,4,3,0,1,0,0,0,0,4,1,5,2,47,8,-1,-1,-1,-1,10,1,E01020004,0
Unvalidated,2024501398263,2024,501398263,1,9,0,4,3,7,0,0,0,0,0,0,2,1,5,2,85,11,-1,-1,-1,-1,6,1,E01019003,0
Unvalidated,2024501398263,2024,501398263,2,8,0,18,3,7,0,0,0,0,0,0,1,1,1,1,37,7,-1,-1,-1,-1,3,3,E01018815,0
Unvalidated,2024501398271,2024,501398271,1,9,0,1,6,2,0,0,0,0,0,0,1,1,6,1,70,10,-1,-1,-1,-1,4,3,E01018876,0
Unvalidated,2024501398287,2024,501398287,1,9,0,18,7,3,0,2,0,0,0,0,1,1,1,1,87,11,-1,-1,-1,-1,9,2,E01019946,0
Unvalidated,2024501398287,2024,501398287,2,9,0,18,3,7,0,1,0,0,0,0,1,1,1,1,61,9,-1,-1,-1,-1,4,3,E01020097,0