status,collision_index,collision_year,collision_reference,vehicle_reference,vehicle_type,towing_and_articulation,vehicle_manoeuvre,vehicle_direction_from,vehicle_direction_to,vehicle_location_restricted_lane,junction_location,skidding_and_overturning,hit_object_in_carriageway,vehicle_leaving_carriageway,hit_object_off_carriageway,first_point_of_impact,vehicle_left_hand_drive,journey_purpose_of_driver,sex_of_driver,age_of_driver,age_band_of_driver,engine_capacity_cc,propulsion_code,age_of_vehicle,generic_make_model,driver_imd_decile,driver_home_area_type,lsoa_of_driver,escooter_flag
Unvalidated,2024501398417,2024,501398417,1,9,0,4,2,6,0,1,1,0,0,0,0,1,1,2,35,6,-1,-1,-1,-1,6,2,E01020160,0
Unvalidated,2024501398417,2024,501398417,2,16,0,9,6,3,0,8,5,0,0,0,0,1,6,1,34,6,-1,-1,-1,-1,8,3,E01020261,0
Unvalidated,2024501398519,2024,501398519,1,9,0,18,8,3,0,0,0,0,0,0,1,1,5,1,39,7,-1,-1,-1,-1,5,3,E01018923,0
Unvalidated,2024501398519,2024,501398519,2,9,0,18,4,8,0,0,1,0,0,0,1,1,5,1,18,4,-1,-1,-1,-1,4,3,E01018926,0
Unvalidated,2024501398774,2024,501398774,1,9,0,9,2,6,0,1,0,0,0,0,1,1,6,1,70,10,-1,-1,-1,-1,4,3,E01020290,0
Unvalidated,2024501398774,2024,501398774,2,9,0,18,7,3,0,1,0,0,0,0,1,1,6,1,59,9,-1,-1,-1,-1,3,3,E01020286,0
Unvalidated,2024501398925,2024,501398925,1,19,0,18,8,5,0,0,0,0,0,0,4,1,6,1,42,7,-1,-1,-1,-1,1,1,E01015078,0
Unvalidated,2024501399011,2024,501399011,1,9,0,18,7,3,0,1,0,0,3,11,1,1,6,2,42,7,-1,-1,-1,-1,-1,-1,-1,0
Unvalidated,2024501399011,2024,501399011,2,9,0,7,6,8,0,8,0,0,3,11,4,1,6,1,73,10,-1,-1,-1,-1,10,1,E01019957,0
Unvalidated,2024501399041,2024,501399041,1,9,0,18,3,6,0,8,0,0,0,0,1,1,2,2,41,7,-1,-1,-1,-1,5,2,E01018947,0
Unvalidated,2024501399041,2024,501399041,2,9,0,9,5,3,0,8,0,0,0,0,1,1,5,2,73,10,-1,-1,-1,-1,4,3,E01018965,0
Unvalidated,2024501399073,2024,501399073,1,9,0,18,3,7,0,0,0,0,0,0,1,1,1,1,52,8,-1,-1,-1,-1,4,3,E01020322,0
Unvalidated,2024501399073,2024,501399073,2,19,0,4,3,7,0,0,0,0,0,0,2,1,1,1,24,5,-1,-1,-1,-1,3,1,E01016475,0
Unvalidated,2024501399199,2024,501399199,1,9,0,18,6,2,0,0,0,0,0,0,3,1,1,1,24,5,-1,-1,-1,-1,5,1,E01015215,0
Unvalidated,2024501399199,2024,501399199,2,21,0,11,6,2,0,0,0,0,0,0,4,1,1,1,48,8,-1,-1,-1,-1,-1,-1,-1,0
Unvalidated,2024501399205,2024,501399205,1,9,0,18,7,3,0,0,0,0,0,0,1,1,6,1,38,7,-1,-1,-1,-1,-1,-1,-1,0
Unvalidated,2024501399205,2024,501399205,2,9,0,18,2,6,0,0,0,0,0,0,1,1,6,2,64,9,-1,-1,-1,-1,5,1,E01018837,0
Unvalidated,2024501399231,2024,501399231,1,9,0,18,3,7,0,0,0,0,0,0,1,1,6,1,24,5,-1,-1,-1,-1,4,3,E01018924,0
Unvalidated,2024501399378,2024,501399378,1,9,0,9,1,6,0,1,0,0,0,0,0,1,6,1,82,11,-1,-1,-1,-1,10,2,E01020203,0
Unvalidated,2024501399671,2024,501399671,1,9,0,15,7,3,0,0,0,4,0,0,4,1,2,2,36,7,-1,-1,-1,-1,7,1,E01018789,0
Unvalidated,2024501399671,2024,501399671,2,9,0,2,0,0,0,0,0,4,0,0,2,1,6,1,61,9,-1,-1,-1,-1,4,1,E01015069,0
Unvalidated,2024501399671,2024,501399671,3,9,0,2,0,0,0,0,0,0,0,0,2,1,6,1,40,7,-1,-1,-1,-1,4,1,E01015069,0
Unvalidated,2024501399701,2024,501399701,1,9,0,13,4,7,0,0,0,0,0,0,3,1,6,2,60,9,-1,-1,-1,-1,7,1,E01018807,0
Unvalidated,2024501399701,2024,501399701,2,9,0,18,4,7,0,0,0,0,0,0,1,1,6,1,24,5,-1,-1,-1,-1,7,3,E01018901,0
Unvalidated,2024501399717,2024,501399717,1,9,0,18,5,1,0,8,0,0,0,0,1,1,2,1,47,8,-1,-1,-1,-1,5,1,E01020283,0
Unvalidated,2024501399733,2024,501399733,1,9,0,18,3,6,0,0,5,10,7,11,3,1,5,1,65,9,-1,-1,-1,-1,5,3,E01018904,0
Unvalidated,2024501400074,2024,501400074,1,9,0,4,7,3,0,0,0,0,0,0,2,1,5,1,41,7,-1,-1,-1,-1,-1,-1,-1,0
Unvalidated,2024501400074,2024,501400074,2,19,0,4,7,3,0,0,0,0,0,0,1,1,1,1,36,7,-1,-1,-1,-1,4,1,E01020310,0
Unvalidated,2024501400084,2024,501400084,1,19,0,18,2,6,0,0,0,0,0,0,4,1,6,1,48,8,-1,-1,-1,-1,7,2,E01020064,0
Unvalidated,2024501400084,2024,501400084,2,1,0,18,2,6,0,0,0,0,0,0,2,1,6,2,66,10,-1,-1,-1,-1,6,3,E01020063,0
Unvalidated,2024501400115,2024,501400115,1,9,0,9,7,5,0,6,0,0,1,0,3,1,2,2,62,9,-1,-1,-1,-1,8,1,E01015165,0
Unvalidated,2024501400115,2024,501400115,2,19,0,17,5,1,0,8,0,0,7,0,1,1,2,1,23,5,-1,-1,-1,-1,6,1,E01020335,0
Unvalidated,2024501400123,2024,501400123,1,9,0,18,1,5,0,0,0,0,0,0,1,1,5,2,18,4,-1,-1,-1,-1,2,1,E01020103,0
Unvalidated,2024501400123,2024,501400123,2,9,0,2,1,4,0,0,0,0,1,0,2,1,1,2,37,7,-1,-1,-1,-1,5,3,E01020122,0
Unvalidated,2024501400161,2024,501400161,1,9,0,18,6,4,0,0,0,0,0,0,2,1,6,2,34,6,-1,-1,-1,-1,5,3,E01018900,0
Unvalidated,2024501400161,2024,501400161,2,1,0,18,5,3,0,0,0,0,0,0,1,1,6,1,57,9,-1,-1,-1,-1,2,1,E01018860,0
Unvalidated,2024501400295,2024,501400295,1,9,0,18,8,3,0,0,5,0,0,0,4,1,1,2,44,7,-1,-1,-1,-1,5,2,E01018936,0
Unvalidated,2024501400310,2024,501400310,1,11,0,18,5,5,0,0,0,0,0,0,4,1,1,1,60,9,-1,-1,-1,-1,2,1,E01015082,0
Unvalidated,2024501400311,2024,501400311,1,9,0,14,2,6,0,0,0,0,0,0,1,1,3,1,79,11,-1,-1,-1,-1,2,3,E01020216,0
Unvalidated,2024501400342,2024,501400342,1,9,0,9,7,5,0,8,0,0,0,0,3,1,6,2,35,6,-1,-1,-1,-1,6,2,E01018750,0
Unvalidated,2024501400342,2024,501400342,2,9,0,18,3,7,0,8,0,0,0,0,4,1,6,1,78,11,-1,-1,-1,-1,5,1,E01015070,0
Unvalidated,2024501400411,2024,501400411,1,9,0,7,3,8,0,3,0,0,0,0,1,1,5,1,75,10,-1,-1,-1,-1,4,3,E01020138,0
Unvalidated,2024501400411,2024,501400411,2,21,1,5,5,1,0,4,0,0,0,0,1,1,1,1,53,8,-1,-1,-1,-1,8,1,E01015114,0
Unvalidated,2024501400514,2024,501400514,1,9,0,18,6,2,0,0,1,0,0,0,1,1,6,2,62,9,-1,-1,-1,-1,5,3,E01018992,0
Unvalidated,2024501400514,2024,501400514,2,9,0,18,2,6,0,0,1,0,0,0,1,1,6,2,30,6,-1,-1,-1,-1,4,1,E01018994,0
Unvalidated,2024501400516,2024,501400516,1,9,0,18,6,2,0,0,0,0,0,0,1,1,5,2,79,11,-1,-1,-1,-1,9,1,E01019907,0
Unvalidated,2024501400516,2024,501400516,2,9,0,18,2,6,0,0,0,0,7,0,1,1,5,1,85,11,-1,-1,-1,-1,9,2,E01033235,0
Unvalidated,2024501400679,2024,501400679,1,19,0,9,5,2,0,1,0,0,0,0,4,1,2,1,34,6,-1,-1,-1,-1,6,2,E01020033,0
Unvalidated,2024501400679,2024,501400679,2,4,0,18,1,5,0,1,1,0,0,0,1,1,6,1,19,4,-1,-1,-1,-1,6,3,E01019903,0
Unvalidated,2024501400693,2024,501400693,1,9,0,18,1,5,0,0,0,0,0,0,3,1,2,1,34,6,-1,-1,-1,-1,8,1,E01006224,0
Unvalidated,2024501400738,2024,501400738,1,3,0,18,5,1,0,1,1,0,0,0,1,1,6,2,20,4,-1,-1,-1,-1,1,1,E01015030,0
Unvalidated,2024501400738,2024,501400738,2,9,0,18,8,4,0,1,0,0,0,0,1,1,6,1,38,7,-1,-1,-1,-1,9,1,E01015105,0
Unvalidated,2024501400819,2024,501400819,1,9,0,18,1,5,9,0,2,0,1,10,3,1,5,1,17,4,-1,-1,-1,-1,6,1,E01020338,0
Unvalidated,2024501400861,2024,501400861,1,9,0,16,7,7,0,0,0,11,0,0,1,1,6,1,19,4,-1,-1,-1,-1,2,1,E01015157,0
Unvalidated,2024501400927,2024,501400927,1,9,0,18,5,3,0,0,0,0,0,0,3,1,6,1,62,9,-1,-1,-1,-1,7,3,E01020258,0
Unvalidated,2024501400990,2024,501400990,1,9,0,9,7,3,0,8,0,0,0,0,1,1,5,1,38,7,-1,-1,-1,-1,2,1,E01015181,0
Unvalidated,2024501401062,2024,501401062,1,9,0,18,7,3,0,0,1,0,0,0,1,1,5,2,20,4,-1,-1,-1,-1,7,1,E01014075,0
Unvalidated,2024501401062,2024,501401062,2,9,0,18,4,7,0,0,0,0,0,0,1,1,5,2,43,7,-1,-1,-1,-1,5,3,E01033291,0
Unvalidated,2024501401282,2024,501401282,1,9,0,9,8,6,0,5,0,0,0,0,1,1,5,1,27,6,-1,-1,-1,-1,7,1,E01018883,0
Unvalidated,2024501401282,2024,501401282,2,1,0,3,6,8,0,1,5,0,0,0,1,1,6,1,66,10,-1,-1,-1,-1,8,1,E01018886,0
Unvalidated,2024501401401,2024,501401401,1,20,0,18,8,4,0,1,0,0,0,0,1,1,2,1,21,5,-1,-1,-1,-1,5,3,E01018903,0
Unvalidated,2024501401401,2024,501401401,2,9,0,3,8,4,0,1,0,0,0,0,2,1,5,1,39,7,-1,-1,-1,-1,-1,2,-1,0
Unvalidated,2024501401401,2024,501401401,3,9,0,10,8,6,0,1,0,0,0,0,2,1,6,3,-1,-1,-1,-1,-1,-1,-1,-1,-1,0
Unvalidated,2024501401415,2024,501401415,1,4,0,13,6,2,0,0,1,0,0,0,3,1,2,1,19,4,-1,-1,-1,-1,5,2,E01018768,0
Unvalidated,2024501401415,2024,501401415,2,9,0,18,2,6,0,0,0,0,0,0,3,1,6,2,49,8,-1,-1,-1,-1,4,3,E01018758,0
Unvalidated,2024501401415,2024,501401415,3,9,0,18,2,6,0,0,0,0,0,0,1,1,6,1,65,9,-1,-1,-1,-1,4,2,E01018783,0
Unvalidated,2024501401415,2024,501401415,4,19,0,18,6,2,0,0,0,0,0,0,3,1,2,1,34,6,-1,-1,-1,-1,3,2,E01018769,0
Unvalidated,2024501401562,2024,501401562,1,9,0,13,1,5,0,0,0,0,0,0,3,1,6,1,62,9,-1,-1,-1,-1,2,1,E01018865,0
Unvalidated,2024501401562,2024,501401562,2,1,0,18,1,5,0,0,0,0,0,0,3,1,2,1,61,9,-1,-1,-1,-1,4,1,E01018871,0
Unvalidated,2024501401621,2024,501401621,1,19,0,7,4,6,0,8,0,0,0,0,1,1,1,1,24,5,-1,-1,-1,-1,2,3,E01015190,0
Unvalidated,2024501401621,2024,501401621,2,1,0,18,2,6,0,8,5,0,0,0,2,1,6,1,65,9,-1,-1,-1,-1,3,1,E01015228,0
Unvalidated,2024501401808,2024,501401808,1,9,0,18,7,3,0,1,0,0,0,0,2,1,6,1,54,8,-1,-1,-1,-1,2,1,E01015156,0
Unvalidated,2024501401808,2024,501401808,2,9,0,18,7,3,0,1,0,0,0,0,1,1,1,1,53,8,-1,-1,-1,-1,1,1,E01032658,0
Unvalidated,2024501401808,2024,501401808,3,11,0,2,0,0,0,1,0,0,0,0,3,1,1,1,51,8,-1,-1,-1,-1,4,2,E01018758,0
Unvalidated,2024501401841,2024,501401841,1,9,0,9,8,5,0,8,0,0,0,0,3,1,6,1,54,8,-1,-1,-1,-1,2,1,E01015210,0
Unvalidated,2024501401985,2024,501401985,1,9,-1,18,1,5,0,8,0,0,0,0,1,1,6,1,-1,-1,-1,-1,-1,-1,-1,-1,-1,0
Unvalidated,2024501401985,2024,501401985,2,9,0,10,1,7,0,8,0,0,0,0,2,1,5,1,67,10,-1,-1,-1,-1,1,1,E01015182,0
Unvalidated,2024501402195,2024,501402195,1,9,0,1,7,6,0,2,0,0,0,0,2,1,6,1,53,8,-1,-1,-1,-1,7,2,E01020318,0
Unvalidated,2024501402248,2024,501402248,1,9,0,17,3,8,0,0,1,0,0,0,3,1,5,2,64,9,-1,-1,-1,-1,4,3,E01018925,0
Unvalidated,2024501402248,2024,501402248,2,19,0,16,7,3,0,0,1,0,0,0,3,1,1,1,27,6,-1,-1,-1,-1,2,1,E01015171,0
Unvalidated,2024501402251,2024,501402251,1,9,0,18,5,1,0,2,0,0,0,0,2,1,5,1,55,8,-1,-1,-1,-1,6,3,E01019011,0
Unvalidated,2024501402256,2024,501402256,1,9,0,3,8,3,0,4,0,0,0,0,1,1,6,2,32,6,-1,-1,-1,-1,4,1,E01019927,0
Unvalidated,2024501402256,2024,501402256,2,9,0,4,8,3,0,4,0,0,0,0,2,1,6,2,42,7,-1,-1,-1,-1,7,2,E01032628,0
Unvalidated,2024501402367,2024,501402367,1,9,0,18,1,5,0,1,0,4,0,0,1,1,1,1,44,7,-1,-1,-1,-1,3,1,E01019922,0
Unvalidated,2024501402367,2024,501402367,2,9,0,3,1,5,0,1,0,4,0,0,2,1,1,1,57,9,-1,-1,-1,-1,8,1,E01020003,0
Unvalidated,2024501402367,2024,501402367,3,9,0,4,1,5,0,1,0,4,0,0,2,1,1,1,48,8,-1,-1,-1,-1,7,1,E01019973,0
Unvalidated,2024501402625,2024,501402625,1,21,0,18,8,4,0,0,0,0,0,0,4,1,1,1,36,7,-1,-1,-1,-1,3,1,E01015159,0
Unvalidated,2024501402625,2024,501402625,2,9,0,11,8,4,0,0,0,0,0,0,4,1,6,2,36,7,-1,-1,-1,-1,9,1,E01020163,0
Unvalidated,2024501402653,2024,501402653,1,9,0,4,3,7,0,1,0,0,0,0,2,1,5,1,80,11,-1,-1,-1,-1,6,3,E01020263,0
Unvalidated,2024501402653,2024,501402653,2,9,0,4,3,7,0,1,0,0,0,0,2,1,5,1,53,8,-1,-1,-1,-1,3,1,E01019991,0
Unvalidated,2024501402662,2024,501402662,1,9,0,6,4,1,0,0,0,0,0,0,3,1,6,1,22,5,-1,-1,-1,-1,5,2,E01020342,0
Unvalidated,2024501402662,2024,501402662,2,5,0,14,4,1,0,0,0,0,0,0,1,1,6,1,38,7,-1,-1,-1,-1,6,1,E01020335,0
Unvalidated,2024501402672,2024,501402672,1,9,0,3,3,7,0,0,0,0,0,0,1,1,6,2,59,9,-1,-1,-1,-1,1,1,E01018841,0
Unvalidated,2024501402672,2024,501402672,2,9,0,3,3,7,0,0,0,0,0,0,2,1,6,2,44,7,-1,-1,-1,-1,6,3,E01019893,0
Unvalidated,2024501402717,2024,501402717,1,9,0,18,4,1,0,0,5,0,7,10,3,1,6,1,54,8,-1,-1,-1,-1,7,3,E01019960,0
Unvalidated,2024501402726,2024,501402726,1,9,0,17,7,4,0,0,1,0,1,4,1,1,1,2,20,4,-1,-1,-1,-1,8,1,E01020251,0
Unvalidated,2024501402965,2024,501402965,1,9,0,18,7,2,0,0,1,0,2,10,4,1,5,1,68,10,-1,-1,-1,-1,9,2,E01020173,0
Unvalidated,2024501402965,2024,501402965,2,9,0,18,2,5,0,0,1,0,0,0,4,1,5,1,39,7,-1,-1,-1,-1,-1,-1,-1,0
Unvalidated,2024501403032,2024,501403032,1,19,0,1,1,5,0,0,0,0,0,0,2,1,1,1,42,7,-1,-1,-1,-1,4,2,E01019037,0
Unvalidated,2024501403097,2024,501403097,1,19,0,17,6,3,0,0,0,0,0,0,3,1,5,2,66,10,-1,-1,-1,-1,6,1,E01020025,0
Unvalidated,2024501403097,2024,501403097,2,9,0,18,3,7,0,0,0,0,0,0,1,1,5,1,50,8,-1,-1,-1,-1,4,3,E01020321,0
Unvalidated,2024501403118,2024,501403118,1,3,0,18,5,1,0,0,1,0,0,0,3,1,2,1,42,7,-1,-1,-1,-1,4,1,E01020065,0
Unvalidated,2024501403345,2024,501403345,1,9,0,9,8,4,0,0,0,0,0,0,1,1,5,1,19,4,-1,-1,-1,-1,6,2,E01020033,0
Unvalidated,2024501403345,2024,501403345,2,9,0,18,4,8,0,0,0,0,0,0,1,1,5,1,59,9,-1,-1,-1,-1,4,1,E01020012,0
Unvalidated,2024501403388,2024,501403388,1,3,0,5,2,6,0,6,0,0,0,0,1,1,1,1,32,6,-1,-1,-1,-1,1,1,E01015214,0
Unvalidated,2024501403388,2024,501403388,2,9,0,18,4,8,0,8,0,0,0,0,3,1,5,1,32,6,-1,-1,-1,-1,5,1,E01015215,0
Unvalidated,2024501403395,2024,501403395,1,9,0,17,7,5,0,1,1,0,1,9,1,1,6,1,25,5,-1,-1,-1,-1,3,1,E01020095,0
Unvalidated,2024501403412,2024,501403412,1,9,0,18,1,5,0,0,2,0,1,11,1,1,5,2,17,4,-1,-1,-1,-1,8,3,E01029194,0
Unvalidated,2024501403462,2024,501403462,1,5,0,18,6,5,0,1,0,0,0,0,0,1,5,1,69,10,-1,-1,-1,-1,3,1,E01020078,0
Unvalidated,2024501403515,2024,501403515,1,9,0,5,5,1,0,6,0,0,0,0,1,1,5,1,74,10,-1,-1,-1,-1,3,1,E01020285,0
Unvalidated,2024501403515,2024,501403515,2,3,0,18,3,7,0,1,5,0,0,0,1,1,6,1,17,4,-1,-1,-1,-1,3,1,E01020282,0
Unvalidated,2024501403566,2024,501403566,1,9,0,17,4,7,0,0,2,0,1,4,1,1,6,1,24,5,-1,-1,-1,-1,4,1,E01015031,0
Unvalidated,2024501403602,2024,501403602,1,19,0,17,5,1,0,0,1,0,1,4,1,1,6,3,-1,-1,-1,-1,-1,-1,-1,-1,-1,0
Unvalidated,2024501403602,2024,501403602,2,9,0,17,5,1,0,0,0,0,1,4,3,1,6,1,61,9,-1,-1,-1,-1,2,1,E01015055,0
Unvalidated,2024501403745,2024,501403745,1,9,0,18,3,4,9,8,0,0,0,0,4,1,6,2,53,8,-1,-1,-1,-1,1,1,E01015146,0
Unvalidated,2024501403882,2024,501403882,1,19,0,4,2,6,0,0,1,0,0,0,1,1,1,1,42,7,-1,-1,-1,-1,1,1,E01015144,0
Unvalidated,2024501403882,2024,501403882,2,9,0,3,3,6,0,0,0,0,1,11,2,1,6,2,25,5,-1,-1,-1,-1,1,1,E01015057,0
Unvalidated,2024501403882,2024,501403882,3,9,0,18,7,3,0,0,0,0,1,11,1,1,6,1,48,8,-1,-1,-1,-1,3,2,E01018769,0
Unvalidated,2024501403920,2024,501403920,1,9,0,1,3,1,0,0,0,0,0,0,2,1,6,2,-1,-1,-1,-1,-1,-1,-1,-1,-1,0
Unvalidated,2024501404024,2024,501404024,1,9,0,9,5,1,0,6,0,0,0,0,3,1,5,1,41,7,-1,-1,-1,-1,6,1,E01014505,0
Unvalidated,2024501404024,2024,501404024,2,9,0,18,1,3,0,1,0,0,0,0,4,1,5,1,41,7,-1,-1,-1,-1,5,3,E01018765,0
Unvalidated,2024501404086,2024,501404086,1,9,0,18,1,5,0,0,0,0,0,0,1,1,5,2,20,4,-1,-1,-1,-1,4,3,E01018861,0
Unvalidated,2024501404086,2024,501404086,2,9,0,4,5,1,0,0,0,0,0,0,3,1,5,1,68,10,-1,-1,-1,-1,4,3,E01018863,0
Unvalidated,2024501404224,2024,501404224,1,9,0,13,4,8,0,0,2,0,0,0,4,1,1,1,60,9,-1,-1,-1,-1,5,2,E01020177,0
Unvalidated,2024501404224,2024,501404224,2,9,0,18,4,8,0,0,0,0,0,0,3,1,6,1,52,8,-1,-1,-1,-1,7,2,E01020318,0
Unvalidated,2024501404300,2024,501404300,1,9,0,18,4,1,0,0,0,0,0,0,1,1,6,2,44,7,-1,-1,-1,-1,5,3,E01019066,0
Unvalidated,2024501404417,2024,501404417,1,19,0,3,2,6,0,0,0,0,0,0,1,1,1,1,23,5,-1,-1,-1,-1,-1,-1,-1,0
Unvalidated,2024501404417,2024,501404417,2,9,0,3,3,6,0,0,0,0,0,0,2,1,6,2,43,7,-1,-1,-1,-1,5,3,E01018943,0
Unvalidated,2024501404492,2024,501404492,1,8,0,18,8,1,0,0,0,0,0,0,2,1,6,1,69,10,-1,-1,-1,-1,5,1,E01015221,0
Unvalidated,2024501404492,2024,501404492,2,3,0,18,5,2,0,0,1,0,0,0,1,1,6,1,52,8,-1,-1,-1,-1,1,1,E01015256,0
Unvalidated,2024501404494,2024,501404494,1,9,0,5,7,3,0,0,1,0,0,0,3,1,6,1,27,6,-1,-1,-1,-1,4,2,E01020293,0
Unvalidated,2024501404523,2024,501404523,1,9,0,9,1,7,0,0,0,0,0,0,1,1,2,1,51,8,-1,-1,-1,-1,5,2,E01018981,0
Unvalidated,2024501404523,2024,501404523,2,5,0,14,7,3,0,0,0,10,0,0,4,1,2,1,33,6,-1,-1,-1,-1,4,3,E01018829,0
Unvalidated,2024501404539,2024,501404539,1,9,0,18,8,4,0,0,0,0,0,0,3,1,3,2,45,7,-1,-1,-1,-1,8,1,E01018855,0
Unvalidated,2024501404557,2024,501404557,1,8,0,18,8,4,0,0,0,0,0,0,1,1,1,2,51,8,-1,-1,-1,-1,5,1,E01018839,0
Unvalidated,2024501404557,2024,501404557,2,5,0,4,8,4,0,0,5,0,0,0,2,1,6,1,57,9,-1,-1,-1,-1,5,1,E01018834,0
Unvalidated,2024501404557,2024,501404557,3,9,0,4,8,4,0,0,0,0,0,0,2,1,6,2,67,10,-1,-1,-1,-1,4,3,E01018922,0
Unvalidated,2024501404606,2024,501404606,1,3,0,18,3,7,0,1,1,0,0,0,0,1,6,1,19,4,-1,-1,-1,-1,1,1,E01015149,0
Unvalidated,2024501404612,2024,501404612,1,9,0,17,4,1,0,0,1,0,7,11,3,1,5,2,22,5,-1,-1,-1,-1,7,3,E01020150,0
Unvalidated,2024501404659,2024,501404659,1,9,0,18,3,6,0,0,0,0,0,0,1,1,5,1,66,10,-1,-1,-1,-1,7,3,E01018830,0
Unvalidated,2024501404659,2024,501404659,2,21,1,18,7,3,0,0,0,0,0,0,3,1,1,1,67,10,-1,-1,-1,-1,7,1,E01018934,0
Unvalidated,2024501404753,2024,501404753,1,9,0,17,2,6,0,0,1,0,7,11,4,1,2,2,34,6,-1,-1,-1,-1,4,1,E01015056,0
Unvalidated,2024501404828,2024,501404828,1,9,0,9,7,5,0,0,0,0,0,0,1,1,5,2,79,11,-1,-1,-1,-1,8,1,E01020023,0
Unvalidated,2024501404828,2024,501404828,2,1,0,5,3,5,0,0,0,0,0,0,4,1,5,2,15,3,-1,-1,-1,-1,6,3,E01020243,0
Unvalidated,2024501404917,2024,501404917,1,9,0,9,7,5,0,1,0,0,0,0,1,1,6,1,81,11,-1,-1,-1,-1,8,3,E01020251,0
Unvalidated,2024501404917,2024,501404917,2,1,0,18,1,5,0,8,5,0,0,0,1,1,6,2,41,7,-1,-1,-1,-1,6,3,E01020246,0
Unvalidated,2024501404979,2024,501404979,1,9,0,3,8,4,0,6,0,0,0,0,2,1,6,1,52,8,-1,-1,-1,-1,4,3,E01020097,0
Unvalidated,2024501404979,2024,501404979,2,9,0,3,1,4,0,6,0,0,0,0,1,1,6,1,27,6,-1,-1,-1,-1,2,1,E01020103,0
Unvalidated,2024501404979,2024,501404979,3,9,0,10,1,5,0,6,0,0,3,0,2,1,6,2,68,10,-1,-1,-1,-1,4,3,E01020097,0
Unvalidated,2024501405018,2024,501405018,1,9,0,18,3,7,0,1,0,0,0,0,1,2,5,1,66,10,-1,-1,-1,-1,1,1,E01019033,0
Unvalidated,2024501405153,2024,501405153,1,9,0,17,5,3,0,0,0,0,0,0,3,1,5,2,26,6,-1,-1,-1,-1,10,1,E01025914,0
Unvalidated,2024501405153,2024,501405153,2,9,0,16,1,5,0,0,1,0,0,0,3,1,1,2,34,6,-1,-1,-1,-1,6,2,E01020326,0
Unvalidated,2024501405207,2024,501405207,1,19,0,1,1,5,0,1,0,0,0,0,2,1,6,1,46,8,-1,-1,-1,-1,9,1,E01020038,0
Unvalidated,2024501405275,2024,501405275,1,9,0,18,5,1,0,0,0,0,0,0,4,1,6,1,55,8,-1,-1,-1,-1,8,3,E01029749,0
Unvalidated,2024501405374,2024,501405374,1,9,0,18,5,1,0,0,1,0,2,10,1,1,6,2,72,10,-1,-1,-1,-1,4,3,E01020309,0
Unvalidated,2024501405374,2024,501405374,2,9,0,18,8,4,0,0,0,0,0,0,1,1,6,2,51,8,-1,-1,-1,-1,4,3,E01020291,0
Unvalidated,2024501405479,2024,501405479,1,19,0,18,3,8,0,8,0,0,0,0,3,1,1,1,47,8,-1,-1,-1,-1,9,3,E01020038,0
Unvalidated,2024501405479,2024,501405479,2,19,0,18,1,5,0,8,0,0,0,0,1,1,1,1,46,8,-1,-1,-1,-1,4,2,E01020328,0
Unvalidated,2024501405501,2024,501405501,1,9,0,18,1,4,0,1,1,0,0,0,4,1,6,2,23,5,-1,-1,-1,-1,4,1,E01020271,0
Unvalidated,2024501405501,2024,501405501,2,9,0,18,5,1,0,1,0,0,0,0,1,1,2,2,60,9,-1,-1,-1,-1,8,1,E01019970,0
Unvalidated,2024501405570,2024,501405570,1,19,0,18,8,4,0,0,0,0,7,11,3,1,6,1,56,9,-1,-1,-1,-1,9,3,E01019939,0
Unvalidated,2024501405621,2024,501405621,1,9,0,18,4,8,0,0,0,0,0,0,3,1,5,2,66,10,-1,-1,-1,-1,7,1,E01015198,0
Unvalidated,2024501405621,2024,501405621,2,11,0,18,4,8,0,0,0,0,0,0,3,1,1,1,62,9,-1,-1,-1,-1,3,1,E01015195,0
Unvalidated,2024501405634,2024,501405634,1,9,0,18,6,2,0,0,0,0,0,0,1,1,3,1,38,7,-1,-1,-1,-1,4,3,E01019071,0
Unvalidated,2024501405725,2024,501405725,1,9,0,18,7,3,0,0,1,0,0,0,3,1,5,2,37,7,-1,-1,-1,-1,8,3,E01019898,0
Unvalidated,2024501405725,2024,501405725,2,17,4,18,3,7,0,0,0,0,0,0,3,1,1,2,31,6,-1,-1,-1,-1,5,3,E01019901,0
Unvalidated,2024501405725,2024,501405725,3,9,0,18,7,3,0,0,1,0,1,9,4,1,5,1,23,5,-1,-1,-1,-1,7,2,E01019942,0
Unvalidated,2024501405729,2024,501405729,1,3,0,9,4,8,0,8,0,0,0,0,4,1,6,1,23,5,-1,-1,-1,-1,4,2,E01029186,0
Unvalidated,2024501405729,2024,501405729,2,8,0,18,6,3,0,8,0,0,0,0,1,1,6,1,50,8,-1,-1,-1,-1,1,1,E01019995,0
Unvalidated,2024501405809,2024,501405809,1,97,0,18,1,5,0,2,1,0,4,0,2,1,6,1,18,4,-1,-1,-1,-1,6,1,E01015243,0
Unvalidated,2024501405809,2024,501405809,2,9,0,18,7,3,0,1,0,0,0,0,1,1,6,3,-1,-1,-1,-1,-1,-1,-1,-1,-1,0
Unvalidated,2024501405809,2024,501405809,3,9,0,18,3,7,0,1,0,0,0,0,0,1,1,1,25,5,-1,-1,-1,-1,-1,-1,-1,0