status,collision_index,collision_year,collision_reference,vehicle_reference,vehicle_type,towing_and_articulation,vehicle_manoeuvre,vehicle_direction_from,vehicle_direction_to,vehicle_location_restricted_lane,junction_location,skidding_and_overturning,hit_object_in_carriageway,vehicle_leaving_carriageway,hit_object_off_carriageway,first_point_of_impact,vehicle_left_hand_drive,journey_purpose_of_driver,sex_of_driver,age_of_driver,age_band_of_driver,engine_capacity_cc,propulsion_code,age_of_vehicle,generic_make_model,driver_imd_decile,driver_home_area_type,lsoa_of_driver,escooter_flag
Unvalidated,2024501405913,2024,501405913,1,3,0,14,6,2,0,1,5,0,0,0,1,1,6,2,24,5,-1,-1,-1,-1,1,1,E01015087,0
Unvalidated,2024501405913,2024,501405913,2,9,0,9,2,8,0,1,0,0,0,0,4,1,6,2,36,7,-1,-1,-1,-1,8,1,E01015097,0
Unvalidated,2024501405926,2024,501405926,1,9,0,18,6,8,0,8,0,0,0,0,4,1,2,1,22,5,-1,-1,-1,-1,8,1,E01015128,0
Unvalidated,2024501405926,2024,501405926,2,1,0,18,1,5,0,8,0,0,0,0,1,1,6,1,15,3,-1,-1,-1,-1,9,1,E01015140,0
Unvalidated,2024501405928,2024,501405928,1,9,0,9,2,6,6,0,0,0,0,0,0,1,6,1,88,11,-1,-1,-1,-1,5,3,E01019067,0
Unvalidated,2024501405928,2024,501405928,2,9,0,18,6,2,6,0,0,10,1,0,1,1,6,2,30,6,-1,-1,-1,-1,5,3,E01018849,0
Unvalidated,2024501405976,2024,501405976,1,9,0,4,4,1,9,1,0,0,0,0,1,1,6,1,42,7,-1,-1,-1,-1,-1,-1,-1,0
Unvalidated,2024501405976,2024,501405976,2,9,0,2,4,1,9,2,0,0,0,0,2,1,6,3,-1,-1,-1,-1,-1,-1,-1,-1,-1,0
Unvalidated,2024501405976,2024,501405976,3,9,0,2,4,1,6,2,0,0,0,0,2,1,6,3,-1,-1,-1,-1,-1,-1,-1,-1,-1,0
Unvalidated,2024501405976,2024,501405976,4,9,0,2,4,1,6,2,0,0,0,0,2,1,6,3,-1,-1,-1,-1,-1,-1,-1,-1,-1,0
Unvalidated,2024501405987,2024,501405987,1,2,0,9,2,7,0,3,1,0,0,0,0,1,1,1,18,4,-1,-1,-1,-1,6,1,E01020338,0
Unvalidated,2024501406146,2024,501406146,1,9,0,17,5,1,0,0,5,0,1,11,4,1,6,1,17,4,-1,-1,-1,-1,8,1,E01019930,0
Unvalidated,2024501406234,2024,501406234,1,9,0,1,3,7,0,0,0,0,0,0,2,1,6,2,23,5,-1,-1,-1,-1,7,1,E01018786,0
Unvalidated,2024501406247,2024,501406247,1,9,0,16,8,4,0,1,2,0,8,11,1,1,6,2,27,6,-1,-1,-1,-1,4,2,E01018783,0
Unvalidated,2024501406252,2024,501406252,1,9,0,18,1,4,0,0,5,0,1,10,0,1,6,1,19,4,-1,-1,-1,-1,8,3,E01020035,0
Unvalidated,2024501406260,2024,501406260,1,9,0,18,1,4,9,2,1,10,7,0,1,1,2,2,23,5,-1,-1,-1,-1,8,1,E01019913,0
Unvalidated,2024501406267,2024,501406267,1,9,0,18,5,5,0,0,1,0,0,0,1,1,2,2,32,6,-1,-1,-1,-1,3,1,E01015168,0
Unvalidated,2024501406267,2024,501406267,2,19,0,18,5,5,0,0,0,0,0,0,2,1,2,1,44,7,-1,-1,-1,-1,3,1,E01029333,0
Unvalidated,2024501406267,2024,501406267,3,9,0,18,5,5,0,0,0,0,0,0,2,1,2,1,27,6,-1,-1,-1,-1,3,1,E01015167,0
Unvalidated,2024501406280,2024,501406280,1,9,0,18,7,3,0,1,0,0,0,0,1,1,6,2,52,8,-1,-1,-1,-1,8,3,E01020171,0
Unvalidated,2024501406280,2024,501406280,2,1,0,5,1,5,0,1,5,0,0,0,3,1,4,1,10,2,-1,-1,-1,-1,2,1,E01015176,0
Unvalidated,2024501406519,2024,501406519,1,9,0,18,4,8,0,0,1,0,0,0,3,1,5,2,57,9,-1,-1,-1,-1,4,3,E01020320,0
Unvalidated,2024501406519,2024,501406519,2,9,0,4,8,4,0,0,0,0,0,0,3,1,5,1,76,11,-1,-1,-1,-1,6,3,E01020069,0
Unvalidated,2024501406583,2024,501406583,1,97,0,18,2,6,0,0,2,0,0,0,-1,1,6,3,-1,-1,-1,-1,-1,-1,-1,-1,-1,0
Unvalidated,2024501406586,2024,501406586,1,9,0,18,4,7,0,0,0,0,0,0,3,1,5,2,31,6,-1,-1,-1,-1,6,1,E01019023,0
Unvalidated,2024501406586,2024,501406586,2,9,0,18,7,3,0,0,0,0,0,0,3,1,1,1,38,7,-1,-1,-1,-1,-1,1,-1,0
Unvalidated,2024501406599,2024,501406599,1,9,0,18,2,6,0,0,0,0,0,0,1,1,6,1,19,4,-1,-1,-1,-1,3,2,E01019075,0
Unvalidated,2024501406599,2024,501406599,2,9,0,18,6,2,0,0,0,0,0,0,1,2,6,1,36,7,-1,-1,-1,-1,2,2,E01019074,0
Unvalidated,2024501406613,2024,501406613,1,9,0,9,1,5,0,8,0,0,7,0,1,1,5,1,28,6,-1,-1,-1,-1,3,1,E01018809,0
Unvalidated,2024501406613,2024,501406613,2,9,0,18,4,1,0,8,0,0,0,0,1,1,5,1,47,8,-1,-1,-1,-1,3,3,E01018873,0
Unvalidated,2024501406625,2024,501406625,1,9,0,18,4,8,0,0,2,0,0,0,4,1,5,1,18,4,-1,-1,-1,-1,1,1,E01015267,0
Unvalidated,2024501406675,2024,501406675,1,3,0,18,7,6,0,1,5,0,0,0,1,1,1,1,20,4,-1,-1,-1,-1,3,1,E01015143,0
Unvalidated,2024501406675,2024,501406675,2,9,0,10,6,4,0,1,0,0,0,0,2,1,6,2,51,8,-1,-1,-1,-1,7,1,E01015120,0
Unvalidated,2024501406715,2024,501406715,1,9,0,18,6,3,0,4,0,0,0,0,3,1,2,2,36,7,-1,-1,-1,-1,4,3,E01018944,0
Unvalidated,2024501406715,2024,501406715,2,9,0,18,5,1,0,4,0,0,0,0,1,1,2,1,53,8,-1,-1,-1,-1,9,1,E01019017,0
Unvalidated,2024501406787,2024,501406787,1,9,0,18,1,5,0,1,0,0,0,0,1,1,6,2,61,9,-1,-1,-1,-1,2,1,E01015073,0
Unvalidated,2024501406814,2024,501406814,1,9,0,10,7,5,0,8,0,0,0,0,1,1,6,2,64,9,-1,-1,-1,-1,2,1,E01020269,0
Unvalidated,2024501406814,2024,501406814,2,9,0,18,5,1,0,8,0,0,0,0,4,1,1,2,57,9,-1,-1,-1,-1,6,2,E01020204,0
Unvalidated,2024501406827,2024,501406827,1,9,0,7,1,3,0,8,0,0,0,0,1,1,6,2,69,10,-1,-1,-1,-1,-1,-1,-1,0
Unvalidated,2024501406827,2024,501406827,2,1,0,18,7,3,0,8,0,0,0,0,1,1,2,2,26,6,-1,-1,-1,-1,3,1,E01020096,0
Unvalidated,2024501406841,2024,501406841,1,9,0,18,3,1,0,0,1,11,1,0,1,1,6,1,77,11,-1,-1,-1,-1,6,3,E01019959,0
Unvalidated,2024501406886,2024,501406886,1,9,0,9,1,4,0,8,0,11,0,0,4,1,5,1,63,9,-1,-1,-1,-1,6,2,E01020202,0
Unvalidated,2024501406886,2024,501406886,2,1,0,18,5,1,0,1,0,0,0,0,1,1,6,1,20,4,-1,-1,-1,-1,10,2,E01020203,0
Unvalidated,2024501407006,2024,501407006,1,9,0,18,2,6,0,0,5,0,1,0,1,1,6,1,29,6,-1,-1,-1,-1,2,1,E01018865,0
Unvalidated,2024501407020,2024,501407020,1,9,0,13,7,5,0,0,0,0,1,11,1,1,6,1,62,9,-1,-1,-1,-1,-1,-1,-1,0
Unvalidated,2024501407020,2024,501407020,2,9,0,18,7,3,0,0,0,0,0,0,0,1,6,1,41,7,-1,-1,-1,-1,6,1,E01020516,0
Unvalidated,2024501407090,2024,501407090,1,9,0,18,8,4,0,0,0,0,0,0,2,1,2,1,28,6,-1,-1,-1,-1,6,2,E01018752,0
Unvalidated,2024501407150,2024,501407150,1,9,0,18,5,1,0,0,0,0,0,0,1,1,6,1,58,9,-1,-1,-1,-1,8,2,E01020061,0
Unvalidated,2024501407150,2024,501407150,2,9,0,10,5,3,0,0,0,0,0,0,2,1,6,1,32,6,-1,-1,-1,-1,3,1,E01020000,0
Unvalidated,2024501407155,2024,501407155,1,9,0,18,2,6,0,0,0,0,0,0,1,1,1,2,33,6,-1,-1,-1,-1,8,1,E01020023,0
Unvalidated,2024501407155,2024,501407155,2,19,0,18,2,6,0,0,0,0,0,0,1,1,1,1,26,6,-1,-1,-1,-1,3,1,E01020079,0
Unvalidated,2024501407155,2024,501407155,3,9,0,18,2,6,0,0,0,0,0,0,2,1,6,2,36,7,-1,-1,-1,-1,4,3,E01018925,0
Unvalidated,2024501407226,2024,501407226,1,9,0,9,8,6,0,1,0,0,0,0,4,1,6,1,19,4,-1,-1,-1,-1,3,1,E01020048,0
Unvalidated,2024501407226,2024,501407226,2,3,0,9,8,6,0,1,0,0,0,0,1,1,6,1,29,6,-1,-1,-1,-1,4,1,E01020032,0
Unvalidated,2024501407281,2024,501407281,1,19,-1,18,1,5,0,1,0,0,0,0,1,1,6,1,57,9,-1,-1,-1,-1,2,1,E01015158,0
Unvalidated,2024501407281,2024,501407281,2,9,0,4,1,5,0,1,0,0,0,0,2,1,6,2,39,7,-1,-1,-1,-1,1,1,E01015048,0
Unvalidated,2024501407372,2024,501407372,1,9,0,18,3,6,0,0,0,0,0,0,1,1,1,1,20,4,-1,-1,-1,-1,1,1,E01019004,0
Unvalidated,2024501407372,2024,501407372,2,9,0,4,3,6,0,0,0,0,0,0,2,1,5,2,24,5,-1,-1,-1,-1,4,1,E01018866,0
Unvalidated,2024501407372,2024,501407372,3,19,0,4,3,6,0,0,0,0,0,0,2,1,1,1,41,7,-1,-1,-1,-1,3,3,E01018990,0
Unvalidated,2024501407372,2024,501407372,4,9,0,7,3,6,-1,0,-1,-1,-1,0,0,1,6,3,-1,-1,-1,-1,-1,-1,-1,-1,-1,0
Unvalidated,2024501407383,2024,501407383,1,9,0,9,7,3,0,0,1,0,1,0,3,1,2,2,32,6,-1,-1,-1,-1,7,3,E01022274,0
Unvalidated,2024501407383,2024,501407383,2,9,0,7,3,5,0,0,1,10,1,0,3,1,6,1,30,6,-1,-1,-1,-1,4,3,E01020087,0
Unvalidated,2024501407436,2024,501407436,1,1,0,18,5,1,0,0,0,0,0,0,1,1,1,1,-1,-1,-1,-1,-1,-1,-1,-1,-1,0
Unvalidated,2024501407436,2024,501407436,2,1,0,18,5,1,0,0,0,0,0,0,1,1,1,1,-1,-1,-1,-1,-1,-1,-1,-1,-1,0
Unvalidated,2024501407506,2024,501407506,1,9,0,13,3,7,0,0,0,0,0,0,4,1,6,3,-1,-1,-1,-1,-1,-1,-1,-1,-1,0
Unvalidated,2024501407506,2024,501407506,2,1,0,18,3,7,0,0,0,0,0,0,3,1,3,1,12,3,-1,-1,-1,-1,5,1,E01019954,0
Unvalidated,2024501407598,2024,501407598,1,9,0,18,3,7,0,2,0,0,0,0,1,1,6,3,-1,-1,-1,-1,-1,-1,-1,-1,-1,0
Unvalidated,2024501407803,2024,501407803,1,9,0,9,1,5,0,8,1,0,0,0,1,1,6,2,57,9,-1,-1,-1,-1,8,1,E01020080,0
Unvalidated,2024501407803,2024,501407803,2,9,0,4,5,1,0,8,1,0,0,0,4,1,6,2,27,6,-1,-1,-1,-1,3,1,E01020067,0
Unvalidated,2024501407842,2024,501407842,1,8,0,7,2,5,9,0,0,0,0,0,1,1,1,2,42,7,-1,-1,-1,-1,2,1,E01020039,0
Unvalidated,2024501407842,2024,501407842,2,1,0,18,7,3,5,0,0,0,0,0,1,1,6,1,55,8,-1,-1,-1,-1,4,1,E01020030,0
Unvalidated,2024501407878,2024,501407878,1,9,0,18,7,3,0,1,1,0,0,0,1,1,1,2,33,6,-1,-1,-1,-1,5,1,E01020123,0
Unvalidated,2024501407878,2024,501407878,2,9,0,4,7,3,0,1,0,0,0,0,2,1,1,1,20,4,-1,-1,-1,-1,8,1,E01020102,0
Unvalidated,2024501407878,2024,501407878,3,9,0,4,7,3,0,1,0,0,0,0,2,1,1,2,45,7,-1,-1,-1,-1,8,1,E01020102,0
Unvalidated,2024501407910,2024,501407910,1,9,0,5,7,3,0,3,0,0,0,0,4,1,6,1,32,6,-1,-1,-1,-1,8,1,E01018822,0
Unvalidated,2024501407910,2024,501407910,2,9,0,5,7,3,0,3,0,0,0,0,3,1,6,2,44,7,-1,-1,-1,-1,7,3,E01018816,0
Unvalidated,2024501407913,2024,501407913,1,9,0,9,2,7,0,5,0,0,0,0,1,1,3,2,46,8,-1,-1,-1,-1,4,3,E01018880,0
Unvalidated,2024501407986,2024,501407986,1,19,-1,18,1,5,0,2,0,0,0,0,4,1,6,1,28,6,-1,-1,-1,-1,5,2,E01019887,0
Unvalidated,2024501408059,2024,501408059,1,9,0,12,8,4,0,0,0,0,0,0,0,1,6,1,60,9,-1,-1,-1,-1,4,2,E01018892,0
Unvalidated,2024501408059,2024,501408059,2,1,0,18,4,8,0,0,1,4,0,0,1,1,2,1,23,5,-1,-1,-1,-1,6,1,E01018803,0
Unvalidated,2024501408059,2024,501408059,3,9,0,2,0,0,0,0,0,0,0,0,1,1,6,3,-1,-1,-1,-1,-1,-1,-1,-1,-1,0
Unvalidated,2024501408098,2024,501408098,1,9,0,18,7,8,0,1,0,0,0,0,1,1,6,2,35,6,-1,-1,-1,-1,1,1,E01015046,0
Unvalidated,2024501408099,2024,501408099,1,9,0,9,1,6,0,2,0,0,0,0,1,1,6,2,57,9,-1,-1,-1,-1,4,3,E01018938,0
Unvalidated,2024501408099,2024,501408099,2,19,0,18,5,1,0,1,0,0,1,11,1,1,6,2,30,6,-1,-1,-1,-1,4,2,E01018938,0
Unvalidated,2024501408107,2024,501408107,1,5,0,13,2,6,0,8,0,0,0,0,1,1,6,1,53,8,-1,-1,-1,-1,3,2,E01019062,0
Unvalidated,2024501408107,2024,501408107,2,19,0,9,2,8,0,8,0,0,0,0,3,1,5,1,29,6,-1,-1,-1,-1,4,2,E01019040,0
Unvalidated,2024501408127,2024,501408127,1,9,0,18,1,5,0,1,0,0,0,0,1,1,5,1,67,10,-1,-1,-1,-1,9,1,E01013115,0
Unvalidated,2024501408127,2024,501408127,2,9,0,18,5,1,0,1,0,0,1,4,1,1,5,2,81,11,-1,-1,-1,-1,3,3,E01018815,0
Unvalidated,2024501408224,2024,501408224,1,9,0,9,2,8,0,6,0,0,0,0,1,1,6,2,52,8,-1,-1,-1,-1,2,2,E01018751,0
Unvalidated,2024501408224,2024,501408224,2,9,0,18,4,8,0,1,0,0,0,0,3,1,6,1,40,7,-1,-1,-1,-1,10,1,E01030396,0
Unvalidated,2024501408258,2024,501408258,1,9,-1,18,4,8,0,1,0,0,0,0,1,1,6,1,22,5,-1,-1,-1,-1,1,1,E01015151,0
Unvalidated,2024501408296,2024,501408296,1,9,0,18,2,5,0,0,1,10,1,9,4,1,5,1,48,8,-1,-1,-1,-1,1,1,E01015058,0
Unvalidated,2024501408302,2024,501408302,1,19,0,18,2,6,0,0,0,0,0,0,1,1,1,1,28,6,-1,-1,-1,-1,7,3,E01031961,0
Unvalidated,2024501408302,2024,501408302,2,21,0,18,2,6,0,0,0,0,0,0,2,1,1,1,57,9,-1,-1,-1,-1,4,2,E01020307,0
Unvalidated,2024501408331,2024,501408331,1,9,0,18,7,3,0,1,0,0,0,0,1,1,6,1,-1,-1,-1,-1,-1,-1,-1,-1,-1,0
Unvalidated,2024501408331,2024,501408331,2,9,0,3,7,3,0,1,0,0,0,0,2,1,2,1,40,7,-1,-1,-1,-1,6,1,E01015254,0
Unvalidated,2024501408445,2024,501408445,1,3,0,16,7,3,0,0,1,-1,0,0,0,1,6,1,21,5,-1,-1,-1,-1,7,3,E01019077,0
Unvalidated,2024501408448,2024,501408448,1,19,0,9,2,1,0,2,0,0,0,0,1,1,1,1,20,4,-1,-1,-1,-1,7,1,E01018807,0
Unvalidated,2024501408471,2024,501408471,1,9,0,18,7,3,0,1,0,0,0,0,1,1,5,2,29,6,-1,-1,-1,-1,2,1,E01015156,0
Unvalidated,2024501408471,2024,501408471,2,9,0,4,7,3,0,1,0,0,0,0,2,1,5,2,63,9,-1,-1,-1,-1,5,2,E01020177,0
Unvalidated,2024501408543,2024,501408543,1,9,0,18,7,3,0,0,5,0,0,0,1,1,6,1,28,6,-1,-1,-1,-1,1,1,E01015180,0
Unvalidated,2024501408543,2024,501408543,2,9,0,18,3,7,0,0,0,0,1,0,1,1,6,1,48,8,-1,-1,-1,-1,8,1,E01015097,0
Unvalidated,2024501408589,2024,501408589,1,19,0,18,3,6,0,1,5,0,0,0,4,1,1,1,31,6,-1,-1,-1,-1,7,3,E01019960,0
Unvalidated,2024501408633,2024,501408633,1,5,0,18,1,5,0,0,1,0,0,0,3,1,5,1,61,9,-1,-1,-1,-1,7,3,E01031248,0
Unvalidated,2024501408652,2024,501408652,1,9,0,18,5,1,0,8,0,0,0,0,1,1,6,2,20,4,-1,-1,-1,-1,4,3,E01018784,0
Unvalidated,2024501408652,2024,501408652,2,19,0,18,2,7,0,8,0,0,0,0,4,1,6,2,33,6,-1,-1,-1,-1,4,2,E01020198,0
Unvalidated,2024501408670,2024,501408670,1,9,0,18,2,6,0,0,0,0,0,0,1,1,6,2,60,9,-1,-1,-1,-1,5,1,E01020232,0
Unvalidated,2024501408752,2024,501408752,1,9,0,4,5,7,0,0,0,0,0,0,1,1,5,2,19,4,-1,-1,-1,-1,7,1,E01015253,0
Unvalidated,2024501408752,2024,501408752,2,9,0,10,4,7,0,0,0,0,0,0,2,1,5,2,63,9,-1,-1,-1,-1,2,1,E01015229,0
Unvalidated,2024501408752,2024,501408752,3,9,0,10,3,7,0,0,0,0,0,0,2,1,5,2,27,6,-1,-1,-1,-1,4,1,E01015241,0
Unvalidated,2024501408763,2024,501408763,1,9,0,18,2,6,0,0,0,0,0,0,1,1,6,1,72,10,-1,-1,-1,-1,4,3,E01018892,0
Unvalidated,2024501408779,2024,501408779,1,9,0,9,1,6,0,8,0,0,0,0,3,1,6,1,81,11,-1,-1,-1,-1,6,3,E01020160,0
Unvalidated,2024501408779,2024,501408779,2,1,0,18,4,1,0,8,-1,0,-1,0,1,1,5,1,32,6,-1,-1,-1,-1,5,1,E01015135,0
Unvalidated,2024501408795,2024,501408795,1,9,0,18,8,4,0,1,0,0,0,0,1,1,6,2,35,6,-1,-1,-1,-1,-1,-1,-1,0
Unvalidated,2024501408795,2024,501408795,2,9,0,3,8,4,0,1,0,0,0,0,2,1,6,2,62,9,-1,-1,-1,-1,6,2,E01020181,0
Unvalidated,2024501408810,2024,501408810,1,9,0,14,3,6,0,0,-1,0,-1,0,0,1,6,1,37,7,-1,-1,-1,-1,7,3,E01018818,0
Unvalidated,2024501408810,2024,501408810,2,9,0,13,7,3,0,0,1,0,1,9,4,1,5,2,31,6,-1,-1,-1,-1,3,3,E01019005,0
Unvalidated,2024501408810,2024,501408810,3,21,0,16,7,3,0,0,0,0,0,0,3,1,1,1,33,6,-1,-1,-1,-1,5,2,E01018981,0
Unvalidated,2024501408810,2024,501408810,4,17,0,17,3,6,0,0,0,0,0,0,0,1,6,3,-1,-1,-1,-1,-1,-1,-1,-1,-1,0
Unvalidated,2024501408834,2024,501408834,1,9,0,18,2,6,0,0,0,0,0,0,1,1,6,1,37,7,-1,-1,-1,-1,6,3,E01018752,0
Unvalidated,2024501408834,2024,501408834,2,9,0,3,2,6,0,0,0,0,0,0,2,1,3,1,42,7,-1,-1,-1,-1,4,3,E01018758,0
Unvalidated,2024501408854,2024,501408854,1,11,0,18,1,4,0,0,0,0,0,0,3,1,6,3,-1,-1,-1,-1,-1,-1,-1,-1,-1,0
Unvalidated,2024501408854,2024,501408854,2,3,0,7,1,4,0,0,5,0,0,0,1,1,6,1,30,6,-1,-1,-1,-1,1,1,E01015256,0
Unvalidated,2024501408892,2024,501408892,1,9,0,18,3,7,0,1,0,0,0,0,4,1,6,1,85,11,-1,-1,-1,-1,5,3,E01018960,0
Unvalidated,2024501408927,2024,501408927,1,9,0,18,1,5,0,1,0,0,0,0,1,1,6,1,43,7,-1,-1,-1,-1,-1,-1,-1,0
Unvalidated,2024501408927,2024,501408927,2,9,0,3,1,5,0,1,0,0,0,0,2,1,6,1,23,5,-1,-1,-1,-1,5,1,E01018935,0
Unvalidated,2024501408933,2024,501408933,1,9,0,1,2,6,0,1,0,0,0,0,2,1,1,1,56,9,-1,-1,-1,-1,3,1,E01015167,0
Unvalidated,2024501409035,2024,501409035,1,9,0,18,3,5,0,1,0,0,0,0,1,1,6,1,27,6,-1,-1,-1,-1,4,1,E01018929,0
Unvalidated,2024501409035,2024,501409035,2,9,0,18,1,5,0,1,0,0,0,0,3,1,5,2,56,9,-1,-1,-1,-1,5,3,E01019060,0
Unvalidated,2024501409079,2024,501409079,1,9,0,2,5,1,0,0,0,0,0,0,3,1,1,1,82,11,-1,-1,-1,-1,3,2,E01018872,0
Unvalidated,2024501409079,2024,501409079,2,19,0,18,0,0,0,0,0,4,0,0,4,1,6,1,33,6,-1,-1,-1,-1,5,3,E01018947,0
Unvalidated,2024501409121,2024,501409121,1,9,0,9,3,1,0,8,1,7,0,0,4,1,5,2,63,9,-1,-1,-1,-1,1,1,E01018898,0
Unvalidated,2024501409121,2024,501409121,2,9,0,18,7,3,0,8,0,0,0,0,1,1,2,2,50,8,-1,-1,-1,-1,2,1,E01018867,0
Unvalidated,2024501409165,2024,501409165,1,9,0,18,5,8,0,0,1,4,1,11,4,1,5,2,19,4,-1,-1,-1,-1,1,1,E01015152,0
Unvalidated,2024501409165,2024,501409165,2,9,0,2,0,0,0,0,0,0,1,0,2,1,6,3,-1,-1,-1,-1,-1,-1,-1,-1,-1,0
Unvalidated,2024501409264,2024,501409264,1,9,0,18,6,2,0,1,0,0,0,0,1,1,6,1,37,7,-1,-1,-1,-1,6,1,E01015027,0
Unvalidated,2024501409264,2024,501409264,2,9,0,18,6,2,0,1,0,0,0,0,2,1,5,2,62,9,-1,-1,-1,-1,4,1,E01015147,0
Unvalidated,2024501409335,2024,501409335,1,9,0,18,5,1,-1,8,0,0,-1,0,1,1,6,2,34,6,-1,-1,-1,-1,3,2,E01020155,0
Unvalidated,2024501409335,2024,501409335,2,9,-1,5,5,1,-1,8,0,0,-1,0,2,1,5,2,62,9,-1,-1,-1,-1,9,1,E01015199,0
Unvalidated,2024501409404,2024,501409404,1,9,0,18,7,8,0,1,0,0,0,0,1,1,6,2,35,6,-1,-1,-1,-1,6,3,E01018852,0
Unvalidated,2024501409404,2024,501409404,2,9,0,3,7,2,0,4,0,0,0,0,2,1,6,2,42,7,-1,-1,-1,-1,6,3,E01018852,0
Unvalidated,2024501409431,2024,501409431,1,9,0,18,2,6,0,1,0,0,0,0,1,1,6,1,45,7,-1,-1,-1,-1,4,1,E01020032,0
Unvalidated,2024501409431,2024,501409431,2,9,0,3,2,6,0,1,0,0,0,0,2,1,5,2,34,6,-1,-1,-1,-1,4,3,E01018778,0
Unvalidated,2024501409520,2024,501409520,1,9,0,18,3,7,0,1,0,0,0,0,1,1,5,1,61,9,-1,-1,-1,-1,6,1,E01018824,0
Unvalidated,2024501409520,2024,501409520,2,1,0,18,1,4,0,8,0,0,0,0,4,1,5,1,18,4,-1,-1,-1,-1,6,1,E01018824,0
Unvalidated,2024501409597,2024,501409597,1,9,0,17,4,1,0,1,1,0,1,7,4,1,2,2,30,6,-1,-1,-1,-1,9,1,E01019984,0
Unvalidated,2024501409602,2024,501409602,1,9,0,16,5,8,0,0,0,0,0,0,1,1,2,1,43,7,-1,-1,-1,-1,6,3,E01019938,0
Unvalidated,2024501409602,2024,501409602,2,9,0,18,8,4,0,0,0,0,0,0,1,1,6,2,32,6,-1,-1,-1,-1,6,1,E01019971,0
Unvalidated,2024501409617,2024,501409617,1,8,0,18,1,5,0,0,0,0,0,0,1,1,1,1,36,7,-1,-1,-1,-1,1,1,E01015180,0
Unvalidated,2024501409625,2024,501409625,1,9,0,18,5,1,0,0,1,10,0,0,1,1,5,1,20,4,-1,-1,-1,-1,9,2,E01019896,0
Unvalidated,2024501409625,2024,501409625,2,19,0,18,1,5,0,0,0,0,0,0,1,1,6,1,35,6,-1,-1,-1,-1,8,1,E01019921,0
Unvalidated,2024501409625,2024,501409625,3,19,0,18,1,5,0,0,0,0,0,0,1,1,6,1,58,9,-1,-1,-1,-1,8,1,E01019915,0
Unvalidated,2024501409770,2024,501409770,1,9,0,18,1,5,0,8,0,0,0,0,9,1,6,1,18,4,-1,-1,-1,-1,2,1,E01020039,0
Unvalidated,2024501409770,2024,501409770,2,9,0,18,3,7,0,8,0,0,0,0,9,1,5,1,38,7,-1,-1,-1,-1,3,1,E01015287,0
Unvalidated,2024501409777,2024,501409777,1,9,0,5,6,2,0,3,0,0,3,0,4,1,3,1,46,8,-1,-1,-1,-1,6,2,E01019058,0
Unvalidated,2024501409777,2024,501409777,2,1,0,7,4,8,0,3,0,0,7,0,2,1,1,2,35,6,-1,-1,-1,-1,2,3,E01019074,0
Unvalidated,2024501409791,2024,501409791,1,21,0,9,8,5,0,8,0,0,0,0,1,1,1,1,43,7,-1,-1,-1,-1,-1,-1,-1,0
Unvalidated,2024501409791,2024,501409791,2,9,0,18,6,3,0,8,0,0,0,0,4,1,5,2,52,8,-1,-1,-1,-1,6,1,E01019030,0
Unvalidated,2024501409886,2024,501409886,1,9,0,9,5,6,0,8,0,0,0,0,3,1,5,1,37,7,-1,-1,-1,-1,5,1,E01015174,0
Unvalidated,2024501409886,2024,501409886,2,3,0,18,3,3,0,8,2,0,0,0,1,1,1,1,28,6,-1,-1,-1,-1,5,1,E01015062,0
Unvalidated,2024501409911,2024,501409911,1,9,0,18,5,4,0,8,1,0,0,0,1,1,6,2,-1,-1,-1,-1,-1,-1,-1,-1,-1,0
Unvalidated,2024501409911,2024,501409911,2,9,0,10,5,4,0,8,0,0,0,0,2,1,6,1,64,9,-1,-1,-1,-1,5,1,E01018935,0
Unvalidated,2024501409919,2024,501409919,1,1,0,18,1,5,0,0,5,0,0,0,2,1,5,1,21,5,-1,-1,-1,-1,-1,1,-1,0
Unvalidated,2024501409919,2024,501409919,2,9,0,18,3,7,0,0,0,0,0,0,1,1,6,2,40,7,-1,-1,-1,-1,-1,-1,-1,0
Unvalidated,2024501409971,2024,501409971,1,9,0,15,4,8,0,0,1,0,1,0,1,1,2,1,32,6,-1,-1,-1,-1,1,1,E01015087,0
Unvalidated,2024501409971,2024,501409971,2,19,0,18,4,8,0,0,1,0,4,6,2,1,1,1,58,9,-1,-1,-1,-1,5,1,E01015139,0
Unvalidated,2024501409994,2024,501409994,1,9,0,9,5,3,0,8,1,0,1,0,3,1,6,2,80,11,-1,-1,-1,-1,4,3,E01018846,0
Unvalidated,2024501409994,2024,501409994,2,9,4,18,2,7,0,8,3,0,0,0,1,1,6,1,62,9,-1,-1,-1,-1,5,3,E01018902,0
Unvalidated,2024501410012,2024,501410012,1,21,1,18,7,3,0,0,5,0,2,0,4,1,1,1,60,9,-1,-1,-1,-1,3,1,E01029291,0
Unvalidated,2024501410053,2024,501410053,1,19,0,9,8,6,0,8,0,0,0,0,1,1,1,1,58,9,-1,-1,-1,-1,4,1,E01018874,0
Unvalidated,2024501410132,2024,501410132,1,9,0,7,5,1,0,1,0,0,0,0,1,1,6,1,44,7,-1,-1,-1,-1,1,1,E01015075,0
Unvalidated,2024501410132,2024,501410132,2,1,0,18,3,7,9,1,0,0,0,0,3,1,6,1,15,3,-1,-1,-1,-1,3,1,E01015063,0