status,collision_index,collision_year,collision_reference,vehicle_reference,vehicle_type,towing_and_articulation,vehicle_manoeuvre,vehicle_direction_from,vehicle_direction_to,vehicle_location_restricted_lane,junction_location,skidding_and_overturning,hit_object_in_carriageway,vehicle_leaving_carriageway,hit_object_off_carriageway,first_point_of_impact,vehicle_left_hand_drive,journey_purpose_of_driver,sex_of_driver,age_of_driver,age_band_of_driver,engine_capacity_cc,propulsion_code,age_of_vehicle,generic_make_model,driver_imd_decile,driver_home_area_type,lsoa_of_driver,escooter_flag
Unvalidated,2024501410280,2024,501410280,1,17,0,18,3,7,0,8,0,0,0,0,4,1,6,3,-1,-1,-1,-1,-1,-1,-1,-1,-1,0
Unvalidated,2024501410280,2024,501410280,2,9,0,18,7,3,0,8,0,0,0,0,3,1,6,2,53,8,-1,-1,-1,-1,7,2,E01020318,0
Unvalidated,2024501410297,2024,501410297,1,19,0,4,4,8,0,1,0,0,0,0,3,1,6,1,-1,-1,-1,-1,-1,-1,1,2,E01018767,0
Unvalidated,2024501410297,2024,501410297,2,9,0,2,4,8,0,2,0,0,0,0,4,1,5,1,46,8,-1,-1,-1,-1,4,1,E01015077,0
Unvalidated,2024501410332,2024,501410332,1,9,0,9,5,3,0,8,0,0,0,0,1,1,2,2,23,5,-1,-1,-1,-1,5,3,E01020068,0
Unvalidated,2024501410332,2024,501410332,2,19,0,18,3,7,0,1,1,0,7,10,1,1,6,1,70,10,-1,-1,-1,-1,5,3,E01020068,0
Unvalidated,2024501410450,2024,501410450,1,23,0,16,1,4,0,2,1,4,0,0,3,1,5,1,25,5,-1,-1,-1,-1,-1,-1,-1,0
Unvalidated,2024501410450,2024,501410450,2,9,0,2,0,0,0,1,0,0,0,0,1,1,6,3,-1,-1,-1,-1,-1,-1,-1,-1,-1,0
Unvalidated,2024501410501,2024,501410501,1,9,9,18,5,1,0,1,0,0,0,0,1,1,6,1,-1,-1,-1,-1,-1,-1,-1,-1,-1,0
Unvalidated,2024501410501,2024,501410501,2,9,0,4,5,1,0,1,0,0,0,0,2,1,2,2,22,5,-1,-1,-1,-1,4,3,E01018861,0
Unvalidated,2024501410583,2024,501410583,1,9,0,18,1,3,0,1,0,0,0,0,1,1,6,1,31,6,-1,-1,-1,-1,3,1,E01019975,0
Unvalidated,2024501410583,2024,501410583,2,9,0,8,1,3,0,1,0,0,0,0,2,1,5,1,53,8,-1,-1,-1,-1,-1,-1,-1,0
Unvalidated,2024501410648,2024,501410648,1,9,0,18,3,1,0,0,0,0,0,0,1,1,6,1,73,10,-1,-1,-1,-1,4,1,E01015029,0
Unvalidated,2024501410701,2024,501410701,1,4,0,18,5,5,0,1,0,0,0,0,1,1,6,1,22,5,-1,-1,-1,-1,2,1,E01015218,0
Unvalidated,2024501410701,2024,501410701,2,9,0,18,6,4,0,1,0,0,0,0,1,1,6,1,53,8,-1,-1,-1,-1,-1,-1,-1,0
Unvalidated,2024501410729,2024,501410729,1,9,0,6,2,1,0,6,0,0,1,0,1,1,5,1,76,11,-1,-1,-1,-1,4,3,E01020287,0
Unvalidated,2024501410729,2024,501410729,2,19,0,18,1,5,0,1,1,0,0,0,1,1,1,1,22,5,-1,-1,-1,-1,4,2,E01020055,0
Unvalidated,2024501410729,2024,501410729,3,9,0,10,5,1,0,1,0,0,0,0,0,1,6,3,-1,-1,-1,-1,-1,-1,-1,-1,-1,0
Unvalidated,2024501410731,2024,501410731,1,9,0,18,3,7,9,1,0,0,7,11,1,1,5,2,85,11,-1,-1,-1,-1,6,3,E01020172,0
Unvalidated,2024501410760,2024,501410760,1,9,0,18,8,4,0,1,0,0,0,0,1,1,5,1,47,8,-1,-1,-1,-1,4,3,E01018924,0
Unvalidated,2024501410760,2024,501410760,2,9,0,10,8,6,0,5,0,0,0,0,2,1,5,1,17,4,-1,-1,-1,-1,3,3,E01018761,0
Unvalidated,2024501410760,2024,501410760,3,9,0,18,4,8,0,8,0,0,0,0,3,1,5,2,43,7,-1,-1,-1,-1,6,2,E01019035,0
Unvalidated,2024501410834,2024,501410834,1,9,0,18,1,6,0,1,1,0,0,0,4,1,1,2,27,6,-1,-1,-1,-1,2,1,E01015171,0
Unvalidated,2024501410869,2024,501410869,1,20,0,4,7,3,0,1,0,0,0,0,0,1,1,1,35,6,-1,-1,-1,-1,8,1,E01019908,0
Unvalidated,2024501410873,2024,501410873,1,9,0,9,3,1,0,8,0,0,0,0,3,1,5,1,30,6,-1,-1,-1,-1,6,1,E01001275,0
Unvalidated,2024501410873,2024,501410873,2,5,0,18,8,5,0,8,0,0,0,0,1,1,2,1,25,5,-1,-1,-1,-1,5,3,E01020143,0
Unvalidated,2024501410881,2024,501410881,1,5,0,18,4,8,2,0,1,0,0,0,1,1,6,1,25,5,-1,-1,-1,-1,4,1,E01015069,0
Unvalidated,2024501410881,2024,501410881,2,9,0,7,5,1,0,0,0,0,0,0,2,1,6,2,37,7,-1,-1,-1,-1,4,1,E01015042,0
Unvalidated,2024501410882,2024,501410882,1,9,0,9,5,1,0,8,0,0,0,0,1,1,6,1,25,5,-1,-1,-1,-1,1,1,E01015078,0
Unvalidated,2024501410882,2024,501410882,2,3,0,18,8,3,0,8,0,0,0,0,1,1,6,1,42,7,-1,-1,-1,-1,7,2,E01018787,0
Unvalidated,2024501410930,2024,501410930,1,9,0,18,7,3,0,0,0,0,0,0,1,1,6,2,39,7,-1,-1,-1,-1,7,1,E01015203,0
Unvalidated,2024501410930,2024,501410930,2,9,0,18,7,3,0,0,0,0,0,0,1,1,6,1,18,4,-1,-1,-1,-1,6,1,E01015200,0
Unvalidated,2024501410930,2024,501410930,3,9,0,18,7,3,0,0,0,0,0,0,2,1,6,1,75,10,-1,-1,-1,-1,8,1,E01015223,0
Unvalidated,2024501410930,2024,501410930,4,9,0,18,7,3,0,0,0,0,0,0,2,1,6,1,38,7,-1,-1,-1,-1,2,1,E01015192,0
Unvalidated,2024501411001,2024,501411001,1,9,0,17,5,8,0,8,1,0,0,0,4,1,5,1,51,8,-1,-1,-1,-1,6,1,E01029070,0
Unvalidated,2024501411043,2024,501411043,1,9,0,7,1,3,0,6,0,0,0,0,3,1,6,2,52,8,-1,-1,-1,-1,8,3,E01019961,0
Unvalidated,2024501411043,2024,501411043,2,9,0,18,7,3,0,1,0,0,0,0,1,1,6,1,60,9,-1,-1,-1,-1,8,1,E01020504,0
Unvalidated,2024501411066,2024,501411066,1,3,0,18,7,3,0,1,0,0,0,0,0,1,6,1,22,5,-1,-1,-1,-1,-1,-1,-1,0
Unvalidated,2024501411205,2024,501411205,1,9,0,18,5,7,0,1,2,0,1,0,1,1,6,1,83,11,-1,-1,-1,-1,8,2,E01017788,0
Unvalidated,2024501411216,2024,501411216,1,9,0,18,5,1,0,0,1,6,0,0,4,1,2,1,30,6,-1,-1,-1,-1,5,1,E01019994,0
Unvalidated,2024501411301,2024,501411301,1,9,0,18,3,7,0,2,0,0,0,0,3,1,5,1,77,11,-1,-1,-1,-1,2,1,E01020277,0
Unvalidated,2024501411304,2024,501411304,1,9,0,13,7,3,0,0,0,0,0,0,4,1,6,1,79,11,-1,-1,-1,-1,5,3,E01020340,0
Unvalidated,2024501411304,2024,501411304,2,1,0,18,7,3,0,0,0,0,0,0,2,1,5,1,65,9,-1,-1,-1,-1,4,2,E01020305,0
Unvalidated,2024501411333,2024,501411333,1,9,0,18,4,7,0,0,0,0,0,0,3,1,5,1,21,5,-1,-1,-1,-1,1,1,E01020015,0
Unvalidated,2024501411337,2024,501411337,1,9,0,18,4,8,0,0,0,0,7,4,3,1,5,1,51,8,-1,-1,-1,-1,3,3,E01018942,0
Unvalidated,2024501411355,2024,501411355,1,9,0,18,5,8,0,1,0,0,0,0,1,1,6,2,25,5,-1,-1,-1,-1,2,1,E01015239,0
Unvalidated,2024501411355,2024,501411355,2,9,0,7,7,1,0,1,0,0,0,0,1,1,6,2,33,6,-1,-1,-1,-1,5,1,E01015221,0
Unvalidated,2024501411360,2024,501411360,1,9,0,18,4,7,0,0,0,0,0,0,1,1,5,1,44,7,-1,-1,-1,-1,3,1,E01000404,0
Unvalidated,2024501411360,2024,501411360,2,9,0,18,8,3,0,0,0,0,0,0,1,1,5,1,36,7,-1,-1,-1,-1,9,3,E01019900,0
Unvalidated,2024501411384,2024,501411384,1,1,0,18,5,8,0,0,1,0,0,0,1,1,5,1,52,8,-1,-1,-1,-1,7,2,E01018787,0
Unvalidated,2024501411384,2024,501411384,2,9,0,15,0,0,0,0,0,0,0,0,0,1,6,1,65,9,-1,-1,-1,-1,3,1,E01018793,0
Unvalidated,2024501411384,2024,501411384,3,9,0,13,8,5,0,0,0,0,0,0,0,1,6,3,-1,-1,-1,-1,-1,-1,-1,-1,-1,0
Unvalidated,2024501411394,2024,501411394,1,9,0,18,3,2,0,1,0,0,0,0,1,1,6,1,18,4,-1,-1,-1,-1,8,1,E01015165,0
Unvalidated,2024501411394,2024,501411394,2,9,0,18,1,5,0,1,0,0,0,0,1,1,6,2,24,5,-1,-1,-1,-1,-1,-1,-1,0
Unvalidated,2024501411581,2024,501411581,1,9,0,18,1,5,0,0,0,0,1,2,4,1,5,1,72,10,-1,-1,-1,-1,5,3,E01020191,0
Unvalidated,2024501411766,2024,501411766,1,2,0,5,3,7,0,4,2,0,0,0,0,1,1,1,16,4,-1,-1,-1,-1,9,1,E01015118,0
Unvalidated,2024501411825,2024,501411825,1,9,0,7,8,1,0,8,0,0,0,0,2,1,5,1,18,4,-1,-1,-1,-1,2,1,E01015186,0
Unvalidated,2024501411825,2024,501411825,2,9,0,18,8,4,0,8,0,0,0,0,1,1,6,3,-1,-1,-1,-1,-1,-1,-1,-1,-1,0
Unvalidated,2024501411929,2024,501411929,1,9,0,18,5,1,0,0,5,7,0,0,3,1,6,1,40,7,-1,-1,-1,-1,-1,-1,-1,0
Unvalidated,2024501412004,2024,501412004,1,9,-1,1,6,4,0,1,0,0,0,0,2,1,6,1,82,11,-1,-1,-1,-1,6,1,E01019003,0
Unvalidated,2024501412085,2024,501412085,1,9,0,9,4,2,0,1,0,0,0,0,3,1,5,1,62,9,-1,-1,-1,-1,7,1,E01015120,0
Unvalidated,2024501412085,2024,501412085,2,9,0,18,7,3,0,1,0,0,0,0,3,1,5,1,49,8,-1,-1,-1,-1,6,2,E01020221,0
Unvalidated,2024501412119,2024,501412119,1,9,0,4,3,1,0,0,0,0,0,0,1,1,6,1,29,6,-1,-1,-1,-1,9,1,E01020086,0
Unvalidated,2024501412119,2024,501412119,2,19,0,1,1,3,0,0,0,0,0,0,2,1,6,3,-1,-1,-1,-1,-1,-1,-1,-1,-1,0
Unvalidated,2024501412134,2024,501412134,1,9,0,18,8,4,0,1,0,0,0,0,4,1,5,1,63,9,-1,-1,-1,-1,1,1,E01018875,0
Unvalidated,2024501412213,2024,501412213,1,9,0,18,5,1,0,0,0,0,0,0,1,1,6,1,22,5,-1,-1,-1,-1,5,2,E01018904,0
Unvalidated,2024501412218,2024,501412218,1,9,0,9,0,0,0,8,0,0,0,0,1,1,6,1,42,7,-1,-1,-1,-1,3,1,E01015084,0
Unvalidated,2024501412218,2024,501412218,2,4,0,18,0,0,0,8,1,0,0,0,1,1,6,1,23,5,-1,-1,-1,-1,2,1,E01015081,0
Unvalidated,2024501412373,2024,501412373,1,9,0,14,5,1,0,0,0,0,0,0,1,1,5,1,22,5,-1,-1,-1,-1,8,1,E01020023,0
Unvalidated,2024501412434,2024,501412434,1,9,0,18,3,7,0,8,0,0,0,0,1,1,6,2,58,9,-1,-1,-1,-1,5,2,E01020177,0
Unvalidated,2024501412434,2024,501412434,2,9,0,18,1,7,0,4,0,0,0,0,4,1,5,1,45,7,-1,-1,-1,-1,4,2,E01020183,0
Unvalidated,2024501412451,2024,501412451,1,9,0,1,6,4,0,0,0,0,0,0,2,1,6,1,69,10,-1,-1,-1,-1,-1,-1,-1,0
Unvalidated,2024501412451,2024,501412451,2,1,0,4,5,1,0,0,0,0,0,0,1,1,5,2,64,9,-1,-1,-1,-1,6,2,E01018985,0
Unvalidated,2024501412486,2024,501412486,1,9,9,18,-1,-1,0,1,0,0,0,0,1,1,2,2,-1,-1,-1,-1,-1,-1,-1,-1,-1,0
Unvalidated,2024501412486,2024,501412486,2,3,9,18,-1,-1,0,1,0,0,0,0,2,1,5,2,73,10,-1,-1,-1,-1,5,1,E01015221,0
Unvalidated,2024501412498,2024,501412498,1,9,0,3,1,5,0,1,0,0,0,0,1,1,6,1,30,6,-1,-1,-1,-1,1,1,E01015043,0
Unvalidated,2024501412498,2024,501412498,2,9,0,3,1,5,0,1,0,0,0,0,2,1,6,2,38,7,-1,-1,-1,-1,4,1,E01015031,0
Unvalidated,2024501412520,2024,501412520,1,9,0,18,4,8,0,0,0,0,0,0,1,1,6,1,60,9,-1,-1,-1,-1,5,2,E01020137,0
Unvalidated,2024501412520,2024,501412520,2,9,0,3,4,7,0,0,0,0,0,0,2,1,1,1,31,6,-1,-1,-1,-1,-1,-1,-1,0
Unvalidated,2024501412520,2024,501412520,3,9,0,3,6,7,0,0,0,0,0,0,2,1,1,1,49,8,-1,-1,-1,-1,8,3,E01031954,0
Unvalidated,2024501412620,2024,501412620,1,2,0,14,3,1,0,1,0,0,0,0,1,1,5,1,17,4,-1,-1,-1,-1,6,3,E01020187,0
Unvalidated,2024501412622,2024,501412622,1,9,0,9,2,8,0,8,0,0,0,0,1,1,2,1,73,10,-1,-1,-1,-1,9,1,E01020026,0
Unvalidated,2024501412622,2024,501412622,2,1,0,18,6,2,0,8,0,0,0,0,1,1,6,1,15,3,-1,-1,-1,-1,10,1,E01020004,0
Unvalidated,2024501412631,2024,501412631,1,4,0,18,1,6,0,0,0,0,0,0,1,1,6,1,17,4,-1,-1,-1,-1,4,1,E01020271,0
Unvalidated,2024501412640,2024,501412640,1,5,0,18,1,5,0,0,2,0,8,10,1,1,5,1,21,5,-1,-1,-1,-1,3,3,E01020229,0
Unvalidated,2024501412690,2024,501412690,1,9,0,4,7,3,0,6,0,0,0,0,3,1,6,1,50,8,-1,-1,-1,-1,5,1,E01018837,0
Unvalidated,2024501412690,2024,501412690,2,1,0,4,3,7,0,8,1,0,0,0,1,1,2,1,32,6,-1,-1,-1,-1,2,1,E01018860,0
Unvalidated,2024501412713,2024,501412713,1,9,0,4,3,7,0,0,0,0,0,0,1,1,6,3,-1,-1,-1,-1,-1,-1,-1,-1,-1,0
Unvalidated,2024501412713,2024,501412713,2,9,0,4,3,7,0,0,0,0,0,0,2,1,6,1,23,5,-1,-1,-1,-1,2,1,E01001777,0
Unvalidated,2024501412766,2024,501412766,1,9,0,5,5,1,0,1,0,0,0,0,3,1,1,1,59,9,-1,-1,-1,-1,9,1,E01020038,0
Unvalidated,2024501412801,2024,501412801,1,9,0,18,6,1,0,1,0,0,0,0,1,1,6,2,60,9,-1,-1,-1,-1,9,2,E01031870,0
Unvalidated,2024501412801,2024,501412801,2,9,0,4,6,1,0,8,0,0,0,0,2,1,6,2,63,9,-1,-1,-1,-1,7,2,E01018970,0
Unvalidated,2024501412803,2024,501412803,1,9,0,18,8,4,0,1,0,0,1,11,1,1,5,1,30,6,-1,-1,-1,-1,2,1,E01015176,0
Unvalidated,2024501412819,2024,501412819,1,9,0,16,7,3,0,0,1,0,7,0,1,1,6,1,19,4,-1,-1,-1,-1,4,1,E01018913,0
Unvalidated,2024501412819,2024,501412819,2,20,5,4,3,7,0,0,0,0,0,0,1,1,1,1,50,8,-1,-1,-1,-1,4,3,E01020321,0
Unvalidated,2024501412831,2024,501412831,1,9,0,13,3,7,0,0,0,0,0,0,2,1,6,1,76,11,-1,-1,-1,-1,9,1,E01015126,0
Unvalidated,2024501412831,2024,501412831,2,1,0,18,3,7,0,0,0,0,0,0,1,1,5,1,64,9,-1,-1,-1,-1,-1,-1,-1,0
Unvalidated,2024501412851,2024,501412851,1,8,0,18,1,5,0,8,0,0,0,0,1,1,1,1,65,9,-1,-1,-1,-1,1,1,E01015058,0
Unvalidated,2024501412851,2024,501412851,2,1,0,18,6,2,0,8,0,0,0,0,4,1,2,2,42,7,-1,-1,-1,-1,3,1,E01015059,0
Unvalidated,2024501412960,2024,501412960,1,9,0,12,2,6,0,0,0,0,0,0,3,1,6,1,34,6,-1,-1,-1,-1,4,3,E01018922,0
Unvalidated,2024501412960,2024,501412960,2,19,0,18,2,6,0,0,0,0,0,0,4,1,6,1,21,5,-1,-1,-1,-1,1,1,W01001659,0
Unvalidated,2024501412972,2024,501412972,1,9,0,5,8,4,0,0,0,0,0,0,1,1,6,1,76,11,-1,-1,-1,-1,6,1,E01020021,0
Unvalidated,2024501412972,2024,501412972,2,9,0,18,5,2,0,0,0,0,0,0,1,1,5,1,37,7,-1,-1,-1,-1,10,1,E01019909,0
Unvalidated,2024501413005,2024,501413005,1,19,0,1,5,5,0,1,0,0,0,0,2,1,5,1,46,8,-1,-1,-1,-1,7,3,E01019960,0
Unvalidated,2024501413021,2024,501413021,1,9,0,18,7,3,1,1,0,0,0,0,3,1,6,1,38,7,-1,-1,-1,-1,2,1,E01020039,0
Unvalidated,2024501413021,2024,501413021,2,3,0,18,3,1,0,1,1,0,0,0,1,1,6,1,16,4,-1,-1,-1,-1,4,2,E01020041,0
Unvalidated,2024501413032,2024,501413032,1,9,0,18,8,4,0,0,0,0,0,0,1,1,2,1,27,6,-1,-1,-1,-1,8,2,E01020240,0
Unvalidated,2024501413032,2024,501413032,2,19,0,3,8,4,0,0,0,0,0,0,2,1,1,1,47,8,-1,-1,-1,-1,3,1,E01019051,0
Unvalidated,2024501413150,2024,501413150,1,9,0,18,5,1,0,1,0,0,0,0,1,1,6,2,20,4,-1,-1,-1,-1,3,2,E01018937,0
Unvalidated,2024501413150,2024,501413150,2,9,0,3,5,1,0,1,0,0,0,0,2,1,5,2,21,5,-1,-1,-1,-1,4,3,E01018881,0
Unvalidated,2024501413197,2024,501413197,1,19,0,99,3,7,0,1,0,0,0,0,4,1,6,3,-1,-1,-1,-1,-1,-1,-1,-1,-1,0
Unvalidated,2024501413197,2024,501413197,2,1,0,18,3,7,4,1,0,0,0,0,3,1,5,1,41,7,-1,-1,-1,-1,7,1,E01015120,0
Unvalidated,2024501413265,2024,501413265,1,9,0,18,5,1,0,4,0,0,0,0,0,1,6,3,25,5,-1,-1,-1,-1,7,2,E01020258,0
Unvalidated,2024501413265,2024,501413265,2,1,0,18,3,7,0,3,0,7,7,10,1,1,5,1,64,9,-1,-1,-1,-1,5,1,E01020040,0
Unvalidated,2024501413387,2024,501413387,1,9,-1,18,2,6,0,0,2,0,2,0,4,1,5,2,28,6,-1,-1,-1,-1,5,1,E01020117,0
Unvalidated,2024501413400,2024,501413400,1,9,0,18,8,4,0,0,1,4,0,0,1,1,6,2,63,9,-1,-1,-1,-1,4,3,E01020291,0
Unvalidated,2024501413400,2024,501413400,2,9,0,2,4,8,0,0,0,0,0,0,1,1,6,2,23,5,-1,-1,-1,-1,4,3,E01020293,0
Unvalidated,2024501413400,2024,501413400,3,9,0,2,8,4,0,0,0,0,0,0,2,1,6,1,56,9,-1,-1,-1,-1,4,3,E01018951,0
Unvalidated,2024501413455,2024,501413455,1,9,0,18,7,3,0,0,0,0,0,0,3,1,6,2,20,4,-1,-1,-1,-1,2,1,E01015216,0
Unvalidated,2024501413464,2024,501413464,1,9,0,18,6,1,0,1,0,0,0,0,1,1,6,1,17,4,-1,-1,-1,-1,6,2,E01020304,0
Unvalidated,2024501413464,2024,501413464,2,9,0,18,1,6,0,1,0,0,0,0,1,1,1,2,27,6,-1,-1,-1,-1,-1,1,-1,0
Unvalidated,2024501413488,2024,501413488,1,9,0,17,8,5,0,0,0,0,0,0,1,1,5,2,28,6,-1,-1,-1,-1,3,1,E01019042,0
Unvalidated,2024501413488,2024,501413488,2,9,0,16,5,8,0,0,0,0,0,0,1,1,5,2,50,8,-1,-1,-1,-1,4,1,E01019073,0
Unvalidated,2024501413533,2024,501413533,1,9,0,18,3,7,0,0,0,0,0,0,1,1,5,2,73,10,-1,-1,-1,-1,3,1,E01015063,0
Unvalidated,2024501413533,2024,501413533,2,9,0,4,3,7,0,0,0,0,0,0,2,1,5,1,35,6,-1,-1,-1,-1,3,1,E01015032,0
Unvalidated,2024501413658,2024,501413658,1,9,0,5,2,5,0,1,0,0,0,0,1,1,6,2,51,8,-1,-1,-1,-1,3,1,E01020229,0
Unvalidated,2024501413658,2024,501413658,2,9,0,18,1,5,0,1,0,0,0,0,4,1,6,1,85,11,-1,-1,-1,-1,7,1,E01020233,0
Unvalidated,2024501413759,2024,501413759,1,9,0,9,4,2,0,8,0,0,0,0,1,1,5,1,31,6,-1,-1,-1,-1,-1,-1,-1,0
Unvalidated,2024501413759,2024,501413759,2,3,0,5,8,4,0,8,0,0,0,0,1,1,1,1,26,6,-1,-1,-1,-1,8,2,E01020061,0
Unvalidated,2024501413774,2024,501413774,1,9,0,18,5,1,0,2,0,0,7,0,3,1,6,1,38,7,-1,-1,-1,-1,2,3,E01019069,0
Unvalidated,2024501413792,2024,501413792,1,9,0,18,4,8,0,0,2,0,8,0,3,1,6,1,30,6,-1,-1,-1,-1,6,3,E01019891,0
Unvalidated,2024501413809,2024,501413809,1,9,0,18,1,5,0,4,0,0,0,0,1,1,5,2,78,11,-1,-1,-1,-1,1,1,E01020094,0
Unvalidated,2024501413809,2024,501413809,2,9,0,18,7,3,0,3,0,0,0,0,4,1,5,1,21,5,-1,-1,-1,-1,5,1,E01020117,0
Unvalidated,2024501413852,2024,501413852,1,9,0,18,6,2,0,0,0,0,0,0,1,1,6,1,-1,-1,-1,-1,-1,-1,-1,-1,-1,0
Unvalidated,2024501413852,2024,501413852,2,9,0,3,6,2,0,0,0,0,0,0,-1,1,5,1,32,6,-1,-1,-1,-1,2,1,E01015170,0
Unvalidated,2024501413880,2024,501413880,1,9,0,18,1,5,0,0,0,0,0,0,1,1,6,1,20,4,-1,-1,-1,-1,2,1,E01018865,0
Unvalidated,2024501413880,2024,501413880,2,1,0,18,5,1,0,0,0,0,0,0,2,1,5,1,59,9,-1,-1,-1,-1,4,1,E01018890,0
Unvalidated,2024501413890,2024,501413890,1,9,0,12,5,1,0,0,0,0,0,0,1,1,6,1,21,5,-1,-1,-1,-1,4,1,E01020252,0
Unvalidated,2024501413890,2024,501413890,2,9,0,18,5,1,0,0,0,0,8,6,2,1,5,2,51,8,-1,-1,-1,-1,4,1,E01020571,0
Unvalidated,2024501413892,2024,501413892,1,9,0,99,-1,-1,0,8,0,0,0,0,9,1,6,1,53,8,-1,-1,-1,-1,2,1,E01015086,0
Unvalidated,2024501413892,2024,501413892,2,1,0,99,-1,-1,0,8,0,0,0,0,9,1,6,1,46,8,-1,-1,-1,-1,4,1,E01015142,0
Unvalidated,2024501413958,2024,501413958,1,9,0,18,5,1,0,0,0,0,0,0,1,1,6,1,68,10,-1,-1,-1,-1,2,1,E01015171,0
Unvalidated,2024501413967,2024,501413967,1,9,0,18,5,2,0,0,2,10,2,7,4,1,5,1,26,6,-1,-1,-1,-1,7,2,E01020206,0
Unvalidated,2024501414023,2024,501414023,1,9,0,18,7,3,0,0,0,0,7,11,1,1,5,2,25,5,-1,-1,-1,-1,4,1,E01020337,0
Unvalidated,2024501414192,2024,501414192,1,9,0,1,0,5,0,0,0,11,0,0,2,1,1,1,63,9,-1,-1,-1,-1,8,2,E01033294,0
Unvalidated,2024501414224,2024,501414224,1,9,0,18,1,5,0,1,0,0,0,0,1,1,6,1,79,11,-1,-1,-1,-1,2,1,E01015044,0
Unvalidated,2024501414224,2024,501414224,2,9,0,9,5,3,0,1,0,0,0,0,1,1,2,1,57,9,-1,-1,-1,-1,3,2,E01022254,0
Unvalidated,2024501414234,2024,501414234,1,4,0,18,2,6,0,0,1,11,0,0,1,1,6,1,21,5,-1,-1,-1,-1,6,3,E01019891,0
Unvalidated,2024501414256,2024,501414256,1,9,0,18,7,4,0,0,5,0,7,0,1,1,6,2,38,7,-1,-1,-1,-1,3,2,E01019038,0
Unvalidated,2024501414263,2024,501414263,1,9,0,7,5,6,6,4,1,0,0,0,3,1,5,2,68,10,-1,-1,-1,-1,9,1,E01020266,0
Unvalidated,2024501414263,2024,501414263,2,9,0,18,2,7,6,3,0,0,0,0,1,1,1,1,57,9,-1,-1,-1,-1,4,1,E01015177,0
Unvalidated,2024501414265,2024,501414265,1,9,0,5,4,1,0,1,0,0,0,0,1,1,5,2,64,9,-1,-1,-1,-1,5,2,E01018976,0
Unvalidated,2024501414265,2024,501414265,2,97,0,9,6,3,0,1,5,0,0,0,2,1,6,1,35,6,-1,-1,-1,-1,6,1,E01018915,0
Unvalidated,2024501414358,2024,501414358,1,9,0,18,7,3,0,8,0,0,0,0,1,1,5,1,19,4,-1,-1,-1,-1,9,3,E01019937,0
Unvalidated,2024501414358,2024,501414358,2,9,0,6,1,4,0,8,0,0,0,0,3,1,5,1,46,8,-1,-1,-1,-1,9,2,E01019937,0
Unvalidated,2024501414374,2024,501414374,1,9,0,18,7,3,0,0,2,0,1,10,4,1,5,1,19,4,-1,-1,-1,-1,8,2,E01020091,0
Unvalidated,2024501414374,2024,501414374,2,9,0,18,3,7,0,0,0,0,0,0,3,1,6,2,-1,-1,-1,-1,-1,-1,9,3,E01020090,0
Unvalidated,2024501414375,2024,501414375,1,9,0,18,7,3,0,1,0,0,0,0,1,1,3,2,19,4,-1,-1,-1,-1,5,3,E01018847,0
Unvalidated,2024501414375,2024,501414375,2,9,0,18,7,3,0,1,0,0,0,0,2,1,6,2,61,9,-1,-1,-1,-1,6,3,E01018845,0
Unvalidated,2024501414375,2024,501414375,3,9,0,8,1,3,0,1,0,0,0,0,0,1,6,2,61,9,-1,-1,-1,-1,5,1,E01018853,0
Unvalidated,2024501414428,2024,501414428,1,9,0,8,2,3,0,0,0,0,7,0,2,1,5,2,65,9,-1,-1,-1,-1,4,1,E01018914,0
Unvalidated,2024501414428,2024,501414428,2,9,0,8,2,3,0,0,0,0,7,0,1,1,5,2,77,11,-1,-1,-1,-1,4,2,E01019002,0
Unvalidated,2024501414465,2024,501414465,1,9,0,18,5,1,0,8,0,0,0,0,4,1,1,2,47,8,-1,-1,-1,-1,1,1,E01015075,0
Unvalidated,2024501414681,2024,501414681,1,90,0,17,5,2,0,0,5,11,0,0,4,1,6,2,36,7,-1,-1,-1,-1,5,1,E01015215,0
Unvalidated,2024501414740,2024,501414740,1,19,0,3,8,4,0,0,0,0,0,0,2,1,1,1,67,10,-1,-1,-1,-1,5,3,E01018940,0
Unvalidated,2024501414740,2024,501414740,2,3,0,18,8,4,0,0,2,0,0,0,1,1,2,2,22,5,-1,-1,-1,-1,5,2,E01020342,0
Unvalidated,2024501414788,2024,501414788,1,9,0,3,8,4,0,0,0,0,0,0,1,1,6,1,65,9,-1,-1,-1,-1,4,3,E01020087,0
Unvalidated,2024501414788,2024,501414788,2,9,0,2,0,0,0,0,0,0,0,0,2,1,6,1,31,6,-1,-1,-1,-1,4,2,E01020135,0
Unvalidated,2024501414798,2024,501414798,1,9,0,18,3,7,0,0,1,0,0,0,2,1,5,1,18,4,-1,-1,-1,-1,3,2,E01018993,0
Unvalidated,2024501414803,2024,501414803,1,19,0,9,1,7,0,8,0,0,0,0,1,1,1,2,36,7,-1,-1,-1,-1,1,1,E01015151,0
Unvalidated,2024501414803,2024,501414803,2,9,0,18,5,1,0,8,0,0,0,0,1,1,2,1,36,7,-1,-1,-1,-1,2,1,E01015044,0
Unvalidated,2024501414809,2024,501414809,1,4,0,18,7,3,0,0,1,0,0,0,1,1,6,1,48,8,-1,-1,-1,-1,1,1,E01015256,0