status,collision_index,collision_year,collision_reference,vehicle_reference,vehicle_type,towing_and_articulation,vehicle_manoeuvre,vehicle_direction_from,vehicle_direction_to,vehicle_location_restricted_lane,junction_location,skidding_and_overturning,hit_object_in_carriageway,vehicle_leaving_carriageway,hit_object_off_carriageway,first_point_of_impact,vehicle_left_hand_drive,journey_purpose_of_driver,sex_of_driver,age_of_driver,age_band_of_driver,engine_capacity_cc,propulsion_code,age_of_vehicle,generic_make_model,driver_imd_decile,driver_home_area_type,lsoa_of_driver,escooter_flag
Unvalidated,2024501414809,2024,501414809,2,9,0,18,7,3,0,0,0,0,0,0,1,1,6,1,74,10,-1,-1,-1,-1,8,1,E01015223,0
Unvalidated,2024501414815,2024,501414815,1,9,0,18,1,5,0,0,2,0,1,10,1,1,5,1,19,4,-1,-1,-1,-1,5,2,E01020098,0
Unvalidated,2024501414830,2024,501414830,1,9,0,18,4,8,0,0,0,0,6,0,1,1,6,1,42,7,-1,-1,-1,-1,6,1,E01020209,0
Unvalidated,2024501414830,2024,501414830,2,9,0,3,8,3,0,0,0,0,0,0,1,1,6,2,32,6,-1,-1,-1,-1,2,1,E01020216,0
Unvalidated,2024501414830,2024,501414830,3,9,0,3,8,4,0,0,0,0,0,0,0,1,6,1,73,10,-1,-1,-1,-1,6,2,E01015252,0
Unvalidated,2024501414830,2024,501414830,4,9,0,3,8,3,0,0,0,0,0,0,1,1,6,1,37,7,-1,-1,-1,-1,8,1,E01020019,0
Unvalidated,2024501414830,2024,501414830,5,9,0,3,8,3,0,0,0,0,0,0,1,1,6,2,54,8,-1,-1,-1,-1,3,1,E01015195,0
Unvalidated,2024501414830,2024,501414830,6,9,0,3,8,4,0,0,0,0,0,0,1,1,6,2,44,7,-1,-1,-1,-1,5,1,E01015215,0
Unvalidated,2024501414830,2024,501414830,7,9,0,3,8,4,0,0,0,0,0,0,0,1,6,1,25,5,-1,-1,-1,-1,3,1,E01020212,0
Unvalidated,2024501414830,2024,501414830,8,9,0,3,8,8,0,0,0,0,0,0,0,1,6,2,56,9,-1,-1,-1,-1,2,1,E01015192,0
Unvalidated,2024501414830,2024,501414830,9,19,0,3,8,7,0,0,0,0,0,0,0,1,6,2,33,6,-1,-1,-1,-1,9,1,E01020215,0
Unvalidated,2024501414830,2024,501414830,10,20,0,3,8,7,0,0,0,0,0,0,0,1,1,1,62,9,-1,-1,-1,-1,5,3,E01020319,0
Unvalidated,2024501414830,2024,501414830,11,9,0,3,8,3,0,0,0,0,0,0,1,1,6,1,35,6,-1,-1,-1,-1,5,1,E01020224,0
Unvalidated,2024501414837,2024,501414837,1,9,0,18,7,3,0,0,0,0,0,0,3,1,5,2,17,4,-1,-1,-1,-1,7,1,E01015134,0
Unvalidated,2024501414837,2024,501414837,2,9,0,18,3,7,0,0,0,0,0,0,4,1,5,2,45,7,-1,-1,-1,-1,5,3,E01020331,0
Unvalidated,2024501414903,2024,501414903,1,9,0,18,6,2,0,0,0,0,9,0,1,1,6,1,-1,-1,-1,-1,-1,-1,-1,-1,-1,0
Unvalidated,2024501414903,2024,501414903,2,9,0,3,6,2,0,0,0,0,9,0,2,1,6,2,21,5,-1,-1,-1,-1,9,1,E01015025,0
Unvalidated,2024501414903,2024,501414903,3,9,0,3,6,2,0,0,0,0,9,0,2,1,6,2,-1,-1,-1,-1,-1,-1,-1,-1,-1,0
Unvalidated,2024501414950,2024,501414950,1,9,0,18,4,8,0,2,0,0,0,0,1,1,2,1,18,4,-1,-1,-1,-1,7,1,E01018899,0
Unvalidated,2024501414970,2024,501414970,1,9,0,18,4,8,0,1,0,0,0,0,1,1,6,1,64,9,-1,-1,-1,-1,7,2,E01019942,0
Unvalidated,2024501414970,2024,501414970,2,9,0,3,4,8,0,1,0,0,0,0,2,1,6,2,70,10,-1,-1,-1,-1,8,3,E01019961,0
Unvalidated,2024501414970,2024,501414970,3,9,0,3,4,8,0,1,0,0,0,0,2,1,5,1,37,7,-1,-1,-1,-1,6,3,E01019891,0
Unvalidated,2024501415010,2024,501415010,1,9,0,18,4,8,0,0,0,0,0,0,1,1,6,1,37,7,-1,-1,-1,-1,5,3,E01033289,0
Unvalidated,2024501415010,2024,501415010,2,9,0,18,8,4,0,0,0,0,0,0,1,1,5,2,59,9,-1,-1,-1,-1,9,2,E01030934,0
Unvalidated,2024501415086,2024,501415086,1,9,0,9,4,1,0,6,0,0,0,0,1,1,6,2,34,6,-1,-1,-1,-1,10,1,E01015033,0
Unvalidated,2024501415086,2024,501415086,2,8,0,18,1,5,0,8,0,0,0,0,4,1,1,2,27,6,-1,-1,-1,-1,4,1,E01015142,0
Unvalidated,2024501415134,2024,501415134,1,9,0,18,3,6,0,4,0,0,0,0,1,1,6,2,56,9,-1,-1,-1,-1,8,1,E01020066,0
Unvalidated,2024501415134,2024,501415134,2,1,0,18,8,3,0,3,0,0,0,0,2,1,6,2,55,8,-1,-1,-1,-1,8,1,E01020051,0
Unvalidated,2024501415158,2024,501415158,1,3,0,18,2,6,0,8,1,0,0,0,1,1,2,1,50,8,-1,-1,-1,-1,7,1,E01015066,0
Unvalidated,2024501415297,2024,501415297,1,11,0,18,2,6,0,0,0,0,0,0,3,1,1,1,65,9,-1,-1,-1,-1,2,1,E01020037,0
Unvalidated,2024501415297,2024,501415297,2,1,0,18,6,2,0,0,1,0,0,0,4,1,6,1,21,5,-1,-1,-1,-1,5,1,E01019994,0
Unvalidated,2024501415321,2024,501415321,1,9,0,2,6,6,0,1,0,0,0,0,2,1,3,2,35,6,-1,-1,-1,-1,-1,-1,-1,0
Unvalidated,2024501415321,2024,501415321,2,1,0,18,2,6,0,1,5,4,0,0,1,1,5,1,28,6,-1,-1,-1,-1,9,1,E01019952,0
Unvalidated,2024501415349,2024,501415349,1,9,0,18,5,1,9,0,0,0,7,10,1,1,6,2,-1,-1,-1,-1,-1,-1,-1,-1,-1,0
Unvalidated,2024501415367,2024,501415367,1,9,0,18,2,6,0,8,1,0,7,7,4,1,5,2,48,8,-1,-1,-1,-1,7,3,E01020176,0
Unvalidated,2024501415367,2024,501415367,2,9,0,9,5,2,0,6,0,0,0,0,1,1,5,2,41,7,-1,-1,-1,-1,5,2,E01018768,0
Unvalidated,2024501415372,2024,501415372,1,9,0,9,7,3,0,8,0,0,0,0,4,1,5,1,64,9,-1,-1,-1,-1,8,1,E01015251,0
Unvalidated,2024501415372,2024,501415372,2,1,0,18,7,3,0,8,2,0,0,0,1,1,5,1,54,8,-1,-1,-1,-1,1,1,E01015256,0
Unvalidated,2024501415554,2024,501415554,1,3,0,4,2,6,0,0,5,0,0,0,0,1,5,2,18,4,-1,-1,-1,-1,5,3,E01018945,0
Unvalidated,2024501415569,2024,501415569,1,19,0,17,2,6,0,0,2,0,7,4,1,1,6,1,34,6,-1,-1,-1,-1,4,3,E01020311,0
Unvalidated,2024501415569,2024,501415569,2,9,0,2,8,1,0,0,0,4,0,0,1,1,6,1,59,9,-1,-1,-1,-1,4,3,E01020321,0
Unvalidated,2024501415586,2024,501415586,1,8,0,18,7,3,2,1,0,0,0,0,1,1,6,1,40,7,-1,-1,-1,-1,6,3,E01020083,0
Unvalidated,2024501415586,2024,501415586,2,9,0,9,4,2,0,1,0,0,0,0,3,1,6,1,23,5,-1,-1,-1,-1,7,1,E01020008,0
Unvalidated,2024501415657,2024,501415657,1,9,0,18,7,3,0,0,0,0,7,11,1,1,6,1,34,6,-1,-1,-1,-1,3,3,E01018982,0
Unvalidated,2024501415889,2024,501415889,1,9,0,9,8,6,0,1,0,0,0,0,3,1,1,1,77,11,-1,-1,-1,-1,7,2,E01020258,0
Unvalidated,2024501415889,2024,501415889,2,1,0,7,6,8,0,1,0,0,0,0,1,1,5,1,61,9,-1,-1,-1,-1,9,3,E01020239,0
Unvalidated,2024501415889,2024,501415889,3,1,0,7,6,8,0,1,0,0,0,0,1,1,5,1,49,8,-1,-1,-1,-1,4,1,E01020254,0
Unvalidated,2024501415971,2024,501415971,1,9,0,18,6,3,0,0,0,0,1,4,1,1,6,1,35,6,-1,-1,-1,-1,8,1,E01020102,0
Unvalidated,2024501416009,2024,501416009,1,4,0,18,1,5,0,0,1,0,1,0,1,1,6,1,32,6,-1,-1,-1,-1,6,1,E01015246,0
Unvalidated,2024501416024,2024,501416024,1,19,0,7,4,8,0,5,0,0,0,0,1,1,2,1,38,7,-1,-1,-1,-1,4,3,E01019024,0
Unvalidated,2024501416117,2024,501416117,1,19,4,18,8,4,0,0,0,0,0,0,4,1,6,1,-1,-1,-1,-1,-1,-1,-1,-1,-1,0
Unvalidated,2024501416117,2024,501416117,2,9,0,7,2,4,0,0,0,0,0,0,1,1,1,2,20,4,-1,-1,-1,-1,5,3,E01020157,0
Unvalidated,2024501416203,2024,501416203,1,9,0,3,1,5,0,1,0,0,0,0,1,1,6,1,33,6,-1,-1,-1,-1,6,3,E01020083,0
Unvalidated,2024501416203,2024,501416203,2,9,-1,18,1,5,0,1,0,0,0,0,2,1,5,2,38,7,-1,-1,-1,-1,5,2,E01020060,0
Unvalidated,2024501416335,2024,501416335,1,9,0,18,1,5,0,1,0,0,0,0,1,1,6,1,62,9,-1,-1,-1,-1,9,1,E01029315,0
Unvalidated,2024501416335,2024,501416335,2,9,0,18,1,5,0,1,0,0,0,0,2,1,6,1,66,10,-1,-1,-1,-1,6,2,E01020063,0
Unvalidated,2024501416345,2024,501416345,1,9,0,9,5,2,0,2,0,0,0,0,3,1,5,1,67,10,-1,-1,-1,-1,5,3,E01020303,0
Unvalidated,2024501416345,2024,501416345,2,9,0,18,2,3,0,1,0,0,0,0,1,1,5,1,59,9,-1,-1,-1,-1,5,3,E01020303,0
Unvalidated,2024501416438,2024,501416438,1,5,0,18,3,7,0,1,0,0,0,0,1,1,6,1,27,6,-1,-1,-1,-1,4,2,E01018938,0
Unvalidated,2024501416438,2024,501416438,2,9,0,9,7,5,0,5,0,0,0,0,4,1,6,2,21,5,-1,-1,-1,-1,4,3,E01020290,0
Unvalidated,2024501416444,2024,501416444,1,4,0,9,5,3,0,6,0,0,0,0,4,1,5,1,61,9,-1,-1,-1,-1,2,1,E01018897,0
Unvalidated,2024501416444,2024,501416444,2,9,0,18,7,3,0,8,0,0,0,0,3,1,5,1,63,9,-1,-1,-1,-1,5,1,E01018912,0
Unvalidated,2024501416511,2024,501416511,1,9,0,18,3,7,0,2,0,0,0,0,1,1,5,2,69,10,-1,-1,-1,-1,7,1,E01020219,0
Unvalidated,2024501416525,2024,501416525,1,9,0,9,7,5,0,8,0,0,0,0,1,1,5,2,53,8,-1,-1,-1,-1,7,1,E01015127,0
Unvalidated,2024501416525,2024,501416525,2,5,0,18,3,7,0,1,1,0,0,0,1,1,5,1,62,9,-1,-1,-1,-1,6,1,E01019971,0
Unvalidated,2024501416531,2024,501416531,1,9,0,18,7,3,0,0,0,0,8,7,3,1,6,1,30,6,-1,-1,-1,-1,6,1,E01029300,0
Unvalidated,2024501416531,2024,501416531,2,9,0,18,7,7,0,0,0,0,0,0,2,1,6,2,50,8,-1,-1,-1,-1,10,1,E01019905,0
Unvalidated,2024501416531,2024,501416531,3,9,0,18,7,6,0,0,0,0,0,0,1,1,6,1,27,6,-1,-1,-1,-1,5,1,E01019924,0
Unvalidated,2024501416768,2024,501416768,1,9,0,18,2,6,0,1,0,0,0,0,1,1,6,2,40,7,-1,-1,-1,-1,4,1,E01018988,0
Unvalidated,2024501416791,2024,501416791,1,9,0,5,7,3,0,6,0,0,0,0,1,1,6,2,61,9,-1,-1,-1,-1,9,3,E01019964,0
Unvalidated,2024501416791,2024,501416791,2,1,0,18,5,1,0,1,0,0,0,0,4,1,6,1,49,8,-1,-1,-1,-1,6,3,E01020202,0
Unvalidated,2024501416853,2024,501416853,1,19,0,18,3,7,0,0,0,0,2,10,4,1,6,1,65,9,-1,-1,-1,-1,10,1,E01014715,0
Unvalidated,2024501416875,2024,501416875,1,9,0,18,4,5,0,0,1,0,0,0,2,1,6,2,49,8,-1,-1,-1,-1,7,1,E01015036,0
Unvalidated,2024501416875,2024,501416875,2,21,1,18,3,4,0,0,0,0,0,0,1,1,1,1,31,6,-1,-1,-1,-1,6,1,E01015136,0
Unvalidated,2024501416882,2024,501416882,1,9,0,18,6,1,0,0,0,0,1,0,4,1,5,1,52,8,-1,-1,-1,-1,6,1,E01020207,0
Unvalidated,2024501416919,2024,501416919,1,8,0,4,1,5,0,1,0,0,0,0,0,1,1,1,37,7,-1,-1,-1,-1,3,1,E01019991,0
Unvalidated,2024501417152,2024,501417152,1,90,0,18,3,5,0,0,0,0,0,0,3,1,6,1,56,9,-1,-1,-1,-1,4,1,W01001686,0
Unvalidated,2024501417152,2024,501417152,2,19,0,18,5,3,0,0,0,0,0,0,3,2,1,1,64,9,-1,-1,-1,-1,6,1,E01018915,0
Unvalidated,2024501417168,2024,501417168,1,9,0,18,1,5,0,0,0,0,0,0,1,1,6,3,-1,-1,-1,-1,-1,-1,-1,-1,-1,0
Unvalidated,2024501417314,2024,501417314,1,9,0,18,8,4,0,0,0,0,0,0,1,1,2,1,29,6,-1,-1,-1,-1,9,1,E01015197,0
Unvalidated,2024501417320,2024,501417320,1,9,0,4,5,1,0,1,0,0,0,0,1,1,6,2,64,9,-1,-1,-1,-1,4,2,E01020305,0
Unvalidated,2024501417320,2024,501417320,2,9,0,3,5,1,0,1,1,0,0,0,2,1,6,1,38,7,-1,-1,-1,-1,5,3,E01020303,0
Unvalidated,2024501417320,2024,501417320,3,9,0,4,6,2,0,1,0,0,0,0,2,1,6,2,39,7,-1,-1,-1,-1,4,2,E01020305,0
Unvalidated,2024501417370,2024,501417370,2,9,0,18,1,5,0,1,5,0,6,0,4,1,1,2,41,7,-1,-1,-1,-1,3,1,E01015167,0
Unvalidated,2024501417370,2024,501417370,3,9,0,3,3,7,0,1,0,0,0,0,1,1,5,1,75,10,-1,-1,-1,-1,2,1,E01015073,0
Unvalidated,2024501417526,2024,501417526,1,9,0,18,1,5,0,1,0,0,0,0,1,1,6,2,-1,-1,-1,-1,-1,-1,-1,-1,-1,0
Unvalidated,2024501417594,2024,501417594,1,9,-1,5,-1,-1,0,1,0,0,0,0,1,1,6,1,76,11,-1,-1,-1,-1,9,1,E01015104,0
Unvalidated,2024501417598,2024,501417598,1,19,4,18,5,1,0,0,2,0,7,10,1,1,5,1,61,9,-1,-1,-1,-1,5,3,E01020301,0
Unvalidated,2024501417606,2024,501417606,1,9,0,18,3,7,0,0,0,0,0,0,1,1,5,2,64,9,-1,-1,-1,-1,1,1,E01019004,0
Unvalidated,2024501417606,2024,501417606,2,1,0,18,7,3,0,0,0,0,0,0,4,1,4,2,11,3,-1,-1,-1,-1,1,1,E01018997,0
Unvalidated,2024501417613,2024,501417613,1,9,0,7,7,3,0,6,0,0,0,0,3,1,2,1,28,6,-1,-1,-1,-1,3,1,E01019991,0
Unvalidated,2024501417613,2024,501417613,2,1,0,18,7,3,0,8,0,0,0,0,1,1,2,1,39,7,-1,-1,-1,-1,5,1,E01020006,0
Unvalidated,2024501417665,2024,501417665,1,9,0,18,2,6,0,0,0,0,1,4,1,1,6,1,68,10,-1,-1,-1,-1,3,2,E01019053,0
Unvalidated,2024501417673,2024,501417673,1,9,9,18,8,4,0,0,0,0,0,0,1,1,6,3,-1,-1,-1,-1,-1,-1,-1,-1,-1,0
Unvalidated,2024501417673,2024,501417673,2,9,0,4,8,4,0,0,0,0,0,0,2,1,5,2,32,6,-1,-1,-1,-1,6,1,E01019014,0
Unvalidated,2024501417687,2024,501417687,1,9,0,18,2,8,0,4,0,0,0,0,1,1,6,3,-1,-1,-1,-1,-1,-1,-1,-1,-1,0
Unvalidated,2024501417687,2024,501417687,2,9,0,18,1,5,0,8,0,0,0,0,4,1,5,2,31,6,-1,-1,-1,-1,4,3,E01018908,0
Unvalidated,2024501417816,2024,501417816,1,9,0,18,4,8,0,0,0,0,0,0,1,1,6,1,78,11,-1,-1,-1,-1,2,1,E01020297,0
Unvalidated,2024501417816,2024,501417816,2,9,0,18,4,7,0,0,0,0,0,0,2,1,6,1,42,7,-1,-1,-1,-1,4,1,E01020279,0
Unvalidated,2024501417973,2024,501417973,1,9,0,3,2,6,0,8,0,0,0,0,3,1,1,2,56,9,-1,-1,-1,-1,7,1,E01015203,0
Unvalidated,2024501417973,2024,501417973,2,4,0,18,5,8,0,8,0,0,0,0,1,1,1,1,38,7,-1,-1,-1,-1,4,1,E01015269,0
Unvalidated,2024501418095,2024,501418095,1,9,0,17,4,8,0,0,1,0,1,4,1,1,6,2,47,8,-1,-1,-1,-1,4,3,E01020302,0
Unvalidated,2024501418169,2024,501418169,1,9,0,18,5,1,0,1,0,0,0,0,1,1,5,1,28,6,-1,-1,-1,-1,4,2,E01020293,0
Unvalidated,2024501418231,2024,501418231,1,9,0,18,4,8,0,1,0,0,0,0,1,1,6,2,73,10,-1,-1,-1,-1,2,1,E01015074,0
Unvalidated,2024501418231,2024,501418231,2,9,0,4,4,8,0,1,0,0,0,0,2,1,5,2,47,8,-1,-1,-1,-1,6,1,E01015079,0
Unvalidated,2024501418245,2024,501418245,1,9,0,14,2,6,0,0,0,0,7,10,4,1,2,2,27,6,-1,-1,-1,-1,5,2,E01020101,0
Unvalidated,2024501418245,2024,501418245,2,9,0,14,2,6,0,0,0,4,0,0,3,1,6,1,31,6,-1,-1,-1,-1,4,3,E01020100,0
Unvalidated,2024501418245,2024,501418245,3,11,0,2,0,0,0,0,0,0,0,0,3,1,6,1,65,9,-1,-1,-1,-1,3,1,E01020114,0
Unvalidated,2024501418271,2024,501418271,1,98,0,5,7,6,0,8,0,0,0,0,4,1,1,1,30,6,-1,-1,-1,-1,7,1,E01018889,0
Unvalidated,2024501418271,2024,501418271,2,5,0,18,2,6,0,8,1,0,0,0,3,1,5,1,53,8,-1,-1,-1,-1,4,1,E01018877,0
Unvalidated,2024501418314,2024,501418314,1,9,9,9,4,3,0,1,0,0,9,0,9,1,6,3,-1,-1,-1,-1,-1,-1,-1,-1,-1,0
Unvalidated,2024501418314,2024,501418314,2,3,0,5,8,8,0,1,0,0,9,0,1,1,6,1,17,4,-1,-1,-1,-1,2,1,E01015074,0
Unvalidated,2024501418367,2024,501418367,1,2,0,15,1,5,0,0,0,0,0,0,1,1,1,1,16,4,-1,-1,-1,-1,5,1,E01020256,0
Unvalidated,2024501418367,2024,501418367,2,9,0,9,3,8,0,0,0,0,0,0,1,1,1,2,29,6,-1,-1,-1,-1,-1,1,-1,0
Unvalidated,2024501418444,2024,501418444,1,9,0,18,4,7,0,0,2,0,1,10,4,1,5,2,54,8,-1,-1,-1,-1,5,1,E01020283,0
Unvalidated,2024501418525,2024,501418525,1,9,0,2,0,0,0,0,0,0,0,0,2,1,6,2,57,9,-1,-1,-1,-1,8,2,E01019890,0
Unvalidated,2024501418525,2024,501418525,2,9,0,18,1,5,0,0,0,0,0,0,3,1,6,1,80,11,-1,-1,-1,-1,7,2,E01019948,0
Unvalidated,2024501418630,2024,501418630,1,1,0,18,7,3,0,1,0,0,0,0,1,1,5,1,46,8,-1,-1,-1,-1,1,1,E01015149,0
Unvalidated,2024501418630,2024,501418630,2,9,0,2,0,0,0,1,0,0,0,0,2,1,6,1,44,7,-1,-1,-1,-1,4,1,E01015147,0
Unvalidated,2024501418664,2024,501418664,1,9,0,18,8,4,0,0,1,0,2,3,4,1,2,1,33,6,-1,-1,-1,-1,-1,2,-1,0
Unvalidated,2024501418668,2024,501418668,1,9,0,18,5,1,0,0,0,0,0,0,1,1,6,2,57,9,-1,-1,-1,-1,10,1,E01020004,0
Unvalidated,2024501418668,2024,501418668,2,9,0,18,1,5,0,0,0,0,0,0,4,1,6,1,69,10,-1,-1,-1,-1,7,3,E01019960,0
Unvalidated,2024501418694,2024,501418694,1,9,0,18,5,1,0,0,0,0,0,0,4,1,6,2,-1,-1,-1,-1,-1,-1,-1,-1,-1,0
Unvalidated,2024501418714,2024,501418714,1,9,0,18,1,6,0,8,0,0,0,0,0,1,6,3,-1,-1,-1,-1,-1,-1,-1,-1,-1,0
Unvalidated,2024501418714,2024,501418714,2,9,-1,18,6,3,0,8,0,0,0,0,2,1,6,2,51,8,-1,-1,-1,-1,4,1,E01015265,0
Unvalidated,2024501418714,2024,501418714,3,9,0,18,6,3,0,1,0,0,0,0,1,1,6,2,30,6,-1,-1,-1,-1,5,1,E01015191,0
Unvalidated,2024501418765,2024,501418765,1,9,0,9,8,7,0,0,0,0,0,0,1,1,6,1,63,9,-1,-1,-1,-1,4,1,E01015169,0
Unvalidated,2024501418853,2024,501418853,1,9,0,9,6,3,0,5,0,0,1,0,2,1,6,2,36,7,-1,-1,-1,-1,4,1,E01020052,0
Unvalidated,2024501418853,2024,501418853,2,1,0,18,1,6,0,1,1,0,0,0,1,1,5,1,43,7,-1,-1,-1,-1,6,2,E01020063,0
Unvalidated,2024501418856,2024,501418856,1,9,0,18,6,2,0,0,5,11,7,8,3,1,5,1,22,5,-1,-1,-1,-1,6,3,E01020142,0
Unvalidated,2024501419004,2024,501419004,1,9,0,18,2,6,0,0,1,0,0,0,1,1,6,1,33,6,-1,-1,-1,-1,7,1,E01020298,0
Unvalidated,2024501419004,2024,501419004,2,9,0,18,6,2,0,0,0,0,0,0,1,1,6,2,20,4,-1,-1,-1,-1,5,3,E01020303,0
Unvalidated,2024501419039,2024,501419039,1,9,0,18,2,6,0,0,0,11,0,0,1,1,5,2,85,11,-1,-1,-1,-1,9,1,E01015197,0
Unvalidated,2024501419039,2024,501419039,2,9,0,4,2,6,0,0,0,0,0,0,2,1,5,1,52,8,-1,-1,-1,-1,5,1,E01015092,0
Unvalidated,2024501419117,2024,501419117,1,9,0,17,3,7,0,1,0,0,0,0,1,1,6,3,-1,-1,-1,-1,-1,-1,-1,-1,-1,0
Unvalidated,2024501419179,2024,501419179,1,9,0,5,7,5,0,8,0,0,0,0,1,1,6,2,64,9,-1,-1,-1,-1,3,1,E01015168,0
Unvalidated,2024501419179,2024,501419179,2,3,0,18,5,1,0,1,0,0,0,0,4,1,5,2,32,6,-1,-1,-1,-1,2,1,E01015044,0
Unvalidated,2024501419253,2024,501419253,1,9,0,18,3,7,0,1,0,0,0,0,1,1,6,1,29,6,-1,-1,-1,-1,7,3,E01032628,0
Unvalidated,2024501419253,2024,501419253,2,9,0,10,3,5,0,1,0,0,0,0,2,1,2,2,60,9,-1,-1,-1,-1,6,3,E01020056,0
Unvalidated,2024501419311,2024,501419311,1,9,0,18,7,3,0,6,0,0,0,0,4,1,5,3,-1,-1,-1,-1,-1,-1,-1,-1,-1,0
Unvalidated,2024501419435,2024,501419435,1,19,0,18,8,2,0,1,0,0,0,0,1,1,6,1,70,10,-1,-1,-1,-1,6,3,E01018985,0
Unvalidated,2024501419435,2024,501419435,2,9,0,3,8,2,0,1,0,0,0,0,2,1,5,2,39,7,-1,-1,-1,-1,-1,-1,-1,0
Unvalidated,2024501419495,2024,501419495,1,9,0,5,1,7,0,6,0,0,0,0,1,1,1,2,27,6,-1,-1,-1,-1,3,1,E01015167,0
Unvalidated,2024501419495,2024,501419495,2,9,0,18,3,7,0,6,0,0,0,0,1,1,5,1,83,11,-1,-1,-1,-1,7,1,E01020011,0
Unvalidated,2024501419584,2024,501419584,1,9,0,-1,4,7,-1,0,1,0,7,0,1,1,-1,1,18,4,-1,-1,-1,-1,3,3,E01018991,0
Unvalidated,2024501419910,2024,501419910,1,9,0,18,6,2,1,0,1,0,1,9,4,1,5,1,37,7,-1,-1,-1,-1,10,1,E01023563,0
Unvalidated,2024501419924,2024,501419924,1,9,0,17,1,5,0,0,1,0,1,0,1,1,2,2,60,9,-1,-1,-1,-1,5,3,E01020049,0
Unvalidated,2024501419924,2024,501419924,2,9,0,18,5,1,0,0,1,0,0,0,1,1,5,1,63,9,-1,-1,-1,-1,6,3,E01019903,0
Unvalidated,2024501419934,2024,501419934,1,9,0,18,1,5,0,0,1,0,1,4,1,1,6,1,48,8,-1,-1,-1,-1,8,1,E01019929,0
Unvalidated,2024501419961,2024,501419961,1,9,0,18,2,6,0,1,1,0,0,0,1,1,5,2,48,8,-1,-1,-1,-1,4,1,E01020271,0
Unvalidated,2024501419961,2024,501419961,2,9,0,10,2,6,0,1,0,0,0,0,2,1,5,2,43,7,-1,-1,-1,-1,8,2,E01020201,0
Unvalidated,2024501419976,2024,501419976,1,4,0,13,6,2,0,1,1,0,0,0,0,1,5,1,36,7,-1,-1,-1,-1,3,3,E01018769,0
Unvalidated,2024501420012,2024,501420012,1,90,0,18,2,6,9,8,0,0,0,0,1,1,5,1,17,4,-1,-1,-1,-1,4,2,E01020307,0
Unvalidated,2024501420012,2024,501420012,2,9,0,2,0,0,9,2,0,0,0,0,4,1,6,3,-1,-1,-1,-1,-1,-1,-1,-1,-1,0
Unvalidated,2024501420053,2024,501420053,1,9,0,17,5,1,0,0,0,0,0,0,3,1,6,1,58,9,-1,-1,-1,-1,9,3,E01020316,0
Unvalidated,2024501420053,2024,501420053,2,5,0,16,1,5,0,0,0,0,0,0,3,1,2,1,51,8,-1,-1,-1,-1,4,1,E01015265,0
Unvalidated,2024501420164,2024,501420164,1,9,0,18,8,4,0,4,0,0,1,0,1,1,6,1,19,4,-1,-1,-1,-1,3,3,E01019052,0
Unvalidated,2024501420164,2024,501420164,2,5,0,5,6,2,0,3,5,0,0,0,4,1,6,1,59,9,-1,-1,-1,-1,7,2,E01018827,0
Unvalidated,2024501420294,2024,501420294,1,5,0,14,3,7,0,1,5,0,0,0,1,1,2,1,21,5,-1,-1,-1,-1,6,3,E01018845,0
Unvalidated,2024501420294,2024,501420294,2,9,0,9,4,1,0,1,5,0,0,0,3,1,5,2,37,7,-1,-1,-1,-1,3,2,E01018918,0
Unvalidated,2024501420338,2024,501420338,1,9,0,7,8,2,0,6,0,0,0,0,1,1,5,2,41,7,-1,-1,-1,-1,3,3,E01020323,0
Unvalidated,2024501420338,2024,501420338,2,9,0,18,6,2,0,1,0,0,0,0,4,1,2,2,64,9,-1,-1,-1,-1,6,1,E01020338,0
Unvalidated,2024501420359,2024,501420359,1,11,0,17,5,1,0,0,1,0,7,4,1,1,1,1,83,11,-1,-1,-1,-1,5,1,E01020117,0
Unvalidated,2024501420423,2024,501420423,1,9,0,18,2,6,0,0,0,0,0,0,1,1,5,1,30,6,-1,-1,-1,-1,6,3,E01020121,0
Unvalidated,2024501420423,2024,501420423,2,9,0,18,2,6,0,0,0,0,0,0,2,1,2,2,55,8,-1,-1,-1,-1,4,1,E01020279,0
Unvalidated,2024501420459,2024,501420459,1,9,0,18,1,5,0,1,0,0,7,0,3,1,5,2,42,7,-1,-1,-1,-1,4,3,E01018908,0
Unvalidated,2024501420459,2024,501420459,2,9,0,18,5,1,0,2,0,0,0,0,1,1,5,2,25,5,-1,-1,-1,-1,3,3,E01018918,0
Unvalidated,2024501420504,2024,501420504,1,9,0,17,1,5,6,0,5,0,1,4,1,1,6,1,29,6,-1,-1,-1,-1,4,1,E01020234,0
Unvalidated,2024501420509,2024,501420509,1,9,0,5,5,1,0,5,0,0,0,0,1,1,1,2,51,8,-1,-1,-1,-1,7,1,E01015099,0
Unvalidated,2024501420509,2024,501420509,2,90,0,18,2,5,0,1,0,0,0,0,1,1,1,1,39,7,-1,-1,-1,-1,-1,-1,-1,0
Unvalidated,2024501420528,2024,501420528,1,9,0,4,1,8,0,1,0,0,0,0,1,1,6,1,46,8,-1,-1,-1,-1,4,1,E01015177,0
Unvalidated,2024501420528,2024,501420528,2,3,0,18,7,1,0,1,0,0,0,0,1,1,6,1,33,6,-1,-1,-1,-1,8,1,E01015114,0