status,collision_index,collision_year,collision_reference,vehicle_reference,vehicle_type,towing_and_articulation,vehicle_manoeuvre,vehicle_direction_from,vehicle_direction_to,vehicle_location_restricted_lane,junction_location,skidding_and_overturning,hit_object_in_carriageway,vehicle_leaving_carriageway,hit_object_off_carriageway,first_point_of_impact,vehicle_left_hand_drive,journey_purpose_of_driver,sex_of_driver,age_of_driver,age_band_of_driver,engine_capacity_cc,propulsion_code,age_of_vehicle,generic_make_model,driver_imd_decile,driver_home_area_type,lsoa_of_driver,escooter_flag
Unvalidated,2024501420535,2024,501420535,1,9,0,13,7,5,0,0,0,0,0,0,4,1,6,1,82,11,-1,-1,-1,-1,4,1,E01015185,0
Unvalidated,2024501420535,2024,501420535,2,1,0,18,1,5,0,0,0,0,0,0,3,1,2,1,40,7,-1,-1,-1,-1,2,1,E01015186,0
Unvalidated,2024501420564,2024,501420564,1,9,0,18,3,7,0,1,0,0,0,0,1,1,6,2,62,9,-1,-1,-1,-1,4,1,E01020134,0
Unvalidated,2024501420564,2024,501420564,2,9,0,8,3,7,0,1,0,0,0,0,2,1,5,2,26,6,-1,-1,-1,-1,-1,-1,-1,0
Unvalidated,2024501420585,2024,501420585,1,9,0,18,1,5,0,3,0,0,0,0,3,1,6,1,36,7,-1,-1,-1,-1,8,1,E01020009,0
Unvalidated,2024501420585,2024,501420585,2,1,0,3,3,7,0,1,0,0,0,0,1,1,2,1,34,6,-1,-1,-1,-1,6,1,E01020007,0
Unvalidated,2024501420590,2024,501420590,1,9,0,18,2,6,0,0,0,0,0,0,1,1,6,1,59,9,-1,-1,-1,-1,9,2,E01020186,0
Unvalidated,2024501420590,2024,501420590,2,9,0,3,2,6,0,0,0,0,0,0,2,1,6,2,38,7,-1,-1,-1,-1,6,1,E01020161,0
Unvalidated,2024501420632,2024,501420632,1,9,0,5,5,1,0,1,0,4,0,0,1,1,5,2,65,9,-1,-1,-1,-1,9,2,E01019937,0
Unvalidated,2024501420632,2024,501420632,2,21,0,2,0,0,0,1,0,0,0,0,1,1,1,1,38,7,-1,-1,-1,-1,4,1,E01014786,0
Unvalidated,2024501420673,2024,501420673,1,9,0,18,1,5,0,0,0,8,0,0,1,1,6,2,37,7,-1,-1,-1,-1,2,1,E01018999,0
Unvalidated,2024501420673,2024,501420673,2,9,0,2,0,0,0,0,0,0,0,0,3,1,6,1,42,7,-1,-1,-1,-1,2,1,E01018999,0
Unvalidated,2024501420722,2024,501420722,1,9,0,18,8,4,0,1,0,0,0,0,1,1,6,2,37,7,-1,-1,-1,-1,1,1,E01018878,0
Unvalidated,2024501420749,2024,501420749,1,9,0,18,5,1,0,0,5,0,1,10,4,1,5,1,18,4,-1,-1,-1,-1,-1,-1,-1,0
Unvalidated,2024501420817,2024,501420817,1,5,0,18,3,7,0,0,5,0,7,0,0,1,2,1,63,9,-1,-1,-1,-1,3,1,E01018793,0
Unvalidated,2024501420817,2024,501420817,2,19,0,18,7,3,0,0,1,0,1,0,1,1,1,1,31,6,-1,-1,-1,-1,1,1,E01018930,0
Unvalidated,2024501420833,2024,501420833,1,9,0,9,2,8,0,0,0,0,0,0,1,1,2,1,42,7,-1,-1,-1,-1,1,1,E01018878,0
Unvalidated,2024501420833,2024,501420833,2,3,0,18,8,4,0,0,5,0,0,0,4,1,6,1,22,5,-1,-1,-1,-1,5,2,E01018921,0
Unvalidated,2024501420840,2024,501420840,1,9,0,17,1,5,0,0,5,0,0,0,4,1,2,2,26,6,-1,-1,-1,-1,8,1,E01018805,0
Unvalidated,2024501420857,2024,501420857,1,19,0,12,7,3,0,4,0,0,0,0,1,1,1,1,51,8,-1,-1,-1,-1,1,1,E01008906,0
Unvalidated,2024501420857,2024,501420857,2,19,0,5,7,3,0,4,0,0,0,0,2,1,1,1,51,8,-1,-1,-1,-1,6,3,E01020241,0
Unvalidated,2024501420864,2024,501420864,1,9,0,5,1,5,6,0,0,0,1,0,2,1,5,1,33,6,-1,-1,-1,-1,3,1,E01000630,0
Unvalidated,2024501420864,2024,501420864,2,9,0,18,1,5,0,0,1,0,4,6,1,1,5,1,72,10,-1,-1,-1,-1,9,1,E01019907,0
Unvalidated,2024501420892,2024,501420892,1,9,0,5,1,7,0,5,0,0,1,11,1,1,5,2,77,11,-1,-1,-1,-1,2,1,E01020277,0
Unvalidated,2024501420895,2024,501420895,1,11,0,5,7,2,0,1,0,0,0,0,4,1,1,1,52,8,-1,-1,-1,-1,6,2,E01019058,0
Unvalidated,2024501420899,2024,501420899,1,9,0,18,5,1,0,0,5,0,7,4,1,1,5,1,70,10,-1,-1,-1,-1,5,3,E01018943,0
Unvalidated,2024501420900,2024,501420900,1,3,0,18,1,1,4,1,0,0,0,0,1,1,2,1,26,6,-1,-1,-1,-1,1,1,E01015028,0
Unvalidated,2024501420900,2024,501420900,2,1,0,12,1,1,4,1,0,0,0,0,2,1,2,1,35,6,-1,-1,-1,-1,1,1,E01015080,0
Unvalidated,2024501420904,2024,501420904,1,9,0,9,1,3,0,8,0,0,0,0,4,1,2,2,53,8,-1,-1,-1,-1,5,2,E01020060,0
Unvalidated,2024501420904,2024,501420904,2,5,0,18,7,3,0,8,2,0,0,0,1,1,2,1,46,8,-1,-1,-1,-1,7,3,E01019892,0
Unvalidated,2024501420961,2024,501420961,1,19,0,18,5,1,0,8,0,9,3,11,1,1,6,1,51,8,-1,-1,-1,-1,7,1,E01018889,0
Unvalidated,2024501420961,2024,501420961,2,9,0,18,1,5,0,1,0,0,0,0,1,1,6,1,33,6,-1,-1,-1,-1,4,1,E01018890,0
Unvalidated,2024501421139,2024,501421139,1,9,0,18,7,3,0,0,0,0,7,4,1,1,6,2,73,10,-1,-1,-1,-1,5,2,E01019950,0
Unvalidated,2024501421196,2024,501421196,1,19,0,9,7,3,0,8,0,0,0,0,3,1,1,2,37,7,-1,-1,-1,-1,-1,-1,-1,0
Unvalidated,2024501421196,2024,501421196,2,19,0,18,5,1,0,1,0,0,0,0,1,1,2,1,29,6,-1,-1,-1,-1,8,3,E01019406,0
Unvalidated,2024501421251,2024,501421251,1,9,0,18,5,1,0,1,1,0,0,0,1,2,1,2,60,9,-1,-1,-1,-1,5,1,E01020213,0
Unvalidated,2024501421251,2024,501421251,2,9,0,3,5,1,0,1,0,0,0,0,2,1,2,1,29,6,-1,-1,-1,-1,8,1,E01015211,0
Unvalidated,2024501421251,2024,501421251,3,98,0,18,5,1,0,1,0,0,0,0,2,2,1,1,47,8,-1,-1,-1,-1,1,1,E01015263,0
Unvalidated,2024501421253,2024,501421253,1,19,0,18,3,7,0,0,1,0,6,0,1,1,5,1,71,10,-1,-1,-1,-1,5,3,E01018817,0
Unvalidated,2024501421253,2024,501421253,2,19,0,18,7,3,0,0,1,0,0,0,1,1,5,1,46,8,-1,-1,-1,-1,8,1,E01018823,0
Unvalidated,2024501421311,2024,501421311,1,9,0,4,1,4,0,0,0,0,0,0,2,1,5,1,34,6,-1,-1,-1,-1,7,2,E01018827,0
Unvalidated,2024501421311,2024,501421311,2,9,0,4,1,5,0,0,0,0,0,0,1,1,6,2,23,5,-1,-1,-1,-1,5,3,E01018900,0
Unvalidated,2024501421385,2024,501421385,1,9,0,17,7,4,0,1,0,0,0,0,3,1,5,1,26,6,-1,-1,-1,-1,9,1,E01015118,0
Unvalidated,2024501421385,2024,501421385,2,9,0,18,5,3,0,1,0,0,0,0,1,1,6,3,-1,-1,-1,-1,-1,-1,-1,-1,-1,0
Unvalidated,2024501421425,2024,501421425,1,9,0,18,3,7,0,0,0,0,1,10,4,1,1,1,-1,-1,-1,-1,-1,-1,-1,-1,-1,0
Unvalidated,2024501421425,2024,501421425,2,11,0,18,7,3,0,0,0,0,0,0,0,1,1,3,-1,-1,-1,-1,-1,-1,-1,-1,-1,0
Unvalidated,2024501421538,2024,501421538,1,9,0,15,8,4,0,0,2,0,1,1,2,1,5,1,27,6,-1,-1,-1,-1,5,3,E01018966,0
Unvalidated,2024501421545,2024,501421545,1,19,0,17,6,2,0,0,2,0,1,0,1,1,6,1,29,6,-1,-1,-1,-1,5,3,E01018903,0
Unvalidated,2024501421545,2024,501421545,2,9,0,2,6,2,0,0,1,0,0,0,2,1,6,1,32,6,-1,-1,-1,-1,2,1,E01019046,0
Unvalidated,2024501421560,2024,501421560,1,9,0,16,3,7,0,0,5,10,8,10,3,1,5,1,17,4,-1,-1,-1,-1,5,3,E01020101,0
Unvalidated,2024501421566,2024,501421566,1,9,0,17,5,1,0,0,1,0,2,11,0,1,5,2,32,6,-1,-1,-1,-1,5,2,E01018906,0
Unvalidated,2024501421631,2024,501421631,1,9,0,18,1,5,0,0,0,0,2,7,4,1,1,2,45,7,-1,-1,-1,-1,9,2,E01020058,0
Unvalidated,2024501421695,2024,501421695,1,9,0,18,8,4,0,0,0,12,0,0,1,1,2,1,55,8,-1,-1,-1,-1,5,3,E01018831,0
Unvalidated,2024501421737,2024,501421737,1,19,0,6,7,3,0,0,0,0,0,0,2,1,6,1,67,10,-1,-1,-1,-1,5,3,E01020088,0
Unvalidated,2024501421737,2024,501421737,2,5,0,18,7,3,0,0,0,0,0,0,1,1,6,1,53,8,-1,-1,-1,-1,8,2,E01020110,0
Unvalidated,2024501421751,2024,501421751,1,4,0,18,3,7,0,0,0,0,0,0,4,1,6,1,57,9,-1,-1,-1,-1,4,3,E01019006,0
Unvalidated,2024501421789,2024,501421789,1,9,0,18,8,4,4,0,0,0,0,0,4,1,6,1,53,8,-1,-1,-1,-1,5,3,E01018765,0
Unvalidated,2024501421789,2024,501421789,2,1,0,18,8,4,4,0,5,0,0,0,3,1,5,1,62,9,-1,-1,-1,-1,6,3,E01020187,0
Unvalidated,2024501421816,2024,501421816,1,9,0,18,1,5,0,0,5,0,1,10,1,1,6,2,48,8,-1,-1,-1,-1,4,2,E01020305,0
Unvalidated,2024501421880,2024,501421880,1,9,0,18,3,7,0,2,0,0,0,0,4,1,2,2,44,7,-1,-1,-1,-1,7,3,E01019892,0
Unvalidated,2024501421880,2024,501421880,2,9,0,18,1,5,0,2,0,0,0,0,1,1,2,1,41,7,-1,-1,-1,-1,2,1,E01020018,0
Unvalidated,2024501421952,2024,501421952,1,3,0,4,1,5,0,0,1,0,0,0,0,1,6,1,20,4,-1,-1,-1,-1,6,1,E01020338,0
Unvalidated,2024501421993,2024,501421993,1,9,0,17,7,3,0,0,1,0,1,4,4,1,1,2,25,5,-1,-1,-1,-1,9,3,E01019940,0
Unvalidated,2024501422116,2024,501422116,1,9,0,9,4,8,0,2,1,0,0,0,1,1,2,1,29,6,-1,-1,-1,-1,4,3,E01020070,0
Unvalidated,2024501422116,2024,501422116,2,9,0,9,8,4,0,1,1,0,1,0,1,1,2,1,32,6,-1,-1,-1,-1,4,3,E01020041,0
Unvalidated,2024501422134,2024,501422134,1,9,0,16,5,1,0,1,0,0,7,4,1,1,6,1,38,7,-1,-1,-1,-1,1,1,E01020094,0
Unvalidated,2024501422174,2024,501422174,1,9,0,5,4,8,0,6,0,0,0,0,1,1,2,1,64,9,-1,-1,-1,-1,5,2,E01018780,0
Unvalidated,2024501422174,2024,501422174,2,9,0,18,4,8,0,8,0,0,0,0,2,1,2,1,25,5,-1,-1,-1,-1,5,2,E01018768,0
Unvalidated,2024501422208,2024,501422208,1,9,0,18,5,1,0,0,0,0,0,0,1,1,3,2,36,7,-1,-1,-1,-1,7,3,E01019935,0
Unvalidated,2024501422208,2024,501422208,2,17,0,18,1,5,0,0,0,0,0,0,3,1,1,1,47,8,-1,-1,-1,-1,8,3,E01019889,0
Unvalidated,2024501422238,2024,501422238,1,9,0,18,2,6,0,0,0,0,1,9,1,1,6,1,59,9,-1,-1,-1,-1,-1,-1,-1,0
Unvalidated,2024501422290,2024,501422290,1,3,0,13,3,7,0,1,0,0,0,0,4,1,6,1,30,6,-1,-1,-1,-1,4,3,E01018919,0
Unvalidated,2024501422290,2024,501422290,2,9,0,9,3,7,0,1,0,0,0,0,3,1,6,2,33,6,-1,-1,-1,-1,3,3,E01018815,0
Unvalidated,2024501422334,2024,501422334,1,9,0,3,1,5,0,1,0,0,0,0,1,1,6,1,-1,-1,-1,-1,-1,-1,-1,-1,-1,0
Unvalidated,2024501422334,2024,501422334,2,19,0,3,1,5,0,1,0,0,0,0,2,1,6,2,41,7,-1,-1,-1,-1,1,1,E01015214,0
Unvalidated,2024501422373,2024,501422373,1,9,0,9,3,7,0,1,0,0,0,0,1,1,6,2,34,6,-1,-1,-1,-1,-1,-1,-1,0
Unvalidated,2024501422373,2024,501422373,2,9,0,18,1,5,0,1,0,0,0,0,1,1,5,1,43,7,-1,-1,-1,-1,3,1,E01015167,0
Unvalidated,2024501422399,2024,501422399,1,9,0,1,3,7,0,1,0,0,0,0,2,1,6,1,64,9,-1,-1,-1,-1,2,1,E01020280,0
Unvalidated,2024501422444,2024,501422444,1,19,0,18,8,4,0,0,2,0,1,10,1,1,1,1,37,7,-1,-1,-1,-1,-1,-1,-1,0
Unvalidated,2024501422444,2024,501422444,2,9,0,18,4,8,0,0,1,0,0,0,1,1,6,1,29,6,-1,-1,-1,-1,6,3,E01020243,0
Unvalidated,2024501422542,2024,501422542,1,4,0,16,2,6,0,7,5,0,0,0,4,1,2,1,20,4,-1,-1,-1,-1,6,3,E01019903,0
Unvalidated,2024501422566,2024,501422566,1,3,0,18,4,8,5,0,1,10,1,2,1,1,6,1,19,4,-1,-1,-1,-1,4,1,E01015183,0
Unvalidated,2024501422659,2024,501422659,1,9,0,5,7,3,0,8,0,0,0,0,1,1,6,1,57,9,-1,-1,-1,-1,5,3,E01032629,0
Unvalidated,2024501422659,2024,501422659,2,9,0,9,3,1,0,8,0,0,0,0,1,1,6,2,22,5,-1,-1,-1,-1,3,1,E01020095,0
Unvalidated,2024501422787,2024,501422787,1,9,0,7,7,3,0,1,0,0,0,0,1,1,5,1,39,7,-1,-1,-1,-1,1,1,E01015080,0
Unvalidated,2024501422981,2024,501422981,1,9,0,18,5,1,0,1,0,0,0,0,1,1,5,2,21,5,-1,-1,-1,-1,4,1,E01019013,0
Unvalidated,2024501422981,2024,501422981,2,1,0,18,5,1,0,1,0,0,0,0,2,1,6,1,80,11,-1,-1,-1,-1,4,3,E01019054,0
Unvalidated,2024501423171,2024,501423171,1,9,0,6,6,2,0,0,0,0,0,0,1,1,6,2,30,6,-1,-1,-1,-1,3,3,E01018990,0
Unvalidated,2024501423209,2024,501423209,1,20,0,1,2,6,0,0,0,0,0,0,2,1,1,1,31,6,-1,-1,-1,-1,6,1,W01001510,0
Unvalidated,2024501423209,2024,501423209,2,5,0,4,6,2,0,0,0,0,0,0,1,1,5,1,66,10,-1,-1,-1,-1,4,1,E01018877,0
Unvalidated,2024501423210,2024,501423210,1,9,0,18,1,5,0,0,0,0,0,0,1,1,5,2,81,11,-1,-1,-1,-1,7,3,E01032628,0
Unvalidated,2024501423294,2024,501423294,1,9,0,18,8,3,0,0,2,0,0,0,3,1,2,1,49,8,-1,-1,-1,-1,7,3,E01018795,0
Unvalidated,2024501423294,2024,501423294,2,9,0,2,0,0,0,0,0,0,0,0,2,1,6,1,69,10,-1,-1,-1,-1,7,3,E01018795,0
Unvalidated,2024501423349,2024,501423349,1,9,0,18,5,1,0,0,0,0,0,0,1,1,5,1,60,9,-1,-1,-1,-1,6,3,E01020172,0
Unvalidated,2024501423349,2024,501423349,2,9,0,18,1,5,0,0,1,0,0,0,1,1,1,1,22,5,-1,-1,-1,-1,6,3,E01020142,0
Unvalidated,2024501423475,2024,501423475,1,9,0,18,5,1,0,0,0,0,-1,0,3,1,6,3,-1,-1,-1,-1,-1,-1,-1,-1,-1,0
Unvalidated,2024501423576,2024,501423576,1,9,0,1,1,5,0,0,0,0,0,0,2,1,6,1,-1,-1,-1,-1,-1,-1,-1,-1,-1,0
Unvalidated,2024501423605,2024,501423605,1,9,0,18,2,6,0,4,0,0,0,0,1,1,6,1,26,6,-1,-1,-1,-1,3,1,E01020048,0
Unvalidated,2024501423605,2024,501423605,2,8,0,7,2,4,0,4,0,0,0,0,2,1,1,1,52,8,-1,-1,-1,-1,5,1,E01019982,0
Unvalidated,2024501423632,2024,501423632,1,19,0,18,1,5,0,0,0,0,0,0,1,1,6,1,-1,-1,-1,-1,-1,-1,-1,-1,-1,0
Unvalidated,2024501423706,2024,501423706,1,9,0,9,3,7,0,4,0,0,3,0,3,2,5,2,70,10,-1,-1,-1,-1,4,1,E01018840,0
Unvalidated,2024501423706,2024,501423706,2,21,0,18,3,7,0,4,1,9,3,0,1,2,1,1,35,6,-1,-1,-1,-1,3,3,E01018989,0
Unvalidated,2024501423717,2024,501423717,1,9,0,16,7,1,0,0,0,0,0,0,1,1,2,2,20,4,-1,-1,-1,-1,4,1,E01020081,0
Unvalidated,2024501423717,2024,501423717,2,9,0,17,1,7,0,0,0,0,0,0,1,1,3,1,40,7,-1,-1,-1,-1,4,3,E01020302,0
Unvalidated,2024501423751,2024,501423751,1,9,0,9,6,2,0,5,0,0,7,0,2,1,5,2,80,11,-1,-1,-1,-1,9,1,E01019906,0
Unvalidated,2024501423751,2024,501423751,2,9,0,13,6,2,0,1,1,0,1,0,1,1,5,1,84,11,-1,-1,-1,-1,10,1,E01019909,0
Unvalidated,2024501423752,2024,501423752,1,9,0,18,1,5,0,0,0,0,2,11,1,1,6,1,36,7,-1,-1,-1,-1,5,2,E01020220,0
Unvalidated,2024501423762,2024,501423762,1,3,0,9,7,3,0,4,0,0,0,0,1,1,6,1,18,4,-1,-1,-1,-1,6,3,E01020207,0
Unvalidated,2024501423762,2024,501423762,2,9,0,9,7,3,0,4,0,0,0,0,1,1,6,1,34,6,-1,-1,-1,-1,6,3,E01020207,0
Unvalidated,2024501423762,2024,501423762,3,9,0,18,7,3,0,4,0,0,0,0,2,1,6,1,26,6,-1,-1,-1,-1,6,1,E01015051,0
Unvalidated,2024501423788,2024,501423788,1,9,0,2,0,0,0,0,0,0,0,0,4,1,6,2,56,9,-1,-1,-1,-1,4,1,E01019927,0
Unvalidated,2024501423815,2024,501423815,1,3,0,17,7,3,0,1,5,4,1,11,3,1,6,1,19,4,-1,-1,-1,-1,5,3,E01020191,0
Unvalidated,2024501423815,2024,501423815,2,9,0,2,0,0,0,1,0,0,0,0,4,1,6,3,-1,-1,-1,-1,-1,-1,-1,-1,-1,0
Unvalidated,2024501423921,2024,501423921,1,9,0,17,6,2,0,0,5,0,2,4,1,1,5,1,44,7,-1,-1,-1,-1,7,1,E01026978,0
Unvalidated,2024501423992,2024,501423992,1,19,0,18,1,5,0,0,2,0,0,0,0,1,6,1,51,8,-1,-1,-1,-1,3,1,E01015060,0
Unvalidated,2024501424005,2024,501424005,1,1,0,18,5,3,0,6,0,0,0,0,1,1,2,2,47,8,-1,-1,-1,-1,10,1,E01020004,0
Unvalidated,2024501424005,2024,501424005,2,9,0,9,3,5,0,5,0,0,0,0,1,1,5,1,74,10,-1,-1,-1,-1,8,1,E01020023,0
Unvalidated,2024501424034,2024,501424034,1,9,0,18,3,7,0,0,1,0,0,0,1,1,2,2,60,9,-1,-1,-1,-1,10,3,E01020042,0
Unvalidated,2024501424034,2024,501424034,2,9,0,18,7,3,0,0,0,0,0,0,3,1,2,1,48,8,-1,-1,-1,-1,3,1,E01020229,0
Unvalidated,2024501424034,2024,501424034,3,9,0,18,3,7,0,0,0,0,0,0,1,1,2,2,29,6,-1,-1,-1,-1,6,3,E01020241,0
Unvalidated,2024501424078,2024,501424078,1,19,0,18,4,8,0,0,5,0,2,11,4,1,5,1,24,5,-1,-1,-1,-1,5,3,E01020324,0
Unvalidated,2024501424106,2024,501424106,1,9,0,18,3,1,9,1,0,0,1,0,1,1,6,3,-1,-1,-1,-1,-1,-1,-1,-1,-1,0
Unvalidated,2024501424186,2024,501424186,1,9,0,18,1,7,0,1,0,0,0,0,1,1,6,2,74,10,-1,-1,-1,-1,2,1,E01015096,0
Unvalidated,2024501424192,2024,501424192,1,9,0,4,0,8,0,0,0,11,0,0,1,1,5,1,79,11,-1,-1,-1,-1,4,3,E01020309,0
Unvalidated,2024501424296,2024,501424296,1,4,0,18,5,1,0,1,1,0,0,0,0,1,5,1,35,6,-1,-1,-1,-1,7,1,E01015117,0
Unvalidated,2024501424296,2024,501424296,2,9,0,4,4,8,0,1,0,0,0,0,0,1,5,1,35,6,-1,-1,-1,-1,1,1,E01032658,0
Unvalidated,2024501424297,2024,501424297,1,9,0,7,6,6,0,0,0,0,0,0,1,1,5,2,33,6,-1,-1,-1,-1,1,1,E01015040,0
Unvalidated,2024501424311,2024,501424311,1,9,0,12,3,7,0,0,0,0,0,0,4,1,5,2,27,6,-1,-1,-1,-1,4,1,E01020284,0
Unvalidated,2024501424311,2024,501424311,2,9,0,12,7,3,0,0,0,0,0,0,4,1,5,1,22,5,-1,-1,-1,-1,10,2,E01028789,0
Unvalidated,2024501424321,2024,501424321,1,9,0,9,6,8,0,6,0,0,0,0,3,1,5,2,66,10,-1,-1,-1,-1,8,1,E01015035,0
Unvalidated,2024501424321,2024,501424321,2,9,0,18,8,4,0,1,0,0,0,0,1,1,5,2,80,11,-1,-1,-1,-1,5,1,E01015091,0
Unvalidated,2024501424380,2024,501424380,1,19,-1,-1,-1,-1,-1,0,-1,-1,-1,0,-1,1,6,1,37,7,-1,-1,-1,-1,-1,-1,-1,0
Unvalidated,2024501424380,2024,501424380,2,9,-1,-1,-1,-1,-1,0,-1,-1,-1,0,-1,1,5,2,42,7,-1,-1,-1,-1,3,1,E01020264,0
Unvalidated,2024501424576,2024,501424576,1,9,0,18,7,3,0,1,0,0,0,0,3,1,2,1,29,6,-1,-1,-1,-1,1,1,E01002034,0
Unvalidated,2024501424576,2024,501424576,2,1,0,12,7,5,0,1,5,0,0,0,3,1,2,1,51,8,-1,-1,-1,-1,2,1,E01020014,0
Unvalidated,2024501424664,2024,501424664,1,9,0,17,1,5,0,0,2,0,2,10,4,1,6,2,20,4,-1,-1,-1,-1,4,1,E01020052,0
Unvalidated,2024501424704,2024,501424704,1,9,0,12,1,1,0,0,0,0,0,0,1,1,5,1,31,6,-1,-1,-1,-1,3,1,E01015159,0
Unvalidated,2024501424704,2024,501424704,2,9,0,12,1,1,0,0,0,0,0,0,2,1,5,1,66,10,-1,-1,-1,-1,3,1,E01020225,0
Unvalidated,2024501424720,2024,501424720,1,9,0,2,3,7,0,0,0,0,0,0,2,1,5,2,34,6,-1,-1,-1,-1,2,1,E01018928,0
Unvalidated,2024501424720,2024,501424720,2,9,0,18,3,7,0,0,5,4,2,9,1,1,1,1,26,6,-1,-1,-1,-1,4,3,E01018968,0
Unvalidated,2024501424750,2024,501424750,1,9,0,5,5,1,9,0,0,4,7,0,1,1,5,2,51,8,-1,-1,-1,-1,6,3,E01019945,0
Unvalidated,2024501424750,2024,501424750,2,9,0,2,0,0,0,0,0,0,0,0,2,1,6,3,-1,-1,-1,-1,-1,-1,-1,-1,-1,0
Unvalidated,2024501424750,2024,501424750,3,9,0,2,0,0,0,0,0,0,0,0,2,1,6,3,-1,-1,-1,-1,-1,-1,-1,-1,-1,0
Unvalidated,2024501424750,2024,501424750,4,9,0,2,0,0,0,0,0,0,0,0,2,1,6,3,-1,-1,-1,-1,-1,-1,-1,-1,-1,0
Unvalidated,2024501424836,2024,501424836,1,9,0,18,8,4,9,0,0,11,0,0,1,1,6,2,21,5,-1,-1,-1,-1,1,1,E01015145,0
Unvalidated,2024501424931,2024,501424931,1,9,0,18,6,2,0,1,0,0,0,0,4,1,6,1,58,9,-1,-1,-1,-1,5,1,E01018853,0
Unvalidated,2024501424950,2024,501424950,1,11,0,18,1,5,0,0,0,0,0,0,4,1,1,1,51,8,-1,-1,-1,-1,2,1,E01015086,0
Unvalidated,2024501425046,2024,501425046,1,9,0,18,1,5,9,0,0,0,0,0,4,1,6,1,52,8,-1,-1,-1,-1,2,1,E01020037,0
Unvalidated,2024501425074,2024,501425074,1,9,0,13,3,7,0,0,1,0,0,0,1,1,5,1,25,5,-1,-1,-1,-1,5,2,E01018973,0
Unvalidated,2024501425074,2024,501425074,2,9,0,18,7,3,0,0,0,0,1,0,1,1,6,1,28,6,-1,-1,-1,-1,-1,-1,-1,0
Unvalidated,2024501425169,2024,501425169,1,9,0,18,3,7,0,0,0,12,0,0,1,1,5,2,57,9,-1,-1,-1,-1,4,2,E01019037,0
Unvalidated,2024501425184,2024,501425184,1,3,0,16,5,1,0,1,5,0,7,10,4,1,2,1,17,4,-1,-1,-1,-1,6,3,E01018967,0
Unvalidated,2024501425192,2024,501425192,1,9,0,18,3,7,0,8,0,0,0,0,1,1,6,1,33,6,-1,-1,-1,-1,4,3,E01018922,0
Unvalidated,2024501425192,2024,501425192,2,9,0,18,5,1,0,2,0,0,0,0,1,1,6,2,21,5,-1,-1,-1,-1,5,2,E01018921,0
Unvalidated,2024501425283,2024,501425283,1,19,0,18,5,1,0,8,0,0,0,0,4,1,6,1,-1,-1,-1,-1,-1,-1,-1,-1,-1,0
Unvalidated,2024501425332,2024,501425332,1,9,0,18,6,2,0,0,0,0,0,0,1,1,6,1,32,6,-1,-1,-1,-1,4,1,E01018840,0
Unvalidated,2024501425332,2024,501425332,2,19,0,3,6,2,0,0,0,0,0,0,2,1,6,1,65,9,-1,-1,-1,-1,8,1,E01018855,0
Unvalidated,2024501425373,2024,501425373,1,9,0,18,3,7,0,0,1,0,0,0,1,1,4,1,17,4,-1,-1,-1,-1,6,3,E01020188,0
Unvalidated,2024501425373,2024,501425373,2,9,0,18,7,3,0,0,0,0,0,0,1,1,2,1,42,7,-1,-1,-1,-1,9,1,E01020162,0
Unvalidated,2024501425525,2024,501425525,1,19,4,18,3,7,0,2,0,0,0,0,4,1,1,1,67,10,-1,-1,-1,-1,5,3,E01018940,0
Unvalidated,2024501425583,2024,501425583,1,9,0,18,3,7,6,0,1,0,0,0,1,1,6,1,51,8,-1,-1,-1,-1,6,1,E01015102,0
Unvalidated,2024501425583,2024,501425583,2,21,1,2,0,0,6,0,0,0,0,0,2,1,1,1,55,8,-1,-1,-1,-1,3,1,E01032550,0
Unvalidated,2024501425587,2024,501425587,1,9,0,16,6,2,0,1,1,0,7,10,1,1,5,1,21,5,-1,-1,-1,-1,3,1,E01015195,0
Unvalidated,2024501425608,2024,501425608,1,3,0,18,5,1,0,0,0,0,0,0,3,1,2,1,19,4,-1,-1,-1,-1,7,3,E01020205,0
Unvalidated,2024501425660,2024,501425660,1,19,0,18,2,6,0,0,0,0,1,0,1,1,6,1,75,10,-1,-1,-1,-1,-1,-1,-1,0
Unvalidated,2024501425660,2024,501425660,2,9,0,18,2,6,0,0,0,0,0,0,2,1,5,2,29,6,-1,-1,-1,-1,8,3,E01020054,0
Unvalidated,2024501425704,2024,501425704,1,9,0,17,5,1,0,0,2,0,2,10,4,1,1,2,42,7,-1,-1,-1,-1,6,3,E01020083,0
Unvalidated,2024501425782,2024,501425782,1,9,0,3,6,2,0,4,0,0,0,0,2,1,6,2,-1,-1,-1,-1,-1,-1,-1,-1,-1,0
Unvalidated,2024501425782,2024,501425782,2,9,0,3,6,2,0,4,0,0,0,0,1,1,5,2,53,8,-1,-1,-1,-1,3,1,E01015162,0
Unvalidated,2024501425840,2024,501425840,1,9,0,18,1,5,0,0,0,0,0,0,1,1,6,1,46,8,-1,-1,-1,-1,2,1,E01015181,0
Unvalidated,2024501425861,2024,501425861,1,9,0,18,1,5,0,0,0,0,0,0,4,1,1,1,23,5,-1,-1,-1,-1,1,1,E01015232,0
Unvalidated,2024501425861,2024,501425861,2,9,0,8,4,5,0,0,0,0,0,0,1,1,6,2,19,4,-1,-1,-1,-1,7,1,E01015203,0