status,collision_index,collision_year,collision_reference,vehicle_reference,vehicle_type,towing_and_articulation,vehicle_manoeuvre,vehicle_direction_from,vehicle_direction_to,vehicle_location_restricted_lane,junction_location,skidding_and_overturning,hit_object_in_carriageway,vehicle_leaving_carriageway,hit_object_off_carriageway,first_point_of_impact,vehicle_left_hand_drive,journey_purpose_of_driver,sex_of_driver,age_of_driver,age_band_of_driver,engine_capacity_cc,propulsion_code,age_of_vehicle,generic_make_model,driver_imd_decile,driver_home_area_type,lsoa_of_driver,escooter_flag
Unvalidated,2024501425862,2024,501425862,1,9,0,18,6,2,0,1,0,0,0,0,1,1,5,1,61,9,-1,-1,-1,-1,10,2,E01029711,0
Unvalidated,2024501425862,2024,501425862,2,9,0,18,6,2,0,1,1,0,5,6,1,1,5,2,54,8,-1,-1,-1,-1,7,1,E01015103,0
Unvalidated,2024501425900,2024,501425900,1,9,0,18,7,3,0,0,0,0,0,0,1,1,6,1,24,5,-1,-1,-1,-1,5,3,E01020319,0
Unvalidated,2024501426028,2024,501426028,1,9,0,18,1,5,0,8,0,0,0,0,4,1,6,1,20,4,-1,-1,-1,-1,4,3,E01020322,0
Unvalidated,2024501426028,2024,501426028,2,9,0,18,3,7,0,6,0,0,0,0,1,1,5,2,41,7,-1,-1,-1,-1,7,1,E01019969,0
Unvalidated,2024501426068,2024,501426068,1,3,0,18,7,3,0,0,5,0,1,0,1,1,5,1,46,8,-1,-1,-1,-1,6,1,E01015051,0
Unvalidated,2024501426068,2024,501426068,2,9,0,18,3,7,0,0,0,0,0,0,3,1,2,1,61,9,-1,-1,-1,-1,9,3,E01019964,0
Unvalidated,2024501426114,2024,501426114,1,9,0,17,1,4,0,1,0,0,0,0,3,1,6,3,-1,-1,-1,-1,-1,-1,-1,-1,-1,0
Unvalidated,2024501426125,2024,501426125,1,19,0,18,1,5,0,8,0,0,0,0,3,2,5,1,37,7,-1,-1,-1,-1,10,1,E01022740,0
Unvalidated,2024501426161,2024,501426161,1,9,0,5,5,1,9,0,1,0,7,0,1,1,6,1,20,4,-1,-1,-1,-1,6,2,E01020145,0
Unvalidated,2024501426161,2024,501426161,2,9,0,16,5,1,9,0,0,0,3,0,2,1,1,1,32,6,-1,-1,-1,-1,6,1,E01020145,0
Unvalidated,2024501426187,2024,501426187,1,9,0,18,7,3,0,0,5,0,0,0,1,1,6,2,24,5,-1,-1,-1,-1,8,1,E01015108,0
Unvalidated,2024501426187,2024,501426187,2,9,0,2,0,0,0,0,0,0,0,0,2,1,6,3,-1,-1,-1,-1,-1,-1,-1,-1,-1,0
Unvalidated,2024501426221,2024,501426221,1,3,0,18,3,7,0,0,1,0,0,0,1,1,2,1,29,6,-1,-1,-1,-1,8,2,E01020107,0
Unvalidated,2024501426283,2024,501426283,1,9,0,5,5,5,0,0,0,5,0,0,1,2,6,2,17,4,-1,-1,-1,-1,9,1,E01020257,0
Unvalidated,2024501426302,2024,501426302,1,9,0,18,1,6,0,8,0,0,0,0,1,1,6,1,22,5,-1,-1,-1,-1,1,1,E01015144,0
Unvalidated,2024501426302,2024,501426302,2,23,0,18,7,3,0,8,5,0,0,0,1,1,6,1,41,7,-1,-1,-1,-1,1,1,E01015080,0
Unvalidated,2024501426351,2024,501426351,1,9,0,18,8,4,0,0,0,0,0,0,3,1,6,3,-1,-1,-1,-1,-1,-1,-1,-1,-1,0
Unvalidated,2024501426358,2024,501426358,1,9,0,16,3,6,0,1,0,0,0,0,1,1,6,1,29,6,-1,-1,-1,-1,3,1,E01018793,0
Unvalidated,2024501426403,2024,501426403,1,21,0,18,7,1,0,1,0,0,0,0,1,1,1,1,59,9,-1,-1,-1,-1,2,1,E01014636,0
Unvalidated,2024501426403,2024,501426403,2,9,0,18,7,3,0,1,1,0,1,10,2,1,6,2,31,6,-1,-1,-1,-1,1,1,E01015256,0
Unvalidated,2024501426498,2024,501426498,1,9,0,13,2,6,0,1,5,10,7,11,1,1,1,1,34,6,-1,-1,-1,-1,9,1,E01033234,0
Unvalidated,2024501426498,2024,501426498,2,9,0,9,2,6,0,1,1,0,0,0,1,1,5,1,39,7,-1,-1,-1,-1,6,3,E01019967,0
Unvalidated,2024501426514,2024,501426514,1,9,0,18,2,6,0,2,0,0,0,0,1,2,5,1,57,9,-1,-1,-1,-1,-1,-1,-1,0
Unvalidated,2024501426514,2024,501426514,2,9,0,18,1,5,0,1,0,0,0,0,1,1,5,2,74,10,-1,-1,-1,-1,7,2,E01029216,0
Unvalidated,2024501426516,2024,501426516,1,9,0,13,3,7,0,0,0,0,0,0,1,1,5,1,48,8,-1,-1,-1,-1,7,1,E01029966,0
Unvalidated,2024501426516,2024,501426516,2,1,0,18,1,5,0,0,2,0,0,0,1,1,6,1,58,9,-1,-1,-1,-1,4,1,E01020252,0
Unvalidated,2024501426577,2024,501426577,1,8,0,18,3,7,0,0,5,0,1,4,1,1,5,1,18,4,-1,-1,-1,-1,10,1,E01031739,0
Unvalidated,2024501426577,2024,501426577,2,9,0,18,3,7,0,0,1,1,0,0,1,1,5,1,48,8,-1,-1,-1,-1,7,1,E01019018,0
Unvalidated,2024501426691,2024,501426691,1,1,0,18,5,1,0,1,0,0,0,0,3,1,2,1,17,4,-1,-1,-1,-1,3,1,E01019916,0
Unvalidated,2024501426691,2024,501426691,2,9,0,18,3,7,0,1,0,0,0,0,1,1,5,2,63,9,-1,-1,-1,-1,8,1,E01019910,0
Unvalidated,2024501426728,2024,501426728,1,1,0,5,4,8,0,0,5,0,0,0,2,1,5,1,12,3,-1,-1,-1,-1,7,1,E01018806,0
Unvalidated,2024501426728,2024,501426728,2,9,0,18,4,8,0,0,0,0,0,0,1,1,1,2,46,8,-1,-1,-1,-1,4,1,E01018812,0
Unvalidated,2024501426736,2024,501426736,1,3,0,18,3,7,0,8,1,0,1,10,1,1,2,1,18,4,-1,-1,-1,-1,4,2,E01020196,0
Unvalidated,2024501426800,2024,501426800,1,9,0,18,5,1,0,0,5,0,1,4,1,1,5,2,19,4,-1,-1,-1,-1,9,1,E01015197,0
Unvalidated,2024501426848,2024,501426848,1,9,0,18,5,1,0,1,0,0,0,0,1,1,6,1,50,8,-1,-1,-1,-1,6,2,E01018983,0
Unvalidated,2024501426848,2024,501426848,2,9,0,4,5,1,0,1,0,0,0,0,2,1,5,1,42,7,-1,-1,-1,-1,10,1,E01010248,0
Unvalidated,2024501426858,2024,501426858,1,19,0,18,1,5,0,0,2,0,1,4,4,1,1,1,44,7,-1,-1,-1,-1,-1,-1,-1,0
Unvalidated,2024501426869,2024,501426869,1,9,0,17,5,1,0,0,5,0,7,10,1,1,5,1,58,9,-1,-1,-1,-1,6,3,E01019903,0
Unvalidated,2024501426913,2024,501426913,1,9,0,18,8,4,9,2,0,11,1,11,1,1,5,2,31,6,-1,-1,-1,-1,5,1,E01019924,0
Unvalidated,2024501426918,2024,501426918,1,9,0,4,6,1,0,8,0,0,0,0,2,1,6,2,45,7,-1,-1,-1,-1,-1,-1,-1,0
Unvalidated,2024501426918,2024,501426918,2,1,0,18,6,1,0,8,0,0,0,0,1,1,2,2,58,9,-1,-1,-1,-1,4,3,E01018861,0
Unvalidated,2024501426985,2024,501426985,1,9,0,18,6,1,0,2,0,0,0,0,0,1,5,1,20,4,-1,-1,-1,-1,7,3,E01020047,0
Unvalidated,2024501427033,2024,501427033,1,9,0,15,7,1,0,0,0,0,0,0,4,1,5,1,58,9,-1,-1,-1,-1,9,1,E01018796,0
Unvalidated,2024501427033,2024,501427033,2,1,0,18,7,1,0,0,0,0,0,0,3,1,5,1,39,7,-1,-1,-1,-1,3,1,E01018788,0
Unvalidated,2024501427035,2024,501427035,1,19,0,18,-1,-1,0,0,0,0,0,0,4,1,2,1,42,7,-1,-1,-1,-1,9,1,E01015141,0
Unvalidated,2024501427156,2024,501427156,1,9,0,18,7,3,0,2,0,0,0,0,1,2,5,1,18,4,-1,-1,-1,-1,2,1,E01015192,0
Unvalidated,2024501427156,2024,501427156,2,9,0,5,7,3,0,2,0,0,0,0,2,2,5,2,46,8,-1,-1,-1,-1,2,1,E01015192,0
Unvalidated,2024501427266,2024,501427266,1,9,0,18,3,1,0,0,0,0,0,0,1,1,6,2,23,5,-1,-1,-1,-1,3,1,E01014499,0
Unvalidated,2024501427266,2024,501427266,2,9,0,4,3,1,0,0,0,0,0,0,2,1,5,2,36,7,-1,-1,-1,-1,9,1,E01029115,0
Unvalidated,2024501427372,2024,501427372,1,9,0,18,1,5,0,0,0,0,0,0,1,1,5,2,76,11,-1,-1,-1,-1,4,3,E01018968,0
Unvalidated,2024501427420,2024,501427420,1,19,0,18,1,5,0,1,0,0,0,0,1,1,6,1,25,5,-1,-1,-1,-1,3,1,E01018869,0
Unvalidated,2024501427420,2024,501427420,2,9,0,18,1,5,0,1,0,0,0,0,2,1,6,1,37,7,-1,-1,-1,-1,4,3,E01018908,0
Unvalidated,2024501427449,2024,501427449,1,19,0,6,2,2,0,0,0,0,0,0,3,1,5,1,36,7,-1,-1,-1,-1,5,3,E01020046,0
Unvalidated,2024501427449,2024,501427449,2,1,0,18,2,6,0,0,0,0,0,0,1,1,6,1,87,11,-1,-1,-1,-1,2,1,E01020018,0
Unvalidated,2024501427663,2024,501427663,1,9,0,18,5,1,0,0,2,0,0,0,3,1,2,2,57,9,-1,-1,-1,-1,5,2,E01020220,0
Unvalidated,2024501427664,2024,501427664,1,9,0,1,3,7,0,0,0,0,0,0,2,1,5,2,50,8,-1,-1,-1,-1,8,1,E01015128,0
Unvalidated,2024501427695,2024,501427695,1,19,0,18,7,3,0,0,5,0,0,0,1,1,2,1,33,6,-1,-1,-1,-1,2,1,E01015156,0
Unvalidated,2024501427714,2024,501427714,1,9,0,9,5,2,0,8,0,0,0,0,1,1,6,2,39,7,-1,-1,-1,-1,2,2,E01018751,0
Unvalidated,2024501427714,2024,501427714,2,3,0,18,1,5,0,8,0,0,0,0,3,1,2,1,19,4,-1,-1,-1,-1,5,2,E01018768,0
Unvalidated,2024501427724,2024,501427724,1,9,0,18,4,8,0,0,1,0,0,0,1,1,6,2,45,7,-1,-1,-1,-1,1,1,E01015144,0
Unvalidated,2024501427724,2024,501427724,2,9,0,18,8,4,0,0,0,0,0,0,3,1,6,1,68,10,-1,-1,-1,-1,6,2,E01029192,0
Unvalidated,2024501427724,2024,501427724,3,9,0,18,8,4,0,0,0,0,0,0,3,1,6,2,61,9,-1,-1,-1,-1,7,2,E01018775,0
Unvalidated,2024501427903,2024,501427903,1,3,0,18,8,4,0,0,1,0,0,0,1,1,6,2,23,5,-1,-1,-1,-1,2,2,E01018797,0
Unvalidated,2024501427903,2024,501427903,2,9,0,18,8,4,0,0,0,0,0,0,0,1,2,2,57,9,-1,-1,-1,-1,1,1,E01015043,0
Unvalidated,2024501427975,2024,501427975,1,9,0,18,6,2,0,0,0,4,0,0,1,1,1,1,27,6,-1,-1,-1,-1,6,1,E01015079,0
Unvalidated,2024501427975,2024,501427975,2,9,0,2,0,0,0,0,0,0,0,0,3,1,6,3,-1,-1,-1,-1,-1,-1,-1,-1,-1,0
Unvalidated,2024501428095,2024,501428095,1,9,0,18,3,7,0,0,1,0,1,10,1,1,5,1,53,8,-1,-1,-1,-1,3,2,E01019009,0
Unvalidated,2024501428127,2024,501428127,1,9,0,18,8,4,0,8,0,0,7,0,1,1,5,1,48,8,-1,-1,-1,-1,6,1,E01023028,0
Unvalidated,2024501428127,2024,501428127,2,9,0,18,2,6,0,8,0,0,3,9,3,1,5,1,17,4,-1,-1,-1,-1,8,2,E01020054,0
Unvalidated,2024501428145,2024,501428145,1,19,0,17,3,7,0,0,0,0,1,4,1,1,2,1,38,7,-1,-1,-1,-1,2,1,E01015074,0
Unvalidated,2024501428331,2024,501428331,1,98,0,18,7,3,0,0,0,0,0,0,1,1,1,1,22,5,-1,-1,-1,-1,6,1,E01015579,0
Unvalidated,2024501428331,2024,501428331,2,9,0,18,3,7,0,0,0,0,0,0,1,1,5,2,17,4,-1,-1,-1,-1,5,1,E01018935,0
Unvalidated,2024501428422,2024,501428422,1,5,0,9,5,3,1,6,0,0,0,0,1,1,6,1,66,10,-1,-1,-1,-1,7,1,E01020047,0
Unvalidated,2024501428422,2024,501428422,2,9,0,18,7,3,0,2,0,0,0,0,3,1,5,1,29,6,-1,-1,-1,-1,4,3,E01020087,0
Unvalidated,2024501428453,2024,501428453,1,9,0,7,4,6,0,8,0,0,0,0,1,1,5,1,42,7,-1,-1,-1,-1,6,1,E01020209,0
Unvalidated,2024501428453,2024,501428453,2,9,0,18,4,6,0,8,0,0,0,0,2,1,5,1,60,9,-1,-1,-1,-1,9,1,E01020265,0
Unvalidated,2024501428461,2024,501428461,1,8,0,15,3,7,0,0,0,0,0,0,1,1,6,2,28,6,-1,-1,-1,-1,4,2,E01019057,0
Unvalidated,2024501428461,2024,501428461,2,9,0,2,0,0,0,0,0,0,0,0,4,1,6,2,36,7,-1,-1,-1,-1,4,1,E01019013,0
Unvalidated,2024501428480,2024,501428480,1,19,0,16,1,5,0,0,0,0,0,0,1,1,2,1,58,9,-1,-1,-1,-1,4,2,E01020126,0
Unvalidated,2024501428480,2024,501428480,2,9,0,13,4,1,0,0,1,0,0,0,1,1,6,2,66,10,-1,-1,-1,-1,8,3,E01031149,0
Unvalidated,2024501428490,2024,501428490,1,9,0,18,6,2,0,0,0,0,0,0,1,1,2,1,27,6,-1,-1,-1,-1,4,3,E01020070,0
Unvalidated,2024501428490,2024,501428490,2,9,0,18,6,2,0,0,0,0,0,0,2,1,5,2,55,8,-1,-1,-1,-1,4,1,E01019919,0
Unvalidated,2024501428490,2024,501428490,3,9,0,18,6,2,0,0,0,0,0,0,2,1,6,1,73,10,-1,-1,-1,-1,4,1,E01020032,0
Unvalidated,2024501428505,2024,501428505,1,9,0,18,5,1,0,0,0,0,0,0,4,1,6,1,58,9,-1,-1,-1,-1,5,2,E01018906,0
Unvalidated,2024501428524,2024,501428524,1,9,0,4,7,3,0,0,0,0,0,0,1,2,5,1,53,8,-1,-1,-1,-1,5,1,E01014335,0
Unvalidated,2024501428524,2024,501428524,2,9,0,18,3,7,0,0,0,0,0,0,1,2,5,1,36,7,-1,-1,-1,-1,-1,-1,-1,0
Unvalidated,2024501428591,2024,501428591,1,19,0,9,1,7,0,8,0,0,0,0,1,1,1,1,45,7,-1,-1,-1,-1,7,1,E01018786,0
Unvalidated,2024501428591,2024,501428591,2,1,0,18,5,1,0,8,5,0,0,0,1,1,6,1,55,8,-1,-1,-1,-1,6,3,E01019893,0
Unvalidated,2024501428616,2024,501428616,1,9,0,3,5,1,0,4,0,0,0,0,1,1,5,1,39,7,-1,-1,-1,-1,4,1,E01018890,0
Unvalidated,2024501428616,2024,501428616,2,9,0,3,5,1,0,4,1,0,0,0,2,1,5,1,54,8,-1,-1,-1,-1,7,1,E01018889,0
Unvalidated,2024501428682,2024,501428682,1,9,0,4,3,7,0,1,0,0,0,0,1,1,2,2,24,5,-1,-1,-1,-1,1,1,E01015182,0
Unvalidated,2024501428682,2024,501428682,2,9,0,4,3,7,0,1,0,0,0,0,2,1,5,2,53,8,-1,-1,-1,-1,8,3,E01019951,0
Unvalidated,2024501428698,2024,501428698,1,9,0,7,7,3,0,0,0,0,0,0,1,1,6,1,49,8,-1,-1,-1,-1,8,1,E01015098,0
Unvalidated,2024501428698,2024,501428698,2,3,0,18,7,3,2,0,0,0,1,1,1,1,6,1,21,5,-1,-1,-1,-1,2,1,E01015082,0
Unvalidated,2024501428709,2024,501428709,1,9,0,13,3,7,0,0,0,0,0,0,1,1,6,1,33,6,-1,-1,-1,-1,5,2,E01018957,0
Unvalidated,2024501428709,2024,501428709,2,9,0,18,7,3,0,0,0,0,0,0,1,1,5,1,67,10,-1,-1,-1,-1,10,1,E01022135,0
Unvalidated,2024501428775,2024,501428775,1,9,0,18,5,1,0,6,0,0,0,0,1,1,6,1,52,8,-1,-1,-1,-1,5,3,E01018921,0
Unvalidated,2024501428775,2024,501428775,2,9,0,18,3,7,0,8,0,0,7,0,4,1,6,2,36,7,-1,-1,-1,-1,4,1,E01018914,0
Unvalidated,2024501428790,2024,501428790,1,9,0,18,7,5,0,1,0,0,0,0,3,1,6,2,58,9,-1,-1,-1,-1,5,2,E01020137,0
Unvalidated,2024501428790,2024,501428790,2,9,0,18,8,7,0,1,0,0,0,0,1,1,6,1,33,6,-1,-1,-1,-1,5,1,E01020123,0
Unvalidated,2024501428807,2024,501428807,1,9,0,9,1,3,0,1,0,0,7,0,4,1,5,1,19,4,-1,-1,-1,-1,3,1,E01015238,0
Unvalidated,2024501428807,2024,501428807,2,9,0,18,5,1,0,1,0,0,0,0,1,1,5,1,23,5,-1,-1,-1,-1,3,1,E01020228,0
Unvalidated,2024501428923,2024,501428923,1,9,0,18,8,8,0,1,0,0,0,0,2,1,6,1,68,10,-1,-1,-1,-1,-1,-1,-1,0
Unvalidated,2024501428923,2024,501428923,2,9,0,18,8,8,2,1,0,0,0,0,1,1,6,1,51,8,-1,-1,-1,-1,2,1,E01015072,0
Unvalidated,2024501428976,2024,501428976,1,11,0,18,1,5,0,8,0,0,0,0,4,1,1,1,59,9,-1,-1,-1,-1,5,1,E01019992,0
Unvalidated,2024501428983,2024,501428983,1,5,0,14,3,7,0,8,5,0,0,0,1,1,5,1,41,7,-1,-1,-1,-1,9,3,E01019937,0
Unvalidated,2024501428983,2024,501428983,2,9,0,9,5,3,0,6,0,0,0,0,3,1,5,2,59,9,-1,-1,-1,-1,10,2,E01019894,0
Unvalidated,2024501428992,2024,501428992,1,9,0,4,5,1,0,0,0,0,0,0,1,1,5,1,85,11,-1,-1,-1,-1,10,1,E01022740,0
Unvalidated,2024501428992,2024,501428992,2,9,0,18,5,1,0,0,0,0,0,0,2,1,5,1,76,11,-1,-1,-1,-1,8,2,E01020260,0
Unvalidated,2024501428996,2024,501428996,1,9,0,9,5,1,0,1,0,0,0,0,3,1,3,2,54,8,-1,-1,-1,-1,2,1,E01015044,0
Unvalidated,2024501428996,2024,501428996,2,9,0,18,1,5,0,1,0,0,0,0,3,1,3,2,23,5,-1,-1,-1,-1,5,1,E01015070,0
Unvalidated,2024501429003,2024,501429003,1,3,0,18,5,1,0,2,0,0,0,0,4,1,5,1,29,6,-1,-1,-1,-1,5,1,E01019904,0
Unvalidated,2024501429064,2024,501429064,1,9,0,10,6,3,0,1,0,0,0,0,0,1,1,1,55,8,-1,-1,-1,-1,8,1,E01020250,0
Unvalidated,2024501429064,2024,501429064,2,9,0,4,4,7,0,1,1,0,0,0,3,1,1,1,30,6,-1,-1,-1,-1,4,1,E01015241,0
Unvalidated,2024501429064,2024,501429064,3,19,0,2,0,0,0,1,1,0,0,0,2,1,6,3,-1,-1,-1,-1,-1,-1,-1,-1,-1,0
Unvalidated,2024501429288,2024,501429288,1,9,0,17,1,5,0,0,2,0,4,0,3,1,6,1,25,5,-1,-1,-1,-1,1,1,E01015182,0
Unvalidated,2024501429288,2024,501429288,2,9,0,18,1,5,0,0,1,0,4,6,1,1,5,1,44,7,-1,-1,-1,-1,6,3,E01020195,0
Unvalidated,2024501429308,2024,501429308,1,9,0,18,8,4,0,0,0,0,0,0,2,1,5,1,70,10,-1,-1,-1,-1,4,3,E01020138,0
Unvalidated,2024501429308,2024,501429308,2,9,0,18,8,4,0,0,0,0,0,0,1,1,5,1,58,9,-1,-1,-1,-1,5,1,E01020117,0
Unvalidated,2024501429380,2024,501429380,1,5,0,18,6,2,0,1,2,0,0,0,1,1,5,1,51,8,-1,-1,-1,-1,5,1,E01020117,0
Unvalidated,2024501429380,2024,501429380,2,9,0,9,8,4,0,6,0,0,0,0,1,2,5,2,46,8,-1,-1,-1,-1,6,3,E01020108,0
Unvalidated,2024501429511,2024,501429511,1,9,0,9,8,6,0,1,0,0,0,0,1,1,6,2,73,10,-1,-1,-1,-1,3,1,E01019975,0
Unvalidated,2024501429511,2024,501429511,2,1,0,18,2,6,0,8,1,0,0,0,4,1,6,1,51,8,-1,-1,-1,-1,4,3,E01020322,0
Unvalidated,2024501429527,2024,501429527,1,9,0,18,7,3,0,8,1,0,0,0,1,1,1,1,36,7,-1,-1,-1,-1,5,1,E01020020,0
Unvalidated,2024501429527,2024,501429527,2,9,0,10,7,3,0,8,0,0,0,0,2,1,1,1,31,6,-1,-1,-1,-1,2,1,E01020016,0
Unvalidated,2024501429685,2024,501429685,1,9,0,9,5,1,0,1,0,0,0,0,1,1,5,1,74,10,-1,-1,-1,-1,6,2,E01018985,0
Unvalidated,2024501429685,2024,501429685,2,19,0,18,1,5,1,1,0,0,0,0,1,1,5,2,34,6,-1,-1,-1,-1,6,2,E01018983,0
Unvalidated,2024501429687,2024,501429687,1,9,0,9,4,8,0,1,0,0,0,0,3,1,5,1,21,5,-1,-1,-1,-1,3,1,E01015150,0
Unvalidated,2024501429687,2024,501429687,2,5,0,18,8,4,0,1,1,0,0,0,3,1,1,1,66,10,-1,-1,-1,-1,4,1,E01015142,0
Unvalidated,2024501429840,2024,501429840,1,9,0,4,3,7,0,0,0,0,0,0,1,1,5,2,55,8,-1,-1,-1,-1,2,1,E01019463,0
Unvalidated,2024501429840,2024,501429840,2,9,0,17,7,3,0,0,1,0,2,10,1,1,5,1,42,7,-1,-1,-1,-1,7,1,E01032661,0
Unvalidated,2024501429872,2024,501429872,1,9,0,18,6,2,0,0,0,0,0,0,4,1,6,1,84,11,-1,-1,-1,-1,8,3,E01019898,0
Unvalidated,2024501429872,2024,501429872,2,8,0,18,6,2,0,0,0,0,0,0,3,1,1,1,39,7,-1,-1,-1,-1,9,1,E01020001,0
Unvalidated,2024501430055,2024,501430055,1,8,-1,18,5,1,0,8,0,0,0,0,0,1,6,3,-1,-1,-1,-1,-1,-1,-1,-1,-1,0
Unvalidated,2024501430055,2024,501430055,2,19,-1,18,-1,-1,0,8,0,0,0,0,-1,1,6,3,-1,-1,-1,-1,-1,-1,-1,-1,-1,0
Unvalidated,2024501430110,2024,501430110,1,21,0,2,0,0,0,0,0,0,0,0,1,1,6,1,54,8,-1,-1,-1,-1,3,1,E01015162,0
Unvalidated,2024501430110,2024,501430110,2,21,0,18,1,5,0,0,0,0,0,0,1,1,6,1,58,9,-1,-1,-1,-1,5,1,E01018837,0
Unvalidated,2024501430192,2024,501430192,1,9,0,17,6,2,0,0,1,0,1,0,4,1,5,1,20,4,-1,-1,-1,-1,4,3,E01018877,0
Unvalidated,2024501430228,2024,501430228,1,9,0,18,3,7,0,0,5,0,0,0,3,1,6,1,41,7,-1,-1,-1,-1,5,1,E01019019,0
Unvalidated,2024501430247,2024,501430247,1,9,0,7,5,1,0,0,1,0,0,0,3,1,5,1,18,4,-1,-1,-1,-1,-1,-1,-1,0
Unvalidated,2024501430356,2024,501430356,1,9,0,18,7,3,0,0,0,0,0,0,1,1,6,2,28,6,-1,-1,-1,-1,3,3,E01019070,0
Unvalidated,2024501430356,2024,501430356,2,9,0,3,7,3,0,0,0,0,0,0,2,1,2,2,54,8,-1,-1,-1,-1,5,3,E01019066,0
Unvalidated,2024501430362,2024,501430362,1,97,0,18,3,7,0,0,1,0,0,0,1,1,6,1,-1,-1,-1,-1,-1,-1,3,1,E01015063,0
Unvalidated,2024501430362,2024,501430362,2,19,0,2,0,0,0,0,0,0,0,0,3,1,5,1,44,7,-1,-1,-1,-1,1,1,E01015083,0
Unvalidated,2024501430374,2024,501430374,1,9,0,13,3,1,0,1,0,0,0,0,2,1,6,2,62,9,-1,-1,-1,-1,3,1,E01015085,0
Unvalidated,2024501430374,2024,501430374,2,9,0,4,3,1,0,1,0,0,0,0,1,1,1,1,26,6,-1,-1,-1,-1,1,1,E01015083,0
Unvalidated,2024501430435,2024,501430435,1,9,0,18,7,3,0,0,0,0,0,0,1,1,6,1,84,11,-1,-1,-1,-1,4,2,E01018972,0
Unvalidated,2024501430435,2024,501430435,2,9,0,18,3,7,0,0,0,0,0,0,1,1,6,2,34,6,-1,-1,-1,-1,2,1,E01018928,0
Unvalidated,2024501430435,2024,501430435,3,9,0,18,7,3,0,0,0,0,0,0,1,1,6,2,70,10,-1,-1,-1,-1,5,3,E01033289,0
Unvalidated,2024501430514,2024,501430514,1,8,0,18,4,8,0,0,0,0,0,0,1,1,6,1,26,6,-1,-1,-1,-1,-1,-1,-1,0
Unvalidated,2024501430517,2024,501430517,1,9,0,4,7,3,0,0,0,0,0,0,2,1,6,1,73,10,-1,-1,-1,-1,7,3,E01020317,0
Unvalidated,2024501430517,2024,501430517,2,9,0,18,7,3,0,0,0,0,0,0,1,1,6,1,86,11,-1,-1,-1,-1,4,3,E01018757,0
Unvalidated,2024501430789,2024,501430789,1,9,0,18,7,3,0,0,0,0,0,0,1,1,6,3,-1,-1,-1,-1,-1,-1,-1,-1,-1,0
Unvalidated,2024501430815,2024,501430815,1,19,0,16,6,2,0,1,1,0,0,0,1,1,1,1,32,6,-1,-1,-1,-1,5,3,E01020143,0
Unvalidated,2024501430815,2024,501430815,2,9,0,4,6,2,0,1,0,0,0,0,2,1,6,2,31,6,-1,-1,-1,-1,9,1,E01019906,0
Unvalidated,2024501430898,2024,501430898,1,22,0,18,5,1,9,5,5,0,0,0,0,1,5,2,78,11,-1,-1,-1,-1,7,1,E01018789,0
Unvalidated,2024501430916,2024,501430916,1,97,0,13,5,1,0,0,1,0,1,10,1,1,5,1,61,9,-1,-1,-1,-1,4,3,E01019063,0
Unvalidated,2024501430978,2024,501430978,1,9,0,17,1,5,0,0,5,7,1,0,1,2,5,2,16,4,-1,-1,-1,-1,2,1,E01015210,0
Unvalidated,2024501431000,2024,501431000,1,19,0,18,7,3,0,0,0,0,0,0,1,1,1,1,40,7,-1,-1,-1,-1,4,3,E01018965,0
Unvalidated,2024501431000,2024,501431000,2,9,0,4,7,3,0,0,0,0,0,0,2,1,5,2,78,11,-1,-1,-1,-1,4,3,E01018925,0
Unvalidated,2024501431013,2024,501431013,1,3,0,18,7,3,0,1,0,0,0,0,1,1,5,1,20,4,-1,-1,-1,-1,6,2,E01018986,0
Unvalidated,2024501431031,2024,501431031,1,9,0,18,2,6,0,0,2,0,2,11,1,1,2,1,24,5,-1,-1,-1,-1,5,3,E01018943,0
Unvalidated,2024501431038,2024,501431038,1,9,0,17,6,2,0,2,2,0,1,10,1,1,6,3,-1,-1,-1,-1,-1,-1,-1,-1,-1,0
Unvalidated,2024501431052,2024,501431052,1,3,0,18,2,6,0,0,5,0,2,1,4,1,5,1,17,4,-1,-1,-1,-1,4,2,E01020198,0
Unvalidated,2024501431076,2024,501431076,1,9,0,4,5,1,0,0,0,0,0,0,2,1,5,2,53,8,-1,-1,-1,-1,5,2,E01018947,0
Unvalidated,2024501431076,2024,501431076,2,9,0,18,5,1,0,0,0,0,0,0,1,1,1,1,19,4,-1,-1,-1,-1,5,2,E01018947,0
Unvalidated,2024501431163,2024,501431163,1,9,0,18,1,5,0,0,0,0,1,10,1,1,5,2,26,6,-1,-1,-1,-1,4,3,E01018924,0
Unvalidated,2024501431185,2024,501431185,1,9,0,9,6,5,0,1,0,0,7,0,1,1,5,2,82,11,-1,-1,-1,-1,5,3,E01020308,0
Unvalidated,2024501431185,2024,501431185,2,1,0,18,8,4,0,8,5,0,0,0,2,1,6,2,51,8,-1,-1,-1,-1,4,3,E01020097,0
Unvalidated,2024501431193,2024,501431193,1,9,0,9,8,5,0,1,0,0,0,0,4,1,5,2,29,6,-1,-1,-1,-1,3,1,E01015095,0
Unvalidated,2024501431193,2024,501431193,2,5,0,18,3,7,0,1,5,0,0,0,1,1,5,1,30,6,-1,-1,-1,-1,7,2,E01020169,0