status,collision_index,collision_year,collision_reference,vehicle_reference,vehicle_type,towing_and_articulation,vehicle_manoeuvre,vehicle_direction_from,vehicle_direction_to,vehicle_location_restricted_lane,junction_location,skidding_and_overturning,hit_object_in_carriageway,vehicle_leaving_carriageway,hit_object_off_carriageway,first_point_of_impact,vehicle_left_hand_drive,journey_purpose_of_driver,sex_of_driver,age_of_driver,age_band_of_driver,engine_capacity_cc,propulsion_code,age_of_vehicle,generic_make_model,driver_imd_decile,driver_home_area_type,lsoa_of_driver,escooter_flag
Unvalidated,2024501431220,2024,501431220,1,9,0,10,3,5,0,6,0,0,0,0,3,1,6,1,58,9,-1,-1,-1,-1,7,1,E01015201,0
Unvalidated,2024501431220,2024,501431220,2,9,0,18,3,7,0,8,0,0,0,0,4,1,2,1,32,6,-1,-1,-1,-1,1,1,E01015087,0
Unvalidated,2024501431274,2024,501431274,1,5,0,18,1,5,0,2,5,0,0,0,1,1,6,1,60,9,-1,-1,-1,-1,3,1,E01018793,0
Unvalidated,2024501431274,2024,501431274,2,9,0,18,1,5,0,2,0,0,0,0,2,1,6,2,17,4,-1,-1,-1,-1,9,1,E01015064,0
Unvalidated,2024501431314,2024,501431314,1,98,0,18,1,5,0,0,5,11,0,0,1,1,5,1,18,4,-1,-1,-1,-1,4,3,E01018908,0
Unvalidated,2024501431337,2024,501431337,1,9,0,7,7,3,0,1,5,0,0,0,4,1,6,1,25,5,-1,-1,-1,-1,5,1,E01018835,0
Unvalidated,2024501431438,2024,501431438,1,9,0,17,5,1,0,0,0,0,1,4,1,1,5,1,17,4,-1,-1,-1,-1,9,1,E01020125,0
Unvalidated,2024501431471,2024,501431471,1,9,0,18,7,3,0,1,0,0,0,0,2,1,5,1,25,5,-1,-1,-1,-1,7,1,E01015100,0
Unvalidated,2024501431471,2024,501431471,2,5,0,18,7,3,0,1,1,0,0,0,1,1,5,1,37,7,-1,-1,-1,-1,1,1,E01015045,0
Unvalidated,2024501431491,2024,501431491,1,5,0,9,5,3,0,8,0,0,0,0,4,1,5,1,77,11,-1,-1,-1,-1,1,1,E01015260,0
Unvalidated,2024501431491,2024,501431491,2,9,0,18,2,5,0,8,0,0,0,0,1,1,5,1,41,7,-1,-1,-1,-1,4,2,E01020184,0
Unvalidated,2024501431520,2024,501431520,1,9,0,18,5,1,0,0,0,4,0,0,3,1,5,1,40,7,-1,-1,-1,-1,5,1,E01015164,0
Unvalidated,2024501431520,2024,501431520,2,11,0,18,1,5,0,0,0,0,0,0,3,1,1,1,38,7,-1,-1,-1,-1,8,2,E01033294,0
Unvalidated,2024501431535,2024,501431535,1,9,0,18,3,7,0,1,0,0,0,0,1,1,1,1,24,5,-1,-1,-1,-1,5,1,E01018835,0
Unvalidated,2024501431535,2024,501431535,2,9,0,18,1,5,0,1,0,0,1,0,3,1,2,1,43,7,-1,-1,-1,-1,5,3,E01019060,0
Unvalidated,2024501431536,2024,501431536,1,9,0,18,6,2,0,0,0,0,0,0,1,1,5,1,33,6,-1,-1,-1,-1,6,1,E01021369,0
Unvalidated,2024501431536,2024,501431536,2,9,0,18,2,6,0,0,0,0,0,0,1,1,5,1,79,11,-1,-1,-1,-1,8,1,E01018823,0
Unvalidated,2024501431772,2024,501431772,1,9,0,13,7,3,0,0,0,0,0,0,1,1,6,1,30,6,-1,-1,-1,-1,3,1,E01019022,0
Unvalidated,2024501431772,2024,501431772,2,9,0,16,7,3,0,0,0,0,0,0,3,1,6,1,37,7,-1,-1,-1,-1,8,3,E01032190,0
Unvalidated,2024501431827,2024,501431827,1,1,0,18,2,6,0,1,0,0,0,0,1,1,6,1,-1,-1,-1,-1,-1,-1,-1,-1,-1,0
Unvalidated,2024501431827,2024,501431827,2,9,0,3,2,6,0,1,0,0,0,0,2,1,5,2,62,9,-1,-1,-1,-1,4,2,E01018919,0
Unvalidated,2024501431846,2024,501431846,1,9,0,10,6,2,0,1,0,0,0,0,2,1,5,2,50,8,-1,-1,-1,-1,4,3,E01018877,0
Unvalidated,2024501431846,2024,501431846,2,9,0,18,6,2,0,1,0,0,0,0,1,1,5,2,40,7,-1,-1,-1,-1,4,3,E01018861,0
Unvalidated,2024501431933,2024,501431933,1,9,0,4,8,4,0,0,0,0,0,0,2,1,5,1,44,7,-1,-1,-1,-1,2,1,W01001697,0
Unvalidated,2024501431933,2024,501431933,2,9,0,4,8,4,0,0,0,0,0,0,1,2,5,1,71,10,-1,-1,-1,-1,4,3,E01018987,0
Unvalidated,2024501431945,2024,501431945,1,4,0,7,5,3,0,1,2,0,0,0,4,1,6,1,32,6,-1,-1,-1,-1,2,1,E01015074,0
Unvalidated,2024501432025,2024,501432025,1,9,0,5,3,7,0,2,0,0,0,0,4,1,5,2,64,9,-1,-1,-1,-1,9,1,E01019993,0
Unvalidated,2024501432163,2024,501432163,1,9,0,18,6,1,0,1,0,0,0,0,1,1,6,2,67,10,-1,-1,-1,-1,7,3,E01020106,0
Unvalidated,2024501432186,2024,501432186,1,9,0,4,6,4,4,0,0,0,0,0,0,1,5,2,75,10,-1,-1,-1,-1,4,3,E01018820,0
Unvalidated,2024501432186,2024,501432186,2,1,0,18,8,4,4,0,5,0,0,0,0,1,5,1,75,10,-1,-1,-1,-1,6,2,E01018852,0
Unvalidated,2024501432251,2024,501432251,1,19,0,9,3,7,0,5,0,0,0,0,1,1,1,1,60,9,-1,-1,-1,-1,6,3,E01020178,0
Unvalidated,2024501432251,2024,501432251,2,23,0,18,7,3,0,1,0,0,0,0,1,1,1,1,22,5,-1,-1,-1,-1,6,3,E01020142,0
Unvalidated,2024501432322,2024,501432322,1,9,0,5,2,4,0,1,0,0,0,0,1,1,6,2,43,7,-1,-1,-1,-1,1,1,E01015046,0
Unvalidated,2024501432322,2024,501432322,2,3,0,18,5,4,0,1,0,0,0,0,1,1,5,1,29,6,-1,-1,-1,-1,2,1,E01015052,0
Unvalidated,2024501432327,2024,501432327,1,19,0,18,1,5,0,1,0,0,0,0,1,1,1,1,35,6,-1,-1,-1,-1,6,2,E01020221,0
Unvalidated,2024501432327,2024,501432327,2,21,0,18,1,5,0,1,0,0,0,0,2,1,1,1,48,8,-1,-1,-1,-1,4,1,E01020081,0
Unvalidated,2024501432327,2024,501432327,3,9,0,18,1,5,0,1,0,0,0,0,4,1,6,2,26,6,-1,-1,-1,-1,9,1,E01019984,0
Unvalidated,2024501432375,2024,501432375,1,9,0,9,1,6,0,2,0,0,1,0,3,1,5,1,36,7,-1,-1,-1,-1,10,1,E01002189,0
Unvalidated,2024501432375,2024,501432375,2,21,0,18,6,2,0,1,0,0,0,0,1,1,1,1,37,7,-1,-1,-1,-1,5,2,E01031869,0
Unvalidated,2024501432392,2024,501432392,1,5,0,17,8,4,0,0,2,0,1,0,1,1,5,1,53,8,-1,-1,-1,-1,3,3,E01018991,0
Unvalidated,2024501432398,2024,501432398,1,9,0,11,3,7,0,1,0,0,0,0,1,1,6,1,60,9,-1,-1,-1,-1,4,1,E01015056,0
Unvalidated,2024501432398,2024,501432398,2,19,0,4,3,7,0,1,0,0,0,0,2,1,1,1,31,6,-1,-1,-1,-1,6,2,E01015252,0
Unvalidated,2024501432423,2024,501432423,1,5,0,16,1,5,0,0,2,0,0,0,1,1,5,1,43,7,-1,-1,-1,-1,7,1,E01015253,0
Unvalidated,2024501432423,2024,501432423,2,9,0,17,5,1,0,0,0,0,0,0,1,1,5,1,21,5,-1,-1,-1,-1,1,1,E01015257,0
Unvalidated,2024501432705,2024,501432705,1,9,0,18,5,1,0,0,0,0,0,0,1,1,5,2,66,10,-1,-1,-1,-1,6,2,E01020172,0
Unvalidated,2024501432705,2024,501432705,2,9,0,18,1,5,0,0,0,0,0,0,1,2,5,1,88,11,-1,-1,-1,-1,3,1,E01020502,0
Unvalidated,2024501432763,2024,501432763,1,9,0,7,1,5,0,5,0,0,0,0,4,1,6,1,47,8,-1,-1,-1,-1,2,1,E01020014,0
Unvalidated,2024501432763,2024,501432763,2,1,0,18,1,5,0,8,0,0,0,0,1,1,5,1,30,6,-1,-1,-1,-1,4,1,E01020030,0
Unvalidated,2024501432823,2024,501432823,1,21,0,5,3,7,0,8,0,0,0,0,4,1,1,1,54,8,-1,-1,-1,-1,3,3,E01018815,0
Unvalidated,2024501432823,2024,501432823,2,9,0,18,5,1,0,1,0,0,0,0,1,1,5,2,32,6,-1,-1,-1,-1,4,3,E01019064,0
Unvalidated,2024501432974,2024,501432974,1,9,0,4,1,3,0,0,0,0,8,11,3,1,5,1,83,11,-1,-1,-1,-1,4,3,E01018926,0
Unvalidated,2024501432984,2024,501432984,1,9,0,17,3,7,0,1,0,0,0,0,1,1,5,2,60,9,-1,-1,-1,-1,5,3,E01020301,0
Unvalidated,2024501432984,2024,501432984,2,9,0,9,1,3,0,8,0,0,0,0,1,1,2,1,60,9,-1,-1,-1,-1,4,3,E01020288,0
Unvalidated,2024501433125,2024,501433125,1,9,0,4,8,4,9,0,1,10,1,2,1,1,2,2,49,8,-1,-1,-1,-1,8,1,E01015097,0
Unvalidated,2024501433166,2024,501433166,1,9,0,4,7,3,0,0,0,0,0,0,2,1,6,1,77,11,-1,-1,-1,-1,3,1,E01015093,0
Unvalidated,2024501433166,2024,501433166,2,9,0,4,7,3,0,0,0,0,0,0,2,1,6,2,81,11,-1,-1,-1,-1,1,1,E01015149,0
Unvalidated,2024501433166,2024,501433166,3,19,0,5,7,3,0,0,0,0,0,0,1,1,1,1,43,7,-1,-1,-1,-1,5,1,E01015024,0
Unvalidated,2024501433188,2024,501433188,1,9,0,18,2,6,0,0,0,0,0,0,2,1,2,2,59,9,-1,-1,-1,-1,1,1,E01015217,0
Unvalidated,2024501433188,2024,501433188,2,90,0,18,2,6,0,0,0,0,0,0,1,1,6,2,-1,-1,-1,-1,-1,-1,-1,-1,-1,0
Unvalidated,2024501433210,2024,501433210,1,19,0,9,6,2,8,0,0,0,0,0,1,1,6,1,62,9,-1,-1,-1,-1,2,1,E01018911,0
Unvalidated,2024501433210,2024,501433210,2,9,0,18,6,2,0,0,0,0,0,0,4,1,6,1,35,6,-1,-1,-1,-1,7,3,E01018827,0
Unvalidated,2024501433242,2024,501433242,1,9,0,9,5,3,0,5,0,0,0,0,4,1,5,2,65,9,-1,-1,-1,-1,8,3,E01020054,0
Unvalidated,2024501433242,2024,501433242,2,9,0,18,1,5,0,8,0,0,0,0,1,1,6,1,72,10,-1,-1,-1,-1,7,1,E01020027,0
Unvalidated,2024501433564,2024,501433564,1,9,0,7,7,3,0,1,0,0,0,0,1,1,6,2,-1,-1,-1,-1,-1,-1,-1,-1,-1,0
Unvalidated,2024501433564,2024,501433564,2,1,0,18,1,5,0,1,1,0,0,0,3,1,3,1,13,3,-1,-1,-1,-1,3,1,E01019975,0
Unvalidated,2024501433611,2024,501433611,1,9,0,18,3,7,0,0,0,0,7,0,3,1,6,1,74,10,-1,-1,-1,-1,3,1,E01014501,0
Unvalidated,2024501433611,2024,501433611,2,9,0,18,7,3,0,0,0,0,1,0,3,1,6,2,54,8,-1,-1,-1,-1,5,2,E01020137,0
Unvalidated,2024501433641,2024,501433641,1,19,0,1,1,5,5,0,0,0,0,0,3,1,6,1,44,7,-1,-1,-1,-1,4,1,E01019043,0
Unvalidated,2024501433641,2024,501433641,2,1,0,18,7,3,4,0,2,0,0,0,1,1,6,1,59,9,-1,-1,-1,-1,3,2,E01019059,0
Unvalidated,2024501433659,2024,501433659,1,9,0,17,3,7,0,0,5,0,0,0,1,1,5,1,73,10,-1,-1,-1,-1,7,2,E01018775,0
Unvalidated,2024501433793,2024,501433793,1,9,0,7,3,6,0,8,0,0,0,0,1,1,6,2,32,6,-1,-1,-1,-1,5,3,E01020147,0
Unvalidated,2024501433793,2024,501433793,2,9,0,18,2,6,0,8,0,0,0,0,4,1,3,1,17,4,-1,-1,-1,-1,6,3,E01020179,0
Unvalidated,2024501433803,2024,501433803,1,19,0,18,5,1,0,0,0,0,0,0,1,1,6,2,33,6,-1,-1,-1,-1,5,2,E01020220,0
Unvalidated,2024501433803,2024,501433803,2,9,0,4,5,1,0,0,0,0,0,0,2,1,6,2,21,5,-1,-1,-1,-1,6,3,E01020274,0
Unvalidated,2024501433812,2024,501433812,1,19,0,18,6,2,0,0,0,0,0,0,1,1,6,2,26,6,-1,-1,-1,-1,5,1,E01015135,0
Unvalidated,2024501433812,2024,501433812,2,9,0,5,6,2,0,0,0,0,0,0,2,1,6,2,19,4,-1,-1,-1,-1,4,1,E01015056,0
Unvalidated,2024501433877,2024,501433877,1,9,0,18,6,2,0,1,0,0,1,0,1,1,6,1,20,4,-1,-1,-1,-1,3,1,E01019991,0
Unvalidated,2024501433877,2024,501433877,2,5,0,18,3,7,0,8,0,0,0,0,3,1,5,1,34,6,-1,-1,-1,-1,6,1,E01001163,0
Unvalidated,2024501433892,2024,501433892,1,9,0,10,2,8,0,8,0,0,0,0,2,1,3,2,30,6,-1,-1,-1,-1,7,3,E01018901,0
Unvalidated,2024501433892,2024,501433892,2,9,0,18,2,6,0,1,0,0,1,0,1,1,5,1,62,9,-1,-1,-1,-1,7,3,E01018816,0
Unvalidated,2024501433914,2024,501433914,1,9,0,18,1,5,0,0,1,0,0,0,1,1,5,1,22,5,-1,-1,-1,-1,5,3,E01020076,0
Unvalidated,2024501433914,2024,501433914,2,9,0,18,5,1,0,0,0,0,0,0,1,1,5,1,47,8,-1,-1,-1,-1,4,3,E01020320,0
Unvalidated,2024501433939,2024,501433939,1,9,0,4,3,7,0,1,0,0,0,0,1,2,6,1,76,11,-1,-1,-1,-1,8,3,E01020171,0
Unvalidated,2024501433939,2024,501433939,2,4,0,3,3,7,0,1,0,0,0,0,2,1,6,1,25,5,-1,-1,-1,-1,2,1,E01015074,0
Unvalidated,2024501433939,2024,501433939,3,9,0,3,3,7,0,1,0,0,0,0,2,2,6,2,23,5,-1,-1,-1,-1,4,1,E01025933,0
Unvalidated,2024501433939,2024,501433939,4,9,0,3,3,7,0,1,0,0,0,0,2,2,6,2,76,11,-1,-1,-1,-1,8,2,E01020171,0
Unvalidated,2024501433957,2024,501433957,1,9,0,18,8,4,0,0,2,11,0,0,4,1,5,1,54,8,-1,-1,-1,-1,5,2,E01019947,0
Unvalidated,2024501433992,2024,501433992,1,9,0,5,1,7,9,2,0,0,7,0,3,1,5,1,43,7,-1,-1,-1,-1,6,1,E01020025,0
Unvalidated,2024501433992,2024,501433992,2,9,0,8,7,3,0,1,0,0,0,0,4,1,6,1,56,9,-1,-1,-1,-1,9,1,E01019998,0
Unvalidated,2024501433999,2024,501433999,1,11,0,18,6,2,0,0,0,0,0,0,1,1,1,1,43,7,-1,-1,-1,-1,4,3,E01018861,0
Unvalidated,2024501433999,2024,501433999,2,9,0,18,2,6,0,0,1,0,0,0,1,1,6,1,31,6,-1,-1,-1,-1,1,1,E01018910,0
Unvalidated,2024501434007,2024,501434007,1,9,0,9,3,5,0,6,0,0,0,0,4,1,5,1,78,11,-1,-1,-1,-1,5,1,E01015037,0
Unvalidated,2024501434007,2024,501434007,2,9,0,18,1,5,0,1,0,0,0,0,1,1,5,2,34,6,-1,-1,-1,-1,6,1,E01018794,0
Unvalidated,2024501434059,2024,501434059,1,9,0,4,4,8,2,0,0,0,0,0,2,1,6,1,-1,-1,-1,-1,-1,-1,-1,-1,-1,0
Unvalidated,2024501434059,2024,501434059,2,3,0,18,4,8,2,0,0,4,0,0,1,1,6,1,28,6,-1,-1,-1,-1,4,1,E01015054,0
Unvalidated,2024501434067,2024,501434067,1,5,0,18,1,5,0,3,0,0,0,0,1,1,5,2,57,9,-1,-1,-1,-1,2,1,E01015239,0
Unvalidated,2024501434067,2024,501434067,2,19,0,18,3,7,0,3,0,0,0,0,3,2,5,2,69,10,-1,-1,-1,-1,8,1,E01015271,0
Unvalidated,2024501434106,2024,501434106,1,-1,-1,-1,-1,-1,-1,0,-1,-1,-1,0,-1,1,6,3,-1,-1,-1,-1,-1,-1,-1,-1,-1,0
Unvalidated,2024501434106,2024,501434106,2,3,-1,-1,-1,-1,-1,0,-1,-1,-1,0,-1,1,6,1,30,6,-1,-1,-1,-1,3,1,E01015168,0
Unvalidated,2024501434118,2024,501434118,1,5,0,18,2,6,0,0,1,0,0,0,3,1,5,1,41,7,-1,-1,-1,-1,4,3,E01018876,0
Unvalidated,2024501434137,2024,501434137,1,9,0,16,1,5,0,0,0,0,2,0,1,1,5,1,72,10,-1,-1,-1,-1,5,3,E01020308,0
Unvalidated,2024501434137,2024,501434137,2,9,0,17,5,1,0,0,0,0,0,0,1,1,5,2,52,8,-1,-1,-1,-1,4,3,E01020097,0
Unvalidated,2024501434143,2024,501434143,1,9,0,18,5,1,0,1,0,0,0,0,3,1,5,1,75,10,-1,-1,-1,-1,8,2,E01020192,0
Unvalidated,2024501434143,2024,501434143,2,9,0,18,1,5,0,1,0,0,0,0,3,1,5,1,84,11,-1,-1,-1,-1,4,2,E01020189,0
Unvalidated,2024501434143,2024,501434143,3,9,0,18,1,5,0,1,0,0,0,0,1,1,5,1,63,9,-1,-1,-1,-1,6,3,E01020178,0
Unvalidated,2024501434149,2024,501434149,1,9,0,12,1,5,0,0,5,0,4,6,3,1,6,1,92,11,-1,-1,-1,-1,10,1,E01015101,0
Unvalidated,2024501434149,2024,501434149,2,9,0,18,1,5,0,0,5,0,4,6,4,1,5,2,36,7,-1,-1,-1,-1,2,3,E01018774,0
Unvalidated,2024501434152,2024,501434152,1,9,0,18,1,5,0,0,1,0,7,4,1,1,5,1,22,5,-1,-1,-1,-1,8,1,E01019968,0
Unvalidated,2024501434170,2024,501434170,1,9,0,9,1,7,0,6,0,0,0,0,3,1,5,1,46,8,-1,-1,-1,-1,8,3,E01019962,0
Unvalidated,2024501434170,2024,501434170,2,9,0,18,7,3,0,1,5,0,0,0,3,1,5,1,37,7,-1,-1,-1,-1,6,2,E01029195,0
Unvalidated,2024501434273,2024,501434273,1,9,0,18,3,7,0,0,0,0,0,0,1,1,6,2,32,6,-1,-1,-1,-1,7,1,E01015120,0
Unvalidated,2024501434361,2024,501434361,1,9,0,9,6,5,0,8,0,0,0,0,1,1,5,2,70,10,-1,-1,-1,-1,4,1,E01015268,0
Unvalidated,2024501434361,2024,501434361,2,9,0,18,2,6,0,1,0,0,0,0,1,1,5,1,66,10,-1,-1,-1,-1,4,1,E01015268,0
Unvalidated,2024501434485,2024,501434485,1,97,0,13,1,5,0,0,2,4,0,0,1,1,6,1,35,6,-1,-1,-1,-1,3,1,E01015166,0
Unvalidated,2024501434485,2024,501434485,2,98,0,2,0,0,0,0,0,0,0,0,3,1,6,3,-1,-1,-1,-1,-1,-1,-1,-1,-1,0
Unvalidated,2024501434485,2024,501434485,3,9,0,2,0,0,0,0,0,0,0,0,2,1,6,3,-1,-1,-1,-1,-1,-1,-1,-1,-1,0
Unvalidated,2024501434530,2024,501434530,1,9,0,18,3,7,0,0,0,0,0,0,1,1,5,1,87,11,-1,-1,-1,-1,9,1,E01010175,0
Unvalidated,2024501434530,2024,501434530,2,9,0,18,7,3,0,0,0,0,1,4,1,1,5,2,74,10,-1,-1,-1,-1,8,2,E01020455,0
Unvalidated,2024501434567,2024,501434567,1,9,0,18,5,1,0,0,5,0,2,0,1,1,5,1,19,4,-1,-1,-1,-1,1,1,E01018878,0
Unvalidated,2024501434590,2024,501434590,1,9,0,9,6,4,0,1,1,0,1,0,1,1,5,2,60,9,-1,-1,-1,-1,-1,-1,-1,0
Unvalidated,2024501434590,2024,501434590,2,9,0,18,2,6,0,1,1,0,1,0,1,1,6,2,22,5,-1,-1,-1,-1,3,1,E01018793,0
Unvalidated,2024501434898,2024,501434898,1,1,0,17,3,7,0,0,0,0,0,0,1,1,5,1,26,6,-1,-1,-1,-1,10,1,E01023180,0
Unvalidated,2024501434898,2024,501434898,2,9,0,2,0,0,0,0,0,0,0,0,2,1,6,3,-1,-1,-1,-1,-1,-1,-1,-1,-1,0
Unvalidated,2024501434917,2024,501434917,1,9,0,18,3,7,0,0,0,11,0,0,1,1,5,1,81,11,-1,-1,-1,-1,9,1,E01020086,0
Unvalidated,2024501434931,2024,501434931,1,19,0,18,3,7,0,0,0,0,0,0,4,1,6,3,30,6,-1,-1,-1,-1,-1,-1,-1,0
Unvalidated,2024501434952,2024,501434952,1,9,0,18,5,1,0,1,0,0,0,0,4,2,6,1,74,10,-1,-1,-1,-1,4,1,E01015169,0
Unvalidated,2024501434952,2024,501434952,2,9,0,18,3,7,0,1,0,0,0,0,1,2,6,1,19,4,-1,-1,-1,-1,2,1,E01015176,0
Unvalidated,2024501435032,2024,501435032,1,9,0,18,2,6,0,0,0,0,0,0,1,1,3,2,36,7,-1,-1,-1,-1,3,1,E01018869,0
Unvalidated,2024501435035,2024,501435035,1,9,0,1,4,8,0,1,0,0,0,0,2,1,6,2,60,9,-1,-1,-1,-1,6,1,E01015076,0
Unvalidated,2024501435035,2024,501435035,2,9,0,18,3,4,0,6,0,0,0,0,1,1,1,2,34,6,-1,-1,-1,-1,3,1,E01015060,0
Unvalidated,2024501435286,2024,501435286,1,9,0,9,1,6,0,6,0,0,0,0,1,1,6,2,57,9,-1,-1,-1,-1,2,1,E01018911,0
Unvalidated,2024501435286,2024,501435286,2,9,0,18,7,3,0,8,0,0,0,0,4,1,6,1,37,7,-1,-1,-1,-1,4,3,E01018820,0
Unvalidated,2024501435300,2024,501435300,1,3,0,18,2,6,0,0,0,0,0,0,2,1,5,1,59,9,-1,-1,-1,-1,8,3,E01020171,0
Unvalidated,2024501435300,2024,501435300,2,9,0,18,2,6,0,0,0,0,0,0,1,1,2,2,47,8,-1,-1,-1,-1,6,3,E01020187,0
Unvalidated,2024501435373,2024,501435373,1,9,0,7,1,4,0,6,0,0,0,0,3,1,6,2,66,10,-1,-1,-1,-1,4,1,E01018913,0
Unvalidated,2024501435373,2024,501435373,2,9,0,18,8,4,0,1,0,0,0,0,1,1,1,1,56,9,-1,-1,-1,-1,6,1,E01018917,0
Unvalidated,2024501435375,2024,501435375,1,9,0,16,4,6,0,1,0,0,0,0,1,1,2,2,55,8,-1,-1,-1,-1,4,3,E01019007,0
Unvalidated,2024501435375,2024,501435375,2,1,0,17,6,4,0,1,0,0,0,0,1,1,6,1,63,9,-1,-1,-1,-1,7,3,E01018830,0
Unvalidated,2024501435420,2024,501435420,1,9,0,5,2,4,0,8,0,0,0,0,3,1,5,2,41,7,-1,-1,-1,-1,5,3,E01020149,0
Unvalidated,2024501435420,2024,501435420,2,9,0,18,6,4,0,8,0,0,0,0,1,1,5,1,61,9,-1,-1,-1,-1,6,2,E01029195,0
Unvalidated,2024501435434,2024,501435434,1,9,0,4,2,6,0,0,0,0,0,0,1,1,1,1,30,6,-1,-1,-1,-1,8,1,E01018859,0
Unvalidated,2024501435434,2024,501435434,2,9,0,18,2,6,0,0,0,0,0,0,2,1,5,1,25,5,-1,-1,-1,-1,1,1,E01024498,0
Unvalidated,2024501435434,2024,501435434,3,9,0,9,2,6,0,0,0,0,0,0,2,1,1,1,36,7,-1,-1,-1,-1,4,3,E01018979,0
Unvalidated,2024501435603,2024,501435603,1,9,0,18,7,3,0,1,0,0,0,0,1,1,6,1,56,9,-1,-1,-1,-1,8,1,E01029245,0
Unvalidated,2024501435603,2024,501435603,2,9,0,3,7,3,0,1,0,0,0,0,2,1,6,2,45,7,-1,-1,-1,-1,6,3,E01019893,0
Unvalidated,2024501435652,2024,501435652,1,9,0,18,4,8,0,0,5,0,1,11,1,1,5,1,48,8,-1,-1,-1,-1,3,3,E01019036,0
Unvalidated,2024501435679,2024,501435679,1,5,0,18,3,7,0,1,0,0,0,0,1,1,6,1,56,9,-1,-1,-1,-1,6,1,E01015207,0
Unvalidated,2024501435679,2024,501435679,2,9,0,9,3,1,0,1,0,0,0,0,2,1,5,2,25,5,-1,-1,-1,-1,2,1,E01015259,0
Unvalidated,2024501435744,2024,501435744,1,9,0,18,8,4,0,1,0,0,0,0,1,1,6,2,51,8,-1,-1,-1,-1,-1,-1,-1,0
Unvalidated,2024501435744,2024,501435744,2,9,4,10,8,6,0,1,0,0,1,10,3,1,6,2,52,8,-1,-1,-1,-1,5,3,E01020049,0
Unvalidated,2024501435757,2024,501435757,1,3,0,16,7,3,0,0,2,0,0,0,4,1,5,1,73,10,-1,-1,-1,-1,8,3,E01019951,0
Unvalidated,2024501435757,2024,501435757,2,9,0,17,3,7,0,0,0,0,0,0,1,1,5,2,59,9,-1,-1,-1,-1,5,2,E01019947,0
Unvalidated,2024501435774,2024,501435774,1,9,0,18,6,2,0,0,0,0,0,0,1,1,2,1,62,9,-1,-1,-1,-1,4,2,E01019037,0
Unvalidated,2024501435987,2024,501435987,1,9,0,18,5,1,0,3,0,0,0,0,1,1,5,2,21,5,-1,-1,-1,-1,6,1,E01015132,0
Unvalidated,2024501435987,2024,501435987,2,9,0,3,5,1,0,3,0,0,0,0,2,1,5,2,45,7,-1,-1,-1,-1,8,2,E01020200,0
Unvalidated,2024501435987,2024,501435987,4,9,0,18,1,5,0,3,0,0,0,0,2,1,5,1,48,8,-1,-1,-1,-1,1,1,E01015057,0
Unvalidated,2024501436007,2024,501436007,1,9,0,18,4,6,0,4,0,0,0,0,1,1,1,2,36,7,-1,-1,-1,-1,3,1,E01019922,0
Unvalidated,2024501436007,2024,501436007,2,4,0,18,2,6,0,8,5,0,0,0,2,1,5,1,38,7,-1,-1,-1,-1,9,1,E01019907,0
Unvalidated,2024501436149,2024,501436149,1,9,0,18,3,7,0,1,0,0,0,0,1,1,2,1,25,5,-1,-1,-1,-1,6,1,E01018915,0
Unvalidated,2024501436149,2024,501436149,2,9,0,18,1,7,0,1,0,0,0,0,4,1,5,2,38,7,-1,-1,-1,-1,5,3,E01033289,0
Unvalidated,2024501436192,2024,501436192,1,9,0,5,7,3,0,6,0,0,0,0,1,1,1,2,58,9,-1,-1,-1,-1,2,1,E01020277,0
Unvalidated,2024501436192,2024,501436192,2,9,0,4,3,7,0,1,0,0,0,0,1,1,5,2,68,10,-1,-1,-1,-1,4,3,E01020262,0
Unvalidated,2024501436226,2024,501436226,1,9,0,5,3,7,0,0,1,0,0,0,2,1,2,1,27,6,-1,-1,-1,-1,2,1,E01015055,0
Unvalidated,2024501436226,2024,501436226,2,98,0,18,3,7,0,0,1,0,0,0,1,1,1,2,44,7,-1,-1,-1,-1,5,1,E01015179,0
Unvalidated,2024501436248,2024,501436248,1,19,0,17,5,1,0,2,1,0,1,3,1,1,5,1,43,7,-1,-1,-1,-1,3,1,E01020078,0
Unvalidated,2024501436261,2024,501436261,1,9,0,17,5,3,0,8,0,0,1,0,1,1,6,1,25,5,-1,-1,-1,-1,5,2,E01018768,0
Unvalidated,2024501436266,2024,501436266,1,9,0,18,1,6,0,1,0,0,0,0,1,1,5,1,17,4,-1,-1,-1,-1,9,1,E01015208,0
Unvalidated,2024501436266,2024,501436266,2,9,0,18,3,7,0,1,0,0,0,0,3,1,5,1,26,6,-1,-1,-1,-1,4,1,E01015268,0
Unvalidated,2024501436266,2024,501436266,3,9,0,2,0,0,0,2,0,0,0,0,2,1,6,1,65,9,-1,-1,-1,-1,2,1,E01015270,0
Unvalidated,2024501436450,2024,501436450,1,9,0,3,1,6,0,6,0,0,0,0,1,1,6,2,66,10,-1,-1,-1,-1,1,1,E01015058,0
Unvalidated,2024501436450,2024,501436450,2,9,0,3,1,6,0,2,0,0,0,0,2,1,5,1,31,6,-1,-1,-1,-1,6,1,E01015027,0
Unvalidated,2024501436450,2024,501436450,3,9,0,4,1,6,0,2,0,0,0,0,2,1,6,1,37,7,-1,-1,-1,-1,5,1,E01015092,0