status,collision_index,collision_year,collision_reference,vehicle_reference,vehicle_type,towing_and_articulation,vehicle_manoeuvre,vehicle_direction_from,vehicle_direction_to,vehicle_location_restricted_lane,junction_location,skidding_and_overturning,hit_object_in_carriageway,vehicle_leaving_carriageway,hit_object_off_carriageway,first_point_of_impact,vehicle_left_hand_drive,journey_purpose_of_driver,sex_of_driver,age_of_driver,age_band_of_driver,engine_capacity_cc,propulsion_code,age_of_vehicle,generic_make_model,driver_imd_decile,driver_home_area_type,lsoa_of_driver,escooter_flag
Unvalidated,2024501436469,2024,501436469,1,9,0,18,8,4,0,0,1,11,2,9,4,1,6,1,45,7,-1,-1,-1,-1,5,3,E01020331,0
Unvalidated,2024501436604,2024,501436604,1,19,0,18,7,3,0,0,0,0,1,11,1,1,5,1,59,9,-1,-1,-1,-1,6,1,E01017508,0
Unvalidated,2024501436674,2024,501436674,1,9,0,17,7,3,0,0,1,0,2,10,1,2,6,2,58,9,-1,-1,-1,-1,5,2,E01018947,0
Unvalidated,2024501436680,2024,501436680,1,9,0,18,3,7,0,0,0,0,0,0,1,1,6,1,51,8,-1,-1,-1,-1,3,1,E01019034,0
Unvalidated,2024501436680,2024,501436680,2,9,0,18,7,3,0,0,0,0,0,0,1,1,5,1,26,6,-1,-1,-1,-1,-1,-1,-1,0
Unvalidated,2024501436779,2024,501436779,1,9,0,16,6,8,0,2,0,0,7,11,1,1,5,1,36,7,-1,-1,-1,-1,5,3,E01020127,0
Unvalidated,2024501436898,2024,501436898,1,9,0,7,7,1,0,8,1,0,0,0,3,1,2,1,20,4,-1,-1,-1,-1,4,2,E01020330,0
Unvalidated,2024501436898,2024,501436898,2,9,0,3,1,7,0,1,0,0,0,0,3,1,6,2,33,6,-1,-1,-1,-1,4,3,E01020322,0
Unvalidated,2024501437002,2024,501437002,1,9,9,18,8,6,0,4,0,0,0,0,1,1,6,3,-1,-1,-1,-1,-1,-1,-1,-1,-1,0
Unvalidated,2024501437002,2024,501437002,2,1,0,18,2,6,0,3,5,0,1,0,4,1,6,1,67,10,-1,-1,-1,-1,8,1,E01019015,0
Unvalidated,2024501437075,2024,501437075,1,9,0,18,7,3,0,0,0,0,0,0,9,1,3,2,54,8,-1,-1,-1,-1,9,1,E01020038,0
Unvalidated,2024501437102,2024,501437102,1,9,9,18,3,7,0,4,9,0,0,0,1,1,6,1,19,4,-1,-1,-1,-1,5,2,E01020093,0
Unvalidated,2024501437102,2024,501437102,2,1,0,18,5,1,0,8,5,0,0,0,4,1,2,1,68,10,-1,-1,-1,-1,8,1,E01020133,0
Unvalidated,2024501437108,2024,501437108,1,21,1,17,7,3,0,0,5,0,1,0,1,1,1,1,24,5,-1,-1,-1,-1,5,1,E01020278,0
Unvalidated,2024501437161,2024,501437161,1,9,0,18,1,5,0,0,0,11,0,0,1,1,6,2,78,11,-1,-1,-1,-1,7,3,E01020317,0
Unvalidated,2024501437161,2024,501437161,2,9,0,18,1,5,0,0,0,0,0,0,2,1,5,1,56,9,-1,-1,-1,-1,-1,-1,-1,0
Unvalidated,2024501437165,2024,501437165,1,3,0,18,2,6,0,8,1,0,0,0,1,1,6,1,62,9,-1,-1,-1,-1,3,1,E01015059,0
Unvalidated,2024501437165,2024,501437165,2,9,0,18,2,6,0,8,5,0,0,0,2,1,6,1,50,8,-1,-1,-1,-1,6,1,E01020161,0
Unvalidated,2024501437173,2024,501437173,1,9,0,6,4,4,0,8,0,0,0,0,3,2,5,2,38,7,-1,-1,-1,-1,7,1,E01027689,0
Unvalidated,2024501437173,2024,501437173,2,5,0,14,4,8,0,8,0,0,0,0,1,1,2,1,40,7,-1,-1,-1,-1,4,1,E01020217,0
Unvalidated,2024501437202,2024,501437202,1,17,0,18,2,8,0,0,0,0,0,0,1,1,5,1,55,8,-1,-1,-1,-1,3,3,E01018974,0
Unvalidated,2024501437202,2024,501437202,2,9,0,18,8,4,0,0,0,0,0,0,1,1,5,1,63,9,-1,-1,-1,-1,4,3,E01018968,0
Unvalidated,2024501437206,2024,501437206,1,9,0,18,4,8,0,0,0,0,0,0,0,1,6,3,-1,-1,-1,-1,-1,-1,-1,-1,-1,0
Unvalidated,2024501437206,2024,501437206,2,9,0,18,8,4,0,0,5,0,1,10,4,1,2,2,52,8,-1,-1,-1,-1,5,3,E01020147,0
Unvalidated,2024501437307,2024,501437307,1,9,0,11,2,6,0,0,1,0,2,7,1,1,5,2,31,6,-1,-1,-1,-1,6,3,E01020237,0
Unvalidated,2024501437437,2024,501437437,1,19,0,5,1,5,0,6,0,0,0,0,3,1,5,1,25,5,-1,-1,-1,-1,7,3,E01020156,0
Unvalidated,2024501437437,2024,501437437,2,9,0,18,7,3,0,1,0,10,8,11,1,1,5,2,30,6,-1,-1,-1,-1,3,2,E01020155,0
Unvalidated,2024501437476,2024,501437476,1,8,0,18,2,6,0,4,0,0,0,0,1,1,5,1,51,8,-1,-1,-1,-1,-1,-1,-1,0
Unvalidated,2024501437476,2024,501437476,2,9,0,9,6,4,0,3,0,0,0,0,4,1,5,2,29,6,-1,-1,-1,-1,1,1,E01018933,0
Unvalidated,2024501437486,2024,501437486,1,9,0,18,3,7,0,1,1,4,0,0,1,1,2,1,58,9,-1,-1,-1,-1,-1,-1,-1,0
Unvalidated,2024501437486,2024,501437486,2,9,0,2,0,0,0,1,0,10,0,0,2,1,6,3,-1,-1,-1,-1,-1,-1,-1,-1,-1,0
Unvalidated,2024501437545,2024,501437545,1,9,0,18,2,5,0,0,0,0,0,0,1,1,5,2,46,8,-1,-1,-1,-1,4,3,E01019071,0
Unvalidated,2024501437545,2024,501437545,2,9,0,18,5,1,0,0,0,0,0,0,1,1,6,1,81,11,-1,-1,-1,-1,6,1,E01019030,0
Unvalidated,2024501437578,2024,501437578,1,9,0,1,2,6,0,1,0,0,0,0,2,1,5,1,89,11,-1,-1,-1,-1,2,1,E01020014,0
Unvalidated,2024501437596,2024,501437596,1,9,0,9,8,4,0,2,0,0,0,0,1,1,5,1,48,8,-1,-1,-1,-1,4,3,E01019057,0
Unvalidated,2024501437596,2024,501437596,2,9,0,18,4,2,0,2,0,0,0,0,1,1,2,2,20,4,-1,-1,-1,-1,3,3,E01018761,0
Unvalidated,2024501437667,2024,501437667,1,9,0,18,7,3,0,0,0,0,7,0,3,1,1,1,45,7,-1,-1,-1,-1,3,3,E01018978,0
Unvalidated,2024501437729,2024,501437729,1,9,0,4,8,4,0,1,0,0,0,0,1,1,6,1,76,11,-1,-1,-1,-1,1,2,E01019056,0
Unvalidated,2024501437810,2024,501437810,1,11,0,11,-1,-1,2,0,0,0,0,0,4,1,6,3,-1,-1,-1,-1,-1,-1,-1,-1,-1,0
Unvalidated,2024501437810,2024,501437810,2,97,0,5,-1,-1,2,0,0,0,1,0,3,1,6,3,-1,-1,-1,-1,-1,-1,-1,-1,-1,0
Unvalidated,2024501437825,2024,501437825,1,9,0,9,8,4,0,1,0,0,0,0,1,1,2,1,62,9,-1,-1,-1,-1,5,1,E01019982,0
Unvalidated,2024501437825,2024,501437825,2,9,0,18,4,8,0,1,0,0,0,0,1,1,2,1,57,9,-1,-1,-1,-1,5,1,E01019974,0
Unvalidated,2024501437967,2024,501437967,1,9,0,18,3,7,0,1,0,0,0,0,1,1,1,2,52,8,-1,-1,-1,-1,9,1,E01020215,0
Unvalidated,2024501437967,2024,501437967,2,9,0,9,7,3,0,1,0,0,0,0,1,1,5,2,22,5,-1,-1,-1,-1,3,1,E01015235,0
Unvalidated,2024501437981,2024,501437981,1,4,0,6,1,7,0,6,0,0,0,0,1,1,5,2,55,8,-1,-1,-1,-1,-1,-1,-1,0
Unvalidated,2024501437981,2024,501437981,2,9,0,4,0,0,0,2,0,0,0,0,1,1,6,3,-1,-1,-1,-1,-1,-1,-1,-1,-1,0
Unvalidated,2024501438003,2024,501438003,1,21,0,18,3,5,0,0,0,0,0,0,1,1,1,1,55,8,-1,-1,-1,-1,9,1,E01015104,0
Unvalidated,2024501438006,2024,501438006,1,9,0,7,7,5,0,5,0,0,0,0,4,1,5,1,17,4,-1,-1,-1,-1,8,1,E01015124,0
Unvalidated,2024501438026,2024,501438026,1,5,0,18,4,8,0,2,2,0,0,0,4,1,5,1,40,7,-1,-1,-1,-1,3,1,E01019051,0
Unvalidated,2024501438026,2024,501438026,2,9,0,12,8,4,0,1,0,0,0,0,0,1,5,1,32,6,-1,-1,-1,-1,5,3,E01018864,0
Unvalidated,2024501438110,2024,501438110,1,9,0,18,7,3,0,0,5,0,7,11,2,1,2,2,48,8,-1,-1,-1,-1,-1,3,-1,0
Unvalidated,2024501438129,2024,501438129,1,19,0,18,7,3,0,0,2,0,2,10,1,2,1,1,22,5,-1,-1,-1,-1,4,1,E01011585,0
Unvalidated,2024501438247,2024,501438247,1,9,0,18,1,4,0,0,0,0,0,0,4,1,2,2,27,6,-1,-1,-1,-1,5,1,E01015062,0
Unvalidated,2024501438301,2024,501438301,1,9,0,15,2,5,9,8,0,0,1,0,3,1,6,1,21,5,-1,-1,-1,-1,5,3,E01020088,0
Unvalidated,2024501438301,2024,501438301,2,9,0,7,2,6,0,8,0,0,0,0,1,1,2,2,27,6,-1,-1,-1,-1,4,2,E01020126,0
Unvalidated,2024501438330,2024,501438330,1,9,0,18,3,7,0,1,0,0,1,0,1,1,5,2,41,7,-1,-1,-1,-1,3,1,E01017666,0
Unvalidated,2024501438330,2024,501438330,2,9,0,4,3,7,0,1,0,0,0,0,2,1,5,1,21,5,-1,-1,-1,-1,4,3,E01020131,0
Unvalidated,2024501438330,2024,501438330,3,9,0,9,3,1,0,1,0,0,0,0,4,1,5,1,39,7,-1,-1,-1,-1,8,1,E01028807,0
Unvalidated,2024501438342,2024,501438342,1,9,0,9,1,5,0,0,0,0,0,0,4,1,6,2,40,7,-1,-1,-1,-1,10,2,E01019943,0
Unvalidated,2024501438342,2024,501438342,2,5,0,18,1,5,0,0,2,0,0,0,1,1,6,1,57,9,-1,-1,-1,-1,8,1,E01020250,0
Unvalidated,2024501438353,2024,501438353,1,9,0,18,3,7,0,0,0,0,0,0,1,1,6,1,-1,-1,-1,-1,-1,-1,-1,-1,-1,0
Unvalidated,2024501438374,2024,501438374,1,9,0,4,4,8,0,0,0,0,0,0,1,1,6,1,20,4,-1,-1,-1,-1,6,3,E01020179,0
Unvalidated,2024501438374,2024,501438374,2,8,0,4,1,5,0,0,0,0,0,0,1,1,1,1,74,10,-1,-1,-1,-1,6,3,E01020172,0
Unvalidated,2024501438441,2024,501438441,1,9,0,18,7,3,0,0,2,0,1,0,1,1,2,1,30,6,-1,-1,-1,-1,4,3,E01020041,0
Unvalidated,2024501438463,2024,501438463,1,9,0,4,3,7,0,4,0,0,0,0,1,1,6,2,22,5,-1,-1,-1,-1,9,1,E01015140,0
Unvalidated,2024501438463,2024,501438463,2,9,0,3,3,7,0,1,0,0,0,0,2,1,6,2,64,9,-1,-1,-1,-1,3,1,E01015143,0
Unvalidated,2024501438518,2024,501438518,1,9,0,16,1,6,0,0,2,0,0,0,4,1,5,1,20,4,-1,-1,-1,-1,10,2,E01019943,0
Unvalidated,2024501438528,2024,501438528,1,9,0,18,1,5,0,0,5,0,8,0,1,1,5,1,23,5,-1,-1,-1,-1,3,1,E01005062,0
Unvalidated,2024501438534,2024,501438534,1,9,0,18,5,3,0,6,0,0,0,0,3,1,5,1,45,7,-1,-1,-1,-1,4,2,E01020293,0
Unvalidated,2024501438534,2024,501438534,2,9,0,18,3,7,0,1,0,0,0,0,1,1,5,1,31,6,-1,-1,-1,-1,-1,-1,-1,0
Unvalidated,2024501438633,2024,501438633,1,9,0,13,2,6,0,0,1,0,1,0,4,1,6,3,-1,-1,-1,-1,-1,-1,-1,-1,-1,0
Unvalidated,2024501438633,2024,501438633,2,4,0,18,2,6,0,0,0,0,0,0,3,1,6,1,19,4,-1,-1,-1,-1,3,1,E01015212,0
Unvalidated,2024501438670,2024,501438670,1,9,0,4,5,1,9,1,0,0,0,0,1,1,6,3,-1,-1,-1,-1,-1,-1,-1,-1,-1,0
Unvalidated,2024501438670,2024,501438670,2,9,0,7,3,5,0,6,0,0,0,0,3,1,1,1,52,8,-1,-1,-1,-1,3,1,E01015095,0
Unvalidated,2024501438857,2024,501438857,1,9,0,4,1,5,0,0,0,0,0,0,1,2,5,1,44,7,-1,-1,-1,-1,7,1,E01025985,0
Unvalidated,2024501438857,2024,501438857,2,9,0,4,1,5,0,0,0,0,0,0,2,2,6,2,36,7,-1,-1,-1,-1,2,1,E01015218,0
Unvalidated,2024501438857,2024,501438857,3,9,0,4,1,5,0,0,0,0,0,0,2,2,5,2,32,6,-1,-1,-1,-1,5,1,E01029134,0
Unvalidated,2024501438888,2024,501438888,1,3,0,17,8,4,0,1,0,0,1,10,4,1,6,1,29,6,-1,-1,-1,-1,3,1,E01019028,0
Unvalidated,2024501438891,2024,501438891,1,9,0,18,2,6,0,1,0,0,0,0,1,1,5,1,41,7,-1,-1,-1,-1,3,3,E01019052,0
Unvalidated,2024501438891,2024,501438891,2,5,0,9,4,2,0,6,5,0,0,0,1,1,5,1,45,7,-1,-1,-1,-1,4,1,E01018929,0
Unvalidated,2024501438899,2024,501438899,1,9,0,16,4,8,0,0,0,0,0,0,1,2,5,1,80,11,-1,-1,-1,-1,3,2,E01018950,0
Unvalidated,2024501438899,2024,501438899,2,9,0,3,4,8,0,0,0,0,0,0,2,2,6,2,42,7,-1,-1,-1,-1,4,3,E01018968,0
Unvalidated,2024501438919,2024,501438919,1,9,0,12,7,3,0,1,0,0,0,0,3,1,5,1,44,7,-1,-1,-1,-1,7,3,-1,0
Unvalidated,2024501438919,2024,501438919,2,9,0,18,7,3,0,1,0,0,0,0,4,1,5,1,22,5,-1,-1,-1,-1,5,1,E01015123,0
Unvalidated,2024501438965,2024,501438965,1,9,0,9,1,5,0,0,0,4,7,10,1,1,5,1,24,5,-1,-1,-1,-1,3,1,E01020139,0
Unvalidated,2024501438965,2024,501438965,2,9,0,2,0,0,6,0,1,0,0,0,3,1,6,3,-1,-1,-1,-1,-1,-1,-1,-1,-1,0
Unvalidated,2024501439036,2024,501439036,1,3,0,17,4,2,0,8,1,0,0,0,0,1,1,1,62,9,-1,-1,-1,-1,6,3,E01020187,0
Unvalidated,2024501439107,2024,501439107,1,9,0,18,4,8,0,0,1,0,7,2,1,1,5,1,22,5,-1,-1,-1,-1,5,1,E01019019,0
Unvalidated,2024501439158,2024,501439158,1,9,0,7,6,2,0,5,0,0,0,0,4,1,1,1,74,10,-1,-1,-1,-1,9,1,E01020266,0
Unvalidated,2024501439211,2024,501439211,1,5,0,12,3,7,0,0,1,0,0,0,4,1,2,1,49,8,-1,-1,-1,-1,6,3,E01018752,0
Unvalidated,2024501439211,2024,501439211,2,19,0,18,3,7,0,0,0,0,0,0,-1,1,6,3,-1,-1,-1,-1,-1,-1,-1,-1,-1,0
Unvalidated,2024501439235,2024,501439235,1,20,0,18,6,3,0,6,0,0,0,0,3,1,1,1,48,8,-1,-1,-1,-1,5,3,E01020147,0
Unvalidated,2024501439235,2024,501439235,2,3,0,14,4,8,0,1,2,0,0,0,1,1,6,1,24,5,-1,-1,-1,-1,7,2,E01018800,0
Unvalidated,2024501439252,2024,501439252,1,9,0,18,6,2,0,0,2,11,1,10,4,1,6,2,60,9,-1,-1,-1,-1,-1,-1,-1,0
Unvalidated,2024501439355,2024,501439355,1,9,0,16,3,7,0,0,0,0,0,0,1,1,5,1,21,5,-1,-1,-1,-1,1,1,E01015058,0
Unvalidated,2024501439355,2024,501439355,2,9,0,18,7,3,0,0,0,0,0,0,1,1,6,2,29,6,-1,-1,-1,-1,4,1,E01015031,0
Unvalidated,2024501439373,2024,501439373,1,9,0,4,3,7,0,2,0,0,0,0,1,1,6,1,86,11,-1,-1,-1,-1,5,2,E01019026,0
Unvalidated,2024501439373,2024,501439373,2,9,0,4,3,7,0,2,0,0,0,0,2,1,6,1,45,7,-1,-1,-1,-1,9,2,E01032703,0
Unvalidated,2024501439373,2024,501439373,3,19,0,4,3,7,0,2,0,0,0,0,1,1,6,1,53,8,-1,-1,-1,-1,2,1,E01019046,0
Unvalidated,2024501439373,2024,501439373,4,9,0,4,3,7,0,2,0,0,0,0,2,1,6,2,62,9,-1,-1,-1,-1,8,2,E01026368,0
Unvalidated,2024501439396,2024,501439396,1,9,0,9,1,6,0,6,0,0,1,0,1,1,5,2,25,5,-1,-1,-1,-1,6,2,E01016076,0
Unvalidated,2024501439396,2024,501439396,2,9,0,12,7,3,0,8,0,0,0,0,1,1,5,2,22,5,-1,-1,-1,-1,2,2,E01018770,0
Unvalidated,2024501439413,2024,501439413,1,19,0,18,7,3,0,0,2,0,7,10,1,1,5,1,71,10,-1,-1,-1,-1,9,3,E01020090,0
Unvalidated,2024501439447,2024,501439447,1,9,0,17,6,2,0,5,5,10,1,10,1,1,5,1,24,5,-1,-1,-1,-1,4,1,E01015177,0
Unvalidated,2024501439458,2024,501439458,1,9,0,7,5,6,0,2,0,0,7,11,3,1,5,1,22,5,-1,-1,-1,-1,4,3,E01020262,0
Unvalidated,2024501439471,2024,501439471,1,19,0,17,4,8,0,0,0,0,1,0,1,1,5,1,29,6,-1,-1,-1,-1,2,1,E01015044,0
Unvalidated,2024501439471,2024,501439471,2,9,0,16,8,4,0,0,0,0,0,0,1,1,5,2,17,4,-1,-1,-1,-1,4,2,E01018758,0
Unvalidated,2024501439592,2024,501439592,1,9,0,18,5,1,0,0,0,0,0,0,2,1,5,1,61,9,-1,-1,-1,-1,9,1,E01019952,0
Unvalidated,2024501439592,2024,501439592,2,9,0,4,5,1,0,0,0,0,0,0,1,1,5,2,25,5,-1,-1,-1,-1,7,1,E01000183,0
Unvalidated,2024501439602,2024,501439602,1,9,0,18,7,3,0,1,0,0,0,0,1,1,5,1,85,11,-1,-1,-1,-1,6,1,E01020227,0
Unvalidated,2024501439602,2024,501439602,2,9,0,7,1,7,0,6,0,0,0,0,1,1,5,1,53,8,-1,-1,-1,-1,-1,-1,-1,0
Unvalidated,2024501439615,2024,501439615,1,9,0,18,1,5,0,0,1,0,2,7,3,1,5,1,18,4,-1,-1,-1,-1,4,1,E01020271,0
Unvalidated,2024501439663,2024,501439663,1,9,0,18,8,4,0,0,5,6,0,0,1,1,5,1,61,9,-1,-1,-1,-1,6,3,E01019945,0
Unvalidated,2024501439731,2024,501439731,1,19,0,17,5,1,0,0,5,0,0,0,4,1,1,1,32,6,-1,-1,-1,-1,4,2,E01018776,0
Unvalidated,2024501439792,2024,501439792,1,9,0,18,7,3,0,0,0,0,0,0,1,1,5,1,29,6,-1,-1,-1,-1,5,2,E01029193,0
Unvalidated,2024501439792,2024,501439792,2,9,0,18,7,3,0,0,0,0,0,0,2,1,2,1,35,6,-1,-1,-1,-1,5,3,E01019065,0
Unvalidated,2024501439792,2024,501439792,3,9,0,4,7,3,0,0,0,0,0,0,2,1,5,1,73,10,-1,-1,-1,-1,2,1,E01018996,0
Unvalidated,2024501439796,2024,501439796,1,9,0,18,2,6,0,1,0,0,0,0,3,1,2,2,23,5,-1,-1,-1,-1,3,1,E01020225,0
Unvalidated,2024501439796,2024,501439796,2,3,0,18,6,2,0,2,0,0,0,0,1,1,2,1,16,4,-1,-1,-1,-1,5,2,E01020220,0
Unvalidated,2024501439846,2024,501439846,1,9,0,9,5,3,0,8,0,0,0,0,4,1,6,2,51,8,-1,-1,-1,-1,3,1,E01015249,0
Unvalidated,2024501439910,2024,501439910,1,9,0,18,4,6,0,3,0,1,0,0,1,1,6,2,61,9,-1,-1,-1,-1,4,1,E01018812,0
Unvalidated,2024501439972,2024,501439972,1,9,0,18,7,3,0,0,0,0,0,0,3,1,5,2,78,11,-1,-1,-1,-1,7,1,E01015127,0
Unvalidated,2024501439972,2024,501439972,2,2,0,13,7,3,0,0,0,0,0,0,1,1,6,1,17,4,-1,-1,-1,-1,1,1,E01015087,0
Unvalidated,2024501439993,2024,501439993,1,5,0,7,3,7,0,1,5,0,0,0,4,1,5,1,60,9,-1,-1,-1,-1,8,1,E01020019,0
Unvalidated,2024501440063,2024,501440063,1,9,0,3,1,5,0,0,0,0,0,0,2,1,5,1,37,7,-1,-1,-1,-1,6,2,E01020154,0
Unvalidated,2024501440063,2024,501440063,2,5,0,18,1,5,0,0,0,0,0,0,1,1,2,1,25,5,-1,-1,-1,-1,6,1,E01015200,0
Unvalidated,2024501440079,2024,501440079,1,9,0,17,7,3,0,0,1,0,0,0,4,1,5,1,40,7,-1,-1,-1,-1,4,3,E01018861,0
Unvalidated,2024501440079,2024,501440079,2,9,0,18,3,7,0,0,1,0,0,0,1,1,6,1,40,7,-1,-1,-1,-1,6,3,E01019938,0
Unvalidated,2024501440104,2024,501440104,1,9,0,5,6,2,6,0,5,0,5,0,1,1,5,1,74,10,-1,-1,-1,-1,2,1,E01019046,0
Unvalidated,2024501440288,2024,501440288,1,9,0,18,3,7,0,2,0,4,0,0,1,1,5,1,73,10,-1,-1,-1,-1,9,1,E01019983,0
Unvalidated,2024501440288,2024,501440288,2,9,0,2,0,0,0,2,0,0,0,0,2,1,6,3,-1,-1,-1,-1,-1,-1,-1,-1,-1,0
Unvalidated,2024501440288,2024,501440288,3,9,0,2,0,0,0,2,0,0,0,0,2,1,6,3,-1,-1,-1,-1,-1,-1,-1,-1,-1,0
Unvalidated,2024501440288,2024,501440288,4,19,0,2,0,0,0,2,0,4,0,0,1,1,6,3,-1,-1,-1,-1,-1,-1,-1,-1,-1,0
Unvalidated,2024501440349,2024,501440349,1,9,0,9,3,1,0,2,0,0,0,0,3,1,5,1,78,11,-1,-1,-1,-1,7,1,E01019955,0
Unvalidated,2024501440349,2024,501440349,2,4,0,18,1,5,0,1,0,0,0,0,1,1,5,1,31,6,-1,-1,-1,-1,6,3,E01019893,0
Unvalidated,2024501440378,2024,501440378,1,19,0,18,3,7,0,0,0,0,0,0,4,1,1,1,53,8,-1,-1,-1,-1,5,2,E01019947,0
Unvalidated,2024501440378,2024,501440378,2,20,0,11,3,7,0,0,1,0,0,0,3,1,1,1,39,7,-1,-1,-1,-1,-1,-1,-1,0
Unvalidated,2024501440386,2024,501440386,1,9,0,18,3,7,0,0,0,0,0,0,1,1,5,1,49,8,-1,-1,-1,-1,2,1,E01015074,0
Unvalidated,2024501440386,2024,501440386,2,9,0,18,7,3,0,0,1,0,0,0,1,1,6,1,32,6,-1,-1,-1,-1,1,1,E01032658,0
Unvalidated,2024501440399,2024,501440399,1,9,0,16,8,4,0,1,0,0,0,0,1,1,5,1,66,10,-1,-1,-1,-1,6,1,E01018917,0
Unvalidated,2024501440399,2024,501440399,2,9,0,3,8,4,0,1,0,0,0,0,1,1,5,1,70,10,-1,-1,-1,-1,4,1,E01018909,0
Unvalidated,2024501440399,2024,501440399,3,9,0,18,8,4,0,1,0,0,0,0,1,1,6,1,70,10,-1,-1,-1,-1,4,3,E01018919,0
Unvalidated,2024501440399,2024,501440399,4,3,0,4,8,4,0,1,0,0,0,0,1,1,6,1,17,4,-1,-1,-1,-1,1,1,E01018910,0
Unvalidated,2024501440411,2024,501440411,1,11,0,18,5,1,0,0,0,0,0,0,4,1,6,3,-1,-1,-1,-1,-1,-1,-1,-1,-1,0
Unvalidated,2024501440419,2024,501440419,1,19,0,18,6,2,0,0,0,4,0,0,1,1,6,1,52,8,-1,-1,-1,-1,3,1,E01020212,0
Unvalidated,2024501440419,2024,501440419,2,9,0,2,0,0,0,0,0,0,0,0,2,1,5,1,49,8,-1,-1,-1,-1,-1,1,-1,0
Unvalidated,2024501440497,2024,501440497,1,21,0,18,6,2,0,1,0,0,0,0,1,1,1,1,64,9,-1,-1,-1,-1,5,3,E01020049,0
Unvalidated,2024501440497,2024,501440497,2,9,0,4,6,2,0,2,0,0,0,0,2,1,6,2,82,11,-1,-1,-1,-1,5,3,E01020049,0
Unvalidated,2024501440497,2024,501440497,3,9,0,4,6,2,0,2,0,0,0,0,2,1,2,2,32,6,-1,-1,-1,-1,4,1,E01020053,0
Unvalidated,2024501440509,2024,501440509,1,3,0,18,6,1,0,0,0,4,7,0,1,1,6,1,23,5,-1,-1,-1,-1,3,3,E01019070,0
Unvalidated,2024501440509,2024,501440509,2,9,0,2,6,5,0,0,0,0,0,0,2,1,6,2,45,7,-1,-1,-1,-1,1,1,E01019033,0
Unvalidated,2024501440564,2024,501440564,1,9,0,5,5,1,0,1,0,0,0,0,1,1,1,1,35,6,-1,-1,-1,-1,4,1,E01019013,0
Unvalidated,2024501440564,2024,501440564,2,9,0,4,5,1,0,4,0,0,0,0,2,1,1,2,20,4,-1,-1,-1,-1,2,1,E01018911,0
Unvalidated,2024501440594,2024,501440594,1,9,0,18,1,5,0,0,5,4,0,0,1,1,5,1,36,7,-1,-1,-1,-1,3,1,E01015209,0
Unvalidated,2024501440594,2024,501440594,2,9,0,2,0,0,0,0,0,0,0,0,4,1,6,3,-1,-1,-1,-1,-1,-1,-1,-1,-1,0
Unvalidated,2024501440756,2024,501440756,1,9,0,18,3,7,0,0,0,0,0,0,1,1,5,2,30,6,-1,-1,-1,-1,7,3,E01020318,0
Unvalidated,2024501440810,2024,501440810,1,3,0,4,2,6,0,1,0,0,0,0,1,1,6,1,34,6,-1,-1,-1,-1,2,1,E01020016,0
Unvalidated,2024501440810,2024,501440810,2,9,0,4,2,6,0,1,0,0,0,0,2,1,6,2,24,5,-1,-1,-1,-1,9,2,E01033235,0
Unvalidated,2024501440863,2024,501440863,1,9,0,18,1,5,0,1,0,0,1,0,1,1,5,1,33,6,-1,-1,-1,-1,7,3,E01029130,0
Unvalidated,2024501440863,2024,501440863,2,19,0,18,2,6,0,6,0,0,1,0,3,1,1,1,62,9,-1,-1,-1,-1,6,3,E01020083,0
Unvalidated,2024501440917,2024,501440917,1,3,0,5,5,3,0,6,2,0,0,0,1,1,5,1,28,6,-1,-1,-1,-1,4,1,E01015178,0
Unvalidated,2024501440917,2024,501440917,2,19,0,2,7,3,0,8,0,0,0,0,3,1,6,3,-1,-1,-1,-1,-1,-1,-1,-1,-1,0
Unvalidated,2024501440927,2024,501440927,1,9,0,18,7,3,0,4,0,0,0,0,3,1,5,2,39,7,-1,-1,-1,-1,4,1,E01020279,0
Unvalidated,2024501440927,2024,501440927,2,5,0,9,3,1,0,3,0,0,0,0,1,1,5,1,53,8,-1,-1,-1,-1,2,1,E01020277,0
Unvalidated,2024501440966,2024,501440966,1,8,0,5,2,3,0,0,0,0,0,0,0,1,1,1,76,11,-1,-1,-1,-1,1,1,E01015152,0
Unvalidated,2024501441057,2024,501441057,1,97,0,5,6,2,0,8,5,0,0,0,1,1,6,1,17,4,-1,-1,-1,-1,4,2,E01018919,0
Unvalidated,2024501441057,2024,501441057,2,9,0,5,8,3,0,4,0,0,0,0,1,1,6,2,78,11,-1,-1,-1,-1,4,3,E01019037,0
Unvalidated,2024501441125,2024,501441125,1,9,0,9,5,3,0,6,0,0,0,0,1,1,5,1,62,9,-1,-1,-1,-1,3,2,E01018993,0
Unvalidated,2024501441125,2024,501441125,2,9,0,18,3,8,0,1,1,0,0,0,1,1,5,1,29,6,-1,-1,-1,-1,4,3,E01019006,0
Unvalidated,2024501441136,2024,501441136,1,9,0,18,8,4,0,1,0,0,0,0,4,1,6,1,80,11,-1,-1,-1,-1,8,1,E01019970,0
Unvalidated,2024501441136,2024,501441136,2,9,0,7,2,4,0,6,0,0,0,0,1,1,5,2,57,9,-1,-1,-1,-1,4,3,E01020262,0
Unvalidated,2024501441137,2024,501441137,1,19,0,18,8,2,0,3,0,0,0,0,4,1,6,2,-1,-1,-1,-1,-1,-1,-1,-1,-1,0