status,collision_index,collision_year,collision_reference,vehicle_reference,vehicle_type,towing_and_articulation,vehicle_manoeuvre,vehicle_direction_from,vehicle_direction_to,vehicle_location_restricted_lane,junction_location,skidding_and_overturning,hit_object_in_carriageway,vehicle_leaving_carriageway,hit_object_off_carriageway,first_point_of_impact,vehicle_left_hand_drive,journey_purpose_of_driver,sex_of_driver,age_of_driver,age_band_of_driver,engine_capacity_cc,propulsion_code,age_of_vehicle,generic_make_model,driver_imd_decile,driver_home_area_type,lsoa_of_driver,escooter_flag
Unvalidated,2024501441316,2024,501441316,1,9,0,9,4,2,0,8,0,0,0,0,1,1,5,1,69,10,-1,-1,-1,-1,6,1,E01019003,0
Unvalidated,2024501441316,2024,501441316,2,9,0,18,6,2,0,8,0,0,0,0,1,1,3,2,45,7,-1,-1,-1,-1,3,3,E01019005,0
Unvalidated,2024501441408,2024,501441408,1,9,0,17,5,1,0,2,5,0,2,10,1,1,5,2,17,4,-1,-1,-1,-1,7,2,E01020169,0
Unvalidated,2024501441408,2024,501441408,2,9,0,17,5,1,0,2,0,0,0,0,0,1,5,1,17,4,-1,-1,-1,-1,10,2,E01019943,0
Unvalidated,2024501441425,2024,501441425,1,9,0,18,3,7,0,2,5,10,2,10,1,1,2,1,31,6,-1,-1,-1,-1,3,3,E01019070,0
Unvalidated,2024501441481,2024,501441481,1,9,-1,-1,-1,-1,-1,0,-1,-1,-1,0,-1,1,6,2,21,5,-1,-1,-1,-1,5,3,E01018821,0
Unvalidated,2024501441481,2024,501441481,2,9,-1,-1,-1,-1,-1,0,-1,-1,-1,0,-1,1,6,2,58,9,-1,-1,-1,-1,5,3,E01018833,0
Unvalidated,2024501441557,2024,501441557,1,9,0,17,3,7,0,0,0,0,0,0,3,1,5,2,41,7,-1,-1,-1,-1,5,1,E01029314,0
Unvalidated,2024501441557,2024,501441557,2,17,5,18,7,3,0,0,0,0,0,0,3,1,1,1,27,6,-1,-1,-1,-1,6,3,E01019938,0
Unvalidated,2024501441557,2024,501441557,3,9,0,18,7,3,0,0,0,0,0,0,1,1,5,2,37,7,-1,-1,-1,-1,10,1,E01014967,0
Unvalidated,2024501441589,2024,501441589,1,9,0,17,8,4,0,1,0,0,0,0,1,1,6,1,47,8,-1,-1,-1,-1,3,2,E01018950,0
Unvalidated,2024501441589,2024,501441589,2,9,0,7,4,8,0,6,0,0,0,0,3,1,6,1,19,4,-1,-1,-1,-1,5,2,E01018947,0
Unvalidated,2024501441589,2024,501441589,3,19,0,18,8,4,0,1,0,0,0,0,3,1,6,2,51,8,-1,-1,-1,-1,5,2,E01018947,0
Unvalidated,2024501441649,2024,501441649,1,9,0,18,3,7,0,4,0,0,0,0,1,1,5,2,77,11,-1,-1,-1,-1,6,3,E01020295,0
Unvalidated,2024501441649,2024,501441649,2,5,0,17,3,5,0,3,1,0,0,0,2,1,5,1,64,9,-1,-1,-1,-1,9,1,E01020086,0
Unvalidated,2024501441653,2024,501441653,1,9,0,18,8,4,0,2,0,0,0,0,4,1,1,1,62,9,-1,-1,-1,-1,5,1,E01015215,0
Unvalidated,2024501441657,2024,501441657,1,9,0,16,7,3,0,0,0,0,0,0,1,1,6,1,21,5,-1,-1,-1,-1,3,2,E01018993,0
Unvalidated,2024501441657,2024,501441657,2,9,0,18,3,7,0,0,0,0,0,0,1,1,6,1,63,9,-1,-1,-1,-1,3,2,E01018993,0
Unvalidated,2024501441727,2024,501441727,1,9,0,17,7,3,0,0,5,0,0,0,1,1,5,1,39,7,-1,-1,-1,-1,4,1,E01020254,0
Unvalidated,2024501441727,2024,501441727,2,9,0,2,0,0,0,0,0,0,1,0,2,1,6,2,30,6,-1,-1,-1,-1,4,1,E01015258,0
Unvalidated,2024501441755,2024,501441755,1,9,0,16,1,5,0,2,0,0,8,11,1,1,6,1,34,6,-1,-1,-1,-1,4,1,E01020065,0
Unvalidated,2024501441812,2024,501441812,1,9,0,18,7,3,0,1,0,0,0,0,1,1,6,1,73,10,-1,-1,-1,-1,3,1,E01015193,0
Unvalidated,2024501441812,2024,501441812,2,1,0,4,7,3,0,1,0,0,0,0,2,1,5,2,61,9,-1,-1,-1,-1,7,1,E01015203,0
Unvalidated,2024501441818,2024,501441818,1,9,0,18,6,2,0,1,0,0,0,0,1,1,2,1,22,5,-1,-1,-1,-1,7,3,E01018830,0
Unvalidated,2024501441818,2024,501441818,2,9,0,3,6,2,0,1,0,0,0,0,2,1,6,1,40,7,-1,-1,-1,-1,4,3,E01018877,0
Unvalidated,2024501441918,2024,501441918,1,9,0,18,1,5,0,1,0,0,0,0,1,1,6,1,32,6,-1,-1,-1,-1,2,2,E01018771,0
Unvalidated,2024501441918,2024,501441918,2,9,0,5,3,1,0,6,0,0,0,0,3,1,5,1,19,4,-1,-1,-1,-1,4,3,E01018784,0
Unvalidated,2024501441927,2024,501441927,1,9,0,1,2,6,9,1,0,0,7,11,2,1,6,1,28,6,-1,-1,-1,-1,-1,1,-1,0
Unvalidated,2024501441935,2024,501441935,1,1,0,16,2,6,0,0,2,0,7,0,3,1,5,1,56,9,-1,-1,-1,-1,3,2,E01018950,0
Unvalidated,2024501441989,2024,501441989,1,9,0,9,8,6,0,0,0,0,0,0,1,1,5,1,84,11,-1,-1,-1,-1,2,1,E01018996,0
Unvalidated,2024501441989,2024,501441989,2,1,0,18,6,2,0,0,0,0,0,0,2,1,6,1,85,11,-1,-1,-1,-1,3,1,E01019001,0
Unvalidated,2024501442291,2024,501442291,1,9,0,3,6,2,0,1,0,0,0,0,1,1,6,1,40,7,-1,-1,-1,-1,1,1,E01015045,0
Unvalidated,2024501442291,2024,501442291,2,9,0,3,6,2,0,1,0,0,0,0,2,1,6,2,45,7,-1,-1,-1,-1,2,1,E01015157,0
Unvalidated,2024501442420,2024,501442420,1,9,0,18,5,5,0,2,1,0,0,0,1,1,3,2,22,5,-1,-1,-1,-1,3,1,E01015041,0
Unvalidated,2024501442420,2024,501442420,2,8,0,18,7,3,0,8,0,0,0,0,4,1,5,1,34,6,-1,-1,-1,-1,1,1,E01015155,0
Unvalidated,2024501442435,2024,501442435,1,9,0,18,1,5,0,0,0,0,0,0,1,1,6,3,-1,-1,-1,-1,-1,-1,-1,-1,-1,0
Unvalidated,2024501442435,2024,501442435,2,1,0,18,1,3,0,0,0,0,0,0,2,1,5,1,18,4,-1,-1,-1,-1,2,1,E01020103,0
Unvalidated,2024501442517,2024,501442517,1,19,0,3,6,2,0,1,0,0,0,0,4,1,6,1,55,8,-1,-1,-1,-1,9,3,E01020316,0
Unvalidated,2024501442517,2024,501442517,2,1,0,3,6,2,0,1,0,0,1,0,3,1,5,1,37,7,-1,-1,-1,-1,1,1,E01015046,0
Unvalidated,2024501442518,2024,501442518,1,9,0,17,8,4,0,0,1,0,0,0,1,1,2,1,24,5,-1,-1,-1,-1,4,3,E01018760,0
Unvalidated,2024501442518,2024,501442518,2,11,0,17,4,8,0,0,0,0,0,0,1,1,3,2,61,9,-1,-1,-1,-1,3,3,E01020286,0
Unvalidated,2024501442649,2024,501442649,1,9,0,5,7,3,0,0,0,0,0,0,3,1,6,2,57,9,-1,-1,-1,-1,4,1,E01020032,0
Unvalidated,2024501442649,2024,501442649,2,1,0,4,1,5,0,0,0,0,0,0,4,1,5,1,62,9,-1,-1,-1,-1,8,1,E01019956,0
Unvalidated,2024501442690,2024,501442690,1,9,0,16,4,8,0,0,0,0,0,0,3,1,5,2,18,4,-1,-1,-1,-1,5,3,E01018821,0
Unvalidated,2024501442690,2024,501442690,2,9,0,17,8,4,0,0,0,0,0,0,4,1,2,2,25,5,-1,-1,-1,-1,4,1,E01018866,0
Unvalidated,2024501442690,2024,501442690,3,9,0,17,8,4,0,0,0,0,7,9,3,1,2,1,26,6,-1,-1,-1,-1,5,3,E01018864,0
Unvalidated,2024501442704,2024,501442704,1,9,0,12,7,3,0,0,1,0,1,6,1,1,2,1,26,6,-1,-1,-1,-1,10,1,E01022772,0
Unvalidated,2024501442704,2024,501442704,2,9,0,18,7,3,0,0,1,0,2,6,1,1,1,1,20,4,-1,-1,-1,-1,7,1,E01019988,0
Unvalidated,2024501442750,2024,501442750,1,-1,0,5,-1,-1,-1,0,0,0,0,0,1,1,6,3,-1,-1,-1,-1,-1,-1,-1,-1,-1,0
Unvalidated,2024501442750,2024,501442750,2,1,-1,18,-1,-1,-1,0,0,0,0,0,4,1,3,1,11,3,-1,-1,-1,-1,9,1,E01015118,0
Unvalidated,2024501442820,2024,501442820,1,9,0,18,2,6,9,0,0,0,1,5,1,1,5,1,88,11,-1,-1,-1,-1,2,1,E01015176,0
Unvalidated,2024501442820,2024,501442820,2,9,0,5,2,6,0,0,0,0,0,0,0,1,5,2,38,7,-1,-1,-1,-1,3,2,E01029339,0
Unvalidated,2024501442840,2024,501442840,1,9,0,18,1,5,0,0,5,0,0,0,4,1,5,2,19,4,-1,-1,-1,-1,3,3,E01019053,0
Unvalidated,2024501442912,2024,501442912,1,9,0,18,5,1,0,1,0,0,0,0,1,1,5,2,34,6,-1,-1,-1,-1,4,3,E01020126,0
Unvalidated,2024501442912,2024,501442912,2,9,0,18,5,1,0,1,0,0,0,0,2,1,5,2,33,6,-1,-1,-1,-1,4,2,E01020126,0
Unvalidated,2024501442962,2024,501442962,1,9,0,18,1,5,0,1,0,0,0,0,3,1,6,2,26,6,-1,-1,-1,-1,7,3,E01019892,0
Unvalidated,2024501442967,2024,501442967,1,2,0,18,3,7,0,3,0,0,0,0,4,1,5,1,52,8,-1,-1,-1,-1,1,1,E01015047,0
Unvalidated,2024501443123,2024,501443123,1,9,0,17,1,5,0,0,5,0,2,10,1,1,1,1,21,5,-1,-1,-1,-1,6,1,E01020276,0
Unvalidated,2024501443186,2024,501443186,1,11,0,3,5,2,0,0,0,0,0,0,3,1,1,2,58,9,-1,-1,-1,-1,-1,-1,-1,0
Unvalidated,2024501443186,2024,501443186,2,1,0,18,2,5,0,0,0,0,0,0,1,1,6,1,58,9,-1,-1,-1,-1,2,1,E01015158,0
Unvalidated,2024501443235,2024,501443235,1,9,0,18,6,2,0,1,0,0,0,0,1,1,6,2,27,6,-1,-1,-1,-1,2,1,E01015218,0
Unvalidated,2024501443235,2024,501443235,2,1,0,10,2,8,0,1,0,0,0,0,1,1,2,1,44,7,-1,-1,-1,-1,4,2,E01020247,0
Unvalidated,2024501443254,2024,501443254,1,8,0,18,8,4,0,1,0,0,0,0,1,1,1,3,-1,-1,-1,-1,-1,-1,-1,-1,-1,0
Unvalidated,2024501443285,2024,501443285,1,9,0,7,4,2,0,2,0,0,0,0,1,1,6,2,61,9,-1,-1,-1,-1,3,3,E01018815,0
Unvalidated,2024501443285,2024,501443285,2,9,0,18,6,2,0,1,0,0,0,0,1,1,6,1,73,10,-1,-1,-1,-1,5,2,E01018973,0
Unvalidated,2024501443295,2024,501443295,1,9,0,18,4,8,0,0,0,0,0,0,1,1,5,1,86,11,-1,-1,-1,-1,7,1,E01018883,0
Unvalidated,2024501443295,2024,501443295,2,9,0,2,0,0,0,0,0,0,0,0,1,1,6,3,-1,-1,-1,-1,-1,-1,-1,-1,-1,0
Unvalidated,2024501443295,2024,501443295,3,9,0,2,0,0,0,0,0,0,0,0,2,1,6,3,-1,-1,-1,-1,-1,-1,-1,-1,-1,0
Unvalidated,2024501443350,2024,501443350,1,9,0,7,3,7,0,6,0,0,0,0,3,1,5,2,39,7,-1,-1,-1,-1,3,1,E01015143,0
Unvalidated,2024501443350,2024,501443350,2,3,0,18,5,1,0,1,0,0,0,0,1,1,5,1,17,4,-1,-1,-1,-1,6,3,E01020187,0
Unvalidated,2024501443394,2024,501443394,1,9,0,18,5,1,0,6,0,0,0,0,1,1,6,1,84,11,-1,-1,-1,-1,6,2,E01020152,0
Unvalidated,2024501443394,2024,501443394,2,19,0,3,1,5,0,6,0,0,0,0,1,1,1,1,54,8,-1,-1,-1,-1,-1,-1,-1,0
Unvalidated,2024501443400,2024,501443400,1,19,0,7,2,6,0,6,0,0,0,0,1,1,1,1,19,4,-1,-1,-1,-1,5,1,E01018900,0
Unvalidated,2024501443400,2024,501443400,2,9,0,17,8,4,0,8,0,0,0,0,1,1,6,1,80,11,-1,-1,-1,-1,9,1,E01009850,0
Unvalidated,2024501443401,2024,501443401,1,9,0,1,5,1,0,0,0,0,0,0,2,1,2,2,26,6,-1,-1,-1,-1,-1,-1,-1,0
Unvalidated,2024501443401,2024,501443401,2,3,0,3,5,1,0,0,0,0,0,0,1,1,5,1,51,8,-1,-1,-1,-1,5,3,E01020076,0
Unvalidated,2024501443442,2024,501443442,1,19,0,18,7,3,0,0,0,0,0,0,4,1,6,3,-1,-1,-1,-1,-1,-1,-1,-1,-1,0
Unvalidated,2024501443456,2024,501443456,1,9,0,18,4,8,0,8,0,0,5,0,4,1,5,2,58,9,-1,-1,-1,-1,3,1,E01031552,0
Unvalidated,2024501443456,2024,501443456,2,3,0,18,1,5,0,8,5,0,0,0,3,1,6,1,45,7,-1,-1,-1,-1,2,1,E01020103,0
Unvalidated,2024501443469,2024,501443469,1,9,0,9,5,3,0,6,0,0,0,0,4,1,5,2,85,11,-1,-1,-1,-1,5,3,E01019901,0
Unvalidated,2024501443469,2024,501443469,2,9,0,18,2,4,0,8,0,0,0,0,1,1,2,1,27,6,-1,-1,-1,-1,8,1,E01019929,0
Unvalidated,2024501443547,2024,501443547,1,21,-1,18,1,5,0,0,0,0,0,0,1,1,1,3,-1,-1,-1,-1,-1,-1,-1,-1,-1,0
Unvalidated,2024501443547,2024,501443547,2,9,0,18,5,1,0,0,0,0,0,0,3,1,6,2,19,4,-1,-1,-1,-1,9,1,E01015160,0
Unvalidated,2024501443568,2024,501443568,1,9,0,18,5,2,0,0,0,0,0,0,1,1,2,1,59,9,-1,-1,-1,-1,7,1,E01015122,0
Unvalidated,2024501443568,2024,501443568,2,9,0,3,5,2,0,0,0,0,0,0,2,1,5,1,69,10,-1,-1,-1,-1,5,3,E01020319,0
Unvalidated,2024501443702,2024,501443702,1,1,0,18,7,3,0,0,0,11,0,0,1,1,5,1,63,9,-1,-1,-1,-1,6,3,E01020246,0
Unvalidated,2024501443702,2024,501443702,2,9,0,4,7,3,0,0,0,0,0,0,2,1,2,2,49,8,-1,-1,-1,-1,3,1,E01020272,0
Unvalidated,2024501443716,2024,501443716,1,9,0,18,3,7,0,1,0,0,0,0,1,1,6,1,17,4,-1,-1,-1,-1,8,1,E01019908,0
Unvalidated,2024501443716,2024,501443716,2,9,0,3,3,7,0,1,0,0,0,0,2,1,6,2,39,7,-1,-1,-1,-1,7,1,E01019988,0
Unvalidated,2024501443755,2024,501443755,1,9,0,16,2,6,0,0,0,0,0,0,0,1,5,1,86,11,-1,-1,-1,-1,8,1,E01020003,0
Unvalidated,2024501443785,2024,501443785,1,3,0,14,5,1,0,1,0,0,0,0,4,1,2,1,18,4,-1,-1,-1,-1,3,1,E01019000,0
Unvalidated,2024501443807,2024,501443807,1,9,0,9,1,8,0,2,0,0,0,0,1,1,5,1,37,7,-1,-1,-1,-1,1,1,E01015263,0
Unvalidated,2024501443807,2024,501443807,2,9,0,18,5,1,0,1,0,0,1,0,1,1,6,1,54,8,-1,-1,-1,-1,3,3,E01020323,0
Unvalidated,2024501443885,2024,501443885,1,9,0,4,2,7,0,1,0,0,7,0,2,1,2,2,72,10,-1,-1,-1,-1,6,1,E01015220,0
Unvalidated,2024501443885,2024,501443885,2,19,0,4,0,0,0,6,0,0,0,0,2,1,1,2,30,6,-1,-1,-1,-1,-1,1,-1,0
Unvalidated,2024501443896,2024,501443896,1,9,0,7,1,4,0,8,0,0,0,0,3,1,5,2,52,8,-1,-1,-1,-1,3,1,E01015235,0
Unvalidated,2024501443896,2024,501443896,2,1,0,9,5,4,0,1,0,0,0,0,1,1,6,1,13,3,-1,-1,-1,-1,3,1,E01015204,0
Unvalidated,2024501443907,2024,501443907,1,9,0,18,7,3,0,1,0,0,0,0,4,1,5,1,75,10,-1,-1,-1,-1,7,3,E01020273,0
Unvalidated,2024501443919,2024,501443919,1,9,-1,-1,-1,-1,-1,0,-1,-1,-1,0,-1,9,-1,1,73,10,-1,-1,-1,-1,5,2,E01019026,0
Unvalidated,2024501443919,2024,501443919,2,9,-1,-1,-1,-1,-1,0,-1,-1,-1,0,-1,9,-1,1,56,9,-1,-1,-1,-1,10,1,E01023971,0
Unvalidated,2024501443937,2024,501443937,1,9,0,4,1,5,0,8,0,0,0,0,2,1,6,2,38,7,-1,-1,-1,-1,1,1,E01015087,0
Unvalidated,2024501443937,2024,501443937,2,9,0,4,1,5,0,8,0,0,1,0,1,1,2,1,64,9,-1,-1,-1,-1,7,1,E01015103,0
Unvalidated,2024501443937,2024,501443937,3,1,0,18,5,1,0,8,0,0,0,0,1,1,6,1,34,6,-1,-1,-1,-1,5,1,E01015092,0
Unvalidated,2024501444002,2024,501444002,1,5,0,18,7,3,0,0,0,0,0,0,4,1,5,1,34,6,-1,-1,-1,-1,6,1,E01015107,0
Unvalidated,2024501444051,2024,501444051,1,9,0,18,3,7,0,0,1,0,2,4,1,1,1,1,30,6,-1,-1,-1,-1,9,2,E01019949,0
Unvalidated,2024501444124,2024,501444124,1,3,0,16,5,1,0,2,0,0,7,10,1,1,5,1,46,8,-1,-1,-1,-1,5,3,E01029325,0
Unvalidated,2024501444174,2024,501444174,1,9,0,18,2,6,0,1,0,0,0,0,1,1,6,1,-1,-1,-1,-1,-1,-1,-1,-1,-1,0
Unvalidated,2024501444174,2024,501444174,2,1,0,18,2,6,0,1,0,0,0,0,2,1,2,2,32,6,-1,-1,-1,-1,4,1,E01015077,0
Unvalidated,2024501444182,2024,501444182,1,9,0,14,3,7,0,8,0,0,0,0,1,1,2,1,37,7,-1,-1,-1,-1,3,3,E01018769,0
Unvalidated,2024501444191,2024,501444191,1,4,0,18,3,7,0,0,0,10,0,0,1,1,6,1,19,4,-1,-1,-1,-1,3,1,E01015063,0
Unvalidated,2024501444251,2024,501444251,1,9,0,4,3,7,0,0,0,4,0,0,1,1,6,2,46,8,-1,-1,-1,-1,2,1,E01015086,0
Unvalidated,2024501444251,2024,501444251,2,9,0,3,3,7,0,0,0,0,0,0,2,1,6,2,33,6,-1,-1,-1,-1,5,2,E01018798,0
Unvalidated,2024501444385,2024,501444385,1,9,0,-1,-1,-1,0,-1,0,0,0,0,-1,1,6,3,-1,-1,-1,-1,-1,-1,-1,-1,-1,0
Unvalidated,2024501444385,2024,501444385,2,9,0,-1,-1,-1,-1,-1,0,0,0,0,-1,1,1,1,63,9,-1,-1,-1,-1,1,1,E01015196,0
Unvalidated,2024501444446,2024,501444446,1,9,0,18,5,1,0,1,0,0,0,0,1,1,5,1,80,11,-1,-1,-1,-1,5,3,E01020174,0
Unvalidated,2024501444579,2024,501444579,1,9,0,15,3,1,0,1,0,0,0,0,0,1,6,1,64,9,-1,-1,-1,-1,3,1,E01015148,0
Unvalidated,2024501444618,2024,501444618,1,5,0,4,1,5,0,0,1,0,0,0,3,1,5,1,19,4,-1,-1,-1,-1,4,3,E01018877,0
Unvalidated,2024501444632,2024,501444632,1,9,0,13,3,7,0,0,2,0,4,0,1,1,5,1,79,11,-1,-1,-1,-1,6,2,E01020195,0
Unvalidated,2024501444632,2024,501444632,2,17,4,18,3,7,0,0,0,0,0,0,2,1,1,1,28,6,-1,-1,-1,-1,8,1,E01020003,0
Unvalidated,2024501444635,2024,501444635,1,9,0,18,2,6,0,0,0,0,0,0,1,1,5,1,20,4,-1,-1,-1,-1,4,2,E01020328,0
Unvalidated,2024501444635,2024,501444635,2,9,0,18,7,3,0,0,0,0,0,0,1,1,5,1,65,9,-1,-1,-1,-1,3,3,E01018974,0
Unvalidated,2024501444651,2024,501444651,1,5,0,17,2,7,0,0,0,0,1,0,3,1,2,1,57,9,-1,-1,-1,-1,7,3,E01019960,0
Unvalidated,2024501444666,2024,501444666,1,5,0,7,8,4,0,3,0,0,1,11,4,1,5,1,25,5,-1,-1,-1,-1,1,1,E01018930,0
Unvalidated,2024501444676,2024,501444676,1,8,0,18,1,5,0,0,0,11,1,4,1,1,1,1,37,7,-1,-1,-1,-1,2,1,E01015181,0
Unvalidated,2024501444686,2024,501444686,1,9,0,18,2,6,0,1,0,0,0,0,1,1,6,2,23,5,-1,-1,-1,-1,5,1,E01020256,0
Unvalidated,2024501444744,2024,501444744,1,9,0,17,3,7,0,0,0,0,0,0,1,1,5,1,37,7,-1,-1,-1,-1,4,3,E01020131,0
Unvalidated,2024501444744,2024,501444744,2,19,0,4,7,3,0,0,0,0,0,0,2,1,5,1,76,11,-1,-1,-1,-1,4,2,E01020135,0
Unvalidated,2024501444747,2024,501444747,1,9,0,9,1,7,0,6,0,0,0,0,3,1,6,2,41,7,-1,-1,-1,-1,4,1,E01019049,0
Unvalidated,2024501444747,2024,501444747,2,4,0,18,7,3,0,1,0,0,0,0,1,1,5,1,77,11,-1,-1,-1,-1,5,1,E01019019,0
Unvalidated,2024501444771,2024,501444771,1,5,0,7,6,2,0,0,5,0,0,0,3,1,5,1,61,9,-1,-1,-1,-1,-1,-1,-1,0
Unvalidated,2024501444789,2024,501444789,1,9,0,18,3,7,7,0,0,0,0,0,1,1,6,2,72,10,-1,-1,-1,-1,6,1,E01019003,0
Unvalidated,2024501444789,2024,501444789,2,21,0,2,0,0,6,0,0,0,0,0,2,1,2,1,63,9,-1,-1,-1,-1,5,3,E01018904,0
Unvalidated,2024501444797,2024,501444797,1,9,0,3,7,3,0,1,0,0,0,0,1,1,6,1,49,8,-1,-1,-1,-1,-1,-1,-1,0
Unvalidated,2024501444797,2024,501444797,2,9,0,3,7,3,0,1,0,0,0,0,2,1,6,2,49,8,-1,-1,-1,-1,3,1,E01015161,0
Unvalidated,2024501444815,2024,501444815,1,19,0,6,7,5,0,0,0,0,0,0,1,1,5,2,37,7,-1,-1,-1,-1,8,1,E01015097,0
Unvalidated,2024501444815,2024,501444815,2,9,0,18,5,1,0,0,0,0,0,0,1,1,5,1,77,11,-1,-1,-1,-1,5,3,E01020149,0
Unvalidated,2024501444849,2024,501444849,1,9,0,18,2,6,0,1,0,0,1,11,1,1,5,2,31,6,-1,-1,-1,-1,1,1,E01015078,0
Unvalidated,2024501444849,2024,501444849,2,9,0,9,5,1,0,6,0,0,0,0,1,1,5,1,46,8,-1,-1,-1,-1,9,1,E01015104,0
Unvalidated,2024501444937,2024,501444937,1,9,0,18,3,7,0,0,2,0,0,0,3,1,6,1,44,7,-1,-1,-1,-1,4,1,E01015031,0
Unvalidated,2024501444993,2024,501444993,1,9,0,18,5,1,0,0,0,0,0,0,1,1,5,2,60,9,-1,-1,-1,-1,3,3,E01018761,0
Unvalidated,2024501444993,2024,501444993,2,9,0,4,1,5,0,0,0,0,0,0,1,1,1,2,40,7,-1,-1,-1,-1,3,3,E01018761,0
Unvalidated,2024501445027,2024,501445027,1,9,0,18,2,6,0,0,2,0,1,10,4,1,5,2,83,11,-1,-1,-1,-1,8,3,E01019961,0
Unvalidated,2024501445029,2024,501445029,1,3,-1,18,7,3,0,0,2,0,0,0,4,1,6,2,25,5,-1,-1,-1,-1,6,1,E01015136,0
Unvalidated,2024501445047,2024,501445047,1,9,0,17,6,5,0,0,0,0,1,11,1,1,5,2,76,11,-1,-1,-1,-1,10,1,E01020024,0
Unvalidated,2024501445063,2024,501445063,1,9,0,9,7,5,0,8,0,0,0,0,9,1,5,1,89,11,-1,-1,-1,-1,5,1,E01018837,0
Unvalidated,2024501445063,2024,501445063,2,1,0,18,4,7,0,8,0,0,0,0,9,1,6,1,39,7,-1,-1,-1,-1,5,3,E01018900,0
Unvalidated,2024501445089,2024,501445089,1,9,0,9,3,1,0,5,0,0,0,0,4,1,6,2,29,6,-1,-1,-1,-1,7,3,E01018883,0
Unvalidated,2024501445089,2024,501445089,2,1,0,18,7,3,0,1,2,0,0,0,1,1,6,2,65,9,-1,-1,-1,-1,8,1,E01018810,0
Unvalidated,2024501445099,2024,501445099,1,8,0,18,7,3,0,0,0,0,0,0,1,1,1,1,54,8,-1,-1,-1,-1,-1,-1,-1,0
Unvalidated,2024501445099,2024,501445099,2,9,0,3,7,3,0,0,0,0,0,0,2,1,3,2,51,8,-1,-1,-1,-1,10,1,E01019957,0
Unvalidated,2024501445129,2024,501445129,1,9,0,18,4,8,0,8,1,0,0,0,1,1,6,2,-1,-1,-1,-1,-1,-1,-1,-1,-1,0
Unvalidated,2024501445129,2024,501445129,2,9,0,18,6,2,0,8,0,0,0,0,3,1,6,1,70,10,-1,-1,-1,-1,4,1,E01015258,0
Unvalidated,2024501445173,2024,501445173,1,20,0,18,7,3,0,0,0,11,0,0,1,1,1,1,55,8,-1,-1,-1,-1,5,1,E01015202,0
Unvalidated,2024501445193,2024,501445193,1,9,0,10,7,3,0,0,0,0,0,0,0,1,5,1,75,10,-1,-1,-1,-1,9,3,E01031301,0
Unvalidated,2024501445193,2024,501445193,2,9,0,18,3,7,0,0,0,0,0,0,2,1,5,1,43,7,-1,-1,-1,-1,4,1,E01020279,0
Unvalidated,2024501445193,2024,501445193,3,9,0,18,3,7,0,0,0,0,0,0,1,1,5,2,32,6,-1,-1,-1,-1,9,1,E01020086,0
Unvalidated,2024501445210,2024,501445210,1,9,0,18,2,6,0,1,0,0,0,0,1,1,5,1,83,11,-1,-1,-1,-1,4,3,E01019031,0
Unvalidated,2024501445210,2024,501445210,2,19,3,18,6,2,0,2,0,0,0,0,4,1,5,1,61,9,-1,-1,-1,-1,6,3,E01020441,0
Unvalidated,2024501445223,2024,501445223,1,9,0,17,4,8,0,0,0,0,0,0,1,1,6,2,60,9,-1,-1,-1,-1,4,3,E01019071,0
Unvalidated,2024501445223,2024,501445223,2,4,0,16,8,4,0,0,0,0,0,0,1,1,6,1,57,9,-1,-1,-1,-1,5,2,E01018849,0
Unvalidated,2024501445252,2024,501445252,1,20,0,9,4,2,0,6,0,0,0,0,0,1,5,1,55,8,-1,-1,-1,-1,5,3,E01020278,0
Unvalidated,2024501445252,2024,501445252,2,5,0,18,1,5,0,1,1,0,7,0,1,1,2,1,21,5,-1,-1,-1,-1,8,2,E01020306,0
Unvalidated,2024501445336,2024,501445336,1,9,0,18,5,1,0,0,0,0,2,11,1,1,5,1,18,4,-1,-1,-1,-1,10,1,E01015033,0
Unvalidated,2024501445370,2024,501445370,1,9,0,12,1,5,0,0,1,0,2,7,4,1,5,1,46,8,-1,-1,-1,-1,8,1,E01014672,0
Unvalidated,2024501445451,2024,501445451,1,9,-1,-1,-1,-1,-1,-1,-1,-1,-1,0,-1,1,2,2,58,9,-1,-1,-1,-1,8,1,E01015098,0
Unvalidated,2024501445451,2024,501445451,2,1,-1,-1,-1,-1,-1,-1,-1,-1,-1,0,-1,1,6,1,40,7,-1,-1,-1,-1,8,1,E01015098,0
Unvalidated,2024501445509,2024,501445509,1,9,0,18,7,3,0,0,5,0,8,10,3,1,5,1,31,6,-1,-1,-1,-1,8,1,E01015111,0
Unvalidated,2024501445601,2024,501445601,1,9,0,15,7,3,0,0,0,0,0,0,1,1,6,1,33,6,-1,-1,-1,-1,6,3,E01018967,0
Unvalidated,2024501445601,2024,501445601,2,9,0,15,7,3,0,0,1,0,4,6,1,1,1,1,46,8,-1,-1,-1,-1,5,1,E01018935,0
Unvalidated,2024501445601,2024,501445601,3,9,0,15,7,3,0,0,0,0,0,0,2,1,6,2,20,4,-1,-1,-1,-1,7,1,E01018813,0
Unvalidated,2024501445685,2024,501445685,1,9,0,18,1,4,0,0,0,0,0,0,1,1,6,2,-1,-1,-1,-1,-1,-1,-1,-1,-1,0