status,collision_index,collision_year,collision_reference,vehicle_reference,vehicle_type,towing_and_articulation,vehicle_manoeuvre,vehicle_direction_from,vehicle_direction_to,vehicle_location_restricted_lane,junction_location,skidding_and_overturning,hit_object_in_carriageway,vehicle_leaving_carriageway,hit_object_off_carriageway,first_point_of_impact,vehicle_left_hand_drive,journey_purpose_of_driver,sex_of_driver,age_of_driver,age_band_of_driver,engine_capacity_cc,propulsion_code,age_of_vehicle,generic_make_model,driver_imd_decile,driver_home_area_type,lsoa_of_driver,escooter_flag
Unvalidated,2024501445687,2024,501445687,1,9,0,17,8,6,0,0,1,0,1,0,1,1,5,2,40,7,-1,-1,-1,-1,9,3,E01019993,0
Unvalidated,2024501445700,2024,501445700,1,9,0,5,1,5,0,8,0,0,0,0,3,1,2,1,49,8,-1,-1,-1,-1,9,1,E01020026,0
Unvalidated,2024501445700,2024,501445700,2,1,0,18,7,3,0,8,0,0,0,0,1,1,5,2,50,8,-1,-1,-1,-1,9,1,E01020038,0
Unvalidated,2024501445712,2024,501445712,1,9,0,18,7,3,6,0,1,0,1,4,3,1,5,1,35,6,-1,-1,-1,-1,4,3,E01020322,0
Unvalidated,2024501445721,2024,501445721,1,9,0,1,2,6,0,1,0,4,0,0,1,1,5,1,76,11,-1,-1,-1,-1,4,1,E01015178,0
Unvalidated,2024501445721,2024,501445721,2,90,0,2,0,0,0,1,0,0,0,0,2,1,1,2,46,8,-1,-1,-1,-1,7,1,E01016209,0
Unvalidated,2024501445721,2024,501445721,3,90,0,2,0,0,0,1,0,0,0,0,3,1,1,1,30,6,-1,-1,-1,-1,10,1,E01015131,0
Unvalidated,2024501445721,2024,501445721,4,9,0,2,0,0,0,1,0,0,0,0,1,1,6,3,-1,-1,-1,-1,-1,-1,-1,-1,-1,0
Unvalidated,2024501445760,2024,501445760,1,9,0,9,5,7,0,6,1,0,0,0,1,1,5,1,84,11,-1,-1,-1,-1,9,1,E01020086,0
Unvalidated,2024501445760,2024,501445760,2,9,0,18,7,3,0,1,1,0,7,0,1,1,5,2,49,8,-1,-1,-1,-1,2,1,E01020297,0
Unvalidated,2024501445764,2024,501445764,1,5,0,18,4,6,0,0,0,0,0,0,4,1,5,1,72,10,-1,-1,-1,-1,5,1,E01015092,0
Unvalidated,2024501445764,2024,501445764,2,9,0,18,4,6,0,0,0,0,0,0,3,1,5,1,54,8,-1,-1,-1,-1,8,2,E01020170,0
Unvalidated,2024501445764,2024,501445764,3,9,0,18,4,6,0,0,0,0,0,0,1,1,5,1,53,8,-1,-1,-1,-1,3,2,E01020294,0
Unvalidated,2024501445768,2024,501445768,1,3,0,9,6,5,9,1,1,11,0,0,1,1,6,1,19,4,-1,-1,-1,-1,4,1,E01019932,0
Unvalidated,2024501445799,2024,501445799,1,9,0,12,1,5,0,0,5,0,7,10,3,1,1,1,50,8,-1,-1,-1,-1,4,3,E01020287,0
Unvalidated,2024501445806,2024,501445806,1,9,0,17,4,8,0,1,5,7,0,0,1,1,5,1,34,6,-1,-1,-1,-1,9,2,E01005022,0
Unvalidated,2024501445809,2024,501445809,1,9,0,16,8,4,0,0,2,0,1,11,1,1,5,1,19,4,-1,-1,-1,-1,10,1,E01020144,0
Unvalidated,2024501445831,2024,501445831,1,9,0,1,7,3,0,0,0,0,0,0,3,1,6,2,46,8,-1,-1,-1,-1,3,1,E01015167,0
Unvalidated,2024501446219,2024,501446219,1,9,0,3,8,4,0,4,0,0,0,0,1,1,6,1,39,7,-1,-1,-1,-1,-1,-1,-1,0
Unvalidated,2024501446219,2024,501446219,2,4,0,4,8,2,0,4,0,0,0,0,2,1,6,1,52,8,-1,-1,-1,-1,7,2,E01018800,0
Unvalidated,2024501446228,2024,501446228,1,9,0,18,7,3,0,0,0,0,0,0,1,1,6,2,-1,-1,-1,-1,-1,-1,-1,-1,-1,0
Unvalidated,2024501446275,2024,501446275,1,9,0,18,5,7,0,1,0,0,0,0,1,1,6,2,36,7,-1,-1,-1,-1,4,1,E01019043,0
Unvalidated,2024501446275,2024,501446275,2,9,0,3,5,7,0,1,0,0,0,0,2,1,5,2,28,6,-1,-1,-1,-1,2,1,E01019047,0
Unvalidated,2024501446382,2024,501446382,1,9,0,5,8,2,0,0,0,0,0,0,1,1,1,1,67,10,-1,-1,-1,-1,7,3,E01020075,0
Unvalidated,2024501446382,2024,501446382,2,9,0,5,8,2,0,0,0,0,0,0,2,1,1,2,64,9,-1,-1,-1,-1,5,3,E01020049,0
Unvalidated,2024501446574,2024,501446574,1,9,0,4,7,3,0,0,0,0,0,0,1,1,2,2,40,7,-1,-1,-1,-1,5,3,E01019886,0
Unvalidated,2024501446574,2024,501446574,2,9,0,4,3,7,0,0,0,0,0,0,1,1,2,1,20,4,-1,-1,-1,-1,6,1,E01019928,0
Unvalidated,2024501446625,2024,501446625,1,9,0,16,5,1,0,0,0,0,0,0,1,1,5,2,24,5,-1,-1,-1,-1,3,1,E01015204,0
Unvalidated,2024501446625,2024,501446625,2,9,0,18,1,5,0,0,0,0,0,0,1,1,6,2,29,6,-1,-1,-1,-1,4,3,E01020262,0
Unvalidated,2024501446748,2024,501446748,1,8,0,1,7,3,0,0,0,0,0,0,2,1,1,1,54,8,-1,-1,-1,-1,1,1,E01015045,0
Unvalidated,2024501447070,2024,501447070,1,9,0,18,3,7,0,0,0,0,0,0,1,1,6,1,-1,-1,-1,-1,-1,-1,-1,-1,-1,0
Unvalidated,2024501447105,2024,501447105,1,9,0,9,5,1,0,8,0,0,0,0,1,1,6,1,56,9,-1,-1,-1,-1,2,1,E01020039,0
Unvalidated,2024501447105,2024,501447105,2,1,0,4,3,7,0,8,5,0,0,0,1,1,4,1,13,3,-1,-1,-1,-1,9,1,E01019986,0
Unvalidated,2024501447260,2024,501447260,1,9,0,4,3,7,0,0,0,7,0,0,1,1,5,2,36,7,-1,-1,-1,-1,3,1,E01015115,0
Unvalidated,2024501447260,2024,501447260,2,9,0,18,7,3,0,0,1,0,0,0,1,1,5,1,20,4,-1,-1,-1,-1,8,1,E01015111,0
Unvalidated,2024501447294,2024,501447294,1,9,0,18,6,2,0,0,0,0,0,0,1,1,5,1,65,9,-1,-1,-1,-1,3,1,E01015094,0
Unvalidated,2024501447309,2024,501447309,1,9,0,18,1,3,0,6,0,0,0,0,1,1,5,2,62,9,-1,-1,-1,-1,6,1,E01018824,0
Unvalidated,2024501447315,2024,501447315,1,9,0,18,7,6,0,2,0,0,1,11,1,1,3,2,39,7,-1,-1,-1,-1,1,1,E01015046,0
Unvalidated,2024501447392,2024,501447392,1,8,0,18,4,8,0,0,0,0,0,0,2,2,6,2,23,5,-1,-1,-1,-1,6,3,E01020056,0
Unvalidated,2024501447392,2024,501447392,2,9,0,18,4,8,0,0,0,0,0,0,1,1,5,2,50,8,-1,-1,-1,-1,7,2,E01020064,0
Unvalidated,2024501447392,2024,501447392,3,17,0,12,8,4,0,0,0,0,0,0,0,1,1,1,41,7,-1,-1,-1,-1,6,3,E01020056,0
Unvalidated,2024501447522,2024,501447522,1,8,0,18,3,8,0,0,0,0,0,0,1,1,6,3,-1,-1,-1,-1,-1,-1,-1,-1,-1,0
Unvalidated,2024501447522,2024,501447522,2,9,0,2,0,0,0,0,0,0,0,0,1,1,6,3,-1,-1,-1,-1,-1,-1,-1,-1,-1,0
Unvalidated,2024501447524,2024,501447524,1,9,0,18,6,2,0,1,0,0,0,0,1,2,5,2,47,8,-1,-1,-1,-1,9,1,E01015160,0
Unvalidated,2024501447534,2024,501447534,1,9,0,17,4,8,0,0,1,0,1,0,1,1,5,2,21,5,-1,-1,-1,-1,4,1,E01018895,0
Unvalidated,2024501447537,2024,501447537,1,9,0,18,3,1,0,1,0,0,0,0,1,1,6,3,-1,-1,-1,-1,-1,-1,-1,-1,-1,0
Unvalidated,2024501447556,2024,501447556,1,1,0,18,3,7,2,0,0,0,0,0,1,1,2,1,56,9,-1,-1,-1,-1,5,1,E01019996,0
Unvalidated,2024501447573,2024,501447573,1,9,0,1,3,7,0,0,0,0,0,0,2,1,5,1,26,6,-1,-1,-1,-1,4,3,E01020097,0
Unvalidated,2024501447613,2024,501447613,1,9,0,9,1,8,0,6,0,0,0,0,3,1,5,2,34,6,-1,-1,-1,-1,4,1,E01015077,0
Unvalidated,2024501447613,2024,501447613,2,3,0,18,8,2,0,1,0,0,0,0,1,1,1,2,30,6,-1,-1,-1,-1,2,1,E01015074,0
Unvalidated,2024501447672,2024,501447672,1,9,0,3,4,8,0,8,0,0,0,0,2,1,2,1,60,9,-1,-1,-1,-1,9,3,E01020186,0
Unvalidated,2024501447672,2024,501447672,2,9,0,18,4,8,0,8,0,0,0,0,1,1,6,2,51,8,-1,-1,-1,-1,10,1,E01015131,0
Unvalidated,2024501447749,2024,501447749,1,9,0,16,4,8,0,0,0,0,2,10,3,1,5,1,18,4,-1,-1,-1,-1,4,3,E01020290,0
Unvalidated,2024501447749,2024,501447749,2,9,0,17,6,2,0,0,0,0,0,0,3,1,2,1,73,10,-1,-1,-1,-1,5,3,E01020319,0
Unvalidated,2024501447775,2024,501447775,1,9,0,18,6,2,0,0,0,0,0,0,4,1,6,3,-1,-1,-1,-1,-1,-1,-1,-1,-1,0
Unvalidated,2024501447781,2024,501447781,1,9,0,5,3,5,0,6,0,0,0,0,1,1,5,1,58,9,-1,-1,-1,-1,6,3,E01020246,0
Unvalidated,2024501447781,2024,501447781,2,1,0,18,5,1,9,1,5,0,0,0,1,1,6,1,34,6,-1,-1,-1,-1,1,1,E01015255,0
Unvalidated,2024501447838,2024,501447838,1,9,0,18,7,3,0,1,0,0,0,0,0,1,5,2,52,8,-1,-1,-1,-1,8,1,E01020051,0
Unvalidated,2024501447853,2024,501447853,1,9,0,5,1,6,0,1,0,0,0,0,1,1,5,2,84,11,-1,-1,-1,-1,6,1,E01019044,0
Unvalidated,2024501447853,2024,501447853,2,9,0,18,3,7,0,1,0,0,0,0,3,1,5,1,70,10,-1,-1,-1,-1,2,1,E01019047,0
Unvalidated,2024501447865,2024,501447865,1,9,0,18,1,5,0,0,0,0,0,0,1,1,5,1,54,8,-1,-1,-1,-1,6,3,E01020223,0
Unvalidated,2024501447865,2024,501447865,2,9,0,18,1,5,0,0,0,0,0,0,2,1,5,1,24,5,-1,-1,-1,-1,5,2,E01018842,0
Unvalidated,2024501447878,2024,501447878,1,9,0,16,4,8,0,0,0,0,0,0,3,1,2,2,45,7,-1,-1,-1,-1,1,1,E01018875,0
Unvalidated,2024501447878,2024,501447878,2,5,0,11,8,4,0,0,0,0,0,0,1,1,5,1,53,8,-1,-1,-1,-1,4,3,E01018894,0
Unvalidated,2024501447919,2024,501447919,1,90,0,5,8,4,0,0,0,0,0,0,4,1,6,3,-1,-1,-1,-1,-1,-1,-1,-1,-1,0
Unvalidated,2024501447919,2024,501447919,2,9,0,18,8,4,0,0,0,0,0,0,3,1,5,1,68,10,-1,-1,-1,-1,2,1,E01020103,0
Unvalidated,2024501447940,2024,501447940,1,3,0,18,5,1,0,1,1,0,0,0,3,1,5,1,19,4,-1,-1,-1,-1,5,3,E01018904,0
Unvalidated,2024501447949,2024,501447949,1,9,0,18,7,3,0,0,0,0,0,0,1,1,5,1,20,4,-1,-1,-1,-1,5,3,E01020101,0
Unvalidated,2024501447949,2024,501447949,2,9,0,18,3,7,0,0,0,0,0,0,1,1,5,1,40,7,-1,-1,-1,-1,4,1,E01020116,0
Unvalidated,2024501447949,2024,501447949,3,11,0,2,0,0,0,0,0,0,0,0,1,1,6,3,-1,-1,-1,-1,-1,-1,-1,-1,-1,0
Unvalidated,2024501448002,2024,501448002,1,19,0,18,2,6,0,2,0,0,0,0,3,1,1,1,31,6,-1,-1,-1,-1,1,1,E01015144,0
Unvalidated,2024501448025,2024,501448025,1,9,0,18,7,3,0,1,0,0,1,0,1,1,5,1,44,7,-1,-1,-1,-1,3,2,E01018982,0
Unvalidated,2024501448025,2024,501448025,2,9,0,10,7,3,0,1,0,0,0,0,2,1,5,1,52,8,-1,-1,-1,-1,4,2,E01019012,0
Unvalidated,2024501448085,2024,501448085,1,2,0,18,7,3,0,8,0,0,0,0,1,1,6,1,20,4,-1,-1,-1,-1,6,2,E01020533,0
Unvalidated,2024501448085,2024,501448085,2,9,0,18,5,1,0,8,0,0,0,0,4,1,6,2,63,9,-1,-1,-1,-1,6,1,E01023065,0
Unvalidated,2024501448118,2024,501448118,1,19,0,5,8,4,0,8,0,0,0,0,1,1,6,1,32,6,-1,-1,-1,-1,6,1,E01015106,0
Unvalidated,2024501448118,2024,501448118,2,9,0,18,6,2,0,8,1,11,0,0,3,1,6,1,61,9,-1,-1,-1,-1,2,1,E01015073,0
Unvalidated,2024501448118,2024,501448118,3,9,0,5,8,4,0,8,0,11,0,0,1,1,6,2,24,5,-1,-1,-1,-1,1,1,E01015149,0
Unvalidated,2024501448130,2024,501448130,1,90,4,17,2,6,0,0,4,0,0,0,1,1,5,1,30,6,-1,-1,-1,-1,7,3,E01029262,0
Unvalidated,2024501448131,2024,501448131,1,9,0,17,4,8,0,0,0,0,0,0,3,1,5,2,27,6,-1,-1,-1,-1,5,1,E01015188,0
Unvalidated,2024501448131,2024,501448131,2,4,0,16,8,4,0,0,0,0,0,0,1,1,6,1,28,6,-1,-1,-1,-1,9,1,E01015197,0
Unvalidated,2024501448137,2024,501448137,1,9,0,18,1,5,9,0,1,0,1,0,1,1,6,1,24,5,-1,-1,-1,-1,-1,-1,-1,0
Unvalidated,2024501448154,2024,501448154,1,9,0,18,6,2,0,1,0,0,0,0,1,1,6,1,85,11,-1,-1,-1,-1,3,2,E01019008,0
Unvalidated,2024501448154,2024,501448154,2,9,0,2,0,0,0,8,0,0,0,0,2,1,6,2,55,8,-1,-1,-1,-1,8,1,E01016893,0
Unvalidated,2024501448154,2024,501448154,3,9,0,2,0,0,0,8,0,0,0,0,1,1,6,2,73,10,-1,-1,-1,-1,4,3,E01018980,0
Unvalidated,2024501448168,2024,501448168,1,9,0,18,4,8,0,1,0,0,0,0,1,1,5,2,53,8,-1,-1,-1,-1,6,1,E01019014,0
Unvalidated,2024501448168,2024,501448168,2,9,0,4,4,8,0,1,0,0,0,0,2,1,5,1,38,7,-1,-1,-1,-1,4,3,E01020322,0
Unvalidated,2024501448179,2024,501448179,1,9,0,18,1,5,0,1,0,0,0,0,1,1,5,2,22,5,-1,-1,-1,-1,-1,3,-1,0
Unvalidated,2024501448179,2024,501448179,2,9,0,9,5,3,0,5,0,0,0,0,4,1,5,1,56,9,-1,-1,-1,-1,5,1,E01020278,0
Unvalidated,2024501448201,2024,501448201,1,9,0,18,5,1,0,0,1,0,1,11,1,1,5,1,19,4,-1,-1,-1,-1,7,2,E01020075,0
Unvalidated,2024501448201,2024,501448201,2,9,0,18,1,5,0,0,0,0,0,0,3,1,2,2,53,8,-1,-1,-1,-1,6,2,E01020063,0
Unvalidated,2024501448211,2024,501448211,1,19,0,18,5,1,0,1,0,0,3,11,1,1,5,1,29,6,-1,-1,-1,-1,4,1,E01016521,0
Unvalidated,2024501448251,2024,501448251,1,9,0,16,8,4,0,0,0,0,0,0,4,1,5,1,26,6,-1,-1,-1,-1,8,1,E01018811,0
Unvalidated,2024501448261,2024,501448261,1,9,0,18,3,7,0,0,0,0,0,0,1,1,6,1,21,5,-1,-1,-1,-1,8,1,E01018792,0
Unvalidated,2024501448261,2024,501448261,2,9,0,18,7,3,0,0,5,0,1,0,1,1,6,2,73,10,-1,-1,-1,-1,2,1,E01015186,0
Unvalidated,2024501448271,2024,501448271,1,9,0,18,3,6,0,0,2,0,1,4,1,2,5,1,18,4,-1,-1,-1,-1,8,2,E01020200,0
Unvalidated,2024501448287,2024,501448287,1,9,0,18,2,6,0,0,5,0,0,0,1,1,5,2,19,4,-1,-1,-1,-1,7,1,E01018934,0
Unvalidated,2024501448348,2024,501448348,1,9,0,18,2,6,0,0,1,0,0,0,1,1,6,1,24,5,-1,-1,-1,-1,7,2,E01020169,0
Unvalidated,2024501448360,2024,501448360,1,9,0,18,7,3,0,0,0,0,0,0,1,1,6,2,73,10,-1,-1,-1,-1,6,1,E01020029,0
Unvalidated,2024501448360,2024,501448360,2,1,0,18,1,5,0,0,0,0,0,0,3,1,2,2,55,8,-1,-1,-1,-1,9,1,E01020038,0
Unvalidated,2024501448403,2024,501448403,1,9,0,9,6,5,0,1,0,0,0,0,2,1,6,1,66,10,-1,-1,-1,-1,4,3,E01018861,0
Unvalidated,2024501448403,2024,501448403,2,3,0,18,6,2,0,1,0,0,0,0,1,1,6,1,21,5,-1,-1,-1,-1,5,1,E01018903,0
Unvalidated,2024501448430,2024,501448430,1,9,0,3,6,2,0,0,0,0,0,0,2,1,5,1,60,9,-1,-1,-1,-1,3,1,E01009757,0
Unvalidated,2024501448430,2024,501448430,2,1,0,18,6,2,0,0,0,0,0,0,1,1,5,2,61,9,-1,-1,-1,-1,4,1,E01020271,0
Unvalidated,2024501448484,2024,501448484,1,9,0,13,7,3,0,0,0,0,0,0,4,1,6,1,60,9,-1,-1,-1,-1,8,1,E01020080,0
Unvalidated,2024501448484,2024,501448484,2,9,0,18,7,3,0,0,5,0,1,4,1,1,6,2,64,9,-1,-1,-1,-1,4,1,E01020052,0
Unvalidated,2024501448548,2024,501448548,1,3,0,16,1,5,6,0,1,0,0,0,4,1,5,1,17,4,-1,-1,-1,-1,6,1,E01015244,0
Unvalidated,2024501448571,2024,501448571,1,9,0,18,3,7,0,0,0,0,7,9,1,1,2,2,19,4,-1,-1,-1,-1,2,1,E01020277,0
Unvalidated,2024501448573,2024,501448573,1,9,0,18,5,1,0,8,1,9,7,1,3,1,5,2,69,10,-1,-1,-1,-1,2,1,E01018860,0
Unvalidated,2024501448577,2024,501448577,1,9,0,9,1,5,0,0,0,0,0,0,2,1,5,1,38,7,-1,-1,-1,-1,4,1,E01024510,0
Unvalidated,2024501448577,2024,501448577,2,5,0,18,5,1,0,0,0,0,0,0,1,1,5,1,60,9,-1,-1,-1,-1,3,1,E01022403,0
Unvalidated,2024501448600,2024,501448600,1,9,0,9,8,5,0,1,0,0,0,0,2,1,5,1,90,11,-1,-1,-1,-1,5,3,E01020308,0
Unvalidated,2024501448600,2024,501448600,2,5,0,18,4,8,0,1,0,0,0,0,1,1,6,1,52,8,-1,-1,-1,-1,9,2,E01020058,0
Unvalidated,2024501448610,2024,501448610,1,9,0,18,3,7,0,0,0,0,2,7,1,1,5,1,34,6,-1,-1,-1,-1,5,1,E01019032,0
Unvalidated,2024501448627,2024,501448627,1,9,0,9,3,1,0,1,0,0,0,0,4,2,6,1,49,8,-1,-1,-1,-1,4,3,E01019064,0
Unvalidated,2024501448627,2024,501448627,2,9,0,18,7,3,0,8,0,0,0,0,1,1,6,2,67,10,-1,-1,-1,-1,6,3,E01018832,0
Unvalidated,2024501448642,2024,501448642,1,19,0,6,4,2,0,8,0,0,0,0,1,1,6,1,31,6,-1,-1,-1,-1,9,1,E01019906,0
Unvalidated,2024501448642,2024,501448642,2,9,0,10,4,8,0,4,0,0,0,0,4,1,2,2,18,4,-1,-1,-1,-1,2,1,E01019990,0
Unvalidated,2024501448692,2024,501448692,1,9,0,18,3,7,0,0,5,0,7,11,1,1,2,2,48,8,-1,-1,-1,-1,5,2,E01019947,0
Unvalidated,2024501448698,2024,501448698,1,9,0,18,5,1,0,0,0,0,0,0,1,1,1,2,46,8,-1,-1,-1,-1,3,1,E01031094,0
Unvalidated,2024501448698,2024,501448698,2,9,0,18,1,5,0,0,0,0,0,0,1,1,2,1,50,8,-1,-1,-1,-1,5,3,E01020296,0
Unvalidated,2024501448744,2024,501448744,1,9,0,18,5,1,0,6,1,0,0,0,3,1,6,1,19,4,-1,-1,-1,-1,4,3,E01018987,0
Unvalidated,2024501448752,2024,501448752,1,9,0,18,6,4,0,0,0,0,7,11,4,1,5,1,30,6,-1,-1,-1,-1,4,3,E01018969,0
Unvalidated,2024501448752,2024,501448752,2,9,0,2,0,0,0,0,0,0,0,0,3,1,6,3,-1,-1,-1,-1,-1,-1,-1,-1,-1,0
Unvalidated,2024501448835,2024,501448835,1,19,0,13,4,8,0,0,0,0,0,0,0,1,6,3,-1,-1,-1,-1,-1,-1,-1,-1,-1,0
Unvalidated,2024501448835,2024,501448835,2,1,0,18,4,8,0,0,2,10,0,0,1,1,2,1,27,6,-1,-1,-1,-1,2,1,E01020018,0
Unvalidated,2024501448890,2024,501448890,1,9,0,18,3,7,0,0,0,0,0,0,4,1,6,1,59,9,-1,-1,-1,-1,-1,-1,-1,0
Unvalidated,2024501448931,2024,501448931,1,9,0,9,3,1,0,8,0,0,0,0,1,1,2,1,19,4,-1,-1,-1,-1,8,1,E01019915,0
Unvalidated,2024501448931,2024,501448931,2,9,0,18,1,5,0,8,0,0,0,0,4,1,2,2,26,6,-1,-1,-1,-1,8,3,E01019898,0
Unvalidated,2024501448958,2024,501448958,1,21,0,5,7,3,0,0,0,0,0,0,1,1,1,1,66,10,-1,-1,-1,-1,4,3,E01018905,0
Unvalidated,2024501448958,2024,501448958,2,9,0,3,7,3,0,0,0,0,0,0,2,1,6,2,65,9,-1,-1,-1,-1,4,1,E01019049,0
Unvalidated,2024501448961,2024,501448961,1,9,0,16,5,1,0,0,0,0,0,0,1,1,6,2,42,7,-1,-1,-1,-1,4,1,E01018890,0
Unvalidated,2024501449116,2024,501449116,1,9,0,18,5,1,0,0,0,0,0,0,1,1,6,2,69,10,-1,-1,-1,-1,4,2,E01019012,0
Unvalidated,2024501449166,2024,501449166,1,9,0,16,2,4,0,0,0,0,0,0,1,1,2,2,63,9,-1,-1,-1,-1,3,3,E01020286,0
Unvalidated,2024501449166,2024,501449166,2,19,0,12,4,2,0,0,0,0,0,0,1,2,5,1,63,9,-1,-1,-1,-1,5,2,E01018946,0
Unvalidated,2024501449216,2024,501449216,1,9,0,16,1,5,0,0,0,0,0,0,1,1,2,1,18,4,-1,-1,-1,-1,5,3,E01020301,0
Unvalidated,2024501449216,2024,501449216,2,9,0,17,5,1,0,0,0,0,0,0,1,1,1,2,46,8,-1,-1,-1,-1,5,3,E01020301,0
Unvalidated,2024501449284,2024,501449284,1,9,0,1,5,1,0,1,0,0,0,0,2,1,6,2,67,10,-1,-1,-1,-1,4,3,E01020322,0
Unvalidated,2024501449288,2024,501449288,1,9,0,18,1,5,0,0,0,0,0,0,4,1,6,2,56,9,-1,-1,-1,-1,6,1,E01019933,0
Unvalidated,2024501449328,2024,501449328,1,9,0,18,3,7,0,0,0,0,0,0,1,1,6,1,55,8,-1,-1,-1,-1,7,2,E01020064,0
Unvalidated,2024501449335,2024,501449335,1,19,0,18,1,5,0,0,0,0,0,0,1,1,1,1,42,7,-1,-1,-1,-1,1,1,E01018933,0
Unvalidated,2024501449335,2024,501449335,2,98,0,18,5,1,0,0,0,0,0,0,0,1,1,1,56,9,-1,-1,-1,-1,6,2,E01019058,0
Unvalidated,2024501449402,2024,501449402,1,19,0,18,3,1,0,1,0,0,0,0,4,1,2,2,36,7,-1,-1,-1,-1,4,3,E01018987,0
Unvalidated,2024501449503,2024,501449503,1,5,0,17,5,1,0,0,0,0,1,0,1,1,5,1,47,8,-1,-1,-1,-1,3,1,E01014492,0
Unvalidated,2024501449503,2024,501449503,2,4,0,18,3,1,0,0,0,0,0,0,0,1,6,1,48,8,-1,-1,-1,-1,4,1,E01014478,0
Unvalidated,2024501449697,2024,501449697,1,19,0,14,8,4,0,0,0,0,0,0,1,2,1,1,34,6,-1,-1,-1,-1,3,1,E01019001,0
Unvalidated,2024501449697,2024,501449697,2,21,0,2,0,0,0,0,0,0,0,0,0,1,6,3,-1,-1,-1,-1,-1,-1,-1,-1,-1,0
Unvalidated,2024501449792,2024,501449792,1,20,0,18,5,1,0,0,0,0,0,0,1,1,5,1,43,7,-1,-1,-1,-1,3,3,E01018872,0
Unvalidated,2024501449792,2024,501449792,2,9,0,18,5,1,0,0,0,0,0,0,4,1,6,1,78,11,-1,-1,-1,-1,5,3,E01018821,0
Unvalidated,2024501449799,2024,501449799,1,17,0,18,1,5,0,4,0,0,0,0,3,1,2,1,65,9,-1,-1,-1,-1,5,3,E01020127,0
Unvalidated,2024501449799,2024,501449799,2,9,0,18,7,3,0,4,0,0,0,0,1,1,2,1,38,7,-1,-1,-1,-1,7,3,E01020105,0
Unvalidated,2024501449897,2024,501449897,1,9,0,18,3,7,0,1,1,0,0,0,1,1,2,1,28,6,-1,-1,-1,-1,2,1,E01015096,0
Unvalidated,2024501449897,2024,501449897,2,9,0,5,5,3,0,8,0,0,0,0,3,1,1,1,39,7,-1,-1,-1,-1,3,1,E01015168,0
Unvalidated,2024501449920,2024,501449920,1,9,0,16,3,7,0,1,1,10,0,0,1,1,6,1,19,4,-1,-1,-1,-1,8,2,E01020248,0
Unvalidated,2024501449920,2024,501449920,2,1,0,18,7,3,0,1,0,10,0,0,1,1,6,2,41,7,-1,-1,-1,-1,5,3,E01020143,0
Unvalidated,2024501449921,2024,501449921,1,19,0,1,7,3,0,0,0,0,0,0,2,1,6,3,-1,-1,-1,-1,-1,-1,-1,-1,-1,0
Unvalidated,2024501449921,2024,501449921,2,2,0,3,7,3,0,0,0,0,0,0,1,1,5,1,16,4,-1,-1,-1,-1,5,2,E01018768,0
Unvalidated,2024501449923,2024,501449923,1,9,0,9,2,8,0,1,0,0,0,0,1,1,6,1,-1,-1,-1,-1,-1,-1,6,1,E01020209,0
Unvalidated,2024501449923,2024,501449923,2,9,0,18,4,8,0,1,0,0,0,0,3,1,6,1,49,8,-1,-1,-1,-1,6,1,E01020227,0
Unvalidated,2024501449936,2024,501449936,1,9,0,16,4,1,0,2,0,0,0,0,1,1,5,1,57,9,-1,-1,-1,-1,5,3,E01020068,0
Unvalidated,2024501449936,2024,501449936,2,9,0,17,1,4,0,1,0,0,0,0,1,1,5,2,26,6,-1,-1,-1,-1,6,3,E01019893,0
Unvalidated,2024501449954,2024,501449954,1,9,0,18,3,7,0,0,0,0,0,0,1,1,1,2,21,5,-1,-1,-1,-1,6,1,E01015244,0
Unvalidated,2024501449967,2024,501449967,1,1,0,9,3,7,0,0,0,0,0,0,3,1,6,1,11,3,-1,-1,-1,-1,5,3,E01018946,0
Unvalidated,2024501449967,2024,501449967,2,11,0,18,2,6,0,0,1,0,0,0,1,1,1,1,25,5,-1,-1,-1,-1,2,2,E01018797,0
Unvalidated,2024501449985,2024,501449985,1,9,0,17,4,8,0,0,1,0,1,9,4,1,1,1,41,7,-1,-1,-1,-1,7,1,E01020298,0
Unvalidated,2024501450028,2024,501450028,1,9,0,9,1,7,0,8,0,0,1,0,3,1,5,1,78,11,-1,-1,-1,-1,7,2,E01022584,0
Unvalidated,2024501450028,2024,501450028,2,9,0,18,7,3,0,1,0,0,0,0,1,1,5,1,68,10,-1,-1,-1,-1,2,1,E01029131,0
Unvalidated,2024501450059,2024,501450059,1,9,0,9,8,6,0,1,1,0,0,0,1,1,5,1,73,10,-1,-1,-1,-1,3,3,E01018989,0
Unvalidated,2024501450059,2024,501450059,2,9,0,18,4,8,0,8,1,0,0,0,1,1,5,1,19,4,-1,-1,-1,-1,4,3,E01018862,0
Unvalidated,2024501450111,2024,501450111,1,9,0,5,6,2,0,1,0,0,0,0,1,1,6,1,44,7,-1,-1,-1,-1,5,2,E01018849,0
Unvalidated,2024501450111,2024,501450111,2,9,0,2,0,0,0,1,0,0,0,0,4,2,6,3,-1,-1,-1,-1,-1,-1,-1,-1,-1,0
Unvalidated,2024501450225,2024,501450225,1,9,-1,9,1,7,0,6,0,0,0,0,1,1,6,2,35,6,-1,-1,-1,-1,10,1,E01020167,0