status,collision_index,collision_year,collision_reference,vehicle_reference,vehicle_type,towing_and_articulation,vehicle_manoeuvre,vehicle_direction_from,vehicle_direction_to,vehicle_location_restricted_lane,junction_location,skidding_and_overturning,hit_object_in_carriageway,vehicle_leaving_carriageway,hit_object_off_carriageway,first_point_of_impact,vehicle_left_hand_drive,journey_purpose_of_driver,sex_of_driver,age_of_driver,age_band_of_driver,engine_capacity_cc,propulsion_code,age_of_vehicle,generic_make_model,driver_imd_decile,driver_home_area_type,lsoa_of_driver,escooter_flag
Unvalidated,2024501450225,2024,501450225,2,1,0,18,6,2,0,8,5,0,0,0,3,1,6,1,56,9,-1,-1,-1,-1,2,1,E01015239,0
Unvalidated,2024501450384,2024,501450384,1,9,0,18,7,3,0,0,1,0,0,0,1,1,5,1,18,4,-1,-1,-1,-1,8,2,E01020091,0
Unvalidated,2024501450384,2024,501450384,2,9,0,18,3,7,0,0,0,0,0,0,1,1,5,1,58,9,-1,-1,-1,-1,3,1,W01001066,0
Unvalidated,2024501450430,2024,501450430,1,97,0,18,3,7,0,3,2,0,0,0,1,1,5,1,57,9,-1,-1,-1,-1,8,1,E01015035,0
Unvalidated,2024501450439,2024,501450439,1,9,0,2,0,0,0,2,0,0,0,0,2,1,6,1,77,11,-1,-1,-1,-1,8,1,E01018792,0
Unvalidated,2024501450439,2024,501450439,2,1,0,18,7,1,0,1,5,4,0,0,1,1,6,2,-1,-1,-1,-1,-1,-1,3,1,E01018793,0
Unvalidated,2024501450451,2024,501450451,1,9,0,18,4,8,0,4,1,9,1,4,1,1,5,1,42,7,-1,-1,-1,-1,5,2,E01020050,0
Unvalidated,2024501450454,2024,501450454,1,5,0,18,8,4,0,8,5,0,7,0,1,1,5,1,67,10,-1,-1,-1,-1,4,3,E01018881,0
Unvalidated,2024501450454,2024,501450454,2,19,0,9,2,8,0,6,0,0,0,0,1,1,1,1,47,8,-1,-1,-1,-1,6,1,E01019030,0
Unvalidated,2024501450479,2024,501450479,1,9,0,18,5,1,0,1,1,0,7,10,1,1,6,1,21,5,-1,-1,-1,-1,1,1,E01020094,0
Unvalidated,2024501450541,2024,501450541,1,9,0,18,7,3,0,2,0,0,0,0,1,1,6,1,62,9,-1,-1,-1,-1,1,1,E01015266,0
Unvalidated,2024501450620,2024,501450620,1,9,0,16,7,3,0,0,2,0,7,4,1,1,6,1,17,4,-1,-1,-1,-1,3,2,E01020294,0
Unvalidated,2024501450666,2024,501450666,1,9,0,18,3,6,0,0,0,0,0,0,1,2,6,1,18,4,-1,-1,-1,-1,2,2,E01018774,0
Unvalidated,2024501450666,2024,501450666,2,9,0,18,7,3,0,0,0,0,0,0,1,2,6,1,33,6,-1,-1,-1,-1,4,3,E01019037,0
Unvalidated,2024501450678,2024,501450678,1,9,0,5,7,3,0,0,0,0,0,0,1,1,5,1,22,5,-1,-1,-1,-1,6,2,E01018826,0
Unvalidated,2024501450678,2024,501450678,2,3,0,18,3,7,0,0,5,0,0,0,3,1,5,2,37,7,-1,-1,-1,-1,6,2,E01018826,0
Unvalidated,2024501450781,2024,501450781,1,19,0,12,3,7,0,0,0,0,0,0,0,1,6,3,-1,-1,-1,-1,-1,-1,-1,-1,-1,0
Unvalidated,2024501450781,2024,501450781,2,9,0,18,3,7,0,0,2,0,1,4,2,1,5,2,70,10,-1,-1,-1,-1,4,3,E01020070,0
Unvalidated,2024501450832,2024,501450832,1,9,0,4,2,6,0,0,0,0,0,0,1,1,5,1,41,7,-1,-1,-1,-1,1,1,E01011916,0
Unvalidated,2024501450832,2024,501450832,2,9,0,2,0,0,0,0,0,0,0,0,1,1,6,3,-1,-1,-1,-1,-1,-1,-1,-1,-1,0
Unvalidated,2024501450832,2024,501450832,3,1,0,18,6,2,0,0,0,0,0,0,1,1,5,1,14,3,-1,-1,-1,-1,5,2,E01018973,0
Unvalidated,2024501450848,2024,501450848,1,5,0,13,6,2,0,0,2,0,0,0,0,1,6,1,76,11,-1,-1,-1,-1,4,1,E01018913,0
Unvalidated,2024501450878,2024,501450878,1,5,0,18,2,6,0,1,5,0,2,0,1,1,6,1,75,10,-1,-1,-1,-1,5,1,E01018896,0
Unvalidated,2024501450878,2024,501450878,2,19,0,18,6,2,0,2,0,0,0,0,1,2,6,1,53,8,-1,-1,-1,-1,-1,-1,-1,0
Unvalidated,2024501450906,2024,501450906,1,9,0,9,1,7,0,1,0,0,0,0,1,1,5,2,63,9,-1,-1,-1,-1,1,1,E01015057,0
Unvalidated,2024501450906,2024,501450906,2,1,0,18,5,1,0,1,0,0,0,0,1,1,1,1,32,6,-1,-1,-1,-1,6,1,E01015051,0
Unvalidated,2024501450914,2024,501450914,1,9,0,12,7,3,0,2,1,0,4,6,3,1,6,2,47,8,-1,-1,-1,-1,1,1,E01015047,0
Unvalidated,2024501450923,2024,501450923,1,4,0,4,8,4,0,1,5,0,0,0,2,1,5,1,40,7,-1,-1,-1,-1,4,3,E01019063,0
Unvalidated,2024501450923,2024,501450923,2,9,0,4,8,4,0,1,1,0,0,0,1,1,5,1,45,7,-1,-1,-1,-1,5,3,E01019048,0
Unvalidated,2024501450950,2024,501450950,1,9,0,17,5,1,0,0,5,0,0,0,1,1,5,1,40,7,-1,-1,-1,-1,3,3,E01018974,0
Unvalidated,2024501450992,2024,501450992,1,9,0,12,6,2,0,0,1,7,0,0,1,1,6,1,71,10,-1,-1,-1,-1,4,1,E01020254,0
Unvalidated,2024501451019,2024,501451019,1,9,0,18,2,6,0,0,1,0,5,0,3,1,5,2,54,8,-1,-1,-1,-1,8,3,E01019962,0
Unvalidated,2024501451029,2024,501451029,1,97,0,16,6,2,0,1,2,0,0,0,4,1,5,1,59,9,-1,-1,-1,-1,1,1,E01018930,0
Unvalidated,2024501451032,2024,501451032,1,9,0,9,4,8,0,8,0,0,0,0,1,1,6,1,34,6,-1,-1,-1,-1,4,2,E01019072,0
Unvalidated,2024501451032,2024,501451032,2,1,0,18,8,4,0,1,0,0,1,0,1,1,5,1,68,10,-1,-1,-1,-1,2,1,E01018857,0
Unvalidated,2024501451086,2024,501451086,1,9,0,18,1,5,0,0,0,12,0,0,1,1,6,3,-1,-1,-1,-1,-1,-1,-1,-1,-1,0
Unvalidated,2024501451093,2024,501451093,1,9,0,18,7,3,0,0,0,0,0,0,1,1,6,2,-1,-1,-1,-1,-1,-1,-1,-1,-1,0
Unvalidated,2024501451093,2024,501451093,2,9,0,4,7,3,0,0,0,0,0,0,2,1,6,2,39,7,-1,-1,-1,-1,3,2,E01018982,0
Unvalidated,2024501451218,2024,501451218,1,9,0,18,5,1,0,0,0,0,0,0,4,1,6,3,-1,-1,-1,-1,-1,-1,-1,-1,-1,0
Unvalidated,2024501451250,2024,501451250,1,9,0,-1,-1,-1,-1,0,-1,-1,-1,0,-1,9,-1,1,81,11,-1,-1,-1,-1,9,1,E01019907,0
Unvalidated,2024501451254,2024,501451254,1,9,0,5,7,3,0,4,0,0,0,0,4,1,5,1,60,9,-1,-1,-1,-1,4,1,E01014612,0
Unvalidated,2024501451254,2024,501451254,2,3,0,5,7,3,0,4,0,0,0,0,4,1,5,1,47,8,-1,-1,-1,-1,3,1,E01019022,0
Unvalidated,2024501451314,2024,501451314,1,9,0,16,5,1,0,1,5,0,7,0,1,1,5,1,83,11,-1,-1,-1,-1,3,1,E01020229,0
Unvalidated,2024501451315,2024,501451315,1,4,0,17,4,8,0,0,0,0,1,9,1,1,4,1,17,4,-1,-1,-1,-1,5,1,E01020332,0
Unvalidated,2024501451331,2024,501451331,1,10,0,16,2,6,0,1,0,4,0,0,4,1,2,1,38,7,-1,-1,-1,-1,4,3,E01018757,0
Unvalidated,2024501451331,2024,501451331,2,9,0,2,0,0,0,3,0,0,0,0,2,1,5,2,32,6,-1,-1,-1,-1,7,1,E01015134,0
Unvalidated,2024501451353,2024,501451353,1,9,0,5,8,5,0,6,0,0,0,0,1,1,5,1,30,6,-1,-1,-1,-1,5,1,E01000454,0
Unvalidated,2024501451353,2024,501451353,2,9,0,17,5,1,0,1,0,0,0,0,4,1,5,1,59,9,-1,-1,-1,-1,8,1,E01032533,0
Unvalidated,2024501451366,2024,501451366,1,9,0,17,2,6,0,0,5,0,2,0,1,1,5,2,21,5,-1,-1,-1,-1,6,1,W01001587,0
Unvalidated,2024501451415,2024,501451415,1,9,0,1,1,5,0,1,0,0,0,0,2,1,5,1,60,9,-1,-1,-1,-1,5,2,E01018780,0
Unvalidated,2024501451415,2024,501451415,2,90,0,4,1,5,0,1,0,0,0,0,1,1,6,1,60,9,-1,-1,-1,-1,5,2,E01018780,0
Unvalidated,2024501451424,2024,501451424,1,9,0,17,2,6,0,0,5,0,2,10,4,1,6,1,18,4,-1,-1,-1,-1,4,3,E01018754,0
Unvalidated,2024501451547,2024,501451547,1,9,0,4,3,7,0,1,0,0,0,0,1,1,6,1,27,6,-1,-1,-1,-1,4,3,E01020309,0
Unvalidated,2024501451547,2024,501451547,2,9,0,18,3,7,0,1,0,0,0,0,2,1,1,1,55,8,-1,-1,-1,-1,5,1,E01015174,0
Unvalidated,2024501451551,2024,501451551,1,9,0,18,1,5,0,3,0,0,0,0,1,1,6,3,-1,-1,-1,-1,-1,-1,-1,-1,-1,0
Unvalidated,2024501451551,2024,501451551,2,9,0,18,1,5,0,3,0,0,0,0,2,1,5,2,36,7,-1,-1,-1,-1,3,1,E01020078,0
Unvalidated,2024501451635,2024,501451635,1,9,0,7,5,8,0,1,0,0,3,0,4,1,5,2,40,7,-1,-1,-1,-1,10,1,E01014457,0
Unvalidated,2024501451635,2024,501451635,2,9,0,18,2,8,0,1,0,0,1,0,3,1,6,1,89,11,-1,-1,-1,-1,7,2,E01019899,0
Unvalidated,2024501451692,2024,501451692,1,21,0,4,7,3,0,1,0,0,0,0,1,1,1,1,51,8,-1,-1,-1,-1,2,2,E01018774,0
Unvalidated,2024501451692,2024,501451692,2,98,0,10,7,3,0,5,0,0,0,0,2,1,1,1,68,10,-1,-1,-1,-1,5,3,E01018782,0
Unvalidated,2024501451694,2024,501451694,1,9,0,5,6,4,0,6,0,0,1,0,3,1,5,1,87,11,-1,-1,-1,-1,4,3,E01018781,0
Unvalidated,2024501451694,2024,501451694,2,9,0,18,4,8,0,1,0,0,6,0,1,1,6,2,74,10,-1,-1,-1,-1,6,2,E01019027,0
Unvalidated,2024501451777,2024,501451777,1,9,0,18,8,4,0,0,0,0,0,0,2,1,6,1,46,8,-1,-1,-1,-1,4,3,E01018862,0
Unvalidated,2024501451777,2024,501451777,2,9,0,18,8,4,0,0,0,0,0,0,2,1,6,1,35,6,-1,-1,-1,-1,4,1,E01018887,0
Unvalidated,2024501451777,2024,501451777,3,9,0,18,8,4,0,0,0,0,0,0,1,1,2,2,19,4,-1,-1,-1,-1,4,3,E01018862,0
Unvalidated,2024501451778,2024,501451778,1,9,0,4,7,3,0,4,0,0,0,0,2,1,6,1,54,8,-1,-1,-1,-1,6,3,E01020063,0
Unvalidated,2024501451778,2024,501451778,2,9,0,4,7,3,0,1,0,0,0,0,1,1,2,1,47,8,-1,-1,-1,-1,2,1,E01031914,0
Unvalidated,2024501451786,2024,501451786,1,9,0,17,6,2,0,0,1,0,0,0,1,1,5,1,68,10,-1,-1,-1,-1,5,3,E01020143,0
Unvalidated,2024501451807,2024,501451807,1,9,0,17,4,8,0,0,0,0,0,0,3,1,5,1,24,5,-1,-1,-1,-1,4,1,E01020053,0
Unvalidated,2024501451807,2024,501451807,2,9,0,16,8,4,0,0,0,0,0,0,3,1,5,2,21,5,-1,-1,-1,-1,4,2,E01020057,0
Unvalidated,2024501451890,2024,501451890,1,9,0,9,5,3,0,8,0,0,0,0,1,1,1,1,58,9,-1,-1,-1,-1,6,3,E01020329,0
Unvalidated,2024501451890,2024,501451890,2,9,0,18,1,7,0,8,0,0,0,0,2,1,1,2,29,6,-1,-1,-1,-1,8,1,E01020051,0
Unvalidated,2024501451913,2024,501451913,1,9,0,10,3,1,0,8,0,0,0,0,3,1,6,1,27,6,-1,-1,-1,-1,5,1,E01002586,0
Unvalidated,2024501451913,2024,501451913,2,1,0,18,1,5,0,1,0,0,0,0,1,1,5,1,41,7,-1,-1,-1,-1,4,1,E01018914,0
Unvalidated,2024501451959,2024,501451959,1,1,0,18,1,5,0,8,0,0,0,0,1,1,1,1,50,8,-1,-1,-1,-1,5,1,E01019994,0
Unvalidated,2024501451959,2024,501451959,2,9,0,4,1,5,0,8,0,0,0,0,2,1,5,1,38,7,-1,-1,-1,-1,4,1,E01019980,0
Unvalidated,2024501452262,2024,501452262,1,9,0,18,6,2,0,6,5,0,0,0,4,1,5,1,27,6,-1,-1,-1,-1,5,1,E01018853,0
Unvalidated,2024501452262,2024,501452262,2,9,0,18,4,2,0,1,1,0,0,0,1,1,5,2,64,9,-1,-1,-1,-1,6,1,E01018803,0
Unvalidated,2024501452263,2024,501452263,1,97,0,18,8,6,0,0,1,0,0,0,1,1,5,1,37,7,-1,-1,-1,-1,8,1,E01016549,0
Unvalidated,2024501452263,2024,501452263,2,9,0,16,6,8,0,0,0,0,0,0,3,1,5,2,74,10,-1,-1,-1,-1,5,3,E01018992,0
Unvalidated,2024501452271,2024,501452271,1,9,0,17,3,7,0,0,1,0,7,10,3,1,5,1,61,9,-1,-1,-1,-1,5,3,E01020301,0
Unvalidated,2024501452304,2024,501452304,1,19,0,3,3,7,0,0,0,0,0,0,4,1,6,3,-1,-1,-1,-1,-1,-1,-1,-1,-1,0
Unvalidated,2024501452304,2024,501452304,2,9,-1,10,3,7,0,0,0,0,0,0,3,1,3,2,46,8,-1,-1,-1,-1,8,1,E01015113,0
Unvalidated,2024501452445,2024,501452445,1,17,0,18,5,1,0,0,0,0,0,0,1,1,1,1,25,5,-1,-1,-1,-1,4,3,E01018922,0
Unvalidated,2024501452445,2024,501452445,2,90,0,18,3,7,0,0,0,0,0,0,1,1,5,2,24,5,-1,-1,-1,-1,4,1,E01018877,0
Unvalidated,2024501452446,2024,501452446,1,9,0,18,4,8,0,0,9,0,0,0,1,1,6,2,27,6,-1,-1,-1,-1,4,2,E01020307,0
Unvalidated,2024501452446,2024,501452446,2,9,0,18,4,8,0,0,0,0,0,0,2,1,5,1,24,5,-1,-1,-1,-1,3,1,E01020104,0
Unvalidated,2024501452446,2024,501452446,3,9,0,18,4,8,0,0,0,0,0,0,2,1,6,1,48,8,-1,-1,-1,-1,6,2,E01020304,0
Unvalidated,2024501452514,2024,501452514,1,9,0,18,3,7,0,0,0,0,0,0,1,1,5,1,46,8,-1,-1,-1,-1,3,3,E01018815,0
Unvalidated,2024501452514,2024,501452514,2,5,0,18,3,7,0,0,0,0,0,0,2,1,1,1,33,6,-1,-1,-1,-1,5,1,E01018853,0
Unvalidated,2024501452603,2024,501452603,1,4,0,18,2,6,0,0,1,0,0,0,4,1,5,1,64,9,-1,-1,-1,-1,4,1,E01020032,0
Unvalidated,2024501452649,2024,501452649,1,9,0,10,7,3,9,6,0,0,0,0,1,1,2,1,39,7,-1,-1,-1,-1,1,1,E01018841,0
Unvalidated,2024501452649,2024,501452649,2,9,0,18,6,2,9,1,0,0,0,0,4,1,2,1,68,10,-1,-1,-1,-1,5,3,E01018923,0
Unvalidated,2024501452661,2024,501452661,1,9,0,18,7,3,0,0,0,0,0,0,2,1,1,1,38,7,-1,-1,-1,-1,8,1,E01010119,0
Unvalidated,2024501452661,2024,501452661,2,9,0,18,7,3,0,0,0,0,0,0,2,1,5,2,46,8,-1,-1,-1,-1,3,1,E01018893,0
Unvalidated,2024501452661,2024,501452661,3,9,0,18,7,3,0,0,0,0,0,0,1,1,5,2,52,8,-1,-1,-1,-1,8,1,E01028807,0
Unvalidated,2024501452661,2024,501452661,4,9,0,18,7,3,0,0,0,0,0,0,2,1,5,2,70,10,-1,-1,-1,-1,4,1,E01018994,0
Unvalidated,2024501452715,2024,501452715,1,3,0,18,7,3,0,0,0,0,0,0,1,1,1,1,42,7,-1,-1,-1,-1,5,2,E01018798,0
Unvalidated,2024501452715,2024,501452715,2,9,0,18,7,3,0,0,0,0,0,0,2,1,6,2,60,9,-1,-1,-1,-1,5,3,E01020147,0
Unvalidated,2024501452723,2024,501452723,1,9,0,16,7,3,0,1,0,0,0,0,1,1,5,2,51,8,-1,-1,-1,-1,6,3,E01019903,0
Unvalidated,2024501452965,2024,501452965,1,9,0,5,5,1,0,0,0,0,0,0,0,1,5,1,64,9,-1,-1,-1,-1,10,1,E01003805,0
Unvalidated,2024501453028,2024,501453028,1,9,0,5,-1,-1,-1,0,0,0,0,0,1,1,6,2,-1,-1,-1,-1,-1,-1,-1,-1,-1,0
Unvalidated,2024501453028,2024,501453028,2,1,0,18,-1,-1,9,0,5,0,0,0,4,1,2,1,25,5,-1,-1,-1,-1,4,1,E01015173,0
Unvalidated,2024501453088,2024,501453088,1,9,0,18,7,3,0,1,0,0,0,0,1,1,5,1,41,7,-1,-1,-1,-1,4,1,E01020279,0
Unvalidated,2024501453088,2024,501453088,2,19,0,18,3,7,0,1,0,0,0,0,4,1,2,1,46,8,-1,-1,-1,-1,2,1,E01020277,0
Unvalidated,2024501453148,2024,501453148,1,9,0,18,6,2,0,8,0,0,7,11,1,1,5,1,19,4,-1,-1,-1,-1,7,1,E01015122,0
Unvalidated,2024501453148,2024,501453148,2,9,0,18,8,4,0,8,0,0,2,0,1,1,5,1,57,9,-1,-1,-1,-1,2,1,E01015082,0
Unvalidated,2024501453182,2024,501453182,1,9,0,5,7,5,0,4,0,0,0,0,1,1,5,1,54,8,-1,-1,-1,-1,2,3,E01018897,0
Unvalidated,2024501453182,2024,501453182,2,1,0,18,5,1,0,8,0,0,0,0,4,1,5,1,57,9,-1,-1,-1,-1,3,3,E01018869,0
Unvalidated,2024501453189,2024,501453189,1,9,0,8,4,6,0,8,0,0,0,0,1,1,5,1,83,11,-1,-1,-1,-1,3,2,E01018982,0
Unvalidated,2024501453189,2024,501453189,2,9,0,18,2,6,0,1,0,0,0,0,1,1,2,2,21,5,-1,-1,-1,-1,5,2,E01018981,0
Unvalidated,2024501453217,2024,501453217,1,9,0,18,8,4,0,8,0,0,0,0,1,1,5,1,62,9,-1,-1,-1,-1,6,3,E01032051,0
Unvalidated,2024501453282,2024,501453282,1,9,0,16,6,1,0,1,1,0,0,0,1,1,5,1,18,4,-1,-1,-1,-1,8,1,E01015068,0
Unvalidated,2024501453282,2024,501453282,2,9,0,18,1,5,0,1,0,0,0,0,1,1,3,2,37,7,-1,-1,-1,-1,10,1,E01020167,0
Unvalidated,2024501453305,2024,501453305,1,9,0,18,1,5,0,0,0,0,0,0,1,1,6,3,-1,-1,-1,-1,-1,-1,-1,-1,-1,0
Unvalidated,2024501453305,2024,501453305,2,9,0,18,1,5,0,0,0,0,0,0,2,1,6,2,41,7,-1,-1,-1,-1,5,1,E01015037,0
Unvalidated,2024501453459,2024,501453459,1,9,0,6,7,3,0,3,0,0,7,11,1,1,5,2,37,7,-1,-1,-1,-1,-1,-1,-1,0
Unvalidated,2024501453572,2024,501453572,1,9,0,18,2,6,0,0,0,0,0,0,1,1,5,1,34,6,-1,-1,-1,-1,10,1,E01015131,0
Unvalidated,2024501453725,2024,501453725,1,2,0,18,1,5,0,0,1,0,0,0,1,1,2,1,17,4,-1,-1,-1,-1,4,1,E01020030,0
Unvalidated,2024501453749,2024,501453749,1,9,0,18,3,1,0,2,0,0,0,0,4,1,5,2,65,9,-1,-1,-1,-1,4,1,E01015175,0
Unvalidated,2024501453822,2024,501453822,1,98,0,18,8,4,0,0,0,0,0,0,0,1,6,1,27,6,-1,-1,-1,-1,4,3,E01020311,0
Unvalidated,2024501453958,2024,501453958,1,9,0,4,5,1,0,0,0,0,1,0,1,1,6,1,18,4,-1,-1,-1,-1,4,3,E01018850,0
Unvalidated,2024501453958,2024,501453958,2,9,0,4,5,1,0,0,0,0,1,1,2,1,6,1,58,9,-1,-1,-1,-1,7,1,E01016197,0
Unvalidated,2024501453974,2024,501453974,1,9,0,18,5,1,0,0,0,0,0,0,1,1,5,1,39,7,-1,-1,-1,-1,4,1,E01015173,0
Unvalidated,2024501454096,2024,501454096,1,9,0,9,1,7,0,6,0,0,0,0,1,1,5,1,76,11,-1,-1,-1,-1,5,3,E01020303,0
Unvalidated,2024501454096,2024,501454096,2,20,0,18,7,3,0,1,1,0,0,0,4,1,2,1,36,7,-1,-1,-1,-1,4,2,E01020307,0
Unvalidated,2024501454153,2024,501454153,1,1,0,18,1,5,0,0,0,0,0,0,1,1,1,3,-1,-1,-1,-1,-1,-1,-1,-1,-1,0
Unvalidated,2024501454357,2024,501454357,1,9,0,18,7,3,0,0,5,11,0,0,4,1,3,2,75,10,-1,-1,-1,-1,4,3,E01020097,0
Unvalidated,2024501454379,2024,501454379,1,9,0,4,3,7,0,1,0,0,0,0,2,1,5,1,83,11,-1,-1,-1,-1,3,2,E01019059,0
Unvalidated,2024501454379,2024,501454379,2,9,0,18,3,7,0,1,0,0,0,0,1,1,3,1,30,6,-1,-1,-1,-1,6,2,E01019058,0
Unvalidated,2024501454379,2024,501454379,3,9,0,7,5,7,0,6,0,0,0,0,0,1,6,3,-1,-1,-1,-1,-1,-1,-1,-1,-1,0
Unvalidated,2024501454410,2024,501454410,1,9,0,18,8,6,0,1,0,0,0,0,3,1,6,1,40,7,-1,-1,-1,-1,2,1,E01015259,0
Unvalidated,2024501454459,2024,501454459,1,9,0,18,4,1,0,0,0,0,0,0,1,1,1,2,48,8,-1,-1,-1,-1,4,3,E01018757,0
Unvalidated,2024501454459,2024,501454459,2,9,0,18,1,5,0,0,0,0,0,0,1,1,1,1,30,6,-1,-1,-1,-1,7,1,E01015038,0
Unvalidated,2024501454506,2024,501454506,1,9,0,4,1,5,0,0,0,0,0,0,2,1,5,1,90,11,-1,-1,-1,-1,10,1,E01019957,0
Unvalidated,2024501454506,2024,501454506,2,9,0,18,1,5,0,0,0,0,0,0,1,1,6,2,39,7,-1,-1,-1,-1,9,3,E01019964,0
Unvalidated,2024501454527,2024,501454527,1,9,0,9,6,4,0,8,0,0,0,0,4,1,2,2,24,5,-1,-1,-1,-1,8,2,E01027497,0
Unvalidated,2024501454527,2024,501454527,2,2,0,18,2,6,0,8,0,0,0,0,1,1,2,1,17,4,-1,-1,-1,-1,1,1,E01018870,0
Unvalidated,2024501454553,2024,501454553,1,9,0,7,6,8,0,8,0,0,0,0,1,1,2,2,44,7,-1,-1,-1,-1,-1,-1,-1,0
Unvalidated,2024501454553,2024,501454553,2,2,0,18,4,8,0,8,0,0,0,0,1,1,6,1,16,4,-1,-1,-1,-1,5,1,E01015135,0
Unvalidated,2024501454558,2024,501454558,1,3,0,18,6,2,0,1,5,0,0,0,1,1,6,1,36,7,-1,-1,-1,-1,-1,-1,-1,0
Unvalidated,2024501454558,2024,501454558,2,9,0,9,1,6,0,6,0,0,0,0,3,1,5,2,44,7,-1,-1,-1,-1,3,1,E01015206,0
Unvalidated,2024501454563,2024,501454563,1,9,0,18,3,7,0,1,0,0,0,0,4,1,6,1,83,11,-1,-1,-1,-1,4,3,E01018955,0
Unvalidated,2024501454634,2024,501454634,1,19,0,18,1,5,0,1,0,0,0,0,1,1,1,1,79,11,-1,-1,-1,-1,10,1,E01020004,0
Unvalidated,2024501454732,2024,501454732,1,19,0,5,1,3,0,2,0,0,0,0,4,2,1,2,59,9,-1,-1,-1,-1,5,3,E01020049,0
Unvalidated,2024501454771,2024,501454771,1,90,-1,18,3,7,0,0,0,0,0,0,3,1,6,1,-1,-1,-1,-1,-1,-1,-1,-1,-1,0
Unvalidated,2024501454771,2024,501454771,2,9,0,18,7,3,0,0,0,0,0,0,3,1,6,1,23,5,-1,-1,-1,-1,5,3,E01018957,0
Unvalidated,2024501454773,2024,501454773,1,9,0,18,5,1,0,0,0,0,0,0,4,1,6,3,-1,-1,-1,-1,-1,-1,-1,-1,-1,0
Unvalidated,2024501454822,2024,501454822,1,9,0,18,7,3,0,0,0,0,0,0,1,1,6,2,58,9,-1,-1,-1,-1,6,3,-1,0
Unvalidated,2024501454822,2024,501454822,2,9,0,18,3,7,0,0,0,0,0,0,1,1,5,2,58,9,-1,-1,-1,-1,4,3,E01020321,0
Unvalidated,2024501454824,2024,501454824,1,19,0,18,1,6,0,2,0,0,0,0,3,1,6,1,41,7,-1,-1,-1,-1,2,1,E01020039,0
Unvalidated,2024501454883,2024,501454883,1,9,0,10,5,1,0,2,0,0,0,0,3,1,1,1,74,10,-1,-1,-1,-1,6,3,E01019891,0
Unvalidated,2024501454883,2024,501454883,2,3,0,13,5,1,0,2,5,0,0,0,1,1,1,1,34,6,-1,-1,-1,-1,5,1,E01019994,0
Unvalidated,2024501454885,2024,501454885,1,9,0,4,1,5,0,4,0,0,0,0,2,1,5,1,79,11,-1,-1,-1,-1,4,1,E01020140,0
Unvalidated,2024501454885,2024,501454885,2,9,0,4,1,5,0,4,0,0,0,0,2,1,5,2,46,8,-1,-1,-1,-1,8,3,E01020110,0
Unvalidated,2024501454885,2024,501454885,3,9,0,18,1,5,0,4,0,0,0,0,1,1,5,2,32,6,-1,-1,-1,-1,5,2,E01020101,0
Unvalidated,2024501454899,2024,501454899,1,9,0,18,3,7,0,0,0,2,0,0,1,1,5,1,23,5,-1,-1,-1,-1,5,2,E01018842,0
Unvalidated,2024501454899,2024,501454899,2,9,0,4,3,7,0,0,0,2,0,0,2,1,5,2,27,6,-1,-1,-1,-1,4,1,E01018994,0
Unvalidated,2024501454899,2024,501454899,3,9,0,4,3,7,0,0,0,2,0,0,2,1,5,1,58,9,-1,-1,-1,-1,8,3,E01017351,0
Unvalidated,2024501454899,2024,501454899,4,9,0,4,3,7,0,0,0,2,0,0,2,1,5,2,37,7,-1,-1,-1,-1,1,1,E01013602,0
Unvalidated,2024501454938,2024,501454938,1,9,0,18,3,7,0,4,0,0,0,0,3,1,1,2,-1,-1,-1,-1,-1,-1,1,1,E01015145,0
Unvalidated,2024501454938,2024,501454938,2,1,0,18,3,7,0,8,2,0,0,0,4,1,6,1,59,9,-1,-1,-1,-1,6,1,E01015136,0
Unvalidated,2024501454976,2024,501454976,1,19,0,18,3,7,0,1,0,0,1,0,1,1,1,1,35,6,-1,-1,-1,-1,5,2,E01020137,0
Unvalidated,2024501454976,2024,501454976,2,20,0,18,3,7,0,1,0,0,0,0,2,1,1,1,56,9,-1,-1,-1,-1,5,1,E01020006,0
Unvalidated,2024501454977,2024,501454977,1,9,0,18,3,7,0,0,0,4,0,0,1,1,6,1,66,10,-1,-1,-1,-1,6,1,E01019912,0
Unvalidated,2024501454977,2024,501454977,2,9,0,18,0,0,0,0,0,0,0,0,1,1,6,1,22,5,-1,-1,-1,-1,-1,1,-1,0
Unvalidated,2024501454998,2024,501454998,1,9,0,1,7,3,0,0,0,0,0,0,2,1,1,2,27,6,-1,-1,-1,-1,3,1,E01020067,0
Unvalidated,2024501454998,2024,501454998,2,3,0,4,3,7,0,0,0,0,0,0,1,1,5,1,18,4,-1,-1,-1,-1,5,3,E01020098,0
Unvalidated,2024501455076,2024,501455076,1,9,0,18,4,8,0,0,0,4,0,0,1,1,6,1,22,5,-1,-1,-1,-1,3,1,E01015204,0
Unvalidated,2024501455076,2024,501455076,2,98,0,2,0,0,0,0,0,0,0,0,2,1,6,3,-1,-1,-1,-1,-1,-1,-1,-1,-1,0
Unvalidated,2024501455076,2024,501455076,3,9,0,2,0,0,0,0,0,0,0,0,2,1,6,3,-1,-1,-1,-1,-1,-1,-1,-1,-1,0
Unvalidated,2024501455083,2024,501455083,1,8,0,7,1,7,0,0,0,0,1,0,1,1,5,1,31,6,-1,-1,-1,-1,4,1,E01015050,0