status,collision_index,collision_year,collision_reference,vehicle_reference,vehicle_type,towing_and_articulation,vehicle_manoeuvre,vehicle_direction_from,vehicle_direction_to,vehicle_location_restricted_lane,junction_location,skidding_and_overturning,hit_object_in_carriageway,vehicle_leaving_carriageway,hit_object_off_carriageway,first_point_of_impact,vehicle_left_hand_drive,journey_purpose_of_driver,sex_of_driver,age_of_driver,age_band_of_driver,engine_capacity_cc,propulsion_code,age_of_vehicle,generic_make_model,driver_imd_decile,driver_home_area_type,lsoa_of_driver,escooter_flag
Unvalidated,2024501455184,2024,501455184,1,9,0,5,1,5,0,0,0,0,0,0,4,1,6,2,45,7,-1,-1,-1,-1,5,3,E01020324,0
Unvalidated,2024501455184,2024,501455184,2,9,0,5,1,5,0,0,0,0,0,0,3,1,6,2,27,6,-1,-1,-1,-1,3,1,E01015166,0
Unvalidated,2024501455204,2024,501455204,1,8,0,5,3,4,0,1,0,0,0,0,1,1,1,1,58,9,-1,-1,-1,-1,7,1,E01020164,0
Unvalidated,2024501455204,2024,501455204,2,9,0,17,8,4,0,1,2,0,1,10,4,1,2,2,36,7,-1,-1,-1,-1,7,3,E01019892,0
Unvalidated,2024501455214,2024,501455214,1,10,0,7,1,3,0,0,0,0,0,0,1,1,6,1,71,10,-1,-1,-1,-1,5,2,E01020177,0
Unvalidated,2024501455214,2024,501455214,2,19,0,18,3,7,0,0,0,0,0,0,3,1,2,1,41,7,-1,-1,-1,-1,3,1,E01015228,0
Unvalidated,2024501455246,2024,501455246,1,9,0,3,-1,-1,0,1,0,0,0,0,3,1,5,2,36,7,-1,-1,-1,-1,9,3,E01020239,0
Unvalidated,2024501455246,2024,501455246,2,21,1,18,-1,-1,0,1,0,0,0,0,3,1,6,1,47,8,-1,-1,-1,-1,6,3,W01001564,0
Unvalidated,2024501455337,2024,501455337,1,19,0,18,1,5,0,1,0,0,0,0,-1,1,6,3,-1,-1,-1,-1,-1,-1,-1,-1,-1,0
Unvalidated,2024501455449,2024,501455449,1,9,0,5,1,5,0,4,0,0,0,0,1,1,5,1,19,4,-1,-1,-1,-1,4,3,E01018876,0
Unvalidated,2024501455449,2024,501455449,2,1,0,7,5,3,0,3,0,0,0,0,4,1,2,1,43,7,-1,-1,-1,-1,5,1,E01019048,0
Unvalidated,2024501455462,2024,501455462,1,9,0,9,2,8,0,8,0,0,0,0,4,1,5,1,90,11,-1,-1,-1,-1,4,1,E01015241,0
Unvalidated,2024501455462,2024,501455462,2,97,0,18,6,2,0,1,0,0,0,0,1,1,5,1,27,6,-1,-1,-1,-1,3,1,E01015209,0
Unvalidated,2024501455497,2024,501455497,1,5,0,18,5,1,0,8,5,0,0,0,1,1,5,1,24,5,-1,-1,-1,-1,3,1,E01015195,0
Unvalidated,2024501455497,2024,501455497,2,9,0,10,5,1,0,8,0,0,0,0,2,1,5,1,36,7,-1,-1,-1,-1,5,3,E01020143,0
Unvalidated,2024501455513,2024,501455513,1,9,0,18,5,1,0,1,0,0,0,0,1,1,5,1,41,7,-1,-1,-1,-1,8,2,E01020197,0
Unvalidated,2024501455513,2024,501455513,2,9,0,3,5,1,0,1,0,0,0,0,2,1,6,1,84,11,-1,-1,-1,-1,-1,-1,-1,0
Unvalidated,2024501455532,2024,501455532,1,9,0,17,5,2,0,0,5,0,1,10,1,1,6,2,18,4,-1,-1,-1,-1,4,2,E01020305,0
Unvalidated,2024501455553,2024,501455553,1,9,0,9,4,1,0,6,0,0,0,0,4,1,5,2,35,6,-1,-1,-1,-1,2,1,E01018867,0
Unvalidated,2024501455553,2024,501455553,2,9,0,18,1,5,0,1,2,0,0,0,4,1,5,2,69,10,-1,-1,-1,-1,4,3,E01018979,0
Unvalidated,2024501455699,2024,501455699,1,9,0,17,5,1,0,0,0,0,0,0,1,1,6,1,21,5,-1,-1,-1,-1,5,1,E01001499,0
Unvalidated,2024501455699,2024,501455699,2,9,0,16,1,5,0,0,0,0,0,0,1,1,2,1,49,8,-1,-1,-1,-1,3,1,E01020229,0
Unvalidated,2024501455734,2024,501455734,2,19,0,18,1,5,0,0,0,8,0,0,3,1,6,3,-1,-1,-1,-1,-1,-1,-1,-1,-1,0
Unvalidated,2024501455778,2024,501455778,1,1,0,4,1,7,0,1,5,0,0,0,4,1,5,2,52,8,-1,-1,-1,-1,5,1,E01020040,0
Unvalidated,2024501455778,2024,501455778,2,19,0,9,3,1,0,5,0,0,0,0,1,1,6,2,64,9,-1,-1,-1,-1,6,3,E01019903,0
Unvalidated,2024501455781,2024,501455781,1,9,0,18,8,3,0,4,1,7,7,10,3,1,5,2,67,10,-1,-1,-1,-1,9,1,E01015104,0
Unvalidated,2024501455781,2024,501455781,2,9,0,9,6,4,0,4,0,0,0,0,1,1,5,1,36,7,-1,-1,-1,-1,1,1,E01015048,0
Unvalidated,2024501455820,2024,501455820,1,9,0,5,1,5,0,6,0,0,0,0,3,1,1,2,42,7,-1,-1,-1,-1,6,3,E01018764,0
Unvalidated,2024501455820,2024,501455820,2,1,0,18,3,7,4,8,0,0,0,0,1,1,2,1,48,8,-1,-1,-1,-1,9,2,E01020186,0
Unvalidated,2024501455824,2024,501455824,1,3,0,18,3,1,0,3,1,0,0,0,3,1,5,1,18,4,-1,-1,-1,-1,1,1,E01015146,0
Unvalidated,2024501455842,2024,501455842,1,9,0,18,3,7,0,8,0,0,0,0,3,1,5,1,40,7,-1,-1,-1,-1,2,1,E01020016,0
Unvalidated,2024501455842,2024,501455842,2,9,0,7,5,7,0,4,0,0,0,0,1,1,5,1,69,10,-1,-1,-1,-1,5,2,E01020060,0
Unvalidated,2024501455855,2024,501455855,1,9,0,18,2,6,0,8,0,0,0,0,1,1,2,1,34,6,-1,-1,-1,-1,5,3,E01019067,0
Unvalidated,2024501455855,2024,501455855,2,9,0,10,3,6,9,8,0,0,0,0,1,1,5,1,77,11,-1,-1,-1,-1,4,3,E01018846,0
Unvalidated,2024501455861,2024,501455861,1,11,0,3,5,1,0,0,0,0,0,0,2,1,1,1,28,6,-1,-1,-1,-1,-1,-1,-1,0
Unvalidated,2024501455861,2024,501455861,2,1,0,18,5,1,0,0,1,0,0,0,1,1,6,1,30,6,-1,-1,-1,-1,7,3,E01018901,0
Unvalidated,2024501455893,2024,501455893,1,9,0,14,2,6,0,1,0,0,0,0,1,1,6,3,-1,-1,-1,-1,-1,-1,-1,-1,-1,0
Unvalidated,2024501455903,2024,501455903,1,1,0,18,5,1,0,0,5,0,0,0,4,1,5,1,48,8,-1,-1,-1,-1,3,1,E01020022,0
Unvalidated,2024501455903,2024,501455903,2,9,0,18,1,5,0,0,0,0,0,0,1,1,5,1,63,9,-1,-1,-1,-1,6,3,E01020033,0
Unvalidated,2024501455921,2024,501455921,1,9,0,9,3,1,0,8,0,0,0,0,1,1,6,3,-1,-1,-1,-1,-1,-1,-1,-1,-1,0
Unvalidated,2024501455921,2024,501455921,2,9,0,18,1,5,0,1,0,0,0,0,3,1,2,2,43,7,-1,-1,-1,-1,3,1,E01020095,0
Unvalidated,2024501455931,2024,501455931,1,3,0,5,7,6,0,6,2,0,0,0,4,1,5,1,21,5,-1,-1,-1,-1,6,3,E01020033,0
Unvalidated,2024501455931,2024,501455931,2,9,0,18,2,6,0,1,0,0,0,0,3,1,6,3,-1,-1,-1,-1,-1,-1,-1,-1,-1,0
Unvalidated,2024501455933,2024,501455933,1,10,0,18,3,7,0,1,0,0,0,0,0,1,1,1,47,8,-1,-1,-1,-1,7,1,E01018899,0
Unvalidated,2024501455939,2024,501455939,1,19,0,14,3,1,0,0,0,0,0,0,3,1,6,1,69,10,-1,-1,-1,-1,6,3,E01020243,0
Unvalidated,2024501455963,2024,501455963,1,9,0,18,1,5,0,0,5,0,7,9,1,1,5,1,17,4,-1,-1,-1,-1,5,2,E01019902,0
Unvalidated,2024501455981,2024,501455981,1,19,0,17,5,1,0,0,2,0,1,4,1,1,6,1,44,7,-1,-1,-1,-1,4,2,E01019037,0
Unvalidated,2024501455981,2024,501455981,2,9,0,18,3,7,0,0,0,0,0,0,3,1,6,2,26,6,-1,-1,-1,-1,4,3,E01018778,0
Unvalidated,2024501456098,2024,501456098,1,9,0,18,4,8,0,1,2,0,0,0,1,1,5,1,81,11,-1,-1,-1,-1,5,3,E01020339,0
Unvalidated,2024501456098,2024,501456098,2,9,0,9,4,8,0,1,0,0,0,0,2,1,5,1,72,10,-1,-1,-1,-1,10,1,E01015396,0
Unvalidated,2024501456098,2024,501456098,3,9,0,18,8,4,0,2,0,0,0,0,3,1,5,1,64,9,-1,-1,-1,-1,7,2,E01020327,0
Unvalidated,2024501456107,2024,501456107,1,9,0,18,6,2,0,0,0,0,0,0,1,1,2,2,51,8,-1,-1,-1,-1,4,3,E01020291,0
Unvalidated,2024501456107,2024,501456107,2,90,1,18,2,6,0,0,0,0,0,0,2,1,1,1,18,4,-1,-1,-1,-1,4,3,E01018757,0
Unvalidated,2024501456124,2024,501456124,1,5,0,17,3,7,0,0,1,0,0,0,4,1,5,1,68,10,-1,-1,-1,-1,-1,-1,-1,0
Unvalidated,2024501456205,2024,501456205,1,9,0,18,5,1,0,0,2,10,7,11,4,1,6,2,60,9,-1,-1,-1,-1,3,3,E01018989,0
Unvalidated,2024501456220,2024,501456220,1,20,0,18,8,4,0,0,0,0,0,0,3,1,1,1,65,9,-1,-1,-1,-1,9,2,E01020058,0
Unvalidated,2024501456220,2024,501456220,2,5,0,18,4,8,0,0,0,0,0,0,3,1,2,1,46,8,-1,-1,-1,-1,8,1,E01020270,0
Unvalidated,2024501456231,2024,501456231,1,9,0,4,5,1,0,0,0,0,1,10,1,1,2,2,35,6,-1,-1,-1,-1,5,3,E01020319,0
Unvalidated,2024501456231,2024,501456231,2,9,0,18,1,5,0,0,1,0,0,0,1,1,6,2,28,6,-1,-1,-1,-1,7,2,E01020258,0
Unvalidated,2024501456263,2024,501456263,1,3,0,4,7,3,0,1,0,0,0,0,4,1,2,1,17,4,-1,-1,-1,-1,8,1,E01015211,0
Unvalidated,2024501456297,2024,501456297,1,9,0,18,6,2,0,0,0,0,0,0,1,1,6,1,21,5,-1,-1,-1,-1,2,2,E01018949,0
Unvalidated,2024501456297,2024,501456297,2,9,0,2,0,0,0,0,0,0,0,0,1,1,6,3,-1,-1,-1,-1,-1,-1,-1,-1,-1,0
Unvalidated,2024501456297,2024,501456297,3,9,0,2,0,0,0,0,0,4,0,0,2,1,6,3,-1,-1,-1,-1,-1,-1,-1,-1,-1,0
Unvalidated,2024501456297,2024,501456297,4,9,0,2,0,0,1,0,0,0,0,0,2,1,6,3,-1,-1,-1,-1,-1,-1,-1,-1,-1,0
Unvalidated,2024501456297,2024,501456297,5,19,0,2,0,0,0,0,0,0,0,0,2,1,6,3,-1,-1,-1,-1,-1,-1,-1,-1,-1,0
Unvalidated,2024501456297,2024,501456297,6,9,0,2,0,0,0,0,0,0,0,0,4,1,6,3,-1,-1,-1,-1,-1,-1,-1,-1,-1,0
Unvalidated,2024501456297,2024,501456297,7,9,0,2,0,0,0,0,0,0,0,0,2,1,6,3,-1,-1,-1,-1,-1,-1,-1,-1,-1,0
Unvalidated,2024501456302,2024,501456302,1,9,0,6,4,5,0,6,0,0,0,0,1,1,5,2,90,11,-1,-1,-1,-1,1,1,E01015260,0
Unvalidated,2024501456332,2024,501456332,1,19,0,3,3,7,0,1,0,0,0,0,2,1,6,3,-1,-1,-1,-1,-1,-1,-1,-1,-1,0
Unvalidated,2024501456332,2024,501456332,2,19,0,18,3,7,0,1,0,0,0,0,1,1,1,1,30,6,-1,-1,-1,-1,4,3,E01018988,0
Unvalidated,2024501456363,2024,501456363,1,9,0,16,3,7,0,1,0,0,0,0,1,1,5,2,26,6,-1,-1,-1,-1,4,3,E01018778,0
Unvalidated,2024501456466,2024,501456466,1,1,0,18,3,1,0,0,0,0,0,0,9,1,6,1,-1,-1,-1,-1,-1,-1,-1,-1,-1,0
Unvalidated,2024501456496,2024,501456496,1,9,0,18,5,1,0,0,5,0,2,10,1,1,6,1,53,8,-1,-1,-1,-1,5,1,E01021262,0
Unvalidated,2024501456541,2024,501456541,1,9,0,18,3,3,0,2,0,0,0,0,2,1,5,1,73,10,-1,-1,-1,-1,5,1,E01015123,0
Unvalidated,2024501456541,2024,501456541,2,9,0,15,3,3,0,2,1,0,0,0,1,1,6,1,18,4,-1,-1,-1,-1,5,3,E01020174,0
Unvalidated,2024501456541,2024,501456541,3,9,0,18,3,3,0,2,0,0,0,0,1,1,6,1,73,10,-1,-1,-1,-1,8,3,E01020158,0
Unvalidated,2024501456563,2024,501456563,1,17,0,4,5,1,0,0,0,0,0,0,3,1,1,1,35,6,-1,-1,-1,-1,4,3,E01020131,0
Unvalidated,2024501456563,2024,501456563,2,9,0,4,1,5,0,0,1,0,0,0,1,1,6,1,60,9,-1,-1,-1,-1,5,3,E01020099,0
Unvalidated,2024501456563,2024,501456563,3,9,0,4,1,5,0,0,0,0,0,0,0,1,6,2,31,6,-1,-1,-1,-1,4,3,E01020126,0
Unvalidated,2024501456686,2024,501456686,1,9,0,4,3,7,0,1,0,0,0,0,2,1,5,1,84,11,-1,-1,-1,-1,8,3,E01022352,0
Unvalidated,2024501456686,2024,501456686,2,4,0,4,3,7,0,1,0,0,0,0,1,1,6,1,20,4,-1,-1,-1,-1,4,1,E01029238,0
Unvalidated,2024501456762,2024,501456762,1,9,0,9,5,6,0,8,0,0,0,0,2,1,5,2,63,9,-1,-1,-1,-1,5,2,E01020050,0
Unvalidated,2024501456762,2024,501456762,2,9,0,9,5,1,0,8,1,0,0,0,1,1,5,1,63,9,-1,-1,-1,-1,5,2,E01020050,0
Unvalidated,2024501456778,2024,501456778,1,9,0,9,3,7,0,1,0,0,0,0,2,1,5,2,70,10,-1,-1,-1,-1,2,1,E01019990,0
Unvalidated,2024501456778,2024,501456778,2,9,0,3,3,7,0,1,0,4,0,0,2,1,3,2,55,8,-1,-1,-1,-1,6,3,E01019903,0
Unvalidated,2024501456778,2024,501456778,3,9,0,18,3,7,0,1,0,4,0,0,1,1,5,2,22,5,-1,-1,-1,-1,9,3,E01028747,0
Unvalidated,2024501456800,2024,501456800,1,9,0,2,0,0,0,2,0,11,2,3,1,1,5,2,81,11,-1,-1,-1,-1,8,2,E01020201,0
Unvalidated,2024501456824,2024,501456824,1,9,0,16,7,3,0,0,5,0,7,0,1,1,5,1,74,10,-1,-1,-1,-1,9,2,E01019937,0
Unvalidated,2024501456826,2024,501456826,1,19,-1,-1,5,1,-1,0,-1,-1,-1,0,-1,1,6,1,-1,-1,-1,-1,-1,-1,-1,-1,-1,0
Unvalidated,2024501456848,2024,501456848,1,1,0,99,8,5,0,0,0,0,0,0,3,1,2,1,39,7,-1,-1,-1,-1,7,1,E01015120,0
Unvalidated,2024501456848,2024,501456848,2,9,0,18,1,5,0,0,0,0,0,0,4,1,6,3,-1,-1,-1,-1,-1,-1,-1,-1,-1,0
Unvalidated,2024501456854,2024,501456854,1,9,0,18,7,3,0,8,0,0,0,0,1,1,6,1,60,9,-1,-1,-1,-1,3,1,E01015172,0
Unvalidated,2024501456867,2024,501456867,1,9,0,17,6,2,0,0,5,0,2,10,1,2,2,1,52,8,-1,-1,-1,-1,4,3,E01020322,0
Unvalidated,2024501456867,2024,501456867,2,9,0,16,2,6,0,0,0,0,0,0,1,2,5,1,63,9,-1,-1,-1,-1,4,3,E01020322,0
Unvalidated,2024501456883,2024,501456883,1,9,0,10,1,5,0,1,0,0,0,0,1,1,6,3,-1,-1,-1,-1,-1,-1,-1,-1,-1,0
Unvalidated,2024501456905,2024,501456905,1,9,0,7,5,8,0,6,0,0,0,0,1,1,5,1,81,11,-1,-1,-1,-1,9,1,E01006796,0
Unvalidated,2024501456905,2024,501456905,2,9,0,18,4,8,0,1,1,0,7,9,4,1,5,1,66,10,-1,-1,-1,-1,4,1,E01020279,0
Unvalidated,2024501456921,2024,501456921,1,9,0,9,8,6,0,8,0,0,0,0,4,1,5,1,59,9,-1,-1,-1,-1,4,3,E01018863,0
Unvalidated,2024501456921,2024,501456921,2,9,0,18,4,8,0,8,0,0,0,0,1,1,5,1,68,10,-1,-1,-1,-1,4,1,E01018866,0
Unvalidated,2024501457003,2024,501457003,1,9,0,18,3,7,0,0,0,0,0,0,2,1,1,1,59,9,-1,-1,-1,-1,3,1,E01014811,0
Unvalidated,2024501457003,2024,501457003,2,9,0,18,3,7,0,0,0,0,0,0,1,1,1,2,36,7,-1,-1,-1,-1,8,1,E01015119,0
Unvalidated,2024501457235,2024,501457235,1,5,0,5,1,5,0,4,2,0,0,0,3,1,1,1,28,6,-1,-1,-1,-1,3,1,E01015159,0
Unvalidated,2024501457286,2024,501457286,1,9,0,5,1,5,9,0,0,0,0,0,1,1,5,1,87,11,-1,-1,-1,-1,9,1,E01019958,0
Unvalidated,2024501457304,2024,501457304,1,9,0,8,3,5,0,1,0,0,0,0,2,1,5,1,46,8,-1,-1,-1,-1,6,1,E01022668,0
Unvalidated,2024501457304,2024,501457304,2,9,0,18,3,7,0,1,0,0,0,0,1,1,6,1,31,6,-1,-1,-1,-1,5,1,E01015070,0
Unvalidated,2024501457349,2024,501457349,1,9,0,16,5,1,0,0,2,0,1,9,1,1,5,2,19,4,-1,-1,-1,-1,8,1,E01019930,0
Unvalidated,2024501457366,2024,501457366,1,9,0,18,2,6,0,0,0,0,2,4,1,1,2,1,21,5,-1,-1,-1,-1,8,3,E01020240,0
Unvalidated,2024501457475,2024,501457475,1,5,0,4,1,5,0,1,0,0,0,0,3,1,5,1,53,8,-1,-1,-1,-1,7,3,E01019892,0
Unvalidated,2024501457475,2024,501457475,2,9,0,5,1,5,0,1,0,0,0,0,0,1,6,1,41,7,-1,-1,-1,-1,7,3,E01019892,0
Unvalidated,2024501457533,2024,501457533,1,9,0,13,1,5,0,0,5,10,1,4,1,1,5,1,31,6,-1,-1,-1,-1,8,2,E01020240,0
Unvalidated,2024501457533,2024,501457533,2,9,0,18,1,5,0,0,1,0,0,0,1,1,5,1,32,6,-1,-1,-1,-1,8,1,E01015223,0
Unvalidated,2024501457533,2024,501457533,3,11,0,18,1,5,0,0,0,0,0,0,1,1,1,1,63,9,-1,-1,-1,-1,8,1,E01019970,0
Unvalidated,2024501457560,2024,501457560,1,97,0,18,5,1,0,1,1,0,0,0,3,1,5,1,67,10,-1,-1,-1,-1,5,3,E01018923,0
Unvalidated,2024501457560,2024,501457560,2,9,0,9,7,5,0,6,0,0,0,0,3,1,4,2,18,4,-1,-1,-1,-1,5,3,E01018940,0
Unvalidated,2024501457677,2024,501457677,1,9,0,18,7,3,0,0,0,0,0,0,3,1,5,1,78,11,-1,-1,-1,-1,9,2,E01016308,0
Unvalidated,2024501457677,2024,501457677,2,9,0,18,3,7,0,0,0,6,0,0,1,1,5,2,62,9,-1,-1,-1,-1,4,3,E01019064,0
Unvalidated,2024501457677,2024,501457677,3,9,0,18,7,3,0,0,0,0,0,0,1,1,5,2,24,5,-1,-1,-1,-1,3,3,E01019053,0
Unvalidated,2024501457694,2024,501457694,1,9,0,3,3,1,0,4,0,0,0,0,2,1,5,1,32,6,-1,-1,-1,-1,6,1,E01020255,0
Unvalidated,2024501457694,2024,501457694,2,9,0,18,3,1,0,4,0,0,0,0,1,1,6,1,23,5,-1,-1,-1,-1,8,1,E01020270,0
Unvalidated,2024501457728,2024,501457728,1,9,0,-1,-1,-1,-1,1,0,0,0,0,1,1,-1,1,51,8,-1,-1,-1,-1,4,2,E01020180,0
Unvalidated,2024501457728,2024,501457728,2,1,0,-1,-1,-1,-1,1,9,0,0,0,1,1,-1,1,-1,-1,-1,-1,-1,-1,-1,-1,-1,0
Unvalidated,2024501457769,2024,501457769,1,9,0,11,5,1,0,0,0,0,0,0,1,1,5,1,48,8,-1,-1,-1,-1,2,1,E01015280,0
Unvalidated,2024501457769,2024,501457769,2,9,0,4,5,1,0,0,0,0,0,0,2,1,6,2,30,6,-1,-1,-1,-1,6,3,E01019893,0
Unvalidated,2024501457769,2024,501457769,3,9,0,4,5,1,0,0,0,0,0,0,2,1,5,2,35,6,-1,-1,-1,-1,6,3,E01019893,0
Unvalidated,2024501457769,2024,501457769,4,19,0,4,5,1,0,0,0,0,0,0,2,1,1,1,24,5,-1,-1,-1,-1,6,1,E01020230,0
Unvalidated,2024501457795,2024,501457795,1,9,0,5,2,5,0,6,0,0,0,0,1,1,6,2,33,6,-1,-1,-1,-1,1,1,E01015261,0
Unvalidated,2024501457795,2024,501457795,3,9,0,18,1,5,0,8,0,0,0,0,4,1,6,1,28,6,-1,-1,-1,-1,1,1,E01015263,0
Unvalidated,2024501457801,2024,501457801,1,9,0,7,3,5,9,5,1,11,1,11,4,1,5,2,19,4,-1,-1,-1,-1,1,1,E01015256,0
Unvalidated,2024501457801,2024,501457801,2,9,0,7,3,5,9,5,1,0,0,0,4,1,6,2,20,4,-1,-1,-1,-1,8,1,E01015251,0
Unvalidated,2024501457808,2024,501457808,1,9,0,18,1,5,0,0,2,0,2,3,1,1,5,1,19,4,-1,-1,-1,-1,6,3,E01029219,0
Unvalidated,2024501457899,2024,501457899,1,1,0,3,3,7,4,1,0,0,0,0,1,1,2,1,39,7,-1,-1,-1,-1,8,2,E01020190,0
Unvalidated,2024501457899,2024,501457899,2,9,0,7,3,7,4,1,0,0,0,0,4,1,6,2,48,8,-1,-1,-1,-1,10,1,E01015131,0
Unvalidated,2024501458023,2024,501458023,1,9,0,18,6,2,0,4,0,0,0,0,1,1,2,2,46,8,-1,-1,-1,-1,5,3,E01020143,0
Unvalidated,2024501458023,2024,501458023,2,5,0,18,4,8,0,3,0,0,0,0,2,1,6,2,40,7,-1,-1,-1,-1,2,3,E01015190,0
Unvalidated,2024501458043,2024,501458043,1,9,0,18,2,6,0,0,0,0,0,0,1,1,5,1,47,8,-1,-1,-1,-1,2,1,E01020141,0
Unvalidated,2024501458043,2024,501458043,2,1,0,11,6,2,0,0,0,0,0,0,1,1,2,2,50,8,-1,-1,-1,-1,3,1,E01020104,0
Unvalidated,2024501458119,2024,501458119,1,21,0,18,5,1,0,0,0,0,0,0,0,2,1,1,65,9,-1,-1,-1,-1,4,3,E01019071,0
Unvalidated,2024501458119,2024,501458119,2,2,0,18,1,5,0,0,5,0,0,0,1,1,2,1,56,9,-1,-1,-1,-1,3,1,E01015094,0
Unvalidated,2024501458124,2024,501458124,1,9,0,4,2,6,0,0,0,0,0,0,1,1,6,1,35,6,-1,-1,-1,-1,6,1,E01019023,0
Unvalidated,2024501458124,2024,501458124,2,9,0,4,2,6,0,0,0,0,0,0,2,1,6,2,53,8,-1,-1,-1,-1,3,1,E01019051,0
Unvalidated,2024501458128,2024,501458128,1,1,0,18,7,3,0,1,2,0,0,0,1,1,5,1,43,7,-1,-1,-1,-1,-1,-1,-1,0
Unvalidated,2024501458128,2024,501458128,2,9,0,9,1,7,0,1,0,0,0,0,3,1,6,1,66,10,-1,-1,-1,-1,7,2,E01019899,0
Unvalidated,2024501458175,2024,501458175,1,1,0,18,2,6,0,6,5,0,0,0,9,1,6,1,14,3,-1,-1,-1,-1,9,1,E01015034,0
Unvalidated,2024501458175,2024,501458175,2,9,0,4,8,4,0,1,0,0,0,0,4,1,2,1,38,7,-1,-1,-1,-1,5,1,E01015163,0
Unvalidated,2024501458476,2024,501458476,1,1,0,18,7,3,0,1,0,0,0,0,0,1,3,1,56,9,-1,-1,-1,-1,3,1,E01020079,0
Unvalidated,2024501458476,2024,501458476,2,9,0,15,3,7,0,2,0,0,0,0,0,1,6,2,24,5,-1,-1,-1,-1,7,3,E01019960,0
Unvalidated,2024501458563,2024,501458563,1,9,0,18,8,3,0,0,0,0,1,10,1,1,6,1,22,5,-1,-1,-1,-1,5,3,E01020324,0
Unvalidated,2024501458590,2024,501458590,1,9,0,18,1,5,0,0,0,0,0,0,1,1,6,1,28,6,-1,-1,-1,-1,5,1,E01020123,0
Unvalidated,2024501458590,2024,501458590,2,17,0,18,1,5,0,0,0,0,0,0,2,2,1,1,57,9,-1,-1,-1,-1,5,3,E01020308,0
Unvalidated,2024501458590,2024,501458590,3,9,0,18,5,1,0,0,0,0,1,0,1,1,6,2,18,4,-1,-1,-1,-1,5,3,E01020088,0
Unvalidated,2024501458599,2024,501458599,1,9,0,16,3,7,0,0,0,0,0,0,1,1,6,1,19,4,-1,-1,-1,-1,1,1,E01020094,0
Unvalidated,2024501458730,2024,501458730,1,9,0,16,7,3,0,4,0,10,7,1,1,1,6,1,46,8,-1,-1,-1,-1,6,2,E01020195,0
Unvalidated,2024501458730,2024,501458730,2,9,0,18,3,7,0,8,0,0,0,0,2,1,6,1,38,7,-1,-1,-1,-1,7,1,E01020219,0
Unvalidated,2024501458797,2024,501458797,1,9,0,17,3,7,0,2,5,0,1,10,1,1,5,1,79,11,-1,-1,-1,-1,5,3,E01020301,0
Unvalidated,2024501458804,2024,501458804,1,9,0,18,1,5,0,0,0,0,0,0,1,1,6,1,31,6,-1,-1,-1,-1,6,1,E01032091,0
Unvalidated,2024501458804,2024,501458804,2,19,0,18,1,5,0,0,0,0,0,0,3,1,5,1,43,7,-1,-1,-1,-1,4,1,E01019972,0
Unvalidated,2024501458804,2024,501458804,3,9,0,18,1,5,0,0,0,0,0,0,1,1,5,1,55,8,-1,-1,-1,-1,6,2,E01020223,0
Unvalidated,2024501458830,2024,501458830,1,9,0,18,6,7,0,0,0,0,0,0,4,1,6,2,19,4,-1,-1,-1,-1,6,1,E01019014,0
Unvalidated,2024501459070,2024,501459070,1,9,0,18,1,5,0,1,0,0,0,0,1,1,5,1,38,7,-1,-1,-1,-1,6,1,E01019003,0
Unvalidated,2024501459070,2024,501459070,2,9,0,3,1,5,0,1,0,0,0,0,2,1,6,1,69,10,-1,-1,-1,-1,2,1,E01018999,0
Unvalidated,2024501459091,2024,501459091,1,9,0,18,6,2,0,0,0,6,7,7,1,1,5,1,52,8,-1,-1,-1,-1,3,1,E01001747,0
Unvalidated,2024501459106,2024,501459106,1,9,0,18,1,5,0,0,0,0,0,0,1,1,5,1,63,9,-1,-1,-1,-1,-1,-1,-1,0
Unvalidated,2024501459106,2024,501459106,2,9,0,18,5,1,0,0,0,0,0,0,1,1,5,2,43,7,-1,-1,-1,-1,5,2,E01018947,0
Unvalidated,2024501459129,2024,501459129,1,9,0,17,7,3,0,0,0,0,1,0,1,1,5,2,54,8,-1,-1,-1,-1,10,1,E01010176,0
Unvalidated,2024501459223,2024,501459223,1,9,0,5,8,6,0,6,0,0,0,0,1,1,5,1,48,8,-1,-1,-1,-1,4,1,E01019073,0
Unvalidated,2024501459223,2024,501459223,2,9,0,18,6,2,0,1,1,0,7,0,4,1,5,2,18,4,-1,-1,-1,-1,-1,-1,-1,0
Unvalidated,2024501459307,2024,501459307,1,9,0,18,1,5,0,1,0,0,0,0,1,1,6,2,51,8,-1,-1,-1,-1,3,1,E01020048,0
Unvalidated,2024501459307,2024,501459307,2,1,0,18,1,5,0,1,0,0,0,0,1,1,5,1,47,8,-1,-1,-1,-1,6,3,E01020059,0
Unvalidated,2024501459490,2024,501459490,1,9,4,18,5,1,0,0,5,0,7,0,1,1,1,1,51,8,-1,-1,-1,-1,6,3,E01020188,0
Unvalidated,2024501459490,2024,501459490,2,97,0,13,1,5,0,0,0,0,0,0,0,1,6,3,50,8,-1,-1,-1,-1,-1,-1,-1,0
Unvalidated,2024501459509,2024,501459509,1,9,0,18,-1,-1,0,1,0,0,0,0,4,1,5,2,64,9,-1,-1,-1,-1,1,1,E01015088,0
Unvalidated,2024501459536,2024,501459536,1,3,0,18,3,7,0,1,1,0,0,0,1,1,2,1,17,4,-1,-1,-1,-1,6,2,E01019888,0
Unvalidated,2024501459536,2024,501459536,2,23,0,9,7,3,0,1,0,0,0,0,1,1,2,2,53,8,-1,-1,-1,-1,5,2,E01019947,0