status,collision_index,collision_year,collision_reference,vehicle_reference,vehicle_type,towing_and_articulation,vehicle_manoeuvre,vehicle_direction_from,vehicle_direction_to,vehicle_location_restricted_lane,junction_location,skidding_and_overturning,hit_object_in_carriageway,vehicle_leaving_carriageway,hit_object_off_carriageway,first_point_of_impact,vehicle_left_hand_drive,journey_purpose_of_driver,sex_of_driver,age_of_driver,age_band_of_driver,engine_capacity_cc,propulsion_code,age_of_vehicle,generic_make_model,driver_imd_decile,driver_home_area_type,lsoa_of_driver,escooter_flag
Unvalidated,2024501459612,2024,501459612,1,3,0,17,4,8,0,0,5,0,1,0,4,1,5,1,79,11,-1,-1,-1,-1,4,1,E01018914,0
Unvalidated,2024501459614,2024,501459614,1,9,0,18,4,8,0,0,1,0,5,6,1,1,5,1,26,6,-1,-1,-1,-1,2,2,E01018771,0
Unvalidated,2024501459614,2024,501459614,2,9,0,5,4,8,0,0,1,0,1,10,3,2,5,2,71,10,-1,-1,-1,-1,-1,-1,-1,0
Unvalidated,2024501459670,2024,501459670,1,9,0,4,1,5,0,2,0,10,0,0,1,1,5,2,55,8,-1,-1,-1,-1,8,1,W01000917,0
Unvalidated,2024501459898,2024,501459898,1,9,0,18,3,7,0,0,0,0,0,0,1,1,2,1,34,6,-1,-1,-1,-1,7,1,E01020267,0
Unvalidated,2024501459898,2024,501459898,2,9,0,4,3,7,0,0,0,0,0,0,2,1,2,2,52,8,-1,-1,-1,-1,10,2,E01020222,0
Unvalidated,2024501459915,2024,501459915,1,9,0,2,0,0,0,0,0,0,0,0,2,1,6,2,42,7,-1,-1,-1,-1,3,1,E01015084,0
Unvalidated,2024501459915,2024,501459915,2,9,0,4,4,8,0,0,0,0,0,0,1,1,6,2,67,10,-1,-1,-1,-1,3,1,E01015150,0
Unvalidated,2024501459928,2024,501459928,1,9,0,18,5,3,0,2,0,0,0,0,4,1,1,2,32,6,-1,-1,-1,-1,6,1,E01019920,0
Unvalidated,2024501459928,2024,501459928,2,4,0,18,7,3,0,1,0,0,0,0,1,1,5,1,20,4,-1,-1,-1,-1,3,1,E01014572,0
Unvalidated,2024501460040,2024,501460040,1,8,0,1,1,5,0,0,0,0,0,0,2,1,6,1,24,5,-1,-1,-1,-1,6,3,E01019011,0
Unvalidated,2024501460094,2024,501460094,1,9,0,18,1,5,0,0,0,0,0,0,4,1,6,1,76,11,-1,-1,-1,-1,9,2,E01020173,0
Unvalidated,2024501460158,2024,501460158,1,9,0,16,8,4,0,0,2,0,2,10,4,1,5,1,55,8,-1,-1,-1,-1,2,2,E01018949,0
Unvalidated,2024501460443,2024,501460443,1,19,0,18,1,5,0,0,1,0,0,0,1,1,1,1,56,9,-1,-1,-1,-1,2,2,E01018751,0
Unvalidated,2024501460443,2024,501460443,2,22,0,18,7,3,0,0,5,0,0,0,1,1,6,2,57,9,-1,-1,-1,-1,4,1,E01020334,0
Unvalidated,2024501460502,2024,501460502,1,9,0,18,3,7,0,8,0,0,3,1,1,1,6,1,19,4,-1,-1,-1,-1,3,1,E01020067,0
Unvalidated,2024501460502,2024,501460502,2,9,0,18,5,1,0,8,0,0,3,0,4,1,6,2,74,10,-1,-1,-1,-1,6,3,E01020063,0
Unvalidated,2024501460520,2024,501460520,1,5,0,15,5,1,0,0,0,0,7,0,4,1,5,1,65,9,-1,-1,-1,-1,8,1,E01019921,0
Unvalidated,2024501460520,2024,501460520,2,19,0,9,5,1,0,0,0,0,0,0,3,1,1,1,38,7,-1,-1,-1,-1,8,1,E01020035,0
Unvalidated,2024501460581,2024,501460581,1,9,0,18,7,3,0,0,1,0,0,0,1,1,5,1,25,5,-1,-1,-1,-1,3,1,E01009220,0
Unvalidated,2024501460581,2024,501460581,2,9,0,18,7,3,0,0,0,0,0,0,2,1,5,1,29,6,-1,-1,-1,-1,5,3,E01018921,0
Unvalidated,2024501460581,2024,501460581,3,9,0,18,7,3,0,0,0,0,0,0,2,1,5,1,42,7,-1,-1,-1,-1,7,1,E01018899,0
Unvalidated,2024501460581,2024,501460581,4,9,0,18,7,3,0,0,0,0,0,0,2,1,6,2,64,9,-1,-1,-1,-1,5,3,E01018921,0
Unvalidated,2024501460582,2024,501460582,1,9,0,11,3,7,0,0,0,0,0,0,2,1,5,2,38,7,-1,-1,-1,-1,8,1,E01015098,0
Unvalidated,2024501460582,2024,501460582,2,9,0,15,3,7,0,0,0,0,0,0,1,1,6,3,-1,-1,-1,-1,-1,-1,-1,-1,-1,0
Unvalidated,2024501460586,2024,501460586,1,1,0,4,7,3,0,2,0,10,1,0,3,1,2,1,18,4,-1,-1,-1,-1,2,1,E01018854,0
Unvalidated,2024501460586,2024,501460586,2,9,0,4,7,3,0,2,0,99,0,0,4,1,6,1,42,7,-1,-1,-1,-1,6,1,E01018824,0
Unvalidated,2024501460639,2024,501460639,1,3,0,18,1,5,0,0,2,0,0,0,4,1,5,1,42,7,-1,-1,-1,-1,4,2,E01018948,0
Unvalidated,2024501460664,2024,501460664,1,9,0,18,4,8,0,1,0,0,0,0,1,1,6,3,-1,-1,-1,-1,-1,-1,-1,-1,-1,0
Unvalidated,2024501460664,2024,501460664,2,9,0,3,4,8,0,1,0,0,0,0,2,1,6,2,68,10,-1,-1,-1,-1,10,1,E01020024,0
Unvalidated,2024501460683,2024,501460683,1,9,0,18,8,4,0,0,5,7,0,0,1,1,2,2,48,8,-1,-1,-1,-1,8,1,E01020035,0
Unvalidated,2024501460762,2024,501460762,1,9,0,1,1,7,99,0,0,0,0,0,2,1,6,2,37,7,-1,-1,-1,-1,9,2,E01019925,0
Unvalidated,2024501460762,2024,501460762,2,9,0,18,7,3,0,0,0,0,0,0,1,1,5,2,41,7,-1,-1,-1,-1,6,3,E01019938,0
Unvalidated,2024501460800,2024,501460800,1,3,0,13,7,3,0,8,0,0,0,0,1,1,6,1,23,5,-1,-1,-1,-1,3,3,E01018942,0
Unvalidated,2024501460800,2024,501460800,2,9,0,18,3,7,0,8,0,0,0,0,1,1,6,1,52,8,-1,-1,-1,-1,-1,-1,-1,0
Unvalidated,2024501460854,2024,501460854,1,3,0,18,5,1,0,0,2,0,0,0,3,1,1,1,29,6,-1,-1,-1,-1,4,1,E01015178,0
Unvalidated,2024501460854,2024,501460854,2,9,0,18,5,1,0,0,0,0,0,0,4,1,1,2,33,6,-1,-1,-1,-1,1,1,E01015045,0
Unvalidated,2024501460874,2024,501460874,1,4,0,13,5,1,0,0,0,0,0,0,4,1,5,1,35,6,-1,-1,-1,-1,4,1,E01018890,0
Unvalidated,2024501460931,2024,501460931,1,9,0,9,4,2,0,6,0,0,0,0,3,1,6,1,80,11,-1,-1,-1,-1,6,3,E01020295,0
Unvalidated,2024501460931,2024,501460931,2,9,0,18,2,6,0,1,0,0,0,0,1,1,6,1,35,6,-1,-1,-1,-1,5,1,E01020278,0
Unvalidated,2024501460976,2024,501460976,1,3,0,4,8,3,0,4,0,0,0,0,2,1,2,1,62,9,-1,-1,-1,-1,4,2,E01019071,0
Unvalidated,2024501460976,2024,501460976,2,9,0,99,8,3,0,4,9,0,0,0,1,1,6,1,22,5,-1,-1,-1,-1,2,1,E01015082,0
Unvalidated,2024501461000,2024,501461000,1,9,0,18,3,7,0,0,0,0,0,0,4,1,6,2,68,10,-1,-1,-1,-1,8,2,E01019890,0
Unvalidated,2024501461037,2024,501461037,1,9,0,16,2,6,0,0,0,0,2,11,3,1,5,1,19,4,-1,-1,-1,-1,5,3,E01018831,0
Unvalidated,2024501461037,2024,501461037,2,9,0,17,6,2,0,0,0,0,2,11,2,1,5,1,74,10,-1,-1,-1,-1,5,2,E01018973,0
Unvalidated,2024501461039,2024,501461039,1,9,0,18,8,5,0,0,0,0,0,0,1,1,6,2,41,7,-1,-1,-1,-1,8,1,E01033232,0
Unvalidated,2024501461050,2024,501461050,1,9,0,18,5,1,0,0,0,0,0,0,1,1,5,1,38,7,-1,-1,-1,-1,1,1,E01015088,0
Unvalidated,2024501461083,2024,501461083,1,9,0,18,2,6,0,4,0,0,0,0,1,1,2,1,42,7,-1,-1,-1,-1,3,1,E01018809,0
Unvalidated,2024501461083,2024,501461083,2,3,0,18,1,5,0,2,0,0,0,0,2,1,6,1,32,6,-1,-1,-1,-1,1,1,E01018910,0
Unvalidated,2024501461132,2024,501461132,1,9,0,18,3,7,0,0,1,0,2,11,1,1,5,1,19,4,-1,-1,-1,-1,4,3,E01020131,0
Unvalidated,2024501461223,2024,501461223,1,9,0,18,5,1,0,2,0,0,0,0,4,1,6,1,55,8,-1,-1,-1,-1,4,3,E01018778,0
Unvalidated,2024501461238,2024,501461238,1,11,0,4,2,6,2,1,0,0,0,0,1,1,1,1,50,8,-1,-1,-1,-1,4,1,E01020002,0
Unvalidated,2024501461407,2024,501461407,1,9,0,18,7,3,0,2,1,7,0,0,1,1,5,2,54,8,-1,-1,-1,-1,9,1,E01015160,0
Unvalidated,2024501461407,2024,501461407,2,9,0,18,3,7,0,1,0,0,0,0,3,1,5,1,29,6,-1,-1,-1,-1,6,1,E01015027,0
Unvalidated,2024501461407,2024,501461407,3,9,0,18,7,3,0,2,1,10,0,0,4,1,5,2,53,8,-1,-1,-1,-1,5,2,E01020177,0
Unvalidated,2024501461407,2024,501461407,4,9,0,18,7,3,0,2,0,0,0,0,3,1,5,1,24,5,-1,-1,-1,-1,1,1,E01015075,0
Unvalidated,2024501461420,2024,501461420,1,9,0,18,8,4,0,0,0,0,0,0,1,1,5,1,20,4,-1,-1,-1,-1,4,1,E01020310,0
Unvalidated,2024501461420,2024,501461420,2,9,0,4,8,4,0,0,0,0,1,0,2,1,5,2,18,4,-1,-1,-1,-1,9,2,E01020092,0
Unvalidated,2024501461425,2024,501461425,1,1,0,4,2,6,0,0,0,0,0,0,1,1,2,1,28,6,-1,-1,-1,-1,4,1,E01015268,0
Unvalidated,2024501461425,2024,501461425,2,19,0,1,2,6,0,0,0,0,0,0,2,2,6,1,31,6,-1,-1,-1,-1,8,1,E01015211,0
Unvalidated,2024501461447,2024,501461447,1,-1,0,4,4,8,0,0,0,0,0,0,2,1,6,3,10,2,-1,-1,-1,-1,-1,-1,-1,0
Unvalidated,2024501461447,2024,501461447,2,9,0,18,4,8,0,0,0,0,0,0,1,1,1,1,30,6,-1,-1,-1,-1,2,1,E01003432,0
Unvalidated,2024501461447,2024,501461447,3,9,0,18,4,8,0,0,0,0,0,0,1,1,6,1,18,4,-1,-1,-1,-1,10,2,E01019963,0
Unvalidated,2024501461652,2024,501461652,1,19,0,18,3,7,0,0,0,0,0,0,4,1,1,1,25,5,-1,-1,-1,-1,3,2,E01018937,0
Unvalidated,2024501461667,2024,501461667,1,9,0,18,2,6,0,0,5,0,7,4,1,1,5,2,82,11,-1,-1,-1,-1,6,1,E01032078,0
Unvalidated,2024501461669,2024,501461669,1,9,0,18,3,7,0,8,0,0,0,0,1,1,6,1,26,6,-1,-1,-1,-1,6,1,E01014558,0
Unvalidated,2024501461669,2024,501461669,2,9,0,3,3,7,0,1,0,0,0,0,2,1,5,1,33,6,-1,-1,-1,-1,2,1,E01018868,0
Unvalidated,2024501461678,2024,501461678,1,9,0,18,7,3,0,0,0,0,0,0,4,1,6,1,79,11,-1,-1,-1,-1,9,3,E01028649,0
Unvalidated,2024501461687,2024,501461687,1,9,0,13,1,5,0,1,0,0,0,0,4,1,5,2,53,8,-1,-1,-1,-1,7,1,E01020047,0
Unvalidated,2024501461687,2024,501461687,2,1,0,18,3,5,0,1,0,0,0,0,3,1,6,3,-1,-1,-1,-1,-1,-1,-1,-1,-1,0
Unvalidated,2024501461693,2024,501461693,1,9,0,18,7,3,0,0,0,0,0,0,3,1,6,1,61,9,-1,-1,-1,-1,5,1,E01015215,0
Unvalidated,2024501461710,2024,501461710,1,1,0,4,6,2,0,8,1,0,0,0,1,1,5,1,42,7,-1,-1,-1,-1,7,1,E01018883,0
Unvalidated,2024501461710,2024,501461710,2,9,0,5,8,5,0,8,0,0,0,0,3,1,6,1,18,4,-1,-1,-1,-1,6,1,E01023219,0
Unvalidated,2024501461776,2024,501461776,1,9,0,18,1,5,0,1,0,0,0,0,1,1,1,1,41,7,-1,-1,-1,-1,4,1,E01018876,0
Unvalidated,2024501461787,2024,501461787,1,9,0,18,6,2,9,0,1,10,1,11,1,1,6,2,47,8,-1,-1,-1,-1,-1,-1,-1,0
Unvalidated,2024501461891,2024,501461891,1,9,4,17,4,8,0,7,0,0,0,0,1,1,5,1,49,8,-1,-1,-1,-1,5,1,E01018935,0
Unvalidated,2024501461891,2024,501461891,2,9,0,16,8,4,0,1,0,0,0,0,1,1,5,1,20,4,-1,-1,-1,-1,4,3,E01018757,0
Unvalidated,2024501461939,2024,501461939,1,9,0,18,3,7,0,8,0,0,0,0,3,1,5,2,58,9,-1,-1,-1,-1,7,1,E01018889,0
Unvalidated,2024501461939,2024,501461939,2,9,0,18,5,1,0,1,0,0,0,0,1,1,5,2,24,5,-1,-1,-1,-1,4,3,E01018843,0
Unvalidated,2024501461949,2024,501461949,1,5,0,16,8,4,0,0,5,0,0,0,1,1,2,1,28,6,-1,-1,-1,-1,-1,-1,-1,0
Unvalidated,2024501461949,2024,501461949,2,9,0,17,4,8,0,0,0,0,0,0,3,1,5,1,70,10,-1,-1,-1,-1,7,1,E01019973,0
Unvalidated,2024501461998,2024,501461998,1,9,0,17,3,1,0,2,1,0,1,0,1,1,5,1,30,6,-1,-1,-1,-1,7,1,E01020219,0
Unvalidated,2024501461998,2024,501461998,2,9,0,18,1,7,0,1,0,0,0,0,3,1,5,2,20,4,-1,-1,-1,-1,2,1,E01020216,0
Unvalidated,2024501461998,2024,501461998,3,98,0,18,1,7,0,1,0,0,0,0,1,1,5,1,33,6,-1,-1,-1,-1,6,1,E01020029,0
Unvalidated,2024501462177,2024,501462177,1,9,0,18,5,1,0,8,0,0,0,0,-1,1,6,2,86,11,-1,-1,-1,-1,5,1,E01018791,0
Unvalidated,2024501462177,2024,501462177,2,9,0,18,5,1,0,8,0,0,0,0,-1,1,6,2,65,9,-1,-1,-1,-1,8,1,E01015097,0
Unvalidated,2024501462220,2024,501462220,1,9,0,18,4,8,0,0,0,0,0,0,3,1,6,3,-1,-1,-1,-1,-1,-1,-1,-1,-1,0
Unvalidated,2024501462220,2024,501462220,2,9,0,18,8,4,0,0,0,0,0,0,3,1,6,2,52,8,-1,-1,-1,-1,2,2,E01019076,0
Unvalidated,2024501462274,2024,501462274,1,9,0,9,2,8,0,8,0,0,0,0,3,1,6,1,-1,-1,-1,-1,-1,-1,1,1,E01015080,0
Unvalidated,2024501462274,2024,501462274,2,1,0,18,2,7,0,8,0,0,0,0,1,1,5,2,10,2,-1,-1,-1,-1,-1,-1,-1,0
Unvalidated,2024501462454,2024,501462454,1,9,0,18,3,7,0,8,0,0,0,0,3,1,5,1,82,11,-1,-1,-1,-1,5,3,E01018920,0
Unvalidated,2024501462454,2024,501462454,2,9,0,18,8,4,0,8,0,0,0,0,1,1,5,1,19,4,-1,-1,-1,-1,6,3,E01018752,0
Unvalidated,2024501462729,2024,501462729,1,9,0,16,2,6,0,0,0,0,0,0,1,1,5,2,61,9,-1,-1,-1,-1,5,3,E01020143,0
Unvalidated,2024501462729,2024,501462729,2,9,0,17,6,2,0,0,0,0,0,0,1,1,5,1,63,9,-1,-1,-1,-1,9,3,E01020236,0
Unvalidated,2024501462829,2024,501462829,1,1,0,9,2,6,0,1,0,0,0,0,3,1,2,2,19,4,-1,-1,-1,-1,7,2,E01020071,0
Unvalidated,2024501462829,2024,501462829,2,9,0,13,1,5,0,2,0,0,0,0,4,1,6,2,53,8,-1,-1,-1,-1,7,1,E01020047,0
Unvalidated,2024501462944,2024,501462944,1,9,0,18,5,1,0,1,0,10,3,11,1,1,5,1,77,11,-1,-1,-1,-1,8,1,E01016232,0
Unvalidated,2024501463199,2024,501463199,1,9,0,9,3,2,0,6,0,0,0,0,1,1,5,2,19,4,-1,-1,-1,-1,9,1,E01030731,0
Unvalidated,2024501463199,2024,501463199,2,9,0,18,2,6,0,1,0,0,0,0,1,1,6,1,59,9,-1,-1,-1,-1,6,2,E01022211,0
Unvalidated,2024501463247,2024,501463247,1,1,0,18,5,5,9,0,0,0,0,0,1,1,6,1,32,6,-1,-1,-1,-1,1,1,E01015153,0
Unvalidated,2024501463737,2024,501463737,1,9,0,18,7,3,0,0,0,0,0,0,1,1,6,2,31,6,-1,-1,-1,-1,6,3,E01019938,0
Unvalidated,2024501463737,2024,501463737,2,97,0,18,3,7,0,0,0,0,0,0,3,1,6,1,35,6,-1,-1,-1,-1,8,2,E01019889,0
Unvalidated,2024501463899,2024,501463899,1,19,0,5,8,2,0,6,0,0,0,0,1,1,1,1,65,9,-1,-1,-1,-1,10,1,E01029265,0
Unvalidated,2024501463899,2024,501463899,2,9,0,18,6,2,0,2,0,0,0,0,4,1,6,1,67,10,-1,-1,-1,-1,6,2,E01020533,0
Unvalidated,2024501465058,2024,501465058,1,9,0,9,3,1,0,2,1,0,0,0,1,1,5,2,70,10,-1,-1,-1,-1,5,3,E01019026,0
Unvalidated,2024501465058,2024,501465058,2,21,1,18,1,5,0,1,0,0,0,0,1,1,1,1,39,7,-1,-1,-1,-1,6,2,E01020326,0
Unvalidated,2024501465658,2024,501465658,1,9,0,5,3,7,0,7,0,0,0,0,1,1,5,1,94,11,-1,-1,-1,-1,4,3,E01020314,0
Unvalidated,2024501465658,2024,501465658,2,19,0,18,2,6,0,8,0,0,0,0,4,1,1,1,35,6,-1,-1,-1,-1,4,3,E01020322,0
Unvalidated,2024501466060,2024,501466060,1,1,0,2,-1,-1,0,0,0,0,0,0,1,1,2,2,39,7,-1,-1,-1,-1,-1,-1,-1,0
Unvalidated,2024501466060,2024,501466060,2,9,0,1,-1,-1,0,0,0,0,0,0,2,1,6,1,57,9,-1,-1,-1,-1,1,1,E01015217,0
Unvalidated,2024501466724,2024,501466724,1,9,0,18,3,1,0,8,0,0,1,0,1,1,6,1,100,11,-1,-1,-1,-1,4,3,E01020138,0
Unvalidated,2024501466745,2024,501466745,1,9,0,18,1,5,0,0,0,0,0,0,1,1,6,2,48,8,-1,-1,-1,-1,4,1,E01020271,0
Unvalidated,2024501466745,2024,501466745,2,9,0,3,1,5,0,0,0,0,0,0,2,1,6,2,43,7,-1,-1,-1,-1,8,2,E01020201,0
Unvalidated,2024501466759,2024,501466759,1,9,0,18,5,1,0,0,2,0,1,10,1,1,6,1,32,6,-1,-1,-1,-1,9,1,E01019958,0
Unvalidated,2024501467679,2024,501467679,1,4,0,12,7,3,0,0,1,0,5,6,1,1,5,1,31,6,-1,-1,-1,-1,8,1,E01020146,0
Unvalidated,2024501467679,2024,501467679,2,9,0,11,7,3,0,0,0,0,0,0,2,1,6,1,46,8,-1,-1,-1,-1,4,1,E01015031,0
Unvalidated,2024501467943,2024,501467943,1,3,0,18,5,1,0,0,0,0,0,0,1,1,6,1,18,4,-1,-1,-1,-1,3,1,E01015206,0
Unvalidated,2024501467943,2024,501467943,2,19,0,18,5,1,0,0,0,0,0,0,2,1,2,1,45,7,-1,-1,-1,-1,7,2,E01020249,0
Unvalidated,2024501468597,2024,501468597,1,9,0,-1,-1,-1,-1,4,-1,-1,-1,-1,3,1,6,2,37,7,-1,-1,-1,-1,9,1,E01015105,0
Unvalidated,2024501468597,2024,501468597,2,3,0,5,1,1,0,4,1,0,0,0,1,1,5,1,19,4,-1,-1,-1,-1,1,1,E01015149,0
Unvalidated,2024501468645,2024,501468645,1,9,0,18,5,1,0,0,0,0,0,0,1,1,6,2,69,10,-1,-1,-1,-1,2,3,E01015190,0
Unvalidated,2024501468645,2024,501468645,2,9,0,18,5,1,0,0,0,0,0,0,2,1,6,1,36,7,-1,-1,-1,-1,3,1,E01015245,0
Unvalidated,2024501468690,2024,501468690,1,2,0,18,5,1,0,1,1,4,0,0,1,1,6,1,16,4,-1,-1,-1,-1,8,1,E01018811,0
Unvalidated,2024501468690,2024,501468690,2,9,0,2,0,0,0,2,0,0,0,0,4,1,6,3,-1,-1,-1,-1,-1,-1,-1,-1,-1,0
Unvalidated,2024501469599,2024,501469599,1,9,0,18,3,6,0,0,0,0,0,0,1,1,6,1,66,10,-1,-1,-1,-1,5,2,E01020050,0
Unvalidated,2024501469599,2024,501469599,2,98,0,18,3,6,0,0,0,0,0,0,2,1,6,1,59,9,-1,-1,-1,-1,2,1,E01024397,0
Unvalidated,2024501470035,2024,501470035,1,9,0,18,2,6,0,0,0,4,1,0,1,1,5,1,17,4,-1,-1,-1,-1,4,2,E01020180,0
Unvalidated,2024501470035,2024,501470035,2,9,0,2,0,0,0,0,0,0,0,0,4,1,6,3,-1,-1,-1,-1,-1,-1,-1,-1,-1,0
Unvalidated,2024501470602,2024,501470602,1,11,0,18,3,7,0,2,0,0,0,0,1,1,1,1,54,8,-1,-1,-1,-1,4,1,E01020279,0
Unvalidated,2024501470602,2024,501470602,2,9,0,3,3,7,0,2,0,0,0,0,2,1,5,2,19,4,-1,-1,-1,-1,4,1,E01020279,0
Unvalidated,2024501470625,2024,501470625,1,9,0,18,2,6,0,0,0,0,0,0,1,1,6,2,20,4,-1,-1,-1,-1,8,1,E01015114,0
Unvalidated,2024501470625,2024,501470625,2,9,0,18,6,2,0,0,0,0,0,0,1,1,6,2,56,9,-1,-1,-1,-1,9,1,E01015067,0
Unvalidated,2024501470632,2024,501470632,1,9,0,18,8,4,0,0,5,4,0,0,4,1,6,1,74,10,-1,-1,-1,-1,5,2,E01018975,0
Unvalidated,2024501470632,2024,501470632,2,9,0,2,0,0,0,0,0,0,0,0,3,1,6,1,54,8,-1,-1,-1,-1,9,3,E01032034,0
Unvalidated,2024501470649,2024,501470649,1,9,0,18,3,1,0,0,0,0,0,0,1,1,6,1,47,8,-1,-1,-1,-1,7,1,E01018795,0
Unvalidated,2024501470649,2024,501470649,2,90,0,4,3,1,0,0,0,0,0,0,2,1,6,1,63,9,-1,-1,-1,-1,4,3,E01018781,0
Unvalidated,2024501470649,2024,501470649,3,9,0,4,3,1,0,0,0,0,0,0,2,1,6,2,35,6,-1,-1,-1,-1,3,3,E01018762,0
Unvalidated,2024501470659,2024,501470659,1,9,0,18,3,7,0,0,1,0,0,0,4,1,1,1,36,7,-1,-1,-1,-1,6,3,E01019893,0
Unvalidated,2024501470659,2024,501470659,2,90,0,18,4,2,0,0,0,0,0,0,1,1,5,2,10,2,-1,-1,-1,-1,7,3,E01019892,1
Unvalidated,2024501470673,2024,501470673,1,9,0,18,2,6,0,0,2,0,2,4,4,1,6,1,43,7,-1,-1,-1,-1,6,1,E01024848,0
Unvalidated,2024501470691,2024,501470691,1,9,0,18,6,2,0,0,5,0,8,0,1,1,6,1,21,5,-1,-1,-1,-1,10,1,E01023187,0
Unvalidated,2024501470825,2024,501470825,1,1,0,5,5,1,0,0,0,0,0,0,1,1,5,1,10,2,-1,-1,-1,-1,2,1,E01015086,0
Unvalidated,2024501470825,2024,501470825,2,9,0,18,1,3,0,0,0,0,0,0,3,1,5,1,32,6,-1,-1,-1,-1,9,1,E01015141,0
Unvalidated,2024501470991,2024,501470991,1,9,0,16,2,6,0,0,0,0,0,0,1,1,5,2,31,6,-1,-1,-1,-1,2,1,E01015234,0
Unvalidated,2024501470991,2024,501470991,2,9,0,17,6,2,0,0,0,0,0,0,1,1,5,2,25,5,-1,-1,-1,-1,2,1,E01015259,0
Unvalidated,2024501471035,2024,501471035,1,9,0,18,5,1,0,0,0,0,0,0,4,1,2,1,52,8,-1,-1,-1,-1,10,1,E01022709,0
Unvalidated,2024501471415,2024,501471415,1,9,0,9,4,4,0,0,0,0,0,0,1,1,5,2,37,7,-1,-1,-1,-1,3,1,E01015159,0
Unvalidated,2024501471452,2024,501471452,1,9,0,11,7,1,0,6,0,0,0,0,1,1,5,1,56,9,-1,-1,-1,-1,1,1,E01015045,0
Unvalidated,2024501471452,2024,501471452,2,9,0,18,5,1,0,8,0,0,0,0,1,1,5,1,78,11,-1,-1,-1,-1,3,1,E01015159,0
Unvalidated,2024501471479,2024,501471479,1,97,0,18,1,5,0,8,1,7,0,0,1,1,6,1,54,8,-1,-1,-1,-1,3,1,E01029175,0
Unvalidated,2024501471514,2024,501471514,1,4,0,13,7,3,0,1,2,0,0,0,1,1,6,1,20,4,-1,-1,-1,-1,3,1,E01020225,0
Unvalidated,2024501471514,2024,501471514,2,9,0,9,3,1,0,1,0,0,0,0,1,1,6,1,-1,-1,-1,-1,-1,-1,1,1,E01009889,0
Unvalidated,2024501471538,2024,501471538,1,9,0,10,7,5,0,2,0,0,0,0,1,1,2,1,49,8,-1,-1,-1,-1,10,1,E01020004,0
Unvalidated,2024501471538,2024,501471538,2,9,0,18,1,5,0,8,0,0,0,0,3,1,5,2,36,7,-1,-1,-1,-1,3,1,E01015209,0
Unvalidated,2024501471571,2024,501471571,1,9,0,18,1,5,0,0,0,0,0,0,1,1,5,2,57,9,-1,-1,-1,-1,6,1,E01015244,0
Unvalidated,2024501471571,2024,501471571,2,9,0,12,5,1,0,0,0,0,0,0,1,1,6,2,39,7,-1,-1,-1,-1,5,1,E01015191,0
Unvalidated,2024501471917,2024,501471917,1,21,0,18,3,7,0,0,0,0,0,0,1,1,1,1,51,8,-1,-1,-1,-1,2,1,E01010239,0
Unvalidated,2024501471917,2024,501471917,2,9,0,18,7,3,0,0,0,0,0,0,1,1,5,1,45,7,-1,-1,-1,-1,8,1,E01015111,0
Unvalidated,2024501472272,2024,501472272,1,9,0,18,2,6,0,0,0,0,0,0,4,1,6,1,74,10,-1,-1,-1,-1,3,1,E01020005,0
Unvalidated,2024501472272,2024,501472272,2,1,0,18,2,6,0,0,0,0,1,0,3,1,1,1,27,6,-1,-1,-1,-1,2,1,E01020014,0
Unvalidated,2024501473473,2024,501473473,1,9,0,18,1,5,0,0,0,0,0,0,4,1,5,2,49,8,-1,-1,-1,-1,2,1,E01020037,0
Unvalidated,2024501473732,2024,501473732,1,11,0,5,6,2,2,2,0,0,0,0,1,1,1,1,61,9,-1,-1,-1,-1,2,1,E01019990,0
Unvalidated,2024501481700,2024,501481700,1,9,0,17,6,2,0,0,1,0,0,0,1,1,6,2,28,6,-1,-1,-1,-1,-1,-1,-1,0
Unvalidated,2024501481700,2024,501481700,2,9,0,16,2,6,0,0,1,0,0,0,1,1,6,2,58,9,-1,-1,-1,-1,6,1,E01020161,0
Unvalidated,2024501482214,2024,501482214,1,3,0,13,5,1,0,0,1,11,1,10,3,1,6,2,17,4,-1,-1,-1,-1,3,1,E01015248,0
Unvalidated,2024501482214,2024,501482214,2,3,0,13,5,1,0,0,1,11,0,0,3,1,6,1,19,4,-1,-1,-1,-1,5,1,E01015225,0
Unvalidated,2024501484814,2024,501484814,1,8,0,18,3,7,0,0,0,0,0,0,3,1,2,1,49,8,-1,-1,-1,-1,3,1,E01019914,0
Unvalidated,2024501484814,2024,501484814,2,9,0,18,7,3,0,0,0,0,0,0,4,1,5,2,45,7,-1,-1,-1,-1,9,2,E01019939,0
Unvalidated,2024501486774,2024,501486774,1,9,0,18,7,3,0,8,1,0,0,0,1,1,6,1,26,6,-1,-1,-1,-1,5,3,E01020182,0
Unvalidated,2024501486774,2024,501486774,2,9,0,18,1,5,0,8,1,0,0,0,3,1,6,2,18,4,-1,-1,-1,-1,6,3,E01022227,0
Unvalidated,2024501486809,2024,501486809,1,9,0,-1,7,3,-1,0,0,0,7,1,3,1,-1,1,77,11,-1,-1,-1,-1,5,2,E01019886,0