status,collision_index,collision_year,collision_reference,vehicle_reference,vehicle_type,towing_and_articulation,vehicle_manoeuvre,vehicle_direction_from,vehicle_direction_to,vehicle_location_restricted_lane,junction_location,skidding_and_overturning,hit_object_in_carriageway,vehicle_leaving_carriageway,hit_object_off_carriageway,first_point_of_impact,vehicle_left_hand_drive,journey_purpose_of_driver,sex_of_driver,age_of_driver,age_band_of_driver,engine_capacity_cc,propulsion_code,age_of_vehicle,generic_make_model,driver_imd_decile,driver_home_area_type,lsoa_of_driver,escooter_flag
Unvalidated,2024501486849,2024,501486849,1,9,0,1,1,5,0,5,0,0,0,0,2,1,6,2,39,7,-1,-1,-1,-1,8,1,E01015119,0
Unvalidated,2024501486849,2024,501486849,2,4,0,4,1,5,0,5,0,0,0,0,1,1,1,1,22,5,-1,-1,-1,-1,1,1,E01015043,0
Unvalidated,2024501487053,2024,501487053,1,4,0,13,5,1,0,1,0,0,0,0,1,1,6,1,21,5,-1,-1,-1,-1,6,3,E01020188,0
Unvalidated,2024501487053,2024,501487053,2,98,0,9,5,1,0,1,0,0,0,0,2,1,1,1,60,9,-1,-1,-1,-1,5,3,E01020147,0
Unvalidated,2024501490633,2024,501490633,1,9,0,18,1,5,0,0,5,0,0,0,1,1,6,2,38,7,-1,-1,-1,-1,2,1,E01015262,0
Unvalidated,2024501491013,2024,501491013,1,9,0,12,1,5,0,7,1,0,0,0,1,1,6,1,72,10,-1,-1,-1,-1,2,1,E01015158,0
Unvalidated,2024501491013,2024,501491013,2,21,1,18,1,5,0,2,0,0,0,0,2,1,1,1,49,8,-1,-1,-1,-1,4,3,E01018759,0
Unvalidated,2024501491294,2024,501491294,1,9,0,18,4,8,0,0,0,0,0,0,3,1,2,1,43,7,-1,-1,-1,-1,4,1,E01019073,0
Unvalidated,2024501491294,2024,501491294,2,9,0,18,4,8,0,0,0,0,0,0,3,1,5,1,37,7,-1,-1,-1,-1,4,3,E01018825,0
Unvalidated,2024501491309,2024,501491309,1,9,0,4,7,3,0,0,0,0,0,0,-1,1,6,2,38,7,-1,-1,-1,-1,4,1,E01015077,0
Unvalidated,2024501491309,2024,501491309,2,9,0,4,7,3,0,0,1,0,0,0,1,1,2,1,27,6,-1,-1,-1,-1,9,2,E01019965,0
Unvalidated,2024501491319,2024,501491319,1,19,0,18,7,3,0,0,0,0,0,0,1,1,1,1,24,5,-1,-1,-1,-1,4,1,E01020017,0
Unvalidated,2024501491319,2024,501491319,2,9,0,18,7,3,0,0,0,0,0,0,2,1,6,2,19,4,-1,-1,-1,-1,2,1,E01015192,0
Unvalidated,2024501492301,2024,501492301,1,9,0,18,3,7,0,0,5,0,2,0,1,1,6,2,32,6,-1,-1,-1,-1,4,2,E01018972,0
Unvalidated,2024501492341,2024,501492341,1,9,0,18,1,5,0,0,0,0,0,0,1,1,6,2,62,9,-1,-1,-1,-1,4,1,E01015236,0
Unvalidated,2024501492341,2024,501492341,2,9,0,18,5,1,0,0,0,0,0,0,1,1,6,1,-1,-1,-1,-1,-1,-1,-1,-1,-1,0
Unvalidated,2024501493227,2024,501493227,1,9,0,18,2,6,0,0,0,0,0,0,1,1,6,1,40,7,-1,-1,-1,-1,4,3,E01020289,0
Unvalidated,2024501493227,2024,501493227,2,9,0,18,6,2,0,0,0,0,0,0,1,1,6,1,48,8,-1,-1,-1,-1,4,3,E01020321,0
Unvalidated,2024501493456,2024,501493456,1,9,0,9,1,7,0,0,0,0,0,0,1,1,6,1,86,11,-1,-1,-1,-1,5,1,E01032068,0
Unvalidated,2024501493456,2024,501493456,2,9,0,18,7,3,0,0,1,0,7,0,1,1,6,2,25,5,-1,-1,-1,-1,4,1,E01025666,0
Unvalidated,2024501495117,2024,501495117,1,9,0,18,6,2,0,1,1,0,0,0,1,1,3,1,21,5,-1,-1,-1,-1,5,2,E01018960,0
Unvalidated,2024501495117,2024,501495117,2,9,0,9,6,3,0,1,0,0,0,0,2,1,2,2,31,6,-1,-1,-1,-1,3,3,E01019053,0
Unvalidated,2024501495170,2024,501495170,1,9,0,18,4,8,0,3,0,0,3,0,2,1,6,1,66,10,-1,-1,-1,-1,10,2,E01018690,0
Unvalidated,2024501495170,2024,501495170,2,3,0,18,4,8,6,3,0,0,3,0,1,1,6,1,19,4,-1,-1,-1,-1,1,1,E01015149,0
Unvalidated,2024501495170,2024,501495170,3,9,-1,-1,-1,-1,6,3,0,0,3,0,-1,1,6,3,-1,-1,-1,-1,-1,-1,-1,-1,-1,0
Unvalidated,2024501495338,2024,501495338,1,9,0,18,5,1,0,0,1,12,0,0,1,1,6,2,26,6,-1,-1,-1,-1,3,1,E01015159,0
Unvalidated,2024501495338,2024,501495338,2,9,0,18,5,1,0,0,0,0,0,0,1,1,6,2,27,6,-1,-1,-1,-1,-1,-1,-1,0
Unvalidated,2024501495408,2024,501495408,1,9,0,18,3,5,0,0,0,0,0,0,3,1,6,1,58,9,-1,-1,-1,-1,2,1,E01015023,0
Unvalidated,2024501495408,2024,501495408,2,90,0,18,5,1,0,0,0,0,0,0,1,1,1,1,57,9,-1,-1,-1,-1,5,2,E01018798,0
Unvalidated,2024501495569,2024,501495569,1,9,0,18,3,7,0,0,5,0,2,0,1,1,6,2,79,11,-1,-1,-1,-1,5,3,E01018904,0
Unvalidated,2024501495888,2024,501495888,1,9,0,16,1,5,9,1,0,0,7,0,1,1,5,1,100,11,-1,-1,-1,-1,4,3,E01020138,0
Unvalidated,2024501498786,2024,501498786,1,5,0,5,5,1,6,1,2,0,0,0,4,1,5,1,28,6,-1,-1,-1,-1,9,3,E01019939,0
Unvalidated,2024520000561,2024,520000561,1,9,0,3,2,6,0,0,0,0,0,0,2,1,6,2,21,5,-1,-1,-1,-1,5,1,E01014372,0
Unvalidated,2024520000561,2024,520000561,2,9,0,18,2,6,0,0,0,0,0,0,1,1,6,3,-1,-1,-1,-1,-1,-1,-1,-1,-1,0
Unvalidated,2024520000784,2024,520000784,1,9,0,18,5,1,0,1,0,0,0,0,1,1,6,1,27,6,-1,-1,-1,-1,9,1,E01032052,0
Unvalidated,2024520000784,2024,520000784,2,9,0,4,5,1,0,1,0,0,0,0,2,1,6,1,26,6,-1,-1,-1,-1,5,3,E01029053,0
Unvalidated,2024520000784,2024,520000784,3,9,0,3,5,1,0,1,0,0,0,0,2,1,6,1,62,9,-1,-1,-1,-1,3,1,E01029038,0
Unvalidated,2024520000784,2024,520000784,4,9,0,10,5,3,0,1,0,0,0,0,2,1,6,2,46,8,-1,-1,-1,-1,6,1,E01032114,0
Unvalidated,2024520001109,2024,520001109,1,9,0,18,6,2,0,0,0,0,0,0,2,1,6,2,20,4,-1,-1,-1,-1,6,1,E01015002,0
Unvalidated,2024520001109,2024,520001109,2,20,0,18,6,2,0,0,0,0,0,0,1,1,1,1,23,5,-1,-1,-1,-1,7,1,E01005819,0
Unvalidated,2024520001111,2024,520001111,1,9,0,7,8,2,0,8,0,0,0,0,1,1,6,1,41,7,-1,-1,-1,-1,3,1,E01029038,0
Unvalidated,2024520001111,2024,520001111,2,5,0,18,4,2,0,8,0,0,0,0,4,1,6,1,46,8,-1,-1,-1,-1,6,1,E01014471,0
Unvalidated,2024520001112,2024,520001112,1,9,0,18,3,7,0,0,0,0,0,0,1,1,6,2,18,4,-1,-1,-1,-1,10,1,E01014397,0
Unvalidated,2024520001112,2024,520001112,2,9,0,18,7,3,0,0,0,0,0,0,1,1,6,3,-1,-1,-1,-1,-1,-1,-1,-1,-1,0
Unvalidated,2024520001119,2024,520001119,1,9,0,18,2,6,0,0,0,0,0,0,1,1,6,1,46,8,-1,-1,-1,-1,5,1,E01031898,0
Unvalidated,2024520001119,2024,520001119,2,19,0,18,6,2,0,0,0,0,0,0,1,1,6,1,60,9,-1,-1,-1,-1,6,1,E01014917,0
Unvalidated,2024520001120,2024,520001120,1,9,0,18,5,1,0,0,0,10,0,0,4,1,6,2,42,7,-1,-1,-1,-1,-1,-1,-1,0
Unvalidated,2024520001120,2024,520001120,2,9,0,4,5,1,0,0,0,0,0,0,2,1,6,1,37,7,-1,-1,-1,-1,8,3,E01033078,0
Unvalidated,2024520001120,2024,520001120,3,9,0,4,5,1,0,0,1,0,0,0,1,1,6,2,25,5,-1,-1,-1,-1,-1,-1,-1,0
Unvalidated,2024520001120,2024,520001120,4,9,0,18,1,5,0,0,0,0,0,0,1,1,6,2,25,5,-1,-1,-1,-1,5,1,E01014372,0
Unvalidated,2024520001133,2024,520001133,1,19,0,18,5,1,0,1,0,0,0,0,1,1,6,3,-1,-1,-1,-1,-1,-1,-1,-1,-1,0
Unvalidated,2024520001145,2024,520001145,1,9,0,18,8,4,0,0,0,0,1,11,1,1,6,2,18,4,-1,-1,-1,-1,6,1,E01014399,0
Unvalidated,2024520001148,2024,520001148,1,9,0,18,4,8,0,0,0,0,7,11,1,1,6,1,57,9,-1,-1,-1,-1,7,1,E01014945,0
Unvalidated,2024520001152,2024,520001152,1,9,0,18,8,5,0,8,0,0,0,0,3,1,6,2,28,6,-1,-1,-1,-1,10,2,E01014460,0
Unvalidated,2024520001152,2024,520001152,2,9,0,18,5,2,0,8,0,0,0,0,1,1,6,1,19,4,-1,-1,-1,-1,8,3,E01014391,0
Unvalidated,2024520001179,2024,520001179,1,19,0,14,5,1,0,1,0,0,0,0,1,1,6,1,47,8,-1,-1,-1,-1,5,1,E01014537,0
Unvalidated,2024520001179,2024,520001179,2,19,0,18,1,5,0,1,0,0,0,0,1,1,6,1,45,7,-1,-1,-1,-1,7,1,E01014423,0
Unvalidated,2024520001192,2024,520001192,1,3,0,18,7,3,0,0,0,0,0,0,0,1,6,3,-1,-1,-1,-1,-1,-1,-1,-1,-1,0
Unvalidated,2024520001205,2024,520001205,1,9,0,18,1,5,0,0,0,0,7,10,1,1,6,1,37,7,-1,-1,-1,-1,10,2,E01014393,0
Unvalidated,2024520001205,2024,520001205,2,9,0,18,5,1,0,0,0,0,1,4,1,1,6,1,66,10,-1,-1,-1,-1,6,1,E01014399,0
Unvalidated,2024520001205,2024,520001205,3,9,0,18,5,1,0,0,0,0,0,0,1,1,6,2,24,5,-1,-1,-1,-1,1,1,E01014594,0
Unvalidated,2024520001237,2024,520001237,1,19,0,18,5,1,0,0,0,0,0,0,1,1,6,1,75,10,-1,-1,-1,-1,10,1,E01014397,0
Unvalidated,2024520001237,2024,520001237,2,9,0,18,1,5,0,0,0,0,0,0,1,1,6,3,-1,-1,-1,-1,-1,-1,-1,-1,-1,0
Unvalidated,2024520001238,2024,520001238,1,9,0,3,7,3,0,8,0,0,0,0,9,1,6,2,45,7,-1,-1,-1,-1,5,1,E01014455,0
Unvalidated,2024520001238,2024,520001238,2,9,0,18,9,9,0,8,0,0,0,0,9,1,6,3,-1,-1,-1,-1,-1,-1,-1,-1,-1,0
Unvalidated,2024520001246,2024,520001246,1,9,0,13,3,7,0,2,0,0,0,0,4,1,6,2,94,11,-1,-1,-1,-1,8,1,E01014427,0
Unvalidated,2024520001246,2024,520001246,2,1,0,18,3,7,0,2,0,0,0,0,3,1,6,1,61,9,-1,-1,-1,-1,5,1,E01014371,0
Unvalidated,2024520001269,2024,520001269,1,9,0,18,5,1,0,8,0,0,0,0,1,1,6,1,47,8,-1,-1,-1,-1,4,1,E01014401,0
Unvalidated,2024520001269,2024,520001269,2,9,0,9,8,5,0,8,0,0,0,0,1,1,6,1,53,8,-1,-1,-1,-1,1,1,E01033358,0
Unvalidated,2024520001271,2024,520001271,1,9,0,18,3,7,0,0,0,0,0,0,1,1,6,2,78,11,-1,-1,-1,-1,9,2,E01014440,0
Unvalidated,2024520001271,2024,520001271,2,9,0,1,5,1,0,0,0,0,0,0,3,1,6,1,24,5,-1,-1,-1,-1,8,3,E01014391,0
Unvalidated,2024520001273,2024,520001273,1,9,0,18,1,5,0,0,5,0,1,0,1,1,6,1,18,4,-1,-1,-1,-1,8,3,E01014419,0
Unvalidated,2024520001285,2024,520001285,1,1,0,18,3,7,0,0,1,0,0,0,0,1,6,1,14,3,-1,-1,-1,-1,5,1,E01014409,0
Unvalidated,2024520001285,2024,520001285,2,9,0,18,7,3,0,0,0,0,0,0,0,1,6,2,50,8,-1,-1,-1,-1,10,1,E01014415,0
Unvalidated,2024520001299,2024,520001299,1,9,0,12,2,6,0,0,0,0,0,0,3,1,6,1,32,6,-1,-1,-1,-1,2,1,E01014458,0
Unvalidated,2024520001299,2024,520001299,2,9,0,18,2,6,0,0,0,0,0,0,4,1,6,1,30,6,-1,-1,-1,-1,2,1,E01032086,0
Unvalidated,2024520001310,2024,520001310,1,9,0,5,1,5,0,0,0,0,0,0,4,1,6,2,31,6,-1,-1,-1,-1,9,3,E01016303,0
Unvalidated,2024520001310,2024,520001310,2,9,0,18,1,5,0,0,0,0,0,0,3,1,6,2,60,9,-1,-1,-1,-1,9,3,E01032059,0
Unvalidated,2024520001346,2024,520001346,1,9,0,5,3,7,0,8,0,0,0,0,1,1,6,1,84,11,-1,-1,-1,-1,10,1,E01014380,0
Unvalidated,2024520001366,2024,520001366,1,9,0,6,5,5,0,0,0,0,0,0,3,1,6,1,61,9,-1,-1,-1,-1,8,1,E01014416,0
Unvalidated,2024520001366,2024,520001366,2,1,0,18,5,1,0,0,0,0,0,0,1,1,6,1,40,7,-1,-1,-1,-1,5,1,E01014431,0
Unvalidated,2024520001371,2024,520001371,1,9,0,4,1,5,0,0,0,0,0,0,2,1,6,1,20,4,-1,-1,-1,-1,2,1,E01014458,0
Unvalidated,2024520001371,2024,520001371,2,9,0,18,1,5,0,0,0,0,0,0,1,1,6,1,28,6,-1,-1,-1,-1,3,1,E01014461,0
Unvalidated,2024520001372,2024,520001372,1,9,9,99,9,9,0,1,0,0,0,0,9,9,6,3,-1,-1,-1,-1,-1,-1,-1,-1,-1,0
Unvalidated,2024520001386,2024,520001386,1,9,0,12,5,1,0,0,0,0,0,0,1,1,6,2,29,6,-1,-1,-1,-1,8,3,E01029024,0
Unvalidated,2024520001386,2024,520001386,2,9,0,18,1,5,0,0,0,0,0,0,1,1,6,1,33,6,-1,-1,-1,-1,3,1,E01029041,0
Unvalidated,2024520001392,2024,520001392,1,9,0,14,7,3,0,0,0,0,0,0,1,1,6,1,31,6,-1,-1,-1,-1,6,1,E01014707,0
Unvalidated,2024520001392,2024,520001392,2,9,0,18,3,7,0,0,0,0,0,0,1,1,3,2,56,9,-1,-1,-1,-1,6,1,E01014939,0
Unvalidated,2024520001400,2024,520001400,1,9,0,10,8,4,0,8,0,0,0,0,1,1,6,2,55,8,-1,-1,-1,-1,7,3,E01032084,0
Unvalidated,2024520001400,2024,520001400,2,9,0,18,4,8,0,8,0,0,0,0,4,1,6,1,19,4,-1,-1,-1,-1,6,3,E01029057,0
Unvalidated,2024520001407,2024,520001407,1,9,0,18,3,7,0,0,0,0,7,11,3,1,6,1,33,6,-1,-1,-1,-1,-1,-1,-1,0
Unvalidated,2024520001407,2024,520001407,2,19,0,18,7,3,0,0,0,0,0,0,3,1,6,3,-1,-1,-1,-1,-1,-1,-1,-1,-1,0
Unvalidated,2024520001415,2024,520001415,1,9,0,18,6,2,0,2,0,0,0,0,1,1,6,2,79,11,-1,-1,-1,-1,9,1,E01014411,0
Unvalidated,2024520001415,2024,520001415,2,9,0,18,6,2,0,2,0,0,0,0,2,1,6,1,71,10,-1,-1,-1,-1,10,1,E01031855,0
Unvalidated,2024520001415,2024,520001415,3,9,0,18,6,2,0,2,0,0,0,0,4,1,6,1,35,6,-1,-1,-1,-1,9,2,E01031929,0
Unvalidated,2024520001423,2024,520001423,1,9,0,18,8,4,0,8,0,0,0,0,1,1,6,1,31,6,-1,-1,-1,-1,7,1,E01032692,0
Unvalidated,2024520001423,2024,520001423,2,9,0,18,6,2,0,8,0,0,0,0,4,1,6,2,42,7,-1,-1,-1,-1,5,2,E01014439,0
Unvalidated,2024520001443,2024,520001443,1,9,0,18,3,7,0,8,0,0,0,0,1,1,6,1,58,9,-1,-1,-1,-1,8,1,E01014936,0
Unvalidated,2024520001443,2024,520001443,2,9,0,7,5,7,0,8,1,0,1,0,3,1,6,1,20,4,-1,-1,-1,-1,8,2,E01014442,0
Unvalidated,2024520001444,2024,520001444,1,10,0,4,-1,-1,0,0,0,0,0,0,1,1,6,2,39,7,-1,-1,-1,-1,8,1,E01032110,0
Unvalidated,2024520001444,2024,520001444,2,3,0,16,-1,-1,0,0,0,0,0,0,1,1,6,1,35,6,-1,-1,-1,-1,6,1,E01032114,0
Unvalidated,2024520001455,2024,520001455,1,9,0,4,5,1,0,0,0,0,0,0,2,1,6,2,20,4,-1,-1,-1,-1,5,1,E01029045,0
Unvalidated,2024520001455,2024,520001455,2,9,0,18,5,1,0,0,0,0,0,0,1,1,6,3,-1,-1,-1,-1,-1,-1,-1,-1,-1,0
Unvalidated,2024520001460,2024,520001460,1,9,0,3,7,3,0,8,0,0,0,0,2,1,6,2,25,5,-1,-1,-1,-1,8,1,E01014387,0
Unvalidated,2024520001460,2024,520001460,2,9,0,18,6,3,0,1,0,0,0,0,1,1,6,3,-1,-1,-1,-1,-1,-1,-1,-1,-1,0
Unvalidated,2024520001473,2024,520001473,1,1,0,18,1,5,0,8,0,0,0,0,9,1,6,1,45,7,-1,-1,-1,-1,6,1,E01014471,0
Unvalidated,2024520001473,2024,520001473,2,19,9,18,9,9,0,6,0,0,0,0,9,9,6,3,-1,-1,-1,-1,-1,-1,-1,-1,-1,0
Unvalidated,2024520001489,2024,520001489,1,9,0,17,-1,-1,0,0,1,0,7,11,4,1,6,1,66,10,-1,-1,-1,-1,4,1,E01014904,0
Unvalidated,2024520001497,2024,520001497,1,9,0,18,1,5,0,0,0,0,1,11,1,1,6,1,19,4,-1,-1,-1,-1,4,1,E01014450,0
Unvalidated,2024520001521,2024,520001521,1,9,0,14,3,7,0,0,0,0,0,0,1,1,6,2,54,8,-1,-1,-1,-1,2,1,E01014462,0
Unvalidated,2024520001539,2024,520001539,1,9,0,18,1,5,0,8,0,0,0,0,1,1,6,1,25,5,-1,-1,-1,-1,4,1,E01014448,0
Unvalidated,2024520001539,2024,520001539,2,9,0,18,5,1,0,8,0,0,0,0,1,1,6,1,60,9,-1,-1,-1,-1,10,1,E01020420,0
Unvalidated,2024520001543,2024,520001543,1,19,0,5,8,4,0,7,0,0,0,0,1,1,6,1,62,9,-1,-1,-1,-1,3,1,E01014948,0
Unvalidated,2024520001543,2024,520001543,2,9,0,18,5,1,0,8,0,0,0,0,1,1,6,2,65,9,-1,-1,-1,-1,6,1,E01014471,0
Unvalidated,2024520001544,2024,520001544,1,97,0,18,9,9,9,0,0,0,0,0,9,1,6,3,-1,-1,-1,-1,-1,-1,-1,-1,-1,0
Unvalidated,2024520001562,2024,520001562,1,19,0,18,6,2,0,0,0,0,0,0,1,1,6,1,64,9,-1,-1,-1,-1,9,2,E01014441,0
Unvalidated,2024520001563,2024,520001563,1,90,0,18,3,7,0,8,0,0,0,0,3,1,6,1,72,10,-1,-1,-1,-1,5,1,E01014455,0
Unvalidated,2024520001563,2024,520001563,2,11,0,18,7,3,0,8,0,0,0,0,1,1,1,1,77,11,-1,-1,-1,-1,5,3,E01029025,0
Unvalidated,2024520001577,2024,520001577,1,4,0,16,-1,-1,0,0,0,0,0,0,1,1,6,1,32,6,-1,-1,-1,-1,2,1,E01032118,0
Unvalidated,2024520001577,2024,520001577,2,19,0,18,-1,-1,0,0,0,0,0,0,1,1,6,1,32,6,-1,-1,-1,-1,8,1,E01010373,0
Unvalidated,2024520001594,2024,520001594,1,9,0,18,1,5,0,0,0,0,0,0,1,1,6,2,78,11,-1,-1,-1,-1,9,2,E01014440,0
Unvalidated,2024520001594,2024,520001594,2,9,0,18,7,3,0,0,0,0,0,0,3,1,6,3,-1,-1,-1,-1,-1,-1,-1,-1,-1,0
Unvalidated,2024520001595,2024,520001595,1,9,0,18,1,5,0,0,0,0,0,0,1,1,6,1,20,4,-1,-1,-1,-1,2,1,E01014390,0
Unvalidated,2024520001595,2024,520001595,2,9,0,18,5,1,0,0,0,0,0,0,3,1,6,2,44,7,-1,-1,-1,-1,10,1,E01014482,0
Unvalidated,2024520001617,2024,520001617,1,9,0,2,0,0,0,0,0,0,1,0,3,1,3,2,34,6,-1,-1,-1,-1,8,1,E01014475,0
Unvalidated,2024520001617,2024,520001617,2,9,0,18,3,7,0,0,0,4,0,0,4,1,6,3,-1,-1,-1,-1,-1,-1,-1,-1,-1,0
Unvalidated,2024520001632,2024,520001632,1,90,0,18,4,8,0,0,0,0,0,0,9,1,6,1,47,8,-1,-1,-1,-1,2,1,E01014536,1
Unvalidated,2024520001632,2024,520001632,2,9,9,18,9,9,0,0,0,0,0,0,9,9,6,3,-1,-1,-1,-1,-1,-1,-1,-1,-1,0
Unvalidated,2024520001634,2024,520001634,1,9,0,4,8,2,0,0,0,0,0,0,1,1,6,1,55,8,-1,-1,-1,-1,9,2,E01014441,0
Unvalidated,2024520001634,2024,520001634,2,19,0,18,8,2,0,0,0,0,0,0,1,1,6,1,45,7,-1,-1,-1,-1,9,2,E01014441,0
Unvalidated,2024520001646,2024,520001646,1,1,0,18,2,6,0,0,0,0,0,0,1,1,6,1,50,8,-1,-1,-1,-1,9,1,E01014411,0
Unvalidated,2024520001646,2024,520001646,2,9,0,18,2,6,0,0,0,0,0,0,1,1,6,2,-1,-1,-1,-1,-1,-1,4,1,E01032087,0
Unvalidated,2024520001648,2024,520001648,1,9,0,9,3,1,0,8,0,0,0,0,1,1,6,1,64,9,-1,-1,-1,-1,8,1,E01014374,0
Unvalidated,2024520001653,2024,520001653,1,9,0,7,9,9,0,1,0,0,0,0,2,1,6,2,40,7,-1,-1,-1,-1,8,2,E01014442,0
Unvalidated,2024520001653,2024,520001653,2,9,0,18,9,9,0,1,0,0,0,0,1,1,6,3,-1,-1,-1,-1,-1,-1,-1,-1,-1,0
Unvalidated,2024520001688,2024,520001688,1,9,9,18,9,9,0,8,0,0,0,0,1,9,6,3,-1,-1,-1,-1,-1,-1,-1,-1,-1,0
Unvalidated,2024520001692,2024,520001692,1,9,0,5,3,7,0,8,0,0,0,0,1,1,6,2,54,8,-1,-1,-1,-1,6,1,E01014447,0
Unvalidated,2024520001692,2024,520001692,2,1,0,9,5,3,0,8,0,0,0,0,1,1,6,1,63,9,-1,-1,-1,-1,7,1,E01014402,0
Unvalidated,2024520001693,2024,520001693,1,1,0,18,7,3,0,8,0,0,0,0,1,1,2,1,51,8,-1,-1,-1,-1,5,1,E01014426,0
Unvalidated,2024520001693,2024,520001693,2,9,0,18,5,3,0,8,0,0,0,0,1,1,6,3,-1,-1,-1,-1,-1,-1,-1,-1,-1,0
Unvalidated,2024520001722,2024,520001722,1,9,0,18,6,2,0,0,0,4,0,0,4,1,6,1,60,9,-1,-1,-1,-1,9,1,E01004053,0
Unvalidated,2024520001722,2024,520001722,2,9,0,2,0,0,0,0,0,0,0,0,3,1,6,3,-1,-1,-1,-1,-1,-1,-1,-1,-1,0
Unvalidated,2024520001753,2024,520001753,1,9,0,9,5,3,0,6,0,0,0,0,1,1,6,1,21,5,-1,-1,-1,-1,10,1,E01014479,0
Unvalidated,2024520001753,2024,520001753,2,9,0,18,3,7,0,8,0,0,0,0,4,1,6,1,67,10,-1,-1,-1,-1,3,1,E01014461,0
Unvalidated,2024520001803,2024,520001803,1,9,0,3,8,2,0,3,0,0,0,0,2,1,6,2,23,5,-1,-1,-1,-1,-1,3,-1,0
Unvalidated,2024520001803,2024,520001803,2,9,9,18,9,9,0,3,0,0,0,0,1,9,6,3,-1,-1,-1,-1,-1,-1,-1,-1,-1,0
Unvalidated,2024520001833,2024,520001833,1,11,0,18,4,8,0,0,0,11,0,0,4,1,1,1,57,9,-1,-1,-1,-1,4,1,E01014478,0
Unvalidated,2024520001834,2024,520001834,1,9,0,18,3,7,0,0,0,0,0,0,2,1,6,1,75,10,-1,-1,-1,-1,3,1,E01014730,0
Unvalidated,2024520001834,2024,520001834,2,9,0,18,3,7,0,0,0,0,0,0,1,1,6,1,41,7,-1,-1,-1,-1,5,1,E01014455,0
Unvalidated,2024520001887,2024,520001887,1,9,0,9,-1,-1,0,6,0,0,0,0,1,1,6,1,58,9,-1,-1,-1,-1,10,2,E01014453,0
Unvalidated,2024520001887,2024,520001887,2,3,0,18,-1,-1,0,1,0,0,0,0,1,1,6,1,17,4,-1,-1,-1,-1,8,3,E01014419,0
Unvalidated,2024520001958,2024,520001958,1,9,0,3,3,7,0,0,0,0,0,0,2,1,6,2,21,5,-1,-1,-1,-1,4,1,E01014450,0
Unvalidated,2024520001958,2024,520001958,2,9,0,18,3,7,0,0,0,0,0,0,1,1,6,3,-1,-1,-1,-1,-1,-1,-1,-1,-1,0
Unvalidated,2024520001959,2024,520001959,1,9,0,18,2,6,0,4,0,0,6,11,1,1,6,2,72,10,-1,-1,-1,-1,7,1,E01014483,0
Unvalidated,2024520001959,2024,520001959,2,9,0,18,2,6,0,4,0,0,0,0,2,1,6,1,76,11,-1,-1,-1,-1,9,1,E01014411,0
Unvalidated,2024520001959,2024,520001959,3,9,0,18,2,6,0,4,0,0,0,0,2,1,6,1,41,7,-1,-1,-1,-1,-1,-1,-1,0
Unvalidated,2024520001959,2024,520001959,4,9,0,18,8,4,0,1,0,0,0,0,3,1,6,2,52,8,-1,-1,-1,-1,8,1,E01014416,0
Unvalidated,2024520001969,2024,520001969,1,9,0,5,6,2,9,2,0,0,0,0,1,1,6,1,47,8,-1,-1,-1,-1,8,1,E01014472,0
Unvalidated,2024520001991,2024,520001991,1,9,0,18,4,8,0,0,0,0,0,0,1,1,6,1,48,8,-1,-1,-1,-1,8,1,E01014387,0
Unvalidated,2024520001991,2024,520001991,2,9,0,4,4,8,0,0,0,0,0,0,2,1,6,1,64,9,-1,-1,-1,-1,4,1,E01014448,0
Unvalidated,2024520002044,2024,520002044,1,9,0,7,3,5,0,8,0,0,1,2,4,1,6,2,18,4,-1,-1,-1,-1,6,3,E01029021,0
Unvalidated,2024520002044,2024,520002044,2,9,0,18,3,5,0,8,0,0,0,0,3,1,6,2,46,8,-1,-1,-1,-1,7,1,E01029033,0
Unvalidated,2024520002050,2024,520002050,1,4,0,18,3,7,0,0,0,0,0,0,1,1,6,1,22,5,-1,-1,-1,-1,3,1,E01014461,0
Unvalidated,2024520002050,2024,520002050,2,9,0,5,3,7,0,0,0,0,0,0,3,1,6,1,41,7,-1,-1,-1,-1,-1,-1,-1,0
Unvalidated,2024520002058,2024,520002058,1,9,0,18,8,4,0,8,0,0,0,0,3,1,6,2,34,6,-1,-1,-1,-1,4,2,E01014445,0
Unvalidated,2024520002058,2024,520002058,2,3,0,18,6,2,0,1,1,0,0,0,1,1,6,1,37,7,-1,-1,-1,-1,6,2,E01014459,0
Unvalidated,2024520002086,2024,520002086,1,9,0,5,4,8,0,6,0,0,0,0,1,1,6,2,38,7,-1,-1,-1,-1,8,3,E01014391,0
Unvalidated,2024520002086,2024,520002086,2,9,0,18,2,6,0,8,0,0,0,0,4,1,6,1,27,6,-1,-1,-1,-1,9,2,E01014851,0
Unvalidated,2024520002090,2024,520002090,1,9,0,18,7,3,0,1,0,0,0,0,1,1,6,1,27,6,-1,-1,-1,-1,5,1,E01014426,0
Unvalidated,2024520002090,2024,520002090,2,9,0,10,7,4,0,1,0,0,0,0,2,1,6,2,19,4,-1,-1,-1,-1,4,1,E01014469,0
Unvalidated,2024520002091,2024,520002091,1,3,0,18,1,5,0,0,0,10,0,0,2,1,6,1,65,9,-1,-1,-1,-1,3,1,E01009620,0
Unvalidated,2024520002091,2024,520002091,2,5,0,18,1,5,0,0,0,0,0,0,1,1,6,1,66,10,-1,-1,-1,-1,3,1,E01009701,0