status,collision_index,collision_year,collision_reference,vehicle_reference,vehicle_type,towing_and_articulation,vehicle_manoeuvre,vehicle_direction_from,vehicle_direction_to,vehicle_location_restricted_lane,junction_location,skidding_and_overturning,hit_object_in_carriageway,vehicle_leaving_carriageway,hit_object_off_carriageway,first_point_of_impact,vehicle_left_hand_drive,journey_purpose_of_driver,sex_of_driver,age_of_driver,age_band_of_driver,engine_capacity_cc,propulsion_code,age_of_vehicle,generic_make_model,driver_imd_decile,driver_home_area_type,lsoa_of_driver,escooter_flag
Unvalidated,2024520002119,2024,520002119,1,3,0,18,1,5,0,0,0,0,0,0,1,1,6,1,18,4,-1,-1,-1,-1,6,1,E01004626,0
Unvalidated,2024520002119,2024,520002119,2,9,0,6,1,1,0,0,0,0,0,0,3,1,6,1,19,4,-1,-1,-1,-1,8,3,E01029019,0
Unvalidated,2024520002153,2024,520002153,1,9,0,18,5,1,0,8,0,0,0,0,1,1,6,1,53,8,-1,-1,-1,-1,6,3,E01022187,0
Unvalidated,2024520002153,2024,520002153,2,9,0,9,3,1,0,8,0,0,0,0,1,1,6,2,70,10,-1,-1,-1,-1,7,1,E01014702,0
Unvalidated,2024520002195,2024,520002195,1,1,0,18,3,7,0,8,0,0,0,0,4,1,6,2,61,9,-1,-1,-1,-1,10,1,E01014410,0
Unvalidated,2024520002195,2024,520002195,2,9,0,15,3,7,0,8,0,0,0,0,3,1,6,3,-1,-1,-1,-1,-1,-1,-1,-1,-1,0
Unvalidated,2024520002203,2024,520002203,1,1,0,18,1,5,0,8,0,0,0,0,4,1,1,1,53,8,-1,-1,-1,-1,10,1,E01014376,0
Unvalidated,2024520002203,2024,520002203,2,19,0,18,7,1,0,4,0,0,0,0,1,1,1,1,-1,-1,-1,-1,-1,-1,5,1,E01014753,0
Unvalidated,2024520002211,2024,520002211,1,9,0,9,9,9,0,8,0,0,0,0,3,1,6,2,19,4,-1,-1,-1,-1,5,2,E01014439,0
Unvalidated,2024520002211,2024,520002211,2,9,0,15,9,9,0,8,0,0,0,0,1,1,6,3,-1,-1,-1,-1,-1,-1,-1,-1,-1,0
Unvalidated,2024520002218,2024,520002218,1,9,0,18,3,7,0,0,0,0,0,0,3,1,6,2,35,6,-1,-1,-1,-1,4,2,E01014445,0
Unvalidated,2024520002218,2024,520002218,2,9,0,18,7,3,0,0,0,0,0,0,1,1,2,1,19,4,-1,-1,-1,-1,7,1,E01014423,0
Unvalidated,2024520002224,2024,520002224,1,19,0,18,-1,-1,0,0,0,0,0,0,1,1,6,2,34,6,-1,-1,-1,-1,5,1,E01014438,0
Unvalidated,2024520002224,2024,520002224,2,20,0,3,-1,-1,0,0,0,0,0,0,2,1,6,3,-1,-1,-1,-1,-1,-1,-1,-1,-1,0
Unvalidated,2024520002226,2024,520002226,1,9,0,9,6,4,0,0,0,0,0,0,1,1,6,1,19,4,-1,-1,-1,-1,10,3,E01014384,0
Unvalidated,2024520002226,2024,520002226,2,5,0,18,2,6,0,0,0,0,0,0,3,1,6,1,59,9,-1,-1,-1,-1,7,3,E01014446,0
Unvalidated,2024520002237,2024,520002237,1,1,0,18,3,7,9,8,0,0,0,0,9,1,6,1,43,7,-1,-1,-1,-1,10,1,E01014477,0
Unvalidated,2024520002237,2024,520002237,2,9,0,18,5,7,0,4,0,0,0,0,9,1,6,3,-1,-1,-1,-1,-1,-1,-1,-1,-1,0
Unvalidated,2024520002250,2024,520002250,1,1,0,18,3,7,0,0,0,0,0,0,3,1,6,1,58,9,-1,-1,-1,-1,10,3,E01014460,0
Unvalidated,2024520002250,2024,520002250,2,9,0,13,3,7,0,0,0,0,0,0,1,1,6,3,-1,-1,-1,-1,-1,-1,-1,-1,-1,0
Unvalidated,2024520002307,2024,520002307,1,3,0,18,2,7,0,0,0,0,0,0,9,1,6,1,30,6,-1,-1,-1,-1,10,1,E01014434,0
Unvalidated,2024520002307,2024,520002307,2,9,9,99,9,9,0,0,0,0,0,0,9,9,6,3,-1,-1,-1,-1,-1,-1,-1,-1,-1,0
Unvalidated,2024520002316,2024,520002316,1,1,0,18,5,1,0,1,0,0,0,0,0,1,6,2,55,8,-1,-1,-1,-1,5,1,E01014480,0
Unvalidated,2024520002316,2024,520002316,2,9,0,7,5,7,0,8,0,0,0,0,0,1,6,3,-1,-1,-1,-1,-1,-1,-1,-1,-1,0
Unvalidated,2024520002317,2024,520002317,1,9,0,18,9,9,0,0,0,0,0,0,4,1,6,3,-1,-1,-1,-1,-1,-1,-1,-1,-1,0
Unvalidated,2024520002326,2024,520002326,1,1,0,4,4,8,0,0,0,0,0,0,9,1,6,1,66,10,-1,-1,-1,-1,8,2,E01014452,0
Unvalidated,2024520002326,2024,520002326,2,19,0,13,4,8,0,0,0,0,0,0,9,1,6,3,-1,-1,-1,-1,-1,-1,-1,-1,-1,0
Unvalidated,2024520002377,2024,520002377,1,1,0,18,1,5,0,0,0,0,0,0,9,1,6,1,36,7,-1,-1,-1,-1,10,1,E01014477,0
Unvalidated,2024520002377,2024,520002377,2,19,0,18,9,9,0,0,0,0,0,0,9,1,6,3,-1,-1,-1,-1,-1,-1,-1,-1,-1,0
Unvalidated,2024520002433,2024,520002433,1,9,0,1,4,8,0,0,0,0,0,0,2,1,6,1,44,7,-1,-1,-1,-1,5,1,E01014466,0
Unvalidated,2024520400236,2024,520400236,1,9,0,18,8,4,0,0,0,0,0,0,1,1,6,1,17,4,-1,-1,-1,-1,4,1,E01029174,0
Unvalidated,2024520400236,2024,520400236,2,5,0,15,8,4,0,0,0,0,0,0,1,1,6,1,31,6,-1,-1,-1,-1,5,3,E01029230,0
Unvalidated,2024520400236,2024,520400236,3,5,0,18,4,8,0,0,0,0,0,0,1,1,6,1,30,6,-1,-1,-1,-1,5,3,E01032629,0
Unvalidated,2024520400348,2024,520400348,1,19,0,18,5,1,0,0,0,0,0,0,4,1,6,1,58,9,-1,-1,-1,-1,7,1,E01029140,0
Unvalidated,2024520400349,2024,520400349,1,19,0,18,1,5,0,6,0,0,0,0,3,1,6,1,37,7,-1,-1,-1,-1,1,1,E01029293,0
Unvalidated,2024520400349,2024,520400349,2,3,0,18,7,3,0,8,0,0,0,0,1,1,6,2,27,6,-1,-1,-1,-1,5,1,E01014480,0
Unvalidated,2024520400352,2024,520400352,1,9,0,18,7,3,0,0,0,0,7,4,3,1,6,1,18,4,-1,-1,-1,-1,5,3,E01029336,0
Unvalidated,2024520400352,2024,520400352,2,9,0,18,7,3,0,0,0,0,0,0,0,1,6,1,45,7,-1,-1,-1,-1,4,3,E01029338,0
Unvalidated,2024520400558,2024,520400558,1,9,0,10,1,7,0,1,0,0,0,0,2,1,6,2,41,7,-1,-1,-1,-1,6,1,E01029080,0
Unvalidated,2024520400558,2024,520400558,2,9,0,10,1,7,0,1,0,0,0,0,1,1,6,3,120,11,-1,-1,-1,-1,-1,-1,-1,0
Unvalidated,2024520400574,2024,520400574,1,9,0,18,9,9,0,0,0,0,0,0,1,1,6,2,43,7,-1,-1,-1,-1,10,1,E01029303,0
Unvalidated,2024520400574,2024,520400574,2,9,9,1,9,9,0,0,0,0,0,0,2,9,6,3,120,11,-1,-1,-1,-1,-1,-1,-1,0
Unvalidated,2024520400600,2024,520400600,1,9,0,18,9,9,0,0,0,0,0,0,9,1,6,3,120,11,-1,-1,-1,-1,-1,-1,-1,0
Unvalidated,2024520400791,2024,520400791,1,9,0,18,5,1,0,0,0,0,0,0,1,1,6,1,50,8,-1,-1,-1,-1,7,1,E01029169,0
Unvalidated,2024520400791,2024,520400791,2,9,0,18,1,5,0,0,0,0,0,0,3,1,6,1,80,11,-1,-1,-1,-1,6,2,E01029195,0
Unvalidated,2024520400791,2024,520400791,3,9,0,18,5,1,0,0,0,0,7,9,2,1,6,1,51,8,-1,-1,-1,-1,5,3,E01029208,0
Unvalidated,2024520400802,2024,520400802,1,9,0,18,4,2,0,2,0,0,0,0,1,1,6,2,21,5,-1,-1,-1,-1,5,1,E01029045,0
Unvalidated,2024520400813,2024,520400813,1,9,0,18,6,3,0,0,1,0,0,0,1,1,6,1,43,7,-1,-1,-1,-1,7,3,E01029139,0
Unvalidated,2024520400813,2024,520400813,2,9,0,18,3,6,0,0,0,0,0,0,1,1,6,2,58,9,-1,-1,-1,-1,9,2,E01029145,0
Unvalidated,2024520400853,2024,520400853,1,90,0,17,2,7,6,0,0,0,1,0,1,1,6,1,48,8,-1,-1,-1,-1,8,3,E01029203,0
Unvalidated,2024520400853,2024,520400853,2,9,0,2,0,0,6,0,0,0,0,0,2,1,6,1,53,8,-1,-1,-1,-1,6,3,E01029021,0
Unvalidated,2024520400998,2024,520400998,1,1,0,99,5,1,0,8,0,0,0,0,9,1,6,1,44,7,-1,-1,-1,-1,7,1,E01029256,0
Unvalidated,2024520400998,2024,520400998,2,19,0,99,9,9,0,8,0,0,0,0,9,1,6,3,120,11,-1,-1,-1,-1,-1,-1,-1,0
Unvalidated,2024520401078,2024,520401078,1,9,0,18,3,7,0,0,0,0,0,0,1,1,6,2,78,11,-1,-1,-1,-1,3,1,E01029291,0
Unvalidated,2024520401082,2024,520401082,1,9,0,17,6,2,0,0,1,0,1,4,3,1,6,1,18,4,-1,-1,-1,-1,8,1,E01029276,0
Unvalidated,2024520401082,2024,520401082,2,19,0,16,2,6,0,0,1,0,7,4,3,1,6,1,32,6,-1,-1,-1,-1,1,1,E01013484,0
Unvalidated,2024520401086,2024,520401086,1,9,0,7,4,6,0,8,2,0,4,6,3,1,6,1,17,4,-1,-1,-1,-1,6,2,E01029218,0
Unvalidated,2024520401086,2024,520401086,2,9,0,18,2,6,0,8,1,0,1,10,1,1,6,2,45,7,-1,-1,-1,-1,9,3,E01029209,0
Unvalidated,2024520401088,2024,520401088,1,9,0,9,7,5,0,1,0,0,0,0,3,1,6,2,87,11,-1,-1,-1,-1,6,3,E01029180,0
Unvalidated,2024520401088,2024,520401088,2,9,0,18,5,1,0,1,0,0,0,0,1,1,6,1,87,11,-1,-1,-1,-1,6,3,E01029180,0
Unvalidated,2024520401090,2024,520401090,1,9,0,18,1,5,0,0,1,0,1,4,1,1,6,1,49,8,-1,-1,-1,-1,10,1,E01014435,0
Unvalidated,2024520401091,2024,520401091,1,9,0,18,4,1,0,0,0,7,0,0,3,1,6,1,92,11,-1,-1,-1,-1,10,2,E01020062,0
Unvalidated,2024520401092,2024,520401092,1,9,0,18,3,7,0,8,0,0,0,0,4,1,6,1,58,9,-1,-1,-1,-1,5,1,E01029071,0
Unvalidated,2024520401092,2024,520401092,2,9,0,5,5,1,0,6,0,0,0,0,4,1,6,2,53,8,-1,-1,-1,-1,6,3,E01029057,0
Unvalidated,2024520401093,2024,520401093,1,9,0,18,3,7,0,0,0,0,0,0,1,1,6,2,25,5,-1,-1,-1,-1,8,3,E01029024,0
Unvalidated,2024520401093,2024,520401093,2,19,0,18,7,3,0,0,0,0,0,0,1,1,6,1,43,7,-1,-1,-1,-1,3,1,E01029041,0
Unvalidated,2024520401094,2024,520401094,1,19,0,17,4,8,0,0,2,0,1,9,3,1,6,1,33,6,-1,-1,-1,-1,6,3,E01029261,0
Unvalidated,2024520401094,2024,520401094,2,9,0,16,8,4,0,0,0,0,0,0,3,1,6,1,24,5,-1,-1,-1,-1,8,2,E01032651,0
Unvalidated,2024520401100,2024,520401100,1,9,0,3,1,5,0,1,0,0,0,0,2,1,6,1,30,6,-1,-1,-1,-1,8,3,E01029019,0
Unvalidated,2024520401100,2024,520401100,2,9,0,4,1,5,0,1,0,0,0,0,1,1,6,1,40,7,-1,-1,-1,-1,5,1,E01031933,0
Unvalidated,2024520401114,2024,520401114,1,9,0,18,8,4,0,0,0,0,0,0,1,1,6,2,77,11,-1,-1,-1,-1,8,1,E01032630,0
Unvalidated,2024520401116,2024,520401116,1,9,0,18,5,1,0,0,0,0,0,0,4,1,6,3,120,11,-1,-1,-1,-1,-1,-1,-1,0
Unvalidated,2024520401116,2024,520401116,2,9,0,18,5,1,0,0,0,0,0,0,1,1,6,2,73,10,-1,-1,-1,-1,4,3,E01029334,0
Unvalidated,2024520401122,2024,520401122,1,9,0,18,7,3,0,0,1,0,7,10,4,1,6,2,38,7,-1,-1,-1,-1,6,2,E01029195,0
Unvalidated,2024520401127,2024,520401127,1,3,0,16,3,5,0,8,1,0,0,0,4,1,6,1,25,5,-1,-1,-1,-1,2,1,E01029107,0
Unvalidated,2024520401130,2024,520401130,1,9,0,5,7,5,0,8,0,0,0,0,1,1,6,1,76,11,-1,-1,-1,-1,5,2,E01029152,0
Unvalidated,2024520401130,2024,520401130,2,3,0,18,5,1,0,8,0,0,0,0,1,1,6,1,18,4,-1,-1,-1,-1,5,2,E01029152,0
Unvalidated,2024520401132,2024,520401132,1,9,0,18,7,3,0,0,1,0,1,3,4,1,6,1,37,7,-1,-1,-1,-1,8,1,E01032668,0
Unvalidated,2024520401134,2024,520401134,1,9,0,5,7,5,0,8,0,0,0,0,3,1,6,1,56,9,-1,-1,-1,-1,8,1,E01029113,0
Unvalidated,2024520401134,2024,520401134,2,1,0,18,1,5,0,8,0,0,0,0,1,1,6,2,39,7,-1,-1,-1,-1,4,1,E01032633,0
Unvalidated,2024520401137,2024,520401137,1,9,0,16,7,5,0,0,2,0,0,0,1,1,6,1,30,6,-1,-1,-1,-1,4,1,E01029232,0
Unvalidated,2024520401138,2024,520401138,1,9,0,18,5,1,0,8,1,0,3,9,1,1,6,1,19,4,-1,-1,-1,-1,8,3,E01029122,0
Unvalidated,2024520401143,2024,520401143,1,9,0,18,2,5,0,2,0,0,1,3,1,1,6,2,69,10,-1,-1,-1,-1,6,3,E01029222,0
Unvalidated,2024520401144,2024,520401144,1,9,0,7,2,4,0,2,0,0,1,10,1,1,6,2,48,8,-1,-1,-1,-1,2,1,E01029131,0
Unvalidated,2024520401146,2024,520401146,1,9,0,18,3,7,0,0,0,0,0,0,1,1,6,1,77,11,-1,-1,-1,-1,7,3,E01029262,0
Unvalidated,2024520401146,2024,520401146,2,9,0,18,7,3,0,0,0,0,0,0,1,1,6,2,77,11,-1,-1,-1,-1,2,1,E01029311,0
Unvalidated,2024520401146,2024,520401146,3,19,0,2,0,0,0,0,0,0,0,0,4,1,6,3,120,11,-1,-1,-1,-1,-1,-1,-1,0
Unvalidated,2024520401149,2024,520401149,1,9,0,18,1,4,0,8,0,0,0,0,4,1,6,1,45,7,-1,-1,-1,-1,7,1,E01029256,0
Unvalidated,2024520401149,2024,520401149,2,9,0,18,2,4,0,3,0,0,0,0,3,1,6,1,28,6,-1,-1,-1,-1,-1,-1,-1,0
Unvalidated,2024520401151,2024,520401151,1,1,0,18,6,3,0,8,0,0,0,0,4,1,6,1,42,7,-1,-1,-1,-1,1,1,E01029293,0
Unvalidated,2024520401151,2024,520401151,2,9,0,18,8,4,0,8,0,0,3,0,1,1,6,1,85,11,-1,-1,-1,-1,5,3,E01029197,0
Unvalidated,2024520401155,2024,520401155,1,9,0,18,6,2,0,8,0,0,1,0,3,1,6,1,73,10,-1,-1,-1,-1,10,1,E01014417,0
Unvalidated,2024520401155,2024,520401155,2,19,0,18,3,7,0,8,0,0,1,0,1,1,6,1,52,8,-1,-1,-1,-1,7,1,E01014423,0
Unvalidated,2024520401157,2024,520401157,1,90,0,18,2,6,0,8,0,0,0,0,3,1,6,1,47,8,-1,-1,-1,-1,6,1,E01029285,0
Unvalidated,2024520401157,2024,520401157,2,9,0,9,6,4,0,8,0,0,0,0,4,1,6,1,48,8,-1,-1,-1,-1,9,2,E01029142,0
Unvalidated,2024520401159,2024,520401159,1,17,0,18,4,8,0,0,0,0,0,0,1,1,6,1,50,8,-1,-1,-1,-1,6,2,E01029156,0
Unvalidated,2024520401159,2024,520401159,2,9,0,18,8,4,0,0,0,0,1,0,1,1,6,1,77,11,-1,-1,-1,-1,4,1,E01029329,0
Unvalidated,2024520401163,2024,520401163,1,9,0,17,4,1,0,8,0,0,0,0,1,1,6,1,35,6,-1,-1,-1,-1,7,1,E01014423,0
Unvalidated,2024520401165,2024,520401165,1,9,0,18,3,7,0,0,0,0,0,0,1,1,6,1,56,9,-1,-1,-1,-1,8,1,E01029282,0
Unvalidated,2024520401168,2024,520401168,1,9,0,18,9,9,0,0,0,0,0,0,9,1,6,3,120,11,-1,-1,-1,-1,-1,-1,-1,0
Unvalidated,2024520401169,2024,520401169,1,9,0,18,3,1,0,1,0,0,0,0,2,1,6,2,20,4,-1,-1,-1,-1,7,3,E01029199,0
Unvalidated,2024520401169,2024,520401169,2,19,9,18,9,9,0,1,0,0,0,0,1,9,6,3,120,11,-1,-1,-1,-1,-1,-1,-1,0
Unvalidated,2024520401173,2024,520401173,1,9,0,18,8,4,0,8,0,0,0,0,3,1,6,1,76,11,-1,-1,-1,-1,2,1,E01020582,0
Unvalidated,2024520401173,2024,520401173,2,1,0,18,6,2,0,8,0,0,0,0,1,1,6,1,62,9,-1,-1,-1,-1,6,3,E01014392,0
Unvalidated,2024520401174,2024,520401174,1,21,0,18,7,3,0,8,0,0,0,0,1,1,6,1,54,8,-1,-1,-1,-1,6,3,E01029052,0
Unvalidated,2024520401174,2024,520401174,2,9,0,10,7,5,0,8,0,0,0,0,2,1,6,2,32,6,-1,-1,-1,-1,2,1,E01029097,0
Unvalidated,2024520401176,2024,520401176,1,9,0,3,7,3,0,8,0,0,0,0,3,1,6,2,39,7,-1,-1,-1,-1,9,2,E01029065,0
Unvalidated,2024520401176,2024,520401176,2,9,0,18,3,7,0,8,1,0,0,0,3,1,6,1,17,4,-1,-1,-1,-1,5,2,E01029066,0
Unvalidated,2024520401176,2024,520401176,3,9,0,9,1,7,0,8,0,0,0,0,0,1,6,2,36,7,-1,-1,-1,-1,7,2,E01029063,0
Unvalidated,2024520401181,2024,520401181,1,9,0,3,5,7,0,1,0,0,0,0,1,1,6,1,26,6,-1,-1,-1,-1,8,1,E01032651,0
Unvalidated,2024520401181,2024,520401181,2,9,0,9,1,8,0,6,0,0,0,0,2,1,6,1,66,10,-1,-1,-1,-1,7,3,E01029262,0
Unvalidated,2024520401181,2024,520401181,3,9,0,18,3,7,0,1,0,0,0,0,1,1,6,2,64,9,-1,-1,-1,-1,7,3,E01029262,0
Unvalidated,2024520401185,2024,520401185,1,9,0,9,8,6,0,8,0,0,0,0,3,1,6,2,25,5,-1,-1,-1,-1,4,1,E01029298,0
Unvalidated,2024520401185,2024,520401185,2,1,0,18,6,2,0,8,0,0,0,0,1,1,6,1,53,8,-1,-1,-1,-1,1,1,E01029297,0
Unvalidated,2024520401189,2024,520401189,1,9,0,18,8,4,0,1,2,0,0,0,1,1,6,1,51,8,-1,-1,-1,-1,5,3,E01031611,0
Unvalidated,2024520401189,2024,520401189,2,9,0,18,4,8,0,2,2,0,0,0,1,1,6,1,66,10,-1,-1,-1,-1,7,3,E01029151,0
Unvalidated,2024520401193,2024,520401193,1,9,0,16,4,6,0,0,0,0,1,0,3,1,6,1,44,7,-1,-1,-1,-1,8,1,W01001495,0
Unvalidated,2024520401193,2024,520401193,2,9,0,16,4,6,0,0,0,0,1,0,1,1,6,1,47,8,-1,-1,-1,-1,4,3,E01029326,0
Unvalidated,2024520401193,2024,520401193,3,9,0,17,6,4,0,0,0,0,0,0,1,1,6,1,30,6,-1,-1,-1,-1,3,2,E01029341,0
Unvalidated,2024520401194,2024,520401194,1,9,0,18,8,4,0,0,0,0,0,0,1,1,6,2,54,8,-1,-1,-1,-1,2,1,E01029098,0
Unvalidated,2024520401194,2024,520401194,2,4,0,18,4,8,0,0,0,0,1,0,1,1,6,1,33,6,-1,-1,-1,-1,5,1,E01029108,0
Unvalidated,2024520401195,2024,520401195,1,9,0,18,4,8,0,0,0,0,0,0,3,1,6,2,81,11,-1,-1,-1,-1,3,2,E01029341,0
Unvalidated,2024520401195,2024,520401195,2,9,4,18,8,4,0,0,0,0,0,0,3,1,6,3,120,11,-1,-1,-1,-1,-1,-1,-1,0
Unvalidated,2024520401198,2024,520401198,1,1,0,18,8,3,0,8,0,0,0,0,9,1,6,2,12,3,-1,-1,-1,-1,-1,-1,-1,0
Unvalidated,2024520401198,2024,520401198,2,9,0,18,9,9,0,6,0,0,0,0,9,9,6,3,120,11,-1,-1,-1,-1,-1,-1,-1,0
Unvalidated,2024520401200,2024,520401200,1,9,0,18,1,5,0,0,0,0,0,0,1,1,6,1,120,11,-1,-1,-1,-1,-1,-1,-1,0
Unvalidated,2024520401208,2024,520401208,1,9,0,17,3,1,0,8,1,0,7,0,3,1,6,1,19,4,-1,-1,-1,-1,7,1,E01029243,0
Unvalidated,2024520401208,2024,520401208,2,9,0,18,3,1,0,8,0,0,0,0,1,1,6,1,54,8,-1,-1,-1,-1,4,1,E01029241,0
Unvalidated,2024520401211,2024,520401211,1,4,0,18,5,1,0,0,0,4,0,0,1,1,6,2,17,4,-1,-1,-1,-1,10,2,E01029128,0
Unvalidated,2024520401211,2024,520401211,2,9,0,2,0,0,0,0,0,0,0,0,2,1,6,3,120,11,-1,-1,-1,-1,-1,-1,-1,0
Unvalidated,2024520401213,2024,520401213,1,9,0,17,5,1,0,0,0,0,0,0,1,1,6,2,63,9,-1,-1,-1,-1,9,1,E01029294,0
Unvalidated,2024520401213,2024,520401213,2,9,0,16,1,5,0,0,0,0,0,0,1,1,6,1,22,5,-1,-1,-1,-1,7,3,E01029262,0
Unvalidated,2024520401218,2024,520401218,1,9,0,18,1,5,0,8,0,0,0,0,3,1,6,2,86,11,-1,-1,-1,-1,5,3,E01029144,0
Unvalidated,2024520401218,2024,520401218,2,1,0,18,1,5,0,8,0,0,0,0,3,1,6,1,40,7,-1,-1,-1,-1,9,1,E01029115,0
Unvalidated,2024520401220,2024,520401220,1,9,0,9,1,7,0,5,0,0,0,0,1,1,1,1,64,9,-1,-1,-1,-1,2,1,E01029100,0
Unvalidated,2024520401223,2024,520401223,1,9,0,9,3,1,0,8,0,0,0,0,1,1,6,1,28,6,-1,-1,-1,-1,9,2,E01029145,0
Unvalidated,2024520401223,2024,520401223,2,1,0,18,7,3,0,8,0,0,0,0,1,1,6,1,51,8,-1,-1,-1,-1,3,1,E01029112,0
Unvalidated,2024520401226,2024,520401226,1,9,0,9,2,8,0,8,0,0,0,0,1,1,6,1,38,7,-1,-1,-1,-1,2,1,E01029239,0
Unvalidated,2024520401226,2024,520401226,2,9,0,18,8,4,0,8,0,0,0,0,4,1,6,2,59,9,-1,-1,-1,-1,6,1,E01029078,0
Unvalidated,2024520401228,2024,520401228,1,9,0,18,5,1,0,0,0,0,1,7,1,1,6,1,37,7,-1,-1,-1,-1,-1,-1,-1,0
Unvalidated,2024520401228,2024,520401228,2,9,0,18,1,5,0,0,0,0,0,0,1,1,6,2,75,10,-1,-1,-1,-1,5,1,E01032636,0
Unvalidated,2024520401233,2024,520401233,1,9,0,18,6,2,0,8,5,0,1,0,1,1,6,2,80,11,-1,-1,-1,-1,5,2,E01029066,0
Unvalidated,2024520401233,2024,520401233,2,9,0,5,7,3,0,7,0,0,7,3,1,1,6,2,81,11,-1,-1,-1,-1,5,2,E01029167,0
Unvalidated,2024520401236,2024,520401236,1,9,0,18,5,1,0,8,0,0,1,2,2,1,6,2,25,5,-1,-1,-1,-1,6,2,E01029028,0
Unvalidated,2024520401236,2024,520401236,2,9,0,18,5,1,0,8,0,0,1,0,1,1,6,1,50,8,-1,-1,-1,-1,5,3,E01029053,0
Unvalidated,2024520401241,2024,520401241,1,5,0,18,6,2,0,8,0,0,0,0,1,1,6,1,52,8,-1,-1,-1,-1,6,1,E01022341,0
Unvalidated,2024520401241,2024,520401241,2,9,0,9,8,6,0,8,0,0,0,0,3,1,6,2,30,6,-1,-1,-1,-1,9,1,E01029076,0
Unvalidated,2024520401248,2024,520401248,1,19,0,18,3,7,0,0,0,0,0,0,1,1,6,1,66,10,-1,-1,-1,-1,5,1,E01015274,0
Unvalidated,2024520401248,2024,520401248,2,9,0,18,7,3,0,0,0,0,0,0,1,1,6,1,77,11,-1,-1,-1,-1,6,3,E01029180,0
Unvalidated,2024520401251,2024,520401251,1,9,0,18,1,5,0,0,0,0,0,0,3,1,6,2,32,6,-1,-1,-1,-1,6,2,E01029320,0
Unvalidated,2024520401251,2024,520401251,2,9,0,18,1,5,0,0,0,0,0,0,4,1,6,1,60,9,-1,-1,-1,-1,7,2,E01020546,0
Unvalidated,2024520401265,2024,520401265,1,1,0,18,3,7,0,0,0,0,0,0,1,1,6,2,28,6,-1,-1,-1,-1,3,1,E01029233,0
Unvalidated,2024520401265,2024,520401265,2,9,0,18,2,6,0,0,0,0,0,0,1,1,6,2,43,7,-1,-1,-1,-1,4,1,E01029238,0
Unvalidated,2024520401267,2024,520401267,1,9,0,4,1,5,0,0,0,0,0,0,3,1,6,1,41,7,-1,-1,-1,-1,2,1,E01029097,0
Unvalidated,2024520401267,2024,520401267,2,9,0,4,1,5,0,0,0,0,0,0,2,1,6,1,50,8,-1,-1,-1,-1,5,3,E01029137,0
Unvalidated,2024520401267,2024,520401267,3,9,0,18,1,5,0,0,0,0,0,0,1,1,6,2,29,6,-1,-1,-1,-1,3,1,E01029110,0
Unvalidated,2024520401268,2024,520401268,1,9,0,18,7,3,0,0,0,0,1,11,3,1,6,1,17,4,-1,-1,-1,-1,4,1,E01029249,0
Unvalidated,2024520401272,2024,520401272,1,90,0,18,8,4,0,8,0,0,1,10,1,1,1,1,26,6,-1,-1,-1,-1,9,1,E01029294,0
Unvalidated,2024520401272,2024,520401272,2,1,0,9,1,8,0,8,0,0,0,0,2,1,6,1,66,10,-1,-1,-1,-1,8,3,E01029194,0
Unvalidated,2024520401275,2024,520401275,1,9,0,18,2,6,0,0,0,0,7,4,1,1,6,1,23,5,-1,-1,-1,-1,1,1,E01033358,0
Unvalidated,2024520401275,2024,520401275,2,21,1,18,6,2,0,0,0,0,0,0,1,1,1,1,53,8,-1,-1,-1,-1,5,2,E01029167,0
Unvalidated,2024520401277,2024,520401277,1,9,0,9,3,1,0,8,0,0,0,0,1,1,6,2,52,8,-1,-1,-1,-1,9,2,E01020464,0
Unvalidated,2024520401277,2024,520401277,2,3,0,18,5,1,0,8,0,0,0,0,1,1,6,1,60,9,-1,-1,-1,-1,7,2,E01020434,0
Unvalidated,2024520401278,2024,520401278,1,9,0,18,8,4,0,0,0,0,0,0,4,1,6,3,120,11,-1,-1,-1,-1,-1,-1,-1,0
Unvalidated,2024520401284,2024,520401284,1,9,0,18,1,5,0,8,0,0,0,0,1,1,6,1,31,6,-1,-1,-1,-1,7,3,E01029056,0
Unvalidated,2024520401284,2024,520401284,2,9,0,18,7,3,0,8,0,0,0,0,1,1,6,1,18,4,-1,-1,-1,-1,10,3,E01029128,0
Unvalidated,2024520401284,2024,520401284,3,9,0,18,1,5,0,8,0,0,0,0,1,1,6,2,51,8,-1,-1,-1,-1,8,1,E01014668,0
Unvalidated,2024520401289,2024,520401289,1,9,0,18,2,6,0,0,1,0,0,0,1,1,6,3,120,11,-1,-1,-1,-1,-1,-1,-1,0
Unvalidated,2024520401291,2024,520401291,1,9,0,18,4,8,0,8,0,7,0,0,4,1,6,2,50,8,-1,-1,-1,-1,5,1,E01029102,0
Unvalidated,2024520401291,2024,520401291,2,9,0,9,8,5,0,8,0,0,0,0,3,1,6,1,37,7,-1,-1,-1,-1,1,1,E01029105,0
Unvalidated,2024520401292,2024,520401292,1,9,0,18,8,4,0,1,5,0,0,0,1,1,6,1,62,9,-1,-1,-1,-1,3,1,E01029038,0
Unvalidated,2024520401292,2024,520401292,2,9,0,13,4,8,0,1,0,0,0,0,1,1,6,1,30,6,-1,-1,-1,-1,4,1,E01032644,0