status,collision_index,collision_year,collision_reference,vehicle_reference,vehicle_type,towing_and_articulation,vehicle_manoeuvre,vehicle_direction_from,vehicle_direction_to,vehicle_location_restricted_lane,junction_location,skidding_and_overturning,hit_object_in_carriageway,vehicle_leaving_carriageway,hit_object_off_carriageway,first_point_of_impact,vehicle_left_hand_drive,journey_purpose_of_driver,sex_of_driver,age_of_driver,age_band_of_driver,engine_capacity_cc,propulsion_code,age_of_vehicle,generic_make_model,driver_imd_decile,driver_home_area_type,lsoa_of_driver,escooter_flag
Unvalidated,2024520401292,2024,520401292,3,9,0,13,4,8,0,1,0,0,0,0,0,1,6,1,31,6,-1,-1,-1,-1,3,1,E01029036,0
Unvalidated,2024520401294,2024,520401294,1,9,0,9,1,7,0,5,0,0,0,0,3,1,6,1,35,6,-1,-1,-1,-1,5,1,E01000469,0
Unvalidated,2024520401294,2024,520401294,2,3,0,18,5,1,0,8,0,0,0,0,3,1,6,1,31,6,-1,-1,-1,-1,6,3,E01029135,0
Unvalidated,2024520401298,2024,520401298,1,9,0,18,4,8,0,0,0,0,0,0,1,1,6,2,20,4,-1,-1,-1,-1,3,1,E01029111,0
Unvalidated,2024520401300,2024,520401300,1,9,0,18,3,7,0,0,0,0,0,0,3,1,6,2,40,7,-1,-1,-1,-1,4,1,E01029238,0
Unvalidated,2024520401300,2024,520401300,2,9,0,18,3,7,0,0,0,7,0,0,1,1,6,1,45,7,-1,-1,-1,-1,4,1,E01017157,0
Unvalidated,2024520401301,2024,520401301,1,9,0,10,5,3,0,6,0,0,0,0,1,1,6,1,35,6,-1,-1,-1,-1,4,2,E01029090,0
Unvalidated,2024520401301,2024,520401301,2,9,0,18,3,7,0,8,0,0,0,0,1,1,6,2,41,7,-1,-1,-1,-1,4,1,E01029090,0
Unvalidated,2024520401303,2024,520401303,1,9,0,18,1,5,0,0,0,10,0,0,1,1,6,1,21,5,-1,-1,-1,-1,6,1,E01029289,0
Unvalidated,2024520401303,2024,520401303,2,9,0,18,5,1,0,0,0,0,0,0,1,1,6,2,31,6,-1,-1,-1,-1,-1,3,-1,0
Unvalidated,2024520401306,2024,520401306,1,9,0,16,8,4,0,0,2,0,1,9,1,1,6,1,37,7,-1,-1,-1,-1,8,1,E01032668,0
Unvalidated,2024520401309,2024,520401309,1,9,0,18,7,3,0,8,0,0,0,0,1,1,6,2,81,11,-1,-1,-1,-1,7,3,E01029151,0
Unvalidated,2024520401309,2024,520401309,2,9,0,18,1,5,0,8,0,0,0,0,1,1,6,2,58,9,-1,-1,-1,-1,9,3,E01014747,0
Unvalidated,2024520401314,2024,520401314,1,9,0,9,3,5,0,8,0,0,3,2,3,1,6,2,35,6,-1,-1,-1,-1,7,1,E01029120,0
Unvalidated,2024520401314,2024,520401314,2,9,0,18,5,1,0,8,0,0,0,0,1,1,6,1,18,4,-1,-1,-1,-1,7,3,E01029147,0
Unvalidated,2024520401315,2024,520401315,1,9,0,9,1,7,0,8,0,0,0,0,1,1,6,2,36,7,-1,-1,-1,-1,4,3,E01029334,0
Unvalidated,2024520401315,2024,520401315,2,9,0,18,7,3,0,1,0,0,0,0,4,1,6,1,33,6,-1,-1,-1,-1,1,1,E01006064,0
Unvalidated,2024520401326,2024,520401326,1,9,0,18,7,3,0,8,5,4,0,0,1,1,6,1,59,9,-1,-1,-1,-1,5,3,E01032629,0
Unvalidated,2024520401326,2024,520401326,2,9,0,2,0,0,0,1,0,0,1,11,2,1,6,3,120,11,-1,-1,-1,-1,-1,-1,-1,0
Unvalidated,2024520401327,2024,520401327,1,9,0,5,2,6,0,6,0,0,0,0,1,1,6,1,32,6,-1,-1,-1,-1,6,1,E01031889,0
Unvalidated,2024520401327,2024,520401327,2,9,0,18,8,4,0,8,0,0,0,0,1,1,6,2,43,7,-1,-1,-1,-1,4,2,E01014445,0
Unvalidated,2024520401333,2024,520401333,1,19,0,4,2,5,0,1,0,0,0,0,1,1,6,1,45,7,-1,-1,-1,-1,9,1,E01029115,0
Unvalidated,2024520401333,2024,520401333,2,9,0,3,2,5,0,1,0,0,0,0,2,1,6,1,41,7,-1,-1,-1,-1,3,1,E01029110,0
Unvalidated,2024520401335,2024,520401335,1,9,0,16,7,1,0,8,1,0,7,4,3,1,6,1,23,5,-1,-1,-1,-1,-1,1,-1,0
Unvalidated,2024520401336,2024,520401336,1,9,0,18,3,7,0,0,0,0,0,0,1,1,6,1,48,8,-1,-1,-1,-1,8,1,E01032630,0
Unvalidated,2024520401336,2024,520401336,2,9,0,18,7,3,0,0,0,0,0,0,1,1,6,1,33,6,-1,-1,-1,-1,2,1,E01029095,0
Unvalidated,2024520401336,2024,520401336,3,9,0,18,7,3,0,0,0,0,0,0,3,1,6,1,32,6,-1,-1,-1,-1,5,1,E01029108,0
Unvalidated,2024520401337,2024,520401337,1,9,0,18,1,5,0,0,0,0,0,0,1,1,6,1,80,11,-1,-1,-1,-1,6,3,E01020494,0
Unvalidated,2024520401337,2024,520401337,2,9,0,2,0,0,0,0,0,0,0,0,2,1,6,3,120,11,-1,-1,-1,-1,-1,-1,-1,0
Unvalidated,2024520401337,2024,520401337,3,19,0,2,0,0,0,0,0,0,0,0,2,1,6,2,25,5,-1,-1,-1,-1,4,2,E01029186,0
Unvalidated,2024520401337,2024,520401337,4,9,0,2,0,0,0,0,0,0,0,0,2,1,6,3,120,11,-1,-1,-1,-1,-1,-1,-1,0
Unvalidated,2024520401339,2024,520401339,1,9,0,18,2,6,0,8,0,0,0,0,1,1,6,2,56,9,-1,-1,-1,-1,3,1,E01020502,0
Unvalidated,2024520401339,2024,520401339,2,1,0,18,8,4,0,8,0,0,0,0,1,1,6,1,27,6,-1,-1,-1,-1,2,1,E01029042,0
Unvalidated,2024520401342,2024,520401342,1,9,0,18,5,1,0,0,0,0,0,0,3,1,6,2,62,9,-1,-1,-1,-1,5,2,E01014439,0
Unvalidated,2024520401342,2024,520401342,2,17,4,18,1,5,0,0,0,0,0,0,2,1,6,1,34,6,-1,-1,-1,-1,6,2,E01020547,0
Unvalidated,2024520401344,2024,520401344,1,9,0,18,1,5,0,8,0,0,0,0,3,1,6,1,18,4,-1,-1,-1,-1,8,3,E01029201,0
Unvalidated,2024520401344,2024,520401344,2,9,0,9,7,5,0,8,0,0,0,0,1,1,6,2,65,9,-1,-1,-1,-1,8,1,E01029245,0
Unvalidated,2024520401349,2024,520401349,1,9,0,8,5,7,0,1,0,0,0,0,2,1,6,1,35,6,-1,-1,-1,-1,6,3,E01029222,0
Unvalidated,2024520401349,2024,520401349,2,9,0,18,5,1,0,1,0,0,0,0,1,1,6,1,25,5,-1,-1,-1,-1,5,2,E01029226,0
Unvalidated,2024520401352,2024,520401352,1,5,0,18,3,7,0,0,1,0,0,0,1,1,6,1,59,9,-1,-1,-1,-1,5,1,E01029322,0
Unvalidated,2024520401355,2024,520401355,1,9,0,18,3,7,0,0,0,0,1,4,1,1,6,1,18,4,-1,-1,-1,-1,8,1,E01029035,0
Unvalidated,2024520401358,2024,520401358,1,9,0,4,7,3,0,0,0,0,0,0,1,1,6,1,20,4,-1,-1,-1,-1,5,3,E01029020,0
Unvalidated,2024520401358,2024,520401358,2,9,0,3,7,3,0,0,0,0,0,0,2,1,6,1,52,8,-1,-1,-1,-1,10,3,E01032045,0
Unvalidated,2024520401358,2024,520401358,3,9,0,3,7,3,0,0,0,0,0,0,2,1,6,2,59,9,-1,-1,-1,-1,9,1,E01032112,0
Unvalidated,2024520401360,2024,520401360,1,9,0,9,4,2,0,8,0,0,1,10,1,1,6,2,75,10,-1,-1,-1,-1,5,3,E01029336,0
Unvalidated,2024520401360,2024,520401360,2,9,0,18,3,7,0,8,0,0,1,3,1,1,6,2,71,10,-1,-1,-1,-1,5,2,E01029336,0
Unvalidated,2024520401369,2024,520401369,1,9,0,18,7,4,0,0,0,0,0,0,2,1,6,2,27,6,-1,-1,-1,-1,3,1,E01029110,0
Unvalidated,2024520401369,2024,520401369,2,9,0,18,7,4,0,0,0,0,0,0,1,1,6,1,25,5,-1,-1,-1,-1,2,1,E01029109,0
Unvalidated,2024520401373,2024,520401373,1,9,0,18,1,5,0,0,0,0,7,10,1,1,6,1,67,10,-1,-1,-1,-1,9,1,E01032112,0
Unvalidated,2024520401378,2024,520401378,1,9,0,18,7,3,0,0,0,0,0,0,1,1,6,2,18,4,-1,-1,-1,-1,7,3,E01029164,0
Unvalidated,2024520401378,2024,520401378,2,9,0,18,7,3,8,0,0,0,0,0,2,1,6,1,56,9,-1,-1,-1,-1,7,3,E01018818,0
Unvalidated,2024520401382,2024,520401382,1,9,0,18,8,4,0,8,0,0,0,0,3,1,6,2,31,6,-1,-1,-1,-1,4,2,E01014445,0
Unvalidated,2024520401382,2024,520401382,2,9,0,18,2,6,0,8,0,0,0,0,1,1,6,1,91,11,-1,-1,-1,-1,6,3,E01029057,0
Unvalidated,2024520401384,2024,520401384,1,9,0,9,3,1,0,6,0,0,0,0,1,1,6,2,30,6,-1,-1,-1,-1,8,1,E01029242,0
Unvalidated,2024520401384,2024,520401384,2,3,0,18,1,5,0,1,0,0,0,0,1,1,6,1,29,6,-1,-1,-1,-1,2,1,E01029237,0
Unvalidated,2024520401388,2024,520401388,1,9,0,5,7,5,0,5,0,0,0,0,3,1,6,1,64,9,-1,-1,-1,-1,5,1,E01032636,0
Unvalidated,2024520401388,2024,520401388,2,5,0,18,5,1,0,8,0,0,0,0,1,1,6,1,52,8,-1,-1,-1,-1,3,2,E01029341,0
Unvalidated,2024520401396,2024,520401396,1,9,0,18,5,1,0,0,0,0,0,0,4,1,6,3,120,11,-1,-1,-1,-1,-1,-1,-1,0
Unvalidated,2024520401403,2024,520401403,1,9,0,18,4,8,0,0,0,0,1,0,1,1,6,1,18,4,-1,-1,-1,-1,7,1,E01029288,0
Unvalidated,2024520401403,2024,520401403,2,9,0,18,8,4,0,0,0,0,0,0,1,1,6,1,31,6,-1,-1,-1,-1,-1,-1,-1,0
Unvalidated,2024520401404,2024,520401404,1,9,0,18,2,6,0,8,0,0,0,0,2,1,6,1,34,6,-1,-1,-1,-1,5,1,E01029094,0
Unvalidated,2024520401404,2024,520401404,2,9,0,18,2,6,0,8,0,0,0,0,1,1,6,3,120,11,-1,-1,-1,-1,-1,-1,-1,0
Unvalidated,2024520401409,2024,520401409,1,9,0,12,3,8,0,8,0,0,0,0,3,1,6,2,64,9,-1,-1,-1,-1,6,3,E01029054,0
Unvalidated,2024520401409,2024,520401409,2,9,0,18,3,7,0,8,0,0,0,0,1,1,6,1,22,5,-1,-1,-1,-1,5,3,E01020506,0
Unvalidated,2024520401417,2024,520401417,1,9,0,9,5,1,0,6,0,0,0,0,1,1,6,2,35,6,-1,-1,-1,-1,6,1,E01014952,0
Unvalidated,2024520401417,2024,520401417,2,9,0,18,3,7,0,8,0,0,0,0,1,1,6,1,46,8,-1,-1,-1,-1,6,3,E01029181,0
Unvalidated,2024520401424,2024,520401424,1,9,0,9,5,3,0,6,0,0,0,0,4,1,6,1,51,8,-1,-1,-1,-1,8,2,E01029126,0
Unvalidated,2024520401425,2024,520401425,1,9,0,17,3,7,0,0,0,0,1,3,1,1,6,2,41,7,-1,-1,-1,-1,2,1,E01032239,0
Unvalidated,2024520401430,2024,520401430,1,9,0,18,4,8,0,8,0,0,0,0,0,1,6,1,54,8,-1,-1,-1,-1,3,1,E01029111,0
Unvalidated,2024520401433,2024,520401433,1,9,0,18,6,8,0,0,1,0,0,0,1,1,6,1,24,5,-1,-1,-1,-1,2,1,E01029311,0
Unvalidated,2024520401434,2024,520401434,1,9,0,18,1,5,0,8,0,0,0,0,1,1,6,1,27,6,-1,-1,-1,-1,4,2,E01029050,0
Unvalidated,2024520401434,2024,520401434,2,9,0,18,3,7,0,8,0,0,0,0,3,1,6,1,35,6,-1,-1,-1,-1,3,1,E01029072,0
Unvalidated,2024520401435,2024,520401435,1,9,0,18,5,1,0,1,0,0,0,0,1,1,6,2,51,8,-1,-1,-1,-1,5,1,E01029043,0
Unvalidated,2024520401435,2024,520401435,2,3,0,9,2,1,0,6,0,0,0,0,2,1,6,1,55,8,-1,-1,-1,-1,9,3,E01029022,0
Unvalidated,2024520401435,2024,520401435,3,9,0,18,5,1,0,1,0,0,0,0,1,1,6,1,50,8,-1,-1,-1,-1,4,1,E01032090,0
Unvalidated,2024520401436,2024,520401436,1,19,0,18,3,8,0,0,0,0,7,4,1,1,2,1,40,7,-1,-1,-1,-1,5,3,E01029325,0
Unvalidated,2024520401442,2024,520401442,1,19,4,3,6,2,0,1,0,0,0,0,2,1,6,1,24,5,-1,-1,-1,-1,9,2,E01029273,0
Unvalidated,2024520401442,2024,520401442,2,19,0,18,6,2,0,1,0,0,0,0,1,1,6,1,38,7,-1,-1,-1,-1,3,1,E01016952,0
Unvalidated,2024520401456,2024,520401456,1,9,0,10,1,7,0,8,0,0,0,0,2,1,6,2,26,6,-1,-1,-1,-1,9,1,E01029074,0
Unvalidated,2024520401456,2024,520401456,2,9,9,18,1,7,0,8,0,0,0,0,1,9,6,3,120,11,-1,-1,-1,-1,-1,-1,-1,0
Unvalidated,2024520401458,2024,520401458,1,9,0,18,5,1,0,0,0,0,0,0,1,1,6,3,120,11,-1,-1,-1,-1,-1,-1,-1,0
Unvalidated,2024520401469,2024,520401469,1,9,0,18,8,4,0,0,0,0,0,0,1,1,6,1,70,10,-1,-1,-1,-1,6,2,E01029218,0
Unvalidated,2024520401469,2024,520401469,2,9,0,3,8,4,0,0,0,0,0,0,2,1,6,1,84,11,-1,-1,-1,-1,8,1,E01029245,0
Unvalidated,2024520401469,2024,520401469,3,90,0,18,4,8,0,0,0,0,0,0,0,1,1,3,120,11,-1,-1,-1,-1,-1,-1,-1,0
Unvalidated,2024520401474,2024,520401474,1,9,0,18,1,5,0,0,0,0,0,0,3,1,6,2,28,6,-1,-1,-1,-1,3,1,E01029112,0
Unvalidated,2024520401474,2024,520401474,2,98,0,11,1,5,0,0,0,0,0,0,1,1,6,2,53,8,-1,-1,-1,-1,2,1,E01029097,0
Unvalidated,2024520401475,2024,520401475,1,9,0,10,6,4,0,8,0,0,0,0,2,1,6,1,31,6,-1,-1,-1,-1,-1,-1,-1,0
Unvalidated,2024520401475,2024,520401475,2,19,9,18,6,1,0,8,0,0,0,0,1,9,6,3,120,11,-1,-1,-1,-1,-1,-1,-1,0
Unvalidated,2024520401479,2024,520401479,1,9,0,18,5,8,0,8,0,0,0,0,1,1,6,2,66,10,-1,-1,-1,-1,5,3,E01029327,0
Unvalidated,2024520401479,2024,520401479,2,9,0,9,8,5,0,8,0,0,0,0,1,1,6,1,77,11,-1,-1,-1,-1,4,3,E01029334,0
Unvalidated,2024520401482,2024,520401482,1,9,0,18,1,6,0,8,0,0,0,0,1,1,6,1,59,9,-1,-1,-1,-1,7,3,E01029199,0
Unvalidated,2024520401482,2024,520401482,2,9,0,5,4,1,0,6,0,0,0,0,1,1,6,1,19,4,-1,-1,-1,-1,6,2,E01029228,0
Unvalidated,2024520401484,2024,520401484,1,9,0,18,6,2,0,0,0,0,0,0,3,1,6,3,120,11,-1,-1,-1,-1,-1,-1,-1,0
Unvalidated,2024520401494,2024,520401494,1,9,0,18,5,8,0,8,0,0,0,0,2,1,6,3,120,11,-1,-1,-1,-1,-1,-1,-1,0
Unvalidated,2024520401494,2024,520401494,2,9,0,18,5,8,0,8,0,0,0,0,1,1,6,2,56,9,-1,-1,-1,-1,5,2,E01029152,0
Unvalidated,2024520401495,2024,520401495,1,5,0,18,5,8,0,8,0,0,0,0,1,1,6,1,49,8,-1,-1,-1,-1,6,1,E01029312,0
Unvalidated,2024520401495,2024,520401495,2,9,0,4,5,1,0,8,0,0,0,0,3,1,6,1,47,8,-1,-1,-1,-1,4,3,E01026016,0
Unvalidated,2024520401502,2024,520401502,1,9,0,17,5,1,0,0,2,0,7,0,1,1,6,2,22,5,-1,-1,-1,-1,10,1,E01029308,0
Unvalidated,2024520401503,2024,520401503,1,9,0,13,7,3,0,8,5,0,1,11,1,1,2,1,32,6,-1,-1,-1,-1,6,1,W01001492,0
Unvalidated,2024520401504,2024,520401504,1,9,0,18,8,4,0,0,0,0,0,0,1,1,6,1,52,8,-1,-1,-1,-1,6,2,E01029227,0
Unvalidated,2024520401508,2024,520401508,1,9,0,18,5,2,0,8,0,0,1,2,1,1,6,1,20,4,-1,-1,-1,-1,7,3,E01029147,0
Unvalidated,2024520401513,2024,520401513,1,19,0,18,8,4,0,8,0,0,0,0,1,1,6,2,33,6,-1,-1,-1,-1,7,3,E01020550,0
Unvalidated,2024520401513,2024,520401513,2,9,0,5,2,6,0,8,0,0,0,0,1,1,6,2,74,10,-1,-1,-1,-1,5,1,E01020503,0
Unvalidated,2024520401515,2024,520401515,1,9,0,18,3,5,0,8,2,9,1,9,1,1,6,1,18,4,-1,-1,-1,-1,6,3,E01029125,0
Unvalidated,2024520401526,2024,520401526,1,9,0,18,2,6,0,0,0,0,0,0,4,1,6,1,42,7,-1,-1,-1,-1,7,1,E01029256,0
Unvalidated,2024520401526,2024,520401526,2,9,0,18,2,6,0,0,0,0,0,0,3,1,6,2,30,6,-1,-1,-1,-1,10,1,E01029263,0
Unvalidated,2024520401526,2024,520401526,3,1,0,18,2,6,0,0,0,0,0,0,1,1,6,1,33,6,-1,-1,-1,-1,3,1,E01014572,0
Unvalidated,2024520401528,2024,520401528,1,9,0,18,4,1,0,8,0,0,0,0,1,1,6,1,79,11,-1,-1,-1,-1,10,1,E01018663,0
Unvalidated,2024520401528,2024,520401528,2,9,0,18,6,1,0,8,0,0,0,0,1,1,6,2,19,4,-1,-1,-1,-1,9,1,E01019906,0
Unvalidated,2024520401537,2024,520401537,1,9,0,7,2,4,0,8,0,0,0,0,1,1,6,2,33,6,-1,-1,-1,-1,1,1,E01029132,0
Unvalidated,2024520401537,2024,520401537,2,19,0,18,8,4,0,8,0,0,0,0,1,1,6,1,31,6,-1,-1,-1,-1,9,1,E01029115,0
Unvalidated,2024520401539,2024,520401539,1,9,0,18,1,5,0,8,0,0,0,0,1,1,6,1,25,5,-1,-1,-1,-1,4,1,E01014448,0
Unvalidated,2024520401539,2024,520401539,2,9,0,18,5,1,0,8,0,0,0,0,1,1,6,1,60,9,-1,-1,-1,-1,10,1,E01020420,0
Unvalidated,2024520401542,2024,520401542,1,9,0,18,6,1,0,8,0,0,0,0,1,1,6,1,79,11,-1,-1,-1,-1,9,2,E01029142,0
Unvalidated,2024520401542,2024,520401542,2,9,0,3,6,1,0,8,0,0,0,0,2,1,6,2,40,7,-1,-1,-1,-1,6,1,E01032631,0
Unvalidated,2024520401546,2024,520401546,1,9,0,18,3,7,0,8,0,0,0,0,3,1,6,2,55,8,-1,-1,-1,-1,6,3,E01029061,0
Unvalidated,2024520401546,2024,520401546,2,9,0,18,2,7,0,8,0,0,0,0,1,1,6,3,120,11,-1,-1,-1,-1,-1,-1,-1,0
Unvalidated,2024520401548,2024,520401548,1,9,0,4,2,5,0,1,0,0,0,0,2,1,6,2,27,6,-1,-1,-1,-1,4,1,E01014815,0
Unvalidated,2024520401548,2024,520401548,2,9,9,18,2,5,0,1,0,0,0,0,1,9,6,3,120,11,-1,-1,-1,-1,-1,-1,-1,0
Unvalidated,2024520401550,2024,520401550,1,9,0,9,3,1,0,6,0,0,0,0,9,1,6,2,60,9,-1,-1,-1,-1,7,3,E01029275,0
Unvalidated,2024520401550,2024,520401550,2,9,0,18,5,1,0,8,0,0,0,0,9,1,6,3,120,11,-1,-1,-1,-1,-1,-1,-1,0
Unvalidated,2024520401551,2024,520401551,1,9,9,18,3,7,0,1,0,0,0,0,1,9,6,3,120,11,-1,-1,-1,-1,-1,-1,-1,0
Unvalidated,2024520401554,2024,520401554,1,1,0,18,5,7,0,0,0,0,0,0,9,1,6,1,16,4,-1,-1,-1,-1,7,3,E01029150,0
Unvalidated,2024520401554,2024,520401554,2,9,9,99,9,9,0,0,0,0,0,0,9,9,6,3,120,11,-1,-1,-1,-1,-1,-1,-1,0
Unvalidated,2024520401555,2024,520401555,1,9,0,18,8,4,0,0,0,0,0,0,1,1,6,3,120,11,-1,-1,-1,-1,-1,-1,-1,0
Unvalidated,2024520401560,2024,520401560,1,9,0,18,1,5,0,0,0,0,0,0,1,1,6,1,67,10,-1,-1,-1,-1,10,1,E01031927,0
Unvalidated,2024520401560,2024,520401560,2,9,0,18,5,1,0,0,0,0,7,4,1,1,6,2,77,11,-1,-1,-1,-1,9,1,E01031897,0
Unvalidated,2024520401566,2024,520401566,1,3,0,18,3,7,0,0,0,0,0,0,1,1,6,1,54,8,-1,-1,-1,-1,5,1,E01029301,0
Unvalidated,2024520401566,2024,520401566,2,21,0,18,3,7,0,0,0,0,0,0,2,1,6,1,37,7,-1,-1,-1,-1,8,1,E01029277,0
Unvalidated,2024520401567,2024,520401567,1,9,0,18,4,8,0,8,0,0,0,0,1,1,6,1,18,4,-1,-1,-1,-1,6,3,E01020531,0
Unvalidated,2024520401567,2024,520401567,2,9,0,18,6,2,0,8,0,0,0,0,3,1,6,2,82,11,-1,-1,-1,-1,7,1,E01029250,0
Unvalidated,2024520401571,2024,520401571,1,9,0,5,5,1,0,8,0,0,0,0,1,1,6,2,37,7,-1,-1,-1,-1,5,1,E01029286,0
Unvalidated,2024520401571,2024,520401571,2,9,0,18,8,4,0,8,0,0,0,0,1,1,6,1,42,7,-1,-1,-1,-1,8,1,E01032630,0
Unvalidated,2024520401574,2024,520401574,1,9,0,18,6,2,0,8,5,0,1,9,1,1,6,1,21,5,-1,-1,-1,-1,8,1,E01029092,0
Unvalidated,2024520401579,2024,520401579,1,19,0,9,2,8,0,4,0,0,0,0,4,1,6,1,63,9,-1,-1,-1,-1,5,3,E01019902,0
Unvalidated,2024520401579,2024,520401579,2,9,0,18,4,8,0,4,0,0,0,0,3,1,6,2,85,11,-1,-1,-1,-1,7,3,E01029178,0
Unvalidated,2024520401580,2024,520401580,1,9,0,18,5,1,0,0,5,0,1,10,1,1,6,2,23,5,-1,-1,-1,-1,7,3,E01029147,0
Unvalidated,2024520401582,2024,520401582,1,9,0,9,2,6,0,1,0,0,0,0,2,1,6,2,52,8,-1,-1,-1,-1,6,3,E01029135,0
Unvalidated,2024520401582,2024,520401582,2,9,0,18,2,5,0,1,0,0,0,0,1,1,6,2,35,6,-1,-1,-1,-1,3,1,E01029096,0
Unvalidated,2024520401583,2024,520401583,1,9,0,9,1,5,0,0,0,0,7,11,9,1,6,1,61,9,-1,-1,-1,-1,8,2,E01022463,0
Unvalidated,2024520401583,2024,520401583,2,97,0,13,1,5,0,0,0,0,0,0,9,1,6,3,120,11,-1,-1,-1,-1,-1,-1,-1,0
Unvalidated,2024520401584,2024,520401584,1,9,0,9,4,2,0,2,0,0,0,0,4,1,6,1,20,4,-1,-1,-1,-1,1,1,E01029105,0
Unvalidated,2024520401584,2024,520401584,2,9,0,18,8,4,0,1,0,0,0,0,1,1,6,2,56,9,-1,-1,-1,-1,5,2,E01029123,0
Unvalidated,2024520401586,2024,520401586,1,9,0,18,3,7,0,0,0,0,0,0,4,1,6,1,38,7,-1,-1,-1,-1,10,1,E01022664,0
Unvalidated,2024520401586,2024,520401586,2,9,0,3,3,7,0,0,0,0,0,0,3,1,6,1,55,8,-1,-1,-1,-1,7,3,E01029155,0
Unvalidated,2024520401591,2024,520401591,1,19,0,4,4,8,0,0,0,0,0,0,2,1,6,1,42,7,-1,-1,-1,-1,4,2,E01029343,0
Unvalidated,2024520401591,2024,520401591,2,3,0,18,4,8,0,0,0,0,0,0,1,1,6,1,19,4,-1,-1,-1,-1,4,1,E01029329,0
Unvalidated,2024520401596,2024,520401596,1,22,0,18,8,4,9,0,0,0,0,0,1,1,6,3,120,11,-1,-1,-1,-1,-1,-1,-1,0
Unvalidated,2024520401599,2024,520401599,1,9,9,18,9,9,0,0,0,0,0,0,9,9,6,3,120,11,-1,-1,-1,-1,-1,-1,-1,0
Unvalidated,2024520401603,2024,520401603,1,9,0,9,6,4,0,8,0,0,0,0,1,1,2,2,35,6,-1,-1,-1,-1,7,3,E01029056,0
Unvalidated,2024520401603,2024,520401603,2,9,0,18,2,6,0,8,0,0,0,0,1,1,6,2,120,11,-1,-1,-1,-1,6,2,E01029064,0
Unvalidated,2024520401610,2024,520401610,1,9,0,18,8,4,0,0,0,0,0,0,4,1,6,2,61,9,-1,-1,-1,-1,8,3,E01029274,0
Unvalidated,2024520401610,2024,520401610,2,1,0,18,4,8,0,0,0,0,0,0,3,1,6,3,120,11,-1,-1,-1,-1,-1,-1,-1,0
Unvalidated,2024520401615,2024,520401615,1,9,0,4,5,1,0,0,0,0,0,0,2,1,6,1,74,10,-1,-1,-1,-1,4,2,E01029179,0
Unvalidated,2024520401615,2024,520401615,2,9,0,18,5,1,0,0,0,0,0,0,1,1,6,1,120,11,-1,-1,-1,-1,8,1,E01029162,0
Unvalidated,2024520401631,2024,520401631,1,9,0,18,7,3,0,1,0,0,0,0,1,1,6,1,19,4,-1,-1,-1,-1,4,3,E01020138,0
Unvalidated,2024520401631,2024,520401631,2,9,0,18,3,7,0,1,0,0,0,0,1,1,6,1,70,10,-1,-1,-1,-1,5,3,E01029268,0
Unvalidated,2024520401640,2024,520401640,1,9,0,5,4,3,0,0,0,0,0,0,3,1,6,2,48,8,-1,-1,-1,-1,7,1,E01029169,0
Unvalidated,2024520401640,2024,520401640,2,3,0,18,3,7,0,0,0,0,0,0,1,1,6,2,34,6,-1,-1,-1,-1,8,2,E01029220,0
Unvalidated,2024520401645,2024,520401645,1,11,0,18,6,2,0,0,0,0,0,0,4,1,1,2,33,6,-1,-1,-1,-1,3,1,E01029291,0
Unvalidated,2024520401651,2024,520401651,1,19,0,18,5,1,0,0,0,0,0,0,4,1,6,1,55,8,-1,-1,-1,-1,9,3,E01014747,0
Unvalidated,2024520401654,2024,520401654,1,19,0,1,4,8,0,0,0,0,0,0,4,1,6,1,36,7,-1,-1,-1,-1,8,2,E01029206,0
Unvalidated,2024520401654,2024,520401654,2,5,0,18,4,8,0,0,0,0,0,0,1,1,6,1,60,9,-1,-1,-1,-1,5,2,E01029154,0
Unvalidated,2024520401659,2024,520401659,1,9,0,18,8,4,0,0,1,0,0,0,3,1,6,1,28,6,-1,-1,-1,-1,3,2,E01029341,0
Unvalidated,2024520401659,2024,520401659,2,9,0,18,4,8,0,0,0,0,0,0,3,1,6,2,74,10,-1,-1,-1,-1,7,3,E01029278,0
Unvalidated,2024520401663,2024,520401663,1,9,0,4,7,3,0,1,0,0,0,0,2,1,6,1,61,9,-1,-1,-1,-1,3,1,E01029284,0
Unvalidated,2024520401663,2024,520401663,2,3,0,18,7,3,0,1,0,0,0,0,1,1,6,1,32,6,-1,-1,-1,-1,3,1,E01029304,0
Unvalidated,2024520401668,2024,520401668,1,19,0,18,1,5,0,8,0,0,0,0,4,1,6,1,38,7,-1,-1,-1,-1,9,2,E01029145,0
Unvalidated,2024520401668,2024,520401668,2,22,0,18,3,1,0,8,0,0,0,0,1,1,6,2,88,11,-1,-1,-1,-1,3,2,E01032635,0
Unvalidated,2024520401670,2024,520401670,1,9,0,3,7,5,0,1,0,0,0,0,2,1,6,2,70,10,-1,-1,-1,-1,6,3,E01029121,0
Unvalidated,2024520401670,2024,520401670,2,9,0,18,9,9,0,1,0,0,0,0,1,1,6,3,120,11,-1,-1,-1,-1,-1,-1,-1,0
Unvalidated,2024520401671,2024,520401671,1,9,0,4,8,4,0,0,0,0,0,0,2,1,6,1,51,8,-1,-1,-1,-1,5,3,E01032629,0