status,collision_index,collision_year,collision_reference,vehicle_reference,vehicle_type,towing_and_articulation,vehicle_manoeuvre,vehicle_direction_from,vehicle_direction_to,vehicle_location_restricted_lane,junction_location,skidding_and_overturning,hit_object_in_carriageway,vehicle_leaving_carriageway,hit_object_off_carriageway,first_point_of_impact,vehicle_left_hand_drive,journey_purpose_of_driver,sex_of_driver,age_of_driver,age_band_of_driver,engine_capacity_cc,propulsion_code,age_of_vehicle,generic_make_model,driver_imd_decile,driver_home_area_type,lsoa_of_driver,escooter_flag
Unvalidated,2024520401671,2024,520401671,2,5,0,18,8,4,0,0,1,0,0,0,1,1,6,1,35,6,-1,-1,-1,-1,5,3,E01032629,0
Unvalidated,2024520401674,2024,520401674,1,9,0,18,8,4,0,0,0,0,0,0,1,1,6,2,48,8,-1,-1,-1,-1,6,3,E01029057,0
Unvalidated,2024520401676,2024,520401676,1,19,0,5,1,8,0,6,0,0,0,0,1,1,6,1,43,7,-1,-1,-1,-1,7,3,E01029224,0
Unvalidated,2024520401676,2024,520401676,2,9,0,18,4,8,0,1,1,0,0,0,1,1,6,2,27,6,-1,-1,-1,-1,6,2,E01029156,0
Unvalidated,2024520401676,2024,520401676,3,9,0,2,0,0,6,1,0,0,0,0,4,1,6,3,120,11,-1,-1,-1,-1,-1,-1,-1,0
Unvalidated,2024520401678,2024,520401678,1,9,0,9,6,2,0,0,0,0,0,0,3,1,6,1,66,10,-1,-1,-1,-1,4,3,E01020496,0
Unvalidated,2024520401678,2024,520401678,2,3,0,18,2,6,0,0,0,0,0,0,1,1,6,2,35,6,-1,-1,-1,-1,6,2,E01029218,0
Unvalidated,2024520401680,2024,520401680,1,19,0,18,8,2,0,8,0,0,0,0,3,1,6,1,38,7,-1,-1,-1,-1,6,1,E01025762,0
Unvalidated,2024520401680,2024,520401680,2,9,0,11,6,8,0,3,0,0,0,0,4,1,6,1,65,9,-1,-1,-1,-1,3,1,E01029304,0
Unvalidated,2024520401682,2024,520401682,1,9,0,9,2,6,0,0,0,0,0,0,3,1,6,2,57,9,-1,-1,-1,-1,8,1,E01023089,0
Unvalidated,2024520401682,2024,520401682,2,5,0,13,2,6,0,0,0,0,0,0,1,1,6,1,28,6,-1,-1,-1,-1,6,3,E01029153,0
Unvalidated,2024520401684,2024,520401684,1,1,0,18,3,7,0,0,0,0,0,0,1,1,6,1,15,3,-1,-1,-1,-1,1,1,E01029105,0
Unvalidated,2024520401684,2024,520401684,2,9,0,18,3,7,0,0,0,0,0,0,4,1,6,1,19,4,-1,-1,-1,-1,-1,-1,-1,0
Unvalidated,2024520401686,2024,520401686,1,21,1,18,3,7,0,0,0,0,0,0,1,1,6,1,54,8,-1,-1,-1,-1,6,1,E01014769,0
Unvalidated,2024520401686,2024,520401686,2,9,0,18,7,3,0,0,5,0,0,0,1,1,6,2,60,9,-1,-1,-1,-1,6,1,E01029040,0
Unvalidated,2024520401686,2024,520401686,3,9,0,18,7,3,0,0,0,0,0,0,1,1,6,2,37,7,-1,-1,-1,-1,8,1,E01029035,0
Unvalidated,2024520401687,2024,520401687,1,5,0,18,5,1,0,0,0,0,0,0,1,1,6,1,77,11,-1,-1,-1,-1,5,2,E01029226,0
Unvalidated,2024520401687,2024,520401687,2,19,0,18,5,1,0,0,0,0,0,0,3,1,6,1,43,7,-1,-1,-1,-1,6,1,E01032679,0
Unvalidated,2024520401691,2024,520401691,1,9,0,3,1,7,0,8,0,0,0,0,2,1,6,2,21,5,-1,-1,-1,-1,10,1,E01029308,0
Unvalidated,2024520401691,2024,520401691,2,19,9,18,1,5,0,8,0,0,0,0,1,1,6,1,56,9,-1,-1,-1,-1,9,3,E01029318,0
Unvalidated,2024520401704,2024,520401704,1,9,3,9,3,1,0,8,0,0,0,0,3,1,6,1,29,6,-1,-1,-1,-1,1,1,E01007416,0
Unvalidated,2024520401704,2024,520401704,2,19,0,18,3,7,0,1,0,0,0,0,2,1,6,1,24,5,-1,-1,-1,-1,9,2,E01029145,0
Unvalidated,2024520401704,2024,520401704,3,9,0,18,3,7,0,1,0,0,0,0,1,1,6,2,66,10,-1,-1,-1,-1,9,2,E01029145,0
Unvalidated,2024520401708,2024,520401708,1,9,0,4,2,6,0,0,0,0,0,0,2,1,6,2,43,7,-1,-1,-1,-1,9,1,E01029032,0
Unvalidated,2024520401708,2024,520401708,2,19,9,18,2,6,0,0,0,0,0,0,1,9,6,3,120,11,-1,-1,-1,-1,-1,-1,-1,0
Unvalidated,2024520401709,2024,520401709,1,5,0,18,5,1,0,0,0,0,0,0,0,1,6,1,41,7,-1,-1,-1,-1,4,1,E01029232,0
Unvalidated,2024520401721,2024,520401721,1,9,0,18,2,6,0,0,0,0,0,0,1,1,6,2,79,11,-1,-1,-1,-1,5,1,E01032636,0
Unvalidated,2024520401728,2024,520401728,1,9,0,4,7,3,0,0,0,0,0,0,2,1,6,2,30,6,-1,-1,-1,-1,9,3,E01029210,0
Unvalidated,2024520401728,2024,520401728,2,9,0,18,7,3,0,0,0,0,0,0,1,1,6,2,56,9,-1,-1,-1,-1,6,2,E01029064,0
Unvalidated,2024520401733,2024,520401733,1,5,0,3,3,7,0,1,0,0,0,0,2,1,6,1,25,5,-1,-1,-1,-1,3,1,E01029036,0
Unvalidated,2024520401733,2024,520401733,2,19,0,18,3,7,0,1,0,0,0,0,1,1,6,3,120,11,-1,-1,-1,-1,-1,-1,-1,0
Unvalidated,2024520401735,2024,520401735,1,9,0,18,6,2,0,0,0,0,0,0,9,1,6,3,120,11,-1,-1,-1,-1,-1,-1,-1,0
Unvalidated,2024520401739,2024,520401739,1,20,0,16,2,1,0,1,0,0,0,0,1,1,6,1,27,6,-1,-1,-1,-1,8,3,E01029194,0
Unvalidated,2024520401739,2024,520401739,2,9,0,17,1,5,0,2,0,0,0,0,1,1,6,2,58,9,-1,-1,-1,-1,6,1,E01029231,0
Unvalidated,2024520401745,2024,520401745,1,3,0,18,7,3,0,8,0,0,0,0,1,1,6,1,28,6,-1,-1,-1,-1,-1,-1,-1,0
Unvalidated,2024520401745,2024,520401745,2,9,0,9,1,7,0,6,0,0,0,0,1,1,6,1,17,4,-1,-1,-1,-1,8,2,E01029126,0
Unvalidated,2024520401747,2024,520401747,1,9,0,18,6,2,0,8,0,0,0,0,1,1,6,1,53,8,-1,-1,-1,-1,5,3,E01029053,0
Unvalidated,2024520401747,2024,520401747,2,21,0,18,4,8,0,8,0,0,0,0,4,1,6,1,26,6,-1,-1,-1,-1,3,1,E01014811,0
Unvalidated,2024520401754,2024,520401754,1,1,0,18,5,1,0,8,0,0,0,0,1,1,6,1,74,10,-1,-1,-1,-1,6,3,E01029121,0
Unvalidated,2024520401754,2024,520401754,2,19,0,9,7,5,0,8,0,0,0,0,1,1,6,2,120,11,-1,-1,-1,-1,-1,-1,-1,0
Unvalidated,2024520401757,2024,520401757,1,9,0,18,7,3,0,0,0,0,0,0,1,1,6,1,19,4,-1,-1,-1,-1,8,3,E01029024,0
Unvalidated,2024520401758,2024,520401758,1,9,0,18,1,5,0,0,0,0,0,0,2,1,6,2,28,6,-1,-1,-1,-1,4,1,E01029241,0
Unvalidated,2024520401758,2024,520401758,2,19,0,18,1,5,0,0,0,0,0,0,1,1,6,1,20,4,-1,-1,-1,-1,4,2,E01020543,0
Unvalidated,2024520401758,2024,520401758,3,17,0,18,5,1,0,0,0,0,0,0,0,1,6,1,27,6,-1,-1,-1,-1,8,2,E01029206,0
Unvalidated,2024520401760,2024,520401760,1,5,0,13,4,8,0,1,0,0,0,0,3,1,6,1,23,5,-1,-1,-1,-1,1,2,W01001274,0
Unvalidated,2024520401766,2024,520401766,1,21,0,18,5,1,0,0,0,0,0,0,1,1,6,1,38,7,-1,-1,-1,-1,3,1,W01001592,0
Unvalidated,2024520401766,2024,520401766,2,9,0,4,5,1,0,0,0,0,0,0,2,1,6,1,26,6,-1,-1,-1,-1,2,1,E01015096,0
Unvalidated,2024520401766,2024,520401766,3,9,0,18,5,1,0,0,0,0,0,0,1,1,6,2,66,10,-1,-1,-1,-1,5,3,E01018785,0
Unvalidated,2024520401768,2024,520401768,1,9,0,18,7,3,0,1,0,0,0,0,1,1,6,2,64,9,-1,-1,-1,-1,5,1,E01029301,0
Unvalidated,2024520401768,2024,520401768,2,9,0,7,7,1,0,8,0,0,0,0,2,1,6,2,34,6,-1,-1,-1,-1,3,1,E01029284,0
Unvalidated,2024520401772,2024,520401772,1,9,0,18,3,8,0,8,0,0,0,0,1,1,6,1,36,7,-1,-1,-1,-1,5,2,E01014439,0
Unvalidated,2024520401776,2024,520401776,1,9,0,9,5,2,0,8,0,0,0,0,1,1,6,2,29,6,-1,-1,-1,-1,4,1,E01029171,0
Unvalidated,2024520401780,2024,520401780,1,1,0,18,2,6,0,0,0,0,0,0,2,1,6,1,74,10,-1,-1,-1,-1,8,3,E01020054,0
Unvalidated,2024520401780,2024,520401780,2,5,0,18,2,6,0,0,0,0,0,0,1,1,6,1,34,6,-1,-1,-1,-1,8,3,E01019962,0
Unvalidated,2024520401781,2024,520401781,1,9,0,10,2,6,0,8,0,0,0,0,4,1,6,2,52,8,-1,-1,-1,-1,10,1,E01029310,0
Unvalidated,2024520401781,2024,520401781,2,3,0,18,2,6,0,8,0,0,1,10,1,1,6,1,19,4,-1,-1,-1,-1,4,2,E01020057,0
Unvalidated,2024520401782,2024,520401782,1,1,0,18,8,4,0,0,0,0,0,0,4,1,6,1,13,3,-1,-1,-1,-1,3,1,E01029029,0
Unvalidated,2024520401782,2024,520401782,2,19,0,2,0,0,0,0,0,0,0,0,3,1,6,3,120,11,-1,-1,-1,-1,-1,-1,-1,0
Unvalidated,2024520401788,2024,520401788,1,1,0,9,2,8,0,6,0,0,0,0,1,1,6,1,54,8,-1,-1,-1,-1,8,2,E01029122,0
Unvalidated,2024520401788,2024,520401788,2,9,0,18,4,7,0,8,0,0,0,0,1,1,6,1,120,11,-1,-1,-1,-1,-1,-1,-1,0
Unvalidated,2024520401792,2024,520401792,1,19,0,18,7,2,0,0,0,0,0,0,4,1,6,3,120,11,-1,-1,-1,-1,-1,-1,-1,0
Unvalidated,2024520401796,2024,520401796,1,19,0,18,5,1,0,0,0,0,0,0,1,1,6,1,38,7,-1,-1,-1,-1,3,1,E01029111,0
Unvalidated,2024520401796,2024,520401796,2,5,0,18,5,1,0,0,0,0,0,0,1,1,6,1,57,9,-1,-1,-1,-1,5,1,E01029108,0
Unvalidated,2024520401801,2024,520401801,1,9,0,18,5,2,0,0,0,0,1,11,1,1,6,1,80,11,-1,-1,-1,-1,6,1,E01032652,0
Unvalidated,2024520401808,2024,520401808,1,19,0,9,5,3,0,8,0,0,0,0,1,1,6,1,22,5,-1,-1,-1,-1,7,1,E01000573,0
Unvalidated,2024520401808,2024,520401808,2,9,0,3,3,7,0,1,0,0,0,0,1,1,6,2,70,10,-1,-1,-1,-1,6,3,E01029135,0
Unvalidated,2024520401808,2024,520401808,3,9,0,3,3,7,0,1,0,0,0,0,1,1,6,2,51,8,-1,-1,-1,-1,9,2,E01029258,0
Unvalidated,2024520401809,2024,520401809,1,9,0,18,8,4,0,8,0,0,0,0,1,1,6,1,46,8,-1,-1,-1,-1,3,1,W01001816,0
Unvalidated,2024520401809,2024,520401809,2,9,0,18,2,6,0,8,0,0,1,0,3,1,6,2,64,9,-1,-1,-1,-1,8,1,E01014472,0
Unvalidated,2024520401811,2024,520401811,1,20,9,18,6,2,0,0,0,0,0,0,4,1,6,3,120,11,-1,-1,-1,-1,-1,-1,-1,0
Unvalidated,2024520401812,2024,520401812,1,1,0,18,9,9,0,1,0,0,0,0,9,1,6,2,65,9,-1,-1,-1,-1,5,1,E01029108,0
Unvalidated,2024520401812,2024,520401812,2,19,0,18,9,9,0,1,0,0,0,0,9,1,6,3,120,11,-1,-1,-1,-1,-1,-1,-1,0
Unvalidated,2024520401813,2024,520401813,1,90,9,18,7,3,0,0,0,0,0,0,3,1,6,3,120,11,-1,-1,-1,-1,-1,-1,-1,0
Unvalidated,2024520401815,2024,520401815,1,1,0,18,7,3,0,0,0,0,0,0,9,1,6,1,22,5,-1,-1,-1,-1,-1,-1,-1,0
Unvalidated,2024520401815,2024,520401815,2,9,0,99,9,9,0,0,0,0,0,0,9,1,6,3,120,11,-1,-1,-1,-1,-1,-1,-1,0
Unvalidated,2024520401822,2024,520401822,1,9,0,18,1,5,0,8,0,0,0,0,3,1,6,2,49,8,-1,-1,-1,-1,10,1,E01029308,0
Unvalidated,2024520401822,2024,520401822,2,9,0,18,1,5,0,8,0,0,0,0,1,1,6,3,120,11,-1,-1,-1,-1,-1,-1,-1,0
Unvalidated,2024520401826,2024,520401826,1,9,0,18,2,6,0,8,0,0,0,0,1,1,6,1,67,10,-1,-1,-1,-1,3,1,W01001645,0
Unvalidated,2024520401826,2024,520401826,2,9,0,9,4,2,0,8,0,0,0,0,1,1,6,1,76,11,-1,-1,-1,-1,9,1,E01029076,0
Unvalidated,2024520401827,2024,520401827,1,9,0,11,5,1,0,2,0,0,5,6,1,1,6,1,42,7,-1,-1,-1,-1,8,1,E01029034,0
Unvalidated,2024520401827,2024,520401827,2,9,0,18,5,1,0,2,0,0,4,6,2,1,6,2,33,6,-1,-1,-1,-1,7,1,E01032067,0
Unvalidated,2024520401827,2024,520401827,3,21,1,18,5,1,0,2,0,0,0,0,3,1,6,1,54,8,-1,-1,-1,-1,9,2,E01014443,0
Unvalidated,2024520401828,2024,520401828,1,9,0,17,4,8,0,2,5,0,7,0,3,1,6,1,19,4,-1,-1,-1,-1,9,1,E01014823,0
Unvalidated,2024520401837,2024,520401837,1,9,0,6,5,5,0,0,0,0,0,0,4,1,6,1,30,6,-1,-1,-1,-1,10,1,E01029263,0
Unvalidated,2024520401837,2024,520401837,2,9,0,18,5,1,0,0,0,0,0,0,3,1,6,2,39,7,-1,-1,-1,-1,8,1,E01020066,0
Unvalidated,2024520401845,2024,520401845,1,9,0,18,4,8,0,8,0,0,0,0,4,1,6,1,64,9,-1,-1,-1,-1,5,3,E01029230,0
Unvalidated,2024520401845,2024,520401845,2,9,0,18,5,1,0,8,0,0,0,0,1,1,6,1,120,11,-1,-1,-1,-1,2,1,E01029177,0
Unvalidated,2024520401856,2024,520401856,1,9,0,18,7,3,0,0,0,0,1,0,1,1,6,1,63,9,-1,-1,-1,-1,5,2,E01029066,0
Unvalidated,2024520401856,2024,520401856,2,19,0,18,3,7,0,0,0,0,0,0,1,1,6,1,21,5,-1,-1,-1,-1,9,2,E01014443,0
Unvalidated,2024520401857,2024,520401857,1,9,0,18,7,3,0,0,0,0,0,0,4,1,6,2,50,8,-1,-1,-1,-1,4,1,E01029241,0
Unvalidated,2024520401858,2024,520401858,1,9,0,18,5,2,0,0,0,0,0,0,9,1,6,2,66,10,-1,-1,-1,-1,7,3,E01029270,0
Unvalidated,2024520401858,2024,520401858,2,17,9,18,1,5,0,0,0,0,0,0,9,1,6,3,120,11,-1,-1,-1,-1,-1,-1,-1,0
Unvalidated,2024520401859,2024,520401859,1,9,0,4,1,5,0,1,0,0,0,0,1,1,6,2,53,8,-1,-1,-1,-1,2,1,E01029097,0
Unvalidated,2024520401859,2024,520401859,2,90,0,18,7,3,0,8,0,0,0,0,4,1,6,2,120,11,-1,-1,-1,-1,-1,-1,-1,1
Unvalidated,2024520401860,2024,520401860,1,9,0,18,2,6,0,0,0,0,0,0,1,1,6,1,43,7,-1,-1,-1,-1,2,1,E01000023,0
Unvalidated,2024520401860,2024,520401860,2,9,0,18,6,2,0,0,0,0,0,0,1,1,6,1,62,9,-1,-1,-1,-1,9,1,E01029076,0
Unvalidated,2024520401861,2024,520401861,1,9,0,2,0,0,0,1,0,0,1,10,3,1,6,2,26,6,-1,-1,-1,-1,2,1,E01029097,0
Unvalidated,2024520401861,2024,520401861,2,9,0,18,3,7,0,1,0,4,7,10,4,1,6,1,18,4,-1,-1,-1,-1,9,1,E01029115,0
Unvalidated,2024520401862,2024,520401862,1,9,0,18,7,2,0,0,5,0,7,10,1,1,6,2,24,5,-1,-1,-1,-1,6,2,E01029156,0
Unvalidated,2024520401862,2024,520401862,2,9,0,18,2,7,0,0,0,0,0,0,4,1,6,1,45,7,-1,-1,-1,-1,2,1,E01029236,0
Unvalidated,2024520401868,2024,520401868,1,9,0,18,5,1,0,8,5,0,7,0,2,1,6,2,71,10,-1,-1,-1,-1,4,3,E01029338,0
Unvalidated,2024520401876,2024,520401876,1,9,0,18,2,6,0,0,0,0,0,0,4,1,6,2,31,6,-1,-1,-1,-1,3,1,E01032094,0
Unvalidated,2024520401876,2024,520401876,2,9,0,6,2,2,8,0,0,0,0,0,1,1,6,1,64,9,-1,-1,-1,-1,9,2,E01024244,0
Unvalidated,2024520401878,2024,520401878,1,9,0,18,6,2,0,8,0,0,1,11,1,1,6,1,86,11,-1,-1,-1,-1,10,1,E01014376,0
Unvalidated,2024520401881,2024,520401881,1,9,0,18,3,7,0,1,0,0,0,0,1,1,6,2,34,6,-1,-1,-1,-1,-1,-1,-1,0
Unvalidated,2024520401883,2024,520401883,1,11,0,5,0,0,0,0,0,0,0,0,4,1,1,1,54,8,-1,-1,-1,-1,3,1,E01029112,0
Unvalidated,2024520401885,2024,520401885,1,9,0,16,3,6,0,0,0,0,0,0,1,1,6,1,21,5,-1,-1,-1,-1,2,1,E01029095,0
Unvalidated,2024520401885,2024,520401885,2,9,0,17,6,2,0,0,0,0,0,0,1,1,6,1,25,5,-1,-1,-1,-1,5,3,E01032629,0
Unvalidated,2024520401886,2024,520401886,1,9,0,18,5,1,0,0,0,4,0,0,4,1,6,1,39,7,-1,-1,-1,-1,3,1,E01029110,0
Unvalidated,2024520401886,2024,520401886,2,9,0,2,0,0,0,0,0,0,0,0,4,1,6,3,120,11,-1,-1,-1,-1,-1,-1,-1,0
Unvalidated,2024520401886,2024,520401886,3,9,0,2,0,0,0,0,0,0,0,0,4,1,6,3,120,11,-1,-1,-1,-1,-1,-1,-1,0
Unvalidated,2024520401888,2024,520401888,1,9,0,18,1,5,0,0,0,0,4,6,1,1,6,2,54,8,-1,-1,-1,-1,4,2,E01020196,0
Unvalidated,2024520401889,2024,520401889,1,9,0,9,3,7,0,8,0,0,0,0,2,1,6,1,68,10,-1,-1,-1,-1,9,2,E01029065,0
Unvalidated,2024520401889,2024,520401889,2,9,0,18,3,7,0,8,0,0,0,0,1,1,6,1,32,6,-1,-1,-1,-1,7,3,E01029063,0
Unvalidated,2024520401890,2024,520401890,1,19,0,17,6,2,0,0,0,0,0,0,3,1,6,1,57,9,-1,-1,-1,-1,3,1,E01029307,0
Unvalidated,2024520401890,2024,520401890,2,9,0,18,6,2,0,0,0,0,0,0,3,1,6,1,31,6,-1,-1,-1,-1,-1,-1,-1,0
Unvalidated,2024520401890,2024,520401890,3,9,0,16,2,6,0,0,0,0,0,0,1,1,6,1,36,7,-1,-1,-1,-1,-1,-1,-1,0
Unvalidated,2024520401892,2024,520401892,1,9,0,18,1,5,0,2,0,0,0,0,1,1,6,1,45,7,-1,-1,-1,-1,3,1,E01029041,0
Unvalidated,2024520401893,2024,520401893,1,9,0,18,7,3,0,8,0,0,0,0,1,1,6,1,84,11,-1,-1,-1,-1,9,2,E01029184,0
Unvalidated,2024520401893,2024,520401893,2,9,0,9,2,3,0,8,0,0,0,0,3,1,6,2,47,8,-1,-1,-1,-1,-1,-1,-1,0
Unvalidated,2024520401897,2024,520401897,1,9,0,18,4,8,0,8,0,0,0,0,1,1,6,1,48,8,-1,-1,-1,-1,7,3,E01029069,0
Unvalidated,2024520401897,2024,520401897,2,9,0,18,2,6,0,6,0,0,0,0,4,1,6,1,80,11,-1,-1,-1,-1,10,1,E01014415,0
Unvalidated,2024520401901,2024,520401901,1,19,0,3,5,1,0,0,0,0,0,0,2,1,6,2,21,5,-1,-1,-1,-1,5,3,E01029327,0
Unvalidated,2024520401901,2024,520401901,2,9,0,18,5,1,0,0,0,0,0,0,1,1,6,1,70,10,-1,-1,-1,-1,6,3,E01029321,0
Unvalidated,2024520401902,2024,520401902,1,9,0,18,6,2,0,8,0,0,0,0,1,1,6,1,24,5,-1,-1,-1,-1,-1,-1,-1,0
Unvalidated,2024520401902,2024,520401902,2,9,0,5,8,4,0,6,0,0,0,0,1,1,6,2,52,8,-1,-1,-1,-1,9,1,E01031915,0
Unvalidated,2024520401903,2024,520401903,1,9,0,18,3,6,0,8,0,0,0,0,1,1,6,1,84,11,-1,-1,-1,-1,4,1,E01014469,0
Unvalidated,2024520401903,2024,520401903,2,9,0,18,1,6,0,8,0,0,0,0,1,1,6,2,21,5,-1,-1,-1,-1,8,3,E01029023,0
Unvalidated,2024520401904,2024,520401904,1,9,0,9,8,7,0,8,0,0,0,0,1,1,6,1,21,5,-1,-1,-1,-1,8,2,E01029225,0
Unvalidated,2024520401904,2024,520401904,2,9,0,18,7,3,0,8,0,0,0,0,1,1,6,2,46,8,-1,-1,-1,-1,8,2,E01029225,0
Unvalidated,2024520401911,2024,520401911,1,9,0,18,9,9,0,1,0,0,0,0,1,1,1,1,56,9,-1,-1,-1,-1,7,3,E01029270,0
Unvalidated,2024520401913,2024,520401913,1,9,0,18,1,5,0,0,0,0,1,0,1,1,6,2,63,9,-1,-1,-1,-1,7,3,E01029199,0
Unvalidated,2024520401913,2024,520401913,2,19,0,18,5,1,0,0,0,0,0,0,1,1,6,1,33,6,-1,-1,-1,-1,4,2,E01029090,0
Unvalidated,2024520401915,2024,520401915,1,9,0,18,8,2,0,7,0,0,0,0,1,1,6,2,36,7,-1,-1,-1,-1,8,3,E01029203,0
Unvalidated,2024520401915,2024,520401915,2,9,0,4,8,2,0,7,0,0,0,0,2,1,6,2,54,8,-1,-1,-1,-1,7,3,E01029191,0
Unvalidated,2024520401923,2024,520401923,1,9,0,9,7,5,0,8,0,0,1,2,4,1,6,1,18,4,-1,-1,-1,-1,7,3,E01029317,0
Unvalidated,2024520401923,2024,520401923,2,9,0,18,3,5,0,4,0,0,0,0,0,1,6,3,120,11,-1,-1,-1,-1,-1,-1,-1,0
Unvalidated,2024520401925,2024,520401925,1,9,0,18,4,7,0,0,0,0,0,0,1,1,6,1,20,4,-1,-1,-1,-1,5,1,E01029108,0
Unvalidated,2024520401925,2024,520401925,2,9,0,3,4,7,0,0,0,0,0,0,2,1,6,2,54,8,-1,-1,-1,-1,8,1,E01029092,0
Unvalidated,2024520401928,2024,520401928,1,11,0,15,3,7,0,0,0,0,0,0,4,1,6,1,28,6,-1,-1,-1,-1,4,1,E01029309,0
Unvalidated,2024520401928,2024,520401928,2,1,0,12,3,7,0,0,0,0,0,0,3,1,6,1,78,11,-1,-1,-1,-1,4,1,E01029281,0
Unvalidated,2024520401931,2024,520401931,1,97,0,18,9,9,0,8,0,0,0,0,9,1,6,3,120,11,-1,-1,-1,-1,-1,-1,-1,0
Unvalidated,2024520401932,2024,520401932,1,9,0,4,7,4,0,0,0,0,0,0,2,1,6,1,38,7,-1,-1,-1,-1,4,2,E01029090,0
Unvalidated,2024520401932,2024,520401932,2,9,0,4,7,4,0,0,0,0,0,0,1,1,6,2,25,5,-1,-1,-1,-1,5,2,E01029067,0
Unvalidated,2024520401932,2024,520401932,3,9,0,18,7,4,0,0,0,0,0,0,1,1,6,2,61,9,-1,-1,-1,-1,10,2,E01029168,0
Unvalidated,2024520401934,2024,520401934,1,9,0,1,9,9,0,0,0,0,0,0,2,1,6,3,120,11,-1,-1,-1,-1,-1,-1,-1,0
Unvalidated,2024520401935,2024,520401935,1,9,0,18,6,2,0,8,0,0,0,0,4,1,6,1,53,8,-1,-1,-1,-1,9,1,E01029294,0
Unvalidated,2024520401935,2024,520401935,2,9,0,7,1,5,0,8,0,0,0,0,1,1,6,1,28,6,-1,-1,-1,-1,9,3,E01029273,0
Unvalidated,2024520401939,2024,520401939,1,9,0,18,6,2,0,0,0,0,0,0,1,1,6,2,32,6,-1,-1,-1,-1,6,1,E01032631,0
Unvalidated,2024520401939,2024,520401939,2,1,0,18,7,3,0,0,0,0,0,0,1,1,4,1,14,3,-1,-1,-1,-1,5,1,E01029102,0
Unvalidated,2024520401947,2024,520401947,1,9,0,18,2,6,0,0,0,0,0,0,1,1,6,2,31,6,-1,-1,-1,-1,5,1,E01029173,0
Unvalidated,2024520401947,2024,520401947,2,9,0,17,6,2,0,0,0,0,0,0,1,1,6,1,53,8,-1,-1,-1,-1,9,2,E01029188,0
Unvalidated,2024520401947,2024,520401947,3,9,0,2,0,0,0,0,0,0,0,0,3,1,6,3,120,11,-1,-1,-1,-1,-1,-1,-1,0
Unvalidated,2024520401947,2024,520401947,4,9,0,2,0,0,0,0,0,0,0,0,3,1,6,3,120,11,-1,-1,-1,-1,-1,-1,-1,0
Unvalidated,2024520401951,2024,520401951,1,9,0,18,1,5,0,8,0,0,0,0,1,1,6,1,68,10,-1,-1,-1,-1,-1,-1,-1,0
Unvalidated,2024520401951,2024,520401951,2,1,0,18,2,1,0,8,0,0,0,0,1,1,6,1,12,3,-1,-1,-1,-1,6,2,E01029218,0
Unvalidated,2024520401953,2024,520401953,1,9,0,9,4,2,0,1,0,0,0,0,2,1,6,2,40,7,-1,-1,-1,-1,5,1,E01032054,0
Unvalidated,2024520401953,2024,520401953,2,17,0,18,4,6,0,1,0,0,0,0,1,1,1,1,36,7,-1,-1,-1,-1,7,1,E01014423,0
Unvalidated,2024520401954,2024,520401954,1,19,0,18,1,5,0,8,0,0,0,0,1,1,6,1,64,9,-1,-1,-1,-1,7,1,E01020479,0
Unvalidated,2024520401954,2024,520401954,2,9,0,5,3,7,0,8,0,0,0,0,3,1,6,1,54,8,-1,-1,-1,-1,6,1,E01032117,0
Unvalidated,2024520401957,2024,520401957,1,3,0,18,7,3,0,8,0,0,0,0,3,1,6,2,49,8,-1,-1,-1,-1,3,1,E01029291,0
Unvalidated,2024520401957,2024,520401957,2,9,0,9,1,7,0,8,0,0,0,0,1,1,6,1,29,6,-1,-1,-1,-1,3,1,E01029284,0
Unvalidated,2024520401960,2024,520401960,1,9,0,18,7,3,0,0,1,0,0,0,1,1,6,1,26,6,-1,-1,-1,-1,3,1,E01029284,0
Unvalidated,2024520401960,2024,520401960,2,9,0,18,3,7,0,0,0,0,0,0,1,1,6,2,50,8,-1,-1,-1,-1,7,3,E01029262,0
Unvalidated,2024520401960,2024,520401960,3,9,0,3,7,3,0,0,0,0,0,0,2,1,6,1,67,10,-1,-1,-1,-1,5,1,E01029257,0
Unvalidated,2024520401961,2024,520401961,1,9,0,18,6,1,0,8,0,0,0,0,3,1,6,1,43,7,-1,-1,-1,-1,7,2,E01029317,0
Unvalidated,2024520401961,2024,520401961,2,1,0,18,6,1,0,8,0,0,0,0,3,1,6,1,51,8,-1,-1,-1,-1,3,1,E01029291,0
Unvalidated,2024520401965,2024,520401965,1,9,0,7,6,1,0,8,0,0,0,0,1,1,6,1,24,5,-1,-1,-1,-1,1,1,E01029234,0
Unvalidated,2024520401965,2024,520401965,2,9,0,18,1,5,0,8,0,0,0,0,1,1,6,1,79,11,-1,-1,-1,-1,6,3,E01029057,0
Unvalidated,2024520401970,2024,520401970,1,9,0,10,5,1,0,1,0,0,0,0,2,1,6,2,79,11,-1,-1,-1,-1,7,3,E01029166,0
Unvalidated,2024520401970,2024,520401970,2,19,0,18,5,1,0,1,0,0,0,0,1,1,6,1,67,10,-1,-1,-1,-1,6,3,E01029027,0
Unvalidated,2024520401971,2024,520401971,1,21,0,18,4,8,0,8,0,0,0,0,1,1,6,1,44,7,-1,-1,-1,-1,2,1,E01029311,0