status,collision_index,collision_year,collision_reference,vehicle_reference,vehicle_type,towing_and_articulation,vehicle_manoeuvre,vehicle_direction_from,vehicle_direction_to,vehicle_location_restricted_lane,junction_location,skidding_and_overturning,hit_object_in_carriageway,vehicle_leaving_carriageway,hit_object_off_carriageway,first_point_of_impact,vehicle_left_hand_drive,journey_purpose_of_driver,sex_of_driver,age_of_driver,age_band_of_driver,engine_capacity_cc,propulsion_code,age_of_vehicle,generic_make_model,driver_imd_decile,driver_home_area_type,lsoa_of_driver,escooter_flag
Unvalidated,2024520401971,2024,520401971,2,5,0,7,3,7,0,3,0,0,0,0,1,1,6,1,65,9,-1,-1,-1,-1,10,1,E01029160,0
Unvalidated,2024520401973,2024,520401973,1,9,0,18,4,8,0,8,0,0,0,0,1,1,6,2,25,5,-1,-1,-1,-1,-1,-1,-1,0
Unvalidated,2024520401973,2024,520401973,2,9,0,9,8,6,0,8,0,0,0,0,1,1,6,1,20,4,-1,-1,-1,-1,8,1,E01032630,0
Unvalidated,2024520401979,2024,520401979,1,9,0,18,6,2,0,0,0,10,7,11,1,1,6,2,18,4,-1,-1,-1,-1,9,2,E01029188,0
Unvalidated,2024520401981,2024,520401981,1,9,0,18,1,6,0,0,0,0,0,0,1,1,6,1,23,5,-1,-1,-1,-1,8,3,E01014383,0
Unvalidated,2024520401981,2024,520401981,2,9,0,18,6,1,0,0,0,0,0,0,1,1,6,1,74,10,-1,-1,-1,-1,-1,-1,-1,0
Unvalidated,2024520401985,2024,520401985,1,9,0,18,2,6,0,0,0,0,7,11,1,1,6,2,60,9,-1,-1,-1,-1,-1,-1,-1,0
Unvalidated,2024520401988,2024,520401988,1,9,0,18,2,6,0,0,1,0,1,7,1,1,6,2,28,6,-1,-1,-1,-1,9,3,E01029273,0
Unvalidated,2024520401997,2024,520401997,1,9,0,18,7,3,0,0,5,0,0,0,1,1,6,1,19,4,-1,-1,-1,-1,7,1,E01029169,0
Unvalidated,2024520402000,2024,520402000,1,9,0,18,5,1,0,2,0,0,0,0,1,1,6,1,71,10,-1,-1,-1,-1,3,1,E01029175,0
Unvalidated,2024520402000,2024,520402000,2,9,0,18,1,5,0,1,0,0,0,0,1,1,6,1,69,10,-1,-1,-1,-1,4,1,E01032101,0
Unvalidated,2024520402008,2024,520402008,1,19,0,18,5,1,0,0,0,0,0,0,1,1,6,2,32,6,-1,-1,-1,-1,7,2,E01029267,0
Unvalidated,2024520402008,2024,520402008,2,1,0,18,1,5,0,0,0,0,0,0,1,1,6,1,43,7,-1,-1,-1,-1,6,1,E01029285,0
Unvalidated,2024520402011,2024,520402011,1,19,0,13,5,8,0,8,0,0,0,0,4,1,6,1,47,8,-1,-1,-1,-1,9,1,E01029115,0
Unvalidated,2024520402011,2024,520402011,2,1,0,18,5,8,0,8,0,0,0,0,3,1,6,3,120,11,-1,-1,-1,-1,-1,-1,-1,0
Unvalidated,2024520402018,2024,520402018,1,9,0,18,5,1,0,1,0,0,0,0,1,1,6,1,26,6,-1,-1,-1,-1,7,3,E01013615,0
Unvalidated,2024520402018,2024,520402018,2,5,0,7,5,7,0,1,0,0,0,0,2,1,6,1,36,7,-1,-1,-1,-1,-1,-1,-1,0
Unvalidated,2024520402021,2024,520402021,1,9,0,18,5,1,0,8,0,9,1,2,4,1,6,2,20,4,-1,-1,-1,-1,8,3,E01032058,0
Unvalidated,2024520402021,2024,520402021,2,9,0,18,7,1,0,8,0,99,9,0,3,1,6,3,120,11,-1,-1,-1,-1,-1,-1,-1,0
Unvalidated,2024520402026,2024,520402026,1,9,0,18,3,7,0,8,0,0,0,0,1,1,6,1,53,8,-1,-1,-1,-1,5,2,E01029143,0
Unvalidated,2024520402026,2024,520402026,2,9,0,18,5,1,0,8,0,0,0,0,3,1,6,2,67,10,-1,-1,-1,-1,7,3,E01029056,0
Unvalidated,2024520402027,2024,520402027,1,9,0,9,4,2,0,6,0,0,0,0,3,1,6,2,79,11,-1,-1,-1,-1,8,3,E01028715,0
Unvalidated,2024520402027,2024,520402027,2,9,0,18,2,6,0,8,0,0,0,0,1,1,6,1,48,8,-1,-1,-1,-1,7,3,E01029140,0
Unvalidated,2024520402031,2024,520402031,1,19,0,18,8,4,0,0,0,0,0,0,4,1,6,3,120,11,-1,-1,-1,-1,-1,-1,-1,0
Unvalidated,2024520402032,2024,520402032,1,9,0,9,3,7,0,8,0,0,0,0,3,1,6,1,68,10,-1,-1,-1,-1,6,3,E01029061,0
Unvalidated,2024520402032,2024,520402032,2,5,0,18,1,5,0,8,0,0,0,0,1,1,6,1,57,9,-1,-1,-1,-1,10,1,E01014937,0
Unvalidated,2024520402033,2024,520402033,1,9,0,99,9,9,0,8,0,0,0,0,2,1,6,2,28,6,-1,-1,-1,-1,3,1,E01029112,0
Unvalidated,2024520402033,2024,520402033,2,8,0,18,9,9,0,8,0,0,0,0,1,1,6,3,120,11,-1,-1,-1,-1,-1,-1,-1,0
Unvalidated,2024520402034,2024,520402034,1,9,0,18,4,8,0,1,0,0,0,0,2,1,6,1,30,6,-1,-1,-1,-1,6,3,E01019959,0
Unvalidated,2024520402034,2024,520402034,2,9,0,18,4,8,0,1,0,0,0,0,1,1,6,3,120,11,-1,-1,-1,-1,-1,-1,-1,0
Unvalidated,2024520402034,2024,520402034,3,9,0,10,4,1,0,1,0,0,0,0,2,1,6,3,120,11,-1,-1,-1,-1,-1,-1,-1,0
Unvalidated,2024520402040,2024,520402040,1,9,0,7,7,1,0,6,0,0,0,0,1,1,6,1,22,5,-1,-1,-1,-1,9,2,E01029142,0
Unvalidated,2024520402040,2024,520402040,2,4,0,18,1,5,0,8,0,0,0,0,1,1,6,1,17,4,-1,-1,-1,-1,5,2,E01029143,0
Unvalidated,2024520402042,2024,520402042,1,9,0,9,3,1,0,2,0,0,0,0,1,1,6,2,78,11,-1,-1,-1,-1,9,3,E01020497,0
Unvalidated,2024520402042,2024,520402042,2,19,0,18,5,1,0,2,0,0,0,0,2,1,6,1,31,6,-1,-1,-1,-1,5,2,E01029167,0
Unvalidated,2024520402042,2024,520402042,3,19,0,18,5,1,0,1,0,0,0,0,2,1,6,1,38,7,-1,-1,-1,-1,6,3,E01029192,0
Unvalidated,2024520402043,2024,520402043,1,9,0,18,7,3,0,0,0,0,0,0,4,1,6,2,64,9,-1,-1,-1,-1,6,1,E01029305,0
Unvalidated,2024520402054,2024,520402054,1,4,0,18,8,5,0,2,0,0,0,0,1,1,6,1,22,5,-1,-1,-1,-1,4,1,E01029329,0
Unvalidated,2024520402054,2024,520402054,2,9,0,18,8,5,0,2,0,0,0,0,2,1,6,1,28,6,-1,-1,-1,-1,3,2,E01029341,0
Unvalidated,2024520402057,2024,520402057,1,9,0,18,7,3,0,0,2,0,8,10,1,1,6,2,41,7,-1,-1,-1,-1,3,1,E01032094,0
Unvalidated,2024520402059,2024,520402059,1,9,0,17,1,5,0,0,5,0,2,4,1,1,6,1,21,5,-1,-1,-1,-1,3,2,E01029339,0
Unvalidated,2024520402060,2024,520402060,1,9,0,18,6,2,0,0,1,0,1,4,1,1,6,3,120,11,-1,-1,-1,-1,-1,-1,-1,0
Unvalidated,2024520402064,2024,520402064,1,9,4,18,2,6,0,0,0,0,0,0,1,1,6,1,57,9,-1,-1,-1,-1,6,3,E01020243,0
Unvalidated,2024520402064,2024,520402064,2,9,0,18,6,2,0,0,0,0,7,10,1,1,6,2,64,9,-1,-1,-1,-1,7,3,E01029199,0
Unvalidated,2024520402065,2024,520402065,1,9,0,2,0,0,0,0,0,0,0,0,2,1,6,2,31,6,-1,-1,-1,-1,4,1,E01029090,0
Unvalidated,2024520402065,2024,520402065,2,9,0,16,1,5,0,0,0,0,0,0,1,1,6,2,31,6,-1,-1,-1,-1,7,3,E01029151,0
Unvalidated,2024520402070,2024,520402070,1,1,0,18,5,1,0,0,0,0,0,0,1,1,6,1,53,8,-1,-1,-1,-1,2,1,E01029131,0
Unvalidated,2024520402070,2024,520402070,2,9,0,1,1,5,0,0,0,0,0,0,2,1,6,2,47,8,-1,-1,-1,-1,7,2,E01029127,0
Unvalidated,2024520402071,2024,520402071,1,1,0,18,3,7,0,8,0,0,0,0,4,1,4,1,14,3,-1,-1,-1,-1,8,3,E01029274,0
Unvalidated,2024520402071,2024,520402071,2,19,0,7,7,2,0,5,0,0,0,0,1,1,6,1,30,6,-1,-1,-1,-1,5,1,E01029286,0
Unvalidated,2024520402076,2024,520402076,1,9,0,18,3,7,0,8,0,0,0,0,1,1,6,1,75,10,-1,-1,-1,-1,8,1,E01029296,0
Unvalidated,2024520402077,2024,520402077,1,9,0,18,5,1,0,0,0,4,0,0,1,1,6,1,76,11,-1,-1,-1,-1,7,3,E01029214,0
Unvalidated,2024520402077,2024,520402077,2,9,0,2,0,0,0,0,0,0,0,0,2,1,6,3,120,11,-1,-1,-1,-1,-1,-1,-1,0
Unvalidated,2024520402077,2024,520402077,3,9,0,18,1,7,0,0,0,0,0,0,0,1,6,3,120,11,-1,-1,-1,-1,-1,-1,-1,0
Unvalidated,2024520402077,2024,520402077,4,9,0,2,0,0,0,0,0,0,0,0,1,1,6,2,35,6,-1,-1,-1,-1,8,3,E01029204,0
Unvalidated,2024520402078,2024,520402078,1,19,0,1,6,2,0,0,0,0,0,0,2,1,6,1,47,8,-1,-1,-1,-1,3,1,E01015167,0
Unvalidated,2024520402080,2024,520402080,1,21,1,18,6,2,0,0,0,0,1,10,1,1,1,1,67,10,-1,-1,-1,-1,2,1,E01022324,0
Unvalidated,2024520402081,2024,520402081,1,9,0,4,1,5,0,1,0,0,0,0,1,1,6,2,46,8,-1,-1,-1,-1,5,3,E01029230,0
Unvalidated,2024520402083,2024,520402083,1,9,0,18,6,2,0,8,0,0,3,0,1,1,6,1,86,11,-1,-1,-1,-1,6,1,E01029078,0
Unvalidated,2024520402083,2024,520402083,2,9,0,18,4,8,0,8,0,0,0,0,4,1,6,2,34,6,-1,-1,-1,-1,6,3,E01029061,0
Unvalidated,2024520402084,2024,520402084,1,9,0,18,7,3,0,0,0,11,7,11,1,1,6,2,77,11,-1,-1,-1,-1,8,1,E01014425,0
Unvalidated,2024520402087,2024,520402087,1,9,0,18,3,7,0,0,0,0,0,0,1,1,6,1,43,7,-1,-1,-1,-1,2,1,W01001693,0
Unvalidated,2024520402087,2024,520402087,2,19,0,2,0,0,0,0,0,0,0,0,2,1,6,3,120,11,-1,-1,-1,-1,-1,-1,-1,0
Unvalidated,2024520402093,2024,520402093,1,9,0,5,2,6,0,4,0,0,0,0,3,1,6,2,61,9,-1,-1,-1,-1,9,3,E01029260,0
Unvalidated,2024520402093,2024,520402093,2,1,0,18,8,6,0,8,0,0,0,0,1,1,6,1,60,9,-1,-1,-1,-1,6,1,E01032652,0
Unvalidated,2024520402100,2024,520402100,1,3,0,4,2,6,0,0,0,0,0,0,0,1,6,1,69,10,-1,-1,-1,-1,10,1,E01007954,0
Unvalidated,2024520402105,2024,520402105,1,4,0,18,1,5,0,8,0,0,0,0,1,1,6,1,27,6,-1,-1,-1,-1,7,3,E01029155,0
Unvalidated,2024520402105,2024,520402105,2,9,0,5,3,5,0,8,0,0,0,0,1,1,6,1,73,10,-1,-1,-1,-1,5,2,E01029167,0
Unvalidated,2024520402107,2024,520402107,1,9,0,18,5,1,0,0,0,0,0,0,4,1,6,1,56,9,-1,-1,-1,-1,8,3,E01029201,0
Unvalidated,2024520402107,2024,520402107,2,22,0,18,7,3,0,0,0,0,0,0,1,1,6,2,55,8,-1,-1,-1,-1,5,1,E01029108,0
Unvalidated,2024520402109,2024,520402109,1,3,0,16,4,8,0,0,0,11,0,0,1,1,6,1,29,6,-1,-1,-1,-1,5,1,E01014804,0
Unvalidated,2024520402111,2024,520402111,1,9,0,18,5,1,0,8,0,0,0,0,1,1,6,1,56,9,-1,-1,-1,-1,9,2,E01014441,0
Unvalidated,2024520402121,2024,520402121,1,9,0,9,4,3,0,8,0,0,0,0,1,1,6,1,23,5,-1,-1,-1,-1,7,1,E01029055,0
Unvalidated,2024520402121,2024,520402121,2,1,0,18,1,5,4,8,0,0,0,0,0,1,6,1,63,9,-1,-1,-1,-1,6,1,E01029078,0
Unvalidated,2024520402129,2024,520402129,1,9,0,4,2,6,0,8,0,0,0,0,4,1,6,1,18,4,-1,-1,-1,-1,8,1,E01029118,0
Unvalidated,2024520402129,2024,520402129,2,9,0,5,4,2,0,6,0,0,0,0,1,1,6,1,71,10,-1,-1,-1,-1,1,1,E01029105,0
Unvalidated,2024520402130,2024,520402130,1,9,0,18,6,2,0,8,0,0,0,0,1,1,6,1,44,7,-1,-1,-1,-1,8,1,E01014472,0
Unvalidated,2024520402130,2024,520402130,2,9,0,9,8,6,0,8,0,0,0,0,3,1,6,2,75,10,-1,-1,-1,-1,6,1,E01029039,0
Unvalidated,2024520402132,2024,520402132,1,9,0,18,1,5,0,8,0,10,0,0,4,1,6,1,30,6,-1,-1,-1,-1,3,1,E01014665,0
Unvalidated,2024520402132,2024,520402132,2,9,0,10,1,7,0,8,0,0,0,0,3,1,6,2,54,8,-1,-1,-1,-1,6,3,E01029077,0
Unvalidated,2024520402133,2024,520402133,1,9,0,18,7,3,0,0,0,0,1,10,1,1,6,2,19,4,-1,-1,-1,-1,5,1,E01029253,0
Unvalidated,2024520402134,2024,520402134,1,19,0,4,2,6,0,8,0,0,0,0,3,1,6,1,65,9,-1,-1,-1,-1,7,3,E01014848,0
Unvalidated,2024520402134,2024,520402134,2,9,0,10,2,7,0,8,0,0,0,0,2,1,6,2,70,10,-1,-1,-1,-1,2,1,E01015086,0
Unvalidated,2024520402134,2024,520402134,3,9,0,18,2,7,0,8,0,0,0,0,1,1,6,1,59,9,-1,-1,-1,-1,9,1,E01014422,0
Unvalidated,2024520402137,2024,520402137,1,9,0,18,8,4,0,8,0,0,1,11,4,1,6,2,40,7,-1,-1,-1,-1,9,1,E01029031,0
Unvalidated,2024520402137,2024,520402137,2,9,0,9,6,4,0,8,0,0,0,0,1,1,6,1,68,10,-1,-1,-1,-1,-1,-1,-1,0
Unvalidated,2024520402138,2024,520402138,1,9,0,18,4,2,0,8,0,0,0,0,3,1,6,2,39,7,-1,-1,-1,-1,3,1,E01029280,0
Unvalidated,2024520402138,2024,520402138,2,9,0,18,9,9,0,8,0,0,0,0,4,1,6,1,120,11,-1,-1,-1,-1,3,1,E01029112,0
Unvalidated,2024520402146,2024,520402146,1,11,0,18,1,5,0,8,0,0,0,0,1,1,6,1,30,6,-1,-1,-1,-1,5,1,W01000693,0
Unvalidated,2024520402146,2024,520402146,2,9,0,9,7,5,0,8,0,0,0,0,3,1,6,2,56,9,-1,-1,-1,-1,10,1,E01032080,0
Unvalidated,2024520402147,2024,520402147,1,9,0,18,1,5,0,0,0,0,0,0,1,1,6,1,70,10,-1,-1,-1,-1,7,3,E01029026,0
Unvalidated,2024520402147,2024,520402147,2,9,0,18,5,1,0,0,0,0,0,0,1,1,6,1,35,6,-1,-1,-1,-1,7,3,E01029026,0
Unvalidated,2024520402151,2024,520402151,1,5,0,7,3,5,0,8,1,0,0,0,4,1,6,1,34,6,-1,-1,-1,-1,8,1,E01030575,0
Unvalidated,2024520402174,2024,520402174,1,9,0,18,7,3,0,0,0,0,0,0,1,1,6,1,18,4,-1,-1,-1,-1,5,2,E01029259,0
Unvalidated,2024520402174,2024,520402174,2,9,0,18,3,7,0,0,0,0,0,0,1,1,6,1,72,10,-1,-1,-1,-1,5,3,E01029342,0
Unvalidated,2024520402174,2024,520402174,3,21,0,18,7,3,0,0,0,0,0,0,1,1,6,1,43,7,-1,-1,-1,-1,1,1,W01001609,0
Unvalidated,2024520402177,2024,520402177,1,9,0,18,3,7,0,0,5,0,1,3,1,1,6,1,41,7,-1,-1,-1,-1,6,3,E01029125,0
Unvalidated,2024520402179,2024,520402179,1,9,0,18,3,7,0,0,0,0,1,9,1,1,6,1,21,5,-1,-1,-1,-1,5,1,E01029075,0
Unvalidated,2024520402179,2024,520402179,2,9,0,18,7,3,0,0,0,0,0,0,1,1,6,1,26,6,-1,-1,-1,-1,6,1,W01001824,0
Unvalidated,2024520402192,2024,520402192,1,9,0,18,5,1,0,1,0,0,0,0,3,1,6,2,19,4,-1,-1,-1,-1,8,1,E01032021,0
Unvalidated,2024520402192,2024,520402192,2,9,0,9,3,1,0,6,0,0,0,0,1,1,6,3,120,11,-1,-1,-1,-1,-1,-1,-1,0
Unvalidated,2024520402199,2024,520402199,1,19,0,18,8,5,0,8,0,0,0,0,1,1,6,1,56,9,-1,-1,-1,-1,6,2,E01029028,0
Unvalidated,2024520402199,2024,520402199,2,9,0,18,5,8,0,8,0,0,0,0,1,1,6,1,17,4,-1,-1,-1,-1,10,2,E01029168,0
Unvalidated,2024520402205,2024,520402205,1,9,0,18,2,8,0,8,0,0,0,0,1,1,6,3,120,11,-1,-1,-1,-1,-1,-1,-1,0
Unvalidated,2024520402205,2024,520402205,2,1,0,10,2,8,0,8,0,0,0,0,1,1,6,2,30,6,-1,-1,-1,-1,5,1,E01029253,0
Unvalidated,2024520402210,2024,520402210,1,1,0,18,7,3,0,0,0,0,0,0,4,1,6,1,18,4,-1,-1,-1,-1,2,1,E01029107,0
Unvalidated,2024520402210,2024,520402210,2,9,0,2,0,0,0,0,0,0,0,0,3,1,6,3,120,11,-1,-1,-1,-1,-1,-1,-1,0
Unvalidated,2024520402216,2024,520402216,1,11,0,18,2,6,0,0,0,0,0,0,1,1,6,1,60,9,-1,-1,-1,-1,5,1,E01029257,0
Unvalidated,2024520402216,2024,520402216,2,10,0,18,6,2,0,0,0,0,0,0,3,1,6,2,52,8,-1,-1,-1,-1,6,3,E01029054,0
Unvalidated,2024520402216,2024,520402216,3,9,0,18,6,2,0,0,0,0,0,0,3,1,6,1,69,10,-1,-1,-1,-1,9,1,E01009704,0
Unvalidated,2024520402231,2024,520402231,1,9,0,18,7,3,0,0,0,0,0,0,1,1,6,2,25,5,-1,-1,-1,-1,5,2,E01029336,0
Unvalidated,2024520402231,2024,520402231,2,9,0,18,3,7,0,0,0,0,0,0,1,1,6,1,56,9,-1,-1,-1,-1,10,3,E01025787,0
Unvalidated,2024520402231,2024,520402231,3,9,0,18,7,3,0,0,0,0,0,0,1,1,6,1,57,9,-1,-1,-1,-1,8,2,E01028829,0
Unvalidated,2024520402231,2024,520402231,4,9,0,18,3,7,0,0,0,0,0,0,3,1,6,2,42,7,-1,-1,-1,-1,4,1,E01029329,0
Unvalidated,2024520402242,2024,520402242,1,9,0,18,5,1,0,0,0,0,0,0,1,1,6,1,32,6,-1,-1,-1,-1,10,1,E01014793,0
Unvalidated,2024520402242,2024,520402242,2,21,0,18,1,5,0,0,0,0,0,0,1,1,6,1,62,9,-1,-1,-1,-1,5,2,E01029067,0
Unvalidated,2024520402250,2024,520402250,1,1,0,18,3,7,0,0,0,0,0,0,3,1,6,1,58,9,-1,-1,-1,-1,10,3,E01014460,0
Unvalidated,2024520402250,2024,520402250,2,9,0,13,3,7,0,0,0,0,0,0,1,1,6,3,120,11,-1,-1,-1,-1,-1,-1,-1,0
Unvalidated,2024520402254,2024,520402254,1,97,0,18,9,9,0,8,0,0,0,0,9,1,6,3,120,11,-1,-1,-1,-1,-1,-1,-1,0
Unvalidated,2024520402262,2024,520402262,1,9,0,4,6,2,0,2,0,0,0,0,2,1,6,1,59,9,-1,-1,-1,-1,10,1,E01028397,0
Unvalidated,2024520402262,2024,520402262,2,9,9,18,9,9,0,1,0,0,0,0,1,9,6,1,120,11,-1,-1,-1,-1,-1,-1,-1,0
Unvalidated,2024520402269,2024,520402269,1,1,0,18,8,6,0,0,0,0,0,0,9,1,6,1,10,2,-1,-1,-1,-1,6,2,E01029028,0
Unvalidated,2024520402269,2024,520402269,2,9,9,99,9,9,0,0,0,0,0,0,9,9,6,1,120,11,-1,-1,-1,-1,-1,-1,-1,0
Unvalidated,2024520402272,2024,520402272,1,1,0,18,8,4,0,8,0,0,0,0,1,1,6,1,35,6,-1,-1,-1,-1,4,1,E01029119,0
Unvalidated,2024520402272,2024,520402272,2,9,0,5,2,6,0,4,0,0,0,0,3,1,6,3,120,11,-1,-1,-1,-1,-1,-1,-1,0
Unvalidated,2024520402291,2024,520402291,1,3,0,17,8,6,0,1,0,0,0,0,0,1,6,2,17,4,-1,-1,-1,-1,6,1,E01029080,0
Unvalidated,2024520402291,2024,520402291,2,9,0,18,2,6,0,8,0,0,0,0,0,1,6,3,120,11,-1,-1,-1,-1,-1,-1,-1,0
Unvalidated,2024520402321,2024,520402321,1,19,9,18,9,9,0,0,0,0,0,0,9,1,6,3,120,11,-1,-1,-1,-1,-1,-1,-1,0
Unvalidated,2024520402324,2024,520402324,1,1,0,18,4,2,0,0,0,0,0,0,1,1,6,1,32,6,-1,-1,-1,-1,4,1,E01011986,0
Unvalidated,2024520402324,2024,520402324,2,19,0,18,2,4,0,0,0,0,0,0,1,1,6,3,120,11,-1,-1,-1,-1,-1,-1,-1,0
Unvalidated,2024520402334,2024,520402334,1,9,0,1,9,9,0,0,0,0,0,0,2,1,6,3,120,11,-1,-1,-1,-1,-1,-1,-1,0
Unvalidated,2024520402335,2024,520402335,1,9,0,18,1,6,0,8,0,0,1,2,1,1,6,2,26,6,-1,-1,-1,-1,1,1,E01029292,0
Unvalidated,2024520402339,2024,520402339,1,90,0,18,7,4,0,0,5,0,0,0,1,1,6,1,51,8,-1,-1,-1,-1,10,1,E01027206,0
Unvalidated,2024520402342,2024,520402342,1,19,0,18,3,6,0,0,0,0,0,0,1,1,6,1,66,10,-1,-1,-1,-1,5,1,E01029314,0
Unvalidated,2024520402342,2024,520402342,2,1,0,18,3,6,0,0,0,0,0,0,1,1,6,1,14,3,-1,-1,-1,-1,-1,-1,-1,0
Unvalidated,2024520402352,2024,520402352,1,19,0,18,9,9,0,0,0,0,0,0,9,1,6,3,120,11,-1,-1,-1,-1,-1,-1,-1,0
Unvalidated,2024520402372,2024,520402372,1,9,0,18,2,6,0,0,0,0,0,0,1,1,6,1,72,10,-1,-1,-1,-1,5,3,E01029230,0
Unvalidated,2024520402372,2024,520402372,2,9,0,1,5,1,0,0,0,0,0,0,2,1,6,3,120,11,-1,-1,-1,-1,-1,-1,-1,0
Unvalidated,2024520402373,2024,520402373,1,19,0,7,1,3,0,8,0,0,0,0,1,1,6,1,48,8,-1,-1,-1,-1,-1,-1,-1,0
Unvalidated,2024520402373,2024,520402373,2,1,0,18,7,3,0,8,0,0,0,0,1,1,6,1,19,4,-1,-1,-1,-1,5,1,E01029173,0
Unvalidated,2024520402385,2024,520402385,1,9,0,18,2,6,0,0,0,0,0,0,1,1,6,1,27,6,-1,-1,-1,-1,2,1,W01001474,0
Unvalidated,2024520402385,2024,520402385,2,9,0,4,2,6,0,0,0,0,0,0,2,1,6,2,53,8,-1,-1,-1,-1,4,2,E01032627,0
Unvalidated,2024520402385,2024,520402385,3,9,0,4,2,6,0,0,0,0,0,0,2,1,6,2,20,4,-1,-1,-1,-1,6,1,E01029080,0
Unvalidated,2024520402385,2024,520402385,4,9,0,4,2,6,0,0,0,0,0,0,2,1,6,2,20,4,-1,-1,-1,-1,7,3,E01029224,0
Unvalidated,2024520402424,2024,520402424,1,1,0,18,8,4,0,0,0,0,0,0,1,1,6,2,69,10,-1,-1,-1,-1,4,3,E01029068,0
Unvalidated,2024520402424,2024,520402424,2,9,0,18,8,4,0,0,0,0,0,0,2,1,6,1,65,9,-1,-1,-1,-1,5,2,E01029067,0
Unvalidated,2024520402452,2024,520402452,1,9,0,18,1,7,5,3,0,0,0,0,1,1,6,1,21,5,-1,-1,-1,-1,3,1,E01029110,0
Unvalidated,2024520402452,2024,520402452,2,1,0,18,3,7,5,3,0,0,0,0,3,1,6,1,47,8,-1,-1,-1,-1,5,2,E01029152,0
Unvalidated,2024520402455,2024,520402455,1,9,0,18,7,3,0,0,5,0,1,10,1,1,6,1,20,4,-1,-1,-1,-1,5,1,E01029324,0
Unvalidated,2024520402455,2024,520402455,2,9,0,18,7,3,0,0,0,0,0,0,2,1,1,1,69,10,-1,-1,-1,-1,5,3,E01029336,0
Unvalidated,2024520402460,2024,520402460,1,4,0,18,3,7,0,8,0,0,0,0,4,1,6,1,46,8,-1,-1,-1,-1,3,1,E01019985,0
Unvalidated,2024520402460,2024,520402460,2,9,0,18,9,9,0,8,9,0,0,0,3,1,6,1,120,11,-1,-1,-1,-1,5,1,E01029324,0
Unvalidated,2024520402475,2024,520402475,1,9,0,18,3,7,0,0,0,0,0,0,1,1,6,1,26,6,-1,-1,-1,-1,5,1,E01029101,0
Unvalidated,2024520402475,2024,520402475,2,17,0,18,3,7,0,0,0,0,0,0,2,1,6,1,43,7,-1,-1,-1,-1,6,3,E01029125,0
Unvalidated,2024520402475,2024,520402475,3,9,0,18,7,3,0,0,0,0,0,0,1,1,6,2,30,6,-1,-1,-1,-1,5,3,E01029259,0
Unvalidated,2024520402497,2024,520402497,1,9,0,18,4,8,0,0,0,0,0,0,1,1,6,2,49,8,-1,-1,-1,-1,7,1,E01029120,0
Unvalidated,2024520402506,2024,520402506,1,9,0,18,5,1,0,8,0,0,0,0,1,1,6,1,25,5,-1,-1,-1,-1,4,2,E01029183,0
Unvalidated,2024520402506,2024,520402506,2,9,0,18,8,4,0,8,0,0,0,0,3,1,6,2,17,4,-1,-1,-1,-1,5,1,E01029255,0
Unvalidated,2024520402528,2024,520402528,1,19,0,18,6,2,0,8,0,0,0,0,3,1,6,1,53,8,-1,-1,-1,-1,9,1,E01029031,0
Unvalidated,2024520402528,2024,520402528,2,9,0,18,2,6,0,8,0,0,0,0,1,1,6,1,51,8,-1,-1,-1,-1,2,1,E01029248,0
Unvalidated,2024520402552,2024,520402552,1,5,0,18,6,2,0,8,0,0,0,0,1,1,6,2,43,7,-1,-1,-1,-1,8,1,E01032672,0
Unvalidated,2024520402552,2024,520402552,2,9,0,10,6,4,0,8,0,0,0,0,2,1,6,1,41,7,-1,-1,-1,-1,10,1,E01014761,0
Unvalidated,2024520402662,2024,520402662,1,19,0,18,5,1,0,8,0,0,7,11,1,1,6,1,31,6,-1,-1,-1,-1,7,3,E01029018,0
Unvalidated,2024520402675,2024,520402675,1,9,3,9,2,8,0,8,0,0,0,0,1,1,6,1,77,11,-1,-1,-1,-1,1,2,E01007333,0
Unvalidated,2024520402675,2024,520402675,2,5,0,18,8,4,0,8,0,0,0,0,3,1,6,1,60,9,-1,-1,-1,-1,9,3,E01029260,0
Unvalidated,2024520402697,2024,520402697,1,9,0,18,2,6,0,2,0,0,0,0,1,1,6,1,25,5,-1,-1,-1,-1,8,1,E01029282,0
Unvalidated,2024520402697,2024,520402697,2,9,0,2,0,0,0,1,0,0,0,0,3,1,6,3,120,11,-1,-1,-1,-1,-1,-1,-1,0
Unvalidated,2024520402697,2024,520402697,3,9,0,2,0,0,0,1,0,0,0,0,2,1,6,3,120,11,-1,-1,-1,-1,-1,-1,-1,0
Unvalidated,2024520402697,2024,520402697,4,9,0,2,0,0,0,1,0,0,0,0,2,1,6,3,120,11,-1,-1,-1,-1,-1,-1,-1,0
Unvalidated,2024520402697,2024,520402697,5,9,0,2,0,0,0,1,0,0,0,0,2,1,6,3,120,11,-1,-1,-1,-1,-1,-1,-1,0
Unvalidated,2024520402698,2024,520402698,1,9,0,18,8,4,0,0,5,0,7,10,1,1,6,2,26,6,-1,-1,-1,-1,4,1,W01001063,0
Unvalidated,2024520402704,2024,520402704,1,9,0,9,6,5,0,6,0,0,0,0,3,1,6,1,52,8,-1,-1,-1,-1,6,3,E01029125,0