status,collision_index,collision_year,collision_reference,vehicle_reference,vehicle_type,towing_and_articulation,vehicle_manoeuvre,vehicle_direction_from,vehicle_direction_to,vehicle_location_restricted_lane,junction_location,skidding_and_overturning,hit_object_in_carriageway,vehicle_leaving_carriageway,hit_object_off_carriageway,first_point_of_impact,vehicle_left_hand_drive,journey_purpose_of_driver,sex_of_driver,age_of_driver,age_band_of_driver,engine_capacity_cc,propulsion_code,age_of_vehicle,generic_make_model,driver_imd_decile,driver_home_area_type,lsoa_of_driver,escooter_flag
Unvalidated,2024520402704,2024,520402704,2,1,0,18,5,1,0,1,0,0,0,0,1,1,6,1,52,8,-1,-1,-1,-1,3,1,E01029111,0
Unvalidated,2024520402706,2024,520402706,1,9,0,18,3,7,0,0,0,0,0,0,1,1,6,2,27,6,-1,-1,-1,-1,9,2,E01029129,0
Unvalidated,2024520402706,2024,520402706,2,9,0,13,7,3,0,0,0,0,0,0,1,1,6,1,27,6,-1,-1,-1,-1,5,2,E01014746,0
Unvalidated,2024520402706,2024,520402706,3,9,0,18,7,3,0,0,0,0,0,0,0,1,6,1,20,4,-1,-1,-1,-1,7,1,E01029055,0
Unvalidated,2024520402708,2024,520402708,1,9,0,1,6,2,0,8,0,0,0,0,2,1,6,1,97,11,-1,-1,-1,-1,5,2,E01029167,0
Unvalidated,2024520402709,2024,520402709,1,9,0,18,8,4,0,0,0,0,0,0,1,1,6,1,44,7,-1,-1,-1,-1,2,1,E01000018,0
Unvalidated,2024520402709,2024,520402709,2,9,0,18,4,8,0,0,0,0,0,0,1,1,6,2,42,7,-1,-1,-1,-1,6,3,E01029217,0
Unvalidated,2024520402713,2024,520402713,1,9,0,9,7,5,0,8,0,0,0,0,4,1,6,2,29,6,-1,-1,-1,-1,6,3,E01029192,0
Unvalidated,2024520402713,2024,520402713,2,5,0,18,3,7,0,8,0,0,0,0,1,1,6,1,34,6,-1,-1,-1,-1,5,2,E01029229,0
Unvalidated,2024520402713,2024,520402713,3,19,0,18,7,3,0,8,0,0,0,0,3,1,6,1,120,11,-1,-1,-1,-1,5,3,W01000898,0
Unvalidated,2024520402760,2024,520402760,1,9,0,18,2,4,0,1,0,0,1,11,1,1,6,1,21,5,-1,-1,-1,-1,6,3,E01029054,0
Unvalidated,2024520402775,2024,520402775,1,9,0,18,3,6,0,0,5,0,5,6,1,1,6,2,25,5,-1,-1,-1,-1,2,1,E01028435,0
Unvalidated,2024520402909,2024,520402909,1,9,0,18,8,4,0,8,0,0,1,10,1,1,6,2,56,9,-1,-1,-1,-1,2,1,E01029042,0
Unvalidated,2024522400751,2024,522400751,1,4,0,18,1,5,0,8,0,0,1,11,1,1,6,1,26,6,-1,-1,-1,-1,7,1,E01014808,0
Unvalidated,2024522400787,2024,522400787,1,9,0,6,6,6,0,8,0,0,0,0,3,1,6,1,44,7,-1,-1,-1,-1,8,1,E01014693,0
Unvalidated,2024522400787,2024,522400787,2,3,0,13,6,2,0,8,0,0,0,0,1,1,6,1,18,4,-1,-1,-1,-1,10,1,E01014964,0
Unvalidated,2024522400795,2024,522400795,1,19,0,18,4,8,0,2,0,0,0,0,1,1,6,1,32,6,-1,-1,-1,-1,1,1,E01014658,0
Unvalidated,2024522400799,2024,522400799,1,9,0,18,3,7,0,1,0,0,0,0,1,1,1,3,-1,-1,-1,-1,-1,-1,-1,-1,-1,0
Unvalidated,2024522400799,2024,522400799,2,1,0,5,1,5,0,6,0,0,0,0,1,1,4,1,9,2,-1,-1,-1,-1,1,1,E01014727,0
Unvalidated,2024522400805,2024,522400805,1,9,0,18,5,1,0,1,0,0,0,0,1,1,6,1,43,7,-1,-1,-1,-1,6,1,E01029091,0
Unvalidated,2024522400805,2024,522400805,2,9,0,3,5,1,0,1,0,0,0,0,2,1,6,1,31,6,-1,-1,-1,-1,1,1,E01033366,0
Unvalidated,2024522400805,2024,522400805,3,9,0,3,5,1,0,1,0,0,0,0,2,1,6,1,27,6,-1,-1,-1,-1,2,1,E01014568,0
Unvalidated,2024522400808,2024,522400808,1,3,0,15,6,2,0,0,0,0,0,0,3,1,6,1,19,4,-1,-1,-1,-1,7,1,E01014909,0
Unvalidated,2024522400808,2024,522400808,2,19,0,11,6,2,0,0,0,0,0,0,4,1,6,1,49,8,-1,-1,-1,-1,6,1,E01029461,0
Unvalidated,2024522400817,2024,522400817,1,3,0,18,6,2,0,8,0,0,0,0,3,1,6,1,28,6,-1,-1,-1,-1,1,1,E01014654,0
Unvalidated,2024522400817,2024,522400817,2,9,0,9,2,1,0,5,0,0,0,0,1,1,6,1,18,4,-1,-1,-1,-1,3,1,E01014564,0
Unvalidated,2024522400821,2024,522400821,1,19,0,18,6,2,9,0,5,4,1,4,4,1,6,1,27,6,-1,-1,-1,-1,6,3,E01014006,0
Unvalidated,2024522400821,2024,522400821,2,9,0,2,0,0,0,0,0,0,0,0,3,1,6,3,-1,-1,-1,-1,-1,-1,-1,-1,-1,0
Unvalidated,2024522400852,2024,522400852,1,9,0,18,4,8,0,8,0,0,0,0,1,1,6,2,56,9,-1,-1,-1,-1,4,1,E01014627,0
Unvalidated,2024522400852,2024,522400852,2,9,0,18,2,6,0,6,0,0,0,0,1,1,6,3,-1,-1,-1,-1,-1,-1,-1,-1,-1,0
Unvalidated,2024522400854,2024,522400854,1,9,0,9,1,7,0,8,0,0,0,0,1,1,6,2,52,8,-1,-1,-1,-1,9,1,E01014738,0
Unvalidated,2024522400854,2024,522400854,2,9,0,18,7,3,0,8,0,0,0,0,1,1,6,2,59,9,-1,-1,-1,-1,1,1,E01014593,0
Unvalidated,2024522400854,2024,522400854,3,9,0,18,3,1,0,8,0,0,0,0,1,1,6,1,34,6,-1,-1,-1,-1,5,1,E01022148,0
Unvalidated,2024522400969,2024,522400969,1,4,0,18,2,6,0,1,0,0,0,0,1,1,6,2,56,9,-1,-1,-1,-1,10,1,E01014987,0
Unvalidated,2024522400969,2024,522400969,2,9,0,6,2,2,0,1,0,0,0,0,3,1,6,1,62,9,-1,-1,-1,-1,10,3,E01014864,0
Unvalidated,2024522401079,2024,522401079,1,20,1,12,4,2,0,8,0,0,0,0,3,1,1,1,46,8,-1,-1,-1,-1,7,1,E01027143,0
Unvalidated,2024522401079,2024,522401079,2,9,0,18,4,2,0,8,0,0,0,0,4,1,6,1,62,9,-1,-1,-1,-1,10,1,E01014897,0
Unvalidated,2024522401080,2024,522401080,1,9,0,9,3,2,0,5,0,0,0,0,3,1,6,2,36,7,-1,-1,-1,-1,6,1,E01014733,0
Unvalidated,2024522401080,2024,522401080,2,1,0,3,2,6,0,1,0,0,0,0,1,1,6,1,51,8,-1,-1,-1,-1,6,1,E01014733,0
Unvalidated,2024522401083,2024,522401083,1,11,0,18,5,1,0,1,0,0,0,0,1,1,1,1,40,7,-1,-1,-1,-1,3,1,E01014736,0
Unvalidated,2024522401083,2024,522401083,2,90,0,5,3,7,0,6,0,0,0,0,4,1,6,1,19,4,-1,-1,-1,-1,6,1,E01014952,1
Unvalidated,2024522401084,2024,522401084,1,9,0,18,6,2,0,0,0,0,0,0,1,1,6,1,41,7,-1,-1,-1,-1,10,1,E01014901,0
Unvalidated,2024522401084,2024,522401084,2,9,0,4,6,2,0,0,0,0,0,0,2,1,6,1,39,7,-1,-1,-1,-1,4,1,E01029309,0
Unvalidated,2024522401087,2024,522401087,1,9,0,9,6,5,0,5,0,0,0,0,3,1,6,1,26,6,-1,-1,-1,-1,4,1,E01014496,0
Unvalidated,2024522401089,2024,522401089,1,9,0,9,1,7,0,5,0,0,0,0,4,1,6,2,41,7,-1,-1,-1,-1,1,1,E01033356,0
Unvalidated,2024522401089,2024,522401089,2,1,0,18,5,1,0,8,1,0,0,0,1,1,6,1,34,6,-1,-1,-1,-1,4,1,E01014404,0
Unvalidated,2024522401097,2024,522401097,1,9,0,18,7,3,0,0,0,0,7,10,3,1,6,1,34,6,-1,-1,-1,-1,1,1,E01014583,0
Unvalidated,2024522401098,2024,522401098,1,21,1,18,3,7,0,0,0,4,0,0,1,1,6,1,19,4,-1,-1,-1,-1,7,3,E01020045,0
Unvalidated,2024522401098,2024,522401098,2,9,0,2,0,0,0,0,0,0,0,0,2,1,6,1,36,7,-1,-1,-1,-1,2,1,W01001693,0
Unvalidated,2024522401101,2024,522401101,1,9,0,4,4,8,0,1,0,0,1,0,2,1,6,1,30,6,-1,-1,-1,-1,6,1,E01014528,0
Unvalidated,2024522401101,2024,522401101,2,2,0,18,4,8,0,1,0,0,0,0,1,1,6,1,16,4,-1,-1,-1,-1,5,1,E01014927,0
Unvalidated,2024522401102,2024,522401102,1,9,0,18,5,1,0,2,0,0,0,0,1,1,6,1,36,7,-1,-1,-1,-1,1,1,E01014799,0
Unvalidated,2024522401104,2024,522401104,1,9,0,18,5,1,0,8,0,0,0,0,1,1,6,1,59,9,-1,-1,-1,-1,9,1,E01014739,0
Unvalidated,2024522401104,2024,522401104,2,9,0,9,1,7,0,8,0,0,0,0,1,1,6,1,22,5,-1,-1,-1,-1,7,1,E01014763,0
Unvalidated,2024522401105,2024,522401105,1,11,0,18,7,3,0,8,0,0,0,0,4,1,6,1,54,8,-1,-1,-1,-1,3,1,E01014646,0
Unvalidated,2024522401105,2024,522401105,2,9,0,7,8,3,0,6,0,0,0,0,1,1,6,3,-1,-1,-1,-1,-1,-1,-1,-1,-1,0
Unvalidated,2024522401107,2024,522401107,1,9,0,4,1,3,0,0,0,0,0,0,2,1,6,1,53,8,-1,-1,-1,-1,4,1,E01014815,0
Unvalidated,2024522401107,2024,522401107,2,9,0,18,1,3,0,0,0,0,0,0,1,1,6,1,63,9,-1,-1,-1,-1,9,1,E01014823,0
Unvalidated,2024522401107,2024,522401107,3,9,0,17,3,1,0,0,0,0,0,0,0,1,6,2,34,6,-1,-1,-1,-1,6,1,E01014750,0
Unvalidated,2024522401108,2024,522401108,1,9,0,18,8,4,0,8,0,0,0,0,3,1,6,1,50,8,-1,-1,-1,-1,7,1,E01014905,0
Unvalidated,2024522401108,2024,522401108,2,3,0,11,8,4,0,8,0,0,0,0,3,1,6,1,42,7,-1,-1,-1,-1,1,1,E01033370,0
Unvalidated,2024522401110,2024,522401110,1,9,0,18,5,1,0,2,0,0,0,0,1,1,6,3,-1,-1,-1,-1,-1,-1,-1,-1,-1,0
Unvalidated,2024522401113,2024,522401113,1,9,0,9,5,3,0,1,0,0,0,0,3,1,6,1,81,11,-1,-1,-1,-1,9,1,E01014792,0
Unvalidated,2024522401113,2024,522401113,2,3,0,18,1,5,0,1,1,0,0,0,1,1,6,1,20,4,-1,-1,-1,-1,7,1,E01032677,0
Unvalidated,2024522401118,2024,522401118,1,9,0,18,8,4,0,1,0,0,0,0,1,1,6,2,54,8,-1,-1,-1,-1,4,1,E01014586,0
Unvalidated,2024522401118,2024,522401118,2,9,0,4,8,4,0,1,0,0,0,0,2,1,6,2,70,10,-1,-1,-1,-1,6,1,E01014532,0
Unvalidated,2024522401121,2024,522401121,1,9,0,4,5,1,0,0,0,0,0,0,2,1,6,2,43,7,-1,-1,-1,-1,4,1,E01032633,0
Unvalidated,2024522401121,2024,522401121,2,19,0,18,5,1,0,0,0,0,0,0,1,1,6,1,29,6,-1,-1,-1,-1,2,1,E01009257,0
Unvalidated,2024522401123,2024,522401123,1,9,0,18,1,5,0,0,0,0,0,0,3,1,6,1,35,6,-1,-1,-1,-1,3,1,E01029093,0
Unvalidated,2024522401123,2024,522401123,2,20,0,18,5,1,0,0,0,0,0,0,1,1,6,1,60,9,-1,-1,-1,-1,4,3,E01018980,0
Unvalidated,2024522401124,2024,522401124,1,9,0,18,8,4,0,0,0,0,0,0,1,1,6,1,62,9,-1,-1,-1,-1,1,1,E01014581,0
Unvalidated,2024522401125,2024,522401125,1,9,0,7,6,8,0,6,0,0,0,0,1,1,6,2,39,7,-1,-1,-1,-1,10,1,E01014935,0
Unvalidated,2024522401125,2024,522401125,2,90,0,18,4,8,0,8,0,0,0,0,1,1,6,2,29,6,-1,-1,-1,-1,1,1,E01014729,1
Unvalidated,2024522401126,2024,522401126,1,9,0,3,3,7,0,0,0,0,0,0,2,1,6,2,40,7,-1,-1,-1,-1,6,1,E01014846,0
Unvalidated,2024522401126,2024,522401126,2,19,0,5,3,7,0,0,0,0,0,0,1,1,6,1,54,8,-1,-1,-1,-1,8,1,E01014803,0
Unvalidated,2024522401129,2024,522401129,1,9,0,18,2,6,0,0,0,0,0,0,1,1,6,2,25,5,-1,-1,-1,-1,4,1,E01033362,0
Unvalidated,2024522401131,2024,522401131,1,9,0,18,6,2,0,0,0,0,0,0,1,1,6,1,51,8,-1,-1,-1,-1,4,1,E01014786,0
Unvalidated,2024522401135,2024,522401135,1,9,0,16,1,3,0,2,0,7,8,11,1,1,6,1,22,5,-1,-1,-1,-1,6,1,E01014769,0
Unvalidated,2024522401139,2024,522401139,1,1,0,14,2,6,0,0,0,0,0,0,1,1,6,1,19,4,-1,-1,-1,-1,1,1,E01014689,0
Unvalidated,2024522401139,2024,522401139,2,9,0,4,6,2,0,0,0,0,0,0,1,1,6,1,64,9,-1,-1,-1,-1,1,1,E01014605,0
Unvalidated,2024522401140,2024,522401140,1,9,0,4,6,2,0,0,0,0,0,0,2,1,6,1,30,6,-1,-1,-1,-1,1,1,E01014658,0
Unvalidated,2024522401140,2024,522401140,2,9,0,4,6,2,0,0,0,0,0,0,2,1,6,1,67,10,-1,-1,-1,-1,8,2,E01022353,0
Unvalidated,2024522401140,2024,522401140,3,9,0,4,6,2,0,0,0,0,0,0,1,1,6,2,35,6,-1,-1,-1,-1,1,1,E01014605,0
Unvalidated,2024522401141,2024,522401141,1,19,0,6,7,7,0,0,0,0,0,0,3,1,6,1,25,5,-1,-1,-1,-1,1,1,E01014593,0
Unvalidated,2024522401141,2024,522401141,2,5,0,14,7,3,0,0,0,0,0,0,1,1,6,1,24,5,-1,-1,-1,-1,1,1,E01014582,0
Unvalidated,2024522401142,2024,522401142,1,9,0,18,2,6,0,1,0,4,0,0,1,1,6,1,18,4,-1,-1,-1,-1,10,1,E01014397,0
Unvalidated,2024522401142,2024,522401142,2,9,0,2,0,0,0,1,0,0,0,0,2,1,6,3,-1,-1,-1,-1,-1,-1,-1,-1,-1,0
Unvalidated,2024522401147,2024,522401147,1,19,0,9,5,3,0,5,0,0,0,0,1,1,6,1,38,7,-1,-1,-1,-1,1,1,E01014581,0
Unvalidated,2024522401150,2024,522401150,1,9,0,18,1,5,0,0,1,0,7,4,3,1,6,1,52,8,-1,-1,-1,-1,9,1,E01014794,0
Unvalidated,2024522401153,2024,522401153,1,9,0,16,6,8,0,8,0,0,0,0,1,1,6,1,32,6,-1,-1,-1,-1,7,1,E01014972,0
Unvalidated,2024522401153,2024,522401153,2,9,0,17,8,6,0,8,0,0,0,0,1,1,6,1,32,6,-1,-1,-1,-1,8,1,E01014938,0
Unvalidated,2024522401154,2024,522401154,1,9,0,18,6,2,0,0,0,0,0,0,2,1,6,1,30,6,-1,-1,-1,-1,-1,-1,-1,0
Unvalidated,2024522401154,2024,522401154,2,9,0,18,6,2,0,0,0,0,0,0,2,1,6,1,37,7,-1,-1,-1,-1,3,1,E01003532,0
Unvalidated,2024522401154,2024,522401154,3,9,0,18,6,2,0,0,0,0,0,0,2,1,6,1,24,5,-1,-1,-1,-1,1,1,E01014574,0
Unvalidated,2024522401154,2024,522401154,4,9,0,18,6,2,0,0,0,0,0,0,1,1,6,3,-1,-1,-1,-1,-1,-1,-1,-1,-1,0
Unvalidated,2024522401156,2024,522401156,1,9,0,7,2,4,0,2,0,0,0,0,1,1,6,2,31,6,-1,-1,-1,-1,10,1,E01014715,0
Unvalidated,2024522401156,2024,522401156,2,9,0,13,8,4,0,2,0,4,0,0,1,1,6,1,27,6,-1,-1,-1,-1,1,1,E01014706,0
Unvalidated,2024522401156,2024,522401156,3,9,0,13,8,4,0,2,0,0,0,0,0,1,6,3,-1,-1,-1,-1,-1,-1,-1,-1,-1,0
Unvalidated,2024522401156,2024,522401156,4,9,0,2,0,0,0,2,0,0,0,0,3,1,6,3,-1,-1,-1,-1,-1,-1,-1,-1,-1,0
Unvalidated,2024522401156,2024,522401156,5,9,0,2,0,0,0,2,0,0,0,0,3,1,6,3,-1,-1,-1,-1,-1,-1,-1,-1,-1,0
Unvalidated,2024522401158,2024,522401158,1,9,0,17,8,5,0,8,0,0,0,0,3,1,6,2,49,8,-1,-1,-1,-1,3,1,E01014731,0
Unvalidated,2024522401160,2024,522401160,1,19,0,18,8,4,0,0,0,0,0,0,1,1,6,1,35,6,-1,-1,-1,-1,10,1,E01033334,0
Unvalidated,2024522401160,2024,522401160,2,19,0,3,8,4,0,0,0,0,0,0,2,1,6,2,34,6,-1,-1,-1,-1,10,2,E01014393,0
Unvalidated,2024522401160,2024,522401160,3,19,0,6,4,4,0,0,0,0,0,0,0,1,6,1,35,6,-1,-1,-1,-1,5,2,E01029067,0
Unvalidated,2024522401161,2024,522401161,1,9,0,18,4,8,9,0,0,10,7,2,1,1,6,1,51,8,-1,-1,-1,-1,8,1,E01014899,0
Unvalidated,2024522401162,2024,522401162,1,8,0,18,2,6,2,1,0,0,0,0,1,1,6,1,53,8,-1,-1,-1,-1,3,1,E01014569,0
Unvalidated,2024522401162,2024,522401162,2,9,0,7,8,2,0,5,0,0,0,0,1,1,6,2,24,5,-1,-1,-1,-1,3,1,E01014572,0
Unvalidated,2024522401164,2024,522401164,1,9,0,18,1,5,0,8,0,0,0,0,1,1,6,2,68,10,-1,-1,-1,-1,9,1,E01014667,0
Unvalidated,2024522401164,2024,522401164,2,3,0,9,8,5,0,6,0,0,0,0,3,1,6,1,23,5,-1,-1,-1,-1,8,1,E01014981,0
Unvalidated,2024522401167,2024,522401167,1,9,0,18,4,8,0,8,0,0,0,0,1,1,6,2,21,5,-1,-1,-1,-1,6,1,E01014929,0
Unvalidated,2024522401167,2024,522401167,2,9,0,9,7,4,0,6,0,0,0,0,1,1,6,3,-1,-1,-1,-1,-1,-1,-1,-1,-1,0
Unvalidated,2024522401170,2024,522401170,1,9,0,3,2,6,0,1,0,0,0,0,2,1,6,2,18,4,-1,-1,-1,-1,10,1,E01015001,0
Unvalidated,2024522401170,2024,522401170,2,9,0,18,2,6,0,1,0,0,0,0,1,1,6,3,-1,-1,-1,-1,-1,-1,-1,-1,-1,0
Unvalidated,2024522401170,2024,522401170,3,9,0,8,2,3,0,5,0,0,0,0,2,1,6,3,-1,-1,-1,-1,-1,-1,-1,-1,-1,0
Unvalidated,2024522401171,2024,522401171,1,1,0,99,9,9,0,8,0,0,0,0,9,1,6,1,19,4,-1,-1,-1,-1,7,1,E01014949,0
Unvalidated,2024522401171,2024,522401171,2,9,9,99,9,9,0,8,0,0,0,0,9,9,6,3,-1,-1,-1,-1,-1,-1,-1,-1,-1,0
Unvalidated,2024522401175,2024,522401175,1,9,0,18,1,5,0,8,5,0,1,0,3,1,6,1,87,11,-1,-1,-1,-1,7,3,E01014858,0
Unvalidated,2024522401175,2024,522401175,2,19,0,18,7,3,0,8,0,0,0,0,1,1,1,1,33,6,-1,-1,-1,-1,6,1,E01014952,0
Unvalidated,2024522401177,2024,522401177,1,9,0,18,1,5,0,2,0,0,0,0,1,1,6,2,67,10,-1,-1,-1,-1,10,1,E01014889,0
Unvalidated,2024522401177,2024,522401177,2,90,0,12,3,5,0,6,0,0,0,0,3,1,6,1,17,4,-1,-1,-1,-1,10,1,E01015014,1
Unvalidated,2024522401178,2024,522401178,1,9,0,18,5,1,0,8,0,0,0,0,1,1,6,2,19,4,-1,-1,-1,-1,10,1,E01014903,0
Unvalidated,2024522401178,2024,522401178,2,9,0,18,7,3,0,8,0,0,0,0,3,1,6,2,38,7,-1,-1,-1,-1,8,2,E01014867,0
Unvalidated,2024522401180,2024,522401180,1,9,0,12,4,8,0,0,0,0,0,0,1,1,6,2,20,4,-1,-1,-1,-1,2,1,E01014522,0
Unvalidated,2024522401180,2024,522401180,2,20,0,18,8,4,0,0,0,0,0,0,1,1,6,1,52,8,-1,-1,-1,-1,3,1,W01001353,0
Unvalidated,2024522401182,2024,522401182,1,9,0,18,4,8,0,0,0,0,0,0,1,1,6,3,-1,-1,-1,-1,-1,-1,-1,-1,-1,0
Unvalidated,2024522401183,2024,522401183,1,9,0,5,8,4,0,1,0,0,0,0,1,1,6,1,22,5,-1,-1,-1,-1,7,3,E01014385,0
Unvalidated,2024522401186,2024,522401186,1,9,0,18,8,4,0,4,0,0,0,0,3,1,6,2,27,6,-1,-1,-1,-1,7,1,E01014520,0
Unvalidated,2024522401186,2024,522401186,2,21,0,18,8,4,0,4,0,0,0,0,4,1,6,1,43,7,-1,-1,-1,-1,1,1,E01014367,0
Unvalidated,2024522401187,2024,522401187,1,90,0,18,5,1,0,8,0,0,0,0,1,1,6,1,25,5,-1,-1,-1,-1,4,1,E01014904,1
Unvalidated,2024522401187,2024,522401187,2,19,0,5,7,2,0,4,0,0,0,0,3,1,6,1,50,8,-1,-1,-1,-1,3,1,E01006341,0
Unvalidated,2024522401188,2024,522401188,1,8,0,7,5,7,0,5,0,0,0,0,2,1,1,1,44,7,-1,-1,-1,-1,1,1,E01033356,0
Unvalidated,2024522401188,2024,522401188,2,1,0,18,5,1,0,8,0,0,0,0,1,1,6,1,40,7,-1,-1,-1,-1,6,1,E01014975,0
Unvalidated,2024522401190,2024,522401190,1,19,0,3,5,1,0,0,0,0,0,0,2,1,6,1,25,5,-1,-1,-1,-1,9,2,E01028663,0
Unvalidated,2024522401190,2024,522401190,2,9,0,18,5,1,0,0,0,0,0,0,1,1,2,1,22,5,-1,-1,-1,-1,-1,-1,-1,0
Unvalidated,2024522401191,2024,522401191,1,3,0,4,2,6,0,0,0,0,0,0,1,1,6,1,36,7,-1,-1,-1,-1,10,1,E01014881,0
Unvalidated,2024522401191,2024,522401191,2,19,0,3,2,6,0,0,0,0,0,0,2,1,6,1,72,10,-1,-1,-1,-1,3,1,E01032517,0
Unvalidated,2024522401197,2024,522401197,1,1,0,5,3,7,0,0,0,0,0,0,4,1,6,1,64,9,-1,-1,-1,-1,9,2,E01014849,0
Unvalidated,2024522401197,2024,522401197,2,9,0,18,5,1,0,0,0,0,0,0,1,1,6,3,-1,-1,-1,-1,-1,-1,-1,-1,-1,0
Unvalidated,2024522401199,2024,522401199,1,1,0,18,5,1,0,8,0,0,0,0,1,1,6,1,27,6,-1,-1,-1,-1,1,1,E01033356,0
Unvalidated,2024522401199,2024,522401199,2,19,0,9,6,5,0,8,0,0,0,0,1,1,6,3,-1,-1,-1,-1,-1,-1,-1,-1,-1,0
Unvalidated,2024522401201,2024,522401201,1,9,0,3,6,4,0,8,0,0,0,0,2,1,6,2,31,6,-1,-1,-1,-1,4,1,E01014521,0
Unvalidated,2024522401201,2024,522401201,2,9,0,5,6,4,0,8,0,0,0,0,1,1,6,2,20,4,-1,-1,-1,-1,9,1,E01014956,0
Unvalidated,2024522401202,2024,522401202,1,9,0,18,5,1,0,1,0,0,0,0,1,1,6,3,-1,-1,-1,-1,-1,-1,-1,-1,-1,0
Unvalidated,2024522401204,2024,522401204,1,1,0,10,3,1,0,6,0,0,0,0,3,1,6,2,36,7,-1,-1,-1,-1,4,1,E01014704,0
Unvalidated,2024522401204,2024,522401204,2,9,0,7,1,3,0,5,0,0,0,0,3,1,6,3,20,4,-1,-1,-1,-1,-1,-1,-1,0
Unvalidated,2024522401206,2024,522401206,1,1,0,18,9,9,9,0,0,0,0,0,1,1,6,3,-1,-1,-1,-1,-1,-1,-1,-1,-1,0
Unvalidated,2024522401207,2024,522401207,1,9,0,18,6,2,0,0,1,0,7,0,1,1,6,1,31,6,-1,-1,-1,-1,7,3,E01029060,0
Unvalidated,2024522401207,2024,522401207,2,19,0,18,2,6,0,0,0,0,0,0,1,1,1,1,50,8,-1,-1,-1,-1,6,1,E01019933,0
Unvalidated,2024522401209,2024,522401209,1,9,0,2,0,0,0,0,0,0,0,0,2,1,6,2,59,9,-1,-1,-1,-1,9,2,E01014863,0
Unvalidated,2024522401209,2024,522401209,2,9,0,18,2,6,0,0,0,4,0,0,1,1,6,1,24,5,-1,-1,-1,-1,9,1,E01014993,0
Unvalidated,2024522401214,2024,522401214,1,20,0,18,1,5,0,8,0,0,0,0,3,1,1,1,51,8,-1,-1,-1,-1,5,1,E01014537,0
Unvalidated,2024522401214,2024,522401214,2,90,0,18,7,3,0,8,0,0,0,0,1,1,6,1,36,7,-1,-1,-1,-1,9,1,E01014557,1
Unvalidated,2024522401215,2024,522401215,1,10,0,1,1,5,0,0,0,0,0,0,1,1,6,2,63,9,-1,-1,-1,-1,1,1,E01014594,0
Unvalidated,2024522401216,2024,522401216,1,9,0,18,7,3,0,4,0,0,0,0,1,1,6,1,53,8,-1,-1,-1,-1,1,1,E01014844,0
Unvalidated,2024522401216,2024,522401216,2,1,0,18,5,1,0,8,0,0,0,0,2,1,6,1,66,10,-1,-1,-1,-1,7,1,E01014770,0
Unvalidated,2024522401219,2024,522401219,1,9,0,9,2,1,0,5,0,0,0,0,4,1,6,2,43,7,-1,-1,-1,-1,4,1,E01014570,0
Unvalidated,2024522401219,2024,522401219,2,3,0,15,6,2,4,8,0,0,0,0,1,1,6,1,30,6,-1,-1,-1,-1,9,1,E01014616,0
Unvalidated,2024522401221,2024,522401221,1,9,0,6,2,2,0,2,0,0,0,0,3,1,6,1,43,7,-1,-1,-1,-1,10,1,E01014615,0
Unvalidated,2024522401221,2024,522401221,2,9,0,18,2,6,0,2,0,0,0,0,4,1,6,1,31,6,-1,-1,-1,-1,1,1,E01014655,0
Unvalidated,2024522401222,2024,522401222,1,9,0,10,4,1,0,1,0,0,0,0,2,1,6,2,40,7,-1,-1,-1,-1,5,3,E01014861,0
Unvalidated,2024522401222,2024,522401222,2,19,0,18,4,8,0,1,0,0,0,0,1,1,1,1,54,8,-1,-1,-1,-1,8,1,E01000269,0
Unvalidated,2024522401224,2024,522401224,1,11,0,5,2,6,0,1,0,0,0,0,3,1,1,1,58,9,-1,-1,-1,-1,2,1,E01014977,0
Unvalidated,2024522401224,2024,522401224,2,3,0,13,2,6,0,1,0,0,0,0,1,1,6,1,19,4,-1,-1,-1,-1,2,1,E01014692,0
Unvalidated,2024522401225,2024,522401225,1,20,0,4,8,4,0,0,0,0,0,0,2,1,6,1,61,9,-1,-1,-1,-1,8,1,W01000680,0
Unvalidated,2024522401225,2024,522401225,2,9,0,18,8,4,0,0,0,0,0,0,1,1,6,2,31,6,-1,-1,-1,-1,8,3,E01014868,0
Unvalidated,2024522401227,2024,522401227,1,9,0,9,1,7,0,5,0,0,0,0,1,1,6,2,49,8,-1,-1,-1,-1,9,1,E01022429,0
Unvalidated,2024522401229,2024,522401229,1,9,0,9,4,2,0,5,0,0,0,0,1,1,6,2,47,8,-1,-1,-1,-1,3,1,E01014730,0
Unvalidated,2024522401230,2024,522401230,1,9,0,18,1,5,0,8,0,0,0,0,1,1,6,1,44,7,-1,-1,-1,-1,10,1,E01031919,0
Unvalidated,2024522401231,2024,522401231,1,9,0,9,3,1,0,5,0,0,0,0,3,1,6,1,63,9,-1,-1,-1,-1,9,1,E01014819,0
Unvalidated,2024522401232,2024,522401232,1,9,0,18,2,6,0,0,0,0,0,0,4,1,6,2,38,7,-1,-1,-1,-1,5,1,E01015019,0
Unvalidated,2024522401234,2024,522401234,1,9,0,9,2,8,0,5,0,0,0,0,1,1,6,2,34,6,-1,-1,-1,-1,8,1,E01026321,0
Unvalidated,2024522401234,2024,522401234,2,9,0,18,6,2,0,8,0,0,0,0,1,1,6,1,30,6,-1,-1,-1,-1,8,1,E01014894,0
Unvalidated,2024522401235,2024,522401235,1,9,0,18,1,5,0,8,0,0,0,0,3,1,6,2,41,7,-1,-1,-1,-1,5,1,E01014679,0