status,collision_index,collision_year,collision_reference,vehicle_reference,vehicle_type,towing_and_articulation,vehicle_manoeuvre,vehicle_direction_from,vehicle_direction_to,vehicle_location_restricted_lane,junction_location,skidding_and_overturning,hit_object_in_carriageway,vehicle_leaving_carriageway,hit_object_off_carriageway,first_point_of_impact,vehicle_left_hand_drive,journey_purpose_of_driver,sex_of_driver,age_of_driver,age_band_of_driver,engine_capacity_cc,propulsion_code,age_of_vehicle,generic_make_model,driver_imd_decile,driver_home_area_type,lsoa_of_driver,escooter_flag
Unvalidated,2024522401239,2024,522401239,1,9,0,13,3,7,0,8,0,0,0,0,4,1,6,1,92,11,-1,-1,-1,-1,1,1,E01014638,0
Unvalidated,2024522401239,2024,522401239,2,1,0,9,3,1,0,5,0,0,0,0,3,1,6,2,26,6,-1,-1,-1,-1,5,1,E01033350,0
Unvalidated,2024522401240,2024,522401240,1,9,0,18,6,2,0,0,0,0,0,0,2,1,6,1,38,7,-1,-1,-1,-1,9,1,E01014965,0
Unvalidated,2024522401240,2024,522401240,2,20,0,18,6,2,0,0,0,0,0,0,1,1,6,1,55,8,-1,-1,-1,-1,1,1,W01000091,0
Unvalidated,2024522401242,2024,522401242,1,9,0,3,6,2,0,1,0,0,0,0,2,1,6,1,44,7,-1,-1,-1,-1,2,1,E01014683,0
Unvalidated,2024522401242,2024,522401242,2,9,0,18,6,2,0,1,0,0,0,0,1,1,6,3,-1,-1,-1,-1,-1,-1,-1,-1,-1,0
Unvalidated,2024522401243,2024,522401243,1,3,0,14,1,5,0,8,0,0,0,0,1,1,6,1,22,5,-1,-1,-1,-1,6,1,E01014986,0
Unvalidated,2024522401243,2024,522401243,2,9,0,9,5,3,0,8,0,0,0,0,4,1,6,1,44,7,-1,-1,-1,-1,9,3,E01014963,0
Unvalidated,2024522401244,2024,522401244,1,9,0,16,1,5,0,0,0,0,0,0,1,1,6,2,33,6,-1,-1,-1,-1,2,1,E01005221,0
Unvalidated,2024522401244,2024,522401244,2,9,0,17,5,1,0,0,0,0,0,0,1,1,6,1,68,10,-1,-1,-1,-1,5,3,E01029020,0
Unvalidated,2024522401245,2024,522401245,1,8,0,18,2,6,0,0,0,0,0,0,0,1,6,1,43,7,-1,-1,-1,-1,1,1,E01014654,0
Unvalidated,2024522401245,2024,522401245,2,3,0,13,2,6,0,0,0,0,0,0,4,1,6,1,30,6,-1,-1,-1,-1,3,1,E01014572,0
Unvalidated,2024522401247,2024,522401247,1,9,0,9,1,7,0,2,0,0,0,0,1,1,6,1,51,8,-1,-1,-1,-1,2,1,E01014691,0
Unvalidated,2024522401249,2024,522401249,1,9,0,18,2,6,0,0,1,10,0,0,1,1,6,1,52,8,-1,-1,-1,-1,7,3,E01022206,0
Unvalidated,2024522401249,2024,522401249,2,19,0,18,6,2,0,0,0,0,0,0,4,1,6,1,30,6,-1,-1,-1,-1,4,1,E01029044,0
Unvalidated,2024522401249,2024,522401249,3,9,0,18,6,2,0,0,0,0,0,0,1,1,6,1,76,11,-1,-1,-1,-1,10,1,E01014429,0
Unvalidated,2024522401249,2024,522401249,4,9,0,18,6,2,0,0,0,0,0,0,4,1,6,1,49,8,-1,-1,-1,-1,9,3,E01032059,0
Unvalidated,2024522401249,2024,522401249,5,9,0,18,6,2,0,0,0,0,0,0,1,1,6,1,56,9,-1,-1,-1,-1,9,1,E01014918,0
Unvalidated,2024522401252,2024,522401252,1,9,0,18,7,3,0,4,0,0,0,0,1,1,6,2,-1,-1,-1,-1,-1,-1,10,2,E01014930,0
Unvalidated,2024522401252,2024,522401252,2,1,0,18,5,1,0,8,0,0,0,0,4,1,6,1,59,9,-1,-1,-1,-1,5,1,E01014983,0
Unvalidated,2024522401253,2024,522401253,1,9,0,18,4,8,0,1,0,0,0,0,3,1,6,1,54,8,-1,-1,-1,-1,7,1,E01014698,0
Unvalidated,2024522401254,2024,522401254,1,1,0,18,6,2,4,8,0,0,0,0,1,1,6,1,29,6,-1,-1,-1,-1,1,1,E01033348,0
Unvalidated,2024522401254,2024,522401254,2,9,0,7,6,8,0,5,0,0,0,0,4,1,6,3,-1,-1,-1,-1,-1,-1,-1,-1,-1,0
Unvalidated,2024522401255,2024,522401255,1,9,0,9,2,8,0,5,0,0,0,0,2,1,6,2,62,9,-1,-1,-1,-1,4,1,E01014495,0
Unvalidated,2024522401255,2024,522401255,2,1,0,18,2,6,0,8,0,0,0,0,1,1,6,1,31,6,-1,-1,-1,-1,-1,1,-1,0
Unvalidated,2024522401256,2024,522401256,1,3,0,18,3,7,0,8,0,0,0,0,4,1,6,1,18,4,-1,-1,-1,-1,5,1,E01014679,0
Unvalidated,2024522401256,2024,522401256,2,8,0,18,5,1,0,6,0,0,0,0,1,1,6,3,-1,-1,-1,-1,-1,-1,-1,-1,-1,0
Unvalidated,2024522401257,2024,522401257,1,9,0,2,0,0,2,0,0,0,0,0,2,1,6,1,83,11,-1,-1,-1,-1,10,1,E01014615,0
Unvalidated,2024522401257,2024,522401257,2,3,0,18,8,4,2,0,0,4,0,0,1,1,1,1,31,6,-1,-1,-1,-1,3,1,E01014682,0
Unvalidated,2024522401258,2024,522401258,1,9,0,4,8,4,0,1,0,0,0,0,2,1,6,2,46,8,-1,-1,-1,-1,4,1,E01014576,0
Unvalidated,2024522401258,2024,522401258,2,9,0,18,8,4,0,1,0,0,0,0,1,1,6,1,47,8,-1,-1,-1,-1,3,2,W01000925,0
Unvalidated,2024522401259,2024,522401259,1,9,0,4,3,7,2,0,0,0,0,0,2,2,6,1,61,9,-1,-1,-1,-1,10,1,E01014944,0
Unvalidated,2024522401259,2024,522401259,2,9,0,18,3,7,2,0,0,0,0,0,1,1,6,2,72,10,-1,-1,-1,-1,9,1,E01015419,0
Unvalidated,2024522401260,2024,522401260,1,9,0,18,5,1,0,0,0,0,0,0,1,1,6,2,24,5,-1,-1,-1,-1,6,1,E01014882,0
Unvalidated,2024522401260,2024,522401260,2,9,0,3,5,1,0,0,0,0,0,0,2,1,6,1,58,9,-1,-1,-1,-1,10,1,E01014999,0
Unvalidated,2024522401260,2024,522401260,3,9,0,3,5,1,0,0,0,0,0,0,2,1,6,2,34,6,-1,-1,-1,-1,10,1,E01014880,0
Unvalidated,2024522401260,2024,522401260,4,9,0,3,5,1,0,0,0,0,0,0,2,1,6,2,78,11,-1,-1,-1,-1,10,1,E01014988,0
Unvalidated,2024522401261,2024,522401261,1,9,0,17,3,8,0,8,0,0,0,0,1,1,6,1,74,10,-1,-1,-1,-1,8,3,E01014766,0
Unvalidated,2024522401261,2024,522401261,2,9,0,9,8,5,0,5,0,0,0,0,1,1,6,1,20,4,-1,-1,-1,-1,5,1,E01029081,0
Unvalidated,2024522401262,2024,522401262,1,9,0,5,3,7,0,4,0,0,0,0,1,1,6,1,19,4,-1,-1,-1,-1,7,1,E01014909,0
Unvalidated,2024522401262,2024,522401262,2,1,0,18,1,5,0,8,0,0,0,0,4,1,6,2,33,6,-1,-1,-1,-1,6,1,E01014984,0
Unvalidated,2024522401274,2024,522401274,1,9,0,9,1,7,0,8,0,0,0,0,1,1,6,2,17,4,-1,-1,-1,-1,10,1,E01014793,0
Unvalidated,2024522401274,2024,522401274,2,9,0,18,5,1,0,8,0,0,0,0,1,1,6,1,-1,-1,-1,-1,-1,-1,8,1,E01032681,0
Unvalidated,2024522401276,2024,522401276,1,9,0,18,5,1,0,0,0,0,0,0,1,1,6,2,29,6,-1,-1,-1,-1,10,1,E01014966,0
Unvalidated,2024522401279,2024,522401279,1,9,0,9,8,7,0,5,0,0,0,0,1,1,6,1,35,6,-1,-1,-1,-1,1,1,E01014583,0
Unvalidated,2024522401281,2024,522401281,1,9,0,18,2,6,0,0,0,0,0,0,4,1,6,2,47,8,-1,-1,-1,-1,4,1,E01014675,0
Unvalidated,2024522401281,2024,522401281,2,9,0,12,2,6,0,0,0,0,0,0,3,1,6,2,35,6,-1,-1,-1,-1,4,1,E01014590,0
Unvalidated,2024522401282,2024,522401282,1,9,0,3,8,4,0,1,0,0,0,0,2,1,6,1,27,6,-1,-1,-1,-1,4,1,E01014686,0
Unvalidated,2024522401282,2024,522401282,2,19,0,18,8,4,0,1,0,0,0,0,1,1,6,3,-1,-1,-1,-1,-1,-1,-1,-1,-1,0
Unvalidated,2024522401286,2024,522401286,1,9,0,3,6,2,0,0,0,0,0,0,2,1,6,2,30,6,-1,-1,-1,-1,1,1,E01014516,0
Unvalidated,2024522401286,2024,522401286,2,9,0,18,6,2,0,0,0,0,0,0,1,1,6,2,26,6,-1,-1,-1,-1,1,1,W01001856,0
Unvalidated,2024522401287,2024,522401287,1,9,0,9,7,5,0,8,0,0,0,0,1,1,6,2,41,7,-1,-1,-1,-1,1,1,E01014726,0
Unvalidated,2024522401287,2024,522401287,2,9,0,18,3,7,0,4,0,0,0,0,1,1,6,3,-1,-1,-1,-1,-1,-1,-1,-1,-1,0
Unvalidated,2024522401288,2024,522401288,1,9,0,4,7,2,0,0,0,0,1,0,2,1,6,1,62,9,-1,-1,-1,-1,9,3,E01014748,0
Unvalidated,2024522401288,2024,522401288,2,9,0,4,7,2,0,0,1,0,1,0,1,1,6,2,31,6,-1,-1,-1,-1,9,1,W01001890,0
Unvalidated,2024522401290,2024,522401290,1,9,0,4,3,7,0,1,0,0,0,0,2,1,6,2,65,9,-1,-1,-1,-1,9,1,E01014738,0
Unvalidated,2024522401290,2024,522401290,2,9,0,4,3,7,0,1,0,0,0,0,2,1,6,1,22,5,-1,-1,-1,-1,9,1,E01014784,0
Unvalidated,2024522401290,2024,522401290,3,9,0,4,3,7,0,1,0,0,0,0,1,1,6,1,24,5,-1,-1,-1,-1,10,1,E01014775,0
Unvalidated,2024522401293,2024,522401293,1,9,0,3,2,6,0,1,0,0,0,0,2,1,6,1,32,6,-1,-1,-1,-1,10,1,E01014988,0
Unvalidated,2024522401293,2024,522401293,2,9,0,18,2,6,0,1,0,0,0,0,1,1,6,3,-1,-1,-1,-1,-1,-1,-1,-1,-1,0
Unvalidated,2024522401295,2024,522401295,1,9,0,18,6,1,0,0,0,0,0,0,1,1,6,1,34,6,-1,-1,-1,-1,4,1,E01015258,0
Unvalidated,2024522401295,2024,522401295,2,9,0,3,6,1,0,0,0,0,0,0,2,1,6,1,55,8,-1,-1,-1,-1,6,2,E01020533,0
Unvalidated,2024522401295,2024,522401295,3,9,0,18,6,1,0,0,0,0,0,0,4,1,6,1,69,10,-1,-1,-1,-1,3,1,E01027175,0
Unvalidated,2024522401295,2024,522401295,4,9,0,18,6,1,0,0,0,0,0,0,3,1,6,1,68,10,-1,-1,-1,-1,3,2,E01019062,0
Unvalidated,2024522401296,2024,522401296,1,9,0,9,6,5,0,6,0,0,0,0,1,1,6,1,48,8,-1,-1,-1,-1,8,3,E01022352,0
Unvalidated,2024522401296,2024,522401296,2,1,0,9,8,6,0,5,0,0,0,0,1,1,6,2,26,6,-1,-1,-1,-1,1,1,E01033367,0
Unvalidated,2024522401297,2024,522401297,1,9,0,18,8,4,0,1,0,0,7,4,1,1,6,1,30,6,-1,-1,-1,-1,7,3,E01014847,0
Unvalidated,2024522401302,2024,522401302,1,9,0,18,2,6,0,8,0,0,0,0,3,1,6,3,-1,-1,-1,-1,-1,-1,-1,-1,-1,0
Unvalidated,2024522401302,2024,522401302,2,90,0,9,6,4,0,5,0,0,0,0,3,1,6,2,19,4,-1,-1,-1,-1,1,1,E01014729,1
Unvalidated,2024522401305,2024,522401305,1,9,0,12,2,6,0,0,0,4,0,0,4,1,6,1,65,9,-1,-1,-1,-1,1,1,E01014706,0
Unvalidated,2024522401305,2024,522401305,2,9,0,2,0,0,0,0,0,0,0,0,3,1,6,3,-1,-1,-1,-1,-1,-1,-1,-1,-1,0
Unvalidated,2024522401307,2024,522401307,1,9,0,18,3,7,0,0,0,0,0,0,3,1,6,1,55,8,-1,-1,-1,-1,2,1,E01014842,0
Unvalidated,2024522401307,2024,522401307,2,9,0,18,7,3,0,0,0,0,0,0,3,1,6,2,68,10,-1,-1,-1,-1,1,1,E01014831,0
Unvalidated,2024522401308,2024,522401308,1,9,0,16,6,8,0,0,1,0,1,10,3,1,6,1,62,9,-1,-1,-1,-1,8,1,E01023080,0
Unvalidated,2024522401308,2024,522401308,2,9,0,18,8,4,0,0,0,0,0,0,1,1,6,2,57,9,-1,-1,-1,-1,5,1,E01015000,0
Unvalidated,2024522401311,2024,522401311,1,9,0,14,3,7,0,1,0,0,0,0,3,1,6,3,-1,-1,-1,-1,-1,-1,-1,-1,-1,0
Unvalidated,2024522401311,2024,522401311,2,9,0,18,7,3,0,2,0,0,0,0,3,1,6,1,36,7,-1,-1,-1,-1,7,1,E01014649,0
Unvalidated,2024522401311,2024,522401311,3,9,0,18,7,3,0,2,0,0,0,0,3,1,6,1,50,8,-1,-1,-1,-1,10,1,E01014874,0
Unvalidated,2024522401312,2024,522401312,1,9,0,18,7,3,0,8,0,4,0,0,1,1,6,2,19,4,-1,-1,-1,-1,8,1,E01014722,0
Unvalidated,2024522401312,2024,522401312,2,9,0,2,0,0,0,8,0,0,0,0,3,1,6,3,-1,-1,-1,-1,-1,-1,-1,-1,-1,0
Unvalidated,2024522401313,2024,522401313,1,9,0,18,8,4,0,0,0,0,0,0,3,1,6,1,23,5,-1,-1,-1,-1,9,1,E01014713,0
Unvalidated,2024522401313,2024,522401313,2,4,0,18,4,8,0,0,0,0,0,0,1,1,6,1,23,5,-1,-1,-1,-1,5,1,E01015005,0
Unvalidated,2024522401316,2024,522401316,1,4,0,18,1,5,0,0,0,0,0,0,3,1,6,1,31,6,-1,-1,-1,-1,2,1,E01014683,0
Unvalidated,2024522401316,2024,522401316,2,9,0,3,1,5,0,0,0,0,0,0,2,1,6,2,52,8,-1,-1,-1,-1,8,1,E01014396,0
Unvalidated,2024522401317,2024,522401317,1,3,0,14,7,3,0,8,0,0,0,0,1,1,6,1,18,4,-1,-1,-1,-1,2,1,E01014526,0
Unvalidated,2024522401317,2024,522401317,2,9,0,9,1,7,0,6,0,0,0,0,3,1,6,1,24,5,-1,-1,-1,-1,3,1,E01014673,0
Unvalidated,2024522401319,2024,522401319,1,9,0,2,0,0,0,0,0,0,0,0,2,1,6,1,37,7,-1,-1,-1,-1,3,1,E01014540,0
Unvalidated,2024522401319,2024,522401319,2,9,0,2,0,0,0,0,0,0,0,0,2,1,6,1,26,6,-1,-1,-1,-1,8,1,E01014556,0
Unvalidated,2024522401319,2024,522401319,3,3,0,2,0,0,0,0,0,0,0,0,4,1,6,3,-1,-1,-1,-1,-1,-1,-1,-1,-1,0
Unvalidated,2024522401319,2024,522401319,4,9,0,18,6,2,0,0,0,4,0,0,1,1,6,2,52,8,-1,-1,-1,-1,5,1,E01014720,0
Unvalidated,2024522401320,2024,522401320,1,9,0,2,0,0,0,0,0,0,0,0,2,1,6,2,50,8,-1,-1,-1,-1,4,1,E01014495,0
Unvalidated,2024522401320,2024,522401320,2,9,0,18,6,2,0,0,0,4,0,0,1,1,6,1,49,8,-1,-1,-1,-1,2,1,W01001805,0
Unvalidated,2024522401322,2024,522401322,1,19,0,9,8,6,0,5,0,0,0,0,3,1,6,1,36,7,-1,-1,-1,-1,10,1,E01014715,0
Unvalidated,2024522401322,2024,522401322,2,1,0,13,8,4,0,8,0,0,0,0,1,1,6,1,56,9,-1,-1,-1,-1,5,1,E01014671,0
Unvalidated,2024522401323,2024,522401323,1,90,0,18,1,5,5,8,0,0,0,0,1,1,6,3,-1,-1,-1,-1,-1,-1,-1,-1,-1,1
Unvalidated,2024522401324,2024,522401324,1,9,0,18,2,6,0,4,0,0,0,0,1,1,6,1,67,10,-1,-1,-1,-1,1,1,E01032518,0
Unvalidated,2024522401324,2024,522401324,2,90,0,9,1,6,0,8,0,0,0,0,2,1,6,1,52,8,-1,-1,-1,-1,3,1,E01014736,1
Unvalidated,2024522401325,2024,522401325,1,9,0,9,6,4,0,6,0,0,0,0,4,1,6,2,29,6,-1,-1,-1,-1,4,1,E01014612,0
Unvalidated,2024522401325,2024,522401325,2,1,0,18,2,6,0,8,0,0,0,0,1,1,6,1,56,9,-1,-1,-1,-1,7,1,E01014651,0
Unvalidated,2024522401329,2024,522401329,1,9,0,18,5,1,0,0,0,0,0,0,1,1,6,1,60,9,-1,-1,-1,-1,3,1,E01033626,0
Unvalidated,2024522401329,2024,522401329,2,9,0,4,5,1,0,0,0,0,0,0,2,1,6,2,41,7,-1,-1,-1,-1,4,1,E01015007,0
Unvalidated,2024522401330,2024,522401330,1,9,0,9,5,3,0,6,0,0,0,0,3,1,6,1,53,8,-1,-1,-1,-1,4,1,E01015011,0
Unvalidated,2024522401330,2024,522401330,2,3,0,14,3,7,0,8,0,0,0,0,1,1,6,1,31,6,-1,-1,-1,-1,5,1,E01014886,0
Unvalidated,2024522401331,2024,522401331,1,19,0,1,4,8,0,5,0,0,0,0,2,1,1,1,58,9,-1,-1,-1,-1,5,1,E01014555,0
Unvalidated,2024522401332,2024,522401332,1,8,0,18,8,4,0,0,0,0,0,0,1,1,1,1,44,7,-1,-1,-1,-1,2,1,E01014489,0
Unvalidated,2024522401332,2024,522401332,2,90,0,12,8,4,0,0,0,0,0,0,3,1,6,2,22,5,-1,-1,-1,-1,7,1,E01014491,1
Unvalidated,2024522401334,2024,522401334,1,9,0,9,6,4,0,8,0,0,1,10,3,1,6,1,42,7,-1,-1,-1,-1,8,1,E01032021,0
Unvalidated,2024522401334,2024,522401334,2,9,0,18,2,6,0,8,0,0,0,0,1,1,6,1,50,8,-1,-1,-1,-1,1,1,E01014658,0
Unvalidated,2024522401340,2024,522401340,1,21,0,18,8,4,0,0,0,0,0,0,1,1,6,1,66,10,-1,-1,-1,-1,2,1,E01013900,0
Unvalidated,2024522401340,2024,522401340,2,19,0,4,8,4,0,0,0,0,0,0,2,1,6,1,21,5,-1,-1,-1,-1,10,1,W01001543,0
Unvalidated,2024522401340,2024,522401340,3,9,0,4,8,4,0,0,0,0,0,0,2,1,6,1,30,6,-1,-1,-1,-1,8,2,E01022257,0
Unvalidated,2024522401340,2024,522401340,4,19,0,3,8,4,0,0,0,0,0,0,2,1,6,1,50,8,-1,-1,-1,-1,4,1,W01001688,0
Unvalidated,2024522401340,2024,522401340,5,9,0,3,8,4,0,0,0,0,0,0,2,1,6,1,38,7,-1,-1,-1,-1,8,1,W01001672,0
Unvalidated,2024522401340,2024,522401340,6,9,0,3,8,4,0,0,0,0,0,0,2,1,6,1,47,8,-1,-1,-1,-1,4,1,W01001598,0
Unvalidated,2024522401340,2024,522401340,7,19,0,3,8,4,0,0,0,0,0,0,2,1,6,2,25,5,-1,-1,-1,-1,9,1,W01000859,0
Unvalidated,2024522401340,2024,522401340,8,9,0,3,8,4,0,0,0,0,0,0,2,1,6,1,54,8,-1,-1,-1,-1,9,3,W01001590,0
Unvalidated,2024522401341,2024,522401341,1,9,0,18,3,7,0,8,0,0,0,0,2,1,6,2,30,6,-1,-1,-1,-1,5,2,E01014746,0
Unvalidated,2024522401341,2024,522401341,2,9,0,6,5,3,0,6,0,0,0,0,1,1,6,2,83,11,-1,-1,-1,-1,9,3,E01014748,0
Unvalidated,2024522401343,2024,522401343,1,8,0,18,6,2,0,2,0,0,0,0,1,1,6,3,-1,-1,-1,-1,-1,-1,-1,-1,-1,0
Unvalidated,2024522401345,2024,522401345,1,9,0,5,3,7,0,0,0,0,7,11,1,1,6,2,47,8,-1,-1,-1,-1,7,1,E01014839,0
Unvalidated,2024522401347,2024,522401347,1,9,0,18,5,7,0,3,0,0,0,0,2,1,6,2,24,5,-1,-1,-1,-1,10,1,E01014988,0
Unvalidated,2024522401347,2024,522401347,2,5,0,18,7,1,0,4,0,0,0,0,1,1,6,1,54,8,-1,-1,-1,-1,10,1,E01015021,0
Unvalidated,2024522401348,2024,522401348,1,9,0,18,3,7,0,0,0,0,0,0,1,1,6,1,77,11,-1,-1,-1,-1,5,1,E01014678,0
Unvalidated,2024522401350,2024,522401350,1,9,0,18,2,6,0,0,0,8,0,0,1,1,6,1,82,11,-1,-1,-1,-1,10,1,E01014822,0
Unvalidated,2024522401350,2024,522401350,2,9,0,2,0,0,0,0,0,0,0,0,1,1,6,3,-1,-1,-1,-1,-1,-1,-1,-1,-1,0
Unvalidated,2024522401351,2024,522401351,1,9,0,8,2,4,0,1,0,0,0,0,2,1,6,2,30,6,-1,-1,-1,-1,3,1,E01014681,0
Unvalidated,2024522401351,2024,522401351,2,9,0,18,2,6,0,1,0,0,0,0,1,1,6,3,-1,-1,-1,-1,-1,-1,-1,-1,-1,0
Unvalidated,2024522401353,2024,522401353,1,3,0,18,2,6,0,0,0,0,0,0,4,1,6,1,28,6,-1,-1,-1,-1,1,1,E01032515,0
Unvalidated,2024522401353,2024,522401353,2,9,0,1,5,1,0,0,0,0,0,0,2,1,6,1,-1,-1,-1,-1,-1,-1,-1,-1,-1,0
Unvalidated,2024522401354,2024,522401354,1,1,0,18,7,3,0,8,0,0,0,0,1,1,6,1,33,6,-1,-1,-1,-1,5,1,E01014679,0
Unvalidated,2024522401354,2024,522401354,2,9,9,9,5,3,0,6,0,0,0,0,2,1,6,3,-1,-1,-1,-1,-1,-1,-1,-1,-1,0
Unvalidated,2024522401356,2024,522401356,1,1,0,18,8,4,0,1,0,0,0,0,9,1,6,2,40,7,-1,-1,-1,-1,7,1,E01014909,0
Unvalidated,2024522401356,2024,522401356,2,9,0,18,9,9,0,1,0,0,0,0,9,1,6,3,-1,-1,-1,-1,-1,-1,-1,-1,-1,0
Unvalidated,2024522401357,2024,522401357,1,1,0,18,8,4,0,8,0,0,0,0,3,1,6,2,40,7,-1,-1,-1,-1,4,1,E01014488,0
Unvalidated,2024522401357,2024,522401357,2,9,0,9,4,2,0,5,0,0,0,0,1,1,6,2,-1,-1,-1,-1,-1,-1,-1,-1,-1,0
Unvalidated,2024522401359,2024,522401359,1,9,0,5,8,4,0,6,0,0,0,0,1,1,6,2,36,7,-1,-1,-1,-1,7,1,E01014909,0
Unvalidated,2024522401359,2024,522401359,2,9,0,3,6,2,0,2,0,0,0,0,4,1,6,1,54,8,-1,-1,-1,-1,2,1,E01014568,0
Unvalidated,2024522401359,2024,522401359,3,1,0,18,6,2,0,8,0,0,0,0,4,1,6,1,29,6,-1,-1,-1,-1,5,3,E01014861,0
Unvalidated,2024522401361,2024,522401361,1,1,0,18,2,6,0,1,0,0,0,0,3,1,6,1,38,7,-1,-1,-1,-1,2,1,E01014664,0
Unvalidated,2024522401361,2024,522401361,2,9,9,11,2,6,0,1,0,0,0,0,4,1,6,1,-1,-1,-1,-1,-1,-1,-1,-1,-1,0
Unvalidated,2024522401362,2024,522401362,1,1,0,18,2,6,9,8,0,0,0,0,3,1,6,1,31,6,-1,-1,-1,-1,3,1,E01014572,0
Unvalidated,2024522401362,2024,522401362,2,9,0,18,8,4,9,6,0,0,0,0,1,1,6,3,-1,-1,-1,-1,-1,-1,-1,-1,-1,0
Unvalidated,2024522401363,2024,522401363,1,9,0,9,3,1,0,5,0,0,0,0,4,1,6,1,29,6,-1,-1,-1,-1,6,1,E01014734,0
Unvalidated,2024522401363,2024,522401363,2,9,0,18,7,3,0,8,0,0,0,0,1,1,6,2,72,10,-1,-1,-1,-1,9,1,E01014816,0
Unvalidated,2024522401364,2024,522401364,1,9,0,9,4,2,0,6,0,0,0,0,3,1,6,1,63,9,-1,-1,-1,-1,3,1,E01014684,0
Unvalidated,2024522401364,2024,522401364,2,5,0,14,2,6,0,8,0,0,0,0,1,1,6,1,61,9,-1,-1,-1,-1,4,1,E01014523,0
Unvalidated,2024522401365,2024,522401365,1,90,0,18,6,2,0,0,0,0,0,0,1,1,6,1,26,6,-1,-1,-1,-1,1,1,E01014655,1
Unvalidated,2024522401367,2024,522401367,1,9,0,4,5,1,0,0,0,0,0,0,1,1,6,2,71,10,-1,-1,-1,-1,2,1,E01014694,0
Unvalidated,2024522401367,2024,522401367,2,9,0,4,5,1,0,0,0,0,0,0,2,1,6,1,56,9,-1,-1,-1,-1,9,1,E01022389,0
Unvalidated,2024522401368,2024,522401368,1,9,0,12,4,8,0,1,0,0,0,0,1,1,6,2,47,8,-1,-1,-1,-1,9,2,E01014853,0
Unvalidated,2024522401368,2024,522401368,2,9,0,18,8,4,0,3,0,0,0,0,1,1,6,1,25,5,-1,-1,-1,-1,7,1,E01014735,0
Unvalidated,2024522401368,2024,522401368,3,98,0,12,4,8,0,4,0,0,0,0,0,1,6,1,48,8,-1,-1,-1,-1,2,1,E01029100,0
Unvalidated,2024522401370,2024,522401370,1,9,0,7,1,3,0,8,0,0,0,0,4,1,6,1,24,5,-1,-1,-1,-1,2,1,E01014842,0
Unvalidated,2024522401370,2024,522401370,2,1,0,18,1,5,0,8,0,0,0,0,3,1,6,1,55,8,-1,-1,-1,-1,1,1,E01014802,0
Unvalidated,2024522401374,2024,522401374,1,1,0,18,5,1,5,0,0,0,0,0,1,1,6,2,45,7,-1,-1,-1,-1,-1,-1,-1,0
Unvalidated,2024522401374,2024,522401374,2,1,0,18,1,5,5,0,0,0,0,0,1,1,6,3,-1,-1,-1,-1,-1,-1,-1,-1,-1,0
Unvalidated,2024522401376,2024,522401376,1,4,0,18,2,6,0,3,0,10,1,11,1,1,6,2,18,4,-1,-1,-1,-1,8,1,E01014896,0
Unvalidated,2024522401377,2024,522401377,1,9,0,18,6,2,0,0,0,0,0,0,1,1,6,2,33,6,-1,-1,-1,-1,2,1,E01014694,0
Unvalidated,2024522401379,2024,522401379,1,11,0,18,1,5,0,0,0,0,0,0,4,1,1,3,-1,-1,-1,-1,-1,-1,-1,-1,-1,0
Unvalidated,2024522401381,2024,522401381,1,1,0,18,1,5,0,8,0,0,0,0,9,1,6,1,45,7,-1,-1,-1,-1,2,1,E01033353,0
Unvalidated,2024522401381,2024,522401381,2,90,0,99,9,9,0,8,0,0,0,0,9,1,1,3,-1,-1,-1,-1,-1,-1,-1,-1,-1,1
Unvalidated,2024522401383,2024,522401383,1,9,0,18,8,4,0,1,0,0,0,0,1,1,6,2,40,7,-1,-1,-1,-1,1,1,E01032518,0
Unvalidated,2024522401383,2024,522401383,2,9,0,4,8,4,0,1,0,0,0,0,2,1,6,1,23,5,-1,-1,-1,-1,6,2,E01027326,0
Unvalidated,2024522401383,2024,522401383,3,9,0,3,8,4,0,1,0,0,0,0,2,1,6,1,19,4,-1,-1,-1,-1,5,1,E01014592,0
Unvalidated,2024522401385,2024,522401385,1,9,0,13,4,8,0,0,0,0,0,0,1,1,6,1,46,8,-1,-1,-1,-1,5,1,E01014753,0
Unvalidated,2024522401385,2024,522401385,2,9,0,18,8,4,0,0,0,0,0,0,1,1,6,1,71,10,-1,-1,-1,-1,-1,3,-1,0
Unvalidated,2024522401387,2024,522401387,1,9,0,9,7,5,0,8,0,0,0,0,1,1,6,2,19,4,-1,-1,-1,-1,1,1,E01014800,0
Unvalidated,2024522401387,2024,522401387,2,9,0,18,3,7,0,8,0,0,0,0,3,1,6,2,25,5,-1,-1,-1,-1,6,1,E01014769,0
Unvalidated,2024522401389,2024,522401389,1,19,0,1,7,3,0,6,0,0,0,0,2,1,1,3,-1,-1,-1,-1,-1,-1,-1,-1,-1,0
Unvalidated,2024522401390,2024,522401390,1,3,0,18,2,6,0,8,0,0,0,0,1,1,6,1,26,6,-1,-1,-1,-1,2,1,E01029131,0
Unvalidated,2024522401390,2024,522401390,2,9,0,9,4,2,0,6,0,0,0,0,3,1,6,2,49,8,-1,-1,-1,-1,2,1,E01014517,0
Unvalidated,2024522401393,2024,522401393,1,9,0,9,5,3,0,5,0,0,0,0,4,1,6,1,50,8,-1,-1,-1,-1,3,1,E01014600,0