status,collision_index,collision_year,collision_reference,vehicle_reference,vehicle_type,towing_and_articulation,vehicle_manoeuvre,vehicle_direction_from,vehicle_direction_to,vehicle_location_restricted_lane,junction_location,skidding_and_overturning,hit_object_in_carriageway,vehicle_leaving_carriageway,hit_object_off_carriageway,first_point_of_impact,vehicle_left_hand_drive,journey_purpose_of_driver,sex_of_driver,age_of_driver,age_band_of_driver,engine_capacity_cc,propulsion_code,age_of_vehicle,generic_make_model,driver_imd_decile,driver_home_area_type,lsoa_of_driver,escooter_flag
Unvalidated,2024522401393,2024,522401393,2,9,0,18,1,5,0,8,0,0,0,0,1,1,6,1,30,6,-1,-1,-1,-1,6,1,E01014614,0
Unvalidated,2024522401393,2024,522401393,3,3,0,9,8,5,0,6,0,0,0,0,1,1,6,1,23,5,-1,-1,-1,-1,8,2,E01014867,0
Unvalidated,2024522401394,2024,522401394,1,9,0,9,3,7,0,0,0,0,0,0,1,1,6,1,26,6,-1,-1,-1,-1,10,3,E01029128,0
Unvalidated,2024522401394,2024,522401394,2,9,0,18,7,3,0,0,0,0,0,0,1,1,6,1,63,9,-1,-1,-1,-1,7,3,E01022561,0
Unvalidated,2024522401394,2024,522401394,3,3,0,18,3,7,0,0,0,0,0,0,1,1,6,1,65,9,-1,-1,-1,-1,8,1,E01014771,0
Unvalidated,2024522401395,2024,522401395,1,8,0,18,2,6,0,8,0,0,0,0,1,1,6,1,67,10,-1,-1,-1,-1,1,1,E01014658,0
Unvalidated,2024522401395,2024,522401395,2,9,0,9,6,5,0,5,0,0,0,0,1,1,6,2,39,7,-1,-1,-1,-1,9,1,E01014862,0
Unvalidated,2024522401397,2024,522401397,1,3,0,16,3,7,0,3,0,0,0,0,1,1,6,1,39,7,-1,-1,-1,-1,6,1,E01014846,0
Unvalidated,2024522401397,2024,522401397,2,1,0,18,5,1,0,2,0,7,0,0,2,1,6,1,61,9,-1,-1,-1,-1,8,1,E01014803,0
Unvalidated,2024522401398,2024,522401398,1,19,0,18,6,2,0,8,0,0,0,0,1,1,6,1,22,5,-1,-1,-1,-1,4,1,E01015007,0
Unvalidated,2024522401398,2024,522401398,2,9,0,3,6,2,0,8,0,0,0,0,2,1,6,3,-1,-1,-1,-1,-1,-1,-1,-1,-1,0
Unvalidated,2024522401399,2024,522401399,1,9,0,12,2,6,0,3,0,0,0,0,1,1,6,1,46,8,-1,-1,-1,-1,7,3,E01014848,0
Unvalidated,2024522401401,2024,522401401,1,9,0,3,2,6,0,1,0,0,0,0,2,1,6,1,65,9,-1,-1,-1,-1,3,1,E01014502,0
Unvalidated,2024522401401,2024,522401401,2,1,0,18,2,6,0,1,0,0,0,0,1,1,6,1,36,7,-1,-1,-1,-1,4,1,E01014632,0
Unvalidated,2024522401402,2024,522401402,1,9,0,18,2,6,0,0,0,0,0,0,1,1,6,1,39,7,-1,-1,-1,-1,4,1,E01014699,0
Unvalidated,2024522401402,2024,522401402,2,1,0,18,3,7,0,0,0,0,0,0,1,1,6,1,25,5,-1,-1,-1,-1,9,2,E01014851,0
Unvalidated,2024522401405,2024,522401405,1,23,0,18,1,5,0,8,0,0,0,0,1,1,6,1,20,4,-1,-1,-1,-1,8,3,E01014868,0
Unvalidated,2024522401405,2024,522401405,2,23,0,18,1,5,0,8,0,0,0,0,1,1,6,1,20,4,-1,-1,-1,-1,-1,-1,-1,0
Unvalidated,2024522401406,2024,522401406,1,9,0,18,1,5,0,8,0,0,0,0,1,1,6,2,31,6,-1,-1,-1,-1,4,2,E01020055,0
Unvalidated,2024522401406,2024,522401406,2,9,0,18,5,1,0,8,0,0,0,0,3,1,6,1,45,7,-1,-1,-1,-1,6,3,E01014865,0
Unvalidated,2024522401408,2024,522401408,1,9,0,3,4,8,0,2,0,0,0,0,2,1,6,2,61,9,-1,-1,-1,-1,2,1,E01014526,0
Unvalidated,2024522401408,2024,522401408,2,9,0,7,6,8,0,6,0,0,0,0,1,1,6,1,31,6,-1,-1,-1,-1,3,1,E01015666,0
Unvalidated,2024522401410,2024,522401410,1,9,0,5,8,4,0,1,0,0,0,0,1,1,6,3,-1,-1,-1,-1,-1,-1,-1,-1,-1,0
Unvalidated,2024522401411,2024,522401411,1,19,0,1,7,3,9,8,0,0,0,0,2,1,6,3,-1,-1,-1,-1,-1,-1,-1,-1,-1,0
Unvalidated,2024522401413,2024,522401413,1,9,0,18,7,3,0,0,0,0,0,0,1,1,6,3,-1,-1,-1,-1,-1,-1,-1,-1,-1,0
Unvalidated,2024522401414,2024,522401414,1,1,0,18,5,1,0,0,0,0,0,0,3,1,6,2,35,6,-1,-1,-1,-1,8,1,E01014511,0
Unvalidated,2024522401414,2024,522401414,2,9,0,13,5,1,0,0,0,0,0,0,4,1,6,3,-1,-1,-1,-1,-1,-1,-1,-1,-1,0
Unvalidated,2024522401416,2024,522401416,1,21,0,13,7,3,0,2,0,0,0,0,2,1,1,1,24,5,-1,-1,-1,-1,7,3,E01029086,0
Unvalidated,2024522401416,2024,522401416,2,1,0,18,7,3,0,2,0,0,0,0,1,1,6,1,17,4,-1,-1,-1,-1,-1,-1,-1,0
Unvalidated,2024522401418,2024,522401418,1,9,0,18,3,7,0,0,0,0,0,0,1,1,6,2,84,11,-1,-1,-1,-1,4,1,E01014576,0
Unvalidated,2024522401418,2024,522401418,2,3,0,18,3,7,0,0,0,0,0,0,2,1,6,1,34,6,-1,-1,-1,-1,7,1,E01014554,0
Unvalidated,2024522401420,2024,522401420,1,9,0,18,3,7,0,0,0,0,0,0,1,1,6,1,31,6,-1,-1,-1,-1,-1,-1,-1,0
Unvalidated,2024522401420,2024,522401420,2,9,0,18,3,7,0,0,0,0,0,0,2,1,6,1,68,10,-1,-1,-1,-1,8,3,E01014745,0
Unvalidated,2024522401422,2024,522401422,1,9,0,12,2,6,0,0,0,0,0,0,3,1,6,1,42,7,-1,-1,-1,-1,2,1,E01014643,0
Unvalidated,2024522401422,2024,522401422,2,9,0,18,2,6,0,0,0,0,0,0,4,1,6,2,54,8,-1,-1,-1,-1,4,3,E01020292,0
Unvalidated,2024522401426,2024,522401426,1,9,0,9,2,8,0,5,0,0,0,0,1,1,6,1,24,5,-1,-1,-1,-1,6,1,E01015009,0
Unvalidated,2024522401426,2024,522401426,2,9,0,18,6,2,0,8,0,0,0,0,1,1,6,1,34,6,-1,-1,-1,-1,2,1,E01033352,0
Unvalidated,2024522401437,2024,522401437,1,9,0,18,7,3,0,0,0,0,0,0,1,1,6,2,27,6,-1,-1,-1,-1,10,1,W01001778,0
Unvalidated,2024522401437,2024,522401437,2,1,0,18,7,3,0,0,0,0,0,0,2,1,6,1,51,8,-1,-1,-1,-1,-1,1,-1,0
Unvalidated,2024522401438,2024,522401438,1,9,0,9,8,6,0,5,0,10,1,4,1,1,6,2,71,10,-1,-1,-1,-1,6,1,E01014882,0
Unvalidated,2024522401438,2024,522401438,2,9,0,2,0,0,0,2,0,0,0,0,2,1,6,3,-1,-1,-1,-1,-1,-1,-1,-1,-1,0
Unvalidated,2024522401440,2024,522401440,1,9,0,9,5,3,0,6,0,0,0,0,1,1,6,2,35,6,-1,-1,-1,-1,1,1,E01014727,0
Unvalidated,2024522401440,2024,522401440,2,1,0,18,3,7,0,8,0,0,0,0,1,1,6,1,32,6,-1,-1,-1,-1,5,1,E01015006,0
Unvalidated,2024522401441,2024,522401441,1,9,0,9,8,5,0,5,0,0,0,0,1,1,6,1,28,6,-1,-1,-1,-1,1,1,E01014688,0
Unvalidated,2024522401445,2024,522401445,1,9,0,18,6,2,0,1,0,0,0,0,1,1,6,1,33,6,-1,-1,-1,-1,10,1,E01014775,0
Unvalidated,2024522401445,2024,522401445,2,9,0,4,6,2,0,1,0,0,0,0,2,1,6,1,41,7,-1,-1,-1,-1,1,1,E01014654,0
Unvalidated,2024522401445,2024,522401445,3,9,0,18,6,2,0,1,0,0,0,0,2,1,6,3,-1,-1,-1,-1,-1,-1,-1,-1,-1,0
Unvalidated,2024522401446,2024,522401446,1,9,0,17,5,2,0,2,0,4,0,0,1,1,6,2,38,7,-1,-1,-1,-1,1,1,E01014589,0
Unvalidated,2024522401446,2024,522401446,2,19,0,2,0,0,0,2,0,0,0,0,2,1,6,3,-1,-1,-1,-1,-1,-1,-1,-1,-1,0
Unvalidated,2024522401447,2024,522401447,1,1,0,18,1,5,0,8,0,0,0,0,4,1,6,1,25,5,-1,-1,-1,-1,9,1,E01014908,0
Unvalidated,2024522401447,2024,522401447,2,9,0,18,3,7,0,4,0,0,0,0,3,1,6,3,-1,-1,-1,-1,-1,-1,-1,-1,-1,0
Unvalidated,2024522401448,2024,522401448,1,9,0,99,6,2,0,8,0,0,0,0,2,1,6,1,39,7,-1,-1,-1,-1,1,1,E01033358,0
Unvalidated,2024522401448,2024,522401448,2,97,0,99,6,2,0,8,0,0,0,0,1,1,6,3,-1,-1,-1,-1,-1,-1,-1,-1,-1,0
Unvalidated,2024522401450,2024,522401450,1,9,0,4,2,6,0,0,0,0,0,0,2,1,6,2,38,7,-1,-1,-1,-1,-1,-1,-1,0
Unvalidated,2024522401450,2024,522401450,2,9,0,4,2,6,0,0,0,0,0,0,2,1,6,3,-1,-1,-1,-1,-1,-1,-1,-1,-1,0
Unvalidated,2024522401450,2024,522401450,3,9,0,18,2,6,0,0,0,0,0,0,1,1,6,3,-1,-1,-1,-1,-1,-1,-1,-1,-1,0
Unvalidated,2024522401451,2024,522401451,1,1,0,18,1,5,4,8,0,0,0,0,4,1,3,1,42,7,-1,-1,-1,-1,4,1,E01032516,0
Unvalidated,2024522401451,2024,522401451,2,9,0,7,2,5,0,6,0,0,0,0,1,1,6,1,42,7,-1,-1,-1,-1,2,1,E01014601,0
Unvalidated,2024522401452,2024,522401452,1,1,0,18,3,7,0,8,0,0,0,0,2,1,6,1,30,6,-1,-1,-1,-1,5,1,E01014753,0
Unvalidated,2024522401452,2024,522401452,2,9,0,5,9,9,0,8,0,0,0,0,1,1,6,3,-1,-1,-1,-1,-1,-1,-1,-1,-1,0
Unvalidated,2024522401453,2024,522401453,1,9,0,9,3,5,0,6,0,0,0,0,1,1,6,3,-1,-1,-1,-1,-1,-1,-1,-1,-1,0
Unvalidated,2024522401454,2024,522401454,1,1,0,18,2,6,0,8,0,0,0,0,1,1,6,1,38,7,-1,-1,-1,-1,3,1,E01014600,0
Unvalidated,2024522401454,2024,522401454,2,9,0,9,4,2,0,6,0,0,0,0,3,1,6,1,-1,-1,-1,-1,-1,-1,2,1,E01014578,0
Unvalidated,2024522401457,2024,522401457,1,9,0,18,6,2,0,8,0,0,0,0,1,1,6,2,76,11,-1,-1,-1,-1,8,1,E01014996,0
Unvalidated,2024522401457,2024,522401457,2,9,0,18,4,8,0,6,0,0,0,0,1,1,6,1,29,6,-1,-1,-1,-1,3,1,E01014622,0
Unvalidated,2024522401461,2024,522401461,1,3,0,18,5,2,0,8,0,0,0,0,1,1,6,1,30,6,-1,-1,-1,-1,6,1,E01014865,0
Unvalidated,2024522401461,2024,522401461,2,9,0,5,9,9,0,4,0,0,0,0,1,1,6,3,-1,-1,-1,-1,-1,-1,-1,-1,-1,0
Unvalidated,2024522401462,2024,522401462,1,3,0,3,5,1,0,1,0,0,0,0,1,1,6,1,28,6,-1,-1,-1,-1,2,1,E01014602,0
Unvalidated,2024522401462,2024,522401462,2,9,0,1,1,5,0,1,0,0,0,0,2,1,6,3,-1,-1,-1,-1,-1,-1,-1,-1,-1,0
Unvalidated,2024522401463,2024,522401463,1,19,0,2,0,0,0,0,0,0,0,0,3,1,6,3,-1,-1,-1,-1,-1,-1,-1,-1,-1,0
Unvalidated,2024522401463,2024,522401463,2,9,0,18,7,3,0,0,0,0,0,0,1,1,6,3,-1,-1,-1,-1,-1,-1,-1,-1,-1,0
Unvalidated,2024522401464,2024,522401464,1,9,0,4,2,6,0,1,0,0,0,0,1,1,6,1,34,6,-1,-1,-1,-1,1,1,E01014583,0
Unvalidated,2024522401464,2024,522401464,2,9,0,3,2,6,0,1,0,0,0,0,2,1,6,1,37,7,-1,-1,-1,-1,8,1,E01014936,0
Unvalidated,2024522401464,2024,522401464,3,9,0,3,2,6,0,1,0,0,0,0,2,1,6,3,-1,-1,-1,-1,-1,-1,-1,-1,-1,0
Unvalidated,2024522401465,2024,522401465,1,9,0,9,5,3,0,6,0,0,7,11,1,1,6,2,23,5,-1,-1,-1,-1,7,1,E01015004,0
Unvalidated,2024522401465,2024,522401465,2,9,0,5,7,3,0,8,0,0,0,0,3,1,6,2,32,6,-1,-1,-1,-1,-1,3,-1,0
Unvalidated,2024522401467,2024,522401467,1,9,0,18,4,8,0,0,0,0,0,0,1,1,6,3,-1,-1,-1,-1,-1,-1,-1,-1,-1,0
Unvalidated,2024522401468,2024,522401468,1,9,0,18,1,5,0,0,1,0,0,0,2,1,6,1,20,4,-1,-1,-1,-1,-1,-1,-1,0
Unvalidated,2024522401468,2024,522401468,2,9,0,4,1,5,0,0,1,0,0,0,1,1,6,2,53,8,-1,-1,-1,-1,7,3,E01029130,0
Unvalidated,2024522401468,2024,522401468,3,9,0,4,1,5,0,0,1,0,0,0,1,1,6,1,39,7,-1,-1,-1,-1,8,1,E01010161,0
Unvalidated,2024522401468,2024,522401468,4,9,0,4,1,5,0,0,1,1,0,0,1,1,6,1,64,9,-1,-1,-1,-1,4,2,E01029090,0
Unvalidated,2024522401468,2024,522401468,5,9,0,4,1,5,0,0,1,1,0,0,2,1,6,1,64,9,-1,-1,-1,-1,6,3,E01022351,0
Unvalidated,2024522401470,2024,522401470,1,9,0,11,5,6,0,3,0,0,0,0,2,1,6,2,30,6,-1,-1,-1,-1,7,1,E01014826,0
Unvalidated,2024522401470,2024,522401470,2,9,9,18,9,9,0,8,0,0,0,0,1,1,6,3,-1,-1,-1,-1,-1,-1,-1,-1,-1,0
Unvalidated,2024522401472,2024,522401472,1,9,0,18,6,1,0,0,0,0,0,0,1,1,6,2,35,6,-1,-1,-1,-1,10,1,E01014798,0
Unvalidated,2024522401476,2024,522401476,1,9,0,3,4,8,0,0,0,0,0,0,2,1,6,1,52,8,-1,-1,-1,-1,5,1,E01022272,0
Unvalidated,2024522401476,2024,522401476,2,19,0,18,4,8,0,0,0,0,0,0,1,1,6,3,-1,-1,-1,-1,-1,-1,-1,-1,-1,0
Unvalidated,2024522401478,2024,522401478,1,9,0,18,7,3,0,8,0,0,0,0,9,1,6,1,30,6,-1,-1,-1,-1,4,1,E01014523,0
Unvalidated,2024522401478,2024,522401478,2,1,0,18,9,9,0,8,0,0,0,0,9,1,6,3,-1,-1,-1,-1,-1,-1,-1,-1,-1,0
Unvalidated,2024522401480,2024,522401480,1,9,0,18,6,1,0,8,0,0,0,0,4,1,6,2,27,6,-1,-1,-1,-1,10,1,E01014822,0
Unvalidated,2024522401480,2024,522401480,2,5,0,18,1,6,0,8,0,0,0,0,1,1,6,1,58,9,-1,-1,-1,-1,8,1,E01014821,0
Unvalidated,2024522401483,2024,522401483,1,1,0,14,2,6,0,0,0,0,0,0,3,1,6,1,53,8,-1,-1,-1,-1,6,1,E01014677,0
Unvalidated,2024522401483,2024,522401483,2,9,0,12,6,2,0,0,0,0,0,0,3,1,6,3,-1,-1,-1,-1,-1,-1,-1,-1,-1,0
Unvalidated,2024522401485,2024,522401485,1,9,0,17,7,3,0,3,0,0,0,0,1,1,6,1,24,5,-1,-1,-1,-1,6,1,E01014769,0
Unvalidated,2024522401485,2024,522401485,2,9,0,18,4,7,0,1,0,0,0,0,1,1,6,2,20,4,-1,-1,-1,-1,9,2,E01014857,0
Unvalidated,2024522401486,2024,522401486,1,9,0,18,6,2,0,0,0,0,5,6,1,1,6,1,39,7,-1,-1,-1,-1,7,1,E01022401,0
Unvalidated,2024522401488,2024,522401488,1,9,0,3,2,6,0,0,0,0,0,0,2,1,6,1,-1,-1,-1,-1,-1,-1,7,1,W01000997,0
Unvalidated,2024522401488,2024,522401488,2,9,0,3,2,6,0,0,0,0,0,0,1,1,6,1,61,9,-1,-1,-1,-1,3,1,W01001632,0
Unvalidated,2024522401488,2024,522401488,3,9,0,18,2,6,0,0,0,0,0,0,1,1,6,1,37,7,-1,-1,-1,-1,3,1,E01014736,0
Unvalidated,2024522401490,2024,522401490,1,9,0,7,5,7,0,6,0,0,0,0,3,1,6,2,38,7,-1,-1,-1,-1,9,3,E01014748,0
Unvalidated,2024522401490,2024,522401490,2,9,0,18,3,7,0,8,0,0,0,0,1,1,6,1,20,4,-1,-1,-1,-1,3,1,E01014650,0
Unvalidated,2024522401491,2024,522401491,1,3,0,18,6,2,0,1,0,10,0,0,4,1,6,1,57,9,-1,-1,-1,-1,3,1,E01014690,0
Unvalidated,2024522401493,2024,522401493,1,9,0,17,2,6,0,0,5,0,2,0,4,1,6,1,32,6,-1,-1,-1,-1,8,1,E01014996,0
Unvalidated,2024522401493,2024,522401493,2,9,0,16,6,2,0,0,0,0,0,0,1,1,6,1,43,7,-1,-1,-1,-1,-1,3,-1,0
Unvalidated,2024522401496,2024,522401496,1,5,0,18,2,6,0,8,0,0,0,0,4,1,6,1,67,10,-1,-1,-1,-1,6,1,E01014447,0
Unvalidated,2024522401496,2024,522401496,2,9,0,15,2,6,0,8,0,0,0,0,3,1,6,3,-1,-1,-1,-1,-1,-1,-1,-1,-1,0
Unvalidated,2024522401498,2024,522401498,1,19,0,18,2,6,0,8,0,4,0,0,1,1,6,2,54,8,-1,-1,-1,-1,-1,-1,-1,0
Unvalidated,2024522401498,2024,522401498,2,9,0,9,3,2,0,6,0,0,0,0,0,1,6,1,22,5,-1,-1,-1,-1,1,1,E01033358,0
Unvalidated,2024522401498,2024,522401498,3,9,0,2,0,0,0,2,0,0,0,0,1,1,6,3,-1,-1,-1,-1,-1,-1,-1,-1,-1,0
Unvalidated,2024522401499,2024,522401499,1,9,0,4,4,8,0,0,0,0,0,0,3,1,6,1,38,7,-1,-1,-1,-1,6,1,E01014914,0
Unvalidated,2024522401499,2024,522401499,2,9,0,13,4,8,0,0,1,0,0,0,1,1,6,1,19,4,-1,-1,-1,-1,2,1,E01014640,0
Unvalidated,2024522401501,2024,522401501,1,9,0,3,3,7,0,0,0,0,0,0,2,1,6,2,37,7,-1,-1,-1,-1,8,1,E01032672,0
Unvalidated,2024522401501,2024,522401501,2,9,0,3,3,7,0,0,0,0,0,0,2,1,6,2,48,8,-1,-1,-1,-1,9,2,E01014853,0
Unvalidated,2024522401501,2024,522401501,3,9,0,4,3,7,0,0,0,0,0,0,1,1,6,2,47,8,-1,-1,-1,-1,3,1,E01014807,0
Unvalidated,2024522401501,2024,522401501,4,9,0,18,3,7,0,0,0,0,0,0,1,1,6,1,42,7,-1,-1,-1,-1,4,1,E01029119,0
Unvalidated,2024522401505,2024,522401505,1,9,0,18,5,1,0,0,0,0,0,0,1,1,6,2,25,5,-1,-1,-1,-1,9,1,E01024956,0
Unvalidated,2024522401505,2024,522401505,2,9,0,18,5,1,0,0,0,0,0,0,2,1,6,1,49,8,-1,-1,-1,-1,4,1,E01028143,0
Unvalidated,2024522401505,2024,522401505,3,9,0,18,5,1,0,0,0,0,0,0,2,1,6,1,51,8,-1,-1,-1,-1,7,1,E01029995,0
Unvalidated,2024522401506,2024,522401506,1,90,0,17,6,3,0,8,0,0,0,0,4,1,6,1,27,6,-1,-1,-1,-1,7,1,E01014651,1
Unvalidated,2024522401506,2024,522401506,2,9,0,9,2,7,0,6,0,0,0,0,1,1,6,1,60,9,-1,-1,-1,-1,1,1,E01014647,0
Unvalidated,2024522401507,2024,522401507,1,19,0,12,2,6,0,0,0,0,0,0,3,1,6,1,36,7,-1,-1,-1,-1,4,1,E01014603,0
Unvalidated,2024522401507,2024,522401507,2,4,0,12,2,6,0,0,0,0,0,0,4,1,6,1,29,6,-1,-1,-1,-1,1,1,E01014639,0
Unvalidated,2024522401510,2024,522401510,1,9,0,18,8,4,0,0,0,4,0,0,1,1,6,3,-1,-1,-1,-1,-1,-1,-1,-1,-1,0
Unvalidated,2024522401510,2024,522401510,2,9,0,2,0,0,0,0,0,0,0,0,2,1,6,3,-1,-1,-1,-1,-1,-1,-1,-1,-1,0
Unvalidated,2024522401510,2024,522401510,3,9,0,2,0,0,0,0,0,0,0,0,3,1,6,3,-1,-1,-1,-1,-1,-1,-1,-1,-1,0
Unvalidated,2024522401510,2024,522401510,4,9,0,2,0,0,0,0,0,0,0,0,3,1,6,3,-1,-1,-1,-1,-1,-1,-1,-1,-1,0
Unvalidated,2024522401510,2024,522401510,5,9,0,2,0,0,0,0,0,0,0,0,3,1,6,3,-1,-1,-1,-1,-1,-1,-1,-1,-1,0
Unvalidated,2024522401511,2024,522401511,1,9,0,18,1,5,0,5,0,0,0,0,1,1,6,1,47,8,-1,-1,-1,-1,3,1,E01014811,0
Unvalidated,2024522401512,2024,522401512,1,11,0,18,3,7,0,1,0,0,0,0,2,1,1,2,47,8,-1,-1,-1,-1,6,1,E01014813,0
Unvalidated,2024522401514,2024,522401514,1,9,0,14,8,4,0,0,0,0,0,0,3,1,6,2,51,8,-1,-1,-1,-1,9,2,E01014871,0
Unvalidated,2024522401514,2024,522401514,2,3,0,18,8,4,0,0,0,0,0,0,4,1,6,1,20,4,-1,-1,-1,-1,7,1,E01014945,0
Unvalidated,2024522401516,2024,522401516,1,1,0,18,3,7,0,0,0,10,1,0,4,1,6,1,29,6,-1,-1,-1,-1,8,1,E01033338,0
Unvalidated,2024522401516,2024,522401516,2,19,0,13,7,3,0,0,0,0,0,0,0,1,6,3,-1,-1,-1,-1,-1,-1,-1,-1,-1,0
Unvalidated,2024522401517,2024,522401517,1,9,0,4,7,3,0,1,0,0,0,0,2,1,6,2,28,6,-1,-1,-1,-1,10,1,E01014944,0
Unvalidated,2024522401517,2024,522401517,2,5,0,18,7,3,0,1,0,0,0,0,1,1,6,1,-1,-1,-1,-1,-1,-1,-1,-1,-1,0
Unvalidated,2024522401518,2024,522401518,1,1,0,18,4,8,0,8,0,0,0,0,4,1,6,1,31,6,-1,-1,-1,-1,4,1,E01014623,0
Unvalidated,2024522401518,2024,522401518,2,9,0,18,6,2,0,6,0,0,0,0,1,1,6,3,-1,-1,-1,-1,-1,-1,-1,-1,-1,0
Unvalidated,2024522401519,2024,522401519,1,9,0,1,8,4,0,2,0,0,0,0,2,1,6,1,57,9,-1,-1,-1,-1,5,1,E01014915,0
Unvalidated,2024522401520,2024,522401520,1,9,0,4,7,3,0,8,0,0,0,0,2,1,6,1,41,7,-1,-1,-1,-1,-1,-1,-1,0
Unvalidated,2024522401520,2024,522401520,2,9,0,18,7,3,0,8,0,0,0,0,1,1,6,1,44,7,-1,-1,-1,-1,4,1,E01032516,0
Unvalidated,2024522401522,2024,522401522,1,9,0,18,5,1,0,0,0,0,0,0,1,1,6,1,18,4,-1,-1,-1,-1,2,1,E01014601,0
Unvalidated,2024522401522,2024,522401522,2,9,0,18,1,5,0,0,1,0,0,0,1,1,6,2,24,5,-1,-1,-1,-1,6,1,E01014986,0
Unvalidated,2024522401523,2024,522401523,1,9,0,9,8,5,0,5,0,0,0,0,3,1,6,2,50,8,-1,-1,-1,-1,8,1,E01014545,0
Unvalidated,2024522401523,2024,522401523,2,1,0,18,8,4,0,8,0,0,0,0,1,1,6,2,35,6,-1,-1,-1,-1,7,1,E01014562,0
Unvalidated,2024522401524,2024,522401524,1,9,0,18,2,6,0,0,0,0,1,3,1,1,6,1,59,9,-1,-1,-1,-1,8,3,E01014890,0
Unvalidated,2024522401525,2024,522401525,1,9,0,18,5,1,0,8,0,0,0,0,1,1,6,2,33,6,-1,-1,-1,-1,-1,-1,-1,0
Unvalidated,2024522401527,2024,522401527,1,9,0,18,5,1,0,0,0,0,0,0,1,1,6,3,-1,-1,-1,-1,-1,-1,-1,-1,-1,0
Unvalidated,2024522401527,2024,522401527,2,11,0,18,1,5,0,0,0,0,0,0,1,1,6,1,59,9,-1,-1,-1,-1,10,1,E01014866,0
Unvalidated,2024522401529,2024,522401529,1,9,0,6,2,2,0,0,0,0,0,0,3,1,6,1,59,9,-1,-1,-1,-1,6,1,E01014986,0
Unvalidated,2024522401529,2024,522401529,2,4,0,14,2,6,0,0,0,0,0,0,1,1,6,1,64,9,-1,-1,-1,-1,10,1,E01014875,0
Unvalidated,2024522401530,2024,522401530,1,9,0,18,7,3,0,8,0,0,0,0,1,1,6,1,36,7,-1,-1,-1,-1,1,1,E01014663,0
Unvalidated,2024522401530,2024,522401530,2,1,0,18,1,5,0,6,0,0,0,0,3,1,6,1,20,4,-1,-1,-1,-1,8,1,E01033331,0
Unvalidated,2024522401531,2024,522401531,1,9,0,18,2,6,0,8,0,0,0,0,1,1,6,1,20,4,-1,-1,-1,-1,4,1,E01014603,0
Unvalidated,2024522401531,2024,522401531,2,19,0,9,2,1,0,5,0,0,0,0,2,1,6,2,42,7,-1,-1,-1,-1,4,1,E01014603,0
Unvalidated,2024522401532,2024,522401532,1,9,0,9,3,1,0,5,0,0,0,0,1,1,6,2,72,10,-1,-1,-1,-1,6,1,E01032519,0
Unvalidated,2024522401532,2024,522401532,2,9,0,18,7,3,0,8,0,0,0,0,1,1,6,1,70,10,-1,-1,-1,-1,10,1,E01014711,0
Unvalidated,2024522401533,2024,522401533,1,1,0,18,7,3,0,8,0,0,0,0,1,1,6,1,58,9,-1,-1,-1,-1,10,1,E01014878,0
Unvalidated,2024522401533,2024,522401533,2,9,0,9,3,2,0,5,0,0,0,0,1,1,6,2,71,10,-1,-1,-1,-1,6,1,E01014984,0
Unvalidated,2024522401534,2024,522401534,1,3,0,18,3,7,0,0,1,0,0,0,1,1,6,1,18,4,-1,-1,-1,-1,4,1,E01014623,0
Unvalidated,2024522401535,2024,522401535,1,9,0,1,1,5,0,6,0,0,0,0,2,1,6,1,51,8,-1,-1,-1,-1,1,1,E01014647,0
Unvalidated,2024522401535,2024,522401535,2,1,0,18,7,3,0,8,0,0,0,0,1,1,6,1,13,3,-1,-1,-1,-1,1,1,E01014585,0
Unvalidated,2024522401540,2024,522401540,1,9,0,11,2,6,0,8,0,0,0,0,4,1,6,1,39,7,-1,-1,-1,-1,1,1,E01014655,0
Unvalidated,2024522401540,2024,522401540,2,3,0,18,2,6,2,8,0,0,0,0,1,1,6,1,40,7,-1,-1,-1,-1,1,1,E01014596,0
Unvalidated,2024522401545,2024,522401545,1,4,0,18,5,1,0,8,0,0,0,0,1,1,6,1,23,5,-1,-1,-1,-1,9,1,E01014908,0
Unvalidated,2024522401545,2024,522401545,2,9,0,7,7,1,0,6,0,0,0,0,3,1,6,3,-1,-1,-1,-1,-1,-1,-1,-1,-1,0
Unvalidated,2024522401552,2024,522401552,1,9,0,18,8,4,0,0,0,0,0,0,1,1,6,1,27,6,-1,-1,-1,-1,10,1,E01014883,0
Unvalidated,2024522401552,2024,522401552,2,9,0,18,4,8,0,0,0,0,0,0,1,1,6,3,-1,-1,-1,-1,-1,-1,-1,-1,-1,0
Unvalidated,2024522401553,2024,522401553,1,3,0,18,9,9,0,8,0,0,0,0,1,1,6,1,52,8,-1,-1,-1,-1,1,1,E01014654,0
Unvalidated,2024522401553,2024,522401553,2,9,0,18,9,9,0,4,0,0,0,0,1,1,6,3,-1,-1,-1,-1,-1,-1,-1,-1,-1,0
Unvalidated,2024522401556,2024,522401556,1,1,0,15,5,1,0,0,0,8,0,0,1,1,6,1,36,7,-1,-1,-1,-1,2,1,E01014630,0
Unvalidated,2024522401556,2024,522401556,2,9,0,3,5,1,0,0,0,0,0,0,4,1,6,2,26,6,-1,-1,-1,-1,2,1,E01014629,0
Unvalidated,2024522401557,2024,522401557,1,19,0,9,5,3,0,5,0,0,0,0,1,1,6,3,-1,-1,-1,-1,-1,-1,-1,-1,-1,0
Unvalidated,2024522401558,2024,522401558,1,9,0,18,5,7,0,8,0,0,0,0,4,1,6,1,61,9,-1,-1,-1,-1,10,1,E01014798,0
Unvalidated,2024522401558,2024,522401558,2,1,0,18,6,2,0,8,0,0,0,0,9,1,6,1,-1,-1,-1,-1,-1,-1,-1,-1,-1,0