status,collision_index,collision_year,collision_reference,vehicle_reference,vehicle_type,towing_and_articulation,vehicle_manoeuvre,vehicle_direction_from,vehicle_direction_to,vehicle_location_restricted_lane,junction_location,skidding_and_overturning,hit_object_in_carriageway,vehicle_leaving_carriageway,hit_object_off_carriageway,first_point_of_impact,vehicle_left_hand_drive,journey_purpose_of_driver,sex_of_driver,age_of_driver,age_band_of_driver,engine_capacity_cc,propulsion_code,age_of_vehicle,generic_make_model,driver_imd_decile,driver_home_area_type,lsoa_of_driver,escooter_flag
Unvalidated,2024522401561,2024,522401561,1,9,0,16,8,3,0,8,0,0,0,0,1,1,6,1,35,6,-1,-1,-1,-1,2,1,E01014643,0
Unvalidated,2024522401561,2024,522401561,2,9,0,9,3,1,0,8,0,0,0,0,4,1,6,1,45,7,-1,-1,-1,-1,9,1,E01014862,0
Unvalidated,2024522401565,2024,522401565,1,9,0,2,0,0,0,1,0,0,0,0,3,1,6,3,-1,-1,-1,-1,-1,-1,-1,-1,-1,0
Unvalidated,2024522401565,2024,522401565,2,9,0,18,4,8,0,1,0,0,0,0,4,1,6,2,84,11,-1,-1,-1,-1,8,3,E01032680,0
Unvalidated,2024522401569,2024,522401569,1,9,0,18,3,6,0,8,0,0,0,0,4,1,6,1,46,8,-1,-1,-1,-1,4,1,E01014924,0
Unvalidated,2024522401569,2024,522401569,2,9,0,18,5,2,0,8,0,0,0,0,1,1,6,2,-1,-1,-1,-1,-1,-1,5,1,E01014836,0
Unvalidated,2024522401572,2024,522401572,1,9,0,18,9,9,0,1,0,0,0,0,1,1,6,3,-1,-1,-1,-1,-1,-1,-1,-1,-1,0
Unvalidated,2024522401573,2024,522401573,1,1,0,18,6,2,0,8,0,0,0,0,1,1,6,1,22,5,-1,-1,-1,-1,6,1,E01014487,0
Unvalidated,2024522401573,2024,522401573,2,8,0,9,5,2,0,6,0,0,0,0,1,1,1,3,-1,-1,-1,-1,-1,-1,-1,-1,-1,0
Unvalidated,2024522401575,2024,522401575,1,9,0,12,6,2,0,7,0,0,0,0,2,1,6,2,23,5,-1,-1,-1,-1,4,1,E01014521,0
Unvalidated,2024522401575,2024,522401575,2,98,9,18,6,2,0,8,0,0,0,0,1,9,6,3,-1,-1,-1,-1,-1,-1,-1,-1,-1,0
Unvalidated,2024522401578,2024,522401578,1,1,0,18,7,3,2,8,0,0,0,0,1,1,6,1,39,7,-1,-1,-1,-1,6,1,E01014531,0
Unvalidated,2024522401578,2024,522401578,2,9,0,7,7,1,0,5,0,0,0,0,4,1,6,3,-1,-1,-1,-1,-1,-1,-1,-1,-1,0
Unvalidated,2024522401581,2024,522401581,1,9,0,18,2,6,0,8,0,0,0,0,1,1,6,1,66,10,-1,-1,-1,-1,6,1,E01015009,0
Unvalidated,2024522401581,2024,522401581,2,9,0,9,5,2,0,6,0,0,0,0,3,1,6,2,28,6,-1,-1,-1,-1,10,1,E01014969,0
Unvalidated,2024522401585,2024,522401585,1,1,0,9,3,1,0,8,0,0,0,0,9,1,6,1,59,9,-1,-1,-1,-1,9,1,E01014757,0
Unvalidated,2024522401585,2024,522401585,2,9,0,18,9,9,0,8,0,0,0,0,9,1,6,3,-1,-1,-1,-1,-1,-1,-1,-1,-1,0
Unvalidated,2024522401587,2024,522401587,1,9,0,7,1,3,0,2,0,0,0,0,1,1,6,3,-1,-1,-1,-1,-1,-1,-1,-1,-1,0
Unvalidated,2024522401588,2024,522401588,1,3,0,9,2,1,0,8,0,0,0,0,1,1,6,1,25,5,-1,-1,-1,-1,7,1,E01014696,0
Unvalidated,2024522401588,2024,522401588,2,9,9,18,5,1,0,4,0,0,0,0,3,1,6,3,-1,-1,-1,-1,-1,-1,-1,-1,-1,0
Unvalidated,2024522401589,2024,522401589,1,1,0,9,1,6,0,5,0,0,0,0,2,1,6,1,21,5,-1,-1,-1,-1,8,2,E01017376,0
Unvalidated,2024522401589,2024,522401589,2,9,0,13,1,5,0,8,0,0,0,0,1,1,6,3,-1,-1,-1,-1,-1,-1,-1,-1,-1,0
Unvalidated,2024522401590,2024,522401590,1,1,0,18,9,9,0,8,0,0,0,0,9,1,6,2,29,6,-1,-1,-1,-1,4,1,E01014570,0
Unvalidated,2024522401590,2024,522401590,2,9,0,5,5,1,0,6,0,0,0,0,1,1,6,3,-1,-1,-1,-1,-1,-1,-1,-1,-1,0
Unvalidated,2024522401593,2024,522401593,1,3,0,3,5,1,0,0,0,0,0,0,2,1,6,1,35,6,-1,-1,-1,-1,6,1,E01015002,0
Unvalidated,2024522401593,2024,522401593,2,9,0,18,5,1,0,0,0,0,0,0,1,1,6,3,-1,-1,-1,-1,-1,-1,-1,-1,-1,0
Unvalidated,2024522401597,2024,522401597,1,9,0,10,6,4,0,8,0,0,0,0,1,1,6,1,63,9,-1,-1,-1,-1,8,3,E01014868,0
Unvalidated,2024522401597,2024,522401597,2,9,0,18,1,6,0,8,0,0,0,0,1,1,6,2,39,7,-1,-1,-1,-1,8,3,E01014868,0
Unvalidated,2024522401598,2024,522401598,1,1,0,18,4,8,0,0,0,0,0,0,2,1,6,1,32,6,-1,-1,-1,-1,6,1,E01014733,0
Unvalidated,2024522401598,2024,522401598,2,8,0,18,4,8,0,0,0,0,0,0,1,1,1,3,-1,-1,-1,-1,-1,-1,-1,-1,-1,0
Unvalidated,2024522401600,2024,522401600,1,9,0,4,2,6,0,1,0,0,0,0,2,1,6,2,62,9,-1,-1,-1,-1,8,2,E01014867,0
Unvalidated,2024522401600,2024,522401600,2,9,0,18,2,6,0,1,0,0,0,0,1,1,6,3,-1,-1,-1,-1,-1,-1,-1,-1,-1,0
Unvalidated,2024522401601,2024,522401601,1,1,0,12,6,2,0,2,0,0,0,0,1,1,6,2,30,6,-1,-1,-1,-1,1,1,E01014574,0
Unvalidated,2024522401601,2024,522401601,2,19,0,18,2,6,0,1,0,0,0,0,1,1,6,1,-1,-1,-1,-1,-1,-1,-1,-1,-1,0
Unvalidated,2024522401602,2024,522401602,1,9,0,18,2,6,0,0,0,0,0,0,2,1,6,1,59,9,-1,-1,-1,-1,7,1,E01014808,0
Unvalidated,2024522401602,2024,522401602,2,90,0,18,2,6,0,0,0,0,0,0,1,1,1,2,-1,-1,-1,-1,-1,-1,-1,-1,-1,0
Unvalidated,2024522401604,2024,522401604,1,9,0,18,5,1,0,0,0,0,0,0,4,1,6,1,28,6,-1,-1,-1,-1,6,1,E01014447,0
Unvalidated,2024522401605,2024,522401605,1,9,0,3,4,1,0,8,0,0,0,0,2,1,6,2,27,6,-1,-1,-1,-1,6,1,E01032679,0
Unvalidated,2024522401605,2024,522401605,2,9,0,18,4,7,0,8,0,0,0,0,1,1,6,1,-1,-1,-1,-1,-1,-1,2,1,E01014810,0
Unvalidated,2024522401606,2024,522401606,1,9,0,4,8,4,0,1,0,0,0,0,2,1,6,1,44,7,-1,-1,-1,-1,9,3,E01014963,0
Unvalidated,2024522401606,2024,522401606,2,9,0,18,8,4,0,1,0,0,0,0,1,1,6,2,-1,-1,-1,-1,-1,-1,-1,-1,-1,0
Unvalidated,2024522401607,2024,522401607,1,1,0,18,2,6,0,8,0,0,0,0,1,1,6,1,33,6,-1,-1,-1,-1,2,1,E01014529,0
Unvalidated,2024522401607,2024,522401607,2,9,0,9,5,2,0,6,0,0,0,0,4,1,6,3,-1,-1,-1,-1,-1,-1,-1,-1,-1,0
Unvalidated,2024522401608,2024,522401608,1,9,0,3,6,2,0,0,0,0,0,0,1,1,6,2,30,6,-1,-1,-1,-1,4,1,E01014968,0
Unvalidated,2024522401608,2024,522401608,2,9,0,5,2,6,0,0,0,0,0,0,1,1,6,1,-1,-1,-1,-1,-1,-1,-1,-1,-1,0
Unvalidated,2024522401609,2024,522401609,1,9,0,3,6,2,0,1,0,0,0,0,2,1,2,2,33,6,-1,-1,-1,-1,8,3,E01014868,0
Unvalidated,2024522401609,2024,522401609,2,9,0,18,6,2,0,1,0,0,0,0,1,1,6,3,-1,-1,-1,-1,-1,-1,-1,-1,-1,0
Unvalidated,2024522401611,2024,522401611,1,9,0,18,2,6,0,8,0,0,0,0,1,1,6,2,79,11,-1,-1,-1,-1,5,1,E01014836,0
Unvalidated,2024522401612,2024,522401612,1,9,0,5,6,2,0,8,0,0,0,0,1,1,6,1,54,8,-1,-1,-1,-1,8,2,W01001913,0
Unvalidated,2024522401612,2024,522401612,2,1,0,18,8,4,0,8,0,0,0,0,1,1,6,1,33,6,-1,-1,-1,-1,3,1,E01014736,0
Unvalidated,2024522401613,2024,522401613,1,9,0,18,6,2,0,0,0,0,0,0,4,1,6,1,63,9,-1,-1,-1,-1,9,3,W01001590,0
Unvalidated,2024522401613,2024,522401613,2,1,0,5,8,4,0,0,0,0,0,0,1,1,6,1,31,6,-1,-1,-1,-1,3,1,E01014665,0
Unvalidated,2024522401616,2024,522401616,1,9,0,18,6,2,0,0,0,4,0,0,1,1,6,1,41,7,-1,-1,-1,-1,7,2,E01014858,0
Unvalidated,2024522401618,2024,522401618,1,1,0,18,8,4,0,8,0,0,0,0,4,1,6,2,23,5,-1,-1,-1,-1,8,1,E01014509,0
Unvalidated,2024522401618,2024,522401618,2,9,0,9,2,8,0,6,0,0,0,0,1,1,6,3,-1,-1,-1,-1,-1,-1,-1,-1,-1,0
Unvalidated,2024522401619,2024,522401619,1,1,0,18,5,1,0,0,0,0,0,0,3,1,6,1,25,5,-1,-1,-1,-1,4,1,E01033342,0
Unvalidated,2024522401619,2024,522401619,2,9,0,13,5,1,0,0,0,0,0,0,4,1,6,3,-1,-1,-1,-1,-1,-1,-1,-1,-1,0
Unvalidated,2024522401620,2024,522401620,1,9,0,18,2,6,0,0,1,0,0,0,1,1,6,1,49,8,-1,-1,-1,-1,9,1,E01032682,0
Unvalidated,2024522401620,2024,522401620,2,9,0,18,2,6,0,0,0,0,0,0,1,1,6,1,24,5,-1,-1,-1,-1,7,1,E01014808,0
Unvalidated,2024522401621,2024,522401621,1,1,0,18,8,4,0,8,0,0,0,0,3,1,6,1,50,8,-1,-1,-1,-1,4,1,E01014958,0
Unvalidated,2024522401621,2024,522401621,2,9,0,5,0,4,0,8,0,0,0,0,4,1,6,1,54,8,-1,-1,-1,-1,4,1,E01014958,0
Unvalidated,2024522401622,2024,522401622,1,3,0,18,9,9,0,8,0,0,0,0,9,1,6,1,23,5,-1,-1,-1,-1,2,1,E01004471,0
Unvalidated,2024522401622,2024,522401622,2,9,0,5,9,9,0,4,0,0,0,0,1,1,6,3,-1,-1,-1,-1,-1,-1,-1,-1,-1,0
Unvalidated,2024522401623,2024,522401623,1,1,0,18,8,4,0,0,0,0,0,0,1,1,6,2,33,6,-1,-1,-1,-1,4,1,E01014488,0
Unvalidated,2024522401623,2024,522401623,2,3,0,6,8,8,0,0,0,0,0,0,1,1,6,3,-1,-1,-1,-1,-1,-1,-1,-1,-1,0
Unvalidated,2024522401624,2024,522401624,1,1,0,18,6,2,0,0,0,0,0,0,9,1,6,1,29,6,-1,-1,-1,-1,2,1,E01014608,0
Unvalidated,2024522401624,2024,522401624,2,9,0,18,2,6,0,0,0,0,0,0,1,1,6,3,-1,-1,-1,-1,-1,-1,-1,-1,-1,0
Unvalidated,2024522401625,2024,522401625,1,3,0,18,9,9,0,8,0,0,0,0,9,1,6,1,42,7,-1,-1,-1,-1,4,1,E01014675,0
Unvalidated,2024522401625,2024,522401625,2,9,0,18,9,9,0,4,0,0,0,0,3,1,6,3,-1,-1,-1,-1,-1,-1,-1,-1,-1,0
Unvalidated,2024522401626,2024,522401626,1,9,0,3,5,1,0,1,0,0,0,0,2,1,6,2,37,7,-1,-1,-1,-1,10,1,E01014878,0
Unvalidated,2024522401626,2024,522401626,2,19,0,18,5,1,0,1,0,0,0,0,1,1,6,3,-1,-1,-1,-1,-1,-1,-1,-1,-1,0
Unvalidated,2024522401627,2024,522401627,1,9,0,5,7,3,0,1,0,0,0,0,1,1,6,1,41,7,-1,-1,-1,-1,6,1,E01014952,0
Unvalidated,2024522401627,2024,522401627,2,3,0,3,7,3,0,1,0,0,0,0,2,1,6,1,55,8,-1,-1,-1,-1,2,1,E01014661,0
Unvalidated,2024522401629,2024,522401629,1,9,0,9,4,2,0,6,0,0,0,0,1,1,6,1,28,6,-1,-1,-1,-1,4,1,E01015020,0
Unvalidated,2024522401629,2024,522401629,2,9,0,18,8,4,0,8,0,0,0,0,1,1,6,1,49,8,-1,-1,-1,-1,10,1,E01014911,0
Unvalidated,2024522401633,2024,522401633,1,1,0,18,9,9,0,8,0,0,0,0,9,1,6,3,-1,-1,-1,-1,-1,-1,-1,-1,-1,0
Unvalidated,2024522401637,2024,522401637,1,9,0,18,5,1,0,0,0,0,0,0,4,1,6,1,17,4,-1,-1,-1,-1,3,1,E01014674,0
Unvalidated,2024522401638,2024,522401638,1,9,0,3,4,8,0,1,0,0,0,0,2,1,6,1,21,5,-1,-1,-1,-1,1,1,E01032515,0
Unvalidated,2024522401638,2024,522401638,2,3,0,18,4,8,0,1,0,0,0,0,1,1,6,1,23,5,-1,-1,-1,-1,6,1,E01014900,0
Unvalidated,2024522401639,2024,522401639,1,9,0,3,7,3,0,1,0,0,0,0,2,1,6,1,64,9,-1,-1,-1,-1,10,1,E01014966,0
Unvalidated,2024522401639,2024,522401639,2,8,0,18,7,3,0,1,0,0,0,0,1,1,1,1,50,8,-1,-1,-1,-1,7,1,E01014533,0
Unvalidated,2024522401642,2024,522401642,1,1,0,18,5,1,0,8,0,0,0,0,4,1,6,1,38,7,-1,-1,-1,-1,4,1,E01014686,0
Unvalidated,2024522401642,2024,522401642,2,9,0,18,7,3,0,4,0,0,0,0,1,1,6,3,-1,-1,-1,-1,-1,-1,-1,-1,-1,0
Unvalidated,2024522401643,2024,522401643,1,1,0,17,1,6,0,8,0,0,0,0,1,1,2,2,36,7,-1,-1,-1,-1,-1,-1,-1,0
Unvalidated,2024522401643,2024,522401643,2,9,0,9,3,1,0,6,1,0,0,0,4,1,6,1,-1,-1,-1,-1,-1,-1,-1,-1,-1,0
Unvalidated,2024522401647,2024,522401647,1,9,0,18,7,3,0,0,0,0,1,9,1,1,6,2,18,4,-1,-1,-1,-1,7,3,E01014856,0
Unvalidated,2024522401649,2024,522401649,1,1,0,99,9,9,0,8,0,0,0,0,9,1,6,2,26,6,-1,-1,-1,-1,7,1,E01032671,0
Unvalidated,2024522401649,2024,522401649,2,9,0,99,9,9,0,8,0,0,0,0,9,1,6,3,-1,-1,-1,-1,-1,-1,-1,-1,-1,0
Unvalidated,2024522401650,2024,522401650,1,9,0,4,6,2,0,1,0,0,0,0,2,1,6,1,44,7,-1,-1,-1,-1,5,1,E01016519,0
Unvalidated,2024522401650,2024,522401650,2,9,0,3,6,2,0,1,0,0,0,0,2,1,6,1,44,7,-1,-1,-1,-1,3,1,E01014566,0
Unvalidated,2024522401650,2024,522401650,3,9,0,18,6,2,0,1,0,0,0,0,1,1,6,3,-1,-1,-1,-1,-1,-1,-1,-1,-1,0
Unvalidated,2024522401652,2024,522401652,1,9,0,7,1,2,0,6,0,0,0,0,1,1,6,2,35,6,-1,-1,-1,-1,6,1,E01014641,0
Unvalidated,2024522401652,2024,522401652,2,19,0,18,6,2,0,8,0,0,0,0,1,1,6,1,46,8,-1,-1,-1,-1,2,1,E01014626,0
Unvalidated,2024522401655,2024,522401655,1,9,0,12,8,5,0,3,0,0,0,0,2,1,6,2,54,8,-1,-1,-1,-1,2,1,E01014629,0
Unvalidated,2024522401655,2024,522401655,2,4,0,18,8,4,0,3,0,0,0,0,1,1,6,1,35,6,-1,-1,-1,-1,4,1,E01014571,0
Unvalidated,2024522401656,2024,522401656,1,9,0,3,2,6,0,1,0,0,0,0,2,1,6,2,27,6,-1,-1,-1,-1,4,1,E01014603,0
Unvalidated,2024522401656,2024,522401656,2,9,0,18,2,6,0,1,0,0,0,0,1,1,6,2,71,10,-1,-1,-1,-1,2,1,E01014661,0
Unvalidated,2024522401657,2024,522401657,1,3,0,4,7,2,0,8,0,0,0,0,2,1,6,1,20,4,-1,-1,-1,-1,3,1,E01014564,0
Unvalidated,2024522401657,2024,522401657,2,3,0,16,7,2,0,8,0,0,0,0,1,1,6,1,43,7,-1,-1,-1,-1,10,1,E01014940,0
Unvalidated,2024522401658,2024,522401658,1,9,0,9,1,7,0,5,0,0,0,0,2,1,6,1,29,6,-1,-1,-1,-1,8,3,E01029024,0
Unvalidated,2024522401658,2024,522401658,2,1,0,14,1,5,0,8,0,0,0,0,1,1,6,1,80,11,-1,-1,-1,-1,6,1,E01014648,0
Unvalidated,2024522401660,2024,522401660,1,9,0,18,6,4,0,0,0,0,1,1,1,1,6,2,19,4,-1,-1,-1,-1,10,1,E01014775,0
Unvalidated,2024522401661,2024,522401661,1,1,0,18,6,2,0,1,0,0,0,0,3,1,2,1,48,8,-1,-1,-1,-1,2,1,E01014683,0
Unvalidated,2024522401661,2024,522401661,2,9,0,13,6,2,0,1,0,0,0,0,4,1,6,1,-1,-1,-1,-1,-1,-1,-1,-1,-1,0
Unvalidated,2024522401662,2024,522401662,1,1,0,5,3,7,0,1,0,0,0,0,3,1,6,1,35,6,-1,-1,-1,-1,4,1,E01033364,0
Unvalidated,2024522401662,2024,522401662,2,9,0,18,8,4,0,1,0,0,0,0,1,1,6,3,-1,-1,-1,-1,-1,-1,-1,-1,-1,0
Unvalidated,2024522401664,2024,522401664,1,1,0,18,7,3,0,8,0,0,0,0,4,1,6,1,45,7,-1,-1,-1,-1,9,1,E01014754,0
Unvalidated,2024522401664,2024,522401664,2,9,0,7,1,3,0,6,0,0,0,0,1,1,6,1,68,10,-1,-1,-1,-1,7,3,E01014858,0
Unvalidated,2024522401665,2024,522401665,1,9,0,3,5,1,0,0,0,0,0,0,2,1,6,1,49,8,-1,-1,-1,-1,8,1,E01020251,0
Unvalidated,2024522401665,2024,522401665,2,9,0,4,5,1,0,0,0,0,0,0,1,1,6,1,34,6,-1,-1,-1,-1,-1,-1,-1,0
Unvalidated,2024522401666,2024,522401666,1,9,0,18,8,4,9,1,0,0,1,11,1,1,6,1,77,11,-1,-1,-1,-1,1,1,E01014663,0
Unvalidated,2024522401667,2024,522401667,1,9,0,18,1,5,0,1,0,0,0,0,1,1,6,1,79,11,-1,-1,-1,-1,8,1,E01014705,0
Unvalidated,2024522401669,2024,522401669,1,1,0,3,7,3,0,1,0,0,0,0,2,1,6,1,47,8,-1,-1,-1,-1,6,1,E01014532,0
Unvalidated,2024522401669,2024,522401669,2,19,0,11,7,3,0,1,0,0,0,0,1,1,6,1,-1,-1,-1,-1,-1,-1,-1,-1,-1,0
Unvalidated,2024522401672,2024,522401672,1,9,0,7,6,8,0,5,0,0,0,0,2,1,6,1,53,8,-1,-1,-1,-1,3,1,E01014976,0
Unvalidated,2024522401672,2024,522401672,2,3,0,7,6,8,0,5,0,0,0,0,1,1,6,1,24,5,-1,-1,-1,-1,4,1,E01014904,0
Unvalidated,2024522401673,2024,522401673,1,9,0,10,4,3,0,1,0,0,0,0,3,1,6,2,23,5,-1,-1,-1,-1,3,1,E01029072,0
Unvalidated,2024522401673,2024,522401673,2,19,0,5,1,6,0,8,0,7,0,0,2,1,6,3,-1,-1,-1,-1,-1,-1,-1,-1,-1,0
Unvalidated,2024522401675,2024,522401675,1,9,0,18,4,8,0,2,0,0,0,0,3,1,6,1,49,8,-1,-1,-1,-1,2,1,E01014842,0
Unvalidated,2024522401675,2024,522401675,2,19,0,18,8,4,0,1,0,0,0,0,3,1,6,3,-1,-1,-1,-1,-1,-1,-1,-1,-1,0
Unvalidated,2024522401677,2024,522401677,1,4,0,3,5,2,0,8,0,0,0,0,1,1,6,1,27,6,-1,-1,-1,-1,8,2,E01014867,0
Unvalidated,2024522401677,2024,522401677,2,9,0,1,1,5,0,8,0,0,0,0,2,1,6,3,-1,-1,-1,-1,-1,-1,-1,-1,-1,0
Unvalidated,2024522401679,2024,522401679,1,19,0,2,0,0,6,0,0,0,0,0,2,1,6,1,32,6,-1,-1,-1,-1,4,1,E01003684,0
Unvalidated,2024522401679,2024,522401679,2,21,0,18,3,7,7,0,0,0,1,11,1,1,6,1,42,7,-1,-1,-1,-1,2,1,W01001664,0
Unvalidated,2024522401679,2024,522401679,3,19,0,18,3,7,0,0,0,1,0,0,1,2,6,1,39,7,-1,-1,-1,-1,-1,-1,-1,0
Unvalidated,2024522401681,2024,522401681,1,9,0,18,4,8,0,0,0,0,0,0,1,1,6,1,65,9,-1,-1,-1,-1,6,1,E01029133,0
Unvalidated,2024522401683,2024,522401683,1,3,0,3,6,2,0,0,0,0,0,0,1,1,6,1,24,5,-1,-1,-1,-1,6,1,E01014923,0
Unvalidated,2024522401683,2024,522401683,2,9,0,1,2,6,0,0,0,0,0,0,2,1,6,3,-1,-1,-1,-1,-1,-1,-1,-1,-1,0
Unvalidated,2024522401685,2024,522401685,1,9,0,3,8,4,0,1,0,0,0,0,2,1,6,3,-1,-1,-1,-1,-1,-1,-1,-1,-1,0
Unvalidated,2024522401685,2024,522401685,2,9,0,18,8,4,0,1,0,0,0,0,1,1,6,2,59,9,-1,-1,-1,-1,10,1,E01014620,0
Unvalidated,2024522401689,2024,522401689,1,9,0,9,1,8,0,5,0,0,0,0,1,1,6,1,38,7,-1,-1,-1,-1,9,1,E01014713,0
Unvalidated,2024522401694,2024,522401694,1,1,0,18,6,2,0,8,0,0,0,0,3,1,6,1,28,6,-1,-1,-1,-1,8,1,E01004072,0
Unvalidated,2024522401694,2024,522401694,2,9,0,9,2,8,0,5,0,0,0,0,1,1,6,1,-1,-1,-1,-1,-1,-1,-1,-1,-1,0
Unvalidated,2024522401696,2024,522401696,1,9,0,3,6,2,0,1,0,0,0,0,3,1,6,1,60,9,-1,-1,-1,-1,1,1,E01014663,0
Unvalidated,2024522401696,2024,522401696,2,9,0,11,6,2,0,1,0,0,0,0,4,1,6,2,-1,-1,-1,-1,-1,-1,-1,-1,-1,0
Unvalidated,2024522401697,2024,522401697,1,9,0,18,5,1,0,0,0,0,0,0,2,1,6,1,77,11,-1,-1,-1,-1,10,1,E01014874,0
Unvalidated,2024522401697,2024,522401697,2,1,0,18,5,1,0,0,0,0,0,0,1,1,6,1,23,5,-1,-1,-1,-1,4,3,E01029068,0
Unvalidated,2024522401699,2024,522401699,1,9,0,3,5,1,0,1,0,0,0,0,2,1,6,1,54,8,-1,-1,-1,-1,7,3,E01014385,0
Unvalidated,2024522401699,2024,522401699,2,9,9,18,5,1,0,1,0,0,0,0,1,1,6,3,-1,-1,-1,-1,-1,-1,-1,-1,-1,0
Unvalidated,2024522401700,2024,522401700,1,1,0,11,5,8,0,3,0,0,0,0,1,1,6,1,32,6,-1,-1,-1,-1,7,1,E01014651,0
Unvalidated,2024522401700,2024,522401700,2,9,0,11,5,8,0,3,0,0,0,0,2,1,6,1,-1,-1,-1,-1,-1,-1,4,1,E01017159,0
Unvalidated,2024522401701,2024,522401701,1,1,0,18,1,5,0,1,0,0,0,0,3,1,6,1,18,4,-1,-1,-1,-1,8,1,E01015003,0
Unvalidated,2024522401701,2024,522401701,2,9,0,13,1,5,0,1,0,0,0,0,4,1,6,3,-1,-1,-1,-1,-1,-1,-1,-1,-1,0
Unvalidated,2024522401702,2024,522401702,1,1,0,18,5,1,0,8,0,0,0,0,1,1,6,1,27,6,-1,-1,-1,-1,8,1,E01015003,0
Unvalidated,2024522401702,2024,522401702,2,9,0,9,1,7,0,5,0,0,0,0,4,1,6,3,-1,-1,-1,-1,-1,-1,-1,-1,-1,0
Unvalidated,2024522401706,2024,522401706,1,9,0,1,1,5,0,6,0,0,0,0,2,1,6,2,43,7,-1,-1,-1,-1,6,1,E01014677,0
Unvalidated,2024522401706,2024,522401706,2,4,0,18,7,3,0,8,0,0,0,0,1,1,6,1,56,9,-1,-1,-1,-1,3,1,E01014687,0
Unvalidated,2024522401712,2024,522401712,1,9,0,18,3,7,0,0,0,0,0,0,2,1,6,1,28,6,-1,-1,-1,-1,2,1,E01014691,0
Unvalidated,2024522401712,2024,522401712,2,5,0,18,3,7,0,0,0,0,0,0,1,1,6,1,24,5,-1,-1,-1,-1,6,1,E01014914,0
Unvalidated,2024522401713,2024,522401713,1,9,0,4,3,7,0,0,0,0,0,0,2,1,6,2,49,8,-1,-1,-1,-1,10,1,E01014913,0
Unvalidated,2024522401713,2024,522401713,2,9,0,18,3,7,0,0,0,0,0,0,1,1,6,2,78,11,-1,-1,-1,-1,8,1,E01014938,0
Unvalidated,2024522401714,2024,522401714,1,1,0,18,3,7,0,2,0,0,0,0,1,1,6,1,30,6,-1,-1,-1,-1,4,1,E01033364,0
Unvalidated,2024522401714,2024,522401714,2,9,0,12,7,3,0,1,0,0,0,0,1,1,6,1,57,9,-1,-1,-1,-1,2,1,E01014610,0
Unvalidated,2024522401715,2024,522401715,1,19,0,9,6,4,0,5,0,0,0,0,1,1,6,1,39,7,-1,-1,-1,-1,4,1,E01031895,0
Unvalidated,2024522401715,2024,522401715,2,1,0,18,2,6,2,8,0,0,0,0,4,1,6,2,37,7,-1,-1,-1,-1,4,1,E01033342,0
Unvalidated,2024522401716,2024,522401716,1,9,0,3,1,5,0,1,0,0,0,0,2,1,6,2,78,11,-1,-1,-1,-1,8,1,E01014805,0
Unvalidated,2024522401716,2024,522401716,2,9,9,18,1,5,0,1,0,0,0,0,1,1,6,3,-1,-1,-1,-1,-1,-1,-1,-1,-1,0
Unvalidated,2024522401717,2024,522401717,1,3,0,18,2,6,0,0,0,0,0,0,1,1,6,1,37,7,-1,-1,-1,-1,-1,-1,-1,0
Unvalidated,2024522401717,2024,522401717,2,9,0,4,2,6,0,0,0,0,0,0,2,1,1,3,-1,-1,-1,-1,-1,-1,-1,-1,-1,0
Unvalidated,2024522401719,2024,522401719,1,9,0,8,3,5,0,8,0,0,0,0,2,1,6,3,-1,-1,-1,-1,-1,-1,-1,-1,-1,0
Unvalidated,2024522401719,2024,522401719,2,19,0,7,3,5,0,5,0,0,0,0,1,1,6,3,-1,-1,-1,-1,-1,-1,-1,-1,-1,0
Unvalidated,2024522401720,2024,522401720,1,9,0,18,8,4,0,0,0,6,0,0,4,1,6,2,34,6,-1,-1,-1,-1,5,1,E01014927,0
Unvalidated,2024522401720,2024,522401720,2,9,0,18,4,8,0,0,0,0,0,0,3,1,6,1,54,8,-1,-1,-1,-1,5,1,E01015019,0
Unvalidated,2024522401723,2024,522401723,1,9,0,3,2,6,0,8,0,0,0,0,2,1,6,1,42,7,-1,-1,-1,-1,1,1,E01032514,0
Unvalidated,2024522401723,2024,522401723,2,11,0,11,2,6,0,8,0,0,0,0,1,1,1,1,57,9,-1,-1,-1,-1,1,1,E01014727,0
Unvalidated,2024522401724,2024,522401724,1,90,0,11,3,7,0,1,0,0,0,0,2,1,6,1,29,6,-1,-1,-1,-1,3,1,E01014731,1
Unvalidated,2024522401724,2024,522401724,2,9,0,18,3,7,0,1,0,0,0,0,1,1,6,3,-1,-1,-1,-1,-1,-1,-1,-1,-1,0
Unvalidated,2024522401725,2024,522401725,1,9,0,18,9,9,0,0,0,0,0,0,2,1,6,1,54,8,-1,-1,-1,-1,1,1,E01014574,0
Unvalidated,2024522401725,2024,522401725,2,1,0,18,9,9,0,0,0,0,0,0,1,1,6,3,-1,-1,-1,-1,-1,-1,-1,-1,-1,0
Unvalidated,2024522401726,2024,522401726,1,9,0,17,1,5,0,0,0,0,1,10,1,1,6,2,18,4,-1,-1,-1,-1,-1,2,-1,0
Unvalidated,2024522401726,2024,522401726,2,99,-1,18,6,2,0,0,0,0,0,0,0,9,6,3,-1,-1,-1,-1,-1,-1,-1,-1,-1,0
Unvalidated,2024522401729,2024,522401729,1,90,0,18,6,2,4,0,0,0,0,0,9,1,6,1,21,5,-1,-1,-1,-1,4,1,E01014542,1
Unvalidated,2024522401730,2024,522401730,1,1,0,5,5,1,0,6,0,0,0,0,1,1,6,1,18,4,-1,-1,-1,-1,4,1,E01014906,0