status,collision_index,collision_year,collision_reference,vehicle_reference,vehicle_type,towing_and_articulation,vehicle_manoeuvre,vehicle_direction_from,vehicle_direction_to,vehicle_location_restricted_lane,junction_location,skidding_and_overturning,hit_object_in_carriageway,vehicle_leaving_carriageway,hit_object_off_carriageway,first_point_of_impact,vehicle_left_hand_drive,journey_purpose_of_driver,sex_of_driver,age_of_driver,age_band_of_driver,engine_capacity_cc,propulsion_code,age_of_vehicle,generic_make_model,driver_imd_decile,driver_home_area_type,lsoa_of_driver,escooter_flag
Unvalidated,2024522401730,2024,522401730,2,8,0,18,7,3,0,2,0,0,0,0,3,1,1,1,47,8,-1,-1,-1,-1,2,1,E01014575,0
Unvalidated,2024522401731,2024,522401731,1,9,0,18,2,6,0,0,0,0,0,0,1,1,6,1,19,4,-1,-1,-1,-1,1,1,E01033348,0
Unvalidated,2024522401731,2024,522401731,2,9,0,18,6,2,0,0,5,0,0,0,1,1,6,1,51,8,-1,-1,-1,-1,1,1,E01014653,0
Unvalidated,2024522401734,2024,522401734,1,9,0,9,3,1,0,8,0,0,0,0,1,1,6,1,34,6,-1,-1,-1,-1,7,2,E01029063,0
Unvalidated,2024522401734,2024,522401734,2,9,0,18,7,3,0,8,0,0,0,0,1,1,6,1,18,4,-1,-1,-1,-1,8,3,E01014745,0
Unvalidated,2024522401734,2024,522401734,3,19,0,18,7,3,0,1,0,0,0,0,1,1,6,1,33,6,-1,-1,-1,-1,7,1,E01014763,0
Unvalidated,2024522401736,2024,522401736,1,3,0,18,5,1,0,8,0,0,0,0,1,1,6,1,36,7,-1,-1,-1,-1,7,1,E01014554,0
Unvalidated,2024522401736,2024,522401736,2,8,0,6,1,1,0,8,0,0,0,0,1,1,1,3,-1,-1,-1,-1,-1,-1,-1,-1,-1,0
Unvalidated,2024522401737,2024,522401737,1,9,0,18,8,4,0,1,0,7,0,0,3,1,6,2,25,5,-1,-1,-1,-1,8,1,E01014938,0
Unvalidated,2024522401740,2024,522401740,1,9,0,18,6,2,0,0,0,0,0,0,1,1,6,1,47,8,-1,-1,-1,-1,8,1,E01014931,0
Unvalidated,2024522401740,2024,522401740,2,3,0,3,2,6,0,0,0,0,0,0,1,1,6,1,57,9,-1,-1,-1,-1,3,1,E01014942,0
Unvalidated,2024522401741,2024,522401741,1,9,0,18,2,7,0,0,0,0,0,0,3,1,6,2,41,7,-1,-1,-1,-1,9,3,E01014852,0
Unvalidated,2024522401741,2024,522401741,2,9,0,17,7,2,0,0,0,0,0,0,1,1,6,1,37,7,-1,-1,-1,-1,3,1,E01010491,0
Unvalidated,2024522401742,2024,522401742,1,3,0,18,5,1,0,8,0,0,0,0,1,1,6,1,25,5,-1,-1,-1,-1,1,1,E01033358,0
Unvalidated,2024522401742,2024,522401742,2,9,0,1,1,5,0,8,0,0,0,0,2,1,6,1,-1,-1,-1,-1,-1,-1,-1,-1,-1,0
Unvalidated,2024522401743,2024,522401743,1,9,0,5,5,2,0,8,0,0,0,0,3,1,6,2,42,7,-1,-1,-1,-1,8,2,E01029122,0
Unvalidated,2024522401743,2024,522401743,2,1,0,18,2,8,0,8,0,0,0,0,1,1,6,1,27,6,-1,-1,-1,-1,8,1,E01014560,0
Unvalidated,2024522401744,2024,522401744,1,9,0,1,8,4,0,1,0,0,0,0,2,1,6,1,-1,-1,-1,-1,-1,-1,9,1,E01014557,0
Unvalidated,2024522401746,2024,522401746,1,19,0,9,3,1,0,5,0,0,0,0,3,1,6,1,28,6,-1,-1,-1,-1,1,1,E01029132,0
Unvalidated,2024522401746,2024,522401746,2,3,0,18,3,7,0,1,0,0,7,9,1,1,6,1,60,9,-1,-1,-1,-1,1,1,E01014829,0
Unvalidated,2024522401751,2024,522401751,1,9,0,9,3,1,0,6,0,0,0,0,3,1,6,2,79,11,-1,-1,-1,-1,6,3,E01022176,0
Unvalidated,2024522401751,2024,522401751,2,3,0,18,1,5,0,8,0,0,0,0,1,1,6,1,18,4,-1,-1,-1,-1,4,1,E01014991,0
Unvalidated,2024522401752,2024,522401752,1,9,0,18,3,7,0,1,0,0,1,11,1,1,6,2,23,5,-1,-1,-1,-1,9,1,E01014898,0
Unvalidated,2024522401755,2024,522401755,1,9,0,16,6,3,0,0,5,0,0,0,1,1,6,1,37,7,-1,-1,-1,-1,3,2,E01029062,0
Unvalidated,2024522401756,2024,522401756,1,9,0,18,1,5,0,0,0,0,0,0,1,1,6,2,53,8,-1,-1,-1,-1,2,1,E01014517,0
Unvalidated,2024522401756,2024,522401756,2,3,0,18,1,5,0,0,0,0,0,0,1,1,6,1,20,4,-1,-1,-1,-1,2,1,E01014522,0
Unvalidated,2024522401759,2024,522401759,1,1,0,18,7,3,0,8,0,0,0,0,3,1,6,1,44,7,-1,-1,-1,-1,5,1,E01014973,0
Unvalidated,2024522401759,2024,522401759,2,9,0,7,7,1,0,5,0,0,0,0,4,1,6,3,-1,-1,-1,-1,-1,-1,-1,-1,-1,0
Unvalidated,2024522401761,2024,522401761,1,9,0,1,9,9,0,8,0,0,0,0,1,1,6,3,-1,-1,-1,-1,-1,-1,-1,-1,-1,0
Unvalidated,2024522401762,2024,522401762,1,1,0,18,9,9,0,0,0,0,1,99,3,1,6,1,48,8,-1,-1,-1,-1,3,1,E01014807,0
Unvalidated,2024522401762,2024,522401762,2,9,0,13,9,9,0,0,0,0,0,0,4,1,6,3,-1,-1,-1,-1,-1,-1,-1,-1,-1,0
Unvalidated,2024522401767,2024,522401767,1,9,0,9,8,6,0,5,0,0,0,0,4,1,6,2,35,6,-1,-1,-1,-1,2,1,E01014517,0
Unvalidated,2024522401767,2024,522401767,2,1,0,18,4,8,2,8,0,0,0,0,1,1,6,1,47,8,-1,-1,-1,-1,7,1,E01014649,0
Unvalidated,2024522401770,2024,522401770,1,9,0,18,8,4,0,8,0,0,0,0,1,1,6,3,-1,-1,-1,-1,-1,-1,-1,-1,-1,0
Unvalidated,2024522401770,2024,522401770,2,9,0,18,4,8,0,8,0,0,0,0,1,1,6,1,61,9,-1,-1,-1,-1,1,1,E01014583,0
Unvalidated,2024522401770,2024,522401770,3,9,0,18,4,8,0,8,0,0,0,0,1,1,6,1,54,8,-1,-1,-1,-1,10,1,E01014901,0
Unvalidated,2024522401771,2024,522401771,1,9,0,9,6,4,0,5,0,0,0,0,1,1,6,2,52,8,-1,-1,-1,-1,8,1,E01014506,0
Unvalidated,2024522401773,2024,522401773,1,9,0,18,1,5,0,3,0,0,0,0,4,1,6,1,17,4,-1,-1,-1,-1,8,1,E01014755,0
Unvalidated,2024522401774,2024,522401774,1,19,0,18,6,1,0,4,0,0,0,0,3,1,6,1,34,6,-1,-1,-1,-1,7,1,E01014949,0
Unvalidated,2024522401774,2024,522401774,2,1,0,18,4,1,0,8,0,0,0,0,1,1,6,1,67,10,-1,-1,-1,-1,10,1,E01014990,0
Unvalidated,2024522401777,2024,522401777,1,9,0,3,7,3,0,2,0,0,0,0,3,1,6,2,36,7,-1,-1,-1,-1,10,1,E01014966,0
Unvalidated,2024522401777,2024,522401777,2,9,0,3,7,3,0,2,0,0,0,0,3,1,6,1,77,11,-1,-1,-1,-1,8,1,E01014931,0
Unvalidated,2024522401777,2024,522401777,3,9,0,9,5,3,0,6,0,0,0,0,1,1,6,2,38,7,-1,-1,-1,-1,3,1,E01014926,0
Unvalidated,2024522401779,2024,522401779,1,1,0,18,9,9,0,6,0,0,0,0,9,1,6,1,36,7,-1,-1,-1,-1,9,3,E01031930,0
Unvalidated,2024522401779,2024,522401779,2,9,0,5,5,1,0,1,0,0,0,0,1,1,6,3,-1,-1,-1,-1,-1,-1,-1,-1,-1,0
Unvalidated,2024522401783,2024,522401783,1,9,0,18,2,6,0,8,0,0,0,0,1,1,6,2,23,5,-1,-1,-1,-1,6,1,E01014900,0
Unvalidated,2024522401785,2024,522401785,1,4,0,18,7,3,0,8,0,0,0,0,1,1,6,2,26,6,-1,-1,-1,-1,3,1,E01014695,0
Unvalidated,2024522401785,2024,522401785,2,9,0,5,7,3,0,4,0,0,0,0,1,1,6,3,-1,-1,-1,-1,-1,-1,-1,-1,-1,0
Unvalidated,2024522401787,2024,522401787,1,1,0,18,5,1,0,8,0,0,0,0,4,1,6,1,35,6,-1,-1,-1,-1,5,1,E01015005,0
Unvalidated,2024522401787,2024,522401787,2,9,0,9,7,5,0,6,0,0,0,0,1,1,6,3,-1,-1,-1,-1,-1,-1,-1,-1,-1,0
Unvalidated,2024522401789,2024,522401789,1,9,0,11,3,7,0,0,0,0,0,0,1,1,6,1,49,8,-1,-1,-1,-1,4,1,E01014904,0
Unvalidated,2024522401789,2024,522401789,2,9,0,3,3,7,0,0,0,0,0,0,2,1,6,1,64,9,-1,-1,-1,-1,10,1,E01014933,0
Unvalidated,2024522401789,2024,522401789,3,19,0,5,3,7,0,0,0,0,0,0,2,1,6,1,73,10,-1,-1,-1,-1,7,1,E01014621,0
Unvalidated,2024522401793,2024,522401793,1,9,0,18,2,6,0,0,0,0,0,0,2,1,6,1,31,6,-1,-1,-1,-1,8,1,E01014556,0
Unvalidated,2024522401793,2024,522401793,2,19,0,18,2,6,0,0,0,0,0,0,1,1,1,1,-1,-1,-1,-1,-1,-1,-1,-1,-1,0
Unvalidated,2024522401794,2024,522401794,1,9,0,18,9,9,9,0,0,0,0,0,1,1,6,3,-1,-1,-1,-1,-1,-1,-1,-1,-1,0
Unvalidated,2024522401795,2024,522401795,1,3,0,18,1,5,0,8,0,0,0,0,1,1,6,1,29,6,-1,-1,-1,-1,7,1,E01014949,0
Unvalidated,2024522401795,2024,522401795,2,9,0,5,3,7,0,4,0,0,0,0,1,1,6,1,-1,-1,-1,-1,-1,-1,-1,-1,-1,0
Unvalidated,2024522401797,2024,522401797,1,9,0,18,2,5,0,8,0,0,1,10,1,1,6,1,18,4,-1,-1,-1,-1,2,1,E01014810,0
Unvalidated,2024522401799,2024,522401799,1,1,0,18,6,2,0,0,0,0,0,0,3,1,6,1,41,7,-1,-1,-1,-1,2,1,E01014661,0
Unvalidated,2024522401799,2024,522401799,2,9,0,13,6,2,0,0,0,0,0,0,4,1,6,3,-1,-1,-1,-1,-1,-1,-1,-1,-1,0
Unvalidated,2024522401800,2024,522401800,1,1,0,18,5,1,0,0,0,0,0,0,1,1,6,3,-1,-1,-1,-1,-1,-1,-1,-1,-1,0
Unvalidated,2024522401802,2024,522401802,1,90,0,18,2,6,0,0,0,0,0,0,3,1,6,1,21,5,-1,-1,-1,-1,8,1,E01014511,1
Unvalidated,2024522401802,2024,522401802,2,9,4,13,2,6,0,0,0,0,0,0,4,1,1,1,-1,-1,-1,-1,-1,-1,-1,-1,-1,0
Unvalidated,2024522401804,2024,522401804,1,9,0,18,3,7,0,0,0,0,0,0,1,1,6,2,73,10,-1,-1,-1,-1,4,1,E01015007,0
Unvalidated,2024522401805,2024,522401805,1,90,0,5,2,6,0,8,0,0,0,0,9,1,6,1,51,8,-1,-1,-1,-1,5,1,E01014732,1
Unvalidated,2024522401805,2024,522401805,2,9,0,9,6,4,0,2,0,0,0,0,9,1,6,1,-1,-1,-1,-1,-1,-1,-1,-1,-1,0
Unvalidated,2024522401806,2024,522401806,1,1,0,18,6,2,0,8,0,0,0,0,1,1,6,1,23,5,-1,-1,-1,-1,2,1,E01014568,0
Unvalidated,2024522401806,2024,522401806,2,9,0,9,2,8,0,5,0,0,0,0,1,1,6,3,-1,-1,-1,-1,-1,-1,-1,-1,-1,0
Unvalidated,2024522401810,2024,522401810,1,9,0,5,9,9,0,4,0,0,0,0,0,1,6,2,33,6,-1,-1,-1,-1,8,1,E01014668,0
Unvalidated,2024522401810,2024,522401810,2,3,0,18,9,9,0,8,0,0,0,0,1,1,6,3,-1,-1,-1,-1,-1,-1,-1,-1,-1,0
Unvalidated,2024522401814,2024,522401814,1,9,0,7,7,1,0,5,0,0,0,0,2,1,6,2,48,8,-1,-1,-1,-1,5,1,E01015005,0
Unvalidated,2024522401814,2024,522401814,2,90,0,5,7,3,4,8,0,0,0,0,1,1,6,2,35,6,-1,-1,-1,-1,4,1,E01014523,1
Unvalidated,2024522401816,2024,522401816,1,3,0,18,8,4,0,0,0,0,0,0,1,1,6,1,36,7,-1,-1,-1,-1,7,1,E01014554,0
Unvalidated,2024522401816,2024,522401816,2,19,0,1,4,8,0,0,0,0,0,0,2,1,6,1,-1,-1,-1,-1,-1,-1,-1,-1,-1,0
Unvalidated,2024522401817,2024,522401817,1,9,0,18,4,8,0,8,0,0,0,0,1,1,6,1,19,4,-1,-1,-1,-1,8,3,E01014953,0
Unvalidated,2024522401817,2024,522401817,2,3,0,18,2,6,0,8,0,0,0,0,1,1,6,1,38,7,-1,-1,-1,-1,1,1,E01014655,0
Unvalidated,2024522401818,2024,522401818,1,9,0,9,2,8,0,6,0,0,0,0,3,1,6,2,46,8,-1,-1,-1,-1,9,3,E01014748,0
Unvalidated,2024522401818,2024,522401818,2,1,0,18,8,4,0,8,0,0,0,0,1,1,6,3,-1,-1,-1,-1,-1,-1,-1,-1,-1,0
Unvalidated,2024522401819,2024,522401819,1,5,0,4,2,6,0,0,0,0,0,0,9,1,6,1,58,9,-1,-1,-1,-1,3,1,E01014622,0
Unvalidated,2024522401819,2024,522401819,2,19,0,4,2,6,0,0,0,0,0,0,0,1,6,1,-1,-1,-1,-1,-1,-1,-1,-1,-1,0
Unvalidated,2024522401820,2024,522401820,1,5,0,18,1,5,0,0,0,0,0,0,1,1,6,1,59,9,-1,-1,-1,-1,2,1,E01014659,0
Unvalidated,2024522401821,2024,522401821,1,9,0,18,7,3,0,8,0,0,0,0,1,1,6,1,20,4,-1,-1,-1,-1,7,1,E01014826,0
Unvalidated,2024522401821,2024,522401821,2,9,0,2,0,0,0,1,0,0,0,0,1,1,6,3,-1,-1,-1,-1,-1,-1,-1,-1,-1,0
Unvalidated,2024522401821,2024,522401821,3,9,0,2,0,0,0,2,0,0,0,0,1,1,6,3,-1,-1,-1,-1,-1,-1,-1,-1,-1,0
Unvalidated,2024522401821,2024,522401821,4,9,0,2,0,0,0,1,0,0,0,0,3,1,6,3,-1,-1,-1,-1,-1,-1,-1,-1,-1,0
Unvalidated,2024522401821,2024,522401821,5,9,0,2,0,0,0,2,0,0,0,0,2,1,6,3,-1,-1,-1,-1,-1,-1,-1,-1,-1,0
Unvalidated,2024522401823,2024,522401823,1,9,0,18,4,8,0,8,0,0,0,0,4,1,6,2,34,6,-1,-1,-1,-1,7,1,E01014907,0
Unvalidated,2024522401823,2024,522401823,2,9,0,18,6,2,0,6,0,0,0,0,1,1,6,1,-1,-1,-1,-1,-1,-1,-1,-1,-1,0
Unvalidated,2024522401824,2024,522401824,1,19,0,11,2,6,0,1,0,0,0,0,1,1,6,1,33,6,-1,-1,-1,-1,8,1,E01014773,0
Unvalidated,2024522401824,2024,522401824,2,8,0,3,2,6,0,1,0,0,0,0,2,1,6,2,57,9,-1,-1,-1,-1,7,1,E01014770,0
Unvalidated,2024522401824,2024,522401824,3,9,0,3,2,6,0,1,0,0,0,0,2,1,6,2,62,9,-1,-1,-1,-1,8,1,E01014797,0
Unvalidated,2024522401825,2024,522401825,1,9,0,18,1,5,0,8,0,0,0,0,1,1,6,1,54,8,-1,-1,-1,-1,7,1,E01014712,0
Unvalidated,2024522401825,2024,522401825,2,9,0,18,8,4,0,6,0,0,0,0,4,1,6,2,53,8,-1,-1,-1,-1,9,1,E01014957,0
Unvalidated,2024522401830,2024,522401830,1,22,0,18,4,8,0,2,0,0,0,0,1,1,6,1,94,11,-1,-1,-1,-1,8,1,E01014824,0
Unvalidated,2024522401830,2024,522401830,2,9,0,18,2,6,0,2,0,0,0,0,4,1,6,1,29,6,-1,-1,-1,-1,5,1,E01033350,0
Unvalidated,2024522401831,2024,522401831,1,9,0,2,0,0,0,0,0,0,0,0,2,1,6,3,-1,-1,-1,-1,-1,-1,-1,-1,-1,0
Unvalidated,2024522401831,2024,522401831,2,9,0,18,5,1,0,0,0,4,7,0,1,1,6,2,42,7,-1,-1,-1,-1,7,1,E01014838,0
Unvalidated,2024522401835,2024,522401835,1,1,0,18,5,1,0,8,0,0,0,0,1,1,6,1,29,6,-1,-1,-1,-1,2,1,E01014694,0
Unvalidated,2024522401835,2024,522401835,2,9,0,7,5,7,0,5,0,0,0,0,4,1,6,2,41,7,-1,-1,-1,-1,8,1,E01014510,0
Unvalidated,2024522401838,2024,522401838,1,9,0,2,0,0,0,0,0,0,0,0,2,1,6,2,55,8,-1,-1,-1,-1,6,1,E01015009,0
Unvalidated,2024522401838,2024,522401838,2,19,0,1,2,6,0,0,0,0,0,0,2,1,6,1,44,7,-1,-1,-1,-1,7,1,E01014950,0
Unvalidated,2024522401840,2024,522401840,1,9,0,3,5,1,0,1,0,0,0,0,2,1,6,2,56,9,-1,-1,-1,-1,8,1,E01014805,0
Unvalidated,2024522401840,2024,522401840,2,9,0,18,5,1,0,1,0,0,0,0,1,1,6,1,45,7,-1,-1,-1,-1,8,1,E01014805,0
Unvalidated,2024522401841,2024,522401841,1,9,0,18,8,4,0,8,0,0,0,0,1,1,6,2,35,6,-1,-1,-1,-1,1,1,E01014516,0
Unvalidated,2024522401841,2024,522401841,2,9,0,9,1,8,0,6,0,0,0,0,1,1,6,2,43,7,-1,-1,-1,-1,4,1,E01014542,0
Unvalidated,2024522401842,2024,522401842,1,3,0,18,6,2,0,8,0,0,0,0,1,1,6,1,34,6,-1,-1,-1,-1,4,1,E01014675,0
Unvalidated,2024522401842,2024,522401842,2,9,0,18,1,5,0,4,0,0,0,0,1,1,6,3,-1,-1,-1,-1,-1,-1,-1,-1,-1,0
Unvalidated,2024522401846,2024,522401846,1,9,0,3,4,8,0,0,0,0,0,0,2,1,6,1,59,9,-1,-1,-1,-1,8,1,E01014896,0
Unvalidated,2024522401846,2024,522401846,2,9,0,3,4,8,0,0,0,0,0,0,0,1,6,1,45,7,-1,-1,-1,-1,8,3,E01014953,0
Unvalidated,2024522401846,2024,522401846,3,9,0,18,4,8,0,0,0,0,0,0,1,1,6,1,21,5,-1,-1,-1,-1,4,1,W01000636,0
Unvalidated,2024522401847,2024,522401847,1,20,0,18,3,7,0,0,0,0,0,0,4,1,6,3,-1,-1,-1,-1,-1,-1,-1,-1,-1,0
Unvalidated,2024522401848,2024,522401848,1,1,0,10,4,2,0,5,0,0,0,0,2,1,6,2,64,9,-1,-1,-1,-1,6,1,E01014591,0
Unvalidated,2024522401848,2024,522401848,2,9,0,18,4,8,0,8,0,0,0,0,1,1,6,3,-1,-1,-1,-1,-1,-1,-1,-1,-1,0
Unvalidated,2024522401849,2024,522401849,1,3,0,4,5,1,0,1,0,0,0,0,4,1,6,1,33,6,-1,-1,-1,-1,4,1,E01014632,0
Unvalidated,2024522401849,2024,522401849,2,9,0,12,5,1,0,1,0,0,0,0,3,1,6,3,-1,-1,-1,-1,-1,-1,-1,-1,-1,0
Unvalidated,2024522401850,2024,522401850,1,9,0,2,0,0,0,0,0,0,0,0,3,1,6,2,39,7,-1,-1,-1,-1,1,1,E01014654,0
Unvalidated,2024522401850,2024,522401850,2,19,0,18,8,4,0,0,0,4,0,0,4,1,1,3,-1,-1,-1,-1,-1,-1,-1,-1,-1,0
Unvalidated,2024522401851,2024,522401851,1,1,0,18,6,2,0,4,0,0,0,0,1,1,6,1,45,7,-1,-1,-1,-1,10,1,E01014737,0
Unvalidated,2024522401851,2024,522401851,2,9,0,13,6,2,0,4,0,0,0,0,4,1,6,3,-1,-1,-1,-1,-1,-1,-1,-1,-1,0
Unvalidated,2024522401852,2024,522401852,1,1,0,18,4,8,0,0,0,8,0,0,1,1,6,1,19,4,-1,-1,-1,-1,7,1,E01014735,0
Unvalidated,2024522401852,2024,522401852,2,9,0,2,0,0,0,0,0,0,0,0,9,1,6,3,-1,-1,-1,-1,-1,-1,-1,-1,-1,0
Unvalidated,2024522401853,2024,522401853,1,9,0,18,7,3,0,0,0,0,0,0,2,1,6,1,27,6,-1,-1,-1,-1,6,1,E01014531,0
Unvalidated,2024522401853,2024,522401853,2,9,0,18,7,3,0,0,0,0,0,0,1,1,6,3,-1,-1,-1,-1,-1,-1,-1,-1,-1,0
Unvalidated,2024522401854,2024,522401854,1,9,0,10,4,8,0,8,0,0,0,0,2,1,6,1,78,11,-1,-1,-1,-1,9,3,E01032059,0
Unvalidated,2024522401854,2024,522401854,2,9,0,3,4,8,0,1,0,0,0,0,2,1,6,1,17,4,-1,-1,-1,-1,9,3,E01031888,0
Unvalidated,2024522401854,2024,522401854,3,9,0,18,4,8,0,1,0,0,0,0,1,1,6,2,60,9,-1,-1,-1,-1,3,1,E01014407,0
Unvalidated,2024522401855,2024,522401855,1,3,0,17,2,7,0,8,0,0,0,0,1,1,6,1,30,6,-1,-1,-1,-1,6,1,E01014865,0
Unvalidated,2024522401855,2024,522401855,2,9,0,5,6,2,0,4,0,0,0,0,1,1,6,3,-1,-1,-1,-1,-1,-1,-1,-1,-1,0
Unvalidated,2024522401863,2024,522401863,1,9,0,18,3,7,0,8,0,0,0,0,4,1,6,2,79,11,-1,-1,-1,-1,6,1,E01015008,0
Unvalidated,2024522401863,2024,522401863,2,9,0,9,5,3,0,6,0,0,0,0,1,1,6,2,23,5,-1,-1,-1,-1,5,1,E01033339,0
Unvalidated,2024522401864,2024,522401864,1,9,0,18,3,8,0,0,0,0,1,11,4,1,6,1,45,7,-1,-1,-1,-1,5,1,E01014804,0
Unvalidated,2024522401865,2024,522401865,1,9,0,18,7,4,0,8,0,0,0,0,4,1,6,1,60,9,-1,-1,-1,-1,9,1,E01014796,0
Unvalidated,2024522401865,2024,522401865,2,9,9,11,9,9,0,8,0,0,0,0,9,1,6,3,-1,-1,-1,-1,-1,-1,-1,-1,-1,0
Unvalidated,2024522401866,2024,522401866,1,9,0,5,1,5,0,8,0,0,0,0,3,1,6,2,32,6,-1,-1,-1,-1,3,1,E01014809,0
Unvalidated,2024522401866,2024,522401866,2,21,1,18,7,3,0,8,0,0,0,0,1,1,6,1,43,7,-1,-1,-1,-1,6,1,E01022335,0
Unvalidated,2024522401867,2024,522401867,1,9,0,9,3,1,0,5,0,0,0,0,3,1,6,1,31,6,-1,-1,-1,-1,10,1,E01015014,0
Unvalidated,2024522401867,2024,522401867,2,1,0,18,7,3,0,8,0,0,0,0,1,1,6,1,67,10,-1,-1,-1,-1,4,1,E01014500,0
Unvalidated,2024522401869,2024,522401869,1,9,0,3,5,1,0,0,0,0,0,0,2,1,6,1,51,8,-1,-1,-1,-1,3,1,E01014588,0
Unvalidated,2024522401869,2024,522401869,2,9,0,18,5,1,0,0,0,0,0,0,1,1,6,3,-1,-1,-1,-1,-1,-1,-1,-1,-1,0
Unvalidated,2024522401870,2024,522401870,1,1,0,10,3,1,0,8,0,0,0,0,2,1,6,2,34,6,-1,-1,-1,-1,1,1,E01014486,0
Unvalidated,2024522401870,2024,522401870,2,9,0,9,1,7,0,6,0,0,0,0,1,1,6,2,35,6,-1,-1,-1,-1,6,1,E01014677,0
Unvalidated,2024522401871,2024,522401871,1,9,0,3,3,7,0,0,0,0,0,0,2,1,1,2,1,1,-1,-1,-1,-1,10,1,E01014793,0
Unvalidated,2024522401871,2024,522401871,2,9,0,18,3,7,0,0,0,0,0,0,1,1,6,1,29,6,-1,-1,-1,-1,2,1,E01033347,0
Unvalidated,2024522401872,2024,522401872,1,90,0,3,8,4,0,0,0,0,0,0,2,1,1,2,-1,-1,-1,-1,-1,-1,-1,-1,-1,0
Unvalidated,2024522401872,2024,522401872,2,9,0,18,8,4,0,0,0,0,0,0,1,1,6,1,21,5,-1,-1,-1,-1,4,2,E01020485,0
Unvalidated,2024522401873,2024,522401873,1,9,0,16,5,8,0,0,0,0,0,0,1,1,6,1,44,7,-1,-1,-1,-1,8,1,E01014693,0
Unvalidated,2024522401873,2024,522401873,2,1,0,12,7,8,0,0,0,0,0,0,3,1,6,2,39,7,-1,-1,-1,-1,4,1,E01014603,0
Unvalidated,2024522401874,2024,522401874,1,90,0,17,5,2,0,8,0,0,0,0,1,1,6,1,21,5,-1,-1,-1,-1,4,1,E01007675,1
Unvalidated,2024522401874,2024,522401874,2,9,0,18,8,4,0,6,0,0,0,0,1,1,6,3,-1,-1,-1,-1,-1,-1,-1,-1,-1,0
Unvalidated,2024522401875,2024,522401875,1,9,0,9,2,8,0,5,0,0,0,0,4,1,6,1,32,6,-1,-1,-1,-1,-1,-1,-1,0
Unvalidated,2024522401875,2024,522401875,2,1,0,18,6,2,0,8,0,0,0,0,1,1,6,1,28,6,-1,-1,-1,-1,-1,-1,-1,0
Unvalidated,2024522401877,2024,522401877,1,9,0,3,7,3,0,0,0,0,0,0,2,1,6,1,34,6,-1,-1,-1,-1,-1,-1,-1,0
Unvalidated,2024522401877,2024,522401877,2,10,0,4,7,3,0,0,0,0,0,0,2,1,6,1,61,9,-1,-1,-1,-1,2,1,E01014624,0
Unvalidated,2024522401877,2024,522401877,3,9,0,18,7,3,0,0,0,0,0,0,1,1,6,1,-1,-1,-1,-1,-1,-1,-1,-1,-1,0
Unvalidated,2024522401879,2024,522401879,1,3,0,4,3,7,0,4,0,0,0,0,2,1,6,1,30,6,-1,-1,-1,-1,1,1,E01014655,0
Unvalidated,2024522401879,2024,522401879,2,8,0,5,3,7,0,4,0,0,0,0,1,1,6,1,44,7,-1,-1,-1,-1,3,1,E01014684,0
Unvalidated,2024522401880,2024,522401880,1,9,0,18,7,3,0,1,0,0,0,0,1,1,6,1,42,7,-1,-1,-1,-1,5,1,E01014840,0
Unvalidated,2024522401880,2024,522401880,2,20,0,2,0,0,0,2,0,0,0,0,2,1,6,1,32,6,-1,-1,-1,-1,6,1,E01014846,0
Unvalidated,2024522401882,2024,522401882,1,9,0,18,7,3,0,2,1,4,7,11,1,1,6,2,25,5,-1,-1,-1,-1,9,1,E01014918,0
Unvalidated,2024522401882,2024,522401882,2,9,0,2,0,0,0,2,0,4,0,0,2,1,6,3,-1,-1,-1,-1,-1,-1,-1,-1,-1,0
Unvalidated,2024522401882,2024,522401882,3,9,0,2,0,0,0,2,0,0,0,0,1,1,6,3,-1,-1,-1,-1,-1,-1,-1,-1,-1,0
Unvalidated,2024522401884,2024,522401884,1,1,0,18,3,7,0,8,0,0,0,0,3,1,6,1,58,9,-1,-1,-1,-1,7,1,E01014533,0
Unvalidated,2024522401884,2024,522401884,2,9,0,7,3,5,0,5,0,0,0,0,1,1,6,2,82,11,-1,-1,-1,-1,4,1,E01014906,0
Unvalidated,2024522401891,2024,522401891,1,1,0,18,2,6,5,0,0,0,0,0,9,1,6,3,15,3,-1,-1,-1,-1,-1,-1,-1,0
Unvalidated,2024522401894,2024,522401894,1,90,0,18,4,8,0,2,0,0,0,0,9,1,6,2,78,11,-1,-1,-1,-1,9,1,E01014779,0
Unvalidated,2024522401894,2024,522401894,2,9,0,18,9,9,0,2,0,0,0,0,1,1,6,3,-1,-1,-1,-1,-1,-1,-1,-1,-1,0
Unvalidated,2024522401898,2024,522401898,1,19,0,18,7,3,0,0,0,0,0,0,4,1,6,3,-1,-1,-1,-1,-1,-1,-1,-1,-1,0
Unvalidated,2024522401899,2024,522401899,1,9,0,9,1,6,0,6,0,0,0,0,1,1,6,2,70,10,-1,-1,-1,-1,8,1,E01014955,0
Unvalidated,2024522401899,2024,522401899,2,9,0,18,6,2,0,8,0,0,0,0,4,1,1,2,35,6,-1,-1,-1,-1,9,3,W01001560,0
Unvalidated,2024522401905,2024,522401905,1,9,0,18,7,3,0,1,0,0,0,0,2,1,6,1,75,10,-1,-1,-1,-1,9,1,E01032682,0
Unvalidated,2024522401905,2024,522401905,2,9,0,18,7,3,0,1,0,0,0,0,1,1,6,1,44,7,-1,-1,-1,-1,10,1,E01014881,0
Unvalidated,2024522401905,2024,522401905,3,3,0,18,7,3,0,1,0,0,0,0,1,1,6,1,46,8,-1,-1,-1,-1,-1,-1,-1,0
Unvalidated,2024522401905,2024,522401905,4,3,0,18,7,3,0,1,0,0,1,0,4,1,6,1,34,6,-1,-1,-1,-1,-1,-1,-1,0