status,collision_index,collision_year,collision_reference,vehicle_reference,vehicle_type,towing_and_articulation,vehicle_manoeuvre,vehicle_direction_from,vehicle_direction_to,vehicle_location_restricted_lane,junction_location,skidding_and_overturning,hit_object_in_carriageway,vehicle_leaving_carriageway,hit_object_off_carriageway,first_point_of_impact,vehicle_left_hand_drive,journey_purpose_of_driver,sex_of_driver,age_of_driver,age_band_of_driver,engine_capacity_cc,propulsion_code,age_of_vehicle,generic_make_model,driver_imd_decile,driver_home_area_type,lsoa_of_driver,escooter_flag
Unvalidated,2024522401905,2024,522401905,5,9,4,6,7,7,0,1,0,0,0,0,0,1,6,3,-1,-1,-1,-1,-1,-1,-1,-1,-1,0
Unvalidated,2024522401906,2024,522401906,1,1,0,18,9,9,0,0,0,0,0,0,2,1,6,1,55,8,-1,-1,-1,-1,4,1,E01032516,0
Unvalidated,2024522401906,2024,522401906,2,97,0,18,9,9,0,0,0,0,0,0,1,1,6,3,-1,-1,-1,-1,-1,-1,-1,-1,-1,0
Unvalidated,2024522401907,2024,522401907,1,1,0,18,3,7,0,0,0,8,0,0,1,1,6,1,43,7,-1,-1,-1,-1,3,1,E01014572,0
Unvalidated,2024522401907,2024,522401907,2,9,0,2,0,0,0,0,0,0,0,0,9,1,6,3,-1,-1,-1,-1,-1,-1,-1,-1,-1,0
Unvalidated,2024522401908,2024,522401908,1,9,0,18,6,2,0,0,5,0,0,0,1,1,6,1,65,9,-1,-1,-1,-1,8,1,E01014374,0
Unvalidated,2024522401908,2024,522401908,2,19,0,18,2,6,0,0,0,0,0,0,1,1,6,2,59,9,-1,-1,-1,-1,7,1,W01001889,0
Unvalidated,2024522401908,2024,522401908,3,19,0,18,2,6,0,0,0,0,0,0,1,1,6,1,26,6,-1,-1,-1,-1,7,1,E01032073,0
Unvalidated,2024522401908,2024,522401908,4,9,0,18,2,6,0,0,0,0,0,0,1,1,6,1,65,9,-1,-1,-1,-1,10,1,E01014377,0
Unvalidated,2024522401909,2024,522401909,1,9,0,18,3,7,0,4,0,0,0,0,3,1,6,1,37,7,-1,-1,-1,-1,6,1,E01014563,0
Unvalidated,2024522401909,2024,522401909,2,3,0,9,7,6,0,8,0,0,0,0,1,1,6,3,-1,-1,-1,-1,-1,-1,-1,-1,-1,0
Unvalidated,2024522401910,2024,522401910,1,9,0,18,2,6,0,0,0,0,0,0,1,1,6,3,-1,-1,-1,-1,-1,-1,-1,-1,-1,0
Unvalidated,2024522401914,2024,522401914,1,3,0,18,4,8,0,8,0,0,0,0,1,1,6,1,18,4,-1,-1,-1,-1,7,1,E01015017,0
Unvalidated,2024522401914,2024,522401914,2,9,0,9,8,5,0,5,0,0,0,0,1,1,6,3,-1,-1,-1,-1,-1,-1,-1,-1,-1,0
Unvalidated,2024522401917,2024,522401917,1,90,0,11,9,9,0,0,0,0,0,0,9,1,6,2,38,7,-1,-1,-1,-1,1,1,E01014658,1
Unvalidated,2024522401917,2024,522401917,2,98,0,18,9,9,0,0,0,0,0,0,0,1,6,3,-1,-1,-1,-1,-1,-1,-1,-1,-1,0
Unvalidated,2024522401918,2024,522401918,1,19,0,18,2,6,0,0,0,0,0,0,4,1,6,2,57,9,-1,-1,-1,-1,1,1,E01014663,0
Unvalidated,2024522401919,2024,522401919,1,9,0,18,2,6,0,8,0,0,0,0,3,1,6,1,39,7,-1,-1,-1,-1,8,1,E01014955,0
Unvalidated,2024522401919,2024,522401919,2,9,0,11,2,4,0,3,0,0,0,0,4,1,6,3,-1,-1,-1,-1,-1,-1,-1,-1,-1,0
Unvalidated,2024522401921,2024,522401921,1,1,0,18,4,8,0,1,0,0,0,0,1,1,6,1,35,6,-1,-1,-1,-1,1,1,E01014596,0
Unvalidated,2024522401922,2024,522401922,1,9,0,18,7,3,0,0,0,0,2,11,1,1,6,2,52,8,-1,-1,-1,-1,7,3,E01014856,0
Unvalidated,2024522401922,2024,522401922,2,9,0,18,3,7,0,0,0,0,0,0,1,1,6,1,46,8,-1,-1,-1,-1,2,1,E01014526,0
Unvalidated,2024522401924,2024,522401924,1,19,0,12,2,6,0,0,0,0,0,0,3,1,6,1,23,5,-1,-1,-1,-1,9,1,W01001588,0
Unvalidated,2024522401924,2024,522401924,2,9,0,18,2,6,0,0,5,0,6,0,4,1,6,2,52,8,-1,-1,-1,-1,5,1,E01014812,0
Unvalidated,2024522401926,2024,522401926,1,3,0,18,4,8,0,8,0,0,0,0,4,1,6,1,18,4,-1,-1,-1,-1,4,1,E01014946,0
Unvalidated,2024522401926,2024,522401926,2,9,0,7,6,8,0,6,0,0,0,0,1,1,6,2,61,9,-1,-1,-1,-1,6,1,E01014984,0
Unvalidated,2024522401927,2024,522401927,1,9,0,11,8,4,0,0,0,0,0,0,4,1,6,3,-1,-1,-1,-1,-1,-1,-1,-1,-1,0
Unvalidated,2024522401927,2024,522401927,2,1,0,18,8,4,2,0,0,0,0,0,3,1,6,1,41,7,-1,-1,-1,-1,4,1,E01032516,0
Unvalidated,2024522401927,2024,522401927,3,1,0,18,8,4,2,0,0,0,0,0,2,1,6,1,13,3,-1,-1,-1,-1,4,1,E01032516,0
Unvalidated,2024522401929,2024,522401929,1,9,0,17,5,2,0,8,0,0,0,0,1,1,6,2,28,6,-1,-1,-1,-1,2,1,E01014643,0
Unvalidated,2024522401929,2024,522401929,2,9,0,9,8,5,0,6,0,0,0,0,3,1,6,3,-1,-1,-1,-1,-1,-1,-1,-1,-1,0
Unvalidated,2024522401930,2024,522401930,1,9,0,9,3,1,0,8,0,0,0,0,1,1,6,1,52,8,-1,-1,-1,-1,6,1,E01014846,0
Unvalidated,2024522401930,2024,522401930,2,5,0,18,7,3,0,8,0,0,0,0,1,1,6,1,40,7,-1,-1,-1,-1,6,1,E01014780,0
Unvalidated,2024522401933,2024,522401933,1,9,0,18,4,8,0,0,5,0,0,0,1,1,6,1,72,10,-1,-1,-1,-1,10,1,E01014381,0
Unvalidated,2024522401933,2024,522401933,2,9,0,18,8,4,0,0,0,0,0,0,1,1,6,1,78,11,-1,-1,-1,-1,7,1,E01014945,0
Unvalidated,2024522401936,2024,522401936,1,9,0,12,6,2,0,1,0,0,0,0,1,1,6,1,40,7,-1,-1,-1,-1,5,1,E01014642,0
Unvalidated,2024522401936,2024,522401936,2,9,0,18,2,6,0,2,0,0,0,0,1,1,6,2,41,7,-1,-1,-1,-1,7,1,E01014494,0
Unvalidated,2024522401936,2024,522401936,3,9,0,18,2,6,0,2,0,0,0,0,1,1,6,2,25,5,-1,-1,-1,-1,9,1,E01014898,0
Unvalidated,2024522401938,2024,522401938,1,9,0,9,5,3,0,6,0,0,0,0,1,1,6,2,57,9,-1,-1,-1,-1,-1,-1,-1,0
Unvalidated,2024522401938,2024,522401938,2,9,0,18,3,7,0,8,0,0,0,0,4,1,6,1,41,7,-1,-1,-1,-1,10,1,E01014395,0
Unvalidated,2024522401940,2024,522401940,1,9,0,18,8,4,0,1,0,0,0,0,3,1,6,1,32,6,-1,-1,-1,-1,10,1,E01014759,0
Unvalidated,2024522401940,2024,522401940,2,3,0,18,4,8,0,2,0,0,0,0,2,1,6,1,21,5,-1,-1,-1,-1,1,1,E01014594,0
Unvalidated,2024522401942,2024,522401942,1,9,0,18,7,3,0,8,0,0,0,0,3,1,6,2,34,6,-1,-1,-1,-1,4,1,E01033342,0
Unvalidated,2024522401942,2024,522401942,2,1,0,13,7,3,0,8,0,0,7,2,1,1,6,1,26,6,-1,-1,-1,-1,4,1,E01014590,0
Unvalidated,2024522401943,2024,522401943,1,9,0,18,5,1,0,1,0,0,0,0,3,1,6,1,77,11,-1,-1,-1,-1,10,1,E01014873,0
Unvalidated,2024522401943,2024,522401943,2,9,0,18,2,5,0,3,1,0,0,0,3,1,6,1,36,7,-1,-1,-1,-1,3,1,E01014684,0
Unvalidated,2024522401944,2024,522401944,1,9,0,18,6,2,0,0,0,0,0,0,4,1,6,1,77,11,-1,-1,-1,-1,5,1,E01014795,0
Unvalidated,2024522401944,2024,522401944,2,9,0,2,0,0,6,0,0,0,0,0,3,1,6,2,74,10,-1,-1,-1,-1,4,1,E01014500,0
Unvalidated,2024522401944,2024,522401944,3,9,0,14,2,6,0,0,0,0,0,0,0,1,6,3,-1,-1,-1,-1,-1,-1,-1,-1,-1,0
Unvalidated,2024522401945,2024,522401945,1,97,0,18,7,3,0,0,0,0,0,0,1,1,6,3,-1,-1,-1,-1,-1,-1,-1,-1,-1,0
Unvalidated,2024522401946,2024,522401946,1,5,0,9,4,1,0,6,0,0,0,0,1,1,6,1,42,7,-1,-1,-1,-1,6,1,E01014508,0
Unvalidated,2024522401946,2024,522401946,2,3,0,14,1,5,0,8,0,0,0,0,1,1,6,2,29,6,-1,-1,-1,-1,4,1,E01014623,0
Unvalidated,2024522401948,2024,522401948,1,9,0,18,5,1,0,0,0,0,5,6,2,1,6,1,65,9,-1,-1,-1,-1,6,2,E01031221,0
Unvalidated,2024522401948,2024,522401948,2,9,0,18,5,1,0,0,0,0,0,0,1,1,6,1,46,8,-1,-1,-1,-1,9,1,E01030687,0
Unvalidated,2024522401949,2024,522401949,1,9,0,18,1,5,0,0,0,4,0,0,1,1,6,1,47,8,-1,-1,-1,-1,5,1,E01014973,0
Unvalidated,2024522401949,2024,522401949,2,9,0,2,0,0,0,0,0,0,0,0,1,1,6,3,-1,-1,-1,-1,-1,-1,-1,-1,-1,0
Unvalidated,2024522401950,2024,522401950,1,9,0,18,6,2,0,0,0,0,0,0,1,1,1,1,31,6,-1,-1,-1,-1,5,1,E01029322,0
Unvalidated,2024522401950,2024,522401950,2,9,0,4,6,2,0,0,0,0,0,0,2,1,6,2,37,7,-1,-1,-1,-1,9,3,E01031888,0
Unvalidated,2024522401952,2024,522401952,1,9,0,9,2,8,0,5,0,0,0,0,3,1,6,2,40,7,-1,-1,-1,-1,6,1,E01014952,0
Unvalidated,2024522401952,2024,522401952,2,97,0,9,2,6,0,6,0,0,0,0,1,1,6,1,34,6,-1,-1,-1,-1,6,1,E01014952,0
Unvalidated,2024522401955,2024,522401955,1,9,0,18,4,8,0,1,0,0,0,0,3,1,6,1,79,11,-1,-1,-1,-1,4,1,E01022161,0
Unvalidated,2024522401955,2024,522401955,2,9,0,9,8,4,0,2,1,10,7,2,3,1,6,1,89,11,-1,-1,-1,-1,9,1,E01024462,0
Unvalidated,2024522401956,2024,522401956,1,9,0,18,1,5,0,1,0,4,0,0,3,1,6,1,80,11,-1,-1,-1,-1,8,1,E01014723,0
Unvalidated,2024522401956,2024,522401956,2,9,0,18,5,1,0,2,0,0,0,0,3,1,6,1,26,6,-1,-1,-1,-1,1,1,E01014729,0
Unvalidated,2024522401956,2024,522401956,3,8,0,2,0,0,0,2,0,0,0,0,2,1,6,3,-1,-1,-1,-1,-1,-1,-1,-1,-1,0
Unvalidated,2024522401962,2024,522401962,1,19,0,3,7,3,0,1,0,0,0,0,2,1,6,1,43,7,-1,-1,-1,-1,5,2,E01014746,0
Unvalidated,2024522401962,2024,522401962,2,5,0,18,7,3,0,1,0,0,0,0,1,1,6,1,44,7,-1,-1,-1,-1,4,1,E01032673,0
Unvalidated,2024522401963,2024,522401963,1,9,0,9,3,1,0,5,0,0,0,0,4,1,6,2,52,8,-1,-1,-1,-1,10,1,E01014933,0
Unvalidated,2024522401963,2024,522401963,2,4,0,18,7,3,0,8,0,0,0,0,1,1,6,1,20,4,-1,-1,-1,-1,2,1,E01014629,0
Unvalidated,2024522401964,2024,522401964,1,9,0,18,6,2,0,0,0,0,0,0,1,1,6,1,49,8,-1,-1,-1,-1,6,1,E01014865,0
Unvalidated,2024522401964,2024,522401964,2,19,0,16,2,6,0,0,0,0,0,0,1,1,6,1,24,5,-1,-1,-1,-1,-1,-1,-1,0
Unvalidated,2024522401966,2024,522401966,1,9,0,18,8,4,0,1,0,10,1,2,1,1,6,1,21,5,-1,-1,-1,-1,9,1,E01015018,0
Unvalidated,2024522401967,2024,522401967,1,9,0,18,2,6,0,1,0,0,0,0,1,1,6,2,18,4,-1,-1,-1,-1,8,3,E01014868,0
Unvalidated,2024522401968,2024,522401968,1,9,0,18,4,8,0,0,0,0,0,0,1,1,6,1,37,7,-1,-1,-1,-1,10,1,E01014880,0
Unvalidated,2024522401968,2024,522401968,2,9,0,18,8,4,0,0,0,0,0,0,1,1,6,1,77,11,-1,-1,-1,-1,10,1,E01014966,0
Unvalidated,2024522401968,2024,522401968,3,9,0,18,8,4,0,0,0,0,0,0,1,1,6,2,19,4,-1,-1,-1,-1,9,1,E01014998,0
Unvalidated,2024522401974,2024,522401974,1,9,0,18,2,6,0,0,0,0,0,0,1,1,6,3,-1,-1,-1,-1,-1,-1,-1,-1,-1,0
Unvalidated,2024522401975,2024,522401975,1,5,0,9,6,2,0,1,0,0,0,0,1,1,6,1,62,9,-1,-1,-1,-1,7,3,E01014847,0
Unvalidated,2024522401975,2024,522401975,2,8,0,18,2,6,0,1,0,0,0,0,3,1,6,1,49,8,-1,-1,-1,-1,2,1,E01014529,0
Unvalidated,2024522401976,2024,522401976,1,9,0,18,8,4,0,2,0,0,0,0,4,1,6,1,46,8,-1,-1,-1,-1,1,1,E01014497,0
Unvalidated,2024522401977,2024,522401977,1,9,0,18,3,7,0,0,0,4,0,0,1,1,6,2,28,6,-1,-1,-1,-1,2,1,E01014626,0
Unvalidated,2024522401977,2024,522401977,2,9,0,2,0,0,0,0,0,0,0,0,1,1,6,3,-1,-1,-1,-1,-1,-1,-1,-1,-1,0
Unvalidated,2024522401977,2024,522401977,3,20,0,2,0,0,0,0,0,0,0,0,1,1,6,3,-1,-1,-1,-1,-1,-1,-1,-1,-1,0
Unvalidated,2024522401977,2024,522401977,4,9,0,2,0,0,0,0,0,0,0,0,1,1,6,3,-1,-1,-1,-1,-1,-1,-1,-1,-1,0
Unvalidated,2024522401977,2024,522401977,5,9,0,2,0,0,0,0,0,0,0,0,1,1,6,3,-1,-1,-1,-1,-1,-1,-1,-1,-1,0
Unvalidated,2024522401978,2024,522401978,1,8,0,18,4,8,0,6,0,0,0,0,4,1,6,1,28,6,-1,-1,-1,-1,1,1,E01033366,0
Unvalidated,2024522401978,2024,522401978,2,1,0,18,6,2,0,8,0,0,0,0,1,1,6,2,32,6,-1,-1,-1,-1,8,1,E01014709,0
Unvalidated,2024522401980,2024,522401980,1,9,0,18,7,3,0,0,0,0,0,0,1,1,6,2,54,8,-1,-1,-1,-1,6,1,E01014614,0
Unvalidated,2024522401980,2024,522401980,2,9,0,2,0,0,0,0,0,0,0,0,1,1,6,3,-1,-1,-1,-1,-1,-1,-1,-1,-1,0
Unvalidated,2024522401982,2024,522401982,1,9,0,4,6,3,0,0,0,0,0,0,2,1,6,1,55,8,-1,-1,-1,-1,3,1,E01014650,0
Unvalidated,2024522401982,2024,522401982,2,9,0,18,6,3,0,0,0,0,0,0,1,1,6,1,21,5,-1,-1,-1,-1,8,1,E01014722,0
Unvalidated,2024522401983,2024,522401983,1,9,0,4,4,8,0,0,0,0,0,0,2,1,6,1,67,10,-1,-1,-1,-1,2,1,E01014643,0
Unvalidated,2024522401983,2024,522401983,2,9,0,18,4,8,0,0,0,0,0,0,1,1,6,1,24,5,-1,-1,-1,-1,3,1,E01014519,0
Unvalidated,2024522401984,2024,522401984,1,4,0,18,2,6,0,0,0,0,0,0,0,1,6,1,41,7,-1,-1,-1,-1,2,1,E01014610,0
Unvalidated,2024522401987,2024,522401987,1,9,0,6,2,2,0,0,0,0,0,0,4,1,6,3,-1,-1,-1,-1,-1,-1,-1,-1,-1,0
Unvalidated,2024522401987,2024,522401987,2,1,0,5,2,6,0,0,0,0,0,0,4,1,6,1,21,5,-1,-1,-1,-1,4,1,E01014485,0
Unvalidated,2024522401989,2024,522401989,1,1,0,18,8,4,0,8,0,0,0,0,1,1,6,1,36,7,-1,-1,-1,-1,6,1,E01014399,0
Unvalidated,2024522401989,2024,522401989,2,9,0,7,8,1,0,5,0,0,0,0,4,1,6,3,-1,-1,-1,-1,-1,-1,-1,-1,-1,0
Unvalidated,2024522401990,2024,522401990,1,9,0,4,2,6,0,0,0,0,0,0,2,1,6,2,44,7,-1,-1,-1,-1,1,1,E01014658,0
Unvalidated,2024522401990,2024,522401990,2,9,0,18,2,6,0,0,0,0,0,0,1,1,6,3,-1,-1,-1,-1,-1,-1,-1,-1,-1,0
Unvalidated,2024522401992,2024,522401992,1,9,0,4,6,2,0,1,0,0,0,0,2,1,6,2,63,9,-1,-1,-1,-1,9,1,E01014920,0
Unvalidated,2024522401992,2024,522401992,2,9,0,18,6,2,0,1,0,0,0,0,1,1,6,3,-1,-1,-1,-1,-1,-1,-1,-1,-1,0
Unvalidated,2024522401992,2024,522401992,3,9,0,4,6,2,0,1,0,0,0,0,2,1,6,2,38,7,-1,-1,-1,-1,1,1,E01033358,0
Unvalidated,2024522401993,2024,522401993,1,1,0,18,2,6,0,0,0,8,0,0,1,1,6,1,45,7,-1,-1,-1,-1,5,1,E01014537,0
Unvalidated,2024522401993,2024,522401993,2,19,0,2,0,0,0,0,0,0,0,0,3,1,6,3,-1,-1,-1,-1,-1,-1,-1,-1,-1,0
Unvalidated,2024522401994,2024,522401994,1,9,0,18,1,5,0,1,5,10,4,6,1,1,6,1,75,10,-1,-1,-1,-1,6,1,E01014984,0
Unvalidated,2024522401995,2024,522401995,1,3,0,3,8,4,0,0,0,0,0,0,1,1,6,1,35,6,-1,-1,-1,-1,6,1,E01015002,0
Unvalidated,2024522401995,2024,522401995,2,19,0,1,4,8,0,0,0,0,0,0,2,1,6,3,-1,-1,-1,-1,-1,-1,-1,-1,-1,0
Unvalidated,2024522401996,2024,522401996,1,3,0,18,1,5,0,8,0,0,0,0,1,1,6,1,50,8,-1,-1,-1,-1,6,1,E01015008,0
Unvalidated,2024522401996,2024,522401996,2,9,0,9,3,1,0,4,0,0,0,0,3,1,6,3,-1,-1,-1,-1,-1,-1,-1,-1,-1,0
Unvalidated,2024522401998,2024,522401998,1,1,0,17,1,6,0,8,0,0,0,0,1,1,6,1,22,5,-1,-1,-1,-1,4,1,E01014603,0
Unvalidated,2024522401998,2024,522401998,2,9,0,9,4,1,0,6,0,0,0,0,3,1,6,3,-1,-1,-1,-1,-1,-1,-1,-1,-1,0
Unvalidated,2024522401999,2024,522401999,1,3,0,3,4,8,0,0,0,0,0,0,1,1,6,1,39,7,-1,-1,-1,-1,5,1,E01014530,0
Unvalidated,2024522401999,2024,522401999,2,9,0,1,8,4,0,0,0,0,0,0,2,1,6,3,-1,-1,-1,-1,-1,-1,-1,-1,-1,0
Unvalidated,2024522402002,2024,522402002,1,9,0,9,7,5,0,5,0,0,0,0,4,1,6,1,27,6,-1,-1,-1,-1,2,1,E01014575,0
Unvalidated,2024522402002,2024,522402002,2,1,0,16,3,6,0,8,0,0,0,0,1,1,6,1,16,4,-1,-1,-1,-1,3,1,E01014926,0
Unvalidated,2024522402003,2024,522402003,1,5,0,18,6,1,0,3,0,0,0,0,1,1,6,1,27,6,-1,-1,-1,-1,10,1,E01015021,0
Unvalidated,2024522402003,2024,522402003,2,21,0,18,8,4,0,1,0,0,0,0,3,1,6,1,64,9,-1,-1,-1,-1,1,1,E01014583,0
Unvalidated,2024522402004,2024,522402004,1,9,0,18,2,6,0,0,5,10,0,0,1,1,6,1,81,11,-1,-1,-1,-1,3,1,E01014501,0
Unvalidated,2024522402006,2024,522402006,1,9,0,18,1,3,0,0,0,0,0,0,1,1,6,1,22,5,-1,-1,-1,-1,9,1,E01014784,0
Unvalidated,2024522402006,2024,522402006,2,9,0,18,3,1,0,0,0,0,0,0,1,1,6,1,55,8,-1,-1,-1,-1,7,1,E01014763,0
Unvalidated,2024522402006,2024,522402006,3,98,0,18,3,1,0,0,0,0,0,0,3,1,6,1,60,9,-1,-1,-1,-1,8,3,E01014868,0
Unvalidated,2024522402007,2024,522402007,1,3,0,3,5,1,0,1,0,0,0,0,1,1,6,1,31,6,-1,-1,-1,-1,2,1,E01033353,0
Unvalidated,2024522402007,2024,522402007,2,9,0,1,1,5,0,1,0,0,0,0,2,1,6,3,-1,-1,-1,-1,-1,-1,-1,-1,-1,0
Unvalidated,2024522402009,2024,522402009,1,9,0,13,6,2,0,2,0,0,0,0,4,1,6,1,40,7,-1,-1,-1,-1,2,1,E01014660,0
Unvalidated,2024522402009,2024,522402009,2,90,0,18,6,2,0,2,0,0,0,0,3,1,6,1,60,9,-1,-1,-1,-1,4,1,E01014676,1
Unvalidated,2024522402010,2024,522402010,1,5,0,15,3,7,0,0,0,0,0,0,1,1,6,1,61,9,-1,-1,-1,-1,2,1,E01014683,0
Unvalidated,2024522402010,2024,522402010,2,19,4,1,7,3,0,0,0,0,0,0,2,1,6,3,-1,-1,-1,-1,-1,-1,-1,-1,-1,0
Unvalidated,2024522402012,2024,522402012,1,9,0,9,1,6,0,5,0,0,0,0,1,1,6,3,-1,-1,-1,-1,-1,-1,-1,-1,-1,0
Unvalidated,2024522402013,2024,522402013,1,1,0,18,6,2,0,0,0,0,0,0,4,1,6,3,-1,-1,-1,-1,-1,-1,-1,-1,-1,0
Unvalidated,2024522402014,2024,522402014,1,19,0,18,3,7,0,0,0,8,0,0,4,1,6,3,-1,-1,-1,-1,-1,-1,-1,-1,-1,0
Unvalidated,2024522402014,2024,522402014,2,9,0,2,0,0,0,0,0,0,0,0,4,1,6,3,-1,-1,-1,-1,-1,-1,-1,-1,-1,0
Unvalidated,2024522402016,2024,522402016,1,4,0,17,6,3,0,8,0,0,0,0,4,1,6,1,24,5,-1,-1,-1,-1,-1,-1,-1,0
Unvalidated,2024522402016,2024,522402016,2,9,0,18,7,3,0,4,0,0,0,0,1,1,6,3,-1,-1,-1,-1,-1,-1,-1,-1,-1,0
Unvalidated,2024522402019,2024,522402019,1,9,0,18,7,3,0,8,0,0,0,0,1,1,6,2,32,6,-1,-1,-1,-1,6,1,E01014591,0
Unvalidated,2024522402019,2024,522402019,2,9,0,5,1,5,0,6,0,0,0,0,1,1,6,1,50,8,-1,-1,-1,-1,10,1,E01023096,0
Unvalidated,2024522402020,2024,522402020,1,9,0,4,2,5,0,2,0,0,0,0,2,1,6,2,36,7,-1,-1,-1,-1,3,1,E01014665,0
Unvalidated,2024522402020,2024,522402020,2,9,0,18,2,5,0,2,0,0,0,0,1,1,6,3,-1,-1,-1,-1,-1,-1,-1,-1,-1,0
Unvalidated,2024522402022,2024,522402022,1,9,0,10,6,2,0,8,0,0,1,0,2,1,6,2,56,9,-1,-1,-1,-1,10,3,E01014869,0
Unvalidated,2024522402022,2024,522402022,2,21,0,18,6,2,0,8,0,0,0,0,1,1,6,1,52,8,-1,-1,-1,-1,8,1,E01031910,0
Unvalidated,2024522402023,2024,522402023,1,19,0,1,2,6,0,0,0,0,0,0,2,1,6,3,-1,-1,-1,-1,-1,-1,-1,-1,-1,0
Unvalidated,2024522402024,2024,522402024,1,9,0,11,5,1,0,8,0,0,0,0,2,1,6,2,39,7,-1,-1,-1,-1,7,1,E01014402,0
Unvalidated,2024522402024,2024,522402024,2,19,0,18,5,1,0,8,0,0,0,0,1,1,6,3,-1,-1,-1,-1,-1,-1,-1,-1,-1,0
Unvalidated,2024522402025,2024,522402025,1,3,0,4,9,9,0,0,0,0,0,0,1,1,6,1,30,6,-1,-1,-1,-1,1,1,E01014653,0
Unvalidated,2024522402025,2024,522402025,2,19,0,1,9,9,0,0,0,0,0,0,2,1,6,1,62,9,-1,-1,-1,-1,7,1,E01014577,0
Unvalidated,2024522402028,2024,522402028,1,19,0,4,4,8,0,0,0,0,0,0,4,1,6,1,30,6,-1,-1,-1,-1,7,2,E01014858,0
Unvalidated,2024522402028,2024,522402028,2,3,0,18,8,4,0,0,0,0,0,0,1,1,6,1,19,4,-1,-1,-1,-1,-1,-1,-1,0
Unvalidated,2024522402029,2024,522402029,1,9,0,3,2,6,0,0,0,0,0,0,2,1,6,1,55,8,-1,-1,-1,-1,5,1,E01014820,0
Unvalidated,2024522402029,2024,522402029,2,9,0,18,2,6,0,0,0,0,0,0,1,1,6,3,-1,-1,-1,-1,-1,-1,-1,-1,-1,0
Unvalidated,2024522402030,2024,522402030,1,9,0,18,2,6,0,8,0,0,0,0,1,1,6,1,24,5,-1,-1,-1,-1,5,1,E01014537,0
Unvalidated,2024522402030,2024,522402030,2,1,0,18,4,8,0,6,0,0,0,0,3,1,6,1,9,2,-1,-1,-1,-1,1,1,E01033369,0
Unvalidated,2024522402035,2024,522402035,1,21,1,18,6,2,0,8,0,0,0,0,1,1,6,1,55,8,-1,-1,-1,-1,10,1,E01014761,0
Unvalidated,2024522402035,2024,522402035,2,9,0,7,7,2,0,6,0,0,0,0,3,1,6,1,37,7,-1,-1,-1,-1,2,1,E01014595,0
Unvalidated,2024522402036,2024,522402036,1,9,0,18,4,8,0,0,0,0,0,0,4,1,6,1,38,7,-1,-1,-1,-1,9,1,E01014908,0
Unvalidated,2024522402037,2024,522402037,1,5,0,18,6,2,0,1,0,0,0,0,1,1,6,1,54,8,-1,-1,-1,-1,8,1,E01032668,0
Unvalidated,2024522402037,2024,522402037,2,11,0,18,2,6,0,2,0,0,0,0,1,1,6,1,56,9,-1,-1,-1,-1,2,1,E01014834,0
Unvalidated,2024522402037,2024,522402037,3,5,0,18,6,2,0,1,1,0,0,0,0,1,6,2,46,8,-1,-1,-1,-1,9,3,E01020505,0
Unvalidated,2024522402038,2024,522402038,1,5,0,16,7,8,0,8,0,0,5,6,1,1,6,1,20,4,-1,-1,-1,-1,6,1,E01014882,0
Unvalidated,2024522402039,2024,522402039,1,9,0,18,8,4,0,2,0,2,0,0,1,1,6,1,42,7,-1,-1,-1,-1,-1,-1,-1,0
Unvalidated,2024522402039,2024,522402039,2,9,0,18,4,8,0,1,0,0,0,0,1,1,6,2,37,7,-1,-1,-1,-1,7,1,E01015022,0
Unvalidated,2024522402041,2024,522402041,1,1,0,18,6,2,0,8,0,0,0,0,3,1,6,1,55,8,-1,-1,-1,-1,6,1,E01014960,0
Unvalidated,2024522402041,2024,522402041,2,9,0,9,2,8,0,5,0,0,0,0,3,1,6,1,42,7,-1,-1,-1,-1,7,1,E01014909,0
Unvalidated,2024522402045,2024,522402045,1,9,0,18,7,3,0,0,0,4,0,0,1,1,6,1,18,4,-1,-1,-1,-1,2,1,E01033347,0
Unvalidated,2024522402045,2024,522402045,2,9,0,2,0,0,0,0,0,0,0,0,1,1,6,3,-1,-1,-1,-1,-1,-1,-1,-1,-1,0
Unvalidated,2024522402046,2024,522402046,1,90,0,18,5,1,4,8,0,0,0,0,1,1,6,1,31,6,-1,-1,-1,-1,1,1,E01014703,1
Unvalidated,2024522402046,2024,522402046,2,9,0,7,6,1,0,6,0,0,0,0,1,1,6,1,54,8,-1,-1,-1,-1,4,1,E01014645,0
Unvalidated,2024522402047,2024,522402047,1,9,0,9,7,5,0,5,0,0,0,0,3,1,6,1,53,8,-1,-1,-1,-1,9,1,E01014752,0
Unvalidated,2024522402047,2024,522402047,2,1,0,18,3,7,0,8,0,0,0,0,1,1,6,1,52,8,-1,-1,-1,-1,7,1,E01014712,0
Unvalidated,2024522402048,2024,522402048,1,9,0,18,7,3,0,0,5,0,2,4,3,1,6,2,37,7,-1,-1,-1,-1,9,2,E01014441,0
Unvalidated,2024522402051,2024,522402051,1,9,0,9,7,5,0,6,0,0,0,0,3,1,6,1,27,6,-1,-1,-1,-1,2,1,E01016450,0
Unvalidated,2024522402051,2024,522402051,2,1,0,18,3,7,0,8,0,0,0,0,1,1,6,2,27,6,-1,-1,-1,-1,5,1,E01014732,0
Unvalidated,2024522402052,2024,522402052,1,9,0,18,4,8,0,1,0,0,0,0,3,1,6,1,45,7,-1,-1,-1,-1,10,1,E01014903,0
Unvalidated,2024522402052,2024,522402052,2,9,0,11,4,8,0,1,0,0,0,0,4,1,6,3,-1,-1,-1,-1,-1,-1,-1,-1,-1,0