status,collision_index,collision_year,collision_reference,vehicle_reference,vehicle_type,towing_and_articulation,vehicle_manoeuvre,vehicle_direction_from,vehicle_direction_to,vehicle_location_restricted_lane,junction_location,skidding_and_overturning,hit_object_in_carriageway,vehicle_leaving_carriageway,hit_object_off_carriageway,first_point_of_impact,vehicle_left_hand_drive,journey_purpose_of_driver,sex_of_driver,age_of_driver,age_band_of_driver,engine_capacity_cc,propulsion_code,age_of_vehicle,generic_make_model,driver_imd_decile,driver_home_area_type,lsoa_of_driver,escooter_flag
Unvalidated,2024522402053,2024,522402053,1,9,0,18,2,6,0,0,0,0,0,0,1,1,6,1,67,10,-1,-1,-1,-1,9,1,E01014757,0
Unvalidated,2024522402053,2024,522402053,2,9,0,2,0,0,0,0,0,0,0,0,1,1,6,3,-1,-1,-1,-1,-1,-1,-1,-1,-1,0
Unvalidated,2024522402053,2024,522402053,3,9,0,2,0,0,0,0,0,0,0,0,1,1,6,1,60,9,-1,-1,-1,-1,9,1,E01014757,0
Unvalidated,2024522402053,2024,522402053,4,9,0,2,0,0,0,0,0,0,0,0,1,1,6,1,-1,-1,-1,-1,-1,-1,6,2,W01000612,0
Unvalidated,2024522402055,2024,522402055,1,9,0,18,7,3,0,8,0,0,0,0,1,1,6,2,56,9,-1,-1,-1,-1,9,1,E01014943,0
Unvalidated,2024522402055,2024,522402055,2,19,0,9,1,7,0,6,0,0,0,0,3,1,6,3,-1,-1,-1,-1,-1,-1,-1,-1,-1,0
Unvalidated,2024522402061,2024,522402061,1,9,0,4,8,4,0,3,0,0,0,0,2,1,6,1,54,8,-1,-1,-1,-1,9,1,E01014872,0
Unvalidated,2024522402061,2024,522402061,2,1,0,18,8,4,0,3,0,0,0,0,1,1,6,1,50,8,-1,-1,-1,-1,9,3,E01033333,0
Unvalidated,2024522402062,2024,522402062,1,9,0,18,2,6,0,1,0,0,0,0,1,1,6,1,45,7,-1,-1,-1,-1,3,1,W01001676,0
Unvalidated,2024522402062,2024,522402062,2,9,0,18,6,2,0,2,0,0,0,0,1,1,6,3,-1,-1,-1,-1,-1,-1,-1,-1,-1,0
Unvalidated,2024522402063,2024,522402063,1,9,0,18,5,1,0,0,1,0,7,9,1,1,6,1,22,5,-1,-1,-1,-1,9,1,E01014784,0
Unvalidated,2024522402066,2024,522402066,1,9,0,5,1,5,0,0,0,0,0,0,1,1,6,1,56,9,-1,-1,-1,-1,9,1,E01014713,0
Unvalidated,2024522402069,2024,522402069,1,9,0,3,3,7,0,2,0,0,0,0,2,1,6,2,25,5,-1,-1,-1,-1,1,1,E01014654,0
Unvalidated,2024522402069,2024,522402069,2,9,0,18,3,7,0,2,0,0,0,0,1,1,6,3,-1,-1,-1,-1,-1,-1,-1,-1,-1,0
Unvalidated,2024522402072,2024,522402072,1,1,0,18,1,5,0,8,0,0,0,0,1,1,6,1,42,7,-1,-1,-1,-1,7,1,E01014949,0
Unvalidated,2024522402072,2024,522402072,2,9,0,9,5,3,0,5,0,0,0,0,0,1,6,3,-1,-1,-1,-1,-1,-1,-1,-1,-1,0
Unvalidated,2024522402074,2024,522402074,1,9,0,9,3,1,0,5,0,0,0,0,1,1,6,2,24,5,-1,-1,-1,-1,10,1,E01014979,0
Unvalidated,2024522402074,2024,522402074,2,97,0,18,7,3,2,8,0,0,0,0,1,1,6,3,-1,-1,-1,-1,-1,-1,-1,-1,-1,0
Unvalidated,2024522402075,2024,522402075,1,9,0,3,1,1,0,8,0,0,0,0,2,1,6,2,50,8,-1,-1,-1,-1,5,1,E01031933,0
Unvalidated,2024522402075,2024,522402075,2,9,0,18,1,5,0,8,0,0,0,0,1,1,6,3,-1,-1,-1,-1,-1,-1,-1,-1,-1,0
Unvalidated,2024522402079,2024,522402079,1,9,0,12,2,6,0,0,0,0,0,0,1,1,6,2,28,6,-1,-1,-1,-1,6,3,E01020179,0
Unvalidated,2024522402079,2024,522402079,2,19,0,18,2,6,0,0,5,0,0,0,2,1,6,1,45,7,-1,-1,-1,-1,2,1,E01001551,0
Unvalidated,2024522402079,2024,522402079,3,21,1,18,2,6,0,0,0,0,0,0,3,1,6,1,61,9,-1,-1,-1,-1,2,1,E01029098,0
Unvalidated,2024522402082,2024,522402082,1,3,0,18,2,6,0,0,0,0,0,0,1,1,6,2,23,5,-1,-1,-1,-1,8,1,E01014510,0
Unvalidated,2024522402082,2024,522402082,2,9,0,11,2,6,0,0,0,0,0,0,3,1,6,1,23,5,-1,-1,-1,-1,2,1,E01014659,0
Unvalidated,2024522402088,2024,522402088,1,9,0,18,7,3,0,8,0,0,0,0,1,1,6,2,32,6,-1,-1,-1,-1,2,1,E01014659,0
Unvalidated,2024522402088,2024,522402088,2,9,0,9,3,1,0,5,0,0,0,0,4,1,6,1,27,6,-1,-1,-1,-1,2,1,E01014575,0
Unvalidated,2024522402089,2024,522402089,1,19,0,18,2,6,0,4,5,0,7,1,1,1,6,1,30,6,-1,-1,-1,-1,6,1,E01014531,0
Unvalidated,2024522402092,2024,522402092,1,9,0,18,6,2,0,6,0,0,0,0,1,1,6,1,28,6,-1,-1,-1,-1,4,1,E01014645,0
Unvalidated,2024522402092,2024,522402092,2,1,0,18,4,8,0,8,0,0,0,0,1,1,6,1,33,6,-1,-1,-1,-1,1,1,E01014647,0
Unvalidated,2024522402094,2024,522402094,1,9,0,3,6,2,0,1,0,0,0,0,2,1,6,1,42,7,-1,-1,-1,-1,3,1,E01014682,0
Unvalidated,2024522402094,2024,522402094,2,9,0,18,6,2,0,1,0,0,0,0,1,1,6,3,-1,-1,-1,-1,-1,-1,-1,-1,-1,0
Unvalidated,2024522402095,2024,522402095,1,9,0,4,6,2,0,1,0,0,0,0,2,1,6,2,49,8,-1,-1,-1,-1,3,1,E01014695,0
Unvalidated,2024522402095,2024,522402095,2,9,0,18,6,2,0,1,0,0,0,0,1,1,6,3,-1,-1,-1,-1,-1,-1,-1,-1,-1,0
Unvalidated,2024522402096,2024,522402096,1,1,0,18,1,5,4,1,0,0,0,0,3,1,6,2,23,5,-1,-1,-1,-1,6,1,E01014508,0
Unvalidated,2024522402096,2024,522402096,2,11,0,11,1,5,0,1,0,0,0,0,4,1,1,3,-1,-1,-1,-1,-1,-1,-1,-1,-1,0
Unvalidated,2024522402097,2024,522402097,1,1,0,18,2,6,0,2,0,8,0,0,4,1,6,2,35,6,-1,-1,-1,-1,2,1,E01014692,0
Unvalidated,2024522402097,2024,522402097,2,9,0,2,0,0,0,2,0,0,0,0,9,1,6,3,-1,-1,-1,-1,-1,-1,-1,-1,-1,0
Unvalidated,2024522402099,2024,522402099,1,9,0,9,8,6,0,6,0,0,0,0,1,1,6,2,32,6,-1,-1,-1,-1,7,3,E01014962,0
Unvalidated,2024522402099,2024,522402099,2,1,0,9,8,6,0,6,0,0,0,0,2,1,6,1,40,7,-1,-1,-1,-1,8,1,E01033331,0
Unvalidated,2024522402101,2024,522402101,1,4,0,16,3,6,0,8,0,0,0,0,1,1,6,1,37,7,-1,-1,-1,-1,1,1,E01033367,0
Unvalidated,2024522402101,2024,522402101,2,9,0,17,6,3,0,8,0,0,0,0,1,1,6,2,-1,-1,-1,-1,-1,-1,3,1,E01002909,0
Unvalidated,2024522402102,2024,522402102,1,19,0,9,6,4,0,5,0,0,0,0,1,1,6,1,47,8,-1,-1,-1,-1,9,1,E01014908,0
Unvalidated,2024522402102,2024,522402102,2,9,0,4,1,6,0,8,0,0,0,0,2,1,6,2,54,8,-1,-1,-1,-1,5,1,E01014642,0
Unvalidated,2024522402102,2024,522402102,3,9,0,4,1,6,0,8,0,0,0,0,2,1,6,1,23,5,-1,-1,-1,-1,1,1,E01014688,0
Unvalidated,2024522402102,2024,522402102,4,9,0,10,4,1,0,1,0,0,0,0,2,1,6,1,35,6,-1,-1,-1,-1,3,1,E01032517,0
Unvalidated,2024522402103,2024,522402103,1,9,0,18,3,7,0,8,0,0,0,0,1,1,6,1,29,6,-1,-1,-1,-1,5,1,E01014530,0
Unvalidated,2024522402104,2024,522402104,1,9,0,7,4,6,0,8,0,0,0,0,4,1,6,2,58,9,-1,-1,-1,-1,8,3,E01014740,0
Unvalidated,2024522402104,2024,522402104,2,98,0,18,6,2,0,8,0,0,0,0,1,1,6,1,34,6,-1,-1,-1,-1,4,1,W01001415,0
Unvalidated,2024522402110,2024,522402110,1,9,0,5,4,2,0,6,0,0,0,0,1,1,6,2,21,5,-1,-1,-1,-1,6,1,E01014910,0
Unvalidated,2024522402110,2024,522402110,2,3,0,18,2,6,0,8,0,0,0,0,4,1,6,1,18,4,-1,-1,-1,-1,10,1,E01014615,0
Unvalidated,2024522402112,2024,522402112,1,5,0,5,1,5,0,8,0,0,0,0,1,1,6,1,44,7,-1,-1,-1,-1,10,1,E01014876,0
Unvalidated,2024522402112,2024,522402112,2,1,0,18,7,3,0,6,0,0,0,0,1,1,6,2,33,6,-1,-1,-1,-1,2,1,E01033353,0
Unvalidated,2024522402113,2024,522402113,1,1,0,18,1,5,0,8,1,0,0,0,3,1,2,1,34,6,-1,-1,-1,-1,9,1,E01014908,0
Unvalidated,2024522402113,2024,522402113,2,90,0,9,5,3,0,5,1,0,0,0,3,1,6,3,-1,-1,-1,-1,-1,-1,-1,-1,-1,1
Unvalidated,2024522402114,2024,522402114,1,90,0,7,3,6,9,8,0,0,0,0,1,1,6,3,-1,-1,-1,-1,-1,-1,-1,-1,-1,1
Unvalidated,2024522402115,2024,522402115,1,90,0,18,4,8,9,8,0,0,0,0,4,1,6,1,18,4,-1,-1,-1,-1,6,1,E01014614,1
Unvalidated,2024522402115,2024,522402115,2,9,0,9,5,4,9,6,0,0,0,0,1,1,6,3,-1,-1,-1,-1,-1,-1,-1,-1,-1,0
Unvalidated,2024522402116,2024,522402116,1,1,0,12,3,7,0,1,0,0,0,0,9,1,6,2,46,8,-1,-1,-1,-1,8,1,E01014544,0
Unvalidated,2024522402116,2024,522402116,2,9,0,13,3,7,0,1,0,0,0,0,0,1,6,1,-1,-1,-1,-1,-1,-1,-1,-1,-1,0
Unvalidated,2024522402117,2024,522402117,1,1,0,18,5,1,0,0,1,0,0,0,4,1,6,1,21,5,-1,-1,-1,-1,9,1,E01014547,0
Unvalidated,2024522402117,2024,522402117,2,9,0,12,5,1,0,0,0,0,0,0,3,1,6,3,-1,-1,-1,-1,-1,-1,-1,-1,-1,0
Unvalidated,2024522402118,2024,522402118,1,11,0,18,8,4,2,8,0,0,0,0,4,1,1,1,61,9,-1,-1,-1,-1,7,1,E01014770,0
Unvalidated,2024522402120,2024,522402120,1,9,0,18,6,2,0,8,0,0,0,0,2,1,6,1,25,5,-1,-1,-1,-1,3,1,E01014673,0
Unvalidated,2024522402120,2024,522402120,2,21,9,18,6,2,0,8,0,0,0,0,1,1,1,3,-1,-1,-1,-1,-1,-1,-1,-1,-1,0
Unvalidated,2024522402123,2024,522402123,1,1,0,17,7,4,0,8,0,0,0,0,4,1,6,2,23,5,-1,-1,-1,-1,1,1,E01014655,0
Unvalidated,2024522402123,2024,522402123,2,9,0,18,1,5,0,4,0,0,0,0,1,1,6,2,-1,-1,-1,-1,-1,-1,4,1,E01033364,0
Unvalidated,2024522402125,2024,522402125,1,1,0,14,1,5,0,1,0,0,0,0,3,1,6,1,56,9,-1,-1,-1,-1,7,1,W01001584,0
Unvalidated,2024522402125,2024,522402125,2,9,0,11,1,5,0,1,0,0,0,0,4,1,6,1,-1,-1,-1,-1,-1,-1,-1,-1,-1,0
Unvalidated,2024522402127,2024,522402127,1,9,0,2,0,0,0,0,0,0,0,0,2,1,6,1,42,7,-1,-1,-1,-1,9,1,E01014784,0
Unvalidated,2024522402127,2024,522402127,2,9,0,5,9,9,0,0,0,0,0,0,1,1,6,3,-1,-1,-1,-1,-1,-1,-1,-1,-1,0
Unvalidated,2024522402131,2024,522402131,1,9,0,7,2,4,0,8,0,0,0,0,1,1,6,1,83,11,-1,-1,-1,-1,6,1,E01014780,0
Unvalidated,2024522402131,2024,522402131,2,9,0,9,4,2,0,8,0,0,0,0,4,1,6,2,30,6,-1,-1,-1,-1,8,1,E01032672,0
Unvalidated,2024522402135,2024,522402135,1,8,0,3,2,6,0,1,0,0,0,0,2,1,6,1,38,7,-1,-1,-1,-1,10,1,E01014881,0
Unvalidated,2024522402135,2024,522402135,2,19,0,18,2,6,0,1,0,0,0,0,1,1,6,3,-1,-1,-1,-1,-1,-1,-1,-1,-1,0
Unvalidated,2024522402136,2024,522402136,1,9,0,18,5,1,0,0,1,10,1,2,3,1,6,2,59,9,-1,-1,-1,-1,6,1,E01014447,0
Unvalidated,2024522402139,2024,522402139,1,9,0,16,7,1,0,8,0,0,0,0,1,1,6,1,39,7,-1,-1,-1,-1,10,3,E01015014,0
Unvalidated,2024522402139,2024,522402139,2,9,0,17,1,7,0,8,0,0,0,0,1,1,6,1,26,6,-1,-1,-1,-1,8,1,E01014373,0
Unvalidated,2024522402140,2024,522402140,1,3,0,18,6,2,0,8,1,0,0,0,4,1,6,1,30,6,-1,-1,-1,-1,6,1,E01014707,0
Unvalidated,2024522402140,2024,522402140,2,9,0,18,8,5,0,4,0,0,0,0,3,1,6,3,-1,-1,-1,-1,-1,-1,-1,-1,-1,0
Unvalidated,2024522402141,2024,522402141,1,9,0,18,8,4,0,0,0,0,0,0,1,1,6,1,27,6,-1,-1,-1,-1,1,1,W01001609,0
Unvalidated,2024522402141,2024,522402141,2,9,0,18,8,4,0,0,0,0,0,0,1,1,6,2,45,7,-1,-1,-1,-1,-1,3,-1,0
Unvalidated,2024522402141,2024,522402141,3,9,0,18,8,4,0,0,0,0,0,0,2,1,6,2,21,5,-1,-1,-1,-1,8,3,E01022887,0
Unvalidated,2024522402142,2024,522402142,1,1,0,18,5,1,0,8,0,0,0,0,4,1,6,2,27,6,-1,-1,-1,-1,6,1,E01014631,0
Unvalidated,2024522402142,2024,522402142,2,9,0,18,7,3,0,6,0,0,0,0,1,1,6,3,-1,-1,-1,-1,-1,-1,-1,-1,-1,0
Unvalidated,2024522402143,2024,522402143,1,1,0,16,2,5,0,8,0,0,0,0,4,1,6,1,32,6,-1,-1,-1,-1,-1,-1,-1,0
Unvalidated,2024522402143,2024,522402143,2,9,0,7,3,5,0,6,0,0,0,0,1,1,6,3,-1,-1,-1,-1,-1,-1,-1,-1,-1,0
Unvalidated,2024522402145,2024,522402145,1,9,0,18,8,4,0,8,0,0,0,0,1,1,6,1,17,4,-1,-1,-1,-1,9,2,E01014849,0
Unvalidated,2024522402145,2024,522402145,2,1,0,18,2,6,0,8,0,0,0,0,3,1,6,1,15,3,-1,-1,-1,-1,10,1,E01014778,0
Unvalidated,2024522402149,2024,522402149,1,9,0,9,7,5,0,2,0,0,0,0,3,1,6,3,-1,-1,-1,-1,-1,-1,-1,-1,-1,0
Unvalidated,2024522402149,2024,522402149,2,1,0,5,7,3,0,1,0,0,0,0,4,1,6,1,7,2,-1,-1,-1,-1,4,1,E01014567,0
Unvalidated,2024522402150,2024,522402150,1,3,0,18,2,6,0,0,0,0,0,0,4,1,6,1,20,4,-1,-1,-1,-1,3,1,E01014835,0
Unvalidated,2024522402150,2024,522402150,2,19,0,9,2,6,0,0,0,0,0,0,3,1,6,1,-1,-1,-1,-1,-1,-1,9,1,E01014752,0
Unvalidated,2024522402154,2024,522402154,1,9,0,17,6,3,0,8,0,0,0,0,3,1,6,1,33,6,-1,-1,-1,-1,7,2,E01014394,0
Unvalidated,2024522402154,2024,522402154,2,9,0,9,3,1,0,8,0,0,0,0,3,1,6,3,-1,-1,-1,-1,-1,-1,-1,-1,-1,0
Unvalidated,2024522402155,2024,522402155,1,9,0,18,5,1,0,8,1,0,1,0,1,1,6,2,61,9,-1,-1,-1,-1,10,2,E01014885,0
Unvalidated,2024522402155,2024,522402155,2,9,0,9,5,1,0,5,0,0,0,0,2,1,6,1,55,8,-1,-1,-1,-1,8,3,E01014890,0
Unvalidated,2024522402165,2024,522402165,1,9,0,9,2,8,0,5,0,0,0,0,1,1,6,2,65,9,-1,-1,-1,-1,4,1,E01014904,0
Unvalidated,2024522402165,2024,522402165,2,2,0,18,6,2,2,8,0,0,0,0,1,1,6,1,16,4,-1,-1,-1,-1,-1,1,-1,0
Unvalidated,2024522402167,2024,522402167,1,9,0,9,1,6,0,5,0,0,0,0,1,1,6,1,22,5,-1,-1,-1,-1,2,1,E01014626,0
Unvalidated,2024522402167,2024,522402167,2,1,0,18,5,1,0,8,0,0,0,0,3,1,6,1,18,4,-1,-1,-1,-1,-1,-1,-1,0
Unvalidated,2024522402171,2024,522402171,1,20,0,4,4,8,0,0,0,0,0,0,2,1,6,1,62,9,-1,-1,-1,-1,3,1,E01014976,0
Unvalidated,2024522402171,2024,522402171,2,9,0,4,4,8,0,0,0,0,0,0,1,1,6,1,77,11,-1,-1,-1,-1,9,2,E01015548,0
Unvalidated,2024522402171,2024,522402171,3,20,0,18,4,8,0,0,0,0,0,0,1,1,6,1,28,6,-1,-1,-1,-1,8,1,E01029035,0
Unvalidated,2024522402171,2024,522402171,4,19,0,4,4,8,0,0,0,0,0,0,1,1,6,1,44,7,-1,-1,-1,-1,9,1,E01015485,0
Unvalidated,2024522402171,2024,522402171,5,9,0,4,4,8,0,0,0,0,0,0,1,1,6,1,45,7,-1,-1,-1,-1,7,3,E01031961,0
Unvalidated,2024522402173,2024,522402173,1,9,0,18,3,7,0,1,0,7,0,0,1,1,6,1,39,7,-1,-1,-1,-1,2,1,E01014977,0
Unvalidated,2024522402173,2024,522402173,2,9,0,4,3,7,0,1,0,0,0,0,0,1,1,1,-1,-1,-1,-1,-1,-1,4,2,E01029090,0
Unvalidated,2024522402173,2024,522402173,3,9,0,2,0,0,0,2,0,0,0,0,4,1,6,3,-1,-1,-1,-1,-1,-1,-1,-1,-1,0
Unvalidated,2024522402175,2024,522402175,1,9,0,11,5,1,0,0,0,0,0,0,4,1,6,2,39,7,-1,-1,-1,-1,3,1,E01014650,0
Unvalidated,2024522402175,2024,522402175,2,3,0,18,5,1,0,0,0,0,0,0,3,1,6,1,1,1,-1,-1,-1,-1,3,1,E01014572,0
Unvalidated,2024522402178,2024,522402178,1,9,0,18,6,1,0,8,0,0,0,0,1,1,6,1,34,6,-1,-1,-1,-1,7,1,E01014916,0
Unvalidated,2024522402178,2024,522402178,2,4,0,18,8,5,0,6,0,0,0,0,1,1,6,1,17,4,-1,-1,-1,-1,1,1,E01014653,0
Unvalidated,2024522402190,2024,522402190,1,97,0,14,5,1,0,0,1,0,0,0,1,1,6,2,-1,-1,-1,-1,-1,-1,-1,-1,-1,0
Unvalidated,2024522402191,2024,522402191,1,9,0,2,0,0,0,0,0,0,0,0,3,1,6,3,-1,-1,-1,-1,-1,-1,-1,-1,-1,0
Unvalidated,2024522402191,2024,522402191,2,9,0,18,2,6,0,0,0,4,0,0,1,1,6,3,-1,-1,-1,-1,-1,-1,-1,-1,-1,0
Unvalidated,2024522402193,2024,522402193,1,1,0,18,6,2,0,0,0,8,0,0,4,1,6,1,38,7,-1,-1,-1,-1,6,1,E01014487,0
Unvalidated,2024522402193,2024,522402193,2,9,0,2,0,0,0,0,0,0,0,0,3,1,6,3,-1,-1,-1,-1,-1,-1,-1,-1,-1,0
Unvalidated,2024522402194,2024,522402194,1,2,0,18,2,6,0,1,0,0,0,0,1,1,6,3,-1,-1,-1,-1,-1,-1,-1,-1,-1,0
Unvalidated,2024522402196,2024,522402196,1,9,0,2,0,0,0,0,0,0,0,0,3,1,6,2,25,5,-1,-1,-1,-1,-1,1,-1,0
Unvalidated,2024522402196,2024,522402196,2,21,0,18,7,3,0,0,0,0,0,0,1,1,6,3,-1,-1,-1,-1,-1,-1,-1,-1,-1,0
Unvalidated,2024522402197,2024,522402197,1,5,0,18,3,7,0,8,0,0,0,0,4,1,6,1,34,6,-1,-1,-1,-1,6,1,E01014910,0
Unvalidated,2024522402197,2024,522402197,2,9,0,7,5,7,0,8,0,0,0,0,1,1,6,3,-1,-1,-1,-1,-1,-1,-1,-1,-1,0
Unvalidated,2024522402198,2024,522402198,1,9,0,8,8,2,0,1,0,0,0,0,4,1,6,1,34,6,-1,-1,-1,-1,5,1,E01014720,0
Unvalidated,2024522402198,2024,522402198,2,1,0,18,2,6,0,1,0,0,0,0,1,1,6,1,21,5,-1,-1,-1,-1,1,1,E01014688,0
Unvalidated,2024522402204,2024,522402204,1,1,0,18,5,1,0,1,0,0,0,0,4,1,6,2,24,5,-1,-1,-1,-1,3,1,E01033355,0
Unvalidated,2024522402204,2024,522402204,2,9,0,5,3,5,0,1,0,0,0,0,1,1,6,1,-1,-1,-1,-1,-1,-1,-1,-1,-1,0
Unvalidated,2024522402209,2024,522402209,1,3,0,18,1,5,0,8,0,0,0,0,1,1,6,1,20,4,-1,-1,-1,-1,-1,-1,-1,0
Unvalidated,2024522402209,2024,522402209,2,9,0,9,3,1,0,8,0,0,0,0,3,1,6,1,35,6,-1,-1,-1,-1,7,1,E01014826,0
Unvalidated,2024522402209,2024,522402209,3,9,0,18,5,1,0,8,0,0,0,0,1,1,6,1,23,5,-1,-1,-1,-1,8,1,E01014805,0
Unvalidated,2024522402213,2024,522402213,1,1,0,18,1,5,4,1,0,0,0,0,9,1,6,1,53,8,-1,-1,-1,-1,7,1,E01014514,0
Unvalidated,2024522402213,2024,522402213,2,9,0,18,1,5,0,1,0,0,0,0,9,1,6,3,-1,-1,-1,-1,-1,-1,-1,-1,-1,0
Unvalidated,2024522402214,2024,522402214,1,3,0,18,5,1,0,0,0,0,0,0,1,1,6,1,26,6,-1,-1,-1,-1,-1,-1,-1,0
Unvalidated,2024522402214,2024,522402214,2,9,0,12,5,1,0,0,0,0,0,0,2,1,6,2,-1,-1,-1,-1,-1,-1,-1,-1,-1,0
Unvalidated,2024522402217,2024,522402217,1,4,0,3,3,7,0,2,0,0,0,0,2,1,6,1,22,5,-1,-1,-1,-1,3,1,E01014622,0
Unvalidated,2024522402217,2024,522402217,2,9,0,18,3,7,0,2,0,0,0,0,1,1,6,2,37,7,-1,-1,-1,-1,2,1,E01014575,0
Unvalidated,2024522402219,2024,522402219,1,5,0,18,8,4,0,8,0,0,0,0,1,1,6,1,37,7,-1,-1,-1,-1,-1,1,-1,0
Unvalidated,2024522402219,2024,522402219,2,19,0,18,2,6,0,6,0,0,0,0,0,1,6,1,20,4,-1,-1,-1,-1,9,3,E01014849,0
Unvalidated,2024522402229,2024,522402229,1,1,0,18,2,6,0,2,0,0,0,0,1,1,6,1,49,8,-1,-1,-1,-1,8,1,E01033331,0
Unvalidated,2024522402229,2024,522402229,2,8,0,4,2,6,0,2,0,0,0,0,2,1,6,3,-1,-1,-1,-1,-1,-1,-1,-1,-1,0
Unvalidated,2024522402235,2024,522402235,1,9,0,13,5,1,0,0,0,0,0,0,2,1,6,1,51,8,-1,-1,-1,-1,7,3,E01029149,0
Unvalidated,2024522402235,2024,522402235,2,9,0,99,5,1,0,0,0,0,0,0,1,1,6,2,34,6,-1,-1,-1,-1,-1,-1,-1,0
Unvalidated,2024522402236,2024,522402236,1,90,0,18,3,7,0,0,1,0,0,0,2,1,6,1,30,6,-1,-1,-1,-1,3,1,E01014502,1
Unvalidated,2024522402236,2024,522402236,2,9,0,18,3,7,0,0,0,0,0,0,1,1,6,3,-1,-1,-1,-1,-1,-1,-1,-1,-1,0
Unvalidated,2024522402243,2024,522402243,1,3,0,18,1,5,0,0,0,0,0,0,1,1,6,1,37,7,-1,-1,-1,-1,1,1,E01014597,0
Unvalidated,2024522402247,2024,522402247,1,4,0,7,3,1,0,8,0,0,0,0,3,1,6,1,30,6,-1,-1,-1,-1,10,1,E01023595,0
Unvalidated,2024522402247,2024,522402247,2,9,0,5,7,1,0,4,0,0,0,0,1,1,6,1,-1,-1,-1,-1,-1,-1,-1,-1,-1,0
Unvalidated,2024522402251,2024,522402251,1,1,0,18,4,8,0,8,0,0,0,0,1,1,6,2,24,5,-1,-1,-1,-1,6,1,E01014563,0
Unvalidated,2024522402251,2024,522402251,2,9,0,7,6,8,0,6,0,0,0,0,3,1,6,3,-1,-1,-1,-1,-1,-1,-1,-1,-1,0
Unvalidated,2024522402252,2024,522402252,1,1,0,18,4,8,0,8,0,0,0,0,1,1,6,2,40,7,-1,-1,-1,-1,7,1,E01006685,0
Unvalidated,2024522402252,2024,522402252,2,9,0,7,6,8,0,6,0,0,0,0,3,1,6,3,-1,-1,-1,-1,-1,-1,-1,-1,-1,0
Unvalidated,2024522402253,2024,522402253,1,9,0,18,2,8,0,6,0,0,0,0,1,1,6,2,47,8,-1,-1,-1,-1,8,1,E01032668,0
Unvalidated,2024522402253,2024,522402253,2,1,0,18,9,9,0,1,0,0,0,0,1,1,6,3,-1,-1,-1,-1,-1,-1,-1,-1,-1,0
Unvalidated,2024522402255,2024,522402255,1,3,0,18,4,8,0,8,0,0,0,0,9,1,6,2,19,4,-1,-1,-1,-1,8,1,E01014669,0
Unvalidated,2024522402255,2024,522402255,2,9,0,12,4,8,0,8,0,0,0,0,0,1,6,3,-1,-1,-1,-1,-1,-1,-1,-1,-1,0
Unvalidated,2024522402256,2024,522402256,1,3,0,18,5,1,0,0,0,0,0,0,1,1,6,1,33,6,-1,-1,-1,-1,10,1,E01014883,0
Unvalidated,2024522402256,2024,522402256,2,19,0,1,1,5,0,0,0,0,0,0,2,1,6,1,43,7,-1,-1,-1,-1,8,1,E01014755,0
Unvalidated,2024522402257,2024,522402257,1,9,0,18,6,2,0,0,0,0,0,0,1,1,6,1,37,7,-1,-1,-1,-1,4,1,E01014704,0
Unvalidated,2024522402257,2024,522402257,2,90,0,12,2,6,0,0,0,0,0,0,1,1,6,1,-1,-1,-1,-1,-1,-1,-1,-1,-1,1
Unvalidated,2024522402258,2024,522402258,1,1,0,3,8,4,0,1,0,0,0,0,2,1,6,1,38,7,-1,-1,-1,-1,9,1,E01014956,0
Unvalidated,2024522402258,2024,522402258,2,19,0,4,8,4,0,1,0,0,0,0,1,1,6,3,-1,-1,-1,-1,-1,-1,-1,-1,-1,0
Unvalidated,2024522402259,2024,522402259,1,9,0,3,8,4,0,0,0,0,0,0,2,1,6,1,44,7,-1,-1,-1,-1,2,1,E01033352,0
Unvalidated,2024522402259,2024,522402259,2,19,0,18,8,4,0,0,0,0,0,0,1,1,6,3,-1,-1,-1,-1,-1,-1,-1,-1,-1,0
Unvalidated,2024522402261,2024,522402261,1,9,0,18,2,6,0,3,0,0,0,0,1,1,6,3,-1,-1,-1,-1,-1,-1,-1,-1,-1,0
Unvalidated,2024522402268,2024,522402268,1,1,0,99,9,9,0,8,0,0,0,0,9,1,6,2,33,6,-1,-1,-1,-1,4,1,E01033364,0
Unvalidated,2024522402268,2024,522402268,2,9,0,99,9,9,0,8,0,0,0,0,9,1,6,2,-1,-1,-1,-1,-1,-1,-1,-1,-1,0
Unvalidated,2024522402270,2024,522402270,1,97,0,18,9,9,0,8,0,0,0,0,1,1,1,3,-1,-1,-1,-1,-1,-1,-1,-1,-1,0
Unvalidated,2024522402271,2024,522402271,1,9,0,12,3,7,0,0,0,0,0,0,3,1,6,2,25,5,-1,-1,-1,-1,3,1,E01014682,0
Unvalidated,2024522402271,2024,522402271,2,9,0,18,3,7,0,0,0,0,0,0,1,1,6,1,32,6,-1,-1,-1,-1,10,1,E01014933,0
Unvalidated,2024522402283,2024,522402283,1,4,0,18,1,5,0,0,0,0,0,0,1,1,6,1,53,8,-1,-1,-1,-1,2,1,E01014578,0
Unvalidated,2024522402283,2024,522402283,2,9,0,6,1,1,0,0,0,0,0,0,3,1,6,1,-1,-1,-1,-1,-1,-1,10,1,E01014966,0
Unvalidated,2024522402292,2024,522402292,1,9,0,4,8,3,0,1,0,0,0,0,2,1,6,2,46,8,-1,-1,-1,-1,7,1,E01014770,0
Unvalidated,2024522402292,2024,522402292,2,9,0,18,9,9,0,1,0,0,0,0,1,1,6,2,79,11,-1,-1,-1,-1,6,3,E01014769,0
Unvalidated,2024522402293,2024,522402293,1,90,0,10,3,1,0,8,0,0,0,0,3,1,6,1,27,6,-1,-1,-1,-1,1,1,E01014654,1