status,collision_index,collision_year,collision_reference,vehicle_reference,vehicle_type,towing_and_articulation,vehicle_manoeuvre,vehicle_direction_from,vehicle_direction_to,vehicle_location_restricted_lane,junction_location,skidding_and_overturning,hit_object_in_carriageway,vehicle_leaving_carriageway,hit_object_off_carriageway,first_point_of_impact,vehicle_left_hand_drive,journey_purpose_of_driver,sex_of_driver,age_of_driver,age_band_of_driver,engine_capacity_cc,propulsion_code,age_of_vehicle,generic_make_model,driver_imd_decile,driver_home_area_type,lsoa_of_driver,escooter_flag
Unvalidated,2024522402293,2024,522402293,2,9,0,9,1,7,0,6,0,0,0,0,1,1,6,1,54,8,-1,-1,-1,-1,3,1,E01014579,0
Unvalidated,2024522402294,2024,522402294,1,19,0,18,5,1,0,0,0,0,0,0,2,1,6,1,34,6,-1,-1,-1,-1,1,1,E01026152,0
Unvalidated,2024522402294,2024,522402294,2,98,0,18,5,1,0,0,0,0,0,0,1,1,6,3,-1,-1,-1,-1,-1,-1,-1,-1,-1,0
Unvalidated,2024522402295,2024,522402295,1,9,0,18,7,3,0,0,0,0,0,0,3,1,6,1,35,6,-1,-1,-1,-1,3,1,E01014673,0
Unvalidated,2024522402295,2024,522402295,2,19,0,2,0,0,0,0,0,0,0,0,3,1,6,3,-1,-1,-1,-1,-1,-1,-1,-1,-1,0
Unvalidated,2024522402295,2024,522402295,3,9,0,2,0,0,0,0,0,0,0,0,2,1,6,3,-1,-1,-1,-1,-1,-1,-1,-1,-1,0
Unvalidated,2024522402295,2024,522402295,4,9,0,2,0,0,0,0,0,0,0,0,3,1,6,3,-1,-1,-1,-1,-1,-1,-1,-1,-1,0
Unvalidated,2024522402295,2024,522402295,5,9,0,2,0,0,0,0,0,0,0,0,3,1,6,3,-1,-1,-1,-1,-1,-1,-1,-1,-1,0
Unvalidated,2024522402295,2024,522402295,6,90,0,2,0,0,0,0,0,0,0,0,3,1,6,1,43,7,-1,-1,-1,-1,1,1,E01033366,0
Unvalidated,2024522402295,2024,522402295,7,10,0,2,0,0,0,0,0,0,0,0,3,1,6,3,-1,-1,-1,-1,-1,-1,-1,-1,-1,0
Unvalidated,2024522402295,2024,522402295,8,9,0,2,0,0,0,0,0,0,0,0,3,1,6,3,-1,-1,-1,-1,-1,-1,-1,-1,-1,0
Unvalidated,2024522402298,2024,522402298,1,9,9,17,9,9,0,0,0,0,0,0,9,1,6,3,-1,-1,-1,-1,-1,-1,-1,-1,-1,0
Unvalidated,2024522402301,2024,522402301,1,3,0,18,5,1,0,8,0,0,0,0,9,1,6,1,56,9,-1,-1,-1,-1,6,3,E01014989,0
Unvalidated,2024522402301,2024,522402301,2,9,0,99,9,9,0,8,0,0,0,0,9,1,6,3,-1,-1,-1,-1,-1,-1,-1,-1,-1,0
Unvalidated,2024522402305,2024,522402305,1,9,0,3,4,8,0,1,0,0,0,0,2,1,6,2,37,7,-1,-1,-1,-1,7,2,E01015524,0
Unvalidated,2024522402305,2024,522402305,2,9,0,18,4,8,0,1,0,0,0,0,1,1,6,2,20,4,-1,-1,-1,-1,10,1,E01015563,0
Unvalidated,2024522402306,2024,522402306,1,9,0,4,4,7,0,8,0,0,0,0,3,1,6,2,45,7,-1,-1,-1,-1,10,3,E01014850,0
Unvalidated,2024522402306,2024,522402306,2,9,0,5,4,7,0,4,0,0,0,0,1,1,6,2,56,9,-1,-1,-1,-1,7,1,E01014599,0
Unvalidated,2024522402309,2024,522402309,1,9,0,2,0,0,0,0,0,0,0,0,3,1,6,2,38,7,-1,-1,-1,-1,3,1,E01014492,0
Unvalidated,2024522402309,2024,522402309,2,9,0,18,2,6,0,0,0,8,0,0,1,1,6,3,-1,-1,-1,-1,-1,-1,-1,-1,-1,0
Unvalidated,2024522402311,2024,522402311,1,5,0,18,2,6,0,1,0,0,1,11,1,1,6,1,45,7,-1,-1,-1,-1,10,1,E01014940,0
Unvalidated,2024522402311,2024,522402311,2,9,0,18,6,2,0,2,0,0,0,0,3,1,6,2,66,10,-1,-1,-1,-1,7,1,E01014972,0
Unvalidated,2024522402315,2024,522402315,1,5,0,18,4,8,0,8,0,0,0,0,3,1,6,1,57,9,-1,-1,-1,-1,4,1,E01014924,0
Unvalidated,2024522402315,2024,522402315,2,9,0,9,2,8,0,6,0,0,0,0,1,1,6,2,-1,-1,-1,-1,-1,-1,4,1,E01014627,0
Unvalidated,2024522402318,2024,522402318,1,1,0,18,3,7,0,0,0,0,0,0,4,1,6,2,49,8,-1,-1,-1,-1,5,1,E01014678,0
Unvalidated,2024522402318,2024,522402318,2,1,0,12,3,7,0,0,0,0,0,0,1,1,6,3,-1,-1,-1,-1,-1,-1,-1,-1,-1,0
Unvalidated,2024522402319,2024,522402319,1,9,0,17,7,3,0,0,0,0,0,0,3,1,6,1,26,6,-1,-1,-1,-1,7,3,E01029060,0
Unvalidated,2024522402319,2024,522402319,2,9,0,16,3,7,0,0,0,0,0,0,3,1,6,3,-1,-1,-1,-1,-1,-1,-1,-1,-1,0
Unvalidated,2024522402320,2024,522402320,1,1,0,18,3,7,0,2,0,8,0,0,1,1,6,2,44,7,-1,-1,-1,-1,3,1,E01014569,0
Unvalidated,2024522402320,2024,522402320,2,9,0,2,0,0,0,1,0,0,0,0,0,1,6,3,-1,-1,-1,-1,-1,-1,-1,-1,-1,0
Unvalidated,2024522402323,2024,522402323,1,3,0,15,4,8,2,0,0,0,0,0,1,1,6,3,-1,-1,-1,-1,-1,-1,-1,-1,-1,0
Unvalidated,2024522402325,2024,522402325,1,19,0,18,9,9,0,0,0,0,0,0,9,1,6,3,-1,-1,-1,-1,-1,-1,-1,-1,-1,0
Unvalidated,2024522402329,2024,522402329,1,9,0,1,9,9,0,8,0,0,0,0,2,1,6,3,-1,-1,-1,-1,-1,-1,-1,-1,-1,0
Unvalidated,2024522402330,2024,522402330,1,1,0,3,9,9,0,1,0,0,0,0,2,1,6,2,31,6,-1,-1,-1,-1,9,1,E01014710,0
Unvalidated,2024522402330,2024,522402330,2,9,0,5,9,9,0,1,0,0,0,0,1,1,6,3,-1,-1,-1,-1,-1,-1,-1,-1,-1,0
Unvalidated,2024522402331,2024,522402331,1,5,0,5,5,1,0,4,0,0,0,0,3,1,6,1,27,6,-1,-1,-1,-1,7,2,E01022416,0
Unvalidated,2024522402331,2024,522402331,2,9,0,5,5,1,0,4,0,0,0,0,4,1,6,3,-1,-1,-1,-1,-1,-1,-1,-1,-1,0
Unvalidated,2024522402333,2024,522402333,1,1,0,18,9,9,0,0,0,0,0,0,9,1,6,2,32,6,-1,-1,-1,-1,5,1,E01014927,0
Unvalidated,2024522402336,2024,522402336,1,9,0,3,4,8,0,1,0,0,0,0,2,1,6,2,45,7,-1,-1,-1,-1,2,1,E01014643,0
Unvalidated,2024522402336,2024,522402336,2,19,0,18,4,8,0,1,0,0,0,0,1,1,6,3,-1,-1,-1,-1,-1,-1,-1,-1,-1,0
Unvalidated,2024522402337,2024,522402337,1,1,0,12,1,5,4,2,0,0,0,0,1,1,6,1,28,6,-1,-1,-1,-1,8,1,E01014669,0
Unvalidated,2024522402337,2024,522402337,2,9,0,6,1,1,0,2,0,0,0,0,3,1,6,3,-1,-1,-1,-1,-1,-1,-1,-1,-1,0
Unvalidated,2024522402338,2024,522402338,1,3,0,18,1,5,2,2,0,0,0,0,1,1,6,3,-1,-1,-1,-1,-1,-1,-1,-1,-1,0
Unvalidated,2024522402341,2024,522402341,1,9,0,18,3,7,0,2,0,0,0,0,1,1,6,3,-1,-1,-1,-1,-1,-1,-1,-1,-1,0
Unvalidated,2024522402344,2024,522402344,1,9,0,18,6,2,0,1,0,0,0,0,1,1,6,1,32,6,-1,-1,-1,-1,1,1,E01014654,0
Unvalidated,2024522402344,2024,522402344,2,9,0,3,6,2,0,1,0,0,0,0,2,1,6,2,29,6,-1,-1,-1,-1,10,1,E01014866,0
Unvalidated,2024522402347,2024,522402347,1,9,0,17,4,2,9,0,0,0,1,7,1,1,6,2,68,10,-1,-1,-1,-1,4,1,E01014485,0
Unvalidated,2024522402351,2024,522402351,1,1,0,18,5,1,0,0,0,0,0,0,2,1,6,1,30,6,-1,-1,-1,-1,2,1,E01033361,0
Unvalidated,2024522402351,2024,522402351,2,1,0,18,5,1,0,0,0,0,0,0,1,1,6,3,-1,-1,-1,-1,-1,-1,-1,-1,-1,0
Unvalidated,2024522402366,2024,522402366,1,9,0,3,8,4,0,0,0,0,0,0,2,1,6,2,38,7,-1,-1,-1,-1,2,1,E01009890,0
Unvalidated,2024522402366,2024,522402366,2,9,0,18,8,4,0,0,0,0,0,0,1,1,6,3,-1,-1,-1,-1,-1,-1,-1,-1,-1,0
Unvalidated,2024522402368,2024,522402368,1,9,0,11,4,8,0,1,0,0,0,0,1,1,6,1,39,7,-1,-1,-1,-1,6,3,E01029125,0
Unvalidated,2024522402368,2024,522402368,2,19,0,1,8,4,0,1,0,0,0,0,2,1,6,3,-1,-1,-1,-1,-1,-1,-1,-1,-1,0
Unvalidated,2024522402384,2024,522402384,1,9,0,3,1,5,0,1,0,0,0,0,2,1,6,2,19,4,-1,-1,-1,-1,3,1,E01014609,0
Unvalidated,2024522402384,2024,522402384,2,9,0,18,1,5,0,1,0,0,0,0,1,1,6,3,-1,-1,-1,-1,-1,-1,-1,-1,-1,0
Unvalidated,2024522402390,2024,522402390,1,1,0,18,1,5,0,8,0,0,0,0,1,1,6,1,38,7,-1,-1,-1,-1,7,1,E01014949,0
Unvalidated,2024522402390,2024,522402390,2,19,0,9,5,2,0,5,0,0,0,0,1,1,6,3,-1,-1,-1,-1,-1,-1,-1,-1,-1,0
Unvalidated,2024522402391,2024,522402391,1,90,0,18,1,5,0,8,0,0,0,0,1,1,6,2,21,5,-1,-1,-1,-1,7,1,E01014538,1
Unvalidated,2024522402391,2024,522402391,2,97,0,7,3,5,0,6,0,0,0,0,1,1,6,3,-1,-1,-1,-1,-1,-1,-1,-1,-1,0
Unvalidated,2024522402393,2024,522402393,1,1,0,18,2,6,0,8,0,0,0,0,3,1,6,1,37,7,-1,-1,-1,-1,1,1,E01014497,0
Unvalidated,2024522402393,2024,522402393,2,19,0,7,2,4,0,5,0,0,0,0,4,1,6,3,-1,-1,-1,-1,-1,-1,-1,-1,-1,0
Unvalidated,2024522402395,2024,522402395,1,9,0,18,9,9,0,0,0,0,0,0,4,1,6,3,-1,-1,-1,-1,-1,-1,-1,-1,-1,0
Unvalidated,2024522402397,2024,522402397,1,1,0,18,5,8,0,2,0,0,0,0,4,1,6,2,16,4,-1,-1,-1,-1,8,3,E01014765,0
Unvalidated,2024522402397,2024,522402397,2,9,9,99,9,9,0,1,0,0,0,0,9,1,6,3,-1,-1,-1,-1,-1,-1,-1,-1,-1,0
Unvalidated,2024522402399,2024,522402399,1,1,0,18,9,9,0,8,0,0,0,0,9,1,6,1,22,5,-1,-1,-1,-1,3,1,E01014690,0
Unvalidated,2024522402399,2024,522402399,2,98,0,18,9,9,0,8,0,0,0,0,9,1,6,3,-1,-1,-1,-1,-1,-1,-1,-1,-1,0
Unvalidated,2024522402400,2024,522402400,1,8,0,18,2,6,0,8,0,0,0,0,4,1,6,2,23,5,-1,-1,-1,-1,1,1,E01033367,0
Unvalidated,2024522402400,2024,522402400,2,98,9,12,2,6,0,7,0,0,0,0,3,9,6,3,-1,-1,-1,-1,-1,-1,-1,-1,-1,0
Unvalidated,2024522402421,2024,522402421,1,9,0,9,7,4,0,5,0,0,0,0,1,1,6,1,27,6,-1,-1,-1,-1,3,1,E01014572,0
Unvalidated,2024522402421,2024,522402421,2,1,0,13,7,2,4,8,0,0,0,0,1,1,6,1,50,8,-1,-1,-1,-1,1,1,E01014584,0
Unvalidated,2024522402427,2024,522402427,1,1,0,18,9,9,0,1,0,0,0,0,9,1,6,2,17,4,-1,-1,-1,-1,2,1,E01014685,0
Unvalidated,2024522402427,2024,522402427,2,9,0,99,9,9,0,1,0,0,0,0,9,1,6,3,-1,-1,-1,-1,-1,-1,-1,-1,-1,0
Unvalidated,2024522402429,2024,522402429,1,9,0,18,6,2,0,4,0,0,0,0,1,1,6,2,38,7,-1,-1,-1,-1,1,1,E01014605,0
Unvalidated,2024522402429,2024,522402429,2,1,0,18,4,1,0,8,0,0,0,0,4,1,6,1,50,8,-1,-1,-1,-1,6,1,E01014648,0
Unvalidated,2024522402463,2024,522402463,1,90,0,12,6,2,0,5,0,4,0,0,1,1,6,1,14,3,-1,-1,-1,-1,4,1,E01014488,1
Unvalidated,2024522402463,2024,522402463,2,9,0,2,0,0,0,2,0,0,0,0,3,1,6,3,-1,-1,-1,-1,-1,-1,-1,-1,-1,0
Unvalidated,2024522402474,2024,522402474,1,9,0,7,3,5,0,5,0,0,0,0,1,1,6,1,18,4,-1,-1,-1,-1,10,1,E01014513,0
Unvalidated,2024522402580,2024,522402580,1,9,0,18,8,4,0,2,0,0,0,0,1,1,6,1,41,7,-1,-1,-1,-1,5,1,E01029287,0
Unvalidated,2024522402580,2024,522402580,2,1,0,18,6,2,0,2,0,0,0,0,4,1,4,1,13,3,-1,-1,-1,-1,-1,1,-1,0
Unvalidated,2024522402593,2024,522402593,1,9,0,3,1,5,0,1,0,0,0,0,2,1,6,1,59,9,-1,-1,-1,-1,8,1,E01014803,0
Unvalidated,2024522402593,2024,522402593,2,9,0,3,1,5,0,1,0,0,0,0,2,1,6,1,77,11,-1,-1,-1,-1,2,1,E01014834,0
Unvalidated,2024522402593,2024,522402593,3,19,0,18,1,5,0,1,0,0,0,0,1,1,6,3,-1,-1,-1,-1,-1,-1,-1,-1,-1,0
Unvalidated,2024522402599,2024,522402599,1,9,0,17,5,3,0,0,5,0,0,0,0,1,6,1,41,7,-1,-1,-1,-1,5,1,E01014886,0
Unvalidated,2024522402643,2024,522402643,1,1,0,15,1,5,0,8,0,0,0,0,3,1,6,1,26,6,-1,-1,-1,-1,7,1,E01014949,0
Unvalidated,2024522402643,2024,522402643,2,21,1,18,1,5,0,8,0,0,0,0,4,1,6,3,-1,-1,-1,-1,-1,-1,-1,-1,-1,0
Unvalidated,2024522402670,2024,522402670,1,9,0,18,7,3,0,0,2,0,1,4,1,1,6,1,29,6,-1,-1,-1,-1,8,1,E01014705,0
Unvalidated,2024522402696,2024,522402696,1,19,0,9,7,5,0,5,0,0,0,0,3,1,6,1,59,9,-1,-1,-1,-1,7,1,E01014974,0
Unvalidated,2024522402702,2024,522402702,1,9,0,4,6,2,0,6,0,0,0,0,2,1,6,2,45,7,-1,-1,-1,-1,5,1,E01014548,0
Unvalidated,2024522402702,2024,522402702,2,9,0,18,6,2,0,5,0,0,0,0,1,1,6,3,-1,-1,-1,-1,-1,-1,-1,-1,-1,0
Unvalidated,2024522402727,2024,522402727,1,9,0,18,8,2,0,0,0,0,0,0,1,1,6,2,56,9,-1,-1,-1,-1,9,1,E01014758,0
Unvalidated,2024522402727,2024,522402727,2,9,0,17,2,8,0,0,1,0,0,0,2,1,6,2,18,4,-1,-1,-1,-1,8,1,E01014797,0
Unvalidated,2024522402740,2024,522402740,1,5,0,18,4,8,0,8,0,0,0,0,1,1,6,1,68,10,-1,-1,-1,-1,6,3,E01014989,0
Unvalidated,2024522402740,2024,522402740,2,9,0,7,5,8,0,6,0,0,0,0,1,1,6,1,51,8,-1,-1,-1,-1,6,1,E01022335,0
Unvalidated,2024522402761,2024,522402761,1,9,0,18,8,4,0,1,0,0,0,0,1,1,6,3,-1,-1,-1,-1,-1,-1,-1,-1,-1,0
Unvalidated,2024522402764,2024,522402764,1,9,0,2,0,0,0,0,0,0,0,0,1,1,6,1,25,5,-1,-1,-1,-1,10,1,E01014397,0
Unvalidated,2024522402764,2024,522402764,2,9,0,18,4,8,0,0,0,4,0,0,1,1,6,1,30,6,-1,-1,-1,-1,10,1,E01033336,0
Unvalidated,2024522402766,2024,522402766,1,9,0,3,2,6,0,1,0,0,0,0,2,1,6,1,50,8,-1,-1,-1,-1,2,1,W01001526,0
Unvalidated,2024522402766,2024,522402766,2,9,0,18,2,6,0,1,0,0,0,0,1,1,6,3,-1,-1,-1,-1,-1,-1,-1,-1,-1,0
Unvalidated,2024522402771,2024,522402771,1,9,0,4,5,1,0,1,0,0,0,0,0,1,6,1,30,6,-1,-1,-1,-1,7,1,E01022373,0
Unvalidated,2024522402771,2024,522402771,2,9,0,18,5,1,0,2,0,0,0,0,1,1,6,3,-1,-1,-1,-1,-1,-1,-1,-1,-1,0
Unvalidated,2024522402865,2024,522402865,1,19,0,9,8,5,0,3,0,0,0,0,1,1,6,1,56,9,-1,-1,-1,-1,9,1,E01014888,0
Unvalidated,2024522499999,2024,522499999,1,1,0,18,1,5,0,8,0,0,0,0,4,1,6,1,30,6,-1,-1,-1,-1,4,1,E01014485,0
Unvalidated,2024522499999,2024,522499999,2,3,0,18,2,6,0,4,0,0,0,0,1,1,6,3,-1,-1,-1,-1,-1,-1,-1,-1,-1,0
Unvalidated,2024531393650,2024,531393650,1,9,0,18,5,3,0,0,0,0,0,0,1,1,6,3,-1,-1,-1,-1,-1,-1,-1,-1,-1,0
Unvalidated,2024531393650,2024,531393650,2,1,0,18,5,3,0,0,0,0,0,0,2,1,2,1,54,8,-1,-1,-1,-1,2,1,E01022458,0
Unvalidated,2024531393655,2024,531393655,1,1,0,7,6,2,0,0,1,0,0,0,3,1,5,1,80,11,-1,-1,-1,-1,6,2,E01022262,0
Unvalidated,2024531393655,2024,531393655,2,9,0,17,2,6,0,0,0,0,0,0,3,1,5,2,45,7,-1,-1,-1,-1,6,3,E01022235,0
Unvalidated,2024531393710,2024,531393710,1,9,0,18,6,2,0,8,0,0,0,0,1,1,5,2,53,8,-1,-1,-1,-1,8,1,E01022165,0
Unvalidated,2024531393710,2024,531393710,2,9,0,18,4,8,0,8,5,0,0,0,4,1,5,2,56,9,-1,-1,-1,-1,2,1,E01022164,0
Unvalidated,2024531394116,2024,531394116,1,9,0,1,6,2,0,0,0,0,0,0,2,1,6,3,-1,-1,-1,-1,-1,-1,-1,-1,-1,0
Unvalidated,2024531394116,2024,531394116,2,9,0,4,2,6,0,0,0,0,0,0,1,1,5,1,40,7,-1,-1,-1,-1,-1,-1,-1,0
Unvalidated,2024531394329,2024,531394329,1,9,0,18,2,6,0,0,0,0,0,0,1,1,5,1,81,11,-1,-1,-1,-1,9,1,E01014467,0
Unvalidated,2024531394329,2024,531394329,2,9,0,18,2,6,0,0,0,0,0,0,1,1,5,1,77,11,-1,-1,-1,-1,7,3,E01022206,0
Unvalidated,2024531394727,2024,531394727,1,9,0,18,3,7,0,0,0,0,0,0,3,1,6,2,69,10,-1,-1,-1,-1,4,1,E01022399,0
Unvalidated,2024531394844,2024,531394844,1,9,0,2,0,0,0,0,0,0,0,0,3,1,3,1,46,8,-1,-1,-1,-1,1,1,E01022319,0
Unvalidated,2024531394844,2024,531394844,2,1,0,18,5,1,0,0,0,0,0,0,1,1,5,2,66,10,-1,-1,-1,-1,2,1,E01022288,0
Unvalidated,2024531394913,2024,531394913,1,9,0,18,5,1,0,0,0,0,0,0,1,1,5,1,34,6,-1,-1,-1,-1,6,3,E01022442,0
Unvalidated,2024531394933,2024,531394933,1,9,0,18,7,3,0,0,0,0,0,0,1,1,5,1,39,7,-1,-1,-1,-1,5,1,E01014836,0
Unvalidated,2024531394936,2024,531394936,1,9,0,7,3,5,0,8,0,0,0,0,4,1,2,2,66,10,-1,-1,-1,-1,10,1,E01022307,0
Unvalidated,2024531394936,2024,531394936,2,1,0,18,3,7,0,8,0,0,0,0,3,1,1,1,45,7,-1,-1,-1,-1,1,1,E01022347,0
Unvalidated,2024531395291,2024,531395291,1,9,0,5,8,4,0,6,0,0,0,0,1,1,6,1,53,8,-1,-1,-1,-1,2,1,E01022288,0
Unvalidated,2024531395291,2024,531395291,2,9,0,18,6,2,0,8,0,0,0,0,4,1,6,1,75,10,-1,-1,-1,-1,8,3,E01022412,0
Unvalidated,2024531395315,2024,531395315,1,9,0,12,5,1,0,0,0,0,0,0,0,1,6,3,-1,-1,-1,-1,-1,-1,-1,-1,-1,0
Unvalidated,2024531395315,2024,531395315,2,9,0,18,5,1,0,0,0,0,4,6,1,1,5,1,75,10,-1,-1,-1,-1,1,1,E01011626,0
Unvalidated,2024531395377,2024,531395377,1,9,0,18,1,5,0,0,0,0,0,0,1,1,5,1,33,6,-1,-1,-1,-1,4,3,E01014016,0
Unvalidated,2024531395377,2024,531395377,2,9,0,4,1,5,0,0,0,0,0,0,2,1,2,1,54,8,-1,-1,-1,-1,1,1,E01022311,0
Unvalidated,2024531395666,2024,531395666,1,9,0,18,5,1,0,0,0,0,1,4,1,1,5,1,84,11,-1,-1,-1,-1,5,1,E01031312,0
Unvalidated,2024531395735,2024,531395735,1,9,0,7,4,6,0,4,0,0,0,0,1,1,2,2,71,10,-1,-1,-1,-1,8,1,E01022165,0
Unvalidated,2024531395735,2024,531395735,2,90,0,18,2,6,0,8,0,0,0,0,4,1,1,1,43,7,-1,-1,-1,-1,9,1,E01022436,0
Unvalidated,2024531396113,2024,531396113,1,9,0,5,7,3,0,4,0,0,0,0,1,1,2,2,19,4,-1,-1,-1,-1,4,1,E01022309,0
Unvalidated,2024531396113,2024,531396113,2,1,0,18,5,1,0,8,0,0,0,0,1,1,5,1,53,8,-1,-1,-1,-1,2,1,E01022292,0
Unvalidated,2024531396534,2024,531396534,1,9,0,17,3,7,0,0,1,0,0,0,1,1,5,1,33,6,-1,-1,-1,-1,-1,-1,-1,0
Unvalidated,2024531396534,2024,531396534,2,9,0,16,7,3,0,0,0,0,0,0,1,1,5,2,55,8,-1,-1,-1,-1,4,3,E01022251,0
Unvalidated,2024531396804,2024,531396804,1,9,0,5,3,7,0,1,0,0,0,0,1,1,1,1,33,6,-1,-1,-1,-1,6,2,E01032037,0
Unvalidated,2024531396804,2024,531396804,2,9,0,18,5,1,0,1,0,0,0,0,1,1,6,2,25,5,-1,-1,-1,-1,9,1,E01022436,0
Unvalidated,2024531396927,2024,531396927,1,9,0,18,1,5,0,0,0,0,0,0,1,1,2,1,59,9,-1,-1,-1,-1,7,1,E01022300,0
Unvalidated,2024531397097,2024,531397097,1,9,0,9,5,3,0,8,0,0,0,0,1,1,6,1,77,11,-1,-1,-1,-1,4,1,E01022296,0
Unvalidated,2024531397725,2024,531397725,1,98,0,9,7,5,0,6,0,0,0,0,4,1,1,1,37,7,-1,-1,-1,-1,1,1,E01022147,0
Unvalidated,2024531397725,2024,531397725,2,98,0,18,5,1,0,1,0,0,0,0,1,1,3,1,55,8,-1,-1,-1,-1,7,3,E01032412,0
Unvalidated,2024531398087,2024,531398087,1,9,0,18,5,1,0,0,5,0,1,4,3,1,5,1,17,4,-1,-1,-1,-1,8,1,E01022437,0
Unvalidated,2024531398168,2024,531398168,1,9,0,17,3,7,0,0,1,0,8,4,1,2,5,1,17,4,-1,-1,-1,-1,8,3,E01022398,0
Unvalidated,2024531398199,2024,531398199,1,9,0,18,8,4,0,1,0,0,0,0,1,1,6,3,-1,-1,-1,-1,-1,-1,-1,-1,-1,0
Unvalidated,2024531398199,2024,531398199,2,9,0,2,0,0,0,1,0,0,0,0,3,1,6,3,-1,-1,-1,-1,-1,-1,-1,-1,-1,0
Unvalidated,2024531398240,2024,531398240,1,98,0,18,5,1,0,0,5,0,7,0,3,1,1,1,74,10,-1,-1,-1,-1,5,3,E01029941,0
Unvalidated,2024531398272,2024,531398272,1,9,0,14,5,1,0,1,0,0,0,0,4,1,2,1,34,6,-1,-1,-1,-1,10,1,E01022130,0
Unvalidated,2024531398272,2024,531398272,2,1,0,18,5,1,0,1,0,0,1,0,3,1,2,1,43,7,-1,-1,-1,-1,10,1,E01022170,0
Unvalidated,2024531398389,2024,531398389,1,9,0,5,7,3,0,0,0,0,0,0,1,1,2,1,51,8,-1,-1,-1,-1,6,1,E01032933,0
Unvalidated,2024531398473,2024,531398473,1,9,0,18,1,5,0,0,0,0,0,0,4,1,5,2,39,7,-1,-1,-1,-1,9,1,E01032326,0
Unvalidated,2024531398473,2024,531398473,2,1,0,18,1,5,0,0,0,0,0,0,3,1,6,1,64,9,-1,-1,-1,-1,10,3,E01022434,0
Unvalidated,2024531399163,2024,531399163,1,9,0,9,5,1,0,6,0,0,0,0,4,1,2,2,40,7,-1,-1,-1,-1,8,1,E01022432,0
Unvalidated,2024531399163,2024,531399163,2,97,0,18,8,4,0,1,5,0,1,0,1,1,2,1,25,5,-1,-1,-1,-1,-1,-1,-1,0
Unvalidated,2024531399176,2024,531399176,1,9,0,9,2,4,0,0,0,0,0,0,3,1,5,1,54,8,-1,-1,-1,-1,7,2,E01028486,0
Unvalidated,2024531399176,2024,531399176,2,9,0,18,2,4,0,0,0,0,0,0,1,1,5,2,49,8,-1,-1,-1,-1,9,2,E01022202,0
Unvalidated,2024531399561,2024,531399561,1,9,0,16,4,6,0,0,0,0,7,3,1,1,5,2,62,9,-1,-1,-1,-1,5,2,E01022464,0
Unvalidated,2024531400432,2024,531400432,1,9,0,18,1,5,0,4,0,0,0,0,1,1,2,1,26,6,-1,-1,-1,-1,10,1,E01022438,0
Unvalidated,2024531400432,2024,531400432,2,1,0,18,7,3,0,8,0,0,0,0,4,1,5,1,55,8,-1,-1,-1,-1,10,1,E01022339,0
Unvalidated,2024531400511,2024,531400511,1,9,0,9,3,1,0,2,0,0,0,0,1,1,3,1,36,7,-1,-1,-1,-1,6,1,E01022348,0
Unvalidated,2024531400511,2024,531400511,2,97,0,18,7,3,0,1,0,0,0,0,1,1,5,2,18,4,-1,-1,-1,-1,3,1,E01022320,0
Unvalidated,2024531400888,2024,531400888,1,9,0,18,5,1,0,0,0,0,0,0,1,1,5,1,21,5,-1,-1,-1,-1,6,3,E01032216,0
Unvalidated,2024531400888,2024,531400888,2,9,0,18,5,1,0,0,0,0,0,0,2,1,2,2,42,7,-1,-1,-1,-1,4,1,E01032936,0
Unvalidated,2024531400952,2024,531400952,1,9,0,9,5,3,0,0,0,0,0,0,1,1,5,2,42,7,-1,-1,-1,-1,7,1,E01022336,0
Unvalidated,2024531401437,2024,531401437,1,9,0,18,5,1,0,3,0,0,0,0,1,1,2,1,56,9,-1,-1,-1,-1,5,1,E01022148,0
Unvalidated,2024531401437,2024,531401437,2,1,0,18,5,2,0,8,0,0,0,0,3,1,5,1,40,7,-1,-1,-1,-1,4,1,E01022156,0
Unvalidated,2024531401564,2024,531401564,1,9,0,9,3,7,0,6,0,0,0,0,1,1,2,1,24,5,-1,-1,-1,-1,8,3,E01031960,0
Unvalidated,2024531401564,2024,531401564,2,9,0,18,1,5,0,8,0,0,0,0,3,1,2,2,18,4,-1,-1,-1,-1,6,1,E01022374,0
Unvalidated,2024531401564,2024,531401564,3,98,0,8,7,3,0,6,0,0,0,0,1,1,1,1,54,8,-1,-1,-1,-1,-1,-1,-1,0
Unvalidated,2024531401797,2024,531401797,1,9,0,18,3,7,0,0,0,0,0,0,1,1,6,2,37,7,-1,-1,-1,-1,7,1,E01022411,0
Unvalidated,2024531401857,2024,531401857,1,9,0,17,1,5,0,0,1,0,0,0,1,1,5,2,34,6,-1,-1,-1,-1,7,3,E01022248,0
Unvalidated,2024531401857,2024,531401857,2,9,0,18,5,1,0,0,0,0,0,0,1,1,6,2,57,9,-1,-1,-1,-1,6,3,E01022263,0
Unvalidated,2024531402095,2024,531402095,1,9,0,7,1,3,0,0,0,0,0,0,3,1,5,2,74,10,-1,-1,-1,-1,6,2,E01022262,0
Unvalidated,2024531402095,2024,531402095,2,9,0,18,7,3,0,0,0,0,0,0,4,1,5,2,18,4,-1,-1,-1,-1,6,1,E01022249,0
Unvalidated,2024531402215,2024,531402215,1,9,0,17,3,7,0,0,1,10,1,0,1,1,5,2,71,10,-1,-1,-1,-1,7,3,E01022230,0
Unvalidated,2024531402268,2024,531402268,1,9,0,7,5,7,0,2,0,0,0,0,4,1,5,2,32,6,-1,-1,-1,-1,10,2,E01032939,0