status,collision_index,collision_year,collision_reference,vehicle_reference,vehicle_type,towing_and_articulation,vehicle_manoeuvre,vehicle_direction_from,vehicle_direction_to,vehicle_location_restricted_lane,junction_location,skidding_and_overturning,hit_object_in_carriageway,vehicle_leaving_carriageway,hit_object_off_carriageway,first_point_of_impact,vehicle_left_hand_drive,journey_purpose_of_driver,sex_of_driver,age_of_driver,age_band_of_driver,engine_capacity_cc,propulsion_code,age_of_vehicle,generic_make_model,driver_imd_decile,driver_home_area_type,lsoa_of_driver,escooter_flag
Unvalidated,2024531402664,2024,531402664,1,90,0,18,4,8,0,8,0,0,0,0,1,1,5,1,57,9,-1,-1,-1,-1,10,1,E01022114,0
Unvalidated,2024531402664,2024,531402664,2,9,0,18,6,2,0,8,0,0,0,0,3,1,5,1,72,10,-1,-1,-1,-1,8,1,E01022140,0
Unvalidated,2024531402737,2024,531402737,1,9,0,18,8,4,0,2,0,0,0,0,4,1,5,1,18,4,-1,-1,-1,-1,7,1,E01022355,0
Unvalidated,2024531403179,2024,531403179,1,9,0,18,5,1,0,8,0,0,3,0,1,1,1,1,58,9,-1,-1,-1,-1,10,3,E01022466,0
Unvalidated,2024531403179,2024,531403179,2,9,0,18,3,7,0,8,1,0,0,0,1,1,6,1,41,7,-1,-1,-1,-1,8,2,E01022177,0
Unvalidated,2024531403179,2024,531403179,3,9,0,18,7,3,0,8,5,0,1,0,3,1,6,1,52,8,-1,-1,-1,-1,9,1,E01022115,0
Unvalidated,2024531403363,2024,531403363,1,9,0,9,5,2,0,8,0,0,0,0,4,1,5,1,22,5,-1,-1,-1,-1,3,1,E01022132,0
Unvalidated,2024531403363,2024,531403363,2,9,0,18,6,2,0,1,0,0,1,0,3,1,5,1,32,6,-1,-1,-1,-1,4,1,E01022200,0
Unvalidated,2024531403413,2024,531403413,1,9,0,17,2,6,0,0,1,0,2,11,1,1,6,1,34,6,-1,-1,-1,-1,8,1,E01016888,0
Unvalidated,2024531403428,2024,531403428,1,9,0,5,7,3,0,4,0,0,0,0,0,1,6,2,61,9,-1,-1,-1,-1,9,3,E01022422,0
Unvalidated,2024531403428,2024,531403428,2,1,0,4,5,1,0,8,0,0,0,0,0,1,6,1,24,5,-1,-1,-1,-1,10,1,E01022103,0
Unvalidated,2024531403458,2024,531403458,1,98,1,18,5,1,0,0,0,0,0,0,1,1,1,1,62,9,-1,-1,-1,-1,6,2,E01026213,0
Unvalidated,2024531403564,2024,531403564,1,9,0,7,7,1,5,0,0,0,2,0,1,1,5,1,65,9,-1,-1,-1,-1,8,1,E01022446,0
Unvalidated,2024531403564,2024,531403564,2,1,0,18,7,3,5,0,0,0,0,0,3,1,5,1,23,5,-1,-1,-1,-1,8,1,E01022298,0
Unvalidated,2024531403939,2024,531403939,1,9,0,18,5,1,0,2,0,0,0,0,1,1,6,3,-1,-1,-1,-1,-1,-1,-1,-1,-1,0
Unvalidated,2024531404085,2024,531404085,1,9,0,18,2,6,0,0,0,0,0,0,1,1,5,2,82,11,-1,-1,-1,-1,4,1,E01022331,0
Unvalidated,2024531404085,2024,531404085,2,9,0,18,6,2,0,0,0,0,0,0,3,1,2,2,44,7,-1,-1,-1,-1,8,1,E01032938,0
Unvalidated,2024531404085,2024,531404085,3,9,0,18,6,2,0,0,0,0,0,0,1,1,2,2,46,8,-1,-1,-1,-1,2,1,E01022160,0
Unvalidated,2024531404533,2024,531404533,1,9,0,18,5,1,0,0,0,0,0,0,1,1,3,1,26,6,-1,-1,-1,-1,6,3,E01022445,0
Unvalidated,2024531404533,2024,531404533,2,9,0,10,5,1,0,0,0,0,0,0,2,1,5,1,48,8,-1,-1,-1,-1,1,1,E01022347,0
Unvalidated,2024531404554,2024,531404554,1,98,0,18,5,1,0,6,0,0,0,0,1,1,1,1,37,7,-1,-1,-1,-1,3,1,E01032267,0
Unvalidated,2024531404554,2024,531404554,2,9,0,4,5,1,0,6,0,0,0,0,2,1,6,2,24,5,-1,-1,-1,-1,6,3,E01032382,0
Unvalidated,2024531404586,2024,531404586,1,9,0,18,1,5,0,0,0,0,1,0,1,1,5,1,21,5,-1,-1,-1,-1,1,1,E01005456,0
Unvalidated,2024531404586,2024,531404586,2,9,0,18,5,1,0,0,1,0,1,0,2,1,5,2,47,8,-1,-1,-1,-1,9,1,E01011278,0
Unvalidated,2024531404839,2024,531404839,1,9,0,18,6,2,0,0,0,0,0,0,1,1,6,2,73,10,-1,-1,-1,-1,6,1,E01022361,0
Unvalidated,2024531404839,2024,531404839,2,9,0,4,6,2,0,0,0,0,0,0,2,1,6,2,42,7,-1,-1,-1,-1,1,1,E01022329,0
Unvalidated,2024531404850,2024,531404850,1,9,0,9,1,7,0,6,0,0,0,0,4,1,6,3,-1,-1,-1,-1,-1,-1,-1,-1,-1,0
Unvalidated,2024531404882,2024,531404882,1,9,0,18,8,4,0,0,0,0,0,0,4,2,6,3,-1,-1,-1,-1,-1,-1,-1,-1,-1,0
Unvalidated,2024531404887,2024,531404887,1,9,0,9,2,6,0,1,0,0,0,0,1,1,5,1,38,7,-1,-1,-1,-1,1,1,E01022329,0
Unvalidated,2024531404887,2024,531404887,2,97,0,18,6,2,0,1,0,0,2,0,1,1,2,1,40,7,-1,-1,-1,-1,4,1,E01022326,0
Unvalidated,2024531405017,2024,531405017,1,9,0,9,1,7,0,5,0,0,0,0,4,1,5,1,82,11,-1,-1,-1,-1,8,1,E01022144,0
Unvalidated,2024531405017,2024,531405017,2,9,0,18,5,1,0,8,0,0,0,0,1,1,5,2,21,5,-1,-1,-1,-1,10,1,E01022146,0
Unvalidated,2024531405081,2024,531405081,1,9,0,9,5,3,0,8,0,0,0,0,4,1,2,1,63,9,-1,-1,-1,-1,7,1,E01022300,0
Unvalidated,2024531405081,2024,531405081,2,97,0,18,1,5,0,8,0,0,0,0,1,1,2,2,25,5,-1,-1,-1,-1,4,1,E01032936,0
Unvalidated,2024531405095,2024,531405095,1,9,0,18,5,1,0,1,0,0,1,4,4,1,5,2,72,10,-1,-1,-1,-1,5,1,E01022148,0
Unvalidated,2024531405297,2024,531405297,1,9,0,18,5,1,0,0,0,0,0,0,1,1,5,2,85,11,-1,-1,-1,-1,6,3,E01022271,0
Unvalidated,2024531405297,2024,531405297,2,9,0,4,5,1,0,0,0,0,0,0,2,1,5,1,43,7,-1,-1,-1,-1,6,1,E01032188,0
Unvalidated,2024531405297,2024,531405297,3,9,0,10,5,1,0,0,0,0,0,0,2,1,5,1,45,7,-1,-1,-1,-1,8,3,E01022247,0
Unvalidated,2024531405489,2024,531405489,1,97,0,18,5,1,0,1,1,0,1,10,4,1,6,1,21,5,-1,-1,-1,-1,2,1,E01022238,0
Unvalidated,2024531405490,2024,531405490,1,98,0,18,1,5,0,0,0,0,0,0,1,1,1,1,18,4,-1,-1,-1,-1,4,1,E01022399,0
Unvalidated,2024531405490,2024,531405490,2,9,0,18,5,1,0,0,0,0,0,0,1,1,6,2,33,6,-1,-1,-1,-1,9,1,E01022357,0
Unvalidated,2024531405521,2024,531405521,1,9,0,18,1,5,0,0,0,0,1,4,4,1,6,2,32,6,-1,-1,-1,-1,10,1,E01032763,0
Unvalidated,2024531405539,2024,531405539,1,9,0,18,5,1,0,0,0,0,0,0,1,1,5,1,56,9,-1,-1,-1,-1,6,2,E01022261,0
Unvalidated,2024531405539,2024,531405539,2,9,0,4,5,1,0,0,0,0,0,0,2,1,2,2,54,8,-1,-1,-1,-1,6,3,E01022253,0
Unvalidated,2024531405539,2024,531405539,3,98,0,3,5,1,0,0,0,0,0,0,2,1,1,1,22,5,-1,-1,-1,-1,4,1,E01022241,0
Unvalidated,2024531405651,2024,531405651,1,9,0,18,1,5,0,8,0,0,0,0,1,1,5,1,52,8,-1,-1,-1,-1,9,1,E01022422,0
Unvalidated,2024531405651,2024,531405651,2,9,0,17,5,1,0,8,0,0,0,0,1,1,5,1,81,11,-1,-1,-1,-1,2,1,E01022332,0
Unvalidated,2024531406004,2024,531406004,1,9,0,18,4,8,0,0,1,0,7,10,1,1,2,1,23,5,-1,-1,-1,-1,8,3,E01022384,0
Unvalidated,2024531406025,2024,531406025,1,9,0,18,6,2,0,0,1,0,7,4,1,1,6,1,23,5,-1,-1,-1,-1,7,1,E01022411,0
Unvalidated,2024531406169,2024,531406169,1,11,0,18,5,1,0,0,0,0,0,0,1,1,6,3,-1,-1,-1,-1,-1,-1,-1,-1,-1,0
Unvalidated,2024531406390,2024,531406390,1,1,0,16,2,6,0,2,2,0,0,0,0,1,5,1,59,9,-1,-1,-1,-1,6,3,E01022235,0
Unvalidated,2024531406390,2024,531406390,2,9,0,17,5,1,0,2,0,0,0,0,1,1,5,2,76,11,-1,-1,-1,-1,6,2,E01022261,0
Unvalidated,2024531406533,2024,531406533,1,11,0,9,7,5,0,0,0,0,0,0,3,1,1,1,56,9,-1,-1,-1,-1,4,1,E01014991,0
Unvalidated,2024531406533,2024,531406533,2,9,0,18,5,1,0,0,0,0,0,0,1,1,1,1,41,7,-1,-1,-1,-1,10,1,E01022339,0
Unvalidated,2024531406533,2024,531406533,3,19,0,9,7,5,0,0,0,0,0,0,0,1,6,3,-1,-1,-1,-1,-1,-1,-1,-1,-1,0
Unvalidated,2024531406751,2024,531406751,1,9,0,18,5,1,0,0,1,0,1,9,1,1,5,1,48,8,-1,-1,-1,-1,8,3,E01022413,0
Unvalidated,2024531406760,2024,531406760,1,97,0,18,6,2,0,8,0,0,0,0,0,1,6,1,29,6,-1,-1,-1,-1,7,2,E01014037,0
Unvalidated,2024531406971,2024,531406971,1,98,0,18,1,5,0,0,5,0,6,6,1,1,1,1,66,10,-1,-1,-1,-1,2,2,E01018949,0
Unvalidated,2024531406971,2024,531406971,2,98,0,18,1,5,0,0,0,0,0,0,2,1,1,1,52,8,-1,-1,-1,-1,5,1,E01031169,0
Unvalidated,2024531407243,2024,531407243,1,9,0,18,7,3,0,0,1,0,7,9,3,1,1,1,37,7,-1,-1,-1,-1,4,3,E01022250,0
Unvalidated,2024531407243,2024,531407243,2,9,0,18,3,7,0,0,1,0,0,0,3,1,1,1,24,5,-1,-1,-1,-1,-1,-1,-1,0
Unvalidated,2024531407382,2024,531407382,1,9,0,9,5,2,0,8,0,0,0,0,3,1,2,1,62,9,-1,-1,-1,-1,9,2,E01028783,0
Unvalidated,2024531407382,2024,531407382,2,9,0,18,2,6,0,1,0,0,0,0,1,1,2,2,28,6,-1,-1,-1,-1,9,3,E01031958,0
Unvalidated,2024531407416,2024,531407416,1,9,0,7,1,5,0,1,0,0,2,0,1,1,5,1,75,10,-1,-1,-1,-1,6,3,E01022445,0
Unvalidated,2024531407418,2024,531407418,1,9,0,15,2,6,0,1,0,0,0,0,3,1,5,1,33,6,-1,-1,-1,-1,6,2,E01022227,0
Unvalidated,2024531407418,2024,531407418,2,9,0,10,2,6,0,1,0,0,0,0,4,1,5,2,42,7,-1,-1,-1,-1,6,3,E01022227,0
Unvalidated,2024531407730,2024,531407730,1,9,0,7,4,8,0,6,0,0,0,0,1,1,5,2,17,4,-1,-1,-1,-1,9,1,E01022107,0
Unvalidated,2024531407730,2024,531407730,2,97,0,18,1,5,0,1,0,0,0,0,1,1,5,1,20,4,-1,-1,-1,-1,3,1,E01022153,0
Unvalidated,2024531407759,2024,531407759,1,98,0,18,7,3,0,0,0,0,0,0,1,1,1,1,50,8,-1,-1,-1,-1,3,1,E01032378,0
Unvalidated,2024531407806,2024,531407806,1,9,0,9,1,7,0,8,0,0,0,0,1,1,5,2,45,7,-1,-1,-1,-1,9,3,E01022422,0
Unvalidated,2024531407806,2024,531407806,2,1,0,18,1,5,0,8,0,0,0,0,4,1,5,1,13,3,-1,-1,-1,-1,5,1,E01022421,0
Unvalidated,2024531408230,2024,531408230,1,9,0,4,1,5,0,0,0,0,0,0,1,1,6,1,43,7,-1,-1,-1,-1,6,1,E01022410,0
Unvalidated,2024531408230,2024,531408230,2,9,0,18,1,5,0,0,0,0,0,0,2,1,6,2,60,9,-1,-1,-1,-1,1,1,W01001742,0
Unvalidated,2024531408722,2024,531408722,1,1,0,9,6,3,0,8,5,0,0,0,4,1,6,1,38,7,-1,-1,-1,-1,1,1,E01022319,0
Unvalidated,2024531408722,2024,531408722,2,97,0,18,8,4,0,8,0,0,0,0,1,1,5,1,67,10,-1,-1,-1,-1,8,1,E01022446,0
Unvalidated,2024531408934,2024,531408934,1,9,0,18,1,5,0,0,0,4,0,0,1,1,6,1,-1,-1,-1,-1,-1,-1,-1,-1,-1,0
Unvalidated,2024531408934,2024,531408934,2,9,0,2,0,0,0,0,0,0,0,0,2,1,6,3,-1,-1,-1,-1,-1,-1,-1,-1,-1,0
Unvalidated,2024531409064,2024,531409064,1,9,0,17,7,3,0,0,0,0,0,0,3,1,1,1,58,9,-1,-1,-1,-1,10,1,E01022461,0
Unvalidated,2024531409064,2024,531409064,2,9,0,16,3,7,0,0,0,0,1,0,3,1,5,2,39,7,-1,-1,-1,-1,10,3,E01022434,0
Unvalidated,2024531409514,2024,531409514,1,9,0,18,5,1,0,4,0,0,0,0,1,1,5,2,59,9,-1,-1,-1,-1,6,1,E01022361,0
Unvalidated,2024531409514,2024,531409514,2,9,0,9,1,5,0,3,0,0,0,0,4,1,2,2,26,6,-1,-1,-1,-1,8,1,E01022362,0
Unvalidated,2024531409528,2024,531409528,1,9,0,18,4,8,0,3,1,0,0,0,3,1,5,1,88,11,-1,-1,-1,-1,6,2,E01022261,0
Unvalidated,2024531409528,2024,531409528,2,9,0,18,4,8,0,3,0,0,0,0,4,1,2,2,30,6,-1,-1,-1,-1,1,1,E01022311,0
Unvalidated,2024531409528,2024,531409528,3,19,0,4,4,8,0,3,0,0,0,0,0,1,6,3,-1,-1,-1,-1,-1,-1,-1,-1,-1,0
Unvalidated,2024531409615,2024,531409615,1,9,0,18,7,3,0,0,0,0,0,0,1,1,6,1,51,8,-1,-1,-1,-1,6,1,E01022194,0
Unvalidated,2024531409615,2024,531409615,2,9,0,18,3,7,0,0,0,0,0,0,3,1,6,1,23,5,-1,-1,-1,-1,7,3,E01022221,0
Unvalidated,2024531409615,2024,531409615,3,9,0,18,3,7,0,0,0,0,0,0,1,1,6,1,38,7,-1,-1,-1,-1,8,1,E01022356,0
Unvalidated,2024531409694,2024,531409694,1,9,0,18,6,2,0,8,0,0,0,0,1,1,3,2,44,7,-1,-1,-1,-1,10,1,E01022103,0
Unvalidated,2024531409694,2024,531409694,2,1,0,18,6,2,0,8,0,0,0,0,2,1,2,1,62,9,-1,-1,-1,-1,8,1,E01022101,0
Unvalidated,2024531409694,2024,531409694,3,98,0,7,1,2,0,4,0,0,0,0,0,1,6,3,-1,-1,-1,-1,-1,-1,-1,-1,-1,0
Unvalidated,2024531409771,2024,531409771,1,9,0,5,2,6,0,6,0,0,0,0,1,1,5,1,42,7,-1,-1,-1,-1,6,1,E01022127,0
Unvalidated,2024531409771,2024,531409771,2,1,0,18,4,8,9,1,0,0,0,0,3,1,2,1,33,6,-1,-1,-1,-1,6,1,E01022377,0
Unvalidated,2024531409854,2024,531409854,1,9,0,15,5,1,9,0,0,0,7,9,1,1,6,1,49,8,-1,-1,-1,-1,3,1,E01032730,0
Unvalidated,2024531409854,2024,531409854,2,9,0,18,1,5,0,0,0,0,0,0,1,1,6,2,60,9,-1,-1,-1,-1,6,2,E01022211,0
Unvalidated,2024531409930,2024,531409930,1,9,0,1,5,1,0,0,0,0,0,0,2,1,6,1,-1,-1,-1,-1,-1,-1,10,2,E01032940,0
Unvalidated,2024531409930,2024,531409930,2,9,0,4,7,3,0,0,0,0,0,0,1,1,1,1,21,5,-1,-1,-1,-1,4,1,E01022149,0
Unvalidated,2024531410145,2024,531410145,1,9,0,18,1,5,0,0,0,0,1,0,1,1,2,1,45,7,-1,-1,-1,-1,2,1,E01022332,0
Unvalidated,2024531410145,2024,531410145,2,9,0,18,5,1,0,0,0,0,1,0,3,1,6,1,37,7,-1,-1,-1,-1,8,1,E01022277,0
Unvalidated,2024531410191,2024,531410191,1,9,0,18,1,5,0,0,1,0,0,0,1,1,5,2,18,4,-1,-1,-1,-1,5,3,E01029325,0
Unvalidated,2024531410191,2024,531410191,2,98,0,4,5,1,0,0,0,0,0,0,1,1,1,1,43,7,-1,-1,-1,-1,4,3,E01014025,0
Unvalidated,2024531410373,2024,531410373,1,9,0,1,5,1,0,8,0,0,0,0,2,1,6,2,60,9,-1,-1,-1,-1,8,1,E01022423,0
Unvalidated,2024531410377,2024,531410377,1,98,0,9,8,4,0,6,0,0,0,0,0,1,6,1,67,10,-1,-1,-1,-1,9,1,E01022363,0
Unvalidated,2024531410377,2024,531410377,2,97,0,18,5,1,0,1,1,0,0,0,0,1,6,1,65,9,-1,-1,-1,-1,5,1,E01022325,0
Unvalidated,2024531410402,2024,531410402,1,9,0,18,7,3,0,4,0,0,0,0,3,1,6,2,18,4,-1,-1,-1,-1,7,1,E01022388,0
Unvalidated,2024531410402,2024,531410402,2,9,0,9,3,7,0,3,0,0,0,0,1,1,6,1,54,8,-1,-1,-1,-1,4,1,E01022365,0
Unvalidated,2024531410734,2024,531410734,1,9,0,18,1,5,0,8,0,0,0,0,1,1,6,3,-1,-1,-1,-1,-1,-1,-1,-1,-1,0
Unvalidated,2024531410734,2024,531410734,2,90,0,18,7,3,0,8,0,0,0,0,3,1,2,2,28,6,-1,-1,-1,-1,5,1,E01022155,1
Unvalidated,2024531410756,2024,531410756,1,9,0,18,3,7,0,2,0,0,0,0,1,1,6,3,-1,-1,-1,-1,-1,-1,-1,-1,-1,0
Unvalidated,2024531410757,2024,531410757,1,9,0,18,7,3,0,8,0,0,0,0,1,1,6,1,25,5,-1,-1,-1,-1,5,1,E01022344,0
Unvalidated,2024531410757,2024,531410757,2,1,0,5,7,3,0,8,0,0,0,0,2,1,2,1,30,6,-1,-1,-1,-1,7,1,E01022300,0
Unvalidated,2024531410889,2024,531410889,1,9,0,18,7,3,0,0,5,0,2,11,4,1,6,1,28,6,-1,-1,-1,-1,8,1,E01022191,0
Unvalidated,2024531410915,2024,531410915,1,9,0,4,4,8,0,1,0,0,0,0,0,1,6,3,-1,-1,-1,-1,-1,-1,-1,-1,-1,0
Unvalidated,2024531410915,2024,531410915,2,11,0,5,4,8,0,1,0,0,0,0,0,1,1,1,26,6,-1,-1,-1,-1,1,1,E01022147,0
Unvalidated,2024531410990,2024,531410990,1,98,0,18,5,1,0,0,0,4,0,0,4,1,5,1,27,6,-1,-1,-1,-1,5,1,E01022325,0
Unvalidated,2024531410990,2024,531410990,2,9,-1,2,0,0,0,0,0,0,0,0,4,1,6,2,37,7,-1,-1,-1,-1,1,1,E01022323,0
Unvalidated,2024531411107,2024,531411107,1,9,0,18,3,7,0,0,0,0,0,0,4,1,6,1,23,5,-1,-1,-1,-1,8,2,E01022255,0
Unvalidated,2024531411177,2024,531411177,1,9,0,18,2,6,0,0,0,0,1,1,1,1,6,1,19,4,-1,-1,-1,-1,6,2,E01022262,0
Unvalidated,2024531411178,2024,531411178,1,9,0,18,5,1,0,0,1,0,7,4,1,1,5,2,21,5,-1,-1,-1,-1,9,2,E01022369,0
Unvalidated,2024531411640,2024,531411640,1,9,0,7,2,6,0,1,0,0,0,0,1,1,6,2,59,9,-1,-1,-1,-1,9,3,W01000611,0
Unvalidated,2024531411640,2024,531411640,2,1,0,18,2,6,0,1,5,0,0,0,1,1,2,1,41,7,-1,-1,-1,-1,5,1,E01022459,0
Unvalidated,2024531412552,2024,531412552,1,9,0,9,5,3,0,8,0,0,0,0,1,1,6,2,80,11,-1,-1,-1,-1,6,2,E01022454,0
Unvalidated,2024531412552,2024,531412552,2,9,0,18,8,4,0,8,0,0,0,0,3,1,6,2,41,7,-1,-1,-1,-1,10,1,E01022170,0
Unvalidated,2024531412555,2024,531412555,1,98,0,18,5,1,0,0,0,0,0,0,1,1,6,3,-1,-1,-1,-1,-1,-1,-1,-1,-1,0
Unvalidated,2024531412555,2024,531412555,2,1,-1,18,1,5,0,0,0,0,0,0,-1,1,2,1,26,6,-1,-1,-1,-1,7,3,E01022175,0
Unvalidated,2024531413015,2024,531413015,1,1,0,18,3,7,0,1,0,10,7,0,1,1,1,2,50,8,-1,-1,-1,-1,10,1,E01022105,0
Unvalidated,2024531413019,2024,531413019,1,9,0,9,7,3,0,1,0,0,0,0,1,1,1,1,49,8,-1,-1,-1,-1,8,1,E01015472,0
Unvalidated,2024531413019,2024,531413019,2,97,0,14,5,1,0,1,0,0,0,0,4,1,5,1,36,7,-1,-1,-1,-1,6,1,E01032117,0
Unvalidated,2024531413019,2024,531413019,3,98,0,3,5,1,0,1,0,0,0,0,0,1,6,1,-1,-1,-1,-1,-1,-1,-1,-1,-1,0
Unvalidated,2024531413057,2024,531413057,1,9,0,17,7,3,0,0,2,0,1,4,1,1,2,2,25,5,-1,-1,-1,-1,6,1,E01022374,0
Unvalidated,2024531413384,2024,531413384,1,97,0,18,6,2,0,0,0,0,0,0,1,1,5,1,20,4,-1,-1,-1,-1,1,1,E01022347,0
Unvalidated,2024531413384,2024,531413384,2,9,0,4,6,2,0,0,0,0,0,0,2,1,5,1,45,7,-1,-1,-1,-1,5,1,W01001256,0
Unvalidated,2024531413449,2024,531413449,1,9,0,5,2,6,0,0,0,0,0,0,4,1,6,3,-1,-1,-1,-1,-1,-1,-1,-1,-1,0
Unvalidated,2024531413450,2024,531413450,1,1,0,12,3,7,0,0,0,0,0,0,4,1,5,1,35,6,-1,-1,-1,-1,6,1,E01022303,0
Unvalidated,2024531413450,2024,531413450,2,9,0,18,3,7,0,0,0,0,0,0,1,1,5,1,23,5,-1,-1,-1,-1,1,1,E01022319,0
Unvalidated,2024531413709,2024,531413709,1,9,0,9,4,7,0,6,0,0,0,0,2,1,5,2,45,7,-1,-1,-1,-1,6,3,E01022454,0
Unvalidated,2024531413709,2024,531413709,2,9,0,16,3,7,0,1,0,0,0,0,1,1,2,1,28,6,-1,-1,-1,-1,-1,-1,-1,0
Unvalidated,2024531413747,2024,531413747,1,9,0,2,0,0,0,0,0,0,0,0,3,1,6,1,55,8,-1,-1,-1,-1,8,1,E01022101,0
Unvalidated,2024531413747,2024,531413747,2,1,0,14,5,1,0,0,1,4,7,0,1,1,6,1,48,8,-1,-1,-1,-1,10,1,E01022145,0
Unvalidated,2024531413747,2024,531413747,3,9,0,2,0,0,0,0,0,0,0,0,3,1,6,3,-1,-1,-1,-1,-1,-1,-1,-1,-1,0
Unvalidated,2024531413778,2024,531413778,1,9,0,5,1,5,0,6,0,0,0,0,4,1,5,2,41,7,-1,-1,-1,-1,10,1,E01022113,0
Unvalidated,2024531413778,2024,531413778,2,9,0,18,7,3,0,1,0,0,0,0,1,1,5,2,49,8,-1,-1,-1,-1,7,2,E01022180,0
Unvalidated,2024531413834,2024,531413834,1,9,0,18,3,7,0,0,0,0,0,0,1,1,5,2,31,6,-1,-1,-1,-1,7,1,E01022355,0
Unvalidated,2024531413834,2024,531413834,2,9,0,2,0,0,0,0,0,0,0,0,1,1,6,3,-1,-1,-1,-1,-1,-1,-1,-1,-1,0
Unvalidated,2024531413834,2024,531413834,3,9,0,2,0,0,0,0,0,0,0,0,1,1,6,3,-1,-1,-1,-1,-1,-1,-1,-1,-1,0
Unvalidated,2024531413964,2024,531413964,1,9,0,16,4,8,0,0,1,0,7,4,1,1,5,1,72,10,-1,-1,-1,-1,7,3,E01022216,0
Unvalidated,2024531413983,2024,531413983,1,9,0,18,5,1,0,1,0,0,0,0,4,1,1,1,33,6,-1,-1,-1,-1,2,1,E01022133,0
Unvalidated,2024531414219,2024,531414219,1,9,0,5,2,6,0,6,0,0,0,0,1,1,6,1,21,5,-1,-1,-1,-1,7,1,E01022388,0
Unvalidated,2024531414219,2024,531414219,2,9,0,18,8,4,0,1,0,0,0,0,4,1,6,2,45,7,-1,-1,-1,-1,8,1,E01022387,0
Unvalidated,2024531415116,2024,531415116,1,8,0,5,7,4,0,2,0,0,0,0,4,1,6,3,-1,-1,-1,-1,-1,-1,-1,-1,-1,0
Unvalidated,2024531415546,2024,531415546,1,9,0,16,6,1,0,0,0,6,0,0,1,1,5,2,27,6,-1,-1,-1,-1,5,1,E01022358,0
Unvalidated,2024531415623,2024,531415623,1,9,0,14,1,5,0,0,1,4,0,0,4,1,5,1,20,4,-1,-1,-1,-1,9,2,E01022259,0
Unvalidated,2024531415623,2024,531415623,2,9,0,2,0,0,0,0,0,0,1,11,3,1,6,3,-1,-1,-1,-1,-1,-1,-1,-1,-1,0
Unvalidated,2024531415630,2024,531415630,1,98,0,4,5,1,0,0,0,0,0,0,2,1,5,1,31,6,-1,-1,-1,-1,3,1,E01019577,0
Unvalidated,2024531415630,2024,531415630,2,9,0,18,5,1,0,0,0,0,0,0,1,1,6,1,30,6,-1,-1,-1,-1,6,3,E01032403,0
Unvalidated,2024531415630,2024,531415630,3,9,0,18,5,1,0,0,0,0,0,0,1,1,6,1,35,6,-1,-1,-1,-1,6,3,E01031187,0
Unvalidated,2024531415864,2024,531415864,1,17,4,18,8,4,0,0,1,0,1,9,4,1,1,1,18,4,-1,-1,-1,-1,6,3,E01022222,0
Unvalidated,2024531416030,2024,531416030,1,9,0,9,7,3,0,8,0,0,0,0,1,1,5,1,24,5,-1,-1,-1,-1,1,1,E01022329,0
Unvalidated,2024531416030,2024,531416030,2,9,0,18,1,5,0,8,0,0,1,10,1,1,5,1,21,5,-1,-1,-1,-1,2,1,E01022346,0
Unvalidated,2024531416350,2024,531416350,1,98,0,9,5,1,0,8,0,0,0,0,3,1,1,1,64,9,-1,-1,-1,-1,9,3,E01022202,0
Unvalidated,2024531416350,2024,531416350,2,9,0,18,4,8,0,8,0,0,0,0,1,1,2,2,60,9,-1,-1,-1,-1,6,1,E01021070,0
Unvalidated,2024531416392,2024,531416392,1,9,0,9,3,1,0,0,0,0,0,0,1,1,6,2,69,10,-1,-1,-1,-1,6,1,E01022400,0
Unvalidated,2024531416392,2024,531416392,2,1,0,3,1,5,0,0,0,0,0,0,4,1,6,2,35,6,-1,-1,-1,-1,6,1,E01022400,0
Unvalidated,2024531416642,2024,531416642,1,97,0,18,5,1,0,0,1,0,0,0,0,1,6,2,53,8,-1,-1,-1,-1,8,1,E01022356,0
Unvalidated,2024531416927,2024,531416927,1,9,0,9,5,1,0,0,0,0,0,0,3,1,3,2,51,8,-1,-1,-1,-1,9,1,E01022115,0
Unvalidated,2024531416927,2024,531416927,2,97,0,18,5,1,0,0,0,0,0,0,1,1,1,1,33,6,-1,-1,-1,-1,9,1,E01022139,0
Unvalidated,2024531416958,2024,531416958,1,9,0,17,1,5,0,0,0,0,0,0,3,1,3,2,48,8,-1,-1,-1,-1,10,3,E01022367,0
Unvalidated,2024531416958,2024,531416958,2,1,0,7,5,1,0,0,0,0,0,0,1,1,6,1,60,9,-1,-1,-1,-1,7,3,E01022206,0
Unvalidated,2024531416970,2024,531416970,1,97,0,18,1,5,0,1,0,0,0,0,1,1,5,1,18,4,-1,-1,-1,-1,8,1,E01022123,0
Unvalidated,2024531416970,2024,531416970,2,9,0,4,1,5,0,1,0,0,0,0,2,1,6,2,44,7,-1,-1,-1,-1,7,1,E01032943,0
Unvalidated,2024531416983,2024,531416983,1,97,0,18,3,7,0,8,0,0,0,0,1,1,1,1,48,8,-1,-1,-1,-1,4,1,E01022102,0
Unvalidated,2024531416983,2024,531416983,2,9,0,18,7,3,0,8,0,0,0,0,1,1,1,1,22,5,-1,-1,-1,-1,10,1,E01022103,0
Unvalidated,2024531417263,2024,531417263,1,1,0,18,2,6,0,0,0,0,1,0,1,1,5,1,37,7,-1,-1,-1,-1,5,1,E01022154,0