status,collision_index,collision_year,collision_reference,vehicle_reference,vehicle_type,towing_and_articulation,vehicle_manoeuvre,vehicle_direction_from,vehicle_direction_to,vehicle_location_restricted_lane,junction_location,skidding_and_overturning,hit_object_in_carriageway,vehicle_leaving_carriageway,hit_object_off_carriageway,first_point_of_impact,vehicle_left_hand_drive,journey_purpose_of_driver,sex_of_driver,age_of_driver,age_band_of_driver,engine_capacity_cc,propulsion_code,age_of_vehicle,generic_make_model,driver_imd_decile,driver_home_area_type,lsoa_of_driver,escooter_flag
Unvalidated,2024531417263,2024,531417263,2,9,0,3,2,6,0,0,0,0,0,0,0,1,6,3,-1,-1,-1,-1,-1,-1,-1,-1,-1,0
Unvalidated,2024531417389,2024,531417389,1,9,0,18,2,6,0,1,0,0,0,0,1,1,5,1,29,6,-1,-1,-1,-1,8,1,E01010876,0
Unvalidated,2024531417389,2024,531417389,2,9,0,4,2,6,0,1,0,0,0,0,2,1,5,2,25,5,-1,-1,-1,-1,9,1,E01022340,0
Unvalidated,2024531417952,2024,531417952,1,9,0,5,3,7,0,1,0,0,0,0,3,1,5,2,38,7,-1,-1,-1,-1,5,1,E01022358,0
Unvalidated,2024531417952,2024,531417952,2,9,0,16,3,7,0,1,0,0,0,0,4,1,5,1,34,6,-1,-1,-1,-1,3,1,E01022286,0
Unvalidated,2024531418021,2024,531418021,1,9,0,18,5,1,0,0,0,0,0,0,1,1,6,2,33,6,-1,-1,-1,-1,4,1,E01022161,0
Unvalidated,2024531418021,2024,531418021,2,1,0,18,7,3,0,0,0,0,0,0,3,1,5,2,43,7,-1,-1,-1,-1,9,1,E01022139,0
Unvalidated,2024531418469,2024,531418469,1,9,0,15,5,1,9,1,0,0,1,2,1,1,6,2,32,6,-1,-1,-1,-1,6,1,E01022348,0
Unvalidated,2024531418535,2024,531418535,1,98,0,7,3,7,0,1,0,0,0,0,1,1,1,1,20,4,-1,-1,-1,-1,10,1,E01022283,0
Unvalidated,2024531418535,2024,531418535,2,22,0,5,5,1,4,8,5,0,0,0,4,1,5,2,54,8,-1,-1,-1,-1,5,1,E01022334,0
Unvalidated,2024531418580,2024,531418580,1,9,0,17,7,3,0,0,2,0,1,4,1,1,5,2,25,5,-1,-1,-1,-1,9,3,E01022207,0
Unvalidated,2024531418629,2024,531418629,1,98,0,18,5,1,0,1,0,0,0,0,2,1,6,3,-1,-1,-1,-1,-1,-1,-1,-1,-1,0
Unvalidated,2024531418633,2024,531418633,1,9,0,18,7,3,0,1,0,0,0,0,1,1,5,2,26,6,-1,-1,-1,-1,10,1,E01022315,0
Unvalidated,2024531418633,2024,531418633,2,9,0,18,1,5,0,1,0,0,0,0,1,1,5,1,39,7,-1,-1,-1,-1,6,1,E01022194,0
Unvalidated,2024531418862,2024,531418862,1,90,0,18,5,1,0,2,0,0,0,0,0,2,5,1,50,8,-1,-1,-1,-1,10,1,E01022297,1
Unvalidated,2024531418987,2024,531418987,1,9,0,9,3,7,0,0,0,0,0,0,1,1,5,2,83,11,-1,-1,-1,-1,6,3,E01022271,0
Unvalidated,2024531418987,2024,531418987,2,9,0,18,1,5,0,0,0,0,1,11,4,1,5,2,24,5,-1,-1,-1,-1,6,2,E01022261,0
Unvalidated,2024531419140,2024,531419140,1,9,0,18,4,8,0,0,0,0,0,0,1,1,2,1,26,6,-1,-1,-1,-1,8,1,E01022394,0
Unvalidated,2024531419140,2024,531419140,2,9,0,18,8,4,0,0,0,0,0,0,1,1,1,1,34,6,-1,-1,-1,-1,8,1,E01022423,0
Unvalidated,2024531419232,2024,531419232,1,98,0,4,3,7,0,0,0,0,0,0,1,1,6,1,31,6,-1,-1,-1,-1,3,1,E01022121,0
Unvalidated,2024531419232,2024,531419232,2,9,0,4,3,7,0,0,0,0,0,0,2,1,5,2,34,6,-1,-1,-1,-1,10,1,E01022109,0
Unvalidated,2024531419232,2024,531419232,3,9,0,4,3,7,0,0,0,0,0,0,2,1,6,3,-1,-1,-1,-1,-1,-1,-1,-1,-1,0
Unvalidated,2024531419687,2024,531419687,1,98,0,18,7,3,0,0,0,0,0,0,1,1,2,1,28,6,-1,-1,-1,-1,3,1,E01022132,0
Unvalidated,2024531419770,2024,531419770,1,98,0,5,8,2,0,0,0,0,0,0,3,1,1,1,41,7,-1,-1,-1,-1,6,2,E01022383,0
Unvalidated,2024531419770,2024,531419770,2,9,0,18,2,6,0,0,0,0,0,0,1,1,6,1,23,5,-1,-1,-1,-1,4,1,E01022428,0
Unvalidated,2024531420228,2024,531420228,1,9,0,18,3,7,0,0,1,0,1,0,1,1,5,2,22,5,-1,-1,-1,-1,9,1,E01025425,0
Unvalidated,2024531420405,2024,531420405,1,9,0,18,6,2,0,0,0,0,0,0,3,1,1,1,41,7,-1,-1,-1,-1,3,1,E01022293,0
Unvalidated,2024531420405,2024,531420405,2,9,0,18,2,6,0,0,0,0,1,0,0,1,6,2,80,11,-1,-1,-1,-1,7,1,E01022302,0
Unvalidated,2024531420464,2024,531420464,1,9,0,18,4,8,0,0,0,4,0,0,1,1,5,2,71,10,-1,-1,-1,-1,7,3,E01022376,0
Unvalidated,2024531420464,2024,531420464,2,9,0,2,0,0,0,0,0,0,0,0,2,1,6,3,-1,-1,-1,-1,-1,-1,-1,-1,-1,0
Unvalidated,2024531420558,2024,531420558,1,9,0,5,8,4,0,4,0,0,0,0,1,1,6,1,22,5,-1,-1,-1,-1,2,1,E01022322,0
Unvalidated,2024531420558,2024,531420558,2,1,0,18,3,7,0,8,5,0,0,0,4,1,6,1,33,6,-1,-1,-1,-1,2,1,E01022292,0
Unvalidated,2024531420837,2024,531420837,1,98,0,9,1,5,0,6,0,0,0,0,1,1,5,1,33,6,-1,-1,-1,-1,1,1,E01022152,0
Unvalidated,2024531420851,2024,531420851,1,9,0,9,3,7,0,8,0,0,0,0,1,1,5,1,19,4,-1,-1,-1,-1,6,2,E01022268,0
Unvalidated,2024531420851,2024,531420851,2,9,0,18,5,1,0,1,0,0,0,0,1,1,2,1,40,7,-1,-1,-1,-1,-1,-1,-1,0
Unvalidated,2024531420943,2024,531420943,1,9,0,9,1,5,0,1,0,0,0,0,1,1,5,2,37,7,-1,-1,-1,-1,10,3,E01022465,0
Unvalidated,2024531420943,2024,531420943,2,9,0,18,3,7,0,1,0,0,1,9,1,1,2,1,73,10,-1,-1,-1,-1,7,3,E01022449,0
Unvalidated,2024531421307,2024,531421307,1,9,0,18,5,1,0,0,0,0,0,0,1,1,5,1,48,8,-1,-1,-1,-1,5,1,E01032295,0
Unvalidated,2024531421307,2024,531421307,2,9,0,18,5,1,0,0,0,0,0,0,2,1,5,1,52,8,-1,-1,-1,-1,5,3,E01014054,0
Unvalidated,2024531421514,2024,531421514,1,98,0,9,7,3,0,2,0,0,0,0,1,1,1,1,32,6,-1,-1,-1,-1,4,1,E01022240,0
Unvalidated,2024531421645,2024,531421645,1,97,0,18,7,3,0,0,1,0,0,0,4,1,5,1,70,10,-1,-1,-1,-1,4,1,E01022428,0
Unvalidated,2024531421679,2024,531421679,1,9,0,18,5,1,0,1,0,0,0,0,1,1,6,1,49,8,-1,-1,-1,-1,7,1,E01022411,0
Unvalidated,2024531421679,2024,531421679,2,9,0,3,5,1,0,8,0,0,0,0,2,1,5,1,44,7,-1,-1,-1,-1,8,1,E01022402,0
Unvalidated,2024531421976,2024,531421976,1,98,0,9,5,1,0,1,0,0,0,0,1,1,1,1,52,8,-1,-1,-1,-1,-1,-1,-1,0
Unvalidated,2024531421976,2024,531421976,2,1,0,17,3,7,0,1,0,0,0,0,1,1,1,1,46,8,-1,-1,-1,-1,9,1,E01022372,0
Unvalidated,2024531422218,2024,531422218,1,9,0,4,5,1,0,0,0,0,0,0,2,1,5,2,25,5,-1,-1,-1,-1,10,2,E01032348,0
Unvalidated,2024531422218,2024,531422218,2,9,0,18,5,1,0,0,0,0,0,0,1,1,5,1,42,7,-1,-1,-1,-1,2,1,E01022457,0
Unvalidated,2024531422254,2024,531422254,1,9,0,5,3,7,0,1,0,0,0,0,1,1,5,2,44,7,-1,-1,-1,-1,8,1,E01022356,0
Unvalidated,2024531422254,2024,531422254,2,9,0,18,1,5,0,1,0,0,7,0,1,1,5,1,32,6,-1,-1,-1,-1,5,1,E01016279,0
Unvalidated,2024531422437,2024,531422437,1,98,0,18,5,1,0,0,5,0,1,0,1,1,1,2,25,5,-1,-1,-1,-1,1,1,E01014463,0
Unvalidated,2024531422528,2024,531422528,1,9,0,17,3,7,0,0,0,0,1,0,1,1,5,2,31,6,-1,-1,-1,-1,10,2,E01022220,0
Unvalidated,2024531422537,2024,531422537,1,9,0,18,1,5,0,0,0,0,1,3,1,1,1,1,64,9,-1,-1,-1,-1,7,1,E01014916,0
Unvalidated,2024531422989,2024,531422989,1,9,0,18,7,3,0,0,2,0,1,0,1,1,5,2,18,4,-1,-1,-1,-1,4,1,E01022450,0
Unvalidated,2024531422990,2024,531422990,1,9,0,18,3,7,0,1,0,0,0,0,1,1,5,2,53,8,-1,-1,-1,-1,7,2,E01031215,0
Unvalidated,2024531423320,2024,531423320,1,98,0,12,3,7,0,0,2,0,4,6,3,1,1,1,29,6,-1,-1,-1,-1,4,1,E01022428,0
Unvalidated,2024531423320,2024,531423320,2,9,0,18,7,3,0,0,0,0,0,0,4,1,2,1,33,6,-1,-1,-1,-1,5,1,E01022325,0
Unvalidated,2024531423374,2024,531423374,1,9,0,9,3,7,0,8,0,0,0,0,4,1,2,2,38,7,-1,-1,-1,-1,-1,-1,-1,0
Unvalidated,2024531423374,2024,531423374,2,98,0,18,5,1,0,8,0,0,0,0,1,1,1,1,50,8,-1,-1,-1,-1,7,1,E01014783,0
Unvalidated,2024531423459,2024,531423459,1,9,0,18,5,1,0,8,0,0,0,0,4,1,5,2,69,10,-1,-1,-1,-1,7,3,E01022230,0
Unvalidated,2024531423459,2024,531423459,2,1,0,18,3,7,0,8,0,0,0,0,3,1,5,1,30,6,-1,-1,-1,-1,6,1,E01022348,0
Unvalidated,2024531423655,2024,531423655,1,9,0,9,5,1,0,1,0,0,0,0,1,1,5,1,43,7,-1,-1,-1,-1,8,1,E01022758,0
Unvalidated,2024531423655,2024,531423655,2,9,0,18,7,3,0,8,0,0,0,0,1,1,5,1,71,10,-1,-1,-1,-1,8,3,E01029509,0
Unvalidated,2024531423672,2024,531423672,1,90,0,5,6,2,0,8,0,0,0,0,4,1,1,1,24,5,-1,-1,-1,-1,2,1,E01010102,0
Unvalidated,2024531423672,2024,531423672,2,1,0,5,6,2,0,8,0,0,0,0,3,1,6,1,44,7,-1,-1,-1,-1,6,1,E01022303,0
Unvalidated,2024531423794,2024,531423794,1,9,0,4,5,1,0,0,0,0,0,0,0,1,5,2,52,8,-1,-1,-1,-1,9,1,E01022129,0
Unvalidated,2024531423794,2024,531423794,2,1,0,18,5,1,0,0,0,0,0,0,0,1,6,2,56,9,-1,-1,-1,-1,6,1,E01022117,0
Unvalidated,2024531423924,2024,531423924,1,97,0,16,1,5,0,0,0,0,0,0,0,1,6,1,24,5,-1,-1,-1,-1,9,1,E01022427,0
Unvalidated,2024531423924,2024,531423924,2,9,0,16,1,5,0,0,1,0,0,0,1,1,2,1,30,6,-1,-1,-1,-1,2,1,E01032470,0
Unvalidated,2024531424001,2024,531424001,1,9,0,18,1,5,0,0,0,0,0,0,1,1,2,1,25,5,-1,-1,-1,-1,5,3,E01022420,0
Unvalidated,2024531424259,2024,531424259,1,9,0,18,3,7,0,2,0,0,0,0,1,1,5,1,73,10,-1,-1,-1,-1,8,2,E01022177,0
Unvalidated,2024531424376,2024,531424376,1,9,0,17,1,5,0,0,2,0,1,1,4,1,2,2,18,4,-1,-1,-1,-1,4,2,E01014038,0
Unvalidated,2024531424621,2024,531424621,1,9,0,18,3,7,0,0,5,0,1,4,1,1,2,1,26,6,-1,-1,-1,-1,5,1,E01015091,0
Unvalidated,2024531424621,2024,531424621,2,9,0,14,7,3,0,0,0,0,0,0,0,1,1,2,60,9,-1,-1,-1,-1,5,3,E01022265,0
Unvalidated,2024531424669,2024,531424669,1,9,0,5,7,3,0,8,0,0,0,0,3,1,5,1,50,8,-1,-1,-1,-1,7,3,E01022397,0
Unvalidated,2024531424669,2024,531424669,2,9,0,18,5,1,0,8,0,0,0,0,1,1,5,2,36,7,-1,-1,-1,-1,8,3,E01022413,0
Unvalidated,2024531424700,2024,531424700,1,9,0,17,1,5,0,0,0,0,2,9,1,1,5,1,36,7,-1,-1,-1,-1,5,2,E01022218,0
Unvalidated,2024531424705,2024,531424705,1,9,0,18,3,7,0,8,0,0,0,0,1,1,2,1,26,6,-1,-1,-1,-1,8,1,E01022452,0
Unvalidated,2024531424705,2024,531424705,2,9,0,18,1,5,0,1,0,0,0,0,1,1,2,1,30,6,-1,-1,-1,-1,6,2,E01022261,0
Unvalidated,2024531424736,2024,531424736,1,9,0,18,3,7,0,1,5,10,0,0,1,1,5,1,80,11,-1,-1,-1,-1,6,1,E01015478,0
Unvalidated,2024531424758,2024,531424758,1,9,0,7,2,6,0,0,0,4,0,0,1,1,6,1,18,4,-1,-1,-1,-1,2,1,E01022288,0
Unvalidated,2024531424758,2024,531424758,2,9,0,2,0,0,0,0,0,0,0,0,2,1,6,3,-1,-1,-1,-1,-1,-1,-1,-1,-1,0
Unvalidated,2024531424758,2024,531424758,3,9,0,18,2,6,0,0,0,0,0,0,0,1,1,1,51,8,-1,-1,-1,-1,-1,-1,-1,0
Unvalidated,2024531425130,2024,531425130,1,11,0,18,3,7,0,0,0,0,0,0,1,1,1,1,51,8,-1,-1,-1,-1,3,1,E01022121,0
Unvalidated,2024531425130,2024,531425130,2,19,0,4,3,7,0,0,0,0,0,0,2,1,1,1,66,10,-1,-1,-1,-1,4,1,E01022240,0
Unvalidated,2024531425130,2024,531425130,3,9,0,4,3,7,0,0,0,0,0,0,2,1,6,1,75,10,-1,-1,-1,-1,9,1,E01022174,0
Unvalidated,2024531425363,2024,531425363,1,19,0,5,8,4,0,1,0,0,0,0,1,1,6,1,36,7,-1,-1,-1,-1,10,1,E01022317,0
Unvalidated,2024531425363,2024,531425363,2,1,0,8,8,4,0,1,0,0,0,0,2,1,2,2,38,7,-1,-1,-1,-1,10,1,E01022106,0
Unvalidated,2024531425508,2024,531425508,1,9,0,17,3,7,0,0,0,0,0,0,1,1,2,1,47,8,-1,-1,-1,-1,8,1,E01022165,0
Unvalidated,2024531425508,2024,531425508,2,9,0,16,7,3,0,0,0,0,0,0,1,1,5,1,69,10,-1,-1,-1,-1,5,1,E01022435,0
Unvalidated,2024531425593,2024,531425593,1,9,0,17,3,7,0,0,1,0,1,0,1,2,5,1,19,4,-1,-1,-1,-1,7,3,E01022407,0
Unvalidated,2024531425610,2024,531425610,1,9,0,18,3,7,0,0,1,0,0,0,2,1,2,1,28,6,-1,-1,-1,-1,1,1,E01022152,0
Unvalidated,2024531425610,2024,531425610,2,9,0,18,3,7,0,0,0,0,1,0,1,1,1,1,30,6,-1,-1,-1,-1,10,1,E01022386,0
Unvalidated,2024531425737,2024,531425737,1,9,0,18,3,7,0,0,0,0,0,0,1,1,5,1,81,11,-1,-1,-1,-1,5,1,E01022344,0
Unvalidated,2024531425737,2024,531425737,2,9,0,18,3,7,0,0,0,0,0,0,2,1,5,2,63,9,-1,-1,-1,-1,10,1,E01022297,0
Unvalidated,2024531425737,2024,531425737,3,9,0,18,3,7,0,0,0,0,0,0,2,1,6,1,79,11,-1,-1,-1,-1,10,1,E01022317,0
Unvalidated,2024531426233,2024,531426233,1,9,0,5,8,4,0,4,0,0,0,0,1,1,6,1,31,6,-1,-1,-1,-1,2,1,E01000151,0
Unvalidated,2024531426233,2024,531426233,2,9,0,18,5,1,0,3,0,0,0,0,4,1,5,2,37,7,-1,-1,-1,-1,10,1,E01022431,0
Unvalidated,2024531426233,2024,531426233,3,97,0,17,1,5,0,8,0,0,0,0,2,1,5,1,18,4,-1,-1,-1,-1,6,1,E01032933,0
Unvalidated,2024531426571,2024,531426571,1,9,0,18,1,5,0,0,0,7,1,6,3,1,2,1,29,6,-1,-1,-1,-1,4,1,E01015511,0
Unvalidated,2024531426583,2024,531426583,1,9,0,5,3,7,0,8,0,0,0,0,3,1,6,2,32,6,-1,-1,-1,-1,3,1,E01022159,0
Unvalidated,2024531426583,2024,531426583,2,9,0,18,1,5,0,8,0,0,0,0,1,1,6,2,59,9,-1,-1,-1,-1,8,1,E01022423,0
Unvalidated,2024531426586,2024,531426586,1,9,0,18,3,7,0,0,0,0,0,0,1,1,5,2,26,6,-1,-1,-1,-1,9,1,E01028561,0
Unvalidated,2024531426588,2024,531426588,1,9,0,18,2,6,0,0,1,0,7,9,1,1,5,1,38,7,-1,-1,-1,-1,5,1,E01003341,0
Unvalidated,2024531426752,2024,531426752,1,9,0,17,2,6,0,0,1,0,8,11,1,1,5,1,44,7,-1,-1,-1,-1,2,1,E01004424,0
Unvalidated,2024531426948,2024,531426948,1,9,0,9,1,5,0,1,0,0,2,0,1,1,5,2,53,8,-1,-1,-1,-1,6,2,E01022232,0
Unvalidated,2024531426948,2024,531426948,2,9,0,18,5,1,0,1,0,0,0,0,1,1,6,1,70,10,-1,-1,-1,-1,6,3,E01022249,0
Unvalidated,2024531427109,2024,531427109,1,9,0,18,1,5,0,0,0,0,1,0,1,1,2,2,33,6,-1,-1,-1,-1,10,3,E01022203,0
Unvalidated,2024531427189,2024,531427189,1,9,0,18,6,2,0,0,0,0,7,4,1,1,2,2,26,6,-1,-1,-1,-1,10,1,E01022138,0
Unvalidated,2024531427278,2024,531427278,1,9,0,16,1,5,0,8,2,0,0,0,1,1,5,1,55,8,-1,-1,-1,-1,10,2,E01022208,0
Unvalidated,2024531427355,2024,531427355,1,9,0,18,1,5,0,1,0,0,0,0,1,1,6,1,25,5,-1,-1,-1,-1,5,1,W01001551,0
Unvalidated,2024531427355,2024,531427355,2,9,0,18,7,3,0,1,0,0,0,0,4,1,6,2,18,4,-1,-1,-1,-1,7,3,E01022252,0
Unvalidated,2024531427389,2024,531427389,1,9,0,9,5,3,0,8,0,0,0,0,3,1,5,2,25,5,-1,-1,-1,-1,10,3,E01022434,0
Unvalidated,2024531427389,2024,531427389,2,1,0,18,3,7,0,8,5,0,0,0,1,1,2,1,38,7,-1,-1,-1,-1,10,3,E01022434,0
Unvalidated,2024531427494,2024,531427494,1,9,0,7,4,8,0,6,0,10,6,0,2,1,6,1,66,10,-1,-1,-1,-1,10,1,E01022193,0
Unvalidated,2024531427494,2024,531427494,2,9,0,18,6,2,0,1,0,0,6,0,1,1,1,1,57,9,-1,-1,-1,-1,-1,-1,-1,0
Unvalidated,2024531427604,2024,531427604,1,9,0,9,7,3,0,1,0,0,0,0,1,1,1,2,17,4,-1,-1,-1,-1,4,1,E01022301,0
Unvalidated,2024531427604,2024,531427604,2,9,0,18,3,7,0,1,0,0,1,1,1,2,2,1,43,7,-1,-1,-1,-1,8,1,E01022116,0
Unvalidated,2024531428142,2024,531428142,1,98,0,18,3,7,0,4,0,0,0,0,1,1,6,1,56,9,-1,-1,-1,-1,8,2,E01032938,0
Unvalidated,2024531428142,2024,531428142,2,9,0,4,3,7,0,4,0,0,0,0,2,1,6,2,41,7,-1,-1,-1,-1,7,1,E01022336,0
Unvalidated,2024531428264,2024,531428264,1,9,0,18,5,1,0,4,0,0,0,0,1,1,6,3,-1,-1,-1,-1,-1,-1,-1,-1,-1,0
Unvalidated,2024531428264,2024,531428264,2,9,0,17,4,8,0,1,0,0,1,0,4,1,5,2,36,7,-1,-1,-1,-1,9,3,E01022396,0
Unvalidated,2024531428789,2024,531428789,1,9,0,5,1,5,0,0,0,0,0,0,1,1,5,1,26,6,-1,-1,-1,-1,5,3,E01028846,0
Unvalidated,2024531428944,2024,531428944,1,9,0,5,1,5,0,0,0,0,0,0,3,1,5,1,56,9,-1,-1,-1,-1,-1,-1,-1,0
Unvalidated,2024531428944,2024,531428944,2,9,0,18,5,1,0,0,0,0,0,0,1,1,5,1,51,8,-1,-1,-1,-1,10,1,E01022283,0
Unvalidated,2024531429020,2024,531429020,1,9,0,9,7,1,0,2,0,0,0,0,1,1,5,2,63,9,-1,-1,-1,-1,7,1,E01028756,0
Unvalidated,2024531429079,2024,531429079,1,9,0,18,3,7,0,0,0,0,1,0,1,1,5,2,32,6,-1,-1,-1,-1,9,3,E01017875,0
Unvalidated,2024531429234,2024,531429234,1,9,0,18,5,1,0,0,1,11,1,11,1,1,5,2,26,6,-1,-1,-1,-1,4,1,E01022240,0
Unvalidated,2024531429608,2024,531429608,1,9,0,5,4,8,0,4,0,0,0,0,3,1,2,2,46,8,-1,-1,-1,-1,6,1,E01022117,0
Unvalidated,2024531429608,2024,531429608,2,1,0,9,7,5,0,8,0,0,0,0,4,1,2,1,32,6,-1,-1,-1,-1,10,1,E01022106,0
Unvalidated,2024531429777,2024,531429777,1,9,0,17,1,5,0,0,2,0,0,0,1,1,5,1,21,5,-1,-1,-1,-1,8,1,E01022356,0
Unvalidated,2024531429777,2024,531429777,2,9,0,13,1,5,0,0,0,0,0,0,0,1,6,3,-1,-1,-1,-1,-1,-1,-1,-1,-1,0
Unvalidated,2024531429821,2024,531429821,1,9,0,18,2,6,0,0,2,0,7,11,3,1,6,1,24,5,-1,-1,-1,-1,10,2,E01031214,0
Unvalidated,2024531429911,2024,531429911,1,9,-1,11,7,3,0,8,0,0,0,0,4,1,6,3,-1,-1,-1,-1,-1,-1,-1,-1,-1,0
Unvalidated,2024531429911,2024,531429911,2,9,0,18,7,3,0,8,0,0,0,0,3,1,5,1,52,8,-1,-1,-1,-1,6,3,E01022267,0
Unvalidated,2024531430570,2024,531430570,1,9,0,13,3,7,0,0,0,0,0,0,0,1,6,3,-1,-1,-1,-1,-1,-1,-1,-1,-1,0
Unvalidated,2024531430570,2024,531430570,2,1,0,18,3,7,0,0,0,0,0,0,3,1,6,1,61,9,-1,-1,-1,-1,8,1,E01022409,0
Unvalidated,2024531430608,2024,531430608,1,9,0,16,1,5,0,0,0,0,0,0,1,1,6,1,51,8,-1,-1,-1,-1,4,1,E01022243,0
Unvalidated,2024531430608,2024,531430608,2,9,0,17,5,1,0,0,0,0,1,4,1,1,5,1,77,11,-1,-1,-1,-1,7,3,E01022248,0
Unvalidated,2024531430659,2024,531430659,1,9,0,18,1,5,0,1,0,0,0,0,1,1,6,1,39,7,-1,-1,-1,-1,1,1,E01022329,0
Unvalidated,2024531430659,2024,531430659,2,9,0,18,7,3,0,1,0,0,7,11,4,1,6,1,17,4,-1,-1,-1,-1,6,2,E01022268,0
Unvalidated,2024531430681,2024,531430681,1,9,0,18,1,5,0,4,0,0,0,0,3,1,1,2,18,4,-1,-1,-1,-1,1,3,E01032932,0
Unvalidated,2024531430681,2024,531430681,2,9,0,18,7,3,0,8,0,0,0,0,1,1,2,2,20,4,-1,-1,-1,-1,9,1,E01022308,0
Unvalidated,2024531430681,2024,531430681,3,98,0,3,3,7,0,4,0,0,0,0,3,1,1,2,36,7,-1,-1,-1,-1,4,1,E01022428,0
Unvalidated,2024531430698,2024,531430698,1,9,0,18,5,1,0,0,0,0,0,0,1,1,6,1,-1,-1,-1,-1,-1,-1,-1,-1,-1,0
Unvalidated,2024531430698,2024,531430698,2,9,0,3,1,5,0,0,0,0,0,0,2,1,6,2,20,4,-1,-1,-1,-1,4,1,E01022241,0
Unvalidated,2024531430873,2024,531430873,1,9,0,18,1,5,0,8,0,0,0,0,1,1,5,2,48,8,-1,-1,-1,-1,10,1,E01022315,0
Unvalidated,2024531430873,2024,531430873,2,9,0,18,3,7,0,8,0,0,0,0,3,1,5,1,61,9,-1,-1,-1,-1,8,3,E01031939,0
Unvalidated,2024531431073,2024,531431073,1,9,0,16,1,5,0,0,5,0,8,10,1,1,5,1,17,4,-1,-1,-1,-1,10,2,E01031949,0
Unvalidated,2024531431150,2024,531431150,1,97,0,14,3,7,0,1,0,0,0,0,1,1,5,1,39,7,-1,-1,-1,-1,8,1,E01022412,0
Unvalidated,2024531431176,2024,531431176,1,97,0,17,1,5,0,0,0,0,1,0,4,1,5,1,51,8,-1,-1,-1,-1,8,1,E01022313,0
Unvalidated,2024531431196,2024,531431196,1,9,0,18,6,2,0,1,0,0,0,0,1,1,6,2,42,7,-1,-1,-1,-1,6,3,E01022227,0
Unvalidated,2024531431196,2024,531431196,2,9,0,10,2,8,0,1,0,0,0,0,1,1,6,1,59,9,-1,-1,-1,-1,6,3,E01022227,0
Unvalidated,2024531431196,2024,531431196,3,9,0,15,2,6,0,1,0,0,0,0,1,1,6,1,38,7,-1,-1,-1,-1,4,1,W01001598,0
Unvalidated,2024531431196,2024,531431196,4,9,0,15,2,6,0,1,0,0,0,0,1,1,6,1,48,8,-1,-1,-1,-1,8,3,W01001583,0
Unvalidated,2024531431253,2024,531431253,1,97,0,13,5,1,0,1,0,0,7,1,1,1,6,1,44,7,-1,-1,-1,-1,8,1,E01028766,0
Unvalidated,2024531431253,2024,531431253,2,9,0,9,5,1,0,5,0,0,0,0,3,1,2,2,65,9,-1,-1,-1,-1,6,3,E01022391,0
Unvalidated,2024531431594,2024,531431594,1,9,0,13,3,7,0,0,0,0,0,0,1,1,5,1,40,7,-1,-1,-1,-1,7,3,E01022175,0
Unvalidated,2024531431594,2024,531431594,2,1,0,18,3,7,0,0,0,0,0,0,3,1,5,1,62,9,-1,-1,-1,-1,7,3,E01022175,0
Unvalidated,2024531431757,2024,531431757,1,9,0,18,8,4,0,0,0,0,0,0,1,1,6,2,45,7,-1,-1,-1,-1,8,1,E01022165,0
Unvalidated,2024531431916,2024,531431916,1,9,0,18,5,1,0,1,0,0,0,0,1,1,3,2,43,7,-1,-1,-1,-1,7,2,E01022444,0
Unvalidated,2024531431916,2024,531431916,2,9,0,10,5,3,0,1,0,0,0,0,2,1,2,2,24,5,-1,-1,-1,-1,9,1,E01022295,0
Unvalidated,2024531431916,2024,531431916,3,9,0,18,1,5,0,8,0,0,0,0,3,1,5,2,20,4,-1,-1,-1,-1,-1,-1,-1,0
Unvalidated,2024531432074,2024,531432074,1,97,0,5,4,6,0,2,1,0,0,0,3,1,2,1,25,5,-1,-1,-1,-1,6,3,E01022445,0
Unvalidated,2024531432436,2024,531432436,1,9,0,18,1,5,0,4,1,9,3,10,3,1,6,1,35,6,-1,-1,-1,-1,1,1,E01006821,0
Unvalidated,2024531432498,2024,531432498,1,9,0,5,6,1,0,6,0,0,0,0,1,1,2,2,64,9,-1,-1,-1,-1,7,1,E01022300,0
Unvalidated,2024531432498,2024,531432498,2,9,0,4,5,1,0,1,0,0,0,0,2,1,1,1,27,6,-1,-1,-1,-1,2,1,E01022292,0
Unvalidated,2024531432587,2024,531432587,1,9,0,9,8,4,0,1,0,0,0,0,1,1,6,1,32,6,-1,-1,-1,-1,10,1,E01022406,0
Unvalidated,2024531432587,2024,531432587,2,9,0,18,5,1,0,1,0,0,0,0,1,1,6,1,58,9,-1,-1,-1,-1,10,3,E01026189,0
Unvalidated,2024531432792,2024,531432792,1,9,0,18,7,3,0,0,0,0,0,0,1,1,5,2,33,6,-1,-1,-1,-1,5,1,E01014062,0
Unvalidated,2024531432792,2024,531432792,2,9,0,18,3,7,0,0,0,0,0,0,1,1,5,1,42,7,-1,-1,-1,-1,9,1,E01022246,0
Unvalidated,2024531432896,2024,531432896,1,9,0,18,2,6,0,0,0,0,0,0,1,1,5,1,75,10,-1,-1,-1,-1,6,2,E01022267,0
Unvalidated,2024531432896,2024,531432896,2,9,0,4,2,6,0,0,0,0,0,0,2,1,1,1,31,6,-1,-1,-1,-1,7,1,E01014621,0