status,collision_index,collision_year,collision_reference,vehicle_reference,vehicle_type,towing_and_articulation,vehicle_manoeuvre,vehicle_direction_from,vehicle_direction_to,vehicle_location_restricted_lane,junction_location,skidding_and_overturning,hit_object_in_carriageway,vehicle_leaving_carriageway,hit_object_off_carriageway,first_point_of_impact,vehicle_left_hand_drive,journey_purpose_of_driver,sex_of_driver,age_of_driver,age_band_of_driver,engine_capacity_cc,propulsion_code,age_of_vehicle,generic_make_model,driver_imd_decile,driver_home_area_type,lsoa_of_driver,escooter_flag
Unvalidated,2024531433315,2024,531433315,1,9,0,18,2,6,0,0,0,0,0,0,1,1,5,1,17,4,-1,-1,-1,-1,9,1,E01033251,0
Unvalidated,2024531433409,2024,531433409,1,9,0,18,5,1,0,0,0,11,7,11,3,1,1,1,46,8,-1,-1,-1,-1,4,1,E01022326,0
Unvalidated,2024531433409,2024,531433409,2,9,0,18,1,5,0,0,1,0,7,0,3,1,6,2,22,5,-1,-1,-1,-1,7,2,E01022444,0
Unvalidated,2024531433720,2024,531433720,1,9,0,9,5,1,0,2,0,11,1,1,1,1,6,1,36,7,-1,-1,-1,-1,6,1,E01022460,0
Unvalidated,2024531434000,2024,531434000,1,9,0,18,1,5,0,2,0,0,0,0,1,1,5,1,37,7,-1,-1,-1,-1,6,1,E01022341,0
Unvalidated,2024531434000,2024,531434000,2,9,0,18,1,5,0,2,0,0,0,0,2,1,5,1,22,5,-1,-1,-1,-1,-1,-1,-1,0
Unvalidated,2024531434003,2024,531434003,1,9,0,5,7,3,0,8,0,0,0,0,1,1,5,2,57,9,-1,-1,-1,-1,10,1,E01022382,0
Unvalidated,2024531434003,2024,531434003,2,97,0,18,5,1,0,1,5,0,0,0,1,1,5,1,27,6,-1,-1,-1,-1,7,3,E01022449,0
Unvalidated,2024531434009,2024,531434009,1,9,0,18,1,5,0,6,0,0,0,0,1,1,1,1,34,6,-1,-1,-1,-1,9,1,E01022104,0
Unvalidated,2024531434009,2024,531434009,2,9,0,18,7,3,0,2,0,0,0,0,4,1,1,1,39,7,-1,-1,-1,-1,10,1,E01028816,0
Unvalidated,2024531434181,2024,531434181,1,9,0,11,6,2,0,8,0,0,0,0,4,1,6,3,-1,-1,-1,-1,-1,-1,-1,-1,-1,0
Unvalidated,2024531434181,2024,531434181,2,97,0,5,6,2,0,8,0,0,0,0,3,1,6,1,27,6,-1,-1,-1,-1,8,1,E01022313,0
Unvalidated,2024531434505,2024,531434505,1,9,0,18,5,1,0,0,0,0,7,9,1,1,5,2,27,6,-1,-1,-1,-1,6,3,E01032350,0
Unvalidated,2024531434519,2024,531434519,1,9,0,9,2,2,0,1,0,0,0,0,3,1,5,1,67,10,-1,-1,-1,-1,7,3,E01022206,0
Unvalidated,2024531434519,2024,531434519,2,9,0,18,2,2,0,1,0,0,0,0,3,1,5,2,81,11,-1,-1,-1,-1,10,3,E01022415,0
Unvalidated,2024531434526,2024,531434526,1,9,0,18,7,3,0,6,0,0,7,9,1,1,5,1,17,4,-1,-1,-1,-1,7,3,E01015474,0
Unvalidated,2024531434526,2024,531434526,2,98,0,18,5,1,0,1,5,0,7,0,1,1,6,1,36,7,-1,-1,-1,-1,-1,1,-1,0
Unvalidated,2024531434526,2024,531434526,3,9,0,18,1,5,0,1,1,0,1,9,1,1,6,2,25,5,-1,-1,-1,-1,6,1,E01022400,0
Unvalidated,2024531434587,2024,531434587,1,9,0,18,3,7,0,3,0,0,1,2,1,1,5,1,18,4,-1,-1,-1,-1,10,1,E01022281,0
Unvalidated,2024531434647,2024,531434647,1,9,0,18,3,7,0,0,0,0,0,0,1,1,2,1,33,6,-1,-1,-1,-1,5,3,E01032430,0
Unvalidated,2024531434647,2024,531434647,2,9,0,4,3,7,0,0,0,0,0,0,2,1,1,2,26,6,-1,-1,-1,-1,10,3,E01022465,0
Unvalidated,2024531434647,2024,531434647,3,9,0,4,3,7,0,0,0,0,0,0,2,1,1,1,36,7,-1,-1,-1,-1,8,1,E01022280,0
Unvalidated,2024531434916,2024,531434916,1,9,0,18,7,3,0,0,0,0,0,0,1,1,5,1,66,10,-1,-1,-1,-1,9,1,E01022422,0
Unvalidated,2024531434959,2024,531434959,1,9,0,18,1,5,0,1,0,0,0,0,1,1,6,1,37,7,-1,-1,-1,-1,4,1,E01032936,0
Unvalidated,2024531434959,2024,531434959,2,9,0,4,1,5,0,1,0,0,0,0,2,1,6,2,44,7,-1,-1,-1,-1,10,1,E01022281,0
Unvalidated,2024531435634,2024,531435634,1,97,0,18,1,5,0,0,0,0,0,0,0,1,6,2,18,4,-1,-1,-1,-1,3,1,E01012632,0
Unvalidated,2024531435649,2024,531435649,1,9,0,9,3,7,0,0,0,0,0,0,1,1,6,1,60,9,-1,-1,-1,-1,10,3,E01022434,0
Unvalidated,2024531435649,2024,531435649,2,1,0,18,5,1,9,0,0,0,0,0,1,1,2,2,37,7,-1,-1,-1,-1,3,1,E01022134,0
Unvalidated,2024531435675,2024,531435675,1,9,0,18,7,3,0,0,0,0,0,0,1,1,1,1,63,9,-1,-1,-1,-1,10,1,E01022315,0
Unvalidated,2024531435675,2024,531435675,2,9,0,18,3,7,0,0,0,0,0,0,1,1,1,2,43,7,-1,-1,-1,-1,9,3,E01028794,0
Unvalidated,2024531435710,2024,531435710,1,9,0,7,5,1,0,8,0,0,0,0,2,1,5,2,19,4,-1,-1,-1,-1,3,1,E01022294,0
Unvalidated,2024531435710,2024,531435710,2,1,0,18,5,1,5,2,5,0,0,0,1,1,5,1,23,5,-1,-1,-1,-1,1,1,E01022319,0
Unvalidated,2024531435717,2024,531435717,1,9,0,18,6,2,0,1,0,0,7,4,1,1,5,1,78,11,-1,-1,-1,-1,8,2,E01022217,0
Unvalidated,2024531435946,2024,531435946,1,9,0,9,5,1,0,1,0,0,0,0,1,1,3,1,34,6,-1,-1,-1,-1,1,1,E01022147,0
Unvalidated,2024531435946,2024,531435946,2,9,0,18,3,7,0,8,0,0,0,0,1,1,5,2,34,6,-1,-1,-1,-1,10,1,E01022106,0
Unvalidated,2024531436018,2024,531436018,1,19,0,11,5,7,9,0,0,0,0,0,4,1,1,1,60,9,-1,-1,-1,-1,4,1,E01022149,0
Unvalidated,2024531436018,2024,531436018,2,1,0,18,5,1,9,0,0,0,0,0,1,1,6,1,6,2,-1,-1,-1,-1,5,1,E01022435,0
Unvalidated,2024531436129,2024,531436129,1,97,0,13,6,2,0,1,0,0,0,0,1,1,2,1,20,4,-1,-1,-1,-1,4,1,E01022326,0
Unvalidated,2024531436129,2024,531436129,2,9,0,12,6,2,0,1,0,0,0,0,3,1,6,1,25,5,-1,-1,-1,-1,3,1,E01022159,0
Unvalidated,2024531436129,2024,531436129,3,9,0,4,2,6,0,2,0,0,0,0,1,1,6,2,30,6,-1,-1,-1,-1,10,1,E01022306,0
Unvalidated,2024531436142,2024,531436142,1,97,0,18,3,7,0,0,1,0,0,0,1,1,1,1,34,6,-1,-1,-1,-1,9,1,E01022278,0
Unvalidated,2024531436142,2024,531436142,2,9,0,18,7,3,0,0,0,0,1,0,3,1,1,1,43,7,-1,-1,-1,-1,4,1,E01022450,0
Unvalidated,2024531436166,2024,531436166,1,9,0,9,6,2,0,8,0,0,0,0,1,1,5,1,63,9,-1,-1,-1,-1,10,2,E01016693,0
Unvalidated,2024531436166,2024,531436166,2,1,0,18,2,6,0,8,0,0,0,0,1,1,6,1,30,6,-1,-1,-1,-1,4,1,E01003114,0
Unvalidated,2024531436196,2024,531436196,1,9,0,9,5,1,0,0,2,10,1,9,1,1,5,1,47,8,-1,-1,-1,-1,6,1,E01022414,0
Unvalidated,2024531436196,2024,531436196,2,9,0,18,1,5,0,0,0,0,0,0,4,1,3,2,24,5,-1,-1,-1,-1,1,1,E01022147,0
Unvalidated,2024531436335,2024,531436335,1,9,0,18,2,6,0,0,1,0,0,0,1,1,6,2,34,6,-1,-1,-1,-1,5,1,E01022272,0
Unvalidated,2024531436335,2024,531436335,2,9,0,18,6,2,0,0,1,0,7,9,1,1,6,1,63,9,-1,-1,-1,-1,9,3,W01001590,0
Unvalidated,2024531436532,2024,531436532,1,9,0,13,1,5,0,0,0,0,0,0,3,1,5,2,17,4,-1,-1,-1,-1,7,2,E01022180,0
Unvalidated,2024531436532,2024,531436532,2,9,0,13,1,5,0,0,5,0,7,4,4,1,2,2,77,11,-1,-1,-1,-1,8,2,E01022217,0
Unvalidated,2024531436532,2024,531436532,3,9,0,18,1,5,0,0,0,0,0,0,0,1,6,3,-1,-1,-1,-1,-1,-1,-1,-1,-1,0
Unvalidated,2024531436615,2024,531436615,1,9,0,18,4,8,0,0,2,0,7,0,1,1,2,1,43,7,-1,-1,-1,-1,8,1,E01022447,0
Unvalidated,2024531436698,2024,531436698,1,9,0,9,3,7,0,1,0,0,0,0,4,1,6,3,-1,-1,-1,-1,-1,-1,-1,-1,-1,0
Unvalidated,2024531436698,2024,531436698,2,97,0,18,7,3,0,1,2,0,0,0,1,1,2,1,29,6,-1,-1,-1,-1,2,1,E01022285,0
Unvalidated,2024531436789,2024,531436789,1,9,0,9,2,7,0,8,0,0,0,0,3,1,1,1,22,5,-1,-1,-1,-1,5,1,E01009324,0
Unvalidated,2024531436789,2024,531436789,2,97,0,18,6,2,0,1,5,0,7,0,3,1,6,1,17,4,-1,-1,-1,-1,2,1,E01022131,0
Unvalidated,2024531437059,2024,531437059,1,98,0,1,5,1,0,8,0,0,0,0,2,1,6,1,31,6,-1,-1,-1,-1,9,1,E01032173,0
Unvalidated,2024531437295,2024,531437295,1,19,0,18,3,7,0,0,0,0,0,0,3,1,6,1,23,5,-1,-1,-1,-1,8,3,E01014890,0
Unvalidated,2024531437295,2024,531437295,2,9,0,4,7,3,0,0,0,0,0,0,3,1,6,2,21,5,-1,-1,-1,-1,7,2,E01014884,0
Unvalidated,2024531437342,2024,531437342,1,9,0,18,5,1,0,0,0,0,1,4,1,1,3,2,58,9,-1,-1,-1,-1,3,1,E01022364,0
Unvalidated,2024531437342,2024,531437342,2,9,0,9,5,3,0,0,0,0,0,0,2,1,1,1,32,6,-1,-1,-1,-1,7,3,E01022407,0
Unvalidated,2024531437547,2024,531437547,1,9,0,18,3,7,0,1,0,0,0,0,1,1,5,2,61,9,-1,-1,-1,-1,7,3,E01022216,0
Unvalidated,2024531437547,2024,531437547,2,9,0,9,3,8,0,5,0,0,0,0,2,1,5,2,65,9,-1,-1,-1,-1,7,3,E01022216,0
Unvalidated,2024531437634,2024,531437634,1,97,0,17,5,3,0,0,5,0,1,0,4,1,2,1,39,7,-1,-1,-1,-1,10,2,E01022220,0
Unvalidated,2024531437642,2024,531437642,1,9,0,4,5,1,0,1,0,0,0,0,1,1,5,2,29,6,-1,-1,-1,-1,7,1,E01022355,0
Unvalidated,2024531437642,2024,531437642,2,9,0,4,5,1,0,1,0,0,0,0,2,1,5,2,49,8,-1,-1,-1,-1,5,3,E01014053,0
Unvalidated,2024531437681,2024,531437681,1,9,0,18,3,7,0,4,0,0,0,0,1,1,2,2,20,4,-1,-1,-1,-1,8,1,E01022189,0
Unvalidated,2024531437681,2024,531437681,2,1,0,18,1,5,0,8,5,0,0,0,4,1,6,1,32,6,-1,-1,-1,-1,4,1,E01022326,0
Unvalidated,2024531438059,2024,531438059,1,9,0,12,1,1,0,0,1,0,1,0,1,1,1,1,23,5,-1,-1,-1,-1,5,1,E01022344,0
Unvalidated,2024531438059,2024,531438059,2,9,0,18,5,1,0,0,1,0,0,0,1,1,2,1,44,7,-1,-1,-1,-1,5,1,E01022421,0
Unvalidated,2024531438414,2024,531438414,1,19,0,5,1,5,0,8,0,0,0,0,1,1,6,2,60,9,-1,-1,-1,-1,6,2,E01022211,0
Unvalidated,2024531438414,2024,531438414,2,9,0,18,7,3,0,8,0,0,0,0,4,1,6,2,35,6,-1,-1,-1,-1,-1,2,-1,0
Unvalidated,2024531438738,2024,531438738,1,11,0,18,6,2,0,0,0,0,0,0,1,1,1,1,25,5,-1,-1,-1,-1,-1,-1,-1,0
Unvalidated,2024531438738,2024,531438738,2,9,0,3,6,2,0,0,0,0,0,0,2,1,2,2,49,8,-1,-1,-1,-1,10,1,E01022172,0
Unvalidated,2024531438754,2024,531438754,1,9,0,1,3,7,0,0,0,0,0,0,2,1,6,3,-1,-1,-1,-1,-1,-1,-1,-1,-1,0
Unvalidated,2024531438768,2024,531438768,1,9,0,18,6,2,0,0,0,0,0,0,1,1,6,3,-1,-1,-1,-1,-1,-1,-1,-1,-1,0
Unvalidated,2024531438786,2024,531438786,1,9,0,18,5,1,0,8,0,0,0,0,4,1,6,1,63,9,-1,-1,-1,-1,2,1,E01022164,0
Unvalidated,2024531438786,2024,531438786,2,9,0,18,7,3,0,8,0,0,0,0,1,1,6,2,33,6,-1,-1,-1,-1,9,1,E01022139,0
Unvalidated,2024531438792,2024,531438792,1,9,0,5,1,5,0,8,0,0,0,0,1,1,6,2,35,6,-1,-1,-1,-1,9,1,E01022139,0
Unvalidated,2024531438792,2024,531438792,2,9,0,18,3,7,0,8,0,0,0,0,3,1,6,1,55,8,-1,-1,-1,-1,8,1,E01022163,0
Unvalidated,2024531438811,2024,531438811,1,98,0,5,4,8,0,8,0,0,0,0,1,1,6,3,-1,-1,-1,-1,-1,-1,-1,-1,-1,0
Unvalidated,2024531438811,2024,531438811,2,1,0,18,2,6,0,8,5,0,0,0,4,1,6,1,45,7,-1,-1,-1,-1,5,1,E01022154,0
Unvalidated,2024531438831,2024,531438831,1,9,0,18,3,7,0,0,0,0,0,0,0,1,6,3,-1,-1,-1,-1,-1,-1,-1,-1,-1,0
Unvalidated,2024531438831,2024,531438831,2,16,0,18,3,7,0,0,0,0,0,0,0,1,5,2,24,5,-1,-1,-1,-1,8,2,E01022463,0
Unvalidated,2024531438910,2024,531438910,1,9,0,18,5,1,0,0,1,0,1,0,1,1,5,2,20,4,-1,-1,-1,-1,6,3,E01032395,0
Unvalidated,2024531438930,2024,531438930,1,9,0,18,2,6,0,0,1,0,4,6,1,1,5,2,29,6,-1,-1,-1,-1,4,1,E01032381,0
Unvalidated,2024531438944,2024,531438944,1,9,0,5,7,3,0,6,0,0,0,0,1,1,5,2,40,7,-1,-1,-1,-1,4,1,E01022250,0
Unvalidated,2024531438944,2024,531438944,2,9,0,18,3,1,0,1,0,0,0,0,1,1,5,1,64,9,-1,-1,-1,-1,6,1,E01022236,0
Unvalidated,2024531438979,2024,531438979,1,9,0,9,4,2,0,8,0,0,0,0,3,1,2,2,47,8,-1,-1,-1,-1,6,3,E01022260,0
Unvalidated,2024531438979,2024,531438979,2,9,0,18,2,6,0,8,0,0,0,0,1,1,2,2,23,5,-1,-1,-1,-1,6,3,E01022227,0
Unvalidated,2024531439028,2024,531439028,1,9,0,5,5,1,0,8,0,0,0,0,1,1,6,1,25,5,-1,-1,-1,-1,-1,-1,-1,0
Unvalidated,2024531439028,2024,531439028,2,1,0,18,3,7,0,3,5,0,0,0,4,1,2,1,43,7,-1,-1,-1,-1,9,1,E01022279,0
Unvalidated,2024531439061,2024,531439061,1,9,0,18,1,5,0,0,0,0,0,0,1,1,6,1,58,9,-1,-1,-1,-1,2,1,E01022332,0
Unvalidated,2024531439061,2024,531439061,2,9,0,18,1,5,0,0,0,0,0,0,2,1,5,1,55,8,-1,-1,-1,-1,10,2,E01022382,0
Unvalidated,2024531439061,2024,531439061,3,9,0,4,3,7,0,0,0,0,0,0,2,1,6,2,-1,-1,-1,-1,-1,-1,-1,-1,-1,0
Unvalidated,2024531439067,2024,531439067,1,9,0,18,5,1,0,1,0,0,0,0,1,1,6,3,-1,-1,-1,-1,-1,-1,-1,-1,-1,0
Unvalidated,2024531439067,2024,531439067,2,1,0,18,7,3,0,8,0,0,0,0,3,1,6,1,12,3,-1,-1,-1,-1,4,1,E01022399,0
Unvalidated,2024531439096,2024,531439096,1,9,0,7,3,5,0,1,0,0,0,0,4,1,6,3,-1,-1,-1,-1,-1,-1,-1,-1,-1,0
Unvalidated,2024531439118,2024,531439118,1,9,0,9,2,8,0,0,0,0,0,0,1,1,1,1,23,5,-1,-1,-1,-1,5,1,E01022379,0
Unvalidated,2024531439118,2024,531439118,2,9,0,18,6,2,0,0,1,0,1,0,3,1,5,2,38,7,-1,-1,-1,-1,8,1,E01022412,0
Unvalidated,2024531439152,2024,531439152,1,9,0,18,7,3,0,2,0,0,0,0,1,1,6,2,40,7,-1,-1,-1,-1,10,1,E01022171,0
Unvalidated,2024531439152,2024,531439152,2,9,0,3,7,3,0,2,0,0,0,0,2,1,5,1,40,7,-1,-1,-1,-1,10,2,E01032940,0
Unvalidated,2024531439240,2024,531439240,1,97,0,18,4,8,0,0,1,12,0,0,1,1,5,1,57,9,-1,-1,-1,-1,6,1,E01022194,0
Unvalidated,2024531439283,2024,531439283,1,9,0,5,1,5,0,6,0,0,0,0,1,1,5,2,27,6,-1,-1,-1,-1,7,1,E01022239,0
Unvalidated,2024531439283,2024,531439283,2,9,0,18,8,4,0,8,0,0,0,0,4,1,5,1,41,7,-1,-1,-1,-1,5,3,E01014050,0
Unvalidated,2024531439312,2024,531439312,1,9,0,18,3,7,0,6,0,0,0,0,1,1,6,1,51,8,-1,-1,-1,-1,4,1,E01022296,0
Unvalidated,2024531439312,2024,531439312,2,1,0,18,4,8,4,8,0,0,0,0,3,1,6,1,50,8,-1,-1,-1,-1,8,1,E01022298,0
Unvalidated,2024531439328,2024,531439328,1,9,0,17,4,2,0,8,0,0,0,0,1,1,5,2,34,6,-1,-1,-1,-1,-1,3,-1,0
Unvalidated,2024531439488,2024,531439488,1,9,0,18,5,1,0,2,0,0,0,0,1,1,5,1,52,8,-1,-1,-1,-1,8,1,E01022423,0
Unvalidated,2024531439626,2024,531439626,1,97,0,18,1,5,0,0,0,0,0,0,1,1,2,1,37,7,-1,-1,-1,-1,6,3,E01022176,0
Unvalidated,2024531439626,2024,531439626,2,9,0,4,1,5,0,0,0,0,0,0,2,1,5,2,35,6,-1,-1,-1,-1,6,3,E01022176,0
Unvalidated,2024531439717,2024,531439717,1,9,0,18,2,6,0,0,2,10,7,0,1,1,5,1,38,7,-1,-1,-1,-1,4,1,E01022156,0
Unvalidated,2024531439717,2024,531439717,2,9,0,18,2,6,0,0,0,0,0,0,0,1,1,1,45,7,-1,-1,-1,-1,6,1,E01032934,0
Unvalidated,2024531439976,2024,531439976,1,97,0,13,4,8,0,0,0,0,7,0,0,1,5,1,53,8,-1,-1,-1,-1,8,2,E01022177,0
Unvalidated,2024531439976,2024,531439976,2,9,0,18,4,8,0,0,0,0,0,0,0,1,2,2,71,10,-1,-1,-1,-1,5,3,E01032415,0
Unvalidated,2024531440052,2024,531440052,1,9,0,9,1,5,0,1,0,0,0,0,3,1,5,1,29,6,-1,-1,-1,-1,2,1,E01022131,0
Unvalidated,2024531440052,2024,531440052,2,9,0,18,7,1,0,3,0,0,0,0,1,1,5,2,18,4,-1,-1,-1,-1,10,2,E01022368,0
Unvalidated,2024531440451,2024,531440451,1,9,0,18,7,3,0,1,0,0,0,0,1,1,5,1,57,9,-1,-1,-1,-1,10,2,E01022208,0
Unvalidated,2024531440451,2024,531440451,2,9,0,18,7,3,0,1,0,0,0,0,2,1,6,2,20,4,-1,-1,-1,-1,7,3,E01022175,0
Unvalidated,2024531440451,2024,531440451,3,9,0,9,7,3,0,2,0,0,0,0,0,1,6,3,-1,-1,-1,-1,-1,-1,-1,-1,-1,0
Unvalidated,2024531440722,2024,531440722,1,97,0,3,7,3,0,0,0,0,0,0,1,1,5,1,58,9,-1,-1,-1,-1,6,3,E01022176,0
Unvalidated,2024531440722,2024,531440722,2,97,0,3,7,3,0,0,0,0,0,0,2,1,5,1,58,9,-1,-1,-1,-1,5,1,E01014466,0
Unvalidated,2024531441242,2024,531441242,1,9,0,4,2,6,0,0,0,0,0,0,1,1,5,1,84,11,-1,-1,-1,-1,10,1,E01022106,0
Unvalidated,2024531441242,2024,531441242,2,9,0,3,2,6,0,0,0,0,0,0,2,1,5,1,56,9,-1,-1,-1,-1,7,1,E01020375,0
Unvalidated,2024531441272,2024,531441272,1,97,0,4,6,2,0,0,0,0,0,0,1,1,5,1,27,6,-1,-1,-1,-1,-1,-1,-1,0
Unvalidated,2024531441272,2024,531441272,2,9,0,4,6,2,0,0,0,0,0,0,0,1,5,2,80,11,-1,-1,-1,-1,10,1,E01014067,0
Unvalidated,2024531441281,2024,531441281,1,9,0,13,3,7,0,1,5,0,7,9,1,1,1,1,49,8,-1,-1,-1,-1,4,2,E01032627,0
Unvalidated,2024531441281,2024,531441281,2,9,0,10,3,7,0,8,0,0,0,0,0,1,6,3,-1,-1,-1,-1,-1,-1,-1,-1,-1,0
Unvalidated,2024531441399,2024,531441399,1,97,0,14,5,1,0,0,0,0,0,0,1,1,6,1,26,6,-1,-1,-1,-1,8,1,E01022452,0
Unvalidated,2024531441399,2024,531441399,2,9,0,9,5,3,0,0,0,0,0,0,2,1,6,1,72,10,-1,-1,-1,-1,5,3,E01022441,0
Unvalidated,2024531441423,2024,531441423,1,9,0,17,3,7,0,0,5,0,0,0,1,1,6,1,19,4,-1,-1,-1,-1,4,1,E01022331,0
Unvalidated,2024531441718,2024,531441718,1,9,0,17,4,2,9,0,5,11,8,2,1,1,5,1,52,8,-1,-1,-1,-1,4,1,E01022161,0
Unvalidated,2024531441751,2024,531441751,1,9,0,13,5,1,0,1,0,0,0,0,1,1,6,2,27,6,-1,-1,-1,-1,9,1,E01022363,0
Unvalidated,2024531441751,2024,531441751,2,1,0,18,5,1,0,1,0,0,0,0,2,1,6,1,17,4,-1,-1,-1,-1,8,3,E01014890,0
Unvalidated,2024531441791,2024,531441791,1,97,0,18,5,1,0,0,1,10,0,0,4,1,6,1,19,4,-1,-1,-1,-1,6,1,E01032935,0
Unvalidated,2024531441793,2024,531441793,1,9,0,18,1,5,0,0,1,0,0,0,3,1,5,2,68,10,-1,-1,-1,-1,9,3,E01022453,0
Unvalidated,2024531441793,2024,531441793,2,9,0,18,5,1,0,0,1,0,0,0,3,1,5,1,61,9,-1,-1,-1,-1,10,1,E01022146,0
Unvalidated,2024531442206,2024,531442206,1,9,0,4,1,5,0,1,0,0,0,0,4,1,6,1,77,11,-1,-1,-1,-1,3,1,E01022153,0
Unvalidated,2024531442206,2024,531442206,2,1,0,18,3,7,0,1,0,0,0,0,1,1,6,1,32,6,-1,-1,-1,-1,6,1,E01022127,0
Unvalidated,2024531442318,2024,531442318,1,9,0,18,1,5,0,0,0,0,0,0,1,1,5,1,84,11,-1,-1,-1,-1,10,1,E01022106,0
Unvalidated,2024531442318,2024,531442318,2,9,0,18,1,5,0,0,0,0,0,0,2,1,3,2,36,7,-1,-1,-1,-1,2,1,E01022160,0
Unvalidated,2024531442318,2024,531442318,3,9,0,18,1,5,0,0,0,0,0,0,2,1,6,2,54,8,-1,-1,-1,-1,10,1,E01022146,0
Unvalidated,2024531442328,2024,531442328,1,97,0,17,5,1,0,0,5,10,1,10,3,1,5,1,57,9,-1,-1,-1,-1,3,1,E01022159,0
Unvalidated,2024531442374,2024,531442374,1,9,0,18,1,5,0,0,0,0,0,0,1,1,6,2,50,8,-1,-1,-1,-1,2,1,E01022324,0
Unvalidated,2024531442374,2024,531442374,2,1,0,12,5,1,0,0,5,0,0,0,2,1,5,1,67,10,-1,-1,-1,-1,7,2,E01029085,0
Unvalidated,2024531442385,2024,531442385,1,1,0,9,7,3,0,0,0,0,0,0,1,1,5,1,16,4,-1,-1,-1,-1,3,1,E01022293,0
Unvalidated,2024531442385,2024,531442385,2,9,0,18,5,1,0,0,0,0,0,0,1,1,2,1,60,9,-1,-1,-1,-1,10,1,E01022306,0
Unvalidated,2024531442392,2024,531442392,1,97,0,18,0,4,0,0,1,10,0,0,4,1,2,1,21,5,-1,-1,-1,-1,9,1,E01022357,0
Unvalidated,2024531442421,2024,531442421,1,9,0,9,4,1,0,2,0,0,0,0,3,1,6,2,31,6,-1,-1,-1,-1,6,1,E01014882,0
Unvalidated,2024531442421,2024,531442421,2,97,0,15,7,3,4,2,0,0,0,0,1,1,6,1,61,9,-1,-1,-1,-1,3,1,E01016373,0
Unvalidated,2024531442477,2024,531442477,1,9,0,18,7,3,0,1,0,0,0,0,1,1,1,1,39,7,-1,-1,-1,-1,10,1,E01022103,0
Unvalidated,2024531442477,2024,531442477,2,9,0,18,7,3,0,1,0,0,0,0,2,1,5,1,65,9,-1,-1,-1,-1,5,3,W01000537,0
Unvalidated,2024531442706,2024,531442706,1,9,0,6,1,5,0,0,0,0,0,0,3,1,6,1,28,6,-1,-1,-1,-1,1,1,E01022122,0
Unvalidated,2024531442706,2024,531442706,2,9,0,18,1,5,0,0,0,0,0,0,4,1,6,1,28,6,-1,-1,-1,-1,5,1,E01022155,0
Unvalidated,2024531442839,2024,531442839,1,9,0,18,2,6,0,1,0,0,5,1,1,1,6,1,22,5,-1,-1,-1,-1,6,1,E01022127,0
Unvalidated,2024531442839,2024,531442839,2,9,0,3,2,6,0,1,0,0,0,0,2,1,6,1,35,6,-1,-1,-1,-1,2,1,E01022133,0
Unvalidated,2024531442839,2024,531442839,3,9,0,3,2,6,0,1,0,0,0,0,2,1,6,1,58,9,-1,-1,-1,-1,4,2,W01000996,0
Unvalidated,2024531443093,2024,531443093,1,9,0,9,2,6,0,5,0,0,0,0,3,1,5,1,52,8,-1,-1,-1,-1,-1,-1,-1,0
Unvalidated,2024531443093,2024,531443093,2,97,0,13,2,6,0,8,0,0,0,0,4,1,2,1,59,9,-1,-1,-1,-1,10,1,E01022439,0
Unvalidated,2024531443181,2024,531443181,1,9,0,9,6,2,0,8,0,0,0,0,3,1,6,1,45,7,-1,-1,-1,-1,2,1,E01022164,0
Unvalidated,2024531443181,2024,531443181,2,9,0,18,4,8,0,1,0,0,0,0,1,1,6,2,34,6,-1,-1,-1,-1,4,1,E01022173,0
Unvalidated,2024531444240,2024,531444240,1,9,0,18,2,6,0,1,0,0,0,0,1,1,2,2,77,11,-1,-1,-1,-1,10,2,E01022433,0
Unvalidated,2024531444240,2024,531444240,2,9,0,3,2,6,0,1,0,0,0,0,2,1,5,1,69,10,-1,-1,-1,-1,8,1,E01022437,0
Unvalidated,2024531444279,2024,531444279,1,1,0,18,5,1,0,0,0,0,0,0,1,1,5,2,14,3,-1,-1,-1,-1,2,1,E01022346,0
Unvalidated,2024531444279,2024,531444279,2,9,0,18,3,7,0,0,0,0,0,0,4,1,1,1,31,6,-1,-1,-1,-1,4,1,E01022301,0
Unvalidated,2024531444750,2024,531444750,1,9,0,18,5,1,0,2,0,0,0,0,4,1,5,1,26,6,-1,-1,-1,-1,9,1,E01032323,0
Unvalidated,2024531444776,2024,531444776,1,98,0,18,1,5,0,0,0,0,0,0,1,1,6,1,18,4,-1,-1,-1,-1,8,1,E01022101,0
Unvalidated,2024531444776,2024,531444776,2,9,0,18,1,5,0,0,0,0,0,0,2,1,6,1,41,7,-1,-1,-1,-1,5,1,E01022321,0
Unvalidated,2024531444816,2024,531444816,1,9,0,18,5,1,0,8,5,10,7,11,1,1,5,1,77,11,-1,-1,-1,-1,10,3,E01022354,0
Unvalidated,2024531444816,2024,531444816,2,98,0,4,1,5,0,1,0,0,0,0,3,1,5,1,51,8,-1,-1,-1,-1,10,2,E01022366,0
Unvalidated,2024531444850,2024,531444850,1,9,0,18,3,7,0,0,0,0,0,0,1,1,5,2,49,8,-1,-1,-1,-1,4,1,E01022156,0
Unvalidated,2024531444856,2024,531444856,1,9,0,9,1,5,0,6,0,0,0,0,1,1,1,1,29,6,-1,-1,-1,-1,7,1,E01022411,0