status,collision_index,collision_year,collision_reference,vehicle_reference,vehicle_type,towing_and_articulation,vehicle_manoeuvre,vehicle_direction_from,vehicle_direction_to,vehicle_location_restricted_lane,junction_location,skidding_and_overturning,hit_object_in_carriageway,vehicle_leaving_carriageway,hit_object_off_carriageway,first_point_of_impact,vehicle_left_hand_drive,journey_purpose_of_driver,sex_of_driver,age_of_driver,age_band_of_driver,engine_capacity_cc,propulsion_code,age_of_vehicle,generic_make_model,driver_imd_decile,driver_home_area_type,lsoa_of_driver,escooter_flag
Unvalidated,2024531444856,2024,531444856,2,97,0,18,7,3,0,8,0,0,0,0,1,1,5,1,64,9,-1,-1,-1,-1,-1,-1,-1,0
Unvalidated,2024531444903,2024,531444903,1,9,0,18,7,3,0,0,1,0,1,11,1,1,6,2,31,6,-1,-1,-1,-1,2,1,E01022238,0
Unvalidated,2024531445153,2024,531445153,1,9,0,18,6,2,0,0,0,0,0,0,4,1,6,2,18,4,-1,-1,-1,-1,5,1,E01022150,0
Unvalidated,2024531445177,2024,531445177,1,97,0,16,4,2,0,0,5,0,7,4,3,1,5,1,46,8,-1,-1,-1,-1,10,1,E01028668,0
Unvalidated,2024531445273,2024,531445273,1,9,0,16,7,3,0,8,0,0,0,0,1,1,5,2,20,4,-1,-1,-1,-1,10,3,E01026362,0
Unvalidated,2024531445273,2024,531445273,2,9,0,4,7,3,0,8,0,0,0,0,2,1,5,1,19,4,-1,-1,-1,-1,10,3,E01022354,0
Unvalidated,2024531445273,2024,531445273,3,97,0,10,7,3,0,8,0,0,0,0,0,1,5,1,16,4,-1,-1,-1,-1,6,2,E01022383,0
Unvalidated,2024531445334,2024,531445334,1,9,0,18,1,5,0,2,1,11,1,0,3,1,5,2,37,7,-1,-1,-1,-1,1,3,E01032932,0
Unvalidated,2024531445334,2024,531445334,2,98,0,18,1,5,0,2,0,0,0,0,0,1,5,1,40,7,-1,-1,-1,-1,1,3,E01032932,0
Unvalidated,2024531445334,2024,531445334,3,9,0,18,5,1,0,1,0,10,0,0,3,1,5,2,47,8,-1,-1,-1,-1,3,1,E01022286,0
Unvalidated,2024531445661,2024,531445661,1,9,0,18,4,5,0,1,0,0,0,0,3,1,6,2,23,5,-1,-1,-1,-1,8,1,E01022412,0
Unvalidated,2024531445661,2024,531445661,2,19,0,18,7,7,0,2,0,0,0,0,3,1,1,1,58,9,-1,-1,-1,-1,10,1,E01022172,0
Unvalidated,2024531445781,2024,531445781,1,9,0,16,5,1,0,0,0,0,0,0,1,1,6,1,17,4,-1,-1,-1,-1,3,1,E01022294,0
Unvalidated,2024531445781,2024,531445781,2,90,0,17,5,1,0,0,0,0,0,0,3,1,5,1,29,6,-1,-1,-1,-1,7,3,E01022175,0
Unvalidated,2024531445820,2024,531445820,1,90,0,5,3,7,0,1,0,0,0,0,0,1,5,1,26,6,-1,-1,-1,-1,6,1,E01032934,0
Unvalidated,2024531445820,2024,531445820,2,97,0,4,1,5,0,4,1,0,0,0,0,1,1,1,46,8,-1,-1,-1,-1,1,1,E01022323,0
Unvalidated,2024531446268,2024,531446268,1,98,0,16,7,4,0,0,2,0,4,1,1,1,1,1,50,8,-1,-1,-1,-1,4,1,E01014085,0
Unvalidated,2024531447008,2024,531447008,1,9,0,13,1,5,0,0,0,0,0,0,4,1,6,2,47,8,-1,-1,-1,-1,9,1,E01022143,0
Unvalidated,2024531447008,2024,531447008,2,1,0,18,1,5,0,0,0,10,2,0,3,1,5,1,22,5,-1,-1,-1,-1,9,1,E01022143,0
Unvalidated,2024531447488,2024,531447488,1,9,0,18,3,7,0,0,1,0,1,4,1,1,6,2,42,7,-1,-1,-1,-1,9,1,E01022372,0
Unvalidated,2024531447542,2024,531447542,1,97,0,12,5,1,0,0,0,0,0,0,1,1,5,1,18,4,-1,-1,-1,-1,9,1,E01022363,0
Unvalidated,2024531447542,2024,531447542,2,9,0,5,5,1,0,0,0,0,0,0,2,1,5,1,72,10,-1,-1,-1,-1,9,1,E01022372,0
Unvalidated,2024531447700,2024,531447700,1,9,0,5,3,7,0,6,0,0,0,0,3,1,6,3,-1,-1,-1,-1,-1,-1,-1,-1,-1,0
Unvalidated,2024531447700,2024,531447700,2,1,0,18,1,5,0,1,2,0,0,0,1,1,4,1,13,3,-1,-1,-1,-1,8,1,E01022101,0
Unvalidated,2024531447741,2024,531447741,1,9,0,9,5,3,0,5,0,0,0,0,1,1,5,1,37,7,-1,-1,-1,-1,8,1,E01022447,0
Unvalidated,2024531447741,2024,531447741,2,9,0,18,3,7,0,1,0,0,0,0,1,1,2,1,56,9,-1,-1,-1,-1,6,1,E01010115,0
Unvalidated,2024531447868,2024,531447868,1,9,0,18,5,1,0,0,0,0,0,0,1,1,6,1,46,8,-1,-1,-1,-1,9,1,E01022107,0
Unvalidated,2024531447910,2024,531447910,1,9,0,17,1,5,0,0,0,0,8,4,1,1,6,1,38,7,-1,-1,-1,-1,7,1,E01014959,0
Unvalidated,2024531448238,2024,531448238,1,97,0,16,3,7,0,0,1,0,7,2,1,1,5,1,40,7,-1,-1,-1,-1,3,1,E01022364,0
Unvalidated,2024531448312,2024,531448312,1,97,0,18,5,1,0,0,0,11,1,0,1,1,5,1,27,6,-1,-1,-1,-1,-1,-1,-1,0
Unvalidated,2024531448312,2024,531448312,2,97,0,18,5,1,0,0,0,0,0,0,0,1,5,1,60,9,-1,-1,-1,-1,6,1,E01022234,0
Unvalidated,2024531448547,2024,531448547,1,9,0,18,8,4,0,8,0,0,0,0,1,1,6,1,27,6,-1,-1,-1,-1,6,2,E01022262,0
Unvalidated,2024531448547,2024,531448547,2,9,0,18,6,2,0,1,1,0,1,0,4,1,2,2,32,6,-1,-1,-1,-1,8,2,E01032182,0
Unvalidated,2024531448795,2024,531448795,1,9,0,18,3,7,0,0,1,0,0,0,3,1,6,1,52,8,-1,-1,-1,-1,10,1,E01022105,0
Unvalidated,2024531448795,2024,531448795,2,9,0,18,7,3,0,0,0,0,2,0,3,1,6,1,31,6,-1,-1,-1,-1,6,3,E01022225,0
Unvalidated,2024531449384,2024,531449384,1,97,0,18,5,1,0,0,0,0,0,0,1,1,6,2,34,6,-1,-1,-1,-1,6,3,E01022442,0
Unvalidated,2024531449384,2024,531449384,2,9,0,18,1,5,0,0,0,0,0,0,3,1,5,2,76,11,-1,-1,-1,-1,6,3,E01022442,0
Unvalidated,2024531450025,2024,531450025,1,9,0,18,5,1,0,8,0,0,0,0,3,1,6,1,51,8,-1,-1,-1,-1,9,1,E01022282,0
Unvalidated,2024531450025,2024,531450025,2,1,0,18,3,7,0,8,0,0,0,0,1,1,2,1,48,8,-1,-1,-1,-1,7,1,E01022345,0
Unvalidated,2024531450087,2024,531450087,1,90,0,16,1,5,0,2,5,0,0,0,4,1,6,1,41,7,-1,-1,-1,-1,8,1,E01022402,0
Unvalidated,2024531450087,2024,531450087,2,9,0,16,1,5,0,2,0,11,0,0,1,1,5,1,66,10,-1,-1,-1,-1,-1,1,-1,0
Unvalidated,2024531450375,2024,531450375,1,9,0,5,1,5,0,4,0,0,0,0,1,1,6,2,27,6,-1,-1,-1,-1,8,1,E01022313,0
Unvalidated,2024531450375,2024,531450375,2,9,0,5,1,5,0,4,0,0,0,0,2,1,6,2,58,9,-1,-1,-1,-1,6,3,E01022271,0
Unvalidated,2024531450394,2024,531450394,1,9,0,18,3,7,0,1,0,0,0,0,1,1,5,1,68,10,-1,-1,-1,-1,7,3,E01022376,0
Unvalidated,2024531450394,2024,531450394,2,9,0,9,5,3,0,6,0,0,0,0,3,1,2,2,19,4,-1,-1,-1,-1,6,1,E01022400,0
Unvalidated,2024531450675,2024,531450675,1,9,0,18,1,5,0,0,0,0,1,4,1,1,5,1,76,11,-1,-1,-1,-1,9,2,E01022418,0
Unvalidated,2024531450675,2024,531450675,2,98,0,18,5,1,0,0,0,0,0,0,2,1,1,1,25,5,-1,-1,-1,-1,9,1,E01014796,0
Unvalidated,2024531450809,2024,531450809,1,97,0,18,1,5,0,0,0,0,0,0,2,1,5,1,19,4,-1,-1,-1,-1,10,2,E01031934,0
Unvalidated,2024531451391,2024,531451391,1,9,0,18,8,4,0,8,0,0,0,0,4,1,5,1,40,7,-1,-1,-1,-1,5,1,E01022421,0
Unvalidated,2024531451391,2024,531451391,2,9,0,18,2,6,0,8,0,0,0,0,1,1,5,1,66,10,-1,-1,-1,-1,4,1,E01022149,0
Unvalidated,2024531451506,2024,531451506,1,9,0,9,7,5,0,5,0,0,0,0,4,1,2,1,19,4,-1,-1,-1,-1,7,3,E01022397,0
Unvalidated,2024531451506,2024,531451506,2,1,0,18,3,7,5,1,0,0,0,0,1,1,2,2,32,6,-1,-1,-1,-1,6,1,E01022127,0
Unvalidated,2024531451816,2024,531451816,1,1,0,5,8,4,0,8,0,0,0,0,3,1,2,1,51,8,-1,-1,-1,-1,3,1,E01022320,0
Unvalidated,2024531451816,2024,531451816,2,9,0,18,6,2,0,1,0,0,0,0,1,1,5,1,62,9,-1,-1,-1,-1,10,1,E01022318,0
Unvalidated,2024531452187,2024,531452187,1,9,0,18,3,7,0,1,0,0,0,0,4,1,5,2,32,6,-1,-1,-1,-1,2,1,E01022288,0
Unvalidated,2024531452201,2024,531452201,1,97,0,18,5,1,0,0,0,0,0,0,2,1,5,1,41,7,-1,-1,-1,-1,5,3,E01031141,0
Unvalidated,2024531452201,2024,531452201,2,9,0,18,3,7,0,0,0,0,0,0,3,1,6,3,-1,-1,-1,-1,-1,-1,-1,-1,-1,0
Unvalidated,2024531452351,2024,531452351,1,9,0,18,1,5,0,0,0,0,0,0,1,1,5,1,35,6,-1,-1,-1,-1,3,1,E01022375,0
Unvalidated,2024531452351,2024,531452351,2,9,0,18,5,1,0,0,5,0,0,0,1,1,5,2,51,8,-1,-1,-1,-1,9,3,E01022381,0
Unvalidated,2024531452473,2024,531452473,1,9,0,18,8,4,0,1,0,0,0,0,1,1,5,2,51,8,-1,-1,-1,-1,5,2,E01022464,0
Unvalidated,2024531452473,2024,531452473,2,9,0,9,2,6,0,1,0,0,0,0,2,1,6,2,33,6,-1,-1,-1,-1,8,2,E01022463,0
Unvalidated,2024531452478,2024,531452478,1,9,0,18,5,1,0,0,0,0,0,0,1,1,6,2,17,4,-1,-1,-1,-1,-1,3,-1,0
Unvalidated,2024531452533,2024,531452533,1,9,0,5,1,1,0,0,0,0,7,0,1,1,6,1,87,11,-1,-1,-1,-1,9,1,E01022304,0
Unvalidated,2024531452672,2024,531452672,1,9,0,16,4,8,0,0,0,0,0,0,1,1,5,1,19,4,-1,-1,-1,-1,9,3,W01001085,0
Unvalidated,2024531452741,2024,531452741,1,9,0,16,3,7,0,0,5,0,0,0,1,1,5,1,39,7,-1,-1,-1,-1,9,2,E01022212,0
Unvalidated,2024531452753,2024,531452753,1,9,0,5,1,3,0,6,0,0,0,0,1,1,1,1,38,7,-1,-1,-1,-1,3,1,E01022286,0
Unvalidated,2024531452753,2024,531452753,2,9,0,18,0,1,0,1,0,0,0,0,1,1,2,2,48,8,-1,-1,-1,-1,4,1,E01022296,0
Unvalidated,2024531452792,2024,531452792,1,98,0,18,5,1,0,1,0,0,0,0,1,1,2,1,51,8,-1,-1,-1,-1,6,2,W01000598,0
Unvalidated,2024531452792,2024,531452792,2,9,0,10,5,1,0,1,0,0,0,0,2,1,2,2,46,8,-1,-1,-1,-1,3,1,E01022134,0
Unvalidated,2024531452867,2024,531452867,1,9,0,18,5,1,0,0,0,0,1,4,1,1,5,2,62,9,-1,-1,-1,-1,7,3,E01014385,0
Unvalidated,2024531453060,2024,531453060,1,9,0,18,7,3,0,1,0,0,0,0,1,1,5,1,24,5,-1,-1,-1,-1,4,1,E01014158,0
Unvalidated,2024531453060,2024,531453060,2,9,0,18,5,1,0,1,0,0,0,0,4,1,5,1,53,8,-1,-1,-1,-1,10,1,E01015563,0
Unvalidated,2024531453204,2024,531453204,1,97,0,18,7,3,0,8,1,0,0,0,2,1,5,1,66,10,-1,-1,-1,-1,6,1,E01022414,0
Unvalidated,2024531453204,2024,531453204,2,9,0,18,1,5,0,8,0,0,0,0,1,1,3,2,46,8,-1,-1,-1,-1,10,2,E01022208,0
Unvalidated,2024531453389,2024,531453389,1,97,0,18,7,3,0,0,0,4,0,0,1,1,5,1,38,7,-1,-1,-1,-1,6,1,E01022335,0
Unvalidated,2024531453389,2024,531453389,2,9,0,2,0,0,0,0,0,0,0,0,4,1,6,3,-1,-1,-1,-1,-1,-1,-1,-1,-1,0
Unvalidated,2024531453413,2024,531453413,1,9,0,18,2,6,0,0,0,0,1,0,1,1,5,2,70,10,-1,-1,-1,-1,8,1,E01022385,0
Unvalidated,2024531453413,2024,531453413,2,98,0,17,6,2,0,0,0,0,0,0,1,1,5,1,34,6,-1,-1,-1,-1,2,1,E01014626,0
Unvalidated,2024531453413,2024,531453413,3,9,0,17,6,2,0,0,0,0,0,0,3,1,2,2,64,9,-1,-1,-1,-1,6,1,E01022377,0
Unvalidated,2024531453431,2024,531453431,1,97,0,18,6,2,0,8,2,0,7,0,3,1,5,1,28,6,-1,-1,-1,-1,10,1,E01015533,0
Unvalidated,2024531453438,2024,531453438,1,90,0,18,4,8,0,0,0,0,0,0,1,1,6,3,-1,-1,-1,-1,-1,-1,-1,-1,-1,0
Unvalidated,2024531453483,2024,531453483,1,9,0,5,1,5,0,4,0,0,0,0,3,1,2,1,25,5,-1,-1,-1,-1,5,1,E01022327,0
Unvalidated,2024531453483,2024,531453483,2,1,0,18,3,7,0,8,0,0,0,0,1,1,2,1,35,6,-1,-1,-1,-1,5,3,E01022420,0
Unvalidated,2024531453535,2024,531453535,1,97,0,18,3,7,0,0,0,0,0,0,1,1,1,1,27,6,-1,-1,-1,-1,-1,-1,-1,0
Unvalidated,2024531453562,2024,531453562,1,9,0,7,4,6,0,6,0,0,0,0,1,1,5,1,39,7,-1,-1,-1,-1,3,1,E01014690,0
Unvalidated,2024531453562,2024,531453562,2,9,0,18,2,6,0,3,0,0,0,0,4,1,5,1,60,9,-1,-1,-1,-1,-1,3,-1,0
Unvalidated,2024531453610,2024,531453610,1,9,0,18,5,1,0,8,5,10,0,0,0,1,5,2,18,4,-1,-1,-1,-1,9,1,E01032710,0
Unvalidated,2024531453689,2024,531453689,1,9,0,18,2,6,0,0,0,0,0,0,0,1,5,2,42,7,-1,-1,-1,-1,10,2,E01022367,0
Unvalidated,2024531453689,2024,531453689,2,9,0,13,2,6,0,0,0,0,7,4,1,1,5,1,78,11,-1,-1,-1,-1,8,3,E01022385,0
Unvalidated,2024531454100,2024,531454100,1,9,0,7,3,1,0,1,0,0,0,0,1,1,5,1,26,6,-1,-1,-1,-1,6,3,E01022225,0
Unvalidated,2024531454517,2024,531454517,1,9,4,13,2,6,0,0,0,0,0,0,0,1,5,1,59,9,-1,-1,-1,-1,7,1,E01022411,0
Unvalidated,2024531454517,2024,531454517,2,1,0,18,2,6,0,0,0,0,0,0,0,1,2,1,50,8,-1,-1,-1,-1,8,1,E01026558,0
Unvalidated,2024531454827,2024,531454827,1,9,0,18,5,1,0,1,0,0,0,0,1,2,6,2,87,11,-1,-1,-1,-1,9,1,E01022125,0
Unvalidated,2024531454827,2024,531454827,2,9,0,18,5,1,0,1,0,0,0,0,2,2,1,1,24,5,-1,-1,-1,-1,10,1,E01022297,0
Unvalidated,2024531454827,2024,531454827,3,98,0,18,1,5,0,2,0,0,0,0,2,2,5,1,61,9,-1,-1,-1,-1,4,1,E01022250,0
Unvalidated,2024531454990,2024,531454990,1,9,0,12,3,7,0,1,0,0,0,0,1,1,1,1,34,6,-1,-1,-1,-1,4,2,W01000846,0
Unvalidated,2024531454990,2024,531454990,2,98,0,17,7,3,0,2,0,0,0,0,1,1,1,1,32,6,-1,-1,-1,-1,4,1,E01023088,0
Unvalidated,2024531455096,2024,531455096,1,97,0,13,3,7,0,1,0,0,0,0,1,1,6,2,21,5,-1,-1,-1,-1,9,3,E01022453,0
Unvalidated,2024531455096,2024,531455096,2,9,0,10,5,1,0,5,0,0,0,0,3,1,1,2,52,8,-1,-1,-1,-1,7,3,E01022449,0
Unvalidated,2024531455269,2024,531455269,1,9,0,18,7,3,0,0,0,0,0,0,1,1,5,1,32,6,-1,-1,-1,-1,10,1,E01022307,0
Unvalidated,2024531455269,2024,531455269,2,9,0,4,7,3,0,0,0,0,0,0,2,1,5,1,38,7,-1,-1,-1,-1,5,1,E01022421,0
Unvalidated,2024531455606,2024,531455606,1,9,0,18,1,5,0,8,0,0,0,0,4,1,2,1,24,5,-1,-1,-1,-1,3,2,E01022256,0
Unvalidated,2024531455606,2024,531455606,2,9,0,18,3,7,0,8,0,0,0,0,1,1,2,1,57,9,-1,-1,-1,-1,4,1,E01022240,0
Unvalidated,2024531455656,2024,531455656,1,9,0,9,7,3,0,6,0,0,0,0,3,1,2,1,51,8,-1,-1,-1,-1,8,3,E01022413,0
Unvalidated,2024531455656,2024,531455656,2,97,0,18,5,1,0,1,5,0,0,0,1,1,5,1,55,8,-1,-1,-1,-1,8,2,E01027055,0
Unvalidated,2024531455691,2024,531455691,1,98,0,9,7,3,0,8,0,0,0,0,3,1,1,1,28,6,-1,-1,-1,-1,8,1,E01032317,0
Unvalidated,2024531455691,2024,531455691,2,9,0,18,5,1,0,1,0,0,0,0,1,1,1,1,41,7,-1,-1,-1,-1,-1,2,-1,0
Unvalidated,2024531455811,2024,531455811,1,9,0,9,5,1,0,6,0,0,0,0,1,1,5,2,31,6,-1,-1,-1,-1,9,3,E01022207,0
Unvalidated,2024531455811,2024,531455811,2,9,0,18,3,7,0,1,0,0,0,0,4,1,5,1,17,4,-1,-1,-1,-1,10,3,E01022203,0
Unvalidated,2024531455911,2024,531455911,1,9,0,5,8,4,0,0,0,0,0,0,1,1,6,2,59,9,-1,-1,-1,-1,10,3,E01022181,0
Unvalidated,2024531455911,2024,531455911,2,1,0,18,4,8,0,0,5,0,0,0,1,1,6,1,47,8,-1,-1,-1,-1,7,2,E01022180,0
Unvalidated,2024531455917,2024,531455917,1,97,0,9,1,1,0,6,0,0,0,0,2,1,1,1,47,8,-1,-1,-1,-1,8,1,E01022101,0
Unvalidated,2024531455917,2024,531455917,2,9,0,18,1,1,0,1,0,0,0,0,1,1,5,1,46,8,-1,-1,-1,-1,9,1,E01022104,0
Unvalidated,2024531456010,2024,531456010,1,9,0,9,5,1,0,8,0,0,0,0,1,1,5,1,64,9,-1,-1,-1,-1,-1,-1,-1,0
Unvalidated,2024531456010,2024,531456010,2,9,0,18,3,7,0,6,0,0,0,0,1,1,6,1,69,10,-1,-1,-1,-1,3,1,E01027185,0
Unvalidated,2024531456256,2024,531456256,1,9,0,17,8,4,0,0,0,0,0,0,4,1,6,1,42,7,-1,-1,-1,-1,9,1,E01000762,0
Unvalidated,2024531456256,2024,531456256,2,9,0,18,1,5,0,0,0,0,1,3,3,1,6,1,76,11,-1,-1,-1,-1,7,3,E01028638,0
Unvalidated,2024531456324,2024,531456324,1,9,0,17,5,1,0,0,0,0,1,11,1,1,5,2,68,10,-1,-1,-1,-1,9,1,E01022389,0
Unvalidated,2024531456542,2024,531456542,1,23,0,16,6,2,0,0,0,10,0,0,1,1,6,1,18,4,-1,-1,-1,-1,10,1,E01022135,0
Unvalidated,2024531457858,2024,531457858,1,9,0,9,3,7,0,6,0,0,0,0,3,1,2,1,42,7,-1,-1,-1,-1,10,1,E01022118,0
Unvalidated,2024531457858,2024,531457858,2,9,0,18,1,5,0,1,0,0,0,0,4,1,2,1,53,8,-1,-1,-1,-1,2,1,E01032311,0
Unvalidated,2024531458501,2024,531458501,1,9,0,18,7,3,0,1,5,4,0,0,1,1,1,1,55,8,-1,-1,-1,-1,3,1,E01022294,0
Unvalidated,2024531458501,2024,531458501,2,9,0,2,0,0,0,8,0,0,0,0,3,1,6,3,-1,-1,-1,-1,-1,-1,-1,-1,-1,0
Unvalidated,2024531458501,2024,531458501,3,9,0,2,0,0,0,8,0,0,0,0,3,1,6,3,-1,-1,-1,-1,-1,-1,-1,-1,-1,0
Unvalidated,2024531458543,2024,531458543,1,9,0,13,5,1,0,0,1,0,2,0,4,1,1,1,55,8,-1,-1,-1,-1,7,3,E01031212,0
Unvalidated,2024531458543,2024,531458543,2,9,0,18,5,1,0,0,0,0,0,0,4,1,5,1,61,9,-1,-1,-1,-1,9,1,E01032821,0
Unvalidated,2024531458543,2024,531458543,3,9,0,18,1,5,0,0,0,0,0,0,1,1,6,2,53,8,-1,-1,-1,-1,9,2,E01022183,0
Unvalidated,2024531458648,2024,531458648,1,9,0,18,1,5,0,8,0,0,0,0,1,1,1,1,18,4,-1,-1,-1,-1,2,1,E01022288,0
Unvalidated,2024531458648,2024,531458648,2,98,0,18,7,3,0,8,0,0,0,0,4,1,5,1,23,5,-1,-1,-1,-1,8,1,E01022423,0
Unvalidated,2024531458834,2024,531458834,1,9,0,18,3,7,0,8,0,0,0,0,4,1,6,1,77,11,-1,-1,-1,-1,9,1,E01028760,0
Unvalidated,2024531458834,2024,531458834,2,9,0,18,5,1,0,1,0,0,0,0,1,1,6,2,77,11,-1,-1,-1,-1,10,1,E01028822,0
Unvalidated,2024531458904,2024,531458904,1,9,0,18,8,4,0,0,0,0,1,7,4,1,6,2,17,4,-1,-1,-1,-1,7,2,E01031887,0
Unvalidated,2024531458905,2024,531458905,1,9,0,18,3,7,0,0,0,0,0,0,1,1,5,2,59,9,-1,-1,-1,-1,2,1,E01014064,0
Unvalidated,2024531458905,2024,531458905,2,9,0,4,3,7,0,0,0,0,0,0,2,1,2,1,45,7,-1,-1,-1,-1,7,1,E01014070,0
Unvalidated,2024531458905,2024,531458905,3,9,0,18,7,3,0,0,0,0,1,0,3,1,1,1,34,6,-1,-1,-1,-1,5,1,E01022158,0
Unvalidated,2024531458905,2024,531458905,4,9,0,18,7,3,0,0,0,0,2,0,3,1,2,2,32,6,-1,-1,-1,-1,3,1,E01022121,0
Unvalidated,2024531458924,2024,531458924,1,9,0,18,4,8,0,4,0,9,0,0,1,1,5,1,36,7,-1,-1,-1,-1,6,1,E01022380,0
Unvalidated,2024531458946,2024,531458946,1,9,0,9,3,1,0,2,0,0,0,0,1,1,5,1,34,6,-1,-1,-1,-1,9,2,E01022212,0
Unvalidated,2024531458960,2024,531458960,1,9,0,5,1,5,0,8,0,0,0,0,1,1,6,2,33,6,-1,-1,-1,-1,1,1,E01022291,0
Unvalidated,2024531458960,2024,531458960,2,9,0,18,7,3,0,8,0,0,0,0,4,1,6,1,46,8,-1,-1,-1,-1,2,1,E01022332,0
Unvalidated,2024531459163,2024,531459163,1,9,0,5,5,1,0,6,0,0,0,0,1,1,6,1,26,6,-1,-1,-1,-1,8,1,E01022356,0
Unvalidated,2024531459174,2024,531459174,1,11,0,18,3,7,0,2,1,0,0,0,1,1,1,1,42,7,-1,-1,-1,-1,5,1,E01022321,0
Unvalidated,2024531459208,2024,531459208,1,9,0,18,1,5,0,8,5,0,7,10,4,1,2,1,40,7,-1,-1,-1,-1,1,3,E01032932,0
Unvalidated,2024531459208,2024,531459208,2,9,0,18,7,3,0,8,0,0,7,0,1,1,2,2,74,10,-1,-1,-1,-1,10,1,E01022103,0
Unvalidated,2024531459644,2024,531459644,1,9,0,18,5,1,0,0,0,0,0,0,1,1,6,3,-1,-1,-1,-1,-1,-1,-1,-1,-1,0
Unvalidated,2024531459644,2024,531459644,2,1,0,18,5,1,0,0,0,0,0,0,2,1,6,1,14,3,-1,-1,-1,-1,3,1,E01022157,0
Unvalidated,2024531459702,2024,531459702,1,9,0,18,6,2,0,0,0,0,0,0,1,1,6,1,35,6,-1,-1,-1,-1,4,1,E01022102,0
Unvalidated,2024531459702,2024,531459702,2,9,0,18,6,2,0,0,2,0,1,4,2,1,1,1,51,8,-1,-1,-1,-1,2,1,E01007348,0
Unvalidated,2024531460238,2024,531460238,1,9,0,18,4,8,0,8,0,0,0,0,1,1,1,2,46,8,-1,-1,-1,-1,2,1,E01022288,0
Unvalidated,2024531460238,2024,531460238,2,1,0,18,2,6,0,8,5,0,0,0,4,1,6,1,44,7,-1,-1,-1,-1,4,1,E01022331,0
Unvalidated,2024531460238,2024,531460238,3,9,0,2,0,0,0,2,0,0,0,0,3,1,6,3,-1,-1,-1,-1,-1,-1,-1,-1,-1,0
Unvalidated,2024531460241,2024,531460241,1,9,0,18,5,1,0,0,2,0,0,0,4,1,6,2,22,5,-1,-1,-1,-1,2,1,E01020582,0
Unvalidated,2024531460241,2024,531460241,2,98,0,18,5,1,0,0,0,0,0,0,3,1,1,1,53,8,-1,-1,-1,-1,4,1,W01000652,0
Unvalidated,2024531460369,2024,531460369,1,9,0,18,5,1,0,0,0,0,0,0,4,1,6,1,73,10,-1,-1,-1,-1,10,2,E01022366,0
Unvalidated,2024531460574,2024,531460574,1,9,0,9,5,2,0,6,0,0,0,0,3,1,5,1,18,4,-1,-1,-1,-1,4,1,E01022188,0
Unvalidated,2024531460574,2024,531460574,2,9,0,18,2,6,0,1,0,0,0,0,1,1,2,1,65,9,-1,-1,-1,-1,10,1,E01022196,0
Unvalidated,2024531460686,2024,531460686,1,1,0,4,1,5,0,4,0,0,0,0,1,1,6,2,45,7,-1,-1,-1,-1,2,1,E01022164,0
Unvalidated,2024531460686,2024,531460686,2,9,0,9,7,3,0,3,0,0,0,0,4,1,1,2,43,7,-1,-1,-1,-1,9,1,E01022107,0
Unvalidated,2024531460780,2024,531460780,1,9,0,5,3,7,0,4,0,0,0,0,0,1,6,3,-1,-1,-1,-1,-1,-1,-1,-1,-1,0
Unvalidated,2024531460780,2024,531460780,2,1,0,9,1,5,0,3,0,0,0,0,0,1,5,1,64,9,-1,-1,-1,-1,10,1,E01022113,0
Unvalidated,2024531460799,2024,531460799,1,9,0,9,8,6,0,6,0,0,0,0,1,1,2,2,55,8,-1,-1,-1,-1,8,1,E01022123,0
Unvalidated,2024531460799,2024,531460799,2,97,0,18,6,2,0,1,0,0,0,0,1,1,2,2,23,5,-1,-1,-1,-1,4,1,E01022161,0
Unvalidated,2024531460807,2024,531460807,1,9,0,12,7,3,0,0,0,0,0,0,1,1,5,1,24,5,-1,-1,-1,-1,9,1,-1,0
Unvalidated,2024531460807,2024,531460807,2,9,0,5,5,1,0,0,0,0,0,0,4,1,6,1,30,6,-1,-1,-1,-1,4,1,E01022331,0
Unvalidated,2024531461009,2024,531461009,1,9,0,17,3,7,0,0,0,0,1,0,1,1,5,1,83,11,-1,-1,-1,-1,8,2,E01022255,0
Unvalidated,2024531461126,2024,531461126,1,9,0,7,2,4,0,8,0,0,1,9,1,1,1,2,23,5,-1,-1,-1,-1,2,1,E01001770,0
Unvalidated,2024531461126,2024,531461126,2,9,0,18,4,8,0,1,0,0,0,0,3,1,5,1,26,6,-1,-1,-1,-1,7,2,E01031212,0
Unvalidated,2024531461261,2024,531461261,1,9,0,5,6,2,0,0,0,0,0,0,1,1,5,1,26,6,-1,-1,-1,-1,3,1,E01022153,0
Unvalidated,2024531461261,2024,531461261,2,9,0,3,6,2,0,0,0,0,0,0,2,1,6,2,46,8,-1,-1,-1,-1,5,1,E01022158,0
Unvalidated,2024531461362,2024,531461362,1,9,0,5,2,6,0,0,0,0,0,0,3,1,5,2,45,7,-1,-1,-1,-1,10,1,E01022350,0
Unvalidated,2024531461362,2024,531461362,2,9,0,18,8,4,0,0,0,0,0,0,1,1,5,2,55,8,-1,-1,-1,-1,9,1,E01022389,0
Unvalidated,2024531461419,2024,531461419,1,97,0,18,1,5,0,0,0,0,0,0,4,1,5,1,35,6,-1,-1,-1,-1,4,1,E01022309,0