status,collision_index,collision_year,collision_reference,vehicle_reference,vehicle_type,towing_and_articulation,vehicle_manoeuvre,vehicle_direction_from,vehicle_direction_to,vehicle_location_restricted_lane,junction_location,skidding_and_overturning,hit_object_in_carriageway,vehicle_leaving_carriageway,hit_object_off_carriageway,first_point_of_impact,vehicle_left_hand_drive,journey_purpose_of_driver,sex_of_driver,age_of_driver,age_band_of_driver,engine_capacity_cc,propulsion_code,age_of_vehicle,generic_make_model,driver_imd_decile,driver_home_area_type,lsoa_of_driver,escooter_flag
Unvalidated,2024531461478,2024,531461478,1,9,0,18,7,3,0,0,0,0,0,0,1,1,5,1,28,6,-1,-1,-1,-1,6,3,E01022235,0
Unvalidated,2024531461784,2024,531461784,1,9,0,9,6,4,0,8,0,0,0,0,4,1,5,1,18,4,-1,-1,-1,-1,9,1,E01022279,0
Unvalidated,2024531461784,2024,531461784,2,97,0,18,2,6,0,1,1,0,0,0,1,1,6,2,24,5,-1,-1,-1,-1,10,1,E01022130,0
Unvalidated,2024531461857,2024,531461857,1,9,0,13,1,5,0,0,0,0,0,0,4,1,6,3,-1,-1,-1,-1,-1,-1,-1,-1,-1,0
Unvalidated,2024531461857,2024,531461857,2,1,0,18,1,5,0,0,2,0,1,0,1,1,6,1,14,3,-1,-1,-1,-1,4,1,E01022243,0
Unvalidated,2024531461932,2024,531461932,1,5,0,18,5,1,0,0,1,11,0,0,1,1,6,1,63,9,-1,-1,-1,-1,1,1,E01015232,0
Unvalidated,2024531461932,2024,531461932,2,19,0,18,5,1,0,0,0,0,0,0,0,1,6,3,-1,-1,-1,-1,-1,-1,-1,-1,-1,0
Unvalidated,2024531461942,2024,531461942,1,3,0,16,2,6,0,0,0,4,0,0,1,1,5,1,23,5,-1,-1,-1,-1,9,3,W01001578,0
Unvalidated,2024531461942,2024,531461942,2,98,0,2,0,0,0,0,0,0,0,0,2,1,6,3,-1,-1,-1,-1,-1,-1,-1,-1,-1,0
Unvalidated,2024531461952,2024,531461952,1,9,0,18,5,1,0,0,0,0,0,0,1,1,1,1,20,4,-1,-1,-1,-1,-1,-1,-1,0
Unvalidated,2024531461952,2024,531461952,2,98,0,18,1,5,0,0,0,0,0,0,3,1,1,1,27,6,-1,-1,-1,-1,3,1,E01022320,0
Unvalidated,2024531462032,2024,531462032,1,97,0,18,7,3,0,1,0,0,0,0,1,1,2,1,21,5,-1,-1,-1,-1,6,2,E01022210,0
Unvalidated,2024531462032,2024,531462032,2,9,0,10,7,3,0,5,0,0,0,0,4,1,2,2,64,9,-1,-1,-1,-1,8,3,E01022209,0
Unvalidated,2024531462536,2024,531462536,1,1,0,7,6,2,0,0,0,0,0,0,1,1,4,1,15,3,-1,-1,-1,-1,1,1,E01032937,0
Unvalidated,2024531462536,2024,531462536,2,98,0,18,3,7,0,0,0,0,0,0,1,1,1,1,43,7,-1,-1,-1,-1,6,3,E01022380,0
Unvalidated,2024531462554,2024,531462554,1,97,0,18,1,5,0,0,0,0,0,0,2,1,6,1,28,6,-1,-1,-1,-1,5,1,E01022344,0
Unvalidated,2024531462981,2024,531462981,1,1,0,18,8,4,9,0,5,0,0,0,1,1,1,1,-1,-1,-1,-1,-1,-1,-1,-1,-1,0
Unvalidated,2024531463837,2024,531463837,1,9,0,4,7,3,0,0,0,4,0,0,1,1,6,1,74,10,-1,-1,-1,-1,3,2,E01022256,0
Unvalidated,2024531463837,2024,531463837,2,9,0,2,0,0,0,0,0,0,0,0,3,1,6,3,-1,-1,-1,-1,-1,-1,-1,-1,-1,0
Unvalidated,2024531463837,2024,531463837,3,5,0,2,0,0,0,0,0,0,0,0,4,1,6,3,-1,-1,-1,-1,-1,-1,-1,-1,-1,0
Unvalidated,2024531463837,2024,531463837,4,4,0,2,0,0,0,0,0,0,0,0,4,1,6,3,-1,-1,-1,-1,-1,-1,-1,-1,-1,0
Unvalidated,2024531464852,2024,531464852,1,9,0,18,7,3,0,0,0,0,0,0,1,2,6,3,-1,-1,-1,-1,-1,-1,-1,-1,-1,0
Unvalidated,2024531464852,2024,531464852,2,1,0,18,7,3,0,0,0,0,0,0,2,1,5,1,52,8,-1,-1,-1,-1,1,1,E01013761,0
Unvalidated,2024531465108,2024,531465108,1,9,0,16,3,7,0,0,0,0,7,0,1,1,6,2,57,9,-1,-1,-1,-1,6,3,E01022445,0
Unvalidated,2024531465288,2024,531465288,1,9,0,2,0,0,0,0,0,0,0,0,3,1,6,2,30,6,-1,-1,-1,-1,2,1,E01032450,0
Unvalidated,2024531465288,2024,531465288,2,1,0,18,1,5,0,0,2,4,0,0,1,1,5,1,53,8,-1,-1,-1,-1,7,3,E01031308,0
Unvalidated,2024531465646,2024,531465646,1,9,0,4,1,5,0,0,0,0,0,0,4,1,6,2,70,10,-1,-1,-1,-1,8,3,E01022398,0
Unvalidated,2024531465669,2024,531465669,1,9,0,15,5,1,0,1,0,0,0,0,4,1,6,1,82,11,-1,-1,-1,-1,3,1,E01022132,0
Unvalidated,2024531465669,2024,531465669,2,1,0,9,3,7,0,1,5,0,0,0,3,1,5,2,24,5,-1,-1,-1,-1,10,1,E01022130,0
Unvalidated,2024531465674,2024,531465674,1,9,0,5,1,5,0,0,0,0,0,0,3,1,5,2,51,8,-1,-1,-1,-1,6,1,E01032222,0
Unvalidated,2024531465674,2024,531465674,2,9,0,18,3,7,0,0,0,0,0,0,4,1,5,1,38,7,-1,-1,-1,-1,6,2,E01022261,0
Unvalidated,2024531465712,2024,531465712,1,9,0,9,2,1,0,2,0,0,0,0,1,1,6,2,85,11,-1,-1,-1,-1,10,3,E01022354,0
Unvalidated,2024531465712,2024,531465712,2,9,0,9,2,3,0,1,0,0,0,0,3,1,3,2,36,7,-1,-1,-1,-1,8,1,E01022387,0
Unvalidated,2024531466048,2024,531466048,1,9,0,18,3,7,0,2,0,0,0,0,1,1,6,2,-1,-1,-1,-1,-1,-1,-1,-1,-1,0
Unvalidated,2024531466048,2024,531466048,2,1,0,13,3,7,0,2,0,0,0,0,2,1,5,1,15,3,-1,-1,-1,-1,3,1,E01022132,0
Unvalidated,2024531466231,2024,531466231,1,9,0,14,5,1,0,2,0,0,0,0,4,1,6,1,71,10,-1,-1,-1,-1,8,3,E01031940,0
Unvalidated,2024531466231,2024,531466231,2,1,0,18,5,1,0,2,0,11,1,0,3,1,5,1,40,7,-1,-1,-1,-1,9,2,E01031935,0
Unvalidated,2024531466312,2024,531466312,1,19,0,18,0,0,0,0,0,0,0,0,3,1,6,3,-1,-1,-1,-1,-1,-1,-1,-1,-1,0
Unvalidated,2024531466312,2024,531466312,2,9,0,18,1,2,0,0,0,0,0,0,4,1,5,1,36,7,-1,-1,-1,-1,8,2,E01022255,0
Unvalidated,2024531466326,2024,531466326,1,9,0,18,3,7,0,0,0,0,0,0,1,2,6,1,30,6,-1,-1,-1,-1,-1,-1,-1,0
Unvalidated,2024531466326,2024,531466326,2,1,0,5,1,5,0,0,0,0,0,0,1,1,6,2,21,5,-1,-1,-1,-1,1,1,E01022333,0
Unvalidated,2024531466377,2024,531466377,1,9,0,9,8,4,0,4,0,0,0,0,1,1,6,2,-1,-1,-1,-1,-1,-1,-1,-1,-1,0
Unvalidated,2024531466377,2024,531466377,2,1,0,18,6,2,0,4,0,0,0,0,3,1,6,2,42,7,-1,-1,-1,-1,2,1,E01022160,0
Unvalidated,2024531466383,2024,531466383,1,98,0,18,-1,-1,0,0,0,0,0,0,1,1,6,1,-1,-1,-1,-1,-1,-1,-1,-1,-1,0
Unvalidated,2024531466748,2024,531466748,1,9,0,18,4,8,0,0,0,0,0,0,1,1,6,2,-1,-1,-1,-1,-1,-1,-1,-1,-1,0
Unvalidated,2024531466748,2024,531466748,2,1,0,5,6,2,0,0,0,0,0,0,3,1,4,2,13,3,-1,-1,-1,-1,4,1,E01022440,0
Unvalidated,2024531466782,2024,531466782,1,9,0,18,1,2,0,1,0,0,0,0,1,1,6,2,60,9,-1,-1,-1,-1,7,1,E01022287,0
Unvalidated,2024531466782,2024,531466782,2,1,0,18,3,7,0,1,0,0,0,0,1,1,4,1,14,3,-1,-1,-1,-1,5,1,E01022312,0
Unvalidated,2024531466782,2024,531466782,3,9,0,2,0,0,9,2,0,0,0,0,0,1,6,3,-1,-1,-1,-1,-1,-1,-1,-1,-1,0
Unvalidated,2024531466830,2024,531466830,1,9,0,18,3,7,0,0,0,0,0,0,4,1,6,1,-1,-1,-1,-1,-1,-1,2,1,E01022346,0
Unvalidated,2024531466830,2024,531466830,2,1,0,18,3,7,0,0,0,0,0,0,3,1,2,2,42,7,-1,-1,-1,-1,4,1,E01022161,0
Unvalidated,2024531467586,2024,531467586,1,9,0,18,5,1,0,0,0,0,0,0,4,1,5,2,78,11,-1,-1,-1,-1,7,1,E01022345,0
Unvalidated,2024531467586,2024,531467586,2,9,0,2,0,0,9,0,0,0,0,0,0,1,6,3,-1,-1,-1,-1,-1,-1,-1,-1,-1,0
Unvalidated,2024531468279,2024,531468279,1,9,0,18,6,2,0,0,0,0,0,0,1,1,6,3,-1,-1,-1,-1,-1,-1,-1,-1,-1,0
Unvalidated,2024531468279,2024,531468279,2,1,0,18,6,2,0,0,0,0,0,0,3,1,2,2,40,7,-1,-1,-1,-1,5,1,E01022344,0
Unvalidated,2024531468383,2024,531468383,1,9,0,18,7,3,0,1,0,0,0,0,1,1,6,3,-1,-1,-1,-1,-1,-1,-1,-1,-1,0
Unvalidated,2024531468383,2024,531468383,2,9,0,3,7,3,0,1,0,0,0,0,2,1,6,1,43,7,-1,-1,-1,-1,5,1,E01022800,0
Unvalidated,2024531468652,2024,531468652,1,9,0,18,4,2,0,8,0,0,0,0,1,1,6,3,-1,-1,-1,-1,-1,-1,-1,-1,-1,0
Unvalidated,2024531468652,2024,531468652,2,9,0,9,1,5,0,8,0,0,0,0,4,1,6,1,59,9,-1,-1,-1,-1,9,3,E01022363,0
Unvalidated,2024531470911,2024,531470911,1,98,0,18,6,2,0,8,0,0,0,0,1,1,6,3,-1,-1,-1,-1,-1,-1,-1,-1,-1,0
Unvalidated,2024531470911,2024,531470911,2,9,0,18,8,4,0,8,0,0,0,0,3,1,5,2,41,7,-1,-1,-1,-1,7,3,E01022216,0
Unvalidated,2024531471500,2024,531471500,1,9,0,18,2,6,0,0,0,0,0,0,3,1,6,1,51,8,-1,-1,-1,-1,4,1,E01022240,0
Unvalidated,2024531471500,2024,531471500,2,90,0,18,2,6,9,0,0,0,0,0,2,1,5,1,10,2,-1,-1,-1,-1,3,1,E01022237,0
Unvalidated,2024531472713,2024,531472713,1,9,0,5,-1,3,0,1,0,0,0,0,1,1,6,3,-1,-1,-1,-1,-1,-1,-1,-1,-1,0
Unvalidated,2024531472713,2024,531472713,2,1,0,5,3,7,0,6,5,0,0,0,2,1,6,2,13,3,-1,-1,-1,-1,2,1,E01022332,0
Unvalidated,2024531473041,2024,531473041,1,11,0,9,2,8,0,8,0,0,0,0,2,1,1,1,54,8,-1,-1,-1,-1,8,1,E01022412,0
Unvalidated,2024531473337,2024,531473337,1,98,0,18,3,7,0,6,0,0,0,0,1,1,6,3,-1,-1,-1,-1,-1,-1,-1,-1,-1,0
Unvalidated,2024531473337,2024,531473337,2,1,0,5,5,3,0,1,0,0,0,0,1,1,4,2,13,3,-1,-1,-1,-1,4,1,E01022450,0
Unvalidated,2024531473435,2024,531473435,1,9,0,18,1,3,0,0,0,0,0,0,1,1,6,3,-1,-1,-1,-1,-1,-1,-1,-1,-1,0
Unvalidated,2024531473435,2024,531473435,2,9,0,18,1,3,0,0,0,0,0,0,2,1,5,1,24,5,-1,-1,-1,-1,5,1,E01022334,0
Unvalidated,2024531474041,2024,531474041,1,9,0,9,4,2,0,6,0,0,0,0,1,1,6,2,60,9,-1,-1,-1,-1,10,1,E01022145,0
Unvalidated,2024531474041,2024,531474041,2,1,0,18,6,2,0,1,0,0,0,0,3,1,2,2,38,7,-1,-1,-1,-1,3,1,E01022121,0
Unvalidated,2024531474808,2024,531474808,1,9,0,18,5,1,0,0,0,0,0,0,1,1,6,2,-1,-1,-1,-1,-1,-1,-1,-1,-1,0
Unvalidated,2024531474808,2024,531474808,2,1,0,18,1,3,0,0,0,0,0,0,2,1,5,1,13,3,-1,-1,-1,-1,6,2,E01022232,0
Unvalidated,2024531475260,2024,531475260,1,9,0,18,5,1,0,2,0,0,0,0,1,1,6,1,35,6,-1,-1,-1,-1,10,1,E01022315,0
Unvalidated,2024531475610,2024,531475610,1,9,0,5,5,1,0,1,0,0,0,0,1,1,3,2,40,7,-1,-1,-1,-1,7,1,E01022287,0
Unvalidated,2024531475610,2024,531475610,2,1,0,11,7,3,0,1,0,0,0,0,4,1,2,2,41,7,-1,-1,-1,-1,5,1,E01022312,0
Unvalidated,2024531476773,2024,531476773,1,9,0,18,6,2,9,0,0,0,0,0,4,1,6,3,-1,-1,-1,-1,-1,-1,-1,-1,-1,0
Unvalidated,2024531479434,2024,531479434,1,9,0,18,7,3,0,0,0,0,1,0,1,1,6,2,31,6,-1,-1,-1,-1,9,2,E01022185,0
Unvalidated,2024531481692,2024,531481692,1,97,0,18,3,7,0,1,5,0,0,0,1,1,5,1,52,8,-1,-1,-1,-1,5,2,E01022231,0
Unvalidated,2024531481692,2024,531481692,2,9,0,9,3,7,0,1,0,0,0,0,2,1,5,1,32,6,-1,-1,-1,-1,7,3,E01022444,0
Unvalidated,2024531490280,2024,531490280,1,98,0,6,1,5,0,0,0,0,0,0,1,1,6,1,33,6,-1,-1,-1,-1,-1,-1,-1,0
Unvalidated,2024531490280,2024,531490280,2,97,0,18,5,1,0,0,0,0,0,0,1,1,6,1,17,4,-1,-1,-1,-1,7,2,E01022444,0
Unvalidated,2024531490280,2024,531490280,3,9,0,18,1,5,0,0,0,0,0,0,1,1,6,2,33,6,-1,-1,-1,-1,8,1,E01022123,0
Unvalidated,2024531493453,2024,531493453,1,9,0,17,5,1,0,4,0,0,0,0,1,1,6,1,60,9,-1,-1,-1,-1,5,1,E01022358,0
Unvalidated,2024531493453,2024,531493453,2,1,0,7,5,8,0,3,0,0,0,0,4,1,2,2,29,6,-1,-1,-1,-1,8,1,E01022402,0
Unvalidated,2024531499518,2024,531499518,1,19,0,9,1,7,0,6,0,0,0,0,2,1,6,1,37,7,-1,-1,-1,-1,9,1,E01002929,0
Unvalidated,2024531499518,2024,531499518,2,9,0,18,1,5,0,1,0,0,0,0,1,1,6,1,45,7,-1,-1,-1,-1,7,2,E01022180,0
Unvalidated,2024531502280,2024,531502280,1,9,0,18,1,5,0,0,5,0,1,0,3,1,6,1,46,8,-1,-1,-1,-1,4,1,E01022188,0
Unvalidated,2024540019624,2024,540019624,1,9,0,4,3,7,0,4,0,0,0,0,1,1,6,3,-1,-1,-1,-1,-1,-1,-1,-1,-1,0
Unvalidated,2024540019624,2024,540019624,2,1,0,18,1,5,0,3,0,0,0,0,4,1,6,1,34,6,-1,-1,-1,-1,4,1,E01015475,0
Unvalidated,2024540027924,2024,540027924,1,1,0,18,5,1,0,6,0,0,0,0,3,1,6,1,20,4,-1,-1,-1,-1,2,1,E01032093,0
Unvalidated,2024540027924,2024,540027924,2,9,0,18,7,3,0,3,0,0,0,0,1,1,6,1,47,8,-1,-1,-1,-1,9,1,E01032099,0
Unvalidated,2024540036324,2024,540036324,1,9,0,5,1,2,0,6,0,0,0,0,1,1,6,2,41,7,-1,-1,-1,-1,-1,-1,-1,0
Unvalidated,2024540036324,2024,540036324,2,9,0,18,2,6,0,1,0,0,0,0,1,1,6,1,66,10,-1,-1,-1,-1,6,3,E01031846,0
Unvalidated,2024540056224,2024,540056224,1,9,0,18,2,7,0,1,0,0,0,0,1,1,6,3,-1,-1,-1,-1,-1,-1,-1,-1,-1,0
Unvalidated,2024540069827,2024,540069827,1,9,0,18,3,7,0,0,0,0,0,0,1,1,1,1,47,8,-1,-1,-1,-1,2,1,E01015573,0
Unvalidated,2024540085424,2024,540085424,1,3,0,18,4,1,0,1,0,0,0,0,1,1,2,1,18,4,-1,-1,-1,-1,8,1,E01032102,0
Unvalidated,2024540085424,2024,540085424,2,9,0,4,5,1,0,1,0,0,0,0,2,1,6,2,43,7,-1,-1,-1,-1,5,2,E01032048,0
Unvalidated,2024540093324,2024,540093324,1,9,0,7,3,6,0,1,0,0,0,0,1,1,6,1,22,5,-1,-1,-1,-1,10,1,E01031924,0
Unvalidated,2024540096724,2024,540096724,1,9,0,18,1,5,0,0,0,0,7,4,1,1,6,2,51,8,-1,-1,-1,-1,4,1,E01032014,0
Unvalidated,2024540098324,2024,540098324,1,9,0,8,4,8,0,6,0,0,0,0,1,1,1,2,62,9,-1,-1,-1,-1,-1,-1,-1,0
Unvalidated,2024540098324,2024,540098324,2,9,0,18,2,6,0,8,0,0,0,0,1,1,6,1,45,7,-1,-1,-1,-1,4,1,E01015580,0
Unvalidated,2024540100824,2024,540100824,1,9,0,18,2,6,0,3,0,0,0,0,1,1,1,1,32,6,-1,-1,-1,-1,7,3,E01015474,0
Unvalidated,2024540109024,2024,540109024,1,9,0,5,1,5,0,0,5,0,7,9,3,1,6,1,51,8,-1,-1,-1,-1,7,1,E01032116,0
Unvalidated,2024540113224,2024,540113224,1,9,0,18,5,1,0,0,1,0,0,0,1,1,1,1,29,6,-1,-1,-1,-1,6,1,E01032119,0
Unvalidated,2024540113224,2024,540113224,2,9,0,3,5,1,0,0,0,0,0,0,2,1,1,2,43,7,-1,-1,-1,-1,3,1,E01031912,0
Unvalidated,2024540144324,2024,540144324,1,9,0,18,8,4,0,0,1,0,5,6,3,1,6,1,32,6,-1,-1,-1,-1,3,1,E01015488,0
Unvalidated,2024540148324,2024,540148324,1,9,0,17,4,8,0,0,0,0,0,0,2,1,6,1,53,8,-1,-1,-1,-1,2,1,E01017186,0
Unvalidated,2024540148324,2024,540148324,2,9,0,17,4,8,0,0,0,0,0,0,1,1,1,2,30,6,-1,-1,-1,-1,10,3,E01032870,0
Unvalidated,2024540148424,2024,540148424,1,9,0,17,4,2,0,0,0,4,0,0,1,1,6,1,54,8,-1,-1,-1,-1,4,3,E01032040,0
Unvalidated,2024540148424,2024,540148424,2,19,0,2,0,0,0,0,0,0,0,0,2,1,6,3,-1,-1,-1,-1,-1,-1,-1,-1,-1,0
Unvalidated,2024540156624,2024,540156624,1,9,0,18,7,3,0,4,0,0,0,0,1,1,6,3,-1,-1,-1,-1,-1,-1,-1,-1,-1,0
Unvalidated,2024540156624,2024,540156624,2,1,0,18,5,1,0,8,0,0,0,0,4,1,6,2,42,7,-1,-1,-1,-1,6,1,E01015497,0
Unvalidated,2024540162024,2024,540162024,1,3,0,18,8,4,0,0,0,0,0,0,1,1,6,1,28,6,-1,-1,-1,-1,3,1,E01015510,0
Unvalidated,2024540162024,2024,540162024,2,9,0,18,8,4,0,0,0,0,0,0,2,1,6,2,48,8,-1,-1,-1,-1,8,2,E01015588,0
Unvalidated,2024540163624,2024,540163624,1,5,0,18,4,8,0,1,0,0,0,0,1,1,2,1,42,7,-1,-1,-1,-1,7,2,E01031974,0
Unvalidated,2024540163624,2024,540163624,2,19,0,4,4,8,0,1,0,0,0,0,2,1,1,1,17,4,-1,-1,-1,-1,-1,-1,-1,0
Unvalidated,2024540165424,2024,540165424,1,21,1,3,5,1,0,0,0,0,0,0,1,1,1,1,27,6,-1,-1,-1,-1,2,1,E01029100,0
Unvalidated,2024540165424,2024,540165424,2,9,0,3,5,1,0,0,0,0,0,0,2,1,6,2,66,10,-1,-1,-1,-1,4,2,E01031862,0
Unvalidated,2024540165424,2024,540165424,3,9,0,3,5,1,0,0,0,0,0,0,2,1,6,1,63,9,-1,-1,-1,-1,8,3,E01031843,0
Unvalidated,2024540165424,2024,540165424,4,9,0,3,5,1,0,0,0,0,0,0,2,1,6,2,71,10,-1,-1,-1,-1,8,2,E01031861,0
Unvalidated,2024540166423,2024,540166423,1,9,0,13,5,8,0,0,1,0,1,10,1,1,6,1,26,6,-1,-1,-1,-1,10,1,E01015499,0
Unvalidated,2024540168524,2024,540168524,1,19,0,9,2,5,0,6,0,0,0,0,1,1,6,2,43,7,-1,-1,-1,-1,8,1,E01015517,0
Unvalidated,2024540168524,2024,540168524,2,11,0,18,4,8,0,8,0,0,0,0,3,1,1,1,64,9,-1,-1,-1,-1,4,1,E01015480,0
Unvalidated,2024540173424,2024,540173424,1,9,0,18,4,8,0,0,0,0,1,4,3,1,6,1,62,9,-1,-1,-1,-1,5,1,E01031908,0
Unvalidated,2024540190324,2024,540190324,1,9,0,18,6,2,0,0,0,0,0,0,1,1,6,1,58,9,-1,-1,-1,-1,5,3,E01020147,0
Unvalidated,2024540190324,2024,540190324,2,19,0,18,6,2,0,0,0,0,0,0,0,1,1,1,36,7,-1,-1,-1,-1,2,1,E01002604,0
Unvalidated,2024540190324,2024,540190324,3,9,0,18,2,6,0,0,0,0,7,0,1,1,1,1,31,6,-1,-1,-1,-1,8,2,E01023197,0
Unvalidated,2024540197724,2024,540197724,1,9,0,18,7,3,0,0,0,0,0,0,0,1,6,3,-1,-1,-1,-1,-1,-1,-1,-1,-1,0
Unvalidated,2024540197724,2024,540197724,2,16,0,18,7,3,0,0,0,0,0,0,0,1,6,1,9,2,-1,-1,-1,-1,8,3,E01031885,0
Unvalidated,2024540202124,2024,540202124,1,9,0,7,5,1,0,4,0,0,0,0,1,1,6,1,27,6,-1,-1,-1,-1,8,1,E01015472,0
Unvalidated,2024540202124,2024,540202124,2,9,0,10,1,3,0,3,0,0,0,0,3,1,6,2,51,8,-1,-1,-1,-1,8,1,E01015472,0
Unvalidated,2024540227924,2024,540227924,1,9,0,9,6,4,0,1,0,0,0,0,1,1,6,1,66,10,-1,-1,-1,-1,8,2,E01032704,0
Unvalidated,2024540227924,2024,540227924,2,9,0,18,4,8,0,1,0,0,0,0,1,1,6,2,18,4,-1,-1,-1,-1,3,1,E01015503,0
Unvalidated,2024540238924,2024,540238924,1,3,0,18,3,7,0,0,1,0,0,0,4,1,6,1,24,5,-1,-1,-1,-1,6,1,E01031889,0
Unvalidated,2024540239624,2024,540239624,1,3,0,17,2,6,0,0,1,0,0,0,3,1,6,1,17,4,-1,-1,-1,-1,7,3,E01031848,0
Unvalidated,2024540263024,2024,540263024,1,9,0,14,4,8,0,0,0,0,0,0,4,1,6,3,-1,-1,-1,-1,-1,-1,-1,-1,-1,0
Unvalidated,2024540263024,2024,540263024,2,9,0,2,0,0,0,0,0,0,0,0,4,1,6,2,25,5,-1,-1,-1,-1,-1,3,-1,0
Unvalidated,2024540264723,2024,540264723,1,11,0,17,7,4,0,0,1,6,7,10,1,1,1,1,48,8,-1,-1,-1,-1,8,1,E01032001,0
Unvalidated,2024540271424,2024,540271424,1,9,0,9,2,8,0,1,0,0,0,0,3,1,2,2,41,7,-1,-1,-1,-1,6,1,E01015579,0
Unvalidated,2024540271424,2024,540271424,2,90,0,13,2,6,0,1,0,0,0,0,1,1,1,1,24,5,-1,-1,-1,-1,6,1,E01015478,0
Unvalidated,2024540275324,2024,540275324,1,9,0,5,6,2,0,1,0,0,0,0,1,1,6,1,-1,-1,-1,-1,-1,-1,-1,-1,-1,0
Unvalidated,2024540275324,2024,540275324,2,1,0,18,1,5,0,1,0,0,0,0,1,1,6,1,21,5,-1,-1,-1,-1,8,1,E01032095,0
Unvalidated,2024540276124,2024,540276124,1,9,0,18,2,6,0,1,0,0,1,4,1,1,6,3,-1,-1,-1,-1,-1,-1,-1,-1,-1,0
Unvalidated,2024540288824,2024,540288824,1,9,0,4,5,1,0,0,0,0,0,0,1,1,1,1,41,7,-1,-1,-1,-1,9,3,E01031998,0
Unvalidated,2024540288824,2024,540288824,2,19,0,4,5,1,0,0,0,0,0,0,1,1,1,1,58,9,-1,-1,-1,-1,10,1,E01022709,0
Unvalidated,2024540288824,2024,540288824,3,9,0,4,5,1,0,0,0,0,0,0,2,1,6,3,-1,-1,-1,-1,-1,-1,-1,-1,-1,0
Unvalidated,2024540300124,2024,540300124,1,19,0,18,8,4,0,0,0,0,1,10,4,1,1,1,42,7,-1,-1,-1,-1,3,1,E01001359,0
Unvalidated,2024540311324,2024,540311324,1,9,0,18,2,6,0,0,2,0,1,11,1,1,6,1,72,10,-1,-1,-1,-1,10,1,E01015533,0
Unvalidated,2024540319824,2024,540319824,1,9,0,9,5,3,0,8,0,0,0,0,1,1,6,1,56,9,-1,-1,-1,-1,2,1,E01032023,0
Unvalidated,2024540320624,2024,540320624,1,9,0,14,1,5,0,0,0,0,0,0,3,1,6,2,84,11,-1,-1,-1,-1,7,3,E01032084,0
Unvalidated,2024540320624,2024,540320624,2,9,0,2,0,0,0,0,0,0,0,0,3,1,6,2,42,7,-1,-1,-1,-1,8,1,E01032102,0
Unvalidated,2024540337524,2024,540337524,1,9,0,18,5,1,0,1,0,0,0,0,1,1,2,2,39,7,-1,-1,-1,-1,8,2,E01020455,0
Unvalidated,2024540337524,2024,540337524,2,9,0,10,5,3,0,1,0,0,0,0,2,1,2,2,47,8,-1,-1,-1,-1,5,3,E01020460,0
Unvalidated,2024540352324,2024,540352324,1,9,0,9,3,5,0,6,0,0,0,0,1,1,6,1,45,7,-1,-1,-1,-1,4,1,E01031895,0
Unvalidated,2024540352324,2024,540352324,2,9,0,18,5,1,0,1,0,0,0,0,1,1,6,1,65,9,-1,-1,-1,-1,4,1,E01031895,0
Unvalidated,2024540364224,2024,540364224,1,9,0,5,7,3,0,1,0,0,0,0,1,1,6,1,19,4,-1,-1,-1,-1,3,1,E01032115,0
Unvalidated,2024540364224,2024,540364224,2,9,0,4,7,3,0,1,0,0,0,0,2,1,6,3,-1,-1,-1,-1,-1,-1,-1,-1,-1,0
Unvalidated,2024540377624,2024,540377624,1,9,0,9,8,6,0,1,0,0,0,0,1,1,6,1,46,8,-1,-1,-1,-1,5,1,E01014678,0
Unvalidated,2024540377624,2024,540377624,2,9,0,18,4,8,0,1,0,0,0,0,1,1,6,1,80,11,-1,-1,-1,-1,6,3,E01031893,0
Unvalidated,2024540385824,2024,540385824,1,3,0,13,4,8,0,1,0,0,0,0,1,1,6,1,18,4,-1,-1,-1,-1,7,3,E01031961,0
Unvalidated,2024540385824,2024,540385824,2,19,0,9,4,2,0,1,0,0,0,0,1,1,6,1,33,6,-1,-1,-1,-1,9,2,E01016300,0
Unvalidated,2024540397724,2024,540397724,1,9,0,16,3,6,0,0,0,0,4,6,1,1,6,2,79,11,-1,-1,-1,-1,6,3,E01020445,0
Unvalidated,2024540407724,2024,540407724,1,9,0,3,5,1,0,1,0,0,0,0,3,1,1,2,62,9,-1,-1,-1,-1,7,1,E01032098,0
Unvalidated,2024540407724,2024,540407724,2,3,0,18,3,7,0,8,0,0,0,0,1,1,1,1,19,4,-1,-1,-1,-1,9,1,E01032099,0
Unvalidated,2024540415124,2024,540415124,1,9,0,3,4,8,0,1,0,0,0,0,1,1,6,1,-1,-1,-1,-1,-1,-1,2,1,E01015476,0
Unvalidated,2024540415124,2024,540415124,2,9,0,4,4,8,0,2,0,0,0,0,2,1,6,2,57,9,-1,-1,-1,-1,9,2,E01015586,0
Unvalidated,2024540427524,2024,540427524,1,9,0,17,5,1,0,0,2,10,0,0,1,1,1,2,23,5,-1,-1,-1,-1,2,1,E01017253,0
Unvalidated,2024540441024,2024,540441024,1,9,0,17,4,8,0,0,0,0,1,4,3,1,1,1,17,4,-1,-1,-1,-1,10,1,E01015563,0
Unvalidated,2024540443724,2024,540443724,1,9,0,13,3,6,0,8,0,0,0,0,1,1,6,1,19,4,-1,-1,-1,-1,8,3,E01031883,0
Unvalidated,2024540443724,2024,540443724,2,9,0,18,6,3,0,8,0,0,0,0,1,1,6,1,25,5,-1,-1,-1,-1,6,2,E01031989,0
Unvalidated,2024540496624,2024,540496624,1,1,0,18,3,7,0,0,0,0,0,0,1,1,6,2,25,5,-1,-1,-1,-1,1,1,E01015545,0