status,collision_index,collision_year,collision_reference,vehicle_reference,vehicle_type,towing_and_articulation,vehicle_manoeuvre,vehicle_direction_from,vehicle_direction_to,vehicle_location_restricted_lane,junction_location,skidding_and_overturning,hit_object_in_carriageway,vehicle_leaving_carriageway,hit_object_off_carriageway,first_point_of_impact,vehicle_left_hand_drive,journey_purpose_of_driver,sex_of_driver,age_of_driver,age_band_of_driver,engine_capacity_cc,propulsion_code,age_of_vehicle,generic_make_model,driver_imd_decile,driver_home_area_type,lsoa_of_driver,escooter_flag
Unvalidated,2024540496624,2024,540496624,2,9,0,18,5,1,0,0,0,0,0,0,3,1,6,1,57,9,-1,-1,-1,-1,8,1,E01015549,0
Unvalidated,2024540515624,2024,540515624,1,90,0,18,1,5,9,1,0,0,0,0,1,1,6,1,47,8,-1,-1,-1,-1,9,3,E01032052,1
Unvalidated,2024540519024,2024,540519024,1,9,0,18,8,4,0,0,2,0,7,10,1,1,1,1,67,10,-1,-1,-1,-1,8,2,E01015588,0
Unvalidated,2024540520324,2024,540520324,1,9,0,18,5,2,0,0,5,6,1,1,1,1,6,1,52,8,-1,-1,-1,-1,7,3,E01032628,0
Unvalidated,2024540539224,2024,540539224,1,5,0,18,8,4,0,8,0,0,0,0,1,1,6,1,25,5,-1,-1,-1,-1,9,1,E01032020,0
Unvalidated,2024540539224,2024,540539224,2,9,0,9,2,8,0,2,0,0,0,0,3,1,6,1,76,11,-1,-1,-1,-1,10,1,E01032005,0
Unvalidated,2024540549624,2024,540549624,1,23,0,7,5,6,0,3,0,0,0,0,4,1,2,1,51,8,-1,-1,-1,-1,8,1,E01015484,0
Unvalidated,2024540577124,2024,540577124,1,9,0,18,1,5,0,4,0,0,0,0,1,1,6,2,33,6,-1,-1,-1,-1,8,1,E01015472,0
Unvalidated,2024540577124,2024,540577124,2,1,0,18,8,3,0,4,0,0,0,0,4,1,6,1,60,9,-1,-1,-1,-1,7,1,E01015582,0
Unvalidated,2024540579824,2024,540579824,1,9,0,9,8,4,0,0,0,0,0,0,3,1,6,1,67,10,-1,-1,-1,-1,6,3,E01031989,0
Unvalidated,2024540579824,2024,540579824,2,9,0,18,4,8,0,0,0,0,0,0,1,1,6,1,24,5,-1,-1,-1,-1,1,1,E01012444,0
Unvalidated,2024540590124,2024,540590124,1,9,0,17,5,8,0,8,0,0,0,0,1,1,6,1,57,9,-1,-1,-1,-1,8,2,E01032709,0
Unvalidated,2024540590124,2024,540590124,2,20,0,18,3,4,0,8,0,0,0,0,1,1,1,1,51,8,-1,-1,-1,-1,5,1,E01032716,0
Unvalidated,2024540590124,2024,540590124,3,9,0,18,3,4,0,8,0,0,0,0,1,1,6,2,34,6,-1,-1,-1,-1,4,1,E01031895,0
Unvalidated,2024540597224,2024,540597224,1,9,0,18,1,5,0,0,2,0,1,9,1,1,2,1,25,5,-1,-1,-1,-1,9,2,E01020457,0
Unvalidated,2024540611324,2024,540611324,1,9,0,18,8,4,0,5,0,0,0,0,4,1,1,1,44,7,-1,-1,-1,-1,7,3,E01022206,0
Unvalidated,2024540611324,2024,540611324,2,5,0,18,2,6,0,5,0,0,0,0,1,1,1,1,50,8,-1,-1,-1,-1,7,2,E01017323,0
Unvalidated,2024540623424,2024,540623424,1,9,0,9,7,3,0,5,0,0,0,0,4,1,6,3,-1,-1,-1,-1,-1,-1,-1,-1,-1,0
Unvalidated,2024540631124,2024,540631124,1,9,0,7,6,2,0,6,0,0,0,0,3,1,6,2,31,6,-1,-1,-1,-1,8,1,E01031964,0
Unvalidated,2024540631124,2024,540631124,2,9,0,18,4,8,0,1,0,0,0,0,1,1,6,2,25,5,-1,-1,-1,-1,7,2,E01032699,0
Unvalidated,2024540631524,2024,540631524,1,9,0,18,1,5,0,0,0,0,0,0,1,1,6,2,27,6,-1,-1,-1,-1,7,3,E01015583,0
Unvalidated,2024540640024,2024,540640024,1,9,0,18,8,4,0,0,0,0,0,0,1,1,1,1,30,6,-1,-1,-1,-1,4,1,E01015480,0
Unvalidated,2024540640024,2024,540640024,2,19,0,18,8,4,0,0,0,0,0,0,2,1,1,1,46,8,-1,-1,-1,-1,3,1,E01016452,0
Unvalidated,2024540641324,2024,540641324,1,9,0,18,8,4,0,0,1,0,7,11,3,1,1,2,22,5,-1,-1,-1,-1,8,1,E01022313,0
Unvalidated,2024540649524,2024,540649524,1,9,0,17,5,2,0,0,5,0,1,0,0,1,1,2,29,6,-1,-1,-1,-1,9,1,E01032099,0
Unvalidated,2024540675024,2024,540675024,1,9,0,18,6,1,0,1,1,0,0,0,3,1,6,2,44,7,-1,-1,-1,-1,9,1,E01031915,0
Unvalidated,2024540675024,2024,540675024,2,9,0,18,6,1,0,1,0,0,0,0,2,1,6,1,37,7,-1,-1,-1,-1,10,1,E01014878,0
Unvalidated,2024540675024,2024,540675024,3,9,0,18,6,1,0,1,0,0,0,0,2,1,6,1,59,9,-1,-1,-1,-1,8,3,E01031939,0
Unvalidated,2024540675024,2024,540675024,4,9,0,18,1,6,0,1,0,0,0,0,3,1,6,2,39,7,-1,-1,-1,-1,7,3,E01031891,0
Unvalidated,2024540675124,2024,540675124,1,9,0,18,5,1,0,0,2,0,0,0,1,1,2,2,19,4,-1,-1,-1,-1,6,3,E01031990,0
Unvalidated,2024540688424,2024,540688424,1,97,0,18,2,6,0,1,0,4,0,0,1,1,6,1,64,9,-1,-1,-1,-1,-1,1,-1,0
Unvalidated,2024540688424,2024,540688424,2,9,0,2,0,0,0,1,0,0,0,0,2,1,6,2,32,6,-1,-1,-1,-1,-1,1,-1,0
Unvalidated,2024540718724,2024,540718724,1,9,0,13,6,2,0,1,0,7,1,0,3,1,2,1,19,4,-1,-1,-1,-1,9,3,E01032032,0
Unvalidated,2024540718724,2024,540718724,2,9,0,18,2,6,0,1,0,0,0,0,3,1,6,1,52,8,-1,-1,-1,-1,6,2,E01032030,0
Unvalidated,2024540719924,2024,540719924,1,9,0,18,7,3,0,0,0,0,2,4,1,1,6,2,33,6,-1,-1,-1,-1,9,1,E01015535,0
Unvalidated,2024540730924,2024,540730924,1,9,0,18,5,1,0,0,0,0,0,0,0,1,6,3,-1,-1,-1,-1,-1,-1,-1,-1,-1,0
Unvalidated,2024540730924,2024,540730924,2,2,0,18,1,5,0,0,2,0,0,0,0,1,6,1,16,4,-1,-1,-1,-1,8,3,E01031883,0
Unvalidated,2024540733324,2024,540733324,1,9,0,18,3,7,0,0,0,0,0,0,4,1,6,3,-1,-1,-1,-1,-1,-1,-1,-1,-1,0
Unvalidated,2024540738224,2024,540738224,1,9,0,18,7,3,0,8,0,0,0,0,1,1,6,1,59,9,-1,-1,-1,-1,9,2,E01031999,0
Unvalidated,2024540738224,2024,540738224,2,11,0,18,5,1,0,8,0,0,0,0,3,1,1,1,45,7,-1,-1,-1,-1,3,1,E01015488,0
Unvalidated,2024540740024,2024,540740024,1,9,0,8,5,1,0,2,0,0,0,0,1,1,6,1,37,7,-1,-1,-1,-1,7,1,E01015560,0
Unvalidated,2024540740024,2024,540740024,2,1,0,5,4,8,0,8,0,0,0,0,3,1,6,1,63,9,-1,-1,-1,-1,9,2,E01032703,0
Unvalidated,2024540751124,2024,540751124,1,9,0,18,6,2,0,0,1,0,1,4,1,1,6,1,40,7,-1,-1,-1,-1,-1,3,-1,0
Unvalidated,2024540762624,2024,540762624,1,9,0,18,6,2,0,0,0,0,0,0,1,1,6,1,27,6,-1,-1,-1,-1,7,2,E01015524,0
Unvalidated,2024540785024,2024,540785024,1,9,0,5,5,4,0,6,0,0,0,0,1,1,2,1,41,7,-1,-1,-1,-1,4,1,E01031925,0
Unvalidated,2024540785024,2024,540785024,2,4,0,15,4,8,0,8,0,0,0,0,4,1,2,1,26,6,-1,-1,-1,-1,10,1,E01031919,0
Unvalidated,2024540792824,2024,540792824,1,9,0,18,3,7,0,0,0,10,7,4,1,1,6,1,71,10,-1,-1,-1,-1,8,3,E01031883,0
Unvalidated,2024540814824,2024,540814824,1,2,0,18,1,6,0,0,0,4,0,0,1,1,2,1,16,4,-1,-1,-1,-1,5,1,E01032068,0
Unvalidated,2024540814824,2024,540814824,2,9,0,2,0,0,0,0,0,0,0,0,2,1,6,3,-1,-1,-1,-1,-1,-1,-1,-1,-1,0
Unvalidated,2024540816624,2024,540816624,1,9,0,18,1,5,0,0,0,0,8,4,1,1,2,1,54,8,-1,-1,-1,-1,5,1,E01032054,0
Unvalidated,2024540835224,2024,540835224,1,21,0,18,3,7,0,0,0,0,1,0,1,1,6,1,71,10,-1,-1,-1,-1,10,3,E01022888,0
Unvalidated,2024540835224,2024,540835224,2,9,0,18,7,3,0,0,0,0,7,0,1,1,6,2,65,9,-1,-1,-1,-1,9,3,E01032060,0
Unvalidated,2024540853624,2024,540853624,1,9,0,18,1,5,0,0,0,0,0,0,1,1,6,2,28,6,-1,-1,-1,-1,8,3,E01032044,0
Unvalidated,2024540853624,2024,540853624,2,9,0,13,5,1,0,0,0,0,0,0,1,1,6,1,71,10,-1,-1,-1,-1,6,1,E01029039,0
Unvalidated,2024540853624,2024,540853624,3,19,0,2,0,0,0,0,0,0,0,0,3,1,1,1,33,6,-1,-1,-1,-1,7,2,E01015520,0
Unvalidated,2024540854824,2024,540854824,1,9,0,18,7,4,0,0,0,0,0,0,4,1,1,1,36,7,-1,-1,-1,-1,4,1,E01016346,0
Unvalidated,2024540854824,2024,540854824,2,9,0,2,0,0,0,0,0,0,0,0,3,1,6,3,-1,-1,-1,-1,-1,-1,-1,-1,-1,0
Unvalidated,2024540871924,2024,540871924,1,9,0,18,4,8,0,8,0,0,0,0,1,1,6,1,59,9,-1,-1,-1,-1,4,1,E01015511,0
Unvalidated,2024540871924,2024,540871924,2,9,0,9,8,5,0,8,0,0,0,0,4,1,6,2,28,6,-1,-1,-1,-1,7,3,E01015583,0
Unvalidated,2024540882024,2024,540882024,1,9,0,9,5,2,0,1,0,0,0,0,4,1,6,1,74,10,-1,-1,-1,-1,4,2,E01031859,0
Unvalidated,2024540882024,2024,540882024,2,1,0,18,1,5,0,1,0,0,0,0,1,1,6,1,50,8,-1,-1,-1,-1,9,1,E01016292,0
Unvalidated,2024540892224,2024,540892224,1,1,0,18,8,4,0,0,0,0,0,0,1,1,6,1,55,8,-1,-1,-1,-1,6,3,E01032076,0
Unvalidated,2024540892224,2024,540892224,2,9,0,2,0,0,0,0,0,0,0,0,2,1,6,1,-1,-1,-1,-1,-1,-1,-1,-1,-1,0
Unvalidated,2024540903424,2024,540903424,1,19,0,18,3,7,0,0,0,0,0,0,1,1,6,1,46,8,-1,-1,-1,-1,5,1,E01015479,0
Unvalidated,2024540903424,2024,540903424,2,9,0,18,3,7,0,0,0,0,0,0,2,1,6,2,41,7,-1,-1,-1,-1,6,1,E01014677,0
Unvalidated,2024540903424,2024,540903424,3,9,0,18,3,7,0,0,0,0,0,0,2,1,6,1,61,9,-1,-1,-1,-1,1,1,E01015507,0
Unvalidated,2024540946224,2024,540946224,1,19,0,18,5,1,0,1,0,0,0,0,1,1,6,1,38,7,-1,-1,-1,-1,5,1,E01032068,0
Unvalidated,2024540946224,2024,540946224,2,9,0,10,5,3,0,5,0,0,0,0,2,1,6,1,45,7,-1,-1,-1,-1,9,1,E01032069,0
Unvalidated,2024540955524,2024,540955524,1,9,0,9,3,1,0,8,0,0,0,0,4,1,6,1,31,6,-1,-1,-1,-1,8,1,E01015565,0
Unvalidated,2024540955524,2024,540955524,2,9,0,18,7,3,0,8,0,0,1,1,1,1,6,1,65,9,-1,-1,-1,-1,5,1,E01015571,0
Unvalidated,2024540966124,2024,540966124,1,9,0,16,2,6,0,3,0,0,0,0,4,1,6,1,88,11,-1,-1,-1,-1,9,1,E01015482,0
Unvalidated,2024540966124,2024,540966124,2,3,0,16,2,6,0,3,0,0,0,0,3,1,1,1,43,7,-1,-1,-1,-1,5,1,E01015479,0
Unvalidated,2024540967124,2024,540967124,1,9,0,7,2,6,0,4,0,0,0,0,1,1,6,2,41,7,-1,-1,-1,-1,7,1,E01032116,0
Unvalidated,2024540967124,2024,540967124,2,1,0,5,2,6,0,4,0,0,0,0,4,1,6,1,54,8,-1,-1,-1,-1,7,1,E01032694,0
Unvalidated,2024540972724,2024,540972724,1,19,0,18,4,8,0,2,0,0,0,0,1,1,1,1,24,5,-1,-1,-1,-1,3,1,E01031856,0
Unvalidated,2024540978024,2024,540978024,1,9,0,18,4,1,0,0,0,0,0,0,1,1,6,1,86,11,-1,-1,-1,-1,10,1,E01031903,0
Unvalidated,2024540978024,2024,540978024,2,9,0,18,1,4,0,0,0,0,0,0,1,1,3,2,38,7,-1,-1,-1,-1,7,1,E01032067,0
Unvalidated,2024540982924,2024,540982924,1,9,0,5,1,5,9,6,0,0,0,0,1,1,6,1,43,7,-1,-1,-1,-1,6,3,E01031846,0
Unvalidated,2024540989323,2024,540989323,1,9,0,7,2,6,0,6,0,0,0,0,1,1,6,1,38,7,-1,-1,-1,-1,7,1,E01032024,0
Unvalidated,2024540989323,2024,540989323,2,4,0,18,8,4,0,1,2,0,0,0,4,1,1,1,34,6,-1,-1,-1,-1,6,1,E01031985,0
Unvalidated,2024541031324,2024,541031324,1,9,0,11,2,6,0,0,2,0,1,11,1,1,6,1,29,6,-1,-1,-1,-1,5,1,E01018837,0
Unvalidated,2024541034724,2024,541034724,1,9,0,18,6,1,0,1,0,0,0,0,1,1,6,1,48,8,-1,-1,-1,-1,7,1,E01015574,0
Unvalidated,2024541035524,2024,541035524,1,9,0,18,6,2,0,0,0,0,0,0,1,1,6,1,57,9,-1,-1,-1,-1,9,3,E01017620,0
Unvalidated,2024541036124,2024,541036124,1,9,0,5,3,7,0,4,0,0,0,0,1,1,6,2,78,11,-1,-1,-1,-1,9,1,E01032092,0
Unvalidated,2024541036124,2024,541036124,2,5,0,9,1,7,0,3,2,0,0,0,1,1,6,1,31,6,-1,-1,-1,-1,7,1,E01032116,0
Unvalidated,2024541036224,2024,541036224,1,9,0,18,5,1,0,4,0,0,0,0,1,1,6,1,40,7,-1,-1,-1,-1,4,1,E01015492,0
Unvalidated,2024541036224,2024,541036224,2,2,0,18,3,7,0,8,0,0,0,0,1,1,6,1,17,4,-1,-1,-1,-1,7,3,E01015583,0
Unvalidated,2024541053824,2024,541053824,1,9,0,17,5,8,0,8,0,10,1,11,1,1,6,1,85,11,-1,-1,-1,-1,2,1,E01015542,0
Unvalidated,2024541056824,2024,541056824,1,9,0,7,1,3,0,6,0,0,0,0,1,1,2,1,51,8,-1,-1,-1,-1,4,1,E01032087,0
Unvalidated,2024541056824,2024,541056824,2,9,0,7,1,3,0,6,0,0,0,0,2,1,2,1,75,10,-1,-1,-1,-1,8,2,E01032058,0
Unvalidated,2024541056824,2024,541056824,3,9,0,7,1,3,0,6,0,0,0,0,2,1,2,2,54,8,-1,-1,-1,-1,10,1,E01032080,0
Unvalidated,2024541057924,2024,541057924,1,9,0,9,8,6,0,3,0,0,0,0,3,1,2,2,30,6,-1,-1,-1,-1,7,1,E01032024,0
Unvalidated,2024541057924,2024,541057924,2,9,0,6,4,8,0,4,0,0,0,0,1,1,4,2,58,9,-1,-1,-1,-1,10,1,E01032017,0
Unvalidated,2024541058824,2024,541058824,1,9,0,17,1,5,0,0,0,0,0,0,1,1,6,2,45,7,-1,-1,-1,-1,10,2,E01032045,0
Unvalidated,2024541058824,2024,541058824,2,9,0,16,5,1,0,0,0,0,1,0,1,1,6,1,36,7,-1,-1,-1,-1,8,2,E01032047,0
Unvalidated,2024541085724,2024,541085724,1,9,0,5,5,1,0,6,0,0,0,0,1,1,6,1,39,7,-1,-1,-1,-1,4,1,E01015511,0
Unvalidated,2024541085724,2024,541085724,2,9,0,18,3,7,0,8,0,0,0,0,4,1,6,2,52,8,-1,-1,-1,-1,8,2,E01015588,0
Unvalidated,2024541105624,2024,541105624,1,5,0,13,5,1,0,8,5,0,0,0,1,1,6,1,50,8,-1,-1,-1,-1,2,1,E01032093,0
Unvalidated,2024541105624,2024,541105624,2,9,0,9,5,3,0,8,0,0,0,0,3,1,6,2,32,6,-1,-1,-1,-1,7,1,E01032116,0
Unvalidated,2024541147724,2024,541147724,1,98,0,18,4,8,0,3,0,0,0,0,1,1,6,1,-1,-1,-1,-1,-1,-1,-1,-1,-1,0
Unvalidated,2024541147724,2024,541147724,2,9,0,18,4,8,0,3,0,0,0,0,2,1,2,1,39,7,-1,-1,-1,-1,8,1,E01032102,0
Unvalidated,2024541154424,2024,541154424,1,4,0,18,4,8,0,5,1,0,7,4,1,1,6,1,17,4,-1,-1,-1,-1,8,1,E01015557,0
Unvalidated,2024541156624,2024,541156624,1,9,0,18,4,8,0,0,1,0,7,4,1,1,6,2,35,6,-1,-1,-1,-1,4,3,E01032040,0
Unvalidated,2024541158224,2024,541158224,1,9,0,18,4,8,0,0,2,0,7,11,1,1,6,2,91,11,-1,-1,-1,-1,5,3,E01032075,0
Unvalidated,2024541160324,2024,541160324,1,9,0,18,7,3,0,0,0,0,0,0,1,1,6,1,34,6,-1,-1,-1,-1,8,1,E01015536,0
Unvalidated,2024541160324,2024,541160324,2,9,0,18,7,3,0,0,0,0,0,0,2,1,6,1,24,5,-1,-1,-1,-1,2,1,E01015476,0
Unvalidated,2024541163724,2024,541163724,1,9,0,7,5,7,0,4,0,0,0,0,1,1,6,2,50,8,-1,-1,-1,-1,10,1,E01015518,0
Unvalidated,2024541163724,2024,541163724,2,4,0,18,3,7,0,4,0,0,0,0,4,1,6,1,37,7,-1,-1,-1,-1,3,1,E01015530,0
Unvalidated,2024541169424,2024,541169424,1,9,0,18,5,1,0,0,0,0,0,0,1,1,6,3,-1,-1,-1,-1,-1,-1,-1,-1,-1,0
Unvalidated,2024541196824,2024,541196824,1,9,0,5,1,3,0,4,0,0,0,0,1,1,6,2,32,6,-1,-1,-1,-1,-1,1,-1,0
Unvalidated,2024541196824,2024,541196824,2,9,0,3,1,3,0,3,0,0,0,0,2,1,1,2,20,4,-1,-1,-1,-1,3,1,E01031912,0
Unvalidated,2024541200824,2024,541200824,1,9,0,18,8,4,0,0,0,0,0,0,1,1,6,3,-1,-1,-1,-1,-1,-1,-1,-1,-1,0
Unvalidated,2024541201124,2024,541201124,1,9,0,18,8,4,0,0,0,0,1,11,3,1,6,1,73,10,-1,-1,-1,-1,4,1,E01032008,0
Unvalidated,2024541201124,2024,541201124,2,9,0,18,4,8,0,0,0,0,0,0,1,1,6,1,68,10,-1,-1,-1,-1,10,1,E01032009,0
Unvalidated,2024541207324,2024,541207324,1,9,0,7,1,4,0,1,0,0,0,0,1,1,6,1,64,9,-1,-1,-1,-1,6,1,E01015555,0
Unvalidated,2024541208024,2024,541208024,1,9,0,18,3,7,0,0,1,0,0,0,1,1,6,1,19,4,-1,-1,-1,-1,9,3,E01031904,0
Unvalidated,2024541208024,2024,541208024,2,9,0,18,7,3,0,0,1,0,0,0,1,1,6,1,45,7,-1,-1,-1,-1,1,1,E01010453,0
Unvalidated,2024541226024,2024,541226024,1,9,0,18,4,8,0,0,0,0,0,0,1,1,6,1,54,8,-1,-1,-1,-1,9,1,E01032112,0
Unvalidated,2024541226024,2024,541226024,2,1,0,18,8,4,0,0,0,0,0,0,1,1,6,1,33,6,-1,-1,-1,-1,8,1,E01032002,0
Unvalidated,2024541233924,2024,541233924,1,9,0,9,8,4,0,6,0,0,0,0,1,1,6,1,-1,-1,-1,-1,-1,-1,6,2,E01031860,0
Unvalidated,2024541233924,2024,541233924,2,9,0,18,2,6,0,8,0,0,0,0,3,1,6,2,73,10,-1,-1,-1,-1,6,2,E01031860,0
Unvalidated,2024541249524,2024,541249524,1,9,0,14,6,2,0,0,0,0,0,0,1,1,6,2,72,10,-1,-1,-1,-1,5,1,E01031898,0
Unvalidated,2024541249524,2024,541249524,2,1,0,18,2,6,0,0,0,0,0,0,1,1,6,1,51,8,-1,-1,-1,-1,8,1,E01031900,0
Unvalidated,2024541250724,2024,541250724,1,9,0,18,8,4,0,1,0,0,0,0,0,1,6,3,-1,-1,-1,-1,-1,-1,-1,-1,-1,0
Unvalidated,2024541250824,2024,541250824,1,9,0,4,5,1,0,1,0,0,0,0,1,1,6,2,42,7,-1,-1,-1,-1,5,2,E01015519,0
Unvalidated,2024541250824,2024,541250824,2,9,0,18,5,1,0,1,0,0,0,0,2,1,6,2,66,10,-1,-1,-1,-1,7,2,E01015524,0
Unvalidated,2024541251524,2024,541251524,1,19,0,18,5,1,0,0,0,0,0,0,1,1,6,1,69,10,-1,-1,-1,-1,3,3,E01031956,0
Unvalidated,2024541251524,2024,541251524,2,9,0,18,1,5,0,0,0,0,1,11,1,1,6,2,59,9,-1,-1,-1,-1,10,1,E01032006,0
Unvalidated,2024541257024,2024,541257024,1,9,0,18,8,3,0,8,0,0,0,0,1,1,6,1,63,9,-1,-1,-1,-1,8,3,E01032044,0
Unvalidated,2024541257024,2024,541257024,2,1,0,9,4,2,0,8,0,0,0,0,4,1,6,1,57,9,-1,-1,-1,-1,8,3,E01032071,0
Unvalidated,2024541279424,2024,541279424,1,9,0,18,8,4,0,0,0,0,0,0,1,1,2,2,59,9,-1,-1,-1,-1,8,2,E01032058,0
Unvalidated,2024541291624,2024,541291624,1,9,0,18,8,4,0,1,0,0,0,0,1,1,6,3,-1,-1,-1,-1,-1,-1,-1,-1,-1,0
Unvalidated,2024541312924,2024,541312924,1,9,0,18,5,8,0,0,0,0,0,0,0,1,6,1,50,8,-1,-1,-1,-1,4,1,E01015580,0
Unvalidated,2024541332324,2024,541332324,1,9,0,9,8,6,0,6,0,0,1,0,3,1,6,1,31,6,-1,-1,-1,-1,3,1,E01029093,0
Unvalidated,2024541332324,2024,541332324,2,21,1,18,6,2,0,8,0,0,0,0,1,1,1,1,61,9,-1,-1,-1,-1,3,1,E01026270,0
Unvalidated,2024541336224,2024,541336224,1,9,0,9,6,5,0,5,0,0,0,0,1,1,6,3,-1,-1,-1,-1,-1,-1,-1,-1,-1,0
Unvalidated,2024541336224,2024,541336224,2,1,0,18,4,8,0,6,0,0,0,0,3,1,6,1,13,3,-1,-1,-1,-1,5,1,E01015505,0
Unvalidated,2024541340724,2024,541340724,1,9,0,18,8,4,0,0,2,0,7,11,1,1,6,1,30,6,-1,-1,-1,-1,7,3,E01031882,0
Unvalidated,2024541343524,2024,541343524,1,9,0,18,1,5,0,0,0,10,1,4,1,1,6,1,26,6,-1,-1,-1,-1,8,1,E01015514,0
Unvalidated,2024541360124,2024,541360124,1,9,0,18,7,3,0,0,1,0,1,0,1,1,6,1,50,8,-1,-1,-1,-1,6,3,E01032011,0
Unvalidated,2024541360124,2024,541360124,2,9,0,3,7,3,0,0,0,0,0,0,2,1,6,1,55,8,-1,-1,-1,-1,7,3,E01024417,0
Unvalidated,2024541361324,2024,541361324,1,9,0,16,1,5,0,1,0,0,7,1,1,1,6,2,53,8,-1,-1,-1,-1,3,1,E01015293,0
Unvalidated,2024541420724,2024,541420724,1,9,0,5,7,2,0,6,0,0,0,0,1,1,1,2,55,8,-1,-1,-1,-1,4,1,W01000587,0
Unvalidated,2024541420724,2024,541420724,2,9,0,18,6,2,0,8,0,0,0,0,4,1,1,1,38,7,-1,-1,-1,-1,8,1,E01032688,0
Unvalidated,2024541461924,2024,541461924,1,9,0,18,5,1,0,0,0,0,0,0,0,1,6,3,-1,-1,-1,-1,-1,-1,-1,-1,-1,0
Unvalidated,2024541461924,2024,541461924,2,9,0,18,5,1,0,0,0,0,1,4,1,1,6,1,41,7,-1,-1,-1,-1,8,2,E01015588,0
Unvalidated,2024541466724,2024,541466724,1,9,0,13,7,3,0,2,1,10,7,11,3,1,2,1,41,7,-1,-1,-1,-1,10,1,E01031924,0
Unvalidated,2024541493724,2024,541493724,1,19,0,18,1,5,0,4,0,0,0,0,1,1,6,3,-1,-1,-1,-1,-1,-1,-1,-1,-1,0
Unvalidated,2024541493724,2024,541493724,2,9,0,4,1,5,0,4,0,0,0,0,2,1,6,1,56,9,-1,-1,-1,-1,8,1,E01015472,0
Unvalidated,2024541546424,2024,541546424,1,9,0,18,7,3,0,0,1,0,0,0,1,1,2,1,33,6,-1,-1,-1,-1,2,1,E01015476,0
Unvalidated,2024541546424,2024,541546424,2,9,0,4,7,3,0,0,0,0,0,0,2,1,6,2,53,8,-1,-1,-1,-1,9,1,E01015501,0
Unvalidated,2024541568024,2024,541568024,1,9,0,18,7,3,0,1,0,0,0,0,1,1,6,1,18,4,-1,-1,-1,-1,8,2,E01023197,0
Unvalidated,2024541572924,2024,541572924,1,9,0,18,2,6,0,1,0,0,0,0,1,1,6,1,-1,-1,-1,-1,-1,-1,-1,-1,-1,0
Unvalidated,2024541572924,2024,541572924,2,9,0,4,2,6,0,1,0,0,0,0,2,1,6,2,46,8,-1,-1,-1,-1,10,1,E01031984,0
Unvalidated,2024541605524,2024,541605524,1,9,0,3,0,0,0,0,0,0,0,0,1,1,6,1,32,6,-1,-1,-1,-1,8,2,E01031861,0
Unvalidated,2024541605524,2024,541605524,2,9,0,3,0,0,0,0,0,0,0,0,2,1,1,1,53,8,-1,-1,-1,-1,8,3,E01031868,0
Unvalidated,2024541607824,2024,541607824,1,2,0,18,3,7,0,0,0,0,0,0,0,1,6,1,16,4,-1,-1,-1,-1,9,1,E01031922,0
Unvalidated,2024541609324,2024,541609324,1,9,0,18,1,5,0,4,0,0,0,0,1,1,6,1,51,8,-1,-1,-1,-1,7,1,E01032108,0
Unvalidated,2024541609324,2024,541609324,2,9,0,4,1,5,0,4,0,0,0,0,2,1,6,2,34,6,-1,-1,-1,-1,6,1,E01014733,0
Unvalidated,2024541611224,2024,541611224,1,9,0,9,1,8,0,6,0,0,0,0,3,1,6,1,-1,-1,-1,-1,-1,-1,-1,-1,-1,0
Unvalidated,2024541621224,2024,541621224,1,9,0,18,5,1,0,4,0,0,0,0,1,1,6,1,61,9,-1,-1,-1,-1,-1,-1,-1,0
Unvalidated,2024541621224,2024,541621224,2,9,0,18,5,1,0,4,0,0,0,0,2,1,6,2,49,8,-1,-1,-1,-1,8,1,E01031931,0
Unvalidated,2024541629524,2024,541629524,1,9,0,9,8,4,0,5,0,0,0,0,1,1,6,1,88,11,-1,-1,-1,-1,3,2,E01031956,0
Unvalidated,2024541629524,2024,541629524,2,9,0,9,8,4,0,5,0,0,0,0,2,1,6,2,31,6,-1,-1,-1,-1,1,1,E01015508,0
Unvalidated,2024541630124,2024,541630124,1,9,0,18,6,2,0,0,0,0,0,0,1,1,2,2,20,4,-1,-1,-1,-1,8,1,E01032088,0
Unvalidated,2024541630124,2024,541630124,2,9,0,4,6,2,0,0,0,0,0,0,2,1,6,2,31,6,-1,-1,-1,-1,8,1,E01015536,0
Unvalidated,2024541638824,2024,541638824,1,9,0,9,8,6,0,5,0,0,0,0,1,1,6,2,41,7,-1,-1,-1,-1,10,1,E01002958,0
Unvalidated,2024541638824,2024,541638824,2,9,0,18,4,8,0,8,0,0,0,0,1,1,6,1,62,9,-1,-1,-1,-1,7,3,E01032082,0
Unvalidated,2024541640724,2024,541640724,1,9,0,18,4,8,0,8,1,0,1,7,1,1,6,1,50,8,-1,-1,-1,-1,8,1,E01032016,0
Unvalidated,2024541656124,2024,541656124,1,9,0,4,5,1,0,1,0,0,0,0,1,1,6,1,24,5,-1,-1,-1,-1,2,1,E01032118,0
Unvalidated,2024541656124,2024,541656124,2,9,0,18,5,1,0,1,0,0,0,0,2,1,6,2,54,8,-1,-1,-1,-1,7,3,E01032082,0
Unvalidated,2024541656824,2024,541656824,1,9,0,18,6,3,0,1,0,0,0,0,1,1,6,2,79,11,-1,-1,-1,-1,8,1,E01024004,0