status,collision_index,collision_year,collision_reference,vehicle_reference,vehicle_type,towing_and_articulation,vehicle_manoeuvre,vehicle_direction_from,vehicle_direction_to,vehicle_location_restricted_lane,junction_location,skidding_and_overturning,hit_object_in_carriageway,vehicle_leaving_carriageway,hit_object_off_carriageway,first_point_of_impact,vehicle_left_hand_drive,journey_purpose_of_driver,sex_of_driver,age_of_driver,age_band_of_driver,engine_capacity_cc,propulsion_code,age_of_vehicle,generic_make_model,driver_imd_decile,driver_home_area_type,lsoa_of_driver,escooter_flag
Unvalidated,2024541656824,2024,541656824,2,9,0,18,3,6,0,1,0,0,0,0,1,1,6,1,39,7,-1,-1,-1,-1,6,3,E01030862,0
Unvalidated,2024541676624,2024,541676624,1,9,0,18,8,4,0,6,0,0,0,0,2,1,6,2,31,6,-1,-1,-1,-1,7,2,E01031976,0
Unvalidated,2024541676624,2024,541676624,2,5,0,18,1,5,0,6,0,0,0,0,1,1,6,1,29,6,-1,-1,-1,-1,7,3,E01031974,0
Unvalidated,2024541692624,2024,541692624,1,9,0,18,8,3,0,1,0,0,0,0,0,1,6,3,-1,-1,-1,-1,-1,-1,-1,-1,-1,0
Unvalidated,2024541692624,2024,541692624,2,9,0,4,8,3,0,1,0,0,0,0,0,1,6,2,45,7,-1,-1,-1,-1,2,1,E01031983,0
Unvalidated,2024541708324,2024,541708324,1,9,0,18,4,8,0,0,2,0,7,11,1,1,6,1,27,6,-1,-1,-1,-1,7,1,E01032067,0
Unvalidated,2024541741024,2024,541741024,1,98,1,18,2,6,0,1,1,0,0,0,1,1,1,1,37,7,-1,-1,-1,-1,7,3,E01022206,0
Unvalidated,2024541741024,2024,541741024,2,98,1,18,2,6,0,1,1,0,0,0,2,1,1,1,48,8,-1,-1,-1,-1,9,1,E01027549,0
Unvalidated,2024541754724,2024,541754724,1,9,0,4,3,8,0,0,2,0,0,0,1,1,6,1,17,4,-1,-1,-1,-1,7,1,E01032116,0
Unvalidated,2024541775324,2024,541775324,1,9,0,18,7,3,0,0,0,0,0,0,1,1,6,1,35,6,-1,-1,-1,-1,5,1,E01016554,0
Unvalidated,2024541775324,2024,541775324,2,19,0,18,3,7,0,0,0,0,0,0,1,1,1,1,35,6,-1,-1,-1,-1,7,1,E01029945,0
Unvalidated,2024541781624,2024,541781624,1,19,0,18,5,1,0,4,0,0,0,0,1,1,1,1,63,9,-1,-1,-1,-1,9,2,E01031935,0
Unvalidated,2024541781624,2024,541781624,2,9,0,18,3,7,0,4,0,0,1,2,4,1,6,2,20,4,-1,-1,-1,-1,7,3,E01015583,0
Unvalidated,2024541797224,2024,541797224,1,9,0,16,4,8,0,3,0,0,0,0,1,1,6,1,33,6,-1,-1,-1,-1,6,1,E01032708,0
Unvalidated,2024541797224,2024,541797224,2,9,0,3,4,8,0,3,0,0,0,0,2,1,6,1,51,8,-1,-1,-1,-1,6,1,E01032708,0
Unvalidated,2024541797224,2024,541797224,3,9,0,3,4,8,0,3,0,0,0,0,2,1,6,2,31,6,-1,-1,-1,-1,6,1,E01015532,0
Unvalidated,2024541797524,2024,541797524,1,9,0,17,8,5,0,2,0,0,1,10,4,1,6,2,41,7,-1,-1,-1,-1,3,1,E01032094,0
Unvalidated,2024541834724,2024,541834724,1,9,0,5,1,6,0,4,0,0,0,0,1,1,6,1,79,11,-1,-1,-1,-1,9,1,E01032112,0
Unvalidated,2024541834724,2024,541834724,2,22,0,18,6,3,0,3,0,0,0,0,4,1,6,1,86,11,-1,-1,-1,-1,6,3,E01032076,0
Unvalidated,2024541834924,2024,541834924,1,9,0,17,6,3,0,1,0,0,0,0,1,1,2,2,55,8,-1,-1,-1,-1,5,2,E01015519,0
Unvalidated,2024541837524,2024,541837524,1,9,0,16,4,8,0,0,1,0,7,0,1,1,2,1,36,7,-1,-1,-1,-1,10,2,E01031948,0
Unvalidated,2024541837524,2024,541837524,2,21,0,18,8,4,0,0,0,0,0,0,1,1,1,1,37,7,-1,-1,-1,-1,2,1,E01015528,0
Unvalidated,2024541844624,2024,541844624,1,9,0,18,1,5,2,0,0,0,1,10,1,1,2,1,21,5,-1,-1,-1,-1,10,1,E01015512,0
Unvalidated,2024541844624,2024,541844624,2,9,0,7,1,5,0,0,0,0,0,0,4,1,6,2,18,4,-1,-1,-1,-1,9,3,E01015548,0
Unvalidated,2024541864424,2024,541864424,1,8,0,18,7,3,0,4,0,0,0,0,1,1,6,1,38,7,-1,-1,-1,-1,8,1,E01015565,0
Unvalidated,2024541864424,2024,541864424,2,5,0,4,7,3,0,4,0,0,0,0,2,1,6,1,19,4,-1,-1,-1,-1,2,1,E01014390,0
Unvalidated,2024541874624,2024,541874624,1,9,0,7,4,6,0,6,0,0,0,0,1,1,6,2,46,8,-1,-1,-1,-1,5,2,E01031867,0
Unvalidated,2024541874624,2024,541874624,2,11,0,18,2,6,0,8,0,0,0,0,1,1,1,1,36,7,-1,-1,-1,-1,6,1,E01023183,0
Unvalidated,2024541892624,2024,541892624,1,9,0,18,4,8,0,0,1,0,8,11,1,1,6,1,21,5,-1,-1,-1,-1,6,1,E01032519,0
Unvalidated,2024541897424,2024,541897424,1,9,0,18,7,3,0,0,0,0,0,0,1,1,6,2,75,10,-1,-1,-1,-1,4,1,E01015247,0
Unvalidated,2024541897424,2024,541897424,2,9,0,3,7,3,0,0,0,0,0,0,2,1,6,1,25,5,-1,-1,-1,-1,5,1,E01007152,0
Unvalidated,2024541897424,2024,541897424,3,9,0,3,7,3,0,0,0,0,0,0,2,1,6,2,39,7,-1,-1,-1,-1,3,1,E01032730,0
Unvalidated,2024541910124,2024,541910124,1,9,0,18,1,5,0,4,0,0,0,0,1,1,1,1,50,8,-1,-1,-1,-1,2,1,E01015259,0
Unvalidated,2024541910124,2024,541910124,2,8,0,9,5,1,0,3,0,0,0,0,1,1,6,1,34,6,-1,-1,-1,-1,5,1,E01031908,0
Unvalidated,2024541928224,2024,541928224,1,9,0,9,8,4,0,6,0,0,7,0,1,1,6,2,19,4,-1,-1,-1,-1,1,1,E01015575,0
Unvalidated,2024541928224,2024,541928224,2,21,1,18,3,8,0,8,0,0,0,0,4,1,1,1,29,6,-1,-1,-1,-1,2,1,W01001525,0
Unvalidated,2024541934424,2024,541934424,1,9,0,12,3,7,0,0,0,0,0,0,0,1,6,3,-1,-1,-1,-1,-1,-1,-1,-1,-1,0
Unvalidated,2024541934424,2024,541934424,2,9,0,18,3,7,0,0,0,0,4,6,1,1,6,2,27,6,-1,-1,-1,-1,5,1,E01014549,0
Unvalidated,2024541941724,2024,541941724,1,9,0,18,1,5,0,1,1,0,2,-1,1,1,6,1,34,6,-1,-1,-1,-1,6,1,E01032065,0
Unvalidated,2024541956624,2024,541956624,1,9,0,1,2,6,0,0,0,0,0,0,2,1,6,1,51,8,-1,-1,-1,-1,9,1,E01015501,0
Unvalidated,2024541956624,2024,541956624,2,9,0,18,2,6,0,0,0,0,0,0,4,1,6,2,39,7,-1,-1,-1,-1,6,1,E01031967,0
Unvalidated,2024541978824,2024,541978824,1,9,0,9,3,6,0,4,0,0,0,0,1,1,1,1,64,9,-1,-1,-1,-1,6,1,E01032065,0
Unvalidated,2024541981224,2024,541981224,1,9,0,4,1,5,0,0,0,0,0,0,2,1,6,2,66,10,-1,-1,-1,-1,1,1,E01014647,0
Unvalidated,2024541981224,2024,541981224,2,19,0,4,1,5,0,0,0,0,0,0,2,1,1,1,43,7,-1,-1,-1,-1,7,3,E01032084,0
Unvalidated,2024541981224,2024,541981224,3,19,0,4,1,5,0,0,0,0,0,0,1,1,6,1,65,9,-1,-1,-1,-1,6,2,E01032083,0
Unvalidated,2024541981224,2024,541981224,4,9,0,4,1,5,0,0,0,0,0,0,1,1,6,1,46,8,-1,-1,-1,-1,7,3,E01032084,0
Unvalidated,2024541981624,2024,541981624,1,9,0,18,3,7,0,0,0,0,0,0,1,1,1,2,50,8,-1,-1,-1,-1,-1,-1,-1,0
Unvalidated,2024542023324,2024,542023324,1,9,0,18,5,1,0,0,0,0,0,0,1,1,6,3,-1,-1,-1,-1,-1,-1,-1,-1,-1,0
Unvalidated,2024542026724,2024,542026724,1,9,0,13,4,8,0,0,0,0,0,0,1,1,6,1,-1,-1,-1,-1,-1,-1,-1,-1,-1,0
Unvalidated,2024542026724,2024,542026724,2,1,0,18,4,8,0,0,0,0,0,0,2,1,6,1,14,3,-1,-1,-1,-1,8,2,E01031977,0
Unvalidated,2024542035624,2024,542035624,1,9,0,18,5,1,0,0,0,0,1,9,3,1,2,1,23,5,-1,-1,-1,-1,7,3,E01015474,0
Unvalidated,2024542035624,2024,542035624,2,9,0,18,5,1,0,0,0,0,0,0,1,1,2,2,59,9,-1,-1,-1,-1,2,1,E01015570,0
Unvalidated,2024542037824,2024,542037824,1,9,0,13,6,2,0,0,1,0,1,0,1,1,2,1,24,5,-1,-1,-1,-1,9,2,E01029207,0
Unvalidated,2024542091124,2024,542091124,1,1,0,18,8,4,0,8,0,0,0,0,1,1,6,1,19,4,-1,-1,-1,-1,4,1,E01032019,0
Unvalidated,2024542091124,2024,542091124,2,98,1,18,1,5,0,8,0,0,0,0,2,1,1,1,32,6,-1,-1,-1,-1,3,1,E01023157,0
Unvalidated,2024542104524,2024,542104524,1,9,0,18,3,7,0,0,2,0,1,0,1,1,6,1,67,10,-1,-1,-1,-1,6,1,W01000949,0
Unvalidated,2024542108424,2024,542108424,1,9,0,18,4,8,0,0,0,0,0,0,1,1,6,1,75,10,-1,-1,-1,-1,7,3,E01023184,0
Unvalidated,2024542108424,2024,542108424,2,11,0,18,8,4,0,0,0,0,0,0,1,1,1,1,44,7,-1,-1,-1,-1,5,1,E01031585,0
Unvalidated,2024542126524,2024,542126524,1,9,0,18,7,3,0,0,0,0,0,0,1,1,6,2,36,7,-1,-1,-1,-1,2,1,E01015541,0
Unvalidated,2024542167524,2024,542167524,1,9,0,15,8,4,0,3,0,0,0,0,1,1,6,1,34,6,-1,-1,-1,-1,1,1,E01015546,0
Unvalidated,2024542167524,2024,542167524,2,9,0,3,8,4,0,3,0,0,0,0,2,1,6,1,31,6,-1,-1,-1,-1,4,1,E01015509,0
Unvalidated,2024542167524,2024,542167524,3,9,0,4,8,4,0,3,0,0,0,0,2,1,6,1,39,7,-1,-1,-1,-1,8,1,E01015536,0
Unvalidated,2024542188224,2024,542188224,1,9,0,18,5,1,0,8,0,0,0,0,1,1,6,2,21,5,-1,-1,-1,-1,4,1,E01031980,0
Unvalidated,2024542188224,2024,542188224,2,9,0,18,5,1,0,8,0,0,0,0,2,1,6,1,47,8,-1,-1,-1,-1,7,1,E01023066,0
Unvalidated,2024542198124,2024,542198124,1,97,0,18,4,8,0,2,0,4,0,0,1,1,6,2,19,4,-1,-1,-1,-1,3,1,E01015543,0
Unvalidated,2024542198124,2024,542198124,2,11,0,2,0,0,0,2,0,0,0,0,2,1,1,1,54,8,-1,-1,-1,-1,2,1,E01015573,0
Unvalidated,2024542244324,2024,542244324,1,9,0,18,1,5,0,0,0,0,0,0,1,1,6,3,-1,-1,-1,-1,-1,-1,-1,-1,-1,0
Unvalidated,2024542244324,2024,542244324,2,9,0,18,1,5,0,0,0,0,0,0,2,1,6,1,41,7,-1,-1,-1,-1,9,3,E01032954,0
Unvalidated,2024542263624,2024,542263624,1,9,0,16,6,2,0,0,0,0,0,0,1,1,6,1,37,7,-1,-1,-1,-1,7,1,E01032694,0
Unvalidated,2024542263624,2024,542263624,2,9,0,18,2,6,0,0,0,0,0,0,1,1,6,2,66,10,-1,-1,-1,-1,7,1,E01032067,0
Unvalidated,2024542263624,2024,542263624,3,9,0,18,2,6,0,0,0,0,0,0,3,1,6,2,31,6,-1,-1,-1,-1,-1,-1,-1,0
Unvalidated,2024542273124,2024,542273124,1,9,0,18,6,2,0,0,0,0,0,0,1,1,6,1,78,11,-1,-1,-1,-1,8,2,E01031946,0
Unvalidated,2024542273124,2024,542273124,2,10,0,3,6,2,0,0,0,0,0,0,2,1,1,1,59,9,-1,-1,-1,-1,10,1,E01031903,0
Unvalidated,2024542273124,2024,542273124,3,9,0,3,6,2,0,0,0,0,0,0,2,1,1,1,47,8,-1,-1,-1,-1,5,1,E01015571,0
Unvalidated,2024542292324,2024,542292324,1,9,0,16,6,2,0,0,0,0,0,0,1,1,6,3,-1,-1,-1,-1,-1,-1,-1,-1,-1,0
Unvalidated,2024542292324,2024,542292324,2,1,0,5,5,1,0,0,2,0,0,0,4,1,6,1,12,3,-1,-1,-1,-1,6,1,E01031902,0
Unvalidated,2024542299424,2024,542299424,1,9,0,1,7,3,0,1,0,0,0,0,2,1,6,1,25,5,-1,-1,-1,-1,7,1,E01015581,0
Unvalidated,2024542299424,2024,542299424,2,3,0,3,3,7,0,1,0,0,0,0,1,1,6,1,39,7,-1,-1,-1,-1,1,1,E01015572,0
Unvalidated,2024542353024,2024,542353024,1,9,0,18,3,7,0,1,0,0,0,0,1,1,6,2,53,8,-1,-1,-1,-1,4,1,E01031435,0
Unvalidated,2024542353024,2024,542353024,2,9,0,4,3,7,0,1,0,0,0,0,2,1,6,1,63,9,-1,-1,-1,-1,7,3,E01023196,0
Unvalidated,2024542353824,2024,542353824,1,3,0,4,8,3,0,1,1,0,0,0,4,1,2,1,20,4,-1,-1,-1,-1,7,1,E01032079,0
Unvalidated,2024542364524,2024,542364524,1,9,0,13,6,2,0,0,0,0,0,0,1,1,6,2,77,11,-1,-1,-1,-1,9,2,E01032026,0
Unvalidated,2024542364524,2024,542364524,2,9,0,18,2,6,0,0,0,0,0,0,1,1,6,1,69,10,-1,-1,-1,-1,7,2,E01031979,0
Unvalidated,2024542381924,2024,542381924,1,5,0,13,7,3,0,1,2,0,7,0,4,1,6,1,59,9,-1,-1,-1,-1,4,1,E01031925,0
Unvalidated,2024542381924,2024,542381924,2,9,0,9,1,7,0,1,0,0,0,0,1,1,6,2,39,7,-1,-1,-1,-1,7,3,E01031950,0
Unvalidated,2024542420324,2024,542420324,1,9,0,1,6,2,0,0,0,0,0,0,1,1,6,2,67,10,-1,-1,-1,-1,-1,-1,-1,0
Unvalidated,2024542435724,2024,542435724,1,9,0,5,8,4,0,4,0,0,0,0,1,1,2,1,63,9,-1,-1,-1,-1,10,2,E01032700,0
Unvalidated,2024542435724,2024,542435724,2,5,0,9,5,2,0,4,0,0,0,0,4,1,6,1,62,9,-1,-1,-1,-1,7,1,E01015567,0
Unvalidated,2024542436324,2024,542436324,1,9,0,18,1,5,0,0,0,0,0,0,9,1,6,3,-1,-1,-1,-1,-1,-1,-1,-1,-1,0
Unvalidated,2024542437724,2024,542437724,1,11,0,18,3,7,0,0,0,0,4,6,3,1,1,1,53,8,-1,-1,-1,-1,10,1,W01001919,0
Unvalidated,2024542458724,2024,542458724,1,9,0,18,5,1,0,4,0,0,0,0,1,1,6,1,77,11,-1,-1,-1,-1,6,1,E01032114,0
Unvalidated,2024542458724,2024,542458724,2,9,0,18,1,5,0,3,0,0,0,0,1,1,1,2,52,8,-1,-1,-1,-1,8,2,E01020450,0
Unvalidated,2024542458724,2024,542458724,3,9,0,18,1,5,0,3,0,0,0,0,1,1,1,1,47,8,-1,-1,-1,-1,3,2,E01029202,0
Unvalidated,2024542461024,2024,542461024,1,9,0,5,2,6,0,1,0,0,0,0,1,1,6,2,82,11,-1,-1,-1,-1,9,2,E01015523,0
Unvalidated,2024542461024,2024,542461024,2,3,0,3,2,6,0,1,0,0,0,0,2,1,6,1,18,4,-1,-1,-1,-1,5,1,E01015505,0
Unvalidated,2024542464324,2024,542464324,1,9,0,15,1,5,0,0,0,0,0,0,1,1,6,2,87,11,-1,-1,-1,-1,8,1,E01032110,0
Unvalidated,2024542464324,2024,542464324,2,9,0,2,0,0,0,0,0,0,0,0,2,1,6,2,59,9,-1,-1,-1,-1,5,1,E01032111,0
Unvalidated,2024542467924,2024,542467924,1,9,0,5,8,4,0,2,0,0,0,0,1,1,6,1,52,8,-1,-1,-1,-1,5,1,E01032113,0
Unvalidated,2024542481724,2024,542481724,1,9,0,9,8,4,0,8,0,0,0,0,1,1,6,1,63,9,-1,-1,-1,-1,5,1,E01032063,0
Unvalidated,2024542481724,2024,542481724,2,9,0,18,6,2,0,8,0,0,0,0,4,1,1,1,37,7,-1,-1,-1,-1,4,1,E01032070,0
Unvalidated,2024542512624,2024,542512624,1,9,0,4,4,8,0,0,1,0,0,0,4,1,1,1,65,9,-1,-1,-1,-1,8,1,E01032088,0
Unvalidated,2024542514024,2024,542514024,1,9,0,18,6,2,0,0,0,0,0,0,1,1,6,2,89,11,-1,-1,-1,-1,5,1,E01032022,0
Unvalidated,2024542514024,2024,542514024,2,9,0,18,2,6,0,0,0,0,0,0,1,1,6,2,77,11,-1,-1,-1,-1,6,3,E01031971,0
Unvalidated,2024542516624,2024,542516624,1,9,0,18,4,8,0,0,2,10,0,0,1,1,1,1,34,6,-1,-1,-1,-1,8,2,E01032047,0
Unvalidated,2024542520724,2024,542520724,1,5,0,18,4,8,0,0,0,0,0,0,1,1,6,1,64,9,-1,-1,-1,-1,10,1,E01014912,0
Unvalidated,2024542520724,2024,542520724,2,9,0,18,8,4,0,0,0,0,0,0,1,1,6,2,41,7,-1,-1,-1,-1,8,3,E01032071,0
Unvalidated,2024542571824,2024,542571824,1,9,0,5,7,3,0,6,0,0,0,0,3,1,6,2,84,11,-1,-1,-1,-1,10,3,E01028745,0
Unvalidated,2024542571824,2024,542571824,2,98,0,18,5,1,0,1,0,0,0,0,1,1,2,1,32,6,-1,-1,-1,-1,8,1,E01015556,0
Unvalidated,2024542576724,2024,542576724,1,9,0,9,1,3,0,8,0,0,0,0,1,1,6,1,50,8,-1,-1,-1,-1,7,1,E01032015,0
Unvalidated,2024542577724,2024,542577724,1,9,0,9,3,1,0,5,0,0,1,0,3,1,6,2,24,5,-1,-1,-1,-1,2,1,E01031896,0
Unvalidated,2024542577724,2024,542577724,2,11,0,18,1,5,0,1,0,0,0,0,4,1,6,1,66,10,-1,-1,-1,-1,10,1,E01031906,0
Unvalidated,2024542578824,2024,542578824,1,9,0,9,4,2,9,1,0,0,0,0,1,1,6,3,52,8,-1,-1,-1,-1,-1,-1,-1,0
Unvalidated,2024542580824,2024,542580824,1,9,0,17,6,3,0,1,2,0,1,4,1,1,1,2,24,5,-1,-1,-1,-1,2,1,E01032118,0
Unvalidated,2024542584124,2024,542584124,1,9,0,18,7,3,0,0,0,0,0,0,1,1,6,3,-1,-1,-1,-1,-1,-1,-1,-1,-1,0
Unvalidated,2024542584124,2024,542584124,2,1,0,18,7,3,0,0,0,0,0,0,2,1,6,1,15,3,-1,-1,-1,-1,7,1,E01031926,0
Unvalidated,2024542586424,2024,542586424,1,9,0,7,4,7,0,5,0,0,0,0,1,1,6,1,56,9,-1,-1,-1,-1,6,1,E01015496,0
Unvalidated,2024542594324,2024,542594324,1,19,0,9,6,2,0,6,0,0,0,0,3,1,1,1,40,7,-1,-1,-1,-1,4,1,W01000636,0
Unvalidated,2024542594324,2024,542594324,2,9,0,18,6,2,0,1,0,0,0,0,1,1,1,1,28,6,-1,-1,-1,-1,4,1,E01014488,0
Unvalidated,2024542594324,2024,542594324,3,9,0,18,6,2,0,1,0,0,0,0,1,1,6,2,35,6,-1,-1,-1,-1,7,1,W01001831,0
Unvalidated,2024542594424,2024,542594424,1,9,0,18,7,3,0,6,0,0,0,0,3,1,2,2,44,7,-1,-1,-1,-1,9,2,E01015586,0
Unvalidated,2024542594424,2024,542594424,2,9,0,18,1,5,0,1,0,0,0,0,1,1,2,2,57,9,-1,-1,-1,-1,5,1,E01015505,0
Unvalidated,2024542594424,2024,542594424,3,9,0,3,3,1,0,1,0,0,0,0,1,1,2,2,26,6,-1,-1,-1,-1,1,1,E01015538,0
Unvalidated,2024542600024,2024,542600024,1,19,0,13,2,6,0,0,0,0,0,0,3,1,6,1,45,7,-1,-1,-1,-1,2,1,E01031983,0
Unvalidated,2024542600024,2024,542600024,2,9,0,18,6,2,0,0,0,0,0,0,3,1,6,2,58,9,-1,-1,-1,-1,6,3,E01031991,0
Unvalidated,2024542606024,2024,542606024,1,9,0,6,2,2,0,6,0,0,0,0,0,1,6,3,-1,-1,-1,-1,-1,-1,-1,-1,-1,0
Unvalidated,2024542606024,2024,542606024,2,9,0,1,2,6,0,1,1,0,2,11,1,1,6,1,18,4,-1,-1,-1,-1,9,3,E01032041,0
Unvalidated,2024542617724,2024,542617724,1,9,0,18,8,4,0,0,2,0,7,4,1,1,2,2,36,7,-1,-1,-1,-1,6,3,E01022271,0
Unvalidated,2024542622724,2024,542622724,1,9,0,9,7,5,0,6,0,0,0,0,1,1,6,2,53,8,-1,-1,-1,-1,9,3,E01032061,0
Unvalidated,2024542622724,2024,542622724,2,9,0,18,1,5,0,1,0,0,1,0,1,1,6,1,43,7,-1,-1,-1,-1,7,3,E01014870,0
Unvalidated,2024542633524,2024,542633524,1,9,0,18,5,1,0,4,0,9,3,1,1,1,6,2,17,4,-1,-1,-1,-1,6,1,E01032091,0
Unvalidated,2024542673224,2024,542673224,1,9,0,18,1,5,0,1,0,0,0,0,1,1,6,1,41,7,-1,-1,-1,-1,9,2,E01031879,0
Unvalidated,2024542673224,2024,542673224,2,9,0,4,1,5,0,1,0,0,0,0,2,1,6,2,58,9,-1,-1,-1,-1,8,1,E01032095,0
Unvalidated,2024542673224,2024,542673224,3,9,0,4,1,5,0,1,0,0,0,0,2,1,6,2,51,8,-1,-1,-1,-1,6,1,E01032065,0
Unvalidated,2024542680724,2024,542680724,1,9,0,18,5,1,0,3,0,0,0,0,3,1,6,2,36,7,-1,-1,-1,-1,4,1,W01000586,0
Unvalidated,2024542680724,2024,542680724,2,9,0,18,5,1,0,3,0,0,0,0,4,1,2,1,49,8,-1,-1,-1,-1,4,1,E01015511,0
Unvalidated,2024542682424,2024,542682424,1,9,0,18,7,3,0,8,0,0,0,0,1,1,1,1,28,6,-1,-1,-1,-1,4,1,E01014521,0
Unvalidated,2024542682424,2024,542682424,2,9,0,18,5,1,0,8,0,0,0,0,3,1,1,1,39,7,-1,-1,-1,-1,5,2,E01015519,0
Unvalidated,2024542710524,2024,542710524,1,3,0,18,8,4,0,1,1,0,0,0,1,1,2,1,19,4,-1,-1,-1,-1,8,1,E01032095,0
Unvalidated,2024542710524,2024,542710524,2,22,0,18,5,1,0,6,0,0,0,0,3,1,6,2,58,9,-1,-1,-1,-1,9,1,E01032105,0
Unvalidated,2024542737324,2024,542737324,1,9,0,18,7,3,0,1,0,0,0,0,1,1,6,3,-1,-1,-1,-1,-1,-1,-1,-1,-1,0
Unvalidated,2024542740324,2024,542740324,1,9,0,9,7,3,0,4,0,0,0,0,1,1,6,2,31,6,-1,-1,-1,-1,2,1,E01015476,0
Unvalidated,2024542740324,2024,542740324,2,9,0,18,5,1,0,4,0,0,0,0,4,1,6,1,41,7,-1,-1,-1,-1,2,1,E01015573,0
Unvalidated,2024542747224,2024,542747224,1,9,0,18,3,7,0,0,0,0,0,0,1,1,6,1,43,7,-1,-1,-1,-1,3,1,E01029041,0
Unvalidated,2024542747224,2024,542747224,2,9,0,3,3,7,0,0,0,0,0,0,2,1,6,1,41,7,-1,-1,-1,-1,8,1,E01015111,0
Unvalidated,2024542747224,2024,542747224,3,9,0,3,3,7,0,0,0,0,0,0,2,1,6,2,51,8,-1,-1,-1,-1,5,2,E01031867,0
Unvalidated,2024542753424,2024,542753424,1,9,0,9,7,2,0,4,0,0,0,0,1,1,1,1,37,7,-1,-1,-1,-1,8,1,E01015550,0
Unvalidated,2024542753424,2024,542753424,2,9,0,9,4,1,0,4,0,0,0,0,4,1,6,1,68,10,-1,-1,-1,-1,9,1,E01015535,0
Unvalidated,2024542758424,2024,542758424,1,9,0,9,1,5,0,1,0,0,0,0,3,1,6,1,23,5,-1,-1,-1,-1,9,2,E01015548,0
Unvalidated,2024542758424,2024,542758424,2,9,0,18,5,1,0,1,0,0,0,0,3,1,6,2,25,5,-1,-1,-1,-1,6,3,E01032004,0
Unvalidated,2024542766124,2024,542766124,1,97,0,18,3,7,0,0,0,0,7,0,1,1,6,1,35,6,-1,-1,-1,-1,8,2,E01031977,0
Unvalidated,2024542766124,2024,542766124,2,19,0,2,0,0,0,0,0,0,0,0,1,1,6,3,-1,-1,-1,-1,-1,-1,-1,-1,-1,0
Unvalidated,2024542769024,2024,542769024,1,9,0,18,2,6,0,0,1,0,7,1,1,1,6,1,23,5,-1,-1,-1,-1,3,1,E01032115,0
Unvalidated,2024542770324,2024,542770324,1,9,0,9,2,6,0,3,0,0,1,11,1,1,6,2,22,5,-1,-1,-1,-1,8,3,E01031957,0
Unvalidated,2024542771924,2024,542771924,1,9,0,18,2,6,0,0,0,0,1,11,1,1,6,1,20,4,-1,-1,-1,-1,8,3,E01032033,0
Unvalidated,2024542784424,2024,542784424,1,9,0,18,3,7,0,0,0,0,1,4,1,1,6,1,66,10,-1,-1,-1,-1,6,1,E01028523,0
Unvalidated,2024542787624,2024,542787624,1,21,1,18,8,4,0,0,3,0,7,4,1,1,1,1,50,8,-1,-1,-1,-1,6,1,E01015579,0
Unvalidated,2024542787624,2024,542787624,2,9,0,18,4,8,0,0,0,0,7,0,1,1,6,1,46,8,-1,-1,-1,-1,9,3,E01028747,0
Unvalidated,2024542797324,2024,542797324,1,9,0,9,5,3,0,6,0,0,0,0,3,1,6,2,18,4,-1,-1,-1,-1,6,3,E01032010,0
Unvalidated,2024542797324,2024,542797324,2,9,0,18,3,7,0,1,0,0,0,0,1,1,6,2,62,9,-1,-1,-1,-1,6,3,E01032004,0
Unvalidated,2024542816624,2024,542816624,1,19,0,18,2,6,0,0,0,0,1,11,1,1,1,1,37,7,-1,-1,-1,-1,7,1,E01015493,0
Unvalidated,2024542834624,2024,542834624,1,98,0,4,5,1,0,0,0,0,0,0,2,1,6,1,46,8,-1,-1,-1,-1,8,1,E01032095,0
Unvalidated,2024542834624,2024,542834624,2,9,0,18,5,1,0,0,0,0,0,0,1,1,2,2,51,8,-1,-1,-1,-1,1,1,E01032096,0
Unvalidated,2024542834624,2024,542834624,3,9,0,18,5,1,0,0,0,0,0,0,1,1,6,1,38,7,-1,-1,-1,-1,8,1,E01032095,0
Unvalidated,2024542839924,2024,542839924,1,9,0,5,8,5,0,1,0,0,0,0,1,1,3,1,46,8,-1,-1,-1,-1,8,1,E01032001,0
Unvalidated,2024542839924,2024,542839924,2,9,0,18,5,1,0,1,0,0,0,0,1,1,3,2,30,6,-1,-1,-1,-1,6,2,E01023022,0
Unvalidated,2024542864224,2024,542864224,1,1,0,18,1,5,0,1,0,0,0,0,1,1,2,1,51,8,-1,-1,-1,-1,8,1,E01015549,0
Unvalidated,2024542864224,2024,542864224,2,9,0,4,8,5,0,1,0,0,0,0,1,1,1,1,51,8,-1,-1,-1,-1,7,1,E01015574,0
Unvalidated,2024542867924,2024,542867924,1,9,0,13,8,4,0,0,0,0,0,0,1,1,6,2,59,9,-1,-1,-1,-1,8,1,E01032110,0
Unvalidated,2024542867924,2024,542867924,2,9,0,18,4,8,0,0,0,0,0,0,1,1,6,1,28,6,-1,-1,-1,-1,5,2,E01032698,0
Unvalidated,2024542867924,2024,542867924,3,9,0,18,4,8,0,0,0,0,0,0,1,1,6,1,17,4,-1,-1,-1,-1,5,3,E01020489,0
Unvalidated,2024542867924,2024,542867924,4,98,0,4,4,8,0,0,0,0,0,0,2,1,6,1,-1,-1,-1,-1,-1,-1,-1,-1,-1,0
Unvalidated,2024542880824,2024,542880824,1,9,0,18,1,5,0,1,0,0,0,0,1,1,6,1,-1,-1,-1,-1,-1,-1,7,2,E01031979,0