status,collision_index,collision_year,collision_reference,vehicle_reference,vehicle_type,towing_and_articulation,vehicle_manoeuvre,vehicle_direction_from,vehicle_direction_to,vehicle_location_restricted_lane,junction_location,skidding_and_overturning,hit_object_in_carriageway,vehicle_leaving_carriageway,hit_object_off_carriageway,first_point_of_impact,vehicle_left_hand_drive,journey_purpose_of_driver,sex_of_driver,age_of_driver,age_band_of_driver,engine_capacity_cc,propulsion_code,age_of_vehicle,generic_make_model,driver_imd_decile,driver_home_area_type,lsoa_of_driver,escooter_flag
Unvalidated,2024542880824,2024,542880824,2,9,0,3,1,5,0,1,0,0,0,0,2,1,6,2,45,7,-1,-1,-1,-1,-1,-1,-1,0
Unvalidated,2024542898724,2024,542898724,1,9,0,18,2,6,0,0,0,0,7,0,1,1,6,1,64,9,-1,-1,-1,-1,9,1,E01018027,0
Unvalidated,2024542898724,2024,542898724,2,19,0,18,6,2,0,0,0,0,0,0,1,1,1,1,26,6,-1,-1,-1,-1,7,1,E01015582,0
Unvalidated,2024542898724,2024,542898724,3,19,0,18,6,2,0,0,0,0,0,0,1,1,1,1,65,9,-1,-1,-1,-1,7,2,E01031865,0
Unvalidated,2024542898724,2024,542898724,4,9,0,18,6,2,0,0,0,0,0,0,1,1,6,2,49,8,-1,-1,-1,-1,9,1,E01015451,0
Unvalidated,2024542905524,2024,542905524,1,9,0,18,8,4,0,0,1,0,4,6,3,1,6,2,18,4,-1,-1,-1,-1,2,1,E01015476,0
Unvalidated,2024542967424,2024,542967424,1,19,0,18,5,1,0,1,0,0,0,0,1,1,1,1,65,9,-1,-1,-1,-1,9,2,E01022223,0
Unvalidated,2024542967424,2024,542967424,2,9,0,18,5,1,0,1,0,0,0,0,2,1,6,1,76,11,-1,-1,-1,-1,9,1,E01031909,0
Unvalidated,2024542984124,2024,542984124,1,9,0,4,2,6,0,1,0,0,0,0,1,1,6,1,34,6,-1,-1,-1,-1,8,2,E01015522,0
Unvalidated,2024542984124,2024,542984124,2,9,0,18,2,6,0,1,0,0,0,0,2,1,6,1,60,9,-1,-1,-1,-1,7,2,E01015520,0
Unvalidated,2024542994124,2024,542994124,1,98,0,18,8,4,0,1,2,0,1,0,3,1,1,1,41,7,-1,-1,-1,-1,8,1,E01017624,0
Unvalidated,2024543015824,2024,543015824,1,19,0,9,7,4,0,6,0,0,0,0,1,1,1,1,23,5,-1,-1,-1,-1,1,1,E01015538,0
Unvalidated,2024543015824,2024,543015824,2,9,0,18,4,8,0,1,0,0,0,0,1,1,6,2,73,10,-1,-1,-1,-1,2,1,E01032064,0
Unvalidated,2024543025324,2024,543025324,1,9,0,17,3,7,0,0,2,0,1,0,1,1,1,1,29,6,-1,-1,-1,-1,6,1,E01015559,0
Unvalidated,2024543029524,2024,543029524,1,19,0,18,2,6,0,1,0,0,0,0,1,1,1,1,32,6,-1,-1,-1,-1,8,2,E01028716,0
Unvalidated,2024543036224,2024,543036224,1,9,0,18,5,1,0,0,0,0,1,0,1,1,6,2,28,6,-1,-1,-1,-1,9,3,E01031886,0
Unvalidated,2024543036224,2024,543036224,2,9,0,18,1,5,0,0,0,0,1,0,1,1,6,2,36,7,-1,-1,-1,-1,9,3,E01031968,0
Unvalidated,2024543036224,2024,543036224,3,8,0,18,5,1,0,0,0,0,1,0,1,1,6,1,36,7,-1,-1,-1,-1,4,1,E01029367,0
Unvalidated,2024543036224,2024,543036224,4,9,0,18,1,5,0,0,0,0,1,0,1,1,6,2,29,6,-1,-1,-1,-1,6,1,E01031967,0
Unvalidated,2024543042124,2024,543042124,1,9,0,12,8,4,0,7,0,0,4,0,3,1,6,2,52,8,-1,-1,-1,-1,7,2,E01031887,0
Unvalidated,2024543042124,2024,543042124,2,9,0,18,8,4,0,1,0,0,4,0,4,1,6,1,64,9,-1,-1,-1,-1,6,3,E01029222,0
Unvalidated,2024543048524,2024,543048524,1,9,0,17,2,6,0,0,0,0,1,9,1,1,6,1,55,8,-1,-1,-1,-1,9,1,E01031968,0
Unvalidated,2024543049324,2024,543049324,1,9,0,11,8,4,0,0,0,0,1,0,1,1,6,1,46,8,-1,-1,-1,-1,10,2,E01015521,0
Unvalidated,2024543049324,2024,543049324,2,19,0,18,8,4,0,0,2,0,1,9,3,1,6,1,60,9,-1,-1,-1,-1,9,3,E01015473,0
Unvalidated,2024543057524,2024,543057524,1,9,0,7,8,2,9,6,0,0,0,0,1,1,1,2,52,8,-1,-1,-1,-1,7,1,E01032692,0
Unvalidated,2024543057524,2024,543057524,2,1,0,18,2,6,9,1,0,0,0,0,1,1,6,1,32,6,-1,-1,-1,-1,2,1,E01031914,0
Unvalidated,2024543060124,2024,543060124,1,9,0,18,3,7,0,8,1,0,0,0,1,1,6,2,34,6,-1,-1,-1,-1,9,3,E01015473,0
Unvalidated,2024543060124,2024,543060124,2,9,0,3,3,7,0,8,0,0,0,0,2,1,6,2,51,8,-1,-1,-1,-1,9,2,E01032713,0
Unvalidated,2024543069924,2024,543069924,1,9,0,1,4,2,0,6,0,0,0,0,2,1,6,1,32,6,-1,-1,-1,-1,7,1,E01015582,0
Unvalidated,2024543069924,2024,543069924,2,9,0,7,2,4,0,5,0,0,0,0,1,1,6,1,37,7,-1,-1,-1,-1,9,1,E01032713,0
Unvalidated,2024543074624,2024,543074624,1,9,0,18,2,6,0,0,1,0,0,0,1,1,6,1,31,6,-1,-1,-1,-1,7,2,E01020434,0
Unvalidated,2024543074624,2024,543074624,2,19,0,18,6,2,0,0,0,0,0,0,1,1,6,1,45,7,-1,-1,-1,-1,6,1,E01021886,0
Unvalidated,2024543092324,2024,543092324,1,9,0,18,4,8,0,0,0,0,7,11,1,1,6,1,68,10,-1,-1,-1,-1,8,1,E01015562,0
Unvalidated,2024543092324,2024,543092324,2,9,0,18,8,4,0,0,0,0,0,0,1,1,6,1,55,8,-1,-1,-1,-1,8,1,E01015472,0
Unvalidated,2024543102024,2024,543102024,1,9,0,3,4,8,0,0,0,0,0,0,1,1,6,1,20,4,-1,-1,-1,-1,4,1,E01009766,0
Unvalidated,2024543102024,2024,543102024,2,9,0,3,4,8,0,0,0,0,0,0,2,1,6,1,33,6,-1,-1,-1,-1,8,2,E01031977,0
Unvalidated,2024543142824,2024,543142824,1,9,0,16,6,2,0,0,0,0,0,0,3,1,6,2,40,7,-1,-1,-1,-1,6,2,E01032037,0
Unvalidated,2024543142824,2024,543142824,2,9,0,17,2,6,0,0,0,0,0,0,3,1,6,1,91,11,-1,-1,-1,-1,6,2,E01032037,0
Unvalidated,2024543151424,2024,543151424,1,9,0,18,2,6,0,1,0,0,8,2,1,1,6,1,19,4,-1,-1,-1,-1,9,1,E01032707,0
Unvalidated,2024543156224,2024,543156224,1,9,0,17,5,2,0,0,5,0,7,4,4,1,6,1,18,4,-1,-1,-1,-1,8,3,E01031954,0
Unvalidated,2024543161824,2024,543161824,1,9,0,5,4,8,0,4,0,0,0,0,1,1,6,2,44,7,-1,-1,-1,-1,6,1,E01032114,0
Unvalidated,2024543161824,2024,543161824,2,1,0,18,2,6,0,3,1,0,0,0,2,1,6,2,31,6,-1,-1,-1,-1,-1,1,-1,0
Unvalidated,2024543170124,2024,543170124,1,4,0,15,1,4,0,1,0,10,1,0,4,1,6,1,19,4,-1,-1,-1,-1,9,3,E01015473,0
Unvalidated,2024543170124,2024,543170124,2,9,0,5,7,5,0,6,0,0,0,0,0,1,6,1,60,9,-1,-1,-1,-1,2,1,E01015528,0
Unvalidated,2024543172124,2024,543172124,1,9,0,16,6,1,0,1,0,0,0,0,3,1,1,1,50,8,-1,-1,-1,-1,9,3,E01029022,0
Unvalidated,2024543172124,2024,543172124,2,9,0,17,1,6,0,1,0,0,0,0,3,1,6,2,51,8,-1,-1,-1,-1,4,3,E01032036,0
Unvalidated,2024543208424,2024,543208424,1,9,0,18,6,2,0,0,0,0,0,0,0,1,6,3,-1,-1,-1,-1,-1,-1,-1,-1,-1,0
Unvalidated,2024543208424,2024,543208424,2,9,0,18,2,6,0,0,1,0,7,4,4,1,2,1,43,7,-1,-1,-1,-1,8,3,E01031885,0
Unvalidated,2024543219524,2024,543219524,1,9,0,13,4,8,0,0,0,0,0,0,1,1,2,1,23,5,-1,-1,-1,-1,5,1,E01017221,0
Unvalidated,2024543219524,2024,543219524,2,21,0,18,4,8,0,0,0,0,0,0,3,1,1,1,59,9,-1,-1,-1,-1,6,3,E01031845,0
Unvalidated,2024543219524,2024,543219524,3,20,0,18,8,4,0,0,0,0,0,0,1,1,1,1,60,9,-1,-1,-1,-1,6,3,E01031845,0
Unvalidated,2024543224124,2024,543224124,1,9,0,18,7,3,0,1,0,0,0,0,1,1,6,1,24,5,-1,-1,-1,-1,10,1,E01031923,0
Unvalidated,2024543224124,2024,543224124,2,9,0,18,7,3,0,1,0,0,0,0,2,1,6,2,42,7,-1,-1,-1,-1,6,1,E01031902,0
Unvalidated,2024543225124,2024,543225124,1,9,0,1,2,6,0,0,0,0,0,0,2,1,3,2,59,9,-1,-1,-1,-1,7,1,E01032003,0
Unvalidated,2024543244324,2024,543244324,1,9,0,18,5,1,0,5,1,0,7,2,1,1,6,2,43,7,-1,-1,-1,-1,7,3,E01015474,0
Unvalidated,2024543265924,2024,543265924,1,9,0,1,4,8,9,6,0,0,0,0,3,1,6,2,38,7,-1,-1,-1,-1,2,1,E01015542,0
Unvalidated,2024543265924,2024,543265924,2,9,0,18,2,6,0,1,0,0,0,0,1,1,6,1,22,5,-1,-1,-1,-1,7,1,E01015574,0
Unvalidated,2024543267324,2024,543267324,1,19,0,12,7,4,0,3,0,0,0,0,3,1,6,3,-1,-1,-1,-1,-1,-1,-1,-1,-1,0
Unvalidated,2024543267324,2024,543267324,2,5,0,18,4,3,0,3,0,0,0,0,1,1,6,1,22,5,-1,-1,-1,-1,4,1,E01015580,0
Unvalidated,2024543270324,2024,543270324,1,9,0,5,0,2,9,6,0,0,0,0,1,1,6,2,32,6,-1,-1,-1,-1,9,1,E01015482,0
Unvalidated,2024543270324,2024,543270324,2,1,0,18,8,4,9,8,0,0,0,0,3,1,4,1,14,3,-1,-1,-1,-1,2,1,E01015558,0
Unvalidated,2024543275424,2024,543275424,1,9,0,18,5,1,0,1,5,4,0,0,3,1,6,1,18,4,-1,-1,-1,-1,2,1,E01031928,0
Unvalidated,2024543275424,2024,543275424,2,9,0,2,0,0,0,1,0,0,0,0,3,1,6,3,-1,-1,-1,-1,-1,-1,-1,-1,-1,0
Unvalidated,2024543280724,2024,543280724,1,9,0,18,3,7,0,1,0,0,0,0,1,1,6,2,23,5,-1,-1,-1,-1,3,1,E01029096,0
Unvalidated,2024543280724,2024,543280724,2,9,0,4,3,7,0,1,0,0,0,0,2,1,6,2,38,7,-1,-1,-1,-1,3,1,E01015502,0
Unvalidated,2024543326324,2024,543326324,1,4,0,18,2,6,0,0,0,0,0,0,0,1,6,1,17,4,-1,-1,-1,-1,7,3,E01031882,0
Unvalidated,2024543349524,2024,543349524,1,9,0,18,5,1,0,0,0,0,0,0,1,1,6,2,26,6,-1,-1,-1,-1,10,1,E01031921,0
Unvalidated,2024543349524,2024,543349524,2,9,0,3,5,1,0,0,0,0,0,0,2,1,2,2,39,7,-1,-1,-1,-1,3,1,E01031854,0
Unvalidated,2024543356724,2024,543356724,1,9,0,18,5,1,0,0,0,0,0,0,1,1,6,1,49,8,-1,-1,-1,-1,9,2,E01031847,0
Unvalidated,2024543356724,2024,543356724,2,20,1,18,1,5,0,0,0,0,0,0,1,1,6,1,72,10,-1,-1,-1,-1,6,1,E01016348,0
Unvalidated,2024543395024,2024,543395024,1,9,0,18,4,8,0,0,1,0,0,10,1,1,6,1,59,9,-1,-1,-1,-1,9,1,E01032707,0
Unvalidated,2024543395024,2024,543395024,2,9,0,18,4,8,0,0,1,0,0,0,1,1,6,2,49,8,-1,-1,-1,-1,-1,-1,-1,0
Unvalidated,2024543395024,2024,543395024,3,9,0,18,4,8,0,0,1,0,0,0,1,1,6,1,23,5,-1,-1,-1,-1,8,2,E01028715,0
Unvalidated,2024543395024,2024,543395024,4,9,0,18,4,8,0,0,1,0,0,0,1,1,6,1,53,8,-1,-1,-1,-1,7,1,E01023100,0
Unvalidated,2024543395024,2024,543395024,5,9,0,18,4,8,0,0,1,0,1,10,1,1,6,2,40,7,-1,-1,-1,-1,-1,-1,-1,0
Unvalidated,2024543395024,2024,543395024,6,9,0,18,4,8,0,0,1,0,1,10,1,1,6,1,43,7,-1,-1,-1,-1,6,1,E01016704,0
Unvalidated,2024543395024,2024,543395024,7,9,0,18,4,8,0,0,1,0,1,10,1,1,6,2,30,6,-1,-1,-1,-1,5,1,E01016242,0
Unvalidated,2024543395024,2024,543395024,8,9,0,18,4,8,0,0,1,0,1,10,1,1,6,1,42,7,-1,-1,-1,-1,7,1,E01016239,0
Unvalidated,2024543395024,2024,543395024,9,9,0,18,4,8,0,0,1,0,1,10,1,1,6,2,-1,-1,-1,-1,-1,-1,3,1,E01023487,0
Unvalidated,2024543395024,2024,543395024,10,9,0,18,4,8,0,0,1,0,1,10,1,1,6,2,80,11,-1,-1,-1,-1,10,1,E01017861,0
Unvalidated,2024543395024,2024,543395024,11,9,0,18,4,8,0,0,1,0,1,10,1,1,6,1,26,6,-1,-1,-1,-1,8,1,E01016544,0
Unvalidated,2024543395024,2024,543395024,12,19,0,18,4,8,0,0,1,0,0,10,1,1,6,1,68,10,-1,-1,-1,-1,5,1,E01014426,0
Unvalidated,2024543395024,2024,543395024,13,9,0,18,4,8,0,0,1,0,1,0,1,1,6,1,57,9,-1,-1,-1,-1,8,2,E01014040,0
Unvalidated,2024543395024,2024,543395024,14,9,0,18,4,8,0,0,1,0,1,0,1,1,6,1,46,8,-1,-1,-1,-1,10,1,E01014413,0
Unvalidated,2024543395024,2024,543395024,15,9,0,18,4,8,0,0,1,0,1,0,1,1,6,2,61,9,-1,-1,-1,-1,9,2,E01031863,0
Unvalidated,2024543395024,2024,543395024,16,9,0,18,4,8,0,0,1,0,1,0,1,1,6,2,21,5,-1,-1,-1,-1,-1,-1,-1,0
Unvalidated,2024543413324,2024,543413324,1,3,0,18,1,5,0,0,2,6,0,0,4,1,6,1,28,6,-1,-1,-1,-1,3,1,E01015488,0
Unvalidated,2024543459224,2024,543459224,1,1,0,4,4,8,9,0,0,0,0,0,4,1,4,1,12,3,-1,-1,-1,-1,9,1,E01015566,0
Unvalidated,2024543459224,2024,543459224,2,11,0,2,0,0,0,0,0,0,0,0,0,1,1,3,-1,-1,-1,-1,-1,-1,-1,-1,-1,0
Unvalidated,2024543461024,2024,543461024,1,1,0,18,1,5,0,1,0,0,0,0,3,1,6,1,17,4,-1,-1,-1,-1,7,1,E01015574,0
Unvalidated,2024543461024,2024,543461024,2,9,0,18,3,7,0,1,0,0,0,0,1,1,6,2,-1,-1,-1,-1,-1,-1,-1,-1,-1,0
Unvalidated,2024543485724,2024,543485724,1,98,0,13,4,8,0,1,0,0,0,0,4,1,1,1,-1,-1,-1,-1,-1,-1,-1,-1,-1,0
Unvalidated,2024543485724,2024,543485724,2,97,0,5,4,8,0,1,0,0,0,0,3,1,1,1,20,4,-1,-1,-1,-1,9,3,E01031995,0
Unvalidated,2024543515524,2024,543515524,1,9,0,18,3,7,0,0,0,0,0,0,1,1,2,1,53,8,-1,-1,-1,-1,8,1,E01029113,0
Unvalidated,2024543515524,2024,543515524,2,9,0,4,3,7,0,0,0,0,0,0,2,1,2,2,22,5,-1,-1,-1,-1,6,1,E01014923,0
Unvalidated,2024543515524,2024,543515524,3,9,0,4,3,7,0,0,0,0,0,0,2,1,2,2,28,6,-1,-1,-1,-1,5,1,E01033350,0
Unvalidated,2024543515524,2024,543515524,4,9,0,4,3,7,0,0,0,0,0,0,2,1,6,1,41,7,-1,-1,-1,-1,9,1,W01001133,0
Unvalidated,2024543519924,2024,543519924,1,9,0,18,4,8,0,0,2,0,4,1,1,1,6,1,17,4,-1,-1,-1,-1,8,1,E01015549,0
Unvalidated,2024543528324,2024,543528324,1,9,0,18,7,2,0,1,0,0,0,0,1,1,6,1,22,5,-1,-1,-1,-1,4,1,E01015494,0
Unvalidated,2024543528324,2024,543528324,2,9,0,3,7,2,0,1,0,0,0,0,2,1,2,2,63,9,-1,-1,-1,-1,10,1,E01015518,0
Unvalidated,2024543539724,2024,543539724,1,19,0,17,1,5,0,0,0,0,1,1,1,1,1,1,64,9,-1,-1,-1,-1,7,1,E01022199,0
Unvalidated,2024543540524,2024,543540524,1,21,0,9,2,8,0,2,0,0,0,0,3,1,1,1,18,4,-1,-1,-1,-1,9,1,E01026301,0
Unvalidated,2024543540524,2024,543540524,2,21,0,3,8,4,0,1,0,0,0,0,1,1,1,1,28,6,-1,-1,-1,-1,2,1,-1,0
Unvalidated,2024543540524,2024,543540524,3,19,0,3,8,4,0,1,0,0,0,0,1,1,1,1,24,5,-1,-1,-1,-1,4,3,E01020563,0
Unvalidated,2024543547024,2024,543547024,1,9,0,18,8,4,0,8,0,0,1,1,4,1,6,1,31,6,-1,-1,-1,-1,10,1,E01031966,0
Unvalidated,2024543547024,2024,543547024,2,9,0,5,2,6,0,4,0,0,1,1,1,1,6,1,76,11,-1,-1,-1,-1,-1,-1,-1,0
Unvalidated,2024543560824,2024,543560824,1,9,0,18,7,3,0,0,0,0,0,0,1,1,6,1,41,7,-1,-1,-1,-1,3,1,E01009620,0
Unvalidated,2024543574524,2024,543574524,1,9,0,9,7,5,0,5,0,0,0,0,1,1,6,1,56,9,-1,-1,-1,-1,2,1,E01031914,0
Unvalidated,2024543574524,2024,543574524,2,1,0,3,5,1,0,1,0,0,0,0,1,1,2,1,55,8,-1,-1,-1,-1,2,1,E01031914,0
Unvalidated,2024543576124,2024,543576124,1,9,0,5,6,2,0,4,0,0,0,0,1,1,6,1,39,7,-1,-1,-1,-1,3,1,E01031851,0
Unvalidated,2024543576124,2024,543576124,2,1,0,9,8,6,0,3,0,0,0,0,4,1,6,2,67,10,-1,-1,-1,-1,-1,-1,-1,0
Unvalidated,2024543577224,2024,543577224,1,9,0,5,6,8,0,8,0,0,7,0,4,1,6,1,79,11,-1,-1,-1,-1,8,1,E01032001,0
Unvalidated,2024543577224,2024,543577224,2,9,0,17,4,8,0,8,0,0,0,0,1,1,1,1,63,9,-1,-1,-1,-1,9,1,E01032020,0
Unvalidated,2024543583024,2024,543583024,1,19,0,5,5,1,0,4,0,0,0,0,1,1,6,1,24,5,-1,-1,-1,-1,10,1,E01031903,0
Unvalidated,2024543583024,2024,543583024,2,9,0,18,3,7,0,3,0,0,0,0,1,1,6,1,33,6,-1,-1,-1,-1,4,1,E01031895,0
Unvalidated,2024543613924,2024,543613924,1,9,0,18,1,5,0,0,0,0,0,0,1,1,6,1,38,7,-1,-1,-1,-1,9,3,E01031998,0
Unvalidated,2024543613924,2024,543613924,2,9,0,18,5,1,0,0,0,0,1,9,1,1,6,2,36,7,-1,-1,-1,-1,8,1,E01015576,0
Unvalidated,2024543617524,2024,543617524,1,9,0,15,6,2,0,0,0,4,0,0,1,1,6,2,36,7,-1,-1,-1,-1,-1,-1,-1,0
Unvalidated,2024543617524,2024,543617524,2,5,0,3,6,2,0,0,0,4,0,0,2,1,2,1,63,9,-1,-1,-1,-1,9,1,E01031890,0
Unvalidated,2024543627824,2024,543627824,1,8,0,5,6,2,0,0,0,0,0,0,1,1,1,1,33,6,-1,-1,-1,-1,3,1,E01015530,0
Unvalidated,2024543627824,2024,543627824,2,1,0,5,5,1,0,0,5,0,0,0,4,1,6,1,9,2,-1,-1,-1,-1,2,1,E01015476,0
Unvalidated,2024543628924,2024,543628924,1,9,0,3,2,6,0,0,0,0,0,0,1,1,6,3,-1,-1,-1,-1,-1,-1,-1,-1,-1,0
Unvalidated,2024543628924,2024,543628924,2,1,0,4,2,6,0,0,0,0,0,0,2,1,6,1,42,7,-1,-1,-1,-1,4,1,E01032014,0
Unvalidated,2024543648024,2024,543648024,1,9,0,18,7,3,0,0,0,0,0,0,1,1,6,1,32,6,-1,-1,-1,-1,10,1,E01032097,0
Unvalidated,2024543648024,2024,543648024,2,9,0,18,7,3,0,0,0,0,0,0,2,1,6,1,55,8,-1,-1,-1,-1,6,1,E01032109,0
Unvalidated,2024543648024,2024,543648024,3,9,0,18,7,3,0,0,0,0,0,0,2,1,6,2,33,6,-1,-1,-1,-1,10,1,E01032097,0
Unvalidated,2024543659624,2024,543659624,1,11,0,4,7,3,0,1,0,0,3,10,1,1,1,1,58,9,-1,-1,-1,-1,8,1,E01015498,0
Unvalidated,2024543659624,2024,543659624,2,9,0,4,7,3,0,1,0,0,0,0,2,1,6,1,39,7,-1,-1,-1,-1,9,1,E01015485,0
Unvalidated,2024543659624,2024,543659624,3,9,0,4,7,3,0,1,0,0,0,0,2,1,6,1,38,7,-1,-1,-1,-1,4,1,E01015511,0
Unvalidated,2024543659624,2024,543659624,4,9,0,4,7,3,0,1,0,0,0,0,2,1,6,1,49,8,-1,-1,-1,-1,4,1,E01015580,0
Unvalidated,2024543660824,2024,543660824,1,9,0,7,8,2,0,8,0,0,0,0,1,1,2,1,18,4,-1,-1,-1,-1,6,3,E01031845,0
Unvalidated,2024543663324,2024,543663324,1,1,0,18,2,6,0,0,0,0,0,0,0,1,6,1,34,6,-1,-1,-1,-1,6,3,E01022210,0
Unvalidated,2024543666924,2024,543666924,1,9,0,18,2,5,0,1,0,0,0,0,1,1,6,1,79,11,-1,-1,-1,-1,7,1,E01032024,0
Unvalidated,2024543666924,2024,543666924,2,19,0,18,5,2,0,1,0,0,0,0,3,1,1,1,25,5,-1,-1,-1,-1,-1,-1,-1,0
Unvalidated,2024543671724,2024,543671724,1,9,0,18,1,4,0,0,5,10,1,9,1,1,6,1,15,3,-1,-1,-1,-1,7,2,E01031857,0
Unvalidated,2024543682624,2024,543682624,1,9,0,16,4,8,0,1,0,0,7,4,1,1,6,1,19,4,-1,-1,-1,-1,9,1,E01032702,0
Unvalidated,2024543684324,2024,543684324,1,9,0,16,5,1,0,0,1,0,0,0,1,1,6,1,23,5,-1,-1,-1,-1,6,3,E01031845,0
Unvalidated,2024543684324,2024,543684324,2,9,0,17,1,5,0,0,0,0,1,0,1,1,6,2,67,10,-1,-1,-1,-1,4,1,E01031917,0
Unvalidated,2024543696624,2024,543696624,1,9,0,18,8,4,0,0,2,0,2,-1,4,1,6,2,19,4,-1,-1,-1,-1,6,1,E01015361,0
Unvalidated,2024543708424,2024,543708424,1,5,0,18,8,4,0,0,1,0,8,11,1,1,1,1,37,7,-1,-1,-1,-1,-1,-1,-1,0
Unvalidated,2024543713724,2024,543713724,1,9,0,5,3,7,0,8,0,0,0,0,1,1,1,1,34,6,-1,-1,-1,-1,4,1,E01017246,0
Unvalidated,2024543716524,2024,543716524,1,9,0,18,3,7,0,1,0,0,1,0,1,1,6,1,27,6,-1,-1,-1,-1,9,1,E01015535,0
Unvalidated,2024543716524,2024,543716524,2,9,0,18,3,7,0,1,0,0,0,0,3,1,6,2,65,9,-1,-1,-1,-1,6,1,E01015478,0
Unvalidated,2024543724524,2024,543724524,1,9,0,5,5,1,0,0,0,4,0,0,1,1,1,2,46,8,-1,-1,-1,-1,7,1,E01032694,0
Unvalidated,2024543724524,2024,543724524,2,9,0,2,0,0,0,0,0,0,0,0,2,1,6,3,-1,-1,-1,-1,-1,-1,-1,-1,-1,0
Unvalidated,2024543724524,2024,543724524,3,9,0,18,1,5,0,0,0,0,0,0,0,1,6,3,-1,-1,-1,-1,-1,-1,-1,-1,-1,0
Unvalidated,2024543736124,2024,543736124,1,19,0,1,5,1,0,0,0,0,0,0,2,1,1,1,34,6,-1,-1,-1,-1,-1,-1,-1,0
Unvalidated,2024543736224,2024,543736224,1,9,0,7,1,3,0,1,0,0,0,0,1,1,6,2,38,7,-1,-1,-1,-1,5,2,E01032056,0
Unvalidated,2024543736224,2024,543736224,2,1,0,18,7,3,0,1,0,0,0,0,4,1,6,1,54,8,-1,-1,-1,-1,10,2,E01022884,0
Unvalidated,2024543738124,2024,543738124,1,4,0,16,4,8,0,0,2,0,7,0,1,1,6,1,29,6,-1,-1,-1,-1,2,1,E01014458,0
Unvalidated,2024543740624,2024,543740624,1,11,0,16,8,4,0,0,0,0,0,0,0,1,1,1,63,9,-1,-1,-1,-1,-1,-1,-1,0
Unvalidated,2024543745724,2024,543745724,1,9,0,18,4,8,0,1,0,0,0,0,1,1,6,2,32,6,-1,-1,-1,-1,6,2,E01029157,0
Unvalidated,2024543745724,2024,543745724,2,1,0,10,4,1,0,1,0,0,0,0,2,1,6,1,17,4,-1,-1,-1,-1,8,3,E01031883,0
Unvalidated,2024543776924,2024,543776924,1,9,0,5,0,6,0,0,0,0,0,0,4,1,6,1,49,8,-1,-1,-1,-1,8,1,E01015552,0
Unvalidated,2024543776924,2024,543776924,2,3,0,18,2,6,0,0,0,0,0,0,1,1,1,2,38,7,-1,-1,-1,-1,6,1,E01032708,0
Unvalidated,2024543779124,2024,543779124,1,9,0,8,6,2,0,1,0,0,0,0,1,1,6,1,62,9,-1,-1,-1,-1,5,3,E01032013,0
Unvalidated,2024543779124,2024,543779124,2,9,0,8,6,2,0,1,0,0,0,0,2,1,6,2,55,8,-1,-1,-1,-1,7,1,E01023057,0
Unvalidated,2024543800824,2024,543800824,1,9,0,11,3,7,0,0,0,0,5,6,4,1,6,1,67,10,-1,-1,-1,-1,3,1,W01001790,0
Unvalidated,2024543800824,2024,543800824,2,9,0,12,3,7,0,0,0,0,1,4,3,1,6,1,44,7,-1,-1,-1,-1,7,1,E01014535,0
Unvalidated,2024543836324,2024,543836324,1,8,0,9,1,5,0,2,0,0,0,0,1,1,1,1,59,9,-1,-1,-1,-1,2,1,E01015541,0
Unvalidated,2024543836324,2024,543836324,2,9,0,18,7,3,0,8,0,0,0,0,3,1,6,2,25,5,-1,-1,-1,-1,3,1,E01015502,0
Unvalidated,2024543851224,2024,543851224,1,9,0,18,3,7,0,6,0,0,7,0,3,1,6,1,40,7,-1,-1,-1,-1,6,2,E01029028,0
Unvalidated,2024543851224,2024,543851224,2,9,0,18,2,6,0,8,0,0,0,0,1,1,6,1,24,5,-1,-1,-1,-1,8,2,E01032050,0
Unvalidated,2024543876924,2024,543876924,1,9,0,18,3,7,0,0,0,0,0,0,2,1,6,2,52,8,-1,-1,-1,-1,4,1,E01032714,0
Unvalidated,2024543876924,2024,543876924,2,9,0,18,3,7,0,0,0,0,0,0,1,1,6,2,69,10,-1,-1,-1,-1,5,2,E01024788,0
Unvalidated,2024543881024,2024,543881024,1,9,0,17,6,2,0,1,0,0,0,0,1,1,6,2,48,8,-1,-1,-1,-1,6,1,E01015555,0
Unvalidated,2024543881024,2024,543881024,2,9,0,4,2,6,0,1,0,0,0,0,1,1,6,2,62,9,-1,-1,-1,-1,10,1,E01015563,0
Unvalidated,2024543893324,2024,543893324,1,9,0,18,7,3,0,0,0,0,0,0,1,1,6,1,25,5,-1,-1,-1,-1,1,1,W01001073,0
Unvalidated,2024543893324,2024,543893324,2,9,0,18,7,3,0,0,0,0,0,0,2,1,6,2,26,6,-1,-1,-1,-1,10,1,E01016665,0
Unvalidated,2024543906724,2024,543906724,1,4,0,13,2,6,0,1,0,0,0,0,1,1,6,1,40,7,-1,-1,-1,-1,2,1,E01015573,0
Unvalidated,2024543906724,2024,543906724,2,9,0,9,2,1,0,5,0,0,0,0,3,1,6,1,50,8,-1,-1,-1,-1,1,1,E01015508,0
Unvalidated,2024543940824,2024,543940824,1,9,0,18,3,7,0,0,0,0,0,0,1,1,6,2,32,6,-1,-1,-1,-1,3,1,E01032745,0