status,collision_index,collision_year,collision_reference,vehicle_reference,vehicle_type,towing_and_articulation,vehicle_manoeuvre,vehicle_direction_from,vehicle_direction_to,vehicle_location_restricted_lane,junction_location,skidding_and_overturning,hit_object_in_carriageway,vehicle_leaving_carriageway,hit_object_off_carriageway,first_point_of_impact,vehicle_left_hand_drive,journey_purpose_of_driver,sex_of_driver,age_of_driver,age_band_of_driver,engine_capacity_cc,propulsion_code,age_of_vehicle,generic_make_model,driver_imd_decile,driver_home_area_type,lsoa_of_driver,escooter_flag
Unvalidated,2024543944424,2024,543944424,1,9,0,18,2,6,0,0,0,11,1,11,1,1,6,2,35,6,-1,-1,-1,-1,2,1,E01032023,0
Unvalidated,2024543982224,2024,543982224,1,9,0,18,3,7,0,0,0,0,0,0,1,1,6,2,75,10,-1,-1,-1,-1,2,1,E01031896,0
Unvalidated,2024543982224,2024,543982224,2,9,0,18,7,3,0,0,0,0,0,0,1,1,1,1,59,9,-1,-1,-1,-1,4,1,E01026705,0
Unvalidated,2024543989324,2024,543989324,1,9,0,18,7,3,0,2,0,0,0,0,1,1,6,1,33,6,-1,-1,-1,-1,3,1,W01001764,0
Unvalidated,2024543989324,2024,543989324,2,9,0,10,1,5,0,8,0,0,0,0,4,1,6,2,60,9,-1,-1,-1,-1,4,1,E01014612,0
Unvalidated,2024543989324,2024,543989324,3,9,0,18,5,1,0,2,5,0,0,0,3,1,2,1,44,7,-1,-1,-1,-1,8,1,E01028773,0
Unvalidated,2024543995324,2024,543995324,1,1,0,15,8,4,0,1,0,0,0,0,1,1,6,1,20,4,-1,-1,-1,-1,4,1,E01032019,0
Unvalidated,2024543995324,2024,543995324,2,9,0,7,8,1,0,5,0,0,0,0,4,1,6,2,37,7,-1,-1,-1,-1,4,1,E01032014,0
Unvalidated,2024544046324,2024,544046324,1,19,0,5,1,5,0,1,0,0,0,0,1,1,6,1,57,9,-1,-1,-1,-1,6,1,E01032117,0
Unvalidated,2024544046324,2024,544046324,2,9,0,3,1,5,0,1,0,0,0,0,2,1,6,1,63,9,-1,-1,-1,-1,9,3,E01032055,0
Unvalidated,2024544047924,2024,544047924,1,9,0,18,1,5,0,0,0,0,0,0,3,1,6,1,59,9,-1,-1,-1,-1,9,1,E01022340,0
Unvalidated,2024544047924,2024,544047924,2,9,0,18,5,1,0,0,0,0,0,0,3,1,6,2,23,5,-1,-1,-1,-1,5,2,E01022218,0
Unvalidated,2024544051124,2024,544051124,1,9,0,18,7,3,0,0,0,0,1,2,4,1,6,1,20,4,-1,-1,-1,-1,8,3,E01031883,0
Unvalidated,2024544084424,2024,544084424,1,9,0,18,7,3,0,0,0,0,0,0,1,1,6,1,83,11,-1,-1,-1,-1,6,3,E01031884,0
Unvalidated,2024544084424,2024,544084424,2,9,0,18,3,7,0,0,0,0,0,0,1,1,6,2,59,9,-1,-1,-1,-1,4,2,E01031862,0
Unvalidated,2024544085924,2024,544085924,1,9,0,18,8,4,0,0,0,0,0,0,1,1,6,1,31,6,-1,-1,-1,-1,4,1,E01015492,0
Unvalidated,2024544085924,2024,544085924,2,9,0,18,8,4,0,0,0,0,0,0,2,1,6,2,20,4,-1,-1,-1,-1,8,2,E01032704,0
Unvalidated,2024544090224,2024,544090224,1,9,0,9,6,4,0,6,0,0,0,0,1,1,6,2,30,6,-1,-1,-1,-1,7,1,E01015582,0
Unvalidated,2024544090224,2024,544090224,2,90,0,18,4,8,0,1,0,0,0,0,1,1,6,1,12,3,-1,-1,-1,-1,6,1,E01015579,1
Unvalidated,2024544092324,2024,544092324,1,9,0,18,7,3,0,1,5,4,0,0,1,1,6,1,38,7,-1,-1,-1,-1,4,1,E01032090,0
Unvalidated,2024544092324,2024,544092324,2,9,0,2,0,0,0,1,0,0,0,0,3,1,6,2,-1,-1,-1,-1,-1,-1,1,1,E01032096,0
Unvalidated,2024544093724,2024,544093724,1,9,0,18,7,3,0,0,0,0,0,0,1,1,6,3,-1,-1,-1,-1,-1,-1,-1,-1,-1,0
Unvalidated,2024544093724,2024,544093724,2,1,0,18,5,1,0,0,0,0,0,0,2,1,6,2,49,8,-1,-1,-1,-1,2,1,E01015476,0
Unvalidated,2024544098124,2024,544098124,1,97,0,1,2,6,0,0,0,0,0,0,0,1,6,1,26,6,-1,-1,-1,-1,4,1,E01015492,0
Unvalidated,2024544099024,2024,544099024,1,9,0,16,3,5,0,0,5,0,7,4,1,1,6,1,22,5,-1,-1,-1,-1,8,2,E01031946,0
Unvalidated,2024544123724,2024,544123724,1,9,0,14,8,4,0,2,0,10,7,0,4,1,6,3,-1,-1,-1,-1,-1,-1,-1,-1,-1,0
Unvalidated,2024544163024,2024,544163024,1,9,0,18,6,2,0,0,0,0,1,9,1,1,2,1,65,9,-1,-1,-1,-1,8,1,E01032100,0
Unvalidated,2024544163624,2024,544163624,1,9,0,18,7,3,0,0,0,0,0,0,1,1,6,1,39,7,-1,-1,-1,-1,5,2,E01019902,0
Unvalidated,2024544163624,2024,544163624,2,9,0,18,7,3,0,0,0,0,0,0,2,1,6,1,67,10,-1,-1,-1,-1,9,1,E01030813,0
Unvalidated,2024544175924,2024,544175924,1,9,0,18,2,6,0,1,0,0,0,0,1,1,6,1,76,11,-1,-1,-1,-1,6,1,E01015559,0
Unvalidated,2024544211224,2024,544211224,1,9,0,7,7,3,0,0,0,0,0,0,1,1,6,1,34,6,-1,-1,-1,-1,5,1,E01032054,0
Unvalidated,2024544222324,2024,544222324,1,9,0,18,5,1,0,0,0,0,0,0,3,1,6,2,37,7,-1,-1,-1,-1,6,3,E01032696,0
Unvalidated,2024544222324,2024,544222324,2,9,0,18,1,5,0,0,0,0,1,0,3,1,6,2,39,7,-1,-1,-1,-1,7,3,E01029026,0
Unvalidated,2024544225624,2024,544225624,1,9,0,18,5,1,2,4,0,0,0,0,1,1,6,2,30,6,-1,-1,-1,-1,6,1,E01032691,0
Unvalidated,2024544225624,2024,544225624,2,1,0,18,3,7,0,8,0,0,0,0,4,1,6,1,34,6,-1,-1,-1,-1,9,1,E01015535,0
Unvalidated,2024544225624,2024,544225624,3,1,0,18,3,7,0,8,0,0,0,0,4,1,6,1,34,6,-1,-1,-1,-1,10,1,E01015564,0
Unvalidated,2024544244424,2024,544244424,1,97,0,18,3,7,0,8,0,9,7,4,1,1,6,1,37,7,-1,-1,-1,-1,9,1,E01015501,0
Unvalidated,2024544245724,2024,544245724,1,9,0,17,8,4,0,0,1,0,1,4,2,1,6,1,24,5,-1,-1,-1,-1,9,1,E01031968,0
Unvalidated,2024544245724,2024,544245724,2,9,0,18,4,8,0,0,0,0,0,0,3,1,6,1,28,6,-1,-1,-1,-1,9,1,E01029076,0
Unvalidated,2024544254324,2024,544254324,1,9,0,18,3,7,0,1,0,0,0,0,1,1,6,1,60,9,-1,-1,-1,-1,8,1,E01015514,0
Unvalidated,2024544254324,2024,544254324,2,1,0,18,3,7,0,1,0,0,0,0,2,1,2,1,22,5,-1,-1,-1,-1,5,1,E01015529,0
Unvalidated,2024544255224,2024,544255224,1,19,0,12,1,5,0,0,0,0,0,0,3,1,6,1,35,6,-1,-1,-1,-1,5,1,E01015479,0
Unvalidated,2024544255224,2024,544255224,2,9,0,18,1,5,0,0,0,0,0,0,4,1,6,1,41,7,-1,-1,-1,-1,9,1,E01032702,0
Unvalidated,2024544279424,2024,544279424,1,98,0,18,1,5,0,0,0,0,0,0,1,1,6,1,45,7,-1,-1,-1,-1,9,1,E01032710,0
Unvalidated,2024544284424,2024,544284424,1,9,0,18,6,2,0,4,0,0,0,0,1,1,1,1,47,8,-1,-1,-1,-1,5,1,E01006180,0
Unvalidated,2024544284424,2024,544284424,2,3,0,17,4,8,0,4,0,0,0,0,4,1,2,1,33,6,-1,-1,-1,-1,8,1,E01015565,0
Unvalidated,2024544289224,2024,544289224,1,9,0,18,1,5,0,1,0,0,0,0,1,1,6,1,54,8,-1,-1,-1,-1,8,3,E01031873,0
Unvalidated,2024544289224,2024,544289224,2,9,0,18,1,5,0,1,0,0,0,0,2,1,6,2,49,8,-1,-1,-1,-1,8,3,E01031868,0
Unvalidated,2024544289224,2024,544289224,3,9,0,18,1,5,0,1,0,0,0,0,1,1,6,1,42,7,-1,-1,-1,-1,3,1,E01031851,0
Unvalidated,2024544292524,2024,544292524,1,9,0,18,1,5,0,4,0,0,0,0,1,1,2,2,57,9,-1,-1,-1,-1,7,3,E01015474,0
Unvalidated,2024544292524,2024,544292524,2,1,0,18,7,3,0,8,0,0,0,0,1,1,6,1,63,9,-1,-1,-1,-1,8,1,E01015552,0
Unvalidated,2024544312224,2024,544312224,1,9,0,5,7,3,0,6,0,0,0,0,3,1,6,2,47,8,-1,-1,-1,-1,9,3,E01031995,0
Unvalidated,2024544312224,2024,544312224,2,3,0,18,5,1,0,8,0,0,0,0,1,1,6,1,16,4,-1,-1,-1,-1,9,3,E01031995,0
Unvalidated,2024544345624,2024,544345624,1,1,0,18,1,5,0,0,0,0,0,0,1,1,6,1,65,9,-1,-1,-1,-1,8,1,E01015536,0
Unvalidated,2024544345624,2024,544345624,2,1,0,18,1,5,0,0,0,0,0,0,2,1,6,1,54,8,-1,-1,-1,-1,-1,-1,-1,0
Unvalidated,2024544351524,2024,544351524,1,9,0,17,6,2,0,0,0,0,1,3,1,1,6,1,33,6,-1,-1,-1,-1,8,3,E01031931,0
Unvalidated,2024544353224,2024,544353224,1,9,0,9,5,2,0,1,0,0,0,0,4,1,1,1,39,7,-1,-1,-1,-1,9,1,E01031953,0
Unvalidated,2024544353224,2024,544353224,2,1,0,18,6,2,0,1,0,0,0,0,3,1,1,2,41,7,-1,-1,-1,-1,-1,-1,-1,0
Unvalidated,2024544390324,2024,544390324,1,9,0,5,3,7,0,1,0,0,0,0,1,1,6,2,40,7,-1,-1,-1,-1,10,1,E01032017,0
Unvalidated,2024544390324,2024,544390324,2,3,0,18,1,5,0,1,0,0,0,0,1,1,6,2,30,6,-1,-1,-1,-1,7,1,E01032015,0
Unvalidated,2024544434824,2024,544434824,1,9,0,9,3,7,0,5,0,0,0,0,1,1,6,2,75,10,-1,-1,-1,-1,3,1,E01015488,0
Unvalidated,2024544434824,2024,544434824,2,9,0,18,7,3,0,8,0,0,0,0,1,1,6,1,36,7,-1,-1,-1,-1,8,1,E01015513,0
Unvalidated,2024544435024,2024,544435024,1,1,0,18,3,7,0,1,0,0,0,0,1,1,6,1,12,3,-1,-1,-1,-1,8,3,E01031988,0
Unvalidated,2024544435024,2024,544435024,2,9,0,3,3,7,0,1,0,0,0,0,2,1,6,3,-1,-1,-1,-1,-1,-1,-1,-1,-1,0
Unvalidated,2024544453024,2024,544453024,1,9,0,18,2,6,0,0,0,0,0,0,1,1,6,2,48,8,-1,-1,-1,-1,10,3,E01032045,0
Unvalidated,2024544460724,2024,544460724,1,9,0,18,2,6,0,0,0,0,0,0,1,1,6,1,77,11,-1,-1,-1,-1,9,2,E01032055,0
Unvalidated,2024544506024,2024,544506024,1,9,0,9,4,8,0,0,0,0,0,0,1,1,6,2,66,10,-1,-1,-1,-1,6,3,E01020397,0
Unvalidated,2024544506024,2024,544506024,2,5,0,17,8,4,0,0,0,0,0,0,3,1,6,1,44,7,-1,-1,-1,-1,10,1,E01020415,0
Unvalidated,2024544510624,2024,544510624,1,9,0,18,6,2,0,0,0,0,0,0,1,1,1,1,53,8,-1,-1,-1,-1,7,1,E01015493,0
Unvalidated,2024544511524,2024,544511524,1,9,0,4,4,8,0,0,0,0,0,0,0,1,6,1,72,10,-1,-1,-1,-1,7,2,E01019387,0
Unvalidated,2024544511524,2024,544511524,2,9,0,18,4,8,0,0,0,0,0,0,2,1,6,2,41,7,-1,-1,-1,-1,8,2,E01015522,0
Unvalidated,2024544511524,2024,544511524,3,9,0,18,4,8,0,0,0,0,0,0,1,1,6,1,42,7,-1,-1,-1,-1,8,1,E01015536,0
Unvalidated,2024544541024,2024,544541024,1,9,0,7,5,7,0,8,0,0,1,10,4,1,6,1,44,7,-1,-1,-1,-1,4,2,E01014445,0
Unvalidated,2024544541024,2024,544541024,2,9,0,18,5,1,0,8,0,0,0,0,3,1,6,2,27,6,-1,-1,-1,-1,-1,-1,-1,0
Unvalidated,2024544543924,2024,544543924,1,19,0,18,3,7,0,0,0,0,0,0,1,1,1,1,64,9,-1,-1,-1,-1,2,1,E01031896,0
Unvalidated,2024544543924,2024,544543924,2,1,0,18,3,7,0,0,0,0,0,0,2,1,6,1,35,6,-1,-1,-1,-1,-1,-1,-1,0
Unvalidated,2024544584924,2024,544584924,1,9,0,18,3,7,0,1,0,0,0,0,1,1,6,1,24,5,-1,-1,-1,-1,6,1,E01032934,0
Unvalidated,2024544584924,2024,544584924,2,9,0,10,3,1,0,1,0,0,1,10,3,1,1,1,18,4,-1,-1,-1,-1,8,3,E01031885,0
Unvalidated,2024544584924,2024,544584924,3,21,0,18,7,3,0,1,0,0,0,0,3,1,1,1,44,7,-1,-1,-1,-1,7,1,E01032692,0
Unvalidated,2024544588324,2024,544588324,1,9,0,18,7,3,0,0,0,0,7,0,1,1,6,1,37,7,-1,-1,-1,-1,9,2,E01032703,0
Unvalidated,2024544588324,2024,544588324,2,9,0,18,3,7,0,0,0,0,1,0,1,1,6,1,45,7,-1,-1,-1,-1,3,2,E01031956,0
Unvalidated,2024544591524,2024,544591524,1,9,0,1,4,8,0,5,0,0,0,0,2,1,6,2,-1,-1,-1,-1,-1,-1,-1,-1,-1,0
Unvalidated,2024544609324,2024,544609324,1,9,0,9,5,8,0,5,0,0,0,0,1,1,6,2,77,11,-1,-1,-1,-1,6,2,E01031996,0
Unvalidated,2024544609324,2024,544609324,2,1,0,18,8,5,0,8,0,0,0,0,3,1,6,1,62,9,-1,-1,-1,-1,7,2,E01031976,0
Unvalidated,2024544610724,2024,544610724,1,19,0,9,4,8,0,1,0,0,0,0,1,1,1,2,65,9,-1,-1,-1,-1,7,3,E01032082,0
Unvalidated,2024544610724,2024,544610724,2,9,0,7,2,4,0,1,0,0,0,0,1,1,2,1,41,7,-1,-1,-1,-1,7,3,E01032084,0
Unvalidated,2024544620524,2024,544620524,1,97,0,9,1,7,0,1,0,0,7,0,1,1,6,1,50,8,-1,-1,-1,-1,4,2,E01031862,0
Unvalidated,2024544635324,2024,544635324,1,98,0,18,4,8,0,0,0,0,0,0,1,1,1,1,24,5,-1,-1,-1,-1,6,1,E01029040,0
Unvalidated,2024544635324,2024,544635324,2,19,0,3,4,8,0,0,0,0,0,0,2,1,1,1,61,9,-1,-1,-1,-1,6,1,E01032114,0
Unvalidated,2024544635324,2024,544635324,3,9,0,3,4,8,0,0,0,0,0,0,2,1,2,1,45,7,-1,-1,-1,-1,10,1,E01029030,0
Unvalidated,2024544727124,2024,544727124,1,9,0,9,1,7,0,5,0,0,0,0,1,1,6,2,26,6,-1,-1,-1,-1,4,1,E01032714,0
Unvalidated,2024544727124,2024,544727124,2,9,0,18,5,1,0,1,0,0,0,0,1,1,6,1,77,11,-1,-1,-1,-1,5,2,E01031869,0
Unvalidated,2024544727124,2024,544727124,3,9,0,7,7,1,0,6,0,0,0,0,3,1,6,2,75,10,-1,-1,-1,-1,10,1,E01015533,0
Unvalidated,2024544765124,2024,544765124,1,9,0,18,6,2,0,4,0,0,0,0,3,1,6,2,82,11,-1,-1,-1,-1,1,1,E01015538,0
Unvalidated,2024544765124,2024,544765124,2,1,0,18,3,7,0,8,0,0,0,0,1,1,6,1,37,7,-1,-1,-1,-1,9,1,E01032706,0
Unvalidated,2024544781124,2024,544781124,1,9,0,2,0,0,9,0,0,0,0,0,4,1,6,3,-1,-1,-1,-1,-1,-1,-1,-1,-1,0
Unvalidated,2024544793724,2024,544793724,1,9,0,18,6,2,0,0,1,0,0,0,1,1,6,2,55,8,-1,-1,-1,-1,6,2,E01032037,0
Unvalidated,2024544793724,2024,544793724,2,19,0,4,6,2,0,0,1,0,0,0,2,1,6,1,39,7,-1,-1,-1,-1,7,1,E01022229,0
Unvalidated,2024544803324,2024,544803324,1,9,0,18,6,2,0,0,0,0,0,0,4,1,6,3,-1,-1,-1,-1,-1,-1,-1,-1,-1,0
Unvalidated,2024544803824,2024,544803824,1,9,0,18,7,3,0,2,0,0,0,0,0,1,6,3,-1,-1,-1,-1,-1,-1,-1,-1,-1,0
Unvalidated,2024544803824,2024,544803824,2,1,0,18,3,7,0,2,0,0,0,0,0,1,6,2,41,7,-1,-1,-1,-1,10,1,E01031906,0
Unvalidated,2024544824624,2024,544824624,1,19,0,18,3,7,0,1,1,7,3,0,1,1,1,1,38,7,-1,-1,-1,-1,7,1,E01015526,0
Unvalidated,2024544824624,2024,544824624,2,9,0,18,7,5,0,1,1,0,0,0,1,1,1,1,37,7,-1,-1,-1,-1,8,1,E01015549,0
Unvalidated,2024544824824,2024,544824824,1,4,0,18,2,6,0,1,0,0,0,0,1,1,6,1,22,5,-1,-1,-1,-1,3,1,E01015503,0
Unvalidated,2024544824824,2024,544824824,2,9,0,5,4,2,0,1,0,0,0,0,3,1,6,1,26,6,-1,-1,-1,-1,2,1,E01015476,0
Unvalidated,2024544840924,2024,544840924,1,9,0,6,1,1,0,0,0,0,0,0,1,1,6,2,61,9,-1,-1,-1,-1,5,1,E01014437,0
Unvalidated,2024544840924,2024,544840924,2,9,0,18,5,1,0,0,0,0,1,10,1,1,6,1,64,9,-1,-1,-1,-1,2,1,E01032093,0
Unvalidated,2024544892724,2024,544892724,1,9,0,18,5,1,0,1,0,0,0,0,4,1,6,1,70,10,-1,-1,-1,-1,10,2,E01031948,0
Unvalidated,2024544894824,2024,544894824,1,9,0,18,7,3,0,1,0,0,0,0,1,1,2,2,19,4,-1,-1,-1,-1,6,3,E01031871,0
Unvalidated,2024544894824,2024,544894824,2,9,0,7,7,3,0,1,0,0,0,0,4,1,1,1,51,8,-1,-1,-1,-1,3,2,E01031956,0
Unvalidated,2024544894824,2024,544894824,3,9,0,18,7,3,0,1,0,0,0,0,2,1,2,2,35,6,-1,-1,-1,-1,-1,1,-1,0
Unvalidated,2024544933924,2024,544933924,1,9,0,18,6,2,0,0,0,0,0,0,4,1,3,2,28,6,-1,-1,-1,-1,8,1,E01015562,0
Unvalidated,2024544947124,2024,544947124,1,9,0,18,7,3,0,0,0,0,0,0,1,1,6,1,87,11,-1,-1,-1,-1,7,2,E01031865,0
Unvalidated,2024544947124,2024,544947124,2,9,0,18,3,7,0,0,0,0,1,0,1,1,6,1,31,6,-1,-1,-1,-1,4,3,E01020322,0
Unvalidated,2024544949824,2024,544949824,1,9,0,7,2,6,0,5,0,0,1,0,3,1,6,1,72,10,-1,-1,-1,-1,7,3,E01031950,0
Unvalidated,2024544949824,2024,544949824,2,19,0,17,8,4,0,8,2,0,0,0,4,1,1,1,43,7,-1,-1,-1,-1,7,1,E01032693,0
Unvalidated,2024544949824,2024,544949824,3,98,0,16,4,8,0,8,0,0,0,0,1,1,6,1,33,6,-1,-1,-1,-1,6,1,E01031902,0
Unvalidated,2024544970224,2024,544970224,1,1,0,18,2,6,0,1,0,0,0,0,1,1,4,2,17,4,-1,-1,-1,-1,10,1,E01031905,0
Unvalidated,2024544970224,2024,544970224,2,9,0,4,2,6,0,1,0,0,0,0,2,1,6,1,17,4,-1,-1,-1,-1,4,1,E01031925,0
Unvalidated,2024544976724,2024,544976724,1,9,0,9,7,5,0,6,0,0,0,0,3,1,6,2,24,5,-1,-1,-1,-1,8,1,E01032100,0
Unvalidated,2024544976724,2024,544976724,2,9,0,18,5,1,0,1,0,0,0,0,1,1,6,2,43,7,-1,-1,-1,-1,8,1,E01032053,0
Unvalidated,2024545004424,2024,545004424,1,9,0,18,6,2,0,1,0,0,7,1,1,1,6,1,19,4,-1,-1,-1,-1,9,3,E01015548,0
Unvalidated,2024545005324,2024,545005324,1,1,0,9,0,0,0,4,0,0,0,0,4,1,1,1,59,9,-1,-1,-1,-1,2,1,E01015537,0
Unvalidated,2024545005324,2024,545005324,2,9,0,13,0,0,0,4,0,0,0,0,1,1,1,2,20,4,-1,-1,-1,-1,2,1,E01015540,0
Unvalidated,2024545005424,2024,545005424,1,9,0,9,6,4,0,6,0,0,0,0,3,1,6,1,30,6,-1,-1,-1,-1,8,1,E01031964,0
Unvalidated,2024545005424,2024,545005424,2,97,0,18,4,8,0,1,0,0,0,0,1,1,6,1,81,11,-1,-1,-1,-1,7,3,E01031961,0
Unvalidated,2024545032624,2024,545032624,1,9,0,18,5,1,0,8,0,0,0,0,3,1,6,1,54,8,-1,-1,-1,-1,7,3,E01015583,0
Unvalidated,2024545032624,2024,545032624,2,98,1,18,5,1,0,8,0,0,0,0,4,2,1,1,37,7,-1,-1,-1,-1,-1,-1,-1,0
Unvalidated,2024545051624,2024,545051624,1,9,0,18,5,1,0,1,0,0,0,0,1,1,1,1,75,10,-1,-1,-1,-1,6,3,E01014891,0
Unvalidated,2024545051624,2024,545051624,2,9,0,4,5,1,0,1,0,0,0,0,2,1,6,1,66,10,-1,-1,-1,-1,10,1,E01031907,0
Unvalidated,2024545051624,2024,545051624,3,9,0,4,5,1,0,1,0,0,0,0,2,1,6,2,44,7,-1,-1,-1,-1,3,1,E01015503,0
Unvalidated,2024545074724,2024,545074724,1,9,0,18,1,5,0,4,0,0,0,0,1,1,6,2,45,7,-1,-1,-1,-1,6,3,E01031845,0
Unvalidated,2024545074724,2024,545074724,2,1,0,9,6,5,0,4,0,0,0,0,2,1,6,1,42,7,-1,-1,-1,-1,6,1,E01015532,0
Unvalidated,2024545085724,2024,545085724,1,21,0,18,2,6,0,0,1,0,7,9,1,1,1,1,32,6,-1,-1,-1,-1,6,1,E01012667,0
Unvalidated,2024545085724,2024,545085724,2,21,0,18,6,2,0,0,0,0,0,0,2,1,1,1,35,6,-1,-1,-1,-1,9,1,E01016543,0
Unvalidated,2024545092024,2024,545092024,1,9,0,9,5,1,0,5,0,0,0,0,1,1,6,3,-1,-1,-1,-1,-1,-1,-1,-1,-1,0
Unvalidated,2024545092024,2024,545092024,2,9,0,9,5,0,0,5,0,0,0,0,3,1,2,1,27,6,-1,-1,-1,-1,8,1,E01032016,0
Unvalidated,2024545093624,2024,545093624,1,9,0,3,8,4,0,4,0,0,0,0,1,1,3,1,36,7,-1,-1,-1,-1,5,1,E01015479,0
Unvalidated,2024545093624,2024,545093624,2,3,0,18,6,2,0,3,0,0,0,0,2,1,6,1,21,5,-1,-1,-1,-1,8,1,E01015553,0
Unvalidated,2024545097124,2024,545097124,1,19,0,17,3,7,0,0,0,0,1,0,1,1,2,1,58,9,-1,-1,-1,-1,8,1,E01015513,0
Unvalidated,2024545097124,2024,545097124,2,98,0,16,7,3,0,0,0,0,0,0,1,1,1,1,44,7,-1,-1,-1,-1,7,2,-1,0
Unvalidated,2024545101024,2024,545101024,1,9,0,16,6,2,0,3,0,0,1,11,1,1,6,2,54,8,-1,-1,-1,-1,1,1,E01015508,0
Unvalidated,2024545122124,2024,545122124,1,9,0,18,7,3,0,2,0,0,0,0,3,1,6,2,41,7,-1,-1,-1,-1,8,1,E01032712,0
Unvalidated,2024545125124,2024,545125124,1,10,0,18,3,7,0,0,1,0,0,0,1,1,1,1,54,8,-1,-1,-1,-1,6,1,E01019917,0
Unvalidated,2024545125124,2024,545125124,2,9,0,4,3,7,0,0,0,0,0,0,2,1,6,2,56,9,-1,-1,-1,-1,10,1,E01020946,0
Unvalidated,2024545136324,2024,545136324,1,9,0,18,6,2,0,1,0,0,0,0,1,1,6,1,18,4,-1,-1,-1,-1,8,1,E01032951,0
Unvalidated,2024545136324,2024,545136324,2,9,0,18,2,6,0,1,0,0,0,0,1,1,6,1,17,4,-1,-1,-1,-1,9,3,E01028792,0
Unvalidated,2024545161224,2024,545161224,1,9,0,18,3,7,0,0,1,0,5,6,3,1,6,1,41,7,-1,-1,-1,-1,6,1,E01016477,0
Unvalidated,2024545166324,2024,545166324,1,19,0,18,1,5,0,0,0,0,0,0,1,1,6,3,-1,-1,-1,-1,-1,-1,-1,-1,-1,0
Unvalidated,2024545170324,2024,545170324,1,9,0,18,0,0,0,0,5,0,0,0,1,1,6,2,30,6,-1,-1,-1,-1,10,1,E01031927,0
Unvalidated,2024545170324,2024,545170324,2,9,0,2,0,0,0,0,0,0,0,0,2,1,6,1,-1,-1,-1,-1,-1,-1,-1,-1,-1,0
Unvalidated,2024545170324,2024,545170324,3,9,0,2,0,0,0,0,0,0,0,0,3,1,6,1,-1,-1,-1,-1,-1,-1,-1,-1,-1,0
Unvalidated,2024545170324,2024,545170324,4,9,0,2,0,0,0,0,0,0,0,0,3,1,6,1,-1,-1,-1,-1,-1,-1,-1,-1,-1,0
Unvalidated,2024545170324,2024,545170324,5,9,0,2,0,0,0,0,0,0,0,0,3,1,6,1,-1,-1,-1,-1,-1,-1,-1,-1,-1,0
Unvalidated,2024545193424,2024,545193424,1,9,0,18,3,7,0,0,0,0,5,6,1,1,6,1,59,9,-1,-1,-1,-1,7,1,E01014907,0
Unvalidated,2024545202324,2024,545202324,1,9,0,9,5,7,0,1,0,0,0,0,1,1,6,2,44,7,-1,-1,-1,-1,-1,-1,-1,0
Unvalidated,2024545241924,2024,545241924,1,9,0,5,3,1,0,6,0,0,0,0,3,1,6,1,-1,-1,-1,-1,-1,-1,-1,-1,-1,0
Unvalidated,2024545241924,2024,545241924,2,2,0,14,1,5,0,1,0,0,0,0,1,1,6,1,16,4,-1,-1,-1,-1,1,1,E01015545,0
Unvalidated,2024545248624,2024,545248624,1,9,0,5,1,5,0,1,0,0,0,0,4,1,6,2,21,5,-1,-1,-1,-1,1,1,E01015575,0
Unvalidated,2024545248624,2024,545248624,2,3,0,5,5,1,0,1,0,0,0,0,1,1,6,1,29,6,-1,-1,-1,-1,10,2,E01032700,0
Unvalidated,2024545254624,2024,545254624,1,9,0,18,1,5,0,1,0,0,0,0,1,1,1,2,34,6,-1,-1,-1,-1,6,2,E01015587,0
Unvalidated,2024545254624,2024,545254624,2,9,0,4,1,5,0,1,0,0,0,0,2,1,1,2,48,8,-1,-1,-1,-1,10,1,E01031966,0
Unvalidated,2024545279624,2024,545279624,1,1,0,18,7,3,0,0,0,0,0,0,4,1,6,1,16,4,-1,-1,-1,-1,3,1,E01015527,0
Unvalidated,2024545279624,2024,545279624,2,9,0,18,1,5,0,0,0,0,0,0,1,1,6,2,69,10,-1,-1,-1,-1,5,1,E01015479,0
Unvalidated,2024545280224,2024,545280224,1,9,0,13,6,2,0,0,0,0,0,0,4,1,6,2,36,7,-1,-1,-1,-1,7,1,E01015560,0
Unvalidated,2024545280224,2024,545280224,2,1,0,18,6,2,0,0,0,0,0,0,3,1,6,1,57,9,-1,-1,-1,-1,9,1,E01014862,0
Unvalidated,2024545286824,2024,545286824,1,19,0,9,1,7,0,6,0,0,0,0,1,1,1,1,33,6,-1,-1,-1,-1,5,1,E01031916,0
Unvalidated,2024545286824,2024,545286824,2,9,0,18,8,4,0,8,0,0,1,0,3,1,6,1,32,6,-1,-1,-1,-1,10,1,E01030906,0
Unvalidated,2024545305824,2024,545305824,1,19,0,18,3,7,0,0,0,0,0,0,1,1,6,1,25,5,-1,-1,-1,-1,5,3,E01032075,0
Unvalidated,2024545305824,2024,545305824,2,9,0,4,3,7,0,0,0,0,0,0,2,1,6,1,26,6,-1,-1,-1,-1,6,2,E01032030,0
Unvalidated,2024545305824,2024,545305824,3,9,0,4,3,7,0,0,0,0,0,0,2,1,6,1,44,7,-1,-1,-1,-1,9,2,E01032055,0
Unvalidated,2024545308224,2024,545308224,1,9,0,17,8,4,0,0,0,0,0,0,1,1,1,1,19,4,-1,-1,-1,-1,7,3,E01031848,0