status,collision_index,collision_year,collision_reference,vehicle_reference,vehicle_type,towing_and_articulation,vehicle_manoeuvre,vehicle_direction_from,vehicle_direction_to,vehicle_location_restricted_lane,junction_location,skidding_and_overturning,hit_object_in_carriageway,vehicle_leaving_carriageway,hit_object_off_carriageway,first_point_of_impact,vehicle_left_hand_drive,journey_purpose_of_driver,sex_of_driver,age_of_driver,age_band_of_driver,engine_capacity_cc,propulsion_code,age_of_vehicle,generic_make_model,driver_imd_decile,driver_home_area_type,lsoa_of_driver,escooter_flag
Unvalidated,2024545308224,2024,545308224,2,9,0,17,4,8,0,0,0,0,0,0,1,1,1,1,42,7,-1,-1,-1,-1,8,1,E01032690,0
Unvalidated,2024545318924,2024,545318924,1,9,0,5,5,1,0,6,0,0,0,0,3,1,6,2,77,11,-1,-1,-1,-1,6,2,E01032030,0
Unvalidated,2024545318924,2024,545318924,2,19,0,18,3,7,0,1,0,0,0,0,1,1,1,1,49,8,-1,-1,-1,-1,4,1,E01002792,0
Unvalidated,2024545339724,2024,545339724,1,98,0,18,5,1,0,1,0,0,0,0,1,1,6,1,35,6,-1,-1,-1,-1,10,2,E01020463,0
Unvalidated,2024545339724,2024,545339724,2,9,0,10,5,3,0,1,0,0,0,0,2,1,6,2,24,5,-1,-1,-1,-1,6,1,E01031844,0
Unvalidated,2024545340124,2024,545340124,1,1,0,9,4,2,0,1,0,0,0,0,1,1,2,1,17,4,-1,-1,-1,-1,-1,-1,-1,0
Unvalidated,2024545340124,2024,545340124,2,9,0,18,2,6,0,1,0,0,0,0,1,1,6,2,59,9,-1,-1,-1,-1,2,1,E01015542,0
Unvalidated,2024545344924,2024,545344924,1,9,0,9,6,4,0,1,0,0,0,0,0,1,6,2,59,9,-1,-1,-1,-1,6,3,E01032051,0
Unvalidated,2024545344924,2024,545344924,2,9,0,18,2,6,0,8,0,0,7,11,1,1,2,1,37,7,-1,-1,-1,-1,7,1,E01029033,0
Unvalidated,2024545364524,2024,545364524,1,9,0,9,1,7,0,6,0,0,0,0,4,1,6,1,57,9,-1,-1,-1,-1,-1,-1,-1,0
Unvalidated,2024545364524,2024,545364524,2,5,0,18,7,3,0,8,0,0,0,0,1,1,6,1,66,10,-1,-1,-1,-1,8,3,E01031940,0
Unvalidated,2024545392124,2024,545392124,1,90,0,9,3,7,0,1,0,0,0,0,3,1,6,1,48,8,-1,-1,-1,-1,4,1,E01015569,1
Unvalidated,2024545392124,2024,545392124,2,9,0,5,1,6,0,1,0,0,0,0,1,1,6,1,24,5,-1,-1,-1,-1,6,1,E01015497,0
Unvalidated,2024545398724,2024,545398724,1,9,0,7,3,5,0,4,1,7,0,0,1,1,6,1,19,4,-1,-1,-1,-1,6,1,E01032117,0
Unvalidated,2024545401424,2024,545401424,1,9,0,16,2,6,0,0,0,0,1,11,1,1,6,2,25,5,-1,-1,-1,-1,5,2,E01031867,0
Unvalidated,2024545410324,2024,545410324,1,9,0,2,0,0,0,0,0,0,0,0,3,1,6,1,31,6,-1,-1,-1,-1,4,1,E01032087,0
Unvalidated,2024545410324,2024,545410324,2,1,0,14,6,2,0,0,0,4,0,0,1,1,6,1,76,11,-1,-1,-1,-1,7,1,E01032079,0
Unvalidated,2024545412424,2024,545412424,1,9,0,5,5,1,0,0,0,0,0,0,1,1,6,2,44,7,-1,-1,-1,-1,7,1,E01032694,0
Unvalidated,2024545412424,2024,545412424,2,19,0,4,5,1,0,0,0,0,0,0,2,1,6,1,26,6,-1,-1,-1,-1,5,1,E01032066,0
Unvalidated,2024545412424,2024,545412424,3,9,0,4,5,1,0,0,0,0,0,0,1,1,6,1,33,6,-1,-1,-1,-1,6,1,E01032085,0
Unvalidated,2024545412724,2024,545412724,1,1,0,18,8,4,9,0,0,0,0,0,3,1,6,1,-1,-1,-1,-1,-1,-1,-1,-1,-1,0
Unvalidated,2024545420424,2024,545420424,1,9,0,18,8,4,0,1,5,0,1,5,1,1,6,1,23,5,-1,-1,-1,-1,7,1,E01015568,0
Unvalidated,2024545421524,2024,545421524,1,9,0,5,0,6,0,6,0,0,0,0,1,1,6,3,-1,-1,-1,-1,-1,-1,-1,-1,-1,0
Unvalidated,2024545430024,2024,545430024,1,9,0,18,4,8,0,4,0,0,0,0,3,1,6,1,40,7,-1,-1,-1,-1,4,1,E01015494,0
Unvalidated,2024545430024,2024,545430024,2,3,0,18,4,8,0,4,0,0,0,0,4,1,6,1,38,7,-1,-1,-1,-1,4,1,E01015569,0
Unvalidated,2024545436724,2024,545436724,1,9,0,9,7,5,0,1,0,0,0,0,1,1,6,1,48,8,-1,-1,-1,-1,5,1,E01015571,0
Unvalidated,2024545444424,2024,545444424,1,9,0,18,4,8,0,2,0,0,0,0,3,1,6,3,-1,-1,-1,-1,-1,-1,-1,-1,-1,0
Unvalidated,2024545450724,2024,545450724,1,9,0,9,7,5,0,6,0,0,0,0,4,1,6,1,64,9,-1,-1,-1,-1,9,3,E01031858,0
Unvalidated,2024545450724,2024,545450724,2,9,0,18,1,5,0,8,0,0,0,0,3,1,6,1,46,8,-1,-1,-1,-1,9,3,E01031904,0
Unvalidated,2024545456224,2024,545456224,1,9,0,16,3,7,0,0,0,0,0,0,1,1,2,1,60,9,-1,-1,-1,-1,7,3,E01031866,0
Unvalidated,2024545456224,2024,545456224,2,9,0,17,7,3,0,0,2,0,0,0,1,1,6,2,50,8,-1,-1,-1,-1,9,2,E01031847,0
Unvalidated,2024545456724,2024,545456724,1,9,0,18,7,3,0,0,0,0,0,0,1,1,6,1,78,11,-1,-1,-1,-1,9,3,E01031973,0
Unvalidated,2024545456724,2024,545456724,2,9,0,18,3,7,0,0,0,0,0,0,1,1,6,1,22,5,-1,-1,-1,-1,10,3,E01031972,0
Unvalidated,2024545458624,2024,545458624,1,98,1,18,6,1,0,0,0,0,0,0,3,1,6,1,38,7,-1,-1,-1,-1,-1,-1,-1,0
Unvalidated,2024545458624,2024,545458624,2,19,0,18,2,6,0,0,0,0,0,0,4,1,1,2,64,9,-1,-1,-1,-1,3,2,E01027038,0
Unvalidated,2024545471724,2024,545471724,1,9,0,18,7,3,0,1,0,0,0,0,1,1,6,3,-1,-1,-1,-1,-1,-1,-1,-1,-1,0
Unvalidated,2024545471724,2024,545471724,2,9,0,4,7,3,0,1,0,0,0,0,2,1,2,2,45,7,-1,-1,-1,-1,9,1,E01015471,0
Unvalidated,2024545480324,2024,545480324,1,9,0,5,2,6,0,4,0,0,0,0,1,1,2,2,59,9,-1,-1,-1,-1,7,1,E01032116,0
Unvalidated,2024545480324,2024,545480324,2,9,0,18,8,4,0,8,0,0,1,11,4,1,6,2,27,6,-1,-1,-1,-1,2,1,E01032118,0
Unvalidated,2024545501724,2024,545501724,1,9,0,9,5,1,0,4,0,0,0,0,3,1,6,2,23,5,-1,-1,-1,-1,2,1,E01032093,0
Unvalidated,2024545501724,2024,545501724,2,1,0,9,4,1,0,4,0,0,0,0,1,1,2,2,58,9,-1,-1,-1,-1,4,1,E01032087,0
Unvalidated,2024545512324,2024,545512324,1,9,0,9,7,5,0,6,0,0,0,0,1,1,6,1,48,8,-1,-1,-1,-1,9,2,E01031863,0
Unvalidated,2024545512324,2024,545512324,2,9,0,18,5,1,0,1,0,0,0,0,1,1,6,1,63,9,-1,-1,-1,-1,6,2,E01015585,0
Unvalidated,2024545528824,2024,545528824,1,9,0,18,3,7,0,1,0,0,0,0,1,1,6,2,24,5,-1,-1,-1,-1,-1,-1,-1,0
Unvalidated,2024545528824,2024,545528824,2,19,0,4,3,7,0,1,0,0,0,0,2,1,1,1,43,7,-1,-1,-1,-1,7,3,E01031849,0
Unvalidated,2024545528824,2024,545528824,3,19,0,4,3,7,0,1,0,0,0,0,2,1,1,2,26,6,-1,-1,-1,-1,7,3,E01031882,0
Unvalidated,2024545530624,2024,545530624,1,9,0,18,8,4,0,0,0,0,0,0,1,1,6,1,-1,-1,-1,-1,-1,-1,-1,-1,-1,0
Unvalidated,2024545530624,2024,545530624,2,98,0,2,0,0,0,0,0,0,0,0,0,1,6,1,43,7,-1,-1,-1,-1,5,1,E01032066,0
Unvalidated,2024545535724,2024,545535724,1,9,0,3,2,6,0,1,0,0,0,0,1,1,6,1,19,4,-1,-1,-1,-1,7,1,E01032079,0
Unvalidated,2024545535724,2024,545535724,2,9,0,18,2,6,0,1,0,0,0,0,2,1,6,1,30,6,-1,-1,-1,-1,6,1,E01032117,0
Unvalidated,2024545578724,2024,545578724,1,9,0,18,5,1,0,1,0,0,0,0,1,1,6,3,-1,-1,-1,-1,-1,-1,-1,-1,-1,0
Unvalidated,2024545578724,2024,545578724,2,9,0,3,5,1,0,2,0,0,0,0,2,1,6,2,51,8,-1,-1,-1,-1,9,2,E01032060,0
Unvalidated,2024545613724,2024,545613724,1,9,0,18,3,7,0,3,0,0,0,0,1,1,6,1,79,11,-1,-1,-1,-1,8,1,E01032001,0
Unvalidated,2024545625724,2024,545625724,1,9,0,9,7,4,0,8,5,0,0,0,3,1,6,1,20,4,-1,-1,-1,-1,7,1,E01032067,0
Unvalidated,2024545625724,2024,545625724,2,9,0,18,3,7,0,8,0,0,0,0,1,1,6,2,40,7,-1,-1,-1,-1,5,1,E01032063,0
Unvalidated,2024545633424,2024,545633424,1,1,0,4,6,2,0,6,0,0,0,0,1,1,6,1,35,6,-1,-1,-1,-1,5,1,E01015571,0
Unvalidated,2024545633424,2024,545633424,2,9,0,4,4,8,0,1,0,0,0,0,4,1,2,1,29,6,-1,-1,-1,-1,5,1,E01015571,0
Unvalidated,2024545633824,2024,545633824,1,9,0,18,2,6,0,1,0,0,0,0,1,1,6,2,31,6,-1,-1,-1,-1,8,1,E01032695,0
Unvalidated,2024545648824,2024,545648824,1,9,0,18,6,3,0,3,0,0,0,0,3,1,2,2,47,8,-1,-1,-1,-1,8,1,E01015500,0
Unvalidated,2024545648824,2024,545648824,2,9,0,15,6,1,0,3,0,0,0,0,4,1,6,1,44,7,-1,-1,-1,-1,8,1,E01028817,0
Unvalidated,2024545670424,2024,545670424,1,9,0,18,4,8,0,0,1,0,0,0,1,1,6,2,23,5,-1,-1,-1,-1,-1,-1,-1,0
Unvalidated,2024545670424,2024,545670424,2,9,0,18,8,4,0,0,1,0,0,0,1,1,6,2,40,7,-1,-1,-1,-1,6,1,E01015555,0
Unvalidated,2024545671624,2024,545671624,1,9,0,9,5,2,0,4,0,0,0,0,1,1,6,1,56,9,-1,-1,-1,-1,10,1,E01015518,0
Unvalidated,2024545671624,2024,545671624,2,3,0,9,2,8,0,4,0,0,0,0,1,1,6,1,22,5,-1,-1,-1,-1,10,1,E01015518,0
Unvalidated,2024545677324,2024,545677324,1,9,0,18,8,4,0,1,5,0,1,11,4,1,6,2,29,6,-1,-1,-1,-1,8,3,E01032077,0
Unvalidated,2024545691724,2024,545691724,1,9,0,9,2,6,0,0,0,0,0,0,4,1,3,1,27,6,-1,-1,-1,-1,2,1,E01032093,0
Unvalidated,2024545691724,2024,545691724,2,9,0,18,6,2,0,0,0,0,0,0,1,1,6,1,44,7,-1,-1,-1,-1,-1,-1,-1,0
Unvalidated,2024545718024,2024,545718024,1,9,0,18,5,1,0,1,0,0,0,0,4,1,6,1,31,6,-1,-1,-1,-1,7,1,E01031852,0
Unvalidated,2024545718024,2024,545718024,2,4,0,4,5,1,0,1,0,0,0,0,3,1,6,1,61,9,-1,-1,-1,-1,7,1,E01015493,0
Unvalidated,2024545718024,2024,545718024,3,19,0,4,5,1,0,1,0,0,0,0,2,1,6,1,34,6,-1,-1,-1,-1,8,1,E01032712,0
Unvalidated,2024545728424,2024,545728424,1,9,0,5,5,1,0,6,0,0,0,0,1,1,3,2,57,9,-1,-1,-1,-1,7,3,E01032000,0
Unvalidated,2024545728424,2024,545728424,2,4,0,18,2,6,0,1,0,0,0,0,3,1,6,1,66,10,-1,-1,-1,-1,4,1,E01032008,0
Unvalidated,2024545759524,2024,545759524,1,2,0,3,7,3,0,1,0,0,0,0,0,1,6,1,27,6,-1,-1,-1,-1,3,1,E01031856,0
Unvalidated,2024545779424,2024,545779424,1,23,0,13,6,2,0,0,0,0,0,0,1,1,6,1,21,5,-1,-1,-1,-1,6,3,E01032078,0
Unvalidated,2024545779424,2024,545779424,2,9,0,18,2,6,0,0,0,0,0,0,1,1,2,2,17,4,-1,-1,-1,-1,8,1,E01032102,0
Unvalidated,2024545797824,2024,545797824,1,9,0,18,7,3,0,0,0,0,7,0,1,1,6,1,78,11,-1,-1,-1,-1,8,3,E01028726,0
Unvalidated,2024545797824,2024,545797824,2,9,0,18,3,7,0,0,0,0,7,0,1,1,6,1,40,7,-1,-1,-1,-1,6,3,E01023155,0
Unvalidated,2024545811724,2024,545811724,1,1,0,18,7,3,0,1,0,0,0,0,1,1,2,1,56,9,-1,-1,-1,-1,7,1,E01015582,0
Unvalidated,2024545811724,2024,545811724,2,9,0,4,7,3,0,1,0,0,0,0,2,1,2,1,48,8,-1,-1,-1,-1,6,1,E01022716,0
Unvalidated,2024545815724,2024,545815724,1,9,0,7,8,4,0,4,0,0,0,0,1,1,3,2,17,4,-1,-1,-1,-1,4,1,E01032090,0
Unvalidated,2024545841824,2024,545841824,1,9,0,18,6,2,0,0,0,0,1,9,1,1,6,1,27,6,-1,-1,-1,-1,10,3,E01031962,0
Unvalidated,2024545841824,2024,545841824,2,9,0,18,2,6,0,0,0,0,0,0,1,1,6,1,24,5,-1,-1,-1,-1,8,3,E01031954,0
Unvalidated,2024545863624,2024,545863624,1,4,0,13,5,1,0,1,0,0,0,0,1,1,6,1,22,5,-1,-1,-1,-1,8,1,E01032689,0
Unvalidated,2024545863624,2024,545863624,2,9,0,9,5,3,0,1,0,0,0,0,3,1,6,1,39,7,-1,-1,-1,-1,5,1,E01032111,0
Unvalidated,2024545883424,2024,545883424,1,1,0,18,2,6,0,0,0,0,0,0,1,1,2,1,55,8,-1,-1,-1,-1,10,1,E01031924,0
Unvalidated,2024545883424,2024,545883424,2,9,0,18,2,6,0,0,0,0,0,0,2,1,2,2,58,9,-1,-1,-1,-1,8,3,E01031940,0
Unvalidated,2024545901924,2024,545901924,1,19,0,18,2,6,0,0,1,0,1,4,1,1,1,1,60,9,-1,-1,-1,-1,3,1,E01032751,0
Unvalidated,2024545925524,2024,545925524,1,9,0,4,4,8,0,1,0,0,0,0,1,1,2,2,30,6,-1,-1,-1,-1,8,2,E01032705,0
Unvalidated,2024545925524,2024,545925524,2,9,0,18,4,8,0,1,0,0,0,0,2,1,2,2,25,5,-1,-1,-1,-1,7,3,E01015474,0
Unvalidated,2024546056124,2024,546056124,1,9,0,18,4,8,0,1,0,0,0,0,1,1,6,1,40,7,-1,-1,-1,-1,-1,-1,-1,0
Unvalidated,2024546061824,2024,546061824,1,9,0,15,7,3,0,2,0,0,1,1,1,1,6,1,43,7,-1,-1,-1,-1,3,1,E01020096,0
Unvalidated,2024546062324,2024,546062324,1,9,0,18,2,6,0,2,5,4,0,0,1,1,6,2,48,8,-1,-1,-1,-1,6,1,E01032078,0
Unvalidated,2024546062324,2024,546062324,2,9,0,2,0,0,0,1,0,0,0,0,1,1,6,1,-1,-1,-1,-1,-1,-1,-1,-1,-1,0
Unvalidated,2024546067324,2024,546067324,1,9,0,18,6,2,0,1,0,0,0,0,1,1,6,1,53,8,-1,-1,-1,-1,8,1,E01032110,0
Unvalidated,2024546067324,2024,546067324,2,9,0,10,6,2,0,1,0,0,0,0,2,1,6,1,42,7,-1,-1,-1,-1,6,2,E01032030,0
Unvalidated,2024546067624,2024,546067624,1,9,0,9,7,3,0,1,0,0,0,0,0,1,6,1,27,6,-1,-1,-1,-1,4,1,E01014786,0
Unvalidated,2024546067624,2024,546067624,2,9,0,18,5,1,0,1,0,0,7,11,1,1,6,1,24,5,-1,-1,-1,-1,7,3,E01015474,0
Unvalidated,2024546090524,2024,546090524,1,9,0,18,6,2,0,0,0,0,0,0,1,1,6,1,30,6,-1,-1,-1,-1,4,1,E01024142,0
Unvalidated,2024546090524,2024,546090524,2,9,0,3,6,2,0,0,0,0,0,0,2,1,6,1,22,5,-1,-1,-1,-1,5,3,E01020068,0
Unvalidated,2024546090524,2024,546090524,3,9,0,4,6,2,0,0,0,0,0,0,2,1,6,1,61,9,-1,-1,-1,-1,6,1,E01032114,0
Unvalidated,2024546093024,2024,546093024,1,9,0,9,5,3,0,5,0,0,0,0,4,1,6,1,23,5,-1,-1,-1,-1,9,1,E01015566,0
Unvalidated,2024546093024,2024,546093024,2,1,0,18,1,5,0,8,0,0,0,0,1,1,1,1,28,6,-1,-1,-1,-1,2,1,E01015537,0
Unvalidated,2024546115024,2024,546115024,1,9,0,9,5,3,0,6,0,0,0,0,3,1,6,2,20,4,-1,-1,-1,-1,10,2,E01016299,0
Unvalidated,2024546115024,2024,546115024,2,9,0,18,3,7,0,1,0,0,0,0,1,1,6,1,17,4,-1,-1,-1,-1,6,3,E01031877,0
Unvalidated,2024546137024,2024,546137024,1,9,0,9,3,1,0,1,0,0,0,0,1,1,6,1,52,8,-1,-1,-1,-1,8,1,E01015536,0
Unvalidated,2024546178924,2024,546178924,1,9,0,4,2,6,0,1,0,0,0,0,2,1,6,2,73,10,-1,-1,-1,-1,10,1,E01032097,0
Unvalidated,2024546178924,2024,546178924,2,9,0,18,2,6,0,1,0,0,0,0,1,1,1,1,44,7,-1,-1,-1,-1,9,1,E01001386,0
Unvalidated,2024546186724,2024,546186724,1,9,0,18,8,4,0,0,5,0,1,2,1,1,6,1,80,11,-1,-1,-1,-1,6,1,E01032074,0
Unvalidated,2024546195024,2024,546195024,1,9,0,18,5,1,0,0,0,0,0,0,1,1,6,2,35,6,-1,-1,-1,-1,7,1,E01015489,0
Unvalidated,2024546195024,2024,546195024,2,9,0,18,5,1,0,0,0,0,0,0,2,1,6,1,-1,-1,-1,-1,-1,-1,-1,-1,-1,0
Unvalidated,2024546207724,2024,546207724,1,19,0,18,8,4,0,1,0,0,0,0,1,1,1,1,26,6,-1,-1,-1,-1,3,1,E01010458,0
Unvalidated,2024546207724,2024,546207724,2,9,0,10,8,4,0,1,0,0,0,0,2,1,6,2,42,7,-1,-1,-1,-1,9,3,E01031973,0
Unvalidated,2024546207924,2024,546207924,1,1,0,10,4,8,0,0,0,0,0,0,3,1,6,1,41,7,-1,-1,-1,-1,5,2,E01032048,0
Unvalidated,2024546207924,2024,546207924,2,9,0,18,8,4,0,0,0,0,0,0,3,1,6,3,-1,-1,-1,-1,-1,-1,-1,-1,-1,0
Unvalidated,2024546211524,2024,546211524,1,9,0,18,8,4,0,0,1,0,1,3,1,1,2,1,19,4,-1,-1,-1,-1,4,1,E01032070,0
Unvalidated,2024546236524,2024,546236524,1,5,0,18,4,8,0,1,2,0,1,2,1,1,6,1,24,5,-1,-1,-1,-1,2,1,E01015558,0
Unvalidated,2024546236524,2024,546236524,2,9,0,18,8,4,0,1,0,0,0,0,1,1,6,2,36,7,-1,-1,-1,-1,4,1,E01032715,0
Unvalidated,2024546242724,2024,546242724,1,98,1,12,3,7,0,0,0,0,0,0,3,1,1,1,50,8,-1,-1,-1,-1,-1,-1,-1,0
Unvalidated,2024546242724,2024,546242724,2,9,0,13,3,7,0,0,0,0,4,6,4,1,6,1,57,9,-1,-1,-1,-1,1,1,E01033370,0
Unvalidated,2024546257724,2024,546257724,1,9,0,18,4,8,0,0,1,0,4,6,3,1,6,1,45,7,-1,-1,-1,-1,8,2,E01013990,0
Unvalidated,2024546258624,2024,546258624,1,9,0,16,2,6,0,1,0,0,1,11,1,1,6,1,22,5,-1,-1,-1,-1,2,1,E01032064,0
Unvalidated,2024546258624,2024,546258624,2,9,0,2,0,0,-1,2,0,0,0,0,1,1,6,3,-1,-1,-1,-1,-1,-1,-1,-1,-1,0
Unvalidated,2024546258624,2024,546258624,3,9,0,2,0,0,-1,2,0,0,0,0,1,1,6,3,-1,-1,-1,-1,-1,-1,-1,-1,-1,0
Unvalidated,2024546258624,2024,546258624,4,9,0,2,0,0,-1,2,0,0,0,0,1,1,6,3,-1,-1,-1,-1,-1,-1,-1,-1,-1,0
Unvalidated,2024546258624,2024,546258624,5,9,0,2,0,0,0,2,0,0,0,0,1,1,6,3,-1,-1,-1,-1,-1,-1,-1,-1,-1,0
Unvalidated,2024546258624,2024,546258624,6,9,0,2,0,0,0,2,0,0,0,0,1,1,6,3,-1,-1,-1,-1,-1,-1,-1,-1,-1,0
Unvalidated,2024546258624,2024,546258624,7,9,0,2,0,0,0,2,0,0,0,0,1,1,6,3,-1,-1,-1,-1,-1,-1,-1,-1,-1,0
Unvalidated,2024546258624,2024,546258624,8,9,0,2,0,0,0,2,0,0,0,0,1,1,6,3,-1,-1,-1,-1,-1,-1,-1,-1,-1,0
Unvalidated,2024546280624,2024,546280624,1,9,0,8,6,2,0,5,0,0,0,0,3,1,6,1,38,7,-1,-1,-1,-1,4,1,E01015480,0
Unvalidated,2024546280624,2024,546280624,2,5,0,18,2,6,0,1,0,0,0,0,3,1,6,1,32,6,-1,-1,-1,-1,3,1,E01015510,0
Unvalidated,2024546295624,2024,546295624,1,9,0,18,5,1,0,0,0,0,0,0,3,1,6,1,31,6,-1,-1,-1,-1,2,1,E01015573,0
Unvalidated,2024546295624,2024,546295624,2,5,0,18,5,1,0,0,0,0,0,0,4,1,1,1,50,8,-1,-1,-1,-1,-1,-1,-1,0
Unvalidated,2024546319624,2024,546319624,1,9,0,18,6,2,0,0,0,0,0,0,1,1,6,1,85,11,-1,-1,-1,-1,7,2,E01015524,0
Unvalidated,2024546319624,2024,546319624,2,98,0,18,6,2,0,0,0,0,0,0,2,1,1,1,57,9,-1,-1,-1,-1,4,1,W01000773,0
Unvalidated,2024546322424,2024,546322424,1,1,0,9,5,1,0,1,0,0,0,0,1,1,6,1,18,4,-1,-1,-1,-1,4,1,E01032714,0
Unvalidated,2024546322424,2024,546322424,2,19,0,18,2,6,0,1,0,0,0,0,1,1,1,1,46,8,-1,-1,-1,-1,7,3,E01022224,0
Unvalidated,2024546328124,2024,546328124,1,9,0,4,1,5,0,1,0,0,0,0,1,1,6,1,19,4,-1,-1,-1,-1,6,3,E01032076,0
Unvalidated,2024546328124,2024,546328124,2,9,0,4,1,5,0,1,0,0,0,0,2,1,6,2,45,7,-1,-1,-1,-1,6,3,E01032076,0
Unvalidated,2024546379024,2024,546379024,1,9,0,18,7,3,0,1,0,0,0,0,1,1,6,1,80,11,-1,-1,-1,-1,8,3,E01022413,0
Unvalidated,2024546379024,2024,546379024,2,1,0,18,1,5,0,8,0,0,0,0,3,1,6,1,36,7,-1,-1,-1,-1,9,2,E01032057,0
Unvalidated,2024546390024,2024,546390024,1,5,0,17,7,3,0,0,0,0,1,3,1,1,6,1,63,9,-1,-1,-1,-1,6,1,E01032078,0
Unvalidated,2024546391224,2024,546391224,1,9,0,5,7,3,0,1,0,0,0,0,1,1,6,1,47,8,-1,-1,-1,-1,6,1,E01003254,0
Unvalidated,2024546391224,2024,546391224,2,9,0,18,1,5,0,1,0,0,0,0,1,1,6,2,60,9,-1,-1,-1,-1,7,3,E01031882,0
Unvalidated,2024546401324,2024,546401324,1,9,0,15,7,3,0,2,0,0,0,0,0,1,6,3,-1,-1,-1,-1,-1,-1,-1,-1,-1,0
Unvalidated,2024546401324,2024,546401324,2,9,0,18,7,3,0,2,0,0,0,0,1,1,2,2,22,5,-1,-1,-1,-1,9,2,E01015471,0
Unvalidated,2024546401324,2024,546401324,3,9,0,18,7,3,0,2,0,0,0,0,2,1,6,2,45,7,-1,-1,-1,-1,-1,2,-1,0
Unvalidated,2024546437724,2024,546437724,1,97,0,9,5,3,0,5,0,0,0,0,1,1,6,2,56,9,-1,-1,-1,-1,3,1,E01031963,0
Unvalidated,2024546437724,2024,546437724,2,9,0,18,1,5,0,1,0,0,0,0,1,1,2,1,23,5,-1,-1,-1,-1,6,3,E01031844,0
Unvalidated,2024546491224,2024,546491224,1,9,0,18,2,6,0,0,0,0,0,0,1,1,6,1,82,11,-1,-1,-1,-1,9,3,E01032034,0
Unvalidated,2024546491224,2024,546491224,2,9,0,18,6,2,0,0,0,0,0,0,1,1,6,1,44,7,-1,-1,-1,-1,10,3,E01032870,0
Unvalidated,2024546542124,2024,546542124,1,9,0,18,1,5,0,0,0,0,0,0,3,1,1,2,23,5,-1,-1,-1,-1,7,3,E01031882,0
Unvalidated,2024546542124,2024,546542124,2,10,0,18,5,1,0,0,0,0,0,0,3,1,3,2,37,7,-1,-1,-1,-1,7,1,E01032116,0
Unvalidated,2024546543524,2024,546543524,1,9,0,18,2,6,0,1,0,0,0,0,1,1,6,1,63,9,-1,-1,-1,-1,8,1,E01014475,0
Unvalidated,2024546543524,2024,546543524,2,9,0,4,2,6,0,1,0,0,0,0,2,1,6,1,-1,-1,-1,-1,-1,-1,-1,-1,-1,0
Unvalidated,2024546543524,2024,546543524,3,9,0,4,2,6,0,1,0,0,0,0,2,1,6,1,33,6,-1,-1,-1,-1,-1,-1,-1,0
Unvalidated,2024546566824,2024,546566824,1,90,0,18,6,2,9,1,0,4,0,0,1,1,6,1,16,4,-1,-1,-1,-1,-1,-1,-1,0
Unvalidated,2024546566824,2024,546566824,2,9,0,2,0,0,9,5,0,0,0,0,4,1,6,1,55,8,-1,-1,-1,-1,7,1,E01015581,0
Unvalidated,2024546568924,2024,546568924,1,1,0,18,4,8,0,0,0,0,0,0,1,1,6,1,34,6,-1,-1,-1,-1,8,1,E01032695,0
Unvalidated,2024546568924,2024,546568924,2,9,0,3,4,7,0,0,0,0,0,0,2,1,6,1,33,6,-1,-1,-1,-1,6,1,E01032085,0
Unvalidated,2024546584224,2024,546584224,1,3,0,7,4,6,0,1,0,0,0,0,1,1,6,1,18,4,-1,-1,-1,-1,8,3,E01031939,0
Unvalidated,2024546584224,2024,546584224,2,9,0,7,4,6,0,1,0,0,0,0,2,1,6,2,22,5,-1,-1,-1,-1,9,3,E01031958,0
Unvalidated,2024546585824,2024,546585824,1,19,0,18,8,4,0,0,0,0,1,7,4,1,6,2,61,9,-1,-1,-1,-1,7,3,E01021022,0
Unvalidated,2024546601124,2024,546601124,1,9,0,18,2,6,0,8,0,0,0,0,1,1,2,2,42,7,-1,-1,-1,-1,7,1,E01015490,0
Unvalidated,2024546601124,2024,546601124,2,9,0,9,4,2,0,6,0,0,0,0,1,1,2,1,39,7,-1,-1,-1,-1,6,1,E01015496,0
Unvalidated,2024546602524,2024,546602524,1,9,0,5,2,6,0,1,0,0,0,0,1,1,6,3,-1,-1,-1,-1,-1,-1,-1,-1,-1,0
Unvalidated,2024546603724,2024,546603724,1,19,0,5,6,8,0,4,0,0,0,0,3,1,2,1,37,7,-1,-1,-1,-1,4,1,E01031980,0
Unvalidated,2024546603724,2024,546603724,2,1,0,18,4,8,0,8,0,0,0,0,4,1,6,1,45,7,-1,-1,-1,-1,9,3,E01032034,0
Unvalidated,2024546603824,2024,546603824,1,9,0,5,3,7,0,6,0,0,0,0,1,1,1,2,45,7,-1,-1,-1,-1,7,1,E01015581,0
Unvalidated,2024546603824,2024,546603824,2,1,0,18,1,5,0,1,0,0,0,0,2,1,6,1,48,8,-1,-1,-1,-1,9,2,E01032710,0
Unvalidated,2024546628424,2024,546628424,1,9,0,1,3,7,0,0,0,0,0,0,2,1,1,1,59,9,-1,-1,-1,-1,10,1,E01015563,0
Unvalidated,2024546628424,2024,546628424,2,5,0,3,7,3,0,0,0,0,0,0,1,1,1,1,43,7,-1,-1,-1,-1,8,3,E01031946,0
Unvalidated,2024546642024,2024,546642024,1,9,0,18,1,5,0,0,0,0,0,0,1,1,6,1,20,4,-1,-1,-1,-1,6,1,E01032109,0
Unvalidated,2024546642024,2024,546642024,2,9,0,18,1,5,0,0,0,0,0,0,2,1,6,2,30,6,-1,-1,-1,-1,3,1,E01008933,0