status,collision_index,collision_year,collision_reference,vehicle_reference,vehicle_type,towing_and_articulation,vehicle_manoeuvre,vehicle_direction_from,vehicle_direction_to,vehicle_location_restricted_lane,junction_location,skidding_and_overturning,hit_object_in_carriageway,vehicle_leaving_carriageway,hit_object_off_carriageway,first_point_of_impact,vehicle_left_hand_drive,journey_purpose_of_driver,sex_of_driver,age_of_driver,age_band_of_driver,engine_capacity_cc,propulsion_code,age_of_vehicle,generic_make_model,driver_imd_decile,driver_home_area_type,lsoa_of_driver,escooter_flag
Unvalidated,2024546642424,2024,546642424,1,9,0,18,3,7,0,2,5,10,7,11,1,1,6,1,20,4,-1,-1,-1,-1,9,3,E01031955,0
Unvalidated,2024546647824,2024,546647824,1,9,0,9,5,3,0,6,0,0,0,0,1,1,6,3,-1,-1,-1,-1,-1,-1,-1,-1,-1,0
Unvalidated,2024546647824,2024,546647824,2,9,0,18,3,8,0,8,0,0,0,0,4,1,6,2,32,6,-1,-1,-1,-1,7,1,E01032079,0
Unvalidated,2024546676124,2024,546676124,1,9,0,18,6,2,0,0,0,4,0,0,1,1,6,2,47,8,-1,-1,-1,-1,7,2,E01016297,0
Unvalidated,2024546676124,2024,546676124,2,10,0,2,0,0,0,0,0,0,0,0,2,1,6,3,-1,-1,-1,-1,-1,-1,-1,-1,-1,0
Unvalidated,2024546677824,2024,546677824,1,3,0,18,1,5,0,0,0,0,0,0,1,1,6,1,17,4,-1,-1,-1,-1,1,1,E01015546,0
Unvalidated,2024546677824,2024,546677824,2,9,0,18,5,1,0,0,0,0,0,0,1,1,6,1,20,4,-1,-1,-1,-1,8,1,E01015500,0
Unvalidated,2024546693324,2024,546693324,1,9,0,5,1,5,0,6,0,0,0,0,2,1,6,1,64,9,-1,-1,-1,-1,8,1,E01032071,0
Unvalidated,2024546693324,2024,546693324,2,97,0,18,7,3,0,1,0,0,0,0,1,1,6,1,73,10,-1,-1,-1,-1,6,1,E01032074,0
Unvalidated,2024546693424,2024,546693424,1,9,0,18,8,4,0,1,0,0,0,0,1,1,6,2,46,8,-1,-1,-1,-1,6,3,E01031845,0
Unvalidated,2024546693424,2024,546693424,2,9,0,9,3,8,0,1,0,0,0,0,1,1,6,1,57,9,-1,-1,-1,-1,-1,-1,-1,0
Unvalidated,2024546696824,2024,546696824,1,9,0,5,1,5,0,6,0,0,0,0,1,1,6,2,42,7,-1,-1,-1,-1,10,1,E01031903,0
Unvalidated,2024546696824,2024,546696824,2,97,0,18,7,3,0,1,0,0,0,0,4,1,6,1,61,9,-1,-1,-1,-1,8,1,E01015344,0
Unvalidated,2024546697124,2024,546697124,1,9,0,18,5,1,0,0,0,0,0,0,1,1,6,1,17,4,-1,-1,-1,-1,4,1,E01032101,0
Unvalidated,2024546697124,2024,546697124,2,9,0,3,5,1,0,0,0,0,0,0,2,1,6,1,60,9,-1,-1,-1,-1,7,3,E01032084,0
Unvalidated,2024546700924,2024,546700924,1,97,0,13,1,5,0,0,0,0,0,0,1,1,6,2,73,10,-1,-1,-1,-1,6,3,E01032076,0
Unvalidated,2024546750024,2024,546750024,1,9,0,9,4,2,0,8,0,0,0,0,3,1,2,1,21,5,-1,-1,-1,-1,8,1,E01032077,0
Unvalidated,2024546750024,2024,546750024,2,5,0,14,4,8,0,1,0,0,0,0,1,1,6,1,46,8,-1,-1,-1,-1,9,1,E01032105,0
Unvalidated,2024546753624,2024,546753624,1,9,0,5,1,5,9,6,0,0,0,0,1,1,6,2,41,7,-1,-1,-1,-1,7,3,E01031848,0
Unvalidated,2024546753624,2024,546753624,2,4,0,18,7,3,0,8,5,0,0,0,4,1,2,1,33,6,-1,-1,-1,-1,8,3,E01031883,0
Unvalidated,2024546817524,2024,546817524,1,9,0,18,1,5,0,1,5,10,0,0,1,1,6,1,19,4,-1,-1,-1,-1,10,1,E01031903,0
Unvalidated,2024546824024,2024,546824024,1,9,0,18,4,8,0,0,0,0,0,0,4,1,2,1,33,6,-1,-1,-1,-1,8,1,E01015472,0
Unvalidated,2024546824024,2024,546824024,2,1,0,18,4,8,0,0,5,0,0,0,3,1,2,1,54,8,-1,-1,-1,-1,6,1,E01031967,0
Unvalidated,2024546865524,2024,546865524,1,9,0,18,8,5,0,8,0,0,0,0,1,1,1,2,30,6,-1,-1,-1,-1,8,2,E01031946,0
Unvalidated,2024546865524,2024,546865524,2,9,0,18,6,2,0,8,0,0,0,0,1,1,6,2,35,6,-1,-1,-1,-1,6,2,E01016306,0
Unvalidated,2024546866424,2024,546866424,1,9,0,4,3,7,0,3,0,0,0,0,2,1,6,1,59,9,-1,-1,-1,-1,10,2,E01014869,0
Unvalidated,2024546866424,2024,546866424,2,9,0,18,3,7,0,3,0,0,0,0,1,1,1,2,27,6,-1,-1,-1,-1,10,1,E01031907,0
Unvalidated,2024546887924,2024,546887924,1,3,0,4,7,2,0,0,1,0,0,0,3,1,1,1,19,4,-1,-1,-1,-1,6,2,E01032030,0
Unvalidated,2024546887924,2024,546887924,2,9,0,3,2,7,0,0,0,0,0,0,3,1,1,2,62,9,-1,-1,-1,-1,6,3,E01032031,0
Unvalidated,2024546888424,2024,546888424,1,97,0,7,2,4,0,6,5,0,0,0,4,1,6,1,60,9,-1,-1,-1,-1,9,1,E01032099,0
Unvalidated,2024546888424,2024,546888424,2,9,0,10,2,8,0,6,0,0,0,0,1,1,6,3,-1,-1,-1,-1,-1,-1,-1,-1,-1,0
Unvalidated,2024546916024,2024,546916024,1,9,0,16,3,7,0,1,0,0,0,0,0,1,6,3,-1,-1,-1,-1,-1,-1,-1,-1,-1,0
Unvalidated,2024546916024,2024,546916024,2,3,0,18,7,3,0,1,2,0,0,0,0,1,2,1,31,6,-1,-1,-1,-1,8,1,E01032121,0
Unvalidated,2024546917424,2024,546917424,1,9,0,18,4,8,0,0,1,0,0,0,3,1,6,1,58,9,-1,-1,-1,-1,9,3,E01032035,0
Unvalidated,2024546917424,2024,546917424,2,9,0,18,8,4,0,0,1,0,0,0,3,1,2,1,18,4,-1,-1,-1,-1,1,1,E01029234,0
Unvalidated,2024546918324,2024,546918324,1,9,0,17,4,8,0,0,2,0,1,0,4,1,6,2,19,4,-1,-1,-1,-1,5,1,W01000764,0
Unvalidated,2024546918324,2024,546918324,2,9,0,18,8,4,0,0,0,0,0,0,3,1,6,1,63,9,-1,-1,-1,-1,9,3,E01031858,0
Unvalidated,2024546927224,2024,546927224,1,9,0,18,4,8,0,0,0,0,0,0,1,1,6,1,42,7,-1,-1,-1,-1,-1,-1,-1,0
Unvalidated,2024546927224,2024,546927224,2,9,0,18,8,4,0,0,0,0,0,0,4,1,6,1,17,4,-1,-1,-1,-1,7,3,E01023159,0
Unvalidated,2024546927224,2024,546927224,3,3,0,18,8,4,0,0,0,0,0,0,1,1,1,1,45,7,-1,-1,-1,-1,10,1,E01023187,0
Unvalidated,2024546952924,2024,546952924,1,19,0,1,3,7,0,0,0,0,0,0,2,1,6,1,36,7,-1,-1,-1,-1,1,1,E01009271,0
Unvalidated,2024546961224,2024,546961224,1,9,0,18,1,5,0,0,0,0,0,0,1,1,2,1,43,7,-1,-1,-1,-1,8,3,E01033158,0
Unvalidated,2024546961224,2024,546961224,2,17,4,18,5,1,0,0,0,0,0,0,1,1,1,1,20,4,-1,-1,-1,-1,6,3,E01032031,0
Unvalidated,2024546964624,2024,546964624,1,9,0,4,8,4,0,0,1,0,0,0,1,1,6,1,21,5,-1,-1,-1,-1,8,1,E01029997,0
Unvalidated,2024546964624,2024,546964624,2,9,0,4,8,4,0,0,0,0,0,0,2,1,6,1,52,8,-1,-1,-1,-1,7,3,E01015474,0
Unvalidated,2024547029024,2024,547029024,1,9,0,18,6,2,0,1,0,0,0,0,1,1,6,1,21,5,-1,-1,-1,-1,1,1,E01032096,0
Unvalidated,2024547031124,2024,547031124,1,9,0,9,8,6,0,3,5,10,0,0,4,1,6,1,15,3,-1,-1,-1,-1,7,3,E01015583,0
Unvalidated,2024547077824,2024,547077824,1,9,0,18,7,3,0,0,0,0,0,0,1,1,6,1,35,6,-1,-1,-1,-1,8,1,E01015576,0
Unvalidated,2024547081224,2024,547081224,1,9,0,18,2,6,0,0,0,0,0,0,1,1,6,1,27,6,-1,-1,-1,-1,3,1,E01014572,0
Unvalidated,2024547081224,2024,547081224,2,9,0,18,2,6,0,0,0,0,4,6,2,1,6,1,27,6,-1,-1,-1,-1,4,1,E01015578,0
Unvalidated,2024547081224,2024,547081224,3,9,0,18,6,2,0,0,0,0,0,0,1,1,6,1,47,8,-1,-1,-1,-1,3,1,E01015527,0
Unvalidated,2024547117624,2024,547117624,1,9,0,18,6,2,0,1,1,0,7,2,1,1,3,2,40,7,-1,-1,-1,-1,10,3,E01028746,0
Unvalidated,2024547121924,2024,547121924,1,9,0,18,8,4,0,1,0,0,0,0,3,1,6,1,72,10,-1,-1,-1,-1,9,3,E01032059,0
Unvalidated,2024547121924,2024,547121924,2,9,0,18,2,6,0,1,0,0,0,0,1,1,6,1,53,8,-1,-1,-1,-1,8,1,E01031941,0
Unvalidated,2024547124124,2024,547124124,1,9,0,16,8,4,0,0,0,0,0,0,1,1,6,2,57,9,-1,-1,-1,-1,7,3,E01032029,0
Unvalidated,2024547124124,2024,547124124,2,9,0,17,4,8,0,0,0,0,0,0,1,1,6,1,73,10,-1,-1,-1,-1,6,2,E01032030,0
Unvalidated,2024547125724,2024,547125724,1,9,0,18,3,7,0,8,0,0,0,0,1,1,6,2,25,5,-1,-1,-1,-1,6,1,E01015497,0
Unvalidated,2024547125724,2024,547125724,2,9,0,9,5,1,0,6,0,7,0,0,3,1,6,2,38,7,-1,-1,-1,-1,6,2,E01016304,0
Unvalidated,2024547128824,2024,547128824,1,90,0,16,1,5,0,0,0,4,0,0,1,1,6,1,20,4,-1,-1,-1,-1,2,1,E01032086,1
Unvalidated,2024547128824,2024,547128824,2,9,0,2,0,0,0,0,0,0,0,0,3,1,6,3,-1,-1,-1,-1,-1,-1,-1,-1,-1,0
Unvalidated,2024547152024,2024,547152024,1,9,0,18,8,4,0,0,0,0,0,0,2,1,6,1,80,11,-1,-1,-1,-1,8,3,E01031861,0
Unvalidated,2024547152024,2024,547152024,2,19,0,18,8,4,0,0,0,0,0,0,1,1,1,1,56,9,-1,-1,-1,-1,5,2,E01029167,0
Unvalidated,2024547152024,2024,547152024,3,21,0,18,8,4,0,0,0,0,0,0,1,1,1,1,24,5,-1,-1,-1,-1,-1,-1,-1,0
Unvalidated,2024547160024,2024,547160024,1,9,0,18,5,7,0,8,0,0,0,0,1,1,6,1,76,11,-1,-1,-1,-1,9,2,E01031870,0
Unvalidated,2024547160024,2024,547160024,2,9,0,18,5,1,0,8,0,0,0,0,4,1,6,1,64,9,-1,-1,-1,-1,8,1,E01032689,0
Unvalidated,2024547170924,2024,547170924,1,9,0,9,4,2,0,1,0,0,0,0,1,1,6,1,71,10,-1,-1,-1,-1,5,3,E01020147,0
Unvalidated,2024547170924,2024,547170924,2,9,0,18,8,4,0,1,0,0,0,0,4,1,6,1,37,7,-1,-1,-1,-1,7,1,E01032007,0
Unvalidated,2024547180324,2024,547180324,1,9,0,18,3,7,0,1,0,0,0,0,1,1,6,2,-1,-1,-1,-1,-1,-1,-1,-1,-1,0
Unvalidated,2024547180324,2024,547180324,2,9,0,8,3,6,0,1,0,0,0,0,2,1,1,2,39,7,-1,-1,-1,-1,9,2,E01022223,0
Unvalidated,2024547195824,2024,547195824,1,9,0,9,2,1,0,6,0,0,0,0,3,1,6,1,77,11,-1,-1,-1,-1,10,1,E01031903,0
Unvalidated,2024547195824,2024,547195824,2,9,0,18,1,5,0,8,0,0,0,0,1,1,2,2,60,9,-1,-1,-1,-1,10,1,E01031907,0
Unvalidated,2024547214424,2024,547214424,1,90,0,13,3,7,0,0,5,0,1,4,4,1,6,1,73,10,-1,-1,-1,-1,6,1,E01032074,0
Unvalidated,2024547214424,2024,547214424,2,21,0,18,3,7,0,0,0,0,0,0,3,1,1,1,52,8,-1,-1,-1,-1,8,2,E01022257,0
Unvalidated,2024547215524,2024,547215524,1,90,0,13,1,5,0,3,0,0,0,0,4,1,6,1,25,5,-1,-1,-1,-1,4,1,E01015492,0
Unvalidated,2024547215524,2024,547215524,2,9,0,9,1,5,0,3,0,0,0,0,3,1,6,2,33,6,-1,-1,-1,-1,6,1,E01015555,0
Unvalidated,2024547218124,2024,547218124,1,9,0,5,5,3,0,6,0,0,1,1,4,1,6,1,70,10,-1,-1,-1,-1,3,1,E01015510,0
Unvalidated,2024547218124,2024,547218124,2,9,0,18,7,3,0,8,0,0,1,1,1,1,2,1,21,5,-1,-1,-1,-1,8,1,E01032102,0
Unvalidated,2024547225524,2024,547225524,1,4,0,5,1,5,0,4,0,0,0,0,0,1,6,1,25,5,-1,-1,-1,-1,7,1,E01032079,0
Unvalidated,2024547226924,2024,547226924,1,9,0,1,3,7,0,0,0,0,0,0,2,1,6,1,70,10,-1,-1,-1,-1,6,3,E01031845,0
Unvalidated,2024547234524,2024,547234524,1,3,0,18,6,2,0,0,0,0,1,4,4,1,6,1,38,7,-1,-1,-1,-1,8,2,E01032050,0
Unvalidated,2024547240524,2024,547240524,1,19,0,18,7,3,0,0,0,0,0,0,1,1,1,1,35,6,-1,-1,-1,-1,9,3,E01031930,0
Unvalidated,2024547240524,2024,547240524,2,9,0,3,7,3,0,0,0,0,0,0,2,1,1,1,49,8,-1,-1,-1,-1,6,3,E01032078,0
Unvalidated,2024547240524,2024,547240524,3,19,0,3,7,3,0,0,0,0,0,0,2,1,1,1,63,9,-1,-1,-1,-1,4,1,E01014958,0
Unvalidated,2024547240524,2024,547240524,4,19,0,3,7,3,0,0,0,0,0,0,2,1,1,1,58,9,-1,-1,-1,-1,-1,-1,-1,0
Unvalidated,2024547246324,2024,547246324,1,9,0,5,6,3,0,1,0,0,0,0,0,1,6,3,-1,-1,-1,-1,-1,-1,-1,-1,-1,0
Unvalidated,2024547246324,2024,547246324,2,9,0,4,3,7,0,1,0,0,0,0,2,1,6,2,24,5,-1,-1,-1,-1,10,2,E01028719,0
Unvalidated,2024547246324,2024,547246324,3,9,0,4,3,7,0,1,0,0,0,0,1,1,6,1,44,7,-1,-1,-1,-1,9,3,E01028747,0
Unvalidated,2024547272324,2024,547272324,1,9,0,18,7,3,0,0,0,0,0,0,1,1,6,1,32,6,-1,-1,-1,-1,7,1,E01015489,0
Unvalidated,2024547272324,2024,547272324,2,1,0,18,5,1,0,0,0,0,0,0,4,1,6,1,12,3,-1,-1,-1,-1,8,1,E01015536,0
Unvalidated,2024547276924,2024,547276924,1,9,0,18,6,2,0,1,0,0,0,0,1,1,6,1,81,11,-1,-1,-1,-1,4,1,E01032008,0
Unvalidated,2024547276924,2024,547276924,2,19,0,5,6,2,0,6,0,0,0,0,2,1,6,1,30,6,-1,-1,-1,-1,6,3,E01032010,0
Unvalidated,2024547277424,2024,547277424,1,90,0,18,7,3,0,6,0,0,0,0,3,1,6,1,23,5,-1,-1,-1,-1,7,1,E01015574,0
Unvalidated,2024547277424,2024,547277424,2,9,0,18,5,1,0,1,0,0,0,0,1,1,6,1,36,7,-1,-1,-1,-1,2,1,E01015541,0
Unvalidated,2024547283924,2024,547283924,1,9,0,13,4,8,0,8,2,0,2,7,1,1,6,1,17,4,-1,-1,-1,-1,5,1,E01031901,0
Unvalidated,2024547283924,2024,547283924,2,9,0,17,4,8,0,8,1,0,2,7,3,1,6,1,20,4,-1,-1,-1,-1,10,1,E01031924,0
Unvalidated,2024547305824,2024,547305824,1,9,0,18,5,1,0,2,0,0,0,0,1,1,6,2,47,8,-1,-1,-1,-1,5,2,E01032698,0
Unvalidated,2024547333924,2024,547333924,1,9,0,17,4,8,0,4,0,0,0,0,1,1,6,1,51,8,-1,-1,-1,-1,-1,-1,-1,0
Unvalidated,2024547333924,2024,547333924,2,9,0,17,6,2,0,8,0,0,0,0,3,1,6,2,40,7,-1,-1,-1,-1,7,3,E01015583,0
Unvalidated,2024547341624,2024,547341624,1,1,0,18,1,5,0,1,0,0,0,0,3,1,6,1,7,2,-1,-1,-1,-1,8,2,E01032704,0
Unvalidated,2024547341624,2024,547341624,2,9,0,18,7,3,0,1,0,0,0,0,1,1,6,1,50,8,-1,-1,-1,-1,9,2,E01032701,0
Unvalidated,2024547343924,2024,547343924,1,8,0,18,5,1,0,0,0,0,0,0,1,1,1,3,-1,-1,-1,-1,-1,-1,-1,-1,-1,0
Unvalidated,2024547351924,2024,547351924,1,9,0,18,3,7,0,1,0,0,1,7,1,1,6,1,40,7,-1,-1,-1,-1,2,1,W01001474,0
Unvalidated,2024547368224,2024,547368224,1,9,0,5,7,3,0,2,0,4,1,11,1,1,6,2,84,11,-1,-1,-1,-1,5,1,E01032022,0
Unvalidated,2024547368224,2024,547368224,2,9,0,2,0,0,0,2,0,0,0,0,1,1,6,1,57,9,-1,-1,-1,-1,4,1,E01032014,0
Unvalidated,2024547378324,2024,547378324,1,9,0,5,7,3,0,6,0,0,0,0,3,1,6,1,62,9,-1,-1,-1,-1,3,1,E01031856,0
Unvalidated,2024547378324,2024,547378324,2,9,0,18,6,2,0,1,0,0,0,0,1,1,2,2,60,9,-1,-1,-1,-1,6,3,E01031845,0
Unvalidated,2024547389924,2024,547389924,1,19,0,18,2,7,0,1,0,0,0,0,1,1,1,1,36,7,-1,-1,-1,-1,9,2,E01031863,0
Unvalidated,2024547389924,2024,547389924,2,9,0,10,2,8,0,1,0,0,0,0,2,1,6,1,35,6,-1,-1,-1,-1,7,1,E01032692,0
Unvalidated,2024547390424,2024,547390424,1,1,0,16,6,1,0,1,0,0,0,0,1,1,6,1,53,8,-1,-1,-1,-1,7,3,E01032084,0
Unvalidated,2024547390424,2024,547390424,2,9,4,17,1,6,0,1,0,0,0,0,3,1,6,1,25,5,-1,-1,-1,-1,6,1,E01020411,0
Unvalidated,2024547414924,2024,547414924,1,1,0,18,4,8,9,0,0,0,0,0,1,1,6,3,-1,-1,-1,-1,-1,-1,-1,-1,-1,0
Unvalidated,2024547420124,2024,547420124,1,9,0,18,7,3,0,4,0,0,0,0,1,1,2,1,61,9,-1,-1,-1,-1,7,3,E01032699,0
Unvalidated,2024547420124,2024,547420124,2,3,0,18,6,1,0,8,0,0,0,0,4,1,2,1,41,7,-1,-1,-1,-1,2,1,E01015541,0
Unvalidated,2024547432624,2024,547432624,1,19,0,9,5,3,0,5,0,0,0,0,4,1,1,1,40,7,-1,-1,-1,-1,10,1,E01008237,0
Unvalidated,2024547432624,2024,547432624,2,3,0,18,1,5,0,1,0,0,0,0,1,1,6,1,16,4,-1,-1,-1,-1,6,2,E01032697,0
Unvalidated,2024547433924,2024,547433924,1,9,0,18,2,6,0,4,0,0,0,0,1,1,6,2,69,10,-1,-1,-1,-1,9,1,E01015482,0
Unvalidated,2024547433924,2024,547433924,2,9,0,9,6,4,0,3,0,0,0,0,4,1,6,1,21,5,-1,-1,-1,-1,9,1,E01015482,0
Unvalidated,2024547455524,2024,547455524,1,9,0,13,6,2,0,1,0,0,0,0,4,1,2,2,38,7,-1,-1,-1,-1,4,1,E01015578,0
Unvalidated,2024547455524,2024,547455524,2,1,0,9,6,2,0,1,0,0,0,0,3,1,2,1,45,7,-1,-1,-1,-1,1,1,E01015508,0
Unvalidated,2024547459424,2024,547459424,1,11,0,4,5,1,0,0,0,0,0,0,4,1,1,1,26,6,-1,-1,-1,-1,6,1,E01032011,0
Unvalidated,2024547469824,2024,547469824,1,9,0,18,1,5,0,0,0,0,0,0,1,1,2,1,45,7,-1,-1,-1,-1,9,3,E01015523,0
Unvalidated,2024547469824,2024,547469824,2,9,0,18,1,5,0,0,0,0,0,0,2,1,2,1,41,7,-1,-1,-1,-1,7,3,E01022214,0
Unvalidated,2024547525624,2024,547525624,1,9,0,18,2,6,0,1,0,0,0,0,4,1,6,1,80,11,-1,-1,-1,-1,5,1,E01031898,0
Unvalidated,2024547544124,2024,547544124,1,9,0,18,8,4,0,8,0,0,0,0,1,1,6,1,40,7,-1,-1,-1,-1,5,1,E01022358,0
Unvalidated,2024547544124,2024,547544124,2,9,0,18,4,8,0,8,0,0,0,0,1,1,6,2,42,7,-1,-1,-1,-1,7,3,E01022206,0
Unvalidated,2024547553824,2024,547553824,1,97,0,18,5,1,0,0,0,0,0,0,1,1,6,1,-1,-1,-1,-1,-1,-1,-1,-1,-1,0
Unvalidated,2024547553824,2024,547553824,2,90,0,18,7,3,0,0,0,0,0,0,3,1,6,1,24,5,-1,-1,-1,-1,9,1,E01015483,1
Unvalidated,2024547577524,2024,547577524,1,9,0,16,7,3,0,0,5,0,0,0,3,1,1,1,39,7,-1,-1,-1,-1,9,2,W01000845,0
Unvalidated,2024547577524,2024,547577524,2,9,0,17,3,7,0,0,0,0,0,0,3,1,6,2,63,9,-1,-1,-1,-1,10,1,E01022860,0
Unvalidated,2024547591724,2024,547591724,1,9,0,5,7,3,0,6,0,0,0,0,1,1,1,2,22,5,-1,-1,-1,-1,6,3,E01032027,0
Unvalidated,2024547591724,2024,547591724,2,9,0,4,6,3,0,1,0,0,7,0,1,1,1,2,54,8,-1,-1,-1,-1,7,3,E01032082,0
Unvalidated,2024547601924,2024,547601924,1,1,0,18,7,3,0,2,0,0,0,0,1,1,6,2,24,5,-1,-1,-1,-1,1,1,E01032096,0
Unvalidated,2024547601924,2024,547601924,2,9,0,2,0,0,0,2,0,0,0,0,2,1,6,3,-1,-1,-1,-1,-1,-1,-1,-1,-1,0
Unvalidated,2024547604624,2024,547604624,1,9,0,5,4,8,0,8,0,0,0,0,3,1,1,1,38,7,-1,-1,-1,-1,6,1,E01032519,0
Unvalidated,2024547604624,2024,547604624,2,3,0,18,2,6,0,1,5,0,0,0,1,1,6,1,24,5,-1,-1,-1,-1,7,3,E01022175,0
Unvalidated,2024547619024,2024,547619024,1,9,0,18,6,2,0,1,0,0,0,0,1,1,6,1,47,8,-1,-1,-1,-1,9,3,E01016263,0
Unvalidated,2024547619024,2024,547619024,2,9,0,4,6,2,0,1,0,0,0,0,2,1,6,1,63,9,-1,-1,-1,-1,7,1,E01015489,0
Unvalidated,2024547623424,2024,547623424,1,9,0,3,5,1,0,1,0,0,0,0,1,1,6,2,20,4,-1,-1,-1,-1,1,1,E01015546,0
Unvalidated,2024547623424,2024,547623424,2,9,0,3,5,1,0,1,0,0,0,0,2,1,6,1,45,7,-1,-1,-1,-1,1,1,E01015507,0
Unvalidated,2024547626424,2024,547626424,1,19,0,18,2,6,0,0,0,0,0,0,1,1,1,1,31,6,-1,-1,-1,-1,1,1,E01015263,0
Unvalidated,2024547626424,2024,547626424,2,9,0,18,6,2,0,0,0,0,0,0,1,1,6,1,40,7,-1,-1,-1,-1,-1,-1,-1,0
Unvalidated,2024547627224,2024,547627224,1,5,0,18,6,2,0,0,0,0,7,0,0,1,6,1,22,5,-1,-1,-1,-1,9,1,E01032052,0
Unvalidated,2024547627224,2024,547627224,2,9,0,5,0,6,8,0,0,0,0,0,0,1,6,1,60,9,-1,-1,-1,-1,-1,-1,-1,0
Unvalidated,2024547641824,2024,547641824,1,3,0,18,1,5,0,0,5,0,0,0,0,1,6,1,18,4,-1,-1,-1,-1,5,1,E01032063,0
Unvalidated,2024547651624,2024,547651624,1,9,0,5,3,7,0,4,0,0,0,0,1,1,6,1,63,9,-1,-1,-1,-1,7,3,E01032084,0
Unvalidated,2024547651624,2024,547651624,2,9,0,18,1,5,0,3,0,0,7,1,1,1,6,1,20,4,-1,-1,-1,-1,7,1,E01032694,0
Unvalidated,2024547661124,2024,547661124,1,9,0,13,6,1,0,1,0,0,0,0,2,1,6,1,31,6,-1,-1,-1,-1,7,2,E01015474,0
Unvalidated,2024547661124,2024,547661124,2,9,0,18,6,1,0,1,0,0,0,0,1,1,6,2,35,6,-1,-1,-1,-1,2,1,E01015541,0
Unvalidated,2024547662524,2024,547662524,1,19,0,4,3,7,0,0,1,0,0,0,1,1,6,1,29,6,-1,-1,-1,-1,5,1,E01032063,0
Unvalidated,2024547664424,2024,547664424,1,9,0,9,6,4,0,6,0,0,0,0,3,1,6,1,29,6,-1,-1,-1,-1,10,1,E01032097,0
Unvalidated,2024547664424,2024,547664424,2,5,0,18,4,8,0,8,0,0,1,0,1,1,6,1,42,7,-1,-1,-1,-1,2,1,E01032093,0
Unvalidated,2024547667524,2024,547667524,1,9,0,18,2,6,0,0,0,0,0,0,1,1,6,1,32,6,-1,-1,-1,-1,7,1,E01015574,0
Unvalidated,2024547667524,2024,547667524,2,19,0,18,2,6,0,0,0,0,0,0,2,1,6,1,22,5,-1,-1,-1,-1,9,2,E01032713,0
Unvalidated,2024547872924,2024,547872924,1,9,0,16,3,7,0,0,0,0,0,0,1,1,2,1,51,8,-1,-1,-1,-1,8,3,E01031873,0
Unvalidated,2024547872924,2024,547872924,2,9,0,17,7,3,0,0,0,0,0,0,1,1,6,2,23,5,-1,-1,-1,-1,10,1,E01000449,0
Unvalidated,2024548094724,2024,548094724,1,9,0,1,7,3,0,1,0,0,0,0,2,1,6,1,69,10,-1,-1,-1,-1,8,1,E01032121,0
Unvalidated,202454D070723,2024,54D070723,1,9,0,18,2,6,0,4,5,9,3,4,1,1,6,2,18,4,-1,-1,-1,-1,7,2,E01031872,0
Unvalidated,2024552400004,2024,552400004,1,9,0,7,7,2,0,6,0,0,0,0,3,1,6,1,52,8,-1,-1,-1,-1,1,1,E01015309,0
Unvalidated,2024552400004,2024,552400004,2,1,0,17,4,2,0,8,0,0,0,0,4,1,6,1,46,8,-1,-1,-1,-1,8,1,E01015333,0
Unvalidated,2024552400006,2024,552400006,1,9,0,18,8,4,0,0,0,0,7,11,4,1,6,1,21,5,-1,-1,-1,-1,7,1,E01020498,0
Unvalidated,2024552400006,2024,552400006,2,9,0,18,4,8,0,0,0,0,0,0,1,1,6,1,18,4,-1,-1,-1,-1,5,3,E01018817,0
Unvalidated,2024552400006,2024,552400006,3,9,0,18,4,8,0,0,0,0,0,0,1,1,6,1,54,8,-1,-1,-1,-1,6,1,E01015244,0
Unvalidated,2024552400010,2024,552400010,1,19,0,18,8,4,0,0,1,0,2,4,1,1,6,1,54,8,-1,-1,-1,-1,1,1,E01015290,0
Unvalidated,2024552400010,2024,552400010,2,19,0,18,8,4,0,0,0,1,1,4,1,1,6,1,36,7,-1,-1,-1,-1,3,1,E01015308,0
Unvalidated,2024552400016,2024,552400016,1,9,0,7,8,1,0,5,0,0,0,0,1,1,1,1,26,6,-1,-1,-1,-1,9,1,E01020557,0
Unvalidated,2024552400021,2024,552400021,1,9,0,18,3,7,0,8,0,0,0,0,4,1,6,2,81,11,-1,-1,-1,-1,9,1,E01016230,0
Unvalidated,2024552400021,2024,552400021,2,9,0,18,3,7,0,8,0,0,0,0,3,1,6,1,44,7,-1,-1,-1,-1,3,1,E01033242,0
Unvalidated,2024552400026,2024,552400026,1,9,0,9,1,7,0,6,0,0,0,0,1,1,6,2,50,8,-1,-1,-1,-1,8,2,E01020455,0
Unvalidated,2024552400027,2024,552400027,1,9,0,4,8,4,0,1,0,0,0,0,1,1,6,1,32,6,-1,-1,-1,-1,8,2,E01020455,0
Unvalidated,2024552400028,2024,552400028,1,9,0,5,5,1,0,8,0,0,0,0,3,1,6,2,26,6,-1,-1,-1,-1,4,1,E01015382,0
Unvalidated,2024552400028,2024,552400028,2,9,0,18,7,3,0,8,0,0,0,0,1,1,6,2,22,5,-1,-1,-1,-1,9,1,E01020370,0
Unvalidated,2024552400029,2024,552400029,1,9,0,4,8,4,0,1,0,0,0,0,4,1,6,1,90,11,-1,-1,-1,-1,10,1,E01020366,0