status,collision_index,collision_year,collision_reference,vehicle_reference,vehicle_type,towing_and_articulation,vehicle_manoeuvre,vehicle_direction_from,vehicle_direction_to,vehicle_location_restricted_lane,junction_location,skidding_and_overturning,hit_object_in_carriageway,vehicle_leaving_carriageway,hit_object_off_carriageway,first_point_of_impact,vehicle_left_hand_drive,journey_purpose_of_driver,sex_of_driver,age_of_driver,age_band_of_driver,engine_capacity_cc,propulsion_code,age_of_vehicle,generic_make_model,driver_imd_decile,driver_home_area_type,lsoa_of_driver,escooter_flag
Unvalidated,2024552400030,2024,552400030,1,1,0,18,8,4,0,0,0,0,0,0,0,1,6,1,50,8,-1,-1,-1,-1,1,1,E01015282,0
Unvalidated,2024552400032,2024,552400032,1,3,0,4,4,8,0,0,1,0,0,0,0,1,6,1,23,5,-1,-1,-1,-1,5,2,E01020454,0
Unvalidated,2024552400037,2024,552400037,1,9,0,18,6,2,0,0,0,0,0,0,1,1,6,2,29,6,-1,-1,-1,-1,1,1,E01020552,0
Unvalidated,2024552400037,2024,552400037,2,9,0,3,6,2,0,0,0,0,0,0,2,1,6,2,32,6,-1,-1,-1,-1,1,1,E01020552,0
Unvalidated,2024552400042,2024,552400042,1,9,0,18,7,3,0,8,0,0,0,0,1,1,2,2,30,6,-1,-1,-1,-1,5,1,E01033283,0
Unvalidated,2024552400042,2024,552400042,2,1,0,18,1,5,0,8,0,0,0,0,3,1,6,1,41,7,-1,-1,-1,-1,6,1,E01015331,0
Unvalidated,2024552400047,2024,552400047,1,9,0,18,6,2,0,0,0,0,0,0,1,1,6,1,30,6,-1,-1,-1,-1,-1,-1,-1,0
Unvalidated,2024552400047,2024,552400047,2,8,0,18,2,6,0,0,0,0,0,0,1,1,1,1,63,9,-1,-1,-1,-1,6,1,E01020516,0
Unvalidated,2024552400048,2024,552400048,1,9,0,7,4,6,0,6,0,0,0,0,1,1,6,1,36,7,-1,-1,-1,-1,8,1,E01015447,0
Unvalidated,2024552400048,2024,552400048,2,9,0,12,2,6,0,8,0,0,1,6,3,1,6,2,80,11,-1,-1,-1,-1,9,1,E01015419,0
Unvalidated,2024552400049,2024,552400049,1,3,0,13,6,2,0,8,0,0,0,0,1,1,6,1,23,5,-1,-1,-1,-1,3,1,E01015357,0
Unvalidated,2024552400049,2024,552400049,2,3,0,10,6,3,0,1,0,0,0,0,3,1,6,2,18,4,-1,-1,-1,-1,5,1,E01015334,0
Unvalidated,2024552400053,2024,552400053,1,19,0,18,6,2,0,0,2,0,1,9,0,1,2,1,26,6,-1,-1,-1,-1,5,3,E01020444,0
Unvalidated,2024552400057,2024,552400057,1,9,0,18,2,6,0,8,0,0,0,0,1,1,6,2,59,9,-1,-1,-1,-1,5,1,E01020353,0
Unvalidated,2024552400057,2024,552400057,2,9,0,9,8,6,0,6,0,0,0,0,3,1,6,2,33,6,-1,-1,-1,-1,3,1,E01015289,0
Unvalidated,2024552400057,2024,552400057,3,9,0,8,5,6,0,6,0,0,0,0,1,1,6,2,42,7,-1,-1,-1,-1,9,1,E01015316,0
Unvalidated,2024552400058,2024,552400058,1,4,0,4,5,1,0,0,0,0,0,0,1,1,6,1,51,8,-1,-1,-1,-1,3,2,E01020564,0
Unvalidated,2024552400058,2024,552400058,2,9,0,4,5,1,0,0,0,0,0,0,2,1,6,2,62,9,-1,-1,-1,-1,5,2,E01020562,0
Unvalidated,2024552400059,2024,552400059,1,9,0,17,4,2,0,0,2,0,2,1,1,1,1,1,32,6,-1,-1,-1,-1,6,1,E01020586,0
Unvalidated,2024552400060,2024,552400060,1,19,0,1,4,6,0,6,0,0,0,0,2,1,2,1,41,7,-1,-1,-1,-1,4,1,E01022988,0
Unvalidated,2024552400060,2024,552400060,2,4,0,3,4,6,0,6,0,0,0,0,1,1,2,1,55,8,-1,-1,-1,-1,3,1,E01033241,0
Unvalidated,2024552400061,2024,552400061,1,9,0,17,3,8,0,0,1,0,1,4,1,1,2,2,18,4,-1,-1,-1,-1,6,3,E01029165,0
Unvalidated,2024552400062,2024,552400062,1,9,0,18,6,2,0,0,0,0,0,0,1,1,6,2,29,6,-1,-1,-1,-1,4,1,E01015365,0
Unvalidated,2024552400062,2024,552400062,2,9,0,4,6,2,0,0,0,0,0,0,2,1,6,1,39,7,-1,-1,-1,-1,9,1,E01022982,0
Unvalidated,2024552400063,2024,552400063,1,3,0,18,4,8,0,8,1,0,0,0,0,1,2,2,28,6,-1,-1,-1,-1,6,2,E01020510,0
Unvalidated,2024552400064,2024,552400064,1,9,0,18,8,4,0,5,0,0,7,1,1,1,6,2,65,9,-1,-1,-1,-1,2,1,E01015338,0
Unvalidated,2024552400065,2024,552400065,1,9,0,18,8,4,0,1,0,0,0,0,1,1,6,1,26,6,-1,-1,-1,-1,3,1,E01015292,0
Unvalidated,2024552400065,2024,552400065,2,9,0,3,8,4,0,1,0,0,0,0,2,1,6,2,54,8,-1,-1,-1,-1,6,1,E01015355,0
Unvalidated,2024552400065,2024,552400065,3,19,0,3,8,4,0,1,0,0,0,0,2,1,6,1,46,8,-1,-1,-1,-1,3,1,E01015273,0
Unvalidated,2024552400066,2024,552400066,1,9,0,18,6,2,0,0,0,0,0,0,1,1,6,2,86,11,-1,-1,-1,-1,5,1,E01015286,0
Unvalidated,2024552400066,2024,552400066,2,11,0,2,0,0,0,0,0,0,0,0,2,1,1,1,52,8,-1,-1,-1,-1,2,1,E01015288,0
Unvalidated,2024552400067,2024,552400067,1,9,0,18,2,6,0,8,0,0,0,0,1,1,2,2,32,6,-1,-1,-1,-1,6,1,E01015410,0
Unvalidated,2024552400067,2024,552400067,2,3,0,18,8,4,0,8,0,0,0,0,4,1,2,1,36,7,-1,-1,-1,-1,1,1,E01015307,0
Unvalidated,2024552400068,2024,552400068,1,9,0,18,8,4,0,0,0,0,0,0,4,1,6,2,41,7,-1,-1,-1,-1,8,1,E01015335,0
Unvalidated,2024552400069,2024,552400069,1,9,0,18,8,4,0,0,5,0,7,10,1,1,2,2,27,6,-1,-1,-1,-1,-1,-1,-1,0
Unvalidated,2024552400070,2024,552400070,1,9,0,14,8,4,0,0,0,0,0,0,4,1,6,2,68,10,-1,-1,-1,-1,6,1,E01015392,0
Unvalidated,2024552400070,2024,552400070,2,1,0,3,8,4,0,0,0,0,0,0,3,1,3,1,30,6,-1,-1,-1,-1,3,1,E01015442,0
Unvalidated,2024552400071,2024,552400071,1,9,0,17,3,1,0,8,0,0,0,0,1,1,2,1,55,8,-1,-1,-1,-1,-1,1,-1,0
Unvalidated,2024552400071,2024,552400071,2,19,0,18,6,2,0,8,0,0,0,0,3,1,6,1,24,5,-1,-1,-1,-1,3,1,E01015429,0
Unvalidated,2024552400072,2024,552400072,1,9,0,7,2,4,0,6,0,0,0,0,3,1,2,2,45,7,-1,-1,-1,-1,4,1,E01015385,0
Unvalidated,2024552400072,2024,552400072,2,9,0,18,8,4,0,8,0,0,0,0,1,1,6,2,20,4,-1,-1,-1,-1,3,1,E01015308,0
Unvalidated,2024552400073,2024,552400073,1,9,0,17,1,7,0,8,0,0,0,0,3,1,6,1,30,6,-1,-1,-1,-1,5,1,E01020353,0
Unvalidated,2024552400073,2024,552400073,2,1,0,18,7,3,0,8,0,0,0,0,1,1,2,2,58,9,-1,-1,-1,-1,10,1,E01022987,0
Unvalidated,2024552400075,2024,552400075,1,9,0,3,7,3,0,1,0,0,0,0,1,1,1,2,67,10,-1,-1,-1,-1,7,2,E01020465,0
Unvalidated,2024552400075,2024,552400075,2,9,0,3,7,3,0,1,0,0,0,0,2,1,2,2,25,5,-1,-1,-1,-1,9,1,E01015453,0
Unvalidated,2024552400076,2024,552400076,1,9,0,18,2,6,0,5,1,0,7,1,1,1,2,2,21,5,-1,-1,-1,-1,3,2,E01020564,0
Unvalidated,2024552400077,2024,552400077,1,9,0,18,1,5,0,8,0,0,1,11,4,1,1,1,17,4,-1,-1,-1,-1,7,3,E01020405,0
Unvalidated,2024552400078,2024,552400078,1,9,0,18,8,4,0,0,0,0,0,0,1,1,2,2,26,6,-1,-1,-1,-1,10,1,E01020383,0
Unvalidated,2024552400078,2024,552400078,2,9,0,18,4,8,0,0,0,0,1,10,1,1,2,2,41,7,-1,-1,-1,-1,4,1,E01032645,0
Unvalidated,2024552400081,2024,552400081,1,9,0,18,8,4,0,0,0,0,1,11,4,1,6,1,22,5,-1,-1,-1,-1,8,2,E01029206,0
Unvalidated,2024552400082,2024,552400082,1,9,0,18,1,5,0,0,0,0,0,0,1,1,3,2,72,10,-1,-1,-1,-1,3,1,E01015442,0
Unvalidated,2024552400083,2024,552400083,1,9,0,18,3,7,9,6,0,0,0,0,1,1,6,1,63,9,-1,-1,-1,-1,2,1,E01015304,0
Unvalidated,2024552400084,2024,552400084,1,9,0,18,8,4,0,0,0,0,0,0,1,1,6,1,90,11,-1,-1,-1,-1,8,1,E01015335,0
Unvalidated,2024552400084,2024,552400084,2,9,0,18,4,8,0,0,0,0,0,0,1,1,6,2,43,7,-1,-1,-1,-1,5,1,E01015375,0
Unvalidated,2024552400087,2024,552400087,1,19,0,18,2,6,0,8,0,0,0,0,3,1,1,2,44,7,-1,-1,-1,-1,1,1,E01017281,0
Unvalidated,2024552400087,2024,552400087,2,9,0,18,2,6,0,8,0,0,0,0,1,1,1,1,27,6,-1,-1,-1,-1,2,1,E01017140,0
Unvalidated,2024552400088,2024,552400088,1,9,0,7,6,8,0,6,0,0,0,0,3,1,6,1,89,11,-1,-1,-1,-1,8,3,E01020468,0
Unvalidated,2024552400088,2024,552400088,2,9,0,18,4,8,0,8,0,0,0,0,1,1,2,1,33,6,-1,-1,-1,-1,6,3,E01020466,0
Unvalidated,2024552400089,2024,552400089,1,9,0,5,1,5,0,0,0,0,0,0,1,1,6,1,86,11,-1,-1,-1,-1,8,2,E01020495,0
Unvalidated,2024552400089,2024,552400089,2,20,0,18,4,8,0,0,0,0,0,0,3,1,1,1,70,10,-1,-1,-1,-1,8,1,E01020504,0
Unvalidated,2024552400091,2024,552400091,1,9,0,18,2,6,0,0,5,0,7,10,1,1,6,2,55,8,-1,-1,-1,-1,5,2,E01020469,0
Unvalidated,2024552400093,2024,552400093,1,9,0,18,6,2,0,4,0,0,0,0,1,1,6,1,65,9,-1,-1,-1,-1,5,1,E01015421,0
Unvalidated,2024552400093,2024,552400093,2,1,0,18,2,8,0,8,0,0,0,0,3,1,2,1,54,8,-1,-1,-1,-1,5,1,E01015393,0
Unvalidated,2024552400094,2024,552400094,1,19,0,16,2,5,0,4,0,0,0,0,1,1,1,1,62,9,-1,-1,-1,-1,9,1,E01015453,0
Unvalidated,2024552400094,2024,552400094,2,1,0,17,8,5,0,8,0,0,0,0,2,1,2,1,32,6,-1,-1,-1,-1,4,1,E01015303,0
Unvalidated,2024552400095,2024,552400095,1,11,0,18,2,8,3,0,0,0,0,0,1,1,1,1,55,8,-1,-1,-1,-1,1,1,E01015307,0
Unvalidated,2024552400097,2024,552400097,1,9,0,18,6,2,0,8,0,0,0,0,1,1,6,2,45,7,-1,-1,-1,-1,7,1,E01015428,0
Unvalidated,2024552400097,2024,552400097,2,9,0,10,6,4,0,1,0,0,0,0,2,1,6,1,78,11,-1,-1,-1,-1,9,1,E01020385,0
Unvalidated,2024552400099,2024,552400099,1,9,0,9,7,5,0,5,0,0,0,0,1,1,6,2,40,7,-1,-1,-1,-1,5,1,E01015456,0
Unvalidated,2024552400102,2024,552400102,1,9,0,7,8,2,0,6,0,0,0,0,0,1,2,1,56,9,-1,-1,-1,-1,-1,-1,-1,0
Unvalidated,2024552400102,2024,552400102,2,3,0,18,6,2,0,8,0,0,0,0,4,1,6,1,53,8,-1,-1,-1,-1,6,3,E01020508,0
Unvalidated,2024552400104,2024,552400104,1,9,0,7,4,6,0,6,0,0,0,0,3,1,2,2,23,5,-1,-1,-1,-1,3,1,E01015294,0
Unvalidated,2024552400104,2024,552400104,2,9,0,18,2,6,0,8,0,0,0,0,1,1,6,1,20,4,-1,-1,-1,-1,10,1,E01015315,0
Unvalidated,2024552400105,2024,552400105,1,9,0,7,8,2,0,8,0,0,0,0,4,1,2,2,53,8,-1,-1,-1,-1,8,1,E01015333,0
Unvalidated,2024552400106,2024,552400106,1,19,0,18,8,4,0,8,0,0,0,0,4,1,1,1,31,6,-1,-1,-1,-1,9,1,E01015451,0
Unvalidated,2024552400106,2024,552400106,2,9,0,18,2,6,0,8,0,0,1,9,1,1,6,2,33,6,-1,-1,-1,-1,2,1,E01015430,0
Unvalidated,2024552400108,2024,552400108,1,9,0,18,2,6,0,0,2,0,1,4,1,1,6,2,19,4,-1,-1,-1,-1,7,2,E01020437,0
Unvalidated,2024552400109,2024,552400109,1,9,0,9,7,5,0,5,0,0,0,0,3,1,6,1,20,4,-1,-1,-1,-1,8,1,E01020475,0
Unvalidated,2024552400109,2024,552400109,2,3,0,18,3,7,0,8,0,0,0,0,1,1,6,2,30,6,-1,-1,-1,-1,3,1,E01000637,0
Unvalidated,2024552400110,2024,552400110,1,3,0,18,1,5,0,0,0,0,0,0,0,1,6,1,55,8,-1,-1,-1,-1,10,1,E01014388,0
Unvalidated,2024552400111,2024,552400111,1,9,0,9,4,1,0,5,0,0,0,0,1,1,1,1,19,4,-1,-1,-1,-1,10,1,E01015399,0
Unvalidated,2024552400111,2024,552400111,2,9,0,18,8,4,0,8,0,0,0,0,3,1,6,2,41,7,-1,-1,-1,-1,10,1,E01020407,0
Unvalidated,2024552400112,2024,552400112,1,9,0,17,2,1,0,0,0,0,1,4,1,1,6,1,22,5,-1,-1,-1,-1,7,1,E01015387,0
Unvalidated,2024552400113,2024,552400113,1,9,0,18,1,5,0,0,1,0,1,4,1,1,6,2,18,4,-1,-1,-1,-1,6,1,E01015355,0
Unvalidated,2024552400114,2024,552400114,1,9,0,18,4,8,0,0,0,0,0,0,1,1,6,1,18,4,-1,-1,-1,-1,6,1,E01015355,0
Unvalidated,2024552400114,2024,552400114,2,9,0,4,4,8,0,0,0,0,0,0,2,1,6,1,37,7,-1,-1,-1,-1,7,2,E01020492,0
Unvalidated,2024552400114,2024,552400114,3,9,0,4,4,8,0,0,0,0,0,0,2,1,6,1,40,7,-1,-1,-1,-1,9,3,E01033154,0
Unvalidated,2024552400115,2024,552400115,1,9,0,7,3,6,0,5,0,0,0,0,1,1,6,2,30,6,-1,-1,-1,-1,10,1,E01015396,0
Unvalidated,2024552400116,2024,552400116,1,9,0,18,8,4,0,0,5,0,1,4,1,1,6,1,28,6,-1,-1,-1,-1,7,3,E01020509,0
Unvalidated,2024552400117,2024,552400117,1,9,0,18,8,4,0,6,0,0,0,0,1,1,6,3,-1,-1,-1,-1,-1,-1,-1,-1,-1,0
Unvalidated,2024552400117,2024,552400117,2,1,0,18,6,2,0,8,0,0,0,0,4,1,6,1,15,3,-1,-1,-1,-1,10,2,E01022994,0
Unvalidated,2024552400121,2024,552400121,1,3,0,18,4,8,0,0,0,0,0,0,1,1,6,2,19,4,-1,-1,-1,-1,1,1,E01015282,0
Unvalidated,2024552400121,2024,552400121,2,9,0,4,4,8,0,0,0,0,0,0,2,1,6,2,33,6,-1,-1,-1,-1,4,1,E01020346,0
Unvalidated,2024552400122,2024,552400122,1,9,0,13,2,6,0,0,0,0,0,0,4,1,6,3,-1,-1,-1,-1,-1,-1,-1,-1,-1,0
Unvalidated,2024552400123,2024,552400123,1,9,0,5,6,2,0,1,0,0,0,0,1,1,6,2,49,8,-1,-1,-1,-1,6,1,E01015331,0
Unvalidated,2024552400126,2024,552400126,1,3,0,7,7,1,0,8,1,0,0,0,0,1,6,1,20,4,-1,-1,-1,-1,6,3,E01020452,0
Unvalidated,2024552400127,2024,552400127,1,90,0,9,8,6,0,6,0,0,0,0,1,1,6,2,18,4,-1,-1,-1,-1,2,1,E01032659,1
Unvalidated,2024552400127,2024,552400127,2,9,0,7,6,8,0,5,0,0,0,0,1,1,6,3,-1,-1,-1,-1,-1,-1,-1,-1,-1,0
Unvalidated,2024552400133,2024,552400133,1,9,0,7,3,6,0,5,0,0,0,0,4,1,6,2,39,7,-1,-1,-1,-1,8,1,E01015447,0
Unvalidated,2024552400133,2024,552400133,2,1,0,16,8,3,0,8,0,0,0,0,1,1,6,1,65,9,-1,-1,-1,-1,3,1,E01015442,0
Unvalidated,2024552400138,2024,552400138,1,5,0,18,8,4,0,0,1,0,0,0,0,1,6,1,70,10,-1,-1,-1,-1,4,1,E01020578,0
Unvalidated,2024552400142,2024,552400142,1,5,0,13,1,5,0,0,1,0,0,0,0,1,6,1,60,9,-1,-1,-1,-1,7,2,E01020436,0
Unvalidated,2024552400143,2024,552400143,1,1,0,18,3,7,0,8,0,0,0,0,3,1,6,1,19,4,-1,-1,-1,-1,5,1,E01020368,0
Unvalidated,2024552400143,2024,552400143,2,9,0,5,6,2,0,5,0,0,0,0,1,1,2,2,55,8,-1,-1,-1,-1,9,1,E01020351,0
Unvalidated,2024552400144,2024,552400144,1,9,0,1,8,4,0,0,0,0,0,0,2,1,3,2,53,8,-1,-1,-1,-1,10,1,E01023243,0
Unvalidated,2024552400147,2024,552400147,1,9,0,18,1,5,0,8,0,0,0,0,1,1,6,2,35,6,-1,-1,-1,-1,6,1,E01015438,0
Unvalidated,2024552400147,2024,552400147,2,9,0,18,3,7,0,8,0,0,0,0,3,1,6,2,60,9,-1,-1,-1,-1,3,1,E01015439,0
Unvalidated,2024552400149,2024,552400149,1,9,0,18,6,2,0,0,0,0,0,0,3,1,3,1,46,8,-1,-1,-1,-1,3,1,E01015381,0
Unvalidated,2024552400150,2024,552400150,1,9,0,18,6,2,0,8,0,0,0,0,1,1,6,2,39,7,-1,-1,-1,-1,2,1,E01015288,0
Unvalidated,2024552400150,2024,552400150,2,9,0,10,6,5,0,5,0,0,0,0,2,1,6,1,68,10,-1,-1,-1,-1,5,1,E01015334,0
Unvalidated,2024552400152,2024,552400152,1,9,0,6,6,6,0,8,0,0,0,0,1,1,6,1,52,8,-1,-1,-1,-1,7,1,E01015297,0
Unvalidated,2024552400152,2024,552400152,2,3,0,18,6,2,0,8,0,0,0,0,4,1,6,1,62,9,-1,-1,-1,-1,3,1,E01015442,0
Unvalidated,2024552400154,2024,552400154,1,9,0,9,1,7,0,8,0,0,0,0,3,1,6,3,-1,-1,-1,-1,-1,-1,-1,-1,-1,0
Unvalidated,2024552400154,2024,552400154,2,19,0,18,5,1,0,8,0,0,0,0,1,1,2,1,43,7,-1,-1,-1,-1,7,3,E01020507,0
Unvalidated,2024552400155,2024,552400155,1,97,0,18,5,1,0,0,0,0,0,0,1,1,6,1,15,3,-1,-1,-1,-1,3,1,E01015442,0
Unvalidated,2024552400155,2024,552400155,2,9,0,4,1,5,0,0,0,0,0,0,3,1,1,1,33,6,-1,-1,-1,-1,5,1,E01015468,0
Unvalidated,2024552400156,2024,552400156,1,9,0,18,8,4,0,0,0,0,0,0,1,1,6,1,62,9,-1,-1,-1,-1,5,1,E01015427,0
Unvalidated,2024552400156,2024,552400156,2,19,0,2,0,0,0,0,0,0,0,0,1,1,6,3,-1,-1,-1,-1,-1,-1,-1,-1,-1,0
Unvalidated,2024552400159,2024,552400159,1,9,0,18,4,8,0,0,0,0,0,0,1,1,6,2,87,11,-1,-1,-1,-1,3,1,E01015449,0
Unvalidated,2024552400159,2024,552400159,2,9,0,2,0,0,0,0,0,0,0,0,2,1,6,3,-1,-1,-1,-1,-1,-1,-1,-1,-1,0
Unvalidated,2024552400162,2024,552400162,1,9,0,5,7,3,0,6,0,0,0,0,1,1,2,2,34,6,-1,-1,-1,-1,6,1,E01015414,0
Unvalidated,2024552400162,2024,552400162,2,9,0,18,2,6,0,8,0,0,1,11,3,1,2,2,39,7,-1,-1,-1,-1,7,1,E01015376,0
Unvalidated,2024552400163,2024,552400163,1,9,0,7,3,6,0,5,0,0,1,0,1,1,6,1,46,8,-1,-1,-1,-1,5,1,E01020584,0
Unvalidated,2024552400164,2024,552400164,1,9,0,7,7,2,0,4,0,0,1,0,1,1,6,1,23,5,-1,-1,-1,-1,6,1,E01015331,0
Unvalidated,2024552400164,2024,552400164,2,1,0,18,6,2,0,8,0,0,0,0,4,1,6,1,20,4,-1,-1,-1,-1,3,1,E01015285,0
Unvalidated,2024552400167,2024,552400167,1,9,0,9,7,5,0,5,0,0,0,0,1,1,6,2,57,9,-1,-1,-1,-1,3,1,E01015294,0
Unvalidated,2024552400169,2024,552400169,1,5,0,13,6,2,0,8,0,0,0,0,1,1,6,1,70,10,-1,-1,-1,-1,6,2,E01020488,0
Unvalidated,2024552400169,2024,552400169,2,9,0,9,6,4,0,5,0,0,0,0,3,1,6,2,67,10,-1,-1,-1,-1,4,2,E01020485,0
Unvalidated,2024552400171,2024,552400171,1,9,0,4,8,4,0,0,0,0,0,0,1,1,6,2,19,4,-1,-1,-1,-1,10,1,E01020355,0
Unvalidated,2024552400171,2024,552400171,2,4,0,4,8,4,0,0,0,0,0,0,2,1,2,1,27,6,-1,-1,-1,-1,2,1,E01015288,0
Unvalidated,2024552400172,2024,552400172,1,9,0,12,5,1,0,0,0,0,0,0,1,1,6,1,25,5,-1,-1,-1,-1,8,1,E01015411,0
Unvalidated,2024552400172,2024,552400172,2,9,0,3,5,1,0,0,0,0,0,0,2,1,6,2,36,7,-1,-1,-1,-1,6,1,E01015414,0
Unvalidated,2024552400173,2024,552400173,1,9,0,18,2,6,0,0,0,0,0,0,1,1,3,2,39,7,-1,-1,-1,-1,6,1,E01015349,0
Unvalidated,2024552400174,2024,552400174,1,9,0,18,4,8,0,4,0,0,0,0,1,1,6,3,-1,-1,-1,-1,-1,-1,-1,-1,-1,0
Unvalidated,2024552400177,2024,552400177,1,9,0,9,8,6,0,6,0,0,0,0,3,1,2,1,40,7,-1,-1,-1,-1,9,1,E01020419,0
Unvalidated,2024552400177,2024,552400177,2,19,0,18,6,2,0,8,0,0,0,0,1,1,1,1,40,7,-1,-1,-1,-1,9,1,E01015356,0
Unvalidated,2024552400178,2024,552400178,1,9,0,10,6,4,5,6,0,0,0,0,4,1,2,1,37,7,-1,-1,-1,-1,6,1,E01015291,0
Unvalidated,2024552400178,2024,552400178,2,1,0,18,8,4,5,8,0,0,0,0,1,1,2,2,27,6,-1,-1,-1,-1,6,1,E01015291,0
Unvalidated,2024552400179,2024,552400179,1,9,0,18,8,4,0,8,0,0,0,0,3,1,6,1,45,7,-1,-1,-1,-1,9,1,E01020558,0
Unvalidated,2024552400182,2024,552400182,1,9,0,7,7,2,0,6,0,0,0,0,1,1,6,1,22,5,-1,-1,-1,-1,10,1,E01015455,0
Unvalidated,2024552400182,2024,552400182,2,9,0,18,6,2,0,8,0,0,0,0,4,1,6,2,44,7,-1,-1,-1,-1,5,1,E01015441,0
Unvalidated,2024552400183,2024,552400183,1,9,0,18,5,1,0,0,0,0,0,0,1,1,6,2,33,6,-1,-1,-1,-1,10,1,E01029160,0
Unvalidated,2024552400183,2024,552400183,2,9,0,3,5,1,0,0,0,0,0,0,2,1,6,2,63,9,-1,-1,-1,-1,7,1,E01015418,0
Unvalidated,2024552400186,2024,552400186,1,9,0,18,8,4,6,0,5,0,8,11,3,1,6,1,29,6,-1,-1,-1,-1,7,3,E01020045,0
Unvalidated,2024552400188,2024,552400188,1,9,0,18,4,8,0,0,0,0,0,0,1,1,2,2,40,7,-1,-1,-1,-1,5,1,E01015417,0
Unvalidated,2024552400188,2024,552400188,2,9,0,5,8,4,0,0,0,0,0,0,1,1,6,2,76,11,-1,-1,-1,-1,6,1,E01015454,0
Unvalidated,2024552400189,2024,552400189,1,9,0,18,7,3,0,4,0,0,0,0,2,1,2,1,30,6,-1,-1,-1,-1,-1,-1,-1,0
Unvalidated,2024552400189,2024,552400189,2,9,0,18,7,3,0,4,0,0,0,0,1,1,6,2,54,8,-1,-1,-1,-1,2,1,E01015312,0
Unvalidated,2024552400190,2024,552400190,1,9,0,18,1,5,0,6,0,0,0,0,1,1,6,1,54,8,-1,-1,-1,-1,1,1,E01015307,0
Unvalidated,2024552400190,2024,552400190,2,1,0,18,8,4,0,8,0,0,0,0,4,1,6,2,50,8,-1,-1,-1,-1,2,1,E01015277,0
Unvalidated,2024552400191,2024,552400191,1,9,0,12,7,4,0,8,0,0,0,0,3,1,2,1,31,6,-1,-1,-1,-1,9,1,E01030214,0
Unvalidated,2024552400191,2024,552400191,2,9,0,18,7,3,0,8,0,0,0,0,4,1,6,1,52,8,-1,-1,-1,-1,7,3,E01030502,0
Unvalidated,2024552400193,2024,552400193,1,9,0,7,2,4,0,5,0,0,0,0,4,1,3,1,35,6,-1,-1,-1,-1,6,1,E01015324,0
Unvalidated,2024552400196,2024,552400196,1,9,0,18,2,6,4,6,0,0,0,0,1,1,1,1,49,8,-1,-1,-1,-1,8,1,E01015447,0
Unvalidated,2024552400196,2024,552400196,2,1,0,18,1,5,4,8,0,0,0,0,4,1,2,1,54,8,-1,-1,-1,-1,2,1,E01015379,0
Unvalidated,2024552400197,2024,552400197,1,19,0,18,2,6,0,0,0,0,0,0,1,1,1,1,27,6,-1,-1,-1,-1,9,1,E01015422,0
Unvalidated,2024552400197,2024,552400197,2,9,0,1,6,2,0,0,0,0,0,0,0,1,6,1,37,7,-1,-1,-1,-1,6,1,E01015324,0
Unvalidated,2024552400198,2024,552400198,1,19,0,18,6,2,0,0,0,0,0,0,4,1,1,1,73,10,-1,-1,-1,-1,7,1,E01015297,0
Unvalidated,2024552400198,2024,552400198,2,3,0,15,6,2,0,0,0,0,0,0,3,1,6,1,21,5,-1,-1,-1,-1,2,1,E01015379,0
Unvalidated,2024552400200,2024,552400200,1,19,0,18,5,1,0,0,0,0,0,0,4,1,1,1,57,9,-1,-1,-1,-1,7,1,E01015450,0
Unvalidated,2024552400202,2024,552400202,1,9,0,9,7,5,0,6,0,0,0,0,4,1,6,1,54,8,-1,-1,-1,-1,7,2,E01020437,0
Unvalidated,2024552400202,2024,552400202,2,9,0,18,5,1,0,8,0,0,0,0,3,1,1,1,37,7,-1,-1,-1,-1,10,1,E01020377,0
Unvalidated,2024552400203,2024,552400203,1,8,0,9,8,5,0,5,0,0,0,0,1,1,1,1,72,10,-1,-1,-1,-1,3,1,E01033241,0
Unvalidated,2024552400204,2024,552400204,1,8,0,18,5,1,9,0,0,0,0,0,3,1,1,1,41,7,-1,-1,-1,-1,5,1,E01015286,0
Unvalidated,2024552400205,2024,552400205,1,9,0,5,8,3,0,6,0,0,0,0,1,1,6,2,80,11,-1,-1,-1,-1,6,2,E01020452,0
Unvalidated,2024552400205,2024,552400205,2,9,0,18,7,3,0,8,0,0,0,0,2,1,6,2,33,6,-1,-1,-1,-1,5,1,E01020518,0
Unvalidated,2024552400205,2024,552400205,3,9,0,2,0,0,6,2,0,0,0,0,2,1,6,3,-1,-1,-1,-1,-1,-1,-1,-1,-1,0
Unvalidated,2024552400205,2024,552400205,4,9,0,2,0,0,6,2,0,0,0,0,2,1,6,3,-1,-1,-1,-1,-1,-1,-1,-1,-1,0
Unvalidated,2024552400206,2024,552400206,1,9,0,9,4,2,0,6,0,0,0,0,1,1,1,1,33,6,-1,-1,-1,-1,9,1,E01020391,0
Unvalidated,2024552400206,2024,552400206,2,1,0,18,2,6,0,8,0,0,0,0,1,1,2,1,58,9,-1,-1,-1,-1,3,1,E01015294,0
Unvalidated,2024552400207,2024,552400207,1,9,0,13,7,3,0,0,1,0,1,2,1,1,2,1,40,7,-1,-1,-1,-1,2,1,E01015384,0
Unvalidated,2024552400208,2024,552400208,1,9,0,18,2,6,0,0,2,0,7,10,4,1,6,1,20,4,-1,-1,-1,-1,7,1,E01020498,0