status,collision_index,collision_year,collision_reference,vehicle_reference,vehicle_type,towing_and_articulation,vehicle_manoeuvre,vehicle_direction_from,vehicle_direction_to,vehicle_location_restricted_lane,junction_location,skidding_and_overturning,hit_object_in_carriageway,vehicle_leaving_carriageway,hit_object_off_carriageway,first_point_of_impact,vehicle_left_hand_drive,journey_purpose_of_driver,sex_of_driver,age_of_driver,age_band_of_driver,engine_capacity_cc,propulsion_code,age_of_vehicle,generic_make_model,driver_imd_decile,driver_home_area_type,lsoa_of_driver,escooter_flag
Unvalidated,2024552400208,2024,552400208,2,9,0,18,6,2,0,0,0,0,0,0,1,1,6,1,59,9,-1,-1,-1,-1,7,3,E01020539,0
Unvalidated,2024552400211,2024,552400211,1,9,0,7,6,8,0,6,0,0,0,0,1,1,6,2,81,11,-1,-1,-1,-1,2,1,E01020573,0
Unvalidated,2024552400211,2024,552400211,2,9,0,18,4,8,0,8,0,0,0,0,4,1,6,1,76,11,-1,-1,-1,-1,4,1,E01020578,0
Unvalidated,2024552400213,2024,552400213,1,9,0,18,8,4,0,0,2,0,0,0,0,1,6,1,34,6,-1,-1,-1,-1,7,1,E01020428,0
Unvalidated,2024552400214,2024,552400214,1,5,0,18,6,2,0,0,1,0,1,0,0,1,6,1,30,6,-1,-1,-1,-1,4,1,E01015420,0
Unvalidated,2024552400215,2024,552400215,1,9,0,9,2,8,0,6,0,0,0,0,4,1,2,2,22,5,-1,-1,-1,-1,4,1,E01015382,0
Unvalidated,2024552400215,2024,552400215,2,19,0,18,4,8,0,8,0,0,0,0,1,1,1,1,27,6,-1,-1,-1,-1,7,3,E01020540,0
Unvalidated,2024552400216,2024,552400216,1,9,0,7,6,8,0,4,0,0,0,0,1,1,2,1,24,5,-1,-1,-1,-1,4,1,E01020551,0
Unvalidated,2024552400216,2024,552400216,2,9,0,18,4,8,0,8,0,0,0,0,3,1,2,1,33,6,-1,-1,-1,-1,5,1,E01020577,0
Unvalidated,2024552400217,2024,552400217,1,19,0,18,4,8,0,0,0,0,1,4,4,1,6,2,75,10,-1,-1,-1,-1,7,2,E01020465,0
Unvalidated,2024552400218,2024,552400218,1,9,0,18,4,8,0,0,0,0,0,0,1,1,6,3,-1,-1,-1,-1,-1,-1,-1,-1,-1,0
Unvalidated,2024552400220,2024,552400220,1,9,0,18,1,5,0,0,0,0,1,4,1,1,1,2,73,10,-1,-1,-1,-1,5,3,E01020512,0
Unvalidated,2024552400222,2024,552400222,1,9,0,7,5,8,0,6,0,0,0,0,3,1,6,3,-1,-1,-1,-1,-1,-1,-1,-1,-1,0
Unvalidated,2024552400222,2024,552400222,2,3,0,18,4,8,0,8,0,0,0,0,1,1,2,1,18,4,-1,-1,-1,-1,8,1,E01015389,0
Unvalidated,2024552400223,2024,552400223,1,9,0,9,8,5,0,1,0,0,0,0,1,1,6,1,33,6,-1,-1,-1,-1,10,1,E01015398,0
Unvalidated,2024552400223,2024,552400223,2,9,0,9,8,5,0,1,0,0,0,0,2,1,6,1,44,7,-1,-1,-1,-1,10,1,E01015398,0
Unvalidated,2024552400225,2024,552400225,1,9,0,18,8,4,0,0,2,0,7,10,1,1,6,1,55,8,-1,-1,-1,-1,8,3,E01020458,0
Unvalidated,2024552400227,2024,552400227,1,9,0,15,6,2,0,0,0,0,0,0,1,1,6,2,74,10,-1,-1,-1,-1,4,3,E01020320,0
Unvalidated,2024552400227,2024,552400227,2,19,0,18,2,6,0,0,0,0,0,0,1,1,6,2,70,10,-1,-1,-1,-1,10,1,E01016627,0
Unvalidated,2024552400228,2024,552400228,1,9,0,3,2,6,0,0,0,0,0,0,1,1,6,2,35,6,-1,-1,-1,-1,4,1,E01020551,0
Unvalidated,2024552400232,2024,552400232,1,9,0,18,6,2,0,0,0,0,0,0,1,1,6,3,-1,-1,-1,-1,-1,-1,-1,-1,-1,0
Unvalidated,2024552400235,2024,552400235,1,4,0,18,2,6,0,3,0,10,1,0,1,1,6,1,30,6,-1,-1,-1,-1,6,1,E01023017,0
Unvalidated,2024552400236,2024,552400236,1,9,0,5,5,1,0,6,0,0,0,0,1,1,2,2,29,6,-1,-1,-1,-1,7,1,E01015416,0
Unvalidated,2024552400236,2024,552400236,2,1,0,18,3,7,0,8,0,0,0,0,4,1,2,1,45,7,-1,-1,-1,-1,9,1,E01015431,0
Unvalidated,2024552400240,2024,552400240,1,9,0,18,2,6,0,0,2,0,0,0,0,1,6,1,20,4,-1,-1,-1,-1,6,1,E01029240,0
Unvalidated,2024552400241,2024,552400241,1,8,0,9,3,1,0,6,0,0,0,0,3,1,1,1,40,7,-1,-1,-1,-1,6,1,E01015460,0
Unvalidated,2024552400241,2024,552400241,2,5,0,18,1,5,0,8,0,0,0,0,1,1,2,1,21,5,-1,-1,-1,-1,10,1,E01020423,0
Unvalidated,2024552400242,2024,552400242,1,9,0,5,2,6,0,0,0,0,0,0,1,1,6,2,51,8,-1,-1,-1,-1,9,2,E01020435,0
Unvalidated,2024552400242,2024,552400242,2,9,0,3,2,6,0,0,0,0,0,0,2,1,6,2,50,8,-1,-1,-1,-1,9,1,E01015431,0
Unvalidated,2024552400243,2024,552400243,1,9,0,9,6,5,0,8,0,0,0,0,3,1,6,1,36,7,-1,-1,-1,-1,9,1,E01015316,0
Unvalidated,2024552400243,2024,552400243,2,9,0,18,6,2,0,3,0,0,0,0,4,1,6,1,46,8,-1,-1,-1,-1,10,1,E01023457,0
Unvalidated,2024552400244,2024,552400244,1,9,0,18,3,7,0,8,0,0,0,0,1,1,6,1,25,5,-1,-1,-1,-1,7,1,E01015450,0
Unvalidated,2024552400245,2024,552400245,1,19,0,18,3,7,0,0,0,0,0,0,3,1,6,1,54,8,-1,-1,-1,-1,8,1,E01029242,0
Unvalidated,2024552400245,2024,552400245,2,11,0,18,7,3,0,0,0,0,0,0,3,1,1,1,55,8,-1,-1,-1,-1,10,1,E01029254,0
Unvalidated,2024552400246,2024,552400246,1,19,0,18,5,1,0,8,0,0,0,0,1,1,1,1,53,8,-1,-1,-1,-1,8,1,E01015364,0
Unvalidated,2024552400247,2024,552400247,1,9,0,5,1,5,0,3,0,0,0,0,1,1,6,1,51,8,-1,-1,-1,-1,5,1,E01015346,0
Unvalidated,2024552400247,2024,552400247,2,9,0,4,1,5,0,3,0,0,0,0,2,1,6,2,41,7,-1,-1,-1,-1,9,3,E01033154,0
Unvalidated,2024552400248,2024,552400248,1,9,0,9,8,6,0,6,0,0,0,0,3,1,6,2,19,4,-1,-1,-1,-1,6,3,E01020466,0
Unvalidated,2024552400248,2024,552400248,2,9,0,18,6,2,0,8,0,0,0,0,1,1,6,2,67,10,-1,-1,-1,-1,5,3,E01029059,0
Unvalidated,2024552400249,2024,552400249,1,9,0,14,7,3,0,0,5,0,0,0,1,1,2,2,37,7,-1,-1,-1,-1,5,1,E01015441,0
Unvalidated,2024552400249,2024,552400249,2,9,0,2,0,0,0,0,0,0,0,0,2,1,6,2,19,4,-1,-1,-1,-1,6,3,E01020534,0
Unvalidated,2024552400250,2024,552400250,1,9,0,18,4,8,0,0,0,0,0,0,1,1,6,2,33,6,-1,-1,-1,-1,8,1,E01020388,0
Unvalidated,2024552400250,2024,552400250,2,9,0,3,4,8,0,0,0,0,0,0,2,1,6,2,52,8,-1,-1,-1,-1,8,1,E01020388,0
Unvalidated,2024552400251,2024,552400251,1,9,0,9,4,2,0,6,0,0,0,0,3,1,6,2,74,10,-1,-1,-1,-1,9,1,E01015395,0
Unvalidated,2024552400251,2024,552400251,2,9,0,18,2,6,0,8,0,0,0,0,1,1,2,1,23,5,-1,-1,-1,-1,5,1,E01020427,0
Unvalidated,2024552400253,2024,552400253,1,9,0,18,3,7,0,0,0,0,0,0,1,1,6,1,25,5,-1,-1,-1,-1,5,3,E01020448,0
Unvalidated,2024552400253,2024,552400253,2,2,0,18,3,7,0,0,0,0,0,0,2,1,6,1,40,7,-1,-1,-1,-1,6,1,E01029231,0
Unvalidated,2024552400254,2024,552400254,1,9,0,18,8,4,0,8,0,0,0,0,1,1,6,2,43,7,-1,-1,-1,-1,8,1,E01020475,0
Unvalidated,2024552400255,2024,552400255,1,9,0,18,2,6,0,0,0,0,0,0,1,1,6,1,60,9,-1,-1,-1,-1,-1,-1,-1,0
Unvalidated,2024552400255,2024,552400255,2,19,0,18,6,2,0,0,0,0,0,0,1,1,1,2,33,6,-1,-1,-1,-1,7,2,E01020546,0
Unvalidated,2024552400256,2024,552400256,1,19,0,2,0,0,0,0,0,0,0,0,4,1,1,3,-1,-1,-1,-1,-1,-1,-1,-1,-1,0
Unvalidated,2024552400257,2024,552400257,1,9,0,18,7,3,0,1,0,0,0,0,1,1,6,3,-1,-1,-1,-1,-1,-1,-1,-1,-1,0
Unvalidated,2024552400257,2024,552400257,2,19,0,18,7,3,0,1,0,0,0,0,2,1,1,1,40,7,-1,-1,-1,-1,6,1,E01020516,0
Unvalidated,2024552400258,2024,552400258,1,9,0,13,4,8,0,0,0,0,0,0,1,1,2,1,28,6,-1,-1,-1,-1,6,3,E01020534,0
Unvalidated,2024552400258,2024,552400258,2,9,0,18,8,4,0,0,0,0,0,0,1,1,2,1,50,8,-1,-1,-1,-1,6,3,E01029121,0
Unvalidated,2024552400258,2024,552400258,3,21,0,18,4,8,0,0,0,0,0,0,0,1,1,1,62,9,-1,-1,-1,-1,3,1,E01020556,0
Unvalidated,2024552400259,2024,552400259,1,9,0,18,8,4,0,0,0,0,0,0,1,1,6,3,-1,-1,-1,-1,-1,-1,-1,-1,-1,0
Unvalidated,2024552400259,2024,552400259,2,3,0,4,8,4,0,0,0,0,0,0,2,1,2,1,22,5,-1,-1,-1,-1,5,1,E01015345,0
Unvalidated,2024552400260,2024,552400260,1,9,0,18,7,3,0,0,0,0,0,0,1,1,6,1,37,7,-1,-1,-1,-1,7,1,E01031782,0
Unvalidated,2024552400260,2024,552400260,2,9,0,4,7,3,0,0,0,0,0,0,2,1,6,1,39,7,-1,-1,-1,-1,8,1,E01018884,0
Unvalidated,2024552400260,2024,552400260,3,9,0,18,3,7,0,0,0,0,0,0,1,1,6,2,34,6,-1,-1,-1,-1,8,1,E01032651,0
Unvalidated,2024552400261,2024,552400261,1,9,0,9,7,5,0,5,0,0,0,0,3,1,6,1,79,11,-1,-1,-1,-1,7,3,E01014772,0
Unvalidated,2024552400261,2024,552400261,2,5,0,18,3,7,0,8,0,0,0,0,1,1,6,1,32,6,-1,-1,-1,-1,-1,-1,-1,0
Unvalidated,2024552400262,2024,552400262,1,19,0,18,5,1,0,0,0,0,0,0,4,1,6,3,-1,-1,-1,-1,-1,-1,-1,-1,-1,0
Unvalidated,2024552400264,2024,552400264,1,9,0,18,7,3,0,6,0,0,0,0,3,1,6,1,58,9,-1,-1,-1,-1,5,2,E01029154,0
Unvalidated,2024552400264,2024,552400264,2,9,0,18,5,1,0,8,0,0,0,0,1,1,6,2,30,6,-1,-1,-1,-1,7,3,E01029155,0
Unvalidated,2024552400266,2024,552400266,1,9,0,18,3,7,0,0,1,0,1,2,1,1,6,2,23,5,-1,-1,-1,-1,6,3,E01020442,0
Unvalidated,2024552400267,2024,552400267,1,9,0,18,6,2,0,8,0,0,7,1,3,1,2,1,20,4,-1,-1,-1,-1,6,3,E01020398,0
Unvalidated,2024552400267,2024,552400267,2,9,0,18,4,8,0,8,0,0,0,0,1,1,6,1,52,8,-1,-1,-1,-1,4,2,E01020438,0
Unvalidated,2024552400268,2024,552400268,1,9,0,7,5,8,9,0,0,0,7,3,1,1,2,1,22,5,-1,-1,-1,-1,1,1,E01015307,0
Unvalidated,2024552400269,2024,552400269,1,1,0,18,3,7,0,8,0,10,0,0,0,1,6,2,33,6,-1,-1,-1,-1,-1,-1,-1,0
Unvalidated,2024552400270,2024,552400270,1,9,0,18,1,5,0,3,0,0,0,0,1,1,6,3,-1,-1,-1,-1,-1,-1,-1,-1,-1,0
Unvalidated,2024552400270,2024,552400270,2,1,0,18,3,7,0,8,0,0,0,0,3,1,4,1,13,3,-1,-1,-1,-1,9,1,E01015388,0
Unvalidated,2024552400272,2024,552400272,1,4,0,18,2,6,0,0,1,0,0,0,0,1,2,1,22,5,-1,-1,-1,-1,1,1,E01020555,0
Unvalidated,2024552400274,2024,552400274,1,9,0,1,3,7,0,6,0,0,0,0,2,1,6,1,33,6,-1,-1,-1,-1,6,1,E01015438,0
Unvalidated,2024552400274,2024,552400274,2,4,0,18,2,6,0,8,0,0,0,0,4,1,2,1,37,7,-1,-1,-1,-1,3,1,E01015283,0
Unvalidated,2024552400275,2024,552400275,1,19,0,9,5,2,0,6,0,0,0,0,3,1,1,1,37,7,-1,-1,-1,-1,4,1,E01017270,0
Unvalidated,2024552400275,2024,552400275,2,1,0,18,2,6,0,8,0,0,0,0,1,1,6,2,53,8,-1,-1,-1,-1,9,1,E01020524,0
Unvalidated,2024552400276,2024,552400276,1,20,1,7,7,1,0,8,0,0,0,0,4,1,1,1,25,5,-1,-1,-1,-1,6,1,E01015462,0
Unvalidated,2024552400276,2024,552400276,2,1,0,7,7,1,0,8,0,0,0,0,3,1,6,1,72,10,-1,-1,-1,-1,6,1,E01015440,0
Unvalidated,2024552400277,2024,552400277,1,9,0,13,8,4,0,8,0,0,0,0,4,1,6,2,62,9,-1,-1,-1,-1,7,1,E01032641,0
Unvalidated,2024552400277,2024,552400277,2,1,0,9,8,7,0,5,0,0,0,0,3,1,6,1,39,7,-1,-1,-1,-1,6,1,E01020586,0
Unvalidated,2024552400278,2024,552400278,1,9,0,5,1,5,9,6,0,4,3,11,1,1,6,2,96,11,-1,-1,-1,-1,7,3,E01020440,0
Unvalidated,2024552400278,2024,552400278,2,9,0,2,0,0,0,8,0,0,0,0,4,1,6,3,-1,-1,-1,-1,-1,-1,-1,-1,-1,0
Unvalidated,2024552400279,2024,552400279,1,9,0,5,7,3,5,6,0,0,0,0,1,1,6,2,55,8,-1,-1,-1,-1,4,1,E01020551,0
Unvalidated,2024552400279,2024,552400279,2,1,0,17,6,4,5,8,0,0,0,0,4,1,6,1,63,9,-1,-1,-1,-1,1,1,E01020552,0
Unvalidated,2024552400280,2024,552400280,1,9,0,18,3,7,0,6,0,0,0,0,1,1,6,1,33,6,-1,-1,-1,-1,9,1,E01015431,0
Unvalidated,2024552400280,2024,552400280,2,9,0,18,5,1,0,8,0,0,0,0,3,1,2,2,39,7,-1,-1,-1,-1,10,1,E01015459,0
Unvalidated,2024552400282,2024,552400282,1,9,0,18,8,4,0,0,0,0,0,0,1,1,6,1,68,10,-1,-1,-1,-1,6,2,E01029228,0
Unvalidated,2024552400282,2024,552400282,2,9,0,3,8,4,0,0,0,0,0,0,2,1,2,1,39,7,-1,-1,-1,-1,4,1,E01020483,0
Unvalidated,2024552400282,2024,552400282,3,9,0,3,8,4,0,0,0,0,0,0,2,1,2,2,25,5,-1,-1,-1,-1,7,2,E01020436,0
Unvalidated,2024552400283,2024,552400283,1,9,0,1,5,1,0,6,0,0,0,0,2,1,6,2,48,8,-1,-1,-1,-1,9,1,E01015419,0
Unvalidated,2024552400283,2024,552400283,2,5,0,18,4,8,0,8,0,0,0,0,1,1,6,2,24,5,-1,-1,-1,-1,3,1,E01015415,0
Unvalidated,2024552400284,2024,552400284,1,9,0,18,6,2,0,0,0,0,0,0,1,1,6,1,42,7,-1,-1,-1,-1,4,2,E01020485,0
Unvalidated,2024552400284,2024,552400284,2,9,0,3,6,2,0,0,0,0,0,0,2,1,2,1,44,7,-1,-1,-1,-1,4,1,E01015420,0
Unvalidated,2024552400285,2024,552400285,1,2,0,18,4,8,0,0,0,0,0,0,0,1,6,1,16,4,-1,-1,-1,-1,7,1,E01015352,0
Unvalidated,2024552400286,2024,552400286,1,20,0,7,3,6,0,4,0,0,0,0,3,1,1,3,-1,-1,-1,-1,-1,-1,-1,-1,-1,0
Unvalidated,2024552400286,2024,552400286,2,3,0,18,2,6,0,8,0,0,0,0,1,1,6,1,29,6,-1,-1,-1,-1,7,1,E01020359,0
Unvalidated,2024552400287,2024,552400287,1,9,0,9,7,4,0,6,0,0,0,0,3,1,2,1,29,6,-1,-1,-1,-1,6,3,E01020510,0
Unvalidated,2024552400287,2024,552400287,2,9,0,18,4,8,0,1,0,0,0,0,1,1,2,2,31,6,-1,-1,-1,-1,6,2,E01020510,0
Unvalidated,2024552400288,2024,552400288,1,9,0,7,6,8,0,5,0,0,0,0,1,1,6,1,77,11,-1,-1,-1,-1,2,1,E01015304,0
Unvalidated,2024552400288,2024,552400288,2,22,0,18,6,2,0,8,5,0,0,0,3,1,6,2,44,7,-1,-1,-1,-1,2,1,E01015312,0
Unvalidated,2024552400289,2024,552400289,1,9,0,18,6,2,0,3,0,0,4,6,3,1,6,1,67,10,-1,-1,-1,-1,7,1,E01020354,0
Unvalidated,2024552400290,2024,552400290,1,3,0,18,6,2,0,0,0,0,0,0,1,1,6,1,15,3,-1,-1,-1,-1,3,1,E01015293,0
Unvalidated,2024552400290,2024,552400290,2,9,0,4,6,2,0,0,0,0,0,0,3,1,6,2,72,10,-1,-1,-1,-1,6,1,E01015291,0
Unvalidated,2024552400291,2024,552400291,1,9,0,18,1,5,0,0,1,0,1,11,1,1,6,1,28,6,-1,-1,-1,-1,7,1,E01015408,0
Unvalidated,2024552400292,2024,552400292,1,9,0,18,8,4,0,0,0,0,0,0,3,1,3,2,30,6,-1,-1,-1,-1,3,1,E01015426,0
Unvalidated,2024552400293,2024,552400293,1,9,0,18,2,6,0,0,0,0,0,0,1,1,2,1,60,9,-1,-1,-1,-1,7,2,E01020436,0
Unvalidated,2024552400294,2024,552400294,1,9,0,7,2,4,0,6,0,0,0,0,4,1,3,2,26,6,-1,-1,-1,-1,5,1,E01020412,0
Unvalidated,2024552400294,2024,552400294,2,9,0,18,4,8,0,8,0,0,1,4,1,1,3,1,38,7,-1,-1,-1,-1,-1,-1,-1,0
Unvalidated,2024552400295,2024,552400295,1,1,0,18,8,4,0,3,0,0,0,0,0,1,6,1,34,6,-1,-1,-1,-1,2,1,E01015280,0
Unvalidated,2024552400296,2024,552400296,1,3,0,18,8,4,0,1,1,0,0,0,1,1,2,1,33,6,-1,-1,-1,-1,5,1,E01015375,0
Unvalidated,2024552400296,2024,552400296,2,9,0,3,8,4,0,1,0,0,0,0,2,1,6,2,43,7,-1,-1,-1,-1,8,1,E01015333,0
Unvalidated,2024552400297,2024,552400297,1,5,0,18,2,6,0,0,0,0,0,0,0,1,2,1,57,9,-1,-1,-1,-1,5,1,E01015461,0
Unvalidated,2024552400298,2024,552400298,1,9,0,18,8,4,0,0,0,0,0,0,3,1,2,2,57,9,-1,-1,-1,-1,7,1,E01020359,0
Unvalidated,2024552400298,2024,552400298,2,21,0,18,4,8,0,0,0,0,0,0,3,1,1,1,42,7,-1,-1,-1,-1,4,1,E01020346,0
Unvalidated,2024552400298,2024,552400298,3,21,0,18,4,8,0,0,0,0,0,0,3,1,1,1,48,8,-1,-1,-1,-1,3,1,E01015305,0
Unvalidated,2024552400299,2024,552400299,1,5,0,7,1,3,0,3,0,0,0,0,1,1,6,1,19,4,-1,-1,-1,-1,10,1,E01023209,0
Unvalidated,2024552400299,2024,552400299,2,9,0,4,5,3,0,3,0,0,0,0,2,1,6,1,35,6,-1,-1,-1,-1,5,1,E01015423,0
Unvalidated,2024552400300,2024,552400300,1,9,0,12,6,2,0,0,0,0,0,0,3,1,2,2,54,8,-1,-1,-1,-1,8,1,E01020376,0
Unvalidated,2024552400300,2024,552400300,2,5,0,18,6,2,0,0,0,0,0,0,4,1,2,1,26,6,-1,-1,-1,-1,5,1,E01015435,0
Unvalidated,2024552400301,2024,552400301,1,9,0,18,3,7,0,0,0,0,0,0,1,1,2,1,39,7,-1,-1,-1,-1,9,1,E01022525,0
Unvalidated,2024552400301,2024,552400301,2,9,0,4,3,7,0,0,0,0,1,9,2,1,2,2,33,6,-1,-1,-1,-1,3,1,E01033241,0
Unvalidated,2024552400302,2024,552400302,1,17,0,5,7,3,0,0,0,4,0,0,1,1,6,1,22,5,-1,-1,-1,-1,10,1,E01029244,0
Unvalidated,2024552400302,2024,552400302,2,17,0,2,0,0,0,0,0,0,0,0,2,1,6,3,-1,-1,-1,-1,-1,-1,-1,-1,-1,0
Unvalidated,2024552400303,2024,552400303,1,90,0,18,1,5,0,8,0,0,0,0,1,1,6,1,32,6,-1,-1,-1,-1,5,1,E01015286,1
Unvalidated,2024552400303,2024,552400303,2,9,0,18,7,3,0,8,0,0,0,0,1,1,2,2,34,6,-1,-1,-1,-1,3,1,E01015449,0
Unvalidated,2024552400304,2024,552400304,1,9,0,5,2,6,0,4,0,0,0,0,1,1,6,2,22,5,-1,-1,-1,-1,2,1,E01015430,0
Unvalidated,2024552400305,2024,552400305,1,9,0,18,1,5,0,1,0,0,0,0,1,1,2,2,63,9,-1,-1,-1,-1,4,1,E01015382,0
Unvalidated,2024552400305,2024,552400305,2,9,0,3,1,5,0,1,0,0,0,0,2,1,2,2,61,9,-1,-1,-1,-1,9,1,E01015356,0
Unvalidated,2024552400305,2024,552400305,3,9,0,10,1,7,0,5,0,0,0,0,2,1,2,2,32,6,-1,-1,-1,-1,6,1,E01015368,0
Unvalidated,2024552400307,2024,552400307,1,9,0,7,4,6,0,8,0,0,1,10,1,1,1,2,31,6,-1,-1,-1,-1,5,1,E01015441,0
Unvalidated,2024552400308,2024,552400308,1,9,0,18,8,4,0,8,0,0,0,0,1,1,6,1,52,8,-1,-1,-1,-1,6,1,E01015402,0
Unvalidated,2024552400308,2024,552400308,2,1,0,9,6,4,0,8,0,0,0,0,2,1,6,1,53,8,-1,-1,-1,-1,7,1,E01015446,0
Unvalidated,2024552400309,2024,552400309,1,19,0,5,1,5,0,4,0,0,0,0,1,1,6,2,57,9,-1,-1,-1,-1,6,3,E01020441,0
Unvalidated,2024552400309,2024,552400309,2,9,0,9,7,5,0,8,0,0,0,0,4,1,6,2,38,7,-1,-1,-1,-1,6,1,E01015438,0
Unvalidated,2024552400310,2024,552400310,1,9,0,18,2,6,0,0,2,0,7,10,0,1,6,2,25,5,-1,-1,-1,-1,7,3,E01020549,0
Unvalidated,2024552400311,2024,552400311,1,9,0,9,6,4,0,5,0,0,0,0,4,1,6,1,26,6,-1,-1,-1,-1,-1,-1,-1,0
Unvalidated,2024552400311,2024,552400311,2,5,0,18,2,6,0,8,0,0,0,0,1,1,6,1,61,9,-1,-1,-1,-1,4,1,E01015339,0
Unvalidated,2024552400312,2024,552400312,1,5,0,18,3,7,0,0,0,12,0,0,1,1,2,2,36,7,-1,-1,-1,-1,8,1,E01014373,0
Unvalidated,2024552400313,2024,552400313,1,19,0,18,7,3,0,0,0,12,0,0,1,1,1,1,49,8,-1,-1,-1,-1,8,1,E01020514,0
Unvalidated,2024552400314,2024,552400314,1,19,0,13,2,4,0,8,0,0,0,0,4,1,1,1,58,9,-1,-1,-1,-1,6,3,E01020531,0
Unvalidated,2024552400314,2024,552400314,2,9,0,9,8,6,0,5,0,0,0,0,3,1,6,2,36,7,-1,-1,-1,-1,10,2,E01028736,0
Unvalidated,2024552400315,2024,552400315,1,19,0,9,3,1,0,6,0,0,0,0,0,1,6,3,-1,-1,-1,-1,-1,-1,-1,-1,-1,0
Unvalidated,2024552400315,2024,552400315,2,9,0,18,5,1,0,8,0,0,0,0,0,1,6,2,66,10,-1,-1,-1,-1,6,1,E01020561,0
Unvalidated,2024552400317,2024,552400317,1,9,0,17,4,1,0,6,0,0,0,0,1,1,1,3,-1,-1,-1,-1,-1,-1,-1,-1,-1,0
Unvalidated,2024552400318,2024,552400318,1,90,0,18,7,3,0,6,0,0,0,0,4,1,6,1,25,5,-1,-1,-1,-1,10,1,E01015398,1
Unvalidated,2024552400318,2024,552400318,2,19,0,18,2,6,0,8,0,0,0,0,1,1,6,1,62,9,-1,-1,-1,-1,8,1,E01020376,0
Unvalidated,2024552400319,2024,552400319,1,9,0,4,6,2,0,4,0,0,0,0,1,1,6,3,-1,-1,-1,-1,-1,-1,-1,-1,-1,0
Unvalidated,2024552400319,2024,552400319,2,3,0,3,6,2,0,4,0,0,0,0,2,1,6,1,24,5,-1,-1,-1,-1,6,1,E01015355,0
Unvalidated,2024552400320,2024,552400320,1,97,0,13,8,4,3,0,0,0,0,0,4,1,6,3,-1,-1,-1,-1,-1,-1,-1,-1,-1,0
Unvalidated,2024552400320,2024,552400320,2,3,0,18,8,4,2,0,0,0,0,0,3,1,6,1,30,6,-1,-1,-1,-1,8,1,E01020475,0
Unvalidated,2024552400321,2024,552400321,1,9,0,18,5,1,0,1,0,0,0,0,1,1,6,2,60,9,-1,-1,-1,-1,9,1,E01020421,0
Unvalidated,2024552400321,2024,552400321,2,9,0,3,5,1,0,1,0,0,0,0,2,1,6,2,26,6,-1,-1,-1,-1,5,3,E01020410,0
Unvalidated,2024552400322,2024,552400322,1,9,0,18,7,3,0,0,1,0,1,4,1,1,6,2,51,8,-1,-1,-1,-1,9,1,E01015412,0
Unvalidated,2024552400323,2024,552400323,1,9,0,9,8,6,0,6,0,0,0,0,3,1,6,3,-1,-1,-1,-1,-1,-1,-1,-1,-1,0
Unvalidated,2024552400323,2024,552400323,2,9,0,18,6,2,0,8,0,0,0,0,1,1,6,2,34,6,-1,-1,-1,-1,6,3,E01020534,0
Unvalidated,2024552400324,2024,552400324,1,9,0,18,7,3,0,0,0,0,0,0,1,1,6,1,24,5,-1,-1,-1,-1,5,3,E01020506,0
Unvalidated,2024552400324,2024,552400324,2,9,0,18,3,7,0,0,0,0,0,0,1,1,6,2,52,8,-1,-1,-1,-1,4,2,E01029183,0
Unvalidated,2024552400325,2024,552400325,1,9,0,1,1,5,0,0,0,0,0,0,4,1,1,1,23,5,-1,-1,-1,-1,5,1,E01020577,0
Unvalidated,2024552400326,2024,552400326,1,20,0,18,8,4,0,8,1,0,7,4,1,1,1,1,38,7,-1,-1,-1,-1,3,1,E01011261,0
Unvalidated,2024552400327,2024,552400327,1,3,0,18,7,3,0,0,0,0,0,0,0,1,6,1,29,6,-1,-1,-1,-1,5,2,E01020459,0
Unvalidated,2024552400329,2024,552400329,1,9,0,18,4,8,0,0,0,0,0,0,4,1,6,1,28,6,-1,-1,-1,-1,7,1,E01015416,0
Unvalidated,2024552400330,2024,552400330,1,9,0,18,8,4,0,0,0,4,0,0,1,1,6,1,39,7,-1,-1,-1,-1,4,1,E01015443,0
Unvalidated,2024552400330,2024,552400330,2,9,0,2,0,0,0,0,0,0,0,0,1,1,6,3,-1,-1,-1,-1,-1,-1,-1,-1,-1,0
Unvalidated,2024552400331,2024,552400331,1,9,0,13,2,6,0,0,0,0,0,0,4,1,6,3,-1,-1,-1,-1,-1,-1,-1,-1,-1,0
Unvalidated,2024552400331,2024,552400331,2,1,0,18,2,6,0,0,0,0,0,0,3,1,2,1,54,8,-1,-1,-1,-1,5,1,E01015334,0
Unvalidated,2024552400332,2024,552400332,1,3,0,18,4,8,0,0,1,0,0,0,0,1,6,2,17,4,-1,-1,-1,-1,5,2,E01029226,0
Unvalidated,2024552400333,2024,552400333,1,3,0,18,4,8,9,0,0,10,1,0,0,1,6,1,22,5,-1,-1,-1,-1,3,1,E01015439,0
Unvalidated,2024552400334,2024,552400334,1,4,0,18,4,8,0,0,0,0,0,0,1,1,6,1,72,10,-1,-1,-1,-1,10,1,E01020418,0
Unvalidated,2024552400335,2024,552400335,1,19,0,18,1,5,0,6,0,0,0,0,1,1,2,1,57,9,-1,-1,-1,-1,5,1,E01015346,0
Unvalidated,2024552400335,2024,552400335,2,3,0,18,7,3,0,8,0,0,0,0,4,1,6,1,31,6,-1,-1,-1,-1,7,1,E01015376,0