status,collision_index,collision_year,collision_reference,vehicle_reference,vehicle_type,towing_and_articulation,vehicle_manoeuvre,vehicle_direction_from,vehicle_direction_to,vehicle_location_restricted_lane,junction_location,skidding_and_overturning,hit_object_in_carriageway,vehicle_leaving_carriageway,hit_object_off_carriageway,first_point_of_impact,vehicle_left_hand_drive,journey_purpose_of_driver,sex_of_driver,age_of_driver,age_band_of_driver,engine_capacity_cc,propulsion_code,age_of_vehicle,generic_make_model,driver_imd_decile,driver_home_area_type,lsoa_of_driver,escooter_flag
Unvalidated,2024552400335,2024,552400335,3,19,0,2,0,0,0,8,0,0,0,0,0,1,6,1,40,7,-1,-1,-1,-1,7,1,E01020361,0
Unvalidated,2024552400336,2024,552400336,1,19,0,18,7,3,0,8,0,0,0,0,1,1,6,1,51,8,-1,-1,-1,-1,6,3,E01020452,0
Unvalidated,2024552400336,2024,552400336,2,1,0,18,5,1,0,8,0,0,0,0,4,1,6,1,57,9,-1,-1,-1,-1,9,3,E01032032,0
Unvalidated,2024552400338,2024,552400338,1,9,0,18,5,1,0,0,0,0,0,0,3,1,2,1,59,9,-1,-1,-1,-1,3,1,E01017179,0
Unvalidated,2024552400338,2024,552400338,2,9,0,18,1,5,0,0,0,0,0,0,1,1,2,2,55,8,-1,-1,-1,-1,6,2,E01020488,0
Unvalidated,2024552400339,2024,552400339,1,3,0,13,1,3,0,6,0,0,0,0,1,1,2,1,30,6,-1,-1,-1,-1,6,1,E01020586,0
Unvalidated,2024552400339,2024,552400339,2,9,0,9,1,7,0,6,0,0,0,0,3,1,6,1,54,8,-1,-1,-1,-1,6,3,E01020529,0
Unvalidated,2024552400340,2024,552400340,1,3,0,18,3,7,0,0,0,12,0,0,0,1,6,1,66,10,-1,-1,-1,-1,3,1,E01029233,0
Unvalidated,2024552400341,2024,552400341,1,2,0,18,4,8,0,0,1,0,0,0,0,1,6,1,16,4,-1,-1,-1,-1,5,1,E01015456,0
Unvalidated,2024552400342,2024,552400342,1,9,0,9,4,2,0,6,0,0,0,0,3,1,6,2,42,7,-1,-1,-1,-1,3,1,E01015439,0
Unvalidated,2024552400342,2024,552400342,2,3,0,14,2,6,0,8,0,0,0,0,1,1,2,1,17,4,-1,-1,-1,-1,7,1,E01020375,0
Unvalidated,2024552400343,2024,552400343,1,19,0,7,1,3,0,5,0,0,0,0,4,1,6,1,62,9,-1,-1,-1,-1,8,1,E01020579,0
Unvalidated,2024552400344,2024,552400344,1,9,0,9,2,1,0,5,0,0,0,0,4,1,6,1,37,7,-1,-1,-1,-1,1,1,E01015282,0
Unvalidated,2024552400344,2024,552400344,2,3,0,18,6,2,0,8,0,0,0,0,1,1,6,1,20,4,-1,-1,-1,-1,2,1,E01015312,0
Unvalidated,2024552400345,2024,552400345,1,9,0,18,3,7,0,0,0,0,1,10,4,1,6,1,21,5,-1,-1,-1,-1,5,1,E01020587,0
Unvalidated,2024552400347,2024,552400347,1,19,0,18,4,8,0,0,0,0,0,0,1,1,1,1,58,9,-1,-1,-1,-1,7,1,E01015387,0
Unvalidated,2024552400348,2024,552400348,1,9,0,7,4,6,0,6,0,0,0,0,3,1,6,1,30,6,-1,-1,-1,-1,7,3,E01020539,0
Unvalidated,2024552400348,2024,552400348,2,19,0,9,6,4,0,5,0,0,0,0,3,1,6,1,45,7,-1,-1,-1,-1,3,1,E01015442,0
Unvalidated,2024552400349,2024,552400349,1,9,0,9,4,2,0,5,0,0,0,0,1,1,6,2,78,11,-1,-1,-1,-1,5,1,E01024393,0
Unvalidated,2024552400349,2024,552400349,2,1,0,9,4,2,0,5,0,0,0,0,3,1,6,1,43,7,-1,-1,-1,-1,8,1,E01020579,0
Unvalidated,2024552400350,2024,552400350,1,9,0,7,7,1,0,5,0,0,0,0,4,1,6,2,39,7,-1,-1,-1,-1,7,1,E01015457,0
Unvalidated,2024552400350,2024,552400350,2,1,0,5,7,3,0,8,0,0,0,0,1,1,6,1,22,5,-1,-1,-1,-1,3,1,E01015386,0
Unvalidated,2024552400351,2024,552400351,1,9,0,18,8,4,0,8,0,0,0,0,1,1,6,1,55,8,-1,-1,-1,-1,6,3,E01023026,0
Unvalidated,2024552400351,2024,552400351,2,9,0,10,4,1,0,1,0,0,0,0,3,1,2,2,41,7,-1,-1,-1,-1,3,1,E01015273,0
Unvalidated,2024552400351,2024,552400351,3,9,0,10,4,1,0,1,0,0,0,0,1,1,6,1,35,6,-1,-1,-1,-1,5,1,E01015374,0
Unvalidated,2024552400352,2024,552400352,1,9,0,18,8,4,0,0,0,0,0,0,1,1,6,2,52,8,-1,-1,-1,-1,6,3,E01020462,0
Unvalidated,2024552400352,2024,552400352,2,9,0,18,8,4,0,0,0,0,0,0,2,1,2,1,31,6,-1,-1,-1,-1,8,2,E01020455,0
Unvalidated,2024552400353,2024,552400353,1,9,0,9,8,6,0,6,0,0,0,0,3,1,6,1,40,7,-1,-1,-1,-1,4,1,E01015382,0
Unvalidated,2024552400353,2024,552400353,2,1,0,10,2,8,0,5,0,0,0,0,2,1,6,1,23,5,-1,-1,-1,-1,2,1,E01015384,0
Unvalidated,2024552400354,2024,552400354,1,9,0,18,8,4,0,0,0,0,0,0,1,1,6,2,30,6,-1,-1,-1,-1,8,1,E01020369,0
Unvalidated,2024552400355,2024,552400355,1,9,0,18,5,1,0,1,0,0,0,0,1,1,6,2,18,4,-1,-1,-1,-1,7,2,E01020546,0
Unvalidated,2024552400355,2024,552400355,2,9,0,18,3,7,0,8,0,0,0,0,4,1,6,1,62,9,-1,-1,-1,-1,6,1,E01029231,0
Unvalidated,2024552400356,2024,552400356,1,9,0,13,4,8,0,0,0,0,0,0,4,1,6,1,52,8,-1,-1,-1,-1,2,1,E01015288,0
Unvalidated,2024552400356,2024,552400356,2,1,0,18,4,8,0,0,0,0,0,0,3,1,6,1,17,4,-1,-1,-1,-1,10,1,E01015458,0
Unvalidated,2024552400357,2024,552400357,1,2,0,7,4,5,0,5,0,0,0,0,1,1,6,1,16,4,-1,-1,-1,-1,4,1,E01020571,0
Unvalidated,2024552400357,2024,552400357,2,2,0,7,4,5,0,5,0,0,0,0,1,1,6,1,16,4,-1,-1,-1,-1,6,1,E01020586,0
Unvalidated,2024552400357,2024,552400357,3,3,0,7,4,5,0,5,0,0,0,0,2,1,6,1,18,4,-1,-1,-1,-1,3,2,E01020564,0
Unvalidated,2024552400358,2024,552400358,1,9,0,16,4,7,0,0,2,0,1,0,0,1,6,1,18,4,-1,-1,-1,-1,6,2,E01032037,0
Unvalidated,2024552400358,2024,552400358,2,9,0,16,4,7,0,0,2,0,1,4,1,1,6,1,18,4,-1,-1,-1,-1,7,3,E01020440,0
Unvalidated,2024552400359,2024,552400359,1,9,0,9,5,3,0,5,0,0,0,0,1,1,6,1,75,10,-1,-1,-1,-1,3,1,E01020502,0
Unvalidated,2024552400359,2024,552400359,2,22,0,18,5,1,0,8,0,0,0,0,4,1,6,2,80,11,-1,-1,-1,-1,1,1,E01021500,0
Unvalidated,2024552400360,2024,552400360,1,9,0,9,2,8,0,6,0,0,0,0,4,1,6,1,74,10,-1,-1,-1,-1,10,1,E01030986,0
Unvalidated,2024552400360,2024,552400360,2,9,0,18,4,8,0,8,0,0,1,10,3,1,6,2,35,6,-1,-1,-1,-1,5,2,E01029185,0
Unvalidated,2024552400361,2024,552400361,1,9,0,9,3,2,0,6,0,0,0,0,3,1,6,1,56,9,-1,-1,-1,-1,7,1,E01011155,0
Unvalidated,2024552400361,2024,552400361,2,3,0,18,2,6,0,8,0,0,0,0,1,1,6,1,22,5,-1,-1,-1,-1,5,1,E01015329,0
Unvalidated,2024552400362,2024,552400362,1,9,0,18,6,2,0,0,0,0,0,0,4,1,2,1,44,7,-1,-1,-1,-1,10,1,E01015400,0
Unvalidated,2024552400362,2024,552400362,2,90,0,18,6,2,0,0,0,0,0,0,1,1,1,1,60,9,-1,-1,-1,-1,5,3,E01020389,0
Unvalidated,2024552400363,2024,552400363,1,9,0,9,7,5,0,6,0,0,0,0,4,1,6,3,-1,-1,-1,-1,-1,-1,-1,-1,-1,0
Unvalidated,2024552400363,2024,552400363,2,1,0,18,1,5,0,8,0,0,0,0,1,1,6,1,16,4,-1,-1,-1,-1,10,1,E01020407,0
Unvalidated,2024552400364,2024,552400364,1,9,0,9,8,5,0,5,0,0,0,0,1,1,6,2,81,11,-1,-1,-1,-1,8,1,E01015320,0
Unvalidated,2024552400364,2024,552400364,2,9,0,18,4,8,0,8,0,0,0,0,1,1,2,1,22,5,-1,-1,-1,-1,7,1,E01015352,0
Unvalidated,2024552400365,2024,552400365,1,9,0,1,2,7,9,5,0,0,0,0,2,1,6,1,77,11,-1,-1,-1,-1,10,1,E01020559,0
Unvalidated,2024552400366,2024,552400366,1,9,0,18,2,6,0,0,0,0,0,0,1,1,6,3,-1,-1,-1,-1,-1,-1,-1,-1,-1,0
Unvalidated,2024552400367,2024,552400367,1,9,0,18,1,5,0,0,0,4,0,0,1,1,6,2,52,8,-1,-1,-1,-1,3,1,E01015359,0
Unvalidated,2024552400367,2024,552400367,2,21,5,2,0,0,0,0,0,0,0,0,2,1,1,1,33,6,-1,-1,-1,-1,9,1,E01022646,0
Unvalidated,2024552400368,2024,552400368,1,9,0,18,6,2,0,8,0,0,0,0,1,1,6,2,70,10,-1,-1,-1,-1,9,1,E01020385,0
Unvalidated,2024552400368,2024,552400368,2,9,0,3,6,2,0,8,0,0,0,0,2,1,2,2,50,8,-1,-1,-1,-1,7,1,E01015428,0
Unvalidated,2024552400368,2024,552400368,3,9,0,3,6,2,0,8,0,0,0,0,2,1,2,2,45,7,-1,-1,-1,-1,8,1,E01020379,0
Unvalidated,2024552400370,2024,552400370,1,9,0,18,3,7,0,8,0,0,0,0,1,1,6,1,33,6,-1,-1,-1,-1,4,1,E01032644,0
Unvalidated,2024552400370,2024,552400370,2,9,0,9,5,3,0,8,0,0,0,0,3,1,2,1,25,5,-1,-1,-1,-1,9,1,E01020421,0
Unvalidated,2024552400371,2024,552400371,1,9,0,18,6,2,0,8,0,0,0,0,1,1,6,1,24,5,-1,-1,-1,-1,7,1,E01015348,0
Unvalidated,2024552400371,2024,552400371,2,9,0,10,6,4,0,5,0,0,0,0,2,1,2,2,26,6,-1,-1,-1,-1,2,1,E01015288,0
Unvalidated,2024552400372,2024,552400372,1,9,0,18,3,7,0,8,0,0,0,0,3,1,6,1,36,7,-1,-1,-1,-1,10,1,E01020383,0
Unvalidated,2024552400372,2024,552400372,2,2,0,18,1,5,0,8,0,0,0,0,1,1,6,1,16,4,-1,-1,-1,-1,6,1,E01015337,0
Unvalidated,2024552400373,2024,552400373,1,1,0,18,4,8,0,0,0,0,0,0,1,1,6,1,58,9,-1,-1,-1,-1,9,2,E01020406,0
Unvalidated,2024552400374,2024,552400374,1,1,0,18,7,3,0,8,0,0,0,0,1,1,6,1,16,4,-1,-1,-1,-1,7,2,E01020486,0
Unvalidated,2024552400374,2024,552400374,2,9,0,4,7,3,0,8,0,0,0,0,2,1,6,2,53,8,-1,-1,-1,-1,4,2,E01020485,0
Unvalidated,2024552400375,2024,552400375,1,9,0,18,2,6,0,0,1,0,8,10,3,1,6,1,27,6,-1,-1,-1,-1,9,2,E01020457,0
Unvalidated,2024552400375,2024,552400375,2,9,0,18,6,2,0,0,0,0,1,0,1,1,6,1,50,8,-1,-1,-1,-1,6,3,E01031991,0
Unvalidated,2024552400376,2024,552400376,1,9,0,18,8,4,0,8,0,0,0,0,3,1,1,1,68,10,-1,-1,-1,-1,10,1,E01022987,0
Unvalidated,2024552400377,2024,552400377,1,19,0,18,2,6,0,2,0,0,7,1,4,1,6,2,23,5,-1,-1,-1,-1,8,1,E01015447,0
Unvalidated,2024552400377,2024,552400377,2,9,0,9,4,2,0,6,0,0,0,0,3,1,6,2,63,9,-1,-1,-1,-1,5,1,E01015334,0
Unvalidated,2024552400378,2024,552400378,1,1,0,9,8,5,0,6,0,0,0,0,4,1,6,2,16,4,-1,-1,-1,-1,9,1,E01015323,0
Unvalidated,2024552400378,2024,552400378,2,90,0,18,4,8,0,2,0,0,0,0,1,1,1,2,23,5,-1,-1,-1,-1,10,1,E01015445,0
Unvalidated,2024552400379,2024,552400379,1,9,0,18,8,4,0,0,2,0,7,11,0,1,2,1,36,7,-1,-1,-1,-1,3,1,E01020502,0
Unvalidated,2024552400380,2024,552400380,1,9,0,9,8,5,0,5,0,0,0,0,4,1,6,1,45,7,-1,-1,-1,-1,6,3,E01020453,0
Unvalidated,2024552400380,2024,552400380,2,9,0,18,1,5,0,8,0,1,0,0,3,1,6,3,-1,-1,-1,-1,-1,-1,-1,-1,-1,0
Unvalidated,2024552400380,2024,552400380,3,9,0,18,4,8,0,8,0,0,0,0,1,1,6,2,27,6,-1,-1,-1,-1,6,2,E01020443,0
Unvalidated,2024552400381,2024,552400381,1,98,1,18,4,8,0,0,0,0,1,3,1,1,1,1,60,9,-1,-1,-1,-1,3,1,W01001711,0
Unvalidated,2024552400382,2024,552400382,1,9,0,18,4,8,0,0,0,0,0,0,1,1,6,1,44,7,-1,-1,-1,-1,10,1,E01031984,0
Unvalidated,2024552400382,2024,552400382,2,9,0,3,4,8,0,0,0,0,0,0,2,1,6,2,70,10,-1,-1,-1,-1,9,3,E01020446,0
Unvalidated,2024552400383,2024,552400383,1,5,0,13,6,2,0,1,0,0,0,0,1,1,6,1,35,6,-1,-1,-1,-1,9,1,E01020371,0
Unvalidated,2024552400383,2024,552400383,2,9,0,9,6,3,0,5,0,0,0,0,3,1,6,2,56,9,-1,-1,-1,-1,9,1,E01015316,0
Unvalidated,2024552400384,2024,552400384,1,5,0,18,4,8,0,0,0,0,0,0,1,1,6,1,36,7,-1,-1,-1,-1,2,1,E01020553,0
Unvalidated,2024552400384,2024,552400384,2,21,1,3,4,8,0,0,0,0,0,0,2,1,1,1,53,8,-1,-1,-1,-1,7,3,E01029214,0
Unvalidated,2024552400386,2024,552400386,1,9,3,18,2,6,0,0,4,0,1,10,1,1,6,1,75,10,-1,-1,-1,-1,7,3,E01023048,0
Unvalidated,2024552400386,2024,552400386,2,9,0,18,6,2,0,0,0,0,0,0,3,1,6,1,33,6,-1,-1,-1,-1,5,2,E01019886,0
Unvalidated,2024552400387,2024,552400387,1,9,0,18,2,6,0,0,0,0,3,0,1,1,6,1,27,6,-1,-1,-1,-1,3,1,E01015283,0
Unvalidated,2024552400388,2024,552400388,1,3,0,18,5,1,0,0,0,0,0,0,1,1,6,1,18,4,-1,-1,-1,-1,5,1,E01015377,0
Unvalidated,2024552400388,2024,552400388,2,9,0,3,5,1,0,0,0,0,0,0,2,1,6,2,24,5,-1,-1,-1,-1,7,1,E01015297,0
Unvalidated,2024552400389,2024,552400389,1,3,0,18,8,4,0,0,0,0,0,0,0,1,6,1,24,5,-1,-1,-1,-1,6,1,E01020516,0
Unvalidated,2024552400390,2024,552400390,1,9,0,18,8,4,0,0,0,0,0,0,1,1,2,1,33,6,-1,-1,-1,-1,10,1,E01029244,0
Unvalidated,2024552400390,2024,552400390,2,9,0,3,8,4,0,0,0,0,0,0,2,1,2,2,30,6,-1,-1,-1,-1,8,1,E01029246,0
Unvalidated,2024552400391,2024,552400391,1,9,0,18,8,4,0,0,5,4,0,0,3,1,6,1,50,8,-1,-1,-1,-1,1,1,E01015290,0
Unvalidated,2024552400391,2024,552400391,2,9,0,2,0,0,0,0,0,0,0,0,3,1,6,3,-1,-1,-1,-1,-1,-1,-1,-1,-1,0
Unvalidated,2024552400391,2024,552400391,3,9,0,2,0,0,0,0,0,0,0,0,3,1,6,3,-1,-1,-1,-1,-1,-1,-1,-1,-1,0
Unvalidated,2024552400391,2024,552400391,4,9,0,2,0,0,0,0,0,0,0,0,3,1,6,3,-1,-1,-1,-1,-1,-1,-1,-1,-1,0
Unvalidated,2024552400392,2024,552400392,1,9,0,18,4,8,0,0,1,0,8,4,3,1,6,1,18,4,-1,-1,-1,-1,9,1,E01020580,0
Unvalidated,2024552400393,2024,552400393,1,9,0,15,8,4,0,8,0,0,0,0,1,1,6,1,72,10,-1,-1,-1,-1,8,1,E01015298,0
Unvalidated,2024552400393,2024,552400393,2,9,0,7,8,1,0,5,0,0,0,0,4,1,6,2,54,8,-1,-1,-1,-1,10,2,E01023052,0
Unvalidated,2024552400394,2024,552400394,1,9,0,9,8,6,0,6,0,0,0,0,4,1,6,2,63,9,-1,-1,-1,-1,4,1,E01015372,0
Unvalidated,2024552400394,2024,552400394,2,9,0,18,2,6,0,8,0,0,0,0,1,1,6,2,21,5,-1,-1,-1,-1,5,1,E01033288,0
Unvalidated,2024552400395,2024,552400395,1,9,0,18,1,5,0,0,0,0,0,0,1,1,2,2,56,9,-1,-1,-1,-1,8,1,E01015447,0
Unvalidated,2024552400395,2024,552400395,2,9,0,4,1,5,0,0,0,0,0,0,2,1,2,2,38,7,-1,-1,-1,-1,10,1,E01020378,0
Unvalidated,2024552400396,2024,552400396,1,3,0,18,4,8,0,0,0,0,7,10,1,1,6,1,25,5,-1,-1,-1,-1,10,1,E01020395,0
Unvalidated,2024552400397,2024,552400397,1,9,0,9,4,2,0,5,0,0,0,0,4,1,6,2,42,7,-1,-1,-1,-1,9,2,E01023227,0
Unvalidated,2024552400397,2024,552400397,2,9,0,18,8,4,0,8,0,0,0,0,1,1,2,1,57,9,-1,-1,-1,-1,7,1,E01020429,0
Unvalidated,2024552400399,2024,552400399,1,9,0,18,2,6,0,1,0,0,3,10,1,1,6,2,71,10,-1,-1,-1,-1,7,3,E01020540,0
Unvalidated,2024552400400,2024,552400400,1,9,0,16,4,7,0,0,1,0,1,4,4,1,6,1,32,6,-1,-1,-1,-1,7,3,E01020538,0
Unvalidated,2024552400401,2024,552400401,1,19,0,9,1,7,0,5,0,0,0,0,4,1,6,1,52,8,-1,-1,-1,-1,3,1,E01015273,0
Unvalidated,2024552400401,2024,552400401,2,3,0,18,5,1,0,8,0,0,0,0,1,1,6,1,31,6,-1,-1,-1,-1,3,1,E01015310,0
Unvalidated,2024552400402,2024,552400402,1,9,0,18,6,2,0,1,0,0,0,0,1,1,6,2,71,10,-1,-1,-1,-1,6,1,E01020528,0
Unvalidated,2024552400402,2024,552400402,2,9,0,3,6,2,0,1,0,0,0,0,2,1,6,1,36,7,-1,-1,-1,-1,6,1,E01020516,0
Unvalidated,2024552400403,2024,552400403,1,9,0,18,2,6,0,8,0,0,0,0,1,1,6,2,66,10,-1,-1,-1,-1,2,1,E01020582,0
Unvalidated,2024552400403,2024,552400403,2,19,0,18,6,2,0,8,1,0,0,0,1,1,1,1,43,7,-1,-1,-1,-1,4,1,E01020585,0
Unvalidated,2024552400404,2024,552400404,1,9,0,9,2,8,4,5,0,0,0,0,4,1,6,1,33,6,-1,-1,-1,-1,1,1,E01015313,0
Unvalidated,2024552400404,2024,552400404,2,1,0,18,6,2,4,8,0,0,0,0,1,1,2,1,40,7,-1,-1,-1,-1,9,1,E01015316,0
Unvalidated,2024552400405,2024,552400405,1,9,0,9,7,5,0,8,0,0,0,0,1,1,6,1,77,11,-1,-1,-1,-1,4,1,E01032645,0
Unvalidated,2024552400406,2024,552400406,1,9,0,1,4,8,0,0,0,0,0,0,2,1,6,1,79,11,-1,-1,-1,-1,5,1,E01015421,0
Unvalidated,2024552400407,2024,552400407,1,9,0,18,1,5,0,8,0,0,0,0,3,1,6,2,52,8,-1,-1,-1,-1,9,1,E01015351,0
Unvalidated,2024552400407,2024,552400407,2,3,0,18,3,7,0,8,0,0,0,0,1,1,6,1,18,4,-1,-1,-1,-1,6,1,E01015368,0
Unvalidated,2024552400408,2024,552400408,1,9,0,7,1,3,0,5,0,0,0,0,4,1,6,2,19,4,-1,-1,-1,-1,7,3,E01020430,0
Unvalidated,2024552400408,2024,552400408,2,3,0,18,1,5,2,8,0,0,0,0,1,1,6,2,24,5,-1,-1,-1,-1,1,1,E01020554,0
Unvalidated,2024552400409,2024,552400409,1,9,0,18,3,7,0,6,0,0,0,0,3,1,2,2,62,9,-1,-1,-1,-1,8,1,E01015320,0
Unvalidated,2024552400409,2024,552400409,2,9,0,18,5,1,0,8,0,0,0,0,1,1,6,1,44,7,-1,-1,-1,-1,3,1,E01015426,0
Unvalidated,2024552400410,2024,552400410,1,9,0,9,2,8,0,6,0,0,0,0,3,1,6,2,28,6,-1,-1,-1,-1,3,1,E01015287,0
Unvalidated,2024552400410,2024,552400410,2,5,0,18,8,4,0,8,0,0,0,0,1,1,6,1,58,9,-1,-1,-1,-1,4,1,E01015382,0
Unvalidated,2024552400411,2024,552400411,1,3,0,18,4,8,0,0,0,4,0,0,3,1,6,1,47,8,-1,-1,-1,-1,3,1,E01015294,0
Unvalidated,2024552400411,2024,552400411,2,9,0,2,0,0,0,0,0,0,0,0,3,1,6,3,-1,-1,-1,-1,-1,-1,-1,-1,-1,0
Unvalidated,2024552400412,2024,552400412,1,9,0,18,4,8,0,8,0,0,0,0,1,1,6,3,-1,-1,-1,-1,-1,-1,-1,-1,-1,0
Unvalidated,2024552400412,2024,552400412,2,17,0,17,7,4,0,8,5,0,1,2,2,1,1,1,56,9,-1,-1,-1,-1,1,1,E01015281,0
Unvalidated,2024552400413,2024,552400413,1,5,0,18,2,6,0,0,0,0,0,0,0,1,2,1,35,6,-1,-1,-1,-1,4,1,E01020574,0
Unvalidated,2024552400414,2024,552400414,1,9,0,18,1,5,0,0,0,0,0,0,0,1,2,2,40,7,-1,-1,-1,-1,8,1,E01015332,0
Unvalidated,2024552400414,2024,552400414,2,9,0,18,1,5,0,0,0,0,0,0,2,1,6,1,46,8,-1,-1,-1,-1,8,1,E01015322,0
Unvalidated,2024552400414,2024,552400414,3,9,0,18,1,5,0,0,0,0,0,0,1,1,6,2,23,5,-1,-1,-1,-1,3,1,E01015273,0
Unvalidated,2024552400415,2024,552400415,1,9,0,18,2,6,0,1,0,0,0,0,1,1,6,2,33,6,-1,-1,-1,-1,-1,-1,-1,0
Unvalidated,2024552400415,2024,552400415,2,10,0,3,2,6,0,4,0,0,0,0,2,1,6,1,77,11,-1,-1,-1,-1,10,1,E01020383,0
Unvalidated,2024552400416,2024,552400416,1,19,0,7,4,6,4,5,0,0,0,0,4,1,1,1,54,8,-1,-1,-1,-1,-1,-1,-1,0
Unvalidated,2024552400416,2024,552400416,2,1,0,18,4,8,4,8,0,0,0,0,3,1,6,1,57,9,-1,-1,-1,-1,5,1,E01020364,0
Unvalidated,2024552400418,2024,552400418,1,9,0,18,4,8,0,0,0,0,0,0,1,1,6,1,59,9,-1,-1,-1,-1,5,1,E01020368,0
Unvalidated,2024552400418,2024,552400418,2,9,0,18,8,4,0,0,0,0,0,0,1,1,6,2,49,8,-1,-1,-1,-1,7,1,E01020359,0
Unvalidated,2024552400419,2024,552400419,1,9,0,1,4,8,0,0,0,4,0,0,2,1,6,2,41,7,-1,-1,-1,-1,6,2,E01020541,0
Unvalidated,2024552400419,2024,552400419,2,9,0,2,0,0,0,0,0,0,0,0,1,1,6,1,38,7,-1,-1,-1,-1,7,3,E01020550,0
Unvalidated,2024552400421,2024,552400421,1,19,0,7,7,1,0,6,0,0,0,0,1,1,1,3,-1,-1,-1,-1,-1,-1,-1,-1,-1,0
Unvalidated,2024552400422,2024,552400422,1,19,0,7,6,8,0,4,0,0,0,0,1,1,6,1,53,8,-1,-1,-1,-1,7,1,E01015457,0
Unvalidated,2024552400422,2024,552400422,2,1,0,18,4,2,0,8,0,0,0,0,4,1,6,1,49,8,-1,-1,-1,-1,6,1,E01015331,0
Unvalidated,2024552400423,2024,552400423,1,9,0,18,6,2,0,0,0,0,0,0,1,1,6,1,83,11,-1,-1,-1,-1,8,1,E01020416,0
Unvalidated,2024552400423,2024,552400423,2,19,0,3,6,2,0,0,0,0,0,0,2,1,1,1,38,7,-1,-1,-1,-1,1,1,E01015281,0
Unvalidated,2024552400424,2024,552400424,1,9,0,18,6,2,0,0,0,0,0,0,1,1,2,2,50,8,-1,-1,-1,-1,7,1,E01015418,0
Unvalidated,2024552400424,2024,552400424,2,9,0,4,6,2,0,0,0,0,0,0,2,1,2,2,32,6,-1,-1,-1,-1,10,1,E01020426,0
Unvalidated,2024552400425,2024,552400425,1,19,0,18,3,7,0,1,0,0,0,0,1,1,6,1,27,6,-1,-1,-1,-1,6,1,E01029240,0
Unvalidated,2024552400425,2024,552400425,2,19,0,8,3,1,0,6,0,0,0,0,2,1,1,1,51,8,-1,-1,-1,-1,6,3,E01020494,0
Unvalidated,2024552400426,2024,552400426,1,9,0,5,3,6,0,6,0,0,0,0,1,1,6,2,36,7,-1,-1,-1,-1,5,1,E01015441,0
Unvalidated,2024552400426,2024,552400426,2,9,0,18,6,2,0,8,0,0,0,0,1,1,6,2,18,4,-1,-1,-1,-1,7,1,E01020345,0
Unvalidated,2024552400426,2024,552400426,3,9,0,2,0,0,0,1,0,0,0,0,3,1,6,1,35,6,-1,-1,-1,-1,3,1,E01015426,0
Unvalidated,2024552400427,2024,552400427,1,21,0,18,4,8,0,0,2,0,0,0,3,1,1,1,45,7,-1,-1,-1,-1,5,1,E01019982,0
Unvalidated,2024552400427,2024,552400427,2,20,4,18,8,4,0,0,0,0,1,10,3,1,1,1,34,6,-1,-1,-1,-1,1,1,E01015307,0
Unvalidated,2024552400429,2024,552400429,1,21,1,6,3,3,0,8,0,0,0,0,2,1,1,1,60,9,-1,-1,-1,-1,7,3,E01018128,0
Unvalidated,2024552400429,2024,552400429,2,9,0,18,3,7,0,8,0,0,1,4,1,1,6,1,28,6,-1,-1,-1,-1,-1,-1,-1,0
Unvalidated,2024552400430,2024,552400430,1,9,0,18,2,6,0,4,0,0,0,0,1,1,6,3,-1,-1,-1,-1,-1,-1,-1,-1,-1,0
Unvalidated,2024552400430,2024,552400430,2,1,0,18,8,4,0,8,0,0,0,0,4,1,2,2,33,6,-1,-1,-1,-1,8,1,E01015314,0
Unvalidated,2024552400431,2024,552400431,1,9,0,18,2,6,0,0,0,0,0,0,2,1,6,2,30,6,-1,-1,-1,-1,7,2,E01020491,0
Unvalidated,2024552400431,2024,552400431,2,9,0,18,2,6,0,0,0,0,0,0,1,1,6,2,62,9,-1,-1,-1,-1,5,3,E01026511,0
Unvalidated,2024552400431,2024,552400431,3,9,0,18,2,6,0,0,0,0,0,0,1,1,6,2,49,8,-1,-1,-1,-1,10,1,E01030898,0
Unvalidated,2024552400432,2024,552400432,1,9,0,7,4,7,0,4,0,0,0,0,1,1,6,1,34,6,-1,-1,-1,-1,9,1,E01030844,0
Unvalidated,2024552400432,2024,552400432,2,9,0,8,4,7,0,1,0,0,0,0,2,1,6,2,51,8,-1,-1,-1,-1,10,1,E01015445,0
Unvalidated,2024552400433,2024,552400433,1,9,0,18,6,2,0,0,1,10,1,11,1,1,6,1,29,6,-1,-1,-1,-1,7,2,E01020486,0
Unvalidated,2024552400434,2024,552400434,1,9,0,18,8,4,0,0,5,0,1,2,1,1,2,2,36,7,-1,-1,-1,-1,10,1,E01020383,0
Unvalidated,2024552400435,2024,552400435,1,9,0,18,2,6,0,8,0,0,0,0,1,1,6,3,-1,-1,-1,-1,-1,-1,-1,-1,-1,0
Unvalidated,2024552400435,2024,552400435,2,1,0,18,2,6,0,8,0,0,0,0,0,1,6,1,53,8,-1,-1,-1,-1,10,1,E01015396,0
Unvalidated,2024552400436,2024,552400436,1,9,0,4,3,7,0,4,0,0,0,0,1,1,6,2,29,6,-1,-1,-1,-1,3,1,E01015292,0
Unvalidated,2024552400436,2024,552400436,2,3,0,3,3,7,0,4,0,0,3,0,2,1,2,1,42,7,-1,-1,-1,-1,3,1,E01015439,0