status,collision_index,collision_year,collision_reference,vehicle_reference,vehicle_type,towing_and_articulation,vehicle_manoeuvre,vehicle_direction_from,vehicle_direction_to,vehicle_location_restricted_lane,junction_location,skidding_and_overturning,hit_object_in_carriageway,vehicle_leaving_carriageway,hit_object_off_carriageway,first_point_of_impact,vehicle_left_hand_drive,journey_purpose_of_driver,sex_of_driver,age_of_driver,age_band_of_driver,engine_capacity_cc,propulsion_code,age_of_vehicle,generic_make_model,driver_imd_decile,driver_home_area_type,lsoa_of_driver,escooter_flag
Unvalidated,2024552400437,2024,552400437,1,4,0,18,3,7,0,8,0,0,0,0,1,1,6,1,38,7,-1,-1,-1,-1,5,1,E01015441,0
Unvalidated,2024552400437,2024,552400437,2,9,0,9,3,1,0,1,0,0,0,0,3,1,6,1,54,8,-1,-1,-1,-1,6,1,E01015392,0
Unvalidated,2024552400438,2024,552400438,1,5,0,4,4,8,0,0,1,0,0,0,1,1,6,1,27,6,-1,-1,-1,-1,9,3,E01013796,0
Unvalidated,2024552400438,2024,552400438,2,9,0,4,4,8,0,0,0,0,0,0,2,1,6,1,21,5,-1,-1,-1,-1,6,3,E01023155,0
Unvalidated,2024552400438,2024,552400438,3,9,0,18,8,4,0,0,0,0,0,0,1,1,6,2,21,5,-1,-1,-1,-1,7,1,E01020479,0
Unvalidated,2024552400439,2024,552400439,1,9,0,4,8,4,0,4,1,0,0,0,1,1,2,1,22,5,-1,-1,-1,-1,-1,-1,-1,0
Unvalidated,2024552400439,2024,552400439,2,9,0,4,8,4,0,4,0,0,0,0,2,1,6,2,65,9,-1,-1,-1,-1,4,1,E01020581,0
Unvalidated,2024552400440,2024,552400440,1,9,0,11,2,8,0,8,0,0,0,0,4,1,6,1,71,10,-1,-1,-1,-1,5,1,E01015334,0
Unvalidated,2024552400440,2024,552400440,2,5,0,18,2,8,0,8,0,0,0,0,3,1,6,1,65,9,-1,-1,-1,-1,3,1,E01015310,0
Unvalidated,2024552400442,2024,552400442,1,19,0,7,6,8,0,6,0,0,0,0,1,1,2,1,68,10,-1,-1,-1,-1,7,1,E01015424,0
Unvalidated,2024552400442,2024,552400442,2,1,0,18,8,4,0,8,0,0,0,0,4,1,6,1,12,3,-1,-1,-1,-1,5,1,E01032660,0
Unvalidated,2024552400443,2024,552400443,1,9,0,12,6,2,0,0,0,0,0,0,3,1,2,2,18,4,-1,-1,-1,-1,6,1,E01015410,0
Unvalidated,2024552400443,2024,552400443,2,4,0,18,6,2,0,0,0,0,4,0,4,1,6,1,59,9,-1,-1,-1,-1,1,1,E01015279,0
Unvalidated,2024552400444,2024,552400444,1,9,0,9,1,7,0,6,0,0,0,0,3,1,6,1,70,10,-1,-1,-1,-1,5,2,E01020469,0
Unvalidated,2024552400444,2024,552400444,2,21,1,18,3,7,0,8,0,0,0,0,1,1,1,1,72,10,-1,-1,-1,-1,5,3,E01029230,0
Unvalidated,2024552400445,2024,552400445,1,19,0,4,1,5,0,0,0,0,0,0,2,1,6,3,-1,-1,-1,-1,-1,-1,-1,-1,-1,0
Unvalidated,2024552400445,2024,552400445,2,1,0,18,1,5,0,0,0,0,0,0,1,1,6,1,51,8,-1,-1,-1,-1,-1,-1,-1,0
Unvalidated,2024552400446,2024,552400446,1,5,0,18,3,7,0,0,0,0,0,0,1,1,6,2,59,9,-1,-1,-1,-1,5,1,E01015380,0
Unvalidated,2024552400446,2024,552400446,2,5,0,4,3,7,0,0,0,0,0,0,2,1,6,2,45,7,-1,-1,-1,-1,2,1,E01032662,0
Unvalidated,2024552400447,2024,552400447,1,9,0,6,6,6,8,0,0,0,0,0,3,1,6,1,73,10,-1,-1,-1,-1,4,1,E01009658,0
Unvalidated,2024552400447,2024,552400447,2,9,0,18,6,2,0,0,0,0,0,0,1,1,6,2,18,4,-1,-1,-1,-1,7,1,E01020513,0
Unvalidated,2024552400448,2024,552400448,1,9,0,7,5,7,0,6,0,0,0,0,1,1,3,2,26,6,-1,-1,-1,-1,5,1,E01015417,0
Unvalidated,2024552400448,2024,552400448,2,1,0,18,7,3,0,8,0,0,0,0,4,1,2,2,50,8,-1,-1,-1,-1,7,1,E01015418,0
Unvalidated,2024552400449,2024,552400449,1,9,0,7,3,6,0,6,0,0,0,0,1,1,6,2,34,6,-1,-1,-1,-1,7,1,E01015387,0
Unvalidated,2024552400449,2024,552400449,2,3,0,18,2,6,0,8,0,0,0,0,4,1,2,1,41,7,-1,-1,-1,-1,4,1,E01015326,0
Unvalidated,2024552400450,2024,552400450,1,9,0,18,6,2,0,0,0,0,0,0,1,1,2,2,35,6,-1,-1,-1,-1,5,3,E01020444,0
Unvalidated,2024552400450,2024,552400450,2,1,0,18,6,2,0,0,0,0,0,0,2,1,2,1,62,9,-1,-1,-1,-1,6,2,E01020439,0
Unvalidated,2024552400451,2024,552400451,1,3,0,18,4,8,9,0,1,10,1,2,4,1,6,1,16,4,-1,-1,-1,-1,5,1,E01015393,0
Unvalidated,2024552400452,2024,552400452,1,9,0,18,6,2,0,1,0,0,0,0,1,1,6,1,31,6,-1,-1,-1,-1,3,1,E01015429,0
Unvalidated,2024552400452,2024,552400452,2,3,0,3,6,2,0,6,0,0,0,0,2,1,6,1,23,5,-1,-1,-1,-1,5,1,E01015423,0
Unvalidated,2024552400453,2024,552400453,1,9,0,18,3,7,0,3,0,0,0,0,1,1,6,1,54,8,-1,-1,-1,-1,7,1,E01015428,0
Unvalidated,2024552400454,2024,552400454,1,3,0,18,8,2,0,8,1,0,0,0,1,1,2,1,21,5,-1,-1,-1,-1,2,1,E01015338,0
Unvalidated,2024552400454,2024,552400454,2,9,0,18,6,2,0,8,0,0,0,0,2,1,3,1,36,7,-1,-1,-1,-1,5,1,E01015329,0
Unvalidated,2024552400455,2024,552400455,1,9,0,5,3,7,0,0,0,0,0,0,1,1,3,1,38,7,-1,-1,-1,-1,5,1,E01015329,0
Unvalidated,2024552400456,2024,552400456,1,9,0,5,6,2,0,0,0,0,0,0,1,1,6,3,-1,-1,-1,-1,-1,-1,-1,-1,-1,0
Unvalidated,2024552400457,2024,552400457,1,21,1,9,7,5,0,8,0,0,0,0,2,1,1,1,62,9,-1,-1,-1,-1,5,2,-1,0
Unvalidated,2024552400458,2024,552400458,1,19,0,7,3,6,0,6,0,0,0,0,4,1,6,3,-1,-1,-1,-1,-1,-1,-1,-1,-1,0
Unvalidated,2024552400459,2024,552400459,1,9,0,18,6,2,0,1,0,0,0,0,1,1,6,3,-1,-1,-1,-1,-1,-1,-1,-1,-1,0
Unvalidated,2024552400459,2024,552400459,2,9,0,3,6,2,0,1,0,0,0,0,2,1,6,2,40,7,-1,-1,-1,-1,10,1,E01020366,0
Unvalidated,2024552400460,2024,552400460,1,5,0,18,7,3,0,8,0,0,0,0,4,1,6,1,47,8,-1,-1,-1,-1,-1,1,-1,0
Unvalidated,2024552400460,2024,552400460,2,9,0,18,3,1,0,8,0,0,0,0,3,1,6,1,28,6,-1,-1,-1,-1,5,2,E01020454,0
Unvalidated,2024552400461,2024,552400461,1,19,0,9,8,7,0,5,0,0,0,0,3,1,1,1,61,9,-1,-1,-1,-1,8,1,E01015333,0
Unvalidated,2024552400461,2024,552400461,2,1,0,18,4,8,0,8,0,0,0,0,1,1,6,1,59,9,-1,-1,-1,-1,7,1,E01015457,0
Unvalidated,2024552400462,2024,552400462,1,9,0,7,8,2,0,6,0,0,0,0,4,1,2,1,38,7,-1,-1,-1,-1,6,1,E01020471,0
Unvalidated,2024552400463,2024,552400463,1,9,0,9,7,5,0,6,0,0,0,0,3,1,6,1,22,5,-1,-1,-1,-1,5,1,E01015374,0
Unvalidated,2024552400463,2024,552400463,2,3,0,18,5,1,0,8,0,0,0,0,1,1,6,1,17,4,-1,-1,-1,-1,6,1,E01015353,0
Unvalidated,2024552400464,2024,552400464,1,3,0,18,3,7,0,0,1,0,6,6,1,1,6,1,36,7,-1,-1,-1,-1,7,3,E01020467,0
Unvalidated,2024552400464,2024,552400464,2,9,0,18,7,3,0,0,0,0,0,0,1,1,6,2,41,7,-1,-1,-1,-1,8,1,E01020475,0
Unvalidated,2024552400465,2024,552400465,1,5,0,18,6,2,0,0,0,12,0,0,1,1,6,1,64,9,-1,-1,-1,-1,-1,-1,-1,0
Unvalidated,2024552400466,2024,552400466,1,1,0,18,3,7,0,0,0,0,0,0,3,1,6,1,74,10,-1,-1,-1,-1,3,1,E01015439,0
Unvalidated,2024552400466,2024,552400466,2,9,0,18,2,6,0,0,0,0,0,0,1,1,6,2,50,8,-1,-1,-1,-1,10,1,E01015399,0
Unvalidated,2024552400467,2024,552400467,1,9,0,18,4,8,0,8,0,0,0,0,1,1,6,1,23,5,-1,-1,-1,-1,10,1,E01015401,0
Unvalidated,2024552400467,2024,552400467,2,9,0,9,4,2,0,5,0,0,0,0,2,1,6,2,58,9,-1,-1,-1,-1,6,3,E01031991,0
Unvalidated,2024552400468,2024,552400468,1,19,0,9,3,1,0,6,0,0,0,0,1,1,1,1,56,9,-1,-1,-1,-1,4,1,E01032714,0
Unvalidated,2024552400469,2024,552400469,1,11,0,2,0,0,3,8,0,0,0,0,0,1,1,1,33,6,-1,-1,-1,-1,9,1,E01015325,0
Unvalidated,2024552400470,2024,552400470,1,9,0,18,4,8,0,0,0,0,0,0,1,1,6,1,33,6,-1,-1,-1,-1,4,1,E01015372,0
Unvalidated,2024552400472,2024,552400472,1,9,0,17,8,6,0,0,2,0,1,10,4,1,6,2,18,4,-1,-1,-1,-1,6,1,E01020528,0
Unvalidated,2024552400473,2024,552400473,1,9,0,18,3,7,0,0,2,4,0,0,4,1,6,1,24,5,-1,-1,-1,-1,4,1,E01022988,0
Unvalidated,2024552400473,2024,552400473,2,9,0,2,0,0,0,0,0,0,2,4,2,1,6,3,-1,-1,-1,-1,-1,-1,-1,-1,-1,0
Unvalidated,2024552400474,2024,552400474,1,9,0,13,7,3,0,0,0,0,0,0,1,1,6,1,95,11,-1,-1,-1,-1,10,1,E01020560,0
Unvalidated,2024552400474,2024,552400474,2,1,0,18,7,3,0,0,0,0,0,0,2,1,6,2,64,9,-1,-1,-1,-1,9,1,E01020558,0
Unvalidated,2024552400475,2024,552400475,1,9,0,18,6,2,0,0,5,0,2,10,4,1,6,1,25,5,-1,-1,-1,-1,2,1,E01015367,0
Unvalidated,2024552400476,2024,552400476,1,4,0,15,6,2,4,8,0,0,1,0,3,1,6,1,45,7,-1,-1,-1,-1,2,1,E01015367,0
Unvalidated,2024552400476,2024,552400476,2,9,0,7,6,7,0,5,0,0,0,0,4,1,6,2,34,6,-1,-1,-1,-1,5,1,E01015286,0
Unvalidated,2024552400477,2024,552400477,1,9,0,18,6,2,0,0,0,0,0,0,1,1,2,1,85,11,-1,-1,-1,-1,5,1,E01020503,0
Unvalidated,2024552400477,2024,552400477,2,9,0,18,6,2,0,0,0,0,0,0,2,1,2,2,75,10,-1,-1,-1,-1,8,2,E01020495,0
Unvalidated,2024552400478,2024,552400478,1,9,0,5,2,6,0,6,0,0,0,0,1,1,6,2,33,6,-1,-1,-1,-1,-1,3,-1,0
Unvalidated,2024552400478,2024,552400478,2,9,0,18,8,4,0,8,0,0,0,0,4,1,6,2,22,5,-1,-1,-1,-1,1,2,E01029046,0
Unvalidated,2024552400479,2024,552400479,1,19,0,7,2,4,0,8,0,0,0,0,1,1,2,1,64,9,-1,-1,-1,-1,6,1,E01020531,0
Unvalidated,2024552400479,2024,552400479,2,9,0,18,8,4,0,8,0,0,0,0,3,1,6,1,63,9,-1,-1,-1,-1,9,1,E01030900,0
Unvalidated,2024552400480,2024,552400480,1,9,0,7,1,3,0,6,0,0,0,0,3,1,6,2,83,11,-1,-1,-1,-1,4,1,E01015390,0
Unvalidated,2024552400481,2024,552400481,1,11,0,14,4,8,0,0,0,4,0,0,4,1,1,3,-1,-1,-1,-1,-1,-1,-1,-1,-1,0
Unvalidated,2024552400481,2024,552400481,2,9,0,2,0,0,0,0,0,0,0,0,3,1,6,1,57,9,-1,-1,-1,-1,10,2,E01022219,0
Unvalidated,2024552400482,2024,552400482,1,5,0,14,3,7,0,8,0,0,0,0,1,1,6,1,46,8,-1,-1,-1,-1,8,1,E01015403,0
Unvalidated,2024552400482,2024,552400482,2,9,0,9,3,1,0,5,0,0,0,0,3,1,6,2,34,6,-1,-1,-1,-1,6,1,E01015440,0
Unvalidated,2024552400483,2024,552400483,1,9,0,18,1,5,0,4,0,0,0,0,1,1,6,1,87,11,-1,-1,-1,-1,10,1,E01015452,0
Unvalidated,2024552400483,2024,552400483,2,1,0,18,7,3,0,8,0,0,0,0,4,1,2,1,36,7,-1,-1,-1,-1,9,1,E01015451,0
Unvalidated,2024552400485,2024,552400485,1,9,0,7,8,2,0,6,0,0,0,0,4,1,6,1,33,6,-1,-1,-1,-1,-1,-1,-1,0
Unvalidated,2024552400485,2024,552400485,2,9,0,18,8,4,0,8,0,0,1,10,1,1,6,1,49,8,-1,-1,-1,-1,1,1,E01015309,0
Unvalidated,2024552400486,2024,552400486,1,3,0,18,7,3,0,0,1,0,0,0,1,1,6,1,26,6,-1,-1,-1,-1,3,1,E01020393,0
Unvalidated,2024552400486,2024,552400486,2,9,0,18,3,7,0,0,0,0,0,0,1,1,6,1,33,6,-1,-1,-1,-1,10,1,E01020382,0
Unvalidated,2024552400487,2024,552400487,1,9,0,9,6,4,0,8,0,0,0,0,3,1,6,2,31,6,-1,-1,-1,-1,6,3,E01020508,0
Unvalidated,2024552400487,2024,552400487,2,19,0,18,4,8,0,8,0,0,0,0,1,1,6,3,-1,-1,-1,-1,-1,-1,-1,-1,-1,0
Unvalidated,2024552400488,2024,552400488,1,9,0,18,2,6,0,4,0,0,0,0,1,1,6,1,94,11,-1,-1,-1,-1,8,1,E01020504,0
Unvalidated,2024552400488,2024,552400488,2,3,0,3,2,6,0,4,0,0,0,0,2,1,6,1,26,6,-1,-1,-1,-1,5,3,E01020506,0
Unvalidated,2024552400489,2024,552400489,1,9,0,7,7,1,0,6,0,0,0,0,0,1,2,2,27,6,-1,-1,-1,-1,5,1,E01015377,0
Unvalidated,2024552400489,2024,552400489,2,3,0,18,5,1,0,8,1,0,0,0,0,1,2,1,35,6,-1,-1,-1,-1,9,1,E01020371,0
Unvalidated,2024552400490,2024,552400490,1,9,0,18,8,4,0,0,0,0,0,0,1,1,2,1,20,4,-1,-1,-1,-1,-1,-1,-1,0
Unvalidated,2024552400490,2024,552400490,2,1,0,18,3,7,0,0,0,0,0,0,3,1,6,1,61,9,-1,-1,-1,-1,9,1,E01020580,0
Unvalidated,2024552400491,2024,552400491,1,9,0,18,4,8,0,0,0,4,0,0,1,1,6,1,18,4,-1,-1,-1,-1,6,2,E01020510,0
Unvalidated,2024552400491,2024,552400491,2,9,0,2,0,0,0,0,0,0,0,0,2,1,6,3,-1,-1,-1,-1,-1,-1,-1,-1,-1,0
Unvalidated,2024552400491,2024,552400491,3,9,0,2,0,0,0,0,0,0,0,0,3,1,6,3,-1,-1,-1,-1,-1,-1,-1,-1,-1,0
Unvalidated,2024552400492,2024,552400492,1,9,0,9,8,6,0,6,0,0,0,0,1,1,6,2,75,10,-1,-1,-1,-1,6,1,E01015440,0
Unvalidated,2024552400492,2024,552400492,2,1,0,18,6,2,0,2,0,0,0,0,4,1,6,1,37,7,-1,-1,-1,-1,4,1,E01019932,0
Unvalidated,2024552400492,2024,552400492,3,1,0,18,6,2,0,2,0,0,0,0,4,1,6,1,40,7,-1,-1,-1,-1,6,1,E01015460,0
Unvalidated,2024552400493,2024,552400493,1,9,0,5,1,5,0,8,0,0,0,0,1,1,6,1,61,9,-1,-1,-1,-1,2,1,E01015367,0
Unvalidated,2024552400493,2024,552400493,2,9,0,9,5,3,0,8,0,0,0,0,4,1,6,1,60,9,-1,-1,-1,-1,9,1,E01015412,0
Unvalidated,2024552400494,2024,552400494,1,9,0,18,4,8,0,1,0,0,0,0,1,1,2,1,35,6,-1,-1,-1,-1,9,1,E01015412,0
Unvalidated,2024552400495,2024,552400495,1,3,0,18,2,6,0,8,0,0,0,0,1,1,2,1,22,5,-1,-1,-1,-1,6,1,E01015369,0
Unvalidated,2024552400495,2024,552400495,2,9,0,7,2,3,0,5,0,0,0,0,4,1,6,1,60,9,-1,-1,-1,-1,8,1,E01020473,0
Unvalidated,2024552400496,2024,552400496,1,9,0,11,8,4,0,0,0,0,0,0,4,1,2,2,18,4,-1,-1,-1,-1,10,1,E01015445,0
Unvalidated,2024552400496,2024,552400496,2,19,0,18,8,4,0,0,0,0,0,0,3,1,2,1,37,7,-1,-1,-1,-1,10,1,E01015400,0
Unvalidated,2024552400496,2024,552400496,3,9,0,18,8,4,0,0,0,0,0,0,3,1,2,2,63,9,-1,-1,-1,-1,8,3,E01020474,0
Unvalidated,2024552400498,2024,552400498,1,9,0,18,8,4,0,0,0,0,0,0,1,1,6,1,40,7,-1,-1,-1,-1,5,1,E01015329,0
Unvalidated,2024552400498,2024,552400498,2,90,0,18,8,4,0,0,0,0,0,0,2,1,6,1,31,6,-1,-1,-1,-1,-1,-1,-1,0
Unvalidated,2024552400499,2024,552400499,1,9,0,18,6,2,0,0,0,0,0,0,4,1,6,3,-1,-1,-1,-1,-1,-1,-1,-1,-1,0
Unvalidated,2024552400500,2024,552400500,1,3,0,15,6,2,0,8,0,0,0,0,1,1,6,1,45,7,-1,-1,-1,-1,5,1,E01015286,0
Unvalidated,2024552400500,2024,552400500,2,99,0,7,6,7,0,5,0,0,0,0,4,1,6,3,-1,-1,-1,-1,-1,-1,-1,-1,-1,0
Unvalidated,2024552400501,2024,552400501,1,9,0,18,3,7,0,0,1,4,7,11,1,1,6,1,16,4,-1,-1,-1,-1,4,1,E01020571,0
Unvalidated,2024552400501,2024,552400501,2,9,0,2,0,0,0,0,0,0,0,0,1,1,6,3,-1,-1,-1,-1,-1,-1,-1,-1,-1,0
Unvalidated,2024552400502,2024,552400502,1,11,0,18,6,2,0,0,0,0,0,0,3,1,1,1,60,9,-1,-1,-1,-1,5,1,E01020472,0
Unvalidated,2024552400503,2024,552400503,1,9,0,18,7,3,0,8,0,0,0,0,3,1,6,2,55,8,-1,-1,-1,-1,5,1,E01014466,0
Unvalidated,2024552400503,2024,552400503,2,9,0,18,5,1,0,8,0,0,0,0,1,1,6,1,52,8,-1,-1,-1,-1,5,1,E01015444,0
Unvalidated,2024552400504,2024,552400504,1,9,0,18,5,1,0,1,0,0,0,0,1,1,6,1,31,6,-1,-1,-1,-1,5,1,E01015374,0
Unvalidated,2024552400504,2024,552400504,2,3,0,3,5,1,0,4,0,0,0,0,2,1,6,1,34,6,-1,-1,-1,-1,4,1,E01015372,0
Unvalidated,2024552400506,2024,552400506,1,9,0,9,1,6,0,6,0,0,0,0,1,1,2,2,37,7,-1,-1,-1,-1,7,1,E01023054,0
Unvalidated,2024552400506,2024,552400506,2,1,0,18,2,6,0,8,0,0,0,0,3,1,6,1,41,7,-1,-1,-1,-1,7,1,E01030451,0
Unvalidated,2024552400507,2024,552400507,1,19,0,5,1,5,0,8,0,0,0,0,3,1,6,1,57,9,-1,-1,-1,-1,5,1,E01015461,0
Unvalidated,2024552400507,2024,552400507,2,5,0,18,7,3,0,8,0,0,0,0,1,1,6,1,57,9,-1,-1,-1,-1,10,1,E01020420,0
Unvalidated,2024552400508,2024,552400508,1,9,0,18,6,2,0,0,5,0,1,10,4,1,6,1,58,9,-1,-1,-1,-1,-1,-1,-1,0
Unvalidated,2024552400509,2024,552400509,1,5,0,18,3,7,0,0,1,0,0,0,0,1,6,1,49,8,-1,-1,-1,-1,4,1,E01032101,0
Unvalidated,2024552400510,2024,552400510,1,9,0,18,1,5,0,0,0,0,0,0,1,1,6,1,90,11,-1,-1,-1,-1,9,1,E01015406,0
Unvalidated,2024552400511,2024,552400511,1,9,0,12,2,7,0,8,0,0,0,0,3,1,2,2,47,8,-1,-1,-1,-1,7,1,E01015297,0
Unvalidated,2024552400511,2024,552400511,2,9,0,9,2,7,0,8,0,0,0,0,4,1,6,1,24,5,-1,-1,-1,-1,3,1,E01015289,0
Unvalidated,2024552400512,2024,552400512,1,9,0,16,8,3,0,0,1,0,7,10,1,1,6,1,48,8,-1,-1,-1,-1,7,3,E01020540,0
Unvalidated,2024552400513,2024,552400513,1,9,0,11,8,4,0,0,0,0,0,0,4,1,6,2,41,7,-1,-1,-1,-1,6,1,E01015361,0
Unvalidated,2024552400513,2024,552400513,2,3,0,18,8,4,0,0,0,0,0,0,3,1,1,1,37,7,-1,-1,-1,-1,2,1,E01015288,0
Unvalidated,2024552400514,2024,552400514,1,9,0,18,4,8,0,0,1,0,0,0,1,1,6,1,28,6,-1,-1,-1,-1,8,1,E01015320,0
Unvalidated,2024552400514,2024,552400514,2,9,0,18,8,4,0,0,0,4,0,0,1,1,6,1,37,7,-1,-1,-1,-1,6,1,E01015358,0
Unvalidated,2024552400514,2024,552400514,3,9,0,2,0,0,6,0,0,0,0,0,3,1,6,3,-1,-1,-1,-1,-1,-1,-1,-1,-1,0
Unvalidated,2024552400515,2024,552400515,1,9,0,18,5,1,0,0,0,0,0,0,1,1,6,2,80,11,-1,-1,-1,-1,6,3,E01020490,0
Unvalidated,2024552400515,2024,552400515,2,9,0,4,5,1,0,0,0,0,0,0,2,1,6,2,64,9,-1,-1,-1,-1,9,3,E01020505,0
Unvalidated,2024552400516,2024,552400516,1,9,0,9,1,7,0,8,0,0,0,0,4,1,6,2,52,8,-1,-1,-1,-1,5,1,E01020587,0
Unvalidated,2024552400516,2024,552400516,2,9,0,18,5,1,0,8,0,0,0,0,1,1,6,1,27,6,-1,-1,-1,-1,4,1,E01020574,0
Unvalidated,2024552400517,2024,552400517,1,99,0,13,8,4,0,0,0,0,0,0,4,1,6,3,-1,-1,-1,-1,-1,-1,-1,-1,-1,0
Unvalidated,2024552400517,2024,552400517,2,1,0,18,8,4,0,0,0,0,0,0,3,1,6,1,36,7,-1,-1,-1,-1,8,1,E01020416,0
Unvalidated,2024552400518,2024,552400518,1,2,0,18,6,2,0,0,1,0,0,0,1,1,6,1,16,4,-1,-1,-1,-1,9,3,E01020497,0
Unvalidated,2024552400518,2024,552400518,2,9,0,18,2,6,0,0,0,0,0,0,1,1,6,2,36,7,-1,-1,-1,-1,5,3,E01020530,0
Unvalidated,2024552400519,2024,552400519,1,9,0,18,4,8,0,0,0,0,0,0,4,1,6,2,50,8,-1,-1,-1,-1,5,2,E01020454,0
Unvalidated,2024552400520,2024,552400520,1,3,0,18,4,8,0,1,0,0,0,0,1,1,6,1,19,4,-1,-1,-1,-1,9,1,E01020391,0
Unvalidated,2024552400520,2024,552400520,2,9,0,10,4,2,0,1,0,0,0,0,2,1,6,2,66,10,-1,-1,-1,-1,2,1,E01032662,0
Unvalidated,2024552400521,2024,552400521,1,9,0,11,6,2,0,3,0,0,0,0,4,1,3,2,27,6,-1,-1,-1,-1,5,1,E01015274,0
Unvalidated,2024552400521,2024,552400521,2,9,0,18,6,2,0,3,0,0,0,0,3,1,6,1,57,9,-1,-1,-1,-1,6,1,E01015337,0
Unvalidated,2024552400522,2024,552400522,1,19,0,18,2,6,0,1,0,0,0,0,1,1,6,1,26,6,-1,-1,-1,-1,7,1,E01032661,0
Unvalidated,2024552400522,2024,552400522,2,19,0,10,2,7,0,5,0,0,0,0,2,1,1,1,35,6,-1,-1,-1,-1,4,1,E01015327,0
Unvalidated,2024552400523,2024,552400523,1,9,0,7,2,3,9,5,0,0,0,0,4,1,4,1,62,9,-1,-1,-1,-1,9,1,E01020399,0
Unvalidated,2024552400524,2024,552400524,1,9,0,17,3,8,0,6,1,10,7,1,1,1,6,1,52,8,-1,-1,-1,-1,8,1,E01015322,0
Unvalidated,2024552400525,2024,552400525,1,19,0,1,4,8,0,0,0,0,0,0,2,1,6,3,-1,-1,-1,-1,-1,-1,-1,-1,-1,0
Unvalidated,2024552400526,2024,552400526,1,9,0,18,3,7,9,6,0,0,3,4,1,1,6,1,88,11,-1,-1,-1,-1,9,1,E01015453,0
Unvalidated,2024552400527,2024,552400527,1,21,1,15,7,3,0,0,0,0,1,10,1,1,6,1,58,9,-1,-1,-1,-1,8,1,E01020369,0
Unvalidated,2024552400529,2024,552400529,1,9,0,18,8,4,0,0,0,0,7,2,1,1,6,2,34,6,-1,-1,-1,-1,6,1,E01015438,0
Unvalidated,2024552400529,2024,552400529,2,3,0,18,8,4,0,0,0,0,0,0,1,1,6,1,34,6,-1,-1,-1,-1,-1,1,-1,0
Unvalidated,2024552400530,2024,552400530,1,5,0,14,6,2,0,0,1,0,0,0,1,1,2,1,42,7,-1,-1,-1,-1,6,2,E01020541,0
Unvalidated,2024552400530,2024,552400530,2,9,0,3,6,2,0,0,0,0,0,0,2,1,2,1,52,8,-1,-1,-1,-1,9,2,E01029207,0
Unvalidated,2024552400531,2024,552400531,1,9,0,18,6,2,9,0,0,0,7,11,1,1,2,2,43,7,-1,-1,-1,-1,7,3,E01020509,0
Unvalidated,2024552400532,2024,552400532,1,9,0,15,7,4,0,8,0,0,0,0,3,1,6,1,33,6,-1,-1,-1,-1,8,1,E01020504,0
Unvalidated,2024552400532,2024,552400532,2,1,0,9,7,4,0,8,0,0,0,0,1,1,6,1,35,6,-1,-1,-1,-1,6,3,E01020531,0
Unvalidated,2024552400533,2024,552400533,1,9,0,13,2,6,0,0,0,0,0,0,1,1,6,2,38,7,-1,-1,-1,-1,6,3,E01023155,0
Unvalidated,2024552400533,2024,552400533,2,19,0,18,2,6,0,0,0,0,0,0,0,1,1,3,-1,-1,-1,-1,-1,-1,-1,-1,-1,0
Unvalidated,2024552400533,2024,552400533,3,21,4,18,6,2,0,0,0,0,1,0,1,1,1,1,53,8,-1,-1,-1,-1,7,3,E01020539,0
Unvalidated,2024552400534,2024,552400534,1,9,0,18,2,6,9,0,0,0,0,0,1,1,6,3,-1,-1,-1,-1,-1,-1,-1,-1,-1,0
Unvalidated,2024552400534,2024,552400534,2,1,0,18,2,6,9,0,0,0,0,0,2,1,6,1,33,6,-1,-1,-1,-1,3,1,E01015285,0
Unvalidated,2024552400535,2024,552400535,1,9,0,18,4,8,0,0,0,0,0,0,1,1,6,2,91,11,-1,-1,-1,-1,10,1,E01020386,0
Unvalidated,2024552400536,2024,552400536,1,8,0,18,6,2,0,0,0,4,0,0,4,1,2,1,53,8,-1,-1,-1,-1,4,1,E01032008,0
Unvalidated,2024552400536,2024,552400536,2,9,0,2,0,0,0,0,0,0,0,0,3,1,6,3,-1,-1,-1,-1,-1,-1,-1,-1,-1,0
Unvalidated,2024552400537,2024,552400537,1,9,0,18,3,7,0,0,0,0,0,0,1,1,6,2,73,10,-1,-1,-1,-1,7,3,E01020538,0
Unvalidated,2024552400537,2024,552400537,2,9,0,18,7,3,0,0,0,0,0,0,1,1,6,2,51,8,-1,-1,-1,-1,6,3,E01020529,0
Unvalidated,2024552400537,2024,552400537,3,9,0,2,0,0,0,0,0,0,0,0,2,1,6,3,-1,-1,-1,-1,-1,-1,-1,-1,-1,0
Unvalidated,2024552400537,2024,552400537,4,9,0,2,0,0,0,0,0,0,0,0,2,1,6,3,-1,-1,-1,-1,-1,-1,-1,-1,-1,0
Unvalidated,2024552400540,2024,552400540,1,1,0,18,8,4,0,0,0,10,0,0,1,1,2,1,18,4,-1,-1,-1,-1,1,1,E01015309,0
Unvalidated,2024552400541,2024,552400541,1,21,0,7,1,3,0,6,0,0,0,0,4,1,6,3,-1,-1,-1,-1,-1,-1,-1,-1,-1,0
Unvalidated,2024552400542,2024,552400542,1,9,0,18,4,8,0,0,0,0,0,0,1,1,6,1,27,6,-1,-1,-1,-1,9,1,E01020558,0
Unvalidated,2024552400543,2024,552400543,1,9,0,18,8,4,0,0,1,0,0,0,1,1,6,2,29,6,-1,-1,-1,-1,5,1,E01015417,0