status,collision_index,collision_year,collision_reference,vehicle_reference,vehicle_type,towing_and_articulation,vehicle_manoeuvre,vehicle_direction_from,vehicle_direction_to,vehicle_location_restricted_lane,junction_location,skidding_and_overturning,hit_object_in_carriageway,vehicle_leaving_carriageway,hit_object_off_carriageway,first_point_of_impact,vehicle_left_hand_drive,journey_purpose_of_driver,sex_of_driver,age_of_driver,age_band_of_driver,engine_capacity_cc,propulsion_code,age_of_vehicle,generic_make_model,driver_imd_decile,driver_home_area_type,lsoa_of_driver,escooter_flag
Unvalidated,2024552400543,2024,552400543,2,9,0,4,8,4,0,0,0,0,0,0,2,1,6,1,24,5,-1,-1,-1,-1,4,1,E01015303,0
Unvalidated,2024552400543,2024,552400543,3,9,0,18,8,4,0,0,0,0,0,0,2,1,6,2,25,5,-1,-1,-1,-1,6,1,E01033286,0
Unvalidated,2024552400545,2024,552400545,1,9,0,7,6,8,0,6,0,0,0,0,3,1,6,2,35,6,-1,-1,-1,-1,5,1,E01015423,0
Unvalidated,2024552400545,2024,552400545,2,19,0,18,4,8,0,8,0,0,0,0,1,1,1,1,23,5,-1,-1,-1,-1,5,1,E01015296,0
Unvalidated,2024552400546,2024,552400546,1,4,0,18,5,1,0,0,0,0,1,4,0,1,6,1,19,4,-1,-1,-1,-1,7,3,E01020440,0
Unvalidated,2024552400547,2024,552400547,1,9,0,18,8,4,0,0,0,0,0,0,1,1,6,2,63,9,-1,-1,-1,-1,7,1,E01020481,0
Unvalidated,2024552400547,2024,552400547,2,9,0,18,4,8,0,0,0,0,0,0,1,1,6,2,17,4,-1,-1,-1,-1,8,1,E01020478,0
Unvalidated,2024552400548,2024,552400548,1,9,0,18,2,6,0,0,5,4,0,0,1,1,6,2,27,6,-1,-1,-1,-1,7,1,E01015376,0
Unvalidated,2024552400548,2024,552400548,2,9,0,2,0,0,0,0,0,0,0,0,3,1,6,3,-1,-1,-1,-1,-1,-1,-1,-1,-1,0
Unvalidated,2024552400548,2024,552400548,3,9,0,2,0,0,0,0,0,0,0,0,3,1,6,3,-1,-1,-1,-1,-1,-1,-1,-1,-1,0
Unvalidated,2024552400549,2024,552400549,1,9,0,1,1,5,0,0,0,0,0,0,0,1,6,2,25,5,-1,-1,-1,-1,6,3,E01020490,0
Unvalidated,2024552400550,2024,552400550,1,19,0,18,2,6,0,1,0,0,0,0,1,1,6,3,-1,-1,-1,-1,-1,-1,-1,-1,-1,0
Unvalidated,2024552400550,2024,552400550,2,9,0,4,2,6,0,1,0,4,0,0,2,1,3,1,38,7,-1,-1,-1,-1,6,2,E01020510,0
Unvalidated,2024552400550,2024,552400550,3,19,0,2,0,0,0,1,0,0,0,0,2,1,1,3,-1,-1,-1,-1,-1,-1,-1,-1,-1,0
Unvalidated,2024552400551,2024,552400551,1,9,0,18,8,4,0,0,0,0,0,0,1,1,2,1,35,6,-1,-1,-1,-1,6,3,E01020453,0
Unvalidated,2024552400551,2024,552400551,2,9,0,18,4,8,0,0,0,0,0,0,1,1,6,2,35,6,-1,-1,-1,-1,7,2,E01020437,0
Unvalidated,2024552400552,2024,552400552,1,9,0,4,1,5,0,3,0,0,0,0,2,1,2,1,56,9,-1,-1,-1,-1,4,1,E01022301,0
Unvalidated,2024552400552,2024,552400552,2,9,0,18,1,5,0,3,0,0,0,0,1,1,2,1,34,6,-1,-1,-1,-1,6,1,E01020527,0
Unvalidated,2024552400553,2024,552400553,1,9,0,9,6,4,0,6,0,0,0,0,1,1,6,2,38,7,-1,-1,-1,-1,3,1,E01015293,0
Unvalidated,2024552400554,2024,552400554,1,9,0,18,7,3,0,8,0,0,0,0,1,1,6,2,73,10,-1,-1,-1,-1,9,2,E01032642,0
Unvalidated,2024552400554,2024,552400554,2,9,0,18,5,1,0,1,0,0,0,0,4,1,6,1,55,8,-1,-1,-1,-1,9,2,E01032642,0
Unvalidated,2024552400555,2024,552400555,1,9,0,18,1,5,0,0,0,4,0,0,1,1,6,1,43,7,-1,-1,-1,-1,6,1,E01015366,0
Unvalidated,2024552400555,2024,552400555,2,9,0,2,0,0,0,0,0,0,0,0,2,1,6,1,59,9,-1,-1,-1,-1,8,1,E01015322,0
Unvalidated,2024552400555,2024,552400555,3,9,0,2,0,0,0,0,0,0,0,0,2,1,6,3,-1,-1,-1,-1,-1,-1,-1,-1,-1,0
Unvalidated,2024552400555,2024,552400555,4,9,0,2,0,0,0,0,0,0,0,0,2,1,6,3,-1,-1,-1,-1,-1,-1,-1,-1,-1,0
Unvalidated,2024552400555,2024,552400555,5,9,0,2,0,0,0,0,0,0,0,0,2,1,6,3,-1,-1,-1,-1,-1,-1,-1,-1,-1,0
Unvalidated,2024552400556,2024,552400556,1,9,0,18,4,8,0,8,0,0,0,0,4,1,2,1,71,10,-1,-1,-1,-1,7,1,E01023066,0
Unvalidated,2024552400557,2024,552400557,1,90,0,18,1,5,0,0,0,0,0,0,1,1,4,1,15,3,-1,-1,-1,-1,5,1,E01015427,1
Unvalidated,2024552400557,2024,552400557,2,9,0,18,3,7,0,0,0,0,0,0,4,1,6,1,79,11,-1,-1,-1,-1,2,1,E01015430,0
Unvalidated,2024552400558,2024,552400558,1,5,0,16,4,7,0,0,1,0,0,0,4,1,6,1,64,9,-1,-1,-1,-1,2,1,E01031066,0
Unvalidated,2024552400558,2024,552400558,2,9,0,17,7,4,0,0,0,0,0,0,1,1,6,2,59,9,-1,-1,-1,-1,10,3,E01015433,0
Unvalidated,2024552400559,2024,552400559,1,5,0,7,7,8,0,6,0,0,0,0,1,1,6,1,39,7,-1,-1,-1,-1,2,1,E01015280,0
Unvalidated,2024552400559,2024,552400559,2,9,0,18,4,8,0,8,0,0,0,0,4,1,6,1,42,7,-1,-1,-1,-1,9,1,E01004791,0
Unvalidated,2024552400560,2024,552400560,1,9,0,1,3,7,0,0,0,0,0,0,2,1,6,1,29,6,-1,-1,-1,-1,9,1,E01020421,0
Unvalidated,2024552400561,2024,552400561,1,9,0,9,6,4,0,6,0,0,0,0,1,1,2,1,43,7,-1,-1,-1,-1,9,1,E01015451,0
Unvalidated,2024552400561,2024,552400561,2,1,0,18,2,6,0,8,0,0,0,0,3,1,6,1,56,9,-1,-1,-1,-1,5,1,E01015380,0
Unvalidated,2024552400562,2024,552400562,1,9,0,9,5,2,0,3,1,10,7,6,1,1,6,2,41,7,-1,-1,-1,-1,3,1,E01015371,0
Unvalidated,2024552400563,2024,552400563,1,98,0,4,2,6,0,0,0,0,0,0,1,1,1,1,35,6,-1,-1,-1,-1,3,1,E01015362,0
Unvalidated,2024552400563,2024,552400563,2,19,0,3,2,6,0,0,0,0,0,0,2,1,1,1,29,6,-1,-1,-1,-1,8,1,E01020579,0
Unvalidated,2024552400564,2024,552400564,1,9,0,18,7,3,0,0,0,0,0,0,1,1,6,1,62,9,-1,-1,-1,-1,6,3,E01020449,0
Unvalidated,2024552400564,2024,552400564,2,9,0,18,3,7,0,0,0,0,0,0,1,1,6,1,43,7,-1,-1,-1,-1,7,3,E01020509,0
Unvalidated,2024552400565,2024,552400565,1,9,0,18,2,6,0,0,5,0,7,3,1,1,6,1,91,11,-1,-1,-1,-1,4,1,E01020394,0
Unvalidated,2024552400566,2024,552400566,1,1,0,18,5,1,0,0,0,0,0,0,4,1,6,3,-1,-1,-1,-1,-1,-1,-1,-1,-1,0
Unvalidated,2024552400570,2024,552400570,1,9,0,5,3,7,0,4,0,0,0,0,3,1,6,1,41,7,-1,-1,-1,-1,8,1,E01015447,0
Unvalidated,2024552400570,2024,552400570,2,9,0,18,1,5,0,8,0,0,0,0,1,1,6,2,28,6,-1,-1,-1,-1,7,1,E01032661,0
Unvalidated,2024552400571,2024,552400571,1,9,0,1,7,3,0,0,0,0,0,0,2,1,6,1,33,6,-1,-1,-1,-1,3,1,E01032738,0
Unvalidated,2024552400571,2024,552400571,2,90,0,2,0,0,0,0,0,0,0,0,0,1,1,1,53,8,-1,-1,-1,-1,7,1,E01015340,0
Unvalidated,2024552400572,2024,552400572,1,9,0,18,6,2,0,0,0,0,7,9,1,1,6,1,71,10,-1,-1,-1,-1,7,3,E01020570,0
Unvalidated,2024552400572,2024,552400572,2,9,0,18,6,2,0,0,0,0,0,0,1,1,6,1,60,9,-1,-1,-1,-1,9,1,E01004604,0
Unvalidated,2024552400573,2024,552400573,1,9,0,14,1,5,0,0,0,0,0,0,1,1,6,1,89,11,-1,-1,-1,-1,7,3,E01020540,0
Unvalidated,2024552400573,2024,552400573,2,17,4,2,0,0,0,0,0,0,0,0,2,1,1,1,24,5,-1,-1,-1,-1,10,3,E01020409,0
Unvalidated,2024552400574,2024,552400574,1,9,0,9,7,5,0,8,0,0,0,0,1,1,6,2,22,5,-1,-1,-1,-1,5,1,E01015375,0
Unvalidated,2024552400575,2024,552400575,1,9,0,18,6,2,0,1,0,0,0,0,1,1,6,2,37,7,-1,-1,-1,-1,6,3,E01020398,0
Unvalidated,2024552400575,2024,552400575,2,9,0,3,6,2,0,1,0,0,0,0,2,1,6,2,63,9,-1,-1,-1,-1,10,1,E01020423,0
Unvalidated,2024552400576,2024,552400576,1,9,0,5,1,5,0,4,0,0,0,0,1,1,6,2,70,10,-1,-1,-1,-1,4,1,E01015385,0
Unvalidated,2024552400577,2024,552400577,1,9,0,18,1,5,0,0,0,0,0,0,1,1,6,2,58,9,-1,-1,-1,-1,1,1,E01015281,0
Unvalidated,2024552400578,2024,552400578,1,19,0,4,4,8,0,0,0,0,0,0,1,1,1,3,-1,-1,-1,-1,-1,-1,-1,-1,-1,0
Unvalidated,2024552400578,2024,552400578,2,9,0,4,4,8,0,0,0,0,0,0,2,1,3,2,18,4,-1,-1,-1,-1,7,3,E01020537,0
Unvalidated,2024552400579,2024,552400579,1,9,0,18,2,6,0,8,0,9,7,1,1,1,2,1,26,6,-1,-1,-1,-1,8,1,E01019929,0
Unvalidated,2024552400580,2024,552400580,1,2,0,18,2,8,0,0,0,0,0,0,0,1,6,1,17,4,-1,-1,-1,-1,6,1,E01020411,0
Unvalidated,2024552400581,2024,552400581,1,9,0,9,3,1,0,5,0,0,0,0,0,1,6,2,62,9,-1,-1,-1,-1,5,1,E01015461,0
Unvalidated,2024552400581,2024,552400581,2,5,0,18,7,3,0,1,1,0,0,0,0,1,6,1,37,7,-1,-1,-1,-1,2,1,E01015367,0
Unvalidated,2024552400582,2024,552400582,1,9,0,4,6,2,0,0,0,0,0,0,1,1,2,1,37,7,-1,-1,-1,-1,1,1,E01015279,0
Unvalidated,2024552400582,2024,552400582,2,9,0,4,6,2,0,0,0,0,0,0,1,1,2,1,75,10,-1,-1,-1,-1,8,2,E01020487,0
Unvalidated,2024552400582,2024,552400582,3,9,0,4,6,2,0,0,0,0,0,0,1,1,2,2,22,5,-1,-1,-1,-1,6,3,E01020493,0
Unvalidated,2024552400582,2024,552400582,4,9,0,4,6,2,0,0,0,0,0,0,1,1,2,2,21,5,-1,-1,-1,-1,7,2,E01020492,0
Unvalidated,2024552400582,2024,552400582,5,19,0,4,6,2,0,0,0,0,0,0,2,1,2,1,34,6,-1,-1,-1,-1,8,1,E01015407,0
Unvalidated,2024552400583,2024,552400583,1,5,0,18,5,1,0,0,1,0,0,0,0,1,6,2,56,9,-1,-1,-1,-1,8,1,E01015447,0
Unvalidated,2024552400584,2024,552400584,1,9,0,18,6,2,0,0,0,0,0,0,1,1,6,3,-1,-1,-1,-1,-1,-1,-1,-1,-1,0
Unvalidated,2024552400584,2024,552400584,2,9,0,18,2,6,0,0,0,0,0,0,1,1,6,2,29,6,-1,-1,-1,-1,6,1,E01015414,0
Unvalidated,2024552400585,2024,552400585,1,9,0,18,8,6,0,1,0,0,0,0,1,1,1,1,30,6,-1,-1,-1,-1,2,1,E01015338,0
Unvalidated,2024552400585,2024,552400585,2,9,0,3,2,6,0,1,0,0,0,0,2,1,6,2,28,6,-1,-1,-1,-1,-1,-1,-1,0
Unvalidated,2024552400585,2024,552400585,3,9,0,3,2,6,0,1,0,0,0,0,2,1,6,2,25,5,-1,-1,-1,-1,7,1,E01015413,0
Unvalidated,2024552400586,2024,552400586,1,9,0,18,6,2,0,8,5,0,0,0,0,1,6,2,47,8,-1,-1,-1,-1,5,3,E01020389,0
Unvalidated,2024552400587,2024,552400587,1,99,0,1,1,5,0,0,0,0,0,0,2,1,6,3,-1,-1,-1,-1,-1,-1,-1,-1,-1,0
Unvalidated,2024552400588,2024,552400588,1,9,0,18,4,8,0,0,0,0,0,0,4,1,6,3,-1,-1,-1,-1,-1,-1,-1,-1,-1,0
Unvalidated,2024552400588,2024,552400588,2,9,0,2,0,0,0,0,0,0,0,0,3,1,6,2,30,6,-1,-1,-1,-1,4,1,E01015328,0
Unvalidated,2024552400589,2024,552400589,1,9,0,9,7,5,0,5,0,0,0,0,1,1,6,1,72,10,-1,-1,-1,-1,5,2,E01020469,0
Unvalidated,2024552400590,2024,552400590,1,9,0,14,1,5,0,0,5,4,0,0,1,1,6,2,75,10,-1,-1,-1,-1,8,1,E01020583,0
Unvalidated,2024552400590,2024,552400590,2,9,0,2,0,0,0,0,0,4,0,0,1,1,6,3,-1,-1,-1,-1,-1,-1,-1,-1,-1,0
Unvalidated,2024552400590,2024,552400590,3,9,0,2,0,0,0,0,0,0,0,0,1,1,6,2,56,9,-1,-1,-1,-1,6,1,E01015358,0
Unvalidated,2024552400591,2024,552400591,1,9,0,18,6,2,0,0,5,0,2,10,1,1,6,2,20,4,-1,-1,-1,-1,6,3,E01020433,0
Unvalidated,2024552400592,2024,552400592,1,9,0,9,7,5,0,6,0,0,0,0,4,1,6,1,93,11,-1,-1,-1,-1,10,1,E01015455,0
Unvalidated,2024552400592,2024,552400592,2,3,0,18,1,5,0,8,0,0,0,0,1,1,2,1,54,8,-1,-1,-1,-1,2,1,E01015367,0
Unvalidated,2024552400593,2024,552400593,1,19,0,14,1,5,0,0,0,0,0,0,1,1,2,1,43,7,-1,-1,-1,-1,7,2,E01020566,0
Unvalidated,2024552400594,2024,552400594,1,9,0,9,5,3,0,8,0,0,0,0,1,1,6,3,-1,-1,-1,-1,-1,-1,-1,-1,-1,0
Unvalidated,2024552400594,2024,552400594,2,9,0,18,5,1,0,8,0,0,0,0,4,1,6,2,42,7,-1,-1,-1,-1,7,1,E01015428,0
Unvalidated,2024552400596,2024,552400596,1,9,0,9,2,8,0,8,0,0,0,0,4,1,6,1,30,6,-1,-1,-1,-1,7,1,E01020361,0
Unvalidated,2024552400596,2024,552400596,2,1,0,18,4,8,0,8,0,0,0,0,1,1,6,1,16,4,-1,-1,-1,-1,7,1,E01020360,0
Unvalidated,2024552400598,2024,552400598,1,9,0,18,6,2,0,8,0,0,0,0,1,1,6,3,-1,-1,-1,-1,-1,-1,-1,-1,-1,0
Unvalidated,2024552400599,2024,552400599,1,9,0,18,2,6,0,0,0,0,0,0,1,1,6,2,37,7,-1,-1,-1,-1,9,1,E01020419,0
Unvalidated,2024552400599,2024,552400599,2,9,0,18,2,6,0,0,0,0,0,0,2,1,6,2,54,8,-1,-1,-1,-1,8,1,E01017059,0
Unvalidated,2024552400599,2024,552400599,3,98,1,18,2,6,0,0,0,0,0,0,2,1,1,3,-1,-1,-1,-1,-1,-1,-1,-1,-1,0
Unvalidated,2024552400600,2024,552400600,1,1,0,18,1,5,0,0,0,0,0,0,0,1,6,1,65,9,-1,-1,-1,-1,7,3,E01020467,0
Unvalidated,2024552400601,2024,552400601,1,19,0,18,8,4,0,1,0,0,0,0,1,1,6,1,70,10,-1,-1,-1,-1,7,1,E01015413,0
Unvalidated,2024552400601,2024,552400601,2,9,0,3,8,4,0,4,0,0,0,0,2,1,6,2,34,6,-1,-1,-1,-1,6,1,E01015317,0
Unvalidated,2024552400602,2024,552400602,1,9,0,18,3,7,0,0,0,0,5,7,1,1,6,1,18,4,-1,-1,-1,-1,6,2,E01020541,0
Unvalidated,2024552400603,2024,552400603,1,9,0,2,0,0,0,0,0,0,0,0,3,1,6,1,55,8,-1,-1,-1,-1,5,1,E01020368,0
Unvalidated,2024552400603,2024,552400603,2,1,0,4,6,2,9,0,0,0,0,0,1,1,6,1,17,4,-1,-1,-1,-1,3,1,E01015294,0
Unvalidated,2024552400604,2024,552400604,1,9,0,18,4,8,0,0,0,4,0,0,1,1,6,2,40,7,-1,-1,-1,-1,2,2,E01033200,0
Unvalidated,2024552400604,2024,552400604,2,19,0,2,0,0,9,0,0,0,0,0,1,1,1,1,40,7,-1,-1,-1,-1,1,1,E01015282,0
Unvalidated,2024552400605,2024,552400605,1,9,0,18,4,8,0,0,0,0,0,0,1,1,1,2,23,5,-1,-1,-1,-1,3,1,E01015429,0
Unvalidated,2024552400605,2024,552400605,2,9,0,18,8,4,0,0,0,0,0,0,1,1,1,1,42,7,-1,-1,-1,-1,7,1,E01015376,0
Unvalidated,2024552400606,2024,552400606,1,9,0,18,3,7,7,5,2,4,1,0,4,1,6,2,51,8,-1,-1,-1,-1,7,3,E01020549,0
Unvalidated,2024552400606,2024,552400606,2,9,0,2,0,0,6,8,0,0,0,0,3,1,6,3,-1,-1,-1,-1,-1,-1,-1,-1,-1,0
Unvalidated,2024552400606,2024,552400606,3,9,0,2,0,0,6,8,0,0,0,0,2,1,6,3,-1,-1,-1,-1,-1,-1,-1,-1,-1,0
Unvalidated,2024552400607,2024,552400607,1,19,0,13,5,1,0,0,0,0,0,0,4,1,6,1,33,6,-1,-1,-1,-1,5,3,E01020444,0
Unvalidated,2024552400607,2024,552400607,2,1,0,18,5,1,0,0,0,0,0,0,3,1,6,1,48,8,-1,-1,-1,-1,9,1,E01024753,0
Unvalidated,2024552400608,2024,552400608,1,5,0,18,4,8,0,0,1,0,0,0,0,1,6,1,33,6,-1,-1,-1,-1,6,1,E01023056,0
Unvalidated,2024552400609,2024,552400609,1,9,0,18,2,6,0,0,0,0,0,0,1,1,6,1,50,8,-1,-1,-1,-1,1,1,E01020554,0
Unvalidated,2024552400609,2024,552400609,2,9,0,3,2,6,0,0,0,0,0,0,2,1,6,2,37,7,-1,-1,-1,-1,7,1,E01020570,0
Unvalidated,2024552400609,2024,552400609,3,9,0,3,2,6,0,0,0,0,0,0,2,1,6,1,41,7,-1,-1,-1,-1,4,1,E01014786,0
Unvalidated,2024552400609,2024,552400609,4,9,0,3,2,6,0,0,0,0,0,0,2,1,6,1,55,8,-1,-1,-1,-1,1,1,E01009743,0
Unvalidated,2024552400610,2024,552400610,1,9,0,9,6,3,0,6,0,0,0,0,4,1,6,2,78,11,-1,-1,-1,-1,4,2,E01029179,0
Unvalidated,2024552400610,2024,552400610,2,9,0,18,3,7,0,8,0,0,0,0,1,1,6,2,18,4,-1,-1,-1,-1,7,2,E01020546,0
Unvalidated,2024552400611,2024,552400611,1,9,0,18,8,4,0,1,0,0,0,0,1,1,6,2,22,5,-1,-1,-1,-1,5,3,E01031530,0
Unvalidated,2024552400611,2024,552400611,2,9,0,4,8,4,0,1,0,0,0,0,2,1,6,1,42,7,-1,-1,-1,-1,6,1,E01015349,0
Unvalidated,2024552400612,2024,552400612,1,9,0,9,4,2,0,6,0,0,0,0,3,1,2,2,19,4,-1,-1,-1,-1,6,3,E01029192,0
Unvalidated,2024552400612,2024,552400612,2,9,0,18,2,6,0,8,0,0,0,0,1,1,2,1,43,7,-1,-1,-1,-1,2,1,E01029248,0
Unvalidated,2024552400613,2024,552400613,1,1,0,18,1,5,0,6,0,0,0,0,1,1,6,2,21,5,-1,-1,-1,-1,7,1,E01015352,0
Unvalidated,2024552400613,2024,552400613,2,9,0,18,7,3,0,8,0,0,0,0,4,1,2,2,32,6,-1,-1,-1,-1,4,1,E01015327,0
Unvalidated,2024552400614,2024,552400614,1,9,0,18,1,5,0,3,0,0,0,0,1,1,6,3,-1,-1,-1,-1,-1,-1,-1,-1,-1,0
Unvalidated,2024552400614,2024,552400614,2,1,0,18,7,3,0,8,0,0,0,0,4,1,6,2,36,7,-1,-1,-1,-1,4,1,E01015321,0
Unvalidated,2024552400615,2024,552400615,1,90,4,2,0,0,5,0,0,0,0,0,4,1,6,3,-1,-1,-1,-1,-1,-1,-1,-1,-1,0
Unvalidated,2024552400615,2024,552400615,2,1,0,14,6,2,4,0,0,0,0,0,3,1,6,1,29,6,-1,-1,-1,-1,6,1,E01015440,0
Unvalidated,2024552400616,2024,552400616,1,9,0,9,5,3,0,6,0,0,0,0,3,1,1,2,29,6,-1,-1,-1,-1,6,3,E01020433,0
Unvalidated,2024552400616,2024,552400616,2,9,0,18,3,7,0,8,0,0,0,0,1,1,2,2,18,4,-1,-1,-1,-1,6,3,E01020449,0
Unvalidated,2024552400617,2024,552400617,1,1,0,11,6,2,4,0,0,10,0,0,1,1,6,1,59,9,-1,-1,-1,-1,8,1,E01015344,0
Unvalidated,2024552400618,2024,552400618,1,9,0,16,4,7,0,0,2,0,1,4,4,1,6,1,18,4,-1,-1,-1,-1,6,2,E01020447,0
Unvalidated,2024552400619,2024,552400619,1,9,0,4,8,4,0,0,0,0,0,0,2,1,6,2,34,6,-1,-1,-1,-1,6,2,E01020439,0
Unvalidated,2024552400619,2024,552400619,2,9,0,18,8,4,0,0,0,0,0,0,1,1,6,1,36,7,-1,-1,-1,-1,6,2,E01020447,0
Unvalidated,2024552400620,2024,552400620,1,9,0,18,6,2,0,0,0,0,0,0,1,1,6,1,22,5,-1,-1,-1,-1,6,2,E01029227,0
Unvalidated,2024552400620,2024,552400620,2,9,0,4,6,2,0,0,0,0,0,0,2,1,6,2,32,6,-1,-1,-1,-1,6,1,E01029231,0
Unvalidated,2024552400621,2024,552400621,1,9,0,18,7,3,5,6,0,0,0,0,4,1,6,2,41,7,-1,-1,-1,-1,6,3,E01020534,0
Unvalidated,2024552400621,2024,552400621,2,1,0,18,2,6,5,8,0,0,0,0,1,1,6,2,56,9,-1,-1,-1,-1,7,1,E01020498,0
Unvalidated,2024552400622,2024,552400622,1,9,0,13,3,7,0,0,0,0,0,0,1,1,6,1,19,4,-1,-1,-1,-1,10,1,E01015464,0
Unvalidated,2024552400622,2024,552400622,2,9,0,18,3,7,0,0,1,0,0,0,2,1,6,2,40,7,-1,-1,-1,-1,10,2,E01027015,0
Unvalidated,2024552400622,2024,552400622,3,9,0,18,7,3,0,0,0,0,0,0,2,1,6,1,31,6,-1,-1,-1,-1,4,1,E01015343,0
Unvalidated,2024552400623,2024,552400623,1,3,0,4,6,2,0,0,1,0,0,0,1,1,6,1,29,6,-1,-1,-1,-1,8,1,E01015320,0
Unvalidated,2024552400623,2024,552400623,2,9,0,4,6,2,0,0,0,0,0,0,2,1,6,1,39,7,-1,-1,-1,-1,-1,-1,-1,0
Unvalidated,2024552400624,2024,552400624,1,19,0,18,5,1,0,0,0,0,0,0,1,1,6,1,36,7,-1,-1,-1,-1,10,3,E01015433,0
Unvalidated,2024552400624,2024,552400624,2,9,0,4,5,1,0,0,0,0,0,0,2,1,6,1,24,5,-1,-1,-1,-1,9,1,E01015463,0
Unvalidated,2024552400625,2024,552400625,1,3,0,9,2,8,0,8,0,0,0,0,4,1,6,1,24,5,-1,-1,-1,-1,5,3,E01020389,0
Unvalidated,2024552400625,2024,552400625,2,9,0,18,4,8,0,8,0,0,0,0,1,1,2,2,35,6,-1,-1,-1,-1,9,2,E01020435,0
Unvalidated,2024552400626,2024,552400626,1,9,0,18,7,3,0,0,0,0,0,0,1,1,6,3,-1,-1,-1,-1,-1,-1,-1,-1,-1,0
Unvalidated,2024552400626,2024,552400626,2,9,0,2,0,0,0,0,0,0,0,0,1,1,6,3,-1,-1,-1,-1,-1,-1,-1,-1,-1,0
Unvalidated,2024552400627,2024,552400627,1,9,0,1,3,7,0,6,0,0,0,0,3,2,6,2,75,10,-1,-1,-1,-1,3,1,E01015283,0
Unvalidated,2024552400628,2024,552400628,1,19,0,18,8,4,0,6,0,0,3,0,1,1,1,1,24,5,-1,-1,-1,-1,3,1,E01014515,0
Unvalidated,2024552400628,2024,552400628,2,9,0,18,5,1,0,8,0,0,7,1,4,1,2,2,56,9,-1,-1,-1,-1,6,2,E01020456,0
Unvalidated,2024552400629,2024,552400629,1,9,0,6,5,5,0,8,0,0,0,0,3,1,6,1,87,11,-1,-1,-1,-1,9,1,E01015342,0
Unvalidated,2024552400629,2024,552400629,2,9,0,18,5,1,0,8,0,0,0,0,1,1,6,1,32,6,-1,-1,-1,-1,4,1,E01015326,0
Unvalidated,2024552400630,2024,552400630,1,9,0,7,2,4,0,5,0,0,0,0,3,1,6,3,-1,-1,-1,-1,-1,-1,-1,-1,-1,0
Unvalidated,2024552400630,2024,552400630,2,1,0,13,2,6,0,8,0,0,0,0,4,1,6,1,33,6,-1,-1,-1,-1,5,1,E01015427,0
Unvalidated,2024552400632,2024,552400632,1,9,0,7,6,8,0,6,0,0,0,0,1,1,6,1,50,8,-1,-1,-1,-1,6,3,E01020541,0
Unvalidated,2024552400632,2024,552400632,2,9,0,18,4,8,0,8,5,0,1,11,2,1,6,2,66,10,-1,-1,-1,-1,6,3,E01020508,0
Unvalidated,2024552400633,2024,552400633,1,9,0,2,0,0,0,0,0,0,0,0,3,1,6,2,46,8,-1,-1,-1,-1,6,3,E01031991,0
Unvalidated,2024552400633,2024,552400633,2,9,0,18,8,4,0,0,0,0,0,0,1,1,6,2,82,11,-1,-1,-1,-1,9,3,E01032035,0
Unvalidated,2024552400634,2024,552400634,1,9,0,5,1,5,9,6,0,0,0,0,3,1,6,2,26,6,-1,-1,-1,-1,3,1,E01015273,0
Unvalidated,2024552400635,2024,552400635,1,3,0,18,5,1,0,1,0,0,0,0,1,1,2,1,24,5,-1,-1,-1,-1,2,1,E01015288,0
Unvalidated,2024552400635,2024,552400635,2,9,0,3,6,2,0,1,0,0,0,0,2,1,6,2,28,6,-1,-1,-1,-1,4,1,E01015343,0
Unvalidated,2024552400636,2024,552400636,1,9,0,5,4,8,0,0,0,0,0,0,3,1,6,1,78,11,-1,-1,-1,-1,-1,-1,-1,0
Unvalidated,2024552400636,2024,552400636,2,5,0,18,4,8,0,0,0,0,0,0,1,1,6,1,29,6,-1,-1,-1,-1,-1,-1,-1,0
Unvalidated,2024552400637,2024,552400637,1,9,0,16,7,2,0,0,0,0,0,0,1,1,6,3,-1,-1,-1,-1,-1,-1,-1,-1,-1,0
Unvalidated,2024552400637,2024,552400637,2,1,0,18,1,5,0,0,0,0,0,0,2,1,6,1,15,3,-1,-1,-1,-1,6,1,E01015349,0
Unvalidated,2024552400639,2024,552400639,1,5,0,16,2,4,0,0,0,0,7,10,1,1,6,1,51,8,-1,-1,-1,-1,5,1,E01015286,0
Unvalidated,2024552400640,2024,552400640,1,9,0,18,6,2,0,1,0,0,0,0,1,1,6,2,29,6,-1,-1,-1,-1,4,1,E01020394,0
Unvalidated,2024552400640,2024,552400640,2,9,0,8,6,2,0,1,0,0,0,0,2,1,6,2,34,6,-1,-1,-1,-1,8,1,E01020416,0
Unvalidated,2024552400641,2024,552400641,1,9,0,18,2,6,0,0,5,0,1,10,0,1,6,2,80,11,-1,-1,-1,-1,10,1,E01015399,0
Unvalidated,2024552400642,2024,552400642,1,9,0,4,6,2,0,0,0,0,0,0,1,1,6,2,69,10,-1,-1,-1,-1,5,1,E01016392,0
Unvalidated,2024552400642,2024,552400642,2,19,0,4,6,2,0,0,0,0,0,0,1,1,1,1,57,9,-1,-1,-1,-1,10,2,E01020409,0
Unvalidated,2024552400642,2024,552400642,3,9,0,4,6,2,0,0,0,0,0,0,2,1,6,1,79,11,-1,-1,-1,-1,6,3,E01020397,0
Unvalidated,2024552400643,2024,552400643,1,19,0,9,6,4,0,6,0,0,0,0,3,1,6,1,77,11,-1,-1,-1,-1,8,3,E01020474,0