status,collision_index,collision_year,collision_reference,vehicle_reference,vehicle_type,towing_and_articulation,vehicle_manoeuvre,vehicle_direction_from,vehicle_direction_to,vehicle_location_restricted_lane,junction_location,skidding_and_overturning,hit_object_in_carriageway,vehicle_leaving_carriageway,hit_object_off_carriageway,first_point_of_impact,vehicle_left_hand_drive,journey_purpose_of_driver,sex_of_driver,age_of_driver,age_band_of_driver,engine_capacity_cc,propulsion_code,age_of_vehicle,generic_make_model,driver_imd_decile,driver_home_area_type,lsoa_of_driver,escooter_flag
Unvalidated,2024552400643,2024,552400643,2,9,0,18,4,8,0,8,0,0,0,0,1,1,2,1,58,9,-1,-1,-1,-1,4,1,E01015443,0
Unvalidated,2024552400645,2024,552400645,1,9,0,18,2,6,0,6,0,0,0,0,1,1,6,2,62,9,-1,-1,-1,-1,-1,-1,-1,0
Unvalidated,2024552400645,2024,552400645,2,9,0,18,4,8,0,8,0,0,1,10,3,1,6,1,40,7,-1,-1,-1,-1,4,3,E01020496,0
Unvalidated,2024552400646,2024,552400646,1,19,0,3,2,6,0,4,0,0,0,0,1,1,6,1,49,8,-1,-1,-1,-1,9,2,E01020532,0
Unvalidated,2024552400646,2024,552400646,2,9,0,3,2,6,0,1,0,0,0,0,2,1,2,1,19,4,-1,-1,-1,-1,4,1,E01020574,0
Unvalidated,2024552400647,2024,552400647,1,9,0,4,1,5,0,8,0,0,0,0,2,1,6,3,-1,-1,-1,-1,-1,-1,-1,-1,-1,0
Unvalidated,2024552400647,2024,552400647,2,1,0,18,1,5,0,8,0,0,0,0,1,1,6,1,29,6,-1,-1,-1,-1,7,1,E01015297,0
Unvalidated,2024552400648,2024,552400648,1,9,0,18,6,2,0,0,0,0,0,0,4,1,6,2,36,7,-1,-1,-1,-1,5,1,E01015296,0
Unvalidated,2024552400649,2024,552400649,1,9,0,18,6,2,0,0,5,4,0,0,4,1,6,2,80,11,-1,-1,-1,-1,4,1,E01015303,0
Unvalidated,2024552400649,2024,552400649,2,9,0,2,0,0,0,0,0,0,0,0,3,1,6,3,-1,-1,-1,-1,-1,-1,-1,-1,-1,0
Unvalidated,2024552400650,2024,552400650,1,9,0,9,2,7,0,5,0,0,0,0,4,1,6,1,36,7,-1,-1,-1,-1,1,1,E01029835,0
Unvalidated,2024552400650,2024,552400650,2,9,0,17,5,2,0,8,0,0,0,0,1,1,6,1,45,7,-1,-1,-1,-1,10,1,E01020415,0
Unvalidated,2024552400651,2024,552400651,1,3,0,18,8,4,0,0,0,0,0,0,1,1,2,1,20,4,-1,-1,-1,-1,5,3,E01020444,0
Unvalidated,2024552400651,2024,552400651,2,9,0,4,8,4,0,0,0,0,0,0,2,1,6,1,51,8,-1,-1,-1,-1,6,3,E01020441,0
Unvalidated,2024552400652,2024,552400652,1,9,0,14,7,3,0,8,0,0,0,0,1,1,6,1,57,9,-1,-1,-1,-1,6,1,E01015460,0
Unvalidated,2024552400652,2024,552400652,2,9,0,18,3,7,0,8,0,0,0,0,1,1,3,2,43,7,-1,-1,-1,-1,5,1,E01015380,0
Unvalidated,2024552400653,2024,552400653,1,9,0,13,4,8,0,0,0,0,0,0,4,1,6,3,-1,-1,-1,-1,-1,-1,-1,-1,-1,0
Unvalidated,2024552400653,2024,552400653,2,1,0,18,4,8,0,0,0,10,0,0,3,1,6,2,43,7,-1,-1,-1,-1,8,1,E01015299,0
Unvalidated,2024552400654,2024,552400654,1,11,0,7,4,6,0,8,0,0,0,0,0,1,1,1,59,9,-1,-1,-1,-1,7,1,E01015413,0
Unvalidated,2024552400655,2024,552400655,1,3,0,4,6,2,0,0,1,0,0,0,1,1,6,1,18,4,-1,-1,-1,-1,4,1,E01020581,0
Unvalidated,2024552400655,2024,552400655,2,9,0,4,6,2,0,0,0,0,0,0,2,1,6,2,31,6,-1,-1,-1,-1,10,3,E01020380,0
Unvalidated,2024552400656,2024,552400656,1,9,0,18,2,6,0,0,0,0,0,0,1,1,4,2,17,4,-1,-1,-1,-1,4,1,E01015276,0
Unvalidated,2024552400656,2024,552400656,2,9,0,18,2,6,0,0,0,0,0,0,2,1,6,1,19,4,-1,-1,-1,-1,4,1,E01015365,0
Unvalidated,2024552400656,2024,552400656,3,9,0,18,2,6,0,0,0,0,0,0,2,1,6,2,61,9,-1,-1,-1,-1,6,1,E01015361,0
Unvalidated,2024552400657,2024,552400657,1,9,0,9,6,3,0,8,0,0,0,0,1,1,6,2,54,8,-1,-1,-1,-1,4,1,E01015321,0
Unvalidated,2024552400657,2024,552400657,2,3,0,9,3,1,0,8,0,0,0,0,4,1,6,2,31,6,-1,-1,-1,-1,3,1,E01015285,0
Unvalidated,2024552400658,2024,552400658,1,9,0,6,4,4,0,0,0,0,0,0,4,1,2,1,65,9,-1,-1,-1,-1,9,1,E01015419,0
Unvalidated,2024552400658,2024,552400658,2,9,0,18,8,4,0,0,0,0,0,0,1,1,2,1,31,6,-1,-1,-1,-1,8,1,E01017145,0
Unvalidated,2024552400659,2024,552400659,1,9,0,9,5,3,4,5,0,0,0,0,1,1,6,1,57,9,-1,-1,-1,-1,4,1,E01020578,0
Unvalidated,2024552400659,2024,552400659,2,1,0,18,1,5,4,8,0,0,0,0,3,1,6,1,63,9,-1,-1,-1,-1,5,1,E01020584,0
Unvalidated,2024552400660,2024,552400660,1,9,0,9,4,1,0,5,0,0,0,0,1,1,6,2,77,11,-1,-1,-1,-1,6,2,E01029157,0
Unvalidated,2024552400660,2024,552400660,2,19,0,18,8,4,0,8,0,0,0,0,3,1,1,1,37,7,-1,-1,-1,-1,7,3,E01020440,0
Unvalidated,2024552400661,2024,552400661,1,90,0,18,2,6,4,0,0,0,0,0,1,1,6,1,35,6,-1,-1,-1,-1,1,1,E01015282,1
Unvalidated,2024552400662,2024,552400662,1,9,0,9,4,2,0,6,0,0,0,0,4,1,2,2,34,6,-1,-1,-1,-1,6,1,E01015454,0
Unvalidated,2024552400662,2024,552400662,2,1,0,18,6,2,0,8,0,0,0,0,1,1,2,1,22,5,-1,-1,-1,-1,2,1,E01015384,0
Unvalidated,2024552400663,2024,552400663,1,9,0,18,5,1,0,0,0,0,0,0,1,1,6,1,32,6,-1,-1,-1,-1,5,2,E01020565,0
Unvalidated,2024552400664,2024,552400664,1,9,0,4,2,6,0,0,0,0,0,0,1,1,6,2,27,6,-1,-1,-1,-1,9,1,E01015422,0
Unvalidated,2024552400664,2024,552400664,2,9,0,4,2,6,0,0,0,0,0,0,2,1,6,1,28,6,-1,-1,-1,-1,5,1,E01015417,0
Unvalidated,2024552400665,2024,552400665,1,9,0,18,8,4,0,0,0,0,0,0,4,1,6,3,-1,-1,-1,-1,-1,-1,-1,-1,-1,0
Unvalidated,2024552400665,2024,552400665,2,1,0,18,2,6,0,0,0,0,0,0,1,1,6,1,17,4,-1,-1,-1,-1,7,1,E01015354,0
Unvalidated,2024552400666,2024,552400666,1,9,0,7,2,4,0,6,0,0,0,0,3,1,6,2,52,8,-1,-1,-1,-1,6,1,E01020586,0
Unvalidated,2024552400666,2024,552400666,2,5,0,18,8,4,0,8,0,0,0,0,1,1,6,1,58,9,-1,-1,-1,-1,4,1,E01020571,0
Unvalidated,2024552400667,2024,552400667,1,9,0,9,5,4,0,6,0,0,3,11,3,1,6,2,65,9,-1,-1,-1,-1,6,2,E01020443,0
Unvalidated,2024552400667,2024,552400667,2,9,0,18,4,8,0,8,0,0,7,11,1,1,6,2,31,6,-1,-1,-1,-1,6,2,E01020443,0
Unvalidated,2024552400668,2024,552400668,1,9,0,8,2,4,0,6,0,0,0,0,3,1,2,2,49,8,-1,-1,-1,-1,7,3,E01020509,0
Unvalidated,2024552400668,2024,552400668,2,9,0,18,8,4,0,8,0,0,7,4,1,1,6,1,63,9,-1,-1,-1,-1,7,2,E01020538,0
Unvalidated,2024552400669,2024,552400669,1,9,0,5,5,1,0,6,0,0,0,0,1,1,6,1,18,4,-1,-1,-1,-1,6,2,E01032037,0
Unvalidated,2024552400669,2024,552400669,2,9,0,18,2,6,0,8,0,0,0,0,4,1,6,2,18,4,-1,-1,-1,-1,9,3,E01033156,0
Unvalidated,2024552400670,2024,552400670,1,9,0,9,1,6,0,6,0,0,0,0,3,1,2,1,40,7,-1,-1,-1,-1,9,1,E01015453,0
Unvalidated,2024552400670,2024,552400670,2,1,0,18,4,8,0,8,0,0,0,0,1,1,6,1,79,11,-1,-1,-1,-1,2,1,E01015367,0
Unvalidated,2024552400672,2024,552400672,1,9,0,18,8,4,0,0,0,0,0,0,1,1,1,1,26,6,-1,-1,-1,-1,3,1,E01022739,0
Unvalidated,2024552400672,2024,552400672,2,8,0,18,4,8,0,0,0,0,0,0,3,1,1,2,52,8,-1,-1,-1,-1,6,3,E01020490,0
Unvalidated,2024552400673,2024,552400673,1,9,0,2,0,0,0,0,0,0,0,0,3,1,6,2,77,11,-1,-1,-1,-1,9,1,E01004638,0
Unvalidated,2024552400675,2024,552400675,1,9,0,18,4,8,0,4,0,0,0,0,1,1,6,2,84,11,-1,-1,-1,-1,9,1,E01020356,0
Unvalidated,2024552400675,2024,552400675,2,22,0,18,7,3,0,8,5,0,0,0,3,1,6,2,84,11,-1,-1,-1,-1,8,1,E01020367,0
Unvalidated,2024552400676,2024,552400676,1,9,0,6,6,6,0,0,0,0,0,0,3,1,2,1,57,9,-1,-1,-1,-1,2,1,E01002633,0
Unvalidated,2024552400676,2024,552400676,2,5,0,18,6,2,0,0,0,0,0,0,4,1,6,1,59,9,-1,-1,-1,-1,8,1,E01020379,0
Unvalidated,2024552400677,2024,552400677,1,1,0,18,4,8,0,0,0,0,0,0,0,1,6,1,56,9,-1,-1,-1,-1,5,1,E01015461,0
Unvalidated,2024552400678,2024,552400678,1,3,0,18,6,2,0,6,0,0,0,0,0,1,6,1,23,5,-1,-1,-1,-1,10,1,E01015434,0
Unvalidated,2024552400679,2024,552400679,1,9,0,18,6,2,0,0,0,0,7,10,1,1,6,1,19,4,-1,-1,-1,-1,10,1,E01032006,0
Unvalidated,2024552400680,2024,552400680,1,19,0,7,5,8,0,6,0,0,0,0,3,1,6,1,47,8,-1,-1,-1,-1,8,2,E01020487,0
Unvalidated,2024552400680,2024,552400680,2,9,0,18,4,8,0,8,0,0,0,0,1,1,6,1,65,9,-1,-1,-1,-1,7,3,E01020539,0
Unvalidated,2024552400681,2024,552400681,1,9,0,9,4,2,0,5,0,0,0,0,1,1,6,1,19,4,-1,-1,-1,-1,8,1,E01015319,0
Unvalidated,2024552400681,2024,552400681,2,9,0,18,8,4,0,8,0,0,0,0,1,1,6,2,21,5,-1,-1,-1,-1,6,1,E01015358,0
Unvalidated,2024552400682,2024,552400682,1,9,0,7,1,2,0,6,0,0,0,0,1,1,6,1,37,7,-1,-1,-1,-1,10,1,E01020407,0
Unvalidated,2024552400682,2024,552400682,2,1,0,18,6,2,0,8,0,0,0,0,4,1,6,2,54,8,-1,-1,-1,-1,7,1,E01020429,0
Unvalidated,2024552400683,2024,552400683,1,9,0,9,1,8,0,3,0,0,0,0,1,1,6,2,18,4,-1,-1,-1,-1,6,3,E01029061,0
Unvalidated,2024552400683,2024,552400683,2,9,0,18,5,1,0,8,0,0,0,0,3,1,6,1,25,5,-1,-1,-1,-1,1,1,E01020552,0
Unvalidated,2024552400684,2024,552400684,1,99,0,18,4,8,0,8,0,0,0,0,1,1,6,3,-1,-1,-1,-1,-1,-1,-1,-1,-1,0
Unvalidated,2024552400685,2024,552400685,1,9,0,18,8,4,0,0,5,4,0,0,1,1,6,1,36,7,-1,-1,-1,-1,6,1,E01015438,0
Unvalidated,2024552400685,2024,552400685,2,9,0,2,0,0,0,0,0,0,0,0,3,1,6,3,-1,-1,-1,-1,-1,-1,-1,-1,-1,0
Unvalidated,2024552400685,2024,552400685,3,19,0,2,0,0,0,0,0,0,0,0,1,1,6,3,-1,-1,-1,-1,-1,-1,-1,-1,-1,0
Unvalidated,2024552400687,2024,552400687,1,90,0,9,2,8,0,1,0,0,0,0,1,1,6,2,12,3,-1,-1,-1,-1,6,1,E01015324,1
Unvalidated,2024552400687,2024,552400687,2,1,0,18,8,4,4,1,0,0,0,0,1,1,6,1,62,9,-1,-1,-1,-1,8,1,E01015320,0
Unvalidated,2024552400688,2024,552400688,1,9,0,18,2,6,0,0,5,0,0,0,0,1,6,1,18,4,-1,-1,-1,-1,8,2,E01020495,0
Unvalidated,2024552400689,2024,552400689,1,9,0,18,8,4,9,0,0,0,1,4,1,1,6,2,39,7,-1,-1,-1,-1,8,1,E01020367,0
Unvalidated,2024552400690,2024,552400690,1,1,0,18,4,8,9,0,0,0,0,0,0,1,6,1,52,8,-1,-1,-1,-1,10,1,E01030350,0
Unvalidated,2024552400691,2024,552400691,1,9,0,9,2,8,0,6,0,0,0,0,3,1,2,1,32,6,-1,-1,-1,-1,3,1,E01015442,0
Unvalidated,2024552400691,2024,552400691,2,3,0,18,8,4,0,8,0,0,0,0,1,1,6,1,31,6,-1,-1,-1,-1,6,1,E01015373,0
Unvalidated,2024552400693,2024,552400693,1,9,0,18,8,4,0,0,0,0,0,0,1,1,6,1,35,6,-1,-1,-1,-1,8,3,E01029212,0
Unvalidated,2024552400693,2024,552400693,2,8,0,18,4,8,0,0,0,0,0,0,1,1,6,1,60,9,-1,-1,-1,-1,5,2,E01029154,0
Unvalidated,2024552400694,2024,552400694,1,9,0,9,2,1,7,5,0,0,0,0,4,1,6,2,32,6,-1,-1,-1,-1,7,3,E01028713,0
Unvalidated,2024552400694,2024,552400694,2,9,0,18,2,6,0,8,0,0,0,0,1,1,6,2,31,6,-1,-1,-1,-1,7,3,E01020540,0
Unvalidated,2024552400694,2024,552400694,3,11,0,18,6,2,0,8,0,0,0,0,1,1,1,2,59,9,-1,-1,-1,-1,7,2,E01020542,0
Unvalidated,2024552400695,2024,552400695,1,9,0,1,6,2,0,8,0,0,0,0,2,1,6,1,42,7,-1,-1,-1,-1,7,1,E01015330,0
Unvalidated,2024552400695,2024,552400695,2,19,0,18,2,6,0,8,0,0,0,0,1,1,1,1,40,7,-1,-1,-1,-1,7,1,E01015424,0
Unvalidated,2024552400696,2024,552400696,1,9,0,9,3,2,0,6,0,0,0,0,3,1,6,1,44,7,-1,-1,-1,-1,6,3,E01020398,0
Unvalidated,2024552400696,2024,552400696,2,3,0,18,2,6,0,8,0,0,0,0,1,1,6,1,17,4,-1,-1,-1,-1,5,1,E01020412,0
Unvalidated,2024552400697,2024,552400697,1,9,0,18,5,1,0,0,5,0,1,4,1,1,2,1,20,4,-1,-1,-1,-1,6,2,E01032037,0
Unvalidated,2024552400697,2024,552400697,2,9,0,18,5,1,0,0,0,0,0,0,1,1,2,1,19,4,-1,-1,-1,-1,5,2,E01020454,0
Unvalidated,2024552400697,2024,552400697,3,19,0,2,0,0,0,0,5,0,0,0,2,1,1,1,38,7,-1,-1,-1,-1,7,3,E01032029,0
Unvalidated,2024552400698,2024,552400698,1,9,0,18,5,1,0,4,0,0,0,0,1,1,6,3,-1,-1,-1,-1,-1,-1,-1,-1,-1,0
Unvalidated,2024552400699,2024,552400699,1,9,0,7,1,2,0,6,0,0,0,0,1,1,6,1,60,9,-1,-1,-1,-1,6,3,E01029221,0
Unvalidated,2024552400699,2024,552400699,2,5,0,18,6,2,0,8,0,0,0,0,4,1,6,1,37,7,-1,-1,-1,-1,6,2,E01020456,0
Unvalidated,2024552400700,2024,552400700,1,9,0,18,3,7,0,0,0,0,0,0,3,1,6,1,43,7,-1,-1,-1,-1,8,1,E01016319,0
Unvalidated,2024552400700,2024,552400700,2,9,0,18,7,3,0,0,0,0,7,4,3,1,2,2,25,5,-1,-1,-1,-1,5,2,E01017586,0
Unvalidated,2024552400701,2024,552400701,1,9,0,9,1,7,0,6,0,0,0,0,1,1,6,1,49,8,-1,-1,-1,-1,5,1,E01020584,0
Unvalidated,2024552400701,2024,552400701,2,5,0,14,3,7,0,8,1,0,0,0,1,1,6,1,56,9,-1,-1,-1,-1,8,1,E01020579,0
Unvalidated,2024552400702,2024,552400702,1,9,0,9,6,3,0,5,0,0,0,0,4,1,6,1,49,8,-1,-1,-1,-1,7,1,E01015391,0
Unvalidated,2024552400702,2024,552400702,2,4,0,18,2,6,0,2,0,0,0,0,1,1,2,1,40,7,-1,-1,-1,-1,8,1,E01015320,0
Unvalidated,2024552400703,2024,552400703,1,2,0,18,8,4,0,0,1,0,0,0,0,1,6,2,17,4,-1,-1,-1,-1,5,1,E01015375,0
Unvalidated,2024552400704,2024,552400704,1,9,0,9,1,7,4,5,0,0,0,0,4,1,6,1,80,11,-1,-1,-1,-1,6,1,E01008078,0
Unvalidated,2024552400704,2024,552400704,2,1,0,18,5,1,4,8,0,0,0,0,1,1,6,1,55,8,-1,-1,-1,-1,5,1,E01015427,0
Unvalidated,2024552400705,2024,552400705,1,9,0,18,6,2,0,0,5,0,0,0,0,1,6,1,21,5,-1,-1,-1,-1,6,3,E01020541,0
Unvalidated,2024552400706,2024,552400706,1,2,0,16,2,5,0,8,0,0,7,0,1,1,2,1,19,4,-1,-1,-1,-1,10,1,E01020407,0
Unvalidated,2024552400707,2024,552400707,1,9,0,14,8,4,0,0,0,0,0,0,1,1,6,2,39,7,-1,-1,-1,-1,10,1,E01020380,0
Unvalidated,2024552400707,2024,552400707,2,11,0,2,0,0,0,0,0,0,0,0,0,1,1,1,43,7,-1,-1,-1,-1,2,1,E01015379,0
Unvalidated,2024552400708,2024,552400708,1,9,0,14,2,4,0,6,0,0,0,0,4,1,6,2,25,5,-1,-1,-1,-1,4,1,E01015372,0
Unvalidated,2024552400708,2024,552400708,2,9,0,2,0,0,0,1,0,0,0,0,3,1,6,1,26,6,-1,-1,-1,-1,3,1,E01015371,0
Unvalidated,2024552400708,2024,552400708,3,10,0,18,4,8,0,8,0,0,0,0,1,1,6,2,54,8,-1,-1,-1,-1,1,1,E01015313,0
Unvalidated,2024552400709,2024,552400709,1,3,0,18,3,7,0,0,0,0,0,0,0,1,6,1,20,4,-1,-1,-1,-1,5,2,E01020459,0
Unvalidated,2024552400711,2024,552400711,1,9,0,5,5,1,0,8,0,0,0,0,1,1,2,1,31,6,-1,-1,-1,-1,4,1,E01015390,0
Unvalidated,2024552400711,2024,552400711,2,2,0,9,1,7,0,8,0,0,0,0,4,1,2,1,57,9,-1,-1,-1,-1,4,1,E01015339,0
Unvalidated,2024552400712,2024,552400712,1,9,0,7,7,1,0,5,0,0,7,3,1,1,6,2,80,11,-1,-1,-1,-1,6,3,E01020534,0
Unvalidated,2024552400713,2024,552400713,1,19,0,9,2,1,4,5,0,0,0,0,1,1,2,1,59,9,-1,-1,-1,-1,6,2,E01020439,0
Unvalidated,2024552400713,2024,552400713,2,1,0,18,2,6,5,8,0,0,0,0,3,1,2,1,41,7,-1,-1,-1,-1,5,1,E01020427,0
Unvalidated,2024552400714,2024,552400714,1,9,0,18,7,3,0,0,0,4,0,0,4,1,2,2,45,7,-1,-1,-1,-1,7,1,E01032661,0
Unvalidated,2024552400714,2024,552400714,2,9,0,2,0,0,0,0,0,0,0,0,3,1,6,3,-1,-1,-1,-1,-1,-1,-1,-1,-1,0
Unvalidated,2024552400715,2024,552400715,1,9,0,12,3,7,0,8,0,0,0,0,3,1,6,3,-1,-1,-1,-1,-1,-1,-1,-1,-1,0
Unvalidated,2024552400715,2024,552400715,2,5,0,18,3,7,0,8,0,0,0,0,4,1,6,1,34,6,-1,-1,-1,-1,5,1,E01019954,0
Unvalidated,2024552400716,2024,552400716,1,19,4,14,4,8,0,0,0,0,0,0,4,1,2,1,39,7,-1,-1,-1,-1,3,1,E01002311,0
Unvalidated,2024552400716,2024,552400716,2,98,0,2,0,0,0,0,0,0,0,0,3,1,6,1,41,7,-1,-1,-1,-1,8,1,E01020369,0
Unvalidated,2024552400717,2024,552400717,1,4,0,18,3,7,9,0,0,0,0,0,3,1,6,1,16,4,-1,-1,-1,-1,2,1,E01015312,0
Unvalidated,2024552400717,2024,552400717,2,9,0,2,0,0,0,0,0,0,0,0,4,1,6,3,-1,-1,-1,-1,-1,-1,-1,-1,-1,0
Unvalidated,2024552400718,2024,552400718,1,9,0,18,2,6,0,0,5,0,0,0,1,1,6,1,63,9,-1,-1,-1,-1,7,1,E01015457,0
Unvalidated,2024552400718,2024,552400718,2,9,0,18,6,2,0,0,0,0,0,0,1,1,6,1,52,8,-1,-1,-1,-1,6,1,E01015440,0
Unvalidated,2024552400719,2024,552400719,1,9,0,18,8,4,0,0,0,0,0,0,1,1,6,2,31,6,-1,-1,-1,-1,6,2,E01020439,0
Unvalidated,2024552400720,2024,552400720,1,9,0,18,4,8,0,1,0,0,0,0,1,1,6,1,64,9,-1,-1,-1,-1,3,1,E01015308,0
Unvalidated,2024552400720,2024,552400720,2,9,0,3,4,8,0,1,0,0,0,0,2,1,6,2,48,8,-1,-1,-1,-1,8,1,E01015335,0
Unvalidated,2024552400721,2024,552400721,1,9,0,18,6,2,0,4,0,0,0,0,1,1,6,1,61,9,-1,-1,-1,-1,3,1,E01015310,0
Unvalidated,2024552400721,2024,552400721,2,3,0,9,2,8,0,3,0,0,0,0,4,1,6,1,21,5,-1,-1,-1,-1,6,1,E01015324,0
Unvalidated,2024552400722,2024,552400722,1,9,0,18,8,4,0,0,2,0,7,9,4,1,6,1,17,4,-1,-1,-1,-1,2,1,E01029239,0
Unvalidated,2024552400723,2024,552400723,1,1,0,18,7,3,0,8,0,0,0,0,1,1,2,1,39,7,-1,-1,-1,-1,2,1,E01015288,0
Unvalidated,2024552400723,2024,552400723,2,9,0,18,5,1,0,8,0,0,0,0,4,1,2,2,49,8,-1,-1,-1,-1,8,1,E01015332,0
Unvalidated,2024552400724,2024,552400724,1,9,0,13,7,3,0,0,0,0,0,0,4,1,6,3,-1,-1,-1,-1,-1,-1,-1,-1,-1,0
Unvalidated,2024552400724,2024,552400724,2,1,0,18,7,3,0,0,0,0,0,0,3,1,6,1,32,6,-1,-1,-1,-1,7,3,E01015977,0
Unvalidated,2024552400725,2024,552400725,1,4,0,18,4,8,0,8,0,0,0,0,1,1,6,1,25,5,-1,-1,-1,-1,5,1,E01015427,0
Unvalidated,2024552400725,2024,552400725,2,8,0,8,4,7,0,5,0,0,0,0,2,1,6,1,53,8,-1,-1,-1,-1,6,1,E01015349,0
Unvalidated,2024552400726,2024,552400726,1,9,0,18,6,2,0,0,1,0,2,10,1,1,6,1,40,7,-1,-1,-1,-1,3,1,E01017220,0
Unvalidated,2024552400727,2024,552400727,1,9,0,18,4,8,0,8,0,0,0,0,1,1,2,1,68,10,-1,-1,-1,-1,6,1,E01015402,0
Unvalidated,2024552400727,2024,552400727,2,1,0,18,2,6,0,8,0,0,0,0,4,1,2,1,20,4,-1,-1,-1,-1,2,1,E01015367,0
Unvalidated,2024552400728,2024,552400728,1,9,0,7,6,1,0,8,0,0,0,0,1,1,6,2,66,10,-1,-1,-1,-1,9,1,E01015432,0
Unvalidated,2024552400728,2024,552400728,2,1,0,9,4,1,0,8,0,0,0,0,4,1,6,2,59,9,-1,-1,-1,-1,9,1,E01020391,0
Unvalidated,2024552400729,2024,552400729,1,17,4,9,3,2,0,6,0,0,0,0,3,1,1,1,18,4,-1,-1,-1,-1,5,3,E01020506,0
Unvalidated,2024552400729,2024,552400729,2,9,0,18,2,6,0,8,0,0,1,10,1,1,6,1,84,11,-1,-1,-1,-1,9,3,E01020497,0
Unvalidated,2024552400730,2024,552400730,1,9,0,9,8,5,0,5,0,0,0,0,4,1,2,1,17,4,-1,-1,-1,-1,7,1,E01020498,0
Unvalidated,2024552400730,2024,552400730,2,5,0,18,4,8,0,8,0,0,0,0,1,1,6,1,61,9,-1,-1,-1,-1,2,1,E01015384,0
Unvalidated,2024552400731,2024,552400731,1,9,0,18,3,7,0,8,0,0,0,0,4,1,6,2,55,8,-1,-1,-1,-1,3,1,E01015409,0
Unvalidated,2024552400731,2024,552400731,2,9,0,18,5,1,0,8,0,0,0,0,1,1,6,2,26,6,-1,-1,-1,-1,5,3,E01020460,0
Unvalidated,2024552400732,2024,552400732,1,9,0,9,4,2,0,6,0,0,0,0,1,1,6,1,34,6,-1,-1,-1,-1,8,1,E01023069,0
Unvalidated,2024552400732,2024,552400732,2,4,0,9,6,4,0,5,0,0,0,0,3,1,2,1,24,5,-1,-1,-1,-1,4,1,E01015327,0
Unvalidated,2024552400733,2024,552400733,1,9,0,9,4,2,0,6,0,0,0,0,1,1,6,3,-1,-1,-1,-1,-1,-1,-1,-1,-1,0
Unvalidated,2024552400733,2024,552400733,2,3,0,18,2,6,0,8,0,0,0,0,4,1,6,1,49,8,-1,-1,-1,-1,2,1,E01015277,0
Unvalidated,2024552400734,2024,552400734,1,9,0,18,5,1,0,5,0,0,0,0,1,1,6,3,-1,-1,-1,-1,-1,-1,-1,-1,-1,0
Unvalidated,2024552400734,2024,552400734,2,3,0,7,8,1,0,5,0,0,0,0,3,1,6,2,32,6,-1,-1,-1,-1,6,1,E01015368,0
Unvalidated,2024552400735,2024,552400735,1,1,0,18,4,8,0,0,0,0,0,0,0,1,6,1,70,10,-1,-1,-1,-1,4,1,E01032645,0
Unvalidated,2024552400736,2024,552400736,1,9,0,18,8,4,9,0,0,0,0,0,1,1,6,2,83,11,-1,-1,-1,-1,8,1,E01020344,0
Unvalidated,2024552400737,2024,552400737,1,9,0,6,3,3,0,8,0,0,0,0,4,1,6,2,41,7,-1,-1,-1,-1,-1,-1,-1,0
Unvalidated,2024552400737,2024,552400737,2,5,0,18,6,2,0,8,1,0,0,0,1,1,6,1,58,9,-1,-1,-1,-1,2,1,E01015384,0
Unvalidated,2024552400738,2024,552400738,1,9,4,18,1,5,0,0,0,0,0,0,1,1,1,1,29,6,-1,-1,-1,-1,9,2,E01019845,0
Unvalidated,2024552400738,2024,552400738,2,9,0,18,5,1,0,0,0,0,0,0,1,1,2,2,36,7,-1,-1,-1,-1,8,2,E01020455,0
Unvalidated,2024552400739,2024,552400739,1,9,0,6,1,1,0,1,0,0,0,0,3,1,2,1,30,6,-1,-1,-1,-1,10,1,E01015433,0
Unvalidated,2024552400739,2024,552400739,2,1,0,18,1,5,0,1,0,0,0,0,1,1,6,1,24,5,-1,-1,-1,-1,5,1,E01015441,0
Unvalidated,2024552400740,2024,552400740,1,5,0,18,8,4,0,0,1,0,0,0,1,1,6,1,55,8,-1,-1,-1,-1,6,3,E01032076,0
Unvalidated,2024552400740,2024,552400740,2,9,0,3,4,8,0,0,0,0,0,0,1,1,6,1,70,10,-1,-1,-1,-1,10,1,E01023248,0
Unvalidated,2024552400742,2024,552400742,1,8,0,5,1,5,0,2,0,0,0,0,1,1,1,1,67,10,-1,-1,-1,-1,10,1,E01015434,0
Unvalidated,2024552400742,2024,552400742,2,1,0,18,8,4,0,8,0,0,0,0,3,1,6,1,53,8,-1,-1,-1,-1,6,1,E01015363,0
Unvalidated,2024552400743,2024,552400743,1,9,0,7,4,6,0,8,0,0,0,0,1,1,6,2,18,4,-1,-1,-1,-1,1,1,E01015282,0
Unvalidated,2024552400743,2024,552400743,2,1,0,18,2,6,0,8,0,0,0,0,4,1,6,1,23,5,-1,-1,-1,-1,1,1,E01015282,0
Unvalidated,2024552400744,2024,552400744,1,9,0,1,5,1,9,6,0,0,0,0,2,1,6,1,20,4,-1,-1,-1,-1,8,2,E01023837,0
Unvalidated,2024552400746,2024,552400746,1,3,0,14,1,5,0,1,0,0,0,0,1,1,6,1,20,4,-1,-1,-1,-1,7,3,E01020566,0
Unvalidated,2024552400747,2024,552400747,1,19,0,13,8,4,0,0,0,0,0,0,3,1,1,1,42,7,-1,-1,-1,-1,2,1,E01020582,0