status,collision_index,collision_year,collision_reference,vehicle_reference,vehicle_type,towing_and_articulation,vehicle_manoeuvre,vehicle_direction_from,vehicle_direction_to,vehicle_location_restricted_lane,junction_location,skidding_and_overturning,hit_object_in_carriageway,vehicle_leaving_carriageway,hit_object_off_carriageway,first_point_of_impact,vehicle_left_hand_drive,journey_purpose_of_driver,sex_of_driver,age_of_driver,age_band_of_driver,engine_capacity_cc,propulsion_code,age_of_vehicle,generic_make_model,driver_imd_decile,driver_home_area_type,lsoa_of_driver,escooter_flag
Unvalidated,2024552400747,2024,552400747,2,5,0,13,8,4,0,0,0,0,0,0,4,1,6,1,28,6,-1,-1,-1,-1,3,1,E01015415,0
Unvalidated,2024552400749,2024,552400749,1,3,0,7,4,6,0,5,0,0,0,0,3,1,6,1,64,9,-1,-1,-1,-1,6,1,E01020471,0
Unvalidated,2024552400749,2024,552400749,2,9,0,7,4,6,0,5,0,0,0,0,4,1,6,1,68,10,-1,-1,-1,-1,6,1,E01015324,0
Unvalidated,2024552400750,2024,552400750,1,9,0,18,7,3,0,8,0,0,0,0,1,1,6,1,34,6,-1,-1,-1,-1,6,1,E01015402,0
Unvalidated,2024552400750,2024,552400750,2,9,0,18,5,1,0,8,0,0,7,1,4,1,6,2,42,7,-1,-1,-1,-1,3,1,E01033241,0
Unvalidated,2024552400751,2024,552400751,1,5,0,18,6,2,0,0,1,0,0,0,0,1,2,1,34,6,-1,-1,-1,-1,6,2,E01020488,0
Unvalidated,2024552400752,2024,552400752,1,3,0,18,7,3,0,0,0,0,0,0,0,1,6,1,30,6,-1,-1,-1,-1,4,1,E01015327,0
Unvalidated,2024552400753,2024,552400753,1,19,0,5,8,4,2,0,0,0,0,0,3,1,1,1,56,9,-1,-1,-1,-1,8,1,E01017086,0
Unvalidated,2024552400753,2024,552400753,2,9,0,18,4,8,0,0,0,0,0,0,4,1,6,1,39,7,-1,-1,-1,-1,3,1,E01015293,0
Unvalidated,2024552400754,2024,552400754,1,9,0,7,5,7,0,6,0,0,0,0,3,1,2,2,35,6,-1,-1,-1,-1,3,1,E01015415,0
Unvalidated,2024552400754,2024,552400754,2,97,0,18,3,7,0,8,0,0,1,4,1,1,6,1,18,4,-1,-1,-1,-1,7,3,E01020491,0
Unvalidated,2024552400755,2024,552400755,1,3,0,18,4,8,0,0,0,0,0,0,0,1,6,1,18,4,-1,-1,-1,-1,7,3,E01020509,0
Unvalidated,2024552400756,2024,552400756,1,19,0,7,6,8,0,6,0,0,0,0,3,1,6,1,32,6,-1,-1,-1,-1,7,3,E01020539,0
Unvalidated,2024552400756,2024,552400756,2,5,0,18,4,8,0,8,0,0,0,0,1,1,6,1,30,6,-1,-1,-1,-1,4,1,E01020574,0
Unvalidated,2024552400757,2024,552400757,1,9,0,18,3,7,0,0,0,0,0,0,1,1,2,1,41,7,-1,-1,-1,-1,-1,-1,-1,0
Unvalidated,2024552400757,2024,552400757,2,9,0,3,7,3,8,0,0,0,0,0,1,1,2,1,23,5,-1,-1,-1,-1,-1,-1,-1,0
Unvalidated,2024552400758,2024,552400758,1,9,0,18,2,6,0,0,0,0,0,0,1,1,6,2,38,7,-1,-1,-1,-1,8,1,E01015411,0
Unvalidated,2024552400758,2024,552400758,2,9,0,4,2,6,0,0,0,0,0,0,2,1,6,1,34,6,-1,-1,-1,-1,8,1,E01020376,0
Unvalidated,2024552400760,2024,552400760,1,9,0,13,3,7,0,0,1,0,0,0,3,1,2,1,45,7,-1,-1,-1,-1,6,1,E01020561,0
Unvalidated,2024552400761,2024,552400761,1,9,0,5,3,7,8,0,0,0,0,0,3,1,6,2,82,11,-1,-1,-1,-1,5,1,E01015296,0
Unvalidated,2024552400761,2024,552400761,2,3,0,13,3,7,0,0,0,0,0,0,4,1,2,1,52,8,-1,-1,-1,-1,5,1,E01015377,0
Unvalidated,2024552400762,2024,552400762,1,19,0,18,2,6,0,8,0,0,0,0,4,1,6,3,-1,-1,-1,-1,-1,-1,-1,-1,-1,0
Unvalidated,2024552400762,2024,552400762,2,4,0,8,2,5,0,5,0,0,0,0,3,1,6,1,39,7,-1,-1,-1,-1,3,1,E01015273,0
Unvalidated,2024552400763,2024,552400763,1,9,0,18,5,1,0,8,0,0,0,0,1,1,6,3,-1,-1,-1,-1,-1,-1,-1,-1,-1,0
Unvalidated,2024552400763,2024,552400763,2,1,0,18,6,2,0,8,0,0,0,0,3,1,6,1,30,6,-1,-1,-1,-1,5,1,E01002652,0
Unvalidated,2024552400764,2024,552400764,1,4,0,14,3,7,0,0,0,0,7,11,3,1,6,1,32,6,-1,-1,-1,-1,6,2,E01029228,0
Unvalidated,2024552400764,2024,552400764,2,9,0,5,7,3,0,0,0,0,0,0,0,1,6,3,-1,-1,-1,-1,-1,-1,-1,-1,-1,0
Unvalidated,2024552400767,2024,552400767,1,5,0,4,4,8,0,0,0,0,0,0,1,1,6,1,64,9,-1,-1,-1,-1,7,2,E01020075,0
Unvalidated,2024552400768,2024,552400768,1,11,0,4,2,6,0,0,0,0,0,0,1,1,1,1,60,9,-1,-1,-1,-1,4,1,E01032104,0
Unvalidated,2024552400768,2024,552400768,2,11,0,4,2,6,0,0,0,0,0,0,1,1,1,1,60,9,-1,-1,-1,-1,4,1,E01032104,0
Unvalidated,2024552400768,2024,552400768,3,19,0,3,2,6,0,0,0,0,0,0,2,1,1,1,56,9,-1,-1,-1,-1,6,1,E01020424,0
Unvalidated,2024552400768,2024,552400768,4,9,0,3,2,6,0,0,0,0,0,0,2,1,6,2,45,7,-1,-1,-1,-1,10,1,E01023072,0
Unvalidated,2024552400771,2024,552400771,1,9,0,18,3,7,0,8,0,0,7,11,1,1,6,1,33,6,-1,-1,-1,-1,5,1,E01020472,0
Unvalidated,2024552400775,2024,552400775,1,9,0,6,7,7,0,8,0,0,0,0,4,1,6,2,50,8,-1,-1,-1,-1,7,1,E01020429,0
Unvalidated,2024552400775,2024,552400775,2,1,0,17,4,2,0,8,0,0,0,0,1,1,6,1,43,7,-1,-1,-1,-1,9,1,E01015342,0
Unvalidated,2024552400782,2024,552400782,1,9,0,5,7,3,4,6,0,0,0,0,1,1,6,2,44,7,-1,-1,-1,-1,8,1,E01020579,0
Unvalidated,2024552400782,2024,552400782,2,1,0,18,1,5,4,8,0,0,0,0,3,1,4,1,10,2,-1,-1,-1,-1,4,1,E01020571,0
Unvalidated,2024552400784,2024,552400784,1,9,0,9,8,6,0,8,0,0,0,0,1,1,6,1,25,5,-1,-1,-1,-1,10,1,W01001919,0
Unvalidated,2024552400784,2024,552400784,2,22,0,18,6,2,0,8,0,0,0,0,3,1,6,1,92,11,-1,-1,-1,-1,6,2,E01020439,0
Unvalidated,2024552400785,2024,552400785,1,90,0,18,1,5,0,0,0,0,0,0,1,1,6,1,57,9,-1,-1,-1,-1,6,1,E01025568,0
Unvalidated,2024552400785,2024,552400785,2,9,0,18,5,1,0,0,0,0,1,4,1,1,6,2,40,7,-1,-1,-1,-1,6,2,E01020456,0
Unvalidated,2024552400786,2024,552400786,1,9,5,1,8,4,9,0,0,0,7,11,2,1,6,3,-1,-1,-1,-1,-1,-1,-1,-1,-1,0
Unvalidated,2024552400787,2024,552400787,1,9,0,18,8,4,0,0,5,4,0,0,1,1,6,1,21,5,-1,-1,-1,-1,9,1,E01015406,0
Unvalidated,2024552400787,2024,552400787,2,9,0,2,0,0,0,0,0,0,0,0,3,1,6,3,-1,-1,-1,-1,-1,-1,-1,-1,-1,0
Unvalidated,2024552400789,2024,552400789,1,4,0,18,8,4,0,0,0,0,0,0,0,1,6,1,39,7,-1,-1,-1,-1,5,1,E01015377,0
Unvalidated,2024552400790,2024,552400790,1,1,0,7,2,4,0,6,0,0,0,0,3,1,6,1,13,3,-1,-1,-1,-1,10,2,E01020463,0
Unvalidated,2024552400790,2024,552400790,2,9,0,18,8,4,0,8,0,0,0,0,4,1,6,2,30,6,-1,-1,-1,-1,5,2,E01020454,0
Unvalidated,2024552400792,2024,552400792,1,9,0,2,0,0,0,0,0,0,0,0,3,1,6,1,29,6,-1,-1,-1,-1,4,1,E01016378,0
Unvalidated,2024552400792,2024,552400792,2,1,0,18,2,6,0,0,0,0,0,0,1,1,6,1,27,6,-1,-1,-1,-1,3,1,E01015273,0
Unvalidated,2024552400793,2024,552400793,1,9,0,18,8,4,0,0,0,0,0,0,1,1,6,3,-1,-1,-1,-1,-1,-1,-1,-1,-1,0
Unvalidated,2024552400795,2024,552400795,1,9,0,18,1,5,0,1,0,4,0,0,1,1,6,3,-1,-1,-1,-1,-1,-1,-1,-1,-1,0
Unvalidated,2024552400795,2024,552400795,2,9,0,2,0,0,0,1,0,0,0,0,1,1,3,2,43,7,-1,-1,-1,-1,7,1,E01015425,0
Unvalidated,2024552400799,2024,552400799,1,9,0,18,6,2,0,0,0,0,0,0,1,1,2,1,21,5,-1,-1,-1,-1,5,1,E01015274,0
Unvalidated,2024552400799,2024,552400799,2,9,0,4,6,2,0,0,0,0,0,0,2,1,2,2,47,8,-1,-1,-1,-1,8,1,E01020475,0
Unvalidated,2024552400799,2024,552400799,3,19,0,4,6,2,0,0,0,0,0,0,0,1,1,1,35,6,-1,-1,-1,-1,7,1,E01015418,0
Unvalidated,2024552400800,2024,552400800,1,9,0,18,8,4,0,0,0,0,0,0,1,1,6,2,32,6,-1,-1,-1,-1,8,1,E01015314,0
Unvalidated,2024552400800,2024,552400800,2,1,0,5,7,3,0,0,0,0,0,0,4,1,6,1,6,2,-1,-1,-1,-1,3,1,E01015439,0
Unvalidated,2024552400801,2024,552400801,1,9,0,13,3,7,0,8,0,0,7,2,4,1,6,1,26,6,-1,-1,-1,-1,2,1,E01015430,0
Unvalidated,2024552400801,2024,552400801,2,9,0,9,3,1,0,5,0,0,0,0,3,1,6,2,56,9,-1,-1,-1,-1,1,1,E01015281,0
Unvalidated,2024552400802,2024,552400802,1,9,0,18,5,1,0,8,0,0,3,11,1,1,6,1,52,8,-1,-1,-1,-1,5,3,E01020410,0
Unvalidated,2024552400803,2024,552400803,1,5,0,14,5,1,0,0,0,0,0,0,1,1,6,1,55,8,-1,-1,-1,-1,6,1,E01015440,0
Unvalidated,2024552400803,2024,552400803,2,9,0,18,5,1,0,0,0,0,0,0,3,1,6,2,43,7,-1,-1,-1,-1,6,2,E01020488,0
Unvalidated,2024552400807,2024,552400807,1,9,0,18,4,8,0,0,5,10,0,0,4,1,6,2,33,6,-1,-1,-1,-1,5,3,E01032430,0
Unvalidated,2024552400812,2024,552400812,1,9,0,18,8,4,0,8,0,0,0,0,1,1,6,1,52,8,-1,-1,-1,-1,7,1,E01015450,0
Unvalidated,2024552400812,2024,552400812,2,3,0,4,8,4,0,8,0,0,0,0,2,1,6,1,43,7,-1,-1,-1,-1,4,1,E01015328,0
Unvalidated,2024552400820,2024,552400820,1,9,0,18,3,7,0,8,0,4,0,0,4,1,6,2,73,10,-1,-1,-1,-1,10,2,E01017786,0
Unvalidated,2024552400820,2024,552400820,2,8,0,18,5,1,0,8,0,0,0,0,1,1,1,1,61,9,-1,-1,-1,-1,4,1,E01020483,0
Unvalidated,2024552400820,2024,552400820,3,9,0,2,0,0,0,1,0,0,0,0,1,1,6,3,-1,-1,-1,-1,-1,-1,-1,-1,-1,0
Unvalidated,2024552400826,2024,552400826,1,9,0,18,2,6,9,0,0,0,7,10,1,1,6,1,96,11,-1,-1,-1,-1,9,1,E01020557,0
Unvalidated,2024552400830,2024,552400830,1,2,0,13,5,1,0,0,0,0,0,0,1,1,6,3,-1,-1,-1,-1,-1,-1,-1,-1,-1,0
Unvalidated,2024552400831,2024,552400831,1,9,0,18,2,6,0,0,0,0,0,0,1,1,6,3,-1,-1,-1,-1,-1,-1,-1,-1,-1,0
Unvalidated,2024552400831,2024,552400831,2,9,0,3,2,6,0,0,0,0,0,0,2,1,6,1,43,7,-1,-1,-1,-1,6,3,E01033159,0
Unvalidated,2024552400834,2024,552400834,1,99,0,18,8,4,0,0,0,0,0,0,1,1,6,3,-1,-1,-1,-1,-1,-1,-1,-1,-1,0
Unvalidated,2024552400835,2024,552400835,1,9,0,12,2,7,0,6,0,0,0,0,1,1,6,1,60,9,-1,-1,-1,-1,3,1,E01020572,0
Unvalidated,2024552400835,2024,552400835,2,1,0,17,7,4,0,8,0,0,0,0,4,1,6,1,29,6,-1,-1,-1,-1,7,2,E01020537,0
Unvalidated,2024552400837,2024,552400837,1,9,0,18,5,1,0,0,0,0,0,0,1,1,6,1,28,6,-1,-1,-1,-1,5,1,E01020503,0
Unvalidated,2024552400837,2024,552400837,2,9,0,2,0,0,0,0,0,0,1,11,2,1,6,3,-1,-1,-1,-1,-1,-1,-1,-1,-1,0
Unvalidated,2024552400837,2024,552400837,3,9,0,2,0,0,0,0,0,0,0,0,3,1,6,3,-1,-1,-1,-1,-1,-1,-1,-1,-1,0
Unvalidated,2024552400837,2024,552400837,4,9,0,2,0,0,0,0,0,0,0,0,3,1,6,3,-1,-1,-1,-1,-1,-1,-1,-1,-1,0
Unvalidated,2024552400837,2024,552400837,5,9,0,2,0,0,0,0,0,0,0,0,3,1,6,3,-1,-1,-1,-1,-1,-1,-1,-1,-1,0
Unvalidated,2024552400838,2024,552400838,1,9,0,18,8,4,0,3,0,0,0,0,1,1,6,1,69,10,-1,-1,-1,-1,3,1,E01015283,0
Unvalidated,2024552400838,2024,552400838,2,9,0,3,8,4,0,3,0,0,0,0,2,1,6,2,47,8,-1,-1,-1,-1,7,3,E01018816,0
Unvalidated,2024552400839,2024,552400839,1,8,0,5,6,2,0,0,0,0,0,0,0,1,1,3,-1,-1,-1,-1,-1,-1,-1,-1,-1,0
Unvalidated,2024552400840,2024,552400840,1,9,0,9,3,1,0,5,0,0,0,0,4,1,6,2,55,8,-1,-1,-1,-1,4,3,E01020563,0
Unvalidated,2024552400840,2024,552400840,2,3,0,18,7,3,0,8,0,0,0,0,1,1,6,1,24,5,-1,-1,-1,-1,2,1,E01020582,0
Unvalidated,2024552400842,2024,552400842,1,17,0,17,6,3,0,0,0,0,0,0,1,1,1,3,-1,-1,-1,-1,-1,-1,-1,-1,-1,0
Unvalidated,2024552400842,2024,552400842,2,4,0,16,3,6,0,0,0,0,0,0,1,1,6,1,45,7,-1,-1,-1,-1,2,1,E01029237,0
Unvalidated,2024552400854,2024,552400854,1,8,0,6,4,4,0,0,0,0,0,0,3,1,1,1,23,5,-1,-1,-1,-1,-1,-1,-1,0
Unvalidated,2024552400854,2024,552400854,2,1,0,14,4,8,0,0,0,0,0,0,1,1,6,2,22,5,-1,-1,-1,-1,-1,-1,-1,0
Unvalidated,2024552400861,2024,552400861,1,9,0,9,5,4,0,6,0,0,0,0,3,1,6,2,27,6,-1,-1,-1,-1,2,1,E01032023,0
Unvalidated,2024552400861,2024,552400861,2,9,0,18,8,4,0,8,0,0,0,0,1,1,6,1,72,10,-1,-1,-1,-1,6,3,E01031991,0
Unvalidated,2024552400863,2024,552400863,1,9,0,4,5,1,0,1,0,0,0,0,1,1,6,3,-1,-1,-1,-1,-1,-1,-1,-1,-1,0
Unvalidated,2024552400864,2024,552400864,1,5,0,18,3,7,0,3,0,0,7,10,0,1,6,1,76,11,-1,-1,-1,-1,2,1,E01019990,0
Unvalidated,2024552400865,2024,552400865,1,9,0,7,1,3,0,5,0,0,0,0,1,1,6,2,-1,-1,-1,-1,-1,-1,-1,-1,-1,0
Unvalidated,2024552400865,2024,552400865,2,1,0,18,5,1,0,8,0,0,0,0,3,1,6,2,35,6,-1,-1,-1,-1,5,1,E01015468,0
Unvalidated,2024552400866,2024,552400866,1,9,0,7,4,5,0,5,0,0,0,0,4,1,6,2,39,7,-1,-1,-1,-1,6,3,E01020493,0
Unvalidated,2024552400866,2024,552400866,2,1,0,15,4,8,0,8,0,0,0,0,1,1,2,2,32,6,-1,-1,-1,-1,6,1,E01033286,0
Unvalidated,2024552400867,2024,552400867,1,9,0,7,5,8,0,6,0,0,0,0,1,1,6,1,73,10,-1,-1,-1,-1,4,1,E01015339,0
Unvalidated,2024552400867,2024,552400867,2,4,0,18,8,4,0,8,0,0,0,0,3,1,6,1,20,4,-1,-1,-1,-1,2,1,E01015288,0
Unvalidated,2024552400868,2024,552400868,1,9,0,18,6,2,0,6,0,0,0,0,3,1,2,2,75,10,-1,-1,-1,-1,4,1,E01015328,0
Unvalidated,2024552400868,2024,552400868,2,3,0,18,4,8,0,8,0,0,0,0,1,1,6,1,32,6,-1,-1,-1,-1,3,1,E01015289,0
Unvalidated,2024552400869,2024,552400869,1,9,0,13,6,2,0,0,0,0,0,0,0,1,6,3,-1,-1,-1,-1,-1,-1,-1,-1,-1,0
Unvalidated,2024552400869,2024,552400869,2,1,0,18,6,2,0,0,0,0,0,0,0,1,2,1,32,6,-1,-1,-1,-1,5,2,E01020459,0
Unvalidated,2024552400873,2024,552400873,1,19,0,18,2,6,0,4,0,0,0,0,1,1,6,3,-1,-1,-1,-1,-1,-1,-1,-1,-1,0
Unvalidated,2024552400873,2024,552400873,2,9,0,3,2,6,0,4,0,0,0,0,2,1,6,1,62,9,-1,-1,-1,-1,4,1,E01015303,0
Unvalidated,2024552400874,2024,552400874,1,9,0,13,8,4,0,0,0,0,0,0,4,1,6,3,-1,-1,-1,-1,-1,-1,-1,-1,-1,0
Unvalidated,2024552400874,2024,552400874,2,3,0,18,8,4,0,0,0,0,0,0,3,1,2,1,39,7,-1,-1,-1,-1,7,3,E01020539,0
Unvalidated,2024552400875,2024,552400875,1,9,0,9,6,4,0,5,0,0,0,0,1,1,6,3,-1,-1,-1,-1,-1,-1,-1,-1,-1,0
Unvalidated,2024552400875,2024,552400875,2,1,0,18,2,6,0,8,0,0,0,0,3,1,6,2,39,7,-1,-1,-1,-1,5,1,E01020518,0
Unvalidated,2024552400876,2024,552400876,1,9,0,9,7,5,0,6,0,0,0,0,4,1,6,3,-1,-1,-1,-1,-1,-1,-1,-1,-1,0
Unvalidated,2024552400876,2024,552400876,2,3,0,18,1,5,0,8,0,0,0,0,1,1,6,1,17,4,-1,-1,-1,-1,3,1,E01015442,0
Unvalidated,2024552400877,2024,552400877,1,9,0,7,4,5,0,5,0,0,0,0,4,1,6,2,35,6,-1,-1,-1,-1,6,1,E01015324,0
Unvalidated,2024552400877,2024,552400877,2,1,0,18,4,8,0,8,0,0,0,0,3,1,2,1,59,9,-1,-1,-1,-1,10,1,E01020377,0
Unvalidated,2024552400878,2024,552400878,1,9,0,18,8,4,0,6,0,0,0,0,1,1,6,3,-1,-1,-1,-1,-1,-1,-1,-1,-1,0
Unvalidated,2024552400880,2024,552400880,1,9,0,9,7,4,0,6,0,0,0,0,1,1,6,3,-1,-1,-1,-1,-1,-1,-1,-1,-1,0
Unvalidated,2024552400880,2024,552400880,2,1,0,18,8,4,0,8,0,0,0,0,3,1,6,2,42,7,-1,-1,-1,-1,7,1,E01015446,0
Unvalidated,2024552400881,2024,552400881,1,9,0,7,1,4,0,6,0,0,0,0,3,1,6,3,-1,-1,-1,-1,-1,-1,-1,-1,-1,0
Unvalidated,2024552400881,2024,552400881,2,1,0,18,8,4,0,1,0,0,0,0,1,1,6,1,41,7,-1,-1,-1,-1,8,3,E01020474,0
Unvalidated,2024552400882,2024,552400882,1,9,0,13,6,2,0,0,0,0,0,0,4,1,6,3,-1,-1,-1,-1,-1,-1,-1,-1,-1,0
Unvalidated,2024552400882,2024,552400882,2,1,0,18,6,2,0,0,0,0,0,0,3,1,6,1,75,10,-1,-1,-1,-1,3,1,E01015287,0
Unvalidated,2024552400883,2024,552400883,1,9,0,5,7,3,0,6,0,0,0,0,3,1,6,1,81,11,-1,-1,-1,-1,8,1,E01015320,0
Unvalidated,2024552400883,2024,552400883,2,9,0,18,5,1,0,8,0,0,0,0,1,1,2,1,30,6,-1,-1,-1,-1,4,1,E01015326,0
Unvalidated,2024552400884,2024,552400884,1,19,0,18,1,5,9,0,0,0,0,0,4,1,6,3,-1,-1,-1,-1,-1,-1,-1,-1,-1,0
Unvalidated,2024552400885,2024,552400885,1,11,0,18,2,6,0,1,0,0,0,0,1,1,6,3,-1,-1,-1,-1,-1,-1,-1,-1,-1,0
Unvalidated,2024552400885,2024,552400885,2,19,0,3,2,6,0,1,0,0,0,0,2,1,1,1,61,9,-1,-1,-1,-1,8,1,E01020475,0
Unvalidated,2024552400886,2024,552400886,1,9,0,18,4,8,0,0,0,12,0,0,4,1,6,1,36,7,-1,-1,-1,-1,8,1,E01023208,0
Unvalidated,2024552400888,2024,552400888,1,3,0,16,5,8,6,0,1,0,1,4,0,1,6,1,16,4,-1,-1,-1,-1,1,1,E01015309,0
Unvalidated,2024552400890,2024,552400890,1,9,0,18,4,8,0,8,0,0,0,0,1,1,6,2,63,9,-1,-1,-1,-1,7,1,E01020481,0
Unvalidated,2024552400890,2024,552400890,2,9,0,10,4,1,0,5,0,0,0,0,2,1,6,1,58,9,-1,-1,-1,-1,8,1,E01020478,0
Unvalidated,2024552400904,2024,552400904,1,9,0,5,8,4,0,8,0,0,0,0,3,1,6,2,67,10,-1,-1,-1,-1,9,1,E01015405,0
Unvalidated,2024552400904,2024,552400904,2,9,0,18,8,4,0,8,0,0,0,0,1,1,6,1,24,5,-1,-1,-1,-1,3,1,E01015306,0
Unvalidated,2024552400905,2024,552400905,1,9,0,5,3,7,0,6,0,0,0,0,3,1,6,1,86,11,-1,-1,-1,-1,6,3,E01020462,0
Unvalidated,2024552400905,2024,552400905,2,5,0,18,2,6,0,8,0,0,0,0,1,1,6,1,58,9,-1,-1,-1,-1,5,3,E01020431,0
Unvalidated,2024552400906,2024,552400906,1,5,0,18,8,4,0,0,0,0,1,10,1,1,6,1,69,10,-1,-1,-1,-1,1,1,E01020552,0
Unvalidated,2024552400907,2024,552400907,1,9,0,18,8,4,0,0,0,0,0,0,1,1,6,2,66,10,-1,-1,-1,-1,6,2,E01020452,0
Unvalidated,2024552400908,2024,552400908,1,9,0,18,6,2,0,0,0,0,0,0,1,1,6,3,-1,-1,-1,-1,-1,-1,-1,-1,-1,0
Unvalidated,2024552400909,2024,552400909,1,9,0,17,5,2,0,0,0,0,0,0,1,1,6,3,-1,-1,-1,-1,-1,-1,-1,-1,-1,0
Unvalidated,2024552400913,2024,552400913,1,9,0,18,8,4,0,1,0,0,0,0,1,1,6,2,84,11,-1,-1,-1,-1,7,1,E01020357,0
Unvalidated,2024552400913,2024,552400913,2,9,0,10,8,4,0,1,0,0,0,0,2,1,6,2,79,11,-1,-1,-1,-1,8,3,E01022713,0
Unvalidated,2024552400914,2024,552400914,1,3,0,14,2,6,0,0,0,0,0,0,1,1,6,1,41,7,-1,-1,-1,-1,3,1,E01015293,0
Unvalidated,2024552400914,2024,552400914,2,9,0,18,6,2,0,0,0,0,0,0,1,2,6,1,57,9,-1,-1,-1,-1,5,1,E01015456,0
Unvalidated,2024552400915,2024,552400915,1,9,0,7,8,2,4,8,0,0,0,0,1,1,6,2,49,8,-1,-1,-1,-1,9,1,E01031756,0
Unvalidated,2024552400915,2024,552400915,2,1,0,18,7,3,4,8,0,0,0,0,4,1,6,1,73,10,-1,-1,-1,-1,9,1,E01015351,0
Unvalidated,2024552400916,2024,552400916,1,9,0,7,7,2,0,8,0,10,1,1,1,1,6,1,70,10,-1,-1,-1,-1,7,2,E01020491,0
Unvalidated,2024552400916,2024,552400916,2,9,0,18,6,2,0,8,0,0,0,0,4,1,6,1,34,6,-1,-1,-1,-1,6,3,E01020510,0
Unvalidated,2024552400918,2024,552400918,1,1,0,18,1,5,0,0,0,0,0,0,0,1,4,1,11,3,-1,-1,-1,-1,7,1,E01020429,0
Unvalidated,2024552400919,2024,552400919,1,4,0,13,8,4,0,1,0,0,7,11,1,1,2,1,26,6,-1,-1,-1,-1,3,1,E01015359,0
Unvalidated,2024552400919,2024,552400919,2,9,0,9,8,6,0,5,0,0,0,0,3,1,6,1,24,5,-1,-1,-1,-1,7,1,E01020361,0
Unvalidated,2024552400920,2024,552400920,1,9,0,18,5,1,0,8,0,0,0,0,3,1,6,1,68,10,-1,-1,-1,-1,6,1,E01015331,0
Unvalidated,2024552400920,2024,552400920,2,3,0,9,1,7,0,8,0,0,0,0,4,1,6,2,19,4,-1,-1,-1,-1,5,1,E01015301,0
Unvalidated,2024552400922,2024,552400922,1,9,0,13,2,6,0,0,0,0,0,0,4,1,6,2,69,10,-1,-1,-1,-1,6,1,E01015440,0
Unvalidated,2024552400922,2024,552400922,2,1,0,18,2,6,0,0,0,0,0,0,3,1,6,1,34,6,-1,-1,-1,-1,5,1,E01015345,0
Unvalidated,2024552400931,2024,552400931,1,9,0,18,2,6,0,8,5,7,3,1,1,1,6,1,54,8,-1,-1,-1,-1,10,1,E01020407,0
Unvalidated,2024552400933,2024,552400933,1,9,0,18,8,4,0,0,0,8,0,0,3,1,6,2,69,10,-1,-1,-1,-1,6,1,E01020586,0
Unvalidated,2024552400933,2024,552400933,2,9,0,2,0,0,0,0,0,0,0,0,3,1,6,2,74,10,-1,-1,-1,-1,5,1,E01020587,0
Unvalidated,2024552400933,2024,552400933,3,19,0,2,0,0,0,0,0,0,0,0,3,1,6,3,-1,-1,-1,-1,-1,-1,-1,-1,-1,0
Unvalidated,2024552400935,2024,552400935,1,9,0,18,7,3,0,8,0,0,0,0,1,1,6,1,79,11,-1,-1,-1,-1,10,1,E01015434,0
Unvalidated,2024552400935,2024,552400935,2,9,0,9,3,1,0,8,0,0,0,0,4,1,2,2,62,9,-1,-1,-1,-1,5,1,E01033283,0
Unvalidated,2024552400938,2024,552400938,1,4,0,6,1,1,0,0,0,0,0,0,0,1,6,2,62,9,-1,-1,-1,-1,6,3,E01020398,0
Unvalidated,2024552400941,2024,552400941,1,9,0,5,2,6,0,0,0,0,0,0,0,1,2,3,-1,-1,-1,-1,-1,-1,-1,-1,-1,0
Unvalidated,2024552400942,2024,552400942,1,9,0,18,4,8,0,0,0,0,0,0,4,1,6,1,70,10,-1,-1,-1,-1,7,2,E01020491,0
Unvalidated,2024552400945,2024,552400945,1,9,0,18,7,3,0,0,0,0,0,0,1,1,6,3,-1,-1,-1,-1,-1,-1,-1,-1,-1,0
Unvalidated,2024552400950,2024,552400950,1,90,0,18,1,5,0,8,0,0,0,0,4,1,6,1,24,5,-1,-1,-1,-1,6,1,E01015361,1
Unvalidated,2024552400950,2024,552400950,2,9,0,9,2,1,0,8,0,0,0,0,1,1,6,1,75,10,-1,-1,-1,-1,8,1,E01015332,0
Unvalidated,2024552400951,2024,552400951,1,19,0,18,2,6,0,0,0,0,0,0,1,1,6,1,53,8,-1,-1,-1,-1,10,1,E01016092,0
Unvalidated,2024552400951,2024,552400951,2,9,0,18,6,2,0,0,0,0,0,0,1,1,6,2,26,6,-1,-1,-1,-1,7,1,E01020480,0
Unvalidated,2024552400954,2024,552400954,1,9,0,16,5,8,0,0,0,0,0,0,1,1,6,1,56,9,-1,-1,-1,-1,8,1,E01032446,0
Unvalidated,2024552400954,2024,552400954,2,9,0,16,5,8,0,0,0,0,0,0,2,1,6,1,60,9,-1,-1,-1,-1,10,1,E01022848,0
Unvalidated,2024552400955,2024,552400955,1,1,0,18,2,6,0,6,0,0,0,0,1,1,4,1,14,3,-1,-1,-1,-1,5,3,E01020472,0
Unvalidated,2024552400955,2024,552400955,2,9,0,18,4,8,0,8,0,0,0,0,3,1,2,2,55,8,-1,-1,-1,-1,8,1,E01020474,0
Unvalidated,2024552400957,2024,552400957,1,3,0,6,1,1,0,8,0,0,0,0,0,1,6,1,66,10,-1,-1,-1,-1,7,1,E01032641,0
Unvalidated,2024552400963,2024,552400963,1,9,0,18,2,6,0,0,2,0,1,9,0,1,6,1,48,8,-1,-1,-1,-1,4,1,E01002603,0
Unvalidated,2024552400968,2024,552400968,1,9,0,7,8,1,9,5,0,0,0,0,0,1,6,3,-1,-1,-1,-1,-1,-1,-1,-1,-1,0