status,collision_index,collision_year,collision_reference,vehicle_reference,vehicle_type,towing_and_articulation,vehicle_manoeuvre,vehicle_direction_from,vehicle_direction_to,vehicle_location_restricted_lane,junction_location,skidding_and_overturning,hit_object_in_carriageway,vehicle_leaving_carriageway,hit_object_off_carriageway,first_point_of_impact,vehicle_left_hand_drive,journey_purpose_of_driver,sex_of_driver,age_of_driver,age_band_of_driver,engine_capacity_cc,propulsion_code,age_of_vehicle,generic_make_model,driver_imd_decile,driver_home_area_type,lsoa_of_driver,escooter_flag
Unvalidated,2024552400968,2024,552400968,2,1,0,18,4,8,9,8,0,0,0,0,0,1,4,1,11,3,-1,-1,-1,-1,8,1,E01020400,0
Unvalidated,2024552400969,2024,552400969,1,19,0,9,2,7,0,8,0,0,0,0,1,1,6,2,56,9,-1,-1,-1,-1,4,1,E01004697,0
Unvalidated,2024552400969,2024,552400969,2,21,0,3,6,2,0,4,0,0,0,0,1,1,1,1,39,7,-1,-1,-1,-1,5,1,E01015179,0
Unvalidated,2024552400970,2024,552400970,1,19,0,18,1,5,0,8,0,0,0,0,1,1,6,1,43,7,-1,-1,-1,-1,7,1,E01015352,0
Unvalidated,2024552400970,2024,552400970,2,9,0,18,7,3,0,8,0,0,0,0,4,1,6,2,70,10,-1,-1,-1,-1,9,1,E01020352,0
Unvalidated,2024552400971,2024,552400971,1,9,0,18,4,8,0,8,0,0,3,11,1,1,6,1,31,6,-1,-1,-1,-1,2,1,E01020575,0
Unvalidated,2024552400972,2024,552400972,1,9,0,15,2,7,0,0,0,0,0,0,3,1,6,3,-1,-1,-1,-1,-1,-1,-1,-1,-1,0
Unvalidated,2024552400972,2024,552400972,2,1,0,17,2,7,0,0,0,0,0,0,4,1,6,1,19,4,-1,-1,-1,-1,4,1,E01015326,0
Unvalidated,2024552400973,2024,552400973,1,9,0,18,2,6,0,0,0,0,0,0,3,1,6,3,-1,-1,-1,-1,-1,-1,-1,-1,-1,0
Unvalidated,2024552400973,2024,552400973,2,9,0,18,6,2,0,0,0,0,0,0,3,1,6,1,62,9,-1,-1,-1,-1,9,1,E01015300,0
Unvalidated,2024552400974,2024,552400974,1,9,0,18,2,6,0,0,0,0,0,0,1,1,6,2,43,7,-1,-1,-1,-1,5,1,E01015374,0
Unvalidated,2024552400974,2024,552400974,2,1,0,18,2,6,0,0,0,0,0,0,2,1,6,1,35,6,-1,-1,-1,-1,6,1,E01015366,0
Unvalidated,2024552400975,2024,552400975,1,9,0,9,3,1,0,8,0,0,0,0,0,1,6,1,80,11,-1,-1,-1,-1,7,2,E01020507,0
Unvalidated,2024552400975,2024,552400975,2,3,0,18,5,1,0,8,1,0,0,0,0,1,2,1,19,4,-1,-1,-1,-1,5,2,E01020562,0
Unvalidated,2024552400995,2024,552400995,1,9,0,17,6,4,0,0,0,0,0,0,1,1,6,1,87,11,-1,-1,-1,-1,6,3,E01020453,0
Unvalidated,2024552400995,2024,552400995,2,1,0,16,4,6,0,0,0,0,0,0,1,1,2,2,43,7,-1,-1,-1,-1,9,3,E01033154,0
Unvalidated,2024552401008,2024,552401008,1,9,0,17,7,4,0,0,0,0,0,0,1,1,6,1,23,5,-1,-1,-1,-1,7,1,E01020498,0
Unvalidated,2024552401008,2024,552401008,2,19,0,18,4,8,0,0,0,0,0,0,1,1,1,1,43,7,-1,-1,-1,-1,5,3,E01020536,0
Unvalidated,2024552401008,2024,552401008,3,9,0,18,4,8,0,0,0,0,0,0,1,1,6,2,57,9,-1,-1,-1,-1,5,1,E01002632,0
Unvalidated,2024552401031,2024,552401031,1,19,0,9,8,6,0,5,0,0,0,0,1,1,6,3,-1,-1,-1,-1,-1,-1,-1,-1,-1,0
Unvalidated,2024552401031,2024,552401031,2,1,0,18,4,8,0,8,0,0,0,0,3,1,6,1,43,7,-1,-1,-1,-1,9,1,E01015325,0
Unvalidated,2024552401038,2024,552401038,1,9,0,18,8,4,0,0,0,0,0,0,1,1,6,2,33,6,-1,-1,-1,-1,-1,-1,-1,0
Unvalidated,2024552401038,2024,552401038,2,9,0,3,8,4,0,0,0,0,0,0,2,1,6,1,30,6,-1,-1,-1,-1,5,3,E01020472,0
Unvalidated,2024552401130,2024,552401130,1,9,0,9,8,6,0,8,0,0,0,0,4,1,6,1,84,11,-1,-1,-1,-1,8,1,E01018242,0
Unvalidated,2024552401130,2024,552401130,2,19,0,18,2,6,0,8,0,0,0,0,1,1,6,2,62,9,-1,-1,-1,-1,3,2,E01029062,0
Unvalidated,2024552401189,2024,552401189,1,9,0,1,6,5,0,5,0,0,0,0,3,1,6,1,48,8,-1,-1,-1,-1,5,1,E01009556,0
Unvalidated,2024552401189,2024,552401189,2,9,0,18,2,6,0,8,0,0,0,0,1,1,6,2,33,6,-1,-1,-1,-1,5,1,E01015275,0
Unvalidated,2024552401201,2024,552401201,1,20,0,2,0,0,0,0,0,0,0,0,3,1,6,1,61,9,-1,-1,-1,-1,7,1,E01015354,0
Unvalidated,2024552401201,2024,552401201,2,9,0,18,1,5,0,0,0,0,0,0,1,1,6,1,43,7,-1,-1,-1,-1,9,1,E01015351,0
Unvalidated,202460Q000185,2024,60Q000185,1,1,0,18,7,3,0,0,0,0,0,0,0,1,6,1,80,11,-1,-1,-1,-1,-1,-1,-1,0
Unvalidated,202460Q001174,2024,60Q001174,1,9,0,16,6,1,0,0,5,0,0,0,1,1,6,2,77,11,-1,-1,-1,-1,-1,-1,-1,0
Unvalidated,202460Q001326,2024,60Q001326,1,11,0,9,3,1,0,2,0,0,0,0,1,1,1,1,53,8,-1,-1,-1,-1,-1,-1,-1,0
Unvalidated,202460Q001597,2024,60Q001597,1,9,0,9,4,2,0,6,0,0,0,0,3,1,6,1,27,6,-1,-1,-1,-1,-1,-1,-1,0
Unvalidated,202460Q001597,2024,60Q001597,2,9,0,18,6,2,0,1,0,0,0,0,3,1,6,2,25,5,-1,-1,-1,-1,-1,-1,-1,0
Unvalidated,202460Q002101,2024,60Q002101,1,9,0,18,6,2,0,0,0,0,0,0,3,1,2,1,55,8,-1,-1,-1,-1,-1,-1,-1,0
Unvalidated,202460Q002101,2024,60Q002101,2,9,0,18,6,2,0,0,1,0,0,0,4,1,2,2,37,7,-1,-1,-1,-1,-1,-1,-1,0
Unvalidated,202460Q002146,2024,60Q002146,1,4,0,4,1,5,0,1,1,0,0,0,1,1,6,1,30,6,-1,-1,-1,-1,-1,-1,-1,0
Unvalidated,202460Q002146,2024,60Q002146,2,9,0,4,1,5,0,1,0,0,0,0,2,1,6,1,55,8,-1,-1,-1,-1,-1,-1,-1,0
Unvalidated,202460Q002283,2024,60Q002283,1,98,0,18,7,3,0,0,0,0,1,4,1,1,6,1,34,6,-1,-1,-1,-1,-1,-1,-1,0
Unvalidated,202460Q002283,2024,60Q002283,2,9,0,18,7,3,0,0,0,0,1,4,2,1,6,2,51,8,-1,-1,-1,-1,-1,-1,-1,0
Unvalidated,202460Q002642,2024,60Q002642,1,9,0,18,5,1,0,0,0,0,1,3,1,1,6,1,56,9,-1,-1,-1,-1,-1,-1,-1,0
Unvalidated,202460Q002655,2024,60Q002655,1,9,0,18,2,6,0,0,0,0,0,0,4,1,6,3,-1,-1,-1,-1,-1,-1,-1,-1,-1,0
Unvalidated,202460Q002655,2024,60Q002655,2,9,0,18,2,6,0,0,0,0,0,0,3,1,6,2,53,8,-1,-1,-1,-1,-1,-1,-1,0
Unvalidated,202460Q002773,2024,60Q002773,1,9,0,16,3,7,0,0,5,0,8,10,1,1,6,1,37,7,-1,-1,-1,-1,-1,-1,-1,0
Unvalidated,202460Q003014,2024,60Q003014,1,9,0,16,7,3,0,0,1,0,8,11,3,1,6,1,22,5,-1,-1,-1,-1,-1,-1,-1,0
Unvalidated,202460Q003330,2024,60Q003330,1,9,0,3,3,7,0,0,0,0,0,0,1,1,6,2,22,5,-1,-1,-1,-1,-1,-1,-1,0
Unvalidated,202460Q003330,2024,60Q003330,2,9,0,3,3,7,0,0,0,0,0,0,2,1,6,2,59,9,-1,-1,-1,-1,-1,-1,-1,0
Unvalidated,202460Q005130,2024,60Q005130,1,9,0,18,4,8,0,0,0,0,7,11,1,1,6,1,29,6,-1,-1,-1,-1,-1,-1,-1,0
Unvalidated,202460Q005130,2024,60Q005130,2,9,0,18,8,4,0,0,0,0,7,11,3,1,6,2,42,7,-1,-1,-1,-1,-1,-1,-1,0
Unvalidated,202460Q005155,2024,60Q005155,1,9,0,18,1,5,0,2,0,0,0,0,1,1,6,1,20,4,-1,-1,-1,-1,-1,-1,-1,0
Unvalidated,202460Q005155,2024,60Q005155,2,4,0,18,7,3,0,1,0,0,0,0,1,1,6,1,21,5,-1,-1,-1,-1,-1,-1,-1,0
Unvalidated,202460Q005715,2024,60Q005715,1,9,0,9,5,3,0,1,0,0,0,0,2,1,6,1,23,5,-1,-1,-1,-1,-1,-1,-1,0
Unvalidated,202460Q005715,2024,60Q005715,2,9,0,18,3,7,0,1,0,0,0,0,1,1,6,2,30,6,-1,-1,-1,-1,-1,-1,-1,0
Unvalidated,202460Q005779,2024,60Q005779,1,9,0,18,3,7,0,0,5,0,8,9,3,1,6,2,51,8,-1,-1,-1,-1,-1,-1,-1,0
Unvalidated,202460Q005890,2024,60Q005890,1,98,0,4,8,4,0,8,0,0,0,0,1,1,1,1,24,5,-1,-1,-1,-1,-1,-1,-1,0
Unvalidated,202460Q005890,2024,60Q005890,2,9,0,3,8,4,0,8,0,0,0,0,2,1,6,1,38,7,-1,-1,-1,-1,-1,-1,-1,0
Unvalidated,202460Q007267,2024,60Q007267,1,9,0,4,1,3,0,4,0,0,0,0,1,1,6,2,61,9,-1,-1,-1,-1,-1,-1,-1,0
Unvalidated,202460Q007676,2024,60Q007676,1,9,0,18,7,3,0,8,0,0,7,0,4,1,6,2,29,6,-1,-1,-1,-1,-1,-1,-1,0
Unvalidated,202460Q007676,2024,60Q007676,2,9,0,18,1,5,0,8,0,0,1,0,1,1,6,1,87,11,-1,-1,-1,-1,-1,-1,-1,0
Unvalidated,202460Q007702,2024,60Q007702,1,9,0,7,5,7,0,8,0,0,0,0,1,1,3,2,33,6,-1,-1,-1,-1,-1,-1,-1,0
Unvalidated,202460Q007702,2024,60Q007702,2,22,0,18,3,7,0,6,0,0,0,0,3,1,6,1,72,10,-1,-1,-1,-1,-1,-1,-1,0
Unvalidated,202460Q007787,2024,60Q007787,1,9,0,18,2,6,0,0,0,0,1,11,1,1,6,1,27,6,-1,-1,-1,-1,-1,-1,-1,0
Unvalidated,202460Q007787,2024,60Q007787,2,17,4,18,6,2,0,0,0,0,0,0,1,1,1,1,52,8,-1,-1,-1,-1,-1,-1,-1,0
Unvalidated,202460Q008259,2024,60Q008259,1,9,0,3,5,1,0,2,0,0,0,0,1,1,6,1,77,11,-1,-1,-1,-1,-1,-1,-1,0
Unvalidated,202460Q008259,2024,60Q008259,2,19,4,2,0,0,0,2,0,0,0,0,0,1,1,1,58,9,-1,-1,-1,-1,-1,-1,-1,0
Unvalidated,202460Q008432,2024,60Q008432,1,9,0,4,3,7,0,1,1,0,7,1,1,1,6,1,23,5,-1,-1,-1,-1,-1,-1,-1,0
Unvalidated,202460Q008432,2024,60Q008432,2,90,0,18,1,5,0,1,0,0,0,0,1,1,6,1,44,7,-1,-1,-1,-1,-1,-1,-1,0
Unvalidated,202460Q008849,2024,60Q008849,1,9,0,18,8,4,0,1,0,0,0,0,1,1,6,2,57,9,-1,-1,-1,-1,-1,-1,-1,0
Unvalidated,202460Q008964,2024,60Q008964,1,9,0,9,5,8,0,4,0,0,0,0,1,1,6,1,57,9,-1,-1,-1,-1,-1,-1,-1,0
Unvalidated,202460Q008964,2024,60Q008964,2,9,0,18,4,8,0,3,0,0,0,0,4,1,6,1,43,7,-1,-1,-1,-1,-1,-1,-1,0
Unvalidated,202460Q010196,2024,60Q010196,1,9,0,4,7,3,0,0,0,4,7,11,1,1,6,1,87,11,-1,-1,-1,-1,-1,-1,-1,0
Unvalidated,202460Q010196,2024,60Q010196,2,9,0,2,0,0,0,0,0,0,0,0,2,1,6,3,-1,-1,-1,-1,-1,-1,-1,-1,-1,0
Unvalidated,202460Q010228,2024,60Q010228,1,9,0,18,3,7,0,0,0,0,0,0,4,1,6,3,-1,-1,-1,-1,-1,-1,-1,-1,-1,0
Unvalidated,202460Q010452,2024,60Q010452,1,9,0,18,7,3,0,0,0,0,0,0,1,1,2,1,36,7,-1,-1,-1,-1,-1,-1,-1,0
Unvalidated,202460Q010452,2024,60Q010452,2,8,0,4,7,3,0,0,0,0,0,0,2,1,6,2,63,9,-1,-1,-1,-1,-1,-1,-1,0
Unvalidated,202460Q011421,2024,60Q011421,1,9,0,7,2,4,0,6,0,0,0,0,1,1,6,2,51,8,-1,-1,-1,-1,-1,-1,-1,0
Unvalidated,202460Q011421,2024,60Q011421,2,9,0,18,8,4,0,1,0,0,0,0,1,1,6,2,60,9,-1,-1,-1,-1,-1,-1,-1,0
Unvalidated,202460Q011755,2024,60Q011755,1,9,0,18,7,3,0,4,0,0,0,0,1,1,6,1,36,7,-1,-1,-1,-1,-1,-1,-1,0
Unvalidated,202460Q011755,2024,60Q011755,2,9,0,3,7,3,0,4,0,0,0,0,2,1,1,1,32,6,-1,-1,-1,-1,-1,-1,-1,0
Unvalidated,202460Q012229,2024,60Q012229,1,9,0,9,5,3,0,8,0,0,0,0,1,1,2,2,43,7,-1,-1,-1,-1,-1,-1,-1,0
Unvalidated,202460Q012364,2024,60Q012364,1,9,0,7,1,3,0,1,0,0,0,0,3,1,6,2,48,8,-1,-1,-1,-1,-1,-1,-1,0
Unvalidated,202460Q012364,2024,60Q012364,2,1,0,18,7,3,0,8,0,0,0,0,1,1,6,1,65,9,-1,-1,-1,-1,-1,-1,-1,0
Unvalidated,202460Q012378,2024,60Q012378,1,9,0,18,1,5,0,0,0,0,0,0,1,1,6,2,47,8,-1,-1,-1,-1,-1,-1,-1,0
Unvalidated,202460Q012386,2024,60Q012386,1,9,0,9,7,5,0,5,0,0,0,0,1,1,6,1,53,8,-1,-1,-1,-1,-1,-1,-1,0
Unvalidated,202460Q012386,2024,60Q012386,2,1,0,18,3,7,0,1,0,0,0,0,1,1,6,2,50,8,-1,-1,-1,-1,-1,-1,-1,0
Unvalidated,202460Q012397,2024,60Q012397,1,19,0,7,3,5,0,3,0,0,0,0,1,1,2,1,59,9,-1,-1,-1,-1,-1,-1,-1,0
Unvalidated,202460Q012409,2024,60Q012409,1,9,0,18,7,3,0,0,0,4,0,0,1,1,6,2,92,11,-1,-1,-1,-1,-1,-1,-1,0
Unvalidated,202460Q012409,2024,60Q012409,2,9,0,2,0,0,0,0,0,0,0,0,1,1,6,2,26,6,-1,-1,-1,-1,-1,-1,-1,0
Unvalidated,202460Q012466,2024,60Q012466,1,9,0,17,4,8,0,0,5,0,2,7,1,1,1,1,87,11,-1,-1,-1,-1,-1,-1,-1,0
Unvalidated,202460Q012989,2024,60Q012989,1,19,0,18,7,3,0,0,0,0,0,0,3,1,6,1,63,9,-1,-1,-1,-1,-1,-1,-1,0
Unvalidated,202460Q012989,2024,60Q012989,2,9,0,18,3,7,0,0,0,0,0,0,3,1,6,1,33,6,-1,-1,-1,-1,-1,-1,-1,0
Unvalidated,202460Q013312,2024,60Q013312,1,9,0,7,7,1,0,1,0,0,0,0,3,1,6,1,18,4,-1,-1,-1,-1,-1,-1,-1,0
Unvalidated,202460Q013312,2024,60Q013312,2,9,0,18,5,1,0,1,0,0,0,0,1,1,6,2,41,7,-1,-1,-1,-1,-1,-1,-1,0
Unvalidated,202460Q013680,2024,60Q013680,1,9,0,5,6,2,0,1,0,0,0,0,1,1,1,2,46,8,-1,-1,-1,-1,-1,-1,-1,0
Unvalidated,202460Q013680,2024,60Q013680,2,20,0,2,0,0,0,1,0,0,0,0,0,1,1,1,51,8,-1,-1,-1,-1,-1,-1,-1,0
Unvalidated,202460Q014147,2024,60Q014147,1,9,0,17,5,1,0,1,0,0,1,0,3,1,2,2,39,7,-1,-1,-1,-1,-1,-1,-1,0
Unvalidated,202460Q014147,2024,60Q014147,2,17,4,7,3,5,0,6,0,0,0,0,3,1,1,1,26,6,-1,-1,-1,-1,-1,-1,-1,0
Unvalidated,202460Q015469,2024,60Q015469,1,5,0,17,5,1,0,0,0,10,2,0,4,1,6,1,39,7,-1,-1,-1,-1,-1,-1,-1,0
Unvalidated,202460Q015507,2024,60Q015507,1,9,0,5,4,8,0,2,0,0,0,0,1,1,6,1,66,10,-1,-1,-1,-1,-1,-1,-1,0
Unvalidated,202460Q015507,2024,60Q015507,2,9,0,18,6,2,0,1,0,0,1,0,3,1,6,1,30,6,-1,-1,-1,-1,-1,-1,-1,0
Unvalidated,202460Q015647,2024,60Q015647,1,9,0,16,1,5,0,0,5,0,1,11,3,1,6,3,-1,-1,-1,-1,-1,-1,-1,-1,-1,0
Unvalidated,202460Q015725,2024,60Q015725,1,9,0,5,1,5,0,0,0,0,0,0,1,1,6,1,36,7,-1,-1,-1,-1,-1,-1,-1,0
Unvalidated,202460Q016838,2024,60Q016838,1,9,0,18,2,6,0,1,0,0,0,0,1,1,6,1,45,7,-1,-1,-1,-1,-1,-1,-1,0
Unvalidated,202460Q016838,2024,60Q016838,2,1,0,18,8,4,0,1,0,0,0,0,1,1,6,1,12,3,-1,-1,-1,-1,-1,-1,-1,0
Unvalidated,202460Q017170,2024,60Q017170,1,9,0,17,1,5,0,0,1,0,1,0,4,1,2,1,18,4,-1,-1,-1,-1,-1,-1,-1,0
Unvalidated,202460Q017170,2024,60Q017170,2,9,0,16,5,1,0,0,0,0,0,0,3,1,3,2,35,6,-1,-1,-1,-1,-1,-1,-1,0
Unvalidated,202460Q017442,2024,60Q017442,1,9,0,9,3,7,0,3,0,0,0,0,1,1,6,1,20,4,-1,-1,-1,-1,-1,-1,-1,0
Unvalidated,202460Q017451,2024,60Q017451,1,9,0,4,7,5,0,8,0,0,0,0,4,1,2,1,35,6,-1,-1,-1,-1,-1,-1,-1,0
Unvalidated,202460Q018477,2024,60Q018477,1,9,0,18,3,7,0,0,0,12,0,0,1,1,6,1,35,6,-1,-1,-1,-1,-1,-1,-1,0
Unvalidated,202460Q018648,2024,60Q018648,1,9,0,16,1,4,0,0,1,0,0,0,1,1,6,1,60,9,-1,-1,-1,-1,-1,-1,-1,0
Unvalidated,202460Q018648,2024,60Q018648,2,9,0,18,4,8,0,0,0,0,0,0,1,1,6,1,66,10,-1,-1,-1,-1,-1,-1,-1,0
Unvalidated,202460Q019839,2024,60Q019839,1,5,0,16,1,4,0,0,1,0,7,11,1,1,6,1,64,9,-1,-1,-1,-1,-1,-1,-1,0
Unvalidated,202460Q019839,2024,60Q019839,2,9,0,17,4,2,0,0,0,0,0,0,1,1,6,1,30,6,-1,-1,-1,-1,-1,-1,-1,0
Unvalidated,202460Q020304,2024,60Q020304,1,9,0,11,3,7,0,0,1,0,1,3,1,1,6,1,33,6,-1,-1,-1,-1,-1,-1,-1,0
Unvalidated,202460Q021083,2024,60Q021083,1,9,0,18,2,6,0,4,0,10,4,6,4,1,6,1,27,6,-1,-1,-1,-1,-1,-1,-1,0
Unvalidated,202460Q021506,2024,60Q021506,1,9,0,9,1,7,0,6,0,0,1,9,1,1,6,1,33,6,-1,-1,-1,-1,-1,-1,-1,0
Unvalidated,202460Q022130,2024,60Q022130,1,9,0,16,1,5,0,0,1,0,0,0,1,1,2,1,54,8,-1,-1,-1,-1,-1,-1,-1,0
Unvalidated,202460Q022130,2024,60Q022130,2,19,0,18,5,1,0,0,0,0,0,0,1,1,6,2,40,7,-1,-1,-1,-1,-1,-1,-1,0
Unvalidated,202460Q022590,2024,60Q022590,1,1,0,18,4,8,0,0,0,0,0,0,4,1,6,1,34,6,-1,-1,-1,-1,-1,-1,-1,0
Unvalidated,202460Q022590,2024,60Q022590,2,9,0,18,8,4,0,0,0,0,0,0,1,1,6,3,-1,-1,-1,-1,-1,-1,-1,-1,-1,0
Unvalidated,202460Q023006,2024,60Q023006,1,19,0,16,8,3,0,0,2,0,7,4,1,1,6,1,20,4,-1,-1,-1,-1,-1,-1,-1,0
Unvalidated,202460Q023597,2024,60Q023597,1,9,0,7,3,5,0,1,0,0,1,11,1,1,6,1,-1,-1,-1,-1,-1,-1,-1,-1,-1,0
Unvalidated,202460Q023651,2024,60Q023651,1,3,0,18,3,7,0,4,2,0,0,0,1,1,6,1,19,4,-1,-1,-1,-1,-1,-1,-1,0
Unvalidated,202460Q023766,2024,60Q023766,1,3,0,18,7,3,0,0,0,0,1,0,4,1,6,1,22,5,-1,-1,-1,-1,-1,-1,-1,0
Unvalidated,202460Q023926,2024,60Q023926,1,9,0,4,7,5,0,1,0,0,0,0,4,1,6,1,67,10,-1,-1,-1,-1,-1,-1,-1,0
Unvalidated,202460Q024368,2024,60Q024368,1,9,0,18,3,7,0,0,0,0,0,0,1,1,6,3,-1,-1,-1,-1,-1,-1,-1,-1,-1,0
Unvalidated,202460Q025000,2024,60Q025000,1,9,0,18,1,5,0,0,1,0,1,7,1,1,6,1,42,7,-1,-1,-1,-1,-1,-1,-1,0
Unvalidated,202460Q025289,2024,60Q025289,1,1,0,18,2,6,0,2,5,11,0,0,1,1,6,1,77,11,-1,-1,-1,-1,-1,-1,-1,0
Unvalidated,202460Q025289,2024,60Q025289,2,9,0,18,2,6,0,2,0,0,0,0,2,1,6,2,54,8,-1,-1,-1,-1,-1,-1,-1,0
Unvalidated,202460Q025289,2024,60Q025289,3,19,0,2,0,0,0,2,0,0,0,0,0,1,6,1,26,6,-1,-1,-1,-1,-1,-1,-1,0
Unvalidated,202460Q026033,2024,60Q026033,1,19,0,1,6,2,9,0,0,0,0,0,2,1,1,1,25,5,-1,-1,-1,-1,-1,-1,-1,0
Unvalidated,202460Q026152,2024,60Q026152,1,9,0,6,3,3,0,0,0,0,0,0,3,1,6,1,82,11,-1,-1,-1,-1,-1,-1,-1,0
Unvalidated,202460Q026152,2024,60Q026152,2,9,0,18,7,3,0,0,0,0,0,0,1,1,6,1,71,10,-1,-1,-1,-1,-1,-1,-1,0
Unvalidated,202460Q026439,2024,60Q026439,1,9,0,16,3,7,0,0,0,0,1,11,1,1,6,1,18,4,-1,-1,-1,-1,-1,-1,-1,0
Unvalidated,202460Q026628,2024,60Q026628,1,9,0,18,5,1,0,4,0,0,0,0,1,1,2,1,57,9,-1,-1,-1,-1,-1,-1,-1,0
Unvalidated,202460Q026628,2024,60Q026628,2,5,0,9,3,1,0,4,0,0,2,0,4,1,6,1,45,7,-1,-1,-1,-1,-1,-1,-1,0
Unvalidated,202460Q028751,2024,60Q028751,1,9,0,7,4,8,0,8,0,0,0,0,1,1,6,2,50,8,-1,-1,-1,-1,-1,-1,-1,0
Unvalidated,202460Q028751,2024,60Q028751,2,9,0,5,3,7,0,8,0,0,0,0,4,1,6,2,68,10,-1,-1,-1,-1,-1,-1,-1,0
Unvalidated,202460Q029692,2024,60Q029692,1,9,0,2,0,0,0,6,0,0,0,0,1,1,6,2,32,6,-1,-1,-1,-1,-1,-1,-1,0
Unvalidated,202460Q029824,2024,60Q029824,1,9,0,18,5,1,0,0,0,0,5,6,1,1,6,1,38,7,-1,-1,-1,-1,-1,-1,-1,0
Unvalidated,202460Q029824,2024,60Q029824,2,9,0,18,5,1,0,0,0,0,1,7,3,1,6,1,52,8,-1,-1,-1,-1,-1,-1,-1,0
Unvalidated,202460Q029824,2024,60Q029824,3,9,0,18,5,1,0,0,0,1,0,0,1,1,6,1,93,11,-1,-1,-1,-1,-1,-1,-1,0
Unvalidated,202460Q030376,2024,60Q030376,1,9,0,18,2,4,0,1,0,0,1,11,1,1,6,1,18,4,-1,-1,-1,-1,-1,-1,-1,0
Unvalidated,202460Q030376,2024,60Q030376,2,9,0,9,4,2,0,6,0,0,0,0,1,1,6,1,65,9,-1,-1,-1,-1,-1,-1,-1,0
Unvalidated,202460Q030628,2024,60Q030628,1,5,0,17,7,3,0,0,1,0,0,0,3,1,6,1,41,7,-1,-1,-1,-1,-1,-1,-1,0
Unvalidated,202460Q030628,2024,60Q030628,2,5,0,17,7,3,0,0,0,0,0,0,0,1,6,1,37,7,-1,-1,-1,-1,-1,-1,-1,0
Unvalidated,202460Q030896,2024,60Q030896,1,9,0,4,7,5,0,1,0,0,0,0,1,1,6,1,33,6,-1,-1,-1,-1,-1,-1,-1,0
Unvalidated,202460Q030896,2024,60Q030896,2,9,0,4,3,7,0,1,0,0,0,0,3,1,6,1,56,9,-1,-1,-1,-1,-1,-1,-1,0
Unvalidated,202460Q031437,2024,60Q031437,1,9,0,18,3,7,0,0,0,0,0,0,4,1,6,2,63,9,-1,-1,-1,-1,-1,-1,-1,0
Unvalidated,202460Q032291,2024,60Q032291,1,9,0,9,3,1,0,1,0,0,0,0,1,1,6,1,35,6,-1,-1,-1,-1,-1,-1,-1,0
Unvalidated,202460Q032291,2024,60Q032291,2,9,0,7,1,3,0,1,0,0,0,0,1,1,6,1,34,6,-1,-1,-1,-1,-1,-1,-1,0
Unvalidated,202460Q032527,2024,60Q032527,1,9,0,18,3,7,0,0,0,0,0,0,4,1,6,1,87,11,-1,-1,-1,-1,-1,-1,-1,0
Unvalidated,202460Q032729,2024,60Q032729,1,4,0,7,2,4,0,2,0,0,0,0,1,1,6,2,21,5,-1,-1,-1,-1,-1,-1,-1,0
Unvalidated,202460Q032729,2024,60Q032729,2,9,0,18,4,8,0,1,0,0,0,0,1,1,2,2,65,9,-1,-1,-1,-1,-1,-1,-1,0
Unvalidated,202460Q033021,2024,60Q033021,1,9,0,16,3,7,0,0,2,0,1,4,1,1,6,1,21,5,-1,-1,-1,-1,-1,-1,-1,0
Unvalidated,202460Q033026,2024,60Q033026,1,9,0,5,1,5,0,8,0,0,0,0,4,1,6,1,44,7,-1,-1,-1,-1,-1,-1,-1,0
Unvalidated,202460Q033026,2024,60Q033026,2,9,0,5,3,7,0,8,0,0,0,0,1,1,6,2,43,7,-1,-1,-1,-1,-1,-1,-1,0
Unvalidated,202460Q033062,2024,60Q033062,1,19,0,18,7,3,0,0,0,0,0,0,0,1,6,1,80,11,-1,-1,-1,-1,-1,-1,-1,0
Unvalidated,202460Q033880,2024,60Q033880,1,11,0,18,6,2,0,4,0,0,0,0,0,1,1,2,48,8,-1,-1,-1,-1,-1,-1,-1,0
Unvalidated,202460Q034042,2024,60Q034042,1,9,0,18,5,1,0,2,0,0,1,3,3,1,6,2,79,11,-1,-1,-1,-1,-1,-1,-1,0
Unvalidated,202460Q034042,2024,60Q034042,2,9,0,18,4,8,0,1,0,0,0,0,1,1,6,2,22,5,-1,-1,-1,-1,-1,-1,-1,0
Unvalidated,202460Q034144,2024,60Q034144,1,9,0,2,0,0,0,0,0,0,1,11,2,1,6,1,48,8,-1,-1,-1,-1,-1,-1,-1,0
Unvalidated,202460Q034144,2024,60Q034144,2,9,0,18,7,3,0,0,0,4,0,0,1,1,6,2,51,8,-1,-1,-1,-1,-1,-1,-1,0
Unvalidated,202460Q034666,2024,60Q034666,1,19,4,18,5,1,0,6,0,0,7,0,3,1,1,1,42,7,-1,-1,-1,-1,-1,-1,-1,0
Unvalidated,202460Q034666,2024,60Q034666,2,9,0,18,3,7,0,8,0,0,7,0,1,1,6,2,42,7,-1,-1,-1,-1,-1,-1,-1,0
Unvalidated,202460Q035496,2024,60Q035496,1,9,0,7,1,3,9,2,0,0,1,0,1,1,6,3,-1,-1,-1,-1,-1,-1,-1,-1,-1,0
Unvalidated,202460Q037672,2024,60Q037672,1,4,0,17,7,3,0,0,2,0,2,9,0,1,6,1,61,9,-1,-1,-1,-1,-1,-1,-1,0
Unvalidated,202460Q037823,2024,60Q037823,1,9,0,18,7,4,0,2,0,0,0,0,4,1,6,1,28,6,-1,-1,-1,-1,-1,-1,-1,0
Unvalidated,202460Q038285,2024,60Q038285,1,9,0,16,8,3,0,2,0,0,0,0,1,1,6,1,56,9,-1,-1,-1,-1,-1,-1,-1,0
Unvalidated,202460Q038285,2024,60Q038285,2,1,0,18,5,1,0,6,0,0,0,0,1,1,6,1,39,7,-1,-1,-1,-1,-1,-1,-1,0
Unvalidated,202460Q038449,2024,60Q038449,1,9,0,18,3,7,0,0,0,0,0,0,4,1,6,3,-1,-1,-1,-1,-1,-1,-1,-1,-1,0
Unvalidated,202460Q038509,2024,60Q038509,1,3,0,17,6,3,0,0,1,0,7,0,3,1,6,2,19,4,-1,-1,-1,-1,-1,-1,-1,0
Unvalidated,202460Q038691,2024,60Q038691,1,9,0,1,2,6,0,0,0,0,0,0,2,1,6,1,58,9,-1,-1,-1,-1,-1,-1,-1,0
Unvalidated,202460Q038691,2024,60Q038691,2,9,0,2,0,0,0,0,0,0,0,0,1,1,6,1,62,9,-1,-1,-1,-1,-1,-1,-1,0
Unvalidated,202460Q038827,2024,60Q038827,1,98,0,9,1,7,0,6,0,0,0,0,4,1,6,3,-1,-1,-1,-1,-1,-1,-1,-1,-1,0
Unvalidated,202460Q038827,2024,60Q038827,2,9,0,7,5,7,0,6,0,0,0,0,1,1,6,1,19,4,-1,-1,-1,-1,-1,-1,-1,0
Unvalidated,202460Q038970,2024,60Q038970,1,9,0,18,3,7,0,0,1,0,2,7,1,1,6,1,21,5,-1,-1,-1,-1,-1,-1,-1,0
Unvalidated,202460Q040852,2024,60Q040852,1,9,0,18,3,7,0,2,0,0,0,0,1,1,6,2,22,5,-1,-1,-1,-1,-1,-1,-1,0
Unvalidated,202460Q040852,2024,60Q040852,2,9,0,18,5,1,0,1,0,0,1,10,3,1,6,2,49,8,-1,-1,-1,-1,-1,-1,-1,0