status,collision_index,collision_year,collision_reference,vehicle_reference,vehicle_type,towing_and_articulation,vehicle_manoeuvre,vehicle_direction_from,vehicle_direction_to,vehicle_location_restricted_lane,junction_location,skidding_and_overturning,hit_object_in_carriageway,vehicle_leaving_carriageway,hit_object_off_carriageway,first_point_of_impact,vehicle_left_hand_drive,journey_purpose_of_driver,sex_of_driver,age_of_driver,age_band_of_driver,engine_capacity_cc,propulsion_code,age_of_vehicle,generic_make_model,driver_imd_decile,driver_home_area_type,lsoa_of_driver,escooter_flag
Unvalidated,202460Q040873,2024,60Q040873,1,9,0,18,5,1,0,1,2,0,8,10,4,1,6,1,18,4,-1,-1,-1,-1,-1,-1,-1,0
Unvalidated,202460Q041041,2024,60Q041041,1,9,0,9,2,6,0,6,0,0,1,0,3,1,2,1,30,6,-1,-1,-1,-1,-1,-1,-1,0
Unvalidated,202460Q041041,2024,60Q041041,2,9,0,18,5,2,0,1,0,0,0,0,1,1,2,2,67,10,-1,-1,-1,-1,-1,-1,-1,0
Unvalidated,202460Q042062,2024,60Q042062,1,19,0,5,5,2,0,6,0,0,0,0,3,1,1,1,51,8,-1,-1,-1,-1,-1,-1,-1,0
Unvalidated,202460Q042062,2024,60Q042062,2,9,0,18,2,6,0,1,0,0,0,0,4,1,6,2,81,11,-1,-1,-1,-1,-1,-1,-1,0
Unvalidated,202460Q043024,2024,60Q043024,1,9,0,9,2,6,0,5,0,0,0,0,1,1,6,2,59,9,-1,-1,-1,-1,-1,-1,-1,0
Unvalidated,202460Q043024,2024,60Q043024,2,9,0,18,6,2,0,1,0,0,0,0,1,1,6,2,74,10,-1,-1,-1,-1,-1,-1,-1,0
Unvalidated,202460Q043038,2024,60Q043038,1,9,0,9,3,1,0,1,0,0,0,0,4,1,1,1,32,6,-1,-1,-1,-1,-1,-1,-1,0
Unvalidated,202460Q043038,2024,60Q043038,2,5,0,18,7,3,0,1,1,0,0,0,1,1,6,1,38,7,-1,-1,-1,-1,-1,-1,-1,0
Unvalidated,202460Q043038,2024,60Q043038,3,9,0,18,3,7,0,1,0,0,0,0,3,1,6,1,50,8,-1,-1,-1,-1,-1,-1,-1,0
Unvalidated,202460Q043482,2024,60Q043482,1,9,0,18,6,2,0,1,0,0,0,0,2,1,6,1,26,6,-1,-1,-1,-1,-1,-1,-1,0
Unvalidated,202460Q043482,2024,60Q043482,2,9,0,10,6,4,0,1,0,0,0,0,1,1,6,1,28,6,-1,-1,-1,-1,-1,-1,-1,0
Unvalidated,202460Q044027,2024,60Q044027,1,9,0,5,4,8,0,3,0,0,0,0,0,1,6,1,56,9,-1,-1,-1,-1,-1,-1,-1,0
Unvalidated,202460Q044027,2024,60Q044027,2,5,0,5,4,8,0,3,2,10,0,0,1,1,6,1,69,10,-1,-1,-1,-1,-1,-1,-1,0
Unvalidated,202460Q044146,2024,60Q044146,1,4,0,18,6,2,0,3,0,10,0,0,4,1,6,1,73,10,-1,-1,-1,-1,-1,-1,-1,0
Unvalidated,202460Q044752,2024,60Q044752,1,9,0,3,1,5,0,1,0,0,0,0,1,1,6,2,18,4,-1,-1,-1,-1,-1,-1,-1,0
Unvalidated,202460Q044752,2024,60Q044752,2,9,0,10,1,5,0,1,0,0,0,0,2,1,6,2,24,5,-1,-1,-1,-1,-1,-1,-1,0
Unvalidated,202460Q045022,2024,60Q045022,1,19,0,18,3,7,0,1,0,0,0,0,1,1,6,1,45,7,-1,-1,-1,-1,-1,-1,-1,0
Unvalidated,202460Q045022,2024,60Q045022,2,9,0,3,3,7,0,1,1,0,1,9,2,1,1,2,35,6,-1,-1,-1,-1,-1,-1,-1,0
Unvalidated,202460Q045056,2024,60Q045056,1,3,0,18,4,8,0,1,1,0,1,0,1,1,6,1,33,6,-1,-1,-1,-1,-1,-1,-1,0
Unvalidated,202460Q045121,2024,60Q045121,1,9,0,18,3,7,0,0,0,0,0,0,1,1,6,1,21,5,-1,-1,-1,-1,-1,-1,-1,0
Unvalidated,202460Q045121,2024,60Q045121,2,9,0,18,7,3,0,0,0,0,0,0,4,1,6,2,52,8,-1,-1,-1,-1,-1,-1,-1,0
Unvalidated,202460Q045636,2024,60Q045636,1,11,0,18,3,7,0,1,0,0,0,0,1,1,1,1,56,9,-1,-1,-1,-1,-1,-1,-1,0
Unvalidated,202460Q046721,2024,60Q046721,1,9,0,18,7,3,0,0,0,0,0,0,4,1,6,2,27,6,-1,-1,-1,-1,-1,-1,-1,0
Unvalidated,202460Q046894,2024,60Q046894,1,19,0,18,3,7,0,1,0,4,0,0,1,1,6,1,23,5,-1,-1,-1,-1,-1,-1,-1,0
Unvalidated,202460Q046894,2024,60Q046894,2,9,0,18,7,3,0,1,0,0,0,0,3,1,6,1,24,5,-1,-1,-1,-1,-1,-1,-1,0
Unvalidated,202460Q046894,2024,60Q046894,3,9,0,2,0,0,0,2,0,0,0,0,3,1,6,1,42,7,-1,-1,-1,-1,-1,-1,-1,0
Unvalidated,202460Q046936,2024,60Q046936,1,9,0,7,8,3,0,5,0,0,0,0,1,1,6,1,35,6,-1,-1,-1,-1,-1,-1,-1,0
Unvalidated,202460Q047691,2024,60Q047691,1,5,0,16,4,8,0,0,0,0,7,0,1,1,6,1,66,10,-1,-1,-1,-1,-1,-1,-1,0
Unvalidated,202460Q047691,2024,60Q047691,2,9,0,17,8,4,0,0,0,0,1,0,1,1,6,2,45,7,-1,-1,-1,-1,-1,-1,-1,0
Unvalidated,202460Q047875,2024,60Q047875,1,9,0,18,8,4,0,1,0,0,0,0,1,1,6,2,27,6,-1,-1,-1,-1,-1,-1,-1,0
Unvalidated,202460Q047875,2024,60Q047875,2,9,0,18,2,6,0,1,0,0,0,0,3,1,6,1,72,10,-1,-1,-1,-1,-1,-1,-1,0
Unvalidated,202460Q047981,2024,60Q047981,1,98,2,9,5,3,0,8,0,0,0,0,4,1,1,1,40,7,-1,-1,-1,-1,-1,-1,-1,0
Unvalidated,202460Q047981,2024,60Q047981,2,9,0,18,1,5,0,1,0,0,0,0,1,1,6,2,77,11,-1,-1,-1,-1,-1,-1,-1,0
Unvalidated,202460Q048602,2024,60Q048602,1,98,0,18,3,7,0,2,0,0,0,0,1,1,1,1,28,6,-1,-1,-1,-1,-1,-1,-1,0
Unvalidated,202460Q050026,2024,60Q050026,1,9,0,18,5,1,0,0,0,0,1,4,1,1,6,1,18,4,-1,-1,-1,-1,-1,-1,-1,0
Unvalidated,202460Q050026,2024,60Q050026,2,9,0,16,1,5,0,0,0,0,0,0,0,1,6,3,-1,-1,-1,-1,-1,-1,-1,-1,-1,0
Unvalidated,202460Q050393,2024,60Q050393,1,9,0,18,5,1,0,1,0,0,0,0,1,1,6,1,18,4,-1,-1,-1,-1,-1,-1,-1,0
Unvalidated,202460Q050393,2024,60Q050393,2,9,0,3,5,1,0,1,0,0,0,0,2,1,6,2,44,7,-1,-1,-1,-1,-1,-1,-1,0
Unvalidated,202460Q050406,2024,60Q050406,1,90,0,18,1,5,0,1,0,0,0,0,1,1,6,1,24,5,-1,-1,-1,-1,-1,-1,-1,0
Unvalidated,202460Q050406,2024,60Q050406,2,9,0,9,1,7,0,5,0,0,0,0,3,1,6,2,24,5,-1,-1,-1,-1,-1,-1,-1,0
Unvalidated,202460Q050463,2024,60Q050463,1,5,0,17,6,3,0,0,0,0,1,11,4,1,6,1,56,9,-1,-1,-1,-1,-1,-1,-1,0
Unvalidated,202460Q050830,2024,60Q050830,1,9,0,17,3,8,0,0,0,0,1,4,1,1,6,1,19,4,-1,-1,-1,-1,-1,-1,-1,0
Unvalidated,202460Q051258,2024,60Q051258,1,9,0,17,2,6,0,0,5,0,2,4,1,1,6,2,41,7,-1,-1,-1,-1,-1,-1,-1,0
Unvalidated,202460Q051359,2024,60Q051359,1,98,0,18,1,5,0,4,0,0,0,0,3,1,1,1,52,8,-1,-1,-1,-1,-1,-1,-1,0
Unvalidated,202460Q051359,2024,60Q051359,2,1,0,18,7,3,0,4,0,0,0,0,1,1,6,1,47,8,-1,-1,-1,-1,-1,-1,-1,0
Unvalidated,202460Q051366,2024,60Q051366,1,9,0,4,7,3,0,1,0,0,0,0,2,1,6,1,56,9,-1,-1,-1,-1,-1,-1,-1,0
Unvalidated,202460Q051366,2024,60Q051366,2,8,0,5,7,3,0,1,0,0,0,0,1,1,1,1,42,7,-1,-1,-1,-1,-1,-1,-1,0
Unvalidated,202460Q052299,2024,60Q052299,1,9,0,18,5,1,0,0,0,0,0,0,1,1,6,1,18,4,-1,-1,-1,-1,-1,-1,-1,0
Unvalidated,202460Q052299,2024,60Q052299,2,9,0,2,0,0,6,0,0,0,1,0,2,1,6,2,42,7,-1,-1,-1,-1,-1,-1,-1,0
Unvalidated,202460Q052322,2024,60Q052322,1,9,0,18,7,3,0,0,1,0,0,0,1,1,6,1,20,4,-1,-1,-1,-1,-1,-1,-1,0
Unvalidated,202460Q052339,2024,60Q052339,1,9,0,3,5,1,0,0,0,0,0,0,2,1,1,1,39,7,-1,-1,-1,-1,-1,-1,-1,0
Unvalidated,202460Q052339,2024,60Q052339,2,9,0,3,1,5,0,0,0,0,0,0,2,1,1,2,38,7,-1,-1,-1,-1,-1,-1,-1,0
Unvalidated,202460Q052339,2024,60Q052339,3,19,0,3,1,5,0,0,0,0,0,0,1,1,1,1,27,6,-1,-1,-1,-1,-1,-1,-1,0
Unvalidated,202460Q052439,2024,60Q052439,1,9,0,4,3,7,0,8,0,0,0,0,1,1,6,2,36,7,-1,-1,-1,-1,-1,-1,-1,0
Unvalidated,202460Q052439,2024,60Q052439,2,9,0,4,3,7,0,8,0,0,0,0,2,1,6,1,69,10,-1,-1,-1,-1,-1,-1,-1,0
Unvalidated,202460Q052657,2024,60Q052657,1,9,0,18,1,5,0,0,0,0,0,0,1,1,6,1,18,4,-1,-1,-1,-1,-1,-1,-1,0
Unvalidated,202460Q052657,2024,60Q052657,2,9,0,18,5,1,0,0,0,0,0,0,1,1,6,2,53,8,-1,-1,-1,-1,-1,-1,-1,0
Unvalidated,202460Q053161,2024,60Q053161,1,5,0,17,5,1,0,1,2,0,7,10,4,1,6,1,63,9,-1,-1,-1,-1,-1,-1,-1,0
Unvalidated,202460Q053161,2024,60Q053161,2,9,0,10,2,8,0,1,0,0,0,0,4,1,2,2,43,7,-1,-1,-1,-1,-1,-1,-1,0
Unvalidated,202460Q053306,2024,60Q053306,1,9,0,16,7,3,0,0,1,10,1,10,1,1,2,1,44,7,-1,-1,-1,-1,-1,-1,-1,0
Unvalidated,202460Q054116,2024,60Q054116,1,9,0,9,7,5,0,6,0,0,0,0,1,1,2,2,22,5,-1,-1,-1,-1,-1,-1,-1,0
Unvalidated,202460Q054116,2024,60Q054116,2,3,0,18,5,1,0,1,0,0,0,0,1,1,6,2,37,7,-1,-1,-1,-1,-1,-1,-1,0
Unvalidated,202460Q054481,2024,60Q054481,1,9,0,18,3,7,0,2,0,0,0,0,3,1,6,1,59,9,-1,-1,-1,-1,-1,-1,-1,0
Unvalidated,202460Q054534,2024,60Q054534,1,9,0,10,2,7,0,0,0,0,0,0,2,1,6,1,37,7,-1,-1,-1,-1,-1,-1,-1,0
Unvalidated,202460Q054534,2024,60Q054534,2,9,0,18,2,5,0,0,0,0,0,0,1,1,6,1,20,4,-1,-1,-1,-1,-1,-1,-1,0
Unvalidated,202460Q054556,2024,60Q054556,1,98,0,9,3,1,0,1,0,0,0,0,2,1,1,3,-1,-1,-1,-1,-1,-1,-1,-1,-1,0
Unvalidated,202460Q055092,2024,60Q055092,1,9,0,7,5,7,0,5,0,0,0,0,1,1,6,1,36,7,-1,-1,-1,-1,-1,-1,-1,0
Unvalidated,202460Q055092,2024,60Q055092,2,1,0,18,5,1,0,1,0,0,0,0,1,1,6,1,65,9,-1,-1,-1,-1,-1,-1,-1,0
Unvalidated,202460Q055217,2024,60Q055217,1,9,0,7,5,1,0,1,0,0,0,0,1,1,6,2,22,5,-1,-1,-1,-1,-1,-1,-1,0
Unvalidated,202460Q055217,2024,60Q055217,2,1,0,18,7,3,0,1,0,0,1,0,1,1,6,1,38,7,-1,-1,-1,-1,-1,-1,-1,0
Unvalidated,202460Q055540,2024,60Q055540,1,9,0,18,7,3,0,0,0,0,0,0,4,1,6,1,34,6,-1,-1,-1,-1,-1,-1,-1,0
Unvalidated,202460Q055540,2024,60Q055540,2,9,0,5,7,3,0,0,0,0,0,0,3,1,6,2,30,6,-1,-1,-1,-1,-1,-1,-1,0
Unvalidated,202460Q055629,2024,60Q055629,1,9,0,18,2,4,0,0,0,0,0,0,3,1,6,2,48,8,-1,-1,-1,-1,-1,-1,-1,0
Unvalidated,202460Q055629,2024,60Q055629,2,3,0,18,8,4,9,0,0,0,0,0,3,1,6,1,32,6,-1,-1,-1,-1,-1,-1,-1,0
Unvalidated,202460Q055758,2024,60Q055758,1,9,0,13,5,1,0,0,0,0,0,0,4,1,6,1,19,4,-1,-1,-1,-1,-1,-1,-1,0
Unvalidated,202460Q055758,2024,60Q055758,2,3,0,14,5,1,0,0,5,0,0,0,3,1,6,1,18,4,-1,-1,-1,-1,-1,-1,-1,0
Unvalidated,202460Q055918,2024,60Q055918,1,17,5,17,5,1,0,2,0,0,0,0,0,1,1,1,70,10,-1,-1,-1,-1,-1,-1,-1,0
Unvalidated,202460Q056473,2024,60Q056473,1,9,0,14,1,5,0,1,0,0,0,0,1,1,3,2,37,7,-1,-1,-1,-1,-1,-1,-1,0
Unvalidated,202460Q056473,2024,60Q056473,2,9,0,2,0,0,0,2,0,0,0,0,0,1,3,2,34,6,-1,-1,-1,-1,-1,-1,-1,0
Unvalidated,202460Q057144,2024,60Q057144,1,9,0,5,5,1,0,0,0,0,0,0,1,1,6,1,25,5,-1,-1,-1,-1,-1,-1,-1,0
Unvalidated,202460Q057831,2024,60Q057831,1,98,0,17,1,6,0,0,0,0,0,0,1,1,2,1,50,8,-1,-1,-1,-1,-1,-1,-1,0
Unvalidated,202460Q057831,2024,60Q057831,2,9,0,16,6,1,0,0,0,0,0,0,1,1,6,1,75,10,-1,-1,-1,-1,-1,-1,-1,0
Unvalidated,202460Q057988,2024,60Q057988,1,9,0,18,4,8,0,0,1,0,0,0,1,1,2,1,53,8,-1,-1,-1,-1,-1,-1,-1,0
Unvalidated,202460Q059053,2024,60Q059053,1,19,0,17,3,7,0,0,0,0,1,11,4,1,6,1,35,6,-1,-1,-1,-1,-1,-1,-1,0
Unvalidated,202460Q059053,2024,60Q059053,2,9,0,17,3,7,0,0,0,0,0,0,3,1,1,2,56,9,-1,-1,-1,-1,-1,-1,-1,0
Unvalidated,202460Q059486,2024,60Q059486,1,9,0,5,5,1,0,8,0,0,0,0,1,1,6,1,33,6,-1,-1,-1,-1,-1,-1,-1,0
Unvalidated,202460Q059486,2024,60Q059486,2,97,0,18,7,3,0,8,1,0,0,0,1,1,2,2,27,6,-1,-1,-1,-1,-1,-1,-1,0
Unvalidated,202460Q060805,2024,60Q060805,1,9,0,5,3,7,0,6,0,0,0,0,1,1,6,2,56,9,-1,-1,-1,-1,-1,-1,-1,0
Unvalidated,202460Q060805,2024,60Q060805,2,9,0,18,5,1,0,1,0,0,0,0,3,1,6,2,44,7,-1,-1,-1,-1,-1,-1,-1,0
Unvalidated,202460Q061295,2024,60Q061295,1,98,1,7,2,6,0,8,0,0,0,0,3,1,1,1,64,9,-1,-1,-1,-1,-1,-1,-1,0
Unvalidated,202460Q061295,2024,60Q061295,2,9,0,3,6,2,0,8,0,0,0,0,3,1,6,1,81,11,-1,-1,-1,-1,-1,-1,-1,0
Unvalidated,202460Q061388,2024,60Q061388,1,9,0,13,2,6,0,0,0,0,0,0,2,1,6,1,59,9,-1,-1,-1,-1,-1,-1,-1,0
Unvalidated,202460Q061388,2024,60Q061388,2,5,0,13,2,6,0,0,2,0,0,0,1,1,6,1,49,8,-1,-1,-1,-1,-1,-1,-1,0
Unvalidated,202460Q061388,2024,60Q061388,3,9,0,18,2,6,0,0,0,0,0,0,0,1,6,1,76,11,-1,-1,-1,-1,-1,-1,-1,0
Unvalidated,202460Q062138,2024,60Q062138,1,9,0,5,5,1,0,1,0,0,0,0,1,1,6,1,25,5,-1,-1,-1,-1,-1,-1,-1,0
Unvalidated,202460Q062138,2024,60Q062138,2,1,0,5,5,1,0,1,0,0,0,0,2,1,6,1,46,8,-1,-1,-1,-1,-1,-1,-1,0
Unvalidated,202460Q062267,2024,60Q062267,1,9,0,18,6,2,0,0,0,0,0,0,4,1,3,2,47,8,-1,-1,-1,-1,-1,-1,-1,0
Unvalidated,202460Q062267,2024,60Q062267,2,2,0,18,2,6,0,0,0,0,0,0,3,1,6,1,16,4,-1,-1,-1,-1,-1,-1,-1,0
Unvalidated,202460Q062501,2024,60Q062501,1,9,0,18,6,2,0,0,2,0,1,9,1,1,2,2,45,7,-1,-1,-1,-1,-1,-1,-1,0
Unvalidated,202460Q062830,2024,60Q062830,1,9,0,15,1,5,0,0,0,0,0,0,3,1,6,3,-1,-1,-1,-1,-1,-1,-1,-1,-1,0
Unvalidated,202460Q062830,2024,60Q062830,2,1,0,18,1,5,0,0,0,0,0,0,4,1,6,1,22,5,-1,-1,-1,-1,-1,-1,-1,0
Unvalidated,202460Q063189,2024,60Q063189,1,4,0,18,2,6,0,0,0,0,0,0,1,1,6,1,29,6,-1,-1,-1,-1,-1,-1,-1,0
Unvalidated,202460Q063189,2024,60Q063189,2,9,0,18,2,6,0,0,0,0,0,0,2,1,6,1,71,10,-1,-1,-1,-1,-1,-1,-1,0
Unvalidated,202460Q063784,2024,60Q063784,1,1,0,18,6,2,0,0,0,0,0,0,3,1,6,1,17,4,-1,-1,-1,-1,-1,-1,-1,0
Unvalidated,202460Q063784,2024,60Q063784,2,9,0,18,6,2,0,0,0,0,0,0,4,1,6,1,81,11,-1,-1,-1,-1,-1,-1,-1,0
Unvalidated,202460Q063828,2024,60Q063828,1,9,0,11,7,3,0,0,2,0,1,0,4,1,6,2,30,6,-1,-1,-1,-1,-1,-1,-1,0
Unvalidated,202460Q063828,2024,60Q063828,2,21,1,18,7,3,0,0,1,0,0,0,3,1,1,1,65,9,-1,-1,-1,-1,-1,-1,-1,0
Unvalidated,202460Q063945,2024,60Q063945,1,9,0,13,6,2,0,0,2,0,1,3,1,1,6,1,60,9,-1,-1,-1,-1,-1,-1,-1,0
Unvalidated,202460Q063945,2024,60Q063945,2,9,0,18,6,2,0,0,0,0,0,0,0,1,6,1,37,7,-1,-1,-1,-1,-1,-1,-1,0
Unvalidated,202460Q064480,2024,60Q064480,1,20,0,4,5,8,0,1,0,0,0,0,1,1,1,1,42,7,-1,-1,-1,-1,-1,-1,-1,0
Unvalidated,202460Q064480,2024,60Q064480,2,5,0,3,5,8,0,1,0,0,0,0,2,1,6,1,53,8,-1,-1,-1,-1,-1,-1,-1,0
Unvalidated,202460Q065028,2024,60Q065028,1,21,1,18,3,7,0,0,0,0,0,0,4,1,1,3,-1,-1,-1,-1,-1,-1,-1,-1,-1,0
Unvalidated,202460Q065723,2024,60Q065723,1,5,0,17,3,7,0,0,2,0,1,9,1,1,6,1,33,6,-1,-1,-1,-1,-1,-1,-1,0
Unvalidated,202460Q066327,2024,60Q066327,1,9,0,8,6,2,0,1,1,0,4,2,1,1,6,1,78,11,-1,-1,-1,-1,-1,-1,-1,0
Unvalidated,202460Q066327,2024,60Q066327,2,10,0,18,5,1,0,1,1,0,6,0,1,1,6,1,40,7,-1,-1,-1,-1,-1,-1,-1,0
Unvalidated,202460Q066736,2024,60Q066736,1,9,0,18,2,6,0,1,0,0,0,0,3,1,6,2,56,9,-1,-1,-1,-1,-1,-1,-1,0
Unvalidated,202460Q066760,2024,60Q066760,1,19,0,9,2,5,0,6,0,0,0,0,1,1,6,1,40,7,-1,-1,-1,-1,-1,-1,-1,0
Unvalidated,202460Q066760,2024,60Q066760,2,4,0,18,5,2,0,1,1,0,0,0,1,1,6,1,30,6,-1,-1,-1,-1,-1,-1,-1,0
Unvalidated,202460Q066760,2024,60Q066760,3,4,0,18,5,2,0,1,0,0,0,0,0,1,6,1,25,5,-1,-1,-1,-1,-1,-1,-1,0
Unvalidated,202460Q066866,2024,60Q066866,1,9,0,9,6,2,0,6,0,0,0,0,1,1,6,1,32,6,-1,-1,-1,-1,-1,-1,-1,0
Unvalidated,202460Q066866,2024,60Q066866,2,9,0,18,4,8,0,1,0,0,0,0,1,1,6,2,23,5,-1,-1,-1,-1,-1,-1,-1,0
Unvalidated,202460Q066918,2024,60Q066918,1,9,0,18,5,1,0,1,0,0,0,0,1,1,6,1,35,6,-1,-1,-1,-1,-1,-1,-1,0
Unvalidated,202460Q066918,2024,60Q066918,2,9,0,18,3,7,0,1,0,0,0,0,4,1,6,1,62,9,-1,-1,-1,-1,-1,-1,-1,0
Unvalidated,202460Q067136,2024,60Q067136,1,5,0,18,3,7,0,0,1,0,0,0,0,1,6,1,20,4,-1,-1,-1,-1,-1,-1,-1,0
Unvalidated,202460Q067386,2024,60Q067386,1,4,0,13,4,8,0,8,0,0,7,11,1,1,6,1,42,7,-1,-1,-1,-1,-1,-1,-1,0
Unvalidated,202460Q067386,2024,60Q067386,2,9,0,9,4,8,0,8,0,0,0,0,3,1,6,1,74,10,-1,-1,-1,-1,-1,-1,-1,0
Unvalidated,202460Q068359,2024,60Q068359,1,9,0,9,5,3,0,6,0,0,0,0,1,1,1,1,30,6,-1,-1,-1,-1,-1,-1,-1,0
Unvalidated,202460Q068359,2024,60Q068359,2,3,0,18,7,2,0,1,0,0,0,0,1,1,2,2,27,6,-1,-1,-1,-1,-1,-1,-1,0
Unvalidated,202460Q068512,2024,60Q068512,1,9,0,18,1,5,9,1,0,0,0,0,1,1,6,1,49,8,-1,-1,-1,-1,-1,-1,-1,0
Unvalidated,202460Q068512,2024,60Q068512,2,9,0,5,7,3,6,1,0,0,0,0,1,1,6,1,70,10,-1,-1,-1,-1,-1,-1,-1,0
Unvalidated,202460Q068658,2024,60Q068658,1,9,0,16,3,5,0,0,0,0,0,0,0,1,6,2,18,4,-1,-1,-1,-1,-1,-1,-1,0
Unvalidated,202460Q068831,2024,60Q068831,1,9,0,18,3,7,0,0,0,0,0,0,4,1,6,3,-1,-1,-1,-1,-1,-1,-1,-1,-1,0
Unvalidated,202460Q068831,2024,60Q068831,2,1,0,18,3,7,0,0,0,0,1,11,3,1,6,1,73,10,-1,-1,-1,-1,-1,-1,-1,0
Unvalidated,202460Q069158,2024,60Q069158,1,5,0,16,3,6,0,0,5,0,0,0,1,1,6,1,63,9,-1,-1,-1,-1,-1,-1,-1,0
Unvalidated,202460Q069158,2024,60Q069158,2,9,0,17,3,6,0,0,0,0,0,0,1,1,6,1,54,8,-1,-1,-1,-1,-1,-1,-1,0
Unvalidated,202460Q069215,2024,60Q069215,1,9,0,6,7,7,0,1,0,0,0,0,1,1,6,2,36,7,-1,-1,-1,-1,-1,-1,-1,0
Unvalidated,202460Q069215,2024,60Q069215,2,9,0,8,5,7,0,1,0,0,0,0,4,1,6,2,35,6,-1,-1,-1,-1,-1,-1,-1,0
Unvalidated,202460Q069859,2024,60Q069859,1,9,0,17,3,7,0,0,5,0,7,9,4,1,2,1,50,8,-1,-1,-1,-1,-1,-1,-1,0
Unvalidated,202460Q070178,2024,60Q070178,1,9,0,9,8,4,0,8,0,0,0,0,1,1,6,2,56,9,-1,-1,-1,-1,-1,-1,-1,0
Unvalidated,202460Q070178,2024,60Q070178,2,9,0,18,4,8,0,1,0,0,0,0,1,1,6,1,34,6,-1,-1,-1,-1,-1,-1,-1,0
Unvalidated,202460Q070293,2024,60Q070293,1,9,0,9,5,3,0,1,0,0,0,0,3,1,6,2,76,11,-1,-1,-1,-1,-1,-1,-1,0
Unvalidated,202460Q070293,2024,60Q070293,2,9,0,18,3,7,0,1,0,0,0,0,3,1,6,2,51,8,-1,-1,-1,-1,-1,-1,-1,0
Unvalidated,202460Q070357,2024,60Q070357,1,9,0,13,7,3,0,0,5,4,0,0,1,1,6,1,20,4,-1,-1,-1,-1,-1,-1,-1,0
Unvalidated,202460Q070357,2024,60Q070357,2,9,0,18,7,3,0,0,1,0,1,0,2,1,6,1,30,6,-1,-1,-1,-1,-1,-1,-1,0
Unvalidated,202460Q070357,2024,60Q070357,3,19,0,2,0,0,0,0,0,0,0,0,3,1,6,1,55,8,-1,-1,-1,-1,-1,-1,-1,0
Unvalidated,202460Q070357,2024,60Q070357,4,9,0,2,0,0,0,0,0,0,0,0,3,1,6,2,30,6,-1,-1,-1,-1,-1,-1,-1,0
Unvalidated,202460Q070357,2024,60Q070357,5,19,0,2,0,0,0,0,1,4,0,0,1,1,6,3,-1,-1,-1,-1,-1,-1,-1,-1,-1,0
Unvalidated,202460Q070357,2024,60Q070357,6,19,0,2,0,0,0,0,0,4,0,0,1,1,6,3,-1,-1,-1,-1,-1,-1,-1,-1,-1,0
Unvalidated,202460Q070581,2024,60Q070581,1,9,0,10,3,1,0,1,0,0,0,0,2,1,6,2,49,8,-1,-1,-1,-1,-1,-1,-1,0
Unvalidated,202460Q070581,2024,60Q070581,2,9,0,18,3,7,0,1,0,0,0,0,1,1,6,2,38,7,-1,-1,-1,-1,-1,-1,-1,0
Unvalidated,202460Q070730,2024,60Q070730,1,9,0,18,3,6,0,0,0,0,0,0,1,1,6,1,69,10,-1,-1,-1,-1,-1,-1,-1,0
Unvalidated,202460Q070730,2024,60Q070730,2,1,0,18,3,6,0,0,0,0,0,0,2,1,6,1,30,6,-1,-1,-1,-1,-1,-1,-1,0
Unvalidated,202460Q071455,2024,60Q071455,1,9,0,17,1,5,0,0,1,0,0,11,4,1,6,1,20,4,-1,-1,-1,-1,-1,-1,-1,0
Unvalidated,202460Q071455,2024,60Q071455,2,9,0,18,5,1,0,0,0,0,0,0,3,1,6,1,59,9,-1,-1,-1,-1,-1,-1,-1,0
Unvalidated,202460Q071804,2024,60Q071804,1,9,0,18,5,1,0,2,0,0,0,0,4,1,1,2,42,7,-1,-1,-1,-1,-1,-1,-1,0
Unvalidated,202460Q072030,2024,60Q072030,1,9,0,14,3,7,0,0,5,0,1,4,1,1,6,1,40,7,-1,-1,-1,-1,-1,-1,-1,0
Unvalidated,202460Q072030,2024,60Q072030,2,9,0,18,3,7,0,0,0,0,0,0,3,1,6,2,74,10,-1,-1,-1,-1,-1,-1,-1,0
Unvalidated,202460Q072071,2024,60Q072071,1,9,0,15,7,3,0,2,0,0,0,0,1,1,6,1,62,9,-1,-1,-1,-1,-1,-1,-1,0
Unvalidated,202460Q072588,2024,60Q072588,1,9,0,5,7,3,0,4,0,0,0,0,3,1,6,1,82,11,-1,-1,-1,-1,-1,-1,-1,0
Unvalidated,202460Q072588,2024,60Q072588,2,4,0,18,6,8,0,7,0,0,0,0,1,1,6,1,18,4,-1,-1,-1,-1,-1,-1,-1,0
Unvalidated,202460Q073211,2024,60Q073211,1,19,0,2,0,0,0,0,0,0,0,0,2,1,6,1,29,6,-1,-1,-1,-1,-1,-1,-1,0
Unvalidated,202460Q073211,2024,60Q073211,2,9,0,1,3,7,0,0,0,4,0,0,2,1,6,1,73,10,-1,-1,-1,-1,-1,-1,-1,0
Unvalidated,202460Q073444,2024,60Q073444,1,9,0,9,4,1,0,8,0,0,0,0,1,1,6,2,37,7,-1,-1,-1,-1,-1,-1,-1,0
Unvalidated,202460Q073444,2024,60Q073444,2,9,0,18,8,4,6,1,0,0,3,0,1,1,1,2,51,8,-1,-1,-1,-1,-1,-1,-1,0
Unvalidated,202460Q074642,2024,60Q074642,1,5,0,16,5,1,0,0,2,0,7,11,1,1,6,2,53,8,-1,-1,-1,-1,-1,-1,-1,0
Unvalidated,202460Q074837,2024,60Q074837,1,9,0,9,2,6,0,8,0,0,0,0,1,1,6,1,50,8,-1,-1,-1,-1,-1,-1,-1,0
Unvalidated,202460Q074837,2024,60Q074837,2,1,0,18,6,2,0,1,0,0,0,0,1,1,6,1,27,6,-1,-1,-1,-1,-1,-1,-1,0
Unvalidated,202460Q076380,2024,60Q076380,1,9,0,18,1,5,0,1,0,0,0,0,1,1,6,2,40,7,-1,-1,-1,-1,-1,-1,-1,0
Unvalidated,202460Q076696,2024,60Q076696,1,9,0,18,1,5,0,7,0,0,0,0,3,1,6,3,-1,-1,-1,-1,-1,-1,-1,-1,-1,0
Unvalidated,202460Q076696,2024,60Q076696,2,1,0,18,1,5,0,1,0,0,0,0,3,1,6,1,54,8,-1,-1,-1,-1,-1,-1,-1,0
Unvalidated,202460Q078115,2024,60Q078115,1,98,0,4,8,4,0,1,0,0,0,0,1,1,1,1,63,9,-1,-1,-1,-1,-1,-1,-1,0
Unvalidated,202460Q078115,2024,60Q078115,2,9,0,4,8,6,0,1,0,0,0,0,2,1,6,1,24,5,-1,-1,-1,-1,-1,-1,-1,0
Unvalidated,202460Q078453,2024,60Q078453,1,9,0,7,7,1,0,1,1,0,7,0,1,1,6,1,-1,-1,-1,-1,-1,-1,-1,-1,-1,0
Unvalidated,202460Q078453,2024,60Q078453,2,9,0,2,0,0,0,1,1,0,0,0,4,1,6,1,79,11,-1,-1,-1,-1,-1,-1,-1,0
Unvalidated,202460Q078453,2024,60Q078453,3,9,0,2,0,0,0,1,0,0,0,0,4,1,6,1,79,11,-1,-1,-1,-1,-1,-1,-1,0
Unvalidated,202460Q078518,2024,60Q078518,1,9,0,11,4,8,0,3,0,0,0,0,4,1,6,1,25,5,-1,-1,-1,-1,-1,-1,-1,0
Unvalidated,202460Q078518,2024,60Q078518,2,9,0,18,4,1,0,8,0,0,0,0,3,1,6,1,70,10,-1,-1,-1,-1,-1,-1,-1,0
Unvalidated,202460Q078623,2024,60Q078623,1,5,0,16,2,6,0,0,5,0,0,0,1,1,6,1,74,10,-1,-1,-1,-1,-1,-1,-1,0