status,collision_index,collision_year,collision_reference,vehicle_reference,vehicle_type,towing_and_articulation,vehicle_manoeuvre,vehicle_direction_from,vehicle_direction_to,vehicle_location_restricted_lane,junction_location,skidding_and_overturning,hit_object_in_carriageway,vehicle_leaving_carriageway,hit_object_off_carriageway,first_point_of_impact,vehicle_left_hand_drive,journey_purpose_of_driver,sex_of_driver,age_of_driver,age_band_of_driver,engine_capacity_cc,propulsion_code,age_of_vehicle,generic_make_model,driver_imd_decile,driver_home_area_type,lsoa_of_driver,escooter_flag
Unvalidated,202460Q078623,2024,60Q078623,2,9,0,16,2,6,0,0,0,0,0,0,2,1,6,2,77,11,-1,-1,-1,-1,-1,-1,-1,0
Unvalidated,202460Q078628,2024,60Q078628,1,9,0,1,4,8,0,0,0,0,0,0,1,1,6,1,71,10,-1,-1,-1,-1,-1,-1,-1,0
Unvalidated,202460Q078628,2024,60Q078628,2,9,0,3,8,4,0,0,0,0,0,0,1,1,6,2,46,8,-1,-1,-1,-1,-1,-1,-1,0
Unvalidated,202460Q078960,2024,60Q078960,1,9,0,17,3,7,0,0,0,0,7,11,1,1,2,1,43,7,-1,-1,-1,-1,-1,-1,-1,0
Unvalidated,202460Q079937,2024,60Q079937,1,19,0,4,4,8,0,7,0,0,0,0,1,1,6,2,68,10,-1,-1,-1,-1,-1,-1,-1,0
Unvalidated,202460Q079937,2024,60Q079937,2,9,0,3,4,8,0,7,0,0,1,7,2,1,6,2,22,5,-1,-1,-1,-1,-1,-1,-1,0
Unvalidated,202460Q079937,2024,60Q079937,3,9,0,3,4,8,0,7,0,0,0,0,4,1,2,1,44,7,-1,-1,-1,-1,-1,-1,-1,0
Unvalidated,202460Q080241,2024,60Q080241,1,9,0,18,7,3,0,0,0,0,1,0,1,1,1,1,30,6,-1,-1,-1,-1,-1,-1,-1,0
Unvalidated,202460Q080241,2024,60Q080241,2,9,0,6,5,5,0,0,0,0,0,0,1,1,6,2,42,7,-1,-1,-1,-1,-1,-1,-1,0
Unvalidated,202460Q080248,2024,60Q080248,1,9,0,5,5,1,0,0,0,0,0,0,0,1,6,2,78,11,-1,-1,-1,-1,-1,-1,-1,0
Unvalidated,202460Q080308,2024,60Q080308,1,9,0,17,7,3,0,1,0,0,0,0,1,1,6,1,75,10,-1,-1,-1,-1,-1,-1,-1,0
Unvalidated,202460Q080308,2024,60Q080308,2,9,0,16,3,7,0,1,0,0,0,0,1,1,6,1,91,11,-1,-1,-1,-1,-1,-1,-1,0
Unvalidated,202460Q080441,2024,60Q080441,1,9,0,7,7,1,0,4,0,0,0,0,3,1,6,2,32,6,-1,-1,-1,-1,-1,-1,-1,0
Unvalidated,202460Q080441,2024,60Q080441,2,9,0,7,7,1,0,5,0,0,0,0,4,1,2,1,25,5,-1,-1,-1,-1,-1,-1,-1,0
Unvalidated,202460Q080469,2024,60Q080469,1,9,0,3,8,4,0,1,0,0,0,0,1,1,6,2,37,7,-1,-1,-1,-1,-1,-1,-1,0
Unvalidated,202460Q080469,2024,60Q080469,2,9,0,7,8,4,0,1,0,0,0,0,1,1,6,1,60,9,-1,-1,-1,-1,-1,-1,-1,0
Unvalidated,202460Q080828,2024,60Q080828,1,90,0,18,6,2,0,0,0,0,0,0,0,1,1,3,-1,-1,-1,-1,-1,-1,-1,-1,-1,0
Unvalidated,202460Q081426,2024,60Q081426,1,98,0,1,0,6,0,5,0,0,0,0,2,1,6,3,-1,-1,-1,-1,-1,-1,-1,-1,-1,0
Unvalidated,202460Q082478,2024,60Q082478,1,5,0,18,7,3,0,7,0,0,1,2,3,1,6,2,43,7,-1,-1,-1,-1,-1,-1,-1,0
Unvalidated,202460Q082478,2024,60Q082478,2,9,0,18,7,3,0,1,0,0,0,0,4,1,6,1,77,11,-1,-1,-1,-1,-1,-1,-1,0
Unvalidated,202460Q082478,2024,60Q082478,3,9,0,18,7,3,0,1,0,0,0,0,0,1,6,1,62,9,-1,-1,-1,-1,-1,-1,-1,0
Unvalidated,202460Q082478,2024,60Q082478,4,9,0,18,7,3,0,1,0,0,0,0,1,1,6,2,38,7,-1,-1,-1,-1,-1,-1,-1,0
Unvalidated,202460Q082478,2024,60Q082478,5,9,0,18,7,3,0,1,0,0,0,0,1,1,6,1,20,4,-1,-1,-1,-1,-1,-1,-1,0
Unvalidated,202460Q082575,2024,60Q082575,1,9,0,16,3,7,0,1,0,0,0,0,3,1,6,1,21,5,-1,-1,-1,-1,-1,-1,-1,0
Unvalidated,202460Q082575,2024,60Q082575,2,9,0,17,7,3,0,1,0,0,0,0,3,1,6,1,62,9,-1,-1,-1,-1,-1,-1,-1,0
Unvalidated,202460Q083015,2024,60Q083015,1,9,0,9,2,7,0,5,0,0,0,0,1,1,6,1,75,10,-1,-1,-1,-1,-1,-1,-1,0
Unvalidated,202460Q083015,2024,60Q083015,2,3,0,16,6,1,0,1,2,0,1,0,4,1,6,1,18,4,-1,-1,-1,-1,-1,-1,-1,0
Unvalidated,202460Q083015,2024,60Q083015,3,9,0,3,2,7,0,1,0,0,0,0,1,1,6,1,66,10,-1,-1,-1,-1,-1,-1,-1,0
Unvalidated,202460Q083133,2024,60Q083133,1,9,0,16,3,7,0,0,0,0,1,0,1,1,6,1,77,11,-1,-1,-1,-1,-1,-1,-1,0
Unvalidated,202460Q083133,2024,60Q083133,2,9,0,17,7,3,0,0,0,0,1,0,3,1,6,2,42,7,-1,-1,-1,-1,-1,-1,-1,0
Unvalidated,202460Q083203,2024,60Q083203,1,9,0,18,4,8,0,0,1,6,0,0,1,1,6,1,17,4,-1,-1,-1,-1,-1,-1,-1,0
Unvalidated,202460Q083313,2024,60Q083313,1,9,0,18,6,2,0,0,5,0,7,3,0,1,6,1,19,4,-1,-1,-1,-1,-1,-1,-1,0
Unvalidated,202460Q083313,2024,60Q083313,2,9,0,18,6,2,0,0,0,0,0,0,0,1,6,1,20,4,-1,-1,-1,-1,-1,-1,-1,0
Unvalidated,202460Q083416,2024,60Q083416,1,20,4,13,8,4,0,0,0,0,0,0,1,1,1,1,26,6,-1,-1,-1,-1,-1,-1,-1,0
Unvalidated,202460Q083416,2024,60Q083416,2,1,0,18,8,4,0,0,0,0,0,0,2,1,2,1,50,8,-1,-1,-1,-1,-1,-1,-1,0
Unvalidated,202460Q083471,2024,60Q083471,1,9,0,5,3,7,0,0,0,0,0,0,1,1,6,1,35,6,-1,-1,-1,-1,-1,-1,-1,0
Unvalidated,202460Q084072,2024,60Q084072,1,9,0,18,4,1,0,8,0,0,0,0,1,1,2,2,25,5,-1,-1,-1,-1,-1,-1,-1,0
Unvalidated,202460Q084072,2024,60Q084072,2,9,0,3,4,1,0,8,0,0,0,0,2,1,6,2,28,6,-1,-1,-1,-1,-1,-1,-1,0
Unvalidated,202460Q084072,2024,60Q084072,3,9,0,3,4,1,0,8,0,0,0,0,2,1,6,1,48,8,-1,-1,-1,-1,-1,-1,-1,0
Unvalidated,202460Q084531,2024,60Q084531,1,9,0,18,4,8,0,1,0,0,0,0,1,1,6,2,85,11,-1,-1,-1,-1,-1,-1,-1,0
Unvalidated,202460Q084531,2024,60Q084531,2,9,0,18,8,4,0,1,0,0,0,0,1,1,6,1,78,11,-1,-1,-1,-1,-1,-1,-1,0
Unvalidated,202460Q084531,2024,60Q084531,3,9,4,12,4,8,0,5,0,0,0,0,2,1,1,1,24,5,-1,-1,-1,-1,-1,-1,-1,0
Unvalidated,202460Q084669,2024,60Q084669,1,19,0,7,4,8,0,1,0,0,0,0,1,1,1,1,40,7,-1,-1,-1,-1,-1,-1,-1,0
Unvalidated,202460Q084669,2024,60Q084669,2,1,0,18,7,3,0,1,0,0,0,0,1,1,6,2,65,9,-1,-1,-1,-1,-1,-1,-1,0
Unvalidated,202460Q084725,2024,60Q084725,1,17,5,1,2,6,0,0,0,0,0,0,2,1,1,1,51,8,-1,-1,-1,-1,-1,-1,-1,0
Unvalidated,202460Q084725,2024,60Q084725,2,3,0,4,6,2,0,0,0,0,0,0,1,1,6,2,28,6,-1,-1,-1,-1,-1,-1,-1,0
Unvalidated,202460Q085037,2024,60Q085037,1,9,0,16,6,3,0,0,0,0,1,11,1,1,6,2,18,4,-1,-1,-1,-1,-1,-1,-1,0
Unvalidated,202460Q086119,2024,60Q086119,1,9,0,13,1,5,0,0,0,0,0,0,3,1,6,1,40,7,-1,-1,-1,-1,-1,-1,-1,0
Unvalidated,202460Q086119,2024,60Q086119,2,1,0,18,5,1,0,0,0,0,0,0,4,1,6,1,22,5,-1,-1,-1,-1,-1,-1,-1,0
Unvalidated,202460Q086759,2024,60Q086759,1,9,0,18,7,3,0,4,0,0,3,0,3,1,2,1,21,5,-1,-1,-1,-1,-1,-1,-1,0
Unvalidated,202460Q086759,2024,60Q086759,2,9,0,18,1,5,0,8,0,0,0,0,1,1,2,1,28,6,-1,-1,-1,-1,-1,-1,-1,0
Unvalidated,202460Q087135,2024,60Q087135,1,9,0,16,3,7,0,0,0,0,0,0,1,1,2,2,39,7,-1,-1,-1,-1,-1,-1,-1,0
Unvalidated,202460Q087135,2024,60Q087135,2,9,0,17,7,3,0,0,0,0,1,0,1,1,6,1,55,8,-1,-1,-1,-1,-1,-1,-1,0
Unvalidated,202460Q087135,2024,60Q087135,3,9,0,17,7,3,0,0,0,0,1,0,1,1,6,2,20,4,-1,-1,-1,-1,-1,-1,-1,0
Unvalidated,202460Q088213,2024,60Q088213,1,97,0,18,8,4,0,0,5,0,1,11,4,1,6,1,35,6,-1,-1,-1,-1,-1,-1,-1,0
Unvalidated,202460Q089107,2024,60Q089107,1,9,0,18,3,7,0,0,0,0,0,0,1,1,6,2,32,6,-1,-1,-1,-1,-1,-1,-1,0
Unvalidated,202460Q089135,2024,60Q089135,1,9,0,18,8,4,0,0,0,0,0,0,1,1,6,1,-1,-1,-1,-1,-1,-1,-1,-1,-1,0
Unvalidated,202460Q089287,2024,60Q089287,1,1,0,18,1,4,0,0,0,0,0,0,1,1,2,1,38,7,-1,-1,-1,-1,-1,-1,-1,0
Unvalidated,202460Q089287,2024,60Q089287,2,9,0,17,4,1,0,0,0,0,0,0,1,1,2,2,33,6,-1,-1,-1,-1,-1,-1,-1,0
Unvalidated,202460Q089516,2024,60Q089516,1,20,0,1,5,1,0,0,0,0,0,0,2,1,6,1,59,9,-1,-1,-1,-1,-1,-1,-1,0
Unvalidated,202460Q089516,2024,60Q089516,2,1,0,18,5,1,0,0,0,0,0,0,1,1,6,2,45,7,-1,-1,-1,-1,-1,-1,-1,0
Unvalidated,202460Q089761,2024,60Q089761,1,17,4,18,5,1,0,0,5,0,7,9,3,1,1,1,18,4,-1,-1,-1,-1,-1,-1,-1,0
Unvalidated,202460Q090546,2024,60Q090546,1,8,0,18,8,4,0,0,0,0,0,0,0,1,1,1,45,7,-1,-1,-1,-1,-1,-1,-1,0
Unvalidated,202460Q090748,2024,60Q090748,1,9,0,5,6,8,0,6,0,0,0,0,1,1,6,2,37,7,-1,-1,-1,-1,-1,-1,-1,0
Unvalidated,202460Q090748,2024,60Q090748,2,1,0,18,8,4,0,8,0,0,0,0,1,1,6,1,13,3,-1,-1,-1,-1,-1,-1,-1,0
Unvalidated,202460Q090841,2024,60Q090841,1,9,0,14,6,2,0,1,0,0,0,0,1,1,6,2,89,11,-1,-1,-1,-1,-1,-1,-1,0
Unvalidated,202460Q090841,2024,60Q090841,2,9,0,10,6,2,0,1,0,0,0,0,2,1,6,1,20,4,-1,-1,-1,-1,-1,-1,-1,0
Unvalidated,202460Q090841,2024,60Q090841,3,9,0,18,2,6,0,1,0,0,1,4,1,1,6,1,35,6,-1,-1,-1,-1,-1,-1,-1,0
Unvalidated,202460Q090928,2024,60Q090928,1,9,0,10,4,1,0,6,0,0,0,0,4,1,2,1,18,4,-1,-1,-1,-1,-1,-1,-1,0
Unvalidated,202460Q090928,2024,60Q090928,2,9,0,18,1,5,0,1,0,0,0,0,4,1,6,1,66,10,-1,-1,-1,-1,-1,-1,-1,0
Unvalidated,202460Q091365,2024,60Q091365,1,19,0,10,5,3,0,1,0,0,0,0,4,1,1,1,30,6,-1,-1,-1,-1,-1,-1,-1,0
Unvalidated,202460Q091365,2024,60Q091365,2,9,0,17,1,5,0,1,1,0,7,0,1,1,1,1,28,6,-1,-1,-1,-1,-1,-1,-1,0
Unvalidated,202460Q091398,2024,60Q091398,1,21,1,9,1,5,0,8,0,0,0,0,3,1,1,1,29,6,-1,-1,-1,-1,-1,-1,-1,0
Unvalidated,202460Q091398,2024,60Q091398,2,4,0,18,1,5,0,8,5,0,0,0,4,1,6,1,27,6,-1,-1,-1,-1,-1,-1,-1,0
Unvalidated,202460Q091993,2024,60Q091993,1,4,0,18,3,7,9,0,0,0,0,0,1,1,6,3,-1,-1,-1,-1,-1,-1,-1,-1,-1,0
Unvalidated,202460Q091993,2024,60Q091993,2,19,0,18,1,5,0,0,0,0,0,0,1,1,2,1,63,9,-1,-1,-1,-1,-1,-1,-1,0
Unvalidated,202460Q092526,2024,60Q092526,1,9,0,18,7,3,0,0,0,0,0,0,1,1,6,1,76,11,-1,-1,-1,-1,-1,-1,-1,0
Unvalidated,202460Q092612,2024,60Q092612,1,9,0,7,3,7,0,8,0,0,0,0,3,1,6,2,59,9,-1,-1,-1,-1,-1,-1,-1,0
Unvalidated,202460Q092612,2024,60Q092612,2,19,0,18,3,7,0,8,0,0,0,0,4,1,1,1,75,10,-1,-1,-1,-1,-1,-1,-1,0
Unvalidated,202460Q093019,2024,60Q093019,1,9,0,7,1,5,0,8,0,0,0,0,1,1,1,1,38,7,-1,-1,-1,-1,-1,-1,-1,0
Unvalidated,202460Q093019,2024,60Q093019,2,1,0,18,7,3,0,1,0,0,0,0,2,1,1,1,60,9,-1,-1,-1,-1,-1,-1,-1,0
Unvalidated,202460Q093025,2024,60Q093025,1,9,0,9,2,6,0,1,0,0,0,0,1,1,6,2,41,7,-1,-1,-1,-1,-1,-1,-1,0
Unvalidated,202460Q093025,2024,60Q093025,2,9,0,18,6,2,0,1,0,0,0,0,1,1,6,1,40,7,-1,-1,-1,-1,-1,-1,-1,0
Unvalidated,202460Q093025,2024,60Q093025,3,9,0,3,8,4,0,1,0,0,0,0,1,1,6,2,43,7,-1,-1,-1,-1,-1,-1,-1,0
Unvalidated,202460Q093784,2024,60Q093784,1,9,0,18,6,2,0,8,0,0,0,0,1,1,1,1,62,9,-1,-1,-1,-1,-1,-1,-1,0
Unvalidated,202460Q093784,2024,60Q093784,2,1,0,18,8,4,0,8,0,0,0,0,1,1,6,2,60,9,-1,-1,-1,-1,-1,-1,-1,0
Unvalidated,202460Q094324,2024,60Q094324,1,9,0,17,4,2,0,0,0,0,0,0,1,1,6,1,43,7,-1,-1,-1,-1,-1,-1,-1,0
Unvalidated,202460Q094324,2024,60Q094324,2,9,0,16,2,4,0,0,0,0,1,0,1,1,6,2,24,5,-1,-1,-1,-1,-1,-1,-1,0
Unvalidated,202460Q094459,2024,60Q094459,1,9,0,17,4,8,0,0,0,0,1,0,1,1,6,1,45,7,-1,-1,-1,-1,-1,-1,-1,0
Unvalidated,202460Q094459,2024,60Q094459,2,9,0,16,8,4,0,0,0,0,0,0,1,1,6,2,18,4,-1,-1,-1,-1,-1,-1,-1,0
Unvalidated,2024610000724,2024,610000724,1,9,0,7,8,2,0,1,0,0,0,0,1,1,6,2,81,11,-1,-1,-1,-1,2,1,W01001538,0
Unvalidated,2024610000724,2024,610000724,2,9,0,9,2,8,0,5,0,0,0,0,1,1,6,1,32,6,-1,-1,-1,-1,2,1,W01001532,0
Unvalidated,2024610000824,2024,610000824,1,9,0,18,4,8,0,0,0,0,0,0,1,1,6,1,26,6,-1,-1,-1,-1,7,3,W01001377,0
Unvalidated,2024610000824,2024,610000824,2,9,0,3,4,8,0,0,0,0,0,0,2,1,1,2,27,6,-1,-1,-1,-1,2,1,W01001664,0
Unvalidated,2024610000824,2024,610000824,3,9,0,3,4,8,0,0,0,0,0,0,2,1,6,2,28,6,-1,-1,-1,-1,4,1,W01001270,0
Unvalidated,2024610000924,2024,610000924,1,9,0,5,2,6,6,0,0,0,0,0,1,1,6,2,20,4,-1,-1,-1,-1,10,1,W01001602,0
Unvalidated,2024610001024,2024,610001024,1,9,0,18,2,6,0,8,0,0,0,0,1,1,6,2,17,4,-1,-1,-1,-1,6,1,W01001416,0
Unvalidated,2024610001024,2024,610001024,2,9,0,18,4,8,0,8,0,0,0,0,1,1,6,2,46,8,-1,-1,-1,-1,4,1,W01001415,0
Unvalidated,2024610001124,2024,610001124,1,19,0,13,2,6,0,0,0,0,0,0,4,1,6,3,-1,-1,-1,-1,-1,-1,-1,-1,-1,0
Unvalidated,2024610001124,2024,610001124,2,23,0,18,2,6,0,0,2,0,0,0,3,1,6,1,20,4,-1,-1,-1,-1,6,1,W01001683,0
Unvalidated,2024610001224,2024,610001224,1,5,0,16,8,3,0,0,1,0,0,0,4,1,6,1,39,7,-1,-1,-1,-1,2,1,W01001693,0
Unvalidated,2024610001324,2024,610001324,1,9,0,18,5,1,0,0,0,0,0,0,1,1,1,1,29,6,-1,-1,-1,-1,9,2,W01001554,0
Unvalidated,2024610001424,2024,610001424,1,19,0,18,2,6,0,0,0,0,0,0,2,1,1,1,29,6,-1,-1,-1,-1,-1,-1,-1,0
Unvalidated,2024610001424,2024,610001424,2,19,0,18,2,6,0,0,0,0,5,6,1,1,1,1,30,6,-1,-1,-1,-1,-1,-1,-1,0
Unvalidated,2024610001424,2024,610001424,3,19,0,18,2,6,0,0,0,0,5,6,1,1,1,1,28,6,-1,-1,-1,-1,6,1,W01001472,0
Unvalidated,2024610001524,2024,610001524,1,9,0,3,8,4,0,0,0,0,0,0,2,1,1,2,42,7,-1,-1,-1,-1,3,1,W01001408,0
Unvalidated,2024610001524,2024,610001524,2,9,0,3,8,4,0,0,0,0,0,0,2,1,1,1,60,9,-1,-1,-1,-1,7,1,W01001409,0
Unvalidated,2024610001524,2024,610001524,3,9,0,18,8,4,0,0,0,0,0,0,1,1,1,1,23,5,-1,-1,-1,-1,3,1,W01001408,0
Unvalidated,2024610001624,2024,610001624,1,90,0,18,2,6,0,8,0,0,0,0,1,1,6,1,16,4,-1,-1,-1,-1,1,1,W01001689,0
Unvalidated,2024610001624,2024,610001624,2,9,0,7,4,6,0,8,0,0,0,0,3,1,6,1,-1,-1,-1,-1,-1,-1,-1,-1,-1,0
Unvalidated,2024610001724,2024,610001724,1,9,0,3,4,8,0,0,0,0,0,0,2,1,6,2,30,6,-1,-1,-1,-1,4,1,W01001522,0
Unvalidated,2024610001724,2024,610001724,2,9,0,18,4,8,0,0,0,0,0,0,1,1,6,2,22,5,-1,-1,-1,-1,2,1,W01001483,0
Unvalidated,2024610001824,2024,610001824,1,9,0,12,6,2,0,0,0,0,0,0,1,1,2,1,50,8,-1,-1,-1,-1,3,1,W01001287,0
Unvalidated,2024610001824,2024,610001824,2,1,0,18,6,2,0,0,0,0,0,0,2,1,6,1,67,10,-1,-1,-1,-1,10,1,W01001669,0
Unvalidated,2024610001924,2024,610001924,1,9,0,18,2,6,0,0,0,0,0,0,1,1,6,1,71,10,-1,-1,-1,-1,2,1,W01001538,0
Unvalidated,2024610002024,2024,610002024,1,9,0,18,1,5,0,0,0,0,0,0,4,1,6,1,59,9,-1,-1,-1,-1,1,1,W01001400,0
Unvalidated,2024610002024,2024,610002024,2,19,0,2,0,0,0,0,0,0,0,0,0,1,6,1,53,8,-1,-1,-1,-1,1,1,W01001400,0
Unvalidated,2024610002124,2024,610002124,1,4,0,18,2,6,0,8,0,0,0,0,4,1,6,1,53,8,-1,-1,-1,-1,6,1,W01001615,0
Unvalidated,2024610002124,2024,610002124,2,9,0,3,4,8,0,4,0,0,0,0,1,1,6,1,26,6,-1,-1,-1,-1,6,1,W01001680,0
Unvalidated,2024610002224,2024,610002224,1,9,0,5,1,5,8,0,0,0,0,0,1,1,6,2,73,10,-1,-1,-1,-1,10,3,W01001573,0
Unvalidated,2024610002324,2024,610002324,1,9,0,18,3,7,0,1,0,0,3,3,1,1,2,1,26,6,-1,-1,-1,-1,5,3,W01001566,0
Unvalidated,2024610002424,2024,610002424,1,9,0,18,1,5,0,0,0,0,0,0,3,1,1,2,57,9,-1,-1,-1,-1,3,1,W01001362,0
Unvalidated,2024610002524,2024,610002524,1,9,0,18,3,7,0,0,5,0,2,4,1,1,6,1,28,6,-1,-1,-1,-1,2,1,W01001691,0
Unvalidated,2024610002624,2024,610002624,1,20,0,18,1,5,0,1,0,0,1,4,1,1,1,1,40,7,-1,-1,-1,-1,5,1,W01001038,0
Unvalidated,2024610002624,2024,610002624,2,9,0,17,2,8,0,1,0,0,0,0,3,1,6,1,57,9,-1,-1,-1,-1,1,1,W01001866,0
Unvalidated,2024610002724,2024,610002724,1,9,0,4,8,4,0,0,0,0,0,0,1,1,1,2,36,7,-1,-1,-1,-1,2,1,W01001660,0
Unvalidated,2024610002724,2024,610002724,2,90,0,18,6,2,0,0,0,0,0,0,4,1,6,2,36,7,-1,-1,-1,-1,6,1,W01001535,0
Unvalidated,2024610002824,2024,610002824,1,9,0,9,3,1,0,1,0,0,0,0,1,1,6,2,39,7,-1,-1,-1,-1,4,1,W01001610,0
Unvalidated,2024610002824,2024,610002824,2,1,0,18,1,5,0,1,0,0,0,0,1,1,6,1,15,3,-1,-1,-1,-1,1,1,W01001666,0
Unvalidated,2024610002924,2024,610002924,1,9,0,18,8,4,0,0,0,0,0,0,1,1,6,1,45,7,-1,-1,-1,-1,4,1,W01001149,0
Unvalidated,2024610002924,2024,610002924,2,19,0,2,0,0,0,0,0,0,0,0,2,1,6,1,68,10,-1,-1,-1,-1,2,1,W01001468,0
Unvalidated,2024610003024,2024,610003024,1,9,0,18,3,6,0,0,1,0,7,11,1,1,6,2,46,8,-1,-1,-1,-1,6,1,W01001380,0
Unvalidated,2024610003124,2024,610003124,1,19,0,18,8,4,0,0,0,0,0,0,1,1,1,1,20,4,-1,-1,-1,-1,1,1,W01001459,0
Unvalidated,2024610003124,2024,610003124,2,9,0,14,4,8,0,0,0,0,0,0,1,1,6,2,55,8,-1,-1,-1,-1,3,1,W01001460,0
Unvalidated,2024610003224,2024,610003224,1,3,0,18,7,3,0,0,1,0,0,0,4,1,6,1,24,5,-1,-1,-1,-1,3,1,W01001531,0
Unvalidated,2024610003324,2024,610003324,1,9,0,18,5,1,0,4,0,0,0,0,2,1,6,2,25,5,-1,-1,-1,-1,7,1,W01001407,0
Unvalidated,2024610003324,2024,610003324,2,9,0,18,5,1,0,4,0,0,0,0,1,1,6,2,20,4,-1,-1,-1,-1,1,1,W01001874,0
Unvalidated,2024610003424,2024,610003424,1,19,0,18,3,7,6,0,0,0,1,11,1,1,1,1,18,4,-1,-1,-1,-1,1,2,W01001203,0
Unvalidated,2024610003524,2024,610003524,1,9,0,18,-1,-1,0,1,0,0,0,0,0,1,6,3,-1,-1,-1,-1,-1,-1,-1,-1,-1,0
Unvalidated,2024610003624,2024,610003624,1,9,0,18,1,0,0,0,0,0,0,0,0,1,6,1,-1,-1,-1,-1,-1,-1,-1,-1,-1,0
Unvalidated,2024610003624,2024,610003624,2,1,0,18,2,6,0,0,0,0,7,10,1,1,6,1,45,7,-1,-1,-1,-1,3,1,W01001455,0
Unvalidated,2024610003724,2024,610003724,1,3,0,18,7,3,0,2,0,0,0,0,1,1,6,1,17,4,-1,-1,-1,-1,2,1,W01001620,0
Unvalidated,2024610003724,2024,610003724,2,9,0,18,7,3,0,2,0,0,0,0,0,1,6,3,-1,-1,-1,-1,-1,-1,-1,-1,-1,0
Unvalidated,2024610003824,2024,610003824,1,9,0,9,8,5,0,2,0,0,0,0,4,1,6,1,43,7,-1,-1,-1,-1,2,1,W01001692,0
Unvalidated,2024610003824,2024,610003824,2,90,0,18,6,2,0,2,0,0,0,0,1,1,6,1,-1,-1,-1,-1,-1,-1,-1,-1,-1,0
Unvalidated,2024610003924,2024,610003924,1,9,0,18,7,3,0,0,0,0,0,0,1,1,6,1,48,8,-1,-1,-1,-1,8,3,W01000465,0
Unvalidated,2024610003924,2024,610003924,2,9,0,18,3,7,0,0,0,0,0,0,1,1,6,2,40,7,-1,-1,-1,-1,10,1,W01001639,0
Unvalidated,2024610004024,2024,610004024,1,19,0,18,4,8,0,0,0,0,0,0,4,1,1,1,88,11,-1,-1,-1,-1,5,1,W01001412,0
Unvalidated,2024610004124,2024,610004124,1,9,0,18,5,1,0,0,0,4,0,0,1,1,6,1,74,10,-1,-1,-1,-1,-1,-1,-1,0
Unvalidated,2024610004124,2024,610004124,2,22,0,18,0,0,0,0,0,0,0,0,2,1,6,1,-1,-1,-1,-1,-1,-1,-1,-1,-1,0
Unvalidated,2024610004224,2024,610004224,1,9,0,11,8,1,0,8,0,0,0,0,2,1,6,2,19,4,-1,-1,-1,-1,4,1,W01001558,0
Unvalidated,2024610004224,2024,610004224,2,4,0,18,5,1,0,8,0,0,0,0,1,1,6,1,30,6,-1,-1,-1,-1,4,3,E01014017,0
Unvalidated,2024610004324,2024,610004324,1,9,0,18,3,7,0,1,0,0,0,0,3,1,6,1,52,8,-1,-1,-1,-1,2,1,W01001418,0
Unvalidated,2024610004324,2024,610004324,2,9,0,18,1,5,0,1,0,0,0,0,1,1,6,1,57,9,-1,-1,-1,-1,2,1,W01001352,0
Unvalidated,2024610004424,2024,610004424,1,9,0,18,8,3,0,6,0,0,0,0,1,1,6,1,51,8,-1,-1,-1,-1,-1,-1,-1,0
Unvalidated,2024610004424,2024,610004424,2,9,0,17,6,3,0,6,0,0,0,0,1,1,6,3,-1,-1,-1,-1,-1,-1,-1,-1,-1,0
Unvalidated,2024610004524,2024,610004524,1,9,0,17,6,3,0,0,5,0,0,0,1,1,6,1,53,8,-1,-1,-1,-1,8,3,W01001897,0
Unvalidated,2024610004524,2024,610004524,2,9,0,16,3,6,0,0,0,0,1,0,1,1,6,1,75,10,-1,-1,-1,-1,4,1,E01022241,0
Unvalidated,2024610004624,2024,610004624,1,23,0,18,1,5,0,6,0,0,0,0,1,1,6,1,-1,-1,-1,-1,-1,-1,-1,-1,-1,0
Unvalidated,2024610004624,2024,610004624,2,9,0,3,3,7,0,1,0,0,0,0,2,1,6,2,-1,-1,-1,-1,-1,-1,-1,-1,-1,0
Unvalidated,2024610004724,2024,610004724,1,9,0,18,1,0,0,0,0,0,0,0,1,1,6,1,-1,-1,-1,-1,-1,-1,-1,-1,-1,0
Unvalidated,2024610004824,2024,610004824,1,9,0,18,1,5,0,4,0,0,0,0,1,1,6,1,42,7,-1,-1,-1,-1,1,1,W01001530,0
Unvalidated,2024610004824,2024,610004824,2,9,0,18,4,8,0,8,0,0,0,0,4,1,6,2,29,6,-1,-1,-1,-1,8,1,W01001495,0
Unvalidated,2024610004924,2024,610004924,1,9,0,11,7,3,0,0,0,0,0,0,1,1,6,1,34,6,-1,-1,-1,-1,1,1,W01001707,0
Unvalidated,2024610004924,2024,610004924,2,9,0,11,7,3,0,0,0,0,0,0,2,1,6,1,52,8,-1,-1,-1,-1,6,1,W01001680,0
Unvalidated,2024610004924,2024,610004924,3,9,0,11,7,3,0,0,0,0,0,0,2,1,6,2,33,6,-1,-1,-1,-1,5,3,W01001649,0
Unvalidated,2024610005024,2024,610005024,1,9,0,5,2,6,0,0,0,0,0,0,1,1,6,1,57,9,-1,-1,-1,-1,6,1,W01001912,0
Unvalidated,2024610005124,2024,610005124,1,9,0,4,2,6,0,0,0,0,0,0,1,1,6,1,68,10,-1,-1,-1,-1,8,1,E01014510,0
Unvalidated,2024610005124,2024,610005124,2,9,0,4,2,6,0,0,0,0,0,0,2,1,6,1,34,6,-1,-1,-1,-1,10,1,E01014912,0
Unvalidated,2024610005224,2024,610005224,1,9,0,4,5,1,0,0,0,0,0,0,2,1,6,1,55,8,-1,-1,-1,-1,9,2,E01014863,0
Unvalidated,2024610005224,2024,610005224,2,9,0,18,5,1,0,0,0,0,0,0,1,1,6,1,41,7,-1,-1,-1,-1,1,1,W01001652,0
Unvalidated,2024610005324,2024,610005324,1,9,0,3,5,1,0,4,0,0,3,4,1,1,6,1,44,7,-1,-1,-1,-1,5,2,W01001161,0
Unvalidated,2024610005424,2024,610005424,1,9,0,9,6,4,0,1,0,0,0,0,4,1,6,1,19,4,-1,-1,-1,-1,6,1,W01001680,0
Unvalidated,2024610005424,2024,610005424,2,3,0,18,2,6,0,1,0,0,0,0,1,1,6,1,19,4,-1,-1,-1,-1,10,1,W01001670,0
Unvalidated,2024610005524,2024,610005524,1,9,0,18,8,4,0,0,0,0,0,0,1,1,6,1,28,6,-1,-1,-1,-1,5,1,W01001432,0
Unvalidated,2024610005624,2024,610005624,1,9,0,18,8,4,0,0,0,0,0,0,1,1,6,1,43,7,-1,-1,-1,-1,4,2,W01001283,0