status,collision_index,collision_year,collision_reference,vehicle_reference,vehicle_type,towing_and_articulation,vehicle_manoeuvre,vehicle_direction_from,vehicle_direction_to,vehicle_location_restricted_lane,junction_location,skidding_and_overturning,hit_object_in_carriageway,vehicle_leaving_carriageway,hit_object_off_carriageway,first_point_of_impact,vehicle_left_hand_drive,journey_purpose_of_driver,sex_of_driver,age_of_driver,age_band_of_driver,engine_capacity_cc,propulsion_code,age_of_vehicle,generic_make_model,driver_imd_decile,driver_home_area_type,lsoa_of_driver,escooter_flag
Unvalidated,2024610005624,2024,610005624,2,9,0,18,8,4,0,0,0,0,0,0,2,1,6,1,38,7,-1,-1,-1,-1,-1,1,-1,0
Unvalidated,2024610005724,2024,610005724,1,9,0,18,1,5,0,0,0,0,0,0,1,1,6,2,42,7,-1,-1,-1,-1,5,1,W01001432,0
Unvalidated,2024610005824,2024,610005824,1,9,0,9,8,6,0,6,0,0,0,0,1,1,2,2,51,8,-1,-1,-1,-1,2,1,W01001525,0
Unvalidated,2024610005824,2024,610005824,2,3,0,18,6,2,0,8,0,0,0,0,1,1,6,1,17,4,-1,-1,-1,-1,2,1,W01001532,0
Unvalidated,2024610005924,2024,610005924,1,9,0,9,4,2,0,5,0,0,0,0,3,1,6,1,34,6,-1,-1,-1,-1,2,1,W01001642,0
Unvalidated,2024610006024,2024,610006024,1,9,0,18,2,4,0,0,0,4,0,0,1,1,6,1,85,11,-1,-1,-1,-1,1,1,W01001441,0
Unvalidated,2024610006024,2024,610006024,2,9,0,2,0,0,9,0,0,0,0,0,4,1,6,2,35,6,-1,-1,-1,-1,1,1,W01001457,0
Unvalidated,2024610006124,2024,610006124,1,9,0,7,5,7,0,2,0,0,0,0,1,1,6,1,45,7,-1,-1,-1,-1,10,1,W01001604,0
Unvalidated,2024610006124,2024,610006124,2,9,0,9,7,5,0,1,0,0,0,0,1,1,6,3,-1,-1,-1,-1,-1,-1,-1,-1,-1,0
Unvalidated,2024610006224,2024,610006224,1,9,0,9,2,8,0,6,0,0,0,0,3,1,6,1,83,11,-1,-1,-1,-1,4,2,W01001384,0
Unvalidated,2024610006224,2024,610006224,2,9,0,18,8,4,0,8,0,0,0,0,1,1,6,1,38,7,-1,-1,-1,-1,1,2,W01001386,0
Unvalidated,2024610006324,2024,610006324,1,23,0,18,3,7,0,8,0,0,0,0,1,1,6,1,14,3,-1,-1,-1,-1,2,2,W01001466,0
Unvalidated,2024610006324,2024,610006324,2,9,0,5,5,1,0,8,0,0,0,0,1,1,6,1,34,6,-1,-1,-1,-1,3,1,W01001435,0
Unvalidated,2024610006424,2024,610006424,1,9,0,2,0,0,0,0,0,0,0,0,3,1,6,2,21,5,-1,-1,-1,-1,5,1,W01001391,0
Unvalidated,2024610006424,2024,610006424,2,9,0,16,1,4,0,0,0,0,0,0,1,1,6,1,35,6,-1,-1,-1,-1,2,1,W01001642,0
Unvalidated,2024610006524,2024,610006524,1,9,0,18,7,3,9,0,0,0,0,0,1,1,6,3,-1,-1,-1,-1,-1,-1,-1,-1,-1,0
Unvalidated,2024610006624,2024,610006624,1,9,0,3,5,1,0,4,0,0,0,0,2,1,6,1,36,7,-1,-1,-1,-1,2,1,E01032062,0
Unvalidated,2024610006624,2024,610006624,2,9,0,3,5,1,0,4,0,0,0,0,1,1,6,1,-1,-1,-1,-1,-1,-1,8,1,E01002230,0
Unvalidated,2024610006724,2024,610006724,1,4,0,18,5,1,0,8,0,0,0,0,4,1,6,1,18,4,-1,-1,-1,-1,6,1,W01001534,0
Unvalidated,2024610006724,2024,610006724,2,9,0,9,7,5,0,1,0,0,0,0,1,1,6,1,53,8,-1,-1,-1,-1,6,1,W01001492,0
Unvalidated,2024610006824,2024,610006824,1,3,0,18,7,3,0,0,1,0,0,0,1,1,4,1,19,4,-1,-1,-1,-1,3,1,W01001678,0
Unvalidated,2024610006824,2024,610006824,2,9,0,18,7,3,0,0,0,0,0,0,2,1,6,2,57,9,-1,-1,-1,-1,4,1,W01001411,0
Unvalidated,2024610006924,2024,610006924,1,9,0,18,3,7,0,7,0,0,0,0,2,1,2,2,43,7,-1,-1,-1,-1,10,2,W01001627,0
Unvalidated,2024610006924,2024,610006924,2,9,0,18,3,7,0,7,0,0,0,0,1,1,2,2,-1,-1,-1,-1,-1,-1,8,2,W01001626,0
Unvalidated,2024610007024,2024,610007024,1,9,0,16,1,4,0,0,0,0,0,0,1,1,1,1,54,8,-1,-1,-1,-1,4,1,W01001415,0
Unvalidated,2024610007124,2024,610007124,1,9,0,18,5,1,0,8,0,0,0,0,1,1,6,2,62,9,-1,-1,-1,-1,8,1,W01001608,0
Unvalidated,2024610007124,2024,610007124,2,9,0,18,7,3,0,8,0,0,0,0,4,1,6,2,61,9,-1,-1,-1,-1,3,1,W01001632,0
Unvalidated,2024610007224,2024,610007224,1,9,0,4,1,5,0,1,0,0,0,0,1,1,6,1,27,6,-1,-1,-1,-1,2,1,W01001693,0
Unvalidated,2024610007224,2024,610007224,2,1,0,18,7,3,0,1,0,0,0,0,1,1,6,1,12,3,-1,-1,-1,-1,2,1,W01001660,0
Unvalidated,2024610007324,2024,610007324,1,9,0,13,3,7,0,0,1,0,0,11,1,1,2,1,47,8,-1,-1,-1,-1,3,1,W01001455,0
Unvalidated,2024610007324,2024,610007324,2,9,0,18,7,3,0,0,0,0,0,0,1,1,6,2,34,6,-1,-1,-1,-1,3,1,W01001460,0
Unvalidated,2024610007324,2024,610007324,3,9,0,18,7,3,0,0,0,0,0,0,1,1,6,2,52,8,-1,-1,-1,-1,6,1,W01001458,0
Unvalidated,2024610007424,2024,610007424,1,9,0,18,7,3,0,1,0,0,0,0,2,1,6,1,29,6,-1,-1,-1,-1,6,1,W01001951,0
Unvalidated,2024610007424,2024,610007424,2,9,0,18,7,3,0,1,0,0,0,0,1,1,6,3,-1,-1,-1,-1,-1,-1,-1,-1,-1,0
Unvalidated,2024610007524,2024,610007524,1,9,0,16,6,1,0,0,1,0,0,0,1,1,6,1,22,5,-1,-1,-1,-1,6,3,W01001366,0
Unvalidated,2024610007524,2024,610007524,2,9,0,17,1,6,0,0,0,0,0,0,1,1,2,1,37,7,-1,-1,-1,-1,1,1,W01001457,0
Unvalidated,2024610007624,2024,610007624,1,4,0,16,8,2,0,0,0,0,7,11,1,1,6,1,28,6,-1,-1,-1,-1,9,2,W01001623,0
Unvalidated,2024610007624,2024,610007624,2,9,0,17,2,8,0,0,0,0,0,0,1,1,6,2,73,10,-1,-1,-1,-1,2,1,W01001646,0
Unvalidated,2024610007724,2024,610007724,1,9,0,9,6,4,0,1,0,0,0,0,3,1,6,2,36,7,-1,-1,-1,-1,7,1,W01001399,0
Unvalidated,2024610007724,2024,610007724,2,9,0,17,8,5,0,2,0,0,0,0,4,1,6,1,47,8,-1,-1,-1,-1,6,1,W01001419,0
Unvalidated,2024610007824,2024,610007824,1,9,0,9,8,5,0,1,5,0,0,11,1,1,2,2,20,4,-1,-1,-1,-1,2,1,W01001443,0
Unvalidated,2024610007924,2024,610007924,1,9,0,18,8,4,0,2,0,0,0,0,1,1,6,2,33,6,-1,-1,-1,-1,3,1,W01001145,0
Unvalidated,2024610007924,2024,610007924,2,9,0,7,2,4,0,2,0,0,0,0,2,1,6,2,69,10,-1,-1,-1,-1,10,1,W01001426,0
Unvalidated,2024610008024,2024,610008024,1,9,0,5,5,1,0,4,0,4,0,0,1,1,6,2,51,8,-1,-1,-1,-1,8,1,W01001382,0
Unvalidated,2024610008024,2024,610008024,2,9,0,2,7,3,0,2,0,0,0,11,3,1,6,2,30,6,-1,-1,-1,-1,8,1,W01001382,0
Unvalidated,2024610008124,2024,610008124,1,9,0,18,4,8,0,0,0,0,7,0,1,1,6,2,41,7,-1,-1,-1,-1,5,1,W01001603,0
Unvalidated,2024610008124,2024,610008124,2,9,0,18,8,4,0,0,0,0,1,0,1,1,6,1,29,6,-1,-1,-1,-1,10,2,W01001573,0
Unvalidated,2024610008224,2024,610008224,1,9,0,18,2,6,0,8,0,0,0,0,1,1,6,1,63,9,-1,-1,-1,-1,9,3,W01001625,0
Unvalidated,2024610008224,2024,610008224,2,9,0,9,6,4,0,8,0,0,0,0,1,1,6,2,28,6,-1,-1,-1,-1,2,1,W01001690,0
Unvalidated,2024610008324,2024,610008324,1,19,0,9,4,1,0,8,0,0,0,0,1,1,6,1,43,7,-1,-1,-1,-1,2,1,W01001620,0
Unvalidated,2024610008324,2024,610008324,2,3,0,18,2,6,0,8,0,0,0,0,1,1,6,1,26,6,-1,-1,-1,-1,1,1,W01001617,0
Unvalidated,2024610008424,2024,610008424,1,21,0,7,8,2,0,1,0,0,0,0,1,1,1,1,44,7,-1,-1,-1,-1,10,1,E01014761,0
Unvalidated,2024610008524,2024,610008524,1,9,0,18,7,3,0,8,0,0,0,0,4,1,6,1,35,6,-1,-1,-1,-1,2,1,W01001387,0
Unvalidated,2024610008524,2024,610008524,2,9,0,18,1,5,0,8,0,0,0,0,1,1,6,1,51,8,-1,-1,-1,-1,3,1,W01001336,0
Unvalidated,2024610008624,2024,610008624,1,9,0,18,3,7,0,0,0,0,0,0,1,1,3,1,51,8,-1,-1,-1,-1,7,1,W01001507,0
Unvalidated,2024610008724,2024,610008724,1,9,0,7,7,1,0,1,0,0,0,0,1,1,6,2,71,10,-1,-1,-1,-1,9,1,E01012200,0
Unvalidated,2024610008724,2024,610008724,2,1,0,18,5,1,0,8,0,0,0,0,4,1,6,1,-1,-1,-1,-1,-1,-1,-1,-1,-1,0
Unvalidated,2024610008824,2024,610008824,1,9,0,9,1,7,0,8,0,0,0,0,1,1,6,1,54,8,-1,-1,-1,-1,3,1,W01001531,0
Unvalidated,2024610008824,2024,610008824,2,5,0,18,5,1,0,8,0,0,0,0,1,1,6,1,37,7,-1,-1,-1,-1,3,1,W01001676,0
Unvalidated,2024610008924,2024,610008924,1,9,0,18,6,2,0,8,0,0,0,0,1,1,1,2,36,7,-1,-1,-1,-1,3,1,W01001909,0
Unvalidated,2024610008924,2024,610008924,2,9,0,9,4,2,0,2,1,10,1,11,2,1,6,1,91,11,-1,-1,-1,-1,9,2,W01001581,0
Unvalidated,2024610009024,2024,610009024,1,19,0,1,1,3,0,5,0,0,0,0,2,1,1,1,25,5,-1,-1,-1,-1,5,1,W01001551,0
Unvalidated,2024610009124,2024,610009124,1,9,0,9,7,5,0,6,0,0,0,0,1,1,6,1,43,7,-1,-1,-1,-1,1,1,W01001619,0
Unvalidated,2024610009124,2024,610009124,2,9,0,18,5,1,0,8,0,0,0,0,4,1,6,1,25,5,-1,-1,-1,-1,4,1,W01001665,0
Unvalidated,2024610009224,2024,610009224,1,9,0,18,1,5,0,4,0,0,0,0,2,1,6,2,72,10,-1,-1,-1,-1,4,1,W01001521,0
Unvalidated,2024610009224,2024,610009224,2,9,0,18,2,6,0,3,0,0,0,0,1,1,6,1,27,6,-1,-1,-1,-1,1,1,W01001661,0
Unvalidated,2024610009324,2024,610009324,1,9,0,1,9,9,0,1,0,0,0,0,2,1,6,1,-1,-1,-1,-1,-1,-1,-1,-1,-1,0
Unvalidated,2024610009324,2024,610009324,2,3,0,18,9,9,0,1,0,0,0,0,1,1,6,2,33,6,-1,-1,-1,-1,1,1,W01001643,0
Unvalidated,2024610009424,2024,610009424,1,9,0,18,8,4,0,8,0,10,1,2,3,1,6,1,36,7,-1,-1,-1,-1,6,1,W01001535,0
Unvalidated,2024610009424,2024,610009424,2,9,0,9,6,4,0,2,0,0,0,0,1,1,6,1,61,9,-1,-1,-1,-1,2,1,W01001503,0
Unvalidated,2024610009524,2024,610009524,1,9,0,16,6,8,0,0,1,0,0,0,1,1,6,1,36,7,-1,-1,-1,-1,8,3,W01001565,0
Unvalidated,2024610009524,2024,610009524,2,9,0,17,8,6,0,0,0,0,1,0,1,1,2,1,34,6,-1,-1,-1,-1,4,1,W01001598,0
Unvalidated,2024610009624,2024,610009624,1,9,0,9,7,5,0,4,0,0,0,0,1,1,6,1,85,11,-1,-1,-1,-1,4,1,W01001395,0
Unvalidated,2024610009624,2024,610009624,2,9,0,9,7,5,0,4,0,0,0,0,2,1,6,1,81,11,-1,-1,-1,-1,2,1,W01001023,0
Unvalidated,2024610009724,2024,610009724,1,9,0,18,2,6,0,1,0,0,0,0,1,1,6,2,25,5,-1,-1,-1,-1,10,1,W01001427,0
Unvalidated,2024610009724,2024,610009724,2,9,0,7,5,6,0,6,0,0,7,0,3,1,6,2,32,6,-1,-1,-1,-1,7,1,W01001425,0
Unvalidated,2024610009824,2024,610009824,1,9,0,9,3,1,0,6,0,0,0,0,1,1,6,1,44,7,-1,-1,-1,-1,2,1,W01001483,0
Unvalidated,2024610009924,2024,610009924,1,9,0,5,3,7,0,8,0,0,0,0,1,1,6,1,76,11,-1,-1,-1,-1,3,1,W01001362,0
Unvalidated,2024610009924,2024,610009924,2,9,0,18,5,1,0,8,0,0,0,0,3,1,6,2,28,6,-1,-1,-1,-1,2,1,W01001325,0
Unvalidated,2024610010024,2024,610010024,1,9,0,18,8,4,0,0,0,0,0,0,1,1,6,1,49,8,-1,-1,-1,-1,7,1,W01001507,0
Unvalidated,2024610010024,2024,610010024,2,9,0,18,8,4,0,0,0,0,0,0,2,1,1,1,-1,-1,-1,-1,-1,-1,-1,-1,-1,0
Unvalidated,2024610010124,2024,610010124,1,9,0,17,6,3,0,0,1,0,1,0,1,1,6,2,70,10,-1,-1,-1,-1,4,2,W01001429,0
Unvalidated,2024610010224,2024,610010224,1,9,0,18,6,2,0,0,1,0,0,7,1,1,6,1,23,5,-1,-1,-1,-1,-1,-1,-1,0
Unvalidated,2024610010324,2024,610010324,1,9,0,3,4,8,0,7,0,0,0,0,2,1,6,2,39,7,-1,-1,-1,-1,2,1,W01001668,0
Unvalidated,2024610010324,2024,610010324,2,9,0,12,4,8,0,7,0,0,0,0,1,1,6,2,51,8,-1,-1,-1,-1,4,2,W01001650,0
Unvalidated,2024610010424,2024,610010424,1,9,0,18,5,1,0,8,0,0,0,0,1,1,6,2,19,4,-1,-1,-1,-1,6,3,W01001567,0
Unvalidated,2024610010424,2024,610010424,2,9,0,7,5,7,0,5,0,0,0,0,2,1,6,2,30,6,-1,-1,-1,-1,7,1,W01001571,0
Unvalidated,2024610010624,2024,610010624,1,9,0,18,4,8,0,0,0,0,0,0,1,1,6,3,-1,-1,-1,-1,-1,-1,-1,-1,-1,0
Unvalidated,2024610010724,2024,610010724,1,9,0,18,6,2,0,0,5,4,0,0,1,1,6,1,57,9,-1,-1,-1,-1,7,1,W01001397,0
Unvalidated,2024610010724,2024,610010724,2,9,0,2,0,0,0,0,0,0,0,0,1,1,6,2,33,6,-1,-1,-1,-1,2,1,W01001341,0
Unvalidated,2024610010924,2024,610010924,1,9,0,18,2,7,0,0,2,0,1,7,1,1,1,1,24,5,-1,-1,-1,-1,3,2,W01001430,0
Unvalidated,2024610011024,2024,610011024,1,3,0,18,3,7,0,8,0,0,0,0,1,1,6,1,15,3,-1,-1,-1,-1,5,3,W01001649,0
Unvalidated,2024610011024,2024,610011024,2,9,0,9,7,5,0,8,0,0,0,0,4,1,6,1,24,5,-1,-1,-1,-1,5,1,W01001611,0
Unvalidated,2024610011124,2024,610011124,1,9,0,4,8,4,0,0,0,0,0,0,4,1,3,2,44,7,-1,-1,-1,-1,10,3,W01001552,0
Unvalidated,2024610011224,2024,610011224,1,19,0,7,4,6,0,6,0,0,0,0,2,1,1,1,32,6,-1,-1,-1,-1,6,1,W01001204,0
Unvalidated,2024610011224,2024,610011224,2,9,0,18,2,6,0,8,0,0,0,0,1,1,6,1,20,4,-1,-1,-1,-1,9,2,W01001903,0
Unvalidated,2024610011324,2024,610011324,1,9,0,9,4,2,0,1,0,0,0,0,4,1,6,1,39,7,-1,-1,-1,-1,6,1,W01001535,0
Unvalidated,2024610011324,2024,610011324,2,9,0,7,8,2,0,1,0,0,0,0,1,1,6,1,40,7,-1,-1,-1,-1,10,1,W01001670,0
Unvalidated,2024610011424,2024,610011424,1,9,0,18,6,2,0,0,0,0,0,0,1,1,6,1,33,6,-1,-1,-1,-1,4,1,W01001337,0
Unvalidated,2024610011524,2024,610011524,1,3,0,18,5,1,0,0,0,0,0,0,1,1,6,1,21,5,-1,-1,-1,-1,9,1,W01001518,0
Unvalidated,2024610011524,2024,610011524,2,9,0,18,1,5,0,0,0,0,0,0,1,1,6,1,-1,-1,-1,-1,-1,-1,-1,-1,-1,0
Unvalidated,2024610011624,2024,610011624,1,9,0,7,1,3,0,8,0,0,0,0,4,1,2,1,48,8,-1,-1,-1,-1,5,1,W01001612,0
Unvalidated,2024610011624,2024,610011624,2,1,0,18,1,5,0,8,0,0,0,0,1,1,1,1,35,6,-1,-1,-1,-1,1,1,W01001661,0
Unvalidated,2024610011724,2024,610011724,1,9,0,16,5,8,0,0,1,0,0,0,1,1,6,2,18,4,-1,-1,-1,-1,1,1,W01001469,0
Unvalidated,2024610011724,2024,610011724,2,9,0,17,8,5,0,0,1,0,0,0,1,1,1,1,38,7,-1,-1,-1,-1,8,3,W01001565,0
Unvalidated,2024610011824,2024,610011824,1,9,0,1,1,4,0,0,0,0,0,4,2,1,6,2,79,11,-1,-1,-1,-1,3,2,W01001489,0
Unvalidated,2024610011924,2024,610011924,1,9,0,9,3,1,0,0,0,0,0,0,3,1,6,2,82,11,-1,-1,-1,-1,8,3,W01001505,0
Unvalidated,2024610011924,2024,610011924,2,19,0,13,3,7,0,0,1,0,0,0,1,1,6,1,45,7,-1,-1,-1,-1,1,1,W01001621,0
Unvalidated,2024610012024,2024,610012024,1,9,0,5,2,6,0,1,0,0,0,0,0,1,6,2,37,7,-1,-1,-1,-1,6,2,W01001599,0
Unvalidated,2024610012124,2024,610012124,1,5,0,16,5,8,0,0,1,10,0,0,1,1,6,1,62,9,-1,-1,-1,-1,2,1,E01014640,0
Unvalidated,2024610012224,2024,610012224,1,9,0,18,4,8,0,0,0,0,0,0,3,1,2,2,31,6,-1,-1,-1,-1,2,2,W01001465,0
Unvalidated,2024610012224,2024,610012224,2,21,0,11,4,8,0,0,0,0,0,0,1,1,2,1,57,9,-1,-1,-1,-1,3,1,W01001448,0
Unvalidated,2024610012324,2024,610012324,1,9,0,9,6,4,0,2,0,0,0,0,3,1,6,2,19,4,-1,-1,-1,-1,6,1,W01001492,0
Unvalidated,2024610012324,2024,610012324,2,4,0,18,4,8,0,1,0,0,0,0,1,1,6,1,27,6,-1,-1,-1,-1,7,2,W01001490,0
Unvalidated,2024610012424,2024,610012424,1,9,0,10,1,5,0,2,0,0,0,0,2,1,6,2,78,11,-1,-1,-1,-1,6,3,W01001567,0
Unvalidated,2024610012424,2024,610012424,2,9,0,3,1,5,0,2,0,0,0,0,2,1,6,2,41,7,-1,-1,-1,-1,8,1,W01001517,0
Unvalidated,2024610012424,2024,610012424,3,9,0,18,1,5,0,1,0,0,0,0,1,1,6,1,58,9,-1,-1,-1,-1,5,3,W01001562,0
Unvalidated,2024610012524,2024,610012524,1,9,0,18,7,3,0,0,0,0,0,0,1,1,6,1,76,11,-1,-1,-1,-1,9,1,W01001641,0
Unvalidated,2024610012524,2024,610012524,2,9,0,18,7,3,0,0,0,0,0,0,3,1,6,2,85,11,-1,-1,-1,-1,9,3,W01001641,0
Unvalidated,2024610012524,2024,610012524,3,1,0,18,7,3,0,0,0,0,0,0,2,1,6,1,37,7,-1,-1,-1,-1,1,1,W01001201,0
Unvalidated,2024610012624,2024,610012624,1,9,0,17,8,5,0,0,1,0,7,11,1,1,6,1,45,7,-1,-1,-1,-1,9,1,W01001502,0
Unvalidated,2024610012724,2024,610012724,1,9,0,1,8,4,0,0,0,0,0,0,2,1,6,1,23,5,-1,-1,-1,-1,10,1,W01001669,0
Unvalidated,2024610012824,2024,610012824,1,9,0,9,5,3,0,4,0,0,0,0,2,1,6,1,37,7,-1,-1,-1,-1,3,1,W01001388,0
Unvalidated,2024610012824,2024,610012824,2,5,0,7,7,2,0,3,0,0,1,0,1,1,6,1,78,11,-1,-1,-1,-1,2,1,W01001506,0
Unvalidated,2024610012924,2024,610012924,1,9,0,18,7,3,0,0,0,0,0,0,3,1,6,1,43,7,-1,-1,-1,-1,2,1,W01001402,0
Unvalidated,2024610012924,2024,610012924,2,3,0,18,7,3,0,0,0,0,0,0,4,1,6,1,53,8,-1,-1,-1,-1,3,1,W01001353,0
Unvalidated,2024610013024,2024,610013024,1,19,0,3,8,4,0,4,0,0,0,0,1,1,6,1,55,8,-1,-1,-1,-1,1,1,W01001687,0
Unvalidated,2024610013024,2024,610013024,2,9,0,2,0,0,0,4,0,0,0,0,0,1,6,1,40,7,-1,-1,-1,-1,4,1,W01001521,0
Unvalidated,2024610013124,2024,610013124,1,19,0,3,1,5,0,0,0,0,0,0,2,1,6,1,58,9,-1,-1,-1,-1,9,1,W01001578,0
Unvalidated,2024610013124,2024,610013124,2,9,0,18,1,5,0,0,0,0,0,0,1,1,6,1,25,5,-1,-1,-1,-1,6,1,W01001593,0
Unvalidated,2024610013224,2024,610013224,1,9,0,18,1,5,0,0,0,0,0,0,3,1,3,1,35,6,-1,-1,-1,-1,1,1,W01001811,0
Unvalidated,2024610013224,2024,610013224,2,1,0,18,5,1,0,0,0,0,0,0,3,1,6,1,16,4,-1,-1,-1,-1,10,1,W01001774,0
Unvalidated,2024610013324,2024,610013324,1,1,0,7,2,5,0,2,0,0,0,0,1,1,6,1,8,2,-1,-1,-1,-1,1,1,W01001326,0
Unvalidated,2024610013324,2024,610013324,2,9,0,10,0,0,0,2,0,0,0,0,3,1,6,1,35,6,-1,-1,-1,-1,1,1,W01001326,0
Unvalidated,2024610013424,2024,610013424,1,9,0,9,6,4,0,8,0,0,0,0,1,1,6,1,19,4,-1,-1,-1,-1,1,1,W01001022,0
Unvalidated,2024610013424,2024,610013424,2,9,0,18,4,8,0,1,0,0,0,0,1,1,6,1,50,8,-1,-1,-1,-1,3,1,W01001430,0
Unvalidated,2024610013424,2024,610013424,3,9,0,18,8,4,0,1,0,0,0,0,1,1,6,2,56,9,-1,-1,-1,-1,10,1,W01001793,0
Unvalidated,2024610013424,2024,610013424,4,8,0,18,8,4,0,1,0,0,0,0,1,1,6,1,31,6,-1,-1,-1,-1,2,1,W01001348,0
Unvalidated,2024610013524,2024,610013524,1,9,0,4,2,6,0,0,0,0,0,0,2,1,1,2,29,6,-1,-1,-1,-1,2,1,W01001496,0
Unvalidated,2024610013524,2024,610013524,2,9,0,18,2,6,0,0,0,0,0,0,1,1,1,1,20,4,-1,-1,-1,-1,4,1,W01001541,0
Unvalidated,2024610013624,2024,610013624,1,1,0,17,5,2,0,4,0,0,0,0,3,1,1,1,27,6,-1,-1,-1,-1,2,1,W01001692,0
Unvalidated,2024610013624,2024,610013624,2,9,0,11,3,8,0,3,0,0,0,0,4,1,2,2,38,7,-1,-1,-1,-1,3,1,W01001454,0
Unvalidated,2024610013724,2024,610013724,1,3,0,17,6,3,0,8,1,0,0,0,0,1,2,1,21,5,-1,-1,-1,-1,1,1,E01014655,0
Unvalidated,2024610013824,2024,610013824,1,19,0,1,2,6,0,8,0,0,0,0,2,1,6,2,42,7,-1,-1,-1,-1,1,1,E01032518,0
Unvalidated,2024610013824,2024,610013824,2,4,0,3,0,0,0,8,0,0,0,0,1,1,6,1,60,9,-1,-1,-1,-1,8,2,E01022255,0
Unvalidated,2024610013924,2024,610013924,1,21,0,4,1,6,0,0,0,0,0,0,3,1,1,1,46,8,-1,-1,-1,-1,1,2,W01001376,0
Unvalidated,2024610013924,2024,610013924,2,1,0,16,6,8,0,0,0,0,0,0,1,1,6,1,35,6,-1,-1,-1,-1,8,1,W01001757,0
Unvalidated,2024610014024,2024,610014024,1,97,0,5,1,5,0,0,0,0,1,3,1,1,6,1,19,4,-1,-1,-1,-1,2,1,W01001476,0
Unvalidated,2024610014124,2024,610014124,1,5,0,18,3,7,0,1,0,0,0,0,1,1,6,1,25,5,-1,-1,-1,-1,3,1,W01001663,0
Unvalidated,2024610014124,2024,610014124,2,19,0,9,5,2,0,8,0,0,0,0,1,1,6,1,58,9,-1,-1,-1,-1,2,1,W01001691,0
Unvalidated,2024610014224,2024,610014224,1,4,0,16,2,5,0,0,1,0,0,0,0,1,6,1,17,4,-1,-1,-1,-1,10,1,W01001894,0
Unvalidated,2024610014324,2024,610014324,1,9,0,9,2,8,0,8,0,0,0,0,1,1,6,2,28,6,-1,-1,-1,-1,1,1,W01001459,0
Unvalidated,2024610014324,2024,610014324,2,3,0,18,6,2,0,1,0,0,0,0,1,1,6,1,21,5,-1,-1,-1,-1,2,1,W01001436,0
Unvalidated,2024610014424,2024,610014424,1,9,0,13,5,2,0,1,0,0,1,0,1,1,1,1,59,9,-1,-1,-1,-1,2,1,W01001482,0
Unvalidated,2024610014424,2024,610014424,2,19,0,9,5,3,0,1,0,0,0,0,2,1,1,1,56,9,-1,-1,-1,-1,2,1,W01001483,0
Unvalidated,2024610014524,2024,610014524,1,22,0,18,4,8,0,0,0,0,6,4,1,1,1,1,53,8,-1,-1,-1,-1,3,2,W01001577,0
Unvalidated,2024610014524,2024,610014524,2,9,0,18,4,8,0,0,0,0,6,0,2,1,1,1,41,7,-1,-1,-1,-1,4,3,E01022251,0
Unvalidated,2024610014624,2024,610014624,1,9,0,13,8,4,0,1,0,0,0,0,1,1,6,1,18,4,-1,-1,-1,-1,5,3,W01001360,0
Unvalidated,2024610014624,2024,610014624,2,1,0,9,8,6,0,1,0,0,0,0,3,1,6,1,14,3,-1,-1,-1,-1,5,3,W01001360,0
Unvalidated,2024610014724,2024,610014724,1,9,0,4,6,2,0,0,0,0,0,0,2,1,1,2,30,6,-1,-1,-1,-1,2,1,W01001325,0
Unvalidated,2024610014724,2024,610014724,2,9,0,4,6,2,0,0,0,0,0,0,1,1,1,2,18,4,-1,-1,-1,-1,9,1,W01001434,0
Unvalidated,2024610014724,2024,610014724,3,9,0,4,6,2,0,0,0,0,0,0,1,1,1,1,-1,-1,-1,-1,-1,-1,5,1,W01001432,0
Unvalidated,2024610014824,2024,610014824,1,9,0,18,8,4,0,4,0,0,0,0,1,1,6,1,26,6,-1,-1,-1,-1,5,1,W01001644,0
Unvalidated,2024610014824,2024,610014824,2,9,0,18,5,8,0,3,0,0,0,0,1,1,6,1,32,6,-1,-1,-1,-1,4,1,W01001671,0
Unvalidated,2024610014924,2024,610014924,1,9,0,9,2,8,9,8,0,0,1,0,1,1,6,1,83,11,-1,-1,-1,-1,10,1,W01001585,0
Unvalidated,2024610015024,2024,610015024,1,9,0,10,1,7,0,8,0,0,0,0,2,1,6,2,34,6,-1,-1,-1,-1,5,1,W01001557,0
Unvalidated,2024610015024,2024,610015024,2,5,0,4,1,5,0,1,0,0,1,11,2,1,6,1,29,6,-1,-1,-1,-1,1,1,W01001326,0
Unvalidated,2024610015024,2024,610015024,3,3,0,18,1,5,0,1,0,0,1,0,1,1,6,1,19,4,-1,-1,-1,-1,1,1,W01001326,0
Unvalidated,2024610015124,2024,610015124,1,90,0,18,8,4,0,0,0,0,0,0,0,1,6,1,16,4,-1,-1,-1,-1,1,1,W01001536,1
Unvalidated,2024610015224,2024,610015224,1,9,0,18,6,2,0,1,0,0,0,0,1,1,6,2,55,8,-1,-1,-1,-1,3,1,W01001448,0
Unvalidated,2024610015224,2024,610015224,2,1,0,9,8,6,0,8,0,0,0,0,3,1,6,1,12,3,-1,-1,-1,-1,2,1,W01001467,0
Unvalidated,2024610015324,2024,610015324,1,17,5,9,4,3,0,8,0,0,0,0,3,1,1,1,19,4,-1,-1,-1,-1,10,2,W01001597,0