status,collision_index,collision_year,collision_reference,vehicle_reference,vehicle_type,towing_and_articulation,vehicle_manoeuvre,vehicle_direction_from,vehicle_direction_to,vehicle_location_restricted_lane,junction_location,skidding_and_overturning,hit_object_in_carriageway,vehicle_leaving_carriageway,hit_object_off_carriageway,first_point_of_impact,vehicle_left_hand_drive,journey_purpose_of_driver,sex_of_driver,age_of_driver,age_band_of_driver,engine_capacity_cc,propulsion_code,age_of_vehicle,generic_make_model,driver_imd_decile,driver_home_area_type,lsoa_of_driver,escooter_flag
Unvalidated,2024610015324,2024,610015324,2,9,0,13,4,8,0,8,0,0,0,0,1,1,6,1,21,5,-1,-1,-1,-1,1,1,W01001364,0
Unvalidated,2024610015424,2024,610015424,1,9,0,18,1,5,0,8,0,0,0,0,3,1,6,2,36,7,-1,-1,-1,-1,6,1,W01001680,0
Unvalidated,2024610015424,2024,610015424,2,9,0,18,3,7,0,8,0,0,0,0,1,1,2,1,42,7,-1,-1,-1,-1,6,1,W01001675,0
Unvalidated,2024610015524,2024,610015524,1,1,0,5,6,2,0,2,0,0,0,0,1,1,6,2,52,8,-1,-1,-1,-1,2,1,W01001660,0
Unvalidated,2024610015524,2024,610015524,2,19,0,10,8,6,0,1,0,0,0,0,0,1,6,3,-1,-1,-1,-1,-1,-1,-1,-1,-1,0
Unvalidated,2024610015624,2024,610015624,1,9,0,18,8,4,0,8,0,0,0,0,4,1,1,1,60,9,-1,-1,-1,-1,4,2,W01001650,0
Unvalidated,2024610015624,2024,610015624,2,9,0,18,2,6,0,1,0,0,0,0,1,1,1,1,42,7,-1,-1,-1,-1,5,1,W01001611,0
Unvalidated,2024610015724,2024,610015724,1,9,0,18,6,2,0,0,0,0,0,0,4,1,6,2,43,7,-1,-1,-1,-1,10,1,W01001714,0
Unvalidated,2024610015724,2024,610015724,2,20,0,12,6,2,0,0,0,0,0,0,3,2,6,3,-1,-1,-1,-1,-1,-1,-1,-1,-1,0
Unvalidated,2024610015824,2024,610015824,1,5,0,13,1,5,0,1,0,0,0,0,1,1,1,1,46,8,-1,-1,-1,-1,7,3,W01001594,0
Unvalidated,2024610015824,2024,610015824,2,19,0,9,1,6,0,8,0,0,0,0,3,1,1,1,53,8,-1,-1,-1,-1,7,3,W01001568,0
Unvalidated,2024610015924,2024,610015924,1,9,0,17,2,8,0,0,0,0,0,0,1,1,6,1,23,5,-1,-1,-1,-1,5,1,W01001478,0
Unvalidated,2024610015924,2024,610015924,2,9,0,16,8,2,0,0,0,0,1,4,1,1,6,2,21,5,-1,-1,-1,-1,2,2,W01001385,0
Unvalidated,2024610016024,2024,610016024,1,9,0,18,8,4,0,0,0,0,0,0,1,1,6,3,-1,-1,-1,-1,-1,-1,-1,-1,-1,0
Unvalidated,2024610016124,2024,610016124,1,9,0,18,8,6,0,8,0,0,0,0,1,1,6,1,24,5,-1,-1,-1,-1,2,1,W01001402,0
Unvalidated,2024610016124,2024,610016124,2,19,0,5,3,5,0,8,0,0,0,0,3,1,6,1,32,6,-1,-1,-1,-1,3,2,W01001177,0
Unvalidated,2024610016224,2024,610016224,1,9,0,18,3,7,0,0,0,4,0,0,4,1,6,2,26,6,-1,-1,-1,-1,1,1,W01001519,0
Unvalidated,2024610016224,2024,610016224,2,9,0,2,0,0,0,0,0,0,0,0,3,1,6,1,41,7,-1,-1,-1,-1,2,1,W01001532,0
Unvalidated,2024610016324,2024,610016324,1,9,0,13,2,6,0,0,1,0,5,7,4,1,6,1,21,5,-1,-1,-1,-1,9,1,W01001578,0
Unvalidated,2024610016324,2024,610016324,2,20,1,18,2,6,0,0,0,0,0,0,3,1,1,1,60,9,-1,-1,-1,-1,5,1,E01031098,0
Unvalidated,2024610016424,2024,610016424,1,1,0,18,6,2,0,0,0,0,0,0,3,1,6,1,60,9,-1,-1,-1,-1,6,1,W01001389,0
Unvalidated,2024610016424,2024,610016424,2,9,3,18,6,2,0,0,0,0,0,0,4,1,6,1,58,9,-1,-1,-1,-1,2,2,W01001368,0
Unvalidated,2024610016524,2024,610016524,1,3,0,18,4,8,0,0,0,0,1,11,4,1,2,1,27,6,-1,-1,-1,-1,7,2,W01001490,0
Unvalidated,2024610016624,2024,610016624,1,9,0,18,4,8,0,0,0,0,0,0,1,1,2,1,61,9,-1,-1,-1,-1,2,1,W01001532,0
Unvalidated,2024610016624,2024,610016624,2,9,0,18,8,4,0,0,0,0,0,0,1,1,2,1,63,9,-1,-1,-1,-1,6,1,W01001510,0
Unvalidated,2024610016724,2024,610016724,1,9,0,7,8,2,0,8,0,0,0,0,1,1,6,1,84,11,-1,-1,-1,-1,10,1,W01001635,0
Unvalidated,2024610016724,2024,610016724,2,9,0,18,6,2,0,1,0,0,0,0,4,1,6,1,79,11,-1,-1,-1,-1,2,1,W01001614,0
Unvalidated,2024610016724,2024,610016724,3,9,0,18,2,6,0,1,0,0,0,0,3,1,6,1,44,7,-1,-1,-1,-1,1,1,W01001609,0
Unvalidated,2024610016824,2024,610016824,1,9,0,18,8,4,0,8,0,0,0,0,1,1,6,2,70,10,-1,-1,-1,-1,9,2,W01001572,0
Unvalidated,2024610016824,2024,610016824,2,1,0,18,2,6,0,8,0,0,0,0,3,1,6,1,13,3,-1,-1,-1,-1,10,1,W01001543,0
Unvalidated,2024610016924,2024,610016924,1,97,0,3,0,0,0,4,0,0,0,0,2,1,6,1,59,9,-1,-1,-1,-1,4,1,W01001365,0
Unvalidated,2024610016924,2024,610016924,2,9,0,5,4,8,0,4,0,0,0,0,1,1,6,2,21,5,-1,-1,-1,-1,4,1,W01001365,0
Unvalidated,2024610017024,2024,610017024,1,9,0,18,8,4,0,0,2,4,0,0,1,1,6,1,28,6,-1,-1,-1,-1,2,1,W01001529,0
Unvalidated,2024610017024,2024,610017024,2,19,0,18,4,8,0,0,0,0,0,0,1,1,1,1,47,8,-1,-1,-1,-1,1,1,W01001652,0
Unvalidated,2024610017024,2024,610017024,3,9,0,2,0,0,0,0,0,0,0,0,1,1,6,3,-1,-1,-1,-1,-1,-1,-1,-1,-1,0
Unvalidated,2024610017024,2024,610017024,4,9,0,2,0,0,0,0,0,0,0,0,1,1,6,3,-1,-1,-1,-1,-1,-1,-1,-1,-1,0
Unvalidated,2024610017124,2024,610017124,1,9,0,18,3,7,0,0,5,0,1,4,1,1,6,1,72,10,-1,-1,-1,-1,10,1,W01001426,0
Unvalidated,2024610017224,2024,610017224,1,9,0,4,7,3,0,0,2,12,7,11,3,1,1,2,57,9,-1,-1,-1,-1,1,1,W01001479,0
Unvalidated,2024610017324,2024,610017324,1,9,0,3,2,6,0,1,0,0,0,0,0,1,6,1,17,4,-1,-1,-1,-1,7,3,E01022248,0
Unvalidated,2024610017324,2024,610017324,2,9,0,5,6,2,0,2,0,0,0,0,1,1,6,1,18,4,-1,-1,-1,-1,10,2,W01001574,0
Unvalidated,2024610017424,2024,610017424,1,9,0,9,5,2,0,8,0,0,7,0,4,1,6,1,67,10,-1,-1,-1,-1,9,1,W01001545,0
Unvalidated,2024610017424,2024,610017424,2,9,0,18,1,5,0,1,1,0,0,0,4,1,6,1,17,4,-1,-1,-1,-1,4,1,W01001445,0
Unvalidated,2024610017524,2024,610017524,1,9,0,10,6,2,0,1,0,0,0,0,2,1,6,1,38,7,-1,-1,-1,-1,5,1,W01001477,0
Unvalidated,2024610017524,2024,610017524,2,9,0,18,6,2,0,1,0,0,0,0,1,1,6,2,28,6,-1,-1,-1,-1,1,1,W01001453,0
Unvalidated,2024610017624,2024,610017624,1,9,0,18,4,8,0,3,1,10,1,11,1,1,6,2,33,6,-1,-1,-1,-1,5,2,W01001367,0
Unvalidated,2024610017824,2024,610017824,1,3,0,18,2,6,0,0,0,4,0,0,1,1,6,1,29,6,-1,-1,-1,-1,2,2,W01001368,0
Unvalidated,2024610017824,2024,610017824,2,9,0,18,2,6,0,0,0,0,0,0,2,1,6,1,24,5,-1,-1,-1,-1,2,2,W01001333,0
Unvalidated,2024610017824,2024,610017824,3,19,0,2,0,0,0,0,0,0,0,0,3,1,6,3,-1,-1,-1,-1,-1,-1,-1,-1,-1,0
Unvalidated,2024610017824,2024,610017824,4,9,0,2,0,0,0,0,0,0,0,0,3,1,6,3,-1,-1,-1,-1,-1,-1,-1,-1,-1,0
Unvalidated,2024610017924,2024,610017924,1,9,0,16,7,2,0,1,0,0,0,0,1,1,6,1,83,11,-1,-1,-1,-1,8,3,W01001565,0
Unvalidated,2024610017924,2024,610017924,2,1,0,4,7,2,0,1,0,0,0,0,2,1,6,1,15,3,-1,-1,-1,-1,10,2,W01001597,0
Unvalidated,2024610018024,2024,610018024,1,9,0,18,1,5,0,0,0,0,0,0,1,1,6,1,18,4,-1,-1,-1,-1,3,1,W01001787,0
Unvalidated,2024610018024,2024,610018024,2,1,0,18,7,3,0,0,0,0,0,0,4,1,6,1,13,3,-1,-1,-1,-1,5,1,W01001373,0
Unvalidated,2024610018124,2024,610018124,1,4,0,13,7,3,0,0,0,0,0,0,1,1,6,1,31,6,-1,-1,-1,-1,10,2,W01001819,0
Unvalidated,2024610018124,2024,610018124,2,9,0,4,3,7,0,0,0,0,0,0,1,1,6,2,24,5,-1,-1,-1,-1,2,3,W01001332,0
Unvalidated,2024610018224,2024,610018224,1,9,0,9,6,3,0,5,0,0,0,0,1,1,6,2,20,4,-1,-1,-1,-1,4,1,W01001410,0
Unvalidated,2024610018224,2024,610018224,2,90,0,3,3,7,0,6,0,0,0,0,1,1,6,1,18,4,-1,-1,-1,-1,2,2,W01001368,0
Unvalidated,2024610018224,2024,610018224,3,90,0,3,3,7,0,6,0,0,0,0,1,1,6,1,19,4,-1,-1,-1,-1,4,1,W01001365,0
Unvalidated,2024610018324,2024,610018324,1,1,0,17,8,5,0,0,0,0,0,0,1,1,6,1,42,7,-1,-1,-1,-1,10,1,W01001841,0
Unvalidated,2024610018324,2024,610018324,2,9,0,16,5,8,0,0,0,0,0,0,1,1,6,1,42,7,-1,-1,-1,-1,2,1,W01001660,0
Unvalidated,2024610018424,2024,610018424,1,9,0,18,6,2,0,0,0,4,0,0,1,1,6,1,22,5,-1,-1,-1,-1,5,1,W01001475,0
Unvalidated,2024610018424,2024,610018424,2,9,0,2,0,0,0,0,0,0,0,0,1,1,6,3,-1,-1,-1,-1,-1,-1,-1,-1,-1,0
Unvalidated,2024610018424,2024,610018424,3,9,0,2,0,0,0,0,0,0,0,0,1,1,6,3,-1,-1,-1,-1,-1,-1,-1,-1,-1,0
Unvalidated,2024610018524,2024,610018524,1,9,0,14,2,6,0,0,0,4,0,0,1,1,6,1,35,6,-1,-1,-1,-1,1,3,W01001361,0
Unvalidated,2024610018524,2024,610018524,2,9,0,2,0,0,0,0,0,0,0,0,3,1,6,2,18,4,-1,-1,-1,-1,4,2,W01001429,0
Unvalidated,2024610018624,2024,610018624,1,9,0,10,4,8,0,1,0,0,0,0,1,1,6,2,54,8,-1,-1,-1,-1,10,3,W01001552,0
Unvalidated,2024610018624,2024,610018624,2,9,0,3,4,8,0,1,0,0,0,0,2,1,6,2,23,5,-1,-1,-1,-1,6,2,W01001599,0
Unvalidated,2024610018724,2024,610018724,1,9,0,18,8,4,0,0,0,0,0,0,1,1,6,2,39,7,-1,-1,-1,-1,2,2,W01001375,0
Unvalidated,2024610018724,2024,610018724,2,9,0,18,4,8,0,0,1,0,0,0,1,1,6,1,44,7,-1,-1,-1,-1,6,1,W01001372,0
Unvalidated,2024610018824,2024,610018824,1,9,0,18,4,8,0,0,0,0,0,0,4,1,6,1,31,6,-1,-1,-1,-1,4,1,W01001411,0
Unvalidated,2024610018824,2024,610018824,2,3,0,18,4,8,0,0,0,0,0,0,3,1,6,1,39,7,-1,-1,-1,-1,1,1,W01001886,0
Unvalidated,2024610018924,2024,610018924,1,9,0,18,6,2,0,1,0,0,0,0,1,1,6,3,-1,-1,-1,-1,-1,-1,-1,-1,-1,0
Unvalidated,2024610018924,2024,610018924,2,1,0,18,8,4,0,8,0,0,0,0,3,1,6,1,9,2,-1,-1,-1,-1,2,2,W01001488,0
Unvalidated,2024610019024,2024,610019024,1,9,0,5,4,8,0,8,0,0,3,2,1,1,1,2,25,5,-1,-1,-1,-1,10,1,W01001426,0
Unvalidated,2024610019124,2024,610019124,1,9,0,18,5,1,0,1,0,0,0,0,3,1,6,2,78,11,-1,-1,-1,-1,4,1,W01001401,0
Unvalidated,2024610019124,2024,610019124,2,9,0,18,1,5,0,2,0,0,0,0,3,1,6,2,49,8,-1,-1,-1,-1,6,1,W01001372,0
Unvalidated,2024610019224,2024,610019224,1,9,0,18,6,2,0,0,0,0,1,1,1,1,6,1,20,4,-1,-1,-1,-1,2,1,W01001750,0
Unvalidated,2024610019324,2024,610019324,1,9,0,4,4,8,0,0,0,0,0,0,2,1,1,1,27,6,-1,-1,-1,-1,4,1,W01001433,0
Unvalidated,2024610019324,2024,610019324,2,8,0,18,4,8,0,0,0,0,0,0,1,1,1,1,-1,-1,-1,-1,-1,-1,7,1,W01001484,0
Unvalidated,2024610019424,2024,610019424,1,9,0,18,8,4,0,0,2,0,0,0,1,1,6,1,49,8,-1,-1,-1,-1,9,2,W01001581,0
Unvalidated,2024610019524,2024,610019524,1,19,0,18,3,7,0,0,0,0,0,0,1,1,6,1,58,9,-1,-1,-1,-1,6,1,W01001510,0
Unvalidated,2024610019524,2024,610019524,2,9,0,18,3,7,0,0,0,0,0,0,2,1,6,1,33,6,-1,-1,-1,-1,6,1,W01001680,0
Unvalidated,2024610019524,2024,610019524,3,9,0,18,3,7,0,0,0,0,0,0,2,1,6,3,-1,-1,-1,-1,-1,-1,-1,-1,-1,0
Unvalidated,2024610019624,2024,610019624,1,9,0,18,3,7,0,0,0,0,0,0,1,1,6,1,82,11,-1,-1,-1,-1,2,1,W01001614,0
Unvalidated,2024610019624,2024,610019624,2,9,0,4,3,7,0,0,0,0,0,0,2,1,1,1,-1,-1,-1,-1,-1,-1,-1,-1,-1,0
Unvalidated,2024610019724,2024,610019724,1,19,0,18,3,7,0,0,0,11,0,0,1,1,2,1,41,7,-1,-1,-1,-1,4,1,W01001355,0
Unvalidated,2024610019824,2024,610019824,1,9,0,12,6,2,0,3,0,0,0,0,3,1,6,2,-1,-1,-1,-1,-1,-1,8,1,W01001616,0
Unvalidated,2024610019824,2024,610019824,2,5,0,7,7,2,0,3,0,0,7,7,4,1,6,1,25,5,-1,-1,-1,-1,3,3,E01026246,0
Unvalidated,2024610019924,2024,610019924,1,9,0,18,6,2,6,0,5,0,0,0,1,1,6,2,66,10,-1,-1,-1,-1,9,3,W01001549,0
Unvalidated,2024610020024,2024,610020024,1,9,0,18,8,4,0,8,0,0,3,11,1,1,6,1,75,10,-1,-1,-1,-1,2,1,W01001526,0
Unvalidated,2024610020024,2024,610020024,2,19,0,5,8,4,0,8,0,0,0,0,2,1,6,1,38,7,-1,-1,-1,-1,4,1,W01001528,0
Unvalidated,2024610020024,2024,610020024,3,9,0,5,4,8,0,1,0,0,0,0,3,1,6,1,67,10,-1,-1,-1,-1,8,1,W01001499,0
Unvalidated,2024610020124,2024,610020124,1,9,0,5,5,1,0,4,0,0,0,0,2,1,3,2,52,8,-1,-1,-1,-1,4,1,W01001622,0
Unvalidated,2024610020124,2024,610020124,2,9,0,5,5,1,0,4,0,0,0,0,1,1,2,1,40,7,-1,-1,-1,-1,7,1,W01001507,0
Unvalidated,2024610020224,2024,610020224,1,90,0,18,-1,-1,9,0,0,0,0,0,1,1,6,3,-1,-1,-1,-1,-1,-1,-1,-1,-1,0
Unvalidated,2024610020324,2024,610020324,1,9,0,8,4,8,0,7,0,0,0,0,2,1,1,1,43,7,-1,-1,-1,-1,1,1,W01001687,0
Unvalidated,2024610020324,2024,610020324,2,9,0,3,4,8,0,7,0,0,0,0,1,1,6,1,29,6,-1,-1,-1,-1,6,1,W01001908,0
Unvalidated,2024610020424,2024,610020424,1,9,0,7,5,8,0,3,0,0,0,0,3,1,2,2,21,5,-1,-1,-1,-1,10,1,W01001512,0
Unvalidated,2024610020424,2024,610020424,2,9,0,13,5,1,0,3,0,0,0,0,4,1,6,3,-1,-1,-1,-1,-1,-1,-1,-1,-1,0
Unvalidated,2024610020524,2024,610020524,1,97,0,16,8,2,0,0,2,0,8,10,1,1,6,1,52,8,-1,-1,-1,-1,4,1,W01001558,0
Unvalidated,2024610020624,2024,610020624,1,9,0,1,6,2,0,0,0,0,0,0,2,1,6,1,19,4,-1,-1,-1,-1,2,1,W01001418,0
Unvalidated,2024610020724,2024,610020724,1,9,0,18,6,2,0,0,0,0,0,0,4,1,6,1,71,10,-1,-1,-1,-1,-1,-1,-1,0
Unvalidated,2024610020724,2024,610020724,2,90,0,5,8,4,0,0,0,0,0,0,1,1,6,2,10,2,-1,-1,-1,-1,-1,1,-1,0
Unvalidated,2024610020824,2024,610020824,1,9,0,3,5,1,0,4,0,0,0,0,1,1,6,2,65,9,-1,-1,-1,-1,4,3,W01001541,0
Unvalidated,2024610020824,2024,610020824,2,3,0,3,5,1,0,4,0,0,0,0,2,1,6,1,29,6,-1,-1,-1,-1,2,1,W01001402,0
Unvalidated,2024610020924,2024,610020924,1,9,0,18,6,2,0,8,0,9,7,7,1,1,6,1,68,10,-1,-1,-1,-1,3,1,W01001408,0
Unvalidated,2024610021024,2024,610021024,1,3,0,18,4,8,0,0,0,0,0,0,1,1,6,1,29,6,-1,-1,-1,-1,2,1,W01001620,0
Unvalidated,2024610021124,2024,610021124,1,90,0,18,4,8,0,0,0,0,0,0,1,1,6,1,27,6,-1,-1,-1,-1,4,1,W01001605,1
Unvalidated,2024610021224,2024,610021224,1,9,0,4,8,4,0,0,0,0,0,0,1,1,6,1,40,7,-1,-1,-1,-1,2,1,E01013994,0
Unvalidated,2024610021224,2024,610021224,2,19,0,16,5,8,0,0,0,0,0,0,1,1,6,1,49,8,-1,-1,-1,-1,3,1,W01001546,0
Unvalidated,2024610021324,2024,610021324,1,19,0,4,7,3,9,0,0,0,0,0,0,1,6,3,-1,-1,-1,-1,-1,-1,-1,-1,-1,0
Unvalidated,2024610021324,2024,610021324,2,1,0,18,7,3,0,0,0,0,1,11,1,1,6,1,10,2,-1,-1,-1,-1,4,1,W01001523,0
Unvalidated,2024610021424,2024,610021424,1,20,0,18,8,4,0,0,0,0,0,0,2,1,1,3,-1,-1,-1,-1,-1,-1,-1,-1,-1,0
Unvalidated,2024610021524,2024,610021524,1,90,0,18,8,4,0,0,0,0,0,0,1,1,6,1,37,7,-1,-1,-1,-1,6,1,W01001458,0
Unvalidated,2024610021524,2024,610021524,2,9,0,17,4,1,0,0,0,0,0,0,1,1,6,1,44,7,-1,-1,-1,-1,2,1,W01001693,0
Unvalidated,2024610021624,2024,610021624,1,9,0,8,8,4,0,1,0,0,0,0,2,1,6,1,38,7,-1,-1,-1,-1,10,1,W01001194,0
Unvalidated,2024610021624,2024,610021624,2,9,0,18,8,4,0,1,0,0,0,0,1,1,6,2,54,8,-1,-1,-1,-1,8,1,W01001654,0
Unvalidated,2024610021624,2024,610021624,3,19,0,18,8,4,0,1,0,0,0,0,1,1,6,1,38,7,-1,-1,-1,-1,5,1,W01001350,0
Unvalidated,2024610021724,2024,610021724,1,9,0,18,3,7,0,3,0,0,0,0,4,1,6,2,29,6,-1,-1,-1,-1,6,1,W01001587,0
Unvalidated,2024610021724,2024,610021724,2,1,0,18,5,1,0,4,0,0,0,0,1,1,6,1,-1,-1,-1,-1,-1,-1,5,1,E01014642,0
Unvalidated,2024610021824,2024,610021824,1,1,0,16,1,4,0,3,0,4,0,0,1,1,6,1,38,7,-1,-1,-1,-1,5,1,W01001603,0
Unvalidated,2024610021824,2024,610021824,2,19,0,2,0,0,0,2,0,0,0,0,2,1,6,3,-1,-1,-1,-1,-1,-1,-1,-1,-1,0
Unvalidated,2024610021924,2024,610021924,1,19,0,17,5,2,0,8,1,0,0,0,1,1,1,1,55,8,-1,-1,-1,-1,5,1,E01018853,0
Unvalidated,2024610021924,2024,610021924,2,19,0,4,6,2,0,8,0,0,0,0,2,1,1,1,28,6,-1,-1,-1,-1,9,1,W01001631,0
Unvalidated,2024610022024,2024,610022024,1,3,0,18,7,3,0,0,0,0,0,0,1,1,6,1,26,6,-1,-1,-1,-1,2,1,W01001402,0
Unvalidated,2024610022024,2024,610022024,2,9,0,3,7,3,0,0,0,0,0,0,2,1,6,1,49,8,-1,-1,-1,-1,2,2,W01001332,0
Unvalidated,2024610022124,2024,610022124,1,9,0,17,2,7,0,0,0,0,0,0,4,1,6,1,-1,-1,-1,-1,-1,-1,-1,-1,-1,0
Unvalidated,2024610022124,2024,610022124,2,90,0,5,8,4,0,0,0,0,0,0,1,1,6,1,10,2,-1,-1,-1,-1,4,1,W01001405,1
Unvalidated,2024610022224,2024,610022224,1,9,0,9,4,3,0,8,0,0,7,11,1,1,6,2,88,11,-1,-1,-1,-1,3,1,W01001454,0
Unvalidated,2024610022324,2024,610022324,1,9,0,18,1,5,0,8,0,0,0,0,3,1,6,1,-1,-1,-1,-1,-1,-1,-1,-1,-1,0
Unvalidated,2024610022324,2024,610022324,2,3,0,18,5,1,0,8,0,0,0,0,3,1,6,1,39,7,-1,-1,-1,-1,10,1,W01001604,0
Unvalidated,2024610022424,2024,610022424,1,9,0,5,6,2,0,1,0,0,0,0,1,1,6,1,21,5,-1,-1,-1,-1,3,1,W01001338,0
Unvalidated,2024610022424,2024,610022424,2,9,0,18,3,7,0,1,0,0,0,0,1,1,6,1,43,7,-1,-1,-1,-1,2,1,W01001352,0
Unvalidated,2024610022524,2024,610022524,1,9,0,18,3,7,0,0,0,0,0,0,1,1,6,1,22,5,-1,-1,-1,-1,2,3,W01001385,0
Unvalidated,2024610022524,2024,610022524,2,3,0,6,3,3,0,0,0,0,1,0,1,1,1,1,26,6,-1,-1,-1,-1,10,1,W01001543,0
Unvalidated,2024610022624,2024,610022624,1,9,0,9,4,2,0,8,5,10,0,0,3,1,2,2,31,6,-1,-1,-1,-1,6,1,W01001263,0
Unvalidated,2024610022724,2024,610022724,1,9,0,18,5,1,0,8,0,0,0,0,3,1,6,1,33,6,-1,-1,-1,-1,9,1,W01001770,0
Unvalidated,2024610022724,2024,610022724,2,4,0,18,5,1,0,8,0,0,3,1,4,1,6,1,36,7,-1,-1,-1,-1,2,1,W01001529,0
Unvalidated,2024610022824,2024,610022824,1,11,0,4,5,1,0,1,0,0,0,0,1,1,1,1,34,6,-1,-1,-1,-1,9,1,W01001653,0
Unvalidated,2024610022824,2024,610022824,2,1,0,18,2,6,0,6,0,0,0,0,1,1,6,1,12,3,-1,-1,-1,-1,4,1,W01001329,0
Unvalidated,2024610022924,2024,610022924,1,9,0,1,1,5,0,1,0,0,0,0,2,1,6,3,-1,-1,-1,-1,-1,-1,-1,-1,-1,0
Unvalidated,2024610023024,2024,610023024,1,5,0,18,6,2,0,0,1,0,1,0,0,1,6,1,31,6,-1,-1,-1,-1,9,1,W01000998,0
Unvalidated,2024610023124,2024,610023124,1,9,0,18,5,1,0,0,0,0,0,0,1,1,6,2,59,9,-1,-1,-1,-1,3,2,W01001460,0
Unvalidated,2024610023224,2024,610023224,1,9,0,18,5,1,0,8,1,0,0,0,1,1,6,1,18,4,-1,-1,-1,-1,10,1,W01001512,0
Unvalidated,2024610023224,2024,610023224,2,9,0,18,7,3,0,8,2,0,0,0,3,1,6,1,32,6,-1,-1,-1,-1,3,1,W01001461,0
Unvalidated,2024622400009,2024,622400009,1,8,0,18,5,1,0,2,0,4,0,0,1,1,6,1,36,7,-1,-1,-1,-1,2,1,E01025229,0
Unvalidated,2024622400009,2024,622400009,2,9,0,2,0,0,0,1,0,0,0,0,1,1,6,3,-1,-1,-1,-1,-1,-1,-1,-1,-1,0
Unvalidated,2024622400010,2024,622400010,1,9,0,9,5,3,0,1,0,0,0,0,1,1,6,2,26,6,-1,-1,-1,-1,8,1,W01001888,0
Unvalidated,2024622400013,2024,622400013,1,9,0,18,6,2,0,0,5,0,0,0,0,1,6,1,34,6,-1,-1,-1,-1,6,2,W01001058,0
Unvalidated,2024622400014,2024,622400014,1,9,0,18,3,7,0,0,0,0,0,0,1,1,2,2,25,5,-1,-1,-1,-1,8,2,W01001914,0
Unvalidated,2024622400016,2024,622400016,1,9,0,18,8,4,0,1,0,0,0,0,3,1,6,1,42,7,-1,-1,-1,-1,3,1,W01000865,0
Unvalidated,2024622400017,2024,622400017,1,19,0,12,6,2,0,0,0,0,0,0,3,1,6,1,36,7,-1,-1,-1,-1,9,1,W01001133,0
Unvalidated,2024622400017,2024,622400017,2,9,0,18,6,2,0,0,0,0,0,0,1,1,6,1,32,6,-1,-1,-1,-1,9,2,W01001072,0
Unvalidated,2024622400018,2024,622400018,1,9,0,18,6,2,0,0,0,4,0,0,1,1,6,2,83,11,-1,-1,-1,-1,8,1,W01001888,0
Unvalidated,2024622400018,2024,622400018,2,9,0,2,0,0,0,0,0,0,0,0,2,1,6,2,43,7,-1,-1,-1,-1,9,1,W01001770,0
Unvalidated,2024622400019,2024,622400019,1,9,0,1,7,3,0,0,0,0,0,0,2,1,1,1,36,7,-1,-1,-1,-1,1,1,W01001696,0
Unvalidated,2024622400020,2024,622400020,1,9,0,4,3,7,0,8,0,0,1,7,2,1,6,1,87,11,-1,-1,-1,-1,9,1,W01001134,0
Unvalidated,2024622400020,2024,622400020,2,9,0,3,3,7,0,8,0,0,0,0,2,1,6,2,22,5,-1,-1,-1,-1,5,1,W01001477,0
Unvalidated,2024622400021,2024,622400021,1,9,0,18,8,4,0,1,0,0,0,0,1,1,6,1,64,9,-1,-1,-1,-1,1,1,W01001169,0
Unvalidated,2024622400021,2024,622400021,2,9,0,7,6,8,0,1,0,0,0,0,1,1,6,1,29,6,-1,-1,-1,-1,1,1,W01001169,0
Unvalidated,2024622400023,2024,622400023,1,9,0,8,4,6,0,5,0,0,0,0,3,1,6,2,26,6,-1,-1,-1,-1,3,1,W01001875,0
Unvalidated,2024622400023,2024,622400023,2,1,0,18,8,4,0,2,0,0,0,0,1,1,6,1,31,6,-1,-1,-1,-1,3,1,W01001869,0
Unvalidated,2024622400024,2024,622400024,1,9,0,18,2,6,0,0,0,0,0,0,1,1,6,1,78,11,-1,-1,-1,-1,3,1,W01001812,0
Unvalidated,2024622400027,2024,622400027,1,9,0,4,3,7,0,3,0,0,0,0,3,1,1,1,25,5,-1,-1,-1,-1,4,1,W01000760,0
Unvalidated,2024622400030,2024,622400030,1,9,0,5,3,7,0,8,0,0,0,0,1,1,6,1,22,5,-1,-1,-1,-1,10,1,W01000770,0
Unvalidated,2024622400030,2024,622400030,2,3,0,18,8,4,0,1,0,0,0,0,1,1,1,1,18,4,-1,-1,-1,-1,3,2,W01001025,0
Unvalidated,2024622400035,2024,622400035,1,9,0,18,2,6,0,0,0,4,0,0,1,1,6,1,73,10,-1,-1,-1,-1,1,2,W01001274,0
Unvalidated,2024622400035,2024,622400035,2,19,0,2,0,0,0,0,0,0,0,0,1,1,6,3,-1,-1,-1,-1,-1,-1,-1,-1,-1,0
Unvalidated,2024622400036,2024,622400036,1,9,0,16,8,4,0,0,1,0,0,0,1,1,6,1,21,5,-1,-1,-1,-1,3,1,W01001137,0
Unvalidated,2024622400037,2024,622400037,1,9,0,9,7,4,0,5,0,0,0,0,1,1,6,2,35,6,-1,-1,-1,-1,1,1,W01000849,0
Unvalidated,2024622400038,2024,622400038,1,9,0,18,6,2,0,4,0,0,0,0,1,1,1,1,51,8,-1,-1,-1,-1,8,3,W01000917,0
Unvalidated,2024622400038,2024,622400038,2,1,0,18,8,4,0,8,0,0,0,0,1,1,6,1,16,4,-1,-1,-1,-1,7,1,W01000813,0