status,collision_index,collision_year,collision_reference,vehicle_reference,vehicle_type,towing_and_articulation,vehicle_manoeuvre,vehicle_direction_from,vehicle_direction_to,vehicle_location_restricted_lane,junction_location,skidding_and_overturning,hit_object_in_carriageway,vehicle_leaving_carriageway,hit_object_off_carriageway,first_point_of_impact,vehicle_left_hand_drive,journey_purpose_of_driver,sex_of_driver,age_of_driver,age_band_of_driver,engine_capacity_cc,propulsion_code,age_of_vehicle,generic_make_model,driver_imd_decile,driver_home_area_type,lsoa_of_driver,escooter_flag
Unvalidated,2024622400039,2024,622400039,1,19,0,18,8,4,0,1,0,4,0,0,1,1,1,1,32,6,-1,-1,-1,-1,8,1,W01000892,0
Unvalidated,2024622400039,2024,622400039,2,19,0,2,0,0,0,1,1,0,0,0,2,1,1,3,-1,-1,-1,-1,-1,-1,-1,-1,-1,0
Unvalidated,2024622400041,2024,622400041,1,9,0,9,2,8,0,1,0,0,0,0,1,1,1,2,22,5,-1,-1,-1,-1,4,1,W01001155,0
Unvalidated,2024622400042,2024,622400042,1,9,0,17,4,8,0,0,0,0,2,6,3,1,2,2,23,5,-1,-1,-1,-1,9,2,W01001284,0
Unvalidated,2024622400042,2024,622400042,2,9,0,17,4,8,0,0,0,0,0,0,1,1,2,2,42,7,-1,-1,-1,-1,5,2,W01001291,0
Unvalidated,2024622400043,2024,622400043,1,9,0,9,3,1,0,2,0,0,0,0,3,1,2,1,20,4,-1,-1,-1,-1,9,1,W01001890,0
Unvalidated,2024622400044,2024,622400044,1,2,0,18,8,4,0,8,0,0,0,0,1,1,6,1,44,7,-1,-1,-1,-1,6,1,W01001129,0
Unvalidated,2024622400044,2024,622400044,2,9,0,9,4,2,0,8,0,0,0,0,4,1,6,2,33,6,-1,-1,-1,-1,10,1,W01001130,0
Unvalidated,2024622400045,2024,622400045,1,9,0,18,1,5,0,0,1,0,1,4,1,1,6,2,21,5,-1,-1,-1,-1,9,3,W01001135,0
Unvalidated,2024622400046,2024,622400046,1,9,0,18,2,6,0,1,0,0,0,0,1,1,6,2,29,6,-1,-1,-1,-1,-1,1,-1,0
Unvalidated,2024622400047,2024,622400047,1,9,0,18,2,6,0,0,1,0,0,0,1,1,6,1,33,6,-1,-1,-1,-1,9,1,W01001844,0
Unvalidated,2024622400048,2024,622400048,1,9,0,18,4,8,0,0,0,0,0,0,1,1,6,2,24,5,-1,-1,-1,-1,1,1,W01001169,0
Unvalidated,2024622400049,2024,622400049,1,9,0,18,2,6,0,4,0,0,0,0,1,1,6,1,53,8,-1,-1,-1,-1,4,2,W01000893,0
Unvalidated,2024622400049,2024,622400049,2,4,0,18,7,4,0,8,0,0,0,0,4,1,6,1,44,7,-1,-1,-1,-1,8,1,W01000876,0
Unvalidated,2024622400050,2024,622400050,1,9,0,8,6,2,0,1,0,0,0,0,2,1,1,2,50,8,-1,-1,-1,-1,5,2,W01001007,0
Unvalidated,2024622400050,2024,622400050,2,9,0,5,6,2,0,1,0,0,0,0,1,1,1,1,21,5,-1,-1,-1,-1,2,1,W01000745,0
Unvalidated,2024622400051,2024,622400051,1,9,0,18,4,8,0,1,0,0,0,0,1,1,6,2,48,8,-1,-1,-1,-1,2,1,W01000811,0
Unvalidated,2024622400051,2024,622400051,2,22,0,18,6,2,0,1,0,0,0,0,4,1,6,2,79,11,-1,-1,-1,-1,2,1,W01000834,0
Unvalidated,2024622400052,2024,622400052,1,9,0,6,2,2,0,0,0,0,0,0,4,1,6,1,24,5,-1,-1,-1,-1,2,1,W01001765,0
Unvalidated,2024622400052,2024,622400052,2,1,0,18,2,6,0,0,0,0,0,0,1,1,6,1,50,8,-1,-1,-1,-1,6,1,W01001839,0
Unvalidated,2024622400053,2024,622400053,1,9,0,18,4,8,0,1,0,0,0,0,1,1,6,2,33,6,-1,-1,-1,-1,1,3,W01001303,0
Unvalidated,2024622400053,2024,622400053,2,9,0,3,4,8,0,1,0,0,0,0,2,1,6,1,34,6,-1,-1,-1,-1,3,1,W01001140,0
Unvalidated,2024622400053,2024,622400053,3,9,0,3,4,8,0,1,0,0,0,0,2,1,6,2,36,7,-1,-1,-1,-1,4,1,W01001149,0
Unvalidated,2024622400054,2024,622400054,1,19,0,5,4,8,0,1,0,0,0,0,1,1,2,1,50,8,-1,-1,-1,-1,2,1,W01001690,0
Unvalidated,2024622400054,2024,622400054,2,1,0,18,2,6,0,1,0,0,0,0,1,1,6,1,30,6,-1,-1,-1,-1,3,1,W01001311,0
Unvalidated,2024622400055,2024,622400055,1,9,0,18,1,5,0,1,0,0,1,0,4,1,6,2,57,9,-1,-1,-1,-1,10,1,W01001730,0
Unvalidated,2024622400055,2024,622400055,2,9,0,9,3,1,0,1,0,0,0,0,2,1,6,2,18,4,-1,-1,-1,-1,7,1,W01001891,0
Unvalidated,2024622400056,2024,622400056,1,21,0,5,6,2,0,4,0,0,0,0,1,1,1,1,36,7,-1,-1,-1,-1,3,2,W01000987,0
Unvalidated,2024622400056,2024,622400056,2,9,0,5,6,2,0,4,0,0,0,0,2,1,6,2,31,6,-1,-1,-1,-1,1,3,W01000977,0
Unvalidated,2024622400058,2024,622400058,1,9,0,18,8,4,0,4,0,0,0,0,3,1,1,1,29,6,-1,-1,-1,-1,2,1,W01001035,0
Unvalidated,2024622400058,2024,622400058,2,9,0,18,8,4,0,8,0,0,0,0,1,1,6,2,19,4,-1,-1,-1,-1,3,2,W01000987,0
Unvalidated,2024622400060,2024,622400060,1,9,0,18,6,2,0,1,0,0,0,0,1,1,6,2,17,4,-1,-1,-1,-1,10,1,W01001112,0
Unvalidated,2024622400060,2024,622400060,2,9,0,10,6,4,0,5,0,0,0,0,2,1,6,1,69,10,-1,-1,-1,-1,9,1,W01001107,0
Unvalidated,2024622400065,2024,622400065,1,9,0,18,6,2,0,0,0,0,0,0,1,1,6,1,70,10,-1,-1,-1,-1,1,1,W01000934,0
Unvalidated,2024622400065,2024,622400065,2,9,0,18,2,6,0,0,0,0,0,0,1,1,6,1,64,9,-1,-1,-1,-1,1,1,W01000939,0
Unvalidated,2024622400066,2024,622400066,1,19,0,18,2,6,0,1,0,0,0,0,1,1,6,3,-1,-1,-1,-1,-1,-1,-1,-1,-1,0
Unvalidated,2024622400066,2024,622400066,2,9,0,3,2,6,0,1,0,0,0,0,2,1,6,2,41,7,-1,-1,-1,-1,10,1,W01001843,0
Unvalidated,2024622400071,2024,622400071,1,9,0,18,4,8,0,3,0,0,1,4,1,1,6,1,28,6,-1,-1,-1,-1,4,1,W01001314,0
Unvalidated,2024622400072,2024,622400072,1,19,0,17,4,8,0,1,0,0,1,0,1,1,6,1,48,8,-1,-1,-1,-1,4,1,W01000809,0
Unvalidated,2024622400073,2024,622400073,1,9,0,9,8,6,0,6,0,0,0,0,1,1,6,1,34,6,-1,-1,-1,-1,8,1,W01000843,0
Unvalidated,2024622400073,2024,622400073,2,5,0,18,6,2,0,1,0,0,0,0,1,1,6,1,60,9,-1,-1,-1,-1,6,1,W01000774,0
Unvalidated,2024622400074,2024,622400074,1,9,0,3,4,8,0,1,0,0,0,0,2,1,1,1,36,7,-1,-1,-1,-1,2,1,W01000745,0
Unvalidated,2024622400075,2024,622400075,1,19,0,18,8,4,0,1,0,0,0,0,1,1,1,1,23,5,-1,-1,-1,-1,6,1,W01001726,0
Unvalidated,2024622400075,2024,622400075,2,9,0,18,5,2,0,8,0,0,0,0,4,1,2,2,20,4,-1,-1,-1,-1,6,3,W01001366,0
Unvalidated,2024622400076,2024,622400076,1,9,0,9,2,8,0,1,0,0,0,0,3,1,6,1,74,10,-1,-1,-1,-1,-1,-1,-1,0
Unvalidated,2024622400076,2024,622400076,2,9,0,18,2,6,0,1,0,9,0,0,1,1,6,2,65,9,-1,-1,-1,-1,6,2,W01000918,0
Unvalidated,2024622400077,2024,622400077,1,21,0,18,4,8,0,0,0,0,0,0,1,1,1,1,48,8,-1,-1,-1,-1,7,1,W01001230,0
Unvalidated,2024622400077,2024,622400077,2,9,0,3,4,8,0,0,0,0,0,0,2,1,6,2,58,9,-1,-1,-1,-1,5,1,W01000995,0
Unvalidated,2024622400077,2024,622400077,3,9,0,3,4,8,0,0,0,0,0,0,3,1,6,1,56,9,-1,-1,-1,-1,3,1,W01000897,0
Unvalidated,2024622400078,2024,622400078,1,9,0,18,2,6,0,0,0,0,0,0,1,1,2,1,36,7,-1,-1,-1,-1,1,1,W01000812,0
Unvalidated,2024622400079,2024,622400079,1,9,0,18,6,3,0,3,0,0,0,0,1,1,6,2,55,8,-1,-1,-1,-1,7,1,W01001316,0
Unvalidated,2024622400080,2024,622400080,1,19,0,18,7,3,0,0,0,0,0,0,1,1,1,2,28,6,-1,-1,-1,-1,4,1,W01000947,0
Unvalidated,2024622400080,2024,622400080,2,9,0,18,7,3,0,0,0,0,0,0,2,1,6,1,49,8,-1,-1,-1,-1,6,1,W01001809,0
Unvalidated,2024622400080,2024,622400080,3,9,0,18,7,3,0,0,0,0,0,0,2,1,6,1,58,9,-1,-1,-1,-1,8,1,W01001757,0
Unvalidated,2024622400081,2024,622400081,1,9,0,18,6,2,0,0,0,0,0,0,1,1,6,2,43,7,-1,-1,-1,-1,1,1,W01000814,0
Unvalidated,2024622400082,2024,622400082,1,9,0,18,4,8,0,0,0,0,0,0,1,1,6,1,43,7,-1,-1,-1,-1,1,1,W01001173,0
Unvalidated,2024622400082,2024,622400082,2,9,0,3,4,8,0,0,0,0,0,0,2,1,6,1,33,6,-1,-1,-1,-1,5,1,W01001088,0
Unvalidated,2024622400082,2024,622400082,3,9,0,3,4,8,0,0,0,0,0,0,2,1,6,1,30,6,-1,-1,-1,-1,3,2,W01001249,0
Unvalidated,2024622400083,2024,622400083,1,19,0,18,4,8,0,8,0,0,0,0,2,1,1,1,20,4,-1,-1,-1,-1,6,1,W01001726,0
Unvalidated,2024622400083,2024,622400083,2,1,0,18,2,6,0,8,0,0,0,0,1,1,6,1,30,6,-1,-1,-1,-1,2,1,W01001768,0
Unvalidated,2024622400084,2024,622400084,1,8,0,18,2,6,0,0,0,0,0,0,1,1,1,1,48,8,-1,-1,-1,-1,2,1,W01001785,0
Unvalidated,2024622400085,2024,622400085,1,3,0,18,2,7,0,8,0,0,0,0,1,1,2,1,18,4,-1,-1,-1,-1,5,2,W01001291,0
Unvalidated,2024622400085,2024,622400085,2,9,0,18,4,8,0,4,0,0,0,0,2,1,6,1,21,5,-1,-1,-1,-1,4,2,W01001158,0
Unvalidated,2024622400086,2024,622400086,1,9,0,18,5,1,0,8,0,0,0,0,1,1,6,1,18,4,-1,-1,-1,-1,9,1,W01000815,0
Unvalidated,2024622400086,2024,622400086,2,9,0,18,7,3,0,8,0,0,0,0,1,1,6,1,47,8,-1,-1,-1,-1,7,1,W01001028,0
Unvalidated,2024622400087,2024,622400087,1,9,0,9,7,4,0,8,0,0,0,0,1,1,1,1,31,6,-1,-1,-1,-1,4,1,W01001262,0
Unvalidated,2024622400087,2024,622400087,2,9,0,18,2,6,0,8,0,0,0,0,1,1,6,1,19,4,-1,-1,-1,-1,3,1,W01001285,0
Unvalidated,2024622400087,2024,622400087,3,9,0,18,2,6,0,8,0,0,0,0,1,1,6,2,32,6,-1,-1,-1,-1,1,2,W01001180,0
Unvalidated,2024622400088,2024,622400088,1,8,0,18,7,3,0,8,0,0,0,0,1,1,6,1,80,11,-1,-1,-1,-1,9,2,W01001160,0
Unvalidated,2024622400088,2024,622400088,2,9,0,18,1,5,0,4,0,0,0,0,4,1,6,1,46,8,-1,-1,-1,-1,2,1,W01001015,0
Unvalidated,2024622400089,2024,622400089,1,9,0,18,8,4,0,0,1,0,1,4,1,1,6,1,25,5,-1,-1,-1,-1,4,1,W01001092,0
Unvalidated,2024622400090,2024,622400090,1,8,0,18,4,8,0,4,0,0,0,0,1,1,6,2,39,7,-1,-1,-1,-1,9,3,W01001136,0
Unvalidated,2024622400090,2024,622400090,2,9,0,18,6,2,0,3,0,0,0,0,3,1,6,2,27,6,-1,-1,-1,-1,6,1,W01001824,0
Unvalidated,2024622400091,2024,622400091,1,3,0,18,2,6,0,1,0,0,0,0,0,1,4,1,18,4,-1,-1,-1,-1,9,3,W01001119,0
Unvalidated,2024622400091,2024,622400091,2,9,0,9,4,2,0,5,0,0,0,0,1,1,1,1,54,8,-1,-1,-1,-1,9,2,W01001072,0
Unvalidated,2024622400092,2024,622400092,1,9,0,9,8,6,0,5,0,0,0,0,4,1,6,1,20,4,-1,-1,-1,-1,1,1,W01001881,0
Unvalidated,2024622400094,2024,622400094,1,9,0,18,2,7,0,0,0,0,0,0,1,1,6,1,80,11,-1,-1,-1,-1,9,2,W01001082,0
Unvalidated,2024622400095,2024,622400095,1,9,0,18,8,4,0,1,0,0,0,0,1,1,6,2,48,8,-1,-1,-1,-1,4,1,W01001168,0
Unvalidated,2024622400095,2024,622400095,2,9,0,10,4,2,0,1,0,0,1,0,1,1,6,1,45,7,-1,-1,-1,-1,4,1,W01001149,0
Unvalidated,2024622400096,2024,622400096,1,9,0,18,2,6,0,0,0,4,0,0,1,1,6,1,86,11,-1,-1,-1,-1,10,1,W01000860,0
Unvalidated,2024622400096,2024,622400096,2,9,0,2,0,0,0,0,0,0,0,0,4,1,6,3,-1,-1,-1,-1,-1,-1,-1,-1,-1,0
Unvalidated,2024622400097,2024,622400097,1,9,0,9,8,6,0,5,0,0,0,0,3,1,6,1,76,11,-1,-1,-1,-1,10,1,W01000880,0
Unvalidated,2024622400098,2024,622400098,1,9,0,18,2,6,0,1,0,0,0,0,0,1,6,1,63,9,-1,-1,-1,-1,9,3,W01000737,0
Unvalidated,2024622400098,2024,622400098,2,9,0,9,6,4,0,8,2,0,0,0,4,1,2,1,44,7,-1,-1,-1,-1,2,1,W01000659,0
Unvalidated,2024622400099,2024,622400099,1,9,0,9,6,4,0,1,0,0,0,0,1,1,6,1,82,11,-1,-1,-1,-1,1,1,W01000963,0
Unvalidated,2024622400099,2024,622400099,2,9,0,18,8,4,0,8,0,0,0,0,3,1,6,2,38,7,-1,-1,-1,-1,2,1,W01000895,0
Unvalidated,2024622400100,2024,622400100,1,19,0,18,4,8,0,0,0,0,0,0,1,1,6,1,29,6,-1,-1,-1,-1,8,1,W01000917,0
Unvalidated,2024622400100,2024,622400100,2,9,0,18,8,4,0,0,0,0,0,0,1,1,6,1,23,5,-1,-1,-1,-1,6,3,W01000803,0
Unvalidated,2024622400101,2024,622400101,1,9,0,18,4,8,0,0,0,0,0,0,1,1,6,2,26,6,-1,-1,-1,-1,4,1,W01000948,0
Unvalidated,2024622400101,2024,622400101,2,19,0,18,4,8,0,0,0,0,0,0,2,1,6,1,29,6,-1,-1,-1,-1,10,1,W01000785,0
Unvalidated,2024622400101,2024,622400101,3,19,0,18,4,8,0,0,0,0,0,0,2,1,6,1,38,7,-1,-1,-1,-1,4,1,W01000754,0
Unvalidated,2024622400101,2024,622400101,4,19,0,18,4,8,0,0,0,0,0,0,2,1,6,1,54,8,-1,-1,-1,-1,5,1,W01000946,0
Unvalidated,2024622400102,2024,622400102,1,19,0,18,8,4,0,3,0,0,7,2,1,1,1,1,49,8,-1,-1,-1,-1,3,1,W01001051,0
Unvalidated,2024622400103,2024,622400103,1,9,0,16,4,8,0,0,0,0,1,11,1,1,1,1,19,4,-1,-1,-1,-1,10,1,W01001106,0
Unvalidated,2024622400103,2024,622400103,2,9,0,17,8,4,0,0,0,0,0,0,1,1,6,1,81,11,-1,-1,-1,-1,4,3,W01000953,0
Unvalidated,2024622400104,2024,622400104,1,9,0,17,7,3,0,0,0,0,0,0,2,1,1,2,26,6,-1,-1,-1,-1,5,1,W01001717,0
Unvalidated,2024622400104,2024,622400104,2,9,0,18,7,3,0,0,0,0,0,0,1,1,1,2,31,6,-1,-1,-1,-1,-1,-1,-1,0
Unvalidated,2024622400105,2024,622400105,1,9,0,18,6,2,0,0,5,0,0,0,0,1,6,1,61,9,-1,-1,-1,-1,4,3,W01000944,0
Unvalidated,2024622400106,2024,622400106,1,9,0,5,3,7,0,4,0,0,0,0,1,1,6,1,25,5,-1,-1,-1,-1,1,1,W01001696,0
Unvalidated,2024622400106,2024,622400106,2,5,0,3,3,7,0,4,0,0,0,0,2,1,6,1,40,7,-1,-1,-1,-1,3,1,W01001767,0
Unvalidated,2024622400107,2024,622400107,1,9,0,18,7,4,0,1,0,0,0,0,1,1,6,1,88,11,-1,-1,-1,-1,5,1,W01001164,0
Unvalidated,2024622400107,2024,622400107,2,1,0,9,3,8,0,6,0,0,0,0,4,1,6,2,30,6,-1,-1,-1,-1,2,2,W01001255,0
Unvalidated,2024622400108,2024,622400108,1,9,0,18,1,5,0,1,0,4,0,0,4,1,6,1,94,11,-1,-1,-1,-1,6,1,W01001756,0
Unvalidated,2024622400108,2024,622400108,2,9,0,10,1,5,0,1,0,0,0,0,3,1,6,2,45,7,-1,-1,-1,-1,4,1,W01001832,0
Unvalidated,2024622400108,2024,622400108,3,9,0,2,0,0,0,1,0,0,0,0,2,1,6,3,-1,-1,-1,-1,-1,-1,-1,-1,-1,0
Unvalidated,2024622400108,2024,622400108,4,9,0,2,0,0,0,1,0,0,0,0,1,1,6,3,-1,-1,-1,-1,-1,-1,-1,-1,-1,0
Unvalidated,2024622400108,2024,622400108,5,9,0,2,0,0,0,1,0,0,0,0,1,1,6,2,38,7,-1,-1,-1,-1,8,1,W01001758,0
Unvalidated,2024622400109,2024,622400109,1,9,0,1,6,2,0,1,0,0,0,0,2,1,6,1,29,6,-1,-1,-1,-1,1,1,W01001873,0
Unvalidated,2024622400110,2024,622400110,1,9,0,6,5,5,0,0,0,0,0,0,3,1,6,1,40,7,-1,-1,-1,-1,4,1,W01001182,0
Unvalidated,2024622400110,2024,622400110,2,5,0,14,5,2,0,0,0,0,0,0,1,1,1,1,-1,-1,-1,-1,-1,-1,9,2,W01001820,0
Unvalidated,2024622400111,2024,622400111,1,98,0,7,2,4,0,2,0,0,0,0,1,1,1,1,43,7,-1,-1,-1,-1,5,1,W01001273,0
Unvalidated,2024622400111,2024,622400111,2,3,0,18,8,4,0,1,0,0,0,0,1,1,6,1,23,5,-1,-1,-1,-1,8,1,W01001214,0
Unvalidated,2024622400112,2024,622400112,1,9,0,18,8,4,0,4,0,0,1,0,1,1,6,2,76,11,-1,-1,-1,-1,6,1,W01001814,0
Unvalidated,2024622400112,2024,622400112,2,9,0,7,7,2,0,3,0,0,0,0,1,1,6,1,71,10,-1,-1,-1,-1,10,1,W01001194,0
Unvalidated,2024622400113,2024,622400113,1,9,0,17,3,8,0,8,1,0,1,11,1,1,6,1,17,4,-1,-1,-1,-1,4,1,W01001065,0
Unvalidated,2024622400113,2024,622400113,2,9,0,17,3,8,0,8,0,0,0,0,0,1,1,3,-1,-1,-1,-1,-1,-1,-1,-1,-1,0
Unvalidated,2024622400114,2024,622400114,1,9,0,18,4,8,0,0,0,0,0,0,1,1,6,1,24,5,-1,-1,-1,-1,9,1,W01001041,0
Unvalidated,2024622400114,2024,622400114,2,9,0,18,4,8,0,0,0,0,0,0,2,1,2,2,42,7,-1,-1,-1,-1,2,1,W01000942,0
Unvalidated,2024622400115,2024,622400115,1,8,0,4,7,3,0,2,0,0,0,0,3,1,1,1,71,10,-1,-1,-1,-1,9,1,W01001196,0
Unvalidated,2024622400116,2024,622400116,1,9,0,18,8,4,0,4,0,0,0,0,1,1,6,1,38,7,-1,-1,-1,-1,1,1,W01000830,0
Unvalidated,2024622400116,2024,622400116,2,9,0,9,4,2,0,8,0,0,0,0,1,1,1,2,23,5,-1,-1,-1,-1,2,1,W01000790,0
Unvalidated,2024622400117,2024,622400117,1,9,0,18,7,3,0,0,1,0,0,0,1,1,6,1,19,4,-1,-1,-1,-1,8,1,W01001011,0
Unvalidated,2024622400117,2024,622400117,2,9,0,18,7,3,0,0,0,0,0,0,2,1,6,1,26,6,-1,-1,-1,-1,7,1,W01001507,0
Unvalidated,2024622400118,2024,622400118,1,9,0,9,1,7,0,2,0,0,0,0,1,1,6,3,-1,-1,-1,-1,-1,-1,-1,-1,-1,0
Unvalidated,2024622400119,2024,622400119,1,9,0,18,6,2,0,1,0,0,0,0,1,1,6,2,18,4,-1,-1,-1,-1,2,1,W01000788,0
Unvalidated,2024622400121,2024,622400121,1,5,0,12,2,6,0,0,1,0,0,0,3,1,1,1,64,9,-1,-1,-1,-1,9,1,W01001041,0
Unvalidated,2024622400121,2024,622400121,2,19,0,18,2,6,0,0,0,0,0,0,4,1,1,1,30,6,-1,-1,-1,-1,6,2,W01000986,0
Unvalidated,2024622400122,2024,622400122,1,9,0,18,5,1,0,0,0,0,0,0,1,1,6,2,54,8,-1,-1,-1,-1,9,3,W01001729,0
Unvalidated,2024622400122,2024,622400122,2,9,0,4,5,1,0,0,0,0,0,0,2,1,6,2,37,7,-1,-1,-1,-1,8,1,W01001724,0
Unvalidated,2024622400123,2024,622400123,1,9,0,9,2,8,0,8,0,0,0,0,1,2,6,2,66,10,-1,-1,-1,-1,10,1,W01001779,0
Unvalidated,2024622400123,2024,622400123,2,1,0,18,2,8,0,1,0,0,0,0,1,1,6,1,21,5,-1,-1,-1,-1,7,3,E01031938,0
Unvalidated,2024622400124,2024,622400124,1,9,0,18,4,8,0,0,0,0,1,0,1,1,2,1,58,9,-1,-1,-1,-1,4,1,W01001235,0
Unvalidated,2024622400124,2024,622400124,2,9,0,18,4,8,0,0,0,0,0,0,2,1,2,1,47,8,-1,-1,-1,-1,5,1,W01001350,0
Unvalidated,2024622400125,2024,622400125,1,9,0,18,6,2,0,1,0,0,0,0,1,1,6,1,37,7,-1,-1,-1,-1,8,1,W01000877,0
Unvalidated,2024622400126,2024,622400126,1,9,0,5,8,3,0,0,0,0,0,0,3,1,6,1,24,5,-1,-1,-1,-1,10,2,W01001120,0
Unvalidated,2024622400126,2024,622400126,2,9,0,18,7,3,0,0,0,0,0,0,4,1,6,1,35,6,-1,-1,-1,-1,2,1,W01001079,0
Unvalidated,2024622400127,2024,622400127,1,9,0,17,6,2,0,0,1,0,2,4,1,1,6,1,25,5,-1,-1,-1,-1,6,1,W01001814,0
Unvalidated,2024622400128,2024,622400128,1,9,0,5,1,5,0,8,0,7,1,1,1,1,6,2,37,7,-1,-1,-1,-1,2,1,W01000762,0
Unvalidated,2024622400129,2024,622400129,1,9,0,4,6,2,0,1,0,0,0,0,1,1,6,1,33,6,-1,-1,-1,-1,1,1,W01001166,0
Unvalidated,2024622400130,2024,622400130,1,21,0,18,8,4,0,0,0,0,0,0,1,1,1,1,36,7,-1,-1,-1,-1,7,1,W01000997,0
Unvalidated,2024622400130,2024,622400130,2,9,0,11,8,4,0,0,1,0,4,6,2,1,6,2,65,9,-1,-1,-1,-1,3,1,W01001045,0
Unvalidated,2024622400131,2024,622400131,1,9,0,18,4,8,0,1,0,0,0,0,3,1,6,2,35,6,-1,-1,-1,-1,1,1,W01000833,0
Unvalidated,2024622400131,2024,622400131,2,9,0,17,6,2,0,1,0,0,0,0,1,1,6,1,35,6,-1,-1,-1,-1,-1,1,-1,0
Unvalidated,2024622400132,2024,622400132,1,4,0,17,6,3,0,0,1,0,0,0,3,1,2,1,25,5,-1,-1,-1,-1,1,1,W01000991,0
Unvalidated,2024622400133,2024,622400133,1,9,0,18,4,8,0,1,0,0,0,0,0,1,6,1,26,6,-1,-1,-1,-1,1,1,W01001698,0
Unvalidated,2024622400133,2024,622400133,2,1,0,4,4,8,0,1,0,0,0,0,2,1,6,1,34,6,-1,-1,-1,-1,3,1,W01001875,0
Unvalidated,2024622400134,2024,622400134,1,9,0,17,4,8,0,0,0,0,1,4,1,1,6,1,20,4,-1,-1,-1,-1,1,1,W01001266,0
Unvalidated,2024622400135,2024,622400135,1,9,0,1,8,4,0,0,0,0,0,0,2,1,6,2,43,7,-1,-1,-1,-1,10,3,W01001083,0
Unvalidated,2024622400136,2024,622400136,1,8,0,18,8,4,0,0,0,0,0,0,1,1,1,2,62,9,-1,-1,-1,-1,1,1,W01001708,0
Unvalidated,2024622400136,2024,622400136,2,8,0,4,8,4,0,0,0,0,0,0,2,1,1,2,27,6,-1,-1,-1,-1,-1,-1,-1,0
Unvalidated,2024622400137,2024,622400137,1,9,0,18,8,4,0,1,0,0,0,0,1,1,6,1,57,9,-1,-1,-1,-1,7,1,E01001472,0
Unvalidated,2024622400137,2024,622400137,2,9,0,5,6,2,0,1,0,0,0,0,1,1,6,1,30,6,-1,-1,-1,-1,7,2,W01001118,0
Unvalidated,2024622400138,2024,622400138,1,3,0,16,7,3,0,0,0,4,0,0,1,1,2,1,28,6,-1,-1,-1,-1,2,1,W01000756,0
Unvalidated,2024622400138,2024,622400138,2,9,0,2,0,0,0,0,0,0,0,0,2,1,6,3,-1,-1,-1,-1,-1,-1,-1,-1,-1,0
Unvalidated,2024622400139,2024,622400139,1,1,0,5,8,4,0,1,0,0,0,0,1,1,6,3,-1,-1,-1,-1,-1,-1,-1,-1,-1,0
Unvalidated,2024622400140,2024,622400140,1,9,0,18,4,8,0,8,2,7,1,6,1,1,6,2,18,4,-1,-1,-1,-1,3,1,W01001435,0
Unvalidated,2024622400141,2024,622400141,1,9,0,18,8,4,0,0,0,0,0,0,1,1,6,2,33,6,-1,-1,-1,-1,4,1,W01000749,0
Unvalidated,2024622400141,2024,622400141,2,21,0,18,8,4,0,0,0,0,0,0,2,1,1,1,49,8,-1,-1,-1,-1,5,1,E01025035,0
Unvalidated,2024622400142,2024,622400142,1,9,0,18,8,4,0,0,0,4,0,0,0,1,6,2,83,11,-1,-1,-1,-1,7,1,W01001228,0
Unvalidated,2024622400142,2024,622400142,2,9,0,18,4,8,0,0,0,0,0,0,1,1,6,2,40,7,-1,-1,-1,-1,7,1,W01001228,0
Unvalidated,2024622400142,2024,622400142,3,9,0,2,0,0,0,0,0,0,0,0,3,1,6,3,-1,-1,-1,-1,-1,-1,-1,-1,-1,0
Unvalidated,2024622400143,2024,622400143,1,9,0,5,8,4,0,0,0,0,0,0,1,1,6,1,28,6,-1,-1,-1,-1,3,1,W01001870,0
Unvalidated,2024622400144,2024,622400144,1,9,0,18,2,5,0,2,0,4,0,0,0,1,6,1,20,4,-1,-1,-1,-1,9,3,W01001105,0
Unvalidated,2024622400145,2024,622400145,1,9,0,18,4,8,0,1,0,4,0,0,1,1,6,1,79,11,-1,-1,-1,-1,2,1,W01001785,0
Unvalidated,2024622400145,2024,622400145,2,9,0,18,4,8,0,1,0,0,0,0,2,1,6,2,74,10,-1,-1,-1,-1,1,1,W01001788,0
Unvalidated,2024622400145,2024,622400145,3,19,0,2,0,0,0,1,0,0,0,0,4,1,6,3,-1,-1,-1,-1,-1,-1,-1,-1,-1,0
Unvalidated,2024622400145,2024,622400145,4,9,0,2,0,0,0,1,0,0,0,0,4,1,6,3,-1,-1,-1,-1,-1,-1,-1,-1,-1,0
Unvalidated,2024622400146,2024,622400146,1,19,0,9,4,2,0,8,0,0,0,0,1,1,1,1,37,7,-1,-1,-1,-1,7,1,W01000798,0
Unvalidated,2024622400146,2024,622400146,2,9,0,3,4,8,0,1,0,0,0,0,2,1,6,1,50,8,-1,-1,-1,-1,4,1,W01000809,0
Unvalidated,2024622400147,2024,622400147,1,9,0,18,8,4,0,3,0,0,0,0,2,1,6,2,65,9,-1,-1,-1,-1,8,2,W01001012,0
Unvalidated,2024622400148,2024,622400148,1,9,0,18,4,8,0,0,0,0,0,0,1,1,6,3,-1,-1,-1,-1,-1,-1,-1,-1,-1,0
Unvalidated,2024622400148,2024,622400148,2,1,0,18,4,8,0,0,0,0,0,0,2,1,2,1,52,8,-1,-1,-1,-1,2,2,W01001255,0