status,collision_index,collision_year,collision_reference,vehicle_reference,vehicle_type,towing_and_articulation,vehicle_manoeuvre,vehicle_direction_from,vehicle_direction_to,vehicle_location_restricted_lane,junction_location,skidding_and_overturning,hit_object_in_carriageway,vehicle_leaving_carriageway,hit_object_off_carriageway,first_point_of_impact,vehicle_left_hand_drive,journey_purpose_of_driver,sex_of_driver,age_of_driver,age_band_of_driver,engine_capacity_cc,propulsion_code,age_of_vehicle,generic_make_model,driver_imd_decile,driver_home_area_type,lsoa_of_driver,escooter_flag
Unvalidated,2024622400149,2024,622400149,1,9,0,18,2,6,0,0,0,0,0,0,4,1,6,2,27,6,-1,-1,-1,-1,4,1,W01000749,0
Unvalidated,2024622400150,2024,622400150,1,9,0,18,7,3,0,0,0,4,0,0,1,1,2,2,18,4,-1,-1,-1,-1,1,1,W01001221,0
Unvalidated,2024622400150,2024,622400150,2,90,0,2,0,0,0,0,0,0,0,0,2,1,6,3,-1,-1,-1,-1,-1,-1,-1,-1,-1,0
Unvalidated,2024622400151,2024,622400151,1,9,0,18,4,8,0,1,0,0,0,0,1,1,6,1,22,5,-1,-1,-1,-1,1,1,W01001308,0
Unvalidated,2024622400151,2024,622400151,2,9,0,3,4,8,0,1,0,0,0,0,2,1,4,1,35,6,-1,-1,-1,-1,7,1,W01001316,0
Unvalidated,2024622400152,2024,622400152,1,9,0,18,4,8,0,0,0,0,0,0,1,1,6,2,25,5,-1,-1,-1,-1,6,3,W01000671,0
Unvalidated,2024622400152,2024,622400152,2,9,0,4,4,8,0,0,0,0,0,0,2,1,6,2,33,6,-1,-1,-1,-1,4,1,W01001001,0
Unvalidated,2024622400153,2024,622400153,1,3,0,18,2,6,0,1,0,0,0,0,0,1,6,2,17,4,-1,-1,-1,-1,6,3,W01000701,0
Unvalidated,2024622400153,2024,622400153,2,19,0,5,4,8,0,1,0,0,0,0,4,1,1,1,40,7,-1,-1,-1,-1,2,1,W01000838,0
Unvalidated,2024622400154,2024,622400154,1,9,0,5,4,8,0,2,0,0,0,0,1,1,6,3,-1,-1,-1,-1,-1,-1,-1,-1,-1,0
Unvalidated,2024622400154,2024,622400154,2,90,0,18,2,6,0,1,0,0,0,0,0,1,6,1,15,3,-1,-1,-1,-1,9,1,W01001107,1
Unvalidated,2024622400155,2024,622400155,1,9,0,18,5,1,0,0,0,0,1,11,1,1,6,1,46,8,-1,-1,-1,-1,2,1,W01000801,0
Unvalidated,2024622400156,2024,622400156,1,9,0,18,4,7,0,1,0,10,1,0,1,1,6,1,19,4,-1,-1,-1,-1,3,1,W01001695,0
Unvalidated,2024622400158,2024,622400158,1,21,0,18,4,8,0,0,0,0,0,0,1,1,1,1,35,6,-1,-1,-1,-1,3,2,W01001278,0
Unvalidated,2024622400158,2024,622400158,2,9,0,18,4,8,0,0,0,0,0,0,2,1,6,1,29,6,-1,-1,-1,-1,10,2,W01001819,0
Unvalidated,2024622400158,2024,622400158,3,9,0,18,4,8,0,0,0,0,0,0,4,1,6,2,31,6,-1,-1,-1,-1,2,2,W01001255,0
Unvalidated,2024622400159,2024,622400159,1,9,0,18,2,6,0,1,0,0,0,0,1,1,6,3,-1,-1,-1,-1,-1,-1,-1,-1,-1,0
Unvalidated,2024622400160,2024,622400160,1,9,0,18,8,4,0,2,0,0,0,0,1,1,2,2,54,8,-1,-1,-1,-1,3,1,W01001080,0
Unvalidated,2024622400161,2024,622400161,1,9,0,18,8,4,0,0,2,0,0,0,1,1,1,1,23,5,-1,-1,-1,-1,2,1,W01001094,0
Unvalidated,2024622400161,2024,622400161,2,19,0,18,8,4,0,0,0,0,0,0,2,1,1,1,50,8,-1,-1,-1,-1,4,3,W01001158,0
Unvalidated,2024622400162,2024,622400162,1,9,0,18,4,8,0,5,0,10,3,0,1,1,6,1,32,6,-1,-1,-1,-1,9,3,W01000998,0
Unvalidated,2024622400162,2024,622400162,2,9,0,2,0,0,0,1,0,4,0,0,1,1,6,3,-1,-1,-1,-1,-1,-1,-1,-1,-1,0
Unvalidated,2024622400162,2024,622400162,3,9,0,2,0,0,0,1,0,0,0,0,2,1,6,3,-1,-1,-1,-1,-1,-1,-1,-1,-1,0
Unvalidated,2024622400162,2024,622400162,4,9,0,2,0,0,0,1,0,0,0,0,2,1,6,3,-1,-1,-1,-1,-1,-1,-1,-1,-1,0
Unvalidated,2024622400163,2024,622400163,1,4,0,18,3,6,0,0,0,0,0,0,1,1,1,1,50,8,-1,-1,-1,-1,3,3,W01001009,0
Unvalidated,2024622400163,2024,622400163,2,9,0,4,3,7,0,0,0,0,0,0,2,1,6,1,37,7,-1,-1,-1,-1,5,1,W01000971,0
Unvalidated,2024622400164,2024,622400164,1,9,0,17,2,6,0,0,1,0,7,9,4,1,6,1,17,4,-1,-1,-1,-1,3,2,W01001898,0
Unvalidated,2024622400165,2024,622400165,1,9,0,18,6,2,0,3,0,7,0,0,1,1,3,2,52,8,-1,-1,-1,-1,3,1,W01000907,0
Unvalidated,2024622400165,2024,622400165,2,9,0,18,2,6,0,4,0,0,0,0,2,1,6,3,-1,-1,-1,-1,-1,-1,-1,-1,-1,0
Unvalidated,2024622400166,2024,622400166,1,9,0,18,8,4,0,4,0,0,0,0,1,1,1,1,-1,-1,-1,-1,-1,-1,6,2,W01000974,0
Unvalidated,2024622400166,2024,622400166,2,9,0,18,7,2,0,8,0,0,0,0,4,1,6,2,23,5,-1,-1,-1,-1,8,3,W01000933,0
Unvalidated,2024622400167,2024,622400167,1,9,0,16,8,4,0,1,0,0,0,0,1,1,6,2,56,9,-1,-1,-1,-1,9,1,W01001729,0
Unvalidated,2024622400167,2024,622400167,2,9,0,16,4,8,0,3,0,0,0,0,1,1,6,2,68,10,-1,-1,-1,-1,7,1,W01001754,0
Unvalidated,2024622400169,2024,622400169,1,9,0,9,4,1,0,5,0,0,0,0,4,1,6,1,26,6,-1,-1,-1,-1,3,1,W01001711,0
Unvalidated,2024622400169,2024,622400169,2,1,0,18,8,4,0,8,0,0,0,0,1,1,6,1,16,4,-1,-1,-1,-1,9,1,W01001743,0
Unvalidated,2024622400171,2024,622400171,1,9,0,18,4,8,0,0,0,0,0,0,1,1,6,3,-1,-1,-1,-1,-1,-1,-1,-1,-1,0
Unvalidated,2024622400172,2024,622400172,1,9,0,9,4,7,0,0,0,0,0,0,1,1,6,2,22,5,-1,-1,-1,-1,3,1,W01001216,0
Unvalidated,2024622400172,2024,622400172,2,1,0,9,1,4,0,0,0,0,0,0,1,1,6,1,77,11,-1,-1,-1,-1,1,1,W01001174,0
Unvalidated,2024622400173,2024,622400173,1,9,0,18,4,8,0,0,0,0,0,0,1,1,6,2,33,6,-1,-1,-1,-1,-1,-1,-1,0
Unvalidated,2024622400173,2024,622400173,2,9,0,18,4,8,0,0,0,0,0,0,2,1,6,2,51,8,-1,-1,-1,-1,10,1,W01001780,0
Unvalidated,2024622400173,2024,622400173,3,9,0,17,4,8,0,0,0,0,0,0,2,1,6,2,22,5,-1,-1,-1,-1,8,3,W01000610,0
Unvalidated,2024622400174,2024,622400174,1,9,0,18,3,7,0,0,0,0,0,0,1,1,6,1,52,8,-1,-1,-1,-1,4,1,W01000746,0
Unvalidated,2024622400175,2024,622400175,1,19,0,5,6,2,0,8,0,0,0,0,1,1,6,1,47,8,-1,-1,-1,-1,7,1,W01001817,0
Unvalidated,2024622400176,2024,622400176,1,9,0,18,8,4,0,0,1,0,1,0,1,1,6,1,18,4,-1,-1,-1,-1,8,1,W01001789,0
Unvalidated,2024622400176,2024,622400176,2,9,0,18,3,8,0,0,0,0,0,0,1,1,6,1,52,8,-1,-1,-1,-1,10,1,W01001850,0
Unvalidated,2024622400177,2024,622400177,1,90,0,18,6,2,0,8,0,0,0,0,1,1,2,1,18,4,-1,-1,-1,-1,1,1,W01001867,1
Unvalidated,2024622400177,2024,622400177,2,9,0,9,8,6,0,6,0,0,0,0,1,1,2,1,31,6,-1,-1,-1,-1,2,1,W01001803,0
Unvalidated,2024622400178,2024,622400178,1,9,0,17,8,5,0,0,0,4,1,4,1,1,6,1,18,4,-1,-1,-1,-1,4,1,W01000891,0
Unvalidated,2024622400178,2024,622400178,2,8,0,2,0,0,0,0,0,0,0,0,2,1,1,1,56,9,-1,-1,-1,-1,2,1,W01000967,0
Unvalidated,2024622400179,2024,622400179,1,9,0,18,4,8,0,1,0,7,1,11,1,1,6,1,27,6,-1,-1,-1,-1,5,2,W01001291,0
Unvalidated,2024622400180,2024,622400180,1,10,0,4,6,2,0,1,0,0,0,0,2,1,6,1,66,10,-1,-1,-1,-1,3,1,W01001051,0
Unvalidated,2024622400181,2024,622400181,1,9,0,18,1,6,0,0,0,0,0,0,0,1,6,1,37,7,-1,-1,-1,-1,2,1,W01001765,0
Unvalidated,2024622400181,2024,622400181,2,9,0,3,2,6,0,0,0,0,0,0,1,1,6,1,73,10,-1,-1,-1,-1,10,1,W01001086,0
Unvalidated,2024622400181,2024,622400181,3,9,0,3,2,6,0,0,0,0,0,0,1,1,6,2,79,11,-1,-1,-1,-1,10,1,W01001784,0
Unvalidated,2024622400181,2024,622400181,4,9,0,3,2,6,0,0,0,0,0,0,2,1,6,1,52,8,-1,-1,-1,-1,10,1,W01001090,0
Unvalidated,2024622400182,2024,622400182,1,10,0,18,5,1,0,1,0,0,0,0,1,1,1,1,62,9,-1,-1,-1,-1,7,1,W01000873,0
Unvalidated,2024622400182,2024,622400182,2,9,0,18,5,1,0,1,0,0,0,0,2,1,6,2,18,4,-1,-1,-1,-1,2,1,W01000818,0
Unvalidated,2024622400182,2024,622400182,3,9,0,18,5,1,0,1,0,0,0,0,2,1,6,1,72,10,-1,-1,-1,-1,5,1,W01000765,0
Unvalidated,2024622400182,2024,622400182,4,19,0,18,5,1,0,1,0,0,0,0,2,1,1,1,41,7,-1,-1,-1,-1,6,1,W01000779,0
Unvalidated,2024622400183,2024,622400183,1,9,0,18,6,2,0,0,1,0,0,0,1,1,6,1,27,6,-1,-1,-1,-1,1,1,W01001740,0
Unvalidated,2024622400183,2024,622400183,2,9,0,1,2,6,0,0,0,0,0,0,2,1,6,1,42,7,-1,-1,-1,-1,1,1,W01001703,0
Unvalidated,2024622400184,2024,622400184,1,9,0,1,2,6,0,0,0,0,0,0,2,1,6,1,55,8,-1,-1,-1,-1,8,3,W01000472,0
Unvalidated,2024622400185,2024,622400185,1,9,0,5,7,3,0,1,0,0,0,0,1,1,6,2,39,7,-1,-1,-1,-1,5,1,W01001878,0
Unvalidated,2024622400186,2024,622400186,1,9,0,16,4,8,0,0,0,0,0,0,1,1,6,2,18,4,-1,-1,-1,-1,1,1,W01001881,0
Unvalidated,2024622400186,2024,622400186,2,9,0,17,7,4,0,0,0,0,0,0,1,1,6,1,41,7,-1,-1,-1,-1,10,2,W01001819,0
Unvalidated,2024622400187,2024,622400187,1,9,0,13,6,2,0,0,0,0,0,0,1,1,6,1,38,7,-1,-1,-1,-1,10,1,W01001847,0
Unvalidated,2024622400187,2024,622400187,2,9,0,18,2,6,0,0,0,0,0,0,1,1,6,1,75,10,-1,-1,-1,-1,10,3,W01001090,0
Unvalidated,2024622400188,2024,622400188,1,9,0,11,2,6,0,1,0,0,0,0,4,1,6,1,29,6,-1,-1,-1,-1,10,1,W01001771,0
Unvalidated,2024622400188,2024,622400188,2,9,0,18,2,6,0,1,0,10,1,0,4,1,3,2,47,8,-1,-1,-1,-1,5,1,W01001717,0
Unvalidated,2024622400189,2024,622400189,1,9,0,9,8,6,0,8,0,0,0,0,1,1,6,2,55,8,-1,-1,-1,-1,2,1,W01000951,0
Unvalidated,2024622400189,2024,622400189,2,9,0,18,4,8,0,8,1,0,0,0,1,1,6,2,39,7,-1,-1,-1,-1,4,1,W01001050,0
Unvalidated,2024622400190,2024,622400190,1,9,0,18,3,7,0,2,0,0,0,0,1,1,6,3,-1,-1,-1,-1,-1,-1,-1,-1,-1,0
Unvalidated,2024622400191,2024,622400191,1,5,0,18,5,1,0,1,0,0,0,0,1,1,6,1,29,6,-1,-1,-1,-1,2,1,W01001751,0
Unvalidated,2024622400191,2024,622400191,2,9,0,9,7,4,0,6,0,0,0,0,2,1,6,2,28,6,-1,-1,-1,-1,8,1,W01001752,0
Unvalidated,2024622400192,2024,622400192,1,9,0,15,6,2,0,0,0,0,0,0,1,1,6,1,27,6,-1,-1,-1,-1,1,1,W01001873,0
Unvalidated,2024622400192,2024,622400192,2,9,0,18,6,2,0,0,0,0,0,0,1,1,6,2,32,6,-1,-1,-1,-1,8,1,E01026136,0
Unvalidated,2024622400193,2024,622400193,1,9,0,18,2,6,0,0,0,0,8,3,1,1,2,2,35,6,-1,-1,-1,-1,10,1,W01000904,0
Unvalidated,2024622400194,2024,622400194,1,9,0,18,2,6,0,0,0,0,0,0,0,1,6,2,82,11,-1,-1,-1,-1,8,1,W01001836,0
Unvalidated,2024622400195,2024,622400195,1,9,0,18,5,2,0,1,0,0,0,0,4,1,3,1,38,7,-1,-1,-1,-1,9,1,W01001126,0
Unvalidated,2024622400197,2024,622400197,1,9,0,18,2,6,0,0,0,0,0,0,0,1,6,2,58,9,-1,-1,-1,-1,7,1,W01000758,0
Unvalidated,2024622400197,2024,622400197,2,9,0,15,2,6,0,0,0,0,0,0,2,1,6,3,-1,-1,-1,-1,-1,-1,-1,-1,-1,0
Unvalidated,2024622400198,2024,622400198,1,9,0,17,8,4,0,0,2,10,1,4,3,1,6,1,19,4,-1,-1,-1,-1,9,2,W01001159,0
Unvalidated,2024622400199,2024,622400199,1,3,0,18,6,2,0,0,1,0,0,0,1,1,6,1,29,6,-1,-1,-1,-1,1,1,W01000962,0
Unvalidated,2024622400199,2024,622400199,2,9,0,18,6,2,0,0,0,0,0,0,3,1,6,1,53,8,-1,-1,-1,-1,1,1,W01000962,0
Unvalidated,2024622400200,2024,622400200,1,23,0,18,4,8,0,1,0,0,0,0,1,1,6,3,-1,-1,-1,-1,-1,-1,-1,-1,-1,0
Unvalidated,2024622400201,2024,622400201,1,9,0,17,5,2,0,0,0,0,0,0,4,1,6,1,54,8,-1,-1,-1,-1,6,1,W01001195,0
Unvalidated,2024622400201,2024,622400201,2,9,0,16,2,6,0,0,0,0,0,0,1,1,6,1,21,5,-1,-1,-1,-1,10,1,W01001193,0
Unvalidated,2024622400202,2024,622400202,1,9,0,18,8,4,0,4,0,0,0,0,3,1,6,1,58,9,-1,-1,-1,-1,10,2,W01001006,0
Unvalidated,2024622400202,2024,622400202,2,1,0,18,8,4,0,8,0,0,0,0,4,1,6,1,58,9,-1,-1,-1,-1,1,1,W01001762,0
Unvalidated,2024622400203,2024,622400203,1,9,0,9,2,8,0,1,0,0,0,0,1,1,6,2,26,6,-1,-1,-1,-1,5,3,W01001143,0
Unvalidated,2024622400203,2024,622400203,2,9,0,18,8,4,0,8,0,0,0,0,1,1,6,1,21,5,-1,-1,-1,-1,7,2,W01001157,0
Unvalidated,2024622400204,2024,622400204,1,9,0,7,5,7,0,8,0,0,0,0,4,1,6,2,64,9,-1,-1,-1,-1,10,1,W01000880,0
Unvalidated,2024622400205,2024,622400205,1,9,0,5,6,2,0,0,0,0,0,0,1,1,6,1,65,9,-1,-1,-1,-1,9,1,W01000943,0
Unvalidated,2024622400206,2024,622400206,1,9,0,18,8,4,0,1,0,0,0,0,2,1,6,2,24,5,-1,-1,-1,-1,4,1,W01001148,0
Unvalidated,2024622400207,2024,622400207,1,9,0,18,2,6,0,0,0,0,0,0,1,1,6,2,34,6,-1,-1,-1,-1,1,1,W01000896,0
Unvalidated,2024622400207,2024,622400207,2,9,0,17,2,6,0,0,0,0,0,0,2,1,6,2,70,10,-1,-1,-1,-1,2,1,W01000940,0
Unvalidated,2024622400208,2024,622400208,1,19,0,18,8,4,0,1,0,0,0,0,1,1,1,1,41,7,-1,-1,-1,-1,3,1,W01001261,0
Unvalidated,2024622400209,2024,622400209,1,9,0,18,1,5,0,1,0,0,0,0,0,1,6,2,25,5,-1,-1,-1,-1,6,1,W01001305,0
Unvalidated,2024622400209,2024,622400209,2,9,0,9,1,8,0,1,0,0,0,0,3,1,6,2,31,6,-1,-1,-1,-1,6,1,W01001305,0
Unvalidated,2024622400210,2024,622400210,1,1,0,18,5,1,0,0,0,0,0,0,1,1,6,1,39,7,-1,-1,-1,-1,8,1,W01000892,0
Unvalidated,2024622400211,2024,622400211,1,9,0,18,4,8,0,0,0,0,0,0,1,1,6,3,-1,-1,-1,-1,-1,-1,-1,-1,-1,0
Unvalidated,2024622400211,2024,622400211,2,9,0,5,8,3,0,0,0,0,0,0,1,1,6,1,55,8,-1,-1,-1,-1,2,2,W01001275,0
Unvalidated,2024622400212,2024,622400212,1,97,0,18,4,8,0,4,0,0,0,0,1,1,6,1,25,5,-1,-1,-1,-1,1,1,W01001201,0
Unvalidated,2024622400213,2024,622400213,1,18,0,18,3,7,0,0,0,0,0,0,1,1,1,1,58,9,-1,-1,-1,-1,5,1,W01001187,0
Unvalidated,2024622400213,2024,622400213,2,9,0,4,3,7,0,0,0,0,1,6,2,1,6,1,73,10,-1,-1,-1,-1,8,1,W01001781,0
Unvalidated,2024622400214,2024,622400214,1,9,0,5,5,1,0,4,0,0,0,0,1,1,6,1,25,5,-1,-1,-1,-1,3,3,W01001898,0
Unvalidated,2024622400214,2024,622400214,2,9,0,3,5,1,0,4,0,0,0,0,2,1,6,1,51,8,-1,-1,-1,-1,2,1,W01000960,0
Unvalidated,2024622400215,2024,622400215,1,3,0,16,6,2,0,0,0,0,0,0,1,1,6,2,46,8,-1,-1,-1,-1,1,1,W01000836,0
Unvalidated,2024622400215,2024,622400215,2,9,0,17,2,6,0,0,0,0,0,0,1,1,6,2,24,5,-1,-1,-1,-1,9,1,W01000807,0
Unvalidated,2024622400216,2024,622400216,1,9,0,18,4,8,0,0,0,0,7,0,1,1,6,3,-1,-1,-1,-1,-1,-1,-1,-1,-1,0
Unvalidated,2024622400217,2024,622400217,1,9,0,18,6,2,0,1,0,0,0,0,1,1,6,1,36,7,-1,-1,-1,-1,5,1,W01001829,0
Unvalidated,2024622400217,2024,622400217,2,9,0,3,2,6,0,1,0,0,0,0,1,1,1,1,43,7,-1,-1,-1,-1,2,1,W01001785,0
Unvalidated,2024622400218,2024,622400218,1,9,0,18,6,2,0,1,0,0,0,0,3,1,6,1,72,10,-1,-1,-1,-1,8,1,W01001030,0
Unvalidated,2024622400218,2024,622400218,2,8,0,10,6,2,0,1,0,0,0,0,4,1,1,1,52,8,-1,-1,-1,-1,8,1,W01001030,0
Unvalidated,2024622400219,2024,622400219,1,9,0,18,5,1,0,0,5,0,0,0,1,1,6,1,77,11,-1,-1,-1,-1,1,1,W01001813,0
Unvalidated,2024622400219,2024,622400219,2,8,0,2,0,0,0,0,0,0,0,0,2,1,6,1,36,7,-1,-1,-1,-1,5,1,W01001825,0
Unvalidated,2024622400220,2024,622400220,1,9,0,7,6,8,0,3,1,0,1,0,1,1,6,1,35,6,-1,-1,-1,-1,2,1,W01001805,0
Unvalidated,2024622400221,2024,622400221,1,9,0,9,6,3,0,5,0,0,0,0,4,1,6,1,50,8,-1,-1,-1,-1,3,1,W01001711,0
Unvalidated,2024622400221,2024,622400221,2,9,0,18,2,6,0,8,0,0,0,0,4,1,6,1,23,5,-1,-1,-1,-1,2,1,W01001862,0
Unvalidated,2024622400222,2024,622400222,1,9,0,1,8,4,0,0,0,0,7,0,2,1,6,3,-1,-1,-1,-1,-1,-1,-1,-1,-1,0
Unvalidated,2024622400222,2024,622400222,2,9,0,16,4,8,0,0,0,0,0,0,1,1,1,1,-1,-1,-1,-1,-1,-1,9,2,W01001820,0
Unvalidated,2024622400223,2024,622400223,1,9,0,18,4,8,0,0,0,0,0,0,1,1,2,1,22,5,-1,-1,-1,-1,3,1,W01001286,0
Unvalidated,2024622400223,2024,622400223,2,9,0,4,4,8,0,0,0,0,0,0,2,2,6,3,-1,-1,-1,-1,-1,-1,-1,-1,-1,0
Unvalidated,2024622400224,2024,622400224,1,9,0,7,6,1,0,2,0,0,0,0,1,1,6,1,25,5,-1,-1,-1,-1,3,1,W01001167,0
Unvalidated,2024622400225,2024,622400225,1,9,0,9,6,4,0,8,0,0,0,0,3,1,6,1,58,9,-1,-1,-1,-1,1,1,W01001707,0
Unvalidated,2024622400225,2024,622400225,2,90,0,18,8,4,0,8,0,0,0,0,1,1,6,1,16,4,-1,-1,-1,-1,1,1,W01001707,1
Unvalidated,2024622400226,2024,622400226,1,8,0,7,8,2,0,5,0,10,1,11,1,1,1,2,30,6,-1,-1,-1,-1,2,1,W01000744,0
Unvalidated,2024622400227,2024,622400227,1,1,0,18,8,4,0,0,0,0,0,0,0,1,6,1,41,7,-1,-1,-1,-1,9,1,W01001104,0
Unvalidated,2024622400227,2024,622400227,2,9,0,4,8,4,0,0,0,0,0,0,1,1,6,1,43,7,-1,-1,-1,-1,9,1,W01001104,0
Unvalidated,2024622400228,2024,622400228,1,9,0,18,4,8,0,0,0,0,0,0,1,1,6,1,87,11,-1,-1,-1,-1,10,1,W01001798,0
Unvalidated,2024622400228,2024,622400228,2,1,0,18,8,4,0,0,0,0,0,0,1,1,6,1,21,5,-1,-1,-1,-1,6,1,W01001824,0
Unvalidated,2024622400229,2024,622400229,1,9,0,18,8,4,0,0,1,0,0,0,1,1,6,3,-1,-1,-1,-1,-1,-1,-1,-1,-1,0
Unvalidated,2024622400229,2024,622400229,2,9,0,2,0,0,0,0,0,0,0,0,3,1,6,2,41,7,-1,-1,-1,-1,2,2,W01000924,0
Unvalidated,2024622400230,2024,622400230,1,9,0,18,1,5,0,0,0,0,0,0,1,1,6,1,61,9,-1,-1,-1,-1,5,1,W01000909,0
Unvalidated,2024622400231,2024,622400231,1,9,0,18,4,8,0,0,0,0,1,0,0,1,6,3,-1,-1,-1,-1,-1,-1,-1,-1,-1,0
Unvalidated,2024622400232,2024,622400232,1,9,0,18,8,4,0,4,0,0,0,0,1,1,1,2,46,8,-1,-1,-1,-1,10,1,W01000904,0
Unvalidated,2024622400232,2024,622400232,2,1,0,18,8,4,0,2,0,0,0,0,1,1,6,1,63,9,-1,-1,-1,-1,10,1,W01000904,0
Unvalidated,2024622400233,2024,622400233,1,9,0,18,3,6,0,1,0,0,0,0,2,1,6,3,-1,-1,-1,-1,-1,-1,-1,-1,-1,0
Unvalidated,2024622400234,2024,622400234,1,9,0,18,6,2,0,0,0,0,0,0,2,1,6,1,30,6,-1,-1,-1,-1,3,1,W01001322,0
Unvalidated,2024622400234,2024,622400234,2,9,0,18,6,2,0,0,0,0,0,0,1,1,6,1,65,9,-1,-1,-1,-1,3,1,W01001290,0
Unvalidated,2024622400235,2024,622400235,1,21,0,7,1,4,0,5,0,0,0,0,4,1,1,1,50,8,-1,-1,-1,-1,5,1,W01001096,0
Unvalidated,2024622400235,2024,622400235,2,9,0,18,1,5,0,1,0,0,0,0,3,1,6,1,62,9,-1,-1,-1,-1,1,1,W01001857,0
Unvalidated,2024622400236,2024,622400236,1,9,0,5,6,2,0,1,0,0,0,0,1,1,6,1,34,6,-1,-1,-1,-1,9,1,W01000859,0
Unvalidated,2024622400236,2024,622400236,2,9,0,18,8,4,0,1,0,0,0,0,3,1,6,1,57,9,-1,-1,-1,-1,1,3,W01000738,0
Unvalidated,2024622400237,2024,622400237,1,9,0,18,8,4,0,0,0,0,0,0,1,1,6,1,83,11,-1,-1,-1,-1,1,1,W01000935,0
Unvalidated,2024622400237,2024,622400237,2,9,0,18,8,4,0,0,0,0,0,0,2,1,6,2,53,8,-1,-1,-1,-1,3,1,W01000897,0
Unvalidated,2024622400237,2024,622400237,3,9,0,18,8,4,0,0,0,0,0,0,2,1,6,1,34,6,-1,-1,-1,-1,5,1,W01000909,0
Unvalidated,2024622400238,2024,622400238,1,9,0,18,8,4,0,0,1,0,1,4,1,1,6,1,29,6,-1,-1,-1,-1,1,1,W01000742,0
Unvalidated,2024622400239,2024,622400239,1,9,0,4,4,8,0,7,0,0,0,0,1,1,6,3,-1,-1,-1,-1,-1,-1,-1,-1,-1,0
Unvalidated,2024622400239,2024,622400239,2,9,0,4,4,8,0,7,0,0,0,0,2,1,6,2,37,7,-1,-1,-1,-1,4,1,W01000753,0
Unvalidated,2024622400240,2024,622400240,1,5,0,13,3,7,0,0,0,0,7,4,1,1,6,1,51,8,-1,-1,-1,-1,10,1,W01001919,0
Unvalidated,2024622400240,2024,622400240,2,9,0,18,3,7,0,0,0,0,0,0,0,1,6,1,32,6,-1,-1,-1,-1,1,1,W01001073,0
Unvalidated,2024622400241,2024,622400241,1,9,0,7,3,5,0,8,0,0,0,0,1,1,6,2,64,9,-1,-1,-1,-1,6,1,W01001147,0
Unvalidated,2024622400241,2024,622400241,2,9,0,4,3,7,0,8,0,0,0,0,2,1,6,1,37,7,-1,-1,-1,-1,1,1,W01001209,0
Unvalidated,2024622400242,2024,622400242,1,1,0,18,5,2,0,8,0,0,0,0,3,1,6,1,34,6,-1,-1,-1,-1,1,1,W01001704,0
Unvalidated,2024622400242,2024,622400242,2,9,0,9,1,7,0,5,0,0,0,0,1,1,6,1,24,5,-1,-1,-1,-1,1,1,W01001738,0
Unvalidated,2024622400243,2024,622400243,1,9,0,18,2,6,0,0,0,0,1,2,1,1,2,2,42,7,-1,-1,-1,-1,2,1,W01001805,0
Unvalidated,2024622400244,2024,622400244,1,3,0,17,6,2,0,0,0,0,1,7,1,1,6,1,21,5,-1,-1,-1,-1,4,1,W01001270,0
Unvalidated,2024622400245,2024,622400245,1,19,0,18,6,2,0,1,0,0,0,0,1,1,1,3,-1,-1,-1,-1,-1,-1,-1,-1,-1,0
Unvalidated,2024622400245,2024,622400245,2,3,0,18,6,2,0,1,0,0,0,0,0,1,2,1,56,9,-1,-1,-1,-1,6,2,W01000986,0
Unvalidated,2024622400246,2024,622400246,1,5,0,16,4,8,0,0,0,0,1,6,1,1,6,1,61,9,-1,-1,-1,-1,4,1,W01001001,0
Unvalidated,2024622400247,2024,622400247,1,3,0,4,8,4,0,0,1,0,0,0,1,1,1,1,19,4,-1,-1,-1,-1,4,1,W01001248,0
Unvalidated,2024622400248,2024,622400248,1,9,0,18,6,2,0,0,0,0,0,0,1,1,1,2,52,8,-1,-1,-1,-1,4,1,W01001050,0
Unvalidated,2024622400249,2024,622400249,1,9,0,4,8,3,0,4,0,0,0,0,1,1,6,3,-1,-1,-1,-1,-1,-1,-1,-1,-1,0
Unvalidated,2024622400249,2024,622400249,2,9,0,10,8,3,0,4,0,0,0,0,2,1,2,2,42,7,-1,-1,-1,-1,10,1,W01000785,0
Unvalidated,2024622400250,2024,622400250,1,9,0,18,2,6,0,0,0,0,0,0,1,1,6,1,60,9,-1,-1,-1,-1,5,1,W01000740,0
Unvalidated,2024622400251,2024,622400251,1,9,0,18,4,8,0,0,0,0,0,0,4,1,6,2,25,5,-1,-1,-1,-1,2,1,W01000844,0
Unvalidated,2024622400251,2024,622400251,2,9,0,4,8,6,0,0,0,0,0,0,1,1,6,2,36,7,-1,-1,-1,-1,10,1,W01000837,0
Unvalidated,2024622400253,2024,622400253,1,9,0,18,2,6,0,0,0,0,0,0,3,1,6,2,44,7,-1,-1,-1,-1,1,1,W01001857,0
Unvalidated,2024622400253,2024,622400253,2,90,0,18,5,1,0,0,0,0,0,0,0,1,6,2,43,7,-1,-1,-1,-1,1,1,W01001857,0
Unvalidated,2024622400254,2024,622400254,1,9,0,9,4,2,0,8,0,0,0,0,3,1,6,2,28,6,-1,-1,-1,-1,4,1,W01000809,0
Unvalidated,2024622400254,2024,622400254,2,9,0,18,8,4,0,8,0,0,0,0,1,1,6,1,18,4,-1,-1,-1,-1,5,1,W01000747,0