status,collision_index,collision_year,collision_reference,vehicle_reference,vehicle_type,towing_and_articulation,vehicle_manoeuvre,vehicle_direction_from,vehicle_direction_to,vehicle_location_restricted_lane,junction_location,skidding_and_overturning,hit_object_in_carriageway,vehicle_leaving_carriageway,hit_object_off_carriageway,first_point_of_impact,vehicle_left_hand_drive,journey_purpose_of_driver,sex_of_driver,age_of_driver,age_band_of_driver,engine_capacity_cc,propulsion_code,age_of_vehicle,generic_make_model,driver_imd_decile,driver_home_area_type,lsoa_of_driver,escooter_flag
Unvalidated,2024622400255,2024,622400255,1,9,0,16,2,5,0,0,1,0,2,7,4,1,6,1,21,5,-1,-1,-1,-1,8,1,E01033331,0
Unvalidated,2024622400255,2024,622400255,2,21,0,17,5,2,0,0,0,0,0,0,3,1,1,1,53,8,-1,-1,-1,-1,4,1,W01001139,0
Unvalidated,2024622400256,2024,622400256,1,9,0,18,6,2,0,1,0,0,0,0,1,1,6,1,22,5,-1,-1,-1,-1,6,1,W01000630,0
Unvalidated,2024622400256,2024,622400256,2,9,0,18,2,6,0,1,0,0,0,0,1,1,6,1,37,7,-1,-1,-1,-1,-1,1,-1,0
Unvalidated,2024622400257,2024,622400257,1,9,0,7,6,8,0,6,0,0,1,0,1,1,6,3,-1,-1,-1,-1,-1,-1,-1,-1,-1,0
Unvalidated,2024622400258,2024,622400258,1,9,0,18,4,8,0,1,0,0,0,0,1,1,6,1,32,6,-1,-1,-1,-1,3,1,W01001265,0
Unvalidated,2024622400259,2024,622400259,1,9,0,1,8,4,0,6,0,0,0,0,2,1,6,3,-1,-1,-1,-1,-1,-1,-1,-1,-1,0
Unvalidated,2024622400260,2024,622400260,1,9,0,16,7,3,0,8,0,0,0,0,1,1,6,2,60,9,-1,-1,-1,-1,9,2,W01001820,0
Unvalidated,2024622400260,2024,622400260,2,9,0,16,7,3,0,8,0,0,0,0,1,1,6,1,17,4,-1,-1,-1,-1,1,1,W01001698,0
Unvalidated,2024622400261,2024,622400261,1,9,0,9,2,8,0,8,0,0,0,0,4,1,6,2,43,7,-1,-1,-1,-1,2,1,W01001348,0
Unvalidated,2024622400261,2024,622400261,2,9,0,18,4,8,0,8,0,0,0,0,1,1,6,1,22,5,-1,-1,-1,-1,10,1,W01001793,0
Unvalidated,2024622400262,2024,622400262,1,9,0,18,4,8,0,8,0,0,0,0,1,1,6,1,60,9,-1,-1,-1,-1,4,1,W01001833,0
Unvalidated,2024622400262,2024,622400262,2,90,0,18,2,6,0,8,0,0,0,0,1,1,6,2,30,6,-1,-1,-1,-1,3,1,W01001875,1
Unvalidated,2024622400263,2024,622400263,1,9,0,18,8,4,0,3,0,0,0,0,1,1,6,2,30,6,-1,-1,-1,-1,4,1,W01001152,0
Unvalidated,2024622400263,2024,622400263,2,9,0,3,8,4,0,3,0,0,0,0,2,1,6,1,34,6,-1,-1,-1,-1,9,3,W01001729,0
Unvalidated,2024622400264,2024,622400264,1,9,0,18,6,2,0,4,0,7,0,0,1,1,6,2,61,9,-1,-1,-1,-1,1,1,W01001873,0
Unvalidated,2024622400265,2024,622400265,1,1,0,18,6,2,0,1,0,0,0,0,1,1,6,1,55,8,-1,-1,-1,-1,5,1,W01001863,0
Unvalidated,2024622400265,2024,622400265,2,9,0,3,6,2,0,1,0,0,0,0,2,1,6,1,43,7,-1,-1,-1,-1,5,1,W01001347,0
Unvalidated,2024622400266,2024,622400266,1,9,0,18,4,7,0,0,0,0,0,0,0,1,6,2,42,7,-1,-1,-1,-1,1,1,W01001166,0
Unvalidated,2024622400266,2024,622400266,2,9,0,18,4,8,0,0,0,0,0,0,1,1,6,1,36,7,-1,-1,-1,-1,3,2,W01001278,0
Unvalidated,2024622400266,2024,622400266,3,9,0,4,4,8,0,0,0,0,0,0,2,1,6,2,34,6,-1,-1,-1,-1,2,2,W01001255,0
Unvalidated,2024622400267,2024,622400267,1,9,0,9,6,4,0,8,0,0,0,0,1,1,6,3,-1,-1,-1,-1,-1,-1,-1,-1,-1,0
Unvalidated,2024622400268,2024,622400268,1,9,0,9,2,8,0,8,0,0,0,0,1,1,6,1,43,7,-1,-1,-1,-1,9,2,W01001820,0
Unvalidated,2024622400268,2024,622400268,2,9,0,9,4,2,0,8,0,0,0,0,3,1,6,2,34,6,-1,-1,-1,-1,8,1,W01001752,0
Unvalidated,2024622400269,2024,622400269,1,9,0,10,3,8,0,1,0,0,0,0,2,1,3,2,39,7,-1,-1,-1,-1,7,1,W01001754,0
Unvalidated,2024622400269,2024,622400269,2,8,0,18,3,7,0,1,0,0,0,0,1,1,1,1,57,9,-1,-1,-1,-1,1,1,W01001696,0
Unvalidated,2024622400270,2024,622400270,1,1,0,18,6,2,0,0,0,0,0,0,0,1,6,1,14,3,-1,-1,-1,-1,2,1,W01000788,0
Unvalidated,2024622400271,2024,622400271,1,9,0,18,8,4,0,0,0,0,0,0,1,1,6,1,29,6,-1,-1,-1,-1,1,1,W01001070,0
Unvalidated,2024622400271,2024,622400271,2,9,0,18,4,8,0,0,0,0,0,0,1,1,6,2,66,10,-1,-1,-1,-1,3,1,W01001787,0
Unvalidated,2024622400272,2024,622400272,1,9,0,9,4,2,0,2,0,0,0,0,1,1,6,2,40,7,-1,-1,-1,-1,7,1,W01001889,0
Unvalidated,2024622400272,2024,622400272,2,9,0,18,8,4,0,1,0,0,0,0,4,1,6,2,20,4,-1,-1,-1,-1,6,1,W01001204,0
Unvalidated,2024622400273,2024,622400273,1,9,0,16,8,4,0,0,0,0,0,0,1,1,6,2,70,10,-1,-1,-1,-1,3,1,W01001711,0
Unvalidated,2024622400273,2024,622400273,2,8,0,16,8,4,0,0,1,7,0,0,2,1,2,1,40,7,-1,-1,-1,-1,7,1,W01001815,0
Unvalidated,2024622400273,2024,622400273,3,19,0,17,8,4,0,0,0,0,0,0,2,1,1,1,39,7,-1,-1,-1,-1,4,1,W01001709,0
Unvalidated,2024622400274,2024,622400274,1,9,0,7,3,6,0,5,0,0,1,0,4,1,6,3,-1,-1,-1,-1,-1,-1,-1,-1,-1,0
Unvalidated,2024622400274,2024,622400274,2,1,0,18,3,7,0,1,0,0,0,0,3,1,6,1,66,10,-1,-1,-1,-1,1,1,W01001762,0
Unvalidated,2024622400275,2024,622400275,1,9,0,16,3,8,0,1,0,0,0,0,1,1,6,1,17,4,-1,-1,-1,-1,9,1,W01001072,0
Unvalidated,2024622400275,2024,622400275,2,22,0,18,2,6,0,1,0,0,0,0,1,1,6,2,52,8,-1,-1,-1,-1,4,1,W01001262,0
Unvalidated,2024622400276,2024,622400276,1,19,0,17,8,4,0,0,1,0,0,0,1,1,1,1,24,5,-1,-1,-1,-1,6,1,W01001184,0
Unvalidated,2024622400276,2024,622400276,2,9,0,4,8,4,0,0,0,0,0,0,2,1,6,2,36,7,-1,-1,-1,-1,9,1,W01001041,0
Unvalidated,2024622400276,2024,622400276,3,9,0,4,7,4,0,0,0,0,0,0,2,1,6,1,81,11,-1,-1,-1,-1,4,2,W01001917,0
Unvalidated,2024622400276,2024,622400276,4,19,0,4,8,4,0,0,0,0,0,0,2,1,1,3,-1,-1,-1,-1,-1,-1,-1,-1,-1,0
Unvalidated,2024622400277,2024,622400277,1,9,0,8,1,5,0,1,0,0,0,0,2,1,6,2,68,10,-1,-1,-1,-1,5,1,W01000757,0
Unvalidated,2024622400277,2024,622400277,2,19,0,18,1,5,0,1,0,0,0,0,1,1,6,3,-1,-1,-1,-1,-1,-1,-1,-1,-1,0
Unvalidated,2024622400279,2024,622400279,1,9,0,18,8,4,0,0,1,7,4,6,1,1,6,2,21,5,-1,-1,-1,-1,5,1,W01000747,0
Unvalidated,2024622400280,2024,622400280,1,9,0,18,2,6,0,0,0,0,0,0,1,1,6,2,31,6,-1,-1,-1,-1,5,1,W01001165,0
Unvalidated,2024622400280,2024,622400280,2,8,0,18,5,2,0,0,0,0,0,0,1,1,1,1,51,8,-1,-1,-1,-1,4,1,W01001168,0
Unvalidated,2024622400280,2024,622400280,3,9,0,2,0,0,0,0,0,0,0,0,1,1,6,3,-1,-1,-1,-1,-1,-1,-1,-1,-1,0
Unvalidated,2024622400282,2024,622400282,1,9,0,9,6,4,0,8,0,0,0,0,1,1,6,2,34,6,-1,-1,-1,-1,1,1,W01001955,0
Unvalidated,2024622400282,2024,622400282,2,3,0,18,2,6,0,8,0,0,0,0,3,1,6,1,17,4,-1,-1,-1,-1,9,3,W01000828,0
Unvalidated,2024622400283,2024,622400283,1,3,0,18,8,4,0,1,0,0,0,0,1,1,6,1,16,4,-1,-1,-1,-1,3,1,W01001286,0
Unvalidated,2024622400283,2024,622400283,2,19,0,17,2,6,0,8,0,0,0,0,3,1,1,1,33,6,-1,-1,-1,-1,9,1,W01000998,0
Unvalidated,2024622400284,2024,622400284,1,11,0,18,3,7,0,1,0,0,0,0,1,1,1,1,49,8,-1,-1,-1,-1,2,1,W01001765,0
Unvalidated,2024622400285,2024,622400285,1,9,0,18,2,6,0,0,0,0,0,0,1,1,1,1,47,8,-1,-1,-1,-1,1,1,W01001740,0
Unvalidated,2024622400285,2024,622400285,2,9,0,18,2,6,0,0,0,0,0,0,2,1,6,2,34,6,-1,-1,-1,-1,3,1,W01001804,0
Unvalidated,2024622400286,2024,622400286,1,9,0,18,4,1,0,0,0,0,0,0,1,1,1,1,-1,-1,-1,-1,-1,-1,5,1,W01001229,0
Unvalidated,2024622400286,2024,622400286,2,9,0,1,1,5,0,0,0,0,0,0,2,1,6,3,-1,-1,-1,-1,-1,-1,-1,-1,-1,0
Unvalidated,2024622400287,2024,622400287,1,9,0,18,2,6,0,0,1,0,4,6,1,1,6,2,17,4,-1,-1,-1,-1,6,2,W01000926,0
Unvalidated,2024622400288,2024,622400288,1,9,0,1,8,4,0,0,0,0,1,4,2,1,6,2,40,7,-1,-1,-1,-1,5,1,W01000851,0
Unvalidated,2024622400294,2024,622400294,1,9,0,18,4,8,0,1,0,0,0,0,3,1,6,2,32,6,-1,-1,-1,-1,3,1,W01001802,0
Unvalidated,2024622400294,2024,622400294,2,1,0,9,6,3,0,6,0,0,0,0,1,1,6,1,13,3,-1,-1,-1,-1,1,1,W01001880,0
Unvalidated,2024622400301,2024,622400301,1,10,0,16,8,4,0,1,0,0,0,0,1,1,6,1,33,6,-1,-1,-1,-1,1,1,W01001884,0
Unvalidated,2024622400306,2024,622400306,1,9,0,9,2,8,0,6,0,0,0,0,1,1,6,1,68,10,-1,-1,-1,-1,6,2,W01001241,0
Unvalidated,2024622400306,2024,622400306,2,5,0,18,4,8,0,1,0,0,0,0,1,1,1,1,32,6,-1,-1,-1,-1,6,2,W01001240,0
Unvalidated,2024622400307,2024,622400307,1,20,0,18,4,1,0,8,0,0,1,2,3,1,2,1,25,5,-1,-1,-1,-1,3,1,W01000897,0
Unvalidated,2024622400307,2024,622400307,2,9,0,18,1,6,0,8,0,0,0,0,1,1,2,1,61,9,-1,-1,-1,-1,4,1,W01001272,0
Unvalidated,2024622400308,2024,622400308,1,10,0,18,6,2,0,0,0,4,0,0,1,1,6,2,26,6,-1,-1,-1,-1,3,1,W01001137,0
Unvalidated,2024622400308,2024,622400308,2,9,0,2,0,0,0,0,0,0,0,0,3,1,6,3,-1,-1,-1,-1,-1,-1,-1,-1,-1,0
Unvalidated,2024622400309,2024,622400309,1,9,0,9,5,4,0,6,0,0,0,0,1,1,6,1,19,4,-1,-1,-1,-1,9,3,W01001658,0
Unvalidated,2024622400309,2024,622400309,2,5,0,18,4,7,0,1,0,0,0,0,1,1,6,1,50,8,-1,-1,-1,-1,10,1,W01001106,0
Unvalidated,2024622400310,2024,622400310,1,9,0,18,3,7,0,0,0,0,0,0,1,1,6,2,52,8,-1,-1,-1,-1,8,1,W01001030,0
Unvalidated,2024622400310,2024,622400310,2,9,0,18,3,7,0,0,0,0,0,0,2,1,6,2,77,11,-1,-1,-1,-1,4,2,W01000996,0
Unvalidated,2024622400311,2024,622400311,1,9,0,18,3,7,0,8,0,0,0,0,1,1,6,1,32,6,-1,-1,-1,-1,6,2,W01000986,0
Unvalidated,2024622400311,2024,622400311,2,9,0,18,3,7,0,8,0,0,0,0,2,1,1,1,-1,-1,-1,-1,-1,-1,3,1,W01001293,0
Unvalidated,2024622400312,2024,622400312,1,9,0,18,8,4,0,0,0,0,4,0,1,2,6,1,26,6,-1,-1,-1,-1,3,1,W01001313,0
Unvalidated,2024622400313,2024,622400313,1,4,0,18,4,8,0,8,0,0,0,0,4,1,6,1,57,9,-1,-1,-1,-1,9,3,W01001135,0
Unvalidated,2024622400313,2024,622400313,2,9,0,9,8,7,0,8,0,0,0,0,4,1,6,1,52,8,-1,-1,-1,-1,8,1,W01001540,0
Unvalidated,2024622400314,2024,622400314,1,4,0,18,4,8,0,0,0,0,0,0,1,1,6,1,52,8,-1,-1,-1,-1,2,1,W01001067,0
Unvalidated,2024622400314,2024,622400314,2,9,0,5,7,8,0,0,0,0,0,0,1,1,6,2,22,5,-1,-1,-1,-1,9,1,W01001115,0
Unvalidated,2024622400315,2024,622400315,1,21,0,18,2,7,0,4,0,0,0,0,4,1,1,1,56,9,-1,-1,-1,-1,1,1,W01001166,0
Unvalidated,2024622400315,2024,622400315,2,1,0,18,2,7,0,4,0,0,0,0,2,1,6,1,56,9,-1,-1,-1,-1,9,1,W01001196,0
Unvalidated,2024622400316,2024,622400316,1,20,0,1,8,4,0,1,0,0,0,0,2,1,1,1,53,8,-1,-1,-1,-1,6,1,W01001236,0
Unvalidated,2024622400317,2024,622400317,1,9,0,1,6,2,0,1,0,0,0,0,1,1,6,3,-1,-1,-1,-1,-1,-1,-1,-1,-1,0
Unvalidated,2024622400317,2024,622400317,2,19,0,18,6,2,0,1,0,0,0,0,1,1,1,1,36,7,-1,-1,-1,-1,4,1,W01001248,0
Unvalidated,2024622400318,2024,622400318,1,9,0,9,2,1,0,6,0,7,0,0,1,1,6,1,68,10,-1,-1,-1,-1,1,1,W01001866,0
Unvalidated,2024622400319,2024,622400319,1,5,0,18,4,8,0,0,0,0,0,0,1,1,6,1,47,8,-1,-1,-1,-1,4,2,W01001330,0
Unvalidated,2024622400319,2024,622400319,2,9,0,18,4,8,0,0,0,0,0,0,2,1,1,1,27,6,-1,-1,-1,-1,1,1,E01033370,0
Unvalidated,2024622400320,2024,622400320,1,3,0,15,2,6,0,2,0,0,0,0,1,1,2,1,25,5,-1,-1,-1,-1,3,1,W01001093,0
Unvalidated,2024622400320,2024,622400320,2,9,0,9,2,8,0,2,0,0,1,0,3,1,6,1,23,5,-1,-1,-1,-1,3,1,W01001080,0
Unvalidated,2024622400321,2024,622400321,1,9,0,9,5,2,0,2,0,0,0,0,3,1,6,1,80,11,-1,-1,-1,-1,8,2,W01000609,0
Unvalidated,2024622400321,2024,622400321,2,9,0,18,2,6,0,8,0,0,0,0,1,1,6,1,24,5,-1,-1,-1,-1,3,2,W01001181,0
Unvalidated,2024622400322,2024,622400322,1,9,0,18,3,7,0,3,0,0,0,0,1,1,6,1,41,7,-1,-1,-1,-1,1,1,W01001073,0
Unvalidated,2024622400323,2024,622400323,1,9,0,18,6,2,0,1,0,0,0,0,1,2,6,1,54,8,-1,-1,-1,-1,2,2,W01001368,0
Unvalidated,2024622400324,2024,622400324,1,9,0,18,6,2,0,0,0,0,0,0,1,1,1,1,24,5,-1,-1,-1,-1,2,1,W01001766,0
Unvalidated,2024622400326,2024,622400326,1,19,0,18,4,8,0,0,0,0,0,0,1,1,2,1,39,7,-1,-1,-1,-1,6,3,W01000919,0
Unvalidated,2024622400326,2024,622400326,2,9,0,3,4,8,0,0,0,0,0,0,2,1,6,1,72,10,-1,-1,-1,-1,9,3,W01000776,0
Unvalidated,2024622400327,2024,622400327,1,19,0,1,2,6,0,1,0,0,0,0,2,1,1,1,56,9,-1,-1,-1,-1,3,1,W01001185,0
Unvalidated,2024622400328,2024,622400328,1,9,0,18,4,8,0,0,0,0,0,0,1,1,2,2,24,5,-1,-1,-1,-1,2,2,W01000924,0
Unvalidated,2024622400328,2024,622400328,2,8,0,4,4,8,0,0,0,0,0,0,2,1,1,1,24,5,-1,-1,-1,-1,2,3,W01000920,0
Unvalidated,2024622400328,2024,622400328,3,9,0,4,4,8,0,0,0,0,0,0,2,1,2,1,38,7,-1,-1,-1,-1,4,2,W01001013,0
Unvalidated,2024622400329,2024,622400329,1,9,0,18,3,7,0,1,0,0,0,0,1,1,6,2,78,11,-1,-1,-1,-1,10,2,W01001728,0
Unvalidated,2024622400329,2024,622400329,2,9,0,10,3,7,0,1,0,0,0,0,2,1,6,1,70,10,-1,-1,-1,-1,5,2,W01000544,0
Unvalidated,2024622400329,2024,622400329,3,9,0,10,3,7,0,1,0,0,0,0,2,1,6,1,37,7,-1,-1,-1,-1,8,1,W01001747,0
Unvalidated,2024622400330,2024,622400330,1,9,0,1,4,8,0,0,0,4,0,0,2,1,6,2,79,11,-1,-1,-1,-1,2,1,W01000960,0
Unvalidated,2024622400330,2024,622400330,2,9,0,2,0,0,0,0,0,0,0,0,1,1,6,3,-1,-1,-1,-1,-1,-1,-1,-1,-1,0
Unvalidated,2024622400331,2024,622400331,1,5,0,18,3,7,0,0,0,0,0,0,1,1,6,1,55,8,-1,-1,-1,-1,8,1,W01000771,0
Unvalidated,2024622400331,2024,622400331,2,9,0,10,2,7,0,0,0,0,0,0,2,1,6,2,52,8,-1,-1,-1,-1,8,1,W01000771,0
Unvalidated,2024622400335,2024,622400335,1,5,0,9,3,8,0,7,0,0,0,0,1,1,6,1,59,9,-1,-1,-1,-1,7,1,W01001817,0
Unvalidated,2024622400335,2024,622400335,2,9,0,9,3,8,0,7,0,0,0,0,2,1,6,1,62,9,-1,-1,-1,-1,3,1,W01001317,0
Unvalidated,2024622400337,2024,622400337,1,9,0,9,1,7,0,2,0,0,0,0,1,1,6,2,41,7,-1,-1,-1,-1,9,1,E01032052,0
Unvalidated,2024622400337,2024,622400337,2,9,0,18,6,2,0,1,0,0,0,0,4,1,6,2,77,11,-1,-1,-1,-1,10,2,W01001006,0
Unvalidated,2024622400339,2024,622400339,1,9,0,9,8,6,0,8,0,0,0,0,4,1,6,1,20,4,-1,-1,-1,-1,2,1,W01001895,0
Unvalidated,2024622400339,2024,622400339,2,2,0,18,2,6,0,1,1,0,0,0,1,1,6,1,32,6,-1,-1,-1,-1,1,1,W01001955,0
Unvalidated,2024622400340,2024,622400340,1,97,0,18,4,8,0,4,0,0,0,0,0,1,6,1,28,6,-1,-1,-1,-1,1,1,W01000830,0
Unvalidated,2024622400340,2024,622400340,2,9,0,9,8,7,0,3,0,0,0,0,4,1,6,2,78,11,-1,-1,-1,-1,5,1,W01000794,0
Unvalidated,2024622400341,2024,622400341,1,9,0,9,4,2,0,5,0,0,0,0,1,1,6,1,49,8,-1,-1,-1,-1,5,1,W01001938,0
Unvalidated,2024622400341,2024,622400341,2,2,0,18,8,4,0,8,0,0,0,0,4,1,6,1,18,4,-1,-1,-1,-1,9,3,W01000828,0
Unvalidated,2024622400342,2024,622400342,1,9,0,18,6,2,0,0,0,0,7,11,3,1,6,1,25,5,-1,-1,-1,-1,2,1,W01001862,0
Unvalidated,2024622400343,2024,622400343,1,3,0,17,2,6,0,0,1,10,1,0,1,1,2,1,37,7,-1,-1,-1,-1,4,2,W01000978,0
Unvalidated,2024622400344,2024,622400344,1,9,0,18,3,7,0,0,0,0,0,0,4,1,6,2,60,9,-1,-1,-1,-1,1,1,W01001300,0
Unvalidated,2024622400345,2024,622400345,1,9,0,17,8,4,0,8,0,0,0,0,4,1,2,1,47,8,-1,-1,-1,-1,3,1,W01001634,0
Unvalidated,2024622400345,2024,622400345,2,3,0,17,8,4,0,8,0,0,0,0,3,1,6,1,27,6,-1,-1,-1,-1,1,1,W01001835,0
Unvalidated,2024622400346,2024,622400346,1,9,0,18,6,2,0,0,0,0,1,2,1,1,6,1,18,4,-1,-1,-1,-1,9,2,W01001277,0
Unvalidated,2024622400347,2024,622400347,1,9,0,18,6,2,0,1,0,0,0,0,1,1,2,1,48,8,-1,-1,-1,-1,4,1,W01000922,0
Unvalidated,2024622400347,2024,622400347,2,9,0,18,2,6,0,1,0,0,0,0,1,1,6,1,35,6,-1,-1,-1,-1,1,1,W01000934,0
Unvalidated,2024622400348,2024,622400348,1,9,0,18,2,6,0,0,0,0,0,0,1,1,6,2,41,7,-1,-1,-1,-1,2,1,W01000741,0
Unvalidated,2024622400349,2024,622400349,1,9,0,18,2,6,0,0,0,0,0,0,1,1,6,2,33,6,-1,-1,-1,-1,3,1,W01001322,0
Unvalidated,2024622400349,2024,622400349,2,5,0,18,2,6,0,0,0,0,0,0,2,1,6,1,25,5,-1,-1,-1,-1,1,2,W01000975,0
Unvalidated,2024622400350,2024,622400350,1,9,0,5,3,5,0,4,0,0,0,0,3,1,6,1,26,6,-1,-1,-1,-1,5,1,W01000871,0
Unvalidated,2024622400350,2024,622400350,2,9,0,18,2,6,0,8,0,0,4,2,4,1,6,1,49,8,-1,-1,-1,-1,4,1,W01000754,0
Unvalidated,2024622400351,2024,622400351,1,2,0,10,2,6,0,1,0,0,0,0,2,1,6,1,16,4,-1,-1,-1,-1,1,1,W01001739,0
Unvalidated,2024622400351,2024,622400351,2,9,0,18,2,6,0,1,0,0,0,0,1,1,6,3,-1,-1,-1,-1,-1,-1,-1,-1,-1,0
Unvalidated,2024622400352,2024,622400352,1,9,0,18,2,6,1,1,0,0,1,11,1,1,6,1,18,4,-1,-1,-1,-1,2,1,W01000762,0
Unvalidated,2024622400353,2024,622400353,1,8,0,18,6,2,0,1,0,0,1,11,1,1,6,1,22,5,-1,-1,-1,-1,4,1,W01001061,0
Unvalidated,2024622400355,2024,622400355,1,9,0,18,6,2,0,0,0,0,0,0,1,1,6,2,56,9,-1,-1,-1,-1,3,1,W01001869,0
Unvalidated,2024622400355,2024,622400355,2,9,0,4,6,2,0,0,0,0,0,0,2,1,6,1,33,6,-1,-1,-1,-1,3,1,W01001830,0
Unvalidated,2024622400355,2024,622400355,3,9,0,4,6,2,0,0,0,0,0,0,2,1,6,1,35,6,-1,-1,-1,-1,5,1,W01001818,0
Unvalidated,2024622400356,2024,622400356,1,9,0,18,4,8,0,0,0,0,0,0,1,1,6,2,17,4,-1,-1,-1,-1,4,1,W01000787,0
Unvalidated,2024622400356,2024,622400356,2,9,0,18,4,8,0,0,0,0,0,0,2,1,6,1,29,6,-1,-1,-1,-1,10,2,W01001591,0
Unvalidated,2024622400357,2024,622400357,1,9,0,18,3,7,0,1,5,0,0,0,1,1,6,1,78,11,-1,-1,-1,-1,9,1,W01001032,0
Unvalidated,2024622400357,2024,622400357,2,9,0,10,3,7,0,5,0,0,0,0,2,1,6,1,62,9,-1,-1,-1,-1,8,1,W01001030,0
Unvalidated,2024622400358,2024,622400358,1,9,0,5,8,4,0,0,0,0,1,11,1,1,6,2,78,11,-1,-1,-1,-1,5,2,W01000887,0
Unvalidated,2024622400359,2024,622400359,1,9,0,18,2,6,0,0,0,0,0,0,3,1,1,1,-1,-1,-1,-1,-1,-1,3,1,W01001293,0
Unvalidated,2024622400359,2024,622400359,2,9,0,18,2,6,0,0,0,0,0,0,3,1,1,1,-1,-1,-1,-1,-1,-1,7,1,W01001754,0
Unvalidated,2024622400359,2024,622400359,3,9,0,18,2,6,0,0,0,0,0,0,4,1,6,1,26,6,-1,-1,-1,-1,1,1,E01000153,0
Unvalidated,2024622400360,2024,622400360,1,9,0,16,4,7,0,0,1,0,0,0,1,1,6,1,34,6,-1,-1,-1,-1,3,1,W01001066,0
Unvalidated,2024622400360,2024,622400360,2,9,0,18,7,3,0,0,1,0,0,0,1,1,6,1,39,7,-1,-1,-1,-1,10,1,W01001090,0
Unvalidated,2024622400361,2024,622400361,1,9,0,16,2,6,0,0,0,0,0,0,1,1,2,2,27,6,-1,-1,-1,-1,5,1,W01001165,0
Unvalidated,2024622400361,2024,622400361,2,9,0,17,6,2,0,0,0,0,0,0,1,1,6,1,19,4,-1,-1,-1,-1,1,1,W01001144,0
Unvalidated,2024622400362,2024,622400362,1,9,0,4,2,6,0,0,0,0,0,0,1,1,6,1,37,7,-1,-1,-1,-1,3,1,W01001265,0
Unvalidated,2024622400362,2024,622400362,2,9,0,3,2,6,0,0,0,0,0,0,2,1,6,1,37,7,-1,-1,-1,-1,4,1,W01001155,0
Unvalidated,2024622400362,2024,622400362,3,9,0,18,2,6,1,0,0,0,0,0,2,1,6,2,37,7,-1,-1,-1,-1,4,3,W01001233,0
Unvalidated,2024622400364,2024,622400364,1,9,0,16,8,3,0,3,0,0,0,0,2,1,1,1,30,6,-1,-1,-1,-1,7,1,W01001838,0
Unvalidated,2024622400364,2024,622400364,2,9,0,16,8,3,0,3,0,0,0,0,1,1,6,1,35,6,-1,-1,-1,-1,1,1,W01001744,0
Unvalidated,2024622400365,2024,622400365,1,9,0,15,4,8,0,0,0,0,0,0,3,1,6,1,21,5,-1,-1,-1,-1,4,1,W01001071,0
Unvalidated,2024622400365,2024,622400365,2,9,0,18,4,8,0,0,0,0,0,0,1,1,6,1,23,5,-1,-1,-1,-1,8,1,W01001122,0
Unvalidated,2024622400366,2024,622400366,1,10,0,18,4,8,0,2,0,4,0,0,1,1,6,1,23,5,-1,-1,-1,-1,1,1,W01001169,0
Unvalidated,2024622400366,2024,622400366,2,9,0,2,0,0,0,1,0,0,0,0,1,1,6,3,-1,-1,-1,-1,-1,-1,-1,-1,-1,0
Unvalidated,2024622400366,2024,622400366,3,9,0,2,0,0,0,1,0,0,0,0,1,1,6,3,-1,-1,-1,-1,-1,-1,-1,-1,-1,0
Unvalidated,2024622400367,2024,622400367,1,9,0,18,4,8,0,0,0,0,0,0,1,1,6,2,70,10,-1,-1,-1,-1,1,2,W01001202,0
Unvalidated,2024622400368,2024,622400368,1,9,0,9,7,5,0,6,0,0,0,0,1,1,6,1,19,4,-1,-1,-1,-1,2,1,W01001067,0
Unvalidated,2024622400368,2024,622400368,2,9,0,18,1,5,0,1,0,0,0,0,4,1,6,2,64,9,-1,-1,-1,-1,1,1,W01001070,0
Unvalidated,2024622400370,2024,622400370,1,9,0,4,1,5,0,1,0,0,0,0,1,1,6,2,65,9,-1,-1,-1,-1,6,1,W01001756,0
Unvalidated,2024622400370,2024,622400370,2,9,0,18,7,3,0,1,0,0,0,0,3,1,6,2,22,5,-1,-1,-1,-1,8,1,W01001724,0
Unvalidated,2024622400371,2024,622400371,1,9,0,5,7,2,0,4,0,0,0,0,3,1,6,2,70,10,-1,-1,-1,-1,9,2,W01001160,0
Unvalidated,2024622400371,2024,622400371,2,1,0,18,6,2,0,8,0,0,0,0,4,1,6,1,64,9,-1,-1,-1,-1,10,1,W01001197,0
Unvalidated,2024622400372,2024,622400372,1,9,0,18,4,8,9,1,0,0,1,1,1,1,6,3,-1,-1,-1,-1,-1,-1,-1,-1,-1,0
Unvalidated,2024622400373,2024,622400373,1,9,0,9,4,2,0,5,0,0,0,0,4,1,6,2,33,6,-1,-1,-1,-1,10,1,W01001853,0
Unvalidated,2024622400373,2024,622400373,2,9,0,18,8,4,0,1,0,0,0,0,1,1,6,1,51,8,-1,-1,-1,-1,5,1,W01001710,0
Unvalidated,2024622400374,2024,622400374,1,9,0,18,6,2,0,1,0,0,1,11,1,1,6,1,89,11,-1,-1,-1,-1,6,1,W01001184,0
Unvalidated,2024622400374,2024,622400374,2,9,0,2,0,0,0,1,0,0,0,0,1,1,6,3,-1,-1,-1,-1,-1,-1,-1,-1,-1,0
Unvalidated,2024622400375,2024,622400375,1,1,0,18,4,8,0,8,0,0,0,0,1,1,6,1,14,3,-1,-1,-1,-1,4,1,W01001248,0