status,collision_index,collision_year,collision_reference,vehicle_reference,vehicle_type,towing_and_articulation,vehicle_manoeuvre,vehicle_direction_from,vehicle_direction_to,vehicle_location_restricted_lane,junction_location,skidding_and_overturning,hit_object_in_carriageway,vehicle_leaving_carriageway,hit_object_off_carriageway,first_point_of_impact,vehicle_left_hand_drive,journey_purpose_of_driver,sex_of_driver,age_of_driver,age_band_of_driver,engine_capacity_cc,propulsion_code,age_of_vehicle,generic_make_model,driver_imd_decile,driver_home_area_type,lsoa_of_driver,escooter_flag
Unvalidated,2024622400375,2024,622400375,2,9,0,18,6,2,0,1,0,0,0,0,1,1,6,1,62,9,-1,-1,-1,-1,1,2,W01001280,0
Unvalidated,2024622400376,2024,622400376,1,9,0,18,2,6,0,1,5,0,0,0,1,1,6,1,29,6,-1,-1,-1,-1,4,1,W01000980,0
Unvalidated,2024622400377,2024,622400377,1,9,0,12,8,4,0,2,0,0,0,0,1,1,6,3,-1,-1,-1,-1,-1,-1,-1,-1,-1,0
Unvalidated,2024622400377,2024,622400377,2,19,0,4,4,8,0,1,0,0,0,0,1,1,1,1,60,9,-1,-1,-1,-1,3,1,W01001216,0
Unvalidated,2024622400378,2024,622400378,1,9,0,18,5,1,0,0,0,0,0,0,1,1,6,1,29,6,-1,-1,-1,-1,1,2,W01001203,0
Unvalidated,2024622400379,2024,622400379,1,9,0,7,6,8,0,6,0,0,0,0,1,1,6,2,74,10,-1,-1,-1,-1,3,1,W01001312,0
Unvalidated,2024622400379,2024,622400379,2,11,0,18,4,8,0,1,0,0,0,0,4,1,1,1,26,6,-1,-1,-1,-1,2,1,W01001705,0
Unvalidated,2024622400382,2024,622400382,1,21,0,5,6,2,0,4,0,0,0,0,2,1,1,2,48,8,-1,-1,-1,-1,4,1,E01016003,0
Unvalidated,2024622400382,2024,622400382,2,9,0,18,2,6,0,3,0,0,0,0,1,1,6,1,65,9,-1,-1,-1,-1,5,1,W01001878,0
Unvalidated,2024622400383,2024,622400383,1,9,0,5,7,4,0,0,0,0,0,0,1,1,6,1,18,4,-1,-1,-1,-1,3,1,W01001317,0
Unvalidated,2024622400383,2024,622400383,2,8,0,18,4,8,0,0,0,0,0,0,1,1,1,1,-1,-1,-1,-1,-1,-1,2,1,W01001942,0
Unvalidated,2024622400384,2024,622400384,1,9,0,18,8,4,0,2,0,0,0,0,4,1,6,2,62,9,-1,-1,-1,-1,10,1,W01001846,0
Unvalidated,2024622400385,2024,622400385,1,9,0,9,8,6,0,1,0,0,0,0,1,1,6,2,35,6,-1,-1,-1,-1,2,1,W01001862,0
Unvalidated,2024622400385,2024,622400385,2,9,0,10,3,2,0,1,0,0,0,0,1,1,2,1,39,7,-1,-1,-1,-1,5,1,W01001837,0
Unvalidated,2024622400386,2024,622400386,1,9,0,18,4,8,0,0,0,0,4,6,1,1,6,1,74,10,-1,-1,-1,-1,1,1,W01001219,0
Unvalidated,2024622400387,2024,622400387,1,9,0,18,6,2,0,0,0,0,7,0,1,1,6,2,51,8,-1,-1,-1,-1,8,1,W01001011,0
Unvalidated,2024622400387,2024,622400387,2,9,0,18,2,6,0,0,0,0,0,0,1,1,6,2,74,10,-1,-1,-1,-1,7,1,W01001028,0
Unvalidated,2024622400387,2024,622400387,3,9,0,4,6,2,0,0,0,0,0,0,3,1,6,1,66,10,-1,-1,-1,-1,9,2,W01001072,0
Unvalidated,2024622400387,2024,622400387,4,19,0,4,6,2,0,0,0,0,0,0,3,1,6,1,54,8,-1,-1,-1,-1,8,1,W01001027,0
Unvalidated,2024622400388,2024,622400388,1,9,0,18,8,4,0,3,5,0,0,0,4,1,6,1,34,6,-1,-1,-1,-1,9,3,W01001029,0
Unvalidated,2024622400388,2024,622400388,2,9,0,18,8,4,0,4,0,0,0,0,1,1,6,2,58,9,-1,-1,-1,-1,10,1,W01001777,0
Unvalidated,2024622400389,2024,622400389,1,9,0,18,1,5,0,8,0,0,0,0,3,1,6,2,47,8,-1,-1,-1,-1,4,1,W01001148,0
Unvalidated,2024622400389,2024,622400389,2,19,0,9,7,5,0,1,0,0,0,0,1,1,1,1,55,8,-1,-1,-1,-1,8,1,W01001672,0
Unvalidated,2024622400389,2024,622400389,3,21,0,2,0,0,0,1,0,0,0,0,0,1,1,3,-1,-1,-1,-1,-1,-1,-1,-1,-1,0
Unvalidated,2024622400390,2024,622400390,1,9,0,9,2,8,0,8,0,0,0,0,1,1,6,1,38,7,-1,-1,-1,-1,1,1,W01001694,0
Unvalidated,2024622400390,2024,622400390,2,23,0,9,4,2,0,8,0,0,0,0,1,1,1,1,25,5,-1,-1,-1,-1,3,1,W01001760,0
Unvalidated,2024622400391,2024,622400391,1,9,0,18,2,6,0,1,0,0,0,0,1,1,6,1,92,11,-1,-1,-1,-1,10,1,W01001090,0
Unvalidated,2024622400392,2024,622400392,1,9,0,9,6,4,0,1,0,0,0,0,1,1,6,1,40,7,-1,-1,-1,-1,9,1,W01001008,0
Unvalidated,2024622400392,2024,622400392,2,1,0,18,2,6,0,1,0,0,0,0,3,1,6,1,36,7,-1,-1,-1,-1,3,1,W01001764,0
Unvalidated,2024622400393,2024,622400393,1,9,0,12,6,2,0,7,0,4,0,0,1,1,3,2,31,6,-1,-1,-1,-1,1,1,W01001807,0
Unvalidated,2024622400393,2024,622400393,2,98,4,2,0,0,0,7,0,0,0,0,2,1,1,1,70,10,-1,-1,-1,-1,7,1,W01000813,0
Unvalidated,2024622400394,2024,622400394,1,19,0,18,1,5,0,0,0,0,0,0,1,1,6,1,22,5,-1,-1,-1,-1,5,1,W01001580,0
Unvalidated,2024622400394,2024,622400394,2,19,0,18,1,5,0,0,0,0,0,0,2,1,6,1,42,7,-1,-1,-1,-1,6,3,W01000560,0
Unvalidated,2024622400394,2024,622400394,3,9,0,18,1,5,0,0,0,0,0,0,2,1,6,1,66,10,-1,-1,-1,-1,5,3,E01032355,0
Unvalidated,2024622400397,2024,622400397,1,9,0,13,2,6,0,0,0,0,0,0,4,1,6,1,50,8,-1,-1,-1,-1,-1,3,-1,0
Unvalidated,2024622400397,2024,622400397,2,8,0,18,2,6,0,0,0,0,0,0,3,1,1,1,45,7,-1,-1,-1,-1,10,1,W01001090,0
Unvalidated,2024622400397,2024,622400397,3,9,0,18,2,6,0,0,0,0,0,0,3,1,6,1,45,7,-1,-1,-1,-1,-1,1,-1,0
Unvalidated,2024622400397,2024,622400397,4,9,0,18,6,2,0,0,0,0,0,0,3,1,6,1,28,6,-1,-1,-1,-1,4,1,W01001061,0
Unvalidated,2024622400398,2024,622400398,1,9,0,18,6,2,0,1,0,0,0,0,1,1,1,1,44,7,-1,-1,-1,-1,9,1,W01001032,0
Unvalidated,2024622400399,2024,622400399,1,9,0,2,0,0,0,2,0,0,0,0,3,1,6,1,32,6,-1,-1,-1,-1,5,1,W01000871,0
Unvalidated,2024622400399,2024,622400399,2,1,0,18,2,6,0,2,0,0,0,0,1,1,6,1,30,6,-1,-1,-1,-1,4,1,W01000746,0
Unvalidated,2024622400401,2024,622400401,1,5,0,13,6,2,0,0,0,0,7,0,4,1,6,1,25,5,-1,-1,-1,-1,9,2,W01000710,0
Unvalidated,2024622400401,2024,622400401,2,9,0,9,5,2,0,0,0,0,0,0,3,1,6,2,37,7,-1,-1,-1,-1,2,1,W01000790,0
Unvalidated,2024622400402,2024,622400402,1,9,0,9,6,4,0,8,0,0,0,0,1,1,6,1,20,4,-1,-1,-1,-1,1,1,W01001856,0
Unvalidated,2024622400402,2024,622400402,2,1,0,18,6,2,0,8,0,0,0,0,1,1,1,1,35,6,-1,-1,-1,-1,5,1,W01001837,0
Unvalidated,2024622400403,2024,622400403,1,9,0,5,3,5,0,2,0,0,0,0,4,1,3,2,48,8,-1,-1,-1,-1,1,1,W01001808,0
Unvalidated,2024622400404,2024,622400404,1,9,0,4,8,4,0,1,0,7,0,0,1,1,2,1,44,7,-1,-1,-1,-1,5,1,W01001878,0
Unvalidated,2024622400406,2024,622400406,1,9,0,9,8,7,0,6,0,0,0,0,4,1,6,3,-1,-1,-1,-1,-1,-1,-1,-1,-1,0
Unvalidated,2024622400406,2024,622400406,2,9,0,18,2,6,0,8,0,0,0,0,3,1,6,2,20,4,-1,-1,-1,-1,10,1,W01001100,0
Unvalidated,2024622400407,2024,622400407,1,9,0,9,3,2,0,5,0,0,0,0,3,1,3,1,34,6,-1,-1,-1,-1,3,2,W01000987,0
Unvalidated,2024622400407,2024,622400407,2,1,0,18,8,4,0,8,0,0,0,0,1,1,6,1,74,10,-1,-1,-1,-1,4,1,W01001050,0
Unvalidated,2024622400408,2024,622400408,1,9,0,18,7,3,0,1,0,0,0,0,1,1,6,1,29,6,-1,-1,-1,-1,6,1,W01000808,0
Unvalidated,2024622400408,2024,622400408,2,9,0,4,7,3,0,1,0,0,0,0,2,1,6,2,37,7,-1,-1,-1,-1,10,1,W01000860,0
Unvalidated,2024622400409,2024,622400409,1,9,0,18,6,2,0,0,0,0,0,0,1,1,6,1,39,7,-1,-1,-1,-1,4,1,W01001218,0
Unvalidated,2024622400409,2024,622400409,2,9,0,18,6,2,0,0,0,0,0,0,2,1,6,1,40,7,-1,-1,-1,-1,-1,-1,-1,0
Unvalidated,2024622400410,2024,622400410,1,1,0,17,8,4,0,1,0,0,0,0,2,1,6,1,32,6,-1,-1,-1,-1,3,1,W01001695,0
Unvalidated,2024622400410,2024,622400410,2,9,0,18,6,2,0,8,0,0,0,0,1,1,6,1,31,6,-1,-1,-1,-1,5,1,W01001837,0
Unvalidated,2024622400411,2024,622400411,1,9,0,18,3,7,0,0,0,0,1,0,1,1,6,2,77,11,-1,-1,-1,-1,2,1,W01001942,0
Unvalidated,2024622400411,2024,622400411,2,9,0,4,7,3,0,0,0,0,1,0,1,1,6,2,49,8,-1,-1,-1,-1,6,1,W01001129,0
Unvalidated,2024622400412,2024,622400412,1,90,0,18,7,3,0,6,0,0,0,0,0,1,2,2,27,6,-1,-1,-1,-1,8,1,W01001757,1
Unvalidated,2024622400412,2024,622400412,2,9,0,18,1,5,0,8,0,0,0,0,3,1,6,2,53,8,-1,-1,-1,-1,10,1,W01001732,0
Unvalidated,2024622400413,2024,622400413,1,9,0,18,8,4,0,1,0,0,0,0,1,1,6,2,33,6,-1,-1,-1,-1,10,1,W01001735,0
Unvalidated,2024622400413,2024,622400413,2,9,0,9,2,8,0,8,0,0,0,0,3,1,6,2,54,8,-1,-1,-1,-1,6,2,W01001241,0
Unvalidated,2024622400414,2024,622400414,1,9,0,9,6,4,0,8,0,0,0,0,1,1,6,2,18,4,-1,-1,-1,-1,6,1,W01000779,0
Unvalidated,2024622400414,2024,622400414,2,9,0,18,2,6,0,1,0,0,0,0,1,1,6,2,58,9,-1,-1,-1,-1,-1,-1,-1,0
Unvalidated,2024622400416,2024,622400416,1,8,0,18,4,8,0,3,0,0,0,0,1,1,6,1,36,7,-1,-1,-1,-1,10,1,W01000872,0
Unvalidated,2024622400416,2024,622400416,2,9,0,18,7,3,0,4,0,0,0,0,1,1,6,2,66,10,-1,-1,-1,-1,4,1,W01001234,0
Unvalidated,2024622400417,2024,622400417,1,9,0,9,6,5,0,8,0,0,0,0,4,1,6,1,24,5,-1,-1,-1,-1,6,1,W01001712,0
Unvalidated,2024622400417,2024,622400417,2,9,0,18,4,8,0,8,0,0,0,0,1,1,1,2,25,5,-1,-1,-1,-1,3,1,W01001183,0
Unvalidated,2024622400418,2024,622400418,1,11,0,9,5,3,0,5,0,0,7,0,1,1,1,1,30,6,-1,-1,-1,-1,4,1,W01001061,0
Unvalidated,2024622400418,2024,622400418,2,9,0,18,1,5,0,1,0,0,0,0,1,1,2,1,68,10,-1,-1,-1,-1,6,1,W01001814,0
Unvalidated,2024622400419,2024,622400419,1,20,0,17,6,8,0,0,0,4,0,0,1,1,6,1,37,7,-1,-1,-1,-1,2,1,W01001253,0
Unvalidated,2024622400419,2024,622400419,2,9,0,2,0,0,0,0,0,0,0,0,2,1,6,3,-1,-1,-1,-1,-1,-1,-1,-1,-1,0
Unvalidated,2024622400421,2024,622400421,1,9,0,18,2,6,0,0,0,0,0,0,4,1,6,2,37,7,-1,-1,-1,-1,2,1,W01000811,0
Unvalidated,2024622400423,2024,622400423,1,8,0,9,8,6,0,8,0,0,0,0,1,1,1,1,65,9,-1,-1,-1,-1,6,1,W01001951,0
Unvalidated,2024622400423,2024,622400423,2,1,0,18,6,2,0,1,0,0,0,0,1,1,6,1,30,6,-1,-1,-1,-1,8,1,W01001725,0
Unvalidated,2024622400424,2024,622400424,1,9,0,5,8,4,0,6,0,0,0,0,1,1,6,2,24,5,-1,-1,-1,-1,1,2,W01001179,0
Unvalidated,2024622400424,2024,622400424,2,5,0,18,6,2,0,1,0,0,0,0,1,1,6,1,66,10,-1,-1,-1,-1,2,2,W01001057,0
Unvalidated,2024622400425,2024,622400425,1,9,0,18,8,4,0,2,0,0,0,0,3,1,6,3,-1,-1,-1,-1,-1,-1,-1,-1,-1,0
Unvalidated,2024622400426,2024,622400426,1,9,0,5,2,6,0,7,0,0,0,0,1,1,6,2,53,8,-1,-1,-1,-1,8,1,W01001417,0
Unvalidated,2024622400426,2024,622400426,2,19,0,17,3,8,0,8,0,0,0,0,0,1,1,1,37,7,-1,-1,-1,-1,4,1,W01001182,0
Unvalidated,2024622400427,2024,622400427,1,9,0,18,4,8,0,0,0,0,1,0,1,1,6,2,34,6,-1,-1,-1,-1,4,1,E01000588,0
Unvalidated,2024622400428,2024,622400428,1,9,0,17,7,3,0,0,0,0,0,0,1,1,6,1,22,5,-1,-1,-1,-1,5,1,W01001096,0
Unvalidated,2024622400428,2024,622400428,2,9,0,2,0,0,0,0,0,0,0,0,3,1,6,3,-1,-1,-1,-1,-1,-1,-1,-1,-1,0
Unvalidated,2024622400429,2024,622400429,1,9,0,9,2,8,0,5,0,0,0,0,3,1,6,1,19,4,-1,-1,-1,-1,8,1,W01000892,0
Unvalidated,2024622400429,2024,622400429,2,5,0,13,2,6,0,8,0,0,0,0,1,1,6,1,44,7,-1,-1,-1,-1,1,1,W01000962,0
Unvalidated,2024622400430,2024,622400430,1,11,0,4,6,2,0,0,0,0,0,0,0,1,1,1,40,7,-1,-1,-1,-1,4,1,W01001235,0
Unvalidated,2024622400431,2024,622400431,1,9,0,18,7,3,0,2,0,0,0,0,1,1,6,2,17,4,-1,-1,-1,-1,10,2,W01001916,0
Unvalidated,2024622400432,2024,622400432,1,9,0,18,2,6,0,0,0,0,0,0,1,1,6,1,64,9,-1,-1,-1,-1,1,1,W01000934,0
Unvalidated,2024622400432,2024,622400432,2,1,0,18,8,4,0,0,0,0,0,0,1,1,6,2,16,4,-1,-1,-1,-1,6,1,W01000889,0
Unvalidated,2024622400433,2024,622400433,1,9,0,18,4,8,0,8,0,0,0,0,1,1,6,1,18,4,-1,-1,-1,-1,1,1,W01001174,0
Unvalidated,2024622400434,2024,622400434,1,9,0,18,6,2,0,0,0,0,0,0,1,1,6,2,86,11,-1,-1,-1,-1,9,1,W01000751,0
Unvalidated,2024622400435,2024,622400435,1,9,0,9,8,7,0,5,0,0,0,0,4,1,6,1,18,4,-1,-1,-1,-1,5,1,W01000763,0
Unvalidated,2024622400435,2024,622400435,2,9,0,18,4,8,0,8,0,0,0,0,1,1,6,2,42,7,-1,-1,-1,-1,1,1,W01000939,0
Unvalidated,2024622400437,2024,622400437,1,9,0,6,6,6,0,0,0,0,0,0,4,1,1,2,26,6,-1,-1,-1,-1,3,1,W01000654,0
Unvalidated,2024622400437,2024,622400437,2,1,0,18,2,6,0,0,0,0,0,0,1,1,6,1,56,9,-1,-1,-1,-1,6,1,W01000774,0
Unvalidated,2024622400438,2024,622400438,1,9,0,18,6,2,0,1,0,0,0,0,1,1,6,1,29,6,-1,-1,-1,-1,3,1,W01001140,0
Unvalidated,2024622400438,2024,622400438,2,19,0,18,2,6,0,1,0,0,0,0,1,1,1,1,60,9,-1,-1,-1,-1,2,1,W01001476,0
Unvalidated,2024622400439,2024,622400439,1,9,0,9,5,3,0,8,0,0,0,0,1,1,6,1,58,9,-1,-1,-1,-1,4,1,W01001749,0
Unvalidated,2024622400439,2024,622400439,2,8,0,18,7,3,0,8,0,0,0,0,3,1,6,2,44,7,-1,-1,-1,-1,2,1,W01001751,0
Unvalidated,2024622400440,2024,622400440,1,9,0,18,2,6,0,8,0,0,0,0,1,1,3,2,34,6,-1,-1,-1,-1,1,1,W01001883,0
Unvalidated,2024622400441,2024,622400441,1,9,0,18,8,4,0,0,0,0,0,0,1,1,6,2,34,6,-1,-1,-1,-1,3,1,W01000881,0
Unvalidated,2024622400442,2024,622400442,1,11,0,18,4,8,0,0,0,0,0,0,4,1,1,1,59,9,-1,-1,-1,-1,6,3,W01001240,0
Unvalidated,2024622400443,2024,622400443,1,9,0,18,1,5,0,8,0,10,1,0,1,1,6,1,22,5,-1,-1,-1,-1,4,1,W01001001,0
Unvalidated,2024622400443,2024,622400443,2,9,0,18,5,1,0,8,0,0,1,0,1,1,6,1,45,7,-1,-1,-1,-1,9,1,W01001053,0
Unvalidated,2024622400444,2024,622400444,1,19,0,9,3,1,0,1,0,0,0,0,1,1,6,2,41,7,-1,-1,-1,-1,10,1,W01000880,0
Unvalidated,2024622400444,2024,622400444,2,9,0,9,3,1,0,1,0,0,0,0,4,1,6,2,19,4,-1,-1,-1,-1,5,1,W01000747,0
Unvalidated,2024622400445,2024,622400445,1,97,0,18,4,8,0,0,0,4,0,0,1,1,6,1,19,4,-1,-1,-1,-1,2,1,W01001141,0
Unvalidated,2024622400445,2024,622400445,2,9,0,2,0,0,0,0,0,0,0,0,1,1,6,3,-1,-1,-1,-1,-1,-1,-1,-1,-1,0
Unvalidated,2024622400446,2024,622400446,1,9,0,16,4,8,0,1,0,0,0,0,1,1,6,2,19,4,-1,-1,-1,-1,4,1,E01019049,0
Unvalidated,2024622400447,2024,622400447,1,1,0,18,2,6,0,8,0,0,0,0,1,1,6,1,8,2,-1,-1,-1,-1,2,2,W01000924,0
Unvalidated,2024622400447,2024,622400447,2,9,0,18,4,8,0,7,0,0,0,0,1,1,6,1,52,8,-1,-1,-1,-1,2,2,W01000924,0
Unvalidated,2024622400448,2024,622400448,1,9,0,18,4,7,0,0,0,4,0,0,1,1,6,2,34,6,-1,-1,-1,-1,1,1,W01001883,0
Unvalidated,2024622400448,2024,622400448,2,9,0,2,0,0,0,0,0,0,0,0,2,1,6,3,-1,-1,-1,-1,-1,-1,-1,-1,-1,0
Unvalidated,2024622400448,2024,622400448,3,9,0,2,0,0,0,0,0,0,0,0,2,1,6,3,-1,-1,-1,-1,-1,-1,-1,-1,-1,0
Unvalidated,2024622400448,2024,622400448,4,9,0,2,0,0,0,0,0,0,0,0,2,1,6,3,-1,-1,-1,-1,-1,-1,-1,-1,-1,0
Unvalidated,2024622400449,2024,622400449,1,9,0,18,8,4,0,8,0,0,0,0,1,1,2,2,46,8,-1,-1,-1,-1,-1,-1,-1,0
Unvalidated,2024622400449,2024,622400449,2,1,0,10,8,4,0,1,0,0,0,0,2,1,6,1,30,6,-1,-1,-1,-1,1,1,W01001835,0
Unvalidated,2024622400450,2024,622400450,1,9,0,18,4,8,0,1,0,11,0,0,1,1,1,1,56,9,-1,-1,-1,-1,3,3,W01001205,0
Unvalidated,2024622400451,2024,622400451,1,19,0,18,8,4,0,0,0,0,0,0,1,1,2,1,28,6,-1,-1,-1,-1,4,3,W01000681,0
Unvalidated,2024622400451,2024,622400451,2,9,0,3,8,4,0,0,0,0,0,0,2,1,2,1,18,4,-1,-1,-1,-1,2,1,W01001253,0
Unvalidated,2024622400451,2024,622400451,3,9,0,3,8,4,0,0,0,0,0,0,2,1,6,1,26,6,-1,-1,-1,-1,5,1,W01000505,0
Unvalidated,2024622400452,2024,622400452,1,2,0,18,7,3,0,0,0,2,0,0,1,1,6,1,24,5,-1,-1,-1,-1,10,1,W01001794,0
Unvalidated,2024622400453,2024,622400453,1,9,0,5,4,2,0,1,0,0,0,0,1,1,6,1,18,4,-1,-1,-1,-1,9,2,W01001658,0
Unvalidated,2024622400453,2024,622400453,2,97,0,18,2,6,0,1,0,0,0,0,1,1,1,1,51,8,-1,-1,-1,-1,6,1,W01001840,0
Unvalidated,2024622400454,2024,622400454,1,9,0,18,6,2,0,0,0,0,0,0,1,1,6,3,-1,-1,-1,-1,-1,-1,-1,-1,-1,0
Unvalidated,2024622400454,2024,622400454,2,19,0,3,6,2,0,0,0,0,0,0,2,1,6,1,65,9,-1,-1,-1,-1,7,1,W01001947,0
Unvalidated,2024622400454,2024,622400454,3,9,0,3,6,2,0,0,0,0,0,0,2,1,6,2,28,6,-1,-1,-1,-1,5,1,E01027350,0
Unvalidated,2024622400455,2024,622400455,1,1,0,18,2,6,0,0,0,0,0,0,4,1,6,1,14,3,-1,-1,-1,-1,10,1,W01001850,0
Unvalidated,2024622400455,2024,622400455,2,9,0,18,6,2,0,0,0,0,0,0,4,1,6,2,43,7,-1,-1,-1,-1,-1,-1,-1,0
Unvalidated,2024622400456,2024,622400456,1,9,0,5,2,6,0,0,0,0,0,0,1,1,1,2,41,7,-1,-1,-1,-1,8,1,W01001122,0
Unvalidated,2024622400456,2024,622400456,2,3,0,18,6,2,0,0,0,0,0,0,1,1,1,1,20,4,-1,-1,-1,-1,8,1,W01001122,0
Unvalidated,2024622400457,2024,622400457,1,19,0,18,6,2,0,1,0,0,0,0,1,1,6,1,40,7,-1,-1,-1,-1,1,1,W01000817,0
Unvalidated,2024622400458,2024,622400458,1,9,0,18,2,6,0,4,0,0,0,0,0,1,6,3,-1,-1,-1,-1,-1,-1,-1,-1,-1,0
Unvalidated,2024622400458,2024,622400458,2,97,0,17,2,6,0,4,0,0,0,0,2,1,6,1,68,10,-1,-1,-1,-1,1,1,W01001166,0
Unvalidated,2024622400459,2024,622400459,1,9,0,7,6,8,0,6,0,0,1,4,1,1,6,2,39,7,-1,-1,-1,-1,3,1,W01001792,0
Unvalidated,2024622400459,2024,622400459,2,19,0,18,5,1,0,1,0,0,0,0,3,1,6,1,27,6,-1,-1,-1,-1,3,1,W01001909,0
Unvalidated,2024622400460,2024,622400460,1,9,0,18,4,8,0,0,0,0,0,0,1,1,6,1,28,6,-1,-1,-1,-1,5,1,E01010008,0
Unvalidated,2024622400460,2024,622400460,2,9,0,18,4,8,0,0,0,0,0,0,2,1,6,1,26,6,-1,-1,-1,-1,3,1,W01000941,0
Unvalidated,2024622400460,2024,622400460,3,9,0,18,4,8,0,0,0,0,0,0,2,1,6,2,51,8,-1,-1,-1,-1,3,2,W01000848,0
Unvalidated,2024622400461,2024,622400461,1,9,0,17,6,2,0,0,0,10,1,1,1,1,6,1,23,5,-1,-1,-1,-1,8,2,W01001252,0
Unvalidated,2024622400462,2024,622400462,1,19,0,18,8,4,0,1,0,0,0,0,1,1,6,2,21,5,-1,-1,-1,-1,9,1,W01001196,0
Unvalidated,2024622400462,2024,622400462,2,9,0,18,8,4,0,1,0,0,0,0,2,1,6,2,36,7,-1,-1,-1,-1,4,1,W01001424,0
Unvalidated,2024622400463,2024,622400463,1,9,0,5,6,2,0,1,0,0,0,0,1,1,6,1,64,9,-1,-1,-1,-1,1,1,W01001266,0
Unvalidated,2024622400463,2024,622400463,2,9,0,3,6,2,0,1,0,0,0,0,2,1,2,1,18,4,-1,-1,-1,-1,1,1,W01001266,0
Unvalidated,2024622400465,2024,622400465,1,9,0,18,8,3,0,0,0,0,0,0,1,1,6,1,23,5,-1,-1,-1,-1,2,1,W01000994,0
Unvalidated,2024622400465,2024,622400465,2,9,0,3,7,4,0,0,0,0,0,0,2,1,2,1,47,8,-1,-1,-1,-1,4,1,W01000754,0
Unvalidated,2024622400466,2024,622400466,1,9,0,16,6,2,0,4,0,0,0,0,1,1,1,2,20,4,-1,-1,-1,-1,6,1,W01001129,0
Unvalidated,2024622400466,2024,622400466,2,9,0,16,6,2,0,4,0,0,0,0,2,1,1,1,-1,-1,-1,-1,-1,-1,7,1,W01001003,0
Unvalidated,2024622400467,2024,622400467,1,9,0,9,8,5,0,5,0,0,0,0,1,1,6,2,26,6,-1,-1,-1,-1,10,1,W01000791,0
Unvalidated,2024622400467,2024,622400467,2,9,0,4,4,8,0,1,0,0,0,0,1,1,6,1,61,9,-1,-1,-1,-1,7,1,W01000813,0
Unvalidated,2024622400468,2024,622400468,1,19,0,18,1,4,0,0,0,0,0,0,1,1,1,1,19,4,-1,-1,-1,-1,3,2,W01001278,0
Unvalidated,2024622400468,2024,622400468,2,9,0,4,1,5,0,0,0,0,0,0,1,1,6,2,20,4,-1,-1,-1,-1,2,1,W01001393,0
Unvalidated,2024622400468,2024,622400468,3,9,0,4,1,5,0,0,0,0,0,0,1,1,6,1,39,7,-1,-1,-1,-1,6,1,W01001520,0
Unvalidated,2024622400470,2024,622400470,1,5,0,17,6,2,0,0,0,0,1,10,1,1,2,1,53,8,-1,-1,-1,-1,3,1,W01001261,0
Unvalidated,2024622400473,2024,622400473,1,5,0,17,7,3,0,4,1,0,1,2,1,1,6,1,42,7,-1,-1,-1,-1,9,1,W01000998,0
Unvalidated,2024622400480,2024,622400480,1,3,0,5,2,6,0,3,0,0,0,0,2,1,6,1,19,4,-1,-1,-1,-1,3,2,W01001278,0
Unvalidated,2024622400480,2024,622400480,2,9,0,5,2,6,0,3,0,0,0,0,1,1,6,3,-1,-1,-1,-1,-1,-1,-1,-1,-1,0
Unvalidated,2024622400490,2024,622400490,1,11,0,9,7,4,0,8,0,0,0,0,1,1,1,1,58,9,-1,-1,-1,-1,2,3,W01000920,0
Unvalidated,2024622400490,2024,622400490,2,9,0,18,8,4,0,1,0,0,0,0,3,1,6,1,46,8,-1,-1,-1,-1,2,1,W01001015,0
Unvalidated,2024622400493,2024,622400493,1,1,0,18,6,2,0,0,0,0,0,0,3,1,6,1,13,3,-1,-1,-1,-1,1,1,W01000836,0
Unvalidated,2024622400493,2024,622400493,2,97,0,18,6,2,0,0,0,0,0,0,4,1,1,1,64,9,-1,-1,-1,-1,5,3,W01000662,0
Unvalidated,2024622400494,2024,622400494,1,23,0,18,7,3,0,2,0,0,0,0,1,1,6,3,-1,-1,-1,-1,-1,-1,-1,-1,-1,0
Unvalidated,2024622400495,2024,622400495,1,9,0,18,3,7,0,0,0,0,1,11,1,1,6,1,79,11,-1,-1,-1,-1,8,1,W01000797,0
Unvalidated,2024622400496,2024,622400496,1,9,0,18,3,7,0,1,1,0,0,0,1,1,2,1,56,9,-1,-1,-1,-1,2,1,W01001785,0
Unvalidated,2024622400497,2024,622400497,1,1,0,18,3,7,0,8,0,0,0,0,1,1,6,1,16,4,-1,-1,-1,-1,1,1,W01001260,0
Unvalidated,2024622400497,2024,622400497,2,9,0,18,1,5,0,8,0,0,0,0,1,1,6,1,36,7,-1,-1,-1,-1,3,1,W01001171,0
Unvalidated,2024622400498,2024,622400498,1,9,0,7,5,8,0,1,0,0,0,0,3,1,6,2,17,4,-1,-1,-1,-1,4,1,W01000947,0
Unvalidated,2024622400498,2024,622400498,2,1,0,18,6,2,0,1,0,0,0,0,4,1,6,2,53,8,-1,-1,-1,-1,4,1,W01000947,0
Unvalidated,2024622400515,2024,622400515,1,5,0,18,3,6,0,1,0,0,0,0,1,1,1,1,49,8,-1,-1,-1,-1,3,1,W01001261,0
Unvalidated,2024622400515,2024,622400515,2,9,0,4,3,6,0,1,0,0,0,0,1,1,6,2,57,9,-1,-1,-1,-1,3,1,W01001200,0
Unvalidated,2024622400516,2024,622400516,1,9,0,1,3,7,0,1,0,0,0,0,2,1,6,1,41,7,-1,-1,-1,-1,8,3,W01001914,0
Unvalidated,2024631393698,2024,631393698,1,9,0,18,2,6,0,2,2,0,7,11,1,1,5,1,79,11,-1,-1,-1,-1,7,3,W01000475,0