status,collision_index,collision_year,collision_reference,vehicle_reference,vehicle_type,towing_and_articulation,vehicle_manoeuvre,vehicle_direction_from,vehicle_direction_to,vehicle_location_restricted_lane,junction_location,skidding_and_overturning,hit_object_in_carriageway,vehicle_leaving_carriageway,hit_object_off_carriageway,first_point_of_impact,vehicle_left_hand_drive,journey_purpose_of_driver,sex_of_driver,age_of_driver,age_band_of_driver,engine_capacity_cc,propulsion_code,age_of_vehicle,generic_make_model,driver_imd_decile,driver_home_area_type,lsoa_of_driver,escooter_flag
Unvalidated,2024631394123,2024,631394123,1,9,0,18,1,5,0,0,1,0,1,11,1,1,5,2,45,7,-1,-1,-1,-1,2,2,W01000498,0
Unvalidated,2024631394170,2024,631394170,1,9,0,18,6,2,0,0,0,0,8,10,1,1,5,2,59,9,-1,-1,-1,-1,5,2,W01000531,0
Unvalidated,2024631394242,2024,631394242,1,20,4,18,4,8,0,8,0,0,3,11,0,1,1,1,50,8,-1,-1,-1,-1,1,1,W01000830,0
Unvalidated,2024631394242,2024,631394242,2,9,0,18,2,6,0,8,0,0,0,0,1,1,5,2,46,8,-1,-1,-1,-1,5,3,W01000551,0
Unvalidated,2024631394277,2024,631394277,1,9,0,18,2,6,0,0,5,4,0,0,1,1,2,1,62,9,-1,-1,-1,-1,7,2,W01000735,0
Unvalidated,2024631394277,2024,631394277,2,9,0,2,0,0,0,0,0,0,1,11,3,1,6,3,-1,-1,-1,-1,-1,-1,-1,-1,-1,0
Unvalidated,2024631394972,2024,631394972,1,9,0,18,7,3,0,0,2,0,8,10,1,1,2,2,52,8,-1,-1,-1,-1,6,3,W01000471,0
Unvalidated,2024631395039,2024,631395039,1,9,0,18,6,2,0,0,2,0,2,10,4,1,1,2,19,4,-1,-1,-1,-1,8,3,W01000485,0
Unvalidated,2024631395245,2024,631395245,1,9,0,18,8,4,6,0,0,0,1,11,4,1,5,2,81,11,-1,-1,-1,-1,6,2,W01000487,0
Unvalidated,2024631395270,2024,631395270,1,9,0,9,8,6,0,6,0,0,0,0,1,1,2,2,56,9,-1,-1,-1,-1,4,2,W01000605,0
Unvalidated,2024631395270,2024,631395270,2,3,0,16,3,6,0,8,1,0,0,0,3,1,6,1,17,4,-1,-1,-1,-1,4,2,W01000605,0
Unvalidated,2024631395376,2024,631395376,1,98,0,12,2,6,0,0,0,0,0,0,0,1,6,3,20,4,-1,-1,-1,-1,6,3,W01000720,0
Unvalidated,2024631395376,2024,631395376,2,11,0,18,6,2,0,0,0,0,1,10,4,1,1,1,56,9,-1,-1,-1,-1,5,3,W01000728,0
Unvalidated,2024631395520,2024,631395520,1,9,0,12,6,2,0,0,0,0,7,7,3,1,5,1,84,11,-1,-1,-1,-1,8,3,W01000476,0
Unvalidated,2024631395615,2024,631395615,1,9,0,1,3,7,0,0,0,0,0,0,2,1,5,1,33,6,-1,-1,-1,-1,6,3,W01000614,0
Unvalidated,2024631395615,2024,631395615,2,9,0,4,8,3,0,0,0,0,0,0,1,1,5,1,29,6,-1,-1,-1,-1,7,3,E01022221,0
Unvalidated,2024631396055,2024,631396055,1,98,0,13,5,1,0,0,0,0,0,0,4,1,6,1,56,9,-1,-1,-1,-1,5,3,W01000617,0
Unvalidated,2024631396055,2024,631396055,2,1,0,18,5,1,0,0,0,0,0,0,3,1,5,2,52,8,-1,-1,-1,-1,1,1,W01000570,0
Unvalidated,2024631396087,2024,631396087,1,9,0,18,1,4,0,1,0,0,0,0,1,1,5,2,25,5,-1,-1,-1,-1,5,2,W01000599,0
Unvalidated,2024631396087,2024,631396087,2,9,0,4,1,4,0,1,0,0,1,10,2,1,5,1,72,10,-1,-1,-1,-1,8,3,W01000554,0
Unvalidated,2024631396189,2024,631396189,1,4,0,18,4,8,0,0,1,11,0,0,1,1,2,1,43,7,-1,-1,-1,-1,7,3,W01000523,0
Unvalidated,2024631396759,2024,631396759,1,9,0,18,5,1,0,0,1,0,7,11,1,1,2,1,25,5,-1,-1,-1,-1,5,3,W01000542,0
Unvalidated,2024631396919,2024,631396919,1,9,0,18,2,6,0,0,0,0,1,11,1,1,6,2,73,10,-1,-1,-1,-1,8,3,W01000699,0
Unvalidated,2024631397360,2024,631397360,1,9,0,18,8,4,0,0,0,0,0,0,1,1,5,2,20,4,-1,-1,-1,-1,5,3,W01000617,0
Unvalidated,2024631397360,2024,631397360,2,9,0,4,8,4,0,0,0,0,0,0,2,1,5,2,35,6,-1,-1,-1,-1,5,3,W01000537,0
Unvalidated,2024631397363,2024,631397363,1,9,0,12,2,6,0,0,1,0,8,10,1,1,5,1,22,5,-1,-1,-1,-1,7,3,W01000623,0
Unvalidated,2024631397363,2024,631397363,2,9,0,18,6,2,0,0,0,0,0,0,1,1,6,1,45,7,-1,-1,-1,-1,7,3,W01000623,0
Unvalidated,2024631397736,2024,631397736,1,9,0,13,2,6,0,0,0,0,0,0,4,1,6,1,-1,-1,-1,-1,-1,-1,-1,-1,-1,0
Unvalidated,2024631397736,2024,631397736,2,97,0,18,2,6,0,0,0,0,1,10,3,1,6,1,50,8,-1,-1,-1,-1,5,3,W01000723,0
Unvalidated,2024631397749,2024,631397749,1,9,0,18,4,8,0,1,0,0,0,0,1,1,5,1,86,11,-1,-1,-1,-1,9,2,W01000527,0
Unvalidated,2024631397749,2024,631397749,2,9,0,4,4,8,0,1,0,0,2,10,2,1,5,2,69,10,-1,-1,-1,-1,5,3,W01000529,0
Unvalidated,2024631397766,2024,631397766,1,9,0,18,2,6,0,8,0,0,0,0,4,1,2,2,37,7,-1,-1,-1,-1,5,2,W01000698,0
Unvalidated,2024631397978,2024,631397978,1,9,0,18,2,6,0,8,0,0,0,0,1,1,5,2,20,4,-1,-1,-1,-1,7,3,W01000523,0
Unvalidated,2024631397978,2024,631397978,2,9,0,9,4,2,0,6,0,0,0,0,3,1,5,1,51,8,-1,-1,-1,-1,9,3,W01000549,0
Unvalidated,2024631398068,2024,631398068,1,9,0,9,1,7,0,5,0,0,0,0,3,1,5,1,32,6,-1,-1,-1,-1,5,3,W01000546,0
Unvalidated,2024631398068,2024,631398068,2,97,0,13,1,5,0,8,0,0,7,0,1,1,5,1,33,6,-1,-1,-1,-1,2,1,W01000957,0
Unvalidated,2024631398383,2024,631398383,1,9,0,18,1,5,0,1,0,0,0,0,1,1,2,1,71,10,-1,-1,-1,-1,7,3,W01000562,0
Unvalidated,2024631398603,2024,631398603,1,9,0,18,2,6,0,0,1,0,7,10,1,1,2,1,76,11,-1,-1,-1,-1,7,3,W01000475,0
Unvalidated,2024631398603,2024,631398603,2,9,0,18,6,2,0,0,0,0,1,10,1,1,5,2,47,8,-1,-1,-1,-1,8,3,W01000444,0
Unvalidated,2024631398633,2024,631398633,1,9,0,14,4,8,0,8,1,4,0,0,1,1,6,2,82,11,-1,-1,-1,-1,5,3,E01018233,0
Unvalidated,2024631398633,2024,631398633,2,98,0,2,0,0,6,8,0,0,0,0,2,1,1,1,58,9,-1,-1,-1,-1,2,1,W01000942,0
Unvalidated,2024631398723,2024,631398723,1,9,0,18,4,1,0,0,0,0,7,4,3,1,5,1,17,4,-1,-1,-1,-1,6,3,W01000543,0
Unvalidated,2024631399173,2024,631399173,1,98,0,5,4,1,0,6,0,0,1,10,3,1,1,2,39,7,-1,-1,-1,-1,1,1,W01001955,0
Unvalidated,2024631399173,2024,631399173,2,19,0,18,1,5,0,8,0,0,0,0,1,1,2,1,39,7,-1,-1,-1,-1,5,2,W01000533,0
Unvalidated,2024631399598,2024,631399598,1,9,0,18,4,7,0,1,0,0,0,0,1,1,6,3,-1,-1,-1,-1,-1,-1,-1,-1,-1,0
Unvalidated,2024631399598,2024,631399598,2,9,5,4,4,7,0,1,0,0,0,0,0,1,6,2,46,8,-1,-1,-1,-1,4,2,W01000656,0
Unvalidated,2024631399672,2024,631399672,1,9,0,12,8,4,0,0,0,0,7,10,1,1,6,1,80,11,-1,-1,-1,-1,4,3,W01000602,0
Unvalidated,2024631399672,2024,631399672,2,9,0,18,4,8,0,0,0,0,1,10,3,1,2,2,70,10,-1,-1,-1,-1,7,1,W01000573,0
Unvalidated,2024631399672,2024,631399672,3,9,0,18,4,8,0,0,0,0,0,0,1,1,2,2,22,5,-1,-1,-1,-1,7,3,W01000623,0
Unvalidated,2024631399706,2024,631399706,1,9,0,18,6,2,0,0,0,0,0,0,3,1,6,2,66,10,-1,-1,-1,-1,6,3,W01000496,0
Unvalidated,2024631399706,2024,631399706,2,9,0,12,2,6,0,0,0,0,0,0,1,1,3,2,61,9,-1,-1,-1,-1,1,1,W01000504,0
Unvalidated,2024631399708,2024,631399708,1,19,0,1,6,2,0,0,0,0,0,0,2,1,6,3,-1,-1,-1,-1,-1,-1,-1,-1,-1,0
Unvalidated,2024631399708,2024,631399708,2,9,0,18,2,6,0,0,0,0,0,0,1,1,1,1,45,7,-1,-1,-1,-1,9,2,W01000619,0
Unvalidated,2024631400075,2024,631400075,1,9,0,18,2,6,0,8,0,0,0,0,1,1,6,2,59,9,-1,-1,-1,-1,8,3,W01000624,0
Unvalidated,2024631400075,2024,631400075,2,9,0,9,4,2,0,6,0,0,0,0,3,1,6,1,71,10,-1,-1,-1,-1,8,3,W01000699,0
Unvalidated,2024631400186,2024,631400186,1,9,0,4,6,2,0,1,0,0,0,0,2,1,5,1,18,4,-1,-1,-1,-1,5,2,W01000533,0
Unvalidated,2024631400186,2024,631400186,2,9,0,18,6,2,0,1,2,0,0,0,1,1,6,1,28,6,-1,-1,-1,-1,6,3,W01000560,0
Unvalidated,2024631400201,2024,631400201,1,9,0,18,4,8,0,0,5,0,1,11,1,1,6,1,24,5,-1,-1,-1,-1,8,3,W01000429,0
Unvalidated,2024631400558,2024,631400558,1,9,0,17,7,4,0,0,5,11,2,10,1,1,5,2,36,7,-1,-1,-1,-1,6,3,W01000689,0
Unvalidated,2024631400560,2024,631400560,1,9,0,18,2,6,0,0,5,0,1,10,1,1,6,1,29,6,-1,-1,-1,-1,8,3,W01000116,0
Unvalidated,2024631400754,2024,631400754,1,9,0,18,7,2,0,0,2,0,2,10,1,1,5,1,19,4,-1,-1,-1,-1,7,1,W01001507,0
Unvalidated,2024631401041,2024,631401041,1,9,0,18,8,4,0,0,0,0,0,0,1,1,5,2,53,8,-1,-1,-1,-1,4,3,W01000688,0
Unvalidated,2024631401041,2024,631401041,2,98,0,4,8,4,0,0,0,0,1,10,2,1,1,1,46,8,-1,-1,-1,-1,8,3,W01000555,0
Unvalidated,2024631401400,2024,631401400,1,9,0,9,6,4,0,5,0,0,0,0,1,1,5,1,42,7,-1,-1,-1,-1,3,1,W01000480,0
Unvalidated,2024631401933,2024,631401933,1,9,0,16,1,4,0,0,0,11,0,0,1,1,2,2,33,6,-1,-1,-1,-1,7,3,W01000477,0
Unvalidated,2024631402586,2024,631402586,1,9,0,1,4,8,0,8,0,0,0,0,2,1,5,2,77,11,-1,-1,-1,-1,6,3,W01000550,0
Unvalidated,2024631402622,2024,631402622,1,9,0,18,2,6,0,0,0,0,0,0,1,1,5,2,27,6,-1,-1,-1,-1,7,2,W01001933,0
Unvalidated,2024631402622,2024,631402622,2,9,5,4,2,6,0,0,0,0,0,0,0,1,5,1,47,8,-1,-1,-1,-1,9,3,W01000441,0
Unvalidated,2024631402642,2024,631402642,1,3,0,16,8,3,0,0,0,0,7,7,1,1,6,1,27,6,-1,-1,-1,-1,3,1,W01000568,0
Unvalidated,2024631402642,2024,631402642,2,9,0,18,3,8,0,0,0,0,0,0,4,1,5,2,50,8,-1,-1,-1,-1,6,3,W01000579,0
Unvalidated,2024631402697,2024,631402697,1,3,0,16,6,1,0,0,1,0,8,11,1,1,6,1,16,4,-1,-1,-1,-1,2,1,W01000625,0
Unvalidated,2024631402918,2024,631402918,1,9,0,6,2,2,0,8,0,0,0,0,3,1,6,1,81,11,-1,-1,-1,-1,3,1,W01000655,0
Unvalidated,2024631402918,2024,631402918,2,3,0,18,2,6,0,2,0,0,0,0,4,1,1,1,19,4,-1,-1,-1,-1,6,1,W01000667,0
Unvalidated,2024631402951,2024,631402951,1,9,0,13,4,8,0,0,0,0,0,0,0,1,6,3,-1,-1,-1,-1,-1,-1,-1,-1,-1,0
Unvalidated,2024631402951,2024,631402951,2,19,0,18,8,4,0,0,2,0,2,10,1,1,2,1,42,7,-1,-1,-1,-1,8,3,W01000429,0
Unvalidated,2024631402951,2024,631402951,3,9,0,4,8,4,0,0,0,0,0,0,2,1,2,2,45,7,-1,-1,-1,-1,8,3,W01000429,0
Unvalidated,2024631402951,2024,631402951,4,21,0,18,4,8,0,0,0,0,0,0,0,1,6,3,-1,-1,-1,-1,-1,-1,-1,-1,-1,0
Unvalidated,2024631403114,2024,631403114,1,9,0,18,2,6,0,0,5,0,0,0,1,1,6,1,55,8,-1,-1,-1,-1,5,2,W01000533,0
Unvalidated,2024631403148,2024,631403148,1,9,0,17,3,8,0,0,5,0,2,10,4,1,5,1,17,4,-1,-1,-1,-1,7,3,W01000523,0
Unvalidated,2024631403348,2024,631403348,1,5,0,18,7,3,0,8,0,0,0,0,1,1,6,1,24,5,-1,-1,-1,-1,3,1,W01000588,0
Unvalidated,2024631403348,2024,631403348,2,98,0,9,3,1,0,5,0,0,0,0,4,1,2,1,53,8,-1,-1,-1,-1,4,1,W01000591,0
Unvalidated,2024631403603,2024,631403603,1,3,0,18,4,8,0,0,1,0,1,4,4,1,5,1,17,4,-1,-1,-1,-1,7,1,E01028988,0
Unvalidated,2024631404408,2024,631404408,1,9,0,12,7,3,0,0,0,0,0,0,1,1,1,2,66,10,-1,-1,-1,-1,2,1,W01000856,0
Unvalidated,2024631404408,2024,631404408,2,9,0,2,0,0,0,0,0,0,0,0,1,1,6,3,-1,-1,-1,-1,-1,-1,-1,-1,-1,0
Unvalidated,2024631404483,2024,631404483,1,98,0,18,6,3,0,0,0,0,0,0,1,1,6,3,-1,-1,-1,-1,-1,-1,-1,-1,-1,0
Unvalidated,2024631404483,2024,631404483,2,9,0,18,3,6,0,0,0,0,0,0,1,1,6,2,31,6,-1,-1,-1,-1,8,3,W01000453,0
Unvalidated,2024631405146,2024,631405146,1,21,0,18,7,2,0,0,0,0,0,0,3,1,6,3,-1,-1,-1,-1,-1,-1,-1,-1,-1,0
Unvalidated,2024631405146,2024,631405146,2,9,0,18,2,7,0,0,0,0,0,0,3,1,1,1,64,9,-1,-1,-1,-1,3,1,W01001923,0
Unvalidated,2024631405265,2024,631405265,1,9,0,18,6,2,0,2,0,0,0,0,1,1,5,1,25,5,-1,-1,-1,-1,-1,-1,-1,0
Unvalidated,2024631405265,2024,631405265,2,9,0,18,2,6,0,1,0,0,0,0,1,1,5,1,27,6,-1,-1,-1,-1,4,1,W01000586,0
Unvalidated,2024631405265,2024,631405265,3,9,0,4,6,2,0,2,0,0,0,0,0,1,5,2,48,8,-1,-1,-1,-1,4,1,W01000586,0
Unvalidated,2024631405277,2024,631405277,1,9,0,18,1,6,0,1,0,0,1,4,1,1,6,1,56,9,-1,-1,-1,-1,7,3,W01000488,0
Unvalidated,2024631405324,2024,631405324,1,11,0,5,6,2,0,0,0,0,0,0,3,1,1,1,67,10,-1,-1,-1,-1,5,3,W01000528,0
Unvalidated,2024631405324,2024,631405324,2,19,0,18,2,6,0,0,0,0,0,0,3,1,2,1,44,7,-1,-1,-1,-1,8,1,W01000892,0
Unvalidated,2024631405380,2024,631405380,1,9,0,18,2,5,0,0,1,0,2,7,3,1,5,1,76,11,-1,-1,-1,-1,6,3,W01000538,0
Unvalidated,2024631405380,2024,631405380,2,9,0,18,5,2,0,0,0,0,1,10,3,1,5,2,80,11,-1,-1,-1,-1,6,3,W01000539,0
Unvalidated,2024631405432,2024,631405432,1,9,0,18,4,8,0,0,0,0,1,1,1,1,5,2,18,4,-1,-1,-1,-1,5,1,E01012544,0
Unvalidated,2024631405673,2024,631405673,1,98,0,13,8,4,0,0,5,0,8,10,3,1,1,1,29,6,-1,-1,-1,-1,8,2,W01000917,0
Unvalidated,2024631405673,2024,631405673,2,98,4,12,8,4,0,0,0,0,0,0,0,1,1,1,50,8,-1,-1,-1,-1,8,2,W01001563,0
Unvalidated,2024631405673,2024,631405673,3,9,0,4,8,4,0,0,0,0,0,0,0,1,1,1,64,9,-1,-1,-1,-1,8,1,E01013996,0
Unvalidated,2024631405794,2024,631405794,1,9,0,7,7,2,0,2,0,0,7,3,1,1,6,1,25,5,-1,-1,-1,-1,2,3,W01000498,0
Unvalidated,2024631405901,2024,631405901,1,9,0,16,5,8,0,0,5,0,0,0,1,1,6,2,34,6,-1,-1,-1,-1,8,3,W01000649,0
Unvalidated,2024631405902,2024,631405902,1,9,0,18,3,7,0,1,0,0,0,0,1,1,6,1,34,6,-1,-1,-1,-1,7,2,W01000501,0
Unvalidated,2024631405902,2024,631405902,2,9,0,4,3,7,0,1,0,0,0,0,2,1,6,2,60,9,-1,-1,-1,-1,7,3,W01000434,0
Unvalidated,2024631406612,2024,631406612,1,9,0,18,4,8,0,0,1,0,2,10,1,1,5,2,30,6,-1,-1,-1,-1,2,1,W01000483,0
Unvalidated,2024631406951,2024,631406951,1,9,0,18,2,6,0,8,1,0,0,0,1,1,5,1,23,5,-1,-1,-1,-1,4,3,W01000730,0
Unvalidated,2024631406951,2024,631406951,2,9,0,9,8,6,0,6,0,0,0,0,2,1,5,2,33,6,-1,-1,-1,-1,7,1,W01000731,0
Unvalidated,2024631406955,2024,631406955,1,9,0,18,3,7,0,2,1,4,2,10,1,1,1,1,46,8,-1,-1,-1,-1,3,1,W01000588,0
Unvalidated,2024631406955,2024,631406955,2,9,0,18,3,7,0,2,0,0,0,0,4,1,5,2,54,8,-1,-1,-1,-1,2,2,W01000600,0
Unvalidated,2024631406955,2024,631406955,3,19,5,2,0,0,6,2,0,0,0,0,2,1,1,1,33,6,-1,-1,-1,-1,6,3,W01000579,0
Unvalidated,2024631406983,2024,631406983,1,19,0,18,8,4,0,1,0,0,0,0,1,1,6,3,-1,-1,-1,-1,-1,-1,-1,-1,-1,0
Unvalidated,2024631406983,2024,631406983,2,19,0,4,8,4,0,1,0,0,0,0,2,1,2,1,35,6,-1,-1,-1,-1,8,1,E01028930,0
Unvalidated,2024631406983,2024,631406983,3,9,0,10,8,5,0,8,0,0,0,0,2,1,6,2,55,8,-1,-1,-1,-1,9,3,W01000441,0
Unvalidated,2024631407027,2024,631407027,1,9,0,17,3,8,0,0,5,6,2,10,4,1,6,1,66,10,-1,-1,-1,-1,6,3,W01000560,0
Unvalidated,2024631407324,2024,631407324,1,9,0,13,6,2,0,0,1,0,7,10,1,1,6,1,44,7,-1,-1,-1,-1,4,1,W01001314,0
Unvalidated,2024631407324,2024,631407324,2,21,4,18,6,2,0,0,0,0,0,0,0,1,6,1,52,8,-1,-1,-1,-1,7,1,E01023203,0
Unvalidated,2024631407338,2024,631407338,1,9,4,13,6,2,0,0,4,0,8,10,4,1,6,1,58,9,-1,-1,-1,-1,9,1,W01001934,0
Unvalidated,2024631407338,2024,631407338,2,98,0,12,6,2,0,0,0,0,0,0,3,1,1,1,21,5,-1,-1,-1,-1,8,3,W01000624,0
Unvalidated,2024631407376,2024,631407376,1,9,0,18,1,4,0,0,1,0,8,10,1,1,5,1,51,8,-1,-1,-1,-1,6,1,W01001389,0
Unvalidated,2024631407415,2024,631407415,1,21,0,13,3,7,0,0,0,0,0,0,4,1,1,1,49,8,-1,-1,-1,-1,5,3,W01000662,0
Unvalidated,2024631407415,2024,631407415,2,1,0,14,3,7,0,0,0,0,0,0,3,1,2,1,38,7,-1,-1,-1,-1,2,1,W01000659,0
Unvalidated,2024631407741,2024,631407741,1,9,0,18,6,2,0,0,5,0,8,10,1,1,1,2,26,6,-1,-1,-1,-1,5,2,W01000566,0
Unvalidated,2024631408159,2024,631408159,1,9,0,4,3,7,0,2,0,0,0,0,3,1,5,1,69,10,-1,-1,-1,-1,5,2,W01000621,0
Unvalidated,2024631408159,2024,631408159,2,9,0,18,3,7,0,2,0,0,7,11,1,1,5,1,76,11,-1,-1,-1,-1,7,3,W01000553,0
Unvalidated,2024631408207,2024,631408207,1,9,0,18,3,7,0,0,0,0,0,0,4,1,2,2,34,6,-1,-1,-1,-1,6,1,W01000630,0
Unvalidated,2024631408253,2024,631408253,1,9,0,13,7,4,0,0,1,0,0,0,3,1,5,2,51,8,-1,-1,-1,-1,6,3,W01000558,0
Unvalidated,2024631408253,2024,631408253,2,9,0,18,4,7,0,0,1,0,1,10,4,1,5,1,49,8,-1,-1,-1,-1,6,3,W01000550,0
Unvalidated,2024631408253,2024,631408253,3,98,0,4,7,4,0,0,0,0,0,0,3,1,2,1,51,8,-1,-1,-1,-1,2,1,E01005343,0
Unvalidated,2024631408278,2024,631408278,1,9,0,18,5,2,0,0,5,0,2,10,4,1,5,2,18,4,-1,-1,-1,-1,6,2,W01000509,0
Unvalidated,2024631408681,2024,631408681,1,9,0,18,7,2,0,0,1,0,1,3,1,1,5,1,24,5,-1,-1,-1,-1,8,3,E01013792,0
Unvalidated,2024631409170,2024,631409170,1,19,0,18,2,6,0,0,0,0,0,0,4,1,6,1,36,7,-1,-1,-1,-1,3,2,W01000670,0
Unvalidated,2024631409735,2024,631409735,1,9,0,18,7,2,0,1,0,0,0,0,1,1,1,1,33,6,-1,-1,-1,-1,3,1,W01000641,0
Unvalidated,2024631409735,2024,631409735,2,9,0,8,7,2,0,8,0,0,0,0,2,1,5,1,42,7,-1,-1,-1,-1,6,3,W01000720,0
Unvalidated,2024631410250,2024,631410250,1,9,0,18,1,5,0,8,1,0,1,4,1,1,2,2,26,6,-1,-1,-1,-1,8,1,W01000759,0
Unvalidated,2024631410251,2024,631410251,1,9,0,17,7,4,0,0,1,0,1,4,3,1,6,2,35,6,-1,-1,-1,-1,7,3,W01000477,0
Unvalidated,2024631410367,2024,631410367,1,1,0,13,5,1,0,8,0,0,0,0,1,1,6,2,46,8,-1,-1,-1,-1,7,3,W01000548,0
Unvalidated,2024631410367,2024,631410367,2,9,0,9,5,3,0,5,0,0,0,0,3,1,1,1,49,8,-1,-1,-1,-1,7,3,W01001937,0
Unvalidated,2024631410835,2024,631410835,1,9,0,4,3,6,0,0,0,0,0,0,2,1,6,1,32,6,-1,-1,-1,-1,8,3,W01000552,0
Unvalidated,2024631410835,2024,631410835,2,9,0,18,3,6,0,0,0,0,0,0,1,1,6,2,75,10,-1,-1,-1,-1,9,3,W01000534,0
Unvalidated,2024631411078,2024,631411078,1,9,0,18,5,1,0,0,5,0,1,10,1,1,6,1,45,7,-1,-1,-1,-1,1,1,E01006567,0
Unvalidated,2024631411181,2024,631411181,1,9,0,18,2,6,0,0,0,0,7,11,1,1,5,1,37,7,-1,-1,-1,-1,2,1,W01000707,0
Unvalidated,2024631411271,2024,631411271,1,19,0,9,1,7,0,6,0,0,0,0,3,1,1,1,27,6,-1,-1,-1,-1,4,1,W01001258,0
Unvalidated,2024631411273,2024,631411273,1,9,0,18,2,6,0,0,2,0,2,4,1,1,6,1,26,6,-1,-1,-1,-1,5,3,W01000685,0
Unvalidated,2024631411280,2024,631411280,1,5,0,18,8,4,0,0,1,0,0,0,1,1,5,1,31,6,-1,-1,-1,-1,6,3,E01024530,0
Unvalidated,2024631411280,2024,631411280,2,5,0,18,4,8,0,0,1,0,0,0,1,1,5,1,56,9,-1,-1,-1,-1,6,2,W01000926,0
Unvalidated,2024631411289,2024,631411289,1,9,0,5,5,1,0,6,0,0,0,0,3,1,5,1,62,9,-1,-1,-1,-1,1,1,W01001924,0
Unvalidated,2024631411289,2024,631411289,2,9,0,18,5,1,0,8,0,0,0,0,4,1,5,1,45,7,-1,-1,-1,-1,2,1,W01000660,0
Unvalidated,2024631411327,2024,631411327,1,9,0,18,2,6,0,6,1,0,3,10,1,1,6,2,18,4,-1,-1,-1,-1,7,3,W01000507,0
Unvalidated,2024631411669,2024,631411669,1,98,4,18,2,6,0,2,0,0,0,0,0,1,6,3,-1,-1,-1,-1,-1,-1,7,1,W01000572,0
Unvalidated,2024631411669,2024,631411669,2,9,0,18,6,2,0,8,0,0,0,0,1,1,6,1,39,7,-1,-1,-1,-1,7,2,W01000565,0
Unvalidated,2024631411700,2024,631411700,1,9,0,18,3,8,0,0,5,0,7,10,1,1,2,1,22,5,-1,-1,-1,-1,6,3,W01000559,0
Unvalidated,2024631412060,2024,631412060,1,3,0,18,8,4,0,0,0,0,0,0,1,1,6,1,26,6,-1,-1,-1,-1,5,1,W01000627,0
Unvalidated,2024631412060,2024,631412060,2,9,0,18,4,8,0,0,0,0,0,0,1,1,6,3,-1,-1,-1,-1,-1,-1,-1,-1,-1,0
Unvalidated,2024631412204,2024,631412204,1,9,0,18,2,6,0,0,5,0,2,10,4,1,5,1,22,5,-1,-1,-1,-1,2,1,E01022164,0
Unvalidated,2024631412638,2024,631412638,1,19,0,18,4,7,0,0,0,0,7,4,3,1,5,1,30,6,-1,-1,-1,-1,2,1,W01000707,0
Unvalidated,2024631412657,2024,631412657,1,9,0,5,6,4,0,6,0,0,0,0,1,1,6,1,48,8,-1,-1,-1,-1,2,1,W01000594,0
Unvalidated,2024631412657,2024,631412657,2,22,0,18,8,4,0,8,0,0,0,0,3,1,6,2,70,10,-1,-1,-1,-1,1,2,W01000601,0
Unvalidated,2024631412937,2024,631412937,1,9,0,18,6,2,0,0,5,0,2,10,1,1,2,2,28,6,-1,-1,-1,-1,7,3,W01000460,0
Unvalidated,2024631412967,2024,631412967,1,9,0,18,5,8,0,0,0,0,0,0,0,1,2,2,30,6,-1,-1,-1,-1,3,1,W01001923,0
Unvalidated,2024631412967,2024,631412967,2,9,0,18,5,8,0,0,0,0,0,0,1,1,2,2,58,9,-1,-1,-1,-1,3,2,W01000633,0
Unvalidated,2024631413051,2024,631413051,1,9,0,16,4,7,0,8,0,0,3,11,1,1,6,1,53,8,-1,-1,-1,-1,4,1,W01000587,0
Unvalidated,2024631413175,2024,631413175,1,9,0,18,5,1,0,0,5,0,1,10,4,1,1,2,21,5,-1,-1,-1,-1,7,3,W01000561,0
Unvalidated,2024631413796,2024,631413796,1,98,0,18,5,1,0,0,1,0,1,11,1,1,1,1,23,5,-1,-1,-1,-1,4,3,W01000697,0
Unvalidated,2024631413796,2024,631413796,2,9,0,3,5,1,0,0,0,0,0,0,2,1,5,1,85,11,-1,-1,-1,-1,8,3,W01000624,0
Unvalidated,2024631413796,2024,631413796,3,21,2,2,0,0,0,0,0,0,0,0,0,1,1,1,48,8,-1,-1,-1,-1,5,2,W01000528,0
Unvalidated,2024631413914,2024,631413914,1,9,0,9,5,3,0,8,0,0,0,0,4,1,5,2,79,11,-1,-1,-1,-1,4,1,W01000636,0
Unvalidated,2024631413914,2024,631413914,2,9,0,18,2,5,0,8,0,0,0,0,1,1,5,1,31,6,-1,-1,-1,-1,10,3,W01000792,0
Unvalidated,2024631414177,2024,631414177,1,98,0,18,2,6,0,0,0,0,0,0,1,1,6,3,-1,-1,-1,-1,-1,-1,-1,-1,-1,0
Unvalidated,2024631414177,2024,631414177,2,9,0,4,2,6,0,0,0,0,0,0,2,1,6,1,56,9,-1,-1,-1,-1,3,1,W01000626,0
Unvalidated,2024631414652,2024,631414652,1,9,0,18,6,2,0,8,0,0,0,0,4,1,3,1,52,8,-1,-1,-1,-1,2,1,E01008812,0
Unvalidated,2024631414652,2024,631414652,2,9,0,18,8,4,0,8,0,0,0,0,1,1,2,1,26,6,-1,-1,-1,-1,9,1,W01001934,0