status,collision_index,collision_year,collision_reference,vehicle_reference,vehicle_type,towing_and_articulation,vehicle_manoeuvre,vehicle_direction_from,vehicle_direction_to,vehicle_location_restricted_lane,junction_location,skidding_and_overturning,hit_object_in_carriageway,vehicle_leaving_carriageway,hit_object_off_carriageway,first_point_of_impact,vehicle_left_hand_drive,journey_purpose_of_driver,sex_of_driver,age_of_driver,age_band_of_driver,engine_capacity_cc,propulsion_code,age_of_vehicle,generic_make_model,driver_imd_decile,driver_home_area_type,lsoa_of_driver,escooter_flag
Unvalidated,2024631414795,2024,631414795,1,9,0,7,1,3,0,6,0,0,1,10,4,1,5,2,67,10,-1,-1,-1,-1,8,3,W01000444,0
Unvalidated,2024631414840,2024,631414840,1,9,0,12,4,8,0,0,0,0,7,10,1,1,6,2,23,5,-1,-1,-1,-1,8,1,W01001755,0
Unvalidated,2024631414840,2024,631414840,2,9,0,18,8,4,0,0,0,0,0,0,1,1,1,1,55,8,-1,-1,-1,-1,7,2,W01000597,0
Unvalidated,2024631414841,2024,631414841,1,9,0,18,6,2,0,2,0,0,3,2,1,1,6,1,63,9,-1,-1,-1,-1,3,1,E01018998,0
Unvalidated,2024631414841,2024,631414841,2,9,0,4,2,6,0,1,0,0,0,0,4,2,1,1,27,6,-1,-1,-1,-1,3,1,W01000732,0
Unvalidated,2024631414841,2024,631414841,3,9,0,2,0,0,6,2,0,0,0,0,1,2,6,3,-1,-1,-1,-1,-1,-1,-1,-1,-1,0
Unvalidated,2024631414841,2024,631414841,4,9,0,2,0,0,6,2,0,0,1,11,1,2,6,3,-1,-1,-1,-1,-1,-1,-1,-1,-1,0
Unvalidated,2024631414841,2024,631414841,5,9,0,2,0,0,6,2,0,0,0,0,1,2,6,3,-1,-1,-1,-1,-1,-1,-1,-1,-1,0
Unvalidated,2024631414849,2024,631414849,1,9,0,18,2,6,0,8,0,0,3,4,1,1,5,1,25,5,-1,-1,-1,-1,8,3,W01000476,0
Unvalidated,2024631414921,2024,631414921,1,9,0,9,8,5,0,5,0,0,1,10,4,1,6,2,73,10,-1,-1,-1,-1,5,1,W01000593,0
Unvalidated,2024631414921,2024,631414921,2,9,0,18,4,8,0,8,0,0,0,0,1,1,1,2,19,4,-1,-1,-1,-1,5,1,W01000593,0
Unvalidated,2024631415162,2024,631415162,1,1,0,18,5,2,0,0,0,0,1,10,1,1,5,1,58,9,-1,-1,-1,-1,1,3,W01000511,0
Unvalidated,2024631415206,2024,631415206,1,9,0,18,1,4,0,1,1,0,0,0,1,1,6,3,-1,-1,-1,-1,-1,-1,-1,-1,-1,0
Unvalidated,2024631415206,2024,631415206,2,9,0,3,1,4,0,1,0,0,0,0,2,2,5,2,20,4,-1,-1,-1,-1,9,2,W01000710,0
Unvalidated,2024631415344,2024,631415344,1,3,0,18,4,0,0,0,1,0,0,0,0,1,1,1,22,5,-1,-1,-1,-1,6,3,W01000558,0
Unvalidated,2024631415426,2024,631415426,1,9,0,7,1,2,0,6,0,0,3,10,3,1,1,1,19,4,-1,-1,-1,-1,10,1,W01001956,0
Unvalidated,2024631415426,2024,631415426,2,9,0,18,6,2,0,8,0,0,0,0,4,1,5,3,74,10,-1,-1,-1,-1,8,3,W01000682,0
Unvalidated,2024631415721,2024,631415721,1,19,4,16,4,7,0,0,1,0,8,10,1,1,5,1,20,4,-1,-1,-1,-1,6,2,W01000487,0
Unvalidated,2024631415814,2024,631415814,1,9,0,18,6,2,0,0,2,0,8,10,1,1,5,1,21,5,-1,-1,-1,-1,8,3,W01000649,0
Unvalidated,2024631415914,2024,631415914,1,9,0,9,8,6,0,6,0,0,0,0,0,1,5,1,26,6,-1,-1,-1,-1,8,1,W01001945,0
Unvalidated,2024631415914,2024,631415914,2,9,0,4,6,2,0,1,0,0,1,10,2,1,5,2,32,6,-1,-1,-1,-1,3,1,W01001153,0
Unvalidated,2024631415914,2024,631415914,3,21,4,18,6,2,0,1,1,0,0,0,1,1,1,1,23,5,-1,-1,-1,-1,1,1,W01001480,0
Unvalidated,2024631416205,2024,631416205,1,9,0,18,8,4,0,0,0,0,1,11,4,1,6,1,83,11,-1,-1,-1,-1,6,3,W01000524,0
Unvalidated,2024631416217,2024,631416217,1,9,0,18,3,8,0,8,5,0,1,2,1,1,6,2,72,10,-1,-1,-1,-1,4,3,W01000944,0
Unvalidated,2024631416304,2024,631416304,1,9,0,18,5,1,0,0,5,0,1,10,4,1,5,1,29,6,-1,-1,-1,-1,1,3,W01000511,0
Unvalidated,2024631416455,2024,631416455,1,5,0,18,8,4,0,0,0,0,0,0,1,1,6,2,51,8,-1,-1,-1,-1,7,1,E01018699,0
Unvalidated,2024631416455,2024,631416455,2,9,0,4,8,4,0,0,0,0,0,0,2,1,1,2,46,8,-1,-1,-1,-1,6,2,W01000500,0
Unvalidated,2024631416601,2024,631416601,1,9,0,18,2,7,0,0,1,0,7,10,3,1,5,1,18,4,-1,-1,-1,-1,7,3,W01000735,0
Unvalidated,2024631416945,2024,631416945,1,9,0,18,2,6,0,2,0,0,0,0,4,1,6,2,53,8,-1,-1,-1,-1,9,3,W01000549,0
Unvalidated,2024631417208,2024,631417208,1,9,0,11,1,4,0,8,0,0,0,0,1,1,6,1,28,6,-1,-1,-1,-1,2,1,W01000707,0
Unvalidated,2024631417208,2024,631417208,2,9,0,18,1,5,0,8,0,0,0,0,3,1,6,1,47,8,-1,-1,-1,-1,4,3,W01000672,0
Unvalidated,2024631417265,2024,631417265,1,9,0,7,8,2,0,6,0,0,0,0,1,1,5,1,66,10,-1,-1,-1,-1,3,2,W01000608,0
Unvalidated,2024631417265,2024,631417265,2,9,0,18,5,2,0,8,0,0,0,0,4,1,5,1,79,11,-1,-1,-1,-1,4,3,W01000602,0
Unvalidated,2024631417355,2024,631417355,1,9,0,7,2,4,0,6,0,0,0,0,1,1,3,2,39,7,-1,-1,-1,-1,-1,1,-1,0
Unvalidated,2024631417355,2024,631417355,2,9,0,18,8,4,0,8,0,0,0,0,4,1,5,2,28,6,-1,-1,-1,-1,8,1,W01000644,0
Unvalidated,2024631417396,2024,631417396,1,9,5,17,5,2,0,0,0,0,0,0,1,1,5,2,62,9,-1,-1,-1,-1,6,3,W01000560,0
Unvalidated,2024631417396,2024,631417396,2,9,0,16,2,5,0,0,0,0,0,0,1,1,5,2,55,8,-1,-1,-1,-1,4,3,W01000646,0
Unvalidated,2024631417409,2024,631417409,1,4,0,18,2,6,0,8,0,0,0,0,1,1,6,1,62,9,-1,-1,-1,-1,5,1,W01000627,0
Unvalidated,2024631417409,2024,631417409,2,9,0,5,4,2,0,6,0,0,0,0,3,1,6,2,74,10,-1,-1,-1,-1,4,1,W01000750,0
Unvalidated,2024631417455,2024,631417455,1,9,0,18,6,3,0,1,0,0,0,0,1,1,2,1,39,7,-1,-1,-1,-1,9,3,W01000534,0
Unvalidated,2024631417458,2024,631417458,1,9,0,17,4,1,0,0,2,0,1,7,1,1,5,1,26,6,-1,-1,-1,-1,4,1,W01001258,0
Unvalidated,2024631417479,2024,631417479,1,19,0,1,4,8,0,0,0,0,0,0,2,1,6,1,48,8,-1,-1,-1,-1,1,1,W01000734,0
Unvalidated,2024631417479,2024,631417479,2,1,0,18,8,4,0,0,0,0,0,0,1,1,6,1,16,4,-1,-1,-1,-1,1,1,W01001924,0
Unvalidated,2024631417585,2024,631417585,1,98,0,18,7,3,0,0,0,0,0,0,4,1,6,1,51,8,-1,-1,-1,-1,3,3,W01000658,0
Unvalidated,2024631417585,2024,631417585,2,16,0,18,3,7,0,0,0,0,0,0,4,1,6,2,53,8,-1,-1,-1,-1,5,3,W01000719,0
Unvalidated,2024631417745,2024,631417745,1,3,0,18,4,8,0,0,1,0,1,10,1,1,5,2,38,7,-1,-1,-1,-1,1,1,W01001740,0
Unvalidated,2024631417802,2024,631417802,1,4,0,18,5,2,0,0,1,0,1,7,1,1,5,1,17,4,-1,-1,-1,-1,8,1,E01014077,0
Unvalidated,2024631417872,2024,631417872,1,9,0,17,7,4,0,0,0,0,1,3,1,1,5,1,24,5,-1,-1,-1,-1,4,1,W01000773,0
Unvalidated,2024631417882,2024,631417882,1,9,0,18,2,6,0,0,0,0,8,11,1,1,2,2,52,8,-1,-1,-1,-1,5,3,W01000542,0
Unvalidated,2024631418003,2024,631418003,1,19,4,5,2,6,0,6,0,0,0,0,0,1,6,3,-1,-1,-1,-1,-1,-1,-1,-1,-1,0
Unvalidated,2024631418003,2024,631418003,2,3,0,18,8,4,0,1,1,0,0,0,0,1,5,1,19,4,-1,-1,-1,-1,3,1,W01000714,0
Unvalidated,2024631418249,2024,631418249,1,9,0,18,8,4,0,0,5,0,2,11,1,1,6,2,64,9,-1,-1,-1,-1,8,3,W01000429,0
Unvalidated,2024631418631,2024,631418631,1,9,0,18,2,6,0,0,0,0,1,10,3,1,5,2,17,4,-1,-1,-1,-1,7,3,W01000488,0
Unvalidated,2024631418631,2024,631418631,2,9,0,18,6,2,0,0,0,0,1,10,3,1,5,2,34,6,-1,-1,-1,-1,7,3,W01000488,0
Unvalidated,2024631418657,2024,631418657,1,9,0,9,6,5,0,6,0,0,0,0,1,1,5,2,19,4,-1,-1,-1,-1,8,1,W01000517,0
Unvalidated,2024631418657,2024,631418657,2,98,0,18,5,1,0,8,0,0,0,0,1,2,5,1,58,9,-1,-1,-1,-1,7,3,W01000067,0
Unvalidated,2024631418817,2024,631418817,1,9,0,18,8,4,0,0,0,0,1,10,3,1,5,1,20,4,-1,-1,-1,-1,5,3,W01000717,0
Unvalidated,2024631418817,2024,631418817,2,1,0,18,4,8,0,0,0,0,1,10,1,1,5,2,31,6,-1,-1,-1,-1,8,1,W01000902,0
Unvalidated,2024631418851,2024,631418851,1,97,0,18,7,3,0,8,0,0,0,0,0,1,6,1,17,4,-1,-1,-1,-1,1,1,W01001924,0
Unvalidated,2024631419977,2024,631419977,1,9,0,1,7,3,9,1,0,0,0,0,2,1,6,2,33,6,-1,-1,-1,-1,5,3,W01000546,0
Unvalidated,2024631420023,2024,631420023,1,9,0,18,1,6,0,8,0,0,0,0,3,1,5,1,55,8,-1,-1,-1,-1,7,3,W01000562,0
Unvalidated,2024631420023,2024,631420023,2,9,0,7,1,4,0,3,0,0,0,0,4,1,2,1,62,9,-1,-1,-1,-1,8,3,W01000622,0
Unvalidated,2024631420376,2024,631420376,1,9,0,18,2,6,0,0,0,0,0,0,1,1,5,1,20,4,-1,-1,-1,-1,9,1,W01000482,0
Unvalidated,2024631420376,2024,631420376,2,90,0,4,6,2,0,0,0,0,0,0,1,1,2,1,29,6,-1,-1,-1,-1,-1,-1,-1,0
Unvalidated,2024631420568,2024,631420568,1,9,0,18,1,5,0,0,1,0,2,10,1,1,5,2,19,4,-1,-1,-1,-1,1,1,W01000631,0
Unvalidated,2024631420743,2024,631420743,1,20,0,1,2,6,0,0,0,0,0,0,2,1,6,1,30,6,-1,-1,-1,-1,-1,-1,-1,0
Unvalidated,2024631420743,2024,631420743,2,22,0,18,6,2,0,0,0,0,0,0,1,1,5,1,91,11,-1,-1,-1,-1,7,1,W01000513,0
Unvalidated,2024631420755,2024,631420755,1,9,0,18,8,4,0,0,0,0,0,0,1,1,2,2,59,9,-1,-1,-1,-1,2,1,W01000707,0
Unvalidated,2024631420755,2024,631420755,2,9,0,4,8,4,0,0,0,0,0,0,2,1,3,2,24,5,-1,-1,-1,-1,2,1,W01000707,0
Unvalidated,2024631420755,2024,631420755,3,9,0,4,8,4,0,0,0,0,0,0,2,1,3,2,54,8,-1,-1,-1,-1,2,1,W01000705,0
Unvalidated,2024631420860,2024,631420860,1,9,0,4,3,7,0,0,0,0,0,0,2,1,5,1,23,5,-1,-1,-1,-1,2,1,E01010503,0
Unvalidated,2024631420860,2024,631420860,2,9,0,18,3,7,0,0,0,0,0,0,1,1,5,1,24,5,-1,-1,-1,-1,4,1,E01009818,0
Unvalidated,2024631420860,2024,631420860,3,9,0,18,3,7,0,0,0,0,0,0,1,1,6,1,23,5,-1,-1,-1,-1,2,1,E01009758,0
Unvalidated,2024631420861,2024,631420861,1,9,0,18,3,7,0,8,5,0,2,11,1,1,5,1,44,7,-1,-1,-1,-1,2,2,W01000600,0
Unvalidated,2024631421061,2024,631421061,1,98,0,1,3,7,8,8,0,0,0,0,2,1,1,1,32,6,-1,-1,-1,-1,5,2,W01000531,0
Unvalidated,2024631421061,2024,631421061,2,9,0,18,6,3,0,8,0,0,0,0,1,1,5,2,31,6,-1,-1,-1,-1,6,1,W01000949,0
Unvalidated,2024631421190,2024,631421190,1,98,0,5,6,2,0,6,0,0,0,0,3,1,1,1,57,9,-1,-1,-1,-1,3,1,W01000626,0
Unvalidated,2024631421190,2024,631421190,2,9,0,18,4,8,0,8,0,0,0,0,1,1,3,2,25,5,-1,-1,-1,-1,5,1,W01000725,0
Unvalidated,2024631421256,2024,631421256,1,9,0,18,4,7,0,0,0,0,0,0,4,1,5,1,77,11,-1,-1,-1,-1,9,2,W01000710,0
Unvalidated,2024631421256,2024,631421256,2,9,0,18,7,4,0,0,0,0,0,0,0,1,6,1,60,9,-1,-1,-1,-1,-1,-1,-1,0
Unvalidated,2024631421268,2024,631421268,1,9,0,9,1,7,0,5,0,0,0,0,1,1,5,2,55,8,-1,-1,-1,-1,7,3,W01000618,0
Unvalidated,2024631421268,2024,631421268,2,9,0,18,5,1,0,8,0,0,0,0,3,1,2,2,49,8,-1,-1,-1,-1,5,2,W01000566,0
Unvalidated,2024631421268,2024,631421268,3,9,0,18,1,5,0,8,0,0,0,0,3,1,5,2,48,8,-1,-1,-1,-1,6,3,W01000579,0
Unvalidated,2024631421468,2024,631421468,1,9,0,18,8,4,0,0,5,0,2,10,1,1,5,1,86,11,-1,-1,-1,-1,6,3,W01000716,0
Unvalidated,2024631421492,2024,631421492,1,9,0,17,5,2,0,0,1,4,1,10,1,1,6,2,47,8,-1,-1,-1,-1,6,1,W01000628,0
Unvalidated,2024631421492,2024,631421492,2,9,0,2,0,0,0,0,0,0,7,3,4,1,6,3,-1,-1,-1,-1,-1,-1,-1,-1,-1,0
Unvalidated,2024631421511,2024,631421511,1,9,0,5,3,7,0,8,0,0,0,0,1,1,6,2,46,8,-1,-1,-1,-1,7,3,W01000477,0
Unvalidated,2024631421511,2024,631421511,2,9,0,4,3,1,0,8,0,0,0,0,2,1,5,1,56,9,-1,-1,-1,-1,6,2,W01000456,0
Unvalidated,2024631421584,2024,631421584,1,9,0,12,8,4,0,0,0,0,7,10,1,1,5,1,84,11,-1,-1,-1,-1,9,1,W01000969,0
Unvalidated,2024631421584,2024,631421584,2,9,0,18,4,8,0,0,0,0,0,0,1,1,5,2,36,7,-1,-1,-1,-1,6,3,W01000687,0
Unvalidated,2024631422033,2024,631422033,1,19,4,9,5,2,0,6,0,0,1,11,0,1,1,1,53,8,-1,-1,-1,-1,7,1,W01000642,0
Unvalidated,2024631422033,2024,631422033,2,9,0,18,2,6,0,8,0,0,7,10,1,1,6,1,30,6,-1,-1,-1,-1,8,3,W01000610,0
Unvalidated,2024631422247,2024,631422247,1,9,0,18,8,4,0,0,0,4,0,0,1,1,6,1,56,9,-1,-1,-1,-1,7,3,W01000664,0
Unvalidated,2024631422247,2024,631422247,2,98,4,2,0,0,0,0,0,0,0,0,0,1,1,1,50,8,-1,-1,-1,-1,1,2,W01001386,0
Unvalidated,2024631422569,2024,631422569,1,9,0,18,2,7,0,0,0,0,0,0,3,1,5,2,50,8,-1,-1,-1,-1,6,3,W01000687,0
Unvalidated,2024631422569,2024,631422569,2,9,0,18,7,2,0,0,0,0,0,0,3,1,1,2,17,4,-1,-1,-1,-1,6,3,W01000709,0
Unvalidated,2024631422593,2024,631422593,1,9,0,18,7,3,0,0,0,0,1,1,1,1,6,2,35,6,-1,-1,-1,-1,3,3,W01000657,0
Unvalidated,2024631422855,2024,631422855,1,9,0,18,1,6,0,0,0,0,1,11,4,1,5,2,61,9,-1,-1,-1,-1,4,2,W01000605,0
Unvalidated,2024631423305,2024,631423305,1,9,0,7,5,6,0,6,0,0,0,0,1,1,5,2,26,6,-1,-1,-1,-1,6,2,W01000575,0
Unvalidated,2024631423305,2024,631423305,2,1,0,18,6,2,0,8,0,0,0,0,3,1,6,1,18,4,-1,-1,-1,-1,1,1,W01000592,0
Unvalidated,2024631423331,2024,631423331,1,9,0,5,2,7,0,6,0,0,0,0,1,1,5,1,81,11,-1,-1,-1,-1,6,2,W01000431,0
Unvalidated,2024631423331,2024,631423331,2,97,0,18,7,3,0,8,0,0,7,10,1,1,5,1,73,10,-1,-1,-1,-1,5,3,W01000719,0
Unvalidated,2024631423557,2024,631423557,1,98,0,16,3,6,0,0,5,0,2,10,4,1,3,2,52,8,-1,-1,-1,-1,9,3,W01000440,0
Unvalidated,2024631423648,2024,631423648,1,5,0,18,8,4,0,8,0,0,0,0,1,1,6,1,27,6,-1,-1,-1,-1,6,1,W01000628,0
Unvalidated,2024631423648,2024,631423648,2,9,0,9,4,2,0,5,0,0,0,0,4,1,5,1,40,7,-1,-1,-1,-1,1,1,W01000631,0
Unvalidated,2024631423871,2024,631423871,1,9,0,18,6,3,0,0,5,0,2,10,1,1,5,1,17,4,-1,-1,-1,-1,6,3,W01000550,0
Unvalidated,2024631423938,2024,631423938,1,19,0,18,6,1,0,0,0,0,7,11,3,1,5,1,51,8,-1,-1,-1,-1,8,3,W01000616,0
Unvalidated,2024631424077,2024,631424077,1,9,0,9,8,6,0,6,0,0,0,0,1,1,5,1,17,4,-1,-1,-1,-1,5,3,W01000685,0
Unvalidated,2024631424077,2024,631424077,2,9,0,18,6,2,0,8,0,0,0,0,4,1,5,1,17,4,-1,-1,-1,-1,7,3,W01000532,0
Unvalidated,2024631424087,2024,631424087,1,9,0,18,2,6,0,0,0,0,0,0,1,1,5,2,22,5,-1,-1,-1,-1,6,3,W01000433,0
Unvalidated,2024631424087,2024,631424087,2,9,0,4,2,6,0,0,0,0,1,10,2,1,5,1,40,7,-1,-1,-1,-1,5,3,W01000427,0
Unvalidated,2024631424191,2024,631424191,1,9,0,12,8,4,0,0,0,0,0,0,3,1,6,1,47,8,-1,-1,-1,-1,3,2,W01000607,0
Unvalidated,2024631424191,2024,631424191,2,9,0,18,4,8,0,0,0,0,1,10,3,1,6,2,56,9,-1,-1,-1,-1,6,2,W01000575,0
Unvalidated,2024631424337,2024,631424337,1,9,0,9,5,3,9,8,0,0,3,10,1,1,5,1,15,3,-1,-1,-1,-1,3,2,W01000608,0
Unvalidated,2024631424617,2024,631424617,1,9,0,18,1,4,0,1,1,0,0,0,1,1,6,2,78,11,-1,-1,-1,-1,4,1,W01000637,0
Unvalidated,2024631424617,2024,631424617,2,9,0,18,1,4,0,1,0,0,0,0,4,1,6,1,67,10,-1,-1,-1,-1,4,1,W01001182,0
Unvalidated,2024631424623,2024,631424623,1,9,0,18,3,7,0,1,0,0,1,10,1,1,1,2,43,7,-1,-1,-1,-1,8,1,W01000704,0
Unvalidated,2024631424623,2024,631424623,2,90,0,9,3,1,0,8,0,0,0,0,2,1,1,1,60,9,-1,-1,-1,-1,3,3,W01000657,0
Unvalidated,2024631424657,2024,631424657,1,9,0,12,2,6,0,0,0,0,0,0,3,1,5,2,50,8,-1,-1,-1,-1,5,1,W01000643,0
Unvalidated,2024631424657,2024,631424657,2,9,0,18,6,2,0,0,0,0,1,10,3,1,5,2,49,8,-1,-1,-1,-1,5,1,W01000643,0
Unvalidated,2024631424657,2024,631424657,3,9,0,2,0,0,9,0,0,0,0,0,4,1,6,3,-1,-1,-1,-1,-1,-1,-1,-1,-1,0
Unvalidated,2024631424708,2024,631424708,1,9,0,13,2,6,0,0,0,0,7,10,4,1,5,1,25,5,-1,-1,-1,-1,7,3,W01000532,0
Unvalidated,2024631424708,2024,631424708,2,9,0,13,2,6,0,0,5,0,1,11,3,1,2,1,26,6,-1,-1,-1,-1,7,3,W01000548,0
Unvalidated,2024631424708,2024,631424708,3,19,0,18,2,6,0,0,0,0,0,0,0,1,5,1,25,5,-1,-1,-1,-1,4,1,W01000516,0
Unvalidated,2024631425081,2024,631425081,1,9,0,18,6,2,0,8,0,0,0,0,1,1,1,1,75,10,-1,-1,-1,-1,4,1,W01000590,0
Unvalidated,2024631425081,2024,631425081,2,9,0,9,6,4,0,5,0,0,0,0,2,1,1,1,70,10,-1,-1,-1,-1,5,1,W01001229,0
Unvalidated,2024631425200,2024,631425200,1,9,0,17,6,3,0,0,0,0,1,9,1,1,5,1,44,7,-1,-1,-1,-1,6,3,W01000455,0
Unvalidated,2024631425352,2024,631425352,1,9,0,18,6,2,0,0,5,0,2,10,1,1,2,1,23,5,-1,-1,-1,-1,5,3,W01000551,0
Unvalidated,2024631425464,2024,631425464,1,9,0,18,2,7,0,2,0,0,0,0,1,1,6,1,21,5,-1,-1,-1,-1,4,2,W01000697,0
Unvalidated,2024631425521,2024,631425521,1,9,0,12,5,2,0,0,1,0,2,10,1,1,5,1,29,6,-1,-1,-1,-1,10,1,W01001936,0
Unvalidated,2024631425521,2024,631425521,2,9,0,18,2,5,0,0,0,0,1,10,1,1,1,1,59,9,-1,-1,-1,-1,8,3,W01001897,0
Unvalidated,2024631425606,2024,631425606,1,9,0,9,1,7,0,6,0,0,0,0,3,1,5,1,53,8,-1,-1,-1,-1,7,3,W01000712,0
Unvalidated,2024631425606,2024,631425606,2,9,0,18,7,3,0,8,0,0,0,0,1,1,5,2,22,5,-1,-1,-1,-1,1,1,W01001924,0
Unvalidated,2024631425994,2024,631425994,1,19,0,18,4,8,0,0,5,0,2,10,4,1,5,1,58,9,-1,-1,-1,-1,6,3,W01000700,0
Unvalidated,2024631426112,2024,631426112,1,9,0,18,7,2,0,1,0,0,0,0,1,1,5,1,33,6,-1,-1,-1,-1,9,2,W01000093,0
Unvalidated,2024631426112,2024,631426112,2,9,0,10,5,4,0,8,0,0,0,0,2,1,5,2,72,10,-1,-1,-1,-1,7,3,W01000545,0
Unvalidated,2024631426201,2024,631426201,1,9,0,5,1,5,0,6,0,0,0,0,1,1,6,1,78,11,-1,-1,-1,-1,9,3,W01000441,0
Unvalidated,2024631426201,2024,631426201,2,1,0,18,1,5,0,2,0,0,0,0,4,1,2,2,52,8,-1,-1,-1,-1,5,3,E01033529,0
Unvalidated,2024631426291,2024,631426291,1,9,0,18,8,5,0,0,2,0,8,10,3,1,5,1,19,4,-1,-1,-1,-1,7,3,W01000583,0
Unvalidated,2024631426457,2024,631426457,1,5,0,16,6,1,0,0,0,0,7,9,1,1,5,1,28,6,-1,-1,-1,-1,5,2,W01000847,0
Unvalidated,2024631426637,2024,631426637,1,9,0,9,4,2,0,5,0,0,0,0,1,1,6,1,70,10,-1,-1,-1,-1,7,2,W01000597,0
Unvalidated,2024631426836,2024,631426836,1,9,0,13,7,3,0,0,0,0,0,0,1,1,6,1,50,8,-1,-1,-1,-1,9,1,E01028426,0
Unvalidated,2024631426937,2024,631426937,1,9,0,18,4,8,0,0,0,0,0,0,1,1,5,1,58,9,-1,-1,-1,-1,7,3,W01000523,0
Unvalidated,2024631427270,2024,631427270,1,9,0,12,5,8,0,0,0,0,7,11,1,1,5,1,49,8,-1,-1,-1,-1,7,1,W01000692,0
Unvalidated,2024631427291,2024,631427291,1,9,0,12,6,2,0,0,0,0,7,2,1,1,1,1,68,10,-1,-1,-1,-1,8,3,W01000649,0
Unvalidated,2024631427670,2024,631427670,1,3,0,18,8,3,0,0,1,0,0,0,3,1,5,1,19,4,-1,-1,-1,-1,5,2,W01000528,0
Unvalidated,2024631427670,2024,631427670,2,9,0,18,3,8,0,0,0,0,1,10,3,1,5,2,69,10,-1,-1,-1,-1,6,3,W01000540,0
Unvalidated,2024631428059,2024,631428059,1,9,0,1,6,2,0,8,0,0,0,0,2,1,5,1,57,9,-1,-1,-1,-1,6,2,W01000487,0
Unvalidated,2024631428062,2024,631428062,1,9,0,16,3,6,0,0,0,0,0,0,3,1,5,2,43,7,-1,-1,-1,-1,8,3,W01000555,0
Unvalidated,2024631428062,2024,631428062,2,9,0,17,6,3,0,0,0,0,1,10,1,1,5,2,79,11,-1,-1,-1,-1,9,3,E01028729,0
Unvalidated,2024631428134,2024,631428134,1,9,0,9,8,6,0,6,0,0,0,0,1,1,6,1,34,6,-1,-1,-1,-1,3,1,W01000478,0
Unvalidated,2024631428134,2024,631428134,2,9,0,18,6,2,0,8,0,0,0,0,4,1,6,2,29,6,-1,-1,-1,-1,2,1,W01000483,0
Unvalidated,2024631428149,2024,631428149,1,98,0,18,8,4,6,5,5,0,7,0,1,1,6,1,67,10,-1,-1,-1,-1,7,3,W01000484,0
Unvalidated,2024631428447,2024,631428447,1,9,0,17,5,2,0,0,5,0,2,3,1,1,5,1,42,7,-1,-1,-1,-1,7,1,W01000813,0
Unvalidated,2024631428503,2024,631428503,1,9,0,18,5,1,0,0,0,0,0,0,1,1,6,1,25,5,-1,-1,-1,-1,4,1,W01000636,0
Unvalidated,2024631428503,2024,631428503,2,9,0,4,0,0,0,0,0,0,0,0,3,1,6,3,-1,-1,-1,-1,-1,-1,-1,-1,-1,0
Unvalidated,2024631428503,2024,631428503,3,98,0,4,0,0,0,0,0,0,0,0,3,1,6,3,-1,-1,-1,-1,-1,-1,-1,-1,-1,0
Unvalidated,2024631428516,2024,631428516,1,9,0,17,8,5,0,0,2,0,2,4,1,1,5,1,18,4,-1,-1,-1,-1,3,1,W01000478,0
Unvalidated,2024631428572,2024,631428572,1,9,0,9,6,4,0,5,0,0,0,0,3,1,6,1,18,4,-1,-1,-1,-1,6,3,W01000575,0
Unvalidated,2024631428572,2024,631428572,2,9,0,18,3,6,0,8,0,0,0,0,3,1,6,2,31,6,-1,-1,-1,-1,7,3,W01000735,0
Unvalidated,2024631428761,2024,631428761,1,9,0,4,8,4,0,0,0,0,0,0,2,1,5,2,44,7,-1,-1,-1,-1,7,3,W01000460,0
Unvalidated,2024631428761,2024,631428761,2,9,0,18,8,4,0,0,0,0,0,0,1,1,5,2,18,4,-1,-1,-1,-1,5,3,W01000452,0
Unvalidated,2024631429097,2024,631429097,1,17,0,18,3,7,0,0,0,0,0,0,4,1,6,3,-1,-1,-1,-1,-1,-1,-1,-1,-1,0
Unvalidated,2024631429097,2024,631429097,2,9,0,12,7,3,0,0,1,0,7,10,1,1,6,1,17,4,-1,-1,-1,-1,8,3,W01000596,0
Unvalidated,2024631429219,2024,631429219,1,9,0,12,2,6,0,0,0,0,7,7,1,1,5,1,27,6,-1,-1,-1,-1,8,3,W01000554,0
Unvalidated,2024631429219,2024,631429219,2,9,0,18,6,2,0,0,0,0,1,7,3,1,5,1,62,9,-1,-1,-1,-1,5,1,E01010351,0
Unvalidated,2024631429260,2024,631429260,1,9,0,18,6,2,0,1,0,0,0,0,1,1,6,2,28,6,-1,-1,-1,-1,3,1,E01011315,0
Unvalidated,2024631429260,2024,631429260,2,19,5,10,6,4,0,8,0,0,0,0,0,1,1,1,27,6,-1,-1,-1,-1,5,3,W01000537,0
Unvalidated,2024631429389,2024,631429389,1,9,0,18,7,3,0,6,0,0,3,0,4,1,5,1,23,5,-1,-1,-1,-1,4,1,W01000516,0
Unvalidated,2024631429389,2024,631429389,2,9,0,18,1,5,0,8,0,0,1,11,1,1,5,2,44,7,-1,-1,-1,-1,5,3,W01000535,0
Unvalidated,2024631430023,2024,631430023,1,4,0,18,6,3,0,8,0,0,0,0,2,1,6,1,18,4,-1,-1,-1,-1,4,3,W01000603,0