status,collision_index,collision_year,collision_reference,vehicle_reference,vehicle_type,towing_and_articulation,vehicle_manoeuvre,vehicle_direction_from,vehicle_direction_to,vehicle_location_restricted_lane,junction_location,skidding_and_overturning,hit_object_in_carriageway,vehicle_leaving_carriageway,hit_object_off_carriageway,first_point_of_impact,vehicle_left_hand_drive,journey_purpose_of_driver,sex_of_driver,age_of_driver,age_band_of_driver,engine_capacity_cc,propulsion_code,age_of_vehicle,generic_make_model,driver_imd_decile,driver_home_area_type,lsoa_of_driver,escooter_flag
Unvalidated,2024631430120,2024,631430120,1,9,0,5,2,6,0,0,0,0,1,11,1,1,5,1,94,11,-1,-1,-1,-1,10,1,E01030382,0
Unvalidated,2024631430123,2024,631430123,1,8,0,9,7,6,0,6,0,0,0,0,3,1,1,1,72,10,-1,-1,-1,-1,9,2,W01000619,0
Unvalidated,2024631430123,2024,631430123,2,9,0,18,6,2,0,8,0,0,0,0,1,1,3,1,36,7,-1,-1,-1,-1,6,3,W01000584,0
Unvalidated,2024631430248,2024,631430248,1,98,0,18,8,4,0,8,1,0,3,11,1,1,5,1,24,5,-1,-1,-1,-1,1,1,W01000631,0
Unvalidated,2024631430255,2024,631430255,1,9,0,9,3,1,0,6,0,0,0,0,0,2,6,1,19,4,-1,-1,-1,-1,5,1,E01001641,0
Unvalidated,2024631430255,2024,631430255,2,9,0,12,1,5,0,8,0,0,0,0,1,2,5,1,54,8,-1,-1,-1,-1,6,2,W01000598,0
Unvalidated,2024631430255,2024,631430255,3,9,0,10,5,3,0,8,0,0,0,0,1,2,5,2,62,9,-1,-1,-1,-1,8,3,W01001542,0
Unvalidated,2024631430380,2024,631430380,1,90,0,18,4,8,0,0,0,0,0,0,0,1,6,3,-1,-1,-1,-1,-1,-1,-1,-1,-1,0
Unvalidated,2024631430380,2024,631430380,2,5,0,18,8,4,0,0,0,0,1,10,0,1,6,1,67,10,-1,-1,-1,-1,6,2,W01000456,0
Unvalidated,2024631430460,2024,631430460,1,9,0,18,6,2,0,0,0,0,1,11,1,1,5,1,23,5,-1,-1,-1,-1,5,1,E01014062,0
Unvalidated,2024631430460,2024,631430460,2,9,0,4,6,2,0,0,0,0,1,10,2,2,5,1,30,6,-1,-1,-1,-1,7,1,E01015352,0
Unvalidated,2024631430474,2024,631430474,1,9,0,9,6,4,0,5,0,0,0,0,1,1,6,1,17,4,-1,-1,-1,-1,7,1,W01000690,0
Unvalidated,2024631430474,2024,631430474,2,9,0,18,4,8,0,1,0,0,0,0,4,1,6,1,49,8,-1,-1,-1,-1,7,1,W01000690,0
Unvalidated,2024631430641,2024,631430641,1,9,0,12,2,6,0,0,1,0,1,10,1,1,2,1,40,7,-1,-1,-1,-1,6,3,W01000541,0
Unvalidated,2024631430641,2024,631430641,2,98,0,18,6,2,0,0,0,0,1,10,1,1,2,1,25,5,-1,-1,-1,-1,4,1,W01000516,0
Unvalidated,2024631430678,2024,631430678,1,98,0,18,5,8,0,0,0,0,7,11,1,1,6,1,-1,-1,-1,-1,-1,-1,5,3,W01000576,0
Unvalidated,2024631430995,2024,631430995,1,9,0,18,5,1,0,6,0,0,0,0,1,1,6,1,25,5,-1,-1,-1,-1,7,3,W01000623,0
Unvalidated,2024631430995,2024,631430995,2,9,0,18,7,3,0,8,0,0,0,0,3,1,6,2,32,6,-1,-1,-1,-1,3,2,W01000604,0
Unvalidated,2024631431204,2024,631431204,1,9,0,18,6,2,0,0,0,0,0,0,1,1,6,1,44,7,-1,-1,-1,-1,5,3,W01000662,0
Unvalidated,2024631431204,2024,631431204,2,9,0,4,6,2,0,0,0,0,0,0,2,1,2,2,19,4,-1,-1,-1,-1,4,1,W01000809,0
Unvalidated,2024631431225,2024,631431225,1,9,0,18,3,6,0,0,0,0,7,4,1,2,6,1,32,6,-1,-1,-1,-1,7,2,W01000679,0
Unvalidated,2024631431346,2024,631431346,1,9,0,18,8,3,0,0,0,0,7,10,1,1,6,1,24,5,-1,-1,-1,-1,6,2,W01000431,0
Unvalidated,2024631431360,2024,631431360,1,9,0,12,8,4,0,1,0,0,0,0,1,1,5,1,36,7,-1,-1,-1,-1,5,3,W01000542,0
Unvalidated,2024631431360,2024,631431360,2,9,0,10,8,6,0,8,0,0,1,10,2,1,5,2,50,8,-1,-1,-1,-1,7,3,W01000477,0
Unvalidated,2024631431360,2024,631431360,3,9,4,18,4,8,0,8,3,0,7,10,1,1,1,1,28,6,-1,-1,-1,-1,6,2,W01000487,0
Unvalidated,2024631431360,2024,631431360,4,19,0,18,8,4,0,1,0,0,1,10,0,1,6,1,41,7,-1,-1,-1,-1,2,1,E01029492,0
Unvalidated,2024631431360,2024,631431360,5,9,0,18,8,4,0,1,0,0,1,10,3,1,5,1,69,10,-1,-1,-1,-1,10,1,E01014737,0
Unvalidated,2024631431454,2024,631431454,1,5,0,18,8,4,0,0,0,0,2,10,0,1,5,1,51,8,-1,-1,-1,-1,1,2,W01001202,0
Unvalidated,2024631432347,2024,631432347,1,9,0,18,4,8,0,0,1,0,1,11,1,1,6,1,17,4,-1,-1,-1,-1,9,3,W01000493,0
Unvalidated,2024631432358,2024,631432358,1,9,0,9,5,3,0,6,0,0,0,0,3,1,5,2,61,9,-1,-1,-1,-1,7,3,W01000623,0
Unvalidated,2024631432358,2024,631432358,2,21,4,18,3,7,0,8,1,0,0,0,1,1,1,1,53,8,-1,-1,-1,-1,7,3,W01000578,0
Unvalidated,2024631432427,2024,631432427,1,9,0,16,2,5,0,0,1,0,8,10,3,1,5,2,18,4,-1,-1,-1,-1,3,2,W01000965,0
Unvalidated,2024631432474,2024,631432474,1,21,0,18,8,4,0,1,1,0,0,0,1,1,1,1,52,8,-1,-1,-1,-1,4,1,W01000947,0
Unvalidated,2024631432474,2024,631432474,2,9,0,10,8,6,0,8,0,0,0,0,2,1,5,2,51,8,-1,-1,-1,-1,6,3,W01000538,0
Unvalidated,2024631432522,2024,631432522,1,19,0,12,5,1,0,0,0,0,1,10,3,1,5,1,35,6,-1,-1,-1,-1,2,1,W01001443,0
Unvalidated,2024631432522,2024,631432522,2,9,0,18,1,5,0,0,0,0,0,0,3,1,2,2,59,9,-1,-1,-1,-1,8,3,W01000577,0
Unvalidated,2024631432522,2024,631432522,3,9,0,18,1,5,0,0,0,0,0,0,1,1,6,2,51,8,-1,-1,-1,-1,6,3,W01000543,0
Unvalidated,2024631432526,2024,631432526,1,9,0,5,1,6,0,6,0,0,2,10,3,1,6,2,22,5,-1,-1,-1,-1,6,3,W01000584,0
Unvalidated,2024631432526,2024,631432526,2,98,0,18,7,3,0,8,0,0,1,10,3,1,1,1,57,9,-1,-1,-1,-1,3,1,W01000588,0
Unvalidated,2024631432708,2024,631432708,1,9,0,13,2,6,0,0,0,0,0,0,1,1,6,1,65,9,-1,-1,-1,-1,8,3,W01000476,0
Unvalidated,2024631432708,2024,631432708,2,9,0,13,2,6,0,0,0,0,7,3,1,1,6,1,53,8,-1,-1,-1,-1,8,3,W01000476,0
Unvalidated,2024631433020,2024,631433020,1,9,0,5,6,2,0,0,0,0,0,0,0,1,1,2,38,7,-1,-1,-1,-1,9,1,W01000481,0
Unvalidated,2024631433020,2024,631433020,2,1,0,18,2,6,0,0,0,0,0,0,0,1,6,1,63,9,-1,-1,-1,-1,9,3,W01000481,0
Unvalidated,2024631433569,2024,631433569,1,9,0,18,8,4,0,0,0,0,0,0,1,1,5,2,72,10,-1,-1,-1,-1,9,2,W01000619,0
Unvalidated,2024631433623,2024,631433623,1,9,0,18,6,2,0,1,0,0,0,0,1,1,5,2,58,9,-1,-1,-1,-1,7,3,W01000464,0
Unvalidated,2024631433623,2024,631433623,2,9,0,4,6,2,0,1,0,0,0,0,2,1,6,1,21,5,-1,-1,-1,-1,1,2,W01000098,0
Unvalidated,2024631433623,2024,631433623,3,9,0,4,6,2,0,1,0,0,0,0,2,1,3,2,40,7,-1,-1,-1,-1,8,3,W01000429,0
Unvalidated,2024631433625,2024,631433625,1,97,0,16,5,1,0,0,0,0,1,9,0,1,5,1,62,9,-1,-1,-1,-1,6,2,W01000487,0
Unvalidated,2024631433625,2024,631433625,2,9,0,18,1,5,0,0,0,0,0,0,0,1,6,3,-1,-1,-1,-1,-1,-1,-1,-1,-1,0
Unvalidated,2024631433717,2024,631433717,1,5,0,18,2,6,0,0,1,0,2,10,1,1,6,1,63,9,-1,-1,-1,-1,9,2,W01000493,0
Unvalidated,2024631433794,2024,631433794,1,9,4,18,4,8,0,0,0,5,0,0,0,1,6,3,-1,-1,-1,-1,-1,-1,-1,-1,-1,0
Unvalidated,2024631433794,2024,631433794,2,9,0,18,8,4,0,0,0,0,0,0,3,1,2,1,19,4,-1,-1,-1,-1,6,3,W01000687,0
Unvalidated,2024631433891,2024,631433891,1,9,0,12,5,8,0,0,0,0,0,0,1,1,5,1,70,10,-1,-1,-1,-1,6,3,W01000471,0
Unvalidated,2024631433891,2024,631433891,2,5,0,18,8,5,0,0,0,0,0,0,3,1,5,1,61,9,-1,-1,-1,-1,10,1,E01016826,0
Unvalidated,2024631433921,2024,631433921,1,5,0,18,2,6,0,0,0,0,1,4,1,1,6,1,49,8,-1,-1,-1,-1,4,1,W01000590,0
Unvalidated,2024631434016,2024,631434016,1,9,0,5,2,6,0,6,0,0,0,0,1,1,6,3,-1,-1,-1,-1,-1,-1,-1,-1,-1,0
Unvalidated,2024631434016,2024,631434016,2,9,0,18,5,1,0,8,0,0,0,0,3,1,6,2,23,5,-1,-1,-1,-1,7,2,W01000620,0
Unvalidated,2024631434112,2024,631434112,1,97,0,18,6,2,0,1,1,0,0,0,0,1,6,1,61,9,-1,-1,-1,-1,8,3,W01000610,0
Unvalidated,2024631434185,2024,631434185,1,9,0,18,3,7,0,0,0,0,0,0,1,1,5,2,41,7,-1,-1,-1,-1,9,3,W01000534,0
Unvalidated,2024631434185,2024,631434185,2,16,0,18,3,7,0,0,0,0,0,0,2,1,5,2,42,7,-1,-1,-1,-1,5,3,W01000542,0
Unvalidated,2024631434185,2024,631434185,3,16,0,18,3,7,0,0,0,0,0,0,0,1,5,2,14,3,-1,-1,-1,-1,5,3,W01000542,0
Unvalidated,2024631434200,2024,631434200,1,9,0,13,6,2,0,0,2,0,2,10,3,1,5,1,20,4,-1,-1,-1,-1,7,3,W01000497,0
Unvalidated,2024631434200,2024,631434200,2,9,0,18,2,6,0,0,0,0,2,10,3,1,5,2,46,8,-1,-1,-1,-1,7,2,W01000501,0
Unvalidated,2024631434200,2024,631434200,3,9,0,18,6,2,0,0,0,0,0,0,3,1,5,1,58,9,-1,-1,-1,-1,7,3,W01000585,0
Unvalidated,2024631434558,2024,631434558,1,9,0,18,5,1,0,0,1,0,0,0,1,1,6,1,47,8,-1,-1,-1,-1,6,3,W01000582,0
Unvalidated,2024631434558,2024,631434558,2,9,0,4,5,1,0,0,0,0,0,0,2,1,2,2,52,8,-1,-1,-1,-1,6,3,W01000582,0
Unvalidated,2024631434602,2024,631434602,1,9,0,18,3,7,0,0,0,0,7,1,1,1,5,1,71,10,-1,-1,-1,-1,7,2,E01020511,0
Unvalidated,2024631434820,2024,631434820,1,9,0,11,3,7,0,8,1,0,4,10,1,1,6,1,51,8,-1,-1,-1,-1,5,1,W01000802,0
Unvalidated,2024631434820,2024,631434820,2,9,0,18,3,7,0,8,1,0,1,10,3,1,1,1,28,6,-1,-1,-1,-1,10,1,E01010212,0
Unvalidated,2024631434867,2024,631434867,1,9,0,18,2,6,0,8,0,0,1,10,1,1,6,2,53,8,-1,-1,-1,-1,6,2,W01000612,0
Unvalidated,2024631434867,2024,631434867,2,9,0,9,6,4,0,5,0,0,7,10,3,1,6,1,61,9,-1,-1,-1,-1,6,2,W01000612,0
Unvalidated,2024631434874,2024,631434874,1,19,0,18,5,1,0,0,0,0,1,3,1,1,1,1,36,7,-1,-1,-1,-1,6,2,W01000242,0
Unvalidated,2024631434874,2024,631434874,2,9,0,4,5,1,0,0,0,0,1,10,2,1,6,1,68,10,-1,-1,-1,-1,9,1,E01018374,0
Unvalidated,2024631434893,2024,631434893,1,9,0,18,2,6,0,0,0,6,1,11,1,1,6,1,42,7,-1,-1,-1,-1,7,3,W01000556,0
Unvalidated,2024631434923,2024,631434923,1,9,0,12,2,6,0,0,5,0,0,0,1,1,5,2,69,10,-1,-1,-1,-1,8,3,W01000447,0
Unvalidated,2024631434923,2024,631434923,2,21,0,12,6,2,0,0,0,0,7,7,1,1,1,1,36,7,-1,-1,-1,-1,9,1,E01018474,0
Unvalidated,2024631434923,2024,631434923,3,9,0,18,2,6,0,0,0,0,0,0,1,1,5,1,38,7,-1,-1,-1,-1,7,3,W01000442,0
Unvalidated,2024631434956,2024,631434956,1,9,0,12,2,6,0,0,0,0,1,10,1,1,6,2,52,8,-1,-1,-1,-1,8,3,W01001897,0
Unvalidated,2024631434956,2024,631434956,2,90,4,18,6,2,0,0,0,0,1,10,1,1,1,1,39,7,-1,-1,-1,-1,8,1,E01026258,0
Unvalidated,2024631434971,2024,631434971,1,19,0,16,8,3,0,0,0,0,8,11,1,1,6,1,39,7,-1,-1,-1,-1,4,1,E01007780,0
Unvalidated,2024631434972,2024,631434972,1,3,0,18,6,2,0,0,1,0,0,0,0,1,5,2,20,4,-1,-1,-1,-1,6,3,W01000519,0
Unvalidated,2024631435258,2024,631435258,1,9,0,18,6,2,0,0,0,0,1,4,1,1,6,1,33,6,-1,-1,-1,-1,6,3,W01000647,0
Unvalidated,2024631435287,2024,631435287,1,9,0,18,8,4,0,0,0,0,1,11,1,1,6,1,45,7,-1,-1,-1,-1,9,1,E01031353,0
Unvalidated,2024631435327,2024,631435327,1,3,0,18,6,1,0,0,0,0,0,0,0,1,5,1,57,9,-1,-1,-1,-1,5,3,W01000537,0
Unvalidated,2024631435490,2024,631435490,1,3,0,18,2,6,0,0,1,12,1,10,1,1,5,1,17,4,-1,-1,-1,-1,5,3,W01000576,0
Unvalidated,2024631435534,2024,631435534,1,9,0,7,1,4,0,5,0,7,0,0,1,1,5,1,68,10,-1,-1,-1,-1,9,2,W01001554,0
Unvalidated,2024631435582,2024,631435582,1,9,0,13,6,2,0,8,2,0,1,10,4,1,5,1,37,7,-1,-1,-1,-1,6,3,W01000673,0
Unvalidated,2024631435582,2024,631435582,2,17,4,9,6,5,0,8,0,0,0,0,3,1,1,1,62,9,-1,-1,-1,-1,6,3,W01000673,0
Unvalidated,2024631435686,2024,631435686,1,9,0,9,1,7,0,6,0,0,0,0,1,1,5,1,65,9,-1,-1,-1,-1,7,2,W01000597,0
Unvalidated,2024631435686,2024,631435686,2,9,0,18,3,7,0,8,0,0,0,0,1,1,6,1,63,9,-1,-1,-1,-1,8,3,E01017465,0
Unvalidated,2024631435778,2024,631435778,1,9,0,17,2,7,0,0,1,0,7,4,1,1,5,1,30,6,-1,-1,-1,-1,2,1,W01000844,0
Unvalidated,2024631436165,2024,631436165,1,9,0,5,8,6,0,6,0,0,0,0,3,1,5,2,19,4,-1,-1,-1,-1,4,2,W01000605,0
Unvalidated,2024631436165,2024,631436165,2,9,0,18,6,2,0,8,0,0,0,0,1,1,5,1,29,6,-1,-1,-1,-1,4,2,W01000605,0
Unvalidated,2024631436171,2024,631436171,1,9,0,18,2,6,0,0,0,0,0,0,4,1,5,2,17,4,-1,-1,-1,-1,7,3,W01000470,0
Unvalidated,2024631436204,2024,631436204,1,9,0,13,1,6,0,1,1,0,2,11,1,1,6,2,21,5,-1,-1,-1,-1,6,3,W01000455,0
Unvalidated,2024631436204,2024,631436204,2,9,0,18,1,6,0,1,0,0,0,0,0,1,5,1,18,4,-1,-1,-1,-1,8,3,W01000451,0
Unvalidated,2024631436217,2024,631436217,1,19,0,12,7,5,0,1,0,0,7,0,2,1,1,1,30,6,-1,-1,-1,-1,1,1,W01000867,0
Unvalidated,2024631436217,2024,631436217,2,9,0,18,7,3,0,1,0,0,1,10,1,1,2,1,52,8,-1,-1,-1,-1,8,3,W01000557,0
Unvalidated,2024631436696,2024,631436696,1,97,0,18,1,5,0,0,0,12,0,0,1,1,5,1,37,7,-1,-1,-1,-1,4,1,W01001248,0
Unvalidated,2024631436735,2024,631436735,1,3,0,18,5,1,0,0,0,0,1,10,3,1,5,1,22,5,-1,-1,-1,-1,5,3,W01000529,0
Unvalidated,2024631436735,2024,631436735,2,9,0,18,1,5,0,0,1,0,0,0,3,1,5,1,61,9,-1,-1,-1,-1,5,1,W01000971,0
Unvalidated,2024631436760,2024,631436760,1,5,0,18,5,1,0,4,1,0,3,10,0,1,6,1,33,6,-1,-1,-1,-1,10,1,W01001533,0
Unvalidated,2024631436815,2024,631436815,1,5,0,18,2,6,0,0,1,0,7,7,3,1,5,1,45,7,-1,-1,-1,-1,7,3,W01000562,0
Unvalidated,2024631437218,2024,631437218,1,19,0,16,2,5,0,0,1,0,0,0,1,1,1,1,51,8,-1,-1,-1,-1,4,1,E01012816,0
Unvalidated,2024631437218,2024,631437218,2,9,0,17,5,2,0,0,5,0,0,0,1,1,5,1,50,8,-1,-1,-1,-1,7,3,W01000445,0
Unvalidated,2024631437218,2024,631437218,3,9,0,17,5,2,0,0,0,0,1,7,1,1,5,1,55,8,-1,-1,-1,-1,6,3,W01000543,0
Unvalidated,2024631437218,2024,631437218,4,9,0,16,2,5,0,0,0,0,1,10,4,1,6,1,75,10,-1,-1,-1,-1,7,3,W01000548,0
Unvalidated,2024631437253,2024,631437253,1,9,0,18,8,4,0,0,5,0,2,10,4,1,2,1,29,6,-1,-1,-1,-1,9,3,W01000549,0
Unvalidated,2024631438034,2024,631438034,1,98,0,18,2,6,0,1,1,0,0,0,1,1,6,1,39,7,-1,-1,-1,-1,6,3,W01000433,0
Unvalidated,2024631438034,2024,631438034,2,9,0,4,2,6,0,1,0,0,0,0,2,1,5,1,29,6,-1,-1,-1,-1,2,1,W01000483,0
Unvalidated,2024631438034,2024,631438034,3,9,0,4,2,6,0,1,0,0,0,0,2,1,5,1,37,7,-1,-1,-1,-1,7,3,W01000434,0
Unvalidated,2024631438148,2024,631438148,1,9,0,13,7,3,0,0,0,0,7,10,1,1,1,2,54,8,-1,-1,-1,-1,6,2,W01000595,0
Unvalidated,2024631438148,2024,631438148,2,9,0,18,3,7,0,0,0,0,8,10,1,1,6,2,27,6,-1,-1,-1,-1,7,1,W01000573,0
Unvalidated,2024631438148,2024,631438148,3,9,0,18,7,3,0,0,0,0,0,0,1,1,5,2,78,11,-1,-1,-1,-1,6,3,W01000674,0
Unvalidated,2024631438397,2024,631438397,1,4,0,18,5,1,0,0,1,0,0,0,1,1,2,1,62,9,-1,-1,-1,-1,8,3,W01000476,0
Unvalidated,2024631438408,2024,631438408,1,90,0,18,3,5,0,0,0,0,0,0,1,1,6,2,55,8,-1,-1,-1,-1,5,3,W01000452,0
Unvalidated,2024631438408,2024,631438408,2,9,0,18,5,3,0,0,0,0,0,0,1,1,5,2,22,5,-1,-1,-1,-1,5,3,W01000452,0
Unvalidated,2024631438624,2024,631438624,1,9,0,18,4,8,0,0,0,0,0,0,4,1,6,3,-1,-1,-1,-1,-1,-1,-1,-1,-1,0
Unvalidated,2024631438624,2024,631438624,2,1,0,18,4,8,0,0,0,0,1,10,3,1,1,1,38,7,-1,-1,-1,-1,4,1,W01000587,0
Unvalidated,2024631438663,2024,631438663,1,9,0,7,4,6,0,6,0,0,0,0,1,1,6,2,66,10,-1,-1,-1,-1,4,1,W01000516,0
Unvalidated,2024631438663,2024,631438663,2,98,0,18,2,6,0,8,0,0,0,0,4,1,6,1,72,10,-1,-1,-1,-1,2,1,W01000838,0
Unvalidated,2024631438690,2024,631438690,1,97,0,18,4,8,0,0,1,0,1,10,1,1,6,1,69,10,-1,-1,-1,-1,5,2,W01000531,0
Unvalidated,2024631438826,2024,631438826,1,9,0,17,7,3,0,0,2,0,2,10,1,1,5,1,61,9,-1,-1,-1,-1,4,1,W01000589,0
Unvalidated,2024631439058,2024,631439058,1,9,0,4,5,1,0,0,0,0,2,10,1,1,6,1,48,8,-1,-1,-1,-1,5,3,W01000650,0
Unvalidated,2024631439058,2024,631439058,2,9,0,18,1,5,0,0,0,0,2,10,1,1,5,1,69,10,-1,-1,-1,-1,8,3,W01000552,0
Unvalidated,2024631439144,2024,631439144,1,9,0,5,6,3,0,8,0,0,3,10,1,1,5,2,78,11,-1,-1,-1,-1,7,3,W01000488,0
Unvalidated,2024631439144,2024,631439144,2,9,0,18,5,1,0,8,0,0,0,0,1,1,5,2,59,9,-1,-1,-1,-1,7,2,E01028998,0
Unvalidated,2024631439271,2024,631439271,1,9,0,7,8,3,0,4,1,0,8,1,1,1,6,2,28,6,-1,-1,-1,-1,2,1,W01000942,0
Unvalidated,2024631439278,2024,631439278,1,9,0,18,7,4,0,0,0,0,1,4,1,1,6,1,38,7,-1,-1,-1,-1,7,3,W01000464,0
Unvalidated,2024631439604,2024,631439604,1,9,0,18,6,2,0,1,0,0,0,0,1,1,6,2,33,6,-1,-1,-1,-1,5,1,W01001412,0
Unvalidated,2024631439604,2024,631439604,2,9,0,4,6,2,0,1,0,0,0,0,2,1,6,1,57,9,-1,-1,-1,-1,8,3,W01000557,0
Unvalidated,2024631439604,2024,631439604,3,9,0,4,6,2,0,1,0,0,0,0,2,1,5,2,45,7,-1,-1,-1,-1,8,3,W01000580,0
Unvalidated,2024631439604,2024,631439604,4,9,0,4,6,5,0,8,0,0,0,0,2,1,6,1,33,6,-1,-1,-1,-1,8,3,W01000557,0
Unvalidated,2024631439618,2024,631439618,1,97,0,18,7,2,0,8,1,0,0,0,0,1,5,1,60,9,-1,-1,-1,-1,4,2,W01000846,0
Unvalidated,2024631439647,2024,631439647,1,9,0,13,5,1,0,8,0,0,0,0,1,1,5,1,38,7,-1,-1,-1,-1,7,1,E01004153,0
Unvalidated,2024631439647,2024,631439647,2,2,0,9,5,3,0,8,0,0,0,0,3,1,5,1,16,4,-1,-1,-1,-1,6,3,W01000575,0
Unvalidated,2024631440255,2024,631440255,1,3,0,5,3,1,0,5,1,0,0,0,0,1,2,2,35,6,-1,-1,-1,-1,5,3,W01000542,0
Unvalidated,2024631440274,2024,631440274,1,9,0,18,5,8,0,8,0,0,0,0,3,2,6,3,-1,-1,-1,-1,-1,-1,-1,-1,-1,0
Unvalidated,2024631440447,2024,631440447,1,9,0,5,5,1,0,6,0,0,0,0,3,1,6,1,84,11,-1,-1,-1,-1,7,3,W01000712,0
Unvalidated,2024631440447,2024,631440447,2,9,0,18,3,7,0,8,0,0,0,0,1,1,6,1,40,7,-1,-1,-1,-1,5,1,W01000643,0
Unvalidated,2024631440832,2024,631440832,1,5,0,13,2,6,0,8,0,0,0,0,1,1,5,1,71,10,-1,-1,-1,-1,6,3,E01013999,0
Unvalidated,2024631440832,2024,631440832,2,9,0,9,2,7,0,5,0,0,0,0,2,1,5,2,58,9,-1,-1,-1,-1,7,3,W01000464,0
Unvalidated,2024631440834,2024,631440834,1,9,0,18,2,6,0,0,0,0,0,0,1,1,6,1,17,4,-1,-1,-1,-1,9,3,W01000549,0
Unvalidated,2024631440834,2024,631440834,2,9,0,4,2,6,0,0,0,0,0,0,2,1,5,1,62,9,-1,-1,-1,-1,5,3,E01014018,0
Unvalidated,2024631440900,2024,631440900,1,19,4,9,6,4,0,5,0,0,0,0,4,1,1,1,47,8,-1,-1,-1,-1,5,3,W01000617,0
Unvalidated,2024631440900,2024,631440900,2,9,0,18,2,6,0,8,0,0,0,0,1,1,5,2,80,11,-1,-1,-1,-1,7,2,W01000597,0
Unvalidated,2024631440935,2024,631440935,1,9,0,18,4,8,0,0,5,0,2,10,3,1,6,2,42,7,-1,-1,-1,-1,6,3,W01000563,0
Unvalidated,2024631440935,2024,631440935,2,9,0,18,8,4,0,0,0,0,0,0,3,1,6,1,54,8,-1,-1,-1,-1,6,2,W01000595,0
Unvalidated,2024631440954,2024,631440954,1,9,0,18,4,8,0,2,0,4,0,0,1,1,5,2,38,7,-1,-1,-1,-1,6,2,W01000455,0
Unvalidated,2024631440954,2024,631440954,2,90,0,2,0,0,0,2,0,0,0,0,2,1,6,2,25,5,-1,-1,-1,-1,3,2,W01000454,0
Unvalidated,2024631441280,2024,631441280,1,9,0,18,6,2,0,0,1,0,1,3,1,1,5,1,19,4,-1,-1,-1,-1,5,3,W01000717,0
Unvalidated,2024631441308,2024,631441308,1,9,0,18,2,6,0,0,5,0,2,10,4,1,5,2,20,4,-1,-1,-1,-1,10,1,E01019787,0
Unvalidated,2024631441308,2024,631441308,2,9,0,4,2,6,0,0,0,0,0,0,0,1,6,2,39,7,-1,-1,-1,-1,2,1,E01003303,0
Unvalidated,2024631441320,2024,631441320,1,9,0,18,5,1,0,0,0,0,0,0,1,1,5,1,82,11,-1,-1,-1,-1,5,3,W01000537,0
Unvalidated,2024631441320,2024,631441320,2,9,0,3,5,1,0,0,0,0,0,0,2,1,5,1,60,9,-1,-1,-1,-1,9,2,W01001284,0
Unvalidated,2024631441330,2024,631441330,1,9,0,14,2,6,0,0,5,4,0,0,1,1,5,1,62,9,-1,-1,-1,-1,7,1,W01000731,0
Unvalidated,2024631441330,2024,631441330,2,9,0,2,0,0,0,0,0,0,0,0,2,1,6,3,-1,-1,-1,-1,-1,-1,-1,-1,-1,0
Unvalidated,2024631441424,2024,631441424,1,9,0,18,5,1,0,0,0,4,0,0,1,1,5,1,21,5,-1,-1,-1,-1,7,1,W01000731,0
Unvalidated,2024631441424,2024,631441424,2,9,0,2,0,0,0,0,0,0,1,11,1,1,6,3,-1,-1,-1,-1,-1,-1,-1,-1,-1,0
Unvalidated,2024631441508,2024,631441508,1,9,0,18,5,1,0,0,0,0,0,0,1,1,5,1,18,4,-1,-1,-1,-1,6,2,W01000473,0
Unvalidated,2024631441508,2024,631441508,2,98,0,4,5,1,0,0,0,0,0,0,2,2,5,1,24,5,-1,-1,-1,-1,6,3,W01000550,0
Unvalidated,2024631441590,2024,631441590,1,5,0,18,6,1,0,0,1,0,2,10,4,1,5,1,54,8,-1,-1,-1,-1,7,3,W01000583,0
Unvalidated,2024631441617,2024,631441617,1,9,0,18,2,5,0,0,5,0,7,10,1,1,6,1,55,8,-1,-1,-1,-1,5,2,W01000533,0
Unvalidated,2024631441639,2024,631441639,1,4,0,18,6,2,0,8,0,0,0,0,1,1,6,1,46,8,-1,-1,-1,-1,9,1,W01001949,0
Unvalidated,2024631441639,2024,631441639,2,17,4,9,8,6,0,6,0,0,0,0,0,1,1,1,30,6,-1,-1,-1,-1,5,3,W01000650,0
Unvalidated,2024631441677,2024,631441677,1,9,0,18,2,6,0,0,2,0,2,10,1,1,5,1,17,4,-1,-1,-1,-1,6,3,W01000558,0
Unvalidated,2024631441745,2024,631441745,1,9,0,18,5,1,0,0,0,0,0,0,1,1,6,1,21,5,-1,-1,-1,-1,4,1,W01000586,0
Unvalidated,2024631441745,2024,631441745,2,9,0,4,5,1,0,0,0,0,0,0,2,1,6,2,38,7,-1,-1,-1,-1,6,3,W01000575,0
Unvalidated,2024631441783,2024,631441783,1,97,0,18,2,6,0,0,1,0,1,10,1,1,6,1,61,9,-1,-1,-1,-1,8,3,E01022413,0
Unvalidated,2024631441792,2024,631441792,1,1,0,18,8,4,0,0,0,0,0,0,1,1,2,1,44,7,-1,-1,-1,-1,9,1,W01000482,0
Unvalidated,2024631441792,2024,631441792,2,9,0,18,6,3,0,0,0,0,0,0,1,1,6,2,70,10,-1,-1,-1,-1,3,1,W01000478,0