status,collision_index,collision_year,collision_reference,vehicle_reference,vehicle_type,towing_and_articulation,vehicle_manoeuvre,vehicle_direction_from,vehicle_direction_to,vehicle_location_restricted_lane,junction_location,skidding_and_overturning,hit_object_in_carriageway,vehicle_leaving_carriageway,hit_object_off_carriageway,first_point_of_impact,vehicle_left_hand_drive,journey_purpose_of_driver,sex_of_driver,age_of_driver,age_band_of_driver,engine_capacity_cc,propulsion_code,age_of_vehicle,generic_make_model,driver_imd_decile,driver_home_area_type,lsoa_of_driver,escooter_flag
Unvalidated,2024631441811,2024,631441811,1,9,0,9,4,2,0,5,0,0,0,0,4,1,6,1,58,9,-1,-1,-1,-1,6,3,W01000701,0
Unvalidated,2024631441811,2024,631441811,2,98,0,18,8,4,0,8,0,0,0,0,1,1,1,1,51,8,-1,-1,-1,-1,5,3,W01000535,0
Unvalidated,2024631442046,2024,631442046,1,9,0,18,8,3,0,0,1,0,0,0,1,1,6,1,18,4,-1,-1,-1,-1,7,3,W01000664,0
Unvalidated,2024631442046,2024,631442046,2,9,0,4,8,3,0,0,0,0,0,0,2,1,6,1,33,6,-1,-1,-1,-1,6,3,W01000713,0
Unvalidated,2024631442077,2024,631442077,1,98,0,5,2,6,0,6,0,0,0,0,1,1,2,1,46,8,-1,-1,-1,-1,5,3,W01000535,0
Unvalidated,2024631442077,2024,631442077,2,9,0,18,8,4,0,8,0,0,0,0,4,1,6,2,25,5,-1,-1,-1,-1,6,2,W01000509,0
Unvalidated,2024631442498,2024,631442498,1,97,0,18,8,4,0,1,1,0,0,0,1,1,6,1,24,5,-1,-1,-1,-1,8,2,W01000466,0
Unvalidated,2024631442498,2024,631442498,2,9,0,10,8,5,0,8,0,0,0,0,2,1,5,1,59,9,-1,-1,-1,-1,6,3,W01000433,0
Unvalidated,2024631442863,2024,631442863,1,9,0,18,4,8,0,1,0,0,7,10,1,1,6,1,78,11,-1,-1,-1,-1,6,2,W01000455,0
Unvalidated,2024631442863,2024,631442863,2,9,0,4,0,0,6,1,0,0,0,0,2,1,6,2,72,10,-1,-1,-1,-1,7,3,W01000459,0
Unvalidated,2024631442863,2024,631442863,3,9,0,4,0,0,6,1,0,0,0,0,4,1,6,1,51,8,-1,-1,-1,-1,7,2,W01000492,0
Unvalidated,2024631442869,2024,631442869,1,11,0,18,5,1,0,0,0,0,0,0,3,1,6,3,-1,-1,-1,-1,-1,-1,-1,-1,-1,0
Unvalidated,2024631442869,2024,631442869,2,9,0,18,1,5,0,0,0,0,0,0,3,1,1,2,34,6,-1,-1,-1,-1,8,3,W01000444,0
Unvalidated,2024631442888,2024,631442888,1,98,0,18,7,4,0,0,1,0,1,10,1,1,1,1,23,5,-1,-1,-1,-1,4,3,W01000730,0
Unvalidated,2024631442888,2024,631442888,2,9,0,4,4,7,0,0,0,0,0,0,1,1,2,2,39,7,-1,-1,-1,-1,4,3,W01000438,0
Unvalidated,2024631442923,2024,631442923,1,9,0,16,2,5,0,0,1,0,0,0,0,1,5,1,59,9,-1,-1,-1,-1,8,1,E01029277,0
Unvalidated,2024631443408,2024,631443408,1,5,0,18,1,4,0,0,0,0,1,10,1,1,5,1,41,7,-1,-1,-1,-1,7,3,W01000556,0
Unvalidated,2024631443408,2024,631443408,2,9,4,18,4,1,0,0,0,0,0,0,0,1,5,2,39,7,-1,-1,-1,-1,8,3,W01000610,0
Unvalidated,2024631443424,2024,631443424,1,21,4,18,4,7,0,1,0,0,0,0,3,1,2,1,47,8,-1,-1,-1,-1,7,3,W01000083,0
Unvalidated,2024631443424,2024,631443424,2,9,0,5,1,4,0,6,0,0,0,0,1,1,1,1,55,8,-1,-1,-1,-1,7,3,W01000470,0
Unvalidated,2024631443427,2024,631443427,1,9,0,18,4,8,0,8,0,0,0,0,4,1,6,3,-1,-1,-1,-1,-1,-1,-1,-1,-1,0
Unvalidated,2024631443427,2024,631443427,2,1,0,9,5,4,0,6,0,0,0,0,3,1,5,1,49,8,-1,-1,-1,-1,3,1,W01000515,0
Unvalidated,2024631443462,2024,631443462,1,9,0,18,6,2,0,0,0,0,7,2,1,1,6,1,30,6,-1,-1,-1,-1,7,3,W01000712,0
Unvalidated,2024631443990,2024,631443990,1,9,0,18,5,1,0,0,0,0,0,0,1,1,2,2,19,4,-1,-1,-1,-1,4,1,W01000589,0
Unvalidated,2024631443990,2024,631443990,2,9,0,4,5,1,0,0,0,0,0,0,2,1,1,2,48,8,-1,-1,-1,-1,-1,-1,-1,0
Unvalidated,2024631444137,2024,631444137,1,98,0,18,6,2,0,1,1,0,0,0,1,1,2,1,45,7,-1,-1,-1,-1,8,3,W01000624,0
Unvalidated,2024631444137,2024,631444137,2,9,0,4,6,2,0,1,0,0,0,0,2,1,6,2,32,6,-1,-1,-1,-1,5,2,W01000528,0
Unvalidated,2024631444137,2024,631444137,3,9,0,10,6,4,0,8,0,0,0,0,2,1,6,2,46,8,-1,-1,-1,-1,8,3,W01000682,0
Unvalidated,2024631444179,2024,631444179,1,9,0,4,2,6,0,0,0,0,0,0,2,1,6,1,71,10,-1,-1,-1,-1,4,3,E01029003,0
Unvalidated,2024631444179,2024,631444179,2,19,0,4,2,6,0,0,0,0,0,0,2,1,2,1,34,6,-1,-1,-1,-1,1,1,W01001169,0
Unvalidated,2024631444179,2024,631444179,3,9,0,18,2,6,0,0,0,0,0,0,1,1,6,1,55,8,-1,-1,-1,-1,5,3,E01028959,0
Unvalidated,2024631444317,2024,631444317,1,9,0,18,7,4,0,0,0,0,0,0,4,1,6,1,21,5,-1,-1,-1,-1,6,3,W01000574,0
Unvalidated,2024631444407,2024,631444407,1,19,0,18,2,6,0,8,0,0,1,2,4,1,6,1,20,4,-1,-1,-1,-1,8,1,W01000877,0
Unvalidated,2024631444407,2024,631444407,2,9,0,5,4,2,0,6,0,0,0,0,1,1,2,2,36,7,-1,-1,-1,-1,5,3,W01000717,0
Unvalidated,2024631444488,2024,631444488,1,9,0,13,8,4,0,0,0,0,0,0,4,1,6,3,-1,-1,-1,-1,-1,-1,-1,-1,-1,0
Unvalidated,2024631444488,2024,631444488,2,1,0,18,8,4,0,0,0,0,0,0,3,1,5,1,55,8,-1,-1,-1,-1,8,3,W01001905,0
Unvalidated,2024631444582,2024,631444582,1,5,0,16,2,5,0,2,1,0,7,10,1,1,5,1,27,6,-1,-1,-1,-1,5,1,E01014371,0
Unvalidated,2024631444712,2024,631444712,1,9,0,18,5,1,0,1,0,0,1,11,1,1,6,1,22,5,-1,-1,-1,-1,6,3,W01000709,0
Unvalidated,2024631444712,2024,631444712,2,9,0,10,5,3,0,8,0,0,0,0,0,1,6,1,46,8,-1,-1,-1,-1,2,3,W01000929,0
Unvalidated,2024631444808,2024,631444808,1,19,0,9,6,4,0,5,0,0,0,0,3,1,1,1,19,4,-1,-1,-1,-1,7,2,W01000501,0
Unvalidated,2024631444808,2024,631444808,2,5,0,13,6,2,0,8,1,0,0,0,1,1,5,1,55,8,-1,-1,-1,-1,5,3,W01000452,0
Unvalidated,2024631444907,2024,631444907,1,9,0,18,6,1,0,1,5,0,7,10,1,1,6,1,23,5,-1,-1,-1,-1,6,3,W01000709,0
Unvalidated,2024631444911,2024,631444911,1,5,0,18,5,1,0,0,0,0,0,0,0,1,5,1,36,7,-1,-1,-1,-1,1,1,W01000733,0
Unvalidated,2024631444972,2024,631444972,1,9,0,18,7,4,0,2,0,0,1,11,1,1,6,2,48,8,-1,-1,-1,-1,1,1,E01027951,0
Unvalidated,2024631444982,2024,631444982,1,9,0,9,1,7,0,5,0,0,0,0,4,1,5,1,75,10,-1,-1,-1,-1,9,2,E01027792,0
Unvalidated,2024631444982,2024,631444982,2,5,0,18,5,1,0,8,1,0,0,0,1,1,5,1,57,9,-1,-1,-1,-1,10,1,W01001771,0
Unvalidated,2024631445101,2024,631445101,1,97,0,18,2,5,0,0,0,0,7,11,1,1,6,1,70,10,-1,-1,-1,-1,8,3,E01031149,0
Unvalidated,2024631445248,2024,631445248,1,5,0,18,3,7,0,1,0,0,0,0,1,1,5,1,48,8,-1,-1,-1,-1,7,3,W01000581,0
Unvalidated,2024631445248,2024,631445248,2,9,0,4,3,6,0,1,0,0,0,0,2,1,5,1,69,10,-1,-1,-1,-1,7,3,W01000581,0
Unvalidated,2024631445263,2024,631445263,1,9,0,9,5,2,0,6,0,0,1,10,3,1,2,2,18,4,-1,-1,-1,-1,5,3,W01000617,0
Unvalidated,2024631445263,2024,631445263,2,9,0,17,2,7,0,8,0,0,7,10,1,1,5,2,76,11,-1,-1,-1,-1,6,3,W01000579,0
Unvalidated,2024631445798,2024,631445798,1,98,0,9,5,3,0,5,0,0,0,0,1,1,5,1,55,8,-1,-1,-1,-1,9,3,W01000737,0
Unvalidated,2024631445798,2024,631445798,2,5,0,18,1,5,0,8,0,0,0,0,1,1,5,1,67,10,-1,-1,-1,-1,1,1,W01000817,0
Unvalidated,2024631445800,2024,631445800,1,9,0,18,8,4,0,0,0,4,0,0,3,1,6,1,81,11,-1,-1,-1,-1,5,1,W01000505,0
Unvalidated,2024631445800,2024,631445800,2,9,0,2,0,0,0,0,0,0,0,0,4,1,6,3,-1,-1,-1,-1,-1,-1,-1,-1,-1,0
Unvalidated,2024631446578,2024,631446578,1,9,0,18,7,4,0,0,0,0,2,2,4,1,5,1,58,9,-1,-1,-1,-1,8,2,W01000616,0
Unvalidated,2024631446629,2024,631446629,1,9,0,18,2,6,0,0,1,0,8,10,1,1,5,1,19,4,-1,-1,-1,-1,7,3,W01000477,0
Unvalidated,2024631447236,2024,631447236,1,9,0,12,8,4,0,0,1,0,7,10,1,1,6,1,63,9,-1,-1,-1,-1,8,3,W01000610,0
Unvalidated,2024631447236,2024,631447236,2,9,0,18,4,8,0,0,0,0,7,10,1,1,6,1,44,7,-1,-1,-1,-1,3,2,W01000608,0
Unvalidated,2024631447236,2024,631447236,3,9,0,18,4,8,0,0,0,0,0,0,3,1,3,2,52,8,-1,-1,-1,-1,6,3,W01000574,0
Unvalidated,2024631447456,2024,631447456,1,9,0,18,8,4,0,8,0,0,1,10,3,1,6,2,21,5,-1,-1,-1,-1,3,2,W01000607,0
Unvalidated,2024631447456,2024,631447456,2,9,0,9,6,4,0,6,0,0,0,0,4,1,6,2,77,11,-1,-1,-1,-1,3,2,W01000607,0
Unvalidated,2024631447789,2024,631447789,1,5,0,18,1,6,0,0,1,0,2,10,3,1,5,1,62,9,-1,-1,-1,-1,2,1,E01013195,0
Unvalidated,2024631447836,2024,631447836,1,9,0,9,8,6,0,5,0,0,0,0,4,1,5,2,80,11,-1,-1,-1,-1,5,2,W01000621,0
Unvalidated,2024631447836,2024,631447836,2,1,0,18,4,8,0,8,0,0,0,0,1,1,5,1,58,9,-1,-1,-1,-1,10,1,E01016639,0
Unvalidated,2024631447908,2024,631447908,1,90,0,13,8,4,0,8,0,0,0,0,1,1,6,1,20,4,-1,-1,-1,-1,1,1,W01000631,0
Unvalidated,2024631447908,2024,631447908,2,9,0,9,8,6,0,5,0,0,0,0,3,1,6,2,32,6,-1,-1,-1,-1,6,1,W01000630,0
Unvalidated,2024631447970,2024,631447970,1,9,0,18,1,5,0,0,0,4,0,0,1,1,6,2,31,6,-1,-1,-1,-1,3,1,W01000626,0
Unvalidated,2024631447970,2024,631447970,2,9,0,2,0,0,0,0,0,4,0,0,2,1,6,3,-1,-1,-1,-1,-1,-1,-1,-1,-1,0
Unvalidated,2024631447970,2024,631447970,3,9,0,2,0,0,0,0,0,4,0,0,2,1,6,3,-1,-1,-1,-1,-1,-1,-1,-1,-1,0
Unvalidated,2024631447970,2024,631447970,4,9,0,2,0,0,0,0,0,4,0,0,2,1,6,3,-1,-1,-1,-1,-1,-1,-1,-1,-1,0
Unvalidated,2024631447970,2024,631447970,5,9,0,2,0,0,0,0,0,4,0,0,2,1,6,3,-1,-1,-1,-1,-1,-1,-1,-1,-1,0
Unvalidated,2024631447970,2024,631447970,6,9,0,2,0,0,0,0,0,0,0,0,2,1,6,3,-1,-1,-1,-1,-1,-1,-1,-1,-1,0
Unvalidated,2024631448053,2024,631448053,1,9,0,18,2,6,9,8,0,0,1,10,4,1,6,3,-1,-1,-1,-1,-1,-1,-1,-1,-1,0
Unvalidated,2024631448094,2024,631448094,1,5,0,18,4,8,0,0,1,0,0,0,1,1,5,1,40,7,-1,-1,-1,-1,3,1,E01014156,0
Unvalidated,2024631448094,2024,631448094,2,9,0,4,4,8,0,0,0,0,0,0,2,1,6,2,27,6,-1,-1,-1,-1,4,2,W01000656,0
Unvalidated,2024631448157,2024,631448157,1,9,0,9,6,4,0,5,0,0,0,0,1,1,5,2,54,8,-1,-1,-1,-1,8,1,W01001423,0
Unvalidated,2024631448157,2024,631448157,2,9,0,18,2,6,0,8,0,0,1,10,1,1,6,2,32,6,-1,-1,-1,-1,6,3,W01000574,0
Unvalidated,2024631448279,2024,631448279,1,9,0,18,1,5,0,8,0,0,0,0,1,2,5,1,18,4,-1,-1,-1,-1,7,1,W01000651,0
Unvalidated,2024631448279,2024,631448279,2,9,0,9,3,1,0,6,0,0,0,0,3,2,1,2,18,4,-1,-1,-1,-1,6,1,W01000628,0
Unvalidated,2024631448299,2024,631448299,1,9,0,18,2,6,0,0,0,0,0,0,4,1,6,1,48,8,-1,-1,-1,-1,8,3,W01000552,0
Unvalidated,2024631448299,2024,631448299,2,1,0,18,2,6,0,0,0,0,0,0,1,1,6,1,11,3,-1,-1,-1,-1,7,1,W01000513,0
Unvalidated,2024631448308,2024,631448308,1,5,0,10,2,8,0,8,0,0,0,0,3,1,5,1,34,6,-1,-1,-1,-1,6,1,E01004925,0
Unvalidated,2024631448308,2024,631448308,2,5,0,18,2,6,0,1,0,0,7,9,1,1,5,2,25,5,-1,-1,-1,-1,9,1,E01006393,0
Unvalidated,2024631448386,2024,631448386,1,9,0,18,8,4,0,8,0,0,1,7,1,1,5,1,54,8,-1,-1,-1,-1,6,3,E01029219,0
Unvalidated,2024631448513,2024,631448513,1,9,0,6,4,4,0,8,0,0,0,0,1,1,5,1,93,11,-1,-1,-1,-1,4,3,W01000672,0
Unvalidated,2024631448513,2024,631448513,2,1,0,4,2,6,0,8,0,0,0,0,2,1,5,1,76,11,-1,-1,-1,-1,7,3,W01000553,0
Unvalidated,2024631448538,2024,631448538,1,9,0,4,5,1,0,0,0,0,0,0,1,1,6,2,61,9,-1,-1,-1,-1,5,3,W01000728,0
Unvalidated,2024631448538,2024,631448538,2,9,0,18,1,5,0,0,1,0,0,0,1,1,6,1,31,6,-1,-1,-1,-1,2,2,W01000600,0
Unvalidated,2024631448595,2024,631448595,1,19,0,16,5,8,0,0,0,0,0,0,1,1,1,1,25,5,-1,-1,-1,-1,7,1,W01001571,0
Unvalidated,2024631448595,2024,631448595,2,9,0,18,8,5,0,0,0,0,0,0,1,1,5,2,33,6,-1,-1,-1,-1,5,1,W01001580,0
Unvalidated,2024631448648,2024,631448648,1,5,0,18,4,8,0,8,1,0,0,0,1,1,5,1,21,5,-1,-1,-1,-1,8,2,W01000616,0
Unvalidated,2024631448648,2024,631448648,2,9,0,9,6,4,0,6,0,0,0,0,3,1,5,2,60,9,-1,-1,-1,-1,9,1,E01001385,0
Unvalidated,2024631448712,2024,631448712,1,9,0,9,1,7,0,6,0,0,0,0,1,1,6,1,30,6,-1,-1,-1,-1,1,1,W01000733,0
Unvalidated,2024631448749,2024,631448749,1,98,0,9,5,3,0,6,0,0,0,0,3,1,6,1,22,5,-1,-1,-1,-1,2,2,W01001885,0
Unvalidated,2024631448749,2024,631448749,2,9,0,18,3,7,0,8,0,0,0,0,1,1,2,2,17,4,-1,-1,-1,-1,4,1,W01001899,0
Unvalidated,2024631448987,2024,631448987,1,9,0,18,4,8,0,0,0,0,0,0,1,1,6,1,-1,-1,-1,-1,-1,-1,-1,-1,-1,0
Unvalidated,2024631448987,2024,631448987,2,9,0,4,4,8,0,0,0,0,0,0,2,1,5,2,40,7,-1,-1,-1,-1,5,1,W01000643,0
Unvalidated,2024631449575,2024,631449575,1,9,0,18,3,7,0,0,0,0,1,3,1,1,5,1,66,10,-1,-1,-1,-1,6,3,W01000701,0
Unvalidated,2024631449627,2024,631449627,1,9,0,12,4,8,0,1,0,0,7,11,1,1,6,1,78,11,-1,-1,-1,-1,10,1,W01000512,0
Unvalidated,2024631449628,2024,631449628,1,4,0,13,6,3,0,8,0,0,0,0,1,1,2,1,31,6,-1,-1,-1,-1,3,2,W01000633,0
Unvalidated,2024631449628,2024,631449628,2,9,0,9,1,6,0,6,0,0,0,0,3,1,2,1,49,8,-1,-1,-1,-1,3,1,W01001923,0
Unvalidated,2024631449628,2024,631449628,3,98,0,7,6,1,0,5,0,0,0,0,0,1,6,3,-1,-1,-1,-1,-1,-1,-1,-1,-1,0
Unvalidated,2024631449742,2024,631449742,1,9,0,18,1,5,0,1,0,0,0,0,3,1,6,3,-1,-1,-1,-1,-1,-1,-1,-1,-1,0
Unvalidated,2024631449742,2024,631449742,2,9,0,18,5,1,0,2,0,0,0,0,0,1,6,3,-1,-1,-1,-1,-1,-1,-1,-1,-1,0
Unvalidated,2024631449742,2024,631449742,3,1,0,18,5,1,0,2,0,0,1,10,3,1,5,1,15,3,-1,-1,-1,-1,8,3,W01000649,0
Unvalidated,2024631450408,2024,631450408,1,20,4,17,8,5,0,0,0,0,1,4,1,1,1,1,34,6,-1,-1,-1,-1,4,1,W01000352,0
Unvalidated,2024631450523,2024,631450523,1,9,0,18,2,6,0,0,1,6,2,10,4,1,5,1,25,5,-1,-1,-1,-1,2,1,E01032867,0
Unvalidated,2024631450693,2024,631450693,1,5,0,18,4,8,0,0,1,0,0,0,0,1,5,1,50,8,-1,-1,-1,-1,8,2,E01028977,0
Unvalidated,2024631451091,2024,631451091,1,9,0,4,3,7,0,0,0,0,0,0,2,1,6,1,57,9,-1,-1,-1,-1,4,3,W01000602,0
Unvalidated,2024631451091,2024,631451091,2,9,0,18,3,7,0,0,0,0,1,10,1,1,6,2,32,6,-1,-1,-1,-1,4,2,W01000603,0
Unvalidated,2024631451109,2024,631451109,1,9,0,9,7,5,0,6,0,0,0,0,3,1,6,2,83,11,-1,-1,-1,-1,9,3,W01000440,0
Unvalidated,2024631451109,2024,631451109,2,97,0,18,5,1,0,8,0,0,0,0,1,1,6,1,69,10,-1,-1,-1,-1,9,1,E01029076,0
Unvalidated,2024631451150,2024,631451150,1,19,0,18,1,5,0,0,0,0,7,4,1,1,6,1,44,7,-1,-1,-1,-1,5,3,W01000650,0
Unvalidated,2024631451167,2024,631451167,1,9,0,18,2,7,0,0,0,0,1,11,1,1,6,1,64,9,-1,-1,-1,-1,10,1,E01031649,0
Unvalidated,2024631451222,2024,631451222,1,9,0,18,2,6,0,0,0,0,1,10,1,1,2,1,32,6,-1,-1,-1,-1,1,1,W01001144,0
Unvalidated,2024631451222,2024,631451222,2,9,0,18,6,2,0,0,0,0,1,10,3,1,5,2,74,10,-1,-1,-1,-1,8,3,W01000649,0
Unvalidated,2024631451356,2024,631451356,1,9,0,12,6,2,0,0,5,0,7,11,1,1,6,2,72,10,-1,-1,-1,-1,6,3,W01000487,0
Unvalidated,2024631451398,2024,631451398,1,9,0,17,7,4,0,0,0,0,2,10,1,1,5,1,19,4,-1,-1,-1,-1,8,2,W01000485,0
Unvalidated,2024631451545,2024,631451545,1,98,0,13,6,2,0,8,0,0,0,0,1,1,6,3,-1,-1,-1,-1,-1,-1,-1,-1,-1,0
Unvalidated,2024631451545,2024,631451545,2,9,0,9,6,4,0,5,0,0,0,0,3,1,5,2,48,8,-1,-1,-1,-1,7,3,W01000523,0
Unvalidated,2024631451681,2024,631451681,1,9,0,4,8,5,0,0,0,0,0,0,0,1,6,3,-1,-1,-1,-1,-1,-1,-1,-1,-1,0
Unvalidated,2024631451681,2024,631451681,2,98,0,4,8,5,0,0,0,0,0,0,2,1,6,1,45,7,-1,-1,-1,-1,7,1,W01001515,0
Unvalidated,2024631451681,2024,631451681,3,9,0,18,8,5,0,0,0,0,0,0,1,1,6,1,-1,-1,-1,-1,-1,-1,4,1,W01001152,0
Unvalidated,2024631451733,2024,631451733,1,9,0,12,6,2,0,0,1,0,0,0,1,1,5,1,20,4,-1,-1,-1,-1,7,3,W01000460,0
Unvalidated,2024631451733,2024,631451733,2,9,0,18,2,6,0,0,0,0,1,10,1,1,5,1,19,4,-1,-1,-1,-1,6,2,E01021430,0
Unvalidated,2024631451796,2024,631451796,1,9,0,18,2,6,0,2,0,0,0,0,1,1,5,2,36,7,-1,-1,-1,-1,5,2,W01000632,0
Unvalidated,2024631451796,2024,631451796,2,9,0,18,6,2,0,1,0,0,0,0,3,1,5,2,17,4,-1,-1,-1,-1,7,1,W01000731,0
Unvalidated,2024631451796,2024,631451796,3,9,0,4,6,2,0,1,0,0,0,0,1,1,2,2,28,6,-1,-1,-1,-1,8,1,W01000715,0
Unvalidated,2024631451796,2024,631451796,4,9,0,4,6,2,0,1,0,0,0,0,1,1,5,1,24,5,-1,-1,-1,-1,3,3,W01000657,0
Unvalidated,2024631452151,2024,631452151,1,9,0,18,2,6,0,8,0,0,3,11,1,1,5,2,86,11,-1,-1,-1,-1,6,2,W01000487,0
Unvalidated,2024631452269,2024,631452269,1,98,0,18,6,2,0,1,0,0,1,11,1,1,5,1,43,7,-1,-1,-1,-1,7,3,W01000445,0
Unvalidated,2024631452269,2024,631452269,2,9,0,2,0,0,0,2,0,0,0,0,1,1,5,1,36,7,-1,-1,-1,-1,10,2,W01000432,0
Unvalidated,2024631452558,2024,631452558,1,9,0,9,7,5,0,6,0,0,3,10,3,1,5,1,86,11,-1,-1,-1,-1,8,3,W01000555,0
Unvalidated,2024631452558,2024,631452558,2,9,0,18,5,1,0,8,1,0,7,10,1,1,5,1,76,11,-1,-1,-1,-1,6,3,W01000579,0
Unvalidated,2024631452816,2024,631452816,1,3,0,13,8,4,0,0,0,0,1,9,3,1,2,1,40,7,-1,-1,-1,-1,2,1,W01000660,0
Unvalidated,2024631452816,2024,631452816,2,9,0,18,8,4,0,0,0,0,0,0,4,1,6,3,-1,-1,-1,-1,-1,-1,-1,-1,-1,0
Unvalidated,2024631453014,2024,631453014,1,9,0,9,5,3,0,6,0,0,0,0,3,1,6,1,54,8,-1,-1,-1,-1,8,2,W01000634,0
Unvalidated,2024631453014,2024,631453014,2,97,0,18,3,7,0,8,0,0,0,0,1,1,6,1,57,9,-1,-1,-1,-1,6,1,W01000635,0
Unvalidated,2024631453354,2024,631453354,1,9,0,18,2,6,0,0,5,0,1,3,1,1,5,1,62,9,-1,-1,-1,-1,6,3,W01000574,0
Unvalidated,2024631453409,2024,631453409,1,9,0,18,1,5,0,8,0,0,3,11,1,1,5,2,87,11,-1,-1,-1,-1,5,2,W01000566,0
Unvalidated,2024631453429,2024,631453429,1,9,0,17,7,4,0,0,5,0,2,10,1,1,6,1,70,10,-1,-1,-1,-1,7,3,W01000449,0
Unvalidated,2024631453521,2024,631453521,1,9,0,18,8,5,0,0,1,0,1,10,1,1,5,1,17,4,-1,-1,-1,-1,6,3,W01000582,0
Unvalidated,2024631453521,2024,631453521,2,9,0,18,5,8,0,0,0,0,0,0,3,1,5,1,30,6,-1,-1,-1,-1,8,3,W01000644,0
Unvalidated,2024631453595,2024,631453595,1,9,0,16,5,8,0,0,0,0,8,1,1,1,5,2,66,10,-1,-1,-1,-1,3,3,W01000695,0
Unvalidated,2024631453686,2024,631453686,1,9,0,18,2,6,0,0,5,11,8,4,1,1,5,2,18,4,-1,-1,-1,-1,9,1,W01000481,0
Unvalidated,2024631453930,2024,631453930,1,9,0,4,6,2,0,0,0,0,0,0,2,1,6,2,38,7,-1,-1,-1,-1,2,1,W01000705,0
Unvalidated,2024631453930,2024,631453930,2,9,0,18,6,2,0,0,0,0,0,0,1,1,6,3,-1,-1,-1,-1,-1,-1,-1,-1,-1,0
Unvalidated,2024631454076,2024,631454076,1,11,0,1,8,4,0,0,0,0,0,0,2,1,6,1,45,7,-1,-1,-1,-1,9,3,W01000441,0
Unvalidated,2024631454076,2024,631454076,2,9,0,4,4,8,0,0,0,0,0,0,1,1,6,2,26,6,-1,-1,-1,-1,8,3,W01000447,0
Unvalidated,2024631454108,2024,631454108,1,9,0,12,4,1,0,0,1,0,0,0,3,1,5,1,23,5,-1,-1,-1,-1,4,1,W01000516,0
Unvalidated,2024631454108,2024,631454108,2,19,0,18,1,5,0,0,1,0,1,10,3,1,6,2,27,6,-1,-1,-1,-1,5,3,W01000542,0
Unvalidated,2024631454244,2024,631454244,1,9,0,18,6,2,0,2,0,0,0,0,1,1,6,1,-1,-1,-1,-1,-1,-1,6,1,E01006929,0
Unvalidated,2024631454244,2024,631454244,2,9,0,4,6,2,0,2,0,0,0,0,2,1,5,2,27,6,-1,-1,-1,-1,8,2,W01000609,0
Unvalidated,2024631454402,2024,631454402,1,9,0,18,1,5,0,8,0,0,0,0,1,1,6,2,-1,-1,-1,-1,-1,-1,-1,-1,-1,0
Unvalidated,2024631454471,2024,631454471,1,9,0,9,8,6,0,6,0,0,0,0,3,1,5,2,83,11,-1,-1,-1,-1,7,3,W01000470,0
Unvalidated,2024631454471,2024,631454471,2,9,0,18,6,3,0,8,0,0,0,0,1,1,5,2,57,9,-1,-1,-1,-1,7,3,W01000475,0
Unvalidated,2024631454499,2024,631454499,1,5,0,18,3,7,0,0,1,0,2,10,4,1,5,1,43,7,-1,-1,-1,-1,4,1,E01028210,0
Unvalidated,2024631454565,2024,631454565,1,9,0,18,5,1,0,8,0,0,3,10,3,1,5,1,44,7,-1,-1,-1,-1,4,3,W01000730,0
Unvalidated,2024631454565,2024,631454565,2,9,0,13,3,7,0,8,0,0,0,0,1,1,5,2,42,7,-1,-1,-1,-1,4,3,W01000672,0
Unvalidated,2024631454565,2024,631454565,3,90,0,18,3,7,0,8,0,0,0,0,1,1,5,2,50,8,-1,-1,-1,-1,2,1,E01015216,0
Unvalidated,2024631454627,2024,631454627,1,9,0,18,3,7,0,0,0,0,0,0,3,1,6,3,-1,-1,-1,-1,-1,-1,-1,-1,-1,0
Unvalidated,2024631454627,2024,631454627,2,9,0,18,7,3,0,0,0,0,0,0,3,1,5,1,63,9,-1,-1,-1,-1,7,3,W01000561,0
Unvalidated,2024631454683,2024,631454683,1,9,0,18,2,6,0,1,0,0,0,0,1,1,2,2,20,4,-1,-1,-1,-1,8,2,W01000680,0
Unvalidated,2024631454683,2024,631454683,2,9,0,4,2,6,0,1,0,0,0,0,2,1,2,2,30,6,-1,-1,-1,-1,7,1,W01000690,0
Unvalidated,2024631454683,2024,631454683,3,9,0,7,4,6,0,6,0,0,0,0,0,1,2,2,62,9,-1,-1,-1,-1,6,1,W01000691,0
Unvalidated,2024631454922,2024,631454922,1,9,0,14,4,8,0,0,0,0,7,4,1,1,6,1,43,7,-1,-1,-1,-1,8,3,W01000624,0
Unvalidated,2024631454922,2024,631454922,2,98,0,4,4,8,0,0,0,0,0,0,3,1,1,1,32,6,-1,-1,-1,-1,7,1,W01001048,0
Unvalidated,2024631454978,2024,631454978,1,5,0,18,6,2,0,0,1,0,7,10,1,1,6,1,60,9,-1,-1,-1,-1,8,1,W01000694,0
Unvalidated,2024631454978,2024,631454978,2,90,0,18,2,6,0,0,0,0,0,0,1,1,5,2,51,8,-1,-1,-1,-1,6,3,W01000647,0
Unvalidated,2024631454983,2024,631454983,1,9,0,3,4,6,0,0,0,0,0,0,1,1,6,1,27,6,-1,-1,-1,-1,6,3,W01000538,0
Unvalidated,2024631454983,2024,631454983,2,17,4,1,2,6,0,0,0,0,0,0,0,1,6,1,21,5,-1,-1,-1,-1,6,3,W01000543,0