status,collision_index,collision_year,collision_reference,vehicle_reference,vehicle_type,towing_and_articulation,vehicle_manoeuvre,vehicle_direction_from,vehicle_direction_to,vehicle_location_restricted_lane,junction_location,skidding_and_overturning,hit_object_in_carriageway,vehicle_leaving_carriageway,hit_object_off_carriageway,first_point_of_impact,vehicle_left_hand_drive,journey_purpose_of_driver,sex_of_driver,age_of_driver,age_band_of_driver,engine_capacity_cc,propulsion_code,age_of_vehicle,generic_make_model,driver_imd_decile,driver_home_area_type,lsoa_of_driver,escooter_flag
Unvalidated,2024631455064,2024,631455064,1,19,0,9,8,6,0,5,0,0,0,0,4,1,2,1,59,9,-1,-1,-1,-1,4,3,E01014033,0
Unvalidated,2024631455064,2024,631455064,2,9,0,18,4,8,0,8,1,0,0,0,1,1,6,2,19,4,-1,-1,-1,-1,7,3,W01000484,0
Unvalidated,2024631455064,2024,631455064,3,9,0,10,6,4,0,8,0,0,0,0,1,1,6,1,31,6,-1,-1,-1,-1,7,3,W01000484,0
Unvalidated,2024631455258,2024,631455258,1,9,0,18,5,8,0,0,1,0,7,4,1,1,2,1,31,6,-1,-1,-1,-1,6,3,W01000519,0
Unvalidated,2024631455315,2024,631455315,1,9,0,18,2,6,9,0,0,0,1,10,4,1,6,3,-1,-1,-1,-1,-1,-1,-1,-1,-1,0
Unvalidated,2024631455415,2024,631455415,1,19,0,18,2,6,0,0,1,0,0,0,1,1,6,1,29,6,-1,-1,-1,-1,2,1,E01010047,0
Unvalidated,2024631455415,2024,631455415,2,20,4,18,6,2,0,0,0,0,0,0,1,1,1,1,29,6,-1,-1,-1,-1,6,2,W01000487,0
Unvalidated,2024631455458,2024,631455458,1,9,0,12,2,6,0,0,0,0,7,7,1,1,5,1,27,6,-1,-1,-1,-1,4,3,W01000603,0
Unvalidated,2024631455458,2024,631455458,2,9,0,18,6,2,0,0,5,0,1,10,1,1,5,1,27,6,-1,-1,-1,-1,9,2,W01000619,0
Unvalidated,2024631455784,2024,631455784,1,9,0,18,4,8,0,0,1,0,0,0,1,1,5,1,63,9,-1,-1,-1,-1,9,1,E01009829,0
Unvalidated,2024631455784,2024,631455784,2,9,4,4,4,8,0,0,0,0,0,0,0,1,5,1,33,6,-1,-1,-1,-1,6,1,E01016817,0
Unvalidated,2024631455784,2024,631455784,3,90,0,4,4,8,0,0,0,0,0,0,2,1,5,2,40,7,-1,-1,-1,-1,7,1,E01028938,0
Unvalidated,2024631456034,2024,631456034,1,9,0,18,3,6,0,0,0,7,0,0,1,1,2,1,28,6,-1,-1,-1,-1,3,1,W01000626,0
Unvalidated,2024631456115,2024,631456115,1,9,4,18,6,2,0,0,0,0,0,0,0,1,5,2,68,10,-1,-1,-1,-1,9,1,E01025441,0
Unvalidated,2024631456115,2024,631456115,2,9,0,18,2,6,0,0,0,0,1,10,1,1,5,2,71,10,-1,-1,-1,-1,6,3,W01000560,0
Unvalidated,2024631456148,2024,631456148,1,9,0,5,4,8,9,0,0,0,1,11,1,1,6,1,28,6,-1,-1,-1,-1,-1,-1,-1,0
Unvalidated,2024631456154,2024,631456154,1,19,0,12,6,2,0,0,0,10,0,0,1,1,6,2,31,6,-1,-1,-1,-1,5,3,W01000567,0
Unvalidated,2024631456154,2024,631456154,2,9,0,18,2,6,0,0,0,0,1,10,3,1,6,1,25,5,-1,-1,-1,-1,6,1,W01000571,0
Unvalidated,2024631456162,2024,631456162,1,9,0,18,6,2,0,0,0,0,0,0,1,1,5,1,72,10,-1,-1,-1,-1,4,1,W01000586,0
Unvalidated,2024631456162,2024,631456162,2,9,0,4,6,2,0,0,0,0,0,0,2,1,6,1,74,10,-1,-1,-1,-1,5,1,W01000593,0
Unvalidated,2024631456284,2024,631456284,1,9,0,13,8,4,0,1,0,0,0,0,0,1,6,3,-1,-1,-1,-1,-1,-1,-1,-1,-1,0
Unvalidated,2024631456284,2024,631456284,2,1,0,18,8,4,0,1,0,0,0,0,0,1,6,1,69,10,-1,-1,-1,-1,1,1,W01000631,0
Unvalidated,2024631456426,2024,631456426,1,5,0,18,5,1,0,8,0,7,3,10,3,1,6,1,32,6,-1,-1,-1,-1,4,1,W01000636,0
Unvalidated,2024631456802,2024,631456802,1,9,0,14,4,8,0,0,0,0,0,0,3,1,6,3,-1,-1,-1,-1,-1,-1,-1,-1,-1,0
Unvalidated,2024631456802,2024,631456802,2,9,0,10,4,8,0,0,0,0,0,0,3,1,5,2,47,8,-1,-1,-1,-1,9,2,W01000527,0
Unvalidated,2024631456802,2024,631456802,3,9,0,18,8,4,0,0,0,0,0,0,1,1,5,1,57,9,-1,-1,-1,-1,5,3,W01000650,0
Unvalidated,2024631456802,2024,631456802,4,9,0,2,0,0,6,0,0,0,0,0,4,1,6,3,-1,-1,-1,-1,-1,-1,-1,-1,-1,0
Unvalidated,2024631456842,2024,631456842,1,9,0,18,1,6,0,0,0,0,7,10,1,1,2,1,38,7,-1,-1,-1,-1,5,3,W01000522,0
Unvalidated,2024631456906,2024,631456906,1,9,0,18,1,5,0,8,0,0,0,0,1,1,5,2,69,10,-1,-1,-1,-1,7,3,W01000545,0
Unvalidated,2024631456906,2024,631456906,2,9,0,4,1,5,0,8,0,0,0,0,2,1,5,1,47,8,-1,-1,-1,-1,6,1,E01006794,0
Unvalidated,2024631456949,2024,631456949,1,9,0,16,5,1,0,0,0,0,0,0,1,1,5,1,36,7,-1,-1,-1,-1,-1,-1,-1,0
Unvalidated,2024631456949,2024,631456949,2,17,5,17,1,5,0,0,0,0,0,0,0,1,2,2,19,4,-1,-1,-1,-1,5,3,W01000452,0
Unvalidated,2024631457109,2024,631457109,1,9,0,18,6,2,0,0,5,0,1,10,1,1,5,2,20,4,-1,-1,-1,-1,5,2,W01000528,0
Unvalidated,2024631457584,2024,631457584,1,9,0,18,3,7,0,0,0,0,1,11,1,1,5,1,52,8,-1,-1,-1,-1,4,1,E01013555,0
Unvalidated,2024631457850,2024,631457850,1,9,0,18,8,5,0,0,0,0,0,0,1,1,6,1,17,4,-1,-1,-1,-1,6,3,W01000524,0
Unvalidated,2024631457850,2024,631457850,2,19,0,18,5,8,0,0,0,0,0,0,1,1,6,3,-1,-1,-1,-1,-1,-1,-1,-1,-1,0
Unvalidated,2024631457875,2024,631457875,1,98,4,18,-1,-1,0,0,0,0,0,0,1,1,1,1,-1,-1,-1,-1,-1,-1,5,3,W01000617,0
Unvalidated,2024631457875,2024,631457875,2,9,0,18,-1,-1,0,0,0,0,0,0,1,1,1,1,-1,-1,-1,-1,-1,-1,2,1,W01000756,0
Unvalidated,2024631457875,2024,631457875,3,9,0,18,-1,-1,0,0,0,0,0,0,3,1,5,2,35,6,-1,-1,-1,-1,6,3,W01000716,0
Unvalidated,2024631457958,2024,631457958,1,9,0,18,6,1,0,1,0,0,0,0,1,1,6,2,-1,-1,-1,-1,-1,-1,3,3,W01000588,0
Unvalidated,2024631457958,2024,631457958,2,9,0,4,6,1,0,1,0,0,0,0,2,1,5,2,25,5,-1,-1,-1,-1,4,1,W01000891,0
Unvalidated,2024631457960,2024,631457960,1,9,0,9,6,4,0,5,0,0,7,10,4,1,6,2,71,10,-1,-1,-1,-1,6,3,W01000829,0
Unvalidated,2024631457960,2024,631457960,2,9,0,18,2,6,0,8,0,0,1,10,1,1,6,2,80,11,-1,-1,-1,-1,3,1,W01000626,0
Unvalidated,2024631458062,2024,631458062,1,5,0,16,2,5,0,0,0,0,0,0,1,1,5,1,59,9,-1,-1,-1,-1,-1,-1,-1,0
Unvalidated,2024631458062,2024,631458062,2,98,0,17,5,2,0,0,1,0,0,0,1,1,5,1,61,9,-1,-1,-1,-1,2,1,W01000745,0
Unvalidated,2024631458071,2024,631458071,1,19,0,18,8,4,0,0,0,0,0,0,1,1,1,1,21,5,-1,-1,-1,-1,6,2,W01000487,0
Unvalidated,2024631458071,2024,631458071,2,11,0,4,8,4,0,0,1,0,0,0,2,1,3,1,68,10,-1,-1,-1,-1,9,1,W01000481,0
Unvalidated,2024631458190,2024,631458190,1,9,0,18,5,1,0,0,0,0,0,0,3,1,5,1,70,10,-1,-1,-1,-1,7,3,W01000581,0
Unvalidated,2024631458412,2024,631458412,1,9,0,9,2,8,0,6,0,0,0,0,1,1,5,2,57,9,-1,-1,-1,-1,7,3,W01000459,0
Unvalidated,2024631458460,2024,631458460,1,9,0,18,5,1,0,0,5,0,2,10,4,1,6,2,72,10,-1,-1,-1,-1,9,1,W01000481,0
Unvalidated,2024631458517,2024,631458517,1,9,0,18,1,5,0,0,0,0,7,11,1,1,5,1,65,9,-1,-1,-1,-1,5,1,W01000627,0
Unvalidated,2024631458528,2024,631458528,1,9,0,17,8,5,0,0,5,0,1,10,1,1,5,2,72,10,-1,-1,-1,-1,7,1,E01023602,0
Unvalidated,2024631458802,2024,631458802,1,5,0,18,1,5,0,0,1,12,0,0,1,1,5,1,35,6,-1,-1,-1,-1,3,2,W01001004,0
Unvalidated,2024631458928,2024,631458928,1,1,0,17,7,4,0,0,0,0,0,0,2,1,5,1,54,8,-1,-1,-1,-1,7,1,E01028940,0
Unvalidated,2024631458928,2024,631458928,2,9,0,18,7,4,0,0,0,0,0,0,1,1,6,1,56,9,-1,-1,-1,-1,5,3,E01028834,0
Unvalidated,2024631458936,2024,631458936,1,5,0,18,7,4,0,0,0,0,2,2,1,1,5,1,20,4,-1,-1,-1,-1,5,3,E01014023,0
Unvalidated,2024631458949,2024,631458949,1,9,0,17,2,8,0,0,0,0,1,11,1,1,5,1,46,8,-1,-1,-1,-1,5,3,W01000551,0
Unvalidated,2024631459144,2024,631459144,1,9,0,12,4,8,0,0,0,0,0,0,3,1,5,2,73,10,-1,-1,-1,-1,6,3,W01000524,0
Unvalidated,2024631459144,2024,631459144,2,9,0,18,8,4,0,0,0,0,0,0,1,1,5,2,74,10,-1,-1,-1,-1,5,3,W01000650,0
Unvalidated,2024631459181,2024,631459181,1,9,0,16,2,5,0,0,5,0,0,0,3,1,5,1,27,6,-1,-1,-1,-1,7,1,W01000513,0
Unvalidated,2024631459181,2024,631459181,2,9,0,17,5,2,0,0,0,0,1,9,3,1,5,1,60,9,-1,-1,-1,-1,7,3,W01000523,0
Unvalidated,2024631459222,2024,631459222,1,9,0,18,4,8,0,0,1,0,1,11,4,1,6,1,18,4,-1,-1,-1,-1,6,1,E01028924,0
Unvalidated,2024631459267,2024,631459267,1,19,0,1,6,2,0,8,0,0,0,0,2,1,1,1,61,9,-1,-1,-1,-1,7,3,W01000675,0
Unvalidated,2024631459430,2024,631459430,1,9,0,18,4,8,0,1,0,0,0,0,1,1,6,3,-1,-1,-1,-1,-1,-1,-1,-1,-1,0
Unvalidated,2024631459430,2024,631459430,2,22,0,18,6,2,0,8,0,0,0,0,3,1,5,2,55,8,-1,-1,-1,-1,3,1,W01000568,0
Unvalidated,2024631460061,2024,631460061,1,9,0,18,4,7,0,1,0,0,7,10,1,1,1,1,35,6,-1,-1,-1,-1,7,3,W01000470,0
Unvalidated,2024631460061,2024,631460061,2,9,0,4,4,1,0,1,0,0,1,4,2,1,2,2,18,4,-1,-1,-1,-1,7,2,W01000501,0
Unvalidated,2024631460061,2024,631460061,3,9,0,18,7,4,0,2,0,0,1,0,1,1,5,1,66,10,-1,-1,-1,-1,1,1,E01010421,0
Unvalidated,2024631460069,2024,631460069,1,9,0,17,7,4,0,2,0,0,0,0,1,1,5,1,35,6,-1,-1,-1,-1,7,3,W01000445,0
Unvalidated,2024631460069,2024,631460069,2,9,0,16,4,7,0,1,1,0,0,0,1,1,2,2,50,8,-1,-1,-1,-1,9,2,W01001901,0
Unvalidated,2024631460179,2024,631460179,1,4,0,18,6,2,0,0,0,0,0,0,1,1,6,1,32,6,-1,-1,-1,-1,5,1,W01000505,0
Unvalidated,2024631460179,2024,631460179,2,9,0,4,6,2,0,0,0,0,0,0,2,1,5,1,29,6,-1,-1,-1,-1,7,1,W01000888,0
Unvalidated,2024631460179,2024,631460179,3,9,0,4,6,2,0,0,0,0,0,0,0,1,2,1,39,7,-1,-1,-1,-1,1,1,W01000504,0
Unvalidated,2024631460536,2024,631460536,1,9,0,12,1,6,0,8,0,0,0,0,1,1,6,1,77,11,-1,-1,-1,-1,5,1,E01004275,0
Unvalidated,2024631460536,2024,631460536,2,9,0,7,1,4,0,8,0,0,0,0,4,1,5,2,19,4,-1,-1,-1,-1,7,3,W01000735,0
Unvalidated,2024631460621,2024,631460621,1,9,0,14,7,3,0,0,0,0,0,0,0,1,1,1,29,6,-1,-1,-1,-1,3,2,W01000510,0
Unvalidated,2024631460621,2024,631460621,2,9,0,4,3,7,0,0,0,0,0,0,2,1,5,2,27,6,-1,-1,-1,-1,8,1,W01000517,0
Unvalidated,2024631460621,2024,631460621,3,9,0,4,3,7,0,0,1,0,0,0,1,1,5,2,28,6,-1,-1,-1,-1,6,2,W01000598,0
Unvalidated,2024631460621,2024,631460621,4,9,0,4,3,7,0,0,0,0,0,0,2,1,6,1,28,6,-1,-1,-1,-1,1,2,W01001280,0
Unvalidated,2024631460642,2024,631460642,1,9,0,18,1,4,0,1,0,10,3,2,1,1,5,1,60,9,-1,-1,-1,-1,8,3,W01000699,0
Unvalidated,2024631460699,2024,631460699,1,9,0,18,6,2,0,0,1,0,0,0,1,1,2,1,38,7,-1,-1,-1,-1,5,2,W01000533,0
Unvalidated,2024631460699,2024,631460699,2,9,0,18,2,6,0,0,0,0,0,0,1,1,2,1,61,9,-1,-1,-1,-1,6,3,W01000541,0
Unvalidated,2024631460819,2024,631460819,1,9,0,18,2,5,0,0,0,0,0,0,1,1,5,2,72,10,-1,-1,-1,-1,5,1,W01000643,0
Unvalidated,2024631460934,2024,631460934,1,98,4,12,2,5,0,2,1,0,0,0,1,1,2,1,34,6,-1,-1,-1,-1,3,3,W01000658,0
Unvalidated,2024631460934,2024,631460934,2,19,0,18,5,2,0,1,0,0,0,0,1,1,2,1,64,9,-1,-1,-1,-1,3,3,W01000657,0
Unvalidated,2024631461022,2024,631461022,1,98,4,4,8,5,0,0,0,0,0,0,0,1,1,1,36,7,-1,-1,-1,-1,3,1,W01001336,0
Unvalidated,2024631461022,2024,631461022,2,5,0,18,8,5,0,0,1,0,0,0,0,1,5,1,73,10,-1,-1,-1,-1,7,3,W01000430,0
Unvalidated,2024631461023,2024,631461023,1,9,0,1,8,4,0,0,0,0,0,0,2,1,5,1,22,5,-1,-1,-1,-1,9,1,W01001934,0
Unvalidated,2024631461060,2024,631461060,1,9,0,18,4,8,0,8,0,0,0,0,1,1,6,1,71,10,-1,-1,-1,-1,9,1,W01000859,0
Unvalidated,2024631461060,2024,631461060,2,1,0,18,2,6,0,6,0,0,0,0,1,1,6,1,12,3,-1,-1,-1,-1,1,1,W01001924,0
Unvalidated,2024631461106,2024,631461106,1,9,0,14,3,7,0,2,0,4,0,0,4,1,5,1,37,7,-1,-1,-1,-1,6,2,W01000456,0
Unvalidated,2024631461106,2024,631461106,2,9,0,2,0,0,0,2,0,0,0,0,3,1,6,3,-1,-1,-1,-1,-1,-1,-1,-1,-1,0
Unvalidated,2024631461106,2024,631461106,3,9,0,2,0,0,0,2,0,0,0,0,3,1,6,3,-1,-1,-1,-1,-1,-1,-1,-1,-1,0
Unvalidated,2024631461230,2024,631461230,1,9,0,4,5,1,0,0,0,0,0,0,1,1,6,1,53,8,-1,-1,-1,-1,5,1,W01000693,0
Unvalidated,2024631461230,2024,631461230,2,9,0,14,1,5,0,0,0,0,0,0,1,1,1,2,-1,-1,-1,-1,-1,-1,9,3,W01000722,0
Unvalidated,2024631461245,2024,631461245,1,3,0,17,1,6,0,0,0,0,1,9,4,1,5,1,28,6,-1,-1,-1,-1,8,3,W01000458,0
Unvalidated,2024631461467,2024,631461467,1,9,0,18,4,8,0,1,0,0,0,0,1,1,5,2,24,5,-1,-1,-1,-1,7,2,W01000494,0
Unvalidated,2024631461467,2024,631461467,2,9,0,4,4,8,0,1,0,0,0,0,2,1,5,1,36,7,-1,-1,-1,-1,6,3,W01000487,0
Unvalidated,2024631461467,2024,631461467,3,9,0,4,4,8,0,1,0,0,0,0,2,1,5,2,45,7,-1,-1,-1,-1,8,3,W01000451,0
Unvalidated,2024631461481,2024,631461481,1,9,0,17,5,2,0,0,0,0,0,0,1,1,5,2,42,7,-1,-1,-1,-1,8,3,W01000476,0
Unvalidated,2024631461481,2024,631461481,2,9,0,16,2,5,0,0,0,0,1,10,1,1,5,1,31,6,-1,-1,-1,-1,8,3,W01000439,0
Unvalidated,2024631461674,2024,631461674,1,9,0,9,6,3,0,5,0,0,0,0,3,1,6,2,71,10,-1,-1,-1,-1,4,3,W01000688,0
Unvalidated,2024631461674,2024,631461674,2,1,0,13,6,2,0,8,0,0,7,11,1,1,6,1,16,4,-1,-1,-1,-1,5,3,E01026373,0
Unvalidated,2024631461771,2024,631461771,1,90,0,18,8,4,0,8,1,0,7,10,1,1,6,1,16,4,-1,-1,-1,-1,5,1,W01000629,0
Unvalidated,2024631461771,2024,631461771,2,9,0,9,2,8,0,6,0,0,0,0,3,1,6,1,-1,-1,-1,-1,-1,-1,4,3,E01020291,0
Unvalidated,2024631461771,2024,631461771,3,98,0,2,0,0,0,8,0,0,0,0,2,2,6,3,-1,-1,-1,-1,-1,-1,-1,-1,-1,0
Unvalidated,2024631461845,2024,631461845,1,9,0,18,8,4,0,0,0,0,0,0,1,1,2,1,66,10,-1,-1,-1,-1,7,2,W01001118,0
Unvalidated,2024631461845,2024,631461845,2,9,0,4,8,4,0,0,0,0,1,10,2,1,5,2,20,4,-1,-1,-1,-1,4,3,E01025393,0
Unvalidated,2024631461845,2024,631461845,3,9,0,4,8,4,0,0,0,0,0,0,2,1,5,1,50,8,-1,-1,-1,-1,-1,-1,-1,0
Unvalidated,2024631461845,2024,631461845,4,9,0,4,8,4,0,0,0,0,0,0,2,1,5,1,33,6,-1,-1,-1,-1,7,1,E01001904,0
Unvalidated,2024631461922,2024,631461922,1,9,0,18,2,6,0,1,0,0,1,10,4,1,6,3,-1,-1,-1,-1,-1,-1,-1,-1,-1,0
Unvalidated,2024631461975,2024,631461975,1,9,0,12,8,4,0,0,1,0,0,0,3,1,5,1,64,9,-1,-1,-1,-1,10,1,E01025803,0
Unvalidated,2024631461975,2024,631461975,2,90,0,18,4,8,0,0,5,0,1,9,3,1,5,2,59,9,-1,-1,-1,-1,6,3,E01028923,0
Unvalidated,2024631461975,2024,631461975,3,97,0,18,4,8,0,0,0,0,1,10,1,1,6,1,35,6,-1,-1,-1,-1,9,1,-1,0
Unvalidated,2024631462172,2024,631462172,1,5,0,18,8,4,0,8,0,0,0,0,1,1,6,1,59,9,-1,-1,-1,-1,7,3,W01000712,0
Unvalidated,2024631462172,2024,631462172,2,9,0,7,2,4,0,6,0,0,0,0,2,2,6,1,55,8,-1,-1,-1,-1,8,3,W01001904,0
Unvalidated,2024631462338,2024,631462338,1,9,0,9,2,8,0,6,0,0,0,0,0,1,6,3,-1,-1,-1,-1,-1,-1,-1,-1,-1,0
Unvalidated,2024631462338,2024,631462338,2,97,0,18,4,8,0,8,0,0,0,0,0,1,6,1,32,6,-1,-1,-1,-1,2,2,W01000729,0
Unvalidated,2024631462885,2024,631462885,1,9,0,18,2,5,0,0,0,0,0,0,3,1,5,2,59,9,-1,-1,-1,-1,5,3,W01000650,0
Unvalidated,2024631462885,2024,631462885,2,9,0,18,5,2,0,0,0,0,1,1,3,1,5,2,27,6,-1,-1,-1,-1,5,3,W01000650,0
Unvalidated,2024631462934,2024,631462934,1,9,0,18,5,1,0,0,0,0,0,0,3,1,6,1,47,8,-1,-1,-1,-1,5,3,E01014097,0
Unvalidated,2024631462934,2024,631462934,2,90,0,18,1,5,0,0,0,0,2,10,3,1,6,2,64,9,-1,-1,-1,-1,10,1,W01001036,0
Unvalidated,2024631464463,2024,631464463,1,9,0,5,1,7,0,6,0,0,0,0,0,1,6,3,-1,-1,-1,-1,-1,-1,-1,-1,-1,0
Unvalidated,2024631464463,2024,631464463,2,9,0,18,3,7,0,8,0,0,0,0,2,1,2,2,43,7,-1,-1,-1,-1,8,3,W01001252,0
Unvalidated,2024631464463,2024,631464463,3,90,0,18,3,7,0,1,1,0,0,0,1,1,5,2,45,7,-1,-1,-1,-1,10,1,W01001896,0
Unvalidated,2024631473308,2024,631473308,1,9,0,4,4,8,0,8,0,0,0,0,2,1,6,1,34,6,-1,-1,-1,-1,8,1,W01001122,0
Unvalidated,2024631473308,2024,631473308,2,9,0,4,4,8,0,1,0,0,0,0,2,1,6,2,19,4,-1,-1,-1,-1,4,2,W01000602,0
Unvalidated,2024631473308,2024,631473308,3,9,0,18,4,8,0,1,0,0,0,0,1,1,6,2,20,4,-1,-1,-1,-1,3,2,W01000608,0
Unvalidated,2024631479139,2024,631479139,1,9,0,18,4,8,0,0,0,0,0,0,3,1,6,3,-1,-1,-1,-1,-1,-1,-1,-1,-1,0
Unvalidated,2024631479139,2024,631479139,2,1,0,18,8,4,0,0,1,0,0,0,3,1,6,1,34,6,-1,-1,-1,-1,2,1,E01002786,0
Unvalidated,2024991393757,2024,991393757,1,9,0,17,8,4,0,0,2,0,1,0,1,1,5,1,24,5,-1,-1,-1,-1,7,3,-1,0
Unvalidated,2024991393972,2024,991393972,1,9,0,18,2,6,0,1,0,0,0,0,4,1,5,2,64,9,-1,-1,-1,-1,9,1,-1,0
Unvalidated,2024991394084,2024,991394084,1,9,0,18,5,1,0,0,5,0,1,0,3,1,5,2,21,5,-1,-1,-1,-1,5,3,-1,0
Unvalidated,2024991394095,2024,991394095,1,9,0,5,1,5,0,3,1,0,4,0,4,1,5,1,17,4,-1,-1,-1,-1,2,1,-1,0
Unvalidated,2024991394095,2024,991394095,2,9,0,18,3,7,0,4,1,10,4,0,1,1,5,2,61,9,-1,-1,-1,-1,-1,-1,-1,0
Unvalidated,2024991394106,2024,991394106,1,9,0,7,1,4,0,1,0,0,0,0,1,1,6,3,-1,-1,-1,-1,-1,-1,-1,-1,-1,0
Unvalidated,2024991394112,2024,991394112,1,9,0,18,1,5,0,0,0,0,7,4,1,1,5,1,27,6,-1,-1,-1,-1,8,3,-1,0
Unvalidated,2024991394247,2024,991394247,1,9,0,18,1,5,0,5,0,6,7,0,1,1,5,2,76,11,-1,-1,-1,-1,10,2,-1,0
Unvalidated,2024991394418,2024,991394418,1,9,0,18,5,1,0,0,0,0,0,0,1,1,6,1,40,7,-1,-1,-1,-1,-1,-1,-1,0
Unvalidated,2024991394464,2024,991394464,1,9,0,18,7,3,0,0,0,0,0,0,1,1,5,2,23,5,-1,-1,-1,-1,5,1,-1,0
Unvalidated,2024991394473,2024,991394473,1,9,0,9,2,8,0,8,0,0,0,0,4,1,5,1,56,9,-1,-1,-1,-1,7,3,-1,0
Unvalidated,2024991394473,2024,991394473,2,1,0,18,6,2,0,8,5,0,0,0,1,1,5,1,64,9,-1,-1,-1,-1,-1,-1,-1,0
Unvalidated,2024991394489,2024,991394489,1,19,0,5,2,3,0,2,0,0,0,0,2,1,1,1,36,7,-1,-1,-1,-1,7,2,-1,0
Unvalidated,2024991394494,2024,991394494,1,5,4,18,7,4,0,4,0,0,0,0,1,1,2,1,55,8,-1,-1,-1,-1,-1,-1,-1,0
Unvalidated,2024991394494,2024,991394494,2,17,0,5,2,4,0,4,0,0,0,0,1,1,6,2,47,8,-1,-1,-1,-1,-1,-1,-1,0
Unvalidated,2024991394510,2024,991394510,1,9,0,9,1,7,0,6,0,0,0,0,1,1,5,1,28,6,-1,-1,-1,-1,1,1,-1,0
Unvalidated,2024991394520,2024,991394520,1,9,0,6,8,7,0,1,0,0,0,0,1,1,6,1,33,6,-1,-1,-1,-1,1,1,-1,0
Unvalidated,2024991394520,2024,991394520,2,9,0,18,3,7,0,1,0,0,0,0,3,1,6,1,31,6,-1,-1,-1,-1,5,1,-1,0
Unvalidated,2024991394520,2024,991394520,3,9,0,2,0,0,0,1,0,0,0,0,1,1,6,3,-1,-1,-1,-1,-1,-1,-1,-1,-1,0
Unvalidated,2024991394520,2024,991394520,4,9,0,2,0,0,0,1,0,0,0,0,2,1,6,3,-1,-1,-1,-1,-1,-1,-1,-1,-1,0
Unvalidated,2024991394765,2024,991394765,1,9,0,18,1,5,0,0,0,0,0,0,1,1,5,2,54,8,-1,-1,-1,-1,4,2,-1,0
Unvalidated,2024991394765,2024,991394765,2,9,0,18,1,5,0,0,0,0,0,0,2,1,5,1,52,8,-1,-1,-1,-1,3,1,-1,0
Unvalidated,2024991394787,2024,991394787,1,9,0,18,4,8,0,0,2,10,1,2,1,1,6,2,75,10,-1,-1,-1,-1,10,1,-1,0
Unvalidated,2024991394794,2024,991394794,1,9,0,9,8,6,0,8,0,0,0,0,1,1,2,1,25,5,-1,-1,-1,-1,4,1,-1,0
Unvalidated,2024991394794,2024,991394794,2,9,0,18,4,8,0,8,0,0,1,0,1,1,6,2,49,8,-1,-1,-1,-1,1,1,-1,0
Unvalidated,2024991394795,2024,991394795,1,9,0,18,7,3,0,6,0,0,0,0,3,1,5,2,57,9,-1,-1,-1,-1,6,3,-1,0
Unvalidated,2024991394795,2024,991394795,2,9,0,18,5,1,0,8,0,0,0,0,1,1,2,1,41,7,-1,-1,-1,-1,-1,-1,-1,0
Unvalidated,2024991394919,2024,991394919,1,9,0,9,7,3,0,6,0,0,0,0,2,1,6,1,35,6,-1,-1,-1,-1,-1,-1,-1,0
Unvalidated,2024991394973,2024,991394973,1,9,0,18,8,4,0,0,1,0,0,0,1,1,2,2,25,5,-1,-1,-1,-1,10,2,-1,0
Unvalidated,2024991394973,2024,991394973,2,9,0,18,8,4,0,0,0,0,0,0,1,1,5,1,74,10,-1,-1,-1,-1,2,1,-1,0
Unvalidated,2024991395008,2024,991395008,1,98,1,18,2,6,0,1,0,11,0,0,1,1,1,1,55,8,-1,-1,-1,-1,-1,-1,-1,0
Unvalidated,2024991395008,2024,991395008,2,11,0,18,6,2,0,1,0,11,0,0,1,1,1,1,33,6,-1,-1,-1,-1,2,2,-1,0
Unvalidated,2024991395060,2024,991395060,1,9,0,16,8,3,0,0,2,0,1,4,1,1,6,2,30,6,-1,-1,-1,-1,4,1,-1,0
Unvalidated,2024991395143,2024,991395143,1,9,0,17,5,1,0,0,0,0,7,11,1,1,5,1,62,9,-1,-1,-1,-1,6,1,-1,0
Unvalidated,2024991395213,2024,991395213,1,9,0,18,8,4,0,0,2,0,7,0,1,1,6,1,41,7,-1,-1,-1,-1,8,2,-1,0
Unvalidated,2024991395217,2024,991395217,1,9,0,17,8,4,6,0,2,0,1,11,1,1,5,2,20,4,-1,-1,-1,-1,9,2,-1,0
Unvalidated,2024991395237,2024,991395237,1,9,0,1,5,5,0,1,0,0,0,0,2,1,2,2,54,8,-1,-1,-1,-1,2,1,-1,0
Unvalidated,2024991395286,2024,991395286,1,9,0,18,8,4,0,0,5,4,0,0,4,1,5,2,76,11,-1,-1,-1,-1,9,1,-1,0
Unvalidated,2024991395286,2024,991395286,2,9,0,2,0,0,0,0,0,0,0,0,3,1,6,3,-1,-1,-1,-1,-1,-1,-1,-1,-1,0
Unvalidated,2024991395288,2024,991395288,1,8,0,18,2,8,0,1,0,0,0,0,3,1,1,2,53,8,-1,-1,-1,-1,1,1,-1,0
Unvalidated,2024991395299,2024,991395299,1,9,0,18,4,8,0,0,0,0,0,0,4,1,5,1,55,8,-1,-1,-1,-1,5,1,-1,0
Unvalidated,2024991395307,2024,991395307,1,9,0,17,8,4,0,0,2,0,0,0,1,1,5,1,19,4,-1,-1,-1,-1,1,1,-1,0
Unvalidated,2024991395313,2024,991395313,1,9,0,18,6,2,0,2,0,0,0,0,1,1,6,1,30,6,-1,-1,-1,-1,-1,-1,-1,0
Unvalidated,2024991395318,2024,991395318,1,11,0,5,2,6,0,1,0,0,0,0,4,1,1,1,30,6,-1,-1,-1,-1,8,1,-1,0