status,collision_index,collision_year,collision_reference,vehicle_reference,vehicle_type,towing_and_articulation,vehicle_manoeuvre,vehicle_direction_from,vehicle_direction_to,vehicle_location_restricted_lane,junction_location,skidding_and_overturning,hit_object_in_carriageway,vehicle_leaving_carriageway,hit_object_off_carriageway,first_point_of_impact,vehicle_left_hand_drive,journey_purpose_of_driver,sex_of_driver,age_of_driver,age_band_of_driver,engine_capacity_cc,propulsion_code,age_of_vehicle,generic_make_model,driver_imd_decile,driver_home_area_type,lsoa_of_driver,escooter_flag
Unvalidated,2024991395379,2024,991395379,1,9,0,17,6,2,0,0,2,0,7,4,3,1,5,2,42,7,-1,-1,-1,-1,5,3,-1,0
Unvalidated,2024991395414,2024,991395414,1,9,0,18,8,5,0,0,0,0,0,0,1,1,6,2,56,9,-1,-1,-1,-1,8,3,-1,0
Unvalidated,2024991395430,2024,991395430,1,9,0,18,7,3,0,0,0,0,1,10,4,1,5,1,75,10,-1,-1,-1,-1,4,2,-1,0
Unvalidated,2024991395453,2024,991395453,1,9,0,10,2,6,0,6,0,0,0,0,1,1,6,1,69,10,-1,-1,-1,-1,7,3,-1,0
Unvalidated,2024991395453,2024,991395453,2,19,0,18,8,4,0,1,0,0,0,0,1,1,1,1,54,8,-1,-1,-1,-1,3,1,-1,0
Unvalidated,2024991395468,2024,991395468,1,1,0,18,3,7,0,1,0,0,0,0,3,1,5,1,20,4,-1,-1,-1,-1,6,1,-1,0
Unvalidated,2024991395468,2024,991395468,2,9,0,9,6,3,0,7,0,0,0,0,3,1,5,1,42,7,-1,-1,-1,-1,9,3,-1,0
Unvalidated,2024991395512,2024,991395512,1,9,0,16,6,2,0,2,0,0,0,0,1,1,5,1,38,7,-1,-1,-1,-1,-1,-1,-1,0
Unvalidated,2024991395547,2024,991395547,1,9,0,13,5,1,0,0,0,0,0,0,1,1,6,3,-1,-1,-1,-1,-1,-1,-1,-1,-1,0
Unvalidated,2024991395547,2024,991395547,2,1,0,18,5,1,0,0,0,0,0,0,2,1,2,1,22,5,-1,-1,-1,-1,6,1,-1,0
Unvalidated,2024991395611,2024,991395611,1,9,0,18,1,5,0,0,0,0,0,0,1,1,5,1,40,7,-1,-1,-1,-1,-1,-1,-1,0
Unvalidated,2024991395626,2024,991395626,1,9,0,18,2,5,0,2,0,6,3,0,1,1,5,2,32,6,-1,-1,-1,-1,5,1,-1,0
Unvalidated,2024991395658,2024,991395658,1,9,0,1,4,8,0,8,0,0,0,0,2,1,6,3,20,4,-1,-1,-1,-1,-1,-1,-1,0
Unvalidated,2024991395677,2024,991395677,1,9,0,18,4,8,0,0,1,0,7,0,1,1,5,2,40,7,-1,-1,-1,-1,2,1,-1,0
Unvalidated,2024991395704,2024,991395704,1,9,0,14,4,8,0,1,1,0,8,0,1,1,5,2,32,6,-1,-1,-1,-1,6,1,-1,0
Unvalidated,2024991395704,2024,991395704,2,9,0,9,4,1,0,1,0,0,0,0,3,1,5,2,21,5,-1,-1,-1,-1,8,1,-1,0
Unvalidated,2024991395704,2024,991395704,3,9,0,3,4,8,0,1,0,0,0,0,3,1,5,1,26,6,-1,-1,-1,-1,3,1,-1,0
Unvalidated,2024991395765,2024,991395765,1,9,0,6,4,8,0,0,0,0,0,0,3,1,6,1,71,10,-1,-1,-1,-1,5,1,-1,0
Unvalidated,2024991395765,2024,991395765,2,9,0,18,4,8,0,0,0,0,0,0,1,1,6,1,20,4,-1,-1,-1,-1,3,1,-1,0
Unvalidated,2024991395765,2024,991395765,3,9,0,4,8,4,0,0,0,0,0,0,3,1,6,1,54,8,-1,-1,-1,-1,3,1,-1,0
Unvalidated,2024991395957,2024,991395957,1,9,0,4,4,8,0,1,0,0,0,0,1,1,2,2,55,8,-1,-1,-1,-1,7,2,-1,0
Unvalidated,2024991396085,2024,991396085,1,97,0,13,7,3,0,1,0,0,0,0,1,1,6,1,20,4,-1,-1,-1,-1,1,1,-1,0
Unvalidated,2024991396085,2024,991396085,2,9,0,9,7,5,0,5,0,0,0,0,3,1,3,1,76,11,-1,-1,-1,-1,-1,-1,-1,0
Unvalidated,2024991396135,2024,991396135,1,9,0,6,4,3,0,0,0,0,0,0,1,1,6,1,56,9,-1,-1,-1,-1,1,1,-1,0
Unvalidated,2024991396170,2024,991396170,1,9,0,9,8,5,0,2,0,0,0,0,3,1,1,1,31,6,-1,-1,-1,-1,4,1,-1,0
Unvalidated,2024991396177,2024,991396177,1,11,0,5,8,4,0,4,0,0,0,0,1,1,1,1,30,6,-1,-1,-1,-1,5,2,-1,0
Unvalidated,2024991396177,2024,991396177,2,3,0,3,8,3,0,4,5,0,0,0,2,1,6,1,31,6,-1,-1,-1,-1,1,1,-1,0
Unvalidated,2024991396188,2024,991396188,1,19,0,7,7,1,0,4,0,0,0,0,4,1,1,1,56,9,-1,-1,-1,-1,4,1,-1,0
Unvalidated,2024991396195,2024,991396195,1,9,0,18,5,1,0,0,1,0,0,0,1,1,6,1,25,5,-1,-1,-1,-1,2,2,-1,0
Unvalidated,2024991396195,2024,991396195,2,9,0,18,1,5,0,0,0,0,0,0,1,1,6,2,38,7,-1,-1,-1,-1,6,1,-1,0
Unvalidated,2024991396280,2024,991396280,1,9,0,5,1,1,0,0,0,0,0,0,1,1,5,1,68,10,-1,-1,-1,-1,-1,-1,-1,0
Unvalidated,2024991396280,2024,991396280,2,9,0,18,2,7,0,0,0,0,0,0,4,1,5,2,40,7,-1,-1,-1,-1,-1,-1,-1,0
Unvalidated,2024991396306,2024,991396306,1,9,0,4,5,1,0,0,0,0,0,0,1,1,6,1,35,6,-1,-1,-1,-1,4,2,-1,0
Unvalidated,2024991396306,2024,991396306,2,9,0,5,5,1,0,0,0,0,0,0,2,1,5,2,31,6,-1,-1,-1,-1,-1,1,-1,0
Unvalidated,2024991396354,2024,991396354,1,1,0,18,7,3,0,1,0,0,0,0,2,1,6,1,32,6,-1,-1,-1,-1,-1,-1,-1,0
Unvalidated,2024991396354,2024,991396354,2,9,0,9,3,7,0,2,0,0,0,0,1,1,6,3,40,7,-1,-1,-1,-1,-1,-1,-1,0
Unvalidated,2024991396377,2024,991396377,1,21,1,11,4,8,0,0,0,0,0,0,4,1,1,1,45,7,-1,-1,-1,-1,4,1,E01011909,0
Unvalidated,2024991396377,2024,991396377,2,9,0,18,4,8,0,0,0,0,0,0,3,1,2,1,66,10,-1,-1,-1,-1,1,1,-1,0
Unvalidated,2024991396377,2024,991396377,3,9,0,18,4,8,0,0,0,0,0,0,4,1,2,1,55,8,-1,-1,-1,-1,5,2,-1,0
Unvalidated,2024991396410,2024,991396410,1,9,0,18,5,1,0,1,0,0,0,0,1,1,6,2,30,6,-1,-1,-1,-1,1,1,-1,0
Unvalidated,2024991396430,2024,991396430,1,9,0,11,6,3,0,3,0,0,0,0,4,1,1,2,57,9,-1,-1,-1,-1,2,1,-1,0
Unvalidated,2024991396430,2024,991396430,2,8,0,18,8,3,0,4,0,0,0,0,3,1,1,1,37,7,-1,-1,-1,-1,1,1,-1,0
Unvalidated,2024991396525,2024,991396525,1,9,0,18,4,7,0,0,0,0,0,0,1,1,6,2,77,11,-1,-1,-1,-1,4,1,-1,0
Unvalidated,2024991396525,2024,991396525,2,9,0,18,7,3,0,0,0,0,0,0,1,1,2,2,39,7,-1,-1,-1,-1,6,1,-1,0
Unvalidated,2024991396536,2024,991396536,1,9,0,7,1,3,0,6,0,0,1,0,1,1,2,1,25,5,-1,-1,-1,-1,7,3,-1,0
Unvalidated,2024991396536,2024,991396536,2,9,0,18,8,4,0,8,0,0,0,0,1,1,2,2,34,6,-1,-1,-1,-1,-1,-1,-1,0
Unvalidated,2024991396538,2024,991396538,1,9,0,18,8,4,0,0,0,0,0,0,1,1,5,2,44,7,-1,-1,-1,-1,8,2,-1,0
Unvalidated,2024991396554,2024,991396554,1,9,0,9,8,3,0,8,0,0,0,0,3,2,2,2,42,7,-1,-1,-1,-1,6,1,-1,0
Unvalidated,2024991396554,2024,991396554,2,9,0,18,7,3,0,8,0,0,0,0,1,2,6,2,26,6,-1,-1,-1,-1,3,1,-1,0
Unvalidated,2024991396560,2024,991396560,1,9,0,18,7,2,0,0,0,0,1,4,1,1,5,1,18,4,-1,-1,-1,-1,5,1,-1,0
Unvalidated,2024991396564,2024,991396564,1,9,0,18,3,7,0,0,5,4,0,0,1,1,5,1,18,4,-1,-1,-1,-1,6,1,-1,0
Unvalidated,2024991396564,2024,991396564,2,9,0,2,0,0,0,0,0,0,0,0,3,1,6,3,-1,-1,-1,-1,-1,-1,-1,-1,-1,0
Unvalidated,2024991396764,2024,991396764,1,9,0,18,1,5,0,0,0,0,0,0,1,1,5,1,60,9,-1,-1,-1,-1,8,1,-1,0
Unvalidated,2024991396764,2024,991396764,2,19,0,18,5,1,0,0,0,0,0,0,1,1,1,1,37,7,-1,-1,-1,-1,8,2,-1,0
Unvalidated,2024991396945,2024,991396945,1,9,0,18,7,3,0,6,0,0,0,0,1,1,5,2,53,8,-1,-1,-1,-1,2,1,-1,0
Unvalidated,2024991396978,2024,991396978,1,9,0,18,6,2,0,0,0,4,0,0,3,1,6,1,75,10,-1,-1,-1,-1,8,3,-1,0
Unvalidated,2024991396978,2024,991396978,2,19,0,2,0,0,0,0,0,0,0,0,4,1,6,3,-1,-1,-1,-1,-1,-1,-1,-1,-1,0
Unvalidated,2024991396979,2024,991396979,1,9,0,5,5,1,0,3,0,0,0,0,4,1,5,1,22,5,-1,-1,-1,-1,-1,-1,-1,0
Unvalidated,2024991396979,2024,991396979,2,98,0,7,7,3,0,4,0,0,0,0,1,1,6,1,62,9,-1,-1,-1,-1,-1,-1,-1,0
Unvalidated,2024991396985,2024,991396985,1,9,0,9,7,3,0,6,0,0,0,0,1,1,2,2,27,6,-1,-1,-1,-1,6,3,-1,0
Unvalidated,2024991396995,2024,991396995,1,9,0,16,1,5,0,5,0,4,0,0,1,2,5,2,24,5,-1,-1,-1,-1,7,3,-1,0
Unvalidated,2024991396995,2024,991396995,2,9,0,9,1,7,0,1,0,0,0,0,2,2,5,1,19,4,-1,-1,-1,-1,7,3,-1,0
Unvalidated,2024991397156,2024,991397156,1,9,0,18,1,5,0,0,5,10,0,0,1,1,5,1,30,6,-1,-1,-1,-1,7,1,-1,0
Unvalidated,2024991397277,2024,991397277,1,4,0,13,7,3,0,0,1,0,0,0,3,1,6,1,41,7,-1,-1,-1,-1,7,2,-1,0
Unvalidated,2024991397287,2024,991397287,1,9,0,18,1,5,0,0,0,0,0,0,1,1,5,1,75,10,-1,-1,-1,-1,6,1,-1,0
Unvalidated,2024991397287,2024,991397287,2,1,0,18,1,5,0,0,0,0,1,0,2,1,5,1,65,9,-1,-1,-1,-1,10,1,-1,0
Unvalidated,2024991397319,2024,991397319,1,9,0,16,6,1,0,1,0,11,7,2,1,1,5,2,52,8,-1,-1,-1,-1,5,1,-1,0
Unvalidated,2024991397370,2024,991397370,1,19,0,18,7,3,0,0,0,0,0,0,1,1,1,1,30,6,-1,-1,-1,-1,5,1,E01027389,0
Unvalidated,2024991397370,2024,991397370,2,9,0,18,7,3,0,0,0,0,0,0,2,1,6,1,21,5,-1,-1,-1,-1,5,3,-1,0
Unvalidated,2024991397372,2024,991397372,1,9,0,17,6,3,0,2,1,0,1,9,4,1,5,2,73,10,-1,-1,-1,-1,4,3,-1,0
Unvalidated,2024991397421,2024,991397421,1,9,0,18,1,5,0,8,0,0,0,0,1,2,6,2,57,9,-1,-1,-1,-1,4,3,-1,0
Unvalidated,2024991397421,2024,991397421,2,9,0,5,7,2,0,8,0,0,0,0,4,1,3,1,33,6,-1,-1,-1,-1,4,3,-1,0
Unvalidated,2024991397463,2024,991397463,1,9,0,18,7,4,0,4,0,0,0,0,3,1,5,1,79,11,-1,-1,-1,-1,2,1,-1,0
Unvalidated,2024991397463,2024,991397463,2,1,0,18,5,2,0,3,0,0,0,0,4,1,6,1,29,6,-1,-1,-1,-1,3,1,-1,0
Unvalidated,2024991397489,2024,991397489,1,9,0,9,6,3,0,8,0,0,0,0,1,1,2,2,50,8,-1,-1,-1,-1,-1,-1,-1,0
Unvalidated,2024991397489,2024,991397489,2,9,0,18,3,6,0,8,0,0,0,0,1,1,2,1,47,8,-1,-1,-1,-1,-1,-1,-1,0
Unvalidated,2024991397490,2024,991397490,1,19,0,18,1,6,0,0,0,0,0,0,1,1,6,1,30,6,-1,-1,-1,-1,4,1,-1,0
Unvalidated,2024991397490,2024,991397490,2,9,0,18,1,6,0,0,0,0,0,0,0,1,6,1,28,6,-1,-1,-1,-1,4,1,-1,0
Unvalidated,2024991397490,2024,991397490,3,1,0,18,1,6,0,0,0,0,0,0,2,1,6,2,36,7,-1,-1,-1,-1,5,1,-1,0
Unvalidated,2024991397507,2024,991397507,1,9,0,9,8,6,0,8,0,0,0,0,3,1,2,2,52,8,-1,-1,-1,-1,10,3,-1,0
Unvalidated,2024991397507,2024,991397507,2,19,0,18,6,2,0,8,0,0,0,0,1,1,2,1,48,8,-1,-1,-1,-1,-1,-1,-1,0
Unvalidated,2024991397507,2024,991397507,3,11,0,9,2,8,0,1,0,0,0,0,1,1,1,1,31,6,-1,-1,-1,-1,6,2,-1,0
Unvalidated,2024991397542,2024,991397542,1,9,0,18,1,5,0,0,0,0,0,0,4,1,2,1,28,6,-1,-1,-1,-1,3,1,-1,0
Unvalidated,2024991397558,2024,991397558,1,9,0,18,3,7,0,8,1,9,7,0,1,1,5,1,20,4,-1,-1,-1,-1,10,1,-1,0
Unvalidated,2024991397558,2024,991397558,2,9,0,18,3,7,0,8,0,0,0,0,3,1,5,2,18,4,-1,-1,-1,-1,4,1,-1,0
Unvalidated,2024991397735,2024,991397735,1,9,0,18,7,3,0,6,0,4,1,0,1,1,6,1,20,4,-1,-1,-1,-1,1,1,-1,0
Unvalidated,2024991397735,2024,991397735,2,9,0,2,8,8,0,6,0,0,0,0,2,1,6,3,-1,-1,-1,-1,-1,-1,-1,-1,-1,0
Unvalidated,2024991397752,2024,991397752,1,9,0,18,2,6,0,1,0,0,0,0,1,1,5,2,35,6,-1,-1,-1,-1,5,1,-1,0
Unvalidated,2024991397752,2024,991397752,2,9,0,18,2,6,0,1,0,0,0,0,2,1,5,1,48,8,-1,-1,-1,-1,1,1,-1,0
Unvalidated,2024991397774,2024,991397774,1,9,0,17,3,6,0,3,0,0,0,0,1,1,5,2,22,5,-1,-1,-1,-1,1,1,-1,0
Unvalidated,2024991397793,2024,991397793,1,1,0,18,8,4,0,0,0,0,0,0,2,1,5,2,34,6,-1,-1,-1,-1,9,1,-1,0
Unvalidated,2024991397793,2024,991397793,2,9,0,18,8,4,0,0,0,0,0,0,4,1,5,1,18,4,-1,-1,-1,-1,-1,-1,-1,0
Unvalidated,2024991397880,2024,991397880,1,9,0,8,4,7,0,1,0,0,0,0,2,1,5,2,22,5,-1,-1,-1,-1,1,1,-1,0
Unvalidated,2024991397880,2024,991397880,2,9,0,3,4,1,0,1,0,0,0,0,1,1,5,2,24,5,-1,-1,-1,-1,3,1,-1,0
Unvalidated,2024991397933,2024,991397933,1,9,0,18,8,5,0,0,0,0,0,0,1,1,6,1,19,4,-1,-1,-1,-1,-1,-1,-1,0
Unvalidated,2024991397934,2024,991397934,1,9,0,18,6,2,0,0,1,0,7,0,1,1,5,2,27,6,-1,-1,-1,-1,1,1,-1,0
Unvalidated,2024991397983,2024,991397983,1,19,0,18,6,2,0,0,1,0,1,4,1,1,6,1,51,8,-1,-1,-1,-1,5,1,-1,0
Unvalidated,2024991398036,2024,991398036,1,9,0,18,3,7,0,0,0,0,0,0,4,1,5,1,55,8,-1,-1,-1,-1,10,1,-1,0
Unvalidated,2024991398042,2024,991398042,1,9,0,18,6,2,0,0,0,0,0,0,1,1,5,1,18,4,-1,-1,-1,-1,-1,-1,-1,0
Unvalidated,2024991398046,2024,991398046,1,8,0,9,1,5,0,1,0,0,0,0,1,1,1,1,65,9,-1,-1,-1,-1,-1,-1,-1,0
Unvalidated,2024991398046,2024,991398046,2,9,0,5,1,5,0,3,0,0,0,0,2,1,6,2,22,5,-1,-1,-1,-1,-1,-1,-1,0
Unvalidated,2024991398050,2024,991398050,1,9,0,17,3,7,0,0,5,0,1,4,1,1,5,2,74,10,-1,-1,-1,-1,5,2,-1,0
Unvalidated,2024991398079,2024,991398079,1,11,0,7,2,5,0,1,0,0,1,1,4,1,1,1,29,6,-1,-1,-1,-1,5,2,-1,0
Unvalidated,2024991398193,2024,991398193,1,9,0,18,1,5,0,8,0,0,0,0,3,1,5,2,61,9,-1,-1,-1,-1,1,1,-1,0
Unvalidated,2024991398193,2024,991398193,2,1,0,18,8,4,0,8,2,0,0,0,4,1,5,1,44,7,-1,-1,-1,-1,6,1,-1,0
Unvalidated,2024991398205,2024,991398205,1,9,0,16,2,6,0,0,1,0,7,11,1,1,5,2,59,9,-1,-1,-1,-1,6,3,-1,0
Unvalidated,2024991398251,2024,991398251,1,9,0,18,1,5,0,0,0,4,0,0,1,1,5,1,25,5,-1,-1,-1,-1,3,1,-1,0
Unvalidated,2024991398251,2024,991398251,2,9,0,2,8,5,0,0,0,0,0,0,2,1,5,1,37,7,-1,-1,-1,-1,6,1,-1,0
Unvalidated,2024991398258,2024,991398258,1,9,0,18,8,3,0,0,1,0,7,0,1,1,1,1,25,5,-1,-1,-1,-1,3,3,-1,0
Unvalidated,2024991398258,2024,991398258,2,9,0,18,3,7,0,0,0,0,0,0,1,1,6,2,47,8,-1,-1,-1,-1,-1,-1,-1,0
Unvalidated,2024991398262,2024,991398262,1,9,0,18,5,1,0,0,0,0,0,0,1,1,5,1,23,5,-1,-1,-1,-1,3,1,-1,0
Unvalidated,2024991398266,2024,991398266,1,19,0,7,5,1,9,0,0,0,0,0,4,1,5,1,65,9,-1,-1,-1,-1,9,1,-1,0
Unvalidated,2024991398281,2024,991398281,1,9,0,18,7,3,0,2,1,0,0,0,1,1,5,1,27,6,-1,-1,-1,-1,1,1,-1,0
Unvalidated,2024991398282,2024,991398282,1,9,0,18,5,1,0,0,0,0,0,0,2,1,6,1,73,10,-1,-1,-1,-1,8,3,-1,0
Unvalidated,2024991398282,2024,991398282,2,9,0,18,5,1,0,0,0,0,0,0,1,1,6,1,24,5,-1,-1,-1,-1,7,3,-1,0
Unvalidated,2024991398286,2024,991398286,1,9,0,18,1,5,0,0,2,0,1,0,1,1,6,2,33,6,-1,-1,-1,-1,5,2,-1,0
Unvalidated,2024991398300,2024,991398300,1,19,0,18,1,4,0,0,0,0,7,0,1,1,6,1,25,5,-1,-1,-1,-1,5,1,-1,0
Unvalidated,2024991398308,2024,991398308,1,9,0,18,8,4,0,8,0,0,0,0,1,1,1,1,28,6,-1,-1,-1,-1,-1,-1,-1,0
Unvalidated,2024991398308,2024,991398308,2,9,0,9,8,6,0,8,0,0,0,0,2,1,6,3,20,4,-1,-1,-1,-1,-1,-1,-1,0
Unvalidated,2024991398486,2024,991398486,1,9,0,18,8,4,0,0,5,4,0,0,1,1,5,1,86,11,-1,-1,-1,-1,8,3,-1,0
Unvalidated,2024991398486,2024,991398486,2,9,0,18,8,4,0,0,0,0,1,0,2,1,1,1,36,7,-1,-1,-1,-1,8,3,-1,0
Unvalidated,2024991398514,2024,991398514,1,9,0,9,3,1,0,4,0,0,0,0,1,1,1,2,29,6,-1,-1,-1,-1,4,1,-1,0
Unvalidated,2024991398514,2024,991398514,2,1,0,18,1,5,0,8,5,0,0,0,4,1,2,1,60,9,-1,-1,-1,-1,4,1,-1,0
Unvalidated,2024991398588,2024,991398588,1,9,0,16,6,1,0,0,1,0,0,0,1,1,1,1,39,7,-1,-1,-1,-1,3,1,-1,0
Unvalidated,2024991398588,2024,991398588,2,9,0,17,1,6,0,0,0,0,0,0,1,1,5,1,40,7,-1,-1,-1,-1,2,1,-1,0
Unvalidated,2024991398616,2024,991398616,1,9,0,16,7,3,0,0,0,0,0,0,1,1,5,1,19,4,-1,-1,-1,-1,-1,-1,-1,0
Unvalidated,2024991398616,2024,991398616,2,9,0,18,3,7,0,0,0,0,0,0,1,1,5,2,48,8,-1,-1,-1,-1,-1,-1,-1,0
Unvalidated,2024991398658,2024,991398658,1,9,0,18,5,8,0,2,0,0,0,0,1,1,6,2,26,6,-1,-1,-1,-1,2,1,-1,0
Unvalidated,2024991398675,2024,991398675,1,9,0,18,6,8,0,2,0,0,1,1,3,1,2,1,57,9,-1,-1,-1,-1,-1,-1,-1,0
Unvalidated,2024991398675,2024,991398675,2,90,0,18,4,8,0,1,0,0,0,0,1,1,2,1,31,6,-1,-1,-1,-1,2,3,-1,0
Unvalidated,2024991398681,2024,991398681,1,9,0,9,7,5,0,6,0,0,0,0,3,1,2,2,25,5,-1,-1,-1,-1,5,1,-1,0
Unvalidated,2024991398681,2024,991398681,2,9,0,18,1,5,0,1,0,0,0,0,1,1,2,2,39,7,-1,-1,-1,-1,4,1,-1,0
Unvalidated,2024991398700,2024,991398700,1,9,0,18,1,5,0,0,0,0,0,0,1,1,5,2,70,10,-1,-1,-1,-1,7,3,-1,0
Unvalidated,2024991398700,2024,991398700,2,21,0,2,0,0,0,0,0,0,0,0,2,1,1,1,48,8,-1,-1,-1,-1,3,1,-1,0
Unvalidated,2024991398700,2024,991398700,3,9,0,18,5,1,0,0,0,0,0,0,1,1,5,1,23,5,-1,-1,-1,-1,4,1,-1,0
Unvalidated,2024991398702,2024,991398702,1,9,0,18,7,3,0,0,0,11,0,0,1,1,5,1,42,7,-1,-1,-1,-1,8,1,-1,0
Unvalidated,2024991398738,2024,991398738,1,9,0,18,5,2,0,0,2,0,1,4,4,1,2,1,66,10,-1,-1,-1,-1,4,1,-1,0
Unvalidated,2024991398801,2024,991398801,1,98,0,1,5,1,0,0,0,4,0,0,2,1,1,1,21,5,-1,-1,-1,-1,3,1,-1,0
Unvalidated,2024991398801,2024,991398801,2,20,0,2,0,0,0,0,0,0,0,0,2,1,1,1,40,7,-1,-1,-1,-1,2,1,-1,0
Unvalidated,2024991399022,2024,991399022,1,9,0,18,4,2,0,0,0,0,0,0,1,1,5,1,40,7,-1,-1,-1,-1,7,3,-1,0
Unvalidated,2024991399022,2024,991399022,2,9,0,4,4,8,0,0,0,0,1,1,2,1,5,2,79,11,-1,-1,-1,-1,9,1,-1,0
Unvalidated,2024991399086,2024,991399086,1,9,0,18,1,5,0,8,0,0,0,0,1,1,6,1,66,10,-1,-1,-1,-1,10,1,-1,0
Unvalidated,2024991399111,2024,991399111,1,5,0,16,2,8,0,0,1,0,0,0,4,1,5,1,42,7,-1,-1,-1,-1,-1,-1,-1,0
Unvalidated,2024991399150,2024,991399150,1,19,0,18,8,4,0,0,0,0,0,0,3,1,1,1,41,7,-1,-1,-1,-1,2,1,-1,0
Unvalidated,2024991399161,2024,991399161,1,9,0,18,4,8,0,4,0,0,0,0,1,1,6,2,31,6,-1,-1,-1,-1,4,1,-1,0
Unvalidated,2024991399161,2024,991399161,2,1,0,18,8,5,0,4,0,0,0,0,4,1,5,1,46,8,-1,-1,-1,-1,-1,-1,-1,0
Unvalidated,2024991399168,2024,991399168,1,9,0,18,5,1,0,0,2,7,1,6,3,1,5,2,20,4,-1,-1,-1,-1,4,1,-1,0
Unvalidated,2024991399198,2024,991399198,1,9,0,18,3,7,0,1,0,0,0,0,1,1,6,1,74,10,-1,-1,-1,-1,1,1,-1,0
Unvalidated,2024991399208,2024,991399208,1,9,0,9,6,3,9,0,0,0,0,0,1,1,5,1,26,6,-1,-1,-1,-1,4,1,-1,0
Unvalidated,2024991399224,2024,991399224,1,9,0,18,7,3,0,0,1,0,1,5,3,1,5,1,21,5,-1,-1,-1,-1,5,1,-1,0
Unvalidated,2024991399268,2024,991399268,1,9,0,18,6,1,0,0,0,0,7,11,3,1,6,2,58,9,-1,-1,-1,-1,2,3,-1,0
Unvalidated,2024991399268,2024,991399268,2,21,1,18,1,6,0,0,0,0,0,0,3,1,1,1,47,8,-1,-1,-1,-1,2,1,E01014355,0
Unvalidated,2024991399386,2024,991399386,1,9,0,18,5,8,0,0,5,0,7,11,3,1,6,1,17,4,-1,-1,-1,-1,1,2,-1,0
Unvalidated,2024991399415,2024,991399415,1,19,0,4,7,3,0,2,0,0,0,0,3,1,1,1,41,7,-1,-1,-1,-1,6,1,-1,0
Unvalidated,2024991399441,2024,991399441,1,9,0,18,4,8,0,0,0,0,0,0,1,1,5,2,68,10,-1,-1,-1,-1,9,3,-1,0
Unvalidated,2024991399441,2024,991399441,2,19,0,18,4,8,0,0,0,0,0,0,2,1,5,1,37,7,-1,-1,-1,-1,9,3,E01010953,0
Unvalidated,2024991399467,2024,991399467,1,19,0,18,8,4,0,0,0,0,0,0,1,1,1,1,67,10,-1,-1,-1,-1,4,1,-1,0
Unvalidated,2024991399467,2024,991399467,2,19,0,18,8,4,0,0,0,0,0,0,2,1,1,1,47,8,-1,-1,-1,-1,6,3,E01013027,0
Unvalidated,2024991399467,2024,991399467,3,19,0,2,8,4,0,0,0,0,0,0,0,1,1,1,24,5,-1,-1,-1,-1,6,2,-1,0
Unvalidated,2024991399472,2024,991399472,1,9,0,4,8,2,0,0,0,0,0,0,4,1,5,1,61,9,-1,-1,-1,-1,10,1,-1,0
Unvalidated,2024991399472,2024,991399472,2,3,0,15,1,5,0,0,0,0,1,0,3,1,5,1,19,4,-1,-1,-1,-1,2,1,-1,0
Unvalidated,2024991399479,2024,991399479,1,9,0,9,8,5,0,8,0,0,0,0,4,1,6,1,54,8,-1,-1,-1,-1,7,1,-1,0
Unvalidated,2024991399479,2024,991399479,2,9,0,15,3,7,0,8,0,0,0,0,1,1,6,1,53,8,-1,-1,-1,-1,9,1,-1,0
Unvalidated,2024991399482,2024,991399482,1,9,0,4,2,6,0,0,1,0,0,0,4,1,1,1,34,6,-1,-1,-1,-1,4,1,-1,0
Unvalidated,2024991399482,2024,991399482,2,19,0,18,2,6,0,0,0,0,0,0,2,1,1,1,51,8,-1,-1,-1,-1,8,3,-1,0
Unvalidated,2024991399482,2024,991399482,3,21,1,2,0,0,6,0,0,0,0,0,3,1,1,1,58,9,-1,-1,-1,-1,10,1,-1,0
Unvalidated,2024991399495,2024,991399495,1,9,0,18,8,4,0,0,0,0,0,0,1,1,1,1,42,7,-1,-1,-1,-1,4,1,-1,0
Unvalidated,2024991399495,2024,991399495,2,9,0,18,8,4,0,0,0,0,0,0,2,1,2,1,55,8,-1,-1,-1,-1,8,3,-1,0
Unvalidated,2024991399497,2024,991399497,1,9,0,3,5,1,0,0,0,0,0,0,2,1,6,2,56,9,-1,-1,-1,-1,-1,-1,-1,0
Unvalidated,2024991399497,2024,991399497,2,98,1,4,5,1,0,0,0,4,0,0,1,1,1,1,56,9,-1,-1,-1,-1,-1,-1,-1,0
Unvalidated,2024991399564,2024,991399564,1,9,0,18,8,5,0,0,0,0,0,0,1,1,5,1,49,8,-1,-1,-1,-1,6,3,-1,0
Unvalidated,2024991399564,2024,991399564,2,19,0,2,8,5,1,0,0,0,7,0,2,1,6,3,-1,-1,-1,-1,-1,-1,-1,-1,-1,0
Unvalidated,2024991399590,2024,991399590,1,9,0,18,8,4,0,0,1,0,7,9,4,1,2,1,25,5,-1,-1,-1,-1,5,3,-1,0
Unvalidated,2024991399601,2024,991399601,1,9,0,4,2,6,0,3,0,4,0,0,1,1,6,1,19,4,-1,-1,-1,-1,-1,-1,-1,0
Unvalidated,2024991399601,2024,991399601,2,9,0,2,2,6,0,3,0,0,0,0,4,1,5,2,49,8,-1,-1,-1,-1,9,1,-1,0
Unvalidated,2024991399620,2024,991399620,1,9,0,7,1,4,0,0,0,0,0,0,1,1,5,1,70,10,-1,-1,-1,-1,10,1,-1,0
Unvalidated,2024991399628,2024,991399628,1,9,0,7,7,1,0,5,0,0,0,0,4,1,6,2,66,10,-1,-1,-1,-1,10,1,-1,0
Unvalidated,2024991399628,2024,991399628,2,11,0,18,7,3,2,1,0,0,0,0,1,1,1,1,41,7,-1,-1,-1,-1,3,1,-1,0
Unvalidated,2024991399641,2024,991399641,1,9,0,17,7,3,0,0,1,0,7,11,1,1,6,2,36,7,-1,-1,-1,-1,1,1,-1,0
Unvalidated,2024991399670,2024,991399670,1,11,0,18,7,3,0,0,0,0,0,0,1,1,1,1,46,8,-1,-1,-1,-1,7,2,-1,0
Unvalidated,2024991399679,2024,991399679,1,9,0,18,6,1,0,0,0,0,0,0,4,1,5,1,30,6,-1,-1,-1,-1,8,1,-1,0
Unvalidated,2024991399728,2024,991399728,1,11,0,5,3,7,0,0,0,0,0,0,0,1,1,1,44,7,-1,-1,-1,-1,10,1,-1,0