status,collision_index,collision_year,collision_reference,vehicle_reference,vehicle_type,towing_and_articulation,vehicle_manoeuvre,vehicle_direction_from,vehicle_direction_to,vehicle_location_restricted_lane,junction_location,skidding_and_overturning,hit_object_in_carriageway,vehicle_leaving_carriageway,hit_object_off_carriageway,first_point_of_impact,vehicle_left_hand_drive,journey_purpose_of_driver,sex_of_driver,age_of_driver,age_band_of_driver,engine_capacity_cc,propulsion_code,age_of_vehicle,generic_make_model,driver_imd_decile,driver_home_area_type,lsoa_of_driver,escooter_flag
Unvalidated,2024991399735,2024,991399735,1,9,0,18,5,1,0,0,1,7,1,7,1,1,5,1,41,7,-1,-1,-1,-1,2,1,-1,0
Unvalidated,2024991399735,2024,991399735,2,19,0,18,5,8,0,0,2,0,0,0,2,1,1,1,57,9,-1,-1,-1,-1,-1,-1,-1,0
Unvalidated,2024991399735,2024,991399735,3,19,0,18,5,1,0,0,0,0,0,0,1,1,1,1,73,10,-1,-1,-1,-1,4,1,E01017257,0
Unvalidated,2024991399743,2024,991399743,1,9,0,18,7,3,9,2,0,0,1,0,1,1,6,2,37,7,-1,-1,-1,-1,3,2,-1,0
Unvalidated,2024991399749,2024,991399749,1,1,0,18,7,3,0,1,0,0,0,0,1,1,6,1,44,7,-1,-1,-1,-1,-1,-1,-1,0
Unvalidated,2024991399749,2024,991399749,2,9,0,18,1,7,0,6,0,0,0,0,1,2,6,1,40,7,-1,-1,-1,-1,9,1,-1,0
Unvalidated,2024991399788,2024,991399788,1,9,0,14,3,7,0,0,0,0,0,0,1,1,5,1,77,11,-1,-1,-1,-1,4,1,-1,0
Unvalidated,2024991399788,2024,991399788,2,9,0,18,7,3,0,0,0,0,0,0,1,1,5,2,22,5,-1,-1,-1,-1,4,1,-1,0
Unvalidated,2024991399788,2024,991399788,3,17,4,2,0,0,0,0,0,0,0,0,0,1,1,1,36,7,-1,-1,-1,-1,4,3,-1,0
Unvalidated,2024991399961,2024,991399961,1,9,0,4,2,5,0,0,0,0,0,0,4,1,2,2,26,6,-1,-1,-1,-1,2,1,-1,0
Unvalidated,2024991399977,2024,991399977,1,8,0,18,8,4,0,0,0,0,0,0,1,1,5,1,30,6,-1,-1,-1,-1,6,1,-1,0
Unvalidated,2024991399977,2024,991399977,2,9,0,3,8,4,0,0,0,0,0,0,2,1,2,2,43,7,-1,-1,-1,-1,5,3,-1,0
Unvalidated,2024991399977,2024,991399977,3,9,0,3,8,4,0,0,0,0,0,0,2,1,6,1,47,8,-1,-1,-1,-1,9,1,-1,0
Unvalidated,2024991399986,2024,991399986,1,9,0,9,1,5,0,1,0,0,0,0,1,1,6,2,26,6,-1,-1,-1,-1,7,1,-1,0
Unvalidated,2024991399986,2024,991399986,2,9,0,18,4,1,0,1,0,0,0,0,1,1,6,2,25,5,-1,-1,-1,-1,4,1,-1,0
Unvalidated,2024991400020,2024,991400020,1,9,0,18,1,5,0,8,0,0,0,0,4,1,5,1,76,11,-1,-1,-1,-1,5,1,-1,0
Unvalidated,2024991400039,2024,991400039,1,9,0,18,8,5,0,0,1,0,1,0,1,1,5,1,19,4,-1,-1,-1,-1,7,1,-1,0
Unvalidated,2024991400039,2024,991400039,2,19,0,18,4,8,0,0,0,0,1,0,1,1,1,1,49,8,-1,-1,-1,-1,5,1,-1,0
Unvalidated,2024991400057,2024,991400057,1,9,0,18,3,7,0,0,0,0,7,11,1,1,2,1,43,7,-1,-1,-1,-1,4,3,-1,0
Unvalidated,2024991400059,2024,991400059,1,19,0,18,4,8,0,6,0,4,0,0,1,1,1,1,26,6,-1,-1,-1,-1,-1,-1,-1,0
Unvalidated,2024991400059,2024,991400059,2,98,0,2,1,4,0,1,0,0,0,0,1,1,6,3,-1,-1,-1,-1,-1,-1,-1,-1,-1,0
Unvalidated,2024991400079,2024,991400079,1,90,0,9,2,8,0,1,0,0,0,0,4,1,1,1,52,8,-1,-1,-1,-1,8,3,E01019312,0
Unvalidated,2024991400079,2024,991400079,2,9,0,18,6,2,0,1,0,0,0,0,1,1,6,1,32,6,-1,-1,-1,-1,3,3,-1,0
Unvalidated,2024991400108,2024,991400108,1,9,0,18,7,3,0,1,0,0,0,0,1,2,1,1,35,6,-1,-1,-1,-1,-1,-1,-1,0
Unvalidated,2024991400108,2024,991400108,2,9,0,10,7,4,0,1,0,0,0,0,2,2,6,1,35,6,-1,-1,-1,-1,2,1,-1,0
Unvalidated,2024991400119,2024,991400119,1,98,0,18,2,6,0,0,0,0,0,0,1,1,1,1,38,7,-1,-1,-1,-1,-1,-1,-1,0
Unvalidated,2024991400119,2024,991400119,2,9,0,18,2,6,0,0,0,0,0,0,2,1,5,2,48,8,-1,-1,-1,-1,8,3,-1,0
Unvalidated,2024991400125,2024,991400125,1,9,0,18,2,5,0,0,1,11,0,0,4,1,5,1,27,6,-1,-1,-1,-1,5,2,-1,0
Unvalidated,2024991400130,2024,991400130,1,9,0,18,6,2,0,0,1,0,2,10,1,1,5,1,20,4,-1,-1,-1,-1,6,3,-1,0
Unvalidated,2024991400149,2024,991400149,1,9,0,9,1,7,0,6,0,0,0,0,1,1,5,2,22,5,-1,-1,-1,-1,3,1,-1,0
Unvalidated,2024991400149,2024,991400149,2,9,0,18,7,3,0,1,0,0,0,0,1,1,6,1,34,6,-1,-1,-1,-1,3,1,-1,0
Unvalidated,2024991400149,2024,991400149,3,9,0,5,1,5,0,1,0,0,0,0,1,1,6,2,34,6,-1,-1,-1,-1,1,1,-1,0
Unvalidated,2024991400170,2024,991400170,1,9,0,16,2,6,0,0,0,0,0,0,1,1,6,1,64,9,-1,-1,-1,-1,3,3,-1,0
Unvalidated,2024991400170,2024,991400170,2,9,0,17,6,2,0,0,0,0,0,0,1,1,6,1,54,8,-1,-1,-1,-1,4,3,-1,0
Unvalidated,2024991400176,2024,991400176,1,9,0,16,3,7,0,0,0,0,7,0,1,1,6,1,27,6,-1,-1,-1,-1,8,3,-1,0
Unvalidated,2024991400188,2024,991400188,1,9,0,18,2,6,0,0,1,0,8,0,1,1,1,1,29,6,-1,-1,-1,-1,2,2,-1,0
Unvalidated,2024991400255,2024,991400255,1,9,0,18,3,7,0,0,1,10,2,0,1,1,2,1,58,9,-1,-1,-1,-1,-1,-1,-1,0
Unvalidated,2024991400255,2024,991400255,2,9,0,18,3,7,0,0,0,0,1,6,3,1,2,1,21,5,-1,-1,-1,-1,-1,-1,-1,0
Unvalidated,2024991400255,2024,991400255,3,9,0,18,3,7,0,0,0,0,0,0,2,1,2,1,40,7,-1,-1,-1,-1,-1,-1,-1,0
Unvalidated,2024991400255,2024,991400255,4,9,0,18,8,3,0,0,0,0,0,0,3,1,2,1,37,7,-1,-1,-1,-1,-1,-1,-1,0
Unvalidated,2024991400282,2024,991400282,1,9,0,16,6,1,0,0,2,0,7,9,1,1,2,1,28,6,-1,-1,-1,-1,8,3,-1,0
Unvalidated,2024991400288,2024,991400288,1,9,0,18,8,4,0,1,0,0,0,0,1,1,6,1,77,11,-1,-1,-1,-1,9,3,-1,0
Unvalidated,2024991400288,2024,991400288,2,19,0,2,0,0,0,8,0,0,0,0,2,1,1,1,38,7,-1,-1,-1,-1,4,1,-1,0
Unvalidated,2024991400324,2024,991400324,1,9,0,18,2,7,9,2,1,0,3,0,1,1,5,2,41,7,-1,-1,-1,-1,2,1,-1,0
Unvalidated,2024991400405,2024,991400405,1,9,0,18,5,1,0,8,0,0,0,0,1,1,6,2,26,6,-1,-1,-1,-1,2,1,-1,0
Unvalidated,2024991400478,2024,991400478,1,9,0,18,8,4,0,0,0,0,0,0,1,1,5,1,58,9,-1,-1,-1,-1,10,1,-1,0
Unvalidated,2024991400523,2024,991400523,1,9,0,5,7,3,0,0,0,0,0,0,4,1,5,2,38,7,-1,-1,-1,-1,-1,-1,-1,0
Unvalidated,2024991400539,2024,991400539,1,9,0,17,3,7,0,0,5,0,1,9,1,1,5,1,23,5,-1,-1,-1,-1,8,3,-1,0
Unvalidated,2024991400572,2024,991400572,1,98,0,2,0,0,0,1,0,0,0,0,3,1,6,1,54,8,-1,-1,-1,-1,2,1,-1,0
Unvalidated,2024991400572,2024,991400572,2,1,0,18,7,4,0,1,0,4,0,0,1,1,2,1,24,5,-1,-1,-1,-1,4,1,-1,0
Unvalidated,2024991400583,2024,991400583,1,9,0,18,7,3,0,0,2,0,2,10,3,1,5,1,63,9,-1,-1,-1,-1,8,3,-1,0
Unvalidated,2024991400603,2024,991400603,1,9,0,6,3,7,0,1,0,0,0,0,3,1,5,1,43,7,-1,-1,-1,-1,8,1,-1,0
Unvalidated,2024991400603,2024,991400603,2,9,0,18,3,7,0,1,0,0,0,0,1,1,5,1,77,11,-1,-1,-1,-1,4,1,-1,0
Unvalidated,2024991400645,2024,991400645,1,9,0,9,8,6,0,6,0,0,0,0,3,1,5,2,18,4,-1,-1,-1,-1,5,3,-1,0
Unvalidated,2024991400645,2024,991400645,2,9,0,18,2,6,0,1,0,0,0,0,1,1,5,2,17,4,-1,-1,-1,-1,7,3,-1,0
Unvalidated,2024991400658,2024,991400658,1,9,0,4,1,5,0,2,0,0,0,0,1,1,6,1,41,7,-1,-1,-1,-1,6,3,-1,0
Unvalidated,2024991400658,2024,991400658,2,9,0,4,1,5,0,2,0,0,0,0,2,1,5,1,54,8,-1,-1,-1,-1,6,1,-1,0
Unvalidated,2024991400703,2024,991400703,1,98,0,9,1,5,0,1,0,0,0,0,1,1,1,1,43,7,-1,-1,-1,-1,4,1,-1,0
Unvalidated,2024991400703,2024,991400703,2,9,0,13,1,5,0,1,2,0,0,0,1,1,5,1,18,4,-1,-1,-1,-1,-1,-1,-1,0
Unvalidated,2024991400729,2024,991400729,1,9,0,18,5,1,0,0,0,0,0,0,1,1,5,2,73,10,-1,-1,-1,-1,4,1,-1,0
Unvalidated,2024991400759,2024,991400759,1,9,0,18,7,3,0,1,0,0,7,1,3,1,5,1,25,5,-1,-1,-1,-1,7,3,-1,0
Unvalidated,2024991400789,2024,991400789,1,9,0,4,1,5,0,1,0,0,0,0,1,1,5,2,22,5,-1,-1,-1,-1,-1,-1,-1,0
Unvalidated,2024991400816,2024,991400816,1,9,0,7,8,3,0,4,0,9,0,0,1,1,6,1,48,8,-1,-1,-1,-1,4,1,-1,0
Unvalidated,2024991400862,2024,991400862,1,9,0,18,7,3,0,0,1,0,1,2,1,1,5,2,19,4,-1,-1,-1,-1,3,1,-1,0
Unvalidated,2024991400867,2024,991400867,1,98,0,18,5,1,0,0,0,4,0,0,1,2,6,1,38,7,-1,-1,-1,-1,1,1,-1,0
Unvalidated,2024991400867,2024,991400867,2,9,0,3,5,1,0,0,0,0,0,0,2,2,5,1,30,6,-1,-1,-1,-1,8,1,-1,0
Unvalidated,2024991400936,2024,991400936,1,9,0,9,8,3,0,4,0,0,7,0,1,1,5,2,49,8,-1,-1,-1,-1,-1,-1,-1,0
Unvalidated,2024991400936,2024,991400936,2,1,0,18,3,8,0,8,0,0,0,0,4,1,6,1,40,7,-1,-1,-1,-1,-1,-1,-1,0
Unvalidated,2024991400980,2024,991400980,1,9,0,5,7,5,0,6,0,0,0,0,1,1,5,2,48,8,-1,-1,-1,-1,7,2,-1,0
Unvalidated,2024991400980,2024,991400980,2,19,0,18,6,1,0,1,0,0,0,0,1,1,5,1,56,9,-1,-1,-1,-1,8,3,-1,0
Unvalidated,2024991401015,2024,991401015,1,9,0,18,7,3,0,0,2,7,1,7,1,1,1,2,47,8,-1,-1,-1,-1,5,3,-1,0
Unvalidated,2024991401016,2024,991401016,1,9,0,16,6,2,0,0,0,11,0,0,1,1,1,1,23,5,-1,-1,-1,-1,4,3,-1,0
Unvalidated,2024991401027,2024,991401027,1,9,0,18,4,8,0,0,0,11,0,0,1,1,5,2,76,11,-1,-1,-1,-1,5,1,-1,0
Unvalidated,2024991401042,2024,991401042,1,98,0,18,4,8,0,0,5,0,0,0,3,1,1,1,48,8,-1,-1,-1,-1,2,1,-1,0
Unvalidated,2024991401057,2024,991401057,1,9,0,18,5,1,0,0,1,0,2,7,1,1,6,2,58,9,-1,-1,-1,-1,6,1,E01007787,0
Unvalidated,2024991401119,2024,991401119,1,19,0,18,3,7,0,0,0,11,0,0,1,1,1,1,49,8,-1,-1,-1,-1,2,2,-1,0
Unvalidated,2024991401149,2024,991401149,1,19,0,18,6,2,0,1,0,0,7,0,1,1,1,1,37,7,-1,-1,-1,-1,10,2,-1,0
Unvalidated,2024991401149,2024,991401149,2,9,0,9,6,4,7,1,0,0,0,0,3,1,2,1,27,6,-1,-1,-1,-1,5,3,-1,0
Unvalidated,2024991401199,2024,991401199,1,9,0,17,2,5,0,0,0,0,7,2,1,1,5,1,50,8,-1,-1,-1,-1,10,1,-1,0
Unvalidated,2024991401199,2024,991401199,2,9,0,18,1,5,0,0,0,0,0,0,4,1,5,2,26,6,-1,-1,-1,-1,2,1,-1,0
Unvalidated,2024991401362,2024,991401362,1,9,0,11,1,6,0,0,5,6,0,0,4,1,5,1,60,9,-1,-1,-1,-1,7,1,-1,0
Unvalidated,2024991401420,2024,991401420,1,9,0,18,7,3,0,0,0,0,0,0,1,1,2,1,26,6,-1,-1,-1,-1,1,1,-1,0
Unvalidated,2024991401420,2024,991401420,2,8,0,18,7,3,0,0,0,0,0,0,1,1,1,1,42,7,-1,-1,-1,-1,4,1,-1,0
Unvalidated,2024991401421,2024,991401421,1,9,0,9,4,2,0,1,0,0,0,0,1,1,6,1,41,7,-1,-1,-1,-1,3,2,-1,0
Unvalidated,2024991401422,2024,991401422,1,9,0,18,5,1,0,0,0,0,0,0,1,1,6,1,35,6,-1,-1,-1,-1,2,1,-1,0
Unvalidated,2024991401422,2024,991401422,2,9,0,4,5,1,0,0,0,0,0,0,2,1,6,2,41,7,-1,-1,-1,-1,2,1,-1,0
Unvalidated,2024991401422,2024,991401422,3,9,0,4,5,1,0,0,0,0,0,0,2,1,6,1,52,8,-1,-1,-1,-1,2,1,-1,0
Unvalidated,2024991401422,2024,991401422,4,9,0,18,5,1,0,0,0,0,0,0,1,1,6,1,36,7,-1,-1,-1,-1,1,1,-1,0
Unvalidated,2024991401434,2024,991401434,1,9,0,18,7,3,0,0,1,0,7,7,1,1,6,2,61,9,-1,-1,-1,-1,9,3,-1,0
Unvalidated,2024991401434,2024,991401434,2,21,1,18,3,7,0,0,2,0,7,0,1,1,1,1,49,8,-1,-1,-1,-1,6,3,-1,0
Unvalidated,2024991401434,2024,991401434,3,9,0,18,3,7,0,0,0,0,0,0,3,1,5,2,41,7,-1,-1,-1,-1,5,1,-1,0
Unvalidated,2024991401481,2024,991401481,1,9,0,18,4,8,0,0,1,0,4,0,4,1,5,1,29,6,-1,-1,-1,-1,-1,-1,-1,0
Unvalidated,2024991401481,2024,991401481,2,9,0,18,4,8,0,0,0,0,0,0,3,1,5,2,43,7,-1,-1,-1,-1,7,1,-1,0
Unvalidated,2024991401545,2024,991401545,1,19,0,9,8,5,0,0,0,0,0,0,1,1,1,1,64,9,-1,-1,-1,-1,5,1,-1,0
Unvalidated,2024991401646,2024,991401646,1,9,0,18,1,5,0,0,0,0,0,0,1,1,6,1,66,10,-1,-1,-1,-1,3,1,-1,0
Unvalidated,2024991401648,2024,991401648,1,9,0,18,1,5,0,1,0,0,0,0,1,1,5,1,76,11,-1,-1,-1,-1,2,2,-1,0
Unvalidated,2024991401648,2024,991401648,2,9,0,18,1,5,0,2,0,0,0,0,2,2,5,1,58,9,-1,-1,-1,-1,10,1,-1,0
Unvalidated,2024991401658,2024,991401658,1,9,0,6,6,2,0,0,0,0,0,0,3,1,1,1,59,9,-1,-1,-1,-1,10,1,-1,0
Unvalidated,2024991401658,2024,991401658,2,1,0,14,6,2,0,0,0,0,0,0,1,1,1,1,28,6,-1,-1,-1,-1,2,1,-1,0
Unvalidated,2024991401659,2024,991401659,1,11,0,1,5,1,0,0,0,0,0,0,2,1,6,1,68,10,-1,-1,-1,-1,5,1,-1,0
Unvalidated,2024991401669,2024,991401669,1,9,0,18,7,3,0,4,0,0,0,0,1,1,5,1,31,6,-1,-1,-1,-1,1,3,-1,0
Unvalidated,2024991401669,2024,991401669,2,9,0,18,5,1,0,3,0,0,0,0,1,1,1,2,59,9,-1,-1,-1,-1,3,1,-1,0
Unvalidated,2024991401670,2024,991401670,1,9,0,18,1,5,0,0,0,0,0,0,3,1,2,2,41,7,-1,-1,-1,-1,10,1,-1,0
Unvalidated,2024991401701,2024,991401701,1,9,0,18,7,3,0,0,2,0,2,11,4,1,1,2,30,6,-1,-1,-1,-1,1,1,-1,0
Unvalidated,2024991401701,2024,991401701,2,9,0,2,0,0,9,0,0,0,0,0,1,1,6,3,-1,-1,-1,-1,-1,-1,-1,-1,-1,0
Unvalidated,2024991401774,2024,991401774,1,9,0,18,4,8,0,0,5,0,1,0,1,1,2,2,51,8,-1,-1,-1,-1,6,3,-1,0
Unvalidated,2024991401776,2024,991401776,1,9,0,4,7,3,0,0,0,0,0,0,1,1,1,1,43,7,-1,-1,-1,-1,4,1,-1,0
Unvalidated,2024991401776,2024,991401776,2,9,0,4,7,3,0,0,0,0,0,0,2,1,2,2,67,10,-1,-1,-1,-1,-1,-1,-1,0
Unvalidated,2024991401819,2024,991401819,1,9,0,5,4,7,0,8,0,0,0,0,1,1,5,1,63,9,-1,-1,-1,-1,10,1,-1,0
Unvalidated,2024991401819,2024,991401819,2,1,0,18,2,7,0,8,0,0,0,0,4,1,5,1,50,8,-1,-1,-1,-1,10,1,-1,0
Unvalidated,2024991401828,2024,991401828,1,9,0,18,2,7,0,8,0,0,0,0,3,1,6,2,54,8,-1,-1,-1,-1,2,1,-1,0
Unvalidated,2024991401828,2024,991401828,2,9,0,18,8,4,0,8,0,0,0,0,1,1,6,1,29,6,-1,-1,-1,-1,5,1,-1,0
Unvalidated,2024991401859,2024,991401859,1,9,0,18,8,6,0,2,0,0,7,0,3,1,1,1,47,8,-1,-1,-1,-1,1,1,-1,0
Unvalidated,2024991401859,2024,991401859,2,9,0,18,6,2,0,1,0,0,0,0,1,1,5,1,21,5,-1,-1,-1,-1,9,1,-1,0
Unvalidated,2024991401860,2024,991401860,1,9,0,18,3,6,0,0,5,0,1,0,1,1,6,1,73,10,-1,-1,-1,-1,6,3,-1,0
Unvalidated,2024991401867,2024,991401867,1,9,0,18,4,8,0,0,5,12,7,1,1,1,5,1,35,6,-1,-1,-1,-1,2,3,-1,0
Unvalidated,2024991402064,2024,991402064,1,9,0,7,1,5,0,0,1,0,1,1,1,1,5,2,32,6,-1,-1,-1,-1,1,1,E01005874,0
Unvalidated,2024991402143,2024,991402143,1,8,0,2,1,5,0,1,0,0,3,0,2,1,1,1,73,10,-1,-1,-1,-1,1,1,-1,0
Unvalidated,2024991402143,2024,991402143,2,1,0,5,1,5,4,1,0,0,3,0,2,1,3,1,27,6,-1,-1,-1,-1,1,1,-1,0
Unvalidated,2024991402152,2024,991402152,1,9,0,18,7,3,0,1,0,0,0,0,3,1,6,1,37,7,-1,-1,-1,-1,1,1,-1,0
Unvalidated,2024991402188,2024,991402188,1,9,0,9,8,5,9,5,0,0,1,11,1,1,6,1,25,5,-1,-1,-1,-1,2,1,-1,0
Unvalidated,2024991402253,2024,991402253,1,9,0,11,2,7,0,8,2,0,1,0,1,1,5,2,67,10,-1,-1,-1,-1,7,3,-1,0
Unvalidated,2024991402253,2024,991402253,2,21,1,11,3,7,0,5,0,0,0,0,3,1,1,1,52,8,-1,-1,-1,-1,5,1,-1,0
Unvalidated,2024991402301,2024,991402301,1,19,0,18,5,1,0,1,0,0,0,0,1,1,6,1,33,6,-1,-1,-1,-1,6,3,-1,0
Unvalidated,2024991402301,2024,991402301,2,9,0,18,5,1,0,4,0,0,0,0,3,1,5,2,59,9,-1,-1,-1,-1,4,1,-1,0
Unvalidated,2024991402303,2024,991402303,1,9,0,18,1,6,0,0,0,0,0,0,1,1,5,1,69,10,-1,-1,-1,-1,4,2,-1,0
Unvalidated,2024991402330,2024,991402330,1,9,0,8,4,7,0,1,0,0,0,0,2,1,5,2,25,5,-1,-1,-1,-1,-1,-1,-1,0
Unvalidated,2024991402330,2024,991402330,2,9,0,18,6,7,0,1,0,0,0,0,1,1,6,3,28,6,-1,-1,-1,-1,2,1,E01030599,0
Unvalidated,2024991402413,2024,991402413,1,9,0,18,4,8,0,1,0,0,0,0,1,1,2,2,61,9,-1,-1,-1,-1,7,1,-1,0
Unvalidated,2024991402441,2024,991402441,1,9,0,18,3,7,0,2,0,0,0,0,1,1,5,1,79,11,-1,-1,-1,-1,-1,-1,-1,0
Unvalidated,2024991402573,2024,991402573,1,9,0,18,8,3,0,1,0,0,0,0,3,1,5,2,60,9,-1,-1,-1,-1,7,1,-1,0
Unvalidated,2024991402573,2024,991402573,2,9,0,18,6,3,0,8,0,0,0,0,1,1,5,1,68,10,-1,-1,-1,-1,9,2,-1,0
Unvalidated,2024991402584,2024,991402584,1,11,0,5,4,8,0,0,0,1,0,0,4,1,1,1,40,7,-1,-1,-1,-1,1,1,-1,0
Unvalidated,2024991402716,2024,991402716,1,9,0,18,5,1,0,0,0,11,0,0,1,1,1,1,30,6,-1,-1,-1,-1,4,3,-1,0
Unvalidated,2024991402731,2024,991402731,1,9,0,18,8,3,0,0,0,0,0,0,1,1,6,1,44,7,-1,-1,-1,-1,1,1,-1,0
Unvalidated,2024991402731,2024,991402731,2,9,0,3,3,7,0,0,0,0,0,0,1,1,6,2,28,6,-1,-1,-1,-1,6,3,-1,0
Unvalidated,2024991402765,2024,991402765,1,9,0,18,7,3,0,0,0,0,0,0,1,1,5,2,87,11,-1,-1,-1,-1,6,3,-1,0
Unvalidated,2024991402765,2024,991402765,2,9,0,4,4,7,0,0,0,0,0,0,1,1,6,1,52,8,-1,-1,-1,-1,6,3,-1,0
Unvalidated,2024991402875,2024,991402875,1,9,0,7,1,3,0,1,0,0,0,0,1,1,1,2,42,7,-1,-1,-1,-1,2,1,-1,0
Unvalidated,2024991402937,2024,991402937,1,9,0,9,8,7,0,1,0,0,0,0,4,1,5,2,23,5,-1,-1,-1,-1,-1,-1,-1,0
Unvalidated,2024991402937,2024,991402937,2,9,0,18,5,8,0,8,0,0,0,0,1,1,5,1,26,6,-1,-1,-1,-1,-1,-1,-1,0
Unvalidated,2024991402969,2024,991402969,1,1,0,18,8,4,0,0,0,0,0,0,1,1,6,1,23,5,-1,-1,-1,-1,1,1,-1,0
Unvalidated,2024991402969,2024,991402969,2,9,0,5,2,6,0,0,0,0,0,0,1,1,6,1,62,9,-1,-1,-1,-1,7,3,-1,0
Unvalidated,2024991402982,2024,991402982,1,9,0,18,2,6,0,0,0,0,0,0,3,1,2,2,37,7,-1,-1,-1,-1,9,1,-1,0
Unvalidated,2024991403029,2024,991403029,1,9,0,9,1,7,0,6,0,0,0,0,1,1,6,1,44,7,-1,-1,-1,-1,4,1,-1,0
Unvalidated,2024991403029,2024,991403029,2,9,0,18,3,7,0,1,0,0,0,0,1,1,6,1,57,9,-1,-1,-1,-1,2,1,-1,0
Unvalidated,2024991403035,2024,991403035,1,9,0,17,1,5,0,0,5,0,7,4,1,1,5,1,17,4,-1,-1,-1,-1,7,1,-1,0
Unvalidated,2024991403056,2024,991403056,1,9,0,9,5,3,0,8,1,0,0,0,3,1,6,1,69,10,-1,-1,-1,-1,9,1,E01019190,0
Unvalidated,2024991403056,2024,991403056,2,19,0,18,3,7,0,1,0,0,1,0,1,1,1,1,65,9,-1,-1,-1,-1,2,1,E01011954,0
Unvalidated,2024991403073,2024,991403073,1,9,0,7,3,6,0,6,0,0,1,0,1,1,5,1,37,7,-1,-1,-1,-1,3,1,-1,0
Unvalidated,2024991403073,2024,991403073,2,20,0,18,6,2,0,1,0,0,0,0,1,1,1,1,46,8,-1,-1,-1,-1,4,3,-1,0
Unvalidated,2024991403109,2024,991403109,1,11,0,5,3,7,0,2,0,0,0,0,4,1,1,1,54,8,-1,-1,-1,-1,2,1,-1,0
Unvalidated,2024991403110,2024,991403110,1,9,0,18,1,5,0,6,0,0,3,0,4,1,5,1,50,8,-1,-1,-1,-1,7,3,-1,0
Unvalidated,2024991403110,2024,991403110,2,19,0,18,3,7,0,8,0,0,0,0,1,1,5,1,56,9,-1,-1,-1,-1,5,1,E01027376,0
Unvalidated,2024991403112,2024,991403112,1,9,0,18,3,7,0,0,1,0,0,0,1,1,6,1,62,9,-1,-1,-1,-1,9,2,-1,0
Unvalidated,2024991403112,2024,991403112,2,9,0,18,7,3,0,0,0,0,0,0,1,1,2,2,52,8,-1,-1,-1,-1,9,1,-1,0
Unvalidated,2024991403116,2024,991403116,1,11,0,18,1,5,0,2,0,0,0,0,1,1,1,1,63,9,-1,-1,-1,-1,3,1,-1,0
Unvalidated,2024991403123,2024,991403123,1,3,0,18,6,2,0,1,0,0,0,0,1,1,6,1,20,4,-1,-1,-1,-1,7,3,-1,0
Unvalidated,2024991403146,2024,991403146,1,9,0,9,2,1,0,8,0,0,0,0,0,1,6,1,30,6,-1,-1,-1,-1,-1,-1,-1,0
Unvalidated,2024991403146,2024,991403146,2,9,0,18,1,5,0,1,0,0,1,2,1,1,5,1,19,4,-1,-1,-1,-1,-1,-1,-1,0
Unvalidated,2024991403175,2024,991403175,1,9,0,18,7,3,0,1,0,0,0,0,1,1,6,1,25,5,-1,-1,-1,-1,2,1,-1,0
Unvalidated,2024991403175,2024,991403175,2,1,0,4,7,3,0,1,0,0,0,0,2,1,6,1,38,7,-1,-1,-1,-1,6,1,-1,0
Unvalidated,2024991403224,2024,991403224,1,9,0,4,5,4,0,0,0,0,1,11,1,1,5,2,76,11,-1,-1,-1,-1,7,3,-1,0
Unvalidated,2024991403224,2024,991403224,2,9,0,2,5,4,0,0,0,4,0,0,2,1,6,3,-1,-1,-1,-1,-1,-1,-1,-1,-1,0
Unvalidated,2024991403257,2024,991403257,1,11,0,18,4,8,0,1,0,0,0,0,1,1,1,1,55,8,-1,-1,-1,-1,1,1,-1,0
Unvalidated,2024991403258,2024,991403258,1,9,0,5,8,3,0,4,0,0,0,0,1,1,6,1,69,10,-1,-1,-1,-1,-1,-1,-1,0
Unvalidated,2024991403258,2024,991403258,2,1,0,18,7,3,0,3,0,0,0,0,2,1,6,2,53,8,-1,-1,-1,-1,6,1,-1,0
Unvalidated,2024991403346,2024,991403346,1,9,0,18,5,7,0,2,0,0,0,0,3,1,2,2,36,7,-1,-1,-1,-1,4,2,-1,0
Unvalidated,2024991403346,2024,991403346,2,19,0,18,3,7,0,2,0,0,0,0,1,1,1,1,55,8,-1,-1,-1,-1,8,3,-1,0
Unvalidated,2024991403352,2024,991403352,1,9,0,18,1,5,0,1,0,0,0,0,1,1,6,1,33,6,-1,-1,-1,-1,4,2,-1,0
Unvalidated,2024991403393,2024,991403393,1,9,0,17,1,5,0,0,1,0,1,9,1,1,6,1,77,11,-1,-1,-1,-1,7,3,-1,0
Unvalidated,2024991403492,2024,991403492,1,9,0,5,6,2,0,0,0,0,0,0,4,1,5,1,42,7,-1,-1,-1,-1,8,1,-1,0
Unvalidated,2024991403507,2024,991403507,1,9,0,18,1,5,9,0,0,0,7,0,1,1,5,1,59,9,-1,-1,-1,-1,7,1,-1,0
Unvalidated,2024991403509,2024,991403509,1,9,0,18,6,1,0,1,0,2,0,0,1,1,5,1,60,9,-1,-1,-1,-1,2,1,-1,0
Unvalidated,2024991403509,2024,991403509,2,9,0,18,4,7,0,1,0,0,0,0,1,1,5,2,39,7,-1,-1,-1,-1,2,1,-1,0
Unvalidated,2024991403524,2024,991403524,1,9,0,4,7,5,0,1,0,0,1,0,1,1,6,1,30,6,-1,-1,-1,-1,1,1,-1,0
Unvalidated,2024991403524,2024,991403524,2,9,0,4,7,4,0,1,0,0,0,0,2,1,6,1,47,8,-1,-1,-1,-1,9,3,-1,0
Unvalidated,2024991403556,2024,991403556,1,9,0,18,6,2,0,2,0,0,0,0,1,1,6,1,78,11,-1,-1,-1,-1,8,3,-1,0
Unvalidated,2024991403556,2024,991403556,2,9,0,3,6,2,0,2,0,0,0,0,2,1,6,1,63,9,-1,-1,-1,-1,6,3,-1,0
Unvalidated,2024991403556,2024,991403556,3,9,0,3,6,2,0,2,0,0,0,0,2,1,5,1,48,8,-1,-1,-1,-1,6,3,-1,0
Unvalidated,2024991403562,2024,991403562,1,1,0,18,7,2,0,2,0,0,0,0,3,1,5,1,55,8,-1,-1,-1,-1,9,1,-1,0
Unvalidated,2024991403642,2024,991403642,1,9,0,18,4,8,0,1,0,0,0,0,1,1,5,2,27,6,-1,-1,-1,-1,5,3,-1,0