status,collision_index,collision_year,collision_reference,vehicle_reference,vehicle_type,towing_and_articulation,vehicle_manoeuvre,vehicle_direction_from,vehicle_direction_to,vehicle_location_restricted_lane,junction_location,skidding_and_overturning,hit_object_in_carriageway,vehicle_leaving_carriageway,hit_object_off_carriageway,first_point_of_impact,vehicle_left_hand_drive,journey_purpose_of_driver,sex_of_driver,age_of_driver,age_band_of_driver,engine_capacity_cc,propulsion_code,age_of_vehicle,generic_make_model,driver_imd_decile,driver_home_area_type,lsoa_of_driver,escooter_flag
Unvalidated,2024991403642,2024,991403642,2,9,0,10,4,2,0,1,0,0,7,4,2,1,5,2,58,9,-1,-1,-1,-1,6,3,-1,0
Unvalidated,2024991403853,2024,991403853,1,19,0,4,3,7,0,0,0,0,0,0,2,1,6,1,36,7,-1,-1,-1,-1,1,1,-1,0
Unvalidated,2024991403853,2024,991403853,2,19,0,18,3,7,0,0,0,0,0,0,1,1,6,1,30,6,-1,-1,-1,-1,-1,-1,-1,0
Unvalidated,2024991403937,2024,991403937,1,9,0,18,3,7,0,0,0,0,2,0,1,1,6,1,60,9,-1,-1,-1,-1,3,1,-1,0
Unvalidated,2024991404019,2024,991404019,1,9,0,5,7,5,0,1,0,0,0,0,1,1,5,2,48,8,-1,-1,-1,-1,2,1,-1,0
Unvalidated,2024991404044,2024,991404044,1,9,0,9,8,5,0,6,0,0,0,0,1,1,2,2,63,9,-1,-1,-1,-1,2,1,-1,0
Unvalidated,2024991404044,2024,991404044,2,9,0,18,5,1,0,1,0,0,0,0,1,1,2,2,64,9,-1,-1,-1,-1,-1,-1,-1,0
Unvalidated,2024991404078,2024,991404078,1,9,0,18,2,6,0,0,0,0,1,4,1,1,5,1,17,4,-1,-1,-1,-1,8,3,-1,0
Unvalidated,2024991404091,2024,991404091,1,9,0,9,4,2,0,1,0,0,0,0,1,1,2,1,31,6,-1,-1,-1,-1,9,1,-1,0
Unvalidated,2024991404091,2024,991404091,2,3,0,18,8,4,0,1,0,0,0,0,1,1,6,1,19,4,-1,-1,-1,-1,1,1,-1,0
Unvalidated,2024991404103,2024,991404103,1,9,0,9,5,3,0,1,0,0,0,0,1,1,6,1,43,7,-1,-1,-1,-1,-1,-1,-1,0
Unvalidated,2024991404103,2024,991404103,2,9,0,5,8,5,0,8,1,0,0,0,1,1,5,1,40,7,-1,-1,-1,-1,9,1,-1,0
Unvalidated,2024991404109,2024,991404109,1,9,0,18,8,4,0,0,2,0,1,0,1,1,5,2,19,4,-1,-1,-1,-1,7,1,-1,0
Unvalidated,2024991404119,2024,991404119,1,9,0,12,7,3,0,0,0,0,0,0,0,1,6,3,-1,-1,-1,-1,-1,-1,-1,-1,-1,0
Unvalidated,2024991404119,2024,991404119,2,97,0,12,7,3,0,0,1,0,0,0,0,1,2,1,51,8,-1,-1,-1,-1,-1,-1,-1,0
Unvalidated,2024991404121,2024,991404121,1,9,0,4,2,6,0,0,0,0,0,0,1,1,6,2,20,4,-1,-1,-1,-1,-1,-1,-1,0
Unvalidated,2024991404251,2024,991404251,1,9,0,18,3,7,0,8,0,1,0,0,1,1,6,2,51,8,-1,-1,-1,-1,8,3,-1,0
Unvalidated,2024991404259,2024,991404259,1,9,0,9,3,1,0,6,0,0,0,0,1,1,6,2,25,5,-1,-1,-1,-1,5,2,-1,0
Unvalidated,2024991404259,2024,991404259,2,9,0,18,4,1,0,1,1,0,0,0,1,1,6,2,33,6,-1,-1,-1,-1,5,3,-1,0
Unvalidated,2024991404259,2024,991404259,3,9,0,18,1,4,0,1,0,0,0,0,0,1,6,1,57,9,-1,-1,-1,-1,5,2,-1,0
Unvalidated,2024991404268,2024,991404268,1,9,0,9,7,5,0,2,0,0,0,0,1,1,5,1,31,6,-1,-1,-1,-1,2,1,-1,0
Unvalidated,2024991404290,2024,991404290,1,9,0,9,6,2,0,8,0,0,0,0,1,1,2,2,49,8,-1,-1,-1,-1,10,1,-1,0
Unvalidated,2024991404290,2024,991404290,2,1,0,18,1,5,0,8,5,0,0,0,1,1,2,1,37,7,-1,-1,-1,-1,-1,-1,-1,0
Unvalidated,2024991404347,2024,991404347,1,9,0,18,4,8,0,0,1,0,1,0,3,1,2,2,50,8,-1,-1,-1,-1,1,2,-1,0
Unvalidated,2024991404403,2024,991404403,1,9,0,1,5,8,0,1,0,0,0,0,2,1,6,3,50,8,-1,-1,-1,-1,-1,-1,-1,0
Unvalidated,2024991404448,2024,991404448,1,9,0,18,2,6,0,0,2,0,1,11,1,1,5,1,39,7,-1,-1,-1,-1,2,1,-1,0
Unvalidated,2024991404526,2024,991404526,1,9,0,18,2,6,0,0,0,10,0,0,1,1,5,1,76,11,-1,-1,-1,-1,5,1,-1,0
Unvalidated,2024991404531,2024,991404531,1,9,0,6,7,7,0,0,0,0,0,0,3,1,5,1,54,8,-1,-1,-1,-1,4,1,-1,0
Unvalidated,2024991404531,2024,991404531,2,3,0,18,7,3,0,0,0,0,0,0,4,1,5,1,21,5,-1,-1,-1,-1,1,1,-1,0
Unvalidated,2024991404555,2024,991404555,1,9,0,18,3,7,0,0,2,0,8,0,3,1,5,1,75,10,-1,-1,-1,-1,8,1,-1,0
Unvalidated,2024991404579,2024,991404579,1,9,0,13,7,3,0,1,1,0,7,0,1,1,5,2,33,6,-1,-1,-1,-1,1,1,-1,0
Unvalidated,2024991404579,2024,991404579,2,9,0,9,7,5,0,8,0,0,7,0,3,1,2,2,33,6,-1,-1,-1,-1,4,2,-1,0
Unvalidated,2024991404595,2024,991404595,1,9,0,7,6,8,0,1,0,0,0,0,1,1,6,1,21,5,-1,-1,-1,-1,-1,-1,-1,0
Unvalidated,2024991404595,2024,991404595,2,9,0,7,6,1,0,2,0,0,0,0,2,1,6,1,47,8,-1,-1,-1,-1,7,1,-1,0
Unvalidated,2024991404669,2024,991404669,1,9,0,17,6,2,0,0,5,0,1,11,1,1,2,1,52,8,-1,-1,-1,-1,1,2,-1,0
Unvalidated,2024991404750,2024,991404750,1,21,0,18,6,3,0,1,0,0,0,0,1,1,1,1,33,6,-1,-1,-1,-1,7,3,-1,0
Unvalidated,2024991404819,2024,991404819,1,9,0,18,5,2,0,2,0,0,0,0,1,1,5,2,33,6,-1,-1,-1,-1,1,1,-1,0
Unvalidated,2024991404819,2024,991404819,2,9,0,18,3,7,0,1,0,0,0,0,1,1,5,1,58,9,-1,-1,-1,-1,8,1,-1,0
Unvalidated,2024991404827,2024,991404827,1,8,0,18,1,5,0,0,0,0,0,0,1,2,1,1,63,9,-1,-1,-1,-1,2,1,-1,0
Unvalidated,2024991404829,2024,991404829,1,21,0,11,1,5,0,0,0,0,0,0,1,1,1,1,27,6,-1,-1,-1,-1,5,2,-1,0
Unvalidated,2024991404829,2024,991404829,2,9,0,18,1,5,0,0,0,7,0,0,1,1,2,2,64,9,-1,-1,-1,-1,3,1,-1,0
Unvalidated,2024991404842,2024,991404842,1,9,0,18,1,5,0,0,0,0,0,0,1,1,2,1,62,9,-1,-1,-1,-1,5,3,-1,0
Unvalidated,2024991404842,2024,991404842,2,90,0,2,0,0,0,0,0,0,0,0,2,1,6,3,-1,-1,-1,-1,-1,-1,-1,-1,-1,0
Unvalidated,2024991404870,2024,991404870,1,9,0,18,8,4,0,8,0,0,0,0,3,1,6,3,25,5,-1,-1,-1,-1,-1,-1,-1,0
Unvalidated,2024991404870,2024,991404870,2,90,0,18,7,3,0,8,5,0,0,0,1,1,5,1,16,4,-1,-1,-1,-1,1,1,-1,1
Unvalidated,2024991404916,2024,991404916,1,11,0,3,5,1,0,1,0,0,0,0,0,1,1,1,46,8,-1,-1,-1,-1,-1,2,-1,0
Unvalidated,2024991404937,2024,991404937,1,9,0,18,8,4,0,0,1,0,0,0,1,1,2,1,29,6,-1,-1,-1,-1,5,1,-1,0
Unvalidated,2024991405002,2024,991405002,1,9,0,1,3,7,9,0,0,0,0,0,2,1,5,2,49,8,-1,-1,-1,-1,5,1,-1,0
Unvalidated,2024991405002,2024,991405002,2,9,0,2,5,1,9,0,0,0,0,0,3,1,5,2,32,6,-1,-1,-1,-1,2,1,-1,0
Unvalidated,2024991405002,2024,991405002,3,9,0,2,0,0,9,0,0,0,0,0,3,1,6,3,-1,-1,-1,-1,-1,-1,-1,-1,-1,0
Unvalidated,2024991405063,2024,991405063,1,3,0,18,1,5,0,0,0,0,1,0,4,1,5,1,19,4,-1,-1,-1,-1,4,3,-1,0
Unvalidated,2024991405187,2024,991405187,1,19,0,18,4,6,0,1,0,4,0,0,4,1,6,1,30,6,-1,-1,-1,-1,1,1,-1,0
Unvalidated,2024991405187,2024,991405187,2,9,0,2,0,0,0,1,0,0,0,0,4,1,6,3,-1,-1,-1,-1,-1,-1,-1,-1,-1,0
Unvalidated,2024991405196,2024,991405196,1,9,0,18,1,5,0,0,0,0,0,0,1,1,5,1,78,11,-1,-1,-1,-1,5,3,-1,0
Unvalidated,2024991405196,2024,991405196,2,9,0,18,1,5,0,0,0,0,0,0,2,1,5,2,41,7,-1,-1,-1,-1,1,1,-1,0
Unvalidated,2024991405218,2024,991405218,1,9,0,9,3,1,0,1,0,0,0,0,4,1,6,1,74,10,-1,-1,-1,-1,-1,-1,-1,0
Unvalidated,2024991405218,2024,991405218,2,9,0,9,7,5,0,8,0,0,0,0,1,1,6,2,54,8,-1,-1,-1,-1,10,1,-1,0
Unvalidated,2024991405218,2024,991405218,3,9,0,3,1,5,0,1,0,0,0,0,1,1,1,1,32,6,-1,-1,-1,-1,1,1,-1,0
Unvalidated,2024991405218,2024,991405218,4,19,0,18,7,3,0,1,0,0,0,0,3,1,6,1,41,7,-1,-1,-1,-1,1,1,-1,0
Unvalidated,2024991405252,2024,991405252,1,9,0,7,8,3,0,1,0,0,0,0,1,1,1,3,-1,-1,-1,-1,-1,-1,-1,-1,-1,0
Unvalidated,2024991405326,2024,991405326,1,9,0,18,5,1,0,0,0,0,0,0,1,1,5,2,78,11,-1,-1,-1,-1,-1,-1,-1,0
Unvalidated,2024991405326,2024,991405326,2,9,0,18,1,5,0,0,0,0,1,7,1,1,5,2,45,7,-1,-1,-1,-1,-1,-1,-1,0
Unvalidated,2024991405336,2024,991405336,1,9,0,5,6,7,9,2,0,7,1,0,1,1,5,1,85,11,-1,-1,-1,-1,10,1,-1,0
Unvalidated,2024991405357,2024,991405357,1,9,0,18,8,4,0,2,0,0,0,0,4,1,1,1,47,8,-1,-1,-1,-1,10,1,-1,0
Unvalidated,2024991405467,2024,991405467,1,9,0,9,4,3,0,8,0,0,0,0,1,1,6,1,26,6,-1,-1,-1,-1,5,1,-1,0
Unvalidated,2024991405467,2024,991405467,2,9,0,10,3,8,9,1,0,0,0,0,3,1,6,2,38,7,-1,-1,-1,-1,5,1,-1,0
Unvalidated,2024991405495,2024,991405495,1,9,0,18,3,7,0,0,0,0,1,10,1,1,6,2,19,4,-1,-1,-1,-1,-1,-1,-1,0
Unvalidated,2024991405495,2024,991405495,2,9,0,18,7,3,0,0,0,0,1,2,1,1,6,1,-1,-1,-1,-1,-1,-1,-1,-1,-1,0
Unvalidated,2024991405533,2024,991405533,1,8,0,4,7,3,0,0,0,0,0,0,0,1,1,1,62,9,-1,-1,-1,-1,-1,-1,-1,0
Unvalidated,2024991405560,2024,991405560,1,9,0,16,1,5,0,0,1,0,1,4,3,1,6,1,70,10,-1,-1,-1,-1,8,3,-1,0
Unvalidated,2024991405577,2024,991405577,1,1,0,18,5,8,9,2,0,0,0,0,1,1,5,1,53,8,-1,-1,-1,-1,7,2,-1,0
Unvalidated,2024991405687,2024,991405687,1,90,0,18,8,4,0,1,0,0,0,0,1,1,5,1,14,3,-1,-1,-1,-1,4,1,-1,1
Unvalidated,2024991405687,2024,991405687,2,9,0,9,4,2,0,8,0,0,0,0,4,1,5,1,43,7,-1,-1,-1,-1,7,1,E01023961,0
Unvalidated,2024991405688,2024,991405688,1,9,0,7,2,8,0,0,0,0,0,0,1,1,5,2,80,11,-1,-1,-1,-1,5,3,-1,0
Unvalidated,2024991405688,2024,991405688,2,9,0,18,2,6,0,0,0,0,0,0,1,1,5,2,51,8,-1,-1,-1,-1,5,3,-1,0
Unvalidated,2024991405710,2024,991405710,1,9,0,4,2,6,0,1,0,0,0,0,1,1,5,2,53,8,-1,-1,-1,-1,4,2,-1,0
Unvalidated,2024991405899,2024,991405899,1,9,0,16,1,4,0,0,1,0,0,0,2,1,2,1,37,7,-1,-1,-1,-1,6,1,-1,0
Unvalidated,2024991405899,2024,991405899,2,9,0,17,4,8,0,0,0,0,0,0,1,1,6,1,67,10,-1,-1,-1,-1,8,2,-1,0
Unvalidated,2024991405988,2024,991405988,1,9,0,13,1,5,0,0,2,0,1,0,4,1,6,1,31,6,-1,-1,-1,-1,5,3,-1,0
Unvalidated,2024991405988,2024,991405988,2,9,0,18,1,5,0,0,0,0,0,0,3,1,6,2,33,6,-1,-1,-1,-1,6,3,-1,0
Unvalidated,2024991406016,2024,991406016,1,9,0,16,8,4,0,0,0,0,0,0,1,1,5,1,57,9,-1,-1,-1,-1,-1,-1,-1,0
Unvalidated,2024991406024,2024,991406024,1,8,0,16,2,5,0,8,0,0,0,0,1,1,5,1,46,8,-1,-1,-1,-1,1,1,-1,0
Unvalidated,2024991406024,2024,991406024,2,9,0,6,2,1,0,8,0,0,0,0,3,1,5,2,33,6,-1,-1,-1,-1,3,1,-1,0
Unvalidated,2024991406031,2024,991406031,1,9,0,18,3,7,0,8,0,0,0,0,1,1,1,1,28,6,-1,-1,-1,-1,7,1,-1,0
Unvalidated,2024991406031,2024,991406031,2,9,0,18,4,8,0,8,0,0,0,0,4,1,1,1,63,9,-1,-1,-1,-1,9,1,-1,0
Unvalidated,2024991406067,2024,991406067,1,9,0,1,3,7,9,2,0,0,0,0,2,1,5,1,64,9,-1,-1,-1,-1,8,3,-1,0
Unvalidated,2024991406067,2024,991406067,2,9,0,2,0,0,9,2,0,0,0,0,1,1,6,3,-1,-1,-1,-1,-1,-1,-1,-1,-1,0
Unvalidated,2024991406080,2024,991406080,1,98,0,18,8,4,0,1,1,4,0,0,3,1,1,2,40,7,-1,-1,-1,-1,10,3,-1,0
Unvalidated,2024991406080,2024,991406080,2,9,0,2,0,0,0,1,0,0,0,0,3,1,6,3,-1,-1,-1,-1,-1,-1,-1,-1,-1,0
Unvalidated,2024991406115,2024,991406115,1,8,0,1,8,2,0,1,0,0,0,0,2,1,1,1,54,8,-1,-1,-1,-1,10,1,-1,0
Unvalidated,2024991406115,2024,991406115,2,9,0,3,3,7,0,1,0,0,0,0,1,1,5,2,54,8,-1,-1,-1,-1,-1,-1,-1,0
Unvalidated,2024991406122,2024,991406122,1,5,0,18,8,4,0,0,1,0,0,0,3,1,5,1,65,9,-1,-1,-1,-1,9,1,-1,0
Unvalidated,2024991406142,2024,991406142,1,9,0,5,6,4,0,6,0,0,0,0,3,1,5,1,74,10,-1,-1,-1,-1,8,1,-1,0
Unvalidated,2024991406142,2024,991406142,2,9,0,18,5,1,0,1,0,0,0,0,1,1,5,2,30,6,-1,-1,-1,-1,4,1,-1,0
Unvalidated,2024991406144,2024,991406144,1,19,0,18,6,2,0,0,0,0,0,0,1,1,1,1,54,8,-1,-1,-1,-1,4,2,-1,0
Unvalidated,2024991406144,2024,991406144,2,9,0,18,6,2,0,0,0,0,0,0,2,1,5,1,54,8,-1,-1,-1,-1,4,3,-1,0
Unvalidated,2024991406190,2024,991406190,1,9,0,18,3,7,0,2,0,0,0,0,1,1,5,2,21,5,-1,-1,-1,-1,7,3,-1,0
Unvalidated,2024991406190,2024,991406190,2,9,0,18,1,5,0,2,1,0,0,0,4,1,5,1,32,6,-1,-1,-1,-1,2,1,-1,0
Unvalidated,2024991406235,2024,991406235,1,9,0,18,2,6,0,0,0,0,7,0,1,1,6,1,34,6,-1,-1,-1,-1,3,1,E01033388,0
Unvalidated,2024991406235,2024,991406235,2,9,0,18,6,2,0,0,0,0,0,0,1,1,5,2,42,7,-1,-1,-1,-1,1,1,-1,0
Unvalidated,2024991406598,2024,991406598,1,9,0,18,4,8,0,0,1,0,0,0,1,1,6,1,35,6,-1,-1,-1,-1,8,3,-1,0
Unvalidated,2024991406604,2024,991406604,1,9,0,18,1,5,0,0,0,0,0,0,1,1,6,2,54,8,-1,-1,-1,-1,5,1,-1,0
Unvalidated,2024991406609,2024,991406609,1,9,0,5,2,5,0,8,0,0,0,0,3,1,5,2,28,6,-1,-1,-1,-1,-1,3,-1,0
Unvalidated,2024991406615,2024,991406615,1,9,0,18,3,7,0,0,0,0,0,0,1,1,5,1,49,8,-1,-1,-1,-1,2,2,-1,0
Unvalidated,2024991406617,2024,991406617,1,1,0,18,1,5,0,2,0,0,0,0,1,1,6,1,22,5,-1,-1,-1,-1,1,1,-1,0
Unvalidated,2024991406617,2024,991406617,2,9,0,2,0,0,0,2,0,0,0,0,2,1,6,3,-1,-1,-1,-1,-1,-1,-1,-1,-1,0
Unvalidated,2024991406779,2024,991406779,1,9,0,18,2,2,0,0,5,0,7,4,1,1,5,1,20,4,-1,-1,-1,-1,9,3,-1,0
Unvalidated,2024991406779,2024,991406779,2,9,0,18,2,2,0,0,0,0,0,0,1,1,5,1,30,6,-1,-1,-1,-1,2,1,-1,0
Unvalidated,2024991406815,2024,991406815,1,9,0,18,5,1,0,8,1,0,0,0,1,1,3,2,29,6,-1,-1,-1,-1,8,2,-1,0
Unvalidated,2024991406815,2024,991406815,2,98,0,4,5,1,0,1,0,0,0,0,2,1,1,1,29,6,-1,-1,-1,-1,5,2,-1,0
Unvalidated,2024991406815,2024,991406815,3,9,0,10,5,1,0,5,0,0,0,0,2,1,3,2,32,6,-1,-1,-1,-1,10,3,-1,0
Unvalidated,2024991406838,2024,991406838,1,11,0,18,4,8,0,2,0,0,0,0,1,1,1,1,63,9,-1,-1,-1,-1,2,1,-1,0
Unvalidated,2024991406840,2024,991406840,1,9,0,18,2,6,0,0,0,0,0,0,1,1,6,1,20,4,-1,-1,-1,-1,-1,-1,-1,0
Unvalidated,2024991406840,2024,991406840,2,19,0,18,6,2,0,0,0,0,0,0,1,1,1,1,44,7,-1,-1,-1,-1,7,1,E01026029,0
Unvalidated,2024991406840,2024,991406840,3,9,0,18,6,2,0,0,0,0,0,0,2,1,2,1,58,9,-1,-1,-1,-1,8,3,-1,0
Unvalidated,2024991406926,2024,991406926,1,1,0,18,7,3,2,1,0,0,0,0,4,1,2,1,62,9,-1,-1,-1,-1,-1,-1,-1,0
Unvalidated,2024991406926,2024,991406926,2,9,0,7,1,3,0,6,0,0,0,0,3,1,5,2,62,9,-1,-1,-1,-1,-1,-1,-1,0
Unvalidated,2024991406966,2024,991406966,1,19,0,5,5,8,0,1,5,0,0,0,4,1,1,1,57,9,-1,-1,-1,-1,10,1,-1,0
Unvalidated,2024991406966,2024,991406966,2,9,0,18,3,7,0,1,0,0,1,0,4,1,2,1,51,8,-1,-1,-1,-1,9,3,-1,0
Unvalidated,2024991406985,2024,991406985,1,9,0,18,4,8,0,0,0,11,0,0,1,1,5,1,53,8,-1,-1,-1,-1,-1,-1,-1,0
Unvalidated,2024991406992,2024,991406992,1,1,0,18,1,5,0,1,0,0,0,0,1,1,6,1,56,9,-1,-1,-1,-1,10,1,-1,0
Unvalidated,2024991406992,2024,991406992,2,9,0,11,3,7,0,1,0,0,1,1,3,1,5,1,31,6,-1,-1,-1,-1,3,1,-1,0
Unvalidated,2024991407022,2024,991407022,1,9,0,7,3,5,1,0,0,0,0,0,1,1,5,3,-1,-1,-1,-1,-1,-1,-1,-1,-1,0
Unvalidated,2024991407022,2024,991407022,2,1,0,18,3,7,1,0,0,0,0,0,4,1,5,1,25,5,-1,-1,-1,-1,8,1,-1,0
Unvalidated,2024991407032,2024,991407032,1,9,0,9,7,5,0,8,0,0,0,0,0,1,1,1,22,5,-1,-1,-1,-1,1,1,-1,0
Unvalidated,2024991407032,2024,991407032,2,9,0,18,5,1,0,8,1,0,7,11,1,1,5,1,18,4,-1,-1,-1,-1,2,1,-1,0
Unvalidated,2024991407063,2024,991407063,1,9,0,18,1,3,0,8,0,0,0,0,1,1,6,2,49,8,-1,-1,-1,-1,-1,-1,-1,0
Unvalidated,2024991407063,2024,991407063,2,9,0,10,1,3,0,5,0,0,0,0,2,1,5,2,44,7,-1,-1,-1,-1,-1,-1,-1,0
Unvalidated,2024991407216,2024,991407216,1,9,0,18,5,1,0,0,0,4,0,0,1,1,5,1,79,11,-1,-1,-1,-1,8,3,-1,0
Unvalidated,2024991407216,2024,991407216,2,21,1,2,5,1,0,0,0,0,0,0,4,1,1,1,53,8,-1,-1,-1,-1,5,3,-1,0
Unvalidated,2024991407220,2024,991407220,1,9,0,7,7,2,0,5,0,0,7,0,1,1,6,1,32,6,-1,-1,-1,-1,2,1,-1,0
Unvalidated,2024991407220,2024,991407220,2,11,0,18,7,3,2,5,0,0,0,0,3,1,1,1,40,7,-1,-1,-1,-1,1,1,-1,0
Unvalidated,2024991407255,2024,991407255,1,21,0,16,3,6,0,0,0,0,0,0,3,1,1,1,32,6,-1,-1,-1,-1,-1,-1,-1,0
Unvalidated,2024991407255,2024,991407255,2,8,0,16,6,3,0,0,0,0,1,4,3,1,1,1,67,10,-1,-1,-1,-1,8,3,-1,0
Unvalidated,2024991407355,2024,991407355,1,1,0,18,4,7,0,8,0,0,0,0,1,1,6,1,22,5,-1,-1,-1,-1,3,1,-1,0
Unvalidated,2024991407355,2024,991407355,2,9,0,18,2,6,0,8,0,0,0,0,4,1,6,1,50,8,-1,-1,-1,-1,3,1,-1,0
Unvalidated,2024991407357,2024,991407357,1,9,0,7,8,3,0,1,0,0,1,0,4,1,6,3,65,9,-1,-1,-1,-1,-1,-1,-1,0
Unvalidated,2024991407357,2024,991407357,2,1,0,18,1,4,4,1,0,0,0,0,3,1,1,1,36,7,-1,-1,-1,-1,-1,-1,-1,0
Unvalidated,2024991407368,2024,991407368,1,19,0,9,3,7,0,7,0,0,0,0,4,1,1,1,35,6,-1,-1,-1,-1,8,1,-1,0
Unvalidated,2024991407368,2024,991407368,2,9,0,18,6,2,0,1,0,0,0,0,4,1,6,2,46,8,-1,-1,-1,-1,10,3,-1,0
Unvalidated,2024991407379,2024,991407379,1,9,0,4,1,3,0,1,0,0,0,0,1,1,5,1,79,11,-1,-1,-1,-1,9,1,-1,0
Unvalidated,2024991407384,2024,991407384,1,9,0,9,3,1,0,5,0,0,0,0,1,1,2,2,51,8,-1,-1,-1,-1,2,1,-1,0
Unvalidated,2024991407393,2024,991407393,1,11,0,4,6,3,0,1,0,0,0,0,4,1,1,2,58,9,-1,-1,-1,-1,2,1,-1,0
Unvalidated,2024991407408,2024,991407408,1,5,0,18,5,1,0,0,1,0,1,0,4,1,5,1,62,9,-1,-1,-1,-1,5,3,-1,0
Unvalidated,2024991407521,2024,991407521,1,9,0,18,2,6,0,0,1,0,0,0,0,1,6,3,30,6,-1,-1,-1,-1,-1,-1,-1,0
Unvalidated,2024991407521,2024,991407521,2,9,0,18,6,2,0,0,1,0,1,0,1,1,6,1,39,7,-1,-1,-1,-1,8,2,-1,0
Unvalidated,2024991407533,2024,991407533,1,9,0,18,3,6,0,1,0,7,6,0,1,1,6,1,39,7,-1,-1,-1,-1,3,1,-1,0
Unvalidated,2024991407539,2024,991407539,1,8,0,15,5,1,0,0,0,0,0,0,3,2,1,1,57,9,-1,-1,-1,-1,3,1,-1,0
Unvalidated,2024991407666,2024,991407666,1,1,0,7,5,6,0,1,1,0,0,0,4,1,6,2,40,7,-1,-1,-1,-1,5,1,-1,0
Unvalidated,2024991407707,2024,991407707,1,11,0,4,5,1,0,2,0,0,0,0,1,1,1,1,63,9,-1,-1,-1,-1,-1,-1,-1,0
Unvalidated,2024991407707,2024,991407707,2,9,0,3,5,1,0,2,0,0,0,0,2,1,5,1,66,10,-1,-1,-1,-1,6,1,-1,0
Unvalidated,2024991407715,2024,991407715,1,9,0,18,1,5,0,0,0,0,0,0,1,1,2,1,46,8,-1,-1,-1,-1,9,1,-1,0
Unvalidated,2024991407744,2024,991407744,1,9,0,18,5,1,0,2,0,0,0,0,1,1,5,2,54,8,-1,-1,-1,-1,2,1,-1,0
Unvalidated,2024991407746,2024,991407746,1,1,0,18,3,7,0,0,0,0,0,0,4,1,5,1,20,4,-1,-1,-1,-1,2,2,-1,0
Unvalidated,2024991407761,2024,991407761,1,1,0,9,3,1,0,2,0,0,0,0,3,1,5,1,30,6,-1,-1,-1,-1,10,1,-1,0
Unvalidated,2024991407761,2024,991407761,2,9,0,18,1,4,0,1,0,0,0,0,1,1,5,1,59,9,-1,-1,-1,-1,-1,-1,-1,0
Unvalidated,2024991407768,2024,991407768,1,9,0,18,5,1,0,1,0,0,0,0,1,1,6,3,-1,-1,-1,-1,-1,-1,-1,-1,-1,0
Unvalidated,2024991407775,2024,991407775,1,9,0,9,1,6,0,0,0,0,0,0,3,1,5,1,49,8,-1,-1,-1,-1,5,3,-1,0
Unvalidated,2024991407793,2024,991407793,1,9,0,18,5,1,0,1,0,0,7,0,1,1,6,1,27,6,-1,-1,-1,-1,9,1,E01000446,0
Unvalidated,2024991407793,2024,991407793,2,20,0,10,5,2,0,8,0,0,7,0,2,1,1,1,59,9,-1,-1,-1,-1,8,2,-1,0
Unvalidated,2024991407802,2024,991407802,1,9,0,18,3,7,0,0,0,0,0,0,4,1,5,1,22,5,-1,-1,-1,-1,5,1,-1,0
Unvalidated,2024991407865,2024,991407865,1,9,0,18,1,5,0,0,1,0,0,0,1,1,6,1,34,6,-1,-1,-1,-1,-1,-1,-1,0
Unvalidated,2024991407865,2024,991407865,2,9,0,18,5,1,0,0,0,0,0,0,1,1,6,1,59,9,-1,-1,-1,-1,7,1,-1,0
Unvalidated,2024991407870,2024,991407870,1,9,0,9,3,1,0,6,0,0,0,0,1,1,1,1,41,7,-1,-1,-1,-1,1,1,-1,0
Unvalidated,2024991407870,2024,991407870,2,9,0,18,1,5,0,1,0,0,0,0,4,1,1,1,48,8,-1,-1,-1,-1,6,3,-1,0
Unvalidated,2024991407870,2024,991407870,3,21,0,18,5,1,0,1,0,0,0,0,3,1,1,1,55,8,-1,-1,-1,-1,6,3,-1,0
Unvalidated,2024991407875,2024,991407875,1,9,0,18,6,2,0,0,0,0,0,0,1,1,6,1,25,5,-1,-1,-1,-1,7,3,-1,0
Unvalidated,2024991407875,2024,991407875,2,19,0,18,2,6,0,0,0,0,0,0,1,1,6,1,54,8,-1,-1,-1,-1,7,3,-1,0
Unvalidated,2024991407908,2024,991407908,1,19,0,4,6,2,0,1,0,0,0,0,1,1,1,1,25,5,-1,-1,-1,-1,-1,-1,-1,0
Unvalidated,2024991407908,2024,991407908,2,19,0,3,6,2,0,1,0,0,0,0,2,1,1,1,30,6,-1,-1,-1,-1,4,1,-1,0
Unvalidated,2024991407932,2024,991407932,1,2,0,15,3,7,0,8,2,0,0,0,1,1,5,1,16,4,-1,-1,-1,-1,3,2,-1,0
Unvalidated,2024991407932,2024,991407932,2,9,0,9,5,3,0,8,0,0,0,0,1,1,2,2,44,7,-1,-1,-1,-1,9,3,-1,0
Unvalidated,2024991407932,2024,991407932,3,9,0,8,3,5,0,1,0,0,0,0,1,1,5,1,33,6,-1,-1,-1,-1,-1,-1,-1,0
Unvalidated,2024991407966,2024,991407966,1,9,0,18,8,4,0,0,0,4,0,0,1,2,6,1,35,6,-1,-1,-1,-1,5,3,-1,0
Unvalidated,2024991407966,2024,991407966,2,9,0,5,8,4,0,0,0,0,0,0,2,2,2,1,21,5,-1,-1,-1,-1,6,3,-1,0
Unvalidated,2024991408096,2024,991408096,1,90,0,18,6,3,0,0,0,0,0,0,4,1,1,1,59,9,-1,-1,-1,-1,6,1,-1,0
Unvalidated,2024991408115,2024,991408115,1,9,0,18,5,1,0,8,0,0,1,0,3,1,5,1,18,4,-1,-1,-1,-1,7,1,-1,0
Unvalidated,2024991408115,2024,991408115,2,11,0,18,3,7,0,8,0,0,7,0,1,1,1,1,46,8,-1,-1,-1,-1,-1,-1,-1,0
Unvalidated,2024991408124,2024,991408124,1,9,0,18,3,7,0,2,0,0,0,0,1,1,3,2,43,7,-1,-1,-1,-1,9,2,-1,0
Unvalidated,2024991408135,2024,991408135,1,1,0,18,7,3,0,0,0,0,0,0,1,1,1,3,30,6,-1,-1,-1,-1,-1,-1,-1,0
Unvalidated,2024991408138,2024,991408138,1,9,0,18,7,3,0,6,0,0,0,0,1,1,2,2,38,7,-1,-1,-1,-1,8,3,-1,0
Unvalidated,2024991408203,2024,991408203,1,9,0,18,6,2,0,0,5,0,1,10,4,1,2,1,43,7,-1,-1,-1,-1,5,2,-1,0