status,collision_index,collision_year,collision_reference,vehicle_reference,vehicle_type,towing_and_articulation,vehicle_manoeuvre,vehicle_direction_from,vehicle_direction_to,vehicle_location_restricted_lane,junction_location,skidding_and_overturning,hit_object_in_carriageway,vehicle_leaving_carriageway,hit_object_off_carriageway,first_point_of_impact,vehicle_left_hand_drive,journey_purpose_of_driver,sex_of_driver,age_of_driver,age_band_of_driver,engine_capacity_cc,propulsion_code,age_of_vehicle,generic_make_model,driver_imd_decile,driver_home_area_type,lsoa_of_driver,escooter_flag
Unvalidated,2024991411345,2024,991411345,3,9,0,3,5,1,0,8,0,0,0,0,2,1,6,1,23,5,-1,-1,-1,-1,-1,-1,-1,0
Unvalidated,2024991411345,2024,991411345,4,9,0,10,5,3,0,5,0,0,0,0,2,1,5,1,27,6,-1,-1,-1,-1,-1,-1,-1,0
Unvalidated,2024991411391,2024,991411391,1,9,0,12,3,6,0,0,0,0,0,0,3,1,2,1,47,8,-1,-1,-1,-1,9,1,-1,0
Unvalidated,2024991411391,2024,991411391,2,9,0,18,3,6,0,0,1,0,6,4,4,1,6,1,35,6,-1,-1,-1,-1,6,1,-1,0
Unvalidated,2024991411412,2024,991411412,1,9,0,18,7,3,0,0,0,0,0,0,1,1,2,2,61,9,-1,-1,-1,-1,8,3,-1,0
Unvalidated,2024991411412,2024,991411412,2,9,0,18,7,3,0,0,0,0,0,0,2,1,6,2,38,7,-1,-1,-1,-1,8,3,-1,0
Unvalidated,2024991411443,2024,991411443,1,9,0,9,1,5,0,1,0,0,0,0,1,1,5,1,38,7,-1,-1,-1,-1,2,2,-1,0
Unvalidated,2024991411553,2024,991411553,1,9,0,18,7,3,0,0,0,11,0,0,1,1,5,1,64,9,-1,-1,-1,-1,3,1,-1,0
Unvalidated,2024991411565,2024,991411565,1,9,0,18,6,1,0,0,0,0,0,0,1,1,6,1,43,7,-1,-1,-1,-1,6,1,-1,0
Unvalidated,2024991411565,2024,991411565,2,9,0,18,6,1,0,0,0,0,0,0,2,1,6,2,45,7,-1,-1,-1,-1,6,3,-1,0
Unvalidated,2024991411641,2024,991411641,1,9,0,5,8,6,0,6,0,0,0,0,3,1,5,1,63,9,-1,-1,-1,-1,10,2,-1,0
Unvalidated,2024991411641,2024,991411641,2,5,0,18,6,2,0,1,0,0,0,0,1,1,5,1,42,7,-1,-1,-1,-1,4,1,-1,0
Unvalidated,2024991411735,2024,991411735,1,9,0,5,3,7,0,6,0,0,0,0,1,1,6,2,28,6,-1,-1,-1,-1,1,1,-1,0
Unvalidated,2024991411735,2024,991411735,2,90,0,3,5,1,0,8,0,0,0,0,4,1,6,1,58,9,-1,-1,-1,-1,-1,-1,-1,0
Unvalidated,2024991411736,2024,991411736,1,19,0,18,2,6,0,1,0,0,0,0,1,2,2,1,55,8,-1,-1,-1,-1,1,1,-1,0
Unvalidated,2024991411738,2024,991411738,1,9,0,18,2,7,0,0,1,4,1,0,1,1,5,1,20,4,-1,-1,-1,-1,6,1,-1,0
Unvalidated,2024991411738,2024,991411738,2,90,0,2,0,0,0,0,0,0,0,0,2,1,6,2,66,10,-1,-1,-1,-1,2,1,-1,0
Unvalidated,2024991411762,2024,991411762,1,9,0,18,6,2,0,0,1,0,1,0,1,1,5,1,19,4,-1,-1,-1,-1,5,3,-1,0
Unvalidated,2024991411786,2024,991411786,1,19,0,9,1,7,0,6,0,0,0,0,1,1,5,1,45,7,-1,-1,-1,-1,8,1,-1,0
Unvalidated,2024991411786,2024,991411786,2,9,0,18,7,3,0,8,0,0,0,0,4,2,5,2,46,8,-1,-1,-1,-1,-1,3,-1,0
Unvalidated,2024991411789,2024,991411789,1,9,0,18,4,8,0,0,0,0,0,0,3,1,2,1,61,9,-1,-1,-1,-1,7,2,-1,0
Unvalidated,2024991411789,2024,991411789,2,9,0,18,8,3,0,0,0,0,0,0,3,1,5,2,66,10,-1,-1,-1,-1,6,3,-1,0
Unvalidated,2024991411838,2024,991411838,1,9,0,1,1,5,0,0,0,0,0,0,2,1,6,3,30,6,-1,-1,-1,-1,-1,-1,-1,0
Unvalidated,2024991411939,2024,991411939,1,1,0,18,1,5,0,8,0,0,0,0,4,1,6,1,34,6,-1,-1,-1,-1,1,1,-1,0
Unvalidated,2024991411939,2024,991411939,2,9,0,18,3,7,0,8,0,0,0,0,1,1,2,1,52,8,-1,-1,-1,-1,-1,-1,-1,0
Unvalidated,2024991412000,2024,991412000,1,9,0,7,8,2,0,1,0,0,1,0,2,1,5,2,82,11,-1,-1,-1,-1,-1,-1,-1,0
Unvalidated,2024991412000,2024,991412000,2,9,0,18,8,4,0,1,0,0,0,0,1,1,5,1,31,6,-1,-1,-1,-1,-1,-1,-1,0
Unvalidated,2024991412054,2024,991412054,1,8,0,18,5,8,0,0,0,0,0,0,1,1,1,1,65,9,-1,-1,-1,-1,4,1,-1,0
Unvalidated,2024991412061,2024,991412061,1,1,0,18,2,5,0,1,0,0,0,0,3,1,2,1,46,8,-1,-1,-1,-1,-1,-1,-1,0
Unvalidated,2024991412061,2024,991412061,2,9,0,18,8,4,0,2,0,0,0,0,1,1,2,2,20,4,-1,-1,-1,-1,6,2,-1,0
Unvalidated,2024991412069,2024,991412069,1,9,0,18,3,7,0,0,2,0,7,0,1,1,1,2,37,7,-1,-1,-1,-1,5,2,-1,0
Unvalidated,2024991412078,2024,991412078,1,21,1,18,4,8,0,0,0,0,7,0,1,1,1,1,61,9,-1,-1,-1,-1,2,1,E01007849,0
Unvalidated,2024991412086,2024,991412086,1,9,0,18,4,8,0,0,0,0,0,0,1,1,1,1,80,11,-1,-1,-1,-1,2,2,-1,0
Unvalidated,2024991412132,2024,991412132,1,9,0,18,2,6,0,0,0,0,0,0,1,1,5,2,19,4,-1,-1,-1,-1,-1,-1,-1,0
Unvalidated,2024991412132,2024,991412132,2,9,0,18,2,6,0,0,0,0,0,0,2,1,6,1,33,6,-1,-1,-1,-1,5,1,-1,0
Unvalidated,2024991412160,2024,991412160,1,9,0,9,5,2,0,2,0,0,0,0,1,1,2,1,54,8,-1,-1,-1,-1,-1,-1,-1,0
Unvalidated,2024991412182,2024,991412182,1,9,0,9,3,1,0,5,0,0,0,0,4,1,5,1,39,7,-1,-1,-1,-1,5,1,-1,0
Unvalidated,2024991412182,2024,991412182,2,9,0,18,6,3,0,8,0,0,0,0,1,1,5,2,34,6,-1,-1,-1,-1,1,1,-1,0
Unvalidated,2024991412281,2024,991412281,1,9,0,18,5,1,0,0,5,0,1,0,1,1,5,2,34,6,-1,-1,-1,-1,6,3,-1,0
Unvalidated,2024991412383,2024,991412383,1,9,0,5,7,3,0,8,0,0,0,0,4,2,2,2,45,7,-1,-1,-1,-1,3,1,-1,0
Unvalidated,2024991412383,2024,991412383,2,9,0,5,1,5,0,8,0,0,0,0,1,1,2,1,63,9,-1,-1,-1,-1,6,1,-1,0
Unvalidated,2024991412422,2024,991412422,1,90,0,16,6,1,0,0,1,4,0,0,1,1,5,1,30,6,-1,-1,-1,-1,2,1,-1,0
Unvalidated,2024991412422,2024,991412422,2,9,0,2,0,0,0,0,0,0,0,0,2,1,6,3,-1,-1,-1,-1,-1,-1,-1,-1,-1,0
Unvalidated,2024991412422,2024,991412422,3,9,0,2,0,0,0,0,0,0,0,0,2,1,6,3,-1,-1,-1,-1,-1,-1,-1,-1,-1,0
Unvalidated,2024991412422,2024,991412422,4,9,0,2,0,0,0,0,0,4,0,0,2,1,6,3,-1,-1,-1,-1,-1,-1,-1,-1,-1,0
Unvalidated,2024991412473,2024,991412473,1,5,0,14,3,7,0,8,5,0,0,0,1,1,2,1,47,8,-1,-1,-1,-1,3,1,-1,0
Unvalidated,2024991412473,2024,991412473,2,9,0,9,7,6,0,8,0,0,0,0,1,1,3,2,53,8,-1,-1,-1,-1,-1,3,-1,0
Unvalidated,2024991412473,2024,991412473,3,9,0,4,3,7,0,1,0,0,0,0,0,1,6,1,28,6,-1,-1,-1,-1,-1,-1,-1,0
Unvalidated,2024991412544,2024,991412544,1,9,0,12,5,1,6,0,0,0,1,2,4,1,5,2,65,9,-1,-1,-1,-1,2,2,-1,0
Unvalidated,2024991412544,2024,991412544,2,9,0,18,5,1,0,0,0,0,0,0,3,1,5,1,22,5,-1,-1,-1,-1,6,2,-1,0
Unvalidated,2024991412571,2024,991412571,1,9,0,4,1,1,0,4,0,0,0,0,2,1,6,1,45,7,-1,-1,-1,-1,4,1,-1,0
Unvalidated,2024991412571,2024,991412571,2,9,0,4,6,2,0,4,0,0,0,0,1,1,6,1,72,10,-1,-1,-1,-1,-1,-1,-1,0
Unvalidated,2024991412580,2024,991412580,1,9,0,18,8,4,0,0,0,0,0,0,1,1,2,2,61,9,-1,-1,-1,-1,7,1,-1,0
Unvalidated,2024991412580,2024,991412580,2,9,0,18,4,8,0,0,1,0,1,0,1,1,6,1,73,10,-1,-1,-1,-1,3,1,-1,0
Unvalidated,2024991412597,2024,991412597,1,9,0,14,2,6,0,0,0,4,0,0,1,1,6,2,68,10,-1,-1,-1,-1,9,3,-1,0
Unvalidated,2024991412597,2024,991412597,2,19,0,2,2,6,0,0,0,0,0,0,2,1,6,3,-1,-1,-1,-1,-1,-1,-1,-1,-1,0
Unvalidated,2024991412614,2024,991412614,1,19,0,9,2,7,0,1,1,0,0,0,1,1,5,1,29,6,-1,-1,-1,-1,3,2,-1,0
Unvalidated,2024991412614,2024,991412614,2,19,0,18,5,1,0,1,1,0,0,0,1,1,1,2,38,7,-1,-1,-1,-1,4,2,-1,0
Unvalidated,2024991412625,2024,991412625,1,9,0,5,3,7,0,1,0,0,0,0,1,1,6,1,61,9,-1,-1,-1,-1,-1,-1,-1,0
Unvalidated,2024991412634,2024,991412634,1,97,0,18,6,2,0,1,0,0,0,0,1,1,6,1,23,5,-1,-1,-1,-1,5,1,-1,0
Unvalidated,2024991412634,2024,991412634,2,9,0,5,4,2,0,6,0,0,0,0,4,1,5,1,65,9,-1,-1,-1,-1,1,1,-1,0
Unvalidated,2024991412652,2024,991412652,1,9,0,18,5,1,0,0,1,0,1,0,1,1,6,1,20,4,-1,-1,-1,-1,10,1,-1,0
Unvalidated,2024991412689,2024,991412689,1,9,0,18,1,5,0,1,0,0,0,0,1,1,6,1,41,7,-1,-1,-1,-1,2,1,E01019199,0
Unvalidated,2024991412689,2024,991412689,2,9,0,4,1,5,0,1,0,0,0,0,2,1,6,1,43,7,-1,-1,-1,-1,4,3,-1,0
Unvalidated,2024991412689,2024,991412689,3,21,1,9,2,1,0,8,0,0,0,0,0,1,1,1,63,9,-1,-1,-1,-1,7,3,-1,0
Unvalidated,2024991412718,2024,991412718,1,19,0,11,8,5,0,0,0,0,1,0,1,1,1,1,63,9,-1,-1,-1,-1,5,1,E01031105,0
Unvalidated,2024991412732,2024,991412732,1,9,0,7,2,4,0,2,0,0,0,0,1,1,5,2,35,6,-1,-1,-1,-1,1,2,-1,0
Unvalidated,2024991412732,2024,991412732,2,9,0,18,4,8,0,1,0,0,0,0,1,1,5,2,57,9,-1,-1,-1,-1,1,2,-1,0
Unvalidated,2024991412732,2024,991412732,3,9,0,2,0,0,0,2,0,0,0,0,2,1,6,3,-1,-1,-1,-1,-1,-1,-1,-1,-1,0
Unvalidated,2024991412893,2024,991412893,1,9,0,18,5,1,0,0,0,0,0,0,1,1,6,1,43,7,-1,-1,-1,-1,9,2,-1,0
Unvalidated,2024991412893,2024,991412893,2,9,0,18,5,1,0,0,0,0,0,0,1,1,1,2,20,4,-1,-1,-1,-1,9,2,-1,0
Unvalidated,2024991412898,2024,991412898,1,98,0,18,4,8,0,0,0,0,0,0,1,1,1,1,21,5,-1,-1,-1,-1,8,3,-1,0
Unvalidated,2024991412917,2024,991412917,1,9,0,12,7,3,0,0,0,0,4,6,3,1,5,1,27,6,-1,-1,-1,-1,3,1,E01006246,0
Unvalidated,2024991412917,2024,991412917,2,9,0,18,7,3,0,0,0,0,0,0,0,1,5,2,36,7,-1,-1,-1,-1,6,1,-1,0
Unvalidated,2024991412926,2024,991412926,1,9,0,18,1,4,0,0,0,4,0,0,1,1,5,1,78,11,-1,-1,-1,-1,7,3,-1,0
Unvalidated,2024991412926,2024,991412926,2,21,1,2,0,0,0,0,0,0,0,0,1,1,1,1,54,8,-1,-1,-1,-1,10,1,-1,0
Unvalidated,2024991412966,2024,991412966,1,9,0,18,2,6,0,2,0,0,0,0,3,1,2,1,58,9,-1,-1,-1,-1,3,1,E01019221,0
Unvalidated,2024991412979,2024,991412979,1,9,0,9,5,3,0,1,0,0,0,0,1,1,1,1,76,11,-1,-1,-1,-1,-1,-1,-1,0
Unvalidated,2024991413043,2024,991413043,1,9,0,4,7,3,0,1,0,0,0,0,1,1,6,2,-1,-1,-1,-1,-1,-1,-1,-1,-1,0
Unvalidated,2024991413043,2024,991413043,2,9,0,3,7,3,0,1,0,0,0,0,2,1,5,2,47,8,-1,-1,-1,-1,6,2,-1,0
Unvalidated,2024991413063,2024,991413063,1,9,0,18,1,5,0,0,1,0,1,7,1,1,6,1,60,9,-1,-1,-1,-1,5,3,-1,0
Unvalidated,2024991413063,2024,991413063,2,9,0,18,1,5,0,0,1,0,0,0,2,1,2,1,36,7,-1,-1,-1,-1,5,2,-1,0
Unvalidated,2024991413066,2024,991413066,1,9,0,18,1,4,0,0,2,0,1,0,1,1,2,1,41,7,-1,-1,-1,-1,1,1,-1,0
Unvalidated,2024991413070,2024,991413070,1,9,0,18,1,5,0,0,1,0,4,6,4,1,1,1,48,8,-1,-1,-1,-1,7,1,-1,0
Unvalidated,2024991413070,2024,991413070,2,9,0,18,1,5,0,0,1,0,0,0,3,1,1,1,27,6,-1,-1,-1,-1,3,1,-1,0
Unvalidated,2024991413070,2024,991413070,3,9,0,18,1,5,0,0,1,0,5,6,1,1,1,1,32,6,-1,-1,-1,-1,8,1,-1,0
Unvalidated,2024991413089,2024,991413089,1,9,0,18,3,6,5,5,0,0,7,0,1,1,5,2,41,7,-1,-1,-1,-1,5,1,-1,0
Unvalidated,2024991413097,2024,991413097,1,19,0,13,2,6,0,8,0,0,0,0,3,1,5,1,36,7,-1,-1,-1,-1,6,3,-1,0
Unvalidated,2024991413097,2024,991413097,2,9,0,18,6,2,0,8,0,0,0,0,3,1,2,1,34,6,-1,-1,-1,-1,5,1,-1,0
Unvalidated,2024991413097,2024,991413097,3,9,0,18,2,6,0,8,0,0,0,0,3,1,1,1,39,7,-1,-1,-1,-1,6,3,-1,0
Unvalidated,2024991413103,2024,991413103,1,9,0,18,3,1,0,0,0,0,0,0,1,1,6,2,47,8,-1,-1,-1,-1,3,1,-1,0
Unvalidated,2024991413103,2024,991413103,2,9,0,18,1,3,0,0,0,0,0,0,1,1,6,1,29,6,-1,-1,-1,-1,3,1,-1,0
Unvalidated,2024991413223,2024,991413223,1,9,0,5,8,6,0,2,0,0,0,0,1,1,6,2,31,6,-1,-1,-1,-1,8,3,-1,0
Unvalidated,2024991413232,2024,991413232,1,9,0,13,4,8,0,0,0,0,0,0,1,1,5,1,19,4,-1,-1,-1,-1,-1,-1,-1,0
Unvalidated,2024991413232,2024,991413232,2,9,0,9,4,8,0,0,0,0,0,0,2,1,5,1,23,5,-1,-1,-1,-1,-1,-1,-1,0
Unvalidated,2024991413247,2024,991413247,1,9,0,18,4,7,0,2,0,0,0,0,1,1,6,1,27,6,-1,-1,-1,-1,5,1,-1,0
Unvalidated,2024991413247,2024,991413247,2,9,0,18,7,7,0,2,0,0,0,0,2,1,6,2,29,6,-1,-1,-1,-1,1,1,-1,0
Unvalidated,2024991413253,2024,991413253,1,9,0,18,2,6,0,0,0,4,0,0,1,1,5,2,73,10,-1,-1,-1,-1,5,3,-1,0
Unvalidated,2024991413253,2024,991413253,2,9,4,2,0,0,0,0,0,0,0,0,2,1,6,3,-1,-1,-1,-1,-1,-1,-1,-1,-1,0
Unvalidated,2024991413326,2024,991413326,1,9,0,18,6,1,0,4,0,0,0,0,1,1,2,1,53,8,-1,-1,-1,-1,-1,-1,-1,0
Unvalidated,2024991413326,2024,991413326,2,1,0,18,4,1,0,3,0,0,0,0,2,1,2,2,62,9,-1,-1,-1,-1,-1,-1,-1,0
Unvalidated,2024991413342,2024,991413342,1,9,0,7,6,1,0,6,0,0,0,0,3,1,6,1,27,6,-1,-1,-1,-1,9,1,-1,0
Unvalidated,2024991413342,2024,991413342,2,9,0,18,4,1,0,1,0,0,0,0,1,1,6,2,54,8,-1,-1,-1,-1,6,1,-1,0
Unvalidated,2024991413354,2024,991413354,1,9,0,4,2,5,0,1,0,0,0,0,1,1,6,1,81,11,-1,-1,-1,-1,10,2,-1,0
Unvalidated,2024991413354,2024,991413354,2,9,0,3,2,5,0,1,0,0,0,0,2,2,6,1,56,9,-1,-1,-1,-1,4,1,-1,0
Unvalidated,2024991413369,2024,991413369,1,5,0,9,2,8,0,8,1,0,0,0,3,1,6,1,31,6,-1,-1,-1,-1,3,1,-1,0
Unvalidated,2024991413418,2024,991413418,1,9,0,18,2,6,0,1,0,0,0,0,4,1,6,3,30,6,-1,-1,-1,-1,-1,-1,-1,0
Unvalidated,2024991413428,2024,991413428,1,8,0,6,8,7,0,0,0,0,1,0,3,1,1,1,26,6,-1,-1,-1,-1,-1,-1,-1,0
Unvalidated,2024991413428,2024,991413428,2,1,0,18,7,3,0,0,0,0,0,0,3,1,6,1,49,8,-1,-1,-1,-1,-1,-1,-1,0
Unvalidated,2024991413442,2024,991413442,1,9,0,7,5,7,0,0,0,12,0,0,1,1,6,2,65,9,-1,-1,-1,-1,-1,-1,-1,0
Unvalidated,2024991413484,2024,991413484,1,9,0,18,2,6,0,0,0,0,1,7,1,1,5,1,41,7,-1,-1,-1,-1,4,1,-1,0
Unvalidated,2024991413491,2024,991413491,1,9,0,18,3,7,0,0,0,0,0,0,1,1,5,1,19,4,-1,-1,-1,-1,6,3,-1,0
Unvalidated,2024991413491,2024,991413491,2,9,0,18,7,3,0,0,0,0,1,0,1,1,1,1,56,9,-1,-1,-1,-1,5,2,-1,0
Unvalidated,2024991413578,2024,991413578,1,9,0,18,1,5,0,0,0,12,0,0,1,1,1,1,48,8,-1,-1,-1,-1,4,1,-1,0
Unvalidated,2024991413629,2024,991413629,1,9,0,7,3,4,8,6,0,0,0,0,1,1,6,3,35,6,-1,-1,-1,-1,-1,-1,-1,0
Unvalidated,2024991413629,2024,991413629,2,1,0,18,1,4,0,1,0,0,0,0,1,1,5,1,20,4,-1,-1,-1,-1,-1,-1,-1,0
Unvalidated,2024991413646,2024,991413646,1,9,0,18,5,1,0,0,0,0,0,0,3,1,6,1,65,9,-1,-1,-1,-1,1,1,-1,0
Unvalidated,2024991413663,2024,991413663,1,9,0,18,4,8,0,8,0,0,0,0,1,1,5,2,38,7,-1,-1,-1,-1,6,1,-1,0
Unvalidated,2024991413663,2024,991413663,2,9,0,18,2,6,0,1,0,0,7,11,4,1,5,2,41,7,-1,-1,-1,-1,3,1,-1,0
Unvalidated,2024991413682,2024,991413682,1,9,0,9,7,5,0,8,0,0,0,0,4,1,5,1,35,6,-1,-1,-1,-1,8,1,-1,0
Unvalidated,2024991413708,2024,991413708,1,9,0,6,7,7,0,1,0,0,0,0,3,1,6,1,68,10,-1,-1,-1,-1,1,1,-1,0
Unvalidated,2024991413708,2024,991413708,2,9,0,18,7,3,0,1,0,0,0,0,1,1,5,2,19,4,-1,-1,-1,-1,10,1,-1,0
Unvalidated,2024991413708,2024,991413708,3,9,0,18,7,3,0,1,0,0,0,0,3,1,6,2,54,8,-1,-1,-1,-1,2,1,-1,0
Unvalidated,2024991413708,2024,991413708,4,9,0,2,0,0,0,1,0,0,0,0,4,1,6,3,-1,-1,-1,-1,-1,-1,-1,-1,-1,0
Unvalidated,2024991413708,2024,991413708,5,9,0,2,0,0,0,1,0,0,0,0,3,1,6,3,-1,-1,-1,-1,-1,-1,-1,-1,-1,0
Unvalidated,2024991413721,2024,991413721,1,11,0,18,1,5,0,0,0,0,0,0,0,1,1,1,25,5,-1,-1,-1,-1,1,1,-1,0
Unvalidated,2024991413722,2024,991413722,1,9,0,13,5,1,0,1,1,10,0,0,4,1,5,1,44,7,-1,-1,-1,-1,10,1,-1,0
Unvalidated,2024991413738,2024,991413738,1,9,0,18,8,5,0,4,5,9,1,0,4,1,6,1,61,9,-1,-1,-1,-1,-1,-1,-1,0
Unvalidated,2024991413753,2024,991413753,1,9,0,18,5,1,0,2,0,0,0,0,1,1,6,1,34,6,-1,-1,-1,-1,-1,-1,-1,0
Unvalidated,2024991413754,2024,991413754,1,10,0,18,3,7,0,1,0,0,0,0,1,1,5,1,37,7,-1,-1,-1,-1,1,1,-1,0
Unvalidated,2024991413754,2024,991413754,2,9,0,18,5,1,0,8,0,0,0,0,3,1,1,1,37,7,-1,-1,-1,-1,4,1,-1,0
Unvalidated,2024991413806,2024,991413806,1,5,0,18,8,5,0,1,0,0,0,0,4,1,6,1,25,5,-1,-1,-1,-1,3,1,-1,0
Unvalidated,2024991413806,2024,991413806,2,9,0,9,3,5,0,1,0,0,0,0,1,1,6,2,33,6,-1,-1,-1,-1,1,1,-1,0
Unvalidated,2024991413838,2024,991413838,1,19,0,3,7,3,0,0,0,0,0,0,2,1,1,1,40,7,-1,-1,-1,-1,1,1,-1,0
Unvalidated,2024991413838,2024,991413838,2,19,0,4,7,3,0,0,0,0,0,0,1,1,6,3,16,4,-1,-1,-1,-1,-1,-1,-1,0
Unvalidated,2024991413948,2024,991413948,1,5,0,7,5,6,0,5,1,0,0,0,3,1,1,1,32,6,-1,-1,-1,-1,4,1,-1,0
Unvalidated,2024991414001,2024,991414001,1,9,0,18,8,4,0,3,0,0,7,1,1,1,5,1,36,7,-1,-1,-1,-1,-1,1,-1,0
Unvalidated,2024991414002,2024,991414002,1,9,0,18,7,3,0,0,0,0,0,0,1,1,5,1,35,6,-1,-1,-1,-1,-1,-1,-1,0
Unvalidated,2024991414032,2024,991414032,1,9,0,18,3,7,0,0,1,10,1,11,1,1,2,1,45,7,-1,-1,-1,-1,5,3,-1,0
Unvalidated,2024991414041,2024,991414041,1,98,0,1,4,8,0,1,0,0,0,0,2,1,1,1,53,8,-1,-1,-1,-1,9,1,-1,0
Unvalidated,2024991414058,2024,991414058,1,9,0,18,8,4,0,1,1,0,0,0,1,1,6,2,28,6,-1,-1,-1,-1,4,2,-1,0
Unvalidated,2024991414058,2024,991414058,2,9,0,18,8,4,0,1,0,0,0,0,2,1,6,2,59,9,-1,-1,-1,-1,6,3,-1,0
Unvalidated,2024991414106,2024,991414106,1,9,0,18,2,7,0,8,0,0,0,0,3,1,3,1,44,7,-1,-1,-1,-1,1,1,-1,0
Unvalidated,2024991414106,2024,991414106,2,19,0,18,7,4,0,6,0,0,0,0,1,1,1,1,63,9,-1,-1,-1,-1,1,1,-1,0
Unvalidated,2024991414183,2024,991414183,1,9,0,18,7,4,0,8,0,4,0,0,1,1,6,1,27,6,-1,-1,-1,-1,9,1,-1,0
Unvalidated,2024991414183,2024,991414183,2,21,0,2,7,4,0,8,0,0,0,0,3,1,1,1,35,6,-1,-1,-1,-1,-1,-1,-1,0
Unvalidated,2024991414205,2024,991414205,1,19,0,5,2,7,0,8,0,0,0,0,1,1,1,1,33,6,-1,-1,-1,-1,3,1,-1,0
Unvalidated,2024991414205,2024,991414205,2,9,0,18,7,4,0,2,0,0,0,0,4,1,1,1,39,7,-1,-1,-1,-1,2,1,-1,0
Unvalidated,2024991414220,2024,991414220,1,19,0,9,2,4,0,2,0,0,0,0,1,1,1,1,37,7,-1,-1,-1,-1,6,2,-1,0
Unvalidated,2024991414221,2024,991414221,1,9,0,5,6,1,0,1,0,0,0,0,1,1,6,2,26,6,-1,-1,-1,-1,-1,-1,-1,0
Unvalidated,2024991414230,2024,991414230,1,3,0,7,1,5,0,2,2,10,7,0,3,1,6,1,15,3,-1,-1,-1,-1,9,3,-1,0
Unvalidated,2024991414230,2024,991414230,2,9,0,7,2,6,0,1,0,0,0,0,0,1,1,1,38,7,-1,-1,-1,-1,10,1,-1,0
Unvalidated,2024991414289,2024,991414289,1,21,0,11,2,7,0,0,0,0,0,0,4,1,1,1,26,6,-1,-1,-1,-1,-1,-1,-1,0
Unvalidated,2024991414289,2024,991414289,2,9,0,18,2,6,0,0,0,0,0,0,3,1,2,1,53,8,-1,-1,-1,-1,6,2,-1,0
Unvalidated,2024991414314,2024,991414314,1,9,0,18,3,7,0,0,0,0,0,0,1,1,5,1,76,11,-1,-1,-1,-1,8,1,-1,0
Unvalidated,2024991414314,2024,991414314,2,9,0,18,8,3,0,0,0,0,0,0,1,1,5,2,32,6,-1,-1,-1,-1,5,3,-1,0
Unvalidated,2024991414333,2024,991414333,1,11,0,18,1,4,2,6,0,0,0,0,4,1,1,1,61,9,-1,-1,-1,-1,3,1,-1,0
Unvalidated,2024991414348,2024,991414348,1,1,0,18,1,5,0,1,5,0,1,0,3,1,2,1,17,4,-1,-1,-1,-1,5,1,-1,0
Unvalidated,2024991414348,2024,991414348,2,9,0,18,7,3,0,1,0,0,0,0,1,1,6,2,48,8,-1,-1,-1,-1,9,1,-1,0
Unvalidated,2024991414353,2024,991414353,1,9,0,18,3,7,0,1,0,0,0,0,1,1,5,1,39,7,-1,-1,-1,-1,9,3,-1,0
Unvalidated,2024991414353,2024,991414353,2,9,0,9,7,5,0,5,0,0,0,0,4,1,6,1,30,6,-1,-1,-1,-1,9,1,-1,0
Unvalidated,2024991414354,2024,991414354,1,9,0,18,2,6,0,1,0,0,0,0,1,1,6,1,33,6,-1,-1,-1,-1,1,1,-1,0
Unvalidated,2024991414354,2024,991414354,2,9,0,18,3,6,0,1,0,0,0,0,2,1,1,1,70,10,-1,-1,-1,-1,2,1,-1,0
Unvalidated,2024991414354,2024,991414354,3,9,0,4,3,6,0,1,0,0,0,0,2,1,3,1,36,7,-1,-1,-1,-1,5,1,-1,0
Unvalidated,2024991414354,2024,991414354,4,9,0,4,3,6,0,1,0,0,0,0,2,1,2,2,43,7,-1,-1,-1,-1,-1,-1,-1,0
Unvalidated,2024991414371,2024,991414371,1,9,0,18,3,7,0,0,5,0,7,0,1,1,5,1,20,4,-1,-1,-1,-1,-1,-1,-1,0
Unvalidated,2024991414372,2024,991414372,1,8,0,18,7,3,0,0,0,0,0,0,1,1,1,1,60,9,-1,-1,-1,-1,1,1,-1,0
Unvalidated,2024991414372,2024,991414372,2,9,0,3,7,3,0,0,0,2,0,0,2,1,6,1,29,6,-1,-1,-1,-1,10,1,-1,0
Unvalidated,2024991414372,2024,991414372,3,9,0,18,8,3,0,0,0,2,0,0,2,1,5,1,62,9,-1,-1,-1,-1,1,1,-1,0
Unvalidated,2024991414382,2024,991414382,1,9,0,18,3,7,0,0,0,0,0,0,3,1,6,3,-1,-1,-1,-1,-1,-1,-1,-1,-1,0
Unvalidated,2024991414382,2024,991414382,2,9,0,18,7,3,0,0,0,6,1,0,3,1,6,1,23,5,-1,-1,-1,-1,3,2,-1,0
Unvalidated,2024991414395,2024,991414395,1,9,0,3,8,4,0,1,0,0,0,0,1,1,5,2,19,4,-1,-1,-1,-1,9,1,-1,0
Unvalidated,2024991414395,2024,991414395,2,9,0,3,8,4,0,1,0,0,0,0,2,1,5,1,77,11,-1,-1,-1,-1,8,1,-1,0
Unvalidated,2024991414555,2024,991414555,1,19,0,18,8,4,0,0,1,0,0,0,1,1,1,1,38,7,-1,-1,-1,-1,7,1,-1,0
Unvalidated,2024991414555,2024,991414555,2,9,0,3,8,4,0,0,0,0,0,0,2,1,6,1,37,7,-1,-1,-1,-1,3,1,-1,0
Unvalidated,2024991414664,2024,991414664,1,19,0,9,5,7,0,2,0,0,0,0,1,1,6,3,30,6,-1,-1,-1,-1,-1,-1,-1,0
Unvalidated,2024991414729,2024,991414729,1,9,0,18,5,1,0,1,0,0,0,0,1,1,5,2,82,11,-1,-1,-1,-1,3,1,-1,0
Unvalidated,2024991414729,2024,991414729,2,9,0,18,1,5,0,2,0,0,1,0,1,1,2,1,40,7,-1,-1,-1,-1,9,2,-1,0
Unvalidated,2024991414761,2024,991414761,1,9,0,13,2,6,0,0,0,0,0,0,0,1,6,1,27,6,-1,-1,-1,-1,4,3,-1,0
Unvalidated,2024991414761,2024,991414761,2,9,0,18,6,2,0,0,0,0,0,0,1,1,5,1,69,10,-1,-1,-1,-1,3,2,-1,0
Unvalidated,2024991414761,2024,991414761,3,9,0,18,2,6,0,0,0,0,1,0,1,1,5,1,70,10,-1,-1,-1,-1,5,2,-1,0
Unvalidated,2024991414767,2024,991414767,1,9,0,9,5,3,0,1,0,0,0,0,1,1,6,2,19,4,-1,-1,-1,-1,9,3,-1,0