status,collision_index,collision_year,collision_reference,vehicle_reference,vehicle_type,towing_and_articulation,vehicle_manoeuvre,vehicle_direction_from,vehicle_direction_to,vehicle_location_restricted_lane,junction_location,skidding_and_overturning,hit_object_in_carriageway,vehicle_leaving_carriageway,hit_object_off_carriageway,first_point_of_impact,vehicle_left_hand_drive,journey_purpose_of_driver,sex_of_driver,age_of_driver,age_band_of_driver,engine_capacity_cc,propulsion_code,age_of_vehicle,generic_make_model,driver_imd_decile,driver_home_area_type,lsoa_of_driver,escooter_flag
Unvalidated,2024991414767,2024,991414767,2,1,0,18,1,5,0,1,0,0,0,0,1,1,6,2,26,6,-1,-1,-1,-1,10,1,-1,0
Unvalidated,2024991414828,2024,991414828,1,9,0,18,8,4,0,0,2,0,1,4,1,1,6,1,48,8,-1,-1,-1,-1,-1,-1,-1,0
Unvalidated,2024991414854,2024,991414854,1,9,0,18,5,1,0,1,0,0,0,0,1,1,5,2,34,6,-1,-1,-1,-1,7,1,-1,0
Unvalidated,2024991414854,2024,991414854,2,9,0,4,5,1,0,1,0,0,0,0,2,1,5,1,29,6,-1,-1,-1,-1,5,1,-1,0
Unvalidated,2024991414915,2024,991414915,1,9,0,18,3,7,0,4,0,0,0,0,1,1,3,1,50,8,-1,-1,-1,-1,8,2,-1,0
Unvalidated,2024991415092,2024,991415092,1,9,0,7,5,7,0,6,0,0,0,0,1,1,5,2,81,11,-1,-1,-1,-1,6,3,E01018111,0
Unvalidated,2024991415092,2024,991415092,2,21,0,18,3,7,0,1,0,0,2,0,4,1,1,1,66,10,-1,-1,-1,-1,5,1,-1,0
Unvalidated,2024991415117,2024,991415117,1,19,0,16,8,4,0,0,0,0,0,0,1,1,1,1,33,6,-1,-1,-1,-1,3,1,-1,0
Unvalidated,2024991415117,2024,991415117,2,21,0,17,4,8,0,0,0,0,0,0,1,1,1,1,58,9,-1,-1,-1,-1,4,1,-1,0
Unvalidated,2024991415139,2024,991415139,1,9,0,18,7,3,0,0,0,0,0,0,2,1,6,2,28,6,-1,-1,-1,-1,7,1,-1,0
Unvalidated,2024991415139,2024,991415139,2,9,0,18,7,3,0,0,0,0,0,0,2,1,6,1,73,10,-1,-1,-1,-1,7,1,-1,0
Unvalidated,2024991415139,2024,991415139,3,9,0,18,8,3,0,0,0,0,0,0,2,1,6,1,59,9,-1,-1,-1,-1,9,3,-1,0
Unvalidated,2024991415182,2024,991415182,1,9,0,18,1,5,0,0,0,0,0,0,1,1,3,1,57,9,-1,-1,-1,-1,7,1,-1,0
Unvalidated,2024991415184,2024,991415184,1,9,0,18,7,3,0,0,0,0,0,0,1,1,5,1,31,6,-1,-1,-1,-1,7,1,-1,0
Unvalidated,2024991415184,2024,991415184,2,9,0,18,7,3,0,0,0,0,0,0,2,1,5,1,46,8,-1,-1,-1,-1,8,3,-1,0
Unvalidated,2024991415201,2024,991415201,1,9,0,18,5,1,0,8,0,0,0,0,1,1,5,2,24,5,-1,-1,-1,-1,1,1,-1,0
Unvalidated,2024991415201,2024,991415201,2,9,0,8,5,3,0,8,0,0,0,0,2,1,5,1,24,5,-1,-1,-1,-1,1,1,-1,0
Unvalidated,2024991415291,2024,991415291,1,9,0,17,5,3,0,1,0,10,1,11,4,1,5,2,28,6,-1,-1,-1,-1,6,1,-1,0
Unvalidated,2024991415364,2024,991415364,1,9,0,18,6,2,0,0,0,0,1,4,1,1,5,2,35,6,-1,-1,-1,-1,-1,-1,-1,0
Unvalidated,2024991415401,2024,991415401,1,9,0,5,3,7,2,0,0,0,0,0,1,1,6,1,39,7,-1,-1,-1,-1,-1,-1,-1,0
Unvalidated,2024991415401,2024,991415401,2,19,0,2,3,7,2,0,0,0,0,0,2,1,1,1,60,9,-1,-1,-1,-1,3,1,-1,0
Unvalidated,2024991415592,2024,991415592,1,9,0,5,3,7,0,0,0,0,2,0,4,1,5,2,67,10,-1,-1,-1,-1,-1,-1,-1,0
Unvalidated,2024991415600,2024,991415600,1,97,0,18,7,4,0,1,0,1,0,0,4,1,6,3,18,4,-1,-1,-1,-1,-1,-1,-1,0
Unvalidated,2024991415600,2024,991415600,2,9,0,10,7,6,0,6,0,0,0,0,4,1,2,1,51,8,-1,-1,-1,-1,-1,-1,-1,0
Unvalidated,2024991415627,2024,991415627,1,11,0,3,8,4,0,1,0,0,0,0,0,1,1,1,-1,-1,-1,-1,-1,-1,-1,-1,-1,0
Unvalidated,2024991415627,2024,991415627,2,1,0,5,8,4,0,1,0,0,0,0,0,1,6,1,26,6,-1,-1,-1,-1,10,1,-1,0
Unvalidated,2024991415631,2024,991415631,1,9,0,18,7,4,0,8,0,0,0,0,1,1,5,1,67,10,-1,-1,-1,-1,2,1,-1,0
Unvalidated,2024991415640,2024,991415640,1,9,0,9,8,4,9,2,1,0,1,6,1,2,5,1,41,7,-1,-1,-1,-1,-1,-1,-1,0
Unvalidated,2024991415736,2024,991415736,1,9,0,18,3,7,0,1,0,0,0,0,1,1,3,2,44,7,-1,-1,-1,-1,8,3,-1,0
Unvalidated,2024991415802,2024,991415802,1,8,0,10,2,8,0,1,0,0,0,0,1,1,1,1,40,7,-1,-1,-1,-1,-1,-1,-1,0
Unvalidated,2024991415802,2024,991415802,2,1,0,18,8,4,4,1,0,0,0,0,1,1,1,1,35,6,-1,-1,-1,-1,1,1,-1,0
Unvalidated,2024991415849,2024,991415849,1,9,0,10,3,1,0,6,0,0,0,0,1,1,5,1,91,11,-1,-1,-1,-1,8,2,-1,0
Unvalidated,2024991415849,2024,991415849,2,9,0,18,1,5,0,1,0,0,0,0,1,1,5,2,31,6,-1,-1,-1,-1,6,2,-1,0
Unvalidated,2024991415851,2024,991415851,1,19,0,2,0,0,0,0,0,0,0,0,3,1,6,1,36,7,-1,-1,-1,-1,2,1,E01009877,0
Unvalidated,2024991415851,2024,991415851,2,1,0,18,1,5,0,0,5,4,0,0,1,1,1,1,54,8,-1,-1,-1,-1,2,1,-1,0
Unvalidated,2024991415860,2024,991415860,1,9,0,18,5,1,0,3,0,0,0,0,3,1,5,2,30,6,-1,-1,-1,-1,2,1,-1,0
Unvalidated,2024991415863,2024,991415863,1,98,0,7,2,5,9,0,0,0,0,0,1,1,1,1,27,6,-1,-1,-1,-1,4,2,-1,0
Unvalidated,2024991415863,2024,991415863,2,1,0,18,5,8,9,0,0,0,0,0,3,1,2,1,11,3,-1,-1,-1,-1,10,1,-1,0
Unvalidated,2024991415871,2024,991415871,1,9,0,18,7,2,0,0,0,0,0,0,1,1,5,2,35,6,-1,-1,-1,-1,-1,-1,-1,0
Unvalidated,2024991415877,2024,991415877,1,9,0,18,8,5,0,6,0,0,0,0,3,1,3,2,61,9,-1,-1,-1,-1,-1,-1,-1,0
Unvalidated,2024991415877,2024,991415877,2,9,0,5,2,6,0,6,0,0,0,0,4,1,3,1,36,7,-1,-1,-1,-1,-1,-1,-1,0
Unvalidated,2024991415891,2024,991415891,1,9,0,9,4,8,0,1,0,0,0,0,1,1,6,2,23,5,-1,-1,-1,-1,6,1,-1,0
Unvalidated,2024991415891,2024,991415891,2,1,0,18,7,3,0,1,2,0,0,0,1,1,6,2,31,6,-1,-1,-1,-1,5,1,-1,0
Unvalidated,2024991415899,2024,991415899,1,9,0,18,8,4,0,8,0,0,0,0,4,1,6,2,36,7,-1,-1,-1,-1,3,1,-1,0
Unvalidated,2024991415899,2024,991415899,2,9,0,18,2,6,0,8,0,0,0,0,1,1,6,2,46,8,-1,-1,-1,-1,4,1,-1,0
Unvalidated,2024991415945,2024,991415945,1,9,0,4,5,7,0,1,0,0,0,0,1,1,5,1,21,5,-1,-1,-1,-1,1,1,E01007017,0
Unvalidated,2024991415945,2024,991415945,2,21,1,9,7,5,0,1,0,0,0,0,1,1,1,1,31,6,-1,-1,-1,-1,-1,-1,-1,0
Unvalidated,2024991415963,2024,991415963,1,9,0,9,6,4,0,8,0,0,1,11,1,1,5,2,44,7,-1,-1,-1,-1,5,1,-1,0
Unvalidated,2024991416002,2024,991416002,1,9,0,18,6,1,0,1,0,0,0,0,1,1,6,1,50,8,-1,-1,-1,-1,6,1,-1,0
Unvalidated,2024991416002,2024,991416002,2,9,0,18,1,6,0,2,0,0,0,0,3,1,6,1,40,7,-1,-1,-1,-1,1,1,-1,0
Unvalidated,2024991416187,2024,991416187,1,9,0,18,7,3,0,1,0,0,0,0,1,1,5,1,34,6,-1,-1,-1,-1,1,1,-1,0
Unvalidated,2024991416187,2024,991416187,2,9,0,2,0,0,6,1,0,0,1,0,3,1,6,3,-1,-1,-1,-1,-1,-1,-1,-1,-1,0
Unvalidated,2024991416200,2024,991416200,1,9,0,18,5,1,0,0,0,0,0,0,1,1,5,2,52,8,-1,-1,-1,-1,7,3,-1,0
Unvalidated,2024991416200,2024,991416200,2,9,0,18,5,1,0,0,0,0,0,0,2,1,5,1,26,6,-1,-1,-1,-1,7,3,-1,0
Unvalidated,2024991416218,2024,991416218,1,9,0,9,3,1,0,8,0,0,0,0,1,1,1,1,31,6,-1,-1,-1,-1,2,1,-1,0
Unvalidated,2024991416218,2024,991416218,2,9,0,18,5,1,0,8,0,0,0,0,3,1,5,2,75,10,-1,-1,-1,-1,7,3,-1,0
Unvalidated,2024991416334,2024,991416334,1,9,0,18,8,4,0,0,0,4,0,0,1,1,2,1,26,6,-1,-1,-1,-1,9,2,-1,0
Unvalidated,2024991416334,2024,991416334,2,9,0,18,8,4,0,0,0,4,0,0,2,1,5,1,20,4,-1,-1,-1,-1,2,1,-1,0
Unvalidated,2024991416334,2024,991416334,3,9,0,18,4,8,0,0,0,0,0,0,3,1,5,2,40,7,-1,-1,-1,-1,1,1,-1,0
Unvalidated,2024991416334,2024,991416334,4,9,0,2,0,0,0,0,0,4,0,0,3,1,6,3,-1,-1,-1,-1,-1,-1,-1,-1,-1,0
Unvalidated,2024991416334,2024,991416334,5,9,0,2,0,0,0,0,0,4,0,0,2,1,6,3,-1,-1,-1,-1,-1,-1,-1,-1,-1,0
Unvalidated,2024991416334,2024,991416334,6,9,0,2,0,0,0,0,0,4,0,0,1,1,6,3,-1,-1,-1,-1,-1,-1,-1,-1,-1,0
Unvalidated,2024991416334,2024,991416334,7,9,0,2,0,0,0,0,0,0,0,0,2,1,6,3,-1,-1,-1,-1,-1,-1,-1,-1,-1,0
Unvalidated,2024991416334,2024,991416334,8,19,0,2,0,0,0,0,0,0,0,0,4,1,6,3,-1,-1,-1,-1,-1,-1,-1,-1,-1,0
Unvalidated,2024991416334,2024,991416334,9,8,0,2,0,0,0,0,0,0,0,0,1,1,6,3,-1,-1,-1,-1,-1,-1,-1,-1,-1,0
Unvalidated,2024991416334,2024,991416334,10,19,0,2,0,0,0,0,0,0,0,0,2,1,6,3,-1,-1,-1,-1,-1,-1,-1,-1,-1,0
Unvalidated,2024991416343,2024,991416343,1,9,0,4,8,4,0,0,0,0,0,0,1,1,6,2,42,7,-1,-1,-1,-1,3,1,-1,0
Unvalidated,2024991416343,2024,991416343,2,9,0,3,8,4,1,0,0,0,0,0,2,1,6,1,52,8,-1,-1,-1,-1,9,1,-1,0
Unvalidated,2024991416343,2024,991416343,3,9,0,3,8,4,0,0,0,0,0,0,2,1,6,2,47,8,-1,-1,-1,-1,2,1,-1,0
Unvalidated,2024991416369,2024,991416369,1,9,0,18,8,4,0,0,0,0,0,0,1,1,6,1,32,6,-1,-1,-1,-1,7,1,-1,0
Unvalidated,2024991416369,2024,991416369,2,9,0,4,8,4,0,0,0,0,0,0,2,1,5,1,33,6,-1,-1,-1,-1,4,1,-1,0
Unvalidated,2024991416369,2024,991416369,3,9,0,4,8,4,0,0,0,0,0,0,2,1,5,1,58,9,-1,-1,-1,-1,5,1,-1,0
Unvalidated,2024991416383,2024,991416383,1,9,0,5,7,3,0,1,0,0,0,0,4,1,6,2,49,8,-1,-1,-1,-1,4,2,-1,0
Unvalidated,2024991416399,2024,991416399,1,9,0,7,5,7,0,1,0,0,1,0,4,1,6,3,18,4,-1,-1,-1,-1,10,1,-1,0
Unvalidated,2024991416399,2024,991416399,2,1,0,18,5,1,0,1,0,0,1,0,1,1,4,2,20,4,-1,-1,-1,-1,-1,-1,-1,0
Unvalidated,2024991416413,2024,991416413,1,5,0,7,5,8,0,0,0,0,0,0,3,1,6,1,33,6,-1,-1,-1,-1,2,2,-1,0
Unvalidated,2024991416449,2024,991416449,1,9,0,9,4,8,0,6,0,0,0,0,1,1,1,2,42,7,-1,-1,-1,-1,6,1,-1,0
Unvalidated,2024991416449,2024,991416449,2,1,0,18,5,8,0,8,0,0,0,0,1,1,6,1,47,8,-1,-1,-1,-1,10,1,-1,0
Unvalidated,2024991416468,2024,991416468,1,9,0,3,1,5,0,0,0,0,0,0,1,1,5,1,37,7,-1,-1,-1,-1,7,1,-1,0
Unvalidated,2024991416468,2024,991416468,2,9,0,3,1,5,0,0,0,0,0,0,2,1,5,1,48,8,-1,-1,-1,-1,9,3,-1,0
Unvalidated,2024991416468,2024,991416468,3,9,0,3,1,5,0,0,0,0,0,0,2,1,5,1,79,11,-1,-1,-1,-1,6,3,-1,0
Unvalidated,2024991416468,2024,991416468,4,9,0,3,1,5,0,0,0,0,0,0,2,1,5,1,71,10,-1,-1,-1,-1,-1,-1,-1,0
Unvalidated,2024991416483,2024,991416483,1,9,0,18,3,7,0,0,0,0,0,0,4,1,5,2,37,7,-1,-1,-1,-1,8,1,-1,0
Unvalidated,2024991416483,2024,991416483,2,9,0,18,6,2,0,0,0,0,7,0,4,1,1,1,53,8,-1,-1,-1,-1,-1,-1,-1,0
Unvalidated,2024991416589,2024,991416589,1,9,0,18,7,3,0,0,0,0,0,0,1,1,5,1,72,10,-1,-1,-1,-1,-1,-1,-1,0
Unvalidated,2024991416599,2024,991416599,1,9,0,18,6,2,0,0,0,0,0,0,1,1,5,2,29,6,-1,-1,-1,-1,-1,3,-1,0
Unvalidated,2024991416599,2024,991416599,2,1,0,18,2,6,0,0,5,0,0,0,1,1,5,1,53,8,-1,-1,-1,-1,7,3,-1,0
Unvalidated,2024991416614,2024,991416614,1,9,0,17,5,2,0,0,5,0,1,0,1,1,5,1,69,10,-1,-1,-1,-1,6,3,E01025026,0
Unvalidated,2024991416654,2024,991416654,1,5,0,18,4,8,0,0,0,0,0,0,1,1,5,1,20,4,-1,-1,-1,-1,4,1,-1,0
Unvalidated,2024991416654,2024,991416654,2,9,0,18,4,8,0,0,0,0,0,0,0,1,1,1,36,7,-1,-1,-1,-1,1,1,-1,0
Unvalidated,2024991416695,2024,991416695,1,9,0,18,3,3,0,2,0,0,0,0,1,1,2,2,36,7,-1,-1,-1,-1,2,1,-1,0
Unvalidated,2024991416712,2024,991416712,1,9,0,18,2,6,0,8,0,0,0,0,1,1,6,2,19,4,-1,-1,-1,-1,8,1,-1,0
Unvalidated,2024991416767,2024,991416767,1,8,0,1,2,6,0,0,0,0,0,0,2,1,1,1,67,10,-1,-1,-1,-1,1,1,-1,0
Unvalidated,2024991416810,2024,991416810,1,8,0,2,0,0,0,1,0,0,0,0,2,1,1,1,52,8,-1,-1,-1,-1,-1,-1,-1,0
Unvalidated,2024991416810,2024,991416810,2,9,0,18,5,1,0,1,0,0,0,0,1,1,6,3,16,4,-1,-1,-1,-1,-1,-1,-1,0
Unvalidated,2024991416847,2024,991416847,1,9,0,16,5,1,0,0,1,0,7,0,1,1,1,2,67,10,-1,-1,-1,-1,5,2,-1,0
Unvalidated,2024991416847,2024,991416847,2,9,0,17,1,5,0,0,1,0,1,0,1,1,6,1,77,11,-1,-1,-1,-1,9,1,E01012063,0
Unvalidated,2024991416887,2024,991416887,1,19,0,18,1,5,0,0,0,0,0,0,1,1,1,1,41,7,-1,-1,-1,-1,6,3,-1,0
Unvalidated,2024991416887,2024,991416887,2,19,0,18,1,5,0,0,0,0,0,0,1,1,1,1,31,6,-1,-1,-1,-1,4,1,-1,0
Unvalidated,2024991416899,2024,991416899,1,9,0,18,8,4,0,1,0,0,0,0,1,1,2,2,62,9,-1,-1,-1,-1,6,2,-1,0
Unvalidated,2024991416899,2024,991416899,2,9,0,9,8,6,0,5,0,0,0,0,2,1,6,2,44,7,-1,-1,-1,-1,5,2,-1,0
Unvalidated,2024991416921,2024,991416921,1,9,0,3,7,3,0,0,0,0,0,0,1,1,6,1,54,8,-1,-1,-1,-1,2,1,-1,0
Unvalidated,2024991416952,2024,991416952,1,23,0,9,5,3,0,1,0,0,0,0,3,1,6,1,41,7,-1,-1,-1,-1,4,3,-1,0
Unvalidated,2024991416952,2024,991416952,2,9,0,18,3,7,0,1,0,0,0,0,1,1,2,1,50,8,-1,-1,-1,-1,8,3,-1,0
Unvalidated,2024991416987,2024,991416987,1,10,0,18,8,3,0,8,0,0,0,0,1,1,1,2,34,6,-1,-1,-1,-1,2,1,-1,0
Unvalidated,2024991416987,2024,991416987,2,9,0,18,5,1,0,8,0,0,7,0,4,1,6,2,67,10,-1,-1,-1,-1,4,1,-1,0
Unvalidated,2024991417062,2024,991417062,1,1,0,18,6,2,0,0,2,7,0,0,1,1,5,1,23,5,-1,-1,-1,-1,-1,-1,-1,0
Unvalidated,2024991417106,2024,991417106,1,9,0,18,4,8,0,0,5,0,1,7,1,1,5,1,29,6,-1,-1,-1,-1,1,1,-1,0
Unvalidated,2024991417106,2024,991417106,2,9,0,18,8,4,0,0,0,11,0,0,1,1,5,2,67,10,-1,-1,-1,-1,9,2,-1,0
Unvalidated,2024991417114,2024,991417114,1,11,0,4,7,3,0,0,0,0,0,0,0,1,1,1,53,8,-1,-1,-1,-1,8,3,-1,0
Unvalidated,2024991417136,2024,991417136,1,9,0,18,8,4,0,8,0,0,0,0,1,1,5,2,57,9,-1,-1,-1,-1,2,3,-1,0
Unvalidated,2024991417242,2024,991417242,1,9,0,18,3,7,0,1,0,0,0,0,3,1,2,1,42,7,-1,-1,-1,-1,9,3,-1,0
Unvalidated,2024991417242,2024,991417242,2,9,0,9,5,3,0,6,0,0,0,0,3,1,1,1,23,5,-1,-1,-1,-1,-1,-1,-1,0
Unvalidated,2024991417323,2024,991417323,1,9,0,9,5,3,0,1,0,0,0,0,1,1,5,2,31,6,-1,-1,-1,-1,-1,-1,-1,0
Unvalidated,2024991417323,2024,991417323,2,5,0,18,1,5,0,1,0,0,0,0,1,1,5,1,43,7,-1,-1,-1,-1,-1,-1,-1,0
Unvalidated,2024991417378,2024,991417378,1,9,0,18,1,5,0,0,0,0,0,0,1,1,1,1,18,4,-1,-1,-1,-1,9,1,-1,0
Unvalidated,2024991417378,2024,991417378,2,9,0,18,5,1,0,0,0,0,0,0,1,1,6,1,60,9,-1,-1,-1,-1,8,3,-1,0
Unvalidated,2024991417383,2024,991417383,1,9,0,18,7,2,0,8,0,0,0,0,1,1,6,2,89,11,-1,-1,-1,-1,-1,-1,-1,0
Unvalidated,2024991417383,2024,991417383,2,9,0,18,3,7,0,8,0,0,0,0,1,1,6,2,39,7,-1,-1,-1,-1,-1,-1,-1,0
Unvalidated,2024991417383,2024,991417383,3,9,0,2,0,0,6,8,0,0,0,0,3,1,6,3,-1,-1,-1,-1,-1,-1,-1,-1,-1,0
Unvalidated,2024991417437,2024,991417437,1,19,0,18,1,5,0,0,0,0,0,0,1,1,1,1,33,6,-1,-1,-1,-1,-1,-1,-1,0
Unvalidated,2024991417437,2024,991417437,2,9,0,18,1,5,0,0,0,0,0,0,2,1,2,2,43,7,-1,-1,-1,-1,9,1,-1,0
Unvalidated,2024991417641,2024,991417641,1,8,0,1,5,1,0,2,0,0,0,0,2,1,1,1,46,8,-1,-1,-1,-1,8,1,-1,0
Unvalidated,2024991417641,2024,991417641,2,9,0,18,5,8,0,1,0,0,0,0,1,1,5,1,32,6,-1,-1,-1,-1,2,1,-1,0
Unvalidated,2024991417773,2024,991417773,1,9,0,6,8,8,0,1,0,0,0,0,1,1,6,1,61,9,-1,-1,-1,-1,5,2,-1,0
Unvalidated,2024991417813,2024,991417813,1,11,0,9,5,2,0,6,0,0,0,0,1,1,1,1,42,7,-1,-1,-1,-1,3,1,-1,0
Unvalidated,2024991417813,2024,991417813,2,1,0,18,2,7,0,1,0,0,0,0,1,1,6,1,63,9,-1,-1,-1,-1,10,1,-1,0
Unvalidated,2024991417865,2024,991417865,1,9,0,5,7,5,0,6,0,0,0,0,4,1,5,1,36,7,-1,-1,-1,-1,3,3,-1,0
Unvalidated,2024991417865,2024,991417865,2,3,0,18,5,1,0,1,0,0,0,0,1,1,6,1,19,4,-1,-1,-1,-1,4,3,-1,0
Unvalidated,2024991417869,2024,991417869,1,9,0,18,5,1,0,0,1,0,7,0,4,1,6,1,50,8,-1,-1,-1,-1,2,1,-1,0
Unvalidated,2024991417869,2024,991417869,2,9,0,18,1,5,0,0,0,0,0,0,4,1,6,1,24,5,-1,-1,-1,-1,10,1,-1,0
Unvalidated,2024991417881,2024,991417881,1,9,0,18,6,2,0,1,0,0,0,0,1,1,5,1,18,4,-1,-1,-1,-1,10,1,-1,0
Unvalidated,2024991417890,2024,991417890,1,9,0,18,5,1,0,0,0,0,0,0,1,1,5,2,46,8,-1,-1,-1,-1,-1,3,-1,0
Unvalidated,2024991417890,2024,991417890,2,9,0,11,5,1,0,0,0,0,0,0,2,1,5,2,30,6,-1,-1,-1,-1,1,2,-1,0
Unvalidated,2024991417913,2024,991417913,1,9,0,16,3,5,0,0,1,0,7,4,1,1,6,2,51,8,-1,-1,-1,-1,7,1,-1,0
Unvalidated,2024991418036,2024,991418036,1,9,0,12,1,5,0,0,0,0,1,0,1,1,2,2,25,5,-1,-1,-1,-1,2,1,-1,0
Unvalidated,2024991418058,2024,991418058,1,8,0,18,3,7,0,1,0,0,0,0,1,1,1,1,45,7,-1,-1,-1,-1,1,1,-1,0
Unvalidated,2024991418058,2024,991418058,2,9,0,4,3,7,0,1,0,0,0,0,2,1,2,1,52,8,-1,-1,-1,-1,9,3,-1,0
Unvalidated,2024991418098,2024,991418098,1,9,0,9,8,6,0,6,0,0,0,0,1,1,6,2,52,8,-1,-1,-1,-1,1,1,-1,0
Unvalidated,2024991418098,2024,991418098,2,9,0,18,6,2,0,1,0,0,0,0,4,1,6,1,35,6,-1,-1,-1,-1,5,1,-1,0
Unvalidated,2024991418125,2024,991418125,1,9,0,18,2,6,0,0,0,4,0,0,1,1,6,2,75,10,-1,-1,-1,-1,2,1,-1,0
Unvalidated,2024991418125,2024,991418125,2,9,0,2,0,0,0,0,0,0,0,0,2,1,6,3,-1,-1,-1,-1,-1,-1,-1,-1,-1,0
Unvalidated,2024991418125,2024,991418125,3,9,0,2,0,0,0,0,0,0,0,0,2,1,6,3,-1,-1,-1,-1,-1,-1,-1,-1,-1,0
Unvalidated,2024991418226,2024,991418226,1,9,0,18,7,4,0,0,0,0,0,0,1,1,5,2,62,9,-1,-1,-1,-1,4,1,-1,0
Unvalidated,2024991418226,2024,991418226,2,9,0,18,4,7,0,0,0,0,0,0,1,1,5,1,63,9,-1,-1,-1,-1,8,2,-1,0
Unvalidated,2024991418229,2024,991418229,1,90,0,18,7,3,0,6,5,0,1,10,1,1,6,1,15,3,-1,-1,-1,-1,-1,-1,-1,0
Unvalidated,2024991418289,2024,991418289,1,5,0,5,8,2,0,6,1,0,0,0,4,1,2,2,51,8,-1,-1,-1,-1,4,1,-1,0
Unvalidated,2024991418316,2024,991418316,1,9,0,18,8,4,0,0,1,0,0,0,3,1,6,2,41,7,-1,-1,-1,-1,4,1,-1,0
Unvalidated,2024991418316,2024,991418316,2,21,1,18,4,8,0,0,0,0,0,0,3,1,1,1,48,8,-1,-1,-1,-1,-1,-1,-1,0
Unvalidated,2024991418351,2024,991418351,1,19,0,11,8,4,0,0,0,0,0,0,4,1,1,3,-1,-1,-1,-1,-1,-1,-1,-1,-1,0
Unvalidated,2024991418351,2024,991418351,2,19,0,4,8,4,0,0,1,4,0,0,1,1,1,1,37,7,-1,-1,-1,-1,-1,1,-1,0
Unvalidated,2024991418351,2024,991418351,3,8,0,4,8,4,0,0,1,0,2,0,2,1,1,1,38,7,-1,-1,-1,-1,2,1,-1,0
Unvalidated,2024991418351,2024,991418351,4,9,0,4,8,4,0,0,0,0,0,0,2,1,2,1,23,5,-1,-1,-1,-1,-1,-1,-1,0
Unvalidated,2024991418351,2024,991418351,5,9,0,18,8,4,0,0,0,0,0,0,4,1,2,1,22,5,-1,-1,-1,-1,5,1,-1,0
Unvalidated,2024991418380,2024,991418380,1,9,0,17,5,1,0,1,0,2,0,0,1,1,6,1,20,4,-1,-1,-1,-1,-1,-1,-1,0
Unvalidated,2024991418380,2024,991418380,2,9,0,3,5,1,0,1,0,0,0,0,2,1,5,2,49,8,-1,-1,-1,-1,7,1,-1,0
Unvalidated,2024991418414,2024,991418414,1,9,0,4,7,3,0,4,0,0,0,0,1,1,2,1,31,6,-1,-1,-1,-1,3,1,-1,0
Unvalidated,2024991418414,2024,991418414,2,9,0,2,7,3,0,4,0,0,0,0,2,1,1,2,59,9,-1,-1,-1,-1,-1,-1,-1,0
Unvalidated,2024991418442,2024,991418442,1,98,0,9,2,8,0,1,0,0,0,0,1,2,6,1,61,9,-1,-1,-1,-1,2,1,-1,0
Unvalidated,2024991418442,2024,991418442,2,1,0,3,8,6,0,1,0,0,0,0,1,1,6,1,29,6,-1,-1,-1,-1,5,1,-1,0
Unvalidated,2024991418578,2024,991418578,1,9,0,7,3,5,0,1,0,0,0,0,1,1,5,2,49,8,-1,-1,-1,-1,6,1,E01009452,0
Unvalidated,2024991418578,2024,991418578,2,90,0,18,1,5,0,1,0,0,1,0,4,1,1,1,37,7,-1,-1,-1,-1,9,1,-1,0
Unvalidated,2024991418635,2024,991418635,1,9,0,4,4,2,0,1,0,0,7,0,2,1,5,2,46,8,-1,-1,-1,-1,8,3,-1,0
Unvalidated,2024991418635,2024,991418635,2,9,0,4,3,7,0,1,0,0,0,0,2,1,5,2,32,6,-1,-1,-1,-1,3,2,-1,0
Unvalidated,2024991418635,2024,991418635,3,9,0,13,3,7,0,1,0,0,0,0,1,1,2,2,39,7,-1,-1,-1,-1,6,1,-1,0
Unvalidated,2024991418653,2024,991418653,1,9,0,18,7,3,0,0,5,0,0,0,1,1,6,1,31,6,-1,-1,-1,-1,5,1,-1,0
Unvalidated,2024991418653,2024,991418653,2,9,0,2,0,0,0,0,0,0,0,0,3,1,6,3,-1,-1,-1,-1,-1,-1,-1,-1,-1,0
Unvalidated,2024991418653,2024,991418653,3,9,0,2,0,0,0,0,0,0,0,0,3,1,6,3,-1,-1,-1,-1,-1,-1,-1,-1,-1,0
Unvalidated,2024991418653,2024,991418653,4,9,0,2,0,0,0,0,0,0,0,0,3,1,6,3,-1,-1,-1,-1,-1,-1,-1,-1,-1,0
Unvalidated,2024991418653,2024,991418653,5,5,0,2,0,0,0,0,5,0,0,0,3,1,6,3,-1,-1,-1,-1,-1,-1,-1,-1,-1,0
Unvalidated,2024991418653,2024,991418653,6,9,0,2,0,0,0,0,0,0,0,0,2,1,6,3,-1,-1,-1,-1,-1,-1,-1,-1,-1,0
Unvalidated,2024991418653,2024,991418653,7,9,0,18,7,3,0,0,0,0,0,0,1,1,1,1,31,6,-1,-1,-1,-1,10,1,-1,0
Unvalidated,2024991418783,2024,991418783,1,5,0,18,8,3,0,0,0,0,7,0,4,1,5,1,55,8,-1,-1,-1,-1,2,2,-1,0
Unvalidated,2024991418783,2024,991418783,2,9,0,18,3,8,0,0,0,0,0,0,3,1,5,2,51,8,-1,-1,-1,-1,3,3,-1,0
Unvalidated,2024991418783,2024,991418783,3,9,0,18,2,7,0,0,0,0,0,0,4,1,5,1,38,7,-1,-1,-1,-1,6,2,-1,0
Unvalidated,2024991418835,2024,991418835,1,98,0,18,1,5,0,0,0,0,0,0,1,1,6,1,27,6,-1,-1,-1,-1,2,1,-1,0
Unvalidated,2024991418849,2024,991418849,1,9,0,9,8,6,0,6,0,0,0,0,1,1,5,1,60,9,-1,-1,-1,-1,7,1,-1,0
Unvalidated,2024991418849,2024,991418849,2,1,0,10,8,6,0,6,0,0,0,0,2,1,2,2,40,7,-1,-1,-1,-1,4,1,-1,0
Unvalidated,2024991418880,2024,991418880,1,5,0,18,3,7,0,0,1,0,1,0,4,1,5,1,53,8,-1,-1,-1,-1,5,3,-1,0
Unvalidated,2024991418908,2024,991418908,1,9,0,18,8,4,0,1,0,0,0,0,1,1,2,1,51,8,-1,-1,-1,-1,8,3,-1,0
Unvalidated,2024991418908,2024,991418908,2,17,2,7,4,6,0,8,0,0,7,0,3,1,1,1,44,7,-1,-1,-1,-1,7,3,-1,0
Unvalidated,2024991418923,2024,991418923,1,9,0,15,5,1,0,1,0,0,0,0,1,1,6,1,32,6,-1,-1,-1,-1,6,3,-1,0