status,collision_index,collision_year,collision_reference,vehicle_reference,vehicle_type,towing_and_articulation,vehicle_manoeuvre,vehicle_direction_from,vehicle_direction_to,vehicle_location_restricted_lane,junction_location,skidding_and_overturning,hit_object_in_carriageway,vehicle_leaving_carriageway,hit_object_off_carriageway,first_point_of_impact,vehicle_left_hand_drive,journey_purpose_of_driver,sex_of_driver,age_of_driver,age_band_of_driver,engine_capacity_cc,propulsion_code,age_of_vehicle,generic_make_model,driver_imd_decile,driver_home_area_type,lsoa_of_driver,escooter_flag
Unvalidated,2024991418923,2024,991418923,2,9,0,9,5,3,0,8,0,0,0,0,3,1,6,2,34,6,-1,-1,-1,-1,7,3,-1,0
Unvalidated,2024991418938,2024,991418938,1,9,0,18,5,8,0,0,0,0,0,0,1,1,6,1,26,6,-1,-1,-1,-1,-1,-1,-1,0
Unvalidated,2024991418938,2024,991418938,2,9,0,18,8,4,0,0,0,0,0,0,1,1,5,2,56,9,-1,-1,-1,-1,6,3,-1,0
Unvalidated,2024991418957,2024,991418957,1,9,0,9,4,2,0,8,0,0,0,0,1,1,6,1,-1,-1,-1,-1,-1,-1,-1,-1,-1,0
Unvalidated,2024991418957,2024,991418957,2,1,0,18,8,4,0,1,0,0,0,0,-1,1,6,2,24,5,-1,-1,-1,-1,4,1,-1,0
Unvalidated,2024991418965,2024,991418965,1,9,0,5,5,1,0,6,0,0,0,0,1,1,5,2,61,9,-1,-1,-1,-1,6,3,-1,0
Unvalidated,2024991418965,2024,991418965,2,9,0,18,3,7,0,1,0,0,0,0,1,1,5,2,54,8,-1,-1,-1,-1,8,3,-1,0
Unvalidated,2024991418982,2024,991418982,1,19,0,18,3,8,0,8,1,0,0,0,1,1,2,1,21,5,-1,-1,-1,-1,1,1,-1,0
Unvalidated,2024991418982,2024,991418982,2,9,0,9,5,3,0,6,1,0,0,0,3,1,5,1,48,8,-1,-1,-1,-1,-1,-1,-1,0
Unvalidated,2024991419048,2024,991419048,1,3,0,7,7,1,0,0,5,0,0,0,0,1,5,1,31,6,-1,-1,-1,-1,4,2,-1,0
Unvalidated,2024991419048,2024,991419048,2,9,0,4,7,3,0,0,0,0,0,0,2,1,5,1,62,9,-1,-1,-1,-1,10,1,-1,0
Unvalidated,2024991419048,2024,991419048,3,9,0,4,7,3,0,0,0,0,0,0,1,1,5,1,24,5,-1,-1,-1,-1,9,1,-1,0
Unvalidated,2024991419058,2024,991419058,1,9,0,9,3,8,0,0,0,0,0,0,1,1,2,1,62,9,-1,-1,-1,-1,3,1,-1,0
Unvalidated,2024991419058,2024,991419058,2,1,0,18,7,3,0,0,0,0,0,0,1,1,2,1,57,9,-1,-1,-1,-1,9,3,-1,0
Unvalidated,2024991419089,2024,991419089,1,9,0,18,6,2,0,8,0,0,0,0,3,1,5,1,23,5,-1,-1,-1,-1,-1,1,-1,0
Unvalidated,2024991419089,2024,991419089,2,11,0,18,6,2,0,1,0,0,0,0,1,1,1,1,60,9,-1,-1,-1,-1,-1,-1,-1,0
Unvalidated,2024991419095,2024,991419095,1,9,0,18,8,4,0,2,0,4,0,0,1,1,6,2,30,6,-1,-1,-1,-1,3,3,-1,0
Unvalidated,2024991419095,2024,991419095,2,9,0,2,0,0,0,2,0,4,0,0,1,1,6,3,-1,-1,-1,-1,-1,-1,-1,-1,-1,0
Unvalidated,2024991419129,2024,991419129,1,21,0,18,6,2,0,4,0,0,0,0,1,1,1,1,41,7,-1,-1,-1,-1,3,1,-1,0
Unvalidated,2024991419129,2024,991419129,2,9,0,3,6,2,0,4,0,0,7,0,2,1,1,1,51,8,-1,-1,-1,-1,3,1,-1,0
Unvalidated,2024991419133,2024,991419133,1,9,0,18,3,7,0,0,1,0,1,11,1,1,6,1,18,4,-1,-1,-1,-1,7,3,-1,0
Unvalidated,2024991419139,2024,991419139,1,9,0,16,2,5,0,0,0,0,0,0,1,1,5,1,73,10,-1,-1,-1,-1,2,1,-1,0
Unvalidated,2024991419139,2024,991419139,2,9,0,2,0,0,0,0,0,0,1,0,3,1,6,3,-1,-1,-1,-1,-1,-1,-1,-1,-1,0
Unvalidated,2024991419139,2024,991419139,3,9,0,2,0,0,0,0,0,0,0,0,2,1,6,3,-1,-1,-1,-1,-1,-1,-1,-1,-1,0
Unvalidated,2024991419147,2024,991419147,1,9,0,4,8,4,0,1,0,4,0,0,1,1,6,1,29,6,-1,-1,-1,-1,1,1,-1,0
Unvalidated,2024991419147,2024,991419147,2,9,0,8,8,4,0,4,0,0,0,0,2,1,2,1,32,6,-1,-1,-1,-1,8,3,-1,0
Unvalidated,2024991419426,2024,991419426,1,9,0,6,7,7,0,0,0,0,0,0,3,1,6,2,24,5,-1,-1,-1,-1,2,1,-1,0
Unvalidated,2024991419426,2024,991419426,2,9,0,18,7,3,0,0,0,0,0,0,1,1,6,1,60,9,-1,-1,-1,-1,8,1,-1,0
Unvalidated,2024991419429,2024,991419429,1,9,0,5,5,2,0,2,0,0,1,0,3,1,1,1,62,9,-1,-1,-1,-1,8,1,-1,0
Unvalidated,2024991419429,2024,991419429,2,9,0,18,2,6,0,1,1,0,0,0,1,1,5,1,64,9,-1,-1,-1,-1,9,1,-1,0
Unvalidated,2024991419475,2024,991419475,1,9,0,18,2,6,0,0,0,0,0,0,1,1,5,1,58,9,-1,-1,-1,-1,6,3,-1,0
Unvalidated,2024991419475,2024,991419475,2,19,0,18,6,2,0,0,0,0,0,0,1,1,5,2,28,6,-1,-1,-1,-1,-1,-1,-1,0
Unvalidated,2024991419525,2024,991419525,1,23,0,18,1,5,0,8,1,0,0,0,1,1,6,1,14,3,-1,-1,-1,-1,3,1,-1,0
Unvalidated,2024991419525,2024,991419525,2,9,0,18,3,7,0,8,0,0,0,0,3,1,1,1,28,6,-1,-1,-1,-1,6,2,-1,0
Unvalidated,2024991419532,2024,991419532,1,19,0,18,5,1,0,0,0,0,0,0,3,1,6,1,66,10,-1,-1,-1,-1,-1,-1,-1,0
Unvalidated,2024991419532,2024,991419532,2,90,0,18,5,1,0,0,1,0,0,0,3,1,6,1,52,8,-1,-1,-1,-1,-1,-1,-1,1
Unvalidated,2024991419539,2024,991419539,1,19,0,18,4,8,0,8,1,0,0,0,1,1,1,1,38,7,-1,-1,-1,-1,10,1,-1,0
Unvalidated,2024991419539,2024,991419539,2,9,0,18,7,2,0,1,1,0,0,0,3,1,2,2,56,9,-1,-1,-1,-1,9,1,-1,0
Unvalidated,2024991419567,2024,991419567,1,9,0,9,7,5,0,8,0,0,0,0,1,1,5,2,47,8,-1,-1,-1,-1,10,1,-1,0
Unvalidated,2024991419567,2024,991419567,2,1,0,18,5,1,0,8,0,0,0,0,4,1,5,1,40,7,-1,-1,-1,-1,8,1,-1,0
Unvalidated,2024991419575,2024,991419575,1,9,0,14,7,3,0,1,0,0,0,0,3,1,5,2,26,6,-1,-1,-1,-1,1,1,-1,0
Unvalidated,2024991419575,2024,991419575,2,98,0,18,5,1,0,1,0,0,0,0,4,1,1,1,60,9,-1,-1,-1,-1,5,1,-1,0
Unvalidated,2024991419604,2024,991419604,1,9,0,18,5,1,0,1,2,0,0,0,1,1,5,1,34,6,-1,-1,-1,-1,7,1,-1,0
Unvalidated,2024991419604,2024,991419604,2,9,0,18,3,7,0,8,0,0,0,0,1,1,5,1,59,9,-1,-1,-1,-1,5,1,-1,0
Unvalidated,2024991419610,2024,991419610,1,9,0,18,7,3,0,8,0,0,0,0,3,1,6,2,36,7,-1,-1,-1,-1,1,1,-1,0
Unvalidated,2024991419618,2024,991419618,1,4,0,17,8,5,0,0,0,0,1,0,1,1,6,1,49,8,-1,-1,-1,-1,4,1,-1,0
Unvalidated,2024991419659,2024,991419659,1,9,0,17,8,4,0,0,0,0,1,11,1,1,2,1,63,9,-1,-1,-1,-1,9,2,-1,0
Unvalidated,2024991419659,2024,991419659,2,9,0,5,2,4,0,0,0,0,7,11,3,1,2,1,26,6,-1,-1,-1,-1,9,3,-1,0
Unvalidated,2024991419713,2024,991419713,1,9,0,7,4,7,0,3,0,4,7,2,1,1,1,2,23,5,-1,-1,-1,-1,-1,-1,-1,0
Unvalidated,2024991419713,2024,991419713,2,9,0,2,7,7,0,3,0,0,0,0,4,1,1,1,29,6,-1,-1,-1,-1,4,1,-1,0
Unvalidated,2024991419727,2024,991419727,1,9,0,18,7,3,0,0,1,4,0,0,3,1,5,2,29,6,-1,-1,-1,-1,-1,-1,-1,0
Unvalidated,2024991419727,2024,991419727,2,9,0,2,0,0,0,0,0,4,0,0,2,1,6,3,-1,-1,-1,-1,-1,-1,-1,-1,-1,0
Unvalidated,2024991419742,2024,991419742,1,21,0,18,5,1,0,0,0,2,0,0,1,1,1,3,34,6,-1,-1,-1,-1,-1,-1,-1,0
Unvalidated,2024991419742,2024,991419742,2,21,0,2,0,0,0,0,0,2,0,0,2,1,1,2,26,6,-1,-1,-1,-1,-1,-1,-1,0
Unvalidated,2024991419768,2024,991419768,1,9,0,9,1,8,0,0,0,0,0,0,1,1,6,2,26,6,-1,-1,-1,-1,2,3,-1,0
Unvalidated,2024991419768,2024,991419768,2,1,0,7,5,8,0,0,0,0,0,0,1,1,6,1,36,7,-1,-1,-1,-1,3,1,-1,0
Unvalidated,2024991419788,2024,991419788,1,9,0,18,7,3,0,0,1,0,1,11,1,1,1,1,32,6,-1,-1,-1,-1,-1,-1,-1,0
Unvalidated,2024991419926,2024,991419926,1,3,0,18,7,3,0,0,1,0,0,0,3,1,5,1,30,6,-1,-1,-1,-1,4,1,-1,0
Unvalidated,2024991419935,2024,991419935,1,9,0,18,4,7,0,0,0,0,0,0,1,1,6,1,45,7,-1,-1,-1,-1,1,1,-1,0
Unvalidated,2024991419935,2024,991419935,2,11,0,18,7,4,0,0,0,0,0,0,1,1,1,1,58,9,-1,-1,-1,-1,2,1,-1,0
Unvalidated,2024991420002,2024,991420002,1,9,0,18,1,5,0,0,0,0,0,0,3,1,5,1,67,10,-1,-1,-1,-1,4,2,-1,0
Unvalidated,2024991420008,2024,991420008,1,9,0,6,1,2,0,6,0,0,0,0,4,1,1,2,41,7,-1,-1,-1,-1,-1,-1,-1,0
Unvalidated,2024991420008,2024,991420008,2,9,0,18,1,6,0,2,0,0,0,0,3,1,5,2,64,9,-1,-1,-1,-1,8,1,-1,0
Unvalidated,2024991420020,2024,991420020,1,9,0,18,7,3,0,1,0,0,0,0,1,1,5,2,37,7,-1,-1,-1,-1,9,1,-1,0
Unvalidated,2024991420027,2024,991420027,1,2,0,7,8,3,0,5,1,0,0,0,4,1,6,1,32,6,-1,-1,-1,-1,2,1,-1,0
Unvalidated,2024991420029,2024,991420029,1,19,0,18,2,6,0,0,5,0,7,3,1,1,1,1,59,9,-1,-1,-1,-1,3,1,-1,0
Unvalidated,2024991420046,2024,991420046,1,9,0,11,2,6,0,0,1,2,0,0,1,1,6,3,30,6,-1,-1,-1,-1,-1,-1,-1,0
Unvalidated,2024991420046,2024,991420046,2,9,0,18,2,6,0,0,2,0,0,0,2,1,6,1,66,10,-1,-1,-1,-1,10,1,-1,0
Unvalidated,2024991420112,2024,991420112,1,9,0,9,8,4,0,5,0,0,0,0,0,1,5,1,49,8,-1,-1,-1,-1,9,1,-1,0
Unvalidated,2024991420299,2024,991420299,1,9,0,18,4,8,0,8,1,11,0,0,1,1,5,1,18,4,-1,-1,-1,-1,5,1,-1,0
Unvalidated,2024991420299,2024,991420299,2,9,0,10,4,2,0,8,0,0,0,0,2,1,5,2,43,7,-1,-1,-1,-1,10,1,-1,0
Unvalidated,2024991420356,2024,991420356,1,9,0,9,1,7,0,1,0,0,1,0,1,1,5,1,52,8,-1,-1,-1,-1,-1,-1,-1,0
Unvalidated,2024991420356,2024,991420356,2,9,0,17,5,1,0,8,0,0,1,0,1,1,5,2,31,6,-1,-1,-1,-1,6,2,-1,0
Unvalidated,2024991420397,2024,991420397,1,11,0,4,7,3,9,2,0,0,3,11,1,1,1,1,45,7,-1,-1,-1,-1,2,1,-1,0
Unvalidated,2024991420416,2024,991420416,1,9,0,18,3,7,0,0,0,0,0,0,3,1,2,2,32,6,-1,-1,-1,-1,6,1,-1,0
Unvalidated,2024991420420,2024,991420420,1,9,0,9,8,6,0,8,0,0,0,0,4,1,5,1,24,5,-1,-1,-1,-1,1,1,-1,0
Unvalidated,2024991420420,2024,991420420,2,1,0,18,4,8,0,8,0,0,0,0,1,1,2,1,37,7,-1,-1,-1,-1,9,1,-1,0
Unvalidated,2024991420431,2024,991420431,1,4,0,18,8,4,0,1,0,0,0,0,1,1,6,1,17,4,-1,-1,-1,-1,9,2,-1,0
Unvalidated,2024991420431,2024,991420431,2,9,0,7,2,8,0,6,0,0,0,0,1,1,6,1,30,6,-1,-1,-1,-1,6,1,-1,0
Unvalidated,2024991420439,2024,991420439,1,9,0,18,7,3,0,0,0,0,0,0,3,1,6,1,63,9,-1,-1,-1,-1,3,1,-1,0
Unvalidated,2024991420439,2024,991420439,2,9,0,18,3,7,0,0,0,0,1,0,3,1,2,2,59,9,-1,-1,-1,-1,7,3,-1,0
Unvalidated,2024991420446,2024,991420446,1,9,0,18,1,5,0,0,5,0,0,0,1,1,6,1,45,7,-1,-1,-1,-1,4,1,-1,0
Unvalidated,2024991420446,2024,991420446,2,9,0,2,0,0,0,0,0,0,0,0,2,1,6,3,-1,-1,-1,-1,-1,-1,-1,-1,-1,0
Unvalidated,2024991420446,2024,991420446,3,9,0,2,0,0,0,0,0,0,0,0,1,1,6,3,-1,-1,-1,-1,-1,-1,-1,-1,-1,0
Unvalidated,2024991420453,2024,991420453,1,5,0,18,7,3,0,4,1,0,0,0,4,1,2,1,48,8,-1,-1,-1,-1,5,1,-1,0
Unvalidated,2024991420470,2024,991420470,1,11,0,18,3,7,2,0,0,0,0,0,4,2,5,1,34,6,-1,-1,-1,-1,5,3,-1,0
Unvalidated,2024991420480,2024,991420480,1,9,0,18,2,6,0,1,0,0,0,0,1,1,2,2,23,5,-1,-1,-1,-1,5,3,-1,0
Unvalidated,2024991420480,2024,991420480,2,9,0,3,2,6,0,1,0,0,0,0,2,1,2,2,56,9,-1,-1,-1,-1,9,2,-1,0
Unvalidated,2024991420483,2024,991420483,1,19,0,5,2,6,0,0,0,0,0,0,4,1,2,1,50,8,-1,-1,-1,-1,2,1,-1,0
Unvalidated,2024991420493,2024,991420493,1,9,0,18,5,1,0,8,0,0,1,0,1,1,6,1,47,8,-1,-1,-1,-1,2,1,-1,0
Unvalidated,2024991420500,2024,991420500,1,9,0,18,3,7,0,6,0,0,7,11,1,1,5,2,72,10,-1,-1,-1,-1,5,3,-1,0
Unvalidated,2024991420635,2024,991420635,1,9,0,18,4,8,0,0,1,0,0,0,1,1,5,1,46,8,-1,-1,-1,-1,4,3,-1,0
Unvalidated,2024991420635,2024,991420635,2,19,0,18,8,4,0,0,0,0,0,0,1,1,1,1,63,9,-1,-1,-1,-1,5,1,-1,0
Unvalidated,2024991420654,2024,991420654,1,19,0,18,8,3,0,8,0,0,0,0,1,1,1,1,30,6,-1,-1,-1,-1,7,3,-1,0
Unvalidated,2024991420654,2024,991420654,2,9,0,9,1,7,0,8,0,0,0,0,3,1,5,1,82,11,-1,-1,-1,-1,3,1,-1,0
Unvalidated,2024991420668,2024,991420668,1,9,0,18,3,5,0,8,0,0,0,0,1,1,6,2,56,9,-1,-1,-1,-1,10,3,-1,0
Unvalidated,2024991420668,2024,991420668,2,98,0,7,3,5,0,8,0,0,0,0,2,1,1,1,53,8,-1,-1,-1,-1,2,3,-1,0
Unvalidated,2024991420681,2024,991420681,1,9,0,18,3,7,0,8,0,0,0,0,1,1,2,1,46,8,-1,-1,-1,-1,7,1,-1,0
Unvalidated,2024991420681,2024,991420681,2,9,0,18,1,5,0,8,5,0,7,11,4,1,6,1,68,10,-1,-1,-1,-1,-1,-1,-1,0
Unvalidated,2024991420690,2024,991420690,1,9,0,9,3,1,0,8,0,0,0,0,1,1,6,2,35,6,-1,-1,-1,-1,-1,-1,-1,0
Unvalidated,2024991420690,2024,991420690,2,9,0,18,7,3,0,8,0,0,0,0,3,1,5,2,40,7,-1,-1,-1,-1,-1,-1,-1,0
Unvalidated,2024991420707,2024,991420707,1,17,0,18,8,4,0,0,0,0,7,9,3,1,5,1,63,9,-1,-1,-1,-1,4,2,-1,0
Unvalidated,2024991420716,2024,991420716,1,11,0,16,2,6,0,0,0,0,0,0,4,1,1,1,57,9,-1,-1,-1,-1,8,3,-1,0
Unvalidated,2024991420757,2024,991420757,1,9,0,18,3,7,0,0,0,0,0,0,1,1,2,1,38,7,-1,-1,-1,-1,3,1,-1,0
Unvalidated,2024991420757,2024,991420757,2,9,0,18,3,7,0,0,0,0,0,0,2,1,6,2,55,8,-1,-1,-1,-1,4,1,-1,0
Unvalidated,2024991420757,2024,991420757,3,19,0,18,3,7,0,0,0,0,0,0,2,1,1,1,53,8,-1,-1,-1,-1,8,1,-1,0
Unvalidated,2024991420757,2024,991420757,4,9,0,18,3,7,0,0,0,0,0,0,2,1,5,2,37,7,-1,-1,-1,-1,3,1,-1,0
Unvalidated,2024991420808,2024,991420808,1,9,0,9,3,1,0,2,0,0,0,0,1,1,6,1,39,7,-1,-1,-1,-1,10,1,-1,0
Unvalidated,2024991420824,2024,991420824,1,9,0,18,5,1,0,0,0,0,0,0,1,1,6,1,25,5,-1,-1,-1,-1,3,1,-1,0
Unvalidated,2024991420824,2024,991420824,2,9,0,3,5,1,0,0,0,0,0,0,2,1,2,1,32,6,-1,-1,-1,-1,5,1,E01027377,0
Unvalidated,2024991420824,2024,991420824,3,9,0,3,5,1,0,0,0,0,0,0,2,1,6,1,47,8,-1,-1,-1,-1,5,3,-1,0
Unvalidated,2024991420847,2024,991420847,1,9,0,18,7,3,0,0,0,0,0,0,1,1,6,1,59,9,-1,-1,-1,-1,1,1,-1,0
Unvalidated,2024991420847,2024,991420847,2,9,0,18,4,7,0,0,0,0,0,0,3,1,5,1,73,10,-1,-1,-1,-1,9,1,-1,0
Unvalidated,2024991420850,2024,991420850,1,9,0,18,4,8,0,0,0,0,0,0,1,1,2,2,22,5,-1,-1,-1,-1,6,1,-1,0
Unvalidated,2024991420850,2024,991420850,2,9,0,3,4,8,0,0,0,0,0,0,2,1,6,1,37,7,-1,-1,-1,-1,4,1,-1,0
Unvalidated,2024991420850,2024,991420850,3,9,0,3,4,8,0,0,0,0,0,0,2,1,6,2,50,8,-1,-1,-1,-1,10,1,-1,0
Unvalidated,2024991420850,2024,991420850,4,9,0,3,4,8,0,0,0,0,0,0,2,1,6,1,19,4,-1,-1,-1,-1,10,1,-1,0
Unvalidated,2024991420859,2024,991420859,1,9,0,18,3,7,0,0,1,0,1,6,3,1,5,1,42,7,-1,-1,-1,-1,2,1,-1,0
Unvalidated,2024991420859,2024,991420859,2,90,0,18,4,7,0,0,0,0,0,0,1,1,5,1,50,8,-1,-1,-1,-1,8,3,-1,0
Unvalidated,2024991420873,2024,991420873,1,9,0,18,7,3,0,3,0,0,0,0,2,2,6,3,63,9,-1,-1,-1,-1,3,2,-1,0
Unvalidated,2024991420873,2024,991420873,2,9,0,18,7,3,0,3,0,0,0,0,1,2,6,3,30,6,-1,-1,-1,-1,-1,-1,-1,0
Unvalidated,2024991420874,2024,991420874,1,9,0,4,7,3,0,1,0,4,0,0,1,1,5,1,35,6,-1,-1,-1,-1,-1,-1,-1,0
Unvalidated,2024991420874,2024,991420874,2,8,0,2,7,3,0,1,0,0,0,0,2,1,1,1,27,6,-1,-1,-1,-1,4,1,-1,0
Unvalidated,2024991420874,2024,991420874,3,9,0,3,7,3,0,1,0,0,0,0,2,1,5,1,38,7,-1,-1,-1,-1,1,1,E01005219,0
Unvalidated,2024991420992,2024,991420992,1,9,0,18,8,5,0,1,0,0,0,0,1,1,6,1,58,9,-1,-1,-1,-1,2,1,-1,0
Unvalidated,2024991420992,2024,991420992,2,9,0,3,8,5,0,1,0,0,0,0,2,1,6,2,58,9,-1,-1,-1,-1,8,1,-1,0
Unvalidated,2024991421000,2024,991421000,1,4,0,15,7,4,0,1,0,11,0,0,1,1,2,1,57,9,-1,-1,-1,-1,-1,-1,-1,0
Unvalidated,2024991421000,2024,991421000,2,9,0,9,4,1,0,1,0,11,0,0,3,1,5,1,22,5,-1,-1,-1,-1,1,1,-1,0
Unvalidated,2024991421060,2024,991421060,1,9,0,18,7,3,0,0,2,0,1,4,1,1,2,2,57,9,-1,-1,-1,-1,10,1,-1,0
Unvalidated,2024991421078,2024,991421078,1,9,0,9,6,4,0,8,0,0,0,0,1,1,5,1,69,10,-1,-1,-1,-1,4,1,-1,0
Unvalidated,2024991421088,2024,991421088,1,9,0,16,5,1,0,0,0,0,0,0,1,1,5,1,86,11,-1,-1,-1,-1,-1,-1,-1,0
Unvalidated,2024991421088,2024,991421088,2,9,0,17,5,1,0,0,0,0,0,0,1,1,6,1,63,9,-1,-1,-1,-1,-1,-1,-1,0
Unvalidated,2024991421128,2024,991421128,1,9,0,1,3,7,9,0,0,0,0,0,2,1,5,2,20,4,-1,-1,-1,-1,-1,-1,-1,0
Unvalidated,2024991421130,2024,991421130,1,9,0,9,3,1,0,6,0,0,0,0,3,1,5,1,32,6,-1,-1,-1,-1,3,1,-1,0
Unvalidated,2024991421130,2024,991421130,2,9,0,18,3,8,0,5,2,10,7,0,4,1,6,2,65,9,-1,-1,-1,-1,8,1,-1,0
Unvalidated,2024991421140,2024,991421140,1,9,0,3,3,8,0,4,0,0,0,0,2,1,2,2,43,7,-1,-1,-1,-1,9,1,-1,0
Unvalidated,2024991421140,2024,991421140,2,9,0,4,3,8,0,1,0,0,0,0,1,1,6,2,32,6,-1,-1,-1,-1,2,1,-1,0
Unvalidated,2024991421172,2024,991421172,1,9,0,9,3,1,0,8,0,0,0,0,4,1,6,2,31,6,-1,-1,-1,-1,7,3,-1,0
Unvalidated,2024991421172,2024,991421172,2,9,0,18,7,3,0,1,0,0,0,0,1,1,6,1,47,8,-1,-1,-1,-1,3,1,-1,0
Unvalidated,2024991421206,2024,991421206,1,9,0,18,5,2,0,2,0,0,0,0,1,1,5,2,50,8,-1,-1,-1,-1,-1,-1,-1,0
Unvalidated,2024991421211,2024,991421211,1,8,0,1,5,5,0,1,0,0,0,0,2,1,1,1,47,8,-1,-1,-1,-1,3,1,-1,0
Unvalidated,2024991421232,2024,991421232,1,9,0,18,4,8,0,0,0,0,0,0,1,1,5,1,44,7,-1,-1,-1,-1,4,1,-1,0
Unvalidated,2024991421233,2024,991421233,1,9,0,18,3,7,0,0,0,0,0,0,4,1,5,1,38,7,-1,-1,-1,-1,9,1,-1,0
Unvalidated,2024991421246,2024,991421246,1,9,0,18,8,4,0,5,0,4,0,0,1,1,5,2,69,10,-1,-1,-1,-1,8,3,-1,0
Unvalidated,2024991421246,2024,991421246,2,90,0,2,0,0,0,5,0,0,1,10,4,1,6,3,-1,-1,-1,-1,-1,-1,-1,-1,-1,0
Unvalidated,2024991421305,2024,991421305,1,19,0,18,1,5,0,0,0,0,0,0,0,1,1,1,26,6,-1,-1,-1,-1,2,1,-1,0
Unvalidated,2024991421305,2024,991421305,2,1,0,18,1,5,0,0,0,0,0,0,4,1,6,1,50,8,-1,-1,-1,-1,-1,-1,-1,0
Unvalidated,2024991421330,2024,991421330,1,9,0,16,1,4,0,0,1,0,0,0,1,1,1,1,46,8,-1,-1,-1,-1,-1,-1,-1,0
Unvalidated,2024991421330,2024,991421330,2,8,0,17,5,8,0,0,0,0,0,0,1,1,5,1,71,10,-1,-1,-1,-1,-1,-1,-1,0
Unvalidated,2024991421437,2024,991421437,1,9,0,13,3,7,0,0,0,0,0,0,4,1,6,1,76,11,-1,-1,-1,-1,5,1,-1,0
Unvalidated,2024991421456,2024,991421456,1,9,0,18,2,6,0,0,0,0,0,0,1,1,5,2,82,11,-1,-1,-1,-1,7,2,-1,0
Unvalidated,2024991421464,2024,991421464,1,20,0,18,4,8,0,1,0,0,0,0,1,1,1,1,44,7,-1,-1,-1,-1,-1,-1,-1,0
Unvalidated,2024991421517,2024,991421517,1,9,0,18,2,6,0,2,0,0,0,0,4,1,6,1,47,8,-1,-1,-1,-1,3,3,-1,0
Unvalidated,2024991421519,2024,991421519,1,8,0,7,1,3,0,2,0,0,0,0,3,1,1,1,49,8,-1,-1,-1,-1,3,1,-1,0
Unvalidated,2024991421519,2024,991421519,2,9,0,18,7,3,0,1,0,0,0,0,1,1,5,1,30,6,-1,-1,-1,-1,9,1,-1,0
Unvalidated,2024991421525,2024,991421525,1,8,0,15,7,3,0,1,0,0,7,11,1,1,1,1,29,6,-1,-1,-1,-1,1,1,-1,0
Unvalidated,2024991421525,2024,991421525,2,9,0,2,0,0,5,2,0,0,0,0,0,1,6,3,-1,-1,-1,-1,-1,-1,-1,-1,-1,0
Unvalidated,2024991421534,2024,991421534,1,19,0,5,1,6,0,2,0,0,0,0,1,1,1,1,51,8,-1,-1,-1,-1,4,1,-1,0
Unvalidated,2024991421534,2024,991421534,2,9,0,18,6,3,0,1,0,0,7,0,4,1,2,1,60,9,-1,-1,-1,-1,3,1,-1,0
Unvalidated,2024991421558,2024,991421558,1,9,0,18,3,7,0,8,0,0,0,0,1,1,6,1,54,8,-1,-1,-1,-1,1,1,-1,0
Unvalidated,2024991421558,2024,991421558,2,9,0,9,7,5,0,8,0,0,0,0,1,1,6,2,25,5,-1,-1,-1,-1,8,1,-1,0
Unvalidated,2024991421567,2024,991421567,1,1,0,18,5,1,0,1,0,0,0,0,3,1,6,1,24,5,-1,-1,-1,-1,1,1,-1,0
Unvalidated,2024991421567,2024,991421567,2,9,0,18,3,7,0,1,0,0,0,0,1,1,5,2,59,9,-1,-1,-1,-1,1,1,-1,0
Unvalidated,2024991421568,2024,991421568,1,9,0,18,6,2,0,2,0,4,0,0,1,1,6,2,28,6,-1,-1,-1,-1,9,1,-1,0
Unvalidated,2024991421568,2024,991421568,2,9,0,2,5,1,0,2,0,0,0,0,2,1,5,2,33,6,-1,-1,-1,-1,7,1,-1,0
Unvalidated,2024991421621,2024,991421621,1,9,0,13,2,6,0,0,0,0,8,9,1,1,5,1,59,9,-1,-1,-1,-1,-1,-1,-1,0
Unvalidated,2024991421621,2024,991421621,2,9,0,13,2,6,0,0,0,0,7,9,2,1,2,1,39,7,-1,-1,-1,-1,-1,-1,-1,0
Unvalidated,2024991421621,2024,991421621,3,9,0,18,2,6,0,0,0,0,1,9,3,1,5,2,49,8,-1,-1,-1,-1,-1,-1,-1,0
Unvalidated,2024991421664,2024,991421664,1,9,0,16,3,7,0,0,0,0,0,0,1,1,5,2,22,5,-1,-1,-1,-1,6,3,E01026411,0
Unvalidated,2024991421664,2024,991421664,2,9,0,17,7,3,0,0,0,0,1,0,1,1,5,2,20,4,-1,-1,-1,-1,9,1,-1,0
Unvalidated,2024991421733,2024,991421733,1,9,0,18,1,6,0,6,0,0,0,0,1,1,6,1,30,6,-1,-1,-1,-1,-1,-1,-1,0
Unvalidated,2024991421747,2024,991421747,1,9,0,13,1,5,0,1,0,0,0,0,3,1,6,1,64,9,-1,-1,-1,-1,9,1,-1,0
Unvalidated,2024991421747,2024,991421747,2,4,0,18,1,5,0,1,2,0,0,0,3,1,2,1,57,9,-1,-1,-1,-1,4,1,-1,0
Unvalidated,2024991421755,2024,991421755,1,5,0,5,5,2,0,2,0,0,1,0,2,1,5,1,35,6,-1,-1,-1,-1,4,1,-1,0
Unvalidated,2024991421762,2024,991421762,1,9,0,12,7,3,0,7,0,11,5,6,2,1,5,1,18,4,-1,-1,-1,-1,1,1,-1,0
Unvalidated,2024991421762,2024,991421762,2,9,0,18,7,3,0,1,0,0,5,0,1,1,5,2,24,5,-1,-1,-1,-1,1,1,-1,0
Unvalidated,2024991421762,2024,991421762,3,9,0,18,7,3,0,1,0,0,0,0,2,1,5,2,46,8,-1,-1,-1,-1,-1,-1,-1,0
Unvalidated,2024991421762,2024,991421762,4,19,0,18,7,3,0,1,0,4,0,0,2,1,2,1,52,8,-1,-1,-1,-1,2,1,-1,0
Unvalidated,2024991421762,2024,991421762,5,9,0,18,7,3,0,1,0,4,0,0,1,1,6,1,44,7,-1,-1,-1,-1,3,1,-1,0
Unvalidated,2024991421773,2024,991421773,1,9,0,18,1,5,0,2,0,0,0,0,1,1,5,2,24,5,-1,-1,-1,-1,2,1,-1,0
Unvalidated,2024991421773,2024,991421773,2,9,0,18,1,5,0,2,0,0,0,0,1,1,5,2,29,6,-1,-1,-1,-1,6,1,-1,0
Unvalidated,2024991421775,2024,991421775,1,9,0,16,7,3,0,0,0,0,8,7,2,1,6,1,17,4,-1,-1,-1,-1,5,1,-1,0