status,collision_index,collision_year,collision_reference,vehicle_reference,vehicle_type,towing_and_articulation,vehicle_manoeuvre,vehicle_direction_from,vehicle_direction_to,vehicle_location_restricted_lane,junction_location,skidding_and_overturning,hit_object_in_carriageway,vehicle_leaving_carriageway,hit_object_off_carriageway,first_point_of_impact,vehicle_left_hand_drive,journey_purpose_of_driver,sex_of_driver,age_of_driver,age_band_of_driver,engine_capacity_cc,propulsion_code,age_of_vehicle,generic_make_model,driver_imd_decile,driver_home_area_type,lsoa_of_driver,escooter_flag
Unvalidated,2024991421775,2024,991421775,2,21,0,18,3,7,0,0,0,0,0,0,1,1,1,1,29,6,-1,-1,-1,-1,-1,-1,-1,0
Unvalidated,2024991421787,2024,991421787,1,9,0,9,7,5,0,8,0,0,0,0,1,1,2,1,46,8,-1,-1,-1,-1,4,1,-1,0
Unvalidated,2024991421830,2024,991421830,1,17,4,17,4,8,0,0,0,0,0,0,3,1,5,1,34,6,-1,-1,-1,-1,5,3,-1,0
Unvalidated,2024991421830,2024,991421830,2,9,0,16,8,4,0,0,0,0,0,0,3,1,2,1,31,6,-1,-1,-1,-1,5,3,-1,0
Unvalidated,2024991421963,2024,991421963,1,9,0,1,7,3,0,1,0,0,0,0,2,2,6,1,18,4,-1,-1,-1,-1,-1,-1,-1,0
Unvalidated,2024991421963,2024,991421963,2,9,0,18,3,7,0,1,0,0,0,0,3,2,5,2,59,9,-1,-1,-1,-1,8,1,-1,0
Unvalidated,2024991421963,2024,991421963,3,9,0,3,3,7,0,1,0,0,0,0,1,2,2,2,44,7,-1,-1,-1,-1,9,2,-1,0
Unvalidated,2024991421963,2024,991421963,4,9,0,3,3,7,0,1,0,0,0,0,4,2,2,2,38,7,-1,-1,-1,-1,-1,-1,-1,0
Unvalidated,2024991421985,2024,991421985,1,9,0,16,5,1,0,0,0,0,7,0,1,1,5,2,22,5,-1,-1,-1,-1,7,3,-1,0
Unvalidated,2024991421985,2024,991421985,2,9,0,2,1,5,6,0,0,0,1,0,1,1,6,3,-1,-1,-1,-1,-1,-1,-1,-1,-1,0
Unvalidated,2024991421985,2024,991421985,3,9,0,2,1,5,6,0,0,0,0,0,1,1,6,3,-1,-1,-1,-1,-1,-1,-1,-1,-1,0
Unvalidated,2024991422032,2024,991422032,1,8,0,9,7,5,0,6,0,0,0,0,1,1,1,1,27,6,-1,-1,-1,-1,8,3,-1,0
Unvalidated,2024991422098,2024,991422098,1,9,0,7,8,6,0,4,0,0,0,0,1,1,6,2,53,8,-1,-1,-1,-1,3,3,-1,0
Unvalidated,2024991422098,2024,991422098,2,9,0,18,1,6,0,4,0,0,0,0,4,1,2,2,32,6,-1,-1,-1,-1,8,2,-1,0
Unvalidated,2024991422199,2024,991422199,1,9,0,9,6,3,0,5,0,0,0,0,1,1,5,1,24,5,-1,-1,-1,-1,9,3,-1,0
Unvalidated,2024991422221,2024,991422221,2,19,0,2,0,0,9,2,0,0,0,0,0,1,6,3,-1,-1,-1,-1,-1,-1,-1,-1,-1,0
Unvalidated,2024991422221,2024,991422221,3,1,0,14,6,2,0,2,0,0,0,0,1,1,5,2,56,9,-1,-1,-1,-1,-1,-1,-1,0
Unvalidated,2024991422397,2024,991422397,1,21,0,7,8,3,0,5,0,0,0,0,1,1,1,1,61,9,-1,-1,-1,-1,9,1,-1,0
Unvalidated,2024991422397,2024,991422397,2,1,0,18,8,5,0,2,0,0,0,0,3,1,6,2,56,9,-1,-1,-1,-1,10,1,-1,0
Unvalidated,2024991422452,2024,991422452,1,11,0,9,1,6,0,8,0,0,0,0,0,1,1,1,50,8,-1,-1,-1,-1,-1,-1,-1,0
Unvalidated,2024991422460,2024,991422460,1,11,0,9,7,4,0,8,0,0,0,0,1,1,1,1,60,9,-1,-1,-1,-1,3,1,-1,0
Unvalidated,2024991422469,2024,991422469,1,9,0,18,5,1,0,6,1,0,0,0,1,1,2,1,33,6,-1,-1,-1,-1,8,1,-1,0
Unvalidated,2024991422545,2024,991422545,1,8,0,16,6,5,0,8,0,0,0,0,1,1,1,2,50,8,-1,-1,-1,-1,2,1,-1,0
Unvalidated,2024991422550,2024,991422550,1,3,0,16,1,5,0,0,1,0,8,0,4,1,5,1,28,6,-1,-1,-1,-1,1,1,-1,0
Unvalidated,2024991422551,2024,991422551,1,9,0,4,8,4,0,0,0,0,0,0,2,1,5,1,27,6,-1,-1,-1,-1,6,3,-1,0
Unvalidated,2024991422551,2024,991422551,2,4,0,18,8,4,0,0,1,0,0,0,1,1,5,1,24,5,-1,-1,-1,-1,6,3,-1,0
Unvalidated,2024991422567,2024,991422567,1,11,0,18,5,1,0,0,0,0,0,0,4,2,1,1,49,8,-1,-1,-1,-1,-1,-1,-1,0
Unvalidated,2024991422567,2024,991422567,2,9,0,18,1,5,0,0,0,0,0,0,3,1,1,2,51,8,-1,-1,-1,-1,5,2,-1,0
Unvalidated,2024991422572,2024,991422572,1,9,0,13,3,7,0,0,5,0,0,0,1,1,6,1,22,5,-1,-1,-1,-1,5,1,-1,0
Unvalidated,2024991422572,2024,991422572,2,9,0,18,3,7,0,0,0,0,0,0,2,1,6,1,18,4,-1,-1,-1,-1,7,1,-1,0
Unvalidated,2024991422572,2024,991422572,3,9,0,18,3,7,0,0,0,0,0,0,0,1,1,1,28,6,-1,-1,-1,-1,10,1,-1,0
Unvalidated,2024991422664,2024,991422664,1,9,0,18,6,2,0,0,0,0,0,0,1,1,1,1,29,6,-1,-1,-1,-1,3,1,-1,0
Unvalidated,2024991422664,2024,991422664,2,9,0,18,2,6,0,0,0,0,0,0,1,1,1,1,42,7,-1,-1,-1,-1,6,2,-1,0
Unvalidated,2024991422788,2024,991422788,1,9,0,5,3,8,0,0,0,0,0,0,3,1,6,2,55,8,-1,-1,-1,-1,-1,-1,-1,0
Unvalidated,2024991422788,2024,991422788,2,9,0,17,8,5,0,0,0,0,0,0,1,1,6,2,35,6,-1,-1,-1,-1,-1,-1,-1,0
Unvalidated,2024991422813,2024,991422813,1,9,0,18,5,1,0,1,0,0,0,0,1,1,5,2,17,4,-1,-1,-1,-1,8,3,-1,0
Unvalidated,2024991422827,2024,991422827,1,9,0,18,2,6,0,0,0,0,0,0,1,1,6,1,42,7,-1,-1,-1,-1,5,1,-1,0
Unvalidated,2024991422827,2024,991422827,2,9,0,18,2,6,0,0,0,0,0,0,2,1,6,1,52,8,-1,-1,-1,-1,6,2,-1,0
Unvalidated,2024991422827,2024,991422827,3,20,0,18,2,6,0,0,0,0,0,0,2,1,1,1,55,8,-1,-1,-1,-1,3,1,-1,0
Unvalidated,2024991422963,2024,991422963,1,8,0,5,1,5,0,1,0,0,0,0,1,1,1,1,45,7,-1,-1,-1,-1,-1,-1,-1,0
Unvalidated,2024991422963,2024,991422963,2,9,0,3,1,7,0,1,0,0,0,0,2,1,5,1,31,6,-1,-1,-1,-1,-1,-1,-1,0
Unvalidated,2024991422984,2024,991422984,1,1,0,18,1,5,0,0,0,0,7,0,2,1,5,1,21,5,-1,-1,-1,-1,6,1,-1,0
Unvalidated,2024991422984,2024,991422984,2,9,0,18,1,5,0,0,0,0,0,0,1,1,6,1,34,6,-1,-1,-1,-1,5,1,-1,0
Unvalidated,2024991422995,2024,991422995,1,8,0,5,3,7,0,0,0,0,0,0,0,1,1,1,50,8,-1,-1,-1,-1,7,2,-1,0
Unvalidated,2024991422997,2024,991422997,1,8,0,5,6,6,0,0,0,0,0,0,2,1,1,1,63,9,-1,-1,-1,-1,-1,-1,-1,0
Unvalidated,2024991422997,2024,991422997,2,19,0,4,6,6,0,0,0,4,0,0,1,1,1,1,34,6,-1,-1,-1,-1,-1,-1,-1,0
Unvalidated,2024991422998,2024,991422998,1,19,0,18,7,3,0,0,0,0,0,0,1,1,1,1,23,5,-1,-1,-1,-1,6,3,-1,0
Unvalidated,2024991422998,2024,991422998,2,9,0,2,7,3,0,0,0,0,1,0,2,1,6,1,90,11,-1,-1,-1,-1,3,2,-1,0
Unvalidated,2024991423016,2024,991423016,1,9,0,1,6,2,0,1,0,0,0,0,2,1,5,2,84,11,-1,-1,-1,-1,4,2,-1,0
Unvalidated,2024991423030,2024,991423030,1,9,0,9,1,7,0,6,0,0,0,0,1,1,6,2,47,8,-1,-1,-1,-1,4,1,-1,0
Unvalidated,2024991423030,2024,991423030,2,5,0,18,5,8,0,1,0,0,0,0,1,1,6,1,52,8,-1,-1,-1,-1,4,2,-1,0
Unvalidated,2024991423298,2024,991423298,1,9,0,18,7,3,0,0,0,0,0,0,1,1,5,1,75,10,-1,-1,-1,-1,1,1,-1,0
Unvalidated,2024991423339,2024,991423339,1,9,0,18,7,4,0,0,0,0,0,0,1,1,5,1,33,6,-1,-1,-1,-1,9,1,-1,0
Unvalidated,2024991423343,2024,991423343,1,90,0,18,7,3,9,0,0,0,0,0,2,1,6,2,16,4,-1,-1,-1,-1,-1,-1,-1,1
Unvalidated,2024991423381,2024,991423381,1,9,0,18,5,1,0,0,1,0,6,0,4,1,5,1,26,6,-1,-1,-1,-1,1,1,-1,0
Unvalidated,2024991423381,2024,991423381,2,9,0,18,1,5,0,0,0,0,0,0,1,1,1,1,65,9,-1,-1,-1,-1,3,1,-1,0
Unvalidated,2024991423382,2024,991423382,1,21,0,18,8,6,0,0,5,0,0,0,4,1,6,3,-1,-1,-1,-1,-1,-1,-1,-1,-1,0
Unvalidated,2024991423540,2024,991423540,1,1,0,9,3,7,0,1,0,0,0,0,3,1,5,1,18,4,-1,-1,-1,-1,1,1,-1,0
Unvalidated,2024991423540,2024,991423540,2,9,0,4,3,7,0,1,0,0,0,0,4,1,5,2,53,8,-1,-1,-1,-1,2,1,-1,0
Unvalidated,2024991423616,2024,991423616,1,9,0,18,6,2,0,8,0,0,0,0,4,1,6,1,50,8,-1,-1,-1,-1,-1,-1,-1,0
Unvalidated,2024991423657,2024,991423657,1,9,0,5,3,8,0,6,0,0,0,0,1,1,6,1,60,9,-1,-1,-1,-1,-1,-1,-1,0
Unvalidated,2024991423657,2024,991423657,2,9,0,18,8,5,0,1,0,0,0,0,1,1,1,1,62,9,-1,-1,-1,-1,2,1,-1,0
Unvalidated,2024991423689,2024,991423689,1,9,0,18,4,8,0,0,0,0,0,0,1,1,5,1,37,7,-1,-1,-1,-1,1,1,-1,0
Unvalidated,2024991423720,2024,991423720,1,8,0,9,7,5,0,6,0,0,0,0,1,1,1,1,34,6,-1,-1,-1,-1,1,1,-1,0
Unvalidated,2024991423724,2024,991423724,1,21,0,18,6,2,0,0,0,0,0,0,1,1,1,1,21,5,-1,-1,-1,-1,5,1,-1,0
Unvalidated,2024991423724,2024,991423724,2,9,0,4,6,2,0,0,0,0,1,0,2,1,5,1,55,8,-1,-1,-1,-1,7,1,-1,0
Unvalidated,2024991423742,2024,991423742,1,9,0,18,4,1,0,0,1,0,1,0,1,1,6,1,39,7,-1,-1,-1,-1,5,1,-1,0
Unvalidated,2024991423759,2024,991423759,1,9,0,17,5,1,0,2,0,0,0,0,4,1,6,2,33,6,-1,-1,-1,-1,2,1,-1,0
Unvalidated,2024991423759,2024,991423759,2,1,0,18,5,2,0,1,0,0,0,0,3,1,6,1,33,6,-1,-1,-1,-1,-1,-1,-1,0
Unvalidated,2024991423776,2024,991423776,1,9,0,9,5,3,0,2,0,0,0,0,1,1,6,1,23,5,-1,-1,-1,-1,5,1,-1,0
Unvalidated,2024991423776,2024,991423776,2,9,0,18,3,7,0,1,0,0,0,0,1,1,6,1,37,7,-1,-1,-1,-1,3,3,-1,0
Unvalidated,2024991423804,2024,991423804,1,9,0,18,3,7,0,0,0,0,0,0,4,1,2,1,33,6,-1,-1,-1,-1,1,1,-1,0
Unvalidated,2024991423823,2024,991423823,1,9,0,18,6,2,0,1,0,0,0,0,1,1,1,1,30,6,-1,-1,-1,-1,1,1,-1,0
Unvalidated,2024991423852,2024,991423852,1,9,0,15,6,2,0,0,0,0,0,0,2,1,5,1,38,7,-1,-1,-1,-1,6,1,-1,0
Unvalidated,2024991423852,2024,991423852,2,9,0,18,6,5,0,0,5,0,0,0,4,1,5,1,50,8,-1,-1,-1,-1,5,3,-1,0
Unvalidated,2024991423885,2024,991423885,1,9,0,9,4,8,0,0,0,0,0,0,1,1,5,1,30,6,-1,-1,-1,-1,8,1,-1,0
Unvalidated,2024991423885,2024,991423885,2,9,0,2,0,0,0,0,0,0,0,0,2,1,6,3,-1,-1,-1,-1,-1,-1,-1,-1,-1,0
Unvalidated,2024991423898,2024,991423898,1,9,0,13,1,5,0,0,0,0,0,0,3,1,5,1,33,6,-1,-1,-1,-1,5,3,-1,0
Unvalidated,2024991423898,2024,991423898,2,9,0,13,2,6,0,0,5,0,2,0,1,1,5,1,24,5,-1,-1,-1,-1,4,1,-1,0
Unvalidated,2024991423906,2024,991423906,1,9,0,4,7,3,0,0,0,0,0,0,4,1,5,2,76,11,-1,-1,-1,-1,5,3,-1,0
Unvalidated,2024991423926,2024,991423926,1,9,0,1,6,2,5,0,0,0,0,0,2,1,5,1,48,8,-1,-1,-1,-1,1,1,-1,0
Unvalidated,2024991423926,2024,991423926,2,1,0,18,2,6,5,0,0,0,0,0,1,1,5,2,56,9,-1,-1,-1,-1,-1,-1,-1,0
Unvalidated,2024991423950,2024,991423950,1,9,0,5,6,2,5,1,0,0,0,0,3,1,6,2,49,8,-1,-1,-1,-1,8,1,-1,0
Unvalidated,2024991424035,2024,991424035,1,9,0,9,4,2,0,8,0,0,6,0,1,1,5,1,19,4,-1,-1,-1,-1,2,1,-1,0
Unvalidated,2024991424035,2024,991424035,2,9,0,18,7,4,0,2,0,0,0,0,1,1,5,1,68,10,-1,-1,-1,-1,7,1,-1,0
Unvalidated,2024991424141,2024,991424141,1,9,0,18,1,4,0,8,0,0,0,0,4,1,6,2,68,10,-1,-1,-1,-1,9,1,-1,0
Unvalidated,2024991424141,2024,991424141,2,9,0,5,1,2,0,8,0,0,0,0,1,1,6,1,80,11,-1,-1,-1,-1,9,1,-1,0
Unvalidated,2024991424172,2024,991424172,1,9,0,15,3,7,0,0,1,0,7,0,1,1,6,2,30,6,-1,-1,-1,-1,2,1,-1,0
Unvalidated,2024991424201,2024,991424201,1,9,0,4,5,1,0,0,0,0,0,0,1,1,5,1,39,7,-1,-1,-1,-1,-1,-1,-1,0
Unvalidated,2024991424201,2024,991424201,2,4,0,4,5,8,0,0,0,0,0,0,2,1,6,1,80,11,-1,-1,-1,-1,10,1,-1,0
Unvalidated,2024991424203,2024,991424203,1,9,0,18,3,7,0,1,1,0,0,0,1,1,5,1,46,8,-1,-1,-1,-1,-1,3,-1,0
Unvalidated,2024991424203,2024,991424203,2,9,0,7,3,7,0,1,0,0,0,0,2,1,5,1,61,9,-1,-1,-1,-1,9,1,-1,0
Unvalidated,2024991424211,2024,991424211,1,5,0,9,1,5,0,0,1,0,1,0,4,1,6,1,64,9,-1,-1,-1,-1,6,3,-1,0
Unvalidated,2024991424212,2024,991424212,1,97,0,18,4,8,0,1,0,0,0,0,3,1,6,1,21,5,-1,-1,-1,-1,1,1,-1,0
Unvalidated,2024991424212,2024,991424212,2,9,0,18,2,6,0,1,0,0,0,0,4,1,6,1,87,11,-1,-1,-1,-1,10,1,-1,0
Unvalidated,2024991424274,2024,991424274,1,90,0,7,4,8,0,4,0,0,0,0,1,1,5,1,66,10,-1,-1,-1,-1,6,3,-1,0
Unvalidated,2024991424274,2024,991424274,2,1,0,18,2,7,0,8,0,0,0,0,2,1,5,1,47,8,-1,-1,-1,-1,7,1,-1,0
Unvalidated,2024991424276,2024,991424276,1,97,0,4,6,2,6,0,0,0,0,0,2,1,5,1,57,9,-1,-1,-1,-1,6,1,-1,0
Unvalidated,2024991424276,2024,991424276,2,97,0,4,6,2,6,0,0,0,0,0,1,1,5,1,63,9,-1,-1,-1,-1,5,1,-1,0
Unvalidated,2024991424278,2024,991424278,1,9,0,18,4,8,0,2,5,4,0,0,4,1,6,1,81,11,-1,-1,-1,-1,1,1,-1,0
Unvalidated,2024991424278,2024,991424278,2,9,0,2,0,0,0,2,0,0,0,0,2,1,6,3,-1,-1,-1,-1,-1,-1,-1,-1,-1,0
Unvalidated,2024991424278,2024,991424278,3,9,0,2,0,0,0,1,0,0,0,0,1,1,6,3,-1,-1,-1,-1,-1,-1,-1,-1,-1,0
Unvalidated,2024991424330,2024,991424330,1,19,0,13,2,6,0,0,0,0,0,0,1,1,6,1,48,8,-1,-1,-1,-1,5,2,-1,0
Unvalidated,2024991424330,2024,991424330,2,9,0,18,6,2,0,0,0,0,0,0,3,1,5,1,41,7,-1,-1,-1,-1,5,3,-1,0
Unvalidated,2024991424330,2024,991424330,3,9,0,18,2,6,0,0,0,0,0,0,2,1,6,1,30,6,-1,-1,-1,-1,6,2,-1,0
Unvalidated,2024991424341,2024,991424341,1,9,0,18,3,7,0,0,5,0,0,0,4,1,2,2,42,7,-1,-1,-1,-1,7,1,-1,0
Unvalidated,2024991424341,2024,991424341,2,9,0,2,0,0,0,0,0,0,0,0,4,1,6,3,-1,-1,-1,-1,-1,-1,-1,-1,-1,0
Unvalidated,2024991424351,2024,991424351,1,4,0,4,6,2,0,4,2,0,0,0,0,1,2,2,29,6,-1,-1,-1,-1,7,1,-1,0
Unvalidated,2024991424406,2024,991424406,1,9,0,5,5,1,0,0,0,0,0,0,1,1,1,2,61,9,-1,-1,-1,-1,7,3,-1,0
Unvalidated,2024991424406,2024,991424406,2,9,0,5,1,5,0,0,0,0,0,0,1,1,6,2,39,7,-1,-1,-1,-1,6,1,-1,0
Unvalidated,2024991424422,2024,991424422,1,19,0,17,6,2,0,0,0,0,0,0,1,1,6,1,55,8,-1,-1,-1,-1,10,1,-1,0
Unvalidated,2024991424422,2024,991424422,2,9,0,16,1,5,0,0,1,0,0,0,1,1,6,2,37,7,-1,-1,-1,-1,4,3,-1,0
Unvalidated,2024991424550,2024,991424550,1,9,0,9,3,8,0,8,0,0,4,0,2,1,6,2,78,11,-1,-1,-1,-1,5,3,-1,0
Unvalidated,2024991424550,2024,991424550,2,19,0,18,4,8,0,8,0,0,0,0,1,2,1,1,36,7,-1,-1,-1,-1,7,1,E01020392,0
Unvalidated,2024991424665,2024,991424665,1,9,0,13,1,5,0,0,0,4,0,0,1,1,1,1,33,6,-1,-1,-1,-1,1,1,-1,0
Unvalidated,2024991424714,2024,991424714,1,11,0,18,3,7,0,0,0,0,0,0,1,1,1,1,51,8,-1,-1,-1,-1,10,1,-1,0
Unvalidated,2024991424748,2024,991424748,1,23,0,18,1,5,0,1,1,0,0,0,2,1,6,1,14,3,-1,-1,-1,-1,6,1,-1,0
Unvalidated,2024991424748,2024,991424748,2,9,0,18,1,5,0,1,0,0,1,11,1,1,6,1,54,8,-1,-1,-1,-1,9,1,-1,0
Unvalidated,2024991424748,2024,991424748,3,9,0,18,1,5,0,1,0,0,0,0,1,1,6,2,27,6,-1,-1,-1,-1,4,1,-1,0
Unvalidated,2024991424748,2024,991424748,4,9,0,18,1,5,0,1,0,0,0,0,1,1,6,1,64,9,-1,-1,-1,-1,7,3,-1,0
Unvalidated,2024991424748,2024,991424748,5,9,0,18,5,1,0,1,1,0,0,0,1,1,6,1,61,9,-1,-1,-1,-1,5,2,-1,0
Unvalidated,2024991424749,2024,991424749,1,9,0,14,7,3,0,0,0,0,0,0,1,1,5,2,31,6,-1,-1,-1,-1,8,3,-1,0
Unvalidated,2024991424940,2024,991424940,1,9,0,18,4,8,0,1,0,0,0,0,1,1,6,2,35,6,-1,-1,-1,-1,7,1,-1,0
Unvalidated,2024991424940,2024,991424940,2,9,0,4,5,8,0,1,0,0,0,0,2,1,6,1,37,7,-1,-1,-1,-1,6,1,-1,0
Unvalidated,2024991424956,2024,991424956,1,9,0,18,5,1,0,0,0,0,1,10,1,1,5,1,18,4,-1,-1,-1,-1,5,1,E01011820,0
Unvalidated,2024991424963,2024,991424963,1,9,0,18,3,7,0,0,0,0,0,0,1,1,6,2,23,5,-1,-1,-1,-1,6,2,-1,0
Unvalidated,2024991424968,2024,991424968,1,9,0,18,5,1,0,0,0,0,0,0,4,1,5,2,77,11,-1,-1,-1,-1,5,1,-1,0
Unvalidated,2024991424968,2024,991424968,2,8,0,6,1,1,0,0,0,0,0,0,3,1,6,3,65,9,-1,-1,-1,-1,2,1,-1,0
Unvalidated,2024991425012,2024,991425012,1,8,0,6,3,3,0,0,0,0,0,0,3,1,1,1,45,7,-1,-1,-1,-1,1,1,-1,0
Unvalidated,2024991425012,2024,991425012,2,1,0,18,3,7,0,0,0,0,0,0,1,1,6,1,54,8,-1,-1,-1,-1,10,1,-1,0
Unvalidated,2024991425018,2024,991425018,1,9,0,9,6,4,0,1,0,0,0,0,4,1,5,1,82,11,-1,-1,-1,-1,9,1,-1,0
Unvalidated,2024991425018,2024,991425018,2,9,0,18,4,1,0,1,0,0,3,11,1,1,3,1,46,8,-1,-1,-1,-1,10,1,-1,0
Unvalidated,2024991425127,2024,991425127,1,8,0,9,3,1,0,6,0,0,0,0,1,1,5,1,39,7,-1,-1,-1,-1,1,1,-1,0
Unvalidated,2024991425128,2024,991425128,1,9,0,18,5,1,0,0,0,0,0,0,1,1,2,2,49,8,-1,-1,-1,-1,9,3,-1,0
Unvalidated,2024991425138,2024,991425138,1,9,0,18,4,8,0,0,0,0,0,0,1,1,5,1,30,6,-1,-1,-1,-1,1,1,-1,0
Unvalidated,2024991425138,2024,991425138,2,9,0,18,4,8,0,0,0,0,0,0,2,1,2,1,45,7,-1,-1,-1,-1,1,1,-1,0
Unvalidated,2024991425138,2024,991425138,3,9,0,18,4,8,0,0,0,0,0,0,2,1,5,2,30,6,-1,-1,-1,-1,7,1,-1,0
Unvalidated,2024991425163,2024,991425163,1,19,0,18,2,6,0,0,0,0,0,0,1,1,1,1,27,6,-1,-1,-1,-1,2,1,-1,0
Unvalidated,2024991425163,2024,991425163,2,9,0,18,2,6,0,0,0,0,0,0,2,1,5,1,18,4,-1,-1,-1,-1,7,1,-1,0
Unvalidated,2024991425163,2024,991425163,3,9,0,18,2,6,0,0,0,0,0,0,2,1,5,2,36,7,-1,-1,-1,-1,9,1,-1,0
Unvalidated,2024991425163,2024,991425163,4,9,0,18,2,6,0,0,0,0,0,0,2,1,1,1,69,10,-1,-1,-1,-1,4,1,-1,0
Unvalidated,2024991425189,2024,991425189,1,9,0,5,6,2,0,1,0,0,7,11,1,1,5,2,71,10,-1,-1,-1,-1,9,1,-1,0
Unvalidated,2024991425196,2024,991425196,1,9,0,16,7,3,0,0,1,0,0,0,1,1,2,1,23,5,-1,-1,-1,-1,6,3,-1,0
Unvalidated,2024991425196,2024,991425196,2,17,0,17,3,7,0,0,0,0,0,0,1,1,1,1,47,8,-1,-1,-1,-1,5,3,-1,0
Unvalidated,2024991425220,2024,991425220,1,9,0,9,5,3,0,5,1,7,1,2,4,1,1,1,35,6,-1,-1,-1,-1,2,1,-1,0
Unvalidated,2024991425220,2024,991425220,2,9,0,18,8,5,0,8,0,0,0,0,1,1,2,1,35,6,-1,-1,-1,-1,6,1,-1,0
Unvalidated,2024991425230,2024,991425230,1,9,0,18,2,6,0,0,1,0,1,7,1,1,6,1,48,8,-1,-1,-1,-1,1,1,-1,0
Unvalidated,2024991425286,2024,991425286,1,98,0,2,3,7,0,0,0,0,0,0,2,1,1,1,58,9,-1,-1,-1,-1,3,1,-1,0
Unvalidated,2024991425286,2024,991425286,2,9,0,16,3,7,0,0,1,4,1,7,1,1,6,1,43,7,-1,-1,-1,-1,-1,-1,-1,0
Unvalidated,2024991425333,2024,991425333,1,9,0,9,1,8,0,8,0,0,7,0,1,1,5,1,26,6,-1,-1,-1,-1,1,1,-1,0
Unvalidated,2024991425333,2024,991425333,2,1,0,18,5,1,0,2,0,0,0,0,1,1,5,1,40,7,-1,-1,-1,-1,1,1,-1,0
Unvalidated,2024991425384,2024,991425384,1,9,0,7,3,4,0,4,0,0,0,0,1,1,5,1,32,6,-1,-1,-1,-1,-1,-1,-1,0
Unvalidated,2024991425384,2024,991425384,2,9,0,18,8,4,0,3,0,0,0,0,4,1,5,1,52,8,-1,-1,-1,-1,3,1,-1,0
Unvalidated,2024991425393,2024,991425393,1,9,0,18,7,3,0,2,5,0,0,0,1,1,5,2,71,10,-1,-1,-1,-1,7,3,-1,0
Unvalidated,2024991425393,2024,991425393,2,9,0,2,0,0,0,2,0,0,0,0,2,1,6,3,-1,-1,-1,-1,-1,-1,-1,-1,-1,0
Unvalidated,2024991425434,2024,991425434,1,9,0,18,3,7,0,1,0,0,0,0,4,1,5,2,18,4,-1,-1,-1,-1,6,1,-1,0
Unvalidated,2024991425483,2024,991425483,1,9,0,9,3,1,0,6,0,0,0,0,1,1,6,2,24,5,-1,-1,-1,-1,1,1,-1,0
Unvalidated,2024991425483,2024,991425483,2,9,0,18,1,5,0,1,0,0,0,0,1,1,6,2,59,9,-1,-1,-1,-1,2,1,-1,0
Unvalidated,2024991425542,2024,991425542,1,9,0,12,7,3,0,0,0,0,0,0,1,1,6,1,27,6,-1,-1,-1,-1,5,1,-1,0
Unvalidated,2024991425542,2024,991425542,2,9,0,18,7,3,0,0,0,0,0,0,1,1,5,1,21,5,-1,-1,-1,-1,2,1,-1,0
Unvalidated,2024991425542,2024,991425542,3,9,0,18,7,3,0,0,0,0,0,0,1,1,5,1,23,5,-1,-1,-1,-1,4,1,-1,0
Unvalidated,2024991425542,2024,991425542,4,19,0,18,7,3,0,0,0,0,0,0,2,1,1,1,30,6,-1,-1,-1,-1,3,1,-1,0
Unvalidated,2024991425565,2024,991425565,1,9,0,18,8,3,0,0,1,0,1,0,1,1,6,1,39,7,-1,-1,-1,-1,7,3,-1,0
Unvalidated,2024991425565,2024,991425565,2,9,0,18,3,8,0,0,1,0,1,0,1,1,6,1,28,6,-1,-1,-1,-1,-1,-1,-1,0
Unvalidated,2024991425574,2024,991425574,1,9,0,18,4,8,0,0,0,0,0,0,1,1,5,2,37,7,-1,-1,-1,-1,-1,-1,-1,0
Unvalidated,2024991425574,2024,991425574,2,9,0,18,3,8,0,0,0,0,0,0,2,1,5,2,38,7,-1,-1,-1,-1,-1,-1,-1,0
Unvalidated,2024991425578,2024,991425578,1,9,0,18,3,1,0,1,0,0,0,0,1,1,5,1,47,8,-1,-1,-1,-1,1,1,-1,0
Unvalidated,2024991425578,2024,991425578,2,9,0,9,7,2,0,1,0,0,0,0,1,1,2,2,23,5,-1,-1,-1,-1,4,1,-1,0
Unvalidated,2024991425579,2024,991425579,1,9,0,18,4,8,0,0,0,0,0,0,1,1,5,2,24,5,-1,-1,-1,-1,8,1,E01012225,0
Unvalidated,2024991425579,2024,991425579,2,19,0,18,4,8,0,0,0,0,0,0,2,1,2,1,58,9,-1,-1,-1,-1,7,3,-1,0
Unvalidated,2024991425642,2024,991425642,1,9,0,16,3,7,0,0,1,0,4,6,3,1,2,1,18,4,-1,-1,-1,-1,9,1,-1,0
Unvalidated,2024991425926,2024,991425926,1,9,0,18,7,3,0,6,0,0,0,0,3,1,5,2,57,9,-1,-1,-1,-1,6,3,-1,0
Unvalidated,2024991425926,2024,991425926,2,5,0,18,5,1,0,1,0,0,0,0,1,1,5,1,54,8,-1,-1,-1,-1,10,1,-1,0
Unvalidated,2024991425929,2024,991425929,1,9,0,18,6,2,0,1,0,0,0,0,1,1,6,1,51,8,-1,-1,-1,-1,3,1,-1,0
Unvalidated,2024991425929,2024,991425929,2,9,0,3,6,2,0,1,0,0,0,0,2,1,6,2,46,8,-1,-1,-1,-1,2,1,-1,0
Unvalidated,2024991425931,2024,991425931,1,9,0,18,3,7,0,0,0,0,0,0,1,1,6,1,63,9,-1,-1,-1,-1,8,3,-1,0
Unvalidated,2024991425972,2024,991425972,1,9,0,18,3,8,0,0,0,0,0,0,1,1,6,1,59,9,-1,-1,-1,-1,10,1,-1,0
Unvalidated,2024991425972,2024,991425972,2,1,0,18,3,8,0,0,0,0,1,0,2,1,6,2,55,8,-1,-1,-1,-1,5,2,-1,0
Unvalidated,2024991426021,2024,991426021,1,8,0,18,2,6,0,0,0,0,0,0,1,1,1,1,49,8,-1,-1,-1,-1,3,1,-1,0
Unvalidated,2024991426021,2024,991426021,2,9,0,18,6,2,0,0,0,0,0,0,1,1,2,2,52,8,-1,-1,-1,-1,7,2,-1,0
Unvalidated,2024991426056,2024,991426056,1,9,0,18,2,6,0,0,0,0,1,4,1,1,6,1,51,8,-1,-1,-1,-1,7,2,-1,0
Unvalidated,2024991426097,2024,991426097,1,9,0,1,1,7,0,2,0,0,0,0,2,1,6,1,48,8,-1,-1,-1,-1,9,1,-1,0
Unvalidated,2024991426097,2024,991426097,2,1,0,14,8,3,0,2,0,0,1,0,1,1,6,2,50,8,-1,-1,-1,-1,-1,-1,-1,0