status,collision_index,collision_year,collision_reference,vehicle_reference,vehicle_type,towing_and_articulation,vehicle_manoeuvre,vehicle_direction_from,vehicle_direction_to,vehicle_location_restricted_lane,junction_location,skidding_and_overturning,hit_object_in_carriageway,vehicle_leaving_carriageway,hit_object_off_carriageway,first_point_of_impact,vehicle_left_hand_drive,journey_purpose_of_driver,sex_of_driver,age_of_driver,age_band_of_driver,engine_capacity_cc,propulsion_code,age_of_vehicle,generic_make_model,driver_imd_decile,driver_home_area_type,lsoa_of_driver,escooter_flag
Unvalidated,2024991426100,2024,991426100,1,98,0,18,5,1,0,0,0,5,0,0,1,1,1,1,53,8,-1,-1,-1,-1,7,1,-1,0
Unvalidated,2024991426120,2024,991426120,1,9,0,18,1,4,0,0,1,0,0,0,1,1,5,1,45,7,-1,-1,-1,-1,2,1,E01012535,0
Unvalidated,2024991426120,2024,991426120,2,9,0,18,4,1,0,0,0,0,1,0,1,1,5,1,33,6,-1,-1,-1,-1,1,1,-1,0
Unvalidated,2024991426137,2024,991426137,1,9,0,18,7,4,0,0,0,0,0,0,4,1,1,1,37,7,-1,-1,-1,-1,7,1,-1,0
Unvalidated,2024991426172,2024,991426172,1,9,0,1,8,4,0,0,0,0,0,0,2,1,6,1,30,6,-1,-1,-1,-1,-1,-1,-1,0
Unvalidated,2024991426181,2024,991426181,1,8,0,18,7,3,0,3,0,0,0,0,4,1,1,1,56,9,-1,-1,-1,-1,2,1,-1,0
Unvalidated,2024991426206,2024,991426206,1,11,0,18,3,7,0,1,0,0,0,0,1,1,1,1,59,9,-1,-1,-1,-1,4,3,-1,0
Unvalidated,2024991426206,2024,991426206,2,19,0,7,5,7,0,5,0,0,0,0,2,1,1,1,51,8,-1,-1,-1,-1,9,1,-1,0
Unvalidated,2024991426208,2024,991426208,1,9,0,9,4,1,0,2,0,0,0,0,3,1,5,1,67,10,-1,-1,-1,-1,10,1,-1,0
Unvalidated,2024991426208,2024,991426208,2,1,0,18,1,5,0,1,5,0,0,0,1,1,6,1,38,7,-1,-1,-1,-1,10,1,-1,0
Unvalidated,2024991426217,2024,991426217,1,9,0,9,4,1,0,2,0,0,0,0,3,1,5,1,67,10,-1,-1,-1,-1,1,1,-1,0
Unvalidated,2024991426217,2024,991426217,2,9,0,18,2,6,0,1,0,0,0,0,1,1,6,1,48,8,-1,-1,-1,-1,-1,-1,-1,0
Unvalidated,2024991426223,2024,991426223,1,9,0,18,3,7,0,0,0,0,0,0,1,1,5,2,66,10,-1,-1,-1,-1,2,1,-1,0
Unvalidated,2024991426248,2024,991426248,1,9,0,18,2,6,0,0,1,0,7,0,1,1,6,2,72,10,-1,-1,-1,-1,9,3,-1,0
Unvalidated,2024991426250,2024,991426250,1,9,0,18,2,7,0,8,0,0,0,0,1,1,1,1,36,7,-1,-1,-1,-1,6,1,-1,0
Unvalidated,2024991426250,2024,991426250,2,8,0,18,4,1,0,8,0,0,0,0,3,1,1,1,59,9,-1,-1,-1,-1,9,1,-1,0
Unvalidated,2024991426254,2024,991426254,1,9,0,18,1,4,0,8,1,10,8,11,1,1,2,1,21,5,-1,-1,-1,-1,-1,-1,-1,0
Unvalidated,2024991426275,2024,991426275,1,9,0,18,1,5,0,0,5,7,1,1,1,1,5,1,31,6,-1,-1,-1,-1,6,3,-1,0
Unvalidated,2024991426336,2024,991426336,1,9,0,16,6,2,0,0,0,0,0,0,3,1,2,1,32,6,-1,-1,-1,-1,6,2,-1,0
Unvalidated,2024991426336,2024,991426336,2,9,0,17,2,6,0,0,0,0,0,0,3,1,5,2,21,5,-1,-1,-1,-1,9,3,-1,0
Unvalidated,2024991426370,2024,991426370,1,9,0,18,6,2,0,0,0,0,0,0,1,1,1,2,50,8,-1,-1,-1,-1,1,1,-1,0
Unvalidated,2024991426407,2024,991426407,1,8,0,18,7,3,0,0,0,0,0,0,1,1,1,1,61,9,-1,-1,-1,-1,3,1,-1,0
Unvalidated,2024991426407,2024,991426407,2,10,0,18,3,7,0,0,0,0,0,0,1,1,1,1,62,9,-1,-1,-1,-1,1,1,-1,0
Unvalidated,2024991426440,2024,991426440,1,9,0,18,5,1,0,1,0,0,0,0,1,1,6,2,49,8,-1,-1,-1,-1,1,1,-1,0
Unvalidated,2024991426440,2024,991426440,2,9,0,10,5,3,0,1,0,0,0,0,2,1,6,2,63,9,-1,-1,-1,-1,7,3,-1,0
Unvalidated,2024991426482,2024,991426482,1,19,0,18,5,1,0,0,0,4,0,0,1,1,5,1,38,7,-1,-1,-1,-1,2,1,-1,0
Unvalidated,2024991426482,2024,991426482,2,9,0,3,5,1,0,0,0,0,0,0,2,1,3,2,17,4,-1,-1,-1,-1,3,1,-1,0
Unvalidated,2024991426493,2024,991426493,1,9,0,1,4,8,0,2,0,0,1,0,2,1,5,1,38,7,-1,-1,-1,-1,6,1,-1,0
Unvalidated,2024991426529,2024,991426529,1,9,0,18,6,2,0,0,0,0,0,0,1,1,5,1,36,7,-1,-1,-1,-1,1,1,-1,0
Unvalidated,2024991426539,2024,991426539,1,9,0,16,1,5,0,0,0,0,1,9,1,1,6,1,29,6,-1,-1,-1,-1,7,3,E01018335,0
Unvalidated,2024991426599,2024,991426599,1,9,0,18,4,7,0,1,0,0,3,2,1,1,6,1,29,6,-1,-1,-1,-1,1,1,-1,0
Unvalidated,2024991426614,2024,991426614,1,9,0,18,7,3,0,3,0,0,0,0,1,1,5,1,45,7,-1,-1,-1,-1,-1,-1,-1,0
Unvalidated,2024991426614,2024,991426614,2,9,0,18,7,3,0,3,0,0,0,0,2,1,5,1,72,10,-1,-1,-1,-1,1,1,-1,0
Unvalidated,2024991426614,2024,991426614,3,9,0,9,7,3,0,3,0,0,0,0,2,1,5,2,51,8,-1,-1,-1,-1,5,1,-1,0
Unvalidated,2024991426643,2024,991426643,1,2,0,18,3,7,0,0,5,0,0,0,4,1,5,1,52,8,-1,-1,-1,-1,-1,-1,-1,0
Unvalidated,2024991426646,2024,991426646,1,9,0,18,3,7,0,8,0,0,0,0,4,1,5,2,23,5,-1,-1,-1,-1,10,1,-1,0
Unvalidated,2024991426670,2024,991426670,1,9,0,18,3,8,0,0,0,0,0,0,4,1,5,1,57,9,-1,-1,-1,-1,7,3,-1,0
Unvalidated,2024991426673,2024,991426673,1,9,0,9,6,3,0,2,0,0,0,0,4,1,6,1,22,5,-1,-1,-1,-1,4,1,-1,0
Unvalidated,2024991426677,2024,991426677,1,9,0,18,1,5,0,1,0,0,0,0,3,1,5,2,19,4,-1,-1,-1,-1,-1,-1,-1,0
Unvalidated,2024991426677,2024,991426677,2,9,0,9,1,7,0,6,0,0,0,0,1,1,6,1,68,10,-1,-1,-1,-1,-1,-1,-1,0
Unvalidated,2024991426688,2024,991426688,1,9,0,9,3,1,0,1,0,0,0,0,3,1,5,2,83,11,-1,-1,-1,-1,6,2,-1,0
Unvalidated,2024991426722,2024,991426722,1,9,0,1,3,7,0,5,0,0,0,0,2,1,6,1,86,11,-1,-1,-1,-1,7,1,-1,0
Unvalidated,2024991426722,2024,991426722,2,9,0,2,7,7,0,2,0,0,0,0,1,1,6,3,-1,-1,-1,-1,-1,-1,-1,-1,-1,0
Unvalidated,2024991426726,2024,991426726,1,9,0,5,8,4,0,0,0,0,0,0,0,1,5,1,18,4,-1,-1,-1,-1,6,3,-1,0
Unvalidated,2024991426732,2024,991426732,1,23,0,18,5,8,0,2,0,0,0,0,1,1,5,1,75,10,-1,-1,-1,-1,10,1,-1,0
Unvalidated,2024991426743,2024,991426743,1,9,0,15,3,7,0,0,0,0,0,0,4,1,5,1,58,9,-1,-1,-1,-1,-1,-1,-1,0
Unvalidated,2024991426743,2024,991426743,2,11,0,18,3,7,0,0,0,0,0,0,4,1,1,1,42,7,-1,-1,-1,-1,-1,-1,-1,0
Unvalidated,2024991426754,2024,991426754,1,9,0,5,1,5,0,4,0,0,0,0,1,1,5,1,20,4,-1,-1,-1,-1,2,1,-1,0
Unvalidated,2024991426754,2024,991426754,2,9,0,18,1,5,0,4,0,0,0,0,2,1,5,2,29,6,-1,-1,-1,-1,-1,-1,-1,0
Unvalidated,2024991426770,2024,991426770,1,19,0,18,1,5,0,1,1,0,1,11,1,2,5,1,40,7,-1,-1,-1,-1,1,1,-1,0
Unvalidated,2024991426770,2024,991426770,2,9,0,2,0,0,0,2,0,0,0,0,1,2,5,1,36,7,-1,-1,-1,-1,1,1,-1,0
Unvalidated,2024991426776,2024,991426776,1,9,0,9,8,6,0,1,0,0,0,0,1,1,6,2,24,5,-1,-1,-1,-1,5,1,-1,0
Unvalidated,2024991426776,2024,991426776,2,5,0,18,4,8,0,1,5,0,1,0,1,1,6,1,49,8,-1,-1,-1,-1,5,1,-1,0
Unvalidated,2024991426776,2024,991426776,3,9,0,3,6,4,0,1,0,0,0,0,1,1,6,1,23,5,-1,-1,-1,-1,7,1,-1,0
Unvalidated,2024991426828,2024,991426828,1,11,0,9,6,2,0,3,0,0,0,0,0,1,1,1,35,6,-1,-1,-1,-1,10,1,-1,0
Unvalidated,2024991426942,2024,991426942,1,9,0,18,5,1,0,0,0,0,0,0,4,1,5,1,20,4,-1,-1,-1,-1,9,1,-1,0
Unvalidated,2024991426943,2024,991426943,1,9,0,10,8,5,0,1,0,0,0,0,2,1,6,1,36,7,-1,-1,-1,-1,9,1,-1,0
Unvalidated,2024991426943,2024,991426943,2,3,0,18,8,3,0,1,0,0,0,0,1,1,6,1,18,4,-1,-1,-1,-1,8,1,-1,0
Unvalidated,2024991426949,2024,991426949,1,9,0,11,7,3,0,0,0,0,0,0,1,1,5,2,34,6,-1,-1,-1,-1,-1,-1,-1,0
Unvalidated,2024991426949,2024,991426949,2,9,0,18,7,3,0,0,0,0,0,0,3,1,5,1,31,6,-1,-1,-1,-1,4,1,-1,0
Unvalidated,2024991426966,2024,991426966,1,9,0,18,2,6,0,1,0,0,0,0,1,1,5,2,35,6,-1,-1,-1,-1,1,1,-1,0
Unvalidated,2024991426966,2024,991426966,2,22,0,18,8,7,0,8,2,0,0,0,1,1,5,1,88,11,-1,-1,-1,-1,3,1,-1,0
Unvalidated,2024991426966,2024,991426966,3,9,0,18,6,2,0,1,0,0,0,0,3,1,5,1,26,6,-1,-1,-1,-1,1,1,-1,0
Unvalidated,2024991426993,2024,991426993,1,9,0,18,7,3,0,0,1,0,1,7,1,1,2,1,47,8,-1,-1,-1,-1,3,1,-1,0
Unvalidated,2024991426996,2024,991426996,1,9,0,16,3,6,6,0,0,0,7,0,1,1,6,1,21,5,-1,-1,-1,-1,6,3,-1,0
Unvalidated,2024991427086,2024,991427086,1,9,0,18,6,2,0,0,1,0,8,0,1,1,6,2,26,6,-1,-1,-1,-1,6,1,-1,0
Unvalidated,2024991427153,2024,991427153,1,8,0,5,2,4,0,2,0,0,0,0,1,1,1,1,65,9,-1,-1,-1,-1,10,1,-1,0
Unvalidated,2024991427153,2024,991427153,3,1,0,18,8,4,0,1,0,0,0,0,2,1,2,2,65,9,-1,-1,-1,-1,8,1,-1,0
Unvalidated,2024991427174,2024,991427174,1,9,0,18,6,8,0,2,0,0,0,0,1,1,6,1,74,10,-1,-1,-1,-1,4,1,-1,0
Unvalidated,2024991427188,2024,991427188,1,19,0,18,6,2,0,0,0,0,0,0,1,1,1,1,21,5,-1,-1,-1,-1,6,2,-1,0
Unvalidated,2024991427188,2024,991427188,2,19,0,4,6,2,0,0,0,0,0,0,2,1,1,1,56,9,-1,-1,-1,-1,2,1,-1,0
Unvalidated,2024991427258,2024,991427258,1,9,0,18,1,5,0,0,0,0,0,0,1,1,5,2,66,10,-1,-1,-1,-1,7,1,-1,0
Unvalidated,2024991427329,2024,991427329,1,9,0,18,1,5,0,0,0,0,0,0,1,1,2,2,58,9,-1,-1,-1,-1,2,1,-1,0
Unvalidated,2024991427334,2024,991427334,1,9,0,18,6,2,0,0,0,0,0,0,1,1,5,1,59,9,-1,-1,-1,-1,-1,-1,-1,0
Unvalidated,2024991427334,2024,991427334,2,9,0,18,2,6,0,0,0,0,0,0,1,1,5,2,28,6,-1,-1,-1,-1,-1,-1,-1,0
Unvalidated,2024991427338,2024,991427338,1,9,0,18,4,8,0,0,0,0,0,0,4,1,6,3,50,8,-1,-1,-1,-1,-1,-1,-1,0
Unvalidated,2024991427338,2024,991427338,2,1,0,18,4,8,0,0,0,0,0,0,3,1,6,1,19,4,-1,-1,-1,-1,4,1,-1,0
Unvalidated,2024991427345,2024,991427345,1,9,0,18,7,3,0,0,0,0,0,0,4,1,6,1,45,7,-1,-1,-1,-1,-1,-1,-1,0
Unvalidated,2024991427528,2024,991427528,1,9,0,18,2,7,0,8,0,0,0,0,1,1,6,3,23,5,-1,-1,-1,-1,-1,-1,-1,0
Unvalidated,2024991427528,2024,991427528,2,9,0,3,2,8,0,8,0,0,0,0,2,1,5,1,23,5,-1,-1,-1,-1,5,1,-1,0
Unvalidated,2024991427585,2024,991427585,1,9,0,9,8,5,0,1,0,0,7,1,3,1,5,2,76,11,-1,-1,-1,-1,5,2,-1,0
Unvalidated,2024991427585,2024,991427585,2,5,0,13,8,4,0,1,5,0,7,11,1,1,5,1,59,9,-1,-1,-1,-1,-1,-1,-1,0
Unvalidated,2024991427650,2024,991427650,1,9,0,18,3,7,0,0,1,0,1,0,3,1,5,1,32,6,-1,-1,-1,-1,2,1,-1,0
Unvalidated,2024991427656,2024,991427656,1,9,0,18,2,6,0,3,0,0,0,0,1,1,2,2,27,6,-1,-1,-1,-1,5,3,E01025331,0
Unvalidated,2024991427705,2024,991427705,1,9,0,18,5,1,0,0,2,0,0,0,4,1,5,1,43,7,-1,-1,-1,-1,4,1,-1,0
Unvalidated,2024991427726,2024,991427726,1,9,0,17,2,6,0,0,0,0,1,11,1,1,5,1,17,4,-1,-1,-1,-1,6,2,-1,0
Unvalidated,2024991427875,2024,991427875,1,19,0,18,4,8,0,0,0,0,0,0,1,1,6,3,50,8,-1,-1,-1,-1,-1,-1,-1,0
Unvalidated,2024991427875,2024,991427875,2,9,0,18,4,8,0,0,0,0,0,0,2,1,6,2,47,8,-1,-1,-1,-1,6,2,-1,0
Unvalidated,2024991427902,2024,991427902,1,9,0,16,8,5,0,2,0,11,1,2,1,1,6,2,43,7,-1,-1,-1,-1,1,1,-1,0
Unvalidated,2024991427942,2024,991427942,1,9,0,18,1,5,0,1,0,0,0,0,1,1,1,1,35,6,-1,-1,-1,-1,-1,-1,-1,0
Unvalidated,2024991427942,2024,991427942,2,19,0,18,3,7,0,1,0,0,0,0,1,1,1,1,30,6,-1,-1,-1,-1,-1,-1,-1,0
Unvalidated,2024991428014,2024,991428014,1,98,0,18,4,8,0,0,2,10,4,0,4,1,6,1,35,6,-1,-1,-1,-1,6,1,-1,0
Unvalidated,2024991428014,2024,991428014,2,90,0,3,4,8,0,0,0,0,0,0,3,1,6,1,65,9,-1,-1,-1,-1,4,1,-1,0
Unvalidated,2024991428015,2024,991428015,1,21,1,18,2,7,0,0,5,0,0,0,4,1,1,1,33,6,-1,-1,-1,-1,1,1,E01012266,0
Unvalidated,2024991428015,2024,991428015,2,9,0,18,5,8,0,0,0,0,0,0,1,1,5,2,39,7,-1,-1,-1,-1,4,1,-1,0
Unvalidated,2024991428023,2024,991428023,1,9,0,18,8,4,0,0,0,0,0,0,1,1,5,1,49,8,-1,-1,-1,-1,3,2,-1,0
Unvalidated,2024991428023,2024,991428023,2,9,0,18,4,8,0,0,0,0,0,0,1,1,5,2,39,7,-1,-1,-1,-1,7,1,-1,0
Unvalidated,2024991428045,2024,991428045,1,1,0,18,7,3,4,1,0,0,0,0,4,1,2,1,28,6,-1,-1,-1,-1,10,1,-1,0
Unvalidated,2024991428045,2024,991428045,2,8,0,5,1,3,0,1,0,0,0,0,1,1,1,1,50,8,-1,-1,-1,-1,-1,-1,-1,0
Unvalidated,2024991428052,2024,991428052,1,9,0,18,3,7,0,0,0,0,0,0,1,1,5,1,60,9,-1,-1,-1,-1,-1,-1,-1,0
Unvalidated,2024991428068,2024,991428068,1,9,0,4,4,8,0,1,0,0,0,0,4,1,5,2,40,7,-1,-1,-1,-1,8,1,-1,0
Unvalidated,2024991428084,2024,991428084,1,9,0,18,2,6,0,4,0,0,0,0,1,1,1,3,65,9,-1,-1,-1,-1,4,1,-1,0
Unvalidated,2024991428084,2024,991428084,2,9,0,18,2,6,0,4,0,0,0,0,2,1,5,2,42,7,-1,-1,-1,-1,8,2,-1,0
Unvalidated,2024991428100,2024,991428100,1,9,0,9,6,5,0,8,0,0,0,0,1,2,5,1,52,8,-1,-1,-1,-1,8,1,-1,0
Unvalidated,2024991428100,2024,991428100,2,1,0,18,2,6,0,8,0,0,0,0,2,1,2,1,33,6,-1,-1,-1,-1,4,1,-1,0
Unvalidated,2024991428107,2024,991428107,1,9,0,18,6,1,0,0,0,0,0,0,1,1,6,3,-1,-1,-1,-1,-1,-1,-1,-1,-1,0
Unvalidated,2024991428107,2024,991428107,2,9,0,18,6,1,0,0,0,0,0,0,2,1,5,2,45,7,-1,-1,-1,-1,-1,-1,-1,0
Unvalidated,2024991428131,2024,991428131,1,9,0,18,4,8,0,0,0,0,7,11,1,1,6,2,62,9,-1,-1,-1,-1,6,3,-1,0
Unvalidated,2024991428150,2024,991428150,1,9,0,18,5,8,0,6,0,0,3,0,3,1,6,1,52,8,-1,-1,-1,-1,1,1,-1,0
Unvalidated,2024991428150,2024,991428150,2,9,0,18,2,6,0,6,0,0,0,0,1,1,6,1,49,8,-1,-1,-1,-1,5,1,-1,0
Unvalidated,2024991428168,2024,991428168,1,9,0,18,6,2,0,0,0,0,1,0,1,1,6,1,50,8,-1,-1,-1,-1,2,3,-1,0
Unvalidated,2024991428168,2024,991428168,2,9,0,18,2,6,0,0,0,0,1,0,1,1,2,2,34,6,-1,-1,-1,-1,3,3,-1,0
Unvalidated,2024991428281,2024,991428281,1,9,0,7,6,8,0,8,0,0,0,0,4,1,2,1,55,8,-1,-1,-1,-1,5,1,-1,0
Unvalidated,2024991428281,2024,991428281,2,22,0,18,6,2,0,1,0,0,0,0,3,1,6,1,47,8,-1,-1,-1,-1,2,1,-1,0
Unvalidated,2024991428384,2024,991428384,1,19,0,16,2,6,0,0,0,0,5,0,4,1,5,1,32,6,-1,-1,-1,-1,3,1,E01007569,0
Unvalidated,2024991428384,2024,991428384,2,9,0,18,2,6,0,0,2,0,0,0,3,1,5,1,46,8,-1,-1,-1,-1,1,1,-1,0
Unvalidated,2024991428410,2024,991428410,1,9,0,18,6,2,0,0,2,0,1,0,1,1,5,1,17,4,-1,-1,-1,-1,7,1,-1,0
Unvalidated,2024991428458,2024,991428458,1,9,0,18,7,4,0,0,0,0,0,0,1,1,6,3,-1,-1,-1,-1,-1,-1,-1,-1,-1,0
Unvalidated,2024991428460,2024,991428460,1,9,0,18,1,5,0,0,0,0,0,0,1,1,5,2,43,7,-1,-1,-1,-1,8,3,-1,0
Unvalidated,2024991428460,2024,991428460,2,9,0,18,1,5,0,0,0,0,0,0,2,1,5,2,26,6,-1,-1,-1,-1,4,1,-1,0
Unvalidated,2024991428474,2024,991428474,1,9,0,5,6,2,9,6,0,0,0,0,1,1,6,1,62,9,-1,-1,-1,-1,-1,-1,-1,0
Unvalidated,2024991428484,2024,991428484,1,9,0,18,3,7,0,1,0,0,0,0,1,1,6,1,28,6,-1,-1,-1,-1,5,1,-1,0
Unvalidated,2024991428484,2024,991428484,2,9,0,3,3,7,0,2,0,0,0,0,2,1,6,1,54,8,-1,-1,-1,-1,1,1,-1,0
Unvalidated,2024991428484,2024,991428484,3,9,0,4,3,7,0,1,0,0,0,0,2,1,6,2,33,6,-1,-1,-1,-1,8,1,-1,0
Unvalidated,2024991428537,2024,991428537,1,9,0,18,3,7,0,0,0,0,7,4,1,1,6,1,47,8,-1,-1,-1,-1,-1,-1,-1,0
Unvalidated,2024991428565,2024,991428565,1,9,0,18,4,8,0,0,1,0,0,0,1,1,6,1,31,6,-1,-1,-1,-1,6,3,-1,0
Unvalidated,2024991428565,2024,991428565,2,9,0,18,8,4,0,0,5,0,0,0,1,1,5,2,31,6,-1,-1,-1,-1,6,3,-1,0
Unvalidated,2024991428574,2024,991428574,1,9,0,18,4,8,0,0,0,0,0,0,1,2,5,2,40,7,-1,-1,-1,-1,3,1,-1,0
Unvalidated,2024991428634,2024,991428634,1,8,0,18,3,7,0,0,0,0,0,0,1,1,1,1,39,7,-1,-1,-1,-1,-1,-1,-1,0
Unvalidated,2024991428634,2024,991428634,2,9,0,18,3,7,0,0,0,0,0,0,1,1,1,1,39,7,-1,-1,-1,-1,10,2,-1,0
Unvalidated,2024991428662,2024,991428662,1,9,0,4,1,6,0,1,0,0,0,0,1,1,6,2,22,5,-1,-1,-1,-1,-1,-1,-1,0
Unvalidated,2024991428662,2024,991428662,2,9,0,3,1,6,0,1,0,0,0,0,2,1,6,2,48,8,-1,-1,-1,-1,1,1,-1,0
Unvalidated,2024991428717,2024,991428717,1,9,0,18,3,7,0,0,0,0,2,0,1,1,5,1,75,10,-1,-1,-1,-1,10,1,-1,0
Unvalidated,2024991428748,2024,991428748,1,9,0,18,5,1,0,5,0,0,1,11,1,1,6,1,21,5,-1,-1,-1,-1,5,3,-1,0
Unvalidated,2024991428759,2024,991428759,1,9,0,18,7,3,0,0,0,0,0,0,3,1,1,1,27,6,-1,-1,-1,-1,7,1,-1,0
Unvalidated,2024991428813,2024,991428813,1,9,0,17,7,3,0,0,5,0,1,0,1,1,6,1,18,4,-1,-1,-1,-1,2,3,-1,0
Unvalidated,2024991429009,2024,991429009,1,9,0,18,4,8,0,0,0,0,0,0,0,1,5,2,67,10,-1,-1,-1,-1,4,1,-1,0
Unvalidated,2024991429028,2024,991429028,1,9,0,18,2,7,0,2,0,0,0,0,3,1,5,2,53,8,-1,-1,-1,-1,7,3,-1,0
Unvalidated,2024991429028,2024,991429028,2,9,0,18,7,2,0,1,0,0,0,0,1,1,5,2,34,6,-1,-1,-1,-1,5,2,-1,0
Unvalidated,2024991429077,2024,991429077,111,9,0,1,3,8,0,0,0,0,0,0,2,1,6,3,44,7,-1,-1,-1,-1,-1,-1,-1,0
Unvalidated,2024991429117,2024,991429117,1,9,0,4,7,3,0,0,0,0,0,0,2,1,5,2,40,7,-1,-1,-1,-1,4,3,-1,0
Unvalidated,2024991429117,2024,991429117,2,9,0,4,7,3,0,0,0,0,0,0,1,1,2,1,24,5,-1,-1,-1,-1,7,3,-1,0
Unvalidated,2024991429218,2024,991429218,1,2,0,18,1,5,0,0,0,0,0,0,1,1,5,2,16,4,-1,-1,-1,-1,2,1,-1,0
Unvalidated,2024991429276,2024,991429276,1,5,0,13,5,1,0,0,5,0,1,0,1,1,5,2,41,7,-1,-1,-1,-1,6,3,-1,0
Unvalidated,2024991429276,2024,991429276,2,9,0,18,5,2,0,0,0,0,0,0,0,1,5,1,68,10,-1,-1,-1,-1,10,3,-1,0
Unvalidated,2024991429276,2024,991429276,3,9,0,18,5,2,0,0,0,0,0,0,0,1,5,1,60,9,-1,-1,-1,-1,7,3,-1,0
Unvalidated,2024991429280,2024,991429280,1,9,0,9,6,4,0,6,0,0,0,0,4,1,6,2,50,8,-1,-1,-1,-1,2,1,-1,0
Unvalidated,2024991429280,2024,991429280,2,1,0,5,2,6,0,1,0,0,0,0,3,1,6,2,39,7,-1,-1,-1,-1,1,1,-1,0
Unvalidated,2024991429350,2024,991429350,1,9,0,9,4,2,0,1,0,0,0,0,1,1,5,2,22,5,-1,-1,-1,-1,2,1,-1,0
Unvalidated,2024991429350,2024,991429350,2,9,0,18,6,2,0,1,0,0,0,0,1,1,5,2,46,8,-1,-1,-1,-1,5,1,-1,0
Unvalidated,2024991429368,2024,991429368,1,97,0,18,6,2,0,0,1,11,1,0,4,1,5,1,57,9,-1,-1,-1,-1,5,2,-1,0
Unvalidated,2024991429375,2024,991429375,1,9,0,9,8,6,0,6,0,0,0,0,0,1,6,3,50,8,-1,-1,-1,-1,-1,-1,-1,0
Unvalidated,2024991429375,2024,991429375,2,9,0,18,6,2,0,1,0,0,0,0,2,1,6,2,67,10,-1,-1,-1,-1,2,2,-1,0
Unvalidated,2024991429375,2024,991429375,3,9,0,18,6,2,0,1,0,0,0,0,1,1,6,2,25,5,-1,-1,-1,-1,10,3,-1,0
Unvalidated,2024991429375,2024,991429375,4,9,0,18,6,2,0,1,0,0,0,0,1,1,6,1,20,4,-1,-1,-1,-1,7,3,-1,0
Unvalidated,2024991429396,2024,991429396,1,9,0,18,5,8,0,0,0,10,6,0,1,1,5,2,19,4,-1,-1,-1,-1,1,1,-1,0
Unvalidated,2024991429396,2024,991429396,2,9,0,18,8,4,0,0,0,0,0,0,1,1,2,2,49,8,-1,-1,-1,-1,8,3,-1,0
Unvalidated,2024991429633,2024,991429633,1,3,0,18,2,6,0,1,0,0,0,0,3,1,5,1,38,7,-1,-1,-1,-1,1,1,-1,0
Unvalidated,2024991429707,2024,991429707,1,9,0,5,7,2,0,0,5,0,1,9,4,1,5,1,83,11,-1,-1,-1,-1,7,3,-1,0
Unvalidated,2024991429707,2024,991429707,2,9,0,9,1,6,0,0,1,0,0,0,1,1,5,2,50,8,-1,-1,-1,-1,-1,-1,-1,0
Unvalidated,2024991429746,2024,991429746,1,21,1,18,5,1,0,0,5,0,1,0,4,1,1,1,64,9,-1,-1,-1,-1,2,1,-1,0
Unvalidated,2024991429772,2024,991429772,1,9,0,18,4,8,0,1,0,0,0,0,1,1,5,1,64,9,-1,-1,-1,-1,1,1,-1,0
Unvalidated,2024991429773,2024,991429773,1,8,0,18,2,6,0,0,0,0,0,0,1,1,1,1,60,9,-1,-1,-1,-1,4,1,-1,0
Unvalidated,2024991429786,2024,991429786,1,9,0,18,7,3,0,0,0,0,0,0,1,1,5,1,66,10,-1,-1,-1,-1,1,1,-1,0
Unvalidated,2024991429910,2024,991429910,1,9,0,17,1,5,9,0,0,0,0,0,1,1,5,2,45,7,-1,-1,-1,-1,-1,-1,-1,0
Unvalidated,2024991429910,2024,991429910,2,9,0,16,5,5,0,0,0,0,0,0,1,1,5,1,36,7,-1,-1,-1,-1,1,1,-1,0
Unvalidated,2024991429980,2024,991429980,1,9,0,9,2,6,0,5,0,0,0,0,1,1,5,1,23,5,-1,-1,-1,-1,2,1,-1,0
Unvalidated,2024991429980,2024,991429980,2,9,0,4,7,4,0,1,0,0,0,0,1,1,5,2,26,6,-1,-1,-1,-1,8,1,-1,0
Unvalidated,2024991429994,2024,991429994,1,9,0,7,5,7,0,1,0,0,0,0,2,1,5,2,27,6,-1,-1,-1,-1,-1,-1,-1,0
Unvalidated,2024991429994,2024,991429994,2,9,0,14,5,1,0,1,0,0,0,0,1,1,5,1,38,7,-1,-1,-1,-1,-1,-1,-1,0
Unvalidated,2024991430133,2024,991430133,1,9,0,9,5,3,0,8,0,0,0,0,1,1,5,1,17,4,-1,-1,-1,-1,8,1,-1,0
Unvalidated,2024991430133,2024,991430133,2,9,0,18,1,5,0,1,0,0,0,0,1,1,5,1,26,6,-1,-1,-1,-1,10,3,-1,0
Unvalidated,2024991430186,2024,991430186,1,9,0,18,6,2,0,1,0,0,0,0,1,1,6,1,50,8,-1,-1,-1,-1,-1,-1,-1,0
Unvalidated,2024991430188,2024,991430188,1,9,0,18,2,6,0,0,0,0,0,0,1,1,5,1,22,5,-1,-1,-1,-1,4,1,-1,0
Unvalidated,2024991430188,2024,991430188,2,9,0,18,2,6,0,0,0,0,0,0,2,1,5,2,62,9,-1,-1,-1,-1,2,3,-1,0
Unvalidated,2024991430188,2024,991430188,3,9,0,18,2,6,0,0,0,0,0,0,2,1,5,1,61,9,-1,-1,-1,-1,9,1,-1,0
Unvalidated,2024991430188,2024,991430188,4,9,0,4,2,6,0,0,0,0,0,0,2,1,5,1,49,8,-1,-1,-1,-1,10,3,-1,0
Unvalidated,2024991430190,2024,991430190,1,19,0,9,5,3,9,6,1,0,1,0,1,1,6,1,40,7,-1,-1,-1,-1,2,1,-1,0
Unvalidated,2024991430195,2024,991430195,1,9,0,5,3,7,0,1,0,0,0,0,4,1,6,1,48,8,-1,-1,-1,-1,4,1,-1,0
Unvalidated,2024991430195,2024,991430195,2,9,0,3,3,7,0,1,0,0,0,0,1,1,1,2,36,7,-1,-1,-1,-1,1,1,-1,0
Unvalidated,2024991430195,2024,991430195,3,9,0,3,3,7,0,1,0,0,0,0,3,1,1,2,46,8,-1,-1,-1,-1,2,1,-1,0
Unvalidated,2024991430206,2024,991430206,1,19,0,18,5,2,0,0,0,0,4,0,4,1,2,1,32,6,-1,-1,-1,-1,2,1,-1,0