status,collision_index,collision_year,collision_reference,vehicle_reference,vehicle_type,towing_and_articulation,vehicle_manoeuvre,vehicle_direction_from,vehicle_direction_to,vehicle_location_restricted_lane,junction_location,skidding_and_overturning,hit_object_in_carriageway,vehicle_leaving_carriageway,hit_object_off_carriageway,first_point_of_impact,vehicle_left_hand_drive,journey_purpose_of_driver,sex_of_driver,age_of_driver,age_band_of_driver,engine_capacity_cc,propulsion_code,age_of_vehicle,generic_make_model,driver_imd_decile,driver_home_area_type,lsoa_of_driver,escooter_flag
Unvalidated,2024991430213,2024,991430213,1,9,0,4,3,7,0,1,0,0,0,0,1,1,1,1,50,8,-1,-1,-1,-1,9,1,-1,0
Unvalidated,2024991430213,2024,991430213,2,9,0,4,3,7,0,1,0,0,0,0,2,1,2,2,24,5,-1,-1,-1,-1,5,1,-1,0
Unvalidated,2024991430218,2024,991430218,1,9,0,5,3,7,5,0,0,0,0,0,3,1,2,1,51,8,-1,-1,-1,-1,4,1,-1,0
Unvalidated,2024991430218,2024,991430218,2,1,0,18,3,7,5,0,0,0,0,0,1,1,2,1,16,4,-1,-1,-1,-1,1,1,-1,0
Unvalidated,2024991430225,2024,991430225,1,9,0,17,6,2,0,0,2,0,8,10,3,1,2,1,33,6,-1,-1,-1,-1,5,3,-1,0
Unvalidated,2024991430351,2024,991430351,1,5,0,4,3,7,0,1,1,0,0,0,1,1,5,1,45,7,-1,-1,-1,-1,10,1,-1,0
Unvalidated,2024991430351,2024,991430351,2,9,0,5,8,6,0,2,0,0,0,0,4,1,5,2,37,7,-1,-1,-1,-1,9,1,-1,0
Unvalidated,2024991430448,2024,991430448,1,9,0,18,2,6,0,0,0,4,1,0,1,1,5,1,21,5,-1,-1,-1,-1,8,1,-1,0
Unvalidated,2024991430448,2024,991430448,2,21,1,1,2,5,0,0,0,0,0,0,3,1,1,2,27,6,-1,-1,-1,-1,6,3,-1,0
Unvalidated,2024991430576,2024,991430576,1,5,0,17,6,2,9,1,0,0,2,0,4,1,5,1,25,5,-1,-1,-1,-1,9,1,-1,0
Unvalidated,2024991430603,2024,991430603,1,9,0,18,2,6,0,0,0,0,0,0,1,1,5,2,49,8,-1,-1,-1,-1,9,1,-1,0
Unvalidated,2024991430603,2024,991430603,2,8,0,9,7,3,0,0,0,0,0,0,4,1,5,1,66,10,-1,-1,-1,-1,7,1,-1,0
Unvalidated,2024991430626,2024,991430626,1,9,0,9,1,5,0,0,0,0,0,0,2,2,5,1,34,6,-1,-1,-1,-1,2,1,-1,0
Unvalidated,2024991430626,2024,991430626,2,19,0,18,1,5,0,0,0,0,0,0,1,2,2,1,41,7,-1,-1,-1,-1,7,2,-1,0
Unvalidated,2024991430636,2024,991430636,1,9,0,18,5,1,0,3,0,0,3,11,1,1,6,1,18,4,-1,-1,-1,-1,-1,-1,-1,0
Unvalidated,2024991430653,2024,991430653,1,9,0,9,3,1,0,6,0,0,8,0,1,1,2,2,42,7,-1,-1,-1,-1,3,1,-1,0
Unvalidated,2024991430653,2024,991430653,2,9,0,9,7,3,0,5,0,0,0,0,1,1,1,2,34,6,-1,-1,-1,-1,1,1,-1,0
Unvalidated,2024991430657,2024,991430657,1,9,0,5,1,5,0,3,0,4,0,0,1,1,6,1,27,6,-1,-1,-1,-1,5,1,-1,0
Unvalidated,2024991430657,2024,991430657,2,9,0,2,5,5,0,3,0,0,0,0,3,1,5,1,48,8,-1,-1,-1,-1,4,1,-1,0
Unvalidated,2024991430660,2024,991430660,1,4,0,18,3,7,0,2,1,0,0,0,1,1,6,1,19,4,-1,-1,-1,-1,2,1,-1,0
Unvalidated,2024991430662,2024,991430662,1,9,0,15,5,1,0,0,0,0,0,0,1,1,6,1,60,9,-1,-1,-1,-1,-1,-1,-1,0
Unvalidated,2024991430662,2024,991430662,2,9,0,18,1,5,0,0,0,0,1,0,3,1,6,2,52,8,-1,-1,-1,-1,-1,-1,-1,0
Unvalidated,2024991430662,2024,991430662,3,9,0,18,5,1,0,0,0,0,0,0,3,1,6,1,65,9,-1,-1,-1,-1,5,3,-1,0
Unvalidated,2024991430684,2024,991430684,1,9,0,9,4,2,0,1,0,0,7,0,4,1,5,2,45,7,-1,-1,-1,-1,2,2,-1,0
Unvalidated,2024991430684,2024,991430684,2,9,0,18,8,4,0,1,0,0,0,0,1,1,1,1,38,7,-1,-1,-1,-1,6,3,-1,0
Unvalidated,2024991430766,2024,991430766,1,9,0,13,2,6,0,0,5,0,7,11,1,1,1,2,51,8,-1,-1,-1,-1,10,2,-1,0
Unvalidated,2024991430791,2024,991430791,1,9,0,18,2,6,0,0,2,0,7,0,4,1,5,1,25,5,-1,-1,-1,-1,7,3,-1,0
Unvalidated,2024991430823,2024,991430823,1,9,0,9,6,3,1,3,0,10,1,0,1,1,5,1,84,11,-1,-1,-1,-1,2,1,-1,0
Unvalidated,2024991430823,2024,991430823,2,9,0,7,8,6,0,1,2,0,0,0,1,1,5,2,35,6,-1,-1,-1,-1,2,1,-1,0
Unvalidated,2024991430843,2024,991430843,1,9,0,18,1,5,0,1,0,0,0,0,1,1,6,2,42,7,-1,-1,-1,-1,-1,-1,-1,0
Unvalidated,2024991430843,2024,991430843,2,9,0,18,5,1,0,3,0,0,1,0,1,1,6,1,34,6,-1,-1,-1,-1,3,1,-1,0
Unvalidated,2024991430884,2024,991430884,1,9,0,18,2,7,0,3,0,0,1,11,1,1,6,1,63,9,-1,-1,-1,-1,2,1,-1,0
Unvalidated,2024991430998,2024,991430998,1,1,0,18,3,8,0,0,0,0,0,0,1,1,5,1,16,4,-1,-1,-1,-1,-1,-1,-1,0
Unvalidated,2024991430998,2024,991430998,2,9,0,18,8,4,0,0,0,0,0,0,3,1,5,1,45,7,-1,-1,-1,-1,9,3,-1,0
Unvalidated,2024991431036,2024,991431036,1,10,0,18,1,5,0,1,0,0,0,0,1,1,1,1,32,6,-1,-1,-1,-1,1,1,-1,0
Unvalidated,2024991431072,2024,991431072,1,11,0,18,7,3,0,0,0,0,0,0,0,1,1,1,58,9,-1,-1,-1,-1,3,1,-1,0
Unvalidated,2024991431162,2024,991431162,1,9,0,9,5,3,0,6,0,0,0,0,3,1,6,1,47,8,-1,-1,-1,-1,6,1,-1,0
Unvalidated,2024991431162,2024,991431162,2,9,0,18,3,7,0,1,0,0,0,0,1,1,6,2,37,7,-1,-1,-1,-1,2,1,-1,0
Unvalidated,2024991431192,2024,991431192,1,8,0,18,7,3,0,1,0,0,7,1,1,1,1,1,63,9,-1,-1,-1,-1,7,3,-1,0
Unvalidated,2024991431234,2024,991431234,1,9,0,18,2,6,0,0,0,0,0,0,4,1,5,2,37,7,-1,-1,-1,-1,2,1,-1,0
Unvalidated,2024991431234,2024,991431234,2,9,0,18,6,2,0,0,0,0,0,0,1,1,5,1,62,9,-1,-1,-1,-1,1,1,-1,0
Unvalidated,2024991431247,2024,991431247,1,9,0,18,8,4,0,0,0,0,0,0,3,1,6,3,-1,-1,-1,-1,-1,-1,-1,-1,-1,0
Unvalidated,2024991431247,2024,991431247,2,9,0,11,8,3,0,0,0,0,0,0,3,1,5,2,56,9,-1,-1,-1,-1,5,1,-1,0
Unvalidated,2024991431269,2024,991431269,1,9,0,18,3,7,0,0,0,0,0,0,1,1,2,2,41,7,-1,-1,-1,-1,4,1,-1,0
Unvalidated,2024991431269,2024,991431269,2,9,0,18,7,3,0,0,1,0,1,0,1,1,1,1,54,8,-1,-1,-1,-1,-1,-1,-1,0
Unvalidated,2024991431288,2024,991431288,1,9,0,18,1,5,0,1,0,0,0,0,1,1,6,1,79,11,-1,-1,-1,-1,5,3,-1,0
Unvalidated,2024991431288,2024,991431288,2,9,0,4,5,1,0,1,0,0,0,0,1,1,5,1,28,6,-1,-1,-1,-1,5,3,-1,0
Unvalidated,2024991431299,2024,991431299,1,11,0,4,4,8,0,1,0,0,0,0,0,1,1,1,40,7,-1,-1,-1,-1,4,1,-1,0
Unvalidated,2024991431301,2024,991431301,1,9,0,18,8,4,0,0,0,0,0,0,4,1,5,3,24,5,-1,-1,-1,-1,-1,-1,-1,0
Unvalidated,2024991431357,2024,991431357,1,9,0,18,4,8,0,0,5,10,7,11,3,1,5,2,33,6,-1,-1,-1,-1,7,2,-1,0
Unvalidated,2024991431358,2024,991431358,1,8,0,7,8,2,0,2,0,0,0,0,1,1,1,1,55,8,-1,-1,-1,-1,4,1,-1,0
Unvalidated,2024991431376,2024,991431376,1,9,0,9,3,8,0,0,0,0,0,0,2,1,5,2,27,6,-1,-1,-1,-1,-1,-1,-1,0
Unvalidated,2024991431376,2024,991431376,2,9,0,18,3,7,0,0,0,0,0,0,1,1,1,1,57,9,-1,-1,-1,-1,6,3,-1,0
Unvalidated,2024991431442,2024,991431442,1,9,0,18,5,1,0,0,0,0,0,0,1,1,1,2,42,7,-1,-1,-1,-1,3,1,-1,0
Unvalidated,2024991431457,2024,991431457,1,5,0,16,3,7,0,0,0,0,1,0,4,1,5,1,52,8,-1,-1,-1,-1,4,1,E01006390,0
Unvalidated,2024991431506,2024,991431506,1,9,0,9,8,6,0,6,0,0,1,0,3,1,5,1,85,11,-1,-1,-1,-1,-1,-1,-1,0
Unvalidated,2024991431506,2024,991431506,2,19,0,18,4,8,0,1,0,0,0,0,1,1,1,1,57,9,-1,-1,-1,-1,4,1,-1,0
Unvalidated,2024991431511,2024,991431511,1,9,0,17,2,6,0,0,0,0,7,0,1,1,5,1,60,9,-1,-1,-1,-1,3,1,-1,0
Unvalidated,2024991431543,2024,991431543,1,9,0,18,3,7,0,0,5,0,2,0,1,1,6,2,19,4,-1,-1,-1,-1,5,3,-1,0
Unvalidated,2024991431547,2024,991431547,1,9,0,18,6,2,0,0,1,0,7,4,1,1,1,1,28,6,-1,-1,-1,-1,8,2,-1,0
Unvalidated,2024991431580,2024,991431580,1,8,0,18,2,6,0,0,0,0,0,0,1,1,1,1,39,7,-1,-1,-1,-1,1,1,-1,0
Unvalidated,2024991431621,2024,991431621,1,9,0,18,8,4,0,0,5,6,1,6,1,1,6,2,42,7,-1,-1,-1,-1,7,1,-1,0
Unvalidated,2024991431621,2024,991431621,2,21,0,18,8,4,0,0,0,0,0,0,4,1,1,1,47,8,-1,-1,-1,-1,3,1,-1,0
Unvalidated,2024991431634,2024,991431634,1,5,0,18,5,8,0,0,1,0,7,0,4,1,5,1,59,9,-1,-1,-1,-1,4,1,E01008229,0
Unvalidated,2024991431805,2024,991431805,1,9,0,18,3,6,0,0,0,0,0,0,1,1,2,1,26,6,-1,-1,-1,-1,10,1,-1,0
Unvalidated,2024991431805,2024,991431805,2,9,0,4,3,7,0,0,0,0,0,0,2,1,6,1,39,7,-1,-1,-1,-1,9,1,-1,0
Unvalidated,2024991431807,2024,991431807,1,9,0,18,7,3,0,0,0,0,0,0,4,1,5,1,74,10,-1,-1,-1,-1,7,1,-1,0
Unvalidated,2024991431809,2024,991431809,1,98,0,18,1,5,0,0,0,0,0,0,1,1,6,1,22,5,-1,-1,-1,-1,8,3,-1,0
Unvalidated,2024991431809,2024,991431809,2,9,0,18,1,5,0,0,0,0,0,0,2,1,6,1,31,6,-1,-1,-1,-1,3,3,-1,0
Unvalidated,2024991431816,2024,991431816,1,9,0,18,1,3,0,0,0,0,0,0,1,1,5,2,85,11,-1,-1,-1,-1,8,3,-1,0
Unvalidated,2024991431823,2024,991431823,1,1,0,12,4,8,0,0,0,0,1,0,3,1,5,1,15,3,-1,-1,-1,-1,4,1,E01019217,0
Unvalidated,2024991431823,2024,991431823,2,9,0,13,4,8,0,0,0,0,0,0,4,1,5,1,73,10,-1,-1,-1,-1,7,3,-1,0
Unvalidated,2024991431835,2024,991431835,1,9,0,18,8,4,0,8,0,0,0,0,1,1,5,1,89,11,-1,-1,-1,-1,6,2,-1,0
Unvalidated,2024991431835,2024,991431835,2,9,0,18,2,6,0,8,1,0,1,1,3,1,5,2,41,7,-1,-1,-1,-1,6,3,-1,0
Unvalidated,2024991431837,2024,991431837,1,4,0,10,7,5,0,8,1,10,0,0,4,1,6,2,20,4,-1,-1,-1,-1,3,1,-1,0
Unvalidated,2024991431852,2024,991431852,1,9,0,18,3,7,0,0,0,0,1,4,1,1,5,2,19,4,-1,-1,-1,-1,1,1,-1,0
Unvalidated,2024991431852,2024,991431852,2,9,0,18,7,3,0,0,0,0,0,0,1,1,5,1,44,7,-1,-1,-1,-1,6,2,-1,0
Unvalidated,2024991431852,2024,991431852,3,9,0,18,3,7,0,0,0,0,0,0,1,1,2,2,28,6,-1,-1,-1,-1,5,1,-1,0
Unvalidated,2024991431870,2024,991431870,1,1,0,18,1,5,9,2,1,0,0,0,1,1,6,1,31,6,-1,-1,-1,-1,3,1,-1,0
Unvalidated,2024991431958,2024,991431958,1,9,0,18,7,4,0,0,0,0,0,0,1,1,2,1,30,6,-1,-1,-1,-1,3,3,-1,0
Unvalidated,2024991431958,2024,991431958,2,9,0,18,4,8,0,0,0,0,0,0,1,1,5,2,35,6,-1,-1,-1,-1,2,2,-1,0
Unvalidated,2024991431965,2024,991431965,1,9,0,4,6,2,0,0,1,0,0,0,1,1,5,2,34,6,-1,-1,-1,-1,8,3,-1,0
Unvalidated,2024991431965,2024,991431965,2,9,0,4,6,2,0,0,0,0,1,0,2,1,5,1,28,6,-1,-1,-1,-1,9,1,-1,0
Unvalidated,2024991431965,2024,991431965,3,9,0,4,6,2,0,0,0,0,0,0,2,1,5,1,66,10,-1,-1,-1,-1,7,3,-1,0
Unvalidated,2024991431967,2024,991431967,1,9,0,18,5,2,0,0,2,0,2,0,1,1,5,1,25,5,-1,-1,-1,-1,7,3,E01028497,0
Unvalidated,2024991431970,2024,991431970,1,9,0,10,2,8,0,7,0,0,0,0,2,1,6,2,31,6,-1,-1,-1,-1,-1,-1,-1,0
Unvalidated,2024991431970,2024,991431970,2,21,0,4,2,8,0,7,0,0,0,0,1,1,1,1,29,6,-1,-1,-1,-1,-1,-1,-1,0
Unvalidated,2024991431977,2024,991431977,1,9,0,18,8,4,0,0,2,4,0,0,1,1,5,2,31,6,-1,-1,-1,-1,2,1,-1,0
Unvalidated,2024991431977,2024,991431977,2,9,0,2,3,3,0,0,0,4,0,0,1,1,6,3,-1,-1,-1,-1,-1,-1,-1,-1,-1,0
Unvalidated,2024991431977,2024,991431977,3,9,0,2,3,2,0,0,0,0,0,0,2,1,6,3,-1,-1,-1,-1,-1,-1,-1,-1,-1,0
Unvalidated,2024991431987,2024,991431987,1,9,0,18,5,2,0,6,0,0,0,0,1,1,6,2,21,5,-1,-1,-1,-1,1,1,-1,0
Unvalidated,2024991431987,2024,991431987,2,5,0,18,3,7,0,8,0,0,1,11,1,1,6,1,44,7,-1,-1,-1,-1,5,2,-1,0
Unvalidated,2024991432001,2024,991432001,1,3,0,17,6,2,0,0,0,0,0,0,4,1,5,1,18,4,-1,-1,-1,-1,5,1,-1,0
Unvalidated,2024991432007,2024,991432007,1,97,0,18,7,3,0,0,0,0,0,0,1,1,6,1,18,4,-1,-1,-1,-1,1,1,-1,0
Unvalidated,2024991432007,2024,991432007,2,9,0,18,3,7,0,0,0,0,0,0,1,1,2,2,23,5,-1,-1,-1,-1,2,1,-1,0
Unvalidated,2024991432012,2024,991432012,1,3,0,13,6,1,0,5,0,0,0,0,4,1,5,1,18,4,-1,-1,-1,-1,3,1,-1,0
Unvalidated,2024991432012,2024,991432012,2,8,0,7,8,2,0,5,0,0,3,0,3,1,1,2,62,9,-1,-1,-1,-1,1,1,-1,0
Unvalidated,2024991432069,2024,991432069,1,9,0,18,7,3,0,0,0,0,0,0,1,2,6,2,48,8,-1,-1,-1,-1,6,1,-1,0
Unvalidated,2024991432069,2024,991432069,2,9,0,3,7,3,0,0,0,0,0,0,2,2,1,1,24,5,-1,-1,-1,-1,9,1,-1,0
Unvalidated,2024991432069,2024,991432069,3,20,0,3,7,3,0,0,0,0,0,0,2,2,1,1,60,9,-1,-1,-1,-1,1,1,-1,0
Unvalidated,2024991432093,2024,991432093,1,9,0,9,8,6,0,8,0,7,0,0,1,1,5,1,57,9,-1,-1,-1,-1,3,1,-1,0
Unvalidated,2024991432100,2024,991432100,1,3,0,17,7,4,0,0,0,0,0,0,1,1,5,1,19,4,-1,-1,-1,-1,8,1,-1,0
Unvalidated,2024991432100,2024,991432100,2,9,0,17,4,7,0,0,0,0,1,0,1,1,6,2,77,11,-1,-1,-1,-1,7,2,-1,0
Unvalidated,2024991432116,2024,991432116,1,9,0,18,2,6,0,0,2,10,7,11,3,1,2,2,21,5,-1,-1,-1,-1,-1,-1,-1,0
Unvalidated,2024991432160,2024,991432160,1,8,0,9,1,7,0,6,0,0,0,0,1,1,1,1,38,7,-1,-1,-1,-1,1,1,-1,0
Unvalidated,2024991432246,2024,991432246,1,9,0,18,6,2,0,0,0,0,0,0,1,1,6,2,34,6,-1,-1,-1,-1,5,1,-1,0
Unvalidated,2024991432261,2024,991432261,1,9,0,16,6,2,0,0,1,0,1,0,1,1,5,1,49,8,-1,-1,-1,-1,-1,-1,-1,0
Unvalidated,2024991432261,2024,991432261,2,9,0,17,2,6,0,0,1,0,7,0,1,1,2,1,61,9,-1,-1,-1,-1,6,3,-1,0
Unvalidated,2024991432282,2024,991432282,1,90,0,11,7,3,0,0,0,0,0,0,4,1,1,1,63,9,-1,-1,-1,-1,6,1,-1,0
Unvalidated,2024991432282,2024,991432282,2,9,0,18,7,3,0,0,0,0,0,0,3,1,1,2,25,5,-1,-1,-1,-1,9,2,-1,0
Unvalidated,2024991432330,2024,991432330,1,19,0,6,7,7,0,0,0,0,0,0,4,1,5,1,40,7,-1,-1,-1,-1,9,1,-1,0
Unvalidated,2024991432416,2024,991432416,1,9,0,6,8,8,0,0,0,0,0,0,1,1,1,1,42,7,-1,-1,-1,-1,7,1,-1,0
Unvalidated,2024991432416,2024,991432416,2,9,0,3,4,8,0,0,0,0,0,0,3,1,5,1,18,4,-1,-1,-1,-1,1,1,-1,0
Unvalidated,2024991432419,2024,991432419,1,8,0,18,3,7,0,1,0,0,0,0,1,1,1,1,38,7,-1,-1,-1,-1,1,1,-1,0
Unvalidated,2024991432419,2024,991432419,2,9,0,18,5,3,0,8,0,0,0,0,3,1,5,2,18,4,-1,-1,-1,-1,1,1,-1,0
Unvalidated,2024991432490,2024,991432490,1,11,0,4,4,8,0,0,0,0,0,0,0,1,1,1,51,8,-1,-1,-1,-1,10,1,-1,0
Unvalidated,2024991432566,2024,991432566,1,21,0,7,7,1,0,8,0,0,0,0,4,1,1,1,44,7,-1,-1,-1,-1,1,2,-1,0
Unvalidated,2024991432657,2024,991432657,1,9,0,18,7,3,0,8,0,0,0,0,1,1,2,2,54,8,-1,-1,-1,-1,9,3,-1,0
Unvalidated,2024991432714,2024,991432714,1,19,0,7,3,7,9,2,0,0,1,0,2,1,6,3,45,7,-1,-1,-1,-1,-1,-1,-1,0
Unvalidated,2024991432714,2024,991432714,2,9,0,18,3,7,0,2,0,0,0,0,1,1,5,1,22,5,-1,-1,-1,-1,-1,-1,-1,0
Unvalidated,2024991432764,2024,991432764,1,19,0,7,4,8,0,6,0,0,0,0,1,1,6,1,39,7,-1,-1,-1,-1,6,3,-1,0
Unvalidated,2024991432764,2024,991432764,2,1,0,18,3,7,0,1,0,0,0,0,1,1,1,1,40,7,-1,-1,-1,-1,6,1,-1,0
Unvalidated,2024991432788,2024,991432788,1,4,0,7,4,7,0,4,0,0,0,0,3,1,6,1,20,4,-1,-1,-1,-1,3,1,-1,0
Unvalidated,2024991432788,2024,991432788,2,9,0,18,5,5,0,1,0,0,0,0,0,1,1,1,32,6,-1,-1,-1,-1,10,1,-1,0
Unvalidated,2024991432800,2024,991432800,1,8,0,18,5,1,0,8,0,0,0,0,4,1,1,1,45,7,-1,-1,-1,-1,5,1,-1,0
Unvalidated,2024991432800,2024,991432800,2,1,0,18,7,3,0,8,0,0,0,0,1,1,2,1,34,6,-1,-1,-1,-1,10,1,-1,0
Unvalidated,2024991432808,2024,991432808,1,9,0,18,4,8,0,0,0,0,0,0,1,1,5,2,60,9,-1,-1,-1,-1,3,2,-1,0
Unvalidated,2024991432809,2024,991432809,1,9,0,9,6,4,0,8,0,0,0,0,4,1,5,1,25,5,-1,-1,-1,-1,2,1,-1,0
Unvalidated,2024991432809,2024,991432809,2,9,0,18,1,6,0,1,0,0,0,0,1,1,5,1,33,6,-1,-1,-1,-1,1,1,-1,0
Unvalidated,2024991432832,2024,991432832,1,97,0,7,3,6,0,0,0,4,1,0,1,1,6,1,20,4,-1,-1,-1,-1,1,1,-1,0
Unvalidated,2024991432832,2024,991432832,2,9,0,2,0,0,0,0,0,0,0,0,2,1,6,3,-1,-1,-1,-1,-1,-1,-1,-1,-1,0
Unvalidated,2024991432853,2024,991432853,1,8,0,18,1,6,0,2,0,0,0,0,1,1,1,1,69,10,-1,-1,-1,-1,3,1,-1,0
Unvalidated,2024991432950,2024,991432950,1,9,0,13,8,4,0,0,5,0,7,11,1,1,6,1,85,11,-1,-1,-1,-1,8,3,-1,0
Unvalidated,2024991432950,2024,991432950,2,9,0,9,8,6,0,0,0,0,0,0,3,1,5,1,54,8,-1,-1,-1,-1,7,3,E01023166,0
Unvalidated,2024991432970,2024,991432970,1,9,0,7,5,8,0,3,0,0,1,0,4,1,5,2,29,6,-1,-1,-1,-1,-1,-1,-1,0
Unvalidated,2024991432999,2024,991432999,1,9,0,9,4,2,0,1,0,0,0,0,0,1,6,1,22,5,-1,-1,-1,-1,-1,-1,-1,0
Unvalidated,2024991432999,2024,991432999,2,3,0,18,6,2,0,1,2,0,0,0,0,1,5,1,17,4,-1,-1,-1,-1,2,1,-1,0
Unvalidated,2024991433033,2024,991433033,1,19,0,18,4,8,0,0,0,0,0,0,1,1,1,1,62,9,-1,-1,-1,-1,-1,-1,-1,0
Unvalidated,2024991433033,2024,991433033,2,20,0,18,8,5,0,0,0,0,1,0,1,1,1,1,43,7,-1,-1,-1,-1,2,1,-1,0
Unvalidated,2024991433061,2024,991433061,1,19,0,18,2,6,0,0,0,0,0,0,1,1,1,1,29,6,-1,-1,-1,-1,8,1,-1,0
Unvalidated,2024991433061,2024,991433061,2,19,0,18,2,6,0,0,0,0,0,0,2,1,1,1,42,7,-1,-1,-1,-1,3,1,-1,0
Unvalidated,2024991433061,2024,991433061,3,9,0,18,2,6,0,0,0,0,0,0,2,1,2,1,32,6,-1,-1,-1,-1,-1,1,-1,0
Unvalidated,2024991433103,2024,991433103,1,19,0,18,7,3,0,0,0,0,0,0,0,1,1,1,31,6,-1,-1,-1,-1,4,2,-1,0
Unvalidated,2024991433103,2024,991433103,2,9,0,18,3,7,0,0,0,0,0,0,3,1,5,1,65,9,-1,-1,-1,-1,9,3,-1,0
Unvalidated,2024991433123,2024,991433123,1,5,0,7,7,1,0,0,0,0,7,0,1,1,5,1,50,8,-1,-1,-1,-1,3,1,E01008242,0
Unvalidated,2024991433169,2024,991433169,1,9,0,18,3,7,0,1,0,0,0,0,4,1,5,1,18,4,-1,-1,-1,-1,10,1,-1,0
Unvalidated,2024991433169,2024,991433169,2,9,0,18,4,8,0,1,0,0,0,0,1,1,3,2,27,6,-1,-1,-1,-1,10,1,-1,0
Unvalidated,2024991433221,2024,991433221,1,9,0,18,8,3,0,0,1,10,6,7,2,1,5,1,49,8,-1,-1,-1,-1,-1,-1,-1,0
Unvalidated,2024991433221,2024,991433221,2,9,0,18,8,3,0,0,0,0,0,0,1,1,5,1,55,8,-1,-1,-1,-1,-1,-1,-1,0
Unvalidated,2024991433221,2024,991433221,3,9,0,2,3,3,0,0,0,0,0,0,2,1,1,1,45,7,-1,-1,-1,-1,-1,-1,-1,0
Unvalidated,2024991433221,2024,991433221,4,9,0,2,3,3,0,0,0,0,0,0,1,1,1,1,39,7,-1,-1,-1,-1,-1,-1,-1,0
Unvalidated,2024991433234,2024,991433234,1,9,0,16,2,5,0,3,0,0,0,0,4,1,2,2,26,6,-1,-1,-1,-1,6,1,-1,0
Unvalidated,2024991433234,2024,991433234,2,9,0,7,2,5,0,3,0,0,0,0,3,1,5,1,19,4,-1,-1,-1,-1,1,2,-1,0
Unvalidated,2024991433245,2024,991433245,1,9,0,17,7,4,0,0,0,0,0,0,1,1,5,2,30,6,-1,-1,-1,-1,1,2,-1,0
Unvalidated,2024991433245,2024,991433245,2,9,0,16,4,7,0,0,0,0,0,0,1,1,5,2,28,6,-1,-1,-1,-1,1,2,-1,0
Unvalidated,2024991433250,2024,991433250,1,9,0,18,2,6,9,0,2,10,0,0,1,1,5,2,76,11,-1,-1,-1,-1,10,1,-1,0
Unvalidated,2024991433330,2024,991433330,1,9,0,4,6,2,0,1,0,0,0,0,1,1,5,2,53,8,-1,-1,-1,-1,9,3,-1,0
Unvalidated,2024991433330,2024,991433330,2,9,0,3,6,2,0,8,0,0,0,0,2,1,1,2,61,9,-1,-1,-1,-1,1,2,-1,0
Unvalidated,2024991433511,2024,991433511,1,11,0,14,8,4,0,2,0,0,0,0,0,1,1,1,40,7,-1,-1,-1,-1,4,1,-1,0
Unvalidated,2024991433514,2024,991433514,1,9,0,9,1,6,0,1,0,0,1,0,1,1,6,1,19,4,-1,-1,-1,-1,6,3,-1,0
Unvalidated,2024991433514,2024,991433514,2,9,0,18,4,8,0,1,0,0,2,9,1,1,5,1,73,10,-1,-1,-1,-1,-1,-1,-1,0
Unvalidated,2024991433533,2024,991433533,1,11,0,18,8,3,0,1,0,0,0,0,1,2,5,1,57,9,-1,-1,-1,-1,-1,-1,-1,0
Unvalidated,2024991433533,2024,991433533,2,9,0,5,8,3,0,6,0,0,0,0,2,2,5,2,33,6,-1,-1,-1,-1,-1,-1,-1,0
Unvalidated,2024991433555,2024,991433555,1,9,0,8,7,1,0,6,0,0,0,0,1,1,6,2,29,6,-1,-1,-1,-1,1,1,-1,0
Unvalidated,2024991433555,2024,991433555,2,9,0,18,1,1,0,8,5,0,0,0,4,1,6,1,76,11,-1,-1,-1,-1,-1,-1,-1,0
Unvalidated,2024991433555,2024,991433555,3,9,0,2,1,1,0,8,0,0,0,0,3,1,6,3,-1,-1,-1,-1,-1,-1,-1,-1,-1,0
Unvalidated,2024991433586,2024,991433586,1,9,0,9,7,5,0,0,0,0,0,0,1,1,2,2,39,7,-1,-1,-1,-1,2,1,-1,0
Unvalidated,2024991433660,2024,991433660,1,9,0,18,3,7,0,0,0,0,0,0,1,1,5,2,81,11,-1,-1,-1,-1,7,3,-1,0
Unvalidated,2024991433674,2024,991433674,1,11,0,4,8,4,0,2,0,0,0,0,0,1,1,1,58,9,-1,-1,-1,-1,3,2,-1,0
Unvalidated,2024991433677,2024,991433677,1,97,0,18,8,6,0,8,1,0,0,0,1,1,5,3,-1,-1,-1,-1,-1,-1,-1,-1,-1,0
Unvalidated,2024991433677,2024,991433677,2,11,0,18,6,2,0,8,0,0,0,0,4,2,1,1,58,9,-1,-1,-1,-1,-1,-1,-1,0
Unvalidated,2024991433682,2024,991433682,1,9,0,9,4,8,0,1,0,0,0,0,1,1,6,2,20,4,-1,-1,-1,-1,2,3,E01020727,0
Unvalidated,2024991433682,2024,991433682,2,9,0,18,8,4,0,1,0,0,0,0,1,1,6,2,52,8,-1,-1,-1,-1,4,2,-1,0
Unvalidated,2024991433682,2024,991433682,3,9,0,10,1,8,0,1,0,0,0,0,3,1,6,1,45,7,-1,-1,-1,-1,3,3,-1,0
Unvalidated,2024991433689,2024,991433689,1,9,0,18,3,6,0,0,0,0,0,0,4,1,6,3,20,4,-1,-1,-1,-1,-1,-1,-1,0
Unvalidated,2024991433691,2024,991433691,1,9,0,18,7,3,0,0,0,0,0,0,1,1,6,2,39,7,-1,-1,-1,-1,3,2,-1,0
Unvalidated,2024991433691,2024,991433691,2,9,0,18,3,7,0,0,5,0,0,0,1,1,5,1,31,6,-1,-1,-1,-1,5,1,-1,0
Unvalidated,2024991433691,2024,991433691,3,11,0,18,7,3,0,0,0,0,0,0,3,1,1,2,39,7,-1,-1,-1,-1,5,3,-1,0
Unvalidated,2024991433709,2024,991433709,1,9,0,7,7,1,0,8,0,0,0,0,1,1,6,2,36,7,-1,-1,-1,-1,7,1,-1,0
Unvalidated,2024991433709,2024,991433709,2,9,0,18,1,5,0,1,0,0,0,0,1,1,6,1,37,7,-1,-1,-1,-1,2,2,-1,0
Unvalidated,2024991433870,2024,991433870,1,9,0,13,4,8,0,1,0,0,0,0,4,1,6,3,-1,-1,-1,-1,-1,-1,-1,-1,-1,0
Unvalidated,2024991433870,2024,991433870,2,1,0,5,4,8,0,1,0,0,0,0,2,1,5,1,25,5,-1,-1,-1,-1,-1,-1,-1,0