status,collision_index,collision_year,collision_reference,vehicle_reference,vehicle_type,towing_and_articulation,vehicle_manoeuvre,vehicle_direction_from,vehicle_direction_to,vehicle_location_restricted_lane,junction_location,skidding_and_overturning,hit_object_in_carriageway,vehicle_leaving_carriageway,hit_object_off_carriageway,first_point_of_impact,vehicle_left_hand_drive,journey_purpose_of_driver,sex_of_driver,age_of_driver,age_band_of_driver,engine_capacity_cc,propulsion_code,age_of_vehicle,generic_make_model,driver_imd_decile,driver_home_area_type,lsoa_of_driver,escooter_flag
Unvalidated,2024991433920,2024,991433920,1,8,0,18,7,3,0,8,0,0,0,0,4,1,1,1,63,9,-1,-1,-1,-1,8,2,-1,0
Unvalidated,2024991433944,2024,991433944,1,9,0,17,3,8,0,8,0,0,0,0,1,1,5,2,39,7,-1,-1,-1,-1,1,1,-1,0
Unvalidated,2024991433944,2024,991433944,2,9,0,18,8,4,0,1,0,0,0,0,4,1,5,2,18,4,-1,-1,-1,-1,1,1,-1,0
Unvalidated,2024991433951,2024,991433951,1,9,0,1,8,1,0,0,0,4,1,0,1,2,6,1,57,9,-1,-1,-1,-1,-1,-1,-1,0
Unvalidated,2024991433951,2024,991433951,2,9,0,2,0,0,0,0,0,0,0,0,2,2,6,3,-1,-1,-1,-1,-1,-1,-1,-1,-1,0
Unvalidated,2024991433995,2024,991433995,1,9,0,18,4,8,0,0,0,0,0,0,1,1,5,2,36,7,-1,-1,-1,-1,5,1,-1,0
Unvalidated,2024991433995,2024,991433995,2,9,0,2,4,7,0,0,0,0,0,0,2,1,5,1,28,6,-1,-1,-1,-1,-1,-1,-1,0
Unvalidated,2024991434005,2024,991434005,1,9,0,18,6,2,0,0,0,0,0,0,4,1,5,2,45,7,-1,-1,-1,-1,9,1,-1,0
Unvalidated,2024991434052,2024,991434052,1,22,0,18,8,4,0,8,0,0,0,0,3,1,6,1,85,11,-1,-1,-1,-1,7,1,-1,0
Unvalidated,2024991434052,2024,991434052,2,9,0,18,6,2,0,3,0,0,0,0,1,1,5,2,81,11,-1,-1,-1,-1,7,1,-1,0
Unvalidated,2024991434104,2024,991434104,1,9,0,18,3,7,0,8,0,0,0,0,3,1,5,1,74,10,-1,-1,-1,-1,9,1,-1,0
Unvalidated,2024991434104,2024,991434104,2,1,0,18,1,5,0,1,0,0,0,0,1,1,6,1,15,3,-1,-1,-1,-1,-1,-1,-1,0
Unvalidated,2024991434116,2024,991434116,1,9,0,17,6,3,0,0,5,0,1,9,1,1,6,2,22,5,-1,-1,-1,-1,4,1,-1,0
Unvalidated,2024991434123,2024,991434123,1,9,0,18,4,8,0,0,0,0,0,0,1,1,5,1,22,5,-1,-1,-1,-1,3,1,-1,0
Unvalidated,2024991434123,2024,991434123,2,9,0,18,1,4,0,0,0,0,0,0,1,1,5,2,21,5,-1,-1,-1,-1,2,1,-1,0
Unvalidated,2024991434154,2024,991434154,1,9,0,18,6,2,0,0,0,4,7,0,1,1,5,1,41,7,-1,-1,-1,-1,1,1,-1,0
Unvalidated,2024991434154,2024,991434154,2,9,0,2,0,0,0,0,0,0,2,11,1,1,6,3,-1,-1,-1,-1,-1,-1,-1,-1,-1,0
Unvalidated,2024991434335,2024,991434335,1,9,0,18,2,6,0,0,0,0,0,0,1,1,2,1,63,9,-1,-1,-1,-1,7,3,-1,0
Unvalidated,2024991434335,2024,991434335,2,9,0,18,6,2,0,0,0,0,0,0,1,1,6,1,30,6,-1,-1,-1,-1,10,1,-1,0
Unvalidated,2024991434375,2024,991434375,1,9,0,18,3,7,0,1,0,4,0,0,1,1,6,2,58,9,-1,-1,-1,-1,1,1,-1,0
Unvalidated,2024991434375,2024,991434375,2,9,0,3,3,7,0,2,0,0,0,0,2,1,5,1,59,9,-1,-1,-1,-1,6,1,-1,0
Unvalidated,2024991434375,2024,991434375,3,9,0,3,3,7,0,1,0,0,0,0,2,1,1,1,54,8,-1,-1,-1,-1,1,1,-1,0
Unvalidated,2024991434396,2024,991434396,1,9,0,18,1,5,0,0,0,0,0,0,2,1,5,2,36,7,-1,-1,-1,-1,5,2,-1,0
Unvalidated,2024991434396,2024,991434396,2,9,0,18,1,5,0,0,0,0,0,0,1,1,5,1,35,6,-1,-1,-1,-1,5,1,-1,0
Unvalidated,2024991434402,2024,991434402,1,9,0,7,2,4,4,8,0,0,0,0,1,1,5,1,50,8,-1,-1,-1,-1,9,1,-1,0
Unvalidated,2024991434402,2024,991434402,2,1,0,18,2,6,4,8,0,0,0,0,1,1,1,1,36,7,-1,-1,-1,-1,1,1,-1,0
Unvalidated,2024991434462,2024,991434462,1,9,0,18,6,1,0,0,2,0,7,11,1,1,6,1,36,7,-1,-1,-1,-1,7,2,-1,0
Unvalidated,2024991434509,2024,991434509,1,9,0,18,7,3,0,0,1,0,0,0,4,1,5,2,45,7,-1,-1,-1,-1,5,1,-1,0
Unvalidated,2024991434552,2024,991434552,1,9,0,4,7,3,9,0,0,0,0,0,1,1,6,2,63,9,-1,-1,-1,-1,9,1,-1,0
Unvalidated,2024991434552,2024,991434552,2,9,0,2,7,3,0,0,0,0,0,0,1,1,6,3,-1,-1,-1,-1,-1,-1,-1,-1,-1,0
Unvalidated,2024991434552,2024,991434552,3,9,0,2,7,3,0,0,0,0,0,0,4,1,6,3,-1,-1,-1,-1,-1,-1,-1,-1,-1,0
Unvalidated,2024991434552,2024,991434552,4,9,0,2,7,3,0,0,0,0,0,0,4,1,6,3,-1,-1,-1,-1,-1,-1,-1,-1,-1,0
Unvalidated,2024991434552,2024,991434552,5,9,0,2,7,3,0,0,0,0,0,0,4,1,6,3,-1,-1,-1,-1,-1,-1,-1,-1,-1,0
Unvalidated,2024991434552,2024,991434552,6,9,0,2,7,3,0,0,0,0,0,0,3,1,6,3,-1,-1,-1,-1,-1,-1,-1,-1,-1,0
Unvalidated,2024991434552,2024,991434552,7,9,0,2,7,3,0,0,0,0,0,0,3,1,6,3,-1,-1,-1,-1,-1,-1,-1,-1,-1,0
Unvalidated,2024991434563,2024,991434563,1,9,0,18,1,5,0,0,0,0,2,4,1,2,5,2,17,4,-1,-1,-1,-1,-1,-1,-1,0
Unvalidated,2024991434568,2024,991434568,1,3,0,18,1,5,0,2,0,11,0,0,1,1,2,1,33,6,-1,-1,-1,-1,3,1,-1,0
Unvalidated,2024991434569,2024,991434569,1,19,0,18,7,3,0,0,0,0,4,6,1,1,1,1,34,6,-1,-1,-1,-1,7,2,-1,0
Unvalidated,2024991434569,2024,991434569,2,9,0,4,7,3,0,0,0,0,1,9,2,1,6,1,29,6,-1,-1,-1,-1,3,1,-1,0
Unvalidated,2024991434569,2024,991434569,3,9,0,2,7,3,0,0,0,0,0,0,2,1,6,2,39,7,-1,-1,-1,-1,3,1,-1,0
Unvalidated,2024991434569,2024,991434569,4,9,0,2,7,3,0,0,0,0,0,0,2,1,6,1,48,8,-1,-1,-1,-1,-1,-1,-1,0
Unvalidated,2024991434569,2024,991434569,5,9,0,2,7,3,0,0,0,0,0,0,2,1,6,1,57,9,-1,-1,-1,-1,9,1,-1,0
Unvalidated,2024991434591,2024,991434591,1,9,0,5,2,3,0,0,0,0,0,0,4,1,1,1,59,9,-1,-1,-1,-1,-1,-1,-1,0
Unvalidated,2024991434681,2024,991434681,1,98,0,18,1,5,0,0,0,0,0,0,1,1,1,1,24,5,-1,-1,-1,-1,1,1,-1,0
Unvalidated,2024991434681,2024,991434681,2,9,0,3,1,5,0,0,0,0,0,0,2,2,2,1,37,7,-1,-1,-1,-1,3,1,-1,0
Unvalidated,2024991434681,2024,991434681,3,9,0,3,1,5,0,0,0,0,0,0,2,1,2,1,32,6,-1,-1,-1,-1,3,1,-1,0
Unvalidated,2024991434812,2024,991434812,1,9,0,9,8,6,0,1,0,0,0,0,3,1,6,2,64,9,-1,-1,-1,-1,4,3,-1,0
Unvalidated,2024991434812,2024,991434812,2,9,0,18,4,8,0,2,0,0,0,0,1,1,2,1,42,7,-1,-1,-1,-1,2,2,-1,0
Unvalidated,2024991434892,2024,991434892,1,9,0,18,4,8,0,0,0,0,0,0,1,1,6,1,59,9,-1,-1,-1,-1,2,1,-1,0
Unvalidated,2024991434892,2024,991434892,2,9,0,2,8,4,0,0,0,0,0,0,4,1,6,2,39,7,-1,-1,-1,-1,8,3,-1,0
Unvalidated,2024991434892,2024,991434892,3,9,0,2,4,8,0,0,0,0,0,0,2,1,6,1,45,7,-1,-1,-1,-1,9,1,-1,0
Unvalidated,2024991434990,2024,991434990,1,9,0,18,2,5,0,0,1,0,0,0,1,2,5,1,19,4,-1,-1,-1,-1,6,3,-1,0
Unvalidated,2024991434990,2024,991434990,2,9,0,18,5,2,0,0,5,0,0,0,4,2,6,2,58,9,-1,-1,-1,-1,-1,-1,-1,0
Unvalidated,2024991435115,2024,991435115,1,9,0,1,7,3,9,0,0,0,0,0,2,1,5,2,64,9,-1,-1,-1,-1,2,1,-1,0
Unvalidated,2024991435158,2024,991435158,1,9,0,18,7,3,0,0,0,0,0,0,1,1,6,1,45,7,-1,-1,-1,-1,8,1,-1,0
Unvalidated,2024991435158,2024,991435158,2,8,0,3,7,3,0,0,0,0,0,0,2,1,1,1,54,8,-1,-1,-1,-1,4,1,-1,0
Unvalidated,2024991435234,2024,991435234,1,9,0,18,5,2,0,6,0,0,0,0,1,1,6,2,55,8,-1,-1,-1,-1,9,1,-1,0
Unvalidated,2024991435236,2024,991435236,1,9,0,9,6,4,0,5,5,0,1,7,3,1,5,1,33,6,-1,-1,-1,-1,-1,-1,-1,0
Unvalidated,2024991435236,2024,991435236,2,21,1,18,1,5,0,1,1,0,0,0,1,1,1,1,36,7,-1,-1,-1,-1,-1,-1,-1,0
Unvalidated,2024991435262,2024,991435262,1,9,0,18,1,5,0,0,0,0,1,4,1,1,5,1,58,9,-1,-1,-1,-1,3,1,-1,0
Unvalidated,2024991435277,2024,991435277,1,9,0,7,2,4,0,1,0,0,7,2,1,1,5,1,74,10,-1,-1,-1,-1,9,3,-1,0
Unvalidated,2024991435301,2024,991435301,1,9,0,9,6,3,0,6,0,0,0,0,1,1,5,1,19,4,-1,-1,-1,-1,4,3,-1,0
Unvalidated,2024991435301,2024,991435301,2,9,0,18,4,8,0,8,0,0,0,0,1,1,1,2,45,7,-1,-1,-1,-1,-1,-1,-1,0
Unvalidated,2024991435325,2024,991435325,1,9,0,5,3,8,0,6,0,0,0,0,1,1,6,1,73,10,-1,-1,-1,-1,1,1,-1,0
Unvalidated,2024991435325,2024,991435325,2,1,0,10,3,8,0,5,5,0,0,0,4,1,5,1,60,9,-1,-1,-1,-1,8,3,E01030471,0
Unvalidated,2024991435369,2024,991435369,1,9,0,4,7,3,9,1,0,0,3,10,1,1,6,2,77,11,-1,-1,-1,-1,2,1,-1,0
Unvalidated,2024991435380,2024,991435380,1,3,0,18,3,8,0,0,0,0,0,0,1,1,5,1,17,4,-1,-1,-1,-1,-1,-1,-1,0
Unvalidated,2024991435380,2024,991435380,2,9,0,4,3,2,0,0,0,0,0,0,4,1,5,2,27,6,-1,-1,-1,-1,4,3,-1,0
Unvalidated,2024991435385,2024,991435385,1,98,0,18,7,3,0,1,0,0,0,0,4,1,1,1,31,6,-1,-1,-1,-1,6,3,-1,0
Unvalidated,2024991435386,2024,991435386,1,9,0,18,6,2,0,0,0,0,0,0,4,1,5,2,20,4,-1,-1,-1,-1,-1,-1,-1,0
Unvalidated,2024991435403,2024,991435403,1,19,0,12,8,4,2,0,0,0,0,0,3,1,2,1,41,7,-1,-1,-1,-1,1,1,-1,0
Unvalidated,2024991435403,2024,991435403,2,9,0,18,8,4,0,0,0,0,4,2,4,1,6,1,27,6,-1,-1,-1,-1,9,1,-1,0
Unvalidated,2024991435424,2024,991435424,1,9,0,13,3,7,0,0,0,0,0,0,2,2,5,1,43,7,-1,-1,-1,-1,-1,-1,-1,0
Unvalidated,2024991435424,2024,991435424,2,1,0,16,3,7,0,0,0,0,0,0,1,1,5,1,61,9,-1,-1,-1,-1,8,2,-1,0
Unvalidated,2024991435424,2024,991435424,3,1,0,16,3,7,0,0,0,0,1,0,1,1,5,1,59,9,-1,-1,-1,-1,-1,-1,-1,0
Unvalidated,2024991435435,2024,991435435,1,9,0,13,1,5,0,0,0,0,0,0,3,1,5,1,27,6,-1,-1,-1,-1,7,3,-1,0
Unvalidated,2024991435435,2024,991435435,2,9,0,18,1,5,0,0,0,0,0,0,3,1,5,2,69,10,-1,-1,-1,-1,3,2,-1,0
Unvalidated,2024991435451,2024,991435451,1,8,0,18,2,6,0,0,0,0,0,0,1,1,1,1,24,5,-1,-1,-1,-1,5,1,-1,0
Unvalidated,2024991435451,2024,991435451,2,9,0,4,2,6,0,0,0,0,0,0,2,1,1,2,36,7,-1,-1,-1,-1,10,3,-1,0
Unvalidated,2024991435466,2024,991435466,1,9,0,18,1,1,0,1,0,0,1,0,1,1,3,2,73,10,-1,-1,-1,-1,6,2,-1,0
Unvalidated,2024991435466,2024,991435466,2,9,0,8,1,1,0,5,0,0,0,0,2,1,5,2,23,5,-1,-1,-1,-1,-1,-1,-1,0
Unvalidated,2024991435484,2024,991435484,1,11,0,18,8,4,0,0,0,0,0,0,1,1,1,1,66,10,-1,-1,-1,-1,5,2,-1,0
Unvalidated,2024991435484,2024,991435484,2,9,0,2,0,0,0,0,0,0,0,0,3,1,5,1,43,7,-1,-1,-1,-1,6,2,-1,0
Unvalidated,2024991435502,2024,991435502,1,9,0,9,6,3,0,6,0,0,0,0,1,1,2,1,30,6,-1,-1,-1,-1,9,1,-1,0
Unvalidated,2024991435502,2024,991435502,2,9,0,18,3,7,0,8,0,0,0,0,1,1,5,1,85,11,-1,-1,-1,-1,3,2,-1,0
Unvalidated,2024991435597,2024,991435597,1,9,0,16,3,7,0,0,5,0,7,11,1,1,5,2,37,7,-1,-1,-1,-1,5,2,-1,0
Unvalidated,2024991435627,2024,991435627,1,9,0,5,7,3,0,0,0,0,0,0,1,1,6,1,28,6,-1,-1,-1,-1,4,1,-1,0
Unvalidated,2024991435667,2024,991435667,1,9,0,18,2,6,0,0,0,0,0,0,1,1,6,2,48,8,-1,-1,-1,-1,1,1,-1,0
Unvalidated,2024991435685,2024,991435685,1,9,0,18,2,6,0,0,0,0,1,0,1,1,5,2,19,4,-1,-1,-1,-1,3,2,-1,0
Unvalidated,2024991435685,2024,991435685,2,9,0,18,6,2,0,0,0,0,0,0,1,1,1,1,67,10,-1,-1,-1,-1,2,1,-1,0
Unvalidated,2024991435694,2024,991435694,1,98,0,12,1,5,0,0,0,0,0,0,2,1,6,2,32,6,-1,-1,-1,-1,1,1,-1,0
Unvalidated,2024991435694,2024,991435694,2,5,0,18,1,5,0,0,1,0,0,0,1,1,6,1,39,7,-1,-1,-1,-1,5,1,-1,0
Unvalidated,2024991435727,2024,991435727,1,11,0,4,5,1,0,2,0,0,0,0,0,1,1,1,40,7,-1,-1,-1,-1,6,1,-1,0
Unvalidated,2024991435737,2024,991435737,1,19,0,3,8,5,0,4,0,0,0,0,1,1,2,1,55,8,-1,-1,-1,-1,5,2,-1,0
Unvalidated,2024991435737,2024,991435737,2,1,0,18,7,3,0,8,5,0,0,0,1,1,1,1,58,9,-1,-1,-1,-1,6,3,-1,0
Unvalidated,2024991435737,2024,991435737,3,19,0,3,3,7,0,1,0,0,0,0,3,1,6,2,35,6,-1,-1,-1,-1,5,2,-1,0
Unvalidated,2024991435739,2024,991435739,1,19,0,1,1,2,0,1,0,0,0,0,2,1,6,3,40,7,-1,-1,-1,-1,-1,-1,-1,0
Unvalidated,2024991435739,2024,991435739,2,5,0,4,6,1,0,1,1,0,7,0,1,1,2,1,32,6,-1,-1,-1,-1,-1,-1,-1,0
Unvalidated,2024991435742,2024,991435742,1,11,0,4,1,5,0,0,0,0,0,0,4,1,1,1,56,9,-1,-1,-1,-1,7,1,-1,0
Unvalidated,2024991435758,2024,991435758,1,9,0,9,5,3,0,1,0,0,0,0,3,1,6,1,19,4,-1,-1,-1,-1,9,3,-1,0
Unvalidated,2024991435758,2024,991435758,2,9,0,18,3,7,0,1,0,0,0,0,1,1,6,1,57,9,-1,-1,-1,-1,8,1,-1,0
Unvalidated,2024991435761,2024,991435761,1,9,0,18,4,1,0,1,0,0,0,0,1,1,6,2,31,6,-1,-1,-1,-1,4,1,-1,0
Unvalidated,2024991435761,2024,991435761,2,9,0,9,6,4,0,6,0,0,0,0,1,1,2,2,36,7,-1,-1,-1,-1,5,1,-1,0
Unvalidated,2024991435854,2024,991435854,1,9,0,4,7,3,0,1,0,0,0,0,1,1,6,1,40,7,-1,-1,-1,-1,-1,-1,-1,0
Unvalidated,2024991435854,2024,991435854,2,9,0,3,7,3,0,1,0,0,0,0,2,1,5,2,20,4,-1,-1,-1,-1,9,2,-1,0
Unvalidated,2024991435976,2024,991435976,1,1,0,18,5,1,0,8,0,0,0,0,0,1,5,1,74,10,-1,-1,-1,-1,8,1,-1,0
Unvalidated,2024991436055,2024,991436055,1,9,0,5,8,4,6,6,0,0,0,0,4,1,6,1,70,10,-1,-1,-1,-1,2,1,-1,0
Unvalidated,2024991436055,2024,991436055,2,1,0,18,8,4,0,1,0,0,0,0,1,1,6,1,21,5,-1,-1,-1,-1,7,1,-1,0
Unvalidated,2024991436068,2024,991436068,1,9,0,18,1,5,0,0,2,0,0,0,1,1,5,1,82,11,-1,-1,-1,-1,8,1,-1,0
Unvalidated,2024991436068,2024,991436068,2,9,0,2,1,6,0,0,1,0,0,0,2,1,1,2,57,9,-1,-1,-1,-1,6,3,-1,0
Unvalidated,2024991436070,2024,991436070,1,9,0,18,4,8,0,1,1,10,1,2,3,1,6,1,24,5,-1,-1,-1,-1,2,1,-1,0
Unvalidated,2024991436077,2024,991436077,1,9,0,4,2,6,0,0,0,0,0,0,1,1,5,1,21,5,-1,-1,-1,-1,7,3,-1,0
Unvalidated,2024991436077,2024,991436077,2,9,0,10,2,6,0,0,0,0,0,0,2,1,5,1,42,7,-1,-1,-1,-1,1,1,-1,0
Unvalidated,2024991436202,2024,991436202,1,9,0,17,6,3,0,1,0,0,0,0,1,1,5,2,32,6,-1,-1,-1,-1,1,1,-1,0
Unvalidated,2024991436202,2024,991436202,2,1,0,9,3,8,0,5,0,0,0,0,1,1,6,1,61,9,-1,-1,-1,-1,8,1,-1,0
Unvalidated,2024991436208,2024,991436208,1,4,0,18,5,1,0,0,0,0,0,0,0,1,5,1,24,5,-1,-1,-1,-1,6,2,-1,0
Unvalidated,2024991436233,2024,991436233,1,9,0,18,4,8,0,0,0,0,0,0,1,1,5,1,32,6,-1,-1,-1,-1,5,1,-1,0
Unvalidated,2024991436385,2024,991436385,1,9,0,18,3,7,0,0,0,0,0,0,1,1,5,2,29,6,-1,-1,-1,-1,1,1,-1,0
Unvalidated,2024991436385,2024,991436385,2,9,0,4,3,7,0,0,0,0,0,0,2,1,5,1,57,9,-1,-1,-1,-1,1,1,-1,0
Unvalidated,2024991436396,2024,991436396,1,19,0,18,3,7,0,0,5,0,2,0,1,1,5,1,24,5,-1,-1,-1,-1,4,1,-1,0
Unvalidated,2024991436397,2024,991436397,1,9,0,18,3,5,0,4,0,0,1,0,1,1,6,2,64,9,-1,-1,-1,-1,2,1,-1,0
Unvalidated,2024991436397,2024,991436397,2,9,0,18,3,8,0,1,0,1,0,0,3,1,5,2,60,9,-1,-1,-1,-1,4,1,-1,0
Unvalidated,2024991436416,2024,991436416,1,3,0,18,3,7,0,0,0,0,0,0,1,1,6,2,20,4,-1,-1,-1,-1,1,1,-1,0
Unvalidated,2024991436416,2024,991436416,2,9,0,18,3,7,0,0,0,0,0,0,2,1,6,1,57,9,-1,-1,-1,-1,4,1,-1,0
Unvalidated,2024991436467,2024,991436467,1,9,0,9,7,5,0,6,0,0,0,0,1,1,5,2,37,7,-1,-1,-1,-1,6,1,-1,0
Unvalidated,2024991436467,2024,991436467,2,5,0,18,5,1,0,1,0,0,7,0,1,1,5,1,67,10,-1,-1,-1,-1,9,3,E01027367,0
Unvalidated,2024991436505,2024,991436505,1,9,0,1,1,5,0,2,0,0,0,0,2,1,6,1,35,6,-1,-1,-1,-1,-1,-1,-1,0
Unvalidated,2024991436508,2024,991436508,1,4,0,13,1,5,0,1,2,0,0,0,3,1,5,1,17,4,-1,-1,-1,-1,3,1,-1,0
Unvalidated,2024991436508,2024,991436508,2,9,0,10,1,7,0,1,0,0,0,0,2,1,5,1,26,6,-1,-1,-1,-1,2,1,-1,0
Unvalidated,2024991436513,2024,991436513,1,8,0,6,5,4,0,1,0,0,0,0,3,1,1,1,57,9,-1,-1,-1,-1,1,1,-1,0
Unvalidated,2024991436513,2024,991436513,2,8,0,18,7,3,0,1,0,0,0,0,1,1,1,1,43,7,-1,-1,-1,-1,7,1,-1,0
Unvalidated,2024991436523,2024,991436523,1,9,0,18,7,3,0,2,0,0,0,0,3,1,5,2,67,10,-1,-1,-1,-1,9,3,-1,0
Unvalidated,2024991436541,2024,991436541,1,9,0,18,5,1,0,0,0,0,7,0,1,1,5,1,66,10,-1,-1,-1,-1,5,1,-1,0
Unvalidated,2024991436544,2024,991436544,1,9,0,18,7,3,0,0,0,0,0,0,1,1,5,1,17,4,-1,-1,-1,-1,-1,-1,-1,0
Unvalidated,2024991436544,2024,991436544,2,9,0,18,7,3,0,0,0,0,0,0,2,1,5,1,20,4,-1,-1,-1,-1,-1,-1,-1,0
Unvalidated,2024991436568,2024,991436568,1,9,0,2,0,0,0,0,0,0,0,0,3,1,6,3,-1,-1,-1,-1,-1,-1,-1,-1,-1,0
Unvalidated,2024991436591,2024,991436591,1,5,0,18,2,6,0,0,2,0,1,0,0,1,6,1,58,9,-1,-1,-1,-1,4,1,-1,0
Unvalidated,2024991436655,2024,991436655,1,9,0,1,6,2,9,2,0,0,0,0,2,1,5,1,48,8,-1,-1,-1,-1,10,1,-1,0
Unvalidated,2024991436675,2024,991436675,1,9,0,18,6,2,0,0,0,0,0,0,1,1,5,1,25,5,-1,-1,-1,-1,9,1,-1,0
Unvalidated,2024991436675,2024,991436675,2,9,0,18,6,2,0,0,0,0,0,0,2,1,5,1,66,10,-1,-1,-1,-1,3,1,-1,0
Unvalidated,2024991436683,2024,991436683,1,9,0,18,5,1,0,1,1,0,7,0,1,1,1,1,32,6,-1,-1,-1,-1,4,1,-1,0
Unvalidated,2024991436683,2024,991436683,2,19,0,3,5,1,0,1,0,0,0,0,2,1,1,1,48,8,-1,-1,-1,-1,5,1,E01010109,0
Unvalidated,2024991436715,2024,991436715,1,4,0,17,6,3,0,0,2,0,0,0,4,1,6,2,23,5,-1,-1,-1,-1,4,1,-1,0
Unvalidated,2024991436758,2024,991436758,1,9,0,18,7,3,0,1,5,0,0,0,1,1,5,2,51,8,-1,-1,-1,-1,8,1,-1,0
Unvalidated,2024991436758,2024,991436758,2,9,0,7,8,3,0,1,0,0,0,0,3,1,5,1,21,5,-1,-1,-1,-1,4,3,-1,0
Unvalidated,2024991436790,2024,991436790,1,9,0,17,5,2,0,0,0,0,2,0,1,2,5,1,19,4,-1,-1,-1,-1,-1,-1,-1,0
Unvalidated,2024991436799,2024,991436799,1,9,0,18,7,3,0,1,0,0,1,1,1,1,2,1,36,7,-1,-1,-1,-1,-1,-1,-1,0
Unvalidated,2024991436799,2024,991436799,2,19,0,5,7,3,0,8,0,0,3,0,2,1,1,1,35,6,-1,-1,-1,-1,-1,-1,-1,0
Unvalidated,2024991436851,2024,991436851,1,9,0,9,7,5,0,8,0,0,0,0,1,1,5,1,76,11,-1,-1,-1,-1,7,1,-1,0
Unvalidated,2024991436915,2024,991436915,1,9,0,18,3,7,0,1,1,0,0,0,1,1,5,1,19,4,-1,-1,-1,-1,6,2,-1,0
Unvalidated,2024991436915,2024,991436915,2,9,0,18,3,7,0,1,5,0,1,11,1,1,5,1,27,6,-1,-1,-1,-1,-1,-1,-1,0
Unvalidated,2024991436915,2024,991436915,3,9,0,4,3,7,0,1,0,0,0,0,2,1,5,1,73,10,-1,-1,-1,-1,1,1,-1,0
Unvalidated,2024991436915,2024,991436915,4,9,0,9,3,1,0,5,0,0,0,0,0,1,1,1,43,7,-1,-1,-1,-1,7,3,-1,0
Unvalidated,2024991437031,2024,991437031,1,8,0,18,5,1,0,1,0,0,3,0,1,1,1,1,55,8,-1,-1,-1,-1,5,3,-1,0
Unvalidated,2024991437031,2024,991437031,2,9,0,18,7,3,0,1,1,11,0,0,3,1,2,1,24,5,-1,-1,-1,-1,2,1,-1,0
Unvalidated,2024991437127,2024,991437127,1,9,0,16,4,7,0,0,0,0,0,0,1,1,6,1,57,9,-1,-1,-1,-1,3,1,-1,0
Unvalidated,2024991437127,2024,991437127,2,9,0,17,7,4,0,0,0,0,0,0,3,1,6,1,70,10,-1,-1,-1,-1,3,1,-1,0
Unvalidated,2024991437134,2024,991437134,1,98,0,12,6,2,0,0,0,0,0,0,3,1,1,1,42,7,-1,-1,-1,-1,1,1,-1,0
Unvalidated,2024991437134,2024,991437134,2,9,0,13,6,2,0,0,0,0,0,0,1,1,5,2,47,8,-1,-1,-1,-1,7,1,-1,0
Unvalidated,2024991437171,2024,991437171,1,1,0,18,4,8,0,1,0,0,0,0,1,1,5,1,35,6,-1,-1,-1,-1,1,1,-1,0
Unvalidated,2024991437171,2024,991437171,2,8,0,18,4,8,0,1,0,0,0,0,2,1,5,1,68,10,-1,-1,-1,-1,1,1,-1,0
Unvalidated,2024991437188,2024,991437188,1,9,0,18,6,3,6,6,1,0,1,4,1,1,2,1,24,5,-1,-1,-1,-1,4,2,-1,0
Unvalidated,2024991437200,2024,991437200,1,9,0,1,6,2,0,2,0,0,0,0,2,1,1,1,67,10,-1,-1,-1,-1,1,1,-1,0
Unvalidated,2024991437231,2024,991437231,1,9,0,9,3,1,0,8,0,0,0,0,1,1,2,1,26,6,-1,-1,-1,-1,1,1,-1,0
Unvalidated,2024991437231,2024,991437231,2,9,0,18,7,3,0,8,0,0,0,0,3,1,5,2,29,6,-1,-1,-1,-1,8,3,-1,0
Unvalidated,2024991437237,2024,991437237,1,9,0,18,5,1,0,0,2,0,7,0,4,1,5,1,23,5,-1,-1,-1,-1,6,1,-1,0
Unvalidated,2024991437335,2024,991437335,1,9,0,5,3,1,0,6,0,0,0,0,3,1,5,2,87,11,-1,-1,-1,-1,9,1,-1,0
Unvalidated,2024991437335,2024,991437335,2,9,0,18,1,5,0,1,0,0,0,0,4,1,2,2,20,4,-1,-1,-1,-1,2,1,-1,0
Unvalidated,2024991437474,2024,991437474,1,9,0,9,1,8,0,2,0,0,0,0,1,1,6,1,17,4,-1,-1,-1,-1,3,3,-1,0
Unvalidated,2024991437474,2024,991437474,2,9,0,18,5,1,0,8,0,0,0,0,3,1,5,1,56,9,-1,-1,-1,-1,7,2,-1,0
Unvalidated,2024991437542,2024,991437542,1,9,0,12,8,4,0,0,0,0,0,0,1,1,2,1,39,7,-1,-1,-1,-1,4,2,-1,0
Unvalidated,2024991437542,2024,991437542,2,9,0,18,4,8,0,0,0,0,1,0,1,1,2,2,59,9,-1,-1,-1,-1,4,2,-1,0
Unvalidated,2024991437542,2024,991437542,3,9,0,18,8,4,0,0,0,0,0,0,1,1,5,1,30,6,-1,-1,-1,-1,4,2,-1,0
Unvalidated,2024991437571,2024,991437571,1,9,0,7,7,8,0,5,0,0,0,0,4,1,5,1,40,7,-1,-1,-1,-1,4,3,-1,0
Unvalidated,2024991437591,2024,991437591,1,9,0,18,7,5,0,4,0,0,0,0,2,1,6,2,44,7,-1,-1,-1,-1,8,1,-1,0
Unvalidated,2024991437591,2024,991437591,2,9,0,18,8,5,0,8,0,0,0,0,3,1,1,2,35,6,-1,-1,-1,-1,8,1,-1,0
Unvalidated,2024991437607,2024,991437607,1,4,0,18,3,7,0,0,5,0,0,0,4,1,6,1,19,4,-1,-1,-1,-1,2,1,-1,0
Unvalidated,2024991437627,2024,991437627,1,9,0,18,3,7,0,0,0,0,0,0,1,1,6,1,35,6,-1,-1,-1,-1,1,1,-1,0
Unvalidated,2024991437627,2024,991437627,2,9,0,18,3,7,0,0,0,0,0,0,2,1,5,2,32,6,-1,-1,-1,-1,9,1,-1,0
Unvalidated,2024991437630,2024,991437630,1,9,0,18,3,7,0,8,0,0,0,0,1,1,2,1,42,7,-1,-1,-1,-1,-1,-1,-1,0
Unvalidated,2024991437630,2024,991437630,2,1,0,18,5,1,0,8,0,0,0,0,3,1,6,2,24,5,-1,-1,-1,-1,-1,-1,-1,0
Unvalidated,2024991437635,2024,991437635,1,3,0,9,3,1,0,0,0,11,3,10,1,1,5,1,25,5,-1,-1,-1,-1,2,2,-1,0