status,collision_index,collision_year,collision_reference,vehicle_reference,vehicle_type,towing_and_articulation,vehicle_manoeuvre,vehicle_direction_from,vehicle_direction_to,vehicle_location_restricted_lane,junction_location,skidding_and_overturning,hit_object_in_carriageway,vehicle_leaving_carriageway,hit_object_off_carriageway,first_point_of_impact,vehicle_left_hand_drive,journey_purpose_of_driver,sex_of_driver,age_of_driver,age_band_of_driver,engine_capacity_cc,propulsion_code,age_of_vehicle,generic_make_model,driver_imd_decile,driver_home_area_type,lsoa_of_driver,escooter_flag
Unvalidated,2024991437668,2024,991437668,1,9,0,9,2,6,0,8,0,0,0,0,1,1,5,2,26,6,-1,-1,-1,-1,3,2,-1,0
Unvalidated,2024991437668,2024,991437668,2,9,0,18,7,2,0,8,0,0,0,0,1,1,5,2,42,7,-1,-1,-1,-1,4,2,-1,0
Unvalidated,2024991437671,2024,991437671,1,9,0,9,2,6,0,8,0,0,0,0,4,1,2,2,51,8,-1,-1,-1,-1,7,2,-1,0
Unvalidated,2024991437689,2024,991437689,1,9,0,9,5,3,0,1,0,0,1,0,3,1,2,1,26,6,-1,-1,-1,-1,7,3,-1,0
Unvalidated,2024991437689,2024,991437689,2,20,0,18,3,7,0,1,0,0,0,0,3,1,1,1,69,10,-1,-1,-1,-1,2,3,-1,0
Unvalidated,2024991437737,2024,991437737,1,19,0,18,2,6,0,1,0,10,0,0,1,1,1,1,29,6,-1,-1,-1,-1,-1,-1,-1,0
Unvalidated,2024991437737,2024,991437737,2,1,0,3,2,6,0,2,5,0,0,0,2,1,6,1,23,5,-1,-1,-1,-1,-1,-1,-1,0
Unvalidated,2024991437883,2024,991437883,1,1,0,18,5,1,0,1,0,0,0,0,1,1,6,1,12,3,-1,-1,-1,-1,-1,-1,-1,0
Unvalidated,2024991437883,2024,991437883,2,9,0,8,3,5,0,1,0,0,0,0,4,1,5,2,23,5,-1,-1,-1,-1,7,1,-1,0
Unvalidated,2024991437956,2024,991437956,1,5,0,16,7,3,0,0,2,0,7,0,1,1,6,1,44,7,-1,-1,-1,-1,3,1,-1,0
Unvalidated,2024991437962,2024,991437962,1,98,0,18,1,5,0,0,0,0,7,0,4,1,1,1,27,6,-1,-1,-1,-1,2,2,-1,0
Unvalidated,2024991437983,2024,991437983,1,9,0,16,3,6,0,0,1,0,7,0,1,1,6,1,21,5,-1,-1,-1,-1,4,2,-1,0
Unvalidated,2024991437983,2024,991437983,2,98,0,17,6,3,0,0,1,0,1,0,1,1,6,1,52,8,-1,-1,-1,-1,6,3,-1,0
Unvalidated,2024991438001,2024,991438001,1,9,0,9,1,7,0,5,5,0,0,0,4,1,5,2,82,11,-1,-1,-1,-1,4,3,-1,0
Unvalidated,2024991438001,2024,991438001,2,9,0,18,5,1,0,5,0,0,0,0,1,1,5,2,44,7,-1,-1,-1,-1,3,3,-1,0
Unvalidated,2024991438001,2024,991438001,3,98,0,8,7,1,0,1,0,0,0,0,1,1,2,1,68,10,-1,-1,-1,-1,4,1,-1,0
Unvalidated,2024991438007,2024,991438007,1,9,0,18,2,7,0,4,0,0,3,4,1,1,2,1,52,8,-1,-1,-1,-1,4,1,-1,0
Unvalidated,2024991438007,2024,991438007,2,9,0,18,7,5,0,4,0,10,0,0,4,1,2,2,48,8,-1,-1,-1,-1,9,1,-1,0
Unvalidated,2024991438030,2024,991438030,1,9,0,18,6,1,9,0,0,0,7,0,1,1,6,1,21,5,-1,-1,-1,-1,1,1,-1,0
Unvalidated,2024991438030,2024,991438030,2,1,0,18,1,6,9,0,0,0,1,0,1,1,6,1,47,8,-1,-1,-1,-1,-1,-1,-1,0
Unvalidated,2024991438032,2024,991438032,1,9,0,18,2,6,0,8,5,0,0,0,3,1,6,2,27,6,-1,-1,-1,-1,2,1,-1,0
Unvalidated,2024991438032,2024,991438032,2,9,0,5,4,8,0,8,0,0,0,0,1,1,6,2,32,6,-1,-1,-1,-1,7,3,-1,0
Unvalidated,2024991438142,2024,991438142,1,5,0,18,3,7,0,1,0,0,0,0,1,1,2,1,26,6,-1,-1,-1,-1,1,1,-1,0
Unvalidated,2024991438142,2024,991438142,2,9,0,9,4,2,0,8,0,0,0,0,3,1,2,2,47,8,-1,-1,-1,-1,8,1,-1,0
Unvalidated,2024991438201,2024,991438201,1,9,0,18,4,7,0,8,0,0,0,0,1,1,5,1,88,11,-1,-1,-1,-1,8,3,-1,0
Unvalidated,2024991438201,2024,991438201,2,9,0,18,6,2,0,8,0,0,0,0,1,1,1,1,63,9,-1,-1,-1,-1,2,1,-1,0
Unvalidated,2024991438221,2024,991438221,1,9,0,18,3,5,0,4,0,0,0,0,1,1,6,1,63,9,-1,-1,-1,-1,7,2,-1,0
Unvalidated,2024991438221,2024,991438221,2,1,0,18,8,5,0,3,0,0,0,0,4,1,6,1,50,8,-1,-1,-1,-1,10,1,-1,0
Unvalidated,2024991438225,2024,991438225,1,9,0,18,7,3,0,8,0,0,0,0,1,1,6,1,41,7,-1,-1,-1,-1,1,1,-1,0
Unvalidated,2024991438225,2024,991438225,2,9,0,18,5,1,0,8,0,0,0,0,1,1,6,2,38,7,-1,-1,-1,-1,9,1,-1,0
Unvalidated,2024991438266,2024,991438266,1,19,0,6,5,5,0,0,0,0,0,0,3,1,1,1,35,6,-1,-1,-1,-1,5,1,-1,0
Unvalidated,2024991438266,2024,991438266,2,1,0,18,5,1,0,0,0,0,0,0,1,1,1,1,36,7,-1,-1,-1,-1,1,1,-1,0
Unvalidated,2024991438327,2024,991438327,1,9,0,12,7,3,0,0,0,0,0,0,3,1,6,2,37,7,-1,-1,-1,-1,1,1,-1,0
Unvalidated,2024991438327,2024,991438327,2,9,0,18,7,3,0,0,0,0,0,0,4,1,5,2,41,7,-1,-1,-1,-1,1,1,-1,0
Unvalidated,2024991438329,2024,991438329,1,90,0,4,5,1,0,4,0,0,0,0,1,1,2,1,63,9,-1,-1,-1,-1,7,1,-1,0
Unvalidated,2024991438329,2024,991438329,2,9,0,4,5,1,0,6,0,0,0,0,2,1,2,2,35,6,-1,-1,-1,-1,2,1,-1,0
Unvalidated,2024991438412,2024,991438412,1,19,0,12,6,2,0,0,0,0,5,6,2,1,1,1,63,9,-1,-1,-1,-1,6,3,E01025562,0
Unvalidated,2024991438412,2024,991438412,2,9,0,18,6,2,0,0,0,0,4,0,1,1,5,1,54,8,-1,-1,-1,-1,2,2,-1,0
Unvalidated,2024991438412,2024,991438412,3,98,0,18,6,2,0,0,0,0,0,0,2,1,6,3,30,6,-1,-1,-1,-1,-1,-1,-1,0
Unvalidated,2024991438412,2024,991438412,4,9,0,18,2,6,0,0,0,7,0,0,1,1,6,2,41,7,-1,-1,-1,-1,3,2,-1,0
Unvalidated,2024991438417,2024,991438417,1,4,0,18,7,3,0,2,1,10,0,0,4,1,5,1,75,10,-1,-1,-1,-1,9,2,E01013053,0
Unvalidated,2024991438437,2024,991438437,1,9,0,18,5,1,0,0,0,0,0,0,1,1,6,2,29,6,-1,-1,-1,-1,7,1,-1,0
Unvalidated,2024991438437,2024,991438437,2,90,0,18,5,1,0,0,0,0,0,0,2,1,1,1,62,9,-1,-1,-1,-1,5,3,-1,0
Unvalidated,2024991438437,2024,991438437,3,9,0,18,5,1,0,0,0,0,0,0,4,1,6,1,63,9,-1,-1,-1,-1,3,1,-1,0
Unvalidated,2024991438442,2024,991438442,1,9,0,18,2,7,0,1,5,0,0,0,1,1,6,1,40,7,-1,-1,-1,-1,-1,-1,-1,0
Unvalidated,2024991438442,2024,991438442,2,9,0,7,5,7,0,1,5,0,0,0,4,1,5,1,87,11,-1,-1,-1,-1,3,2,-1,0
Unvalidated,2024991438446,2024,991438446,1,9,0,4,5,2,0,0,0,0,0,0,1,1,6,1,32,6,-1,-1,-1,-1,3,1,-1,0
Unvalidated,2024991438446,2024,991438446,2,9,0,2,0,0,0,0,0,0,0,0,2,1,6,3,-1,-1,-1,-1,-1,-1,-1,-1,-1,0
Unvalidated,2024991438490,2024,991438490,1,9,0,9,2,8,0,5,0,0,0,0,4,1,5,2,66,10,-1,-1,-1,-1,-1,-1,-1,0
Unvalidated,2024991438490,2024,991438490,2,21,0,18,6,2,0,1,0,0,0,0,1,1,1,1,66,10,-1,-1,-1,-1,2,2,-1,0
Unvalidated,2024991438490,2024,991438490,3,9,0,10,8,6,0,1,0,0,0,0,1,1,1,1,26,6,-1,-1,-1,-1,3,1,E01017335,0
Unvalidated,2024991438498,2024,991438498,1,20,0,18,3,7,0,1,0,0,0,0,3,1,1,1,34,6,-1,-1,-1,-1,8,3,-1,0
Unvalidated,2024991438498,2024,991438498,2,20,0,18,7,3,0,1,0,0,0,0,3,1,1,1,47,8,-1,-1,-1,-1,4,2,-1,0
Unvalidated,2024991438500,2024,991438500,1,9,0,18,5,1,0,0,0,0,0,0,1,1,5,1,31,6,-1,-1,-1,-1,-1,-1,-1,0
Unvalidated,2024991438513,2024,991438513,1,9,0,1,1,5,0,0,0,0,0,0,2,1,5,2,58,9,-1,-1,-1,-1,1,1,-1,0
Unvalidated,2024991438513,2024,991438513,2,1,0,4,1,6,0,0,0,0,0,0,1,1,5,2,23,5,-1,-1,-1,-1,1,1,-1,0
Unvalidated,2024991438513,2024,991438513,3,9,0,2,0,0,0,0,0,0,0,0,3,1,5,1,52,8,-1,-1,-1,-1,-1,-1,-1,0
Unvalidated,2024991438524,2024,991438524,1,9,0,13,2,6,0,0,1,0,7,11,1,1,5,2,20,4,-1,-1,-1,-1,6,3,-1,0
Unvalidated,2024991438524,2024,991438524,2,9,0,18,6,2,0,0,0,0,0,0,1,1,5,2,25,5,-1,-1,-1,-1,6,3,-1,0
Unvalidated,2024991438524,2024,991438524,3,9,0,18,2,6,0,0,0,0,0,0,3,1,6,1,28,6,-1,-1,-1,-1,6,3,-1,0
Unvalidated,2024991438524,2024,991438524,4,9,0,18,2,6,0,0,0,0,0,0,1,1,6,1,17,4,-1,-1,-1,-1,-1,-1,-1,0
Unvalidated,2024991438527,2024,991438527,1,9,0,18,3,7,0,0,1,0,0,0,1,1,5,1,23,5,-1,-1,-1,-1,-1,-1,-1,0
Unvalidated,2024991438527,2024,991438527,2,9,0,2,3,7,0,0,0,0,0,0,2,1,5,1,64,9,-1,-1,-1,-1,-1,-1,-1,0
Unvalidated,2024991438660,2024,991438660,1,9,0,18,7,3,0,0,0,0,0,0,1,1,6,1,41,7,-1,-1,-1,-1,2,3,-1,0
Unvalidated,2024991438660,2024,991438660,2,9,0,18,7,3,0,0,0,0,0,0,2,1,1,1,57,9,-1,-1,-1,-1,8,1,-1,0
Unvalidated,2024991438735,2024,991438735,1,23,0,11,3,7,0,0,0,0,0,0,4,1,5,1,39,7,-1,-1,-1,-1,-1,-1,-1,0
Unvalidated,2024991438735,2024,991438735,2,9,0,18,3,7,0,0,0,0,0,0,3,1,5,2,58,9,-1,-1,-1,-1,8,1,-1,0
Unvalidated,2024991438739,2024,991438739,1,9,0,18,3,7,0,0,0,0,0,0,1,1,6,2,37,7,-1,-1,-1,-1,7,1,-1,0
Unvalidated,2024991438739,2024,991438739,2,9,0,18,3,7,0,0,0,0,0,0,2,1,2,2,41,7,-1,-1,-1,-1,10,1,-1,0
Unvalidated,2024991438739,2024,991438739,3,9,0,18,3,7,0,0,0,0,0,0,2,1,6,2,35,6,-1,-1,-1,-1,6,1,-1,0
Unvalidated,2024991438756,2024,991438756,1,9,0,1,1,5,9,0,0,0,0,0,3,1,3,1,32,6,-1,-1,-1,-1,5,1,-1,0
Unvalidated,2024991438821,2024,991438821,1,9,0,5,4,8,0,8,0,0,0,0,3,1,5,2,83,11,-1,-1,-1,-1,7,3,-1,0
Unvalidated,2024991438821,2024,991438821,2,9,0,18,8,4,0,1,0,0,0,0,1,1,2,2,60,9,-1,-1,-1,-1,-1,-1,-1,0
Unvalidated,2024991438927,2024,991438927,1,5,0,18,6,1,0,1,0,0,0,0,1,1,5,1,25,5,-1,-1,-1,-1,10,1,-1,0
Unvalidated,2024991438927,2024,991438927,2,8,0,6,6,1,0,1,0,0,0,0,3,1,1,1,55,8,-1,-1,-1,-1,7,1,-1,0
Unvalidated,2024991438935,2024,991438935,1,9,0,17,8,4,0,0,0,0,4,4,1,1,2,2,34,6,-1,-1,-1,-1,9,1,-1,0
Unvalidated,2024991438961,2024,991438961,1,9,0,9,7,5,0,8,0,0,7,0,1,1,1,1,33,6,-1,-1,-1,-1,2,1,-1,0
Unvalidated,2024991438961,2024,991438961,2,9,0,18,3,7,0,8,0,0,0,0,1,1,6,1,53,8,-1,-1,-1,-1,8,3,-1,0
Unvalidated,2024991438971,2024,991438971,1,8,0,18,2,5,0,0,1,0,7,0,1,1,1,2,44,7,-1,-1,-1,-1,8,3,-1,0
Unvalidated,2024991438982,2024,991438982,1,9,0,4,5,1,6,0,0,0,7,11,1,1,6,2,90,11,-1,-1,-1,-1,5,1,-1,0
Unvalidated,2024991438982,2024,991438982,2,9,0,2,5,1,6,0,0,0,0,0,2,1,6,3,-1,-1,-1,-1,-1,-1,-1,-1,-1,0
Unvalidated,2024991438983,2024,991438983,1,9,0,10,7,4,0,6,0,0,0,0,1,1,5,1,48,8,-1,-1,-1,-1,10,3,-1,0
Unvalidated,2024991439006,2024,991439006,1,9,0,18,6,2,0,0,0,0,0,0,1,1,1,1,40,7,-1,-1,-1,-1,3,2,-1,0
Unvalidated,2024991439006,2024,991439006,2,21,1,18,6,2,0,0,0,0,0,0,2,1,1,1,60,9,-1,-1,-1,-1,7,1,-1,0
Unvalidated,2024991439009,2024,991439009,1,9,0,18,3,7,0,8,0,0,0,0,1,1,5,1,63,9,-1,-1,-1,-1,9,1,-1,0
Unvalidated,2024991439009,2024,991439009,2,9,0,18,6,1,0,4,0,0,0,0,1,1,5,1,41,7,-1,-1,-1,-1,-1,-1,-1,0
Unvalidated,2024991439020,2024,991439020,1,9,0,17,7,3,0,0,2,0,7,4,1,1,6,1,28,6,-1,-1,-1,-1,2,1,-1,0
Unvalidated,2024991439024,2024,991439024,1,9,0,9,3,1,0,5,0,0,0,0,1,1,6,1,31,6,-1,-1,-1,-1,7,1,-1,0
Unvalidated,2024991439024,2024,991439024,2,9,0,18,7,3,0,8,0,0,0,0,3,1,6,1,35,6,-1,-1,-1,-1,1,1,-1,0
Unvalidated,2024991439049,2024,991439049,1,9,0,18,5,1,0,0,0,0,0,0,4,1,5,1,48,8,-1,-1,-1,-1,-1,-1,-1,0
Unvalidated,2024991439049,2024,991439049,2,9,0,2,0,0,0,0,0,0,0,0,0,1,1,1,40,7,-1,-1,-1,-1,-1,-1,-1,0
Unvalidated,2024991439073,2024,991439073,1,9,0,4,7,3,0,4,0,0,0,0,2,1,2,2,24,5,-1,-1,-1,-1,-1,-1,-1,0
Unvalidated,2024991439073,2024,991439073,2,98,0,4,7,3,0,1,0,0,0,0,1,1,2,1,48,8,-1,-1,-1,-1,7,1,-1,0
Unvalidated,2024991439085,2024,991439085,1,97,0,4,8,4,0,6,0,0,0,0,1,1,5,1,60,9,-1,-1,-1,-1,-1,-1,-1,0
Unvalidated,2024991439085,2024,991439085,2,97,0,4,8,4,0,1,0,0,0,0,2,1,5,1,69,10,-1,-1,-1,-1,-1,-1,-1,0
Unvalidated,2024991439089,2024,991439089,2,9,0,18,5,1,0,1,0,0,0,0,1,1,6,2,20,4,-1,-1,-1,-1,10,1,-1,0
Unvalidated,2024991439089,2024,991439089,3,9,0,9,1,7,0,1,0,0,0,0,4,1,6,2,25,5,-1,-1,-1,-1,10,1,-1,0
Unvalidated,2024991439094,2024,991439094,1,97,0,7,5,7,0,8,0,0,0,0,1,1,6,3,-1,-1,-1,-1,-1,-1,-1,-1,-1,0
Unvalidated,2024991439102,2024,991439102,1,9,0,9,6,3,0,8,0,0,0,0,1,1,5,2,59,9,-1,-1,-1,-1,-1,-1,-1,0
Unvalidated,2024991439102,2024,991439102,2,9,0,9,6,3,0,8,0,0,0,0,2,1,6,2,31,6,-1,-1,-1,-1,-1,-1,-1,0
Unvalidated,2024991439108,2024,991439108,1,9,0,18,6,1,0,1,5,0,0,0,1,1,5,1,31,6,-1,-1,-1,-1,6,1,-1,0
Unvalidated,2024991439113,2024,991439113,1,3,0,13,6,3,9,0,1,0,0,0,1,1,1,1,22,5,-1,-1,-1,-1,9,1,-1,0
Unvalidated,2024991439121,2024,991439121,1,9,0,18,3,7,0,0,0,0,0,0,1,1,2,1,22,5,-1,-1,-1,-1,-1,-1,-1,0
Unvalidated,2024991439121,2024,991439121,2,9,0,18,3,7,0,0,0,0,0,0,2,1,5,1,25,5,-1,-1,-1,-1,3,1,-1,0
Unvalidated,2024991439121,2024,991439121,3,9,0,18,3,7,0,0,0,0,0,0,1,1,5,1,62,9,-1,-1,-1,-1,10,2,-1,0
Unvalidated,2024991439172,2024,991439172,1,9,0,18,5,1,0,0,1,0,1,0,4,1,6,1,20,4,-1,-1,-1,-1,-1,-1,-1,0
Unvalidated,2024991439182,2024,991439182,1,9,0,9,5,3,0,8,0,0,0,0,1,1,6,1,28,6,-1,-1,-1,-1,-1,-1,-1,0
Unvalidated,2024991439191,2024,991439191,1,9,0,4,2,6,0,1,0,0,0,0,4,1,5,1,30,6,-1,-1,-1,-1,4,1,-1,0
Unvalidated,2024991439203,2024,991439203,1,9,0,18,3,7,0,0,0,0,0,0,1,1,6,2,33,6,-1,-1,-1,-1,-1,-1,-1,0
Unvalidated,2024991439212,2024,991439212,1,9,0,18,7,3,0,1,0,0,0,0,1,1,3,2,31,6,-1,-1,-1,-1,-1,-1,-1,0
Unvalidated,2024991439212,2024,991439212,2,11,0,18,3,7,0,1,0,0,0,0,1,1,1,1,24,5,-1,-1,-1,-1,-1,-1,-1,0
Unvalidated,2024991439215,2024,991439215,1,9,0,1,1,5,0,1,0,0,0,0,2,1,6,1,37,7,-1,-1,-1,-1,5,1,-1,0
Unvalidated,2024991439223,2024,991439223,1,9,0,18,7,3,0,0,0,0,0,0,1,1,6,1,24,5,-1,-1,-1,-1,6,1,-1,0
Unvalidated,2024991439251,2024,991439251,1,9,0,18,7,2,0,0,1,4,0,0,4,1,5,1,29,6,-1,-1,-1,-1,-1,-1,-1,0
Unvalidated,2024991439251,2024,991439251,2,9,0,2,0,0,0,0,1,0,1,11,3,1,6,3,-1,-1,-1,-1,-1,-1,-1,-1,-1,0
Unvalidated,2024991439251,2024,991439251,3,9,0,2,0,0,0,0,0,0,0,0,2,1,6,3,-1,-1,-1,-1,-1,-1,-1,-1,-1,0
Unvalidated,2024991439256,2024,991439256,1,1,0,9,1,6,0,2,0,0,0,0,1,1,1,1,26,6,-1,-1,-1,-1,-1,-1,-1,0
Unvalidated,2024991439256,2024,991439256,2,9,0,9,1,6,0,2,0,0,0,0,3,1,5,1,19,4,-1,-1,-1,-1,9,1,-1,0
Unvalidated,2024991439274,2024,991439274,1,8,0,18,4,8,0,0,0,0,7,0,1,1,1,1,41,7,-1,-1,-1,-1,4,1,-1,0
Unvalidated,2024991439276,2024,991439276,1,9,0,18,2,7,0,0,0,0,1,0,1,1,5,2,25,5,-1,-1,-1,-1,7,3,-1,0
Unvalidated,2024991439279,2024,991439279,1,3,0,13,5,1,0,0,0,0,0,0,1,1,5,1,32,6,-1,-1,-1,-1,5,1,-1,0
Unvalidated,2024991439279,2024,991439279,2,9,0,18,1,5,0,0,0,0,0,0,1,1,5,1,29,6,-1,-1,-1,-1,7,3,-1,0
Unvalidated,2024991439323,2024,991439323,1,17,0,18,7,3,0,8,0,0,0,0,0,1,5,1,53,8,-1,-1,-1,-1,7,3,-1,0
Unvalidated,2024991439323,2024,991439323,2,90,0,18,1,5,0,1,0,0,0,0,1,1,5,1,62,9,-1,-1,-1,-1,10,1,-1,0
Unvalidated,2024991439345,2024,991439345,1,9,0,18,1,6,0,0,1,0,7,0,1,1,1,2,43,7,-1,-1,-1,-1,-1,-1,-1,0
Unvalidated,2024991439386,2024,991439386,1,9,0,9,2,7,0,1,0,0,0,0,4,1,5,1,79,11,-1,-1,-1,-1,-1,-1,-1,0
Unvalidated,2024991439386,2024,991439386,2,9,0,18,5,1,0,1,0,0,0,0,1,1,2,1,43,7,-1,-1,-1,-1,8,3,-1,0
Unvalidated,2024991439386,2024,991439386,3,9,0,3,1,1,0,1,0,0,0,0,1,1,5,1,47,8,-1,-1,-1,-1,2,1,-1,0
Unvalidated,2024991439398,2024,991439398,1,3,0,18,3,7,0,1,1,0,0,0,4,1,6,2,20,4,-1,-1,-1,-1,6,3,-1,0
Unvalidated,2024991439398,2024,991439398,2,4,0,18,3,7,0,1,0,0,0,0,3,1,5,1,20,4,-1,-1,-1,-1,4,1,-1,0
Unvalidated,2024991439398,2024,991439398,3,4,0,18,3,7,0,1,0,0,0,0,4,1,5,1,20,4,-1,-1,-1,-1,4,3,-1,0
Unvalidated,2024991439441,2024,991439441,1,9,0,18,5,1,0,8,0,0,0,0,1,1,5,2,49,8,-1,-1,-1,-1,8,3,-1,0
Unvalidated,2024991439441,2024,991439441,2,9,0,18,3,7,0,8,0,0,0,0,4,1,6,2,31,6,-1,-1,-1,-1,1,3,-1,0
Unvalidated,2024991439450,2024,991439450,1,5,0,16,5,8,0,0,2,0,0,0,1,1,5,1,54,8,-1,-1,-1,-1,-1,-1,-1,0
Unvalidated,2024991439450,2024,991439450,2,9,0,17,8,4,0,0,1,0,0,0,3,1,5,1,63,9,-1,-1,-1,-1,8,3,-1,0
Unvalidated,2024991439450,2024,991439450,3,5,0,17,8,4,0,0,0,0,7,0,1,1,6,1,50,8,-1,-1,-1,-1,-1,-1,-1,0
Unvalidated,2024991439570,2024,991439570,1,9,4,7,6,8,0,1,0,0,0,0,1,1,5,1,70,10,-1,-1,-1,-1,9,3,-1,0
Unvalidated,2024991439570,2024,991439570,2,1,0,18,4,8,0,1,0,0,0,0,1,1,5,1,46,8,-1,-1,-1,-1,9,3,-1,0
Unvalidated,2024991439607,2024,991439607,1,5,0,13,4,8,0,0,1,0,0,0,3,1,5,1,75,10,-1,-1,-1,-1,8,1,-1,0
Unvalidated,2024991439608,2024,991439608,1,19,0,18,3,1,0,1,0,0,0,0,1,1,6,1,-1,-1,-1,-1,-1,-1,6,1,-1,0
Unvalidated,2024991439608,2024,991439608,2,8,0,18,3,1,0,1,0,0,0,0,2,1,1,1,42,7,-1,-1,-1,-1,3,1,-1,0
Unvalidated,2024991439617,2024,991439617,1,9,0,18,4,8,0,1,1,0,1,5,4,1,6,1,29,6,-1,-1,-1,-1,2,1,-1,0
Unvalidated,2024991439617,2024,991439617,2,11,0,18,8,4,0,1,0,0,0,0,1,1,1,1,57,9,-1,-1,-1,-1,7,1,-1,0
Unvalidated,2024991439617,2024,991439617,3,9,0,18,4,8,0,1,0,0,0,0,0,1,1,1,35,6,-1,-1,-1,-1,-1,-1,-1,0
Unvalidated,2024991439631,2024,991439631,1,9,0,9,7,5,0,1,0,0,0,0,4,1,5,2,74,10,-1,-1,-1,-1,-1,-1,-1,0
Unvalidated,2024991439631,2024,991439631,2,1,0,18,2,7,0,1,0,0,0,0,4,1,5,1,52,8,-1,-1,-1,-1,-1,-1,-1,0
Unvalidated,2024991439662,2024,991439662,1,9,0,4,3,7,0,4,0,0,0,0,4,1,5,1,67,10,-1,-1,-1,-1,-1,-1,-1,0
Unvalidated,2024991439678,2024,991439678,1,97,0,16,2,6,0,0,0,0,7,0,2,1,5,1,54,8,-1,-1,-1,-1,7,1,-1,0
Unvalidated,2024991439703,2024,991439703,1,9,0,18,8,4,0,0,0,0,0,0,1,1,6,2,42,7,-1,-1,-1,-1,7,3,-1,0
Unvalidated,2024991439703,2024,991439703,2,20,0,18,4,1,0,0,0,0,0,0,1,1,1,1,36,7,-1,-1,-1,-1,8,3,-1,0
Unvalidated,2024991439720,2024,991439720,1,9,0,18,8,4,0,0,0,0,0,0,1,1,5,1,71,10,-1,-1,-1,-1,-1,-1,-1,0
Unvalidated,2024991439720,2024,991439720,2,9,0,18,3,8,0,0,0,0,0,0,1,1,5,1,27,6,-1,-1,-1,-1,3,1,E01004229,0
Unvalidated,2024991439777,2024,991439777,1,3,0,12,3,7,0,0,1,0,0,0,3,1,1,1,40,7,-1,-1,-1,-1,8,1,-1,0
Unvalidated,2024991439800,2024,991439800,1,9,0,18,7,3,0,1,0,0,0,0,1,1,6,1,30,6,-1,-1,-1,-1,1,1,-1,0
Unvalidated,2024991439800,2024,991439800,2,9,0,10,1,7,0,1,0,0,1,11,3,1,1,1,34,6,-1,-1,-1,-1,3,1,-1,0
Unvalidated,2024991439860,2024,991439860,1,9,0,18,2,6,9,1,0,0,7,11,1,1,6,2,26,6,-1,-1,-1,-1,2,1,-1,0
Unvalidated,2024991439860,2024,991439860,2,9,0,5,4,2,0,6,0,0,0,0,1,1,6,2,20,4,-1,-1,-1,-1,3,1,-1,0
Unvalidated,2024991439916,2024,991439916,1,9,0,9,5,3,0,1,1,0,0,0,1,1,5,1,48,8,-1,-1,-1,-1,2,1,-1,0
Unvalidated,2024991439916,2024,991439916,2,9,0,18,1,5,0,1,1,0,0,0,1,1,5,1,81,11,-1,-1,-1,-1,2,1,-1,0
Unvalidated,2024991439916,2024,991439916,3,17,4,4,4,1,0,1,0,0,0,0,1,1,1,1,28,6,-1,-1,-1,-1,4,3,-1,0
Unvalidated,2024991439948,2024,991439948,1,9,0,9,3,1,0,5,0,0,0,0,3,1,6,3,50,8,-1,-1,-1,-1,-1,-1,-1,0
Unvalidated,2024991440015,2024,991440015,1,9,0,5,2,6,0,1,0,0,0,0,3,1,6,1,44,7,-1,-1,-1,-1,-1,-1,-1,0
Unvalidated,2024991440015,2024,991440015,2,1,0,18,5,8,0,1,0,0,0,0,1,1,6,1,27,6,-1,-1,-1,-1,3,1,-1,0
Unvalidated,2024991440018,2024,991440018,1,4,0,18,6,2,0,1,0,0,0,0,1,1,5,1,51,8,-1,-1,-1,-1,-1,-1,-1,0
Unvalidated,2024991440018,2024,991440018,2,9,0,4,5,1,0,1,0,0,0,0,2,1,5,1,40,7,-1,-1,-1,-1,6,1,-1,0
Unvalidated,2024991440048,2024,991440048,1,9,0,12,3,7,0,0,0,0,0,0,3,1,6,1,56,9,-1,-1,-1,-1,2,1,-1,0
Unvalidated,2024991440048,2024,991440048,2,9,0,18,3,7,0,0,1,0,1,7,4,1,6,2,23,5,-1,-1,-1,-1,4,1,-1,0
Unvalidated,2024991440067,2024,991440067,1,9,0,18,8,4,0,0,5,0,2,11,1,1,2,1,67,10,-1,-1,-1,-1,3,1,-1,0
Unvalidated,2024991440072,2024,991440072,1,3,0,9,5,1,0,0,1,0,7,0,1,1,6,1,19,4,-1,-1,-1,-1,7,1,-1,0
Unvalidated,2024991440098,2024,991440098,1,97,0,18,2,6,0,0,1,4,0,0,2,1,5,1,17,4,-1,-1,-1,-1,-1,-1,-1,0
Unvalidated,2024991440098,2024,991440098,2,9,0,2,0,0,0,0,0,0,0,0,2,1,6,3,-1,-1,-1,-1,-1,-1,-1,-1,-1,0
Unvalidated,2024991440117,2024,991440117,1,1,0,18,7,3,0,8,0,0,0,0,4,1,1,1,26,6,-1,-1,-1,-1,8,1,-1,0
Unvalidated,2024991440117,2024,991440117,2,8,0,18,7,3,0,8,0,0,0,0,3,1,1,1,46,8,-1,-1,-1,-1,4,1,-1,0
Unvalidated,2024991440140,2024,991440140,1,9,0,18,8,3,0,0,0,0,0,0,4,1,6,2,50,8,-1,-1,-1,-1,-1,-1,-1,0
Unvalidated,2024991440289,2024,991440289,1,9,0,18,3,6,0,2,0,0,0,0,1,1,6,2,34,6,-1,-1,-1,-1,2,1,-1,0
Unvalidated,2024991440291,2024,991440291,1,9,0,18,3,7,0,6,0,0,0,0,1,1,1,1,66,10,-1,-1,-1,-1,10,3,-1,0
Unvalidated,2024991440291,2024,991440291,2,9,0,17,1,5,0,1,1,0,5,6,4,1,6,1,36,7,-1,-1,-1,-1,-1,-1,-1,0
Unvalidated,2024991440306,2024,991440306,1,19,0,1,3,3,0,1,0,0,0,0,2,1,1,1,27,6,-1,-1,-1,-1,7,1,-1,0
Unvalidated,2024991440312,2024,991440312,1,9,0,5,1,5,0,0,0,0,0,0,1,1,2,1,33,6,-1,-1,-1,-1,1,1,-1,0
Unvalidated,2024991440347,2024,991440347,1,9,0,18,8,4,0,0,0,0,0,0,1,1,6,1,22,5,-1,-1,-1,-1,8,1,-1,0
Unvalidated,2024991440389,2024,991440389,1,5,0,18,5,1,0,0,5,0,0,0,4,1,5,2,54,8,-1,-1,-1,-1,-1,-1,-1,0
Unvalidated,2024991440390,2024,991440390,1,9,0,18,7,3,0,0,0,0,0,0,1,1,5,1,19,4,-1,-1,-1,-1,4,1,-1,0