status,collision_index,collision_year,collision_reference,vehicle_reference,vehicle_type,towing_and_articulation,vehicle_manoeuvre,vehicle_direction_from,vehicle_direction_to,vehicle_location_restricted_lane,junction_location,skidding_and_overturning,hit_object_in_carriageway,vehicle_leaving_carriageway,hit_object_off_carriageway,first_point_of_impact,vehicle_left_hand_drive,journey_purpose_of_driver,sex_of_driver,age_of_driver,age_band_of_driver,engine_capacity_cc,propulsion_code,age_of_vehicle,generic_make_model,driver_imd_decile,driver_home_area_type,lsoa_of_driver,escooter_flag
Unvalidated,2024991440390,2024,991440390,2,9,0,3,7,3,0,0,0,0,0,0,2,1,5,2,57,9,-1,-1,-1,-1,9,1,-1,0
Unvalidated,2024991440390,2024,991440390,3,9,0,3,7,3,0,0,0,0,0,0,2,1,5,1,42,7,-1,-1,-1,-1,1,1,-1,0
Unvalidated,2024991440390,2024,991440390,4,9,0,3,7,3,0,0,0,0,0,0,2,1,5,1,67,10,-1,-1,-1,-1,5,1,-1,0
Unvalidated,2024991440473,2024,991440473,1,9,0,18,8,4,0,0,0,0,0,0,1,2,5,2,42,7,-1,-1,-1,-1,-1,-1,-1,0
Unvalidated,2024991440716,2024,991440716,1,8,0,18,1,5,0,1,0,0,0,0,3,1,1,2,59,9,-1,-1,-1,-1,-1,-1,-1,0
Unvalidated,2024991440716,2024,991440716,2,9,0,18,3,7,0,2,0,0,0,0,1,1,2,2,32,6,-1,-1,-1,-1,-1,-1,-1,0
Unvalidated,2024991440717,2024,991440717,1,9,0,5,5,3,0,8,0,0,0,0,1,1,6,1,69,10,-1,-1,-1,-1,7,1,-1,0
Unvalidated,2024991440717,2024,991440717,2,9,0,18,7,3,0,1,0,0,0,0,1,1,6,2,43,7,-1,-1,-1,-1,-1,-1,-1,0
Unvalidated,2024991440763,2024,991440763,1,9,0,18,3,7,0,1,0,0,0,0,3,1,5,1,88,11,-1,-1,-1,-1,3,2,-1,0
Unvalidated,2024991440763,2024,991440763,2,9,0,4,0,3,0,2,0,0,0,0,3,1,5,1,24,5,-1,-1,-1,-1,-1,-1,-1,0
Unvalidated,2024991440805,2024,991440805,1,9,0,18,2,6,0,0,0,0,0,0,1,1,6,1,25,5,-1,-1,-1,-1,4,1,-1,0
Unvalidated,2024991440805,2024,991440805,2,9,0,18,7,4,0,0,0,0,0,0,1,1,6,1,59,9,-1,-1,-1,-1,7,1,-1,0
Unvalidated,2024991440866,2024,991440866,1,9,0,18,8,4,0,1,0,0,0,0,1,1,5,1,80,11,-1,-1,-1,-1,-1,-1,-1,0
Unvalidated,2024991440866,2024,991440866,2,9,0,9,8,6,0,1,0,0,0,0,2,1,5,2,57,9,-1,-1,-1,-1,-1,-1,-1,0
Unvalidated,2024991440880,2024,991440880,1,9,0,7,8,2,0,6,0,0,0,0,1,1,6,2,59,9,-1,-1,-1,-1,9,1,-1,0
Unvalidated,2024991440880,2024,991440880,2,1,0,7,8,2,0,6,0,0,0,0,1,1,5,1,29,6,-1,-1,-1,-1,-1,-1,-1,0
Unvalidated,2024991440903,2024,991440903,1,5,0,13,2,6,0,1,1,0,7,7,3,1,5,1,77,11,-1,-1,-1,-1,7,1,-1,0
Unvalidated,2024991440915,2024,991440915,1,9,0,18,1,5,0,3,0,0,0,0,4,1,5,1,58,9,-1,-1,-1,-1,10,1,-1,0
Unvalidated,2024991440952,2024,991440952,1,9,0,18,3,7,0,0,0,0,0,0,1,1,6,1,31,6,-1,-1,-1,-1,4,1,-1,0
Unvalidated,2024991440952,2024,991440952,2,9,0,18,7,3,0,0,0,0,0,0,1,1,6,1,47,8,-1,-1,-1,-1,10,3,-1,0
Unvalidated,2024991440995,2024,991440995,1,9,0,18,3,7,0,0,0,0,0,0,1,1,5,1,28,6,-1,-1,-1,-1,5,2,-1,0
Unvalidated,2024991440995,2024,991440995,2,9,0,18,3,7,0,0,0,0,0,0,2,1,5,2,41,7,-1,-1,-1,-1,2,1,-1,0
Unvalidated,2024991440995,2024,991440995,3,19,0,18,3,7,0,0,0,0,0,0,2,1,1,1,27,6,-1,-1,-1,-1,8,1,-1,0
Unvalidated,2024991441044,2024,991441044,1,9,0,17,5,1,0,0,1,0,7,9,4,1,1,1,40,7,-1,-1,-1,-1,-1,-1,-1,0
Unvalidated,2024991441044,2024,991441044,2,9,0,16,1,5,0,0,0,0,1,9,1,1,2,1,44,7,-1,-1,-1,-1,-1,-1,-1,0
Unvalidated,2024991441058,2024,991441058,1,21,1,18,4,8,0,1,0,0,0,0,1,1,1,1,49,8,-1,-1,-1,-1,5,2,-1,0
Unvalidated,2024991441059,2024,991441059,1,9,0,18,7,3,0,0,5,0,0,0,1,1,5,1,79,11,-1,-1,-1,-1,3,1,-1,0
Unvalidated,2024991441059,2024,991441059,2,9,0,2,3,3,0,0,1,0,0,0,2,1,6,1,45,7,-1,-1,-1,-1,8,1,-1,0
Unvalidated,2024991441066,2024,991441066,1,9,0,5,8,4,0,1,0,0,3,0,1,1,5,1,73,10,-1,-1,-1,-1,-1,-1,-1,0
Unvalidated,2024991441190,2024,991441190,1,9,0,4,6,2,0,1,0,0,0,0,1,1,6,2,73,10,-1,-1,-1,-1,6,1,-1,0
Unvalidated,2024991441204,2024,991441204,1,9,0,9,7,4,0,1,0,0,0,0,3,1,6,2,83,11,-1,-1,-1,-1,10,1,-1,0
Unvalidated,2024991441204,2024,991441204,2,1,0,18,3,7,0,1,0,0,0,0,1,1,6,2,68,10,-1,-1,-1,-1,10,1,-1,0
Unvalidated,2024991441258,2024,991441258,1,9,0,18,4,7,0,3,0,0,0,0,1,1,2,1,47,8,-1,-1,-1,-1,8,3,-1,0
Unvalidated,2024991441277,2024,991441277,1,5,0,18,3,8,0,0,1,0,0,0,1,1,6,1,30,6,-1,-1,-1,-1,-1,-1,-1,0
Unvalidated,2024991441277,2024,991441277,2,9,0,12,3,7,0,0,1,0,1,2,2,1,5,2,34,6,-1,-1,-1,-1,-1,-1,-1,0
Unvalidated,2024991441324,2024,991441324,1,9,0,18,8,5,0,0,0,0,0,0,1,1,5,1,56,9,-1,-1,-1,-1,4,1,-1,0
Unvalidated,2024991441336,2024,991441336,1,9,0,18,1,5,0,1,0,0,0,0,1,1,6,2,43,7,-1,-1,-1,-1,5,2,-1,0
Unvalidated,2024991441336,2024,991441336,2,9,0,4,1,5,0,8,0,0,0,0,2,1,2,2,25,5,-1,-1,-1,-1,2,1,-1,0
Unvalidated,2024991441447,2024,991441447,1,5,0,18,4,7,0,1,1,0,7,0,3,1,6,1,59,9,-1,-1,-1,-1,7,3,-1,0
Unvalidated,2024991441458,2024,991441458,1,9,0,9,8,5,0,0,0,0,7,0,1,1,6,2,87,11,-1,-1,-1,-1,9,1,-1,0
Unvalidated,2024991441497,2024,991441497,1,9,0,9,2,8,0,1,0,0,0,0,1,1,1,2,64,9,-1,-1,-1,-1,-1,-1,-1,0
Unvalidated,2024991441497,2024,991441497,2,9,0,18,6,2,0,1,0,0,0,0,1,1,5,2,20,4,-1,-1,-1,-1,-1,-1,-1,0
Unvalidated,2024991441535,2024,991441535,1,9,0,5,1,6,0,2,0,0,0,0,1,2,2,2,30,6,-1,-1,-1,-1,5,1,-1,0
Unvalidated,2024991441535,2024,991441535,2,9,0,5,8,6,0,2,0,0,0,0,2,2,6,2,35,6,-1,-1,-1,-1,1,1,-1,0
Unvalidated,2024991441611,2024,991441611,1,9,0,-1,8,3,-1,1,5,0,7,11,1,1,-1,1,81,11,-1,-1,-1,-1,6,2,-1,0
Unvalidated,2024991441671,2024,991441671,1,17,0,7,4,6,0,0,1,0,7,4,1,1,5,1,18,4,-1,-1,-1,-1,6,3,-1,0
Unvalidated,2024991441696,2024,991441696,1,9,0,18,5,1,0,0,1,4,0,0,1,1,5,1,35,6,-1,-1,-1,-1,1,1,-1,0
Unvalidated,2024991441696,2024,991441696,2,9,0,2,0,0,0,0,1,0,1,0,2,1,6,3,-1,-1,-1,-1,-1,-1,-1,-1,-1,0
Unvalidated,2024991441711,2024,991441711,1,9,0,9,2,8,0,8,0,0,0,0,1,1,2,2,28,6,-1,-1,-1,-1,4,3,E01020646,0
Unvalidated,2024991441711,2024,991441711,2,9,0,18,6,2,0,8,0,0,0,0,1,1,5,2,64,9,-1,-1,-1,-1,7,3,-1,0
Unvalidated,2024991441711,2024,991441711,3,9,0,18,2,6,0,1,0,0,0,0,1,1,5,1,66,10,-1,-1,-1,-1,-1,-1,-1,0
Unvalidated,2024991441780,2024,991441780,1,9,0,18,3,7,0,0,5,4,0,0,4,1,5,2,37,7,-1,-1,-1,-1,-1,-1,-1,0
Unvalidated,2024991441780,2024,991441780,2,9,0,2,0,0,0,0,0,0,0,0,4,1,6,3,-1,-1,-1,-1,-1,-1,-1,-1,-1,0
Unvalidated,2024991441782,2024,991441782,1,5,0,18,8,3,0,0,1,0,0,0,3,1,5,1,59,9,-1,-1,-1,-1,-1,-1,-1,0
Unvalidated,2024991441782,2024,991441782,2,9,0,18,3,8,0,0,0,0,0,0,3,1,5,1,66,10,-1,-1,-1,-1,-1,-1,-1,0
Unvalidated,2024991441782,2024,991441782,3,9,0,18,3,8,0,0,0,0,0,0,3,1,5,2,53,8,-1,-1,-1,-1,5,3,-1,0
Unvalidated,2024991441821,2024,991441821,1,9,0,9,8,6,0,8,0,0,0,0,3,1,5,2,23,5,-1,-1,-1,-1,-1,-1,-1,0
Unvalidated,2024991441821,2024,991441821,2,9,0,4,6,2,0,1,0,0,0,0,4,1,5,1,18,4,-1,-1,-1,-1,10,1,-1,0
Unvalidated,2024991441828,2024,991441828,1,9,0,18,6,2,0,2,0,0,0,0,1,1,5,2,37,7,-1,-1,-1,-1,-1,-1,-1,0
Unvalidated,2024991441928,2024,991441928,1,9,0,2,8,3,9,0,0,0,0,0,1,1,6,2,56,9,-1,-1,-1,-1,-1,-1,-1,0
Unvalidated,2024991441944,2024,991441944,1,9,0,17,5,1,0,0,0,0,0,0,1,1,1,1,42,7,-1,-1,-1,-1,5,3,-1,0
Unvalidated,2024991441944,2024,991441944,2,8,0,9,1,6,0,0,0,0,0,0,4,1,1,1,49,8,-1,-1,-1,-1,2,1,-1,0
Unvalidated,2024991441950,2024,991441950,1,5,0,17,4,8,0,0,0,0,1,0,1,1,5,1,61,9,-1,-1,-1,-1,6,2,-1,0
Unvalidated,2024991441965,2024,991441965,1,9,0,18,2,7,0,4,0,0,0,0,1,1,5,1,66,10,-1,-1,-1,-1,-1,-1,-1,0
Unvalidated,2024991441965,2024,991441965,2,1,0,9,8,5,0,8,0,0,0,0,4,1,3,1,39,7,-1,-1,-1,-1,10,1,-1,0
Unvalidated,2024991441971,2024,991441971,1,9,0,18,5,1,0,0,0,12,0,0,1,1,5,2,70,10,-1,-1,-1,-1,10,3,-1,0
Unvalidated,2024991442054,2024,991442054,1,9,0,7,1,4,0,1,0,0,0,0,1,1,5,2,80,11,-1,-1,-1,-1,8,1,-1,0
Unvalidated,2024991442104,2024,991442104,1,9,0,18,6,1,0,3,1,0,0,0,1,1,6,2,21,5,-1,-1,-1,-1,5,2,-1,0
Unvalidated,2024991442104,2024,991442104,2,9,0,18,1,5,0,1,0,0,0,0,1,1,6,2,67,10,-1,-1,-1,-1,7,3,-1,0
Unvalidated,2024991442130,2024,991442130,1,9,0,4,5,1,0,1,0,6,3,10,1,1,5,2,74,10,-1,-1,-1,-1,5,3,-1,0
Unvalidated,2024991442276,2024,991442276,1,9,0,9,7,5,0,7,0,0,0,0,1,1,5,2,47,8,-1,-1,-1,-1,3,2,-1,0
Unvalidated,2024991442276,2024,991442276,2,9,0,18,5,8,0,8,0,0,0,0,4,1,5,2,65,9,-1,-1,-1,-1,2,2,-1,0
Unvalidated,2024991442327,2024,991442327,1,19,0,18,8,4,0,8,1,0,0,0,1,1,6,1,27,6,-1,-1,-1,-1,-1,-1,-1,0
Unvalidated,2024991442327,2024,991442327,2,21,0,18,4,8,0,8,0,0,1,0,1,1,1,1,62,9,-1,-1,-1,-1,5,1,E01024494,0
Unvalidated,2024991442327,2024,991442327,3,9,0,7,8,1,0,8,0,0,0,0,0,1,5,2,18,4,-1,-1,-1,-1,-1,-1,-1,0
Unvalidated,2024991442380,2024,991442380,1,9,0,18,5,1,0,0,0,0,0,0,4,1,5,2,29,6,-1,-1,-1,-1,5,1,-1,0
Unvalidated,2024991442381,2024,991442381,1,9,0,7,4,7,0,5,0,0,0,0,4,1,6,1,27,6,-1,-1,-1,-1,-1,-1,-1,0
Unvalidated,2024991442381,2024,991442381,2,1,0,5,2,6,0,5,0,0,0,0,4,1,6,1,27,6,-1,-1,-1,-1,9,1,-1,0
Unvalidated,2024991442396,2024,991442396,1,9,0,5,3,1,0,2,5,0,0,0,3,2,2,2,47,8,-1,-1,-1,-1,8,1,-1,0
Unvalidated,2024991442396,2024,991442396,2,9,0,18,1,6,0,1,0,0,0,0,1,1,5,2,41,7,-1,-1,-1,-1,6,3,-1,0
Unvalidated,2024991442398,2024,991442398,1,9,0,18,6,2,0,1,5,0,1,9,1,1,6,1,21,5,-1,-1,-1,-1,8,3,-1,0
Unvalidated,2024991442398,2024,991442398,2,9,0,10,8,5,0,1,0,0,0,0,2,1,6,2,45,7,-1,-1,-1,-1,8,3,-1,0
Unvalidated,2024991442398,2024,991442398,3,21,4,18,2,5,0,1,1,2,1,1,1,1,1,1,51,8,-1,-1,-1,-1,7,3,-1,0
Unvalidated,2024991442411,2024,991442411,1,1,0,18,4,8,0,0,5,0,0,0,1,1,5,1,7,2,-1,-1,-1,-1,2,2,-1,0
Unvalidated,2024991442419,2024,991442419,1,9,0,18,6,2,0,0,1,0,0,0,3,1,5,1,22,5,-1,-1,-1,-1,1,1,-1,0
Unvalidated,2024991442419,2024,991442419,2,9,0,18,2,6,0,0,1,0,0,0,3,1,5,2,34,6,-1,-1,-1,-1,7,1,-1,0
Unvalidated,2024991442439,2024,991442439,1,3,0,18,3,7,0,0,2,0,0,0,4,1,6,1,36,7,-1,-1,-1,-1,2,1,-1,0
Unvalidated,2024991442444,2024,991442444,1,9,0,18,5,1,0,0,1,0,1,11,1,1,1,1,58,9,-1,-1,-1,-1,7,3,E01019477,0
Unvalidated,2024991442472,2024,991442472,1,9,0,13,3,7,0,0,5,0,1,0,1,1,1,1,22,5,-1,-1,-1,-1,9,3,-1,0
Unvalidated,2024991442472,2024,991442472,2,9,0,18,7,3,0,0,0,0,1,0,1,1,5,2,26,6,-1,-1,-1,-1,-1,-1,-1,0
Unvalidated,2024991442472,2024,991442472,3,9,0,18,7,3,0,0,0,0,0,0,2,1,5,1,62,9,-1,-1,-1,-1,-1,-1,-1,0
Unvalidated,2024991442487,2024,991442487,1,9,0,9,8,6,0,6,0,0,0,0,3,1,5,2,18,4,-1,-1,-1,-1,-1,-1,-1,0
Unvalidated,2024991442487,2024,991442487,2,9,0,18,6,8,0,1,0,0,0,0,1,1,5,1,18,4,-1,-1,-1,-1,-1,-1,-1,0
Unvalidated,2024991442492,2024,991442492,1,19,0,6,2,6,0,0,0,0,0,0,3,1,1,1,35,6,-1,-1,-1,-1,7,3,-1,0
Unvalidated,2024991442492,2024,991442492,2,5,0,18,2,6,0,0,0,0,0,0,4,1,1,1,54,8,-1,-1,-1,-1,8,3,-1,0
Unvalidated,2024991442577,2024,991442577,1,9,0,9,5,1,0,2,0,0,0,0,1,1,5,1,43,7,-1,-1,-1,-1,-1,-1,-1,0
Unvalidated,2024991442577,2024,991442577,2,9,0,18,1,5,0,1,0,0,0,0,1,1,1,1,53,8,-1,-1,-1,-1,-1,-1,-1,0
Unvalidated,2024991442599,2024,991442599,1,9,0,15,6,2,0,0,0,0,0,0,4,1,6,1,34,6,-1,-1,-1,-1,10,3,-1,0
Unvalidated,2024991442599,2024,991442599,2,1,0,18,6,2,0,0,0,0,0,0,3,1,5,1,38,7,-1,-1,-1,-1,7,3,-1,0
Unvalidated,2024991442622,2024,991442622,1,9,0,5,1,3,0,1,0,0,0,0,2,1,6,3,60,9,-1,-1,-1,-1,-1,-1,-1,0
Unvalidated,2024991442622,2024,991442622,2,8,0,5,1,3,0,1,0,0,0,0,2,1,1,1,44,7,-1,-1,-1,-1,-1,-1,-1,0
Unvalidated,2024991442622,2024,991442622,3,19,0,18,1,3,0,1,0,0,0,0,1,1,6,3,60,9,-1,-1,-1,-1,-1,-1,-1,0
Unvalidated,2024991442643,2024,991442643,1,9,0,18,3,7,0,2,0,0,0,0,1,1,5,1,32,6,-1,-1,-1,-1,5,1,-1,0
Unvalidated,2024991442643,2024,991442643,2,9,0,4,3,7,0,2,0,0,0,0,2,1,1,1,42,7,-1,-1,-1,-1,3,1,E01008163,0
Unvalidated,2024991442712,2024,991442712,1,9,0,9,1,4,0,6,0,0,1,9,2,1,6,1,88,11,-1,-1,-1,-1,7,3,-1,0
Unvalidated,2024991442712,2024,991442712,2,9,4,18,1,5,0,1,0,0,0,0,1,1,1,1,67,10,-1,-1,-1,-1,4,2,-1,0
Unvalidated,2024991442717,2024,991442717,1,9,0,7,5,7,0,0,0,0,0,0,1,1,6,2,66,10,-1,-1,-1,-1,1,1,-1,0
Unvalidated,2024991442717,2024,991442717,2,9,0,18,3,7,0,0,0,0,0,0,1,1,6,1,78,11,-1,-1,-1,-1,1,1,E01033547,0
Unvalidated,2024991442717,2024,991442717,3,9,0,7,7,1,0,0,0,0,0,0,4,1,1,2,55,8,-1,-1,-1,-1,2,1,-1,0
Unvalidated,2024991442752,2024,991442752,1,9,0,18,8,4,0,0,0,0,0,0,1,1,6,1,33,6,-1,-1,-1,-1,3,3,-1,0
Unvalidated,2024991442752,2024,991442752,2,19,0,2,4,8,0,0,0,0,0,0,1,1,6,3,-1,-1,-1,-1,-1,-1,-1,-1,-1,0
Unvalidated,2024991442759,2024,991442759,1,5,0,18,7,3,0,0,5,0,0,0,1,1,5,1,66,10,-1,-1,-1,-1,3,3,-1,0
Unvalidated,2024991442759,2024,991442759,2,9,0,4,7,3,0,0,0,0,0,0,2,1,6,1,49,8,-1,-1,-1,-1,-1,-1,-1,0
Unvalidated,2024991442889,2024,991442889,1,9,0,18,6,3,0,8,0,0,0,0,1,1,6,2,27,6,-1,-1,-1,-1,-1,-1,-1,0
Unvalidated,2024991442889,2024,991442889,2,9,0,18,3,7,0,8,0,0,0,0,4,1,3,2,46,8,-1,-1,-1,-1,-1,-1,-1,0
Unvalidated,2024991442890,2024,991442890,1,9,0,7,3,5,0,1,0,0,0,0,4,1,6,2,19,4,-1,-1,-1,-1,1,1,-1,0
Unvalidated,2024991442901,2024,991442901,1,9,0,16,3,7,0,0,0,0,0,0,1,1,1,1,51,8,-1,-1,-1,-1,1,1,-1,0
Unvalidated,2024991442911,2024,991442911,1,9,0,18,3,6,0,2,0,0,0,0,1,1,3,1,43,7,-1,-1,-1,-1,5,1,-1,0
Unvalidated,2024991442921,2024,991442921,1,11,0,18,3,7,0,8,0,0,0,0,1,1,6,1,31,6,-1,-1,-1,-1,3,1,-1,0
Unvalidated,2024991442937,2024,991442937,1,9,0,18,1,5,9,0,0,0,1,3,1,1,5,1,24,5,-1,-1,-1,-1,9,1,-1,0
Unvalidated,2024991442939,2024,991442939,1,9,0,17,8,4,0,0,0,0,1,0,1,1,6,1,76,11,-1,-1,-1,-1,5,3,-1,0
Unvalidated,2024991442957,2024,991442957,1,9,0,18,3,8,0,0,0,2,0,0,1,1,6,1,43,7,-1,-1,-1,-1,6,1,-1,0
Unvalidated,2024991442964,2024,991442964,1,9,0,7,1,3,0,0,0,7,0,0,1,1,6,2,80,11,-1,-1,-1,-1,9,1,-1,0
Unvalidated,2024991442975,2024,991442975,1,9,0,17,4,2,0,8,0,0,1,1,1,1,5,1,20,4,-1,-1,-1,-1,1,2,-1,0
Unvalidated,2024991442984,2024,991442984,1,9,0,12,7,2,0,7,0,0,0,0,0,1,2,2,45,7,-1,-1,-1,-1,10,2,-1,0
Unvalidated,2024991442984,2024,991442984,2,19,0,18,7,2,0,1,0,0,0,0,1,1,1,1,55,8,-1,-1,-1,-1,7,1,-1,0
Unvalidated,2024991442984,2024,991442984,3,9,0,18,7,2,0,1,0,0,0,0,2,1,2,2,44,7,-1,-1,-1,-1,8,3,-1,0
Unvalidated,2024991442993,2024,991442993,1,9,0,5,2,6,0,8,0,0,0,0,2,1,5,1,50,8,-1,-1,-1,-1,3,1,-1,0
Unvalidated,2024991442993,2024,991442993,2,9,0,4,2,6,0,8,0,0,0,0,1,1,5,1,82,11,-1,-1,-1,-1,10,1,-1,0
Unvalidated,2024991443018,2024,991443018,1,9,0,18,5,8,0,1,0,0,0,0,1,1,5,2,42,7,-1,-1,-1,-1,10,1,-1,0
Unvalidated,2024991443018,2024,991443018,2,9,0,3,5,8,0,6,0,0,0,0,2,1,1,1,29,6,-1,-1,-1,-1,4,1,-1,0
Unvalidated,2024991443054,2024,991443054,1,9,0,18,2,6,0,0,0,0,7,4,1,1,2,1,23,5,-1,-1,-1,-1,8,3,-1,0
Unvalidated,2024991443054,2024,991443054,2,9,0,18,6,2,0,0,0,0,0,0,1,1,2,1,54,8,-1,-1,-1,-1,2,1,-1,0
Unvalidated,2024991443182,2024,991443182,1,9,0,18,2,6,0,1,0,4,0,0,1,1,6,2,20,4,-1,-1,-1,-1,1,1,-1,0
Unvalidated,2024991443182,2024,991443182,2,9,0,3,2,7,0,1,0,0,0,0,2,1,5,1,62,9,-1,-1,-1,-1,7,1,-1,0
Unvalidated,2024991443243,2024,991443243,1,9,0,11,6,1,0,1,0,0,0,0,2,1,6,1,68,10,-1,-1,-1,-1,3,1,-1,0
Unvalidated,2024991443243,2024,991443243,2,11,0,18,6,2,0,1,0,0,0,0,1,1,1,1,48,8,-1,-1,-1,-1,9,1,-1,0
Unvalidated,2024991443341,2024,991443341,1,9,0,9,5,3,0,5,0,0,0,0,1,1,6,3,-1,-1,-1,-1,-1,-1,-1,-1,-1,0
Unvalidated,2024991443345,2024,991443345,1,9,0,17,1,5,0,0,0,0,1,0,1,1,5,2,70,10,-1,-1,-1,-1,-1,-1,-1,0
Unvalidated,2024991443418,2024,991443418,1,9,0,9,5,2,0,1,0,0,0,0,1,1,5,1,34,6,-1,-1,-1,-1,-1,-1,-1,0
Unvalidated,2024991443418,2024,991443418,2,9,0,18,1,5,0,1,2,0,1,9,1,1,5,1,33,6,-1,-1,-1,-1,4,2,-1,0
Unvalidated,2024991443461,2024,991443461,1,9,0,6,1,8,0,1,0,0,0,0,4,1,6,2,17,4,-1,-1,-1,-1,-1,-1,-1,0
Unvalidated,2024991443461,2024,991443461,2,23,0,18,1,5,0,1,1,0,0,0,1,1,5,1,43,7,-1,-1,-1,-1,-1,-1,-1,0
Unvalidated,2024991443470,2024,991443470,1,9,0,10,5,3,0,1,0,0,4,0,4,1,5,2,67,10,-1,-1,-1,-1,7,1,-1,0
Unvalidated,2024991443470,2024,991443470,2,9,0,18,1,5,0,1,0,0,0,0,1,1,5,1,19,4,-1,-1,-1,-1,8,3,-1,0
Unvalidated,2024991443512,2024,991443512,1,9,0,18,7,3,0,1,0,0,0,0,1,1,5,1,22,5,-1,-1,-1,-1,2,1,-1,0
Unvalidated,2024991443512,2024,991443512,2,17,4,9,5,7,0,6,0,0,0,0,3,1,1,1,50,8,-1,-1,-1,-1,-1,-1,-1,0
Unvalidated,2024991443512,2024,991443512,3,9,0,2,7,7,9,2,0,0,0,0,2,1,2,1,18,4,-1,-1,-1,-1,6,3,-1,0
Unvalidated,2024991443535,2024,991443535,1,9,0,17,5,1,0,0,0,0,1,4,1,1,6,1,22,5,-1,-1,-1,-1,6,1,-1,0
Unvalidated,2024991443563,2024,991443563,1,9,0,13,4,8,0,8,0,0,0,0,1,1,5,1,77,11,-1,-1,-1,-1,5,3,-1,0
Unvalidated,2024991443563,2024,991443563,2,9,0,18,4,8,0,8,0,0,0,0,3,1,5,2,22,5,-1,-1,-1,-1,3,1,-1,0
Unvalidated,2024991443645,2024,991443645,1,9,0,18,4,8,0,0,0,0,0,0,1,1,2,2,57,9,-1,-1,-1,-1,9,3,-1,0
Unvalidated,2024991443645,2024,991443645,2,9,0,18,4,8,0,0,0,0,0,0,2,1,2,2,46,8,-1,-1,-1,-1,10,1,-1,0
Unvalidated,2024991443645,2024,991443645,3,9,0,18,4,8,0,0,0,0,0,0,2,1,5,2,53,8,-1,-1,-1,-1,6,3,-1,0
Unvalidated,2024991443645,2024,991443645,4,9,0,18,4,8,0,0,0,0,0,0,2,1,2,2,58,9,-1,-1,-1,-1,2,3,-1,0
Unvalidated,2024991443680,2024,991443680,1,5,0,5,5,3,0,1,0,0,1,10,1,1,5,1,41,7,-1,-1,-1,-1,2,2,-1,0
Unvalidated,2024991443681,2024,991443681,1,11,0,3,8,4,0,0,0,0,0,0,0,1,1,3,44,7,-1,-1,-1,-1,-1,-1,-1,0
Unvalidated,2024991443706,2024,991443706,1,9,0,18,6,2,0,0,0,0,1,9,1,1,5,2,73,10,-1,-1,-1,-1,9,3,-1,0
Unvalidated,2024991443745,2024,991443745,1,1,0,18,5,1,0,3,0,0,0,0,3,1,2,2,29,6,-1,-1,-1,-1,-1,-1,-1,0
Unvalidated,2024991443745,2024,991443745,2,9,0,18,3,7,0,4,0,0,0,0,1,1,6,2,44,7,-1,-1,-1,-1,-1,-1,-1,0
Unvalidated,2024991443777,2024,991443777,1,8,0,3,1,5,0,1,0,0,0,0,4,1,1,1,-1,-1,-1,-1,-1,-1,-1,-1,-1,0
Unvalidated,2024991443777,2024,991443777,2,1,0,15,1,5,0,1,0,8,0,0,3,1,2,2,28,6,-1,-1,-1,-1,3,1,-1,0
Unvalidated,2024991443779,2024,991443779,1,9,0,18,3,7,0,0,5,0,7,4,1,1,5,1,18,4,-1,-1,-1,-1,10,1,-1,0
Unvalidated,2024991443787,2024,991443787,1,9,0,4,3,7,0,1,0,0,0,0,2,1,5,1,28,6,-1,-1,-1,-1,3,3,-1,0
Unvalidated,2024991443787,2024,991443787,2,9,0,4,3,7,0,1,0,0,0,0,1,1,5,2,65,9,-1,-1,-1,-1,3,1,-1,0
Unvalidated,2024991443789,2024,991443789,1,9,0,7,7,8,0,1,0,0,0,0,3,1,5,2,77,11,-1,-1,-1,-1,10,1,-1,0
Unvalidated,2024991443789,2024,991443789,2,9,0,18,4,8,0,1,0,0,0,0,1,1,2,2,50,8,-1,-1,-1,-1,7,3,-1,0
Unvalidated,2024991443815,2024,991443815,1,9,0,17,7,3,0,0,5,0,1,4,1,1,5,2,17,4,-1,-1,-1,-1,7,3,-1,0
Unvalidated,2024991443819,2024,991443819,1,9,0,9,8,6,0,1,0,0,0,0,1,2,5,1,38,7,-1,-1,-1,-1,-1,-1,-1,0
Unvalidated,2024991443819,2024,991443819,2,9,0,18,6,2,0,1,0,0,0,0,4,1,6,1,47,8,-1,-1,-1,-1,10,1,-1,0
Unvalidated,2024991443819,2024,991443819,3,90,0,18,2,6,0,1,0,0,0,0,1,1,1,1,41,7,-1,-1,-1,-1,2,3,-1,0
Unvalidated,2024991443849,2024,991443849,1,9,0,17,3,7,0,0,0,0,2,10,1,1,5,2,19,4,-1,-1,-1,-1,-1,-1,-1,0
Unvalidated,2024991443854,2024,991443854,1,19,0,9,2,5,0,0,0,0,0,0,3,1,1,2,46,8,-1,-1,-1,-1,4,1,-1,0
Unvalidated,2024991443854,2024,991443854,2,1,0,7,4,7,0,0,0,0,1,4,1,1,5,1,60,9,-1,-1,-1,-1,10,1,-1,0
Unvalidated,2024991443857,2024,991443857,1,9,0,18,8,4,0,1,0,0,1,11,1,1,5,1,78,11,-1,-1,-1,-1,5,3,-1,0
Unvalidated,2024991443857,2024,991443857,2,9,0,10,4,2,0,8,0,0,0,0,4,1,5,2,44,7,-1,-1,-1,-1,4,2,-1,0
Unvalidated,2024991443884,2024,991443884,1,9,0,18,6,2,0,0,2,0,0,0,3,1,5,2,27,6,-1,-1,-1,-1,1,1,-1,0
Unvalidated,2024991444010,2024,991444010,1,9,0,7,7,3,0,8,0,0,0,0,4,1,5,2,29,6,-1,-1,-1,-1,5,1,-1,0
Unvalidated,2024991444010,2024,991444010,2,1,0,5,7,4,0,8,0,0,0,0,1,1,5,1,48,8,-1,-1,-1,-1,1,1,-1,0
Unvalidated,2024991444081,2024,991444081,1,5,0,16,6,2,0,0,0,0,1,0,1,1,5,1,34,6,-1,-1,-1,-1,-1,-1,-1,0
Unvalidated,2024991444081,2024,991444081,2,9,0,18,2,6,0,0,1,0,0,0,3,1,1,2,42,7,-1,-1,-1,-1,5,3,-1,0
Unvalidated,2024991444088,2024,991444088,1,5,0,17,3,8,0,0,5,0,1,9,3,1,6,1,51,8,-1,-1,-1,-1,7,1,-1,0