status,collision_index,collision_year,collision_reference,vehicle_reference,vehicle_type,towing_and_articulation,vehicle_manoeuvre,vehicle_direction_from,vehicle_direction_to,vehicle_location_restricted_lane,junction_location,skidding_and_overturning,hit_object_in_carriageway,vehicle_leaving_carriageway,hit_object_off_carriageway,first_point_of_impact,vehicle_left_hand_drive,journey_purpose_of_driver,sex_of_driver,age_of_driver,age_band_of_driver,engine_capacity_cc,propulsion_code,age_of_vehicle,generic_make_model,driver_imd_decile,driver_home_area_type,lsoa_of_driver,escooter_flag
Unvalidated,2024991444184,2024,991444184,1,5,0,16,1,5,0,0,0,0,1,0,3,1,5,1,65,9,-1,-1,-1,-1,10,1,-1,0
Unvalidated,2024991444184,2024,991444184,2,19,4,17,5,1,0,0,0,0,1,0,3,1,5,1,47,8,-1,-1,-1,-1,2,3,-1,0
Unvalidated,2024991444229,2024,991444229,1,9,0,18,8,4,0,4,0,0,0,0,1,1,6,1,22,5,-1,-1,-1,-1,4,3,-1,0
Unvalidated,2024991444229,2024,991444229,2,5,0,9,7,5,0,8,0,0,0,0,3,1,2,1,46,8,-1,-1,-1,-1,6,3,-1,0
Unvalidated,2024991444230,2024,991444230,1,9,0,12,1,4,0,7,0,0,0,0,0,1,5,1,20,4,-1,-1,-1,-1,5,2,-1,0
Unvalidated,2024991444230,2024,991444230,2,9,0,18,8,4,0,1,0,0,0,0,2,1,5,1,70,10,-1,-1,-1,-1,8,1,E01010151,0
Unvalidated,2024991444230,2024,991444230,3,9,0,18,8,4,0,1,0,0,0,0,1,1,5,1,32,6,-1,-1,-1,-1,2,1,-1,0
Unvalidated,2024991444235,2024,991444235,1,9,0,2,0,0,0,0,0,0,0,0,3,1,6,2,41,7,-1,-1,-1,-1,5,1,-1,0
Unvalidated,2024991444235,2024,991444235,2,1,0,18,6,1,0,0,0,0,0,0,1,1,6,1,45,7,-1,-1,-1,-1,9,1,-1,0
Unvalidated,2024991444238,2024,991444238,1,9,0,18,1,4,0,4,0,0,0,0,1,1,6,1,54,8,-1,-1,-1,-1,9,3,-1,0
Unvalidated,2024991444254,2024,991444254,1,5,0,16,1,4,0,0,0,0,7,0,3,1,6,1,26,6,-1,-1,-1,-1,4,1,-1,0
Unvalidated,2024991444273,2024,991444273,1,4,0,18,3,7,0,1,2,0,0,0,4,1,5,1,28,6,-1,-1,-1,-1,3,2,-1,0
Unvalidated,2024991444273,2024,991444273,2,9,0,9,5,3,0,6,0,0,0,0,3,1,6,2,28,6,-1,-1,-1,-1,6,3,-1,0
Unvalidated,2024991444280,2024,991444280,1,1,0,18,7,3,0,6,0,0,0,0,1,1,5,2,10,2,-1,-1,-1,-1,9,3,-1,0
Unvalidated,2024991444280,2024,991444280,2,9,0,18,2,7,0,2,0,0,0,0,4,1,5,1,56,9,-1,-1,-1,-1,9,3,-1,0
Unvalidated,2024991444286,2024,991444286,1,5,0,18,2,7,0,0,0,0,0,0,3,1,2,1,56,9,-1,-1,-1,-1,7,1,-1,0
Unvalidated,2024991444286,2024,991444286,2,11,0,18,3,7,0,0,0,0,0,0,4,1,1,1,56,9,-1,-1,-1,-1,2,1,-1,0
Unvalidated,2024991444286,2024,991444286,3,9,0,18,3,7,0,0,0,0,0,0,3,1,2,1,20,4,-1,-1,-1,-1,8,1,-1,0
Unvalidated,2024991444344,2024,991444344,1,5,0,13,6,2,0,0,0,0,1,0,1,1,6,1,37,7,-1,-1,-1,-1,-1,-1,-1,0
Unvalidated,2024991444344,2024,991444344,2,90,0,18,2,6,0,0,0,0,0,0,3,1,5,1,66,10,-1,-1,-1,-1,9,2,-1,0
Unvalidated,2024991444358,2024,991444358,1,21,0,18,4,8,0,0,1,0,7,0,1,1,1,1,32,6,-1,-1,-1,-1,6,3,-1,0
Unvalidated,2024991444358,2024,991444358,2,19,0,4,4,8,0,0,1,0,0,0,2,1,1,1,22,5,-1,-1,-1,-1,4,1,E01019247,0
Unvalidated,2024991444358,2024,991444358,3,9,0,4,4,8,0,0,0,0,1,0,2,1,5,1,83,11,-1,-1,-1,-1,4,2,-1,0
Unvalidated,2024991444365,2024,991444365,1,9,0,7,2,6,0,0,0,0,0,0,0,1,6,1,88,11,-1,-1,-1,-1,2,1,-1,0
Unvalidated,2024991444392,2024,991444392,1,1,0,18,4,8,0,3,0,0,0,0,2,1,6,1,44,7,-1,-1,-1,-1,5,1,-1,0
Unvalidated,2024991444392,2024,991444392,2,9,0,18,4,8,0,3,0,0,0,0,1,1,6,2,68,10,-1,-1,-1,-1,10,1,-1,0
Unvalidated,2024991444411,2024,991444411,1,9,0,18,5,1,0,1,0,0,0,0,4,1,6,1,36,7,-1,-1,-1,-1,7,3,-1,0
Unvalidated,2024991444411,2024,991444411,2,9,0,2,0,0,0,1,0,0,0,0,3,1,6,3,-1,-1,-1,-1,-1,-1,-1,-1,-1,0
Unvalidated,2024991444436,2024,991444436,1,9,0,1,7,3,0,0,0,0,0,0,2,1,6,2,50,8,-1,-1,-1,-1,-1,-1,-1,0
Unvalidated,2024991444436,2024,991444436,2,9,0,2,0,0,0,0,0,0,0,0,1,1,6,3,-1,-1,-1,-1,-1,-1,-1,-1,-1,0
Unvalidated,2024991444448,2024,991444448,1,9,0,13,5,7,0,1,0,0,0,0,0,1,2,2,27,6,-1,-1,-1,-1,6,3,-1,0
Unvalidated,2024991444448,2024,991444448,2,1,0,7,5,7,0,1,2,0,0,0,3,1,6,1,54,8,-1,-1,-1,-1,7,1,-1,0
Unvalidated,2024991444500,2024,991444500,1,9,0,5,6,2,0,4,0,0,0,0,1,2,6,1,25,5,-1,-1,-1,-1,-1,-1,-1,0
Unvalidated,2024991444500,2024,991444500,2,1,0,3,5,2,0,1,0,0,0,0,3,1,5,1,51,8,-1,-1,-1,-1,10,1,-1,0
Unvalidated,2024991444521,2024,991444521,1,97,0,18,8,4,0,0,2,0,0,0,4,1,5,1,53,8,-1,-1,-1,-1,-1,-1,-1,0
Unvalidated,2024991444531,2024,991444531,1,5,0,13,2,6,0,0,5,0,0,0,3,1,5,1,56,9,-1,-1,-1,-1,7,3,-1,0
Unvalidated,2024991444531,2024,991444531,2,9,0,15,2,6,0,0,0,0,0,0,4,1,5,1,57,9,-1,-1,-1,-1,7,2,-1,0
Unvalidated,2024991444541,2024,991444541,1,9,0,18,3,7,0,0,0,0,0,0,1,1,5,2,38,7,-1,-1,-1,-1,-1,-1,-1,0
Unvalidated,2024991444541,2024,991444541,2,9,0,18,3,7,0,0,0,0,0,0,2,1,5,2,34,6,-1,-1,-1,-1,4,1,-1,0
Unvalidated,2024991444541,2024,991444541,3,9,0,18,3,7,0,0,0,0,0,0,1,1,6,2,50,8,-1,-1,-1,-1,8,1,-1,0
Unvalidated,2024991444543,2024,991444543,1,9,0,16,2,5,0,0,5,0,0,0,4,1,5,2,88,11,-1,-1,-1,-1,10,3,-1,0
Unvalidated,2024991444543,2024,991444543,2,9,0,17,5,2,0,0,0,0,0,0,1,1,5,2,73,10,-1,-1,-1,-1,5,3,-1,0
Unvalidated,2024991444556,2024,991444556,1,9,0,18,8,4,0,0,0,0,1,2,1,1,5,1,27,6,-1,-1,-1,-1,5,1,-1,0
Unvalidated,2024991444604,2024,991444604,1,9,0,18,8,4,0,0,5,0,0,0,1,1,6,1,68,10,-1,-1,-1,-1,8,3,-1,0
Unvalidated,2024991444604,2024,991444604,2,9,0,18,4,8,0,0,0,0,0,0,1,1,6,1,57,9,-1,-1,-1,-1,6,1,-1,0
Unvalidated,2024991444631,2024,991444631,1,98,0,2,0,0,9,2,0,0,7,2,2,2,6,3,-1,-1,-1,-1,-1,-1,-1,-1,-1,0
Unvalidated,2024991444657,2024,991444657,1,9,0,18,8,3,0,0,0,0,0,0,1,1,5,1,21,5,-1,-1,-1,-1,-1,-1,-1,0
Unvalidated,2024991444657,2024,991444657,2,9,0,18,3,8,0,0,0,0,0,0,1,1,5,1,50,8,-1,-1,-1,-1,-1,-1,-1,0
Unvalidated,2024991444668,2024,991444668,1,9,0,9,7,5,0,6,0,0,0,0,1,1,5,1,25,5,-1,-1,-1,-1,7,1,-1,0
Unvalidated,2024991444695,2024,991444695,1,9,0,17,6,2,0,0,2,0,7,4,3,1,5,2,55,8,-1,-1,-1,-1,6,3,-1,0
Unvalidated,2024991444732,2024,991444732,1,9,0,9,5,3,0,1,0,0,0,0,3,1,5,2,55,8,-1,-1,-1,-1,9,3,-1,0
Unvalidated,2024991444732,2024,991444732,2,5,0,18,3,7,0,1,0,0,0,0,1,1,5,1,41,7,-1,-1,-1,-1,5,3,-1,0
Unvalidated,2024991444792,2024,991444792,1,19,0,18,4,8,0,8,0,0,0,0,1,1,1,2,36,7,-1,-1,-1,-1,4,1,-1,0
Unvalidated,2024991444792,2024,991444792,2,9,0,18,2,6,0,8,5,0,0,0,4,1,2,2,26,6,-1,-1,-1,-1,2,1,-1,0
Unvalidated,2024991444818,2024,991444818,1,9,0,18,7,3,0,3,0,0,0,0,3,1,5,1,78,11,-1,-1,-1,-1,8,3,-1,0
Unvalidated,2024991444818,2024,991444818,2,9,0,18,7,3,0,3,0,0,0,0,4,1,5,1,33,6,-1,-1,-1,-1,3,1,-1,0
Unvalidated,2024991444858,2024,991444858,1,9,0,4,2,8,0,1,0,0,0,0,1,1,6,1,29,6,-1,-1,-1,-1,2,1,-1,0
Unvalidated,2024991444858,2024,991444858,2,1,0,18,8,4,9,1,0,0,0,0,1,1,6,2,9,2,-1,-1,-1,-1,-1,-1,-1,0
Unvalidated,2024991444859,2024,991444859,1,9,0,18,4,8,0,2,0,0,7,4,1,1,5,2,51,8,-1,-1,-1,-1,4,3,-1,0
Unvalidated,2024991444859,2024,991444859,2,9,0,18,8,5,0,1,0,0,1,0,1,1,5,1,72,10,-1,-1,-1,-1,9,1,-1,0
Unvalidated,2024991444869,2024,991444869,1,9,0,18,3,7,0,0,0,0,0,0,4,1,6,1,56,9,-1,-1,-1,-1,-1,-1,-1,0
Unvalidated,2024991444869,2024,991444869,2,5,0,18,3,7,0,0,0,0,0,0,3,1,5,1,57,9,-1,-1,-1,-1,-1,-1,-1,0
Unvalidated,2024991444876,2024,991444876,1,1,0,18,7,3,0,0,0,11,0,0,4,1,6,1,67,10,-1,-1,-1,-1,10,1,-1,0
Unvalidated,2024991444880,2024,991444880,1,5,0,7,2,5,0,0,2,0,7,0,1,1,5,1,25,5,-1,-1,-1,-1,9,1,E01027549,0
Unvalidated,2024991444880,2024,991444880,2,9,0,9,5,2,0,0,0,0,0,0,1,1,5,1,37,7,-1,-1,-1,-1,8,1,E01019253,0
Unvalidated,2024991444938,2024,991444938,1,9,0,18,7,2,0,0,0,0,0,0,3,1,5,1,27,6,-1,-1,-1,-1,1,1,-1,0
Unvalidated,2024991444938,2024,991444938,2,9,0,18,2,7,0,0,0,0,0,0,3,1,6,2,57,9,-1,-1,-1,-1,9,3,-1,0
Unvalidated,2024991444951,2024,991444951,1,9,0,18,6,2,0,0,0,0,7,0,1,1,6,1,19,4,-1,-1,-1,-1,5,2,-1,0
Unvalidated,2024991445031,2024,991445031,1,9,0,9,5,3,0,5,0,0,0,0,1,1,6,1,45,7,-1,-1,-1,-1,5,3,-1,0
Unvalidated,2024991445031,2024,991445031,2,22,0,18,1,5,0,5,0,0,0,0,3,1,6,1,54,8,-1,-1,-1,-1,2,1,-1,0
Unvalidated,2024991445041,2024,991445041,1,9,0,15,1,5,0,2,0,0,7,0,1,1,5,1,43,7,-1,-1,-1,-1,2,1,-1,0
Unvalidated,2024991445041,2024,991445041,2,9,0,18,1,5,0,1,0,0,7,7,1,1,5,1,58,9,-1,-1,-1,-1,2,3,-1,0
Unvalidated,2024991445098,2024,991445098,1,9,0,9,4,1,0,4,0,0,0,0,1,1,5,2,45,7,-1,-1,-1,-1,5,1,-1,0
Unvalidated,2024991445098,2024,991445098,2,1,0,9,4,1,0,4,0,0,0,0,3,1,5,1,69,10,-1,-1,-1,-1,9,1,-1,0
Unvalidated,2024991445123,2024,991445123,1,9,0,9,7,4,0,6,0,0,0,0,1,1,2,2,52,8,-1,-1,-1,-1,8,3,-1,0
Unvalidated,2024991445123,2024,991445123,2,9,0,18,4,8,0,1,1,0,1,11,1,1,6,1,18,4,-1,-1,-1,-1,5,3,-1,0
Unvalidated,2024991445167,2024,991445167,1,9,0,18,6,2,0,0,0,0,0,0,3,1,5,1,26,6,-1,-1,-1,-1,9,1,-1,0
Unvalidated,2024991445168,2024,991445168,1,5,0,13,7,3,0,0,1,0,7,0,4,1,5,1,28,6,-1,-1,-1,-1,-1,-1,-1,0
Unvalidated,2024991445168,2024,991445168,2,9,0,18,7,3,0,0,0,0,0,0,2,1,5,1,59,9,-1,-1,-1,-1,-1,-1,-1,0
Unvalidated,2024991445202,2024,991445202,1,5,0,18,1,5,0,0,0,0,0,0,1,1,5,1,58,9,-1,-1,-1,-1,9,2,-1,0
Unvalidated,2024991445220,2024,991445220,1,9,0,18,7,4,0,4,0,0,0,0,1,1,6,1,86,11,-1,-1,-1,-1,5,2,-1,0
Unvalidated,2024991445220,2024,991445220,2,3,0,9,4,2,0,3,5,0,0,0,0,1,6,1,21,5,-1,-1,-1,-1,1,1,-1,0
Unvalidated,2024991445229,2024,991445229,1,8,0,5,3,8,0,8,0,0,0,0,1,1,5,1,27,6,-1,-1,-1,-1,2,1,-1,0
Unvalidated,2024991445262,2024,991445262,1,9,0,-1,6,2,-1,0,0,0,0,0,1,1,-1,1,57,9,-1,-1,-1,-1,8,3,-1,0
Unvalidated,2024991445262,2024,991445262,2,9,0,-1,0,0,-1,0,0,0,0,0,4,1,-1,-1,-1,-1,-1,-1,-1,-1,-1,-1,-1,0
Unvalidated,2024991445279,2024,991445279,1,1,0,18,1,5,0,6,5,0,0,0,1,1,6,1,14,3,-1,-1,-1,-1,5,1,-1,0
Unvalidated,2024991445279,2024,991445279,2,8,0,18,7,3,0,1,0,0,0,0,4,1,5,1,49,8,-1,-1,-1,-1,2,1,-1,0
Unvalidated,2024991445283,2024,991445283,1,2,0,16,5,1,0,2,0,0,0,0,1,1,6,1,16,4,-1,-1,-1,-1,8,1,-1,0
Unvalidated,2024991445283,2024,991445283,2,9,0,18,1,5,0,1,0,0,0,0,3,1,6,1,47,8,-1,-1,-1,-1,-1,-1,-1,0
Unvalidated,2024991445286,2024,991445286,1,9,0,15,2,6,0,0,0,0,0,0,1,1,1,1,36,7,-1,-1,-1,-1,3,1,-1,0
Unvalidated,2024991445286,2024,991445286,2,9,0,18,6,2,0,0,0,0,0,0,1,1,6,2,72,10,-1,-1,-1,-1,6,1,-1,0
Unvalidated,2024991445286,2024,991445286,3,9,0,18,6,2,0,0,0,0,1,0,3,1,5,1,52,8,-1,-1,-1,-1,-1,-1,-1,0
Unvalidated,2024991445316,2024,991445316,1,5,0,18,8,4,0,0,0,0,7,7,1,1,5,1,34,6,-1,-1,-1,-1,6,2,-1,0
Unvalidated,2024991445329,2024,991445329,1,9,0,17,8,4,0,0,0,0,1,10,1,1,5,1,43,7,-1,-1,-1,-1,2,2,-1,0
Unvalidated,2024991445355,2024,991445355,1,9,0,18,4,8,0,0,0,0,0,0,1,1,6,2,21,5,-1,-1,-1,-1,9,3,-1,0
Unvalidated,2024991445355,2024,991445355,2,9,0,18,1,4,0,0,0,0,0,0,1,2,5,1,61,9,-1,-1,-1,-1,10,1,-1,0
Unvalidated,2024991445489,2024,991445489,1,9,0,10,5,1,0,2,0,0,0,0,4,1,6,1,32,6,-1,-1,-1,-1,1,1,-1,0
Unvalidated,2024991445489,2024,991445489,2,1,0,18,7,2,9,1,0,0,0,0,1,1,6,1,27,6,-1,-1,-1,-1,2,1,-1,0
Unvalidated,2024991445561,2024,991445561,1,9,0,18,6,2,0,0,0,0,0,0,1,2,2,1,35,6,-1,-1,-1,-1,2,1,-1,0
Unvalidated,2024991445561,2024,991445561,2,19,0,18,2,6,0,0,0,0,0,0,1,1,1,1,35,6,-1,-1,-1,-1,6,1,-1,0
Unvalidated,2024991445571,2024,991445571,1,9,0,7,2,4,0,6,0,0,7,0,4,1,5,1,79,11,-1,-1,-1,-1,9,1,-1,0
Unvalidated,2024991445571,2024,991445571,2,1,0,18,8,4,0,1,0,0,0,0,3,1,6,1,79,11,-1,-1,-1,-1,9,1,-1,0
Unvalidated,2024991445594,2024,991445594,1,9,0,9,6,3,0,6,0,0,0,0,1,1,5,1,44,7,-1,-1,-1,-1,6,3,-1,0
Unvalidated,2024991445594,2024,991445594,2,9,0,18,8,4,0,2,0,0,0,0,4,1,5,2,51,8,-1,-1,-1,-1,6,1,-1,0
Unvalidated,2024991445650,2024,991445650,1,98,0,2,1,6,0,0,0,0,0,0,0,1,5,1,37,7,-1,-1,-1,-1,6,2,-1,0
Unvalidated,2024991445650,2024,991445650,2,9,0,2,6,1,0,0,0,0,0,0,1,1,5,1,38,7,-1,-1,-1,-1,6,2,-1,0
Unvalidated,2024991445650,2024,991445650,3,5,0,18,2,6,0,0,0,0,0,0,1,1,5,1,56,9,-1,-1,-1,-1,7,3,-1,0
Unvalidated,2024991445704,2024,991445704,1,3,0,14,8,4,0,1,0,0,0,0,4,1,1,1,56,9,-1,-1,-1,-1,1,1,-1,0
Unvalidated,2024991445704,2024,991445704,2,9,0,5,3,8,0,6,0,0,0,0,1,1,6,1,80,11,-1,-1,-1,-1,6,3,-1,0
Unvalidated,2024991445751,2024,991445751,1,97,0,4,2,6,0,0,0,4,1,0,1,1,5,1,66,10,-1,-1,-1,-1,10,2,E01025944,0
Unvalidated,2024991445751,2024,991445751,2,9,0,4,2,6,0,0,0,0,0,0,3,1,5,2,62,9,-1,-1,-1,-1,6,3,-1,0
Unvalidated,2024991445785,2024,991445785,1,5,0,13,7,3,0,0,0,0,0,0,4,1,5,2,41,7,-1,-1,-1,-1,7,3,-1,0
Unvalidated,2024991445785,2024,991445785,2,9,0,13,7,3,0,0,0,0,0,0,3,1,6,1,64,9,-1,-1,-1,-1,8,2,-1,0
Unvalidated,2024991445805,2024,991445805,1,9,0,18,8,5,0,0,0,0,0,0,1,1,5,1,43,7,-1,-1,-1,-1,-1,-1,-1,0
Unvalidated,2024991445805,2024,991445805,2,9,0,18,5,8,0,0,0,0,0,0,1,1,5,1,50,8,-1,-1,-1,-1,-1,-1,-1,0
Unvalidated,2024991445821,2024,991445821,1,90,0,18,3,7,0,0,0,0,0,0,1,1,1,1,38,7,-1,-1,-1,-1,1,1,-1,0
Unvalidated,2024991445833,2024,991445833,1,3,0,5,6,4,0,4,0,0,0,0,0,1,5,1,34,6,-1,-1,-1,-1,6,2,-1,0
Unvalidated,2024991445833,2024,991445833,2,9,0,18,4,1,0,4,0,0,0,0,0,1,6,3,-1,-1,-1,-1,-1,-1,-1,-1,-1,0
Unvalidated,2024991445869,2024,991445869,1,8,0,18,7,3,0,1,0,0,0,0,4,1,1,2,39,7,-1,-1,-1,-1,-1,-1,-1,0
Unvalidated,2024991445929,2024,991445929,1,9,0,5,7,4,0,6,0,0,0,0,2,1,6,2,60,9,-1,-1,-1,-1,3,1,-1,0
Unvalidated,2024991445929,2024,991445929,2,9,0,18,5,1,0,8,0,0,0,0,1,1,6,2,18,4,-1,-1,-1,-1,-1,-1,-1,0
Unvalidated,2024991445937,2024,991445937,1,9,0,4,4,8,0,1,0,0,0,0,1,1,6,1,30,6,-1,-1,-1,-1,1,1,-1,0
Unvalidated,2024991445937,2024,991445937,2,9,0,4,4,8,0,1,0,0,0,0,2,1,5,2,46,8,-1,-1,-1,-1,7,1,-1,0
Unvalidated,2024991446000,2024,991446000,1,3,0,11,7,4,0,3,2,0,0,0,3,1,6,1,18,4,-1,-1,-1,-1,4,3,-1,0
Unvalidated,2024991446176,2024,991446176,1,9,0,18,5,1,0,0,0,0,7,0,3,1,6,1,42,7,-1,-1,-1,-1,6,3,-1,0
Unvalidated,2024991446248,2024,991446248,1,21,1,18,4,8,0,1,0,0,0,0,3,1,1,1,22,5,-1,-1,-1,-1,7,3,-1,0
Unvalidated,2024991446248,2024,991446248,2,9,0,18,1,5,0,1,0,0,0,0,1,1,2,1,44,7,-1,-1,-1,-1,7,1,-1,0
Unvalidated,2024991446310,2024,991446310,1,9,0,4,3,7,0,0,0,0,0,0,1,1,6,2,27,6,-1,-1,-1,-1,-1,-1,-1,0
Unvalidated,2024991446310,2024,991446310,2,9,0,3,3,7,0,0,0,0,3,0,2,1,1,1,70,10,-1,-1,-1,-1,-1,-1,-1,0
Unvalidated,2024991446452,2024,991446452,1,21,1,18,4,8,0,0,0,0,0,0,1,1,1,1,51,8,-1,-1,-1,-1,1,2,-1,0
Unvalidated,2024991446452,2024,991446452,2,19,0,18,4,8,0,0,0,0,0,0,2,1,1,1,53,8,-1,-1,-1,-1,7,3,-1,0
Unvalidated,2024991446452,2024,991446452,3,9,0,18,4,8,0,0,0,0,0,0,2,1,5,2,43,7,-1,-1,-1,-1,10,1,-1,0
Unvalidated,2024991446527,2024,991446527,1,5,0,13,8,4,0,0,0,0,7,0,4,1,5,1,60,9,-1,-1,-1,-1,7,3,E01012345,0
Unvalidated,2024991446527,2024,991446527,2,5,0,18,8,4,0,0,0,0,7,4,3,1,5,1,61,9,-1,-1,-1,-1,3,3,E01018815,0
Unvalidated,2024991446602,2024,991446602,1,9,0,18,1,5,0,0,0,0,0,0,1,1,5,1,44,7,-1,-1,-1,-1,4,1,-1,0
Unvalidated,2024991446602,2024,991446602,2,9,0,3,1,5,0,0,0,0,0,0,2,1,5,1,41,7,-1,-1,-1,-1,1,1,-1,0
Unvalidated,2024991446638,2024,991446638,1,9,0,5,7,1,0,6,0,0,3,0,3,1,6,2,18,4,-1,-1,-1,-1,-1,3,-1,0
Unvalidated,2024991446638,2024,991446638,2,9,0,18,5,1,0,1,0,0,0,0,1,1,6,1,33,6,-1,-1,-1,-1,5,3,-1,0
Unvalidated,2024991446651,2024,991446651,1,9,0,5,4,8,0,5,0,4,0,0,3,1,5,2,79,11,-1,-1,-1,-1,2,1,-1,0
Unvalidated,2024991446651,2024,991446651,2,19,0,2,0,0,0,2,0,0,0,0,1,1,6,3,-1,-1,-1,-1,-1,-1,-1,-1,-1,0
Unvalidated,2024991446656,2024,991446656,1,19,0,12,4,8,0,0,0,0,0,0,1,1,6,1,37,7,-1,-1,-1,-1,6,3,-1,0
Unvalidated,2024991446656,2024,991446656,2,9,0,12,4,8,0,0,0,0,0,0,1,1,6,2,52,8,-1,-1,-1,-1,5,1,-1,0
Unvalidated,2024991446685,2024,991446685,1,9,0,18,3,7,9,6,0,0,0,0,4,2,6,1,34,6,-1,-1,-1,-1,1,1,-1,0
Unvalidated,2024991446685,2024,991446685,2,1,0,18,6,1,9,1,0,0,0,0,1,1,6,1,14,3,-1,-1,-1,-1,1,1,-1,0
Unvalidated,2024991446730,2024,991446730,1,97,0,4,7,3,0,8,1,0,0,0,4,1,6,1,19,4,-1,-1,-1,-1,3,1,-1,0
Unvalidated,2024991446730,2024,991446730,2,9,0,4,7,3,0,8,0,0,0,0,2,1,5,2,17,4,-1,-1,-1,-1,-1,-1,-1,0
Unvalidated,2024991446755,2024,991446755,1,17,4,9,5,3,0,6,0,0,0,0,1,1,1,1,38,7,-1,-1,-1,-1,6,3,-1,0
Unvalidated,2024991446755,2024,991446755,2,1,0,18,3,8,0,1,5,0,0,0,1,1,5,1,66,10,-1,-1,-1,-1,5,3,-1,0
Unvalidated,2024991447058,2024,991447058,1,9,0,18,5,8,0,4,0,0,0,0,1,1,5,2,81,11,-1,-1,-1,-1,4,1,-1,0
Unvalidated,2024991447058,2024,991447058,2,9,0,9,7,5,0,8,0,0,0,0,3,1,5,2,57,9,-1,-1,-1,-1,4,1,-1,0
Unvalidated,2024991447188,2024,991447188,1,9,0,18,1,5,0,0,2,0,1,4,1,1,6,2,20,4,-1,-1,-1,-1,9,3,-1,0
Unvalidated,2024991447215,2024,991447215,1,19,0,18,7,3,0,0,0,2,0,0,1,1,1,1,49,8,-1,-1,-1,-1,4,1,-1,0
Unvalidated,2024991447215,2024,991447215,2,90,0,2,0,0,0,0,0,0,0,0,1,1,6,3,-1,-1,-1,-1,-1,-1,-1,-1,-1,0
Unvalidated,2024991447226,2024,991447226,1,9,0,18,1,5,0,1,0,0,0,0,4,1,5,2,42,7,-1,-1,-1,-1,-1,-1,-1,0
Unvalidated,2024991447247,2024,991447247,1,9,0,18,3,7,0,0,0,0,0,0,1,1,6,1,74,10,-1,-1,-1,-1,4,1,-1,0
Unvalidated,2024991447247,2024,991447247,2,9,0,10,3,1,0,0,0,0,0,0,2,1,1,2,35,6,-1,-1,-1,-1,-1,-1,-1,0
Unvalidated,2024991447270,2024,991447270,1,9,0,18,1,5,0,0,0,0,0,0,1,1,5,1,35,6,-1,-1,-1,-1,7,1,-1,0
Unvalidated,2024991447270,2024,991447270,2,9,0,18,1,5,0,0,0,0,0,0,2,1,5,1,39,7,-1,-1,-1,-1,5,1,-1,0
Unvalidated,2024991447271,2024,991447271,1,90,0,18,8,5,0,0,1,4,0,0,1,1,6,1,17,4,-1,-1,-1,-1,3,1,-1,1
Unvalidated,2024991447277,2024,991447277,1,9,0,18,2,6,0,4,0,0,0,0,4,1,5,1,33,6,-1,-1,-1,-1,2,1,-1,0
Unvalidated,2024991447277,2024,991447277,2,9,0,9,8,6,0,4,0,0,0,0,3,1,5,1,23,5,-1,-1,-1,-1,5,2,-1,0
Unvalidated,2024991447299,2024,991447299,1,5,0,18,8,3,0,0,1,0,0,0,4,1,5,1,52,8,-1,-1,-1,-1,8,3,-1,0
Unvalidated,2024991447422,2024,991447422,1,9,0,4,2,6,0,1,0,0,0,0,1,1,1,3,39,7,-1,-1,-1,-1,4,2,-1,0
Unvalidated,2024991447422,2024,991447422,2,9,0,3,2,6,0,1,0,0,0,0,2,1,1,1,37,7,-1,-1,-1,-1,4,3,-1,0
Unvalidated,2024991447439,2024,991447439,1,9,0,18,7,3,0,1,0,0,0,0,4,1,2,2,56,9,-1,-1,-1,-1,10,1,-1,0
Unvalidated,2024991447517,2024,991447517,1,9,0,18,1,5,0,0,0,0,0,0,1,1,2,1,38,7,-1,-1,-1,-1,8,1,-1,0
Unvalidated,2024991447517,2024,991447517,2,9,0,18,1,5,0,0,0,0,0,0,2,1,2,1,31,6,-1,-1,-1,-1,-1,-1,-1,0
Unvalidated,2024991447547,2024,991447547,1,9,0,18,6,2,0,0,5,0,0,0,1,1,5,1,18,4,-1,-1,-1,-1,5,3,-1,0
Unvalidated,2024991447547,2024,991447547,2,9,0,18,2,6,0,0,0,0,1,0,1,1,5,1,76,11,-1,-1,-1,-1,5,3,-1,0
Unvalidated,2024991447696,2024,991447696,1,9,0,18,3,7,0,0,5,0,0,0,3,1,6,1,70,10,-1,-1,-1,-1,10,1,-1,0
Unvalidated,2024991447739,2024,991447739,1,9,0,18,4,8,0,1,0,11,0,0,1,1,5,1,61,9,-1,-1,-1,-1,-1,-1,-1,0
Unvalidated,2024991447739,2024,991447739,2,1,0,18,6,1,0,8,0,0,0,0,1,1,5,1,15,3,-1,-1,-1,-1,9,1,-1,0
Unvalidated,2024991447748,2024,991447748,1,1,0,18,1,5,0,0,0,0,0,0,1,1,6,1,65,9,-1,-1,-1,-1,9,1,-1,0
Unvalidated,2024991447774,2024,991447774,1,9,0,18,5,1,0,2,1,0,0,0,3,1,2,1,20,4,-1,-1,-1,-1,-1,-1,-1,0
Unvalidated,2024991447774,2024,991447774,2,8,0,18,3,7,0,2,1,0,0,0,1,1,1,1,63,9,-1,-1,-1,-1,-1,-1,-1,0
Unvalidated,2024991447786,2024,991447786,1,19,0,2,0,0,0,1,0,4,0,0,2,1,6,3,-1,-1,-1,-1,-1,-1,-1,-1,-1,0
Unvalidated,2024991447786,2024,991447786,2,9,0,3,5,1,0,1,0,0,0,0,4,2,1,1,56,9,-1,-1,-1,-1,8,1,-1,0
Unvalidated,2024991447801,2024,991447801,1,9,0,18,3,7,0,0,0,0,0,0,1,1,2,2,32,6,-1,-1,-1,-1,3,1,-1,0
Unvalidated,2024991447801,2024,991447801,2,11,0,2,3,7,0,0,0,0,0,0,2,1,1,1,36,7,-1,-1,-1,-1,10,1,-1,0
Unvalidated,2024991447825,2024,991447825,1,9,0,16,1,6,0,1,5,0,7,8,1,1,6,1,27,6,-1,-1,-1,-1,-1,-1,-1,0
Unvalidated,2024991447860,2024,991447860,1,9,0,9,2,8,0,8,0,0,0,0,1,1,5,1,41,7,-1,-1,-1,-1,6,1,-1,0
Unvalidated,2024991447860,2024,991447860,2,1,0,13,6,2,0,8,0,0,0,0,1,1,5,1,36,7,-1,-1,-1,-1,10,1,-1,0