status,collision_index,collision_year,collision_reference,vehicle_reference,vehicle_type,towing_and_articulation,vehicle_manoeuvre,vehicle_direction_from,vehicle_direction_to,vehicle_location_restricted_lane,junction_location,skidding_and_overturning,hit_object_in_carriageway,vehicle_leaving_carriageway,hit_object_off_carriageway,first_point_of_impact,vehicle_left_hand_drive,journey_purpose_of_driver,sex_of_driver,age_of_driver,age_band_of_driver,engine_capacity_cc,propulsion_code,age_of_vehicle,generic_make_model,driver_imd_decile,driver_home_area_type,lsoa_of_driver,escooter_flag
Unvalidated,2024991447893,2024,991447893,1,9,0,18,3,7,0,0,0,0,0,0,1,1,2,1,48,8,-1,-1,-1,-1,1,2,-1,0
Unvalidated,2024991447925,2024,991447925,1,9,0,9,7,3,0,6,0,0,0,0,1,1,6,2,43,7,-1,-1,-1,-1,-1,-1,-1,0
Unvalidated,2024991447925,2024,991447925,2,9,0,18,1,5,0,1,0,0,0,0,1,1,6,1,36,7,-1,-1,-1,-1,-1,-1,-1,0
Unvalidated,2024991447945,2024,991447945,1,9,0,18,5,1,0,0,5,10,5,6,1,1,5,2,18,4,-1,-1,-1,-1,-1,-1,-1,0
Unvalidated,2024991447958,2024,991447958,1,9,0,18,6,2,0,1,0,0,0,0,1,1,5,2,63,9,-1,-1,-1,-1,6,3,-1,0
Unvalidated,2024991447958,2024,991447958,2,5,0,18,1,5,0,1,0,0,0,0,3,1,6,1,37,7,-1,-1,-1,-1,-1,-1,-1,0
Unvalidated,2024991447981,2024,991447981,1,9,0,4,4,8,0,0,0,0,0,0,1,1,5,1,74,10,-1,-1,-1,-1,-1,1,-1,0
Unvalidated,2024991447981,2024,991447981,2,9,0,4,4,8,0,0,0,0,0,0,2,1,5,2,62,9,-1,-1,-1,-1,10,1,-1,0
Unvalidated,2024991448036,2024,991448036,1,9,0,10,7,5,0,1,0,0,0,0,2,1,5,2,75,10,-1,-1,-1,-1,-1,-1,-1,0
Unvalidated,2024991448036,2024,991448036,2,9,0,18,7,3,0,1,1,0,0,0,1,1,5,1,35,6,-1,-1,-1,-1,5,3,-1,0
Unvalidated,2024991448096,2024,991448096,1,9,0,18,3,7,9,0,0,0,1,0,1,1,5,1,70,10,-1,-1,-1,-1,9,1,-1,0
Unvalidated,2024991448097,2024,991448097,1,9,0,18,8,4,0,1,0,0,0,0,4,1,5,1,35,6,-1,-1,-1,-1,-1,-1,-1,0
Unvalidated,2024991448097,2024,991448097,2,9,0,18,2,5,0,1,0,0,0,0,1,1,5,1,21,5,-1,-1,-1,-1,5,3,-1,0
Unvalidated,2024991448123,2024,991448123,1,9,0,18,4,8,0,0,0,0,0,0,1,1,5,2,68,10,-1,-1,-1,-1,4,2,-1,0
Unvalidated,2024991448145,2024,991448145,1,5,0,18,2,6,0,0,1,0,1,0,4,1,5,1,54,8,-1,-1,-1,-1,9,1,E01019163,0
Unvalidated,2024991448205,2024,991448205,1,9,0,18,7,3,0,8,5,0,7,0,1,1,6,1,21,5,-1,-1,-1,-1,7,3,-1,0
Unvalidated,2024991448205,2024,991448205,2,9,0,18,2,6,0,8,0,0,0,0,1,1,6,1,24,5,-1,-1,-1,-1,6,2,-1,0
Unvalidated,2024991448260,2024,991448260,1,8,0,18,7,3,0,8,0,0,0,0,4,1,1,1,34,6,-1,-1,-1,-1,2,1,-1,0
Unvalidated,2024991448260,2024,991448260,2,9,0,18,1,5,0,8,0,0,0,0,1,1,5,1,51,8,-1,-1,-1,-1,5,1,-1,0
Unvalidated,2024991448281,2024,991448281,1,9,0,18,4,8,0,1,0,0,0,0,1,1,6,1,24,5,-1,-1,-1,-1,-1,-1,-1,0
Unvalidated,2024991448368,2024,991448368,1,9,0,13,5,1,0,0,5,0,7,0,1,1,5,1,29,6,-1,-1,-1,-1,2,1,-1,0
Unvalidated,2024991448368,2024,991448368,2,20,0,18,5,1,0,0,0,0,0,0,3,1,6,3,18,4,-1,-1,-1,-1,-1,-1,-1,0
Unvalidated,2024991448382,2024,991448382,1,9,0,9,2,7,0,8,0,0,0,0,3,1,6,2,43,7,-1,-1,-1,-1,4,1,-1,0
Unvalidated,2024991448382,2024,991448382,2,9,0,18,5,2,0,8,0,0,0,0,1,1,6,1,54,8,-1,-1,-1,-1,8,3,-1,0
Unvalidated,2024991448407,2024,991448407,1,9,0,18,3,7,0,1,0,0,0,0,1,1,6,2,45,7,-1,-1,-1,-1,7,1,-1,0
Unvalidated,2024991448407,2024,991448407,2,90,0,5,7,3,0,1,0,0,0,0,1,1,6,1,13,3,-1,-1,-1,-1,-1,-1,-1,1
Unvalidated,2024991448436,2024,991448436,1,9,0,9,5,2,0,0,0,0,0,0,3,1,5,2,42,7,-1,-1,-1,-1,3,1,-1,0
Unvalidated,2024991448436,2024,991448436,2,9,0,18,2,6,0,0,0,0,0,0,1,1,5,2,62,9,-1,-1,-1,-1,8,1,-1,0
Unvalidated,2024991448476,2024,991448476,1,9,0,3,5,1,0,0,0,0,0,0,3,1,6,2,38,7,-1,-1,-1,-1,-1,-1,-1,0
Unvalidated,2024991448476,2024,991448476,2,1,0,18,5,1,9,0,0,8,0,0,1,1,6,1,11,3,-1,-1,-1,-1,-1,-1,-1,0
Unvalidated,2024991448485,2024,991448485,1,9,0,16,7,3,0,0,0,0,1,0,1,1,2,1,39,7,-1,-1,-1,-1,5,1,-1,0
Unvalidated,2024991448502,2024,991448502,1,9,0,18,7,3,0,0,1,0,1,6,1,1,5,1,31,6,-1,-1,-1,-1,3,1,-1,0
Unvalidated,2024991448584,2024,991448584,1,9,0,18,5,1,0,0,1,0,0,0,2,1,5,2,22,5,-1,-1,-1,-1,-1,-1,-1,0
Unvalidated,2024991448584,2024,991448584,2,19,0,18,5,1,0,0,0,0,0,0,2,1,5,1,43,7,-1,-1,-1,-1,-1,-1,-1,0
Unvalidated,2024991448584,2024,991448584,3,9,0,18,5,8,0,0,0,0,0,0,1,1,5,2,62,9,-1,-1,-1,-1,9,1,-1,0
Unvalidated,2024991448587,2024,991448587,1,5,0,18,5,8,0,0,1,0,0,0,3,1,5,1,63,9,-1,-1,-1,-1,-1,-1,-1,0
Unvalidated,2024991448587,2024,991448587,2,9,0,18,8,5,0,0,0,0,0,0,1,1,6,1,74,10,-1,-1,-1,-1,1,2,-1,0
Unvalidated,2024991448607,2024,991448607,1,9,0,18,5,8,0,0,0,4,1,0,2,1,2,1,34,6,-1,-1,-1,-1,8,3,-1,0
Unvalidated,2024991448607,2024,991448607,2,19,0,2,5,8,6,0,0,0,0,0,2,1,1,1,44,7,-1,-1,-1,-1,4,1,-1,0
Unvalidated,2024991448620,2024,991448620,1,5,0,18,8,4,0,2,0,0,0,0,4,1,6,1,50,8,-1,-1,-1,-1,5,2,-1,0
Unvalidated,2024991448626,2024,991448626,1,3,0,18,8,4,0,8,0,0,0,0,1,1,5,2,34,6,-1,-1,-1,-1,4,1,-1,0
Unvalidated,2024991448626,2024,991448626,2,9,0,10,4,1,0,1,0,0,0,0,1,1,5,1,78,11,-1,-1,-1,-1,10,1,-1,0
Unvalidated,2024991448631,2024,991448631,1,9,0,18,7,4,0,1,0,0,0,0,1,1,6,2,27,6,-1,-1,-1,-1,2,3,-1,0
Unvalidated,2024991448631,2024,991448631,2,9,0,18,4,7,0,1,0,0,0,0,1,1,6,1,34,6,-1,-1,-1,-1,1,1,-1,0
Unvalidated,2024991448655,2024,991448655,1,9,0,13,4,8,0,0,0,0,7,0,1,1,5,1,37,7,-1,-1,-1,-1,-1,-1,-1,0
Unvalidated,2024991448655,2024,991448655,2,9,0,18,8,4,0,0,0,0,0,0,1,1,5,1,39,7,-1,-1,-1,-1,3,1,E01004562,0
Unvalidated,2024991448673,2024,991448673,1,9,0,9,8,4,0,0,0,0,0,0,2,1,6,2,21,5,-1,-1,-1,-1,-1,-1,-1,0
Unvalidated,2024991448673,2024,991448673,2,9,4,4,8,5,0,0,0,0,0,0,2,1,6,1,54,8,-1,-1,-1,-1,-1,-1,-1,0
Unvalidated,2024991448673,2024,991448673,3,9,0,4,8,5,0,0,0,0,0,0,1,1,6,1,57,9,-1,-1,-1,-1,-1,-1,-1,0
Unvalidated,2024991448681,2024,991448681,1,9,0,18,2,6,0,0,0,0,7,11,1,1,6,2,59,9,-1,-1,-1,-1,7,3,-1,0
Unvalidated,2024991448681,2024,991448681,2,9,0,18,6,2,0,0,0,0,7,4,4,1,6,2,19,4,-1,-1,-1,-1,4,2,-1,0
Unvalidated,2024991448687,2024,991448687,1,9,0,18,1,5,0,0,0,0,0,0,1,2,5,1,59,9,-1,-1,-1,-1,-1,-1,-1,0
Unvalidated,2024991448687,2024,991448687,2,9,0,16,5,8,0,0,0,0,0,0,1,1,5,1,59,9,-1,-1,-1,-1,4,2,-1,0
Unvalidated,2024991448708,2024,991448708,1,9,0,9,7,5,0,0,0,0,0,0,4,1,6,1,35,6,-1,-1,-1,-1,5,3,E01019380,0
Unvalidated,2024991448708,2024,991448708,2,11,0,18,3,7,0,0,0,0,0,0,1,1,1,1,59,9,-1,-1,-1,-1,3,1,-1,0
Unvalidated,2024991448724,2024,991448724,1,9,0,17,2,7,0,0,0,0,0,0,1,1,5,1,28,6,-1,-1,-1,-1,2,1,-1,0
Unvalidated,2024991448724,2024,991448724,2,9,0,16,7,2,0,0,0,0,0,0,1,1,5,2,54,8,-1,-1,-1,-1,1,1,-1,0
Unvalidated,2024991448726,2024,991448726,1,1,0,9,6,3,0,8,0,0,0,0,3,1,5,1,17,4,-1,-1,-1,-1,3,1,-1,0
Unvalidated,2024991448726,2024,991448726,2,9,0,18,6,2,0,1,0,0,0,0,1,1,5,2,47,8,-1,-1,-1,-1,5,1,-1,0
Unvalidated,2024991448743,2024,991448743,1,9,0,18,4,8,0,0,0,0,0,0,3,1,5,1,43,7,-1,-1,-1,-1,9,1,-1,0
Unvalidated,2024991448754,2024,991448754,1,90,0,18,5,1,0,0,2,0,7,0,4,1,1,2,50,8,-1,-1,-1,-1,5,3,-1,0
Unvalidated,2024991448754,2024,991448754,2,20,0,18,1,5,0,0,0,0,0,0,1,1,1,1,64,9,-1,-1,-1,-1,6,3,-1,0
Unvalidated,2024991448772,2024,991448772,1,19,3,7,4,6,0,6,0,0,0,0,2,2,5,1,69,10,-1,-1,-1,-1,-1,-1,-1,0
Unvalidated,2024991448772,2024,991448772,2,97,0,18,2,6,0,1,0,0,1,9,1,1,5,1,39,7,-1,-1,-1,-1,4,2,-1,0
Unvalidated,2024991448923,2024,991448923,1,5,0,18,3,8,0,0,0,0,1,0,1,1,5,1,22,5,-1,-1,-1,-1,2,1,-1,0
Unvalidated,2024991449087,2024,991449087,1,9,0,17,3,7,0,0,5,4,0,0,1,1,5,2,43,7,-1,-1,-1,-1,7,1,-1,0
Unvalidated,2024991449087,2024,991449087,2,9,0,2,0,0,0,0,0,0,0,0,2,1,6,3,-1,-1,-1,-1,-1,-1,-1,-1,-1,0
Unvalidated,2024991449090,2024,991449090,1,1,0,4,6,2,0,4,0,0,0,0,0,1,1,2,56,9,-1,-1,-1,-1,5,1,-1,0
Unvalidated,2024991449090,2024,991449090,2,9,0,9,4,2,0,4,0,0,0,0,0,1,6,1,43,7,-1,-1,-1,-1,4,1,-1,0
Unvalidated,2024991449114,2024,991449114,1,9,0,18,6,2,0,8,0,0,0,0,1,1,6,1,23,5,-1,-1,-1,-1,4,1,-1,0
Unvalidated,2024991449114,2024,991449114,2,9,0,18,6,2,0,8,0,0,0,0,2,1,2,1,37,7,-1,-1,-1,-1,1,1,-1,0
Unvalidated,2024991449115,2024,991449115,1,9,0,17,6,3,0,8,0,0,0,0,3,2,5,1,57,9,-1,-1,-1,-1,-1,-1,-1,0
Unvalidated,2024991449115,2024,991449115,2,9,0,11,6,3,0,8,0,0,0,0,4,1,5,2,60,9,-1,-1,-1,-1,9,1,-1,0
Unvalidated,2024991449133,2024,991449133,1,9,0,9,1,6,0,6,0,0,0,0,1,1,5,1,79,11,-1,-1,-1,-1,9,2,-1,0
Unvalidated,2024991449133,2024,991449133,2,9,0,18,6,2,0,1,0,0,0,0,1,1,5,2,57,9,-1,-1,-1,-1,7,3,-1,0
Unvalidated,2024991449187,2024,991449187,1,9,0,18,5,1,0,1,0,0,0,0,1,1,5,1,81,11,-1,-1,-1,-1,7,1,-1,0
Unvalidated,2024991449187,2024,991449187,2,9,0,18,6,2,0,1,0,0,0,0,3,1,5,2,60,9,-1,-1,-1,-1,1,1,-1,0
Unvalidated,2024991449255,2024,991449255,1,9,0,3,7,3,0,4,0,0,0,0,0,1,5,2,67,10,-1,-1,-1,-1,-1,-1,-1,0
Unvalidated,2024991449255,2024,991449255,2,9,0,4,7,3,0,1,0,0,7,0,1,1,6,3,-1,-1,-1,-1,-1,-1,-1,-1,-1,0
Unvalidated,2024991449346,2024,991449346,1,9,0,9,7,4,0,1,0,0,0,0,4,1,5,1,61,9,-1,-1,-1,-1,-1,-1,-1,0
Unvalidated,2024991449346,2024,991449346,2,3,0,18,2,7,0,1,2,0,0,0,1,1,6,1,20,4,-1,-1,-1,-1,-1,-1,-1,0
Unvalidated,2024991449348,2024,991449348,1,9,0,18,4,8,0,0,0,0,0,0,1,1,6,2,74,10,-1,-1,-1,-1,6,3,-1,0
Unvalidated,2024991449403,2024,991449403,1,9,0,3,7,3,0,1,0,0,0,0,1,1,1,1,50,8,-1,-1,-1,-1,4,1,-1,0
Unvalidated,2024991449403,2024,991449403,2,9,0,5,4,8,0,1,0,0,0,0,1,1,1,2,51,8,-1,-1,-1,-1,4,2,-1,0
Unvalidated,2024991449420,2024,991449420,1,9,0,18,8,4,0,0,5,0,7,9,1,1,5,1,19,4,-1,-1,-1,-1,4,2,-1,0
Unvalidated,2024991449483,2024,991449483,1,9,0,1,7,3,0,1,0,0,0,0,2,1,5,1,66,10,-1,-1,-1,-1,2,1,-1,0
Unvalidated,2024991449483,2024,991449483,2,9,0,2,0,0,0,2,0,0,0,0,2,1,5,1,20,4,-1,-1,-1,-1,-1,-1,-1,0
Unvalidated,2024991449534,2024,991449534,1,1,0,5,6,1,0,6,0,0,0,0,4,1,5,1,27,6,-1,-1,-1,-1,2,1,-1,0
Unvalidated,2024991449534,2024,991449534,2,9,0,16,2,6,0,3,0,0,0,0,1,1,5,1,53,8,-1,-1,-1,-1,9,1,-1,0
Unvalidated,2024991449590,2024,991449590,1,9,0,18,3,7,0,0,0,0,0,0,1,2,6,1,63,9,-1,-1,-1,-1,1,1,-1,0
Unvalidated,2024991449590,2024,991449590,2,9,0,3,3,7,0,0,0,0,0,0,2,1,6,2,23,5,-1,-1,-1,-1,8,1,-1,0
Unvalidated,2024991449590,2024,991449590,3,9,0,3,3,7,0,0,0,0,0,0,2,1,6,2,80,11,-1,-1,-1,-1,1,1,-1,0
Unvalidated,2024991449607,2024,991449607,1,9,0,17,3,7,0,0,0,0,0,0,3,1,5,1,74,10,-1,-1,-1,-1,-1,-1,-1,0
Unvalidated,2024991449607,2024,991449607,2,19,4,18,7,3,0,0,0,0,0,0,3,1,1,1,57,9,-1,-1,-1,-1,4,2,-1,0
Unvalidated,2024991449618,2024,991449618,1,11,0,4,7,3,0,0,0,0,0,0,4,1,1,1,41,7,-1,-1,-1,-1,4,1,-1,0
Unvalidated,2024991449635,2024,991449635,1,9,0,18,1,5,0,0,1,0,1,4,1,1,6,2,38,7,-1,-1,-1,-1,10,3,-1,0
Unvalidated,2024991449659,2024,991449659,1,18,1,18,1,5,1,1,0,0,0,0,0,1,1,1,52,8,-1,-1,-1,-1,-1,-1,-1,0
Unvalidated,2024991449659,2024,991449659,2,90,0,18,2,6,0,3,0,0,0,0,0,1,1,1,53,8,-1,-1,-1,-1,5,2,E01026390,0
Unvalidated,2024991449661,2024,991449661,1,19,0,18,6,1,0,4,1,0,0,0,1,1,6,3,-1,-1,-1,-1,-1,-1,-1,-1,-1,0
Unvalidated,2024991449661,2024,991449661,2,9,0,18,6,1,0,4,0,0,0,0,2,1,5,1,39,7,-1,-1,-1,-1,-1,-1,-1,0
Unvalidated,2024991449682,2024,991449682,1,9,0,18,7,3,0,1,0,0,0,0,1,1,5,1,70,10,-1,-1,-1,-1,-1,-1,-1,0
Unvalidated,2024991449682,2024,991449682,2,9,0,18,7,3,0,1,0,0,0,0,2,1,5,2,38,7,-1,-1,-1,-1,-1,-1,-1,0
Unvalidated,2024991449682,2024,991449682,3,9,0,18,7,3,0,1,0,0,0,0,2,1,1,2,54,8,-1,-1,-1,-1,8,3,-1,0
Unvalidated,2024991449687,2024,991449687,1,9,0,18,7,3,0,0,0,0,0,0,1,2,6,2,20,4,-1,-1,-1,-1,10,1,-1,0
Unvalidated,2024991449687,2024,991449687,2,9,0,12,7,3,0,0,0,0,0,0,2,1,6,3,24,5,-1,-1,-1,-1,-1,-1,-1,0
Unvalidated,2024991449710,2024,991449710,1,9,0,2,2,5,6,0,0,0,0,0,3,1,5,1,35,6,-1,-1,-1,-1,7,1,-1,0
Unvalidated,2024991449710,2024,991449710,2,9,0,18,1,5,0,0,0,0,0,0,4,1,2,1,60,9,-1,-1,-1,-1,4,1,-1,0
Unvalidated,2024991449847,2024,991449847,1,9,0,18,3,6,0,0,1,0,7,0,1,1,5,1,47,8,-1,-1,-1,-1,3,3,-1,0
Unvalidated,2024991449847,2024,991449847,2,19,0,18,7,3,0,0,0,0,0,0,3,1,1,1,36,7,-1,-1,-1,-1,7,3,-1,0
Unvalidated,2024991449853,2024,991449853,1,9,0,18,3,7,0,0,0,0,0,0,1,1,6,2,80,11,-1,-1,-1,-1,4,1,-1,0
Unvalidated,2024991449854,2024,991449854,1,9,0,9,6,4,0,8,0,0,0,0,1,1,1,1,27,6,-1,-1,-1,-1,-1,-1,-1,0
Unvalidated,2024991449956,2024,991449956,1,98,0,7,4,6,0,6,0,0,0,0,3,1,2,1,26,6,-1,-1,-1,-1,9,1,-1,0
Unvalidated,2024991449956,2024,991449956,2,1,0,18,2,6,0,2,0,0,0,0,1,1,6,2,50,8,-1,-1,-1,-1,10,1,-1,0
Unvalidated,2024991449979,2024,991449979,1,9,0,18,2,6,0,4,0,0,0,0,1,1,1,1,24,5,-1,-1,-1,-1,8,1,-1,0
Unvalidated,2024991449979,2024,991449979,2,9,0,18,2,6,0,4,0,0,0,0,2,1,5,2,41,7,-1,-1,-1,-1,6,3,-1,0
Unvalidated,2024991449989,2024,991449989,1,11,0,4,4,8,0,1,0,0,0,0,4,1,1,1,24,5,-1,-1,-1,-1,3,1,-1,0
Unvalidated,2024991450048,2024,991450048,1,8,0,11,3,7,0,1,0,0,0,0,1,1,1,1,51,8,-1,-1,-1,-1,3,1,-1,0
Unvalidated,2024991450048,2024,991450048,2,8,0,18,3,7,0,1,0,0,0,0,1,1,1,1,64,9,-1,-1,-1,-1,7,1,-1,0
Unvalidated,2024991450068,2024,991450068,1,9,0,18,2,6,9,2,0,0,1,11,1,1,6,2,23,5,-1,-1,-1,-1,6,1,-1,0
Unvalidated,2024991450071,2024,991450071,1,19,0,18,3,7,0,1,0,0,0,0,1,1,2,1,29,6,-1,-1,-1,-1,1,1,-1,0
Unvalidated,2024991450075,2024,991450075,1,9,0,18,2,6,0,0,2,0,2,0,1,1,2,1,18,4,-1,-1,-1,-1,10,1,-1,0
Unvalidated,2024991450075,2024,991450075,2,9,0,4,6,2,0,0,0,0,0,0,1,1,5,1,58,9,-1,-1,-1,-1,8,3,-1,0
Unvalidated,2024991450086,2024,991450086,1,9,0,16,4,7,0,0,0,4,0,0,1,1,5,2,36,7,-1,-1,-1,-1,5,1,-1,0
Unvalidated,2024991450086,2024,991450086,2,9,0,2,0,0,6,0,0,0,0,0,1,1,6,3,-1,-1,-1,-1,-1,-1,-1,-1,-1,0
Unvalidated,2024991450086,2024,991450086,3,9,0,2,0,0,6,0,0,0,0,0,1,1,6,3,-1,-1,-1,-1,-1,-1,-1,-1,-1,0
Unvalidated,2024991450106,2024,991450106,1,9,0,18,8,3,0,0,0,11,0,0,1,1,6,1,17,4,-1,-1,-1,-1,4,1,-1,0
Unvalidated,2024991450106,2024,991450106,2,23,0,18,8,3,0,0,2,4,0,0,2,1,6,1,17,4,-1,-1,-1,-1,1,1,-1,0
Unvalidated,2024991450106,2024,991450106,3,9,0,2,8,4,0,0,0,0,0,0,4,1,6,3,-1,-1,-1,-1,-1,-1,-1,-1,-1,0
Unvalidated,2024991450120,2024,991450120,1,8,0,18,3,7,0,1,0,0,0,0,4,1,1,1,46,8,-1,-1,-1,-1,8,3,-1,0
Unvalidated,2024991450135,2024,991450135,1,98,0,4,7,3,0,0,1,0,0,0,1,1,5,1,37,7,-1,-1,-1,-1,2,3,-1,0
Unvalidated,2024991450135,2024,991450135,2,9,0,4,7,3,0,0,0,0,0,0,2,1,5,1,19,4,-1,-1,-1,-1,4,1,-1,0
Unvalidated,2024991450176,2024,991450176,1,9,0,1,3,7,0,0,0,0,3,0,2,1,6,2,30,6,-1,-1,-1,-1,-1,-1,-1,0
Unvalidated,2024991450187,2024,991450187,1,9,0,3,3,7,0,1,0,0,0,0,2,1,6,1,36,7,-1,-1,-1,-1,3,2,-1,0
Unvalidated,2024991450187,2024,991450187,2,9,0,3,3,7,0,1,0,0,0,0,2,1,6,1,54,8,-1,-1,-1,-1,6,1,-1,0
Unvalidated,2024991450187,2024,991450187,3,9,0,18,3,7,0,8,0,0,0,0,1,1,6,1,49,8,-1,-1,-1,-1,2,2,-1,0
Unvalidated,2024991450349,2024,991450349,1,9,0,5,2,6,0,4,0,0,0,0,1,1,6,2,31,6,-1,-1,-1,-1,4,1,-1,0
Unvalidated,2024991450349,2024,991450349,2,1,0,18,8,6,0,8,0,0,0,0,4,1,6,1,72,10,-1,-1,-1,-1,9,3,-1,0
Unvalidated,2024991450364,2024,991450364,1,9,0,1,5,5,0,0,0,0,0,0,2,1,6,1,60,9,-1,-1,-1,-1,6,2,-1,0
Unvalidated,2024991450365,2024,991450365,1,9,0,18,8,4,0,0,0,0,8,7,1,1,5,2,39,7,-1,-1,-1,-1,8,3,-1,0
Unvalidated,2024991450383,2024,991450383,1,9,0,18,3,7,0,2,0,1,0,0,4,1,5,2,52,8,-1,-1,-1,-1,-1,-1,-1,0
Unvalidated,2024991450387,2024,991450387,1,98,0,18,7,3,0,1,0,0,0,0,3,1,1,1,36,7,-1,-1,-1,-1,-1,-1,-1,0
Unvalidated,2024991450422,2024,991450422,1,9,0,18,3,7,0,0,0,0,0,0,1,1,2,2,48,8,-1,-1,-1,-1,8,1,-1,0
Unvalidated,2024991450455,2024,991450455,1,19,0,18,3,7,0,0,1,0,0,0,1,1,1,2,20,4,-1,-1,-1,-1,1,1,-1,0
Unvalidated,2024991450455,2024,991450455,2,9,0,4,3,7,0,0,1,0,1,0,2,1,5,2,35,6,-1,-1,-1,-1,4,2,-1,0
Unvalidated,2024991450457,2024,991450457,1,9,0,18,1,5,0,6,0,0,0,0,4,1,6,2,48,8,-1,-1,-1,-1,4,2,-1,0
Unvalidated,2024991450457,2024,991450457,2,9,0,18,3,7,0,1,0,0,0,0,3,1,5,2,54,8,-1,-1,-1,-1,4,2,-1,0
Unvalidated,2024991450463,2024,991450463,1,8,0,18,5,1,0,0,0,0,0,0,1,1,1,1,38,7,-1,-1,-1,-1,-1,-1,-1,0
Unvalidated,2024991450463,2024,991450463,2,1,0,18,3,7,0,0,0,0,0,0,1,1,6,2,28,6,-1,-1,-1,-1,-1,-1,-1,0
Unvalidated,2024991450467,2024,991450467,1,9,0,18,7,3,0,0,5,0,0,0,1,1,5,1,80,11,-1,-1,-1,-1,-1,-1,-1,0
Unvalidated,2024991450467,2024,991450467,2,9,0,18,3,7,0,0,2,0,0,0,1,1,1,1,36,7,-1,-1,-1,-1,9,1,-1,0
Unvalidated,2024991450467,2024,991450467,3,9,0,18,7,3,0,0,1,0,0,0,3,1,5,1,79,11,-1,-1,-1,-1,9,3,-1,0
Unvalidated,2024991450467,2024,991450467,4,90,0,18,3,7,0,0,0,0,0,0,1,1,5,2,57,9,-1,-1,-1,-1,4,1,E01015874,0
Unvalidated,2024991450470,2024,991450470,1,9,0,18,6,1,0,0,0,0,0,0,1,1,2,1,41,7,-1,-1,-1,-1,-1,3,-1,0
Unvalidated,2024991450475,2024,991450475,1,9,0,14,1,5,0,0,0,0,0,0,1,1,6,1,33,6,-1,-1,-1,-1,8,1,-1,0
Unvalidated,2024991450480,2024,991450480,1,11,0,12,7,3,0,0,0,0,0,0,2,1,1,1,35,6,-1,-1,-1,-1,-1,-1,-1,0
Unvalidated,2024991450480,2024,991450480,2,9,0,18,7,3,0,0,0,0,0,0,1,1,5,1,36,7,-1,-1,-1,-1,8,3,-1,0
Unvalidated,2024991450494,2024,991450494,1,9,0,18,4,7,0,0,0,0,0,0,1,1,5,1,26,6,-1,-1,-1,-1,1,1,-1,0
Unvalidated,2024991450500,2024,991450500,1,9,0,5,3,7,0,0,0,0,0,0,4,1,1,1,33,6,-1,-1,-1,-1,2,1,-1,0
Unvalidated,2024991450529,2024,991450529,1,9,0,6,7,7,0,0,0,4,0,0,1,1,6,3,16,4,-1,-1,-1,-1,-1,-1,-1,0
Unvalidated,2024991450529,2024,991450529,2,8,0,10,1,7,0,0,0,0,0,0,1,1,1,1,28,6,-1,-1,-1,-1,-1,-1,-1,0
Unvalidated,2024991450576,2024,991450576,1,9,0,17,3,1,0,8,0,0,0,0,3,1,5,1,78,11,-1,-1,-1,-1,4,1,-1,0
Unvalidated,2024991450576,2024,991450576,2,90,0,18,1,5,0,8,0,0,0,0,1,1,5,1,82,11,-1,-1,-1,-1,-1,-1,-1,0
Unvalidated,2024991450578,2024,991450578,1,9,0,9,7,5,0,3,0,0,0,0,3,1,5,1,64,9,-1,-1,-1,-1,8,1,E01005016,0
Unvalidated,2024991450578,2024,991450578,2,9,0,18,7,5,0,3,0,0,0,0,4,1,5,2,25,5,-1,-1,-1,-1,2,1,-1,0
Unvalidated,2024991450604,2024,991450604,1,9,0,16,6,8,0,0,0,0,0,0,1,1,6,1,63,9,-1,-1,-1,-1,7,3,-1,0
Unvalidated,2024991450604,2024,991450604,2,9,0,17,8,6,0,0,0,0,1,0,1,1,5,2,69,10,-1,-1,-1,-1,-1,-1,-1,0
Unvalidated,2024991450635,2024,991450635,1,9,0,18,5,3,0,4,1,0,0,0,1,1,6,1,32,6,-1,-1,-1,-1,-1,-1,-1,0
Unvalidated,2024991450635,2024,991450635,2,21,0,18,8,4,0,4,0,0,0,0,3,1,6,3,40,7,-1,-1,-1,-1,-1,-1,-1,0
Unvalidated,2024991450671,2024,991450671,1,9,0,9,7,3,0,6,0,0,0,0,1,1,6,1,47,8,-1,-1,-1,-1,3,3,-1,0
Unvalidated,2024991450671,2024,991450671,2,1,0,17,3,8,0,1,5,0,0,0,1,1,6,1,60,9,-1,-1,-1,-1,8,3,-1,0
Unvalidated,2024991450711,2024,991450711,1,9,0,9,5,3,0,5,0,0,0,0,4,1,5,1,73,10,-1,-1,-1,-1,3,1,-1,0
Unvalidated,2024991450711,2024,991450711,2,97,0,18,1,5,0,1,2,0,0,0,1,1,5,1,40,7,-1,-1,-1,-1,3,1,-1,0
Unvalidated,2024991450719,2024,991450719,1,1,0,18,5,7,0,0,2,0,0,0,4,1,2,2,66,10,-1,-1,-1,-1,1,1,-1,0
Unvalidated,2024991450719,2024,991450719,2,9,0,18,3,7,0,0,0,0,0,0,4,1,6,2,47,8,-1,-1,-1,-1,3,1,-1,0
Unvalidated,2024991450742,2024,991450742,1,5,0,18,2,6,0,8,5,0,0,0,3,1,5,1,59,9,-1,-1,-1,-1,5,1,-1,0
Unvalidated,2024991450742,2024,991450742,2,9,0,16,2,6,0,1,0,0,0,0,3,1,5,1,44,7,-1,-1,-1,-1,4,1,-1,0
Unvalidated,2024991450742,2024,991450742,3,9,0,9,2,7,0,8,0,0,0,0,0,1,5,1,53,8,-1,-1,-1,-1,9,1,-1,0
Unvalidated,2024991450756,2024,991450756,1,5,0,9,7,5,0,0,1,0,1,11,1,1,6,1,34,6,-1,-1,-1,-1,4,1,-1,0
Unvalidated,2024991450760,2024,991450760,1,9,0,2,0,0,0,0,0,0,0,0,1,1,6,2,36,7,-1,-1,-1,-1,-1,-1,-1,0
Unvalidated,2024991450760,2024,991450760,2,10,0,18,7,2,0,0,0,0,0,0,1,1,6,1,53,8,-1,-1,-1,-1,-1,-1,-1,0
Unvalidated,2024991450772,2024,991450772,1,9,0,7,4,8,0,1,0,0,0,0,1,1,6,3,-1,-1,-1,-1,-1,-1,-1,-1,-1,0
Unvalidated,2024991450772,2024,991450772,2,9,0,18,6,2,0,1,0,0,0,0,1,1,5,1,68,10,-1,-1,-1,-1,-1,-1,-1,0