status,collision_index,collision_year,collision_reference,vehicle_reference,vehicle_type,towing_and_articulation,vehicle_manoeuvre,vehicle_direction_from,vehicle_direction_to,vehicle_location_restricted_lane,junction_location,skidding_and_overturning,hit_object_in_carriageway,vehicle_leaving_carriageway,hit_object_off_carriageway,first_point_of_impact,vehicle_left_hand_drive,journey_purpose_of_driver,sex_of_driver,age_of_driver,age_band_of_driver,engine_capacity_cc,propulsion_code,age_of_vehicle,generic_make_model,driver_imd_decile,driver_home_area_type,lsoa_of_driver,escooter_flag
Unvalidated,2024991450788,2024,991450788,1,9,0,18,2,6,0,0,0,0,0,0,1,1,5,1,78,11,-1,-1,-1,-1,3,1,-1,0
Unvalidated,2024991450788,2024,991450788,2,9,0,18,6,2,0,0,0,0,0,0,1,1,2,1,22,5,-1,-1,-1,-1,7,1,-1,0
Unvalidated,2024991450815,2024,991450815,1,4,0,18,7,3,0,0,2,11,0,0,1,1,5,1,56,9,-1,-1,-1,-1,-1,-1,-1,0
Unvalidated,2024991450815,2024,991450815,2,4,0,18,7,3,0,0,2,0,0,0,1,1,5,1,68,10,-1,-1,-1,-1,-1,-1,-1,0
Unvalidated,2024991450825,2024,991450825,1,9,0,18,1,6,0,1,0,0,0,0,3,1,5,2,37,7,-1,-1,-1,-1,9,2,-1,0
Unvalidated,2024991450825,2024,991450825,2,9,0,5,7,4,0,8,0,0,0,0,1,1,5,2,33,6,-1,-1,-1,-1,9,3,-1,0
Unvalidated,2024991450863,2024,991450863,1,9,0,18,8,4,0,0,0,0,0,0,1,1,5,1,79,11,-1,-1,-1,-1,5,3,-1,0
Unvalidated,2024991450887,2024,991450887,1,9,0,17,8,4,0,0,5,0,7,4,1,1,5,1,32,6,-1,-1,-1,-1,3,3,-1,0
Unvalidated,2024991450892,2024,991450892,1,9,0,18,4,8,0,0,0,0,0,0,1,1,5,1,40,7,-1,-1,-1,-1,4,1,-1,0
Unvalidated,2024991450892,2024,991450892,2,9,0,4,4,8,0,0,0,0,3,0,2,1,5,2,39,7,-1,-1,-1,-1,7,3,-1,0
Unvalidated,2024991450892,2024,991450892,3,9,0,18,4,8,0,0,0,0,0,0,2,1,5,1,54,8,-1,-1,-1,-1,7,1,-1,0
Unvalidated,2024991450918,2024,991450918,1,19,0,18,4,8,0,1,1,0,4,1,4,1,1,1,31,6,-1,-1,-1,-1,1,1,-1,0
Unvalidated,2024991450918,2024,991450918,2,9,0,18,7,2,0,1,0,0,0,0,1,1,5,1,51,8,-1,-1,-1,-1,2,1,-1,0
Unvalidated,2024991450939,2024,991450939,1,9,0,9,8,6,0,2,0,10,0,0,0,1,6,1,-1,-1,-1,-1,-1,-1,-1,-1,-1,0
Unvalidated,2024991450939,2024,991450939,2,9,0,4,6,2,0,1,0,0,0,0,2,1,2,2,47,8,-1,-1,-1,-1,9,3,-1,0
Unvalidated,2024991450939,2024,991450939,3,9,0,4,6,2,0,1,0,0,0,0,1,1,6,2,40,7,-1,-1,-1,-1,9,3,-1,0
Unvalidated,2024991450939,2024,991450939,4,5,0,18,6,2,0,1,0,0,0,0,1,1,6,1,46,8,-1,-1,-1,-1,8,3,-1,0
Unvalidated,2024991450976,2024,991450976,1,1,0,18,8,3,0,0,5,0,0,0,1,1,5,1,26,6,-1,-1,-1,-1,5,3,-1,0
Unvalidated,2024991450976,2024,991450976,2,9,0,12,7,3,0,0,0,0,0,0,1,1,5,2,37,7,-1,-1,-1,-1,9,2,-1,0
Unvalidated,2024991450986,2024,991450986,1,9,0,9,1,8,0,6,0,0,0,0,3,1,6,1,26,6,-1,-1,-1,-1,10,1,-1,0
Unvalidated,2024991450986,2024,991450986,2,9,0,16,8,4,0,1,0,0,0,0,1,1,6,2,23,5,-1,-1,-1,-1,2,1,-1,0
Unvalidated,2024991451008,2024,991451008,1,9,0,18,1,5,0,0,5,0,2,0,4,1,6,1,25,5,-1,-1,-1,-1,3,3,-1,0
Unvalidated,2024991451008,2024,991451008,2,9,4,18,5,1,0,0,0,0,0,0,0,1,1,1,67,10,-1,-1,-1,-1,5,3,-1,0
Unvalidated,2024991451012,2024,991451012,1,98,0,18,3,7,0,0,0,4,0,0,4,1,6,3,-1,-1,-1,-1,-1,-1,-1,-1,-1,0
Unvalidated,2024991451012,2024,991451012,2,9,0,3,3,7,6,0,0,0,0,0,3,1,3,2,39,7,-1,-1,-1,-1,1,1,-1,0
Unvalidated,2024991451028,2024,991451028,1,9,0,18,8,4,0,0,1,0,7,0,1,1,6,1,18,4,-1,-1,-1,-1,2,1,-1,0
Unvalidated,2024991451039,2024,991451039,1,9,0,18,7,3,0,2,0,0,0,0,1,1,6,1,22,5,-1,-1,-1,-1,2,1,-1,0
Unvalidated,2024991451039,2024,991451039,2,9,0,18,1,5,0,1,0,0,0,0,1,1,5,2,31,6,-1,-1,-1,-1,-1,-1,-1,0
Unvalidated,2024991451039,2024,991451039,3,9,0,18,3,7,0,1,0,0,0,0,3,1,6,1,55,8,-1,-1,-1,-1,6,1,-1,0
Unvalidated,2024991451067,2024,991451067,1,9,0,9,8,5,0,6,0,0,0,0,3,1,5,1,67,10,-1,-1,-1,-1,4,2,-1,0
Unvalidated,2024991451067,2024,991451067,2,9,0,18,5,1,0,1,0,0,0,0,1,1,5,2,60,9,-1,-1,-1,-1,-1,-1,-1,0
Unvalidated,2024991451121,2024,991451121,1,9,0,18,8,4,0,1,0,0,0,0,1,1,6,3,20,4,-1,-1,-1,-1,-1,-1,-1,0
Unvalidated,2024991451124,2024,991451124,1,9,0,18,7,3,0,2,0,0,0,0,2,1,5,2,57,9,-1,-1,-1,-1,-1,-1,-1,0
Unvalidated,2024991451124,2024,991451124,2,9,0,18,7,3,0,2,0,0,0,0,1,1,5,2,30,6,-1,-1,-1,-1,-1,-1,-1,0
Unvalidated,2024991451126,2024,991451126,1,9,0,18,4,8,0,1,0,0,0,0,1,1,5,1,58,9,-1,-1,-1,-1,9,1,-1,0
Unvalidated,2024991451126,2024,991451126,2,9,0,16,6,2,0,1,2,0,7,0,2,1,5,1,21,5,-1,-1,-1,-1,5,2,-1,0
Unvalidated,2024991451206,2024,991451206,1,5,0,18,7,3,0,0,1,0,1,11,1,1,1,1,47,8,-1,-1,-1,-1,10,3,-1,0
Unvalidated,2024991451206,2024,991451206,2,9,0,18,3,7,0,0,1,0,7,11,3,1,6,2,47,8,-1,-1,-1,-1,7,3,-1,0
Unvalidated,2024991451214,2024,991451214,1,9,0,5,2,5,0,1,0,0,0,0,4,1,5,1,39,7,-1,-1,-1,-1,9,1,-1,0
Unvalidated,2024991451214,2024,991451214,2,1,0,18,8,5,4,1,0,0,0,0,1,1,6,1,45,7,-1,-1,-1,-1,7,3,-1,0
Unvalidated,2024991451225,2024,991451225,1,97,0,18,4,2,6,0,0,0,1,0,1,1,5,1,44,7,-1,-1,-1,-1,1,1,E01008603,0
Unvalidated,2024991451231,2024,991451231,1,9,0,2,6,2,6,0,0,0,0,0,0,1,6,2,43,7,-1,-1,-1,-1,4,1,-1,0
Unvalidated,2024991451277,2024,991451277,1,9,0,5,1,7,0,4,0,0,0,0,1,1,6,2,72,10,-1,-1,-1,-1,-1,-1,-1,0
Unvalidated,2024991451277,2024,991451277,2,8,0,18,7,4,0,3,0,0,1,0,4,1,5,1,63,9,-1,-1,-1,-1,5,1,-1,0
Unvalidated,2024991451286,2024,991451286,1,9,0,9,8,6,0,6,0,0,0,0,3,1,5,1,59,9,-1,-1,-1,-1,9,2,E01018585,0
Unvalidated,2024991451286,2024,991451286,2,9,0,18,6,2,0,1,0,0,0,0,1,1,5,1,81,11,-1,-1,-1,-1,8,3,-1,0
Unvalidated,2024991451297,2024,991451297,1,1,0,18,5,1,9,1,5,0,0,0,3,1,5,1,5,1,-1,-1,-1,-1,3,1,-1,0
Unvalidated,2024991451297,2024,991451297,2,9,0,7,3,5,0,1,0,0,0,0,3,2,5,1,46,8,-1,-1,-1,-1,3,1,-1,0
Unvalidated,2024991451334,2024,991451334,1,9,0,18,4,8,0,0,0,0,0,0,1,1,5,2,48,8,-1,-1,-1,-1,-1,-1,-1,0
Unvalidated,2024991451403,2024,991451403,1,11,0,5,7,3,2,2,0,0,0,0,4,1,1,3,24,5,-1,-1,-1,-1,-1,-1,-1,0
Unvalidated,2024991451407,2024,991451407,1,11,0,3,1,5,0,1,0,0,0,0,0,1,1,1,53,8,-1,-1,-1,-1,-1,-1,-1,0
Unvalidated,2024991451426,2024,991451426,1,5,0,18,4,8,0,4,0,0,0,0,1,1,6,1,51,8,-1,-1,-1,-1,10,1,-1,0
Unvalidated,2024991451426,2024,991451426,2,9,0,5,5,3,0,8,0,0,0,0,2,1,5,1,46,8,-1,-1,-1,-1,9,1,-1,0
Unvalidated,2024991451507,2024,991451507,1,9,0,18,4,1,0,2,0,0,0,0,1,1,5,1,67,10,-1,-1,-1,-1,-1,-1,-1,0
Unvalidated,2024991451507,2024,991451507,2,9,0,18,8,5,0,2,0,0,0,0,1,1,6,1,37,7,-1,-1,-1,-1,-1,-1,-1,0
Unvalidated,2024991451563,2024,991451563,1,20,0,18,2,6,0,1,1,0,0,0,1,1,1,1,26,6,-1,-1,-1,-1,6,3,-1,0
Unvalidated,2024991451563,2024,991451563,2,9,0,9,2,7,0,1,0,0,0,0,2,1,1,1,53,8,-1,-1,-1,-1,2,1,-1,0
Unvalidated,2024991451591,2024,991451591,1,10,0,7,3,5,0,4,0,0,0,0,1,1,5,1,62,9,-1,-1,-1,-1,3,1,-1,0
Unvalidated,2024991451591,2024,991451591,2,5,0,18,1,5,0,4,0,0,0,0,1,1,5,1,48,8,-1,-1,-1,-1,9,1,-1,0
Unvalidated,2024991451606,2024,991451606,1,9,0,18,7,3,0,0,0,0,0,0,1,1,6,2,26,6,-1,-1,-1,-1,4,1,-1,0
Unvalidated,2024991451606,2024,991451606,2,9,0,18,7,3,0,0,0,0,1,0,2,1,1,1,34,6,-1,-1,-1,-1,5,1,-1,0
Unvalidated,2024991451706,2024,991451706,1,21,1,18,3,6,0,8,1,0,7,0,1,1,1,1,30,6,-1,-1,-1,-1,6,3,-1,0
Unvalidated,2024991451706,2024,991451706,2,9,0,18,7,3,0,1,0,0,1,0,1,1,5,2,59,9,-1,-1,-1,-1,4,1,-1,0
Unvalidated,2024991451710,2024,991451710,1,9,0,18,3,7,0,0,0,0,7,4,1,1,5,2,17,4,-1,-1,-1,-1,1,1,-1,0
Unvalidated,2024991451737,2024,991451737,1,9,0,18,2,6,0,0,0,0,0,0,1,1,6,2,70,10,-1,-1,-1,-1,-1,-1,-1,0
Unvalidated,2024991451748,2024,991451748,1,97,0,13,8,4,0,0,0,0,0,0,1,1,5,1,41,7,-1,-1,-1,-1,6,1,-1,0
Unvalidated,2024991451748,2024,991451748,2,98,0,18,4,8,0,0,0,0,0,0,1,1,1,1,40,7,-1,-1,-1,-1,5,3,-1,0
Unvalidated,2024991451748,2024,991451748,3,9,0,18,8,4,0,0,0,6,0,0,2,1,5,1,39,7,-1,-1,-1,-1,-1,-1,-1,0
Unvalidated,2024991451750,2024,991451750,1,3,0,17,2,6,0,0,1,0,2,0,4,1,6,2,17,4,-1,-1,-1,-1,8,3,-1,0
Unvalidated,2024991451751,2024,991451751,1,9,0,18,8,5,0,1,1,0,0,0,1,1,5,2,25,5,-1,-1,-1,-1,8,1,-1,0
Unvalidated,2024991451751,2024,991451751,2,9,0,18,2,6,0,1,0,0,0,0,3,1,6,1,76,11,-1,-1,-1,-1,7,3,-1,0
Unvalidated,2024991451810,2024,991451810,1,9,0,9,8,6,0,8,0,0,0,0,4,1,5,1,29,6,-1,-1,-1,-1,5,1,-1,0
Unvalidated,2024991451810,2024,991451810,2,1,0,18,4,8,0,1,0,0,0,0,1,1,5,1,55,8,-1,-1,-1,-1,3,1,-1,0
Unvalidated,2024991451818,2024,991451818,1,9,0,7,6,8,0,1,2,10,3,7,1,1,5,1,26,6,-1,-1,-1,-1,4,1,-1,0
Unvalidated,2024991451825,2024,991451825,1,9,0,18,1,4,0,0,0,0,0,0,1,1,6,2,28,6,-1,-1,-1,-1,1,1,-1,0
Unvalidated,2024991451825,2024,991451825,2,9,0,18,1,4,0,0,0,0,0,0,2,1,2,2,44,7,-1,-1,-1,-1,-1,-1,-1,0
Unvalidated,2024991451882,2024,991451882,1,9,0,10,6,3,0,1,0,0,0,0,2,1,6,2,39,7,-1,-1,-1,-1,3,1,-1,0
Unvalidated,2024991451882,2024,991451882,2,9,0,18,5,1,0,1,0,0,0,0,1,1,5,1,26,6,-1,-1,-1,-1,-1,-1,-1,0
Unvalidated,2024991451885,2024,991451885,1,9,0,3,3,7,0,0,0,0,0,0,3,1,5,2,44,7,-1,-1,-1,-1,6,2,-1,0
Unvalidated,2024991451885,2024,991451885,2,-1,0,14,3,7,0,0,0,0,0,0,4,1,6,3,-1,-1,-1,-1,-1,-1,-1,-1,-1,0
Unvalidated,2024991451891,2024,991451891,1,9,0,9,1,6,0,6,0,0,0,0,4,1,5,2,21,5,-1,-1,-1,-1,6,1,-1,0
Unvalidated,2024991451891,2024,991451891,2,9,0,18,4,1,0,8,0,0,0,0,1,1,5,2,61,9,-1,-1,-1,-1,-1,-1,-1,0
Unvalidated,2024991451992,2024,991451992,1,21,1,18,8,4,0,0,0,0,0,0,3,1,1,1,57,9,-1,-1,-1,-1,7,2,-1,0
Unvalidated,2024991451992,2024,991451992,2,9,0,18,4,8,0,0,2,6,1,1,4,1,5,2,60,9,-1,-1,-1,-1,-1,-1,-1,0
Unvalidated,2024991452064,2024,991452064,1,1,0,5,7,3,0,1,0,0,0,0,1,1,5,1,55,8,-1,-1,-1,-1,4,3,-1,0
Unvalidated,2024991452064,2024,991452064,2,9,0,5,4,7,0,1,0,0,0,0,1,1,5,2,41,7,-1,-1,-1,-1,8,1,-1,0
Unvalidated,2024991452121,2024,991452121,1,3,0,13,7,2,0,0,0,0,0,0,3,1,5,1,36,7,-1,-1,-1,-1,-1,-1,-1,0
Unvalidated,2024991452121,2024,991452121,2,9,0,16,2,6,0,0,0,0,0,0,3,1,2,2,19,4,-1,-1,-1,-1,6,3,-1,0
Unvalidated,2024991452162,2024,991452162,1,9,0,13,3,7,0,0,0,0,0,0,4,1,5,1,34,6,-1,-1,-1,-1,7,3,-1,0
Unvalidated,2024991452162,2024,991452162,2,5,0,18,3,7,0,0,0,0,0,0,3,1,5,1,27,6,-1,-1,-1,-1,10,1,-1,0
Unvalidated,2024991452163,2024,991452163,1,3,0,18,7,3,0,0,5,0,0,0,1,1,2,1,62,9,-1,-1,-1,-1,10,1,-1,0
Unvalidated,2024991452163,2024,991452163,2,9,0,4,7,3,0,0,0,0,0,0,2,1,5,2,57,9,-1,-1,-1,-1,8,1,-1,0
Unvalidated,2024991452178,2024,991452178,1,9,0,12,5,1,0,0,0,0,0,0,3,1,6,1,37,7,-1,-1,-1,-1,-1,-1,-1,0
Unvalidated,2024991452178,2024,991452178,2,9,0,18,5,1,0,0,0,0,0,0,4,1,5,2,47,8,-1,-1,-1,-1,1,1,W01001169,0
Unvalidated,2024991452210,2024,991452210,1,1,0,5,7,1,0,0,0,0,0,0,1,1,5,1,10,2,-1,-1,-1,-1,9,3,-1,0
Unvalidated,2024991452210,2024,991452210,2,9,0,18,2,7,0,0,0,0,0,0,1,1,5,2,31,6,-1,-1,-1,-1,10,3,-1,0
Unvalidated,2024991452235,2024,991452235,1,9,0,5,5,8,0,1,0,0,0,0,3,1,6,1,74,10,-1,-1,-1,-1,-1,-1,-1,0
Unvalidated,2024991452243,2024,991452243,1,9,0,3,7,3,0,0,0,0,0,0,1,1,6,1,34,6,-1,-1,-1,-1,-1,-1,-1,0
Unvalidated,2024991452243,2024,991452243,2,9,0,3,7,3,0,0,0,0,0,0,1,1,6,1,36,7,-1,-1,-1,-1,-1,-1,-1,0
Unvalidated,2024991452243,2024,991452243,3,9,0,3,7,3,0,0,0,0,0,0,2,1,5,2,18,4,-1,-1,-1,-1,-1,-1,-1,0
Unvalidated,2024991452252,2024,991452252,1,9,0,18,3,7,0,0,0,0,0,0,1,1,5,2,46,8,-1,-1,-1,-1,-1,-1,-1,0
Unvalidated,2024991452294,2024,991452294,1,8,0,5,1,5,0,8,0,0,1,0,3,1,1,1,59,9,-1,-1,-1,-1,10,1,-1,0
Unvalidated,2024991452294,2024,991452294,2,9,0,18,7,3,0,1,0,0,1,0,1,1,6,1,23,5,-1,-1,-1,-1,9,3,-1,0
Unvalidated,2024991452323,2024,991452323,1,9,0,18,5,1,0,1,0,4,0,0,3,1,6,1,22,5,-1,-1,-1,-1,2,1,-1,0
Unvalidated,2024991452323,2024,991452323,2,9,0,2,0,0,0,1,0,0,0,0,4,1,6,1,23,5,-1,-1,-1,-1,-1,-1,-1,0
Unvalidated,2024991452323,2024,991452323,3,5,0,18,5,1,0,1,0,0,0,0,0,1,1,1,37,7,-1,-1,-1,-1,10,1,-1,0
Unvalidated,2024991452413,2024,991452413,1,97,0,18,8,5,0,0,0,4,0,0,1,1,6,1,51,8,-1,-1,-1,-1,-1,-1,-1,0
Unvalidated,2024991452413,2024,991452413,2,9,0,2,0,0,0,0,0,0,0,0,3,1,6,3,-1,-1,-1,-1,-1,-1,-1,-1,-1,0
Unvalidated,2024991452584,2024,991452584,1,11,0,18,7,3,0,0,0,0,0,0,1,1,1,1,52,8,-1,-1,-1,-1,5,3,-1,0
Unvalidated,2024991452626,2024,991452626,1,9,0,1,1,5,0,0,0,4,0,0,2,1,5,2,32,6,-1,-1,-1,-1,-1,-1,-1,0
Unvalidated,2024991452626,2024,991452626,2,9,0,3,7,3,0,0,0,0,0,0,4,1,5,2,46,8,-1,-1,-1,-1,-1,-1,-1,0
Unvalidated,2024991452670,2024,991452670,1,11,0,5,7,3,0,2,0,0,0,0,1,1,1,1,66,10,-1,-1,-1,-1,9,2,-1,0
Unvalidated,2024991452771,2024,991452771,1,9,0,18,7,2,0,0,1,0,0,0,1,1,5,1,19,4,-1,-1,-1,-1,8,2,-1,0
Unvalidated,2024991452771,2024,991452771,2,9,0,18,3,7,0,0,1,0,0,0,1,1,5,1,57,9,-1,-1,-1,-1,10,1,-1,0
Unvalidated,2024991452809,2024,991452809,1,9,0,18,3,7,0,1,0,0,0,0,1,1,5,1,19,4,-1,-1,-1,-1,8,2,-1,0
Unvalidated,2024991452812,2024,991452812,1,3,0,17,7,3,0,0,1,0,1,0,1,1,5,1,17,4,-1,-1,-1,-1,1,2,-1,0
Unvalidated,2024991452871,2024,991452871,1,5,0,18,3,8,0,1,2,0,1,0,1,1,2,1,26,6,-1,-1,-1,-1,3,1,-1,0
Unvalidated,2024991452910,2024,991452910,1,5,0,18,2,2,0,1,0,0,0,0,3,1,5,1,39,7,-1,-1,-1,-1,8,3,-1,0
Unvalidated,2024991452910,2024,991452910,2,9,0,5,4,4,0,7,0,0,0,0,1,1,6,2,18,4,-1,-1,-1,-1,10,2,-1,0
Unvalidated,2024991452936,2024,991452936,1,3,0,6,6,2,0,0,0,0,0,0,2,1,6,1,45,7,-1,-1,-1,-1,-1,-1,-1,0
Unvalidated,2024991452936,2024,991452936,2,5,0,18,2,6,0,0,0,0,0,0,1,1,6,1,51,8,-1,-1,-1,-1,-1,-1,-1,0
Unvalidated,2024991452964,2024,991452964,1,19,0,18,6,2,0,0,0,0,0,0,1,1,1,1,43,7,-1,-1,-1,-1,2,2,-1,0
Unvalidated,2024991452964,2024,991452964,2,9,0,18,6,2,0,0,0,0,0,0,2,1,6,2,45,7,-1,-1,-1,-1,4,3,-1,0
Unvalidated,2024991453013,2024,991453013,1,9,0,1,1,5,0,5,0,0,0,0,2,1,5,2,51,8,-1,-1,-1,-1,5,1,-1,0
Unvalidated,2024991453034,2024,991453034,1,9,0,3,7,3,0,1,0,0,0,0,2,1,5,2,42,7,-1,-1,-1,-1,10,1,-1,0
Unvalidated,2024991453034,2024,991453034,2,9,0,18,7,3,0,1,0,4,0,0,1,1,5,1,35,6,-1,-1,-1,-1,2,1,-1,0
Unvalidated,2024991453062,2024,991453062,1,3,0,18,8,5,0,0,0,0,0,0,1,1,6,1,23,5,-1,-1,-1,-1,-1,-1,-1,0
Unvalidated,2024991453062,2024,991453062,2,98,0,18,8,5,0,0,0,0,0,0,2,1,6,1,57,9,-1,-1,-1,-1,-1,-1,-1,0
Unvalidated,2024991453086,2024,991453086,1,9,0,18,3,7,0,0,0,0,0,0,4,1,6,1,51,8,-1,-1,-1,-1,-1,-1,-1,0
Unvalidated,2024991453086,2024,991453086,2,9,0,9,3,5,0,0,0,0,1,0,1,1,6,1,27,6,-1,-1,-1,-1,-1,-1,-1,0
Unvalidated,2024991453097,2024,991453097,1,9,0,18,1,5,0,0,0,0,0,0,1,1,5,2,59,9,-1,-1,-1,-1,7,2,-1,0
Unvalidated,2024991453097,2024,991453097,2,9,0,18,1,5,0,0,0,0,0,0,1,1,5,1,80,11,-1,-1,-1,-1,4,3,-1,0
Unvalidated,2024991453097,2024,991453097,3,9,5,18,1,5,0,0,0,0,0,0,2,1,5,1,42,7,-1,-1,-1,-1,3,1,E01027388,0
Unvalidated,2024991453097,2024,991453097,4,9,0,18,1,5,0,0,0,0,0,0,1,1,5,2,53,8,-1,-1,-1,-1,8,1,-1,0
Unvalidated,2024991453143,2024,991453143,1,9,0,18,5,1,0,0,0,0,0,0,1,1,1,1,22,5,-1,-1,-1,-1,-1,-1,-1,0
Unvalidated,2024991453165,2024,991453165,1,9,0,5,1,5,0,4,0,0,0,0,1,1,5,1,52,8,-1,-1,-1,-1,4,1,-1,0
Unvalidated,2024991453224,2024,991453224,1,9,0,18,7,3,0,0,0,0,0,0,3,1,5,1,67,10,-1,-1,-1,-1,5,3,-1,0
Unvalidated,2024991453224,2024,991453224,2,5,0,18,3,7,0,0,1,0,0,0,1,1,6,1,32,6,-1,-1,-1,-1,4,2,-1,0
Unvalidated,2024991453232,2024,991453232,1,9,0,9,4,2,0,0,0,0,7,11,1,1,5,2,40,7,-1,-1,-1,-1,3,2,-1,0
Unvalidated,2024991453299,2024,991453299,1,9,0,6,6,6,0,2,0,0,0,0,3,1,6,1,38,7,-1,-1,-1,-1,10,1,-1,0
Unvalidated,2024991453299,2024,991453299,2,1,0,14,6,2,0,2,0,0,0,0,1,1,6,1,55,8,-1,-1,-1,-1,10,1,-1,0
Unvalidated,2024991453318,2024,991453318,1,9,0,9,4,2,0,5,0,0,5,0,1,1,2,1,37,7,-1,-1,-1,-1,3,1,-1,0
Unvalidated,2024991453318,2024,991453318,2,9,0,18,8,4,0,2,0,0,0,0,1,1,5,1,63,9,-1,-1,-1,-1,-1,-1,-1,0
Unvalidated,2024991453325,2024,991453325,1,9,0,18,3,8,0,0,0,0,1,9,1,1,5,2,37,7,-1,-1,-1,-1,2,2,-1,0
Unvalidated,2024991453350,2024,991453350,1,9,0,18,4,8,0,8,0,0,0,0,1,1,5,2,28,6,-1,-1,-1,-1,7,2,-1,0
Unvalidated,2024991453350,2024,991453350,2,9,0,18,4,8,0,8,0,0,0,0,2,1,5,1,38,7,-1,-1,-1,-1,4,1,E01008277,0
Unvalidated,2024991453350,2024,991453350,3,9,0,18,4,8,0,8,0,0,0,0,2,1,5,1,51,8,-1,-1,-1,-1,9,1,E01008772,0
Unvalidated,2024991453350,2024,991453350,4,9,0,18,4,8,0,8,0,0,0,0,2,1,5,1,34,6,-1,-1,-1,-1,4,1,E01007699,0
Unvalidated,2024991453395,2024,991453395,1,9,0,18,1,5,0,1,0,0,0,0,1,1,6,3,20,4,-1,-1,-1,-1,-1,-1,-1,0
Unvalidated,2024991453395,2024,991453395,2,9,0,4,1,4,0,1,0,0,0,0,2,1,5,2,39,7,-1,-1,-1,-1,1,1,-1,0
Unvalidated,2024991453406,2024,991453406,1,9,0,18,2,6,0,1,0,0,0,0,4,1,6,1,56,9,-1,-1,-1,-1,8,3,-1,0
Unvalidated,2024991453406,2024,991453406,2,9,0,7,4,6,0,1,0,0,0,0,1,1,1,2,45,7,-1,-1,-1,-1,9,2,-1,0
Unvalidated,2024991453408,2024,991453408,1,9,0,18,2,6,0,0,0,0,0,0,4,1,1,1,24,5,-1,-1,-1,-1,4,2,-1,0
Unvalidated,2024991453434,2024,991453434,1,9,0,18,2,6,0,0,0,0,0,0,1,1,5,1,82,11,-1,-1,-1,-1,3,1,-1,0
Unvalidated,2024991453434,2024,991453434,2,9,0,9,6,2,9,0,0,0,0,0,1,1,5,1,71,10,-1,-1,-1,-1,-1,-1,-1,0
Unvalidated,2024991453437,2024,991453437,1,9,0,5,2,6,0,0,0,0,0,0,1,1,6,1,69,10,-1,-1,-1,-1,3,1,-1,0
Unvalidated,2024991453437,2024,991453437,2,9,0,7,2,6,0,0,0,0,0,0,2,1,3,2,22,5,-1,-1,-1,-1,3,1,-1,0
Unvalidated,2024991453444,2024,991453444,1,9,0,18,8,4,0,1,0,0,0,0,1,1,6,1,39,7,-1,-1,-1,-1,6,3,-1,0
Unvalidated,2024991453444,2024,991453444,2,11,0,18,8,4,0,1,0,0,0,0,2,1,1,1,49,8,-1,-1,-1,-1,8,2,-1,0
Unvalidated,2024991453451,2024,991453451,1,8,0,6,3,3,0,0,0,0,0,0,3,1,1,1,51,8,-1,-1,-1,-1,1,1,-1,0
Unvalidated,2024991453451,2024,991453451,2,4,0,18,3,7,0,0,5,0,0,0,3,1,5,1,22,5,-1,-1,-1,-1,5,1,-1,0
Unvalidated,2024991453481,2024,991453481,1,9,0,18,1,5,0,1,0,0,0,0,3,1,5,1,17,4,-1,-1,-1,-1,2,1,E01004972,0
Unvalidated,2024991453481,2024,991453481,2,19,0,18,7,3,0,2,0,0,0,0,1,1,1,1,71,10,-1,-1,-1,-1,1,1,-1,0
Unvalidated,2024991453518,2024,991453518,1,5,0,18,5,1,0,0,1,0,7,0,1,1,5,1,28,6,-1,-1,-1,-1,-1,-1,-1,0
Unvalidated,2024991453518,2024,991453518,2,9,0,18,1,5,0,0,0,0,0,0,1,1,5,1,38,7,-1,-1,-1,-1,-1,-1,-1,0
Unvalidated,2024991453528,2024,991453528,1,9,0,18,2,6,0,0,0,0,0,0,1,1,6,1,22,5,-1,-1,-1,-1,-1,-1,-1,0
Unvalidated,2024991453581,2024,991453581,1,1,0,18,1,6,0,0,5,0,7,0,1,1,5,1,19,4,-1,-1,-1,-1,2,1,-1,0
Unvalidated,2024991453645,2024,991453645,1,9,0,10,8,6,0,8,0,0,0,0,1,1,5,1,62,9,-1,-1,-1,-1,6,3,-1,0
Unvalidated,2024991453645,2024,991453645,2,9,0,7,6,8,0,8,0,4,0,0,1,1,5,1,74,10,-1,-1,-1,-1,4,1,E01032613,0
Unvalidated,2024991453659,2024,991453659,1,9,0,5,8,4,0,0,0,4,7,0,1,1,6,2,19,4,-1,-1,-1,-1,8,3,-1,0
Unvalidated,2024991453659,2024,991453659,2,21,1,2,0,0,6,0,0,0,0,0,2,1,1,1,41,7,-1,-1,-1,-1,5,1,E01020781,0
Unvalidated,2024991453673,2024,991453673,1,9,0,18,5,1,0,0,0,0,7,9,4,1,6,1,46,8,-1,-1,-1,-1,5,3,-1,0
Unvalidated,2024991453790,2024,991453790,1,9,0,18,7,2,0,0,0,4,7,0,1,1,5,1,19,4,-1,-1,-1,-1,2,3,-1,0
Unvalidated,2024991453790,2024,991453790,2,9,0,2,0,0,0,0,0,4,7,0,1,1,6,3,-1,-1,-1,-1,-1,-1,-1,-1,-1,0
Unvalidated,2024991453790,2024,991453790,3,9,0,2,0,0,0,0,0,0,0,0,4,1,6,3,-1,-1,-1,-1,-1,-1,-1,-1,-1,0
Unvalidated,2024991453797,2024,991453797,1,9,0,17,5,8,0,0,2,0,8,11,1,1,5,1,31,6,-1,-1,-1,-1,5,2,-1,0
Unvalidated,2024991453839,2024,991453839,1,9,0,16,3,8,0,0,0,0,0,0,3,1,1,1,66,10,-1,-1,-1,-1,-1,-1,-1,0
Unvalidated,2024991453839,2024,991453839,2,8,0,17,8,3,0,0,0,0,0,0,3,1,1,2,38,7,-1,-1,-1,-1,-1,-1,-1,0
Unvalidated,2024991453858,2024,991453858,1,9,0,14,2,6,0,0,0,0,0,0,4,1,5,1,73,10,-1,-1,-1,-1,6,1,-1,0
Unvalidated,2024991453858,2024,991453858,2,90,0,2,0,0,0,0,0,0,0,0,0,1,6,3,-1,-1,-1,-1,-1,-1,-1,-1,-1,0
Unvalidated,2024991453885,2024,991453885,1,9,0,9,1,7,0,6,0,0,0,0,4,1,6,1,53,8,-1,-1,-1,-1,-1,-1,-1,0