status,collision_index,collision_year,collision_reference,vehicle_reference,vehicle_type,towing_and_articulation,vehicle_manoeuvre,vehicle_direction_from,vehicle_direction_to,vehicle_location_restricted_lane,junction_location,skidding_and_overturning,hit_object_in_carriageway,vehicle_leaving_carriageway,hit_object_off_carriageway,first_point_of_impact,vehicle_left_hand_drive,journey_purpose_of_driver,sex_of_driver,age_of_driver,age_band_of_driver,engine_capacity_cc,propulsion_code,age_of_vehicle,generic_make_model,driver_imd_decile,driver_home_area_type,lsoa_of_driver,escooter_flag
Unvalidated,2024991453885,2024,991453885,2,3,0,18,3,7,0,8,0,0,0,0,1,1,5,1,18,4,-1,-1,-1,-1,-1,-1,-1,0
Unvalidated,2024991453896,2024,991453896,1,9,0,15,7,3,0,0,5,0,1,0,4,1,6,2,55,8,-1,-1,-1,-1,-1,-1,-1,0
Unvalidated,2024991453896,2024,991453896,2,19,0,18,7,3,0,0,0,0,0,0,3,1,6,1,50,8,-1,-1,-1,-1,6,1,-1,0
Unvalidated,2024991453923,2024,991453923,1,90,1,18,5,1,0,0,0,2,0,0,1,1,1,1,70,10,-1,-1,-1,-1,5,3,E01026407,0
Unvalidated,2024991453923,2024,991453923,2,21,0,2,5,1,0,0,0,2,0,0,2,1,1,1,30,6,-1,-1,-1,-1,3,1,-1,0
Unvalidated,2024991453983,2024,991453983,1,19,0,9,8,6,0,8,0,0,0,0,1,1,1,1,43,7,-1,-1,-1,-1,5,3,E01019225,0
Unvalidated,2024991454024,2024,991454024,1,9,0,18,1,4,0,4,0,0,0,0,1,1,5,2,38,7,-1,-1,-1,-1,5,3,-1,0
Unvalidated,2024991454024,2024,991454024,2,1,0,18,7,3,0,8,0,0,0,0,4,1,5,1,68,10,-1,-1,-1,-1,7,1,-1,0
Unvalidated,2024991454058,2024,991454058,1,9,0,7,5,8,0,0,1,0,7,4,3,1,5,1,62,9,-1,-1,-1,-1,8,3,E01025323,0
Unvalidated,2024991454064,2024,991454064,1,9,0,9,4,2,0,5,0,0,0,0,1,1,5,1,42,7,-1,-1,-1,-1,9,1,-1,0
Unvalidated,2024991454064,2024,991454064,2,9,0,9,8,4,0,5,0,0,0,0,3,1,5,1,53,8,-1,-1,-1,-1,2,1,E01014464,0
Unvalidated,2024991454112,2024,991454112,1,9,0,16,4,8,0,0,0,0,7,0,4,1,5,1,19,4,-1,-1,-1,-1,-1,-1,-1,0
Unvalidated,2024991454225,2024,991454225,1,9,0,12,5,1,0,8,0,0,0,0,0,1,5,2,54,8,-1,-1,-1,-1,7,2,-1,0
Unvalidated,2024991454225,2024,991454225,2,9,0,18,5,1,0,1,0,0,0,0,2,1,2,2,22,5,-1,-1,-1,-1,1,1,-1,0
Unvalidated,2024991454225,2024,991454225,3,9,0,18,5,1,0,1,0,0,0,0,1,1,2,1,37,7,-1,-1,-1,-1,5,1,-1,0
Unvalidated,2024991454270,2024,991454270,1,4,0,18,3,7,0,1,0,0,0,0,4,1,1,1,22,5,-1,-1,-1,-1,2,1,-1,0
Unvalidated,2024991454270,2024,991454270,2,1,0,7,5,7,0,1,0,0,0,0,1,1,6,1,51,8,-1,-1,-1,-1,7,1,-1,0
Unvalidated,2024991454354,2024,991454354,1,4,0,18,6,2,0,1,0,0,0,0,1,1,6,1,20,4,-1,-1,-1,-1,1,1,-1,0
Unvalidated,2024991454354,2024,991454354,2,9,0,4,6,2,0,4,0,0,0,0,2,1,6,1,29,6,-1,-1,-1,-1,6,3,-1,0
Unvalidated,2024991454388,2024,991454388,1,9,0,18,2,5,0,1,0,0,0,0,1,1,6,2,44,7,-1,-1,-1,-1,1,2,-1,0
Unvalidated,2024991454441,2024,991454441,1,4,0,18,8,4,0,0,2,0,7,0,4,1,6,1,22,5,-1,-1,-1,-1,4,1,-1,0
Unvalidated,2024991454442,2024,991454442,1,9,0,9,6,3,0,8,0,0,0,0,3,1,5,1,57,9,-1,-1,-1,-1,8,1,-1,0
Unvalidated,2024991454442,2024,991454442,2,3,0,13,6,2,0,8,5,0,0,0,1,1,6,2,23,5,-1,-1,-1,-1,7,1,-1,0
Unvalidated,2024991454465,2024,991454465,1,3,0,18,1,5,0,1,0,0,0,0,1,1,5,1,18,4,-1,-1,-1,-1,9,1,-1,0
Unvalidated,2024991454465,2024,991454465,2,9,0,18,5,1,0,1,0,0,0,0,1,1,6,1,30,6,-1,-1,-1,-1,-1,-1,-1,0
Unvalidated,2024991454486,2024,991454486,1,9,0,18,7,3,0,1,0,0,7,11,4,1,6,2,46,8,-1,-1,-1,-1,5,3,-1,0
Unvalidated,2024991454486,2024,991454486,2,9,0,18,1,5,0,1,0,0,1,0,1,1,5,1,33,6,-1,-1,-1,-1,10,1,E01008365,0
Unvalidated,2024991454511,2024,991454511,1,9,0,9,2,7,0,6,0,0,0,0,1,1,2,2,20,4,-1,-1,-1,-1,10,1,-1,0
Unvalidated,2024991454511,2024,991454511,2,90,0,18,7,3,0,8,0,0,0,0,4,1,1,1,36,7,-1,-1,-1,-1,1,3,-1,0
Unvalidated,2024991454547,2024,991454547,1,9,0,9,8,4,0,6,0,0,0,0,3,1,5,1,72,10,-1,-1,-1,-1,3,1,-1,0
Unvalidated,2024991454547,2024,991454547,2,9,0,18,4,8,0,1,0,0,0,0,1,1,5,2,59,9,-1,-1,-1,-1,2,2,-1,0
Unvalidated,2024991454572,2024,991454572,1,9,0,18,1,5,0,0,0,0,4,6,1,1,5,1,34,6,-1,-1,-1,-1,3,1,-1,0
Unvalidated,2024991454572,2024,991454572,2,9,0,18,1,5,0,0,0,0,5,6,4,1,5,1,44,7,-1,-1,-1,-1,5,1,-1,0
Unvalidated,2024991454572,2024,991454572,3,9,0,18,1,5,0,0,0,0,1,0,1,1,5,1,43,7,-1,-1,-1,-1,1,1,-1,0
Unvalidated,2024991454572,2024,991454572,4,9,0,18,1,5,0,0,0,0,0,0,1,1,1,1,36,7,-1,-1,-1,-1,1,1,-1,0
Unvalidated,2024991454609,2024,991454609,1,9,0,2,0,0,0,0,0,0,0,0,3,1,6,3,-1,-1,-1,-1,-1,-1,-1,-1,-1,0
Unvalidated,2024991454609,2024,991454609,2,11,0,18,8,4,0,0,0,8,0,0,1,1,1,1,64,9,-1,-1,-1,-1,5,3,-1,0
Unvalidated,2024991454612,2024,991454612,1,9,0,18,4,8,0,2,0,4,0,0,1,1,2,1,18,4,-1,-1,-1,-1,-1,-1,-1,0
Unvalidated,2024991454612,2024,991454612,2,9,0,14,1,4,0,2,0,4,0,0,1,1,2,2,49,8,-1,-1,-1,-1,7,2,-1,0
Unvalidated,2024991454612,2024,991454612,3,9,0,2,0,0,0,2,0,4,0,0,3,1,6,3,-1,-1,-1,-1,-1,-1,-1,-1,-1,0
Unvalidated,2024991454612,2024,991454612,4,9,0,2,0,0,0,2,0,4,0,0,3,1,6,1,-1,-1,-1,-1,-1,-1,-1,-1,-1,0
Unvalidated,2024991454612,2024,991454612,5,9,0,2,0,0,0,2,0,4,0,0,3,1,6,3,-1,-1,-1,-1,-1,-1,-1,-1,-1,0
Unvalidated,2024991454652,2024,991454652,1,9,0,10,6,4,0,1,5,0,0,0,4,1,5,1,38,7,-1,-1,-1,-1,-1,-1,-1,0
Unvalidated,2024991454652,2024,991454652,2,9,0,18,2,6,0,1,0,0,0,0,1,1,5,1,18,4,-1,-1,-1,-1,7,3,-1,0
Unvalidated,2024991454733,2024,991454733,1,9,0,9,2,1,0,8,0,0,0,0,1,1,5,1,29,6,-1,-1,-1,-1,3,1,-1,0
Unvalidated,2024991454733,2024,991454733,2,9,0,18,2,7,0,8,0,0,0,0,1,1,5,2,36,7,-1,-1,-1,-1,8,3,-1,0
Unvalidated,2024991454869,2024,991454869,1,9,0,18,3,7,0,1,0,0,0,0,1,1,5,1,36,7,-1,-1,-1,-1,9,1,-1,0
Unvalidated,2024991454869,2024,991454869,2,1,0,4,3,7,0,1,0,0,0,0,2,1,5,1,57,9,-1,-1,-1,-1,-1,-1,-1,0
Unvalidated,2024991454919,2024,991454919,1,9,0,18,2,6,0,0,0,0,0,0,4,1,6,2,35,6,-1,-1,-1,-1,1,1,-1,0
Unvalidated,2024991454923,2024,991454923,1,5,0,18,5,1,0,2,0,0,0,0,1,1,6,1,29,6,-1,-1,-1,-1,2,1,-1,0
Unvalidated,2024991454923,2024,991454923,2,9,0,5,4,1,0,2,0,0,0,0,4,1,6,2,54,8,-1,-1,-1,-1,6,1,-1,0
Unvalidated,2024991454933,2024,991454933,1,9,0,4,5,1,0,8,0,4,7,11,3,1,6,2,84,11,-1,-1,-1,-1,8,1,-1,0
Unvalidated,2024991454933,2024,991454933,2,9,0,2,0,0,0,8,0,4,0,0,2,1,6,3,-1,-1,-1,-1,-1,-1,-1,-1,-1,0
Unvalidated,2024991454933,2024,991454933,3,9,0,2,0,0,0,8,0,0,0,0,2,1,6,3,-1,-1,-1,-1,-1,-1,-1,-1,-1,0
Unvalidated,2024991454937,2024,991454937,1,19,0,18,6,2,0,0,0,0,0,0,2,1,1,1,61,9,-1,-1,-1,-1,-1,-1,-1,0
Unvalidated,2024991454937,2024,991454937,2,4,0,18,6,2,0,0,0,4,0,0,1,1,6,1,56,9,-1,-1,-1,-1,1,1,-1,0
Unvalidated,2024991455016,2024,991455016,1,3,0,4,7,5,0,1,1,0,0,0,2,1,5,1,27,6,-1,-1,-1,-1,-1,-1,-1,0
Unvalidated,2024991455016,2024,991455016,2,3,0,4,7,2,0,1,1,0,0,0,1,1,5,1,27,6,-1,-1,-1,-1,2,1,-1,0
Unvalidated,2024991455016,2024,991455016,3,3,0,18,7,2,0,1,1,0,0,0,1,1,5,1,42,7,-1,-1,-1,-1,-1,-1,-1,0
Unvalidated,2024991455016,2024,991455016,4,3,0,18,7,2,0,1,0,0,0,0,1,1,5,1,26,6,-1,-1,-1,-1,-1,-1,-1,0
Unvalidated,2024991455016,2024,991455016,5,4,0,18,7,2,0,1,0,0,0,0,0,1,5,1,31,6,-1,-1,-1,-1,-1,-1,-1,0
Unvalidated,2024991455016,2024,991455016,6,3,0,18,7,2,0,1,0,0,0,0,0,1,5,1,20,4,-1,-1,-1,-1,-1,-1,-1,0
Unvalidated,2024991455020,2024,991455020,1,9,0,18,6,2,0,0,0,0,0,0,1,1,5,1,44,7,-1,-1,-1,-1,4,3,-1,0
Unvalidated,2024991455020,2024,991455020,2,9,0,18,2,6,0,0,0,0,0,0,1,1,5,2,67,10,-1,-1,-1,-1,-1,-1,-1,0
Unvalidated,2024991455033,2024,991455033,1,1,0,18,7,3,0,0,0,0,0,0,1,1,5,1,50,8,-1,-1,-1,-1,-1,-1,-1,0
Unvalidated,2024991455033,2024,991455033,2,10,0,2,7,3,0,0,0,0,0,0,2,1,1,2,29,6,-1,-1,-1,-1,2,1,-1,0
Unvalidated,2024991455046,2024,991455046,1,9,0,16,1,4,0,0,1,11,7,10,1,1,5,2,87,11,-1,-1,-1,-1,10,1,-1,0
Unvalidated,2024991455046,2024,991455046,2,9,0,17,4,1,0,0,1,11,1,0,3,1,5,2,31,6,-1,-1,-1,-1,9,1,-1,0
Unvalidated,2024991455046,2024,991455046,3,9,0,17,4,8,0,0,0,11,0,0,1,1,2,2,26,6,-1,-1,-1,-1,8,1,-1,0
Unvalidated,2024991455068,2024,991455068,1,9,0,18,2,6,0,0,5,0,7,0,1,1,6,1,31,6,-1,-1,-1,-1,3,1,-1,0
Unvalidated,2024991455086,2024,991455086,1,9,0,18,4,8,0,0,0,0,1,0,1,1,6,1,64,9,-1,-1,-1,-1,-1,-1,-1,0
Unvalidated,2024991455086,2024,991455086,2,9,0,18,8,4,0,0,0,0,0,0,1,1,6,1,51,8,-1,-1,-1,-1,8,3,-1,0
Unvalidated,2024991455116,2024,991455116,1,9,0,18,1,5,0,1,1,10,7,0,1,1,6,3,-1,-1,-1,-1,-1,-1,-1,-1,-1,0
Unvalidated,2024991455116,2024,991455116,2,9,0,8,1,5,0,1,0,0,0,0,4,1,2,2,40,7,-1,-1,-1,-1,-1,-1,-1,0
Unvalidated,2024991455228,2024,991455228,1,9,0,15,5,1,0,0,0,0,7,0,1,1,2,1,31,6,-1,-1,-1,-1,5,2,-1,0
Unvalidated,2024991455228,2024,991455228,2,21,1,18,5,1,0,0,0,0,0,0,2,1,1,1,53,8,-1,-1,-1,-1,3,1,-1,0
Unvalidated,2024991455277,2024,991455277,1,9,0,10,5,3,0,5,0,0,0,0,2,1,2,2,52,8,-1,-1,-1,-1,4,1,-1,0
Unvalidated,2024991455277,2024,991455277,2,9,0,18,5,8,0,1,0,0,0,0,1,1,5,1,29,6,-1,-1,-1,-1,-1,-1,-1,0
Unvalidated,2024991455286,2024,991455286,1,9,0,9,1,6,0,6,0,0,0,0,1,1,6,2,66,10,-1,-1,-1,-1,2,1,-1,0
Unvalidated,2024991455286,2024,991455286,2,9,0,18,7,2,0,1,0,0,0,0,1,1,6,2,33,6,-1,-1,-1,-1,9,1,-1,0
Unvalidated,2024991455326,2024,991455326,1,9,0,9,3,1,0,1,0,0,0,0,1,1,5,1,38,7,-1,-1,-1,-1,8,3,-1,0
Unvalidated,2024991455326,2024,991455326,2,9,0,18,7,3,0,1,0,0,0,0,1,1,5,1,19,4,-1,-1,-1,-1,5,3,-1,0
Unvalidated,2024991455407,2024,991455407,1,9,0,18,6,2,0,0,0,0,0,0,1,1,5,2,49,8,-1,-1,-1,-1,10,1,-1,0
Unvalidated,2024991455443,2024,991455443,1,9,0,4,4,6,0,1,0,0,0,0,1,1,2,1,59,9,-1,-1,-1,-1,8,1,-1,0
Unvalidated,2024991455457,2024,991455457,1,9,0,18,1,5,0,8,0,0,0,0,1,1,2,1,55,8,-1,-1,-1,-1,1,1,-1,0
Unvalidated,2024991455471,2024,991455471,1,9,0,18,3,7,0,0,0,0,0,0,1,1,5,1,25,5,-1,-1,-1,-1,8,2,-1,0
Unvalidated,2024991455471,2024,991455471,2,9,0,18,3,7,0,0,0,0,0,0,2,1,2,2,23,5,-1,-1,-1,-1,5,3,-1,0
Unvalidated,2024991455471,2024,991455471,3,9,0,18,3,7,0,0,0,0,0,0,2,1,5,2,40,7,-1,-1,-1,-1,5,1,-1,0
Unvalidated,2024991455471,2024,991455471,4,9,0,18,3,7,0,0,0,0,0,0,2,1,5,1,66,10,-1,-1,-1,-1,10,2,E01019943,0
Unvalidated,2024991455471,2024,991455471,5,9,0,18,3,7,0,0,0,0,1,0,1,1,5,1,65,9,-1,-1,-1,-1,9,1,-1,0
Unvalidated,2024991455483,2024,991455483,1,9,0,18,7,3,0,0,0,0,0,0,1,1,5,2,19,4,-1,-1,-1,-1,9,2,-1,0
Unvalidated,2024991455483,2024,991455483,2,9,0,18,3,7,0,0,0,0,7,0,1,1,5,2,42,7,-1,-1,-1,-1,-1,-1,-1,0
Unvalidated,2024991455483,2024,991455483,3,9,0,18,3,7,0,0,0,0,1,4,1,2,5,1,67,10,-1,-1,-1,-1,-1,-1,-1,0
Unvalidated,2024991455488,2024,991455488,1,9,0,1,4,1,0,0,0,0,0,0,2,1,6,1,42,7,-1,-1,-1,-1,8,3,-1,0
Unvalidated,2024991455489,2024,991455489,1,9,0,18,3,7,0,0,0,0,0,0,1,1,6,1,18,4,-1,-1,-1,-1,-1,-1,-1,0
Unvalidated,2024991455489,2024,991455489,2,9,0,18,7,3,0,0,0,0,0,0,1,1,5,2,52,8,-1,-1,-1,-1,-1,-1,-1,0
Unvalidated,2024991455501,2024,991455501,1,9,0,18,7,3,0,2,0,0,0,0,4,1,2,1,49,8,-1,-1,-1,-1,1,1,-1,0
Unvalidated,2024991455501,2024,991455501,2,11,0,18,7,3,0,2,0,0,0,0,0,1,1,1,69,10,-1,-1,-1,-1,4,1,E01020824,0
Unvalidated,2024991455508,2024,991455508,1,9,0,16,5,1,0,1,0,0,0,0,1,1,2,2,26,6,-1,-1,-1,-1,9,1,-1,0
Unvalidated,2024991455508,2024,991455508,2,9,0,9,7,5,0,6,0,0,0,0,3,1,2,2,23,5,-1,-1,-1,-1,-1,-1,-1,0
Unvalidated,2024991455521,2024,991455521,1,5,0,9,1,7,0,6,1,0,0,0,3,1,5,1,68,10,-1,-1,-1,-1,4,1,E01025057,0
Unvalidated,2024991455521,2024,991455521,2,9,0,18,7,3,0,1,0,0,0,0,3,1,5,2,40,7,-1,-1,-1,-1,6,3,-1,0
Unvalidated,2024991455527,2024,991455527,1,9,0,18,7,3,0,0,2,0,1,4,1,1,2,2,31,6,-1,-1,-1,-1,1,1,-1,0
Unvalidated,2024991455599,2024,991455599,1,9,0,18,8,4,0,0,1,0,4,6,3,1,5,1,52,8,-1,-1,-1,-1,8,1,E01019154,0
Unvalidated,2024991455709,2024,991455709,1,8,0,11,7,4,0,1,0,0,0,0,4,1,1,1,66,10,-1,-1,-1,-1,6,1,-1,0
Unvalidated,2024991455709,2024,991455709,2,9,0,18,7,4,0,1,0,0,0,0,3,1,2,2,56,9,-1,-1,-1,-1,9,1,-1,0
Unvalidated,2024991455737,2024,991455737,1,9,0,7,5,8,0,1,0,0,0,0,1,1,5,2,32,6,-1,-1,-1,-1,4,1,-1,0
Unvalidated,2024991455737,2024,991455737,2,1,0,18,3,8,0,8,0,0,0,0,4,1,6,1,30,6,-1,-1,-1,-1,-1,-1,-1,0
Unvalidated,2024991455742,2024,991455742,1,9,0,18,8,4,0,0,1,0,0,0,4,1,6,1,40,7,-1,-1,-1,-1,7,3,-1,0
Unvalidated,2024991455742,2024,991455742,2,9,0,18,4,8,0,0,0,0,0,0,1,1,6,2,40,7,-1,-1,-1,-1,7,3,-1,0
Unvalidated,2024991455790,2024,991455790,1,9,0,18,8,3,0,1,0,0,0,0,1,1,5,1,18,4,-1,-1,-1,-1,1,1,-1,0
Unvalidated,2024991455804,2024,991455804,1,9,0,14,4,8,0,1,1,0,0,0,1,1,6,1,27,6,-1,-1,-1,-1,7,1,-1,0
Unvalidated,2024991455804,2024,991455804,2,19,0,5,8,4,0,1,0,0,0,0,3,1,1,1,26,6,-1,-1,-1,-1,2,2,-1,0
Unvalidated,2024991455813,2024,991455813,1,9,0,18,5,1,0,0,5,0,2,0,4,1,5,1,71,10,-1,-1,-1,-1,1,3,-1,0
Unvalidated,2024991455835,2024,991455835,1,9,0,18,7,3,0,0,1,0,1,0,1,1,5,1,36,7,-1,-1,-1,-1,-1,-1,-1,0
Unvalidated,2024991455835,2024,991455835,2,9,0,18,7,3,0,0,0,0,5,6,4,1,6,1,38,7,-1,-1,-1,-1,6,1,-1,0
Unvalidated,2024991455885,2024,991455885,1,9,0,9,8,6,0,6,0,0,5,1,1,1,5,2,75,10,-1,-1,-1,-1,10,1,-1,0
Unvalidated,2024991455908,2024,991455908,1,9,0,5,3,5,0,4,0,0,0,0,1,1,5,1,67,10,-1,-1,-1,-1,4,1,-1,0
Unvalidated,2024991455908,2024,991455908,2,9,0,3,3,7,0,4,0,0,0,0,2,1,5,1,40,7,-1,-1,-1,-1,3,1,-1,0
Unvalidated,2024991455940,2024,991455940,1,9,0,9,7,5,0,6,0,0,1,0,1,1,5,1,49,8,-1,-1,-1,-1,-1,-1,-1,0
Unvalidated,2024991455940,2024,991455940,2,90,1,18,5,1,0,1,0,0,7,0,1,1,1,1,58,9,-1,-1,-1,-1,8,3,-1,0
Unvalidated,2024991455947,2024,991455947,1,9,0,4,6,2,0,0,0,0,0,0,2,1,6,2,33,6,-1,-1,-1,-1,2,1,-1,0
Unvalidated,2024991455947,2024,991455947,2,9,0,18,6,2,0,0,0,0,0,0,1,1,6,1,41,7,-1,-1,-1,-1,-1,-1,-1,0
Unvalidated,2024991455948,2024,991455948,1,9,0,9,5,3,0,6,0,0,0,0,1,1,5,1,73,10,-1,-1,-1,-1,10,1,-1,0
Unvalidated,2024991455948,2024,991455948,2,19,0,18,3,7,0,1,0,0,0,0,1,1,1,1,55,8,-1,-1,-1,-1,1,1,-1,0
Unvalidated,2024991455979,2024,991455979,1,9,0,18,7,2,0,0,2,0,1,0,1,1,5,1,21,5,-1,-1,-1,-1,-1,-1,-1,0
Unvalidated,2024991455988,2024,991455988,1,9,0,18,7,3,0,3,2,9,1,2,1,1,5,1,32,6,-1,-1,-1,-1,7,3,-1,0
Unvalidated,2024991456000,2024,991456000,1,9,0,18,5,7,0,0,0,0,0,0,1,1,6,2,18,4,-1,-1,-1,-1,8,1,-1,0
Unvalidated,2024991456007,2024,991456007,1,8,0,18,4,8,0,0,5,7,0,0,1,1,1,1,46,8,-1,-1,-1,-1,3,1,-1,0
Unvalidated,2024991456011,2024,991456011,1,9,0,18,3,7,0,0,0,0,0,0,1,1,6,1,46,8,-1,-1,-1,-1,9,1,-1,0
Unvalidated,2024991456122,2024,991456122,1,1,0,18,5,1,0,2,0,0,0,0,3,1,5,1,32,6,-1,-1,-1,-1,10,1,-1,0
Unvalidated,2024991456122,2024,991456122,2,9,0,18,5,1,0,2,0,0,0,0,4,1,5,1,74,10,-1,-1,-1,-1,10,1,-1,0
Unvalidated,2024991456131,2024,991456131,1,1,0,18,3,7,0,1,5,0,0,0,1,1,5,1,6,2,-1,-1,-1,-1,4,1,-1,0
Unvalidated,2024991456131,2024,991456131,2,9,0,18,1,5,0,1,0,0,0,0,1,1,5,2,60,9,-1,-1,-1,-1,2,1,-1,0
Unvalidated,2024991456189,2024,991456189,1,8,0,9,5,3,0,5,0,0,0,0,4,1,5,1,57,9,-1,-1,-1,-1,2,1,-1,0
Unvalidated,2024991456189,2024,991456189,2,5,0,18,8,4,0,1,0,0,0,0,1,1,6,1,56,9,-1,-1,-1,-1,9,1,-1,0
Unvalidated,2024991456194,2024,991456194,1,9,0,18,5,1,0,1,1,0,0,0,1,1,5,1,36,7,-1,-1,-1,-1,4,2,-1,0
Unvalidated,2024991456194,2024,991456194,2,9,0,6,7,3,0,1,0,0,0,0,4,1,5,1,18,4,-1,-1,-1,-1,7,1,-1,0
Unvalidated,2024991456236,2024,991456236,1,9,0,18,6,2,0,0,5,0,2,0,1,1,5,2,83,11,-1,-1,-1,-1,9,1,-1,0
Unvalidated,2024991456237,2024,991456237,1,9,0,9,4,8,0,8,0,0,0,0,4,1,5,2,68,10,-1,-1,-1,-1,10,1,-1,0
Unvalidated,2024991456237,2024,991456237,2,9,0,18,8,5,0,1,1,0,0,0,1,1,5,2,28,6,-1,-1,-1,-1,9,3,-1,0
Unvalidated,2024991456244,2024,991456244,1,9,0,18,4,1,0,4,1,0,1,2,4,1,5,1,20,4,-1,-1,-1,-1,3,3,-1,0
Unvalidated,2024991456279,2024,991456279,1,9,0,18,4,8,0,1,0,0,0,0,1,1,5,1,21,5,-1,-1,-1,-1,9,1,-1,0
Unvalidated,2024991456279,2024,991456279,2,9,0,3,4,8,0,1,0,0,0,0,2,1,5,1,25,5,-1,-1,-1,-1,5,3,-1,0
Unvalidated,2024991456296,2024,991456296,1,9,0,18,3,7,0,0,0,0,0,0,1,1,5,2,35,6,-1,-1,-1,-1,3,1,-1,0
Unvalidated,2024991456308,2024,991456308,1,9,0,18,1,5,0,0,1,0,0,0,3,1,5,1,55,8,-1,-1,-1,-1,5,1,-1,0
Unvalidated,2024991456308,2024,991456308,2,9,0,18,5,1,0,0,1,0,0,0,3,1,5,1,23,5,-1,-1,-1,-1,4,3,-1,0
Unvalidated,2024991456352,2024,991456352,1,9,0,18,4,8,0,0,1,0,0,0,1,1,6,1,60,9,-1,-1,-1,-1,4,1,-1,0
Unvalidated,2024991456352,2024,991456352,2,9,0,18,4,8,0,0,0,0,1,0,2,1,6,2,18,4,-1,-1,-1,-1,-1,-1,-1,0
Unvalidated,2024991456371,2024,991456371,1,9,0,9,1,7,0,1,0,0,0,0,1,1,5,2,62,9,-1,-1,-1,-1,7,1,-1,0
Unvalidated,2024991456371,2024,991456371,2,9,0,18,3,7,0,1,0,0,0,0,1,1,6,1,29,6,-1,-1,-1,-1,7,1,-1,0
Unvalidated,2024991456389,2024,991456389,1,9,0,18,1,5,0,0,0,0,1,11,4,1,5,1,41,7,-1,-1,-1,-1,9,2,-1,0
Unvalidated,2024991456429,2024,991456429,1,3,0,17,8,4,0,0,0,0,0,0,3,1,5,1,17,4,-1,-1,-1,-1,6,2,-1,0
Unvalidated,2024991456429,2024,991456429,2,9,0,2,0,0,0,0,0,0,0,0,2,1,6,3,-1,-1,-1,-1,-1,-1,-1,-1,-1,0
Unvalidated,2024991456449,2024,991456449,1,98,0,18,2,7,0,0,0,0,0,0,1,1,1,1,24,5,-1,-1,-1,-1,-1,-1,-1,0
Unvalidated,2024991456482,2024,991456482,1,9,0,18,1,5,0,0,0,0,1,0,3,1,5,2,27,6,-1,-1,-1,-1,8,1,-1,0
Unvalidated,2024991456485,2024,991456485,1,9,0,18,2,7,0,0,0,0,0,0,1,1,2,2,26,6,-1,-1,-1,-1,5,1,-1,0
Unvalidated,2024991456498,2024,991456498,1,5,0,18,4,8,0,0,2,0,1,9,1,1,5,1,51,8,-1,-1,-1,-1,3,2,-1,0
Unvalidated,2024991456520,2024,991456520,1,9,0,5,5,2,0,6,0,0,0,0,1,1,5,2,39,7,-1,-1,-1,-1,2,1,-1,0
Unvalidated,2024991456520,2024,991456520,2,9,0,18,3,7,0,1,0,0,0,0,1,1,5,2,36,7,-1,-1,-1,-1,1,1,-1,0
Unvalidated,2024991456523,2024,991456523,1,9,0,18,8,4,0,0,0,0,7,11,1,2,6,2,18,4,-1,-1,-1,-1,5,2,-1,0
Unvalidated,2024991456539,2024,991456539,1,9,0,13,1,5,0,2,2,4,0,0,4,1,6,1,33,6,-1,-1,-1,-1,5,1,-1,0
Unvalidated,2024991456774,2024,991456774,1,9,0,18,2,5,0,0,0,0,0,0,3,1,5,1,78,11,-1,-1,-1,-1,3,3,-1,0
Unvalidated,2024991456774,2024,991456774,2,19,0,18,5,2,0,0,0,0,0,0,3,1,1,1,66,10,-1,-1,-1,-1,8,2,-1,0
Unvalidated,2024991456777,2024,991456777,1,9,0,18,1,6,0,8,2,0,3,0,1,1,5,1,23,5,-1,-1,-1,-1,2,1,-1,0
Unvalidated,2024991456838,2024,991456838,1,19,0,16,5,8,0,0,1,0,7,0,1,1,1,1,52,8,-1,-1,-1,-1,-1,-1,-1,0
Unvalidated,2024991456838,2024,991456838,2,19,0,17,1,5,0,0,0,0,0,0,1,1,1,1,62,9,-1,-1,-1,-1,7,3,-1,0
Unvalidated,2024991456877,2024,991456877,1,97,0,18,8,4,0,1,5,4,0,0,1,1,6,1,12,3,-1,-1,-1,-1,-1,-1,-1,0
Unvalidated,2024991456877,2024,991456877,2,9,0,2,0,0,0,2,0,0,0,0,4,1,6,3,-1,-1,-1,-1,-1,-1,-1,-1,-1,0
Unvalidated,2024991456880,2024,991456880,1,9,0,18,5,8,0,0,0,0,0,0,1,1,1,1,46,8,-1,-1,-1,-1,2,1,-1,0
Unvalidated,2024991456896,2024,991456896,1,1,0,18,6,2,0,0,1,0,0,0,1,1,2,1,58,9,-1,-1,-1,-1,1,1,-1,0
Unvalidated,2024991456907,2024,991456907,1,9,0,9,4,2,0,8,1,0,0,0,3,1,5,1,70,10,-1,-1,-1,-1,8,3,-1,0
Unvalidated,2024991456907,2024,991456907,2,9,0,18,2,6,0,8,1,0,0,0,1,1,5,2,34,6,-1,-1,-1,-1,6,3,-1,0
Unvalidated,2024991456936,2024,991456936,1,90,0,9,8,6,0,2,0,0,0,0,1,1,1,1,51,8,-1,-1,-1,-1,1,1,-1,0
Unvalidated,2024991456943,2024,991456943,1,21,1,18,6,2,0,4,0,9,8,1,1,1,1,1,50,8,-1,-1,-1,-1,9,1,-1,0
Unvalidated,2024991457006,2024,991457006,1,9,0,18,4,7,0,0,0,0,0,0,3,1,6,1,37,7,-1,-1,-1,-1,3,1,-1,0
Unvalidated,2024991457063,2024,991457063,1,19,0,18,7,3,0,1,0,0,0,0,1,1,1,1,34,6,-1,-1,-1,-1,6,3,-1,0
Unvalidated,2024991457063,2024,991457063,2,9,0,4,7,3,0,1,0,0,0,0,2,1,5,1,68,10,-1,-1,-1,-1,4,2,-1,0
Unvalidated,2024991457063,2024,991457063,3,19,0,4,7,3,0,1,0,0,0,0,2,1,5,1,76,11,-1,-1,-1,-1,3,1,E01019198,0
Unvalidated,2024991457063,2024,991457063,4,9,0,10,8,4,0,5,0,0,0,0,0,1,6,3,50,8,-1,-1,-1,-1,-1,-1,-1,0
Unvalidated,2024991457094,2024,991457094,1,9,0,18,4,8,0,4,0,0,0,0,3,1,6,2,54,8,-1,-1,-1,-1,7,3,-1,0
Unvalidated,2024991457094,2024,991457094,2,1,0,18,2,6,0,8,0,0,0,0,1,1,6,1,36,7,-1,-1,-1,-1,7,3,-1,0