status,collision_index,collision_year,collision_reference,vehicle_reference,vehicle_type,towing_and_articulation,vehicle_manoeuvre,vehicle_direction_from,vehicle_direction_to,vehicle_location_restricted_lane,junction_location,skidding_and_overturning,hit_object_in_carriageway,vehicle_leaving_carriageway,hit_object_off_carriageway,first_point_of_impact,vehicle_left_hand_drive,journey_purpose_of_driver,sex_of_driver,age_of_driver,age_band_of_driver,engine_capacity_cc,propulsion_code,age_of_vehicle,generic_make_model,driver_imd_decile,driver_home_area_type,lsoa_of_driver,escooter_flag
Unvalidated,2024991457164,2024,991457164,1,9,0,1,7,3,9,0,0,0,0,0,2,1,6,1,64,9,-1,-1,-1,-1,9,1,-1,0
Unvalidated,2024991457204,2024,991457204,1,9,0,9,8,6,0,8,0,0,0,0,4,1,6,3,50,8,-1,-1,-1,-1,-1,-1,-1,0
Unvalidated,2024991457204,2024,991457204,2,1,0,18,2,6,0,8,2,0,0,0,3,1,5,1,63,9,-1,-1,-1,-1,9,2,E01020666,0
Unvalidated,2024991457207,2024,991457207,1,90,0,18,3,5,0,0,0,0,0,0,1,1,5,1,14,3,-1,-1,-1,-1,-1,-1,-1,1
Unvalidated,2024991457207,2024,991457207,2,9,0,18,3,7,0,0,0,0,0,0,4,1,2,2,59,9,-1,-1,-1,-1,6,3,-1,0
Unvalidated,2024991457217,2024,991457217,1,20,0,18,5,1,0,0,0,0,1,4,1,1,6,1,32,6,-1,-1,-1,-1,-1,-1,-1,0
Unvalidated,2024991457255,2024,991457255,1,9,0,4,3,7,0,8,0,0,0,0,0,1,5,1,54,8,-1,-1,-1,-1,-1,-1,-1,0
Unvalidated,2024991457255,2024,991457255,2,11,0,9,3,1,0,8,0,0,0,0,0,1,1,1,45,7,-1,-1,-1,-1,2,1,-1,0
Unvalidated,2024991457298,2024,991457298,1,9,0,9,1,6,0,0,0,0,0,0,1,1,2,1,22,5,-1,-1,-1,-1,2,1,-1,0
Unvalidated,2024991457298,2024,991457298,2,9,0,9,1,6,0,0,0,0,0,0,2,1,2,1,34,6,-1,-1,-1,-1,3,1,-1,0
Unvalidated,2024991457306,2024,991457306,1,9,0,9,5,2,0,2,0,0,0,0,1,1,1,2,47,8,-1,-1,-1,-1,-1,-1,-1,0
Unvalidated,2024991457332,2024,991457332,1,5,0,7,4,7,0,6,1,0,0,0,3,1,5,1,55,8,-1,-1,-1,-1,3,3,-1,0
Unvalidated,2024991457332,2024,991457332,2,9,0,11,4,7,0,1,0,0,0,0,1,1,6,2,30,6,-1,-1,-1,-1,9,1,-1,0
Unvalidated,2024991457341,2024,991457341,1,19,0,18,7,3,0,1,0,0,0,0,3,1,1,1,35,6,-1,-1,-1,-1,-1,-1,-1,0
Unvalidated,2024991457341,2024,991457341,2,9,0,18,7,3,0,1,0,0,0,0,2,1,5,1,57,9,-1,-1,-1,-1,-1,-1,-1,0
Unvalidated,2024991457344,2024,991457344,1,9,0,18,3,7,0,1,0,0,1,0,1,1,2,2,21,5,-1,-1,-1,-1,-1,-1,-1,0
Unvalidated,2024991457344,2024,991457344,2,9,0,4,3,7,0,1,0,0,0,0,2,1,2,1,45,7,-1,-1,-1,-1,-1,-1,-1,0
Unvalidated,2024991457344,2024,991457344,3,9,0,3,3,7,0,1,0,0,0,0,2,1,2,1,43,7,-1,-1,-1,-1,9,2,-1,0
Unvalidated,2024991457367,2024,991457367,1,8,0,17,7,3,0,0,2,0,1,8,4,1,5,2,25,5,-1,-1,-1,-1,6,3,-1,0
Unvalidated,2024991457386,2024,991457386,1,9,0,5,7,1,0,2,0,0,0,0,2,1,6,3,-1,-1,-1,-1,-1,-1,-1,-1,-1,0
Unvalidated,2024991457396,2024,991457396,1,9,0,1,7,3,9,0,0,0,0,0,2,1,6,2,40,7,-1,-1,-1,-1,8,1,-1,0
Unvalidated,2024991457559,2024,991457559,1,9,0,18,5,8,0,0,1,0,0,0,1,1,5,1,25,5,-1,-1,-1,-1,10,2,-1,0
Unvalidated,2024991457559,2024,991457559,2,9,0,18,1,5,0,0,0,0,7,0,1,1,2,2,29,6,-1,-1,-1,-1,8,2,-1,0
Unvalidated,2024991457647,2024,991457647,1,9,0,18,7,3,0,1,0,0,0,0,1,1,5,1,34,6,-1,-1,-1,-1,-1,-1,-1,0
Unvalidated,2024991457719,2024,991457719,1,3,0,17,6,2,0,0,0,0,0,0,1,1,6,1,17,4,-1,-1,-1,-1,2,1,-1,0
Unvalidated,2024991457758,2024,991457758,1,9,0,14,6,2,0,0,0,0,0,0,1,1,5,2,65,9,-1,-1,-1,-1,5,1,-1,0
Unvalidated,2024991457765,2024,991457765,1,9,0,18,3,7,0,0,0,0,0,0,1,1,6,2,85,11,-1,-1,-1,-1,3,1,-1,0
Unvalidated,2024991457771,2024,991457771,1,9,0,17,1,5,0,1,5,0,1,11,3,1,2,1,52,8,-1,-1,-1,-1,2,1,-1,0
Unvalidated,2024991457819,2024,991457819,1,9,0,18,3,7,0,2,0,0,0,0,3,1,6,2,74,10,-1,-1,-1,-1,7,3,-1,0
Unvalidated,2024991457926,2024,991457926,1,19,0,18,7,3,0,0,0,0,0,0,1,1,2,1,47,8,-1,-1,-1,-1,5,1,-1,0
Unvalidated,2024991457926,2024,991457926,2,9,0,18,7,3,0,0,1,11,5,6,2,1,2,1,41,7,-1,-1,-1,-1,-1,-1,-1,0
Unvalidated,2024991457926,2024,991457926,3,9,0,18,7,3,0,0,0,11,5,6,2,1,5,1,51,8,-1,-1,-1,-1,9,3,-1,0
Unvalidated,2024991457943,2024,991457943,1,9,0,8,5,7,0,6,0,0,0,0,1,1,5,1,46,8,-1,-1,-1,-1,9,1,-1,0
Unvalidated,2024991457943,2024,991457943,2,1,0,18,3,7,0,8,0,0,0,0,4,1,2,1,30,6,-1,-1,-1,-1,-1,-1,-1,0
Unvalidated,2024991457994,2024,991457994,1,19,0,5,3,7,0,4,0,0,0,0,1,1,1,1,50,8,-1,-1,-1,-1,1,3,-1,0
Unvalidated,2024991457994,2024,991457994,2,9,0,3,7,3,0,4,0,0,0,0,2,1,5,2,32,6,-1,-1,-1,-1,2,2,-1,0
Unvalidated,2024991457998,2024,991457998,1,9,0,18,2,6,0,1,0,0,0,0,1,1,6,1,46,8,-1,-1,-1,-1,10,3,-1,0
Unvalidated,2024991458010,2024,991458010,1,9,0,16,3,6,0,1,0,0,0,0,1,1,1,2,34,6,-1,-1,-1,-1,7,3,-1,0
Unvalidated,2024991458010,2024,991458010,2,9,0,7,6,2,0,1,0,0,0,0,3,1,1,1,61,9,-1,-1,-1,-1,8,3,-1,0
Unvalidated,2024991458014,2024,991458014,1,9,0,18,2,6,0,0,0,0,0,0,1,1,5,2,35,6,-1,-1,-1,-1,-1,3,-1,0
Unvalidated,2024991458014,2024,991458014,2,9,0,18,2,6,0,0,0,0,0,0,1,1,5,2,51,8,-1,-1,-1,-1,6,1,-1,0
Unvalidated,2024991458014,2024,991458014,3,9,0,18,2,6,0,0,0,0,0,0,2,1,5,2,25,5,-1,-1,-1,-1,5,3,-1,0
Unvalidated,2024991458092,2024,991458092,1,9,0,18,4,8,0,0,0,0,0,0,1,1,5,1,49,8,-1,-1,-1,-1,5,3,-1,0
Unvalidated,2024991458092,2024,991458092,2,9,0,18,8,4,0,0,1,0,0,0,3,1,5,1,62,9,-1,-1,-1,-1,4,2,-1,0
Unvalidated,2024991458092,2024,991458092,3,9,0,18,8,4,0,0,0,0,1,0,1,1,5,2,44,7,-1,-1,-1,-1,4,1,-1,0
Unvalidated,2024991458114,2024,991458114,1,4,0,18,5,1,0,4,2,7,1,2,1,1,5,1,54,8,-1,-1,-1,-1,4,2,E01019202,0
Unvalidated,2024991458140,2024,991458140,1,9,0,18,6,2,0,3,0,0,0,0,1,1,6,2,23,5,-1,-1,-1,-1,9,1,-1,0
Unvalidated,2024991458140,2024,991458140,2,9,0,9,4,2,0,3,0,0,0,0,4,1,6,1,30,6,-1,-1,-1,-1,1,1,-1,0
Unvalidated,2024991458148,2024,991458148,1,9,0,18,1,4,0,0,5,4,0,0,1,1,5,1,80,11,-1,-1,-1,-1,9,2,-1,0
Unvalidated,2024991458148,2024,991458148,2,9,0,2,0,0,0,0,0,4,0,0,2,1,6,3,-1,-1,-1,-1,-1,-1,-1,-1,-1,0
Unvalidated,2024991458148,2024,991458148,3,9,0,2,0,0,0,0,0,4,0,0,2,1,6,3,-1,-1,-1,-1,-1,-1,-1,-1,-1,0
Unvalidated,2024991458148,2024,991458148,4,9,0,2,0,0,0,0,0,0,0,0,2,1,6,3,-1,-1,-1,-1,-1,-1,-1,-1,-1,0
Unvalidated,2024991458150,2024,991458150,1,11,0,5,5,1,0,8,0,0,0,0,1,1,1,1,45,7,-1,-1,-1,-1,-1,-1,-1,0
Unvalidated,2024991458150,2024,991458150,2,3,0,5,5,1,0,8,5,0,0,0,2,1,2,1,20,4,-1,-1,-1,-1,10,1,-1,0
Unvalidated,2024991458176,2024,991458176,1,9,0,9,1,7,0,5,0,0,1,0,4,1,5,1,52,8,-1,-1,-1,-1,-1,-1,-1,0
Unvalidated,2024991458176,2024,991458176,2,19,0,18,5,1,0,2,0,0,0,0,1,1,1,1,44,7,-1,-1,-1,-1,4,1,E01025525,0
Unvalidated,2024991458206,2024,991458206,1,9,0,18,7,3,0,0,5,4,0,0,1,1,6,2,22,5,-1,-1,-1,-1,2,1,-1,0
Unvalidated,2024991458215,2024,991458215,1,4,0,18,5,2,0,4,0,9,0,0,1,1,6,1,37,7,-1,-1,-1,-1,-1,-1,-1,0
Unvalidated,2024991458216,2024,991458216,1,97,0,18,8,5,0,0,0,0,0,0,1,1,5,1,30,6,-1,-1,-1,-1,-1,-1,-1,0
Unvalidated,2024991458390,2024,991458390,1,9,0,18,7,3,0,0,0,0,0,0,1,1,5,1,66,10,-1,-1,-1,-1,8,1,-1,0
Unvalidated,2024991458401,2024,991458401,1,11,0,4,2,6,0,0,0,0,0,0,0,1,1,1,37,7,-1,-1,-1,-1,2,2,-1,0
Unvalidated,2024991458406,2024,991458406,1,9,0,18,5,1,0,0,0,0,0,0,1,1,5,1,56,9,-1,-1,-1,-1,3,1,-1,0
Unvalidated,2024991458406,2024,991458406,2,9,0,18,1,5,0,0,0,0,0,0,1,1,6,2,81,11,-1,-1,-1,-1,-1,-1,-1,0
Unvalidated,2024991458461,2024,991458461,1,9,0,16,8,4,0,0,0,0,7,7,1,1,5,2,23,5,-1,-1,-1,-1,4,3,-1,0
Unvalidated,2024991458462,2024,991458462,1,9,0,18,3,7,0,8,0,0,0,0,1,1,6,1,19,4,-1,-1,-1,-1,9,1,-1,0
Unvalidated,2024991458462,2024,991458462,2,1,0,18,1,5,0,8,2,0,0,0,2,1,6,2,49,8,-1,-1,-1,-1,4,1,-1,0
Unvalidated,2024991458477,2024,991458477,1,11,0,18,5,1,0,1,0,0,0,0,1,1,2,1,47,8,-1,-1,-1,-1,1,1,-1,0
Unvalidated,2024991458477,2024,991458477,2,9,0,4,5,1,0,2,0,0,0,0,2,1,6,1,33,6,-1,-1,-1,-1,9,1,-1,0
Unvalidated,2024991458491,2024,991458491,1,90,0,18,5,1,0,3,0,0,0,0,4,1,6,1,51,8,-1,-1,-1,-1,-1,-1,-1,1
Unvalidated,2024991458491,2024,991458491,2,9,0,18,7,3,0,4,0,0,0,0,1,1,6,2,33,6,-1,-1,-1,-1,-1,-1,-1,0
Unvalidated,2024991458496,2024,991458496,1,5,0,7,1,5,0,0,2,0,0,0,1,1,5,1,44,7,-1,-1,-1,-1,3,1,-1,0
Unvalidated,2024991458496,2024,991458496,2,21,1,18,5,1,0,0,0,0,0,0,3,1,1,1,47,8,-1,-1,-1,-1,8,3,-1,0
Unvalidated,2024991458512,2024,991458512,1,1,0,18,5,1,0,1,5,0,0,0,1,1,6,1,19,4,-1,-1,-1,-1,-1,-1,-1,0
Unvalidated,2024991458542,2024,991458542,1,20,0,12,3,7,0,0,0,0,0,0,1,1,6,1,26,6,-1,-1,-1,-1,5,3,-1,0
Unvalidated,2024991458542,2024,991458542,2,19,0,18,7,3,0,0,0,0,0,0,1,1,2,1,36,7,-1,-1,-1,-1,-1,-1,-1,0
Unvalidated,2024991458557,2024,991458557,1,8,0,18,3,7,0,0,0,0,0,0,1,1,1,1,48,8,-1,-1,-1,-1,-1,-1,-1,0
Unvalidated,2024991458557,2024,991458557,2,9,0,10,3,1,0,0,0,0,0,0,2,1,6,1,77,11,-1,-1,-1,-1,10,1,-1,0
Unvalidated,2024991458562,2024,991458562,1,8,0,9,6,2,0,1,0,0,0,0,1,1,1,1,55,8,-1,-1,-1,-1,1,1,-1,0
Unvalidated,2024991458584,2024,991458584,1,9,0,18,6,1,0,1,0,4,1,0,1,1,5,1,30,6,-1,-1,-1,-1,7,1,E01007084,0
Unvalidated,2024991458584,2024,991458584,2,9,0,10,7,5,0,5,0,0,0,0,3,1,5,1,18,4,-1,-1,-1,-1,9,3,-1,0
Unvalidated,2024991458592,2024,991458592,1,19,0,11,3,7,0,0,0,0,0,0,1,1,1,1,22,5,-1,-1,-1,-1,5,1,-1,0
Unvalidated,2024991458592,2024,991458592,2,19,0,4,3,7,0,0,0,0,0,0,2,1,2,1,65,9,-1,-1,-1,-1,5,3,-1,0
Unvalidated,2024991458603,2024,991458603,1,21,4,18,6,1,0,0,0,0,0,0,2,1,6,1,25,5,-1,-1,-1,-1,-1,-1,-1,0
Unvalidated,2024991458603,2024,991458603,2,9,0,18,2,6,0,0,1,0,8,6,1,1,6,1,22,5,-1,-1,-1,-1,-1,-1,-1,0
Unvalidated,2024991458704,2024,991458704,1,9,0,18,6,2,0,0,5,4,0,0,1,1,6,2,33,6,-1,-1,-1,-1,-1,-1,-1,0
Unvalidated,2024991458704,2024,991458704,2,9,0,2,0,0,0,0,0,0,0,0,3,1,6,3,-1,-1,-1,-1,-1,-1,-1,-1,-1,0
Unvalidated,2024991458749,2024,991458749,1,9,0,17,1,5,0,0,0,0,1,4,1,1,5,2,33,6,-1,-1,-1,-1,-1,-1,-1,0
Unvalidated,2024991458762,2024,991458762,1,9,0,17,8,4,0,2,0,0,0,0,1,1,6,2,35,6,-1,-1,-1,-1,1,1,-1,0
Unvalidated,2024991458767,2024,991458767,1,5,0,18,3,8,0,0,5,0,7,9,1,1,5,1,35,6,-1,-1,-1,-1,8,3,-1,0
Unvalidated,2024991458798,2024,991458798,1,9,0,18,3,7,0,1,2,0,0,0,4,1,5,1,81,11,-1,-1,-1,-1,4,3,-1,0
Unvalidated,2024991458798,2024,991458798,2,9,0,9,5,1,0,8,1,0,0,0,1,1,5,2,88,11,-1,-1,-1,-1,8,1,-1,0
Unvalidated,2024991458813,2024,991458813,1,9,0,18,4,7,0,0,0,0,0,0,4,1,5,2,24,5,-1,-1,-1,-1,4,1,-1,0
Unvalidated,2024991458825,2024,991458825,1,9,0,10,2,8,0,5,1,7,0,0,4,1,5,1,83,11,-1,-1,-1,-1,7,3,-1,0
Unvalidated,2024991458825,2024,991458825,2,9,0,18,6,2,0,1,1,0,0,0,1,1,5,2,34,6,-1,-1,-1,-1,8,3,-1,0
Unvalidated,2024991458899,2024,991458899,1,9,0,5,5,1,0,1,5,4,0,0,1,1,6,1,28,6,-1,-1,-1,-1,2,1,-1,0
Unvalidated,2024991458899,2024,991458899,2,9,0,2,0,0,0,1,0,0,0,0,3,1,6,3,-1,-1,-1,-1,-1,-1,-1,-1,-1,0
Unvalidated,2024991458899,2024,991458899,3,90,0,2,0,0,0,1,0,0,0,0,2,1,6,3,-1,-1,-1,-1,-1,-1,-1,-1,-1,0
Unvalidated,2024991458913,2024,991458913,1,9,0,18,6,2,0,1,0,0,0,0,4,1,5,1,43,7,-1,-1,-1,-1,4,1,-1,0
Unvalidated,2024991458913,2024,991458913,2,9,0,18,8,4,0,1,0,11,0,0,1,1,6,1,52,8,-1,-1,-1,-1,9,1,-1,0
Unvalidated,2024991458914,2024,991458914,1,9,0,18,5,1,0,8,0,0,0,0,1,1,5,1,50,8,-1,-1,-1,-1,-1,-1,-1,0
Unvalidated,2024991459034,2024,991459034,1,5,0,13,4,1,0,1,0,0,0,0,1,1,5,1,60,9,-1,-1,-1,-1,2,1,-1,0
Unvalidated,2024991459034,2024,991459034,2,9,0,9,5,2,0,8,0,0,0,0,2,1,5,2,37,7,-1,-1,-1,-1,-1,-1,-1,0
Unvalidated,2024991459036,2024,991459036,1,8,0,5,5,1,0,0,0,0,0,0,0,1,1,1,22,5,-1,-1,-1,-1,2,1,-1,0
Unvalidated,2024991459039,2024,991459039,1,3,0,18,7,3,0,0,1,0,0,0,4,1,5,1,60,9,-1,-1,-1,-1,1,1,-1,0
Unvalidated,2024991459086,2024,991459086,1,5,0,18,2,6,0,0,1,0,7,0,3,1,6,1,22,5,-1,-1,-1,-1,5,3,-1,0
Unvalidated,2024991459090,2024,991459090,1,5,0,18,6,3,0,8,0,0,1,1,1,1,6,1,54,8,-1,-1,-1,-1,1,1,E01008304,0
Unvalidated,2024991459093,2024,991459093,1,9,0,18,8,4,0,0,0,0,0,0,1,1,5,2,50,8,-1,-1,-1,-1,-1,-1,-1,0
Unvalidated,2024991459093,2024,991459093,2,97,0,18,4,8,0,0,0,0,0,0,1,1,5,1,63,9,-1,-1,-1,-1,-1,-1,-1,0
Unvalidated,2024991459093,2024,991459093,3,97,0,18,4,8,0,0,0,0,1,0,0,1,5,1,29,6,-1,-1,-1,-1,3,3,E01026652,0
Unvalidated,2024991459097,2024,991459097,1,9,0,16,7,3,0,0,0,4,0,0,1,1,6,2,22,5,-1,-1,-1,-1,1,1,-1,0
Unvalidated,2024991459097,2024,991459097,2,9,0,2,0,0,0,0,0,0,0,0,3,1,6,3,-1,-1,-1,-1,-1,-1,-1,-1,-1,0
Unvalidated,2024991459097,2024,991459097,3,9,0,2,0,0,0,0,0,0,0,0,2,1,6,3,-1,-1,-1,-1,-1,-1,-1,-1,-1,0
Unvalidated,2024991459114,2024,991459114,1,1,0,11,2,5,0,0,0,0,0,0,2,1,6,1,65,9,-1,-1,-1,-1,1,1,-1,0
Unvalidated,2024991459114,2024,991459114,2,8,0,18,2,5,0,0,0,0,0,0,1,1,1,1,60,9,-1,-1,-1,-1,1,1,-1,0
Unvalidated,2024991459119,2024,991459119,1,1,0,18,8,4,0,0,0,0,0,0,2,1,5,1,68,10,-1,-1,-1,-1,3,1,-1,0
Unvalidated,2024991459119,2024,991459119,2,9,0,18,8,4,0,0,0,0,0,0,1,1,5,1,20,4,-1,-1,-1,-1,2,1,-1,0
Unvalidated,2024991459120,2024,991459120,1,5,0,18,6,2,0,0,0,0,7,9,2,1,5,1,60,9,-1,-1,-1,-1,3,1,-1,0
Unvalidated,2024991459123,2024,991459123,1,5,0,18,1,6,0,0,0,0,1,11,4,1,5,1,30,6,-1,-1,-1,-1,4,3,-1,0
Unvalidated,2024991459132,2024,991459132,1,9,0,18,1,6,0,6,0,0,0,0,1,1,6,1,31,6,-1,-1,-1,-1,1,1,-1,0
Unvalidated,2024991459132,2024,991459132,2,90,0,18,6,2,0,8,0,0,0,0,1,1,1,2,24,5,-1,-1,-1,-1,2,1,-1,0
Unvalidated,2024991459142,2024,991459142,1,9,0,18,1,5,0,1,0,0,0,0,1,1,6,1,58,9,-1,-1,-1,-1,6,1,-1,0
Unvalidated,2024991459142,2024,991459142,2,9,0,3,1,5,0,4,0,0,0,0,2,1,5,1,44,7,-1,-1,-1,-1,9,3,-1,0
Unvalidated,2024991459157,2024,991459157,1,17,0,7,5,8,0,1,0,0,0,0,1,1,6,1,-1,-1,-1,-1,-1,-1,-1,-1,-1,0
Unvalidated,2024991459175,2024,991459175,1,8,0,18,6,2,0,0,0,0,0,0,1,1,1,1,51,8,-1,-1,-1,-1,2,1,-1,0
Unvalidated,2024991459262,2024,991459262,1,8,0,5,1,5,0,0,0,0,0,0,3,1,1,1,83,11,-1,-1,-1,-1,-1,-1,-1,0
Unvalidated,2024991459262,2024,991459262,2,1,0,18,1,5,0,0,5,0,0,0,1,1,5,1,22,5,-1,-1,-1,-1,-1,-1,-1,0
Unvalidated,2024991459363,2024,991459363,1,9,0,18,1,5,0,0,5,4,0,0,4,1,5,1,82,11,-1,-1,-1,-1,10,1,-1,0
Unvalidated,2024991459363,2024,991459363,2,9,0,2,1,5,0,0,0,0,0,0,3,1,6,3,-1,-1,-1,-1,-1,-1,-1,-1,-1,0
Unvalidated,2024991459391,2024,991459391,1,98,0,18,6,2,0,0,0,0,0,0,1,1,1,1,54,8,-1,-1,-1,-1,-1,-1,-1,0
Unvalidated,2024991459391,2024,991459391,2,90,1,18,6,2,0,0,0,0,0,0,3,1,1,1,63,9,-1,-1,-1,-1,9,1,-1,0
Unvalidated,2024991459422,2024,991459422,1,9,0,18,6,2,0,0,0,0,0,0,1,1,6,1,92,11,-1,-1,-1,-1,10,1,-1,0
Unvalidated,2024991459422,2024,991459422,2,9,0,10,6,3,0,0,0,4,0,0,2,1,6,2,45,7,-1,-1,-1,-1,6,1,-1,0
Unvalidated,2024991459422,2024,991459422,3,9,0,10,6,3,0,0,0,0,0,0,2,1,6,2,47,8,-1,-1,-1,-1,4,1,-1,0
Unvalidated,2024991459472,2024,991459472,1,5,0,18,5,8,0,0,0,0,0,0,1,1,5,1,50,8,-1,-1,-1,-1,4,2,E01020041,0
Unvalidated,2024991459472,2024,991459472,2,90,0,18,8,5,0,0,0,0,0,0,1,1,5,1,53,8,-1,-1,-1,-1,-1,-1,-1,0
Unvalidated,2024991459514,2024,991459514,1,9,0,18,4,8,0,0,0,0,0,0,3,1,2,2,65,9,-1,-1,-1,-1,8,3,-1,0
Unvalidated,2024991459514,2024,991459514,2,98,0,18,8,4,0,0,0,0,0,0,4,1,1,1,65,9,-1,-1,-1,-1,-1,-1,-1,0
Unvalidated,2024991459519,2024,991459519,1,9,0,7,5,1,0,8,0,0,1,0,1,1,5,1,33,6,-1,-1,-1,-1,-1,-1,-1,0
Unvalidated,2024991459519,2024,991459519,2,9,0,18,1,5,0,1,5,0,0,0,1,1,5,2,21,5,-1,-1,-1,-1,2,1,-1,0
Unvalidated,2024991459519,2024,991459519,3,9,0,8,3,5,0,6,0,0,0,0,1,1,6,1,27,6,-1,-1,-1,-1,4,3,-1,0
Unvalidated,2024991459559,2024,991459559,1,9,0,18,6,2,0,0,0,0,0,0,1,1,2,2,60,9,-1,-1,-1,-1,5,3,-1,0
Unvalidated,2024991459559,2024,991459559,2,11,0,18,2,6,0,0,0,0,1,3,1,1,1,1,59,9,-1,-1,-1,-1,3,1,-1,0
Unvalidated,2024991459569,2024,991459569,1,9,0,1,5,1,0,0,0,0,0,0,0,1,6,3,40,7,-1,-1,-1,-1,-1,-1,-1,0
Unvalidated,2024991459569,2024,991459569,2,5,0,18,3,7,0,0,2,0,1,0,0,1,6,1,47,8,-1,-1,-1,-1,8,3,-1,0
Unvalidated,2024991459577,2024,991459577,1,9,0,12,7,3,0,0,0,0,0,0,3,1,5,1,51,8,-1,-1,-1,-1,6,1,-1,0
Unvalidated,2024991459577,2024,991459577,2,9,0,18,7,3,0,0,5,0,0,0,4,1,1,2,64,9,-1,-1,-1,-1,5,1,-1,0
Unvalidated,2024991459577,2024,991459577,3,9,0,2,0,0,0,0,0,0,1,0,3,1,6,3,-1,-1,-1,-1,-1,-1,-1,-1,-1,0
Unvalidated,2024991459577,2024,991459577,4,9,0,3,7,3,0,0,0,0,0,0,4,1,6,1,39,7,-1,-1,-1,-1,-1,-1,-1,0
Unvalidated,2024991459590,2024,991459590,1,11,0,18,8,4,9,1,0,0,7,10,1,1,1,1,54,8,-1,-1,-1,-1,2,1,-1,0
Unvalidated,2024991459600,2024,991459600,1,9,0,9,3,1,0,0,0,0,0,0,3,1,2,1,30,6,-1,-1,-1,-1,4,1,-1,0
Unvalidated,2024991459600,2024,991459600,2,9,0,13,7,3,0,0,0,0,0,0,1,1,2,2,55,8,-1,-1,-1,-1,9,1,-1,0
Unvalidated,2024991459634,2024,991459634,1,19,0,18,1,5,0,1,0,0,0,0,1,1,1,3,22,5,-1,-1,-1,-1,10,2,-1,0
Unvalidated,2024991459852,2024,991459852,1,9,0,18,5,1,0,1,0,0,0,0,3,2,6,2,23,5,-1,-1,-1,-1,2,1,-1,0
Unvalidated,2024991459852,2024,991459852,2,9,0,5,3,7,0,6,0,0,0,0,1,2,1,2,66,10,-1,-1,-1,-1,9,1,-1,0
Unvalidated,2024991459871,2024,991459871,1,9,0,3,5,1,0,0,0,0,0,0,1,2,6,2,30,6,-1,-1,-1,-1,-1,-1,-1,0
Unvalidated,2024991459871,2024,991459871,2,9,0,3,5,1,0,0,0,0,0,0,2,2,6,1,45,7,-1,-1,-1,-1,-1,-1,-1,0
Unvalidated,2024991459917,2024,991459917,1,2,0,18,1,5,9,0,0,0,0,0,0,1,6,1,17,4,-1,-1,-1,-1,-1,-1,-1,0
Unvalidated,2024991459917,2024,991459917,2,9,0,18,1,5,0,0,0,0,0,0,4,1,6,2,36,7,-1,-1,-1,-1,7,3,-1,0
Unvalidated,2024991459955,2024,991459955,1,9,0,18,8,4,0,1,0,0,0,0,1,1,6,1,63,9,-1,-1,-1,-1,1,3,-1,0
Unvalidated,2024991459955,2024,991459955,2,9,0,5,2,8,0,6,0,0,0,0,3,1,6,1,82,11,-1,-1,-1,-1,2,1,-1,0
Unvalidated,2024991459965,2024,991459965,1,9,0,4,7,3,9,0,0,0,0,0,1,1,5,2,77,11,-1,-1,-1,-1,10,2,-1,0
Unvalidated,2024991459965,2024,991459965,2,19,0,2,0,0,0,0,0,0,0,0,2,1,6,3,-1,-1,-1,-1,-1,-1,-1,-1,-1,0
Unvalidated,2024991459974,2024,991459974,1,8,0,5,3,6,0,6,0,0,0,0,4,1,6,1,41,7,-1,-1,-1,-1,3,1,-1,0
Unvalidated,2024991459974,2024,991459974,2,1,0,18,2,6,0,8,0,0,0,0,4,1,2,2,45,7,-1,-1,-1,-1,8,1,-1,0
Unvalidated,2024991460071,2024,991460071,1,9,0,5,5,7,0,4,0,0,1,0,1,1,5,1,48,8,-1,-1,-1,-1,1,1,-1,0
Unvalidated,2024991460071,2024,991460071,2,9,0,5,3,7,0,4,0,0,1,0,1,1,2,1,33,6,-1,-1,-1,-1,2,1,-1,0
Unvalidated,2024991460088,2024,991460088,1,9,0,6,7,7,0,0,0,0,0,0,3,1,6,2,40,7,-1,-1,-1,-1,-1,-1,-1,0
Unvalidated,2024991460088,2024,991460088,2,19,0,18,7,3,0,0,0,0,0,0,1,1,6,1,30,6,-1,-1,-1,-1,-1,-1,-1,0
Unvalidated,2024991460150,2024,991460150,1,9,0,17,1,5,0,0,0,0,0,0,3,1,6,1,40,7,-1,-1,-1,-1,7,1,-1,0
Unvalidated,2024991460150,2024,991460150,2,9,0,16,5,1,0,0,0,0,0,0,3,1,6,2,42,7,-1,-1,-1,-1,10,2,-1,0
Unvalidated,2024991460156,2024,991460156,1,19,-1,18,7,3,0,8,0,0,0,0,4,1,6,1,-1,-1,-1,-1,-1,-1,-1,-1,-1,0
Unvalidated,2024991460156,2024,991460156,2,1,0,18,3,7,0,8,0,0,0,0,1,1,5,1,54,8,-1,-1,-1,-1,6,2,-1,0
Unvalidated,2024991460164,2024,991460164,1,9,0,18,4,6,0,0,0,0,7,0,3,1,5,2,47,8,-1,-1,-1,-1,3,1,-1,0
Unvalidated,2024991460164,2024,991460164,2,9,0,18,6,4,0,0,0,0,0,0,4,1,5,1,63,9,-1,-1,-1,-1,9,1,-1,0
Unvalidated,2024991460191,2024,991460191,1,9,0,8,5,1,0,3,0,0,1,0,1,1,6,1,51,8,-1,-1,-1,-1,-1,-1,-1,0
Unvalidated,2024991460199,2024,991460199,1,9,0,18,5,1,0,0,2,0,1,0,1,1,5,1,19,4,-1,-1,-1,-1,-1,-1,-1,0
Unvalidated,2024991460327,2024,991460327,1,9,0,18,3,7,0,0,0,0,0,0,1,1,2,1,51,8,-1,-1,-1,-1,3,1,-1,0
Unvalidated,2024991460462,2024,991460462,1,19,0,5,1,1,0,4,0,0,0,0,1,1,6,1,45,7,-1,-1,-1,-1,4,1,-1,0
Unvalidated,2024991460462,2024,991460462,2,9,0,5,1,1,0,4,0,0,0,0,2,1,6,2,22,5,-1,-1,-1,-1,6,2,-1,0
Unvalidated,2024991460484,2024,991460484,1,9,0,18,8,4,0,8,0,0,0,0,4,1,5,2,82,11,-1,-1,-1,-1,4,3,-1,0
Unvalidated,2024991460484,2024,991460484,2,9,0,18,2,6,0,1,0,0,0,0,1,1,6,2,35,6,-1,-1,-1,-1,5,2,-1,0