status,collision_index,collision_year,collision_reference,vehicle_reference,vehicle_type,towing_and_articulation,vehicle_manoeuvre,vehicle_direction_from,vehicle_direction_to,vehicle_location_restricted_lane,junction_location,skidding_and_overturning,hit_object_in_carriageway,vehicle_leaving_carriageway,hit_object_off_carriageway,first_point_of_impact,vehicle_left_hand_drive,journey_purpose_of_driver,sex_of_driver,age_of_driver,age_band_of_driver,engine_capacity_cc,propulsion_code,age_of_vehicle,generic_make_model,driver_imd_decile,driver_home_area_type,lsoa_of_driver,escooter_flag
Unvalidated,2024991460498,2024,991460498,1,17,4,18,1,5,0,0,0,0,0,0,0,1,1,1,17,4,-1,-1,-1,-1,-1,-1,-1,0
Unvalidated,2024991460498,2024,991460498,2,16,0,18,5,1,0,0,0,0,0,0,0,1,5,2,20,4,-1,-1,-1,-1,5,3,-1,0
Unvalidated,2024991460511,2024,991460511,1,9,0,18,8,4,0,0,1,0,8,4,1,1,6,2,20,4,-1,-1,-1,-1,10,1,-1,0
Unvalidated,2024991460613,2024,991460613,1,9,0,18,1,5,0,0,1,0,7,0,1,1,5,2,30,6,-1,-1,-1,-1,5,2,-1,0
Unvalidated,2024991460613,2024,991460613,2,21,0,18,5,1,0,0,0,0,0,0,1,1,1,1,47,8,-1,-1,-1,-1,3,2,-1,0
Unvalidated,2024991460613,2024,991460613,3,9,0,18,5,1,0,0,1,0,1,0,1,1,5,2,49,8,-1,-1,-1,-1,2,1,-1,0
Unvalidated,2024991460613,2024,991460613,4,9,0,18,1,5,0,0,0,0,0,0,1,1,2,1,66,10,-1,-1,-1,-1,4,3,-1,0
Unvalidated,2024991460632,2024,991460632,1,9,0,3,5,1,5,1,0,0,0,0,1,1,1,1,23,5,-1,-1,-1,-1,7,1,-1,0
Unvalidated,2024991460632,2024,991460632,2,1,0,3,7,3,9,1,0,0,0,0,3,1,2,1,55,8,-1,-1,-1,-1,7,1,-1,0
Unvalidated,2024991460640,2024,991460640,1,5,0,17,5,2,0,2,5,0,7,0,4,1,5,2,59,9,-1,-1,-1,-1,-1,-1,-1,0
Unvalidated,2024991460640,2024,991460640,2,10,0,16,2,5,0,1,0,0,0,0,4,1,3,1,64,9,-1,-1,-1,-1,-1,-1,-1,0
Unvalidated,2024991460652,2024,991460652,1,9,0,5,4,7,0,8,0,0,0,0,3,1,1,2,56,9,-1,-1,-1,-1,5,3,-1,0
Unvalidated,2024991460738,2024,991460738,1,9,0,5,3,1,0,2,0,0,0,0,1,1,5,2,66,10,-1,-1,-1,-1,10,1,-1,0
Unvalidated,2024991460793,2024,991460793,1,9,0,1,7,1,9,6,0,0,0,0,2,1,6,2,30,6,-1,-1,-1,-1,2,1,-1,0
Unvalidated,2024991460893,2024,991460893,1,9,0,18,5,1,0,0,0,0,0,0,1,1,6,2,65,9,-1,-1,-1,-1,5,2,-1,0
Unvalidated,2024991460893,2024,991460893,2,9,0,4,5,1,0,0,0,0,1,2,2,1,6,2,37,7,-1,-1,-1,-1,4,2,-1,0
Unvalidated,2024991460893,2024,991460893,3,9,0,18,1,5,0,0,0,0,0,0,3,1,6,1,31,6,-1,-1,-1,-1,2,2,-1,0
Unvalidated,2024991460970,2024,991460970,1,98,0,18,7,3,0,1,0,0,0,0,1,1,1,1,33,6,-1,-1,-1,-1,1,1,-1,0
Unvalidated,2024991460970,2024,991460970,2,9,0,5,8,4,0,1,0,0,0,0,3,1,6,1,45,7,-1,-1,-1,-1,-1,-1,-1,0
Unvalidated,2024991460987,2024,991460987,1,9,0,6,6,6,6,0,0,0,0,0,1,1,6,1,-1,-1,-1,-1,-1,-1,-1,-1,-1,0
Unvalidated,2024991460987,2024,991460987,2,90,0,18,6,2,0,0,0,0,0,0,1,2,2,1,24,5,-1,-1,-1,-1,9,1,-1,0
Unvalidated,2024991461011,2024,991461011,1,9,0,5,2,8,0,6,0,0,0,0,1,1,5,1,31,6,-1,-1,-1,-1,2,2,-1,0
Unvalidated,2024991461045,2024,991461045,1,21,1,18,5,1,0,2,0,0,0,0,1,1,1,1,51,8,-1,-1,-1,-1,8,2,-1,0
Unvalidated,2024991461059,2024,991461059,1,9,0,14,7,3,0,1,0,0,0,0,1,1,6,2,22,5,-1,-1,-1,-1,9,1,-1,0
Unvalidated,2024991461059,2024,991461059,2,9,0,2,0,0,0,2,0,0,0,0,1,1,6,3,-1,-1,-1,-1,-1,-1,-1,-1,-1,0
Unvalidated,2024991461079,2024,991461079,1,9,0,18,7,3,0,0,0,0,0,0,2,1,5,1,39,7,-1,-1,-1,-1,1,1,-1,0
Unvalidated,2024991461079,2024,991461079,2,21,0,18,7,3,0,0,0,0,0,0,1,1,1,1,22,5,-1,-1,-1,-1,-1,-1,-1,0
Unvalidated,2024991461079,2024,991461079,3,9,0,18,7,3,0,0,0,0,7,0,1,1,5,1,35,6,-1,-1,-1,-1,-1,-1,-1,0
Unvalidated,2024991461081,2024,991461081,1,3,0,5,3,8,0,2,0,0,0,0,4,1,5,2,20,4,-1,-1,-1,-1,1,1,-1,0
Unvalidated,2024991461104,2024,991461104,1,9,0,18,3,7,0,1,0,0,7,0,1,1,6,2,45,7,-1,-1,-1,-1,4,1,-1,0
Unvalidated,2024991461104,2024,991461104,2,9,0,18,5,1,0,1,1,0,0,0,3,1,5,1,37,7,-1,-1,-1,-1,8,1,-1,0
Unvalidated,2024991461109,2024,991461109,1,21,0,18,1,6,0,0,1,0,0,0,1,2,1,1,39,7,-1,-1,-1,-1,-1,-1,-1,0
Unvalidated,2024991461109,2024,991461109,2,20,0,18,6,2,0,0,1,10,0,0,1,1,1,1,32,6,-1,-1,-1,-1,7,3,-1,0
Unvalidated,2024991461156,2024,991461156,1,9,0,18,3,7,0,0,0,0,0,0,1,1,6,2,31,6,-1,-1,-1,-1,3,1,-1,0
Unvalidated,2024991461156,2024,991461156,2,19,4,18,3,7,0,0,0,0,0,0,2,1,1,1,23,5,-1,-1,-1,-1,2,1,-1,0
Unvalidated,2024991461250,2024,991461250,1,9,0,18,3,3,0,1,0,0,0,0,1,2,6,1,33,6,-1,-1,-1,-1,-1,-1,-1,0
Unvalidated,2024991461250,2024,991461250,2,9,0,5,1,1,0,1,0,0,0,0,1,1,1,1,64,9,-1,-1,-1,-1,-1,-1,-1,0
Unvalidated,2024991461271,2024,991461271,1,9,0,15,6,2,0,0,1,0,0,0,1,1,6,1,54,8,-1,-1,-1,-1,-1,-1,-1,0
Unvalidated,2024991461271,2024,991461271,2,9,0,18,2,6,0,0,0,0,1,0,1,1,2,1,59,9,-1,-1,-1,-1,-1,-1,-1,0
Unvalidated,2024991461296,2024,991461296,1,9,0,6,7,7,2,1,0,0,0,0,4,1,2,1,29,6,-1,-1,-1,-1,1,1,-1,0
Unvalidated,2024991461296,2024,991461296,2,4,0,18,7,3,0,1,0,0,0,0,4,1,5,1,58,9,-1,-1,-1,-1,7,1,-1,0
Unvalidated,2024991461351,2024,991461351,1,11,0,18,1,6,0,1,0,4,7,2,1,2,1,1,61,9,-1,-1,-1,-1,9,1,-1,0
Unvalidated,2024991461351,2024,991461351,2,9,0,2,5,5,0,2,0,0,1,0,3,1,6,3,-1,-1,-1,-1,-1,-1,-1,-1,-1,0
Unvalidated,2024991461377,2024,991461377,1,9,0,5,5,1,0,1,0,4,7,10,1,1,5,1,82,11,-1,-1,-1,-1,-1,-1,-1,0
Unvalidated,2024991461377,2024,991461377,2,9,0,2,0,0,0,2,0,0,7,0,2,1,6,3,-1,-1,-1,-1,-1,-1,-1,-1,-1,0
Unvalidated,2024991461385,2024,991461385,1,9,0,18,2,6,0,0,0,0,0,0,1,1,6,1,77,11,-1,-1,-1,-1,1,1,-1,0
Unvalidated,2024991461385,2024,991461385,2,22,0,18,4,8,0,0,0,0,0,0,3,1,5,2,58,9,-1,-1,-1,-1,6,1,-1,0
Unvalidated,2024991461411,2024,991461411,1,1,0,18,5,3,0,6,5,0,0,0,1,1,5,1,49,8,-1,-1,-1,-1,3,1,-1,0
Unvalidated,2024991461411,2024,991461411,2,20,0,18,3,7,0,8,0,0,0,0,4,1,1,1,37,7,-1,-1,-1,-1,1,1,-1,0
Unvalidated,2024991461434,2024,991461434,1,5,0,18,4,8,0,0,5,0,1,9,1,1,5,1,25,5,-1,-1,-1,-1,2,1,E01013187,0
Unvalidated,2024991461444,2024,991461444,1,5,0,18,2,7,0,1,1,0,0,0,4,1,5,2,32,6,-1,-1,-1,-1,9,3,-1,0
Unvalidated,2024991461449,2024,991461449,1,9,0,18,7,2,0,0,1,0,1,4,3,1,5,1,49,8,-1,-1,-1,-1,1,1,-1,0
Unvalidated,2024991461452,2024,991461452,1,9,0,3,6,2,0,0,0,0,0,0,2,1,5,2,32,6,-1,-1,-1,-1,3,1,-1,0
Unvalidated,2024991461452,2024,991461452,2,9,0,4,6,2,0,0,0,0,0,0,2,1,5,2,44,7,-1,-1,-1,-1,4,1,-1,0
Unvalidated,2024991461452,2024,991461452,3,9,0,4,6,2,0,0,0,0,0,0,1,1,5,2,28,6,-1,-1,-1,-1,4,1,-1,0
Unvalidated,2024991461485,2024,991461485,1,9,0,18,2,6,0,0,0,11,0,0,1,1,5,1,60,9,-1,-1,-1,-1,10,1,E01032859,0
Unvalidated,2024991461501,2024,991461501,1,21,0,5,1,5,0,6,0,0,0,0,4,1,1,1,32,6,-1,-1,-1,-1,5,1,-1,0
Unvalidated,2024991461501,2024,991461501,2,9,0,18,3,7,0,6,0,0,0,0,1,1,6,2,64,9,-1,-1,-1,-1,7,3,-1,0
Unvalidated,2024991461524,2024,991461524,1,9,0,18,8,4,0,2,0,0,0,0,4,1,6,2,19,4,-1,-1,-1,-1,2,1,-1,0
Unvalidated,2024991461533,2024,991461533,1,9,0,18,1,5,0,0,0,0,0,0,3,1,5,1,79,11,-1,-1,-1,-1,-1,-1,-1,0
Unvalidated,2024991461533,2024,991461533,2,1,0,9,5,1,0,0,0,0,0,0,1,1,6,1,61,9,-1,-1,-1,-1,-1,-1,-1,0
Unvalidated,2024991461637,2024,991461637,1,9,0,7,6,8,0,1,0,0,0,0,2,1,5,2,29,6,-1,-1,-1,-1,-1,1,-1,0
Unvalidated,2024991461637,2024,991461637,2,9,0,18,6,2,0,1,0,0,0,0,1,1,5,1,19,4,-1,-1,-1,-1,2,1,-1,0
Unvalidated,2024991461709,2024,991461709,1,5,0,18,8,4,0,0,0,0,0,0,0,1,5,1,50,8,-1,-1,-1,-1,4,3,-1,0
Unvalidated,2024991461752,2024,991461752,1,19,0,11,4,1,0,0,0,0,0,0,1,1,5,1,40,7,-1,-1,-1,-1,1,1,-1,0
Unvalidated,2024991461752,2024,991461752,2,23,0,18,1,5,0,0,0,0,0,0,1,1,1,1,19,4,-1,-1,-1,-1,-1,-1,-1,0
Unvalidated,2024991461785,2024,991461785,1,19,0,18,1,5,0,4,0,0,0,0,2,1,6,3,18,4,-1,-1,-1,-1,-1,-1,-1,0
Unvalidated,2024991461785,2024,991461785,2,19,0,18,1,4,0,4,0,0,0,0,1,1,1,2,32,6,-1,-1,-1,-1,-1,-1,-1,0
Unvalidated,2024991461853,2024,991461853,1,9,0,18,1,5,0,0,0,0,1,0,4,1,5,1,86,11,-1,-1,-1,-1,-1,-1,-1,0
Unvalidated,2024991461884,2024,991461884,1,9,0,18,5,1,0,1,0,0,0,0,1,1,5,1,69,10,-1,-1,-1,-1,9,3,-1,0
Unvalidated,2024991461884,2024,991461884,2,9,0,10,5,1,0,1,0,0,0,0,2,1,1,1,73,10,-1,-1,-1,-1,8,3,-1,0
Unvalidated,2024991461894,2024,991461894,1,9,0,18,4,8,0,0,0,0,8,0,1,1,1,2,19,4,-1,-1,-1,-1,5,3,-1,0
Unvalidated,2024991461901,2024,991461901,1,1,0,9,7,4,0,0,0,0,0,0,3,1,6,1,27,6,-1,-1,-1,-1,8,1,-1,0
Unvalidated,2024991461901,2024,991461901,2,9,0,13,7,3,0,0,0,0,0,0,4,1,1,1,62,9,-1,-1,-1,-1,9,3,-1,0
Unvalidated,2024991461905,2024,991461905,1,9,0,18,7,4,0,0,2,0,1,11,1,1,5,2,19,4,-1,-1,-1,-1,4,3,-1,0
Unvalidated,2024991461953,2024,991461953,1,9,0,18,4,7,0,0,0,0,0,0,1,1,5,1,49,8,-1,-1,-1,-1,6,1,-1,0
Unvalidated,2024991461953,2024,991461953,2,9,0,18,7,3,0,0,0,0,0,0,1,1,6,2,36,7,-1,-1,-1,-1,8,2,-1,0
Unvalidated,2024991461964,2024,991461964,1,9,0,16,7,3,0,0,0,0,7,11,1,1,6,1,26,6,-1,-1,-1,-1,-1,-1,-1,0
Unvalidated,2024991461969,2024,991461969,1,9,0,18,3,7,0,0,0,0,1,0,1,1,5,1,47,8,-1,-1,-1,-1,1,1,-1,0
Unvalidated,2024991461969,2024,991461969,2,9,0,18,8,3,0,0,0,0,0,0,1,1,5,2,47,8,-1,-1,-1,-1,10,1,-1,0
Unvalidated,2024991461996,2024,991461996,1,97,0,18,3,6,0,0,0,0,0,0,1,1,5,1,38,7,-1,-1,-1,-1,1,1,E01007048,0
Unvalidated,2024991461996,2024,991461996,2,9,0,4,3,6,0,0,0,0,0,0,2,1,5,1,40,7,-1,-1,-1,-1,-1,-1,-1,0
Unvalidated,2024991462011,2024,991462011,1,8,0,18,8,4,0,0,0,0,0,0,1,1,1,1,37,7,-1,-1,-1,-1,1,1,-1,0
Unvalidated,2024991462024,2024,991462024,1,5,0,16,1,4,0,0,2,0,0,0,1,1,5,1,42,7,-1,-1,-1,-1,-1,-1,-1,0
Unvalidated,2024991462146,2024,991462146,1,21,1,18,2,6,0,0,0,0,0,0,1,1,1,1,53,8,-1,-1,-1,-1,8,1,-1,0
Unvalidated,2024991462248,2024,991462248,1,9,0,18,7,3,0,0,0,0,0,0,1,1,6,1,63,9,-1,-1,-1,-1,-1,-1,-1,0
Unvalidated,2024991462248,2024,991462248,2,22,0,18,1,5,0,0,0,0,0,0,3,1,5,1,32,6,-1,-1,-1,-1,6,2,E01022258,0
Unvalidated,2024991462329,2024,991462329,1,1,0,7,6,8,9,1,0,0,0,0,4,1,5,1,8,2,-1,-1,-1,-1,1,1,-1,0
Unvalidated,2024991462329,2024,991462329,2,9,0,18,8,4,0,1,0,0,0,0,1,1,5,1,50,8,-1,-1,-1,-1,2,1,-1,0
Unvalidated,2024991462399,2024,991462399,1,9,0,12,3,3,0,1,0,0,0,0,3,1,5,2,34,6,-1,-1,-1,-1,8,1,-1,0
Unvalidated,2024991462399,2024,991462399,2,9,0,18,3,7,0,1,0,0,0,0,1,1,5,2,38,7,-1,-1,-1,-1,8,3,-1,0
Unvalidated,2024991462407,2024,991462407,1,9,0,1,1,5,0,0,0,0,0,0,2,2,1,1,31,6,-1,-1,-1,-1,5,1,-1,0
Unvalidated,2024991462407,2024,991462407,2,21,0,2,0,0,0,0,0,0,0,0,1,2,6,1,64,9,-1,-1,-1,-1,6,3,-1,0
Unvalidated,2024991462471,2024,991462471,1,9,0,7,2,5,0,2,0,0,0,0,3,1,5,2,59,9,-1,-1,-1,-1,-1,-1,-1,0
Unvalidated,2024991462471,2024,991462471,2,19,0,18,8,5,0,1,0,0,1,0,1,1,2,1,49,8,-1,-1,-1,-1,6,3,-1,0
Unvalidated,2024991463297,2024,991463297,1,9,0,13,2,6,0,0,0,0,0,0,1,1,5,1,76,11,-1,-1,-1,-1,3,2,-1,0
Unvalidated,2024991463297,2024,991463297,2,1,0,18,2,6,0,0,0,0,0,0,2,1,5,1,41,7,-1,-1,-1,-1,-1,-1,-1,0
Unvalidated,2024991463485,2024,991463485,1,9,0,16,1,3,1,0,0,0,0,0,2,1,5,1,20,4,-1,-1,-1,-1,3,1,-1,0
Unvalidated,2024991463485,2024,991463485,2,9,0,17,3,1,0,0,0,0,0,0,3,1,5,2,23,5,-1,-1,-1,-1,1,1,-1,0
Unvalidated,2024991463630,2024,991463630,1,9,0,18,7,3,0,4,0,0,0,0,1,1,5,2,61,9,-1,-1,-1,-1,5,2,-1,0
Unvalidated,2024991463630,2024,991463630,2,9,0,3,7,3,0,4,0,0,0,0,2,1,5,2,18,4,-1,-1,-1,-1,2,2,-1,0
Unvalidated,2024991463732,2024,991463732,1,5,0,18,5,1,0,1,0,0,0,0,1,1,5,1,63,9,-1,-1,-1,-1,7,1,-1,0
Unvalidated,2024991463732,2024,991463732,2,9,0,5,7,5,0,8,0,0,7,0,1,1,5,1,53,8,-1,-1,-1,-1,7,3,-1,0
Unvalidated,2024991463793,2024,991463793,1,9,0,17,7,5,0,2,1,0,7,0,1,1,5,2,77,11,-1,-1,-1,-1,4,3,-1,0
Unvalidated,2024991463793,2024,991463793,2,9,0,18,5,1,0,1,0,0,0,0,4,2,6,2,55,8,-1,-1,-1,-1,4,3,-1,0
Unvalidated,2024991463805,2024,991463805,1,5,0,13,7,3,0,0,2,0,0,0,1,1,5,1,29,6,-1,-1,-1,-1,2,1,-1,0
Unvalidated,2024991463805,2024,991463805,2,9,0,9,7,5,0,0,0,0,0,0,2,1,5,2,44,7,-1,-1,-1,-1,7,3,-1,0
Unvalidated,2024991464449,2024,991464449,1,9,0,18,8,4,0,0,1,6,0,0,1,1,5,1,34,6,-1,-1,-1,-1,2,1,-1,0
Unvalidated,2024991465238,2024,991465238,1,5,0,13,2,7,0,1,0,0,0,0,1,1,5,1,38,7,-1,-1,-1,-1,3,1,-1,0
Unvalidated,2024991465238,2024,991465238,2,9,0,9,3,8,0,1,0,0,0,0,3,1,6,1,61,9,-1,-1,-1,-1,-1,-1,-1,0
Unvalidated,2024991465447,2024,991465447,1,9,0,7,7,1,9,1,0,0,0,0,1,1,6,1,56,9,-1,-1,-1,-1,1,1,-1,0
Unvalidated,2024991465556,2024,991465556,1,9,0,18,1,5,0,0,0,0,0,0,3,1,6,1,66,10,-1,-1,-1,-1,-1,-1,-1,0
Unvalidated,2024991465860,2024,991465860,1,9,0,18,6,1,0,0,0,0,0,0,1,1,5,2,28,6,-1,-1,-1,-1,10,1,-1,0
Unvalidated,2024991465860,2024,991465860,2,9,0,18,1,5,0,0,0,0,0,0,1,1,5,1,56,9,-1,-1,-1,-1,7,3,-1,0
Unvalidated,2024991465980,2024,991465980,1,11,0,5,7,3,0,1,0,0,0,0,1,1,1,1,26,6,-1,-1,-1,-1,1,1,-1,0
Unvalidated,2024991466388,2024,991466388,1,9,0,5,7,7,0,1,0,10,1,0,1,1,5,1,61,9,-1,-1,-1,-1,9,1,-1,0
Unvalidated,2024991466662,2024,991466662,1,9,0,14,2,6,0,0,0,4,0,0,4,1,5,2,70,10,-1,-1,-1,-1,6,3,-1,0
Unvalidated,2024991466662,2024,991466662,2,9,0,2,2,6,0,0,0,0,0,0,3,1,5,2,40,7,-1,-1,-1,-1,-1,-1,-1,0
Unvalidated,2024991467491,2024,991467491,1,11,0,18,5,1,0,0,0,0,0,0,1,1,1,1,55,8,-1,-1,-1,-1,2,1,-1,0
Unvalidated,2024991467598,2024,991467598,1,21,0,9,4,1,0,0,0,0,0,0,1,1,1,1,55,8,-1,-1,-1,-1,4,1,-1,0
Unvalidated,2024991467598,2024,991467598,2,9,0,18,7,4,0,0,0,0,0,0,1,1,6,2,42,7,-1,-1,-1,-1,-1,-1,-1,0
Unvalidated,2024991469082,2024,991469082,1,9,0,9,8,5,0,8,0,0,0,0,1,1,6,1,58,9,-1,-1,-1,-1,3,1,-1,0
Unvalidated,2024991470157,2024,991470157,1,19,0,18,3,7,0,4,0,0,0,0,1,1,1,1,46,8,-1,-1,-1,-1,1,1,-1,0
Unvalidated,2024991470157,2024,991470157,2,9,0,18,1,5,0,4,0,0,0,0,4,1,6,2,26,6,-1,-1,-1,-1,-1,-1,-1,0
Unvalidated,2024991470554,2024,991470554,1,9,0,18,1,4,0,3,0,0,3,11,1,1,5,1,49,8,-1,-1,-1,-1,-1,-1,-1,0
Unvalidated,2024991471287,2024,991471287,1,9,0,1,7,5,0,0,0,0,0,0,2,1,6,3,55,8,-1,-1,-1,-1,-1,-1,-1,0
Unvalidated,2024991471659,2024,991471659,1,8,0,18,4,8,0,0,0,0,0,0,1,1,1,1,61,9,-1,-1,-1,-1,1,1,-1,0
Unvalidated,2024991471659,2024,991471659,2,9,0,18,4,8,0,0,0,0,0,0,2,1,6,3,30,6,-1,-1,-1,-1,-1,-1,-1,0
Unvalidated,2024991472211,2024,991472211,1,9,0,18,7,1,0,4,0,0,0,0,1,1,5,2,33,6,-1,-1,-1,-1,8,3,-1,0
Unvalidated,2024991472211,2024,991472211,2,5,0,5,5,1,0,3,0,0,0,0,1,1,5,1,61,9,-1,-1,-1,-1,7,1,-1,0
Unvalidated,2024991472251,2024,991472251,1,9,0,18,8,6,0,2,0,0,0,0,1,1,6,1,17,4,-1,-1,-1,-1,-1,-1,-1,0
Unvalidated,2024991472251,2024,991472251,2,1,0,3,8,4,0,2,0,0,0,0,2,1,6,1,25,5,-1,-1,-1,-1,2,1,-1,0
Unvalidated,2024991473610,2024,991473610,1,19,0,1,5,3,0,1,0,0,0,0,2,1,5,1,33,6,-1,-1,-1,-1,-1,-1,-1,0
Unvalidated,2024991473626,2024,991473626,1,9,0,18,3,8,0,6,0,0,0,0,1,1,5,1,49,8,-1,-1,-1,-1,10,1,-1,0
Unvalidated,2024991473626,2024,991473626,2,9,0,18,2,5,0,1,0,0,7,0,4,1,5,1,65,9,-1,-1,-1,-1,9,1,-1,0
Unvalidated,2024991473704,2024,991473704,1,9,0,9,1,6,0,5,0,0,0,0,3,1,5,2,62,9,-1,-1,-1,-1,10,1,-1,0
Unvalidated,2024991475470,2024,991475470,1,9,0,18,8,4,0,0,0,0,0,0,1,1,6,1,21,5,-1,-1,-1,-1,5,2,-1,0
Unvalidated,2024991475470,2024,991475470,2,9,0,18,4,8,0,0,0,0,0,0,1,1,6,1,45,7,-1,-1,-1,-1,7,1,-1,0
Unvalidated,2024991476187,2024,991476187,1,9,0,18,5,8,0,0,0,0,0,0,1,2,5,1,71,10,-1,-1,-1,-1,-1,-1,-1,0
Unvalidated,2024991476187,2024,991476187,2,9,0,18,8,5,0,0,0,0,0,0,1,1,5,1,38,7,-1,-1,-1,-1,3,1,-1,0
Unvalidated,2024991476630,2024,991476630,1,9,0,1,1,5,0,1,0,0,0,0,2,2,5,1,44,7,-1,-1,-1,-1,4,1,-1,0
Unvalidated,2024991477727,2024,991477727,1,9,0,9,1,7,0,2,0,0,0,0,3,1,5,2,42,7,-1,-1,-1,-1,6,1,-1,0
Unvalidated,2024991477727,2024,991477727,2,9,0,18,7,3,0,1,0,0,0,0,4,1,6,1,27,6,-1,-1,-1,-1,3,3,-1,0
Unvalidated,2024991478014,2024,991478014,1,1,0,7,2,4,0,5,0,0,0,0,1,1,2,2,57,9,-1,-1,-1,-1,10,1,-1,0
Unvalidated,2024991478014,2024,991478014,2,9,0,9,7,4,0,5,0,0,0,0,1,1,5,1,81,11,-1,-1,-1,-1,8,3,-1,0
Unvalidated,2024991478565,2024,991478565,1,9,0,18,7,3,0,0,0,0,0,0,1,1,1,1,22,5,-1,-1,-1,-1,-1,-1,-1,0
Unvalidated,2024991478565,2024,991478565,2,11,0,18,3,7,0,0,0,0,0,0,1,1,6,3,49,8,-1,-1,-1,-1,7,1,-1,0
Unvalidated,2024991478565,2024,991478565,3,9,0,2,0,0,0,0,0,0,0,0,1,1,6,3,-1,-1,-1,-1,-1,-1,-1,-1,-1,0
Unvalidated,2024991479051,2024,991479051,1,9,0,13,8,4,0,0,2,11,0,0,4,2,6,1,22,5,-1,-1,-1,-1,1,1,-1,0
Unvalidated,2024991479051,2024,991479051,2,9,0,18,4,8,0,0,0,0,0,0,3,2,6,2,21,5,-1,-1,-1,-1,2,1,-1,0
Unvalidated,2024991479051,2024,991479051,3,9,0,18,8,4,0,0,0,0,0,0,3,2,6,2,52,8,-1,-1,-1,-1,5,2,-1,0
Unvalidated,2024991479878,2024,991479878,1,9,0,18,1,5,0,0,2,0,7,0,3,1,5,2,21,5,-1,-1,-1,-1,4,1,-1,0
Unvalidated,2024991480359,2024,991480359,1,1,0,18,3,7,0,0,0,0,0,0,2,1,5,1,15,3,-1,-1,-1,-1,5,1,-1,0
Unvalidated,2024991480359,2024,991480359,2,9,0,18,2,7,0,0,0,0,0,0,1,1,5,2,20,4,-1,-1,-1,-1,4,1,-1,0
Unvalidated,2024991481501,2024,991481501,1,9,0,18,6,2,0,0,0,0,0,0,1,1,2,2,46,8,-1,-1,-1,-1,8,3,-1,0
Unvalidated,2024991483156,2024,991483156,1,9,0,14,8,3,0,0,0,4,0,0,1,1,5,1,88,11,-1,-1,-1,-1,6,3,-1,0
Unvalidated,2024991483156,2024,991483156,2,98,0,2,0,0,0,0,0,0,0,0,3,1,6,3,-1,-1,-1,-1,-1,-1,-1,-1,-1,0
Unvalidated,2024991483156,2024,991483156,3,9,0,4,4,7,0,0,1,0,0,0,3,1,5,1,51,8,-1,-1,-1,-1,8,3,-1,0
Unvalidated,2024991483156,2024,991483156,4,9,0,2,0,0,0,0,0,0,0,0,3,1,6,3,-1,-1,-1,-1,-1,-1,-1,-1,-1,0
Unvalidated,2024991483209,2024,991483209,1,9,0,18,4,2,0,0,1,0,7,0,1,1,2,1,39,7,-1,-1,-1,-1,3,1,-1,0
Unvalidated,2024991483209,2024,991483209,2,9,3,18,8,4,0,0,0,0,0,0,1,1,5,1,32,6,-1,-1,-1,-1,6,3,-1,0
Unvalidated,2024991484444,2024,991484444,1,5,0,18,8,4,4,8,0,0,0,0,1,1,2,1,25,5,-1,-1,-1,-1,8,1,-1,0
Unvalidated,2024991484444,2024,991484444,2,9,0,9,5,2,0,8,0,0,0,0,4,1,5,1,57,9,-1,-1,-1,-1,10,1,E01006237,0
Unvalidated,2024991484987,2024,991484987,1,5,0,18,6,2,0,0,1,0,7,0,1,1,5,1,33,6,-1,-1,-1,-1,-1,-1,-1,0
Unvalidated,2024991484987,2024,991484987,2,9,0,18,2,6,0,0,0,0,0,0,1,1,1,1,46,8,-1,-1,-1,-1,-1,-1,-1,0
Unvalidated,2024991485612,2024,991485612,1,11,0,18,2,6,0,0,0,0,0,0,4,1,1,1,31,6,-1,-1,-1,-1,-1,-1,-1,0
Unvalidated,2024991486246,2024,991486246,1,9,0,4,7,3,0,1,0,0,0,0,1,1,6,2,38,7,-1,-1,-1,-1,2,1,-1,0
Unvalidated,2024991486246,2024,991486246,2,9,0,18,7,3,0,1,0,0,0,0,2,1,6,2,58,9,-1,-1,-1,-1,-1,-1,-1,0
Unvalidated,2024991487407,2024,991487407,1,9,0,18,3,7,0,8,0,0,0,0,1,1,5,1,47,8,-1,-1,-1,-1,4,2,-1,0
Unvalidated,2024991487407,2024,991487407,2,9,0,9,7,3,0,8,0,0,0,0,4,1,5,1,41,7,-1,-1,-1,-1,3,1,-1,0
Unvalidated,2024991487574,2024,991487574,1,19,0,18,8,8,9,0,0,0,1,0,1,1,6,1,60,9,-1,-1,-1,-1,9,1,-1,0
Unvalidated,2024991487904,2024,991487904,1,9,0,9,8,6,0,8,0,0,0,0,1,1,1,1,46,8,-1,-1,-1,-1,5,1,-1,0
Unvalidated,2024991487904,2024,991487904,2,1,0,18,4,8,0,8,0,0,0,0,1,1,5,1,62,9,-1,-1,-1,-1,1,1,-1,0
Unvalidated,2024991490241,2024,991490241,1,9,0,18,5,1,0,0,0,0,0,0,1,1,5,2,38,7,-1,-1,-1,-1,-1,-1,-1,0
Unvalidated,2024991491810,2024,991491810,1,90,0,18,1,5,0,0,0,0,0,0,1,2,5,1,68,10,-1,-1,-1,-1,-1,-1,-1,0
Unvalidated,2024991491810,2024,991491810,2,9,0,18,5,1,0,0,0,0,0,0,1,1,5,2,41,7,-1,-1,-1,-1,6,3,-1,0
Unvalidated,2024991496092,2024,991496092,1,9,0,18,7,4,9,0,0,7,3,0,1,1,6,1,35,6,-1,-1,-1,-1,-1,-1,-1,0
Unvalidated,2024991497015,2024,991497015,1,9,0,18,6,2,0,1,0,0,0,0,1,1,6,2,37,7,-1,-1,-1,-1,-1,-1,-1,0
Unvalidated,2024991498644,2024,991498644,1,9,0,5,5,3,0,2,0,0,0,0,1,1,6,1,17,4,-1,-1,-1,-1,9,2,-1,0
Unvalidated,2024991498644,2024,991498644,2,1,0,18,7,8,0,1,0,0,0,0,1,1,5,1,25,5,-1,-1,-1,-1,2,1,-1,0
Unvalidated,2024991504905,2024,991504905,1,9,0,18,1,4,0,1,5,0,3,4,1,1,6,1,74,10,-1,-1,-1,-1,9,2,-1,0
Unvalidated,2024991506127,2024,991506127,1,9,4,18,5,1,0,0,4,10,6,6,1,1,5,1,19,4,-1,-1,-1,-1,3,3,-1,0